{"MessageId":"4c99ef1d-7258-4cc0-8fc5-b0bf4595349e","MessageType":"ua-data","PublisherId":"DESKTOP-BGFJS91","DataSetWriterGroup":"<<UnknownWriterGroup>>","Messages":[{"DataSetWriterId":19,"SequenceNumber":1,"MetaDataVersion":{"MajorVersion":1},"Timestamp":"2024-04-27T10:49:21.0179754Z","MessageType":"ua-deltaframe","DataSetWriterName":"Packaging","Payload":{"nsu=http://opcfoundation.org/UA/Plc/Applications;s=SlowRandomUIntScalar2":{"Value":114882554,"SourceTimestamp":"2024-04-27T10:49:19.2196641Z","ServerTimestamp":"2024-04-27T10:49:19.2196652Z"}}}]}