{"MessageId":"26028ba2-779b-47a4-ad24-650bb7e34e8b","MessageType":"ua-data","PublisherId":"DESKTOP-BGFJS91","DataSetWriterGroup":"<<UnknownWriterGroup>>","Messages":[{"DataSetWriterId":19,"SequenceNumber":10,"MetaDataVersion":{"MajorVersion":1},"Timestamp":"2024-04-27T10:50:51.0241025Z","MessageType":"ua-deltaframe","DataSetWriterName":"Packaging","Payload":{"nsu=http://opcfoundation.org/UA/Plc/Applications;s=SlowRandomUIntScalar2":{"Value":2893082194,"SourceTimestamp":"2024-04-27T10:50:49.2211177Z","ServerTimestamp":"2024-04-27T10:50:49.2211185Z"}}}]}