{"MessageId":"f35d5adf-fe68-4a8d-a37c-edec79313271","MessageType":"ua-data","PublisherId":"DESKTOP-BGFJS91","DataSetWriterGroup":"<<UnknownWriterGroup>>","Messages":[{"DataSetWriterId":19,"SequenceNumber":11,"MetaDataVersion":{"MajorVersion":1},"Timestamp":"2024-04-27T10:51:00.9880638Z","MessageType":"ua-deltaframe","DataSetWriterName":"Packaging","Payload":{"nsu=http://opcfoundation.org/UA/Plc/Applications;s=SlowRandomUIntScalar2":{"Value":2582158443,"SourceTimestamp":"2024-04-27T10:50:59.2200866Z","ServerTimestamp":"2024-04-27T10:50:59.2200882Z"}}}]}