{"MessageId":"0d11209b-9521-4dc8-90b7-966deabba4a4","MessageType":"ua-data","PublisherId":"DESKTOP-BGFJS91","DataSetWriterGroup":"<<UnknownWriterGroup>>","Messages":[{"DataSetWriterId":19,"SequenceNumber":2,"MetaDataVersion":{"MajorVersion":1},"Timestamp":"2024-04-27T10:49:30.975362Z","MessageType":"ua-deltaframe","DataSetWriterName":"Packaging","Payload":{"nsu=http://opcfoundation.org/UA/Plc/Applications;s=SlowRandomUIntScalar2":{"Value":1899177861,"SourceTimestamp":"2024-04-27T10:49:29.226286Z","ServerTimestamp":"2024-04-27T10:49:29.2262878Z"}}}]}