{"MessageId":"03f3a215-57ae-4819-80bd-d3a4484514bd","MessageType":"ua-data","PublisherId":"DESKTOP-BGFJS91","DataSetWriterGroup":"<<UnknownWriterGroup>>","Messages":[{"DataSetWriterId":19,"SequenceNumber":5,"MetaDataVersion":{"MajorVersion":1},"Timestamp":"2024-04-27T10:50:00.9741272Z","MessageType":"ua-deltaframe","DataSetWriterName":"Packaging","Payload":{"nsu=http://opcfoundation.org/UA/Plc/Applications;s=SlowRandomUIntScalar2":{"Value":489941977,"SourceTimestamp":"2024-04-27T10:49:59.2164598Z","ServerTimestamp":"2024-04-27T10:49:59.216461Z"}}}]}