{"MessageId":"000b3708-5a68-41d9-b674-f368a7ab32d6","MessageType":"ua-data","PublisherId":"DESKTOP-BGFJS91","DataSetWriterGroup":"<<UnknownWriterGroup>>","Messages":[{"DataSetWriterId":19,"SequenceNumber":6,"MetaDataVersion":{"MajorVersion":1},"Timestamp":"2024-04-27T10:50:10.98121Z","MessageType":"ua-deltaframe","DataSetWriterName":"Packaging","Payload":{"nsu=http://opcfoundation.org/UA/Plc/Applications;s=SlowRandomUIntScalar2":{"Value":2092593522,"SourceTimestamp":"2024-04-27T10:50:09.2200952Z","ServerTimestamp":"2024-04-27T10:50:09.2200973Z"}}}]}