{"MessageId":"3dfecdf9-e844-49bf-86c3-bc31fdc25406","MessageType":"ua-data","PublisherId":"DESKTOP-BGFJS91","DataSetWriterGroup":"<<UnknownWriterGroup>>","Messages":[{"DataSetWriterId":19,"SequenceNumber":8,"MetaDataVersion":{"MajorVersion":1},"Timestamp":"2024-04-27T10:50:30.9979782Z","MessageType":"ua-deltaframe","DataSetWriterName":"Packaging","Payload":{"nsu=http://opcfoundation.org/UA/Plc/Applications;s=SlowRandomUIntScalar2":{"Value":651928044,"SourceTimestamp":"2024-04-27T10:50:29.2300548Z","ServerTimestamp":"2024-04-27T10:50:29.2300677Z"}}}]}