[{"CurrentTime":"2024-04-28T10:19:54.7193051Z","AlternatingBoolean":true,"RandomSignedInt32":-384279989,"RandomUnsignedInt32":831768238,"DipData":-77.0513242775789,"FastUIntScalar1":60,"FastUIntScalar2":60,"FastUIntScalar3":60,"FastRandomUIntScalar1":2017038133,"FastRandomUIntScalar2":2132271741,"FastRandomUIntScalar3":1823412815,"NegativeTrendData":99.700000000000003,"PositiveTrendData":101.09999999999999,"SlowUIntScalar1":6,"SlowUIntScalar2":6,"SlowUIntScalar3":6,"BadSlowUIntScalar1":6,"SlowRandomUIntScalar1":838535229,"SlowRandomUIntScalar2":1983419588,"SlowRandomUIntScalar3":1322706755,"BadSlowRandomUIntScalar1":3507546457,"SpikeData":-77.0513242775789}]