[{"i=2258":"2024-04-28T10:03:02.9343463Z","nsu=http://opcfoundation.org/UA/Plc/Applications;s=StepUp":112,"nsu=http://opcfoundation.org/UA/Plc/Applications;s=AlternatingBoolean":true,"nsu=http://opcfoundation.org/UA/Plc/Applications;s=RandomSignedInt32":-1069208405,"nsu=http://opcfoundation.org/UA/Plc/Applications;s=RandomUnsignedInt32":1833554332,"nsu=http://opcfoundation.org/UA/Plc/Applications;s=DipData":-98.228725072868855,"nsu=http://opcfoundation.org/UA/Plc/Applications;s=FastUIntScalar1":11,"nsu=http://opcfoundation.org/UA/Plc/Applications;s=FastUIntScalar2":11,"nsu=http://opcfoundation.org/UA/Plc/Applications;s=FastUIntScalar3":11,"nsu=http://opcfoundation.org/UA/Plc/Applications;s=FastRandomUIntScalar1":3390168823,"nsu=http://opcfoundation.org/UA/Plc/Applications;s=FastRandomUIntScalar2":2135134533,"nsu=http://opcfoundation.org/UA/Plc/Applications;s=FastRandomUIntScalar3":2158051011,"nsu=http://opcfoundation.org/UA/Plc/Applications;s=NegativeTrendData":100,"nsu=http://opcfoundation.org/UA/Plc/Applications;s=PositiveTrendData":100,"nsu=http://opcfoundation.org/UA/Plc/Applications;s=SlowUIntScalar1":1,"nsu=http://opcfoundation.org/UA/Plc/Applications;s=SlowUIntScalar2":1,"nsu=http://opcfoundation.org/UA/Plc/Applications;s=SlowUIntScalar3":1,"nsu=http://opcfoundation.org/UA/Plc/Applications;s=BadSlowUIntScalar1":1,"nsu=http://opcfoundation.org/UA/Plc/Applications;s=SlowRandomUIntScalar1":303780737,"nsu=http://opcfoundation.org/UA/Plc/Applications;s=SlowRandomUIntScalar2":3693320309,"nsu=http://opcfoundation.org/UA/Plc/Applications;s=SlowRandomUIntScalar3":1956683729,"nsu=http://opcfoundation.org/UA/Plc/Applications;s=BadSlowRandomUIntScalar1":3965430550,"nsu=http://opcfoundation.org/UA/Plc/Applications;s=SpikeData":-98.228725072868855,"ns=23;i=1259":0.099100000000000008}]