[{"i=2258":"2024-04-28T10:04:37.9320453Z","nsu=http://opcfoundation.org/UA/Plc/Applications;s=StepUp":1062,"nsu=http://opcfoundation.org/UA/Plc/Applications;s=AlternatingBoolean":false,"nsu=http://opcfoundation.org/UA/Plc/Applications;s=RandomSignedInt32":-810527317,"nsu=http://opcfoundation.org/UA/Plc/Applications;s=RandomUnsignedInt32":2001074574,"nsu=http://opcfoundation.org/UA/Plc/Applications;s=DipData":-98.228725072868855,"nsu=http://opcfoundation.org/UA/Plc/Applications;s=FastUIntScalar1":106,"nsu=http://opcfoundation.org/UA/Plc/Applications;s=FastUIntScalar2":106,"nsu=http://opcfoundation.org/UA/Plc/Applications;s=FastUIntScalar3":106,"nsu=http://opcfoundation.org/UA/Plc/Applications;s=FastRandomUIntScalar1":880630674,"nsu=http://opcfoundation.org/UA/Plc/Applications;s=FastRandomUIntScalar2":3137608983,"nsu=http://opcfoundation.org/UA/Plc/Applications;s=FastRandomUIntScalar3":1925211946,"nsu=http://opcfoundation.org/UA/Plc/Applications;s=NegativeTrendData":98.700000000000003,"nsu=http://opcfoundation.org/UA/Plc/Applications;s=PositiveTrendData":101.7,"nsu=http://opcfoundation.org/UA/Plc/Applications;s=SlowUIntScalar1":10,"nsu=http://opcfoundation.org/UA/Plc/Applications;s=SlowUIntScalar2":10,"nsu=http://opcfoundation.org/UA/Plc/Applications;s=SlowUIntScalar3":10,"nsu=http://opcfoundation.org/UA/Plc/Applications;s=BadSlowUIntScalar1":null,"nsu=http://opcfoundation.org/UA/Plc/Applications;s=SlowRandomUIntScalar1":1658822899,"nsu=http://opcfoundation.org/UA/Plc/Applications;s=SlowRandomUIntScalar2":1243302482,"nsu=http://opcfoundation.org/UA/Plc/Applications;s=SlowRandomUIntScalar3":1153269284,"nsu=http://opcfoundation.org/UA/Plc/Applications;s=BadSlowRandomUIntScalar1":null,"nsu=http://opcfoundation.org/UA/Plc/Applications;s=SpikeData":-98.228725072868855,"ns=23;i=1259":-0.77400000000000002}]