[{"i=2258":"2024-04-28T10:04:46.9385782Z","nsu=http://opcfoundation.org/UA/Plc/Applications;s=StepUp":1152,"nsu=http://opcfoundation.org/UA/Plc/Applications;s=AlternatingBoolean":false,"nsu=http://opcfoundation.org/UA/Plc/Applications;s=RandomSignedInt32":-34754132,"nsu=http://opcfoundation.org/UA/Plc/Applications;s=RandomUnsignedInt32":1042962600,"nsu=http://opcfoundation.org/UA/Plc/Applications;s=DipData":-12.533323356430378,"nsu=http://opcfoundation.org/UA/Plc/Applications;s=FastUIntScalar1":115,"nsu=http://opcfoundation.org/UA/Plc/Applications;s=FastUIntScalar2":115,"nsu=http://opcfoundation.org/UA/Plc/Applications;s=FastUIntScalar3":115,"nsu=http://opcfoundation.org/UA/Plc/Applications;s=FastRandomUIntScalar1":595433550,"nsu=http://opcfoundation.org/UA/Plc/Applications;s=FastRandomUIntScalar2":1734606475,"nsu=http://opcfoundation.org/UA/Plc/Applications;s=FastRandomUIntScalar3":574104253,"nsu=http://opcfoundation.org/UA/Plc/Applications;s=NegativeTrendData":98.5,"nsu=http://opcfoundation.org/UA/Plc/Applications;s=PositiveTrendData":101.90000000000001,"nsu=http://opcfoundation.org/UA/Plc/Applications;s=SlowUIntScalar1":11,"nsu=http://opcfoundation.org/UA/Plc/Applications;s=SlowUIntScalar2":11,"nsu=http://opcfoundation.org/UA/Plc/Applications;s=SlowUIntScalar3":11,"nsu=http://opcfoundation.org/UA/Plc/Applications;s=BadSlowUIntScalar1":1,"nsu=http://opcfoundation.org/UA/Plc/Applications;s=SlowRandomUIntScalar1":4206780290,"nsu=http://opcfoundation.org/UA/Plc/Applications;s=SlowRandomUIntScalar2":981866702,"nsu=http://opcfoundation.org/UA/Plc/Applications;s=SlowRandomUIntScalar3":4212912088,"nsu=http://opcfoundation.org/UA/Plc/Applications;s=BadSlowRandomUIntScalar1":3480361772,"nsu=http://opcfoundation.org/UA/Plc/Applications;s=SpikeData":-12.533323356430378,"ns=23;i=1259":0.94100000000000006}]