[{"i=2258":"2024-04-28T10:04:47.9442526Z","nsu=http://opcfoundation.org/UA/Plc/Applications;s=StepUp":1162,"nsu=http://opcfoundation.org/UA/Plc/Applications;s=AlternatingBoolean":false,"nsu=http://opcfoundation.org/UA/Plc/Applications;s=RandomSignedInt32":-1287703293,"nsu=http://opcfoundation.org/UA/Plc/Applications;s=RandomUnsignedInt32":1252127265,"nsu=http://opcfoundation.org/UA/Plc/Applications;s=DipData":-98.228725072868855,"nsu=http://opcfoundation.org/UA/Plc/Applications;s=FastUIntScalar1":116,"nsu=http://opcfoundation.org/UA/Plc/Applications;s=FastUIntScalar2":116,"nsu=http://opcfoundation.org/UA/Plc/Applications;s=FastUIntScalar3":116,"nsu=http://opcfoundation.org/UA/Plc/Applications;s=FastRandomUIntScalar1":2075055094,"nsu=http://opcfoundation.org/UA/Plc/Applications;s=FastRandomUIntScalar2":1893059102,"nsu=http://opcfoundation.org/UA/Plc/Applications;s=FastRandomUIntScalar3":1563113760,"nsu=http://opcfoundation.org/UA/Plc/Applications;s=NegativeTrendData":98.5,"nsu=http://opcfoundation.org/UA/Plc/Applications;s=PositiveTrendData":101.90000000000001,"nsu=http://opcfoundation.org/UA/Plc/Applications;s=SlowUIntScalar1":11,"nsu=http://opcfoundation.org/UA/Plc/Applications;s=SlowUIntScalar2":11,"nsu=http://opcfoundation.org/UA/Plc/Applications;s=SlowUIntScalar3":11,"nsu=http://opcfoundation.org/UA/Plc/Applications;s=BadSlowUIntScalar1":1,"nsu=http://opcfoundation.org/UA/Plc/Applications;s=SlowRandomUIntScalar1":4206780290,"nsu=http://opcfoundation.org/UA/Plc/Applications;s=SlowRandomUIntScalar2":981866702,"nsu=http://opcfoundation.org/UA/Plc/Applications;s=SlowRandomUIntScalar3":4212912088,"nsu=http://opcfoundation.org/UA/Plc/Applications;s=BadSlowRandomUIntScalar1":3480361772,"nsu=http://opcfoundation.org/UA/Plc/Applications;s=SpikeData":-98.228725072868855,"ns=23;i=1259":-0}]