[{"i=2258":"2024-04-28T10:04:50.943756Z","nsu=http://opcfoundation.org/UA/Plc/Applications;s=StepUp":1192,"nsu=http://opcfoundation.org/UA/Plc/Applications;s=AlternatingBoolean":false,"nsu=http://opcfoundation.org/UA/Plc/Applications;s=RandomSignedInt32":1309315590,"nsu=http://opcfoundation.org/UA/Plc/Applications;s=RandomUnsignedInt32":1100943487,"nsu=http://opcfoundation.org/UA/Plc/Applications;s=DipData":90.482705246601952,"nsu=http://opcfoundation.org/UA/Plc/Applications;s=FastUIntScalar1":119,"nsu=http://opcfoundation.org/UA/Plc/Applications;s=FastUIntScalar2":119,"nsu=http://opcfoundation.org/UA/Plc/Applications;s=FastUIntScalar3":119,"nsu=http://opcfoundation.org/UA/Plc/Applications;s=FastRandomUIntScalar1":1878684551,"nsu=http://opcfoundation.org/UA/Plc/Applications;s=FastRandomUIntScalar2":1877507592,"nsu=http://opcfoundation.org/UA/Plc/Applications;s=FastRandomUIntScalar3":463308705,"nsu=http://opcfoundation.org/UA/Plc/Applications;s=NegativeTrendData":98.5,"nsu=http://opcfoundation.org/UA/Plc/Applications;s=PositiveTrendData":101.90000000000001,"nsu=http://opcfoundation.org/UA/Plc/Applications;s=SlowUIntScalar1":11,"nsu=http://opcfoundation.org/UA/Plc/Applications;s=SlowUIntScalar2":11,"nsu=http://opcfoundation.org/UA/Plc/Applications;s=SlowUIntScalar3":11,"nsu=http://opcfoundation.org/UA/Plc/Applications;s=BadSlowUIntScalar1":1,"nsu=http://opcfoundation.org/UA/Plc/Applications;s=SlowRandomUIntScalar1":4206780290,"nsu=http://opcfoundation.org/UA/Plc/Applications;s=SlowRandomUIntScalar2":981866702,"nsu=http://opcfoundation.org/UA/Plc/Applications;s=SlowRandomUIntScalar3":4212912088,"nsu=http://opcfoundation.org/UA/Plc/Applications;s=BadSlowRandomUIntScalar1":3480361772,"nsu=http://opcfoundation.org/UA/Plc/Applications;s=SpikeData":90.482705246601952,"ns=23;i=1259":-1.3}]