[{"i=2258":"2024-04-28T10:03:08.9439965Z","nsu=http://opcfoundation.org/UA/Plc/Applications;s=StepUp":172,"nsu=http://opcfoundation.org/UA/Plc/Applications;s=AlternatingBoolean":false,"nsu=http://opcfoundation.org/UA/Plc/Applications;s=RandomSignedInt32":926936357,"nsu=http://opcfoundation.org/UA/Plc/Applications;s=RandomUnsignedInt32":222823686,"nsu=http://opcfoundation.org/UA/Plc/Applications;s=DipData":-48.175367410171539,"nsu=http://opcfoundation.org/UA/Plc/Applications;s=FastUIntScalar1":17,"nsu=http://opcfoundation.org/UA/Plc/Applications;s=FastUIntScalar2":17,"nsu=http://opcfoundation.org/UA/Plc/Applications;s=FastUIntScalar3":17,"nsu=http://opcfoundation.org/UA/Plc/Applications;s=FastRandomUIntScalar1":1618411657,"nsu=http://opcfoundation.org/UA/Plc/Applications;s=FastRandomUIntScalar2":3719560622,"nsu=http://opcfoundation.org/UA/Plc/Applications;s=FastRandomUIntScalar3":2831221818,"nsu=http://opcfoundation.org/UA/Plc/Applications;s=NegativeTrendData":100,"nsu=http://opcfoundation.org/UA/Plc/Applications;s=PositiveTrendData":100,"nsu=http://opcfoundation.org/UA/Plc/Applications;s=SlowUIntScalar1":1,"nsu=http://opcfoundation.org/UA/Plc/Applications;s=SlowUIntScalar2":1,"nsu=http://opcfoundation.org/UA/Plc/Applications;s=SlowUIntScalar3":1,"nsu=http://opcfoundation.org/UA/Plc/Applications;s=BadSlowUIntScalar1":1,"nsu=http://opcfoundation.org/UA/Plc/Applications;s=SlowRandomUIntScalar1":303780737,"nsu=http://opcfoundation.org/UA/Plc/Applications;s=SlowRandomUIntScalar2":3693320309,"nsu=http://opcfoundation.org/UA/Plc/Applications;s=SlowRandomUIntScalar3":1956683729,"nsu=http://opcfoundation.org/UA/Plc/Applications;s=BadSlowRandomUIntScalar1":3965430550,"nsu=http://opcfoundation.org/UA/Plc/Applications;s=SpikeData":-48.175367410171539,"ns=23;i=1259":0.124}]