[{"i=2258":"2024-04-28T10:03:24.9299628Z","nsu=http://opcfoundation.org/UA/Plc/Applications;s=StepUp":332,"nsu=http://opcfoundation.org/UA/Plc/Applications;s=AlternatingBoolean":true,"nsu=http://opcfoundation.org/UA/Plc/Applications;s=RandomSignedInt32":1692140989,"nsu=http://opcfoundation.org/UA/Plc/Applications;s=RandomUnsignedInt32":1303680514,"nsu=http://opcfoundation.org/UA/Plc/Applications;s=DipData":68.45471059286885,"nsu=http://opcfoundation.org/UA/Plc/Applications;s=FastUIntScalar1":33,"nsu=http://opcfoundation.org/UA/Plc/Applications;s=FastUIntScalar2":33,"nsu=http://opcfoundation.org/UA/Plc/Applications;s=FastUIntScalar3":33,"nsu=http://opcfoundation.org/UA/Plc/Applications;s=FastRandomUIntScalar1":2256396168,"nsu=http://opcfoundation.org/UA/Plc/Applications;s=FastRandomUIntScalar2":2372121651,"nsu=http://opcfoundation.org/UA/Plc/Applications;s=FastRandomUIntScalar3":341019576,"nsu=http://opcfoundation.org/UA/Plc/Applications;s=NegativeTrendData":100,"nsu=http://opcfoundation.org/UA/Plc/Applications;s=PositiveTrendData":100.2,"nsu=http://opcfoundation.org/UA/Plc/Applications;s=SlowUIntScalar1":3,"nsu=http://opcfoundation.org/UA/Plc/Applications;s=SlowUIntScalar2":3,"nsu=http://opcfoundation.org/UA/Plc/Applications;s=SlowUIntScalar3":3,"nsu=http://opcfoundation.org/UA/Plc/Applications;s=BadSlowUIntScalar1":3,"nsu=http://opcfoundation.org/UA/Plc/Applications;s=SlowRandomUIntScalar1":2259284474,"nsu=http://opcfoundation.org/UA/Plc/Applications;s=SlowRandomUIntScalar2":3605232670,"nsu=http://opcfoundation.org/UA/Plc/Applications;s=SlowRandomUIntScalar3":2394308555,"nsu=http://opcfoundation.org/UA/Plc/Applications;s=BadSlowRandomUIntScalar1":1550780582,"nsu=http://opcfoundation.org/UA/Plc/Applications;s=SpikeData":68.45471059286885,"ns=23;i=1259":-1.8200000000000001}]