[{"i=2258":"2024-04-28T10:03:26.9408373Z","nsu=http://opcfoundation.org/UA/Plc/Applications;s=StepUp":352,"nsu=http://opcfoundation.org/UA/Plc/Applications;s=AlternatingBoolean":false,"nsu=http://opcfoundation.org/UA/Plc/Applications;s=RandomSignedInt32":1567466411,"nsu=http://opcfoundation.org/UA/Plc/Applications;s=RandomUnsignedInt32":538577176,"nsu=http://opcfoundation.org/UA/Plc/Applications;s=DipData":-1000,"nsu=http://opcfoundation.org/UA/Plc/Applications;s=FastUIntScalar1":35,"nsu=http://opcfoundation.org/UA/Plc/Applications;s=FastUIntScalar2":35,"nsu=http://opcfoundation.org/UA/Plc/Applications;s=FastUIntScalar3":35,"nsu=http://opcfoundation.org/UA/Plc/Applications;s=FastRandomUIntScalar1":4192874939,"nsu=http://opcfoundation.org/UA/Plc/Applications;s=FastRandomUIntScalar2":1353364729,"nsu=http://opcfoundation.org/UA/Plc/Applications;s=FastRandomUIntScalar3":4149025844,"nsu=http://opcfoundation.org/UA/Plc/Applications;s=NegativeTrendData":100,"nsu=http://opcfoundation.org/UA/Plc/Applications;s=PositiveTrendData":100.3,"nsu=http://opcfoundation.org/UA/Plc/Applications;s=SlowUIntScalar1":3,"nsu=http://opcfoundation.org/UA/Plc/Applications;s=SlowUIntScalar2":3,"nsu=http://opcfoundation.org/UA/Plc/Applications;s=SlowUIntScalar3":3,"nsu=http://opcfoundation.org/UA/Plc/Applications;s=BadSlowUIntScalar1":3,"nsu=http://opcfoundation.org/UA/Plc/Applications;s=SlowRandomUIntScalar1":2259284474,"nsu=http://opcfoundation.org/UA/Plc/Applications;s=SlowRandomUIntScalar2":3605232670,"nsu=http://opcfoundation.org/UA/Plc/Applications;s=SlowRandomUIntScalar3":2394308555,"nsu=http://opcfoundation.org/UA/Plc/Applications;s=BadSlowRandomUIntScalar1":1550780582,"nsu=http://opcfoundation.org/UA/Plc/Applications;s=SpikeData":-12.533323356430378,"ns=23;i=1259":-0.79600000000000004}]