[{"i=2258":"2024-04-28T10:03:31.9322221Z","nsu=http://opcfoundation.org/UA/Plc/Applications;s=StepUp":402,"nsu=http://opcfoundation.org/UA/Plc/Applications;s=AlternatingBoolean":true,"nsu=http://opcfoundation.org/UA/Plc/Applications;s=RandomSignedInt32":-982440057,"nsu=http://opcfoundation.org/UA/Plc/Applications;s=RandomUnsignedInt32":130981891,"nsu=http://opcfoundation.org/UA/Plc/Applications;s=DipData":-12.533323356430378,"nsu=http://opcfoundation.org/UA/Plc/Applications;s=FastUIntScalar1":40,"nsu=http://opcfoundation.org/UA/Plc/Applications;s=FastUIntScalar2":40,"nsu=http://opcfoundation.org/UA/Plc/Applications;s=FastUIntScalar3":40,"nsu=http://opcfoundation.org/UA/Plc/Applications;s=FastRandomUIntScalar1":505735928,"nsu=http://opcfoundation.org/UA/Plc/Applications;s=FastRandomUIntScalar2":712626737,"nsu=http://opcfoundation.org/UA/Plc/Applications;s=FastRandomUIntScalar3":361608274,"nsu=http://opcfoundation.org/UA/Plc/Applications;s=NegativeTrendData":100,"nsu=http://opcfoundation.org/UA/Plc/Applications;s=PositiveTrendData":100.40000000000001,"nsu=http://opcfoundation.org/UA/Plc/Applications;s=SlowUIntScalar1":4,"nsu=http://opcfoundation.org/UA/Plc/Applications;s=SlowUIntScalar2":4,"nsu=http://opcfoundation.org/UA/Plc/Applications;s=SlowUIntScalar3":4,"nsu=http://opcfoundation.org/UA/Plc/Applications;s=BadSlowUIntScalar1":4,"nsu=http://opcfoundation.org/UA/Plc/Applications;s=SlowRandomUIntScalar1":2218186109,"nsu=http://opcfoundation.org/UA/Plc/Applications;s=SlowRandomUIntScalar2":4111467465,"nsu=http://opcfoundation.org/UA/Plc/Applications;s=SlowRandomUIntScalar3":2499742603,"nsu=http://opcfoundation.org/UA/Plc/Applications;s=BadSlowRandomUIntScalar1":3988790274,"nsu=http://opcfoundation.org/UA/Plc/Applications;s=SpikeData":-12.533323356430378,"ns=23;i=1259":-1.1100000000000001}]