[{"i=2258":"2024-04-28T10:03:32.9359276Z","nsu=http://opcfoundation.org/UA/Plc/Applications;s=StepUp":412,"nsu=http://opcfoundation.org/UA/Plc/Applications;s=AlternatingBoolean":true,"nsu=http://opcfoundation.org/UA/Plc/Applications;s=RandomSignedInt32":-191362947,"nsu=http://opcfoundation.org/UA/Plc/Applications;s=RandomUnsignedInt32":1482031612,"nsu=http://opcfoundation.org/UA/Plc/Applications;s=DipData":-98.228725072868855,"nsu=http://opcfoundation.org/UA/Plc/Applications;s=FastUIntScalar1":41,"nsu=http://opcfoundation.org/UA/Plc/Applications;s=FastUIntScalar2":41,"nsu=http://opcfoundation.org/UA/Plc/Applications;s=FastUIntScalar3":41,"nsu=http://opcfoundation.org/UA/Plc/Applications;s=FastRandomUIntScalar1":3614565222,"nsu=http://opcfoundation.org/UA/Plc/Applications;s=FastRandomUIntScalar2":1526953903,"nsu=http://opcfoundation.org/UA/Plc/Applications;s=FastRandomUIntScalar3":4057315439,"nsu=http://opcfoundation.org/UA/Plc/Applications;s=NegativeTrendData":100,"nsu=http://opcfoundation.org/UA/Plc/Applications;s=PositiveTrendData":100.40000000000001,"nsu=http://opcfoundation.org/UA/Plc/Applications;s=SlowUIntScalar1":4,"nsu=http://opcfoundation.org/UA/Plc/Applications;s=SlowUIntScalar2":4,"nsu=http://opcfoundation.org/UA/Plc/Applications;s=SlowUIntScalar3":4,"nsu=http://opcfoundation.org/UA/Plc/Applications;s=BadSlowUIntScalar1":4,"nsu=http://opcfoundation.org/UA/Plc/Applications;s=SlowRandomUIntScalar1":2218186109,"nsu=http://opcfoundation.org/UA/Plc/Applications;s=SlowRandomUIntScalar2":4111467465,"nsu=http://opcfoundation.org/UA/Plc/Applications;s=SlowRandomUIntScalar3":2499742603,"nsu=http://opcfoundation.org/UA/Plc/Applications;s=BadSlowRandomUIntScalar1":3988790274,"nsu=http://opcfoundation.org/UA/Plc/Applications;s=SpikeData":-98.228725072868855,"ns=23;i=1259":-0.10300000000000001}]