[{"i=2258":"2024-04-28T10:03:37.9342906Z","nsu=http://opcfoundation.org/UA/Plc/Applications;s=StepUp":462,"nsu=http://opcfoundation.org/UA/Plc/Applications;s=AlternatingBoolean":false,"nsu=http://opcfoundation.org/UA/Plc/Applications;s=RandomSignedInt32":-2028340543,"nsu=http://opcfoundation.org/UA/Plc/Applications;s=RandomUnsignedInt32":981605667,"nsu=http://opcfoundation.org/UA/Plc/Applications;s=DipData":-98.228725072868855,"nsu=http://opcfoundation.org/UA/Plc/Applications;s=FastUIntScalar1":46,"nsu=http://opcfoundation.org/UA/Plc/Applications;s=FastUIntScalar2":46,"nsu=http://opcfoundation.org/UA/Plc/Applications;s=FastUIntScalar3":46,"nsu=http://opcfoundation.org/UA/Plc/Applications;s=FastRandomUIntScalar1":2343007014,"nsu=http://opcfoundation.org/UA/Plc/Applications;s=FastRandomUIntScalar2":191182130,"nsu=http://opcfoundation.org/UA/Plc/Applications;s=FastRandomUIntScalar3":3152044596,"nsu=http://opcfoundation.org/UA/Plc/Applications;s=NegativeTrendData":99.900000000000006,"nsu=http://opcfoundation.org/UA/Plc/Applications;s=PositiveTrendData":100.5,"nsu=http://opcfoundation.org/UA/Plc/Applications;s=SlowUIntScalar1":4,"nsu=http://opcfoundation.org/UA/Plc/Applications;s=SlowUIntScalar2":4,"nsu=http://opcfoundation.org/UA/Plc/Applications;s=SlowUIntScalar3":4,"nsu=http://opcfoundation.org/UA/Plc/Applications;s=BadSlowUIntScalar1":4,"nsu=http://opcfoundation.org/UA/Plc/Applications;s=SlowRandomUIntScalar1":2218186109,"nsu=http://opcfoundation.org/UA/Plc/Applications;s=SlowRandomUIntScalar2":4111467465,"nsu=http://opcfoundation.org/UA/Plc/Applications;s=SlowRandomUIntScalar3":2499742603,"nsu=http://opcfoundation.org/UA/Plc/Applications;s=BadSlowRandomUIntScalar1":3988790274,"nsu=http://opcfoundation.org/UA/Plc/Applications;s=SpikeData":-98.228725072868855,"ns=23;i=1259":1.5900000000000001}]