[{"i=2258":"2024-04-28T10:03:39.9439339Z","nsu=http://opcfoundation.org/UA/Plc/Applications;s=StepUp":482,"nsu=http://opcfoundation.org/UA/Plc/Applications;s=AlternatingBoolean":false,"nsu=http://opcfoundation.org/UA/Plc/Applications;s=RandomSignedInt32":-1333199132,"nsu=http://opcfoundation.org/UA/Plc/Applications;s=RandomUnsignedInt32":359835151,"nsu=http://opcfoundation.org/UA/Plc/Applications;s=DipData":68.45471059286885,"nsu=http://opcfoundation.org/UA/Plc/Applications;s=FastUIntScalar1":48,"nsu=http://opcfoundation.org/UA/Plc/Applications;s=FastUIntScalar2":48,"nsu=http://opcfoundation.org/UA/Plc/Applications;s=FastUIntScalar3":48,"nsu=http://opcfoundation.org/UA/Plc/Applications;s=FastRandomUIntScalar1":3986965324,"nsu=http://opcfoundation.org/UA/Plc/Applications;s=FastRandomUIntScalar2":2892685239,"nsu=http://opcfoundation.org/UA/Plc/Applications;s=FastRandomUIntScalar3":2397088557,"nsu=http://opcfoundation.org/UA/Plc/Applications;s=NegativeTrendData":99.900000000000006,"nsu=http://opcfoundation.org/UA/Plc/Applications;s=PositiveTrendData":100.5,"nsu=http://opcfoundation.org/UA/Plc/Applications;s=SlowUIntScalar1":4,"nsu=http://opcfoundation.org/UA/Plc/Applications;s=SlowUIntScalar2":4,"nsu=http://opcfoundation.org/UA/Plc/Applications;s=SlowUIntScalar3":4,"nsu=http://opcfoundation.org/UA/Plc/Applications;s=BadSlowUIntScalar1":4,"nsu=http://opcfoundation.org/UA/Plc/Applications;s=SlowRandomUIntScalar1":2218186109,"nsu=http://opcfoundation.org/UA/Plc/Applications;s=SlowRandomUIntScalar2":4111467465,"nsu=http://opcfoundation.org/UA/Plc/Applications;s=SlowRandomUIntScalar3":2499742603,"nsu=http://opcfoundation.org/UA/Plc/Applications;s=BadSlowRandomUIntScalar1":3988790274,"nsu=http://opcfoundation.org/UA/Plc/Applications;s=SpikeData":68.45471059286885,"ns=23;i=1259":-0.59799999999999998}]