[{"i=2258":"2024-04-28T10:03:50.9442615Z","nsu=http://opcfoundation.org/UA/Plc/Applications;s=StepUp":592,"nsu=http://opcfoundation.org/UA/Plc/Applications;s=AlternatingBoolean":false,"nsu=http://opcfoundation.org/UA/Plc/Applications;s=RandomSignedInt32":-371162429,"nsu=http://opcfoundation.org/UA/Plc/Applications;s=RandomUnsignedInt32":87978657,"nsu=http://opcfoundation.org/UA/Plc/Applications;s=DipData":90.482705246601952,"nsu=http://opcfoundation.org/UA/Plc/Applications;s=FastUIntScalar1":59,"nsu=http://opcfoundation.org/UA/Plc/Applications;s=FastUIntScalar2":59,"nsu=http://opcfoundation.org/UA/Plc/Applications;s=FastUIntScalar3":59,"nsu=http://opcfoundation.org/UA/Plc/Applications;s=FastRandomUIntScalar1":698314988,"nsu=http://opcfoundation.org/UA/Plc/Applications;s=FastRandomUIntScalar2":3542631604,"nsu=http://opcfoundation.org/UA/Plc/Applications;s=FastRandomUIntScalar3":2069000954,"nsu=http://opcfoundation.org/UA/Plc/Applications;s=NegativeTrendData":99.700000000000003,"nsu=http://opcfoundation.org/UA/Plc/Applications;s=PositiveTrendData":100.7,"nsu=http://opcfoundation.org/UA/Plc/Applications;s=SlowUIntScalar1":5,"nsu=http://opcfoundation.org/UA/Plc/Applications;s=SlowUIntScalar2":5,"nsu=http://opcfoundation.org/UA/Plc/Applications;s=SlowUIntScalar3":5,"nsu=http://opcfoundation.org/UA/Plc/Applications;s=BadSlowUIntScalar1":5,"nsu=http://opcfoundation.org/UA/Plc/Applications;s=SlowRandomUIntScalar1":1187607258,"nsu=http://opcfoundation.org/UA/Plc/Applications;s=SlowRandomUIntScalar2":2491688888,"nsu=http://opcfoundation.org/UA/Plc/Applications;s=SlowRandomUIntScalar3":2637405191,"nsu=http://opcfoundation.org/UA/Plc/Applications;s=BadSlowRandomUIntScalar1":572597192,"nsu=http://opcfoundation.org/UA/Plc/Applications;s=SpikeData":90.482705246601952,"ns=23;i=1259":1.1200000000000001}]