[{"i=2258":"2024-04-28T10:03:51.934298Z","nsu=http://opcfoundation.org/UA/Plc/Applications;s=StepUp":602,"nsu=http://opcfoundation.org/UA/Plc/Applications;s=AlternatingBoolean":true,"nsu=http://opcfoundation.org/UA/Plc/Applications;s=RandomSignedInt32":-1992041491,"nsu=http://opcfoundation.org/UA/Plc/Applications;s=RandomUnsignedInt32":1295812067,"nsu=http://opcfoundation.org/UA/Plc/Applications;s=DipData":-12.533323356430378,"nsu=http://opcfoundation.org/UA/Plc/Applications;s=FastUIntScalar1":60,"nsu=http://opcfoundation.org/UA/Plc/Applications;s=FastUIntScalar2":60,"nsu=http://opcfoundation.org/UA/Plc/Applications;s=FastUIntScalar3":60,"nsu=http://opcfoundation.org/UA/Plc/Applications;s=FastRandomUIntScalar1":2663331220,"nsu=http://opcfoundation.org/UA/Plc/Applications;s=FastRandomUIntScalar2":3456935120,"nsu=http://opcfoundation.org/UA/Plc/Applications;s=FastRandomUIntScalar3":3145519791,"nsu=http://opcfoundation.org/UA/Plc/Applications;s=NegativeTrendData":99.599999999999994,"nsu=http://opcfoundation.org/UA/Plc/Applications;s=PositiveTrendData":100.8,"nsu=http://opcfoundation.org/UA/Plc/Applications;s=SlowUIntScalar1":6,"nsu=http://opcfoundation.org/UA/Plc/Applications;s=SlowUIntScalar2":6,"nsu=http://opcfoundation.org/UA/Plc/Applications;s=SlowUIntScalar3":6,"nsu=http://opcfoundation.org/UA/Plc/Applications;s=BadSlowUIntScalar1":6,"nsu=http://opcfoundation.org/UA/Plc/Applications;s=SlowRandomUIntScalar1":3312102283,"nsu=http://opcfoundation.org/UA/Plc/Applications;s=SlowRandomUIntScalar2":3841383284,"nsu=http://opcfoundation.org/UA/Plc/Applications;s=SlowRandomUIntScalar3":3423837103,"nsu=http://opcfoundation.org/UA/Plc/Applications;s=BadSlowRandomUIntScalar1":2468622245,"nsu=http://opcfoundation.org/UA/Plc/Applications;s=SpikeData":1000,"ns=23;i=1259":0.129}]