[{"i=2258":"2024-04-28T10:03:54.9443192Z","nsu=http://opcfoundation.org/UA/Plc/Applications;s=StepUp":632,"nsu=http://opcfoundation.org/UA/Plc/Applications;s=AlternatingBoolean":true,"nsu=http://opcfoundation.org/UA/Plc/Applications;s=RandomSignedInt32":1038476501,"nsu=http://opcfoundation.org/UA/Plc/Applications;s=RandomUnsignedInt32":1204424429,"nsu=http://opcfoundation.org/UA/Plc/Applications;s=DipData":68.45471059286885,"nsu=http://opcfoundation.org/UA/Plc/Applications;s=FastUIntScalar1":63,"nsu=http://opcfoundation.org/UA/Plc/Applications;s=FastUIntScalar2":63,"nsu=http://opcfoundation.org/UA/Plc/Applications;s=FastUIntScalar3":63,"nsu=http://opcfoundation.org/UA/Plc/Applications;s=FastRandomUIntScalar1":38237340,"nsu=http://opcfoundation.org/UA/Plc/Applications;s=FastRandomUIntScalar2":46246286,"nsu=http://opcfoundation.org/UA/Plc/Applications;s=FastRandomUIntScalar3":624180025,"nsu=http://opcfoundation.org/UA/Plc/Applications;s=NegativeTrendData":99.599999999999994,"nsu=http://opcfoundation.org/UA/Plc/Applications;s=PositiveTrendData":100.8,"nsu=http://opcfoundation.org/UA/Plc/Applications;s=SlowUIntScalar1":6,"nsu=http://opcfoundation.org/UA/Plc/Applications;s=SlowUIntScalar2":6,"nsu=http://opcfoundation.org/UA/Plc/Applications;s=SlowUIntScalar3":6,"nsu=http://opcfoundation.org/UA/Plc/Applications;s=BadSlowUIntScalar1":6,"nsu=http://opcfoundation.org/UA/Plc/Applications;s=SlowRandomUIntScalar1":3312102283,"nsu=http://opcfoundation.org/UA/Plc/Applications;s=SlowRandomUIntScalar2":3841383284,"nsu=http://opcfoundation.org/UA/Plc/Applications;s=SlowRandomUIntScalar3":3423837103,"nsu=http://opcfoundation.org/UA/Plc/Applications;s=BadSlowRandomUIntScalar1":2468622245,"nsu=http://opcfoundation.org/UA/Plc/Applications;s=SpikeData":68.45471059286885,"ns=23;i=1259":1.3}]