[{"i=2258":"2024-04-28T10:03:59.9418898Z","nsu=http://opcfoundation.org/UA/Plc/Applications;s=StepUp":682,"nsu=http://opcfoundation.org/UA/Plc/Applications;s=AlternatingBoolean":false,"nsu=http://opcfoundation.org/UA/Plc/Applications;s=RandomSignedInt32":-914408647,"nsu=http://opcfoundation.org/UA/Plc/Applications;s=RandomUnsignedInt32":2105141628,"nsu=http://opcfoundation.org/UA/Plc/Applications;s=DipData":68.45471059286885,"nsu=http://opcfoundation.org/UA/Plc/Applications;s=FastUIntScalar1":68,"nsu=http://opcfoundation.org/UA/Plc/Applications;s=FastUIntScalar2":68,"nsu=http://opcfoundation.org/UA/Plc/Applications;s=FastUIntScalar3":68,"nsu=http://opcfoundation.org/UA/Plc/Applications;s=FastRandomUIntScalar1":2986152239,"nsu=http://opcfoundation.org/UA/Plc/Applications;s=FastRandomUIntScalar2":456646822,"nsu=http://opcfoundation.org/UA/Plc/Applications;s=FastRandomUIntScalar3":2853155906,"nsu=http://opcfoundation.org/UA/Plc/Applications;s=NegativeTrendData":99.5,"nsu=http://opcfoundation.org/UA/Plc/Applications;s=PositiveTrendData":100.90000000000001,"nsu=http://opcfoundation.org/UA/Plc/Applications;s=SlowUIntScalar1":6,"nsu=http://opcfoundation.org/UA/Plc/Applications;s=SlowUIntScalar2":6,"nsu=http://opcfoundation.org/UA/Plc/Applications;s=SlowUIntScalar3":6,"nsu=http://opcfoundation.org/UA/Plc/Applications;s=BadSlowUIntScalar1":6,"nsu=http://opcfoundation.org/UA/Plc/Applications;s=SlowRandomUIntScalar1":3312102283,"nsu=http://opcfoundation.org/UA/Plc/Applications;s=SlowRandomUIntScalar2":3841383284,"nsu=http://opcfoundation.org/UA/Plc/Applications;s=SlowRandomUIntScalar3":3423837103,"nsu=http://opcfoundation.org/UA/Plc/Applications;s=BadSlowRandomUIntScalar1":2468622245,"nsu=http://opcfoundation.org/UA/Plc/Applications;s=SpikeData":68.45471059286885,"ns=23;i=1259":0.65700000000000003}]