[{"i=2258":"2024-04-28T10:02:59.9320095Z","nsu=http://opcfoundation.org/UA/Plc/Applications;s=StepUp":82,"nsu=http://opcfoundation.org/UA/Plc/Applications;s=AlternatingBoolean":false,"nsu=http://opcfoundation.org/UA/Plc/Applications;s=RandomSignedInt32":-1901582046,"nsu=http://opcfoundation.org/UA/Plc/Applications;s=RandomUnsignedInt32":2034754517,"nsu=http://opcfoundation.org/UA/Plc/Applications;s=DipData":68.45471059286885,"nsu=http://opcfoundation.org/UA/Plc/Applications;s=FastUIntScalar1":8,"nsu=http://opcfoundation.org/UA/Plc/Applications;s=FastUIntScalar2":8,"nsu=http://opcfoundation.org/UA/Plc/Applications;s=FastUIntScalar3":8,"nsu=http://opcfoundation.org/UA/Plc/Applications;s=FastRandomUIntScalar1":2859132813,"nsu=http://opcfoundation.org/UA/Plc/Applications;s=FastRandomUIntScalar2":3699460299,"nsu=http://opcfoundation.org/UA/Plc/Applications;s=FastRandomUIntScalar3":3515023722,"nsu=http://opcfoundation.org/UA/Plc/Applications;s=NegativeTrendData":100,"nsu=http://opcfoundation.org/UA/Plc/Applications;s=PositiveTrendData":100,"nsu=http://opcfoundation.org/UA/Plc/Applications;s=SlowUIntScalar1":0,"nsu=http://opcfoundation.org/UA/Plc/Applications;s=SlowUIntScalar2":0,"nsu=http://opcfoundation.org/UA/Plc/Applications;s=SlowUIntScalar3":0,"nsu=http://opcfoundation.org/UA/Plc/Applications;s=BadSlowUIntScalar1":0,"nsu=http://opcfoundation.org/UA/Plc/Applications;s=SlowRandomUIntScalar1":0,"nsu=http://opcfoundation.org/UA/Plc/Applications;s=SlowRandomUIntScalar2":0,"nsu=http://opcfoundation.org/UA/Plc/Applications;s=SlowRandomUIntScalar3":0,"nsu=http://opcfoundation.org/UA/Plc/Applications;s=BadSlowRandomUIntScalar1":0,"nsu=http://opcfoundation.org/UA/Plc/Applications;s=SpikeData":68.45471059286885,"ns=23;i=1259":1.0600000000000001}]