[{"i=2258":"2024-04-28T10:04:02.9329091Z","nsu=http://opcfoundation.org/UA/Plc/Applications;s=StepUp":712,"nsu=http://opcfoundation.org/UA/Plc/Applications;s=AlternatingBoolean":true,"nsu=http://opcfoundation.org/UA/Plc/Applications;s=RandomSignedInt32":724690758,"nsu=http://opcfoundation.org/UA/Plc/Applications;s=RandomUnsignedInt32":300583741,"nsu=http://opcfoundation.org/UA/Plc/Applications;s=DipData":-98.228725072868855,"nsu=http://opcfoundation.org/UA/Plc/Applications;s=FastUIntScalar1":71,"nsu=http://opcfoundation.org/UA/Plc/Applications;s=FastUIntScalar2":71,"nsu=http://opcfoundation.org/UA/Plc/Applications;s=FastUIntScalar3":71,"nsu=http://opcfoundation.org/UA/Plc/Applications;s=FastRandomUIntScalar1":359293520,"nsu=http://opcfoundation.org/UA/Plc/Applications;s=FastRandomUIntScalar2":1513662425,"nsu=http://opcfoundation.org/UA/Plc/Applications;s=FastRandomUIntScalar3":3934655318,"nsu=http://opcfoundation.org/UA/Plc/Applications;s=NegativeTrendData":99.400000000000006,"nsu=http://opcfoundation.org/UA/Plc/Applications;s=PositiveTrendData":101,"nsu=http://opcfoundation.org/UA/Plc/Applications;s=SlowUIntScalar1":7,"nsu=http://opcfoundation.org/UA/Plc/Applications;s=SlowUIntScalar2":7,"nsu=http://opcfoundation.org/UA/Plc/Applications;s=SlowUIntScalar3":7,"nsu=http://opcfoundation.org/UA/Plc/Applications;s=BadSlowUIntScalar1":7,"nsu=http://opcfoundation.org/UA/Plc/Applications;s=SlowRandomUIntScalar1":1017971940,"nsu=http://opcfoundation.org/UA/Plc/Applications;s=SlowRandomUIntScalar2":2651591238,"nsu=http://opcfoundation.org/UA/Plc/Applications;s=SlowRandomUIntScalar3":3432640219,"nsu=http://opcfoundation.org/UA/Plc/Applications;s=BadSlowRandomUIntScalar1":3891997556,"nsu=http://opcfoundation.org/UA/Plc/Applications;s=SpikeData":-98.228725072868855,"ns=23;i=1259":1.6500000000000001}]