[{"i=2258":"2024-04-28T10:04:17.9448843Z","nsu=http://opcfoundation.org/UA/Plc/Applications;s=StepUp":862,"nsu=http://opcfoundation.org/UA/Plc/Applications;s=AlternatingBoolean":false,"nsu=http://opcfoundation.org/UA/Plc/Applications;s=RandomSignedInt32":-968796184,"nsu=http://opcfoundation.org/UA/Plc/Applications;s=RandomUnsignedInt32":286813749,"nsu=http://opcfoundation.org/UA/Plc/Applications;s=DipData":-98.228725072868855,"nsu=http://opcfoundation.org/UA/Plc/Applications;s=FastUIntScalar1":86,"nsu=http://opcfoundation.org/UA/Plc/Applications;s=FastUIntScalar2":86,"nsu=http://opcfoundation.org/UA/Plc/Applications;s=FastUIntScalar3":86,"nsu=http://opcfoundation.org/UA/Plc/Applications;s=FastRandomUIntScalar1":922821538,"nsu=http://opcfoundation.org/UA/Plc/Applications;s=FastRandomUIntScalar2":2411391787,"nsu=http://opcfoundation.org/UA/Plc/Applications;s=FastRandomUIntScalar3":191249809,"nsu=http://opcfoundation.org/UA/Plc/Applications;s=NegativeTrendData":99.099999999999994,"nsu=http://opcfoundation.org/UA/Plc/Applications;s=PositiveTrendData":101.3,"nsu=http://opcfoundation.org/UA/Plc/Applications;s=SlowUIntScalar1":8,"nsu=http://opcfoundation.org/UA/Plc/Applications;s=SlowUIntScalar2":8,"nsu=http://opcfoundation.org/UA/Plc/Applications;s=SlowUIntScalar3":8,"nsu=http://opcfoundation.org/UA/Plc/Applications;s=BadSlowUIntScalar1":8,"nsu=http://opcfoundation.org/UA/Plc/Applications;s=SlowRandomUIntScalar1":882075686,"nsu=http://opcfoundation.org/UA/Plc/Applications;s=SlowRandomUIntScalar2":4037426072,"nsu=http://opcfoundation.org/UA/Plc/Applications;s=SlowRandomUIntScalar3":1653122867,"nsu=http://opcfoundation.org/UA/Plc/Applications;s=BadSlowRandomUIntScalar1":3357290359,"nsu=http://opcfoundation.org/UA/Plc/Applications;s=SpikeData":-98.228725072868855,"ns=23;i=1259":-0.79800000000000004}]