[{"i=2258":"2024-04-28T10:04:21.9321196Z","nsu=http://opcfoundation.org/UA/Plc/Applications;s=StepUp":902,"nsu=http://opcfoundation.org/UA/Plc/Applications;s=AlternatingBoolean":true,"nsu=http://opcfoundation.org/UA/Plc/Applications;s=RandomSignedInt32":-1561523769,"nsu=http://opcfoundation.org/UA/Plc/Applications;s=RandomUnsignedInt32":1927274352,"nsu=http://opcfoundation.org/UA/Plc/Applications;s=DipData":-12.533323356430378,"nsu=http://opcfoundation.org/UA/Plc/Applications;s=FastUIntScalar1":90,"nsu=http://opcfoundation.org/UA/Plc/Applications;s=FastUIntScalar2":90,"nsu=http://opcfoundation.org/UA/Plc/Applications;s=FastUIntScalar3":90,"nsu=http://opcfoundation.org/UA/Plc/Applications;s=FastRandomUIntScalar1":898304310,"nsu=http://opcfoundation.org/UA/Plc/Applications;s=FastRandomUIntScalar2":2592139753,"nsu=http://opcfoundation.org/UA/Plc/Applications;s=FastRandomUIntScalar3":492901036,"nsu=http://opcfoundation.org/UA/Plc/Applications;s=NegativeTrendData":99,"nsu=http://opcfoundation.org/UA/Plc/Applications;s=PositiveTrendData":101.40000000000001,"nsu=http://opcfoundation.org/UA/Plc/Applications;s=SlowUIntScalar1":9,"nsu=http://opcfoundation.org/UA/Plc/Applications;s=SlowUIntScalar2":9,"nsu=http://opcfoundation.org/UA/Plc/Applications;s=SlowUIntScalar3":9,"nsu=http://opcfoundation.org/UA/Plc/Applications;s=BadSlowUIntScalar1":null,"nsu=http://opcfoundation.org/UA/Plc/Applications;s=SlowRandomUIntScalar1":1044270669,"nsu=http://opcfoundation.org/UA/Plc/Applications;s=SlowRandomUIntScalar2":4063807217,"nsu=http://opcfoundation.org/UA/Plc/Applications;s=SlowRandomUIntScalar3":695022302,"nsu=http://opcfoundation.org/UA/Plc/Applications;s=BadSlowRandomUIntScalar1":null,"nsu=http://opcfoundation.org/UA/Plc/Applications;s=SpikeData":-12.533323356430378,"ns=23;i=1259":0}]