[{"i=2258":"2024-04-28T10:04:25.939977Z","nsu=http://opcfoundation.org/UA/Plc/Applications;s=StepUp":942,"nsu=http://opcfoundation.org/UA/Plc/Applications;s=AlternatingBoolean":true,"nsu=http://opcfoundation.org/UA/Plc/Applications;s=RandomSignedInt32":1043064972,"nsu=http://opcfoundation.org/UA/Plc/Applications;s=RandomUnsignedInt32":1020509270,"nsu=http://opcfoundation.org/UA/Plc/Applications;s=DipData":90.482705246601952,"nsu=http://opcfoundation.org/UA/Plc/Applications;s=FastUIntScalar1":94,"nsu=http://opcfoundation.org/UA/Plc/Applications;s=FastUIntScalar2":94,"nsu=http://opcfoundation.org/UA/Plc/Applications;s=FastUIntScalar3":94,"nsu=http://opcfoundation.org/UA/Plc/Applications;s=FastRandomUIntScalar1":954816501,"nsu=http://opcfoundation.org/UA/Plc/Applications;s=FastRandomUIntScalar2":1899922901,"nsu=http://opcfoundation.org/UA/Plc/Applications;s=FastRandomUIntScalar3":2499452332,"nsu=http://opcfoundation.org/UA/Plc/Applications;s=NegativeTrendData":99,"nsu=http://opcfoundation.org/UA/Plc/Applications;s=PositiveTrendData":101.40000000000001,"nsu=http://opcfoundation.org/UA/Plc/Applications;s=SlowUIntScalar1":9,"nsu=http://opcfoundation.org/UA/Plc/Applications;s=SlowUIntScalar2":9,"nsu=http://opcfoundation.org/UA/Plc/Applications;s=SlowUIntScalar3":9,"nsu=http://opcfoundation.org/UA/Plc/Applications;s=BadSlowUIntScalar1":null,"nsu=http://opcfoundation.org/UA/Plc/Applications;s=SlowRandomUIntScalar1":1044270669,"nsu=http://opcfoundation.org/UA/Plc/Applications;s=SlowRandomUIntScalar2":4063807217,"nsu=http://opcfoundation.org/UA/Plc/Applications;s=SlowRandomUIntScalar3":695022302,"nsu=http://opcfoundation.org/UA/Plc/Applications;s=BadSlowRandomUIntScalar1":null,"nsu=http://opcfoundation.org/UA/Plc/Applications;s=SpikeData":90.482705246601952,"ns=23;i=1259":1.1100000000000001}]