[{"i=2258":"2024-04-28T10:04:29.9440632Z","nsu=http://opcfoundation.org/UA/Plc/Applications;s=StepUp":982,"nsu=http://opcfoundation.org/UA/Plc/Applications;s=AlternatingBoolean":false,"nsu=http://opcfoundation.org/UA/Plc/Applications;s=RandomSignedInt32":-1686984389,"nsu=http://opcfoundation.org/UA/Plc/Applications;s=RandomUnsignedInt32":183504170,"nsu=http://opcfoundation.org/UA/Plc/Applications;s=DipData":68.45471059286885,"nsu=http://opcfoundation.org/UA/Plc/Applications;s=FastUIntScalar1":98,"nsu=http://opcfoundation.org/UA/Plc/Applications;s=FastUIntScalar2":98,"nsu=http://opcfoundation.org/UA/Plc/Applications;s=FastUIntScalar3":98,"nsu=http://opcfoundation.org/UA/Plc/Applications;s=FastRandomUIntScalar1":2704497852,"nsu=http://opcfoundation.org/UA/Plc/Applications;s=FastRandomUIntScalar2":1528116362,"nsu=http://opcfoundation.org/UA/Plc/Applications;s=FastRandomUIntScalar3":348226877,"nsu=http://opcfoundation.org/UA/Plc/Applications;s=NegativeTrendData":98.900000000000006,"nsu=http://opcfoundation.org/UA/Plc/Applications;s=PositiveTrendData":101.5,"nsu=http://opcfoundation.org/UA/Plc/Applications;s=SlowUIntScalar1":9,"nsu=http://opcfoundation.org/UA/Plc/Applications;s=SlowUIntScalar2":9,"nsu=http://opcfoundation.org/UA/Plc/Applications;s=SlowUIntScalar3":9,"nsu=http://opcfoundation.org/UA/Plc/Applications;s=BadSlowUIntScalar1":null,"nsu=http://opcfoundation.org/UA/Plc/Applications;s=SlowRandomUIntScalar1":1044270669,"nsu=http://opcfoundation.org/UA/Plc/Applications;s=SlowRandomUIntScalar2":4063807217,"nsu=http://opcfoundation.org/UA/Plc/Applications;s=SlowRandomUIntScalar3":695022302,"nsu=http://opcfoundation.org/UA/Plc/Applications;s=BadSlowRandomUIntScalar1":null,"nsu=http://opcfoundation.org/UA/Plc/Applications;s=SpikeData":68.45471059286885,"ns=23;i=1259":0.30099999999999999}]