[{"i=2258":"2024-04-28T10:04:30.9382265Z","nsu=http://opcfoundation.org/UA/Plc/Applications;s=StepUp":992,"nsu=http://opcfoundation.org/UA/Plc/Applications;s=AlternatingBoolean":false,"nsu=http://opcfoundation.org/UA/Plc/Applications;s=RandomSignedInt32":-1434031964,"nsu=http://opcfoundation.org/UA/Plc/Applications;s=RandomUnsignedInt32":1390059615,"nsu=http://opcfoundation.org/UA/Plc/Applications;s=DipData":90.482705246601952,"nsu=http://opcfoundation.org/UA/Plc/Applications;s=FastUIntScalar1":99,"nsu=http://opcfoundation.org/UA/Plc/Applications;s=FastUIntScalar2":99,"nsu=http://opcfoundation.org/UA/Plc/Applications;s=FastUIntScalar3":99,"nsu=http://opcfoundation.org/UA/Plc/Applications;s=FastRandomUIntScalar1":584673632,"nsu=http://opcfoundation.org/UA/Plc/Applications;s=FastRandomUIntScalar2":3359254756,"nsu=http://opcfoundation.org/UA/Plc/Applications;s=FastRandomUIntScalar3":3087054062,"nsu=http://opcfoundation.org/UA/Plc/Applications;s=NegativeTrendData":98.900000000000006,"nsu=http://opcfoundation.org/UA/Plc/Applications;s=PositiveTrendData":101.5,"nsu=http://opcfoundation.org/UA/Plc/Applications;s=SlowUIntScalar1":9,"nsu=http://opcfoundation.org/UA/Plc/Applications;s=SlowUIntScalar2":9,"nsu=http://opcfoundation.org/UA/Plc/Applications;s=SlowUIntScalar3":9,"nsu=http://opcfoundation.org/UA/Plc/Applications;s=BadSlowUIntScalar1":null,"nsu=http://opcfoundation.org/UA/Plc/Applications;s=SlowRandomUIntScalar1":1044270669,"nsu=http://opcfoundation.org/UA/Plc/Applications;s=SlowRandomUIntScalar2":4063807217,"nsu=http://opcfoundation.org/UA/Plc/Applications;s=SlowRandomUIntScalar3":695022302,"nsu=http://opcfoundation.org/UA/Plc/Applications;s=BadSlowRandomUIntScalar1":null,"nsu=http://opcfoundation.org/UA/Plc/Applications;s=SpikeData":90.482705246601952,"ns=23;i=1259":1.3400000000000001}]