[{"SequenceNumber":413,"MetaDataVersion":{"MajorVersion":1},"Timestamp":"2024-04-27T14:49:07.6999829Z","MessageType":"ua-deltaframe","DataSetWriterName":"<<UnknownDataSet>>","Payload":{"ns=23;i=1259":{"Value":-0.80300000000000005,"SourceTimestamp":"2024-04-27T14:48:26.5927535Z","ServerTimestamp":"2024-04-27T14:49:07.6383368Z"},"i=2258":{"Value":"2024-04-27T14:49:06.7047721Z","SourceTimestamp":"2024-04-27T14:48:26.5925983Z","ServerTimestamp":"2024-04-27T14:49:06.7047774Z"}}},{"SequenceNumber":414,"MetaDataVersion":{"MajorVersion":1},"Timestamp":"2024-04-27T14:49:07.6999829Z","MessageType":"ua-deltaframe","DataSetWriterName":"<<UnknownDataSet>>","Payload":{"i=2258":{"Value":"2024-04-27T14:49:07.6068852Z","SourceTimestamp":"2024-04-27T14:48:26.5925983Z","ServerTimestamp":"2024-04-27T14:49:07.6068908Z"}}}]