{"MessageId":"816a042a-7c73-40e5-9ca4-a07feaa74024","MessageType":"ua-data","PublisherId":"DESKTOP-BGFJS91","DataSetWriterGroup":"MES","Messages":[{"MetaDataVersion":{"MajorVersion":1},"MessageType":"ua-deltaframe","DataSetWriterName":"<<UnknownDataSet>>","Payload":{"nsu=http://opcfoundation.org/UA/Plc/Applications;s=StepUp":{"Value":1036,"SourceTimestamp":"2024-04-26T11:59:02.0904243Z"},"nsu=http://opcfoundation.org/UA/Plc/Applications;s=RandomSignedInt32":{"Value":1078535255,"SourceTimestamp":"2024-04-26T11:59:02.0904433Z"},"nsu=http://opcfoundation.org/UA/Plc/Applications;s=RandomUnsignedInt32":{"Value":1435249715,"SourceTimestamp":"2024-04-26T11:59:02.0904478Z"},"nsu=http://opcfoundation.org/UA/Plc/Applications;s=DipData":{"Value":95.10565162951535,"SourceTimestamp":"2024-04-26T11:59:02.0904573Z"},"nsu=http://opcfoundation.org/UA/Plc/Applications;s=FastUIntScalar1":{"Value":103,"SourceTimestamp":"2024-04-26T11:59:01.4932147Z"}}}]}