{"MessageId":"b518b884-6f64-45c0-8a1e-91f46d357a32","MessageType":"ua-data","PublisherId":"DESKTOP-BGFJS91","DataSetWriterGroup":"MES","Messages":[{"MetaDataVersion":{"MajorVersion":1},"MessageType":"ua-deltaframe","DataSetWriterName":"<<UnknownDataSet>>","Payload":{"nsu=http://opcfoundation.org/UA/Plc/Applications;s=StepUp":{"Value":1096,"SourceTimestamp":"2024-04-26T11:59:08.1024007Z"},"nsu=http://opcfoundation.org/UA/Plc/Applications;s=RandomSignedInt32":{"Value":1254403906,"SourceTimestamp":"2024-04-26T11:59:08.1024355Z"},"nsu=http://opcfoundation.org/UA/Plc/Applications;s=RandomUnsignedInt32":{"Value":244610556,"SourceTimestamp":"2024-04-26T11:59:08.1024283Z"},"nsu=http://opcfoundation.org/UA/Plc/Applications;s=DipData":{"Value":58.778525229247315,"SourceTimestamp":"2024-04-26T11:59:08.1024436Z"},"nsu=http://opcfoundation.org/UA/Plc/Applications;s=FastUIntScalar1":{"Value":109,"SourceTimestamp":"2024-04-26T11:59:07.490773Z"}}}]}