{"MessageId":"f7c57682-4ee6-4121-8a65-3bcfd1b452c1","MessageType":"ua-data","PublisherId":"DESKTOP-BGFJS91","DataSetWriterGroup":"MES","Messages":[{"MetaDataVersion":{"MajorVersion":1},"MessageType":"ua-deltaframe","DataSetWriterName":"<<UnknownDataSet>>","Payload":{"nsu=http://opcfoundation.org/UA/Plc/Applications;s=StepUp":{"Value":1126,"SourceTimestamp":"2024-04-26T11:59:11.0966314Z"},"nsu=http://opcfoundation.org/UA/Plc/Applications;s=RandomSignedInt32":{"Value":705967565,"SourceTimestamp":"2024-04-26T11:59:11.0966531Z"},"nsu=http://opcfoundation.org/UA/Plc/Applications;s=RandomUnsignedInt32":{"Value":544653125,"SourceTimestamp":"2024-04-26T11:59:11.0966523Z"},"nsu=http://opcfoundation.org/UA/Plc/Applications;s=DipData":{"Value":-3.2162452993532734E-14,"SourceTimestamp":"2024-04-26T11:59:11.0966617Z"},"nsu=http://opcfoundation.org/UA/Plc/Applications;s=FastUIntScalar1":{"Value":112,"SourceTimestamp":"2024-04-26T11:59:10.4994187Z"}}}]}