{"MessageId":"2152d7cc-cac5-41ca-be12-8892f90b9dd6","MessageType":"ua-data","PublisherId":"DESKTOP-BGFJS91","DataSetWriterGroup":"MES","Messages":[{"MetaDataVersion":{"MajorVersion":1},"MessageType":"ua-deltaframe","DataSetWriterName":"<<UnknownDataSet>>","Payload":{"nsu=http://opcfoundation.org/UA/Plc/Applications;s=StepUp":{"Value":125,"SourceTimestamp":"2024-04-26T11:57:30.9985492Z"},"nsu=http://opcfoundation.org/UA/Plc/Applications;s=RandomSignedInt32":{"Value":-1009675374,"SourceTimestamp":"2024-04-26T11:57:30.9985611Z"},"nsu=http://opcfoundation.org/UA/Plc/Applications;s=RandomUnsignedInt32":{"Value":704565120,"SourceTimestamp":"2024-04-26T11:57:30.9985698Z"},"nsu=http://opcfoundation.org/UA/Plc/Applications;s=DipData":{"Value":-12.533323356430429,"SourceTimestamp":"2024-04-26T11:57:30.9985711Z"},"nsu=http://opcfoundation.org/UA/Plc/Applications;s=FastUIntScalar1":{"Value":12,"SourceTimestamp":"2024-04-26T11:57:30.4950993Z"}}}]}