{"MessageId":"742bd537-db8b-417a-affa-786e1f5bf98b","MessageType":"ua-data","PublisherId":"DESKTOP-BGFJS91","DataSetWriterGroup":"MES","Messages":[{"MetaDataVersion":{"MajorVersion":1},"MessageType":"ua-deltaframe","DataSetWriterName":"<<UnknownDataSet>>","Payload":{"nsu=http://opcfoundation.org/UA/Plc/Applications;s=StepUp":{"Value":396,"SourceTimestamp":"2024-04-26T11:57:58.0928702Z"},"nsu=http://opcfoundation.org/UA/Plc/Applications;s=RandomSignedInt32":{"Value":-832354812,"SourceTimestamp":"2024-04-26T11:57:58.0929125Z"},"nsu=http://opcfoundation.org/UA/Plc/Applications;s=RandomUnsignedInt32":{"Value":1570948431,"SourceTimestamp":"2024-04-26T11:57:58.0928977Z"},"nsu=http://opcfoundation.org/UA/Plc/Applications;s=DipData":{"Value":58.778525229247315,"SourceTimestamp":"2024-04-26T11:57:58.0929278Z"},"nsu=http://opcfoundation.org/UA/Plc/Applications;s=FastUIntScalar1":{"Value":39,"SourceTimestamp":"2024-04-26T11:57:57.494995Z"}}}]}