{"MessageId":"56242a3c-18b0-434c-a3dc-041513502be1","MessageType":"ua-data","PublisherId":"DESKTOP-BGFJS91","DataSetWriterGroup":"MES","Messages":[{"MetaDataVersion":{"MajorVersion":1},"MessageType":"ua-deltaframe","DataSetWriterName":"<<UnknownDataSet>>","Payload":{"nsu=http://opcfoundation.org/UA/Plc/Applications;s=StepUp":{"Value":425,"SourceTimestamp":"2024-04-26T11:58:00.9949741Z"},"nsu=http://opcfoundation.org/UA/Plc/Applications;s=RandomSignedInt32":{"Value":-2082114923,"SourceTimestamp":"2024-04-26T11:58:00.9949772Z"},"nsu=http://opcfoundation.org/UA/Plc/Applications;s=RandomUnsignedInt32":{"Value":126921163,"SourceTimestamp":"2024-04-26T11:58:00.9949704Z"},"nsu=http://opcfoundation.org/UA/Plc/Applications;s=DipData":{"Value":-12.533323356430429,"SourceTimestamp":"2024-04-26T11:58:00.994969Z"},"nsu=http://opcfoundation.org/UA/Plc/Applications;s=FastUIntScalar1":{"Value":42,"SourceTimestamp":"2024-04-26T11:58:00.4933932Z"}}}]}