{"MessageId":"7ea76e15-3de2-4b9e-b30c-084fdd9effae","MessageType":"ua-data","PublisherId":"DESKTOP-BGFJS91","DataSetWriterGroup":"MES","Messages":[{"MetaDataVersion":{"MajorVersion":1},"MessageType":"ua-deltaframe","DataSetWriterName":"<<UnknownDataSet>>","Payload":{"nsu=http://opcfoundation.org/UA/Plc/Applications;s=StepUp":{"Value":496,"SourceTimestamp":"2024-04-26T11:58:08.0916565Z"},"nsu=http://opcfoundation.org/UA/Plc/Applications;s=RandomSignedInt32":{"Value":1315574588,"SourceTimestamp":"2024-04-26T11:58:08.091684Z"},"nsu=http://opcfoundation.org/UA/Plc/Applications;s=RandomUnsignedInt32":{"Value":1872812402,"SourceTimestamp":"2024-04-26T11:58:08.0917084Z"},"nsu=http://opcfoundation.org/UA/Plc/Applications;s=DipData":{"Value":58.778525229247315,"SourceTimestamp":"2024-04-26T11:58:08.0917011Z"},"nsu=http://opcfoundation.org/UA/Plc/Applications;s=FastUIntScalar1":{"Value":49,"SourceTimestamp":"2024-04-26T11:58:07.4945631Z"}}}]}