{"MessageId":"461211fe-6649-4fd8-8bf9-739688b88701","MessageType":"ua-data","PublisherId":"DESKTOP-BGFJS91","DataSetWriterGroup":"MES","Messages":[{"MetaDataVersion":{"MajorVersion":1},"MessageType":"ua-deltaframe","DataSetWriterName":"<<UnknownDataSet>>","Payload":{"nsu=http://opcfoundation.org/UA/Plc/Applications;s=StepUp":{"Value":666,"SourceTimestamp":"2024-04-26T11:58:25.0988735Z"},"nsu=http://opcfoundation.org/UA/Plc/Applications;s=RandomSignedInt32":{"Value":1783338901,"SourceTimestamp":"2024-04-26T11:58:25.0988735Z"},"nsu=http://opcfoundation.org/UA/Plc/Applications;s=RandomUnsignedInt32":{"Value":2048659646,"SourceTimestamp":"2024-04-26T11:58:25.0988833Z"},"nsu=http://opcfoundation.org/UA/Plc/Applications;s=DipData":{"Value":-95.10565162951535,"SourceTimestamp":"2024-04-26T11:58:25.0988918Z"},"nsu=http://opcfoundation.org/UA/Plc/Applications;s=FastUIntScalar1":{"Value":66,"SourceTimestamp":"2024-04-26T11:58:24.5030349Z"}}}]}