{"MessageId":"2323f912-9720-44df-95dd-63a88c379720","MessageType":"ua-data","PublisherId":"DESKTOP-BGFJS91","DataSetWriterGroup":"MES","Messages":[{"MetaDataVersion":{"MajorVersion":1},"MessageType":"ua-deltaframe","DataSetWriterName":"<<UnknownDataSet>>","Payload":{"nsu=http://opcfoundation.org/UA/Plc/Applications;s=StepUp":{"Value":716,"SourceTimestamp":"2024-04-26T11:58:30.1008009Z"},"nsu=http://opcfoundation.org/UA/Plc/Applications;s=RandomSignedInt32":{"Value":-994231719,"SourceTimestamp":"2024-04-26T11:58:30.1008189Z"},"nsu=http://opcfoundation.org/UA/Plc/Applications;s=RandomUnsignedInt32":{"Value":1072049488,"SourceTimestamp":"2024-04-26T11:58:30.1008519Z"},"nsu=http://opcfoundation.org/UA/Plc/Applications;s=DipData":{"Value":-95.10565162951535,"SourceTimestamp":"2024-04-26T11:58:30.1008426Z"},"nsu=http://opcfoundation.org/UA/Plc/Applications;s=FastUIntScalar1":{"Value":71,"SourceTimestamp":"2024-04-26T11:58:29.4896382Z"}}}]}