{"MessageId":"143fd574-ad41-45f8-b3d7-d18116852aa2","MessageType":"ua-data","PublisherId":"DESKTOP-BGFJS91","DataSetWriterGroup":"MES","Messages":[{"MetaDataVersion":{"MajorVersion":1},"MessageType":"ua-deltaframe","DataSetWriterName":"<<UnknownDataSet>>","Payload":{"nsu=http://opcfoundation.org/UA/Plc/Applications;s=StepUp":{"Value":776,"SourceTimestamp":"2024-04-26T11:58:36.0979999Z"},"nsu=http://opcfoundation.org/UA/Plc/Applications;s=RandomSignedInt32":{"Value":-1039267157,"SourceTimestamp":"2024-04-26T11:58:36.0980237Z"},"nsu=http://opcfoundation.org/UA/Plc/Applications;s=RandomUnsignedInt32":{"Value":434208993,"SourceTimestamp":"2024-04-26T11:58:36.0980509Z"},"nsu=http://opcfoundation.org/UA/Plc/Applications;s=DipData":{"Value":-3.2162452993532734E-14,"SourceTimestamp":"2024-04-26T11:58:36.0980471Z"},"nsu=http://opcfoundation.org/UA/Plc/Applications;s=FastUIntScalar1":{"Value":77,"SourceTimestamp":"2024-04-26T11:58:35.5007314Z"}}}]}