{"MessageId":"212498be-e8f5-451a-ba85-a3650f0ef159","MessageType":"ua-data","PublisherId":"DESKTOP-BGFJS91","DataSetWriterGroup":"MES","Messages":[{"MetaDataVersion":{"MajorVersion":1},"MessageType":"ua-deltaframe","DataSetWriterName":"<<UnknownDataSet>>","Payload":{"nsu=http://opcfoundation.org/UA/Plc/Applications;s=StepUp":{"Value":796,"SourceTimestamp":"2024-04-26T11:58:38.093412Z"},"nsu=http://opcfoundation.org/UA/Plc/Applications;s=RandomSignedInt32":{"Value":-42788489,"SourceTimestamp":"2024-04-26T11:58:38.0934379Z"},"nsu=http://opcfoundation.org/UA/Plc/Applications;s=RandomUnsignedInt32":{"Value":1848665456,"SourceTimestamp":"2024-04-26T11:58:38.093436Z"},"nsu=http://opcfoundation.org/UA/Plc/Applications;s=DipData":{"Value":58.778525229247315,"SourceTimestamp":"2024-04-26T11:58:38.0934726Z"},"nsu=http://opcfoundation.org/UA/Plc/Applications;s=FastUIntScalar1":{"Value":79,"SourceTimestamp":"2024-04-26T11:58:37.4962864Z"}}}]}