{"MessageId":"60d83eba-201a-4a81-8740-ed9415545e26","MessageType":"ua-data","PublisherId":"DESKTOP-BGFJS91","DataSetWriterGroup":"MES","Messages":[{"MetaDataVersion":{"MajorVersion":1},"MessageType":"ua-deltaframe","DataSetWriterName":"<<UnknownDataSet>>","Payload":{"nsu=http://opcfoundation.org/UA/Plc/Applications;s=StepUp":{"Value":916,"SourceTimestamp":"2024-04-26T11:58:50.0934565Z"},"nsu=http://opcfoundation.org/UA/Plc/Applications;s=RandomSignedInt32":{"Value":1771948330,"SourceTimestamp":"2024-04-26T11:58:50.0934676Z"},"nsu=http://opcfoundation.org/UA/Plc/Applications;s=RandomUnsignedInt32":{"Value":1330336315,"SourceTimestamp":"2024-04-26T11:58:50.0934775Z"},"nsu=http://opcfoundation.org/UA/Plc/Applications;s=DipData":{"Value":-95.10565162951535,"SourceTimestamp":"2024-04-26T11:58:50.0934897Z"},"nsu=http://opcfoundation.org/UA/Plc/Applications;s=FastUIntScalar1":{"Value":91,"SourceTimestamp":"2024-04-26T11:58:49.496569Z"}}}]}