{"NodeId":"i=2253","EndpointUrl":"opc.tcp://localhost:61457/UA/SampleServer","ApplicationUri":"urn:desktop-bgfjs91:OPCFoundation:CoreSampleServer","DisplayName":"PendingAlarms","Timestamp":"2024-04-27T14:30:04.9108772Z","Value":{"Type":22,"Body":{"TypeId":{"IdType":1,"Id":"EncodeableDictionary_Encoding_DefaultJson"},"Body":{"EventId":{"Value":{"Type":15,"Body":"7M4Cnpqp706VGqjjiTgvMA=="},"SourceTimestamp":"2024-04-27T14:30:04.2119188Z"},"EventType":{"Value":{"Type":17,"Body":{"Id":10060}},"SourceTimestamp":"2024-04-27T14:30:04.2119188Z"},"LocalTime":{"Value":{"Type":22,"Body":{"TypeId":{"Id":15086},"Body":{"Offset":120,"DaylightSavingInOffset":true}}},"SourceTimestamp":"2024-04-27T14:30:04.2119188Z"},"Message":{"Value":{"Type":21,"Body":{"Text":"The alarm severity has increased."}},"SourceTimestamp":"2024-04-27T14:30:04.2119188Z"},"ReceiveTime":{"Value":{"Type":13,"Body":"2024-04-27T14:30:03.3843802Z"},"SourceTimestamp":"2024-04-27T14:30:04.2119188Z"},"Severity":{"Value":{"Type":5,"Body":900},"SourceTimestamp":"2024-04-27T14:30:04.2119188Z"},"SourceName":{"Value":{"Type":12,"Body":"NorthMotor"},"SourceTimestamp":"2024-04-27T14:30:04.2119188Z"},"SourceNode":{"Value":{"Type":17,"Body":{"IdType":1,"Id":"1:Colours/NorthMotor","Namespace":15}},"SourceTimestamp":"2024-04-27T14:30:04.2119188Z"},"Time":{"Value":{"Type":13,"Body":"2024-04-27T14:30:03.3843736Z"},"SourceTimestamp":"2024-04-27T14:30:04.2119188Z"}}}},"SequenceNumber":103,"ExtensionFields":{}}