{"NodeId":"i=2253","EndpointUrl":"opc.tcp://localhost:61457/UA/SampleServer","ApplicationUri":"urn:desktop-bgfjs91:OPCFoundation:CoreSampleServer","DisplayName":"PendingAlarms","Timestamp":"2024-04-27T14:30:14.9901286Z","Value":{"Type":22,"Body":{"TypeId":{"IdType":1,"Id":"EncodeableDictionary_Encoding_DefaultJson"},"Body":{"EventId":{"Value":{"Type":15,"Body":"M6rL5W32akmZ4mWbDUvkgw=="},"SourceTimestamp":"2024-04-27T14:30:08.2328778Z"},"EventType":{"Value":{"Type":17,"Body":{"Id":9764}},"SourceTimestamp":"2024-04-27T14:30:08.2328778Z"},"LocalTime":{"Value":{"Type":22,"Body":{"TypeId":{"Id":15086},"Body":{"Offset":120,"DaylightSavingInOffset":true}}},"SourceTimestamp":"2024-04-27T14:30:08.2328778Z"},"Message":{"Value":{"Type":21,"Body":{"Text":"The alarm severity has increased."}},"SourceTimestamp":"2024-04-27T14:30:08.2328778Z"},"ReceiveTime":{"Value":{"Type":13,"Body":"2024-04-27T14:30:07.3868793Z"},"SourceTimestamp":"2024-04-27T14:30:08.2328778Z"},"Severity":{"Value":{"Type":5,"Body":300},"SourceTimestamp":"2024-04-27T14:30:08.2328778Z"},"SourceName":{"Value":{"Type":12,"Body":"EastTank"},"SourceTimestamp":"2024-04-27T14:30:08.2328778Z"},"SourceNode":{"Value":{"Type":17,"Body":{"IdType":1,"Id":"1:Colours/EastTank","Namespace":15}},"SourceTimestamp":"2024-04-27T14:30:08.2328778Z"},"Time":{"Value":{"Type":13,"Body":"2024-04-27T14:30:07.3868493Z"},"SourceTimestamp":"2024-04-27T14:30:08.2328778Z"}}}},"SequenceNumber":106,"ExtensionFields":{}}