{"NodeId":"i=2253","EndpointUrl":"opc.tcp://localhost:61457/UA/SampleServer","ApplicationUri":"urn:desktop-bgfjs91:OPCFoundation:CoreSampleServer","DisplayName":"PendingAlarms","Timestamp":"2024-04-27T14:30:14.9902618Z","Value":{"Type":22,"Body":{"TypeId":{"IdType":1,"Id":"EncodeableDictionary_Encoding_DefaultJson"},"Body":{"EventId":{"Value":{"Type":15,"Body":"AXtjXumDUEmFlVTYS/l/aw=="},"SourceTimestamp":"2024-04-27T14:30:14.2322836Z"},"EventType":{"Value":{"Type":17,"Body":{"Id":10060}},"SourceTimestamp":"2024-04-27T14:30:14.2322836Z"},"LocalTime":{"Value":{"Type":22,"Body":{"TypeId":{"Id":15086},"Body":{"Offset":120,"DaylightSavingInOffset":true}}},"SourceTimestamp":"2024-04-27T14:30:14.2322836Z"},"Message":{"Value":{"Type":21,"Body":{"Text":"The alarm severity has increased."}},"SourceTimestamp":"2024-04-27T14:30:14.2322836Z"},"ReceiveTime":{"Value":{"Type":13,"Body":"2024-04-27T14:30:13.3808005Z"},"SourceTimestamp":"2024-04-27T14:30:14.2322836Z"},"Severity":{"Value":{"Type":5,"Body":900},"SourceTimestamp":"2024-04-27T14:30:14.2322836Z"},"SourceName":{"Value":{"Type":12,"Body":"WestTank"},"SourceTimestamp":"2024-04-27T14:30:14.2322836Z"},"SourceNode":{"Value":{"Type":17,"Body":{"IdType":1,"Id":"1:Metals/WestTank","Namespace":15}},"SourceTimestamp":"2024-04-27T14:30:14.2322836Z"},"Time":{"Value":{"Type":13,"Body":"2024-04-27T14:30:13.3807208Z"},"SourceTimestamp":"2024-04-27T14:30:14.2322836Z"}}}},"SequenceNumber":109,"ExtensionFields":{}}