{"NodeId":"i=2253","EndpointUrl":"opc.tcp://localhost:61457/UA/SampleServer","ApplicationUri":"urn:desktop-bgfjs91:OPCFoundation:CoreSampleServer","DisplayName":"PendingAlarms","Timestamp":"2024-04-27T14:30:14.9903781Z","Value":{"Type":22,"Body":{"TypeId":{"IdType":1,"Id":"EncodeableDictionary_Encoding_DefaultJson"},"Body":{"EventId":{"Value":{"Type":15,"Body":"riQUDeytT0Wh+vALiPlGgA=="},"SourceTimestamp":"2024-04-27T14:30:12.1902177Z"},"EventType":{"Value":{"Type":17,"Body":{"Id":10060}},"SourceTimestamp":"2024-04-27T14:30:12.1902177Z"},"LocalTime":{"Value":{"Type":22,"Body":{"TypeId":{"Id":15086},"Body":{"Offset":120,"DaylightSavingInOffset":true}}},"SourceTimestamp":"2024-04-27T14:30:12.1902177Z"},"Message":{"Value":{"Type":21,"Body":{"Text":"The alarm is active."}},"SourceTimestamp":"2024-04-27T14:30:12.1902177Z"},"ReceiveTime":{"Value":{"Type":13,"Body":"2024-04-27T14:30:11.3884167Z"},"SourceTimestamp":"2024-04-27T14:30:12.1902177Z"},"Severity":{"Value":{"Type":5,"Body":100},"SourceTimestamp":"2024-04-27T14:30:12.1902177Z"},"SourceName":{"Value":{"Type":12,"Body":"EastTank"},"SourceTimestamp":"2024-04-27T14:30:12.1902177Z"},"SourceNode":{"Value":{"Type":17,"Body":{"IdType":1,"Id":"1:Colours/EastTank","Namespace":15}},"SourceTimestamp":"2024-04-27T14:30:12.1902177Z"},"Time":{"Value":{"Type":13,"Body":"2024-04-27T14:30:11.3883931Z"},"SourceTimestamp":"2024-04-27T14:30:12.1902177Z"}}}},"SequenceNumber":112,"ExtensionFields":{}}