{"NodeId":"i=2253","EndpointUrl":"opc.tcp://localhost:61457/UA/SampleServer","ApplicationUri":"urn:desktop-bgfjs91:OPCFoundation:CoreSampleServer","DisplayName":"PendingAlarms","Timestamp":"2024-04-27T14:28:44.3729351Z","Value":{"Type":22,"Body":{"TypeId":{"IdType":1,"Id":"EncodeableDictionary_Encoding_DefaultJson"},"Body":{"EventId":{"Value":{"Type":15,"Body":"T4TJQnD+EEaTKdfJbOkFZw=="},"SourceTimestamp":"2024-04-27T14:28:42.2402348Z"},"EventType":{"Value":{"Type":17,"Body":{"Id":10060}},"SourceTimestamp":"2024-04-27T14:28:42.2402348Z"},"LocalTime":{"Value":{"Type":22,"Body":{"TypeId":{"Id":15086},"Body":{"Offset":120,"DaylightSavingInOffset":true}}},"SourceTimestamp":"2024-04-27T14:28:42.2402348Z"},"Message":{"Value":{"Type":21,"Body":{"Text":"The alarm severity has increased."}},"SourceTimestamp":"2024-04-27T14:28:42.2402348Z"},"ReceiveTime":{"Value":{"Type":13,"Body":"2024-04-27T14:28:41.4080225Z"},"SourceTimestamp":"2024-04-27T14:28:42.2402348Z"},"Severity":{"Value":{"Type":5,"Body":500},"SourceTimestamp":"2024-04-27T14:28:42.2402348Z"},"SourceName":{"Value":{"Type":12,"Body":"EastTank"},"SourceTimestamp":"2024-04-27T14:28:42.2402348Z"},"SourceNode":{"Value":{"Type":17,"Body":{"IdType":1,"Id":"1:Colours/EastTank","Namespace":15}},"SourceTimestamp":"2024-04-27T14:28:42.2402348Z"},"Time":{"Value":{"Type":13,"Body":"2024-04-27T14:28:41.4080108Z"},"SourceTimestamp":"2024-04-27T14:28:42.2402348Z"}}}},"SequenceNumber":10,"ExtensionFields":{}}