{"NodeId":"i=2253","EndpointUrl":"opc.tcp://localhost:61457/UA/SampleServer","ApplicationUri":"urn:desktop-bgfjs91:OPCFoundation:CoreSampleServer","DisplayName":"PendingAlarms","Timestamp":"2024-04-27T14:28:34.3109526Z","Value":{"Type":22,"Body":{"TypeId":{"IdType":1,"Id":"EncodeableDictionary_Encoding_DefaultJson"},"Body":{"EventId":{"Value":{"Type":15,"Body":"zidBD2X9lkuxyfIQ1qW7Sw=="},"SourceTimestamp":"2024-04-27T14:28:32.187144Z"},"EventType":{"Value":{"Type":17,"Body":{"Id":10751}},"SourceTimestamp":"2024-04-27T14:28:32.187144Z"},"LocalTime":{"Value":{"Type":22,"Body":{"TypeId":{"Id":15086},"Body":{"Offset":120,"DaylightSavingInOffset":true}}},"SourceTimestamp":"2024-04-27T14:28:32.187144Z"},"Message":{"Value":{"Type":21,"Body":{"Text":"The alarm severity has increased."}},"SourceTimestamp":"2024-04-27T14:28:32.187144Z"},"ReceiveTime":{"Value":{"Type":13,"Body":"2024-04-27T14:28:31.3795958Z"},"SourceTimestamp":"2024-04-27T14:28:32.187144Z"},"Severity":{"Value":{"Type":5,"Body":300},"SourceTimestamp":"2024-04-27T14:28:32.187144Z"},"SourceName":{"Value":{"Type":12,"Body":"WestTank"},"SourceTimestamp":"2024-04-27T14:28:32.187144Z"},"SourceNode":{"Value":{"Type":17,"Body":{"IdType":1,"Id":"1:Metals/WestTank","Namespace":15}},"SourceTimestamp":"2024-04-27T14:28:32.187144Z"},"Time":{"Value":{"Type":13,"Body":"2024-04-27T14:28:31.3795903Z"},"SourceTimestamp":"2024-04-27T14:28:32.187144Z"}}}},"SequenceNumber":2,"ExtensionFields":{}}