{"NodeId":"i=2253","EndpointUrl":"opc.tcp://localhost:61457/UA/SampleServer","ApplicationUri":"urn:desktop-bgfjs91:OPCFoundation:CoreSampleServer","DisplayName":"PendingAlarms","Timestamp":"2024-04-27T14:28:54.4380602Z","Value":{"Type":22,"Body":{"TypeId":{"IdType":1,"Id":"EncodeableDictionary_Encoding_DefaultJson"},"Body":{"EventId":{"Value":{"Type":15,"Body":"5sZAEo66jU25fxZidYJ8fg=="},"SourceTimestamp":"2024-04-27T14:28:48.2391232Z"},"EventType":{"Value":{"Type":17,"Body":{"Id":9764}},"SourceTimestamp":"2024-04-27T14:28:48.2391232Z"},"LocalTime":{"Value":{"Type":22,"Body":{"TypeId":{"Id":15086},"Body":{"Offset":120,"DaylightSavingInOffset":true}}},"SourceTimestamp":"2024-04-27T14:28:48.2391232Z"},"Message":{"Value":{"Type":21,"Body":{"Text":"The alarm severity has increased."}},"SourceTimestamp":"2024-04-27T14:28:48.2391232Z"},"ReceiveTime":{"Value":{"Type":13,"Body":"2024-04-27T14:28:47.3883986Z"},"SourceTimestamp":"2024-04-27T14:28:48.2391232Z"},"Severity":{"Value":{"Type":5,"Body":700},"SourceTimestamp":"2024-04-27T14:28:48.2391232Z"},"SourceName":{"Value":{"Type":12,"Body":"EastTank"},"SourceTimestamp":"2024-04-27T14:28:48.2391232Z"},"SourceNode":{"Value":{"Type":17,"Body":{"IdType":1,"Id":"1:Colours/EastTank","Namespace":15}},"SourceTimestamp":"2024-04-27T14:28:48.2391232Z"},"Time":{"Value":{"Type":13,"Body":"2024-04-27T14:28:47.3883719Z"},"SourceTimestamp":"2024-04-27T14:28:48.2391232Z"}}}},"SequenceNumber":24,"ExtensionFields":{}}