{"NodeId":"i=2253","EndpointUrl":"opc.tcp://localhost:61457/UA/SampleServer","ApplicationUri":"urn:desktop-bgfjs91:OPCFoundation:CoreSampleServer","DisplayName":"PendingAlarms","Timestamp":"2024-04-27T14:28:54.4382658Z","Value":{"Type":22,"Body":{"TypeId":{"IdType":1,"Id":"EncodeableDictionary_Encoding_DefaultJson"},"Body":{"EventId":{"Value":{"Type":15,"Body":"6oUzM7P7sEe524+iHkUCTg=="},"SourceTimestamp":"2024-04-27T14:28:51.2111011Z"},"EventType":{"Value":{"Type":17,"Body":{"Id":10060}},"SourceTimestamp":"2024-04-27T14:28:51.2111011Z"},"LocalTime":{"Value":{"Type":22,"Body":{"TypeId":{"Id":15086},"Body":{"Offset":120,"DaylightSavingInOffset":true}}},"SourceTimestamp":"2024-04-27T14:28:51.2111011Z"},"Message":{"Value":{"Type":21,"Body":{"Text":"The alarm severity has increased."}},"SourceTimestamp":"2024-04-27T14:28:51.2111011Z"},"ReceiveTime":{"Value":{"Type":13,"Body":"2024-04-27T14:28:50.3788187Z"},"SourceTimestamp":"2024-04-27T14:28:51.2111011Z"},"Severity":{"Value":{"Type":5,"Body":700},"SourceTimestamp":"2024-04-27T14:28:51.2111011Z"},"SourceName":{"Value":{"Type":12,"Body":"EastTank"},"SourceTimestamp":"2024-04-27T14:28:51.2111011Z"},"SourceNode":{"Value":{"Type":17,"Body":{"IdType":1,"Id":"1:Colours/EastTank","Namespace":15}},"SourceTimestamp":"2024-04-27T14:28:51.2111011Z"},"Time":{"Value":{"Type":13,"Body":"2024-04-27T14:28:50.3788067Z"},"SourceTimestamp":"2024-04-27T14:28:51.2111011Z"}}}},"SequenceNumber":22,"ExtensionFields":{}}