{"NodeId":"i=2253","EndpointUrl":"opc.tcp://localhost:61457/UA/SampleServer","ApplicationUri":"urn:desktop-bgfjs91:OPCFoundation:CoreSampleServer","DisplayName":"PendingAlarms","Timestamp":"2024-04-27T14:28:54.4382886Z","Value":{"Type":22,"Body":{"TypeId":{"IdType":1,"Id":"EncodeableDictionary_Encoding_DefaultJson"},"Body":{"EventId":{"Value":{"Type":15,"Body":"W4dG5F2CrEG0bgJFch9PsQ=="},"SourceTimestamp":"2024-04-27T14:28:51.2111011Z"},"EventType":{"Value":{"Type":17,"Body":{"Id":9764}},"SourceTimestamp":"2024-04-27T14:28:51.2111011Z"},"LocalTime":{"Value":{"Type":22,"Body":{"TypeId":{"Id":15086},"Body":{"Offset":120,"DaylightSavingInOffset":true}}},"SourceTimestamp":"2024-04-27T14:28:51.2111011Z"},"Message":{"Value":{"Type":21,"Body":{"Text":"The alarm severity has increased."}},"SourceTimestamp":"2024-04-27T14:28:51.2111011Z"},"ReceiveTime":{"Value":{"Type":13,"Body":"2024-04-27T14:28:50.3790324Z"},"SourceTimestamp":"2024-04-27T14:28:51.2111011Z"},"Severity":{"Value":{"Type":5,"Body":700},"SourceTimestamp":"2024-04-27T14:28:51.2111011Z"},"SourceName":{"Value":{"Type":12,"Body":"NorthMotor"},"SourceTimestamp":"2024-04-27T14:28:51.2111011Z"},"SourceNode":{"Value":{"Type":17,"Body":{"IdType":1,"Id":"1:Colours/NorthMotor","Namespace":15}},"SourceTimestamp":"2024-04-27T14:28:51.2111011Z"},"Time":{"Value":{"Type":13,"Body":"2024-04-27T14:28:50.3790117Z"},"SourceTimestamp":"2024-04-27T14:28:51.2111011Z"}}}},"SequenceNumber":26,"ExtensionFields":{}}