{"NodeId":"i=2253","EndpointUrl":"opc.tcp://localhost:61457/UA/SampleServer","ApplicationUri":"urn:desktop-bgfjs91:OPCFoundation:CoreSampleServer","DisplayName":"PendingAlarms","Timestamp":"2024-04-27T14:28:54.4384891Z","Value":{"Type":22,"Body":{"TypeId":{"IdType":1,"Id":"EncodeableDictionary_Encoding_DefaultJson"},"Body":{"EventId":{"Value":{"Type":15,"Body":"q+UAHZs73kiAQPMxxlXgJg=="},"SourceTimestamp":"2024-04-27T14:28:46.2004589Z"},"EventType":{"Value":{"Type":17,"Body":{"Id":9764}},"SourceTimestamp":"2024-04-27T14:28:46.2004589Z"},"LocalTime":{"Value":{"Type":22,"Body":{"TypeId":{"Id":15086},"Body":{"Offset":120,"DaylightSavingInOffset":true}}},"SourceTimestamp":"2024-04-27T14:28:46.2004589Z"},"Message":{"Value":{"Type":21,"Body":{"Text":"The alarm severity has increased."}},"SourceTimestamp":"2024-04-27T14:28:46.2004589Z"},"ReceiveTime":{"Value":{"Type":13,"Body":"2024-04-27T14:28:45.3803113Z"},"SourceTimestamp":"2024-04-27T14:28:46.2004589Z"},"Severity":{"Value":{"Type":5,"Body":500},"SourceTimestamp":"2024-04-27T14:28:46.2004589Z"},"SourceName":{"Value":{"Type":12,"Body":"SouthMotor"},"SourceTimestamp":"2024-04-27T14:28:46.2004589Z"},"SourceNode":{"Value":{"Type":17,"Body":{"IdType":1,"Id":"1:Metals/SouthMotor","Namespace":15}},"SourceTimestamp":"2024-04-27T14:28:46.2004589Z"},"Time":{"Value":{"Type":13,"Body":"2024-04-27T14:28:45.3803067Z"},"SourceTimestamp":"2024-04-27T14:28:46.2004589Z"}}}},"SequenceNumber":32,"ExtensionFields":{}}