{"NodeId":"i=2253","EndpointUrl":"opc.tcp://localhost:61457/UA/SampleServer","ApplicationUri":"urn:desktop-bgfjs91:OPCFoundation:CoreSampleServer","DisplayName":"PendingAlarms","Timestamp":"2024-04-27T14:29:04.4999424Z","Value":{"Type":22,"Body":{"TypeId":{"IdType":1,"Id":"EncodeableDictionary_Encoding_DefaultJson"},"Body":{"EventId":{"Value":{"Type":15,"Body":"BuBQ6YmfB0y6McGchK5A0A=="},"SourceTimestamp":"2024-04-27T14:29:04.1912704Z"},"EventType":{"Value":{"Type":17,"Body":{"Id":9764}},"SourceTimestamp":"2024-04-27T14:29:04.1912704Z"},"LocalTime":{"Value":{"Type":22,"Body":{"TypeId":{"Id":15086},"Body":{"Offset":120,"DaylightSavingInOffset":true}}},"SourceTimestamp":"2024-04-27T14:29:04.1912704Z"},"Message":{"Value":{"Type":21,"Body":{"Text":"The alarm was deactivated by the system."}},"SourceTimestamp":"2024-04-27T14:29:04.1912704Z"},"ReceiveTime":{"Value":{"Type":13,"Body":"2024-04-27T14:29:03.3834734Z"},"SourceTimestamp":"2024-04-27T14:29:04.1912704Z"},"Severity":{"Value":{"Type":5,"Body":100},"SourceTimestamp":"2024-04-27T14:29:04.1912704Z"},"SourceName":{"Value":{"Type":12,"Body":"EastTank"},"SourceTimestamp":"2024-04-27T14:29:04.1912704Z"},"SourceNode":{"Value":{"Type":17,"Body":{"IdType":1,"Id":"1:Colours/EastTank","Namespace":15}},"SourceTimestamp":"2024-04-27T14:29:04.1912704Z"},"Time":{"Value":{"Type":13,"Body":"2024-04-27T14:29:03.3834533Z"},"SourceTimestamp":"2024-04-27T14:29:04.1912704Z"}}}},"SequenceNumber":34,"ExtensionFields":{}}