{"NodeId":"i=2253","EndpointUrl":"opc.tcp://localhost:61457/UA/SampleServer","ApplicationUri":"urn:desktop-bgfjs91:OPCFoundation:CoreSampleServer","DisplayName":"PendingAlarms","Timestamp":"2024-04-27T14:29:04.5002031Z","Value":{"Type":22,"Body":{"TypeId":{"IdType":1,"Id":"EncodeableDictionary_Encoding_DefaultJson"},"Body":{"EventId":{"Value":{"Type":15,"Body":"eN08d3yzK0+6ll7dlCo3aw=="},"SourceTimestamp":"2024-04-27T14:29:04.1912704Z"},"EventType":{"Value":{"Type":17,"Body":{"Id":9764}},"SourceTimestamp":"2024-04-27T14:29:04.1912704Z"},"LocalTime":{"Value":{"Type":22,"Body":{"TypeId":{"Id":15086},"Body":{"Offset":120,"DaylightSavingInOffset":true}}},"SourceTimestamp":"2024-04-27T14:29:04.1912704Z"},"Message":{"Value":{"Type":21,"Body":{"Text":"The alarm severity has increased."}},"SourceTimestamp":"2024-04-27T14:29:04.1912704Z"},"ReceiveTime":{"Value":{"Type":13,"Body":"2024-04-27T14:29:03.383966Z"},"SourceTimestamp":"2024-04-27T14:29:04.1912704Z"},"Severity":{"Value":{"Type":5,"Body":900},"SourceTimestamp":"2024-04-27T14:29:04.1912704Z"},"SourceName":{"Value":{"Type":12,"Body":"WestTank"},"SourceTimestamp":"2024-04-27T14:29:04.1912704Z"},"SourceNode":{"Value":{"Type":17,"Body":{"IdType":1,"Id":"1:Metals/WestTank","Namespace":15}},"SourceTimestamp":"2024-04-27T14:29:04.1912704Z"},"Time":{"Value":{"Type":13,"Body":"2024-04-27T14:29:03.383959Z"},"SourceTimestamp":"2024-04-27T14:29:04.1912704Z"}}}},"SequenceNumber":40,"ExtensionFields":{}}