{"NodeId":"i=2253","EndpointUrl":"opc.tcp://localhost:61457/UA/SampleServer","ApplicationUri":"urn:desktop-bgfjs91:OPCFoundation:CoreSampleServer","DisplayName":"PendingAlarms","Timestamp":"2024-04-27T14:29:04.5003006Z","Value":{"Type":22,"Body":{"TypeId":{"IdType":1,"Id":"EncodeableDictionary_Encoding_DefaultJson"},"Body":{"EventId":{"Value":{"Type":15,"Body":"k2LbJajO7Uuuo1icpOXJig=="},"SourceTimestamp":"2024-04-27T14:28:57.2266439Z"},"EventType":{"Value":{"Type":17,"Body":{"Id":9764}},"SourceTimestamp":"2024-04-27T14:28:57.2266439Z"},"LocalTime":{"Value":{"Type":22,"Body":{"TypeId":{"Id":15086},"Body":{"Offset":120,"DaylightSavingInOffset":true}}},"SourceTimestamp":"2024-04-27T14:28:57.2266439Z"},"Message":{"Value":{"Type":21,"Body":{"Text":"The alarm severity has increased."}},"SourceTimestamp":"2024-04-27T14:28:57.2266439Z"},"ReceiveTime":{"Value":{"Type":13,"Body":"2024-04-27T14:28:56.3756692Z"},"SourceTimestamp":"2024-04-27T14:28:57.2266439Z"},"Severity":{"Value":{"Type":5,"Body":700},"SourceTimestamp":"2024-04-27T14:28:57.2266439Z"},"SourceName":{"Value":{"Type":12,"Body":"SouthMotor"},"SourceTimestamp":"2024-04-27T14:28:57.2266439Z"},"SourceNode":{"Value":{"Type":17,"Body":{"IdType":1,"Id":"1:Metals/SouthMotor","Namespace":15}},"SourceTimestamp":"2024-04-27T14:28:57.2266439Z"},"Time":{"Value":{"Type":13,"Body":"2024-04-27T14:28:56.3756639Z"},"SourceTimestamp":"2024-04-27T14:28:57.2266439Z"}}}},"SequenceNumber":42,"ExtensionFields":{}}