{"NodeId":"i=2253","EndpointUrl":"opc.tcp://localhost:61457/UA/SampleServer","ApplicationUri":"urn:desktop-bgfjs91:OPCFoundation:CoreSampleServer","DisplayName":"PendingAlarms","Timestamp":"2024-04-27T14:29:14.5508597Z","Value":{"Type":22,"Body":{"TypeId":{"IdType":1,"Id":"EncodeableDictionary_Encoding_DefaultJson"},"Body":{"EventId":{"Value":{"Type":15,"Body":"w3RNfefcR0+fUm6LHeUB0g=="},"SourceTimestamp":"2024-04-27T14:29:12.2323339Z"},"EventType":{"Value":{"Type":17,"Body":{"Id":10060}},"SourceTimestamp":"2024-04-27T14:29:12.2323339Z"},"LocalTime":{"Value":{"Type":22,"Body":{"TypeId":{"Id":15086},"Body":{"Offset":120,"DaylightSavingInOffset":true}}},"SourceTimestamp":"2024-04-27T14:29:12.2323339Z"},"Message":{"Value":{"Type":21,"Body":{"Text":"The alarm is active."}},"SourceTimestamp":"2024-04-27T14:29:12.2323339Z"},"ReceiveTime":{"Value":{"Type":13,"Body":"2024-04-27T14:29:11.3799917Z"},"SourceTimestamp":"2024-04-27T14:29:12.2323339Z"},"Severity":{"Value":{"Type":5,"Body":100},"SourceTimestamp":"2024-04-27T14:29:12.2323339Z"},"SourceName":{"Value":{"Type":12,"Body":"SouthMotor"},"SourceTimestamp":"2024-04-27T14:29:12.2323339Z"},"SourceNode":{"Value":{"Type":17,"Body":{"IdType":1,"Id":"1:Metals/SouthMotor","Namespace":15}},"SourceTimestamp":"2024-04-27T14:29:12.2323339Z"},"Time":{"Value":{"Type":13,"Body":"2024-04-27T14:29:11.3799882Z"},"SourceTimestamp":"2024-04-27T14:29:12.2323339Z"}}}},"SequenceNumber":46,"ExtensionFields":{}}