{"NodeId":"i=2253","EndpointUrl":"opc.tcp://localhost:61457/UA/SampleServer","ApplicationUri":"urn:desktop-bgfjs91:OPCFoundation:CoreSampleServer","DisplayName":"PendingAlarms","Timestamp":"2024-04-27T14:28:34.311053Z","Value":{"Type":22,"Body":{"TypeId":{"IdType":1,"Id":"EncodeableDictionary_Encoding_DefaultJson"},"Body":{"EventId":{"Value":{"Type":15,"Body":"sKs4hofCz06fAksrY/AoKw=="},"SourceTimestamp":"2024-04-27T14:28:33.2362098Z"},"EventType":{"Value":{"Type":17,"Body":{"Id":9764}},"SourceTimestamp":"2024-04-27T14:28:33.2362098Z"},"LocalTime":{"Value":{"Type":22,"Body":{"TypeId":{"Id":15086},"Body":{"Offset":120,"DaylightSavingInOffset":true}}},"SourceTimestamp":"2024-04-27T14:28:33.2362098Z"},"Message":{"Value":{"Type":21,"Body":{"Text":"The alarm severity has increased."}},"SourceTimestamp":"2024-04-27T14:28:33.2362098Z"},"ReceiveTime":{"Value":{"Type":13,"Body":"2024-04-27T14:28:32.3879063Z"},"SourceTimestamp":"2024-04-27T14:28:33.2362098Z"},"Severity":{"Value":{"Type":5,"Body":300},"SourceTimestamp":"2024-04-27T14:28:33.2362098Z"},"SourceName":{"Value":{"Type":12,"Body":"NorthMotor"},"SourceTimestamp":"2024-04-27T14:28:33.2362098Z"},"SourceNode":{"Value":{"Type":17,"Body":{"IdType":1,"Id":"1:Colours/NorthMotor","Namespace":15}},"SourceTimestamp":"2024-04-27T14:28:33.2362098Z"},"Time":{"Value":{"Type":13,"Body":"2024-04-27T14:28:32.3878975Z"},"SourceTimestamp":"2024-04-27T14:28:33.2362098Z"}}}},"SequenceNumber":5,"ExtensionFields":{}}