{"NodeId":"i=2253","EndpointUrl":"opc.tcp://localhost:61457/UA/SampleServer","ApplicationUri":"urn:desktop-bgfjs91:OPCFoundation:CoreSampleServer","DisplayName":"PendingAlarms","Timestamp":"2024-04-27T14:29:24.6321295Z","Value":{"Type":22,"Body":{"TypeId":{"IdType":1,"Id":"EncodeableDictionary_Encoding_DefaultJson"},"Body":{"EventId":{"Value":{"Type":15,"Body":"8OWn/FS7K0Kpv59KVxcyzQ=="},"SourceTimestamp":"2024-04-27T14:29:20.229305Z"},"EventType":{"Value":{"Type":17,"Body":{"Id":10060}},"SourceTimestamp":"2024-04-27T14:29:20.229305Z"},"LocalTime":{"Value":{"Type":22,"Body":{"TypeId":{"Id":15086},"Body":{"Offset":120,"DaylightSavingInOffset":true}}},"SourceTimestamp":"2024-04-27T14:29:20.229305Z"},"Message":{"Value":{"Type":21,"Body":{"Text":"The alarm severity has increased."}},"SourceTimestamp":"2024-04-27T14:29:20.229305Z"},"ReceiveTime":{"Value":{"Type":13,"Body":"2024-04-27T14:29:19.3765489Z"},"SourceTimestamp":"2024-04-27T14:29:20.229305Z"},"Severity":{"Value":{"Type":5,"Body":300},"SourceTimestamp":"2024-04-27T14:29:20.229305Z"},"SourceName":{"Value":{"Type":12,"Body":"SouthMotor"},"SourceTimestamp":"2024-04-27T14:29:20.229305Z"},"SourceNode":{"Value":{"Type":17,"Body":{"IdType":1,"Id":"1:Metals/SouthMotor","Namespace":15}},"SourceTimestamp":"2024-04-27T14:29:20.229305Z"},"Time":{"Value":{"Type":13,"Body":"2024-04-27T14:29:19.3765456Z"},"SourceTimestamp":"2024-04-27T14:29:20.229305Z"}}}},"SequenceNumber":52,"ExtensionFields":{}}