{"NodeId":"i=2253","EndpointUrl":"opc.tcp://localhost:61457/UA/SampleServer","ApplicationUri":"urn:desktop-bgfjs91:OPCFoundation:CoreSampleServer","DisplayName":"PendingAlarms","Timestamp":"2024-04-27T14:29:24.6322408Z","Value":{"Type":22,"Body":{"TypeId":{"IdType":1,"Id":"EncodeableDictionary_Encoding_DefaultJson"},"Body":{"EventId":{"Value":{"Type":15,"Body":"gpg70Ygt4ka4T49lrDuo8Q=="},"SourceTimestamp":"2024-04-27T14:29:18.2431407Z"},"EventType":{"Value":{"Type":17,"Body":{"Id":10751}},"SourceTimestamp":"2024-04-27T14:29:18.2431407Z"},"LocalTime":{"Value":{"Type":22,"Body":{"TypeId":{"Id":15086},"Body":{"Offset":120,"DaylightSavingInOffset":true}}},"SourceTimestamp":"2024-04-27T14:29:18.2431407Z"},"Message":{"Value":{"Type":21,"Body":{"Text":"The alarm is active."}},"SourceTimestamp":"2024-04-27T14:29:18.2431407Z"},"ReceiveTime":{"Value":{"Type":13,"Body":"2024-04-27T14:29:17.3759841Z"},"SourceTimestamp":"2024-04-27T14:29:18.2431407Z"},"Severity":{"Value":{"Type":5,"Body":100},"SourceTimestamp":"2024-04-27T14:29:18.2431407Z"},"SourceName":{"Value":{"Type":12,"Body":"SouthMotor"},"SourceTimestamp":"2024-04-27T14:29:18.2431407Z"},"SourceNode":{"Value":{"Type":17,"Body":{"IdType":1,"Id":"1:Metals/SouthMotor","Namespace":15}},"SourceTimestamp":"2024-04-27T14:29:18.2431407Z"},"Time":{"Value":{"Type":13,"Body":"2024-04-27T14:29:17.3759809Z"},"SourceTimestamp":"2024-04-27T14:29:18.2431407Z"}}}},"SequenceNumber":56,"ExtensionFields":{}}