{"NodeId":"i=2253","EndpointUrl":"opc.tcp://localhost:61457/UA/SampleServer","ApplicationUri":"urn:desktop-bgfjs91:OPCFoundation:CoreSampleServer","DisplayName":"PendingAlarms","Timestamp":"2024-04-27T14:29:24.6323628Z","Value":{"Type":22,"Body":{"TypeId":{"IdType":1,"Id":"EncodeableDictionary_Encoding_DefaultJson"},"Body":{"EventId":{"Value":{"Type":15,"Body":"EuGsP8SYi0mni8UxL19Irw=="},"SourceTimestamp":"2024-04-27T14:29:24.2035281Z"},"EventType":{"Value":{"Type":17,"Body":{"Id":10751}},"SourceTimestamp":"2024-04-27T14:29:24.2035281Z"},"LocalTime":{"Value":{"Type":22,"Body":{"TypeId":{"Id":15086},"Body":{"Offset":120,"DaylightSavingInOffset":true}}},"SourceTimestamp":"2024-04-27T14:29:24.2035281Z"},"Message":{"Value":{"Type":21,"Body":{"Text":"The alarm is active."}},"SourceTimestamp":"2024-04-27T14:29:24.2035281Z"},"ReceiveTime":{"Value":{"Type":13,"Body":"2024-04-27T14:29:23.3806387Z"},"SourceTimestamp":"2024-04-27T14:29:24.2035281Z"},"Severity":{"Value":{"Type":5,"Body":100},"SourceTimestamp":"2024-04-27T14:29:24.2035281Z"},"SourceName":{"Value":{"Type":12,"Body":"EastTank"},"SourceTimestamp":"2024-04-27T14:29:24.2035281Z"},"SourceNode":{"Value":{"Type":17,"Body":{"IdType":1,"Id":"1:Colours/EastTank","Namespace":15}},"SourceTimestamp":"2024-04-27T14:29:24.2035281Z"},"Time":{"Value":{"Type":13,"Body":"2024-04-27T14:29:23.3805868Z"},"SourceTimestamp":"2024-04-27T14:29:24.2035281Z"}}}},"SequenceNumber":60,"ExtensionFields":{}}