{"NodeId":"i=2253","EndpointUrl":"opc.tcp://localhost:61457/UA/SampleServer","ApplicationUri":"urn:desktop-bgfjs91:OPCFoundation:CoreSampleServer","DisplayName":"PendingAlarms","Timestamp":"2024-04-27T14:29:34.7191862Z","Value":{"Type":22,"Body":{"TypeId":{"IdType":1,"Id":"EncodeableDictionary_Encoding_DefaultJson"},"Body":{"EventId":{"Value":{"Type":15,"Body":"qg7HWhMPnEaJ4lDBymynyw=="},"SourceTimestamp":"2024-04-27T14:29:30.2034874Z"},"EventType":{"Value":{"Type":17,"Body":{"Id":10751}},"SourceTimestamp":"2024-04-27T14:29:30.2034874Z"},"LocalTime":{"Value":{"Type":22,"Body":{"TypeId":{"Id":15086},"Body":{"Offset":120,"DaylightSavingInOffset":true}}},"SourceTimestamp":"2024-04-27T14:29:30.2034874Z"},"Message":{"Value":{"Type":21,"Body":{"Text":"The alarm is active."}},"SourceTimestamp":"2024-04-27T14:29:30.2034874Z"},"ReceiveTime":{"Value":{"Type":13,"Body":"2024-04-27T14:29:29.3735432Z"},"SourceTimestamp":"2024-04-27T14:29:30.2034874Z"},"Severity":{"Value":{"Type":5,"Body":100},"SourceTimestamp":"2024-04-27T14:29:30.2034874Z"},"SourceName":{"Value":{"Type":12,"Body":"NorthMotor"},"SourceTimestamp":"2024-04-27T14:29:30.2034874Z"},"SourceNode":{"Value":{"Type":17,"Body":{"IdType":1,"Id":"1:Colours/NorthMotor","Namespace":15}},"SourceTimestamp":"2024-04-27T14:29:30.2034874Z"},"Time":{"Value":{"Type":13,"Body":"2024-04-27T14:29:29.3735182Z"},"SourceTimestamp":"2024-04-27T14:29:30.2034874Z"}}}},"SequenceNumber":65,"ExtensionFields":{}}