{"NodeId":"i=2253","EndpointUrl":"opc.tcp://localhost:61457/UA/SampleServer","ApplicationUri":"urn:desktop-bgfjs91:OPCFoundation:CoreSampleServer","DisplayName":"PendingAlarms","Timestamp":"2024-04-27T14:29:34.7192633Z","Value":{"Type":22,"Body":{"TypeId":{"IdType":1,"Id":"EncodeableDictionary_Encoding_DefaultJson"},"Body":{"EventId":{"Value":{"Type":15,"Body":"6Yy+Fnvo/UK+/ykLAGoPfA=="},"SourceTimestamp":"2024-04-27T14:29:28.2264059Z"},"EventType":{"Value":{"Type":17,"Body":{"Id":10751}},"SourceTimestamp":"2024-04-27T14:29:28.2264059Z"},"LocalTime":{"Value":{"Type":22,"Body":{"TypeId":{"Id":15086},"Body":{"Offset":120,"DaylightSavingInOffset":true}}},"SourceTimestamp":"2024-04-27T14:29:28.2264059Z"},"Message":{"Value":{"Type":21,"Body":{"Text":"The alarm severity has increased."}},"SourceTimestamp":"2024-04-27T14:29:28.2264059Z"},"ReceiveTime":{"Value":{"Type":13,"Body":"2024-04-27T14:29:27.3880814Z"},"SourceTimestamp":"2024-04-27T14:29:28.2264059Z"},"Severity":{"Value":{"Type":5,"Body":500},"SourceTimestamp":"2024-04-27T14:29:28.2264059Z"},"SourceName":{"Value":{"Type":12,"Body":"WestTank"},"SourceTimestamp":"2024-04-27T14:29:28.2264059Z"},"SourceNode":{"Value":{"Type":17,"Body":{"IdType":1,"Id":"1:Metals/WestTank","Namespace":15}},"SourceTimestamp":"2024-04-27T14:29:28.2264059Z"},"Time":{"Value":{"Type":13,"Body":"2024-04-27T14:29:27.3880772Z"},"SourceTimestamp":"2024-04-27T14:29:28.2264059Z"}}}},"SequenceNumber":67,"ExtensionFields":{}}