{"NodeId":"i=2253","EndpointUrl":"opc.tcp://localhost:61457/UA/SampleServer","ApplicationUri":"urn:desktop-bgfjs91:OPCFoundation:CoreSampleServer","DisplayName":"PendingAlarms","Timestamp":"2024-04-27T14:29:44.7815196Z","Value":{"Type":22,"Body":{"TypeId":{"IdType":1,"Id":"EncodeableDictionary_Encoding_DefaultJson"},"Body":{"EventId":{"Value":{"Type":15,"Body":"uH6CEde/gkiJ7sYUIIaebw=="},"SourceTimestamp":"2024-04-27T14:29:41.2300122Z"},"EventType":{"Value":{"Type":17,"Body":{"Id":10751}},"SourceTimestamp":"2024-04-27T14:29:41.2300122Z"},"LocalTime":{"Value":{"Type":22,"Body":{"TypeId":{"Id":15086},"Body":{"Offset":120,"DaylightSavingInOffset":true}}},"SourceTimestamp":"2024-04-27T14:29:41.2300122Z"},"Message":{"Value":{"Type":21,"Body":{"Text":"The alarm severity has increased."}},"SourceTimestamp":"2024-04-27T14:29:41.2300122Z"},"ReceiveTime":{"Value":{"Type":13,"Body":"2024-04-27T14:29:40.3827833Z"},"SourceTimestamp":"2024-04-27T14:29:41.2300122Z"},"Severity":{"Value":{"Type":5,"Body":300},"SourceTimestamp":"2024-04-27T14:29:41.2300122Z"},"SourceName":{"Value":{"Type":12,"Body":"NorthMotor"},"SourceTimestamp":"2024-04-27T14:29:41.2300122Z"},"SourceNode":{"Value":{"Type":17,"Body":{"IdType":1,"Id":"1:Colours/NorthMotor","Namespace":15}},"SourceTimestamp":"2024-04-27T14:29:41.2300122Z"},"Time":{"Value":{"Type":13,"Body":"2024-04-27T14:29:40.3827705Z"},"SourceTimestamp":"2024-04-27T14:29:41.2300122Z"}}}},"SequenceNumber":77,"ExtensionFields":{}}