{"NodeId":"i=2253","EndpointUrl":"opc.tcp://localhost:61457/UA/SampleServer","ApplicationUri":"urn:desktop-bgfjs91:OPCFoundation:CoreSampleServer","DisplayName":"PendingAlarms","Timestamp":"2024-04-27T14:29:44.7815534Z","Value":{"Type":22,"Body":{"TypeId":{"IdType":1,"Id":"EncodeableDictionary_Encoding_DefaultJson"},"Body":{"EventId":{"Value":{"Type":15,"Body":"2jvTTOVbL0ikviBQVZ6A9Q=="},"SourceTimestamp":"2024-04-27T14:29:44.2077236Z"},"EventType":{"Value":{"Type":17,"Body":{"Id":10060}},"SourceTimestamp":"2024-04-27T14:29:44.2077236Z"},"LocalTime":{"Value":{"Type":22,"Body":{"TypeId":{"Id":15086},"Body":{"Offset":120,"DaylightSavingInOffset":true}}},"SourceTimestamp":"2024-04-27T14:29:44.2077236Z"},"Message":{"Value":{"Type":21,"Body":{"Text":"The alarm severity has increased."}},"SourceTimestamp":"2024-04-27T14:29:44.2077236Z"},"ReceiveTime":{"Value":{"Type":13,"Body":"2024-04-27T14:29:43.3823194Z"},"SourceTimestamp":"2024-04-27T14:29:44.2077236Z"},"Severity":{"Value":{"Type":5,"Body":900},"SourceTimestamp":"2024-04-27T14:29:44.2077236Z"},"SourceName":{"Value":{"Type":12,"Body":"SouthMotor"},"SourceTimestamp":"2024-04-27T14:29:44.2077236Z"},"SourceNode":{"Value":{"Type":17,"Body":{"IdType":1,"Id":"1:Metals/SouthMotor","Namespace":15}},"SourceTimestamp":"2024-04-27T14:29:44.2077236Z"},"Time":{"Value":{"Type":13,"Body":"2024-04-27T14:29:43.3823162Z"},"SourceTimestamp":"2024-04-27T14:29:44.2077236Z"}}}},"SequenceNumber":74,"ExtensionFields":{}}