{"NodeId":"i=2253","EndpointUrl":"opc.tcp://localhost:61457/UA/SampleServer","ApplicationUri":"urn:desktop-bgfjs91:OPCFoundation:CoreSampleServer","DisplayName":"PendingAlarms","Timestamp":"2024-04-27T14:28:34.3111514Z","Value":{"Type":22,"Body":{"TypeId":{"IdType":1,"Id":"EncodeableDictionary_Encoding_DefaultJson"},"Body":{"EventId":{"Value":{"Type":15,"Body":"ZCmoPurg/EyBRzD9uVqAag=="},"SourceTimestamp":"2024-04-27T14:28:34.2284931Z"},"EventType":{"Value":{"Type":17,"Body":{"Id":10060}},"SourceTimestamp":"2024-04-27T14:28:34.2284931Z"},"LocalTime":{"Value":{"Type":22,"Body":{"TypeId":{"Id":15086},"Body":{"Offset":120,"DaylightSavingInOffset":true}}},"SourceTimestamp":"2024-04-27T14:28:34.2284931Z"},"Message":{"Value":{"Type":21,"Body":{"Text":"The alarm severity has increased."}},"SourceTimestamp":"2024-04-27T14:28:34.2284931Z"},"ReceiveTime":{"Value":{"Type":13,"Body":"2024-04-27T14:28:33.3741523Z"},"SourceTimestamp":"2024-04-27T14:28:34.2284931Z"},"Severity":{"Value":{"Type":5,"Body":300},"SourceTimestamp":"2024-04-27T14:28:34.2284931Z"},"SourceName":{"Value":{"Type":12,"Body":"NorthMotor"},"SourceTimestamp":"2024-04-27T14:28:34.2284931Z"},"SourceNode":{"Value":{"Type":17,"Body":{"IdType":1,"Id":"1:Colours/NorthMotor","Namespace":15}},"SourceTimestamp":"2024-04-27T14:28:34.2284931Z"},"Time":{"Value":{"Type":13,"Body":"2024-04-27T14:28:33.3741448Z"},"SourceTimestamp":"2024-04-27T14:28:34.2284931Z"}}}},"SequenceNumber":9,"ExtensionFields":{}}