{"NodeId":"i=2253","EndpointUrl":"opc.tcp://localhost:61457/UA/SampleServer","ApplicationUri":"urn:desktop-bgfjs91:OPCFoundation:CoreSampleServer","DisplayName":"PendingAlarms","Timestamp":"2024-04-27T14:30:04.910756Z","Value":{"Type":22,"Body":{"TypeId":{"IdType":1,"Id":"EncodeableDictionary_Encoding_DefaultJson"},"Body":{"EventId":{"Value":{"Type":15,"Body":"C9PAcvzucEOr+1dmjXAGIw=="},"SourceTimestamp":"2024-04-27T14:30:00.2291383Z"},"EventType":{"Value":{"Type":17,"Body":{"Id":10751}},"SourceTimestamp":"2024-04-27T14:30:00.2291383Z"},"LocalTime":{"Value":{"Type":22,"Body":{"TypeId":{"Id":15086},"Body":{"Offset":120,"DaylightSavingInOffset":true}}},"SourceTimestamp":"2024-04-27T14:30:00.2291383Z"},"Message":{"Value":{"Type":21,"Body":{"Text":"The alarm is active."}},"SourceTimestamp":"2024-04-27T14:30:00.2291383Z"},"ReceiveTime":{"Value":{"Type":13,"Body":"2024-04-27T14:29:59.3757005Z"},"SourceTimestamp":"2024-04-27T14:30:00.2291383Z"},"Severity":{"Value":{"Type":5,"Body":100},"SourceTimestamp":"2024-04-27T14:30:00.2291383Z"},"SourceName":{"Value":{"Type":12,"Body":"WestTank"},"SourceTimestamp":"2024-04-27T14:30:00.2291383Z"},"SourceNode":{"Value":{"Type":17,"Body":{"IdType":1,"Id":"1:Metals/WestTank","Namespace":15}},"SourceTimestamp":"2024-04-27T14:30:00.2291383Z"},"Time":{"Value":{"Type":13,"Body":"2024-04-27T14:29:59.3756825Z"},"SourceTimestamp":"2024-04-27T14:30:00.2291383Z"}}}},"SequenceNumber":99,"ExtensionFields":{}}