[{"SequenceNumber":100,"MetaDataVersion":{"MajorVersion":1},"Timestamp":"2024-04-27T15:21:08.6914312Z","MessageType":"ua-deltaframe","DataSetWriterName":"<<UnknownDataSet>>","Payload":{"i=2258":{"Value":{"Type":13,"Body":"2024-04-27T15:21:08.6911354Z"},"SourceTimestamp":"2024-04-27T15:19:28.673887Z","ServerTimestamp":"2024-04-27T15:21:08.6911337Z"},"nsu=http://opcfoundation.org/UA/Plc/Applications;s=StepUp":{"Value":{"Type":7,"Body":1008},"SourceTimestamp":"2024-04-27T15:21:08.6281328Z","ServerTimestamp":"2024-04-27T15:21:08.6911752Z"},"nsu=http://opcfoundation.org/UA/Plc/Applications;s=AlternatingBoolean":{"Value":{"Type":1,"Body":true},"SourceTimestamp":"2024-04-27T15:21:08.6281443Z","ServerTimestamp":"2024-04-27T15:21:08.6911706Z"},"nsu=http://opcfoundation.org/UA/Plc/Applications;s=RandomSignedInt32":{"Value":{"Type":6,"Body":-1073849672},"SourceTimestamp":"2024-04-27T15:21:08.6281538Z","ServerTimestamp":"2024-04-27T15:21:08.6911726Z"},"nsu=http://opcfoundation.org/UA/Plc/Applications;s=RandomUnsignedInt32":{"Value":{"Type":7,"Body":1908181694},"SourceTimestamp":"2024-04-27T15:21:08.6281598Z","ServerTimestamp":"2024-04-27T15:21:08.6911678Z"},"nsu=http://opcfoundation.org/UA/Plc/Applications;s=DipData":{"Value":{"Type":11,"Body":-77.0513242775789},"SourceTimestamp":"2024-04-27T15:21:08.6282014Z","ServerTimestamp":"2024-04-27T15:21:08.6911778Z"},"nsu=http://opcfoundation.org/UA/Plc/Applications;s=FastUIntScalar1":{"Value":{"Type":7,"Body":100},"SourceTimestamp":"2024-04-27T15:21:07.8398782Z","ServerTimestamp":"2024-04-27T15:21:08.6911829Z"},"nsu=http://opcfoundation.org/UA/Plc/Applications;s=FastUIntScalar2":{"Value":{"Type":7,"Body":100},"SourceTimestamp":"2024-04-27T15:21:07.8398803Z","ServerTimestamp":"2024-04-27T15:21:08.691176Z"},"nsu=http://opcfoundation.org/UA/Plc/Applications;s=FastUIntScalar3":{"Value":{"Type":7,"Body":100},"SourceTimestamp":"2024-04-27T15:21:07.8398818Z","ServerTimestamp":"2024-04-27T15:21:08.6911687Z"},"nsu=http://opcfoundation.org/UA/Plc/Applications;s=FastRandomUIntScalar1":{"Value":{"Type":7,"Body":2435578735},"SourceTimestamp":"2024-04-27T15:21:07.8398721Z","ServerTimestamp":"2024-04-27T15:21:08.6911814Z"},"nsu=http://opcfoundation.org/UA/Plc/Applications;s=FastRandomUIntScalar2":{"Value":{"Type":7,"Body":2379124626},"SourceTimestamp":"2024-04-27T15:21:07.8398745Z","ServerTimestamp":"2024-04-27T15:21:08.6911859Z"},"nsu=http://opcfoundation.org/UA/Plc/Applications;s=FastRandomUIntScalar3":{"Value":{"Type":7,"Body":3614144154},"SourceTimestamp":"2024-04-27T15:21:07.8398757Z","ServerTimestamp":"2024-04-27T15:21:08.6911668Z"},"nsu=http://opcfoundation.org/UA/Plc/Applications;s=NegativeTrendData":{"Value":{"Type":11,"Body":98.099999999999994},"SourceTimestamp":"2024-04-27T15:21:08.6281744Z","ServerTimestamp":"2024-04-27T15:21:08.6911855Z"},"nsu=http://opcfoundation.org/UA/Plc/Applications;s=PositiveTrendData":{"Value":{"Type":11,"Body":101.7},"SourceTimestamp":"2024-04-27T15:21:08.6281744Z","ServerTimestamp":"2024-04-27T15:21:08.6911719Z"},"nsu=http://opcfoundation.org/UA/Plc/Applications;s=SlowUIntScalar1":{"Value":{"Type":7,"Body":10},"SourceTimestamp":"2024-04-27T15:21:07.8398403Z","ServerTimestamp":"2024-04-27T15:21:08.6911746Z"},"nsu=http://opcfoundation.org/UA/Plc/Applications;s=SlowUIntScalar2":{"Value":{"Type":7,"Body":10},"SourceTimestamp":"2024-04-27T15:21:07.8398475Z","ServerTimestamp":"2024-04-27T15:21:08.6911821Z"},"nsu=http://opcfoundation.org/UA/Plc/Applications;s=SlowUIntScalar3":{"Value":{"Type":7,"Body":10},"SourceTimestamp":"2024-04-27T15:21:07.8398489Z","ServerTimestamp":"2024-04-27T15:21:08.6911735Z"},"nsu=http://opcfoundation.org/UA/Plc/Applications;s=BadSlowUIntScalar1":{"Value":{"Body":null},"StatusCode":2150694912,"SourceTimestamp":"2024-04-27T15:21:07.8398506Z","ServerTimestamp":"2024-04-27T15:21:08.6911848Z"},"nsu=http://opcfoundation.org/UA/Plc/Applications;s=SlowRandomUIntScalar1":{"Value":{"Type":7,"Body":3062250051},"SourceTimestamp":"2024-04-27T15:21:07.839854Z","ServerTimestamp":"2024-04-27T15:21:08.691184Z"},"nsu=http://opcfoundation.org/UA/Plc/Applications;s=SlowRandomUIntScalar2":{"Value":{"Type":7,"Body":698266828},"SourceTimestamp":"2024-04-27T15:21:07.8398579Z","ServerTimestamp":"2024-04-27T15:21:08.6911655Z"},"nsu=http://opcfoundation.org/UA/Plc/Applications;s=SlowRandomUIntScalar3":{"Value":{"Type":7,"Body":2657554685},"SourceTimestamp":"2024-04-27T15:21:07.8398589Z","ServerTimestamp":"2024-04-27T15:21:08.6911699Z"},"nsu=http://opcfoundation.org/UA/Plc/Applications;s=BadSlowRandomUIntScalar1":{"Value":{"Body":null},"StatusCode":2150694912,"SourceTimestamp":"2024-04-27T15:21:07.8398604Z","ServerTimestamp":"2024-04-27T15:21:08.6911787Z"},"nsu=http://opcfoundation.org/UA/Plc/Applications;s=SpikeData":{"Value":{"Type":11,"Body":-77.0513242775789},"SourceTimestamp":"2024-04-27T15:21:08.6281862Z","ServerTimestamp":"2024-04-27T15:21:08.6911768Z"},"ns=23;i=1259":{"Value":{"Type":11,"Body":-1.0900000000000001},"SourceTimestamp":"2024-04-27T15:19:28.6739207Z","ServerTimestamp":"2024-04-27T15:21:08.6911498Z"}}}]