[{"SequenceNumber":11,"MetaDataVersion":{"MajorVersion":1},"Timestamp":"2024-04-27T15:19:39.6851067Z","MessageType":"ua-deltaframe","DataSetWriterName":"<<UnknownDataSet>>","Payload":{"i=2258":{"Value":{"Type":13,"Body":"2024-04-27T15:19:39.6847932Z"},"SourceTimestamp":"2024-04-27T15:19:28.673887Z","ServerTimestamp":"2024-04-27T15:19:39.6847917Z"},"nsu=http://opcfoundation.org/UA/Plc/Applications;s=StepUp":{"Value":{"Type":7,"Body":118},"SourceTimestamp":"2024-04-27T15:19:39.637256Z","ServerTimestamp":"2024-04-27T15:19:39.6848353Z"},"nsu=http://opcfoundation.org/UA/Plc/Applications;s=AlternatingBoolean":{"Value":{"Type":1,"Body":true},"SourceTimestamp":"2024-04-27T15:19:39.6372649Z","ServerTimestamp":"2024-04-27T15:19:39.6848303Z"},"nsu=http://opcfoundation.org/UA/Plc/Applications;s=RandomSignedInt32":{"Value":{"Type":6,"Body":-1017967496},"SourceTimestamp":"2024-04-27T15:19:39.637278Z","ServerTimestamp":"2024-04-27T15:19:39.6848325Z"},"nsu=http://opcfoundation.org/UA/Plc/Applications;s=RandomUnsignedInt32":{"Value":{"Type":7,"Body":1398368648},"SourceTimestamp":"2024-04-27T15:19:39.6372726Z","ServerTimestamp":"2024-04-27T15:19:39.684827Z"},"nsu=http://opcfoundation.org/UA/Plc/Applications;s=DipData":{"Value":{"Type":11,"Body":-84.432792550201526},"SourceTimestamp":"2024-04-27T15:19:39.6372896Z","ServerTimestamp":"2024-04-27T15:19:39.6848378Z"},"nsu=http://opcfoundation.org/UA/Plc/Applications;s=FastUIntScalar1":{"Value":{"Type":7,"Body":11},"SourceTimestamp":"2024-04-27T15:19:38.8407404Z","ServerTimestamp":"2024-04-27T15:19:39.6848416Z"},"nsu=http://opcfoundation.org/UA/Plc/Applications;s=FastUIntScalar2":{"Value":{"Type":7,"Body":11},"SourceTimestamp":"2024-04-27T15:19:38.8407504Z","ServerTimestamp":"2024-04-27T15:19:39.6848362Z"},"nsu=http://opcfoundation.org/UA/Plc/Applications;s=FastUIntScalar3":{"Value":{"Type":7,"Body":11},"SourceTimestamp":"2024-04-27T15:19:38.8407527Z","ServerTimestamp":"2024-04-27T15:19:39.684828Z"},"nsu=http://opcfoundation.org/UA/Plc/Applications;s=FastRandomUIntScalar1":{"Value":{"Type":7,"Body":728380740},"SourceTimestamp":"2024-04-27T15:19:38.8407963Z","ServerTimestamp":"2024-04-27T15:19:39.68484Z"},"nsu=http://opcfoundation.org/UA/Plc/Applications;s=FastRandomUIntScalar2":{"Value":{"Type":7,"Body":584971289},"SourceTimestamp":"2024-04-27T15:19:38.8408055Z","ServerTimestamp":"2024-04-27T15:19:39.6848449Z"},"nsu=http://opcfoundation.org/UA/Plc/Applications;s=FastRandomUIntScalar3":{"Value":{"Type":7,"Body":3394710650},"SourceTimestamp":"2024-04-27T15:19:38.8408077Z","ServerTimestamp":"2024-04-27T15:19:39.6848259Z"},"nsu=http://opcfoundation.org/UA/Plc/Applications;s=NegativeTrendData":{"Value":{"Type":11,"Body":99.900000000000006},"SourceTimestamp":"2024-04-27T15:19:39.637297Z","ServerTimestamp":"2024-04-27T15:19:39.6848444Z"},"nsu=http://opcfoundation.org/UA/Plc/Applications;s=PositiveTrendData":{"Value":{"Type":11,"Body":100},"SourceTimestamp":"2024-04-27T15:19:39.6372935Z","ServerTimestamp":"2024-04-27T15:19:39.6848317Z"},"nsu=http://opcfoundation.org/UA/Plc/Applications;s=SlowUIntScalar1":{"Value":{"Type":7,"Body":1},"SourceTimestamp":"2024-04-27T15:19:37.8355992Z","ServerTimestamp":"2024-04-27T15:19:39.6848345Z"},"nsu=http://opcfoundation.org/UA/Plc/Applications;s=SlowUIntScalar2":{"Value":{"Type":7,"Body":1},"SourceTimestamp":"2024-04-27T15:19:37.835607Z","ServerTimestamp":"2024-04-27T15:19:39.6848407Z"},"nsu=http://opcfoundation.org/UA/Plc/Applications;s=SlowUIntScalar3":{"Value":{"Type":7,"Body":1},"SourceTimestamp":"2024-04-27T15:19:37.8356085Z","ServerTimestamp":"2024-04-27T15:19:39.6848335Z"},"nsu=http://opcfoundation.org/UA/Plc/Applications;s=BadSlowUIntScalar1":{"Value":{"Type":7,"Body":1},"SourceTimestamp":"2024-04-27T15:19:37.8356101Z","ServerTimestamp":"2024-04-27T15:19:39.6848436Z"},"nsu=http://opcfoundation.org/UA/Plc/Applications;s=SlowRandomUIntScalar1":{"Value":{"Type":7,"Body":3352208046},"SourceTimestamp":"2024-04-27T15:19:37.8356102Z","ServerTimestamp":"2024-04-27T15:19:39.6848427Z"},"nsu=http://opcfoundation.org/UA/Plc/Applications;s=SlowRandomUIntScalar2":{"Value":{"Type":7,"Body":2439941097},"SourceTimestamp":"2024-04-27T15:19:37.8356167Z","ServerTimestamp":"2024-04-27T15:19:39.6848245Z"},"nsu=http://opcfoundation.org/UA/Plc/Applications;s=SlowRandomUIntScalar3":{"Value":{"Type":7,"Body":1173029797},"SourceTimestamp":"2024-04-27T15:19:37.8356178Z","ServerTimestamp":"2024-04-27T15:19:39.6848295Z"},"nsu=http://opcfoundation.org/UA/Plc/Applications;s=BadSlowRandomUIntScalar1":{"Value":{"Type":7,"Body":3776173516},"SourceTimestamp":"2024-04-27T15:19:37.8356198Z","ServerTimestamp":"2024-04-27T15:19:39.6848391Z"},"nsu=http://opcfoundation.org/UA/Plc/Applications;s=SpikeData":{"Value":{"Type":11,"Body":-84.432792550201526},"SourceTimestamp":"2024-04-27T15:19:39.6372899Z","ServerTimestamp":"2024-04-27T15:19:39.684837Z"},"ns=23;i=1259":{"Value":{"Type":11,"Body":0.51900000000000002},"SourceTimestamp":"2024-04-27T15:19:28.6739207Z","ServerTimestamp":"2024-04-27T15:19:39.6848078Z"}}}]