[{"SequenceNumber":110,"MetaDataVersion":{"MajorVersion":1},"Timestamp":"2024-04-27T15:21:18.6784129Z","MessageType":"ua-deltaframe","DataSetWriterName":"<<UnknownDataSet>>","Payload":{"i=2258":{"Value":{"Type":13,"Body":"2024-04-27T15:21:18.6781248Z"},"SourceTimestamp":"2024-04-27T15:19:28.673887Z","ServerTimestamp":"2024-04-27T15:21:18.6781237Z"},"nsu=http://opcfoundation.org/UA/Plc/Applications;s=StepUp":{"Value":{"Type":7,"Body":1108},"SourceTimestamp":"2024-04-27T15:21:18.6317136Z","ServerTimestamp":"2024-04-27T15:21:18.6781665Z"},"nsu=http://opcfoundation.org/UA/Plc/Applications;s=AlternatingBoolean":{"Value":{"Type":1,"Body":true},"SourceTimestamp":"2024-04-27T15:21:18.631711Z","ServerTimestamp":"2024-04-27T15:21:18.6781617Z"},"nsu=http://opcfoundation.org/UA/Plc/Applications;s=RandomSignedInt32":{"Value":{"Type":6,"Body":-1463154139},"SourceTimestamp":"2024-04-27T15:21:18.631717Z","ServerTimestamp":"2024-04-27T15:21:18.6781639Z"},"nsu=http://opcfoundation.org/UA/Plc/Applications;s=RandomUnsignedInt32":{"Value":{"Type":7,"Body":362790187},"SourceTimestamp":"2024-04-27T15:21:18.6317074Z","ServerTimestamp":"2024-04-27T15:21:18.6781585Z"},"nsu=http://opcfoundation.org/UA/Plc/Applications;s=DipData":{"Value":{"Type":11,"Body":-77.0513242775789},"SourceTimestamp":"2024-04-27T15:21:18.6317182Z","ServerTimestamp":"2024-04-27T15:21:18.678169Z"},"nsu=http://opcfoundation.org/UA/Plc/Applications;s=FastUIntScalar1":{"Value":{"Type":7,"Body":110},"SourceTimestamp":"2024-04-27T15:21:17.8430951Z","ServerTimestamp":"2024-04-27T15:21:18.6781726Z"},"nsu=http://opcfoundation.org/UA/Plc/Applications;s=FastUIntScalar2":{"Value":{"Type":7,"Body":110},"SourceTimestamp":"2024-04-27T15:21:17.8430967Z","ServerTimestamp":"2024-04-27T15:21:18.6781673Z"},"nsu=http://opcfoundation.org/UA/Plc/Applications;s=FastUIntScalar3":{"Value":{"Type":7,"Body":110},"SourceTimestamp":"2024-04-27T15:21:17.8430979Z","ServerTimestamp":"2024-04-27T15:21:18.6781594Z"},"nsu=http://opcfoundation.org/UA/Plc/Applications;s=FastRandomUIntScalar1":{"Value":{"Type":7,"Body":3469359105},"SourceTimestamp":"2024-04-27T15:21:17.8430972Z","ServerTimestamp":"2024-04-27T15:21:18.6781708Z"},"nsu=http://opcfoundation.org/UA/Plc/Applications;s=FastRandomUIntScalar2":{"Value":{"Type":7,"Body":3428093638},"SourceTimestamp":"2024-04-27T15:21:17.8430999Z","ServerTimestamp":"2024-04-27T15:21:18.6781758Z"},"nsu=http://opcfoundation.org/UA/Plc/Applications;s=FastRandomUIntScalar3":{"Value":{"Type":7,"Body":4196164244},"SourceTimestamp":"2024-04-27T15:21:17.8431013Z","ServerTimestamp":"2024-04-27T15:21:18.6781576Z"},"nsu=http://opcfoundation.org/UA/Plc/Applications;s=NegativeTrendData":{"Value":{"Type":11,"Body":97.900000000000006},"SourceTimestamp":"2024-04-27T15:21:18.6317032Z","ServerTimestamp":"2024-04-27T15:21:18.6781754Z"},"nsu=http://opcfoundation.org/UA/Plc/Applications;s=PositiveTrendData":{"Value":{"Type":11,"Body":101.90000000000001},"SourceTimestamp":"2024-04-27T15:21:18.6316927Z","ServerTimestamp":"2024-04-27T15:21:18.678163Z"},"nsu=http://opcfoundation.org/UA/Plc/Applications;s=SlowUIntScalar1":{"Value":{"Type":7,"Body":11},"SourceTimestamp":"2024-04-27T15:21:17.8430655Z","ServerTimestamp":"2024-04-27T15:21:18.6781658Z"},"nsu=http://opcfoundation.org/UA/Plc/Applications;s=SlowUIntScalar2":{"Value":{"Type":7,"Body":11},"SourceTimestamp":"2024-04-27T15:21:17.8430718Z","ServerTimestamp":"2024-04-27T15:21:18.6781715Z"},"nsu=http://opcfoundation.org/UA/Plc/Applications;s=SlowUIntScalar3":{"Value":{"Type":7,"Body":11},"SourceTimestamp":"2024-04-27T15:21:17.8430732Z","ServerTimestamp":"2024-04-27T15:21:18.6781648Z"},"nsu=http://opcfoundation.org/UA/Plc/Applications;s=BadSlowUIntScalar1":{"Value":{"Type":7,"Body":1},"SourceTimestamp":"2024-04-27T15:21:17.8430746Z","ServerTimestamp":"2024-04-27T15:21:18.6781746Z"},"nsu=http://opcfoundation.org/UA/Plc/Applications;s=SlowRandomUIntScalar1":{"Value":{"Type":7,"Body":329004953},"SourceTimestamp":"2024-04-27T15:21:17.8430835Z","ServerTimestamp":"2024-04-27T15:21:18.6781737Z"},"nsu=http://opcfoundation.org/UA/Plc/Applications;s=SlowRandomUIntScalar2":{"Value":{"Type":7,"Body":2149491228},"SourceTimestamp":"2024-04-27T15:21:17.8430881Z","ServerTimestamp":"2024-04-27T15:21:18.6781564Z"},"nsu=http://opcfoundation.org/UA/Plc/Applications;s=SlowRandomUIntScalar3":{"Value":{"Type":7,"Body":1260280970},"SourceTimestamp":"2024-04-27T15:21:17.8430893Z","ServerTimestamp":"2024-04-27T15:21:18.6781608Z"},"nsu=http://opcfoundation.org/UA/Plc/Applications;s=BadSlowRandomUIntScalar1":{"Value":{"Type":7,"Body":3568118401},"SourceTimestamp":"2024-04-27T15:21:17.8430912Z","ServerTimestamp":"2024-04-27T15:21:18.67817Z"},"nsu=http://opcfoundation.org/UA/Plc/Applications;s=SpikeData":{"Value":{"Type":11,"Body":-77.0513242775789},"SourceTimestamp":"2024-04-27T15:21:18.6316928Z","ServerTimestamp":"2024-04-27T15:21:18.6781684Z"},"ns=23;i=1259":{"Value":{"Type":11,"Body":0.497},"SourceTimestamp":"2024-04-27T15:19:28.6739207Z","ServerTimestamp":"2024-04-27T15:21:18.6781397Z"}}}]