[{"SequenceNumber":112,"MetaDataVersion":{"MajorVersion":1},"Timestamp":"2024-04-27T15:21:20.692655Z","MessageType":"ua-deltaframe","DataSetWriterName":"<<UnknownDataSet>>","Payload":{"i=2258":{"Value":{"Type":13,"Body":"2024-04-27T15:21:20.6923528Z"},"SourceTimestamp":"2024-04-27T15:19:28.673887Z","ServerTimestamp":"2024-04-27T15:21:20.692351Z"},"nsu=http://opcfoundation.org/UA/Plc/Applications;s=StepUp":{"Value":{"Type":7,"Body":1128},"SourceTimestamp":"2024-04-27T15:21:20.629257Z","ServerTimestamp":"2024-04-27T15:21:20.6923939Z"},"nsu=http://opcfoundation.org/UA/Plc/Applications;s=AlternatingBoolean":{"Value":{"Type":1,"Body":true},"SourceTimestamp":"2024-04-27T15:21:20.6292633Z","ServerTimestamp":"2024-04-27T15:21:20.6923888Z"},"nsu=http://opcfoundation.org/UA/Plc/Applications;s=RandomSignedInt32":{"Value":{"Type":6,"Body":1742255341},"SourceTimestamp":"2024-04-27T15:21:20.6292641Z","ServerTimestamp":"2024-04-27T15:21:20.6923913Z"},"nsu=http://opcfoundation.org/UA/Plc/Applications;s=RandomUnsignedInt32":{"Value":{"Type":7,"Body":2052235458},"SourceTimestamp":"2024-04-27T15:21:20.6292728Z","ServerTimestamp":"2024-04-27T15:21:20.692386Z"},"nsu=http://opcfoundation.org/UA/Plc/Applications;s=DipData":{"Value":{"Type":11,"Body":24.868988716485482},"SourceTimestamp":"2024-04-27T15:21:20.6292771Z","ServerTimestamp":"2024-04-27T15:21:20.6923964Z"},"nsu=http://opcfoundation.org/UA/Plc/Applications;s=FastUIntScalar1":{"Value":{"Type":7,"Body":112},"SourceTimestamp":"2024-04-27T15:21:19.8360914Z","ServerTimestamp":"2024-04-27T15:21:20.6923998Z"},"nsu=http://opcfoundation.org/UA/Plc/Applications;s=FastUIntScalar2":{"Value":{"Type":7,"Body":112},"SourceTimestamp":"2024-04-27T15:21:19.8360998Z","ServerTimestamp":"2024-04-27T15:21:20.6923949Z"},"nsu=http://opcfoundation.org/UA/Plc/Applications;s=FastUIntScalar3":{"Value":{"Type":7,"Body":112},"SourceTimestamp":"2024-04-27T15:21:19.8361082Z","ServerTimestamp":"2024-04-27T15:21:20.692387Z"},"nsu=http://opcfoundation.org/UA/Plc/Applications;s=FastRandomUIntScalar1":{"Value":{"Type":7,"Body":4276608128},"SourceTimestamp":"2024-04-27T15:21:19.8360916Z","ServerTimestamp":"2024-04-27T15:21:20.6923982Z"},"nsu=http://opcfoundation.org/UA/Plc/Applications;s=FastRandomUIntScalar2":{"Value":{"Type":7,"Body":1725220991},"SourceTimestamp":"2024-04-27T15:21:19.8361067Z","ServerTimestamp":"2024-04-27T15:21:20.6924029Z"},"nsu=http://opcfoundation.org/UA/Plc/Applications;s=FastRandomUIntScalar3":{"Value":{"Type":7,"Body":3123090695},"SourceTimestamp":"2024-04-27T15:21:19.8361106Z","ServerTimestamp":"2024-04-27T15:21:20.692385Z"},"nsu=http://opcfoundation.org/UA/Plc/Applications;s=NegativeTrendData":{"Value":{"Type":11,"Body":97.900000000000006},"SourceTimestamp":"2024-04-27T15:21:20.6292771Z","ServerTimestamp":"2024-04-27T15:21:20.6924025Z"},"nsu=http://opcfoundation.org/UA/Plc/Applications;s=PositiveTrendData":{"Value":{"Type":11,"Body":101.90000000000001},"SourceTimestamp":"2024-04-27T15:21:20.6292772Z","ServerTimestamp":"2024-04-27T15:21:20.6923906Z"},"nsu=http://opcfoundation.org/UA/Plc/Applications;s=SlowUIntScalar1":{"Value":{"Type":7,"Body":11},"SourceTimestamp":"2024-04-27T15:21:17.8430655Z","ServerTimestamp":"2024-04-27T15:21:20.6923932Z"},"nsu=http://opcfoundation.org/UA/Plc/Applications;s=SlowUIntScalar2":{"Value":{"Type":7,"Body":11},"SourceTimestamp":"2024-04-27T15:21:17.8430718Z","ServerTimestamp":"2024-04-27T15:21:20.692399Z"},"nsu=http://opcfoundation.org/UA/Plc/Applications;s=SlowUIntScalar3":{"Value":{"Type":7,"Body":11},"SourceTimestamp":"2024-04-27T15:21:17.8430732Z","ServerTimestamp":"2024-04-27T15:21:20.6923922Z"},"nsu=http://opcfoundation.org/UA/Plc/Applications;s=BadSlowUIntScalar1":{"Value":{"Type":7,"Body":1},"SourceTimestamp":"2024-04-27T15:21:17.8430746Z","ServerTimestamp":"2024-04-27T15:21:20.6924017Z"},"nsu=http://opcfoundation.org/UA/Plc/Applications;s=SlowRandomUIntScalar1":{"Value":{"Type":7,"Body":329004953},"SourceTimestamp":"2024-04-27T15:21:17.8430835Z","ServerTimestamp":"2024-04-27T15:21:20.6924009Z"},"nsu=http://opcfoundation.org/UA/Plc/Applications;s=SlowRandomUIntScalar2":{"Value":{"Type":7,"Body":2149491228},"SourceTimestamp":"2024-04-27T15:21:17.8430881Z","ServerTimestamp":"2024-04-27T15:21:20.6923838Z"},"nsu=http://opcfoundation.org/UA/Plc/Applications;s=SlowRandomUIntScalar3":{"Value":{"Type":7,"Body":1260280970},"SourceTimestamp":"2024-04-27T15:21:17.8430893Z","ServerTimestamp":"2024-04-27T15:21:20.692388Z"},"nsu=http://opcfoundation.org/UA/Plc/Applications;s=BadSlowRandomUIntScalar1":{"Value":{"Type":7,"Body":3568118401},"SourceTimestamp":"2024-04-27T15:21:17.8430912Z","ServerTimestamp":"2024-04-27T15:21:20.6923973Z"},"nsu=http://opcfoundation.org/UA/Plc/Applications;s=SpikeData":{"Value":{"Type":11,"Body":24.868988716485482},"SourceTimestamp":"2024-04-27T15:21:20.6292786Z","ServerTimestamp":"2024-04-27T15:21:20.6923957Z"},"ns=23;i=1259":{"Value":{"Type":11,"Body":1.8100000000000001},"SourceTimestamp":"2024-04-27T15:19:28.6739207Z","ServerTimestamp":"2024-04-27T15:21:20.6923675Z"}}}]