[{"SequenceNumber":113,"MetaDataVersion":{"MajorVersion":1},"Timestamp":"2024-04-27T15:21:21.6828646Z","MessageType":"ua-deltaframe","DataSetWriterName":"<<UnknownDataSet>>","Payload":{"i=2258":{"Value":{"Type":13,"Body":"2024-04-27T15:21:21.6825798Z"},"SourceTimestamp":"2024-04-27T15:19:28.673887Z","ServerTimestamp":"2024-04-27T15:21:21.6825787Z"},"nsu=http://opcfoundation.org/UA/Plc/Applications;s=StepUp":{"Value":{"Type":7,"Body":1138},"SourceTimestamp":"2024-04-27T15:21:21.6349824Z","ServerTimestamp":"2024-04-27T15:21:21.6826209Z"},"nsu=http://opcfoundation.org/UA/Plc/Applications;s=AlternatingBoolean":{"Value":{"Type":1,"Body":true},"SourceTimestamp":"2024-04-27T15:21:21.6350033Z","ServerTimestamp":"2024-04-27T15:21:21.6826164Z"},"nsu=http://opcfoundation.org/UA/Plc/Applications;s=RandomSignedInt32":{"Value":{"Type":6,"Body":1522538369},"SourceTimestamp":"2024-04-27T15:21:21.6350247Z","ServerTimestamp":"2024-04-27T15:21:21.6826183Z"},"nsu=http://opcfoundation.org/UA/Plc/Applications;s=RandomUnsignedInt32":{"Value":{"Type":7,"Body":2118220160},"SourceTimestamp":"2024-04-27T15:21:21.6350241Z","ServerTimestamp":"2024-04-27T15:21:21.6826136Z"},"nsu=http://opcfoundation.org/UA/Plc/Applications;s=DipData":{"Value":{"Type":11,"Body":99.80267284282715},"SourceTimestamp":"2024-04-27T15:21:21.635039Z","ServerTimestamp":"2024-04-27T15:21:21.6826232Z"},"nsu=http://opcfoundation.org/UA/Plc/Applications;s=FastUIntScalar1":{"Value":{"Type":7,"Body":113},"SourceTimestamp":"2024-04-27T15:21:20.8305215Z","ServerTimestamp":"2024-04-27T15:21:21.6826269Z"},"nsu=http://opcfoundation.org/UA/Plc/Applications;s=FastUIntScalar2":{"Value":{"Type":7,"Body":113},"SourceTimestamp":"2024-04-27T15:21:20.8305274Z","ServerTimestamp":"2024-04-27T15:21:21.6826217Z"},"nsu=http://opcfoundation.org/UA/Plc/Applications;s=FastUIntScalar3":{"Value":{"Type":7,"Body":113},"SourceTimestamp":"2024-04-27T15:21:20.8305364Z","ServerTimestamp":"2024-04-27T15:21:21.6826145Z"},"nsu=http://opcfoundation.org/UA/Plc/Applications;s=FastRandomUIntScalar1":{"Value":{"Type":7,"Body":3179296470},"SourceTimestamp":"2024-04-27T15:21:20.8305242Z","ServerTimestamp":"2024-04-27T15:21:21.6826253Z"},"nsu=http://opcfoundation.org/UA/Plc/Applications;s=FastRandomUIntScalar2":{"Value":{"Type":7,"Body":2586700889},"SourceTimestamp":"2024-04-27T15:21:20.8305299Z","ServerTimestamp":"2024-04-27T15:21:21.68263Z"},"nsu=http://opcfoundation.org/UA/Plc/Applications;s=FastRandomUIntScalar3":{"Value":{"Type":7,"Body":670730717},"SourceTimestamp":"2024-04-27T15:21:20.8305314Z","ServerTimestamp":"2024-04-27T15:21:21.6826126Z"},"nsu=http://opcfoundation.org/UA/Plc/Applications;s=NegativeTrendData":{"Value":{"Type":11,"Body":97.900000000000006},"SourceTimestamp":"2024-04-27T15:21:21.6350393Z","ServerTimestamp":"2024-04-27T15:21:21.6826296Z"},"nsu=http://opcfoundation.org/UA/Plc/Applications;s=PositiveTrendData":{"Value":{"Type":11,"Body":101.90000000000001},"SourceTimestamp":"2024-04-27T15:21:21.6350454Z","ServerTimestamp":"2024-04-27T15:21:21.6826177Z"},"nsu=http://opcfoundation.org/UA/Plc/Applications;s=SlowUIntScalar1":{"Value":{"Type":7,"Body":11},"SourceTimestamp":"2024-04-27T15:21:17.8430655Z","ServerTimestamp":"2024-04-27T15:21:21.6826202Z"},"nsu=http://opcfoundation.org/UA/Plc/Applications;s=SlowUIntScalar2":{"Value":{"Type":7,"Body":11},"SourceTimestamp":"2024-04-27T15:21:17.8430718Z","ServerTimestamp":"2024-04-27T15:21:21.682626Z"},"nsu=http://opcfoundation.org/UA/Plc/Applications;s=SlowUIntScalar3":{"Value":{"Type":7,"Body":11},"SourceTimestamp":"2024-04-27T15:21:17.8430732Z","ServerTimestamp":"2024-04-27T15:21:21.6826192Z"},"nsu=http://opcfoundation.org/UA/Plc/Applications;s=BadSlowUIntScalar1":{"Value":{"Type":7,"Body":1},"SourceTimestamp":"2024-04-27T15:21:17.8430746Z","ServerTimestamp":"2024-04-27T15:21:21.6826288Z"},"nsu=http://opcfoundation.org/UA/Plc/Applications;s=SlowRandomUIntScalar1":{"Value":{"Type":7,"Body":329004953},"SourceTimestamp":"2024-04-27T15:21:17.8430835Z","ServerTimestamp":"2024-04-27T15:21:21.6826279Z"},"nsu=http://opcfoundation.org/UA/Plc/Applications;s=SlowRandomUIntScalar2":{"Value":{"Type":7,"Body":2149491228},"SourceTimestamp":"2024-04-27T15:21:17.8430881Z","ServerTimestamp":"2024-04-27T15:21:21.6826111Z"},"nsu=http://opcfoundation.org/UA/Plc/Applications;s=SlowRandomUIntScalar3":{"Value":{"Type":7,"Body":1260280970},"SourceTimestamp":"2024-04-27T15:21:17.8430893Z","ServerTimestamp":"2024-04-27T15:21:21.6826156Z"},"nsu=http://opcfoundation.org/UA/Plc/Applications;s=BadSlowRandomUIntScalar1":{"Value":{"Type":7,"Body":3568118401},"SourceTimestamp":"2024-04-27T15:21:17.8430912Z","ServerTimestamp":"2024-04-27T15:21:21.6826244Z"},"nsu=http://opcfoundation.org/UA/Plc/Applications;s=SpikeData":{"Value":{"Type":11,"Body":99.80267284282715},"SourceTimestamp":"2024-04-27T15:21:21.6350509Z","ServerTimestamp":"2024-04-27T15:21:21.6826225Z"},"ns=23;i=1259":{"Value":{"Type":11,"Body":0.78900000000000003},"SourceTimestamp":"2024-04-27T15:19:28.6739207Z","ServerTimestamp":"2024-04-27T15:21:21.6825952Z"}}}]