[{"SequenceNumber":12,"MetaDataVersion":{"MajorVersion":1},"Timestamp":"2024-04-27T15:19:40.6933559Z","MessageType":"ua-deltaframe","DataSetWriterName":"<<UnknownDataSet>>","Payload":{"i=2258":{"Value":{"Type":13,"Body":"2024-04-27T15:19:40.6930492Z"},"SourceTimestamp":"2024-04-27T15:19:28.673887Z","ServerTimestamp":"2024-04-27T15:19:40.6930479Z"},"nsu=http://opcfoundation.org/UA/Plc/Applications;s=StepUp":{"Value":{"Type":7,"Body":128},"SourceTimestamp":"2024-04-27T15:19:40.627821Z","ServerTimestamp":"2024-04-27T15:19:40.6930913Z"},"nsu=http://opcfoundation.org/UA/Plc/Applications;s=AlternatingBoolean":{"Value":{"Type":1,"Body":true},"SourceTimestamp":"2024-04-27T15:19:40.627821Z","ServerTimestamp":"2024-04-27T15:19:40.693086Z"},"nsu=http://opcfoundation.org/UA/Plc/Applications;s=RandomSignedInt32":{"Value":{"Type":6,"Body":1833929067},"SourceTimestamp":"2024-04-27T15:19:40.6278305Z","ServerTimestamp":"2024-04-27T15:19:40.6930883Z"},"nsu=http://opcfoundation.org/UA/Plc/Applications;s=RandomUnsignedInt32":{"Value":{"Type":7,"Body":223774523},"SourceTimestamp":"2024-04-27T15:19:40.627839Z","ServerTimestamp":"2024-04-27T15:19:40.693083Z"},"nsu=http://opcfoundation.org/UA/Plc/Applications;s=DipData":{"Value":{"Type":11,"Body":-1000},"SourceTimestamp":"2024-04-27T15:19:40.6278445Z","ServerTimestamp":"2024-04-27T15:19:40.6930936Z"},"nsu=http://opcfoundation.org/UA/Plc/Applications;s=FastUIntScalar1":{"Value":{"Type":7,"Body":12},"SourceTimestamp":"2024-04-27T15:19:39.8397607Z","ServerTimestamp":"2024-04-27T15:19:40.693097Z"},"nsu=http://opcfoundation.org/UA/Plc/Applications;s=FastUIntScalar2":{"Value":{"Type":7,"Body":12},"SourceTimestamp":"2024-04-27T15:19:39.8397705Z","ServerTimestamp":"2024-04-27T15:19:40.6930922Z"},"nsu=http://opcfoundation.org/UA/Plc/Applications;s=FastUIntScalar3":{"Value":{"Type":7,"Body":12},"SourceTimestamp":"2024-04-27T15:19:39.8397732Z","ServerTimestamp":"2024-04-27T15:19:40.6930841Z"},"nsu=http://opcfoundation.org/UA/Plc/Applications;s=FastRandomUIntScalar1":{"Value":{"Type":7,"Body":1135427115},"SourceTimestamp":"2024-04-27T15:19:39.8397729Z","ServerTimestamp":"2024-04-27T15:19:40.6930954Z"},"nsu=http://opcfoundation.org/UA/Plc/Applications;s=FastRandomUIntScalar2":{"Value":{"Type":7,"Body":3957147065},"SourceTimestamp":"2024-04-27T15:19:39.839784Z","ServerTimestamp":"2024-04-27T15:19:40.6931109Z"},"nsu=http://opcfoundation.org/UA/Plc/Applications;s=FastRandomUIntScalar3":{"Value":{"Type":7,"Body":3563959285},"SourceTimestamp":"2024-04-27T15:19:39.8397865Z","ServerTimestamp":"2024-04-27T15:19:40.693082Z"},"nsu=http://opcfoundation.org/UA/Plc/Applications;s=NegativeTrendData":{"Value":{"Type":11,"Body":99.900000000000006},"SourceTimestamp":"2024-04-27T15:19:40.6278423Z","ServerTimestamp":"2024-04-27T15:19:40.6931103Z"},"nsu=http://opcfoundation.org/UA/Plc/Applications;s=PositiveTrendData":{"Value":{"Type":11,"Body":100},"SourceTimestamp":"2024-04-27T15:19:40.6278424Z","ServerTimestamp":"2024-04-27T15:19:40.6930876Z"},"nsu=http://opcfoundation.org/UA/Plc/Applications;s=SlowUIntScalar1":{"Value":{"Type":7,"Body":1},"SourceTimestamp":"2024-04-27T15:19:37.8355992Z","ServerTimestamp":"2024-04-27T15:19:40.6930903Z"},"nsu=http://opcfoundation.org/UA/Plc/Applications;s=SlowUIntScalar2":{"Value":{"Type":7,"Body":1},"SourceTimestamp":"2024-04-27T15:19:37.835607Z","ServerTimestamp":"2024-04-27T15:19:40.6930961Z"},"nsu=http://opcfoundation.org/UA/Plc/Applications;s=SlowUIntScalar3":{"Value":{"Type":7,"Body":1},"SourceTimestamp":"2024-04-27T15:19:37.8356085Z","ServerTimestamp":"2024-04-27T15:19:40.6930891Z"},"nsu=http://opcfoundation.org/UA/Plc/Applications;s=BadSlowUIntScalar1":{"Value":{"Type":7,"Body":1},"SourceTimestamp":"2024-04-27T15:19:37.8356101Z","ServerTimestamp":"2024-04-27T15:19:40.6930989Z"},"nsu=http://opcfoundation.org/UA/Plc/Applications;s=SlowRandomUIntScalar1":{"Value":{"Type":7,"Body":3352208046},"SourceTimestamp":"2024-04-27T15:19:37.8356102Z","ServerTimestamp":"2024-04-27T15:19:40.6930981Z"},"nsu=http://opcfoundation.org/UA/Plc/Applications;s=SlowRandomUIntScalar2":{"Value":{"Type":7,"Body":2439941097},"SourceTimestamp":"2024-04-27T15:19:37.8356167Z","ServerTimestamp":"2024-04-27T15:19:40.6930807Z"},"nsu=http://opcfoundation.org/UA/Plc/Applications;s=SlowRandomUIntScalar3":{"Value":{"Type":7,"Body":1173029797},"SourceTimestamp":"2024-04-27T15:19:37.8356178Z","ServerTimestamp":"2024-04-27T15:19:40.6930852Z"},"nsu=http://opcfoundation.org/UA/Plc/Applications;s=BadSlowRandomUIntScalar1":{"Value":{"Type":7,"Body":3776173516},"SourceTimestamp":"2024-04-27T15:19:37.8356198Z","ServerTimestamp":"2024-04-27T15:19:40.6930946Z"},"nsu=http://opcfoundation.org/UA/Plc/Applications;s=SpikeData":{"Value":{"Type":11,"Body":24.868988716485482},"SourceTimestamp":"2024-04-27T15:19:40.6278494Z","ServerTimestamp":"2024-04-27T15:19:40.693093Z"},"ns=23;i=1259":{"Value":{"Type":11,"Body":-1.74},"SourceTimestamp":"2024-04-27T15:19:28.6739207Z","ServerTimestamp":"2024-04-27T15:19:40.693065Z"}}}]