[{"SequenceNumber":17,"MetaDataVersion":{"MajorVersion":1},"Timestamp":"2024-04-27T15:19:45.6803167Z","MessageType":"ua-deltaframe","DataSetWriterName":"<<UnknownDataSet>>","Payload":{"i=2258":{"Value":{"Type":13,"Body":"2024-04-27T15:19:45.6800126Z"},"SourceTimestamp":"2024-04-27T15:19:28.673887Z","ServerTimestamp":"2024-04-27T15:19:45.6800109Z"},"nsu=http://opcfoundation.org/UA/Plc/Applications;s=StepUp":{"Value":{"Type":7,"Body":178},"SourceTimestamp":"2024-04-27T15:19:45.632157Z","ServerTimestamp":"2024-04-27T15:19:45.680051Z"},"nsu=http://opcfoundation.org/UA/Plc/Applications;s=AlternatingBoolean":{"Value":{"Type":1,"Body":false},"SourceTimestamp":"2024-04-27T15:19:45.6321748Z","ServerTimestamp":"2024-04-27T15:19:45.6800467Z"},"nsu=http://opcfoundation.org/UA/Plc/Applications;s=RandomSignedInt32":{"Value":{"Type":6,"Body":-1479997512},"SourceTimestamp":"2024-04-27T15:19:45.6321868Z","ServerTimestamp":"2024-04-27T15:19:45.6800486Z"},"nsu=http://opcfoundation.org/UA/Plc/Applications;s=RandomUnsignedInt32":{"Value":{"Type":7,"Body":1312595396},"SourceTimestamp":"2024-04-27T15:19:45.6322096Z","ServerTimestamp":"2024-04-27T15:19:45.6800443Z"},"nsu=http://opcfoundation.org/UA/Plc/Applications;s=DipData":{"Value":{"Type":11,"Body":24.868988716485482},"SourceTimestamp":"2024-04-27T15:19:45.6321994Z","ServerTimestamp":"2024-04-27T15:19:45.680053Z"},"nsu=http://opcfoundation.org/UA/Plc/Applications;s=FastUIntScalar1":{"Value":{"Type":7,"Body":17},"SourceTimestamp":"2024-04-27T15:19:44.8294343Z","ServerTimestamp":"2024-04-27T15:19:45.6800562Z"},"nsu=http://opcfoundation.org/UA/Plc/Applications;s=FastUIntScalar2":{"Value":{"Type":7,"Body":17},"SourceTimestamp":"2024-04-27T15:19:44.82944Z","ServerTimestamp":"2024-04-27T15:19:45.6800517Z"},"nsu=http://opcfoundation.org/UA/Plc/Applications;s=FastUIntScalar3":{"Value":{"Type":7,"Body":17},"SourceTimestamp":"2024-04-27T15:19:44.8294417Z","ServerTimestamp":"2024-04-27T15:19:45.6800451Z"},"nsu=http://opcfoundation.org/UA/Plc/Applications;s=FastRandomUIntScalar1":{"Value":{"Type":7,"Body":3419915209},"SourceTimestamp":"2024-04-27T15:19:44.8294353Z","ServerTimestamp":"2024-04-27T15:19:45.6800547Z"},"nsu=http://opcfoundation.org/UA/Plc/Applications;s=FastRandomUIntScalar2":{"Value":{"Type":7,"Body":96553476},"SourceTimestamp":"2024-04-27T15:19:44.8294409Z","ServerTimestamp":"2024-04-27T15:19:45.680059Z"},"nsu=http://opcfoundation.org/UA/Plc/Applications;s=FastRandomUIntScalar3":{"Value":{"Type":7,"Body":248733959},"SourceTimestamp":"2024-04-27T15:19:44.8294426Z","ServerTimestamp":"2024-04-27T15:19:45.6800434Z"},"nsu=http://opcfoundation.org/UA/Plc/Applications;s=NegativeTrendData":{"Value":{"Type":11,"Body":99.799999999999997},"SourceTimestamp":"2024-04-27T15:19:45.6321986Z","ServerTimestamp":"2024-04-27T15:19:45.6800586Z"},"nsu=http://opcfoundation.org/UA/Plc/Applications;s=PositiveTrendData":{"Value":{"Type":11,"Body":100},"SourceTimestamp":"2024-04-27T15:19:45.6322027Z","ServerTimestamp":"2024-04-27T15:19:45.680048Z"},"nsu=http://opcfoundation.org/UA/Plc/Applications;s=SlowUIntScalar1":{"Value":{"Type":7,"Body":1},"SourceTimestamp":"2024-04-27T15:19:37.8355992Z","ServerTimestamp":"2024-04-27T15:19:45.6800504Z"},"nsu=http://opcfoundation.org/UA/Plc/Applications;s=SlowUIntScalar2":{"Value":{"Type":7,"Body":1},"SourceTimestamp":"2024-04-27T15:19:37.835607Z","ServerTimestamp":"2024-04-27T15:19:45.6800554Z"},"nsu=http://opcfoundation.org/UA/Plc/Applications;s=SlowUIntScalar3":{"Value":{"Type":7,"Body":1},"SourceTimestamp":"2024-04-27T15:19:37.8356085Z","ServerTimestamp":"2024-04-27T15:19:45.6800494Z"},"nsu=http://opcfoundation.org/UA/Plc/Applications;s=BadSlowUIntScalar1":{"Value":{"Type":7,"Body":1},"SourceTimestamp":"2024-04-27T15:19:37.8356101Z","ServerTimestamp":"2024-04-27T15:19:45.6800579Z"},"nsu=http://opcfoundation.org/UA/Plc/Applications;s=SlowRandomUIntScalar1":{"Value":{"Type":7,"Body":3352208046},"SourceTimestamp":"2024-04-27T15:19:37.8356102Z","ServerTimestamp":"2024-04-27T15:19:45.6800571Z"},"nsu=http://opcfoundation.org/UA/Plc/Applications;s=SlowRandomUIntScalar2":{"Value":{"Type":7,"Body":2439941097},"SourceTimestamp":"2024-04-27T15:19:37.8356167Z","ServerTimestamp":"2024-04-27T15:19:45.6800422Z"},"nsu=http://opcfoundation.org/UA/Plc/Applications;s=SlowRandomUIntScalar3":{"Value":{"Type":7,"Body":1173029797},"SourceTimestamp":"2024-04-27T15:19:37.8356178Z","ServerTimestamp":"2024-04-27T15:19:45.6800461Z"},"nsu=http://opcfoundation.org/UA/Plc/Applications;s=BadSlowRandomUIntScalar1":{"Value":{"Type":7,"Body":3776173516},"SourceTimestamp":"2024-04-27T15:19:37.8356198Z","ServerTimestamp":"2024-04-27T15:19:45.6800539Z"},"nsu=http://opcfoundation.org/UA/Plc/Applications;s=SpikeData":{"Value":{"Type":11,"Body":24.868988716485482},"SourceTimestamp":"2024-04-27T15:19:45.6322077Z","ServerTimestamp":"2024-04-27T15:19:45.6800524Z"},"ns=23;i=1259":{"Value":{"Type":11,"Body":1.0600000000000001},"SourceTimestamp":"2024-04-27T15:19:28.6739207Z","ServerTimestamp":"2024-04-27T15:19:45.6800271Z"}}}]