[{"SequenceNumber":18,"MetaDataVersion":{"MajorVersion":1},"Timestamp":"2024-04-27T15:19:46.6855134Z","MessageType":"ua-deltaframe","DataSetWriterName":"<<UnknownDataSet>>","Payload":{"i=2258":{"Value":{"Type":13,"Body":"2024-04-27T15:19:46.6852263Z"},"SourceTimestamp":"2024-04-27T15:19:28.673887Z","ServerTimestamp":"2024-04-27T15:19:46.6852252Z"},"nsu=http://opcfoundation.org/UA/Plc/Applications;s=StepUp":{"Value":{"Type":7,"Body":188},"SourceTimestamp":"2024-04-27T15:19:46.6372602Z","ServerTimestamp":"2024-04-27T15:19:46.6852648Z"},"nsu=http://opcfoundation.org/UA/Plc/Applications;s=AlternatingBoolean":{"Value":{"Type":1,"Body":false},"SourceTimestamp":"2024-04-27T15:19:46.6372602Z","ServerTimestamp":"2024-04-27T15:19:46.6852601Z"},"nsu=http://opcfoundation.org/UA/Plc/Applications;s=RandomSignedInt32":{"Value":{"Type":6,"Body":1797697014},"SourceTimestamp":"2024-04-27T15:19:46.6372722Z","ServerTimestamp":"2024-04-27T15:19:46.6852621Z"},"nsu=http://opcfoundation.org/UA/Plc/Applications;s=RandomUnsignedInt32":{"Value":{"Type":7,"Body":382011241},"SourceTimestamp":"2024-04-27T15:19:46.6372735Z","ServerTimestamp":"2024-04-27T15:19:46.6852576Z"},"nsu=http://opcfoundation.org/UA/Plc/Applications;s=DipData":{"Value":{"Type":11,"Body":99.80267284282715},"SourceTimestamp":"2024-04-27T15:19:46.6372924Z","ServerTimestamp":"2024-04-27T15:19:46.6852669Z"},"nsu=http://opcfoundation.org/UA/Plc/Applications;s=FastUIntScalar1":{"Value":{"Type":7,"Body":18},"SourceTimestamp":"2024-04-27T15:19:45.8361896Z","ServerTimestamp":"2024-04-27T15:19:46.68527Z"},"nsu=http://opcfoundation.org/UA/Plc/Applications;s=FastUIntScalar2":{"Value":{"Type":7,"Body":18},"SourceTimestamp":"2024-04-27T15:19:45.8362041Z","ServerTimestamp":"2024-04-27T15:19:46.6852655Z"},"nsu=http://opcfoundation.org/UA/Plc/Applications;s=FastUIntScalar3":{"Value":{"Type":7,"Body":18},"SourceTimestamp":"2024-04-27T15:19:45.8362073Z","ServerTimestamp":"2024-04-27T15:19:46.6852584Z"},"nsu=http://opcfoundation.org/UA/Plc/Applications;s=FastRandomUIntScalar1":{"Value":{"Type":7,"Body":3678321440},"SourceTimestamp":"2024-04-27T15:19:45.8361892Z","ServerTimestamp":"2024-04-27T15:19:46.6852686Z"},"nsu=http://opcfoundation.org/UA/Plc/Applications;s=FastRandomUIntScalar2":{"Value":{"Type":7,"Body":3859753299},"SourceTimestamp":"2024-04-27T15:19:45.8361974Z","ServerTimestamp":"2024-04-27T15:19:46.6852728Z"},"nsu=http://opcfoundation.org/UA/Plc/Applications;s=FastRandomUIntScalar3":{"Value":{"Type":7,"Body":2201290173},"SourceTimestamp":"2024-04-27T15:19:45.8362063Z","ServerTimestamp":"2024-04-27T15:19:46.6852568Z"},"nsu=http://opcfoundation.org/UA/Plc/Applications;s=NegativeTrendData":{"Value":{"Type":11,"Body":99.799999999999997},"SourceTimestamp":"2024-04-27T15:19:46.6372844Z","ServerTimestamp":"2024-04-27T15:19:46.6852724Z"},"nsu=http://opcfoundation.org/UA/Plc/Applications;s=PositiveTrendData":{"Value":{"Type":11,"Body":100},"SourceTimestamp":"2024-04-27T15:19:46.6372841Z","ServerTimestamp":"2024-04-27T15:19:46.6852614Z"},"nsu=http://opcfoundation.org/UA/Plc/Applications;s=SlowUIntScalar1":{"Value":{"Type":7,"Body":1},"SourceTimestamp":"2024-04-27T15:19:37.8355992Z","ServerTimestamp":"2024-04-27T15:19:46.6852642Z"},"nsu=http://opcfoundation.org/UA/Plc/Applications;s=SlowUIntScalar2":{"Value":{"Type":7,"Body":1},"SourceTimestamp":"2024-04-27T15:19:37.835607Z","ServerTimestamp":"2024-04-27T15:19:46.6852692Z"},"nsu=http://opcfoundation.org/UA/Plc/Applications;s=SlowUIntScalar3":{"Value":{"Type":7,"Body":1},"SourceTimestamp":"2024-04-27T15:19:37.8356085Z","ServerTimestamp":"2024-04-27T15:19:46.6852629Z"},"nsu=http://opcfoundation.org/UA/Plc/Applications;s=BadSlowUIntScalar1":{"Value":{"Type":7,"Body":1},"SourceTimestamp":"2024-04-27T15:19:37.8356101Z","ServerTimestamp":"2024-04-27T15:19:46.6852717Z"},"nsu=http://opcfoundation.org/UA/Plc/Applications;s=SlowRandomUIntScalar1":{"Value":{"Type":7,"Body":3352208046},"SourceTimestamp":"2024-04-27T15:19:37.8356102Z","ServerTimestamp":"2024-04-27T15:19:46.685271Z"},"nsu=http://opcfoundation.org/UA/Plc/Applications;s=SlowRandomUIntScalar2":{"Value":{"Type":7,"Body":2439941097},"SourceTimestamp":"2024-04-27T15:19:37.8356167Z","ServerTimestamp":"2024-04-27T15:19:46.6852556Z"},"nsu=http://opcfoundation.org/UA/Plc/Applications;s=SlowRandomUIntScalar3":{"Value":{"Type":7,"Body":1173029797},"SourceTimestamp":"2024-04-27T15:19:37.8356178Z","ServerTimestamp":"2024-04-27T15:19:46.6852594Z"},"nsu=http://opcfoundation.org/UA/Plc/Applications;s=BadSlowRandomUIntScalar1":{"Value":{"Type":7,"Body":3776173516},"SourceTimestamp":"2024-04-27T15:19:37.8356198Z","ServerTimestamp":"2024-04-27T15:19:46.6852678Z"},"nsu=http://opcfoundation.org/UA/Plc/Applications;s=SpikeData":{"Value":{"Type":11,"Body":99.80267284282715},"SourceTimestamp":"2024-04-27T15:19:46.6372875Z","ServerTimestamp":"2024-04-27T15:19:46.6852663Z"},"ns=23;i=1259":{"Value":{"Type":11,"Body":0.057100000000000005},"SourceTimestamp":"2024-04-27T15:19:28.6739207Z","ServerTimestamp":"2024-04-27T15:19:46.6852406Z"}}}]