[{"SequenceNumber":24,"MetaDataVersion":{"MajorVersion":1},"Timestamp":"2024-04-27T15:19:52.6861881Z","MessageType":"ua-deltaframe","DataSetWriterName":"<<UnknownDataSet>>","Payload":{"i=2258":{"Value":{"Type":13,"Body":"2024-04-27T15:19:52.6859012Z"},"SourceTimestamp":"2024-04-27T15:19:28.673887Z","ServerTimestamp":"2024-04-27T15:19:52.6859001Z"},"nsu=http://opcfoundation.org/UA/Plc/Applications;s=StepUp":{"Value":{"Type":7,"Body":248},"SourceTimestamp":"2024-04-27T15:19:52.6386332Z","ServerTimestamp":"2024-04-27T15:19:52.6859392Z"},"nsu=http://opcfoundation.org/UA/Plc/Applications;s=AlternatingBoolean":{"Value":{"Type":1,"Body":true},"SourceTimestamp":"2024-04-27T15:19:52.6386333Z","ServerTimestamp":"2024-04-27T15:19:52.6859351Z"},"nsu=http://opcfoundation.org/UA/Plc/Applications;s=RandomSignedInt32":{"Value":{"Type":6,"Body":1530253281},"SourceTimestamp":"2024-04-27T15:19:52.6386333Z","ServerTimestamp":"2024-04-27T15:19:52.685937Z"},"nsu=http://opcfoundation.org/UA/Plc/Applications;s=RandomUnsignedInt32":{"Value":{"Type":7,"Body":427153249},"SourceTimestamp":"2024-04-27T15:19:52.6386427Z","ServerTimestamp":"2024-04-27T15:19:52.6859325Z"},"nsu=http://opcfoundation.org/UA/Plc/Applications;s=DipData":{"Value":{"Type":11,"Body":36.812455268467801},"SourceTimestamp":"2024-04-27T15:19:52.638648Z","ServerTimestamp":"2024-04-27T15:19:52.6859413Z"},"nsu=http://opcfoundation.org/UA/Plc/Applications;s=FastUIntScalar1":{"Value":{"Type":7,"Body":24},"SourceTimestamp":"2024-04-27T15:19:51.8309934Z","ServerTimestamp":"2024-04-27T15:19:52.6859447Z"},"nsu=http://opcfoundation.org/UA/Plc/Applications;s=FastUIntScalar2":{"Value":{"Type":7,"Body":24},"SourceTimestamp":"2024-04-27T15:19:51.8309989Z","ServerTimestamp":"2024-04-27T15:19:52.6859399Z"},"nsu=http://opcfoundation.org/UA/Plc/Applications;s=FastUIntScalar3":{"Value":{"Type":7,"Body":24},"SourceTimestamp":"2024-04-27T15:19:51.8310027Z","ServerTimestamp":"2024-04-27T15:19:52.6859334Z"},"nsu=http://opcfoundation.org/UA/Plc/Applications;s=FastRandomUIntScalar1":{"Value":{"Type":7,"Body":1447625958},"SourceTimestamp":"2024-04-27T15:19:51.8309951Z","ServerTimestamp":"2024-04-27T15:19:52.685943Z"},"nsu=http://opcfoundation.org/UA/Plc/Applications;s=FastRandomUIntScalar2":{"Value":{"Type":7,"Body":2868033769},"SourceTimestamp":"2024-04-27T15:19:51.8310018Z","ServerTimestamp":"2024-04-27T15:19:52.6859475Z"},"nsu=http://opcfoundation.org/UA/Plc/Applications;s=FastRandomUIntScalar3":{"Value":{"Type":7,"Body":648000045},"SourceTimestamp":"2024-04-27T15:19:51.8310059Z","ServerTimestamp":"2024-04-27T15:19:52.6859316Z"},"nsu=http://opcfoundation.org/UA/Plc/Applications;s=NegativeTrendData":{"Value":{"Type":11,"Body":99.700000000000003},"SourceTimestamp":"2024-04-27T15:19:52.6386561Z","ServerTimestamp":"2024-04-27T15:19:52.6859471Z"},"nsu=http://opcfoundation.org/UA/Plc/Applications;s=PositiveTrendData":{"Value":{"Type":11,"Body":100.09999999999999},"SourceTimestamp":"2024-04-27T15:19:52.638658Z","ServerTimestamp":"2024-04-27T15:19:52.6859364Z"},"nsu=http://opcfoundation.org/UA/Plc/Applications;s=SlowUIntScalar1":{"Value":{"Type":7,"Body":2},"SourceTimestamp":"2024-04-27T15:19:47.8301206Z","ServerTimestamp":"2024-04-27T15:19:52.6859386Z"},"nsu=http://opcfoundation.org/UA/Plc/Applications;s=SlowUIntScalar2":{"Value":{"Type":7,"Body":2},"SourceTimestamp":"2024-04-27T15:19:47.8301304Z","ServerTimestamp":"2024-04-27T15:19:52.6859437Z"},"nsu=http://opcfoundation.org/UA/Plc/Applications;s=SlowUIntScalar3":{"Value":{"Type":7,"Body":2},"SourceTimestamp":"2024-04-27T15:19:47.8301379Z","ServerTimestamp":"2024-04-27T15:19:52.6859378Z"},"nsu=http://opcfoundation.org/UA/Plc/Applications;s=BadSlowUIntScalar1":{"Value":{"Type":7,"Body":2},"SourceTimestamp":"2024-04-27T15:19:47.8301424Z","ServerTimestamp":"2024-04-27T15:19:52.6859464Z"},"nsu=http://opcfoundation.org/UA/Plc/Applications;s=SlowRandomUIntScalar1":{"Value":{"Type":7,"Body":2899886030},"SourceTimestamp":"2024-04-27T15:19:47.8301265Z","ServerTimestamp":"2024-04-27T15:19:52.6859457Z"},"nsu=http://opcfoundation.org/UA/Plc/Applications;s=SlowRandomUIntScalar2":{"Value":{"Type":7,"Body":1284855250},"SourceTimestamp":"2024-04-27T15:19:47.8301353Z","ServerTimestamp":"2024-04-27T15:19:52.6859304Z"},"nsu=http://opcfoundation.org/UA/Plc/Applications;s=SlowRandomUIntScalar3":{"Value":{"Type":7,"Body":4042284884},"SourceTimestamp":"2024-04-27T15:19:47.8301395Z","ServerTimestamp":"2024-04-27T15:19:52.6859343Z"},"nsu=http://opcfoundation.org/UA/Plc/Applications;s=BadSlowRandomUIntScalar1":{"Value":{"Type":7,"Body":170449921},"SourceTimestamp":"2024-04-27T15:19:47.8301431Z","ServerTimestamp":"2024-04-27T15:19:52.6859422Z"},"nsu=http://opcfoundation.org/UA/Plc/Applications;s=SpikeData":{"Value":{"Type":11,"Body":36.812455268467801},"SourceTimestamp":"2024-04-27T15:19:52.6386634Z","ServerTimestamp":"2024-04-27T15:19:52.6859406Z"},"ns=23;i=1259":{"Value":{"Type":11,"Body":-0.078899999999999998},"SourceTimestamp":"2024-04-27T15:19:28.6739207Z","ServerTimestamp":"2024-04-27T15:19:52.6859158Z"}}}]