[{"SequenceNumber":25,"MetaDataVersion":{"MajorVersion":1},"Timestamp":"2024-04-27T15:19:53.6842966Z","MessageType":"ua-deltaframe","DataSetWriterName":"<<UnknownDataSet>>","Payload":{"i=2258":{"Value":{"Type":13,"Body":"2024-04-27T15:19:53.6839806Z"},"SourceTimestamp":"2024-04-27T15:19:28.673887Z","ServerTimestamp":"2024-04-27T15:19:53.6839795Z"},"nsu=http://opcfoundation.org/UA/Plc/Applications;s=StepUp":{"Value":{"Type":7,"Body":258},"SourceTimestamp":"2024-04-27T15:19:53.6358839Z","ServerTimestamp":"2024-04-27T15:19:53.6840202Z"},"nsu=http://opcfoundation.org/UA/Plc/Applications;s=AlternatingBoolean":{"Value":{"Type":1,"Body":false},"SourceTimestamp":"2024-04-27T15:19:53.6358818Z","ServerTimestamp":"2024-04-27T15:19:53.6840157Z"},"nsu=http://opcfoundation.org/UA/Plc/Applications;s=RandomSignedInt32":{"Value":{"Type":6,"Body":-1650567445},"SourceTimestamp":"2024-04-27T15:19:53.6359014Z","ServerTimestamp":"2024-04-27T15:19:53.684018Z"},"nsu=http://opcfoundation.org/UA/Plc/Applications;s=RandomUnsignedInt32":{"Value":{"Type":7,"Body":638938312},"SourceTimestamp":"2024-04-27T15:19:53.6358957Z","ServerTimestamp":"2024-04-27T15:19:53.6840129Z"},"nsu=http://opcfoundation.org/UA/Plc/Applications;s=DipData":{"Value":{"Type":11,"Body":-77.0513242775789},"SourceTimestamp":"2024-04-27T15:19:53.6359056Z","ServerTimestamp":"2024-04-27T15:19:53.6840221Z"},"nsu=http://opcfoundation.org/UA/Plc/Applications;s=FastUIntScalar1":{"Value":{"Type":7,"Body":25},"SourceTimestamp":"2024-04-27T15:19:52.8407674Z","ServerTimestamp":"2024-04-27T15:19:53.6840252Z"},"nsu=http://opcfoundation.org/UA/Plc/Applications;s=FastUIntScalar2":{"Value":{"Type":7,"Body":25},"SourceTimestamp":"2024-04-27T15:19:52.8407727Z","ServerTimestamp":"2024-04-27T15:19:53.6840209Z"},"nsu=http://opcfoundation.org/UA/Plc/Applications;s=FastUIntScalar3":{"Value":{"Type":7,"Body":25},"SourceTimestamp":"2024-04-27T15:19:52.8407742Z","ServerTimestamp":"2024-04-27T15:19:53.6840138Z"},"nsu=http://opcfoundation.org/UA/Plc/Applications;s=FastRandomUIntScalar1":{"Value":{"Type":7,"Body":3379769153},"SourceTimestamp":"2024-04-27T15:19:52.8407739Z","ServerTimestamp":"2024-04-27T15:19:53.6840238Z"},"nsu=http://opcfoundation.org/UA/Plc/Applications;s=FastRandomUIntScalar2":{"Value":{"Type":7,"Body":1998197332},"SourceTimestamp":"2024-04-27T15:19:52.8407784Z","ServerTimestamp":"2024-04-27T15:19:53.6840288Z"},"nsu=http://opcfoundation.org/UA/Plc/Applications;s=FastRandomUIntScalar3":{"Value":{"Type":7,"Body":3291529411},"SourceTimestamp":"2024-04-27T15:19:52.8407802Z","ServerTimestamp":"2024-04-27T15:19:53.684012Z"},"nsu=http://opcfoundation.org/UA/Plc/Applications;s=NegativeTrendData":{"Value":{"Type":11,"Body":99.599999999999994},"SourceTimestamp":"2024-04-27T15:19:53.6359107Z","ServerTimestamp":"2024-04-27T15:19:53.6840283Z"},"nsu=http://opcfoundation.org/UA/Plc/Applications;s=PositiveTrendData":{"Value":{"Type":11,"Body":100.2},"SourceTimestamp":"2024-04-27T15:19:53.6359105Z","ServerTimestamp":"2024-04-27T15:19:53.6840171Z"},"nsu=http://opcfoundation.org/UA/Plc/Applications;s=SlowUIntScalar1":{"Value":{"Type":7,"Body":2},"SourceTimestamp":"2024-04-27T15:19:47.8301206Z","ServerTimestamp":"2024-04-27T15:19:53.6840196Z"},"nsu=http://opcfoundation.org/UA/Plc/Applications;s=SlowUIntScalar2":{"Value":{"Type":7,"Body":2},"SourceTimestamp":"2024-04-27T15:19:47.8301304Z","ServerTimestamp":"2024-04-27T15:19:53.6840244Z"},"nsu=http://opcfoundation.org/UA/Plc/Applications;s=SlowUIntScalar3":{"Value":{"Type":7,"Body":2},"SourceTimestamp":"2024-04-27T15:19:47.8301379Z","ServerTimestamp":"2024-04-27T15:19:53.6840188Z"},"nsu=http://opcfoundation.org/UA/Plc/Applications;s=BadSlowUIntScalar1":{"Value":{"Type":7,"Body":2},"SourceTimestamp":"2024-04-27T15:19:47.8301424Z","ServerTimestamp":"2024-04-27T15:19:53.6840276Z"},"nsu=http://opcfoundation.org/UA/Plc/Applications;s=SlowRandomUIntScalar1":{"Value":{"Type":7,"Body":2899886030},"SourceTimestamp":"2024-04-27T15:19:47.8301265Z","ServerTimestamp":"2024-04-27T15:19:53.6840268Z"},"nsu=http://opcfoundation.org/UA/Plc/Applications;s=SlowRandomUIntScalar2":{"Value":{"Type":7,"Body":1284855250},"SourceTimestamp":"2024-04-27T15:19:47.8301353Z","ServerTimestamp":"2024-04-27T15:19:53.6840108Z"},"nsu=http://opcfoundation.org/UA/Plc/Applications;s=SlowRandomUIntScalar3":{"Value":{"Type":7,"Body":4042284884},"SourceTimestamp":"2024-04-27T15:19:47.8301395Z","ServerTimestamp":"2024-04-27T15:19:53.6840149Z"},"nsu=http://opcfoundation.org/UA/Plc/Applications;s=BadSlowRandomUIntScalar1":{"Value":{"Type":7,"Body":170449921},"SourceTimestamp":"2024-04-27T15:19:47.8301431Z","ServerTimestamp":"2024-04-27T15:19:53.684023Z"},"nsu=http://opcfoundation.org/UA/Plc/Applications;s=SpikeData":{"Value":{"Type":11,"Body":-77.0513242775789},"SourceTimestamp":"2024-04-27T15:19:53.6359109Z","ServerTimestamp":"2024-04-27T15:19:53.6840216Z"},"ns=23;i=1259":{"Value":{"Type":11,"Body":-1.01},"SourceTimestamp":"2024-04-27T15:19:28.6739207Z","ServerTimestamp":"2024-04-27T15:19:53.6839965Z"}}}]