[{"SequenceNumber":30,"MetaDataVersion":{"MajorVersion":1},"Timestamp":"2024-04-27T15:19:58.6835807Z","MessageType":"ua-deltaframe","DataSetWriterName":"<<UnknownDataSet>>","Payload":{"i=2258":{"Value":{"Type":13,"Body":"2024-04-27T15:19:58.6832776Z"},"SourceTimestamp":"2024-04-27T15:19:28.673887Z","ServerTimestamp":"2024-04-27T15:19:58.6832764Z"},"nsu=http://opcfoundation.org/UA/Plc/Applications;s=StepUp":{"Value":{"Type":7,"Body":308},"SourceTimestamp":"2024-04-27T15:19:58.6355512Z","ServerTimestamp":"2024-04-27T15:19:58.6833186Z"},"nsu=http://opcfoundation.org/UA/Plc/Applications;s=AlternatingBoolean":{"Value":{"Type":1,"Body":true},"SourceTimestamp":"2024-04-27T15:19:58.6355786Z","ServerTimestamp":"2024-04-27T15:19:58.6833136Z"},"nsu=http://opcfoundation.org/UA/Plc/Applications;s=RandomSignedInt32":{"Value":{"Type":6,"Body":-1160159074},"SourceTimestamp":"2024-04-27T15:19:58.6355781Z","ServerTimestamp":"2024-04-27T15:19:58.683316Z"},"nsu=http://opcfoundation.org/UA/Plc/Applications;s=RandomUnsignedInt32":{"Value":{"Type":7,"Body":2015068432},"SourceTimestamp":"2024-04-27T15:19:58.6355886Z","ServerTimestamp":"2024-04-27T15:19:58.6833108Z"},"nsu=http://opcfoundation.org/UA/Plc/Applications;s=DipData":{"Value":{"Type":11,"Body":-77.0513242775789},"SourceTimestamp":"2024-04-27T15:19:58.6355884Z","ServerTimestamp":"2024-04-27T15:19:58.6833207Z"},"nsu=http://opcfoundation.org/UA/Plc/Applications;s=FastUIntScalar1":{"Value":{"Type":7,"Body":30},"SourceTimestamp":"2024-04-27T15:19:57.8299838Z","ServerTimestamp":"2024-04-27T15:19:58.6833241Z"},"nsu=http://opcfoundation.org/UA/Plc/Applications;s=FastUIntScalar2":{"Value":{"Type":7,"Body":30},"SourceTimestamp":"2024-04-27T15:19:57.8299871Z","ServerTimestamp":"2024-04-27T15:19:58.6833192Z"},"nsu=http://opcfoundation.org/UA/Plc/Applications;s=FastUIntScalar3":{"Value":{"Type":7,"Body":30},"SourceTimestamp":"2024-04-27T15:19:57.8299926Z","ServerTimestamp":"2024-04-27T15:19:58.6833116Z"},"nsu=http://opcfoundation.org/UA/Plc/Applications;s=FastRandomUIntScalar1":{"Value":{"Type":7,"Body":1059216022},"SourceTimestamp":"2024-04-27T15:19:57.8299858Z","ServerTimestamp":"2024-04-27T15:19:58.6833224Z"},"nsu=http://opcfoundation.org/UA/Plc/Applications;s=FastRandomUIntScalar2":{"Value":{"Type":7,"Body":3566057829},"SourceTimestamp":"2024-04-27T15:19:57.829989Z","ServerTimestamp":"2024-04-27T15:19:58.6833276Z"},"nsu=http://opcfoundation.org/UA/Plc/Applications;s=FastRandomUIntScalar3":{"Value":{"Type":7,"Body":2356051963},"SourceTimestamp":"2024-04-27T15:19:57.8299935Z","ServerTimestamp":"2024-04-27T15:19:58.6833098Z"},"nsu=http://opcfoundation.org/UA/Plc/Applications;s=NegativeTrendData":{"Value":{"Type":11,"Body":99.5},"SourceTimestamp":"2024-04-27T15:19:58.6355884Z","ServerTimestamp":"2024-04-27T15:19:58.6833272Z"},"nsu=http://opcfoundation.org/UA/Plc/Applications;s=PositiveTrendData":{"Value":{"Type":11,"Body":100.3},"SourceTimestamp":"2024-04-27T15:19:58.6355914Z","ServerTimestamp":"2024-04-27T15:19:58.6833152Z"},"nsu=http://opcfoundation.org/UA/Plc/Applications;s=SlowUIntScalar1":{"Value":{"Type":7,"Body":3},"SourceTimestamp":"2024-04-27T15:19:57.8299708Z","ServerTimestamp":"2024-04-27T15:19:58.6833179Z"},"nsu=http://opcfoundation.org/UA/Plc/Applications;s=SlowUIntScalar2":{"Value":{"Type":7,"Body":3},"SourceTimestamp":"2024-04-27T15:19:57.829977Z","ServerTimestamp":"2024-04-27T15:19:58.683323Z"},"nsu=http://opcfoundation.org/UA/Plc/Applications;s=SlowUIntScalar3":{"Value":{"Type":7,"Body":3},"SourceTimestamp":"2024-04-27T15:19:57.8299787Z","ServerTimestamp":"2024-04-27T15:19:58.6833169Z"},"nsu=http://opcfoundation.org/UA/Plc/Applications;s=BadSlowUIntScalar1":{"Value":{"Type":7,"Body":3},"SourceTimestamp":"2024-04-27T15:19:57.8299935Z","ServerTimestamp":"2024-04-27T15:19:58.6833264Z"},"nsu=http://opcfoundation.org/UA/Plc/Applications;s=SlowRandomUIntScalar1":{"Value":{"Type":7,"Body":2558147039},"SourceTimestamp":"2024-04-27T15:19:57.8299708Z","ServerTimestamp":"2024-04-27T15:19:58.6833257Z"},"nsu=http://opcfoundation.org/UA/Plc/Applications;s=SlowRandomUIntScalar2":{"Value":{"Type":7,"Body":1073049505},"SourceTimestamp":"2024-04-27T15:19:57.829978Z","ServerTimestamp":"2024-04-27T15:19:58.6833087Z"},"nsu=http://opcfoundation.org/UA/Plc/Applications;s=SlowRandomUIntScalar3":{"Value":{"Type":7,"Body":829499024},"SourceTimestamp":"2024-04-27T15:19:57.8299794Z","ServerTimestamp":"2024-04-27T15:19:58.6833128Z"},"nsu=http://opcfoundation.org/UA/Plc/Applications;s=BadSlowRandomUIntScalar1":{"Value":{"Type":7,"Body":657993851},"SourceTimestamp":"2024-04-27T15:19:57.8299816Z","ServerTimestamp":"2024-04-27T15:19:58.6833216Z"},"nsu=http://opcfoundation.org/UA/Plc/Applications;s=SpikeData":{"Value":{"Type":11,"Body":-77.0513242775789},"SourceTimestamp":"2024-04-27T15:19:58.6356059Z","ServerTimestamp":"2024-04-27T15:19:58.68332Z"},"ns=23;i=1259":{"Value":{"Type":11,"Body":0.25600000000000001},"SourceTimestamp":"2024-04-27T15:19:28.6739207Z","ServerTimestamp":"2024-04-27T15:19:58.6832938Z"}}}]