[{"SequenceNumber":34,"MetaDataVersion":{"MajorVersion":1},"Timestamp":"2024-04-27T15:20:02.6927767Z","MessageType":"ua-deltaframe","DataSetWriterName":"<<UnknownDataSet>>","Payload":{"i=2258":{"Value":{"Type":13,"Body":"2024-04-27T15:20:02.6924791Z"},"SourceTimestamp":"2024-04-27T15:19:28.673887Z","ServerTimestamp":"2024-04-27T15:20:02.6924779Z"},"nsu=http://opcfoundation.org/UA/Plc/Applications;s=StepUp":{"Value":{"Type":7,"Body":348},"SourceTimestamp":"2024-04-27T15:20:02.6285904Z","ServerTimestamp":"2024-04-27T15:20:02.692522Z"},"nsu=http://opcfoundation.org/UA/Plc/Applications;s=AlternatingBoolean":{"Value":{"Type":1,"Body":true},"SourceTimestamp":"2024-04-27T15:20:02.6285904Z","ServerTimestamp":"2024-04-27T15:20:02.6925173Z"},"nsu=http://opcfoundation.org/UA/Plc/Applications;s=RandomSignedInt32":{"Value":{"Type":6,"Body":-1048506548},"SourceTimestamp":"2024-04-27T15:20:02.6286011Z","ServerTimestamp":"2024-04-27T15:20:02.6925193Z"},"nsu=http://opcfoundation.org/UA/Plc/Applications;s=RandomUnsignedInt32":{"Value":{"Type":7,"Body":84093942},"SourceTimestamp":"2024-04-27T15:20:02.6286Z","ServerTimestamp":"2024-04-27T15:20:02.6925142Z"},"nsu=http://opcfoundation.org/UA/Plc/Applications;s=DipData":{"Value":{"Type":11,"Body":36.812455268467801},"SourceTimestamp":"2024-04-27T15:20:02.628607Z","ServerTimestamp":"2024-04-27T15:20:02.6925243Z"},"nsu=http://opcfoundation.org/UA/Plc/Applications;s=FastUIntScalar1":{"Value":{"Type":7,"Body":34},"SourceTimestamp":"2024-04-27T15:20:01.8299236Z","ServerTimestamp":"2024-04-27T15:20:02.6925277Z"},"nsu=http://opcfoundation.org/UA/Plc/Applications;s=FastUIntScalar2":{"Value":{"Type":7,"Body":34},"SourceTimestamp":"2024-04-27T15:20:01.829931Z","ServerTimestamp":"2024-04-27T15:20:02.6925228Z"},"nsu=http://opcfoundation.org/UA/Plc/Applications;s=FastUIntScalar3":{"Value":{"Type":7,"Body":34},"SourceTimestamp":"2024-04-27T15:20:01.8299343Z","ServerTimestamp":"2024-04-27T15:20:02.6925152Z"},"nsu=http://opcfoundation.org/UA/Plc/Applications;s=FastRandomUIntScalar1":{"Value":{"Type":7,"Body":2563395747},"SourceTimestamp":"2024-04-27T15:20:01.8299261Z","ServerTimestamp":"2024-04-27T15:20:02.6925261Z"},"nsu=http://opcfoundation.org/UA/Plc/Applications;s=FastRandomUIntScalar2":{"Value":{"Type":7,"Body":2313396885},"SourceTimestamp":"2024-04-27T15:20:01.8299331Z","ServerTimestamp":"2024-04-27T15:20:02.6925308Z"},"nsu=http://opcfoundation.org/UA/Plc/Applications;s=FastRandomUIntScalar3":{"Value":{"Type":7,"Body":701858766},"SourceTimestamp":"2024-04-27T15:20:01.8299352Z","ServerTimestamp":"2024-04-27T15:20:02.6925133Z"},"nsu=http://opcfoundation.org/UA/Plc/Applications;s=NegativeTrendData":{"Value":{"Type":11,"Body":99.5},"SourceTimestamp":"2024-04-27T15:20:02.6286071Z","ServerTimestamp":"2024-04-27T15:20:02.6925304Z"},"nsu=http://opcfoundation.org/UA/Plc/Applications;s=PositiveTrendData":{"Value":{"Type":11,"Body":100.3},"SourceTimestamp":"2024-04-27T15:20:02.6286161Z","ServerTimestamp":"2024-04-27T15:20:02.6925185Z"},"nsu=http://opcfoundation.org/UA/Plc/Applications;s=SlowUIntScalar1":{"Value":{"Type":7,"Body":3},"SourceTimestamp":"2024-04-27T15:19:57.8299708Z","ServerTimestamp":"2024-04-27T15:20:02.6925213Z"},"nsu=http://opcfoundation.org/UA/Plc/Applications;s=SlowUIntScalar2":{"Value":{"Type":7,"Body":3},"SourceTimestamp":"2024-04-27T15:19:57.829977Z","ServerTimestamp":"2024-04-27T15:20:02.6925268Z"},"nsu=http://opcfoundation.org/UA/Plc/Applications;s=SlowUIntScalar3":{"Value":{"Type":7,"Body":3},"SourceTimestamp":"2024-04-27T15:19:57.8299787Z","ServerTimestamp":"2024-04-27T15:20:02.6925202Z"},"nsu=http://opcfoundation.org/UA/Plc/Applications;s=BadSlowUIntScalar1":{"Value":{"Type":7,"Body":3},"SourceTimestamp":"2024-04-27T15:19:57.8299935Z","ServerTimestamp":"2024-04-27T15:20:02.6925296Z"},"nsu=http://opcfoundation.org/UA/Plc/Applications;s=SlowRandomUIntScalar1":{"Value":{"Type":7,"Body":2558147039},"SourceTimestamp":"2024-04-27T15:19:57.8299708Z","ServerTimestamp":"2024-04-27T15:20:02.6925288Z"},"nsu=http://opcfoundation.org/UA/Plc/Applications;s=SlowRandomUIntScalar2":{"Value":{"Type":7,"Body":1073049505},"SourceTimestamp":"2024-04-27T15:19:57.829978Z","ServerTimestamp":"2024-04-27T15:20:02.692512Z"},"nsu=http://opcfoundation.org/UA/Plc/Applications;s=SlowRandomUIntScalar3":{"Value":{"Type":7,"Body":829499024},"SourceTimestamp":"2024-04-27T15:19:57.8299794Z","ServerTimestamp":"2024-04-27T15:20:02.6925165Z"},"nsu=http://opcfoundation.org/UA/Plc/Applications;s=BadSlowRandomUIntScalar1":{"Value":{"Type":7,"Body":657993851},"SourceTimestamp":"2024-04-27T15:19:57.8299816Z","ServerTimestamp":"2024-04-27T15:20:02.6925252Z"},"nsu=http://opcfoundation.org/UA/Plc/Applications;s=SpikeData":{"Value":{"Type":11,"Body":36.812455268467801},"SourceTimestamp":"2024-04-27T15:20:02.6286142Z","ServerTimestamp":"2024-04-27T15:20:02.6925236Z"},"ns=23;i=1259":{"Value":{"Type":11,"Body":-0.498},"SourceTimestamp":"2024-04-27T15:19:28.6739207Z","ServerTimestamp":"2024-04-27T15:20:02.6924957Z"}}}]