[{"SequenceNumber":40,"MetaDataVersion":{"MajorVersion":1},"Timestamp":"2024-04-27T15:20:08.6784866Z","MessageType":"ua-deltaframe","DataSetWriterName":"<<UnknownDataSet>>","Payload":{"i=2258":{"Value":{"Type":13,"Body":"2024-04-27T15:20:08.678203Z"},"SourceTimestamp":"2024-04-27T15:19:28.673887Z","ServerTimestamp":"2024-04-27T15:20:08.6782017Z"},"nsu=http://opcfoundation.org/UA/Plc/Applications;s=StepUp":{"Value":{"Type":7,"Body":408},"SourceTimestamp":"2024-04-27T15:20:08.6300076Z","ServerTimestamp":"2024-04-27T15:20:08.678245Z"},"nsu=http://opcfoundation.org/UA/Plc/Applications;s=AlternatingBoolean":{"Value":{"Type":1,"Body":true},"SourceTimestamp":"2024-04-27T15:20:08.6300076Z","ServerTimestamp":"2024-04-27T15:20:08.6782404Z"},"nsu=http://opcfoundation.org/UA/Plc/Applications;s=RandomSignedInt32":{"Value":{"Type":6,"Body":1190246501},"SourceTimestamp":"2024-04-27T15:20:08.6300198Z","ServerTimestamp":"2024-04-27T15:20:08.6782424Z"},"nsu=http://opcfoundation.org/UA/Plc/Applications;s=RandomUnsignedInt32":{"Value":{"Type":7,"Body":308759490},"SourceTimestamp":"2024-04-27T15:20:08.6300215Z","ServerTimestamp":"2024-04-27T15:20:08.6782373Z"},"nsu=http://opcfoundation.org/UA/Plc/Applications;s=DipData":{"Value":{"Type":11,"Body":-77.0513242775789},"SourceTimestamp":"2024-04-27T15:20:08.6300318Z","ServerTimestamp":"2024-04-27T15:20:08.6782473Z"},"nsu=http://opcfoundation.org/UA/Plc/Applications;s=FastUIntScalar1":{"Value":{"Type":7,"Body":40},"SourceTimestamp":"2024-04-27T15:20:07.8285381Z","ServerTimestamp":"2024-04-27T15:20:08.678251Z"},"nsu=http://opcfoundation.org/UA/Plc/Applications;s=FastUIntScalar2":{"Value":{"Type":7,"Body":40},"SourceTimestamp":"2024-04-27T15:20:07.8285423Z","ServerTimestamp":"2024-04-27T15:20:08.6782458Z"},"nsu=http://opcfoundation.org/UA/Plc/Applications;s=FastUIntScalar3":{"Value":{"Type":7,"Body":40},"SourceTimestamp":"2024-04-27T15:20:07.8285438Z","ServerTimestamp":"2024-04-27T15:20:08.6782383Z"},"nsu=http://opcfoundation.org/UA/Plc/Applications;s=FastRandomUIntScalar1":{"Value":{"Type":7,"Body":3346166856},"SourceTimestamp":"2024-04-27T15:20:07.8285452Z","ServerTimestamp":"2024-04-27T15:20:08.6782494Z"},"nsu=http://opcfoundation.org/UA/Plc/Applications;s=FastRandomUIntScalar2":{"Value":{"Type":7,"Body":2118035884},"SourceTimestamp":"2024-04-27T15:20:07.8285484Z","ServerTimestamp":"2024-04-27T15:20:08.6782543Z"},"nsu=http://opcfoundation.org/UA/Plc/Applications;s=FastRandomUIntScalar3":{"Value":{"Type":7,"Body":2944914898},"SourceTimestamp":"2024-04-27T15:20:07.8285496Z","ServerTimestamp":"2024-04-27T15:20:08.6782364Z"},"nsu=http://opcfoundation.org/UA/Plc/Applications;s=NegativeTrendData":{"Value":{"Type":11,"Body":99.299999999999997},"SourceTimestamp":"2024-04-27T15:20:08.6300346Z","ServerTimestamp":"2024-04-27T15:20:08.6782538Z"},"nsu=http://opcfoundation.org/UA/Plc/Applications;s=PositiveTrendData":{"Value":{"Type":11,"Body":100.5},"SourceTimestamp":"2024-04-27T15:20:08.6300317Z","ServerTimestamp":"2024-04-27T15:20:08.6782417Z"},"nsu=http://opcfoundation.org/UA/Plc/Applications;s=SlowUIntScalar1":{"Value":{"Type":7,"Body":4},"SourceTimestamp":"2024-04-27T15:20:07.8285129Z","ServerTimestamp":"2024-04-27T15:20:08.6782443Z"},"nsu=http://opcfoundation.org/UA/Plc/Applications;s=SlowUIntScalar2":{"Value":{"Type":7,"Body":4},"SourceTimestamp":"2024-04-27T15:20:07.8285208Z","ServerTimestamp":"2024-04-27T15:20:08.6782502Z"},"nsu=http://opcfoundation.org/UA/Plc/Applications;s=SlowUIntScalar3":{"Value":{"Type":7,"Body":4},"SourceTimestamp":"2024-04-27T15:20:07.8285227Z","ServerTimestamp":"2024-04-27T15:20:08.6782434Z"},"nsu=http://opcfoundation.org/UA/Plc/Applications;s=BadSlowUIntScalar1":{"Value":{"Type":7,"Body":4},"StatusCode":1083179008,"SourceTimestamp":"2024-04-27T15:20:07.8285246Z","ServerTimestamp":"2024-04-27T15:20:08.6782529Z"},"nsu=http://opcfoundation.org/UA/Plc/Applications;s=SlowRandomUIntScalar1":{"Value":{"Type":7,"Body":2354971975},"SourceTimestamp":"2024-04-27T15:20:07.8285153Z","ServerTimestamp":"2024-04-27T15:20:08.6782521Z"},"nsu=http://opcfoundation.org/UA/Plc/Applications;s=SlowRandomUIntScalar2":{"Value":{"Type":7,"Body":112420274},"SourceTimestamp":"2024-04-27T15:20:07.8285219Z","ServerTimestamp":"2024-04-27T15:20:08.6782348Z"},"nsu=http://opcfoundation.org/UA/Plc/Applications;s=SlowRandomUIntScalar3":{"Value":{"Type":7,"Body":1521413066},"SourceTimestamp":"2024-04-27T15:20:07.8285234Z","ServerTimestamp":"2024-04-27T15:20:08.6782396Z"},"nsu=http://opcfoundation.org/UA/Plc/Applications;s=BadSlowRandomUIntScalar1":{"Value":{"Type":7,"Body":528346731},"StatusCode":1083179008,"SourceTimestamp":"2024-04-27T15:20:07.8285252Z","ServerTimestamp":"2024-04-27T15:20:08.6782482Z"},"nsu=http://opcfoundation.org/UA/Plc/Applications;s=SpikeData":{"Value":{"Type":11,"Body":-77.0513242775789},"SourceTimestamp":"2024-04-27T15:20:08.6300364Z","ServerTimestamp":"2024-04-27T15:20:08.6782466Z"},"ns=23;i=1259":{"Value":{"Type":11,"Body":-0.68400000000000005},"SourceTimestamp":"2024-04-27T15:19:28.6739207Z","ServerTimestamp":"2024-04-27T15:20:08.6782188Z"}}}]