[{"SequenceNumber":42,"MetaDataVersion":{"MajorVersion":1},"Timestamp":"2024-04-27T15:20:10.6813158Z","MessageType":"ua-deltaframe","DataSetWriterName":"<<UnknownDataSet>>","Payload":{"i=2258":{"Value":{"Type":13,"Body":"2024-04-27T15:20:10.6810181Z"},"SourceTimestamp":"2024-04-27T15:19:28.673887Z","ServerTimestamp":"2024-04-27T15:20:10.681017Z"},"nsu=http://opcfoundation.org/UA/Plc/Applications;s=StepUp":{"Value":{"Type":7,"Body":428},"SourceTimestamp":"2024-04-27T15:20:10.6337506Z","ServerTimestamp":"2024-04-27T15:20:10.6810588Z"},"nsu=http://opcfoundation.org/UA/Plc/Applications;s=AlternatingBoolean":{"Value":{"Type":1,"Body":true},"SourceTimestamp":"2024-04-27T15:20:10.6337728Z","ServerTimestamp":"2024-04-27T15:20:10.681054Z"},"nsu=http://opcfoundation.org/UA/Plc/Applications;s=RandomSignedInt32":{"Value":{"Type":6,"Body":364423623},"SourceTimestamp":"2024-04-27T15:20:10.6338012Z","ServerTimestamp":"2024-04-27T15:20:10.681056Z"},"nsu=http://opcfoundation.org/UA/Plc/Applications;s=RandomUnsignedInt32":{"Value":{"Type":7,"Body":1621529760},"SourceTimestamp":"2024-04-27T15:20:10.6337845Z","ServerTimestamp":"2024-04-27T15:20:10.6810507Z"},"nsu=http://opcfoundation.org/UA/Plc/Applications;s=DipData":{"Value":{"Type":11,"Body":24.868988716485482},"SourceTimestamp":"2024-04-27T15:20:10.633799Z","ServerTimestamp":"2024-04-27T15:20:10.6810612Z"},"nsu=http://opcfoundation.org/UA/Plc/Applications;s=FastUIntScalar1":{"Value":{"Type":7,"Body":42},"SourceTimestamp":"2024-04-27T15:20:09.8294193Z","ServerTimestamp":"2024-04-27T15:20:10.681065Z"},"nsu=http://opcfoundation.org/UA/Plc/Applications;s=FastUIntScalar2":{"Value":{"Type":7,"Body":42},"SourceTimestamp":"2024-04-27T15:20:09.8294261Z","ServerTimestamp":"2024-04-27T15:20:10.6810595Z"},"nsu=http://opcfoundation.org/UA/Plc/Applications;s=FastUIntScalar3":{"Value":{"Type":7,"Body":42},"SourceTimestamp":"2024-04-27T15:20:09.8294277Z","ServerTimestamp":"2024-04-27T15:20:10.6810517Z"},"nsu=http://opcfoundation.org/UA/Plc/Applications;s=FastRandomUIntScalar1":{"Value":{"Type":7,"Body":1861632078},"SourceTimestamp":"2024-04-27T15:20:09.8294192Z","ServerTimestamp":"2024-04-27T15:20:10.6810634Z"},"nsu=http://opcfoundation.org/UA/Plc/Applications;s=FastRandomUIntScalar2":{"Value":{"Type":7,"Body":542601344},"SourceTimestamp":"2024-04-27T15:20:09.8294269Z","ServerTimestamp":"2024-04-27T15:20:10.6810683Z"},"nsu=http://opcfoundation.org/UA/Plc/Applications;s=FastRandomUIntScalar3":{"Value":{"Type":7,"Body":1216131148},"SourceTimestamp":"2024-04-27T15:20:09.8294283Z","ServerTimestamp":"2024-04-27T15:20:10.6810498Z"},"nsu=http://opcfoundation.org/UA/Plc/Applications;s=NegativeTrendData":{"Value":{"Type":11,"Body":99.299999999999997},"SourceTimestamp":"2024-04-27T15:20:10.6337986Z","ServerTimestamp":"2024-04-27T15:20:10.6810679Z"},"nsu=http://opcfoundation.org/UA/Plc/Applications;s=PositiveTrendData":{"Value":{"Type":11,"Body":100.5},"SourceTimestamp":"2024-04-27T15:20:10.633805Z","ServerTimestamp":"2024-04-27T15:20:10.6810553Z"},"nsu=http://opcfoundation.org/UA/Plc/Applications;s=SlowUIntScalar1":{"Value":{"Type":7,"Body":4},"SourceTimestamp":"2024-04-27T15:20:07.8285129Z","ServerTimestamp":"2024-04-27T15:20:10.6810581Z"},"nsu=http://opcfoundation.org/UA/Plc/Applications;s=SlowUIntScalar2":{"Value":{"Type":7,"Body":4},"SourceTimestamp":"2024-04-27T15:20:07.8285208Z","ServerTimestamp":"2024-04-27T15:20:10.6810641Z"},"nsu=http://opcfoundation.org/UA/Plc/Applications;s=SlowUIntScalar3":{"Value":{"Type":7,"Body":4},"SourceTimestamp":"2024-04-27T15:20:07.8285227Z","ServerTimestamp":"2024-04-27T15:20:10.681057Z"},"nsu=http://opcfoundation.org/UA/Plc/Applications;s=BadSlowUIntScalar1":{"Value":{"Type":7,"Body":4},"StatusCode":1083179008,"SourceTimestamp":"2024-04-27T15:20:07.8285246Z","ServerTimestamp":"2024-04-27T15:20:10.681067Z"},"nsu=http://opcfoundation.org/UA/Plc/Applications;s=SlowRandomUIntScalar1":{"Value":{"Type":7,"Body":2354971975},"SourceTimestamp":"2024-04-27T15:20:07.8285153Z","ServerTimestamp":"2024-04-27T15:20:10.6810661Z"},"nsu=http://opcfoundation.org/UA/Plc/Applications;s=SlowRandomUIntScalar2":{"Value":{"Type":7,"Body":112420274},"SourceTimestamp":"2024-04-27T15:20:07.8285219Z","ServerTimestamp":"2024-04-27T15:20:10.6810485Z"},"nsu=http://opcfoundation.org/UA/Plc/Applications;s=SlowRandomUIntScalar3":{"Value":{"Type":7,"Body":1521413066},"SourceTimestamp":"2024-04-27T15:20:07.8285234Z","ServerTimestamp":"2024-04-27T15:20:10.681053Z"},"nsu=http://opcfoundation.org/UA/Plc/Applications;s=BadSlowRandomUIntScalar1":{"Value":{"Type":7,"Body":528346731},"StatusCode":1083179008,"SourceTimestamp":"2024-04-27T15:20:07.8285252Z","ServerTimestamp":"2024-04-27T15:20:10.6810622Z"},"nsu=http://opcfoundation.org/UA/Plc/Applications;s=SpikeData":{"Value":{"Type":11,"Body":1000},"SourceTimestamp":"2024-04-27T15:20:10.6338118Z","ServerTimestamp":"2024-04-27T15:20:10.6810605Z"},"ns=23;i=1259":{"Value":{"Type":11,"Body":0.70100000000000007},"SourceTimestamp":"2024-04-27T15:19:28.6739207Z","ServerTimestamp":"2024-04-27T15:20:10.6810329Z"}}}]