[{"SequenceNumber":43,"MetaDataVersion":{"MajorVersion":1},"Timestamp":"2024-04-27T15:20:11.6841323Z","MessageType":"ua-deltaframe","DataSetWriterName":"<<UnknownDataSet>>","Payload":{"i=2258":{"Value":{"Type":13,"Body":"2024-04-27T15:20:11.6837082Z"},"SourceTimestamp":"2024-04-27T15:19:28.673887Z","ServerTimestamp":"2024-04-27T15:20:11.6837069Z"},"nsu=http://opcfoundation.org/UA/Plc/Applications;s=StepUp":{"Value":{"Type":7,"Body":438},"SourceTimestamp":"2024-04-27T15:20:11.6367348Z","ServerTimestamp":"2024-04-27T15:20:11.6837628Z"},"nsu=http://opcfoundation.org/UA/Plc/Applications;s=AlternatingBoolean":{"Value":{"Type":1,"Body":true},"SourceTimestamp":"2024-04-27T15:20:11.6367759Z","ServerTimestamp":"2024-04-27T15:20:11.6837553Z"},"nsu=http://opcfoundation.org/UA/Plc/Applications;s=RandomSignedInt32":{"Value":{"Type":6,"Body":1534045930},"SourceTimestamp":"2024-04-27T15:20:11.636771Z","ServerTimestamp":"2024-04-27T15:20:11.6837585Z"},"nsu=http://opcfoundation.org/UA/Plc/Applications;s=RandomUnsignedInt32":{"Value":{"Type":7,"Body":289850052},"SourceTimestamp":"2024-04-27T15:20:11.6367952Z","ServerTimestamp":"2024-04-27T15:20:11.6837504Z"},"nsu=http://opcfoundation.org/UA/Plc/Applications;s=DipData":{"Value":{"Type":11,"Body":99.80267284282715},"SourceTimestamp":"2024-04-27T15:20:11.6368058Z","ServerTimestamp":"2024-04-27T15:20:11.6837752Z"},"nsu=http://opcfoundation.org/UA/Plc/Applications;s=FastUIntScalar1":{"Value":{"Type":7,"Body":43},"SourceTimestamp":"2024-04-27T15:20:10.8329796Z","ServerTimestamp":"2024-04-27T15:20:11.683781Z"},"nsu=http://opcfoundation.org/UA/Plc/Applications;s=FastUIntScalar2":{"Value":{"Type":7,"Body":43},"SourceTimestamp":"2024-04-27T15:20:10.8329853Z","ServerTimestamp":"2024-04-27T15:20:11.6837725Z"},"nsu=http://opcfoundation.org/UA/Plc/Applications;s=FastUIntScalar3":{"Value":{"Type":7,"Body":43},"SourceTimestamp":"2024-04-27T15:20:10.8329893Z","ServerTimestamp":"2024-04-27T15:20:11.6837521Z"},"nsu=http://opcfoundation.org/UA/Plc/Applications;s=FastRandomUIntScalar1":{"Value":{"Type":7,"Body":1265605499},"SourceTimestamp":"2024-04-27T15:20:10.8329833Z","ServerTimestamp":"2024-04-27T15:20:11.6837785Z"},"nsu=http://opcfoundation.org/UA/Plc/Applications;s=FastRandomUIntScalar2":{"Value":{"Type":7,"Body":531615073},"SourceTimestamp":"2024-04-27T15:20:10.8329887Z","ServerTimestamp":"2024-04-27T15:20:11.6837864Z"},"nsu=http://opcfoundation.org/UA/Plc/Applications;s=FastRandomUIntScalar3":{"Value":{"Type":7,"Body":3027485157},"SourceTimestamp":"2024-04-27T15:20:10.8329903Z","ServerTimestamp":"2024-04-27T15:20:11.6837487Z"},"nsu=http://opcfoundation.org/UA/Plc/Applications;s=NegativeTrendData":{"Value":{"Type":11,"Body":99.299999999999997},"SourceTimestamp":"2024-04-27T15:20:11.6367942Z","ServerTimestamp":"2024-04-27T15:20:11.6837858Z"},"nsu=http://opcfoundation.org/UA/Plc/Applications;s=PositiveTrendData":{"Value":{"Type":11,"Body":100.5},"SourceTimestamp":"2024-04-27T15:20:11.6367986Z","ServerTimestamp":"2024-04-27T15:20:11.6837572Z"},"nsu=http://opcfoundation.org/UA/Plc/Applications;s=SlowUIntScalar1":{"Value":{"Type":7,"Body":4},"SourceTimestamp":"2024-04-27T15:20:07.8285129Z","ServerTimestamp":"2024-04-27T15:20:11.6837614Z"},"nsu=http://opcfoundation.org/UA/Plc/Applications;s=SlowUIntScalar2":{"Value":{"Type":7,"Body":4},"SourceTimestamp":"2024-04-27T15:20:07.8285208Z","ServerTimestamp":"2024-04-27T15:20:11.6837796Z"},"nsu=http://opcfoundation.org/UA/Plc/Applications;s=SlowUIntScalar3":{"Value":{"Type":7,"Body":4},"SourceTimestamp":"2024-04-27T15:20:07.8285227Z","ServerTimestamp":"2024-04-27T15:20:11.68376Z"},"nsu=http://opcfoundation.org/UA/Plc/Applications;s=BadSlowUIntScalar1":{"Value":{"Type":7,"Body":4},"StatusCode":1083179008,"SourceTimestamp":"2024-04-27T15:20:07.8285246Z","ServerTimestamp":"2024-04-27T15:20:11.6837843Z"},"nsu=http://opcfoundation.org/UA/Plc/Applications;s=SlowRandomUIntScalar1":{"Value":{"Type":7,"Body":2354971975},"SourceTimestamp":"2024-04-27T15:20:07.8285153Z","ServerTimestamp":"2024-04-27T15:20:11.683783Z"},"nsu=http://opcfoundation.org/UA/Plc/Applications;s=SlowRandomUIntScalar2":{"Value":{"Type":7,"Body":112420274},"SourceTimestamp":"2024-04-27T15:20:07.8285219Z","ServerTimestamp":"2024-04-27T15:20:11.6837468Z"},"nsu=http://opcfoundation.org/UA/Plc/Applications;s=SlowRandomUIntScalar3":{"Value":{"Type":7,"Body":1521413066},"SourceTimestamp":"2024-04-27T15:20:07.8285234Z","ServerTimestamp":"2024-04-27T15:20:11.6837537Z"},"nsu=http://opcfoundation.org/UA/Plc/Applications;s=BadSlowRandomUIntScalar1":{"Value":{"Type":7,"Body":528346731},"StatusCode":1083179008,"SourceTimestamp":"2024-04-27T15:20:07.8285252Z","ServerTimestamp":"2024-04-27T15:20:11.6837767Z"},"nsu=http://opcfoundation.org/UA/Plc/Applications;s=SpikeData":{"Value":{"Type":11,"Body":99.80267284282715},"SourceTimestamp":"2024-04-27T15:20:11.6368243Z","ServerTimestamp":"2024-04-27T15:20:11.6837739Z"},"ns=23;i=1259":{"Value":{"Type":11,"Body":1.6799999999999999},"SourceTimestamp":"2024-04-27T15:19:28.6739207Z","ServerTimestamp":"2024-04-27T15:20:11.6837281Z"}}}]