[{"SequenceNumber":47,"MetaDataVersion":{"MajorVersion":1},"Timestamp":"2024-04-27T15:20:15.6855009Z","MessageType":"ua-deltaframe","DataSetWriterName":"<<UnknownDataSet>>","Payload":{"i=2258":{"Value":{"Type":13,"Body":"2024-04-27T15:20:15.6851942Z"},"SourceTimestamp":"2024-04-27T15:19:28.673887Z","ServerTimestamp":"2024-04-27T15:20:15.6851932Z"},"nsu=http://opcfoundation.org/UA/Plc/Applications;s=StepUp":{"Value":{"Type":7,"Body":478},"SourceTimestamp":"2024-04-27T15:20:15.6374495Z","ServerTimestamp":"2024-04-27T15:20:15.6852317Z"},"nsu=http://opcfoundation.org/UA/Plc/Applications;s=AlternatingBoolean":{"Value":{"Type":1,"Body":false},"SourceTimestamp":"2024-04-27T15:20:15.6374674Z","ServerTimestamp":"2024-04-27T15:20:15.6852271Z"},"nsu=http://opcfoundation.org/UA/Plc/Applications;s=RandomSignedInt32":{"Value":{"Type":6,"Body":1603546382},"SourceTimestamp":"2024-04-27T15:20:15.6375065Z","ServerTimestamp":"2024-04-27T15:20:15.6852291Z"},"nsu=http://opcfoundation.org/UA/Plc/Applications;s=RandomUnsignedInt32":{"Value":{"Type":7,"Body":1235460880},"SourceTimestamp":"2024-04-27T15:20:15.6374838Z","ServerTimestamp":"2024-04-27T15:20:15.6852245Z"},"nsu=http://opcfoundation.org/UA/Plc/Applications;s=DipData":{"Value":{"Type":11,"Body":24.868988716485482},"SourceTimestamp":"2024-04-27T15:20:15.637494Z","ServerTimestamp":"2024-04-27T15:20:15.6852337Z"},"nsu=http://opcfoundation.org/UA/Plc/Applications;s=FastUIntScalar1":{"Value":{"Type":7,"Body":47},"SourceTimestamp":"2024-04-27T15:20:14.8374993Z","ServerTimestamp":"2024-04-27T15:20:15.6852372Z"},"nsu=http://opcfoundation.org/UA/Plc/Applications;s=FastUIntScalar2":{"Value":{"Type":7,"Body":47},"SourceTimestamp":"2024-04-27T15:20:14.8375093Z","ServerTimestamp":"2024-04-27T15:20:15.6852324Z"},"nsu=http://opcfoundation.org/UA/Plc/Applications;s=FastUIntScalar3":{"Value":{"Type":7,"Body":47},"SourceTimestamp":"2024-04-27T15:20:14.8375118Z","ServerTimestamp":"2024-04-27T15:20:15.6852254Z"},"nsu=http://opcfoundation.org/UA/Plc/Applications;s=FastRandomUIntScalar1":{"Value":{"Type":7,"Body":1892437761},"SourceTimestamp":"2024-04-27T15:20:14.8374573Z","ServerTimestamp":"2024-04-27T15:20:15.6852357Z"},"nsu=http://opcfoundation.org/UA/Plc/Applications;s=FastRandomUIntScalar2":{"Value":{"Type":7,"Body":3370411168},"SourceTimestamp":"2024-04-27T15:20:14.8374652Z","ServerTimestamp":"2024-04-27T15:20:15.68524Z"},"nsu=http://opcfoundation.org/UA/Plc/Applications;s=FastRandomUIntScalar3":{"Value":{"Type":7,"Body":3944413846},"SourceTimestamp":"2024-04-27T15:20:14.837467Z","ServerTimestamp":"2024-04-27T15:20:15.6852236Z"},"nsu=http://opcfoundation.org/UA/Plc/Applications;s=NegativeTrendData":{"Value":{"Type":11,"Body":99.200000000000003},"SourceTimestamp":"2024-04-27T15:20:15.6374973Z","ServerTimestamp":"2024-04-27T15:20:15.6852396Z"},"nsu=http://opcfoundation.org/UA/Plc/Applications;s=PositiveTrendData":{"Value":{"Type":11,"Body":100.59999999999999},"SourceTimestamp":"2024-04-27T15:20:15.6375008Z","ServerTimestamp":"2024-04-27T15:20:15.6852283Z"},"nsu=http://opcfoundation.org/UA/Plc/Applications;s=SlowUIntScalar1":{"Value":{"Type":7,"Body":4},"SourceTimestamp":"2024-04-27T15:20:07.8285129Z","ServerTimestamp":"2024-04-27T15:20:15.6852311Z"},"nsu=http://opcfoundation.org/UA/Plc/Applications;s=SlowUIntScalar2":{"Value":{"Type":7,"Body":4},"SourceTimestamp":"2024-04-27T15:20:07.8285208Z","ServerTimestamp":"2024-04-27T15:20:15.6852363Z"},"nsu=http://opcfoundation.org/UA/Plc/Applications;s=SlowUIntScalar3":{"Value":{"Type":7,"Body":4},"SourceTimestamp":"2024-04-27T15:20:07.8285227Z","ServerTimestamp":"2024-04-27T15:20:15.68523Z"},"nsu=http://opcfoundation.org/UA/Plc/Applications;s=BadSlowUIntScalar1":{"Value":{"Type":7,"Body":4},"StatusCode":1083179008,"SourceTimestamp":"2024-04-27T15:20:07.8285246Z","ServerTimestamp":"2024-04-27T15:20:15.6852389Z"},"nsu=http://opcfoundation.org/UA/Plc/Applications;s=SlowRandomUIntScalar1":{"Value":{"Type":7,"Body":2354971975},"SourceTimestamp":"2024-04-27T15:20:07.8285153Z","ServerTimestamp":"2024-04-27T15:20:15.6852381Z"},"nsu=http://opcfoundation.org/UA/Plc/Applications;s=SlowRandomUIntScalar2":{"Value":{"Type":7,"Body":112420274},"SourceTimestamp":"2024-04-27T15:20:07.8285219Z","ServerTimestamp":"2024-04-27T15:20:15.6852225Z"},"nsu=http://opcfoundation.org/UA/Plc/Applications;s=SlowRandomUIntScalar3":{"Value":{"Type":7,"Body":1521413066},"SourceTimestamp":"2024-04-27T15:20:07.8285234Z","ServerTimestamp":"2024-04-27T15:20:15.6852264Z"},"nsu=http://opcfoundation.org/UA/Plc/Applications;s=BadSlowRandomUIntScalar1":{"Value":{"Type":7,"Body":528346731},"StatusCode":1083179008,"SourceTimestamp":"2024-04-27T15:20:07.8285252Z","ServerTimestamp":"2024-04-27T15:20:15.6852346Z"},"nsu=http://opcfoundation.org/UA/Plc/Applications;s=SpikeData":{"Value":{"Type":11,"Body":24.868988716485482},"SourceTimestamp":"2024-04-27T15:20:15.6375103Z","ServerTimestamp":"2024-04-27T15:20:15.6852331Z"},"ns=23;i=1259":{"Value":{"Type":11,"Body":0.78600000000000003},"SourceTimestamp":"2024-04-27T15:19:28.6739207Z","ServerTimestamp":"2024-04-27T15:20:15.6852071Z"}}}]