[{"SequenceNumber":48,"MetaDataVersion":{"MajorVersion":1},"Timestamp":"2024-04-27T15:20:16.6912324Z","MessageType":"ua-deltaframe","DataSetWriterName":"<<UnknownDataSet>>","Payload":{"i=2258":{"Value":{"Type":13,"Body":"2024-04-27T15:20:16.6909171Z"},"SourceTimestamp":"2024-04-27T15:19:28.673887Z","ServerTimestamp":"2024-04-27T15:20:16.6909159Z"},"nsu=http://opcfoundation.org/UA/Plc/Applications;s=StepUp":{"Value":{"Type":7,"Body":488},"SourceTimestamp":"2024-04-27T15:20:16.6427286Z","ServerTimestamp":"2024-04-27T15:20:16.6909594Z"},"nsu=http://opcfoundation.org/UA/Plc/Applications;s=AlternatingBoolean":{"Value":{"Type":1,"Body":false},"SourceTimestamp":"2024-04-27T15:20:16.6427332Z","ServerTimestamp":"2024-04-27T15:20:16.6909547Z"},"nsu=http://opcfoundation.org/UA/Plc/Applications;s=RandomSignedInt32":{"Value":{"Type":6,"Body":1598478729},"SourceTimestamp":"2024-04-27T15:20:16.6427512Z","ServerTimestamp":"2024-04-27T15:20:16.6909568Z"},"nsu=http://opcfoundation.org/UA/Plc/Applications;s=RandomUnsignedInt32":{"Value":{"Type":7,"Body":169353686},"SourceTimestamp":"2024-04-27T15:20:16.6427628Z","ServerTimestamp":"2024-04-27T15:20:16.6909519Z"},"nsu=http://opcfoundation.org/UA/Plc/Applications;s=DipData":{"Value":{"Type":11,"Body":99.80267284282715},"SourceTimestamp":"2024-04-27T15:20:16.6427748Z","ServerTimestamp":"2024-04-27T15:20:16.6909619Z"},"nsu=http://opcfoundation.org/UA/Plc/Applications;s=FastUIntScalar1":{"Value":{"Type":7,"Body":48},"SourceTimestamp":"2024-04-27T15:20:15.840575Z","ServerTimestamp":"2024-04-27T15:20:16.690966Z"},"nsu=http://opcfoundation.org/UA/Plc/Applications;s=FastUIntScalar2":{"Value":{"Type":7,"Body":48},"SourceTimestamp":"2024-04-27T15:20:15.8405818Z","ServerTimestamp":"2024-04-27T15:20:16.6909604Z"},"nsu=http://opcfoundation.org/UA/Plc/Applications;s=FastUIntScalar3":{"Value":{"Type":7,"Body":48},"SourceTimestamp":"2024-04-27T15:20:15.8405855Z","ServerTimestamp":"2024-04-27T15:20:16.6909528Z"},"nsu=http://opcfoundation.org/UA/Plc/Applications;s=FastRandomUIntScalar1":{"Value":{"Type":7,"Body":2272112728},"SourceTimestamp":"2024-04-27T15:20:15.8405764Z","ServerTimestamp":"2024-04-27T15:20:16.6909643Z"},"nsu=http://opcfoundation.org/UA/Plc/Applications;s=FastRandomUIntScalar2":{"Value":{"Type":7,"Body":1812051241},"SourceTimestamp":"2024-04-27T15:20:15.8405845Z","ServerTimestamp":"2024-04-27T15:20:16.6909692Z"},"nsu=http://opcfoundation.org/UA/Plc/Applications;s=FastRandomUIntScalar3":{"Value":{"Type":7,"Body":3574057299},"SourceTimestamp":"2024-04-27T15:20:15.8405862Z","ServerTimestamp":"2024-04-27T15:20:16.6909509Z"},"nsu=http://opcfoundation.org/UA/Plc/Applications;s=NegativeTrendData":{"Value":{"Type":11,"Body":99.200000000000003},"SourceTimestamp":"2024-04-27T15:20:16.6427893Z","ServerTimestamp":"2024-04-27T15:20:16.6909688Z"},"nsu=http://opcfoundation.org/UA/Plc/Applications;s=PositiveTrendData":{"Value":{"Type":11,"Body":100.59999999999999},"SourceTimestamp":"2024-04-27T15:20:16.6427747Z","ServerTimestamp":"2024-04-27T15:20:16.690956Z"},"nsu=http://opcfoundation.org/UA/Plc/Applications;s=SlowUIntScalar1":{"Value":{"Type":7,"Body":4},"SourceTimestamp":"2024-04-27T15:20:07.8285129Z","ServerTimestamp":"2024-04-27T15:20:16.6909588Z"},"nsu=http://opcfoundation.org/UA/Plc/Applications;s=SlowUIntScalar2":{"Value":{"Type":7,"Body":4},"SourceTimestamp":"2024-04-27T15:20:07.8285208Z","ServerTimestamp":"2024-04-27T15:20:16.690965Z"},"nsu=http://opcfoundation.org/UA/Plc/Applications;s=SlowUIntScalar3":{"Value":{"Type":7,"Body":4},"SourceTimestamp":"2024-04-27T15:20:07.8285227Z","ServerTimestamp":"2024-04-27T15:20:16.6909576Z"},"nsu=http://opcfoundation.org/UA/Plc/Applications;s=BadSlowUIntScalar1":{"Value":{"Type":7,"Body":4},"StatusCode":1083179008,"SourceTimestamp":"2024-04-27T15:20:07.8285246Z","ServerTimestamp":"2024-04-27T15:20:16.6909679Z"},"nsu=http://opcfoundation.org/UA/Plc/Applications;s=SlowRandomUIntScalar1":{"Value":{"Type":7,"Body":2354971975},"SourceTimestamp":"2024-04-27T15:20:07.8285153Z","ServerTimestamp":"2024-04-27T15:20:16.690967Z"},"nsu=http://opcfoundation.org/UA/Plc/Applications;s=SlowRandomUIntScalar2":{"Value":{"Type":7,"Body":112420274},"SourceTimestamp":"2024-04-27T15:20:07.8285219Z","ServerTimestamp":"2024-04-27T15:20:16.6909492Z"},"nsu=http://opcfoundation.org/UA/Plc/Applications;s=SlowRandomUIntScalar3":{"Value":{"Type":7,"Body":1521413066},"SourceTimestamp":"2024-04-27T15:20:07.8285234Z","ServerTimestamp":"2024-04-27T15:20:16.6909539Z"},"nsu=http://opcfoundation.org/UA/Plc/Applications;s=BadSlowRandomUIntScalar1":{"Value":{"Type":7,"Body":528346731},"StatusCode":1083179008,"SourceTimestamp":"2024-04-27T15:20:07.8285252Z","ServerTimestamp":"2024-04-27T15:20:16.6909629Z"},"nsu=http://opcfoundation.org/UA/Plc/Applications;s=SpikeData":{"Value":{"Type":11,"Body":99.80267284282715},"SourceTimestamp":"2024-04-27T15:20:16.6427833Z","ServerTimestamp":"2024-04-27T15:20:16.6909612Z"},"ns=23;i=1259":{"Value":{"Type":11,"Body":-0.80100000000000005},"SourceTimestamp":"2024-04-27T15:19:28.6739207Z","ServerTimestamp":"2024-04-27T15:20:16.6909324Z"}}}]