[{"SequenceNumber":5,"MetaDataVersion":{"MajorVersion":1},"Timestamp":"2024-04-27T15:19:33.6807855Z","MessageType":"ua-deltaframe","DataSetWriterName":"<<UnknownDataSet>>","Payload":{"i=2258":{"Value":{"Type":13,"Body":"2024-04-27T15:19:33.6804443Z"},"SourceTimestamp":"2024-04-27T15:19:28.673887Z","ServerTimestamp":"2024-04-27T15:19:33.680443Z"},"nsu=http://opcfoundation.org/UA/Plc/Applications;s=StepUp":{"Value":{"Type":7,"Body":58},"SourceTimestamp":"2024-04-27T15:19:33.6332084Z","ServerTimestamp":"2024-04-27T15:19:33.680502Z"},"nsu=http://opcfoundation.org/UA/Plc/Applications;s=AlternatingBoolean":{"Value":{"Type":1,"Body":false},"SourceTimestamp":"2024-04-27T15:19:33.6332141Z","ServerTimestamp":"2024-04-27T15:19:33.6804977Z"},"nsu=http://opcfoundation.org/UA/Plc/Applications;s=RandomSignedInt32":{"Value":{"Type":6,"Body":-1762302513},"SourceTimestamp":"2024-04-27T15:19:33.6332229Z","ServerTimestamp":"2024-04-27T15:19:33.6804997Z"},"nsu=http://opcfoundation.org/UA/Plc/Applications;s=RandomUnsignedInt32":{"Value":{"Type":7,"Body":588234626},"SourceTimestamp":"2024-04-27T15:19:33.6332224Z","ServerTimestamp":"2024-04-27T15:19:33.6804948Z"},"nsu=http://opcfoundation.org/UA/Plc/Applications;s=DipData":{"Value":{"Type":11,"Body":-77.0513242775789},"SourceTimestamp":"2024-04-27T15:19:33.6332401Z","ServerTimestamp":"2024-04-27T15:19:33.6805043Z"},"nsu=http://opcfoundation.org/UA/Plc/Applications;s=FastUIntScalar1":{"Value":{"Type":7,"Body":5},"SourceTimestamp":"2024-04-27T15:19:32.8316478Z","ServerTimestamp":"2024-04-27T15:19:33.6805076Z"},"nsu=http://opcfoundation.org/UA/Plc/Applications;s=FastUIntScalar2":{"Value":{"Type":7,"Body":5},"SourceTimestamp":"2024-04-27T15:19:32.8316549Z","ServerTimestamp":"2024-04-27T15:19:33.6805028Z"},"nsu=http://opcfoundation.org/UA/Plc/Applications;s=FastUIntScalar3":{"Value":{"Type":7,"Body":5},"SourceTimestamp":"2024-04-27T15:19:32.8316617Z","ServerTimestamp":"2024-04-27T15:19:33.6804958Z"},"nsu=http://opcfoundation.org/UA/Plc/Applications;s=FastRandomUIntScalar1":{"Value":{"Type":7,"Body":3204857441},"SourceTimestamp":"2024-04-27T15:19:32.8316536Z","ServerTimestamp":"2024-04-27T15:19:33.6805061Z"},"nsu=http://opcfoundation.org/UA/Plc/Applications;s=FastRandomUIntScalar2":{"Value":{"Type":7,"Body":3595679321},"SourceTimestamp":"2024-04-27T15:19:32.8316604Z","ServerTimestamp":"2024-04-27T15:19:33.680511Z"},"nsu=http://opcfoundation.org/UA/Plc/Applications;s=FastRandomUIntScalar3":{"Value":{"Type":7,"Body":1878573832},"SourceTimestamp":"2024-04-27T15:19:32.8316629Z","ServerTimestamp":"2024-04-27T15:19:33.6804938Z"},"nsu=http://opcfoundation.org/UA/Plc/Applications;s=NegativeTrendData":{"Value":{"Type":11,"Body":100},"SourceTimestamp":"2024-04-27T15:19:33.633233Z","ServerTimestamp":"2024-04-27T15:19:33.6805106Z"},"nsu=http://opcfoundation.org/UA/Plc/Applications;s=PositiveTrendData":{"Value":{"Type":11,"Body":100},"SourceTimestamp":"2024-04-27T15:19:33.6332442Z","ServerTimestamp":"2024-04-27T15:19:33.680499Z"},"nsu=http://opcfoundation.org/UA/Plc/Applications;s=SlowUIntScalar1":{"Value":{"Type":7,"Body":0},"SourceTimestamp":"2024-04-27T15:19:27.8282497Z","ServerTimestamp":"2024-04-27T15:19:33.6805014Z"},"nsu=http://opcfoundation.org/UA/Plc/Applications;s=SlowUIntScalar2":{"Value":{"Type":7,"Body":0},"SourceTimestamp":"2024-04-27T15:19:27.8282504Z","ServerTimestamp":"2024-04-27T15:19:33.6805068Z"},"nsu=http://opcfoundation.org/UA/Plc/Applications;s=SlowUIntScalar3":{"Value":{"Type":7,"Body":0},"SourceTimestamp":"2024-04-27T15:19:27.8282515Z","ServerTimestamp":"2024-04-27T15:19:33.6805005Z"},"nsu=http://opcfoundation.org/UA/Plc/Applications;s=BadSlowUIntScalar1":{"Value":{"Type":7,"Body":0},"SourceTimestamp":"2024-04-27T15:19:27.8282534Z","ServerTimestamp":"2024-04-27T15:19:33.6805098Z"},"nsu=http://opcfoundation.org/UA/Plc/Applications;s=SlowRandomUIntScalar1":{"Value":{"Type":7,"Body":0},"SourceTimestamp":"2024-04-27T15:19:27.8282593Z","ServerTimestamp":"2024-04-27T15:19:33.6805089Z"},"nsu=http://opcfoundation.org/UA/Plc/Applications;s=SlowRandomUIntScalar2":{"Value":{"Type":7,"Body":0},"SourceTimestamp":"2024-04-27T15:19:27.8282598Z","ServerTimestamp":"2024-04-27T15:19:33.6804926Z"},"nsu=http://opcfoundation.org/UA/Plc/Applications;s=SlowRandomUIntScalar3":{"Value":{"Type":7,"Body":0},"SourceTimestamp":"2024-04-27T15:19:27.8282603Z","ServerTimestamp":"2024-04-27T15:19:33.6804969Z"},"nsu=http://opcfoundation.org/UA/Plc/Applications;s=BadSlowRandomUIntScalar1":{"Value":{"Type":7,"Body":0},"SourceTimestamp":"2024-04-27T15:19:27.8282618Z","ServerTimestamp":"2024-04-27T15:19:33.6805053Z"},"nsu=http://opcfoundation.org/UA/Plc/Applications;s=SpikeData":{"Value":{"Type":11,"Body":-77.0513242775789},"SourceTimestamp":"2024-04-27T15:19:33.6332391Z","ServerTimestamp":"2024-04-27T15:19:33.6805036Z"},"ns=23;i=1259":{"Value":{"Type":11,"Body":-0.36099999999999999},"SourceTimestamp":"2024-04-27T15:19:28.6739207Z","ServerTimestamp":"2024-04-27T15:19:33.6804593Z"}}}]