[{"SequenceNumber":51,"MetaDataVersion":{"MajorVersion":1},"Timestamp":"2024-04-27T15:20:19.6924586Z","MessageType":"ua-deltaframe","DataSetWriterName":"<<UnknownDataSet>>","Payload":{"i=2258":{"Value":{"Type":13,"Body":"2024-04-27T15:20:19.6921845Z"},"SourceTimestamp":"2024-04-27T15:19:28.673887Z","ServerTimestamp":"2024-04-27T15:20:19.6921833Z"},"nsu=http://opcfoundation.org/UA/Plc/Applications;s=StepUp":{"Value":{"Type":7,"Body":518},"SourceTimestamp":"2024-04-27T15:20:19.6285842Z","ServerTimestamp":"2024-04-27T15:20:19.6922237Z"},"nsu=http://opcfoundation.org/UA/Plc/Applications;s=AlternatingBoolean":{"Value":{"Type":1,"Body":true},"SourceTimestamp":"2024-04-27T15:20:19.6285841Z","ServerTimestamp":"2024-04-27T15:20:19.6922193Z"},"nsu=http://opcfoundation.org/UA/Plc/Applications;s=RandomSignedInt32":{"Value":{"Type":6,"Body":1081720589},"SourceTimestamp":"2024-04-27T15:20:19.628595Z","ServerTimestamp":"2024-04-27T15:20:19.6922214Z"},"nsu=http://opcfoundation.org/UA/Plc/Applications;s=RandomUnsignedInt32":{"Value":{"Type":7,"Body":1468927520},"SourceTimestamp":"2024-04-27T15:20:19.6285974Z","ServerTimestamp":"2024-04-27T15:20:19.6922167Z"},"nsu=http://opcfoundation.org/UA/Plc/Applications;s=DipData":{"Value":{"Type":11,"Body":-84.432792550201526},"SourceTimestamp":"2024-04-27T15:20:19.6286138Z","ServerTimestamp":"2024-04-27T15:20:19.6922258Z"},"nsu=http://opcfoundation.org/UA/Plc/Applications;s=FastUIntScalar1":{"Value":{"Type":7,"Body":51},"SourceTimestamp":"2024-04-27T15:20:18.8412419Z","ServerTimestamp":"2024-04-27T15:20:19.6922289Z"},"nsu=http://opcfoundation.org/UA/Plc/Applications;s=FastUIntScalar2":{"Value":{"Type":7,"Body":51},"SourceTimestamp":"2024-04-27T15:20:18.8412512Z","ServerTimestamp":"2024-04-27T15:20:19.6922244Z"},"nsu=http://opcfoundation.org/UA/Plc/Applications;s=FastUIntScalar3":{"Value":{"Type":7,"Body":51},"SourceTimestamp":"2024-04-27T15:20:18.8412552Z","ServerTimestamp":"2024-04-27T15:20:19.6922175Z"},"nsu=http://opcfoundation.org/UA/Plc/Applications;s=FastRandomUIntScalar1":{"Value":{"Type":7,"Body":1394260358},"SourceTimestamp":"2024-04-27T15:20:18.841247Z","ServerTimestamp":"2024-04-27T15:20:19.6922275Z"},"nsu=http://opcfoundation.org/UA/Plc/Applications;s=FastRandomUIntScalar2":{"Value":{"Type":7,"Body":3689716477},"SourceTimestamp":"2024-04-27T15:20:18.8412538Z","ServerTimestamp":"2024-04-27T15:20:19.6922317Z"},"nsu=http://opcfoundation.org/UA/Plc/Applications;s=FastRandomUIntScalar3":{"Value":{"Type":7,"Body":3507470838},"SourceTimestamp":"2024-04-27T15:20:18.8412563Z","ServerTimestamp":"2024-04-27T15:20:19.6922159Z"},"nsu=http://opcfoundation.org/UA/Plc/Applications;s=NegativeTrendData":{"Value":{"Type":11,"Body":99.099999999999994},"SourceTimestamp":"2024-04-27T15:20:19.6286073Z","ServerTimestamp":"2024-04-27T15:20:19.6922313Z"},"nsu=http://opcfoundation.org/UA/Plc/Applications;s=PositiveTrendData":{"Value":{"Type":11,"Body":100.7},"SourceTimestamp":"2024-04-27T15:20:19.6286073Z","ServerTimestamp":"2024-04-27T15:20:19.6922208Z"},"nsu=http://opcfoundation.org/UA/Plc/Applications;s=SlowUIntScalar1":{"Value":{"Type":7,"Body":5},"SourceTimestamp":"2024-04-27T15:20:17.8361494Z","ServerTimestamp":"2024-04-27T15:20:19.6922231Z"},"nsu=http://opcfoundation.org/UA/Plc/Applications;s=SlowUIntScalar2":{"Value":{"Type":7,"Body":5},"SourceTimestamp":"2024-04-27T15:20:17.8361586Z","ServerTimestamp":"2024-04-27T15:20:19.6922281Z"},"nsu=http://opcfoundation.org/UA/Plc/Applications;s=SlowUIntScalar3":{"Value":{"Type":7,"Body":5},"SourceTimestamp":"2024-04-27T15:20:17.8361609Z","ServerTimestamp":"2024-04-27T15:20:19.6922222Z"},"nsu=http://opcfoundation.org/UA/Plc/Applications;s=BadSlowUIntScalar1":{"Value":{"Type":7,"Body":5},"SourceTimestamp":"2024-04-27T15:20:17.8361631Z","ServerTimestamp":"2024-04-27T15:20:19.6922306Z"},"nsu=http://opcfoundation.org/UA/Plc/Applications;s=SlowRandomUIntScalar1":{"Value":{"Type":7,"Body":299173232},"SourceTimestamp":"2024-04-27T15:20:17.8361828Z","ServerTimestamp":"2024-04-27T15:20:19.6922298Z"},"nsu=http://opcfoundation.org/UA/Plc/Applications;s=SlowRandomUIntScalar2":{"Value":{"Type":7,"Body":1915688078},"SourceTimestamp":"2024-04-27T15:20:17.836193Z","ServerTimestamp":"2024-04-27T15:20:19.6922148Z"},"nsu=http://opcfoundation.org/UA/Plc/Applications;s=SlowRandomUIntScalar3":{"Value":{"Type":7,"Body":2375527111},"SourceTimestamp":"2024-04-27T15:20:17.836196Z","ServerTimestamp":"2024-04-27T15:20:19.6922186Z"},"nsu=http://opcfoundation.org/UA/Plc/Applications;s=BadSlowRandomUIntScalar1":{"Value":{"Type":7,"Body":2549351398},"SourceTimestamp":"2024-04-27T15:20:17.8361997Z","ServerTimestamp":"2024-04-27T15:20:19.6922267Z"},"nsu=http://opcfoundation.org/UA/Plc/Applications;s=SpikeData":{"Value":{"Type":11,"Body":-84.432792550201526},"SourceTimestamp":"2024-04-27T15:20:19.6286127Z","ServerTimestamp":"2024-04-27T15:20:19.6922251Z"},"ns=23;i=1259":{"Value":{"Type":11,"Body":-0.88700000000000001},"SourceTimestamp":"2024-04-27T15:19:28.6739207Z","ServerTimestamp":"2024-04-27T15:20:19.6921983Z"}}}]