[{"SequenceNumber":52,"MetaDataVersion":{"MajorVersion":1},"Timestamp":"2024-04-27T15:20:20.6834856Z","MessageType":"ua-deltaframe","DataSetWriterName":"<<UnknownDataSet>>","Payload":{"i=2258":{"Value":{"Type":13,"Body":"2024-04-27T15:20:20.6831672Z"},"SourceTimestamp":"2024-04-27T15:19:28.673887Z","ServerTimestamp":"2024-04-27T15:20:20.6831661Z"},"nsu=http://opcfoundation.org/UA/Plc/Applications;s=StepUp":{"Value":{"Type":7,"Body":528},"SourceTimestamp":"2024-04-27T15:20:20.6369974Z","ServerTimestamp":"2024-04-27T15:20:20.6832107Z"},"nsu=http://opcfoundation.org/UA/Plc/Applications;s=AlternatingBoolean":{"Value":{"Type":1,"Body":true},"SourceTimestamp":"2024-04-27T15:20:20.6370453Z","ServerTimestamp":"2024-04-27T15:20:20.6832059Z"},"nsu=http://opcfoundation.org/UA/Plc/Applications;s=RandomSignedInt32":{"Value":{"Type":6,"Body":1113666388},"SourceTimestamp":"2024-04-27T15:20:20.637033Z","ServerTimestamp":"2024-04-27T15:20:20.6832083Z"},"nsu=http://opcfoundation.org/UA/Plc/Applications;s=RandomUnsignedInt32":{"Value":{"Type":7,"Body":1528952434},"SourceTimestamp":"2024-04-27T15:20:20.6370397Z","ServerTimestamp":"2024-04-27T15:20:20.6832029Z"},"nsu=http://opcfoundation.org/UA/Plc/Applications;s=DipData":{"Value":{"Type":11,"Body":24.868988716485482},"SourceTimestamp":"2024-04-27T15:20:20.6370567Z","ServerTimestamp":"2024-04-27T15:20:20.683213Z"},"nsu=http://opcfoundation.org/UA/Plc/Applications;s=FastUIntScalar1":{"Value":{"Type":7,"Body":52},"SourceTimestamp":"2024-04-27T15:20:19.8300038Z","ServerTimestamp":"2024-04-27T15:20:20.6832164Z"},"nsu=http://opcfoundation.org/UA/Plc/Applications;s=FastUIntScalar2":{"Value":{"Type":7,"Body":52},"SourceTimestamp":"2024-04-27T15:20:19.8300118Z","ServerTimestamp":"2024-04-27T15:20:20.6832115Z"},"nsu=http://opcfoundation.org/UA/Plc/Applications;s=FastUIntScalar3":{"Value":{"Type":7,"Body":52},"SourceTimestamp":"2024-04-27T15:20:19.8300167Z","ServerTimestamp":"2024-04-27T15:20:20.6832038Z"},"nsu=http://opcfoundation.org/UA/Plc/Applications;s=FastRandomUIntScalar1":{"Value":{"Type":7,"Body":2377917789},"SourceTimestamp":"2024-04-27T15:20:19.8300049Z","ServerTimestamp":"2024-04-27T15:20:20.6832148Z"},"nsu=http://opcfoundation.org/UA/Plc/Applications;s=FastRandomUIntScalar2":{"Value":{"Type":7,"Body":1610604788},"SourceTimestamp":"2024-04-27T15:20:19.830015Z","ServerTimestamp":"2024-04-27T15:20:20.6832196Z"},"nsu=http://opcfoundation.org/UA/Plc/Applications;s=FastRandomUIntScalar3":{"Value":{"Type":7,"Body":2759167095},"SourceTimestamp":"2024-04-27T15:20:19.8300181Z","ServerTimestamp":"2024-04-27T15:20:20.683202Z"},"nsu=http://opcfoundation.org/UA/Plc/Applications;s=NegativeTrendData":{"Value":{"Type":11,"Body":99.099999999999994},"SourceTimestamp":"2024-04-27T15:20:20.6370635Z","ServerTimestamp":"2024-04-27T15:20:20.6832192Z"},"nsu=http://opcfoundation.org/UA/Plc/Applications;s=PositiveTrendData":{"Value":{"Type":11,"Body":100.7},"SourceTimestamp":"2024-04-27T15:20:20.637081Z","ServerTimestamp":"2024-04-27T15:20:20.6832072Z"},"nsu=http://opcfoundation.org/UA/Plc/Applications;s=SlowUIntScalar1":{"Value":{"Type":7,"Body":5},"SourceTimestamp":"2024-04-27T15:20:17.8361494Z","ServerTimestamp":"2024-04-27T15:20:20.6832101Z"},"nsu=http://opcfoundation.org/UA/Plc/Applications;s=SlowUIntScalar2":{"Value":{"Type":7,"Body":5},"SourceTimestamp":"2024-04-27T15:20:17.8361586Z","ServerTimestamp":"2024-04-27T15:20:20.6832156Z"},"nsu=http://opcfoundation.org/UA/Plc/Applications;s=SlowUIntScalar3":{"Value":{"Type":7,"Body":5},"SourceTimestamp":"2024-04-27T15:20:17.8361609Z","ServerTimestamp":"2024-04-27T15:20:20.6832091Z"},"nsu=http://opcfoundation.org/UA/Plc/Applications;s=BadSlowUIntScalar1":{"Value":{"Type":7,"Body":5},"SourceTimestamp":"2024-04-27T15:20:17.8361631Z","ServerTimestamp":"2024-04-27T15:20:20.6832184Z"},"nsu=http://opcfoundation.org/UA/Plc/Applications;s=SlowRandomUIntScalar1":{"Value":{"Type":7,"Body":299173232},"SourceTimestamp":"2024-04-27T15:20:17.8361828Z","ServerTimestamp":"2024-04-27T15:20:20.6832175Z"},"nsu=http://opcfoundation.org/UA/Plc/Applications;s=SlowRandomUIntScalar2":{"Value":{"Type":7,"Body":1915688078},"SourceTimestamp":"2024-04-27T15:20:17.836193Z","ServerTimestamp":"2024-04-27T15:20:20.6832005Z"},"nsu=http://opcfoundation.org/UA/Plc/Applications;s=SlowRandomUIntScalar3":{"Value":{"Type":7,"Body":2375527111},"SourceTimestamp":"2024-04-27T15:20:17.836196Z","ServerTimestamp":"2024-04-27T15:20:20.6832051Z"},"nsu=http://opcfoundation.org/UA/Plc/Applications;s=BadSlowRandomUIntScalar1":{"Value":{"Type":7,"Body":2549351398},"SourceTimestamp":"2024-04-27T15:20:17.8361997Z","ServerTimestamp":"2024-04-27T15:20:20.6832139Z"},"nsu=http://opcfoundation.org/UA/Plc/Applications;s=SpikeData":{"Value":{"Type":11,"Body":24.868988716485482},"SourceTimestamp":"2024-04-27T15:20:20.6370639Z","ServerTimestamp":"2024-04-27T15:20:20.6832123Z"},"ns=23;i=1259":{"Value":{"Type":11,"Body":-2},"SourceTimestamp":"2024-04-27T15:19:28.6739207Z","ServerTimestamp":"2024-04-27T15:20:20.6831835Z"}}}]