[{"SequenceNumber":53,"MetaDataVersion":{"MajorVersion":1},"Timestamp":"2024-04-27T15:20:21.6903823Z","MessageType":"ua-deltaframe","DataSetWriterName":"<<UnknownDataSet>>","Payload":{"i=2258":{"Value":{"Type":13,"Body":"2024-04-27T15:20:21.6900717Z"},"SourceTimestamp":"2024-04-27T15:19:28.673887Z","ServerTimestamp":"2024-04-27T15:20:21.6900703Z"},"nsu=http://opcfoundation.org/UA/Plc/Applications;s=StepUp":{"Value":{"Type":7,"Body":538},"SourceTimestamp":"2024-04-27T15:20:21.6418906Z","ServerTimestamp":"2024-04-27T15:20:21.6901127Z"},"nsu=http://opcfoundation.org/UA/Plc/Applications;s=AlternatingBoolean":{"Value":{"Type":1,"Body":true},"SourceTimestamp":"2024-04-27T15:20:21.6419118Z","ServerTimestamp":"2024-04-27T15:20:21.6901074Z"},"nsu=http://opcfoundation.org/UA/Plc/Applications;s=RandomSignedInt32":{"Value":{"Type":6,"Body":-1101802239},"SourceTimestamp":"2024-04-27T15:20:21.6419212Z","ServerTimestamp":"2024-04-27T15:20:21.6901095Z"},"nsu=http://opcfoundation.org/UA/Plc/Applications;s=RandomUnsignedInt32":{"Value":{"Type":7,"Body":1447483478},"SourceTimestamp":"2024-04-27T15:20:21.6419243Z","ServerTimestamp":"2024-04-27T15:20:21.6901044Z"},"nsu=http://opcfoundation.org/UA/Plc/Applications;s=DipData":{"Value":{"Type":11,"Body":99.80267284282715},"SourceTimestamp":"2024-04-27T15:20:21.6419383Z","ServerTimestamp":"2024-04-27T15:20:21.6901149Z"},"nsu=http://opcfoundation.org/UA/Plc/Applications;s=FastUIntScalar1":{"Value":{"Type":7,"Body":53},"SourceTimestamp":"2024-04-27T15:20:20.837638Z","ServerTimestamp":"2024-04-27T15:20:21.6901183Z"},"nsu=http://opcfoundation.org/UA/Plc/Applications;s=FastUIntScalar2":{"Value":{"Type":7,"Body":53},"SourceTimestamp":"2024-04-27T15:20:20.8376442Z","ServerTimestamp":"2024-04-27T15:20:21.6901135Z"},"nsu=http://opcfoundation.org/UA/Plc/Applications;s=FastUIntScalar3":{"Value":{"Type":7,"Body":53},"SourceTimestamp":"2024-04-27T15:20:20.8376459Z","ServerTimestamp":"2024-04-27T15:20:21.6901054Z"},"nsu=http://opcfoundation.org/UA/Plc/Applications;s=FastRandomUIntScalar1":{"Value":{"Type":7,"Body":2985195223},"SourceTimestamp":"2024-04-27T15:20:20.8376387Z","ServerTimestamp":"2024-04-27T15:20:21.6901167Z"},"nsu=http://opcfoundation.org/UA/Plc/Applications;s=FastRandomUIntScalar2":{"Value":{"Type":7,"Body":3963552539},"SourceTimestamp":"2024-04-27T15:20:20.8376429Z","ServerTimestamp":"2024-04-27T15:20:21.6901216Z"},"nsu=http://opcfoundation.org/UA/Plc/Applications;s=FastRandomUIntScalar3":{"Value":{"Type":7,"Body":204397548},"SourceTimestamp":"2024-04-27T15:20:20.8376451Z","ServerTimestamp":"2024-04-27T15:20:21.6901035Z"},"nsu=http://opcfoundation.org/UA/Plc/Applications;s=NegativeTrendData":{"Value":{"Type":11,"Body":99.099999999999994},"SourceTimestamp":"2024-04-27T15:20:21.641981Z","ServerTimestamp":"2024-04-27T15:20:21.6901212Z"},"nsu=http://opcfoundation.org/UA/Plc/Applications;s=PositiveTrendData":{"Value":{"Type":11,"Body":100.7},"SourceTimestamp":"2024-04-27T15:20:21.6419379Z","ServerTimestamp":"2024-04-27T15:20:21.6901087Z"},"nsu=http://opcfoundation.org/UA/Plc/Applications;s=SlowUIntScalar1":{"Value":{"Type":7,"Body":5},"SourceTimestamp":"2024-04-27T15:20:17.8361494Z","ServerTimestamp":"2024-04-27T15:20:21.6901121Z"},"nsu=http://opcfoundation.org/UA/Plc/Applications;s=SlowUIntScalar2":{"Value":{"Type":7,"Body":5},"SourceTimestamp":"2024-04-27T15:20:17.8361586Z","ServerTimestamp":"2024-04-27T15:20:21.6901174Z"},"nsu=http://opcfoundation.org/UA/Plc/Applications;s=SlowUIntScalar3":{"Value":{"Type":7,"Body":5},"SourceTimestamp":"2024-04-27T15:20:17.8361609Z","ServerTimestamp":"2024-04-27T15:20:21.6901104Z"},"nsu=http://opcfoundation.org/UA/Plc/Applications;s=BadSlowUIntScalar1":{"Value":{"Type":7,"Body":5},"SourceTimestamp":"2024-04-27T15:20:17.8361631Z","ServerTimestamp":"2024-04-27T15:20:21.6901204Z"},"nsu=http://opcfoundation.org/UA/Plc/Applications;s=SlowRandomUIntScalar1":{"Value":{"Type":7,"Body":299173232},"SourceTimestamp":"2024-04-27T15:20:17.8361828Z","ServerTimestamp":"2024-04-27T15:20:21.6901195Z"},"nsu=http://opcfoundation.org/UA/Plc/Applications;s=SlowRandomUIntScalar2":{"Value":{"Type":7,"Body":1915688078},"SourceTimestamp":"2024-04-27T15:20:17.836193Z","ServerTimestamp":"2024-04-27T15:20:21.6901022Z"},"nsu=http://opcfoundation.org/UA/Plc/Applications;s=SlowRandomUIntScalar3":{"Value":{"Type":7,"Body":2375527111},"SourceTimestamp":"2024-04-27T15:20:17.836196Z","ServerTimestamp":"2024-04-27T15:20:21.6901066Z"},"nsu=http://opcfoundation.org/UA/Plc/Applications;s=BadSlowRandomUIntScalar1":{"Value":{"Type":7,"Body":2549351398},"SourceTimestamp":"2024-04-27T15:20:17.8361997Z","ServerTimestamp":"2024-04-27T15:20:21.6901158Z"},"nsu=http://opcfoundation.org/UA/Plc/Applications;s=SpikeData":{"Value":{"Type":11,"Body":99.80267284282715},"SourceTimestamp":"2024-04-27T15:20:21.6419484Z","ServerTimestamp":"2024-04-27T15:20:21.6901142Z"},"ns=23;i=1259":{"Value":{"Type":11,"Body":-0.98999999999999999},"SourceTimestamp":"2024-04-27T15:19:28.6739207Z","ServerTimestamp":"2024-04-27T15:20:21.6900864Z"}}}]