[{"SequenceNumber":62,"MetaDataVersion":{"MajorVersion":1},"Timestamp":"2024-04-27T15:20:30.6931269Z","MessageType":"ua-deltaframe","DataSetWriterName":"<<UnknownDataSet>>","Payload":{"i=2258":{"Value":{"Type":13,"Body":"2024-04-27T15:20:30.6927666Z"},"SourceTimestamp":"2024-04-27T15:19:28.673887Z","ServerTimestamp":"2024-04-27T15:20:30.6927648Z"},"nsu=http://opcfoundation.org/UA/Plc/Applications;s=StepUp":{"Value":{"Type":7,"Body":628},"SourceTimestamp":"2024-04-27T15:20:30.6295159Z","ServerTimestamp":"2024-04-27T15:20:30.6928151Z"},"nsu=http://opcfoundation.org/UA/Plc/Applications;s=AlternatingBoolean":{"Value":{"Type":1,"Body":true},"SourceTimestamp":"2024-04-27T15:20:30.6295358Z","ServerTimestamp":"2024-04-27T15:20:30.6928084Z"},"nsu=http://opcfoundation.org/UA/Plc/Applications;s=RandomSignedInt32":{"Value":{"Type":6,"Body":2103166423},"SourceTimestamp":"2024-04-27T15:20:30.6295669Z","ServerTimestamp":"2024-04-27T15:20:30.6928116Z"},"nsu=http://opcfoundation.org/UA/Plc/Applications;s=RandomUnsignedInt32":{"Value":{"Type":7,"Body":786048131},"SourceTimestamp":"2024-04-27T15:20:30.6295512Z","ServerTimestamp":"2024-04-27T15:20:30.6928042Z"},"nsu=http://opcfoundation.org/UA/Plc/Applications;s=DipData":{"Value":{"Type":11,"Body":24.868988716485482},"SourceTimestamp":"2024-04-27T15:20:30.6295644Z","ServerTimestamp":"2024-04-27T15:20:30.6928181Z"},"nsu=http://opcfoundation.org/UA/Plc/Applications;s=FastUIntScalar1":{"Value":{"Type":7,"Body":62},"SourceTimestamp":"2024-04-27T15:20:29.8381446Z","ServerTimestamp":"2024-04-27T15:20:30.6928241Z"},"nsu=http://opcfoundation.org/UA/Plc/Applications;s=FastUIntScalar2":{"Value":{"Type":7,"Body":62},"SourceTimestamp":"2024-04-27T15:20:29.8381527Z","ServerTimestamp":"2024-04-27T15:20:30.6928161Z"},"nsu=http://opcfoundation.org/UA/Plc/Applications;s=FastUIntScalar3":{"Value":{"Type":7,"Body":62},"SourceTimestamp":"2024-04-27T15:20:29.838158Z","ServerTimestamp":"2024-04-27T15:20:30.6928056Z"},"nsu=http://opcfoundation.org/UA/Plc/Applications;s=FastRandomUIntScalar1":{"Value":{"Type":7,"Body":2613989387},"SourceTimestamp":"2024-04-27T15:20:29.838148Z","ServerTimestamp":"2024-04-27T15:20:30.6928209Z"},"nsu=http://opcfoundation.org/UA/Plc/Applications;s=FastRandomUIntScalar2":{"Value":{"Type":7,"Body":1221329058},"SourceTimestamp":"2024-04-27T15:20:29.8381562Z","ServerTimestamp":"2024-04-27T15:20:30.6928293Z"},"nsu=http://opcfoundation.org/UA/Plc/Applications;s=FastRandomUIntScalar3":{"Value":{"Type":7,"Body":4221862570},"SourceTimestamp":"2024-04-27T15:20:29.8381596Z","ServerTimestamp":"2024-04-27T15:20:30.6928027Z"},"nsu=http://opcfoundation.org/UA/Plc/Applications;s=NegativeTrendData":{"Value":{"Type":11,"Body":98.900000000000006},"SourceTimestamp":"2024-04-27T15:20:30.6295643Z","ServerTimestamp":"2024-04-27T15:20:30.6928287Z"},"nsu=http://opcfoundation.org/UA/Plc/Applications;s=PositiveTrendData":{"Value":{"Type":11,"Body":100.90000000000001},"SourceTimestamp":"2024-04-27T15:20:30.6295707Z","ServerTimestamp":"2024-04-27T15:20:30.6928102Z"},"nsu=http://opcfoundation.org/UA/Plc/Applications;s=SlowUIntScalar1":{"Value":{"Type":7,"Body":6},"SourceTimestamp":"2024-04-27T15:20:27.8402333Z","ServerTimestamp":"2024-04-27T15:20:30.6928142Z"},"nsu=http://opcfoundation.org/UA/Plc/Applications;s=SlowUIntScalar2":{"Value":{"Type":7,"Body":6},"SourceTimestamp":"2024-04-27T15:20:27.8402409Z","ServerTimestamp":"2024-04-27T15:20:30.6928228Z"},"nsu=http://opcfoundation.org/UA/Plc/Applications;s=SlowUIntScalar3":{"Value":{"Type":7,"Body":6},"SourceTimestamp":"2024-04-27T15:20:27.8402448Z","ServerTimestamp":"2024-04-27T15:20:30.6928127Z"},"nsu=http://opcfoundation.org/UA/Plc/Applications;s=BadSlowUIntScalar1":{"Value":{"Type":7,"Body":6},"SourceTimestamp":"2024-04-27T15:20:27.8402465Z","ServerTimestamp":"2024-04-27T15:20:30.6928271Z"},"nsu=http://opcfoundation.org/UA/Plc/Applications;s=SlowRandomUIntScalar1":{"Value":{"Type":7,"Body":2863731313},"SourceTimestamp":"2024-04-27T15:20:27.840236Z","ServerTimestamp":"2024-04-27T15:20:30.692826Z"},"nsu=http://opcfoundation.org/UA/Plc/Applications;s=SlowRandomUIntScalar2":{"Value":{"Type":7,"Body":3093249014},"SourceTimestamp":"2024-04-27T15:20:27.840244Z","ServerTimestamp":"2024-04-27T15:20:30.6928009Z"},"nsu=http://opcfoundation.org/UA/Plc/Applications;s=SlowRandomUIntScalar3":{"Value":{"Type":7,"Body":3384911329},"SourceTimestamp":"2024-04-27T15:20:27.8402456Z","ServerTimestamp":"2024-04-27T15:20:30.6928073Z"},"nsu=http://opcfoundation.org/UA/Plc/Applications;s=BadSlowRandomUIntScalar1":{"Value":{"Type":7,"Body":2119197876},"SourceTimestamp":"2024-04-27T15:20:27.8402474Z","ServerTimestamp":"2024-04-27T15:20:30.6928196Z"},"nsu=http://opcfoundation.org/UA/Plc/Applications;s=SpikeData":{"Value":{"Type":11,"Body":24.868988716485482},"SourceTimestamp":"2024-04-27T15:20:30.6295764Z","ServerTimestamp":"2024-04-27T15:20:30.6928172Z"},"ns=23;i=1259":{"Value":{"Type":11,"Body":1.5900000000000001},"SourceTimestamp":"2024-04-27T15:19:28.6739207Z","ServerTimestamp":"2024-04-27T15:20:30.6927844Z"}}}]