[{"SequenceNumber":68,"MetaDataVersion":{"MajorVersion":1},"Timestamp":"2024-04-27T15:20:36.6807032Z","MessageType":"ua-deltaframe","DataSetWriterName":"<<UnknownDataSet>>","Payload":{"i=2258":{"Value":{"Type":13,"Body":"2024-04-27T15:20:36.6804241Z"},"SourceTimestamp":"2024-04-27T15:19:28.673887Z","ServerTimestamp":"2024-04-27T15:20:36.6804229Z"},"nsu=http://opcfoundation.org/UA/Plc/Applications;s=StepUp":{"Value":{"Type":7,"Body":688},"SourceTimestamp":"2024-04-27T15:20:36.6319467Z","ServerTimestamp":"2024-04-27T15:20:36.680465Z"},"nsu=http://opcfoundation.org/UA/Plc/Applications;s=AlternatingBoolean":{"Value":{"Type":1,"Body":false},"SourceTimestamp":"2024-04-27T15:20:36.6319636Z","ServerTimestamp":"2024-04-27T15:20:36.6804602Z"},"nsu=http://opcfoundation.org/UA/Plc/Applications;s=RandomSignedInt32":{"Value":{"Type":6,"Body":938176946},"SourceTimestamp":"2024-04-27T15:20:36.6320022Z","ServerTimestamp":"2024-04-27T15:20:36.6804624Z"},"nsu=http://opcfoundation.org/UA/Plc/Applications;s=RandomUnsignedInt32":{"Value":{"Type":7,"Body":2135615160},"SourceTimestamp":"2024-04-27T15:20:36.6319954Z","ServerTimestamp":"2024-04-27T15:20:36.680457Z"},"nsu=http://opcfoundation.org/UA/Plc/Applications;s=DipData":{"Value":{"Type":11,"Body":99.80267284282715},"SourceTimestamp":"2024-04-27T15:20:36.6320152Z","ServerTimestamp":"2024-04-27T15:20:36.6804678Z"},"nsu=http://opcfoundation.org/UA/Plc/Applications;s=FastUIntScalar1":{"Value":{"Type":7,"Body":68},"SourceTimestamp":"2024-04-27T15:20:35.8417446Z","ServerTimestamp":"2024-04-27T15:20:36.6804713Z"},"nsu=http://opcfoundation.org/UA/Plc/Applications;s=FastUIntScalar2":{"Value":{"Type":7,"Body":68},"SourceTimestamp":"2024-04-27T15:20:35.8417724Z","ServerTimestamp":"2024-04-27T15:20:36.680466Z"},"nsu=http://opcfoundation.org/UA/Plc/Applications;s=FastUIntScalar3":{"Value":{"Type":7,"Body":68},"SourceTimestamp":"2024-04-27T15:20:35.8417804Z","ServerTimestamp":"2024-04-27T15:20:36.6804579Z"},"nsu=http://opcfoundation.org/UA/Plc/Applications;s=FastRandomUIntScalar1":{"Value":{"Type":7,"Body":1585108623},"SourceTimestamp":"2024-04-27T15:20:35.8417583Z","ServerTimestamp":"2024-04-27T15:20:36.6804697Z"},"nsu=http://opcfoundation.org/UA/Plc/Applications;s=FastRandomUIntScalar2":{"Value":{"Type":7,"Body":1061558884},"SourceTimestamp":"2024-04-27T15:20:35.8417789Z","ServerTimestamp":"2024-04-27T15:20:36.6804745Z"},"nsu=http://opcfoundation.org/UA/Plc/Applications;s=FastRandomUIntScalar3":{"Value":{"Type":7,"Body":2583397791},"SourceTimestamp":"2024-04-27T15:20:35.841782Z","ServerTimestamp":"2024-04-27T15:20:36.680456Z"},"nsu=http://opcfoundation.org/UA/Plc/Applications;s=NegativeTrendData":{"Value":{"Type":11,"Body":98.799999999999997},"SourceTimestamp":"2024-04-27T15:20:36.6320166Z","ServerTimestamp":"2024-04-27T15:20:36.6804741Z"},"nsu=http://opcfoundation.org/UA/Plc/Applications;s=PositiveTrendData":{"Value":{"Type":11,"Body":101},"SourceTimestamp":"2024-04-27T15:20:36.6320181Z","ServerTimestamp":"2024-04-27T15:20:36.6804616Z"},"nsu=http://opcfoundation.org/UA/Plc/Applications;s=SlowUIntScalar1":{"Value":{"Type":7,"Body":6},"SourceTimestamp":"2024-04-27T15:20:27.8402333Z","ServerTimestamp":"2024-04-27T15:20:36.6804644Z"},"nsu=http://opcfoundation.org/UA/Plc/Applications;s=SlowUIntScalar2":{"Value":{"Type":7,"Body":6},"SourceTimestamp":"2024-04-27T15:20:27.8402409Z","ServerTimestamp":"2024-04-27T15:20:36.6804704Z"},"nsu=http://opcfoundation.org/UA/Plc/Applications;s=SlowUIntScalar3":{"Value":{"Type":7,"Body":6},"SourceTimestamp":"2024-04-27T15:20:27.8402448Z","ServerTimestamp":"2024-04-27T15:20:36.6804633Z"},"nsu=http://opcfoundation.org/UA/Plc/Applications;s=BadSlowUIntScalar1":{"Value":{"Type":7,"Body":6},"SourceTimestamp":"2024-04-27T15:20:27.8402465Z","ServerTimestamp":"2024-04-27T15:20:36.6804732Z"},"nsu=http://opcfoundation.org/UA/Plc/Applications;s=SlowRandomUIntScalar1":{"Value":{"Type":7,"Body":2863731313},"SourceTimestamp":"2024-04-27T15:20:27.840236Z","ServerTimestamp":"2024-04-27T15:20:36.6804724Z"},"nsu=http://opcfoundation.org/UA/Plc/Applications;s=SlowRandomUIntScalar2":{"Value":{"Type":7,"Body":3093249014},"SourceTimestamp":"2024-04-27T15:20:27.840244Z","ServerTimestamp":"2024-04-27T15:20:36.6804547Z"},"nsu=http://opcfoundation.org/UA/Plc/Applications;s=SlowRandomUIntScalar3":{"Value":{"Type":7,"Body":3384911329},"SourceTimestamp":"2024-04-27T15:20:27.8402456Z","ServerTimestamp":"2024-04-27T15:20:36.6804594Z"},"nsu=http://opcfoundation.org/UA/Plc/Applications;s=BadSlowRandomUIntScalar1":{"Value":{"Type":7,"Body":2119197876},"SourceTimestamp":"2024-04-27T15:20:27.8402474Z","ServerTimestamp":"2024-04-27T15:20:36.6804688Z"},"nsu=http://opcfoundation.org/UA/Plc/Applications;s=SpikeData":{"Value":{"Type":11,"Body":99.80267284282715},"SourceTimestamp":"2024-04-27T15:20:36.6320365Z","ServerTimestamp":"2024-04-27T15:20:36.6804669Z"},"ns=23;i=1259":{"Value":{"Type":11,"Body":-0.66700000000000004},"SourceTimestamp":"2024-04-27T15:19:28.6739207Z","ServerTimestamp":"2024-04-27T15:20:36.68044Z"}}}]