[{"SequenceNumber":7,"MetaDataVersion":{"MajorVersion":1},"Timestamp":"2024-04-27T15:19:35.6809933Z","MessageType":"ua-deltaframe","DataSetWriterName":"<<UnknownDataSet>>","Payload":{"i=2258":{"Value":{"Type":13,"Body":"2024-04-27T15:19:35.6806915Z"},"SourceTimestamp":"2024-04-27T15:19:28.673887Z","ServerTimestamp":"2024-04-27T15:19:35.6806901Z"},"nsu=http://opcfoundation.org/UA/Plc/Applications;s=StepUp":{"Value":{"Type":7,"Body":78},"SourceTimestamp":"2024-04-27T15:19:35.633039Z","ServerTimestamp":"2024-04-27T15:19:35.6807315Z"},"nsu=http://opcfoundation.org/UA/Plc/Applications;s=AlternatingBoolean":{"Value":{"Type":1,"Body":false},"SourceTimestamp":"2024-04-27T15:19:35.6330473Z","ServerTimestamp":"2024-04-27T15:19:35.6807271Z"},"nsu=http://opcfoundation.org/UA/Plc/Applications;s=RandomSignedInt32":{"Value":{"Type":6,"Body":-1803045297},"SourceTimestamp":"2024-04-27T15:19:35.6330551Z","ServerTimestamp":"2024-04-27T15:19:35.6807291Z"},"nsu=http://opcfoundation.org/UA/Plc/Applications;s=RandomUnsignedInt32":{"Value":{"Type":7,"Body":1337583461},"SourceTimestamp":"2024-04-27T15:19:35.6330581Z","ServerTimestamp":"2024-04-27T15:19:35.6807242Z"},"nsu=http://opcfoundation.org/UA/Plc/Applications;s=DipData":{"Value":{"Type":11,"Body":24.868988716485482},"SourceTimestamp":"2024-04-27T15:19:35.6330689Z","ServerTimestamp":"2024-04-27T15:19:35.6807339Z"},"nsu=http://opcfoundation.org/UA/Plc/Applications;s=FastUIntScalar1":{"Value":{"Type":7,"Body":7},"SourceTimestamp":"2024-04-27T15:19:34.8376058Z","ServerTimestamp":"2024-04-27T15:19:35.6807382Z"},"nsu=http://opcfoundation.org/UA/Plc/Applications;s=FastUIntScalar2":{"Value":{"Type":7,"Body":7},"SourceTimestamp":"2024-04-27T15:19:34.8376119Z","ServerTimestamp":"2024-04-27T15:19:35.6807324Z"},"nsu=http://opcfoundation.org/UA/Plc/Applications;s=FastUIntScalar3":{"Value":{"Type":7,"Body":7},"SourceTimestamp":"2024-04-27T15:19:34.8376137Z","ServerTimestamp":"2024-04-27T15:19:35.6807253Z"},"nsu=http://opcfoundation.org/UA/Plc/Applications;s=FastRandomUIntScalar1":{"Value":{"Type":7,"Body":3490169864},"SourceTimestamp":"2024-04-27T15:19:34.8376141Z","ServerTimestamp":"2024-04-27T15:19:35.6807358Z"},"nsu=http://opcfoundation.org/UA/Plc/Applications;s=FastRandomUIntScalar2":{"Value":{"Type":7,"Body":3803486779},"SourceTimestamp":"2024-04-27T15:19:34.8376162Z","ServerTimestamp":"2024-04-27T15:19:35.6807414Z"},"nsu=http://opcfoundation.org/UA/Plc/Applications;s=FastRandomUIntScalar3":{"Value":{"Type":7,"Body":1251998364},"SourceTimestamp":"2024-04-27T15:19:34.8376169Z","ServerTimestamp":"2024-04-27T15:19:35.6807232Z"},"nsu=http://opcfoundation.org/UA/Plc/Applications;s=NegativeTrendData":{"Value":{"Type":11,"Body":100},"SourceTimestamp":"2024-04-27T15:19:35.6330699Z","ServerTimestamp":"2024-04-27T15:19:35.680741Z"},"nsu=http://opcfoundation.org/UA/Plc/Applications;s=PositiveTrendData":{"Value":{"Type":11,"Body":100},"SourceTimestamp":"2024-04-27T15:19:35.6330717Z","ServerTimestamp":"2024-04-27T15:19:35.6807284Z"},"nsu=http://opcfoundation.org/UA/Plc/Applications;s=SlowUIntScalar1":{"Value":{"Type":7,"Body":0},"SourceTimestamp":"2024-04-27T15:19:27.8282497Z","ServerTimestamp":"2024-04-27T15:19:35.6807309Z"},"nsu=http://opcfoundation.org/UA/Plc/Applications;s=SlowUIntScalar2":{"Value":{"Type":7,"Body":0},"SourceTimestamp":"2024-04-27T15:19:27.8282504Z","ServerTimestamp":"2024-04-27T15:19:35.6807368Z"},"nsu=http://opcfoundation.org/UA/Plc/Applications;s=SlowUIntScalar3":{"Value":{"Type":7,"Body":0},"SourceTimestamp":"2024-04-27T15:19:27.8282515Z","ServerTimestamp":"2024-04-27T15:19:35.68073Z"},"nsu=http://opcfoundation.org/UA/Plc/Applications;s=BadSlowUIntScalar1":{"Value":{"Type":7,"Body":0},"SourceTimestamp":"2024-04-27T15:19:27.8282534Z","ServerTimestamp":"2024-04-27T15:19:35.6807402Z"},"nsu=http://opcfoundation.org/UA/Plc/Applications;s=SlowRandomUIntScalar1":{"Value":{"Type":7,"Body":0},"SourceTimestamp":"2024-04-27T15:19:27.8282593Z","ServerTimestamp":"2024-04-27T15:19:35.6807394Z"},"nsu=http://opcfoundation.org/UA/Plc/Applications;s=SlowRandomUIntScalar2":{"Value":{"Type":7,"Body":0},"SourceTimestamp":"2024-04-27T15:19:27.8282598Z","ServerTimestamp":"2024-04-27T15:19:35.6807217Z"},"nsu=http://opcfoundation.org/UA/Plc/Applications;s=SlowRandomUIntScalar3":{"Value":{"Type":7,"Body":0},"SourceTimestamp":"2024-04-27T15:19:27.8282603Z","ServerTimestamp":"2024-04-27T15:19:35.6807264Z"},"nsu=http://opcfoundation.org/UA/Plc/Applications;s=BadSlowRandomUIntScalar1":{"Value":{"Type":7,"Body":0},"SourceTimestamp":"2024-04-27T15:19:27.8282618Z","ServerTimestamp":"2024-04-27T15:19:35.6807348Z"},"nsu=http://opcfoundation.org/UA/Plc/Applications;s=SpikeData":{"Value":{"Type":11,"Body":24.868988716485482},"SourceTimestamp":"2024-04-27T15:19:35.6330746Z","ServerTimestamp":"2024-04-27T15:19:35.6807333Z"},"ns=23;i=1259":{"Value":{"Type":11,"Body":0.45400000000000001},"SourceTimestamp":"2024-04-27T15:19:28.6739207Z","ServerTimestamp":"2024-04-27T15:19:35.6807063Z"}}}]