[{"SequenceNumber":76,"MetaDataVersion":{"MajorVersion":1},"Timestamp":"2024-04-27T15:20:44.6942365Z","MessageType":"ua-deltaframe","DataSetWriterName":"<<UnknownDataSet>>","Payload":{"i=2258":{"Value":{"Type":13,"Body":"2024-04-27T15:20:44.6939313Z"},"SourceTimestamp":"2024-04-27T15:19:28.673887Z","ServerTimestamp":"2024-04-27T15:20:44.69393Z"},"nsu=http://opcfoundation.org/UA/Plc/Applications;s=StepUp":{"Value":{"Type":7,"Body":768},"SourceTimestamp":"2024-04-27T15:20:44.6304501Z","ServerTimestamp":"2024-04-27T15:20:44.6939739Z"},"nsu=http://opcfoundation.org/UA/Plc/Applications;s=AlternatingBoolean":{"Value":{"Type":1,"Body":false},"SourceTimestamp":"2024-04-27T15:20:44.6304501Z","ServerTimestamp":"2024-04-27T15:20:44.6939693Z"},"nsu=http://opcfoundation.org/UA/Plc/Applications;s=RandomSignedInt32":{"Value":{"Type":6,"Body":1866898887},"SourceTimestamp":"2024-04-27T15:20:44.630472Z","ServerTimestamp":"2024-04-27T15:20:44.6939713Z"},"nsu=http://opcfoundation.org/UA/Plc/Applications;s=RandomUnsignedInt32":{"Value":{"Type":7,"Body":624166702},"SourceTimestamp":"2024-04-27T15:20:44.6304648Z","ServerTimestamp":"2024-04-27T15:20:44.6939663Z"},"nsu=http://opcfoundation.org/UA/Plc/Applications;s=DipData":{"Value":{"Type":11,"Body":-84.432792550201526},"SourceTimestamp":"2024-04-27T15:20:44.6304755Z","ServerTimestamp":"2024-04-27T15:20:44.6939775Z"},"nsu=http://opcfoundation.org/UA/Plc/Applications;s=FastUIntScalar1":{"Value":{"Type":7,"Body":76},"SourceTimestamp":"2024-04-27T15:20:43.8385297Z","ServerTimestamp":"2024-04-27T15:20:44.6939812Z"},"nsu=http://opcfoundation.org/UA/Plc/Applications;s=FastUIntScalar2":{"Value":{"Type":7,"Body":76},"SourceTimestamp":"2024-04-27T15:20:43.8385351Z","ServerTimestamp":"2024-04-27T15:20:44.6939747Z"},"nsu=http://opcfoundation.org/UA/Plc/Applications;s=FastUIntScalar3":{"Value":{"Type":7,"Body":76},"SourceTimestamp":"2024-04-27T15:20:43.8385366Z","ServerTimestamp":"2024-04-27T15:20:44.6939674Z"},"nsu=http://opcfoundation.org/UA/Plc/Applications;s=FastRandomUIntScalar1":{"Value":{"Type":7,"Body":2755506466},"SourceTimestamp":"2024-04-27T15:20:43.83853Z","ServerTimestamp":"2024-04-27T15:20:44.6939793Z"},"nsu=http://opcfoundation.org/UA/Plc/Applications;s=FastRandomUIntScalar2":{"Value":{"Type":7,"Body":2279917886},"SourceTimestamp":"2024-04-27T15:20:43.838536Z","ServerTimestamp":"2024-04-27T15:20:44.6939843Z"},"nsu=http://opcfoundation.org/UA/Plc/Applications;s=FastRandomUIntScalar3":{"Value":{"Type":7,"Body":1745890461},"SourceTimestamp":"2024-04-27T15:20:43.8385372Z","ServerTimestamp":"2024-04-27T15:20:44.6939654Z"},"nsu=http://opcfoundation.org/UA/Plc/Applications;s=NegativeTrendData":{"Value":{"Type":11,"Body":98.599999999999994},"SourceTimestamp":"2024-04-27T15:20:44.6304755Z","ServerTimestamp":"2024-04-27T15:20:44.6939839Z"},"nsu=http://opcfoundation.org/UA/Plc/Applications;s=PositiveTrendData":{"Value":{"Type":11,"Body":101.2},"SourceTimestamp":"2024-04-27T15:20:44.630485Z","ServerTimestamp":"2024-04-27T15:20:44.6939706Z"},"nsu=http://opcfoundation.org/UA/Plc/Applications;s=SlowUIntScalar1":{"Value":{"Type":7,"Body":7},"SourceTimestamp":"2024-04-27T15:20:37.8274781Z","ServerTimestamp":"2024-04-27T15:20:44.6939733Z"},"nsu=http://opcfoundation.org/UA/Plc/Applications;s=SlowUIntScalar2":{"Value":{"Type":7,"Body":7},"SourceTimestamp":"2024-04-27T15:20:37.8274851Z","ServerTimestamp":"2024-04-27T15:20:44.6939803Z"},"nsu=http://opcfoundation.org/UA/Plc/Applications;s=SlowUIntScalar3":{"Value":{"Type":7,"Body":7},"SourceTimestamp":"2024-04-27T15:20:37.8274895Z","ServerTimestamp":"2024-04-27T15:20:44.6939721Z"},"nsu=http://opcfoundation.org/UA/Plc/Applications;s=BadSlowUIntScalar1":{"Value":{"Type":7,"Body":7},"SourceTimestamp":"2024-04-27T15:20:37.827492Z","ServerTimestamp":"2024-04-27T15:20:44.6939831Z"},"nsu=http://opcfoundation.org/UA/Plc/Applications;s=SlowRandomUIntScalar1":{"Value":{"Type":7,"Body":3047731533},"SourceTimestamp":"2024-04-27T15:20:37.827484Z","ServerTimestamp":"2024-04-27T15:20:44.6939823Z"},"nsu=http://opcfoundation.org/UA/Plc/Applications;s=SlowRandomUIntScalar2":{"Value":{"Type":7,"Body":483355249},"SourceTimestamp":"2024-04-27T15:20:37.8274883Z","ServerTimestamp":"2024-04-27T15:20:44.6939641Z"},"nsu=http://opcfoundation.org/UA/Plc/Applications;s=SlowRandomUIntScalar3":{"Value":{"Type":7,"Body":3065084414},"SourceTimestamp":"2024-04-27T15:20:37.8274897Z","ServerTimestamp":"2024-04-27T15:20:44.6939685Z"},"nsu=http://opcfoundation.org/UA/Plc/Applications;s=BadSlowRandomUIntScalar1":{"Value":{"Type":7,"Body":817294017},"SourceTimestamp":"2024-04-27T15:20:37.8274929Z","ServerTimestamp":"2024-04-27T15:20:44.6939785Z"},"nsu=http://opcfoundation.org/UA/Plc/Applications;s=SpikeData":{"Value":{"Type":11,"Body":-84.432792550201526},"SourceTimestamp":"2024-04-27T15:20:44.6304817Z","ServerTimestamp":"2024-04-27T15:20:44.6939758Z"},"ns=23;i=1259":{"Value":{"Type":11,"Body":0.89800000000000002},"SourceTimestamp":"2024-04-27T15:19:28.6739207Z","ServerTimestamp":"2024-04-27T15:20:44.693947Z"}}}]