[{"SequenceNumber":78,"MetaDataVersion":{"MajorVersion":1},"Timestamp":"2024-04-27T15:20:46.6814182Z","MessageType":"ua-deltaframe","DataSetWriterName":"<<UnknownDataSet>>","Payload":{"i=2258":{"Value":{"Type":13,"Body":"2024-04-27T15:20:46.6811132Z"},"SourceTimestamp":"2024-04-27T15:19:28.673887Z","ServerTimestamp":"2024-04-27T15:20:46.6811122Z"},"nsu=http://opcfoundation.org/UA/Plc/Applications;s=StepUp":{"Value":{"Type":7,"Body":788},"SourceTimestamp":"2024-04-27T15:20:46.6335455Z","ServerTimestamp":"2024-04-27T15:20:46.6811549Z"},"nsu=http://opcfoundation.org/UA/Plc/Applications;s=AlternatingBoolean":{"Value":{"Type":1,"Body":false},"SourceTimestamp":"2024-04-27T15:20:46.633551Z","ServerTimestamp":"2024-04-27T15:20:46.6811504Z"},"nsu=http://opcfoundation.org/UA/Plc/Applications;s=RandomSignedInt32":{"Value":{"Type":6,"Body":-42698098},"SourceTimestamp":"2024-04-27T15:20:46.6335703Z","ServerTimestamp":"2024-04-27T15:20:46.6811524Z"},"nsu=http://opcfoundation.org/UA/Plc/Applications;s=RandomUnsignedInt32":{"Value":{"Type":7,"Body":1282753759},"SourceTimestamp":"2024-04-27T15:20:46.6335643Z","ServerTimestamp":"2024-04-27T15:20:46.6811471Z"},"nsu=http://opcfoundation.org/UA/Plc/Applications;s=DipData":{"Value":{"Type":11,"Body":99.80267284282715},"SourceTimestamp":"2024-04-27T15:20:46.6335834Z","ServerTimestamp":"2024-04-27T15:20:46.6811573Z"},"nsu=http://opcfoundation.org/UA/Plc/Applications;s=FastUIntScalar1":{"Value":{"Type":7,"Body":78},"SourceTimestamp":"2024-04-27T15:20:45.8432274Z","ServerTimestamp":"2024-04-27T15:20:46.6811607Z"},"nsu=http://opcfoundation.org/UA/Plc/Applications;s=FastUIntScalar2":{"Value":{"Type":7,"Body":78},"SourceTimestamp":"2024-04-27T15:20:45.8432338Z","ServerTimestamp":"2024-04-27T15:20:46.6811558Z"},"nsu=http://opcfoundation.org/UA/Plc/Applications;s=FastUIntScalar3":{"Value":{"Type":7,"Body":78},"SourceTimestamp":"2024-04-27T15:20:45.8432379Z","ServerTimestamp":"2024-04-27T15:20:46.6811481Z"},"nsu=http://opcfoundation.org/UA/Plc/Applications;s=FastRandomUIntScalar1":{"Value":{"Type":7,"Body":3628856078},"SourceTimestamp":"2024-04-27T15:20:45.8432284Z","ServerTimestamp":"2024-04-27T15:20:46.6811592Z"},"nsu=http://opcfoundation.org/UA/Plc/Applications;s=FastRandomUIntScalar2":{"Value":{"Type":7,"Body":3905154218},"SourceTimestamp":"2024-04-27T15:20:45.8432371Z","ServerTimestamp":"2024-04-27T15:20:46.6811641Z"},"nsu=http://opcfoundation.org/UA/Plc/Applications;s=FastRandomUIntScalar3":{"Value":{"Type":7,"Body":675175333},"SourceTimestamp":"2024-04-27T15:20:45.8432385Z","ServerTimestamp":"2024-04-27T15:20:46.6811462Z"},"nsu=http://opcfoundation.org/UA/Plc/Applications;s=NegativeTrendData":{"Value":{"Type":11,"Body":98.599999999999994},"SourceTimestamp":"2024-04-27T15:20:46.6335786Z","ServerTimestamp":"2024-04-27T15:20:46.6811637Z"},"nsu=http://opcfoundation.org/UA/Plc/Applications;s=PositiveTrendData":{"Value":{"Type":11,"Body":101.2},"SourceTimestamp":"2024-04-27T15:20:46.6335876Z","ServerTimestamp":"2024-04-27T15:20:46.6811517Z"},"nsu=http://opcfoundation.org/UA/Plc/Applications;s=SlowUIntScalar1":{"Value":{"Type":7,"Body":7},"SourceTimestamp":"2024-04-27T15:20:37.8274781Z","ServerTimestamp":"2024-04-27T15:20:46.6811543Z"},"nsu=http://opcfoundation.org/UA/Plc/Applications;s=SlowUIntScalar2":{"Value":{"Type":7,"Body":7},"SourceTimestamp":"2024-04-27T15:20:37.8274851Z","ServerTimestamp":"2024-04-27T15:20:46.6811598Z"},"nsu=http://opcfoundation.org/UA/Plc/Applications;s=SlowUIntScalar3":{"Value":{"Type":7,"Body":7},"SourceTimestamp":"2024-04-27T15:20:37.8274895Z","ServerTimestamp":"2024-04-27T15:20:46.6811532Z"},"nsu=http://opcfoundation.org/UA/Plc/Applications;s=BadSlowUIntScalar1":{"Value":{"Type":7,"Body":7},"SourceTimestamp":"2024-04-27T15:20:37.827492Z","ServerTimestamp":"2024-04-27T15:20:46.6811629Z"},"nsu=http://opcfoundation.org/UA/Plc/Applications;s=SlowRandomUIntScalar1":{"Value":{"Type":7,"Body":3047731533},"SourceTimestamp":"2024-04-27T15:20:37.827484Z","ServerTimestamp":"2024-04-27T15:20:46.6811618Z"},"nsu=http://opcfoundation.org/UA/Plc/Applications;s=SlowRandomUIntScalar2":{"Value":{"Type":7,"Body":483355249},"SourceTimestamp":"2024-04-27T15:20:37.8274883Z","ServerTimestamp":"2024-04-27T15:20:46.6811449Z"},"nsu=http://opcfoundation.org/UA/Plc/Applications;s=SlowRandomUIntScalar3":{"Value":{"Type":7,"Body":3065084414},"SourceTimestamp":"2024-04-27T15:20:37.8274897Z","ServerTimestamp":"2024-04-27T15:20:46.6811496Z"},"nsu=http://opcfoundation.org/UA/Plc/Applications;s=BadSlowRandomUIntScalar1":{"Value":{"Type":7,"Body":817294017},"SourceTimestamp":"2024-04-27T15:20:37.8274929Z","ServerTimestamp":"2024-04-27T15:20:46.6811583Z"},"nsu=http://opcfoundation.org/UA/Plc/Applications;s=SpikeData":{"Value":{"Type":11,"Body":99.80267284282715},"SourceTimestamp":"2024-04-27T15:20:46.6336127Z","ServerTimestamp":"2024-04-27T15:20:46.6811567Z"},"ns=23;i=1259":{"Value":{"Type":11,"Body":2},"SourceTimestamp":"2024-04-27T15:19:28.6739207Z","ServerTimestamp":"2024-04-27T15:20:46.6811292Z"}}}]