[{"SequenceNumber":95,"MetaDataVersion":{"MajorVersion":1},"Timestamp":"2024-04-27T15:21:03.6885217Z","MessageType":"ua-deltaframe","DataSetWriterName":"<<UnknownDataSet>>","Payload":{"i=2258":{"Value":{"Type":13,"Body":"2024-04-27T15:21:03.6882368Z"},"SourceTimestamp":"2024-04-27T15:19:28.673887Z","ServerTimestamp":"2024-04-27T15:21:03.6882356Z"},"nsu=http://opcfoundation.org/UA/Plc/Applications;s=StepUp":{"Value":{"Type":7,"Body":958},"SourceTimestamp":"2024-04-27T15:21:03.6408817Z","ServerTimestamp":"2024-04-27T15:21:03.6882736Z"},"nsu=http://opcfoundation.org/UA/Plc/Applications;s=AlternatingBoolean":{"Value":{"Type":1,"Body":false},"SourceTimestamp":"2024-04-27T15:21:03.6408864Z","ServerTimestamp":"2024-04-27T15:21:03.6882696Z"},"nsu=http://opcfoundation.org/UA/Plc/Applications;s=RandomSignedInt32":{"Value":{"Type":6,"Body":164758046},"SourceTimestamp":"2024-04-27T15:21:03.6409005Z","ServerTimestamp":"2024-04-27T15:21:03.6882713Z"},"nsu=http://opcfoundation.org/UA/Plc/Applications;s=RandomUnsignedInt32":{"Value":{"Type":7,"Body":5586508},"SourceTimestamp":"2024-04-27T15:21:03.6409067Z","ServerTimestamp":"2024-04-27T15:21:03.6882671Z"},"nsu=http://opcfoundation.org/UA/Plc/Applications;s=DipData":{"Value":{"Type":11,"Body":-77.0513242775789},"SourceTimestamp":"2024-04-27T15:21:03.6409435Z","ServerTimestamp":"2024-04-27T15:21:03.6882756Z"},"nsu=http://opcfoundation.org/UA/Plc/Applications;s=FastUIntScalar1":{"Value":{"Type":7,"Body":95},"SourceTimestamp":"2024-04-27T15:21:02.8333997Z","ServerTimestamp":"2024-04-27T15:21:03.688279Z"},"nsu=http://opcfoundation.org/UA/Plc/Applications;s=FastUIntScalar2":{"Value":{"Type":7,"Body":95},"SourceTimestamp":"2024-04-27T15:21:02.8334074Z","ServerTimestamp":"2024-04-27T15:21:03.6882742Z"},"nsu=http://opcfoundation.org/UA/Plc/Applications;s=FastUIntScalar3":{"Value":{"Type":7,"Body":95},"SourceTimestamp":"2024-04-27T15:21:02.8334095Z","ServerTimestamp":"2024-04-27T15:21:03.688268Z"},"nsu=http://opcfoundation.org/UA/Plc/Applications;s=FastRandomUIntScalar1":{"Value":{"Type":7,"Body":342844595},"SourceTimestamp":"2024-04-27T15:21:02.8333978Z","ServerTimestamp":"2024-04-27T15:21:03.6882776Z"},"nsu=http://opcfoundation.org/UA/Plc/Applications;s=FastRandomUIntScalar2":{"Value":{"Type":7,"Body":3833815198},"SourceTimestamp":"2024-04-27T15:21:02.8334049Z","ServerTimestamp":"2024-04-27T15:21:03.6882818Z"},"nsu=http://opcfoundation.org/UA/Plc/Applications;s=FastRandomUIntScalar3":{"Value":{"Type":7,"Body":3641764911},"SourceTimestamp":"2024-04-27T15:21:02.833408Z","ServerTimestamp":"2024-04-27T15:21:03.6882661Z"},"nsu=http://opcfoundation.org/UA/Plc/Applications;s=NegativeTrendData":{"Value":{"Type":11,"Body":98.200000000000003},"SourceTimestamp":"2024-04-27T15:21:03.6409174Z","ServerTimestamp":"2024-04-27T15:21:03.6882815Z"},"nsu=http://opcfoundation.org/UA/Plc/Applications;s=PositiveTrendData":{"Value":{"Type":11,"Body":101.59999999999999},"SourceTimestamp":"2024-04-27T15:21:03.6409174Z","ServerTimestamp":"2024-04-27T15:21:03.6882707Z"},"nsu=http://opcfoundation.org/UA/Plc/Applications;s=SlowUIntScalar1":{"Value":{"Type":7,"Body":9},"SourceTimestamp":"2024-04-27T15:20:57.8297838Z","ServerTimestamp":"2024-04-27T15:21:03.688273Z"},"nsu=http://opcfoundation.org/UA/Plc/Applications;s=SlowUIntScalar2":{"Value":{"Type":7,"Body":9},"SourceTimestamp":"2024-04-27T15:20:57.8297892Z","ServerTimestamp":"2024-04-27T15:21:03.6882782Z"},"nsu=http://opcfoundation.org/UA/Plc/Applications;s=SlowUIntScalar3":{"Value":{"Type":7,"Body":9},"SourceTimestamp":"2024-04-27T15:20:57.8297916Z","ServerTimestamp":"2024-04-27T15:21:03.6882721Z"},"nsu=http://opcfoundation.org/UA/Plc/Applications;s=BadSlowUIntScalar1":{"Value":{"Body":null},"StatusCode":2157772800,"SourceTimestamp":"2024-04-27T15:20:57.8297934Z","ServerTimestamp":"2024-04-27T15:21:03.6882807Z"},"nsu=http://opcfoundation.org/UA/Plc/Applications;s=SlowRandomUIntScalar1":{"Value":{"Type":7,"Body":1981298484},"SourceTimestamp":"2024-04-27T15:20:57.8297838Z","ServerTimestamp":"2024-04-27T15:21:03.68828Z"},"nsu=http://opcfoundation.org/UA/Plc/Applications;s=SlowRandomUIntScalar2":{"Value":{"Type":7,"Body":1694848608},"SourceTimestamp":"2024-04-27T15:20:57.8297904Z","ServerTimestamp":"2024-04-27T15:21:03.688265Z"},"nsu=http://opcfoundation.org/UA/Plc/Applications;s=SlowRandomUIntScalar3":{"Value":{"Type":7,"Body":1131425122},"SourceTimestamp":"2024-04-27T15:20:57.8297924Z","ServerTimestamp":"2024-04-27T15:21:03.6882689Z"},"nsu=http://opcfoundation.org/UA/Plc/Applications;s=BadSlowRandomUIntScalar1":{"Value":{"Body":null},"StatusCode":2157772800,"SourceTimestamp":"2024-04-27T15:20:57.8297942Z","ServerTimestamp":"2024-04-27T15:21:03.6882764Z"},"nsu=http://opcfoundation.org/UA/Plc/Applications;s=SpikeData":{"Value":{"Type":11,"Body":-77.0513242775789},"SourceTimestamp":"2024-04-27T15:21:03.6409294Z","ServerTimestamp":"2024-04-27T15:21:03.6882749Z"},"ns=23;i=1259":{"Value":{"Type":11,"Body":-2},"SourceTimestamp":"2024-04-27T15:19:28.6739207Z","ServerTimestamp":"2024-04-27T15:21:03.6882497Z"}}}]