{"MessageId":"94c40e15-9123-4454-a390-92d3d899667f","MessageType":"ua-data","PublisherId":"DESKTOP-BGFJS91","DataSetWriterGroup":"MES","Messages":[{"SequenceNumber":10,"MetaDataVersion":{"MajorVersion":1},"Timestamp":"2024-04-26T12:03:30.4244958Z","MessageType":"ua-deltaframe","DataSetWriterName":"<<UnknownDataSet>>","Payload":{"nsu=http://opcfoundation.org/UA/Plc/Applications;s=StepUp":{"Value":{"Type":7,"Body":105},"SourceTimestamp":"2024-04-26T12:03:30.3928694Z","ServerTimestamp":"2024-04-26T12:03:30.392872Z"},"nsu=http://opcfoundation.org/UA/Plc/Applications;s=AlternatingBoolean":{"Value":{"Type":1,"Body":true},"SourceTimestamp":"2024-04-26T12:03:29.9839711Z","ServerTimestamp":"2024-04-26T12:03:29.9839963Z"},"nsu=http://opcfoundation.org/UA/Plc/Applications;s=RandomSignedInt32":{"Value":{"Type":6,"Body":-2058764284},"SourceTimestamp":"2024-04-26T12:03:30.3928962Z","ServerTimestamp":"2024-04-26T12:03:30.392898Z"},"nsu=http://opcfoundation.org/UA/Plc/Applications;s=RandomUnsignedInt32":{"Value":{"Type":7,"Body":1442056676},"SourceTimestamp":"2024-04-26T12:03:30.3928873Z","ServerTimestamp":"2024-04-26T12:03:30.3928881Z"},"nsu=http://opcfoundation.org/UA/Plc/Applications;s=DipData":{"Value":{"Type":11,"Body":-48.175367410171532},"SourceTimestamp":"2024-04-26T12:03:30.3928981Z","ServerTimestamp":"2024-04-26T12:03:30.3929022Z"},"nsu=http://opcfoundation.org/UA/Plc/Applications;s=FastUIntScalar1":{"Value":{"Type":7,"Body":10},"SourceTimestamp":"2024-04-26T12:03:29.8898866Z","ServerTimestamp":"2024-04-26T12:03:29.8898888Z"}}}]}