{"MessageId":"4878c016-e450-40a1-a544-79108214f010","MessageType":"ua-data","PublisherId":"DESKTOP-BGFJS91","DataSetWriterGroup":"MES","Messages":[{"SequenceNumber":104,"MetaDataVersion":{"MajorVersion":1},"Timestamp":"2024-04-26T12:05:04.4051673Z","MessageType":"ua-deltaframe","DataSetWriterName":"<<UnknownDataSet>>","Payload":{"nsu=http://opcfoundation.org/UA/Plc/Applications;s=StepUp":{"Value":{"Type":7,"Body":1045},"SourceTimestamp":"2024-04-26T12:05:04.3891981Z","ServerTimestamp":"2024-04-26T12:05:04.3892027Z"},"nsu=http://opcfoundation.org/UA/Plc/Applications;s=RandomSignedInt32":{"Value":{"Type":6,"Body":799217091},"SourceTimestamp":"2024-04-26T12:05:04.3892432Z","ServerTimestamp":"2024-04-26T12:05:04.3892448Z"},"nsu=http://opcfoundation.org/UA/Plc/Applications;s=RandomUnsignedInt32":{"Value":{"Type":7,"Body":461064890},"SourceTimestamp":"2024-04-26T12:05:04.3892665Z","ServerTimestamp":"2024-04-26T12:05:04.3892694Z"},"nsu=http://opcfoundation.org/UA/Plc/Applications;s=DipData":{"Value":{"Type":11,"Body":68.454710592868878},"SourceTimestamp":"2024-04-26T12:05:04.3892961Z","ServerTimestamp":"2024-04-26T12:05:04.3892976Z"},"nsu=http://opcfoundation.org/UA/Plc/Applications;s=FastUIntScalar1":{"Value":{"Type":7,"Body":104},"SourceTimestamp":"2024-04-26T12:05:03.8869237Z","ServerTimestamp":"2024-04-26T12:05:03.8869264Z"}}}]}