{"MessageId":"57d08135-6302-4fa6-bda1-6f3fdd6a4513","MessageType":"ua-data","PublisherId":"DESKTOP-BGFJS91","DataSetWriterGroup":"MES","Messages":[{"SequenceNumber":106,"MetaDataVersion":{"MajorVersion":1},"Timestamp":"2024-04-26T12:05:06.4146378Z","MessageType":"ua-deltaframe","DataSetWriterName":"<<UnknownDataSet>>","Payload":{"nsu=http://opcfoundation.org/UA/Plc/Applications;s=StepUp":{"Value":{"Type":7,"Body":1065},"SourceTimestamp":"2024-04-26T12:05:06.3825896Z","ServerTimestamp":"2024-04-26T12:05:06.3825939Z"},"nsu=http://opcfoundation.org/UA/Plc/Applications;s=RandomSignedInt32":{"Value":{"Type":6,"Body":52573135},"SourceTimestamp":"2024-04-26T12:05:06.3826467Z","ServerTimestamp":"2024-04-26T12:05:06.3826477Z"},"nsu=http://opcfoundation.org/UA/Plc/Applications;s=RandomUnsignedInt32":{"Value":{"Type":7,"Body":369871067},"SourceTimestamp":"2024-04-26T12:05:06.3826476Z","ServerTimestamp":"2024-04-26T12:05:06.3826516Z"},"nsu=http://opcfoundation.org/UA/Plc/Applications;s=DipData":{"Value":{"Type":11,"Body":-98.228725072868869},"SourceTimestamp":"2024-04-26T12:05:06.3826622Z","ServerTimestamp":"2024-04-26T12:05:06.3826673Z"},"nsu=http://opcfoundation.org/UA/Plc/Applications;s=FastUIntScalar1":{"Value":{"Type":7,"Body":106},"SourceTimestamp":"2024-04-26T12:05:05.8804009Z","ServerTimestamp":"2024-04-26T12:05:05.8804018Z"}}}]}