{"MessageId":"6adb02fd-f606-4191-a304-94509623feb9","MessageType":"ua-data","PublisherId":"DESKTOP-BGFJS91","DataSetWriterGroup":"MES","Messages":[{"SequenceNumber":110,"MetaDataVersion":{"MajorVersion":1},"Timestamp":"2024-04-26T12:05:10.4259308Z","MessageType":"ua-deltaframe","DataSetWriterName":"<<UnknownDataSet>>","Payload":{"nsu=http://opcfoundation.org/UA/Plc/Applications;s=StepUp":{"Value":{"Type":7,"Body":1105},"SourceTimestamp":"2024-04-26T12:05:10.3780816Z","ServerTimestamp":"2024-04-26T12:05:10.3780835Z"},"nsu=http://opcfoundation.org/UA/Plc/Applications;s=AlternatingBoolean":{"Value":{"Type":1,"Body":true},"SourceTimestamp":"2024-04-26T12:05:09.9859886Z","ServerTimestamp":"2024-04-26T12:05:09.9859904Z"},"nsu=http://opcfoundation.org/UA/Plc/Applications;s=RandomSignedInt32":{"Value":{"Type":6,"Body":-1022353175},"SourceTimestamp":"2024-04-26T12:05:10.3780674Z","ServerTimestamp":"2024-04-26T12:05:10.3780905Z"},"nsu=http://opcfoundation.org/UA/Plc/Applications;s=RandomUnsignedInt32":{"Value":{"Type":7,"Body":1524840762},"SourceTimestamp":"2024-04-26T12:05:10.3780917Z","ServerTimestamp":"2024-04-26T12:05:10.3780956Z"},"nsu=http://opcfoundation.org/UA/Plc/Applications;s=DipData":{"Value":{"Type":11,"Body":-48.175367410171532},"SourceTimestamp":"2024-04-26T12:05:10.3780989Z","ServerTimestamp":"2024-04-26T12:05:10.3781034Z"},"nsu=http://opcfoundation.org/UA/Plc/Applications;s=FastUIntScalar1":{"Value":{"Type":7,"Body":110},"SourceTimestamp":"2024-04-26T12:05:09.8766611Z","ServerTimestamp":"2024-04-26T12:05:09.876665Z"}}}]}