{"MessageId":"f74f241b-150b-4099-9051-201543a6f4d2","MessageType":"ua-data","PublisherId":"DESKTOP-BGFJS91","DataSetWriterGroup":"MES","Messages":[{"SequenceNumber":113,"MetaDataVersion":{"MajorVersion":1},"Timestamp":"2024-04-26T12:05:13.433442Z","MessageType":"ua-deltaframe","DataSetWriterName":"<<UnknownDataSet>>","Payload":{"nsu=http://opcfoundation.org/UA/Plc/Applications;s=StepUp":{"Value":{"Type":7,"Body":1135},"SourceTimestamp":"2024-04-26T12:05:13.3853001Z","ServerTimestamp":"2024-04-26T12:05:13.3853052Z"},"nsu=http://opcfoundation.org/UA/Plc/Applications;s=RandomSignedInt32":{"Value":{"Type":6,"Body":-1797601965},"SourceTimestamp":"2024-04-26T12:05:13.3853091Z","ServerTimestamp":"2024-04-26T12:05:13.3853153Z"},"nsu=http://opcfoundation.org/UA/Plc/Applications;s=RandomUnsignedInt32":{"Value":{"Type":7,"Body":1562524235},"SourceTimestamp":"2024-04-26T12:05:13.3853176Z","ServerTimestamp":"2024-04-26T12:05:13.3853222Z"},"nsu=http://opcfoundation.org/UA/Plc/Applications;s=DipData":{"Value":{"Type":11,"Body":90.482705246601952},"SourceTimestamp":"2024-04-26T12:05:13.3853279Z","ServerTimestamp":"2024-04-26T12:05:13.3853286Z"},"nsu=http://opcfoundation.org/UA/Plc/Applications;s=FastUIntScalar1":{"Value":{"Type":7,"Body":113},"SourceTimestamp":"2024-04-26T12:05:12.8827383Z","ServerTimestamp":"2024-04-26T12:05:12.8827413Z"}}}]}