{"MessageId":"5853bb69-1574-41ba-9875-7ac90eccaf6d","MessageType":"ua-data","PublisherId":"DESKTOP-BGFJS91","DataSetWriterGroup":"MES","Messages":[{"SequenceNumber":114,"MetaDataVersion":{"MajorVersion":1},"Timestamp":"2024-04-26T12:05:14.4304979Z","MessageType":"ua-deltaframe","DataSetWriterName":"<<UnknownDataSet>>","Payload":{"nsu=http://opcfoundation.org/UA/Plc/Applications;s=StepUp":{"Value":{"Type":7,"Body":1145},"SourceTimestamp":"2024-04-26T12:05:14.3830496Z","ServerTimestamp":"2024-04-26T12:05:14.3830536Z"},"nsu=http://opcfoundation.org/UA/Plc/Applications;s=RandomSignedInt32":{"Value":{"Type":6,"Body":-1614987543},"SourceTimestamp":"2024-04-26T12:05:14.3830891Z","ServerTimestamp":"2024-04-26T12:05:14.3830943Z"},"nsu=http://opcfoundation.org/UA/Plc/Applications;s=RandomUnsignedInt32":{"Value":{"Type":7,"Body":1198380493},"SourceTimestamp":"2024-04-26T12:05:14.3830988Z","ServerTimestamp":"2024-04-26T12:05:14.3831025Z"},"nsu=http://opcfoundation.org/UA/Plc/Applications;s=DipData":{"Value":{"Type":11,"Body":68.454710592868878},"SourceTimestamp":"2024-04-26T12:05:14.3831076Z","ServerTimestamp":"2024-04-26T12:05:14.3831146Z"},"nsu=http://opcfoundation.org/UA/Plc/Applications;s=FastUIntScalar1":{"Value":{"Type":7,"Body":114},"SourceTimestamp":"2024-04-26T12:05:13.8813238Z","ServerTimestamp":"2024-04-26T12:05:13.8813278Z"}}}]}