{"MessageId":"f79d0db6-3bff-49b6-8a60-f4044fed9cf3","MessageType":"ua-data","PublisherId":"DESKTOP-BGFJS91","DataSetWriterGroup":"MES","Messages":[{"SequenceNumber":118,"MetaDataVersion":{"MajorVersion":1},"Timestamp":"2024-04-26T12:05:18.4502974Z","MessageType":"ua-deltaframe","DataSetWriterName":"<<UnknownDataSet>>","Payload":{"nsu=http://opcfoundation.org/UA/Plc/Applications;s=StepUp":{"Value":{"Type":7,"Body":1185},"SourceTimestamp":"2024-04-26T12:05:18.3869203Z","ServerTimestamp":"2024-04-26T12:05:18.3869235Z"},"nsu=http://opcfoundation.org/UA/Plc/Applications;s=RandomSignedInt32":{"Value":{"Type":6,"Body":-299005003},"SourceTimestamp":"2024-04-26T12:05:18.3869401Z","ServerTimestamp":"2024-04-26T12:05:18.3869409Z"},"nsu=http://opcfoundation.org/UA/Plc/Applications;s=RandomUnsignedInt32":{"Value":{"Type":7,"Body":1338506421},"SourceTimestamp":"2024-04-26T12:05:18.3869381Z","ServerTimestamp":"2024-04-26T12:05:18.3869388Z"},"nsu=http://opcfoundation.org/UA/Plc/Applications;s=DipData":{"Value":{"Type":11,"Body":90.482705246601952},"SourceTimestamp":"2024-04-26T12:05:18.3869494Z","ServerTimestamp":"2024-04-26T12:05:18.3869504Z"},"nsu=http://opcfoundation.org/UA/Plc/Applications;s=FastUIntScalar1":{"Value":{"Type":7,"Body":118},"SourceTimestamp":"2024-04-26T12:05:17.8841217Z","ServerTimestamp":"2024-04-26T12:05:17.8841241Z"}}}]}