{"MessageId":"93453ef5-07d0-4e28-8dde-549b5907826b","MessageType":"ua-data","PublisherId":"DESKTOP-BGFJS91","DataSetWriterGroup":"MES","Messages":[{"SequenceNumber":12,"MetaDataVersion":{"MajorVersion":1},"Timestamp":"2024-04-26T12:03:32.427353Z","MessageType":"ua-deltaframe","DataSetWriterName":"<<UnknownDataSet>>","Payload":{"nsu=http://opcfoundation.org/UA/Plc/Applications;s=StepUp":{"Value":{"Type":7,"Body":125},"SourceTimestamp":"2024-04-26T12:03:32.380279Z","ServerTimestamp":"2024-04-26T12:03:32.3802829Z"},"nsu=http://opcfoundation.org/UA/Plc/Applications;s=RandomSignedInt32":{"Value":{"Type":6,"Body":227013673},"SourceTimestamp":"2024-04-26T12:03:32.3803104Z","ServerTimestamp":"2024-04-26T12:03:32.3803139Z"},"nsu=http://opcfoundation.org/UA/Plc/Applications;s=RandomUnsignedInt32":{"Value":{"Type":7,"Body":751238689},"SourceTimestamp":"2024-04-26T12:03:32.3802989Z","ServerTimestamp":"2024-04-26T12:03:32.3803076Z"},"nsu=http://opcfoundation.org/UA/Plc/Applications;s=DipData":{"Value":{"Type":11,"Body":-12.533323356430429},"SourceTimestamp":"2024-04-26T12:03:32.380321Z","ServerTimestamp":"2024-04-26T12:03:32.380323Z"},"nsu=http://opcfoundation.org/UA/Plc/Applications;s=FastUIntScalar1":{"Value":{"Type":7,"Body":12},"SourceTimestamp":"2024-04-26T12:03:31.8781968Z","ServerTimestamp":"2024-04-26T12:03:31.8782048Z"}}}]}