{"MessageId":"86def9a1-9509-491d-a0f5-8d4be8ac4473","MessageType":"ua-data","PublisherId":"DESKTOP-BGFJS91","DataSetWriterGroup":"MES","Messages":[{"SequenceNumber":13,"MetaDataVersion":{"MajorVersion":1},"Timestamp":"2024-04-26T12:03:33.4332017Z","MessageType":"ua-deltaframe","DataSetWriterName":"<<UnknownDataSet>>","Payload":{"nsu=http://opcfoundation.org/UA/Plc/Applications;s=StepUp":{"Value":{"Type":7,"Body":135},"SourceTimestamp":"2024-04-26T12:03:33.3859862Z","ServerTimestamp":"2024-04-26T12:03:33.3859901Z"},"nsu=http://opcfoundation.org/UA/Plc/Applications;s=RandomSignedInt32":{"Value":{"Type":6,"Body":-981225830},"SourceTimestamp":"2024-04-26T12:03:33.3860102Z","ServerTimestamp":"2024-04-26T12:03:33.3860156Z"},"nsu=http://opcfoundation.org/UA/Plc/Applications;s=RandomUnsignedInt32":{"Value":{"Type":7,"Body":1181528588},"SourceTimestamp":"2024-04-26T12:03:33.3860102Z","ServerTimestamp":"2024-04-26T12:03:33.3860117Z"},"nsu=http://opcfoundation.org/UA/Plc/Applications;s=DipData":{"Value":{"Type":11,"Body":90.482705246601952},"SourceTimestamp":"2024-04-26T12:03:33.3860133Z","ServerTimestamp":"2024-04-26T12:03:33.38602Z"},"nsu=http://opcfoundation.org/UA/Plc/Applications;s=FastUIntScalar1":{"Value":{"Type":7,"Body":13},"SourceTimestamp":"2024-04-26T12:03:32.8828031Z","ServerTimestamp":"2024-04-26T12:03:32.8828052Z"}}}]}