{"MessageId":"ff2f90ec-4939-4505-9d39-5f8564572aa3","MessageType":"ua-data","PublisherId":"DESKTOP-BGFJS91","DataSetWriterGroup":"MES","Messages":[{"SequenceNumber":17,"MetaDataVersion":{"MajorVersion":1},"Timestamp":"2024-04-26T12:03:37.4461446Z","MessageType":"ua-deltaframe","DataSetWriterName":"<<UnknownDataSet>>","Payload":{"nsu=http://opcfoundation.org/UA/Plc/Applications;s=StepUp":{"Value":{"Type":7,"Body":175},"SourceTimestamp":"2024-04-26T12:03:37.3827561Z","ServerTimestamp":"2024-04-26T12:03:37.3827602Z"},"nsu=http://opcfoundation.org/UA/Plc/Applications;s=RandomSignedInt32":{"Value":{"Type":6,"Body":393541687},"SourceTimestamp":"2024-04-26T12:03:37.382776Z","ServerTimestamp":"2024-04-26T12:03:37.3827768Z"},"nsu=http://opcfoundation.org/UA/Plc/Applications;s=RandomUnsignedInt32":{"Value":{"Type":7,"Body":1923039943},"SourceTimestamp":"2024-04-26T12:03:37.3827764Z","ServerTimestamp":"2024-04-26T12:03:37.3827789Z"},"nsu=http://opcfoundation.org/UA/Plc/Applications;s=DipData":{"Value":{"Type":11,"Body":-12.533323356430429},"SourceTimestamp":"2024-04-26T12:03:37.3827872Z","ServerTimestamp":"2024-04-26T12:03:37.3827876Z"},"nsu=http://opcfoundation.org/UA/Plc/Applications;s=FastUIntScalar1":{"Value":{"Type":7,"Body":17},"SourceTimestamp":"2024-04-26T12:03:36.8801523Z","ServerTimestamp":"2024-04-26T12:03:36.880154Z"}}}]}