{"MessageId":"79844182-3ad3-414d-9d95-53b47d1d816f","MessageType":"ua-data","PublisherId":"DESKTOP-BGFJS91","DataSetWriterGroup":"MES","Messages":[{"SequenceNumber":23,"MetaDataVersion":{"MajorVersion":1},"Timestamp":"2024-04-26T12:03:43.4095003Z","MessageType":"ua-deltaframe","DataSetWriterName":"<<UnknownDataSet>>","Payload":{"nsu=http://opcfoundation.org/UA/Plc/Applications;s=StepUp":{"Value":{"Type":7,"Body":235},"SourceTimestamp":"2024-04-26T12:03:43.3779456Z","ServerTimestamp":"2024-04-26T12:03:43.3779488Z"},"nsu=http://opcfoundation.org/UA/Plc/Applications;s=RandomSignedInt32":{"Value":{"Type":6,"Body":1292077147},"SourceTimestamp":"2024-04-26T12:03:43.3779576Z","ServerTimestamp":"2024-04-26T12:03:43.3779642Z"},"nsu=http://opcfoundation.org/UA/Plc/Applications;s=RandomUnsignedInt32":{"Value":{"Type":7,"Body":329970667},"SourceTimestamp":"2024-04-26T12:03:43.3779634Z","ServerTimestamp":"2024-04-26T12:03:43.3779688Z"},"nsu=http://opcfoundation.org/UA/Plc/Applications;s=DipData":{"Value":{"Type":11,"Body":90.482705246601952},"SourceTimestamp":"2024-04-26T12:03:43.3779769Z","ServerTimestamp":"2024-04-26T12:03:43.3779788Z"},"nsu=http://opcfoundation.org/UA/Plc/Applications;s=FastUIntScalar1":{"Value":{"Type":7,"Body":23},"SourceTimestamp":"2024-04-26T12:03:42.8911791Z","ServerTimestamp":"2024-04-26T12:03:42.8911798Z"}}}]}