{"MessageId":"740b8327-dfcc-4716-8bbf-ce139cf035ce","MessageType":"ua-data","PublisherId":"DESKTOP-BGFJS91","DataSetWriterGroup":"MES","Messages":[{"SequenceNumber":26,"MetaDataVersion":{"MajorVersion":1},"Timestamp":"2024-04-26T12:03:46.4245187Z","MessageType":"ua-deltaframe","DataSetWriterName":"<<UnknownDataSet>>","Payload":{"nsu=http://opcfoundation.org/UA/Plc/Applications;s=StepUp":{"Value":{"Type":7,"Body":265},"SourceTimestamp":"2024-04-26T12:03:46.3768721Z","ServerTimestamp":"2024-04-26T12:03:46.3768766Z"},"nsu=http://opcfoundation.org/UA/Plc/Applications;s=RandomSignedInt32":{"Value":{"Type":6,"Body":1901868972},"SourceTimestamp":"2024-04-26T12:03:46.3768788Z","ServerTimestamp":"2024-04-26T12:03:46.3768861Z"},"nsu=http://opcfoundation.org/UA/Plc/Applications;s=RandomUnsignedInt32":{"Value":{"Type":7,"Body":195269270},"SourceTimestamp":"2024-04-26T12:03:46.3768972Z","ServerTimestamp":"2024-04-26T12:03:46.3769Z"},"nsu=http://opcfoundation.org/UA/Plc/Applications;s=DipData":{"Value":{"Type":11,"Body":-98.228725072868869},"SourceTimestamp":"2024-04-26T12:03:46.3768995Z","ServerTimestamp":"2024-04-26T12:03:46.3769044Z"},"nsu=http://opcfoundation.org/UA/Plc/Applications;s=FastUIntScalar1":{"Value":{"Type":7,"Body":26},"SourceTimestamp":"2024-04-26T12:03:45.8904153Z","ServerTimestamp":"2024-04-26T12:03:45.8904196Z"}}}]}