{"MessageId":"f008eab8-ff66-42a4-9691-910e4b189a6d","MessageType":"ua-data","PublisherId":"DESKTOP-BGFJS91","DataSetWriterGroup":"MES","Messages":[{"SequenceNumber":29,"MetaDataVersion":{"MajorVersion":1},"Timestamp":"2024-04-26T12:03:49.4316294Z","MessageType":"ua-deltaframe","DataSetWriterName":"<<UnknownDataSet>>","Payload":{"nsu=http://opcfoundation.org/UA/Plc/Applications;s=StepUp":{"Value":{"Type":7,"Body":295},"SourceTimestamp":"2024-04-26T12:03:49.3836163Z","ServerTimestamp":"2024-04-26T12:03:49.3836201Z"},"nsu=http://opcfoundation.org/UA/Plc/Applications;s=RandomSignedInt32":{"Value":{"Type":6,"Body":1160324681},"SourceTimestamp":"2024-04-26T12:03:49.3836297Z","ServerTimestamp":"2024-04-26T12:03:49.3836361Z"},"nsu=http://opcfoundation.org/UA/Plc/Applications;s=RandomUnsignedInt32":{"Value":{"Type":7,"Body":2117018796},"SourceTimestamp":"2024-04-26T12:03:49.3836361Z","ServerTimestamp":"2024-04-26T12:03:49.3836397Z"},"nsu=http://opcfoundation.org/UA/Plc/Applications;s=DipData":{"Value":{"Type":11,"Body":68.454710592868878},"SourceTimestamp":"2024-04-26T12:03:49.3836491Z","ServerTimestamp":"2024-04-26T12:03:49.3836503Z"},"nsu=http://opcfoundation.org/UA/Plc/Applications;s=FastUIntScalar1":{"Value":{"Type":7,"Body":29},"SourceTimestamp":"2024-04-26T12:03:48.8819723Z","ServerTimestamp":"2024-04-26T12:03:48.8819755Z"}}}]}