{"MessageId":"ab5c4061-2b9b-4eca-b5d9-f907f88bb6f5","MessageType":"ua-data","PublisherId":"DESKTOP-BGFJS91","DataSetWriterGroup":"MES","Messages":[{"SequenceNumber":37,"MetaDataVersion":{"MajorVersion":1},"Timestamp":"2024-04-26T12:03:57.4007394Z","MessageType":"ua-deltaframe","DataSetWriterName":"<<UnknownDataSet>>","Payload":{"nsu=http://opcfoundation.org/UA/Plc/Applications;s=StepUp":{"Value":{"Type":7,"Body":375},"SourceTimestamp":"2024-04-26T12:03:57.3841889Z","ServerTimestamp":"2024-04-26T12:03:57.3841922Z"},"nsu=http://opcfoundation.org/UA/Plc/Applications;s=RandomSignedInt32":{"Value":{"Type":6,"Body":-2080104757},"SourceTimestamp":"2024-04-26T12:03:57.384211Z","ServerTimestamp":"2024-04-26T12:03:57.3842146Z"},"nsu=http://opcfoundation.org/UA/Plc/Applications;s=RandomUnsignedInt32":{"Value":{"Type":7,"Body":513655318},"SourceTimestamp":"2024-04-26T12:03:57.3842078Z","ServerTimestamp":"2024-04-26T12:03:57.3842205Z"},"nsu=http://opcfoundation.org/UA/Plc/Applications;s=DipData":{"Value":{"Type":11,"Body":-12.533323356430429},"SourceTimestamp":"2024-04-26T12:03:57.384227Z","ServerTimestamp":"2024-04-26T12:03:57.3842342Z"},"nsu=http://opcfoundation.org/UA/Plc/Applications;s=FastUIntScalar1":{"Value":{"Type":7,"Body":37},"SourceTimestamp":"2024-04-26T12:03:56.8816628Z","ServerTimestamp":"2024-04-26T12:03:56.8817008Z"}}}]}