{"MessageId":"edd99cf0-2a6f-4e32-8fc5-1c8076f77b68","MessageType":"ua-data","PublisherId":"DESKTOP-BGFJS91","DataSetWriterGroup":"MES","Messages":[{"SequenceNumber":4,"MetaDataVersion":{"MajorVersion":1},"Timestamp":"2024-04-26T12:03:24.4013255Z","MessageType":"ua-deltaframe","DataSetWriterName":"<<UnknownDataSet>>","Payload":{"nsu=http://opcfoundation.org/UA/Plc/Applications;s=StepUp":{"Value":{"Type":7,"Body":45},"SourceTimestamp":"2024-04-26T12:03:24.3853688Z","ServerTimestamp":"2024-04-26T12:03:24.3853721Z"},"nsu=http://opcfoundation.org/UA/Plc/Applications;s=RandomSignedInt32":{"Value":{"Type":6,"Body":-219640949},"SourceTimestamp":"2024-04-26T12:03:24.3853832Z","ServerTimestamp":"2024-04-26T12:03:24.385389Z"},"nsu=http://opcfoundation.org/UA/Plc/Applications;s=RandomUnsignedInt32":{"Value":{"Type":7,"Body":1590281494},"SourceTimestamp":"2024-04-26T12:03:24.3853889Z","ServerTimestamp":"2024-04-26T12:03:24.3853995Z"},"nsu=http://opcfoundation.org/UA/Plc/Applications;s=DipData":{"Value":{"Type":11,"Body":68.454710592868878},"SourceTimestamp":"2024-04-26T12:03:24.3853972Z","ServerTimestamp":"2024-04-26T12:03:24.3853978Z"},"nsu=http://opcfoundation.org/UA/Plc/Applications;s=FastUIntScalar1":{"Value":{"Type":7,"Body":4},"SourceTimestamp":"2024-04-26T12:03:23.8829973Z","ServerTimestamp":"2024-04-26T12:03:23.8830024Z"}}}]}