{"MessageId":"942eabe0-84f8-4d4a-a45a-d4bb8fdf488a","MessageType":"ua-data","PublisherId":"DESKTOP-BGFJS91","DataSetWriterGroup":"MES","Messages":[{"SequenceNumber":40,"MetaDataVersion":{"MajorVersion":1},"Timestamp":"2024-04-26T12:04:00.4148821Z","MessageType":"ua-deltaframe","DataSetWriterName":"<<UnknownDataSet>>","Payload":{"nsu=http://opcfoundation.org/UA/Plc/Applications;s=StepUp":{"Value":{"Type":7,"Body":405},"SourceTimestamp":"2024-04-26T12:04:00.3829079Z","ServerTimestamp":"2024-04-26T12:04:00.382911Z"},"nsu=http://opcfoundation.org/UA/Plc/Applications;s=AlternatingBoolean":{"Value":{"Type":1,"Body":true},"SourceTimestamp":"2024-04-26T12:03:59.9908188Z","ServerTimestamp":"2024-04-26T12:03:59.9908337Z"},"nsu=http://opcfoundation.org/UA/Plc/Applications;s=RandomSignedInt32":{"Value":{"Type":6,"Body":40904616},"SourceTimestamp":"2024-04-26T12:04:00.3829258Z","ServerTimestamp":"2024-04-26T12:04:00.3829287Z"},"nsu=http://opcfoundation.org/UA/Plc/Applications;s=RandomUnsignedInt32":{"Value":{"Type":7,"Body":1126074408},"SourceTimestamp":"2024-04-26T12:04:00.3829261Z","ServerTimestamp":"2024-04-26T12:04:00.3829269Z"},"nsu=http://opcfoundation.org/UA/Plc/Applications;s=DipData":{"Value":{"Type":11,"Body":-48.175367410171532},"SourceTimestamp":"2024-04-26T12:04:00.3829363Z","ServerTimestamp":"2024-04-26T12:04:00.382938Z"},"nsu=http://opcfoundation.org/UA/Plc/Applications;s=FastUIntScalar1":{"Value":{"Type":7,"Body":40},"SourceTimestamp":"2024-04-26T12:03:59.8808108Z","ServerTimestamp":"2024-04-26T12:03:59.8808113Z"}}}]}