{"MessageId":"36151645-4dc4-457f-85c3-f82691ca8891","MessageType":"ua-data","PublisherId":"DESKTOP-BGFJS91","DataSetWriterGroup":"MES","Messages":[{"SequenceNumber":42,"MetaDataVersion":{"MajorVersion":1},"Timestamp":"2024-04-26T12:04:02.4195752Z","MessageType":"ua-deltaframe","DataSetWriterName":"<<UnknownDataSet>>","Payload":{"nsu=http://opcfoundation.org/UA/Plc/Applications;s=StepUp":{"Value":{"Type":7,"Body":425},"SourceTimestamp":"2024-04-26T12:04:02.387338Z","ServerTimestamp":"2024-04-26T12:04:02.3873421Z"},"nsu=http://opcfoundation.org/UA/Plc/Applications;s=RandomSignedInt32":{"Value":{"Type":6,"Body":-879438003},"SourceTimestamp":"2024-04-26T12:04:02.387373Z","ServerTimestamp":"2024-04-26T12:04:02.3873991Z"},"nsu=http://opcfoundation.org/UA/Plc/Applications;s=RandomUnsignedInt32":{"Value":{"Type":7,"Body":591045912},"SourceTimestamp":"2024-04-26T12:04:02.3873829Z","ServerTimestamp":"2024-04-26T12:04:02.3873851Z"},"nsu=http://opcfoundation.org/UA/Plc/Applications;s=DipData":{"Value":{"Type":11,"Body":-12.533323356430429},"SourceTimestamp":"2024-04-26T12:04:02.3873694Z","ServerTimestamp":"2024-04-26T12:04:02.3873711Z"},"nsu=http://opcfoundation.org/UA/Plc/Applications;s=FastUIntScalar1":{"Value":{"Type":7,"Body":42},"SourceTimestamp":"2024-04-26T12:04:01.8850183Z","ServerTimestamp":"2024-04-26T12:04:01.8850212Z"}}}]}