{"MessageId":"53b18d6f-7860-4169-a05a-b408a6c7c010","MessageType":"ua-data","PublisherId":"DESKTOP-BGFJS91","DataSetWriterGroup":"MES","Messages":[{"SequenceNumber":44,"MetaDataVersion":{"MajorVersion":1},"Timestamp":"2024-04-26T12:04:04.45213Z","MessageType":"ua-deltaframe","DataSetWriterName":"<<UnknownDataSet>>","Payload":{"nsu=http://opcfoundation.org/UA/Plc/Applications;s=StepUp":{"Value":{"Type":7,"Body":445},"SourceTimestamp":"2024-04-26T12:04:04.3882142Z","ServerTimestamp":"2024-04-26T12:04:04.3882171Z"},"nsu=http://opcfoundation.org/UA/Plc/Applications;s=RandomSignedInt32":{"Value":{"Type":6,"Body":1464638940},"SourceTimestamp":"2024-04-26T12:04:04.3882394Z","ServerTimestamp":"2024-04-26T12:04:04.388241Z"},"nsu=http://opcfoundation.org/UA/Plc/Applications;s=RandomUnsignedInt32":{"Value":{"Type":7,"Body":526408200},"SourceTimestamp":"2024-04-26T12:04:04.3882377Z","ServerTimestamp":"2024-04-26T12:04:04.3882384Z"},"nsu=http://opcfoundation.org/UA/Plc/Applications;s=DipData":{"Value":{"Type":11,"Body":68.454710592868878},"SourceTimestamp":"2024-04-26T12:04:04.3882472Z","ServerTimestamp":"2024-04-26T12:04:04.3882478Z"},"nsu=http://opcfoundation.org/UA/Plc/Applications;s=FastUIntScalar1":{"Value":{"Type":7,"Body":44},"SourceTimestamp":"2024-04-26T12:04:03.8783978Z","ServerTimestamp":"2024-04-26T12:04:03.8783994Z"}}}]}