{"MessageId":"b90ab080-4a22-49dc-8269-a55bd9f7177d","MessageType":"ua-data","PublisherId":"DESKTOP-BGFJS91","DataSetWriterGroup":"MES","Messages":[{"SequenceNumber":47,"MetaDataVersion":{"MajorVersion":1},"Timestamp":"2024-04-26T12:04:07.4174549Z","MessageType":"ua-deltaframe","DataSetWriterName":"<<UnknownDataSet>>","Payload":{"nsu=http://opcfoundation.org/UA/Plc/Applications;s=StepUp":{"Value":{"Type":7,"Body":475},"SourceTimestamp":"2024-04-26T12:04:07.3790669Z","ServerTimestamp":"2024-04-26T12:04:07.3790723Z"},"nsu=http://opcfoundation.org/UA/Plc/Applications;s=RandomSignedInt32":{"Value":{"Type":6,"Body":-1817248174},"SourceTimestamp":"2024-04-26T12:04:07.3790928Z","ServerTimestamp":"2024-04-26T12:04:07.3791015Z"},"nsu=http://opcfoundation.org/UA/Plc/Applications;s=RandomUnsignedInt32":{"Value":{"Type":7,"Body":1317404218},"SourceTimestamp":"2024-04-26T12:04:07.3790955Z","ServerTimestamp":"2024-04-26T12:04:07.3790981Z"},"nsu=http://opcfoundation.org/UA/Plc/Applications;s=DipData":{"Value":{"Type":11,"Body":-12.533323356430429},"SourceTimestamp":"2024-04-26T12:04:07.3791138Z","ServerTimestamp":"2024-04-26T12:04:07.3791197Z"},"nsu=http://opcfoundation.org/UA/Plc/Applications;s=FastUIntScalar1":{"Value":{"Type":7,"Body":47},"SourceTimestamp":"2024-04-26T12:04:06.8917515Z","ServerTimestamp":"2024-04-26T12:04:06.8917563Z"}}}]}