{"MessageId":"76eb04c5-d56c-4fef-b848-dcb3c52d44c5","MessageType":"ua-data","PublisherId":"DESKTOP-BGFJS91","DataSetWriterGroup":"MES","Messages":[{"SequenceNumber":52,"MetaDataVersion":{"MajorVersion":1},"Timestamp":"2024-04-26T12:04:12.43868Z","MessageType":"ua-deltaframe","DataSetWriterName":"<<UnknownDataSet>>","Payload":{"nsu=http://opcfoundation.org/UA/Plc/Applications;s=StepUp":{"Value":{"Type":7,"Body":525},"SourceTimestamp":"2024-04-26T12:04:12.3915805Z","ServerTimestamp":"2024-04-26T12:04:12.391596Z"},"nsu=http://opcfoundation.org/UA/Plc/Applications;s=RandomSignedInt32":{"Value":{"Type":6,"Body":-1788439184},"SourceTimestamp":"2024-04-26T12:04:12.391587Z","ServerTimestamp":"2024-04-26T12:04:12.3915888Z"},"nsu=http://opcfoundation.org/UA/Plc/Applications;s=RandomUnsignedInt32":{"Value":{"Type":7,"Body":515055078},"SourceTimestamp":"2024-04-26T12:04:12.3915976Z","ServerTimestamp":"2024-04-26T12:04:12.3916014Z"},"nsu=http://opcfoundation.org/UA/Plc/Applications;s=DipData":{"Value":{"Type":11,"Body":-12.533323356430429},"SourceTimestamp":"2024-04-26T12:04:12.3916027Z","ServerTimestamp":"2024-04-26T12:04:12.3916042Z"},"nsu=http://opcfoundation.org/UA/Plc/Applications;s=FastUIntScalar1":{"Value":{"Type":7,"Body":52},"SourceTimestamp":"2024-04-26T12:04:11.8896248Z","ServerTimestamp":"2024-04-26T12:04:11.8896286Z"}}}]}