{"MessageId":"49053b45-469b-4aa2-b5b3-7060c1c6f17d","MessageType":"ua-data","PublisherId":"DESKTOP-BGFJS91","DataSetWriterGroup":"MES","Messages":[{"SequenceNumber":54,"MetaDataVersion":{"MajorVersion":1},"Timestamp":"2024-04-26T12:04:14.4495333Z","MessageType":"ua-deltaframe","DataSetWriterName":"<<UnknownDataSet>>","Payload":{"nsu=http://opcfoundation.org/UA/Plc/Applications;s=StepUp":{"Value":{"Type":7,"Body":545},"SourceTimestamp":"2024-04-26T12:04:14.3860226Z","ServerTimestamp":"2024-04-26T12:04:14.3860257Z"},"nsu=http://opcfoundation.org/UA/Plc/Applications;s=RandomSignedInt32":{"Value":{"Type":6,"Body":780961589},"SourceTimestamp":"2024-04-26T12:04:14.3860426Z","ServerTimestamp":"2024-04-26T12:04:14.3860444Z"},"nsu=http://opcfoundation.org/UA/Plc/Applications;s=RandomUnsignedInt32":{"Value":{"Type":7,"Body":1634369077},"SourceTimestamp":"2024-04-26T12:04:14.3860525Z","ServerTimestamp":"2024-04-26T12:04:14.3860566Z"},"nsu=http://opcfoundation.org/UA/Plc/Applications;s=DipData":{"Value":{"Type":11,"Body":68.454710592868878},"SourceTimestamp":"2024-04-26T12:04:14.386059Z","ServerTimestamp":"2024-04-26T12:04:14.3860596Z"},"nsu=http://opcfoundation.org/UA/Plc/Applications;s=FastUIntScalar1":{"Value":{"Type":7,"Body":54},"SourceTimestamp":"2024-04-26T12:04:13.8831143Z","ServerTimestamp":"2024-04-26T12:04:13.8831464Z"}}}]}