{"MessageId":"6c6b0a30-21c1-4b0e-a756-d59d27bf2427","MessageType":"ua-data","PublisherId":"DESKTOP-BGFJS91","DataSetWriterGroup":"MES","Messages":[{"SequenceNumber":57,"MetaDataVersion":{"MajorVersion":1},"Timestamp":"2024-04-26T12:04:17.3972758Z","MessageType":"ua-deltaframe","DataSetWriterName":"<<UnknownDataSet>>","Payload":{"nsu=http://opcfoundation.org/UA/Plc/Applications;s=StepUp":{"Value":{"Type":7,"Body":575},"SourceTimestamp":"2024-04-26T12:04:17.3812725Z","ServerTimestamp":"2024-04-26T12:04:17.3813043Z"},"nsu=http://opcfoundation.org/UA/Plc/Applications;s=RandomSignedInt32":{"Value":{"Type":6,"Body":644958843},"SourceTimestamp":"2024-04-26T12:04:17.381285Z","ServerTimestamp":"2024-04-26T12:04:17.3812904Z"},"nsu=http://opcfoundation.org/UA/Plc/Applications;s=RandomUnsignedInt32":{"Value":{"Type":7,"Body":850995980},"SourceTimestamp":"2024-04-26T12:04:17.381303Z","ServerTimestamp":"2024-04-26T12:04:17.3813112Z"},"nsu=http://opcfoundation.org/UA/Plc/Applications;s=DipData":{"Value":{"Type":11,"Body":-12.533323356430429},"SourceTimestamp":"2024-04-26T12:04:17.3813044Z","ServerTimestamp":"2024-04-26T12:04:17.3813234Z"},"nsu=http://opcfoundation.org/UA/Plc/Applications;s=FastUIntScalar1":{"Value":{"Type":7,"Body":57},"SourceTimestamp":"2024-04-26T12:04:16.8790245Z","ServerTimestamp":"2024-04-26T12:04:16.8790318Z"}}}]}