{"MessageId":"9aaa0912-43ff-4d9e-99de-e2fc3078fa50","MessageType":"ua-data","PublisherId":"DESKTOP-BGFJS91","DataSetWriterGroup":"MES","Messages":[{"SequenceNumber":59,"MetaDataVersion":{"MajorVersion":1},"Timestamp":"2024-04-26T12:04:19.4090549Z","MessageType":"ua-deltaframe","DataSetWriterName":"<<UnknownDataSet>>","Payload":{"nsu=http://opcfoundation.org/UA/Plc/Applications;s=StepUp":{"Value":{"Type":7,"Body":595},"SourceTimestamp":"2024-04-26T12:04:19.3930847Z","ServerTimestamp":"2024-04-26T12:04:19.3930904Z"},"nsu=http://opcfoundation.org/UA/Plc/Applications;s=RandomSignedInt32":{"Value":{"Type":6,"Body":-1192707608},"SourceTimestamp":"2024-04-26T12:04:19.393126Z","ServerTimestamp":"2024-04-26T12:04:19.3931307Z"},"nsu=http://opcfoundation.org/UA/Plc/Applications;s=RandomUnsignedInt32":{"Value":{"Type":7,"Body":477388020},"SourceTimestamp":"2024-04-26T12:04:19.3931259Z","ServerTimestamp":"2024-04-26T12:04:19.3931272Z"},"nsu=http://opcfoundation.org/UA/Plc/Applications;s=DipData":{"Value":{"Type":11,"Body":68.454710592868878},"SourceTimestamp":"2024-04-26T12:04:19.393144Z","ServerTimestamp":"2024-04-26T12:04:19.3931452Z"},"nsu=http://opcfoundation.org/UA/Plc/Applications;s=FastUIntScalar1":{"Value":{"Type":7,"Body":59},"SourceTimestamp":"2024-04-26T12:04:18.8890044Z","ServerTimestamp":"2024-04-26T12:04:18.8890426Z"}}}]}