{"MessageId":"cd22b39d-d341-4f2a-9b56-eda2cf6b926e","MessageType":"ua-data","PublisherId":"DESKTOP-BGFJS91","DataSetWriterGroup":"MES","Messages":[{"SequenceNumber":61,"MetaDataVersion":{"MajorVersion":1},"Timestamp":"2024-04-26T12:04:21.4190452Z","MessageType":"ua-deltaframe","DataSetWriterName":"<<UnknownDataSet>>","Payload":{"nsu=http://opcfoundation.org/UA/Plc/Applications;s=StepUp":{"Value":{"Type":7,"Body":615},"SourceTimestamp":"2024-04-26T12:04:21.3876472Z","ServerTimestamp":"2024-04-26T12:04:21.3876551Z"},"nsu=http://opcfoundation.org/UA/Plc/Applications;s=RandomSignedInt32":{"Value":{"Type":6,"Body":929558598},"SourceTimestamp":"2024-04-26T12:04:21.3876256Z","ServerTimestamp":"2024-04-26T12:04:21.387627Z"},"nsu=http://opcfoundation.org/UA/Plc/Applications;s=RandomUnsignedInt32":{"Value":{"Type":7,"Body":627633157},"SourceTimestamp":"2024-04-26T12:04:21.387633Z","ServerTimestamp":"2024-04-26T12:04:21.387634Z"},"nsu=http://opcfoundation.org/UA/Plc/Applications;s=DipData":{"Value":{"Type":11,"Body":-98.228725072868869},"SourceTimestamp":"2024-04-26T12:04:21.3876495Z","ServerTimestamp":"2024-04-26T12:04:21.3876502Z"},"nsu=http://opcfoundation.org/UA/Plc/Applications;s=FastUIntScalar1":{"Value":{"Type":7,"Body":61},"SourceTimestamp":"2024-04-26T12:04:20.8849727Z","ServerTimestamp":"2024-04-26T12:04:20.8849748Z"}}}]}