{"MessageId":"1ee14b26-2ef8-4084-9a1b-0381a1bab4ac","MessageType":"ua-data","PublisherId":"DESKTOP-BGFJS91","DataSetWriterGroup":"MES","Messages":[{"SequenceNumber":62,"MetaDataVersion":{"MajorVersion":1},"Timestamp":"2024-04-26T12:04:22.4189254Z","MessageType":"ua-deltaframe","DataSetWriterName":"<<UnknownDataSet>>","Payload":{"nsu=http://opcfoundation.org/UA/Plc/Applications;s=StepUp":{"Value":{"Type":7,"Body":625},"SourceTimestamp":"2024-04-26T12:04:22.3869903Z","ServerTimestamp":"2024-04-26T12:04:22.3869929Z"},"nsu=http://opcfoundation.org/UA/Plc/Applications;s=RandomSignedInt32":{"Value":{"Type":6,"Body":-1801100659},"SourceTimestamp":"2024-04-26T12:04:22.3869973Z","ServerTimestamp":"2024-04-26T12:04:22.3870004Z"},"nsu=http://opcfoundation.org/UA/Plc/Applications;s=RandomUnsignedInt32":{"Value":{"Type":7,"Body":1850173700},"SourceTimestamp":"2024-04-26T12:04:22.3870057Z","ServerTimestamp":"2024-04-26T12:04:22.3870092Z"},"nsu=http://opcfoundation.org/UA/Plc/Applications;s=DipData":{"Value":{"Type":11,"Body":-12.533323356430429},"SourceTimestamp":"2024-04-26T12:04:22.3870041Z","ServerTimestamp":"2024-04-26T12:04:22.3870054Z"},"nsu=http://opcfoundation.org/UA/Plc/Applications;s=FastUIntScalar1":{"Value":{"Type":7,"Body":62},"SourceTimestamp":"2024-04-26T12:04:21.8852236Z","ServerTimestamp":"2024-04-26T12:04:21.8852286Z"}}}]}