{"MessageId":"722c7702-c0e6-4e70-8dd9-f496b82e211a","MessageType":"ua-data","PublisherId":"DESKTOP-BGFJS91","DataSetWriterGroup":"MES","Messages":[{"SequenceNumber":63,"MetaDataVersion":{"MajorVersion":1},"Timestamp":"2024-04-26T12:04:23.4247635Z","MessageType":"ua-deltaframe","DataSetWriterName":"<<UnknownDataSet>>","Payload":{"nsu=http://opcfoundation.org/UA/Plc/Applications;s=StepUp":{"Value":{"Type":7,"Body":635},"SourceTimestamp":"2024-04-26T12:04:23.3767361Z","ServerTimestamp":"2024-04-26T12:04:23.3767395Z"},"nsu=http://opcfoundation.org/UA/Plc/Applications;s=RandomSignedInt32":{"Value":{"Type":6,"Body":-1026522198},"SourceTimestamp":"2024-04-26T12:04:23.376778Z","ServerTimestamp":"2024-04-26T12:04:23.3767881Z"},"nsu=http://opcfoundation.org/UA/Plc/Applications;s=RandomUnsignedInt32":{"Value":{"Type":7,"Body":1059790571},"SourceTimestamp":"2024-04-26T12:04:23.3767583Z","ServerTimestamp":"2024-04-26T12:04:23.376759Z"},"nsu=http://opcfoundation.org/UA/Plc/Applications;s=DipData":{"Value":{"Type":11,"Body":90.482705246601952},"SourceTimestamp":"2024-04-26T12:04:23.3767688Z","ServerTimestamp":"2024-04-26T12:04:23.3768217Z"},"nsu=http://opcfoundation.org/UA/Plc/Applications;s=FastUIntScalar1":{"Value":{"Type":7,"Body":63},"SourceTimestamp":"2024-04-26T12:04:22.8894523Z","ServerTimestamp":"2024-04-26T12:04:22.8894538Z"}}}]}