{"MessageId":"35a4cb10-78e2-4002-b96f-705852fee650","MessageType":"ua-data","PublisherId":"DESKTOP-BGFJS91","DataSetWriterGroup":"MES","Messages":[{"SequenceNumber":66,"MetaDataVersion":{"MajorVersion":1},"Timestamp":"2024-04-26T12:04:26.4368914Z","MessageType":"ua-deltaframe","DataSetWriterName":"<<UnknownDataSet>>","Payload":{"nsu=http://opcfoundation.org/UA/Plc/Applications;s=StepUp":{"Value":{"Type":7,"Body":665},"SourceTimestamp":"2024-04-26T12:04:26.3896999Z","ServerTimestamp":"2024-04-26T12:04:26.3897041Z"},"nsu=http://opcfoundation.org/UA/Plc/Applications;s=RandomSignedInt32":{"Value":{"Type":6,"Body":-1756394158},"SourceTimestamp":"2024-04-26T12:04:26.3897264Z","ServerTimestamp":"2024-04-26T12:04:26.3897282Z"},"nsu=http://opcfoundation.org/UA/Plc/Applications;s=RandomUnsignedInt32":{"Value":{"Type":7,"Body":1687334948},"SourceTimestamp":"2024-04-26T12:04:26.3897208Z","ServerTimestamp":"2024-04-26T12:04:26.3897214Z"},"nsu=http://opcfoundation.org/UA/Plc/Applications;s=DipData":{"Value":{"Type":11,"Body":-98.228725072868869},"SourceTimestamp":"2024-04-26T12:04:26.3897296Z","ServerTimestamp":"2024-04-26T12:04:26.3897324Z"},"nsu=http://opcfoundation.org/UA/Plc/Applications;s=FastUIntScalar1":{"Value":{"Type":7,"Body":66},"SourceTimestamp":"2024-04-26T12:04:25.8872389Z","ServerTimestamp":"2024-04-26T12:04:25.8872414Z"}}}]}