{"MessageId":"a219e55f-d902-49e5-97e9-af6d6a7e4004","MessageType":"ua-data","PublisherId":"DESKTOP-BGFJS91","DataSetWriterGroup":"MES","Messages":[{"SequenceNumber":70,"MetaDataVersion":{"MajorVersion":1},"Timestamp":"2024-04-26T12:04:30.442494Z","MessageType":"ua-deltaframe","DataSetWriterName":"<<UnknownDataSet>>","Payload":{"nsu=http://opcfoundation.org/UA/Plc/Applications;s=StepUp":{"Value":{"Type":7,"Body":705},"SourceTimestamp":"2024-04-26T12:04:30.3799955Z","ServerTimestamp":"2024-04-26T12:04:30.3800057Z"},"nsu=http://opcfoundation.org/UA/Plc/Applications;s=AlternatingBoolean":{"Value":{"Type":1,"Body":true},"SourceTimestamp":"2024-04-26T12:04:29.9874864Z","ServerTimestamp":"2024-04-26T12:04:29.9874894Z"},"nsu=http://opcfoundation.org/UA/Plc/Applications;s=RandomSignedInt32":{"Value":{"Type":6,"Body":1615105342},"SourceTimestamp":"2024-04-26T12:04:30.3800033Z","ServerTimestamp":"2024-04-26T12:04:30.3800275Z"},"nsu=http://opcfoundation.org/UA/Plc/Applications;s=RandomUnsignedInt32":{"Value":{"Type":7,"Body":1904593312},"SourceTimestamp":"2024-04-26T12:04:30.3800125Z","ServerTimestamp":"2024-04-26T12:04:30.380016Z"},"nsu=http://opcfoundation.org/UA/Plc/Applications;s=DipData":{"Value":{"Type":11,"Body":-48.175367410171532},"SourceTimestamp":"2024-04-26T12:04:30.3800285Z","ServerTimestamp":"2024-04-26T12:04:30.3800319Z"},"nsu=http://opcfoundation.org/UA/Plc/Applications;s=FastUIntScalar1":{"Value":{"Type":7,"Body":70},"SourceTimestamp":"2024-04-26T12:04:29.8776467Z","ServerTimestamp":"2024-04-26T12:04:29.8776487Z"}}}]}