{"MessageId":"5b5a0aeb-ff5a-4982-8ee3-7bb556660a2c","MessageType":"ua-data","PublisherId":"DESKTOP-BGFJS91","DataSetWriterGroup":"MES","Messages":[{"SequenceNumber":76,"MetaDataVersion":{"MajorVersion":1},"Timestamp":"2024-04-26T12:04:36.4038953Z","MessageType":"ua-deltaframe","DataSetWriterName":"<<UnknownDataSet>>","Payload":{"nsu=http://opcfoundation.org/UA/Plc/Applications;s=StepUp":{"Value":{"Type":7,"Body":765},"SourceTimestamp":"2024-04-26T12:04:36.3874627Z","ServerTimestamp":"2024-04-26T12:04:36.3874655Z"},"nsu=http://opcfoundation.org/UA/Plc/Applications;s=RandomSignedInt32":{"Value":{"Type":6,"Body":-999861372},"SourceTimestamp":"2024-04-26T12:04:36.3874768Z","ServerTimestamp":"2024-04-26T12:04:36.3874801Z"},"nsu=http://opcfoundation.org/UA/Plc/Applications;s=RandomUnsignedInt32":{"Value":{"Type":7,"Body":1692099525},"SourceTimestamp":"2024-04-26T12:04:36.387481Z","ServerTimestamp":"2024-04-26T12:04:36.3874838Z"},"nsu=http://opcfoundation.org/UA/Plc/Applications;s=DipData":{"Value":{"Type":11,"Body":-98.228725072868869},"SourceTimestamp":"2024-04-26T12:04:36.3874899Z","ServerTimestamp":"2024-04-26T12:04:36.3874905Z"},"nsu=http://opcfoundation.org/UA/Plc/Applications;s=FastUIntScalar1":{"Value":{"Type":7,"Body":76},"SourceTimestamp":"2024-04-26T12:04:35.8849471Z","ServerTimestamp":"2024-04-26T12:04:35.8849496Z"}}}]}