{"MessageId":"87892bfc-b4f6-44cb-902a-1551359db766","MessageType":"ua-data","PublisherId":"DESKTOP-BGFJS91","DataSetWriterGroup":"MES","Messages":[{"SequenceNumber":80,"MetaDataVersion":{"MajorVersion":1},"Timestamp":"2024-04-26T12:04:40.4251215Z","MessageType":"ua-deltaframe","DataSetWriterName":"<<UnknownDataSet>>","Payload":{"nsu=http://opcfoundation.org/UA/Plc/Applications;s=StepUp":{"Value":{"Type":7,"Body":805},"SourceTimestamp":"2024-04-26T12:04:40.3778999Z","ServerTimestamp":"2024-04-26T12:04:40.377937Z"},"nsu=http://opcfoundation.org/UA/Plc/Applications;s=AlternatingBoolean":{"Value":{"Type":1,"Body":true},"SourceTimestamp":"2024-04-26T12:04:39.9857142Z","ServerTimestamp":"2024-04-26T12:04:39.9857149Z"},"nsu=http://opcfoundation.org/UA/Plc/Applications;s=RandomSignedInt32":{"Value":{"Type":6,"Body":-853167824},"SourceTimestamp":"2024-04-26T12:04:40.3779053Z","ServerTimestamp":"2024-04-26T12:04:40.3779611Z"},"nsu=http://opcfoundation.org/UA/Plc/Applications;s=RandomUnsignedInt32":{"Value":{"Type":7,"Body":560787323},"SourceTimestamp":"2024-04-26T12:04:40.3779255Z","ServerTimestamp":"2024-04-26T12:04:40.3779276Z"},"nsu=http://opcfoundation.org/UA/Plc/Applications;s=DipData":{"Value":{"Type":11,"Body":-48.175367410171532},"SourceTimestamp":"2024-04-26T12:04:40.3779408Z","ServerTimestamp":"2024-04-26T12:04:40.3779911Z"},"nsu=http://opcfoundation.org/UA/Plc/Applications;s=FastUIntScalar1":{"Value":{"Type":7,"Body":80},"SourceTimestamp":"2024-04-26T12:04:39.8915011Z","ServerTimestamp":"2024-04-26T12:04:39.8915018Z"}}}]}