{"MessageId":"a80395eb-5d8d-49d9-8078-662d76f2cac1","MessageType":"ua-data","PublisherId":"DESKTOP-BGFJS91","DataSetWriterGroup":"MES","Messages":[{"SequenceNumber":88,"MetaDataVersion":{"MajorVersion":1},"Timestamp":"2024-04-26T12:04:48.3995432Z","MessageType":"ua-deltaframe","DataSetWriterName":"<<UnknownDataSet>>","Payload":{"nsu=http://opcfoundation.org/UA/Plc/Applications;s=StepUp":{"Value":{"Type":7,"Body":885},"SourceTimestamp":"2024-04-26T12:04:48.3830626Z","ServerTimestamp":"2024-04-26T12:04:48.3830669Z"},"nsu=http://opcfoundation.org/UA/Plc/Applications;s=RandomSignedInt32":{"Value":{"Type":6,"Body":-695970887},"SourceTimestamp":"2024-04-26T12:04:48.3830709Z","ServerTimestamp":"2024-04-26T12:04:48.3830829Z"},"nsu=http://opcfoundation.org/UA/Plc/Applications;s=RandomUnsignedInt32":{"Value":{"Type":7,"Body":613387173},"SourceTimestamp":"2024-04-26T12:04:48.3830942Z","ServerTimestamp":"2024-04-26T12:04:48.3831008Z"},"nsu=http://opcfoundation.org/UA/Plc/Applications;s=DipData":{"Value":{"Type":11,"Body":90.482705246601952},"SourceTimestamp":"2024-04-26T12:04:48.383093Z","ServerTimestamp":"2024-04-26T12:04:48.3830968Z"},"nsu=http://opcfoundation.org/UA/Plc/Applications;s=FastUIntScalar1":{"Value":{"Type":7,"Body":88},"SourceTimestamp":"2024-04-26T12:04:47.8801481Z","ServerTimestamp":"2024-04-26T12:04:47.8801505Z"}}}]}