{"MessageId":"bc51831e-97eb-4d6c-b16b-d1b09acf6474","MessageType":"ua-data","PublisherId":"DESKTOP-BGFJS91","DataSetWriterGroup":"MES","Messages":[{"SequenceNumber":96,"MetaDataVersion":{"MajorVersion":1},"Timestamp":"2024-04-26T12:04:56.4299442Z","MessageType":"ua-deltaframe","DataSetWriterName":"<<UnknownDataSet>>","Payload":{"nsu=http://opcfoundation.org/UA/Plc/Applications;s=StepUp":{"Value":{"Type":7,"Body":965},"SourceTimestamp":"2024-04-26T12:04:56.3823429Z","ServerTimestamp":"2024-04-26T12:04:56.3824474Z"},"nsu=http://opcfoundation.org/UA/Plc/Applications;s=RandomSignedInt32":{"Value":{"Type":6,"Body":-1168000676},"SourceTimestamp":"2024-04-26T12:04:56.3823394Z","ServerTimestamp":"2024-04-26T12:04:56.3824186Z"},"nsu=http://opcfoundation.org/UA/Plc/Applications;s=RandomUnsignedInt32":{"Value":{"Type":7,"Body":521575343},"SourceTimestamp":"2024-04-26T12:04:56.3823531Z","ServerTimestamp":"2024-04-26T12:04:56.3823754Z"},"nsu=http://opcfoundation.org/UA/Plc/Applications;s=DipData":{"Value":{"Type":11,"Body":-98.228725072868869},"SourceTimestamp":"2024-04-26T12:04:56.3823678Z","ServerTimestamp":"2024-04-26T12:04:56.3824723Z"},"nsu=http://opcfoundation.org/UA/Plc/Applications;s=FastUIntScalar1":{"Value":{"Type":7,"Body":96},"SourceTimestamp":"2024-04-26T12:04:55.879477Z","ServerTimestamp":"2024-04-26T12:04:55.8794798Z"}}}]}