{"MessageId":"0c0a8e1e-68ed-4ad4-940f-cf2a580ae25e","MessageType":"ua-data","PublisherId":"DESKTOP-BGFJS91","DataSetWriterGroup":"MES","Messages":[{"SequenceNumber":98,"MetaDataVersion":{"MajorVersion":1},"Timestamp":"2024-04-26T12:04:58.4419358Z","MessageType":"ua-deltaframe","DataSetWriterName":"<<UnknownDataSet>>","Payload":{"nsu=http://opcfoundation.org/UA/Plc/Applications;s=StepUp":{"Value":{"Type":7,"Body":985},"SourceTimestamp":"2024-04-26T12:04:58.3786749Z","ServerTimestamp":"2024-04-26T12:04:58.3786785Z"},"nsu=http://opcfoundation.org/UA/Plc/Applications;s=RandomSignedInt32":{"Value":{"Type":6,"Body":1754959774},"SourceTimestamp":"2024-04-26T12:04:58.378691Z","ServerTimestamp":"2024-04-26T12:04:58.3786935Z"},"nsu=http://opcfoundation.org/UA/Plc/Applications;s=RandomUnsignedInt32":{"Value":{"Type":7,"Body":764325352},"SourceTimestamp":"2024-04-26T12:04:58.3786947Z","ServerTimestamp":"2024-04-26T12:04:58.3786974Z"},"nsu=http://opcfoundation.org/UA/Plc/Applications;s=DipData":{"Value":{"Type":11,"Body":90.482705246601952},"SourceTimestamp":"2024-04-26T12:04:58.3787033Z","ServerTimestamp":"2024-04-26T12:04:58.3787057Z"},"nsu=http://opcfoundation.org/UA/Plc/Applications;s=FastUIntScalar1":{"Value":{"Type":7,"Body":98},"SourceTimestamp":"2024-04-26T12:04:57.8921801Z","ServerTimestamp":"2024-04-26T12:04:57.8921808Z"}}}]}