{"MessageId":"d5c4a27e-f547-4ee2-8972-b800e401bf45","MessageType":"ua-data","PublisherId":"DESKTOP-BGFJS91","DataSetWriterGroup":"<<UnknownWriterGroup>>","Messages":[{"SequenceNumber":107,"MetaDataVersion":{"MajorVersion":1},"Timestamp":"2024-04-27T12:49:10.0505145Z","MessageType":"ua-deltaframe","DataSetWriterName":"<<UnknownDataSet>>","Payload":{"nsu=http://opcfoundation.org/UA/Plc/Applications;s=BadFastUIntScalar1":{"Value":{"Type":7,"Body":6},"SourceTimestamp":"2024-04-27T12:49:09.3253984Z","ServerTimestamp":"2024-04-27T12:49:09.3254067Z"},"nsu=http://opcfoundation.org/UA/Plc/Applications;s=BadFastRandomUIntScalar1":{"Value":{"Type":7,"Body":718907821},"SourceTimestamp":"2024-04-27T12:49:09.3253966Z","ServerTimestamp":"2024-04-27T12:49:09.3254222Z"},"nsu=http://opcfoundation.org/UA/Plc/Applications;s=Special_\"!§$%&/()=?`´\\+~*'#_-:.;,<>|@^°€µ{[]}":{"Value":{"Type":7,"Body":106},"SourceTimestamp":"2024-04-27T12:49:09.3254352Z","ServerTimestamp":"2024-04-27T12:49:09.3254365Z"}}}]}