{"MessageId":"a935a401-e54d-416f-98fb-6c9ce54c9e1b","MessageType":"ua-data","PublisherId":"DESKTOP-BGFJS91","DataSetWriterGroup":"<<UnknownWriterGroup>>","Messages":[{"SequenceNumber":114,"MetaDataVersion":{"MajorVersion":1},"Timestamp":"2024-04-27T12:49:17.041415Z","MessageType":"ua-deltaframe","DataSetWriterName":"<<UnknownDataSet>>","Payload":{"nsu=http://opcfoundation.org/UA/Plc/Applications;s=BadFastUIntScalar1":{"Value":{"Type":7,"Body":3},"SourceTimestamp":"2024-04-27T12:49:16.3262623Z","ServerTimestamp":"2024-04-27T12:49:16.3262845Z"},"nsu=http://opcfoundation.org/UA/Plc/Applications;s=BadFastRandomUIntScalar1":{"Value":{"Type":7,"Body":1440960532},"SourceTimestamp":"2024-04-27T12:49:16.3262483Z","ServerTimestamp":"2024-04-27T12:49:16.3262507Z"},"nsu=http://opcfoundation.org/UA/Plc/Applications;s=Special_\"!§$%&/()=?`´\\+~*'#_-:.;,<>|@^°€µ{[]}":{"Value":{"Type":7,"Body":113},"SourceTimestamp":"2024-04-27T12:49:16.3262853Z","ServerTimestamp":"2024-04-27T12:49:16.3262889Z"}}}]}