{"MessageId":"d253e05b-00bd-4707-9119-e5743ba0f90c","MessageType":"ua-data","PublisherId":"DESKTOP-BGFJS91","DataSetWriterGroup":"<<UnknownWriterGroup>>","Messages":[{"DataSetWriterId":4,"SequenceNumber":101,"MetaDataVersion":{"MajorVersion":1},"Timestamp":"2024-04-27T12:45:20.7905525Z","MessageType":"ua-deltaframe","DataSetWriterName":"MES","Payload":{"nsu=http://opcfoundation.org/UA/Plc/Applications;s=RandomUnsignedInt32":{"Value":{"Type":7,"Body":340733921},"SourceTimestamp":"2024-04-27T12:45:20.7442815Z","ServerTimestamp":"2024-04-27T12:45:20.7442834Z"}}}]}