{"MessageId":"53f78adc-a888-4e10-99af-1757d9740025","MessageType":"ua-data","PublisherId":"DESKTOP-BGFJS91","DataSetWriterGroup":"<<UnknownWriterGroup>>","Messages":[{"DataSetWriterId":4,"SequenceNumber":11,"MetaDataVersion":{"MajorVersion":1},"Timestamp":"2024-04-27T12:43:35.795598Z","MessageType":"ua-deltaframe","DataSetWriterName":"MES","Payload":{"nsu=http://opcfoundation.org/UA/Plc/Applications;s=RandomUnsignedInt32":{"Value":{"Type":7,"Body":205913557},"SourceTimestamp":"2024-04-27T12:43:35.7487283Z","ServerTimestamp":"2024-04-27T12:43:35.7487289Z"}}}]}