{"MessageId":"1f3e7715-5356-4f64-85be-c5303f4d3f43","MessageType":"ua-data","PublisherId":"DESKTOP-BGFJS91","DataSetWriterGroup":"<<UnknownWriterGroup>>","Messages":[{"DataSetWriterId":4,"SequenceNumber":12,"MetaDataVersion":{"MajorVersion":1},"Timestamp":"2024-04-27T12:43:36.788307Z","MessageType":"ua-deltaframe","DataSetWriterName":"MES","Payload":{"nsu=http://opcfoundation.org/UA/Plc/Applications;s=RandomUnsignedInt32":{"Value":{"Type":7,"Body":1685284112},"SourceTimestamp":"2024-04-27T12:43:36.740861Z","ServerTimestamp":"2024-04-27T12:43:36.7408619Z"}}}]}