{"MessageId":"e5200189-876d-4a9d-8af1-08dd5652d241","MessageType":"ua-data","PublisherId":"DESKTOP-BGFJS91","DataSetWriterGroup":"<<UnknownWriterGroup>>","Messages":[{"DataSetWriterId":4,"SequenceNumber":13,"MetaDataVersion":{"MajorVersion":1},"Timestamp":"2024-04-27T12:43:37.7773075Z","MessageType":"ua-deltaframe","DataSetWriterName":"MES","Payload":{"nsu=http://opcfoundation.org/UA/Plc/Applications;s=RandomUnsignedInt32":{"Value":{"Type":7,"Body":1918238783},"SourceTimestamp":"2024-04-27T12:43:37.7472995Z","ServerTimestamp":"2024-04-27T12:43:37.7473157Z"}}}]}