{"MessageId":"b8627fdb-e939-434f-916b-e7e2f6ecd9ae","MessageType":"ua-data","PublisherId":"DESKTOP-BGFJS91","DataSetWriterGroup":"<<UnknownWriterGroup>>","Messages":[{"DataSetWriterId":4,"SequenceNumber":14,"MetaDataVersion":{"MajorVersion":1},"Timestamp":"2024-04-27T12:43:38.7683356Z","MessageType":"ua-deltaframe","DataSetWriterName":"MES","Payload":{"nsu=http://opcfoundation.org/UA/Plc/Applications;s=RandomUnsignedInt32":{"Value":{"Type":7,"Body":1043925260},"SourceTimestamp":"2024-04-27T12:43:38.7529969Z","ServerTimestamp":"2024-04-27T12:43:38.7529983Z"}}}]}