{"MessageId":"b1fad5af-a9aa-4663-bf70-83dd310570b5","MessageType":"ua-data","PublisherId":"DESKTOP-BGFJS91","DataSetWriterGroup":"<<UnknownWriterGroup>>","Messages":[{"DataSetWriterId":4,"SequenceNumber":15,"MetaDataVersion":{"MajorVersion":1},"Timestamp":"2024-04-27T12:43:40.7445471Z","MessageType":"ua-deltaframe","DataSetWriterName":"MES","Payload":{"nsu=http://opcfoundation.org/UA/Plc/Applications;s=RandomUnsignedInt32":{"Value":{"Type":7,"Body":2027311319},"SourceTimestamp":"2024-04-27T12:43:40.650252Z","ServerTimestamp":"2024-04-27T12:43:40.6502582Z"}}}]}