{"MessageId":"8c0352ab-a605-497e-94f2-d9df7a7662bb","MessageType":"ua-data","PublisherId":"DESKTOP-BGFJS91","DataSetWriterGroup":"<<UnknownWriterGroup>>","Messages":[{"DataSetWriterId":4,"SequenceNumber":16,"MetaDataVersion":{"MajorVersion":1},"Timestamp":"2024-04-27T12:43:41.7403066Z","MessageType":"ua-deltaframe","DataSetWriterName":"MES","Payload":{"nsu=http://opcfoundation.org/UA/Plc/Applications;s=RandomUnsignedInt32":{"Value":{"Type":7,"Body":1206580274},"SourceTimestamp":"2024-04-27T12:43:41.6475077Z","ServerTimestamp":"2024-04-27T12:43:41.6475084Z"}}}]}