{"MessageId":"9e192024-9e2c-44da-af80-dd56fc5bed57","MessageType":"ua-data","PublisherId":"DESKTOP-BGFJS91","DataSetWriterGroup":"<<UnknownWriterGroup>>","Messages":[{"DataSetWriterId":4,"SequenceNumber":20,"MetaDataVersion":{"MajorVersion":1},"Timestamp":"2024-04-27T12:43:45.7800641Z","MessageType":"ua-deltaframe","DataSetWriterName":"MES","Payload":{"nsu=http://opcfoundation.org/UA/Plc/Applications;s=RandomUnsignedInt32":{"Value":{"Type":7,"Body":2071796522},"SourceTimestamp":"2024-04-27T12:43:45.7492823Z","ServerTimestamp":"2024-04-27T12:43:45.7492849Z"}}}]}