{"MessageId":"f3705278-e705-475a-9dbd-5e3903e66e97","MessageType":"ua-data","PublisherId":"DESKTOP-BGFJS91","DataSetWriterGroup":"<<UnknownWriterGroup>>","Messages":[{"DataSetWriterId":4,"SequenceNumber":23,"MetaDataVersion":{"MajorVersion":1},"Timestamp":"2024-04-27T12:43:49.7617949Z","MessageType":"ua-deltaframe","DataSetWriterName":"MES","Payload":{"nsu=http://opcfoundation.org/UA/Plc/Applications;s=RandomUnsignedInt32":{"Value":{"Type":7,"Body":1937352831},"SourceTimestamp":"2024-04-27T12:43:49.7454891Z","ServerTimestamp":"2024-04-27T12:43:49.7454905Z"}}}]}