{"MessageId":"88b93362-a88a-4b7e-bf41-24e23f3f7c9a","MessageType":"ua-data","PublisherId":"DESKTOP-BGFJS91","DataSetWriterGroup":"<<UnknownWriterGroup>>","Messages":[{"DataSetWriterId":4,"SequenceNumber":24,"MetaDataVersion":{"MajorVersion":1},"Timestamp":"2024-04-27T12:43:50.748839Z","MessageType":"ua-deltaframe","DataSetWriterName":"MES","Payload":{"nsu=http://opcfoundation.org/UA/Plc/Applications;s=RandomUnsignedInt32":{"Value":{"Type":7,"Body":1290864488},"SourceTimestamp":"2024-04-27T12:43:50.641552Z","ServerTimestamp":"2024-04-27T12:43:50.6415532Z"}}}]}