{"MessageId":"07693ab1-0b38-49e3-8d70-f67eceef6021","MessageType":"ua-data","PublisherId":"DESKTOP-BGFJS91","DataSetWriterGroup":"<<UnknownWriterGroup>>","Messages":[{"DataSetWriterId":4,"SequenceNumber":25,"MetaDataVersion":{"MajorVersion":1},"Timestamp":"2024-04-27T12:43:51.7947084Z","MessageType":"ua-deltaframe","DataSetWriterName":"MES","Payload":{"nsu=http://opcfoundation.org/UA/Plc/Applications;s=RandomUnsignedInt32":{"Value":{"Type":7,"Body":1017885830},"SourceTimestamp":"2024-04-27T12:43:51.7488235Z","ServerTimestamp":"2024-04-27T12:43:51.7488328Z"}}}]}