{"MessageId":"e3ace1b9-0432-474a-b887-c721c9f4905a","MessageType":"ua-data","PublisherId":"DESKTOP-BGFJS91","DataSetWriterGroup":"<<UnknownWriterGroup>>","Messages":[{"DataSetWriterId":4,"SequenceNumber":26,"MetaDataVersion":{"MajorVersion":1},"Timestamp":"2024-04-27T12:43:52.7850437Z","MessageType":"ua-deltaframe","DataSetWriterName":"MES","Payload":{"nsu=http://opcfoundation.org/UA/Plc/Applications;s=RandomUnsignedInt32":{"Value":{"Type":7,"Body":1467629249},"SourceTimestamp":"2024-04-27T12:43:52.7534765Z","ServerTimestamp":"2024-04-27T12:43:52.7534847Z"}}}]}