{"MessageId":"c42e8784-6e0e-41c8-9248-abfe3cf5dd1c","MessageType":"ua-data","PublisherId":"DESKTOP-BGFJS91","DataSetWriterGroup":"<<UnknownWriterGroup>>","Messages":[{"DataSetWriterId":4,"SequenceNumber":27,"MetaDataVersion":{"MajorVersion":1},"Timestamp":"2024-04-27T12:43:53.7741306Z","MessageType":"ua-deltaframe","DataSetWriterName":"MES","Payload":{"nsu=http://opcfoundation.org/UA/Plc/Applications;s=RandomUnsignedInt32":{"Value":{"Type":7,"Body":987789528},"SourceTimestamp":"2024-04-27T12:43:53.7428111Z","ServerTimestamp":"2024-04-27T12:43:53.7428124Z"}}}]}