{"MessageId":"ef0a4f5c-aee2-4bba-ab92-4a1659cedc45","MessageType":"ua-data","PublisherId":"DESKTOP-BGFJS91","DataSetWriterGroup":"<<UnknownWriterGroup>>","Messages":[{"DataSetWriterId":4,"SequenceNumber":32,"MetaDataVersion":{"MajorVersion":1},"Timestamp":"2024-04-27T12:43:59.789273Z","MessageType":"ua-deltaframe","DataSetWriterName":"MES","Payload":{"nsu=http://opcfoundation.org/UA/Plc/Applications;s=RandomUnsignedInt32":{"Value":{"Type":7,"Body":640857673},"SourceTimestamp":"2024-04-27T12:43:59.7423236Z","ServerTimestamp":"2024-04-27T12:43:59.742331Z"}}}]}