{"MessageId":"e03b81bf-bea6-4628-8292-602d662f7a33","MessageType":"ua-data","PublisherId":"DESKTOP-BGFJS91","DataSetWriterGroup":"<<UnknownWriterGroup>>","Messages":[{"DataSetWriterId":4,"SequenceNumber":33,"MetaDataVersion":{"MajorVersion":1},"Timestamp":"2024-04-27T12:44:00.785856Z","MessageType":"ua-deltaframe","DataSetWriterName":"MES","Payload":{"nsu=http://opcfoundation.org/UA/Plc/Applications;s=RandomUnsignedInt32":{"Value":{"Type":7,"Body":1356146252},"SourceTimestamp":"2024-04-27T12:44:00.7394381Z","ServerTimestamp":"2024-04-27T12:44:00.7394395Z"}}}]}