{"MessageId":"daae8dcf-c85f-43ef-94b7-b93e84a2de66","MessageType":"ua-data","PublisherId":"DESKTOP-BGFJS91","DataSetWriterGroup":"<<UnknownWriterGroup>>","Messages":[{"DataSetWriterId":4,"SequenceNumber":34,"MetaDataVersion":{"MajorVersion":1},"Timestamp":"2024-04-27T12:44:01.7786526Z","MessageType":"ua-deltaframe","DataSetWriterName":"MES","Payload":{"nsu=http://opcfoundation.org/UA/Plc/Applications;s=RandomUnsignedInt32":{"Value":{"Type":7,"Body":897159338},"SourceTimestamp":"2024-04-27T12:44:01.7473089Z","ServerTimestamp":"2024-04-27T12:44:01.7473099Z"}}}]}