{"MessageId":"a19594fc-b56c-4db3-a451-7cf1e83fbc45","MessageType":"ua-data","PublisherId":"DESKTOP-BGFJS91","DataSetWriterGroup":"<<UnknownWriterGroup>>","Messages":[{"DataSetWriterId":4,"SequenceNumber":39,"MetaDataVersion":{"MajorVersion":1},"Timestamp":"2024-04-27T12:44:07.7851491Z","MessageType":"ua-deltaframe","DataSetWriterName":"MES","Payload":{"nsu=http://opcfoundation.org/UA/Plc/Applications;s=RandomUnsignedInt32":{"Value":{"Type":7,"Body":80875211},"SourceTimestamp":"2024-04-27T12:44:07.753135Z","ServerTimestamp":"2024-04-27T12:44:07.7531364Z"}}}]}