{"MessageId":"c2fddbe4-fda8-4933-8799-fc95de6f2433","MessageType":"ua-data","PublisherId":"DESKTOP-BGFJS91","DataSetWriterGroup":"<<UnknownWriterGroup>>","Messages":[{"DataSetWriterId":4,"SequenceNumber":41,"MetaDataVersion":{"MajorVersion":1},"Timestamp":"2024-04-27T12:44:09.7675481Z","MessageType":"ua-deltaframe","DataSetWriterName":"MES","Payload":{"nsu=http://opcfoundation.org/UA/Plc/Applications;s=RandomUnsignedInt32":{"Value":{"Type":7,"Body":1396049206},"SourceTimestamp":"2024-04-27T12:44:09.7520725Z","ServerTimestamp":"2024-04-27T12:44:09.7520786Z"}}}]}