{"MessageId":"30029efb-f18d-402d-a2a6-3c2347de3b00","MessageType":"ua-data","PublisherId":"DESKTOP-BGFJS91","DataSetWriterGroup":"<<UnknownWriterGroup>>","Messages":[{"DataSetWriterId":4,"SequenceNumber":44,"MetaDataVersion":{"MajorVersion":1},"Timestamp":"2024-04-27T12:44:13.7871618Z","MessageType":"ua-deltaframe","DataSetWriterName":"MES","Payload":{"nsu=http://opcfoundation.org/UA/Plc/Applications;s=RandomUnsignedInt32":{"Value":{"Type":7,"Body":1316870012},"SourceTimestamp":"2024-04-27T12:44:13.740218Z","ServerTimestamp":"2024-04-27T12:44:13.7402238Z"}}}]}