{"MessageId":"3e20462a-6f17-4d94-b29d-1294b5fdccff","MessageType":"ua-data","PublisherId":"DESKTOP-BGFJS91","DataSetWriterGroup":"<<UnknownWriterGroup>>","Messages":[{"DataSetWriterId":4,"SequenceNumber":52,"MetaDataVersion":{"MajorVersion":1},"Timestamp":"2024-04-27T12:44:22.7730103Z","MessageType":"ua-deltaframe","DataSetWriterName":"MES","Payload":{"nsu=http://opcfoundation.org/UA/Plc/Applications;s=RandomUnsignedInt32":{"Value":{"Type":7,"Body":576374817},"SourceTimestamp":"2024-04-27T12:44:22.7410439Z","ServerTimestamp":"2024-04-27T12:44:22.7410702Z"}}}]}