{"MessageId":"977ca717-0f0f-403a-8645-c6890f77485a","MessageType":"ua-data","PublisherId":"DESKTOP-BGFJS91","DataSetWriterGroup":"<<UnknownWriterGroup>>","Messages":[{"DataSetWriterId":4,"SequenceNumber":54,"MetaDataVersion":{"MajorVersion":1},"Timestamp":"2024-04-27T12:44:25.7475631Z","MessageType":"ua-deltaframe","DataSetWriterName":"MES","Payload":{"nsu=http://opcfoundation.org/UA/Plc/Applications;s=RandomUnsignedInt32":{"Value":{"Type":7,"Body":205742687},"SourceTimestamp":"2024-04-27T12:44:25.6522243Z","ServerTimestamp":"2024-04-27T12:44:25.6522255Z"}}}]}