{"MessageId":"d3391400-dd2d-47a9-866d-96afc04f2633","MessageType":"ua-data","PublisherId":"DESKTOP-BGFJS91","DataSetWriterGroup":"<<UnknownWriterGroup>>","Messages":[{"DataSetWriterId":4,"SequenceNumber":55,"MetaDataVersion":{"MajorVersion":1},"Timestamp":"2024-04-27T12:44:26.7818602Z","MessageType":"ua-deltaframe","DataSetWriterName":"MES","Payload":{"nsu=http://opcfoundation.org/UA/Plc/Applications;s=RandomUnsignedInt32":{"Value":{"Type":7,"Body":2043407186},"SourceTimestamp":"2024-04-27T12:44:26.7513122Z","ServerTimestamp":"2024-04-27T12:44:26.7513132Z"}}}]}