{"MessageId":"57bb51e6-1dad-422f-a4b5-ec5cd5edeed9","MessageType":"ua-data","PublisherId":"DESKTOP-BGFJS91","DataSetWriterGroup":"<<UnknownWriterGroup>>","Messages":[{"DataSetWriterId":4,"SequenceNumber":57,"MetaDataVersion":{"MajorVersion":1},"Timestamp":"2024-04-27T12:44:28.7654346Z","MessageType":"ua-deltaframe","DataSetWriterName":"MES","Payload":{"nsu=http://opcfoundation.org/UA/Plc/Applications;s=RandomUnsignedInt32":{"Value":{"Type":7,"Body":2073699509},"SourceTimestamp":"2024-04-27T12:44:28.7490173Z","ServerTimestamp":"2024-04-27T12:44:28.7490507Z"}}}]}