{"MessageId":"08ef7284-847e-4842-ab78-d406c8951b9d","MessageType":"ua-data","PublisherId":"DESKTOP-BGFJS91","DataSetWriterGroup":"<<UnknownWriterGroup>>","Messages":[{"DataSetWriterId":4,"SequenceNumber":59,"MetaDataVersion":{"MajorVersion":1},"Timestamp":"2024-04-27T12:44:31.8010312Z","MessageType":"ua-deltaframe","DataSetWriterName":"MES","Payload":{"nsu=http://opcfoundation.org/UA/Plc/Applications;s=RandomUnsignedInt32":{"Value":{"Type":7,"Body":2039561858},"SourceTimestamp":"2024-04-27T12:44:31.7383597Z","ServerTimestamp":"2024-04-27T12:44:31.7383608Z"}}}]}