{"MessageId":"5d957aac-967d-49ff-863d-e76019d56856","MessageType":"ua-data","PublisherId":"DESKTOP-BGFJS91","DataSetWriterGroup":"<<UnknownWriterGroup>>","Messages":[{"DataSetWriterId":4,"SequenceNumber":61,"MetaDataVersion":{"MajorVersion":1},"Timestamp":"2024-04-27T12:44:33.7632234Z","MessageType":"ua-deltaframe","DataSetWriterName":"MES","Payload":{"nsu=http://opcfoundation.org/UA/Plc/Applications;s=RandomUnsignedInt32":{"Value":{"Type":7,"Body":1473546165},"SourceTimestamp":"2024-04-27T12:44:33.7471253Z","ServerTimestamp":"2024-04-27T12:44:33.747129Z"}}}]}