{"MessageId":"10208134-a3a7-45fd-a013-565ce1e08027","MessageType":"ua-data","PublisherId":"DESKTOP-BGFJS91","DataSetWriterGroup":"<<UnknownWriterGroup>>","Messages":[{"DataSetWriterId":4,"SequenceNumber":67,"MetaDataVersion":{"MajorVersion":1},"Timestamp":"2024-04-27T12:44:41.7412606Z","MessageType":"ua-deltaframe","DataSetWriterName":"MES","Payload":{"nsu=http://opcfoundation.org/UA/Plc/Applications;s=RandomUnsignedInt32":{"Value":{"Type":7,"Body":937995819},"SourceTimestamp":"2024-04-27T12:44:41.6483905Z","ServerTimestamp":"2024-04-27T12:44:41.6483946Z"}}}]}