{"MessageId":"7cde5e18-dc6c-4123-b823-03563597d8b2","MessageType":"ua-data","PublisherId":"DESKTOP-BGFJS91","DataSetWriterGroup":"<<UnknownWriterGroup>>","Messages":[{"DataSetWriterId":4,"SequenceNumber":77,"MetaDataVersion":{"MajorVersion":1},"Timestamp":"2024-04-27T12:44:52.7742782Z","MessageType":"ua-deltaframe","DataSetWriterName":"MES","Payload":{"nsu=http://opcfoundation.org/UA/Plc/Applications;s=RandomUnsignedInt32":{"Value":{"Type":7,"Body":1179335040},"SourceTimestamp":"2024-04-27T12:44:52.7417877Z","ServerTimestamp":"2024-04-27T12:44:52.7417892Z"}}}]}