{"MessageId":"2efe823d-c4a1-4c82-8762-0257cdf054f0","MessageType":"ua-data","PublisherId":"DESKTOP-BGFJS91","DataSetWriterGroup":"<<UnknownWriterGroup>>","Messages":[{"DataSetWriterId":4,"SequenceNumber":78,"MetaDataVersion":{"MajorVersion":1},"Timestamp":"2024-04-27T12:44:53.7673466Z","MessageType":"ua-deltaframe","DataSetWriterName":"MES","Payload":{"nsu=http://opcfoundation.org/UA/Plc/Applications;s=RandomUnsignedInt32":{"Value":{"Type":7,"Body":1954668958},"SourceTimestamp":"2024-04-27T12:44:53.7512283Z","ServerTimestamp":"2024-04-27T12:44:53.7512427Z"}}}]}