{"MessageId":"9842ae0f-b987-491f-a485-dac226ecc51e","MessageType":"ua-data","PublisherId":"DESKTOP-BGFJS91","DataSetWriterGroup":"<<UnknownWriterGroup>>","Messages":[{"DataSetWriterId":4,"SequenceNumber":80,"MetaDataVersion":{"MajorVersion":1},"Timestamp":"2024-04-27T12:44:56.7401283Z","MessageType":"ua-deltaframe","DataSetWriterName":"MES","Payload":{"nsu=http://opcfoundation.org/UA/Plc/Applications;s=RandomUnsignedInt32":{"Value":{"Type":7,"Body":519934929},"SourceTimestamp":"2024-04-27T12:44:56.6472747Z","ServerTimestamp":"2024-04-27T12:44:56.6472803Z"}}}]}