{"MessageId":"09ac1bdc-7a1b-43a5-a26d-00651dd2d69e","MessageType":"ua-data","PublisherId":"DESKTOP-BGFJS91","DataSetWriterGroup":"<<UnknownWriterGroup>>","Messages":[{"DataSetWriterId":4,"SequenceNumber":85,"MetaDataVersion":{"MajorVersion":1},"Timestamp":"2024-04-27T12:45:01.7680225Z","MessageType":"ua-deltaframe","DataSetWriterName":"MES","Payload":{"nsu=http://opcfoundation.org/UA/Plc/Applications;s=RandomUnsignedInt32":{"Value":{"Type":7,"Body":309678020},"SourceTimestamp":"2024-04-27T12:45:01.751625Z","ServerTimestamp":"2024-04-27T12:45:01.751634Z"}}}]}