{"MessageId":"1073ea51-6223-4802-a8e6-d58346b7bf63","MessageType":"ua-data","PublisherId":"DESKTOP-BGFJS91","DataSetWriterGroup":"<<UnknownWriterGroup>>","Messages":[{"DataSetWriterId":4,"SequenceNumber":87,"MetaDataVersion":{"MajorVersion":1},"Timestamp":"2024-04-27T12:45:04.7955587Z","MessageType":"ua-deltaframe","DataSetWriterName":"MES","Payload":{"nsu=http://opcfoundation.org/UA/Plc/Applications;s=RandomUnsignedInt32":{"Value":{"Type":7,"Body":1070181858},"SourceTimestamp":"2024-04-27T12:45:04.749958Z","ServerTimestamp":"2024-04-27T12:45:04.7499632Z"}}}]}