{"MessageId":"2769af39-8846-454e-994f-a4743bc81823","MessageType":"ua-data","PublisherId":"DESKTOP-BGFJS91","DataSetWriterGroup":"<<UnknownWriterGroup>>","Messages":[{"DataSetWriterId":4,"SequenceNumber":88,"MetaDataVersion":{"MajorVersion":1},"Timestamp":"2024-04-27T12:45:05.7888524Z","MessageType":"ua-deltaframe","DataSetWriterName":"MES","Payload":{"nsu=http://opcfoundation.org/UA/Plc/Applications;s=RandomUnsignedInt32":{"Value":{"Type":7,"Body":128043514},"SourceTimestamp":"2024-04-27T12:45:05.741854Z","ServerTimestamp":"2024-04-27T12:45:05.741859Z"}}}]}