{"MessageId":"1dc0fbd0-7f6c-414f-990f-d11818b898ee","MessageType":"ua-data","PublisherId":"DESKTOP-BGFJS91","DataSetWriterGroup":"<<UnknownWriterGroup>>","Messages":[{"DataSetWriterId":4,"SequenceNumber":9,"MetaDataVersion":{"MajorVersion":1},"Timestamp":"2024-04-27T12:43:33.7453264Z","MessageType":"ua-deltaframe","DataSetWriterName":"MES","Payload":{"nsu=http://opcfoundation.org/UA/Plc/Applications;s=RandomUnsignedInt32":{"Value":{"Type":7,"Body":1842012060},"SourceTimestamp":"2024-04-27T12:43:33.6516149Z","ServerTimestamp":"2024-04-27T12:43:33.6516157Z"}}}]}