{"MessageId":"fde834c1-d42b-4938-aaa4-4d79f1757f88","MessageType":"ua-data","PublisherId":"DESKTOP-BGFJS91","DataSetWriterGroup":"<<UnknownWriterGroup>>","Messages":[{"DataSetWriterId":4,"SequenceNumber":94,"MetaDataVersion":{"MajorVersion":1},"Timestamp":"2024-04-27T12:45:12.7526908Z","MessageType":"ua-deltaframe","DataSetWriterName":"MES","Payload":{"nsu=http://opcfoundation.org/UA/Plc/Applications;s=RandomUnsignedInt32":{"Value":{"Type":7,"Body":1862143030},"SourceTimestamp":"2024-04-27T12:45:12.6431746Z","ServerTimestamp":"2024-04-27T12:45:12.6431756Z"}}}]}