[{"nsu=http://opcfoundation.org/UA/Plc/Applications;s=StepUp":{"Value":118,"SourceTimestamp":"2024-04-27T18:00:01.9866048Z","ServerTimestamp":"2024-04-27T18:00:01.986609Z"},"nsu=http://opcfoundation.org/UA/Plc/Applications;s=RandomSignedInt32":{"Value":43445714,"SourceTimestamp":"2024-04-27T18:00:01.9865687Z","ServerTimestamp":"2024-04-27T18:00:01.986577Z"},"nsu=http://opcfoundation.org/UA/Plc/Applications;s=RandomUnsignedInt32":{"Value":1964773321,"SourceTimestamp":"2024-04-27T18:00:01.9865731Z","ServerTimestamp":"2024-04-27T18:00:01.9865892Z"},"nsu=http://opcfoundation.org/UA/Plc/Applications;s=DipData":{"Value":-84.432792550201526,"SourceTimestamp":"2024-04-27T18:00:01.9866058Z","ServerTimestamp":"2024-04-27T18:00:01.986607Z"},"nsu=http://opcfoundation.org/UA/Plc/Applications;s=FastUIntScalar1":{"Value":11,"SourceTimestamp":"2024-04-27T18:00:01.1927151Z","ServerTimestamp":"2024-04-27T18:00:01.192718Z"},"nsu=http://opcfoundation.org/UA/Plc/Applications;s=FastUIntScalar2":{"Value":11,"SourceTimestamp":"2024-04-27T18:00:01.1927281Z","ServerTimestamp":"2024-04-27T18:00:01.1927345Z"},"nsu=http://opcfoundation.org/UA/Plc/Applications;s=FastUIntScalar3":{"Value":11,"SourceTimestamp":"2024-04-27T18:00:01.1927355Z","ServerTimestamp":"2024-04-27T18:00:01.192737Z"},"nsu=http://opcfoundation.org/UA/Plc/Applications;s=FastRandomUIntScalar1":{"Value":603473137,"SourceTimestamp":"2024-04-27T18:00:01.1927217Z","ServerTimestamp":"2024-04-27T18:00:01.1927286Z"},"nsu=http://opcfoundation.org/UA/Plc/Applications;s=FastRandomUIntScalar2":{"Value":1739449880,"SourceTimestamp":"2024-04-27T18:00:01.1927345Z","ServerTimestamp":"2024-04-27T18:00:01.1927359Z"},"nsu=http://opcfoundation.org/UA/Plc/Applications;s=FastRandomUIntScalar3":{"Value":251206172,"SourceTimestamp":"2024-04-27T18:00:01.1927369Z","ServerTimestamp":"2024-04-27T18:00:01.192738Z"},"nsu=http://opcfoundation.org/UA/Plc/Applications;s=SpikeData":{"Value":-84.432792550201526,"SourceTimestamp":"2024-04-27T18:00:01.9866108Z","ServerTimestamp":"2024-04-27T18:00:01.9866152Z"}}]