[{"nsu=http://opcfoundation.org/UA/Plc/Applications;s=StepUp":{"Value":128,"SourceTimestamp":"2024-04-27T18:00:02.9957319Z","ServerTimestamp":"2024-04-27T18:00:02.9957337Z"},"nsu=http://opcfoundation.org/UA/Plc/Applications;s=RandomSignedInt32":{"Value":-659398644,"SourceTimestamp":"2024-04-27T18:00:02.9957011Z","ServerTimestamp":"2024-04-27T18:00:02.9957036Z"},"nsu=http://opcfoundation.org/UA/Plc/Applications;s=RandomUnsignedInt32":{"Value":547684566,"SourceTimestamp":"2024-04-27T18:00:02.99572Z","ServerTimestamp":"2024-04-27T18:00:02.9957219Z"},"nsu=http://opcfoundation.org/UA/Plc/Applications;s=DipData":{"Value":24.868988716485482,"SourceTimestamp":"2024-04-27T18:00:02.9957387Z","ServerTimestamp":"2024-04-27T18:00:02.9957409Z"},"nsu=http://opcfoundation.org/UA/Plc/Applications;s=FastUIntScalar1":{"Value":12,"SourceTimestamp":"2024-04-27T18:00:02.1886424Z","ServerTimestamp":"2024-04-27T18:00:02.1886612Z"},"nsu=http://opcfoundation.org/UA/Plc/Applications;s=FastUIntScalar2":{"Value":12,"SourceTimestamp":"2024-04-27T18:00:02.1886641Z","ServerTimestamp":"2024-04-27T18:00:02.1886651Z"},"nsu=http://opcfoundation.org/UA/Plc/Applications;s=FastUIntScalar3":{"Value":12,"SourceTimestamp":"2024-04-27T18:00:02.1886663Z","ServerTimestamp":"2024-04-27T18:00:02.1886672Z"},"nsu=http://opcfoundation.org/UA/Plc/Applications;s=FastRandomUIntScalar1":{"Value":3163322976,"SourceTimestamp":"2024-04-27T18:00:02.1886436Z","ServerTimestamp":"2024-04-27T18:00:02.188647Z"},"nsu=http://opcfoundation.org/UA/Plc/Applications;s=FastRandomUIntScalar2":{"Value":651347247,"SourceTimestamp":"2024-04-27T18:00:02.1886543Z","ServerTimestamp":"2024-04-27T18:00:02.188655Z"},"nsu=http://opcfoundation.org/UA/Plc/Applications;s=FastRandomUIntScalar3":{"Value":2783164872,"SourceTimestamp":"2024-04-27T18:00:02.1886566Z","ServerTimestamp":"2024-04-27T18:00:02.188664Z"},"nsu=http://opcfoundation.org/UA/Plc/Applications;s=SpikeData":{"Value":24.868988716485482,"SourceTimestamp":"2024-04-27T18:00:02.9957453Z","ServerTimestamp":"2024-04-27T18:00:02.9957488Z"}}]