[{"nsu=http://opcfoundation.org/UA/Plc/Applications;s=StepUp":{"Value":219,"SourceTimestamp":"2024-04-27T18:00:12.0936263Z","ServerTimestamp":"2024-04-27T18:00:12.0936859Z"},"nsu=http://opcfoundation.org/UA/Plc/Applications;s=RandomSignedInt32":{"Value":1422965219,"SourceTimestamp":"2024-04-27T18:00:12.0935808Z","ServerTimestamp":"2024-04-27T18:00:12.0935847Z"},"nsu=http://opcfoundation.org/UA/Plc/Applications;s=RandomUnsignedInt32":{"Value":1790766787,"SourceTimestamp":"2024-04-27T18:00:12.0936158Z","ServerTimestamp":"2024-04-27T18:00:12.093619Z"},"nsu=http://opcfoundation.org/UA/Plc/Applications;s=DipData":{"Value":-77.051324277578942,"SourceTimestamp":"2024-04-27T18:00:12.0936621Z","ServerTimestamp":"2024-04-27T18:00:12.0936633Z"},"nsu=http://opcfoundation.org/UA/Plc/Applications;s=FastUIntScalar1":{"Value":21,"SourceTimestamp":"2024-04-27T18:00:11.190057Z","ServerTimestamp":"2024-04-27T18:00:11.1900864Z"},"nsu=http://opcfoundation.org/UA/Plc/Applications;s=FastUIntScalar2":{"Value":21,"SourceTimestamp":"2024-04-27T18:00:11.1900946Z","ServerTimestamp":"2024-04-27T18:00:11.1901013Z"},"nsu=http://opcfoundation.org/UA/Plc/Applications;s=FastUIntScalar3":{"Value":21,"SourceTimestamp":"2024-04-27T18:00:11.1901025Z","ServerTimestamp":"2024-04-27T18:00:11.1901032Z"},"nsu=http://opcfoundation.org/UA/Plc/Applications;s=FastRandomUIntScalar1":{"Value":3479722499,"SourceTimestamp":"2024-04-27T18:00:11.1900623Z","ServerTimestamp":"2024-04-27T18:00:11.1900662Z"},"nsu=http://opcfoundation.org/UA/Plc/Applications;s=FastRandomUIntScalar2":{"Value":2812143135,"SourceTimestamp":"2024-04-27T18:00:11.1900693Z","ServerTimestamp":"2024-04-27T18:00:11.1900745Z"},"nsu=http://opcfoundation.org/UA/Plc/Applications;s=FastRandomUIntScalar3":{"Value":239447650,"SourceTimestamp":"2024-04-27T18:00:11.1900791Z","ServerTimestamp":"2024-04-27T18:00:11.1900829Z"},"nsu=http://opcfoundation.org/UA/Plc/Applications;s=SpikeData":{"Value":-77.051324277578942,"SourceTimestamp":"2024-04-27T18:00:12.0936685Z","ServerTimestamp":"2024-04-27T18:00:12.0936726Z"}}]