[{"nsu=http://opcfoundation.org/UA/Plc/Applications;s=StepUp":{"Value":228,"SourceTimestamp":"2024-04-27T18:00:12.9876345Z","ServerTimestamp":"2024-04-27T18:00:12.9876355Z"},"nsu=http://opcfoundation.org/UA/Plc/Applications;s=RandomSignedInt32":{"Value":-1832284251,"SourceTimestamp":"2024-04-27T18:00:13.0965316Z","ServerTimestamp":"2024-04-27T18:00:13.0965361Z"},"nsu=http://opcfoundation.org/UA/Plc/Applications;s=RandomUnsignedInt32":{"Value":573672099,"SourceTimestamp":"2024-04-27T18:00:12.9876235Z","ServerTimestamp":"2024-04-27T18:00:12.9876252Z"},"nsu=http://opcfoundation.org/UA/Plc/Applications;s=DipData":{"Value":24.868988716485482,"SourceTimestamp":"2024-04-27T18:00:12.9876517Z","ServerTimestamp":"2024-04-27T18:00:12.9876527Z"},"nsu=http://opcfoundation.org/UA/Plc/Applications;s=FastUIntScalar1":{"Value":22,"SourceTimestamp":"2024-04-27T18:00:12.1859021Z","ServerTimestamp":"2024-04-27T18:00:12.1859304Z"},"nsu=http://opcfoundation.org/UA/Plc/Applications;s=FastUIntScalar2":{"Value":22,"SourceTimestamp":"2024-04-27T18:00:12.1859339Z","ServerTimestamp":"2024-04-27T18:00:12.1859356Z"},"nsu=http://opcfoundation.org/UA/Plc/Applications;s=FastUIntScalar3":{"Value":22,"SourceTimestamp":"2024-04-27T18:00:12.1859368Z","ServerTimestamp":"2024-04-27T18:00:12.1859403Z"},"nsu=http://opcfoundation.org/UA/Plc/Applications;s=FastRandomUIntScalar1":{"Value":3928140707,"SourceTimestamp":"2024-04-27T18:00:12.1859063Z","ServerTimestamp":"2024-04-27T18:00:12.1859129Z"},"nsu=http://opcfoundation.org/UA/Plc/Applications;s=FastRandomUIntScalar2":{"Value":4215181963,"SourceTimestamp":"2024-04-27T18:00:12.1859222Z","ServerTimestamp":"2024-04-27T18:00:12.1859229Z"},"nsu=http://opcfoundation.org/UA/Plc/Applications;s=FastRandomUIntScalar3":{"Value":2205233223,"SourceTimestamp":"2024-04-27T18:00:12.1859241Z","ServerTimestamp":"2024-04-27T18:00:12.1859248Z"},"nsu=http://opcfoundation.org/UA/Plc/Applications;s=SpikeData":{"Value":24.868988716485482,"SourceTimestamp":"2024-04-27T18:00:12.9876668Z","ServerTimestamp":"2024-04-27T18:00:12.9876676Z"}}]