[{"nsu=http://opcfoundation.org/UA/Plc/Applications;s=StepUp":{"Value":299,"SourceTimestamp":"2024-04-27T18:00:20.0882772Z","ServerTimestamp":"2024-04-27T18:00:20.0882827Z"},"nsu=http://opcfoundation.org/UA/Plc/Applications;s=RandomSignedInt32":{"Value":-1340310648,"SourceTimestamp":"2024-04-27T18:00:20.0882302Z","ServerTimestamp":"2024-04-27T18:00:20.0882349Z"},"nsu=http://opcfoundation.org/UA/Plc/Applications;s=RandomUnsignedInt32":{"Value":1839675803,"SourceTimestamp":"2024-04-27T18:00:20.0882633Z","ServerTimestamp":"2024-04-27T18:00:20.0882676Z"},"nsu=http://opcfoundation.org/UA/Plc/Applications;s=DipData":{"Value":24.868988716485479,"SourceTimestamp":"2024-04-27T18:00:20.0883144Z","ServerTimestamp":"2024-04-27T18:00:20.0883156Z"},"nsu=http://opcfoundation.org/UA/Plc/Applications;s=FastUIntScalar1":{"Value":29,"SourceTimestamp":"2024-04-27T18:00:19.1897022Z","ServerTimestamp":"2024-04-27T18:00:19.1897068Z"},"nsu=http://opcfoundation.org/UA/Plc/Applications;s=FastUIntScalar2":{"Value":29,"SourceTimestamp":"2024-04-27T18:00:19.1897091Z","ServerTimestamp":"2024-04-27T18:00:19.1897143Z"},"nsu=http://opcfoundation.org/UA/Plc/Applications;s=FastUIntScalar3":{"Value":29,"SourceTimestamp":"2024-04-27T18:00:19.1897163Z","ServerTimestamp":"2024-04-27T18:00:19.1897175Z"},"nsu=http://opcfoundation.org/UA/Plc/Applications;s=FastRandomUIntScalar1":{"Value":2589046373,"SourceTimestamp":"2024-04-27T18:00:19.1897037Z","ServerTimestamp":"2024-04-27T18:00:19.1897096Z"},"nsu=http://opcfoundation.org/UA/Plc/Applications;s=FastRandomUIntScalar2":{"Value":2316205517,"SourceTimestamp":"2024-04-27T18:00:19.1897144Z","ServerTimestamp":"2024-04-27T18:00:19.1897162Z"},"nsu=http://opcfoundation.org/UA/Plc/Applications;s=FastRandomUIntScalar3":{"Value":3738602963,"SourceTimestamp":"2024-04-27T18:00:19.1897175Z","ServerTimestamp":"2024-04-27T18:00:19.1897192Z"},"nsu=http://opcfoundation.org/UA/Plc/Applications;s=SpikeData":{"Value":24.868988716485479,"SourceTimestamp":"2024-04-27T18:00:20.0883084Z","ServerTimestamp":"2024-04-27T18:00:20.08831Z"}}]