[{"nsu=http://opcfoundation.org/UA/Plc/Applications;s=StepUp":{"Value":48,"SourceTimestamp":"2024-04-27T17:59:54.9978764Z","ServerTimestamp":"2024-04-27T17:59:54.997878Z"},"nsu=http://opcfoundation.org/UA/Plc/Applications;s=RandomSignedInt32":{"Value":2014068294,"SourceTimestamp":"2024-04-27T17:59:54.9977934Z","ServerTimestamp":"2024-04-27T17:59:54.9977981Z"},"nsu=http://opcfoundation.org/UA/Plc/Applications;s=RandomUnsignedInt32":{"Value":942874335,"SourceTimestamp":"2024-04-27T17:59:54.9978642Z","ServerTimestamp":"2024-04-27T17:59:54.9978675Z"},"nsu=http://opcfoundation.org/UA/Plc/Applications;s=DipData":{"Value":36.812455268467801,"SourceTimestamp":"2024-04-27T17:59:54.9978793Z","ServerTimestamp":"2024-04-27T17:59:54.9978882Z"},"nsu=http://opcfoundation.org/UA/Plc/Applications;s=FastUIntScalar1":{"Value":4,"SourceTimestamp":"2024-04-27T17:59:54.1928384Z","ServerTimestamp":"2024-04-27T17:59:54.1928644Z"},"nsu=http://opcfoundation.org/UA/Plc/Applications;s=FastUIntScalar2":{"Value":4,"SourceTimestamp":"2024-04-27T17:59:54.1928668Z","ServerTimestamp":"2024-04-27T17:59:54.1928674Z"},"nsu=http://opcfoundation.org/UA/Plc/Applications;s=FastUIntScalar3":{"Value":4,"SourceTimestamp":"2024-04-27T17:59:54.1928684Z","ServerTimestamp":"2024-04-27T17:59:54.1928693Z"},"nsu=http://opcfoundation.org/UA/Plc/Applications;s=FastRandomUIntScalar1":{"Value":601168345,"SourceTimestamp":"2024-04-27T17:59:54.1928493Z","ServerTimestamp":"2024-04-27T17:59:54.1928632Z"},"nsu=http://opcfoundation.org/UA/Plc/Applications;s=FastRandomUIntScalar2":{"Value":1457081050,"SourceTimestamp":"2024-04-27T17:59:54.1928641Z","ServerTimestamp":"2024-04-27T17:59:54.1928663Z"},"nsu=http://opcfoundation.org/UA/Plc/Applications;s=FastRandomUIntScalar3":{"Value":785029894,"SourceTimestamp":"2024-04-27T17:59:54.1928672Z","ServerTimestamp":"2024-04-27T17:59:54.1928684Z"},"nsu=http://opcfoundation.org/UA/Plc/Applications;s=SpikeData":{"Value":36.812455268467801,"SourceTimestamp":"2024-04-27T17:59:54.9978792Z","ServerTimestamp":"2024-04-27T17:59:54.9978938Z"}}]