[{"nsu=http://opcfoundation.org/UA/Plc/Applications;s=StepUp":{"Value":439,"SourceTimestamp":"2024-04-27T18:00:34.0889235Z","ServerTimestamp":"2024-04-27T18:00:34.0889372Z"},"nsu=http://opcfoundation.org/UA/Plc/Applications;s=RandomSignedInt32":{"Value":-287685115,"SourceTimestamp":"2024-04-27T18:00:34.0888992Z","ServerTimestamp":"2024-04-27T18:00:34.0889061Z"},"nsu=http://opcfoundation.org/UA/Plc/Applications;s=RandomUnsignedInt32":{"Value":1607706877,"SourceTimestamp":"2024-04-27T18:00:34.0888931Z","ServerTimestamp":"2024-04-27T18:00:34.0888959Z"},"nsu=http://opcfoundation.org/UA/Plc/Applications;s=DipData":{"Value":99.80267284282715,"SourceTimestamp":"2024-04-27T18:00:33.9967615Z","ServerTimestamp":"2024-04-27T18:00:33.9967668Z"},"nsu=http://opcfoundation.org/UA/Plc/Applications;s=FastUIntScalar1":{"Value":43,"SourceTimestamp":"2024-04-27T18:00:33.1937842Z","ServerTimestamp":"2024-04-27T18:00:33.1937897Z"},"nsu=http://opcfoundation.org/UA/Plc/Applications;s=FastUIntScalar2":{"Value":43,"SourceTimestamp":"2024-04-27T18:00:33.1937913Z","ServerTimestamp":"2024-04-27T18:00:33.1937969Z"},"nsu=http://opcfoundation.org/UA/Plc/Applications;s=FastUIntScalar3":{"Value":43,"SourceTimestamp":"2024-04-27T18:00:33.1937989Z","ServerTimestamp":"2024-04-27T18:00:33.1938015Z"},"nsu=http://opcfoundation.org/UA/Plc/Applications;s=FastRandomUIntScalar1":{"Value":3909060133,"SourceTimestamp":"2024-04-27T18:00:33.1937854Z","ServerTimestamp":"2024-04-27T18:00:33.1937917Z"},"nsu=http://opcfoundation.org/UA/Plc/Applications;s=FastRandomUIntScalar2":{"Value":3516059399,"SourceTimestamp":"2024-04-27T18:00:33.1937969Z","ServerTimestamp":"2024-04-27T18:00:33.1937987Z"},"nsu=http://opcfoundation.org/UA/Plc/Applications;s=FastRandomUIntScalar3":{"Value":1411931472,"SourceTimestamp":"2024-04-27T18:00:33.1938012Z","ServerTimestamp":"2024-04-27T18:00:33.1938032Z"},"nsu=http://opcfoundation.org/UA/Plc/Applications;s=SpikeData":{"Value":99.80267284282715,"SourceTimestamp":"2024-04-27T18:00:33.9967685Z","ServerTimestamp":"2024-04-27T18:00:33.9967705Z"}}]