[{"nsu=http://opcfoundation.org/UA/Plc/Applications;s=StepUp":{"Value":448,"SourceTimestamp":"2024-04-27T18:00:34.9874583Z","ServerTimestamp":"2024-04-27T18:00:34.9874621Z"},"nsu=http://opcfoundation.org/UA/Plc/Applications;s=RandomSignedInt32":{"Value":43849398,"SourceTimestamp":"2024-04-27T18:00:34.9874151Z","ServerTimestamp":"2024-04-27T18:00:34.9874183Z"},"nsu=http://opcfoundation.org/UA/Plc/Applications;s=RandomUnsignedInt32":{"Value":677583492,"SourceTimestamp":"2024-04-27T18:00:35.0956477Z","ServerTimestamp":"2024-04-27T18:00:35.0956511Z"},"nsu=http://opcfoundation.org/UA/Plc/Applications;s=DipData":{"Value":36.812455268467801,"SourceTimestamp":"2024-04-27T18:00:34.9874424Z","ServerTimestamp":"2024-04-27T18:00:34.9874486Z"},"nsu=http://opcfoundation.org/UA/Plc/Applications;s=FastUIntScalar1":{"Value":44,"SourceTimestamp":"2024-04-27T18:00:34.1822602Z","ServerTimestamp":"2024-04-27T18:00:34.182276Z"},"nsu=http://opcfoundation.org/UA/Plc/Applications;s=FastUIntScalar2":{"Value":44,"SourceTimestamp":"2024-04-27T18:00:34.18228Z","ServerTimestamp":"2024-04-27T18:00:34.1822805Z"},"nsu=http://opcfoundation.org/UA/Plc/Applications;s=FastUIntScalar3":{"Value":44,"SourceTimestamp":"2024-04-27T18:00:34.1822817Z","ServerTimestamp":"2024-04-27T18:00:34.1822823Z"},"nsu=http://opcfoundation.org/UA/Plc/Applications;s=FastRandomUIntScalar1":{"Value":3236707194,"SourceTimestamp":"2024-04-27T18:00:34.1822707Z","ServerTimestamp":"2024-04-27T18:00:34.1822735Z"},"nsu=http://opcfoundation.org/UA/Plc/Applications;s=FastRandomUIntScalar2":{"Value":1566184916,"SourceTimestamp":"2024-04-27T18:00:34.1822757Z","ServerTimestamp":"2024-04-27T18:00:34.1822846Z"},"nsu=http://opcfoundation.org/UA/Plc/Applications;s=FastRandomUIntScalar3":{"Value":641850225,"SourceTimestamp":"2024-04-27T18:00:34.1822897Z","ServerTimestamp":"2024-04-27T18:00:34.1822903Z"},"nsu=http://opcfoundation.org/UA/Plc/Applications;s=SpikeData":{"Value":36.812455268467801,"SourceTimestamp":"2024-04-27T18:00:34.9874548Z","ServerTimestamp":"2024-04-27T18:00:34.9874758Z"}}]