[{"nsu=http://opcfoundation.org/UA/Plc/Applications;s=StepUp":{"Value":458,"SourceTimestamp":"2024-04-27T18:00:35.9828319Z","ServerTimestamp":"2024-04-27T18:00:35.9828419Z"},"nsu=http://opcfoundation.org/UA/Plc/Applications;s=AlternatingBoolean":{"Value":false,"SourceTimestamp":"2024-04-27T18:00:35.2826821Z","ServerTimestamp":"2024-04-27T18:00:35.2826894Z"},"nsu=http://opcfoundation.org/UA/Plc/Applications;s=RandomSignedInt32":{"Value":1831101937,"SourceTimestamp":"2024-04-27T18:00:35.982781Z","ServerTimestamp":"2024-04-27T18:00:35.9827845Z"},"nsu=http://opcfoundation.org/UA/Plc/Applications;s=RandomUnsignedInt32":{"Value":507403702,"SourceTimestamp":"2024-04-27T18:00:35.9827394Z","ServerTimestamp":"2024-04-27T18:00:35.982743Z"},"nsu=http://opcfoundation.org/UA/Plc/Applications;s=DipData":{"Value":-77.0513242775789,"SourceTimestamp":"2024-04-27T18:00:35.9828122Z","ServerTimestamp":"2024-04-27T18:00:35.9828255Z"},"nsu=http://opcfoundation.org/UA/Plc/Applications;s=FastUIntScalar1":{"Value":45,"SourceTimestamp":"2024-04-27T18:00:35.1900323Z","ServerTimestamp":"2024-04-27T18:00:35.1900691Z"},"nsu=http://opcfoundation.org/UA/Plc/Applications;s=FastUIntScalar2":{"Value":45,"SourceTimestamp":"2024-04-27T18:00:35.190076Z","ServerTimestamp":"2024-04-27T18:00:35.1900787Z"},"nsu=http://opcfoundation.org/UA/Plc/Applications;s=FastUIntScalar3":{"Value":45,"SourceTimestamp":"2024-04-27T18:00:35.1900802Z","ServerTimestamp":"2024-04-27T18:00:35.1900818Z"},"nsu=http://opcfoundation.org/UA/Plc/Applications;s=FastRandomUIntScalar1":{"Value":2586461987,"SourceTimestamp":"2024-04-27T18:00:35.1900328Z","ServerTimestamp":"2024-04-27T18:00:35.1900929Z"},"nsu=http://opcfoundation.org/UA/Plc/Applications;s=FastRandomUIntScalar2":{"Value":2786125759,"SourceTimestamp":"2024-04-27T18:00:35.1900995Z","ServerTimestamp":"2024-04-27T18:00:35.190101Z"},"nsu=http://opcfoundation.org/UA/Plc/Applications;s=FastRandomUIntScalar3":{"Value":4040229373,"SourceTimestamp":"2024-04-27T18:00:35.1901024Z","ServerTimestamp":"2024-04-27T18:00:35.190103Z"},"nsu=http://opcfoundation.org/UA/Plc/Applications;s=NegativeTrendData":{"Value":99.700000000000003,"SourceTimestamp":"2024-04-27T18:00:35.2826917Z","ServerTimestamp":"2024-04-27T18:00:35.282694Z"},"nsu=http://opcfoundation.org/UA/Plc/Applications;s=SpikeData":{"Value":-77.0513242775789,"SourceTimestamp":"2024-04-27T18:00:35.9828326Z","ServerTimestamp":"2024-04-27T18:00:35.9828395Z"}}]