[{"nsu=http://opcfoundation.org/UA/Plc/Applications;s=StepUp":{"Value":509,"SourceTimestamp":"2024-04-27T18:00:41.0959794Z","ServerTimestamp":"2024-04-27T18:00:41.0960007Z"},"nsu=http://opcfoundation.org/UA/Plc/Applications;s=AlternatingBoolean":{"Value":true,"SourceTimestamp":"2024-04-27T18:00:40.2926581Z","ServerTimestamp":"2024-04-27T18:00:40.2926622Z"},"nsu=http://opcfoundation.org/UA/Plc/Applications;s=RandomSignedInt32":{"Value":1203522711,"SourceTimestamp":"2024-04-27T18:00:41.0959458Z","ServerTimestamp":"2024-04-27T18:00:41.0959468Z"},"nsu=http://opcfoundation.org/UA/Plc/Applications;s=RandomUnsignedInt32":{"Value":1348953413,"SourceTimestamp":"2024-04-27T18:00:41.0959065Z","ServerTimestamp":"2024-04-27T18:00:41.0959248Z"},"nsu=http://opcfoundation.org/UA/Plc/Applications;s=DipData":{"Value":-84.432792550201498,"SourceTimestamp":"2024-04-27T18:00:41.0959753Z","ServerTimestamp":"2024-04-27T18:00:41.0959782Z"},"nsu=http://opcfoundation.org/UA/Plc/Applications;s=FastUIntScalar1":{"Value":50,"SourceTimestamp":"2024-04-27T18:00:40.1835688Z","ServerTimestamp":"2024-04-27T18:00:40.1835743Z"},"nsu=http://opcfoundation.org/UA/Plc/Applications;s=FastUIntScalar2":{"Value":50,"SourceTimestamp":"2024-04-27T18:00:40.1835753Z","ServerTimestamp":"2024-04-27T18:00:40.1835809Z"},"nsu=http://opcfoundation.org/UA/Plc/Applications;s=FastUIntScalar3":{"Value":50,"SourceTimestamp":"2024-04-27T18:00:40.1835819Z","ServerTimestamp":"2024-04-27T18:00:40.1835826Z"},"nsu=http://opcfoundation.org/UA/Plc/Applications;s=FastRandomUIntScalar1":{"Value":3365377307,"SourceTimestamp":"2024-04-27T18:00:40.183571Z","ServerTimestamp":"2024-04-27T18:00:40.1835771Z"},"nsu=http://opcfoundation.org/UA/Plc/Applications;s=FastRandomUIntScalar2":{"Value":1255238955,"SourceTimestamp":"2024-04-27T18:00:40.1835805Z","ServerTimestamp":"2024-04-27T18:00:40.1835835Z"},"nsu=http://opcfoundation.org/UA/Plc/Applications;s=FastRandomUIntScalar3":{"Value":1048003722,"SourceTimestamp":"2024-04-27T18:00:40.1835906Z","ServerTimestamp":"2024-04-27T18:00:40.1835916Z"},"nsu=http://opcfoundation.org/UA/Plc/Applications;s=NegativeTrendData":{"Value":99.599999999999994,"SourceTimestamp":"2024-04-27T18:00:40.292666Z","ServerTimestamp":"2024-04-27T18:00:40.2926743Z"},"nsu=http://opcfoundation.org/UA/Plc/Applications;s=PositiveTrendData":{"Value":100.09999999999999,"SourceTimestamp":"2024-04-27T18:00:40.2926647Z","ServerTimestamp":"2024-04-27T18:00:40.2926718Z"},"nsu=http://opcfoundation.org/UA/Plc/Applications;s=SlowUIntScalar1":{"Value":5,"SourceTimestamp":"2024-04-27T18:00:40.1835335Z","ServerTimestamp":"2024-04-27T18:00:40.1835361Z"},"nsu=http://opcfoundation.org/UA/Plc/Applications;s=SlowUIntScalar2":{"Value":5,"SourceTimestamp":"2024-04-27T18:00:40.1835452Z","ServerTimestamp":"2024-04-27T18:00:40.1835461Z"},"nsu=http://opcfoundation.org/UA/Plc/Applications;s=SlowUIntScalar3":{"Value":5,"SourceTimestamp":"2024-04-27T18:00:40.1835473Z","ServerTimestamp":"2024-04-27T18:00:40.1835479Z"},"nsu=http://opcfoundation.org/UA/Plc/Applications;s=BadSlowUIntScalar1":{"Value":5,"SourceTimestamp":"2024-04-27T18:00:40.1835492Z","ServerTimestamp":"2024-04-27T18:00:40.1835497Z"},"nsu=http://opcfoundation.org/UA/Plc/Applications;s=SlowRandomUIntScalar1":{"Value":1601863549,"SourceTimestamp":"2024-04-27T18:00:40.1835648Z","ServerTimestamp":"2024-04-27T18:00:40.1835716Z"},"nsu=http://opcfoundation.org/UA/Plc/Applications;s=SlowRandomUIntScalar2":{"Value":3139687149,"SourceTimestamp":"2024-04-27T18:00:40.1835742Z","ServerTimestamp":"2024-04-27T18:00:40.1835753Z"},"nsu=http://opcfoundation.org/UA/Plc/Applications;s=SlowRandomUIntScalar3":{"Value":204316188,"SourceTimestamp":"2024-04-27T18:00:40.1835765Z","ServerTimestamp":"2024-04-27T18:00:40.1835802Z"},"nsu=http://opcfoundation.org/UA/Plc/Applications;s=BadSlowRandomUIntScalar1":{"Value":290511528,"SourceTimestamp":"2024-04-27T18:00:40.1835813Z","ServerTimestamp":"2024-04-27T18:00:40.1835819Z"},"nsu=http://opcfoundation.org/UA/Plc/Applications;s=SpikeData":{"Value":-84.432792550201498,"SourceTimestamp":"2024-04-27T18:00:41.0959721Z","ServerTimestamp":"2024-04-27T18:00:41.0959726Z"}}]