[{"nsu=http://opcfoundation.org/UA/Plc/Applications;s=StepUp":{"Value":519,"SourceTimestamp":"2024-04-27T18:00:42.0862009Z","ServerTimestamp":"2024-04-27T18:00:42.0862023Z"},"nsu=http://opcfoundation.org/UA/Plc/Applications;s=RandomSignedInt32":{"Value":-158885817,"SourceTimestamp":"2024-04-27T18:00:42.0861433Z","ServerTimestamp":"2024-04-27T18:00:42.0861472Z"},"nsu=http://opcfoundation.org/UA/Plc/Applications;s=RandomUnsignedInt32":{"Value":688461812,"SourceTimestamp":"2024-04-27T18:00:42.0861227Z","ServerTimestamp":"2024-04-27T18:00:42.0861273Z"},"nsu=http://opcfoundation.org/UA/Plc/Applications;s=DipData":{"Value":-1000,"SourceTimestamp":"2024-04-27T18:00:42.0861783Z","ServerTimestamp":"2024-04-27T18:00:42.0861886Z"},"nsu=http://opcfoundation.org/UA/Plc/Applications;s=FastUIntScalar1":{"Value":51,"SourceTimestamp":"2024-04-27T18:00:41.1869424Z","ServerTimestamp":"2024-04-27T18:00:41.1869502Z"},"nsu=http://opcfoundation.org/UA/Plc/Applications;s=FastUIntScalar2":{"Value":51,"SourceTimestamp":"2024-04-27T18:00:41.1869556Z","ServerTimestamp":"2024-04-27T18:00:41.1869566Z"},"nsu=http://opcfoundation.org/UA/Plc/Applications;s=FastUIntScalar3":{"Value":51,"SourceTimestamp":"2024-04-27T18:00:41.1869614Z","ServerTimestamp":"2024-04-27T18:00:41.186962Z"},"nsu=http://opcfoundation.org/UA/Plc/Applications;s=FastRandomUIntScalar1":{"Value":2420644446,"SourceTimestamp":"2024-04-27T18:00:41.1869424Z","ServerTimestamp":"2024-04-27T18:00:41.1869468Z"},"nsu=http://opcfoundation.org/UA/Plc/Applications;s=FastRandomUIntScalar2":{"Value":3841316714,"SourceTimestamp":"2024-04-27T18:00:41.1869502Z","ServerTimestamp":"2024-04-27T18:00:41.1869555Z"},"nsu=http://opcfoundation.org/UA/Plc/Applications;s=FastRandomUIntScalar3":{"Value":4071976370,"SourceTimestamp":"2024-04-27T18:00:41.1869571Z","ServerTimestamp":"2024-04-27T18:00:41.1869578Z"},"nsu=http://opcfoundation.org/UA/Plc/Applications;s=SpikeData":{"Value":-77.051324277578942,"SourceTimestamp":"2024-04-27T18:00:42.0861887Z","ServerTimestamp":"2024-04-27T18:00:42.0861999Z"}}]