[{"nsu=http://opcfoundation.org/UA/Plc/Applications;s=StepUp":{"Value":559,"SourceTimestamp":"2024-04-27T18:00:46.0960826Z","ServerTimestamp":"2024-04-27T18:00:46.0960841Z"},"nsu=http://opcfoundation.org/UA/Plc/Applications;s=AlternatingBoolean":{"Value":false,"SourceTimestamp":"2024-04-27T18:00:45.2961302Z","ServerTimestamp":"2024-04-27T18:00:45.2961332Z"},"nsu=http://opcfoundation.org/UA/Plc/Applications;s=RandomSignedInt32":{"Value":1395561507,"SourceTimestamp":"2024-04-27T18:00:46.0960595Z","ServerTimestamp":"2024-04-27T18:00:46.0960612Z"},"nsu=http://opcfoundation.org/UA/Plc/Applications;s=RandomUnsignedInt32":{"Value":2089080144,"SourceTimestamp":"2024-04-27T18:00:46.0960468Z","ServerTimestamp":"2024-04-27T18:00:46.0960498Z"},"nsu=http://opcfoundation.org/UA/Plc/Applications;s=DipData":{"Value":-84.432792550201498,"SourceTimestamp":"2024-04-27T18:00:46.0960743Z","ServerTimestamp":"2024-04-27T18:00:46.0960771Z"},"nsu=http://opcfoundation.org/UA/Plc/Applications;s=FastUIntScalar1":{"Value":55,"SourceTimestamp":"2024-04-27T18:00:45.18849Z","ServerTimestamp":"2024-04-27T18:00:45.1884981Z"},"nsu=http://opcfoundation.org/UA/Plc/Applications;s=FastUIntScalar2":{"Value":55,"SourceTimestamp":"2024-04-27T18:00:45.1885026Z","ServerTimestamp":"2024-04-27T18:00:45.1885037Z"},"nsu=http://opcfoundation.org/UA/Plc/Applications;s=FastUIntScalar3":{"Value":55,"SourceTimestamp":"2024-04-27T18:00:45.1885057Z","ServerTimestamp":"2024-04-27T18:00:45.1885168Z"},"nsu=http://opcfoundation.org/UA/Plc/Applications;s=FastRandomUIntScalar1":{"Value":3987108089,"SourceTimestamp":"2024-04-27T18:00:45.1885048Z","ServerTimestamp":"2024-04-27T18:00:45.1885193Z"},"nsu=http://opcfoundation.org/UA/Plc/Applications;s=FastRandomUIntScalar2":{"Value":469856160,"SourceTimestamp":"2024-04-27T18:00:45.1885267Z","ServerTimestamp":"2024-04-27T18:00:45.1885279Z"},"nsu=http://opcfoundation.org/UA/Plc/Applications;s=FastRandomUIntScalar3":{"Value":2335880565,"SourceTimestamp":"2024-04-27T18:00:45.18853Z","ServerTimestamp":"2024-04-27T18:00:45.188531Z"},"nsu=http://opcfoundation.org/UA/Plc/Applications;s=NegativeTrendData":{"Value":99.5,"SourceTimestamp":"2024-04-27T18:00:45.2961531Z","ServerTimestamp":"2024-04-27T18:00:45.2961559Z"},"nsu=http://opcfoundation.org/UA/Plc/Applications;s=PositiveTrendData":{"Value":100.2,"SourceTimestamp":"2024-04-27T18:00:45.2961605Z","ServerTimestamp":"2024-04-27T18:00:45.2961708Z"},"nsu=http://opcfoundation.org/UA/Plc/Applications;s=SpikeData":{"Value":1000,"SourceTimestamp":"2024-04-27T18:00:46.096079Z","ServerTimestamp":"2024-04-27T18:00:46.096083Z"}}]