[{"nsu=http://opcfoundation.org/UA/Plc/Applications;s=StepUp":{"Value":69,"SourceTimestamp":"2024-04-27T17:59:57.0950098Z","ServerTimestamp":"2024-04-27T17:59:57.0950112Z"},"nsu=http://opcfoundation.org/UA/Plc/Applications;s=RandomSignedInt32":{"Value":824841081,"SourceTimestamp":"2024-04-27T17:59:57.0949847Z","ServerTimestamp":"2024-04-27T17:59:57.094988Z"},"nsu=http://opcfoundation.org/UA/Plc/Applications;s=RandomUnsignedInt32":{"Value":1806511321,"SourceTimestamp":"2024-04-27T17:59:57.0949905Z","ServerTimestamp":"2024-04-27T17:59:57.0950208Z"},"nsu=http://opcfoundation.org/UA/Plc/Applications;s=DipData":{"Value":-77.051324277578942,"SourceTimestamp":"2024-04-27T17:59:57.0950831Z","ServerTimestamp":"2024-04-27T17:59:57.0950842Z"},"nsu=http://opcfoundation.org/UA/Plc/Applications;s=FastUIntScalar1":{"Value":6,"SourceTimestamp":"2024-04-27T17:59:56.1939772Z","ServerTimestamp":"2024-04-27T17:59:56.1939848Z"},"nsu=http://opcfoundation.org/UA/Plc/Applications;s=FastUIntScalar2":{"Value":6,"SourceTimestamp":"2024-04-27T17:59:56.1939871Z","ServerTimestamp":"2024-04-27T17:59:56.1939885Z"},"nsu=http://opcfoundation.org/UA/Plc/Applications;s=FastUIntScalar3":{"Value":6,"SourceTimestamp":"2024-04-27T17:59:56.1939896Z","ServerTimestamp":"2024-04-27T17:59:56.193998Z"},"nsu=http://opcfoundation.org/UA/Plc/Applications;s=FastRandomUIntScalar1":{"Value":1695767017,"SourceTimestamp":"2024-04-27T17:59:56.1939783Z","ServerTimestamp":"2024-04-27T17:59:56.1939797Z"},"nsu=http://opcfoundation.org/UA/Plc/Applications;s=FastRandomUIntScalar2":{"Value":3203282284,"SourceTimestamp":"2024-04-27T17:59:56.1939847Z","ServerTimestamp":"2024-04-27T17:59:56.1939873Z"},"nsu=http://opcfoundation.org/UA/Plc/Applications;s=FastRandomUIntScalar3":{"Value":3749189430,"SourceTimestamp":"2024-04-27T17:59:56.1939885Z","ServerTimestamp":"2024-04-27T17:59:56.1939896Z"},"nsu=http://opcfoundation.org/UA/Plc/Applications;s=SpikeData":{"Value":-77.051324277578942,"SourceTimestamp":"2024-04-27T17:59:57.0951136Z","ServerTimestamp":"2024-04-27T17:59:57.0951149Z"}}]