[{"nsu=http://opcfoundation.org/UA/Plc/Applications;s=StepUp":{"Value":589,"SourceTimestamp":"2024-04-27T18:00:49.0953289Z","ServerTimestamp":"2024-04-27T18:00:49.095331Z"},"nsu=http://opcfoundation.org/UA/Plc/Applications;s=RandomSignedInt32":{"Value":1237234209,"SourceTimestamp":"2024-04-27T18:00:49.0952693Z","ServerTimestamp":"2024-04-27T18:00:49.0952747Z"},"nsu=http://opcfoundation.org/UA/Plc/Applications;s=RandomUnsignedInt32":{"Value":276358022,"SourceTimestamp":"2024-04-27T18:00:49.0953141Z","ServerTimestamp":"2024-04-27T18:00:49.0953179Z"},"nsu=http://opcfoundation.org/UA/Plc/Applications;s=DipData":{"Value":-1000,"SourceTimestamp":"2024-04-27T18:00:49.0953464Z","ServerTimestamp":"2024-04-27T18:00:49.0953553Z"},"nsu=http://opcfoundation.org/UA/Plc/Applications;s=FastUIntScalar1":{"Value":58,"SourceTimestamp":"2024-04-27T18:00:48.1923395Z","ServerTimestamp":"2024-04-27T18:00:48.1923436Z"},"nsu=http://opcfoundation.org/UA/Plc/Applications;s=FastUIntScalar2":{"Value":58,"SourceTimestamp":"2024-04-27T18:00:48.1923548Z","ServerTimestamp":"2024-04-27T18:00:48.1923557Z"},"nsu=http://opcfoundation.org/UA/Plc/Applications;s=FastUIntScalar3":{"Value":58,"SourceTimestamp":"2024-04-27T18:00:48.1923572Z","ServerTimestamp":"2024-04-27T18:00:48.1923584Z"},"nsu=http://opcfoundation.org/UA/Plc/Applications;s=FastRandomUIntScalar1":{"Value":156390925,"SourceTimestamp":"2024-04-27T18:00:48.1923175Z","ServerTimestamp":"2024-04-27T18:00:48.1923213Z"},"nsu=http://opcfoundation.org/UA/Plc/Applications;s=FastRandomUIntScalar2":{"Value":2620484741,"SourceTimestamp":"2024-04-27T18:00:48.1923366Z","ServerTimestamp":"2024-04-27T18:00:48.1923378Z"},"nsu=http://opcfoundation.org/UA/Plc/Applications;s=FastRandomUIntScalar3":{"Value":2140298708,"SourceTimestamp":"2024-04-27T18:00:48.19234Z","ServerTimestamp":"2024-04-27T18:00:48.192341Z"},"nsu=http://opcfoundation.org/UA/Plc/Applications;s=SpikeData":{"Value":99.80267284282715,"SourceTimestamp":"2024-04-27T18:00:48.9857956Z","ServerTimestamp":"2024-04-27T18:00:48.9858109Z"}}]