[{"nsu=http://opcfoundation.org/UA/Plc/Applications;s=StepUp":{"Value":608,"SourceTimestamp":"2024-04-27T18:00:50.9950133Z","ServerTimestamp":"2024-04-27T18:00:50.9950208Z"},"nsu=http://opcfoundation.org/UA/Plc/Applications;s=AlternatingBoolean":{"Value":true,"SourceTimestamp":"2024-04-27T18:00:50.2852121Z","ServerTimestamp":"2024-04-27T18:00:50.2852198Z"},"nsu=http://opcfoundation.org/UA/Plc/Applications;s=RandomSignedInt32":{"Value":-1757495244,"SourceTimestamp":"2024-04-27T18:00:51.088241Z","ServerTimestamp":"2024-04-27T18:00:51.0882444Z"},"nsu=http://opcfoundation.org/UA/Plc/Applications;s=RandomUnsignedInt32":{"Value":958342028,"SourceTimestamp":"2024-04-27T18:00:51.0882511Z","ServerTimestamp":"2024-04-27T18:00:51.088255Z"},"nsu=http://opcfoundation.org/UA/Plc/Applications;s=DipData":{"Value":-77.0513242775789,"SourceTimestamp":"2024-04-27T18:00:50.9950048Z","ServerTimestamp":"2024-04-27T18:00:50.9950101Z"},"nsu=http://opcfoundation.org/UA/Plc/Applications;s=FastUIntScalar1":{"Value":60,"SourceTimestamp":"2024-04-27T18:00:50.1926236Z","ServerTimestamp":"2024-04-27T18:00:50.1926812Z"},"nsu=http://opcfoundation.org/UA/Plc/Applications;s=FastUIntScalar2":{"Value":60,"SourceTimestamp":"2024-04-27T18:00:50.1926854Z","ServerTimestamp":"2024-04-27T18:00:50.1926891Z"},"nsu=http://opcfoundation.org/UA/Plc/Applications;s=FastUIntScalar3":{"Value":60,"SourceTimestamp":"2024-04-27T18:00:50.1927036Z","ServerTimestamp":"2024-04-27T18:00:50.1927047Z"},"nsu=http://opcfoundation.org/UA/Plc/Applications;s=FastRandomUIntScalar1":{"Value":4061574363,"SourceTimestamp":"2024-04-27T18:00:50.1926278Z","ServerTimestamp":"2024-04-27T18:00:50.1926344Z"},"nsu=http://opcfoundation.org/UA/Plc/Applications;s=FastRandomUIntScalar2":{"Value":101422493,"SourceTimestamp":"2024-04-27T18:00:50.1926392Z","ServerTimestamp":"2024-04-27T18:00:50.1927307Z"},"nsu=http://opcfoundation.org/UA/Plc/Applications;s=FastRandomUIntScalar3":{"Value":4062323913,"SourceTimestamp":"2024-04-27T18:00:50.1927369Z","ServerTimestamp":"2024-04-27T18:00:50.1927385Z"},"nsu=http://opcfoundation.org/UA/Plc/Applications;s=NegativeTrendData":{"Value":99.400000000000006,"SourceTimestamp":"2024-04-27T18:00:50.2852248Z","ServerTimestamp":"2024-04-27T18:00:50.2852258Z"},"nsu=http://opcfoundation.org/UA/Plc/Applications;s=PositiveTrendData":{"Value":100.3,"SourceTimestamp":"2024-04-27T18:00:50.2852238Z","ServerTimestamp":"2024-04-27T18:00:50.2852246Z"},"nsu=http://opcfoundation.org/UA/Plc/Applications;s=SlowUIntScalar1":{"Value":6,"SourceTimestamp":"2024-04-27T18:00:50.1924766Z","ServerTimestamp":"2024-04-27T18:00:50.1924804Z"},"nsu=http://opcfoundation.org/UA/Plc/Applications;s=SlowUIntScalar2":{"Value":6,"SourceTimestamp":"2024-04-27T18:00:50.1925908Z","ServerTimestamp":"2024-04-27T18:00:50.1925937Z"},"nsu=http://opcfoundation.org/UA/Plc/Applications;s=SlowUIntScalar3":{"Value":6,"SourceTimestamp":"2024-04-27T18:00:50.1925985Z","ServerTimestamp":"2024-04-27T18:00:50.1925999Z"},"nsu=http://opcfoundation.org/UA/Plc/Applications;s=BadSlowUIntScalar1":{"Value":6,"SourceTimestamp":"2024-04-27T18:00:50.1926025Z","ServerTimestamp":"2024-04-27T18:00:50.1926157Z"},"nsu=http://opcfoundation.org/UA/Plc/Applications;s=SlowRandomUIntScalar1":{"Value":3352628513,"SourceTimestamp":"2024-04-27T18:00:50.1926234Z","ServerTimestamp":"2024-04-27T18:00:50.1926293Z"},"nsu=http://opcfoundation.org/UA/Plc/Applications;s=SlowRandomUIntScalar2":{"Value":1890846167,"SourceTimestamp":"2024-04-27T18:00:50.1926344Z","ServerTimestamp":"2024-04-27T18:00:50.1926491Z"},"nsu=http://opcfoundation.org/UA/Plc/Applications;s=SlowRandomUIntScalar3":{"Value":3886848634,"SourceTimestamp":"2024-04-27T18:00:50.1926515Z","ServerTimestamp":"2024-04-27T18:00:50.1927536Z"},"nsu=http://opcfoundation.org/UA/Plc/Applications;s=BadSlowRandomUIntScalar1":{"Value":990483352,"SourceTimestamp":"2024-04-27T18:00:50.1927631Z","ServerTimestamp":"2024-04-27T18:00:50.1927646Z"},"nsu=http://opcfoundation.org/UA/Plc/Applications;s=SpikeData":{"Value":-77.0513242775789,"SourceTimestamp":"2024-04-27T18:00:50.995012Z","ServerTimestamp":"2024-04-27T18:00:50.9950127Z"}}]