[{"nsu=http://opcfoundation.org/UA/Plc/Applications;s=StepUp":{"Value":678,"SourceTimestamp":"2024-04-27T18:00:57.9965918Z","ServerTimestamp":"2024-04-27T18:00:57.9965934Z"},"nsu=http://opcfoundation.org/UA/Plc/Applications;s=RandomSignedInt32":{"Value":752639811,"SourceTimestamp":"2024-04-27T18:00:58.0899175Z","ServerTimestamp":"2024-04-27T18:00:58.0899205Z"},"nsu=http://opcfoundation.org/UA/Plc/Applications;s=RandomUnsignedInt32":{"Value":773942717,"SourceTimestamp":"2024-04-27T18:00:57.9965642Z","ServerTimestamp":"2024-04-27T18:00:57.9965877Z"},"nsu=http://opcfoundation.org/UA/Plc/Applications;s=DipData":{"Value":24.868988716485482,"SourceTimestamp":"2024-04-27T18:00:57.9965963Z","ServerTimestamp":"2024-04-27T18:00:57.9965986Z"},"nsu=http://opcfoundation.org/UA/Plc/Applications;s=FastUIntScalar1":{"Value":67,"SourceTimestamp":"2024-04-27T18:00:57.1897931Z","ServerTimestamp":"2024-04-27T18:00:57.1898075Z"},"nsu=http://opcfoundation.org/UA/Plc/Applications;s=FastUIntScalar2":{"Value":67,"SourceTimestamp":"2024-04-27T18:00:57.1898122Z","ServerTimestamp":"2024-04-27T18:00:57.1898139Z"},"nsu=http://opcfoundation.org/UA/Plc/Applications;s=FastUIntScalar3":{"Value":67,"SourceTimestamp":"2024-04-27T18:00:57.1898258Z","ServerTimestamp":"2024-04-27T18:00:57.1898269Z"},"nsu=http://opcfoundation.org/UA/Plc/Applications;s=FastRandomUIntScalar1":{"Value":1864794239,"SourceTimestamp":"2024-04-27T18:00:57.1897962Z","ServerTimestamp":"2024-04-27T18:00:57.1898019Z"},"nsu=http://opcfoundation.org/UA/Plc/Applications;s=FastRandomUIntScalar2":{"Value":286693340,"SourceTimestamp":"2024-04-27T18:00:57.1898053Z","ServerTimestamp":"2024-04-27T18:00:57.189806Z"},"nsu=http://opcfoundation.org/UA/Plc/Applications;s=FastRandomUIntScalar3":{"Value":1199774678,"SourceTimestamp":"2024-04-27T18:00:57.1898073Z","ServerTimestamp":"2024-04-27T18:00:57.1898122Z"},"nsu=http://opcfoundation.org/UA/Plc/Applications;s=SpikeData":{"Value":24.868988716485482,"SourceTimestamp":"2024-04-27T18:00:57.9966036Z","ServerTimestamp":"2024-04-27T18:00:57.9966042Z"}}]