[{"nsu=http://opcfoundation.org/UA/Plc/Applications;s=StepUp":{"Value":708,"SourceTimestamp":"2024-04-27T18:01:00.983731Z","ServerTimestamp":"2024-04-27T18:01:00.9837549Z"},"nsu=http://opcfoundation.org/UA/Plc/Applications;s=AlternatingBoolean":{"Value":true,"SourceTimestamp":"2024-04-27T18:01:00.2839859Z","ServerTimestamp":"2024-04-27T18:01:00.2839901Z"},"nsu=http://opcfoundation.org/UA/Plc/Applications;s=RandomSignedInt32":{"Value":-1463143434,"SourceTimestamp":"2024-04-27T18:01:00.9837065Z","ServerTimestamp":"2024-04-27T18:01:00.9837101Z"},"nsu=http://opcfoundation.org/UA/Plc/Applications;s=RandomUnsignedInt32":{"Value":583211645,"SourceTimestamp":"2024-04-27T18:01:00.9837147Z","ServerTimestamp":"2024-04-27T18:01:00.9837259Z"},"nsu=http://opcfoundation.org/UA/Plc/Applications;s=DipData":{"Value":-77.0513242775789,"SourceTimestamp":"2024-04-27T18:01:00.9837342Z","ServerTimestamp":"2024-04-27T18:01:00.9837411Z"},"nsu=http://opcfoundation.org/UA/Plc/Applications;s=FastUIntScalar1":{"Value":70,"SourceTimestamp":"2024-04-27T18:01:00.1897497Z","ServerTimestamp":"2024-04-27T18:01:00.1897503Z"},"nsu=http://opcfoundation.org/UA/Plc/Applications;s=FastUIntScalar2":{"Value":70,"SourceTimestamp":"2024-04-27T18:01:00.1897514Z","ServerTimestamp":"2024-04-27T18:01:00.1897519Z"},"nsu=http://opcfoundation.org/UA/Plc/Applications;s=FastUIntScalar3":{"Value":70,"SourceTimestamp":"2024-04-27T18:01:00.1897525Z","ServerTimestamp":"2024-04-27T18:01:00.1897529Z"},"nsu=http://opcfoundation.org/UA/Plc/Applications;s=FastRandomUIntScalar1":{"Value":230309368,"SourceTimestamp":"2024-04-27T18:01:00.1897526Z","ServerTimestamp":"2024-04-27T18:01:00.1897544Z"},"nsu=http://opcfoundation.org/UA/Plc/Applications;s=FastRandomUIntScalar2":{"Value":651365633,"SourceTimestamp":"2024-04-27T18:01:00.1897585Z","ServerTimestamp":"2024-04-27T18:01:00.1897592Z"},"nsu=http://opcfoundation.org/UA/Plc/Applications;s=FastRandomUIntScalar3":{"Value":2235228143,"SourceTimestamp":"2024-04-27T18:01:00.1897606Z","ServerTimestamp":"2024-04-27T18:01:00.1897611Z"},"nsu=http://opcfoundation.org/UA/Plc/Applications;s=NegativeTrendData":{"Value":99.200000000000003,"SourceTimestamp":"2024-04-27T18:01:00.283959Z","ServerTimestamp":"2024-04-27T18:01:00.2840052Z"},"nsu=http://opcfoundation.org/UA/Plc/Applications;s=PositiveTrendData":{"Value":100.5,"SourceTimestamp":"2024-04-27T18:01:00.2839659Z","ServerTimestamp":"2024-04-27T18:01:00.2840235Z"},"nsu=http://opcfoundation.org/UA/Plc/Applications;s=SlowUIntScalar1":{"Value":7,"SourceTimestamp":"2024-04-27T18:01:00.1897191Z","ServerTimestamp":"2024-04-27T18:01:00.1897218Z"},"nsu=http://opcfoundation.org/UA/Plc/Applications;s=SlowUIntScalar2":{"Value":7,"SourceTimestamp":"2024-04-27T18:01:00.1897314Z","ServerTimestamp":"2024-04-27T18:01:00.1897319Z"},"nsu=http://opcfoundation.org/UA/Plc/Applications;s=SlowUIntScalar3":{"Value":7,"SourceTimestamp":"2024-04-27T18:01:00.1897328Z","ServerTimestamp":"2024-04-27T18:01:00.1897333Z"},"nsu=http://opcfoundation.org/UA/Plc/Applications;s=BadSlowUIntScalar1":{"Value":7,"SourceTimestamp":"2024-04-27T18:01:00.1897342Z","ServerTimestamp":"2024-04-27T18:01:00.1897345Z"},"nsu=http://opcfoundation.org/UA/Plc/Applications;s=SlowRandomUIntScalar1":{"Value":1267092513,"SourceTimestamp":"2024-04-27T18:01:00.1897352Z","ServerTimestamp":"2024-04-27T18:01:00.189737Z"},"nsu=http://opcfoundation.org/UA/Plc/Applications;s=SlowRandomUIntScalar2":{"Value":2441177388,"SourceTimestamp":"2024-04-27T18:01:00.189743Z","ServerTimestamp":"2024-04-27T18:01:00.1897435Z"},"nsu=http://opcfoundation.org/UA/Plc/Applications;s=SlowRandomUIntScalar3":{"Value":2107480785,"SourceTimestamp":"2024-04-27T18:01:00.1897446Z","ServerTimestamp":"2024-04-27T18:01:00.1897453Z"},"nsu=http://opcfoundation.org/UA/Plc/Applications;s=BadSlowRandomUIntScalar1":{"Value":1892600556,"SourceTimestamp":"2024-04-27T18:01:00.1897462Z","ServerTimestamp":"2024-04-27T18:01:00.1897466Z"},"nsu=http://opcfoundation.org/UA/Plc/Applications;s=SpikeData":{"Value":-77.0513242775789,"SourceTimestamp":"2024-04-27T18:01:00.9837461Z","ServerTimestamp":"2024-04-27T18:01:00.9837468Z"}}]