[{"nsu=http://opcfoundation.org/UA/Plc/Applications;s=StepUp":{"Value":759,"SourceTimestamp":"2024-04-27T18:01:06.0857515Z","ServerTimestamp":"2024-04-27T18:01:06.0857579Z"},"nsu=http://opcfoundation.org/UA/Plc/Applications;s=AlternatingBoolean":{"Value":false,"SourceTimestamp":"2024-04-27T18:01:05.2948127Z","ServerTimestamp":"2024-04-27T18:01:05.2948138Z"},"nsu=http://opcfoundation.org/UA/Plc/Applications;s=RandomSignedInt32":{"Value":-1097644379,"SourceTimestamp":"2024-04-27T18:01:06.0856987Z","ServerTimestamp":"2024-04-27T18:01:06.0857034Z"},"nsu=http://opcfoundation.org/UA/Plc/Applications;s=RandomUnsignedInt32":{"Value":129105664,"SourceTimestamp":"2024-04-27T18:01:06.0857312Z","ServerTimestamp":"2024-04-27T18:01:06.0857348Z"},"nsu=http://opcfoundation.org/UA/Plc/Applications;s=DipData":{"Value":-84.432792550201498,"SourceTimestamp":"2024-04-27T18:01:06.0857612Z","ServerTimestamp":"2024-04-27T18:01:06.0857703Z"},"nsu=http://opcfoundation.org/UA/Plc/Applications;s=FastUIntScalar1":{"Value":75,"SourceTimestamp":"2024-04-27T18:01:05.186844Z","ServerTimestamp":"2024-04-27T18:01:05.186862Z"},"nsu=http://opcfoundation.org/UA/Plc/Applications;s=FastUIntScalar2":{"Value":75,"SourceTimestamp":"2024-04-27T18:01:05.1868727Z","ServerTimestamp":"2024-04-27T18:01:05.1868763Z"},"nsu=http://opcfoundation.org/UA/Plc/Applications;s=FastUIntScalar3":{"Value":75,"SourceTimestamp":"2024-04-27T18:01:05.1869019Z","ServerTimestamp":"2024-04-27T18:01:05.186905Z"},"nsu=http://opcfoundation.org/UA/Plc/Applications;s=FastRandomUIntScalar1":{"Value":2616196059,"SourceTimestamp":"2024-04-27T18:01:05.1868099Z","ServerTimestamp":"2024-04-27T18:01:05.1868163Z"},"nsu=http://opcfoundation.org/UA/Plc/Applications;s=FastRandomUIntScalar2":{"Value":1026632289,"SourceTimestamp":"2024-04-27T18:01:05.1868214Z","ServerTimestamp":"2024-04-27T18:01:05.1868325Z"},"nsu=http://opcfoundation.org/UA/Plc/Applications;s=FastRandomUIntScalar3":{"Value":1526575113,"SourceTimestamp":"2024-04-27T18:01:05.1868349Z","ServerTimestamp":"2024-04-27T18:01:05.1868359Z"},"nsu=http://opcfoundation.org/UA/Plc/Applications;s=NegativeTrendData":{"Value":99.099999999999994,"SourceTimestamp":"2024-04-27T18:01:05.2948238Z","ServerTimestamp":"2024-04-27T18:01:05.2948266Z"},"nsu=http://opcfoundation.org/UA/Plc/Applications;s=PositiveTrendData":{"Value":100.59999999999999,"SourceTimestamp":"2024-04-27T18:01:05.2948226Z","ServerTimestamp":"2024-04-27T18:01:05.2948234Z"},"nsu=http://opcfoundation.org/UA/Plc/Applications;s=SpikeData":{"Value":-84.432792550201498,"SourceTimestamp":"2024-04-27T18:01:06.0857729Z","ServerTimestamp":"2024-04-27T18:01:06.0857766Z"}}]