[{"nsu=http://opcfoundation.org/UA/Plc/Applications;s=StepUp":{"Value":809,"SourceTimestamp":"2024-04-27T18:01:11.0967937Z","ServerTimestamp":"2024-04-27T18:01:11.0967961Z"},"nsu=http://opcfoundation.org/UA/Plc/Applications;s=AlternatingBoolean":{"Value":true,"SourceTimestamp":"2024-04-27T18:01:10.2918169Z","ServerTimestamp":"2024-04-27T18:01:10.2918258Z"},"nsu=http://opcfoundation.org/UA/Plc/Applications;s=RandomSignedInt32":{"Value":-1785858158,"SourceTimestamp":"2024-04-27T18:01:11.096776Z","ServerTimestamp":"2024-04-27T18:01:11.0967793Z"},"nsu=http://opcfoundation.org/UA/Plc/Applications;s=RandomUnsignedInt32":{"Value":1976064986,"SourceTimestamp":"2024-04-27T18:01:11.0967796Z","ServerTimestamp":"2024-04-27T18:01:11.0968197Z"},"nsu=http://opcfoundation.org/UA/Plc/Applications;s=DipData":{"Value":-84.432792550201498,"SourceTimestamp":"2024-04-27T18:01:11.0968196Z","ServerTimestamp":"2024-04-27T18:01:11.0968225Z"},"nsu=http://opcfoundation.org/UA/Plc/Applications;s=FastUIntScalar1":{"Value":80,"SourceTimestamp":"2024-04-27T18:01:10.1826979Z","ServerTimestamp":"2024-04-27T18:01:10.1827012Z"},"nsu=http://opcfoundation.org/UA/Plc/Applications;s=FastUIntScalar2":{"Value":80,"SourceTimestamp":"2024-04-27T18:01:10.1827059Z","ServerTimestamp":"2024-04-27T18:01:10.1827066Z"},"nsu=http://opcfoundation.org/UA/Plc/Applications;s=FastUIntScalar3":{"Value":80,"SourceTimestamp":"2024-04-27T18:01:10.1827077Z","ServerTimestamp":"2024-04-27T18:01:10.1827089Z"},"nsu=http://opcfoundation.org/UA/Plc/Applications;s=FastRandomUIntScalar1":{"Value":906086830,"SourceTimestamp":"2024-04-27T18:01:10.1826976Z","ServerTimestamp":"2024-04-27T18:01:10.1826983Z"},"nsu=http://opcfoundation.org/UA/Plc/Applications;s=FastRandomUIntScalar2":{"Value":274414112,"SourceTimestamp":"2024-04-27T18:01:10.1826994Z","ServerTimestamp":"2024-04-27T18:01:10.1827077Z"},"nsu=http://opcfoundation.org/UA/Plc/Applications;s=FastRandomUIntScalar3":{"Value":3301248929,"SourceTimestamp":"2024-04-27T18:01:10.182709Z","ServerTimestamp":"2024-04-27T18:01:10.1827099Z"},"nsu=http://opcfoundation.org/UA/Plc/Applications;s=NegativeTrendData":{"Value":99,"SourceTimestamp":"2024-04-27T18:01:10.2918374Z","ServerTimestamp":"2024-04-27T18:01:10.2918955Z"},"nsu=http://opcfoundation.org/UA/Plc/Applications;s=PositiveTrendData":{"Value":100.7,"SourceTimestamp":"2024-04-27T18:01:10.291857Z","ServerTimestamp":"2024-04-27T18:01:10.2918735Z"},"nsu=http://opcfoundation.org/UA/Plc/Applications;s=SlowUIntScalar1":{"Value":8,"SourceTimestamp":"2024-04-27T18:01:10.182657Z","ServerTimestamp":"2024-04-27T18:01:10.182659Z"},"nsu=http://opcfoundation.org/UA/Plc/Applications;s=SlowUIntScalar2":{"Value":8,"SourceTimestamp":"2024-04-27T18:01:10.1826671Z","ServerTimestamp":"2024-04-27T18:01:10.1826676Z"},"nsu=http://opcfoundation.org/UA/Plc/Applications;s=SlowUIntScalar3":{"Value":8,"SourceTimestamp":"2024-04-27T18:01:10.1826689Z","ServerTimestamp":"2024-04-27T18:01:10.1826693Z"},"nsu=http://opcfoundation.org/UA/Plc/Applications;s=BadSlowUIntScalar1":{"Value":8,"StatusCode":{"Symbol":"UncertainLastUsableValue","Code":1083179008},"SourceTimestamp":"2024-04-27T18:01:10.1826703Z","ServerTimestamp":"2024-04-27T18:01:10.1826707Z"},"nsu=http://opcfoundation.org/UA/Plc/Applications;s=SlowRandomUIntScalar1":{"Value":2819832771,"SourceTimestamp":"2024-04-27T18:01:10.1826974Z","ServerTimestamp":"2024-04-27T18:01:10.1827206Z"},"nsu=http://opcfoundation.org/UA/Plc/Applications;s=SlowRandomUIntScalar2":{"Value":2262394573,"SourceTimestamp":"2024-04-27T18:01:10.1827266Z","ServerTimestamp":"2024-04-27T18:01:10.1827298Z"},"nsu=http://opcfoundation.org/UA/Plc/Applications;s=SlowRandomUIntScalar3":{"Value":1035235382,"SourceTimestamp":"2024-04-27T18:01:10.1827312Z","ServerTimestamp":"2024-04-27T18:01:10.1827329Z"},"nsu=http://opcfoundation.org/UA/Plc/Applications;s=BadSlowRandomUIntScalar1":{"Value":3753872964,"StatusCode":{"Symbol":"UncertainLastUsableValue","Code":1083179008},"SourceTimestamp":"2024-04-27T18:01:10.1827342Z","ServerTimestamp":"2024-04-27T18:01:10.1827368Z"},"nsu=http://opcfoundation.org/UA/Plc/Applications;s=SpikeData":{"Value":-84.432792550201498,"SourceTimestamp":"2024-04-27T18:01:11.0968268Z","ServerTimestamp":"2024-04-27T18:01:11.0968312Z"}}]