[{"nsu=http://opcfoundation.org/UA/Plc/Applications;s=StepUp":{"Value":819,"SourceTimestamp":"2024-04-27T18:01:12.0938701Z","ServerTimestamp":"2024-04-27T18:01:12.0938834Z"},"nsu=http://opcfoundation.org/UA/Plc/Applications;s=RandomSignedInt32":{"Value":1099412884,"SourceTimestamp":"2024-04-27T18:01:12.0938434Z","ServerTimestamp":"2024-04-27T18:01:12.0938479Z"},"nsu=http://opcfoundation.org/UA/Plc/Applications;s=RandomUnsignedInt32":{"Value":790266795,"SourceTimestamp":"2024-04-27T18:01:12.0938602Z","ServerTimestamp":"2024-04-27T18:01:12.0938987Z"},"nsu=http://opcfoundation.org/UA/Plc/Applications;s=DipData":{"Value":-77.051324277578942,"SourceTimestamp":"2024-04-27T18:01:12.0938906Z","ServerTimestamp":"2024-04-27T18:01:12.093892Z"},"nsu=http://opcfoundation.org/UA/Plc/Applications;s=FastUIntScalar1":{"Value":81,"SourceTimestamp":"2024-04-27T18:01:11.1888294Z","ServerTimestamp":"2024-04-27T18:01:11.188848Z"},"nsu=http://opcfoundation.org/UA/Plc/Applications;s=FastUIntScalar2":{"Value":81,"SourceTimestamp":"2024-04-27T18:01:11.188856Z","ServerTimestamp":"2024-04-27T18:01:11.1888592Z"},"nsu=http://opcfoundation.org/UA/Plc/Applications;s=FastUIntScalar3":{"Value":81,"SourceTimestamp":"2024-04-27T18:01:11.1888609Z","ServerTimestamp":"2024-04-27T18:01:11.1888623Z"},"nsu=http://opcfoundation.org/UA/Plc/Applications;s=FastRandomUIntScalar1":{"Value":3702635490,"SourceTimestamp":"2024-04-27T18:01:11.1888345Z","ServerTimestamp":"2024-04-27T18:01:11.1888562Z"},"nsu=http://opcfoundation.org/UA/Plc/Applications;s=FastRandomUIntScalar2":{"Value":1360903985,"SourceTimestamp":"2024-04-27T18:01:11.188859Z","ServerTimestamp":"2024-04-27T18:01:11.1888609Z"},"nsu=http://opcfoundation.org/UA/Plc/Applications;s=FastRandomUIntScalar3":{"Value":3668307154,"SourceTimestamp":"2024-04-27T18:01:11.1888623Z","ServerTimestamp":"2024-04-27T18:01:11.1888641Z"},"nsu=http://opcfoundation.org/UA/Plc/Applications;s=SpikeData":{"Value":-77.051324277578942,"SourceTimestamp":"2024-04-27T18:01:12.0939014Z","ServerTimestamp":"2024-04-27T18:01:12.0939039Z"}}]