[{"nsu=http://opcfoundation.org/UA/Plc/Applications;s=StepUp":{"Value":858,"SourceTimestamp":"2024-04-27T18:01:15.9889835Z","ServerTimestamp":"2024-04-27T18:01:15.9889894Z"},"nsu=http://opcfoundation.org/UA/Plc/Applications;s=AlternatingBoolean":{"Value":false,"SourceTimestamp":"2024-04-27T18:01:15.2924247Z","ServerTimestamp":"2024-04-27T18:01:15.2924259Z"},"nsu=http://opcfoundation.org/UA/Plc/Applications;s=RandomSignedInt32":{"Value":-227551862,"SourceTimestamp":"2024-04-27T18:01:15.9889562Z","ServerTimestamp":"2024-04-27T18:01:15.9889586Z"},"nsu=http://opcfoundation.org/UA/Plc/Applications;s=RandomUnsignedInt32":{"Value":1829622407,"SourceTimestamp":"2024-04-27T18:01:15.9889709Z","ServerTimestamp":"2024-04-27T18:01:15.9889725Z"},"nsu=http://opcfoundation.org/UA/Plc/Applications;s=DipData":{"Value":-77.0513242775789,"SourceTimestamp":"2024-04-27T18:01:15.9889943Z","ServerTimestamp":"2024-04-27T18:01:15.988995Z"},"nsu=http://opcfoundation.org/UA/Plc/Applications;s=FastUIntScalar1":{"Value":85,"SourceTimestamp":"2024-04-27T18:01:15.1824598Z","ServerTimestamp":"2024-04-27T18:01:15.1824623Z"},"nsu=http://opcfoundation.org/UA/Plc/Applications;s=FastUIntScalar2":{"Value":85,"SourceTimestamp":"2024-04-27T18:01:15.1824663Z","ServerTimestamp":"2024-04-27T18:01:15.1824668Z"},"nsu=http://opcfoundation.org/UA/Plc/Applications;s=FastUIntScalar3":{"Value":85,"SourceTimestamp":"2024-04-27T18:01:15.1824679Z","ServerTimestamp":"2024-04-27T18:01:15.1824685Z"},"nsu=http://opcfoundation.org/UA/Plc/Applications;s=FastRandomUIntScalar1":{"Value":2476274725,"SourceTimestamp":"2024-04-27T18:01:15.1824598Z","ServerTimestamp":"2024-04-27T18:01:15.1824736Z"},"nsu=http://opcfoundation.org/UA/Plc/Applications;s=FastRandomUIntScalar2":{"Value":3619980550,"SourceTimestamp":"2024-04-27T18:01:15.1824765Z","ServerTimestamp":"2024-04-27T18:01:15.1824811Z"},"nsu=http://opcfoundation.org/UA/Plc/Applications;s=FastRandomUIntScalar3":{"Value":1384125565,"SourceTimestamp":"2024-04-27T18:01:15.1824828Z","ServerTimestamp":"2024-04-27T18:01:15.1824834Z"},"nsu=http://opcfoundation.org/UA/Plc/Applications;s=NegativeTrendData":{"Value":98.900000000000006,"SourceTimestamp":"2024-04-27T18:01:15.2924283Z","ServerTimestamp":"2024-04-27T18:01:15.2924297Z"},"nsu=http://opcfoundation.org/UA/Plc/Applications;s=PositiveTrendData":{"Value":100.8,"SourceTimestamp":"2024-04-27T18:01:15.2924343Z","ServerTimestamp":"2024-04-27T18:01:15.2924461Z"},"nsu=http://opcfoundation.org/UA/Plc/Applications;s=SpikeData":{"Value":-77.0513242775789,"SourceTimestamp":"2024-04-27T18:01:15.9889987Z","ServerTimestamp":"2024-04-27T18:01:15.9889993Z"}}]