[{"nsu=http://opcfoundation.org/UA/Plc/Applications;s=StepUp":{"Value":98,"SourceTimestamp":"2024-04-27T17:59:59.9839564Z","ServerTimestamp":"2024-04-27T17:59:59.9840041Z"},"nsu=http://opcfoundation.org/UA/Plc/Applications;s=RandomSignedInt32":{"Value":129243581,"SourceTimestamp":"2024-04-27T17:59:59.9839153Z","ServerTimestamp":"2024-04-27T17:59:59.9839348Z"},"nsu=http://opcfoundation.org/UA/Plc/Applications;s=RandomUnsignedInt32":{"Value":851302259,"SourceTimestamp":"2024-04-27T17:59:59.9839153Z","ServerTimestamp":"2024-04-27T17:59:59.9839192Z"},"nsu=http://opcfoundation.org/UA/Plc/Applications;s=DipData":{"Value":36.812455268467801,"SourceTimestamp":"2024-04-27T17:59:59.9839839Z","ServerTimestamp":"2024-04-27T17:59:59.9839871Z"},"nsu=http://opcfoundation.org/UA/Plc/Applications;s=FastUIntScalar1":{"Value":9,"SourceTimestamp":"2024-04-27T17:59:59.1935692Z","ServerTimestamp":"2024-04-27T17:59:59.1935738Z"},"nsu=http://opcfoundation.org/UA/Plc/Applications;s=FastUIntScalar2":{"Value":9,"SourceTimestamp":"2024-04-27T17:59:59.1935786Z","ServerTimestamp":"2024-04-27T17:59:59.1935794Z"},"nsu=http://opcfoundation.org/UA/Plc/Applications;s=FastUIntScalar3":{"Value":9,"SourceTimestamp":"2024-04-27T17:59:59.1935806Z","ServerTimestamp":"2024-04-27T17:59:59.1935819Z"},"nsu=http://opcfoundation.org/UA/Plc/Applications;s=FastRandomUIntScalar1":{"Value":3782772713,"SourceTimestamp":"2024-04-27T17:59:59.19357Z","ServerTimestamp":"2024-04-27T17:59:59.1935783Z"},"nsu=http://opcfoundation.org/UA/Plc/Applications;s=FastRandomUIntScalar2":{"Value":61829318,"SourceTimestamp":"2024-04-27T17:59:59.1935795Z","ServerTimestamp":"2024-04-27T17:59:59.1935807Z"},"nsu=http://opcfoundation.org/UA/Plc/Applications;s=FastRandomUIntScalar3":{"Value":2420887807,"SourceTimestamp":"2024-04-27T17:59:59.1935818Z","ServerTimestamp":"2024-04-27T17:59:59.1935836Z"},"nsu=http://opcfoundation.org/UA/Plc/Applications;s=SpikeData":{"Value":36.812455268467801,"SourceTimestamp":"2024-04-27T17:59:59.9839862Z","ServerTimestamp":"2024-04-27T17:59:59.9839952Z"}}]