[{"nsu=http://opcfoundation.org/UA/Plc/Applications;s=StepUp":{"Value":949,"SourceTimestamp":"2024-04-27T18:01:25.0839786Z","ServerTimestamp":"2024-04-27T18:01:25.083982Z"},"nsu=http://opcfoundation.org/UA/Plc/Applications;s=RandomSignedInt32":{"Value":1926476825,"SourceTimestamp":"2024-04-27T18:01:25.0839542Z","ServerTimestamp":"2024-04-27T18:01:25.0839573Z"},"nsu=http://opcfoundation.org/UA/Plc/Applications;s=RandomUnsignedInt32":{"Value":1373062232,"SourceTimestamp":"2024-04-27T18:01:25.0839612Z","ServerTimestamp":"2024-04-27T18:01:25.0839687Z"},"nsu=http://opcfoundation.org/UA/Plc/Applications;s=DipData":{"Value":24.868988716485479,"SourceTimestamp":"2024-04-27T18:01:25.08399Z","ServerTimestamp":"2024-04-27T18:01:25.0839927Z"},"nsu=http://opcfoundation.org/UA/Plc/Applications;s=FastUIntScalar1":{"Value":94,"SourceTimestamp":"2024-04-27T18:01:24.182935Z","ServerTimestamp":"2024-04-27T18:01:24.1829507Z"},"nsu=http://opcfoundation.org/UA/Plc/Applications;s=FastUIntScalar2":{"Value":94,"SourceTimestamp":"2024-04-27T18:01:24.1829565Z","ServerTimestamp":"2024-04-27T18:01:24.1829575Z"},"nsu=http://opcfoundation.org/UA/Plc/Applications;s=FastUIntScalar3":{"Value":94,"SourceTimestamp":"2024-04-27T18:01:24.1829601Z","ServerTimestamp":"2024-04-27T18:01:24.182961Z"},"nsu=http://opcfoundation.org/UA/Plc/Applications;s=FastRandomUIntScalar1":{"Value":2518051745,"SourceTimestamp":"2024-04-27T18:01:24.1829619Z","ServerTimestamp":"2024-04-27T18:01:24.1829644Z"},"nsu=http://opcfoundation.org/UA/Plc/Applications;s=FastRandomUIntScalar2":{"Value":1664629020,"SourceTimestamp":"2024-04-27T18:01:24.1829713Z","ServerTimestamp":"2024-04-27T18:01:24.1829737Z"},"nsu=http://opcfoundation.org/UA/Plc/Applications;s=FastRandomUIntScalar3":{"Value":2528937788,"SourceTimestamp":"2024-04-27T18:01:24.182976Z","ServerTimestamp":"2024-04-27T18:01:24.1829772Z"},"nsu=http://opcfoundation.org/UA/Plc/Applications;s=SpikeData":{"Value":24.868988716485479,"SourceTimestamp":"2024-04-27T18:01:25.0839974Z","ServerTimestamp":"2024-04-27T18:01:25.083999Z"}}]