[{"nsu=http://opcfoundation.org/UA/Plc/Applications;s=StepUp":{"Value":1009,"SourceTimestamp":"2024-04-27T18:01:31.0899898Z","ServerTimestamp":"2024-04-27T18:01:31.0899917Z"},"nsu=http://opcfoundation.org/UA/Plc/Applications;s=AlternatingBoolean":{"Value":true,"SourceTimestamp":"2024-04-27T18:01:30.2905441Z","ServerTimestamp":"2024-04-27T18:01:30.2905449Z"},"nsu=http://opcfoundation.org/UA/Plc/Applications;s=RandomSignedInt32":{"Value":-2145164881,"SourceTimestamp":"2024-04-27T18:01:31.0899613Z","ServerTimestamp":"2024-04-27T18:01:31.0899729Z"},"nsu=http://opcfoundation.org/UA/Plc/Applications;s=RandomUnsignedInt32":{"Value":559093702,"SourceTimestamp":"2024-04-27T18:01:31.0899492Z","ServerTimestamp":"2024-04-27T18:01:31.0899516Z"},"nsu=http://opcfoundation.org/UA/Plc/Applications;s=DipData":{"Value":-84.432792550201498,"SourceTimestamp":"2024-04-27T18:01:31.0899774Z","ServerTimestamp":"2024-04-27T18:01:31.0899802Z"},"nsu=http://opcfoundation.org/UA/Plc/Applications;s=FastUIntScalar1":{"Value":100,"SourceTimestamp":"2024-04-27T18:01:30.1962293Z","ServerTimestamp":"2024-04-27T18:01:30.1962348Z"},"nsu=http://opcfoundation.org/UA/Plc/Applications;s=FastUIntScalar2":{"Value":100,"SourceTimestamp":"2024-04-27T18:01:30.1962366Z","ServerTimestamp":"2024-04-27T18:01:30.1962436Z"},"nsu=http://opcfoundation.org/UA/Plc/Applications;s=FastUIntScalar3":{"Value":100,"SourceTimestamp":"2024-04-27T18:01:30.1962446Z","ServerTimestamp":"2024-04-27T18:01:30.1962462Z"},"nsu=http://opcfoundation.org/UA/Plc/Applications;s=FastRandomUIntScalar1":{"Value":3631103504,"SourceTimestamp":"2024-04-27T18:01:30.1962316Z","ServerTimestamp":"2024-04-27T18:01:30.1962447Z"},"nsu=http://opcfoundation.org/UA/Plc/Applications;s=FastRandomUIntScalar2":{"Value":2748910693,"SourceTimestamp":"2024-04-27T18:01:30.1962463Z","ServerTimestamp":"2024-04-27T18:01:30.1962473Z"},"nsu=http://opcfoundation.org/UA/Plc/Applications;s=FastRandomUIntScalar3":{"Value":676328810,"SourceTimestamp":"2024-04-27T18:01:30.1962519Z","ServerTimestamp":"2024-04-27T18:01:30.1962524Z"},"nsu=http://opcfoundation.org/UA/Plc/Applications;s=NegativeTrendData":{"Value":98.599999999999994,"SourceTimestamp":"2024-04-27T18:01:30.2905544Z","ServerTimestamp":"2024-04-27T18:01:30.2905557Z"},"nsu=http://opcfoundation.org/UA/Plc/Applications;s=PositiveTrendData":{"Value":101.09999999999999,"SourceTimestamp":"2024-04-27T18:01:30.2905654Z","ServerTimestamp":"2024-04-27T18:01:30.2905681Z"},"nsu=http://opcfoundation.org/UA/Plc/Applications;s=SlowUIntScalar1":{"Value":10,"SourceTimestamp":"2024-04-27T18:01:30.1961813Z","ServerTimestamp":"2024-04-27T18:01:30.1961848Z"},"nsu=http://opcfoundation.org/UA/Plc/Applications;s=SlowUIntScalar2":{"Value":10,"SourceTimestamp":"2024-04-27T18:01:30.1962023Z","ServerTimestamp":"2024-04-27T18:01:30.1962029Z"},"nsu=http://opcfoundation.org/UA/Plc/Applications;s=SlowUIntScalar3":{"Value":10,"SourceTimestamp":"2024-04-27T18:01:30.1962043Z","ServerTimestamp":"2024-04-27T18:01:30.1962048Z"},"nsu=http://opcfoundation.org/UA/Plc/Applications;s=BadSlowUIntScalar1":{"Value":null,"StatusCode":{"Symbol":"BadNoCommunication","Code":2150694912},"SourceTimestamp":"2024-04-27T18:01:30.1962078Z","ServerTimestamp":"2024-04-27T18:01:30.1962079Z"},"nsu=http://opcfoundation.org/UA/Plc/Applications;s=SlowRandomUIntScalar1":{"Value":221937146,"SourceTimestamp":"2024-04-27T18:01:30.1962243Z","ServerTimestamp":"2024-04-27T18:01:30.1962252Z"},"nsu=http://opcfoundation.org/UA/Plc/Applications;s=SlowRandomUIntScalar2":{"Value":2759982463,"SourceTimestamp":"2024-04-27T18:01:30.1962268Z","ServerTimestamp":"2024-04-27T18:01:30.1962274Z"},"nsu=http://opcfoundation.org/UA/Plc/Applications;s=SlowRandomUIntScalar3":{"Value":1040126455,"SourceTimestamp":"2024-04-27T18:01:30.1962284Z","ServerTimestamp":"2024-04-27T18:01:30.196261Z"},"nsu=http://opcfoundation.org/UA/Plc/Applications;s=BadSlowRandomUIntScalar1":{"Value":null,"StatusCode":{"Symbol":"BadNoCommunication","Code":2150694912},"SourceTimestamp":"2024-04-27T18:01:30.1962722Z","ServerTimestamp":"2024-04-27T18:01:30.1962722Z"},"nsu=http://opcfoundation.org/UA/Plc/Applications;s=SpikeData":{"Value":-84.432792550201498,"SourceTimestamp":"2024-04-27T18:01:31.0899901Z","ServerTimestamp":"2024-04-27T18:01:31.0899935Z"}}]