[{"nsu=http://opcfoundation.org/UA/Plc/Applications;s=AlternatingBoolean":{"Value":true,"SourceTimestamp":"2024-04-27T18:00:00.2963585Z","ServerTimestamp":"2024-04-27T18:00:00.2963597Z"},"nsu=http://opcfoundation.org/UA/Plc/Applications;s=SlowUIntScalar1":{"Value":1,"SourceTimestamp":"2024-04-27T18:00:00.1866463Z","ServerTimestamp":"2024-04-27T18:00:00.1866496Z"},"nsu=http://opcfoundation.org/UA/Plc/Applications;s=SlowUIntScalar2":{"Value":1,"SourceTimestamp":"2024-04-27T18:00:00.1866597Z","ServerTimestamp":"2024-04-27T18:00:00.1866603Z"},"nsu=http://opcfoundation.org/UA/Plc/Applications;s=SlowUIntScalar3":{"Value":1,"SourceTimestamp":"2024-04-27T18:00:00.1866613Z","ServerTimestamp":"2024-04-27T18:00:00.186662Z"},"nsu=http://opcfoundation.org/UA/Plc/Applications;s=BadSlowUIntScalar1":{"Value":1,"SourceTimestamp":"2024-04-27T18:00:00.1866634Z","ServerTimestamp":"2024-04-27T18:00:00.1866639Z"},"nsu=http://opcfoundation.org/UA/Plc/Applications;s=SlowRandomUIntScalar1":{"Value":3398291817,"SourceTimestamp":"2024-04-27T18:00:00.1866836Z","ServerTimestamp":"2024-04-27T18:00:00.1867107Z"},"nsu=http://opcfoundation.org/UA/Plc/Applications;s=SlowRandomUIntScalar2":{"Value":892722674,"SourceTimestamp":"2024-04-27T18:00:00.1867173Z","ServerTimestamp":"2024-04-27T18:00:00.1867183Z"},"nsu=http://opcfoundation.org/UA/Plc/Applications;s=SlowRandomUIntScalar3":{"Value":3741856339,"SourceTimestamp":"2024-04-27T18:00:00.1867196Z","ServerTimestamp":"2024-04-27T18:00:00.1867214Z"},"nsu=http://opcfoundation.org/UA/Plc/Applications;s=BadSlowRandomUIntScalar1":{"Value":1403300645,"SourceTimestamp":"2024-04-27T18:00:00.1867226Z","ServerTimestamp":"2024-04-27T18:00:00.1867228Z"}}]