[{"nsu=http://opcfoundation.org/UA/Plc/Applications;s=StepUp":{"Value":1048,"SourceTimestamp":"2024-04-27T18:01:34.9971847Z","ServerTimestamp":"2024-04-27T18:01:34.9971894Z"},"nsu=http://opcfoundation.org/UA/Plc/Applications;s=RandomSignedInt32":{"Value":-1084743131,"SourceTimestamp":"2024-04-27T18:01:34.9971405Z","ServerTimestamp":"2024-04-27T18:01:34.9971446Z"},"nsu=http://opcfoundation.org/UA/Plc/Applications;s=RandomUnsignedInt32":{"Value":765983147,"SourceTimestamp":"2024-04-27T18:01:34.9970857Z","ServerTimestamp":"2024-04-27T18:01:34.997091Z"},"nsu=http://opcfoundation.org/UA/Plc/Applications;s=DipData":{"Value":36.812455268467801,"SourceTimestamp":"2024-04-27T18:01:34.9971658Z","ServerTimestamp":"2024-04-27T18:01:34.9971685Z"},"nsu=http://opcfoundation.org/UA/Plc/Applications;s=FastUIntScalar1":{"Value":104,"SourceTimestamp":"2024-04-27T18:01:34.1927946Z","ServerTimestamp":"2024-04-27T18:01:34.1927964Z"},"nsu=http://opcfoundation.org/UA/Plc/Applications;s=FastUIntScalar2":{"Value":104,"SourceTimestamp":"2024-04-27T18:01:34.1928038Z","ServerTimestamp":"2024-04-27T18:01:34.1928063Z"},"nsu=http://opcfoundation.org/UA/Plc/Applications;s=FastUIntScalar3":{"Value":104,"SourceTimestamp":"2024-04-27T18:01:34.1928077Z","ServerTimestamp":"2024-04-27T18:01:34.1928205Z"},"nsu=http://opcfoundation.org/UA/Plc/Applications;s=FastRandomUIntScalar1":{"Value":3126446702,"SourceTimestamp":"2024-04-27T18:01:34.1928023Z","ServerTimestamp":"2024-04-27T18:01:34.1928035Z"},"nsu=http://opcfoundation.org/UA/Plc/Applications;s=FastRandomUIntScalar2":{"Value":647622544,"SourceTimestamp":"2024-04-27T18:01:34.1928064Z","ServerTimestamp":"2024-04-27T18:01:34.1928075Z"},"nsu=http://opcfoundation.org/UA/Plc/Applications;s=FastRandomUIntScalar3":{"Value":4045447986,"SourceTimestamp":"2024-04-27T18:01:34.192809Z","ServerTimestamp":"2024-04-27T18:01:34.1928095Z"},"nsu=http://opcfoundation.org/UA/Plc/Applications;s=SpikeData":{"Value":36.812455268467801,"SourceTimestamp":"2024-04-27T18:01:34.997223Z","ServerTimestamp":"2024-04-27T18:01:34.997226Z"}}]