[{"nsu=http://opcfoundation.org/UA/Plc/Applications;s=StepUp":{"Value":1059,"SourceTimestamp":"2024-04-27T18:01:36.0939194Z","ServerTimestamp":"2024-04-27T18:01:36.0939212Z"},"nsu=http://opcfoundation.org/UA/Plc/Applications;s=AlternatingBoolean":{"Value":false,"SourceTimestamp":"2024-04-27T18:01:35.2923114Z","ServerTimestamp":"2024-04-27T18:01:35.2923145Z"},"nsu=http://opcfoundation.org/UA/Plc/Applications;s=RandomSignedInt32":{"Value":-841018411,"SourceTimestamp":"2024-04-27T18:01:36.0938812Z","ServerTimestamp":"2024-04-27T18:01:36.0938841Z"},"nsu=http://opcfoundation.org/UA/Plc/Applications;s=RandomUnsignedInt32":{"Value":87775932,"SourceTimestamp":"2024-04-27T18:01:36.0938946Z","ServerTimestamp":"2024-04-27T18:01:36.0939154Z"},"nsu=http://opcfoundation.org/UA/Plc/Applications;s=DipData":{"Value":-84.432792550201498,"SourceTimestamp":"2024-04-27T18:01:36.0939214Z","ServerTimestamp":"2024-04-27T18:01:36.093926Z"},"nsu=http://opcfoundation.org/UA/Plc/Applications;s=FastUIntScalar1":{"Value":105,"SourceTimestamp":"2024-04-27T18:01:35.1843615Z","ServerTimestamp":"2024-04-27T18:01:35.1843907Z"},"nsu=http://opcfoundation.org/UA/Plc/Applications;s=FastUIntScalar2":{"Value":105,"SourceTimestamp":"2024-04-27T18:01:35.184394Z","ServerTimestamp":"2024-04-27T18:01:35.1843951Z"},"nsu=http://opcfoundation.org/UA/Plc/Applications;s=FastUIntScalar3":{"Value":105,"SourceTimestamp":"2024-04-27T18:01:35.1843975Z","ServerTimestamp":"2024-04-27T18:01:35.1843983Z"},"nsu=http://opcfoundation.org/UA/Plc/Applications;s=FastRandomUIntScalar1":{"Value":3344542178,"SourceTimestamp":"2024-04-27T18:01:35.1843626Z","ServerTimestamp":"2024-04-27T18:01:35.1843678Z"},"nsu=http://opcfoundation.org/UA/Plc/Applications;s=FastRandomUIntScalar2":{"Value":2786284156,"SourceTimestamp":"2024-04-27T18:01:35.1843757Z","ServerTimestamp":"2024-04-27T18:01:35.1843871Z"},"nsu=http://opcfoundation.org/UA/Plc/Applications;s=FastRandomUIntScalar3":{"Value":3787369379,"SourceTimestamp":"2024-04-27T18:01:35.1843886Z","ServerTimestamp":"2024-04-27T18:01:35.1843894Z"},"nsu=http://opcfoundation.org/UA/Plc/Applications;s=NegativeTrendData":{"Value":98.5,"SourceTimestamp":"2024-04-27T18:01:35.2923218Z","ServerTimestamp":"2024-04-27T18:01:35.2923249Z"},"nsu=http://opcfoundation.org/UA/Plc/Applications;s=PositiveTrendData":{"Value":101.2,"SourceTimestamp":"2024-04-27T18:01:35.2923281Z","ServerTimestamp":"2024-04-27T18:01:35.2923299Z"},"nsu=http://opcfoundation.org/UA/Plc/Applications;s=SpikeData":{"Value":-84.432792550201498,"SourceTimestamp":"2024-04-27T18:01:36.0939362Z","ServerTimestamp":"2024-04-27T18:01:36.0939371Z"}}]