{"nsu=http://opcfoundation.org/UA/Plc/Applications;s=StepUp":{"Value":1085,"SourceTimestamp":"2024-04-28T08:42:37.4874431Z","ServerTimestamp":"2024-04-28T08:42:37.4874439Z"},"nsu=http://opcfoundation.org/UA/Plc/Applications;s=RandomSignedInt32":{"Value":908512467,"SourceTimestamp":"2024-04-28T08:42:37.4874361Z","ServerTimestamp":"2024-04-28T08:42:37.487441Z"},"nsu=http://opcfoundation.org/UA/Plc/Applications;s=RandomUnsignedInt32":{"Value":280279367,"SourceTimestamp":"2024-04-28T08:42:37.4874307Z","ServerTimestamp":"2024-04-28T08:42:37.4874316Z"},"nsu=http://opcfoundation.org/UA/Plc/Applications;s=DipData":{"Value":90.482705246601952,"SourceTimestamp":"2024-04-28T08:42:37.4874325Z","ServerTimestamp":"2024-04-28T08:42:37.4874474Z"},"nsu=http://opcfoundation.org/UA/Plc/Applications;s=FastUIntScalar1":{"Value":114,"SourceTimestamp":"2024-04-28T08:42:36.7879661Z","ServerTimestamp":"2024-04-28T08:42:36.7879685Z"},"nsu=http://opcfoundation.org/UA/Plc/Applications;s=FastUIntScalar2":{"Value":114,"SourceTimestamp":"2024-04-28T08:42:36.7879788Z","ServerTimestamp":"2024-04-28T08:42:36.7879795Z"},"nsu=http://opcfoundation.org/UA/Plc/Applications;s=FastUIntScalar3":{"Value":114,"SourceTimestamp":"2024-04-28T08:42:36.7879809Z","ServerTimestamp":"2024-04-28T08:42:36.7879816Z"},"nsu=http://opcfoundation.org/UA/Plc/Applications;s=FastRandomUIntScalar1":{"Value":3586575302,"SourceTimestamp":"2024-04-28T08:42:36.7879935Z","ServerTimestamp":"2024-04-28T08:42:36.7879955Z"},"nsu=http://opcfoundation.org/UA/Plc/Applications;s=FastRandomUIntScalar2":{"Value":3663120520,"SourceTimestamp":"2024-04-28T08:42:36.7880027Z","ServerTimestamp":"2024-04-28T08:42:36.7880032Z"},"nsu=http://opcfoundation.org/UA/Plc/Applications;s=FastRandomUIntScalar3":{"Value":3815660798,"SourceTimestamp":"2024-04-28T08:42:36.7880043Z","ServerTimestamp":"2024-04-28T08:42:36.7880047Z"},"nsu=http://opcfoundation.org/UA/Plc/Applications;s=SpikeData":{"Value":90.482705246601952,"SourceTimestamp":"2024-04-28T08:42:37.4873994Z","ServerTimestamp":"2024-04-28T08:42:37.4874025Z"}}