{"nsu=http://opcfoundation.org/UA/Plc/Applications;s=AlternatingBoolean":{"Value":true,"SourceTimestamp":"2024-04-28T08:42:39.092771Z","ServerTimestamp":"2024-04-28T08:42:39.092784Z"},"nsu=http://opcfoundation.org/UA/Plc/Applications;s=NegativeTrendData":{"Value":97.799999999999997,"SourceTimestamp":"2024-04-28T08:42:39.0927699Z","ServerTimestamp":"2024-04-28T08:42:39.0927777Z"},"nsu=http://opcfoundation.org/UA/Plc/Applications;s=PositiveTrendData":{"Value":101.40000000000001,"SourceTimestamp":"2024-04-28T08:42:39.092759Z","ServerTimestamp":"2024-04-28T08:42:39.0927614Z"}}