{"nsu=http://opcfoundation.org/UA/Plc/Applications;s=StepUp":{"Value":195,"SourceTimestamp":"2024-04-28T08:41:08.4977098Z","ServerTimestamp":"2024-04-28T08:41:08.4977104Z"},"nsu=http://opcfoundation.org/UA/Plc/Applications;s=RandomSignedInt32":{"Value":1626414791,"SourceTimestamp":"2024-04-28T08:41:08.4977017Z","ServerTimestamp":"2024-04-28T08:41:08.4977025Z"},"nsu=http://opcfoundation.org/UA/Plc/Applications;s=RandomUnsignedInt32":{"Value":2010877466,"SourceTimestamp":"2024-04-28T08:41:08.4976973Z","ServerTimestamp":"2024-04-28T08:41:08.4976979Z"},"nsu=http://opcfoundation.org/UA/Plc/Applications;s=DipData":{"Value":68.454710592868878,"SourceTimestamp":"2024-04-28T08:41:08.4976922Z","ServerTimestamp":"2024-04-28T08:41:08.4976932Z"},"nsu=http://opcfoundation.org/UA/Plc/Applications;s=SlowUIntScalar1":{"Value":2,"SourceTimestamp":"2024-04-28T08:41:02.0252756Z","ServerTimestamp":"2024-04-28T08:41:02.0252764Z"},"nsu=http://opcfoundation.org/UA/Plc/Applications;s=SlowUIntScalar2":{"Value":2,"SourceTimestamp":"2024-04-28T08:41:02.0252776Z","ServerTimestamp":"2024-04-28T08:41:02.0252781Z"},"nsu=http://opcfoundation.org/UA/Plc/Applications;s=SlowUIntScalar3":{"Value":2,"SourceTimestamp":"2024-04-28T08:41:02.0252788Z","ServerTimestamp":"2024-04-28T08:41:02.0252794Z"},"nsu=http://opcfoundation.org/UA/Plc/Applications;s=BadSlowUIntScalar1":{"Value":2,"SourceTimestamp":"2024-04-28T08:41:02.0252804Z","ServerTimestamp":"2024-04-28T08:41:02.0252809Z"},"nsu=http://opcfoundation.org/UA/Plc/Applications;s=SlowRandomUIntScalar1":{"Value":1800915240,"SourceTimestamp":"2024-04-28T08:41:02.0252579Z","ServerTimestamp":"2024-04-28T08:41:02.02526Z"},"nsu=http://opcfoundation.org/UA/Plc/Applications;s=SlowRandomUIntScalar2":{"Value":302277655,"SourceTimestamp":"2024-04-28T08:41:02.0252687Z","ServerTimestamp":"2024-04-28T08:41:02.0252693Z"},"nsu=http://opcfoundation.org/UA/Plc/Applications;s=SlowRandomUIntScalar3":{"Value":1101427841,"SourceTimestamp":"2024-04-28T08:41:02.0252704Z","ServerTimestamp":"2024-04-28T08:41:02.0252709Z"},"nsu=http://opcfoundation.org/UA/Plc/Applications;s=BadSlowRandomUIntScalar1":{"Value":1080502185,"SourceTimestamp":"2024-04-28T08:41:02.0252723Z","ServerTimestamp":"2024-04-28T08:41:02.0252727Z"},"nsu=http://opcfoundation.org/UA/Plc/Applications;s=SpikeData":{"Value":68.454710592868878,"SourceTimestamp":"2024-04-28T08:41:08.4975225Z","ServerTimestamp":"2024-04-28T08:41:08.4975263Z"}}