{"nsu=http://opcfoundation.org/UA/Plc/Applications;s=StepUp":{"Value":215,"SourceTimestamp":"2024-04-28T08:41:10.5004767Z","ServerTimestamp":"2024-04-28T08:41:10.5004787Z"},"nsu=http://opcfoundation.org/UA/Plc/Applications;s=RandomSignedInt32":{"Value":-590448831,"SourceTimestamp":"2024-04-28T08:41:10.5004727Z","ServerTimestamp":"2024-04-28T08:41:10.5004734Z"},"nsu=http://opcfoundation.org/UA/Plc/Applications;s=RandomUnsignedInt32":{"Value":1014678459,"SourceTimestamp":"2024-04-28T08:41:10.5004676Z","ServerTimestamp":"2024-04-28T08:41:10.5004682Z"},"nsu=http://opcfoundation.org/UA/Plc/Applications;s=DipData":{"Value":-98.228725072868869,"SourceTimestamp":"2024-04-28T08:41:10.5004631Z","ServerTimestamp":"2024-04-28T08:41:10.5004637Z"},"nsu=http://opcfoundation.org/UA/Plc/Applications;s=FastUIntScalar1":{"Value":27,"SourceTimestamp":"2024-04-28T08:41:09.7959326Z","ServerTimestamp":"2024-04-28T08:41:09.7959347Z"},"nsu=http://opcfoundation.org/UA/Plc/Applications;s=FastUIntScalar2":{"Value":27,"SourceTimestamp":"2024-04-28T08:41:09.7959435Z","ServerTimestamp":"2024-04-28T08:41:09.7959442Z"},"nsu=http://opcfoundation.org/UA/Plc/Applications;s=FastUIntScalar3":{"Value":27,"SourceTimestamp":"2024-04-28T08:41:09.7959456Z","ServerTimestamp":"2024-04-28T08:41:09.7959461Z"},"nsu=http://opcfoundation.org/UA/Plc/Applications;s=FastRandomUIntScalar1":{"Value":3338201288,"SourceTimestamp":"2024-04-28T08:41:09.795951Z","ServerTimestamp":"2024-04-28T08:41:09.7959517Z"},"nsu=http://opcfoundation.org/UA/Plc/Applications;s=FastRandomUIntScalar2":{"Value":494097447,"SourceTimestamp":"2024-04-28T08:41:09.795953Z","ServerTimestamp":"2024-04-28T08:41:09.7959533Z"},"nsu=http://opcfoundation.org/UA/Plc/Applications;s=FastRandomUIntScalar3":{"Value":3592189981,"SourceTimestamp":"2024-04-28T08:41:09.7959541Z","ServerTimestamp":"2024-04-28T08:41:09.7959543Z"},"nsu=http://opcfoundation.org/UA/Plc/Applications;s=SpikeData":{"Value":-98.228725072868869,"SourceTimestamp":"2024-04-28T08:41:10.50039Z","ServerTimestamp":"2024-04-28T08:41:10.5003934Z"}}