{"nsu=http://opcfoundation.org/UA/Plc/Applications;s=StepUp":{"Value":32,"SourceTimestamp":"2024-04-27T20:03:25.5428353Z","ServerTimestamp":"2024-04-27T20:03:25.5428471Z"},"nsu=http://opcfoundation.org/UA/Plc/Applications;s=RandomSignedInt32":{"Value":-883668999,"SourceTimestamp":"2024-04-27T20:03:25.5428381Z","ServerTimestamp":"2024-04-27T20:03:25.5428545Z"},"nsu=http://opcfoundation.org/UA/Plc/Applications;s=RandomUnsignedInt32":{"Value":205348154,"SourceTimestamp":"2024-04-27T20:03:25.5428343Z","ServerTimestamp":"2024-04-27T20:03:25.5428383Z"},"nsu=http://opcfoundation.org/UA/Plc/Applications;s=DipData":{"Value":68.45471059286885,"SourceTimestamp":"2024-04-27T20:03:25.5428313Z","ServerTimestamp":"2024-04-27T20:03:25.542832Z"},"nsu=http://opcfoundation.org/UA/Plc/Applications;s=FastUIntScalar1":{"Value":3,"SourceTimestamp":"2024-04-27T20:03:25.3395184Z","ServerTimestamp":"2024-04-27T20:03:25.3395224Z"},"nsu=http://opcfoundation.org/UA/Plc/Applications;s=FastUIntScalar2":{"Value":3,"SourceTimestamp":"2024-04-27T20:03:25.339537Z","ServerTimestamp":"2024-04-27T20:03:25.3395385Z"},"nsu=http://opcfoundation.org/UA/Plc/Applications;s=FastUIntScalar3":{"Value":3,"SourceTimestamp":"2024-04-27T20:03:25.3395414Z","ServerTimestamp":"2024-04-27T20:03:25.3395425Z"},"nsu=http://opcfoundation.org/UA/Plc/Applications;s=FastRandomUIntScalar1":{"Value":3427202411,"SourceTimestamp":"2024-04-27T20:03:25.3395422Z","ServerTimestamp":"2024-04-27T20:03:25.3395456Z"},"nsu=http://opcfoundation.org/UA/Plc/Applications;s=FastRandomUIntScalar2":{"Value":2865856363,"SourceTimestamp":"2024-04-27T20:03:25.3395592Z","ServerTimestamp":"2024-04-27T20:03:25.3395604Z"},"nsu=http://opcfoundation.org/UA/Plc/Applications;s=FastRandomUIntScalar3":{"Value":1294827125,"SourceTimestamp":"2024-04-27T20:03:25.3395625Z","ServerTimestamp":"2024-04-27T20:03:25.3395634Z"},"nsu=http://opcfoundation.org/UA/Plc/Applications;s=SpikeData":{"Value":68.45471059286885,"SourceTimestamp":"2024-04-27T20:03:25.5428008Z","ServerTimestamp":"2024-04-27T20:03:25.5428034Z"}}