{"nsu=http://opcfoundation.org/UA/Plc/Applications;s=StepUp":{"Value":265,"SourceTimestamp":"2024-04-28T08:41:15.4921291Z","ServerTimestamp":"2024-04-28T08:41:15.4921315Z"},"nsu=http://opcfoundation.org/UA/Plc/Applications;s=RandomSignedInt32":{"Value":-1524086989,"SourceTimestamp":"2024-04-28T08:41:15.4921901Z","ServerTimestamp":"2024-04-28T08:41:15.4921992Z"},"nsu=http://opcfoundation.org/UA/Plc/Applications;s=RandomUnsignedInt32":{"Value":775695145,"SourceTimestamp":"2024-04-28T08:41:15.4921634Z","ServerTimestamp":"2024-04-28T08:41:15.4922677Z"},"nsu=http://opcfoundation.org/UA/Plc/Applications;s=DipData":{"Value":-98.228725072868869,"SourceTimestamp":"2024-04-28T08:41:15.4921589Z","ServerTimestamp":"2024-04-28T08:41:15.4922372Z"},"nsu=http://opcfoundation.org/UA/Plc/Applications;s=FastUIntScalar1":{"Value":32,"SourceTimestamp":"2024-04-28T08:41:14.7904865Z","ServerTimestamp":"2024-04-28T08:41:14.7904887Z"},"nsu=http://opcfoundation.org/UA/Plc/Applications;s=FastUIntScalar2":{"Value":32,"SourceTimestamp":"2024-04-28T08:41:14.7904978Z","ServerTimestamp":"2024-04-28T08:41:14.7904985Z"},"nsu=http://opcfoundation.org/UA/Plc/Applications;s=FastUIntScalar3":{"Value":32,"SourceTimestamp":"2024-04-28T08:41:14.7904999Z","ServerTimestamp":"2024-04-28T08:41:14.7905007Z"},"nsu=http://opcfoundation.org/UA/Plc/Applications;s=FastRandomUIntScalar1":{"Value":2335500791,"SourceTimestamp":"2024-04-28T08:41:14.7905051Z","ServerTimestamp":"2024-04-28T08:41:14.7905056Z"},"nsu=http://opcfoundation.org/UA/Plc/Applications;s=FastRandomUIntScalar2":{"Value":2229775416,"SourceTimestamp":"2024-04-28T08:41:14.7905069Z","ServerTimestamp":"2024-04-28T08:41:14.7905072Z"},"nsu=http://opcfoundation.org/UA/Plc/Applications;s=FastRandomUIntScalar3":{"Value":1497639168,"SourceTimestamp":"2024-04-28T08:41:14.7905081Z","ServerTimestamp":"2024-04-28T08:41:14.7905083Z"},"nsu=http://opcfoundation.org/UA/Plc/Applications;s=SpikeData":{"Value":-98.228725072868869,"SourceTimestamp":"2024-04-28T08:41:15.492125Z","ServerTimestamp":"2024-04-28T08:41:15.4922484Z"}}