{"nsu=http://opcfoundation.org/UA/Plc/Applications;s=StepUp":{"Value":345,"SourceTimestamp":"2024-04-28T08:41:23.4875775Z","ServerTimestamp":"2024-04-28T08:41:23.487581Z"},"nsu=http://opcfoundation.org/UA/Plc/Applications;s=RandomSignedInt32":{"Value":-585909076,"SourceTimestamp":"2024-04-28T08:41:23.4876241Z","ServerTimestamp":"2024-04-28T08:41:23.4876249Z"},"nsu=http://opcfoundation.org/UA/Plc/Applications;s=RandomUnsignedInt32":{"Value":1761645413,"SourceTimestamp":"2024-04-28T08:41:23.4876291Z","ServerTimestamp":"2024-04-28T08:41:23.4876301Z"},"nsu=http://opcfoundation.org/UA/Plc/Applications;s=DipData":{"Value":68.454710592868878,"SourceTimestamp":"2024-04-28T08:41:23.4876404Z","ServerTimestamp":"2024-04-28T08:41:23.4876413Z"},"nsu=http://opcfoundation.org/UA/Plc/Applications;s=FastUIntScalar1":{"Value":40,"SourceTimestamp":"2024-04-28T08:41:22.788077Z","ServerTimestamp":"2024-04-28T08:41:22.7881508Z"},"nsu=http://opcfoundation.org/UA/Plc/Applications;s=FastUIntScalar2":{"Value":40,"SourceTimestamp":"2024-04-28T08:41:22.7881578Z","ServerTimestamp":"2024-04-28T08:41:22.7881587Z"},"nsu=http://opcfoundation.org/UA/Plc/Applications;s=FastUIntScalar3":{"Value":40,"SourceTimestamp":"2024-04-28T08:41:22.7881601Z","ServerTimestamp":"2024-04-28T08:41:22.7881612Z"},"nsu=http://opcfoundation.org/UA/Plc/Applications;s=FastRandomUIntScalar1":{"Value":3447304347,"SourceTimestamp":"2024-04-28T08:41:22.7880772Z","ServerTimestamp":"2024-04-28T08:41:22.7880959Z"},"nsu=http://opcfoundation.org/UA/Plc/Applications;s=FastRandomUIntScalar2":{"Value":1953089241,"SourceTimestamp":"2024-04-28T08:41:22.7881503Z","ServerTimestamp":"2024-04-28T08:41:22.7881571Z"},"nsu=http://opcfoundation.org/UA/Plc/Applications;s=FastRandomUIntScalar3":{"Value":2538326805,"SourceTimestamp":"2024-04-28T08:41:22.7881584Z","ServerTimestamp":"2024-04-28T08:41:22.7881601Z"},"nsu=http://opcfoundation.org/UA/Plc/Applications;s=SpikeData":{"Value":68.454710592868878,"SourceTimestamp":"2024-04-28T08:41:23.4876491Z","ServerTimestamp":"2024-04-28T08:41:23.4876497Z"}}