{"nsu=http://opcfoundation.org/UA/Plc/Applications;s=StepUp":{"Value":375,"SourceTimestamp":"2024-04-28T08:41:26.4946986Z","ServerTimestamp":"2024-04-28T08:41:26.4946995Z"},"nsu=http://opcfoundation.org/UA/Plc/Applications;s=RandomSignedInt32":{"Value":1895013020,"SourceTimestamp":"2024-04-28T08:41:26.4946612Z","ServerTimestamp":"2024-04-28T08:41:26.4946628Z"},"nsu=http://opcfoundation.org/UA/Plc/Applications;s=RandomUnsignedInt32":{"Value":546190150,"SourceTimestamp":"2024-04-28T08:41:26.4946595Z","ServerTimestamp":"2024-04-28T08:41:26.4946601Z"},"nsu=http://opcfoundation.org/UA/Plc/Applications;s=DipData":{"Value":-12.533323356430429,"SourceTimestamp":"2024-04-28T08:41:26.4946564Z","ServerTimestamp":"2024-04-28T08:41:26.4946572Z"},"nsu=http://opcfoundation.org/UA/Plc/Applications;s=FastUIntScalar1":{"Value":43,"SourceTimestamp":"2024-04-28T08:41:25.7914231Z","ServerTimestamp":"2024-04-28T08:41:25.7914326Z"},"nsu=http://opcfoundation.org/UA/Plc/Applications;s=FastUIntScalar2":{"Value":43,"SourceTimestamp":"2024-04-28T08:41:25.7914447Z","ServerTimestamp":"2024-04-28T08:41:25.7914465Z"},"nsu=http://opcfoundation.org/UA/Plc/Applications;s=FastUIntScalar3":{"Value":43,"SourceTimestamp":"2024-04-28T08:41:25.7914481Z","ServerTimestamp":"2024-04-28T08:41:25.7914488Z"},"nsu=http://opcfoundation.org/UA/Plc/Applications;s=FastRandomUIntScalar1":{"Value":3395676907,"SourceTimestamp":"2024-04-28T08:41:25.7914558Z","ServerTimestamp":"2024-04-28T08:41:25.7914564Z"},"nsu=http://opcfoundation.org/UA/Plc/Applications;s=FastRandomUIntScalar2":{"Value":1472555267,"SourceTimestamp":"2024-04-28T08:41:25.7914574Z","ServerTimestamp":"2024-04-28T08:41:25.7914579Z"},"nsu=http://opcfoundation.org/UA/Plc/Applications;s=FastRandomUIntScalar3":{"Value":1931571959,"SourceTimestamp":"2024-04-28T08:41:25.7914589Z","ServerTimestamp":"2024-04-28T08:41:25.7914593Z"},"nsu=http://opcfoundation.org/UA/Plc/Applications;s=SpikeData":{"Value":-12.533323356430429,"SourceTimestamp":"2024-04-28T08:41:26.4946096Z","ServerTimestamp":"2024-04-28T08:41:26.4946124Z"}}