{"nsu=http://opcfoundation.org/UA/Plc/Applications;s=StepUp":{"Value":425,"SourceTimestamp":"2024-04-28T08:41:31.4874575Z","ServerTimestamp":"2024-04-28T08:41:31.4874665Z"},"nsu=http://opcfoundation.org/UA/Plc/Applications;s=RandomSignedInt32":{"Value":1582643848,"SourceTimestamp":"2024-04-28T08:41:31.487455Z","ServerTimestamp":"2024-04-28T08:41:31.4874558Z"},"nsu=http://opcfoundation.org/UA/Plc/Applications;s=RandomUnsignedInt32":{"Value":698625945,"SourceTimestamp":"2024-04-28T08:41:31.4874546Z","ServerTimestamp":"2024-04-28T08:41:31.487459Z"},"nsu=http://opcfoundation.org/UA/Plc/Applications;s=DipData":{"Value":-12.533323356430429,"SourceTimestamp":"2024-04-28T08:41:31.487454Z","ServerTimestamp":"2024-04-28T08:41:31.487478Z"},"nsu=http://opcfoundation.org/UA/Plc/Applications;s=FastUIntScalar1":{"Value":48,"SourceTimestamp":"2024-04-28T08:41:30.7842112Z","ServerTimestamp":"2024-04-28T08:41:30.7842128Z"},"nsu=http://opcfoundation.org/UA/Plc/Applications;s=FastUIntScalar2":{"Value":48,"SourceTimestamp":"2024-04-28T08:41:30.7842204Z","ServerTimestamp":"2024-04-28T08:41:30.7842213Z"},"nsu=http://opcfoundation.org/UA/Plc/Applications;s=FastUIntScalar3":{"Value":48,"SourceTimestamp":"2024-04-28T08:41:30.7842225Z","ServerTimestamp":"2024-04-28T08:41:30.7842231Z"},"nsu=http://opcfoundation.org/UA/Plc/Applications;s=FastRandomUIntScalar1":{"Value":4031485223,"SourceTimestamp":"2024-04-28T08:41:30.7842332Z","ServerTimestamp":"2024-04-28T08:41:30.784236Z"},"nsu=http://opcfoundation.org/UA/Plc/Applications;s=FastRandomUIntScalar2":{"Value":3060598219,"SourceTimestamp":"2024-04-28T08:41:30.7842431Z","ServerTimestamp":"2024-04-28T08:41:30.7842439Z"},"nsu=http://opcfoundation.org/UA/Plc/Applications;s=FastRandomUIntScalar3":{"Value":2199854693,"SourceTimestamp":"2024-04-28T08:41:30.7842452Z","ServerTimestamp":"2024-04-28T08:41:30.7842456Z"},"nsu=http://opcfoundation.org/UA/Plc/Applications;s=SpikeData":{"Value":-12.533323356430429,"SourceTimestamp":"2024-04-28T08:41:31.48742Z","ServerTimestamp":"2024-04-28T08:41:31.4874237Z"}}