{"nsu=http://opcfoundation.org/UA/Plc/Applications;s=StepUp":{"Value":515,"SourceTimestamp":"2024-04-28T08:41:40.4928987Z","ServerTimestamp":"2024-04-28T08:41:40.4929019Z"},"nsu=http://opcfoundation.org/UA/Plc/Applications;s=RandomSignedInt32":{"Value":-825538671,"SourceTimestamp":"2024-04-28T08:41:40.4929216Z","ServerTimestamp":"2024-04-28T08:41:40.4929277Z"},"nsu=http://opcfoundation.org/UA/Plc/Applications;s=RandomUnsignedInt32":{"Value":82976978,"SourceTimestamp":"2024-04-28T08:41:40.4929307Z","ServerTimestamp":"2024-04-28T08:41:40.492932Z"},"nsu=http://opcfoundation.org/UA/Plc/Applications;s=DipData":{"Value":-98.228725072868869,"SourceTimestamp":"2024-04-28T08:41:40.4929358Z","ServerTimestamp":"2024-04-28T08:41:40.492939Z"},"nsu=http://opcfoundation.org/UA/Plc/Applications;s=FastUIntScalar1":{"Value":57,"SourceTimestamp":"2024-04-28T08:41:39.7924781Z","ServerTimestamp":"2024-04-28T08:41:39.7924808Z"},"nsu=http://opcfoundation.org/UA/Plc/Applications;s=FastUIntScalar2":{"Value":57,"SourceTimestamp":"2024-04-28T08:41:39.7924923Z","ServerTimestamp":"2024-04-28T08:41:39.7925002Z"},"nsu=http://opcfoundation.org/UA/Plc/Applications;s=FastUIntScalar3":{"Value":57,"SourceTimestamp":"2024-04-28T08:41:39.7925017Z","ServerTimestamp":"2024-04-28T08:41:39.792503Z"},"nsu=http://opcfoundation.org/UA/Plc/Applications;s=FastRandomUIntScalar1":{"Value":3643611479,"SourceTimestamp":"2024-04-28T08:41:39.7924803Z","ServerTimestamp":"2024-04-28T08:41:39.7924935Z"},"nsu=http://opcfoundation.org/UA/Plc/Applications;s=FastRandomUIntScalar2":{"Value":3208167853,"SourceTimestamp":"2024-04-28T08:41:39.7925003Z","ServerTimestamp":"2024-04-28T08:41:39.7925019Z"},"nsu=http://opcfoundation.org/UA/Plc/Applications;s=FastRandomUIntScalar3":{"Value":1359777576,"SourceTimestamp":"2024-04-28T08:41:39.7925031Z","ServerTimestamp":"2024-04-28T08:41:39.7925041Z"},"nsu=http://opcfoundation.org/UA/Plc/Applications;s=SpikeData":{"Value":-98.228725072868869,"SourceTimestamp":"2024-04-28T08:41:40.4929384Z","ServerTimestamp":"2024-04-28T08:41:40.4929412Z"}}