{"nsu=http://opcfoundation.org/UA/Plc/Applications;s=StepUp":{"Value":555,"SourceTimestamp":"2024-04-28T08:41:44.4927529Z","ServerTimestamp":"2024-04-28T08:41:44.4927536Z"},"nsu=http://opcfoundation.org/UA/Plc/Applications;s=AlternatingBoolean":{"Value":false,"SourceTimestamp":"2024-04-28T08:41:44.0994894Z","ServerTimestamp":"2024-04-28T08:41:44.0994918Z"},"nsu=http://opcfoundation.org/UA/Plc/Applications;s=RandomSignedInt32":{"Value":1340766503,"SourceTimestamp":"2024-04-28T08:41:44.4927308Z","ServerTimestamp":"2024-04-28T08:41:44.4927897Z"},"nsu=http://opcfoundation.org/UA/Plc/Applications;s=RandomUnsignedInt32":{"Value":868260345,"SourceTimestamp":"2024-04-28T08:41:44.4927273Z","ServerTimestamp":"2024-04-28T08:41:44.4928126Z"},"nsu=http://opcfoundation.org/UA/Plc/Applications;s=DipData":{"Value":-48.175367410171532,"SourceTimestamp":"2024-04-28T08:41:44.492729Z","ServerTimestamp":"2024-04-28T08:41:44.4927724Z"},"nsu=http://opcfoundation.org/UA/Plc/Applications;s=FastUIntScalar1":{"Value":61,"SourceTimestamp":"2024-04-28T08:41:43.7852125Z","ServerTimestamp":"2024-04-28T08:41:43.7852146Z"},"nsu=http://opcfoundation.org/UA/Plc/Applications;s=FastUIntScalar2":{"Value":61,"SourceTimestamp":"2024-04-28T08:41:43.7852234Z","ServerTimestamp":"2024-04-28T08:41:43.7852503Z"},"nsu=http://opcfoundation.org/UA/Plc/Applications;s=FastUIntScalar3":{"Value":61,"SourceTimestamp":"2024-04-28T08:41:43.7852525Z","ServerTimestamp":"2024-04-28T08:41:43.7852533Z"},"nsu=http://opcfoundation.org/UA/Plc/Applications;s=FastRandomUIntScalar1":{"Value":2683681110,"SourceTimestamp":"2024-04-28T08:41:43.7852218Z","ServerTimestamp":"2024-04-28T08:41:43.7852239Z"},"nsu=http://opcfoundation.org/UA/Plc/Applications;s=FastRandomUIntScalar2":{"Value":104275111,"SourceTimestamp":"2024-04-28T08:41:43.7852458Z","ServerTimestamp":"2024-04-28T08:41:43.7852466Z"},"nsu=http://opcfoundation.org/UA/Plc/Applications;s=FastRandomUIntScalar3":{"Value":1670003390,"SourceTimestamp":"2024-04-28T08:41:43.7852479Z","ServerTimestamp":"2024-04-28T08:41:43.7852484Z"},"nsu=http://opcfoundation.org/UA/Plc/Applications;s=NegativeTrendData":{"Value":98.900000000000006,"SourceTimestamp":"2024-04-28T08:41:44.0994754Z","ServerTimestamp":"2024-04-28T08:41:44.0994762Z"},"nsu=http://opcfoundation.org/UA/Plc/Applications;s=PositiveTrendData":{"Value":100.3,"SourceTimestamp":"2024-04-28T08:41:44.0994775Z","ServerTimestamp":"2024-04-28T08:41:44.0994794Z"},"nsu=http://opcfoundation.org/UA/Plc/Applications;s=SpikeData":{"Value":-48.175367410171532,"SourceTimestamp":"2024-04-28T08:41:44.4927043Z","ServerTimestamp":"2024-04-28T08:41:44.4927069Z"}}