{"nsu=http://opcfoundation.org/UA/Plc/Applications;s=StepUp":{"Value":585,"SourceTimestamp":"2024-04-28T08:41:47.4939053Z","ServerTimestamp":"2024-04-28T08:41:47.4939059Z"},"nsu=http://opcfoundation.org/UA/Plc/Applications;s=RandomSignedInt32":{"Value":82867517,"SourceTimestamp":"2024-04-28T08:41:47.4938973Z","ServerTimestamp":"2024-04-28T08:41:47.4938981Z"},"nsu=http://opcfoundation.org/UA/Plc/Applications;s=RandomUnsignedInt32":{"Value":1438334768,"SourceTimestamp":"2024-04-28T08:41:47.4938917Z","ServerTimestamp":"2024-04-28T08:41:47.4938924Z"},"nsu=http://opcfoundation.org/UA/Plc/Applications;s=DipData":{"Value":90.482705246601952,"SourceTimestamp":"2024-04-28T08:41:47.4939056Z","ServerTimestamp":"2024-04-28T08:41:47.493907Z"},"nsu=http://opcfoundation.org/UA/Plc/Applications;s=FastUIntScalar1":{"Value":64,"SourceTimestamp":"2024-04-28T08:41:46.7923707Z","ServerTimestamp":"2024-04-28T08:41:46.7923732Z"},"nsu=http://opcfoundation.org/UA/Plc/Applications;s=FastUIntScalar2":{"Value":64,"SourceTimestamp":"2024-04-28T08:41:46.7923832Z","ServerTimestamp":"2024-04-28T08:41:46.79239Z"},"nsu=http://opcfoundation.org/UA/Plc/Applications;s=FastUIntScalar3":{"Value":64,"SourceTimestamp":"2024-04-28T08:41:46.7923916Z","ServerTimestamp":"2024-04-28T08:41:46.7923932Z"},"nsu=http://opcfoundation.org/UA/Plc/Applications;s=FastRandomUIntScalar1":{"Value":1528434907,"SourceTimestamp":"2024-04-28T08:41:46.7923749Z","ServerTimestamp":"2024-04-28T08:41:46.7923843Z"},"nsu=http://opcfoundation.org/UA/Plc/Applications;s=FastRandomUIntScalar2":{"Value":886047215,"SourceTimestamp":"2024-04-28T08:41:46.7923903Z","ServerTimestamp":"2024-04-28T08:41:46.7923915Z"},"nsu=http://opcfoundation.org/UA/Plc/Applications;s=FastRandomUIntScalar3":{"Value":959652624,"SourceTimestamp":"2024-04-28T08:41:46.7923931Z","ServerTimestamp":"2024-04-28T08:41:46.7923943Z"},"nsu=http://opcfoundation.org/UA/Plc/Applications;s=SpikeData":{"Value":90.482705246601952,"SourceTimestamp":"2024-04-28T08:41:47.4938113Z","ServerTimestamp":"2024-04-28T08:41:47.4938578Z"}}