{"nsu=http://opcfoundation.org/UA/Plc/Applications;s=StepUp":{"Value":605,"SourceTimestamp":"2024-04-28T08:41:49.49667Z","ServerTimestamp":"2024-04-28T08:41:49.4966706Z"},"nsu=http://opcfoundation.org/UA/Plc/Applications;s=AlternatingBoolean":{"Value":true,"SourceTimestamp":"2024-04-28T08:41:49.0891805Z","ServerTimestamp":"2024-04-28T08:41:49.089181Z"},"nsu=http://opcfoundation.org/UA/Plc/Applications;s=RandomSignedInt32":{"Value":-2131492747,"SourceTimestamp":"2024-04-28T08:41:49.4966625Z","ServerTimestamp":"2024-04-28T08:41:49.4966632Z"},"nsu=http://opcfoundation.org/UA/Plc/Applications;s=RandomUnsignedInt32":{"Value":1675293015,"SourceTimestamp":"2024-04-28T08:41:49.4966548Z","ServerTimestamp":"2024-04-28T08:41:49.4966568Z"},"nsu=http://opcfoundation.org/UA/Plc/Applications;s=DipData":{"Value":-48.175367410171532,"SourceTimestamp":"2024-04-28T08:41:49.4966534Z","ServerTimestamp":"2024-04-28T08:41:49.4966813Z"},"nsu=http://opcfoundation.org/UA/Plc/Applications;s=FastUIntScalar1":{"Value":66,"SourceTimestamp":"2024-04-28T08:41:48.7857576Z","ServerTimestamp":"2024-04-28T08:41:48.7857595Z"},"nsu=http://opcfoundation.org/UA/Plc/Applications;s=FastUIntScalar2":{"Value":66,"SourceTimestamp":"2024-04-28T08:41:48.7857695Z","ServerTimestamp":"2024-04-28T08:41:48.7857705Z"},"nsu=http://opcfoundation.org/UA/Plc/Applications;s=FastUIntScalar3":{"Value":66,"SourceTimestamp":"2024-04-28T08:41:48.7857718Z","ServerTimestamp":"2024-04-28T08:41:48.7857724Z"},"nsu=http://opcfoundation.org/UA/Plc/Applications;s=FastRandomUIntScalar1":{"Value":2916862626,"SourceTimestamp":"2024-04-28T08:41:48.7857764Z","ServerTimestamp":"2024-04-28T08:41:48.7857771Z"},"nsu=http://opcfoundation.org/UA/Plc/Applications;s=FastRandomUIntScalar2":{"Value":3572513797,"SourceTimestamp":"2024-04-28T08:41:48.7857786Z","ServerTimestamp":"2024-04-28T08:41:48.7857791Z"},"nsu=http://opcfoundation.org/UA/Plc/Applications;s=FastRandomUIntScalar3":{"Value":2169400476,"SourceTimestamp":"2024-04-28T08:41:48.78578Z","ServerTimestamp":"2024-04-28T08:41:48.7857805Z"},"nsu=http://opcfoundation.org/UA/Plc/Applications;s=NegativeTrendData":{"Value":98.799999999999997,"SourceTimestamp":"2024-04-28T08:41:49.0891631Z","ServerTimestamp":"2024-04-28T08:41:49.0891697Z"},"nsu=http://opcfoundation.org/UA/Plc/Applications;s=PositiveTrendData":{"Value":100.40000000000001,"SourceTimestamp":"2024-04-28T08:41:49.0891609Z","ServerTimestamp":"2024-04-28T08:41:49.089163Z"},"nsu=http://opcfoundation.org/UA/Plc/Applications;s=SpikeData":{"Value":-48.175367410171532,"SourceTimestamp":"2024-04-28T08:41:49.4966778Z","ServerTimestamp":"2024-04-28T08:41:49.496722Z"}}