{"nsu=http://opcfoundation.org/UA/Plc/Applications;s=StepUp":{"Value":635,"SourceTimestamp":"2024-04-28T08:41:52.4877809Z","ServerTimestamp":"2024-04-28T08:41:52.4877815Z"},"nsu=http://opcfoundation.org/UA/Plc/Applications;s=RandomSignedInt32":{"Value":-1310205921,"SourceTimestamp":"2024-04-28T08:41:52.487768Z","ServerTimestamp":"2024-04-28T08:41:52.4877687Z"},"nsu=http://opcfoundation.org/UA/Plc/Applications;s=RandomUnsignedInt32":{"Value":853492647,"SourceTimestamp":"2024-04-28T08:41:52.4877631Z","ServerTimestamp":"2024-04-28T08:41:52.487764Z"},"nsu=http://opcfoundation.org/UA/Plc/Applications;s=DipData":{"Value":90.482705246601952,"SourceTimestamp":"2024-04-28T08:41:52.4877522Z","ServerTimestamp":"2024-04-28T08:41:52.4877585Z"},"nsu=http://opcfoundation.org/UA/Plc/Applications;s=FastUIntScalar1":{"Value":69,"SourceTimestamp":"2024-04-28T08:41:51.7861461Z","ServerTimestamp":"2024-04-28T08:41:51.7862053Z"},"nsu=http://opcfoundation.org/UA/Plc/Applications;s=FastUIntScalar2":{"Value":69,"SourceTimestamp":"2024-04-28T08:41:51.7862113Z","ServerTimestamp":"2024-04-28T08:41:51.7862121Z"},"nsu=http://opcfoundation.org/UA/Plc/Applications;s=FastUIntScalar3":{"Value":69,"SourceTimestamp":"2024-04-28T08:41:51.7862135Z","ServerTimestamp":"2024-04-28T08:41:51.786217Z"},"nsu=http://opcfoundation.org/UA/Plc/Applications;s=FastRandomUIntScalar1":{"Value":1355315682,"SourceTimestamp":"2024-04-28T08:41:51.786148Z","ServerTimestamp":"2024-04-28T08:41:51.7861618Z"},"nsu=http://opcfoundation.org/UA/Plc/Applications;s=FastRandomUIntScalar2":{"Value":2857648601,"SourceTimestamp":"2024-04-28T08:41:51.7861707Z","ServerTimestamp":"2024-04-28T08:41:51.7861716Z"},"nsu=http://opcfoundation.org/UA/Plc/Applications;s=FastRandomUIntScalar3":{"Value":1206593058,"SourceTimestamp":"2024-04-28T08:41:51.786176Z","ServerTimestamp":"2024-04-28T08:41:51.7861791Z"},"nsu=http://opcfoundation.org/UA/Plc/Applications;s=SlowUIntScalar1":{"Value":7,"SourceTimestamp":"2024-04-28T08:41:51.7861056Z","ServerTimestamp":"2024-04-28T08:41:51.7861081Z"},"nsu=http://opcfoundation.org/UA/Plc/Applications;s=SlowUIntScalar2":{"Value":7,"SourceTimestamp":"2024-04-28T08:41:51.786118Z","ServerTimestamp":"2024-04-28T08:41:51.7861232Z"},"nsu=http://opcfoundation.org/UA/Plc/Applications;s=SlowUIntScalar3":{"Value":7,"SourceTimestamp":"2024-04-28T08:41:51.7861245Z","ServerTimestamp":"2024-04-28T08:41:51.7861258Z"},"nsu=http://opcfoundation.org/UA/Plc/Applications;s=BadSlowUIntScalar1":{"Value":7,"SourceTimestamp":"2024-04-28T08:41:51.7861274Z","ServerTimestamp":"2024-04-28T08:41:51.7861767Z"},"nsu=http://opcfoundation.org/UA/Plc/Applications;s=SlowRandomUIntScalar1":{"Value":1933172342,"SourceTimestamp":"2024-04-28T08:41:51.7861116Z","ServerTimestamp":"2024-04-28T08:41:51.7861178Z"},"nsu=http://opcfoundation.org/UA/Plc/Applications;s=SlowRandomUIntScalar2":{"Value":757058171,"SourceTimestamp":"2024-04-28T08:41:51.7861233Z","ServerTimestamp":"2024-04-28T08:41:51.7861247Z"},"nsu=http://opcfoundation.org/UA/Plc/Applications;s=SlowRandomUIntScalar3":{"Value":938846184,"SourceTimestamp":"2024-04-28T08:41:51.7861257Z","ServerTimestamp":"2024-04-28T08:41:51.7861268Z"},"nsu=http://opcfoundation.org/UA/Plc/Applications;s=BadSlowRandomUIntScalar1":{"Value":2218969268,"SourceTimestamp":"2024-04-28T08:41:51.7861588Z","ServerTimestamp":"2024-04-28T08:41:51.7861596Z"},"nsu=http://opcfoundation.org/UA/Plc/Applications;s=SpikeData":{"Value":90.482705246601952,"SourceTimestamp":"2024-04-28T08:41:52.4874229Z","ServerTimestamp":"2024-04-28T08:41:52.4874295Z"}}