{"nsu=http://opcfoundation.org/UA/Plc/Applications;s=StepUp":{"Value":645,"SourceTimestamp":"2024-04-28T08:41:53.4926929Z","ServerTimestamp":"2024-04-28T08:41:53.4926935Z"},"nsu=http://opcfoundation.org/UA/Plc/Applications;s=RandomSignedInt32":{"Value":-1097116548,"SourceTimestamp":"2024-04-28T08:41:53.492679Z","ServerTimestamp":"2024-04-28T08:41:53.4926798Z"},"nsu=http://opcfoundation.org/UA/Plc/Applications;s=RandomUnsignedInt32":{"Value":1782049793,"SourceTimestamp":"2024-04-28T08:41:53.4926671Z","ServerTimestamp":"2024-04-28T08:41:53.4926681Z"},"nsu=http://opcfoundation.org/UA/Plc/Applications;s=DipData":{"Value":68.454710592868878,"SourceTimestamp":"2024-04-28T08:41:53.4925885Z","ServerTimestamp":"2024-04-28T08:41:53.4928502Z"},"nsu=http://opcfoundation.org/UA/Plc/Applications;s=FastUIntScalar1":{"Value":70,"SourceTimestamp":"2024-04-28T08:41:52.7975623Z","ServerTimestamp":"2024-04-28T08:41:52.7975643Z"},"nsu=http://opcfoundation.org/UA/Plc/Applications;s=FastUIntScalar2":{"Value":70,"SourceTimestamp":"2024-04-28T08:41:52.7976341Z","ServerTimestamp":"2024-04-28T08:41:52.7976355Z"},"nsu=http://opcfoundation.org/UA/Plc/Applications;s=FastUIntScalar3":{"Value":70,"SourceTimestamp":"2024-04-28T08:41:52.7976408Z","ServerTimestamp":"2024-04-28T08:41:52.7976485Z"},"nsu=http://opcfoundation.org/UA/Plc/Applications;s=FastRandomUIntScalar1":{"Value":3866085093,"SourceTimestamp":"2024-04-28T08:41:52.797564Z","ServerTimestamp":"2024-04-28T08:41:52.7976415Z"},"nsu=http://opcfoundation.org/UA/Plc/Applications;s=FastRandomUIntScalar2":{"Value":3120801740,"SourceTimestamp":"2024-04-28T08:41:52.7976495Z","ServerTimestamp":"2024-04-28T08:41:52.7976503Z"},"nsu=http://opcfoundation.org/UA/Plc/Applications;s=FastRandomUIntScalar3":{"Value":3111062923,"SourceTimestamp":"2024-04-28T08:41:52.7976515Z","ServerTimestamp":"2024-04-28T08:41:52.7976521Z"},"nsu=http://opcfoundation.org/UA/Plc/Applications;s=SpikeData":{"Value":68.454710592868878,"SourceTimestamp":"2024-04-28T08:41:53.4925423Z","ServerTimestamp":"2024-04-28T08:41:53.4925451Z"}}