{"nsu=http://opcfoundation.org/UA/Plc/Applications;s=StepUp":{"Value":73,"SourceTimestamp":"2024-04-27T20:03:29.6294835Z","ServerTimestamp":"2024-04-27T20:03:29.6294841Z"},"nsu=http://opcfoundation.org/UA/Plc/Applications;s=RandomSignedInt32":{"Value":1990072591,"SourceTimestamp":"2024-04-27T20:03:29.6294832Z","ServerTimestamp":"2024-04-27T20:03:29.629503Z"},"nsu=http://opcfoundation.org/UA/Plc/Applications;s=RandomUnsignedInt32":{"Value":1961398400,"SourceTimestamp":"2024-04-27T20:03:29.629473Z","ServerTimestamp":"2024-04-27T20:03:29.6294739Z"},"nsu=http://opcfoundation.org/UA/Plc/Applications;s=DipData":{"Value":-36.812455268467829,"SourceTimestamp":"2024-04-27T20:03:29.6294785Z","ServerTimestamp":"2024-04-27T20:03:29.6294929Z"},"nsu=http://opcfoundation.org/UA/Plc/Applications;s=FastUIntScalar1":{"Value":7,"SourceTimestamp":"2024-04-27T20:03:29.3358336Z","ServerTimestamp":"2024-04-27T20:03:29.3358358Z"},"nsu=http://opcfoundation.org/UA/Plc/Applications;s=FastUIntScalar2":{"Value":7,"SourceTimestamp":"2024-04-27T20:03:29.3358444Z","ServerTimestamp":"2024-04-27T20:03:29.3358524Z"},"nsu=http://opcfoundation.org/UA/Plc/Applications;s=FastUIntScalar3":{"Value":7,"SourceTimestamp":"2024-04-27T20:03:29.3358537Z","ServerTimestamp":"2024-04-27T20:03:29.3358561Z"},"nsu=http://opcfoundation.org/UA/Plc/Applications;s=FastRandomUIntScalar1":{"Value":2366153632,"SourceTimestamp":"2024-04-27T20:03:29.3358368Z","ServerTimestamp":"2024-04-27T20:03:29.335845Z"},"nsu=http://opcfoundation.org/UA/Plc/Applications;s=FastRandomUIntScalar2":{"Value":427958008,"SourceTimestamp":"2024-04-27T20:03:29.3358525Z","ServerTimestamp":"2024-04-27T20:03:29.3358545Z"},"nsu=http://opcfoundation.org/UA/Plc/Applications;s=FastRandomUIntScalar3":{"Value":2314866436,"SourceTimestamp":"2024-04-27T20:03:29.3358561Z","ServerTimestamp":"2024-04-27T20:03:29.335857Z"},"nsu=http://opcfoundation.org/UA/Plc/Applications;s=SpikeData":{"Value":-36.812455268467829,"SourceTimestamp":"2024-04-27T20:03:29.6294354Z","ServerTimestamp":"2024-04-27T20:03:29.629439Z"}}