{"nsu=http://opcfoundation.org/UA/Plc/Applications;s=StepUp":{"Value":665,"SourceTimestamp":"2024-04-28T08:41:55.4862391Z","ServerTimestamp":"2024-04-28T08:41:55.4862417Z"},"nsu=http://opcfoundation.org/UA/Plc/Applications;s=RandomSignedInt32":{"Value":-818890657,"SourceTimestamp":"2024-04-28T08:41:55.4862452Z","ServerTimestamp":"2024-04-28T08:41:55.4862493Z"},"nsu=http://opcfoundation.org/UA/Plc/Applications;s=RandomUnsignedInt32":{"Value":835929103,"SourceTimestamp":"2024-04-28T08:41:55.4862387Z","ServerTimestamp":"2024-04-28T08:41:55.4862447Z"},"nsu=http://opcfoundation.org/UA/Plc/Applications;s=DipData":{"Value":-98.228725072868869,"SourceTimestamp":"2024-04-28T08:41:55.4862323Z","ServerTimestamp":"2024-04-28T08:41:55.4862363Z"},"nsu=http://opcfoundation.org/UA/Plc/Applications;s=FastUIntScalar1":{"Value":72,"SourceTimestamp":"2024-04-28T08:41:54.798367Z","ServerTimestamp":"2024-04-28T08:41:54.7983694Z"},"nsu=http://opcfoundation.org/UA/Plc/Applications;s=FastUIntScalar2":{"Value":72,"SourceTimestamp":"2024-04-28T08:41:54.798383Z","ServerTimestamp":"2024-04-28T08:41:54.7983839Z"},"nsu=http://opcfoundation.org/UA/Plc/Applications;s=FastUIntScalar3":{"Value":72,"SourceTimestamp":"2024-04-28T08:41:54.7983853Z","ServerTimestamp":"2024-04-28T08:41:54.7983859Z"},"nsu=http://opcfoundation.org/UA/Plc/Applications;s=FastRandomUIntScalar1":{"Value":1900716650,"SourceTimestamp":"2024-04-28T08:41:54.7983687Z","ServerTimestamp":"2024-04-28T08:41:54.7984016Z"},"nsu=http://opcfoundation.org/UA/Plc/Applications;s=FastRandomUIntScalar2":{"Value":3301369649,"SourceTimestamp":"2024-04-28T08:41:54.7984271Z","ServerTimestamp":"2024-04-28T08:41:54.7984283Z"},"nsu=http://opcfoundation.org/UA/Plc/Applications;s=FastRandomUIntScalar3":{"Value":3650799016,"SourceTimestamp":"2024-04-28T08:41:54.7984313Z","ServerTimestamp":"2024-04-28T08:41:54.7984361Z"},"nsu=http://opcfoundation.org/UA/Plc/Applications;s=SpikeData":{"Value":-98.228725072868869,"SourceTimestamp":"2024-04-28T08:41:55.4862132Z","ServerTimestamp":"2024-04-28T08:41:55.4862156Z"}}