{"nsu=http://opcfoundation.org/UA/Plc/Applications;s=AlternatingBoolean":{"Value":true,"SourceTimestamp":"2024-04-28T08:41:59.0926762Z","ServerTimestamp":"2024-04-28T08:41:59.0926824Z"},"nsu=http://opcfoundation.org/UA/Plc/Applications;s=NegativeTrendData":{"Value":98.599999999999994,"SourceTimestamp":"2024-04-28T08:41:59.0926621Z","ServerTimestamp":"2024-04-28T08:41:59.0926627Z"},"nsu=http://opcfoundation.org/UA/Plc/Applications;s=PositiveTrendData":{"Value":100.59999999999999,"SourceTimestamp":"2024-04-28T08:41:59.0926584Z","ServerTimestamp":"2024-04-28T08:41:59.0926592Z"}}