{"nsu=http://opcfoundation.org/UA/Plc/Applications;s=StepUp":{"Value":744,"SourceTimestamp":"2024-04-28T08:42:03.3904208Z","ServerTimestamp":"2024-04-28T08:42:03.3904218Z"},"nsu=http://opcfoundation.org/UA/Plc/Applications;s=RandomSignedInt32":{"Value":-2116530149,"SourceTimestamp":"2024-04-28T08:42:03.3904154Z","ServerTimestamp":"2024-04-28T08:42:03.3904187Z"},"nsu=http://opcfoundation.org/UA/Plc/Applications;s=RandomUnsignedInt32":{"Value":1955673812,"SourceTimestamp":"2024-04-28T08:42:03.3904197Z","ServerTimestamp":"2024-04-28T08:42:03.3904249Z"},"nsu=http://opcfoundation.org/UA/Plc/Applications;s=DipData":{"Value":77.051324277578928,"SourceTimestamp":"2024-04-28T08:42:03.3904055Z","ServerTimestamp":"2024-04-28T08:42:03.3904422Z"},"nsu=http://opcfoundation.org/UA/Plc/Applications;s=FastUIntScalar1":{"Value":80,"SourceTimestamp":"2024-04-28T08:42:02.7839801Z","ServerTimestamp":"2024-04-28T08:42:02.7839824Z"},"nsu=http://opcfoundation.org/UA/Plc/Applications;s=FastUIntScalar2":{"Value":80,"SourceTimestamp":"2024-04-28T08:42:02.7839901Z","ServerTimestamp":"2024-04-28T08:42:02.7839907Z"},"nsu=http://opcfoundation.org/UA/Plc/Applications;s=FastUIntScalar3":{"Value":80,"SourceTimestamp":"2024-04-28T08:42:02.783992Z","ServerTimestamp":"2024-04-28T08:42:02.7839928Z"},"nsu=http://opcfoundation.org/UA/Plc/Applications;s=FastRandomUIntScalar1":{"Value":2559548203,"SourceTimestamp":"2024-04-28T08:42:02.783997Z","ServerTimestamp":"2024-04-28T08:42:02.7839977Z"},"nsu=http://opcfoundation.org/UA/Plc/Applications;s=FastRandomUIntScalar2":{"Value":3094373015,"SourceTimestamp":"2024-04-28T08:42:02.7839988Z","ServerTimestamp":"2024-04-28T08:42:02.7839991Z"},"nsu=http://opcfoundation.org/UA/Plc/Applications;s=FastRandomUIntScalar3":{"Value":1730539231,"SourceTimestamp":"2024-04-28T08:42:02.784Z","ServerTimestamp":"2024-04-28T08:42:02.7840002Z"},"nsu=http://opcfoundation.org/UA/Plc/Applications;s=SpikeData":{"Value":77.051324277578928,"SourceTimestamp":"2024-04-28T08:42:03.3903826Z","ServerTimestamp":"2024-04-28T08:42:03.3903859Z"}}