{"nsu=http://opcfoundation.org/UA/Plc/Applications;s=StepUp":{"Value":765,"SourceTimestamp":"2024-04-28T08:42:05.4898445Z","ServerTimestamp":"2024-04-28T08:42:05.4898485Z"},"nsu=http://opcfoundation.org/UA/Plc/Applications;s=RandomSignedInt32":{"Value":1698574302,"SourceTimestamp":"2024-04-28T08:42:05.489838Z","ServerTimestamp":"2024-04-28T08:42:05.4898427Z"},"nsu=http://opcfoundation.org/UA/Plc/Applications;s=RandomUnsignedInt32":{"Value":772479845,"SourceTimestamp":"2024-04-28T08:42:05.489846Z","ServerTimestamp":"2024-04-28T08:42:05.4898518Z"},"nsu=http://opcfoundation.org/UA/Plc/Applications;s=DipData":{"Value":-98.228725072868869,"SourceTimestamp":"2024-04-28T08:42:05.4898357Z","ServerTimestamp":"2024-04-28T08:42:05.4898373Z"},"nsu=http://opcfoundation.org/UA/Plc/Applications;s=FastUIntScalar1":{"Value":82,"SourceTimestamp":"2024-04-28T08:42:04.7920285Z","ServerTimestamp":"2024-04-28T08:42:04.7920317Z"},"nsu=http://opcfoundation.org/UA/Plc/Applications;s=FastUIntScalar2":{"Value":82,"SourceTimestamp":"2024-04-28T08:42:04.7920401Z","ServerTimestamp":"2024-04-28T08:42:04.7920488Z"},"nsu=http://opcfoundation.org/UA/Plc/Applications;s=FastUIntScalar3":{"Value":82,"SourceTimestamp":"2024-04-28T08:42:04.7920503Z","ServerTimestamp":"2024-04-28T08:42:04.7920512Z"},"nsu=http://opcfoundation.org/UA/Plc/Applications;s=FastRandomUIntScalar1":{"Value":1639575690,"SourceTimestamp":"2024-04-28T08:42:04.7920333Z","ServerTimestamp":"2024-04-28T08:42:04.7920405Z"},"nsu=http://opcfoundation.org/UA/Plc/Applications;s=FastRandomUIntScalar2":{"Value":1147828941,"SourceTimestamp":"2024-04-28T08:42:04.7920464Z","ServerTimestamp":"2024-04-28T08:42:04.7920471Z"},"nsu=http://opcfoundation.org/UA/Plc/Applications;s=FastRandomUIntScalar3":{"Value":4145091524,"SourceTimestamp":"2024-04-28T08:42:04.7920482Z","ServerTimestamp":"2024-04-28T08:42:04.7920502Z"},"nsu=http://opcfoundation.org/UA/Plc/Applications;s=SpikeData":{"Value":-98.228725072868869,"SourceTimestamp":"2024-04-28T08:42:05.4897877Z","ServerTimestamp":"2024-04-28T08:42:05.4897915Z"}}