{"nsu=http://opcfoundation.org/UA/Plc/Applications;s=StepUp":{"Value":785,"SourceTimestamp":"2024-04-28T08:42:07.4999934Z","ServerTimestamp":"2024-04-28T08:42:07.4999996Z"},"nsu=http://opcfoundation.org/UA/Plc/Applications;s=RandomSignedInt32":{"Value":-298880211,"SourceTimestamp":"2024-04-28T08:42:07.499985Z","ServerTimestamp":"2024-04-28T08:42:07.4999857Z"},"nsu=http://opcfoundation.org/UA/Plc/Applications;s=RandomUnsignedInt32":{"Value":1247609775,"SourceTimestamp":"2024-04-28T08:42:07.4999853Z","ServerTimestamp":"2024-04-28T08:42:07.4999922Z"},"nsu=http://opcfoundation.org/UA/Plc/Applications;s=DipData":{"Value":90.482705246601952,"SourceTimestamp":"2024-04-28T08:42:07.499989Z","ServerTimestamp":"2024-04-28T08:42:07.499996Z"},"nsu=http://opcfoundation.org/UA/Plc/Applications;s=FastUIntScalar1":{"Value":84,"SourceTimestamp":"2024-04-28T08:42:06.797923Z","ServerTimestamp":"2024-04-28T08:42:06.7979247Z"},"nsu=http://opcfoundation.org/UA/Plc/Applications;s=FastUIntScalar2":{"Value":84,"SourceTimestamp":"2024-04-28T08:42:06.7979299Z","ServerTimestamp":"2024-04-28T08:42:06.7979307Z"},"nsu=http://opcfoundation.org/UA/Plc/Applications;s=FastUIntScalar3":{"Value":84,"SourceTimestamp":"2024-04-28T08:42:06.7979318Z","ServerTimestamp":"2024-04-28T08:42:06.7979323Z"},"nsu=http://opcfoundation.org/UA/Plc/Applications;s=FastRandomUIntScalar1":{"Value":682086534,"SourceTimestamp":"2024-04-28T08:42:06.7978491Z","ServerTimestamp":"2024-04-28T08:42:06.7978518Z"},"nsu=http://opcfoundation.org/UA/Plc/Applications;s=FastRandomUIntScalar2":{"Value":3960900331,"SourceTimestamp":"2024-04-28T08:42:06.7978621Z","ServerTimestamp":"2024-04-28T08:42:06.7978628Z"},"nsu=http://opcfoundation.org/UA/Plc/Applications;s=FastRandomUIntScalar3":{"Value":3443150482,"SourceTimestamp":"2024-04-28T08:42:06.7978642Z","ServerTimestamp":"2024-04-28T08:42:06.7978647Z"},"nsu=http://opcfoundation.org/UA/Plc/Applications;s=SpikeData":{"Value":90.482705246601952,"SourceTimestamp":"2024-04-28T08:42:07.4999498Z","ServerTimestamp":"2024-04-28T08:42:07.4999529Z"}}