{"nsu=http://opcfoundation.org/UA/Plc/Applications;s=StepUp":{"Value":795,"SourceTimestamp":"2024-04-28T08:42:08.4921864Z","ServerTimestamp":"2024-04-28T08:42:08.4921907Z"},"nsu=http://opcfoundation.org/UA/Plc/Applications;s=RandomSignedInt32":{"Value":67799937,"SourceTimestamp":"2024-04-28T08:42:08.4921826Z","ServerTimestamp":"2024-04-28T08:42:08.4921853Z"},"nsu=http://opcfoundation.org/UA/Plc/Applications;s=RandomUnsignedInt32":{"Value":1009653410,"SourceTimestamp":"2024-04-28T08:42:08.4921811Z","ServerTimestamp":"2024-04-28T08:42:08.4921825Z"},"nsu=http://opcfoundation.org/UA/Plc/Applications;s=DipData":{"Value":68.454710592868878,"SourceTimestamp":"2024-04-28T08:42:08.4921807Z","ServerTimestamp":"2024-04-28T08:42:08.492194Z"},"nsu=http://opcfoundation.org/UA/Plc/Applications;s=FastUIntScalar1":{"Value":85,"SourceTimestamp":"2024-04-28T08:42:07.7982065Z","ServerTimestamp":"2024-04-28T08:42:07.7982082Z"},"nsu=http://opcfoundation.org/UA/Plc/Applications;s=FastUIntScalar2":{"Value":85,"SourceTimestamp":"2024-04-28T08:42:07.7982166Z","ServerTimestamp":"2024-04-28T08:42:07.7982223Z"},"nsu=http://opcfoundation.org/UA/Plc/Applications;s=FastUIntScalar3":{"Value":85,"SourceTimestamp":"2024-04-28T08:42:07.7982242Z","ServerTimestamp":"2024-04-28T08:42:07.7982264Z"},"nsu=http://opcfoundation.org/UA/Plc/Applications;s=FastRandomUIntScalar1":{"Value":3817594061,"SourceTimestamp":"2024-04-28T08:42:07.7982099Z","ServerTimestamp":"2024-04-28T08:42:07.798217Z"},"nsu=http://opcfoundation.org/UA/Plc/Applications;s=FastRandomUIntScalar2":{"Value":2401155657,"SourceTimestamp":"2024-04-28T08:42:07.7982221Z","ServerTimestamp":"2024-04-28T08:42:07.7982244Z"},"nsu=http://opcfoundation.org/UA/Plc/Applications;s=FastRandomUIntScalar3":{"Value":386970312,"SourceTimestamp":"2024-04-28T08:42:07.798226Z","ServerTimestamp":"2024-04-28T08:42:07.7982275Z"},"nsu=http://opcfoundation.org/UA/Plc/Applications;s=SpikeData":{"Value":68.454710592868878,"SourceTimestamp":"2024-04-28T08:42:08.4921553Z","ServerTimestamp":"2024-04-28T08:42:08.4921591Z"}}