{"nsu=http://opcfoundation.org/UA/Plc/Applications;s=StepUp":{"Value":805,"SourceTimestamp":"2024-04-28T08:42:09.492724Z","ServerTimestamp":"2024-04-28T08:42:09.4927299Z"},"nsu=http://opcfoundation.org/UA/Plc/Applications;s=AlternatingBoolean":{"Value":true,"SourceTimestamp":"2024-04-28T08:42:09.086948Z","ServerTimestamp":"2024-04-28T08:42:09.0869499Z"},"nsu=http://opcfoundation.org/UA/Plc/Applications;s=RandomSignedInt32":{"Value":-203632370,"SourceTimestamp":"2024-04-28T08:42:09.4927205Z","ServerTimestamp":"2024-04-28T08:42:09.4927269Z"},"nsu=http://opcfoundation.org/UA/Plc/Applications;s=RandomUnsignedInt32":{"Value":1003835657,"SourceTimestamp":"2024-04-28T08:42:09.4927146Z","ServerTimestamp":"2024-04-28T08:42:09.4927198Z"},"nsu=http://opcfoundation.org/UA/Plc/Applications;s=DipData":{"Value":-48.175367410171532,"SourceTimestamp":"2024-04-28T08:42:09.4927165Z","ServerTimestamp":"2024-04-28T08:42:09.4927181Z"},"nsu=http://opcfoundation.org/UA/Plc/Applications;s=FastUIntScalar1":{"Value":86,"SourceTimestamp":"2024-04-28T08:42:08.7977508Z","ServerTimestamp":"2024-04-28T08:42:08.7977524Z"},"nsu=http://opcfoundation.org/UA/Plc/Applications;s=FastUIntScalar2":{"Value":86,"SourceTimestamp":"2024-04-28T08:42:08.7977605Z","ServerTimestamp":"2024-04-28T08:42:08.7977613Z"},"nsu=http://opcfoundation.org/UA/Plc/Applications;s=FastUIntScalar3":{"Value":86,"SourceTimestamp":"2024-04-28T08:42:08.7977625Z","ServerTimestamp":"2024-04-28T08:42:08.7977631Z"},"nsu=http://opcfoundation.org/UA/Plc/Applications;s=FastRandomUIntScalar1":{"Value":2530838033,"SourceTimestamp":"2024-04-28T08:42:08.7977669Z","ServerTimestamp":"2024-04-28T08:42:08.7977676Z"},"nsu=http://opcfoundation.org/UA/Plc/Applications;s=FastRandomUIntScalar2":{"Value":2587520391,"SourceTimestamp":"2024-04-28T08:42:08.7977688Z","ServerTimestamp":"2024-04-28T08:42:08.7977693Z"},"nsu=http://opcfoundation.org/UA/Plc/Applications;s=FastRandomUIntScalar3":{"Value":1313618285,"SourceTimestamp":"2024-04-28T08:42:08.7977701Z","ServerTimestamp":"2024-04-28T08:42:08.7977703Z"},"nsu=http://opcfoundation.org/UA/Plc/Applications;s=NegativeTrendData":{"Value":98.400000000000006,"SourceTimestamp":"2024-04-28T08:42:09.0869192Z","ServerTimestamp":"2024-04-28T08:42:09.0869202Z"},"nsu=http://opcfoundation.org/UA/Plc/Applications;s=PositiveTrendData":{"Value":100.8,"SourceTimestamp":"2024-04-28T08:42:09.086916Z","ServerTimestamp":"2024-04-28T08:42:09.0869167Z"},"nsu=http://opcfoundation.org/UA/Plc/Applications;s=SpikeData":{"Value":-48.175367410171532,"SourceTimestamp":"2024-04-28T08:42:09.4926874Z","ServerTimestamp":"2024-04-28T08:42:09.4926907Z"}}