{"nsu=http://opcfoundation.org/UA/Plc/Applications;s=StepUp":{"Value":835,"SourceTimestamp":"2024-04-28T08:42:12.4921641Z","ServerTimestamp":"2024-04-28T08:42:12.4921658Z"},"nsu=http://opcfoundation.org/UA/Plc/Applications;s=RandomSignedInt32":{"Value":1944924676,"SourceTimestamp":"2024-04-28T08:42:12.4921603Z","ServerTimestamp":"2024-04-28T08:42:12.4921617Z"},"nsu=http://opcfoundation.org/UA/Plc/Applications;s=RandomUnsignedInt32":{"Value":1151039042,"SourceTimestamp":"2024-04-28T08:42:12.4921586Z","ServerTimestamp":"2024-04-28T08:42:12.4921592Z"},"nsu=http://opcfoundation.org/UA/Plc/Applications;s=DipData":{"Value":90.482705246601952,"SourceTimestamp":"2024-04-28T08:42:12.4921565Z","ServerTimestamp":"2024-04-28T08:42:12.4921573Z"},"nsu=http://opcfoundation.org/UA/Plc/Applications;s=FastUIntScalar1":{"Value":89,"SourceTimestamp":"2024-04-28T08:42:11.7971514Z","ServerTimestamp":"2024-04-28T08:42:11.797154Z"},"nsu=http://opcfoundation.org/UA/Plc/Applications;s=FastUIntScalar2":{"Value":89,"SourceTimestamp":"2024-04-28T08:42:11.7971644Z","ServerTimestamp":"2024-04-28T08:42:11.7971654Z"},"nsu=http://opcfoundation.org/UA/Plc/Applications;s=FastUIntScalar3":{"Value":89,"SourceTimestamp":"2024-04-28T08:42:11.7971666Z","ServerTimestamp":"2024-04-28T08:42:11.7971687Z"},"nsu=http://opcfoundation.org/UA/Plc/Applications;s=FastRandomUIntScalar1":{"Value":2649930257,"SourceTimestamp":"2024-04-28T08:42:11.7971532Z","ServerTimestamp":"2024-04-28T08:42:11.7971668Z"},"nsu=http://opcfoundation.org/UA/Plc/Applications;s=FastRandomUIntScalar2":{"Value":3659635550,"SourceTimestamp":"2024-04-28T08:42:11.7971689Z","ServerTimestamp":"2024-04-28T08:42:11.79717Z"},"nsu=http://opcfoundation.org/UA/Plc/Applications;s=FastRandomUIntScalar3":{"Value":3809410245,"SourceTimestamp":"2024-04-28T08:42:11.7971709Z","ServerTimestamp":"2024-04-28T08:42:11.7971712Z"},"nsu=http://opcfoundation.org/UA/Plc/Applications;s=SlowUIntScalar1":{"Value":9,"SourceTimestamp":"2024-04-28T08:42:11.7815074Z","ServerTimestamp":"2024-04-28T08:42:11.7815108Z"},"nsu=http://opcfoundation.org/UA/Plc/Applications;s=SlowUIntScalar2":{"Value":9,"SourceTimestamp":"2024-04-28T08:42:11.7815229Z","ServerTimestamp":"2024-04-28T08:42:11.7815339Z"},"nsu=http://opcfoundation.org/UA/Plc/Applications;s=SlowUIntScalar3":{"Value":9,"SourceTimestamp":"2024-04-28T08:42:11.7815352Z","ServerTimestamp":"2024-04-28T08:42:11.7815362Z"},"nsu=http://opcfoundation.org/UA/Plc/Applications;s=BadSlowUIntScalar1":{"Value":null,"StatusCode":{"Symbol":"BadDataLost","Code":2157772800},"SourceTimestamp":"2024-04-28T08:42:11.7815389Z","ServerTimestamp":"2024-04-28T08:42:11.781539Z"},"nsu=http://opcfoundation.org/UA/Plc/Applications;s=SlowRandomUIntScalar1":{"Value":642441956,"SourceTimestamp":"2024-04-28T08:42:11.7815199Z","ServerTimestamp":"2024-04-28T08:42:11.7815228Z"},"nsu=http://opcfoundation.org/UA/Plc/Applications;s=SlowRandomUIntScalar2":{"Value":2055749309,"SourceTimestamp":"2024-04-28T08:42:11.7815334Z","ServerTimestamp":"2024-04-28T08:42:11.7815351Z"},"nsu=http://opcfoundation.org/UA/Plc/Applications;s=SlowRandomUIntScalar3":{"Value":473927185,"SourceTimestamp":"2024-04-28T08:42:11.7815361Z","ServerTimestamp":"2024-04-28T08:42:11.7815372Z"},"nsu=http://opcfoundation.org/UA/Plc/Applications;s=BadSlowRandomUIntScalar1":{"Value":null,"StatusCode":{"Symbol":"BadDataLost","Code":2157772800},"SourceTimestamp":"2024-04-28T08:42:11.7815398Z","ServerTimestamp":"2024-04-28T08:42:11.7815399Z"},"nsu=http://opcfoundation.org/UA/Plc/Applications;s=SpikeData":{"Value":90.482705246601952,"SourceTimestamp":"2024-04-28T08:42:12.4920578Z","ServerTimestamp":"2024-04-28T08:42:12.4920615Z"}}