{"nsu=http://opcfoundation.org/UA/Plc/Applications;s=StepUp":{"Value":93,"SourceTimestamp":"2024-04-27T20:03:31.6319074Z","ServerTimestamp":"2024-04-27T20:03:31.6319143Z"},"nsu=http://opcfoundation.org/UA/Plc/Applications;s=RandomSignedInt32":{"Value":994644017,"SourceTimestamp":"2024-04-27T20:03:31.6318998Z","ServerTimestamp":"2024-04-27T20:03:31.6319038Z"},"nsu=http://opcfoundation.org/UA/Plc/Applications;s=RandomUnsignedInt32":{"Value":1014508763,"SourceTimestamp":"2024-04-27T20:03:31.6319066Z","ServerTimestamp":"2024-04-27T20:03:31.6319091Z"},"nsu=http://opcfoundation.org/UA/Plc/Applications;s=DipData":{"Value":84.432792550201512,"SourceTimestamp":"2024-04-27T20:03:31.631895Z","ServerTimestamp":"2024-04-27T20:03:31.6318957Z"},"nsu=http://opcfoundation.org/UA/Plc/Applications;s=FastUIntScalar1":{"Value":9,"SourceTimestamp":"2024-04-27T20:03:31.3368281Z","ServerTimestamp":"2024-04-27T20:03:31.3368313Z"},"nsu=http://opcfoundation.org/UA/Plc/Applications;s=FastUIntScalar2":{"Value":9,"SourceTimestamp":"2024-04-27T20:03:31.3368434Z","ServerTimestamp":"2024-04-27T20:03:31.3368572Z"},"nsu=http://opcfoundation.org/UA/Plc/Applications;s=FastUIntScalar3":{"Value":9,"SourceTimestamp":"2024-04-27T20:03:31.3368618Z","ServerTimestamp":"2024-04-27T20:03:31.3368657Z"},"nsu=http://opcfoundation.org/UA/Plc/Applications;s=FastRandomUIntScalar1":{"Value":1491556523,"SourceTimestamp":"2024-04-27T20:03:31.3368384Z","ServerTimestamp":"2024-04-27T20:03:31.3368441Z"},"nsu=http://opcfoundation.org/UA/Plc/Applications;s=FastRandomUIntScalar2":{"Value":2056269305,"SourceTimestamp":"2024-04-27T20:03:31.3368574Z","ServerTimestamp":"2024-04-27T20:03:31.3368621Z"},"nsu=http://opcfoundation.org/UA/Plc/Applications;s=FastRandomUIntScalar3":{"Value":3515147913,"SourceTimestamp":"2024-04-27T20:03:31.3368645Z","ServerTimestamp":"2024-04-27T20:03:31.3368689Z"},"nsu=http://opcfoundation.org/UA/Plc/Applications;s=SpikeData":{"Value":84.432792550201512,"SourceTimestamp":"2024-04-27T20:03:31.6318667Z","ServerTimestamp":"2024-04-27T20:03:31.6318699Z"}}