{"nsu=http://opcfoundation.org/UA/Plc/Applications;s=StepUp":{"Value":884,"SourceTimestamp":"2024-04-28T08:42:17.393748Z","ServerTimestamp":"2024-04-28T08:42:17.3937542Z"},"nsu=http://opcfoundation.org/UA/Plc/Applications;s=RandomSignedInt32":{"Value":-1586218278,"SourceTimestamp":"2024-04-28T08:42:17.4870007Z","ServerTimestamp":"2024-04-28T08:42:17.4870087Z"},"nsu=http://opcfoundation.org/UA/Plc/Applications;s=RandomUnsignedInt32":{"Value":479509330,"SourceTimestamp":"2024-04-28T08:42:17.4869977Z","ServerTimestamp":"2024-04-28T08:42:17.4870124Z"},"nsu=http://opcfoundation.org/UA/Plc/Applications;s=DipData":{"Value":90.482705246601952,"SourceTimestamp":"2024-04-28T08:42:17.4870086Z","ServerTimestamp":"2024-04-28T08:42:17.4870175Z"},"nsu=http://opcfoundation.org/UA/Plc/Applications;s=FastUIntScalar1":{"Value":94,"SourceTimestamp":"2024-04-28T08:42:16.791957Z","ServerTimestamp":"2024-04-28T08:42:16.7919599Z"},"nsu=http://opcfoundation.org/UA/Plc/Applications;s=FastUIntScalar2":{"Value":94,"SourceTimestamp":"2024-04-28T08:42:16.7919692Z","ServerTimestamp":"2024-04-28T08:42:16.7919752Z"},"nsu=http://opcfoundation.org/UA/Plc/Applications;s=FastUIntScalar3":{"Value":94,"SourceTimestamp":"2024-04-28T08:42:16.7919768Z","ServerTimestamp":"2024-04-28T08:42:16.7919783Z"},"nsu=http://opcfoundation.org/UA/Plc/Applications;s=FastRandomUIntScalar1":{"Value":1030903271,"SourceTimestamp":"2024-04-28T08:42:16.7919651Z","ServerTimestamp":"2024-04-28T08:42:16.7919692Z"},"nsu=http://opcfoundation.org/UA/Plc/Applications;s=FastRandomUIntScalar2":{"Value":662996892,"SourceTimestamp":"2024-04-28T08:42:16.7919752Z","ServerTimestamp":"2024-04-28T08:42:16.7919767Z"},"nsu=http://opcfoundation.org/UA/Plc/Applications;s=FastRandomUIntScalar3":{"Value":1051649247,"SourceTimestamp":"2024-04-28T08:42:16.7919784Z","ServerTimestamp":"2024-04-28T08:42:16.7919791Z"},"nsu=http://opcfoundation.org/UA/Plc/Applications;s=SpikeData":{"Value":90.482705246601952,"SourceTimestamp":"2024-04-28T08:42:17.4869744Z","ServerTimestamp":"2024-04-28T08:42:17.4869789Z"}}