{"nsu=http://opcfoundation.org/UA/Plc/Applications;s=StepUp":{"Value":905,"SourceTimestamp":"2024-04-28T08:42:19.5005065Z","ServerTimestamp":"2024-04-28T08:42:19.5005218Z"},"nsu=http://opcfoundation.org/UA/Plc/Applications;s=AlternatingBoolean":{"Value":true,"SourceTimestamp":"2024-04-28T08:42:19.0958165Z","ServerTimestamp":"2024-04-28T08:42:19.0958182Z"},"nsu=http://opcfoundation.org/UA/Plc/Applications;s=RandomSignedInt32":{"Value":-1785480798,"SourceTimestamp":"2024-04-28T08:42:19.5004914Z","ServerTimestamp":"2024-04-28T08:42:19.500501Z"},"nsu=http://opcfoundation.org/UA/Plc/Applications;s=RandomUnsignedInt32":{"Value":1898735628,"SourceTimestamp":"2024-04-28T08:42:19.500506Z","ServerTimestamp":"2024-04-28T08:42:19.5005117Z"},"nsu=http://opcfoundation.org/UA/Plc/Applications;s=DipData":{"Value":-48.175367410171532,"SourceTimestamp":"2024-04-28T08:42:19.5004677Z","ServerTimestamp":"2024-04-28T08:42:19.5004686Z"},"nsu=http://opcfoundation.org/UA/Plc/Applications;s=FastUIntScalar1":{"Value":96,"SourceTimestamp":"2024-04-28T08:42:18.7863836Z","ServerTimestamp":"2024-04-28T08:42:18.7863926Z"},"nsu=http://opcfoundation.org/UA/Plc/Applications;s=FastUIntScalar2":{"Value":96,"SourceTimestamp":"2024-04-28T08:42:18.7863988Z","ServerTimestamp":"2024-04-28T08:42:18.7864Z"},"nsu=http://opcfoundation.org/UA/Plc/Applications;s=FastUIntScalar3":{"Value":96,"SourceTimestamp":"2024-04-28T08:42:18.7864017Z","ServerTimestamp":"2024-04-28T08:42:18.7864027Z"},"nsu=http://opcfoundation.org/UA/Plc/Applications;s=FastRandomUIntScalar1":{"Value":2947258486,"SourceTimestamp":"2024-04-28T08:42:18.7863799Z","ServerTimestamp":"2024-04-28T08:42:18.7863826Z"},"nsu=http://opcfoundation.org/UA/Plc/Applications;s=FastRandomUIntScalar2":{"Value":2224377772,"SourceTimestamp":"2024-04-28T08:42:18.7863923Z","ServerTimestamp":"2024-04-28T08:42:18.7863988Z"},"nsu=http://opcfoundation.org/UA/Plc/Applications;s=FastRandomUIntScalar3":{"Value":1384194900,"SourceTimestamp":"2024-04-28T08:42:18.7864Z","ServerTimestamp":"2024-04-28T08:42:18.7864012Z"},"nsu=http://opcfoundation.org/UA/Plc/Applications;s=NegativeTrendData":{"Value":98.200000000000003,"SourceTimestamp":"2024-04-28T08:42:19.0958019Z","ServerTimestamp":"2024-04-28T08:42:19.095805Z"},"nsu=http://opcfoundation.org/UA/Plc/Applications;s=PositiveTrendData":{"Value":101,"SourceTimestamp":"2024-04-28T08:42:19.0957851Z","ServerTimestamp":"2024-04-28T08:42:19.0957881Z"},"nsu=http://opcfoundation.org/UA/Plc/Applications;s=SpikeData":{"Value":-48.175367410171532,"SourceTimestamp":"2024-04-28T08:42:19.5004276Z","ServerTimestamp":"2024-04-28T08:42:19.500432Z"}}