{"nsu=http://opcfoundation.org/UA/Plc/Applications;s=StepUp":{"Value":934,"SourceTimestamp":"2024-04-28T08:42:22.3879655Z","ServerTimestamp":"2024-04-28T08:42:22.388015Z"},"nsu=http://opcfoundation.org/UA/Plc/Applications;s=RandomSignedInt32":{"Value":1129367574,"SourceTimestamp":"2024-04-28T08:42:22.3879612Z","ServerTimestamp":"2024-04-28T08:42:22.3879637Z"},"nsu=http://opcfoundation.org/UA/Plc/Applications;s=RandomUnsignedInt32":{"Value":1439855374,"SourceTimestamp":"2024-04-28T08:42:22.3879668Z","ServerTimestamp":"2024-04-28T08:42:22.3879978Z"},"nsu=http://opcfoundation.org/UA/Plc/Applications;s=DipData":{"Value":84.432792550201498,"SourceTimestamp":"2024-04-28T08:42:22.3879564Z","ServerTimestamp":"2024-04-28T08:42:22.3879571Z"},"nsu=http://opcfoundation.org/UA/Plc/Applications;s=FastUIntScalar1":{"Value":99,"SourceTimestamp":"2024-04-28T08:42:21.7931864Z","ServerTimestamp":"2024-04-28T08:42:21.7931922Z"},"nsu=http://opcfoundation.org/UA/Plc/Applications;s=FastUIntScalar2":{"Value":99,"SourceTimestamp":"2024-04-28T08:42:21.7931946Z","ServerTimestamp":"2024-04-28T08:42:21.7931965Z"},"nsu=http://opcfoundation.org/UA/Plc/Applications;s=FastUIntScalar3":{"Value":99,"SourceTimestamp":"2024-04-28T08:42:21.7931987Z","ServerTimestamp":"2024-04-28T08:42:21.793207Z"},"nsu=http://opcfoundation.org/UA/Plc/Applications;s=FastRandomUIntScalar1":{"Value":3135025663,"SourceTimestamp":"2024-04-28T08:42:21.7932041Z","ServerTimestamp":"2024-04-28T08:42:21.7932109Z"},"nsu=http://opcfoundation.org/UA/Plc/Applications;s=FastRandomUIntScalar2":{"Value":4135217716,"SourceTimestamp":"2024-04-28T08:42:21.7932171Z","ServerTimestamp":"2024-04-28T08:42:21.7932184Z"},"nsu=http://opcfoundation.org/UA/Plc/Applications;s=FastRandomUIntScalar3":{"Value":1399116641,"SourceTimestamp":"2024-04-28T08:42:21.7932205Z","ServerTimestamp":"2024-04-28T08:42:21.7932214Z"},"nsu=http://opcfoundation.org/UA/Plc/Applications;s=SlowUIntScalar1":{"Value":10,"SourceTimestamp":"2024-04-28T08:42:21.793116Z","ServerTimestamp":"2024-04-28T08:42:21.7931204Z"},"nsu=http://opcfoundation.org/UA/Plc/Applications;s=SlowUIntScalar2":{"Value":10,"SourceTimestamp":"2024-04-28T08:42:21.7931589Z","ServerTimestamp":"2024-04-28T08:42:21.7931608Z"},"nsu=http://opcfoundation.org/UA/Plc/Applications;s=SlowUIntScalar3":{"Value":10,"SourceTimestamp":"2024-04-28T08:42:21.793164Z","ServerTimestamp":"2024-04-28T08:42:21.793165Z"},"nsu=http://opcfoundation.org/UA/Plc/Applications;s=BadSlowUIntScalar1":{"Value":null,"StatusCode":{"Symbol":"BadNoCommunication","Code":2150694912},"SourceTimestamp":"2024-04-28T08:42:21.7931705Z","ServerTimestamp":"2024-04-28T08:42:21.7931706Z"},"nsu=http://opcfoundation.org/UA/Plc/Applications;s=SlowRandomUIntScalar1":{"Value":3205617779,"SourceTimestamp":"2024-04-28T08:42:21.7931758Z","ServerTimestamp":"2024-04-28T08:42:21.7931796Z"},"nsu=http://opcfoundation.org/UA/Plc/Applications;s=SlowRandomUIntScalar2":{"Value":3456509951,"SourceTimestamp":"2024-04-28T08:42:21.7931928Z","ServerTimestamp":"2024-04-28T08:42:21.7931944Z"},"nsu=http://opcfoundation.org/UA/Plc/Applications;s=SlowRandomUIntScalar3":{"Value":2465373812,"SourceTimestamp":"2024-04-28T08:42:21.7931964Z","ServerTimestamp":"2024-04-28T08:42:21.7931993Z"},"nsu=http://opcfoundation.org/UA/Plc/Applications;s=BadSlowRandomUIntScalar1":{"Value":null,"StatusCode":{"Symbol":"BadNoCommunication","Code":2150694912},"SourceTimestamp":"2024-04-28T08:42:21.7932282Z","ServerTimestamp":"2024-04-28T08:42:21.7932284Z"},"nsu=http://opcfoundation.org/UA/Plc/Applications;s=SpikeData":{"Value":90.482705246601952,"SourceTimestamp":"2024-04-28T08:42:22.4986074Z","ServerTimestamp":"2024-04-28T08:42:22.4986106Z"}}