{"nsu=http://opcfoundation.org/UA/Plc/Applications;s=StepUp":{"Value":985,"SourceTimestamp":"2024-04-28T08:42:27.4965046Z","ServerTimestamp":"2024-04-28T08:42:27.4965064Z"},"nsu=http://opcfoundation.org/UA/Plc/Applications;s=RandomSignedInt32":{"Value":1520921131,"SourceTimestamp":"2024-04-28T08:42:27.4965012Z","ServerTimestamp":"2024-04-28T08:42:27.4965039Z"},"nsu=http://opcfoundation.org/UA/Plc/Applications;s=RandomUnsignedInt32":{"Value":1729136387,"SourceTimestamp":"2024-04-28T08:42:27.4965002Z","ServerTimestamp":"2024-04-28T08:42:27.4965009Z"},"nsu=http://opcfoundation.org/UA/Plc/Applications;s=DipData":{"Value":90.482705246601952,"SourceTimestamp":"2024-04-28T08:42:27.4964961Z","ServerTimestamp":"2024-04-28T08:42:27.4964974Z"},"nsu=http://opcfoundation.org/UA/Plc/Applications;s=FastUIntScalar1":{"Value":104,"SourceTimestamp":"2024-04-28T08:42:26.7979809Z","ServerTimestamp":"2024-04-28T08:42:26.7979833Z"},"nsu=http://opcfoundation.org/UA/Plc/Applications;s=FastUIntScalar2":{"Value":104,"SourceTimestamp":"2024-04-28T08:42:26.7979944Z","ServerTimestamp":"2024-04-28T08:42:26.7980189Z"},"nsu=http://opcfoundation.org/UA/Plc/Applications;s=FastUIntScalar3":{"Value":104,"SourceTimestamp":"2024-04-28T08:42:26.7980278Z","ServerTimestamp":"2024-04-28T08:42:26.7980296Z"},"nsu=http://opcfoundation.org/UA/Plc/Applications;s=FastRandomUIntScalar1":{"Value":1388979972,"SourceTimestamp":"2024-04-28T08:42:26.7979818Z","ServerTimestamp":"2024-04-28T08:42:26.7979948Z"},"nsu=http://opcfoundation.org/UA/Plc/Applications;s=FastRandomUIntScalar2":{"Value":1666509125,"SourceTimestamp":"2024-04-28T08:42:26.7980133Z","ServerTimestamp":"2024-04-28T08:42:26.7980142Z"},"nsu=http://opcfoundation.org/UA/Plc/Applications;s=FastRandomUIntScalar3":{"Value":767353173,"SourceTimestamp":"2024-04-28T08:42:26.798016Z","ServerTimestamp":"2024-04-28T08:42:26.7980164Z"},"nsu=http://opcfoundation.org/UA/Plc/Applications;s=SpikeData":{"Value":90.482705246601952,"SourceTimestamp":"2024-04-28T08:42:27.4964709Z","ServerTimestamp":"2024-04-28T08:42:27.496474Z"}}