{"nsu=http://opcfoundation.org/UA/Plc/Applications;s=StepUp":{"Value":1025,"SourceTimestamp":"2024-04-28T08:42:31.4928666Z","ServerTimestamp":"2024-04-28T08:42:31.4928694Z"},"nsu=http://opcfoundation.org/UA/Plc/Applications;s=RandomSignedInt32":{"Value":1029500444,"SourceTimestamp":"2024-04-28T08:42:31.4928634Z","ServerTimestamp":"2024-04-28T08:42:31.4928722Z"},"nsu=http://opcfoundation.org/UA/Plc/Applications;s=RandomUnsignedInt32":{"Value":394057357,"SourceTimestamp":"2024-04-28T08:42:31.4928624Z","ServerTimestamp":"2024-04-28T08:42:31.4928632Z"},"nsu=http://opcfoundation.org/UA/Plc/Applications;s=DipData":{"Value":-12.533323356430429,"SourceTimestamp":"2024-04-28T08:42:31.4928625Z","ServerTimestamp":"2024-04-28T08:42:31.492866Z"},"nsu=http://opcfoundation.org/UA/Plc/Applications;s=FastUIntScalar1":{"Value":108,"SourceTimestamp":"2024-04-28T08:42:30.7929268Z","ServerTimestamp":"2024-04-28T08:42:30.792929Z"},"nsu=http://opcfoundation.org/UA/Plc/Applications;s=FastUIntScalar2":{"Value":108,"SourceTimestamp":"2024-04-28T08:42:30.7929394Z","ServerTimestamp":"2024-04-28T08:42:30.7929459Z"},"nsu=http://opcfoundation.org/UA/Plc/Applications;s=FastUIntScalar3":{"Value":108,"SourceTimestamp":"2024-04-28T08:42:30.7929475Z","ServerTimestamp":"2024-04-28T08:42:30.7929493Z"},"nsu=http://opcfoundation.org/UA/Plc/Applications;s=FastRandomUIntScalar1":{"Value":2148243271,"SourceTimestamp":"2024-04-28T08:42:30.7929289Z","ServerTimestamp":"2024-04-28T08:42:30.79294Z"},"nsu=http://opcfoundation.org/UA/Plc/Applications;s=FastRandomUIntScalar2":{"Value":2631548511,"SourceTimestamp":"2024-04-28T08:42:30.7929458Z","ServerTimestamp":"2024-04-28T08:42:30.7929478Z"},"nsu=http://opcfoundation.org/UA/Plc/Applications;s=FastRandomUIntScalar3":{"Value":1436449057,"SourceTimestamp":"2024-04-28T08:42:30.7929488Z","ServerTimestamp":"2024-04-28T08:42:30.7929512Z"},"nsu=http://opcfoundation.org/UA/Plc/Applications;s=SpikeData":{"Value":-12.533323356430429,"SourceTimestamp":"2024-04-28T08:42:31.4928325Z","ServerTimestamp":"2024-04-28T08:42:31.4928353Z"}}