{"nsu=http://opcfoundation.org/UA/Plc/Applications;s=StepUp":{"Value":1055,"SourceTimestamp":"2024-04-28T08:42:34.4929965Z","ServerTimestamp":"2024-04-28T08:42:34.4930021Z"},"nsu=http://opcfoundation.org/UA/Plc/Applications;s=AlternatingBoolean":{"Value":false,"SourceTimestamp":"2024-04-28T08:42:34.0879587Z","ServerTimestamp":"2024-04-28T08:42:34.0879934Z"},"nsu=http://opcfoundation.org/UA/Plc/Applications;s=RandomSignedInt32":{"Value":2008911350,"SourceTimestamp":"2024-04-28T08:42:34.4929931Z","ServerTimestamp":"2024-04-28T08:42:34.4929971Z"},"nsu=http://opcfoundation.org/UA/Plc/Applications;s=RandomUnsignedInt32":{"Value":1007729681,"SourceTimestamp":"2024-04-28T08:42:34.4929863Z","ServerTimestamp":"2024-04-28T08:42:34.4929869Z"},"nsu=http://opcfoundation.org/UA/Plc/Applications;s=DipData":{"Value":-48.175367410171532,"SourceTimestamp":"2024-04-28T08:42:34.4929819Z","ServerTimestamp":"2024-04-28T08:42:34.4929825Z"},"nsu=http://opcfoundation.org/UA/Plc/Applications;s=FastUIntScalar1":{"Value":111,"SourceTimestamp":"2024-04-28T08:42:33.7965704Z","ServerTimestamp":"2024-04-28T08:42:33.7965725Z"},"nsu=http://opcfoundation.org/UA/Plc/Applications;s=FastUIntScalar2":{"Value":111,"SourceTimestamp":"2024-04-28T08:42:33.7965877Z","ServerTimestamp":"2024-04-28T08:42:33.7965883Z"},"nsu=http://opcfoundation.org/UA/Plc/Applications;s=FastUIntScalar3":{"Value":111,"SourceTimestamp":"2024-04-28T08:42:33.7965897Z","ServerTimestamp":"2024-04-28T08:42:33.7965903Z"},"nsu=http://opcfoundation.org/UA/Plc/Applications;s=FastRandomUIntScalar1":{"Value":198181171,"SourceTimestamp":"2024-04-28T08:42:33.7965712Z","ServerTimestamp":"2024-04-28T08:42:33.7966091Z"},"nsu=http://opcfoundation.org/UA/Plc/Applications;s=FastRandomUIntScalar2":{"Value":1470475154,"SourceTimestamp":"2024-04-28T08:42:33.7966302Z","ServerTimestamp":"2024-04-28T08:42:33.7966326Z"},"nsu=http://opcfoundation.org/UA/Plc/Applications;s=FastRandomUIntScalar3":{"Value":1202808066,"SourceTimestamp":"2024-04-28T08:42:33.7966342Z","ServerTimestamp":"2024-04-28T08:42:33.7966348Z"},"nsu=http://opcfoundation.org/UA/Plc/Applications;s=NegativeTrendData":{"Value":97.900000000000006,"SourceTimestamp":"2024-04-28T08:42:34.0879549Z","ServerTimestamp":"2024-04-28T08:42:34.0879821Z"},"nsu=http://opcfoundation.org/UA/Plc/Applications;s=PositiveTrendData":{"Value":101.3,"SourceTimestamp":"2024-04-28T08:42:34.0879434Z","ServerTimestamp":"2024-04-28T08:42:34.0879441Z"},"nsu=http://opcfoundation.org/UA/Plc/Applications;s=SpikeData":{"Value":-48.175367410171532,"SourceTimestamp":"2024-04-28T08:42:34.4929441Z","ServerTimestamp":"2024-04-28T08:42:34.4929474Z"}}