{"NodeId":"nsu=http://opcfoundation.org/UA/Plc/Applications;s=RandomUnsignedInt32","EndpointUrl":"opc.tcp://localhost:61457/UA/SampleServer","ApplicationUri":"urn:desktop-bgfjs91:OPCFoundation:CoreSampleServer","DisplayName":"nsu=http://opcfoundation.org/UA/Plc/Applications;s=RandomUnsignedInt32","Timestamp":"2024-04-26T12:07:42.260706Z","Value":{"Value":{"Type":7,"Body":1979063170},"SourceTimestamp":"2024-04-26T12:07:42.1871717Z","ServerTimestamp":"2024-04-26T12:07:42.187182Z"},"SequenceNumber":104,"ExtensionFields":{"WriterGroupId":"MES"}}