{"NodeId":"nsu=http://opcfoundation.org/UA/Plc/Applications;s=RandomSignedInt32","EndpointUrl":"opc.tcp://localhost:61457/UA/SampleServer","ApplicationUri":"urn:desktop-bgfjs91:OPCFoundation:CoreSampleServer","DisplayName":"nsu=http://opcfoundation.org/UA/Plc/Applications;s=RandomSignedInt32","Timestamp":"2024-04-26T12:07:43.2661363Z","Value":{"Value":{"Type":6,"Body":1266591053},"SourceTimestamp":"2024-04-26T12:07:43.1873368Z","ServerTimestamp":"2024-04-26T12:07:43.1873396Z"},"SequenceNumber":108,"ExtensionFields":{"WriterGroupId":"MES"}}