{"NodeId":"nsu=http://opcfoundation.org/UA/Plc/Applications;s=RandomUnsignedInt32","EndpointUrl":"opc.tcp://localhost:61457/UA/SampleServer","ApplicationUri":"urn:desktop-bgfjs91:OPCFoundation:CoreSampleServer","DisplayName":"nsu=http://opcfoundation.org/UA/Plc/Applications;s=RandomUnsignedInt32","Timestamp":"2024-04-26T12:07:43.2661363Z","Value":{"Value":{"Type":7,"Body":1052245452},"SourceTimestamp":"2024-04-26T12:07:43.1873117Z","ServerTimestamp":"2024-04-26T12:07:43.1873161Z"},"SequenceNumber":109,"ExtensionFields":{"WriterGroupId":"MES"}}