{"NodeId":"nsu=http://opcfoundation.org/UA/Plc/Applications;s=RandomSignedInt32","EndpointUrl":"opc.tcp://localhost:61457/UA/SampleServer","ApplicationUri":"urn:desktop-bgfjs91:OPCFoundation:CoreSampleServer","DisplayName":"nsu=http://opcfoundation.org/UA/Plc/Applications;s=RandomSignedInt32","Timestamp":"2024-04-26T12:07:44.2090505Z","Value":{"Value":{"Type":6,"Body":1015657910},"SourceTimestamp":"2024-04-26T12:07:44.1773688Z","ServerTimestamp":"2024-04-26T12:07:44.1773715Z"},"SequenceNumber":113,"ExtensionFields":{"WriterGroupId":"MES"}}