{"NodeId":"nsu=http://opcfoundation.org/UA/Plc/Applications;s=RandomSignedInt32","EndpointUrl":"opc.tcp://localhost:61457/UA/SampleServer","ApplicationUri":"urn:desktop-bgfjs91:OPCFoundation:CoreSampleServer","DisplayName":"nsu=http://opcfoundation.org/UA/Plc/Applications;s=RandomSignedInt32","Timestamp":"2024-04-26T12:07:45.2151322Z","Value":{"Value":{"Type":6,"Body":-1471916732},"SourceTimestamp":"2024-04-26T12:07:45.1835622Z","ServerTimestamp":"2024-04-26T12:07:45.1835669Z"},"SequenceNumber":118,"ExtensionFields":{"WriterGroupId":"MES"}}