{"NodeId":"nsu=http://opcfoundation.org/UA/Plc/Applications;s=RandomUnsignedInt32","EndpointUrl":"opc.tcp://localhost:61457/UA/SampleServer","ApplicationUri":"urn:desktop-bgfjs91:OPCFoundation:CoreSampleServer","DisplayName":"nsu=http://opcfoundation.org/UA/Plc/Applications;s=RandomUnsignedInt32","Timestamp":"2024-04-26T12:07:46.2186116Z","Value":{"Value":{"Type":7,"Body":1592538619},"SourceTimestamp":"2024-04-26T12:07:46.1872664Z","ServerTimestamp":"2024-04-26T12:07:46.1872715Z"},"SequenceNumber":125,"ExtensionFields":{"WriterGroupId":"MES"}}