{"NodeId":"nsu=http://opcfoundation.org/UA/Plc/Applications;s=FastUIntScalar1","EndpointUrl":"opc.tcp://localhost:61457/UA/SampleServer","ApplicationUri":"urn:desktop-bgfjs91:OPCFoundation:CoreSampleServer","DisplayName":"nsu=http://opcfoundation.org/UA/Plc/Applications;s=FastUIntScalar1","Timestamp":"2024-04-26T12:07:48.2195587Z","Value":{"Value":{"Type":7,"Body":27},"SourceTimestamp":"2024-04-26T12:07:47.7862799Z","ServerTimestamp":"2024-04-26T12:07:47.7862819Z"},"SequenceNumber":137,"ExtensionFields":{"WriterGroupId":"MES"}}