{"NodeId":"nsu=http://opcfoundation.org/UA/Plc/Applications;s=StepUp","EndpointUrl":"opc.tcp://localhost:61457/UA/SampleServer","ApplicationUri":"urn:desktop-bgfjs91:OPCFoundation:CoreSampleServer","DisplayName":"nsu=http://opcfoundation.org/UA/Plc/Applications;s=StepUp","Timestamp":"2024-04-26T12:07:49.2262349Z","Value":{"Value":{"Type":7,"Body":284},"SourceTimestamp":"2024-04-26T12:07:49.178982Z","ServerTimestamp":"2024-04-26T12:07:49.1789867Z"},"SequenceNumber":138,"ExtensionFields":{"WriterGroupId":"MES"}}