{"NodeId":"nsu=http://opcfoundation.org/UA/Plc/Applications;s=StepUp","EndpointUrl":"opc.tcp://localhost:61457/UA/SampleServer","ApplicationUri":"urn:desktop-bgfjs91:OPCFoundation:CoreSampleServer","DisplayName":"nsu=http://opcfoundation.org/UA/Plc/Applications;s=StepUp","Timestamp":"2024-04-26T12:07:51.2364626Z","Value":{"Value":{"Type":7,"Body":304},"SourceTimestamp":"2024-04-26T12:07:51.1895602Z","ServerTimestamp":"2024-04-26T12:07:51.1895638Z"},"SequenceNumber":148,"ExtensionFields":{"WriterGroupId":"MES"}}