{"NodeId":"nsu=http://opcfoundation.org/UA/Plc/Applications;s=RandomUnsignedInt32","EndpointUrl":"opc.tcp://localhost:61457/UA/SampleServer","ApplicationUri":"urn:desktop-bgfjs91:OPCFoundation:CoreSampleServer","DisplayName":"nsu=http://opcfoundation.org/UA/Plc/Applications;s=RandomUnsignedInt32","Timestamp":"2024-04-26T12:07:25.2626702Z","Value":{"Value":{"Type":7,"Body":2062370538},"SourceTimestamp":"2024-04-26T12:07:25.1831404Z","ServerTimestamp":"2024-04-26T12:07:25.1831452Z"},"SequenceNumber":15,"ExtensionFields":{"WriterGroupId":"MES"}}