{"NodeId":"nsu=http://opcfoundation.org/UA/Plc/Applications;s=FastUIntScalar1","EndpointUrl":"opc.tcp://localhost:61457/UA/SampleServer","ApplicationUri":"urn:desktop-bgfjs91:OPCFoundation:CoreSampleServer","DisplayName":"nsu=http://opcfoundation.org/UA/Plc/Applications;s=FastUIntScalar1","Timestamp":"2024-04-26T12:07:51.2364626Z","Value":{"Value":{"Type":7,"Body":30},"SourceTimestamp":"2024-04-26T12:07:50.7810417Z","ServerTimestamp":"2024-04-26T12:07:50.7810423Z"},"SequenceNumber":153,"ExtensionFields":{"WriterGroupId":"MES"}}