{"NodeId":"nsu=http://opcfoundation.org/UA/Plc/Applications;s=RandomSignedInt32","EndpointUrl":"opc.tcp://localhost:61457/UA/SampleServer","ApplicationUri":"urn:desktop-bgfjs91:OPCFoundation:CoreSampleServer","DisplayName":"nsu=http://opcfoundation.org/UA/Plc/Applications;s=RandomSignedInt32","Timestamp":"2024-04-26T12:07:53.2549453Z","Value":{"Value":{"Type":6,"Body":-294279298},"SourceTimestamp":"2024-04-26T12:07:53.1752985Z","ServerTimestamp":"2024-04-26T12:07:53.1753013Z"},"SequenceNumber":160,"ExtensionFields":{"WriterGroupId":"MES"}}