{"NodeId":"nsu=http://opcfoundation.org/UA/Plc/Applications;s=FastUIntScalar1","EndpointUrl":"opc.tcp://localhost:61457/UA/SampleServer","ApplicationUri":"urn:desktop-bgfjs91:OPCFoundation:CoreSampleServer","DisplayName":"nsu=http://opcfoundation.org/UA/Plc/Applications;s=FastUIntScalar1","Timestamp":"2024-04-26T12:07:53.2549453Z","Value":{"Value":{"Type":7,"Body":32},"SourceTimestamp":"2024-04-26T12:07:52.7828971Z","ServerTimestamp":"2024-04-26T12:07:52.7829494Z"},"SequenceNumber":163,"ExtensionFields":{"WriterGroupId":"MES"}}