{"NodeId":"nsu=http://opcfoundation.org/UA/Plc/Applications;s=FastUIntScalar1","EndpointUrl":"opc.tcp://localhost:61457/UA/SampleServer","ApplicationUri":"urn:desktop-bgfjs91:OPCFoundation:CoreSampleServer","DisplayName":"nsu=http://opcfoundation.org/UA/Plc/Applications;s=FastUIntScalar1","Timestamp":"2024-04-26T12:07:25.2626702Z","Value":{"Value":{"Type":7,"Body":4},"SourceTimestamp":"2024-04-26T12:07:24.7909985Z","ServerTimestamp":"2024-04-26T12:07:24.7910052Z"},"SequenceNumber":17,"ExtensionFields":{"WriterGroupId":"MES"}}