{"NodeId":"nsu=http://opcfoundation.org/UA/Plc/Applications;s=RandomSignedInt32","EndpointUrl":"opc.tcp://localhost:61457/UA/SampleServer","ApplicationUri":"urn:desktop-bgfjs91:OPCFoundation:CoreSampleServer","DisplayName":"nsu=http://opcfoundation.org/UA/Plc/Applications;s=RandomSignedInt32","Timestamp":"2024-04-26T12:07:55.2661056Z","Value":{"Value":{"Type":6,"Body":2042954035},"SourceTimestamp":"2024-04-26T12:07:55.1867387Z","ServerTimestamp":"2024-04-26T12:07:55.18674Z"},"SequenceNumber":170,"ExtensionFields":{"WriterGroupId":"MES"}}