{"NodeId":"nsu=http://opcfoundation.org/UA/Plc/Applications;s=RandomSignedInt32","EndpointUrl":"opc.tcp://localhost:61457/UA/SampleServer","ApplicationUri":"urn:desktop-bgfjs91:OPCFoundation:CoreSampleServer","DisplayName":"nsu=http://opcfoundation.org/UA/Plc/Applications;s=RandomSignedInt32","Timestamp":"2024-04-26T12:07:56.2643188Z","Value":{"Value":{"Type":6,"Body":-848263357},"SourceTimestamp":"2024-04-26T12:07:56.185814Z","ServerTimestamp":"2024-04-26T12:07:56.185817Z"},"SequenceNumber":176,"ExtensionFields":{"WriterGroupId":"MES"}}