{"NodeId":"nsu=http://opcfoundation.org/UA/Plc/Applications;s=DipData","EndpointUrl":"opc.tcp://localhost:61457/UA/SampleServer","ApplicationUri":"urn:desktop-bgfjs91:OPCFoundation:CoreSampleServer","DisplayName":"nsu=http://opcfoundation.org/UA/Plc/Applications;s=DipData","Timestamp":"2024-04-26T12:07:56.2643188Z","Value":{"Value":{"Type":11,"Body":-36.812455268467787},"SourceTimestamp":"2024-04-26T12:07:56.1858234Z","ServerTimestamp":"2024-04-26T12:07:56.1858243Z"},"SequenceNumber":178,"ExtensionFields":{"WriterGroupId":"MES"}}