{"NodeId":"nsu=http://opcfoundation.org/UA/Plc/Applications;s=StepUp","EndpointUrl":"opc.tcp://localhost:61457/UA/SampleServer","ApplicationUri":"urn:desktop-bgfjs91:OPCFoundation:CoreSampleServer","DisplayName":"nsu=http://opcfoundation.org/UA/Plc/Applications;s=StepUp","Timestamp":"2024-04-26T12:07:26.2698288Z","Value":{"Value":{"Type":7,"Body":54},"SourceTimestamp":"2024-04-26T12:07:26.1909704Z","ServerTimestamp":"2024-04-26T12:07:26.1909761Z"},"SequenceNumber":18,"ExtensionFields":{"WriterGroupId":"MES"}}