{"NodeId":"nsu=http://opcfoundation.org/UA/Plc/Applications;s=RandomSignedInt32","EndpointUrl":"opc.tcp://localhost:61457/UA/SampleServer","ApplicationUri":"urn:desktop-bgfjs91:OPCFoundation:CoreSampleServer","DisplayName":"nsu=http://opcfoundation.org/UA/Plc/Applications;s=RandomSignedInt32","Timestamp":"2024-04-26T12:07:57.2692457Z","Value":{"Value":{"Type":6,"Body":1089612239},"SourceTimestamp":"2024-04-26T12:07:57.190844Z","ServerTimestamp":"2024-04-26T12:07:57.1908462Z"},"SequenceNumber":181,"ExtensionFields":{"WriterGroupId":"MES"}}