{"NodeId":"nsu=http://opcfoundation.org/UA/Plc/Applications;s=DipData","EndpointUrl":"opc.tcp://localhost:61457/UA/SampleServer","ApplicationUri":"urn:desktop-bgfjs91:OPCFoundation:CoreSampleServer","DisplayName":"nsu=http://opcfoundation.org/UA/Plc/Applications;s=DipData","Timestamp":"2024-04-26T12:07:57.2692457Z","Value":{"Value":{"Type":11,"Body":-99.80267284282715},"SourceTimestamp":"2024-04-26T12:07:57.0807645Z","ServerTimestamp":"2024-04-26T12:07:57.0807727Z"},"SequenceNumber":183,"ExtensionFields":{"WriterGroupId":"MES"}}