{"NodeId":"nsu=http://opcfoundation.org/UA/Plc/Applications;s=AlternatingBoolean","EndpointUrl":"opc.tcp://localhost:61457/UA/SampleServer","ApplicationUri":"urn:desktop-bgfjs91:OPCFoundation:CoreSampleServer","DisplayName":"nsu=http://opcfoundation.org/UA/Plc/Applications;s=AlternatingBoolean","Timestamp":"2024-04-26T12:07:26.2698288Z","Value":{"Value":{"Type":1,"Body":false},"SourceTimestamp":"2024-04-26T12:07:25.8768618Z","ServerTimestamp":"2024-04-26T12:07:25.876866Z"},"SequenceNumber":19,"ExtensionFields":{"WriterGroupId":"MES"}}