{"NodeId":"nsu=http://opcfoundation.org/UA/Plc/Applications;s=StepUp","EndpointUrl":"opc.tcp://localhost:61457/UA/SampleServer","ApplicationUri":"urn:desktop-bgfjs91:OPCFoundation:CoreSampleServer","DisplayName":"nsu=http://opcfoundation.org/UA/Plc/Applications;s=StepUp","Timestamp":"2024-04-26T12:08:00.2245012Z","Value":{"Value":{"Type":7,"Body":394},"SourceTimestamp":"2024-04-26T12:08:00.1768498Z","ServerTimestamp":"2024-04-26T12:08:00.1768533Z"},"SequenceNumber":195,"ExtensionFields":{"WriterGroupId":"MES"}}