{"NodeId":"nsu=http://opcfoundation.org/UA/Plc/Applications;s=FastUIntScalar1","EndpointUrl":"opc.tcp://localhost:61457/UA/SampleServer","ApplicationUri":"urn:desktop-bgfjs91:OPCFoundation:CoreSampleServer","DisplayName":"nsu=http://opcfoundation.org/UA/Plc/Applications;s=FastUIntScalar1","Timestamp":"2024-04-26T12:08:00.2245012Z","Value":{"Value":{"Type":7,"Body":39},"SourceTimestamp":"2024-04-26T12:07:59.782968Z","ServerTimestamp":"2024-04-26T12:07:59.7829695Z"},"SequenceNumber":199,"ExtensionFields":{"WriterGroupId":"MES"}}