{"NodeId":"nsu=http://opcfoundation.org/UA/Plc/Applications;s=RandomSignedInt32","EndpointUrl":"opc.tcp://localhost:61457/UA/SampleServer","ApplicationUri":"urn:desktop-bgfjs91:OPCFoundation:CoreSampleServer","DisplayName":"nsu=http://opcfoundation.org/UA/Plc/Applications;s=RandomSignedInt32","Timestamp":"2024-04-26T12:08:01.2296055Z","Value":{"Value":{"Type":6,"Body":883909311},"SourceTimestamp":"2024-04-26T12:08:01.1824355Z","ServerTimestamp":"2024-04-26T12:08:01.1824391Z"},"SequenceNumber":202,"ExtensionFields":{"WriterGroupId":"MES"}}