{"NodeId":"nsu=http://opcfoundation.org/UA/Plc/Applications;s=StepUp","EndpointUrl":"opc.tcp://localhost:61457/UA/SampleServer","ApplicationUri":"urn:desktop-bgfjs91:OPCFoundation:CoreSampleServer","DisplayName":"nsu=http://opcfoundation.org/UA/Plc/Applications;s=StepUp","Timestamp":"2024-04-26T12:08:02.2288067Z","Value":{"Value":{"Type":7,"Body":414},"SourceTimestamp":"2024-04-26T12:08:02.1806002Z","ServerTimestamp":"2024-04-26T12:08:02.1806079Z"},"SequenceNumber":206,"ExtensionFields":{"WriterGroupId":"MES"}}