{"NodeId":"nsu=http://opcfoundation.org/UA/Plc/Applications;s=RandomUnsignedInt32","EndpointUrl":"opc.tcp://localhost:61457/UA/SampleServer","ApplicationUri":"urn:desktop-bgfjs91:OPCFoundation:CoreSampleServer","DisplayName":"nsu=http://opcfoundation.org/UA/Plc/Applications;s=RandomUnsignedInt32","Timestamp":"2024-04-26T12:07:26.2698288Z","Value":{"Value":{"Type":7,"Body":1805219504},"SourceTimestamp":"2024-04-26T12:07:26.1910268Z","ServerTimestamp":"2024-04-26T12:07:26.1910327Z"},"SequenceNumber":21,"ExtensionFields":{"WriterGroupId":"MES"}}