{"NodeId":"nsu=http://opcfoundation.org/UA/Plc/Applications;s=DipData","EndpointUrl":"opc.tcp://localhost:61457/UA/SampleServer","ApplicationUri":"urn:desktop-bgfjs91:OPCFoundation:CoreSampleServer","DisplayName":"nsu=http://opcfoundation.org/UA/Plc/Applications;s=DipData","Timestamp":"2024-04-26T12:08:03.2334101Z","Value":{"Value":{"Type":11,"Body":-24.8689887164855},"SourceTimestamp":"2024-04-26T12:08:03.1858462Z","ServerTimestamp":"2024-04-26T12:08:03.185853Z"},"SequenceNumber":214,"ExtensionFields":{"WriterGroupId":"MES"}}