{"NodeId":"nsu=http://opcfoundation.org/UA/Plc/Applications;s=RandomSignedInt32","EndpointUrl":"opc.tcp://localhost:61457/UA/SampleServer","ApplicationUri":"urn:desktop-bgfjs91:OPCFoundation:CoreSampleServer","DisplayName":"nsu=http://opcfoundation.org/UA/Plc/Applications;s=RandomSignedInt32","Timestamp":"2024-04-26T12:08:04.2376321Z","Value":{"Value":{"Type":6,"Body":1409620220},"SourceTimestamp":"2024-04-26T12:08:04.1750048Z","ServerTimestamp":"2024-04-26T12:08:04.1750087Z"},"SequenceNumber":217,"ExtensionFields":{"WriterGroupId":"MES"}}