{"NodeId":"nsu=http://opcfoundation.org/UA/Plc/Applications;s=RandomSignedInt32","EndpointUrl":"opc.tcp://localhost:61457/UA/SampleServer","ApplicationUri":"urn:desktop-bgfjs91:OPCFoundation:CoreSampleServer","DisplayName":"nsu=http://opcfoundation.org/UA/Plc/Applications;s=RandomSignedInt32","Timestamp":"2024-04-26T12:08:06.2478545Z","Value":{"Value":{"Type":6,"Body":-2003281581},"SourceTimestamp":"2024-04-26T12:08:06.18501Z","ServerTimestamp":"2024-04-26T12:08:06.1850223Z"},"SequenceNumber":228,"ExtensionFields":{"WriterGroupId":"MES"}}