{"NodeId":"nsu=http://opcfoundation.org/UA/Plc/Applications;s=RandomUnsignedInt32","EndpointUrl":"opc.tcp://localhost:61457/UA/SampleServer","ApplicationUri":"urn:desktop-bgfjs91:OPCFoundation:CoreSampleServer","DisplayName":"nsu=http://opcfoundation.org/UA/Plc/Applications;s=RandomUnsignedInt32","Timestamp":"2024-04-26T12:08:06.2478545Z","Value":{"Value":{"Type":7,"Body":16898560},"SourceTimestamp":"2024-04-26T12:08:06.1849991Z","ServerTimestamp":"2024-04-26T12:08:06.185003Z"},"SequenceNumber":229,"ExtensionFields":{"WriterGroupId":"MES"}}