{"NodeId":"nsu=http://opcfoundation.org/UA/Plc/Applications;s=StepUp","EndpointUrl":"opc.tcp://localhost:61457/UA/SampleServer","ApplicationUri":"urn:desktop-bgfjs91:OPCFoundation:CoreSampleServer","DisplayName":"nsu=http://opcfoundation.org/UA/Plc/Applications;s=StepUp","Timestamp":"2024-04-26T12:08:07.2524569Z","Value":{"Value":{"Type":7,"Body":464},"SourceTimestamp":"2024-04-26T12:08:07.1893655Z","ServerTimestamp":"2024-04-26T12:08:07.1893691Z"},"SequenceNumber":232,"ExtensionFields":{"WriterGroupId":"MES"}}