{"NodeId":"nsu=http://opcfoundation.org/UA/Plc/Applications;s=RandomUnsignedInt32","EndpointUrl":"opc.tcp://localhost:61457/UA/SampleServer","ApplicationUri":"urn:desktop-bgfjs91:OPCFoundation:CoreSampleServer","DisplayName":"nsu=http://opcfoundation.org/UA/Plc/Applications;s=RandomUnsignedInt32","Timestamp":"2024-04-26T12:08:07.2524569Z","Value":{"Value":{"Type":7,"Body":45175362},"SourceTimestamp":"2024-04-26T12:08:07.1893742Z","ServerTimestamp":"2024-04-26T12:08:07.1893793Z"},"SequenceNumber":234,"ExtensionFields":{"WriterGroupId":"MES"}}