{"NodeId":"nsu=http://opcfoundation.org/UA/Plc/Applications;s=StepUp","EndpointUrl":"opc.tcp://localhost:61457/UA/SampleServer","ApplicationUri":"urn:desktop-bgfjs91:OPCFoundation:CoreSampleServer","DisplayName":"nsu=http://opcfoundation.org/UA/Plc/Applications;s=StepUp","Timestamp":"2024-04-26T12:07:27.2125073Z","Value":{"Value":{"Type":7,"Body":64},"SourceTimestamp":"2024-04-26T12:07:27.1807162Z","ServerTimestamp":"2024-04-26T12:07:27.1807329Z"},"SequenceNumber":24,"ExtensionFields":{"WriterGroupId":"MES"}}