{"NodeId":"nsu=http://opcfoundation.org/UA/Plc/Applications;s=StepUp","EndpointUrl":"opc.tcp://localhost:61457/UA/SampleServer","ApplicationUri":"urn:desktop-bgfjs91:OPCFoundation:CoreSampleServer","DisplayName":"nsu=http://opcfoundation.org/UA/Plc/Applications;s=StepUp","Timestamp":"2024-04-26T12:08:09.2580889Z","Value":{"Value":{"Type":7,"Body":484},"SourceTimestamp":"2024-04-26T12:08:09.1791522Z","ServerTimestamp":"2024-04-26T12:08:09.1791568Z"},"SequenceNumber":242,"ExtensionFields":{"WriterGroupId":"MES"}}