{"NodeId":"nsu=http://opcfoundation.org/UA/Plc/Applications;s=FastUIntScalar1","EndpointUrl":"opc.tcp://localhost:61457/UA/SampleServer","ApplicationUri":"urn:desktop-bgfjs91:OPCFoundation:CoreSampleServer","DisplayName":"nsu=http://opcfoundation.org/UA/Plc/Applications;s=FastUIntScalar1","Timestamp":"2024-04-26T12:08:09.2580889Z","Value":{"Value":{"Type":7,"Body":48},"SourceTimestamp":"2024-04-26T12:08:08.7865011Z","ServerTimestamp":"2024-04-26T12:08:08.78651Z"},"SequenceNumber":246,"ExtensionFields":{"WriterGroupId":"MES"}}