{"NodeId":"nsu=http://opcfoundation.org/UA/Plc/Applications;s=RandomUnsignedInt32","EndpointUrl":"opc.tcp://localhost:61457/UA/SampleServer","ApplicationUri":"urn:desktop-bgfjs91:OPCFoundation:CoreSampleServer","DisplayName":"nsu=http://opcfoundation.org/UA/Plc/Applications;s=RandomUnsignedInt32","Timestamp":"2024-04-26T12:08:10.2640593Z","Value":{"Value":{"Type":7,"Body":423799805},"SourceTimestamp":"2024-04-26T12:08:10.1848483Z","ServerTimestamp":"2024-04-26T12:08:10.1848752Z"},"SequenceNumber":249,"ExtensionFields":{"WriterGroupId":"MES"}}