{"NodeId":"nsu=http://opcfoundation.org/UA/Plc/Applications;s=AlternatingBoolean","EndpointUrl":"opc.tcp://localhost:61457/UA/SampleServer","ApplicationUri":"urn:desktop-bgfjs91:OPCFoundation:CoreSampleServer","DisplayName":"nsu=http://opcfoundation.org/UA/Plc/Applications;s=AlternatingBoolean","Timestamp":"2024-04-26T12:08:11.2674906Z","Value":{"Value":{"Type":1,"Body":true},"SourceTimestamp":"2024-04-26T12:08:10.889812Z","ServerTimestamp":"2024-04-26T12:08:10.8898135Z"},"SequenceNumber":253,"ExtensionFields":{"WriterGroupId":"MES"}}