{"NodeId":"nsu=http://opcfoundation.org/UA/Plc/Applications;s=RandomSignedInt32","EndpointUrl":"opc.tcp://localhost:61457/UA/SampleServer","ApplicationUri":"urn:desktop-bgfjs91:OPCFoundation:CoreSampleServer","DisplayName":"nsu=http://opcfoundation.org/UA/Plc/Applications;s=RandomSignedInt32","Timestamp":"2024-04-26T12:08:11.2674906Z","Value":{"Value":{"Type":6,"Body":-760905605},"SourceTimestamp":"2024-04-26T12:08:11.1889421Z","ServerTimestamp":"2024-04-26T12:08:11.1889454Z"},"SequenceNumber":254,"ExtensionFields":{"WriterGroupId":"MES"}}