{"NodeId":"nsu=http://opcfoundation.org/UA/Plc/Applications;s=StepUp","EndpointUrl":"opc.tcp://localhost:61457/UA/SampleServer","ApplicationUri":"urn:desktop-bgfjs91:OPCFoundation:CoreSampleServer","DisplayName":"nsu=http://opcfoundation.org/UA/Plc/Applications;s=StepUp","Timestamp":"2024-04-26T12:08:12.2700912Z","Value":{"Value":{"Type":7,"Body":514},"SourceTimestamp":"2024-04-26T12:08:12.176752Z","ServerTimestamp":"2024-04-26T12:08:12.1767548Z"},"SequenceNumber":258,"ExtensionFields":{"WriterGroupId":"MES"}}