{"NodeId":"nsu=http://opcfoundation.org/UA/Plc/Applications;s=RandomUnsignedInt32","EndpointUrl":"opc.tcp://localhost:61457/UA/SampleServer","ApplicationUri":"urn:desktop-bgfjs91:OPCFoundation:CoreSampleServer","DisplayName":"nsu=http://opcfoundation.org/UA/Plc/Applications;s=RandomUnsignedInt32","Timestamp":"2024-04-26T12:08:12.2700912Z","Value":{"Value":{"Type":7,"Body":173803741},"SourceTimestamp":"2024-04-26T12:08:12.1767625Z","ServerTimestamp":"2024-04-26T12:08:12.1767644Z"},"SequenceNumber":260,"ExtensionFields":{"WriterGroupId":"MES"}}