{"NodeId":"nsu=http://opcfoundation.org/UA/Plc/Applications;s=RandomSignedInt32","EndpointUrl":"opc.tcp://localhost:61457/UA/SampleServer","ApplicationUri":"urn:desktop-bgfjs91:OPCFoundation:CoreSampleServer","DisplayName":"nsu=http://opcfoundation.org/UA/Plc/Applications;s=RandomSignedInt32","Timestamp":"2024-04-26T12:08:14.2161155Z","Value":{"Value":{"Type":6,"Body":-1520980391},"SourceTimestamp":"2024-04-26T12:08:14.1841341Z","ServerTimestamp":"2024-04-26T12:08:14.1841424Z"},"SequenceNumber":269,"ExtensionFields":{"WriterGroupId":"MES"}}