{"NodeId":"nsu=http://opcfoundation.org/UA/Plc/Applications;s=FastUIntScalar1","EndpointUrl":"opc.tcp://localhost:61457/UA/SampleServer","ApplicationUri":"urn:desktop-bgfjs91:OPCFoundation:CoreSampleServer","DisplayName":"nsu=http://opcfoundation.org/UA/Plc/Applications;s=FastUIntScalar1","Timestamp":"2024-04-26T12:08:14.2161155Z","Value":{"Value":{"Type":7,"Body":53},"SourceTimestamp":"2024-04-26T12:08:13.7759312Z","ServerTimestamp":"2024-04-26T12:08:13.7759356Z"},"SequenceNumber":272,"ExtensionFields":{"WriterGroupId":"MES"}}