{"NodeId":"nsu=http://opcfoundation.org/UA/Plc/Applications;s=RandomSignedInt32","EndpointUrl":"opc.tcp://localhost:61457/UA/SampleServer","ApplicationUri":"urn:desktop-bgfjs91:OPCFoundation:CoreSampleServer","DisplayName":"nsu=http://opcfoundation.org/UA/Plc/Applications;s=RandomSignedInt32","Timestamp":"2024-04-26T12:08:15.2217967Z","Value":{"Value":{"Type":6,"Body":1587333677},"SourceTimestamp":"2024-04-26T12:08:15.1898659Z","ServerTimestamp":"2024-04-26T12:08:15.1898707Z"},"SequenceNumber":274,"ExtensionFields":{"WriterGroupId":"MES"}}