{"NodeId":"nsu=http://opcfoundation.org/UA/Plc/Applications;s=StepUp","EndpointUrl":"opc.tcp://localhost:61457/UA/SampleServer","ApplicationUri":"urn:desktop-bgfjs91:OPCFoundation:CoreSampleServer","DisplayName":"nsu=http://opcfoundation.org/UA/Plc/Applications;s=StepUp","Timestamp":"2024-04-26T12:08:16.2217697Z","Value":{"Value":{"Type":7,"Body":554},"SourceTimestamp":"2024-04-26T12:08:16.1892991Z","ServerTimestamp":"2024-04-26T12:08:16.1893029Z"},"SequenceNumber":278,"ExtensionFields":{"WriterGroupId":"MES"}}