{"NodeId":"nsu=http://opcfoundation.org/UA/Plc/Applications;s=AlternatingBoolean","EndpointUrl":"opc.tcp://localhost:61457/UA/SampleServer","ApplicationUri":"urn:desktop-bgfjs91:OPCFoundation:CoreSampleServer","DisplayName":"nsu=http://opcfoundation.org/UA/Plc/Applications;s=AlternatingBoolean","Timestamp":"2024-04-26T12:08:16.2217697Z","Value":{"Value":{"Type":1,"Body":false},"SourceTimestamp":"2024-04-26T12:08:15.8816095Z","ServerTimestamp":"2024-04-26T12:08:15.8816226Z"},"SequenceNumber":279,"ExtensionFields":{"WriterGroupId":"MES"}}