{"NodeId":"nsu=http://opcfoundation.org/UA/Plc/Applications;s=FastUIntScalar1","EndpointUrl":"opc.tcp://localhost:61457/UA/SampleServer","ApplicationUri":"urn:desktop-bgfjs91:OPCFoundation:CoreSampleServer","DisplayName":"nsu=http://opcfoundation.org/UA/Plc/Applications;s=FastUIntScalar1","Timestamp":"2024-04-26T12:07:27.2125073Z","Value":{"Value":{"Type":7,"Body":6},"SourceTimestamp":"2024-04-26T12:07:26.7882492Z","ServerTimestamp":"2024-04-26T12:07:26.7882502Z"},"SequenceNumber":28,"ExtensionFields":{"WriterGroupId":"MES"}}