{"NodeId":"nsu=http://opcfoundation.org/UA/Plc/Applications;s=RandomSignedInt32","EndpointUrl":"opc.tcp://localhost:61457/UA/SampleServer","ApplicationUri":"urn:desktop-bgfjs91:OPCFoundation:CoreSampleServer","DisplayName":"nsu=http://opcfoundation.org/UA/Plc/Applications;s=RandomSignedInt32","Timestamp":"2024-04-26T12:08:17.226088Z","Value":{"Value":{"Type":6,"Body":-229643125},"SourceTimestamp":"2024-04-26T12:08:17.1782513Z","ServerTimestamp":"2024-04-26T12:08:17.1782561Z"},"SequenceNumber":285,"ExtensionFields":{"WriterGroupId":"MES"}}