{"NodeId":"nsu=http://opcfoundation.org/UA/Plc/Applications;s=FastUIntScalar1","EndpointUrl":"opc.tcp://localhost:61457/UA/SampleServer","ApplicationUri":"urn:desktop-bgfjs91:OPCFoundation:CoreSampleServer","DisplayName":"nsu=http://opcfoundation.org/UA/Plc/Applications;s=FastUIntScalar1","Timestamp":"2024-04-26T12:08:17.226088Z","Value":{"Value":{"Type":7,"Body":56},"SourceTimestamp":"2024-04-26T12:08:16.7854321Z","ServerTimestamp":"2024-04-26T12:08:16.7854347Z"},"SequenceNumber":288,"ExtensionFields":{"WriterGroupId":"MES"}}