{"NodeId":"nsu=http://opcfoundation.org/UA/Plc/Applications;s=RandomUnsignedInt32","EndpointUrl":"opc.tcp://localhost:61457/UA/SampleServer","ApplicationUri":"urn:desktop-bgfjs91:OPCFoundation:CoreSampleServer","DisplayName":"nsu=http://opcfoundation.org/UA/Plc/Applications;s=RandomUnsignedInt32","Timestamp":"2024-04-26T12:08:18.2317652Z","Value":{"Value":{"Type":7,"Body":1369782923},"SourceTimestamp":"2024-04-26T12:08:18.1839618Z","ServerTimestamp":"2024-04-26T12:08:18.1839722Z"},"SequenceNumber":291,"ExtensionFields":{"WriterGroupId":"MES"}}