{"NodeId":"nsu=http://opcfoundation.org/UA/Plc/Applications;s=FastUIntScalar1","EndpointUrl":"opc.tcp://localhost:61457/UA/SampleServer","ApplicationUri":"urn:desktop-bgfjs91:OPCFoundation:CoreSampleServer","DisplayName":"nsu=http://opcfoundation.org/UA/Plc/Applications;s=FastUIntScalar1","Timestamp":"2024-04-26T12:08:18.2317652Z","Value":{"Value":{"Type":7,"Body":57},"SourceTimestamp":"2024-04-26T12:08:17.7761202Z","ServerTimestamp":"2024-04-26T12:08:17.7761241Z"},"SequenceNumber":293,"ExtensionFields":{"WriterGroupId":"MES"}}