{"NodeId":"nsu=http://opcfoundation.org/UA/Plc/Applications;s=AlternatingBoolean","EndpointUrl":"opc.tcp://localhost:61457/UA/SampleServer","ApplicationUri":"urn:desktop-bgfjs91:OPCFoundation:CoreSampleServer","DisplayName":"nsu=http://opcfoundation.org/UA/Plc/Applications;s=AlternatingBoolean","Timestamp":"2024-04-26T12:07:23.2091796Z","Value":{"Value":{"Type":1,"Body":true},"SourceTimestamp":"2024-04-26T12:07:22.2917577Z","ServerTimestamp":"2024-04-26T12:07:22.2954408Z"},"SequenceNumber":3,"ExtensionFields":{"WriterGroupId":"MES"}}