{"NodeId":"nsu=http://opcfoundation.org/UA/Plc/Applications;s=FastUIntScalar1","EndpointUrl":"opc.tcp://localhost:61457/UA/SampleServer","ApplicationUri":"urn:desktop-bgfjs91:OPCFoundation:CoreSampleServer","DisplayName":"nsu=http://opcfoundation.org/UA/Plc/Applications;s=FastUIntScalar1","Timestamp":"2024-04-26T12:08:21.2487791Z","Value":{"Value":{"Type":7,"Body":60},"SourceTimestamp":"2024-04-26T12:08:20.7779019Z","ServerTimestamp":"2024-04-26T12:08:20.7779041Z"},"SequenceNumber":309,"ExtensionFields":{"WriterGroupId":"MES"}}