{"NodeId":"nsu=http://opcfoundation.org/UA/Plc/Applications;s=RandomUnsignedInt32","EndpointUrl":"opc.tcp://localhost:61457/UA/SampleServer","ApplicationUri":"urn:desktop-bgfjs91:OPCFoundation:CoreSampleServer","DisplayName":"nsu=http://opcfoundation.org/UA/Plc/Applications;s=RandomUnsignedInt32","Timestamp":"2024-04-26T12:07:28.2174863Z","Value":{"Value":{"Type":7,"Body":1806334842},"SourceTimestamp":"2024-04-26T12:07:28.1859193Z","ServerTimestamp":"2024-04-26T12:07:28.1859212Z"},"SequenceNumber":31,"ExtensionFields":{"WriterGroupId":"MES"}}