{"NodeId":"nsu=http://opcfoundation.org/UA/Plc/Applications;s=StepUp","EndpointUrl":"opc.tcp://localhost:61457/UA/SampleServer","ApplicationUri":"urn:desktop-bgfjs91:OPCFoundation:CoreSampleServer","DisplayName":"nsu=http://opcfoundation.org/UA/Plc/Applications;s=StepUp","Timestamp":"2024-04-26T12:08:22.2330671Z","Value":{"Value":{"Type":7,"Body":614},"SourceTimestamp":"2024-04-26T12:08:22.1855892Z","ServerTimestamp":"2024-04-26T12:08:22.1855953Z"},"SequenceNumber":310,"ExtensionFields":{"WriterGroupId":"MES"}}