{"NodeId":"nsu=http://opcfoundation.org/UA/Plc/Applications;s=RandomUnsignedInt32","EndpointUrl":"opc.tcp://localhost:61457/UA/SampleServer","ApplicationUri":"urn:desktop-bgfjs91:OPCFoundation:CoreSampleServer","DisplayName":"nsu=http://opcfoundation.org/UA/Plc/Applications;s=RandomUnsignedInt32","Timestamp":"2024-04-26T12:08:22.2330671Z","Value":{"Value":{"Type":7,"Body":336017253},"SourceTimestamp":"2024-04-26T12:08:22.1856369Z","ServerTimestamp":"2024-04-26T12:08:22.1856408Z"},"SequenceNumber":312,"ExtensionFields":{"WriterGroupId":"MES"}}