{"NodeId":"nsu=http://opcfoundation.org/UA/Plc/Applications;s=StepUp","EndpointUrl":"opc.tcp://localhost:61457/UA/SampleServer","ApplicationUri":"urn:desktop-bgfjs91:OPCFoundation:CoreSampleServer","DisplayName":"nsu=http://opcfoundation.org/UA/Plc/Applications;s=StepUp","Timestamp":"2024-04-26T12:08:23.2389423Z","Value":{"Value":{"Type":7,"Body":624},"SourceTimestamp":"2024-04-26T12:08:23.1753568Z","ServerTimestamp":"2024-04-26T12:08:23.1753601Z"},"SequenceNumber":315,"ExtensionFields":{"WriterGroupId":"MES"}}