{"NodeId":"nsu=http://opcfoundation.org/UA/Plc/Applications;s=FastUIntScalar1","EndpointUrl":"opc.tcp://localhost:61457/UA/SampleServer","ApplicationUri":"urn:desktop-bgfjs91:OPCFoundation:CoreSampleServer","DisplayName":"nsu=http://opcfoundation.org/UA/Plc/Applications;s=FastUIntScalar1","Timestamp":"2024-04-26T12:08:23.2389423Z","Value":{"Value":{"Type":7,"Body":62},"SourceTimestamp":"2024-04-26T12:08:22.7815292Z","ServerTimestamp":"2024-04-26T12:08:22.7815326Z"},"SequenceNumber":319,"ExtensionFields":{"WriterGroupId":"MES"}}