{"NodeId":"nsu=http://opcfoundation.org/UA/Plc/Applications;s=StepUp","EndpointUrl":"opc.tcp://localhost:61457/UA/SampleServer","ApplicationUri":"urn:desktop-bgfjs91:OPCFoundation:CoreSampleServer","DisplayName":"nsu=http://opcfoundation.org/UA/Plc/Applications;s=StepUp","Timestamp":"2024-04-26T12:08:24.2447907Z","Value":{"Value":{"Type":7,"Body":634},"SourceTimestamp":"2024-04-26T12:08:24.1815572Z","ServerTimestamp":"2024-04-26T12:08:24.18157Z"},"SequenceNumber":320,"ExtensionFields":{"WriterGroupId":"MES"}}