{"NodeId":"nsu=http://opcfoundation.org/UA/Plc/Applications;s=FastUIntScalar1","EndpointUrl":"opc.tcp://localhost:61457/UA/SampleServer","ApplicationUri":"urn:desktop-bgfjs91:OPCFoundation:CoreSampleServer","DisplayName":"nsu=http://opcfoundation.org/UA/Plc/Applications;s=FastUIntScalar1","Timestamp":"2024-04-26T12:08:24.2447907Z","Value":{"Value":{"Type":7,"Body":63},"SourceTimestamp":"2024-04-26T12:08:23.788146Z","ServerTimestamp":"2024-04-26T12:08:23.7881531Z"},"SequenceNumber":324,"ExtensionFields":{"WriterGroupId":"MES"}}