{"NodeId":"nsu=http://opcfoundation.org/UA/Plc/Applications;s=RandomSignedInt32","EndpointUrl":"opc.tcp://localhost:61457/UA/SampleServer","ApplicationUri":"urn:desktop-bgfjs91:OPCFoundation:CoreSampleServer","DisplayName":"nsu=http://opcfoundation.org/UA/Plc/Applications;s=RandomSignedInt32","Timestamp":"2024-04-26T12:08:25.2499318Z","Value":{"Value":{"Type":6,"Body":1526126098},"SourceTimestamp":"2024-04-26T12:08:25.1862561Z","ServerTimestamp":"2024-04-26T12:08:25.1862672Z"},"SequenceNumber":326,"ExtensionFields":{"WriterGroupId":"MES"}}