{"NodeId":"nsu=http://opcfoundation.org/UA/Plc/Applications;s=StepUp","EndpointUrl":"opc.tcp://localhost:61457/UA/SampleServer","ApplicationUri":"urn:desktop-bgfjs91:OPCFoundation:CoreSampleServer","DisplayName":"nsu=http://opcfoundation.org/UA/Plc/Applications;s=StepUp","Timestamp":"2024-04-26T12:08:26.254131Z","Value":{"Value":{"Type":7,"Body":654},"SourceTimestamp":"2024-04-26T12:08:26.1750733Z","ServerTimestamp":"2024-04-26T12:08:26.175076Z"},"SequenceNumber":330,"ExtensionFields":{"WriterGroupId":"MES"}}