{"NodeId":"nsu=http://opcfoundation.org/UA/Plc/Applications;s=FastUIntScalar1","EndpointUrl":"opc.tcp://localhost:61457/UA/SampleServer","ApplicationUri":"urn:desktop-bgfjs91:OPCFoundation:CoreSampleServer","DisplayName":"nsu=http://opcfoundation.org/UA/Plc/Applications;s=FastUIntScalar1","Timestamp":"2024-04-26T12:08:26.254131Z","Value":{"Value":{"Type":7,"Body":65},"SourceTimestamp":"2024-04-26T12:08:25.7829507Z","ServerTimestamp":"2024-04-26T12:08:25.7829523Z"},"SequenceNumber":335,"ExtensionFields":{"WriterGroupId":"MES"}}