{"NodeId":"nsu=http://opcfoundation.org/UA/Plc/Applications;s=StepUp","EndpointUrl":"opc.tcp://localhost:61457/UA/SampleServer","ApplicationUri":"urn:desktop-bgfjs91:OPCFoundation:CoreSampleServer","DisplayName":"nsu=http://opcfoundation.org/UA/Plc/Applications;s=StepUp","Timestamp":"2024-04-26T12:08:27.2592693Z","Value":{"Value":{"Type":7,"Body":664},"SourceTimestamp":"2024-04-26T12:08:27.1803344Z","ServerTimestamp":"2024-04-26T12:08:27.1803403Z"},"SequenceNumber":336,"ExtensionFields":{"WriterGroupId":"MES"}}