{"NodeId":"nsu=http://opcfoundation.org/UA/Plc/Applications;s=FastUIntScalar1","EndpointUrl":"opc.tcp://localhost:61457/UA/SampleServer","ApplicationUri":"urn:desktop-bgfjs91:OPCFoundation:CoreSampleServer","DisplayName":"nsu=http://opcfoundation.org/UA/Plc/Applications;s=FastUIntScalar1","Timestamp":"2024-04-26T12:08:27.2592693Z","Value":{"Value":{"Type":7,"Body":66},"SourceTimestamp":"2024-04-26T12:08:26.7882838Z","ServerTimestamp":"2024-04-26T12:08:26.7882874Z"},"SequenceNumber":340,"ExtensionFields":{"WriterGroupId":"MES"}}