{"NodeId":"nsu=http://opcfoundation.org/UA/Plc/Applications;s=StepUp","EndpointUrl":"opc.tcp://localhost:61457/UA/SampleServer","ApplicationUri":"urn:desktop-bgfjs91:OPCFoundation:CoreSampleServer","DisplayName":"nsu=http://opcfoundation.org/UA/Plc/Applications;s=StepUp","Timestamp":"2024-04-26T12:08:28.2593517Z","Value":{"Value":{"Type":7,"Body":674},"SourceTimestamp":"2024-04-26T12:08:28.1861976Z","ServerTimestamp":"2024-04-26T12:08:28.1862012Z"},"SequenceNumber":341,"ExtensionFields":{"WriterGroupId":"MES"}}