{"NodeId":"nsu=http://opcfoundation.org/UA/Plc/Applications;s=StepUp","EndpointUrl":"opc.tcp://localhost:61457/UA/SampleServer","ApplicationUri":"urn:desktop-bgfjs91:OPCFoundation:CoreSampleServer","DisplayName":"nsu=http://opcfoundation.org/UA/Plc/Applications;s=StepUp","Timestamp":"2024-04-26T12:08:29.2654077Z","Value":{"Value":{"Type":7,"Body":684},"SourceTimestamp":"2024-04-26T12:08:29.1863268Z","ServerTimestamp":"2024-04-26T12:08:29.1863308Z"},"SequenceNumber":346,"ExtensionFields":{"WriterGroupId":"MES"}}