{"NodeId":"nsu=http://opcfoundation.org/UA/Plc/Applications;s=RandomSignedInt32","EndpointUrl":"opc.tcp://localhost:61457/UA/SampleServer","ApplicationUri":"urn:desktop-bgfjs91:OPCFoundation:CoreSampleServer","DisplayName":"nsu=http://opcfoundation.org/UA/Plc/Applications;s=RandomSignedInt32","Timestamp":"2024-04-26T12:08:29.2654077Z","Value":{"Value":{"Type":6,"Body":-1106549680},"SourceTimestamp":"2024-04-26T12:08:29.186352Z","ServerTimestamp":"2024-04-26T12:08:29.1863601Z"},"SequenceNumber":347,"ExtensionFields":{"WriterGroupId":"MES"}}