{"NodeId":"nsu=http://opcfoundation.org/UA/Plc/Applications;s=RandomUnsignedInt32","EndpointUrl":"opc.tcp://localhost:61457/UA/SampleServer","ApplicationUri":"urn:desktop-bgfjs91:OPCFoundation:CoreSampleServer","DisplayName":"nsu=http://opcfoundation.org/UA/Plc/Applications;s=RandomUnsignedInt32","Timestamp":"2024-04-26T12:08:29.2654077Z","Value":{"Value":{"Type":7,"Body":61896370},"SourceTimestamp":"2024-04-26T12:08:29.1863455Z","ServerTimestamp":"2024-04-26T12:08:29.186349Z"},"SequenceNumber":348,"ExtensionFields":{"WriterGroupId":"MES"}}