{"NodeId":"nsu=http://opcfoundation.org/UA/Plc/Applications;s=StepUp","EndpointUrl":"opc.tcp://localhost:61457/UA/SampleServer","ApplicationUri":"urn:desktop-bgfjs91:OPCFoundation:CoreSampleServer","DisplayName":"nsu=http://opcfoundation.org/UA/Plc/Applications;s=StepUp","Timestamp":"2024-04-26T12:08:30.2707664Z","Value":{"Value":{"Type":7,"Body":694},"SourceTimestamp":"2024-04-26T12:08:30.1758866Z","ServerTimestamp":"2024-04-26T12:08:30.1758977Z"},"SequenceNumber":351,"ExtensionFields":{"WriterGroupId":"MES"}}