{"NodeId":"nsu=http://opcfoundation.org/UA/Plc/Applications;s=RandomSignedInt32","EndpointUrl":"opc.tcp://localhost:61457/UA/SampleServer","ApplicationUri":"urn:desktop-bgfjs91:OPCFoundation:CoreSampleServer","DisplayName":"nsu=http://opcfoundation.org/UA/Plc/Applications;s=RandomSignedInt32","Timestamp":"2024-04-26T12:08:30.2707664Z","Value":{"Value":{"Type":6,"Body":1967201499},"SourceTimestamp":"2024-04-26T12:08:30.1759346Z","ServerTimestamp":"2024-04-26T12:08:30.1759471Z"},"SequenceNumber":352,"ExtensionFields":{"WriterGroupId":"MES"}}