{"NodeId":"nsu=http://opcfoundation.org/UA/Plc/Applications;s=RandomUnsignedInt32","EndpointUrl":"opc.tcp://localhost:61457/UA/SampleServer","ApplicationUri":"urn:desktop-bgfjs91:OPCFoundation:CoreSampleServer","DisplayName":"nsu=http://opcfoundation.org/UA/Plc/Applications;s=RandomUnsignedInt32","Timestamp":"2024-04-26T12:08:30.2707664Z","Value":{"Value":{"Type":7,"Body":434547127},"SourceTimestamp":"2024-04-26T12:08:30.1759036Z","ServerTimestamp":"2024-04-26T12:08:30.1759629Z"},"SequenceNumber":353,"ExtensionFields":{"WriterGroupId":"MES"}}