{"NodeId":"nsu=http://opcfoundation.org/UA/Plc/Applications;s=RandomSignedInt32","EndpointUrl":"opc.tcp://localhost:61457/UA/SampleServer","ApplicationUri":"urn:desktop-bgfjs91:OPCFoundation:CoreSampleServer","DisplayName":"nsu=http://opcfoundation.org/UA/Plc/Applications;s=RandomSignedInt32","Timestamp":"2024-04-26T12:08:35.2262057Z","Value":{"Value":{"Type":6,"Body":-1223151072},"SourceTimestamp":"2024-04-26T12:08:35.1790441Z","ServerTimestamp":"2024-04-26T12:08:35.1790723Z"},"SequenceNumber":378,"ExtensionFields":{"WriterGroupId":"MES"}}