{"NodeId":"nsu=http://opcfoundation.org/UA/Plc/Applications;s=FastUIntScalar1","EndpointUrl":"opc.tcp://localhost:61457/UA/SampleServer","ApplicationUri":"urn:desktop-bgfjs91:OPCFoundation:CoreSampleServer","DisplayName":"nsu=http://opcfoundation.org/UA/Plc/Applications;s=FastUIntScalar1","Timestamp":"2024-04-26T12:08:35.2262057Z","Value":{"Value":{"Type":7,"Body":74},"SourceTimestamp":"2024-04-26T12:08:34.786545Z","ServerTimestamp":"2024-04-26T12:08:34.7865613Z"},"SequenceNumber":381,"ExtensionFields":{"WriterGroupId":"MES"}}