{"NodeId":"nsu=http://opcfoundation.org/UA/Plc/Applications;s=FastUIntScalar1","EndpointUrl":"opc.tcp://localhost:61457/UA/SampleServer","ApplicationUri":"urn:desktop-bgfjs91:OPCFoundation:CoreSampleServer","DisplayName":"nsu=http://opcfoundation.org/UA/Plc/Applications;s=FastUIntScalar1","Timestamp":"2024-04-26T12:08:36.226818Z","Value":{"Value":{"Type":7,"Body":75},"SourceTimestamp":"2024-04-26T12:08:35.7762029Z","ServerTimestamp":"2024-04-26T12:08:35.776208Z"},"SequenceNumber":387,"ExtensionFields":{"WriterGroupId":"MES"}}