{"NodeId":"nsu=http://opcfoundation.org/UA/Plc/Applications;s=StepUp","EndpointUrl":"opc.tcp://localhost:61457/UA/SampleServer","ApplicationUri":"urn:desktop-bgfjs91:OPCFoundation:CoreSampleServer","DisplayName":"nsu=http://opcfoundation.org/UA/Plc/Applications;s=StepUp","Timestamp":"2024-04-26T12:08:37.2312801Z","Value":{"Value":{"Type":7,"Body":764},"SourceTimestamp":"2024-04-26T12:08:37.1835733Z","ServerTimestamp":"2024-04-26T12:08:37.1835759Z"},"SequenceNumber":388,"ExtensionFields":{"WriterGroupId":"MES"}}