{"NodeId":"nsu=http://opcfoundation.org/UA/Plc/Applications;s=StepUp","EndpointUrl":"opc.tcp://localhost:61457/UA/SampleServer","ApplicationUri":"urn:desktop-bgfjs91:OPCFoundation:CoreSampleServer","DisplayName":"nsu=http://opcfoundation.org/UA/Plc/Applications;s=StepUp","Timestamp":"2024-04-26T12:07:30.2218225Z","Value":{"Value":{"Type":7,"Body":94},"SourceTimestamp":"2024-04-26T12:07:30.174709Z","ServerTimestamp":"2024-04-26T12:07:30.1747123Z"},"SequenceNumber":39,"ExtensionFields":{"WriterGroupId":"MES"}}