{"NodeId":"nsu=http://opcfoundation.org/UA/Plc/Applications;s=RandomUnsignedInt32","EndpointUrl":"opc.tcp://localhost:61457/UA/SampleServer","ApplicationUri":"urn:desktop-bgfjs91:OPCFoundation:CoreSampleServer","DisplayName":"nsu=http://opcfoundation.org/UA/Plc/Applications;s=RandomUnsignedInt32","Timestamp":"2024-04-26T12:08:38.2362898Z","Value":{"Value":{"Type":7,"Body":687095242},"SourceTimestamp":"2024-04-26T12:08:38.1889604Z","ServerTimestamp":"2024-04-26T12:08:38.1889883Z"},"SequenceNumber":395,"ExtensionFields":{"WriterGroupId":"MES"}}