{"NodeId":"nsu=http://opcfoundation.org/UA/Plc/Applications;s=RandomSignedInt32","EndpointUrl":"opc.tcp://localhost:61457/UA/SampleServer","ApplicationUri":"urn:desktop-bgfjs91:OPCFoundation:CoreSampleServer","DisplayName":"nsu=http://opcfoundation.org/UA/Plc/Applications;s=RandomSignedInt32","Timestamp":"2024-04-26T12:08:39.2411758Z","Value":{"Value":{"Type":6,"Body":261771911},"SourceTimestamp":"2024-04-26T12:08:39.1782921Z","ServerTimestamp":"2024-04-26T12:08:39.1782938Z"},"SequenceNumber":399,"ExtensionFields":{"WriterGroupId":"MES"}}