{"NodeId":"nsu=http://opcfoundation.org/UA/Plc/Applications;s=DipData","EndpointUrl":"opc.tcp://localhost:61457/UA/SampleServer","ApplicationUri":"urn:desktop-bgfjs91:OPCFoundation:CoreSampleServer","DisplayName":"nsu=http://opcfoundation.org/UA/Plc/Applications;s=DipData","Timestamp":"2024-04-26T12:08:39.2411758Z","Value":{"Value":{"Type":11,"Body":84.432792550201498},"SourceTimestamp":"2024-04-26T12:08:39.1782899Z","ServerTimestamp":"2024-04-26T12:08:39.178317Z"},"SequenceNumber":401,"ExtensionFields":{"WriterGroupId":"MES"}}