{"NodeId":"nsu=http://opcfoundation.org/UA/Plc/Applications;s=FastUIntScalar1","EndpointUrl":"opc.tcp://localhost:61457/UA/SampleServer","ApplicationUri":"urn:desktop-bgfjs91:OPCFoundation:CoreSampleServer","DisplayName":"nsu=http://opcfoundation.org/UA/Plc/Applications;s=FastUIntScalar1","Timestamp":"2024-04-26T12:08:39.2411758Z","Value":{"Value":{"Type":7,"Body":78},"SourceTimestamp":"2024-04-26T12:08:38.7857002Z","ServerTimestamp":"2024-04-26T12:08:38.7857054Z"},"SequenceNumber":402,"ExtensionFields":{"WriterGroupId":"MES"}}