{"NodeId":"nsu=http://opcfoundation.org/UA/Plc/Applications;s=RandomUnsignedInt32","EndpointUrl":"opc.tcp://localhost:61457/UA/SampleServer","ApplicationUri":"urn:desktop-bgfjs91:OPCFoundation:CoreSampleServer","DisplayName":"nsu=http://opcfoundation.org/UA/Plc/Applications;s=RandomUnsignedInt32","Timestamp":"2024-04-26T12:08:40.2460521Z","Value":{"Value":{"Type":7,"Body":702781581},"SourceTimestamp":"2024-04-26T12:08:40.1831933Z","ServerTimestamp":"2024-04-26T12:08:40.1831955Z"},"SequenceNumber":405,"ExtensionFields":{"WriterGroupId":"MES"}}