{"NodeId":"nsu=http://opcfoundation.org/UA/Plc/Applications;s=RandomSignedInt32","EndpointUrl":"opc.tcp://localhost:61457/UA/SampleServer","ApplicationUri":"urn:desktop-bgfjs91:OPCFoundation:CoreSampleServer","DisplayName":"nsu=http://opcfoundation.org/UA/Plc/Applications;s=RandomSignedInt32","Timestamp":"2024-04-26T12:08:44.2613079Z","Value":{"Value":{"Type":6,"Body":1855617528},"SourceTimestamp":"2024-04-26T12:08:44.1820096Z","ServerTimestamp":"2024-04-26T12:08:44.1820105Z"},"SequenceNumber":425,"ExtensionFields":{"WriterGroupId":"MES"}}