{"NodeId":"nsu=http://opcfoundation.org/UA/Plc/Applications;s=RandomUnsignedInt32","EndpointUrl":"opc.tcp://localhost:61457/UA/SampleServer","ApplicationUri":"urn:desktop-bgfjs91:OPCFoundation:CoreSampleServer","DisplayName":"nsu=http://opcfoundation.org/UA/Plc/Applications;s=RandomUnsignedInt32","Timestamp":"2024-04-26T12:08:46.2100853Z","Value":{"Value":{"Type":7,"Body":728480208},"SourceTimestamp":"2024-04-26T12:08:46.1786151Z","ServerTimestamp":"2024-04-26T12:08:46.1786243Z"},"SequenceNumber":437,"ExtensionFields":{"WriterGroupId":"MES"}}