{"NodeId":"nsu=http://opcfoundation.org/UA/Plc/Applications;s=FastUIntScalar1","EndpointUrl":"opc.tcp://localhost:61457/UA/SampleServer","ApplicationUri":"urn:desktop-bgfjs91:OPCFoundation:CoreSampleServer","DisplayName":"nsu=http://opcfoundation.org/UA/Plc/Applications;s=FastUIntScalar1","Timestamp":"2024-04-26T12:08:46.2100853Z","Value":{"Value":{"Type":7,"Body":85},"SourceTimestamp":"2024-04-26T12:08:45.7857004Z","ServerTimestamp":"2024-04-26T12:08:45.7857074Z"},"SequenceNumber":439,"ExtensionFields":{"WriterGroupId":"MES"}}