{"NodeId":"nsu=http://opcfoundation.org/UA/Plc/Applications;s=RandomSignedInt32","EndpointUrl":"opc.tcp://localhost:61457/UA/SampleServer","ApplicationUri":"urn:desktop-bgfjs91:OPCFoundation:CoreSampleServer","DisplayName":"nsu=http://opcfoundation.org/UA/Plc/Applications;s=RandomSignedInt32","Timestamp":"2024-04-26T12:08:47.2150324Z","Value":{"Value":{"Type":6,"Body":574670100},"SourceTimestamp":"2024-04-26T12:08:47.1829974Z","ServerTimestamp":"2024-04-26T12:08:47.1830026Z"},"SequenceNumber":441,"ExtensionFields":{"WriterGroupId":"MES"}}