{"NodeId":"nsu=http://opcfoundation.org/UA/Plc/Applications;s=RandomUnsignedInt32","EndpointUrl":"opc.tcp://localhost:61457/UA/SampleServer","ApplicationUri":"urn:desktop-bgfjs91:OPCFoundation:CoreSampleServer","DisplayName":"nsu=http://opcfoundation.org/UA/Plc/Applications;s=RandomUnsignedInt32","Timestamp":"2024-04-26T12:08:48.2160153Z","Value":{"Value":{"Type":7,"Body":1605499141},"SourceTimestamp":"2024-04-26T12:08:48.1845756Z","ServerTimestamp":"2024-04-26T12:08:48.1845805Z"},"SequenceNumber":447,"ExtensionFields":{"WriterGroupId":"MES"}}