{"NodeId":"nsu=http://opcfoundation.org/UA/Plc/Applications;s=DipData","EndpointUrl":"opc.tcp://localhost:61457/UA/SampleServer","ApplicationUri":"urn:desktop-bgfjs91:OPCFoundation:CoreSampleServer","DisplayName":"nsu=http://opcfoundation.org/UA/Plc/Applications;s=DipData","Timestamp":"2024-04-26T12:08:48.2160153Z","Value":{"Value":{"Type":11,"Body":-24.8689887164855},"SourceTimestamp":"2024-04-26T12:08:48.1846111Z","ServerTimestamp":"2024-04-26T12:08:48.184616Z"},"SequenceNumber":448,"ExtensionFields":{"WriterGroupId":"MES"}}