{"NodeId":"nsu=http://opcfoundation.org/UA/Plc/Applications;s=RandomSignedInt32","EndpointUrl":"opc.tcp://localhost:61457/UA/SampleServer","ApplicationUri":"urn:desktop-bgfjs91:OPCFoundation:CoreSampleServer","DisplayName":"nsu=http://opcfoundation.org/UA/Plc/Applications;s=RandomSignedInt32","Timestamp":"2024-04-26T12:08:49.2219006Z","Value":{"Value":{"Type":6,"Body":1128304986},"SourceTimestamp":"2024-04-26T12:08:49.1903006Z","ServerTimestamp":"2024-04-26T12:08:49.1903015Z"},"SequenceNumber":451,"ExtensionFields":{"WriterGroupId":"MES"}}