{"NodeId":"nsu=http://opcfoundation.org/UA/Plc/Applications;s=RandomUnsignedInt32","EndpointUrl":"opc.tcp://localhost:61457/UA/SampleServer","ApplicationUri":"urn:desktop-bgfjs91:OPCFoundation:CoreSampleServer","DisplayName":"nsu=http://opcfoundation.org/UA/Plc/Applications;s=RandomUnsignedInt32","Timestamp":"2024-04-26T12:08:49.2219006Z","Value":{"Value":{"Type":7,"Body":488964282},"SourceTimestamp":"2024-04-26T12:08:49.1902947Z","ServerTimestamp":"2024-04-26T12:08:49.1902956Z"},"SequenceNumber":452,"ExtensionFields":{"WriterGroupId":"MES"}}