{"NodeId":"nsu=http://opcfoundation.org/UA/Plc/Applications;s=DipData","EndpointUrl":"opc.tcp://localhost:61457/UA/SampleServer","ApplicationUri":"urn:desktop-bgfjs91:OPCFoundation:CoreSampleServer","DisplayName":"nsu=http://opcfoundation.org/UA/Plc/Applications;s=DipData","Timestamp":"2024-04-26T12:08:49.2219006Z","Value":{"Value":{"Type":11,"Body":84.432792550201498},"SourceTimestamp":"2024-04-26T12:08:49.1903174Z","ServerTimestamp":"2024-04-26T12:08:49.1903186Z"},"SequenceNumber":453,"ExtensionFields":{"WriterGroupId":"MES"}}