{"NodeId":"nsu=http://opcfoundation.org/UA/Plc/Applications;s=RandomSignedInt32","EndpointUrl":"opc.tcp://localhost:61457/UA/SampleServer","ApplicationUri":"urn:desktop-bgfjs91:OPCFoundation:CoreSampleServer","DisplayName":"nsu=http://opcfoundation.org/UA/Plc/Applications;s=RandomSignedInt32","Timestamp":"2024-04-26T12:08:50.2244492Z","Value":{"Value":{"Type":6,"Body":-893617472},"SourceTimestamp":"2024-04-26T12:08:50.1790248Z","ServerTimestamp":"2024-04-26T12:08:50.1790483Z"},"SequenceNumber":456,"ExtensionFields":{"WriterGroupId":"MES"}}