{"NodeId":"nsu=http://opcfoundation.org/UA/Plc/Applications;s=RandomSignedInt32","EndpointUrl":"opc.tcp://localhost:61457/UA/SampleServer","ApplicationUri":"urn:desktop-bgfjs91:OPCFoundation:CoreSampleServer","DisplayName":"nsu=http://opcfoundation.org/UA/Plc/Applications;s=RandomSignedInt32","Timestamp":"2024-04-26T12:07:31.2279988Z","Value":{"Value":{"Type":6,"Body":-350548265},"SourceTimestamp":"2024-04-26T12:07:31.1807809Z","ServerTimestamp":"2024-04-26T12:07:31.1807857Z"},"SequenceNumber":46,"ExtensionFields":{"WriterGroupId":"MES"}}