{"NodeId":"nsu=http://opcfoundation.org/UA/Plc/Applications;s=FastUIntScalar1","EndpointUrl":"opc.tcp://localhost:61457/UA/SampleServer","ApplicationUri":"urn:desktop-bgfjs91:OPCFoundation:CoreSampleServer","DisplayName":"nsu=http://opcfoundation.org/UA/Plc/Applications;s=FastUIntScalar1","Timestamp":"2024-04-26T12:08:51.2325937Z","Value":{"Value":{"Type":7,"Body":90},"SourceTimestamp":"2024-04-26T12:08:50.7762642Z","ServerTimestamp":"2024-04-26T12:08:50.7762687Z"},"SequenceNumber":465,"ExtensionFields":{"WriterGroupId":"MES"}}