{"NodeId":"nsu=http://opcfoundation.org/UA/Plc/Applications;s=RandomSignedInt32","EndpointUrl":"opc.tcp://localhost:61457/UA/SampleServer","ApplicationUri":"urn:desktop-bgfjs91:OPCFoundation:CoreSampleServer","DisplayName":"nsu=http://opcfoundation.org/UA/Plc/Applications;s=RandomSignedInt32","Timestamp":"2024-04-26T12:08:52.2361182Z","Value":{"Value":{"Type":6,"Body":586355931},"SourceTimestamp":"2024-04-26T12:08:52.1890528Z","ServerTimestamp":"2024-04-26T12:08:52.1890544Z"},"SequenceNumber":467,"ExtensionFields":{"WriterGroupId":"MES"}}