{"NodeId":"nsu=http://opcfoundation.org/UA/Plc/Applications;s=StepUp","EndpointUrl":"opc.tcp://localhost:61457/UA/SampleServer","ApplicationUri":"urn:desktop-bgfjs91:OPCFoundation:CoreSampleServer","DisplayName":"nsu=http://opcfoundation.org/UA/Plc/Applications;s=StepUp","Timestamp":"2024-04-26T12:08:53.2419627Z","Value":{"Value":{"Type":7,"Body":924},"SourceTimestamp":"2024-04-26T12:08:53.1789733Z","ServerTimestamp":"2024-04-26T12:08:53.1789762Z"},"SequenceNumber":471,"ExtensionFields":{"WriterGroupId":"MES"}}