{"NodeId":"nsu=http://opcfoundation.org/UA/Plc/Applications;s=RandomSignedInt32","EndpointUrl":"opc.tcp://localhost:61457/UA/SampleServer","ApplicationUri":"urn:desktop-bgfjs91:OPCFoundation:CoreSampleServer","DisplayName":"nsu=http://opcfoundation.org/UA/Plc/Applications;s=RandomSignedInt32","Timestamp":"2024-04-26T12:08:53.2419627Z","Value":{"Value":{"Type":6,"Body":600904331},"SourceTimestamp":"2024-04-26T12:08:53.1789906Z","ServerTimestamp":"2024-04-26T12:08:53.178994Z"},"SequenceNumber":472,"ExtensionFields":{"WriterGroupId":"MES"}}