{"NodeId":"nsu=http://opcfoundation.org/UA/Plc/Applications;s=RandomSignedInt32","EndpointUrl":"opc.tcp://localhost:61457/UA/SampleServer","ApplicationUri":"urn:desktop-bgfjs91:OPCFoundation:CoreSampleServer","DisplayName":"nsu=http://opcfoundation.org/UA/Plc/Applications;s=RandomSignedInt32","Timestamp":"2024-04-26T12:08:54.2469651Z","Value":{"Value":{"Type":6,"Body":-179571673},"SourceTimestamp":"2024-04-26T12:08:54.1838575Z","ServerTimestamp":"2024-04-26T12:08:54.1838582Z"},"SequenceNumber":477,"ExtensionFields":{"WriterGroupId":"MES"}}