{"NodeId":"nsu=http://opcfoundation.org/UA/Plc/Applications;s=RandomSignedInt32","EndpointUrl":"opc.tcp://localhost:61457/UA/SampleServer","ApplicationUri":"urn:desktop-bgfjs91:OPCFoundation:CoreSampleServer","DisplayName":"nsu=http://opcfoundation.org/UA/Plc/Applications;s=RandomSignedInt32","Timestamp":"2024-04-26T12:08:56.235767Z","Value":{"Value":{"Type":6,"Body":1949585926},"SourceTimestamp":"2024-04-26T12:08:56.1883766Z","ServerTimestamp":"2024-04-26T12:08:56.18838Z"},"SequenceNumber":488,"ExtensionFields":{"WriterGroupId":"MES"}}