{"NodeId":"nsu=http://opcfoundation.org/UA/Plc/Applications;s=FastUIntScalar1","EndpointUrl":"opc.tcp://localhost:61457/UA/SampleServer","ApplicationUri":"urn:desktop-bgfjs91:OPCFoundation:CoreSampleServer","DisplayName":"nsu=http://opcfoundation.org/UA/Plc/Applications;s=FastUIntScalar1","Timestamp":"2024-04-26T12:08:56.235767Z","Value":{"Value":{"Type":7,"Body":95},"SourceTimestamp":"2024-04-26T12:08:55.7845629Z","ServerTimestamp":"2024-04-26T12:08:55.7845642Z"},"SequenceNumber":491,"ExtensionFields":{"WriterGroupId":"MES"}}