{"NodeId":"nsu=http://opcfoundation.org/UA/Plc/Applications;s=RandomUnsignedInt32","EndpointUrl":"opc.tcp://localhost:61457/UA/SampleServer","ApplicationUri":"urn:desktop-bgfjs91:OPCFoundation:CoreSampleServer","DisplayName":"nsu=http://opcfoundation.org/UA/Plc/Applications;s=RandomUnsignedInt32","Timestamp":"2024-04-26T12:08:58.2469556Z","Value":{"Value":{"Type":7,"Body":355263637},"SourceTimestamp":"2024-04-26T12:08:58.183418Z","ServerTimestamp":"2024-04-26T12:08:58.1834248Z"},"SequenceNumber":499,"ExtensionFields":{"WriterGroupId":"MES"}}