{"NodeId":"nsu=http://opcfoundation.org/UA/Plc/Applications;s=RandomUnsignedInt32","EndpointUrl":"opc.tcp://localhost:61457/UA/SampleServer","ApplicationUri":"urn:desktop-bgfjs91:OPCFoundation:CoreSampleServer","DisplayName":"nsu=http://opcfoundation.org/UA/Plc/Applications;s=RandomUnsignedInt32","Timestamp":"2024-04-26T12:07:23.2091796Z","Value":{"Value":{"Type":7,"Body":1086071784},"SourceTimestamp":"2024-04-26T12:07:23.1777154Z","ServerTimestamp":"2024-04-26T12:07:23.1777239Z"},"SequenceNumber":5,"ExtensionFields":{"WriterGroupId":"MES"}}