{"NodeId":"nsu=http://opcfoundation.org/UA/Plc/Applications;s=FastUIntScalar1","EndpointUrl":"opc.tcp://localhost:61457/UA/SampleServer","ApplicationUri":"urn:desktop-bgfjs91:OPCFoundation:CoreSampleServer","DisplayName":"nsu=http://opcfoundation.org/UA/Plc/Applications;s=FastUIntScalar1","Timestamp":"2024-04-26T12:07:32.2326546Z","Value":{"Value":{"Type":7,"Body":11},"SourceTimestamp":"2024-04-26T12:07:31.777138Z","ServerTimestamp":"2024-04-26T12:07:31.777168Z"},"SequenceNumber":54,"ExtensionFields":{"WriterGroupId":"MES"}}