{"NodeId":"nsu=http://opcfoundation.org/UA/Plc/Applications;s=RandomSignedInt32","EndpointUrl":"opc.tcp://localhost:61457/UA/SampleServer","ApplicationUri":"urn:desktop-bgfjs91:OPCFoundation:CoreSampleServer","DisplayName":"nsu=http://opcfoundation.org/UA/Plc/Applications;s=RandomSignedInt32","Timestamp":"2024-04-26T12:07:33.2380069Z","Value":{"Value":{"Type":6,"Body":-539530151},"SourceTimestamp":"2024-04-26T12:07:33.1908143Z","ServerTimestamp":"2024-04-26T12:07:33.190816Z"},"SequenceNumber":56,"ExtensionFields":{"WriterGroupId":"MES"}}