{"NodeId":"nsu=http://opcfoundation.org/UA/Plc/Applications;s=StepUp","EndpointUrl":"opc.tcp://localhost:61457/UA/SampleServer","ApplicationUri":"urn:desktop-bgfjs91:OPCFoundation:CoreSampleServer","DisplayName":"nsu=http://opcfoundation.org/UA/Plc/Applications;s=StepUp","Timestamp":"2024-04-26T12:07:35.2504131Z","Value":{"Value":{"Type":7,"Body":144},"SourceTimestamp":"2024-04-26T12:07:35.1867077Z","ServerTimestamp":"2024-04-26T12:07:35.186711Z"},"SequenceNumber":65,"ExtensionFields":{"WriterGroupId":"MES"}}