{"NodeId":"nsu=http://opcfoundation.org/UA/Plc/Applications;s=RandomSignedInt32","EndpointUrl":"opc.tcp://localhost:61457/UA/SampleServer","ApplicationUri":"urn:desktop-bgfjs91:OPCFoundation:CoreSampleServer","DisplayName":"nsu=http://opcfoundation.org/UA/Plc/Applications;s=RandomSignedInt32","Timestamp":"2024-04-26T12:07:35.2504131Z","Value":{"Value":{"Type":6,"Body":-1503893997},"SourceTimestamp":"2024-04-26T12:07:35.1867275Z","ServerTimestamp":"2024-04-26T12:07:35.1867281Z"},"SequenceNumber":66,"ExtensionFields":{"WriterGroupId":"MES"}}