{"NodeId":"nsu=http://opcfoundation.org/UA/Plc/Applications;s=FastUIntScalar1","EndpointUrl":"opc.tcp://localhost:61457/UA/SampleServer","ApplicationUri":"urn:desktop-bgfjs91:OPCFoundation:CoreSampleServer","DisplayName":"nsu=http://opcfoundation.org/UA/Plc/Applications;s=FastUIntScalar1","Timestamp":"2024-04-26T12:07:23.2091796Z","Value":{"Value":{"Type":7,"Body":2},"SourceTimestamp":"2024-04-26T12:07:22.786776Z","ServerTimestamp":"2024-04-26T12:07:22.7867783Z"},"SequenceNumber":7,"ExtensionFields":{"WriterGroupId":"MES"}}