{"NodeId":"nsu=http://opcfoundation.org/UA/Plc/Applications;s=RandomSignedInt32","EndpointUrl":"opc.tcp://localhost:61457/UA/SampleServer","ApplicationUri":"urn:desktop-bgfjs91:OPCFoundation:CoreSampleServer","DisplayName":"nsu=http://opcfoundation.org/UA/Plc/Applications;s=RandomSignedInt32","Timestamp":"2024-04-26T12:07:36.249247Z","Value":{"Value":{"Type":6,"Body":-252149898},"SourceTimestamp":"2024-04-26T12:07:36.1861768Z","ServerTimestamp":"2024-04-26T12:07:36.1861777Z"},"SequenceNumber":72,"ExtensionFields":{"WriterGroupId":"MES"}}