{"NodeId":"nsu=http://opcfoundation.org/UA/Plc/Applications;s=RandomUnsignedInt32","EndpointUrl":"opc.tcp://localhost:61457/UA/SampleServer","ApplicationUri":"urn:desktop-bgfjs91:OPCFoundation:CoreSampleServer","DisplayName":"nsu=http://opcfoundation.org/UA/Plc/Applications;s=RandomUnsignedInt32","Timestamp":"2024-04-26T12:07:37.2534143Z","Value":{"Value":{"Type":7,"Body":446624709},"SourceTimestamp":"2024-04-26T12:07:37.1748901Z","ServerTimestamp":"2024-04-26T12:07:37.1748932Z"},"SequenceNumber":78,"ExtensionFields":{"WriterGroupId":"MES"}}