{"NodeId":"nsu=http://opcfoundation.org/UA/Plc/Applications;s=FastUIntScalar1","EndpointUrl":"opc.tcp://localhost:61457/UA/SampleServer","ApplicationUri":"urn:desktop-bgfjs91:OPCFoundation:CoreSampleServer","DisplayName":"nsu=http://opcfoundation.org/UA/Plc/Applications;s=FastUIntScalar1","Timestamp":"2024-04-26T12:07:38.2595704Z","Value":{"Value":{"Type":7,"Body":17},"SourceTimestamp":"2024-04-26T12:07:37.7877194Z","ServerTimestamp":"2024-04-26T12:07:37.7877269Z"},"SequenceNumber":85,"ExtensionFields":{"WriterGroupId":"MES"}}