{"NodeId":"nsu=http://opcfoundation.org/UA/Plc/Applications;s=RandomUnsignedInt32","EndpointUrl":"opc.tcp://localhost:61457/UA/SampleServer","ApplicationUri":"urn:desktop-bgfjs91:OPCFoundation:CoreSampleServer","DisplayName":"nsu=http://opcfoundation.org/UA/Plc/Applications;s=RandomUnsignedInt32","Timestamp":"2024-04-26T12:07:39.2658213Z","Value":{"Value":{"Type":7,"Body":526437556},"SourceTimestamp":"2024-04-26T12:07:39.1864714Z","ServerTimestamp":"2024-04-26T12:07:39.1864754Z"},"SequenceNumber":88,"ExtensionFields":{"WriterGroupId":"MES"}}