{"NodeId":"nsu=http://opcfoundation.org/UA/Plc/Applications;s=RandomSignedInt32","EndpointUrl":"opc.tcp://localhost:61457/UA/SampleServer","ApplicationUri":"urn:desktop-bgfjs91:OPCFoundation:CoreSampleServer","DisplayName":"nsu=http://opcfoundation.org/UA/Plc/Applications;s=RandomSignedInt32","Timestamp":"2024-04-26T12:07:24.2569119Z","Value":{"Value":{"Type":6,"Body":-1929604874},"SourceTimestamp":"2024-04-26T12:07:24.177846Z","ServerTimestamp":"2024-04-26T12:07:24.1778466Z"},"SequenceNumber":9,"ExtensionFields":{"WriterGroupId":"MES"}}