{"NodeId":"nsu=http://opcfoundation.org/UA/Plc/Applications;s=RandomSignedInt32","EndpointUrl":"opc.tcp://localhost:61457/UA/SampleServer","ApplicationUri":"urn:desktop-bgfjs91:OPCFoundation:CoreSampleServer","DisplayName":"nsu=http://opcfoundation.org/UA/Plc/Applications;s=RandomSignedInt32","Timestamp":"2024-04-26T12:07:40.271071Z","Value":{"Value":{"Type":6,"Body":376818675},"SourceTimestamp":"2024-04-26T12:07:40.1760713Z","ServerTimestamp":"2024-04-26T12:07:40.1760778Z"},"SequenceNumber":92,"ExtensionFields":{"WriterGroupId":"MES"}}