{"NodeId":"nsu=http://opcfoundation.org/UA/Plc/Applications;s=RandomUnsignedInt32","EndpointUrl":"opc.tcp://localhost:61457/UA/SampleServer","ApplicationUri":"urn:desktop-bgfjs91:OPCFoundation:CoreSampleServer","DisplayName":"nsu=http://opcfoundation.org/UA/Plc/Applications;s=RandomUnsignedInt32","Timestamp":"2024-04-26T12:07:40.271071Z","Value":{"Value":{"Type":7,"Body":658589356},"SourceTimestamp":"2024-04-26T12:07:40.1760487Z","ServerTimestamp":"2024-04-26T12:07:40.1760542Z"},"SequenceNumber":93,"ExtensionFields":{"WriterGroupId":"MES"}}