{"NodeId":"nsu=http://opcfoundation.org/UA/Plc/Applications;s=RandomUnsignedInt32","EndpointUrl":"opc.tcp://localhost:61457/UA/SampleServer","ApplicationUri":"urn:desktop-bgfjs91:OPCFoundation:CoreSampleServer","DisplayName":"nsu=http://opcfoundation.org/UA/Plc/Applications;s=RandomUnsignedInt32","Timestamp":"2024-04-26T12:07:41.2620676Z","Value":{"Value":{"Type":7,"Body":1860469078},"SourceTimestamp":"2024-04-26T12:07:41.1830864Z","ServerTimestamp":"2024-04-26T12:07:41.1830915Z"},"SequenceNumber":99,"ExtensionFields":{"WriterGroupId":"MES"}}