{"nsu=http://opcfoundation.org/UA/Plc/Applications;s=StepUp":{"Value":389,"SourceTimestamp":"2024-04-27T18:27:30.8545427Z","ServerTimestamp":"2024-04-27T18:27:30.8545467Z"},"nsu=http://opcfoundation.org/UA/Plc/Applications;s=RandomSignedInt32":{"Value":748507140,"SourceTimestamp":"2024-04-27T18:27:30.8545619Z","ServerTimestamp":"2024-04-27T18:27:30.8545892Z"},"nsu=http://opcfoundation.org/UA/Plc/Applications;s=RandomUnsignedInt32":{"Value":212439285,"SourceTimestamp":"2024-04-27T18:27:30.8545715Z","ServerTimestamp":"2024-04-27T18:27:30.8545786Z"},"nsu=http://opcfoundation.org/UA/Plc/Applications;s=DipData":{"Value":99.80267284282715,"SourceTimestamp":"2024-04-27T18:27:30.7619523Z","ServerTimestamp":"2024-04-27T18:27:30.7620181Z"},"nsu=http://opcfoundation.org/UA/Plc/Applications;s=FastUIntScalar1":{"Value":38,"SourceTimestamp":"2024-04-27T18:27:29.9579575Z","ServerTimestamp":"2024-04-27T18:27:29.9579697Z"}}