{"nsu=http://opcfoundation.org/UA/Plc/Applications;s=StepUp":{"Value":399,"SourceTimestamp":"2024-04-27T18:27:31.8584727Z","ServerTimestamp":"2024-04-27T18:27:31.8584769Z"},"nsu=http://opcfoundation.org/UA/Plc/Applications;s=RandomSignedInt32":{"Value":2025104688,"SourceTimestamp":"2024-04-27T18:27:31.8585226Z","ServerTimestamp":"2024-04-27T18:27:31.8585231Z"},"nsu=http://opcfoundation.org/UA/Plc/Applications;s=RandomUnsignedInt32":{"Value":346457037,"SourceTimestamp":"2024-04-27T18:27:31.8585345Z","ServerTimestamp":"2024-04-27T18:27:31.8585372Z"},"nsu=http://opcfoundation.org/UA/Plc/Applications;s=DipData":{"Value":24.868988716485479,"SourceTimestamp":"2024-04-27T18:27:31.8585299Z","ServerTimestamp":"2024-04-27T18:27:31.8585306Z"},"nsu=http://opcfoundation.org/UA/Plc/Applications;s=FastUIntScalar1":{"Value":39,"SourceTimestamp":"2024-04-27T18:27:30.9639684Z","ServerTimestamp":"2024-04-27T18:27:30.9639709Z"}}