{"nsu=http://opcfoundation.org/UA/Plc/Applications;s=StepUp":{"Value":409,"SourceTimestamp":"2024-04-27T18:27:32.8515445Z","ServerTimestamp":"2024-04-27T18:27:32.8515485Z"},"nsu=http://opcfoundation.org/UA/Plc/Applications;s=AlternatingBoolean":{"Value":true,"SourceTimestamp":"2024-04-27T18:27:32.0593841Z","ServerTimestamp":"2024-04-27T18:27:32.0593861Z"},"nsu=http://opcfoundation.org/UA/Plc/Applications;s=RandomSignedInt32":{"Value":-2082941877,"SourceTimestamp":"2024-04-27T18:27:32.8515664Z","ServerTimestamp":"2024-04-27T18:27:32.8515674Z"},"nsu=http://opcfoundation.org/UA/Plc/Applications;s=RandomUnsignedInt32":{"Value":154175650,"SourceTimestamp":"2024-04-27T18:27:32.8515726Z","ServerTimestamp":"2024-04-27T18:27:32.8516024Z"},"nsu=http://opcfoundation.org/UA/Plc/Applications;s=DipData":{"Value":-84.432792550201498,"SourceTimestamp":"2024-04-27T18:27:32.8516087Z","ServerTimestamp":"2024-04-27T18:27:32.8516112Z"},"nsu=http://opcfoundation.org/UA/Plc/Applications;s=FastUIntScalar1":{"Value":40,"SourceTimestamp":"2024-04-27T18:27:31.9519952Z","ServerTimestamp":"2024-04-27T18:27:31.9519982Z"}}