{"nsu=http://opcfoundation.org/UA/Plc/Applications;s=SlowUIntScalar1":{"Value":4,"SourceTimestamp":"2024-04-27T18:27:31.9519072Z","ServerTimestamp":"2024-04-27T18:27:31.9519115Z"},"nsu=http://opcfoundation.org/UA/Plc/Applications;s=SlowUIntScalar2":{"Value":4,"SourceTimestamp":"2024-04-27T18:27:31.9519268Z","ServerTimestamp":"2024-04-27T18:27:31.9519423Z"},"nsu=http://opcfoundation.org/UA/Plc/Applications;s=SlowUIntScalar3":{"Value":4,"SourceTimestamp":"2024-04-27T18:27:31.951945Z","ServerTimestamp":"2024-04-27T18:27:31.9519487Z"},"nsu=http://opcfoundation.org/UA/Plc/Applications;s=BadSlowUIntScalar1":{"Value":4,"StatusCode":{"Symbol":"UncertainLastUsableValue","Code":1083179008},"SourceTimestamp":"2024-04-27T18:27:31.9519514Z","ServerTimestamp":"2024-04-27T18:27:31.951953Z"}}