{"nsu=http://opcfoundation.org/UA/Plc/Applications;s=StepUp":{"Value":59,"SourceTimestamp":"2024-04-27T18:26:57.8494676Z","ServerTimestamp":"2024-04-27T18:26:57.8494707Z"},"nsu=http://opcfoundation.org/UA/Plc/Applications;s=AlternatingBoolean":{"Value":false,"SourceTimestamp":"2024-04-27T18:26:57.0599621Z","ServerTimestamp":"2024-04-27T18:26:57.0599661Z"},"nsu=http://opcfoundation.org/UA/Plc/Applications;s=RandomSignedInt32":{"Value":-1344052133,"SourceTimestamp":"2024-04-27T18:26:57.8494508Z","ServerTimestamp":"2024-04-27T18:26:57.8495071Z"},"nsu=http://opcfoundation.org/UA/Plc/Applications;s=RandomUnsignedInt32":{"Value":1080291390,"SourceTimestamp":"2024-04-27T18:26:57.849446Z","ServerTimestamp":"2024-04-27T18:26:57.8494497Z"},"nsu=http://opcfoundation.org/UA/Plc/Applications;s=DipData":{"Value":-84.432792550201498,"SourceTimestamp":"2024-04-27T18:26:57.8494523Z","ServerTimestamp":"2024-04-27T18:26:57.8494875Z"},"nsu=http://opcfoundation.org/UA/Plc/Applications;s=FastUIntScalar1":{"Value":5,"SourceTimestamp":"2024-04-27T18:26:56.9509272Z","ServerTimestamp":"2024-04-27T18:26:56.9509313Z"}}