{"nsu=http://opcfoundation.org/UA/Plc/Applications;s=StepUp":{"Value":439,"SourceTimestamp":"2024-04-27T18:27:35.8578778Z","ServerTimestamp":"2024-04-27T18:27:35.8578803Z"},"nsu=http://opcfoundation.org/UA/Plc/Applications;s=RandomSignedInt32":{"Value":804165980,"SourceTimestamp":"2024-04-27T18:27:35.8579013Z","ServerTimestamp":"2024-04-27T18:27:35.8579025Z"},"nsu=http://opcfoundation.org/UA/Plc/Applications;s=RandomUnsignedInt32":{"Value":1059003679,"SourceTimestamp":"2024-04-27T18:27:35.8579182Z","ServerTimestamp":"2024-04-27T18:27:35.8579197Z"},"nsu=http://opcfoundation.org/UA/Plc/Applications;s=DipData":{"Value":99.80267284282715,"SourceTimestamp":"2024-04-27T18:27:35.7504521Z","ServerTimestamp":"2024-04-27T18:27:35.7504932Z"},"nsu=http://opcfoundation.org/UA/Plc/Applications;s=FastUIntScalar1":{"Value":43,"SourceTimestamp":"2024-04-27T18:27:34.9602108Z","ServerTimestamp":"2024-04-27T18:27:34.9602173Z"}}