{"nsu=http://opcfoundation.org/UA/Plc/Applications;s=FastUIntScalar2":{"Value":44,"SourceTimestamp":"2024-04-27T18:27:35.9524233Z","ServerTimestamp":"2024-04-27T18:27:35.9524374Z"},"nsu=http://opcfoundation.org/UA/Plc/Applications;s=FastUIntScalar3":{"Value":44,"SourceTimestamp":"2024-04-27T18:27:35.9524405Z","ServerTimestamp":"2024-04-27T18:27:35.9524436Z"},"nsu=http://opcfoundation.org/UA/Plc/Applications;s=FastRandomUIntScalar1":{"Value":384238256,"SourceTimestamp":"2024-04-27T18:27:35.9524215Z","ServerTimestamp":"2024-04-27T18:27:35.9524244Z"},"nsu=http://opcfoundation.org/UA/Plc/Applications;s=FastRandomUIntScalar2":{"Value":4035332710,"SourceTimestamp":"2024-04-27T18:27:35.9524378Z","ServerTimestamp":"2024-04-27T18:27:35.9524406Z"},"nsu=http://opcfoundation.org/UA/Plc/Applications;s=FastRandomUIntScalar3":{"Value":3254087602,"SourceTimestamp":"2024-04-27T18:27:35.9524432Z","ServerTimestamp":"2024-04-27T18:27:35.9524465Z"}}