{"nsu=http://opcfoundation.org/UA/Plc/Applications;s=StepUp":{"Value":449,"SourceTimestamp":"2024-04-27T18:27:36.8545432Z","ServerTimestamp":"2024-04-27T18:27:36.8545468Z"},"nsu=http://opcfoundation.org/UA/Plc/Applications;s=RandomSignedInt32":{"Value":-656592696,"SourceTimestamp":"2024-04-27T18:27:36.8545438Z","ServerTimestamp":"2024-04-27T18:27:36.8545911Z"},"nsu=http://opcfoundation.org/UA/Plc/Applications;s=RandomUnsignedInt32":{"Value":1513826579,"SourceTimestamp":"2024-04-27T18:27:36.8545786Z","ServerTimestamp":"2024-04-27T18:27:36.8545812Z"},"nsu=http://opcfoundation.org/UA/Plc/Applications;s=DipData":{"Value":24.868988716485479,"SourceTimestamp":"2024-04-27T18:27:36.8545929Z","ServerTimestamp":"2024-04-27T18:27:36.8546018Z"},"nsu=http://opcfoundation.org/UA/Plc/Applications;s=FastUIntScalar1":{"Value":44,"SourceTimestamp":"2024-04-27T18:27:35.9524029Z","ServerTimestamp":"2024-04-27T18:27:35.9524069Z"}}