{"nsu=http://opcfoundation.org/UA/Plc/Applications;s=FastUIntScalar2":{"Value":45,"SourceTimestamp":"2024-04-27T18:27:36.9635305Z","ServerTimestamp":"2024-04-27T18:27:36.9635311Z"},"nsu=http://opcfoundation.org/UA/Plc/Applications;s=FastUIntScalar3":{"Value":45,"SourceTimestamp":"2024-04-27T18:27:36.9635323Z","ServerTimestamp":"2024-04-27T18:27:36.963533Z"},"nsu=http://opcfoundation.org/UA/Plc/Applications;s=FastRandomUIntScalar1":{"Value":2475455410,"SourceTimestamp":"2024-04-27T18:27:36.9635362Z","ServerTimestamp":"2024-04-27T18:27:36.9635375Z"},"nsu=http://opcfoundation.org/UA/Plc/Applications;s=FastRandomUIntScalar2":{"Value":3834623722,"SourceTimestamp":"2024-04-27T18:27:36.9635428Z","ServerTimestamp":"2024-04-27T18:27:36.9635432Z"},"nsu=http://opcfoundation.org/UA/Plc/Applications;s=FastRandomUIntScalar3":{"Value":862366178,"SourceTimestamp":"2024-04-27T18:27:36.9635447Z","ServerTimestamp":"2024-04-27T18:27:36.9635452Z"}}