{"nsu=http://opcfoundation.org/UA/Plc/Applications;s=StepUp":{"Value":479,"SourceTimestamp":"2024-04-27T18:27:39.8516672Z","ServerTimestamp":"2024-04-27T18:27:39.8516706Z"},"nsu=http://opcfoundation.org/UA/Plc/Applications;s=RandomSignedInt32":{"Value":-1254532684,"SourceTimestamp":"2024-04-27T18:27:39.8516843Z","ServerTimestamp":"2024-04-27T18:27:39.8516852Z"},"nsu=http://opcfoundation.org/UA/Plc/Applications;s=RandomUnsignedInt32":{"Value":4193996,"SourceTimestamp":"2024-04-27T18:27:39.8516941Z","ServerTimestamp":"2024-04-27T18:27:39.8516998Z"},"nsu=http://opcfoundation.org/UA/Plc/Applications;s=DipData":{"Value":36.812455268467772,"SourceTimestamp":"2024-04-27T18:27:39.8517001Z","ServerTimestamp":"2024-04-27T18:27:39.851703Z"},"nsu=http://opcfoundation.org/UA/Plc/Applications;s=FastUIntScalar1":{"Value":47,"SourceTimestamp":"2024-04-27T18:27:38.9533802Z","ServerTimestamp":"2024-04-27T18:27:38.953383Z"}}