{"nsu=http://opcfoundation.org/UA/Plc/Applications;s=FastUIntScalar2":{"Value":48,"SourceTimestamp":"2024-04-27T18:27:39.9613782Z","ServerTimestamp":"2024-04-27T18:27:39.961385Z"},"nsu=http://opcfoundation.org/UA/Plc/Applications;s=FastUIntScalar3":{"Value":48,"SourceTimestamp":"2024-04-27T18:27:39.9613863Z","ServerTimestamp":"2024-04-27T18:27:39.9613874Z"},"nsu=http://opcfoundation.org/UA/Plc/Applications;s=FastRandomUIntScalar1":{"Value":4130430726,"SourceTimestamp":"2024-04-27T18:27:39.9613757Z","ServerTimestamp":"2024-04-27T18:27:39.9613788Z"},"nsu=http://opcfoundation.org/UA/Plc/Applications;s=FastRandomUIntScalar2":{"Value":1882298437,"SourceTimestamp":"2024-04-27T18:27:39.9613852Z","ServerTimestamp":"2024-04-27T18:27:39.9613863Z"},"nsu=http://opcfoundation.org/UA/Plc/Applications;s=FastRandomUIntScalar3":{"Value":4259888161,"SourceTimestamp":"2024-04-27T18:27:39.9613944Z","ServerTimestamp":"2024-04-27T18:27:39.9614001Z"}}