{"nsu=http://opcfoundation.org/UA/Plc/Applications;s=SlowRandomUIntScalar1":{"Value":3456335984,"SourceTimestamp":"2024-04-27T18:27:41.9517363Z","ServerTimestamp":"2024-04-27T18:27:41.9517425Z"},"nsu=http://opcfoundation.org/UA/Plc/Applications;s=SlowRandomUIntScalar2":{"Value":351303723,"SourceTimestamp":"2024-04-27T18:27:41.9517509Z","ServerTimestamp":"2024-04-27T18:27:41.951754Z"},"nsu=http://opcfoundation.org/UA/Plc/Applications;s=SlowRandomUIntScalar3":{"Value":1456693744,"SourceTimestamp":"2024-04-27T18:27:41.9517556Z","ServerTimestamp":"2024-04-27T18:27:41.9517584Z"},"nsu=http://opcfoundation.org/UA/Plc/Applications;s=BadSlowRandomUIntScalar1":{"Value":1967506537,"SourceTimestamp":"2024-04-27T18:27:41.9517602Z","ServerTimestamp":"2024-04-27T18:27:41.951761Z"}}