{"nsu=http://opcfoundation.org/UA/Plc/Applications;s=FastUIntScalar2":{"Value":53,"SourceTimestamp":"2024-04-27T18:27:44.9514336Z","ServerTimestamp":"2024-04-27T18:27:44.9514341Z"},"nsu=http://opcfoundation.org/UA/Plc/Applications;s=FastUIntScalar3":{"Value":53,"SourceTimestamp":"2024-04-27T18:27:44.9514356Z","ServerTimestamp":"2024-04-27T18:27:44.9514362Z"},"nsu=http://opcfoundation.org/UA/Plc/Applications;s=FastRandomUIntScalar1":{"Value":4241216160,"SourceTimestamp":"2024-04-27T18:27:44.9514389Z","ServerTimestamp":"2024-04-27T18:27:44.9514405Z"},"nsu=http://opcfoundation.org/UA/Plc/Applications;s=FastRandomUIntScalar2":{"Value":2648970991,"SourceTimestamp":"2024-04-27T18:27:44.9514466Z","ServerTimestamp":"2024-04-27T18:27:44.9514583Z"},"nsu=http://opcfoundation.org/UA/Plc/Applications;s=FastRandomUIntScalar3":{"Value":120052426,"SourceTimestamp":"2024-04-27T18:27:44.9514601Z","ServerTimestamp":"2024-04-27T18:27:44.9514608Z"}}