{"nsu=http://opcfoundation.org/UA/Plc/Applications;s=StepUp":{"Value":549,"SourceTimestamp":"2024-04-27T18:27:46.8593068Z","ServerTimestamp":"2024-04-27T18:27:46.8593117Z"},"nsu=http://opcfoundation.org/UA/Plc/Applications;s=RandomSignedInt32":{"Value":-1647458485,"SourceTimestamp":"2024-04-27T18:27:46.8593195Z","ServerTimestamp":"2024-04-27T18:27:46.8593291Z"},"nsu=http://opcfoundation.org/UA/Plc/Applications;s=RandomUnsignedInt32":{"Value":362767829,"SourceTimestamp":"2024-04-27T18:27:46.8593315Z","ServerTimestamp":"2024-04-27T18:27:46.8593502Z"},"nsu=http://opcfoundation.org/UA/Plc/Applications;s=DipData":{"Value":24.868988716485479,"SourceTimestamp":"2024-04-27T18:27:46.8593695Z","ServerTimestamp":"2024-04-27T18:27:46.8593716Z"},"nsu=http://opcfoundation.org/UA/Plc/Applications;s=FastUIntScalar1":{"Value":54,"SourceTimestamp":"2024-04-27T18:27:45.9595852Z","ServerTimestamp":"2024-04-27T18:27:45.9595866Z"}}