{"nsu=http://opcfoundation.org/UA/Plc/Applications;s=FastUIntScalar2":{"Value":55,"SourceTimestamp":"2024-04-27T18:27:46.9521939Z","ServerTimestamp":"2024-04-27T18:27:46.9522074Z"},"nsu=http://opcfoundation.org/UA/Plc/Applications;s=FastUIntScalar3":{"Value":55,"SourceTimestamp":"2024-04-27T18:27:46.9522106Z","ServerTimestamp":"2024-04-27T18:27:46.9522127Z"},"nsu=http://opcfoundation.org/UA/Plc/Applications;s=FastRandomUIntScalar1":{"Value":2719272390,"SourceTimestamp":"2024-04-27T18:27:46.9521744Z","ServerTimestamp":"2024-04-27T18:27:46.9521952Z"},"nsu=http://opcfoundation.org/UA/Plc/Applications;s=FastRandomUIntScalar2":{"Value":2315613564,"SourceTimestamp":"2024-04-27T18:27:46.9522069Z","ServerTimestamp":"2024-04-27T18:27:46.9522103Z"},"nsu=http://opcfoundation.org/UA/Plc/Applications;s=FastRandomUIntScalar3":{"Value":3086090967,"SourceTimestamp":"2024-04-27T18:27:46.9522124Z","ServerTimestamp":"2024-04-27T18:27:46.9522156Z"}}