{"nsu=http://opcfoundation.org/UA/Plc/Applications;s=FastUIntScalar2":{"Value":58,"SourceTimestamp":"2024-04-27T18:27:49.9619529Z","ServerTimestamp":"2024-04-27T18:27:49.9620196Z"},"nsu=http://opcfoundation.org/UA/Plc/Applications;s=FastUIntScalar3":{"Value":58,"SourceTimestamp":"2024-04-27T18:27:49.9620248Z","ServerTimestamp":"2024-04-27T18:27:49.9620259Z"},"nsu=http://opcfoundation.org/UA/Plc/Applications;s=FastRandomUIntScalar1":{"Value":4276093864,"SourceTimestamp":"2024-04-27T18:27:49.9619516Z","ServerTimestamp":"2024-04-27T18:27:49.961953Z"},"nsu=http://opcfoundation.org/UA/Plc/Applications;s=FastRandomUIntScalar2":{"Value":2026398931,"SourceTimestamp":"2024-04-27T18:27:49.9619741Z","ServerTimestamp":"2024-04-27T18:27:49.9619746Z"},"nsu=http://opcfoundation.org/UA/Plc/Applications;s=FastRandomUIntScalar3":{"Value":3609298924,"SourceTimestamp":"2024-04-27T18:27:49.9619758Z","ServerTimestamp":"2024-04-27T18:27:49.9619763Z"}}