{"nsu=http://opcfoundation.org/UA/Plc/Applications;s=FastUIntScalar2":{"Value":59,"SourceTimestamp":"2024-04-27T18:27:50.9555569Z","ServerTimestamp":"2024-04-27T18:27:50.9555578Z"},"nsu=http://opcfoundation.org/UA/Plc/Applications;s=FastUIntScalar3":{"Value":59,"SourceTimestamp":"2024-04-27T18:27:50.9555629Z","ServerTimestamp":"2024-04-27T18:27:50.9555641Z"},"nsu=http://opcfoundation.org/UA/Plc/Applications;s=FastRandomUIntScalar1":{"Value":1145234643,"SourceTimestamp":"2024-04-27T18:27:50.9555379Z","ServerTimestamp":"2024-04-27T18:27:50.9555403Z"},"nsu=http://opcfoundation.org/UA/Plc/Applications;s=FastRandomUIntScalar2":{"Value":771796695,"SourceTimestamp":"2024-04-27T18:27:50.9555496Z","ServerTimestamp":"2024-04-27T18:27:50.9555568Z"},"nsu=http://opcfoundation.org/UA/Plc/Applications;s=FastRandomUIntScalar3":{"Value":1881582580,"SourceTimestamp":"2024-04-27T18:27:50.955558Z","ServerTimestamp":"2024-04-27T18:27:50.9555628Z"}}