{"nsu=http://opcfoundation.org/UA/Plc/Applications;s=FastUIntScalar2":{"Value":61,"SourceTimestamp":"2024-04-27T18:27:52.9505503Z","ServerTimestamp":"2024-04-27T18:27:52.9505573Z"},"nsu=http://opcfoundation.org/UA/Plc/Applications;s=FastUIntScalar3":{"Value":61,"SourceTimestamp":"2024-04-27T18:27:52.9505657Z","ServerTimestamp":"2024-04-27T18:27:52.9505673Z"},"nsu=http://opcfoundation.org/UA/Plc/Applications;s=FastRandomUIntScalar1":{"Value":2909778887,"SourceTimestamp":"2024-04-27T18:27:52.9505439Z","ServerTimestamp":"2024-04-27T18:27:52.9505506Z"},"nsu=http://opcfoundation.org/UA/Plc/Applications;s=FastRandomUIntScalar2":{"Value":4117004303,"SourceTimestamp":"2024-04-27T18:27:52.9505573Z","ServerTimestamp":"2024-04-27T18:27:52.9505657Z"},"nsu=http://opcfoundation.org/UA/Plc/Applications;s=FastRandomUIntScalar3":{"Value":2212762456,"SourceTimestamp":"2024-04-27T18:27:52.9505676Z","ServerTimestamp":"2024-04-27T18:27:52.950572Z"}}