{"nsu=http://opcfoundation.org/UA/Plc/Applications;s=SlowUIntScalar1":{"Value":6,"SourceTimestamp":"2024-04-27T18:27:51.9637629Z","ServerTimestamp":"2024-04-27T18:27:51.9637668Z"},"nsu=http://opcfoundation.org/UA/Plc/Applications;s=SlowUIntScalar2":{"Value":6,"SourceTimestamp":"2024-04-27T18:27:51.96378Z","ServerTimestamp":"2024-04-27T18:27:51.9637815Z"},"nsu=http://opcfoundation.org/UA/Plc/Applications;s=SlowUIntScalar3":{"Value":6,"SourceTimestamp":"2024-04-27T18:27:51.9637836Z","ServerTimestamp":"2024-04-27T18:27:51.9637846Z"},"nsu=http://opcfoundation.org/UA/Plc/Applications;s=BadSlowUIntScalar1":{"Value":6,"SourceTimestamp":"2024-04-27T18:27:51.9637871Z","ServerTimestamp":"2024-04-27T18:27:51.9637883Z"}}