{"nsu=http://opcfoundation.org/UA/Plc/Applications;s=StepUp":{"Value":629,"SourceTimestamp":"2024-04-27T18:27:54.8547507Z","ServerTimestamp":"2024-04-27T18:27:54.8547538Z"},"nsu=http://opcfoundation.org/UA/Plc/Applications;s=RandomSignedInt32":{"Value":-1690383444,"SourceTimestamp":"2024-04-27T18:27:54.854778Z","ServerTimestamp":"2024-04-27T18:27:54.8547839Z"},"nsu=http://opcfoundation.org/UA/Plc/Applications;s=RandomUnsignedInt32":{"Value":1191651281,"SourceTimestamp":"2024-04-27T18:27:54.8547674Z","ServerTimestamp":"2024-04-27T18:27:54.8547782Z"},"nsu=http://opcfoundation.org/UA/Plc/Applications;s=DipData":{"Value":36.812455268467772,"SourceTimestamp":"2024-04-27T18:27:54.8547765Z","ServerTimestamp":"2024-04-27T18:27:54.8547798Z"},"nsu=http://opcfoundation.org/UA/Plc/Applications;s=FastUIntScalar1":{"Value":62,"SourceTimestamp":"2024-04-27T18:27:53.9575946Z","ServerTimestamp":"2024-04-27T18:27:53.9576033Z"}}