{"nsu=http://opcfoundation.org/UA/Plc/Applications;s=StepUp":{"Value":649,"SourceTimestamp":"2024-04-27T18:27:56.8648502Z","ServerTimestamp":"2024-04-27T18:27:56.8648535Z"},"nsu=http://opcfoundation.org/UA/Plc/Applications;s=RandomSignedInt32":{"Value":996759106,"SourceTimestamp":"2024-04-27T18:27:56.8648556Z","ServerTimestamp":"2024-04-27T18:27:56.8648656Z"},"nsu=http://opcfoundation.org/UA/Plc/Applications;s=RandomUnsignedInt32":{"Value":677002530,"SourceTimestamp":"2024-04-27T18:27:56.864867Z","ServerTimestamp":"2024-04-27T18:27:56.8648737Z"},"nsu=http://opcfoundation.org/UA/Plc/Applications;s=DipData":{"Value":24.868988716485479,"SourceTimestamp":"2024-04-27T18:27:56.8648827Z","ServerTimestamp":"2024-04-27T18:27:56.8648976Z"},"nsu=http://opcfoundation.org/UA/Plc/Applications;s=FastUIntScalar1":{"Value":64,"SourceTimestamp":"2024-04-27T18:27:55.9621559Z","ServerTimestamp":"2024-04-27T18:27:55.9621582Z"}}