{"nsu=http://opcfoundation.org/UA/Plc/Applications;s=FastUIntScalar2":{"Value":65,"SourceTimestamp":"2024-04-27T18:27:56.9565829Z","ServerTimestamp":"2024-04-27T18:27:56.9565932Z"},"nsu=http://opcfoundation.org/UA/Plc/Applications;s=FastUIntScalar3":{"Value":65,"SourceTimestamp":"2024-04-27T18:27:56.9565943Z","ServerTimestamp":"2024-04-27T18:27:56.9565954Z"},"nsu=http://opcfoundation.org/UA/Plc/Applications;s=FastRandomUIntScalar1":{"Value":3014903156,"SourceTimestamp":"2024-04-27T18:27:56.9565697Z","ServerTimestamp":"2024-04-27T18:27:56.9565713Z"},"nsu=http://opcfoundation.org/UA/Plc/Applications;s=FastRandomUIntScalar2":{"Value":34788552,"SourceTimestamp":"2024-04-27T18:27:56.956578Z","ServerTimestamp":"2024-04-27T18:27:56.95659Z"},"nsu=http://opcfoundation.org/UA/Plc/Applications;s=FastRandomUIntScalar3":{"Value":4238470952,"SourceTimestamp":"2024-04-27T18:27:56.9565929Z","ServerTimestamp":"2024-04-27T18:27:56.9565944Z"}}