{"nsu=http://opcfoundation.org/UA/Plc/Applications;s=FastUIntScalar2":{"Value":66,"SourceTimestamp":"2024-04-27T18:27:57.9620775Z","ServerTimestamp":"2024-04-27T18:27:57.9620781Z"},"nsu=http://opcfoundation.org/UA/Plc/Applications;s=FastUIntScalar3":{"Value":66,"SourceTimestamp":"2024-04-27T18:27:57.9620798Z","ServerTimestamp":"2024-04-27T18:27:57.9620861Z"},"nsu=http://opcfoundation.org/UA/Plc/Applications;s=FastRandomUIntScalar1":{"Value":2500682816,"SourceTimestamp":"2024-04-27T18:27:57.9620773Z","ServerTimestamp":"2024-04-27T18:27:57.96208Z"},"nsu=http://opcfoundation.org/UA/Plc/Applications;s=FastRandomUIntScalar2":{"Value":1482105448,"SourceTimestamp":"2024-04-27T18:27:57.9620864Z","ServerTimestamp":"2024-04-27T18:27:57.9620874Z"},"nsu=http://opcfoundation.org/UA/Plc/Applications;s=FastRandomUIntScalar3":{"Value":4290281918,"SourceTimestamp":"2024-04-27T18:27:57.9620885Z","ServerTimestamp":"2024-04-27T18:27:57.9620889Z"}}