{"nsu=http://opcfoundation.org/UA/Plc/Applications;s=StepUp":{"Value":689,"SourceTimestamp":"2024-04-27T18:28:00.8573787Z","ServerTimestamp":"2024-04-27T18:28:00.8573816Z"},"nsu=http://opcfoundation.org/UA/Plc/Applications;s=RandomSignedInt32":{"Value":1922762063,"SourceTimestamp":"2024-04-27T18:28:00.8573859Z","ServerTimestamp":"2024-04-27T18:28:00.8573947Z"},"nsu=http://opcfoundation.org/UA/Plc/Applications;s=RandomUnsignedInt32":{"Value":675926056,"SourceTimestamp":"2024-04-27T18:28:00.8574033Z","ServerTimestamp":"2024-04-27T18:28:00.8574046Z"},"nsu=http://opcfoundation.org/UA/Plc/Applications;s=DipData":{"Value":99.80267284282715,"SourceTimestamp":"2024-04-27T18:28:00.7505932Z","ServerTimestamp":"2024-04-27T18:28:00.7506022Z"},"nsu=http://opcfoundation.org/UA/Plc/Applications;s=FastUIntScalar1":{"Value":68,"SourceTimestamp":"2024-04-27T18:27:59.9567386Z","ServerTimestamp":"2024-04-27T18:27:59.9567402Z"}}