{"nsu=http://opcfoundation.org/UA/Plc/Applications;s=FastUIntScalar2":{"Value":8,"SourceTimestamp":"2024-04-27T18:26:59.9605701Z","ServerTimestamp":"2024-04-27T18:26:59.9605768Z"},"nsu=http://opcfoundation.org/UA/Plc/Applications;s=FastUIntScalar3":{"Value":8,"SourceTimestamp":"2024-04-27T18:26:59.9605785Z","ServerTimestamp":"2024-04-27T18:26:59.9605801Z"},"nsu=http://opcfoundation.org/UA/Plc/Applications;s=FastRandomUIntScalar1":{"Value":2760968827,"SourceTimestamp":"2024-04-27T18:26:59.9605665Z","ServerTimestamp":"2024-04-27T18:26:59.9605704Z"},"nsu=http://opcfoundation.org/UA/Plc/Applications;s=FastRandomUIntScalar2":{"Value":1300202463,"SourceTimestamp":"2024-04-27T18:26:59.960577Z","ServerTimestamp":"2024-04-27T18:26:59.9605785Z"},"nsu=http://opcfoundation.org/UA/Plc/Applications;s=FastRandomUIntScalar3":{"Value":4072826179,"SourceTimestamp":"2024-04-27T18:26:59.9605798Z","ServerTimestamp":"2024-04-27T18:26:59.960581Z"}}