{"nsu=http://opcfoundation.org/UA/Plc/Applications;s=FastUIntScalar2":{"Value":68,"SourceTimestamp":"2024-04-27T18:27:59.956747Z","ServerTimestamp":"2024-04-27T18:27:59.9567474Z"},"nsu=http://opcfoundation.org/UA/Plc/Applications;s=FastUIntScalar3":{"Value":68,"SourceTimestamp":"2024-04-27T18:27:59.9567488Z","ServerTimestamp":"2024-04-27T18:27:59.9567493Z"},"nsu=http://opcfoundation.org/UA/Plc/Applications;s=FastRandomUIntScalar1":{"Value":933318279,"SourceTimestamp":"2024-04-27T18:27:59.956756Z","ServerTimestamp":"2024-04-27T18:27:59.9567578Z"},"nsu=http://opcfoundation.org/UA/Plc/Applications;s=FastRandomUIntScalar2":{"Value":922371183,"SourceTimestamp":"2024-04-27T18:27:59.956764Z","ServerTimestamp":"2024-04-27T18:27:59.9567796Z"},"nsu=http://opcfoundation.org/UA/Plc/Applications;s=FastRandomUIntScalar3":{"Value":3007672981,"SourceTimestamp":"2024-04-27T18:27:59.9567818Z","ServerTimestamp":"2024-04-27T18:27:59.9567827Z"}}