{"nsu=http://opcfoundation.org/UA/Plc/Applications;s=FastUIntScalar2":{"Value":71,"SourceTimestamp":"2024-04-27T18:28:02.9518146Z","ServerTimestamp":"2024-04-27T18:28:02.951815Z"},"nsu=http://opcfoundation.org/UA/Plc/Applications;s=FastUIntScalar3":{"Value":71,"SourceTimestamp":"2024-04-27T18:28:02.9518166Z","ServerTimestamp":"2024-04-27T18:28:02.9518235Z"},"nsu=http://opcfoundation.org/UA/Plc/Applications;s=FastRandomUIntScalar1":{"Value":3560562713,"SourceTimestamp":"2024-04-27T18:28:02.951803Z","ServerTimestamp":"2024-04-27T18:28:02.9518172Z"},"nsu=http://opcfoundation.org/UA/Plc/Applications;s=FastRandomUIntScalar2":{"Value":758740006,"SourceTimestamp":"2024-04-27T18:28:02.9518239Z","ServerTimestamp":"2024-04-27T18:28:02.9518245Z"},"nsu=http://opcfoundation.org/UA/Plc/Applications;s=FastRandomUIntScalar3":{"Value":3176919787,"SourceTimestamp":"2024-04-27T18:28:02.9518257Z","ServerTimestamp":"2024-04-27T18:28:02.9518264Z"}}