{"nsu=http://opcfoundation.org/UA/Plc/Applications;s=StepUp":{"Value":749,"SourceTimestamp":"2024-04-27T18:28:06.8562968Z","ServerTimestamp":"2024-04-27T18:28:06.8562997Z"},"nsu=http://opcfoundation.org/UA/Plc/Applications;s=RandomSignedInt32":{"Value":1899284358,"SourceTimestamp":"2024-04-27T18:28:06.8563126Z","ServerTimestamp":"2024-04-27T18:28:06.8563209Z"},"nsu=http://opcfoundation.org/UA/Plc/Applications;s=RandomUnsignedInt32":{"Value":1547795234,"SourceTimestamp":"2024-04-27T18:28:06.8563227Z","ServerTimestamp":"2024-04-27T18:28:06.8563281Z"},"nsu=http://opcfoundation.org/UA/Plc/Applications;s=DipData":{"Value":24.868988716485479,"SourceTimestamp":"2024-04-27T18:28:06.8563342Z","ServerTimestamp":"2024-04-27T18:28:06.8563348Z"},"nsu=http://opcfoundation.org/UA/Plc/Applications;s=FastUIntScalar1":{"Value":74,"SourceTimestamp":"2024-04-27T18:28:05.9576985Z","ServerTimestamp":"2024-04-27T18:28:05.9577012Z"}}