{"nsu=http://opcfoundation.org/UA/Plc/Applications;s=FastUIntScalar2":{"Value":75,"SourceTimestamp":"2024-04-27T18:28:06.9499849Z","ServerTimestamp":"2024-04-27T18:28:06.9499918Z"},"nsu=http://opcfoundation.org/UA/Plc/Applications;s=FastUIntScalar3":{"Value":75,"SourceTimestamp":"2024-04-27T18:28:06.9499933Z","ServerTimestamp":"2024-04-27T18:28:06.9499948Z"},"nsu=http://opcfoundation.org/UA/Plc/Applications;s=FastRandomUIntScalar1":{"Value":2678915765,"SourceTimestamp":"2024-04-27T18:28:06.9499801Z","ServerTimestamp":"2024-04-27T18:28:06.9499848Z"},"nsu=http://opcfoundation.org/UA/Plc/Applications;s=FastRandomUIntScalar2":{"Value":4141722410,"SourceTimestamp":"2024-04-27T18:28:06.9499918Z","ServerTimestamp":"2024-04-27T18:28:06.9499932Z"},"nsu=http://opcfoundation.org/UA/Plc/Applications;s=FastRandomUIntScalar3":{"Value":1359582627,"SourceTimestamp":"2024-04-27T18:28:06.9499949Z","ServerTimestamp":"2024-04-27T18:28:06.9499959Z"}}