{"nsu=http://opcfoundation.org/UA/Plc/Applications;s=StepUp":{"Value":89,"SourceTimestamp":"2024-04-27T18:27:00.8614439Z","ServerTimestamp":"2024-04-27T18:27:00.8614475Z"},"nsu=http://opcfoundation.org/UA/Plc/Applications;s=RandomSignedInt32":{"Value":-1239210843,"SourceTimestamp":"2024-04-27T18:27:00.8614643Z","ServerTimestamp":"2024-04-27T18:27:00.8614659Z"},"nsu=http://opcfoundation.org/UA/Plc/Applications;s=RandomUnsignedInt32":{"Value":2065195929,"SourceTimestamp":"2024-04-27T18:27:00.8614798Z","ServerTimestamp":"2024-04-27T18:27:00.8614812Z"},"nsu=http://opcfoundation.org/UA/Plc/Applications;s=DipData":{"Value":99.80267284282715,"SourceTimestamp":"2024-04-27T18:27:00.7514826Z","ServerTimestamp":"2024-04-27T18:27:00.7514847Z"},"nsu=http://opcfoundation.org/UA/Plc/Applications;s=FastUIntScalar1":{"Value":8,"SourceTimestamp":"2024-04-27T18:26:59.9605579Z","ServerTimestamp":"2024-04-27T18:26:59.9605602Z"}}