{"nsu=http://opcfoundation.org/UA/Plc/Applications;s=FastUIntScalar2":{"Value":76,"SourceTimestamp":"2024-04-27T18:28:07.9605633Z","ServerTimestamp":"2024-04-27T18:28:07.9605637Z"},"nsu=http://opcfoundation.org/UA/Plc/Applications;s=FastUIntScalar3":{"Value":76,"SourceTimestamp":"2024-04-27T18:28:07.9605653Z","ServerTimestamp":"2024-04-27T18:28:07.9605657Z"},"nsu=http://opcfoundation.org/UA/Plc/Applications;s=FastRandomUIntScalar1":{"Value":3718237690,"SourceTimestamp":"2024-04-27T18:28:07.9605497Z","ServerTimestamp":"2024-04-27T18:28:07.9605723Z"},"nsu=http://opcfoundation.org/UA/Plc/Applications;s=FastRandomUIntScalar2":{"Value":1429454441,"SourceTimestamp":"2024-04-27T18:28:07.9605749Z","ServerTimestamp":"2024-04-27T18:28:07.9605817Z"},"nsu=http://opcfoundation.org/UA/Plc/Applications;s=FastRandomUIntScalar3":{"Value":1105596018,"SourceTimestamp":"2024-04-27T18:28:07.9605828Z","ServerTimestamp":"2024-04-27T18:28:07.960606Z"}}