{"nsu=http://opcfoundation.org/UA/Plc/Applications;s=StepUp":{"Value":789,"SourceTimestamp":"2024-04-27T18:28:10.8574819Z","ServerTimestamp":"2024-04-27T18:28:10.8575421Z"},"nsu=http://opcfoundation.org/UA/Plc/Applications;s=RandomSignedInt32":{"Value":1468512366,"SourceTimestamp":"2024-04-27T18:28:10.8574831Z","ServerTimestamp":"2024-04-27T18:28:10.8575207Z"},"nsu=http://opcfoundation.org/UA/Plc/Applications;s=RandomUnsignedInt32":{"Value":1420624029,"SourceTimestamp":"2024-04-27T18:28:10.8574922Z","ServerTimestamp":"2024-04-27T18:28:10.8574963Z"},"nsu=http://opcfoundation.org/UA/Plc/Applications;s=DipData":{"Value":99.80267284282715,"SourceTimestamp":"2024-04-27T18:28:10.8575089Z","ServerTimestamp":"2024-04-27T18:28:10.8575154Z"},"nsu=http://opcfoundation.org/UA/Plc/Applications;s=FastUIntScalar1":{"Value":78,"SourceTimestamp":"2024-04-27T18:28:09.9583252Z","ServerTimestamp":"2024-04-27T18:28:09.9583283Z"}}