{"nsu=http://opcfoundation.org/UA/Plc/Applications;s=FastUIntScalar2":{"Value":80,"SourceTimestamp":"2024-04-27T18:28:11.9558496Z","ServerTimestamp":"2024-04-27T18:28:11.9558504Z"},"nsu=http://opcfoundation.org/UA/Plc/Applications;s=FastUIntScalar3":{"Value":80,"SourceTimestamp":"2024-04-27T18:28:11.9558523Z","ServerTimestamp":"2024-04-27T18:28:11.9558633Z"},"nsu=http://opcfoundation.org/UA/Plc/Applications;s=FastRandomUIntScalar1":{"Value":978581416,"SourceTimestamp":"2024-04-27T18:28:11.9558754Z","ServerTimestamp":"2024-04-27T18:28:11.9559045Z"},"nsu=http://opcfoundation.org/UA/Plc/Applications;s=FastRandomUIntScalar2":{"Value":3710995944,"SourceTimestamp":"2024-04-27T18:28:11.9559276Z","ServerTimestamp":"2024-04-27T18:28:11.9559306Z"},"nsu=http://opcfoundation.org/UA/Plc/Applications;s=FastRandomUIntScalar3":{"Value":385408857,"SourceTimestamp":"2024-04-27T18:28:11.9559326Z","ServerTimestamp":"2024-04-27T18:28:11.9559354Z"}}