{"nsu=http://opcfoundation.org/UA/Plc/Applications;s=FastUIntScalar2":{"Value":81,"SourceTimestamp":"2024-04-27T18:28:12.9635822Z","ServerTimestamp":"2024-04-27T18:28:12.9635836Z"},"nsu=http://opcfoundation.org/UA/Plc/Applications;s=FastUIntScalar3":{"Value":81,"SourceTimestamp":"2024-04-27T18:28:12.9635854Z","ServerTimestamp":"2024-04-27T18:28:12.9636078Z"},"nsu=http://opcfoundation.org/UA/Plc/Applications;s=FastRandomUIntScalar1":{"Value":1925510003,"SourceTimestamp":"2024-04-27T18:28:12.9635352Z","ServerTimestamp":"2024-04-27T18:28:12.9635387Z"},"nsu=http://opcfoundation.org/UA/Plc/Applications;s=FastRandomUIntScalar2":{"Value":415239870,"SourceTimestamp":"2024-04-27T18:28:12.9635524Z","ServerTimestamp":"2024-04-27T18:28:12.9635536Z"},"nsu=http://opcfoundation.org/UA/Plc/Applications;s=FastRandomUIntScalar3":{"Value":1068580574,"SourceTimestamp":"2024-04-27T18:28:12.9635558Z","ServerTimestamp":"2024-04-27T18:28:12.9635568Z"}}