{"nsu=http://opcfoundation.org/UA/Plc/Applications;s=FastUIntScalar2":{"Value":82,"SourceTimestamp":"2024-04-27T18:28:13.9564317Z","ServerTimestamp":"2024-04-27T18:28:13.9564328Z"},"nsu=http://opcfoundation.org/UA/Plc/Applications;s=FastUIntScalar3":{"Value":82,"SourceTimestamp":"2024-04-27T18:28:13.9564359Z","ServerTimestamp":"2024-04-27T18:28:13.9564403Z"},"nsu=http://opcfoundation.org/UA/Plc/Applications;s=FastRandomUIntScalar1":{"Value":393170605,"SourceTimestamp":"2024-04-27T18:28:13.9563536Z","ServerTimestamp":"2024-04-27T18:28:13.9563571Z"},"nsu=http://opcfoundation.org/UA/Plc/Applications;s=FastRandomUIntScalar2":{"Value":2740468414,"SourceTimestamp":"2024-04-27T18:28:13.9563921Z","ServerTimestamp":"2024-04-27T18:28:13.9564076Z"},"nsu=http://opcfoundation.org/UA/Plc/Applications;s=FastRandomUIntScalar3":{"Value":346297361,"SourceTimestamp":"2024-04-27T18:28:13.9564099Z","ServerTimestamp":"2024-04-27T18:28:13.9564107Z"}}