{"nsu=http://opcfoundation.org/UA/Plc/Applications;s=FastUIntScalar2":{"Value":83,"SourceTimestamp":"2024-04-27T18:28:14.9510907Z","ServerTimestamp":"2024-04-27T18:28:14.9511026Z"},"nsu=http://opcfoundation.org/UA/Plc/Applications;s=FastUIntScalar3":{"Value":83,"SourceTimestamp":"2024-04-27T18:28:14.9511052Z","ServerTimestamp":"2024-04-27T18:28:14.9511063Z"},"nsu=http://opcfoundation.org/UA/Plc/Applications;s=FastRandomUIntScalar1":{"Value":3795581704,"SourceTimestamp":"2024-04-27T18:28:14.951075Z","ServerTimestamp":"2024-04-27T18:28:14.9510912Z"},"nsu=http://opcfoundation.org/UA/Plc/Applications;s=FastRandomUIntScalar2":{"Value":3815498185,"SourceTimestamp":"2024-04-27T18:28:14.9511018Z","ServerTimestamp":"2024-04-27T18:28:14.9511049Z"},"nsu=http://opcfoundation.org/UA/Plc/Applications;s=FastRandomUIntScalar3":{"Value":3421821439,"SourceTimestamp":"2024-04-27T18:28:14.9511062Z","ServerTimestamp":"2024-04-27T18:28:14.9511092Z"}}