{"nsu=http://opcfoundation.org/UA/Plc/Applications;s=StepUp":{"Value":839,"SourceTimestamp":"2024-04-27T18:28:15.8615812Z","ServerTimestamp":"2024-04-27T18:28:15.8615859Z"},"nsu=http://opcfoundation.org/UA/Plc/Applications;s=RandomSignedInt32":{"Value":-1190983655,"SourceTimestamp":"2024-04-27T18:28:15.8616232Z","ServerTimestamp":"2024-04-27T18:28:15.8616274Z"},"nsu=http://opcfoundation.org/UA/Plc/Applications;s=RandomUnsignedInt32":{"Value":444516557,"SourceTimestamp":"2024-04-27T18:28:15.8616395Z","ServerTimestamp":"2024-04-27T18:28:15.8616422Z"},"nsu=http://opcfoundation.org/UA/Plc/Applications;s=DipData":{"Value":99.80267284282715,"SourceTimestamp":"2024-04-27T18:28:15.7522636Z","ServerTimestamp":"2024-04-27T18:28:15.7522655Z"},"nsu=http://opcfoundation.org/UA/Plc/Applications;s=FastUIntScalar1":{"Value":83,"SourceTimestamp":"2024-04-27T18:28:14.9510717Z","ServerTimestamp":"2024-04-27T18:28:14.9510747Z"}}