{"nsu=http://opcfoundation.org/UA/Plc/Applications;s=StepUp":{"Value":849,"SourceTimestamp":"2024-04-27T18:28:16.8654086Z","ServerTimestamp":"2024-04-27T18:28:16.8654117Z"},"nsu=http://opcfoundation.org/UA/Plc/Applications;s=RandomSignedInt32":{"Value":-146590219,"SourceTimestamp":"2024-04-27T18:28:16.8655398Z","ServerTimestamp":"2024-04-27T18:28:16.8655532Z"},"nsu=http://opcfoundation.org/UA/Plc/Applications;s=RandomUnsignedInt32":{"Value":1269846396,"SourceTimestamp":"2024-04-27T18:28:16.8654499Z","ServerTimestamp":"2024-04-27T18:28:16.865452Z"},"nsu=http://opcfoundation.org/UA/Plc/Applications;s=DipData":{"Value":24.868988716485479,"SourceTimestamp":"2024-04-27T18:28:16.8654668Z","ServerTimestamp":"2024-04-27T18:28:16.8654676Z"},"nsu=http://opcfoundation.org/UA/Plc/Applications;s=FastUIntScalar1":{"Value":84,"SourceTimestamp":"2024-04-27T18:28:15.95456Z","ServerTimestamp":"2024-04-27T18:28:15.9545626Z"}}