{"nsu=http://opcfoundation.org/UA/Plc/Applications;s=FastUIntScalar2":{"Value":85,"SourceTimestamp":"2024-04-27T18:28:16.9572589Z","ServerTimestamp":"2024-04-27T18:28:16.9572707Z"},"nsu=http://opcfoundation.org/UA/Plc/Applications;s=FastUIntScalar3":{"Value":85,"SourceTimestamp":"2024-04-27T18:28:16.9572727Z","ServerTimestamp":"2024-04-27T18:28:16.9572733Z"},"nsu=http://opcfoundation.org/UA/Plc/Applications;s=FastRandomUIntScalar1":{"Value":1452664589,"SourceTimestamp":"2024-04-27T18:28:16.9572203Z","ServerTimestamp":"2024-04-27T18:28:16.9572305Z"},"nsu=http://opcfoundation.org/UA/Plc/Applications;s=FastRandomUIntScalar2":{"Value":2468805819,"SourceTimestamp":"2024-04-27T18:28:16.9572444Z","ServerTimestamp":"2024-04-27T18:28:16.9572449Z"},"nsu=http://opcfoundation.org/UA/Plc/Applications;s=FastRandomUIntScalar3":{"Value":2823424815,"SourceTimestamp":"2024-04-27T18:28:16.9572467Z","ServerTimestamp":"2024-04-27T18:28:16.9572627Z"}}