{"nsu=http://opcfoundation.org/UA/Plc/Applications;s=StepUp":{"Value":879,"SourceTimestamp":"2024-04-27T18:28:19.8508095Z","ServerTimestamp":"2024-04-27T18:28:19.850813Z"},"nsu=http://opcfoundation.org/UA/Plc/Applications;s=RandomSignedInt32":{"Value":386179581,"SourceTimestamp":"2024-04-27T18:28:19.8508516Z","ServerTimestamp":"2024-04-27T18:28:19.8508542Z"},"nsu=http://opcfoundation.org/UA/Plc/Applications;s=RandomUnsignedInt32":{"Value":1607388929,"SourceTimestamp":"2024-04-27T18:28:19.8508445Z","ServerTimestamp":"2024-04-27T18:28:19.8508456Z"},"nsu=http://opcfoundation.org/UA/Plc/Applications;s=DipData":{"Value":36.812455268467772,"SourceTimestamp":"2024-04-27T18:28:19.8508563Z","ServerTimestamp":"2024-04-27T18:28:19.8508637Z"},"nsu=http://opcfoundation.org/UA/Plc/Applications;s=FastUIntScalar1":{"Value":87,"SourceTimestamp":"2024-04-27T18:28:18.9524345Z","ServerTimestamp":"2024-04-27T18:28:18.9524375Z"}}