{"nsu=http://opcfoundation.org/UA/Plc/Applications;s=StepUp":{"Value":919,"SourceTimestamp":"2024-04-27T18:28:23.8534232Z","ServerTimestamp":"2024-04-27T18:28:23.8534264Z"},"nsu=http://opcfoundation.org/UA/Plc/Applications;s=RandomSignedInt32":{"Value":-815461623,"SourceTimestamp":"2024-04-27T18:28:23.8534417Z","ServerTimestamp":"2024-04-27T18:28:23.8534433Z"},"nsu=http://opcfoundation.org/UA/Plc/Applications;s=RandomUnsignedInt32":{"Value":1060146236,"SourceTimestamp":"2024-04-27T18:28:23.8534553Z","ServerTimestamp":"2024-04-27T18:28:23.8534562Z"},"nsu=http://opcfoundation.org/UA/Plc/Applications;s=DipData":{"Value":-77.051324277578942,"SourceTimestamp":"2024-04-27T18:28:23.8534567Z","ServerTimestamp":"2024-04-27T18:28:23.8534583Z"},"nsu=http://opcfoundation.org/UA/Plc/Applications;s=FastUIntScalar1":{"Value":91,"SourceTimestamp":"2024-04-27T18:28:22.9536992Z","ServerTimestamp":"2024-04-27T18:28:22.9537012Z"}}