{"nsu=http://opcfoundation.org/UA/Plc/Applications;s=FastUIntScalar2":{"Value":94,"SourceTimestamp":"2024-04-27T18:28:25.956614Z","ServerTimestamp":"2024-04-27T18:28:25.956616Z"},"nsu=http://opcfoundation.org/UA/Plc/Applications;s=FastUIntScalar3":{"Value":94,"SourceTimestamp":"2024-04-27T18:28:25.9566174Z","ServerTimestamp":"2024-04-27T18:28:25.9566182Z"},"nsu=http://opcfoundation.org/UA/Plc/Applications;s=FastRandomUIntScalar1":{"Value":728690332,"SourceTimestamp":"2024-04-27T18:28:25.9565948Z","ServerTimestamp":"2024-04-27T18:28:25.9565971Z"},"nsu=http://opcfoundation.org/UA/Plc/Applications;s=FastRandomUIntScalar2":{"Value":2495398329,"SourceTimestamp":"2024-04-27T18:28:25.9566064Z","ServerTimestamp":"2024-04-27T18:28:25.9566136Z"},"nsu=http://opcfoundation.org/UA/Plc/Applications;s=FastRandomUIntScalar3":{"Value":2135860245,"SourceTimestamp":"2024-04-27T18:28:25.9566144Z","ServerTimestamp":"2024-04-27T18:28:25.9566149Z"}}