{"nsu=http://opcfoundation.org/UA/Plc/Applications;s=StepUp":{"Value":959,"SourceTimestamp":"2024-04-27T18:28:27.8542536Z","ServerTimestamp":"2024-04-27T18:28:27.854257Z"},"nsu=http://opcfoundation.org/UA/Plc/Applications;s=AlternatingBoolean":{"Value":false,"SourceTimestamp":"2024-04-27T18:28:27.0536337Z","ServerTimestamp":"2024-04-27T18:28:27.053636Z"},"nsu=http://opcfoundation.org/UA/Plc/Applications;s=RandomSignedInt32":{"Value":1242900603,"SourceTimestamp":"2024-04-27T18:28:27.8542536Z","ServerTimestamp":"2024-04-27T18:28:27.8542959Z"},"nsu=http://opcfoundation.org/UA/Plc/Applications;s=RandomUnsignedInt32":{"Value":1737509945,"SourceTimestamp":"2024-04-27T18:28:27.8542745Z","ServerTimestamp":"2024-04-27T18:28:27.8542759Z"},"nsu=http://opcfoundation.org/UA/Plc/Applications;s=DipData":{"Value":-84.432792550201498,"SourceTimestamp":"2024-04-27T18:28:27.8542777Z","ServerTimestamp":"2024-04-27T18:28:27.8542806Z"},"nsu=http://opcfoundation.org/UA/Plc/Applications;s=FastUIntScalar1":{"Value":95,"SourceTimestamp":"2024-04-27T18:28:26.9595774Z","ServerTimestamp":"2024-04-27T18:28:26.9595811Z"}}