{"nsu=http://opcfoundation.org/UA/Plc/Applications;s=StepUp":{"Value":989,"SourceTimestamp":"2024-04-27T18:28:30.8630439Z","ServerTimestamp":"2024-04-27T18:28:30.8630466Z"},"nsu=http://opcfoundation.org/UA/Plc/Applications;s=RandomSignedInt32":{"Value":1570685467,"SourceTimestamp":"2024-04-27T18:28:30.8630788Z","ServerTimestamp":"2024-04-27T18:28:30.8630803Z"},"nsu=http://opcfoundation.org/UA/Plc/Applications;s=RandomUnsignedInt32":{"Value":1596835597,"SourceTimestamp":"2024-04-27T18:28:30.863074Z","ServerTimestamp":"2024-04-27T18:28:30.8630747Z"},"nsu=http://opcfoundation.org/UA/Plc/Applications;s=DipData":{"Value":99.80267284282715,"SourceTimestamp":"2024-04-27T18:28:30.7547394Z","ServerTimestamp":"2024-04-27T18:28:30.7547467Z"},"nsu=http://opcfoundation.org/UA/Plc/Applications;s=FastUIntScalar1":{"Value":98,"SourceTimestamp":"2024-04-27T18:28:29.9517897Z","ServerTimestamp":"2024-04-27T18:28:29.9518121Z"}}