{"nsu=http://opcfoundation.org/UA/Plc/Applications;s=FastUIntScalar2":{"Value":99,"SourceTimestamp":"2024-04-27T18:28:30.9557013Z","ServerTimestamp":"2024-04-27T18:28:30.9557144Z"},"nsu=http://opcfoundation.org/UA/Plc/Applications;s=FastUIntScalar3":{"Value":99,"SourceTimestamp":"2024-04-27T18:28:30.9557178Z","ServerTimestamp":"2024-04-27T18:28:30.9557202Z"},"nsu=http://opcfoundation.org/UA/Plc/Applications;s=FastRandomUIntScalar1":{"Value":3186415397,"SourceTimestamp":"2024-04-27T18:28:30.955697Z","ServerTimestamp":"2024-04-27T18:28:30.9557019Z"},"nsu=http://opcfoundation.org/UA/Plc/Applications;s=FastRandomUIntScalar2":{"Value":1916956470,"SourceTimestamp":"2024-04-27T18:28:30.9557139Z","ServerTimestamp":"2024-04-27T18:28:30.9557177Z"},"nsu=http://opcfoundation.org/UA/Plc/Applications;s=FastRandomUIntScalar3":{"Value":2581224550,"SourceTimestamp":"2024-04-27T18:28:30.9557202Z","ServerTimestamp":"2024-04-27T18:28:30.9557227Z"}}