{"nsu=http://opcfoundation.org/UA/Plc/Applications;s=StepUp":{"Value":999,"SourceTimestamp":"2024-04-27T18:28:31.8548776Z","ServerTimestamp":"2024-04-27T18:28:31.8548917Z"},"nsu=http://opcfoundation.org/UA/Plc/Applications;s=RandomSignedInt32":{"Value":1722520854,"SourceTimestamp":"2024-04-27T18:28:31.8548724Z","ServerTimestamp":"2024-04-27T18:28:31.8548786Z"},"nsu=http://opcfoundation.org/UA/Plc/Applications;s=RandomUnsignedInt32":{"Value":596118304,"SourceTimestamp":"2024-04-27T18:28:31.8548322Z","ServerTimestamp":"2024-04-27T18:28:31.8548336Z"},"nsu=http://opcfoundation.org/UA/Plc/Applications;s=DipData":{"Value":24.868988716485479,"SourceTimestamp":"2024-04-27T18:28:31.8548347Z","ServerTimestamp":"2024-04-27T18:28:31.8548884Z"},"nsu=http://opcfoundation.org/UA/Plc/Applications;s=FastUIntScalar1":{"Value":99,"SourceTimestamp":"2024-04-27T18:28:30.9556882Z","ServerTimestamp":"2024-04-27T18:28:30.9556907Z"}}