{"nsu=http://opcfoundation.org/UA/Plc/Applications;s=FastUIntScalar2":{"Value":100,"SourceTimestamp":"2024-04-27T18:28:31.9623779Z","ServerTimestamp":"2024-04-27T18:28:31.9623787Z"},"nsu=http://opcfoundation.org/UA/Plc/Applications;s=FastUIntScalar3":{"Value":100,"SourceTimestamp":"2024-04-27T18:28:31.9623798Z","ServerTimestamp":"2024-04-27T18:28:31.9623803Z"},"nsu=http://opcfoundation.org/UA/Plc/Applications;s=FastRandomUIntScalar1":{"Value":1858165767,"SourceTimestamp":"2024-04-27T18:28:31.9623636Z","ServerTimestamp":"2024-04-27T18:28:31.9623646Z"},"nsu=http://opcfoundation.org/UA/Plc/Applications;s=FastRandomUIntScalar2":{"Value":3262990505,"SourceTimestamp":"2024-04-27T18:28:31.9623694Z","ServerTimestamp":"2024-04-27T18:28:31.9623705Z"},"nsu=http://opcfoundation.org/UA/Plc/Applications;s=FastRandomUIntScalar3":{"Value":3470604215,"SourceTimestamp":"2024-04-27T18:28:31.9623716Z","ServerTimestamp":"2024-04-27T18:28:31.9623723Z"}}