{"nsu=http://opcfoundation.org/UA/Plc/Applications;s=FastUIntScalar2":{"Value":101,"SourceTimestamp":"2024-04-27T18:28:32.9546455Z","ServerTimestamp":"2024-04-27T18:28:32.9546464Z"},"nsu=http://opcfoundation.org/UA/Plc/Applications;s=FastUIntScalar3":{"Value":101,"SourceTimestamp":"2024-04-27T18:28:32.9546486Z","ServerTimestamp":"2024-04-27T18:28:32.9546492Z"},"nsu=http://opcfoundation.org/UA/Plc/Applications;s=FastRandomUIntScalar1":{"Value":1619342509,"SourceTimestamp":"2024-04-27T18:28:32.9546208Z","ServerTimestamp":"2024-04-27T18:28:32.954623Z"},"nsu=http://opcfoundation.org/UA/Plc/Applications;s=FastRandomUIntScalar2":{"Value":2023348683,"SourceTimestamp":"2024-04-27T18:28:32.9546319Z","ServerTimestamp":"2024-04-27T18:28:32.9546328Z"},"nsu=http://opcfoundation.org/UA/Plc/Applications;s=FastRandomUIntScalar3":{"Value":2065290028,"SourceTimestamp":"2024-04-27T18:28:32.954634Z","ServerTimestamp":"2024-04-27T18:28:32.9546346Z"}}