{"nsu=http://opcfoundation.org/UA/Plc/Applications;s=SlowUIntScalar1":{"Value":10,"SourceTimestamp":"2024-04-27T18:28:31.9623242Z","ServerTimestamp":"2024-04-27T18:28:31.9623264Z"},"nsu=http://opcfoundation.org/UA/Plc/Applications;s=SlowUIntScalar2":{"Value":10,"SourceTimestamp":"2024-04-27T18:28:31.9623353Z","ServerTimestamp":"2024-04-27T18:28:31.9623359Z"},"nsu=http://opcfoundation.org/UA/Plc/Applications;s=SlowUIntScalar3":{"Value":10,"SourceTimestamp":"2024-04-27T18:28:31.9623366Z","ServerTimestamp":"2024-04-27T18:28:31.9623372Z"},"nsu=http://opcfoundation.org/UA/Plc/Applications;s=BadSlowUIntScalar1":{"Value":null,"StatusCode":{"Symbol":"BadNoCommunication","Code":2150694912},"SourceTimestamp":"2024-04-27T18:28:31.9623399Z","ServerTimestamp":"2024-04-27T18:28:31.9623399Z"}}