{"nsu=http://opcfoundation.org/UA/Plc/Applications;s=StepUp":{"Value":1029,"SourceTimestamp":"2024-04-27T18:28:34.854731Z","ServerTimestamp":"2024-04-27T18:28:34.8547348Z"},"nsu=http://opcfoundation.org/UA/Plc/Applications;s=RandomSignedInt32":{"Value":-2010992005,"SourceTimestamp":"2024-04-27T18:28:34.8547616Z","ServerTimestamp":"2024-04-27T18:28:34.8547651Z"},"nsu=http://opcfoundation.org/UA/Plc/Applications;s=RandomUnsignedInt32":{"Value":1341371245,"SourceTimestamp":"2024-04-27T18:28:34.8547592Z","ServerTimestamp":"2024-04-27T18:28:34.8547606Z"},"nsu=http://opcfoundation.org/UA/Plc/Applications;s=DipData":{"Value":36.812455268467772,"SourceTimestamp":"2024-04-27T18:28:34.854768Z","ServerTimestamp":"2024-04-27T18:28:34.8547687Z"},"nsu=http://opcfoundation.org/UA/Plc/Applications;s=FastUIntScalar1":{"Value":102,"SourceTimestamp":"2024-04-27T18:28:33.9608267Z","ServerTimestamp":"2024-04-27T18:28:33.9608403Z"}}