{"nsu=http://opcfoundation.org/UA/Plc/Applications;s=FastUIntScalar2":{"Value":103,"SourceTimestamp":"2024-04-27T18:28:34.9646049Z","ServerTimestamp":"2024-04-27T18:28:34.9646057Z"},"nsu=http://opcfoundation.org/UA/Plc/Applications;s=FastUIntScalar3":{"Value":103,"SourceTimestamp":"2024-04-27T18:28:34.9646072Z","ServerTimestamp":"2024-04-27T18:28:34.9646083Z"},"nsu=http://opcfoundation.org/UA/Plc/Applications;s=FastRandomUIntScalar1":{"Value":4006908162,"SourceTimestamp":"2024-04-27T18:28:34.9645843Z","ServerTimestamp":"2024-04-27T18:28:34.9645866Z"},"nsu=http://opcfoundation.org/UA/Plc/Applications;s=FastRandomUIntScalar2":{"Value":1571852030,"SourceTimestamp":"2024-04-27T18:28:34.9645984Z","ServerTimestamp":"2024-04-27T18:28:34.9646047Z"},"nsu=http://opcfoundation.org/UA/Plc/Applications;s=FastRandomUIntScalar3":{"Value":4076756301,"SourceTimestamp":"2024-04-27T18:28:34.9646059Z","ServerTimestamp":"2024-04-27T18:28:34.9646072Z"}}