{"nsu=http://opcfoundation.org/UA/Plc/Applications;s=FastUIntScalar2":{"Value":105,"SourceTimestamp":"2024-04-27T18:28:36.9612754Z","ServerTimestamp":"2024-04-27T18:28:36.9612765Z"},"nsu=http://opcfoundation.org/UA/Plc/Applications;s=FastUIntScalar3":{"Value":105,"SourceTimestamp":"2024-04-27T18:28:36.9612796Z","ServerTimestamp":"2024-04-27T18:28:36.9612806Z"},"nsu=http://opcfoundation.org/UA/Plc/Applications;s=FastRandomUIntScalar1":{"Value":783604035,"SourceTimestamp":"2024-04-27T18:28:36.9612863Z","ServerTimestamp":"2024-04-27T18:28:36.9612901Z"},"nsu=http://opcfoundation.org/UA/Plc/Applications;s=FastRandomUIntScalar2":{"Value":3796125584,"SourceTimestamp":"2024-04-27T18:28:36.9613028Z","ServerTimestamp":"2024-04-27T18:28:36.9613043Z"},"nsu=http://opcfoundation.org/UA/Plc/Applications;s=FastRandomUIntScalar3":{"Value":3356781510,"SourceTimestamp":"2024-04-27T18:28:36.9613064Z","ServerTimestamp":"2024-04-27T18:28:36.9613073Z"}}