{"nsu=http://opcfoundation.org/UA/Plc/Applications;s=FastUIntScalar2":{"Value":109,"SourceTimestamp":"2024-04-27T18:28:40.9586299Z","ServerTimestamp":"2024-04-27T18:28:40.9586311Z"},"nsu=http://opcfoundation.org/UA/Plc/Applications;s=FastUIntScalar3":{"Value":109,"SourceTimestamp":"2024-04-27T18:28:40.9586328Z","ServerTimestamp":"2024-04-27T18:28:40.9586337Z"},"nsu=http://opcfoundation.org/UA/Plc/Applications;s=FastRandomUIntScalar1":{"Value":1255330864,"SourceTimestamp":"2024-04-27T18:28:40.9586115Z","ServerTimestamp":"2024-04-27T18:28:40.9586134Z"},"nsu=http://opcfoundation.org/UA/Plc/Applications;s=FastRandomUIntScalar2":{"Value":2317373170,"SourceTimestamp":"2024-04-27T18:28:40.9586228Z","ServerTimestamp":"2024-04-27T18:28:40.9586297Z"},"nsu=http://opcfoundation.org/UA/Plc/Applications;s=FastRandomUIntScalar3":{"Value":3008552640,"SourceTimestamp":"2024-04-27T18:28:40.9586315Z","ServerTimestamp":"2024-04-27T18:28:40.9586326Z"}}