{"nsu=http://opcfoundation.org/UA/Plc/Applications;s=SlowUIntScalar1":{"Value":11,"SourceTimestamp":"2024-04-27T18:28:41.9535183Z","ServerTimestamp":"2024-04-27T18:28:41.9535222Z"},"nsu=http://opcfoundation.org/UA/Plc/Applications;s=SlowUIntScalar2":{"Value":11,"SourceTimestamp":"2024-04-27T18:28:41.9535369Z","ServerTimestamp":"2024-04-27T18:28:41.953538Z"},"nsu=http://opcfoundation.org/UA/Plc/Applications;s=SlowUIntScalar3":{"Value":11,"SourceTimestamp":"2024-04-27T18:28:41.9535404Z","ServerTimestamp":"2024-04-27T18:28:41.9535417Z"},"nsu=http://opcfoundation.org/UA/Plc/Applications;s=BadSlowUIntScalar1":{"Value":1,"SourceTimestamp":"2024-04-27T18:28:41.9535445Z","ServerTimestamp":"2024-04-27T18:28:41.9535455Z"}}