{"nsu=http://opcfoundation.org/UA/Plc/Applications;s=StepUp":{"Value":1119,"SourceTimestamp":"2024-04-27T18:28:43.854332Z","ServerTimestamp":"2024-04-27T18:28:43.854335Z"},"nsu=http://opcfoundation.org/UA/Plc/Applications;s=RandomSignedInt32":{"Value":-2130350594,"SourceTimestamp":"2024-04-27T18:28:43.8543551Z","ServerTimestamp":"2024-04-27T18:28:43.854357Z"},"nsu=http://opcfoundation.org/UA/Plc/Applications;s=RandomUnsignedInt32":{"Value":72090408,"SourceTimestamp":"2024-04-27T18:28:43.8543611Z","ServerTimestamp":"2024-04-27T18:28:43.8543622Z"},"nsu=http://opcfoundation.org/UA/Plc/Applications;s=DipData":{"Value":-77.051324277578942,"SourceTimestamp":"2024-04-27T18:28:43.8543636Z","ServerTimestamp":"2024-04-27T18:28:43.8543749Z"},"nsu=http://opcfoundation.org/UA/Plc/Applications;s=FastUIntScalar1":{"Value":111,"SourceTimestamp":"2024-04-27T18:28:42.9551644Z","ServerTimestamp":"2024-04-27T18:28:42.9551681Z"}}