{"nsu=http://opcfoundation.org/UA/Plc/Applications;s=FastUIntScalar2":{"Value":113,"SourceTimestamp":"2024-04-27T18:28:44.954411Z","ServerTimestamp":"2024-04-27T18:28:44.9544118Z"},"nsu=http://opcfoundation.org/UA/Plc/Applications;s=FastUIntScalar3":{"Value":113,"SourceTimestamp":"2024-04-27T18:28:44.954414Z","ServerTimestamp":"2024-04-27T18:28:44.9544148Z"},"nsu=http://opcfoundation.org/UA/Plc/Applications;s=FastRandomUIntScalar1":{"Value":620017920,"SourceTimestamp":"2024-04-27T18:28:44.9544382Z","ServerTimestamp":"2024-04-27T18:28:44.9544413Z"},"nsu=http://opcfoundation.org/UA/Plc/Applications;s=FastRandomUIntScalar2":{"Value":2915981325,"SourceTimestamp":"2024-04-27T18:28:44.9544798Z","ServerTimestamp":"2024-04-27T18:28:44.9544836Z"},"nsu=http://opcfoundation.org/UA/Plc/Applications;s=FastRandomUIntScalar3":{"Value":1776525405,"SourceTimestamp":"2024-04-27T18:28:44.9545139Z","ServerTimestamp":"2024-04-27T18:28:44.9545249Z"}}