{"nsu=http://opcfoundation.org/UA/Plc/Applications;s=StepUp":{"Value":1159,"SourceTimestamp":"2024-04-27T18:28:47.8599457Z","ServerTimestamp":"2024-04-27T18:28:47.8599818Z"},"nsu=http://opcfoundation.org/UA/Plc/Applications;s=AlternatingBoolean":{"Value":false,"SourceTimestamp":"2024-04-27T18:28:47.054776Z","ServerTimestamp":"2024-04-27T18:28:47.0547788Z"},"nsu=http://opcfoundation.org/UA/Plc/Applications;s=RandomSignedInt32":{"Value":374192185,"SourceTimestamp":"2024-04-27T18:28:47.8599457Z","ServerTimestamp":"2024-04-27T18:28:47.8599659Z"},"nsu=http://opcfoundation.org/UA/Plc/Applications;s=RandomUnsignedInt32":{"Value":1569714996,"SourceTimestamp":"2024-04-27T18:28:47.8599824Z","ServerTimestamp":"2024-04-27T18:28:47.8599894Z"},"nsu=http://opcfoundation.org/UA/Plc/Applications;s=DipData":{"Value":-84.432792550201498,"SourceTimestamp":"2024-04-27T18:28:47.8599984Z","ServerTimestamp":"2024-04-27T18:28:47.8599991Z"},"nsu=http://opcfoundation.org/UA/Plc/Applications;s=FastUIntScalar1":{"Value":115,"SourceTimestamp":"2024-04-27T18:28:46.9624141Z","ServerTimestamp":"2024-04-27T18:28:46.9624173Z"}}