{"nsu=http://opcfoundation.org/UA/Plc/Applications;s=StepUp":{"Value":1179,"SourceTimestamp":"2024-04-27T18:28:49.8623629Z","ServerTimestamp":"2024-04-27T18:28:49.8624011Z"},"nsu=http://opcfoundation.org/UA/Plc/Applications;s=RandomSignedInt32":{"Value":-2063150355,"SourceTimestamp":"2024-04-27T18:28:49.8623697Z","ServerTimestamp":"2024-04-27T18:28:49.8623731Z"},"nsu=http://opcfoundation.org/UA/Plc/Applications;s=RandomUnsignedInt32":{"Value":1187739362,"SourceTimestamp":"2024-04-27T18:28:49.8623783Z","ServerTimestamp":"2024-04-27T18:28:49.8624128Z"},"nsu=http://opcfoundation.org/UA/Plc/Applications;s=DipData":{"Value":36.812455268467772,"SourceTimestamp":"2024-04-27T18:28:49.8624074Z","ServerTimestamp":"2024-04-27T18:28:49.8624278Z"},"nsu=http://opcfoundation.org/UA/Plc/Applications;s=FastUIntScalar1":{"Value":117,"SourceTimestamp":"2024-04-27T18:28:48.9512225Z","ServerTimestamp":"2024-04-27T18:28:48.9512366Z"}}