{"nsu=http://opcfoundation.org/UA/Plc/Applications;s=StepUp":{"Value":1189,"SourceTimestamp":"2024-04-27T18:28:50.8527442Z","ServerTimestamp":"2024-04-27T18:28:50.8527476Z"},"nsu=http://opcfoundation.org/UA/Plc/Applications;s=RandomSignedInt32":{"Value":-52148123,"SourceTimestamp":"2024-04-27T18:28:50.8527621Z","ServerTimestamp":"2024-04-27T18:28:50.8527711Z"},"nsu=http://opcfoundation.org/UA/Plc/Applications;s=RandomUnsignedInt32":{"Value":1310443273,"SourceTimestamp":"2024-04-27T18:28:50.8527736Z","ServerTimestamp":"2024-04-27T18:28:50.8527763Z"},"nsu=http://opcfoundation.org/UA/Plc/Applications;s=DipData":{"Value":99.80267284282715,"SourceTimestamp":"2024-04-27T18:28:50.7606165Z","ServerTimestamp":"2024-04-27T18:28:50.7606177Z"},"nsu=http://opcfoundation.org/UA/Plc/Applications;s=FastUIntScalar1":{"Value":118,"SourceTimestamp":"2024-04-27T18:28:49.9555911Z","ServerTimestamp":"2024-04-27T18:28:49.9555939Z"}}