{"nsu=http://opcfoundation.org/UA/Plc/Applications;s=FastUIntScalar2":{"Value":14,"SourceTimestamp":"2024-04-27T18:27:05.9591055Z","ServerTimestamp":"2024-04-27T18:27:05.9591067Z"},"nsu=http://opcfoundation.org/UA/Plc/Applications;s=FastUIntScalar3":{"Value":14,"SourceTimestamp":"2024-04-27T18:27:05.9591079Z","ServerTimestamp":"2024-04-27T18:27:05.9591086Z"},"nsu=http://opcfoundation.org/UA/Plc/Applications;s=FastRandomUIntScalar1":{"Value":1258566197,"SourceTimestamp":"2024-04-27T18:27:05.9590886Z","ServerTimestamp":"2024-04-27T18:27:05.9590907Z"},"nsu=http://opcfoundation.org/UA/Plc/Applications;s=FastRandomUIntScalar2":{"Value":3332901472,"SourceTimestamp":"2024-04-27T18:27:05.9590988Z","ServerTimestamp":"2024-04-27T18:27:05.9591053Z"},"nsu=http://opcfoundation.org/UA/Plc/Applications;s=FastRandomUIntScalar3":{"Value":252579981,"SourceTimestamp":"2024-04-27T18:27:05.9591063Z","ServerTimestamp":"2024-04-27T18:27:05.9591154Z"}}