{"nsu=http://opcfoundation.org/UA/Plc/Applications;s=StepUp":{"Value":149,"SourceTimestamp":"2024-04-27T18:27:06.8568526Z","ServerTimestamp":"2024-04-27T18:27:06.8568555Z"},"nsu=http://opcfoundation.org/UA/Plc/Applications;s=RandomSignedInt32":{"Value":-583735038,"SourceTimestamp":"2024-04-27T18:27:06.8568587Z","ServerTimestamp":"2024-04-27T18:27:06.8568935Z"},"nsu=http://opcfoundation.org/UA/Plc/Applications;s=RandomUnsignedInt32":{"Value":1179631356,"SourceTimestamp":"2024-04-27T18:27:06.8568674Z","ServerTimestamp":"2024-04-27T18:27:06.8568729Z"},"nsu=http://opcfoundation.org/UA/Plc/Applications;s=DipData":{"Value":24.868988716485479,"SourceTimestamp":"2024-04-27T18:27:06.8568808Z","ServerTimestamp":"2024-04-27T18:27:06.8568815Z"},"nsu=http://opcfoundation.org/UA/Plc/Applications;s=FastUIntScalar1":{"Value":14,"SourceTimestamp":"2024-04-27T18:27:05.9590886Z","ServerTimestamp":"2024-04-27T18:27:05.9590991Z"}}