{"nsu=http://opcfoundation.org/UA/Plc/Applications;s=StepUp":{"Value":199,"SourceTimestamp":"2024-04-27T18:27:11.8544536Z","ServerTimestamp":"2024-04-27T18:27:11.8544574Z"},"nsu=http://opcfoundation.org/UA/Plc/Applications;s=RandomSignedInt32":{"Value":1917192690,"SourceTimestamp":"2024-04-27T18:27:11.8544732Z","ServerTimestamp":"2024-04-27T18:27:11.8544739Z"},"nsu=http://opcfoundation.org/UA/Plc/Applications;s=RandomUnsignedInt32":{"Value":188315436,"SourceTimestamp":"2024-04-27T18:27:11.8544764Z","ServerTimestamp":"2024-04-27T18:27:11.8545123Z"},"nsu=http://opcfoundation.org/UA/Plc/Applications;s=DipData":{"Value":24.868988716485479,"SourceTimestamp":"2024-04-27T18:27:11.8544897Z","ServerTimestamp":"2024-04-27T18:27:11.8544951Z"},"nsu=http://opcfoundation.org/UA/Plc/Applications;s=FastUIntScalar1":{"Value":19,"SourceTimestamp":"2024-04-27T18:27:10.9605602Z","ServerTimestamp":"2024-04-27T18:27:10.9605694Z"}}