{"nsu=http://opcfoundation.org/UA/Plc/Applications;s=StepUp":{"Value":209,"SourceTimestamp":"2024-04-27T18:27:12.8585701Z","ServerTimestamp":"2024-04-27T18:27:12.8585743Z"},"nsu=http://opcfoundation.org/UA/Plc/Applications;s=AlternatingBoolean":{"Value":true,"SourceTimestamp":"2024-04-27T18:27:12.0554417Z","ServerTimestamp":"2024-04-27T18:27:12.0554503Z"},"nsu=http://opcfoundation.org/UA/Plc/Applications;s=RandomSignedInt32":{"Value":1999551115,"SourceTimestamp":"2024-04-27T18:27:12.8585987Z","ServerTimestamp":"2024-04-27T18:27:12.8586007Z"},"nsu=http://opcfoundation.org/UA/Plc/Applications;s=RandomUnsignedInt32":{"Value":1711635124,"SourceTimestamp":"2024-04-27T18:27:12.8586203Z","ServerTimestamp":"2024-04-27T18:27:12.8586308Z"},"nsu=http://opcfoundation.org/UA/Plc/Applications;s=DipData":{"Value":-84.432792550201498,"SourceTimestamp":"2024-04-27T18:27:12.8586118Z","ServerTimestamp":"2024-04-27T18:27:12.8586131Z"},"nsu=http://opcfoundation.org/UA/Plc/Applications;s=FastUIntScalar1":{"Value":20,"SourceTimestamp":"2024-04-27T18:27:11.9622735Z","ServerTimestamp":"2024-04-27T18:27:11.9622898Z"}}