{"nsu=http://opcfoundation.org/UA/Plc/Applications;s=FastUIntScalar2":{"Value":21,"SourceTimestamp":"2024-04-27T18:27:12.9508898Z","ServerTimestamp":"2024-04-27T18:27:12.9508965Z"},"nsu=http://opcfoundation.org/UA/Plc/Applications;s=FastUIntScalar3":{"Value":21,"SourceTimestamp":"2024-04-27T18:27:12.9508979Z","ServerTimestamp":"2024-04-27T18:27:12.9508994Z"},"nsu=http://opcfoundation.org/UA/Plc/Applications;s=FastRandomUIntScalar1":{"Value":1436625958,"SourceTimestamp":"2024-04-27T18:27:12.9508857Z","ServerTimestamp":"2024-04-27T18:27:12.9508901Z"},"nsu=http://opcfoundation.org/UA/Plc/Applications;s=FastRandomUIntScalar2":{"Value":336111280,"SourceTimestamp":"2024-04-27T18:27:12.9508968Z","ServerTimestamp":"2024-04-27T18:27:12.9508977Z"},"nsu=http://opcfoundation.org/UA/Plc/Applications;s=FastRandomUIntScalar3":{"Value":4266110039,"SourceTimestamp":"2024-04-27T18:27:12.9508994Z","ServerTimestamp":"2024-04-27T18:27:12.9509004Z"}}