{"nsu=http://opcfoundation.org/UA/Plc/Applications;s=SlowUIntScalar1":{"Value":2,"SourceTimestamp":"2024-04-27T18:27:11.9621753Z","ServerTimestamp":"2024-04-27T18:27:11.9621788Z"},"nsu=http://opcfoundation.org/UA/Plc/Applications;s=SlowUIntScalar2":{"Value":2,"SourceTimestamp":"2024-04-27T18:27:11.9621923Z","ServerTimestamp":"2024-04-27T18:27:11.9621933Z"},"nsu=http://opcfoundation.org/UA/Plc/Applications;s=SlowUIntScalar3":{"Value":2,"SourceTimestamp":"2024-04-27T18:27:11.9621954Z","ServerTimestamp":"2024-04-27T18:27:11.9621965Z"},"nsu=http://opcfoundation.org/UA/Plc/Applications;s=BadSlowUIntScalar1":{"Value":2,"SourceTimestamp":"2024-04-27T18:27:11.9621991Z","ServerTimestamp":"2024-04-27T18:27:11.9622001Z"}}