{"nsu=http://opcfoundation.org/UA/Plc/Applications;s=SlowRandomUIntScalar1":{"Value":547600469,"SourceTimestamp":"2024-04-27T18:27:11.962253Z","ServerTimestamp":"2024-04-27T18:27:11.9622546Z"},"nsu=http://opcfoundation.org/UA/Plc/Applications;s=SlowRandomUIntScalar2":{"Value":1861028630,"SourceTimestamp":"2024-04-27T18:27:11.9622572Z","ServerTimestamp":"2024-04-27T18:27:11.9622586Z"},"nsu=http://opcfoundation.org/UA/Plc/Applications;s=SlowRandomUIntScalar3":{"Value":3405759598,"SourceTimestamp":"2024-04-27T18:27:11.9622605Z","ServerTimestamp":"2024-04-27T18:27:11.9622615Z"},"nsu=http://opcfoundation.org/UA/Plc/Applications;s=BadSlowRandomUIntScalar1":{"Value":3235383710,"SourceTimestamp":"2024-04-27T18:27:11.962264Z","ServerTimestamp":"2024-04-27T18:27:11.9622649Z"}}