{"nsu=http://opcfoundation.org/UA/Plc/Applications;s=StepUp":{"Value":229,"SourceTimestamp":"2024-04-27T18:27:14.853203Z","ServerTimestamp":"2024-04-27T18:27:14.8532059Z"},"nsu=http://opcfoundation.org/UA/Plc/Applications;s=RandomSignedInt32":{"Value":614654855,"SourceTimestamp":"2024-04-27T18:27:14.8532046Z","ServerTimestamp":"2024-04-27T18:27:14.8532348Z"},"nsu=http://opcfoundation.org/UA/Plc/Applications;s=RandomUnsignedInt32":{"Value":446640954,"SourceTimestamp":"2024-04-27T18:27:14.8532336Z","ServerTimestamp":"2024-04-27T18:27:14.8532397Z"},"nsu=http://opcfoundation.org/UA/Plc/Applications;s=DipData":{"Value":36.812455268467772,"SourceTimestamp":"2024-04-27T18:27:14.8532258Z","ServerTimestamp":"2024-04-27T18:27:14.8532266Z"},"nsu=http://opcfoundation.org/UA/Plc/Applications;s=FastUIntScalar1":{"Value":22,"SourceTimestamp":"2024-04-27T18:27:13.9537454Z","ServerTimestamp":"2024-04-27T18:27:13.9537483Z"}}