{"nsu=http://opcfoundation.org/UA/Plc/Applications;s=FastUIntScalar2":{"Value":24,"SourceTimestamp":"2024-04-27T18:27:15.9528331Z","ServerTimestamp":"2024-04-27T18:27:15.9528401Z"},"nsu=http://opcfoundation.org/UA/Plc/Applications;s=FastUIntScalar3":{"Value":24,"SourceTimestamp":"2024-04-27T18:27:15.9528414Z","ServerTimestamp":"2024-04-27T18:27:15.952843Z"},"nsu=http://opcfoundation.org/UA/Plc/Applications;s=FastRandomUIntScalar1":{"Value":2830295694,"SourceTimestamp":"2024-04-27T18:27:15.9528281Z","ServerTimestamp":"2024-04-27T18:27:15.9528335Z"},"nsu=http://opcfoundation.org/UA/Plc/Applications;s=FastRandomUIntScalar2":{"Value":2677738888,"SourceTimestamp":"2024-04-27T18:27:15.9528401Z","ServerTimestamp":"2024-04-27T18:27:15.9528416Z"},"nsu=http://opcfoundation.org/UA/Plc/Applications;s=FastRandomUIntScalar3":{"Value":557885015,"SourceTimestamp":"2024-04-27T18:27:15.9528429Z","ServerTimestamp":"2024-04-27T18:27:15.9528444Z"}}