{"nsu=http://opcfoundation.org/UA/Plc/Applications;s=StepUp":{"Value":249,"SourceTimestamp":"2024-04-27T18:27:16.8604768Z","ServerTimestamp":"2024-04-27T18:27:16.8604802Z"},"nsu=http://opcfoundation.org/UA/Plc/Applications;s=RandomSignedInt32":{"Value":810221042,"SourceTimestamp":"2024-04-27T18:27:16.8604833Z","ServerTimestamp":"2024-04-27T18:27:16.8605305Z"},"nsu=http://opcfoundation.org/UA/Plc/Applications;s=RandomUnsignedInt32":{"Value":1007221695,"SourceTimestamp":"2024-04-27T18:27:16.8604839Z","ServerTimestamp":"2024-04-27T18:27:16.8605463Z"},"nsu=http://opcfoundation.org/UA/Plc/Applications;s=DipData":{"Value":24.868988716485479,"SourceTimestamp":"2024-04-27T18:27:16.8605004Z","ServerTimestamp":"2024-04-27T18:27:16.8605098Z"},"nsu=http://opcfoundation.org/UA/Plc/Applications;s=FastUIntScalar1":{"Value":24,"SourceTimestamp":"2024-04-27T18:27:15.9528154Z","ServerTimestamp":"2024-04-27T18:27:15.9528179Z"}}