{"nsu=http://opcfoundation.org/UA/Plc/Applications;s=FastUIntScalar2":{"Value":25,"SourceTimestamp":"2024-04-27T18:27:16.951614Z","ServerTimestamp":"2024-04-27T18:27:16.9516204Z"},"nsu=http://opcfoundation.org/UA/Plc/Applications;s=FastUIntScalar3":{"Value":25,"SourceTimestamp":"2024-04-27T18:27:16.9516218Z","ServerTimestamp":"2024-04-27T18:27:16.9516231Z"},"nsu=http://opcfoundation.org/UA/Plc/Applications;s=FastRandomUIntScalar1":{"Value":3248879712,"SourceTimestamp":"2024-04-27T18:27:16.9516078Z","ServerTimestamp":"2024-04-27T18:27:16.9516141Z"},"nsu=http://opcfoundation.org/UA/Plc/Applications;s=FastRandomUIntScalar2":{"Value":2090811986,"SourceTimestamp":"2024-04-27T18:27:16.9516205Z","ServerTimestamp":"2024-04-27T18:27:16.9516219Z"},"nsu=http://opcfoundation.org/UA/Plc/Applications;s=FastRandomUIntScalar3":{"Value":325161852,"SourceTimestamp":"2024-04-27T18:27:16.9516231Z","ServerTimestamp":"2024-04-27T18:27:16.9516243Z"}}