{"nsu=http://opcfoundation.org/UA/Plc/Applications;s=StepUp":{"Value":259,"SourceTimestamp":"2024-04-27T18:27:17.8630522Z","ServerTimestamp":"2024-04-27T18:27:17.863055Z"},"nsu=http://opcfoundation.org/UA/Plc/Applications;s=AlternatingBoolean":{"Value":false,"SourceTimestamp":"2024-04-27T18:27:17.0601609Z","ServerTimestamp":"2024-04-27T18:27:17.0601683Z"},"nsu=http://opcfoundation.org/UA/Plc/Applications;s=RandomSignedInt32":{"Value":945481681,"SourceTimestamp":"2024-04-27T18:27:17.8630645Z","ServerTimestamp":"2024-04-27T18:27:17.8630665Z"},"nsu=http://opcfoundation.org/UA/Plc/Applications;s=RandomUnsignedInt32":{"Value":256439803,"SourceTimestamp":"2024-04-27T18:27:17.8630754Z","ServerTimestamp":"2024-04-27T18:27:17.8630777Z"},"nsu=http://opcfoundation.org/UA/Plc/Applications;s=DipData":{"Value":-84.432792550201498,"SourceTimestamp":"2024-04-27T18:27:17.8630753Z","ServerTimestamp":"2024-04-27T18:27:17.8630869Z"},"nsu=http://opcfoundation.org/UA/Plc/Applications;s=FastUIntScalar1":{"Value":25,"SourceTimestamp":"2024-04-27T18:27:16.9516031Z","ServerTimestamp":"2024-04-27T18:27:16.951606Z"}}