{"nsu=http://opcfoundation.org/UA/Plc/Applications;s=StepUp":{"Value":279,"SourceTimestamp":"2024-04-27T18:27:19.8560146Z","ServerTimestamp":"2024-04-27T18:27:19.8560193Z"},"nsu=http://opcfoundation.org/UA/Plc/Applications;s=RandomSignedInt32":{"Value":605281235,"SourceTimestamp":"2024-04-27T18:27:19.8560398Z","ServerTimestamp":"2024-04-27T18:27:19.8560409Z"},"nsu=http://opcfoundation.org/UA/Plc/Applications;s=RandomUnsignedInt32":{"Value":809125265,"SourceTimestamp":"2024-04-27T18:27:19.8560464Z","ServerTimestamp":"2024-04-27T18:27:19.8560477Z"},"nsu=http://opcfoundation.org/UA/Plc/Applications;s=DipData":{"Value":36.812455268467772,"SourceTimestamp":"2024-04-27T18:27:19.8560601Z","ServerTimestamp":"2024-04-27T18:27:19.8560612Z"},"nsu=http://opcfoundation.org/UA/Plc/Applications;s=FastUIntScalar1":{"Value":27,"SourceTimestamp":"2024-04-27T18:27:18.9583509Z","ServerTimestamp":"2024-04-27T18:27:18.958356Z"}}