{"nsu=http://opcfoundation.org/UA/Plc/Applications;s=FastUIntScalar2":{"Value":28,"SourceTimestamp":"2024-04-27T18:27:19.9631076Z","ServerTimestamp":"2024-04-27T18:27:19.9631089Z"},"nsu=http://opcfoundation.org/UA/Plc/Applications;s=FastUIntScalar3":{"Value":28,"SourceTimestamp":"2024-04-27T18:27:19.9631107Z","ServerTimestamp":"2024-04-27T18:27:19.9631116Z"},"nsu=http://opcfoundation.org/UA/Plc/Applications;s=FastRandomUIntScalar1":{"Value":4017232888,"SourceTimestamp":"2024-04-27T18:27:19.9630621Z","ServerTimestamp":"2024-04-27T18:27:19.9630654Z"},"nsu=http://opcfoundation.org/UA/Plc/Applications;s=FastRandomUIntScalar2":{"Value":2096270242,"SourceTimestamp":"2024-04-27T18:27:19.9630765Z","ServerTimestamp":"2024-04-27T18:27:19.9630774Z"},"nsu=http://opcfoundation.org/UA/Plc/Applications;s=FastRandomUIntScalar3":{"Value":557316739,"SourceTimestamp":"2024-04-27T18:27:19.9630789Z","ServerTimestamp":"2024-04-27T18:27:19.9630798Z"}}