{"nsu=http://opcfoundation.org/UA/Plc/Applications;s=StepUp":{"Value":299,"SourceTimestamp":"2024-04-27T18:27:21.8627555Z","ServerTimestamp":"2024-04-27T18:27:21.8627586Z"},"nsu=http://opcfoundation.org/UA/Plc/Applications;s=RandomSignedInt32":{"Value":-115987790,"SourceTimestamp":"2024-04-27T18:27:21.862774Z","ServerTimestamp":"2024-04-27T18:27:21.8627775Z"},"nsu=http://opcfoundation.org/UA/Plc/Applications;s=RandomUnsignedInt32":{"Value":908533537,"SourceTimestamp":"2024-04-27T18:27:21.8627869Z","ServerTimestamp":"2024-04-27T18:27:21.8627973Z"},"nsu=http://opcfoundation.org/UA/Plc/Applications;s=DipData":{"Value":24.868988716485479,"SourceTimestamp":"2024-04-27T18:27:21.8627851Z","ServerTimestamp":"2024-04-27T18:27:21.8627858Z"},"nsu=http://opcfoundation.org/UA/Plc/Applications;s=FastUIntScalar1":{"Value":29,"SourceTimestamp":"2024-04-27T18:27:20.9550317Z","ServerTimestamp":"2024-04-27T18:27:20.9550343Z"}}