{"nsu=http://opcfoundation.org/UA/Plc/Applications;s=SlowUIntScalar1":{"Value":3,"SourceTimestamp":"2024-04-27T18:27:21.9541093Z","ServerTimestamp":"2024-04-27T18:27:21.954112Z"},"nsu=http://opcfoundation.org/UA/Plc/Applications;s=SlowUIntScalar2":{"Value":3,"SourceTimestamp":"2024-04-27T18:27:21.9541244Z","ServerTimestamp":"2024-04-27T18:27:21.954135Z"},"nsu=http://opcfoundation.org/UA/Plc/Applications;s=SlowUIntScalar3":{"Value":3,"SourceTimestamp":"2024-04-27T18:27:21.9541365Z","ServerTimestamp":"2024-04-27T18:27:21.9541398Z"},"nsu=http://opcfoundation.org/UA/Plc/Applications;s=BadSlowUIntScalar1":{"Value":3,"SourceTimestamp":"2024-04-27T18:27:21.9541449Z","ServerTimestamp":"2024-04-27T18:27:21.9541456Z"}}