{"nsu=http://opcfoundation.org/UA/Plc/Applications;s=SlowRandomUIntScalar1":{"Value":3722950365,"SourceTimestamp":"2024-04-27T18:27:21.9541105Z","ServerTimestamp":"2024-04-27T18:27:21.9541316Z"},"nsu=http://opcfoundation.org/UA/Plc/Applications;s=SlowRandomUIntScalar2":{"Value":4153389999,"SourceTimestamp":"2024-04-27T18:27:21.9541336Z","ServerTimestamp":"2024-04-27T18:27:21.9541362Z"},"nsu=http://opcfoundation.org/UA/Plc/Applications;s=SlowRandomUIntScalar3":{"Value":373672526,"SourceTimestamp":"2024-04-27T18:27:21.9541377Z","ServerTimestamp":"2024-04-27T18:27:21.9541384Z"},"nsu=http://opcfoundation.org/UA/Plc/Applications;s=BadSlowRandomUIntScalar1":{"Value":1905049468,"SourceTimestamp":"2024-04-27T18:27:21.9541404Z","ServerTimestamp":"2024-04-27T18:27:21.9541442Z"}}