{"nsu=http://opcfoundation.org/UA/Plc/Applications;s=StepUp":{"Value":319,"SourceTimestamp":"2024-04-27T18:27:23.8586241Z","ServerTimestamp":"2024-04-27T18:27:23.8586271Z"},"nsu=http://opcfoundation.org/UA/Plc/Applications;s=RandomSignedInt32":{"Value":1713835142,"SourceTimestamp":"2024-04-27T18:27:23.8586395Z","ServerTimestamp":"2024-04-27T18:27:23.8586401Z"},"nsu=http://opcfoundation.org/UA/Plc/Applications;s=RandomUnsignedInt32":{"Value":579442287,"SourceTimestamp":"2024-04-27T18:27:23.8586436Z","ServerTimestamp":"2024-04-27T18:27:23.8586531Z"},"nsu=http://opcfoundation.org/UA/Plc/Applications;s=DipData":{"Value":-77.051324277578942,"SourceTimestamp":"2024-04-27T18:27:23.8586577Z","ServerTimestamp":"2024-04-27T18:27:23.8586586Z"},"nsu=http://opcfoundation.org/UA/Plc/Applications;s=FastUIntScalar1":{"Value":31,"SourceTimestamp":"2024-04-27T18:27:22.9576618Z","ServerTimestamp":"2024-04-27T18:27:22.9576657Z"}}