{"nsu=http://opcfoundation.org/UA/Plc/Applications;s=FastUIntScalar2":{"Value":31,"SourceTimestamp":"2024-04-27T18:27:22.9576806Z","ServerTimestamp":"2024-04-27T18:27:22.9576942Z"},"nsu=http://opcfoundation.org/UA/Plc/Applications;s=FastUIntScalar3":{"Value":31,"SourceTimestamp":"2024-04-27T18:27:22.9576972Z","ServerTimestamp":"2024-04-27T18:27:22.9577008Z"},"nsu=http://opcfoundation.org/UA/Plc/Applications;s=FastRandomUIntScalar1":{"Value":675215284,"SourceTimestamp":"2024-04-27T18:27:22.9576645Z","ServerTimestamp":"2024-04-27T18:27:22.9576818Z"},"nsu=http://opcfoundation.org/UA/Plc/Applications;s=FastRandomUIntScalar2":{"Value":3454556115,"SourceTimestamp":"2024-04-27T18:27:22.9576939Z","ServerTimestamp":"2024-04-27T18:27:22.9576974Z"},"nsu=http://opcfoundation.org/UA/Plc/Applications;s=FastRandomUIntScalar3":{"Value":1836527568,"SourceTimestamp":"2024-04-27T18:27:22.9576998Z","ServerTimestamp":"2024-04-27T18:27:22.9577038Z"}}