{"nsu=http://opcfoundation.org/UA/Plc/Applications;s=FastUIntScalar2":{"Value":32,"SourceTimestamp":"2024-04-27T18:27:23.9652572Z","ServerTimestamp":"2024-04-27T18:27:23.9652577Z"},"nsu=http://opcfoundation.org/UA/Plc/Applications;s=FastUIntScalar3":{"Value":32,"SourceTimestamp":"2024-04-27T18:27:23.9652588Z","ServerTimestamp":"2024-04-27T18:27:23.9652591Z"},"nsu=http://opcfoundation.org/UA/Plc/Applications;s=FastRandomUIntScalar1":{"Value":194029646,"SourceTimestamp":"2024-04-27T18:27:23.9652385Z","ServerTimestamp":"2024-04-27T18:27:23.9652397Z"},"nsu=http://opcfoundation.org/UA/Plc/Applications;s=FastRandomUIntScalar2":{"Value":584914192,"SourceTimestamp":"2024-04-27T18:27:23.9652507Z","ServerTimestamp":"2024-04-27T18:27:23.965251Z"},"nsu=http://opcfoundation.org/UA/Plc/Applications;s=FastRandomUIntScalar3":{"Value":2351007509,"SourceTimestamp":"2024-04-27T18:27:23.9652519Z","ServerTimestamp":"2024-04-27T18:27:23.9652568Z"}}