{"nsu=http://opcfoundation.org/UA/Plc/Applications;s=StepUp":{"Value":1179,"SourceTimestamp":"2024-04-27T18:42:51.3645102Z","ServerTimestamp":"2024-04-27T18:42:51.3645138Z"},"nsu=http://opcfoundation.org/UA/Plc/Applications;s=RandomSignedInt32":{"Value":1297232414,"SourceTimestamp":"2024-04-27T18:42:51.2709606Z","ServerTimestamp":"2024-04-27T18:42:51.2709948Z"},"nsu=http://opcfoundation.org/UA/Plc/Applications;s=RandomUnsignedInt32":{"Value":286322216,"SourceTimestamp":"2024-04-27T18:42:51.2709618Z","ServerTimestamp":"2024-04-27T18:42:51.2710118Z"},"nsu=http://opcfoundation.org/UA/Plc/Applications;s=DipData":{"Value":24.868988716485482,"SourceTimestamp":"2024-04-27T18:42:51.2709536Z","ServerTimestamp":"2024-04-27T18:42:51.2709576Z"},"nsu=http://opcfoundation.org/UA/Plc/Applications;s=FastUIntScalar1":{"Value":117,"SourceTimestamp":"2024-04-27T18:42:50.4640313Z","ServerTimestamp":"2024-04-27T18:42:50.4640333Z"},"nsu=http://opcfoundation.org/UA/Plc/Applications;s=FastUIntScalar2":{"Value":117,"SourceTimestamp":"2024-04-27T18:42:50.4640367Z","ServerTimestamp":"2024-04-27T18:42:50.4640371Z"},"nsu=http://opcfoundation.org/UA/Plc/Applications;s=FastUIntScalar3":{"Value":117,"SourceTimestamp":"2024-04-27T18:42:50.464038Z","ServerTimestamp":"2024-04-27T18:42:50.4640386Z"},"nsu=http://opcfoundation.org/UA/Plc/Applications;s=FastRandomUIntScalar1":{"Value":638182770,"SourceTimestamp":"2024-04-27T18:42:50.4640379Z","ServerTimestamp":"2024-04-27T18:42:50.4640396Z"},"nsu=http://opcfoundation.org/UA/Plc/Applications;s=FastRandomUIntScalar2":{"Value":1597362496,"SourceTimestamp":"2024-04-27T18:42:50.4640424Z","ServerTimestamp":"2024-04-27T18:42:50.464043Z"},"nsu=http://opcfoundation.org/UA/Plc/Applications;s=FastRandomUIntScalar3":{"Value":1782260279,"SourceTimestamp":"2024-04-27T18:42:50.4640443Z","ServerTimestamp":"2024-04-27T18:42:50.4640448Z"},"nsu=http://opcfoundation.org/UA/Plc/Applications;s=SpikeData":{"Value":36.812455268467772,"SourceTimestamp":"2024-04-27T18:42:51.3645617Z","ServerTimestamp":"2024-04-27T18:42:51.3645645Z"}}