{"nsu=http://opcfoundation.org/UA/Plc/Applications;s=StepUp":{"Value":139,"SourceTimestamp":"2024-04-27T18:41:07.3697888Z","ServerTimestamp":"2024-04-27T18:41:07.369792Z"},"nsu=http://opcfoundation.org/UA/Plc/Applications;s=RandomSignedInt32":{"Value":591667319,"SourceTimestamp":"2024-04-27T18:41:07.3698248Z","ServerTimestamp":"2024-04-27T18:41:07.3698466Z"},"nsu=http://opcfoundation.org/UA/Plc/Applications;s=RandomUnsignedInt32":{"Value":695411070,"SourceTimestamp":"2024-04-27T18:41:07.3698242Z","ServerTimestamp":"2024-04-27T18:41:07.3698247Z"},"nsu=http://opcfoundation.org/UA/Plc/Applications;s=DipData":{"Value":99.80267284282715,"SourceTimestamp":"2024-04-27T18:41:07.2622751Z","ServerTimestamp":"2024-04-27T18:41:07.2622838Z"},"nsu=http://opcfoundation.org/UA/Plc/Applications;s=FastUIntScalar1":{"Value":13,"SourceTimestamp":"2024-04-27T18:41:06.4676378Z","ServerTimestamp":"2024-04-27T18:41:06.467642Z"},"nsu=http://opcfoundation.org/UA/Plc/Applications;s=FastUIntScalar2":{"Value":13,"SourceTimestamp":"2024-04-27T18:41:06.4676476Z","ServerTimestamp":"2024-04-27T18:41:06.467648Z"},"nsu=http://opcfoundation.org/UA/Plc/Applications;s=FastUIntScalar3":{"Value":13,"SourceTimestamp":"2024-04-27T18:41:06.4676491Z","ServerTimestamp":"2024-04-27T18:41:06.4676497Z"},"nsu=http://opcfoundation.org/UA/Plc/Applications;s=FastRandomUIntScalar1":{"Value":2393938516,"SourceTimestamp":"2024-04-27T18:41:06.4676512Z","ServerTimestamp":"2024-04-27T18:41:06.4676526Z"},"nsu=http://opcfoundation.org/UA/Plc/Applications;s=FastRandomUIntScalar2":{"Value":4044332193,"SourceTimestamp":"2024-04-27T18:41:06.4676574Z","ServerTimestamp":"2024-04-27T18:41:06.4676633Z"},"nsu=http://opcfoundation.org/UA/Plc/Applications;s=FastRandomUIntScalar3":{"Value":2001492600,"SourceTimestamp":"2024-04-27T18:41:06.4676707Z","ServerTimestamp":"2024-04-27T18:41:06.4676712Z"},"nsu=http://opcfoundation.org/UA/Plc/Applications;s=SpikeData":{"Value":99.80267284282715,"SourceTimestamp":"2024-04-27T18:41:07.2622278Z","ServerTimestamp":"2024-04-27T18:41:07.2622324Z"}}