{"nsu=http://opcfoundation.org/UA/Plc/Applications;s=StepUp":{"Value":149,"SourceTimestamp":"2024-04-27T18:41:08.3641542Z","ServerTimestamp":"2024-04-27T18:41:08.3641584Z"},"nsu=http://opcfoundation.org/UA/Plc/Applications;s=RandomSignedInt32":{"Value":-219231912,"SourceTimestamp":"2024-04-27T18:41:08.3641901Z","ServerTimestamp":"2024-04-27T18:41:08.3642014Z"},"nsu=http://opcfoundation.org/UA/Plc/Applications;s=RandomUnsignedInt32":{"Value":1983004471,"SourceTimestamp":"2024-04-27T18:41:08.3641944Z","ServerTimestamp":"2024-04-27T18:41:08.3641963Z"},"nsu=http://opcfoundation.org/UA/Plc/Applications;s=DipData":{"Value":24.868988716485479,"SourceTimestamp":"2024-04-27T18:41:08.3641219Z","ServerTimestamp":"2024-04-27T18:41:08.3641268Z"},"nsu=http://opcfoundation.org/UA/Plc/Applications;s=FastUIntScalar1":{"Value":14,"SourceTimestamp":"2024-04-27T18:41:07.4622051Z","ServerTimestamp":"2024-04-27T18:41:07.4622088Z"},"nsu=http://opcfoundation.org/UA/Plc/Applications;s=FastUIntScalar2":{"Value":14,"SourceTimestamp":"2024-04-27T18:41:07.4622189Z","ServerTimestamp":"2024-04-27T18:41:07.4622206Z"},"nsu=http://opcfoundation.org/UA/Plc/Applications;s=FastUIntScalar3":{"Value":14,"SourceTimestamp":"2024-04-27T18:41:07.4622282Z","ServerTimestamp":"2024-04-27T18:41:07.4622295Z"},"nsu=http://opcfoundation.org/UA/Plc/Applications;s=FastRandomUIntScalar1":{"Value":2687874087,"SourceTimestamp":"2024-04-27T18:41:07.4622109Z","ServerTimestamp":"2024-04-27T18:41:07.4622189Z"},"nsu=http://opcfoundation.org/UA/Plc/Applications;s=FastRandomUIntScalar2":{"Value":1100606761,"SourceTimestamp":"2024-04-27T18:41:07.4622208Z","ServerTimestamp":"2024-04-27T18:41:07.462228Z"},"nsu=http://opcfoundation.org/UA/Plc/Applications;s=FastRandomUIntScalar3":{"Value":2780746945,"SourceTimestamp":"2024-04-27T18:41:07.462232Z","ServerTimestamp":"2024-04-27T18:41:07.4622324Z"},"nsu=http://opcfoundation.org/UA/Plc/Applications;s=SpikeData":{"Value":24.868988716485479,"SourceTimestamp":"2024-04-27T18:41:08.3642123Z","ServerTimestamp":"2024-04-27T18:41:08.3642156Z"}}