{"nsu=http://opcfoundation.org/UA/Plc/Applications;s=StepUp":{"Value":158,"SourceTimestamp":"2024-04-27T18:41:09.268739Z","ServerTimestamp":"2024-04-27T18:41:09.2687429Z"},"nsu=http://opcfoundation.org/UA/Plc/Applications;s=AlternatingBoolean":{"Value":false,"SourceTimestamp":"2024-04-27T18:41:08.565975Z","ServerTimestamp":"2024-04-27T18:41:08.5659797Z"},"nsu=http://opcfoundation.org/UA/Plc/Applications;s=RandomSignedInt32":{"Value":-1472926616,"SourceTimestamp":"2024-04-27T18:41:09.2688205Z","ServerTimestamp":"2024-04-27T18:41:09.2688228Z"},"nsu=http://opcfoundation.org/UA/Plc/Applications;s=RandomUnsignedInt32":{"Value":1935145784,"SourceTimestamp":"2024-04-27T18:41:09.2688205Z","ServerTimestamp":"2024-04-27T18:41:09.2688257Z"},"nsu=http://opcfoundation.org/UA/Plc/Applications;s=DipData":{"Value":-77.0513242775789,"SourceTimestamp":"2024-04-27T18:41:09.2688294Z","ServerTimestamp":"2024-04-27T18:41:09.2688315Z"},"nsu=http://opcfoundation.org/UA/Plc/Applications;s=FastUIntScalar1":{"Value":15,"SourceTimestamp":"2024-04-27T18:41:08.4726838Z","ServerTimestamp":"2024-04-27T18:41:08.4726869Z"},"nsu=http://opcfoundation.org/UA/Plc/Applications;s=FastUIntScalar2":{"Value":15,"SourceTimestamp":"2024-04-27T18:41:08.472698Z","ServerTimestamp":"2024-04-27T18:41:08.4727078Z"},"nsu=http://opcfoundation.org/UA/Plc/Applications;s=FastUIntScalar3":{"Value":15,"SourceTimestamp":"2024-04-27T18:41:08.4727101Z","ServerTimestamp":"2024-04-27T18:41:08.4727127Z"},"nsu=http://opcfoundation.org/UA/Plc/Applications;s=FastRandomUIntScalar1":{"Value":955730143,"SourceTimestamp":"2024-04-27T18:41:08.4726867Z","ServerTimestamp":"2024-04-27T18:41:08.4726985Z"},"nsu=http://opcfoundation.org/UA/Plc/Applications;s=FastRandomUIntScalar2":{"Value":3050630867,"SourceTimestamp":"2024-04-27T18:41:08.4727016Z","ServerTimestamp":"2024-04-27T18:41:08.4727099Z"},"nsu=http://opcfoundation.org/UA/Plc/Applications;s=FastRandomUIntScalar3":{"Value":4141834463,"SourceTimestamp":"2024-04-27T18:41:08.4727132Z","ServerTimestamp":"2024-04-27T18:41:08.4727144Z"},"nsu=http://opcfoundation.org/UA/Plc/Applications;s=PositiveTrendData":{"Value":100.2,"SourceTimestamp":"2024-04-27T18:41:08.5659951Z","ServerTimestamp":"2024-04-27T18:41:08.5660265Z"},"nsu=http://opcfoundation.org/UA/Plc/Applications;s=SpikeData":{"Value":-77.0513242775789,"SourceTimestamp":"2024-04-27T18:41:09.2688083Z","ServerTimestamp":"2024-04-27T18:41:09.2688103Z"}}