{"nsu=http://opcfoundation.org/UA/Plc/Applications;s=StepUp":{"Value":199,"SourceTimestamp":"2024-04-27T18:41:13.3744612Z","ServerTimestamp":"2024-04-27T18:41:13.3744762Z"},"nsu=http://opcfoundation.org/UA/Plc/Applications;s=RandomSignedInt32":{"Value":-1893024211,"SourceTimestamp":"2024-04-27T18:41:13.374554Z","ServerTimestamp":"2024-04-27T18:41:13.3745566Z"},"nsu=http://opcfoundation.org/UA/Plc/Applications;s=RandomUnsignedInt32":{"Value":1293667206,"SourceTimestamp":"2024-04-27T18:41:13.3745149Z","ServerTimestamp":"2024-04-27T18:41:13.3745187Z"},"nsu=http://opcfoundation.org/UA/Plc/Applications;s=DipData":{"Value":24.868988716485479,"SourceTimestamp":"2024-04-27T18:41:13.3745016Z","ServerTimestamp":"2024-04-27T18:41:13.3745153Z"},"nsu=http://opcfoundation.org/UA/Plc/Applications;s=FastUIntScalar1":{"Value":19,"SourceTimestamp":"2024-04-27T18:41:12.464759Z","ServerTimestamp":"2024-04-27T18:41:12.4647613Z"},"nsu=http://opcfoundation.org/UA/Plc/Applications;s=FastUIntScalar2":{"Value":19,"SourceTimestamp":"2024-04-27T18:41:12.4647781Z","ServerTimestamp":"2024-04-27T18:41:12.4647785Z"},"nsu=http://opcfoundation.org/UA/Plc/Applications;s=FastUIntScalar3":{"Value":19,"SourceTimestamp":"2024-04-27T18:41:12.4647795Z","ServerTimestamp":"2024-04-27T18:41:12.46478Z"},"nsu=http://opcfoundation.org/UA/Plc/Applications;s=FastRandomUIntScalar1":{"Value":3204288909,"SourceTimestamp":"2024-04-27T18:41:12.4647651Z","ServerTimestamp":"2024-04-27T18:41:12.464785Z"},"nsu=http://opcfoundation.org/UA/Plc/Applications;s=FastRandomUIntScalar2":{"Value":700160455,"SourceTimestamp":"2024-04-27T18:41:12.4647916Z","ServerTimestamp":"2024-04-27T18:41:12.464792Z"},"nsu=http://opcfoundation.org/UA/Plc/Applications;s=FastRandomUIntScalar3":{"Value":4104838039,"SourceTimestamp":"2024-04-27T18:41:12.4647931Z","ServerTimestamp":"2024-04-27T18:41:12.4647935Z"},"nsu=http://opcfoundation.org/UA/Plc/Applications;s=SpikeData":{"Value":24.868988716485479,"SourceTimestamp":"2024-04-27T18:41:13.3744405Z","ServerTimestamp":"2024-04-27T18:41:13.3744604Z"}}