{"nsu=http://opcfoundation.org/UA/Plc/Applications;s=StepUp":{"Value":209,"SourceTimestamp":"2024-04-27T18:41:14.3694988Z","ServerTimestamp":"2024-04-27T18:41:14.3695026Z"},"nsu=http://opcfoundation.org/UA/Plc/Applications;s=AlternatingBoolean":{"Value":true,"SourceTimestamp":"2024-04-27T18:41:13.5773687Z","ServerTimestamp":"2024-04-27T18:41:13.5773832Z"},"nsu=http://opcfoundation.org/UA/Plc/Applications;s=RandomSignedInt32":{"Value":-1547965717,"SourceTimestamp":"2024-04-27T18:41:14.3695376Z","ServerTimestamp":"2024-04-27T18:41:14.3695387Z"},"nsu=http://opcfoundation.org/UA/Plc/Applications;s=RandomUnsignedInt32":{"Value":636698334,"SourceTimestamp":"2024-04-27T18:41:14.3695464Z","ServerTimestamp":"2024-04-27T18:41:14.3695474Z"},"nsu=http://opcfoundation.org/UA/Plc/Applications;s=DipData":{"Value":-84.432792550201498,"SourceTimestamp":"2024-04-27T18:41:14.369597Z","ServerTimestamp":"2024-04-27T18:41:14.3696004Z"},"nsu=http://opcfoundation.org/UA/Plc/Applications;s=FastUIntScalar1":{"Value":20,"SourceTimestamp":"2024-04-27T18:41:13.4675583Z","ServerTimestamp":"2024-04-27T18:41:13.4675668Z"},"nsu=http://opcfoundation.org/UA/Plc/Applications;s=FastUIntScalar2":{"Value":20,"SourceTimestamp":"2024-04-27T18:41:13.4675683Z","ServerTimestamp":"2024-04-27T18:41:13.4675688Z"},"nsu=http://opcfoundation.org/UA/Plc/Applications;s=FastUIntScalar3":{"Value":20,"SourceTimestamp":"2024-04-27T18:41:13.46757Z","ServerTimestamp":"2024-04-27T18:41:13.4675707Z"},"nsu=http://opcfoundation.org/UA/Plc/Applications;s=FastRandomUIntScalar1":{"Value":2686619756,"SourceTimestamp":"2024-04-27T18:41:13.4675585Z","ServerTimestamp":"2024-04-27T18:41:13.4675631Z"},"nsu=http://opcfoundation.org/UA/Plc/Applications;s=FastRandomUIntScalar2":{"Value":1873985348,"SourceTimestamp":"2024-04-27T18:41:13.4675652Z","ServerTimestamp":"2024-04-27T18:41:13.4675741Z"},"nsu=http://opcfoundation.org/UA/Plc/Applications;s=FastRandomUIntScalar3":{"Value":3016300340,"SourceTimestamp":"2024-04-27T18:41:13.4675752Z","ServerTimestamp":"2024-04-27T18:41:13.4675757Z"},"nsu=http://opcfoundation.org/UA/Plc/Applications;s=PositiveTrendData":{"Value":100.3,"SourceTimestamp":"2024-04-27T18:41:13.57737Z","ServerTimestamp":"2024-04-27T18:41:13.577371Z"},"nsu=http://opcfoundation.org/UA/Plc/Applications;s=SlowUIntScalar1":{"Value":2,"SourceTimestamp":"2024-04-27T18:41:13.4675039Z","ServerTimestamp":"2024-04-27T18:41:13.4675063Z"},"nsu=http://opcfoundation.org/UA/Plc/Applications;s=SlowUIntScalar2":{"Value":2,"SourceTimestamp":"2024-04-27T18:41:13.4675155Z","ServerTimestamp":"2024-04-27T18:41:13.4675161Z"},"nsu=http://opcfoundation.org/UA/Plc/Applications;s=SlowUIntScalar3":{"Value":2,"SourceTimestamp":"2024-04-27T18:41:13.4675174Z","ServerTimestamp":"2024-04-27T18:41:13.4675179Z"},"nsu=http://opcfoundation.org/UA/Plc/Applications;s=BadSlowUIntScalar1":{"Value":2,"SourceTimestamp":"2024-04-27T18:41:13.4675194Z","ServerTimestamp":"2024-04-27T18:41:13.46752Z"},"nsu=http://opcfoundation.org/UA/Plc/Applications;s=SlowRandomUIntScalar1":{"Value":3242134893,"SourceTimestamp":"2024-04-27T18:41:13.4675576Z","ServerTimestamp":"2024-04-27T18:41:13.4675651Z"},"nsu=http://opcfoundation.org/UA/Plc/Applications;s=SlowRandomUIntScalar2":{"Value":776437795,"SourceTimestamp":"2024-04-27T18:41:13.4675668Z","ServerTimestamp":"2024-04-27T18:41:13.4675681Z"},"nsu=http://opcfoundation.org/UA/Plc/Applications;s=SlowRandomUIntScalar3":{"Value":1750417212,"SourceTimestamp":"2024-04-27T18:41:13.4675692Z","ServerTimestamp":"2024-04-27T18:41:13.4675699Z"},"nsu=http://opcfoundation.org/UA/Plc/Applications;s=BadSlowRandomUIntScalar1":{"Value":1797366551,"SourceTimestamp":"2024-04-27T18:41:13.467571Z","ServerTimestamp":"2024-04-27T18:41:13.4675716Z"},"nsu=http://opcfoundation.org/UA/Plc/Applications;s=SpikeData":{"Value":-84.432792550201498,"SourceTimestamp":"2024-04-27T18:41:14.3695223Z","ServerTimestamp":"2024-04-27T18:41:14.3695246Z"}}