{"nsu=http://opcfoundation.org/UA/Plc/Applications;s=StepUp":{"Value":259,"SourceTimestamp":"2024-04-27T18:41:19.3672491Z","ServerTimestamp":"2024-04-27T18:41:19.3672822Z"},"nsu=http://opcfoundation.org/UA/Plc/Applications;s=AlternatingBoolean":{"Value":false,"SourceTimestamp":"2024-04-27T18:41:18.5708915Z","ServerTimestamp":"2024-04-27T18:41:18.5708949Z"},"nsu=http://opcfoundation.org/UA/Plc/Applications;s=RandomSignedInt32":{"Value":485191773,"SourceTimestamp":"2024-04-27T18:41:19.3672601Z","ServerTimestamp":"2024-04-27T18:41:19.3672612Z"},"nsu=http://opcfoundation.org/UA/Plc/Applications;s=RandomUnsignedInt32":{"Value":2054024256,"SourceTimestamp":"2024-04-27T18:41:19.3672685Z","ServerTimestamp":"2024-04-27T18:41:19.3672928Z"},"nsu=http://opcfoundation.org/UA/Plc/Applications;s=DipData":{"Value":-84.432792550201498,"SourceTimestamp":"2024-04-27T18:41:19.3672521Z","ServerTimestamp":"2024-04-27T18:41:19.3672533Z"},"nsu=http://opcfoundation.org/UA/Plc/Applications;s=FastUIntScalar1":{"Value":25,"SourceTimestamp":"2024-04-27T18:41:18.4642522Z","ServerTimestamp":"2024-04-27T18:41:18.4642539Z"},"nsu=http://opcfoundation.org/UA/Plc/Applications;s=FastUIntScalar2":{"Value":25,"SourceTimestamp":"2024-04-27T18:41:18.4642563Z","ServerTimestamp":"2024-04-27T18:41:18.4642571Z"},"nsu=http://opcfoundation.org/UA/Plc/Applications;s=FastUIntScalar3":{"Value":25,"SourceTimestamp":"2024-04-27T18:41:18.4642597Z","ServerTimestamp":"2024-04-27T18:41:18.4642609Z"},"nsu=http://opcfoundation.org/UA/Plc/Applications;s=FastRandomUIntScalar1":{"Value":2854142886,"SourceTimestamp":"2024-04-27T18:41:18.4642631Z","ServerTimestamp":"2024-04-27T18:41:18.4642778Z"},"nsu=http://opcfoundation.org/UA/Plc/Applications;s=FastRandomUIntScalar2":{"Value":1301134062,"SourceTimestamp":"2024-04-27T18:41:18.4642855Z","ServerTimestamp":"2024-04-27T18:41:18.4642863Z"},"nsu=http://opcfoundation.org/UA/Plc/Applications;s=FastRandomUIntScalar3":{"Value":2919034882,"SourceTimestamp":"2024-04-27T18:41:18.4642881Z","ServerTimestamp":"2024-04-27T18:41:18.4642889Z"},"nsu=http://opcfoundation.org/UA/Plc/Applications;s=PositiveTrendData":{"Value":100.40000000000001,"SourceTimestamp":"2024-04-27T18:41:18.5708823Z","ServerTimestamp":"2024-04-27T18:41:18.570884Z"},"nsu=http://opcfoundation.org/UA/Plc/Applications;s=SpikeData":{"Value":-84.432792550201498,"SourceTimestamp":"2024-04-27T18:41:19.3672167Z","ServerTimestamp":"2024-04-27T18:41:19.367221Z"}}