{"nsu=http://opcfoundation.org/UA/Plc/Applications;s=StepUp":{"Value":269,"SourceTimestamp":"2024-04-27T18:41:20.3629788Z","ServerTimestamp":"2024-04-27T18:41:20.3629825Z"},"nsu=http://opcfoundation.org/UA/Plc/Applications;s=RandomSignedInt32":{"Value":1727916189,"SourceTimestamp":"2024-04-27T18:41:20.3630415Z","ServerTimestamp":"2024-04-27T18:41:20.3630493Z"},"nsu=http://opcfoundation.org/UA/Plc/Applications;s=RandomUnsignedInt32":{"Value":1929577959,"SourceTimestamp":"2024-04-27T18:41:20.3630688Z","ServerTimestamp":"2024-04-27T18:41:20.3630699Z"},"nsu=http://opcfoundation.org/UA/Plc/Applications;s=DipData":{"Value":-77.051324277578942,"SourceTimestamp":"2024-04-27T18:41:20.3630703Z","ServerTimestamp":"2024-04-27T18:41:20.3630745Z"},"nsu=http://opcfoundation.org/UA/Plc/Applications;s=FastUIntScalar1":{"Value":26,"SourceTimestamp":"2024-04-27T18:41:19.4764463Z","ServerTimestamp":"2024-04-27T18:41:19.4764485Z"},"nsu=http://opcfoundation.org/UA/Plc/Applications;s=FastUIntScalar2":{"Value":26,"SourceTimestamp":"2024-04-27T18:41:19.4764557Z","ServerTimestamp":"2024-04-27T18:41:19.4764572Z"},"nsu=http://opcfoundation.org/UA/Plc/Applications;s=FastUIntScalar3":{"Value":26,"SourceTimestamp":"2024-04-27T18:41:19.4764601Z","ServerTimestamp":"2024-04-27T18:41:19.4764613Z"},"nsu=http://opcfoundation.org/UA/Plc/Applications;s=FastRandomUIntScalar1":{"Value":2205074549,"SourceTimestamp":"2024-04-27T18:41:19.4764329Z","ServerTimestamp":"2024-04-27T18:41:19.4764396Z"},"nsu=http://opcfoundation.org/UA/Plc/Applications;s=FastRandomUIntScalar2":{"Value":1766020535,"SourceTimestamp":"2024-04-27T18:41:19.4764444Z","ServerTimestamp":"2024-04-27T18:41:19.4764455Z"},"nsu=http://opcfoundation.org/UA/Plc/Applications;s=FastRandomUIntScalar3":{"Value":2727852030,"SourceTimestamp":"2024-04-27T18:41:19.4764483Z","ServerTimestamp":"2024-04-27T18:41:19.4764553Z"},"nsu=http://opcfoundation.org/UA/Plc/Applications;s=SpikeData":{"Value":-77.051324277578942,"SourceTimestamp":"2024-04-27T18:41:20.3630217Z","ServerTimestamp":"2024-04-27T18:41:20.363025Z"}}