{"nsu=http://opcfoundation.org/UA/Plc/Applications;s=StepUp":{"Value":309,"SourceTimestamp":"2024-04-27T18:41:24.3712002Z","ServerTimestamp":"2024-04-27T18:41:24.3712151Z"},"nsu=http://opcfoundation.org/UA/Plc/Applications;s=AlternatingBoolean":{"Value":true,"SourceTimestamp":"2024-04-27T18:41:23.5697853Z","ServerTimestamp":"2024-04-27T18:41:23.5697863Z"},"nsu=http://opcfoundation.org/UA/Plc/Applications;s=RandomSignedInt32":{"Value":2125998435,"SourceTimestamp":"2024-04-27T18:41:24.371241Z","ServerTimestamp":"2024-04-27T18:41:24.3712445Z"},"nsu=http://opcfoundation.org/UA/Plc/Applications;s=RandomUnsignedInt32":{"Value":768391907,"SourceTimestamp":"2024-04-27T18:41:24.3712465Z","ServerTimestamp":"2024-04-27T18:41:24.3712479Z"},"nsu=http://opcfoundation.org/UA/Plc/Applications;s=DipData":{"Value":-84.432792550201498,"SourceTimestamp":"2024-04-27T18:41:24.371279Z","ServerTimestamp":"2024-04-27T18:41:24.371282Z"},"nsu=http://opcfoundation.org/UA/Plc/Applications;s=FastUIntScalar1":{"Value":30,"SourceTimestamp":"2024-04-27T18:41:23.475166Z","ServerTimestamp":"2024-04-27T18:41:23.4751705Z"},"nsu=http://opcfoundation.org/UA/Plc/Applications;s=FastUIntScalar2":{"Value":30,"SourceTimestamp":"2024-04-27T18:41:23.4751722Z","ServerTimestamp":"2024-04-27T18:41:23.4751766Z"},"nsu=http://opcfoundation.org/UA/Plc/Applications;s=FastUIntScalar3":{"Value":30,"SourceTimestamp":"2024-04-27T18:41:23.4751779Z","ServerTimestamp":"2024-04-27T18:41:23.4751788Z"},"nsu=http://opcfoundation.org/UA/Plc/Applications;s=FastRandomUIntScalar1":{"Value":4026743145,"SourceTimestamp":"2024-04-27T18:41:23.4751673Z","ServerTimestamp":"2024-04-27T18:41:23.4751722Z"},"nsu=http://opcfoundation.org/UA/Plc/Applications;s=FastRandomUIntScalar2":{"Value":612426768,"SourceTimestamp":"2024-04-27T18:41:23.4751745Z","ServerTimestamp":"2024-04-27T18:41:23.4751755Z"},"nsu=http://opcfoundation.org/UA/Plc/Applications;s=FastRandomUIntScalar3":{"Value":1383722111,"SourceTimestamp":"2024-04-27T18:41:23.4751768Z","ServerTimestamp":"2024-04-27T18:41:23.4751775Z"},"nsu=http://opcfoundation.org/UA/Plc/Applications;s=PositiveTrendData":{"Value":100.5,"SourceTimestamp":"2024-04-27T18:41:23.5698159Z","ServerTimestamp":"2024-04-27T18:41:23.5698189Z"},"nsu=http://opcfoundation.org/UA/Plc/Applications;s=SlowUIntScalar1":{"Value":3,"SourceTimestamp":"2024-04-27T18:41:23.4751117Z","ServerTimestamp":"2024-04-27T18:41:23.4751145Z"},"nsu=http://opcfoundation.org/UA/Plc/Applications;s=SlowUIntScalar2":{"Value":3,"SourceTimestamp":"2024-04-27T18:41:23.4751246Z","ServerTimestamp":"2024-04-27T18:41:23.4751252Z"},"nsu=http://opcfoundation.org/UA/Plc/Applications;s=SlowUIntScalar3":{"Value":3,"SourceTimestamp":"2024-04-27T18:41:23.4751264Z","ServerTimestamp":"2024-04-27T18:41:23.475127Z"},"nsu=http://opcfoundation.org/UA/Plc/Applications;s=BadSlowUIntScalar1":{"Value":3,"SourceTimestamp":"2024-04-27T18:41:23.4751284Z","ServerTimestamp":"2024-04-27T18:41:23.475129Z"},"nsu=http://opcfoundation.org/UA/Plc/Applications;s=SlowRandomUIntScalar1":{"Value":3589130474,"SourceTimestamp":"2024-04-27T18:41:23.4751614Z","ServerTimestamp":"2024-04-27T18:41:23.4751664Z"},"nsu=http://opcfoundation.org/UA/Plc/Applications;s=SlowRandomUIntScalar2":{"Value":3970069930,"SourceTimestamp":"2024-04-27T18:41:23.475169Z","ServerTimestamp":"2024-04-27T18:41:23.4751744Z"},"nsu=http://opcfoundation.org/UA/Plc/Applications;s=SlowRandomUIntScalar3":{"Value":4270234308,"SourceTimestamp":"2024-04-27T18:41:23.4751758Z","ServerTimestamp":"2024-04-27T18:41:23.47518Z"},"nsu=http://opcfoundation.org/UA/Plc/Applications;s=BadSlowRandomUIntScalar1":{"Value":3475608571,"SourceTimestamp":"2024-04-27T18:41:23.4751815Z","ServerTimestamp":"2024-04-27T18:41:23.4751821Z"},"nsu=http://opcfoundation.org/UA/Plc/Applications;s=SpikeData":{"Value":-84.432792550201498,"SourceTimestamp":"2024-04-27T18:41:24.3711973Z","ServerTimestamp":"2024-04-27T18:41:24.3712012Z"}}