{"nsu=http://opcfoundation.org/UA/Plc/Applications;s=StepUp":{"Value":319,"SourceTimestamp":"2024-04-27T18:41:25.3727362Z","ServerTimestamp":"2024-04-27T18:41:25.3727403Z"},"nsu=http://opcfoundation.org/UA/Plc/Applications;s=RandomSignedInt32":{"Value":-798780760,"SourceTimestamp":"2024-04-27T18:41:25.3727726Z","ServerTimestamp":"2024-04-27T18:41:25.372779Z"},"nsu=http://opcfoundation.org/UA/Plc/Applications;s=RandomUnsignedInt32":{"Value":1678577820,"SourceTimestamp":"2024-04-27T18:41:25.3727926Z","ServerTimestamp":"2024-04-27T18:41:25.3728038Z"},"nsu=http://opcfoundation.org/UA/Plc/Applications;s=DipData":{"Value":-77.051324277578942,"SourceTimestamp":"2024-04-27T18:41:25.3727907Z","ServerTimestamp":"2024-04-27T18:41:25.3728011Z"},"nsu=http://opcfoundation.org/UA/Plc/Applications;s=FastUIntScalar1":{"Value":31,"SourceTimestamp":"2024-04-27T18:41:24.4624994Z","ServerTimestamp":"2024-04-27T18:41:24.462518Z"},"nsu=http://opcfoundation.org/UA/Plc/Applications;s=FastUIntScalar2":{"Value":31,"SourceTimestamp":"2024-04-27T18:41:24.4625263Z","ServerTimestamp":"2024-04-27T18:41:24.4625299Z"},"nsu=http://opcfoundation.org/UA/Plc/Applications;s=FastUIntScalar3":{"Value":31,"SourceTimestamp":"2024-04-27T18:41:24.462532Z","ServerTimestamp":"2024-04-27T18:41:24.462534Z"},"nsu=http://opcfoundation.org/UA/Plc/Applications;s=FastRandomUIntScalar1":{"Value":961683974,"SourceTimestamp":"2024-04-27T18:41:24.4625079Z","ServerTimestamp":"2024-04-27T18:41:24.4625147Z"},"nsu=http://opcfoundation.org/UA/Plc/Applications;s=FastRandomUIntScalar2":{"Value":4264363809,"SourceTimestamp":"2024-04-27T18:41:24.4625177Z","ServerTimestamp":"2024-04-27T18:41:24.4625264Z"},"nsu=http://opcfoundation.org/UA/Plc/Applications;s=FastRandomUIntScalar3":{"Value":350763833,"SourceTimestamp":"2024-04-27T18:41:24.4625296Z","ServerTimestamp":"2024-04-27T18:41:24.4625317Z"},"nsu=http://opcfoundation.org/UA/Plc/Applications;s=SpikeData":{"Value":-77.051324277578942,"SourceTimestamp":"2024-04-27T18:41:25.3727504Z","ServerTimestamp":"2024-04-27T18:41:25.3727565Z"}}