{"nsu=http://opcfoundation.org/UA/Plc/Applications;s=StepUp":{"Value":38,"SourceTimestamp":"2024-04-27T18:40:57.2624735Z","ServerTimestamp":"2024-04-27T18:40:57.262487Z"},"nsu=http://opcfoundation.org/UA/Plc/Applications;s=RandomSignedInt32":{"Value":-390456009,"SourceTimestamp":"2024-04-27T18:40:57.262513Z","ServerTimestamp":"2024-04-27T18:40:57.2625164Z"},"nsu=http://opcfoundation.org/UA/Plc/Applications;s=RandomUnsignedInt32":{"Value":1597518257,"SourceTimestamp":"2024-04-27T18:40:57.2625179Z","ServerTimestamp":"2024-04-27T18:40:57.2625204Z"},"nsu=http://opcfoundation.org/UA/Plc/Applications;s=DipData":{"Value":99.80267284282715,"SourceTimestamp":"2024-04-27T18:40:57.2625479Z","ServerTimestamp":"2024-04-27T18:40:57.2625508Z"},"nsu=http://opcfoundation.org/UA/Plc/Applications;s=FastUIntScalar1":{"Value":3,"SourceTimestamp":"2024-04-27T18:40:56.4748572Z","ServerTimestamp":"2024-04-27T18:40:56.4748658Z"},"nsu=http://opcfoundation.org/UA/Plc/Applications;s=FastUIntScalar2":{"Value":3,"SourceTimestamp":"2024-04-27T18:40:56.4748726Z","ServerTimestamp":"2024-04-27T18:40:56.474875Z"},"nsu=http://opcfoundation.org/UA/Plc/Applications;s=FastUIntScalar3":{"Value":3,"SourceTimestamp":"2024-04-27T18:40:56.474878Z","ServerTimestamp":"2024-04-27T18:40:56.4748802Z"},"nsu=http://opcfoundation.org/UA/Plc/Applications;s=FastRandomUIntScalar1":{"Value":4207507445,"SourceTimestamp":"2024-04-27T18:40:56.4748595Z","ServerTimestamp":"2024-04-27T18:40:56.4748727Z"},"nsu=http://opcfoundation.org/UA/Plc/Applications;s=FastRandomUIntScalar2":{"Value":3199002657,"SourceTimestamp":"2024-04-27T18:40:56.4748755Z","ServerTimestamp":"2024-04-27T18:40:56.4748776Z"},"nsu=http://opcfoundation.org/UA/Plc/Applications;s=FastRandomUIntScalar3":{"Value":2642412952,"SourceTimestamp":"2024-04-27T18:40:56.4748839Z","ServerTimestamp":"2024-04-27T18:40:56.4748953Z"},"nsu=http://opcfoundation.org/UA/Plc/Applications;s=SpikeData":{"Value":99.80267284282715,"SourceTimestamp":"2024-04-27T18:40:57.2624448Z","ServerTimestamp":"2024-04-27T18:40:57.2624703Z"}}