{"nsu=http://opcfoundation.org/UA/Plc/Applications;s=StepUp":{"Value":369,"SourceTimestamp":"2024-04-27T18:41:30.3718005Z","ServerTimestamp":"2024-04-27T18:41:30.371893Z"},"nsu=http://opcfoundation.org/UA/Plc/Applications;s=RandomSignedInt32":{"Value":-1709505755,"SourceTimestamp":"2024-04-27T18:41:30.3718589Z","ServerTimestamp":"2024-04-27T18:41:30.3718653Z"},"nsu=http://opcfoundation.org/UA/Plc/Applications;s=RandomUnsignedInt32":{"Value":1470604019,"SourceTimestamp":"2024-04-27T18:41:30.3718673Z","ServerTimestamp":"2024-04-27T18:41:30.3718678Z"},"nsu=http://opcfoundation.org/UA/Plc/Applications;s=DipData":{"Value":-77.051324277578942,"SourceTimestamp":"2024-04-27T18:41:30.3718546Z","ServerTimestamp":"2024-04-27T18:41:30.3719166Z"},"nsu=http://opcfoundation.org/UA/Plc/Applications;s=FastUIntScalar1":{"Value":36,"SourceTimestamp":"2024-04-27T18:41:29.4709779Z","ServerTimestamp":"2024-04-27T18:41:29.4709881Z"},"nsu=http://opcfoundation.org/UA/Plc/Applications;s=FastUIntScalar2":{"Value":36,"SourceTimestamp":"2024-04-27T18:41:29.4709909Z","ServerTimestamp":"2024-04-27T18:41:29.4709952Z"},"nsu=http://opcfoundation.org/UA/Plc/Applications;s=FastUIntScalar3":{"Value":36,"SourceTimestamp":"2024-04-27T18:41:29.4709965Z","ServerTimestamp":"2024-04-27T18:41:29.4709976Z"},"nsu=http://opcfoundation.org/UA/Plc/Applications;s=FastRandomUIntScalar1":{"Value":1926906513,"SourceTimestamp":"2024-04-27T18:41:29.4709828Z","ServerTimestamp":"2024-04-27T18:41:29.4709907Z"},"nsu=http://opcfoundation.org/UA/Plc/Applications;s=FastRandomUIntScalar2":{"Value":4078585971,"SourceTimestamp":"2024-04-27T18:41:29.4709954Z","ServerTimestamp":"2024-04-27T18:41:29.4709962Z"},"nsu=http://opcfoundation.org/UA/Plc/Applications;s=FastRandomUIntScalar3":{"Value":1218107427,"SourceTimestamp":"2024-04-27T18:41:29.4709982Z","ServerTimestamp":"2024-04-27T18:41:29.4709986Z"},"nsu=http://opcfoundation.org/UA/Plc/Applications;s=SpikeData":{"Value":-77.051324277578942,"SourceTimestamp":"2024-04-27T18:41:30.3717865Z","ServerTimestamp":"2024-04-27T18:41:30.3717908Z"}}