{"nsu=http://opcfoundation.org/UA/Plc/Applications;s=StepUp":{"Value":48,"SourceTimestamp":"2024-04-27T18:40:58.2653882Z","ServerTimestamp":"2024-04-27T18:40:58.2654411Z"},"nsu=http://opcfoundation.org/UA/Plc/Applications;s=RandomSignedInt32":{"Value":-1946070740,"SourceTimestamp":"2024-04-27T18:40:58.2654058Z","ServerTimestamp":"2024-04-27T18:40:58.2654064Z"},"nsu=http://opcfoundation.org/UA/Plc/Applications;s=RandomUnsignedInt32":{"Value":539539547,"SourceTimestamp":"2024-04-27T18:40:58.2654062Z","ServerTimestamp":"2024-04-27T18:40:58.2654691Z"},"nsu=http://opcfoundation.org/UA/Plc/Applications;s=DipData":{"Value":36.812455268467801,"SourceTimestamp":"2024-04-27T18:40:58.265399Z","ServerTimestamp":"2024-04-27T18:40:58.2654034Z"},"nsu=http://opcfoundation.org/UA/Plc/Applications;s=FastUIntScalar1":{"Value":4,"SourceTimestamp":"2024-04-27T18:40:57.4633651Z","ServerTimestamp":"2024-04-27T18:40:57.4633763Z"},"nsu=http://opcfoundation.org/UA/Plc/Applications;s=FastUIntScalar2":{"Value":4,"SourceTimestamp":"2024-04-27T18:40:57.4633781Z","ServerTimestamp":"2024-04-27T18:40:57.463379Z"},"nsu=http://opcfoundation.org/UA/Plc/Applications;s=FastUIntScalar3":{"Value":4,"SourceTimestamp":"2024-04-27T18:40:57.4633807Z","ServerTimestamp":"2024-04-27T18:40:57.4633815Z"},"nsu=http://opcfoundation.org/UA/Plc/Applications;s=FastRandomUIntScalar1":{"Value":3761412203,"SourceTimestamp":"2024-04-27T18:40:57.4633679Z","ServerTimestamp":"2024-04-27T18:40:57.4633726Z"},"nsu=http://opcfoundation.org/UA/Plc/Applications;s=FastRandomUIntScalar2":{"Value":3844231174,"SourceTimestamp":"2024-04-27T18:40:57.4633763Z","ServerTimestamp":"2024-04-27T18:40:57.4633778Z"},"nsu=http://opcfoundation.org/UA/Plc/Applications;s=FastRandomUIntScalar3":{"Value":3076923807,"SourceTimestamp":"2024-04-27T18:40:57.4633791Z","ServerTimestamp":"2024-04-27T18:40:57.4633801Z"},"nsu=http://opcfoundation.org/UA/Plc/Applications;s=SpikeData":{"Value":36.812455268467801,"SourceTimestamp":"2024-04-27T18:40:58.2653758Z","ServerTimestamp":"2024-04-27T18:40:58.2653788Z"}}