{"nsu=http://opcfoundation.org/UA/Plc/Applications;s=StepUp":{"Value":469,"SourceTimestamp":"2024-04-27T18:41:40.3737962Z","ServerTimestamp":"2024-04-27T18:41:40.3737998Z"},"nsu=http://opcfoundation.org/UA/Plc/Applications;s=RandomSignedInt32":{"Value":1742622138,"SourceTimestamp":"2024-04-27T18:41:40.3738446Z","ServerTimestamp":"2024-04-27T18:41:40.3738477Z"},"nsu=http://opcfoundation.org/UA/Plc/Applications;s=RandomUnsignedInt32":{"Value":741536517,"SourceTimestamp":"2024-04-27T18:41:40.3738639Z","ServerTimestamp":"2024-04-27T18:41:40.3738693Z"},"nsu=http://opcfoundation.org/UA/Plc/Applications;s=DipData":{"Value":-77.051324277578942,"SourceTimestamp":"2024-04-27T18:41:40.3738841Z","ServerTimestamp":"2024-04-27T18:41:40.3738855Z"},"nsu=http://opcfoundation.org/UA/Plc/Applications;s=FastUIntScalar1":{"Value":46,"SourceTimestamp":"2024-04-27T18:41:39.4769311Z","ServerTimestamp":"2024-04-27T18:41:39.4770078Z"},"nsu=http://opcfoundation.org/UA/Plc/Applications;s=FastUIntScalar2":{"Value":46,"SourceTimestamp":"2024-04-27T18:41:39.4770145Z","ServerTimestamp":"2024-04-27T18:41:39.4770159Z"},"nsu=http://opcfoundation.org/UA/Plc/Applications;s=FastUIntScalar3":{"Value":46,"SourceTimestamp":"2024-04-27T18:41:39.4770173Z","ServerTimestamp":"2024-04-27T18:41:39.4770179Z"},"nsu=http://opcfoundation.org/UA/Plc/Applications;s=FastRandomUIntScalar1":{"Value":1777084806,"SourceTimestamp":"2024-04-27T18:41:39.4769427Z","ServerTimestamp":"2024-04-27T18:41:39.4769479Z"},"nsu=http://opcfoundation.org/UA/Plc/Applications;s=FastRandomUIntScalar2":{"Value":3950940908,"SourceTimestamp":"2024-04-27T18:41:39.4769589Z","ServerTimestamp":"2024-04-27T18:41:39.4769596Z"},"nsu=http://opcfoundation.org/UA/Plc/Applications;s=FastRandomUIntScalar3":{"Value":3371830892,"SourceTimestamp":"2024-04-27T18:41:39.4769615Z","ServerTimestamp":"2024-04-27T18:41:39.476962Z"},"nsu=http://opcfoundation.org/UA/Plc/Applications;s=SpikeData":{"Value":-77.051324277578942,"SourceTimestamp":"2024-04-27T18:41:40.373874Z","ServerTimestamp":"2024-04-27T18:41:40.3738751Z"}}