{"nsu=http://opcfoundation.org/UA/Plc/Applications;s=StepUp":{"Value":489,"SourceTimestamp":"2024-04-27T18:41:42.3701922Z","ServerTimestamp":"2024-04-27T18:41:42.3701963Z"},"nsu=http://opcfoundation.org/UA/Plc/Applications;s=RandomSignedInt32":{"Value":1165758538,"SourceTimestamp":"2024-04-27T18:41:42.2764666Z","ServerTimestamp":"2024-04-27T18:41:42.2764687Z"},"nsu=http://opcfoundation.org/UA/Plc/Applications;s=RandomUnsignedInt32":{"Value":267646527,"SourceTimestamp":"2024-04-27T18:41:42.2764593Z","ServerTimestamp":"2024-04-27T18:41:42.2764605Z"},"nsu=http://opcfoundation.org/UA/Plc/Applications;s=DipData":{"Value":99.80267284282715,"SourceTimestamp":"2024-04-27T18:41:42.2764802Z","ServerTimestamp":"2024-04-27T18:41:42.2764813Z"},"nsu=http://opcfoundation.org/UA/Plc/Applications;s=FastUIntScalar1":{"Value":48,"SourceTimestamp":"2024-04-27T18:41:41.4748644Z","ServerTimestamp":"2024-04-27T18:41:41.4748782Z"},"nsu=http://opcfoundation.org/UA/Plc/Applications;s=FastUIntScalar2":{"Value":48,"SourceTimestamp":"2024-04-27T18:41:41.4748796Z","ServerTimestamp":"2024-04-27T18:41:41.4748808Z"},"nsu=http://opcfoundation.org/UA/Plc/Applications;s=FastUIntScalar3":{"Value":48,"SourceTimestamp":"2024-04-27T18:41:41.4748852Z","ServerTimestamp":"2024-04-27T18:41:41.4748858Z"},"nsu=http://opcfoundation.org/UA/Plc/Applications;s=FastRandomUIntScalar1":{"Value":791832419,"SourceTimestamp":"2024-04-27T18:41:41.4748724Z","ServerTimestamp":"2024-04-27T18:41:41.4748734Z"},"nsu=http://opcfoundation.org/UA/Plc/Applications;s=FastRandomUIntScalar2":{"Value":1485648929,"SourceTimestamp":"2024-04-27T18:41:41.4748763Z","ServerTimestamp":"2024-04-27T18:41:41.4748766Z"},"nsu=http://opcfoundation.org/UA/Plc/Applications;s=FastRandomUIntScalar3":{"Value":4232164480,"SourceTimestamp":"2024-04-27T18:41:41.4748781Z","ServerTimestamp":"2024-04-27T18:41:41.4748797Z"},"nsu=http://opcfoundation.org/UA/Plc/Applications;s=SpikeData":{"Value":99.80267284282715,"SourceTimestamp":"2024-04-27T18:41:42.2764267Z","ServerTimestamp":"2024-04-27T18:41:42.2764304Z"}}