{"nsu=http://opcfoundation.org/UA/Plc/Applications;s=StepUp":{"Value":499,"SourceTimestamp":"2024-04-27T18:41:43.363264Z","ServerTimestamp":"2024-04-27T18:41:43.363267Z"},"nsu=http://opcfoundation.org/UA/Plc/Applications;s=RandomSignedInt32":{"Value":-818945801,"SourceTimestamp":"2024-04-27T18:41:43.2698647Z","ServerTimestamp":"2024-04-27T18:41:43.2698696Z"},"nsu=http://opcfoundation.org/UA/Plc/Applications;s=RandomUnsignedInt32":{"Value":378421752,"SourceTimestamp":"2024-04-27T18:41:43.2698702Z","ServerTimestamp":"2024-04-27T18:41:43.2698741Z"},"nsu=http://opcfoundation.org/UA/Plc/Applications;s=DipData":{"Value":36.812455268467801,"SourceTimestamp":"2024-04-27T18:41:43.2698933Z","ServerTimestamp":"2024-04-27T18:41:43.2698964Z"},"nsu=http://opcfoundation.org/UA/Plc/Applications;s=FastUIntScalar1":{"Value":49,"SourceTimestamp":"2024-04-27T18:41:42.4642927Z","ServerTimestamp":"2024-04-27T18:41:42.4643627Z"},"nsu=http://opcfoundation.org/UA/Plc/Applications;s=FastUIntScalar2":{"Value":49,"SourceTimestamp":"2024-04-27T18:41:42.4643681Z","ServerTimestamp":"2024-04-27T18:41:42.4643691Z"},"nsu=http://opcfoundation.org/UA/Plc/Applications;s=FastUIntScalar3":{"Value":49,"SourceTimestamp":"2024-04-27T18:41:42.4643704Z","ServerTimestamp":"2024-04-27T18:41:42.464371Z"},"nsu=http://opcfoundation.org/UA/Plc/Applications;s=FastRandomUIntScalar1":{"Value":2812324375,"SourceTimestamp":"2024-04-27T18:41:42.4642929Z","ServerTimestamp":"2024-04-27T18:41:42.4643467Z"},"nsu=http://opcfoundation.org/UA/Plc/Applications;s=FastRandomUIntScalar2":{"Value":1819954278,"SourceTimestamp":"2024-04-27T18:41:42.4643582Z","ServerTimestamp":"2024-04-27T18:41:42.4643596Z"},"nsu=http://opcfoundation.org/UA/Plc/Applications;s=FastRandomUIntScalar3":{"Value":3682855611,"SourceTimestamp":"2024-04-27T18:41:42.4643611Z","ServerTimestamp":"2024-04-27T18:41:42.4643668Z"},"nsu=http://opcfoundation.org/UA/Plc/Applications;s=SpikeData":{"Value":36.812455268467801,"SourceTimestamp":"2024-04-27T18:41:43.2698102Z","ServerTimestamp":"2024-04-27T18:41:43.269815Z"}}