{"nsu=http://opcfoundation.org/UA/Plc/Applications;s=StepUp":{"Value":609,"SourceTimestamp":"2024-04-27T18:41:54.3655923Z","ServerTimestamp":"2024-04-27T18:41:54.3655964Z"},"nsu=http://opcfoundation.org/UA/Plc/Applications;s=AlternatingBoolean":{"Value":true,"SourceTimestamp":"2024-04-27T18:41:53.5669371Z","ServerTimestamp":"2024-04-27T18:41:53.5669457Z"},"nsu=http://opcfoundation.org/UA/Plc/Applications;s=RandomSignedInt32":{"Value":166997148,"SourceTimestamp":"2024-04-27T18:41:54.3656566Z","ServerTimestamp":"2024-04-27T18:41:54.3656603Z"},"nsu=http://opcfoundation.org/UA/Plc/Applications;s=RandomUnsignedInt32":{"Value":1851257042,"SourceTimestamp":"2024-04-27T18:41:54.3656555Z","ServerTimestamp":"2024-04-27T18:41:54.3656575Z"},"nsu=http://opcfoundation.org/UA/Plc/Applications;s=DipData":{"Value":-84.432792550201498,"SourceTimestamp":"2024-04-27T18:41:54.3656338Z","ServerTimestamp":"2024-04-27T18:41:54.3656349Z"},"nsu=http://opcfoundation.org/UA/Plc/Applications;s=FastUIntScalar1":{"Value":60,"SourceTimestamp":"2024-04-27T18:41:53.4736439Z","ServerTimestamp":"2024-04-27T18:41:53.4736533Z"},"nsu=http://opcfoundation.org/UA/Plc/Applications;s=FastUIntScalar2":{"Value":60,"SourceTimestamp":"2024-04-27T18:41:53.4736562Z","ServerTimestamp":"2024-04-27T18:41:53.4736666Z"},"nsu=http://opcfoundation.org/UA/Plc/Applications;s=FastUIntScalar3":{"Value":60,"SourceTimestamp":"2024-04-27T18:41:53.4736685Z","ServerTimestamp":"2024-04-27T18:41:53.4737327Z"},"nsu=http://opcfoundation.org/UA/Plc/Applications;s=FastRandomUIntScalar1":{"Value":1137363746,"SourceTimestamp":"2024-04-27T18:41:53.4736505Z","ServerTimestamp":"2024-04-27T18:41:53.4736707Z"},"nsu=http://opcfoundation.org/UA/Plc/Applications;s=FastRandomUIntScalar2":{"Value":2877155323,"SourceTimestamp":"2024-04-27T18:41:53.4736736Z","ServerTimestamp":"2024-04-27T18:41:53.4736757Z"},"nsu=http://opcfoundation.org/UA/Plc/Applications;s=FastRandomUIntScalar3":{"Value":334790251,"SourceTimestamp":"2024-04-27T18:41:53.4737006Z","ServerTimestamp":"2024-04-27T18:41:53.4737039Z"},"nsu=http://opcfoundation.org/UA/Plc/Applications;s=NegativeTrendData":{"Value":99.5,"SourceTimestamp":"2024-04-27T18:41:53.5669525Z","ServerTimestamp":"2024-04-27T18:41:53.5669546Z"},"nsu=http://opcfoundation.org/UA/Plc/Applications;s=PositiveTrendData":{"Value":101.09999999999999,"SourceTimestamp":"2024-04-27T18:41:53.5669522Z","ServerTimestamp":"2024-04-27T18:41:53.566953Z"},"nsu=http://opcfoundation.org/UA/Plc/Applications;s=SlowUIntScalar1":{"Value":6,"SourceTimestamp":"2024-04-27T18:41:53.473641Z","ServerTimestamp":"2024-04-27T18:41:53.4736564Z"},"nsu=http://opcfoundation.org/UA/Plc/Applications;s=SlowUIntScalar2":{"Value":6,"SourceTimestamp":"2024-04-27T18:41:53.4736669Z","ServerTimestamp":"2024-04-27T18:41:53.4736684Z"},"nsu=http://opcfoundation.org/UA/Plc/Applications;s=SlowUIntScalar3":{"Value":6,"SourceTimestamp":"2024-04-27T18:41:53.473671Z","ServerTimestamp":"2024-04-27T18:41:53.4737696Z"},"nsu=http://opcfoundation.org/UA/Plc/Applications;s=BadSlowUIntScalar1":{"Value":6,"SourceTimestamp":"2024-04-27T18:41:53.4737904Z","ServerTimestamp":"2024-04-27T18:41:53.4737918Z"},"nsu=http://opcfoundation.org/UA/Plc/Applications;s=SlowRandomUIntScalar1":{"Value":445781270,"SourceTimestamp":"2024-04-27T18:41:53.4736296Z","ServerTimestamp":"2024-04-27T18:41:53.4736379Z"},"nsu=http://opcfoundation.org/UA/Plc/Applications;s=SlowRandomUIntScalar2":{"Value":3076030612,"SourceTimestamp":"2024-04-27T18:41:53.4736443Z","ServerTimestamp":"2024-04-27T18:41:53.4736736Z"},"nsu=http://opcfoundation.org/UA/Plc/Applications;s=SlowRandomUIntScalar3":{"Value":4252333105,"SourceTimestamp":"2024-04-27T18:41:53.4736758Z","ServerTimestamp":"2024-04-27T18:41:53.4737011Z"},"nsu=http://opcfoundation.org/UA/Plc/Applications;s=BadSlowRandomUIntScalar1":{"Value":1640615878,"SourceTimestamp":"2024-04-27T18:41:53.473704Z","ServerTimestamp":"2024-04-27T18:41:53.4737063Z"},"nsu=http://opcfoundation.org/UA/Plc/Applications;s=SpikeData":{"Value":-84.432792550201498,"SourceTimestamp":"2024-04-27T18:41:54.3656417Z","ServerTimestamp":"2024-04-27T18:41:54.3656484Z"}}