{"nsu=http://opcfoundation.org/UA/Plc/Applications;s=StepUp":{"Value":629,"SourceTimestamp":"2024-04-27T18:41:56.3656092Z","ServerTimestamp":"2024-04-27T18:41:56.3656141Z"},"nsu=http://opcfoundation.org/UA/Plc/Applications;s=RandomSignedInt32":{"Value":1329798019,"SourceTimestamp":"2024-04-27T18:41:56.3656853Z","ServerTimestamp":"2024-04-27T18:41:56.3656985Z"},"nsu=http://opcfoundation.org/UA/Plc/Applications;s=RandomUnsignedInt32":{"Value":1968338378,"SourceTimestamp":"2024-04-27T18:41:56.3657301Z","ServerTimestamp":"2024-04-27T18:41:56.3657332Z"},"nsu=http://opcfoundation.org/UA/Plc/Applications;s=DipData":{"Value":36.812455268467772,"SourceTimestamp":"2024-04-27T18:41:56.3657131Z","ServerTimestamp":"2024-04-27T18:41:56.3657145Z"},"nsu=http://opcfoundation.org/UA/Plc/Applications;s=FastUIntScalar1":{"Value":62,"SourceTimestamp":"2024-04-27T18:41:55.4673761Z","ServerTimestamp":"2024-04-27T18:41:55.4673826Z"},"nsu=http://opcfoundation.org/UA/Plc/Applications;s=FastUIntScalar2":{"Value":62,"SourceTimestamp":"2024-04-27T18:41:55.4673846Z","ServerTimestamp":"2024-04-27T18:41:55.4674459Z"},"nsu=http://opcfoundation.org/UA/Plc/Applications;s=FastUIntScalar3":{"Value":62,"SourceTimestamp":"2024-04-27T18:41:55.4674513Z","ServerTimestamp":"2024-04-27T18:41:55.467452Z"},"nsu=http://opcfoundation.org/UA/Plc/Applications;s=FastRandomUIntScalar1":{"Value":3149708748,"SourceTimestamp":"2024-04-27T18:41:55.4673814Z","ServerTimestamp":"2024-04-27T18:41:55.4673843Z"},"nsu=http://opcfoundation.org/UA/Plc/Applications;s=FastRandomUIntScalar2":{"Value":1854417253,"SourceTimestamp":"2024-04-27T18:41:55.4674111Z","ServerTimestamp":"2024-04-27T18:41:55.4674152Z"},"nsu=http://opcfoundation.org/UA/Plc/Applications;s=FastRandomUIntScalar3":{"Value":2437849163,"SourceTimestamp":"2024-04-27T18:41:55.4674243Z","ServerTimestamp":"2024-04-27T18:41:55.4674251Z"},"nsu=http://opcfoundation.org/UA/Plc/Applications;s=SpikeData":{"Value":36.812455268467772,"SourceTimestamp":"2024-04-27T18:41:56.365677Z","ServerTimestamp":"2024-04-27T18:41:56.3656887Z"}}