{"nsu=http://opcfoundation.org/UA/Plc/Applications;s=StepUp":{"Value":638,"SourceTimestamp":"2024-04-27T18:41:57.2763293Z","ServerTimestamp":"2024-04-27T18:41:57.2763336Z"},"nsu=http://opcfoundation.org/UA/Plc/Applications;s=RandomSignedInt32":{"Value":138682601,"SourceTimestamp":"2024-04-27T18:41:57.2763949Z","ServerTimestamp":"2024-04-27T18:41:57.2764094Z"},"nsu=http://opcfoundation.org/UA/Plc/Applications;s=RandomUnsignedInt32":{"Value":1122110929,"SourceTimestamp":"2024-04-27T18:41:57.2764002Z","ServerTimestamp":"2024-04-27T18:41:57.276406Z"},"nsu=http://opcfoundation.org/UA/Plc/Applications;s=DipData":{"Value":99.80267284282715,"SourceTimestamp":"2024-04-27T18:41:57.2764205Z","ServerTimestamp":"2024-04-27T18:41:57.2764214Z"},"nsu=http://opcfoundation.org/UA/Plc/Applications;s=FastUIntScalar1":{"Value":63,"SourceTimestamp":"2024-04-27T18:41:56.4733319Z","ServerTimestamp":"2024-04-27T18:41:56.4733334Z"},"nsu=http://opcfoundation.org/UA/Plc/Applications;s=FastUIntScalar2":{"Value":63,"SourceTimestamp":"2024-04-27T18:41:56.4733388Z","ServerTimestamp":"2024-04-27T18:41:56.4733503Z"},"nsu=http://opcfoundation.org/UA/Plc/Applications;s=FastUIntScalar3":{"Value":63,"SourceTimestamp":"2024-04-27T18:41:56.4733523Z","ServerTimestamp":"2024-04-27T18:41:56.4733556Z"},"nsu=http://opcfoundation.org/UA/Plc/Applications;s=FastRandomUIntScalar1":{"Value":3607887851,"SourceTimestamp":"2024-04-27T18:41:56.4733353Z","ServerTimestamp":"2024-04-27T18:41:56.4733525Z"},"nsu=http://opcfoundation.org/UA/Plc/Applications;s=FastRandomUIntScalar2":{"Value":3225242070,"SourceTimestamp":"2024-04-27T18:41:56.473355Z","ServerTimestamp":"2024-04-27T18:41:56.4733582Z"},"nsu=http://opcfoundation.org/UA/Plc/Applications;s=FastRandomUIntScalar3":{"Value":3672141819,"SourceTimestamp":"2024-04-27T18:41:56.4733606Z","ServerTimestamp":"2024-04-27T18:41:56.4733616Z"},"nsu=http://opcfoundation.org/UA/Plc/Applications;s=SpikeData":{"Value":99.80267284282715,"SourceTimestamp":"2024-04-27T18:41:57.2763773Z","ServerTimestamp":"2024-04-27T18:41:57.2763818Z"}}