{"nsu=http://opcfoundation.org/UA/Plc/Applications;s=StepUp":{"Value":648,"SourceTimestamp":"2024-04-27T18:41:58.2732794Z","ServerTimestamp":"2024-04-27T18:41:58.2732832Z"},"nsu=http://opcfoundation.org/UA/Plc/Applications;s=RandomSignedInt32":{"Value":-784401824,"SourceTimestamp":"2024-04-27T18:41:58.2733289Z","ServerTimestamp":"2024-04-27T18:41:58.2733418Z"},"nsu=http://opcfoundation.org/UA/Plc/Applications;s=RandomUnsignedInt32":{"Value":960716553,"SourceTimestamp":"2024-04-27T18:41:58.2733161Z","ServerTimestamp":"2024-04-27T18:41:58.2733384Z"},"nsu=http://opcfoundation.org/UA/Plc/Applications;s=DipData":{"Value":36.812455268467801,"SourceTimestamp":"2024-04-27T18:41:58.2733131Z","ServerTimestamp":"2024-04-27T18:41:58.2733143Z"},"nsu=http://opcfoundation.org/UA/Plc/Applications;s=FastUIntScalar1":{"Value":64,"SourceTimestamp":"2024-04-27T18:41:57.4626649Z","ServerTimestamp":"2024-04-27T18:41:57.4626682Z"},"nsu=http://opcfoundation.org/UA/Plc/Applications;s=FastUIntScalar2":{"Value":64,"SourceTimestamp":"2024-04-27T18:41:57.4626874Z","ServerTimestamp":"2024-04-27T18:41:57.4626934Z"},"nsu=http://opcfoundation.org/UA/Plc/Applications;s=FastUIntScalar3":{"Value":64,"SourceTimestamp":"2024-04-27T18:41:57.462695Z","ServerTimestamp":"2024-04-27T18:41:57.4626964Z"},"nsu=http://opcfoundation.org/UA/Plc/Applications;s=FastRandomUIntScalar1":{"Value":2010653828,"SourceTimestamp":"2024-04-27T18:41:57.4626781Z","ServerTimestamp":"2024-04-27T18:41:57.4626875Z"},"nsu=http://opcfoundation.org/UA/Plc/Applications;s=FastRandomUIntScalar2":{"Value":2034740290,"SourceTimestamp":"2024-04-27T18:41:57.4626936Z","ServerTimestamp":"2024-04-27T18:41:57.4626948Z"},"nsu=http://opcfoundation.org/UA/Plc/Applications;s=FastRandomUIntScalar3":{"Value":699689603,"SourceTimestamp":"2024-04-27T18:41:57.4626964Z","ServerTimestamp":"2024-04-27T18:41:57.4626975Z"},"nsu=http://opcfoundation.org/UA/Plc/Applications;s=SpikeData":{"Value":36.812455268467801,"SourceTimestamp":"2024-04-27T18:41:58.2732394Z","ServerTimestamp":"2024-04-27T18:41:58.2732439Z"}}