{"nsu=http://opcfoundation.org/UA/Plc/Applications;s=StepUp":{"Value":749,"SourceTimestamp":"2024-04-27T18:42:08.3658173Z","ServerTimestamp":"2024-04-27T18:42:08.3658294Z"},"nsu=http://opcfoundation.org/UA/Plc/Applications;s=RandomSignedInt32":{"Value":2024839069,"SourceTimestamp":"2024-04-27T18:42:08.3658445Z","ServerTimestamp":"2024-04-27T18:42:08.3658512Z"},"nsu=http://opcfoundation.org/UA/Plc/Applications;s=RandomUnsignedInt32":{"Value":1679922603,"SourceTimestamp":"2024-04-27T18:42:08.3658558Z","ServerTimestamp":"2024-04-27T18:42:08.3658592Z"},"nsu=http://opcfoundation.org/UA/Plc/Applications;s=DipData":{"Value":24.868988716485479,"SourceTimestamp":"2024-04-27T18:42:08.3658413Z","ServerTimestamp":"2024-04-27T18:42:08.365843Z"},"nsu=http://opcfoundation.org/UA/Plc/Applications;s=FastUIntScalar1":{"Value":74,"SourceTimestamp":"2024-04-27T18:42:07.4678869Z","ServerTimestamp":"2024-04-27T18:42:07.4678877Z"},"nsu=http://opcfoundation.org/UA/Plc/Applications;s=FastUIntScalar2":{"Value":74,"SourceTimestamp":"2024-04-27T18:42:07.4678891Z","ServerTimestamp":"2024-04-27T18:42:07.4678895Z"},"nsu=http://opcfoundation.org/UA/Plc/Applications;s=FastUIntScalar3":{"Value":74,"SourceTimestamp":"2024-04-27T18:42:07.4678907Z","ServerTimestamp":"2024-04-27T18:42:07.4678913Z"},"nsu=http://opcfoundation.org/UA/Plc/Applications;s=FastRandomUIntScalar1":{"Value":299046855,"SourceTimestamp":"2024-04-27T18:42:07.4678998Z","ServerTimestamp":"2024-04-27T18:42:07.4679017Z"},"nsu=http://opcfoundation.org/UA/Plc/Applications;s=FastRandomUIntScalar2":{"Value":2339358060,"SourceTimestamp":"2024-04-27T18:42:07.4679059Z","ServerTimestamp":"2024-04-27T18:42:07.4679115Z"},"nsu=http://opcfoundation.org/UA/Plc/Applications;s=FastRandomUIntScalar3":{"Value":1092736996,"SourceTimestamp":"2024-04-27T18:42:07.4679167Z","ServerTimestamp":"2024-04-27T18:42:07.4679176Z"},"nsu=http://opcfoundation.org/UA/Plc/Applications;s=SpikeData":{"Value":24.868988716485479,"SourceTimestamp":"2024-04-27T18:42:08.3658148Z","ServerTimestamp":"2024-04-27T18:42:08.3658175Z"}}