{"nsu=http://opcfoundation.org/UA/Plc/Applications;s=StepUp":{"Value":768,"SourceTimestamp":"2024-04-27T18:42:10.2751189Z","ServerTimestamp":"2024-04-27T18:42:10.2751207Z"},"nsu=http://opcfoundation.org/UA/Plc/Applications;s=RandomSignedInt32":{"Value":1488337704,"SourceTimestamp":"2024-04-27T18:42:10.2751472Z","ServerTimestamp":"2024-04-27T18:42:10.2751545Z"},"nsu=http://opcfoundation.org/UA/Plc/Applications;s=RandomUnsignedInt32":{"Value":1901777167,"SourceTimestamp":"2024-04-27T18:42:10.2751472Z","ServerTimestamp":"2024-04-27T18:42:10.2751476Z"},"nsu=http://opcfoundation.org/UA/Plc/Applications;s=DipData":{"Value":-84.432792550201526,"SourceTimestamp":"2024-04-27T18:42:10.2751371Z","ServerTimestamp":"2024-04-27T18:42:10.2751449Z"},"nsu=http://opcfoundation.org/UA/Plc/Applications;s=FastUIntScalar1":{"Value":76,"SourceTimestamp":"2024-04-27T18:42:09.4663519Z","ServerTimestamp":"2024-04-27T18:42:09.4664198Z"},"nsu=http://opcfoundation.org/UA/Plc/Applications;s=FastUIntScalar2":{"Value":76,"SourceTimestamp":"2024-04-27T18:42:09.4664277Z","ServerTimestamp":"2024-04-27T18:42:09.4664305Z"},"nsu=http://opcfoundation.org/UA/Plc/Applications;s=FastUIntScalar3":{"Value":76,"SourceTimestamp":"2024-04-27T18:42:09.466433Z","ServerTimestamp":"2024-04-27T18:42:09.4664414Z"},"nsu=http://opcfoundation.org/UA/Plc/Applications;s=FastRandomUIntScalar1":{"Value":3167946009,"SourceTimestamp":"2024-04-27T18:42:09.4663544Z","ServerTimestamp":"2024-04-27T18:42:09.4663603Z"},"nsu=http://opcfoundation.org/UA/Plc/Applications;s=FastRandomUIntScalar2":{"Value":536079993,"SourceTimestamp":"2024-04-27T18:42:09.4663709Z","ServerTimestamp":"2024-04-27T18:42:09.4663806Z"},"nsu=http://opcfoundation.org/UA/Plc/Applications;s=FastRandomUIntScalar3":{"Value":3989116023,"SourceTimestamp":"2024-04-27T18:42:09.4663962Z","ServerTimestamp":"2024-04-27T18:42:09.4663979Z"},"nsu=http://opcfoundation.org/UA/Plc/Applications;s=SpikeData":{"Value":-84.432792550201526,"SourceTimestamp":"2024-04-27T18:42:10.2751028Z","ServerTimestamp":"2024-04-27T18:42:10.2751059Z"}}