{"nsu=http://opcfoundation.org/UA/Plc/Applications;s=StepUp":{"Value":799,"SourceTimestamp":"2024-04-27T18:42:13.3694291Z","ServerTimestamp":"2024-04-27T18:42:13.3694462Z"},"nsu=http://opcfoundation.org/UA/Plc/Applications;s=RandomSignedInt32":{"Value":1411078713,"SourceTimestamp":"2024-04-27T18:42:13.3694534Z","ServerTimestamp":"2024-04-27T18:42:13.3694561Z"},"nsu=http://opcfoundation.org/UA/Plc/Applications;s=RandomUnsignedInt32":{"Value":1794962857,"SourceTimestamp":"2024-04-27T18:42:13.3694702Z","ServerTimestamp":"2024-04-27T18:42:13.3694768Z"},"nsu=http://opcfoundation.org/UA/Plc/Applications;s=DipData":{"Value":24.868988716485479,"SourceTimestamp":"2024-04-27T18:42:13.3694501Z","ServerTimestamp":"2024-04-27T18:42:13.3694508Z"},"nsu=http://opcfoundation.org/UA/Plc/Applications;s=FastUIntScalar1":{"Value":79,"SourceTimestamp":"2024-04-27T18:42:12.4711135Z","ServerTimestamp":"2024-04-27T18:42:12.4711157Z"},"nsu=http://opcfoundation.org/UA/Plc/Applications;s=FastUIntScalar2":{"Value":79,"SourceTimestamp":"2024-04-27T18:42:12.4711217Z","ServerTimestamp":"2024-04-27T18:42:12.4711226Z"},"nsu=http://opcfoundation.org/UA/Plc/Applications;s=FastUIntScalar3":{"Value":79,"SourceTimestamp":"2024-04-27T18:42:12.4711238Z","ServerTimestamp":"2024-04-27T18:42:12.4711299Z"},"nsu=http://opcfoundation.org/UA/Plc/Applications;s=FastRandomUIntScalar1":{"Value":570905262,"SourceTimestamp":"2024-04-27T18:42:12.4711184Z","ServerTimestamp":"2024-04-27T18:42:12.4711216Z"},"nsu=http://opcfoundation.org/UA/Plc/Applications;s=FastRandomUIntScalar2":{"Value":794339669,"SourceTimestamp":"2024-04-27T18:42:12.4711227Z","ServerTimestamp":"2024-04-27T18:42:12.4711288Z"},"nsu=http://opcfoundation.org/UA/Plc/Applications;s=FastRandomUIntScalar3":{"Value":1023783623,"SourceTimestamp":"2024-04-27T18:42:12.4711298Z","ServerTimestamp":"2024-04-27T18:42:12.4711308Z"},"nsu=http://opcfoundation.org/UA/Plc/Applications;s=SpikeData":{"Value":24.868988716485479,"SourceTimestamp":"2024-04-27T18:42:13.3694246Z","ServerTimestamp":"2024-04-27T18:42:13.3694276Z"}}