{"nsu=http://opcfoundation.org/UA/Plc/Applications;s=AlternatingBoolean":{"Value":false,"SourceTimestamp":"2024-04-27T18:42:18.5754135Z","ServerTimestamp":"2024-04-27T18:42:18.5754224Z"},"nsu=http://opcfoundation.org/UA/Plc/Applications;s=NegativeTrendData":{"Value":99,"SourceTimestamp":"2024-04-27T18:42:18.5754123Z","ServerTimestamp":"2024-04-27T18:42:18.5754137Z"},"nsu=http://opcfoundation.org/UA/Plc/Applications;s=PositiveTrendData":{"Value":101.59999999999999,"SourceTimestamp":"2024-04-27T18:42:18.5753995Z","ServerTimestamp":"2024-04-27T18:42:18.5754016Z"}}