{"nsu=http://opcfoundation.org/UA/Plc/Applications;s=StepUp":{"Value":929,"SourceTimestamp":"2024-04-27T18:42:26.3621877Z","ServerTimestamp":"2024-04-27T18:42:26.3621907Z"},"nsu=http://opcfoundation.org/UA/Plc/Applications;s=RandomSignedInt32":{"Value":1976577621,"SourceTimestamp":"2024-04-27T18:42:26.3622442Z","ServerTimestamp":"2024-04-27T18:42:26.3622455Z"},"nsu=http://opcfoundation.org/UA/Plc/Applications;s=RandomUnsignedInt32":{"Value":1290066132,"SourceTimestamp":"2024-04-27T18:42:26.3622409Z","ServerTimestamp":"2024-04-27T18:42:26.3622535Z"},"nsu=http://opcfoundation.org/UA/Plc/Applications;s=DipData":{"Value":36.812455268467772,"SourceTimestamp":"2024-04-27T18:42:26.3622599Z","ServerTimestamp":"2024-04-27T18:42:26.3622612Z"},"nsu=http://opcfoundation.org/UA/Plc/Applications;s=FastUIntScalar1":{"Value":92,"SourceTimestamp":"2024-04-27T18:42:25.4648375Z","ServerTimestamp":"2024-04-27T18:42:25.4648394Z"},"nsu=http://opcfoundation.org/UA/Plc/Applications;s=FastUIntScalar2":{"Value":92,"SourceTimestamp":"2024-04-27T18:42:25.4648458Z","ServerTimestamp":"2024-04-27T18:42:25.4648482Z"},"nsu=http://opcfoundation.org/UA/Plc/Applications;s=FastUIntScalar3":{"Value":92,"SourceTimestamp":"2024-04-27T18:42:25.4648531Z","ServerTimestamp":"2024-04-27T18:42:25.4648561Z"},"nsu=http://opcfoundation.org/UA/Plc/Applications;s=FastRandomUIntScalar1":{"Value":2347664461,"SourceTimestamp":"2024-04-27T18:42:25.4648426Z","ServerTimestamp":"2024-04-27T18:42:25.4648458Z"},"nsu=http://opcfoundation.org/UA/Plc/Applications;s=FastRandomUIntScalar2":{"Value":3156421157,"SourceTimestamp":"2024-04-27T18:42:25.4648484Z","ServerTimestamp":"2024-04-27T18:42:25.4648491Z"},"nsu=http://opcfoundation.org/UA/Plc/Applications;s=FastRandomUIntScalar3":{"Value":3538073438,"SourceTimestamp":"2024-04-27T18:42:25.4648504Z","ServerTimestamp":"2024-04-27T18:42:25.464851Z"},"nsu=http://opcfoundation.org/UA/Plc/Applications;s=SpikeData":{"Value":36.812455268467772,"SourceTimestamp":"2024-04-27T18:42:26.3622317Z","ServerTimestamp":"2024-04-27T18:42:26.3622393Z"}}