{"nsu=http://opcfoundation.org/UA/Plc/Applications;s=StepUp":{"Value":949,"SourceTimestamp":"2024-04-27T18:42:28.3655335Z","ServerTimestamp":"2024-04-27T18:42:28.3655374Z"},"nsu=http://opcfoundation.org/UA/Plc/Applications;s=RandomSignedInt32":{"Value":469524520,"SourceTimestamp":"2024-04-27T18:42:28.3655675Z","ServerTimestamp":"2024-04-27T18:42:28.3655691Z"},"nsu=http://opcfoundation.org/UA/Plc/Applications;s=RandomUnsignedInt32":{"Value":2002328218,"SourceTimestamp":"2024-04-27T18:42:28.3655642Z","ServerTimestamp":"2024-04-27T18:42:28.3655667Z"},"nsu=http://opcfoundation.org/UA/Plc/Applications;s=DipData":{"Value":24.868988716485479,"SourceTimestamp":"2024-04-27T18:42:28.3655917Z","ServerTimestamp":"2024-04-27T18:42:28.3655928Z"},"nsu=http://opcfoundation.org/UA/Plc/Applications;s=FastUIntScalar1":{"Value":94,"SourceTimestamp":"2024-04-27T18:42:27.463783Z","ServerTimestamp":"2024-04-27T18:42:27.4637907Z"},"nsu=http://opcfoundation.org/UA/Plc/Applications;s=FastUIntScalar2":{"Value":94,"SourceTimestamp":"2024-04-27T18:42:27.463792Z","ServerTimestamp":"2024-04-27T18:42:27.4637929Z"},"nsu=http://opcfoundation.org/UA/Plc/Applications;s=FastUIntScalar3":{"Value":94,"SourceTimestamp":"2024-04-27T18:42:27.463794Z","ServerTimestamp":"2024-04-27T18:42:27.4637946Z"},"nsu=http://opcfoundation.org/UA/Plc/Applications;s=FastRandomUIntScalar1":{"Value":1529165503,"SourceTimestamp":"2024-04-27T18:42:27.4637839Z","ServerTimestamp":"2024-04-27T18:42:27.4637892Z"},"nsu=http://opcfoundation.org/UA/Plc/Applications;s=FastRandomUIntScalar2":{"Value":2264810730,"SourceTimestamp":"2024-04-27T18:42:27.4637908Z","ServerTimestamp":"2024-04-27T18:42:27.4637917Z"},"nsu=http://opcfoundation.org/UA/Plc/Applications;s=FastRandomUIntScalar3":{"Value":595614412,"SourceTimestamp":"2024-04-27T18:42:27.4637931Z","ServerTimestamp":"2024-04-27T18:42:27.4637937Z"},"nsu=http://opcfoundation.org/UA/Plc/Applications;s=SpikeData":{"Value":24.868988716485479,"SourceTimestamp":"2024-04-27T18:42:28.3655594Z","ServerTimestamp":"2024-04-27T18:42:28.3655618Z"}}