{"nsu=http://opcfoundation.org/UA/Plc/Applications;s=StepUp":{"Value":969,"SourceTimestamp":"2024-04-27T18:42:30.3651043Z","ServerTimestamp":"2024-04-27T18:42:30.3651062Z"},"nsu=http://opcfoundation.org/UA/Plc/Applications;s=RandomSignedInt32":{"Value":1799270309,"SourceTimestamp":"2024-04-27T18:42:30.3651251Z","ServerTimestamp":"2024-04-27T18:42:30.3651324Z"},"nsu=http://opcfoundation.org/UA/Plc/Applications;s=RandomUnsignedInt32":{"Value":708763011,"SourceTimestamp":"2024-04-27T18:42:30.3651357Z","ServerTimestamp":"2024-04-27T18:42:30.3651364Z"},"nsu=http://opcfoundation.org/UA/Plc/Applications;s=DipData":{"Value":-77.051324277578942,"SourceTimestamp":"2024-04-27T18:42:30.3651202Z","ServerTimestamp":"2024-04-27T18:42:30.3651345Z"},"nsu=http://opcfoundation.org/UA/Plc/Applications;s=FastUIntScalar1":{"Value":96,"SourceTimestamp":"2024-04-27T18:42:29.4660616Z","ServerTimestamp":"2024-04-27T18:42:29.4660645Z"},"nsu=http://opcfoundation.org/UA/Plc/Applications;s=FastUIntScalar2":{"Value":96,"SourceTimestamp":"2024-04-27T18:42:29.466066Z","ServerTimestamp":"2024-04-27T18:42:29.4660713Z"},"nsu=http://opcfoundation.org/UA/Plc/Applications;s=FastUIntScalar3":{"Value":96,"SourceTimestamp":"2024-04-27T18:42:29.4660725Z","ServerTimestamp":"2024-04-27T18:42:29.4660736Z"},"nsu=http://opcfoundation.org/UA/Plc/Applications;s=FastRandomUIntScalar1":{"Value":1717625905,"SourceTimestamp":"2024-04-27T18:42:29.4660681Z","ServerTimestamp":"2024-04-27T18:42:29.4660723Z"},"nsu=http://opcfoundation.org/UA/Plc/Applications;s=FastRandomUIntScalar2":{"Value":790476049,"SourceTimestamp":"2024-04-27T18:42:29.4660784Z","ServerTimestamp":"2024-04-27T18:42:29.4660789Z"},"nsu=http://opcfoundation.org/UA/Plc/Applications;s=FastRandomUIntScalar3":{"Value":15484082,"SourceTimestamp":"2024-04-27T18:42:29.4660807Z","ServerTimestamp":"2024-04-27T18:42:29.4660812Z"},"nsu=http://opcfoundation.org/UA/Plc/Applications;s=SpikeData":{"Value":-77.051324277578942,"SourceTimestamp":"2024-04-27T18:42:30.3650922Z","ServerTimestamp":"2024-04-27T18:42:30.3650946Z"}}