{"nsu=http://opcfoundation.org/UA/Plc/Applications;s=StepUp":{"Value":979,"SourceTimestamp":"2024-04-27T18:42:31.371241Z","ServerTimestamp":"2024-04-27T18:42:31.3712538Z"},"nsu=http://opcfoundation.org/UA/Plc/Applications;s=RandomSignedInt32":{"Value":398535650,"SourceTimestamp":"2024-04-27T18:42:31.2640891Z","ServerTimestamp":"2024-04-27T18:42:31.2641263Z"},"nsu=http://opcfoundation.org/UA/Plc/Applications;s=RandomUnsignedInt32":{"Value":1950151575,"SourceTimestamp":"2024-04-27T18:42:31.2640997Z","ServerTimestamp":"2024-04-27T18:42:31.2641064Z"},"nsu=http://opcfoundation.org/UA/Plc/Applications;s=DipData":{"Value":24.868988716485482,"SourceTimestamp":"2024-04-27T18:42:31.2641091Z","ServerTimestamp":"2024-04-27T18:42:31.2641116Z"},"nsu=http://opcfoundation.org/UA/Plc/Applications;s=FastUIntScalar1":{"Value":97,"SourceTimestamp":"2024-04-27T18:42:30.4733493Z","ServerTimestamp":"2024-04-27T18:42:30.4733512Z"},"nsu=http://opcfoundation.org/UA/Plc/Applications;s=FastUIntScalar2":{"Value":97,"SourceTimestamp":"2024-04-27T18:42:30.473355Z","ServerTimestamp":"2024-04-27T18:42:30.473357Z"},"nsu=http://opcfoundation.org/UA/Plc/Applications;s=FastUIntScalar3":{"Value":97,"SourceTimestamp":"2024-04-27T18:42:30.4733585Z","ServerTimestamp":"2024-04-27T18:42:30.4733593Z"},"nsu=http://opcfoundation.org/UA/Plc/Applications;s=FastRandomUIntScalar1":{"Value":3194507031,"SourceTimestamp":"2024-04-27T18:42:30.4733333Z","ServerTimestamp":"2024-04-27T18:42:30.473346Z"},"nsu=http://opcfoundation.org/UA/Plc/Applications;s=FastRandomUIntScalar2":{"Value":3964427392,"SourceTimestamp":"2024-04-27T18:42:30.473351Z","ServerTimestamp":"2024-04-27T18:42:30.4733556Z"},"nsu=http://opcfoundation.org/UA/Plc/Applications;s=FastRandomUIntScalar3":{"Value":1146798388,"SourceTimestamp":"2024-04-27T18:42:30.4733572Z","ServerTimestamp":"2024-04-27T18:42:30.4733582Z"},"nsu=http://opcfoundation.org/UA/Plc/Applications;s=SpikeData":{"Value":36.812455268467772,"SourceTimestamp":"2024-04-27T18:42:31.3712398Z","ServerTimestamp":"2024-04-27T18:42:31.3712424Z"}}