{"nsu=http://opcfoundation.org/UA/Plc/Applications;s=StepUp":{"Value":1019,"SourceTimestamp":"2024-04-27T18:42:35.3698338Z","ServerTimestamp":"2024-04-27T18:42:35.3698385Z"},"nsu=http://opcfoundation.org/UA/Plc/Applications;s=RandomSignedInt32":{"Value":691342190,"SourceTimestamp":"2024-04-27T18:42:35.3698946Z","ServerTimestamp":"2024-04-27T18:42:35.3699085Z"},"nsu=http://opcfoundation.org/UA/Plc/Applications;s=RandomUnsignedInt32":{"Value":94653186,"SourceTimestamp":"2024-04-27T18:42:35.3699283Z","ServerTimestamp":"2024-04-27T18:42:35.3699325Z"},"nsu=http://opcfoundation.org/UA/Plc/Applications;s=DipData":{"Value":-77.051324277578942,"SourceTimestamp":"2024-04-27T18:42:35.369926Z","ServerTimestamp":"2024-04-27T18:42:35.3699294Z"},"nsu=http://opcfoundation.org/UA/Plc/Applications;s=FastUIntScalar1":{"Value":101,"SourceTimestamp":"2024-04-27T18:42:34.4718644Z","ServerTimestamp":"2024-04-27T18:42:34.4718657Z"},"nsu=http://opcfoundation.org/UA/Plc/Applications;s=FastUIntScalar2":{"Value":101,"SourceTimestamp":"2024-04-27T18:42:34.4718684Z","ServerTimestamp":"2024-04-27T18:42:34.4718699Z"},"nsu=http://opcfoundation.org/UA/Plc/Applications;s=FastUIntScalar3":{"Value":101,"SourceTimestamp":"2024-04-27T18:42:34.4718717Z","ServerTimestamp":"2024-04-27T18:42:34.4718723Z"},"nsu=http://opcfoundation.org/UA/Plc/Applications;s=FastRandomUIntScalar1":{"Value":520392370,"SourceTimestamp":"2024-04-27T18:42:34.4718625Z","ServerTimestamp":"2024-04-27T18:42:34.4718631Z"},"nsu=http://opcfoundation.org/UA/Plc/Applications;s=FastRandomUIntScalar2":{"Value":2829957535,"SourceTimestamp":"2024-04-27T18:42:34.4718653Z","ServerTimestamp":"2024-04-27T18:42:34.4718685Z"},"nsu=http://opcfoundation.org/UA/Plc/Applications;s=FastRandomUIntScalar3":{"Value":3278489709,"SourceTimestamp":"2024-04-27T18:42:34.4718777Z","ServerTimestamp":"2024-04-27T18:42:34.4718786Z"},"nsu=http://opcfoundation.org/UA/Plc/Applications;s=SpikeData":{"Value":-77.051324277578942,"SourceTimestamp":"2024-04-27T18:42:35.3699027Z","ServerTimestamp":"2024-04-27T18:42:35.3699146Z"}}