{"nsu=http://opcfoundation.org/UA/Plc/Applications;s=StepUp":{"Value":1039,"SourceTimestamp":"2024-04-27T18:42:37.3626647Z","ServerTimestamp":"2024-04-27T18:42:37.3626691Z"},"nsu=http://opcfoundation.org/UA/Plc/Applications;s=RandomSignedInt32":{"Value":1342818409,"SourceTimestamp":"2024-04-27T18:42:37.3627225Z","ServerTimestamp":"2024-04-27T18:42:37.3627236Z"},"nsu=http://opcfoundation.org/UA/Plc/Applications;s=RandomUnsignedInt32":{"Value":136274385,"SourceTimestamp":"2024-04-27T18:42:37.3627305Z","ServerTimestamp":"2024-04-27T18:42:37.3627314Z"},"nsu=http://opcfoundation.org/UA/Plc/Applications;s=DipData":{"Value":99.80267284282715,"SourceTimestamp":"2024-04-27T18:42:37.2694759Z","ServerTimestamp":"2024-04-27T18:42:37.2694796Z"},"nsu=http://opcfoundation.org/UA/Plc/Applications;s=FastUIntScalar1":{"Value":103,"SourceTimestamp":"2024-04-27T18:42:36.4636274Z","ServerTimestamp":"2024-04-27T18:42:36.4636419Z"},"nsu=http://opcfoundation.org/UA/Plc/Applications;s=FastUIntScalar2":{"Value":103,"SourceTimestamp":"2024-04-27T18:42:36.4636448Z","ServerTimestamp":"2024-04-27T18:42:36.4636463Z"},"nsu=http://opcfoundation.org/UA/Plc/Applications;s=FastUIntScalar3":{"Value":103,"SourceTimestamp":"2024-04-27T18:42:36.4636476Z","ServerTimestamp":"2024-04-27T18:42:36.4636486Z"},"nsu=http://opcfoundation.org/UA/Plc/Applications;s=FastRandomUIntScalar1":{"Value":1570038361,"SourceTimestamp":"2024-04-27T18:42:36.4636347Z","ServerTimestamp":"2024-04-27T18:42:36.4636403Z"},"nsu=http://opcfoundation.org/UA/Plc/Applications;s=FastRandomUIntScalar2":{"Value":3746004322,"SourceTimestamp":"2024-04-27T18:42:36.4636417Z","ServerTimestamp":"2024-04-27T18:42:36.4636448Z"},"nsu=http://opcfoundation.org/UA/Plc/Applications;s=FastRandomUIntScalar3":{"Value":1308720774,"SourceTimestamp":"2024-04-27T18:42:36.4636463Z","ServerTimestamp":"2024-04-27T18:42:36.4636475Z"},"nsu=http://opcfoundation.org/UA/Plc/Applications;s=SpikeData":{"Value":99.80267284282715,"SourceTimestamp":"2024-04-27T18:42:37.2694211Z","ServerTimestamp":"2024-04-27T18:42:37.269425Z"}}