{"nsu=http://opcfoundation.org/UA/Plc/Applications;s=StepUp":{"Value":1058,"SourceTimestamp":"2024-04-27T18:42:39.2758884Z","ServerTimestamp":"2024-04-27T18:42:39.2758913Z"},"nsu=http://opcfoundation.org/UA/Plc/Applications;s=AlternatingBoolean":{"Value":false,"SourceTimestamp":"2024-04-27T18:42:38.5761635Z","ServerTimestamp":"2024-04-27T18:42:38.5762116Z"},"nsu=http://opcfoundation.org/UA/Plc/Applications;s=RandomSignedInt32":{"Value":-803068067,"SourceTimestamp":"2024-04-27T18:42:39.2759196Z","ServerTimestamp":"2024-04-27T18:42:39.2759217Z"},"nsu=http://opcfoundation.org/UA/Plc/Applications;s=RandomUnsignedInt32":{"Value":1291407679,"SourceTimestamp":"2024-04-27T18:42:39.2759354Z","ServerTimestamp":"2024-04-27T18:42:39.2759368Z"},"nsu=http://opcfoundation.org/UA/Plc/Applications;s=DipData":{"Value":-77.0513242775789,"SourceTimestamp":"2024-04-27T18:42:39.2759376Z","ServerTimestamp":"2024-04-27T18:42:39.2759452Z"},"nsu=http://opcfoundation.org/UA/Plc/Applications;s=FastUIntScalar1":{"Value":105,"SourceTimestamp":"2024-04-27T18:42:38.4688578Z","ServerTimestamp":"2024-04-27T18:42:38.468971Z"},"nsu=http://opcfoundation.org/UA/Plc/Applications;s=FastUIntScalar2":{"Value":105,"SourceTimestamp":"2024-04-27T18:42:38.4689818Z","ServerTimestamp":"2024-04-27T18:42:38.4689892Z"},"nsu=http://opcfoundation.org/UA/Plc/Applications;s=FastUIntScalar3":{"Value":105,"SourceTimestamp":"2024-04-27T18:42:38.4689917Z","ServerTimestamp":"2024-04-27T18:42:38.468993Z"},"nsu=http://opcfoundation.org/UA/Plc/Applications;s=FastRandomUIntScalar1":{"Value":2986217380,"SourceTimestamp":"2024-04-27T18:42:38.4688758Z","ServerTimestamp":"2024-04-27T18:42:38.468884Z"},"nsu=http://opcfoundation.org/UA/Plc/Applications;s=FastRandomUIntScalar2":{"Value":4022028246,"SourceTimestamp":"2024-04-27T18:42:38.4689053Z","ServerTimestamp":"2024-04-27T18:42:38.4689063Z"},"nsu=http://opcfoundation.org/UA/Plc/Applications;s=FastRandomUIntScalar3":{"Value":2807503867,"SourceTimestamp":"2024-04-27T18:42:38.4689096Z","ServerTimestamp":"2024-04-27T18:42:38.4689106Z"},"nsu=http://opcfoundation.org/UA/Plc/Applications;s=NegativeTrendData":{"Value":98.599999999999994,"SourceTimestamp":"2024-04-27T18:42:38.5761614Z","ServerTimestamp":"2024-04-27T18:42:38.5762504Z"},"nsu=http://opcfoundation.org/UA/Plc/Applications;s=PositiveTrendData":{"Value":102,"SourceTimestamp":"2024-04-27T18:42:38.5761413Z","ServerTimestamp":"2024-04-27T18:42:38.5761453Z"},"nsu=http://opcfoundation.org/UA/Plc/Applications;s=SpikeData":{"Value":-77.0513242775789,"SourceTimestamp":"2024-04-27T18:42:39.2759253Z","ServerTimestamp":"2024-04-27T18:42:39.2759437Z"}}