{"nsu=http://opcfoundation.org/UA/Plc/Applications;s=StepUp":{"Value":1099,"SourceTimestamp":"2024-04-27T18:42:43.3763898Z","ServerTimestamp":"2024-04-27T18:42:43.3763945Z"},"nsu=http://opcfoundation.org/UA/Plc/Applications;s=RandomSignedInt32":{"Value":1563006175,"SourceTimestamp":"2024-04-27T18:42:43.3764447Z","ServerTimestamp":"2024-04-27T18:42:43.3764636Z"},"nsu=http://opcfoundation.org/UA/Plc/Applications;s=RandomUnsignedInt32":{"Value":2107166844,"SourceTimestamp":"2024-04-27T18:42:43.3764523Z","ServerTimestamp":"2024-04-27T18:42:43.3764587Z"},"nsu=http://opcfoundation.org/UA/Plc/Applications;s=DipData":{"Value":24.868988716485479,"SourceTimestamp":"2024-04-27T18:42:43.3764341Z","ServerTimestamp":"2024-04-27T18:42:43.3764376Z"},"nsu=http://opcfoundation.org/UA/Plc/Applications;s=FastUIntScalar1":{"Value":109,"SourceTimestamp":"2024-04-27T18:42:42.4638563Z","ServerTimestamp":"2024-04-27T18:42:42.4638701Z"},"nsu=http://opcfoundation.org/UA/Plc/Applications;s=FastUIntScalar2":{"Value":109,"SourceTimestamp":"2024-04-27T18:42:42.4638772Z","ServerTimestamp":"2024-04-27T18:42:42.4638779Z"},"nsu=http://opcfoundation.org/UA/Plc/Applications;s=FastUIntScalar3":{"Value":109,"SourceTimestamp":"2024-04-27T18:42:42.4638798Z","ServerTimestamp":"2024-04-27T18:42:42.4638807Z"},"nsu=http://opcfoundation.org/UA/Plc/Applications;s=FastRandomUIntScalar1":{"Value":1998166579,"SourceTimestamp":"2024-04-27T18:42:42.4638428Z","ServerTimestamp":"2024-04-27T18:42:42.4638438Z"},"nsu=http://opcfoundation.org/UA/Plc/Applications;s=FastRandomUIntScalar2":{"Value":291987932,"SourceTimestamp":"2024-04-27T18:42:42.4638472Z","ServerTimestamp":"2024-04-27T18:42:42.4638481Z"},"nsu=http://opcfoundation.org/UA/Plc/Applications;s=FastRandomUIntScalar3":{"Value":2541867018,"SourceTimestamp":"2024-04-27T18:42:42.4638504Z","ServerTimestamp":"2024-04-27T18:42:42.4638515Z"},"nsu=http://opcfoundation.org/UA/Plc/Applications;s=SpikeData":{"Value":24.868988716485479,"SourceTimestamp":"2024-04-27T18:42:43.3764066Z","ServerTimestamp":"2024-04-27T18:42:43.3764132Z"}}