{"SequenceNumber":102,"MetaDataVersion":{"MajorVersion":1},"Timestamp":"2024-04-27T16:41:59.1003697Z","MessageType":"ua-deltaframe","DataSetWriterName":"<<UnknownDataSet>>","Payload":{"i=2258":{"Value":{"Type":13,"Body":"2024-04-27T16:41:59.1000704Z"},"SourceTimestamp":"2024-04-27T16:40:17.082247Z","ServerTimestamp":"2024-04-27T16:41:59.1000693Z"},"nsu=http://opcfoundation.org/UA/Plc/Applications;s=StepUp":{"Value":{"Type":7,"Body":1028},"SourceTimestamp":"2024-04-27T16:41:59.0515756Z","ServerTimestamp":"2024-04-27T16:41:59.1001175Z"},"nsu=http://opcfoundation.org/UA/Plc/Applications;s=AlternatingBoolean":{"Value":{"Type":1,"Body":true},"SourceTimestamp":"2024-04-27T16:41:59.0515756Z","ServerTimestamp":"2024-04-27T16:41:59.1001131Z"},"nsu=http://opcfoundation.org/UA/Plc/Applications;s=RandomSignedInt32":{"Value":{"Type":6,"Body":-723325783},"SourceTimestamp":"2024-04-27T16:41:59.0515891Z","ServerTimestamp":"2024-04-27T16:41:59.1001098Z"},"nsu=http://opcfoundation.org/UA/Plc/Applications;s=RandomUnsignedInt32":{"Value":{"Type":7,"Body":1495911302},"SourceTimestamp":"2024-04-27T16:41:59.0515991Z","ServerTimestamp":"2024-04-27T16:41:59.1001168Z"},"nsu=http://opcfoundation.org/UA/Plc/Applications;s=DipData":{"Value":{"Type":11,"Body":24.868988716485482},"SourceTimestamp":"2024-04-27T16:41:59.0516106Z","ServerTimestamp":"2024-04-27T16:41:59.100109Z"},"nsu=http://opcfoundation.org/UA/Plc/Applications;s=FastUIntScalar1":{"Value":{"Type":7,"Body":102},"SourceTimestamp":"2024-04-27T16:41:58.2491734Z","ServerTimestamp":"2024-04-27T16:41:59.1001007Z"},"nsu=http://opcfoundation.org/UA/Plc/Applications;s=FastUIntScalar2":{"Value":{"Type":7,"Body":102},"SourceTimestamp":"2024-04-27T16:41:58.249182Z","ServerTimestamp":"2024-04-27T16:41:59.1001022Z"},"nsu=http://opcfoundation.org/UA/Plc/Applications;s=FastUIntScalar3":{"Value":{"Type":7,"Body":102},"SourceTimestamp":"2024-04-27T16:41:58.2491848Z","ServerTimestamp":"2024-04-27T16:41:59.1001015Z"},"nsu=http://opcfoundation.org/UA/Plc/Applications;s=FastRandomUIntScalar1":{"Value":{"Type":7,"Body":101508534},"SourceTimestamp":"2024-04-27T16:41:58.2491554Z","ServerTimestamp":"2024-04-27T16:41:59.1001159Z"},"nsu=http://opcfoundation.org/UA/Plc/Applications;s=FastRandomUIntScalar2":{"Value":{"Type":7,"Body":6381505},"SourceTimestamp":"2024-04-27T16:41:58.2491629Z","ServerTimestamp":"2024-04-27T16:41:59.1001068Z"},"nsu=http://opcfoundation.org/UA/Plc/Applications;s=FastRandomUIntScalar3":{"Value":{"Type":7,"Body":701827144},"SourceTimestamp":"2024-04-27T16:41:58.2491652Z","ServerTimestamp":"2024-04-27T16:41:59.1001183Z"},"nsu=http://opcfoundation.org/UA/Plc/Applications;s=NegativeTrendData":{"Value":{"Type":11,"Body":98.599999999999994},"SourceTimestamp":"2024-04-27T16:41:59.0516106Z","ServerTimestamp":"2024-04-27T16:41:59.1001085Z"},"nsu=http://opcfoundation.org/UA/Plc/Applications;s=PositiveTrendData":{"Value":{"Type":11,"Body":102},"SourceTimestamp":"2024-04-27T16:41:59.0516338Z","ServerTimestamp":"2024-04-27T16:41:59.1001076Z"},"nsu=http://opcfoundation.org/UA/Plc/Applications;s=SlowUIntScalar1":{"Value":{"Type":7,"Body":10},"SourceTimestamp":"2024-04-27T16:41:56.2579508Z","ServerTimestamp":"2024-04-27T16:41:59.1001032Z"},"nsu=http://opcfoundation.org/UA/Plc/Applications;s=SlowUIntScalar2":{"Value":{"Type":7,"Body":10},"SourceTimestamp":"2024-04-27T16:41:56.257958Z","ServerTimestamp":"2024-04-27T16:41:59.1001062Z"},"nsu=http://opcfoundation.org/UA/Plc/Applications;s=SlowUIntScalar3":{"Value":{"Type":7,"Body":10},"SourceTimestamp":"2024-04-27T16:41:56.2579597Z","ServerTimestamp":"2024-04-27T16:41:59.1001116Z"},"nsu=http://opcfoundation.org/UA/Plc/Applications;s=BadSlowUIntScalar1":{"Value":{"Body":null},"StatusCode":2150694912,"SourceTimestamp":"2024-04-27T16:41:56.2579613Z","ServerTimestamp":"2024-04-27T16:41:59.1001043Z"},"nsu=http://opcfoundation.org/UA/Plc/Applications;s=SlowRandomUIntScalar1":{"Value":{"Type":7,"Body":4030142560},"SourceTimestamp":"2024-04-27T16:41:56.257963Z","ServerTimestamp":"2024-04-27T16:41:59.1001194Z"},"nsu=http://opcfoundation.org/UA/Plc/Applications;s=SlowRandomUIntScalar2":{"Value":{"Type":7,"Body":3108553616},"SourceTimestamp":"2024-04-27T16:41:56.2579829Z","ServerTimestamp":"2024-04-27T16:41:59.1001053Z"},"nsu=http://opcfoundation.org/UA/Plc/Applications;s=SlowRandomUIntScalar3":{"Value":{"Type":7,"Body":3823412222},"SourceTimestamp":"2024-04-27T16:41:56.2579878Z","ServerTimestamp":"2024-04-27T16:41:59.1001153Z"},"nsu=http://opcfoundation.org/UA/Plc/Applications;s=BadSlowRandomUIntScalar1":{"Value":{"Body":null},"StatusCode":2150694912,"SourceTimestamp":"2024-04-27T16:41:56.2579896Z","ServerTimestamp":"2024-04-27T16:41:59.1001143Z"},"nsu=http://opcfoundation.org/UA/Plc/Applications;s=SpikeData":{"Value":{"Type":11,"Body":24.868988716485482},"SourceTimestamp":"2024-04-27T16:41:59.0516196Z","ServerTimestamp":"2024-04-27T16:41:59.1001124Z"},"ns=23;i=1259":{"Value":{"Type":11,"Body":0.79700000000000004},"SourceTimestamp":"2024-04-27T16:40:17.0822758Z","ServerTimestamp":"2024-04-27T16:41:59.1000849Z"}}}