{"SequenceNumber":105,"MetaDataVersion":{"MajorVersion":1},"Timestamp":"2024-04-27T16:42:02.0903863Z","MessageType":"ua-deltaframe","DataSetWriterName":"<<UnknownDataSet>>","Payload":{"i=2258":{"Value":{"Type":13,"Body":"2024-04-27T16:42:02.0901009Z"},"SourceTimestamp":"2024-04-27T16:40:17.082247Z","ServerTimestamp":"2024-04-27T16:42:02.0900997Z"},"nsu=http://opcfoundation.org/UA/Plc/Applications;s=StepUp":{"Value":{"Type":7,"Body":1058},"SourceTimestamp":"2024-04-27T16:42:02.0589582Z","ServerTimestamp":"2024-04-27T16:42:02.0901581Z"},"nsu=http://opcfoundation.org/UA/Plc/Applications;s=AlternatingBoolean":{"Value":{"Type":1,"Body":false},"SourceTimestamp":"2024-04-27T16:42:02.0589764Z","ServerTimestamp":"2024-04-27T16:42:02.0901538Z"},"nsu=http://opcfoundation.org/UA/Plc/Applications;s=RandomSignedInt32":{"Value":{"Type":6,"Body":88772564},"SourceTimestamp":"2024-04-27T16:42:02.058989Z","ServerTimestamp":"2024-04-27T16:42:02.0901413Z"},"nsu=http://opcfoundation.org/UA/Plc/Applications;s=RandomUnsignedInt32":{"Value":{"Type":7,"Body":1175797539},"SourceTimestamp":"2024-04-27T16:42:02.0590184Z","ServerTimestamp":"2024-04-27T16:42:02.0901575Z"},"nsu=http://opcfoundation.org/UA/Plc/Applications;s=DipData":{"Value":{"Type":11,"Body":-77.0513242775789},"SourceTimestamp":"2024-04-27T16:42:02.0590039Z","ServerTimestamp":"2024-04-27T16:42:02.0901406Z"},"nsu=http://opcfoundation.org/UA/Plc/Applications;s=FastUIntScalar1":{"Value":{"Type":7,"Body":105},"SourceTimestamp":"2024-04-27T16:42:01.250793Z","ServerTimestamp":"2024-04-27T16:42:02.090132Z"},"nsu=http://opcfoundation.org/UA/Plc/Applications;s=FastUIntScalar2":{"Value":{"Type":7,"Body":105},"SourceTimestamp":"2024-04-27T16:42:01.2507977Z","ServerTimestamp":"2024-04-27T16:42:02.0901338Z"},"nsu=http://opcfoundation.org/UA/Plc/Applications;s=FastUIntScalar3":{"Value":{"Type":7,"Body":105},"SourceTimestamp":"2024-04-27T16:42:01.2507994Z","ServerTimestamp":"2024-04-27T16:42:02.090133Z"},"nsu=http://opcfoundation.org/UA/Plc/Applications;s=FastRandomUIntScalar1":{"Value":{"Type":7,"Body":1079973967},"SourceTimestamp":"2024-04-27T16:42:01.2507877Z","ServerTimestamp":"2024-04-27T16:42:02.0901566Z"},"nsu=http://opcfoundation.org/UA/Plc/Applications;s=FastRandomUIntScalar2":{"Value":{"Type":7,"Body":1482008719},"SourceTimestamp":"2024-04-27T16:42:01.2507922Z","ServerTimestamp":"2024-04-27T16:42:02.0901385Z"},"nsu=http://opcfoundation.org/UA/Plc/Applications;s=FastRandomUIntScalar3":{"Value":{"Type":7,"Body":2180569674},"SourceTimestamp":"2024-04-27T16:42:01.2507934Z","ServerTimestamp":"2024-04-27T16:42:02.0901591Z"},"nsu=http://opcfoundation.org/UA/Plc/Applications;s=NegativeTrendData":{"Value":{"Type":11,"Body":98.5},"SourceTimestamp":"2024-04-27T16:42:02.0590108Z","ServerTimestamp":"2024-04-27T16:42:02.0901401Z"},"nsu=http://opcfoundation.org/UA/Plc/Applications;s=PositiveTrendData":{"Value":{"Type":11,"Body":102.09999999999999},"SourceTimestamp":"2024-04-27T16:42:02.0590147Z","ServerTimestamp":"2024-04-27T16:42:02.0901392Z"},"nsu=http://opcfoundation.org/UA/Plc/Applications;s=SlowUIntScalar1":{"Value":{"Type":7,"Body":10},"SourceTimestamp":"2024-04-27T16:41:56.2579508Z","ServerTimestamp":"2024-04-27T16:42:02.0901347Z"},"nsu=http://opcfoundation.org/UA/Plc/Applications;s=SlowUIntScalar2":{"Value":{"Type":7,"Body":10},"SourceTimestamp":"2024-04-27T16:41:56.257958Z","ServerTimestamp":"2024-04-27T16:42:02.0901379Z"},"nsu=http://opcfoundation.org/UA/Plc/Applications;s=SlowUIntScalar3":{"Value":{"Type":7,"Body":10},"SourceTimestamp":"2024-04-27T16:41:56.2579597Z","ServerTimestamp":"2024-04-27T16:42:02.0901521Z"},"nsu=http://opcfoundation.org/UA/Plc/Applications;s=BadSlowUIntScalar1":{"Value":{"Body":null},"StatusCode":2150694912,"SourceTimestamp":"2024-04-27T16:41:56.2579613Z","ServerTimestamp":"2024-04-27T16:42:02.090136Z"},"nsu=http://opcfoundation.org/UA/Plc/Applications;s=SlowRandomUIntScalar1":{"Value":{"Type":7,"Body":4030142560},"SourceTimestamp":"2024-04-27T16:41:56.257963Z","ServerTimestamp":"2024-04-27T16:42:02.0901601Z"},"nsu=http://opcfoundation.org/UA/Plc/Applications;s=SlowRandomUIntScalar2":{"Value":{"Type":7,"Body":3108553616},"SourceTimestamp":"2024-04-27T16:41:56.2579829Z","ServerTimestamp":"2024-04-27T16:42:02.090137Z"},"nsu=http://opcfoundation.org/UA/Plc/Applications;s=SlowRandomUIntScalar3":{"Value":{"Type":7,"Body":3823412222},"SourceTimestamp":"2024-04-27T16:41:56.2579878Z","ServerTimestamp":"2024-04-27T16:42:02.090156Z"},"nsu=http://opcfoundation.org/UA/Plc/Applications;s=BadSlowRandomUIntScalar1":{"Value":{"Body":null},"StatusCode":2150694912,"SourceTimestamp":"2024-04-27T16:41:56.2579896Z","ServerTimestamp":"2024-04-27T16:42:02.090155Z"},"nsu=http://opcfoundation.org/UA/Plc/Applications;s=SpikeData":{"Value":{"Type":11,"Body":-77.0513242775789},"SourceTimestamp":"2024-04-27T16:42:02.0590186Z","ServerTimestamp":"2024-04-27T16:42:02.0901531Z"},"ns=23;i=1259":{"Value":{"Type":11,"Body":-1.25},"SourceTimestamp":"2024-04-27T16:40:17.0822758Z","ServerTimestamp":"2024-04-27T16:42:02.0901163Z"}}}