{"SequenceNumber":111,"MetaDataVersion":{"MajorVersion":1},"Timestamp":"2024-04-27T16:42:08.0975458Z","MessageType":"ua-deltaframe","DataSetWriterName":"<<UnknownDataSet>>","Payload":{"i=2258":{"Value":{"Type":13,"Body":"2024-04-27T16:42:08.0972814Z"},"SourceTimestamp":"2024-04-27T16:40:17.082247Z","ServerTimestamp":"2024-04-27T16:42:08.0972803Z"},"nsu=http://opcfoundation.org/UA/Plc/Applications;s=StepUp":{"Value":{"Type":7,"Body":1118},"SourceTimestamp":"2024-04-27T16:42:08.0497537Z","ServerTimestamp":"2024-04-27T16:42:08.097342Z"},"nsu=http://opcfoundation.org/UA/Plc/Applications;s=AlternatingBoolean":{"Value":{"Type":1,"Body":true},"SourceTimestamp":"2024-04-27T16:42:08.049773Z","ServerTimestamp":"2024-04-27T16:42:08.0973372Z"},"nsu=http://opcfoundation.org/UA/Plc/Applications;s=RandomSignedInt32":{"Value":{"Type":6,"Body":-908444086},"SourceTimestamp":"2024-04-27T16:42:08.049786Z","ServerTimestamp":"2024-04-27T16:42:08.0973348Z"},"nsu=http://opcfoundation.org/UA/Plc/Applications;s=RandomUnsignedInt32":{"Value":{"Type":7,"Body":1674845479},"SourceTimestamp":"2024-04-27T16:42:08.0497925Z","ServerTimestamp":"2024-04-27T16:42:08.0973413Z"},"nsu=http://opcfoundation.org/UA/Plc/Applications;s=DipData":{"Value":{"Type":11,"Body":-84.432792550201526},"SourceTimestamp":"2024-04-27T16:42:08.0498107Z","ServerTimestamp":"2024-04-27T16:42:08.097334Z"},"nsu=http://opcfoundation.org/UA/Plc/Applications;s=FastUIntScalar1":{"Value":{"Type":7,"Body":111},"SourceTimestamp":"2024-04-27T16:42:07.2538598Z","ServerTimestamp":"2024-04-27T16:42:08.0973254Z"},"nsu=http://opcfoundation.org/UA/Plc/Applications;s=FastUIntScalar2":{"Value":{"Type":7,"Body":111},"SourceTimestamp":"2024-04-27T16:42:07.2538658Z","ServerTimestamp":"2024-04-27T16:42:08.0973271Z"},"nsu=http://opcfoundation.org/UA/Plc/Applications;s=FastUIntScalar3":{"Value":{"Type":7,"Body":111},"SourceTimestamp":"2024-04-27T16:42:07.2538678Z","ServerTimestamp":"2024-04-27T16:42:08.0973263Z"},"nsu=http://opcfoundation.org/UA/Plc/Applications;s=FastRandomUIntScalar1":{"Value":{"Type":7,"Body":2064471844},"SourceTimestamp":"2024-04-27T16:42:07.2538701Z","ServerTimestamp":"2024-04-27T16:42:08.0973403Z"},"nsu=http://opcfoundation.org/UA/Plc/Applications;s=FastRandomUIntScalar2":{"Value":{"Type":7,"Body":2160407890},"SourceTimestamp":"2024-04-27T16:42:07.2538749Z","ServerTimestamp":"2024-04-27T16:42:08.0973316Z"},"nsu=http://opcfoundation.org/UA/Plc/Applications;s=FastRandomUIntScalar3":{"Value":{"Type":7,"Body":165566298},"SourceTimestamp":"2024-04-27T16:42:07.2538766Z","ServerTimestamp":"2024-04-27T16:42:08.0973428Z"},"nsu=http://opcfoundation.org/UA/Plc/Applications;s=NegativeTrendData":{"Value":{"Type":11,"Body":98.400000000000006},"SourceTimestamp":"2024-04-27T16:42:08.0498344Z","ServerTimestamp":"2024-04-27T16:42:08.0973335Z"},"nsu=http://opcfoundation.org/UA/Plc/Applications;s=PositiveTrendData":{"Value":{"Type":11,"Body":102.2},"SourceTimestamp":"2024-04-27T16:42:08.0498404Z","ServerTimestamp":"2024-04-27T16:42:08.0973325Z"},"nsu=http://opcfoundation.org/UA/Plc/Applications;s=SlowUIntScalar1":{"Value":{"Type":7,"Body":11},"SourceTimestamp":"2024-04-27T16:42:06.2483906Z","ServerTimestamp":"2024-04-27T16:42:08.0973283Z"},"nsu=http://opcfoundation.org/UA/Plc/Applications;s=SlowUIntScalar2":{"Value":{"Type":7,"Body":11},"SourceTimestamp":"2024-04-27T16:42:06.2484032Z","ServerTimestamp":"2024-04-27T16:42:08.097331Z"},"nsu=http://opcfoundation.org/UA/Plc/Applications;s=SlowUIntScalar3":{"Value":{"Type":7,"Body":11},"SourceTimestamp":"2024-04-27T16:42:06.2484065Z","ServerTimestamp":"2024-04-27T16:42:08.0973356Z"},"nsu=http://opcfoundation.org/UA/Plc/Applications;s=BadSlowUIntScalar1":{"Value":{"Type":7,"Body":1},"SourceTimestamp":"2024-04-27T16:42:06.248409Z","ServerTimestamp":"2024-04-27T16:42:08.0973294Z"},"nsu=http://opcfoundation.org/UA/Plc/Applications;s=SlowRandomUIntScalar1":{"Value":{"Type":7,"Body":2598130519},"SourceTimestamp":"2024-04-27T16:42:06.2484126Z","ServerTimestamp":"2024-04-27T16:42:08.0973439Z"},"nsu=http://opcfoundation.org/UA/Plc/Applications;s=SlowRandomUIntScalar2":{"Value":{"Type":7,"Body":773134111},"SourceTimestamp":"2024-04-27T16:42:06.2484217Z","ServerTimestamp":"2024-04-27T16:42:08.0973302Z"},"nsu=http://opcfoundation.org/UA/Plc/Applications;s=SlowRandomUIntScalar3":{"Value":{"Type":7,"Body":380379298},"SourceTimestamp":"2024-04-27T16:42:06.2484243Z","ServerTimestamp":"2024-04-27T16:42:08.0973396Z"},"nsu=http://opcfoundation.org/UA/Plc/Applications;s=BadSlowRandomUIntScalar1":{"Value":{"Type":7,"Body":3107603522},"SourceTimestamp":"2024-04-27T16:42:06.2484273Z","ServerTimestamp":"2024-04-27T16:42:08.0973385Z"},"nsu=http://opcfoundation.org/UA/Plc/Applications;s=SpikeData":{"Value":{"Type":11,"Body":-84.432792550201526},"SourceTimestamp":"2024-04-27T16:42:08.0498339Z","ServerTimestamp":"2024-04-27T16:42:08.0973365Z"},"ns=23;i=1259":{"Value":{"Type":11,"Body":-1.22},"SourceTimestamp":"2024-04-27T16:40:17.0822758Z","ServerTimestamp":"2024-04-27T16:42:08.0972961Z"}}}