{"SequenceNumber":112,"MetaDataVersion":{"MajorVersion":1},"Timestamp":"2024-04-27T16:42:09.0930624Z","MessageType":"ua-deltaframe","DataSetWriterName":"<<UnknownDataSet>>","Payload":{"i=2258":{"Value":{"Type":13,"Body":"2024-04-27T16:42:09.0927361Z"},"SourceTimestamp":"2024-04-27T16:40:17.082247Z","ServerTimestamp":"2024-04-27T16:42:09.0927348Z"},"nsu=http://opcfoundation.org/UA/Plc/Applications;s=StepUp":{"Value":{"Type":7,"Body":1128},"SourceTimestamp":"2024-04-27T16:42:09.0609186Z","ServerTimestamp":"2024-04-27T16:42:09.0927913Z"},"nsu=http://opcfoundation.org/UA/Plc/Applications;s=AlternatingBoolean":{"Value":{"Type":1,"Body":true},"SourceTimestamp":"2024-04-27T16:42:09.0609253Z","ServerTimestamp":"2024-04-27T16:42:09.0927867Z"},"nsu=http://opcfoundation.org/UA/Plc/Applications;s=RandomSignedInt32":{"Value":{"Type":6,"Body":1320202074},"SourceTimestamp":"2024-04-27T16:42:09.0609388Z","ServerTimestamp":"2024-04-27T16:42:09.0927844Z"},"nsu=http://opcfoundation.org/UA/Plc/Applications;s=RandomUnsignedInt32":{"Value":{"Type":7,"Body":1172558818},"SourceTimestamp":"2024-04-27T16:42:09.060933Z","ServerTimestamp":"2024-04-27T16:42:09.0927906Z"},"nsu=http://opcfoundation.org/UA/Plc/Applications;s=DipData":{"Value":{"Type":11,"Body":24.868988716485482},"SourceTimestamp":"2024-04-27T16:42:09.0609432Z","ServerTimestamp":"2024-04-27T16:42:09.0927836Z"},"nsu=http://opcfoundation.org/UA/Plc/Applications;s=FastUIntScalar1":{"Value":{"Type":7,"Body":112},"SourceTimestamp":"2024-04-27T16:42:08.252658Z","ServerTimestamp":"2024-04-27T16:42:09.0927749Z"},"nsu=http://opcfoundation.org/UA/Plc/Applications;s=FastUIntScalar2":{"Value":{"Type":7,"Body":112},"SourceTimestamp":"2024-04-27T16:42:08.2526659Z","ServerTimestamp":"2024-04-27T16:42:09.0927767Z"},"nsu=http://opcfoundation.org/UA/Plc/Applications;s=FastUIntScalar3":{"Value":{"Type":7,"Body":112},"SourceTimestamp":"2024-04-27T16:42:08.2526679Z","ServerTimestamp":"2024-04-27T16:42:09.0927759Z"},"nsu=http://opcfoundation.org/UA/Plc/Applications;s=FastRandomUIntScalar1":{"Value":{"Type":7,"Body":2618756495},"SourceTimestamp":"2024-04-27T16:42:08.2526553Z","ServerTimestamp":"2024-04-27T16:42:09.0927897Z"},"nsu=http://opcfoundation.org/UA/Plc/Applications;s=FastRandomUIntScalar2":{"Value":{"Type":7,"Body":2508558595},"SourceTimestamp":"2024-04-27T16:42:08.252662Z","ServerTimestamp":"2024-04-27T16:42:09.0927812Z"},"nsu=http://opcfoundation.org/UA/Plc/Applications;s=FastRandomUIntScalar3":{"Value":{"Type":7,"Body":2823332367},"SourceTimestamp":"2024-04-27T16:42:08.252667Z","ServerTimestamp":"2024-04-27T16:42:09.0927921Z"},"nsu=http://opcfoundation.org/UA/Plc/Applications;s=NegativeTrendData":{"Value":{"Type":11,"Body":98.400000000000006},"SourceTimestamp":"2024-04-27T16:42:09.060948Z","ServerTimestamp":"2024-04-27T16:42:09.0927831Z"},"nsu=http://opcfoundation.org/UA/Plc/Applications;s=PositiveTrendData":{"Value":{"Type":11,"Body":102.2},"SourceTimestamp":"2024-04-27T16:42:09.0609561Z","ServerTimestamp":"2024-04-27T16:42:09.0927821Z"},"nsu=http://opcfoundation.org/UA/Plc/Applications;s=SlowUIntScalar1":{"Value":{"Type":7,"Body":11},"SourceTimestamp":"2024-04-27T16:42:06.2483906Z","ServerTimestamp":"2024-04-27T16:42:09.0927779Z"},"nsu=http://opcfoundation.org/UA/Plc/Applications;s=SlowUIntScalar2":{"Value":{"Type":7,"Body":11},"SourceTimestamp":"2024-04-27T16:42:06.2484032Z","ServerTimestamp":"2024-04-27T16:42:09.0927805Z"},"nsu=http://opcfoundation.org/UA/Plc/Applications;s=SlowUIntScalar3":{"Value":{"Type":7,"Body":11},"SourceTimestamp":"2024-04-27T16:42:06.2484065Z","ServerTimestamp":"2024-04-27T16:42:09.0927852Z"},"nsu=http://opcfoundation.org/UA/Plc/Applications;s=BadSlowUIntScalar1":{"Value":{"Type":7,"Body":1},"SourceTimestamp":"2024-04-27T16:42:06.248409Z","ServerTimestamp":"2024-04-27T16:42:09.0927789Z"},"nsu=http://opcfoundation.org/UA/Plc/Applications;s=SlowRandomUIntScalar1":{"Value":{"Type":7,"Body":2598130519},"SourceTimestamp":"2024-04-27T16:42:06.2484126Z","ServerTimestamp":"2024-04-27T16:42:09.0927931Z"},"nsu=http://opcfoundation.org/UA/Plc/Applications;s=SlowRandomUIntScalar2":{"Value":{"Type":7,"Body":773134111},"SourceTimestamp":"2024-04-27T16:42:06.2484217Z","ServerTimestamp":"2024-04-27T16:42:09.0927797Z"},"nsu=http://opcfoundation.org/UA/Plc/Applications;s=SlowRandomUIntScalar3":{"Value":{"Type":7,"Body":380379298},"SourceTimestamp":"2024-04-27T16:42:06.2484243Z","ServerTimestamp":"2024-04-27T16:42:09.0927891Z"},"nsu=http://opcfoundation.org/UA/Plc/Applications;s=BadSlowRandomUIntScalar1":{"Value":{"Type":7,"Body":3107603522},"SourceTimestamp":"2024-04-27T16:42:06.2484273Z","ServerTimestamp":"2024-04-27T16:42:09.092788Z"},"nsu=http://opcfoundation.org/UA/Plc/Applications;s=SpikeData":{"Value":{"Type":11,"Body":24.868988716485482},"SourceTimestamp":"2024-04-27T16:42:09.060948Z","ServerTimestamp":"2024-04-27T16:42:09.092786Z"},"ns=23;i=1259":{"Value":{"Type":11,"Body":-0.19700000000000001},"SourceTimestamp":"2024-04-27T16:40:17.0822758Z","ServerTimestamp":"2024-04-27T16:42:09.0927592Z"}}}