{"SequenceNumber":113,"MetaDataVersion":{"MajorVersion":1},"Timestamp":"2024-04-27T16:42:10.0996013Z","MessageType":"ua-deltaframe","DataSetWriterName":"<<UnknownDataSet>>","Payload":{"i=2258":{"Value":{"Type":13,"Body":"2024-04-27T16:42:10.0993123Z"},"SourceTimestamp":"2024-04-27T16:40:17.082247Z","ServerTimestamp":"2024-04-27T16:42:10.0993111Z"},"nsu=http://opcfoundation.org/UA/Plc/Applications;s=StepUp":{"Value":{"Type":7,"Body":1138},"SourceTimestamp":"2024-04-27T16:42:10.0509102Z","ServerTimestamp":"2024-04-27T16:42:10.0993592Z"},"nsu=http://opcfoundation.org/UA/Plc/Applications;s=AlternatingBoolean":{"Value":{"Type":1,"Body":true},"SourceTimestamp":"2024-04-27T16:42:10.0509128Z","ServerTimestamp":"2024-04-27T16:42:10.0993549Z"},"nsu=http://opcfoundation.org/UA/Plc/Applications;s=RandomSignedInt32":{"Value":{"Type":6,"Body":1971594872},"SourceTimestamp":"2024-04-27T16:42:10.0509272Z","ServerTimestamp":"2024-04-27T16:42:10.0993528Z"},"nsu=http://opcfoundation.org/UA/Plc/Applications;s=RandomUnsignedInt32":{"Value":{"Type":7,"Body":193343516},"SourceTimestamp":"2024-04-27T16:42:10.050927Z","ServerTimestamp":"2024-04-27T16:42:10.0993586Z"},"nsu=http://opcfoundation.org/UA/Plc/Applications;s=DipData":{"Value":{"Type":11,"Body":99.80267284282715},"SourceTimestamp":"2024-04-27T16:42:10.0509465Z","ServerTimestamp":"2024-04-27T16:42:10.099352Z"},"nsu=http://opcfoundation.org/UA/Plc/Applications;s=FastUIntScalar1":{"Value":{"Type":7,"Body":113},"SourceTimestamp":"2024-04-27T16:42:09.2484131Z","ServerTimestamp":"2024-04-27T16:42:10.0993405Z"},"nsu=http://opcfoundation.org/UA/Plc/Applications;s=FastUIntScalar2":{"Value":{"Type":7,"Body":113},"SourceTimestamp":"2024-04-27T16:42:09.2484215Z","ServerTimestamp":"2024-04-27T16:42:10.0993422Z"},"nsu=http://opcfoundation.org/UA/Plc/Applications;s=FastUIntScalar3":{"Value":{"Type":7,"Body":113},"SourceTimestamp":"2024-04-27T16:42:09.2484262Z","ServerTimestamp":"2024-04-27T16:42:10.0993413Z"},"nsu=http://opcfoundation.org/UA/Plc/Applications;s=FastRandomUIntScalar1":{"Value":{"Type":7,"Body":197671652},"SourceTimestamp":"2024-04-27T16:42:09.2484158Z","ServerTimestamp":"2024-04-27T16:42:10.0993578Z"},"nsu=http://opcfoundation.org/UA/Plc/Applications;s=FastRandomUIntScalar2":{"Value":{"Type":7,"Body":3235273701},"SourceTimestamp":"2024-04-27T16:42:09.2484246Z","ServerTimestamp":"2024-04-27T16:42:10.0993461Z"},"nsu=http://opcfoundation.org/UA/Plc/Applications;s=FastRandomUIntScalar3":{"Value":{"Type":7,"Body":1523457555},"SourceTimestamp":"2024-04-27T16:42:09.2484271Z","ServerTimestamp":"2024-04-27T16:42:10.0993599Z"},"nsu=http://opcfoundation.org/UA/Plc/Applications;s=NegativeTrendData":{"Value":{"Type":11,"Body":98.400000000000006},"SourceTimestamp":"2024-04-27T16:42:10.0509447Z","ServerTimestamp":"2024-04-27T16:42:10.0993477Z"},"nsu=http://opcfoundation.org/UA/Plc/Applications;s=PositiveTrendData":{"Value":{"Type":11,"Body":102.2},"SourceTimestamp":"2024-04-27T16:42:10.0509451Z","ServerTimestamp":"2024-04-27T16:42:10.0993469Z"},"nsu=http://opcfoundation.org/UA/Plc/Applications;s=SlowUIntScalar1":{"Value":{"Type":7,"Body":11},"SourceTimestamp":"2024-04-27T16:42:06.2483906Z","ServerTimestamp":"2024-04-27T16:42:10.0993431Z"},"nsu=http://opcfoundation.org/UA/Plc/Applications;s=SlowUIntScalar2":{"Value":{"Type":7,"Body":11},"SourceTimestamp":"2024-04-27T16:42:06.2484032Z","ServerTimestamp":"2024-04-27T16:42:10.0993455Z"},"nsu=http://opcfoundation.org/UA/Plc/Applications;s=SlowUIntScalar3":{"Value":{"Type":7,"Body":11},"SourceTimestamp":"2024-04-27T16:42:06.2484065Z","ServerTimestamp":"2024-04-27T16:42:10.0993535Z"},"nsu=http://opcfoundation.org/UA/Plc/Applications;s=BadSlowUIntScalar1":{"Value":{"Type":7,"Body":1},"SourceTimestamp":"2024-04-27T16:42:06.248409Z","ServerTimestamp":"2024-04-27T16:42:10.0993441Z"},"nsu=http://opcfoundation.org/UA/Plc/Applications;s=SlowRandomUIntScalar1":{"Value":{"Type":7,"Body":2598130519},"SourceTimestamp":"2024-04-27T16:42:06.2484126Z","ServerTimestamp":"2024-04-27T16:42:10.0993609Z"},"nsu=http://opcfoundation.org/UA/Plc/Applications;s=SlowRandomUIntScalar2":{"Value":{"Type":7,"Body":773134111},"SourceTimestamp":"2024-04-27T16:42:06.2484217Z","ServerTimestamp":"2024-04-27T16:42:10.0993448Z"},"nsu=http://opcfoundation.org/UA/Plc/Applications;s=SlowRandomUIntScalar3":{"Value":{"Type":7,"Body":380379298},"SourceTimestamp":"2024-04-27T16:42:06.2484243Z","ServerTimestamp":"2024-04-27T16:42:10.0993572Z"},"nsu=http://opcfoundation.org/UA/Plc/Applications;s=BadSlowRandomUIntScalar1":{"Value":{"Type":7,"Body":3107603522},"SourceTimestamp":"2024-04-27T16:42:06.2484273Z","ServerTimestamp":"2024-04-27T16:42:10.0993563Z"},"nsu=http://opcfoundation.org/UA/Plc/Applications;s=SpikeData":{"Value":{"Type":11,"Body":99.80267284282715},"SourceTimestamp":"2024-04-27T16:42:10.0509504Z","ServerTimestamp":"2024-04-27T16:42:10.0993542Z"},"ns=23;i=1259":{"Value":{"Type":11,"Body":-0.20200000000000001},"SourceTimestamp":"2024-04-27T16:40:17.0822758Z","ServerTimestamp":"2024-04-27T16:42:10.099326Z"}}}