{"SequenceNumber":114,"MetaDataVersion":{"MajorVersion":1},"Timestamp":"2024-04-27T16:42:11.0932785Z","MessageType":"ua-deltaframe","DataSetWriterName":"<<UnknownDataSet>>","Payload":{"i=2258":{"Value":{"Type":13,"Body":"2024-04-27T16:42:11.0929574Z"},"SourceTimestamp":"2024-04-27T16:40:17.082247Z","ServerTimestamp":"2024-04-27T16:42:11.0929557Z"},"nsu=http://opcfoundation.org/UA/Plc/Applications;s=StepUp":{"Value":{"Type":7,"Body":1148},"SourceTimestamp":"2024-04-27T16:42:11.0608053Z","ServerTimestamp":"2024-04-27T16:42:11.0930141Z"},"nsu=http://opcfoundation.org/UA/Plc/Applications;s=AlternatingBoolean":{"Value":{"Type":1,"Body":true},"SourceTimestamp":"2024-04-27T16:42:11.0608073Z","ServerTimestamp":"2024-04-27T16:42:11.0930094Z"},"nsu=http://opcfoundation.org/UA/Plc/Applications;s=RandomSignedInt32":{"Value":{"Type":6,"Body":-1564346682},"SourceTimestamp":"2024-04-27T16:42:11.0608244Z","ServerTimestamp":"2024-04-27T16:42:11.0929995Z"},"nsu=http://opcfoundation.org/UA/Plc/Applications;s=RandomUnsignedInt32":{"Value":{"Type":7,"Body":1616719124},"SourceTimestamp":"2024-04-27T16:42:11.0608203Z","ServerTimestamp":"2024-04-27T16:42:11.0930134Z"},"nsu=http://opcfoundation.org/UA/Plc/Applications;s=DipData":{"Value":{"Type":11,"Body":36.812455268467801},"SourceTimestamp":"2024-04-27T16:42:11.0608367Z","ServerTimestamp":"2024-04-27T16:42:11.0929987Z"},"nsu=http://opcfoundation.org/UA/Plc/Applications;s=FastUIntScalar1":{"Value":{"Type":7,"Body":114},"SourceTimestamp":"2024-04-27T16:42:10.2563409Z","ServerTimestamp":"2024-04-27T16:42:11.0929898Z"},"nsu=http://opcfoundation.org/UA/Plc/Applications;s=FastUIntScalar2":{"Value":{"Type":7,"Body":114},"SourceTimestamp":"2024-04-27T16:42:10.2563492Z","ServerTimestamp":"2024-04-27T16:42:11.0929919Z"},"nsu=http://opcfoundation.org/UA/Plc/Applications;s=FastUIntScalar3":{"Value":{"Type":7,"Body":114},"SourceTimestamp":"2024-04-27T16:42:10.2563516Z","ServerTimestamp":"2024-04-27T16:42:11.0929909Z"},"nsu=http://opcfoundation.org/UA/Plc/Applications;s=FastRandomUIntScalar1":{"Value":{"Type":7,"Body":2584487828},"SourceTimestamp":"2024-04-27T16:42:10.2563643Z","ServerTimestamp":"2024-04-27T16:42:11.0930124Z"},"nsu=http://opcfoundation.org/UA/Plc/Applications;s=FastRandomUIntScalar2":{"Value":{"Type":7,"Body":3375869736},"SourceTimestamp":"2024-04-27T16:42:10.2563693Z","ServerTimestamp":"2024-04-27T16:42:11.0929962Z"},"nsu=http://opcfoundation.org/UA/Plc/Applications;s=FastRandomUIntScalar3":{"Value":{"Type":7,"Body":2668863625},"SourceTimestamp":"2024-04-27T16:42:10.2563708Z","ServerTimestamp":"2024-04-27T16:42:11.0930151Z"},"nsu=http://opcfoundation.org/UA/Plc/Applications;s=NegativeTrendData":{"Value":{"Type":11,"Body":98.400000000000006},"SourceTimestamp":"2024-04-27T16:42:11.0608369Z","ServerTimestamp":"2024-04-27T16:42:11.0929982Z"},"nsu=http://opcfoundation.org/UA/Plc/Applications;s=PositiveTrendData":{"Value":{"Type":11,"Body":102.2},"SourceTimestamp":"2024-04-27T16:42:11.0608652Z","ServerTimestamp":"2024-04-27T16:42:11.0929971Z"},"nsu=http://opcfoundation.org/UA/Plc/Applications;s=SlowUIntScalar1":{"Value":{"Type":7,"Body":11},"SourceTimestamp":"2024-04-27T16:42:06.2483906Z","ServerTimestamp":"2024-04-27T16:42:11.0929929Z"},"nsu=http://opcfoundation.org/UA/Plc/Applications;s=SlowUIntScalar2":{"Value":{"Type":7,"Body":11},"SourceTimestamp":"2024-04-27T16:42:06.2484032Z","ServerTimestamp":"2024-04-27T16:42:11.0929956Z"},"nsu=http://opcfoundation.org/UA/Plc/Applications;s=SlowUIntScalar3":{"Value":{"Type":7,"Body":11},"SourceTimestamp":"2024-04-27T16:42:06.2484065Z","ServerTimestamp":"2024-04-27T16:42:11.0930078Z"},"nsu=http://opcfoundation.org/UA/Plc/Applications;s=BadSlowUIntScalar1":{"Value":{"Type":7,"Body":1},"SourceTimestamp":"2024-04-27T16:42:06.248409Z","ServerTimestamp":"2024-04-27T16:42:11.092994Z"},"nsu=http://opcfoundation.org/UA/Plc/Applications;s=SlowRandomUIntScalar1":{"Value":{"Type":7,"Body":2598130519},"SourceTimestamp":"2024-04-27T16:42:06.2484126Z","ServerTimestamp":"2024-04-27T16:42:11.0930161Z"},"nsu=http://opcfoundation.org/UA/Plc/Applications;s=SlowRandomUIntScalar2":{"Value":{"Type":7,"Body":773134111},"SourceTimestamp":"2024-04-27T16:42:06.2484217Z","ServerTimestamp":"2024-04-27T16:42:11.0929948Z"},"nsu=http://opcfoundation.org/UA/Plc/Applications;s=SlowRandomUIntScalar3":{"Value":{"Type":7,"Body":380379298},"SourceTimestamp":"2024-04-27T16:42:06.2484243Z","ServerTimestamp":"2024-04-27T16:42:11.0930118Z"},"nsu=http://opcfoundation.org/UA/Plc/Applications;s=BadSlowRandomUIntScalar1":{"Value":{"Type":7,"Body":3107603522},"SourceTimestamp":"2024-04-27T16:42:06.2484273Z","ServerTimestamp":"2024-04-27T16:42:11.0930108Z"},"nsu=http://opcfoundation.org/UA/Plc/Applications;s=SpikeData":{"Value":{"Type":11,"Body":36.812455268467801},"SourceTimestamp":"2024-04-27T16:42:11.0608405Z","ServerTimestamp":"2024-04-27T16:42:11.0930087Z"},"ns=23;i=1259":{"Value":{"Type":11,"Body":-1.3},"SourceTimestamp":"2024-04-27T16:40:17.0822758Z","ServerTimestamp":"2024-04-27T16:42:11.0929726Z"}}}