{"SequenceNumber":117,"MetaDataVersion":{"MajorVersion":1},"Timestamp":"2024-04-27T16:42:14.0921801Z","MessageType":"ua-deltaframe","DataSetWriterName":"<<UnknownDataSet>>","Payload":{"i=2258":{"Value":{"Type":13,"Body":"2024-04-27T16:42:14.0918581Z"},"SourceTimestamp":"2024-04-27T16:40:17.082247Z","ServerTimestamp":"2024-04-27T16:42:14.091857Z"},"nsu=http://opcfoundation.org/UA/Plc/Applications;s=StepUp":{"Value":{"Type":7,"Body":1178},"SourceTimestamp":"2024-04-27T16:42:14.0592675Z","ServerTimestamp":"2024-04-27T16:42:14.0919148Z"},"nsu=http://opcfoundation.org/UA/Plc/Applications;s=AlternatingBoolean":{"Value":{"Type":1,"Body":false},"SourceTimestamp":"2024-04-27T16:42:14.0592983Z","ServerTimestamp":"2024-04-27T16:42:14.091906Z"},"nsu=http://opcfoundation.org/UA/Plc/Applications;s=RandomSignedInt32":{"Value":{"Type":6,"Body":553894383},"SourceTimestamp":"2024-04-27T16:42:14.0593255Z","ServerTimestamp":"2024-04-27T16:42:14.0919035Z"},"nsu=http://opcfoundation.org/UA/Plc/Applications;s=RandomUnsignedInt32":{"Value":{"Type":7,"Body":1486221581},"SourceTimestamp":"2024-04-27T16:42:14.0593177Z","ServerTimestamp":"2024-04-27T16:42:14.0919098Z"},"nsu=http://opcfoundation.org/UA/Plc/Applications;s=DipData":{"Value":{"Type":11,"Body":24.868988716485482},"SourceTimestamp":"2024-04-27T16:42:14.059337Z","ServerTimestamp":"2024-04-27T16:42:14.0919027Z"},"nsu=http://opcfoundation.org/UA/Plc/Applications;s=FastUIntScalar1":{"Value":{"Type":7,"Body":117},"SourceTimestamp":"2024-04-27T16:42:13.2604293Z","ServerTimestamp":"2024-04-27T16:42:14.0918942Z"},"nsu=http://opcfoundation.org/UA/Plc/Applications;s=FastUIntScalar2":{"Value":{"Type":7,"Body":117},"SourceTimestamp":"2024-04-27T16:42:13.2604376Z","ServerTimestamp":"2024-04-27T16:42:14.0918961Z"},"nsu=http://opcfoundation.org/UA/Plc/Applications;s=FastUIntScalar3":{"Value":{"Type":7,"Body":117},"SourceTimestamp":"2024-04-27T16:42:13.2604404Z","ServerTimestamp":"2024-04-27T16:42:14.0918952Z"},"nsu=http://opcfoundation.org/UA/Plc/Applications;s=FastRandomUIntScalar1":{"Value":{"Type":7,"Body":2310827217},"SourceTimestamp":"2024-04-27T16:42:13.2604573Z","ServerTimestamp":"2024-04-27T16:42:14.0919089Z"},"nsu=http://opcfoundation.org/UA/Plc/Applications;s=FastRandomUIntScalar2":{"Value":{"Type":7,"Body":1981693588},"SourceTimestamp":"2024-04-27T16:42:13.2604651Z","ServerTimestamp":"2024-04-27T16:42:14.0919003Z"},"nsu=http://opcfoundation.org/UA/Plc/Applications;s=FastRandomUIntScalar3":{"Value":{"Type":7,"Body":982005075},"SourceTimestamp":"2024-04-27T16:42:13.2604674Z","ServerTimestamp":"2024-04-27T16:42:14.0919157Z"},"nsu=http://opcfoundation.org/UA/Plc/Applications;s=NegativeTrendData":{"Value":{"Type":11,"Body":98.299999999999997},"SourceTimestamp":"2024-04-27T16:42:14.0593369Z","ServerTimestamp":"2024-04-27T16:42:14.0919022Z"},"nsu=http://opcfoundation.org/UA/Plc/Applications;s=PositiveTrendData":{"Value":{"Type":11,"Body":102.3},"SourceTimestamp":"2024-04-27T16:42:14.0593544Z","ServerTimestamp":"2024-04-27T16:42:14.0919012Z"},"nsu=http://opcfoundation.org/UA/Plc/Applications;s=SlowUIntScalar1":{"Value":{"Type":7,"Body":11},"SourceTimestamp":"2024-04-27T16:42:06.2483906Z","ServerTimestamp":"2024-04-27T16:42:14.091897Z"},"nsu=http://opcfoundation.org/UA/Plc/Applications;s=SlowUIntScalar2":{"Value":{"Type":7,"Body":11},"SourceTimestamp":"2024-04-27T16:42:06.2484032Z","ServerTimestamp":"2024-04-27T16:42:14.0918997Z"},"nsu=http://opcfoundation.org/UA/Plc/Applications;s=SlowUIntScalar3":{"Value":{"Type":7,"Body":11},"SourceTimestamp":"2024-04-27T16:42:06.2484065Z","ServerTimestamp":"2024-04-27T16:42:14.0919044Z"},"nsu=http://opcfoundation.org/UA/Plc/Applications;s=BadSlowUIntScalar1":{"Value":{"Type":7,"Body":1},"SourceTimestamp":"2024-04-27T16:42:06.248409Z","ServerTimestamp":"2024-04-27T16:42:14.0918981Z"},"nsu=http://opcfoundation.org/UA/Plc/Applications;s=SlowRandomUIntScalar1":{"Value":{"Type":7,"Body":2598130519},"SourceTimestamp":"2024-04-27T16:42:06.2484126Z","ServerTimestamp":"2024-04-27T16:42:14.0919167Z"},"nsu=http://opcfoundation.org/UA/Plc/Applications;s=SlowRandomUIntScalar2":{"Value":{"Type":7,"Body":773134111},"SourceTimestamp":"2024-04-27T16:42:06.2484217Z","ServerTimestamp":"2024-04-27T16:42:14.0918989Z"},"nsu=http://opcfoundation.org/UA/Plc/Applications;s=SlowRandomUIntScalar3":{"Value":{"Type":7,"Body":380379298},"SourceTimestamp":"2024-04-27T16:42:06.2484243Z","ServerTimestamp":"2024-04-27T16:42:14.0919083Z"},"nsu=http://opcfoundation.org/UA/Plc/Applications;s=BadSlowRandomUIntScalar1":{"Value":{"Type":7,"Body":3107603522},"SourceTimestamp":"2024-04-27T16:42:06.2484273Z","ServerTimestamp":"2024-04-27T16:42:14.0919073Z"},"nsu=http://opcfoundation.org/UA/Plc/Applications;s=SpikeData":{"Value":{"Type":11,"Body":24.868988716485482},"SourceTimestamp":"2024-04-27T16:42:14.0593413Z","ServerTimestamp":"2024-04-27T16:42:14.0919053Z"},"ns=23;i=1259":{"Value":{"Type":11,"Body":-0.61599999999999999},"SourceTimestamp":"2024-04-27T16:40:17.0822758Z","ServerTimestamp":"2024-04-27T16:42:14.091877Z"}}}