{"SequenceNumber":12,"MetaDataVersion":{"MajorVersion":1},"Timestamp":"2024-04-27T16:40:29.0920379Z","MessageType":"ua-deltaframe","DataSetWriterName":"<<UnknownDataSet>>","Payload":{"i=2258":{"Value":{"Type":13,"Body":"2024-04-27T16:40:29.0917122Z"},"SourceTimestamp":"2024-04-27T16:40:17.082247Z","ServerTimestamp":"2024-04-27T16:40:29.091711Z"},"nsu=http://opcfoundation.org/UA/Plc/Applications;s=StepUp":{"Value":{"Type":7,"Body":128},"SourceTimestamp":"2024-04-27T16:40:29.0587039Z","ServerTimestamp":"2024-04-27T16:40:29.091772Z"},"nsu=http://opcfoundation.org/UA/Plc/Applications;s=AlternatingBoolean":{"Value":{"Type":1,"Body":true},"SourceTimestamp":"2024-04-27T16:40:29.0587081Z","ServerTimestamp":"2024-04-27T16:40:29.0917656Z"},"nsu=http://opcfoundation.org/UA/Plc/Applications;s=RandomSignedInt32":{"Value":{"Type":6,"Body":546797596},"SourceTimestamp":"2024-04-27T16:40:29.0587155Z","ServerTimestamp":"2024-04-27T16:40:29.0917623Z"},"nsu=http://opcfoundation.org/UA/Plc/Applications;s=RandomUnsignedInt32":{"Value":{"Type":7,"Body":226365310},"SourceTimestamp":"2024-04-27T16:40:29.058724Z","ServerTimestamp":"2024-04-27T16:40:29.0917709Z"},"nsu=http://opcfoundation.org/UA/Plc/Applications;s=DipData":{"Value":{"Type":11,"Body":24.868988716485482},"SourceTimestamp":"2024-04-27T16:40:29.0587228Z","ServerTimestamp":"2024-04-27T16:40:29.0917612Z"},"nsu=http://opcfoundation.org/UA/Plc/Applications;s=FastUIntScalar1":{"Value":{"Type":7,"Body":12},"SourceTimestamp":"2024-04-27T16:40:28.2535081Z","ServerTimestamp":"2024-04-27T16:40:29.0917491Z"},"nsu=http://opcfoundation.org/UA/Plc/Applications;s=FastUIntScalar2":{"Value":{"Type":7,"Body":12},"SourceTimestamp":"2024-04-27T16:40:28.2535143Z","ServerTimestamp":"2024-04-27T16:40:29.0917519Z"},"nsu=http://opcfoundation.org/UA/Plc/Applications;s=FastUIntScalar3":{"Value":{"Type":7,"Body":12},"SourceTimestamp":"2024-04-27T16:40:28.253518Z","ServerTimestamp":"2024-04-27T16:40:29.0917507Z"},"nsu=http://opcfoundation.org/UA/Plc/Applications;s=FastRandomUIntScalar1":{"Value":{"Type":7,"Body":484060861},"SourceTimestamp":"2024-04-27T16:40:28.253508Z","ServerTimestamp":"2024-04-27T16:40:29.0917696Z"},"nsu=http://opcfoundation.org/UA/Plc/Applications;s=FastRandomUIntScalar2":{"Value":{"Type":7,"Body":595391533},"SourceTimestamp":"2024-04-27T16:40:28.253517Z","ServerTimestamp":"2024-04-27T16:40:29.0917578Z"},"nsu=http://opcfoundation.org/UA/Plc/Applications;s=FastRandomUIntScalar3":{"Value":{"Type":7,"Body":35310048},"SourceTimestamp":"2024-04-27T16:40:28.2535188Z","ServerTimestamp":"2024-04-27T16:40:29.0917732Z"},"nsu=http://opcfoundation.org/UA/Plc/Applications;s=NegativeTrendData":{"Value":{"Type":11,"Body":100},"SourceTimestamp":"2024-04-27T16:40:29.0587191Z","ServerTimestamp":"2024-04-27T16:40:29.0917605Z"},"nsu=http://opcfoundation.org/UA/Plc/Applications;s=PositiveTrendData":{"Value":{"Type":11,"Body":100.2},"SourceTimestamp":"2024-04-27T16:40:29.0587228Z","ServerTimestamp":"2024-04-27T16:40:29.091759Z"},"nsu=http://opcfoundation.org/UA/Plc/Applications;s=SlowUIntScalar1":{"Value":{"Type":7,"Body":1},"SourceTimestamp":"2024-04-27T16:40:26.2476463Z","ServerTimestamp":"2024-04-27T16:40:29.0917533Z"},"nsu=http://opcfoundation.org/UA/Plc/Applications;s=SlowUIntScalar2":{"Value":{"Type":7,"Body":1},"SourceTimestamp":"2024-04-27T16:40:26.2476538Z","ServerTimestamp":"2024-04-27T16:40:29.0917569Z"},"nsu=http://opcfoundation.org/UA/Plc/Applications;s=SlowUIntScalar3":{"Value":{"Type":7,"Body":1},"SourceTimestamp":"2024-04-27T16:40:26.2476552Z","ServerTimestamp":"2024-04-27T16:40:29.0917635Z"},"nsu=http://opcfoundation.org/UA/Plc/Applications;s=BadSlowUIntScalar1":{"Value":{"Type":7,"Body":1},"SourceTimestamp":"2024-04-27T16:40:26.2476566Z","ServerTimestamp":"2024-04-27T16:40:29.0917547Z"},"nsu=http://opcfoundation.org/UA/Plc/Applications;s=SlowRandomUIntScalar1":{"Value":{"Type":7,"Body":2552692423},"SourceTimestamp":"2024-04-27T16:40:26.247661Z","ServerTimestamp":"2024-04-27T16:40:29.0917747Z"},"nsu=http://opcfoundation.org/UA/Plc/Applications;s=SlowRandomUIntScalar2":{"Value":{"Type":7,"Body":251893016},"SourceTimestamp":"2024-04-27T16:40:26.2476659Z","ServerTimestamp":"2024-04-27T16:40:29.0917559Z"},"nsu=http://opcfoundation.org/UA/Plc/Applications;s=SlowRandomUIntScalar3":{"Value":{"Type":7,"Body":512216544},"SourceTimestamp":"2024-04-27T16:40:26.2476674Z","ServerTimestamp":"2024-04-27T16:40:29.0917688Z"},"nsu=http://opcfoundation.org/UA/Plc/Applications;s=BadSlowRandomUIntScalar1":{"Value":{"Type":7,"Body":2068433369},"SourceTimestamp":"2024-04-27T16:40:26.2476693Z","ServerTimestamp":"2024-04-27T16:40:29.0917673Z"},"nsu=http://opcfoundation.org/UA/Plc/Applications;s=SpikeData":{"Value":{"Type":11,"Body":24.868988716485482},"SourceTimestamp":"2024-04-27T16:40:29.058724Z","ServerTimestamp":"2024-04-27T16:40:29.0917646Z"},"ns=23;i=1259":{"Value":{"Type":11,"Body":0.11700000000000001},"SourceTimestamp":"2024-04-27T16:40:17.0822758Z","ServerTimestamp":"2024-04-27T16:40:29.0917284Z"}}}