{"SequenceNumber":16,"MetaDataVersion":{"MajorVersion":1},"Timestamp":"2024-04-27T16:40:33.0923623Z","MessageType":"ua-deltaframe","DataSetWriterName":"<<UnknownDataSet>>","Payload":{"i=2258":{"Value":{"Type":13,"Body":"2024-04-27T16:40:33.092065Z"},"SourceTimestamp":"2024-04-27T16:40:17.082247Z","ServerTimestamp":"2024-04-27T16:40:33.0920638Z"},"nsu=http://opcfoundation.org/UA/Plc/Applications;s=StepUp":{"Value":{"Type":7,"Body":168},"SourceTimestamp":"2024-04-27T16:40:33.0601292Z","ServerTimestamp":"2024-04-27T16:40:33.0921135Z"},"nsu=http://opcfoundation.org/UA/Plc/Applications;s=AlternatingBoolean":{"Value":{"Type":1,"Body":false},"SourceTimestamp":"2024-04-27T16:40:33.0601416Z","ServerTimestamp":"2024-04-27T16:40:33.0921084Z"},"nsu=http://opcfoundation.org/UA/Plc/Applications;s=RandomSignedInt32":{"Value":{"Type":6,"Body":-118554199},"SourceTimestamp":"2024-04-27T16:40:33.0601543Z","ServerTimestamp":"2024-04-27T16:40:33.0921059Z"},"nsu=http://opcfoundation.org/UA/Plc/Applications;s=RandomUnsignedInt32":{"Value":{"Type":7,"Body":2069229633},"SourceTimestamp":"2024-04-27T16:40:33.0601768Z","ServerTimestamp":"2024-04-27T16:40:33.0921124Z"},"nsu=http://opcfoundation.org/UA/Plc/Applications;s=DipData":{"Value":{"Type":11,"Body":-84.432792550201526},"SourceTimestamp":"2024-04-27T16:40:33.0601686Z","ServerTimestamp":"2024-04-27T16:40:33.0921051Z"},"nsu=http://opcfoundation.org/UA/Plc/Applications;s=FastUIntScalar1":{"Value":{"Type":7,"Body":16},"SourceTimestamp":"2024-04-27T16:40:32.2537361Z","ServerTimestamp":"2024-04-27T16:40:33.0920965Z"},"nsu=http://opcfoundation.org/UA/Plc/Applications;s=FastUIntScalar2":{"Value":{"Type":7,"Body":16},"SourceTimestamp":"2024-04-27T16:40:32.2537403Z","ServerTimestamp":"2024-04-27T16:40:33.0920982Z"},"nsu=http://opcfoundation.org/UA/Plc/Applications;s=FastUIntScalar3":{"Value":{"Type":7,"Body":16},"SourceTimestamp":"2024-04-27T16:40:32.2537416Z","ServerTimestamp":"2024-04-27T16:40:33.0920974Z"},"nsu=http://opcfoundation.org/UA/Plc/Applications;s=FastRandomUIntScalar1":{"Value":{"Type":7,"Body":2100352033},"SourceTimestamp":"2024-04-27T16:40:32.2537249Z","ServerTimestamp":"2024-04-27T16:40:33.0921113Z"},"nsu=http://opcfoundation.org/UA/Plc/Applications;s=FastRandomUIntScalar2":{"Value":{"Type":7,"Body":3314365510},"SourceTimestamp":"2024-04-27T16:40:32.253731Z","ServerTimestamp":"2024-04-27T16:40:33.0921026Z"},"nsu=http://opcfoundation.org/UA/Plc/Applications;s=FastRandomUIntScalar3":{"Value":{"Type":7,"Body":3705397255},"SourceTimestamp":"2024-04-27T16:40:32.2537325Z","ServerTimestamp":"2024-04-27T16:40:33.0921143Z"},"nsu=http://opcfoundation.org/UA/Plc/Applications;s=NegativeTrendData":{"Value":{"Type":11,"Body":100},"SourceTimestamp":"2024-04-27T16:40:33.0601785Z","ServerTimestamp":"2024-04-27T16:40:33.0921046Z"},"nsu=http://opcfoundation.org/UA/Plc/Applications;s=PositiveTrendData":{"Value":{"Type":11,"Body":100.3},"SourceTimestamp":"2024-04-27T16:40:33.0602222Z","ServerTimestamp":"2024-04-27T16:40:33.0921034Z"},"nsu=http://opcfoundation.org/UA/Plc/Applications;s=SlowUIntScalar1":{"Value":{"Type":7,"Body":1},"SourceTimestamp":"2024-04-27T16:40:26.2476463Z","ServerTimestamp":"2024-04-27T16:40:33.0920992Z"},"nsu=http://opcfoundation.org/UA/Plc/Applications;s=SlowUIntScalar2":{"Value":{"Type":7,"Body":1},"SourceTimestamp":"2024-04-27T16:40:26.2476538Z","ServerTimestamp":"2024-04-27T16:40:33.0921019Z"},"nsu=http://opcfoundation.org/UA/Plc/Applications;s=SlowUIntScalar3":{"Value":{"Type":7,"Body":1},"SourceTimestamp":"2024-04-27T16:40:26.2476552Z","ServerTimestamp":"2024-04-27T16:40:33.0921067Z"},"nsu=http://opcfoundation.org/UA/Plc/Applications;s=BadSlowUIntScalar1":{"Value":{"Type":7,"Body":1},"SourceTimestamp":"2024-04-27T16:40:26.2476566Z","ServerTimestamp":"2024-04-27T16:40:33.0921003Z"},"nsu=http://opcfoundation.org/UA/Plc/Applications;s=SlowRandomUIntScalar1":{"Value":{"Type":7,"Body":2552692423},"SourceTimestamp":"2024-04-27T16:40:26.247661Z","ServerTimestamp":"2024-04-27T16:40:33.0921153Z"},"nsu=http://opcfoundation.org/UA/Plc/Applications;s=SlowRandomUIntScalar2":{"Value":{"Type":7,"Body":251893016},"SourceTimestamp":"2024-04-27T16:40:26.2476659Z","ServerTimestamp":"2024-04-27T16:40:33.0921011Z"},"nsu=http://opcfoundation.org/UA/Plc/Applications;s=SlowRandomUIntScalar3":{"Value":{"Type":7,"Body":512216544},"SourceTimestamp":"2024-04-27T16:40:26.2476674Z","ServerTimestamp":"2024-04-27T16:40:33.0921107Z"},"nsu=http://opcfoundation.org/UA/Plc/Applications;s=BadSlowRandomUIntScalar1":{"Value":{"Type":7,"Body":2068433369},"SourceTimestamp":"2024-04-27T16:40:26.2476693Z","ServerTimestamp":"2024-04-27T16:40:33.0921097Z"},"nsu=http://opcfoundation.org/UA/Plc/Applications;s=SpikeData":{"Value":{"Type":11,"Body":-84.432792550201526},"SourceTimestamp":"2024-04-27T16:40:33.0602046Z","ServerTimestamp":"2024-04-27T16:40:33.0921078Z"},"ns=23;i=1259":{"Value":{"Type":11,"Body":-0.40000000000000002},"SourceTimestamp":"2024-04-27T16:40:17.0822758Z","ServerTimestamp":"2024-04-27T16:40:33.0920797Z"}}}