{"SequenceNumber":20,"MetaDataVersion":{"MajorVersion":1},"Timestamp":"2024-04-27T16:40:37.0907685Z","MessageType":"ua-deltaframe","DataSetWriterName":"<<UnknownDataSet>>","Payload":{"i=2258":{"Value":{"Type":13,"Body":"2024-04-27T16:40:37.0904683Z"},"SourceTimestamp":"2024-04-27T16:40:17.082247Z","ServerTimestamp":"2024-04-27T16:40:37.0904672Z"},"nsu=http://opcfoundation.org/UA/Plc/Applications;s=StepUp":{"Value":{"Type":7,"Body":208},"SourceTimestamp":"2024-04-27T16:40:37.0593259Z","ServerTimestamp":"2024-04-27T16:40:37.0905164Z"},"nsu=http://opcfoundation.org/UA/Plc/Applications;s=AlternatingBoolean":{"Value":{"Type":1,"Body":true},"SourceTimestamp":"2024-04-27T16:40:37.059326Z","ServerTimestamp":"2024-04-27T16:40:37.0905105Z"},"nsu=http://opcfoundation.org/UA/Plc/Applications;s=RandomSignedInt32":{"Value":{"Type":6,"Body":1267110558},"SourceTimestamp":"2024-04-27T16:40:37.0593537Z","ServerTimestamp":"2024-04-27T16:40:37.0905081Z"},"nsu=http://opcfoundation.org/UA/Plc/Applications;s=RandomUnsignedInt32":{"Value":{"Type":7,"Body":1715172254},"SourceTimestamp":"2024-04-27T16:40:37.0593481Z","ServerTimestamp":"2024-04-27T16:40:37.0905157Z"},"nsu=http://opcfoundation.org/UA/Plc/Applications;s=DipData":{"Value":{"Type":11,"Body":-77.0513242775789},"SourceTimestamp":"2024-04-27T16:40:37.0593641Z","ServerTimestamp":"2024-04-27T16:40:37.0905073Z"},"nsu=http://opcfoundation.org/UA/Plc/Applications;s=FastUIntScalar1":{"Value":{"Type":7,"Body":20},"SourceTimestamp":"2024-04-27T16:40:36.2541404Z","ServerTimestamp":"2024-04-27T16:40:37.0904988Z"},"nsu=http://opcfoundation.org/UA/Plc/Applications;s=FastUIntScalar2":{"Value":{"Type":7,"Body":20},"SourceTimestamp":"2024-04-27T16:40:36.2541464Z","ServerTimestamp":"2024-04-27T16:40:37.0905006Z"},"nsu=http://opcfoundation.org/UA/Plc/Applications;s=FastUIntScalar3":{"Value":{"Type":7,"Body":20},"SourceTimestamp":"2024-04-27T16:40:36.2541487Z","ServerTimestamp":"2024-04-27T16:40:37.0904998Z"},"nsu=http://opcfoundation.org/UA/Plc/Applications;s=FastRandomUIntScalar1":{"Value":{"Type":7,"Body":2802867507},"SourceTimestamp":"2024-04-27T16:40:36.2541375Z","ServerTimestamp":"2024-04-27T16:40:37.0905148Z"},"nsu=http://opcfoundation.org/UA/Plc/Applications;s=FastRandomUIntScalar2":{"Value":{"Type":7,"Body":1286176531},"SourceTimestamp":"2024-04-27T16:40:36.2541396Z","ServerTimestamp":"2024-04-27T16:40:37.0905049Z"},"nsu=http://opcfoundation.org/UA/Plc/Applications;s=FastRandomUIntScalar3":{"Value":{"Type":7,"Body":65176028},"SourceTimestamp":"2024-04-27T16:40:36.2541414Z","ServerTimestamp":"2024-04-27T16:40:37.0905172Z"},"nsu=http://opcfoundation.org/UA/Plc/Applications;s=NegativeTrendData":{"Value":{"Type":11,"Body":100},"SourceTimestamp":"2024-04-27T16:40:37.0593651Z","ServerTimestamp":"2024-04-27T16:40:37.0905067Z"},"nsu=http://opcfoundation.org/UA/Plc/Applications;s=PositiveTrendData":{"Value":{"Type":11,"Body":100.40000000000001},"SourceTimestamp":"2024-04-27T16:40:37.0593713Z","ServerTimestamp":"2024-04-27T16:40:37.0905056Z"},"nsu=http://opcfoundation.org/UA/Plc/Applications;s=SlowUIntScalar1":{"Value":{"Type":7,"Body":2},"SourceTimestamp":"2024-04-27T16:40:36.2540728Z","ServerTimestamp":"2024-04-27T16:40:37.0905015Z"},"nsu=http://opcfoundation.org/UA/Plc/Applications;s=SlowUIntScalar2":{"Value":{"Type":7,"Body":2},"SourceTimestamp":"2024-04-27T16:40:36.2540813Z","ServerTimestamp":"2024-04-27T16:40:37.0905043Z"},"nsu=http://opcfoundation.org/UA/Plc/Applications;s=SlowUIntScalar3":{"Value":{"Type":7,"Body":2},"SourceTimestamp":"2024-04-27T16:40:36.2540834Z","ServerTimestamp":"2024-04-27T16:40:37.090509Z"},"nsu=http://opcfoundation.org/UA/Plc/Applications;s=BadSlowUIntScalar1":{"Value":{"Type":7,"Body":2},"SourceTimestamp":"2024-04-27T16:40:36.2540855Z","ServerTimestamp":"2024-04-27T16:40:37.0905027Z"},"nsu=http://opcfoundation.org/UA/Plc/Applications;s=SlowRandomUIntScalar1":{"Value":{"Type":7,"Body":2372314553},"SourceTimestamp":"2024-04-27T16:40:36.2541086Z","ServerTimestamp":"2024-04-27T16:40:37.0905183Z"},"nsu=http://opcfoundation.org/UA/Plc/Applications;s=SlowRandomUIntScalar2":{"Value":{"Type":7,"Body":3201705088},"SourceTimestamp":"2024-04-27T16:40:36.2541164Z","ServerTimestamp":"2024-04-27T16:40:37.0905035Z"},"nsu=http://opcfoundation.org/UA/Plc/Applications;s=SlowRandomUIntScalar3":{"Value":{"Type":7,"Body":4118505814},"SourceTimestamp":"2024-04-27T16:40:36.2541184Z","ServerTimestamp":"2024-04-27T16:40:37.0905138Z"},"nsu=http://opcfoundation.org/UA/Plc/Applications;s=BadSlowRandomUIntScalar1":{"Value":{"Type":7,"Body":2923373262},"SourceTimestamp":"2024-04-27T16:40:36.2541206Z","ServerTimestamp":"2024-04-27T16:40:37.0905126Z"},"nsu=http://opcfoundation.org/UA/Plc/Applications;s=SpikeData":{"Value":{"Type":11,"Body":-77.0513242775789},"SourceTimestamp":"2024-04-27T16:40:37.0593899Z","ServerTimestamp":"2024-04-27T16:40:37.0905098Z"},"ns=23;i=1259":{"Value":{"Type":11,"Body":-1.0800000000000001},"SourceTimestamp":"2024-04-27T16:40:17.0822758Z","ServerTimestamp":"2024-04-27T16:40:37.0904825Z"}}}