{"SequenceNumber":28,"MetaDataVersion":{"MajorVersion":1},"Timestamp":"2024-04-27T16:40:45.0946976Z","MessageType":"ua-deltaframe","DataSetWriterName":"<<UnknownDataSet>>","Payload":{"i=2258":{"Value":{"Type":13,"Body":"2024-04-27T16:40:45.094427Z"},"SourceTimestamp":"2024-04-27T16:40:17.082247Z","ServerTimestamp":"2024-04-27T16:40:45.0944257Z"},"nsu=http://opcfoundation.org/UA/Plc/Applications;s=StepUp":{"Value":{"Type":7,"Body":288},"SourceTimestamp":"2024-04-27T16:40:45.0615896Z","ServerTimestamp":"2024-04-27T16:40:45.09447Z"},"nsu=http://opcfoundation.org/UA/Plc/Applications;s=AlternatingBoolean":{"Value":{"Type":1,"Body":false},"SourceTimestamp":"2024-04-27T16:40:45.0616061Z","ServerTimestamp":"2024-04-27T16:40:45.0944657Z"},"nsu=http://opcfoundation.org/UA/Plc/Applications;s=RandomSignedInt32":{"Value":{"Type":6,"Body":-149281230},"SourceTimestamp":"2024-04-27T16:40:45.0615912Z","ServerTimestamp":"2024-04-27T16:40:45.0944637Z"},"nsu=http://opcfoundation.org/UA/Plc/Applications;s=RandomUnsignedInt32":{"Value":{"Type":7,"Body":1868431442},"SourceTimestamp":"2024-04-27T16:40:45.0616071Z","ServerTimestamp":"2024-04-27T16:40:45.0944692Z"},"nsu=http://opcfoundation.org/UA/Plc/Applications;s=DipData":{"Value":{"Type":11,"Body":99.80267284282715},"SourceTimestamp":"2024-04-27T16:40:45.06161Z","ServerTimestamp":"2024-04-27T16:40:45.094463Z"},"nsu=http://opcfoundation.org/UA/Plc/Applications;s=FastUIntScalar1":{"Value":{"Type":7,"Body":28},"SourceTimestamp":"2024-04-27T16:40:44.2607652Z","ServerTimestamp":"2024-04-27T16:40:45.0944556Z"},"nsu=http://opcfoundation.org/UA/Plc/Applications;s=FastUIntScalar2":{"Value":{"Type":7,"Body":28},"SourceTimestamp":"2024-04-27T16:40:44.2607739Z","ServerTimestamp":"2024-04-27T16:40:45.0944571Z"},"nsu=http://opcfoundation.org/UA/Plc/Applications;s=FastUIntScalar3":{"Value":{"Type":7,"Body":28},"SourceTimestamp":"2024-04-27T16:40:44.2607818Z","ServerTimestamp":"2024-04-27T16:40:45.0944564Z"},"nsu=http://opcfoundation.org/UA/Plc/Applications;s=FastRandomUIntScalar1":{"Value":{"Type":7,"Body":3495350096},"SourceTimestamp":"2024-04-27T16:40:44.2607661Z","ServerTimestamp":"2024-04-27T16:40:45.0944684Z"},"nsu=http://opcfoundation.org/UA/Plc/Applications;s=FastRandomUIntScalar2":{"Value":{"Type":7,"Body":2235503112},"SourceTimestamp":"2024-04-27T16:40:44.2607802Z","ServerTimestamp":"2024-04-27T16:40:45.094461Z"},"nsu=http://opcfoundation.org/UA/Plc/Applications;s=FastRandomUIntScalar3":{"Value":{"Type":7,"Body":3606455676},"SourceTimestamp":"2024-04-27T16:40:44.2607834Z","ServerTimestamp":"2024-04-27T16:40:45.0944708Z"},"nsu=http://opcfoundation.org/UA/Plc/Applications;s=NegativeTrendData":{"Value":{"Type":11,"Body":100},"SourceTimestamp":"2024-04-27T16:40:45.0616157Z","ServerTimestamp":"2024-04-27T16:40:45.0944625Z"},"nsu=http://opcfoundation.org/UA/Plc/Applications;s=PositiveTrendData":{"Value":{"Type":11,"Body":100.5},"SourceTimestamp":"2024-04-27T16:40:45.0616233Z","ServerTimestamp":"2024-04-27T16:40:45.0944618Z"},"nsu=http://opcfoundation.org/UA/Plc/Applications;s=SlowUIntScalar1":{"Value":{"Type":7,"Body":2},"SourceTimestamp":"2024-04-27T16:40:36.2540728Z","ServerTimestamp":"2024-04-27T16:40:45.094458Z"},"nsu=http://opcfoundation.org/UA/Plc/Applications;s=SlowUIntScalar2":{"Value":{"Type":7,"Body":2},"SourceTimestamp":"2024-04-27T16:40:36.2540813Z","ServerTimestamp":"2024-04-27T16:40:45.0944605Z"},"nsu=http://opcfoundation.org/UA/Plc/Applications;s=SlowUIntScalar3":{"Value":{"Type":7,"Body":2},"SourceTimestamp":"2024-04-27T16:40:36.2540834Z","ServerTimestamp":"2024-04-27T16:40:45.0944644Z"},"nsu=http://opcfoundation.org/UA/Plc/Applications;s=BadSlowUIntScalar1":{"Value":{"Type":7,"Body":2},"SourceTimestamp":"2024-04-27T16:40:36.2540855Z","ServerTimestamp":"2024-04-27T16:40:45.094459Z"},"nsu=http://opcfoundation.org/UA/Plc/Applications;s=SlowRandomUIntScalar1":{"Value":{"Type":7,"Body":2372314553},"SourceTimestamp":"2024-04-27T16:40:36.2541086Z","ServerTimestamp":"2024-04-27T16:40:45.0944717Z"},"nsu=http://opcfoundation.org/UA/Plc/Applications;s=SlowRandomUIntScalar2":{"Value":{"Type":7,"Body":3201705088},"SourceTimestamp":"2024-04-27T16:40:36.2541164Z","ServerTimestamp":"2024-04-27T16:40:45.0944597Z"},"nsu=http://opcfoundation.org/UA/Plc/Applications;s=SlowRandomUIntScalar3":{"Value":{"Type":7,"Body":4118505814},"SourceTimestamp":"2024-04-27T16:40:36.2541184Z","ServerTimestamp":"2024-04-27T16:40:45.0944679Z"},"nsu=http://opcfoundation.org/UA/Plc/Applications;s=BadSlowRandomUIntScalar1":{"Value":{"Type":7,"Body":2923373262},"SourceTimestamp":"2024-04-27T16:40:36.2541206Z","ServerTimestamp":"2024-04-27T16:40:45.0944669Z"},"nsu=http://opcfoundation.org/UA/Plc/Applications;s=SpikeData":{"Value":{"Type":11,"Body":99.80267284282715},"SourceTimestamp":"2024-04-27T16:40:45.0616192Z","ServerTimestamp":"2024-04-27T16:40:45.0944651Z"},"ns=23;i=1259":{"Value":{"Type":11,"Body":1.4000000000000001},"SourceTimestamp":"2024-04-27T16:40:17.0822758Z","ServerTimestamp":"2024-04-27T16:40:45.0944401Z"}}}