{"SequenceNumber":29,"MetaDataVersion":{"MajorVersion":1},"Timestamp":"2024-04-27T16:40:46.0896578Z","MessageType":"ua-deltaframe","DataSetWriterName":"<<UnknownDataSet>>","Payload":{"i=2258":{"Value":{"Type":13,"Body":"2024-04-27T16:40:46.0893583Z"},"SourceTimestamp":"2024-04-27T16:40:17.082247Z","ServerTimestamp":"2024-04-27T16:40:46.0893572Z"},"nsu=http://opcfoundation.org/UA/Plc/Applications;s=StepUp":{"Value":{"Type":7,"Body":298},"SourceTimestamp":"2024-04-27T16:40:46.0575573Z","ServerTimestamp":"2024-04-27T16:40:46.0894078Z"},"nsu=http://opcfoundation.org/UA/Plc/Applications;s=AlternatingBoolean":{"Value":{"Type":1,"Body":false},"SourceTimestamp":"2024-04-27T16:40:46.0575598Z","ServerTimestamp":"2024-04-27T16:40:46.0894022Z"},"nsu=http://opcfoundation.org/UA/Plc/Applications;s=RandomSignedInt32":{"Value":{"Type":6,"Body":-1079538629},"SourceTimestamp":"2024-04-27T16:40:46.0575753Z","ServerTimestamp":"2024-04-27T16:40:46.0893997Z"},"nsu=http://opcfoundation.org/UA/Plc/Applications;s=RandomUnsignedInt32":{"Value":{"Type":7,"Body":1116556157},"SourceTimestamp":"2024-04-27T16:40:46.0575735Z","ServerTimestamp":"2024-04-27T16:40:46.0894059Z"},"nsu=http://opcfoundation.org/UA/Plc/Applications;s=DipData":{"Value":{"Type":11,"Body":36.812455268467801},"SourceTimestamp":"2024-04-27T16:40:46.0575787Z","ServerTimestamp":"2024-04-27T16:40:46.0893989Z"},"nsu=http://opcfoundation.org/UA/Plc/Applications;s=FastUIntScalar1":{"Value":{"Type":7,"Body":29},"SourceTimestamp":"2024-04-27T16:40:45.2488698Z","ServerTimestamp":"2024-04-27T16:40:46.0893898Z"},"nsu=http://opcfoundation.org/UA/Plc/Applications;s=FastUIntScalar2":{"Value":{"Type":7,"Body":29},"SourceTimestamp":"2024-04-27T16:40:45.2488792Z","ServerTimestamp":"2024-04-27T16:40:46.089392Z"},"nsu=http://opcfoundation.org/UA/Plc/Applications;s=FastUIntScalar3":{"Value":{"Type":7,"Body":29},"SourceTimestamp":"2024-04-27T16:40:45.2488875Z","ServerTimestamp":"2024-04-27T16:40:46.0893908Z"},"nsu=http://opcfoundation.org/UA/Plc/Applications;s=FastRandomUIntScalar1":{"Value":{"Type":7,"Body":2055323072},"SourceTimestamp":"2024-04-27T16:40:45.2488769Z","ServerTimestamp":"2024-04-27T16:40:46.089405Z"},"nsu=http://opcfoundation.org/UA/Plc/Applications;s=FastRandomUIntScalar2":{"Value":{"Type":7,"Body":4107361316},"SourceTimestamp":"2024-04-27T16:40:45.2488858Z","ServerTimestamp":"2024-04-27T16:40:46.0893966Z"},"nsu=http://opcfoundation.org/UA/Plc/Applications;s=FastRandomUIntScalar3":{"Value":{"Type":7,"Body":3538244325},"SourceTimestamp":"2024-04-27T16:40:45.2488895Z","ServerTimestamp":"2024-04-27T16:40:46.0894087Z"},"nsu=http://opcfoundation.org/UA/Plc/Applications;s=NegativeTrendData":{"Value":{"Type":11,"Body":100},"SourceTimestamp":"2024-04-27T16:40:46.0575825Z","ServerTimestamp":"2024-04-27T16:40:46.0893983Z"},"nsu=http://opcfoundation.org/UA/Plc/Applications;s=PositiveTrendData":{"Value":{"Type":11,"Body":100.5},"SourceTimestamp":"2024-04-27T16:40:46.0575929Z","ServerTimestamp":"2024-04-27T16:40:46.0893973Z"},"nsu=http://opcfoundation.org/UA/Plc/Applications;s=SlowUIntScalar1":{"Value":{"Type":7,"Body":2},"SourceTimestamp":"2024-04-27T16:40:36.2540728Z","ServerTimestamp":"2024-04-27T16:40:46.0893929Z"},"nsu=http://opcfoundation.org/UA/Plc/Applications;s=SlowUIntScalar2":{"Value":{"Type":7,"Body":2},"SourceTimestamp":"2024-04-27T16:40:36.2540813Z","ServerTimestamp":"2024-04-27T16:40:46.0893959Z"},"nsu=http://opcfoundation.org/UA/Plc/Applications;s=SlowUIntScalar3":{"Value":{"Type":7,"Body":2},"SourceTimestamp":"2024-04-27T16:40:36.2540834Z","ServerTimestamp":"2024-04-27T16:40:46.0894006Z"},"nsu=http://opcfoundation.org/UA/Plc/Applications;s=BadSlowUIntScalar1":{"Value":{"Type":7,"Body":2},"SourceTimestamp":"2024-04-27T16:40:36.2540855Z","ServerTimestamp":"2024-04-27T16:40:46.0893943Z"},"nsu=http://opcfoundation.org/UA/Plc/Applications;s=SlowRandomUIntScalar1":{"Value":{"Type":7,"Body":2372314553},"SourceTimestamp":"2024-04-27T16:40:36.2541086Z","ServerTimestamp":"2024-04-27T16:40:46.0894098Z"},"nsu=http://opcfoundation.org/UA/Plc/Applications;s=SlowRandomUIntScalar2":{"Value":{"Type":7,"Body":3201705088},"SourceTimestamp":"2024-04-27T16:40:36.2541164Z","ServerTimestamp":"2024-04-27T16:40:46.0893951Z"},"nsu=http://opcfoundation.org/UA/Plc/Applications;s=SlowRandomUIntScalar3":{"Value":{"Type":7,"Body":4118505814},"SourceTimestamp":"2024-04-27T16:40:36.2541184Z","ServerTimestamp":"2024-04-27T16:40:46.0894044Z"},"nsu=http://opcfoundation.org/UA/Plc/Applications;s=BadSlowRandomUIntScalar1":{"Value":{"Type":7,"Body":2923373262},"SourceTimestamp":"2024-04-27T16:40:36.2541206Z","ServerTimestamp":"2024-04-27T16:40:46.0894034Z"},"nsu=http://opcfoundation.org/UA/Plc/Applications;s=SpikeData":{"Value":{"Type":11,"Body":36.812455268467801},"SourceTimestamp":"2024-04-27T16:40:46.0575842Z","ServerTimestamp":"2024-04-27T16:40:46.0894015Z"},"ns=23;i=1259":{"Value":{"Type":11,"Body":0.495},"SourceTimestamp":"2024-04-27T16:40:17.0822758Z","ServerTimestamp":"2024-04-27T16:40:46.0893744Z"}}}