{"SequenceNumber":3,"MetaDataVersion":{"MajorVersion":1},"Timestamp":"2024-04-27T16:40:20.1005601Z","MessageType":"ua-deltaframe","DataSetWriterName":"<<UnknownDataSet>>","Payload":{"i=2258":{"Value":{"Type":13,"Body":"2024-04-27T16:40:20.1002472Z"},"SourceTimestamp":"2024-04-27T16:40:17.082247Z","ServerTimestamp":"2024-04-27T16:40:20.1002461Z"},"nsu=http://opcfoundation.org/UA/Plc/Applications;s=StepUp":{"Value":{"Type":7,"Body":38},"SourceTimestamp":"2024-04-27T16:40:20.0523228Z","ServerTimestamp":"2024-04-27T16:40:20.1003004Z"},"nsu=http://opcfoundation.org/UA/Plc/Applications;s=AlternatingBoolean":{"Value":{"Type":1,"Body":true},"SourceTimestamp":"2024-04-27T16:40:20.0523257Z","ServerTimestamp":"2024-04-27T16:40:20.1002959Z"},"nsu=http://opcfoundation.org/UA/Plc/Applications;s=RandomSignedInt32":{"Value":{"Type":6,"Body":535711438},"SourceTimestamp":"2024-04-27T16:40:20.0523254Z","ServerTimestamp":"2024-04-27T16:40:20.1002935Z"},"nsu=http://opcfoundation.org/UA/Plc/Applications;s=RandomUnsignedInt32":{"Value":{"Type":7,"Body":1736777296},"SourceTimestamp":"2024-04-27T16:40:20.0523239Z","ServerTimestamp":"2024-04-27T16:40:20.1002997Z"},"nsu=http://opcfoundation.org/UA/Plc/Applications;s=DipData":{"Value":{"Type":11,"Body":99.80267284282715},"SourceTimestamp":"2024-04-27T16:40:20.0523311Z","ServerTimestamp":"2024-04-27T16:40:20.1002928Z"},"nsu=http://opcfoundation.org/UA/Plc/Applications;s=FastUIntScalar1":{"Value":{"Type":7,"Body":3},"SourceTimestamp":"2024-04-27T16:40:19.2473711Z","ServerTimestamp":"2024-04-27T16:40:20.1002847Z"},"nsu=http://opcfoundation.org/UA/Plc/Applications;s=FastUIntScalar2":{"Value":{"Type":7,"Body":3},"SourceTimestamp":"2024-04-27T16:40:19.2473762Z","ServerTimestamp":"2024-04-27T16:40:20.1002866Z"},"nsu=http://opcfoundation.org/UA/Plc/Applications;s=FastUIntScalar3":{"Value":{"Type":7,"Body":3},"SourceTimestamp":"2024-04-27T16:40:19.2473882Z","ServerTimestamp":"2024-04-27T16:40:20.1002858Z"},"nsu=http://opcfoundation.org/UA/Plc/Applications;s=FastRandomUIntScalar1":{"Value":{"Type":7,"Body":1932531413},"SourceTimestamp":"2024-04-27T16:40:19.247397Z","ServerTimestamp":"2024-04-27T16:40:20.1002988Z"},"nsu=http://opcfoundation.org/UA/Plc/Applications;s=FastRandomUIntScalar2":{"Value":{"Type":7,"Body":2918221096},"SourceTimestamp":"2024-04-27T16:40:19.2474014Z","ServerTimestamp":"2024-04-27T16:40:20.1002906Z"},"nsu=http://opcfoundation.org/UA/Plc/Applications;s=FastRandomUIntScalar3":{"Value":{"Type":7,"Body":3706064196},"SourceTimestamp":"2024-04-27T16:40:19.2474039Z","ServerTimestamp":"2024-04-27T16:40:20.1003013Z"},"nsu=http://opcfoundation.org/UA/Plc/Applications;s=NegativeTrendData":{"Value":{"Type":11,"Body":100},"SourceTimestamp":"2024-04-27T16:40:20.0523421Z","ServerTimestamp":"2024-04-27T16:40:20.1002923Z"},"nsu=http://opcfoundation.org/UA/Plc/Applications;s=PositiveTrendData":{"Value":{"Type":11,"Body":100},"SourceTimestamp":"2024-04-27T16:40:20.0523337Z","ServerTimestamp":"2024-04-27T16:40:20.1002914Z"},"nsu=http://opcfoundation.org/UA/Plc/Applications;s=SlowUIntScalar1":{"Value":{"Type":7,"Body":0},"SourceTimestamp":"2024-04-27T16:40:16.2469346Z","ServerTimestamp":"2024-04-27T16:40:20.1002875Z"},"nsu=http://opcfoundation.org/UA/Plc/Applications;s=SlowUIntScalar2":{"Value":{"Type":7,"Body":0},"SourceTimestamp":"2024-04-27T16:40:16.2469357Z","ServerTimestamp":"2024-04-27T16:40:20.10029Z"},"nsu=http://opcfoundation.org/UA/Plc/Applications;s=SlowUIntScalar3":{"Value":{"Type":7,"Body":0},"SourceTimestamp":"2024-04-27T16:40:16.2469371Z","ServerTimestamp":"2024-04-27T16:40:20.1002945Z"},"nsu=http://opcfoundation.org/UA/Plc/Applications;s=BadSlowUIntScalar1":{"Value":{"Type":7,"Body":0},"SourceTimestamp":"2024-04-27T16:40:16.2469388Z","ServerTimestamp":"2024-04-27T16:40:20.1002885Z"},"nsu=http://opcfoundation.org/UA/Plc/Applications;s=SlowRandomUIntScalar1":{"Value":{"Type":7,"Body":0},"SourceTimestamp":"2024-04-27T16:40:16.2469446Z","ServerTimestamp":"2024-04-27T16:40:20.1003023Z"},"nsu=http://opcfoundation.org/UA/Plc/Applications;s=SlowRandomUIntScalar2":{"Value":{"Type":7,"Body":0},"SourceTimestamp":"2024-04-27T16:40:16.2469451Z","ServerTimestamp":"2024-04-27T16:40:20.1002893Z"},"nsu=http://opcfoundation.org/UA/Plc/Applications;s=SlowRandomUIntScalar3":{"Value":{"Type":7,"Body":0},"SourceTimestamp":"2024-04-27T16:40:16.2469455Z","ServerTimestamp":"2024-04-27T16:40:20.1002983Z"},"nsu=http://opcfoundation.org/UA/Plc/Applications;s=BadSlowRandomUIntScalar1":{"Value":{"Type":7,"Body":0},"SourceTimestamp":"2024-04-27T16:40:16.2469471Z","ServerTimestamp":"2024-04-27T16:40:20.1002973Z"},"nsu=http://opcfoundation.org/UA/Plc/Applications;s=SpikeData":{"Value":{"Type":11,"Body":99.80267284282715},"SourceTimestamp":"2024-04-27T16:40:20.0523391Z","ServerTimestamp":"2024-04-27T16:40:20.1002952Z"},"ns=23;i=1259":{"Value":{"Type":11,"Body":0.44700000000000001},"SourceTimestamp":"2024-04-27T16:40:17.0822758Z","ServerTimestamp":"2024-04-27T16:40:20.1002616Z"}}}