{"SequenceNumber":31,"MetaDataVersion":{"MajorVersion":1},"Timestamp":"2024-04-27T16:40:48.0890637Z","MessageType":"ua-deltaframe","DataSetWriterName":"<<UnknownDataSet>>","Payload":{"i=2258":{"Value":{"Type":13,"Body":"2024-04-27T16:40:48.0887543Z"},"SourceTimestamp":"2024-04-27T16:40:17.082247Z","ServerTimestamp":"2024-04-27T16:40:48.0887529Z"},"nsu=http://opcfoundation.org/UA/Plc/Applications;s=StepUp":{"Value":{"Type":7,"Body":318},"SourceTimestamp":"2024-04-27T16:40:48.0569948Z","ServerTimestamp":"2024-04-27T16:40:48.0888027Z"},"nsu=http://opcfoundation.org/UA/Plc/Applications;s=AlternatingBoolean":{"Value":{"Type":1,"Body":true},"SourceTimestamp":"2024-04-27T16:40:48.0569941Z","ServerTimestamp":"2024-04-27T16:40:48.0887982Z"},"nsu=http://opcfoundation.org/UA/Plc/Applications;s=RandomSignedInt32":{"Value":{"Type":6,"Body":-1326453014},"SourceTimestamp":"2024-04-27T16:40:48.0569941Z","ServerTimestamp":"2024-04-27T16:40:48.0887956Z"},"nsu=http://opcfoundation.org/UA/Plc/Applications;s=RandomUnsignedInt32":{"Value":{"Type":7,"Body":673098270},"SourceTimestamp":"2024-04-27T16:40:48.057004Z","ServerTimestamp":"2024-04-27T16:40:48.088802Z"},"nsu=http://opcfoundation.org/UA/Plc/Applications;s=DipData":{"Value":{"Type":11,"Body":-84.432792550201526},"SourceTimestamp":"2024-04-27T16:40:48.0570151Z","ServerTimestamp":"2024-04-27T16:40:48.0887949Z"},"nsu=http://opcfoundation.org/UA/Plc/Applications;s=FastUIntScalar1":{"Value":{"Type":7,"Body":31},"SourceTimestamp":"2024-04-27T16:40:47.2489667Z","ServerTimestamp":"2024-04-27T16:40:48.0887866Z"},"nsu=http://opcfoundation.org/UA/Plc/Applications;s=FastUIntScalar2":{"Value":{"Type":7,"Body":31},"SourceTimestamp":"2024-04-27T16:40:47.2489786Z","ServerTimestamp":"2024-04-27T16:40:48.0887882Z"},"nsu=http://opcfoundation.org/UA/Plc/Applications;s=FastUIntScalar3":{"Value":{"Type":7,"Body":31},"SourceTimestamp":"2024-04-27T16:40:47.2489812Z","ServerTimestamp":"2024-04-27T16:40:48.0887874Z"},"nsu=http://opcfoundation.org/UA/Plc/Applications;s=FastRandomUIntScalar1":{"Value":{"Type":7,"Body":4113180546},"SourceTimestamp":"2024-04-27T16:40:47.2489653Z","ServerTimestamp":"2024-04-27T16:40:48.0888012Z"},"nsu=http://opcfoundation.org/UA/Plc/Applications;s=FastRandomUIntScalar2":{"Value":{"Type":7,"Body":3280664601},"SourceTimestamp":"2024-04-27T16:40:47.2489734Z","ServerTimestamp":"2024-04-27T16:40:48.0887926Z"},"nsu=http://opcfoundation.org/UA/Plc/Applications;s=FastRandomUIntScalar3":{"Value":{"Type":7,"Body":422678955},"SourceTimestamp":"2024-04-27T16:40:47.2489802Z","ServerTimestamp":"2024-04-27T16:40:48.0888035Z"},"nsu=http://opcfoundation.org/UA/Plc/Applications;s=NegativeTrendData":{"Value":{"Type":11,"Body":100},"SourceTimestamp":"2024-04-27T16:40:48.0570192Z","ServerTimestamp":"2024-04-27T16:40:48.0887944Z"},"nsu=http://opcfoundation.org/UA/Plc/Applications;s=PositiveTrendData":{"Value":{"Type":11,"Body":100.59999999999999},"SourceTimestamp":"2024-04-27T16:40:48.0570178Z","ServerTimestamp":"2024-04-27T16:40:48.0887935Z"},"nsu=http://opcfoundation.org/UA/Plc/Applications;s=SlowUIntScalar1":{"Value":{"Type":7,"Body":3},"SourceTimestamp":"2024-04-27T16:40:46.2579034Z","ServerTimestamp":"2024-04-27T16:40:48.0887891Z"},"nsu=http://opcfoundation.org/UA/Plc/Applications;s=SlowUIntScalar2":{"Value":{"Type":7,"Body":3},"SourceTimestamp":"2024-04-27T16:40:46.2579113Z","ServerTimestamp":"2024-04-27T16:40:48.0887919Z"},"nsu=http://opcfoundation.org/UA/Plc/Applications;s=SlowUIntScalar3":{"Value":{"Type":7,"Body":3},"SourceTimestamp":"2024-04-27T16:40:46.2579127Z","ServerTimestamp":"2024-04-27T16:40:48.0887965Z"},"nsu=http://opcfoundation.org/UA/Plc/Applications;s=BadSlowUIntScalar1":{"Value":{"Type":7,"Body":3},"SourceTimestamp":"2024-04-27T16:40:46.2579141Z","ServerTimestamp":"2024-04-27T16:40:48.0887903Z"},"nsu=http://opcfoundation.org/UA/Plc/Applications;s=SlowRandomUIntScalar1":{"Value":{"Type":7,"Body":3629937483},"SourceTimestamp":"2024-04-27T16:40:46.2579169Z","ServerTimestamp":"2024-04-27T16:40:48.0888045Z"},"nsu=http://opcfoundation.org/UA/Plc/Applications;s=SlowRandomUIntScalar2":{"Value":{"Type":7,"Body":2409047373},"SourceTimestamp":"2024-04-27T16:40:46.2579222Z","ServerTimestamp":"2024-04-27T16:40:48.0887911Z"},"nsu=http://opcfoundation.org/UA/Plc/Applications;s=SlowRandomUIntScalar3":{"Value":{"Type":7,"Body":3405329499},"SourceTimestamp":"2024-04-27T16:40:46.2579242Z","ServerTimestamp":"2024-04-27T16:40:48.0888006Z"},"nsu=http://opcfoundation.org/UA/Plc/Applications;s=BadSlowRandomUIntScalar1":{"Value":{"Type":7,"Body":2976771057},"SourceTimestamp":"2024-04-27T16:40:46.2579261Z","ServerTimestamp":"2024-04-27T16:40:48.0887996Z"},"nsu=http://opcfoundation.org/UA/Plc/Applications;s=SpikeData":{"Value":{"Type":11,"Body":-84.432792550201526},"SourceTimestamp":"2024-04-27T16:40:48.0570176Z","ServerTimestamp":"2024-04-27T16:40:48.0887974Z"},"ns=23;i=1259":{"Value":{"Type":11,"Body":0.495},"SourceTimestamp":"2024-04-27T16:40:17.0822758Z","ServerTimestamp":"2024-04-27T16:40:48.0887695Z"}}}