{"SequenceNumber":37,"MetaDataVersion":{"MajorVersion":1},"Timestamp":"2024-04-27T16:40:54.0876709Z","MessageType":"ua-deltaframe","DataSetWriterName":"<<UnknownDataSet>>","Payload":{"i=2258":{"Value":{"Type":13,"Body":"2024-04-27T16:40:54.0873793Z"},"SourceTimestamp":"2024-04-27T16:40:17.082247Z","ServerTimestamp":"2024-04-27T16:40:54.0873783Z"},"nsu=http://opcfoundation.org/UA/Plc/Applications;s=StepUp":{"Value":{"Type":7,"Body":378},"SourceTimestamp":"2024-04-27T16:40:54.0555097Z","ServerTimestamp":"2024-04-27T16:40:54.0874279Z"},"nsu=http://opcfoundation.org/UA/Plc/Applications;s=AlternatingBoolean":{"Value":{"Type":1,"Body":false},"SourceTimestamp":"2024-04-27T16:40:54.0555073Z","ServerTimestamp":"2024-04-27T16:40:54.0874233Z"},"nsu=http://opcfoundation.org/UA/Plc/Applications;s=RandomSignedInt32":{"Value":{"Type":6,"Body":1663245412},"SourceTimestamp":"2024-04-27T16:40:54.0555104Z","ServerTimestamp":"2024-04-27T16:40:54.0874209Z"},"nsu=http://opcfoundation.org/UA/Plc/Applications;s=RandomUnsignedInt32":{"Value":{"Type":7,"Body":543554195},"SourceTimestamp":"2024-04-27T16:40:54.0555293Z","ServerTimestamp":"2024-04-27T16:40:54.0874272Z"},"nsu=http://opcfoundation.org/UA/Plc/Applications;s=DipData":{"Value":{"Type":11,"Body":24.868988716485482},"SourceTimestamp":"2024-04-27T16:40:54.0555474Z","ServerTimestamp":"2024-04-27T16:40:54.0874198Z"},"nsu=http://opcfoundation.org/UA/Plc/Applications;s=FastUIntScalar1":{"Value":{"Type":7,"Body":37},"SourceTimestamp":"2024-04-27T16:40:53.2553822Z","ServerTimestamp":"2024-04-27T16:40:54.087411Z"},"nsu=http://opcfoundation.org/UA/Plc/Applications;s=FastUIntScalar2":{"Value":{"Type":7,"Body":37},"SourceTimestamp":"2024-04-27T16:40:53.2553889Z","ServerTimestamp":"2024-04-27T16:40:54.0874128Z"},"nsu=http://opcfoundation.org/UA/Plc/Applications;s=FastUIntScalar3":{"Value":{"Type":7,"Body":37},"SourceTimestamp":"2024-04-27T16:40:53.2553933Z","ServerTimestamp":"2024-04-27T16:40:54.0874119Z"},"nsu=http://opcfoundation.org/UA/Plc/Applications;s=FastRandomUIntScalar1":{"Value":{"Type":7,"Body":1914216824},"SourceTimestamp":"2024-04-27T16:40:53.2553851Z","ServerTimestamp":"2024-04-27T16:40:54.0874263Z"},"nsu=http://opcfoundation.org/UA/Plc/Applications;s=FastRandomUIntScalar2":{"Value":{"Type":7,"Body":3496437698},"SourceTimestamp":"2024-04-27T16:40:53.2553922Z","ServerTimestamp":"2024-04-27T16:40:54.0874173Z"},"nsu=http://opcfoundation.org/UA/Plc/Applications;s=FastRandomUIntScalar3":{"Value":{"Type":7,"Body":877487652},"SourceTimestamp":"2024-04-27T16:40:53.2553942Z","ServerTimestamp":"2024-04-27T16:40:54.0874287Z"},"nsu=http://opcfoundation.org/UA/Plc/Applications;s=NegativeTrendData":{"Value":{"Type":11,"Body":99.900000000000006},"SourceTimestamp":"2024-04-27T16:40:54.0555366Z","ServerTimestamp":"2024-04-27T16:40:54.0874191Z"},"nsu=http://opcfoundation.org/UA/Plc/Applications;s=PositiveTrendData":{"Value":{"Type":11,"Body":100.7},"SourceTimestamp":"2024-04-27T16:40:54.0555414Z","ServerTimestamp":"2024-04-27T16:40:54.0874183Z"},"nsu=http://opcfoundation.org/UA/Plc/Applications;s=SlowUIntScalar1":{"Value":{"Type":7,"Body":3},"SourceTimestamp":"2024-04-27T16:40:46.2579034Z","ServerTimestamp":"2024-04-27T16:40:54.0874138Z"},"nsu=http://opcfoundation.org/UA/Plc/Applications;s=SlowUIntScalar2":{"Value":{"Type":7,"Body":3},"SourceTimestamp":"2024-04-27T16:40:46.2579113Z","ServerTimestamp":"2024-04-27T16:40:54.0874166Z"},"nsu=http://opcfoundation.org/UA/Plc/Applications;s=SlowUIntScalar3":{"Value":{"Type":7,"Body":3},"SourceTimestamp":"2024-04-27T16:40:46.2579127Z","ServerTimestamp":"2024-04-27T16:40:54.0874218Z"},"nsu=http://opcfoundation.org/UA/Plc/Applications;s=BadSlowUIntScalar1":{"Value":{"Type":7,"Body":3},"SourceTimestamp":"2024-04-27T16:40:46.2579141Z","ServerTimestamp":"2024-04-27T16:40:54.0874149Z"},"nsu=http://opcfoundation.org/UA/Plc/Applications;s=SlowRandomUIntScalar1":{"Value":{"Type":7,"Body":3629937483},"SourceTimestamp":"2024-04-27T16:40:46.2579169Z","ServerTimestamp":"2024-04-27T16:40:54.0874298Z"},"nsu=http://opcfoundation.org/UA/Plc/Applications;s=SlowRandomUIntScalar2":{"Value":{"Type":7,"Body":2409047373},"SourceTimestamp":"2024-04-27T16:40:46.2579222Z","ServerTimestamp":"2024-04-27T16:40:54.0874157Z"},"nsu=http://opcfoundation.org/UA/Plc/Applications;s=SlowRandomUIntScalar3":{"Value":{"Type":7,"Body":3405329499},"SourceTimestamp":"2024-04-27T16:40:46.2579242Z","ServerTimestamp":"2024-04-27T16:40:54.0874257Z"},"nsu=http://opcfoundation.org/UA/Plc/Applications;s=BadSlowRandomUIntScalar1":{"Value":{"Type":7,"Body":2976771057},"SourceTimestamp":"2024-04-27T16:40:46.2579261Z","ServerTimestamp":"2024-04-27T16:40:54.0874246Z"},"nsu=http://opcfoundation.org/UA/Plc/Applications;s=SpikeData":{"Value":{"Type":11,"Body":24.868988716485482},"SourceTimestamp":"2024-04-27T16:40:54.0555455Z","ServerTimestamp":"2024-04-27T16:40:54.0874226Z"},"ns=23;i=1259":{"Value":{"Type":11,"Body":0.89900000000000002},"SourceTimestamp":"2024-04-27T16:40:17.0822758Z","ServerTimestamp":"2024-04-27T16:40:54.0873944Z"}}}