{"SequenceNumber":40,"MetaDataVersion":{"MajorVersion":1},"Timestamp":"2024-04-27T16:40:57.0948138Z","MessageType":"ua-deltaframe","DataSetWriterName":"<<UnknownDataSet>>","Payload":{"i=2258":{"Value":{"Type":13,"Body":"2024-04-27T16:40:57.094502Z"},"SourceTimestamp":"2024-04-27T16:40:17.082247Z","ServerTimestamp":"2024-04-27T16:40:57.0945007Z"},"nsu=http://opcfoundation.org/UA/Plc/Applications;s=StepUp":{"Value":{"Type":7,"Body":408},"SourceTimestamp":"2024-04-27T16:40:57.0619196Z","ServerTimestamp":"2024-04-27T16:40:57.0945599Z"},"nsu=http://opcfoundation.org/UA/Plc/Applications;s=AlternatingBoolean":{"Value":{"Type":1,"Body":true},"SourceTimestamp":"2024-04-27T16:40:57.0619368Z","ServerTimestamp":"2024-04-27T16:40:57.0945555Z"},"nsu=http://opcfoundation.org/UA/Plc/Applications;s=RandomSignedInt32":{"Value":{"Type":6,"Body":1019314270},"SourceTimestamp":"2024-04-27T16:40:57.0619444Z","ServerTimestamp":"2024-04-27T16:40:57.094553Z"},"nsu=http://opcfoundation.org/UA/Plc/Applications;s=RandomUnsignedInt32":{"Value":{"Type":7,"Body":1926435361},"SourceTimestamp":"2024-04-27T16:40:57.0619443Z","ServerTimestamp":"2024-04-27T16:40:57.0945592Z"},"nsu=http://opcfoundation.org/UA/Plc/Applications;s=DipData":{"Value":{"Type":11,"Body":-77.0513242775789},"SourceTimestamp":"2024-04-27T16:40:57.0619538Z","ServerTimestamp":"2024-04-27T16:40:57.0945523Z"},"nsu=http://opcfoundation.org/UA/Plc/Applications;s=FastUIntScalar1":{"Value":{"Type":7,"Body":40},"SourceTimestamp":"2024-04-27T16:40:56.2565274Z","ServerTimestamp":"2024-04-27T16:40:57.0945427Z"},"nsu=http://opcfoundation.org/UA/Plc/Applications;s=FastUIntScalar2":{"Value":{"Type":7,"Body":40},"SourceTimestamp":"2024-04-27T16:40:56.2565311Z","ServerTimestamp":"2024-04-27T16:40:57.0945453Z"},"nsu=http://opcfoundation.org/UA/Plc/Applications;s=FastUIntScalar3":{"Value":{"Type":7,"Body":40},"SourceTimestamp":"2024-04-27T16:40:56.2565352Z","ServerTimestamp":"2024-04-27T16:40:57.0945442Z"},"nsu=http://opcfoundation.org/UA/Plc/Applications;s=FastRandomUIntScalar1":{"Value":{"Type":7,"Body":4033224711},"SourceTimestamp":"2024-04-27T16:40:56.25652Z","ServerTimestamp":"2024-04-27T16:40:57.0945583Z"},"nsu=http://opcfoundation.org/UA/Plc/Applications;s=FastRandomUIntScalar2":{"Value":{"Type":7,"Body":427329126},"SourceTimestamp":"2024-04-27T16:40:56.2565252Z","ServerTimestamp":"2024-04-27T16:40:57.0945501Z"},"nsu=http://opcfoundation.org/UA/Plc/Applications;s=FastRandomUIntScalar3":{"Value":{"Type":7,"Body":3290079522},"SourceTimestamp":"2024-04-27T16:40:56.2565267Z","ServerTimestamp":"2024-04-27T16:40:57.0945609Z"},"nsu=http://opcfoundation.org/UA/Plc/Applications;s=NegativeTrendData":{"Value":{"Type":11,"Body":99.799999999999997},"SourceTimestamp":"2024-04-27T16:40:57.0619539Z","ServerTimestamp":"2024-04-27T16:40:57.0945518Z"},"nsu=http://opcfoundation.org/UA/Plc/Applications;s=PositiveTrendData":{"Value":{"Type":11,"Body":100.8},"SourceTimestamp":"2024-04-27T16:40:57.0619585Z","ServerTimestamp":"2024-04-27T16:40:57.0945509Z"},"nsu=http://opcfoundation.org/UA/Plc/Applications;s=SlowUIntScalar1":{"Value":{"Type":7,"Body":4},"SourceTimestamp":"2024-04-27T16:40:56.256501Z","ServerTimestamp":"2024-04-27T16:40:57.0945463Z"},"nsu=http://opcfoundation.org/UA/Plc/Applications;s=SlowUIntScalar2":{"Value":{"Type":7,"Body":4},"SourceTimestamp":"2024-04-27T16:40:56.2565082Z","ServerTimestamp":"2024-04-27T16:40:57.0945494Z"},"nsu=http://opcfoundation.org/UA/Plc/Applications;s=SlowUIntScalar3":{"Value":{"Type":7,"Body":4},"SourceTimestamp":"2024-04-27T16:40:56.2565094Z","ServerTimestamp":"2024-04-27T16:40:57.0945539Z"},"nsu=http://opcfoundation.org/UA/Plc/Applications;s=BadSlowUIntScalar1":{"Value":{"Type":7,"Body":4},"StatusCode":1083179008,"SourceTimestamp":"2024-04-27T16:40:56.2565108Z","ServerTimestamp":"2024-04-27T16:40:57.0945474Z"},"nsu=http://opcfoundation.org/UA/Plc/Applications;s=SlowRandomUIntScalar1":{"Value":{"Type":7,"Body":2415321231},"SourceTimestamp":"2024-04-27T16:40:56.2565124Z","ServerTimestamp":"2024-04-27T16:40:57.094562Z"},"nsu=http://opcfoundation.org/UA/Plc/Applications;s=SlowRandomUIntScalar2":{"Value":{"Type":7,"Body":735065842},"SourceTimestamp":"2024-04-27T16:40:56.256517Z","ServerTimestamp":"2024-04-27T16:40:57.0945486Z"},"nsu=http://opcfoundation.org/UA/Plc/Applications;s=SlowRandomUIntScalar3":{"Value":{"Type":7,"Body":398898796},"SourceTimestamp":"2024-04-27T16:40:56.2565184Z","ServerTimestamp":"2024-04-27T16:40:57.0945578Z"},"nsu=http://opcfoundation.org/UA/Plc/Applications;s=BadSlowRandomUIntScalar1":{"Value":{"Type":7,"Body":3308373585},"StatusCode":1083179008,"SourceTimestamp":"2024-04-27T16:40:56.25652Z","ServerTimestamp":"2024-04-27T16:40:57.0945567Z"},"nsu=http://opcfoundation.org/UA/Plc/Applications;s=SpikeData":{"Value":{"Type":11,"Body":-77.0513242775789},"SourceTimestamp":"2024-04-27T16:40:57.0619714Z","ServerTimestamp":"2024-04-27T16:40:57.0945547Z"},"ns=23;i=1259":{"Value":{"Type":11,"Body":1.9000000000000001},"SourceTimestamp":"2024-04-27T16:40:17.0822758Z","ServerTimestamp":"2024-04-27T16:40:57.0945165Z"}}}