{"SequenceNumber":42,"MetaDataVersion":{"MajorVersion":1},"Timestamp":"2024-04-27T16:40:59.0856893Z","MessageType":"ua-deltaframe","DataSetWriterName":"<<UnknownDataSet>>","Payload":{"i=2258":{"Value":{"Type":13,"Body":"2024-04-27T16:40:59.0853776Z"},"SourceTimestamp":"2024-04-27T16:40:17.082247Z","ServerTimestamp":"2024-04-27T16:40:59.0853764Z"},"nsu=http://opcfoundation.org/UA/Plc/Applications;s=StepUp":{"Value":{"Type":7,"Body":428},"SourceTimestamp":"2024-04-27T16:40:59.0537098Z","ServerTimestamp":"2024-04-27T16:40:59.0854267Z"},"nsu=http://opcfoundation.org/UA/Plc/Applications;s=AlternatingBoolean":{"Value":{"Type":1,"Body":true},"SourceTimestamp":"2024-04-27T16:40:59.0537171Z","ServerTimestamp":"2024-04-27T16:40:59.0854218Z"},"nsu=http://opcfoundation.org/UA/Plc/Applications;s=RandomSignedInt32":{"Value":{"Type":6,"Body":-1892889961},"SourceTimestamp":"2024-04-27T16:40:59.0537247Z","ServerTimestamp":"2024-04-27T16:40:59.0854194Z"},"nsu=http://opcfoundation.org/UA/Plc/Applications;s=RandomUnsignedInt32":{"Value":{"Type":7,"Body":499533608},"SourceTimestamp":"2024-04-27T16:40:59.0537348Z","ServerTimestamp":"2024-04-27T16:40:59.085426Z"},"nsu=http://opcfoundation.org/UA/Plc/Applications;s=DipData":{"Value":{"Type":11,"Body":24.868988716485482},"SourceTimestamp":"2024-04-27T16:40:59.0537343Z","ServerTimestamp":"2024-04-27T16:40:59.0854187Z"},"nsu=http://opcfoundation.org/UA/Plc/Applications;s=FastUIntScalar1":{"Value":{"Type":7,"Body":42},"SourceTimestamp":"2024-04-27T16:40:58.2545351Z","ServerTimestamp":"2024-04-27T16:40:59.0854089Z"},"nsu=http://opcfoundation.org/UA/Plc/Applications;s=FastUIntScalar2":{"Value":{"Type":7,"Body":42},"SourceTimestamp":"2024-04-27T16:40:58.2545419Z","ServerTimestamp":"2024-04-27T16:40:59.0854105Z"},"nsu=http://opcfoundation.org/UA/Plc/Applications;s=FastUIntScalar3":{"Value":{"Type":7,"Body":42},"SourceTimestamp":"2024-04-27T16:40:58.254546Z","ServerTimestamp":"2024-04-27T16:40:59.0854097Z"},"nsu=http://opcfoundation.org/UA/Plc/Applications;s=FastRandomUIntScalar1":{"Value":{"Type":7,"Body":4245930433},"SourceTimestamp":"2024-04-27T16:40:58.2545378Z","ServerTimestamp":"2024-04-27T16:40:59.0854251Z"},"nsu=http://opcfoundation.org/UA/Plc/Applications;s=FastRandomUIntScalar2":{"Value":{"Type":7,"Body":3126437544},"SourceTimestamp":"2024-04-27T16:40:58.2545447Z","ServerTimestamp":"2024-04-27T16:40:59.0854153Z"},"nsu=http://opcfoundation.org/UA/Plc/Applications;s=FastRandomUIntScalar3":{"Value":{"Type":7,"Body":2306257860},"SourceTimestamp":"2024-04-27T16:40:58.2545468Z","ServerTimestamp":"2024-04-27T16:40:59.0854279Z"},"nsu=http://opcfoundation.org/UA/Plc/Applications;s=NegativeTrendData":{"Value":{"Type":11,"Body":99.799999999999997},"SourceTimestamp":"2024-04-27T16:40:59.0537391Z","ServerTimestamp":"2024-04-27T16:40:59.0854171Z"},"nsu=http://opcfoundation.org/UA/Plc/Applications;s=PositiveTrendData":{"Value":{"Type":11,"Body":100.8},"SourceTimestamp":"2024-04-27T16:40:59.0537431Z","ServerTimestamp":"2024-04-27T16:40:59.0854161Z"},"nsu=http://opcfoundation.org/UA/Plc/Applications;s=SlowUIntScalar1":{"Value":{"Type":7,"Body":4},"SourceTimestamp":"2024-04-27T16:40:56.256501Z","ServerTimestamp":"2024-04-27T16:40:59.0854116Z"},"nsu=http://opcfoundation.org/UA/Plc/Applications;s=SlowUIntScalar2":{"Value":{"Type":7,"Body":4},"SourceTimestamp":"2024-04-27T16:40:56.2565082Z","ServerTimestamp":"2024-04-27T16:40:59.0854145Z"},"nsu=http://opcfoundation.org/UA/Plc/Applications;s=SlowUIntScalar3":{"Value":{"Type":7,"Body":4},"SourceTimestamp":"2024-04-27T16:40:56.2565094Z","ServerTimestamp":"2024-04-27T16:40:59.0854202Z"},"nsu=http://opcfoundation.org/UA/Plc/Applications;s=BadSlowUIntScalar1":{"Value":{"Type":7,"Body":4},"StatusCode":1083179008,"SourceTimestamp":"2024-04-27T16:40:56.2565108Z","ServerTimestamp":"2024-04-27T16:40:59.0854126Z"},"nsu=http://opcfoundation.org/UA/Plc/Applications;s=SlowRandomUIntScalar1":{"Value":{"Type":7,"Body":2415321231},"SourceTimestamp":"2024-04-27T16:40:56.2565124Z","ServerTimestamp":"2024-04-27T16:40:59.0854289Z"},"nsu=http://opcfoundation.org/UA/Plc/Applications;s=SlowRandomUIntScalar2":{"Value":{"Type":7,"Body":735065842},"SourceTimestamp":"2024-04-27T16:40:56.256517Z","ServerTimestamp":"2024-04-27T16:40:59.0854137Z"},"nsu=http://opcfoundation.org/UA/Plc/Applications;s=SlowRandomUIntScalar3":{"Value":{"Type":7,"Body":398898796},"SourceTimestamp":"2024-04-27T16:40:56.2565184Z","ServerTimestamp":"2024-04-27T16:40:59.0854245Z"},"nsu=http://opcfoundation.org/UA/Plc/Applications;s=BadSlowRandomUIntScalar1":{"Value":{"Type":7,"Body":3308373585},"StatusCode":1083179008,"SourceTimestamp":"2024-04-27T16:40:56.25652Z","ServerTimestamp":"2024-04-27T16:40:59.0854234Z"},"nsu=http://opcfoundation.org/UA/Plc/Applications;s=SpikeData":{"Value":{"Type":11,"Body":24.868988716485482},"SourceTimestamp":"2024-04-27T16:40:59.0537426Z","ServerTimestamp":"2024-04-27T16:40:59.0854211Z"},"ns=23;i=1259":{"Value":{"Type":11,"Body":0.0090000000000000011},"SourceTimestamp":"2024-04-27T16:40:17.0822758Z","ServerTimestamp":"2024-04-27T16:40:59.0853922Z"}}}