{"SequenceNumber":48,"MetaDataVersion":{"MajorVersion":1},"Timestamp":"2024-04-27T16:41:05.0957466Z","MessageType":"ua-deltaframe","DataSetWriterName":"<<UnknownDataSet>>","Payload":{"i=2258":{"Value":{"Type":13,"Body":"2024-04-27T16:41:05.0954692Z"},"SourceTimestamp":"2024-04-27T16:40:17.082247Z","ServerTimestamp":"2024-04-27T16:41:05.0954679Z"},"nsu=http://opcfoundation.org/UA/Plc/Applications;s=StepUp":{"Value":{"Type":7,"Body":488},"SourceTimestamp":"2024-04-27T16:41:05.0473416Z","ServerTimestamp":"2024-04-27T16:41:05.0955135Z"},"nsu=http://opcfoundation.org/UA/Plc/Applications;s=AlternatingBoolean":{"Value":{"Type":1,"Body":false},"SourceTimestamp":"2024-04-27T16:41:05.0473532Z","ServerTimestamp":"2024-04-27T16:41:05.0955094Z"},"nsu=http://opcfoundation.org/UA/Plc/Applications;s=RandomSignedInt32":{"Value":{"Type":6,"Body":466103173},"SourceTimestamp":"2024-04-27T16:41:05.0473646Z","ServerTimestamp":"2024-04-27T16:41:05.0955071Z"},"nsu=http://opcfoundation.org/UA/Plc/Applications;s=RandomUnsignedInt32":{"Value":{"Type":7,"Body":427227227},"SourceTimestamp":"2024-04-27T16:41:05.047357Z","ServerTimestamp":"2024-04-27T16:41:05.0955129Z"},"nsu=http://opcfoundation.org/UA/Plc/Applications;s=DipData":{"Value":{"Type":11,"Body":99.80267284282715},"SourceTimestamp":"2024-04-27T16:41:05.0473684Z","ServerTimestamp":"2024-04-27T16:41:05.0955065Z"},"nsu=http://opcfoundation.org/UA/Plc/Applications;s=FastUIntScalar1":{"Value":{"Type":7,"Body":48},"SourceTimestamp":"2024-04-27T16:41:04.2590493Z","ServerTimestamp":"2024-04-27T16:41:05.0954977Z"},"nsu=http://opcfoundation.org/UA/Plc/Applications;s=FastUIntScalar2":{"Value":{"Type":7,"Body":48},"SourceTimestamp":"2024-04-27T16:41:04.2590543Z","ServerTimestamp":"2024-04-27T16:41:05.0954992Z"},"nsu=http://opcfoundation.org/UA/Plc/Applications;s=FastUIntScalar3":{"Value":{"Type":7,"Body":48},"SourceTimestamp":"2024-04-27T16:41:04.2590558Z","ServerTimestamp":"2024-04-27T16:41:05.0954984Z"},"nsu=http://opcfoundation.org/UA/Plc/Applications;s=FastRandomUIntScalar1":{"Value":{"Type":7,"Body":436770218},"SourceTimestamp":"2024-04-27T16:41:04.2590564Z","ServerTimestamp":"2024-04-27T16:41:05.0955121Z"},"nsu=http://opcfoundation.org/UA/Plc/Applications;s=FastRandomUIntScalar2":{"Value":{"Type":7,"Body":1818141829},"SourceTimestamp":"2024-04-27T16:41:04.2590615Z","ServerTimestamp":"2024-04-27T16:41:05.0955042Z"},"nsu=http://opcfoundation.org/UA/Plc/Applications;s=FastRandomUIntScalar3":{"Value":{"Type":7,"Body":568430492},"SourceTimestamp":"2024-04-27T16:41:04.2590636Z","ServerTimestamp":"2024-04-27T16:41:05.0955143Z"},"nsu=http://opcfoundation.org/UA/Plc/Applications;s=NegativeTrendData":{"Value":{"Type":11,"Body":99.700000000000003},"SourceTimestamp":"2024-04-27T16:41:05.0473745Z","ServerTimestamp":"2024-04-27T16:41:05.0955059Z"},"nsu=http://opcfoundation.org/UA/Plc/Applications;s=PositiveTrendData":{"Value":{"Type":11,"Body":100.90000000000001},"SourceTimestamp":"2024-04-27T16:41:05.0473744Z","ServerTimestamp":"2024-04-27T16:41:05.0955051Z"},"nsu=http://opcfoundation.org/UA/Plc/Applications;s=SlowUIntScalar1":{"Value":{"Type":7,"Body":4},"SourceTimestamp":"2024-04-27T16:40:56.256501Z","ServerTimestamp":"2024-04-27T16:41:05.0955001Z"},"nsu=http://opcfoundation.org/UA/Plc/Applications;s=SlowUIntScalar2":{"Value":{"Type":7,"Body":4},"SourceTimestamp":"2024-04-27T16:40:56.2565082Z","ServerTimestamp":"2024-04-27T16:41:05.0955036Z"},"nsu=http://opcfoundation.org/UA/Plc/Applications;s=SlowUIntScalar3":{"Value":{"Type":7,"Body":4},"SourceTimestamp":"2024-04-27T16:40:56.2565094Z","ServerTimestamp":"2024-04-27T16:41:05.095508Z"},"nsu=http://opcfoundation.org/UA/Plc/Applications;s=BadSlowUIntScalar1":{"Value":{"Type":7,"Body":4},"StatusCode":1083179008,"SourceTimestamp":"2024-04-27T16:40:56.2565108Z","ServerTimestamp":"2024-04-27T16:41:05.0955011Z"},"nsu=http://opcfoundation.org/UA/Plc/Applications;s=SlowRandomUIntScalar1":{"Value":{"Type":7,"Body":2415321231},"SourceTimestamp":"2024-04-27T16:40:56.2565124Z","ServerTimestamp":"2024-04-27T16:41:05.0955153Z"},"nsu=http://opcfoundation.org/UA/Plc/Applications;s=SlowRandomUIntScalar2":{"Value":{"Type":7,"Body":735065842},"SourceTimestamp":"2024-04-27T16:40:56.256517Z","ServerTimestamp":"2024-04-27T16:41:05.0955027Z"},"nsu=http://opcfoundation.org/UA/Plc/Applications;s=SlowRandomUIntScalar3":{"Value":{"Type":7,"Body":398898796},"SourceTimestamp":"2024-04-27T16:40:56.2565184Z","ServerTimestamp":"2024-04-27T16:41:05.0955116Z"},"nsu=http://opcfoundation.org/UA/Plc/Applications;s=BadSlowRandomUIntScalar1":{"Value":{"Type":7,"Body":3308373585},"StatusCode":1083179008,"SourceTimestamp":"2024-04-27T16:40:56.25652Z","ServerTimestamp":"2024-04-27T16:41:05.0955105Z"},"nsu=http://opcfoundation.org/UA/Plc/Applications;s=SpikeData":{"Value":{"Type":11,"Body":99.80267284282715},"SourceTimestamp":"2024-04-27T16:41:05.0473744Z","ServerTimestamp":"2024-04-27T16:41:05.0955087Z"},"ns=23;i=1259":{"Value":{"Type":11,"Body":-1.3400000000000001},"SourceTimestamp":"2024-04-27T16:40:17.0822758Z","ServerTimestamp":"2024-04-27T16:41:05.0954826Z"}}}