{"SequenceNumber":49,"MetaDataVersion":{"MajorVersion":1},"Timestamp":"2024-04-27T16:41:06.0894565Z","MessageType":"ua-deltaframe","DataSetWriterName":"<<UnknownDataSet>>","Payload":{"i=2258":{"Value":{"Type":13,"Body":"2024-04-27T16:41:06.0891512Z"},"SourceTimestamp":"2024-04-27T16:40:17.082247Z","ServerTimestamp":"2024-04-27T16:41:06.0891498Z"},"nsu=http://opcfoundation.org/UA/Plc/Applications;s=StepUp":{"Value":{"Type":7,"Body":498},"SourceTimestamp":"2024-04-27T16:41:06.0566798Z","ServerTimestamp":"2024-04-27T16:41:06.089199Z"},"nsu=http://opcfoundation.org/UA/Plc/Applications;s=AlternatingBoolean":{"Value":{"Type":1,"Body":false},"SourceTimestamp":"2024-04-27T16:41:06.0566856Z","ServerTimestamp":"2024-04-27T16:41:06.0891945Z"},"nsu=http://opcfoundation.org/UA/Plc/Applications;s=RandomSignedInt32":{"Value":{"Type":6,"Body":-457735286},"SourceTimestamp":"2024-04-27T16:41:06.0566845Z","ServerTimestamp":"2024-04-27T16:41:06.0891921Z"},"nsu=http://opcfoundation.org/UA/Plc/Applications;s=RandomUnsignedInt32":{"Value":{"Type":7,"Body":1405494752},"SourceTimestamp":"2024-04-27T16:41:06.0566898Z","ServerTimestamp":"2024-04-27T16:41:06.0891983Z"},"nsu=http://opcfoundation.org/UA/Plc/Applications;s=DipData":{"Value":{"Type":11,"Body":36.812455268467801},"SourceTimestamp":"2024-04-27T16:41:06.0566996Z","ServerTimestamp":"2024-04-27T16:41:06.0891915Z"},"nsu=http://opcfoundation.org/UA/Plc/Applications;s=FastUIntScalar1":{"Value":{"Type":7,"Body":49},"SourceTimestamp":"2024-04-27T16:41:05.2486543Z","ServerTimestamp":"2024-04-27T16:41:06.0891824Z"},"nsu=http://opcfoundation.org/UA/Plc/Applications;s=FastUIntScalar2":{"Value":{"Type":7,"Body":49},"SourceTimestamp":"2024-04-27T16:41:05.2486606Z","ServerTimestamp":"2024-04-27T16:41:06.0891843Z"},"nsu=http://opcfoundation.org/UA/Plc/Applications;s=FastUIntScalar3":{"Value":{"Type":7,"Body":49},"SourceTimestamp":"2024-04-27T16:41:05.2486647Z","ServerTimestamp":"2024-04-27T16:41:06.0891835Z"},"nsu=http://opcfoundation.org/UA/Plc/Applications;s=FastRandomUIntScalar1":{"Value":{"Type":7,"Body":578608386},"SourceTimestamp":"2024-04-27T16:41:05.2486577Z","ServerTimestamp":"2024-04-27T16:41:06.0891974Z"},"nsu=http://opcfoundation.org/UA/Plc/Applications;s=FastRandomUIntScalar2":{"Value":{"Type":7,"Body":1543782380},"SourceTimestamp":"2024-04-27T16:41:05.2486636Z","ServerTimestamp":"2024-04-27T16:41:06.089189Z"},"nsu=http://opcfoundation.org/UA/Plc/Applications;s=FastRandomUIntScalar3":{"Value":{"Type":7,"Body":43010685},"SourceTimestamp":"2024-04-27T16:41:05.2486657Z","ServerTimestamp":"2024-04-27T16:41:06.0891998Z"},"nsu=http://opcfoundation.org/UA/Plc/Applications;s=NegativeTrendData":{"Value":{"Type":11,"Body":99.700000000000003},"SourceTimestamp":"2024-04-27T16:41:06.0567023Z","ServerTimestamp":"2024-04-27T16:41:06.0891907Z"},"nsu=http://opcfoundation.org/UA/Plc/Applications;s=PositiveTrendData":{"Value":{"Type":11,"Body":100.90000000000001},"SourceTimestamp":"2024-04-27T16:41:06.056698Z","ServerTimestamp":"2024-04-27T16:41:06.0891898Z"},"nsu=http://opcfoundation.org/UA/Plc/Applications;s=SlowUIntScalar1":{"Value":{"Type":7,"Body":4},"SourceTimestamp":"2024-04-27T16:40:56.256501Z","ServerTimestamp":"2024-04-27T16:41:06.0891853Z"},"nsu=http://opcfoundation.org/UA/Plc/Applications;s=SlowUIntScalar2":{"Value":{"Type":7,"Body":4},"SourceTimestamp":"2024-04-27T16:40:56.2565082Z","ServerTimestamp":"2024-04-27T16:41:06.0891884Z"},"nsu=http://opcfoundation.org/UA/Plc/Applications;s=SlowUIntScalar3":{"Value":{"Type":7,"Body":4},"SourceTimestamp":"2024-04-27T16:40:56.2565094Z","ServerTimestamp":"2024-04-27T16:41:06.0891929Z"},"nsu=http://opcfoundation.org/UA/Plc/Applications;s=BadSlowUIntScalar1":{"Value":{"Type":7,"Body":4},"StatusCode":1083179008,"SourceTimestamp":"2024-04-27T16:40:56.2565108Z","ServerTimestamp":"2024-04-27T16:41:06.0891864Z"},"nsu=http://opcfoundation.org/UA/Plc/Applications;s=SlowRandomUIntScalar1":{"Value":{"Type":7,"Body":2415321231},"SourceTimestamp":"2024-04-27T16:40:56.2565124Z","ServerTimestamp":"2024-04-27T16:41:06.0892008Z"},"nsu=http://opcfoundation.org/UA/Plc/Applications;s=SlowRandomUIntScalar2":{"Value":{"Type":7,"Body":735065842},"SourceTimestamp":"2024-04-27T16:40:56.256517Z","ServerTimestamp":"2024-04-27T16:41:06.0891876Z"},"nsu=http://opcfoundation.org/UA/Plc/Applications;s=SlowRandomUIntScalar3":{"Value":{"Type":7,"Body":398898796},"SourceTimestamp":"2024-04-27T16:40:56.2565184Z","ServerTimestamp":"2024-04-27T16:41:06.0891968Z"},"nsu=http://opcfoundation.org/UA/Plc/Applications;s=BadSlowRandomUIntScalar1":{"Value":{"Type":7,"Body":3308373585},"StatusCode":1083179008,"SourceTimestamp":"2024-04-27T16:40:56.25652Z","ServerTimestamp":"2024-04-27T16:41:06.0891957Z"},"nsu=http://opcfoundation.org/UA/Plc/Applications;s=SpikeData":{"Value":{"Type":11,"Body":36.812455268467801},"SourceTimestamp":"2024-04-27T16:41:06.0566993Z","ServerTimestamp":"2024-04-27T16:41:06.0891937Z"},"ns=23;i=1259":{"Value":{"Type":11,"Body":-0.436},"SourceTimestamp":"2024-04-27T16:40:17.0822758Z","ServerTimestamp":"2024-04-27T16:41:06.0891669Z"}}}