{"SequenceNumber":51,"MetaDataVersion":{"MajorVersion":1},"Timestamp":"2024-04-27T16:41:08.0997499Z","MessageType":"ua-deltaframe","DataSetWriterName":"<<UnknownDataSet>>","Payload":{"i=2258":{"Value":{"Type":13,"Body":"2024-04-27T16:41:08.0994555Z"},"SourceTimestamp":"2024-04-27T16:40:17.082247Z","ServerTimestamp":"2024-04-27T16:41:08.0994546Z"},"nsu=http://opcfoundation.org/UA/Plc/Applications;s=StepUp":{"Value":{"Type":7,"Body":518},"SourceTimestamp":"2024-04-27T16:41:08.0513656Z","ServerTimestamp":"2024-04-27T16:41:08.0995026Z"},"nsu=http://opcfoundation.org/UA/Plc/Applications;s=AlternatingBoolean":{"Value":{"Type":1,"Body":true},"SourceTimestamp":"2024-04-27T16:41:08.0513657Z","ServerTimestamp":"2024-04-27T16:41:08.0994982Z"},"nsu=http://opcfoundation.org/UA/Plc/Applications;s=RandomSignedInt32":{"Value":{"Type":6,"Body":-870973719},"SourceTimestamp":"2024-04-27T16:41:08.0513741Z","ServerTimestamp":"2024-04-27T16:41:08.0994957Z"},"nsu=http://opcfoundation.org/UA/Plc/Applications;s=RandomUnsignedInt32":{"Value":{"Type":7,"Body":143052288},"SourceTimestamp":"2024-04-27T16:41:08.0513788Z","ServerTimestamp":"2024-04-27T16:41:08.0995019Z"},"nsu=http://opcfoundation.org/UA/Plc/Applications;s=DipData":{"Value":{"Type":11,"Body":-84.432792550201526},"SourceTimestamp":"2024-04-27T16:41:08.0513867Z","ServerTimestamp":"2024-04-27T16:41:08.0994949Z"},"nsu=http://opcfoundation.org/UA/Plc/Applications;s=FastUIntScalar1":{"Value":{"Type":7,"Body":51},"SourceTimestamp":"2024-04-27T16:41:07.2577079Z","ServerTimestamp":"2024-04-27T16:41:08.099486Z"},"nsu=http://opcfoundation.org/UA/Plc/Applications;s=FastUIntScalar2":{"Value":{"Type":7,"Body":51},"SourceTimestamp":"2024-04-27T16:41:07.2577144Z","ServerTimestamp":"2024-04-27T16:41:08.0994879Z"},"nsu=http://opcfoundation.org/UA/Plc/Applications;s=FastUIntScalar3":{"Value":{"Type":7,"Body":51},"SourceTimestamp":"2024-04-27T16:41:07.2577159Z","ServerTimestamp":"2024-04-27T16:41:08.099487Z"},"nsu=http://opcfoundation.org/UA/Plc/Applications;s=FastRandomUIntScalar1":{"Value":{"Type":7,"Body":3423424746},"SourceTimestamp":"2024-04-27T16:41:07.2577146Z","ServerTimestamp":"2024-04-27T16:41:08.099501Z"},"nsu=http://opcfoundation.org/UA/Plc/Applications;s=FastRandomUIntScalar2":{"Value":{"Type":7,"Body":1477721933},"SourceTimestamp":"2024-04-27T16:41:07.257719Z","ServerTimestamp":"2024-04-27T16:41:08.0994925Z"},"nsu=http://opcfoundation.org/UA/Plc/Applications;s=FastRandomUIntScalar3":{"Value":{"Type":7,"Body":4210923274},"SourceTimestamp":"2024-04-27T16:41:07.2577207Z","ServerTimestamp":"2024-04-27T16:41:08.0995036Z"},"nsu=http://opcfoundation.org/UA/Plc/Applications;s=NegativeTrendData":{"Value":{"Type":11,"Body":99.599999999999994},"SourceTimestamp":"2024-04-27T16:41:08.0513867Z","ServerTimestamp":"2024-04-27T16:41:08.0994944Z"},"nsu=http://opcfoundation.org/UA/Plc/Applications;s=PositiveTrendData":{"Value":{"Type":11,"Body":101},"SourceTimestamp":"2024-04-27T16:41:08.0514042Z","ServerTimestamp":"2024-04-27T16:41:08.0994933Z"},"nsu=http://opcfoundation.org/UA/Plc/Applications;s=SlowUIntScalar1":{"Value":{"Type":7,"Body":5},"SourceTimestamp":"2024-04-27T16:41:06.2598722Z","ServerTimestamp":"2024-04-27T16:41:08.0994888Z"},"nsu=http://opcfoundation.org/UA/Plc/Applications;s=SlowUIntScalar2":{"Value":{"Type":7,"Body":5},"SourceTimestamp":"2024-04-27T16:41:06.2598838Z","ServerTimestamp":"2024-04-27T16:41:08.0994917Z"},"nsu=http://opcfoundation.org/UA/Plc/Applications;s=SlowUIntScalar3":{"Value":{"Type":7,"Body":5},"SourceTimestamp":"2024-04-27T16:41:06.2598865Z","ServerTimestamp":"2024-04-27T16:41:08.0994965Z"},"nsu=http://opcfoundation.org/UA/Plc/Applications;s=BadSlowUIntScalar1":{"Value":{"Type":7,"Body":5},"SourceTimestamp":"2024-04-27T16:41:06.2598892Z","ServerTimestamp":"2024-04-27T16:41:08.0994902Z"},"nsu=http://opcfoundation.org/UA/Plc/Applications;s=SlowRandomUIntScalar1":{"Value":{"Type":7,"Body":788818199},"SourceTimestamp":"2024-04-27T16:41:06.2598926Z","ServerTimestamp":"2024-04-27T16:41:08.0995046Z"},"nsu=http://opcfoundation.org/UA/Plc/Applications;s=SlowRandomUIntScalar2":{"Value":{"Type":7,"Body":152772141},"SourceTimestamp":"2024-04-27T16:41:06.2599007Z","ServerTimestamp":"2024-04-27T16:41:08.099491Z"},"nsu=http://opcfoundation.org/UA/Plc/Applications;s=SlowRandomUIntScalar3":{"Value":{"Type":7,"Body":4071902018},"SourceTimestamp":"2024-04-27T16:41:06.2599026Z","ServerTimestamp":"2024-04-27T16:41:08.0995005Z"},"nsu=http://opcfoundation.org/UA/Plc/Applications;s=BadSlowRandomUIntScalar1":{"Value":{"Type":7,"Body":3545929017},"SourceTimestamp":"2024-04-27T16:41:06.2599052Z","ServerTimestamp":"2024-04-27T16:41:08.0994995Z"},"nsu=http://opcfoundation.org/UA/Plc/Applications;s=SpikeData":{"Value":{"Type":11,"Body":-84.432792550201526},"SourceTimestamp":"2024-04-27T16:41:08.0513917Z","ServerTimestamp":"2024-04-27T16:41:08.0994975Z"},"ns=23;i=1259":{"Value":{"Type":11,"Body":-0.38300000000000001},"SourceTimestamp":"2024-04-27T16:40:17.0822758Z","ServerTimestamp":"2024-04-27T16:41:08.0994702Z"}}}