{"SequenceNumber":54,"MetaDataVersion":{"MajorVersion":1},"Timestamp":"2024-04-27T16:41:11.0894724Z","MessageType":"ua-deltaframe","DataSetWriterName":"<<UnknownDataSet>>","Payload":{"i=2258":{"Value":{"Type":13,"Body":"2024-04-27T16:41:11.0891551Z"},"SourceTimestamp":"2024-04-27T16:40:17.082247Z","ServerTimestamp":"2024-04-27T16:41:11.0891538Z"},"nsu=http://opcfoundation.org/UA/Plc/Applications;s=StepUp":{"Value":{"Type":7,"Body":548},"SourceTimestamp":"2024-04-27T16:41:11.0569972Z","ServerTimestamp":"2024-04-27T16:41:11.0892036Z"},"nsu=http://opcfoundation.org/UA/Plc/Applications;s=AlternatingBoolean":{"Value":{"Type":1,"Body":true},"SourceTimestamp":"2024-04-27T16:41:11.0570906Z","ServerTimestamp":"2024-04-27T16:41:11.0891991Z"},"nsu=http://opcfoundation.org/UA/Plc/Applications;s=RandomSignedInt32":{"Value":{"Type":6,"Body":-312594368},"SourceTimestamp":"2024-04-27T16:41:11.0570667Z","ServerTimestamp":"2024-04-27T16:41:11.0891967Z"},"nsu=http://opcfoundation.org/UA/Plc/Applications;s=RandomUnsignedInt32":{"Value":{"Type":7,"Body":498205829},"SourceTimestamp":"2024-04-27T16:41:11.0570492Z","ServerTimestamp":"2024-04-27T16:41:11.0892029Z"},"nsu=http://opcfoundation.org/UA/Plc/Applications;s=DipData":{"Value":{"Type":11,"Body":36.812455268467801},"SourceTimestamp":"2024-04-27T16:41:11.0570623Z","ServerTimestamp":"2024-04-27T16:41:11.0891961Z"},"nsu=http://opcfoundation.org/UA/Plc/Applications;s=FastUIntScalar1":{"Value":{"Type":7,"Body":54},"SourceTimestamp":"2024-04-27T16:41:10.2517152Z","ServerTimestamp":"2024-04-27T16:41:11.0891873Z"},"nsu=http://opcfoundation.org/UA/Plc/Applications;s=FastUIntScalar2":{"Value":{"Type":7,"Body":54},"SourceTimestamp":"2024-04-27T16:41:10.251722Z","ServerTimestamp":"2024-04-27T16:41:11.0891891Z"},"nsu=http://opcfoundation.org/UA/Plc/Applications;s=FastUIntScalar3":{"Value":{"Type":7,"Body":54},"SourceTimestamp":"2024-04-27T16:41:10.2517236Z","ServerTimestamp":"2024-04-27T16:41:11.0891883Z"},"nsu=http://opcfoundation.org/UA/Plc/Applications;s=FastRandomUIntScalar1":{"Value":{"Type":7,"Body":1300111233},"SourceTimestamp":"2024-04-27T16:41:10.2517226Z","ServerTimestamp":"2024-04-27T16:41:11.089202Z"},"nsu=http://opcfoundation.org/UA/Plc/Applications;s=FastRandomUIntScalar2":{"Value":{"Type":7,"Body":4112572137},"SourceTimestamp":"2024-04-27T16:41:10.2517273Z","ServerTimestamp":"2024-04-27T16:41:11.0891938Z"},"nsu=http://opcfoundation.org/UA/Plc/Applications;s=FastRandomUIntScalar3":{"Value":{"Type":7,"Body":4077669782},"SourceTimestamp":"2024-04-27T16:41:10.2517288Z","ServerTimestamp":"2024-04-27T16:41:11.0892045Z"},"nsu=http://opcfoundation.org/UA/Plc/Applications;s=NegativeTrendData":{"Value":{"Type":11,"Body":99.599999999999994},"SourceTimestamp":"2024-04-27T16:41:11.057069Z","ServerTimestamp":"2024-04-27T16:41:11.0891956Z"},"nsu=http://opcfoundation.org/UA/Plc/Applications;s=PositiveTrendData":{"Value":{"Type":11,"Body":101},"SourceTimestamp":"2024-04-27T16:41:11.0570997Z","ServerTimestamp":"2024-04-27T16:41:11.0891946Z"},"nsu=http://opcfoundation.org/UA/Plc/Applications;s=SlowUIntScalar1":{"Value":{"Type":7,"Body":5},"SourceTimestamp":"2024-04-27T16:41:06.2598722Z","ServerTimestamp":"2024-04-27T16:41:11.0891901Z"},"nsu=http://opcfoundation.org/UA/Plc/Applications;s=SlowUIntScalar2":{"Value":{"Type":7,"Body":5},"SourceTimestamp":"2024-04-27T16:41:06.2598838Z","ServerTimestamp":"2024-04-27T16:41:11.089193Z"},"nsu=http://opcfoundation.org/UA/Plc/Applications;s=SlowUIntScalar3":{"Value":{"Type":7,"Body":5},"SourceTimestamp":"2024-04-27T16:41:06.2598865Z","ServerTimestamp":"2024-04-27T16:41:11.0891976Z"},"nsu=http://opcfoundation.org/UA/Plc/Applications;s=BadSlowUIntScalar1":{"Value":{"Type":7,"Body":5},"SourceTimestamp":"2024-04-27T16:41:06.2598892Z","ServerTimestamp":"2024-04-27T16:41:11.0891912Z"},"nsu=http://opcfoundation.org/UA/Plc/Applications;s=SlowRandomUIntScalar1":{"Value":{"Type":7,"Body":788818199},"SourceTimestamp":"2024-04-27T16:41:06.2598926Z","ServerTimestamp":"2024-04-27T16:41:11.0892055Z"},"nsu=http://opcfoundation.org/UA/Plc/Applications;s=SlowRandomUIntScalar2":{"Value":{"Type":7,"Body":152772141},"SourceTimestamp":"2024-04-27T16:41:06.2599007Z","ServerTimestamp":"2024-04-27T16:41:11.0891921Z"},"nsu=http://opcfoundation.org/UA/Plc/Applications;s=SlowRandomUIntScalar3":{"Value":{"Type":7,"Body":4071902018},"SourceTimestamp":"2024-04-27T16:41:06.2599026Z","ServerTimestamp":"2024-04-27T16:41:11.0892015Z"},"nsu=http://opcfoundation.org/UA/Plc/Applications;s=BadSlowRandomUIntScalar1":{"Value":{"Type":7,"Body":3545929017},"SourceTimestamp":"2024-04-27T16:41:06.2599052Z","ServerTimestamp":"2024-04-27T16:41:11.0892004Z"},"nsu=http://opcfoundation.org/UA/Plc/Applications;s=SpikeData":{"Value":{"Type":11,"Body":36.812455268467801},"SourceTimestamp":"2024-04-27T16:41:11.0571168Z","ServerTimestamp":"2024-04-27T16:41:11.0891984Z"},"ns=23;i=1259":{"Value":{"Type":11,"Body":1.54},"SourceTimestamp":"2024-04-27T16:40:17.0822758Z","ServerTimestamp":"2024-04-27T16:41:11.0891709Z"}}}