{"SequenceNumber":55,"MetaDataVersion":{"MajorVersion":1},"Timestamp":"2024-04-27T16:41:12.0995472Z","MessageType":"ua-deltaframe","DataSetWriterName":"<<UnknownDataSet>>","Payload":{"i=2258":{"Value":{"Type":13,"Body":"2024-04-27T16:41:12.0992411Z"},"SourceTimestamp":"2024-04-27T16:40:17.082247Z","ServerTimestamp":"2024-04-27T16:41:12.0992401Z"},"nsu=http://opcfoundation.org/UA/Plc/Applications;s=StepUp":{"Value":{"Type":7,"Body":558},"SourceTimestamp":"2024-04-27T16:41:12.0507601Z","ServerTimestamp":"2024-04-27T16:41:12.0992884Z"},"nsu=http://opcfoundation.org/UA/Plc/Applications;s=AlternatingBoolean":{"Value":{"Type":1,"Body":false},"SourceTimestamp":"2024-04-27T16:41:12.0507601Z","ServerTimestamp":"2024-04-27T16:41:12.0992823Z"},"nsu=http://opcfoundation.org/UA/Plc/Applications;s=RandomSignedInt32":{"Value":{"Type":6,"Body":963330376},"SourceTimestamp":"2024-04-27T16:41:12.0507727Z","ServerTimestamp":"2024-04-27T16:41:12.0992801Z"},"nsu=http://opcfoundation.org/UA/Plc/Applications;s=RandomUnsignedInt32":{"Value":{"Type":7,"Body":755306989},"SourceTimestamp":"2024-04-27T16:41:12.050774Z","ServerTimestamp":"2024-04-27T16:41:12.0992877Z"},"nsu=http://opcfoundation.org/UA/Plc/Applications;s=DipData":{"Value":{"Type":11,"Body":-77.0513242775789},"SourceTimestamp":"2024-04-27T16:41:12.0507918Z","ServerTimestamp":"2024-04-27T16:41:12.0992794Z"},"nsu=http://opcfoundation.org/UA/Plc/Applications;s=FastUIntScalar1":{"Value":{"Type":7,"Body":55},"SourceTimestamp":"2024-04-27T16:41:11.2575564Z","ServerTimestamp":"2024-04-27T16:41:12.0992709Z"},"nsu=http://opcfoundation.org/UA/Plc/Applications;s=FastUIntScalar2":{"Value":{"Type":7,"Body":55},"SourceTimestamp":"2024-04-27T16:41:11.257567Z","ServerTimestamp":"2024-04-27T16:41:12.0992728Z"},"nsu=http://opcfoundation.org/UA/Plc/Applications;s=FastUIntScalar3":{"Value":{"Type":7,"Body":55},"SourceTimestamp":"2024-04-27T16:41:11.2575697Z","ServerTimestamp":"2024-04-27T16:41:12.099272Z"},"nsu=http://opcfoundation.org/UA/Plc/Applications;s=FastRandomUIntScalar1":{"Value":{"Type":7,"Body":3248343527},"SourceTimestamp":"2024-04-27T16:41:11.2575476Z","ServerTimestamp":"2024-04-27T16:41:12.0992869Z"},"nsu=http://opcfoundation.org/UA/Plc/Applications;s=FastRandomUIntScalar2":{"Value":{"Type":7,"Body":190282525},"SourceTimestamp":"2024-04-27T16:41:11.2575556Z","ServerTimestamp":"2024-04-27T16:41:12.0992771Z"},"nsu=http://opcfoundation.org/UA/Plc/Applications;s=FastRandomUIntScalar3":{"Value":{"Type":7,"Body":1413774696},"SourceTimestamp":"2024-04-27T16:41:11.2575585Z","ServerTimestamp":"2024-04-27T16:41:12.0992892Z"},"nsu=http://opcfoundation.org/UA/Plc/Applications;s=NegativeTrendData":{"Value":{"Type":11,"Body":99.5},"SourceTimestamp":"2024-04-27T16:41:12.0507912Z","ServerTimestamp":"2024-04-27T16:41:12.0992789Z"},"nsu=http://opcfoundation.org/UA/Plc/Applications;s=PositiveTrendData":{"Value":{"Type":11,"Body":101.09999999999999},"SourceTimestamp":"2024-04-27T16:41:12.0507845Z","ServerTimestamp":"2024-04-27T16:41:12.0992779Z"},"nsu=http://opcfoundation.org/UA/Plc/Applications;s=SlowUIntScalar1":{"Value":{"Type":7,"Body":5},"SourceTimestamp":"2024-04-27T16:41:06.2598722Z","ServerTimestamp":"2024-04-27T16:41:12.0992737Z"},"nsu=http://opcfoundation.org/UA/Plc/Applications;s=SlowUIntScalar2":{"Value":{"Type":7,"Body":5},"SourceTimestamp":"2024-04-27T16:41:06.2598838Z","ServerTimestamp":"2024-04-27T16:41:12.0992765Z"},"nsu=http://opcfoundation.org/UA/Plc/Applications;s=SlowUIntScalar3":{"Value":{"Type":7,"Body":5},"SourceTimestamp":"2024-04-27T16:41:06.2598865Z","ServerTimestamp":"2024-04-27T16:41:12.0992809Z"},"nsu=http://opcfoundation.org/UA/Plc/Applications;s=BadSlowUIntScalar1":{"Value":{"Type":7,"Body":5},"SourceTimestamp":"2024-04-27T16:41:06.2598892Z","ServerTimestamp":"2024-04-27T16:41:12.0992748Z"},"nsu=http://opcfoundation.org/UA/Plc/Applications;s=SlowRandomUIntScalar1":{"Value":{"Type":7,"Body":788818199},"SourceTimestamp":"2024-04-27T16:41:06.2598926Z","ServerTimestamp":"2024-04-27T16:41:12.0992903Z"},"nsu=http://opcfoundation.org/UA/Plc/Applications;s=SlowRandomUIntScalar2":{"Value":{"Type":7,"Body":152772141},"SourceTimestamp":"2024-04-27T16:41:06.2599007Z","ServerTimestamp":"2024-04-27T16:41:12.0992757Z"},"nsu=http://opcfoundation.org/UA/Plc/Applications;s=SlowRandomUIntScalar3":{"Value":{"Type":7,"Body":4071902018},"SourceTimestamp":"2024-04-27T16:41:06.2599026Z","ServerTimestamp":"2024-04-27T16:41:12.0992859Z"},"nsu=http://opcfoundation.org/UA/Plc/Applications;s=BadSlowRandomUIntScalar1":{"Value":{"Type":7,"Body":3545929017},"SourceTimestamp":"2024-04-27T16:41:06.2599052Z","ServerTimestamp":"2024-04-27T16:41:12.0992846Z"},"nsu=http://opcfoundation.org/UA/Plc/Applications;s=SpikeData":{"Value":{"Type":11,"Body":-77.0513242775789},"SourceTimestamp":"2024-04-27T16:41:12.0507892Z","ServerTimestamp":"2024-04-27T16:41:12.0992816Z"},"ns=23;i=1259":{"Value":{"Type":11,"Body":0.44800000000000001},"SourceTimestamp":"2024-04-27T16:40:17.0822758Z","ServerTimestamp":"2024-04-27T16:41:12.0992554Z"}}}