{"SequenceNumber":59,"MetaDataVersion":{"MajorVersion":1},"Timestamp":"2024-04-27T16:41:16.0866114Z","MessageType":"ua-deltaframe","DataSetWriterName":"<<UnknownDataSet>>","Payload":{"i=2258":{"Value":{"Type":13,"Body":"2024-04-27T16:41:16.0863336Z"},"SourceTimestamp":"2024-04-27T16:40:17.082247Z","ServerTimestamp":"2024-04-27T16:41:16.0863323Z"},"nsu=http://opcfoundation.org/UA/Plc/Applications;s=StepUp":{"Value":{"Type":7,"Body":598},"SourceTimestamp":"2024-04-27T16:41:16.0551571Z","ServerTimestamp":"2024-04-27T16:41:16.0863796Z"},"nsu=http://opcfoundation.org/UA/Plc/Applications;s=AlternatingBoolean":{"Value":{"Type":1,"Body":false},"SourceTimestamp":"2024-04-27T16:41:16.0551783Z","ServerTimestamp":"2024-04-27T16:41:16.0863751Z"},"nsu=http://opcfoundation.org/UA/Plc/Applications;s=RandomSignedInt32":{"Value":{"Type":6,"Body":-717197605},"SourceTimestamp":"2024-04-27T16:41:16.0552069Z","ServerTimestamp":"2024-04-27T16:41:16.0863731Z"},"nsu=http://opcfoundation.org/UA/Plc/Applications;s=RandomUnsignedInt32":{"Value":{"Type":7,"Body":852401921},"SourceTimestamp":"2024-04-27T16:41:16.0551955Z","ServerTimestamp":"2024-04-27T16:41:16.0863789Z"},"nsu=http://opcfoundation.org/UA/Plc/Applications;s=DipData":{"Value":{"Type":11,"Body":36.812455268467801},"SourceTimestamp":"2024-04-27T16:41:16.0552099Z","ServerTimestamp":"2024-04-27T16:41:16.0863724Z"},"nsu=http://opcfoundation.org/UA/Plc/Applications;s=FastUIntScalar1":{"Value":{"Type":7,"Body":59},"SourceTimestamp":"2024-04-27T16:41:15.249147Z","ServerTimestamp":"2024-04-27T16:41:16.0863642Z"},"nsu=http://opcfoundation.org/UA/Plc/Applications;s=FastUIntScalar2":{"Value":{"Type":7,"Body":59},"SourceTimestamp":"2024-04-27T16:41:15.2491566Z","ServerTimestamp":"2024-04-27T16:41:16.0863662Z"},"nsu=http://opcfoundation.org/UA/Plc/Applications;s=FastUIntScalar3":{"Value":{"Type":7,"Body":59},"SourceTimestamp":"2024-04-27T16:41:15.2491592Z","ServerTimestamp":"2024-04-27T16:41:16.0863654Z"},"nsu=http://opcfoundation.org/UA/Plc/Applications;s=FastRandomUIntScalar1":{"Value":{"Type":7,"Body":3141019858},"SourceTimestamp":"2024-04-27T16:41:15.2491658Z","ServerTimestamp":"2024-04-27T16:41:16.0863781Z"},"nsu=http://opcfoundation.org/UA/Plc/Applications;s=FastRandomUIntScalar2":{"Value":{"Type":7,"Body":1550895039},"SourceTimestamp":"2024-04-27T16:41:15.2491737Z","ServerTimestamp":"2024-04-27T16:41:16.0863703Z"},"nsu=http://opcfoundation.org/UA/Plc/Applications;s=FastRandomUIntScalar3":{"Value":{"Type":7,"Body":1045080042},"SourceTimestamp":"2024-04-27T16:41:15.2491755Z","ServerTimestamp":"2024-04-27T16:41:16.0863803Z"},"nsu=http://opcfoundation.org/UA/Plc/Applications;s=NegativeTrendData":{"Value":{"Type":11,"Body":99.5},"SourceTimestamp":"2024-04-27T16:41:16.0552224Z","ServerTimestamp":"2024-04-27T16:41:16.0863718Z"},"nsu=http://opcfoundation.org/UA/Plc/Applications;s=PositiveTrendData":{"Value":{"Type":11,"Body":101.09999999999999},"SourceTimestamp":"2024-04-27T16:41:16.0552395Z","ServerTimestamp":"2024-04-27T16:41:16.086371Z"},"nsu=http://opcfoundation.org/UA/Plc/Applications;s=SlowUIntScalar1":{"Value":{"Type":7,"Body":5},"SourceTimestamp":"2024-04-27T16:41:06.2598722Z","ServerTimestamp":"2024-04-27T16:41:16.0863672Z"},"nsu=http://opcfoundation.org/UA/Plc/Applications;s=SlowUIntScalar2":{"Value":{"Type":7,"Body":5},"SourceTimestamp":"2024-04-27T16:41:06.2598838Z","ServerTimestamp":"2024-04-27T16:41:16.0863697Z"},"nsu=http://opcfoundation.org/UA/Plc/Applications;s=SlowUIntScalar3":{"Value":{"Type":7,"Body":5},"SourceTimestamp":"2024-04-27T16:41:06.2598865Z","ServerTimestamp":"2024-04-27T16:41:16.0863738Z"},"nsu=http://opcfoundation.org/UA/Plc/Applications;s=BadSlowUIntScalar1":{"Value":{"Type":7,"Body":5},"SourceTimestamp":"2024-04-27T16:41:06.2598892Z","ServerTimestamp":"2024-04-27T16:41:16.0863682Z"},"nsu=http://opcfoundation.org/UA/Plc/Applications;s=SlowRandomUIntScalar1":{"Value":{"Type":7,"Body":788818199},"SourceTimestamp":"2024-04-27T16:41:06.2598926Z","ServerTimestamp":"2024-04-27T16:41:16.0863812Z"},"nsu=http://opcfoundation.org/UA/Plc/Applications;s=SlowRandomUIntScalar2":{"Value":{"Type":7,"Body":152772141},"SourceTimestamp":"2024-04-27T16:41:06.2599007Z","ServerTimestamp":"2024-04-27T16:41:16.0863689Z"},"nsu=http://opcfoundation.org/UA/Plc/Applications;s=SlowRandomUIntScalar3":{"Value":{"Type":7,"Body":4071902018},"SourceTimestamp":"2024-04-27T16:41:06.2599026Z","ServerTimestamp":"2024-04-27T16:41:16.0863776Z"},"nsu=http://opcfoundation.org/UA/Plc/Applications;s=BadSlowRandomUIntScalar1":{"Value":{"Type":7,"Body":3545929017},"SourceTimestamp":"2024-04-27T16:41:06.2599052Z","ServerTimestamp":"2024-04-27T16:41:16.0863767Z"},"nsu=http://opcfoundation.org/UA/Plc/Applications;s=SpikeData":{"Value":{"Type":11,"Body":36.812455268467801},"SourceTimestamp":"2024-04-27T16:41:16.0552178Z","ServerTimestamp":"2024-04-27T16:41:16.0863746Z"},"ns=23;i=1259":{"Value":{"Type":11,"Body":1.6799999999999999},"SourceTimestamp":"2024-04-27T16:40:17.0822758Z","ServerTimestamp":"2024-04-27T16:41:16.0863479Z"}}}