{"SequenceNumber":6,"MetaDataVersion":{"MajorVersion":1},"Timestamp":"2024-04-27T16:40:23.0918931Z","MessageType":"ua-deltaframe","DataSetWriterName":"<<UnknownDataSet>>","Payload":{"i=2258":{"Value":{"Type":13,"Body":"2024-04-27T16:40:23.0916002Z"},"SourceTimestamp":"2024-04-27T16:40:17.082247Z","ServerTimestamp":"2024-04-27T16:40:23.0915986Z"},"nsu=http://opcfoundation.org/UA/Plc/Applications;s=StepUp":{"Value":{"Type":7,"Body":68},"SourceTimestamp":"2024-04-27T16:40:23.0594224Z","ServerTimestamp":"2024-04-27T16:40:23.0916473Z"},"nsu=http://opcfoundation.org/UA/Plc/Applications;s=AlternatingBoolean":{"Value":{"Type":1,"Body":false},"SourceTimestamp":"2024-04-27T16:40:23.0594436Z","ServerTimestamp":"2024-04-27T16:40:23.0916429Z"},"nsu=http://opcfoundation.org/UA/Plc/Applications;s=RandomSignedInt32":{"Value":{"Type":6,"Body":-714422105},"SourceTimestamp":"2024-04-27T16:40:23.0594366Z","ServerTimestamp":"2024-04-27T16:40:23.0916408Z"},"nsu=http://opcfoundation.org/UA/Plc/Applications;s=RandomUnsignedInt32":{"Value":{"Type":7,"Body":609349914},"SourceTimestamp":"2024-04-27T16:40:23.0594415Z","ServerTimestamp":"2024-04-27T16:40:23.0916467Z"},"nsu=http://opcfoundation.org/UA/Plc/Applications;s=DipData":{"Value":{"Type":11,"Body":-84.432792550201526},"SourceTimestamp":"2024-04-27T16:40:23.0594549Z","ServerTimestamp":"2024-04-27T16:40:23.0916401Z"},"nsu=http://opcfoundation.org/UA/Plc/Applications;s=FastUIntScalar1":{"Value":{"Type":7,"Body":6},"SourceTimestamp":"2024-04-27T16:40:22.2527551Z","ServerTimestamp":"2024-04-27T16:40:23.0916318Z"},"nsu=http://opcfoundation.org/UA/Plc/Applications;s=FastUIntScalar2":{"Value":{"Type":7,"Body":6},"SourceTimestamp":"2024-04-27T16:40:22.2527605Z","ServerTimestamp":"2024-04-27T16:40:23.0916336Z"},"nsu=http://opcfoundation.org/UA/Plc/Applications;s=FastUIntScalar3":{"Value":{"Type":7,"Body":6},"SourceTimestamp":"2024-04-27T16:40:22.2527644Z","ServerTimestamp":"2024-04-27T16:40:23.0916328Z"},"nsu=http://opcfoundation.org/UA/Plc/Applications;s=FastRandomUIntScalar1":{"Value":{"Type":7,"Body":3029505462},"SourceTimestamp":"2024-04-27T16:40:22.2527592Z","ServerTimestamp":"2024-04-27T16:40:23.0916458Z"},"nsu=http://opcfoundation.org/UA/Plc/Applications;s=FastRandomUIntScalar2":{"Value":{"Type":7,"Body":4002239649},"SourceTimestamp":"2024-04-27T16:40:22.252763Z","ServerTimestamp":"2024-04-27T16:40:23.0916376Z"},"nsu=http://opcfoundation.org/UA/Plc/Applications;s=FastRandomUIntScalar3":{"Value":{"Type":7,"Body":1475954644},"SourceTimestamp":"2024-04-27T16:40:22.252771Z","ServerTimestamp":"2024-04-27T16:40:23.0916482Z"},"nsu=http://opcfoundation.org/UA/Plc/Applications;s=NegativeTrendData":{"Value":{"Type":11,"Body":100},"SourceTimestamp":"2024-04-27T16:40:23.0594538Z","ServerTimestamp":"2024-04-27T16:40:23.0916394Z"},"nsu=http://opcfoundation.org/UA/Plc/Applications;s=PositiveTrendData":{"Value":{"Type":11,"Body":100.09999999999999},"SourceTimestamp":"2024-04-27T16:40:23.0594649Z","ServerTimestamp":"2024-04-27T16:40:23.0916384Z"},"nsu=http://opcfoundation.org/UA/Plc/Applications;s=SlowUIntScalar1":{"Value":{"Type":7,"Body":0},"SourceTimestamp":"2024-04-27T16:40:16.2469346Z","ServerTimestamp":"2024-04-27T16:40:23.0916345Z"},"nsu=http://opcfoundation.org/UA/Plc/Applications;s=SlowUIntScalar2":{"Value":{"Type":7,"Body":0},"SourceTimestamp":"2024-04-27T16:40:16.2469357Z","ServerTimestamp":"2024-04-27T16:40:23.0916369Z"},"nsu=http://opcfoundation.org/UA/Plc/Applications;s=SlowUIntScalar3":{"Value":{"Type":7,"Body":0},"SourceTimestamp":"2024-04-27T16:40:16.2469371Z","ServerTimestamp":"2024-04-27T16:40:23.0916415Z"},"nsu=http://opcfoundation.org/UA/Plc/Applications;s=BadSlowUIntScalar1":{"Value":{"Type":7,"Body":0},"SourceTimestamp":"2024-04-27T16:40:16.2469388Z","ServerTimestamp":"2024-04-27T16:40:23.0916355Z"},"nsu=http://opcfoundation.org/UA/Plc/Applications;s=SlowRandomUIntScalar1":{"Value":{"Type":7,"Body":0},"SourceTimestamp":"2024-04-27T16:40:16.2469446Z","ServerTimestamp":"2024-04-27T16:40:23.0916492Z"},"nsu=http://opcfoundation.org/UA/Plc/Applications;s=SlowRandomUIntScalar2":{"Value":{"Type":7,"Body":0},"SourceTimestamp":"2024-04-27T16:40:16.2469451Z","ServerTimestamp":"2024-04-27T16:40:23.0916363Z"},"nsu=http://opcfoundation.org/UA/Plc/Applications;s=SlowRandomUIntScalar3":{"Value":{"Type":7,"Body":0},"SourceTimestamp":"2024-04-27T16:40:16.2469455Z","ServerTimestamp":"2024-04-27T16:40:23.0916452Z"},"nsu=http://opcfoundation.org/UA/Plc/Applications;s=BadSlowRandomUIntScalar1":{"Value":{"Type":7,"Body":0},"SourceTimestamp":"2024-04-27T16:40:16.2469471Z","ServerTimestamp":"2024-04-27T16:40:23.0916441Z"},"nsu=http://opcfoundation.org/UA/Plc/Applications;s=SpikeData":{"Value":{"Type":11,"Body":-84.432792550201526},"SourceTimestamp":"2024-04-27T16:40:23.0594875Z","ServerTimestamp":"2024-04-27T16:40:23.0916422Z"},"ns=23;i=1259":{"Value":{"Type":11,"Body":0.90000000000000002},"SourceTimestamp":"2024-04-27T16:40:17.0822758Z","ServerTimestamp":"2024-04-27T16:40:23.0916154Z"}}}