{"SequenceNumber":60,"MetaDataVersion":{"MajorVersion":1},"Timestamp":"2024-04-27T16:41:17.0958066Z","MessageType":"ua-deltaframe","DataSetWriterName":"<<UnknownDataSet>>","Payload":{"i=2258":{"Value":{"Type":13,"Body":"2024-04-27T16:41:17.0955401Z"},"SourceTimestamp":"2024-04-27T16:40:17.082247Z","ServerTimestamp":"2024-04-27T16:41:17.095539Z"},"nsu=http://opcfoundation.org/UA/Plc/Applications;s=StepUp":{"Value":{"Type":7,"Body":608},"SourceTimestamp":"2024-04-27T16:41:17.048557Z","ServerTimestamp":"2024-04-27T16:41:17.0955846Z"},"nsu=http://opcfoundation.org/UA/Plc/Applications;s=AlternatingBoolean":{"Value":{"Type":1,"Body":true},"SourceTimestamp":"2024-04-27T16:41:17.0486201Z","ServerTimestamp":"2024-04-27T16:41:17.09558Z"},"nsu=http://opcfoundation.org/UA/Plc/Applications;s=RandomSignedInt32":{"Value":{"Type":6,"Body":1587245222},"SourceTimestamp":"2024-04-27T16:41:17.0486345Z","ServerTimestamp":"2024-04-27T16:41:17.0955776Z"},"nsu=http://opcfoundation.org/UA/Plc/Applications;s=RandomUnsignedInt32":{"Value":{"Type":7,"Body":1774087263},"SourceTimestamp":"2024-04-27T16:41:17.0486173Z","ServerTimestamp":"2024-04-27T16:41:17.095584Z"},"nsu=http://opcfoundation.org/UA/Plc/Applications;s=DipData":{"Value":{"Type":11,"Body":-77.0513242775789},"SourceTimestamp":"2024-04-27T16:41:17.0486344Z","ServerTimestamp":"2024-04-27T16:41:17.095577Z"},"nsu=http://opcfoundation.org/UA/Plc/Applications;s=FastUIntScalar1":{"Value":{"Type":7,"Body":60},"SourceTimestamp":"2024-04-27T16:41:16.2559972Z","ServerTimestamp":"2024-04-27T16:41:17.0955691Z"},"nsu=http://opcfoundation.org/UA/Plc/Applications;s=FastUIntScalar2":{"Value":{"Type":7,"Body":60},"SourceTimestamp":"2024-04-27T16:41:16.2560015Z","ServerTimestamp":"2024-04-27T16:41:17.0955708Z"},"nsu=http://opcfoundation.org/UA/Plc/Applications;s=FastUIntScalar3":{"Value":{"Type":7,"Body":60},"SourceTimestamp":"2024-04-27T16:41:16.2560029Z","ServerTimestamp":"2024-04-27T16:41:17.09557Z"},"nsu=http://opcfoundation.org/UA/Plc/Applications;s=FastRandomUIntScalar1":{"Value":{"Type":7,"Body":885385867},"SourceTimestamp":"2024-04-27T16:41:16.2560068Z","ServerTimestamp":"2024-04-27T16:41:17.0955832Z"},"nsu=http://opcfoundation.org/UA/Plc/Applications;s=FastRandomUIntScalar2":{"Value":{"Type":7,"Body":2645016624},"SourceTimestamp":"2024-04-27T16:41:16.2560081Z","ServerTimestamp":"2024-04-27T16:41:17.0955748Z"},"nsu=http://opcfoundation.org/UA/Plc/Applications;s=FastRandomUIntScalar3":{"Value":{"Type":7,"Body":1091091851},"SourceTimestamp":"2024-04-27T16:41:16.256009Z","ServerTimestamp":"2024-04-27T16:41:17.0955854Z"},"nsu=http://opcfoundation.org/UA/Plc/Applications;s=NegativeTrendData":{"Value":{"Type":11,"Body":99.400000000000006},"SourceTimestamp":"2024-04-27T16:41:17.0486377Z","ServerTimestamp":"2024-04-27T16:41:17.0955763Z"},"nsu=http://opcfoundation.org/UA/Plc/Applications;s=PositiveTrendData":{"Value":{"Type":11,"Body":101.2},"SourceTimestamp":"2024-04-27T16:41:17.0486428Z","ServerTimestamp":"2024-04-27T16:41:17.0955754Z"},"nsu=http://opcfoundation.org/UA/Plc/Applications;s=SlowUIntScalar1":{"Value":{"Type":7,"Body":6},"SourceTimestamp":"2024-04-27T16:41:16.2556063Z","ServerTimestamp":"2024-04-27T16:41:17.0955716Z"},"nsu=http://opcfoundation.org/UA/Plc/Applications;s=SlowUIntScalar2":{"Value":{"Type":7,"Body":6},"SourceTimestamp":"2024-04-27T16:41:16.2556125Z","ServerTimestamp":"2024-04-27T16:41:17.0955742Z"},"nsu=http://opcfoundation.org/UA/Plc/Applications;s=SlowUIntScalar3":{"Value":{"Type":7,"Body":6},"SourceTimestamp":"2024-04-27T16:41:16.2556139Z","ServerTimestamp":"2024-04-27T16:41:17.0955787Z"},"nsu=http://opcfoundation.org/UA/Plc/Applications;s=BadSlowUIntScalar1":{"Value":{"Type":7,"Body":6},"SourceTimestamp":"2024-04-27T16:41:16.2556152Z","ServerTimestamp":"2024-04-27T16:41:17.0955729Z"},"nsu=http://opcfoundation.org/UA/Plc/Applications;s=SlowRandomUIntScalar1":{"Value":{"Type":7,"Body":1327025302},"SourceTimestamp":"2024-04-27T16:41:16.2556184Z","ServerTimestamp":"2024-04-27T16:41:17.0955863Z"},"nsu=http://opcfoundation.org/UA/Plc/Applications;s=SlowRandomUIntScalar2":{"Value":{"Type":7,"Body":2658079938},"SourceTimestamp":"2024-04-27T16:41:16.2556197Z","ServerTimestamp":"2024-04-27T16:41:17.0955736Z"},"nsu=http://opcfoundation.org/UA/Plc/Applications;s=SlowRandomUIntScalar3":{"Value":{"Type":7,"Body":2067376974},"SourceTimestamp":"2024-04-27T16:41:16.2556212Z","ServerTimestamp":"2024-04-27T16:41:17.0955824Z"},"nsu=http://opcfoundation.org/UA/Plc/Applications;s=BadSlowRandomUIntScalar1":{"Value":{"Type":7,"Body":2751679228},"SourceTimestamp":"2024-04-27T16:41:16.2556229Z","ServerTimestamp":"2024-04-27T16:41:17.0955812Z"},"nsu=http://opcfoundation.org/UA/Plc/Applications;s=SpikeData":{"Value":{"Type":11,"Body":-77.0513242775789},"SourceTimestamp":"2024-04-27T16:41:17.0486533Z","ServerTimestamp":"2024-04-27T16:41:17.0955794Z"},"ns=23;i=1259":{"Value":{"Type":11,"Body":0.58099999999999996},"SourceTimestamp":"2024-04-27T16:40:17.0822758Z","ServerTimestamp":"2024-04-27T16:41:17.0955546Z"}}}