{"SequenceNumber":63,"MetaDataVersion":{"MajorVersion":1},"Timestamp":"2024-04-27T16:41:20.09471Z","MessageType":"ua-deltaframe","DataSetWriterName":"<<UnknownDataSet>>","Payload":{"i=2258":{"Value":{"Type":13,"Body":"2024-04-27T16:41:20.0944088Z"},"SourceTimestamp":"2024-04-27T16:40:17.082247Z","ServerTimestamp":"2024-04-27T16:41:20.0944069Z"},"nsu=http://opcfoundation.org/UA/Plc/Applications;s=StepUp":{"Value":{"Type":7,"Body":638},"SourceTimestamp":"2024-04-27T16:41:20.0471348Z","ServerTimestamp":"2024-04-27T16:41:20.0944562Z"},"nsu=http://opcfoundation.org/UA/Plc/Applications;s=AlternatingBoolean":{"Value":{"Type":1,"Body":true},"SourceTimestamp":"2024-04-27T16:41:20.0471651Z","ServerTimestamp":"2024-04-27T16:41:20.0944518Z"},"nsu=http://opcfoundation.org/UA/Plc/Applications;s=RandomSignedInt32":{"Value":{"Type":6,"Body":-632964572},"SourceTimestamp":"2024-04-27T16:41:20.0471879Z","ServerTimestamp":"2024-04-27T16:41:20.0944494Z"},"nsu=http://opcfoundation.org/UA/Plc/Applications;s=RandomUnsignedInt32":{"Value":{"Type":7,"Body":1264792888},"SourceTimestamp":"2024-04-27T16:41:20.0471784Z","ServerTimestamp":"2024-04-27T16:41:20.0944555Z"},"nsu=http://opcfoundation.org/UA/Plc/Applications;s=DipData":{"Value":{"Type":11,"Body":99.80267284282715},"SourceTimestamp":"2024-04-27T16:41:20.0471944Z","ServerTimestamp":"2024-04-27T16:41:20.0944484Z"},"nsu=http://opcfoundation.org/UA/Plc/Applications;s=FastUIntScalar1":{"Value":{"Type":7,"Body":63},"SourceTimestamp":"2024-04-27T16:41:19.2560392Z","ServerTimestamp":"2024-04-27T16:41:20.0944397Z"},"nsu=http://opcfoundation.org/UA/Plc/Applications;s=FastUIntScalar2":{"Value":{"Type":7,"Body":63},"SourceTimestamp":"2024-04-27T16:41:19.2560425Z","ServerTimestamp":"2024-04-27T16:41:20.0944415Z"},"nsu=http://opcfoundation.org/UA/Plc/Applications;s=FastUIntScalar3":{"Value":{"Type":7,"Body":63},"SourceTimestamp":"2024-04-27T16:41:19.2560443Z","ServerTimestamp":"2024-04-27T16:41:20.0944406Z"},"nsu=http://opcfoundation.org/UA/Plc/Applications;s=FastRandomUIntScalar1":{"Value":{"Type":7,"Body":409715191},"SourceTimestamp":"2024-04-27T16:41:19.255979Z","ServerTimestamp":"2024-04-27T16:41:20.0944546Z"},"nsu=http://opcfoundation.org/UA/Plc/Applications;s=FastRandomUIntScalar2":{"Value":{"Type":7,"Body":2908630805},"SourceTimestamp":"2024-04-27T16:41:19.2559843Z","ServerTimestamp":"2024-04-27T16:41:20.094446Z"},"nsu=http://opcfoundation.org/UA/Plc/Applications;s=FastRandomUIntScalar3":{"Value":{"Type":7,"Body":266148832},"SourceTimestamp":"2024-04-27T16:41:19.2559861Z","ServerTimestamp":"2024-04-27T16:41:20.0944572Z"},"nsu=http://opcfoundation.org/UA/Plc/Applications;s=NegativeTrendData":{"Value":{"Type":11,"Body":99.400000000000006},"SourceTimestamp":"2024-04-27T16:41:20.0472013Z","ServerTimestamp":"2024-04-27T16:41:20.0944478Z"},"nsu=http://opcfoundation.org/UA/Plc/Applications;s=PositiveTrendData":{"Value":{"Type":11,"Body":101.2},"SourceTimestamp":"2024-04-27T16:41:20.0472217Z","ServerTimestamp":"2024-04-27T16:41:20.0944469Z"},"nsu=http://opcfoundation.org/UA/Plc/Applications;s=SlowUIntScalar1":{"Value":{"Type":7,"Body":6},"SourceTimestamp":"2024-04-27T16:41:16.2556063Z","ServerTimestamp":"2024-04-27T16:41:20.0944425Z"},"nsu=http://opcfoundation.org/UA/Plc/Applications;s=SlowUIntScalar2":{"Value":{"Type":7,"Body":6},"SourceTimestamp":"2024-04-27T16:41:16.2556125Z","ServerTimestamp":"2024-04-27T16:41:20.0944454Z"},"nsu=http://opcfoundation.org/UA/Plc/Applications;s=SlowUIntScalar3":{"Value":{"Type":7,"Body":6},"SourceTimestamp":"2024-04-27T16:41:16.2556139Z","ServerTimestamp":"2024-04-27T16:41:20.0944502Z"},"nsu=http://opcfoundation.org/UA/Plc/Applications;s=BadSlowUIntScalar1":{"Value":{"Type":7,"Body":6},"SourceTimestamp":"2024-04-27T16:41:16.2556152Z","ServerTimestamp":"2024-04-27T16:41:20.0944438Z"},"nsu=http://opcfoundation.org/UA/Plc/Applications;s=SlowRandomUIntScalar1":{"Value":{"Type":7,"Body":1327025302},"SourceTimestamp":"2024-04-27T16:41:16.2556184Z","ServerTimestamp":"2024-04-27T16:41:20.0944586Z"},"nsu=http://opcfoundation.org/UA/Plc/Applications;s=SlowRandomUIntScalar2":{"Value":{"Type":7,"Body":2658079938},"SourceTimestamp":"2024-04-27T16:41:16.2556197Z","ServerTimestamp":"2024-04-27T16:41:20.0944446Z"},"nsu=http://opcfoundation.org/UA/Plc/Applications;s=SlowRandomUIntScalar3":{"Value":{"Type":7,"Body":2067376974},"SourceTimestamp":"2024-04-27T16:41:16.2556212Z","ServerTimestamp":"2024-04-27T16:41:20.0944541Z"},"nsu=http://opcfoundation.org/UA/Plc/Applications;s=BadSlowRandomUIntScalar1":{"Value":{"Type":7,"Body":2751679228},"SourceTimestamp":"2024-04-27T16:41:16.2556229Z","ServerTimestamp":"2024-04-27T16:41:20.094453Z"},"nsu=http://opcfoundation.org/UA/Plc/Applications;s=SpikeData":{"Value":{"Type":11,"Body":99.80267284282715},"SourceTimestamp":"2024-04-27T16:41:20.0472215Z","ServerTimestamp":"2024-04-27T16:41:20.0944511Z"},"ns=23;i=1259":{"Value":{"Type":11,"Body":1.6699999999999999},"SourceTimestamp":"2024-04-27T16:40:17.0822758Z","ServerTimestamp":"2024-04-27T16:41:20.0944236Z"}}}