{"SequenceNumber":69,"MetaDataVersion":{"MajorVersion":1},"Timestamp":"2024-04-27T16:41:26.0994972Z","MessageType":"ua-deltaframe","DataSetWriterName":"<<UnknownDataSet>>","Payload":{"i=2258":{"Value":{"Type":13,"Body":"2024-04-27T16:41:26.0991981Z"},"SourceTimestamp":"2024-04-27T16:40:17.082247Z","ServerTimestamp":"2024-04-27T16:41:26.0991967Z"},"nsu=http://opcfoundation.org/UA/Plc/Applications;s=StepUp":{"Value":{"Type":7,"Body":698},"SourceTimestamp":"2024-04-27T16:41:26.0512526Z","ServerTimestamp":"2024-04-27T16:41:26.0992426Z"},"nsu=http://opcfoundation.org/UA/Plc/Applications;s=AlternatingBoolean":{"Value":{"Type":1,"Body":false},"SourceTimestamp":"2024-04-27T16:41:26.0512658Z","ServerTimestamp":"2024-04-27T16:41:26.0992384Z"},"nsu=http://opcfoundation.org/UA/Plc/Applications;s=RandomSignedInt32":{"Value":{"Type":6,"Body":885515859},"SourceTimestamp":"2024-04-27T16:41:26.0512755Z","ServerTimestamp":"2024-04-27T16:41:26.0992363Z"},"nsu=http://opcfoundation.org/UA/Plc/Applications;s=RandomUnsignedInt32":{"Value":{"Type":7,"Body":1839818831},"SourceTimestamp":"2024-04-27T16:41:26.0512748Z","ServerTimestamp":"2024-04-27T16:41:26.099242Z"},"nsu=http://opcfoundation.org/UA/Plc/Applications;s=DipData":{"Value":{"Type":11,"Body":36.812455268467801},"SourceTimestamp":"2024-04-27T16:41:26.0512897Z","ServerTimestamp":"2024-04-27T16:41:26.0992356Z"},"nsu=http://opcfoundation.org/UA/Plc/Applications;s=FastUIntScalar1":{"Value":{"Type":7,"Body":69},"SourceTimestamp":"2024-04-27T16:41:25.2492722Z","ServerTimestamp":"2024-04-27T16:41:26.0992277Z"},"nsu=http://opcfoundation.org/UA/Plc/Applications;s=FastUIntScalar2":{"Value":{"Type":7,"Body":69},"SourceTimestamp":"2024-04-27T16:41:25.2492779Z","ServerTimestamp":"2024-04-27T16:41:26.0992295Z"},"nsu=http://opcfoundation.org/UA/Plc/Applications;s=FastUIntScalar3":{"Value":{"Type":7,"Body":69},"SourceTimestamp":"2024-04-27T16:41:25.2492793Z","ServerTimestamp":"2024-04-27T16:41:26.0992285Z"},"nsu=http://opcfoundation.org/UA/Plc/Applications;s=FastRandomUIntScalar1":{"Value":{"Type":7,"Body":114197280},"SourceTimestamp":"2024-04-27T16:41:25.2492879Z","ServerTimestamp":"2024-04-27T16:41:26.0992412Z"},"nsu=http://opcfoundation.org/UA/Plc/Applications;s=FastRandomUIntScalar2":{"Value":{"Type":7,"Body":3635553888},"SourceTimestamp":"2024-04-27T16:41:25.2492956Z","ServerTimestamp":"2024-04-27T16:41:26.0992335Z"},"nsu=http://opcfoundation.org/UA/Plc/Applications;s=FastRandomUIntScalar3":{"Value":{"Type":7,"Body":1468857108},"SourceTimestamp":"2024-04-27T16:41:25.2492986Z","ServerTimestamp":"2024-04-27T16:41:26.0992436Z"},"nsu=http://opcfoundation.org/UA/Plc/Applications;s=NegativeTrendData":{"Value":{"Type":11,"Body":99.299999999999997},"SourceTimestamp":"2024-04-27T16:41:26.0512965Z","ServerTimestamp":"2024-04-27T16:41:26.0992351Z"},"nsu=http://opcfoundation.org/UA/Plc/Applications;s=PositiveTrendData":{"Value":{"Type":11,"Body":101.3},"SourceTimestamp":"2024-04-27T16:41:26.0512979Z","ServerTimestamp":"2024-04-27T16:41:26.0992343Z"},"nsu=http://opcfoundation.org/UA/Plc/Applications;s=SlowUIntScalar1":{"Value":{"Type":7,"Body":6},"SourceTimestamp":"2024-04-27T16:41:16.2556063Z","ServerTimestamp":"2024-04-27T16:41:26.0992304Z"},"nsu=http://opcfoundation.org/UA/Plc/Applications;s=SlowUIntScalar2":{"Value":{"Type":7,"Body":6},"SourceTimestamp":"2024-04-27T16:41:16.2556125Z","ServerTimestamp":"2024-04-27T16:41:26.0992328Z"},"nsu=http://opcfoundation.org/UA/Plc/Applications;s=SlowUIntScalar3":{"Value":{"Type":7,"Body":6},"SourceTimestamp":"2024-04-27T16:41:16.2556139Z","ServerTimestamp":"2024-04-27T16:41:26.0992371Z"},"nsu=http://opcfoundation.org/UA/Plc/Applications;s=BadSlowUIntScalar1":{"Value":{"Type":7,"Body":6},"SourceTimestamp":"2024-04-27T16:41:16.2556152Z","ServerTimestamp":"2024-04-27T16:41:26.0992315Z"},"nsu=http://opcfoundation.org/UA/Plc/Applications;s=SlowRandomUIntScalar1":{"Value":{"Type":7,"Body":1327025302},"SourceTimestamp":"2024-04-27T16:41:16.2556184Z","ServerTimestamp":"2024-04-27T16:41:26.0992445Z"},"nsu=http://opcfoundation.org/UA/Plc/Applications;s=SlowRandomUIntScalar2":{"Value":{"Type":7,"Body":2658079938},"SourceTimestamp":"2024-04-27T16:41:16.2556197Z","ServerTimestamp":"2024-04-27T16:41:26.0992322Z"},"nsu=http://opcfoundation.org/UA/Plc/Applications;s=SlowRandomUIntScalar3":{"Value":{"Type":7,"Body":2067376974},"SourceTimestamp":"2024-04-27T16:41:16.2556212Z","ServerTimestamp":"2024-04-27T16:41:26.0992406Z"},"nsu=http://opcfoundation.org/UA/Plc/Applications;s=BadSlowRandomUIntScalar1":{"Value":{"Type":7,"Body":2751679228},"SourceTimestamp":"2024-04-27T16:41:16.2556229Z","ServerTimestamp":"2024-04-27T16:41:26.0992397Z"},"nsu=http://opcfoundation.org/UA/Plc/Applications;s=SpikeData":{"Value":{"Type":11,"Body":36.812455268467801},"SourceTimestamp":"2024-04-27T16:41:26.0513036Z","ServerTimestamp":"2024-04-27T16:41:26.0992378Z"},"ns=23;i=1259":{"Value":{"Type":11,"Body":-0},"SourceTimestamp":"2024-04-27T16:40:17.0822758Z","ServerTimestamp":"2024-04-27T16:41:26.0992117Z"}}}