{"SequenceNumber":7,"MetaDataVersion":{"MajorVersion":1},"Timestamp":"2024-04-27T16:40:24.0999745Z","MessageType":"ua-deltaframe","DataSetWriterName":"<<UnknownDataSet>>","Payload":{"i=2258":{"Value":{"Type":13,"Body":"2024-04-27T16:40:24.0996766Z"},"SourceTimestamp":"2024-04-27T16:40:17.082247Z","ServerTimestamp":"2024-04-27T16:40:24.0996752Z"},"nsu=http://opcfoundation.org/UA/Plc/Applications;s=StepUp":{"Value":{"Type":7,"Body":78},"SourceTimestamp":"2024-04-27T16:40:24.0528451Z","ServerTimestamp":"2024-04-27T16:40:24.0997232Z"},"nsu=http://opcfoundation.org/UA/Plc/Applications;s=AlternatingBoolean":{"Value":{"Type":1,"Body":false},"SourceTimestamp":"2024-04-27T16:40:24.0528569Z","ServerTimestamp":"2024-04-27T16:40:24.0997188Z"},"nsu=http://opcfoundation.org/UA/Plc/Applications;s=RandomSignedInt32":{"Value":{"Type":6,"Body":-515963299},"SourceTimestamp":"2024-04-27T16:40:24.0528731Z","ServerTimestamp":"2024-04-27T16:40:24.0997166Z"},"nsu=http://opcfoundation.org/UA/Plc/Applications;s=RandomUnsignedInt32":{"Value":{"Type":7,"Body":1728011416},"SourceTimestamp":"2024-04-27T16:40:24.0528655Z","ServerTimestamp":"2024-04-27T16:40:24.0997225Z"},"nsu=http://opcfoundation.org/UA/Plc/Applications;s=DipData":{"Value":{"Type":11,"Body":24.868988716485482},"SourceTimestamp":"2024-04-27T16:40:24.0528761Z","ServerTimestamp":"2024-04-27T16:40:24.0997159Z"},"nsu=http://opcfoundation.org/UA/Plc/Applications;s=FastUIntScalar1":{"Value":{"Type":7,"Body":7},"SourceTimestamp":"2024-04-27T16:40:23.2483237Z","ServerTimestamp":"2024-04-27T16:40:24.0997076Z"},"nsu=http://opcfoundation.org/UA/Plc/Applications;s=FastUIntScalar2":{"Value":{"Type":7,"Body":7},"SourceTimestamp":"2024-04-27T16:40:23.2483313Z","ServerTimestamp":"2024-04-27T16:40:24.0997094Z"},"nsu=http://opcfoundation.org/UA/Plc/Applications;s=FastUIntScalar3":{"Value":{"Type":7,"Body":7},"SourceTimestamp":"2024-04-27T16:40:23.2483362Z","ServerTimestamp":"2024-04-27T16:40:24.0997085Z"},"nsu=http://opcfoundation.org/UA/Plc/Applications;s=FastRandomUIntScalar1":{"Value":{"Type":7,"Body":3107686814},"SourceTimestamp":"2024-04-27T16:40:23.2483284Z","ServerTimestamp":"2024-04-27T16:40:24.0997216Z"},"nsu=http://opcfoundation.org/UA/Plc/Applications;s=FastRandomUIntScalar2":{"Value":{"Type":7,"Body":1044268806},"SourceTimestamp":"2024-04-27T16:40:23.2483343Z","ServerTimestamp":"2024-04-27T16:40:24.0997136Z"},"nsu=http://opcfoundation.org/UA/Plc/Applications;s=FastRandomUIntScalar3":{"Value":{"Type":7,"Body":3678177479},"SourceTimestamp":"2024-04-27T16:40:23.2483374Z","ServerTimestamp":"2024-04-27T16:40:24.0997241Z"},"nsu=http://opcfoundation.org/UA/Plc/Applications;s=NegativeTrendData":{"Value":{"Type":11,"Body":100},"SourceTimestamp":"2024-04-27T16:40:24.0528706Z","ServerTimestamp":"2024-04-27T16:40:24.0997154Z"},"nsu=http://opcfoundation.org/UA/Plc/Applications;s=PositiveTrendData":{"Value":{"Type":11,"Body":100.09999999999999},"SourceTimestamp":"2024-04-27T16:40:24.0528815Z","ServerTimestamp":"2024-04-27T16:40:24.0997145Z"},"nsu=http://opcfoundation.org/UA/Plc/Applications;s=SlowUIntScalar1":{"Value":{"Type":7,"Body":0},"SourceTimestamp":"2024-04-27T16:40:16.2469346Z","ServerTimestamp":"2024-04-27T16:40:24.0997104Z"},"nsu=http://opcfoundation.org/UA/Plc/Applications;s=SlowUIntScalar2":{"Value":{"Type":7,"Body":0},"SourceTimestamp":"2024-04-27T16:40:16.2469357Z","ServerTimestamp":"2024-04-27T16:40:24.0997129Z"},"nsu=http://opcfoundation.org/UA/Plc/Applications;s=SlowUIntScalar3":{"Value":{"Type":7,"Body":0},"SourceTimestamp":"2024-04-27T16:40:16.2469371Z","ServerTimestamp":"2024-04-27T16:40:24.0997174Z"},"nsu=http://opcfoundation.org/UA/Plc/Applications;s=BadSlowUIntScalar1":{"Value":{"Type":7,"Body":0},"SourceTimestamp":"2024-04-27T16:40:16.2469388Z","ServerTimestamp":"2024-04-27T16:40:24.0997114Z"},"nsu=http://opcfoundation.org/UA/Plc/Applications;s=SlowRandomUIntScalar1":{"Value":{"Type":7,"Body":0},"SourceTimestamp":"2024-04-27T16:40:16.2469446Z","ServerTimestamp":"2024-04-27T16:40:24.0997255Z"},"nsu=http://opcfoundation.org/UA/Plc/Applications;s=SlowRandomUIntScalar2":{"Value":{"Type":7,"Body":0},"SourceTimestamp":"2024-04-27T16:40:16.2469451Z","ServerTimestamp":"2024-04-27T16:40:24.0997122Z"},"nsu=http://opcfoundation.org/UA/Plc/Applications;s=SlowRandomUIntScalar3":{"Value":{"Type":7,"Body":0},"SourceTimestamp":"2024-04-27T16:40:16.2469455Z","ServerTimestamp":"2024-04-27T16:40:24.0997211Z"},"nsu=http://opcfoundation.org/UA/Plc/Applications;s=BadSlowRandomUIntScalar1":{"Value":{"Type":7,"Body":0},"SourceTimestamp":"2024-04-27T16:40:16.2469471Z","ServerTimestamp":"2024-04-27T16:40:24.0997201Z"},"nsu=http://opcfoundation.org/UA/Plc/Applications;s=SpikeData":{"Value":{"Type":11,"Body":24.868988716485482},"SourceTimestamp":"2024-04-27T16:40:24.0528782Z","ServerTimestamp":"2024-04-27T16:40:24.0997181Z"},"ns=23;i=1259":{"Value":{"Type":11,"Body":-0.89800000000000002},"SourceTimestamp":"2024-04-27T16:40:17.0822758Z","ServerTimestamp":"2024-04-27T16:40:24.0996921Z"}}}