{"SequenceNumber":75,"MetaDataVersion":{"MajorVersion":1},"Timestamp":"2024-04-27T16:41:32.0876532Z","MessageType":"ua-deltaframe","DataSetWriterName":"<<UnknownDataSet>>","Payload":{"i=2258":{"Value":{"Type":13,"Body":"2024-04-27T16:41:32.0873501Z"},"SourceTimestamp":"2024-04-27T16:40:17.082247Z","ServerTimestamp":"2024-04-27T16:41:32.0873487Z"},"nsu=http://opcfoundation.org/UA/Plc/Applications;s=StepUp":{"Value":{"Type":7,"Body":758},"SourceTimestamp":"2024-04-27T16:41:32.0549596Z","ServerTimestamp":"2024-04-27T16:41:32.0873981Z"},"nsu=http://opcfoundation.org/UA/Plc/Applications;s=AlternatingBoolean":{"Value":{"Type":1,"Body":false},"SourceTimestamp":"2024-04-27T16:41:32.0549756Z","ServerTimestamp":"2024-04-27T16:41:32.0873935Z"},"nsu=http://opcfoundation.org/UA/Plc/Applications;s=RandomSignedInt32":{"Value":{"Type":6,"Body":858574006},"SourceTimestamp":"2024-04-27T16:41:32.0549894Z","ServerTimestamp":"2024-04-27T16:41:32.087391Z"},"nsu=http://opcfoundation.org/UA/Plc/Applications;s=RandomUnsignedInt32":{"Value":{"Type":7,"Body":245092715},"SourceTimestamp":"2024-04-27T16:41:32.0550109Z","ServerTimestamp":"2024-04-27T16:41:32.0873974Z"},"nsu=http://opcfoundation.org/UA/Plc/Applications;s=DipData":{"Value":{"Type":11,"Body":-77.0513242775789},"SourceTimestamp":"2024-04-27T16:41:32.0550062Z","ServerTimestamp":"2024-04-27T16:41:32.0873904Z"},"nsu=http://opcfoundation.org/UA/Plc/Applications;s=FastUIntScalar1":{"Value":{"Type":7,"Body":75},"SourceTimestamp":"2024-04-27T16:41:31.2613656Z","ServerTimestamp":"2024-04-27T16:41:32.0873821Z"},"nsu=http://opcfoundation.org/UA/Plc/Applications;s=FastUIntScalar2":{"Value":{"Type":7,"Body":75},"SourceTimestamp":"2024-04-27T16:41:31.2613989Z","ServerTimestamp":"2024-04-27T16:41:32.0873838Z"},"nsu=http://opcfoundation.org/UA/Plc/Applications;s=FastUIntScalar3":{"Value":{"Type":7,"Body":75},"SourceTimestamp":"2024-04-27T16:41:31.2614017Z","ServerTimestamp":"2024-04-27T16:41:32.087383Z"},"nsu=http://opcfoundation.org/UA/Plc/Applications;s=FastRandomUIntScalar1":{"Value":{"Type":7,"Body":587819464},"SourceTimestamp":"2024-04-27T16:41:31.2613642Z","ServerTimestamp":"2024-04-27T16:41:32.0873965Z"},"nsu=http://opcfoundation.org/UA/Plc/Applications;s=FastRandomUIntScalar2":{"Value":{"Type":7,"Body":3167459480},"SourceTimestamp":"2024-04-27T16:41:31.2613738Z","ServerTimestamp":"2024-04-27T16:41:32.0873881Z"},"nsu=http://opcfoundation.org/UA/Plc/Applications;s=FastRandomUIntScalar3":{"Value":{"Type":7,"Body":1283119714},"SourceTimestamp":"2024-04-27T16:41:31.2613764Z","ServerTimestamp":"2024-04-27T16:41:32.087399Z"},"nsu=http://opcfoundation.org/UA/Plc/Applications;s=NegativeTrendData":{"Value":{"Type":11,"Body":99.099999999999994},"SourceTimestamp":"2024-04-27T16:41:32.0550149Z","ServerTimestamp":"2024-04-27T16:41:32.0873897Z"},"nsu=http://opcfoundation.org/UA/Plc/Applications;s=PositiveTrendData":{"Value":{"Type":11,"Body":101.5},"SourceTimestamp":"2024-04-27T16:41:32.0550208Z","ServerTimestamp":"2024-04-27T16:41:32.0873888Z"},"nsu=http://opcfoundation.org/UA/Plc/Applications;s=SlowUIntScalar1":{"Value":{"Type":7,"Body":7},"SourceTimestamp":"2024-04-27T16:41:26.2540375Z","ServerTimestamp":"2024-04-27T16:41:32.0873847Z"},"nsu=http://opcfoundation.org/UA/Plc/Applications;s=SlowUIntScalar2":{"Value":{"Type":7,"Body":7},"SourceTimestamp":"2024-04-27T16:41:26.2540459Z","ServerTimestamp":"2024-04-27T16:41:32.0873875Z"},"nsu=http://opcfoundation.org/UA/Plc/Applications;s=SlowUIntScalar3":{"Value":{"Type":7,"Body":7},"SourceTimestamp":"2024-04-27T16:41:26.2540481Z","ServerTimestamp":"2024-04-27T16:41:32.0873918Z"},"nsu=http://opcfoundation.org/UA/Plc/Applications;s=BadSlowUIntScalar1":{"Value":{"Type":7,"Body":7},"SourceTimestamp":"2024-04-27T16:41:26.25405Z","ServerTimestamp":"2024-04-27T16:41:32.0873858Z"},"nsu=http://opcfoundation.org/UA/Plc/Applications;s=SlowRandomUIntScalar1":{"Value":{"Type":7,"Body":994024019},"SourceTimestamp":"2024-04-27T16:41:26.2540376Z","ServerTimestamp":"2024-04-27T16:41:32.0874Z"},"nsu=http://opcfoundation.org/UA/Plc/Applications;s=SlowRandomUIntScalar2":{"Value":{"Type":7,"Body":4190446029},"SourceTimestamp":"2024-04-27T16:41:26.2540426Z","ServerTimestamp":"2024-04-27T16:41:32.0873866Z"},"nsu=http://opcfoundation.org/UA/Plc/Applications;s=SlowRandomUIntScalar3":{"Value":{"Type":7,"Body":2748703239},"SourceTimestamp":"2024-04-27T16:41:26.2540467Z","ServerTimestamp":"2024-04-27T16:41:32.0873958Z"},"nsu=http://opcfoundation.org/UA/Plc/Applications;s=BadSlowRandomUIntScalar1":{"Value":{"Type":7,"Body":1217440871},"SourceTimestamp":"2024-04-27T16:41:26.2540495Z","ServerTimestamp":"2024-04-27T16:41:32.0873948Z"},"nsu=http://opcfoundation.org/UA/Plc/Applications;s=SpikeData":{"Value":{"Type":11,"Body":-77.0513242775789},"SourceTimestamp":"2024-04-27T16:41:32.0550264Z","ServerTimestamp":"2024-04-27T16:41:32.0873927Z"},"ns=23;i=1259":{"Value":{"Type":11,"Body":0.41300000000000003},"SourceTimestamp":"2024-04-27T16:40:17.0822758Z","ServerTimestamp":"2024-04-27T16:41:32.0873647Z"}}}