{"SequenceNumber":77,"MetaDataVersion":{"MajorVersion":1},"Timestamp":"2024-04-27T16:41:34.0998699Z","MessageType":"ua-deltaframe","DataSetWriterName":"<<UnknownDataSet>>","Payload":{"i=2258":{"Value":{"Type":13,"Body":"2024-04-27T16:41:34.099573Z"},"SourceTimestamp":"2024-04-27T16:40:17.082247Z","ServerTimestamp":"2024-04-27T16:41:34.0995719Z"},"nsu=http://opcfoundation.org/UA/Plc/Applications;s=StepUp":{"Value":{"Type":7,"Body":778},"SourceTimestamp":"2024-04-27T16:41:34.0519761Z","ServerTimestamp":"2024-04-27T16:41:34.0996209Z"},"nsu=http://opcfoundation.org/UA/Plc/Applications;s=AlternatingBoolean":{"Value":{"Type":1,"Body":false},"SourceTimestamp":"2024-04-27T16:41:34.0519728Z","ServerTimestamp":"2024-04-27T16:41:34.0996155Z"},"nsu=http://opcfoundation.org/UA/Plc/Applications;s=RandomSignedInt32":{"Value":{"Type":6,"Body":-662715874},"SourceTimestamp":"2024-04-27T16:41:34.0519724Z","ServerTimestamp":"2024-04-27T16:41:34.0996133Z"},"nsu=http://opcfoundation.org/UA/Plc/Applications;s=RandomUnsignedInt32":{"Value":{"Type":7,"Body":1530191913},"SourceTimestamp":"2024-04-27T16:41:34.0519764Z","ServerTimestamp":"2024-04-27T16:41:34.0996193Z"},"nsu=http://opcfoundation.org/UA/Plc/Applications;s=DipData":{"Value":{"Type":11,"Body":24.868988716485482},"SourceTimestamp":"2024-04-27T16:41:34.0519632Z","ServerTimestamp":"2024-04-27T16:41:34.0996124Z"},"nsu=http://opcfoundation.org/UA/Plc/Applications;s=FastUIntScalar1":{"Value":{"Type":7,"Body":77},"SourceTimestamp":"2024-04-27T16:41:33.249975Z","ServerTimestamp":"2024-04-27T16:41:34.0996038Z"},"nsu=http://opcfoundation.org/UA/Plc/Applications;s=FastUIntScalar2":{"Value":{"Type":7,"Body":77},"SourceTimestamp":"2024-04-27T16:41:33.249981Z","ServerTimestamp":"2024-04-27T16:41:34.0996058Z"},"nsu=http://opcfoundation.org/UA/Plc/Applications;s=FastUIntScalar3":{"Value":{"Type":7,"Body":77},"SourceTimestamp":"2024-04-27T16:41:33.2499829Z","ServerTimestamp":"2024-04-27T16:41:34.099605Z"},"nsu=http://opcfoundation.org/UA/Plc/Applications;s=FastRandomUIntScalar1":{"Value":{"Type":7,"Body":1562292659},"SourceTimestamp":"2024-04-27T16:41:33.2499699Z","ServerTimestamp":"2024-04-27T16:41:34.0996185Z"},"nsu=http://opcfoundation.org/UA/Plc/Applications;s=FastRandomUIntScalar2":{"Value":{"Type":7,"Body":2700190315},"SourceTimestamp":"2024-04-27T16:41:33.2499754Z","ServerTimestamp":"2024-04-27T16:41:34.0996101Z"},"nsu=http://opcfoundation.org/UA/Plc/Applications;s=FastRandomUIntScalar3":{"Value":{"Type":7,"Body":4010326340},"SourceTimestamp":"2024-04-27T16:41:33.2499772Z","ServerTimestamp":"2024-04-27T16:41:34.0996218Z"},"nsu=http://opcfoundation.org/UA/Plc/Applications;s=NegativeTrendData":{"Value":{"Type":11,"Body":99.099999999999994},"SourceTimestamp":"2024-04-27T16:41:34.0519622Z","ServerTimestamp":"2024-04-27T16:41:34.0996118Z"},"nsu=http://opcfoundation.org/UA/Plc/Applications;s=PositiveTrendData":{"Value":{"Type":11,"Body":101.5},"SourceTimestamp":"2024-04-27T16:41:34.0519622Z","ServerTimestamp":"2024-04-27T16:41:34.0996108Z"},"nsu=http://opcfoundation.org/UA/Plc/Applications;s=SlowUIntScalar1":{"Value":{"Type":7,"Body":7},"SourceTimestamp":"2024-04-27T16:41:26.2540375Z","ServerTimestamp":"2024-04-27T16:41:34.0996068Z"},"nsu=http://opcfoundation.org/UA/Plc/Applications;s=SlowUIntScalar2":{"Value":{"Type":7,"Body":7},"SourceTimestamp":"2024-04-27T16:41:26.2540459Z","ServerTimestamp":"2024-04-27T16:41:34.0996094Z"},"nsu=http://opcfoundation.org/UA/Plc/Applications;s=SlowUIntScalar3":{"Value":{"Type":7,"Body":7},"SourceTimestamp":"2024-04-27T16:41:26.2540481Z","ServerTimestamp":"2024-04-27T16:41:34.099614Z"},"nsu=http://opcfoundation.org/UA/Plc/Applications;s=BadSlowUIntScalar1":{"Value":{"Type":7,"Body":7},"SourceTimestamp":"2024-04-27T16:41:26.25405Z","ServerTimestamp":"2024-04-27T16:41:34.0996078Z"},"nsu=http://opcfoundation.org/UA/Plc/Applications;s=SlowRandomUIntScalar1":{"Value":{"Type":7,"Body":994024019},"SourceTimestamp":"2024-04-27T16:41:26.2540376Z","ServerTimestamp":"2024-04-27T16:41:34.0996229Z"},"nsu=http://opcfoundation.org/UA/Plc/Applications;s=SlowRandomUIntScalar2":{"Value":{"Type":7,"Body":4190446029},"SourceTimestamp":"2024-04-27T16:41:26.2540426Z","ServerTimestamp":"2024-04-27T16:41:34.0996086Z"},"nsu=http://opcfoundation.org/UA/Plc/Applications;s=SlowRandomUIntScalar3":{"Value":{"Type":7,"Body":2748703239},"SourceTimestamp":"2024-04-27T16:41:26.2540467Z","ServerTimestamp":"2024-04-27T16:41:34.0996179Z"},"nsu=http://opcfoundation.org/UA/Plc/Applications;s=BadSlowRandomUIntScalar1":{"Value":{"Type":7,"Body":1217440871},"SourceTimestamp":"2024-04-27T16:41:26.2540495Z","ServerTimestamp":"2024-04-27T16:41:34.0996169Z"},"nsu=http://opcfoundation.org/UA/Plc/Applications;s=SpikeData":{"Value":{"Type":11,"Body":24.868988716485482},"SourceTimestamp":"2024-04-27T16:41:34.0519632Z","ServerTimestamp":"2024-04-27T16:41:34.0996149Z"},"ns=23;i=1259":{"Value":{"Type":11,"Body":0.48399999999999999},"SourceTimestamp":"2024-04-27T16:40:17.0822758Z","ServerTimestamp":"2024-04-27T16:41:34.099588Z"}}}