{"SequenceNumber":78,"MetaDataVersion":{"MajorVersion":1},"Timestamp":"2024-04-27T16:41:35.0868305Z","MessageType":"ua-deltaframe","DataSetWriterName":"<<UnknownDataSet>>","Payload":{"i=2258":{"Value":{"Type":13,"Body":"2024-04-27T16:41:35.0864592Z"},"SourceTimestamp":"2024-04-27T16:40:17.082247Z","ServerTimestamp":"2024-04-27T16:41:35.0864578Z"},"nsu=http://opcfoundation.org/UA/Plc/Applications;s=StepUp":{"Value":{"Type":7,"Body":788},"SourceTimestamp":"2024-04-27T16:41:35.0539683Z","ServerTimestamp":"2024-04-27T16:41:35.086529Z"},"nsu=http://opcfoundation.org/UA/Plc/Applications;s=AlternatingBoolean":{"Value":{"Type":1,"Body":false},"SourceTimestamp":"2024-04-27T16:41:35.0539952Z","ServerTimestamp":"2024-04-27T16:41:35.0865221Z"},"nsu=http://opcfoundation.org/UA/Plc/Applications;s=RandomSignedInt32":{"Value":{"Type":6,"Body":-317002150},"SourceTimestamp":"2024-04-27T16:41:35.0540196Z","ServerTimestamp":"2024-04-27T16:41:35.0865184Z"},"nsu=http://opcfoundation.org/UA/Plc/Applications;s=RandomUnsignedInt32":{"Value":{"Type":7,"Body":2034395740},"SourceTimestamp":"2024-04-27T16:41:35.0540085Z","ServerTimestamp":"2024-04-27T16:41:35.0865279Z"},"nsu=http://opcfoundation.org/UA/Plc/Applications;s=DipData":{"Value":{"Type":11,"Body":99.80267284282715},"SourceTimestamp":"2024-04-27T16:41:35.0540225Z","ServerTimestamp":"2024-04-27T16:41:35.0865172Z"},"nsu=http://opcfoundation.org/UA/Plc/Applications;s=FastUIntScalar1":{"Value":{"Type":7,"Body":78},"SourceTimestamp":"2024-04-27T16:41:34.2538453Z","ServerTimestamp":"2024-04-27T16:41:35.0865029Z"},"nsu=http://opcfoundation.org/UA/Plc/Applications;s=FastUIntScalar2":{"Value":{"Type":7,"Body":78},"SourceTimestamp":"2024-04-27T16:41:34.2538508Z","ServerTimestamp":"2024-04-27T16:41:35.0865055Z"},"nsu=http://opcfoundation.org/UA/Plc/Applications;s=FastUIntScalar3":{"Value":{"Type":7,"Body":78},"SourceTimestamp":"2024-04-27T16:41:34.2538524Z","ServerTimestamp":"2024-04-27T16:41:35.0865041Z"},"nsu=http://opcfoundation.org/UA/Plc/Applications;s=FastRandomUIntScalar1":{"Value":{"Type":7,"Body":3983550661},"SourceTimestamp":"2024-04-27T16:41:34.2538516Z","ServerTimestamp":"2024-04-27T16:41:35.0865266Z"},"nsu=http://opcfoundation.org/UA/Plc/Applications;s=FastRandomUIntScalar2":{"Value":{"Type":7,"Body":2521708332},"SourceTimestamp":"2024-04-27T16:41:34.2538568Z","ServerTimestamp":"2024-04-27T16:41:35.0865129Z"},"nsu=http://opcfoundation.org/UA/Plc/Applications;s=FastRandomUIntScalar3":{"Value":{"Type":7,"Body":1380742740},"SourceTimestamp":"2024-04-27T16:41:34.2538586Z","ServerTimestamp":"2024-04-27T16:41:35.0865303Z"},"nsu=http://opcfoundation.org/UA/Plc/Applications;s=NegativeTrendData":{"Value":{"Type":11,"Body":99.099999999999994},"SourceTimestamp":"2024-04-27T16:41:35.0540285Z","ServerTimestamp":"2024-04-27T16:41:35.0865162Z"},"nsu=http://opcfoundation.org/UA/Plc/Applications;s=PositiveTrendData":{"Value":{"Type":11,"Body":101.5},"SourceTimestamp":"2024-04-27T16:41:35.0540324Z","ServerTimestamp":"2024-04-27T16:41:35.0865144Z"},"nsu=http://opcfoundation.org/UA/Plc/Applications;s=SlowUIntScalar1":{"Value":{"Type":7,"Body":7},"SourceTimestamp":"2024-04-27T16:41:26.2540375Z","ServerTimestamp":"2024-04-27T16:41:35.0865071Z"},"nsu=http://opcfoundation.org/UA/Plc/Applications;s=SlowUIntScalar2":{"Value":{"Type":7,"Body":7},"SourceTimestamp":"2024-04-27T16:41:26.2540459Z","ServerTimestamp":"2024-04-27T16:41:35.0865116Z"},"nsu=http://opcfoundation.org/UA/Plc/Applications;s=SlowUIntScalar3":{"Value":{"Type":7,"Body":7},"SourceTimestamp":"2024-04-27T16:41:26.2540481Z","ServerTimestamp":"2024-04-27T16:41:35.0865198Z"},"nsu=http://opcfoundation.org/UA/Plc/Applications;s=BadSlowUIntScalar1":{"Value":{"Type":7,"Body":7},"SourceTimestamp":"2024-04-27T16:41:26.25405Z","ServerTimestamp":"2024-04-27T16:41:35.0865089Z"},"nsu=http://opcfoundation.org/UA/Plc/Applications;s=SlowRandomUIntScalar1":{"Value":{"Type":7,"Body":994024019},"SourceTimestamp":"2024-04-27T16:41:26.2540376Z","ServerTimestamp":"2024-04-27T16:41:35.086532Z"},"nsu=http://opcfoundation.org/UA/Plc/Applications;s=SlowRandomUIntScalar2":{"Value":{"Type":7,"Body":4190446029},"SourceTimestamp":"2024-04-27T16:41:26.2540426Z","ServerTimestamp":"2024-04-27T16:41:35.0865103Z"},"nsu=http://opcfoundation.org/UA/Plc/Applications;s=SlowRandomUIntScalar3":{"Value":{"Type":7,"Body":2748703239},"SourceTimestamp":"2024-04-27T16:41:26.2540467Z","ServerTimestamp":"2024-04-27T16:41:35.0865257Z"},"nsu=http://opcfoundation.org/UA/Plc/Applications;s=BadSlowRandomUIntScalar1":{"Value":{"Type":7,"Body":1217440871},"SourceTimestamp":"2024-04-27T16:41:26.2540495Z","ServerTimestamp":"2024-04-27T16:41:35.0865241Z"},"nsu=http://opcfoundation.org/UA/Plc/Applications;s=SpikeData":{"Value":{"Type":11,"Body":99.80267284282715},"SourceTimestamp":"2024-04-27T16:41:35.0540305Z","ServerTimestamp":"2024-04-27T16:41:35.086521Z"},"ns=23;i=1259":{"Value":{"Type":11,"Body":1.8200000000000001},"SourceTimestamp":"2024-04-27T16:40:17.0822758Z","ServerTimestamp":"2024-04-27T16:41:35.0864781Z"}}}