{"SequenceNumber":81,"MetaDataVersion":{"MajorVersion":1},"Timestamp":"2024-04-27T16:41:38.0996471Z","MessageType":"ua-deltaframe","DataSetWriterName":"<<UnknownDataSet>>","Payload":{"i=2258":{"Value":{"Type":13,"Body":"2024-04-27T16:41:38.0993807Z"},"SourceTimestamp":"2024-04-27T16:40:17.082247Z","ServerTimestamp":"2024-04-27T16:41:38.0993796Z"},"nsu=http://opcfoundation.org/UA/Plc/Applications;s=StepUp":{"Value":{"Type":7,"Body":818},"SourceTimestamp":"2024-04-27T16:41:38.05175Z","ServerTimestamp":"2024-04-27T16:41:38.0994244Z"},"nsu=http://opcfoundation.org/UA/Plc/Applications;s=AlternatingBoolean":{"Value":{"Type":1,"Body":true},"SourceTimestamp":"2024-04-27T16:41:38.05175Z","ServerTimestamp":"2024-04-27T16:41:38.0994199Z"},"nsu=http://opcfoundation.org/UA/Plc/Applications;s=RandomSignedInt32":{"Value":{"Type":6,"Body":1883370754},"SourceTimestamp":"2024-04-27T16:41:38.0517636Z","ServerTimestamp":"2024-04-27T16:41:38.0994177Z"},"nsu=http://opcfoundation.org/UA/Plc/Applications;s=RandomUnsignedInt32":{"Value":{"Type":7,"Body":107393532},"SourceTimestamp":"2024-04-27T16:41:38.0517642Z","ServerTimestamp":"2024-04-27T16:41:38.0994237Z"},"nsu=http://opcfoundation.org/UA/Plc/Applications;s=DipData":{"Value":{"Type":11,"Body":-84.432792550201526},"SourceTimestamp":"2024-04-27T16:41:38.0517751Z","ServerTimestamp":"2024-04-27T16:41:38.0994171Z"},"nsu=http://opcfoundation.org/UA/Plc/Applications;s=FastUIntScalar1":{"Value":{"Type":7,"Body":81},"SourceTimestamp":"2024-04-27T16:41:37.2597272Z","ServerTimestamp":"2024-04-27T16:41:38.0994089Z"},"nsu=http://opcfoundation.org/UA/Plc/Applications;s=FastUIntScalar2":{"Value":{"Type":7,"Body":81},"SourceTimestamp":"2024-04-27T16:41:37.2597352Z","ServerTimestamp":"2024-04-27T16:41:38.0994107Z"},"nsu=http://opcfoundation.org/UA/Plc/Applications;s=FastUIntScalar3":{"Value":{"Type":7,"Body":81},"SourceTimestamp":"2024-04-27T16:41:37.259737Z","ServerTimestamp":"2024-04-27T16:41:38.0994099Z"},"nsu=http://opcfoundation.org/UA/Plc/Applications;s=FastRandomUIntScalar1":{"Value":{"Type":7,"Body":3056006885},"SourceTimestamp":"2024-04-27T16:41:37.2597431Z","ServerTimestamp":"2024-04-27T16:41:38.0994229Z"},"nsu=http://opcfoundation.org/UA/Plc/Applications;s=FastRandomUIntScalar2":{"Value":{"Type":7,"Body":3295842717},"SourceTimestamp":"2024-04-27T16:41:37.2597447Z","ServerTimestamp":"2024-04-27T16:41:38.099415Z"},"nsu=http://opcfoundation.org/UA/Plc/Applications;s=FastRandomUIntScalar3":{"Value":{"Type":7,"Body":1452248107},"SourceTimestamp":"2024-04-27T16:41:37.259746Z","ServerTimestamp":"2024-04-27T16:41:38.0994258Z"},"nsu=http://opcfoundation.org/UA/Plc/Applications;s=NegativeTrendData":{"Value":{"Type":11,"Body":99},"SourceTimestamp":"2024-04-27T16:41:38.0517751Z","ServerTimestamp":"2024-04-27T16:41:38.0994165Z"},"nsu=http://opcfoundation.org/UA/Plc/Applications;s=PositiveTrendData":{"Value":{"Type":11,"Body":101.59999999999999},"SourceTimestamp":"2024-04-27T16:41:38.0517853Z","ServerTimestamp":"2024-04-27T16:41:38.0994157Z"},"nsu=http://opcfoundation.org/UA/Plc/Applications;s=SlowUIntScalar1":{"Value":{"Type":7,"Body":8},"SourceTimestamp":"2024-04-27T16:41:36.258948Z","ServerTimestamp":"2024-04-27T16:41:38.0994116Z"},"nsu=http://opcfoundation.org/UA/Plc/Applications;s=SlowUIntScalar2":{"Value":{"Type":7,"Body":8},"SourceTimestamp":"2024-04-27T16:41:36.2589606Z","ServerTimestamp":"2024-04-27T16:41:38.0994144Z"},"nsu=http://opcfoundation.org/UA/Plc/Applications;s=SlowUIntScalar3":{"Value":{"Type":7,"Body":8},"SourceTimestamp":"2024-04-27T16:41:36.2589639Z","ServerTimestamp":"2024-04-27T16:41:38.0994185Z"},"nsu=http://opcfoundation.org/UA/Plc/Applications;s=BadSlowUIntScalar1":{"Value":{"Type":7,"Body":8},"StatusCode":1083179008,"SourceTimestamp":"2024-04-27T16:41:36.2589668Z","ServerTimestamp":"2024-04-27T16:41:38.0994126Z"},"nsu=http://opcfoundation.org/UA/Plc/Applications;s=SlowRandomUIntScalar1":{"Value":{"Type":7,"Body":2585973056},"SourceTimestamp":"2024-04-27T16:41:36.259048Z","ServerTimestamp":"2024-04-27T16:41:38.0994268Z"},"nsu=http://opcfoundation.org/UA/Plc/Applications;s=SlowRandomUIntScalar2":{"Value":{"Type":7,"Body":893908440},"SourceTimestamp":"2024-04-27T16:41:36.2590572Z","ServerTimestamp":"2024-04-27T16:41:38.0994136Z"},"nsu=http://opcfoundation.org/UA/Plc/Applications;s=SlowRandomUIntScalar3":{"Value":{"Type":7,"Body":458015185},"SourceTimestamp":"2024-04-27T16:41:36.2590601Z","ServerTimestamp":"2024-04-27T16:41:38.0994223Z"},"nsu=http://opcfoundation.org/UA/Plc/Applications;s=BadSlowRandomUIntScalar1":{"Value":{"Type":7,"Body":3657561305},"StatusCode":1083179008,"SourceTimestamp":"2024-04-27T16:41:36.2590628Z","ServerTimestamp":"2024-04-27T16:41:38.0994214Z"},"nsu=http://opcfoundation.org/UA/Plc/Applications;s=SpikeData":{"Value":{"Type":11,"Body":-84.432792550201526},"SourceTimestamp":"2024-04-27T16:41:38.0517804Z","ServerTimestamp":"2024-04-27T16:41:38.0994192Z"},"ns=23;i=1259":{"Value":{"Type":11,"Body":0.79400000000000004},"SourceTimestamp":"2024-04-27T16:40:17.0822758Z","ServerTimestamp":"2024-04-27T16:41:38.0993945Z"}}}