{"SequenceNumber":83,"MetaDataVersion":{"MajorVersion":1},"Timestamp":"2024-04-27T16:41:40.085621Z","MessageType":"ua-deltaframe","DataSetWriterName":"<<UnknownDataSet>>","Payload":{"i=2258":{"Value":{"Type":13,"Body":"2024-04-27T16:41:40.0853163Z"},"SourceTimestamp":"2024-04-27T16:40:17.082247Z","ServerTimestamp":"2024-04-27T16:41:40.085315Z"},"nsu=http://opcfoundation.org/UA/Plc/Applications;s=StepUp":{"Value":{"Type":7,"Body":838},"SourceTimestamp":"2024-04-27T16:41:40.0523411Z","ServerTimestamp":"2024-04-27T16:41:40.0853651Z"},"nsu=http://opcfoundation.org/UA/Plc/Applications;s=AlternatingBoolean":{"Value":{"Type":1,"Body":true},"SourceTimestamp":"2024-04-27T16:41:40.0523439Z","ServerTimestamp":"2024-04-27T16:41:40.0853605Z"},"nsu=http://opcfoundation.org/UA/Plc/Applications;s=RandomSignedInt32":{"Value":{"Type":6,"Body":-1282251295},"SourceTimestamp":"2024-04-27T16:41:40.0524072Z","ServerTimestamp":"2024-04-27T16:41:40.0853582Z"},"nsu=http://opcfoundation.org/UA/Plc/Applications;s=RandomUnsignedInt32":{"Value":{"Type":7,"Body":1485071854},"SourceTimestamp":"2024-04-27T16:41:40.0523715Z","ServerTimestamp":"2024-04-27T16:41:40.0853644Z"},"nsu=http://opcfoundation.org/UA/Plc/Applications;s=DipData":{"Value":{"Type":11,"Body":99.80267284282715},"SourceTimestamp":"2024-04-27T16:41:40.0523867Z","ServerTimestamp":"2024-04-27T16:41:40.0853573Z"},"nsu=http://opcfoundation.org/UA/Plc/Applications;s=FastUIntScalar1":{"Value":{"Type":7,"Body":83},"SourceTimestamp":"2024-04-27T16:41:39.2585533Z","ServerTimestamp":"2024-04-27T16:41:40.0853482Z"},"nsu=http://opcfoundation.org/UA/Plc/Applications;s=FastUIntScalar2":{"Value":{"Type":7,"Body":83},"SourceTimestamp":"2024-04-27T16:41:39.2585577Z","ServerTimestamp":"2024-04-27T16:41:40.0853502Z"},"nsu=http://opcfoundation.org/UA/Plc/Applications;s=FastUIntScalar3":{"Value":{"Type":7,"Body":83},"SourceTimestamp":"2024-04-27T16:41:39.2585593Z","ServerTimestamp":"2024-04-27T16:41:40.0853493Z"},"nsu=http://opcfoundation.org/UA/Plc/Applications;s=FastRandomUIntScalar1":{"Value":{"Type":7,"Body":3230489376},"SourceTimestamp":"2024-04-27T16:41:39.2585669Z","ServerTimestamp":"2024-04-27T16:41:40.0853635Z"},"nsu=http://opcfoundation.org/UA/Plc/Applications;s=FastRandomUIntScalar2":{"Value":{"Type":7,"Body":1363257553},"SourceTimestamp":"2024-04-27T16:41:39.2585719Z","ServerTimestamp":"2024-04-27T16:41:40.0853549Z"},"nsu=http://opcfoundation.org/UA/Plc/Applications;s=FastRandomUIntScalar3":{"Value":{"Type":7,"Body":83981406},"SourceTimestamp":"2024-04-27T16:41:39.2585734Z","ServerTimestamp":"2024-04-27T16:41:40.085366Z"},"nsu=http://opcfoundation.org/UA/Plc/Applications;s=NegativeTrendData":{"Value":{"Type":11,"Body":99},"SourceTimestamp":"2024-04-27T16:41:40.0523935Z","ServerTimestamp":"2024-04-27T16:41:40.0853567Z"},"nsu=http://opcfoundation.org/UA/Plc/Applications;s=PositiveTrendData":{"Value":{"Type":11,"Body":101.59999999999999},"SourceTimestamp":"2024-04-27T16:41:40.0524023Z","ServerTimestamp":"2024-04-27T16:41:40.0853557Z"},"nsu=http://opcfoundation.org/UA/Plc/Applications;s=SlowUIntScalar1":{"Value":{"Type":7,"Body":8},"SourceTimestamp":"2024-04-27T16:41:36.258948Z","ServerTimestamp":"2024-04-27T16:41:40.0853512Z"},"nsu=http://opcfoundation.org/UA/Plc/Applications;s=SlowUIntScalar2":{"Value":{"Type":7,"Body":8},"SourceTimestamp":"2024-04-27T16:41:36.2589606Z","ServerTimestamp":"2024-04-27T16:41:40.0853542Z"},"nsu=http://opcfoundation.org/UA/Plc/Applications;s=SlowUIntScalar3":{"Value":{"Type":7,"Body":8},"SourceTimestamp":"2024-04-27T16:41:36.2589639Z","ServerTimestamp":"2024-04-27T16:41:40.085359Z"},"nsu=http://opcfoundation.org/UA/Plc/Applications;s=BadSlowUIntScalar1":{"Value":{"Type":7,"Body":8},"StatusCode":1083179008,"SourceTimestamp":"2024-04-27T16:41:36.2589668Z","ServerTimestamp":"2024-04-27T16:41:40.0853523Z"},"nsu=http://opcfoundation.org/UA/Plc/Applications;s=SlowRandomUIntScalar1":{"Value":{"Type":7,"Body":2585973056},"SourceTimestamp":"2024-04-27T16:41:36.259048Z","ServerTimestamp":"2024-04-27T16:41:40.085367Z"},"nsu=http://opcfoundation.org/UA/Plc/Applications;s=SlowRandomUIntScalar2":{"Value":{"Type":7,"Body":893908440},"SourceTimestamp":"2024-04-27T16:41:36.2590572Z","ServerTimestamp":"2024-04-27T16:41:40.0853534Z"},"nsu=http://opcfoundation.org/UA/Plc/Applications;s=SlowRandomUIntScalar3":{"Value":{"Type":7,"Body":458015185},"SourceTimestamp":"2024-04-27T16:41:36.2590601Z","ServerTimestamp":"2024-04-27T16:41:40.085363Z"},"nsu=http://opcfoundation.org/UA/Plc/Applications;s=BadSlowRandomUIntScalar1":{"Value":{"Type":7,"Body":3657561305},"StatusCode":1083179008,"SourceTimestamp":"2024-04-27T16:41:36.2590628Z","ServerTimestamp":"2024-04-27T16:41:40.0853619Z"},"nsu=http://opcfoundation.org/UA/Plc/Applications;s=SpikeData":{"Value":{"Type":11,"Body":99.80267284282715},"SourceTimestamp":"2024-04-27T16:41:40.0523997Z","ServerTimestamp":"2024-04-27T16:41:40.0853598Z"},"ns=23;i=1259":{"Value":{"Type":11,"Body":-0.0070200000000000002},"SourceTimestamp":"2024-04-27T16:40:17.0822758Z","ServerTimestamp":"2024-04-27T16:41:40.0853322Z"}}}