{"SequenceNumber":85,"MetaDataVersion":{"MajorVersion":1},"Timestamp":"2024-04-27T16:41:42.0869081Z","MessageType":"ua-deltaframe","DataSetWriterName":"<<UnknownDataSet>>","Payload":{"i=2258":{"Value":{"Type":13,"Body":"2024-04-27T16:41:42.0866133Z"},"SourceTimestamp":"2024-04-27T16:40:17.082247Z","ServerTimestamp":"2024-04-27T16:41:42.0866122Z"},"nsu=http://opcfoundation.org/UA/Plc/Applications;s=StepUp":{"Value":{"Type":7,"Body":858},"SourceTimestamp":"2024-04-27T16:41:42.0548071Z","ServerTimestamp":"2024-04-27T16:41:42.0866626Z"},"nsu=http://opcfoundation.org/UA/Plc/Applications;s=AlternatingBoolean":{"Value":{"Type":1,"Body":false},"SourceTimestamp":"2024-04-27T16:41:42.0548094Z","ServerTimestamp":"2024-04-27T16:41:42.0866577Z"},"nsu=http://opcfoundation.org/UA/Plc/Applications;s=RandomSignedInt32":{"Value":{"Type":6,"Body":-781566747},"SourceTimestamp":"2024-04-27T16:41:42.0548198Z","ServerTimestamp":"2024-04-27T16:41:42.0866553Z"},"nsu=http://opcfoundation.org/UA/Plc/Applications;s=RandomUnsignedInt32":{"Value":{"Type":7,"Body":445537023},"SourceTimestamp":"2024-04-27T16:41:42.0548207Z","ServerTimestamp":"2024-04-27T16:41:42.086662Z"},"nsu=http://opcfoundation.org/UA/Plc/Applications;s=DipData":{"Value":{"Type":11,"Body":-77.0513242775789},"SourceTimestamp":"2024-04-27T16:41:42.0548294Z","ServerTimestamp":"2024-04-27T16:41:42.0866546Z"},"nsu=http://opcfoundation.org/UA/Plc/Applications;s=FastUIntScalar1":{"Value":{"Type":7,"Body":85},"SourceTimestamp":"2024-04-27T16:41:41.2492192Z","ServerTimestamp":"2024-04-27T16:41:42.0866452Z"},"nsu=http://opcfoundation.org/UA/Plc/Applications;s=FastUIntScalar2":{"Value":{"Type":7,"Body":85},"SourceTimestamp":"2024-04-27T16:41:41.2492255Z","ServerTimestamp":"2024-04-27T16:41:42.0866471Z"},"nsu=http://opcfoundation.org/UA/Plc/Applications;s=FastUIntScalar3":{"Value":{"Type":7,"Body":85},"SourceTimestamp":"2024-04-27T16:41:41.2492279Z","ServerTimestamp":"2024-04-27T16:41:42.0866462Z"},"nsu=http://opcfoundation.org/UA/Plc/Applications;s=FastRandomUIntScalar1":{"Value":{"Type":7,"Body":3096886061},"SourceTimestamp":"2024-04-27T16:41:41.2492222Z","ServerTimestamp":"2024-04-27T16:41:42.0866611Z"},"nsu=http://opcfoundation.org/UA/Plc/Applications;s=FastRandomUIntScalar2":{"Value":{"Type":7,"Body":2597946425},"SourceTimestamp":"2024-04-27T16:41:41.2492269Z","ServerTimestamp":"2024-04-27T16:41:42.086652Z"},"nsu=http://opcfoundation.org/UA/Plc/Applications;s=FastRandomUIntScalar3":{"Value":{"Type":7,"Body":2482146269},"SourceTimestamp":"2024-04-27T16:41:41.249229Z","ServerTimestamp":"2024-04-27T16:41:42.0866635Z"},"nsu=http://opcfoundation.org/UA/Plc/Applications;s=NegativeTrendData":{"Value":{"Type":11,"Body":98.900000000000006},"SourceTimestamp":"2024-04-27T16:41:42.0548294Z","ServerTimestamp":"2024-04-27T16:41:42.0866541Z"},"nsu=http://opcfoundation.org/UA/Plc/Applications;s=PositiveTrendData":{"Value":{"Type":11,"Body":101.7},"SourceTimestamp":"2024-04-27T16:41:42.0548417Z","ServerTimestamp":"2024-04-27T16:41:42.0866531Z"},"nsu=http://opcfoundation.org/UA/Plc/Applications;s=SlowUIntScalar1":{"Value":{"Type":7,"Body":8},"SourceTimestamp":"2024-04-27T16:41:36.258948Z","ServerTimestamp":"2024-04-27T16:41:42.0866481Z"},"nsu=http://opcfoundation.org/UA/Plc/Applications;s=SlowUIntScalar2":{"Value":{"Type":7,"Body":8},"SourceTimestamp":"2024-04-27T16:41:36.2589606Z","ServerTimestamp":"2024-04-27T16:41:42.0866513Z"},"nsu=http://opcfoundation.org/UA/Plc/Applications;s=SlowUIntScalar3":{"Value":{"Type":7,"Body":8},"SourceTimestamp":"2024-04-27T16:41:36.2589639Z","ServerTimestamp":"2024-04-27T16:41:42.0866562Z"},"nsu=http://opcfoundation.org/UA/Plc/Applications;s=BadSlowUIntScalar1":{"Value":{"Type":7,"Body":8},"StatusCode":1083179008,"SourceTimestamp":"2024-04-27T16:41:36.2589668Z","ServerTimestamp":"2024-04-27T16:41:42.0866493Z"},"nsu=http://opcfoundation.org/UA/Plc/Applications;s=SlowRandomUIntScalar1":{"Value":{"Type":7,"Body":2585973056},"SourceTimestamp":"2024-04-27T16:41:36.259048Z","ServerTimestamp":"2024-04-27T16:41:42.0866646Z"},"nsu=http://opcfoundation.org/UA/Plc/Applications;s=SlowRandomUIntScalar2":{"Value":{"Type":7,"Body":893908440},"SourceTimestamp":"2024-04-27T16:41:36.2590572Z","ServerTimestamp":"2024-04-27T16:41:42.0866504Z"},"nsu=http://opcfoundation.org/UA/Plc/Applications;s=SlowRandomUIntScalar3":{"Value":{"Type":7,"Body":458015185},"SourceTimestamp":"2024-04-27T16:41:36.2590601Z","ServerTimestamp":"2024-04-27T16:41:42.0866605Z"},"nsu=http://opcfoundation.org/UA/Plc/Applications;s=BadSlowRandomUIntScalar1":{"Value":{"Type":7,"Body":3657561305},"StatusCode":1083179008,"SourceTimestamp":"2024-04-27T16:41:36.2590628Z","ServerTimestamp":"2024-04-27T16:41:42.0866595Z"},"nsu=http://opcfoundation.org/UA/Plc/Applications;s=SpikeData":{"Value":{"Type":11,"Body":-77.0513242775789},"SourceTimestamp":"2024-04-27T16:41:42.0548343Z","ServerTimestamp":"2024-04-27T16:41:42.086657Z"},"ns=23;i=1259":{"Value":{"Type":11,"Body":-0.182},"SourceTimestamp":"2024-04-27T16:40:17.0822758Z","ServerTimestamp":"2024-04-27T16:41:42.0866279Z"}}}