{"SequenceNumber":87,"MetaDataVersion":{"MajorVersion":1},"Timestamp":"2024-04-27T16:41:44.0976891Z","MessageType":"ua-deltaframe","DataSetWriterName":"<<UnknownDataSet>>","Payload":{"i=2258":{"Value":{"Type":13,"Body":"2024-04-27T16:41:44.0973678Z"},"SourceTimestamp":"2024-04-27T16:40:17.082247Z","ServerTimestamp":"2024-04-27T16:41:44.0973667Z"},"nsu=http://opcfoundation.org/UA/Plc/Applications;s=StepUp":{"Value":{"Type":7,"Body":878},"SourceTimestamp":"2024-04-27T16:41:44.0502769Z","ServerTimestamp":"2024-04-27T16:41:44.0974125Z"},"nsu=http://opcfoundation.org/UA/Plc/Applications;s=AlternatingBoolean":{"Value":{"Type":1,"Body":false},"SourceTimestamp":"2024-04-27T16:41:44.0502932Z","ServerTimestamp":"2024-04-27T16:41:44.0974072Z"},"nsu=http://opcfoundation.org/UA/Plc/Applications;s=RandomSignedInt32":{"Value":{"Type":6,"Body":-1116860099},"SourceTimestamp":"2024-04-27T16:41:44.0503278Z","ServerTimestamp":"2024-04-27T16:41:44.0974052Z"},"nsu=http://opcfoundation.org/UA/Plc/Applications;s=RandomUnsignedInt32":{"Value":{"Type":7,"Body":1346256577},"SourceTimestamp":"2024-04-27T16:41:44.0503095Z","ServerTimestamp":"2024-04-27T16:41:44.0974118Z"},"nsu=http://opcfoundation.org/UA/Plc/Applications;s=DipData":{"Value":{"Type":11,"Body":24.868988716485482},"SourceTimestamp":"2024-04-27T16:41:44.050335Z","ServerTimestamp":"2024-04-27T16:41:44.0974045Z"},"nsu=http://opcfoundation.org/UA/Plc/Applications;s=FastUIntScalar1":{"Value":{"Type":7,"Body":87},"SourceTimestamp":"2024-04-27T16:41:43.2615409Z","ServerTimestamp":"2024-04-27T16:41:44.097396Z"},"nsu=http://opcfoundation.org/UA/Plc/Applications;s=FastUIntScalar2":{"Value":{"Type":7,"Body":87},"SourceTimestamp":"2024-04-27T16:41:43.261549Z","ServerTimestamp":"2024-04-27T16:41:44.0973978Z"},"nsu=http://opcfoundation.org/UA/Plc/Applications;s=FastUIntScalar3":{"Value":{"Type":7,"Body":87},"SourceTimestamp":"2024-04-27T16:41:43.2615515Z","ServerTimestamp":"2024-04-27T16:41:44.097397Z"},"nsu=http://opcfoundation.org/UA/Plc/Applications;s=FastRandomUIntScalar1":{"Value":{"Type":7,"Body":3197254461},"SourceTimestamp":"2024-04-27T16:41:43.2615524Z","ServerTimestamp":"2024-04-27T16:41:44.097411Z"},"nsu=http://opcfoundation.org/UA/Plc/Applications;s=FastRandomUIntScalar2":{"Value":{"Type":7,"Body":547302483},"SourceTimestamp":"2024-04-27T16:41:43.2615574Z","ServerTimestamp":"2024-04-27T16:41:44.0974024Z"},"nsu=http://opcfoundation.org/UA/Plc/Applications;s=FastRandomUIntScalar3":{"Value":{"Type":7,"Body":3756756262},"SourceTimestamp":"2024-04-27T16:41:43.2615593Z","ServerTimestamp":"2024-04-27T16:41:44.0974133Z"},"nsu=http://opcfoundation.org/UA/Plc/Applications;s=NegativeTrendData":{"Value":{"Type":11,"Body":98.900000000000006},"SourceTimestamp":"2024-04-27T16:41:44.0503351Z","ServerTimestamp":"2024-04-27T16:41:44.0974039Z"},"nsu=http://opcfoundation.org/UA/Plc/Applications;s=PositiveTrendData":{"Value":{"Type":11,"Body":101.7},"SourceTimestamp":"2024-04-27T16:41:44.0503453Z","ServerTimestamp":"2024-04-27T16:41:44.0974031Z"},"nsu=http://opcfoundation.org/UA/Plc/Applications;s=SlowUIntScalar1":{"Value":{"Type":7,"Body":8},"SourceTimestamp":"2024-04-27T16:41:36.258948Z","ServerTimestamp":"2024-04-27T16:41:44.0973987Z"},"nsu=http://opcfoundation.org/UA/Plc/Applications;s=SlowUIntScalar2":{"Value":{"Type":7,"Body":8},"SourceTimestamp":"2024-04-27T16:41:36.2589606Z","ServerTimestamp":"2024-04-27T16:41:44.0974019Z"},"nsu=http://opcfoundation.org/UA/Plc/Applications;s=SlowUIntScalar3":{"Value":{"Type":7,"Body":8},"SourceTimestamp":"2024-04-27T16:41:36.2589639Z","ServerTimestamp":"2024-04-27T16:41:44.0974059Z"},"nsu=http://opcfoundation.org/UA/Plc/Applications;s=BadSlowUIntScalar1":{"Value":{"Type":7,"Body":8},"StatusCode":1083179008,"SourceTimestamp":"2024-04-27T16:41:36.2589668Z","ServerTimestamp":"2024-04-27T16:41:44.0973999Z"},"nsu=http://opcfoundation.org/UA/Plc/Applications;s=SlowRandomUIntScalar1":{"Value":{"Type":7,"Body":2585973056},"SourceTimestamp":"2024-04-27T16:41:36.259048Z","ServerTimestamp":"2024-04-27T16:41:44.0974142Z"},"nsu=http://opcfoundation.org/UA/Plc/Applications;s=SlowRandomUIntScalar2":{"Value":{"Type":7,"Body":893908440},"SourceTimestamp":"2024-04-27T16:41:36.2590572Z","ServerTimestamp":"2024-04-27T16:41:44.097401Z"},"nsu=http://opcfoundation.org/UA/Plc/Applications;s=SlowRandomUIntScalar3":{"Value":{"Type":7,"Body":458015185},"SourceTimestamp":"2024-04-27T16:41:36.2590601Z","ServerTimestamp":"2024-04-27T16:41:44.0974104Z"},"nsu=http://opcfoundation.org/UA/Plc/Applications;s=BadSlowRandomUIntScalar1":{"Value":{"Type":7,"Body":3657561305},"StatusCode":1083179008,"SourceTimestamp":"2024-04-27T16:41:36.2590628Z","ServerTimestamp":"2024-04-27T16:41:44.0974086Z"},"nsu=http://opcfoundation.org/UA/Plc/Applications;s=SpikeData":{"Value":{"Type":11,"Body":24.868988716485482},"SourceTimestamp":"2024-04-27T16:41:44.0503472Z","ServerTimestamp":"2024-04-27T16:41:44.0974066Z"},"ns=23;i=1259":{"Value":{"Type":11,"Body":-1.1400000000000001},"SourceTimestamp":"2024-04-27T16:40:17.0822758Z","ServerTimestamp":"2024-04-27T16:41:44.0973813Z"}}}