{"SequenceNumber":9,"MetaDataVersion":{"MajorVersion":1},"Timestamp":"2024-04-27T16:40:26.0937249Z","MessageType":"ua-deltaframe","DataSetWriterName":"<<UnknownDataSet>>","Payload":{"i=2258":{"Value":{"Type":13,"Body":"2024-04-27T16:40:26.0934328Z"},"SourceTimestamp":"2024-04-27T16:40:17.082247Z","ServerTimestamp":"2024-04-27T16:40:26.0934314Z"},"nsu=http://opcfoundation.org/UA/Plc/Applications;s=StepUp":{"Value":{"Type":7,"Body":98},"SourceTimestamp":"2024-04-27T16:40:26.0613874Z","ServerTimestamp":"2024-04-27T16:40:26.0934775Z"},"nsu=http://opcfoundation.org/UA/Plc/Applications;s=AlternatingBoolean":{"Value":{"Type":1,"Body":false},"SourceTimestamp":"2024-04-27T16:40:26.0613927Z","ServerTimestamp":"2024-04-27T16:40:26.0934734Z"},"nsu=http://opcfoundation.org/UA/Plc/Applications;s=RandomSignedInt32":{"Value":{"Type":6,"Body":691760668},"SourceTimestamp":"2024-04-27T16:40:26.0614086Z","ServerTimestamp":"2024-04-27T16:40:26.0934712Z"},"nsu=http://opcfoundation.org/UA/Plc/Applications;s=RandomUnsignedInt32":{"Value":{"Type":7,"Body":390395342},"SourceTimestamp":"2024-04-27T16:40:26.0614004Z","ServerTimestamp":"2024-04-27T16:40:26.0934768Z"},"nsu=http://opcfoundation.org/UA/Plc/Applications;s=DipData":{"Value":{"Type":11,"Body":36.812455268467801},"SourceTimestamp":"2024-04-27T16:40:26.0614104Z","ServerTimestamp":"2024-04-27T16:40:26.0934705Z"},"nsu=http://opcfoundation.org/UA/Plc/Applications;s=FastUIntScalar1":{"Value":{"Type":7,"Body":9},"SourceTimestamp":"2024-04-27T16:40:25.2562415Z","ServerTimestamp":"2024-04-27T16:40:26.0934622Z"},"nsu=http://opcfoundation.org/UA/Plc/Applications;s=FastUIntScalar2":{"Value":{"Type":7,"Body":9},"SourceTimestamp":"2024-04-27T16:40:25.256249Z","ServerTimestamp":"2024-04-27T16:40:26.0934646Z"},"nsu=http://opcfoundation.org/UA/Plc/Applications;s=FastUIntScalar3":{"Value":{"Type":7,"Body":9},"SourceTimestamp":"2024-04-27T16:40:25.2562505Z","ServerTimestamp":"2024-04-27T16:40:26.0934638Z"},"nsu=http://opcfoundation.org/UA/Plc/Applications;s=FastRandomUIntScalar1":{"Value":{"Type":7,"Body":2952252720},"SourceTimestamp":"2024-04-27T16:40:25.2562488Z","ServerTimestamp":"2024-04-27T16:40:26.093476Z"},"nsu=http://opcfoundation.org/UA/Plc/Applications;s=FastRandomUIntScalar2":{"Value":{"Type":7,"Body":1788179972},"SourceTimestamp":"2024-04-27T16:40:25.256254Z","ServerTimestamp":"2024-04-27T16:40:26.0934684Z"},"nsu=http://opcfoundation.org/UA/Plc/Applications;s=FastRandomUIntScalar3":{"Value":{"Type":7,"Body":2831120976},"SourceTimestamp":"2024-04-27T16:40:25.2562562Z","ServerTimestamp":"2024-04-27T16:40:26.0934784Z"},"nsu=http://opcfoundation.org/UA/Plc/Applications;s=NegativeTrendData":{"Value":{"Type":11,"Body":100},"SourceTimestamp":"2024-04-27T16:40:26.0614259Z","ServerTimestamp":"2024-04-27T16:40:26.09347Z"},"nsu=http://opcfoundation.org/UA/Plc/Applications;s=PositiveTrendData":{"Value":{"Type":11,"Body":100.09999999999999},"SourceTimestamp":"2024-04-27T16:40:26.0614179Z","ServerTimestamp":"2024-04-27T16:40:26.0934692Z"},"nsu=http://opcfoundation.org/UA/Plc/Applications;s=SlowUIntScalar1":{"Value":{"Type":7,"Body":0},"SourceTimestamp":"2024-04-27T16:40:16.2469346Z","ServerTimestamp":"2024-04-27T16:40:26.0934655Z"},"nsu=http://opcfoundation.org/UA/Plc/Applications;s=SlowUIntScalar2":{"Value":{"Type":7,"Body":0},"SourceTimestamp":"2024-04-27T16:40:16.2469357Z","ServerTimestamp":"2024-04-27T16:40:26.0934678Z"},"nsu=http://opcfoundation.org/UA/Plc/Applications;s=SlowUIntScalar3":{"Value":{"Type":7,"Body":0},"SourceTimestamp":"2024-04-27T16:40:16.2469371Z","ServerTimestamp":"2024-04-27T16:40:26.093472Z"},"nsu=http://opcfoundation.org/UA/Plc/Applications;s=BadSlowUIntScalar1":{"Value":{"Type":7,"Body":0},"SourceTimestamp":"2024-04-27T16:40:16.2469388Z","ServerTimestamp":"2024-04-27T16:40:26.0934664Z"},"nsu=http://opcfoundation.org/UA/Plc/Applications;s=SlowRandomUIntScalar1":{"Value":{"Type":7,"Body":0},"SourceTimestamp":"2024-04-27T16:40:16.2469446Z","ServerTimestamp":"2024-04-27T16:40:26.0934797Z"},"nsu=http://opcfoundation.org/UA/Plc/Applications;s=SlowRandomUIntScalar2":{"Value":{"Type":7,"Body":0},"SourceTimestamp":"2024-04-27T16:40:16.2469451Z","ServerTimestamp":"2024-04-27T16:40:26.0934671Z"},"nsu=http://opcfoundation.org/UA/Plc/Applications;s=SlowRandomUIntScalar3":{"Value":{"Type":7,"Body":0},"SourceTimestamp":"2024-04-27T16:40:16.2469455Z","ServerTimestamp":"2024-04-27T16:40:26.0934756Z"},"nsu=http://opcfoundation.org/UA/Plc/Applications;s=BadSlowRandomUIntScalar1":{"Value":{"Type":7,"Body":0},"SourceTimestamp":"2024-04-27T16:40:16.2469471Z","ServerTimestamp":"2024-04-27T16:40:26.0934746Z"},"nsu=http://opcfoundation.org/UA/Plc/Applications;s=SpikeData":{"Value":{"Type":11,"Body":36.812455268467801},"SourceTimestamp":"2024-04-27T16:40:26.0614157Z","ServerTimestamp":"2024-04-27T16:40:26.0934727Z"},"ns=23;i=1259":{"Value":{"Type":11,"Body":-0.98899999999999999},"SourceTimestamp":"2024-04-27T16:40:17.0822758Z","ServerTimestamp":"2024-04-27T16:40:26.0934473Z"}}}