{"SequenceNumber":93,"MetaDataVersion":{"MajorVersion":1},"Timestamp":"2024-04-27T16:41:50.0927639Z","MessageType":"ua-deltaframe","DataSetWriterName":"<<UnknownDataSet>>","Payload":{"i=2258":{"Value":{"Type":13,"Body":"2024-04-27T16:41:50.0924646Z"},"SourceTimestamp":"2024-04-27T16:40:17.082247Z","ServerTimestamp":"2024-04-27T16:41:50.0924628Z"},"nsu=http://opcfoundation.org/UA/Plc/Applications;s=StepUp":{"Value":{"Type":7,"Body":938},"SourceTimestamp":"2024-04-27T16:41:50.0598525Z","ServerTimestamp":"2024-04-27T16:41:50.0925153Z"},"nsu=http://opcfoundation.org/UA/Plc/Applications;s=AlternatingBoolean":{"Value":{"Type":1,"Body":true},"SourceTimestamp":"2024-04-27T16:41:50.0598749Z","ServerTimestamp":"2024-04-27T16:41:50.0925105Z"},"nsu=http://opcfoundation.org/UA/Plc/Applications;s=RandomSignedInt32":{"Value":{"Type":6,"Body":840262298},"SourceTimestamp":"2024-04-27T16:41:50.0599055Z","ServerTimestamp":"2024-04-27T16:41:50.0925081Z"},"nsu=http://opcfoundation.org/UA/Plc/Applications;s=RandomUnsignedInt32":{"Value":{"Type":7,"Body":583129568},"SourceTimestamp":"2024-04-27T16:41:50.0598901Z","ServerTimestamp":"2024-04-27T16:41:50.0925146Z"},"nsu=http://opcfoundation.org/UA/Plc/Applications;s=DipData":{"Value":{"Type":11,"Body":99.80267284282715},"SourceTimestamp":"2024-04-27T16:41:50.0599033Z","ServerTimestamp":"2024-04-27T16:41:50.0925073Z"},"nsu=http://opcfoundation.org/UA/Plc/Applications;s=FastUIntScalar1":{"Value":{"Type":7,"Body":93},"SourceTimestamp":"2024-04-27T16:41:49.2605303Z","ServerTimestamp":"2024-04-27T16:41:50.0924948Z"},"nsu=http://opcfoundation.org/UA/Plc/Applications;s=FastUIntScalar2":{"Value":{"Type":7,"Body":93},"SourceTimestamp":"2024-04-27T16:41:49.2605364Z","ServerTimestamp":"2024-04-27T16:41:50.0924967Z"},"nsu=http://opcfoundation.org/UA/Plc/Applications;s=FastUIntScalar3":{"Value":{"Type":7,"Body":93},"SourceTimestamp":"2024-04-27T16:41:49.2605381Z","ServerTimestamp":"2024-04-27T16:41:50.0924958Z"},"nsu=http://opcfoundation.org/UA/Plc/Applications;s=FastRandomUIntScalar1":{"Value":{"Type":7,"Body":1545602106},"SourceTimestamp":"2024-04-27T16:41:49.2605394Z","ServerTimestamp":"2024-04-27T16:41:50.0925137Z"},"nsu=http://opcfoundation.org/UA/Plc/Applications;s=FastRandomUIntScalar2":{"Value":{"Type":7,"Body":1552822141},"SourceTimestamp":"2024-04-27T16:41:49.2605437Z","ServerTimestamp":"2024-04-27T16:41:50.0925014Z"},"nsu=http://opcfoundation.org/UA/Plc/Applications;s=FastRandomUIntScalar3":{"Value":{"Type":7,"Body":816334569},"SourceTimestamp":"2024-04-27T16:41:49.260545Z","ServerTimestamp":"2024-04-27T16:41:50.0925161Z"},"nsu=http://opcfoundation.org/UA/Plc/Applications;s=NegativeTrendData":{"Value":{"Type":11,"Body":98.799999999999997},"SourceTimestamp":"2024-04-27T16:41:50.0599033Z","ServerTimestamp":"2024-04-27T16:41:50.0925032Z"},"nsu=http://opcfoundation.org/UA/Plc/Applications;s=PositiveTrendData":{"Value":{"Type":11,"Body":101.8},"SourceTimestamp":"2024-04-27T16:41:50.0599293Z","ServerTimestamp":"2024-04-27T16:41:50.0925023Z"},"nsu=http://opcfoundation.org/UA/Plc/Applications;s=SlowUIntScalar1":{"Value":{"Type":7,"Body":9},"SourceTimestamp":"2024-04-27T16:41:46.2534389Z","ServerTimestamp":"2024-04-27T16:41:50.0924977Z"},"nsu=http://opcfoundation.org/UA/Plc/Applications;s=SlowUIntScalar2":{"Value":{"Type":7,"Body":9},"SourceTimestamp":"2024-04-27T16:41:46.2534463Z","ServerTimestamp":"2024-04-27T16:41:50.0925007Z"},"nsu=http://opcfoundation.org/UA/Plc/Applications;s=SlowUIntScalar3":{"Value":{"Type":7,"Body":9},"SourceTimestamp":"2024-04-27T16:41:46.2534479Z","ServerTimestamp":"2024-04-27T16:41:50.092509Z"},"nsu=http://opcfoundation.org/UA/Plc/Applications;s=BadSlowUIntScalar1":{"Value":{"Body":null},"StatusCode":2157772800,"SourceTimestamp":"2024-04-27T16:41:46.2534494Z","ServerTimestamp":"2024-04-27T16:41:50.0924988Z"},"nsu=http://opcfoundation.org/UA/Plc/Applications;s=SlowRandomUIntScalar1":{"Value":{"Type":7,"Body":1876625430},"SourceTimestamp":"2024-04-27T16:41:46.2534507Z","ServerTimestamp":"2024-04-27T16:41:50.0925172Z"},"nsu=http://opcfoundation.org/UA/Plc/Applications;s=SlowRandomUIntScalar2":{"Value":{"Type":7,"Body":3750667042},"SourceTimestamp":"2024-04-27T16:41:46.2534558Z","ServerTimestamp":"2024-04-27T16:41:50.0924998Z"},"nsu=http://opcfoundation.org/UA/Plc/Applications;s=SlowRandomUIntScalar3":{"Value":{"Type":7,"Body":940348362},"SourceTimestamp":"2024-04-27T16:41:46.2534577Z","ServerTimestamp":"2024-04-27T16:41:50.0925131Z"},"nsu=http://opcfoundation.org/UA/Plc/Applications;s=BadSlowRandomUIntScalar1":{"Value":{"Body":null},"StatusCode":2157772800,"SourceTimestamp":"2024-04-27T16:41:46.2534598Z","ServerTimestamp":"2024-04-27T16:41:50.0925121Z"},"nsu=http://opcfoundation.org/UA/Plc/Applications;s=SpikeData":{"Value":{"Type":11,"Body":99.80267284282715},"SourceTimestamp":"2024-04-27T16:41:50.0599137Z","ServerTimestamp":"2024-04-27T16:41:50.0925098Z"},"ns=23;i=1259":{"Value":{"Type":11,"Body":-1.6000000000000001},"SourceTimestamp":"2024-04-27T16:40:17.0822758Z","ServerTimestamp":"2024-04-27T16:41:50.092479Z"}}}