{"SequenceNumber":97,"MetaDataVersion":{"MajorVersion":1},"Timestamp":"2024-04-27T16:41:54.0930749Z","MessageType":"ua-deltaframe","DataSetWriterName":"<<UnknownDataSet>>","Payload":{"i=2258":{"Value":{"Type":13,"Body":"2024-04-27T16:41:54.0927591Z"},"SourceTimestamp":"2024-04-27T16:40:17.082247Z","ServerTimestamp":"2024-04-27T16:41:54.0927581Z"},"nsu=http://opcfoundation.org/UA/Plc/Applications;s=StepUp":{"Value":{"Type":7,"Body":978},"SourceTimestamp":"2024-04-27T16:41:54.0463991Z","ServerTimestamp":"2024-04-27T16:41:54.092812Z"},"nsu=http://opcfoundation.org/UA/Plc/Applications;s=AlternatingBoolean":{"Value":{"Type":1,"Body":false},"SourceTimestamp":"2024-04-27T16:41:54.0464317Z","ServerTimestamp":"2024-04-27T16:41:54.0928073Z"},"nsu=http://opcfoundation.org/UA/Plc/Applications;s=RandomSignedInt32":{"Value":{"Type":6,"Body":1761516201},"SourceTimestamp":"2024-04-27T16:41:54.0464132Z","ServerTimestamp":"2024-04-27T16:41:54.0928045Z"},"nsu=http://opcfoundation.org/UA/Plc/Applications;s=RandomUnsignedInt32":{"Value":{"Type":7,"Body":1195619217},"SourceTimestamp":"2024-04-27T16:41:54.0464179Z","ServerTimestamp":"2024-04-27T16:41:54.0928113Z"},"nsu=http://opcfoundation.org/UA/Plc/Applications;s=DipData":{"Value":{"Type":11,"Body":24.868988716485482},"SourceTimestamp":"2024-04-27T16:41:54.0464308Z","ServerTimestamp":"2024-04-27T16:41:54.0928039Z"},"nsu=http://opcfoundation.org/UA/Plc/Applications;s=FastUIntScalar1":{"Value":{"Type":7,"Body":97},"SourceTimestamp":"2024-04-27T16:41:53.2587392Z","ServerTimestamp":"2024-04-27T16:41:54.0927944Z"},"nsu=http://opcfoundation.org/UA/Plc/Applications;s=FastUIntScalar2":{"Value":{"Type":7,"Body":97},"SourceTimestamp":"2024-04-27T16:41:53.2587434Z","ServerTimestamp":"2024-04-27T16:41:54.0927964Z"},"nsu=http://opcfoundation.org/UA/Plc/Applications;s=FastUIntScalar3":{"Value":{"Type":7,"Body":97},"SourceTimestamp":"2024-04-27T16:41:53.2587451Z","ServerTimestamp":"2024-04-27T16:41:54.0927955Z"},"nsu=http://opcfoundation.org/UA/Plc/Applications;s=FastRandomUIntScalar1":{"Value":{"Type":7,"Body":966957384},"SourceTimestamp":"2024-04-27T16:41:53.2587341Z","ServerTimestamp":"2024-04-27T16:41:54.0928104Z"},"nsu=http://opcfoundation.org/UA/Plc/Applications;s=FastRandomUIntScalar2":{"Value":{"Type":7,"Body":1158739141},"SourceTimestamp":"2024-04-27T16:41:53.2587392Z","ServerTimestamp":"2024-04-27T16:41:54.0928015Z"},"nsu=http://opcfoundation.org/UA/Plc/Applications;s=FastRandomUIntScalar3":{"Value":{"Type":7,"Body":4074420889},"SourceTimestamp":"2024-04-27T16:41:53.2587403Z","ServerTimestamp":"2024-04-27T16:41:54.0928128Z"},"nsu=http://opcfoundation.org/UA/Plc/Applications;s=NegativeTrendData":{"Value":{"Type":11,"Body":98.700000000000003},"SourceTimestamp":"2024-04-27T16:41:54.0464377Z","ServerTimestamp":"2024-04-27T16:41:54.0928034Z"},"nsu=http://opcfoundation.org/UA/Plc/Applications;s=PositiveTrendData":{"Value":{"Type":11,"Body":101.90000000000001},"SourceTimestamp":"2024-04-27T16:41:54.0464673Z","ServerTimestamp":"2024-04-27T16:41:54.0928023Z"},"nsu=http://opcfoundation.org/UA/Plc/Applications;s=SlowUIntScalar1":{"Value":{"Type":7,"Body":9},"SourceTimestamp":"2024-04-27T16:41:46.2534389Z","ServerTimestamp":"2024-04-27T16:41:54.0927973Z"},"nsu=http://opcfoundation.org/UA/Plc/Applications;s=SlowUIntScalar2":{"Value":{"Type":7,"Body":9},"SourceTimestamp":"2024-04-27T16:41:46.2534463Z","ServerTimestamp":"2024-04-27T16:41:54.0928007Z"},"nsu=http://opcfoundation.org/UA/Plc/Applications;s=SlowUIntScalar3":{"Value":{"Type":7,"Body":9},"SourceTimestamp":"2024-04-27T16:41:46.2534479Z","ServerTimestamp":"2024-04-27T16:41:54.0928056Z"},"nsu=http://opcfoundation.org/UA/Plc/Applications;s=BadSlowUIntScalar1":{"Value":{"Body":null},"StatusCode":2157772800,"SourceTimestamp":"2024-04-27T16:41:46.2534494Z","ServerTimestamp":"2024-04-27T16:41:54.0927984Z"},"nsu=http://opcfoundation.org/UA/Plc/Applications;s=SlowRandomUIntScalar1":{"Value":{"Type":7,"Body":1876625430},"SourceTimestamp":"2024-04-27T16:41:46.2534507Z","ServerTimestamp":"2024-04-27T16:41:54.0928139Z"},"nsu=http://opcfoundation.org/UA/Plc/Applications;s=SlowRandomUIntScalar2":{"Value":{"Type":7,"Body":3750667042},"SourceTimestamp":"2024-04-27T16:41:46.2534558Z","ServerTimestamp":"2024-04-27T16:41:54.0927997Z"},"nsu=http://opcfoundation.org/UA/Plc/Applications;s=SlowRandomUIntScalar3":{"Value":{"Type":7,"Body":940348362},"SourceTimestamp":"2024-04-27T16:41:46.2534577Z","ServerTimestamp":"2024-04-27T16:41:54.0928098Z"},"nsu=http://opcfoundation.org/UA/Plc/Applications;s=BadSlowRandomUIntScalar1":{"Value":{"Body":null},"StatusCode":2157772800,"SourceTimestamp":"2024-04-27T16:41:46.2534598Z","ServerTimestamp":"2024-04-27T16:41:54.0928088Z"},"nsu=http://opcfoundation.org/UA/Plc/Applications;s=SpikeData":{"Value":{"Type":11,"Body":24.868988716485482},"SourceTimestamp":"2024-04-27T16:41:54.0464562Z","ServerTimestamp":"2024-04-27T16:41:54.0928064Z"},"ns=23;i=1259":{"Value":{"Type":11,"Body":0.79700000000000004},"SourceTimestamp":"2024-04-27T16:40:17.0822758Z","ServerTimestamp":"2024-04-27T16:41:54.0927747Z"}}}