{"MessageId":"4e9f6a86-e3bd-42f1-8f0d-80bc2ac56940","MessageType":"ua-data","PublisherId":"DESKTOP-BGFJS91","DataSetWriterGroup":"<<UnknownWriterGroup>>","Messages":[{"SequenceNumber":10,"MetaDataVersion":{"MajorVersion":1},"Timestamp":"2024-04-27T12:59:25.2768208Z","MessageType":"ua-event","DataSetWriterName":"<<UnknownDataSet>>","Payload":{"EventId":{"Value":{"Type":15,"Body":"qqRh2ifvLEKuQX36TOBT4w=="}},"EventType":{"Value":{"Type":18,"Body":{"IdType":1,"Id":"NodeChange"}}},"SourceNode":{"Value":{"Type":17,"Body":{"Id":23470}}},"Time":{"Value":{"Type":13,"Body":"2024-04-27T12:59:25.2768185Z"}},"Change":{"Value":{"Type":22,"Body":{"TypeId":{"Id":15071},"Body":{"NodeId":{"Id":23470},"NodeClass":1,"BrowseName":{"Name":"Aliases"},"DisplayName":{"Text":"Aliases"},"RolePermissions":[],"UserRolePermissions":[],"References":[]}}}}}}]}