{"MessageId":"a00fe2ec-e4e7-42e1-9711-831cfed600ab","MessageType":"ua-data","PublisherId":"DESKTOP-BGFJS91","DataSetWriterGroup":"<<UnknownWriterGroup>>","Messages":[{"SequenceNumber":103,"MetaDataVersion":{"MajorVersion":1},"Timestamp":"2024-04-27T12:59:25.4184075Z","MessageType":"ua-event","DataSetWriterName":"<<UnknownDataSet>>","Payload":{"EventId":{"Value":{"Type":15,"Body":"OD1+/fLNCU+DEgFH6IQf/Q=="}},"EventType":{"Value":{"Type":18,"Body":{"IdType":1,"Id":"ReferenceChange"}}},"SourceNode":{"Value":{"Type":17,"Body":{"Id":2253}}},"Time":{"Value":{"Type":13,"Body":"2024-04-27T12:59:25.4184064Z"}},"Change":{"Value":{"Type":22,"Body":{"TypeId":{"Id":15182},"Body":{"ReferenceTypeId":{"Id":48},"IsForward":true,"NodeId":{"Id":10157,"Namespace":2},"BrowseName":{"Name":"Data","Uri":2},"DisplayName":{"Text":"Data"},"NodeClass":1,"TypeDefinition":{"Id":61}}}}}}}]}