{"MessageId":"82f98d17-6b8d-4ff4-b92f-7383537cc9bd","MessageType":"ua-data","PublisherId":"DESKTOP-BGFJS91","DataSetWriterGroup":"<<UnknownWriterGroup>>","Messages":[{"SequenceNumber":112,"MetaDataVersion":{"MajorVersion":1},"Timestamp":"2024-04-27T12:59:25.4268289Z","MessageType":"ua-event","DataSetWriterName":"<<UnknownDataSet>>","Payload":{"EventId":{"Value":{"Type":15,"Body":"0+i95lQdMEun2YYj58drhQ=="}},"EventType":{"Value":{"Type":18,"Body":{"IdType":1,"Id":"ReferenceChange"}}},"SourceNode":{"Value":{"Type":17,"Body":{"Id":23470}}},"Time":{"Value":{"Type":13,"Body":"2024-04-27T12:59:25.4268281Z"}},"Change":{"Value":{"Type":22,"Body":{"TypeId":{"Id":15182},"Body":{"ReferenceTypeId":{"Id":46},"IsForward":true,"NodeId":{"Id":32852},"BrowseName":{"Name":"LastChange"},"DisplayName":{"Text":"LastChange"},"NodeClass":2,"TypeDefinition":{"Id":68}}}}}}}]}