{"MessageId":"43f7d98d-85ee-4567-ad2d-6db4332e82b5","MessageType":"ua-data","PublisherId":"DESKTOP-BGFJS91","DataSetWriterGroup":"<<UnknownWriterGroup>>","Messages":[{"SequenceNumber":126,"MetaDataVersion":{"MajorVersion":1},"Timestamp":"2024-04-27T12:59:25.4385165Z","MessageType":"ua-event","DataSetWriterName":"<<UnknownDataSet>>","Payload":{"EventId":{"Value":{"Type":15,"Body":"SkiuVNLq4ECT6vWHy9l9AQ=="}},"EventType":{"Value":{"Type":18,"Body":{"IdType":1,"Id":"ReferenceChange"}}},"SourceNode":{"Value":{"Type":17,"Body":{"Id":281,"Namespace":7}}},"Time":{"Value":{"Type":13,"Body":"2024-04-27T12:59:25.4385131Z"}},"Change":{"Value":{"Type":22,"Body":{"TypeId":{"Id":15182},"Body":{"ReferenceTypeId":{"Id":46},"IsForward":true,"NodeId":{"Id":380,"Namespace":7},"BrowseName":{"Name":"LotType","Uri":7},"DisplayName":{"Text":"LotType"},"NodeClass":2,"TypeDefinition":{"Id":68}}}}}}}]}