{"MessageId":"b3429051-a5eb-4a33-98af-251a5b88dbc4","MessageType":"ua-data","PublisherId":"DESKTOP-BGFJS91","DataSetWriterGroup":"<<UnknownWriterGroup>>","Messages":[{"SequenceNumber":128,"MetaDataVersion":{"MajorVersion":1},"Timestamp":"2024-04-27T12:59:25.4400114Z","MessageType":"ua-event","DataSetWriterName":"<<UnknownDataSet>>","Payload":{"EventId":{"Value":{"Type":15,"Body":"RaPuL4vpX0WN8gXJA6YxIg=="}},"EventType":{"Value":{"Type":18,"Body":{"IdType":1,"Id":"ReferenceChange"}}},"SourceNode":{"Value":{"Type":17,"Body":{"Id":281,"Namespace":7}}},"Time":{"Value":{"Type":13,"Body":"2024-04-27T12:59:25.4400105Z"}},"Change":{"Value":{"Type":22,"Body":{"TypeId":{"Id":15182},"Body":{"ReferenceTypeId":{"Id":47},"IsForward":true,"NodeId":{"Id":375,"Namespace":7},"BrowseName":{"Name":"DriverOfTheMonth","Uri":7},"DisplayName":{"Text":"DriverOfTheMonth"},"NodeClass":1,"TypeDefinition":{"Id":341,"Namespace":6}}}}}}}]}