{"MessageId":"9ab9a2bb-3733-4e0f-924e-f3c73c9ebf53","MessageType":"ua-data","PublisherId":"DESKTOP-BGFJS91","DataSetWriterGroup":"<<UnknownWriterGroup>>","Messages":[{"SequenceNumber":135,"MetaDataVersion":{"MajorVersion":1},"Timestamp":"2024-04-27T12:59:25.4455167Z","MessageType":"ua-event","DataSetWriterName":"<<UnknownDataSet>>","Payload":{"EventId":{"Value":{"Type":15,"Body":"tRkQZMC/IEmNQIG7RgZJEA=="}},"EventType":{"Value":{"Type":18,"Body":{"IdType":1,"Id":"NodeChange"}}},"SourceNode":{"Value":{"Type":17,"Body":{"IdType":1,"Id":"Area99","Namespace":9}}},"Time":{"Value":{"Type":13,"Body":"2024-04-27T12:59:25.4455149Z"}},"Change":{"Value":{"Type":22,"Body":{"TypeId":{"Id":15071},"Body":{"NodeId":{"IdType":1,"Id":"Area99","Namespace":9},"NodeClass":1,"BrowseName":{"Name":"Area99","Uri":9},"DisplayName":{"Text":"Area99"},"RolePermissions":[],"UserRolePermissions":[],"References":[],"EventNotifier":13}}}}}}]}