{"MessageId":"09f33617-21c6-44d0-840a-9eac6e472765","MessageType":"ua-data","PublisherId":"DESKTOP-BGFJS91","DataSetWriterGroup":"<<UnknownWriterGroup>>","Messages":[{"SequenceNumber":136,"MetaDataVersion":{"MajorVersion":1},"Timestamp":"2024-04-27T12:59:25.4456909Z","MessageType":"ua-event","DataSetWriterName":"<<UnknownDataSet>>","Payload":{"EventId":{"Value":{"Type":15,"Body":"7h6UddNKZU6BZKn7OXxusg=="}},"EventType":{"Value":{"Type":18,"Body":{"IdType":1,"Id":"ReferenceChange"}}},"SourceNode":{"Value":{"Type":17,"Body":{"Id":442,"Namespace":11}}},"Time":{"Value":{"Type":13,"Body":"2024-04-27T12:59:25.4456901Z"}},"Change":{"Value":{"Type":22,"Body":{"TypeId":{"Id":15182},"Body":{"ReferenceTypeId":{"Id":35},"IsForward":true,"NodeId":{"IdType":1,"Id":"0:Boiler #1","Namespace":11},"BrowseName":{"Name":"Boiler #1","Uri":11},"DisplayName":{"Text":"Boiler #1"},"NodeClass":1,"TypeDefinition":{"Id":390,"Namespace":11}}}}}}}]}