{"MessageId":"11158b40-e767-495d-b044-32db309ed028","MessageType":"ua-data","PublisherId":"DESKTOP-BGFJS91","DataSetWriterGroup":"<<UnknownWriterGroup>>","Messages":[{"SequenceNumber":141,"MetaDataVersion":{"MajorVersion":1},"Timestamp":"2024-04-27T12:59:25.4497228Z","MessageType":"ua-event","DataSetWriterName":"<<UnknownDataSet>>","Payload":{"EventId":{"Value":{"Type":15,"Body":"q/Kp/YcpDUKtMmV7vPchHg=="}},"EventType":{"Value":{"Type":18,"Body":{"IdType":1,"Id":"NodeChange"}}},"SourceNode":{"Value":{"Type":17,"Body":{"Id":15013,"Namespace":18}}},"Time":{"Value":{"Type":13,"Body":"2024-04-27T12:59:25.4497215Z"}},"Change":{"Value":{"Type":22,"Body":{"TypeId":{"Id":15074},"Body":{"NodeId":{"Id":15013,"Namespace":18},"NodeClass":2,"BrowseName":{"Name":"PlcStatus","Uri":18},"DisplayName":{"Text":"PlcStatus"},"RolePermissions":[],"UserRolePermissions":[],"References":[],"Value":{"Body":null},"DataType":{"Id":15032,"Namespace":18},"ValueRank":-1,"ArrayDimensions":[],"AccessLevel":1,"UserAccessLevel":1,"AccessLevelEx":1}}}}}}]}