{"MessageId":"e008242e-a992-482f-b01c-434d1aa83dc4","MessageType":"ua-data","PublisherId":"DESKTOP-BGFJS91","DataSetWriterGroup":"<<UnknownWriterGroup>>","Messages":[{"SequenceNumber":142,"MetaDataVersion":{"MajorVersion":1},"Timestamp":"2024-04-27T12:59:25.4498839Z","MessageType":"ua-event","DataSetWriterName":"<<UnknownDataSet>>","Payload":{"EventId":{"Value":{"Type":15,"Body":"QBA2iYjdOECkDKVL3DUDBQ=="}},"EventType":{"Value":{"Type":18,"Body":{"IdType":1,"Id":"ReferenceChange"}}},"SourceNode":{"Value":{"Type":17,"Body":{"Id":1025,"Namespace":21}}},"Time":{"Value":{"Type":13,"Body":"2024-04-27T12:59:25.449883Z"}},"Change":{"Value":{"Type":22,"Body":{"TypeId":{"Id":15182},"Body":{"ReferenceTypeId":{"Id":47},"IsForward":true,"NodeId":{"IdType":1,"Id":"UInt32","Namespace":22},"BrowseName":{"Name":"UInt32","Uri":22},"DisplayName":{"Text":"UInt32"},"NodeClass":1,"TypeDefinition":{"Id":1000,"Namespace":21}}}}}}}]}