{"MessageId":"5454ed45-403c-40dd-86c6-966c5180a6ce","MessageType":"ua-data","PublisherId":"DESKTOP-BGFJS91","DataSetWriterGroup":"<<UnknownWriterGroup>>","Messages":[{"SequenceNumber":143,"MetaDataVersion":{"MajorVersion":1},"Timestamp":"2024-04-27T12:59:25.4511047Z","MessageType":"ua-event","DataSetWriterName":"<<UnknownDataSet>>","Payload":{"EventId":{"Value":{"Type":15,"Body":"68zVKXOshUm2eMKYypM2wA=="}},"EventType":{"Value":{"Type":18,"Body":{"IdType":1,"Id":"NodeChange"}}},"SourceNode":{"Value":{"Type":17,"Body":{"IdType":1,"Id":"UInt32","Namespace":22}}},"Time":{"Value":{"Type":13,"Body":"2024-04-27T12:59:25.4511034Z"}},"Change":{"Value":{"Type":22,"Body":{"TypeId":{"Id":15071},"Body":{"NodeId":{"IdType":1,"Id":"UInt32","Namespace":22},"NodeClass":1,"BrowseName":{"Name":"UInt32","Uri":22},"DisplayName":{"Text":"UInt32"},"RolePermissions":[],"UserRolePermissions":[],"References":[]}}}}}}]}