{"MessageId":"88b682a3-86af-4b89-8f3e-25a38ce40883","MessageType":"ua-data","PublisherId":"DESKTOP-BGFJS91","DataSetWriterGroup":"<<UnknownWriterGroup>>","Messages":[{"SequenceNumber":156,"MetaDataVersion":{"MajorVersion":1},"Timestamp":"2024-04-27T12:59:25.4619497Z","MessageType":"ua-event","DataSetWriterName":"<<UnknownDataSet>>","Payload":{"EventId":{"Value":{"Type":15,"Body":"ft5kgBaIkEq4de1SojgE3Q=="}},"EventType":{"Value":{"Type":18,"Body":{"IdType":1,"Id":"NodeChange"}}},"SourceNode":{"Value":{"Type":17,"Body":{"IdType":1,"Id":"References","Namespace":8}}},"Time":{"Value":{"Type":13,"Body":"2024-04-27T12:59:25.4619473Z"}},"Change":{"Value":{"Type":22,"Body":{"TypeId":{"Id":15071},"Body":{"NodeId":{"IdType":1,"Id":"References","Namespace":8},"NodeClass":1,"BrowseName":{"Name":"References","Uri":8},"DisplayName":{"Text":"References","Locale":"en"},"RolePermissions":[],"UserRolePermissions":[],"References":[]}}}}}}]}