{"MessageId":"563c18e9-fad7-4ab4-b5c5-4883f0a28e90","MessageType":"ua-data","PublisherId":"DESKTOP-BGFJS91","DataSetWriterGroup":"<<UnknownWriterGroup>>","Messages":[{"SequenceNumber":158,"MetaDataVersion":{"MajorVersion":1},"Timestamp":"2024-04-27T12:59:25.4635318Z","MessageType":"ua-event","DataSetWriterName":"<<UnknownDataSet>>","Payload":{"EventId":{"Value":{"Type":15,"Body":"mMrWP6fpxESkB/bLfOi64Q=="}},"EventType":{"Value":{"Type":18,"Body":{"IdType":1,"Id":"NodeChange"}}},"SourceNode":{"Value":{"Type":17,"Body":{"IdType":1,"Id":"AccessRights","Namespace":8}}},"Time":{"Value":{"Type":13,"Body":"2024-04-27T12:59:25.4635296Z"}},"Change":{"Value":{"Type":22,"Body":{"TypeId":{"Id":15071},"Body":{"NodeId":{"IdType":1,"Id":"AccessRights","Namespace":8},"NodeClass":1,"BrowseName":{"Name":"AccessRights","Uri":8},"DisplayName":{"Text":"AccessRights","Locale":"en"},"RolePermissions":[],"UserRolePermissions":[],"References":[]}}}}}}]}