{"MessageId":"d413b3dc-2aba-4c0b-b18c-e80df9323393","MessageType":"ua-data","PublisherId":"DESKTOP-BGFJS91","DataSetWriterGroup":"<<UnknownWriterGroup>>","Messages":[{"SequenceNumber":164,"MetaDataVersion":{"MajorVersion":1},"Timestamp":"2024-04-27T12:59:25.4684886Z","MessageType":"ua-event","DataSetWriterName":"<<UnknownDataSet>>","Payload":{"EventId":{"Value":{"Type":15,"Body":"ldWtg5qbIUSK8hMSGZcpsg=="}},"EventType":{"Value":{"Type":18,"Body":{"IdType":1,"Id":"NodeChange"}}},"SourceNode":{"Value":{"Type":17,"Body":{"IdType":1,"Id":"Views","Namespace":8}}},"Time":{"Value":{"Type":13,"Body":"2024-04-27T12:59:25.4684864Z"}},"Change":{"Value":{"Type":22,"Body":{"TypeId":{"Id":15071},"Body":{"NodeId":{"IdType":1,"Id":"Views","Namespace":8},"NodeClass":1,"BrowseName":{"Name":"Views","Uri":8},"DisplayName":{"Text":"Views","Locale":"en"},"RolePermissions":[],"UserRolePermissions":[],"References":[]}}}}}}]}