{"MessageId":"dd293844-23fb-4194-b918-784979595751","MessageType":"ua-data","PublisherId":"DESKTOP-BGFJS91","DataSetWriterGroup":"<<UnknownWriterGroup>>","Messages":[{"SequenceNumber":166,"MetaDataVersion":{"MajorVersion":1},"Timestamp":"2024-04-27T12:59:25.4701296Z","MessageType":"ua-event","DataSetWriterName":"<<UnknownDataSet>>","Payload":{"EventId":{"Value":{"Type":15,"Body":"tapZ3uycvkSJTRrtQD0EhQ=="}},"EventType":{"Value":{"Type":18,"Body":{"IdType":1,"Id":"NodeChange"}}},"SourceNode":{"Value":{"Type":17,"Body":{"IdType":1,"Id":"Locales","Namespace":8}}},"Time":{"Value":{"Type":13,"Body":"2024-04-27T12:59:25.4701275Z"}},"Change":{"Value":{"Type":22,"Body":{"TypeId":{"Id":15071},"Body":{"NodeId":{"IdType":1,"Id":"Locales","Namespace":8},"NodeClass":1,"BrowseName":{"Name":"Locales","Uri":8},"DisplayName":{"Text":"Locales","Locale":"en"},"RolePermissions":[],"UserRolePermissions":[],"References":[]}}}}}}]}