{"MessageId":"3f86bb30-d69b-482c-b9c2-dd3c343bdbe9","MessageType":"ua-data","PublisherId":"DESKTOP-BGFJS91","DataSetWriterGroup":"<<UnknownWriterGroup>>","Messages":[{"SequenceNumber":167,"MetaDataVersion":{"MajorVersion":1},"Timestamp":"2024-04-27T12:59:25.4703157Z","MessageType":"ua-event","DataSetWriterName":"<<UnknownDataSet>>","Payload":{"EventId":{"Value":{"Type":15,"Body":"cvSeXByARkaCjidI05JwRw=="}},"EventType":{"Value":{"Type":18,"Body":{"IdType":1,"Id":"ReferenceChange"}}},"SourceNode":{"Value":{"Type":17,"Body":{"IdType":1,"Id":"CTT","Namespace":8}}},"Time":{"Value":{"Type":13,"Body":"2024-04-27T12:59:25.4703143Z"}},"Change":{"Value":{"Type":22,"Body":{"TypeId":{"Id":15182},"Body":{"ReferenceTypeId":{"Id":35},"IsForward":true,"NodeId":{"IdType":1,"Id":"Attributes","Namespace":8},"BrowseName":{"Name":"Attributes","Uri":8},"DisplayName":{"Text":"Attributes","Locale":"en"},"NodeClass":1,"TypeDefinition":{"Id":61}}}}}}}]}