{"MessageId":"fb5438bc-794d-4bba-99b7-ad4b35e28492","MessageType":"ua-data","PublisherId":"DESKTOP-BGFJS91","DataSetWriterGroup":"<<UnknownWriterGroup>>","Messages":[{"SequenceNumber":173,"MetaDataVersion":{"MajorVersion":1},"Timestamp":"2024-04-27T12:59:25.4750133Z","MessageType":"ua-event","DataSetWriterName":"<<UnknownDataSet>>","Payload":{"EventId":{"Value":{"Type":15,"Body":"Yeaqd+aDwEeUVeHGuEgzaw=="}},"EventType":{"Value":{"Type":18,"Body":{"IdType":1,"Id":"ReferenceChange"}}},"SourceNode":{"Value":{"Type":17,"Body":{"IdType":1,"Id":"0:Assets","Namespace":14}}},"Time":{"Value":{"Type":13,"Body":"2024-04-27T12:59:25.4750122Z"}},"Change":{"Value":{"Type":22,"Body":{"TypeId":{"Id":15182},"Body":{"ReferenceTypeId":{"Id":35},"IsForward":true,"NodeId":{"IdType":1,"Id":"0:Assets/Sensors","Namespace":14},"BrowseName":{"Name":"Sensors","Uri":14},"DisplayName":{"Text":"Sensors"},"NodeClass":1,"TypeDefinition":{"Id":61}}}}}}}]}