{"MessageId":"ec4662b5-28df-46ce-bbae-f98f102fe82f","MessageType":"ua-data","PublisherId":"DESKTOP-BGFJS91","DataSetWriterGroup":"<<UnknownWriterGroup>>","Messages":[{"SequenceNumber":176,"MetaDataVersion":{"MajorVersion":1},"Timestamp":"2024-04-27T12:59:25.4778374Z","MessageType":"ua-event","DataSetWriterName":"<<UnknownDataSet>>","Payload":{"EventId":{"Value":{"Type":15,"Body":"V7UTMwkqHU6ktmYHXhfdCg=="}},"EventType":{"Value":{"Type":18,"Body":{"IdType":1,"Id":"NodeChange"}}},"SourceNode":{"Value":{"Type":17,"Body":{"IdType":1,"Id":"0:Assets/Controllers","Namespace":14}}},"Time":{"Value":{"Type":13,"Body":"2024-04-27T12:59:25.4778353Z"}},"Change":{"Value":{"Type":22,"Body":{"TypeId":{"Id":15071},"Body":{"NodeId":{"IdType":1,"Id":"0:Assets/Controllers","Namespace":14},"NodeClass":1,"BrowseName":{"Name":"Controllers","Uri":14},"DisplayName":{"Text":"Controllers"},"RolePermissions":[],"UserRolePermissions":[],"References":[]}}}}}}]}