{"MessageId":"8832e950-5052-49a5-9a44-0243568eaf62","MessageType":"ua-data","PublisherId":"DESKTOP-BGFJS91","DataSetWriterGroup":"<<UnknownWriterGroup>>","Messages":[{"SequenceNumber":190,"MetaDataVersion":{"MajorVersion":1},"Timestamp":"2024-04-27T12:59:25.4880923Z","MessageType":"ua-event","DataSetWriterName":"<<UnknownDataSet>>","Payload":{"EventId":{"Value":{"Type":15,"Body":"EWYbqHPjx0uAB/YmEnv1eg=="}},"EventType":{"Value":{"Type":18,"Body":{"IdType":1,"Id":"NodeChange"}}},"SourceNode":{"Value":{"Type":17,"Body":{"Id":58}}},"Time":{"Value":{"Type":13,"Body":"2024-04-27T12:59:25.4880908Z"}},"Change":{"Value":{"Type":22,"Body":{"TypeId":{"Id":15073},"Body":{"NodeId":{"Id":58},"NodeClass":8,"BrowseName":{"Name":"BaseObjectType"},"DisplayName":{"Text":"BaseObjectType"},"RolePermissions":[],"UserRolePermissions":[],"References":[]}}}}}}]}