{"MessageId":"966aab88-471f-4222-a36c-4a0cb1c2976c","MessageType":"ua-data","PublisherId":"DESKTOP-BGFJS91","DataSetWriterGroup":"<<UnknownWriterGroup>>","Messages":[{"SequenceNumber":192,"MetaDataVersion":{"MajorVersion":1},"Timestamp":"2024-04-27T12:59:25.4893918Z","MessageType":"ua-event","DataSetWriterName":"<<UnknownDataSet>>","Payload":{"EventId":{"Value":{"Type":15,"Body":"bcyi/pZl8UOdk/qF/YA/bA=="}},"EventType":{"Value":{"Type":18,"Body":{"IdType":1,"Id":"NodeChange"}}},"SourceNode":{"Value":{"Type":17,"Body":{"Id":62}}},"Time":{"Value":{"Type":13,"Body":"2024-04-27T12:59:25.4893903Z"}},"Change":{"Value":{"Type":22,"Body":{"TypeId":{"Id":15075},"Body":{"NodeId":{"Id":62},"NodeClass":16,"BrowseName":{"Name":"BaseVariableType"},"DisplayName":{"Text":"BaseVariableType"},"RolePermissions":[],"UserRolePermissions":[],"References":[],"Value":{"Body":null},"DataType":{"Id":24},"ArrayDimensions":[],"IsAbstract":true}}}}}}]}