{"MessageId":"ef5b9ffa-3938-4431-b078-5d93e1c5033e","MessageType":"ua-data","PublisherId":"DESKTOP-BGFJS91","DataSetWriterGroup":"<<UnknownWriterGroup>>","Messages":[{"SequenceNumber":2,"MetaDataVersion":{"MajorVersion":1},"Timestamp":"2024-04-27T12:59:25.2380495Z","MessageType":"ua-event","DataSetWriterName":"<<UnknownDataSet>>","Payload":{"EventId":{"Value":{"Type":15,"Body":"hWBhef67h0q0OaWsAzCYQQ=="}},"EventType":{"Value":{"Type":18,"Body":{"IdType":1,"Id":"NodeChange"}}},"SourceNode":{"Value":{"Type":17,"Body":{"Id":85}}},"Time":{"Value":{"Type":13,"Body":"2024-04-27T12:59:25.2380444Z"}},"Change":{"Value":{"Type":22,"Body":{"TypeId":{"Id":15071},"Body":{"NodeId":{"Id":85},"NodeClass":1,"BrowseName":{"Name":"Objects"},"DisplayName":{"Text":"Objects"},"Description":{"Text":"The browse entry point when looking for objects in the server address space."},"RolePermissions":[],"UserRolePermissions":[],"References":[]}}}}}}]}