{"MessageId":"8cd35587-a6a4-4af6-b610-1f7f8134c818","MessageType":"ua-data","PublisherId":"DESKTOP-BGFJS91","DataSetWriterGroup":"<<UnknownWriterGroup>>","Messages":[{"SequenceNumber":201,"MetaDataVersion":{"MajorVersion":1},"Timestamp":"2024-04-27T12:59:25.4980473Z","MessageType":"ua-event","DataSetWriterName":"<<UnknownDataSet>>","Payload":{"EventId":{"Value":{"Type":15,"Body":"qD/WqdHwXEuJO2rOlBeYfA=="}},"EventType":{"Value":{"Type":18,"Body":{"IdType":1,"Id":"ReferenceChange"}}},"SourceNode":{"Value":{"Type":17,"Body":{"Id":3048}}},"Time":{"Value":{"Type":13,"Body":"2024-04-27T12:59:25.4980462Z"}},"Change":{"Value":{"Type":22,"Body":{"TypeId":{"Id":15182},"Body":{"ReferenceTypeId":{"Id":35},"IsForward":true,"NodeId":{"Id":2041},"BrowseName":{"Name":"BaseEventType"},"DisplayName":{"Text":"BaseEventType"},"NodeClass":8}}}}}}]}