{"MessageId":"5fac4d31-2fbe-45cb-a835-ffaa9c09f2c7","MessageType":"ua-data","PublisherId":"DESKTOP-BGFJS91","DataSetWriterGroup":"<<UnknownWriterGroup>>","Messages":[{"SequenceNumber":202,"MetaDataVersion":{"MajorVersion":1},"Timestamp":"2024-04-27T12:59:25.499283Z","MessageType":"ua-event","DataSetWriterName":"<<UnknownDataSet>>","Payload":{"EventId":{"Value":{"Type":15,"Body":"S10vDwEMiUKm11tujbM9/w=="}},"EventType":{"Value":{"Type":18,"Body":{"IdType":1,"Id":"NodeChange"}}},"SourceNode":{"Value":{"Type":17,"Body":{"Id":2041}}},"Time":{"Value":{"Type":13,"Body":"2024-04-27T12:59:25.4992811Z"}},"Change":{"Value":{"Type":22,"Body":{"TypeId":{"Id":15073},"Body":{"NodeId":{"Id":2041},"NodeClass":8,"BrowseName":{"Name":"BaseEventType"},"DisplayName":{"Text":"BaseEventType"},"RolePermissions":[],"UserRolePermissions":[],"References":[],"IsAbstract":true}}}}}}]}