{"MessageId":"1291938c-3458-4b3f-ae47-b3603f6fc01f","MessageType":"ua-data","PublisherId":"DESKTOP-BGFJS91","DataSetWriterGroup":"<<UnknownWriterGroup>>","Messages":[{"SequenceNumber":208,"MetaDataVersion":{"MajorVersion":1},"Timestamp":"2024-04-27T12:59:25.5038642Z","MessageType":"ua-event","DataSetWriterName":"<<UnknownDataSet>>","Payload":{"EventId":{"Value":{"Type":15,"Body":"DDyhF3T2UEWTPkEY1Tvp6g=="}},"EventType":{"Value":{"Type":18,"Body":{"IdType":1,"Id":"NodeChange"}}},"SourceNode":{"Value":{"Type":17,"Body":{"IdType":1,"Id":"Scalar_Static_Mass","Namespace":8}}},"Time":{"Value":{"Type":13,"Body":"2024-04-27T12:59:25.5038627Z"}},"Change":{"Value":{"Type":22,"Body":{"TypeId":{"Id":15071},"Body":{"NodeId":{"IdType":1,"Id":"Scalar_Static_Mass","Namespace":8},"NodeClass":1,"BrowseName":{"Name":"Scalar_Static_Mass","Uri":8},"DisplayName":{"Text":"Mass","Locale":"en"},"RolePermissions":[],"UserRolePermissions":[],"References":[]}}}}}}]}