{"MessageId":"d88cc231-0ba3-4474-b008-4212e06e3c2a","MessageType":"ua-data","PublisherId":"DESKTOP-BGFJS91","DataSetWriterGroup":"<<UnknownWriterGroup>>","Messages":[{"SequenceNumber":209,"MetaDataVersion":{"MajorVersion":1},"Timestamp":"2024-04-27T12:59:25.5415961Z","MessageType":"ua-event","DataSetWriterName":"<<UnknownDataSet>>","Payload":{"EventId":{"Value":{"Type":15,"Body":"O40Qo5p+Zkur71zOB5VYBA=="}},"EventType":{"Value":{"Type":18,"Body":{"IdType":1,"Id":"ReferenceChange"}}},"SourceNode":{"Value":{"Type":17,"Body":{"Id":2256}}},"Time":{"Value":{"Type":13,"Body":"2024-04-27T12:59:25.5415908Z"}},"Change":{"Value":{"Type":22,"Body":{"TypeId":{"Id":15182},"Body":{"ReferenceTypeId":{"Id":47},"IsForward":true,"NodeId":{"Id":2257},"BrowseName":{"Name":"StartTime"},"DisplayName":{"Text":"StartTime"},"NodeClass":2,"TypeDefinition":{"Id":63}}}}}}}]}