{"MessageId":"2260dd11-99b5-4bdd-859a-ed933534d4fa","MessageType":"ua-data","PublisherId":"DESKTOP-BGFJS91","DataSetWriterGroup":"<<UnknownWriterGroup>>","Messages":[{"SequenceNumber":215,"MetaDataVersion":{"MajorVersion":1},"Timestamp":"2024-04-27T12:59:25.5467315Z","MessageType":"ua-event","DataSetWriterName":"<<UnknownDataSet>>","Payload":{"EventId":{"Value":{"Type":15,"Body":"R+CcwDBKRkygo2rYQKeWqw=="}},"EventType":{"Value":{"Type":18,"Body":{"IdType":1,"Id":"ReferenceChange"}}},"SourceNode":{"Value":{"Type":17,"Body":{"Id":2256}}},"Time":{"Value":{"Type":13,"Body":"2024-04-27T12:59:25.5467302Z"}},"Change":{"Value":{"Type":22,"Body":{"TypeId":{"Id":15182},"Body":{"ReferenceTypeId":{"Id":47},"IsForward":true,"NodeId":{"Id":2260},"BrowseName":{"Name":"BuildInfo"},"DisplayName":{"Text":"BuildInfo"},"NodeClass":2,"TypeDefinition":{"Id":3051}}}}}}}]}