{"MessageId":"b1f791a4-542c-4486-a2a3-dd5f37f0c336","MessageType":"ua-data","PublisherId":"DESKTOP-BGFJS91","DataSetWriterGroup":"<<UnknownWriterGroup>>","Messages":[{"SequenceNumber":216,"MetaDataVersion":{"MajorVersion":1},"Timestamp":"2024-04-27T12:59:25.5481136Z","MessageType":"ua-event","DataSetWriterName":"<<UnknownDataSet>>","Payload":{"EventId":{"Value":{"Type":15,"Body":"etsCesCY4ke3bSkpFo8RgQ=="}},"EventType":{"Value":{"Type":18,"Body":{"IdType":1,"Id":"NodeChange"}}},"SourceNode":{"Value":{"Type":17,"Body":{"Id":2260}}},"Time":{"Value":{"Type":13,"Body":"2024-04-27T12:59:25.5481119Z"}},"Change":{"Value":{"Type":22,"Body":{"TypeId":{"Id":15074},"Body":{"NodeId":{"Id":2260},"NodeClass":2,"BrowseName":{"Name":"BuildInfo"},"DisplayName":{"Text":"BuildInfo"},"RolePermissions":[],"UserRolePermissions":[],"References":[],"Value":{"Body":null},"DataType":{"Id":338},"ValueRank":-1,"ArrayDimensions":[],"AccessLevel":1,"UserAccessLevel":1,"AccessLevelEx":1}}}}}}]}