{"MessageId":"999f8960-56ce-4632-bfd2-fb6ea40633a2","MessageType":"ua-data","PublisherId":"DESKTOP-BGFJS91","DataSetWriterGroup":"<<UnknownWriterGroup>>","Messages":[{"SequenceNumber":217,"MetaDataVersion":{"MajorVersion":1},"Timestamp":"2024-04-27T12:59:25.548306Z","MessageType":"ua-event","DataSetWriterName":"<<UnknownDataSet>>","Payload":{"EventId":{"Value":{"Type":15,"Body":"aZ1MQ8rYIUO8Y/bUBRcWFw=="}},"EventType":{"Value":{"Type":18,"Body":{"IdType":1,"Id":"ReferenceChange"}}},"SourceNode":{"Value":{"Type":17,"Body":{"Id":2256}}},"Time":{"Value":{"Type":13,"Body":"2024-04-27T12:59:25.5483049Z"}},"Change":{"Value":{"Type":22,"Body":{"TypeId":{"Id":15182},"Body":{"ReferenceTypeId":{"Id":47},"IsForward":true,"NodeId":{"Id":2992},"BrowseName":{"Name":"SecondsTillShutdown"},"DisplayName":{"Text":"SecondsTillShutdown"},"NodeClass":2,"TypeDefinition":{"Id":63}}}}}}}]}