{"MessageId":"15be5256-e4b6-4758-8cd7-7b16051aa335","MessageType":"ua-data","PublisherId":"DESKTOP-BGFJS91","DataSetWriterGroup":"<<UnknownWriterGroup>>","Messages":[{"SequenceNumber":222,"MetaDataVersion":{"MajorVersion":1},"Timestamp":"2024-04-27T12:59:25.5525795Z","MessageType":"ua-event","DataSetWriterName":"<<UnknownDataSet>>","Payload":{"EventId":{"Value":{"Type":15,"Body":"Qnuh65Ly90KzQ8ssgHjTnQ=="}},"EventType":{"Value":{"Type":18,"Body":{"IdType":1,"Id":"NodeChange"}}},"SourceNode":{"Value":{"Type":17,"Body":{"Id":2269}}},"Time":{"Value":{"Type":13,"Body":"2024-04-27T12:59:25.5525776Z"}},"Change":{"Value":{"Type":22,"Body":{"TypeId":{"Id":15074},"Body":{"NodeId":{"Id":2269},"NodeClass":2,"BrowseName":{"Name":"ServerProfileArray"},"DisplayName":{"Text":"ServerProfileArray"},"RolePermissions":[],"UserRolePermissions":[],"References":[],"Value":{"Body":null},"DataType":{"Id":12},"ValueRank":1,"ArrayDimensions":[0],"AccessLevel":1,"UserAccessLevel":1,"AccessLevelEx":1}}}}}}]}