{"MessageId":"0837c17f-3177-4088-8d5b-14e66a766e99","MessageType":"ua-data","PublisherId":"DESKTOP-BGFJS91","DataSetWriterGroup":"<<UnknownWriterGroup>>","Messages":[{"SequenceNumber":23,"MetaDataVersion":{"MajorVersion":1},"Timestamp":"2024-04-27T12:59:25.291037Z","MessageType":"ua-event","DataSetWriterName":"<<UnknownDataSet>>","Payload":{"EventId":{"Value":{"Type":15,"Body":"YvBtASbcrEipnl/HBiTokg=="}},"EventType":{"Value":{"Type":18,"Body":{"IdType":1,"Id":"ReferenceChange"}}},"SourceNode":{"Value":{"Type":17,"Body":{"Id":85}}},"Time":{"Value":{"Type":13,"Body":"2024-04-27T12:59:25.2910357Z"}},"Change":{"Value":{"Type":22,"Body":{"TypeId":{"Id":15182},"Body":{"ReferenceTypeId":{"Id":35},"IsForward":true,"NodeId":{"Id":1025,"Namespace":21},"BrowseName":{"Name":"MemoryBuffers","Uri":21},"DisplayName":{"Text":"MemoryBuffers"},"NodeClass":1,"TypeDefinition":{"Id":61}}}}}}}]}