{"MessageId":"fe570736-0eed-4c2c-8750-1ba1c280c79b","MessageType":"ua-data","PublisherId":"DESKTOP-BGFJS91","DataSetWriterGroup":"<<UnknownWriterGroup>>","Messages":[{"SequenceNumber":231,"MetaDataVersion":{"MajorVersion":1},"Timestamp":"2024-04-27T12:59:25.5586569Z","MessageType":"ua-event","DataSetWriterName":"<<UnknownDataSet>>","Payload":{"EventId":{"Value":{"Type":15,"Body":"IhezA0A4VkemZXQrJmLAiw=="}},"EventType":{"Value":{"Type":18,"Body":{"IdType":1,"Id":"ReferenceChange"}}},"SourceNode":{"Value":{"Type":17,"Body":{"Id":2268}}},"Time":{"Value":{"Type":13,"Body":"2024-04-27T12:59:25.5586559Z"}},"Change":{"Value":{"Type":22,"Body":{"TypeId":{"Id":15182},"Body":{"ReferenceTypeId":{"Id":46},"IsForward":true,"NodeId":{"Id":2737},"BrowseName":{"Name":"MaxHistoryContinuationPoints"},"DisplayName":{"Text":"MaxHistoryContinuationPoints"},"NodeClass":2,"TypeDefinition":{"Id":68}}}}}}}]}