{"MessageId":"1582697d-2a7f-4fcf-b971-1ca551f9d30b","MessageType":"ua-data","PublisherId":"DESKTOP-BGFJS91","DataSetWriterGroup":"<<UnknownWriterGroup>>","Messages":[{"SequenceNumber":236,"MetaDataVersion":{"MajorVersion":1},"Timestamp":"2024-04-27T12:59:25.5627951Z","MessageType":"ua-event","DataSetWriterName":"<<UnknownDataSet>>","Payload":{"EventId":{"Value":{"Type":15,"Body":"rX8FexRYQU6MMwoW5oujUA=="}},"EventType":{"Value":{"Type":18,"Body":{"IdType":1,"Id":"NodeChange"}}},"SourceNode":{"Value":{"Type":17,"Body":{"Id":11702}}},"Time":{"Value":{"Type":13,"Body":"2024-04-27T12:59:25.5627933Z"}},"Change":{"Value":{"Type":22,"Body":{"TypeId":{"Id":15074},"Body":{"NodeId":{"Id":11702},"NodeClass":2,"BrowseName":{"Name":"MaxArrayLength"},"DisplayName":{"Text":"MaxArrayLength"},"RolePermissions":[],"UserRolePermissions":[],"References":[],"Value":{"Body":null},"DataType":{"Id":7},"ValueRank":-1,"ArrayDimensions":[],"AccessLevel":1,"UserAccessLevel":1,"AccessLevelEx":1}}}}}}]}