{"MessageId":"10fe0a77-2a81-4d82-8aa7-8414e47d02bc","MessageType":"ua-data","PublisherId":"DESKTOP-BGFJS91","DataSetWriterGroup":"<<UnknownWriterGroup>>","Messages":[{"SequenceNumber":239,"MetaDataVersion":{"MajorVersion":1},"Timestamp":"2024-04-27T12:59:25.5644789Z","MessageType":"ua-event","DataSetWriterName":"<<UnknownDataSet>>","Payload":{"EventId":{"Value":{"Type":15,"Body":"UidBDPfKNkaXMt8aPAi3sw=="}},"EventType":{"Value":{"Type":18,"Body":{"IdType":1,"Id":"ReferenceChange"}}},"SourceNode":{"Value":{"Type":17,"Body":{"Id":2268}}},"Time":{"Value":{"Type":13,"Body":"2024-04-27T12:59:25.5644777Z"}},"Change":{"Value":{"Type":22,"Body":{"TypeId":{"Id":15182},"Body":{"ReferenceTypeId":{"Id":46},"IsForward":true,"NodeId":{"Id":12911},"BrowseName":{"Name":"MaxByteStringLength"},"DisplayName":{"Text":"MaxByteStringLength"},"NodeClass":2,"TypeDefinition":{"Id":68}}}}}}}]}