{"MessageId":"d27d74ad-ef4a-4fb1-8d05-5eaad2ffc31f","MessageType":"ua-data","PublisherId":"DESKTOP-BGFJS91","DataSetWriterGroup":"<<UnknownWriterGroup>>","Messages":[{"SequenceNumber":242,"MetaDataVersion":{"MajorVersion":1},"Timestamp":"2024-04-27T12:59:25.5672553Z","MessageType":"ua-event","DataSetWriterName":"<<UnknownDataSet>>","Payload":{"EventId":{"Value":{"Type":15,"Body":"rE5MLwx4VECrORFoABRhqw=="}},"EventType":{"Value":{"Type":18,"Body":{"IdType":1,"Id":"NodeChange"}}},"SourceNode":{"Value":{"Type":17,"Body":{"Id":11704}}},"Time":{"Value":{"Type":13,"Body":"2024-04-27T12:59:25.5672534Z"}},"Change":{"Value":{"Type":22,"Body":{"TypeId":{"Id":15071},"Body":{"NodeId":{"Id":11704},"NodeClass":1,"BrowseName":{"Name":"OperationLimits"},"DisplayName":{"Text":"OperationLimits"},"RolePermissions":[],"UserRolePermissions":[],"References":[]}}}}}}]}