{"MessageId":"407e451f-56e6-4a9f-a6e7-8d59901c1ee1","MessageType":"ua-data","PublisherId":"DESKTOP-BGFJS91","DataSetWriterGroup":"<<UnknownWriterGroup>>","Messages":[{"SequenceNumber":255,"MetaDataVersion":{"MajorVersion":1},"Timestamp":"2024-04-27T12:59:25.5757337Z","MessageType":"ua-event","DataSetWriterName":"<<UnknownDataSet>>","Payload":{"EventId":{"Value":{"Type":15,"Body":"/2L19Q+QtUmQ5D+mFw3AXA=="}},"EventType":{"Value":{"Type":18,"Body":{"IdType":1,"Id":"ReferenceChange"}}},"SourceNode":{"Value":{"Type":17,"Body":{"Id":2268}}},"Time":{"Value":{"Type":13,"Body":"2024-04-27T12:59:25.5757328Z"}},"Change":{"Value":{"Type":22,"Body":{"TypeId":{"Id":15182},"Body":{"ReferenceTypeId":{"Id":46},"IsForward":true,"NodeId":{"Id":24098},"BrowseName":{"Name":"MaxSubscriptionsPerSession"},"DisplayName":{"Text":"MaxSubscriptionsPerSession"},"NodeClass":2,"TypeDefinition":{"Id":68}}}}}}}]}