{"MessageId":"241f2775-295a-4c96-9e9e-4e11cde4fe52","MessageType":"ua-data","PublisherId":"DESKTOP-BGFJS91","DataSetWriterGroup":"<<UnknownWriterGroup>>","Messages":[{"SequenceNumber":26,"MetaDataVersion":{"MajorVersion":1},"Timestamp":"2024-04-27T12:59:25.2979218Z","MessageType":"ua-event","DataSetWriterName":"<<UnknownDataSet>>","Payload":{"EventId":{"Value":{"Type":15,"Body":"fg4fFTn+Hk6rJeGwOiBtDg=="}},"EventType":{"Value":{"Type":18,"Body":{"IdType":1,"Id":"NodeChange"}}},"SourceNode":{"Value":{"Type":17,"Body":{"Id":1240,"Namespace":23}}},"Time":{"Value":{"Type":13,"Body":"2024-04-27T12:59:25.297918Z"}},"Change":{"Value":{"Type":22,"Body":{"TypeId":{"Id":15071},"Body":{"NodeId":{"Id":1240,"Namespace":23},"NodeClass":1,"BrowseName":{"Name":"Boilers","Uri":23},"DisplayName":{"Text":"Boilers"},"RolePermissions":[],"UserRolePermissions":[],"References":[],"EventNotifier":1}}}}}}]}