{"MessageId":"fcc79e38-2ad9-457c-a464-45cecd405131","MessageType":"ua-data","PublisherId":"DESKTOP-BGFJS91","DataSetWriterGroup":"<<UnknownWriterGroup>>","Messages":[{"SequenceNumber":260,"MetaDataVersion":{"MajorVersion":1},"Timestamp":"2024-04-27T12:59:25.5795714Z","MessageType":"ua-event","DataSetWriterName":"<<UnknownDataSet>>","Payload":{"EventId":{"Value":{"Type":15,"Body":"zgRzhDELYEKBhz7Jm/iftg=="}},"EventType":{"Value":{"Type":18,"Body":{"IdType":1,"Id":"NodeChange"}}},"SourceNode":{"Value":{"Type":17,"Body":{"Id":24099}}},"Time":{"Value":{"Type":13,"Body":"2024-04-27T12:59:25.5795699Z"}},"Change":{"Value":{"Type":22,"Body":{"TypeId":{"Id":15074},"Body":{"NodeId":{"Id":24099},"NodeClass":2,"BrowseName":{"Name":"MaxSelectClauseParameters"},"DisplayName":{"Text":"MaxSelectClauseParameters"},"RolePermissions":[],"UserRolePermissions":[],"References":[],"Value":{"Body":null},"DataType":{"Id":7},"ValueRank":-1,"ArrayDimensions":[],"AccessLevel":1,"UserAccessLevel":1,"AccessLevelEx":1}}}}}}]}