{"MessageId":"18842a04-fa61-477e-89c3-130b076cb1a4","MessageType":"ua-data","PublisherId":"DESKTOP-BGFJS91","DataSetWriterGroup":"<<UnknownWriterGroup>>","Messages":[{"SequenceNumber":264,"MetaDataVersion":{"MajorVersion":1},"Timestamp":"2024-04-27T12:59:25.5827599Z","MessageType":"ua-event","DataSetWriterName":"<<UnknownDataSet>>","Payload":{"EventId":{"Value":{"Type":15,"Body":"NejedL3juEeKJgf4dEAHSg=="}},"EventType":{"Value":{"Type":18,"Body":{"IdType":1,"Id":"NodeChange"}}},"SourceNode":{"Value":{"Type":17,"Body":{"Id":31916}}},"Time":{"Value":{"Type":13,"Body":"2024-04-27T12:59:25.5827577Z"}},"Change":{"Value":{"Type":22,"Body":{"TypeId":{"Id":15074},"Body":{"NodeId":{"Id":31916},"NodeClass":2,"BrowseName":{"Name":"MaxMonitoredItemsQueueSize"},"DisplayName":{"Text":"MaxMonitoredItemsQueueSize"},"RolePermissions":[],"UserRolePermissions":[],"References":[],"Value":{"Body":null},"DataType":{"Id":7},"ValueRank":-1,"ArrayDimensions":[],"AccessLevel":1,"UserAccessLevel":1,"AccessLevelEx":1}}}}}}]}