{"MessageId":"7be4e9c1-fe5e-4857-8ce5-ace6ad8b975e","MessageType":"ua-data","PublisherId":"DESKTOP-BGFJS91","DataSetWriterGroup":"<<UnknownWriterGroup>>","Messages":[{"SequenceNumber":27,"MetaDataVersion":{"MajorVersion":1},"Timestamp":"2024-04-27T12:59:25.2981827Z","MessageType":"ua-event","DataSetWriterName":"<<UnknownDataSet>>","Payload":{"EventId":{"Value":{"Type":15,"Body":"hEFl7rUXvUWc3Tj8p+kR/g=="}},"EventType":{"Value":{"Type":18,"Body":{"IdType":1,"Id":"ReferenceChange"}}},"SourceNode":{"Value":{"Type":17,"Body":{"Id":85}}},"Time":{"Value":{"Type":13,"Body":"2024-04-27T12:59:25.2981808Z"}},"Change":{"Value":{"Type":22,"Body":{"TypeId":{"Id":15182},"Body":{"ReferenceTypeId":{"Id":35},"IsForward":true,"NodeId":{"IdType":1,"Id":"CTT","Namespace":8},"BrowseName":{"Name":"CTT","Uri":8},"DisplayName":{"Text":"CTT","Locale":"en"},"NodeClass":1,"TypeDefinition":{"Id":61}}}}}}}]}