{"MessageId":"bea7684e-ba1e-4244-8ab9-ad7b12e273a4","MessageType":"ua-data","PublisherId":"DESKTOP-BGFJS91","DataSetWriterGroup":"<<UnknownWriterGroup>>","Messages":[{"SequenceNumber":274,"MetaDataVersion":{"MajorVersion":1},"Timestamp":"2024-04-27T12:59:25.5903432Z","MessageType":"ua-event","DataSetWriterName":"<<UnknownDataSet>>","Payload":{"EventId":{"Value":{"Type":15,"Body":"ZhgIhg6oi0Sw/eEPUHH93A=="}},"EventType":{"Value":{"Type":18,"Body":{"IdType":1,"Id":"NodeChange"}}},"SourceNode":{"Value":{"Type":17,"Body":{"Id":3709}}},"Time":{"Value":{"Type":13,"Body":"2024-04-27T12:59:25.5903414Z"}},"Change":{"Value":{"Type":22,"Body":{"TypeId":{"Id":15074},"Body":{"NodeId":{"Id":3709},"NodeClass":2,"BrowseName":{"Name":"RedundancySupport"},"DisplayName":{"Text":"RedundancySupport"},"RolePermissions":[],"UserRolePermissions":[],"References":[],"Value":{"Body":null},"DataType":{"Id":851},"ValueRank":-1,"ArrayDimensions":[],"AccessLevel":1,"UserAccessLevel":1,"AccessLevelEx":1}}}}}}]}