{"MessageId":"e2d4731f-7dba-4acd-a90a-daf62715e8c4","MessageType":"ua-data","PublisherId":"DESKTOP-BGFJS91","DataSetWriterGroup":"<<UnknownWriterGroup>>","Messages":[{"SequenceNumber":275,"MetaDataVersion":{"MajorVersion":1},"Timestamp":"2024-04-27T12:59:25.5905288Z","MessageType":"ua-event","DataSetWriterName":"<<UnknownDataSet>>","Payload":{"EventId":{"Value":{"Type":15,"Body":"4iphqEd65EOHPp6o1DJnCg=="}},"EventType":{"Value":{"Type":18,"Body":{"IdType":1,"Id":"ReferenceChange"}}},"SourceNode":{"Value":{"Type":17,"Body":{"Id":11715}}},"Time":{"Value":{"Type":13,"Body":"2024-04-27T12:59:25.5905275Z"}},"Change":{"Value":{"Type":22,"Body":{"TypeId":{"Id":15182},"Body":{"ReferenceTypeId":{"Id":47},"IsForward":true,"NodeId":{"Id":15957},"BrowseName":{"Name":"http://opcfoundation.org/UA/"},"DisplayName":{"Text":"http://opcfoundation.org/UA/"},"NodeClass":1,"TypeDefinition":{"Id":11616}}}}}}}]}