{"MessageId":"fe7e7ebc-a7ed-49e1-9347-491473d01ef5","MessageType":"ua-data","PublisherId":"DESKTOP-BGFJS91","DataSetWriterGroup":"<<UnknownWriterGroup>>","Messages":[{"SequenceNumber":279,"MetaDataVersion":{"MajorVersion":1},"Timestamp":"2024-04-27T12:59:25.5932606Z","MessageType":"ua-event","DataSetWriterName":"<<UnknownDataSet>>","Payload":{"EventId":{"Value":{"Type":15,"Body":"LmMdgrtzMUqF+O3wjpgiJA=="}},"EventType":{"Value":{"Type":18,"Body":{"IdType":1,"Id":"ReferenceChange"}}},"SourceNode":{"Value":{"Type":17,"Body":{"Id":11492}}},"Time":{"Value":{"Type":13,"Body":"2024-04-27T12:59:25.5932597Z"}},"Change":{"Value":{"Type":22,"Body":{"TypeId":{"Id":15182},"Body":{"ReferenceTypeId":{"Id":46},"IsForward":true,"NodeId":{"Id":11494},"BrowseName":{"Name":"OutputArguments"},"DisplayName":{"Text":"OutputArguments"},"NodeClass":2,"TypeDefinition":{"Id":68}}}}}}}]}