{"MessageId":"0e0c5489-7871-4fdd-8e7e-ce3da3a23223","MessageType":"ua-data","PublisherId":"DESKTOP-BGFJS91","DataSetWriterGroup":"<<UnknownWriterGroup>>","Messages":[{"SequenceNumber":280,"MetaDataVersion":{"MajorVersion":1},"Timestamp":"2024-04-27T12:59:25.5944381Z","MessageType":"ua-event","DataSetWriterName":"<<UnknownDataSet>>","Payload":{"EventId":{"Value":{"Type":15,"Body":"lZjYQBiZTU2js9WDcgVGxw=="}},"EventType":{"Value":{"Type":18,"Body":{"IdType":1,"Id":"NodeChange"}}},"SourceNode":{"Value":{"Type":17,"Body":{"Id":11494}}},"Time":{"Value":{"Type":13,"Body":"2024-04-27T12:59:25.5944365Z"}},"Change":{"Value":{"Type":22,"Body":{"TypeId":{"Id":15074},"Body":{"NodeId":{"Id":11494},"NodeClass":2,"BrowseName":{"Name":"OutputArguments"},"DisplayName":{"Text":"OutputArguments"},"RolePermissions":[],"UserRolePermissions":[],"References":[],"Value":{"Body":null},"DataType":{"Id":296},"ValueRank":1,"ArrayDimensions":[2],"AccessLevel":1,"UserAccessLevel":1,"AccessLevelEx":1}}}}}}]}