{"MessageId":"6c56fa66-44b3-4a01-93c9-ec6355a94ee7","MessageType":"ua-data","PublisherId":"DESKTOP-BGFJS91","DataSetWriterGroup":"<<UnknownWriterGroup>>","Messages":[{"SequenceNumber":285,"MetaDataVersion":{"MajorVersion":1},"Timestamp":"2024-04-27T12:59:25.5975757Z","MessageType":"ua-event","DataSetWriterName":"<<UnknownDataSet>>","Payload":{"EventId":{"Value":{"Type":15,"Body":"i2doUehE90aL1H3nTGUTdw=="}},"EventType":{"Value":{"Type":18,"Body":{"IdType":1,"Id":"ReferenceChange"}}},"SourceNode":{"Value":{"Type":17,"Body":{"Id":12637}}},"Time":{"Value":{"Type":13,"Body":"2024-04-27T12:59:25.5975746Z"}},"Change":{"Value":{"Type":22,"Body":{"TypeId":{"Id":15182},"Body":{"ReferenceTypeId":{"Id":47},"IsForward":true,"NodeId":{"Id":14053},"BrowseName":{"Name":"CertificateGroups"},"DisplayName":{"Text":"CertificateGroups"},"NodeClass":1,"TypeDefinition":{"Id":13813}}}}}}}]}