{"MessageId":"c3a435e0-a713-4350-9fe3-a32f1cf5a072","MessageType":"ua-data","PublisherId":"DESKTOP-BGFJS91","DataSetWriterGroup":"<<UnknownWriterGroup>>","Messages":[{"SequenceNumber":289,"MetaDataVersion":{"MajorVersion":1},"Timestamp":"2024-04-27T12:59:25.6006446Z","MessageType":"ua-event","DataSetWriterName":"<<UnknownDataSet>>","Payload":{"EventId":{"Value":{"Type":15,"Body":"hixcEiVAoUOmJnaluqSedA=="}},"EventType":{"Value":{"Type":18,"Body":{"IdType":1,"Id":"ReferenceChange"}}},"SourceNode":{"Value":{"Type":17,"Body":{"Id":12637}}},"Time":{"Value":{"Type":13,"Body":"2024-04-27T12:59:25.6006437Z"}},"Change":{"Value":{"Type":22,"Body":{"TypeId":{"Id":15182},"Body":{"ReferenceTypeId":{"Id":46},"IsForward":true,"NodeId":{"Id":25725},"BrowseName":{"Name":"ProductUri"},"DisplayName":{"Text":"ProductUri"},"NodeClass":2,"TypeDefinition":{"Id":68}}}}}}}]}