{"MessageId":"9923223e-3cb4-49dd-b9c1-e7c1f209d1f7","MessageType":"ua-data","PublisherId":"DESKTOP-BGFJS91","DataSetWriterGroup":"<<UnknownWriterGroup>>","Messages":[{"SequenceNumber":291,"MetaDataVersion":{"MajorVersion":1},"Timestamp":"2024-04-27T12:59:25.6020451Z","MessageType":"ua-event","DataSetWriterName":"<<UnknownDataSet>>","Payload":{"EventId":{"Value":{"Type":15,"Body":"gyhAyCz820unYThY33rIqA=="}},"EventType":{"Value":{"Type":18,"Body":{"IdType":1,"Id":"ReferenceChange"}}},"SourceNode":{"Value":{"Type":17,"Body":{"Id":12637}}},"Time":{"Value":{"Type":13,"Body":"2024-04-27T12:59:25.6020442Z"}},"Change":{"Value":{"Type":22,"Body":{"TypeId":{"Id":15182},"Body":{"ReferenceTypeId":{"Id":46},"IsForward":true,"NodeId":{"Id":25707},"BrowseName":{"Name":"ApplicationType"},"DisplayName":{"Text":"ApplicationType"},"NodeClass":2,"TypeDefinition":{"Id":68}}}}}}}]}