{"MessageId":"35b5ebf8-ad94-4c4e-a22b-4023d6fc92e4","MessageType":"ua-data","PublisherId":"DESKTOP-BGFJS91","DataSetWriterGroup":"<<UnknownWriterGroup>>","Messages":[{"SequenceNumber":292,"MetaDataVersion":{"MajorVersion":1},"Timestamp":"2024-04-27T12:59:25.6032959Z","MessageType":"ua-event","DataSetWriterName":"<<UnknownDataSet>>","Payload":{"EventId":{"Value":{"Type":15,"Body":"CYOKbPb1IkWMAEeBUpUUag=="}},"EventType":{"Value":{"Type":18,"Body":{"IdType":1,"Id":"NodeChange"}}},"SourceNode":{"Value":{"Type":17,"Body":{"Id":25707}}},"Time":{"Value":{"Type":13,"Body":"2024-04-27T12:59:25.603294Z"}},"Change":{"Value":{"Type":22,"Body":{"TypeId":{"Id":15074},"Body":{"NodeId":{"Id":25707},"NodeClass":2,"BrowseName":{"Name":"ApplicationType"},"DisplayName":{"Text":"ApplicationType"},"RolePermissions":[],"UserRolePermissions":[],"References":[],"Value":{"Body":null},"DataType":{"Id":307},"ValueRank":-1,"ArrayDimensions":[],"AccessLevel":1,"UserAccessLevel":1,"AccessLevelEx":1}}}}}}]}