{"MessageId":"0b02e72b-8d66-4fde-a59b-97b18a3506ec","MessageType":"ua-data","PublisherId":"DESKTOP-BGFJS91","DataSetWriterGroup":"<<UnknownWriterGroup>>","Messages":[{"SequenceNumber":299,"MetaDataVersion":{"MajorVersion":1},"Timestamp":"2024-04-27T12:59:25.6081019Z","MessageType":"ua-event","DataSetWriterName":"<<UnknownDataSet>>","Payload":{"EventId":{"Value":{"Type":15,"Body":"EVgPMWkm2EWIXKgAH+kshA=="}},"EventType":{"Value":{"Type":18,"Body":{"IdType":1,"Id":"ReferenceChange"}}},"SourceNode":{"Value":{"Type":17,"Body":{"Id":12637}}},"Time":{"Value":{"Type":13,"Body":"2024-04-27T12:59:25.6081008Z"}},"Change":{"Value":{"Type":22,"Body":{"TypeId":{"Id":15182},"Body":{"ReferenceTypeId":{"Id":46},"IsForward":true,"NodeId":{"Id":12641},"BrowseName":{"Name":"MulticastDnsEnabled"},"DisplayName":{"Text":"MulticastDnsEnabled"},"NodeClass":2,"TypeDefinition":{"Id":68}}}}}}}]}