{"MessageId":"5421233f-0636-4402-8f2c-24dd3b4b7a1d","MessageType":"ua-data","PublisherId":"DESKTOP-BGFJS91","DataSetWriterGroup":"<<UnknownWriterGroup>>","Messages":[{"SequenceNumber":30,"MetaDataVersion":{"MajorVersion":1},"Timestamp":"2024-04-27T12:59:25.3136497Z","MessageType":"ua-event","DataSetWriterName":"<<UnknownDataSet>>","Payload":{"EventId":{"Value":{"Type":15,"Body":"x7QNEvvUY0e81LbE0JpSqQ=="}},"EventType":{"Value":{"Type":18,"Body":{"IdType":1,"Id":"NodeChange"}}},"SourceNode":{"Value":{"Type":17,"Body":{"IdType":1,"Id":"0:","Namespace":10}}},"Time":{"Value":{"Type":13,"Body":"2024-04-27T12:59:25.3135329Z"}},"Change":{"Value":{"Type":22,"Body":{"TypeId":{"Id":15071},"Body":{"NodeId":{"IdType":1,"Id":"0:","Namespace":10},"NodeClass":1,"BrowseName":{"Name":"Historian","Uri":10},"DisplayName":{"Text":"Historian"},"RolePermissions":[],"UserRolePermissions":[],"References":[]}}}}}}]}