{"MessageId":"7f699bdb-9ffa-4a5f-a93b-02ad26a9a7a6","MessageType":"ua-data","PublisherId":"DESKTOP-BGFJS91","DataSetWriterGroup":"<<UnknownWriterGroup>>","Messages":[{"SequenceNumber":301,"MetaDataVersion":{"MajorVersion":1},"Timestamp":"2024-04-27T12:59:25.6096702Z","MessageType":"ua-event","DataSetWriterName":"<<UnknownDataSet>>","Payload":{"EventId":{"Value":{"Type":15,"Body":"j6R/waTa6kOsq80H4Vb0sA=="}},"EventType":{"Value":{"Type":18,"Body":{"IdType":1,"Id":"ReferenceChange"}}},"SourceNode":{"Value":{"Type":17,"Body":{"Id":12637}}},"Time":{"Value":{"Type":13,"Body":"2024-04-27T12:59:25.6096689Z"}},"Change":{"Value":{"Type":22,"Body":{"TypeId":{"Id":15182},"Body":{"ReferenceTypeId":{"Id":46},"IsForward":true,"NodeId":{"Id":23597},"BrowseName":{"Name":"HasSecureElement"},"DisplayName":{"Text":"HasSecureElement"},"NodeClass":2,"TypeDefinition":{"Id":68}}}}}}}]}