{"MessageId":"644b65d9-e628-4db7-8571-65c3c86fbcb6","MessageType":"ua-data","PublisherId":"DESKTOP-BGFJS91","DataSetWriterGroup":"<<UnknownWriterGroup>>","Messages":[{"SequenceNumber":302,"MetaDataVersion":{"MajorVersion":1},"Timestamp":"2024-04-27T12:59:25.6109387Z","MessageType":"ua-event","DataSetWriterName":"<<UnknownDataSet>>","Payload":{"EventId":{"Value":{"Type":15,"Body":"D7KVGKGr2UOBDzy+95Lmnw=="}},"EventType":{"Value":{"Type":18,"Body":{"IdType":1,"Id":"NodeChange"}}},"SourceNode":{"Value":{"Type":17,"Body":{"Id":23597}}},"Time":{"Value":{"Type":13,"Body":"2024-04-27T12:59:25.6109372Z"}},"Change":{"Value":{"Type":22,"Body":{"TypeId":{"Id":15074},"Body":{"NodeId":{"Id":23597},"NodeClass":2,"BrowseName":{"Name":"HasSecureElement"},"DisplayName":{"Text":"HasSecureElement"},"RolePermissions":[],"UserRolePermissions":[],"References":[],"Value":{"Body":null},"DataType":{"Id":1},"ValueRank":-1,"ArrayDimensions":[],"AccessLevel":1,"UserAccessLevel":1,"AccessLevelEx":1}}}}}}]}