{"MessageId":"2b50906f-962a-4daa-bd8c-414fec57b61f","MessageType":"ua-data","PublisherId":"DESKTOP-BGFJS91","DataSetWriterGroup":"<<UnknownWriterGroup>>","Messages":[{"SequenceNumber":308,"MetaDataVersion":{"MajorVersion":1},"Timestamp":"2024-04-27T12:59:25.6152401Z","MessageType":"ua-event","DataSetWriterName":"<<UnknownDataSet>>","Payload":{"EventId":{"Value":{"Type":15,"Body":"QcPkDjJSVEWV7TbwOJXFfg=="}},"EventType":{"Value":{"Type":18,"Body":{"IdType":1,"Id":"NodeChange"}}},"SourceNode":{"Value":{"Type":17,"Body":{"Id":25708}}},"Time":{"Value":{"Type":13,"Body":"2024-04-27T12:59:25.6152385Z"}},"Change":{"Value":{"Type":22,"Body":{"TypeId":{"Id":15077},"Body":{"NodeId":{"Id":25708},"NodeClass":4,"BrowseName":{"Name":"CancelChanges"},"DisplayName":{"Text":"CancelChanges"},"RolePermissions":[],"UserRolePermissions":[],"References":[],"Executable":true,"UserExecutable":true}}}}}}]}