{"MessageId":"c931262c-589a-4ef4-9860-6325d6362413","MessageType":"ua-data","PublisherId":"DESKTOP-BGFJS91","DataSetWriterGroup":"<<UnknownWriterGroup>>","Messages":[{"SequenceNumber":310,"MetaDataVersion":{"MajorVersion":1},"Timestamp":"2024-04-27T12:59:25.616736Z","MessageType":"ua-event","DataSetWriterName":"<<UnknownDataSet>>","Payload":{"EventId":{"Value":{"Type":15,"Body":"qioAUn3e+EGAnYtGaUuTuw=="}},"EventType":{"Value":{"Type":18,"Body":{"IdType":1,"Id":"NodeChange"}}},"SourceNode":{"Value":{"Type":17,"Body":{"Id":12737}}},"Time":{"Value":{"Type":13,"Body":"2024-04-27T12:59:25.6167342Z"}},"Change":{"Value":{"Type":22,"Body":{"TypeId":{"Id":15077},"Body":{"NodeId":{"Id":12737},"NodeClass":4,"BrowseName":{"Name":"CreateSigningRequest"},"DisplayName":{"Text":"CreateSigningRequest"},"RolePermissions":[],"UserRolePermissions":[],"References":[],"Executable":true,"UserExecutable":true}}}}}}]}