{"MessageId":"dae2af4b-613b-4ebf-b612-db3737a859d9","MessageType":"ua-data","PublisherId":"DESKTOP-BGFJS91","DataSetWriterGroup":"<<UnknownWriterGroup>>","Messages":[{"SequenceNumber":311,"MetaDataVersion":{"MajorVersion":1},"Timestamp":"2024-04-27T12:59:25.6169182Z","MessageType":"ua-event","DataSetWriterName":"<<UnknownDataSet>>","Payload":{"EventId":{"Value":{"Type":15,"Body":"EOgWojwwtEqF2HmZmF1ZBA=="}},"EventType":{"Value":{"Type":18,"Body":{"IdType":1,"Id":"ReferenceChange"}}},"SourceNode":{"Value":{"Type":17,"Body":{"Id":12637}}},"Time":{"Value":{"Type":13,"Body":"2024-04-27T12:59:25.6169171Z"}},"Change":{"Value":{"Type":22,"Body":{"TypeId":{"Id":15182},"Body":{"ReferenceTypeId":{"Id":47},"IsForward":true,"NodeId":{"Id":12777},"BrowseName":{"Name":"GetRejectedList"},"DisplayName":{"Text":"GetRejectedList"},"NodeClass":4,"TypeDefinition":{"Id":12775}}}}}}}]}