{"MessageId":"c005cfdf-e187-4e71-8df3-cf38f3e29295","MessageType":"ua-data","PublisherId":"DESKTOP-BGFJS91","DataSetWriterGroup":"<<UnknownWriterGroup>>","Messages":[{"SequenceNumber":319,"MetaDataVersion":{"MajorVersion":1},"Timestamp":"2024-04-27T12:59:25.6228385Z","MessageType":"ua-event","DataSetWriterName":"<<UnknownDataSet>>","Payload":{"EventId":{"Value":{"Type":15,"Body":"RgG9MAEyG0mlHirtJUnT3g=="}},"EventType":{"Value":{"Type":18,"Body":{"IdType":1,"Id":"ReferenceChange"}}},"SourceNode":{"Value":{"Type":17,"Body":{"Id":12637}}},"Time":{"Value":{"Type":13,"Body":"2024-04-27T12:59:25.6228376Z"}},"Change":{"Value":{"Type":22,"Body":{"TypeId":{"Id":15182},"Body":{"ReferenceTypeId":{"Id":47},"IsForward":true,"NodeId":{"Id":24290},"BrowseName":{"Name":"UserManagement"},"DisplayName":{"Text":"UserManagement"},"NodeClass":1,"TypeDefinition":{"Id":24264}}}}}}}]}