{"MessageId":"98676c31-3383-4670-9b57-eaf85d691da6","MessageType":"ua-data","PublisherId":"DESKTOP-BGFJS91","DataSetWriterGroup":"<<UnknownWriterGroup>>","Messages":[{"SequenceNumber":325,"MetaDataVersion":{"MajorVersion":1},"Timestamp":"2024-04-27T12:59:25.6271618Z","MessageType":"ua-event","DataSetWriterName":"<<UnknownDataSet>>","Payload":{"EventId":{"Value":{"Type":15,"Body":"YIisfepPY0iI0dAeEr5PYg=="}},"EventType":{"Value":{"Type":18,"Body":{"IdType":1,"Id":"ReferenceChange"}}},"SourceNode":{"Value":{"Type":17,"Body":{"Id":32637}}},"Time":{"Value":{"Type":13,"Body":"2024-04-27T12:59:25.627161Z"}},"Change":{"Value":{"Type":22,"Body":{"TypeId":{"Id":15182},"Body":{"ReferenceTypeId":{"Id":46},"IsForward":true,"NodeId":{"Id":32644},"BrowseName":{"Name":"Stepped"},"DisplayName":{"Text":"Stepped"},"NodeClass":2,"TypeDefinition":{"Id":68}}}}}}}]}