{"MessageId":"8cfc6a39-c8c8-4daa-8ab3-dd9183a04e1f","MessageType":"ua-data","PublisherId":"DESKTOP-BGFJS91","DataSetWriterGroup":"<<UnknownWriterGroup>>","Messages":[{"SequenceNumber":328,"MetaDataVersion":{"MajorVersion":1},"Timestamp":"2024-04-27T12:59:25.6299379Z","MessageType":"ua-event","DataSetWriterName":"<<UnknownDataSet>>","Payload":{"EventId":{"Value":{"Type":15,"Body":"B5N4IYgdxkO5gAXFVVUBrw=="}},"EventType":{"Value":{"Type":18,"Body":{"IdType":1,"Id":"NodeChange"}}},"SourceNode":{"Value":{"Type":17,"Body":{"Id":32645}}},"Time":{"Value":{"Type":13,"Body":"2024-04-27T12:59:25.6299364Z"}},"Change":{"Value":{"Type":22,"Body":{"TypeId":{"Id":15074},"Body":{"NodeId":{"Id":32645},"NodeClass":2,"BrowseName":{"Name":"Definition"},"DisplayName":{"Text":"Definition"},"RolePermissions":[],"UserRolePermissions":[],"References":[],"Value":{"Body":null},"DataType":{"Id":12},"ValueRank":-1,"ArrayDimensions":[],"AccessLevel":1,"UserAccessLevel":1,"AccessLevelEx":1}}}}}}]}