{"MessageId":"9a7ebbbf-9573-47fa-8bc5-28a4b36547c3","MessageType":"ua-data","PublisherId":"DESKTOP-BGFJS91","DataSetWriterGroup":"<<UnknownWriterGroup>>","Messages":[{"SequenceNumber":333,"MetaDataVersion":{"MajorVersion":1},"Timestamp":"2024-04-27T12:59:25.6329942Z","MessageType":"ua-event","DataSetWriterName":"<<UnknownDataSet>>","Payload":{"EventId":{"Value":{"Type":15,"Body":"Gwku3v02g0S68QoTyYAE3Q=="}},"EventType":{"Value":{"Type":18,"Body":{"IdType":1,"Id":"ReferenceChange"}}},"SourceNode":{"Value":{"Type":17,"Body":{"Id":32637}}},"Time":{"Value":{"Type":13,"Body":"2024-04-27T12:59:25.6329932Z"}},"Change":{"Value":{"Type":22,"Body":{"TypeId":{"Id":15182},"Body":{"ReferenceTypeId":{"Id":46},"IsForward":true,"NodeId":{"Id":32648},"BrowseName":{"Name":"ExceptionDeviation"},"DisplayName":{"Text":"ExceptionDeviation"},"NodeClass":2,"TypeDefinition":{"Id":68}}}}}}}]}