{"MessageId":"3e8c6ef5-cb91-4a62-bfc1-35505b17e84d","MessageType":"ua-data","PublisherId":"DESKTOP-BGFJS91","DataSetWriterGroup":"<<UnknownWriterGroup>>","Messages":[{"SequenceNumber":337,"MetaDataVersion":{"MajorVersion":1},"Timestamp":"2024-04-27T12:59:25.6360833Z","MessageType":"ua-event","DataSetWriterName":"<<UnknownDataSet>>","Payload":{"EventId":{"Value":{"Type":15,"Body":"G2i0sZzC1UmW7IVY+e19fQ=="}},"EventType":{"Value":{"Type":18,"Body":{"IdType":1,"Id":"ReferenceChange"}}},"SourceNode":{"Value":{"Type":17,"Body":{"Id":32637}}},"Time":{"Value":{"Type":13,"Body":"2024-04-27T12:59:25.636082Z"}},"Change":{"Value":{"Type":22,"Body":{"TypeId":{"Id":15182},"Body":{"ReferenceTypeId":{"Id":46},"IsForward":true,"NodeId":{"Id":32650},"BrowseName":{"Name":"StartOfArchive"},"DisplayName":{"Text":"StartOfArchive"},"NodeClass":2,"TypeDefinition":{"Id":68}}}}}}}]}