{"MessageId":"1101418e-2955-4641-b94f-c71b57d5876f","MessageType":"ua-data","PublisherId":"DESKTOP-BGFJS91","DataSetWriterGroup":"<<UnknownWriterGroup>>","Messages":[{"SequenceNumber":340,"MetaDataVersion":{"MajorVersion":1},"Timestamp":"2024-04-27T12:59:25.6388816Z","MessageType":"ua-event","DataSetWriterName":"<<UnknownDataSet>>","Payload":{"EventId":{"Value":{"Type":15,"Body":"i6Ee1k4WW0a8w2L3MuCKrw=="}},"EventType":{"Value":{"Type":18,"Body":{"IdType":1,"Id":"NodeChange"}}},"SourceNode":{"Value":{"Type":17,"Body":{"Id":32656}}},"Time":{"Value":{"Type":13,"Body":"2024-04-27T12:59:25.6388799Z"}},"Change":{"Value":{"Type":22,"Body":{"TypeId":{"Id":15074},"Body":{"NodeId":{"Id":32656},"NodeClass":2,"BrowseName":{"Name":"StartOfOnlineArchive"},"DisplayName":{"Text":"StartOfOnlineArchive"},"RolePermissions":[],"UserRolePermissions":[],"References":[],"Value":{"Body":null},"DataType":{"Id":294},"ValueRank":-1,"ArrayDimensions":[],"AccessLevel":1,"UserAccessLevel":1,"AccessLevelEx":1}}}}}}]}