{"MessageId":"2cd1f69a-db28-4a4b-a30b-b8ce7bd14a7e","MessageType":"ua-data","PublisherId":"DESKTOP-BGFJS91","DataSetWriterGroup":"<<UnknownWriterGroup>>","Messages":[{"SequenceNumber":342,"MetaDataVersion":{"MajorVersion":1},"Timestamp":"2024-04-27T12:59:25.6404652Z","MessageType":"ua-event","DataSetWriterName":"<<UnknownDataSet>>","Payload":{"EventId":{"Value":{"Type":15,"Body":"GaAcBQ8jv0i/dJ7MUuNRAA=="}},"EventType":{"Value":{"Type":18,"Body":{"IdType":1,"Id":"NodeChange"}}},"SourceNode":{"Value":{"Type":17,"Body":{"Id":32682}}},"Time":{"Value":{"Type":13,"Body":"2024-04-27T12:59:25.6404635Z"}},"Change":{"Value":{"Type":22,"Body":{"TypeId":{"Id":15074},"Body":{"NodeId":{"Id":32682},"NodeClass":2,"BrowseName":{"Name":"ServerTimestampSupported"},"DisplayName":{"Text":"ServerTimestampSupported"},"RolePermissions":[],"UserRolePermissions":[],"References":[],"Value":{"Body":null},"DataType":{"Id":1},"ValueRank":-1,"ArrayDimensions":[],"AccessLevel":1,"UserAccessLevel":1,"AccessLevelEx":1}}}}}}]}