{"MessageId":"34a3bba6-ab56-4a55-b07f-965466c58292","MessageType":"ua-data","PublisherId":"DESKTOP-BGFJS91","DataSetWriterGroup":"<<UnknownWriterGroup>>","Messages":[{"SequenceNumber":343,"MetaDataVersion":{"MajorVersion":1},"Timestamp":"2024-04-27T12:59:25.6406778Z","MessageType":"ua-event","DataSetWriterName":"<<UnknownDataSet>>","Payload":{"EventId":{"Value":{"Type":15,"Body":"a/48d99JIEmtkJtR2iFCYA=="}},"EventType":{"Value":{"Type":18,"Body":{"IdType":1,"Id":"ReferenceChange"}}},"SourceNode":{"Value":{"Type":17,"Body":{"Id":32637}}},"Time":{"Value":{"Type":13,"Body":"2024-04-27T12:59:25.6406735Z"}},"Change":{"Value":{"Type":22,"Body":{"TypeId":{"Id":15182},"Body":{"ReferenceTypeId":{"Id":46},"IsForward":true,"NodeId":{"Id":32752},"BrowseName":{"Name":"MaxTimeStoredValues"},"DisplayName":{"Text":"MaxTimeStoredValues"},"NodeClass":2,"TypeDefinition":{"Id":68}}}}}}}]}