{"MessageId":"d6c5b323-adb1-4b4b-9a94-b78c86eea7ca","MessageType":"ua-data","PublisherId":"DESKTOP-BGFJS91","DataSetWriterGroup":"<<UnknownWriterGroup>>","Messages":[{"SequenceNumber":344,"MetaDataVersion":{"MajorVersion":1},"Timestamp":"2024-04-27T12:59:25.642013Z","MessageType":"ua-event","DataSetWriterName":"<<UnknownDataSet>>","Payload":{"EventId":{"Value":{"Type":15,"Body":"GFhz1LyxIUWSBxL2+mirnA=="}},"EventType":{"Value":{"Type":18,"Body":{"IdType":1,"Id":"NodeChange"}}},"SourceNode":{"Value":{"Type":17,"Body":{"Id":32752}}},"Time":{"Value":{"Type":13,"Body":"2024-04-27T12:59:25.6420113Z"}},"Change":{"Value":{"Type":22,"Body":{"TypeId":{"Id":15074},"Body":{"NodeId":{"Id":32752},"NodeClass":2,"BrowseName":{"Name":"MaxTimeStoredValues"},"DisplayName":{"Text":"MaxTimeStoredValues"},"RolePermissions":[],"UserRolePermissions":[],"References":[],"Value":{"Body":null},"DataType":{"Id":290},"ValueRank":-1,"ArrayDimensions":[],"AccessLevel":1,"UserAccessLevel":1,"AccessLevelEx":1}}}}}}]}