{"MessageId":"884f0d50-7821-4865-83b1-69a9d6f1d237","MessageType":"ua-data","PublisherId":"DESKTOP-BGFJS91","DataSetWriterGroup":"<<UnknownWriterGroup>>","Messages":[{"SequenceNumber":350,"MetaDataVersion":{"MajorVersion":1},"Timestamp":"2024-04-27T12:59:25.6466253Z","MessageType":"ua-event","DataSetWriterName":"<<UnknownDataSet>>","Payload":{"EventId":{"Value":{"Type":15,"Body":"WMyjN8ChQUSo4QGt9YfFpA=="}},"EventType":{"Value":{"Type":18,"Body":{"IdType":1,"Id":"NodeChange"}}},"SourceNode":{"Value":{"Type":17,"Body":{"Id":32756}}},"Time":{"Value":{"Type":13,"Body":"2024-04-27T12:59:25.6466238Z"}},"Change":{"Value":{"Type":22,"Body":{"TypeId":{"Id":15074},"Body":{"NodeId":{"Id":32756},"NodeClass":2,"BrowseName":{"Name":"StartOfArchive"},"DisplayName":{"Text":"StartOfArchive"},"RolePermissions":[],"UserRolePermissions":[],"References":[],"Value":{"Body":null},"DataType":{"Id":294},"ValueRank":-1,"ArrayDimensions":[],"AccessLevel":1,"UserAccessLevel":1,"AccessLevelEx":1}}}}}}]}