{"MessageId":"674bf0aa-ead2-45be-a52c-2a688c594dc5","MessageType":"ua-data","PublisherId":"DESKTOP-BGFJS91","DataSetWriterGroup":"<<UnknownWriterGroup>>","Messages":[{"SequenceNumber":353,"MetaDataVersion":{"MajorVersion":1},"Timestamp":"2024-04-27T12:59:25.648528Z","MessageType":"ua-event","DataSetWriterName":"<<UnknownDataSet>>","Payload":{"EventId":{"Value":{"Type":15,"Body":"cndubApWtUSJVxR4XMmKpw=="}},"EventType":{"Value":{"Type":18,"Body":{"IdType":1,"Id":"ReferenceChange"}}},"SourceNode":{"Value":{"Type":17,"Body":{"Id":14443}}},"Time":{"Value":{"Type":13,"Body":"2024-04-27T12:59:25.6485224Z"}},"Change":{"Value":{"Type":22,"Body":{"TypeId":{"Id":15182},"Body":{"ReferenceTypeId":{"Id":47},"IsForward":true,"NodeId":{"Id":15215},"BrowseName":{"Name":"GetSecurityKeys"},"DisplayName":{"Text":"GetSecurityKeys"},"NodeClass":4,"TypeDefinition":{"Id":15907}}}}}}}]}