{"MessageId":"2fe82c3a-185c-40e8-bdb2-15727fb8ade5","MessageType":"ua-data","PublisherId":"DESKTOP-BGFJS91","DataSetWriterGroup":"<<UnknownWriterGroup>>","Messages":[{"SequenceNumber":356,"MetaDataVersion":{"MajorVersion":1},"Timestamp":"2024-04-27T12:59:25.6512674Z","MessageType":"ua-event","DataSetWriterName":"<<UnknownDataSet>>","Payload":{"EventId":{"Value":{"Type":15,"Body":"1k3LUdfTfU+cVwZ8AUodOA=="}},"EventType":{"Value":{"Type":18,"Body":{"IdType":1,"Id":"NodeChange"}}},"SourceNode":{"Value":{"Type":17,"Body":{"Id":15440}}},"Time":{"Value":{"Type":13,"Body":"2024-04-27T12:59:25.6512657Z"}},"Change":{"Value":{"Type":22,"Body":{"TypeId":{"Id":15077},"Body":{"NodeId":{"Id":15440},"NodeClass":4,"BrowseName":{"Name":"GetSecurityGroup"},"DisplayName":{"Text":"GetSecurityGroup"},"RolePermissions":[],"UserRolePermissions":[],"References":[],"Executable":true,"UserExecutable":true}}}}}}]}