{"MessageId":"4377b678-223d-4b64-a7fd-112577f18174","MessageType":"ua-data","PublisherId":"DESKTOP-BGFJS91","DataSetWriterGroup":"<<UnknownWriterGroup>>","Messages":[{"SequenceNumber":358,"MetaDataVersion":{"MajorVersion":1},"Timestamp":"2024-04-27T12:59:25.6528652Z","MessageType":"ua-event","DataSetWriterName":"<<UnknownDataSet>>","Payload":{"EventId":{"Value":{"Type":15,"Body":"+RRbnW4rSUG8BH77ToJxwQ=="}},"EventType":{"Value":{"Type":18,"Body":{"IdType":1,"Id":"NodeChange"}}},"SourceNode":{"Value":{"Type":17,"Body":{"Id":15443}}},"Time":{"Value":{"Type":13,"Body":"2024-04-27T12:59:25.6528547Z"}},"Change":{"Value":{"Type":22,"Body":{"TypeId":{"Id":15071},"Body":{"NodeId":{"Id":15443},"NodeClass":1,"BrowseName":{"Name":"SecurityGroups"},"DisplayName":{"Text":"SecurityGroups"},"RolePermissions":[],"UserRolePermissions":[],"References":[]}}}}}}]}