{"MessageId":"68166005-725c-44d2-acda-44034674a5ce","MessageType":"ua-data","PublisherId":"DESKTOP-BGFJS91","DataSetWriterGroup":"<<UnknownWriterGroup>>","Messages":[{"SequenceNumber":366,"MetaDataVersion":{"MajorVersion":1},"Timestamp":"2024-04-27T12:59:25.6591001Z","MessageType":"ua-event","DataSetWriterName":"<<UnknownDataSet>>","Payload":{"EventId":{"Value":{"Type":15,"Body":"O5Gyx64LuUW/chViMBz6iQ=="}},"EventType":{"Value":{"Type":18,"Body":{"IdType":1,"Id":"NodeChange"}}},"SourceNode":{"Value":{"Type":17,"Body":{"Id":17369}}},"Time":{"Value":{"Type":13,"Body":"2024-04-27T12:59:25.6590985Z"}},"Change":{"Value":{"Type":22,"Body":{"TypeId":{"Id":15077},"Body":{"NodeId":{"Id":17369},"NodeClass":4,"BrowseName":{"Name":"RemoveConnection"},"DisplayName":{"Text":"RemoveConnection"},"RolePermissions":[],"UserRolePermissions":[],"References":[],"Executable":true,"UserExecutable":true}}}}}}]}