{"MessageId":"a8f78099-4cd0-45f2-bd17-3eddbb7628be","MessageType":"ua-data","PublisherId":"DESKTOP-BGFJS91","DataSetWriterGroup":"<<UnknownWriterGroup>>","Messages":[{"SequenceNumber":37,"MetaDataVersion":{"MajorVersion":1},"Timestamp":"2024-04-27T12:59:25.325765Z","MessageType":"ua-event","DataSetWriterName":"<<UnknownDataSet>>","Payload":{"EventId":{"Value":{"Type":15,"Body":"48Bx0CKU1EeckLjd1Tar8A=="}},"EventType":{"Value":{"Type":18,"Body":{"IdType":1,"Id":"ReferenceChange"}}},"SourceNode":{"Value":{"Type":17,"Body":{"Id":85}}},"Time":{"Value":{"Type":13,"Body":"2024-04-27T12:59:25.3257628Z"}},"Change":{"Value":{"Type":22,"Body":{"TypeId":{"Id":15182},"Body":{"ReferenceTypeId":{"Id":35},"IsForward":true,"NodeId":{"IdType":1,"Id":"OpcPlc","Namespace":17},"BrowseName":{"Name":"OpcPlc","Uri":17},"DisplayName":{"Text":"OpcPlc","Locale":"en"},"NodeClass":1,"TypeDefinition":{"Id":61}}}}}}}]}