{"MessageId":"e8972657-fc2d-43b2-8260-ae86f5e63003","MessageType":"ua-data","PublisherId":"DESKTOP-BGFJS91","DataSetWriterGroup":"<<UnknownWriterGroup>>","Messages":[{"SequenceNumber":371,"MetaDataVersion":{"MajorVersion":1},"Timestamp":"2024-04-27T12:59:25.6622154Z","MessageType":"ua-event","DataSetWriterName":"<<UnknownDataSet>>","Payload":{"EventId":{"Value":{"Type":15,"Body":"2riW4XEBEkKkFMkeS5De6Q=="}},"EventType":{"Value":{"Type":18,"Body":{"IdType":1,"Id":"ReferenceChange"}}},"SourceNode":{"Value":{"Type":17,"Body":{"Id":14443}}},"Time":{"Value":{"Type":13,"Body":"2024-04-27T12:59:25.6622145Z"}},"Change":{"Value":{"Type":22,"Body":{"TypeId":{"Id":15182},"Body":{"ReferenceTypeId":{"Id":47},"IsForward":true,"NodeId":{"Id":25451},"BrowseName":{"Name":"PubSubConfiguration"},"DisplayName":{"Text":"PubSubConfiguration"},"NodeClass":1,"TypeDefinition":{"Id":25482}}}}}}}]}