{"MessageId":"fe51e2d5-d720-42b5-bee1-b5094f2420ad","MessageType":"ua-data","PublisherId":"DESKTOP-BGFJS91","DataSetWriterGroup":"<<UnknownWriterGroup>>","Messages":[{"SequenceNumber":376,"MetaDataVersion":{"MajorVersion":1},"Timestamp":"2024-04-27T12:59:25.6666962Z","MessageType":"ua-event","DataSetWriterName":"<<UnknownDataSet>>","Payload":{"EventId":{"Value":{"Type":15,"Body":"v1Xo187E5UC8+6lfBKL0uQ=="}},"EventType":{"Value":{"Type":18,"Body":{"IdType":1,"Id":"NodeChange"}}},"SourceNode":{"Value":{"Type":17,"Body":{"Id":17409}}},"Time":{"Value":{"Type":13,"Body":"2024-04-27T12:59:25.6666942Z"}},"Change":{"Value":{"Type":22,"Body":{"TypeId":{"Id":15071},"Body":{"NodeId":{"Id":17409},"NodeClass":1,"BrowseName":{"Name":"Diagnostics"},"DisplayName":{"Text":"Diagnostics"},"RolePermissions":[],"UserRolePermissions":[],"References":[]}}}}}}]}