{"MessageId":"4e4dca6a-00f2-42e4-8198-6a6adfb96203","MessageType":"ua-data","PublisherId":"DESKTOP-BGFJS91","DataSetWriterGroup":"<<UnknownWriterGroup>>","Messages":[{"SequenceNumber":387,"MetaDataVersion":{"MajorVersion":1},"Timestamp":"2024-04-27T12:59:25.6745871Z","MessageType":"ua-event","DataSetWriterName":"<<UnknownDataSet>>","Payload":{"EventId":{"Value":{"Type":15,"Body":"7zO8uzjnlku/goXzS2iq6w=="}},"EventType":{"Value":{"Type":18,"Body":{"IdType":1,"Id":"ReferenceChange"}}},"SourceNode":{"Value":{"Type":17,"Body":{"Id":14443}}},"Time":{"Value":{"Type":13,"Body":"2024-04-27T12:59:25.6745861Z"}},"Change":{"Value":{"Type":22,"Body":{"TypeId":{"Id":15182},"Body":{"ReferenceTypeId":{"Id":46},"IsForward":true,"NodeId":{"Id":32403},"BrowseName":{"Name":"DefaultSecurityKeyServices"},"DisplayName":{"Text":"DefaultSecurityKeyServices"},"NodeClass":2,"TypeDefinition":{"Id":68}}}}}}}]}