{"MessageId":"4ad71845-38cc-4dd5-8bd8-f4555b1bf1a3","MessageType":"ua-data","PublisherId":"DESKTOP-BGFJS91","DataSetWriterGroup":"<<UnknownWriterGroup>>","Messages":[{"SequenceNumber":39,"MetaDataVersion":{"MajorVersion":1},"Timestamp":"2024-04-27T12:59:25.3332633Z","MessageType":"ua-event","DataSetWriterName":"<<UnknownDataSet>>","Payload":{"EventId":{"Value":{"Type":15,"Body":"DXxjb1zxjESbHsZJLwHufg=="}},"EventType":{"Value":{"Type":18,"Body":{"IdType":1,"Id":"ReferenceChange"}}},"SourceNode":{"Value":{"Type":17,"Body":{"Id":86}}},"Time":{"Value":{"Type":13,"Body":"2024-04-27T12:59:25.3332603Z"}},"Change":{"Value":{"Type":22,"Body":{"TypeId":{"Id":15182},"Body":{"ReferenceTypeId":{"Id":35},"IsForward":true,"NodeId":{"Id":88},"BrowseName":{"Name":"ObjectTypes"},"DisplayName":{"Text":"ObjectTypes"},"NodeClass":1,"TypeDefinition":{"Id":61}}}}}}}]}