{"MessageId":"99751100-4edc-4197-bf46-de457d34ae65","MessageType":"ua-data","PublisherId":"DESKTOP-BGFJS91","DataSetWriterGroup":"<<UnknownWriterGroup>>","Messages":[{"SequenceNumber":390,"MetaDataVersion":{"MajorVersion":1},"Timestamp":"2024-04-27T12:59:25.6774125Z","MessageType":"ua-event","DataSetWriterName":"<<UnknownDataSet>>","Payload":{"EventId":{"Value":{"Type":15,"Body":"OEbeCfDsCEyv+iIrtLsCww=="}},"EventType":{"Value":{"Type":18,"Body":{"IdType":1,"Id":"NodeChange"}}},"SourceNode":{"Value":{"Type":17,"Body":{"Id":32404}}},"Time":{"Value":{"Type":13,"Body":"2024-04-27T12:59:25.677411Z"}},"Change":{"Value":{"Type":22,"Body":{"TypeId":{"Id":15074},"Body":{"NodeId":{"Id":32404},"NodeClass":2,"BrowseName":{"Name":"ConfigurationProperties"},"DisplayName":{"Text":"ConfigurationProperties"},"RolePermissions":[],"UserRolePermissions":[],"References":[],"Value":{"Body":null},"DataType":{"Id":14533},"ValueRank":1,"ArrayDimensions":[0],"AccessLevel":1,"UserAccessLevel":1,"AccessLevelEx":1}}}}}}]}