{"MessageId":"a056cbeb-8943-4757-b432-11755df461df","MessageType":"ua-data","PublisherId":"DESKTOP-BGFJS91","DataSetWriterGroup":"<<UnknownWriterGroup>>","Messages":[{"SequenceNumber":401,"MetaDataVersion":{"MajorVersion":1},"Timestamp":"2024-04-27T12:59:25.6855071Z","MessageType":"ua-event","DataSetWriterName":"<<UnknownDataSet>>","Payload":{"EventId":{"Value":{"Type":15,"Body":"KXYn8RX2Yk+37XpI7fOVBQ=="}},"EventType":{"Value":{"Type":18,"Body":{"IdType":1,"Id":"ReferenceChange"}}},"SourceNode":{"Value":{"Type":17,"Body":{"Id":23476}}},"Time":{"Value":{"Type":13,"Body":"2024-04-27T12:59:25.685506Z"}},"Change":{"Value":{"Type":22,"Body":{"TypeId":{"Id":15182},"Body":{"ReferenceTypeId":{"Id":46},"IsForward":true,"NodeId":{"Id":23478},"BrowseName":{"Name":"OutputArguments"},"DisplayName":{"Text":"OutputArguments"},"NodeClass":2,"TypeDefinition":{"Id":68}}}}}}}]}