{"MessageId":"798dd1c8-17c6-4ac3-8a7e-3101ef9b7939","MessageType":"ua-data","PublisherId":"DESKTOP-BGFJS91","DataSetWriterGroup":"<<UnknownWriterGroup>>","Messages":[{"SequenceNumber":405,"MetaDataVersion":{"MajorVersion":1},"Timestamp":"2024-04-27T12:59:25.6882301Z","MessageType":"ua-event","DataSetWriterName":"<<UnknownDataSet>>","Payload":{"EventId":{"Value":{"Type":15,"Body":"DTguLATnEU6hXdLzeCOnQw=="}},"EventType":{"Value":{"Type":18,"Body":{"IdType":1,"Id":"ReferenceChange"}}},"SourceNode":{"Value":{"Type":17,"Body":{"Id":23488}}},"Time":{"Value":{"Type":13,"Body":"2024-04-27T12:59:25.6882291Z"}},"Change":{"Value":{"Type":22,"Body":{"TypeId":{"Id":15182},"Body":{"ReferenceTypeId":{"Id":47},"IsForward":true,"NodeId":{"Id":23494},"BrowseName":{"Name":"FindAlias"},"DisplayName":{"Text":"FindAlias"},"NodeClass":4,"TypeDefinition":{"Id":23462}}}}}}}]}