{"MessageId":"1fb4b903-2f2b-4793-a93c-c9003b8cbb42","MessageType":"ua-data","PublisherId":"DESKTOP-BGFJS91","DataSetWriterGroup":"<<UnknownWriterGroup>>","Messages":[{"SequenceNumber":407,"MetaDataVersion":{"MajorVersion":1},"Timestamp":"2024-04-27T12:59:25.6896091Z","MessageType":"ua-event","DataSetWriterName":"<<UnknownDataSet>>","Payload":{"EventId":{"Value":{"Type":15,"Body":"4taKdQ007E+JH04aG9Z+0A=="}},"EventType":{"Value":{"Type":18,"Body":{"IdType":1,"Id":"ReferenceChange"}}},"SourceNode":{"Value":{"Type":17,"Body":{"Id":10158,"Namespace":2}}},"Time":{"Value":{"Type":13,"Body":"2024-04-27T12:59:25.6896081Z"}},"Change":{"Value":{"Type":22,"Body":{"TypeId":{"Id":15182},"Body":{"ReferenceTypeId":{"Id":47},"IsForward":true,"NodeId":{"Id":10159,"Namespace":2},"BrowseName":{"Name":"Scalar","Uri":2},"DisplayName":{"Text":"Scalar"},"NodeClass":1,"TypeDefinition":{"Id":9450,"Namespace":2}}}}}}}]}