{"MessageId":"821e3cd0-7b22-4e44-b71f-59f0c6920415","MessageType":"ua-data","PublisherId":"DESKTOP-BGFJS91","DataSetWriterGroup":"<<UnknownWriterGroup>>","Messages":[{"SequenceNumber":410,"MetaDataVersion":{"MajorVersion":1},"Timestamp":"2024-04-27T12:59:25.6922463Z","MessageType":"ua-event","DataSetWriterName":"<<UnknownDataSet>>","Payload":{"EventId":{"Value":{"Type":15,"Body":"tdVJHM1nR0+LA2J43Cg8Ww=="}},"EventType":{"Value":{"Type":18,"Body":{"IdType":1,"Id":"NodeChange"}}},"SourceNode":{"Value":{"Type":17,"Body":{"Id":10243,"Namespace":2}}},"Time":{"Value":{"Type":13,"Body":"2024-04-27T12:59:25.6922448Z"}},"Change":{"Value":{"Type":22,"Body":{"TypeId":{"Id":15071},"Body":{"NodeId":{"Id":10243,"Namespace":2},"NodeClass":1,"BrowseName":{"Name":"Array","Uri":2},"DisplayName":{"Text":"Array"},"RolePermissions":[],"UserRolePermissions":[],"References":[]}}}}}}]}