{"MessageId":"e040163f-f8d0-4a2e-acc1-bf46d63cca51","MessageType":"ua-data","PublisherId":"DESKTOP-BGFJS91","DataSetWriterGroup":"<<UnknownWriterGroup>>","Messages":[{"SequenceNumber":420,"MetaDataVersion":{"MajorVersion":1},"Timestamp":"2024-04-27T12:59:25.699673Z","MessageType":"ua-event","DataSetWriterName":"<<UnknownDataSet>>","Payload":{"EventId":{"Value":{"Type":15,"Body":"NTSHjnHgZEejN90fatuuFQ=="}},"EventType":{"Value":{"Type":18,"Body":{"IdType":1,"Id":"NodeChange"}}},"SourceNode":{"Value":{"Type":17,"Body":{"Id":10755,"Namespace":2}}},"Time":{"Value":{"Type":13,"Body":"2024-04-27T12:59:25.6996715Z"}},"Change":{"Value":{"Type":22,"Body":{"TypeId":{"Id":15071},"Body":{"NodeId":{"Id":10755,"Namespace":2},"NodeClass":1,"BrowseName":{"Name":"MethodTest","Uri":2},"DisplayName":{"Text":"MethodTest"},"RolePermissions":[],"UserRolePermissions":[],"References":[]}}}}}}]}