{"MessageId":"9c519f80-71b9-4081-878c-edddf63d4a16","MessageType":"ua-data","PublisherId":"DESKTOP-BGFJS91","DataSetWriterGroup":"<<UnknownWriterGroup>>","Messages":[{"SequenceNumber":426,"MetaDataVersion":{"MajorVersion":1},"Timestamp":"2024-04-27T12:59:25.7050856Z","MessageType":"ua-event","DataSetWriterName":"<<UnknownDataSet>>","Payload":{"EventId":{"Value":{"Type":15,"Body":"hEp6+gMY1EmHRQdYf9koOw=="}},"EventType":{"Value":{"Type":18,"Body":{"IdType":1,"Id":"NodeChange"}}},"SourceNode":{"Value":{"Type":17,"Body":{"Id":10871,"Namespace":2}}},"Time":{"Value":{"Type":13,"Body":"2024-04-27T12:59:25.7050841Z"}},"Change":{"Value":{"Type":22,"Body":{"TypeId":{"Id":15071},"Body":{"NodeId":{"Id":10871,"Namespace":2},"NodeClass":1,"BrowseName":{"Name":"Array","Uri":2},"DisplayName":{"Text":"Array"},"RolePermissions":[],"UserRolePermissions":[],"References":[]}}}}}}]}