{"MessageId":"0efc04da-4cba-486b-bec3-809934930e9f","MessageType":"ua-data","PublisherId":"DESKTOP-BGFJS91","DataSetWriterGroup":"<<UnknownWriterGroup>>","Messages":[{"SequenceNumber":427,"MetaDataVersion":{"MajorVersion":1},"Timestamp":"2024-04-27T12:59:25.7052999Z","MessageType":"ua-event","DataSetWriterName":"<<UnknownDataSet>>","Payload":{"EventId":{"Value":{"Type":15,"Body":"nBzruPEcgkax4/CinNFGkg=="}},"EventType":{"Value":{"Type":18,"Body":{"IdType":1,"Id":"ReferenceChange"}}},"SourceNode":{"Value":{"Type":17,"Body":{"Id":10786,"Namespace":2}}},"Time":{"Value":{"Type":13,"Body":"2024-04-27T12:59:25.705299Z"}},"Change":{"Value":{"Type":22,"Body":{"TypeId":{"Id":15182},"Body":{"ReferenceTypeId":{"Id":47},"IsForward":true,"NodeId":{"Id":10955,"Namespace":2},"BrowseName":{"Name":"UserScalar","Uri":2},"DisplayName":{"Text":"UserScalar"},"NodeClass":1,"TypeDefinition":{"Id":9921,"Namespace":2}}}}}}}]}