{"MessageId":"c09d4e71-f6ec-4b5c-a0f2-470ab5b03cfe","MessageType":"ua-data","PublisherId":"DESKTOP-BGFJS91","DataSetWriterGroup":"<<UnknownWriterGroup>>","Messages":[{"SequenceNumber":429,"MetaDataVersion":{"MajorVersion":1},"Timestamp":"2024-04-27T12:59:25.7067576Z","MessageType":"ua-event","DataSetWriterName":"<<UnknownDataSet>>","Payload":{"EventId":{"Value":{"Type":15,"Body":"PlcHlRmXqkaWc6hBWWeIVQ=="}},"EventType":{"Value":{"Type":18,"Body":{"IdType":1,"Id":"ReferenceChange"}}},"SourceNode":{"Value":{"Type":17,"Body":{"Id":10786,"Namespace":2}}},"Time":{"Value":{"Type":13,"Body":"2024-04-27T12:59:25.7067567Z"}},"Change":{"Value":{"Type":22,"Body":{"TypeId":{"Id":15182},"Body":{"ReferenceTypeId":{"Id":47},"IsForward":true,"NodeId":{"Id":11034,"Namespace":2},"BrowseName":{"Name":"UserArray","Uri":2},"DisplayName":{"Text":"UserArray"},"NodeClass":1,"TypeDefinition":{"Id":10007,"Namespace":2}}}}}}}]}