{"MessageId":"0a648718-ad85-4fb9-a027-e74c07089282","MessageType":"ua-data","PublisherId":"DESKTOP-BGFJS91","DataSetWriterGroup":"<<UnknownWriterGroup>>","Messages":[{"SequenceNumber":43,"MetaDataVersion":{"MajorVersion":1},"Timestamp":"2024-04-27T12:59:25.3426411Z","MessageType":"ua-event","DataSetWriterName":"<<UnknownDataSet>>","Payload":{"EventId":{"Value":{"Type":15,"Body":"5Jt01RdebUOKIq8ej81ocw=="}},"EventType":{"Value":{"Type":18,"Body":{"IdType":1,"Id":"ReferenceChange"}}},"SourceNode":{"Value":{"Type":17,"Body":{"Id":86}}},"Time":{"Value":{"Type":13,"Body":"2024-04-27T12:59:25.3426397Z"}},"Change":{"Value":{"Type":22,"Body":{"TypeId":{"Id":15182},"Body":{"ReferenceTypeId":{"Id":35},"IsForward":true,"NodeId":{"Id":90},"BrowseName":{"Name":"DataTypes"},"DisplayName":{"Text":"DataTypes"},"NodeClass":1,"TypeDefinition":{"Id":61}}}}}}}]}