{"MessageId":"71fffcbd-ef00-4898-b04e-14c97a92f383","MessageType":"ua-data","PublisherId":"DESKTOP-BGFJS91","DataSetWriterGroup":"<<UnknownWriterGroup>>","Messages":[{"SequenceNumber":430,"MetaDataVersion":{"MajorVersion":1},"Timestamp":"2024-04-27T12:59:25.7080248Z","MessageType":"ua-event","DataSetWriterName":"<<UnknownDataSet>>","Payload":{"EventId":{"Value":{"Type":15,"Body":"OeAQPXeLOEKS+KUPAdwtHw=="}},"EventType":{"Value":{"Type":18,"Body":{"IdType":1,"Id":"NodeChange"}}},"SourceNode":{"Value":{"Type":17,"Body":{"Id":11034,"Namespace":2}}},"Time":{"Value":{"Type":13,"Body":"2024-04-27T12:59:25.7080233Z"}},"Change":{"Value":{"Type":22,"Body":{"TypeId":{"Id":15071},"Body":{"NodeId":{"Id":11034,"Namespace":2},"NodeClass":1,"BrowseName":{"Name":"UserArray","Uri":2},"DisplayName":{"Text":"UserArray"},"RolePermissions":[],"UserRolePermissions":[],"References":[]}}}}}}]}