{"MessageId":"eb88111e-9034-47b3-b6af-5ac827a1c13b","MessageType":"ua-data","PublisherId":"DESKTOP-BGFJS91","DataSetWriterGroup":"<<UnknownWriterGroup>>","Messages":[{"SequenceNumber":434,"MetaDataVersion":{"MajorVersion":1},"Timestamp":"2024-04-27T12:59:25.7109952Z","MessageType":"ua-event","DataSetWriterName":"<<UnknownDataSet>>","Payload":{"EventId":{"Value":{"Type":15,"Body":"MS/W3KMZBka7OIU4iEw8Yw=="}},"EventType":{"Value":{"Type":18,"Body":{"IdType":1,"Id":"NodeChange"}}},"SourceNode":{"Value":{"Type":17,"Body":{"Id":11248,"Namespace":2}}},"Time":{"Value":{"Type":13,"Body":"2024-04-27T12:59:25.7109931Z"}},"Change":{"Value":{"Type":22,"Body":{"TypeId":{"Id":15071},"Body":{"NodeId":{"Id":11248,"Namespace":2},"NodeClass":1,"BrowseName":{"Name":"AnalogArray","Uri":2},"DisplayName":{"Text":"AnalogArray"},"RolePermissions":[],"UserRolePermissions":[],"References":[]}}}}}}]}