{"MessageId":"f0c30e95-7b18-4e5d-8117-376e713f75d6","MessageType":"ua-data","PublisherId":"DESKTOP-BGFJS91","DataSetWriterGroup":"<<UnknownWriterGroup>>","Messages":[{"SequenceNumber":442,"MetaDataVersion":{"MajorVersion":1},"Timestamp":"2024-04-27T12:59:25.7182961Z","MessageType":"ua-event","DataSetWriterName":"<<UnknownDataSet>>","Payload":{"EventId":{"Value":{"Type":15,"Body":"9mvBUHe80Uul10WHmTMDfQ=="}},"EventType":{"Value":{"Type":18,"Body":{"IdType":1,"Id":"NodeChange"}}},"SourceNode":{"Value":{"Type":17,"Body":{"Id":10247,"Namespace":2}}},"Time":{"Value":{"Type":13,"Body":"2024-04-27T12:59:25.7182944Z"}},"Change":{"Value":{"Type":22,"Body":{"TypeId":{"Id":15071},"Body":{"NodeId":{"Id":10247,"Namespace":2},"NodeClass":1,"BrowseName":{"Name":"CycleComplete","Uri":2},"DisplayName":{"Text":"CycleComplete"},"RolePermissions":[],"UserRolePermissions":[],"References":[]}}}}}}]}