{"MessageId":"6bcc5f24-f605-42c4-8fa6-0e6ffb5d1151","MessageType":"ua-data","PublisherId":"DESKTOP-BGFJS91","DataSetWriterGroup":"<<UnknownWriterGroup>>","Messages":[{"SequenceNumber":448,"MetaDataVersion":{"MajorVersion":1},"Timestamp":"2024-04-27T12:59:25.7226139Z","MessageType":"ua-event","DataSetWriterName":"<<UnknownDataSet>>","Payload":{"EventId":{"Value":{"Type":15,"Body":"RWF7ylA4Y0GcfjPhWHz2dA=="}},"EventType":{"Value":{"Type":18,"Body":{"IdType":1,"Id":"NodeChange"}}},"SourceNode":{"Value":{"Type":17,"Body":{"Id":10489,"Namespace":2}}},"Time":{"Value":{"Type":13,"Body":"2024-04-27T12:59:25.7226123Z"}},"Change":{"Value":{"Type":22,"Body":{"TypeId":{"Id":15071},"Body":{"NodeId":{"Id":10489,"Namespace":2},"NodeClass":1,"BrowseName":{"Name":"CycleComplete","Uri":2},"DisplayName":{"Text":"CycleComplete"},"RolePermissions":[],"UserRolePermissions":[],"References":[]}}}}}}]}