{"MessageId":"13128844-1fa1-44a0-b965-3a194380c519","MessageType":"ua-data","PublisherId":"DESKTOP-BGFJS91","DataSetWriterGroup":"<<UnknownWriterGroup>>","Messages":[{"SequenceNumber":46,"MetaDataVersion":{"MajorVersion":1},"Timestamp":"2024-04-27T12:59:25.3513838Z","MessageType":"ua-event","DataSetWriterName":"<<UnknownDataSet>>","Payload":{"EventId":{"Value":{"Type":15,"Body":"PVa9vWCHaUmQdbLlzIppgA=="}},"EventType":{"Value":{"Type":18,"Body":{"IdType":1,"Id":"NodeChange"}}},"SourceNode":{"Value":{"Type":17,"Body":{"Id":91}}},"Time":{"Value":{"Type":13,"Body":"2024-04-27T12:59:25.3513798Z"}},"Change":{"Value":{"Type":22,"Body":{"TypeId":{"Id":15071},"Body":{"NodeId":{"Id":91},"NodeClass":1,"BrowseName":{"Name":"ReferenceTypes"},"DisplayName":{"Text":"ReferenceTypes"},"Description":{"Text":"The browse entry point when looking for reference types in the server address space."},"RolePermissions":[],"UserRolePermissions":[],"References":[]}}}}}}]}