{"MessageId":"def57e39-075e-4f0b-844e-cf08a12d6b70","MessageType":"ua-data","PublisherId":"DESKTOP-BGFJS91","DataSetWriterGroup":"<<UnknownWriterGroup>>","Messages":[{"SequenceNumber":466,"MetaDataVersion":{"MajorVersion":1},"Timestamp":"2024-04-27T12:59:25.7363266Z","MessageType":"ua-event","DataSetWriterName":"<<UnknownDataSet>>","Payload":{"EventId":{"Value":{"Type":15,"Body":"Rl9+vd1CO0+7jjZ0CB45SQ=="}},"EventType":{"Value":{"Type":18,"Body":{"IdType":1,"Id":"ReferenceChange"}}},"SourceNode":{"Value":{"Type":17,"Body":{"Id":375,"Namespace":7}}},"Time":{"Value":{"Type":13,"Body":"2024-04-27T12:59:25.7363256Z"}},"Change":{"Value":{"Type":22,"Body":{"TypeId":{"Id":15182},"Body":{"ReferenceTypeId":{"Id":46},"IsForward":true,"NodeId":{"Id":377,"Namespace":7},"BrowseName":{"Name":"OwnedVehicles","Uri":6},"DisplayName":{"Text":"OwnedVehicles"},"NodeClass":2,"TypeDefinition":{"Id":68}}}}}}}]}