{"MessageId":"1769ff60-0fc5-452d-a637-5681cbe628c3","MessageType":"ua-data","PublisherId":"DESKTOP-BGFJS91","DataSetWriterGroup":"<<UnknownWriterGroup>>","Messages":[{"SequenceNumber":467,"MetaDataVersion":{"MajorVersion":1},"Timestamp":"2024-04-27T12:59:25.7375521Z","MessageType":"ua-event","DataSetWriterName":"<<UnknownDataSet>>","Payload":{"EventId":{"Value":{"Type":15,"Body":"yjiHSZAgWUKIUCK1NYJ62g=="}},"EventType":{"Value":{"Type":18,"Body":{"IdType":1,"Id":"NodeChange"}}},"SourceNode":{"Value":{"Type":17,"Body":{"Id":377,"Namespace":7}}},"Time":{"Value":{"Type":13,"Body":"2024-04-27T12:59:25.7375505Z"}},"Change":{"Value":{"Type":22,"Body":{"TypeId":{"Id":15074},"Body":{"NodeId":{"Id":377,"Namespace":7},"NodeClass":2,"BrowseName":{"Name":"OwnedVehicles","Uri":6},"DisplayName":{"Text":"OwnedVehicles"},"RolePermissions":[],"UserRolePermissions":[],"References":[],"Value":{"Body":null},"DataType":{"Id":314,"Namespace":6},"ValueRank":1,"ArrayDimensions":[0],"AccessLevel":3,"UserAccessLevel":3,"AccessLevelEx":3}}}}}}]}