{"MessageId":"b894c78a-3717-47a7-8e37-f9e2e979a5fd","MessageType":"ua-data","PublisherId":"DESKTOP-BGFJS91","DataSetWriterGroup":"<<UnknownWriterGroup>>","Messages":[{"SequenceNumber":472,"MetaDataVersion":{"MajorVersion":1},"Timestamp":"2024-04-27T12:59:25.740878Z","MessageType":"ua-event","DataSetWriterName":"<<UnknownDataSet>>","Payload":{"EventId":{"Value":{"Type":15,"Body":"+FMWmLMbd06a4xZ54zCk5w=="}},"EventType":{"Value":{"Type":18,"Body":{"IdType":1,"Id":"ReferenceChange"}}},"SourceNode":{"Value":{"Type":17,"Body":{"IdType":1,"Id":"Area99","Namespace":9}}},"Time":{"Value":{"Type":13,"Body":"2024-04-27T12:59:25.740877Z"}},"Change":{"Value":{"Type":22,"Body":{"TypeId":{"Id":15182},"Body":{"ReferenceTypeId":{"Id":48},"IsForward":true,"NodeId":{"IdType":1,"Id":"Well_86234","Namespace":9},"BrowseName":{"Name":"Saturn","Uri":9},"DisplayName":{"Text":"Saturn"},"NodeClass":1,"TypeDefinition":{"Id":308,"Namespace":9}}}}}}}]}