{"MessageId":"7b4d09f7-ad55-470b-844b-a76aba3b14e5","MessageType":"ua-data","PublisherId":"DESKTOP-BGFJS91","DataSetWriterGroup":"<<UnknownWriterGroup>>","Messages":[{"SequenceNumber":480,"MetaDataVersion":{"MajorVersion":1},"Timestamp":"2024-04-27T12:59:25.7471818Z","MessageType":"ua-event","DataSetWriterName":"<<UnknownDataSet>>","Payload":{"EventId":{"Value":{"Type":15,"Body":"V9Xoeu4R80KGRYEtA6dIlw=="}},"EventType":{"Value":{"Type":18,"Body":{"IdType":1,"Id":"ReferenceChange"}}},"SourceNode":{"Value":{"Type":17,"Body":{"IdType":1,"Id":"0:Boiler #1","Namespace":11}}},"Time":{"Value":{"Type":13,"Body":"2024-04-27T12:59:25.7471808Z"}},"Change":{"Value":{"Type":22,"Body":{"TypeId":{"Id":15182},"Body":{"ReferenceTypeId":{"Id":47},"IsForward":true,"NodeId":{"IdType":1,"Id":"0:Boiler #1?Drum","Namespace":11},"BrowseName":{"Name":"Drum","Uri":11},"DisplayName":{"Text":"Drum"},"NodeClass":1,"TypeDefinition":{"Id":58}}}}}}}]}