{"MessageId":"00a5cc3f-24fa-446d-9441-84db7f76140d","MessageType":"ua-data","PublisherId":"DESKTOP-BGFJS91","DataSetWriterGroup":"<<UnknownWriterGroup>>","Messages":[{"SequenceNumber":482,"MetaDataVersion":{"MajorVersion":1},"Timestamp":"2024-04-27T12:59:25.7489517Z","MessageType":"ua-event","DataSetWriterName":"<<UnknownDataSet>>","Payload":{"EventId":{"Value":{"Type":15,"Body":"Zk91NdhaT0ibicmi1hCHnQ=="}},"EventType":{"Value":{"Type":18,"Body":{"IdType":1,"Id":"ReferenceChange"}}},"SourceNode":{"Value":{"Type":17,"Body":{"IdType":1,"Id":"0:Boiler #2","Namespace":11}}},"Time":{"Value":{"Type":13,"Body":"2024-04-27T12:59:25.74895Z"}},"Change":{"Value":{"Type":22,"Body":{"TypeId":{"Id":15182},"Body":{"ReferenceTypeId":{"Id":47},"IsForward":true,"NodeId":{"IdType":1,"Id":"0:Boiler #2?WaterIn","Namespace":11},"BrowseName":{"Name":"WaterIn","Uri":11},"DisplayName":{"Text":"WaterIn"},"NodeClass":1,"TypeDefinition":{"Id":58}}}}}}}]}