{"MessageId":"9e29219e-2b7c-46bc-87b4-3345c5f5bcf0","MessageType":"ua-data","PublisherId":"DESKTOP-BGFJS91","DataSetWriterGroup":"<<UnknownWriterGroup>>","Messages":[{"SequenceNumber":484,"MetaDataVersion":{"MajorVersion":1},"Timestamp":"2024-04-27T12:59:25.7506597Z","MessageType":"ua-event","DataSetWriterName":"<<UnknownDataSet>>","Payload":{"EventId":{"Value":{"Type":15,"Body":"KIYKXWgmSE+vfyUwr6V7Iw=="}},"EventType":{"Value":{"Type":18,"Body":{"IdType":1,"Id":"ReferenceChange"}}},"SourceNode":{"Value":{"Type":17,"Body":{"IdType":1,"Id":"0:Boiler #2","Namespace":11}}},"Time":{"Value":{"Type":13,"Body":"2024-04-27T12:59:25.7506589Z"}},"Change":{"Value":{"Type":22,"Body":{"TypeId":{"Id":15182},"Body":{"ReferenceTypeId":{"Id":47},"IsForward":true,"NodeId":{"IdType":1,"Id":"0:Boiler #2?SteamOut","Namespace":11},"BrowseName":{"Name":"SteamOut","Uri":11},"DisplayName":{"Text":"SteamOut"},"NodeClass":1,"TypeDefinition":{"Id":58}}}}}}}]}