{"MessageId":"6af0d215-2227-465a-b81d-719775f28f31","MessageType":"ua-data","PublisherId":"DESKTOP-BGFJS91","DataSetWriterGroup":"<<UnknownWriterGroup>>","Messages":[{"SequenceNumber":49,"MetaDataVersion":{"MajorVersion":1},"Timestamp":"2024-04-27T12:59:25.3538634Z","MessageType":"ua-event","DataSetWriterName":"<<UnknownDataSet>>","Payload":{"EventId":{"Value":{"Type":15,"Body":"KgWx/UeKzE6oxsI3edI4wA=="}},"EventType":{"Value":{"Type":18,"Body":{"IdType":1,"Id":"ReferenceChange"}}},"SourceNode":{"Value":{"Type":17,"Body":{"Id":86}}},"Time":{"Value":{"Type":13,"Body":"2024-04-27T12:59:25.3538621Z"}},"Change":{"Value":{"Type":22,"Body":{"TypeId":{"Id":15182},"Body":{"ReferenceTypeId":{"Id":35},"IsForward":true,"NodeId":{"Id":17708},"BrowseName":{"Name":"InterfaceTypes"},"DisplayName":{"Text":"InterfaceTypes"},"NodeClass":1,"TypeDefinition":{"Id":61}}}}}}}]}