{"MessageId":"4dc3c624-ce1f-48be-8bd8-e701aae1c1fb","MessageType":"ua-data","PublisherId":"DESKTOP-BGFJS91","DataSetWriterGroup":"<<UnknownWriterGroup>>","Messages":[{"SequenceNumber":494,"MetaDataVersion":{"MajorVersion":1},"Timestamp":"2024-04-27T12:59:25.771045Z","MessageType":"ua-event","DataSetWriterName":"<<UnknownDataSet>>","Payload":{"EventId":{"Value":{"Type":15,"Body":"9929locxAkC4P2bi2EOJyg=="}},"EventType":{"Value":{"Type":18,"Body":{"IdType":1,"Id":"ReferenceChange"}}},"SourceNode":{"Value":{"Type":17,"Body":{"IdType":1,"Id":"UInt32","Namespace":22}}},"Time":{"Value":{"Type":13,"Body":"2024-04-27T12:59:25.7710424Z"}},"Change":{"Value":{"Type":22,"Body":{"TypeId":{"Id":15182},"Body":{"ReferenceTypeId":{"Id":47},"IsForward":true,"NodeId":{"IdType":1,"Id":"UInt32[4]","Namespace":22},"BrowseName":{"Name":"00000004","Uri":21},"DisplayName":{"Text":"00000004"},"NodeClass":2,"TypeDefinition":{"Id":1018,"Namespace":21}}}}}}}]}