{"MessageId":"99da645e-74be-4938-b085-a3fcfe359750","MessageType":"ua-data","PublisherId":"DESKTOP-BGFJS91","DataSetWriterGroup":"<<UnknownWriterGroup>>","Messages":[{"SequenceNumber":58,"MetaDataVersion":{"MajorVersion":1},"Timestamp":"2024-04-27T12:59:25.3740453Z","MessageType":"ua-event","DataSetWriterName":"<<UnknownDataSet>>","Payload":{"EventId":{"Value":{"Type":15,"Body":"Z9VJRbVDRkmFLJ9AE/FAeg=="}},"EventType":{"Value":{"Type":18,"Body":{"IdType":1,"Id":"NodeChange"}}},"SourceNode":{"Value":{"Type":17,"Body":{"IdType":1,"Id":"Views_Operations","Namespace":8}}},"Time":{"Value":{"Type":13,"Body":"2024-04-27T12:59:25.3740433Z"}},"Change":{"Value":{"Type":22,"Body":{"TypeId":{"Id":15078},"Body":{"NodeId":{"IdType":1,"Id":"Views_Operations","Namespace":8},"NodeClass":128,"BrowseName":{"Name":"Operations","Uri":8},"DisplayName":{"Text":"Operations"},"RolePermissions":[],"UserRolePermissions":[],"References":[],"ContainsNoLoops":true}}}}}}]}