{"MessageId":"54abdd00-a21f-4f12-9844-16a4b1926423","MessageType":"ua-data","PublisherId":"DESKTOP-BGFJS91","DataSetWriterGroup":"<<UnknownWriterGroup>>","Messages":[{"SequenceNumber":6,"MetaDataVersion":{"MajorVersion":1},"Timestamp":"2024-04-27T12:59:25.2717213Z","MessageType":"ua-event","DataSetWriterName":"<<UnknownDataSet>>","Payload":{"EventId":{"Value":{"Type":15,"Body":"ZIG/GHI9/0y2zkeYIRjTvQ=="}},"EventType":{"Value":{"Type":18,"Body":{"IdType":1,"Id":"NodeChange"}}},"SourceNode":{"Value":{"Type":17,"Body":{"Id":87}}},"Time":{"Value":{"Type":13,"Body":"2024-04-27T12:59:25.2717185Z"}},"Change":{"Value":{"Type":22,"Body":{"TypeId":{"Id":15071},"Body":{"NodeId":{"Id":87},"NodeClass":1,"BrowseName":{"Name":"Views"},"DisplayName":{"Text":"Views"},"Description":{"Text":"The browse entry point when looking for views in the server address space."},"RolePermissions":[],"UserRolePermissions":[],"References":[]}}}}}}]}