{"MessageId":"213a295f-c118-4b98-9c4c-081f358e73fb","MessageType":"ua-data","PublisherId":"DESKTOP-BGFJS91","DataSetWriterGroup":"<<UnknownWriterGroup>>","Messages":[{"SequenceNumber":7,"MetaDataVersion":{"MajorVersion":1},"Timestamp":"2024-04-27T12:59:25.2733486Z","MessageType":"ua-event","DataSetWriterName":"<<UnknownDataSet>>","Payload":{"EventId":{"Value":{"Type":15,"Body":"pv6TS7DMs06JNPmvoogTnQ=="}},"EventType":{"Value":{"Type":18,"Body":{"IdType":1,"Id":"ReferenceChange"}}},"SourceNode":{"Value":{"Type":17,"Body":{"Id":85}}},"Time":{"Value":{"Type":13,"Body":"2024-04-27T12:59:25.2733461Z"}},"Change":{"Value":{"Type":22,"Body":{"TypeId":{"Id":15182},"Body":{"ReferenceTypeId":{"Id":35},"IsForward":true,"NodeId":{"Id":2253},"BrowseName":{"Name":"Server"},"DisplayName":{"Text":"Server"},"NodeClass":1,"TypeDefinition":{"Id":2004}}}}}}}]}