{"MessageId":"002c091e-272a-44e0-8a7f-3a509258ee45","MessageType":"ua-data","PublisherId":"DESKTOP-BGFJS91","DataSetWriterGroup":"<<UnknownWriterGroup>>","Messages":[{"SequenceNumber":84,"MetaDataVersion":{"MajorVersion":1},"Timestamp":"2024-04-27T12:59:25.4047285Z","MessageType":"ua-event","DataSetWriterName":"<<UnknownDataSet>>","Payload":{"EventId":{"Value":{"Type":15,"Body":"TpitEkVtYUqwIEa5ICsjsw=="}},"EventType":{"Value":{"Type":18,"Body":{"IdType":1,"Id":"NodeChange"}}},"SourceNode":{"Value":{"Type":17,"Body":{"Id":11492}}},"Time":{"Value":{"Type":13,"Body":"2024-04-27T12:59:25.4047254Z"}},"Change":{"Value":{"Type":22,"Body":{"TypeId":{"Id":15077},"Body":{"NodeId":{"Id":11492},"NodeClass":4,"BrowseName":{"Name":"GetMonitoredItems"},"DisplayName":{"Text":"GetMonitoredItems"},"RolePermissions":[],"UserRolePermissions":[],"References":[],"Executable":true,"UserExecutable":true}}}}}}]}