{"MessageId":"c53b9b53-5e2b-4492-8620-0fed4b77cccb","MessageType":"ua-data","PublisherId":"DESKTOP-BGFJS91","DataSetWriterGroup":"<<UnknownWriterGroup>>","Messages":[{"SequenceNumber":91,"MetaDataVersion":{"MajorVersion":1},"Timestamp":"2024-04-27T12:59:25.4093122Z","MessageType":"ua-event","DataSetWriterName":"<<UnknownDataSet>>","Payload":{"EventId":{"Value":{"Type":15,"Body":"Mkt5HOX5ZEC+eqqPisRgog=="}},"EventType":{"Value":{"Type":18,"Body":{"IdType":1,"Id":"ReferenceChange"}}},"SourceNode":{"Value":{"Type":17,"Body":{"Id":2253}}},"Time":{"Value":{"Type":13,"Body":"2024-04-27T12:59:25.4093109Z"}},"Change":{"Value":{"Type":22,"Body":{"TypeId":{"Id":15182},"Body":{"ReferenceTypeId":{"Id":35},"IsForward":true,"NodeId":{"Id":32530},"BrowseName":{"Name":"Quantities"},"DisplayName":{"Text":"Quantities"},"NodeClass":1,"TypeDefinition":{"Id":32502}}}}}}}]}