{"MessageId":"4f552d88-641d-48e6-9da0-0f65f912176b","MessageType":"ua-data","PublisherId":"DESKTOP-BGFJS91","DataSetWriterGroup":"<<UnknownWriterGroup>>","Messages":[{"SequenceNumber":92,"MetaDataVersion":{"MajorVersion":1},"Timestamp":"2024-04-27T12:59:25.4106463Z","MessageType":"ua-event","DataSetWriterName":"<<UnknownDataSet>>","Payload":{"EventId":{"Value":{"Type":15,"Body":"JwtxkHNXSECJoHgt+5AgeQ=="}},"EventType":{"Value":{"Type":18,"Body":{"IdType":1,"Id":"NodeChange"}}},"SourceNode":{"Value":{"Type":17,"Body":{"Id":32530}}},"Time":{"Value":{"Type":13,"Body":"2024-04-27T12:59:25.4106442Z"}},"Change":{"Value":{"Type":22,"Body":{"TypeId":{"Id":15071},"Body":{"NodeId":{"Id":32530},"NodeClass":1,"BrowseName":{"Name":"Quantities"},"DisplayName":{"Text":"Quantities"},"Description":{"Text":"This Object is the entry point to quantities and their units managed in the Server."},"RolePermissions":[],"UserRolePermissions":[],"References":[]}}}}}}]}