{"MessageId":"3b46ecb1-7b79-4e9a-ba55-9e31280c6982","MessageType":"ua-data","PublisherId":"DESKTOP-BGFJS91","DataSetWriterGroup":"<<UnknownWriterGroup>>","Messages":[{"SequenceNumber":95,"MetaDataVersion":{"MajorVersion":1},"Timestamp":"2024-04-27T12:59:25.4122829Z","MessageType":"ua-event","DataSetWriterName":"<<UnknownDataSet>>","Payload":{"EventId":{"Value":{"Type":15,"Body":"gqgQWXlqAEqYPiPQe8cmFQ=="}},"EventType":{"Value":{"Type":18,"Body":{"IdType":1,"Id":"ReferenceChange"}}},"SourceNode":{"Value":{"Type":17,"Body":{"Id":2253}}},"Time":{"Value":{"Type":13,"Body":"2024-04-27T12:59:25.4122819Z"}},"Change":{"Value":{"Type":22,"Body":{"TypeId":{"Id":15182},"Body":{"ReferenceTypeId":{"Id":35},"IsForward":true,"NodeId":{"Id":32754},"BrowseName":{"Name":"DefaultHEConfiguration"},"DisplayName":{"Text":"DefaultHEConfiguration"},"NodeClass":1,"TypeDefinition":{"Id":32621}}}}}}}]}