{"MessageId":"350864f8-33dd-43d2-bbed-ded4607d52cc","MessageType":"ua-data","PublisherId":"DESKTOP-BGFJS91","DataSetWriterGroup":"<<UnknownWriterGroup>>","Messages":[{"SequenceNumber":96,"MetaDataVersion":{"MajorVersion":1},"Timestamp":"2024-04-27T12:59:25.4134739Z","MessageType":"ua-event","DataSetWriterName":"<<UnknownDataSet>>","Payload":{"EventId":{"Value":{"Type":15,"Body":"lhrexSf9W0mKjpAkdf1mrg=="}},"EventType":{"Value":{"Type":18,"Body":{"IdType":1,"Id":"NodeChange"}}},"SourceNode":{"Value":{"Type":17,"Body":{"Id":32754}}},"Time":{"Value":{"Type":13,"Body":"2024-04-27T12:59:25.4134708Z"}},"Change":{"Value":{"Type":22,"Body":{"TypeId":{"Id":15071},"Body":{"NodeId":{"Id":32754},"NodeClass":1,"BrowseName":{"Name":"DefaultHEConfiguration"},"DisplayName":{"Text":"DefaultHEConfiguration"},"RolePermissions":[],"UserRolePermissions":[],"References":[]}}}}}}]}