{"MessageId":"fbbcd752-bc67-4dc0-8590-1ea5e75333e7","MessageType":"ua-data","PublisherId":"DESKTOP-BGFJS91","DataSetWriterGroup":"<<UnknownWriterGroup>>","Messages":[{"SequenceNumber":98,"MetaDataVersion":{"MajorVersion":1},"Timestamp":"2024-04-27T12:59:25.4151082Z","MessageType":"ua-event","DataSetWriterName":"<<UnknownDataSet>>","Payload":{"EventId":{"Value":{"Type":15,"Body":"fecHxTcuSU27I5yMUsrElw=="}},"EventType":{"Value":{"Type":18,"Body":{"IdType":1,"Id":"NodeChange"}}},"SourceNode":{"Value":{"Type":17,"Body":{"Id":14443}}},"Time":{"Value":{"Type":13,"Body":"2024-04-27T12:59:25.415106Z"}},"Change":{"Value":{"Type":22,"Body":{"TypeId":{"Id":15071},"Body":{"NodeId":{"Id":14443},"NodeClass":1,"BrowseName":{"Name":"PublishSubscribe"},"DisplayName":{"Text":"PublishSubscribe"},"RolePermissions":[],"UserRolePermissions":[],"References":[]}}}}}}]}