{"NodeId":"nsu=http://opcfoundation.org/UA/Plc/Applications;s=Special_\"!§$%&/()=?`´\\+~*'#_-:.;,<>|@^°€µ{[]}","EndpointUrl":"opc.tcp://localhost:61457/UA/SampleServer","ApplicationUri":"urn:desktop-bgfjs91:OPCFoundation:CoreSampleServer","DisplayName":"\"!§$%&/()=?`´\\+~*'#_-:.;,<>|@^°€µ{[]}","Timestamp":"2024-04-27T09:54:01.1195175Z","Value":{"Value":1,"SourceTimestamp":"2024-04-27T09:54:00.3126307Z","ServerTimestamp":"2024-04-27T09:54:00.3126318Z"},"SequenceNumber":1,"ExtensionFields":{}}