{"NodeId":"nsu=http://opcfoundation.org/UA/Plc/Applications;s=BadFastUIntScalar1","EndpointUrl":"opc.tcp://localhost:61457/UA/SampleServer","ApplicationUri":"urn:desktop-bgfjs91:OPCFoundation:CoreSampleServer","DisplayName":"BadFastUIntScalar1","Timestamp":"2024-04-27T09:54:08.1472892Z","Value":{"Value":8,"StatusCode":{"Symbol":"UncertainLastUsableValue","Code":1083179008},"SourceTimestamp":"2024-04-27T09:54:07.3142639Z","ServerTimestamp":"2024-04-27T09:54:07.3142646Z"},"SequenceNumber":136,"ExtensionFields":{}}