{"NodeId":"nsu=http://opcfoundation.org/UA/Plc/Applications;s=Special_\"!§$%&/()=?`´\\+~*'#_-:.;,<>|@^°€µ{[]}","EndpointUrl":"opc.tcp://localhost:61457/UA/SampleServer","ApplicationUri":"urn:desktop-bgfjs91:OPCFoundation:CoreSampleServer","DisplayName":"\"!§$%&/()=?`´\\+~*'#_-:.;,<>|@^°€µ{[]}","Timestamp":"2024-04-27T09:54:09.1343596Z","Value":{"Value":9,"SourceTimestamp":"2024-04-27T09:54:08.3158162Z","ServerTimestamp":"2024-04-27T09:54:08.3158195Z"},"SequenceNumber":148,"ExtensionFields":{}}