{"NodeId":"nsu=http://opcfoundation.org/UA/Plc/Applications;s=Special_\"!§$%&/()=?`´\\+~*'#_-:.;,<>|@^°€µ{[]}","EndpointUrl":"opc.tcp://localhost:61457/UA/SampleServer","ApplicationUri":"urn:desktop-bgfjs91:OPCFoundation:CoreSampleServer","DisplayName":"\"!§$%&/()=?`´\\+~*'#_-:.;,<>|@^°€µ{[]}","Timestamp":"2024-04-27T09:54:15.1341474Z","Value":{"Value":15,"SourceTimestamp":"2024-04-27T09:54:14.3220807Z","ServerTimestamp":"2024-04-27T09:54:14.3220847Z"},"SequenceNumber":258,"ExtensionFields":{}}