{"NodeId":"nsu=http://opcfoundation.org/UA/Plc/Applications;s=Special_\"!§$%&/()=?`´\\+~*'#_-:.;,<>|@^°€µ{[]}","EndpointUrl":"opc.tcp://localhost:61457/UA/SampleServer","ApplicationUri":"urn:desktop-bgfjs91:OPCFoundation:CoreSampleServer","DisplayName":"\"!§$%&/()=?`´\\+~*'#_-:.;,<>|@^°€µ{[]}","Timestamp":"2024-04-27T09:54:19.1502853Z","Value":{"Value":19,"SourceTimestamp":"2024-04-27T09:54:18.3291068Z","ServerTimestamp":"2024-04-27T09:54:18.3521087Z"},"SequenceNumber":325,"ExtensionFields":{}}