{"NodeId":"nsu=http://opcfoundation.org/UA/Plc/Applications;s=BadFastUIntScalar1","EndpointUrl":"opc.tcp://localhost:61457/UA/SampleServer","ApplicationUri":"urn:desktop-bgfjs91:OPCFoundation:CoreSampleServer","DisplayName":"BadFastUIntScalar1","Timestamp":"2024-04-27T09:54:20.1457538Z","Value":{"StatusCode":{"Symbol":"BadNoCommunication","Code":2150694912},"SourceTimestamp":"2024-04-27T09:54:19.3175267Z","ServerTimestamp":"2024-04-27T09:54:19.3175267Z"},"SequenceNumber":342,"ExtensionFields":{}}