{"NodeId":"nsu=http://opcfoundation.org/UA/Plc/Applications;s=Special_\"!§$%&/()=?`´\\+~*'#_-:.;,<>|@^°€µ{[]}","EndpointUrl":"opc.tcp://localhost:61457/UA/SampleServer","ApplicationUri":"urn:desktop-bgfjs91:OPCFoundation:CoreSampleServer","DisplayName":"\"!§$%&/()=?`´\\+~*'#_-:.;,<>|@^°€µ{[]}","Timestamp":"2024-04-27T09:54:22.1196033Z","Value":{"Value":22,"SourceTimestamp":"2024-04-27T09:54:21.3114781Z","ServerTimestamp":"2024-04-27T09:54:21.3114798Z"},"SequenceNumber":375,"ExtensionFields":{}}