{"NodeId":"nsu=http://opcfoundation.org/UA/Plc/Applications;s=Special_\"!§$%&/()=?`´\\+~*'#_-:.;,<>|@^°€µ{[]}","EndpointUrl":"opc.tcp://localhost:61457/UA/SampleServer","ApplicationUri":"urn:desktop-bgfjs91:OPCFoundation:CoreSampleServer","DisplayName":"\"!§$%&/()=?`´\\+~*'#_-:.;,<>|@^°€µ{[]}","Timestamp":"2024-04-27T09:54:24.1746032Z","Value":{"Value":24,"SourceTimestamp":"2024-04-27T09:54:23.3154018Z","ServerTimestamp":"2024-04-27T09:54:23.3154043Z"},"SequenceNumber":414,"ExtensionFields":{}}