{"NodeId":"nsu=http://opcfoundation.org/UA/Plc/Applications;s=Special_\"!§$%&/()=?`´\\+~*'#_-:.;,<>|@^°€µ{[]}","EndpointUrl":"opc.tcp://localhost:61457/UA/SampleServer","ApplicationUri":"urn:desktop-bgfjs91:OPCFoundation:CoreSampleServer","DisplayName":"\"!§$%&/()=?`´\\+~*'#_-:.;,<>|@^°€µ{[]}","Timestamp":"2024-04-27T09:54:26.152586Z","Value":{"Value":26,"SourceTimestamp":"2024-04-27T09:54:25.3109414Z","ServerTimestamp":"2024-04-27T09:54:25.3109478Z"},"SequenceNumber":456,"ExtensionFields":{}}