{"NodeId":"nsu=http://opcfoundation.org/UA/Plc/Applications;s=BadFastRandomUIntScalar1","EndpointUrl":"opc.tcp://localhost:61457/UA/SampleServer","ApplicationUri":"urn:desktop-bgfjs91:OPCFoundation:CoreSampleServer","DisplayName":"BadFastRandomUIntScalar1","Timestamp":"2024-04-27T09:54:29.1803952Z","Value":{"StatusCode":{"Symbol":"BadDataLost","Code":2157772800},"SourceTimestamp":"2024-04-27T09:54:28.3104167Z","ServerTimestamp":"2024-04-27T09:54:28.3104168Z"},"SequenceNumber":497,"ExtensionFields":{}}