{"NodeId":"nsu=http://opcfoundation.org/UA/Plc/Applications;s=Special_\"!§$%&/()=?`´\\+~*'#_-:.;,<>|@^°€µ{[]}","EndpointUrl":"opc.tcp://localhost:61457/UA/SampleServer","ApplicationUri":"urn:desktop-bgfjs91:OPCFoundation:CoreSampleServer","DisplayName":"\"!§$%&/()=?`´\\+~*'#_-:.;,<>|@^°€µ{[]}","Timestamp":"2024-04-27T09:54:03.1534404Z","Value":{"Value":3,"SourceTimestamp":"2024-04-27T09:54:02.3143273Z","ServerTimestamp":"2024-04-27T09:54:02.3143284Z"},"SequenceNumber":52,"ExtensionFields":{}}