{"NodeId":"nsu=http://opcfoundation.org/UA/Plc/Applications;s=Special_\"!§$%&/()=?`´\\+~*'#_-:.;,<>|@^°€µ{[]}","EndpointUrl":"opc.tcp://localhost:61457/UA/SampleServer","ApplicationUri":"urn:desktop-bgfjs91:OPCFoundation:CoreSampleServer","DisplayName":"\"!§$%&/()=?`´\\+~*'#_-:.;,<>|@^°€µ{[]}","Timestamp":"2024-04-27T09:54:04.135626Z","Value":{"Value":4,"SourceTimestamp":"2024-04-27T09:54:03.3205181Z","ServerTimestamp":"2024-04-27T09:54:03.3205215Z"},"SequenceNumber":72,"ExtensionFields":{}}