{"NodeId":"nsu=http://opcfoundation.org/UA/Plc/Applications;s=BadFastUIntScalar1","EndpointUrl":"opc.tcp://localhost:61457/UA/SampleServer","ApplicationUri":"urn:desktop-bgfjs91:OPCFoundation:CoreSampleServer","DisplayName":"BadFastUIntScalar1","Timestamp":"2024-04-27T09:54:04.135626Z","Value":{"Value":4,"StatusCode":{"Symbol":"UncertainLastUsableValue","Code":1083179008},"SourceTimestamp":"2024-04-27T09:54:03.3205041Z","ServerTimestamp":"2024-04-27T09:54:03.320505Z"},"SequenceNumber":74,"ExtensionFields":{}}