{"SequenceNumber":109,"MetaDataVersion":{"MajorVersion":1},"Timestamp":"2024-04-26T12:17:18.5752696Z","MessageType":"ua-deltaframe","DataSetWriterName":"<<UnknownDataSet>>","Payload":{"nsu=http://opcfoundation.org/UA/Plc/Applications;s=StepUp":{"Value":{"Type":7,"Body":1159},"SourceTimestamp":"2024-04-26T12:17:18.5272203Z","ServerTimestamp":"2024-04-26T12:17:18.5272232Z"},"nsu=http://opcfoundation.org/UA/Plc/Applications;s=AlternatingBoolean":{"Value":{"Type":1,"Body":false},"SourceTimestamp":"2024-04-26T12:17:17.7245564Z","ServerTimestamp":"2024-04-26T12:17:17.7245649Z"},"nsu=http://opcfoundation.org/UA/Plc/Applications;s=RandomSignedInt32":{"Value":{"Type":6,"Body":228851465},"SourceTimestamp":"2024-04-26T12:17:18.527246Z","ServerTimestamp":"2024-04-26T12:17:18.5272469Z"},"nsu=http://opcfoundation.org/UA/Plc/Applications;s=RandomUnsignedInt32":{"Value":{"Type":7,"Body":1284840516},"SourceTimestamp":"2024-04-26T12:17:18.5272412Z","ServerTimestamp":"2024-04-26T12:17:18.5272426Z"},"nsu=http://opcfoundation.org/UA/Plc/Applications;s=DipData":{"Value":{"Type":11,"Body":-84.432792550201498},"SourceTimestamp":"2024-04-26T12:17:18.527247Z","ServerTimestamp":"2024-04-26T12:17:18.5272496Z"},"nsu=http://opcfoundation.org/UA/Plc/Applications;s=FastUIntScalar1":{"Value":{"Type":7,"Body":115},"SourceTimestamp":"2024-04-26T12:17:17.6305061Z","ServerTimestamp":"2024-04-26T12:17:17.6305075Z"}}}