{"SequenceNumber":11,"MetaDataVersion":{"MajorVersion":1},"Timestamp":"2024-04-26T12:15:34.60558Z","MessageType":"ua-deltaframe","DataSetWriterName":"<<UnknownDataSet>>","Payload":{"nsu=http://opcfoundation.org/UA/Plc/Applications;s=StepUp":{"Value":{"Type":7,"Body":119},"SourceTimestamp":"2024-04-26T12:15:34.5267337Z","ServerTimestamp":"2024-04-26T12:15:34.5267366Z"},"nsu=http://opcfoundation.org/UA/Plc/Applications;s=RandomSignedInt32":{"Value":{"Type":6,"Body":2035773080},"SourceTimestamp":"2024-04-26T12:15:34.5267523Z","ServerTimestamp":"2024-04-26T12:15:34.5267686Z"},"nsu=http://opcfoundation.org/UA/Plc/Applications;s=RandomUnsignedInt32":{"Value":{"Type":7,"Body":1123536228},"SourceTimestamp":"2024-04-26T12:15:34.5267631Z","ServerTimestamp":"2024-04-26T12:15:34.526764Z"},"nsu=http://opcfoundation.org/UA/Plc/Applications;s=DipData":{"Value":{"Type":11,"Body":-77.051324277578942},"SourceTimestamp":"2024-04-26T12:15:34.5267637Z","ServerTimestamp":"2024-04-26T12:15:34.5267668Z"},"nsu=http://opcfoundation.org/UA/Plc/Applications;s=FastUIntScalar1":{"Value":{"Type":7,"Body":11},"SourceTimestamp":"2024-04-26T12:15:33.6309257Z","ServerTimestamp":"2024-04-26T12:15:33.6309284Z"}}}