{"SequenceNumber":112,"MetaDataVersion":{"MajorVersion":1},"Timestamp":"2024-04-26T12:17:21.5866953Z","MessageType":"ua-deltaframe","DataSetWriterName":"<<UnknownDataSet>>","Payload":{"nsu=http://opcfoundation.org/UA/Plc/Applications;s=StepUp":{"Value":{"Type":7,"Body":1189},"SourceTimestamp":"2024-04-26T12:17:21.5231294Z","ServerTimestamp":"2024-04-26T12:17:21.5231321Z"},"nsu=http://opcfoundation.org/UA/Plc/Applications;s=RandomSignedInt32":{"Value":{"Type":6,"Body":-1804782383},"SourceTimestamp":"2024-04-26T12:17:21.5231488Z","ServerTimestamp":"2024-04-26T12:17:21.5231506Z"},"nsu=http://opcfoundation.org/UA/Plc/Applications;s=RandomUnsignedInt32":{"Value":{"Type":7,"Body":1739733035},"SourceTimestamp":"2024-04-26T12:17:21.5231487Z","ServerTimestamp":"2024-04-26T12:17:21.5231532Z"},"nsu=http://opcfoundation.org/UA/Plc/Applications;s=DipData":{"Value":{"Type":11,"Body":99.80267284282715},"SourceTimestamp":"2024-04-26T12:17:21.4290018Z","ServerTimestamp":"2024-04-26T12:17:21.4290049Z"},"nsu=http://opcfoundation.org/UA/Plc/Applications;s=FastUIntScalar1":{"Value":{"Type":7,"Body":118},"SourceTimestamp":"2024-04-26T12:17:20.6278953Z","ServerTimestamp":"2024-04-26T12:17:20.627898Z"}}}