{"SequenceNumber":14,"MetaDataVersion":{"MajorVersion":1},"Timestamp":"2024-04-26T12:15:37.6164699Z","MessageType":"ua-deltaframe","DataSetWriterName":"<<UnknownDataSet>>","Payload":{"nsu=http://opcfoundation.org/UA/Plc/Applications;s=StepUp":{"Value":{"Type":7,"Body":149},"SourceTimestamp":"2024-04-26T12:15:37.5220259Z","ServerTimestamp":"2024-04-26T12:15:37.5220292Z"},"nsu=http://opcfoundation.org/UA/Plc/Applications;s=RandomSignedInt32":{"Value":{"Type":6,"Body":-1161935238},"SourceTimestamp":"2024-04-26T12:15:37.522047Z","ServerTimestamp":"2024-04-26T12:15:37.5220598Z"},"nsu=http://opcfoundation.org/UA/Plc/Applications;s=RandomUnsignedInt32":{"Value":{"Type":7,"Body":734355970},"SourceTimestamp":"2024-04-26T12:15:37.5220468Z","ServerTimestamp":"2024-04-26T12:15:37.5220548Z"},"nsu=http://opcfoundation.org/UA/Plc/Applications;s=DipData":{"Value":{"Type":11,"Body":24.868988716485479},"SourceTimestamp":"2024-04-26T12:15:37.522053Z","ServerTimestamp":"2024-04-26T12:15:37.522056Z"},"nsu=http://opcfoundation.org/UA/Plc/Applications;s=FastUIntScalar1":{"Value":{"Type":7,"Body":14},"SourceTimestamp":"2024-04-26T12:15:36.6272998Z","ServerTimestamp":"2024-04-26T12:15:36.6273021Z"}}}