{"SequenceNumber":16,"MetaDataVersion":{"MajorVersion":1},"Timestamp":"2024-04-26T12:15:39.5641709Z","MessageType":"ua-deltaframe","DataSetWriterName":"<<UnknownDataSet>>","Payload":{"nsu=http://opcfoundation.org/UA/Plc/Applications;s=StepUp":{"Value":{"Type":7,"Body":169},"SourceTimestamp":"2024-04-26T12:15:39.5326049Z","ServerTimestamp":"2024-04-26T12:15:39.5326369Z"},"nsu=http://opcfoundation.org/UA/Plc/Applications;s=RandomSignedInt32":{"Value":{"Type":6,"Body":-984149511},"SourceTimestamp":"2024-04-26T12:15:39.5326215Z","ServerTimestamp":"2024-04-26T12:15:39.5326223Z"},"nsu=http://opcfoundation.org/UA/Plc/Applications;s=RandomUnsignedInt32":{"Value":{"Type":7,"Body":1554554197},"SourceTimestamp":"2024-04-26T12:15:39.5326267Z","ServerTimestamp":"2024-04-26T12:15:39.5326274Z"},"nsu=http://opcfoundation.org/UA/Plc/Applications;s=DipData":{"Value":{"Type":11,"Body":-77.051324277578942},"SourceTimestamp":"2024-04-26T12:15:39.5326303Z","ServerTimestamp":"2024-04-26T12:15:39.5326343Z"},"nsu=http://opcfoundation.org/UA/Plc/Applications;s=FastUIntScalar1":{"Value":{"Type":7,"Body":16},"SourceTimestamp":"2024-04-26T12:15:38.6218765Z","ServerTimestamp":"2024-04-26T12:15:38.6218857Z"}}}