{"SequenceNumber":23,"MetaDataVersion":{"MajorVersion":1},"Timestamp":"2024-04-26T12:15:46.5933586Z","MessageType":"ua-deltaframe","DataSetWriterName":"<<UnknownDataSet>>","Payload":{"nsu=http://opcfoundation.org/UA/Plc/Applications;s=StepUp":{"Value":{"Type":7,"Body":239},"SourceTimestamp":"2024-04-26T12:15:46.5301673Z","ServerTimestamp":"2024-04-26T12:15:46.5301705Z"},"nsu=http://opcfoundation.org/UA/Plc/Applications;s=RandomSignedInt32":{"Value":{"Type":6,"Body":1494699865},"SourceTimestamp":"2024-04-26T12:15:46.5301842Z","ServerTimestamp":"2024-04-26T12:15:46.5301849Z"},"nsu=http://opcfoundation.org/UA/Plc/Applications;s=RandomUnsignedInt32":{"Value":{"Type":7,"Body":112530752},"SourceTimestamp":"2024-04-26T12:15:46.5301888Z","ServerTimestamp":"2024-04-26T12:15:46.5302017Z"},"nsu=http://opcfoundation.org/UA/Plc/Applications;s=DipData":{"Value":{"Type":11,"Body":99.80267284282715},"SourceTimestamp":"2024-04-26T12:15:46.4354604Z","ServerTimestamp":"2024-04-26T12:15:46.4354638Z"},"nsu=http://opcfoundation.org/UA/Plc/Applications;s=FastUIntScalar1":{"Value":{"Type":7,"Body":23},"SourceTimestamp":"2024-04-26T12:15:45.6325394Z","ServerTimestamp":"2024-04-26T12:15:45.6325418Z"}}}