{"SequenceNumber":29,"MetaDataVersion":{"MajorVersion":1},"Timestamp":"2024-04-26T12:15:52.5812218Z","MessageType":"ua-deltaframe","DataSetWriterName":"<<UnknownDataSet>>","Payload":{"nsu=http://opcfoundation.org/UA/Plc/Applications;s=StepUp":{"Value":{"Type":7,"Body":299},"SourceTimestamp":"2024-04-26T12:15:52.5340424Z","ServerTimestamp":"2024-04-26T12:15:52.5340451Z"},"nsu=http://opcfoundation.org/UA/Plc/Applications;s=RandomSignedInt32":{"Value":{"Type":6,"Body":-1631149822},"SourceTimestamp":"2024-04-26T12:15:52.5340617Z","ServerTimestamp":"2024-04-26T12:15:52.5340811Z"},"nsu=http://opcfoundation.org/UA/Plc/Applications;s=RandomUnsignedInt32":{"Value":{"Type":7,"Body":1946077632},"SourceTimestamp":"2024-04-26T12:15:52.5340759Z","ServerTimestamp":"2024-04-26T12:15:52.5340775Z"},"nsu=http://opcfoundation.org/UA/Plc/Applications;s=DipData":{"Value":{"Type":11,"Body":24.868988716485479},"SourceTimestamp":"2024-04-26T12:15:52.5340724Z","ServerTimestamp":"2024-04-26T12:15:52.5340732Z"},"nsu=http://opcfoundation.org/UA/Plc/Applications;s=FastUIntScalar1":{"Value":{"Type":7,"Body":29},"SourceTimestamp":"2024-04-26T12:15:51.6273797Z","ServerTimestamp":"2024-04-26T12:15:51.6273834Z"}}}