{"SequenceNumber":36,"MetaDataVersion":{"MajorVersion":1},"Timestamp":"2024-04-26T12:15:59.5643327Z","MessageType":"ua-deltaframe","DataSetWriterName":"<<UnknownDataSet>>","Payload":{"nsu=http://opcfoundation.org/UA/Plc/Applications;s=StepUp":{"Value":{"Type":7,"Body":369},"SourceTimestamp":"2024-04-26T12:15:59.5321625Z","ServerTimestamp":"2024-04-26T12:15:59.5321654Z"},"nsu=http://opcfoundation.org/UA/Plc/Applications;s=RandomSignedInt32":{"Value":{"Type":6,"Body":295909689},"SourceTimestamp":"2024-04-26T12:15:59.5321815Z","ServerTimestamp":"2024-04-26T12:15:59.5321884Z"},"nsu=http://opcfoundation.org/UA/Plc/Applications;s=RandomUnsignedInt32":{"Value":{"Type":7,"Body":136040839},"SourceTimestamp":"2024-04-26T12:15:59.5322007Z","ServerTimestamp":"2024-04-26T12:15:59.5322026Z"},"nsu=http://opcfoundation.org/UA/Plc/Applications;s=DipData":{"Value":{"Type":11,"Body":-77.051324277578942},"SourceTimestamp":"2024-04-26T12:15:59.5321934Z","ServerTimestamp":"2024-04-26T12:15:59.5321997Z"},"nsu=http://opcfoundation.org/UA/Plc/Applications;s=FastUIntScalar1":{"Value":{"Type":7,"Body":36},"SourceTimestamp":"2024-04-26T12:15:58.6359689Z","ServerTimestamp":"2024-04-26T12:15:58.6359723Z"}}}