{"SequenceNumber":41,"MetaDataVersion":{"MajorVersion":1},"Timestamp":"2024-04-26T12:16:05.5817243Z","MessageType":"ua-deltaframe","DataSetWriterName":"<<UnknownDataSet>>","Payload":{"nsu=http://opcfoundation.org/UA/Plc/Applications;s=StepUp":{"Value":{"Type":7,"Body":429},"SourceTimestamp":"2024-04-26T12:16:05.5341094Z","ServerTimestamp":"2024-04-26T12:16:05.5341129Z"},"nsu=http://opcfoundation.org/UA/Plc/Applications;s=RandomSignedInt32":{"Value":{"Type":6,"Body":-837122798},"SourceTimestamp":"2024-04-26T12:16:05.5341318Z","ServerTimestamp":"2024-04-26T12:16:05.5341327Z"},"nsu=http://opcfoundation.org/UA/Plc/Applications;s=RandomUnsignedInt32":{"Value":{"Type":7,"Body":1219505406},"SourceTimestamp":"2024-04-26T12:16:05.5341352Z","ServerTimestamp":"2024-04-26T12:16:05.5341362Z"},"nsu=http://opcfoundation.org/UA/Plc/Applications;s=DipData":{"Value":{"Type":11,"Body":-1000},"SourceTimestamp":"2024-04-26T12:16:05.5341393Z","ServerTimestamp":"2024-04-26T12:16:05.5341434Z"},"nsu=http://opcfoundation.org/UA/Plc/Applications;s=FastUIntScalar1":{"Value":{"Type":7,"Body":42},"SourceTimestamp":"2024-04-26T12:16:04.6205446Z","ServerTimestamp":"2024-04-26T12:16:04.620547Z"}}}