{"SequenceNumber":48,"MetaDataVersion":{"MajorVersion":1},"Timestamp":"2024-04-26T12:16:12.5988084Z","MessageType":"ua-deltaframe","DataSetWriterName":"<<UnknownDataSet>>","Payload":{"nsu=http://opcfoundation.org/UA/Plc/Applications;s=StepUp":{"Value":{"Type":7,"Body":499},"SourceTimestamp":"2024-04-26T12:16:12.5352537Z","ServerTimestamp":"2024-04-26T12:16:12.5352572Z"},"nsu=http://opcfoundation.org/UA/Plc/Applications;s=RandomSignedInt32":{"Value":{"Type":6,"Body":2026181395},"SourceTimestamp":"2024-04-26T12:16:12.5352772Z","ServerTimestamp":"2024-04-26T12:16:12.5352805Z"},"nsu=http://opcfoundation.org/UA/Plc/Applications;s=RandomUnsignedInt32":{"Value":{"Type":7,"Body":1275358655},"SourceTimestamp":"2024-04-26T12:16:12.53528Z","ServerTimestamp":"2024-04-26T12:16:12.5352831Z"},"nsu=http://opcfoundation.org/UA/Plc/Applications;s=DipData":{"Value":{"Type":11,"Body":-1000},"SourceTimestamp":"2024-04-26T12:16:12.5352834Z","ServerTimestamp":"2024-04-26T12:16:12.5352855Z"},"nsu=http://opcfoundation.org/UA/Plc/Applications;s=FastUIntScalar1":{"Value":{"Type":7,"Body":49},"SourceTimestamp":"2024-04-26T12:16:11.621588Z","ServerTimestamp":"2024-04-26T12:16:11.6215912Z"}}}