{"SequenceNumber":5,"MetaDataVersion":{"MajorVersion":1},"Timestamp":"2024-04-26T12:15:28.5725025Z","MessageType":"ua-deltaframe","DataSetWriterName":"<<UnknownDataSet>>","Payload":{"nsu=http://opcfoundation.org/UA/Plc/Applications;s=StepUp":{"Value":{"Type":7,"Body":59},"SourceTimestamp":"2024-04-26T12:15:28.5247683Z","ServerTimestamp":"2024-04-26T12:15:28.5247715Z"},"nsu=http://opcfoundation.org/UA/Plc/Applications;s=AlternatingBoolean":{"Value":{"Type":1,"Body":false},"SourceTimestamp":"2024-04-26T12:15:27.7228652Z","ServerTimestamp":"2024-04-26T12:15:27.7229235Z"},"nsu=http://opcfoundation.org/UA/Plc/Applications;s=RandomSignedInt32":{"Value":{"Type":6,"Body":1526412413},"SourceTimestamp":"2024-04-26T12:15:28.5247914Z","ServerTimestamp":"2024-04-26T12:15:28.5247934Z"},"nsu=http://opcfoundation.org/UA/Plc/Applications;s=RandomUnsignedInt32":{"Value":{"Type":7,"Body":1983240610},"SourceTimestamp":"2024-04-26T12:15:28.5247914Z","ServerTimestamp":"2024-04-26T12:15:28.5247919Z"},"nsu=http://opcfoundation.org/UA/Plc/Applications;s=DipData":{"Value":{"Type":11,"Body":-84.432792550201498},"SourceTimestamp":"2024-04-26T12:15:28.5247942Z","ServerTimestamp":"2024-04-26T12:15:28.5247962Z"},"nsu=http://opcfoundation.org/UA/Plc/Applications;s=FastUIntScalar1":{"Value":{"Type":7,"Body":5},"SourceTimestamp":"2024-04-26T12:15:27.6287867Z","ServerTimestamp":"2024-04-26T12:15:27.6287897Z"}}}