{"SequenceNumber":51,"MetaDataVersion":{"MajorVersion":1},"Timestamp":"2024-04-26T12:16:15.6143094Z","MessageType":"ua-deltaframe","DataSetWriterName":"<<UnknownDataSet>>","Payload":{"nsu=http://opcfoundation.org/UA/Plc/Applications;s=StepUp":{"Value":{"Type":7,"Body":529},"SourceTimestamp":"2024-04-26T12:16:15.5353685Z","ServerTimestamp":"2024-04-26T12:16:15.535372Z"},"nsu=http://opcfoundation.org/UA/Plc/Applications;s=RandomSignedInt32":{"Value":{"Type":6,"Body":281128567},"SourceTimestamp":"2024-04-26T12:16:15.535386Z","ServerTimestamp":"2024-04-26T12:16:15.5353951Z"},"nsu=http://opcfoundation.org/UA/Plc/Applications;s=RandomUnsignedInt32":{"Value":{"Type":7,"Body":1622950589},"SourceTimestamp":"2024-04-26T12:16:15.5353929Z","ServerTimestamp":"2024-04-26T12:16:15.5354016Z"},"nsu=http://opcfoundation.org/UA/Plc/Applications;s=DipData":{"Value":{"Type":11,"Body":36.812455268467772},"SourceTimestamp":"2024-04-26T12:16:15.5354031Z","ServerTimestamp":"2024-04-26T12:16:15.5354042Z"},"nsu=http://opcfoundation.org/UA/Plc/Applications;s=FastUIntScalar1":{"Value":{"Type":7,"Body":52},"SourceTimestamp":"2024-04-26T12:16:14.6250147Z","ServerTimestamp":"2024-04-26T12:16:14.6250179Z"}}}