{"SequenceNumber":53,"MetaDataVersion":{"MajorVersion":1},"Timestamp":"2024-04-26T12:16:17.6126Z","MessageType":"ua-deltaframe","DataSetWriterName":"<<UnknownDataSet>>","Payload":{"nsu=http://opcfoundation.org/UA/Plc/Applications;s=StepUp":{"Value":{"Type":7,"Body":549},"SourceTimestamp":"2024-04-26T12:16:17.5336434Z","ServerTimestamp":"2024-04-26T12:16:17.5336466Z"},"nsu=http://opcfoundation.org/UA/Plc/Applications;s=RandomSignedInt32":{"Value":{"Type":6,"Body":279661751},"SourceTimestamp":"2024-04-26T12:16:17.5336613Z","ServerTimestamp":"2024-04-26T12:16:17.533668Z"},"nsu=http://opcfoundation.org/UA/Plc/Applications;s=RandomUnsignedInt32":{"Value":{"Type":7,"Body":294423463},"SourceTimestamp":"2024-04-26T12:16:17.5336586Z","ServerTimestamp":"2024-04-26T12:16:17.533692Z"},"nsu=http://opcfoundation.org/UA/Plc/Applications;s=DipData":{"Value":{"Type":11,"Body":24.868988716485479},"SourceTimestamp":"2024-04-26T12:16:17.5336766Z","ServerTimestamp":"2024-04-26T12:16:17.5336784Z"},"nsu=http://opcfoundation.org/UA/Plc/Applications;s=FastUIntScalar1":{"Value":{"Type":7,"Body":54},"SourceTimestamp":"2024-04-26T12:16:16.6233997Z","ServerTimestamp":"2024-04-26T12:16:16.6234033Z"}}}