{"SequenceNumber":61,"MetaDataVersion":{"MajorVersion":1},"Timestamp":"2024-04-26T12:16:26.592783Z","MessageType":"ua-deltaframe","DataSetWriterName":"<<UnknownDataSet>>","Payload":{"nsu=http://opcfoundation.org/UA/Plc/Applications;s=StepUp":{"Value":{"Type":7,"Body":639},"SourceTimestamp":"2024-04-26T12:16:26.5295682Z","ServerTimestamp":"2024-04-26T12:16:26.5295711Z"},"nsu=http://opcfoundation.org/UA/Plc/Applications;s=RandomSignedInt32":{"Value":{"Type":6,"Body":-1240764665},"SourceTimestamp":"2024-04-26T12:16:26.5295876Z","ServerTimestamp":"2024-04-26T12:16:26.5295912Z"},"nsu=http://opcfoundation.org/UA/Plc/Applications;s=RandomUnsignedInt32":{"Value":{"Type":7,"Body":1410421210},"SourceTimestamp":"2024-04-26T12:16:26.5295985Z","ServerTimestamp":"2024-04-26T12:16:26.5296024Z"},"nsu=http://opcfoundation.org/UA/Plc/Applications;s=DipData":{"Value":{"Type":11,"Body":99.80267284282715},"SourceTimestamp":"2024-04-26T12:16:26.4360872Z","ServerTimestamp":"2024-04-26T12:16:26.4360877Z"},"nsu=http://opcfoundation.org/UA/Plc/Applications;s=FastUIntScalar1":{"Value":{"Type":7,"Body":63},"SourceTimestamp":"2024-04-26T12:16:25.6223696Z","ServerTimestamp":"2024-04-26T12:16:25.6223726Z"}}}