{"SequenceNumber":63,"MetaDataVersion":{"MajorVersion":1},"Timestamp":"2024-04-26T12:16:28.6016293Z","MessageType":"ua-deltaframe","DataSetWriterName":"<<UnknownDataSet>>","Payload":{"nsu=http://opcfoundation.org/UA/Plc/Applications;s=StepUp":{"Value":{"Type":7,"Body":659},"SourceTimestamp":"2024-04-26T12:16:28.5226755Z","ServerTimestamp":"2024-04-26T12:16:28.5226792Z"},"nsu=http://opcfoundation.org/UA/Plc/Applications;s=AlternatingBoolean":{"Value":{"Type":1,"Body":false},"SourceTimestamp":"2024-04-26T12:16:27.7215144Z","ServerTimestamp":"2024-04-26T12:16:27.7215217Z"},"nsu=http://opcfoundation.org/UA/Plc/Applications;s=RandomSignedInt32":{"Value":{"Type":6,"Body":-1192598720},"SourceTimestamp":"2024-04-26T12:16:28.5226982Z","ServerTimestamp":"2024-04-26T12:16:28.5226991Z"},"nsu=http://opcfoundation.org/UA/Plc/Applications;s=RandomUnsignedInt32":{"Value":{"Type":7,"Body":1205474261},"SourceTimestamp":"2024-04-26T12:16:28.5227077Z","ServerTimestamp":"2024-04-26T12:16:28.5227102Z"},"nsu=http://opcfoundation.org/UA/Plc/Applications;s=DipData":{"Value":{"Type":11,"Body":-84.432792550201498},"SourceTimestamp":"2024-04-26T12:16:28.5227101Z","ServerTimestamp":"2024-04-26T12:16:28.5227177Z"},"nsu=http://opcfoundation.org/UA/Plc/Applications;s=FastUIntScalar1":{"Value":{"Type":7,"Body":65},"SourceTimestamp":"2024-04-26T12:16:27.6276453Z","ServerTimestamp":"2024-04-26T12:16:27.6276623Z"}}}