{"SequenceNumber":68,"MetaDataVersion":{"MajorVersion":1},"Timestamp":"2024-04-26T12:16:34.5688366Z","MessageType":"ua-deltaframe","DataSetWriterName":"<<UnknownDataSet>>","Payload":{"nsu=http://opcfoundation.org/UA/Plc/Applications;s=StepUp":{"Value":{"Type":7,"Body":719},"SourceTimestamp":"2024-04-26T12:16:34.5216178Z","ServerTimestamp":"2024-04-26T12:16:34.5216281Z"},"nsu=http://opcfoundation.org/UA/Plc/Applications;s=RandomSignedInt32":{"Value":{"Type":6,"Body":997231875},"SourceTimestamp":"2024-04-26T12:16:34.5216447Z","ServerTimestamp":"2024-04-26T12:16:34.5216455Z"},"nsu=http://opcfoundation.org/UA/Plc/Applications;s=RandomUnsignedInt32":{"Value":{"Type":7,"Body":2108455468},"SourceTimestamp":"2024-04-26T12:16:34.5216472Z","ServerTimestamp":"2024-04-26T12:16:34.5216479Z"},"nsu=http://opcfoundation.org/UA/Plc/Applications;s=DipData":{"Value":{"Type":11,"Body":-77.051324277578942},"SourceTimestamp":"2024-04-26T12:16:34.52165Z","ServerTimestamp":"2024-04-26T12:16:34.5216507Z"},"nsu=http://opcfoundation.org/UA/Plc/Applications;s=FastUIntScalar1":{"Value":{"Type":7,"Body":71},"SourceTimestamp":"2024-04-26T12:16:33.6264873Z","ServerTimestamp":"2024-04-26T12:16:33.6264899Z"}}}