{"SequenceNumber":69,"MetaDataVersion":{"MajorVersion":1},"Timestamp":"2024-04-26T12:16:35.5684515Z","MessageType":"ua-deltaframe","DataSetWriterName":"<<UnknownDataSet>>","Payload":{"nsu=http://opcfoundation.org/UA/Plc/Applications;s=StepUp":{"Value":{"Type":7,"Body":729},"SourceTimestamp":"2024-04-26T12:16:35.5213471Z","ServerTimestamp":"2024-04-26T12:16:35.5213493Z"},"nsu=http://opcfoundation.org/UA/Plc/Applications;s=RandomSignedInt32":{"Value":{"Type":6,"Body":-2020315540},"SourceTimestamp":"2024-04-26T12:16:35.5213612Z","ServerTimestamp":"2024-04-26T12:16:35.5213687Z"},"nsu=http://opcfoundation.org/UA/Plc/Applications;s=RandomUnsignedInt32":{"Value":{"Type":7,"Body":1988598136},"SourceTimestamp":"2024-04-26T12:16:35.5213649Z","ServerTimestamp":"2024-04-26T12:16:35.5213664Z"},"nsu=http://opcfoundation.org/UA/Plc/Applications;s=DipData":{"Value":{"Type":11,"Body":36.812455268467772},"SourceTimestamp":"2024-04-26T12:16:35.5213606Z","ServerTimestamp":"2024-04-26T12:16:35.5213619Z"},"nsu=http://opcfoundation.org/UA/Plc/Applications;s=FastUIntScalar1":{"Value":{"Type":7,"Body":72},"SourceTimestamp":"2024-04-26T12:16:34.6211783Z","ServerTimestamp":"2024-04-26T12:16:34.6211814Z"}}}