{"SequenceNumber":85,"MetaDataVersion":{"MajorVersion":1},"Timestamp":"2024-04-26T12:16:51.5750531Z","MessageType":"ua-deltaframe","DataSetWriterName":"<<UnknownDataSet>>","Payload":{"nsu=http://opcfoundation.org/UA/Plc/Applications;s=StepUp":{"Value":{"Type":7,"Body":889},"SourceTimestamp":"2024-04-26T12:16:51.5271583Z","ServerTimestamp":"2024-04-26T12:16:51.5271614Z"},"nsu=http://opcfoundation.org/UA/Plc/Applications;s=RandomSignedInt32":{"Value":{"Type":6,"Body":-1057174673},"SourceTimestamp":"2024-04-26T12:16:51.5271821Z","ServerTimestamp":"2024-04-26T12:16:51.527244Z"},"nsu=http://opcfoundation.org/UA/Plc/Applications;s=RandomUnsignedInt32":{"Value":{"Type":7,"Body":660495087},"SourceTimestamp":"2024-04-26T12:16:51.5271874Z","ServerTimestamp":"2024-04-26T12:16:51.5272545Z"},"nsu=http://opcfoundation.org/UA/Plc/Applications;s=DipData":{"Value":{"Type":11,"Body":99.80267284282715},"SourceTimestamp":"2024-04-26T12:16:51.4335362Z","ServerTimestamp":"2024-04-26T12:16:51.4335371Z"},"nsu=http://opcfoundation.org/UA/Plc/Applications;s=FastUIntScalar1":{"Value":{"Type":7,"Body":88},"SourceTimestamp":"2024-04-26T12:16:50.6309387Z","ServerTimestamp":"2024-04-26T12:16:50.6309487Z"}}}