{"SequenceNumber":86,"MetaDataVersion":{"MajorVersion":1},"Timestamp":"2024-04-26T12:16:52.5742448Z","MessageType":"ua-deltaframe","DataSetWriterName":"<<UnknownDataSet>>","Payload":{"nsu=http://opcfoundation.org/UA/Plc/Applications;s=StepUp":{"Value":{"Type":7,"Body":899},"SourceTimestamp":"2024-04-26T12:16:52.5269508Z","ServerTimestamp":"2024-04-26T12:16:52.5269568Z"},"nsu=http://opcfoundation.org/UA/Plc/Applications;s=RandomSignedInt32":{"Value":{"Type":6,"Body":170437033},"SourceTimestamp":"2024-04-26T12:16:52.5269688Z","ServerTimestamp":"2024-04-26T12:16:52.5269704Z"},"nsu=http://opcfoundation.org/UA/Plc/Applications;s=RandomUnsignedInt32":{"Value":{"Type":7,"Body":985023426},"SourceTimestamp":"2024-04-26T12:16:52.5269723Z","ServerTimestamp":"2024-04-26T12:16:52.5269747Z"},"nsu=http://opcfoundation.org/UA/Plc/Applications;s=DipData":{"Value":{"Type":11,"Body":24.868988716485479},"SourceTimestamp":"2024-04-26T12:16:52.5269764Z","ServerTimestamp":"2024-04-26T12:16:52.5269794Z"},"nsu=http://opcfoundation.org/UA/Plc/Applications;s=FastUIntScalar1":{"Value":{"Type":7,"Body":89},"SourceTimestamp":"2024-04-26T12:16:51.621785Z","ServerTimestamp":"2024-04-26T12:16:51.6217881Z"}}}