{"SequenceNumber":9,"MetaDataVersion":{"MajorVersion":1},"Timestamp":"2024-04-26T12:15:32.5938497Z","MessageType":"ua-deltaframe","DataSetWriterName":"<<UnknownDataSet>>","Payload":{"nsu=http://opcfoundation.org/UA/Plc/Applications;s=StepUp":{"Value":{"Type":7,"Body":99},"SourceTimestamp":"2024-04-26T12:15:32.5305374Z","ServerTimestamp":"2024-04-26T12:15:32.5305401Z"},"nsu=http://opcfoundation.org/UA/Plc/Applications;s=RandomSignedInt32":{"Value":{"Type":6,"Body":-278484417},"SourceTimestamp":"2024-04-26T12:15:32.5305604Z","ServerTimestamp":"2024-04-26T12:15:32.5305628Z"},"nsu=http://opcfoundation.org/UA/Plc/Applications;s=RandomUnsignedInt32":{"Value":{"Type":7,"Body":845671324},"SourceTimestamp":"2024-04-26T12:15:32.5305585Z","ServerTimestamp":"2024-04-26T12:15:32.5305613Z"},"nsu=http://opcfoundation.org/UA/Plc/Applications;s=DipData":{"Value":{"Type":11,"Body":24.868988716485479},"SourceTimestamp":"2024-04-26T12:15:32.5305687Z","ServerTimestamp":"2024-04-26T12:15:32.5305693Z"},"nsu=http://opcfoundation.org/UA/Plc/Applications;s=FastUIntScalar1":{"Value":{"Type":7,"Body":9},"SourceTimestamp":"2024-04-26T12:15:31.6349078Z","ServerTimestamp":"2024-04-26T12:15:31.6349108Z"}}}