{"SequenceNumber":90,"MetaDataVersion":{"MajorVersion":1},"Timestamp":"2024-04-26T12:16:56.5798396Z","MessageType":"ua-deltaframe","DataSetWriterName":"<<UnknownDataSet>>","Payload":{"nsu=http://opcfoundation.org/UA/Plc/Applications;s=StepUp":{"Value":{"Type":7,"Body":939},"SourceTimestamp":"2024-04-26T12:16:56.5326615Z","ServerTimestamp":"2024-04-26T12:16:56.5326653Z"},"nsu=http://opcfoundation.org/UA/Plc/Applications;s=RandomSignedInt32":{"Value":{"Type":6,"Body":1817208779},"SourceTimestamp":"2024-04-26T12:16:56.5326961Z","ServerTimestamp":"2024-04-26T12:16:56.5326975Z"},"nsu=http://opcfoundation.org/UA/Plc/Applications;s=RandomUnsignedInt32":{"Value":{"Type":7,"Body":1136936022},"SourceTimestamp":"2024-04-26T12:16:56.5326841Z","ServerTimestamp":"2024-04-26T12:16:56.5326872Z"},"nsu=http://opcfoundation.org/UA/Plc/Applications;s=DipData":{"Value":{"Type":11,"Body":99.80267284282715},"SourceTimestamp":"2024-04-26T12:16:56.5326911Z","ServerTimestamp":"2024-04-26T12:16:56.5326917Z"},"nsu=http://opcfoundation.org/UA/Plc/Applications;s=FastUIntScalar1":{"Value":{"Type":7,"Body":93},"SourceTimestamp":"2024-04-26T12:16:55.6217092Z","ServerTimestamp":"2024-04-26T12:16:55.6217113Z"}}}