{"SequenceNumber":91,"MetaDataVersion":{"MajorVersion":1},"Timestamp":"2024-04-26T12:16:57.5870899Z","MessageType":"ua-deltaframe","DataSetWriterName":"<<UnknownDataSet>>","Payload":{"nsu=http://opcfoundation.org/UA/Plc/Applications;s=StepUp":{"Value":{"Type":7,"Body":949},"SourceTimestamp":"2024-04-26T12:16:57.5237317Z","ServerTimestamp":"2024-04-26T12:16:57.5237346Z"},"nsu=http://opcfoundation.org/UA/Plc/Applications;s=RandomSignedInt32":{"Value":{"Type":6,"Body":-765537872},"SourceTimestamp":"2024-04-26T12:16:57.5237446Z","ServerTimestamp":"2024-04-26T12:16:57.5237492Z"},"nsu=http://opcfoundation.org/UA/Plc/Applications;s=RandomUnsignedInt32":{"Value":{"Type":7,"Body":433103381},"SourceTimestamp":"2024-04-26T12:16:57.5237444Z","ServerTimestamp":"2024-04-26T12:16:57.5237737Z"},"nsu=http://opcfoundation.org/UA/Plc/Applications;s=DipData":{"Value":{"Type":11,"Body":24.868988716485479},"SourceTimestamp":"2024-04-26T12:16:57.5237553Z","ServerTimestamp":"2024-04-26T12:16:57.5237617Z"},"nsu=http://opcfoundation.org/UA/Plc/Applications;s=FastUIntScalar1":{"Value":{"Type":7,"Body":94},"SourceTimestamp":"2024-04-26T12:16:56.6268165Z","ServerTimestamp":"2024-04-26T12:16:56.6268197Z"}}}