{"SequenceNumber":97,"MetaDataVersion":{"MajorVersion":1},"Timestamp":"2024-04-26T12:17:04.5920641Z","MessageType":"ua-deltaframe","DataSetWriterName":"<<UnknownDataSet>>","Payload":{"nsu=http://opcfoundation.org/UA/Plc/Applications;s=StepUp":{"Value":{"Type":7,"Body":1019},"SourceTimestamp":"2024-04-26T12:17:04.5272345Z","ServerTimestamp":"2024-04-26T12:17:04.5272374Z"},"nsu=http://opcfoundation.org/UA/Plc/Applications;s=RandomSignedInt32":{"Value":{"Type":6,"Body":288904373},"SourceTimestamp":"2024-04-26T12:17:04.5272531Z","ServerTimestamp":"2024-04-26T12:17:04.5272557Z"},"nsu=http://opcfoundation.org/UA/Plc/Applications;s=RandomUnsignedInt32":{"Value":{"Type":7,"Body":1595442111},"SourceTimestamp":"2024-04-26T12:17:04.5272582Z","ServerTimestamp":"2024-04-26T12:17:04.5272633Z"},"nsu=http://opcfoundation.org/UA/Plc/Applications;s=DipData":{"Value":{"Type":11,"Body":-77.051324277578942},"SourceTimestamp":"2024-04-26T12:17:04.5272701Z","ServerTimestamp":"2024-04-26T12:17:04.5272725Z"},"nsu=http://opcfoundation.org/UA/Plc/Applications;s=FastUIntScalar1":{"Value":{"Type":7,"Body":101},"SourceTimestamp":"2024-04-26T12:17:03.6248055Z","ServerTimestamp":"2024-04-26T12:17:03.6248086Z"}}}