{"MessageId":"d36e9a3a-d201-4266-a5b5-1cb9def5dc8d","MessageType":"ua-data","PublisherId":"DESKTOP-BGFJS91","DataSetWriterGroup":"<<UnknownWriterGroup>>","Messages":[{"DataSetWriterId":1,"SequenceNumber":10,"MetaDataVersion":{"MajorVersion":1},"Timestamp":"2024-04-27T11:48:10.0084563Z","MessageType":"ua-deltaframe","DataSetWriterName":"<<UnknownDataSet>>","Payload":{"nsu=http://opcfoundation.org/UA/Plc/Applications;s=SlowUIntScalar1":{"Value":10,"SourceTimestamp":"2024-04-27T11:48:08.6796447Z","ServerTimestamp":"2024-04-27T11:48:08.6796492Z"},"nsu=http://opcfoundation.org/UA/Plc/Applications;s=SlowUIntScalar2":{"Value":10,"SourceTimestamp":"2024-04-27T11:48:08.6796631Z","ServerTimestamp":"2024-04-27T11:48:08.6796641Z"},"nsu=http://opcfoundation.org/UA/Plc/Applications;s=SlowUIntScalar3":{"Value":10,"SourceTimestamp":"2024-04-27T11:48:08.6796664Z","ServerTimestamp":"2024-04-27T11:48:08.6796674Z"},"nsu=http://opcfoundation.org/UA/Plc/Applications;s=BadSlowUIntScalar1":{"Value":null,"StatusCode":{"Symbol":"BadNoCommunication","Code":2150694912},"SourceTimestamp":"2024-04-27T11:48:08.6796823Z","ServerTimestamp":"2024-04-27T11:48:08.6796823Z"},"nsu=http://opcfoundation.org/UA/Plc/Applications;s=SlowRandomUIntScalar1":{"Value":262047433,"SourceTimestamp":"2024-04-27T11:48:08.6796974Z","ServerTimestamp":"2024-04-27T11:48:08.6796991Z"},"nsu=http://opcfoundation.org/UA/Plc/Applications;s=SlowRandomUIntScalar2":{"Value":3656619389,"SourceTimestamp":"2024-04-27T11:48:08.6797039Z","ServerTimestamp":"2024-04-27T11:48:08.6797058Z"},"nsu=http://opcfoundation.org/UA/Plc/Applications;s=SlowRandomUIntScalar3":{"Value":3634971842,"SourceTimestamp":"2024-04-27T11:48:08.6797124Z","ServerTimestamp":"2024-04-27T11:48:08.679715Z"},"nsu=http://opcfoundation.org/UA/Plc/Applications;s=BadSlowRandomUIntScalar1":{"Value":null,"StatusCode":{"Symbol":"BadNoCommunication","Code":2150694912},"SourceTimestamp":"2024-04-27T11:48:08.6797271Z","ServerTimestamp":"2024-04-27T11:48:08.6797271Z"}}}]}