{"MessageId":"8104391c-d017-4e4f-adf0-245a9847782b","MessageType":"ua-data","PublisherId":"DESKTOP-BGFJS91","DataSetWriterGroup":"<<UnknownWriterGroup>>","Messages":[{"SequenceNumber":103,"MetaDataVersion":{"MajorVersion":1},"Timestamp":"2024-04-27T11:48:23.9452514Z","MessageType":"ua-deltaframe","DataSetWriterName":"<<UnknownDataSet>>","Payload":{"nsu=http://opcfoundation.org/UA/Plc/Applications;s=StepUp":{"Value":1152,"SourceTimestamp":"2024-04-27T11:48:23.8832496Z","ServerTimestamp":"2024-04-27T11:48:23.8832538Z"},"nsu=http://opcfoundation.org/UA/Plc/Applications;s=AlternatingBoolean":{"Value":false,"SourceTimestamp":"2024-04-27T11:48:23.7889631Z","ServerTimestamp":"2024-04-27T11:48:23.7889652Z"},"nsu=http://opcfoundation.org/UA/Plc/Applications;s=RandomSignedInt32":{"Value":658088948,"SourceTimestamp":"2024-04-27T11:48:23.8832802Z","ServerTimestamp":"2024-04-27T11:48:23.8832849Z"},"nsu=http://opcfoundation.org/UA/Plc/Applications;s=RandomUnsignedInt32":{"Value":1995986950,"SourceTimestamp":"2024-04-27T11:48:23.8832602Z","ServerTimestamp":"2024-04-27T11:48:23.8832706Z"},"nsu=http://opcfoundation.org/UA/Plc/Applications;s=DipData":{"Value":-12.533323356430378,"SourceTimestamp":"2024-04-27T11:48:23.8832988Z","ServerTimestamp":"2024-04-27T11:48:23.8833042Z"},"nsu=http://opcfoundation.org/UA/Plc/Applications;s=FastUIntScalar1":{"Value":115,"SourceTimestamp":"2024-04-27T11:48:23.6788965Z","ServerTimestamp":"2024-04-27T11:48:23.6788997Z"},"nsu=http://opcfoundation.org/UA/Plc/Applications;s=FastUIntScalar2":{"Value":115,"SourceTimestamp":"2024-04-27T11:48:23.6789043Z","ServerTimestamp":"2024-04-27T11:48:23.6789058Z"},"nsu=http://opcfoundation.org/UA/Plc/Applications;s=FastUIntScalar3":{"Value":115,"SourceTimestamp":"2024-04-27T11:48:23.6789069Z","ServerTimestamp":"2024-04-27T11:48:23.6789081Z"},"nsu=http://opcfoundation.org/UA/Plc/Applications;s=FastRandomUIntScalar1":{"Value":1583935171,"SourceTimestamp":"2024-04-27T11:48:23.678894Z","ServerTimestamp":"2024-04-27T11:48:23.6788953Z"},"nsu=http://opcfoundation.org/UA/Plc/Applications;s=FastRandomUIntScalar2":{"Value":3795698185,"SourceTimestamp":"2024-04-27T11:48:23.6788995Z","ServerTimestamp":"2024-04-27T11:48:23.6789042Z"},"nsu=http://opcfoundation.org/UA/Plc/Applications;s=FastRandomUIntScalar3":{"Value":2515417557,"SourceTimestamp":"2024-04-27T11:48:23.6789055Z","ServerTimestamp":"2024-04-27T11:48:23.6789068Z"},"nsu=http://opcfoundation.org/UA/Plc/Applications;s=NegativeTrendData":{"Value":98.599999999999994,"SourceTimestamp":"2024-04-27T11:48:23.7889692Z","ServerTimestamp":"2024-04-27T11:48:23.7889702Z"},"nsu=http://opcfoundation.org/UA/Plc/Applications;s=PositiveTrendData":{"Value":102.09999999999999,"SourceTimestamp":"2024-04-27T11:48:23.7889671Z","ServerTimestamp":"2024-04-27T11:48:23.7889747Z"},"nsu=http://opcfoundation.org/UA/Plc/Applications;s=SpikeData":{"Value":-12.533323356430378,"SourceTimestamp":"2024-04-27T11:48:23.8833145Z","ServerTimestamp":"2024-04-27T11:48:23.8833159Z"}}}]}