{"MessageId":"39a88209-c83f-4767-90a7-a1af43872772","MessageType":"ua-data","PublisherId":"DESKTOP-BGFJS91","DataSetWriterGroup":"<<UnknownWriterGroup>>","Messages":[{"SequenceNumber":106,"MetaDataVersion":{"MajorVersion":1},"Timestamp":"2024-04-27T11:48:27.9698123Z","MessageType":"ua-deltaframe","DataSetWriterName":"<<UnknownDataSet>>","Payload":{"nsu=http://opcfoundation.org/UA/Plc/Applications;s=StepUp":{"Value":1192,"SourceTimestamp":"2024-04-27T11:48:27.8769357Z","ServerTimestamp":"2024-04-27T11:48:27.8769384Z"},"nsu=http://opcfoundation.org/UA/Plc/Applications;s=RandomSignedInt32":{"Value":-71241893,"SourceTimestamp":"2024-04-27T11:48:27.8769611Z","ServerTimestamp":"2024-04-27T11:48:27.876963Z"},"nsu=http://opcfoundation.org/UA/Plc/Applications;s=RandomUnsignedInt32":{"Value":648026381,"SourceTimestamp":"2024-04-27T11:48:27.8769502Z","ServerTimestamp":"2024-04-27T11:48:27.8769579Z"},"nsu=http://opcfoundation.org/UA/Plc/Applications;s=DipData":{"Value":90.482705246601952,"SourceTimestamp":"2024-04-27T11:48:27.8769657Z","ServerTimestamp":"2024-04-27T11:48:27.8769665Z"},"nsu=http://opcfoundation.org/UA/Plc/Applications;s=FastUIntScalar1":{"Value":119,"SourceTimestamp":"2024-04-27T11:48:27.6766056Z","ServerTimestamp":"2024-04-27T11:48:27.6766114Z"},"nsu=http://opcfoundation.org/UA/Plc/Applications;s=FastUIntScalar2":{"Value":119,"SourceTimestamp":"2024-04-27T11:48:27.6766174Z","ServerTimestamp":"2024-04-27T11:48:27.6766288Z"},"nsu=http://opcfoundation.org/UA/Plc/Applications;s=FastUIntScalar3":{"Value":119,"SourceTimestamp":"2024-04-27T11:48:27.6766308Z","ServerTimestamp":"2024-04-27T11:48:27.6766321Z"},"nsu=http://opcfoundation.org/UA/Plc/Applications;s=FastRandomUIntScalar1":{"Value":2401141692,"SourceTimestamp":"2024-04-27T11:48:27.6766302Z","ServerTimestamp":"2024-04-27T11:48:27.6766352Z"},"nsu=http://opcfoundation.org/UA/Plc/Applications;s=FastRandomUIntScalar2":{"Value":3675014851,"SourceTimestamp":"2024-04-27T11:48:27.6766452Z","ServerTimestamp":"2024-04-27T11:48:27.6766494Z"},"nsu=http://opcfoundation.org/UA/Plc/Applications;s=FastRandomUIntScalar3":{"Value":474454082,"SourceTimestamp":"2024-04-27T11:48:27.6766518Z","ServerTimestamp":"2024-04-27T11:48:27.6766527Z"},"nsu=http://opcfoundation.org/UA/Plc/Applications;s=SpikeData":{"Value":90.482705246601952,"SourceTimestamp":"2024-04-27T11:48:27.8769784Z","ServerTimestamp":"2024-04-27T11:48:27.8769795Z"}}}]}