{"MessageId":"2c8c452b-65bd-47bf-96f2-b52d63a7b00a","MessageType":"ua-data","PublisherId":"DESKTOP-BGFJS91","DataSetWriterGroup":"<<UnknownWriterGroup>>","Messages":[{"SequenceNumber":11,"MetaDataVersion":{"MajorVersion":1},"Timestamp":"2024-04-27T11:46:40.9816854Z","MessageType":"ua-deltaframe","DataSetWriterName":"<<UnknownDataSet>>","Payload":{"nsu=http://opcfoundation.org/UA/Plc/Applications;s=StepUp":{"Value":122,"SourceTimestamp":"2024-04-27T11:46:40.8877314Z","ServerTimestamp":"2024-04-27T11:46:40.8877355Z"},"nsu=http://opcfoundation.org/UA/Plc/Applications;s=RandomSignedInt32":{"Value":291223241,"SourceTimestamp":"2024-04-27T11:46:40.8877668Z","ServerTimestamp":"2024-04-27T11:46:40.887768Z"},"nsu=http://opcfoundation.org/UA/Plc/Applications;s=RandomUnsignedInt32":{"Value":2089040332,"SourceTimestamp":"2024-04-27T11:46:40.9812133Z","ServerTimestamp":"2024-04-27T11:46:40.9812163Z"},"nsu=http://opcfoundation.org/UA/Plc/Applications;s=DipData":{"Value":-48.175367410171539,"SourceTimestamp":"2024-04-27T11:46:40.8877907Z","ServerTimestamp":"2024-04-27T11:46:40.8877926Z"},"nsu=http://opcfoundation.org/UA/Plc/Applications;s=FastUIntScalar1":{"Value":12,"SourceTimestamp":"2024-04-27T11:46:40.6852144Z","ServerTimestamp":"2024-04-27T11:46:40.6852194Z"},"nsu=http://opcfoundation.org/UA/Plc/Applications;s=FastUIntScalar2":{"Value":12,"SourceTimestamp":"2024-04-27T11:46:40.6852277Z","ServerTimestamp":"2024-04-27T11:46:40.6852302Z"},"nsu=http://opcfoundation.org/UA/Plc/Applications;s=FastUIntScalar3":{"Value":12,"SourceTimestamp":"2024-04-27T11:46:40.6852327Z","ServerTimestamp":"2024-04-27T11:46:40.6852342Z"},"nsu=http://opcfoundation.org/UA/Plc/Applications;s=FastRandomUIntScalar1":{"Value":2184568101,"SourceTimestamp":"2024-04-27T11:46:40.6852062Z","ServerTimestamp":"2024-04-27T11:46:40.685214Z"},"nsu=http://opcfoundation.org/UA/Plc/Applications;s=FastRandomUIntScalar2":{"Value":783713810,"SourceTimestamp":"2024-04-27T11:46:40.6852194Z","ServerTimestamp":"2024-04-27T11:46:40.6852276Z"},"nsu=http://opcfoundation.org/UA/Plc/Applications;s=FastRandomUIntScalar3":{"Value":4181822104,"SourceTimestamp":"2024-04-27T11:46:40.6852299Z","ServerTimestamp":"2024-04-27T11:46:40.6852322Z"},"nsu=http://opcfoundation.org/UA/Plc/Applications;s=SpikeData":{"Value":-48.175367410171539,"SourceTimestamp":"2024-04-27T11:46:40.8877943Z","ServerTimestamp":"2024-04-27T11:46:40.8877982Z"}}}]}