{"MessageId":"b56d73b0-ef14-400c-83f3-27a599f18d97","MessageType":"ua-data","PublisherId":"DESKTOP-BGFJS91","DataSetWriterGroup":"<<UnknownWriterGroup>>","Messages":[{"SequenceNumber":12,"MetaDataVersion":{"MajorVersion":1},"Timestamp":"2024-04-27T11:46:41.978721Z","MessageType":"ua-deltaframe","DataSetWriterName":"<<UnknownDataSet>>","Payload":{"nsu=http://opcfoundation.org/UA/Plc/Applications;s=StepUp":{"Value":133,"SourceTimestamp":"2024-04-27T11:46:41.9780635Z","ServerTimestamp":"2024-04-27T11:46:41.9780676Z"},"nsu=http://opcfoundation.org/UA/Plc/Applications;s=RandomSignedInt32":{"Value":-300912200,"SourceTimestamp":"2024-04-27T11:46:41.8847372Z","ServerTimestamp":"2024-04-27T11:46:41.884738Z"},"nsu=http://opcfoundation.org/UA/Plc/Applications;s=RandomUnsignedInt32":{"Value":1027851130,"SourceTimestamp":"2024-04-27T11:46:41.9780857Z","ServerTimestamp":"2024-04-27T11:46:41.9780892Z"},"nsu=http://opcfoundation.org/UA/Plc/Applications;s=DipData":{"Value":68.45471059286885,"SourceTimestamp":"2024-04-27T11:46:41.8847446Z","ServerTimestamp":"2024-04-27T11:46:41.8847464Z"},"nsu=http://opcfoundation.org/UA/Plc/Applications;s=FastUIntScalar1":{"Value":13,"SourceTimestamp":"2024-04-27T11:46:41.6826455Z","ServerTimestamp":"2024-04-27T11:46:41.6826543Z"},"nsu=http://opcfoundation.org/UA/Plc/Applications;s=FastUIntScalar2":{"Value":13,"SourceTimestamp":"2024-04-27T11:46:41.6826609Z","ServerTimestamp":"2024-04-27T11:46:41.6826615Z"},"nsu=http://opcfoundation.org/UA/Plc/Applications;s=FastUIntScalar3":{"Value":13,"SourceTimestamp":"2024-04-27T11:46:41.6826626Z","ServerTimestamp":"2024-04-27T11:46:41.682663Z"},"nsu=http://opcfoundation.org/UA/Plc/Applications;s=FastRandomUIntScalar1":{"Value":206826916,"SourceTimestamp":"2024-04-27T11:46:41.6826477Z","ServerTimestamp":"2024-04-27T11:46:41.6826496Z"},"nsu=http://opcfoundation.org/UA/Plc/Applications;s=FastRandomUIntScalar2":{"Value":3189107890,"SourceTimestamp":"2024-04-27T11:46:41.6826546Z","ServerTimestamp":"2024-04-27T11:46:41.6826606Z"},"nsu=http://opcfoundation.org/UA/Plc/Applications;s=FastRandomUIntScalar3":{"Value":3354727206,"SourceTimestamp":"2024-04-27T11:46:41.6826665Z","ServerTimestamp":"2024-04-27T11:46:41.682667Z"},"nsu=http://opcfoundation.org/UA/Plc/Applications;s=SpikeData":{"Value":68.45471059286885,"SourceTimestamp":"2024-04-27T11:46:41.8847656Z","ServerTimestamp":"2024-04-27T11:46:41.8847669Z"}}}]}