{"MessageId":"7cbafa5b-e932-4c17-a627-65abd1582f05","MessageType":"ua-data","PublisherId":"DESKTOP-BGFJS91","DataSetWriterGroup":"<<UnknownWriterGroup>>","Messages":[{"SequenceNumber":14,"MetaDataVersion":{"MajorVersion":1},"Timestamp":"2024-04-27T11:46:43.96285Z","MessageType":"ua-deltaframe","DataSetWriterName":"<<UnknownDataSet>>","Payload":{"nsu=http://opcfoundation.org/UA/Plc/Applications;s=StepUp":{"Value":152,"SourceTimestamp":"2024-04-27T11:46:43.886099Z","ServerTimestamp":"2024-04-27T11:46:43.8861032Z"},"nsu=http://opcfoundation.org/UA/Plc/Applications;s=AlternatingBoolean":{"Value":false,"SourceTimestamp":"2024-04-27T11:46:43.7792162Z","ServerTimestamp":"2024-04-27T11:46:43.779226Z"},"nsu=http://opcfoundation.org/UA/Plc/Applications;s=RandomSignedInt32":{"Value":-287522271,"SourceTimestamp":"2024-04-27T11:46:43.8861527Z","ServerTimestamp":"2024-04-27T11:46:43.8861539Z"},"nsu=http://opcfoundation.org/UA/Plc/Applications;s=RandomUnsignedInt32":{"Value":1132511259,"SourceTimestamp":"2024-04-27T11:46:43.8861316Z","ServerTimestamp":"2024-04-27T11:46:43.8861346Z"},"nsu=http://opcfoundation.org/UA/Plc/Applications;s=DipData":{"Value":-12.533323356430378,"SourceTimestamp":"2024-04-27T11:46:43.8861638Z","ServerTimestamp":"2024-04-27T11:46:43.8861694Z"},"nsu=http://opcfoundation.org/UA/Plc/Applications;s=FastUIntScalar1":{"Value":15,"SourceTimestamp":"2024-04-27T11:46:43.6845517Z","ServerTimestamp":"2024-04-27T11:46:43.6845528Z"},"nsu=http://opcfoundation.org/UA/Plc/Applications;s=FastUIntScalar2":{"Value":15,"SourceTimestamp":"2024-04-27T11:46:43.6845548Z","ServerTimestamp":"2024-04-27T11:46:43.684588Z"},"nsu=http://opcfoundation.org/UA/Plc/Applications;s=FastUIntScalar3":{"Value":15,"SourceTimestamp":"2024-04-27T11:46:43.684591Z","ServerTimestamp":"2024-04-27T11:46:43.6845936Z"},"nsu=http://opcfoundation.org/UA/Plc/Applications;s=FastRandomUIntScalar1":{"Value":2068014630,"SourceTimestamp":"2024-04-27T11:46:43.6845659Z","ServerTimestamp":"2024-04-27T11:46:43.684577Z"},"nsu=http://opcfoundation.org/UA/Plc/Applications;s=FastRandomUIntScalar2":{"Value":2640210512,"SourceTimestamp":"2024-04-27T11:46:43.6845871Z","ServerTimestamp":"2024-04-27T11:46:43.6845908Z"},"nsu=http://opcfoundation.org/UA/Plc/Applications;s=FastRandomUIntScalar3":{"Value":2192541419,"SourceTimestamp":"2024-04-27T11:46:43.6845932Z","ServerTimestamp":"2024-04-27T11:46:43.6845965Z"},"nsu=http://opcfoundation.org/UA/Plc/Applications;s=PositiveTrendData":{"Value":100.09999999999999,"SourceTimestamp":"2024-04-27T11:46:43.7792325Z","ServerTimestamp":"2024-04-27T11:46:43.7792389Z"},"nsu=http://opcfoundation.org/UA/Plc/Applications;s=SpikeData":{"Value":-12.533323356430378,"SourceTimestamp":"2024-04-27T11:46:43.8861819Z","ServerTimestamp":"2024-04-27T11:46:43.8861835Z"}}}]}