{"MessageId":"110bcf09-0d7c-41a4-af32-7b695cca69f5","MessageType":"ua-data","PublisherId":"DESKTOP-BGFJS91","DataSetWriterGroup":"<<UnknownWriterGroup>>","Messages":[{"SequenceNumber":17,"MetaDataVersion":{"MajorVersion":1},"Timestamp":"2024-04-27T11:46:46.9491097Z","MessageType":"ua-deltaframe","DataSetWriterName":"<<UnknownDataSet>>","Payload":{"nsu=http://opcfoundation.org/UA/Plc/Applications;s=StepUp":{"Value":182,"SourceTimestamp":"2024-04-27T11:46:46.8857954Z","ServerTimestamp":"2024-04-27T11:46:46.8857985Z"},"nsu=http://opcfoundation.org/UA/Plc/Applications;s=RandomSignedInt32":{"Value":-290165433,"SourceTimestamp":"2024-04-27T11:46:46.8858168Z","ServerTimestamp":"2024-04-27T11:46:46.8858198Z"},"nsu=http://opcfoundation.org/UA/Plc/Applications;s=RandomUnsignedInt32":{"Value":1201968954,"SourceTimestamp":"2024-04-27T11:46:46.8858086Z","ServerTimestamp":"2024-04-27T11:46:46.8858106Z"},"nsu=http://opcfoundation.org/UA/Plc/Applications;s=DipData":{"Value":68.45471059286885,"SourceTimestamp":"2024-04-27T11:46:46.8858298Z","ServerTimestamp":"2024-04-27T11:46:46.8859255Z"},"nsu=http://opcfoundation.org/UA/Plc/Applications;s=FastUIntScalar1":{"Value":18,"SourceTimestamp":"2024-04-27T11:46:46.6830816Z","ServerTimestamp":"2024-04-27T11:46:46.6830845Z"},"nsu=http://opcfoundation.org/UA/Plc/Applications;s=FastUIntScalar2":{"Value":18,"SourceTimestamp":"2024-04-27T11:46:46.6830975Z","ServerTimestamp":"2024-04-27T11:46:46.6830983Z"},"nsu=http://opcfoundation.org/UA/Plc/Applications;s=FastUIntScalar3":{"Value":18,"SourceTimestamp":"2024-04-27T11:46:46.6830997Z","ServerTimestamp":"2024-04-27T11:46:46.6831004Z"},"nsu=http://opcfoundation.org/UA/Plc/Applications;s=FastRandomUIntScalar1":{"Value":1471230646,"SourceTimestamp":"2024-04-27T11:46:46.6831059Z","ServerTimestamp":"2024-04-27T11:46:46.6831066Z"},"nsu=http://opcfoundation.org/UA/Plc/Applications;s=FastRandomUIntScalar2":{"Value":1971575461,"SourceTimestamp":"2024-04-27T11:46:46.6831081Z","ServerTimestamp":"2024-04-27T11:46:46.6831087Z"},"nsu=http://opcfoundation.org/UA/Plc/Applications;s=FastRandomUIntScalar3":{"Value":1334815813,"SourceTimestamp":"2024-04-27T11:46:46.6831096Z","ServerTimestamp":"2024-04-27T11:46:46.6831099Z"},"nsu=http://opcfoundation.org/UA/Plc/Applications;s=SpikeData":{"Value":68.45471059286885,"SourceTimestamp":"2024-04-27T11:46:46.8858331Z","ServerTimestamp":"2024-04-27T11:46:46.8859383Z"}}}]}