{"MessageId":"68b412fa-2767-47fa-b450-cf7a3c5d94ae","MessageType":"ua-data","PublisherId":"DESKTOP-BGFJS91","DataSetWriterGroup":"<<UnknownWriterGroup>>","Messages":[{"SequenceNumber":2,"MetaDataVersion":{"MajorVersion":1},"Timestamp":"2024-04-27T11:46:30.9766106Z","MessageType":"ua-deltaframe","DataSetWriterName":"<<UnknownDataSet>>","Payload":{"nsu=http://opcfoundation.org/UA/Plc/Applications;s=StepUp":{"Value":22,"SourceTimestamp":"2024-04-27T11:46:30.8837451Z","ServerTimestamp":"2024-04-27T11:46:30.8837483Z"},"nsu=http://opcfoundation.org/UA/Plc/Applications;s=AlternatingBoolean":{"Value":true,"SourceTimestamp":"2024-04-27T11:46:29.8776848Z","ServerTimestamp":"2024-04-27T11:46:29.9415105Z"},"nsu=http://opcfoundation.org/UA/Plc/Applications;s=RandomSignedInt32":{"Value":1146983267,"SourceTimestamp":"2024-04-27T11:46:30.8837686Z","ServerTimestamp":"2024-04-27T11:46:30.8837738Z"},"nsu=http://opcfoundation.org/UA/Plc/Applications;s=RandomUnsignedInt32":{"Value":1782972811,"SourceTimestamp":"2024-04-27T11:46:30.9759011Z","ServerTimestamp":"2024-04-27T11:46:30.9759054Z"},"nsu=http://opcfoundation.org/UA/Plc/Applications;s=DipData":{"Value":-48.175367410171539,"SourceTimestamp":"2024-04-27T11:46:30.8837608Z","ServerTimestamp":"2024-04-27T11:46:30.8837622Z"},"nsu=http://opcfoundation.org/UA/Plc/Applications;s=FastUIntScalar1":{"Value":2,"SourceTimestamp":"2024-04-27T11:46:30.6842757Z","ServerTimestamp":"2024-04-27T11:46:30.6842799Z"},"nsu=http://opcfoundation.org/UA/Plc/Applications;s=FastUIntScalar2":{"Value":2,"SourceTimestamp":"2024-04-27T11:46:30.6842852Z","ServerTimestamp":"2024-04-27T11:46:30.6842861Z"},"nsu=http://opcfoundation.org/UA/Plc/Applications;s=FastUIntScalar3":{"Value":2,"SourceTimestamp":"2024-04-27T11:46:30.6842873Z","ServerTimestamp":"2024-04-27T11:46:30.6842881Z"},"nsu=http://opcfoundation.org/UA/Plc/Applications;s=FastRandomUIntScalar1":{"Value":4121037786,"SourceTimestamp":"2024-04-27T11:46:30.6842702Z","ServerTimestamp":"2024-04-27T11:46:30.6842735Z"},"nsu=http://opcfoundation.org/UA/Plc/Applications;s=FastRandomUIntScalar2":{"Value":1828034879,"SourceTimestamp":"2024-04-27T11:46:30.684278Z","ServerTimestamp":"2024-04-27T11:46:30.6842851Z"},"nsu=http://opcfoundation.org/UA/Plc/Applications;s=FastRandomUIntScalar3":{"Value":1800087387,"SourceTimestamp":"2024-04-27T11:46:30.6842901Z","ServerTimestamp":"2024-04-27T11:46:30.6842908Z"},"nsu=http://opcfoundation.org/UA/Plc/Applications;s=NegativeTrendData":{"Value":100,"SourceTimestamp":"2024-04-27T11:46:29.8776876Z","ServerTimestamp":"2024-04-27T11:46:29.9415231Z"},"nsu=http://opcfoundation.org/UA/Plc/Applications;s=PositiveTrendData":{"Value":100,"SourceTimestamp":"2024-04-27T11:46:29.8776876Z","ServerTimestamp":"2024-04-27T11:46:29.9415239Z"},"nsu=http://opcfoundation.org/UA/Plc/Applications;s=SpikeData":{"Value":-48.175367410171539,"SourceTimestamp":"2024-04-27T11:46:30.8837654Z","ServerTimestamp":"2024-04-27T11:46:30.8837724Z"}}}]}