{"MessageId":"e14d7a36-35e6-4f78-a658-896406f0b0ee","MessageType":"ua-data","PublisherId":"DESKTOP-BGFJS91","DataSetWriterGroup":"<<UnknownWriterGroup>>","Messages":[{"SequenceNumber":20,"MetaDataVersion":{"MajorVersion":1},"Timestamp":"2024-04-27T11:46:49.942484Z","MessageType":"ua-deltaframe","DataSetWriterName":"<<UnknownDataSet>>","Payload":{"nsu=http://opcfoundation.org/UA/Plc/Applications;s=StepUp":{"Value":212,"SourceTimestamp":"2024-04-27T11:46:49.879863Z","ServerTimestamp":"2024-04-27T11:46:49.8799037Z"},"nsu=http://opcfoundation.org/UA/Plc/Applications;s=RandomSignedInt32":{"Value":1506080606,"SourceTimestamp":"2024-04-27T11:46:49.8798917Z","ServerTimestamp":"2024-04-27T11:46:49.879893Z"},"nsu=http://opcfoundation.org/UA/Plc/Applications;s=RandomUnsignedInt32":{"Value":1327688100,"SourceTimestamp":"2024-04-27T11:46:49.8798584Z","ServerTimestamp":"2024-04-27T11:46:49.8798616Z"},"nsu=http://opcfoundation.org/UA/Plc/Applications;s=DipData":{"Value":-98.228725072868855,"SourceTimestamp":"2024-04-27T11:46:49.8798969Z","ServerTimestamp":"2024-04-27T11:46:49.8798983Z"},"nsu=http://opcfoundation.org/UA/Plc/Applications;s=FastUIntScalar1":{"Value":21,"SourceTimestamp":"2024-04-27T11:46:49.6768731Z","ServerTimestamp":"2024-04-27T11:46:49.6768756Z"},"nsu=http://opcfoundation.org/UA/Plc/Applications;s=FastUIntScalar2":{"Value":21,"SourceTimestamp":"2024-04-27T11:46:49.6768825Z","ServerTimestamp":"2024-04-27T11:46:49.6768842Z"},"nsu=http://opcfoundation.org/UA/Plc/Applications;s=FastUIntScalar3":{"Value":21,"SourceTimestamp":"2024-04-27T11:46:49.6768853Z","ServerTimestamp":"2024-04-27T11:46:49.6768914Z"},"nsu=http://opcfoundation.org/UA/Plc/Applications;s=FastRandomUIntScalar1":{"Value":2163417430,"SourceTimestamp":"2024-04-27T11:46:49.6768769Z","ServerTimestamp":"2024-04-27T11:46:49.6768824Z"},"nsu=http://opcfoundation.org/UA/Plc/Applications;s=FastRandomUIntScalar2":{"Value":1526144006,"SourceTimestamp":"2024-04-27T11:46:49.6768844Z","ServerTimestamp":"2024-04-27T11:46:49.6768853Z"},"nsu=http://opcfoundation.org/UA/Plc/Applications;s=FastRandomUIntScalar3":{"Value":865593079,"SourceTimestamp":"2024-04-27T11:46:49.6768865Z","ServerTimestamp":"2024-04-27T11:46:49.6768922Z"},"nsu=http://opcfoundation.org/UA/Plc/Applications;s=SpikeData":{"Value":-98.228725072868855,"SourceTimestamp":"2024-04-27T11:46:49.8799046Z","ServerTimestamp":"2024-04-27T11:46:49.8799066Z"}}}]}