{"MessageId":"018e47ed-fe68-4099-9925-49ea862c4cba","MessageType":"ua-data","PublisherId":"DESKTOP-BGFJS91","DataSetWriterGroup":"<<UnknownWriterGroup>>","Messages":[{"SequenceNumber":21,"MetaDataVersion":{"MajorVersion":1},"Timestamp":"2024-04-27T11:46:50.9503261Z","MessageType":"ua-deltaframe","DataSetWriterName":"<<UnknownDataSet>>","Payload":{"nsu=http://opcfoundation.org/UA/Plc/Applications;s=StepUp":{"Value":222,"SourceTimestamp":"2024-04-27T11:46:50.8879924Z","ServerTimestamp":"2024-04-27T11:46:50.8879963Z"},"nsu=http://opcfoundation.org/UA/Plc/Applications;s=RandomSignedInt32":{"Value":1847379439,"SourceTimestamp":"2024-04-27T11:46:50.888021Z","ServerTimestamp":"2024-04-27T11:46:50.8880281Z"},"nsu=http://opcfoundation.org/UA/Plc/Applications;s=RandomUnsignedInt32":{"Value":1354227632,"SourceTimestamp":"2024-04-27T11:46:50.8880211Z","ServerTimestamp":"2024-04-27T11:46:50.888042Z"},"nsu=http://opcfoundation.org/UA/Plc/Applications;s=DipData":{"Value":-48.175367410171539,"SourceTimestamp":"2024-04-27T11:46:50.8880423Z","ServerTimestamp":"2024-04-27T11:46:50.8880452Z"},"nsu=http://opcfoundation.org/UA/Plc/Applications;s=FastUIntScalar1":{"Value":22,"SourceTimestamp":"2024-04-27T11:46:50.6845363Z","ServerTimestamp":"2024-04-27T11:46:50.6845449Z"},"nsu=http://opcfoundation.org/UA/Plc/Applications;s=FastUIntScalar2":{"Value":22,"SourceTimestamp":"2024-04-27T11:46:50.6845462Z","ServerTimestamp":"2024-04-27T11:46:50.6845473Z"},"nsu=http://opcfoundation.org/UA/Plc/Applications;s=FastUIntScalar3":{"Value":22,"SourceTimestamp":"2024-04-27T11:46:50.6845482Z","ServerTimestamp":"2024-04-27T11:46:50.6845496Z"},"nsu=http://opcfoundation.org/UA/Plc/Applications;s=FastRandomUIntScalar1":{"Value":3287085517,"SourceTimestamp":"2024-04-27T11:46:50.6845381Z","ServerTimestamp":"2024-04-27T11:46:50.684546Z"},"nsu=http://opcfoundation.org/UA/Plc/Applications;s=FastRandomUIntScalar2":{"Value":2406243829,"SourceTimestamp":"2024-04-27T11:46:50.6845474Z","ServerTimestamp":"2024-04-27T11:46:50.6845485Z"},"nsu=http://opcfoundation.org/UA/Plc/Applications;s=FastRandomUIntScalar3":{"Value":740920768,"SourceTimestamp":"2024-04-27T11:46:50.6845498Z","ServerTimestamp":"2024-04-27T11:46:50.6845504Z"},"nsu=http://opcfoundation.org/UA/Plc/Applications;s=SpikeData":{"Value":-48.175367410171539,"SourceTimestamp":"2024-04-27T11:46:50.8880423Z","ServerTimestamp":"2024-04-27T11:46:50.8880487Z"}}}]}