{"MessageId":"da108811-6776-4647-b87f-583679a8d245","MessageType":"ua-data","PublisherId":"DESKTOP-BGFJS91","DataSetWriterGroup":"<<UnknownWriterGroup>>","Messages":[{"SequenceNumber":22,"MetaDataVersion":{"MajorVersion":1},"Timestamp":"2024-04-27T11:46:51.9439923Z","MessageType":"ua-deltaframe","DataSetWriterName":"<<UnknownDataSet>>","Payload":{"nsu=http://opcfoundation.org/UA/Plc/Applications;s=StepUp":{"Value":232,"SourceTimestamp":"2024-04-27T11:46:51.8814118Z","ServerTimestamp":"2024-04-27T11:46:51.8814169Z"},"nsu=http://opcfoundation.org/UA/Plc/Applications;s=RandomSignedInt32":{"Value":-2014400388,"SourceTimestamp":"2024-04-27T11:46:51.8814774Z","ServerTimestamp":"2024-04-27T11:46:51.8814818Z"},"nsu=http://opcfoundation.org/UA/Plc/Applications;s=RandomUnsignedInt32":{"Value":509148063,"SourceTimestamp":"2024-04-27T11:46:51.8814345Z","ServerTimestamp":"2024-04-27T11:46:51.8814384Z"},"nsu=http://opcfoundation.org/UA/Plc/Applications;s=DipData":{"Value":68.45471059286885,"SourceTimestamp":"2024-04-27T11:46:51.8814802Z","ServerTimestamp":"2024-04-27T11:46:51.8814847Z"},"nsu=http://opcfoundation.org/UA/Plc/Applications;s=FastUIntScalar1":{"Value":23,"SourceTimestamp":"2024-04-27T11:46:51.6793764Z","ServerTimestamp":"2024-04-27T11:46:51.6793817Z"},"nsu=http://opcfoundation.org/UA/Plc/Applications;s=FastUIntScalar2":{"Value":23,"SourceTimestamp":"2024-04-27T11:46:51.6793847Z","ServerTimestamp":"2024-04-27T11:46:51.6793858Z"},"nsu=http://opcfoundation.org/UA/Plc/Applications;s=FastUIntScalar3":{"Value":23,"SourceTimestamp":"2024-04-27T11:46:51.679387Z","ServerTimestamp":"2024-04-27T11:46:51.6793917Z"},"nsu=http://opcfoundation.org/UA/Plc/Applications;s=FastRandomUIntScalar1":{"Value":3308771444,"SourceTimestamp":"2024-04-27T11:46:51.6793776Z","ServerTimestamp":"2024-04-27T11:46:51.679384Z"},"nsu=http://opcfoundation.org/UA/Plc/Applications;s=FastRandomUIntScalar2":{"Value":1079288485,"SourceTimestamp":"2024-04-27T11:46:51.6793857Z","ServerTimestamp":"2024-04-27T11:46:51.679387Z"},"nsu=http://opcfoundation.org/UA/Plc/Applications;s=FastRandomUIntScalar3":{"Value":792099021,"SourceTimestamp":"2024-04-27T11:46:51.6793917Z","ServerTimestamp":"2024-04-27T11:46:51.6793931Z"},"nsu=http://opcfoundation.org/UA/Plc/Applications;s=SpikeData":{"Value":68.45471059286885,"SourceTimestamp":"2024-04-27T11:46:51.8814961Z","ServerTimestamp":"2024-04-27T11:46:51.8814976Z"}}}]}