{"MessageId":"980167fe-ab25-4002-8371-64809fc81b95","MessageType":"ua-data","PublisherId":"DESKTOP-BGFJS91","DataSetWriterGroup":"<<UnknownWriterGroup>>","Messages":[{"SequenceNumber":23,"MetaDataVersion":{"MajorVersion":1},"Timestamp":"2024-04-27T11:46:53.9872754Z","MessageType":"ua-deltaframe","DataSetWriterName":"<<UnknownDataSet>>","Payload":{"nsu=http://opcfoundation.org/UA/Plc/Applications;s=StepUp":{"Value":252,"SourceTimestamp":"2024-04-27T11:46:53.8754399Z","ServerTimestamp":"2024-04-27T11:46:53.8754872Z"},"nsu=http://opcfoundation.org/UA/Plc/Applications;s=AlternatingBoolean":{"Value":false,"SourceTimestamp":"2024-04-27T11:46:53.7824859Z","ServerTimestamp":"2024-04-27T11:46:53.7824889Z"},"nsu=http://opcfoundation.org/UA/Plc/Applications;s=RandomSignedInt32":{"Value":-1709500644,"SourceTimestamp":"2024-04-27T11:46:53.875457Z","ServerTimestamp":"2024-04-27T11:46:53.8754579Z"},"nsu=http://opcfoundation.org/UA/Plc/Applications;s=RandomUnsignedInt32":{"Value":1023115813,"SourceTimestamp":"2024-04-27T11:46:53.8754237Z","ServerTimestamp":"2024-04-27T11:46:53.8754272Z"},"nsu=http://opcfoundation.org/UA/Plc/Applications;s=DipData":{"Value":-12.533323356430378,"SourceTimestamp":"2024-04-27T11:46:53.8754413Z","ServerTimestamp":"2024-04-27T11:46:53.8754707Z"},"nsu=http://opcfoundation.org/UA/Plc/Applications;s=FastUIntScalar1":{"Value":25,"SourceTimestamp":"2024-04-27T11:46:53.6885926Z","ServerTimestamp":"2024-04-27T11:46:53.688598Z"},"nsu=http://opcfoundation.org/UA/Plc/Applications;s=FastUIntScalar2":{"Value":25,"SourceTimestamp":"2024-04-27T11:46:53.6886026Z","ServerTimestamp":"2024-04-27T11:46:53.6886036Z"},"nsu=http://opcfoundation.org/UA/Plc/Applications;s=FastUIntScalar3":{"Value":25,"SourceTimestamp":"2024-04-27T11:46:53.688605Z","ServerTimestamp":"2024-04-27T11:46:53.6886058Z"},"nsu=http://opcfoundation.org/UA/Plc/Applications;s=FastRandomUIntScalar1":{"Value":1061399340,"SourceTimestamp":"2024-04-27T11:46:53.6886183Z","ServerTimestamp":"2024-04-27T11:46:53.6886218Z"},"nsu=http://opcfoundation.org/UA/Plc/Applications;s=FastRandomUIntScalar2":{"Value":3176149986,"SourceTimestamp":"2024-04-27T11:46:53.6886301Z","ServerTimestamp":"2024-04-27T11:46:53.6886378Z"},"nsu=http://opcfoundation.org/UA/Plc/Applications;s=FastRandomUIntScalar3":{"Value":2545835227,"SourceTimestamp":"2024-04-27T11:46:53.6886398Z","ServerTimestamp":"2024-04-27T11:46:53.6886409Z"},"nsu=http://opcfoundation.org/UA/Plc/Applications;s=PositiveTrendData":{"Value":100.3,"SourceTimestamp":"2024-04-27T11:46:53.7824931Z","ServerTimestamp":"2024-04-27T11:46:53.7824959Z"},"nsu=http://opcfoundation.org/UA/Plc/Applications;s=SpikeData":{"Value":-12.533323356430378,"SourceTimestamp":"2024-04-27T11:46:53.875459Z","ServerTimestamp":"2024-04-27T11:46:53.8754663Z"}}}]}