{"MessageId":"f7cf8e34-864d-4f35-b4d9-248eb4d7c3c7","MessageType":"ua-data","PublisherId":"DESKTOP-BGFJS91","DataSetWriterGroup":"<<UnknownWriterGroup>>","Messages":[{"SequenceNumber":24,"MetaDataVersion":{"MajorVersion":1},"Timestamp":"2024-04-27T11:46:54.9769728Z","MessageType":"ua-deltaframe","DataSetWriterName":"<<UnknownDataSet>>","Payload":{"nsu=http://opcfoundation.org/UA/Plc/Applications;s=StepUp":{"Value":262,"SourceTimestamp":"2024-04-27T11:46:54.8845476Z","ServerTimestamp":"2024-04-27T11:46:54.8845511Z"},"nsu=http://opcfoundation.org/UA/Plc/Applications;s=RandomSignedInt32":{"Value":382394471,"SourceTimestamp":"2024-04-27T11:46:54.884573Z","ServerTimestamp":"2024-04-27T11:46:54.8845737Z"},"nsu=http://opcfoundation.org/UA/Plc/Applications;s=RandomUnsignedInt32":{"Value":1280561991,"SourceTimestamp":"2024-04-27T11:46:54.8845866Z","ServerTimestamp":"2024-04-27T11:46:54.8845877Z"},"nsu=http://opcfoundation.org/UA/Plc/Applications;s=DipData":{"Value":-98.228725072868855,"SourceTimestamp":"2024-04-27T11:46:54.8845909Z","ServerTimestamp":"2024-04-27T11:46:54.8845941Z"},"nsu=http://opcfoundation.org/UA/Plc/Applications;s=FastUIntScalar1":{"Value":26,"SourceTimestamp":"2024-04-27T11:46:54.6833249Z","ServerTimestamp":"2024-04-27T11:46:54.6833323Z"},"nsu=http://opcfoundation.org/UA/Plc/Applications;s=FastUIntScalar2":{"Value":26,"SourceTimestamp":"2024-04-27T11:46:54.6833419Z","ServerTimestamp":"2024-04-27T11:46:54.6833472Z"},"nsu=http://opcfoundation.org/UA/Plc/Applications;s=FastUIntScalar3":{"Value":26,"SourceTimestamp":"2024-04-27T11:46:54.6833494Z","ServerTimestamp":"2024-04-27T11:46:54.6833526Z"},"nsu=http://opcfoundation.org/UA/Plc/Applications;s=FastRandomUIntScalar1":{"Value":3205119795,"SourceTimestamp":"2024-04-27T11:46:54.6833342Z","ServerTimestamp":"2024-04-27T11:46:54.683342Z"},"nsu=http://opcfoundation.org/UA/Plc/Applications;s=FastRandomUIntScalar2":{"Value":2135679481,"SourceTimestamp":"2024-04-27T11:46:54.6833466Z","ServerTimestamp":"2024-04-27T11:46:54.6833499Z"},"nsu=http://opcfoundation.org/UA/Plc/Applications;s=FastRandomUIntScalar3":{"Value":187089064,"SourceTimestamp":"2024-04-27T11:46:54.6833522Z","ServerTimestamp":"2024-04-27T11:46:54.6833552Z"},"nsu=http://opcfoundation.org/UA/Plc/Applications;s=SpikeData":{"Value":-98.228725072868855,"SourceTimestamp":"2024-04-27T11:46:54.8845973Z","ServerTimestamp":"2024-04-27T11:46:54.8845994Z"}}}]}