{"MessageId":"98ad20b6-5c31-4ccf-a75f-0408ab1bc0b1","MessageType":"ua-data","PublisherId":"DESKTOP-BGFJS91","DataSetWriterGroup":"<<UnknownWriterGroup>>","Messages":[{"SequenceNumber":31,"MetaDataVersion":{"MajorVersion":1},"Timestamp":"2024-04-27T11:47:01.9743059Z","MessageType":"ua-deltaframe","DataSetWriterName":"<<UnknownDataSet>>","Payload":{"nsu=http://opcfoundation.org/UA/Plc/Applications;s=StepUp":{"Value":332,"SourceTimestamp":"2024-04-27T11:47:01.8823521Z","ServerTimestamp":"2024-04-27T11:47:01.8823566Z"},"nsu=http://opcfoundation.org/UA/Plc/Applications;s=RandomSignedInt32":{"Value":-213013681,"SourceTimestamp":"2024-04-27T11:47:01.8823976Z","ServerTimestamp":"2024-04-27T11:47:01.8824159Z"},"nsu=http://opcfoundation.org/UA/Plc/Applications;s=RandomUnsignedInt32":{"Value":13098020,"SourceTimestamp":"2024-04-27T11:47:01.8823922Z","ServerTimestamp":"2024-04-27T11:47:01.8824019Z"},"nsu=http://opcfoundation.org/UA/Plc/Applications;s=DipData":{"Value":68.45471059286885,"SourceTimestamp":"2024-04-27T11:47:01.8824326Z","ServerTimestamp":"2024-04-27T11:47:01.8824355Z"},"nsu=http://opcfoundation.org/UA/Plc/Applications;s=FastUIntScalar1":{"Value":33,"SourceTimestamp":"2024-04-27T11:47:01.6794317Z","ServerTimestamp":"2024-04-27T11:47:01.6794386Z"},"nsu=http://opcfoundation.org/UA/Plc/Applications;s=FastUIntScalar2":{"Value":33,"SourceTimestamp":"2024-04-27T11:47:01.6794432Z","ServerTimestamp":"2024-04-27T11:47:01.6794444Z"},"nsu=http://opcfoundation.org/UA/Plc/Applications;s=FastUIntScalar3":{"Value":33,"SourceTimestamp":"2024-04-27T11:47:01.6794459Z","ServerTimestamp":"2024-04-27T11:47:01.6794469Z"},"nsu=http://opcfoundation.org/UA/Plc/Applications;s=FastRandomUIntScalar1":{"Value":1003373828,"SourceTimestamp":"2024-04-27T11:47:01.6794353Z","ServerTimestamp":"2024-04-27T11:47:01.679443Z"},"nsu=http://opcfoundation.org/UA/Plc/Applications;s=FastRandomUIntScalar2":{"Value":1071040949,"SourceTimestamp":"2024-04-27T11:47:01.6794444Z","ServerTimestamp":"2024-04-27T11:47:01.6794456Z"},"nsu=http://opcfoundation.org/UA/Plc/Applications;s=FastRandomUIntScalar3":{"Value":1577958642,"SourceTimestamp":"2024-04-27T11:47:01.6794715Z","ServerTimestamp":"2024-04-27T11:47:01.6794723Z"},"nsu=http://opcfoundation.org/UA/Plc/Applications;s=SpikeData":{"Value":68.45471059286885,"SourceTimestamp":"2024-04-27T11:47:01.8824367Z","ServerTimestamp":"2024-04-27T11:47:01.8824445Z"}}}]}