{"MessageId":"b4736c0f-206d-4bbc-8ae2-38ce224f6a88","MessageType":"ua-data","PublisherId":"DESKTOP-BGFJS91","DataSetWriterGroup":"<<UnknownWriterGroup>>","Messages":[{"SequenceNumber":32,"MetaDataVersion":{"MajorVersion":1},"Timestamp":"2024-04-27T11:47:02.964978Z","MessageType":"ua-deltaframe","DataSetWriterName":"<<UnknownDataSet>>","Payload":{"nsu=http://opcfoundation.org/UA/Plc/Applications;s=StepUp":{"Value":342,"SourceTimestamp":"2024-04-27T11:47:02.8879684Z","ServerTimestamp":"2024-04-27T11:47:02.8879726Z"},"nsu=http://opcfoundation.org/UA/Plc/Applications;s=RandomSignedInt32":{"Value":-529589394,"SourceTimestamp":"2024-04-27T11:47:02.8880095Z","ServerTimestamp":"2024-04-27T11:47:02.8880129Z"},"nsu=http://opcfoundation.org/UA/Plc/Applications;s=RandomUnsignedInt32":{"Value":1356166215,"SourceTimestamp":"2024-04-27T11:47:02.8879709Z","ServerTimestamp":"2024-04-27T11:47:02.8879891Z"},"nsu=http://opcfoundation.org/UA/Plc/Applications;s=DipData":{"Value":90.482705246601952,"SourceTimestamp":"2024-04-27T11:47:02.8880185Z","ServerTimestamp":"2024-04-27T11:47:02.8880228Z"},"nsu=http://opcfoundation.org/UA/Plc/Applications;s=FastUIntScalar1":{"Value":34,"SourceTimestamp":"2024-04-27T11:47:02.6850275Z","ServerTimestamp":"2024-04-27T11:47:02.6850694Z"},"nsu=http://opcfoundation.org/UA/Plc/Applications;s=FastUIntScalar2":{"Value":34,"SourceTimestamp":"2024-04-27T11:47:02.6850756Z","ServerTimestamp":"2024-04-27T11:47:02.6850767Z"},"nsu=http://opcfoundation.org/UA/Plc/Applications;s=FastUIntScalar3":{"Value":34,"SourceTimestamp":"2024-04-27T11:47:02.6850778Z","ServerTimestamp":"2024-04-27T11:47:02.685083Z"},"nsu=http://opcfoundation.org/UA/Plc/Applications;s=FastRandomUIntScalar1":{"Value":1384970185,"SourceTimestamp":"2024-04-27T11:47:02.6850429Z","ServerTimestamp":"2024-04-27T11:47:02.6850448Z"},"nsu=http://opcfoundation.org/UA/Plc/Applications;s=FastRandomUIntScalar2":{"Value":2478133239,"SourceTimestamp":"2024-04-27T11:47:02.6850498Z","ServerTimestamp":"2024-04-27T11:47:02.6850585Z"},"nsu=http://opcfoundation.org/UA/Plc/Applications;s=FastRandomUIntScalar3":{"Value":3835100713,"SourceTimestamp":"2024-04-27T11:47:02.6850639Z","ServerTimestamp":"2024-04-27T11:47:02.6850645Z"},"nsu=http://opcfoundation.org/UA/Plc/Applications;s=SpikeData":{"Value":90.482705246601952,"SourceTimestamp":"2024-04-27T11:47:02.8880333Z","ServerTimestamp":"2024-04-27T11:47:02.8880437Z"}}}]}