{"MessageId":"2dacb85b-6d7a-4db3-ab3a-563da8ba985e","MessageType":"ua-data","PublisherId":"DESKTOP-BGFJS91","DataSetWriterGroup":"<<UnknownWriterGroup>>","Messages":[{"SequenceNumber":38,"MetaDataVersion":{"MajorVersion":1},"Timestamp":"2024-04-27T11:47:09.9799772Z","MessageType":"ua-deltaframe","DataSetWriterName":"<<UnknownDataSet>>","Payload":{"nsu=http://opcfoundation.org/UA/Plc/Applications;s=StepUp":{"Value":412,"SourceTimestamp":"2024-04-27T11:47:09.8846091Z","ServerTimestamp":"2024-04-27T11:47:09.8846131Z"},"nsu=http://opcfoundation.org/UA/Plc/Applications;s=RandomSignedInt32":{"Value":605655140,"SourceTimestamp":"2024-04-27T11:47:09.8846608Z","ServerTimestamp":"2024-04-27T11:47:09.8846626Z"},"nsu=http://opcfoundation.org/UA/Plc/Applications;s=RandomUnsignedInt32":{"Value":1696860146,"SourceTimestamp":"2024-04-27T11:47:09.884635Z","ServerTimestamp":"2024-04-27T11:47:09.884638Z"},"nsu=http://opcfoundation.org/UA/Plc/Applications;s=DipData":{"Value":-98.228725072868855,"SourceTimestamp":"2024-04-27T11:47:09.8846703Z","ServerTimestamp":"2024-04-27T11:47:09.8846775Z"},"nsu=http://opcfoundation.org/UA/Plc/Applications;s=FastUIntScalar1":{"Value":41,"SourceTimestamp":"2024-04-27T11:47:09.6835943Z","ServerTimestamp":"2024-04-27T11:47:09.6836159Z"},"nsu=http://opcfoundation.org/UA/Plc/Applications;s=FastUIntScalar2":{"Value":41,"SourceTimestamp":"2024-04-27T11:47:09.6836214Z","ServerTimestamp":"2024-04-27T11:47:09.6836226Z"},"nsu=http://opcfoundation.org/UA/Plc/Applications;s=FastUIntScalar3":{"Value":41,"SourceTimestamp":"2024-04-27T11:47:09.6836239Z","ServerTimestamp":"2024-04-27T11:47:09.6836245Z"},"nsu=http://opcfoundation.org/UA/Plc/Applications;s=FastRandomUIntScalar1":{"Value":3687149392,"SourceTimestamp":"2024-04-27T11:47:09.6836038Z","ServerTimestamp":"2024-04-27T11:47:09.6836073Z"},"nsu=http://opcfoundation.org/UA/Plc/Applications;s=FastRandomUIntScalar2":{"Value":2453540848,"SourceTimestamp":"2024-04-27T11:47:09.6836129Z","ServerTimestamp":"2024-04-27T11:47:09.6836137Z"},"nsu=http://opcfoundation.org/UA/Plc/Applications;s=FastRandomUIntScalar3":{"Value":563156042,"SourceTimestamp":"2024-04-27T11:47:09.6836149Z","ServerTimestamp":"2024-04-27T11:47:09.6836203Z"},"nsu=http://opcfoundation.org/UA/Plc/Applications;s=SpikeData":{"Value":-98.228725072868855,"SourceTimestamp":"2024-04-27T11:47:09.8846814Z","ServerTimestamp":"2024-04-27T11:47:09.8846862Z"}}}]}