{"MessageId":"5cb29564-057f-4aa0-8481-2012d056207e","MessageType":"ua-data","PublisherId":"DESKTOP-BGFJS91","DataSetWriterGroup":"<<UnknownWriterGroup>>","Messages":[{"SequenceNumber":41,"MetaDataVersion":{"MajorVersion":1},"Timestamp":"2024-04-27T11:47:12.9449172Z","MessageType":"ua-deltaframe","DataSetWriterName":"<<UnknownDataSet>>","Payload":{"nsu=http://opcfoundation.org/UA/Plc/Applications;s=StepUp":{"Value":442,"SourceTimestamp":"2024-04-27T11:47:12.8821596Z","ServerTimestamp":"2024-04-27T11:47:12.8821648Z"},"nsu=http://opcfoundation.org/UA/Plc/Applications;s=RandomSignedInt32":{"Value":-467838223,"SourceTimestamp":"2024-04-27T11:47:12.8822207Z","ServerTimestamp":"2024-04-27T11:47:12.8822236Z"},"nsu=http://opcfoundation.org/UA/Plc/Applications;s=RandomUnsignedInt32":{"Value":1051376476,"SourceTimestamp":"2024-04-27T11:47:12.882167Z","ServerTimestamp":"2024-04-27T11:47:12.8822053Z"},"nsu=http://opcfoundation.org/UA/Plc/Applications;s=DipData":{"Value":90.482705246601952,"SourceTimestamp":"2024-04-27T11:47:12.8822337Z","ServerTimestamp":"2024-04-27T11:47:12.8822406Z"},"nsu=http://opcfoundation.org/UA/Plc/Applications;s=FastUIntScalar1":{"Value":44,"SourceTimestamp":"2024-04-27T11:47:12.6808339Z","ServerTimestamp":"2024-04-27T11:47:12.6808421Z"},"nsu=http://opcfoundation.org/UA/Plc/Applications;s=FastUIntScalar2":{"Value":44,"SourceTimestamp":"2024-04-27T11:47:12.6808487Z","ServerTimestamp":"2024-04-27T11:47:12.6808503Z"},"nsu=http://opcfoundation.org/UA/Plc/Applications;s=FastUIntScalar3":{"Value":44,"SourceTimestamp":"2024-04-27T11:47:12.6808516Z","ServerTimestamp":"2024-04-27T11:47:12.680853Z"},"nsu=http://opcfoundation.org/UA/Plc/Applications;s=FastRandomUIntScalar1":{"Value":321480565,"SourceTimestamp":"2024-04-27T11:47:12.6808392Z","ServerTimestamp":"2024-04-27T11:47:12.6808482Z"},"nsu=http://opcfoundation.org/UA/Plc/Applications;s=FastRandomUIntScalar2":{"Value":1290830949,"SourceTimestamp":"2024-04-27T11:47:12.6808504Z","ServerTimestamp":"2024-04-27T11:47:12.6808516Z"},"nsu=http://opcfoundation.org/UA/Plc/Applications;s=FastRandomUIntScalar3":{"Value":2184782470,"SourceTimestamp":"2024-04-27T11:47:12.680853Z","ServerTimestamp":"2024-04-27T11:47:12.6808541Z"},"nsu=http://opcfoundation.org/UA/Plc/Applications;s=SpikeData":{"Value":90.482705246601952,"SourceTimestamp":"2024-04-27T11:47:12.8822302Z","ServerTimestamp":"2024-04-27T11:47:12.8822385Z"}}}]}