{"MessageId":"041b4f7c-11f7-4d56-a87f-e846c245c81e","MessageType":"ua-data","PublisherId":"DESKTOP-BGFJS91","DataSetWriterGroup":"<<UnknownWriterGroup>>","Messages":[{"SequenceNumber":48,"MetaDataVersion":{"MajorVersion":1},"Timestamp":"2024-04-27T11:47:21.9289073Z","MessageType":"ua-deltaframe","DataSetWriterName":"<<UnknownDataSet>>","Payload":{"nsu=http://opcfoundation.org/UA/Plc/Applications;s=StepUp":{"Value":532,"SourceTimestamp":"2024-04-27T11:47:21.8814641Z","ServerTimestamp":"2024-04-27T11:47:21.8814669Z"},"nsu=http://opcfoundation.org/UA/Plc/Applications;s=RandomSignedInt32":{"Value":1984774868,"SourceTimestamp":"2024-04-27T11:47:21.8815094Z","ServerTimestamp":"2024-04-27T11:47:21.881511Z"},"nsu=http://opcfoundation.org/UA/Plc/Applications;s=RandomUnsignedInt32":{"Value":95693848,"SourceTimestamp":"2024-04-27T11:47:21.8814641Z","ServerTimestamp":"2024-04-27T11:47:21.8814968Z"},"nsu=http://opcfoundation.org/UA/Plc/Applications;s=DipData":{"Value":68.45471059286885,"SourceTimestamp":"2024-04-27T11:47:21.8814882Z","ServerTimestamp":"2024-04-27T11:47:21.8814896Z"},"nsu=http://opcfoundation.org/UA/Plc/Applications;s=FastUIntScalar1":{"Value":53,"SourceTimestamp":"2024-04-27T11:47:21.6794347Z","ServerTimestamp":"2024-04-27T11:47:21.6794392Z"},"nsu=http://opcfoundation.org/UA/Plc/Applications;s=FastUIntScalar2":{"Value":53,"SourceTimestamp":"2024-04-27T11:47:21.6794425Z","ServerTimestamp":"2024-04-27T11:47:21.6794663Z"},"nsu=http://opcfoundation.org/UA/Plc/Applications;s=FastUIntScalar3":{"Value":53,"SourceTimestamp":"2024-04-27T11:47:21.6794687Z","ServerTimestamp":"2024-04-27T11:47:21.6794694Z"},"nsu=http://opcfoundation.org/UA/Plc/Applications;s=FastRandomUIntScalar1":{"Value":4130963117,"SourceTimestamp":"2024-04-27T11:47:21.6794463Z","ServerTimestamp":"2024-04-27T11:47:21.6794511Z"},"nsu=http://opcfoundation.org/UA/Plc/Applications;s=FastRandomUIntScalar2":{"Value":434936170,"SourceTimestamp":"2024-04-27T11:47:21.6794605Z","ServerTimestamp":"2024-04-27T11:47:21.6794615Z"},"nsu=http://opcfoundation.org/UA/Plc/Applications;s=FastRandomUIntScalar3":{"Value":2449624203,"SourceTimestamp":"2024-04-27T11:47:21.6794633Z","ServerTimestamp":"2024-04-27T11:47:21.6794638Z"},"nsu=http://opcfoundation.org/UA/Plc/Applications;s=SpikeData":{"Value":68.45471059286885,"SourceTimestamp":"2024-04-27T11:47:21.8815087Z","ServerTimestamp":"2024-04-27T11:47:21.8815095Z"}}}]}