{"MessageId":"d108e576-0cf8-4ac2-aa5a-c95479f70976","MessageType":"ua-data","PublisherId":"DESKTOP-BGFJS91","DataSetWriterGroup":"<<UnknownWriterGroup>>","Messages":[{"SequenceNumber":50,"MetaDataVersion":{"MajorVersion":1},"Timestamp":"2024-04-27T11:47:23.9716082Z","MessageType":"ua-deltaframe","DataSetWriterName":"<<UnknownDataSet>>","Payload":{"nsu=http://opcfoundation.org/UA/Plc/Applications;s=StepUp":{"Value":552,"SourceTimestamp":"2024-04-27T11:47:23.8794971Z","ServerTimestamp":"2024-04-27T11:47:23.8795464Z"},"nsu=http://opcfoundation.org/UA/Plc/Applications;s=AlternatingBoolean":{"Value":false,"SourceTimestamp":"2024-04-27T11:47:23.7877296Z","ServerTimestamp":"2024-04-27T11:47:23.7877301Z"},"nsu=http://opcfoundation.org/UA/Plc/Applications;s=RandomSignedInt32":{"Value":-995630117,"SourceTimestamp":"2024-04-27T11:47:23.8795234Z","ServerTimestamp":"2024-04-27T11:47:23.8795837Z"},"nsu=http://opcfoundation.org/UA/Plc/Applications;s=RandomUnsignedInt32":{"Value":763180047,"SourceTimestamp":"2024-04-27T11:47:23.8794971Z","ServerTimestamp":"2024-04-27T11:47:23.8794998Z"},"nsu=http://opcfoundation.org/UA/Plc/Applications;s=DipData":{"Value":-12.533323356430378,"SourceTimestamp":"2024-04-27T11:47:23.8795401Z","ServerTimestamp":"2024-04-27T11:47:23.8795409Z"},"nsu=http://opcfoundation.org/UA/Plc/Applications;s=FastUIntScalar1":{"Value":55,"SourceTimestamp":"2024-04-27T11:47:23.6810881Z","ServerTimestamp":"2024-04-27T11:47:23.6810952Z"},"nsu=http://opcfoundation.org/UA/Plc/Applications;s=FastUIntScalar2":{"Value":55,"SourceTimestamp":"2024-04-27T11:47:23.681106Z","ServerTimestamp":"2024-04-27T11:47:23.6811086Z"},"nsu=http://opcfoundation.org/UA/Plc/Applications;s=FastUIntScalar3":{"Value":55,"SourceTimestamp":"2024-04-27T11:47:23.681111Z","ServerTimestamp":"2024-04-27T11:47:23.6811136Z"},"nsu=http://opcfoundation.org/UA/Plc/Applications;s=FastRandomUIntScalar1":{"Value":3838984561,"SourceTimestamp":"2024-04-27T11:47:23.6810867Z","ServerTimestamp":"2024-04-27T11:47:23.6810904Z"},"nsu=http://opcfoundation.org/UA/Plc/Applications;s=FastRandomUIntScalar2":{"Value":2717650371,"SourceTimestamp":"2024-04-27T11:47:23.6810941Z","ServerTimestamp":"2024-04-27T11:47:23.6811062Z"},"nsu=http://opcfoundation.org/UA/Plc/Applications;s=FastRandomUIntScalar3":{"Value":408336422,"SourceTimestamp":"2024-04-27T11:47:23.6811086Z","ServerTimestamp":"2024-04-27T11:47:23.681111Z"},"nsu=http://opcfoundation.org/UA/Plc/Applications;s=NegativeTrendData":{"Value":99.799999999999997,"SourceTimestamp":"2024-04-27T11:47:23.7877255Z","ServerTimestamp":"2024-04-27T11:47:23.7877272Z"},"nsu=http://opcfoundation.org/UA/Plc/Applications;s=PositiveTrendData":{"Value":100.90000000000001,"SourceTimestamp":"2024-04-27T11:47:23.7877318Z","ServerTimestamp":"2024-04-27T11:47:23.7877345Z"},"nsu=http://opcfoundation.org/UA/Plc/Applications;s=SpikeData":{"Value":-12.533323356430378,"SourceTimestamp":"2024-04-27T11:47:23.8795461Z","ServerTimestamp":"2024-04-27T11:47:23.879553Z"}}}]}