{"MessageId":"2d18b42c-a276-48c5-98c0-b1fa84216153","MessageType":"ua-data","PublisherId":"DESKTOP-BGFJS91","DataSetWriterGroup":"<<UnknownWriterGroup>>","Messages":[{"SequenceNumber":54,"MetaDataVersion":{"MajorVersion":1},"Timestamp":"2024-04-27T11:47:28.927715Z","MessageType":"ua-deltaframe","DataSetWriterName":"<<UnknownDataSet>>","Payload":{"nsu=http://opcfoundation.org/UA/Plc/Applications;s=StepUp":{"Value":602,"SourceTimestamp":"2024-04-27T11:47:28.8816672Z","ServerTimestamp":"2024-04-27T11:47:28.8816704Z"},"nsu=http://opcfoundation.org/UA/Plc/Applications;s=AlternatingBoolean":{"Value":true,"SourceTimestamp":"2024-04-27T11:47:28.7883308Z","ServerTimestamp":"2024-04-27T11:47:28.7883341Z"},"nsu=http://opcfoundation.org/UA/Plc/Applications;s=RandomSignedInt32":{"Value":423927820,"SourceTimestamp":"2024-04-27T11:47:28.8817065Z","ServerTimestamp":"2024-04-27T11:47:28.8817078Z"},"nsu=http://opcfoundation.org/UA/Plc/Applications;s=RandomUnsignedInt32":{"Value":228941259,"SourceTimestamp":"2024-04-27T11:47:28.8816673Z","ServerTimestamp":"2024-04-27T11:47:28.881695Z"},"nsu=http://opcfoundation.org/UA/Plc/Applications;s=DipData":{"Value":-12.533323356430378,"SourceTimestamp":"2024-04-27T11:47:28.881684Z","ServerTimestamp":"2024-04-27T11:47:28.8816857Z"},"nsu=http://opcfoundation.org/UA/Plc/Applications;s=FastUIntScalar1":{"Value":60,"SourceTimestamp":"2024-04-27T11:47:28.6785228Z","ServerTimestamp":"2024-04-27T11:47:28.6785235Z"},"nsu=http://opcfoundation.org/UA/Plc/Applications;s=FastUIntScalar2":{"Value":60,"SourceTimestamp":"2024-04-27T11:47:28.6785256Z","ServerTimestamp":"2024-04-27T11:47:28.6785264Z"},"nsu=http://opcfoundation.org/UA/Plc/Applications;s=FastUIntScalar3":{"Value":60,"SourceTimestamp":"2024-04-27T11:47:28.6785276Z","ServerTimestamp":"2024-04-27T11:47:28.6785303Z"},"nsu=http://opcfoundation.org/UA/Plc/Applications;s=FastRandomUIntScalar1":{"Value":2265578483,"SourceTimestamp":"2024-04-27T11:47:28.6785251Z","ServerTimestamp":"2024-04-27T11:47:28.6785289Z"},"nsu=http://opcfoundation.org/UA/Plc/Applications;s=FastRandomUIntScalar2":{"Value":3759347174,"SourceTimestamp":"2024-04-27T11:47:28.6785303Z","ServerTimestamp":"2024-04-27T11:47:28.6785314Z"},"nsu=http://opcfoundation.org/UA/Plc/Applications;s=FastRandomUIntScalar3":{"Value":1203034636,"SourceTimestamp":"2024-04-27T11:47:28.6785328Z","ServerTimestamp":"2024-04-27T11:47:28.6785333Z"},"nsu=http://opcfoundation.org/UA/Plc/Applications;s=NegativeTrendData":{"Value":99.700000000000003,"SourceTimestamp":"2024-04-27T11:47:28.7883499Z","ServerTimestamp":"2024-04-27T11:47:28.7883551Z"},"nsu=http://opcfoundation.org/UA/Plc/Applications;s=PositiveTrendData":{"Value":101,"SourceTimestamp":"2024-04-27T11:47:28.7883407Z","ServerTimestamp":"2024-04-27T11:47:28.7883421Z"},"nsu=http://opcfoundation.org/UA/Plc/Applications;s=SpikeData":{"Value":-12.533323356430378,"SourceTimestamp":"2024-04-27T11:47:28.8816952Z","ServerTimestamp":"2024-04-27T11:47:28.8816992Z"}}}]}