{"MessageId":"d19a1cee-6980-43bf-a1ea-e2f53fc3c4ce","MessageType":"ua-data","PublisherId":"DESKTOP-BGFJS91","DataSetWriterGroup":"<<UnknownWriterGroup>>","Messages":[{"SequenceNumber":55,"MetaDataVersion":{"MajorVersion":1},"Timestamp":"2024-04-27T11:47:29.9795795Z","MessageType":"ua-deltaframe","DataSetWriterName":"<<UnknownDataSet>>","Payload":{"nsu=http://opcfoundation.org/UA/Plc/Applications;s=StepUp":{"Value":613,"SourceTimestamp":"2024-04-27T11:47:29.9787655Z","ServerTimestamp":"2024-04-27T11:47:29.9787703Z"},"nsu=http://opcfoundation.org/UA/Plc/Applications;s=RandomSignedInt32":{"Value":498419350,"SourceTimestamp":"2024-04-27T11:47:29.9787987Z","ServerTimestamp":"2024-04-27T11:47:29.9788182Z"},"nsu=http://opcfoundation.org/UA/Plc/Applications;s=RandomUnsignedInt32":{"Value":1170840375,"SourceTimestamp":"2024-04-27T11:47:29.9787905Z","ServerTimestamp":"2024-04-27T11:47:29.9787941Z"},"nsu=http://opcfoundation.org/UA/Plc/Applications;s=DipData":{"Value":-98.228725072868855,"SourceTimestamp":"2024-04-27T11:47:29.8849892Z","ServerTimestamp":"2024-04-27T11:47:29.8850139Z"},"nsu=http://opcfoundation.org/UA/Plc/Applications;s=FastUIntScalar1":{"Value":61,"SourceTimestamp":"2024-04-27T11:47:29.681561Z","ServerTimestamp":"2024-04-27T11:47:29.6815686Z"},"nsu=http://opcfoundation.org/UA/Plc/Applications;s=FastUIntScalar2":{"Value":61,"SourceTimestamp":"2024-04-27T11:47:29.6815918Z","ServerTimestamp":"2024-04-27T11:47:29.6815924Z"},"nsu=http://opcfoundation.org/UA/Plc/Applications;s=FastUIntScalar3":{"Value":61,"SourceTimestamp":"2024-04-27T11:47:29.6815938Z","ServerTimestamp":"2024-04-27T11:47:29.6815966Z"},"nsu=http://opcfoundation.org/UA/Plc/Applications;s=FastRandomUIntScalar1":{"Value":337743540,"SourceTimestamp":"2024-04-27T11:47:29.681558Z","ServerTimestamp":"2024-04-27T11:47:29.6815599Z"},"nsu=http://opcfoundation.org/UA/Plc/Applications;s=FastRandomUIntScalar2":{"Value":3754816930,"SourceTimestamp":"2024-04-27T11:47:29.6815682Z","ServerTimestamp":"2024-04-27T11:47:29.6816088Z"},"nsu=http://opcfoundation.org/UA/Plc/Applications;s=FastRandomUIntScalar3":{"Value":3372922148,"SourceTimestamp":"2024-04-27T11:47:29.6816217Z","ServerTimestamp":"2024-04-27T11:47:29.6816255Z"},"nsu=http://opcfoundation.org/UA/Plc/Applications;s=SpikeData":{"Value":-98.228725072868855,"SourceTimestamp":"2024-04-27T11:47:29.884988Z","ServerTimestamp":"2024-04-27T11:47:29.8849889Z"}}}]}