{"MessageId":"0d232b83-0d97-4186-b3f5-8b3f5fd10856","MessageType":"ua-data","PublisherId":"DESKTOP-BGFJS91","DataSetWriterGroup":"<<UnknownWriterGroup>>","Messages":[{"SequenceNumber":64,"MetaDataVersion":{"MajorVersion":1},"Timestamp":"2024-04-27T11:47:39.9646673Z","MessageType":"ua-deltaframe","DataSetWriterName":"<<UnknownDataSet>>","Payload":{"nsu=http://opcfoundation.org/UA/Plc/Applications;s=StepUp":{"Value":712,"SourceTimestamp":"2024-04-27T11:47:39.8863809Z","ServerTimestamp":"2024-04-27T11:47:39.8863833Z"},"nsu=http://opcfoundation.org/UA/Plc/Applications;s=RandomSignedInt32":{"Value":-1104413067,"SourceTimestamp":"2024-04-27T11:47:39.8864025Z","ServerTimestamp":"2024-04-27T11:47:39.8864034Z"},"nsu=http://opcfoundation.org/UA/Plc/Applications;s=RandomUnsignedInt32":{"Value":127087643,"SourceTimestamp":"2024-04-27T11:47:39.8863896Z","ServerTimestamp":"2024-04-27T11:47:39.8863941Z"},"nsu=http://opcfoundation.org/UA/Plc/Applications;s=DipData":{"Value":-98.228725072868855,"SourceTimestamp":"2024-04-27T11:47:39.8864099Z","ServerTimestamp":"2024-04-27T11:47:39.8864122Z"},"nsu=http://opcfoundation.org/UA/Plc/Applications;s=FastUIntScalar1":{"Value":71,"SourceTimestamp":"2024-04-27T11:47:39.6870634Z","ServerTimestamp":"2024-04-27T11:47:39.6870705Z"},"nsu=http://opcfoundation.org/UA/Plc/Applications;s=FastUIntScalar2":{"Value":71,"SourceTimestamp":"2024-04-27T11:47:39.6870725Z","ServerTimestamp":"2024-04-27T11:47:39.6870733Z"},"nsu=http://opcfoundation.org/UA/Plc/Applications;s=FastUIntScalar3":{"Value":71,"SourceTimestamp":"2024-04-27T11:47:39.6870752Z","ServerTimestamp":"2024-04-27T11:47:39.6870841Z"},"nsu=http://opcfoundation.org/UA/Plc/Applications;s=FastRandomUIntScalar1":{"Value":97141650,"SourceTimestamp":"2024-04-27T11:47:39.6870776Z","ServerTimestamp":"2024-04-27T11:47:39.6870858Z"},"nsu=http://opcfoundation.org/UA/Plc/Applications;s=FastRandomUIntScalar2":{"Value":2690550440,"SourceTimestamp":"2024-04-27T11:47:39.687095Z","ServerTimestamp":"2024-04-27T11:47:39.6870989Z"},"nsu=http://opcfoundation.org/UA/Plc/Applications;s=FastRandomUIntScalar3":{"Value":4109077506,"SourceTimestamp":"2024-04-27T11:47:39.6871015Z","ServerTimestamp":"2024-04-27T11:47:39.6871076Z"},"nsu=http://opcfoundation.org/UA/Plc/Applications;s=SpikeData":{"Value":-98.228725072868855,"SourceTimestamp":"2024-04-27T11:47:39.8864175Z","ServerTimestamp":"2024-04-27T11:47:39.8864184Z"}}}]}