{"MessageId":"a78882f0-d595-4a66-aa3d-c7ae99eb325b","MessageType":"ua-data","PublisherId":"DESKTOP-BGFJS91","DataSetWriterGroup":"<<UnknownWriterGroup>>","Messages":[{"SequenceNumber":67,"MetaDataVersion":{"MajorVersion":1},"Timestamp":"2024-04-27T11:47:43.9857123Z","MessageType":"ua-deltaframe","DataSetWriterName":"<<UnknownDataSet>>","Payload":{"nsu=http://opcfoundation.org/UA/Plc/Applications;s=StepUp":{"Value":753,"SourceTimestamp":"2024-04-27T11:47:43.9850165Z","ServerTimestamp":"2024-04-27T11:47:43.9850218Z"},"nsu=http://opcfoundation.org/UA/Plc/Applications;s=AlternatingBoolean":{"Value":false,"SourceTimestamp":"2024-04-27T11:47:43.7814073Z","ServerTimestamp":"2024-04-27T11:47:43.781417Z"},"nsu=http://opcfoundation.org/UA/Plc/Applications;s=RandomSignedInt32":{"Value":-1749970321,"SourceTimestamp":"2024-04-27T11:47:43.9851025Z","ServerTimestamp":"2024-04-27T11:47:43.9851135Z"},"nsu=http://opcfoundation.org/UA/Plc/Applications;s=RandomUnsignedInt32":{"Value":271532136,"SourceTimestamp":"2024-04-27T11:47:43.8751347Z","ServerTimestamp":"2024-04-27T11:47:43.8751391Z"},"nsu=http://opcfoundation.org/UA/Plc/Applications;s=DipData":{"Value":-12.533323356430378,"SourceTimestamp":"2024-04-27T11:47:43.875189Z","ServerTimestamp":"2024-04-27T11:47:43.8751919Z"},"nsu=http://opcfoundation.org/UA/Plc/Applications;s=FastUIntScalar1":{"Value":75,"SourceTimestamp":"2024-04-27T11:47:43.6895857Z","ServerTimestamp":"2024-04-27T11:47:43.6895961Z"},"nsu=http://opcfoundation.org/UA/Plc/Applications;s=FastUIntScalar2":{"Value":75,"SourceTimestamp":"2024-04-27T11:47:43.6895977Z","ServerTimestamp":"2024-04-27T11:47:43.689601Z"},"nsu=http://opcfoundation.org/UA/Plc/Applications;s=FastUIntScalar3":{"Value":75,"SourceTimestamp":"2024-04-27T11:47:43.6896021Z","ServerTimestamp":"2024-04-27T11:47:43.6896031Z"},"nsu=http://opcfoundation.org/UA/Plc/Applications;s=FastRandomUIntScalar1":{"Value":510402713,"SourceTimestamp":"2024-04-27T11:47:43.6895859Z","ServerTimestamp":"2024-04-27T11:47:43.6895992Z"},"nsu=http://opcfoundation.org/UA/Plc/Applications;s=FastRandomUIntScalar2":{"Value":805283066,"SourceTimestamp":"2024-04-27T11:47:43.689601Z","ServerTimestamp":"2024-04-27T11:47:43.6896021Z"},"nsu=http://opcfoundation.org/UA/Plc/Applications;s=FastRandomUIntScalar3":{"Value":3947716521,"SourceTimestamp":"2024-04-27T11:47:43.6896031Z","ServerTimestamp":"2024-04-27T11:47:43.689604Z"},"nsu=http://opcfoundation.org/UA/Plc/Applications;s=NegativeTrendData":{"Value":99.400000000000006,"SourceTimestamp":"2024-04-27T11:47:43.7814251Z","ServerTimestamp":"2024-04-27T11:47:43.7814269Z"},"nsu=http://opcfoundation.org/UA/Plc/Applications;s=PositiveTrendData":{"Value":101.3,"SourceTimestamp":"2024-04-27T11:47:43.7814284Z","ServerTimestamp":"2024-04-27T11:47:43.7814322Z"},"nsu=http://opcfoundation.org/UA/Plc/Applications;s=SpikeData":{"Value":-12.533323356430378,"SourceTimestamp":"2024-04-27T11:47:43.8752024Z","ServerTimestamp":"2024-04-27T11:47:43.8752221Z"}}}]}