{"MessageId":"3d979579-b396-49a7-b7e5-c4a2b70237c9","MessageType":"ua-data","PublisherId":"DESKTOP-BGFJS91","DataSetWriterGroup":"<<UnknownWriterGroup>>","Messages":[{"SequenceNumber":68,"MetaDataVersion":{"MajorVersion":1},"Timestamp":"2024-04-27T11:47:44.9742275Z","MessageType":"ua-deltaframe","DataSetWriterName":"<<UnknownDataSet>>","Payload":{"nsu=http://opcfoundation.org/UA/Plc/Applications;s=StepUp":{"Value":762,"SourceTimestamp":"2024-04-27T11:47:44.8818543Z","ServerTimestamp":"2024-04-27T11:47:44.8818576Z"},"nsu=http://opcfoundation.org/UA/Plc/Applications;s=RandomSignedInt32":{"Value":-584942746,"SourceTimestamp":"2024-04-27T11:47:44.8818778Z","ServerTimestamp":"2024-04-27T11:47:44.8818823Z"},"nsu=http://opcfoundation.org/UA/Plc/Applications;s=RandomUnsignedInt32":{"Value":8088953,"SourceTimestamp":"2024-04-27T11:47:44.8818685Z","ServerTimestamp":"2024-04-27T11:47:44.88187Z"},"nsu=http://opcfoundation.org/UA/Plc/Applications;s=DipData":{"Value":-98.228725072868855,"SourceTimestamp":"2024-04-27T11:47:44.8818867Z","ServerTimestamp":"2024-04-27T11:47:44.8818875Z"},"nsu=http://opcfoundation.org/UA/Plc/Applications;s=FastUIntScalar1":{"Value":76,"SourceTimestamp":"2024-04-27T11:47:44.6820514Z","ServerTimestamp":"2024-04-27T11:47:44.6820546Z"},"nsu=http://opcfoundation.org/UA/Plc/Applications;s=FastUIntScalar2":{"Value":76,"SourceTimestamp":"2024-04-27T11:47:44.6820658Z","ServerTimestamp":"2024-04-27T11:47:44.6820668Z"},"nsu=http://opcfoundation.org/UA/Plc/Applications;s=FastUIntScalar3":{"Value":76,"SourceTimestamp":"2024-04-27T11:47:44.6820686Z","ServerTimestamp":"2024-04-27T11:47:44.6820694Z"},"nsu=http://opcfoundation.org/UA/Plc/Applications;s=FastRandomUIntScalar1":{"Value":199598512,"SourceTimestamp":"2024-04-27T11:47:44.6820356Z","ServerTimestamp":"2024-04-27T11:47:44.6820367Z"},"nsu=http://opcfoundation.org/UA/Plc/Applications;s=FastRandomUIntScalar2":{"Value":3025688574,"SourceTimestamp":"2024-04-27T11:47:44.6820384Z","ServerTimestamp":"2024-04-27T11:47:44.6820392Z"},"nsu=http://opcfoundation.org/UA/Plc/Applications;s=FastRandomUIntScalar3":{"Value":423597671,"SourceTimestamp":"2024-04-27T11:47:44.6820403Z","ServerTimestamp":"2024-04-27T11:47:44.6820409Z"},"nsu=http://opcfoundation.org/UA/Plc/Applications;s=SpikeData":{"Value":-98.228725072868855,"SourceTimestamp":"2024-04-27T11:47:44.8818896Z","ServerTimestamp":"2024-04-27T11:47:44.8818931Z"}}}]}