{"MessageId":"c7161623-cf4c-4468-b056-38073ccf45d8","MessageType":"ua-data","PublisherId":"DESKTOP-BGFJS91","DataSetWriterGroup":"<<UnknownWriterGroup>>","Messages":[{"SequenceNumber":70,"MetaDataVersion":{"MajorVersion":1},"Timestamp":"2024-04-27T11:47:46.959588Z","MessageType":"ua-deltaframe","DataSetWriterName":"<<UnknownDataSet>>","Payload":{"nsu=http://opcfoundation.org/UA/Plc/Applications;s=StepUp":{"Value":782,"SourceTimestamp":"2024-04-27T11:47:46.8811775Z","ServerTimestamp":"2024-04-27T11:47:46.8811807Z"},"nsu=http://opcfoundation.org/UA/Plc/Applications;s=RandomSignedInt32":{"Value":-1371052956,"SourceTimestamp":"2024-04-27T11:47:46.8811989Z","ServerTimestamp":"2024-04-27T11:47:46.8812043Z"},"nsu=http://opcfoundation.org/UA/Plc/Applications;s=RandomUnsignedInt32":{"Value":1782575981,"SourceTimestamp":"2024-04-27T11:47:46.8811893Z","ServerTimestamp":"2024-04-27T11:47:46.8811908Z"},"nsu=http://opcfoundation.org/UA/Plc/Applications;s=DipData":{"Value":68.45471059286885,"SourceTimestamp":"2024-04-27T11:47:46.8812063Z","ServerTimestamp":"2024-04-27T11:47:46.8812073Z"},"nsu=http://opcfoundation.org/UA/Plc/Applications;s=FastUIntScalar1":{"Value":78,"SourceTimestamp":"2024-04-27T11:47:46.6804835Z","ServerTimestamp":"2024-04-27T11:47:46.6805009Z"},"nsu=http://opcfoundation.org/UA/Plc/Applications;s=FastUIntScalar2":{"Value":78,"SourceTimestamp":"2024-04-27T11:47:46.6805061Z","ServerTimestamp":"2024-04-27T11:47:46.6805077Z"},"nsu=http://opcfoundation.org/UA/Plc/Applications;s=FastUIntScalar3":{"Value":78,"SourceTimestamp":"2024-04-27T11:47:46.6805136Z","ServerTimestamp":"2024-04-27T11:47:46.6805208Z"},"nsu=http://opcfoundation.org/UA/Plc/Applications;s=FastRandomUIntScalar1":{"Value":2605570894,"SourceTimestamp":"2024-04-27T11:47:46.680479Z","ServerTimestamp":"2024-04-27T11:47:46.680481Z"},"nsu=http://opcfoundation.org/UA/Plc/Applications;s=FastRandomUIntScalar2":{"Value":4279911746,"SourceTimestamp":"2024-04-27T11:47:46.6804841Z","ServerTimestamp":"2024-04-27T11:47:46.6805182Z"},"nsu=http://opcfoundation.org/UA/Plc/Applications;s=FastRandomUIntScalar3":{"Value":1052217720,"SourceTimestamp":"2024-04-27T11:47:46.6805219Z","ServerTimestamp":"2024-04-27T11:47:46.6805254Z"},"nsu=http://opcfoundation.org/UA/Plc/Applications;s=SpikeData":{"Value":68.45471059286885,"SourceTimestamp":"2024-04-27T11:47:46.8812124Z","ServerTimestamp":"2024-04-27T11:47:46.8812134Z"}}}]}