{"MessageId":"d3a2c34e-8551-433e-97f8-b2557f8ed2fc","MessageType":"ua-data","PublisherId":"DESKTOP-BGFJS91","DataSetWriterGroup":"<<UnknownWriterGroup>>","Messages":[{"SequenceNumber":71,"MetaDataVersion":{"MajorVersion":1},"Timestamp":"2024-04-27T11:47:47.9458867Z","MessageType":"ua-deltaframe","DataSetWriterName":"<<UnknownDataSet>>","Payload":{"nsu=http://opcfoundation.org/UA/Plc/Applications;s=StepUp":{"Value":792,"SourceTimestamp":"2024-04-27T11:47:47.8834811Z","ServerTimestamp":"2024-04-27T11:47:47.8834836Z"},"nsu=http://opcfoundation.org/UA/Plc/Applications;s=RandomSignedInt32":{"Value":1361740459,"SourceTimestamp":"2024-04-27T11:47:47.8835084Z","ServerTimestamp":"2024-04-27T11:47:47.8835122Z"},"nsu=http://opcfoundation.org/UA/Plc/Applications;s=RandomUnsignedInt32":{"Value":1876404480,"SourceTimestamp":"2024-04-27T11:47:47.8834964Z","ServerTimestamp":"2024-04-27T11:47:47.8835015Z"},"nsu=http://opcfoundation.org/UA/Plc/Applications;s=DipData":{"Value":90.482705246601952,"SourceTimestamp":"2024-04-27T11:47:47.8835084Z","ServerTimestamp":"2024-04-27T11:47:47.8835106Z"},"nsu=http://opcfoundation.org/UA/Plc/Applications;s=FastUIntScalar1":{"Value":79,"SourceTimestamp":"2024-04-27T11:47:47.6837058Z","ServerTimestamp":"2024-04-27T11:47:47.6837094Z"},"nsu=http://opcfoundation.org/UA/Plc/Applications;s=FastUIntScalar2":{"Value":79,"SourceTimestamp":"2024-04-27T11:47:47.6837151Z","ServerTimestamp":"2024-04-27T11:47:47.6837173Z"},"nsu=http://opcfoundation.org/UA/Plc/Applications;s=FastUIntScalar3":{"Value":79,"SourceTimestamp":"2024-04-27T11:47:47.6837187Z","ServerTimestamp":"2024-04-27T11:47:47.6837311Z"},"nsu=http://opcfoundation.org/UA/Plc/Applications;s=FastRandomUIntScalar1":{"Value":3387188442,"SourceTimestamp":"2024-04-27T11:47:47.6837135Z","ServerTimestamp":"2024-04-27T11:47:47.6837142Z"},"nsu=http://opcfoundation.org/UA/Plc/Applications;s=FastRandomUIntScalar2":{"Value":3473949103,"SourceTimestamp":"2024-04-27T11:47:47.683717Z","ServerTimestamp":"2024-04-27T11:47:47.6837185Z"},"nsu=http://opcfoundation.org/UA/Plc/Applications;s=FastRandomUIntScalar3":{"Value":411870558,"SourceTimestamp":"2024-04-27T11:47:47.6837197Z","ServerTimestamp":"2024-04-27T11:47:47.6837279Z"},"nsu=http://opcfoundation.org/UA/Plc/Applications;s=SpikeData":{"Value":90.482705246601952,"SourceTimestamp":"2024-04-27T11:47:47.8835134Z","ServerTimestamp":"2024-04-27T11:47:47.8835168Z"}}}]}