{"MessageId":"0beb8cf7-3f8a-4b70-a632-26872371d83a","MessageType":"ua-data","PublisherId":"DESKTOP-BGFJS91","DataSetWriterGroup":"<<UnknownWriterGroup>>","Messages":[{"SequenceNumber":77,"MetaDataVersion":{"MajorVersion":1},"Timestamp":"2024-04-27T11:47:53.9509514Z","MessageType":"ua-deltaframe","DataSetWriterName":"<<UnknownDataSet>>","Payload":{"nsu=http://opcfoundation.org/UA/Plc/Applications;s=StepUp":{"Value":852,"SourceTimestamp":"2024-04-27T11:47:53.888676Z","ServerTimestamp":"2024-04-27T11:47:53.8887096Z"},"nsu=http://opcfoundation.org/UA/Plc/Applications;s=AlternatingBoolean":{"Value":false,"SourceTimestamp":"2024-04-27T11:47:53.7802969Z","ServerTimestamp":"2024-04-27T11:47:53.7802982Z"},"nsu=http://opcfoundation.org/UA/Plc/Applications;s=RandomSignedInt32":{"Value":961946312,"SourceTimestamp":"2024-04-27T11:47:53.8887Z","ServerTimestamp":"2024-04-27T11:47:53.8887015Z"},"nsu=http://opcfoundation.org/UA/Plc/Applications;s=RandomUnsignedInt32":{"Value":1925433613,"SourceTimestamp":"2024-04-27T11:47:53.888676Z","ServerTimestamp":"2024-04-27T11:47:53.8886896Z"},"nsu=http://opcfoundation.org/UA/Plc/Applications;s=DipData":{"Value":-12.533323356430378,"SourceTimestamp":"2024-04-27T11:47:53.8887129Z","ServerTimestamp":"2024-04-27T11:47:53.8887147Z"},"nsu=http://opcfoundation.org/UA/Plc/Applications;s=FastUIntScalar1":{"Value":85,"SourceTimestamp":"2024-04-27T11:47:53.6857936Z","ServerTimestamp":"2024-04-27T11:47:53.6857956Z"},"nsu=http://opcfoundation.org/UA/Plc/Applications;s=FastUIntScalar2":{"Value":85,"SourceTimestamp":"2024-04-27T11:47:53.6858102Z","ServerTimestamp":"2024-04-27T11:47:53.6858163Z"},"nsu=http://opcfoundation.org/UA/Plc/Applications;s=FastUIntScalar3":{"Value":85,"SourceTimestamp":"2024-04-27T11:47:53.6858258Z","ServerTimestamp":"2024-04-27T11:47:53.6858264Z"},"nsu=http://opcfoundation.org/UA/Plc/Applications;s=FastRandomUIntScalar1":{"Value":861005098,"SourceTimestamp":"2024-04-27T11:47:53.6857995Z","ServerTimestamp":"2024-04-27T11:47:53.6858417Z"},"nsu=http://opcfoundation.org/UA/Plc/Applications;s=FastRandomUIntScalar2":{"Value":1994881482,"SourceTimestamp":"2024-04-27T11:47:53.6858474Z","ServerTimestamp":"2024-04-27T11:47:53.6858554Z"},"nsu=http://opcfoundation.org/UA/Plc/Applications;s=FastRandomUIntScalar3":{"Value":2936883870,"SourceTimestamp":"2024-04-27T11:47:53.6858566Z","ServerTimestamp":"2024-04-27T11:47:53.6858585Z"},"nsu=http://opcfoundation.org/UA/Plc/Applications;s=NegativeTrendData":{"Value":99.200000000000003,"SourceTimestamp":"2024-04-27T11:47:53.7803101Z","ServerTimestamp":"2024-04-27T11:47:53.7803122Z"},"nsu=http://opcfoundation.org/UA/Plc/Applications;s=PositiveTrendData":{"Value":101.5,"SourceTimestamp":"2024-04-27T11:47:53.7803157Z","ServerTimestamp":"2024-04-27T11:47:53.7803264Z"},"nsu=http://opcfoundation.org/UA/Plc/Applications;s=SpikeData":{"Value":-12.533323356430378,"SourceTimestamp":"2024-04-27T11:47:53.8887212Z","ServerTimestamp":"2024-04-27T11:47:53.8887273Z"}}}]}