{"MessageId":"403369cc-1b35-4b18-a73a-033a6e908460","MessageType":"ua-data","PublisherId":"DESKTOP-BGFJS91","DataSetWriterGroup":"<<UnknownWriterGroup>>","Messages":[{"SequenceNumber":9,"MetaDataVersion":{"MajorVersion":1},"Timestamp":"2024-04-27T11:46:38.9316632Z","MessageType":"ua-deltaframe","DataSetWriterName":"<<UnknownDataSet>>","Payload":{"nsu=http://opcfoundation.org/UA/Plc/Applications;s=StepUp":{"Value":102,"SourceTimestamp":"2024-04-27T11:46:38.8847514Z","ServerTimestamp":"2024-04-27T11:46:38.8847676Z"},"nsu=http://opcfoundation.org/UA/Plc/Applications;s=AlternatingBoolean":{"Value":true,"SourceTimestamp":"2024-04-27T11:46:38.7748045Z","ServerTimestamp":"2024-04-27T11:46:38.7748095Z"},"nsu=http://opcfoundation.org/UA/Plc/Applications;s=RandomSignedInt32":{"Value":-1825741535,"SourceTimestamp":"2024-04-27T11:46:38.8847829Z","ServerTimestamp":"2024-04-27T11:46:38.8847841Z"},"nsu=http://opcfoundation.org/UA/Plc/Applications;s=RandomUnsignedInt32":{"Value":653002225,"SourceTimestamp":"2024-04-27T11:46:38.884716Z","ServerTimestamp":"2024-04-27T11:46:38.8847197Z"},"nsu=http://opcfoundation.org/UA/Plc/Applications;s=DipData":{"Value":-12.533323356430378,"SourceTimestamp":"2024-04-27T11:46:38.8848056Z","ServerTimestamp":"2024-04-27T11:46:38.8848084Z"},"nsu=http://opcfoundation.org/UA/Plc/Applications;s=FastUIntScalar1":{"Value":10,"SourceTimestamp":"2024-04-27T11:46:38.6824216Z","ServerTimestamp":"2024-04-27T11:46:38.6824236Z"},"nsu=http://opcfoundation.org/UA/Plc/Applications;s=FastUIntScalar2":{"Value":10,"SourceTimestamp":"2024-04-27T11:46:38.6824318Z","ServerTimestamp":"2024-04-27T11:46:38.6824327Z"},"nsu=http://opcfoundation.org/UA/Plc/Applications;s=FastUIntScalar3":{"Value":10,"SourceTimestamp":"2024-04-27T11:46:38.6824348Z","ServerTimestamp":"2024-04-27T11:46:38.6824548Z"},"nsu=http://opcfoundation.org/UA/Plc/Applications;s=FastRandomUIntScalar1":{"Value":2213720098,"SourceTimestamp":"2024-04-27T11:46:38.6824334Z","ServerTimestamp":"2024-04-27T11:46:38.6824396Z"},"nsu=http://opcfoundation.org/UA/Plc/Applications;s=FastRandomUIntScalar2":{"Value":3672691515,"SourceTimestamp":"2024-04-27T11:46:38.6824479Z","ServerTimestamp":"2024-04-27T11:46:38.6824502Z"},"nsu=http://opcfoundation.org/UA/Plc/Applications;s=FastRandomUIntScalar3":{"Value":4022980572,"SourceTimestamp":"2024-04-27T11:46:38.6824524Z","ServerTimestamp":"2024-04-27T11:46:38.682458Z"},"nsu=http://opcfoundation.org/UA/Plc/Applications;s=SpikeData":{"Value":-12.533323356430378,"SourceTimestamp":"2024-04-27T11:46:38.8847858Z","ServerTimestamp":"2024-04-27T11:46:38.8847887Z"}}}]}