{"MessageId":"79170cc1-b67c-4360-81fa-056672ea33ce","MessageType":"ua-data","PublisherId":"DESKTOP-BGFJS91","DataSetWriterGroup":"<<UnknownWriterGroup>>","Messages":[{"SequenceNumber":82,"MetaDataVersion":{"MajorVersion":1},"Timestamp":"2024-04-27T11:47:59.9888603Z","MessageType":"ua-deltaframe","DataSetWriterName":"<<UnknownDataSet>>","Payload":{"nsu=http://opcfoundation.org/UA/Plc/Applications;s=StepUp":{"Value":912,"SourceTimestamp":"2024-04-27T11:47:59.878288Z","ServerTimestamp":"2024-04-27T11:47:59.878291Z"},"nsu=http://opcfoundation.org/UA/Plc/Applications;s=RandomSignedInt32":{"Value":-308785712,"SourceTimestamp":"2024-04-27T11:47:59.878325Z","ServerTimestamp":"2024-04-27T11:47:59.8783324Z"},"nsu=http://opcfoundation.org/UA/Plc/Applications;s=RandomUnsignedInt32":{"Value":157613053,"SourceTimestamp":"2024-04-27T11:47:59.8783326Z","ServerTimestamp":"2024-04-27T11:47:59.8783381Z"},"nsu=http://opcfoundation.org/UA/Plc/Applications;s=DipData":{"Value":-98.228725072868855,"SourceTimestamp":"2024-04-27T11:47:59.8783328Z","ServerTimestamp":"2024-04-27T11:47:59.8783366Z"},"nsu=http://opcfoundation.org/UA/Plc/Applications;s=FastUIntScalar1":{"Value":91,"SourceTimestamp":"2024-04-27T11:47:59.6755785Z","ServerTimestamp":"2024-04-27T11:47:59.6755877Z"},"nsu=http://opcfoundation.org/UA/Plc/Applications;s=FastUIntScalar2":{"Value":91,"SourceTimestamp":"2024-04-27T11:47:59.6755901Z","ServerTimestamp":"2024-04-27T11:47:59.6755975Z"},"nsu=http://opcfoundation.org/UA/Plc/Applications;s=FastUIntScalar3":{"Value":91,"SourceTimestamp":"2024-04-27T11:47:59.6755986Z","ServerTimestamp":"2024-04-27T11:47:59.6755991Z"},"nsu=http://opcfoundation.org/UA/Plc/Applications;s=FastRandomUIntScalar1":{"Value":3225358521,"SourceTimestamp":"2024-04-27T11:47:59.6755808Z","ServerTimestamp":"2024-04-27T11:47:59.6755863Z"},"nsu=http://opcfoundation.org/UA/Plc/Applications;s=FastRandomUIntScalar2":{"Value":2583696687,"SourceTimestamp":"2024-04-27T11:47:59.6755877Z","ServerTimestamp":"2024-04-27T11:47:59.67559Z"},"nsu=http://opcfoundation.org/UA/Plc/Applications;s=FastRandomUIntScalar3":{"Value":3892671344,"SourceTimestamp":"2024-04-27T11:47:59.6755908Z","ServerTimestamp":"2024-04-27T11:47:59.6755958Z"},"nsu=http://opcfoundation.org/UA/Plc/Applications;s=SpikeData":{"Value":-98.228725072868855,"SourceTimestamp":"2024-04-27T11:47:59.8783094Z","ServerTimestamp":"2024-04-27T11:47:59.878318Z"}}}]}