{"MessageId":"c9f92dd5-7279-4955-95ad-31c2285bd9fe","MessageType":"ua-data","PublisherId":"DESKTOP-BGFJS91","DataSetWriterGroup":"<<UnknownWriterGroup>>","Messages":[{"SequenceNumber":88,"MetaDataVersion":{"MajorVersion":1},"Timestamp":"2024-04-27T11:48:06.9754913Z","MessageType":"ua-deltaframe","DataSetWriterName":"<<UnknownDataSet>>","Payload":{"nsu=http://opcfoundation.org/UA/Plc/Applications;s=StepUp":{"Value":982,"SourceTimestamp":"2024-04-27T11:48:06.8835038Z","ServerTimestamp":"2024-04-27T11:48:06.8835077Z"},"nsu=http://opcfoundation.org/UA/Plc/Applications;s=RandomSignedInt32":{"Value":285335007,"SourceTimestamp":"2024-04-27T11:48:06.883533Z","ServerTimestamp":"2024-04-27T11:48:06.8835467Z"},"nsu=http://opcfoundation.org/UA/Plc/Applications;s=RandomUnsignedInt32":{"Value":1701068126,"SourceTimestamp":"2024-04-27T11:48:06.8835314Z","ServerTimestamp":"2024-04-27T11:48:06.8835344Z"},"nsu=http://opcfoundation.org/UA/Plc/Applications;s=DipData":{"Value":68.45471059286885,"SourceTimestamp":"2024-04-27T11:48:06.883569Z","ServerTimestamp":"2024-04-27T11:48:06.8835716Z"},"nsu=http://opcfoundation.org/UA/Plc/Applications;s=FastUIntScalar1":{"Value":98,"SourceTimestamp":"2024-04-27T11:48:06.6842066Z","ServerTimestamp":"2024-04-27T11:48:06.6842425Z"},"nsu=http://opcfoundation.org/UA/Plc/Applications;s=FastUIntScalar2":{"Value":98,"SourceTimestamp":"2024-04-27T11:48:06.6842463Z","ServerTimestamp":"2024-04-27T11:48:06.6842474Z"},"nsu=http://opcfoundation.org/UA/Plc/Applications;s=FastUIntScalar3":{"Value":98,"SourceTimestamp":"2024-04-27T11:48:06.6842489Z","ServerTimestamp":"2024-04-27T11:48:06.6842494Z"},"nsu=http://opcfoundation.org/UA/Plc/Applications;s=FastRandomUIntScalar1":{"Value":3408190604,"SourceTimestamp":"2024-04-27T11:48:06.6842106Z","ServerTimestamp":"2024-04-27T11:48:06.6842258Z"},"nsu=http://opcfoundation.org/UA/Plc/Applications;s=FastRandomUIntScalar2":{"Value":254817998,"SourceTimestamp":"2024-04-27T11:48:06.6842332Z","ServerTimestamp":"2024-04-27T11:48:06.684234Z"},"nsu=http://opcfoundation.org/UA/Plc/Applications;s=FastRandomUIntScalar3":{"Value":995976993,"SourceTimestamp":"2024-04-27T11:48:06.6842356Z","ServerTimestamp":"2024-04-27T11:48:06.6842407Z"},"nsu=http://opcfoundation.org/UA/Plc/Applications;s=SpikeData":{"Value":68.45471059286885,"SourceTimestamp":"2024-04-27T11:48:06.8835674Z","ServerTimestamp":"2024-04-27T11:48:06.8835682Z"}}}]}