{"MessageId":"bbc35b2a-f82c-48b3-b68f-c9853d6f57fb","MessageType":"ua-data","PublisherId":"DESKTOP-BGFJS91","DataSetWriterGroup":"<<UnknownWriterGroup>>","Messages":[{"DataSetWriterId":22,"SequenceNumber":107,"MetaDataVersion":{"MajorVersion":1},"Timestamp":"2024-04-27T10:51:05.0792203Z","MessageType":"ua-deltaframe","DataSetWriterName":"Packaging","Payload":{"nsu=http://opcfoundation.org/UA/Plc/Applications;s=SpikeData":{"Value":-77.0513242775789,"SourceTimestamp":"2024-04-27T10:51:05.0164336Z","ServerTimestamp":"2024-04-27T10:51:05.0164348Z"}}}]}