{"MessageId":"b4086948-e041-4eb6-b8ad-b0c7fb3e0a70","MessageType":"ua-data","PublisherId":"DESKTOP-BGFJS91","DataSetWriterGroup":"<<UnknownWriterGroup>>","Messages":[{"DataSetWriterId":22,"SequenceNumber":18,"MetaDataVersion":{"MajorVersion":1},"Timestamp":"2024-04-27T10:49:31.0974015Z","MessageType":"ua-deltaframe","DataSetWriterName":"Packaging","Payload":{"nsu=http://opcfoundation.org/UA/Plc/Applications;s=SpikeData":{"Value":-84.432792550201526,"SourceTimestamp":"2024-04-27T10:49:31.0201887Z","ServerTimestamp":"2024-04-27T10:49:31.0202477Z"}}}]}