{"MessageId":"dbdb35fb-d8b2-490e-a95a-6d90365d62a2","MessageType":"ua-data","PublisherId":"DESKTOP-BGFJS91","DataSetWriterGroup":"<<UnknownWriterGroup>>","Messages":[{"DataSetWriterId":22,"SequenceNumber":26,"MetaDataVersion":{"MajorVersion":1},"Timestamp":"2024-04-27T10:49:39.0668525Z","MessageType":"ua-deltaframe","DataSetWriterName":"Packaging","Payload":{"nsu=http://opcfoundation.org/UA/Plc/Applications;s=SpikeData":{"Value":36.812455268467801,"SourceTimestamp":"2024-04-27T10:49:39.0207721Z","ServerTimestamp":"2024-04-27T10:49:39.0207765Z"}}}]}