{"MessageId":"5f5410a3-5f9a-426b-8b58-de0042bf136b","MessageType":"ua-data","PublisherId":"DESKTOP-BGFJS91","DataSetWriterGroup":"<<UnknownWriterGroup>>","Messages":[{"DataSetWriterId":22,"SequenceNumber":36,"MetaDataVersion":{"MajorVersion":1},"Timestamp":"2024-04-27T10:49:50.1096323Z","MessageType":"ua-deltaframe","DataSetWriterName":"Packaging","Payload":{"nsu=http://opcfoundation.org/UA/Plc/Applications;s=SpikeData":{"Value":-77.0513242775789,"SourceTimestamp":"2024-04-27T10:49:50.0160841Z","ServerTimestamp":"2024-04-27T10:49:50.0160869Z"}}}]}