{"MessageId":"216e76a6-2ad1-405f-a83a-a857219600d9","MessageType":"ua-data","PublisherId":"DESKTOP-BGFJS91","DataSetWriterGroup":"<<UnknownWriterGroup>>","Messages":[{"DataSetWriterId":22,"SequenceNumber":37,"MetaDataVersion":{"MajorVersion":1},"Timestamp":"2024-04-27T10:49:51.1002429Z","MessageType":"ua-deltaframe","DataSetWriterName":"Packaging","Payload":{"nsu=http://opcfoundation.org/UA/Plc/Applications;s=SpikeData":{"Value":-84.432792550201526,"SourceTimestamp":"2024-04-27T10:49:51.0228806Z","ServerTimestamp":"2024-04-27T10:49:51.0228956Z"}}}]}