{"MessageId":"f8c2c1c4-9d28-4af8-97a3-16ebb53852de","MessageType":"ua-data","PublisherId":"DESKTOP-BGFJS91","DataSetWriterGroup":"<<UnknownWriterGroup>>","Messages":[{"DataSetWriterId":22,"SequenceNumber":67,"MetaDataVersion":{"MajorVersion":1},"Timestamp":"2024-04-27T10:50:22.0657031Z","MessageType":"ua-deltaframe","DataSetWriterName":"Packaging","Payload":{"nsu=http://opcfoundation.org/UA/Plc/Applications;s=SpikeData":{"Value":24.868988716485482,"SourceTimestamp":"2024-04-27T10:50:22.0196778Z","ServerTimestamp":"2024-04-27T10:50:22.0197049Z"}}}]}