{"MessageId":"b8821560-1ad8-46dd-85ca-e5ff267e8a94","MessageType":"ua-data","PublisherId":"DESKTOP-BGFJS91","DataSetWriterGroup":"<<UnknownWriterGroup>>","Messages":[{"DataSetWriterId":22,"SequenceNumber":71,"MetaDataVersion":{"MajorVersion":1},"Timestamp":"2024-04-27T10:50:27.0972927Z","MessageType":"ua-deltaframe","DataSetWriterName":"Packaging","Payload":{"nsu=http://opcfoundation.org/UA/Plc/Applications;s=SpikeData":{"Value":24.868988716485482,"SourceTimestamp":"2024-04-27T10:50:27.0198138Z","ServerTimestamp":"2024-04-27T10:50:27.0198762Z"}}}]}