{"NodeId":"nsu=http://opcfoundation.org/UA/Plc/Applications;s=SlowUIntScalar1","EndpointUrl":"opc.tcp://localhost:61457/UA/SampleServer","ApplicationUri":"urn:desktop-bgfjs91:OPCFoundation:CoreSampleServer","DisplayName":"nsu=http://opcfoundation.org/UA/Plc/Applications;s=SlowUIntScalar1","Timestamp":"2024-04-27T14:03:17.0617515Z","Value":{"Value":{"Type":7,"Body":4},"SourceTimestamp":"2024-04-27T14:03:15.5612746Z","ServerTimestamp":"2024-04-27T14:03:15.561277Z"},"SequenceNumber":4,"ExtensionFields":{}}