{"NodeId":"nsu=http://opcfoundation.org/UA/Plc/Applications;s=SlowUIntScalar1","EndpointUrl":"opc.tcp://localhost:61457/UA/SampleServer","ApplicationUri":"urn:desktop-bgfjs91:OPCFoundation:CoreSampleServer","DisplayName":"nsu=http://opcfoundation.org/UA/Plc/Applications;s=SlowUIntScalar1","Timestamp":"2024-04-27T14:03:37.0351807Z","Value":{"Value":{"Type":7,"Body":6},"SourceTimestamp":"2024-04-27T14:03:35.5636076Z","ServerTimestamp":"2024-04-27T14:03:35.5636121Z"},"SequenceNumber":6,"ExtensionFields":{}}