{"NodeId":"nsu=http://opcfoundation.org/UA/Plc/Applications;s=SlowUIntScalar1","EndpointUrl":"opc.tcp://localhost:61457/UA/SampleServer","ApplicationUri":"urn:desktop-bgfjs91:OPCFoundation:CoreSampleServer","DisplayName":"nsu=http://opcfoundation.org/UA/Plc/Applications;s=SlowUIntScalar1","Timestamp":"2024-04-27T14:03:57.0826297Z","Value":{"Value":{"Type":7,"Body":8},"SourceTimestamp":"2024-04-27T14:03:55.5706533Z","ServerTimestamp":"2024-04-27T14:03:55.5706575Z"},"SequenceNumber":8,"ExtensionFields":{}}