{"MessageId":"076b3e68-37c8-4a38-90cf-9282c7021505","MessageType":"ua-data","PublisherId":"DESKTOP-BGFJS91","DataSetWriterGroup":"<<UnknownWriterGroup>>","Messages":[{"SequenceNumber":1,"MetaDataVersion":{"MajorVersion":1},"Timestamp":"2024-04-27T10:57:12.4480499Z","MessageType":"ua-deltaframe","DataSetWriterName":"<<UnknownDataSet>>","Payload":{"i=2271":{"Value":["en-US"],"SourceTimestamp":"2024-04-27T10:57:11.4362728Z","ServerTimestamp":"2024-04-27T10:57:11.4362722Z"},"i=2254":{"Value":["urn:desktop-bgfjs91:OPCFoundation:CoreSampleServer"],"SourceTimestamp":"2024-04-27T10:57:11.0365452Z","ServerTimestamp":"2024-04-27T10:57:11.4362895Z"},"i=2255":{"Value":["http://opcfoundation.org/UA/","urn:desktop-bgfjs91:OPCFoundation:CoreSampleServer","http://test.org/UA/Data/","http://test.org/UA/Data//Instance","http://opcfoundation.org/UA/Boiler//Instance","urn:localhost:somecompany.com:VehiclesServer","http://opcfoundation.org/UA/Vehicles/Types","http://opcfoundation.org/UA/Vehicles/Instances","http://opcfoundation.org/ReferenceApplications","http://opcfoundation.org/HistoricalEvents","http://opcfoundation.org/HistoricalAccess","http://opcfoundation.org/UA/Views","http://opcfoundation.org/UA/Engineering","http://opcfoundation.org/UA/Operations","DataAccess","http://opcfoundation.org/AlarmCondition","http://opcfoundation.org/SimpleEvents","http://opcfoundation.org/UA/Plc/Applications","http://opcfoundation.org/UA/Plc","http://opcfoundation.org/UA/Plc/PlcInstance","http://opcfoundation.org/UA/Diagnostics","http://samples.org/UA/memorybuffer","http://samples.org/UA/memorybuffer/Instance","http://opcfoundation.org/UA/Boiler/"],"SourceTimestamp":"2024-04-27T10:57:11.0365391Z","ServerTimestamp":"2024-04-27T10:57:11.4365202Z"},"i=11702":{"Value":65535,"SourceTimestamp":"2024-04-27T10:57:11.1670082Z","ServerTimestamp":"2024-04-27T10:57:11.436534Z"},"i=11703":{"Value":130816,"SourceTimestamp":"2024-04-27T10:57:11.167037Z","ServerTimestamp":"2024-04-27T10:57:11.4365372Z"}}}]}