{"MessageId":"19222686-fc4d-4789-8c57-c2d00fc4efe2","MessageType":"ua-data","PublisherId":"DESKTOP-BGFJS91","DataSetWriterGroup":"<<UnknownWriterGroup>>","Messages":[{"SequenceNumber":116,"MetaDataVersion":{"MajorVersion":1},"Timestamp":"2024-04-27T13:14:53.2649029Z","MessageType":"ua-deltaframe","DataSetWriterName":"<<UnknownDataSet>>","Payload":{"Output":{"Value":{"Type":11,"Body":0.32900000000000001},"SourceTimestamp":"2024-04-27T13:13:55.2451715Z","ServerTimestamp":"2024-04-27T13:14:53.2646653Z"}}}]}