{"MessageId":"2cf63e44-7d3f-4bee-b4e1-7074cfdd7ac1","MessageType":"ua-data","PublisherId":"DESKTOP-BGFJS91","DataSetWriterGroup":"<<UnknownWriterGroup>>","Messages":[{"SequenceNumber":122,"MetaDataVersion":{"MajorVersion":1},"Timestamp":"2024-04-27T13:14:56.2597104Z","MessageType":"ua-deltaframe","DataSetWriterName":"<<UnknownDataSet>>","Payload":{"Output":{"Value":{"Type":11,"Body":-1.6100000000000001},"SourceTimestamp":"2024-04-27T13:13:55.2451715Z","ServerTimestamp":"2024-04-27T13:14:56.2593287Z"}}}]}