{"MessageId":"8eee7536-625c-4ab7-9b66-30265196aa96","MessageType":"ua-data","PublisherId":"DESKTOP-BGFJS91","DataSetWriterGroup":"<<UnknownWriterGroup>>","Messages":[{"SequenceNumber":123,"MetaDataVersion":{"MajorVersion":1},"Timestamp":"2024-04-27T13:14:56.75584Z","MessageType":"ua-deltaframe","DataSetWriterName":"<<UnknownDataSet>>","Payload":{"Output":{"Value":{"Type":11,"Body":-1.1300000000000001},"SourceTimestamp":"2024-04-27T13:13:55.2451715Z","ServerTimestamp":"2024-04-27T13:14:56.7556004Z"}}}]}