{"MessageId":"aabd3719-6f92-489b-bd02-027e28deb21b","MessageType":"ua-data","PublisherId":"DESKTOP-BGFJS91","DataSetWriterGroup":"<<UnknownWriterGroup>>","Messages":[{"SequenceNumber":130,"MetaDataVersion":{"MajorVersion":1},"Timestamp":"2024-04-27T13:15:00.257381Z","MessageType":"ua-deltaframe","DataSetWriterName":"<<UnknownDataSet>>","Payload":{"Output":{"Value":{"Type":11,"Body":0.80200000000000005},"SourceTimestamp":"2024-04-27T13:13:55.2451715Z","ServerTimestamp":"2024-04-27T13:15:00.2571483Z"}}}]}