{"MessageId":"0b9de8c4-b7c4-4d9d-b9d1-cafb81a2998f","MessageType":"ua-data","PublisherId":"DESKTOP-BGFJS91","DataSetWriterGroup":"<<UnknownWriterGroup>>","Messages":[{"SequenceNumber":132,"MetaDataVersion":{"MajorVersion":1},"Timestamp":"2024-04-27T13:15:01.2635394Z","MessageType":"ua-deltaframe","DataSetWriterName":"<<UnknownDataSet>>","Payload":{"Output":{"Value":{"Type":11,"Body":-0.80000000000000004},"SourceTimestamp":"2024-04-27T13:13:55.2451715Z","ServerTimestamp":"2024-04-27T13:15:01.263321Z"}}}]}