{"MessageId":"ecb733f7-bd2b-4794-9a41-157de4e6a258","MessageType":"ua-data","PublisherId":"DESKTOP-BGFJS91","DataSetWriterGroup":"<<UnknownWriterGroup>>","Messages":[{"SequenceNumber":141,"MetaDataVersion":{"MajorVersion":1},"Timestamp":"2024-04-27T13:15:05.760669Z","MessageType":"ua-deltaframe","DataSetWriterName":"<<UnknownDataSet>>","Payload":{"Output":{"Value":{"Type":11,"Body":1.6300000000000001},"SourceTimestamp":"2024-04-27T13:13:55.2451715Z","ServerTimestamp":"2024-04-27T13:15:05.760417Z"}}}]}