{"MessageId":"2ea05685-2a39-48b8-a58e-97405622bfd1","MessageType":"ua-data","PublisherId":"DESKTOP-BGFJS91","DataSetWriterGroup":"<<UnknownWriterGroup>>","Messages":[{"SequenceNumber":142,"MetaDataVersion":{"MajorVersion":1},"Timestamp":"2024-04-27T13:15:06.2593202Z","MessageType":"ua-deltaframe","DataSetWriterName":"<<UnknownDataSet>>","Payload":{"Output":{"Value":{"Type":11,"Body":1.1500000000000001},"SourceTimestamp":"2024-04-27T13:13:55.2451715Z","ServerTimestamp":"2024-04-27T13:15:06.259105Z"}}}]}