{"MessageId":"74d7181d-1802-45ca-b3dd-3b43f54cc0a7","MessageType":"ua-data","PublisherId":"DESKTOP-BGFJS91","DataSetWriterGroup":"<<UnknownWriterGroup>>","Messages":[{"SequenceNumber":149,"MetaDataVersion":{"MajorVersion":1},"Timestamp":"2024-04-27T13:15:09.7661911Z","MessageType":"ua-deltaframe","DataSetWriterName":"<<UnknownDataSet>>","Payload":{"Output":{"Value":{"Type":11,"Body":-1.9199999999999999},"SourceTimestamp":"2024-04-27T13:13:55.2451715Z","ServerTimestamp":"2024-04-27T13:15:09.7659485Z"}}}]}