{"MessageId":"3aa59889-470f-40e0-b773-a153caab6c16","MessageType":"ua-data","PublisherId":"DESKTOP-BGFJS91","DataSetWriterGroup":"<<UnknownWriterGroup>>","Messages":[{"SequenceNumber":152,"MetaDataVersion":{"MajorVersion":1},"Timestamp":"2024-04-27T13:15:11.2543975Z","MessageType":"ua-deltaframe","DataSetWriterName":"<<UnknownDataSet>>","Payload":{"Output":{"Value":{"Type":11,"Body":-0.47700000000000004},"SourceTimestamp":"2024-04-27T13:13:55.2451715Z","ServerTimestamp":"2024-04-27T13:15:11.2541615Z"}}}]}