{"MessageId":"4cc0ab1f-99de-4c45-ae7d-4ec3fa83ce7d","MessageType":"ua-data","PublisherId":"DESKTOP-BGFJS91","DataSetWriterGroup":"<<UnknownWriterGroup>>","Messages":[{"SequenceNumber":156,"MetaDataVersion":{"MajorVersion":1},"Timestamp":"2024-04-27T13:15:13.2660882Z","MessageType":"ua-deltaframe","DataSetWriterName":"<<UnknownDataSet>>","Payload":{"Output":{"Value":{"Type":11,"Body":0.55700000000000005},"SourceTimestamp":"2024-04-27T13:13:55.2451715Z","ServerTimestamp":"2024-04-27T13:15:13.2658613Z"}}}]}