{"MessageId":"740c6a3b-76b8-4aa9-943f-4a06c1fca4ad","MessageType":"ua-data","PublisherId":"DESKTOP-BGFJS91","DataSetWriterGroup":"<<UnknownWriterGroup>>","Messages":[{"SequenceNumber":157,"MetaDataVersion":{"MajorVersion":1},"Timestamp":"2024-04-27T13:15:13.7609608Z","MessageType":"ua-deltaframe","DataSetWriterName":"<<UnknownDataSet>>","Payload":{"Output":{"Value":{"Type":11,"Body":0.059900000000000002},"SourceTimestamp":"2024-04-27T13:13:55.2451715Z","ServerTimestamp":"2024-04-27T13:15:13.7607328Z"}}}]}