{"MessageId":"c9370632-1989-4eae-ae9d-23038e546206","MessageType":"ua-data","PublisherId":"DESKTOP-BGFJS91","DataSetWriterGroup":"<<UnknownWriterGroup>>","Messages":[{"SequenceNumber":161,"MetaDataVersion":{"MajorVersion":1},"Timestamp":"2024-04-27T13:15:15.7619476Z","MessageType":"ua-deltaframe","DataSetWriterName":"<<UnknownDataSet>>","Payload":{"Output":{"Value":{"Type":11,"Body":-0.19700000000000001},"SourceTimestamp":"2024-04-27T13:13:55.2451715Z","ServerTimestamp":"2024-04-27T13:15:15.7616989Z"}}}]}