{"MessageId":"fe7f2f26-a2db-4f1b-914f-6d68018a5c1b","MessageType":"ua-data","PublisherId":"DESKTOP-BGFJS91","DataSetWriterGroup":"<<UnknownWriterGroup>>","Messages":[{"SequenceNumber":165,"MetaDataVersion":{"MajorVersion":1},"Timestamp":"2024-04-27T13:15:17.7647739Z","MessageType":"ua-deltaframe","DataSetWriterName":"<<UnknownDataSet>>","Payload":{"Output":{"Value":{"Type":11,"Body":1.3800000000000001},"SourceTimestamp":"2024-04-27T13:13:55.2451715Z","ServerTimestamp":"2024-04-27T13:15:17.7645481Z"}}}]}