{"MessageId":"d34304ce-0174-4e89-ae77-38df7d299087","MessageType":"ua-data","PublisherId":"DESKTOP-BGFJS91","DataSetWriterGroup":"<<UnknownWriterGroup>>","Messages":[{"SequenceNumber":168,"MetaDataVersion":{"MajorVersion":1},"Timestamp":"2024-04-27T13:15:19.2586707Z","MessageType":"ua-deltaframe","DataSetWriterName":"<<UnknownDataSet>>","Payload":{"Output":{"Value":{"Type":11,"Body":-0.90200000000000002},"SourceTimestamp":"2024-04-27T13:13:55.2451715Z","ServerTimestamp":"2024-04-27T13:15:19.2583906Z"}}}]}