{"MessageId":"d6b7469a-2b77-481b-834a-49671c217005","MessageType":"ua-data","PublisherId":"DESKTOP-BGFJS91","DataSetWriterGroup":"<<UnknownWriterGroup>>","Messages":[{"SequenceNumber":169,"MetaDataVersion":{"MajorVersion":1},"Timestamp":"2024-04-27T13:15:19.7549536Z","MessageType":"ua-deltaframe","DataSetWriterName":"<<UnknownDataSet>>","Payload":{"Output":{"Value":{"Type":11,"Body":-0.39700000000000002},"SourceTimestamp":"2024-04-27T13:13:55.2451715Z","ServerTimestamp":"2024-04-27T13:15:19.7547288Z"}}}]}