{"MessageId":"12387ef0-c62d-4b18-9e1c-985a69ad2c93","MessageType":"ua-data","PublisherId":"DESKTOP-BGFJS91","DataSetWriterGroup":"<<UnknownWriterGroup>>","Messages":[{"SequenceNumber":170,"MetaDataVersion":{"MajorVersion":1},"Timestamp":"2024-04-27T13:15:20.2628305Z","MessageType":"ua-deltaframe","DataSetWriterName":"<<UnknownDataSet>>","Payload":{"Output":{"Value":{"Type":11,"Body":-1.9199999999999999},"SourceTimestamp":"2024-04-27T13:13:55.2451715Z","ServerTimestamp":"2024-04-27T13:15:20.2624913Z"}}}]}