{"MessageId":"b5721fa4-0f77-477b-80f7-cfe8dba56658","MessageType":"ua-data","PublisherId":"DESKTOP-BGFJS91","DataSetWriterGroup":"<<UnknownWriterGroup>>","Messages":[{"SequenceNumber":172,"MetaDataVersion":{"MajorVersion":1},"Timestamp":"2024-04-27T13:15:21.2539623Z","MessageType":"ua-deltaframe","DataSetWriterName":"<<UnknownDataSet>>","Payload":{"Output":{"Value":{"Type":11,"Body":-0.94000000000000006},"SourceTimestamp":"2024-04-27T13:13:55.2451715Z","ServerTimestamp":"2024-04-27T13:15:21.2537235Z"}}}]}