{"MessageId":"fabfd63b-98ba-4b85-a359-858754658a2c","MessageType":"ua-data","PublisherId":"DESKTOP-BGFJS91","DataSetWriterGroup":"<<UnknownWriterGroup>>","Messages":[{"SequenceNumber":177,"MetaDataVersion":{"MajorVersion":1},"Timestamp":"2024-04-27T13:15:23.7566799Z","MessageType":"ua-deltaframe","DataSetWriterName":"<<UnknownDataSet>>","Payload":{"Output":{"Value":{"Type":11,"Body":-0.41699999999999998},"SourceTimestamp":"2024-04-27T13:13:55.2451715Z","ServerTimestamp":"2024-04-27T13:15:23.7564494Z"}}}]}