{"MessageId":"6aca97df-a007-4579-bd26-05d103252945","MessageType":"ua-data","PublisherId":"DESKTOP-BGFJS91","DataSetWriterGroup":"<<UnknownWriterGroup>>","Messages":[{"SequenceNumber":180,"MetaDataVersion":{"MajorVersion":1},"Timestamp":"2024-04-27T13:15:25.2557216Z","MessageType":"ua-deltaframe","DataSetWriterName":"<<UnknownDataSet>>","Payload":{"Output":{"Value":{"Type":11,"Body":-0.98999999999999999},"SourceTimestamp":"2024-04-27T13:13:55.2451715Z","ServerTimestamp":"2024-04-27T13:15:25.2554709Z"}}}]}