{"MessageId":"b4dc8fe6-b113-4be5-ac90-6722965bb07e","MessageType":"ua-data","PublisherId":"DESKTOP-BGFJS91","DataSetWriterGroup":"<<UnknownWriterGroup>>","Messages":[{"SequenceNumber":186,"MetaDataVersion":{"MajorVersion":1},"Timestamp":"2024-04-27T13:15:28.2598927Z","MessageType":"ua-deltaframe","DataSetWriterName":"<<UnknownDataSet>>","Payload":{"Output":{"Value":{"Type":11,"Body":0.10200000000000001},"SourceTimestamp":"2024-04-27T13:13:55.2451715Z","ServerTimestamp":"2024-04-27T13:15:28.2595271Z"}}}]}