{"MessageId":"7a3b462a-61c2-4ca1-b96d-05afd81996ef","MessageType":"ua-data","PublisherId":"DESKTOP-BGFJS91","DataSetWriterGroup":"<<UnknownWriterGroup>>","Messages":[{"SequenceNumber":187,"MetaDataVersion":{"MajorVersion":1},"Timestamp":"2024-04-27T13:15:28.7569529Z","MessageType":"ua-deltaframe","DataSetWriterName":"<<UnknownDataSet>>","Payload":{"Output":{"Value":{"Type":11,"Body":1.8100000000000001},"SourceTimestamp":"2024-04-27T13:13:55.2451715Z","ServerTimestamp":"2024-04-27T13:15:28.7567225Z"}}}]}