{"MessageId":"8d2ac6f5-eae3-489b-a491-fed348abf77f","MessageType":"ua-data","PublisherId":"DESKTOP-BGFJS91","DataSetWriterGroup":"<<UnknownWriterGroup>>","Messages":[{"SequenceNumber":195,"MetaDataVersion":{"MajorVersion":1},"Timestamp":"2024-04-27T13:15:32.7583143Z","MessageType":"ua-deltaframe","DataSetWriterName":"<<UnknownDataSet>>","Payload":{"Output":{"Value":{"Type":11,"Body":-1.8900000000000001},"SourceTimestamp":"2024-04-27T13:13:55.2451715Z","ServerTimestamp":"2024-04-27T13:15:32.7579654Z"}}}]}