{"MessageId":"bd6068a1-620a-4dab-8107-cad4c789af90","MessageType":"ua-data","PublisherId":"DESKTOP-BGFJS91","DataSetWriterGroup":"<<UnknownWriterGroup>>","Messages":[{"SequenceNumber":210,"MetaDataVersion":{"MajorVersion":1},"Timestamp":"2024-04-27T13:15:40.2627512Z","MessageType":"ua-deltaframe","DataSetWriterName":"<<UnknownDataSet>>","Payload":{"Output":{"Value":{"Type":11,"Body":-0.66600000000000004},"SourceTimestamp":"2024-04-27T13:13:55.2451715Z","ServerTimestamp":"2024-04-27T13:15:40.2624916Z"}}}]}