{"MessageId":"e0ece56b-3d91-4196-9b0d-5fe0cc453e49","MessageType":"ua-data","PublisherId":"DESKTOP-BGFJS91","DataSetWriterGroup":"<<UnknownWriterGroup>>","Messages":[{"SequenceNumber":213,"MetaDataVersion":{"MajorVersion":1},"Timestamp":"2024-04-27T13:15:41.7659542Z","MessageType":"ua-deltaframe","DataSetWriterName":"<<UnknownDataSet>>","Payload":{"Output":{"Value":{"Type":11,"Body":1.1599999999999999},"SourceTimestamp":"2024-04-27T13:13:55.2451715Z","ServerTimestamp":"2024-04-27T13:15:41.7657327Z"}}}]}