{"MessageId":"19b668eb-7a75-4a0f-be9e-7adf7f2ed8de","MessageType":"ua-data","PublisherId":"DESKTOP-BGFJS91","DataSetWriterGroup":"<<UnknownWriterGroup>>","Messages":[{"SequenceNumber":222,"MetaDataVersion":{"MajorVersion":1},"Timestamp":"2024-04-27T13:15:46.2587394Z","MessageType":"ua-deltaframe","DataSetWriterName":"<<UnknownDataSet>>","Payload":{"Output":{"Value":{"Type":11,"Body":-1.6899999999999999},"SourceTimestamp":"2024-04-27T13:13:55.2451715Z","ServerTimestamp":"2024-04-27T13:15:46.2584363Z"}}}]}