{"MessageId":"5c32235d-8366-4777-8619-c3516d8ba3f4","MessageType":"ua-data","PublisherId":"DESKTOP-BGFJS91","DataSetWriterGroup":"<<UnknownWriterGroup>>","Messages":[{"SequenceNumber":224,"MetaDataVersion":{"MajorVersion":1},"Timestamp":"2024-04-27T13:15:47.2549496Z","MessageType":"ua-deltaframe","DataSetWriterName":"<<UnknownDataSet>>","Payload":{"Output":{"Value":{"Type":11,"Body":-0.65300000000000002},"SourceTimestamp":"2024-04-27T13:13:55.2451715Z","ServerTimestamp":"2024-04-27T13:15:47.2547066Z"}}}]}