{"MessageId":"2ca17e6e-ef41-49a5-95c0-6316976b72b1","MessageType":"ua-data","PublisherId":"DESKTOP-BGFJS91","DataSetWriterGroup":"<<UnknownWriterGroup>>","Messages":[{"SequenceNumber":227,"MetaDataVersion":{"MajorVersion":1},"Timestamp":"2024-04-27T13:15:48.753518Z","MessageType":"ua-deltaframe","DataSetWriterName":"<<UnknownDataSet>>","Payload":{"Output":{"Value":{"Type":11,"Body":1.1799999999999999},"SourceTimestamp":"2024-04-27T13:13:55.2451715Z","ServerTimestamp":"2024-04-27T13:15:48.7532849Z"}}}]}