{"MessageId":"ed2b5610-0371-4c46-9e5b-0b82451780b0","MessageType":"ua-data","PublisherId":"DESKTOP-BGFJS91","DataSetWriterGroup":"<<UnknownWriterGroup>>","Messages":[{"SequenceNumber":232,"MetaDataVersion":{"MajorVersion":1},"Timestamp":"2024-04-27T13:15:51.2528029Z","MessageType":"ua-deltaframe","DataSetWriterName":"<<UnknownDataSet>>","Payload":{"Output":{"Value":{"Type":11,"Body":-0.72999999999999998},"SourceTimestamp":"2024-04-27T13:13:55.2451715Z","ServerTimestamp":"2024-04-27T13:15:51.2525Z"}}}]}