{"MessageId":"8ef01586-2f7c-43c2-a920-74a33bc2faae","MessageType":"ua-data","PublisherId":"DESKTOP-BGFJS91","DataSetWriterGroup":"<<UnknownWriterGroup>>","Messages":[{"SequenceNumber":238,"MetaDataVersion":{"MajorVersion":1},"Timestamp":"2024-04-27T13:15:54.2595234Z","MessageType":"ua-deltaframe","DataSetWriterName":"<<UnknownDataSet>>","Payload":{"Output":{"Value":{"Type":11,"Body":-0.90000000000000002},"SourceTimestamp":"2024-04-27T13:13:55.2451715Z","ServerTimestamp":"2024-04-27T13:15:54.259267Z"}}}]}