{"MessageId":"bfe485de-5f88-4608-a78e-9edcca05fd5f","MessageType":"ua-data","PublisherId":"DESKTOP-BGFJS91","DataSetWriterGroup":"<<UnknownWriterGroup>>","Messages":[{"SequenceNumber":25,"MetaDataVersion":{"MajorVersion":1},"Timestamp":"2024-04-27T13:14:07.7600275Z","MessageType":"ua-deltaframe","DataSetWriterName":"<<UnknownDataSet>>","Payload":{"Output":{"Value":{"Type":11,"Body":-0.56300000000000006},"SourceTimestamp":"2024-04-27T13:13:55.2451715Z","ServerTimestamp":"2024-04-27T13:14:07.7597851Z"}}}]}