{"MessageId":"da3da833-a98f-46d9-9f4d-ad65e279450c","MessageType":"ua-data","PublisherId":"DESKTOP-BGFJS91","DataSetWriterGroup":"<<UnknownWriterGroup>>","Messages":[{"SequenceNumber":28,"MetaDataVersion":{"MajorVersion":1},"Timestamp":"2024-04-27T13:14:09.264822Z","MessageType":"ua-deltaframe","DataSetWriterName":"<<UnknownDataSet>>","Payload":{"Output":{"Value":{"Type":11,"Body":1.0600000000000001},"SourceTimestamp":"2024-04-27T13:13:55.2451715Z","ServerTimestamp":"2024-04-27T13:14:09.2645882Z"}}}]}