{"MessageId":"fbf9be3c-d578-4032-9a53-b35e0d1dd1ae","MessageType":"ua-data","PublisherId":"DESKTOP-BGFJS91","DataSetWriterGroup":"<<UnknownWriterGroup>>","Messages":[{"SequenceNumber":51,"MetaDataVersion":{"MajorVersion":1},"Timestamp":"2024-04-27T13:14:20.7515362Z","MessageType":"ua-deltaframe","DataSetWriterName":"<<UnknownDataSet>>","Payload":{"Output":{"Value":{"Type":11,"Body":-0.29999999999999999},"SourceTimestamp":"2024-04-27T13:13:55.2451715Z","ServerTimestamp":"2024-04-27T13:14:20.7512786Z"}}}]}