{"MessageId":"b4d7e4c6-cae4-4b95-a9e0-9afd83e84c15","MessageType":"ua-data","PublisherId":"DESKTOP-BGFJS91","DataSetWriterGroup":"<<UnknownWriterGroup>>","Messages":[{"SequenceNumber":57,"MetaDataVersion":{"MajorVersion":1},"Timestamp":"2024-04-27T13:14:23.7655518Z","MessageType":"ua-deltaframe","DataSetWriterName":"<<UnknownDataSet>>","Payload":{"Output":{"Value":{"Type":11,"Body":-0.39700000000000002},"SourceTimestamp":"2024-04-27T13:13:55.2451715Z","ServerTimestamp":"2024-04-27T13:14:23.7652998Z"}}}]}