{"MessageId":"e426d56b-1ca3-43ca-81ed-141c159be9d5","MessageType":"ua-data","PublisherId":"DESKTOP-BGFJS91","DataSetWriterGroup":"<<UnknownWriterGroup>>","Messages":[{"SequenceNumber":71,"MetaDataVersion":{"MajorVersion":1},"Timestamp":"2024-04-27T13:14:30.7509923Z","MessageType":"ua-deltaframe","DataSetWriterName":"<<UnknownDataSet>>","Payload":{"Output":{"Value":{"Type":11,"Body":0.58999999999999997},"SourceTimestamp":"2024-04-27T13:13:55.2451715Z","ServerTimestamp":"2024-04-27T13:14:30.7507365Z"}}}]}