{"SequenceNumber":1,"MetaDataVersion":{"MajorVersion":1},"Timestamp":"2024-04-27T16:38:17.9052263Z","MessageType":"ua-deltaframe","DataSetWriterName":"<<UnknownDataSet>>","Payload":{"nsu=http://opcfoundation.org/UA/Plc/Applications;s=StepUp":{"Value":18,"SourceTimestamp":"2024-04-27T16:38:17.8428653Z","ServerTimestamp":"2024-04-27T16:38:17.8428907Z"},"nsu=http://opcfoundation.org/UA/Plc/Applications;s=AlternatingBoolean":{"Value":true,"SourceTimestamp":"2024-04-27T16:38:16.8286484Z","ServerTimestamp":"2024-04-27T16:38:16.8758868Z"},"nsu=http://opcfoundation.org/UA/Plc/Applications;s=RandomSignedInt32":{"Value":1759770134,"SourceTimestamp":"2024-04-27T16:38:17.8428589Z","ServerTimestamp":"2024-04-27T16:38:17.84286Z"},"nsu=http://opcfoundation.org/UA/Plc/Applications;s=RandomUnsignedInt32":{"Value":1844807152,"SourceTimestamp":"2024-04-27T16:38:17.8428315Z","ServerTimestamp":"2024-04-27T16:38:17.84284Z"},"nsu=http://opcfoundation.org/UA/Plc/Applications;s=DipData":{"Value":-84.432792550201526,"SourceTimestamp":"2024-04-27T16:38:17.842826Z","ServerTimestamp":"2024-04-27T16:38:17.8428293Z"},"nsu=http://opcfoundation.org/UA/Plc/Applications;s=FastUIntScalar1":{"Value":1,"SourceTimestamp":"2024-04-27T16:38:17.0344817Z","ServerTimestamp":"2024-04-27T16:38:17.034528Z"},"nsu=http://opcfoundation.org/UA/Plc/Applications;s=FastUIntScalar2":{"Value":1,"SourceTimestamp":"2024-04-27T16:38:17.0345355Z","ServerTimestamp":"2024-04-27T16:38:17.0345374Z"},"nsu=http://opcfoundation.org/UA/Plc/Applications;s=FastUIntScalar3":{"Value":1,"SourceTimestamp":"2024-04-27T16:38:17.034539Z","ServerTimestamp":"2024-04-27T16:38:17.0345457Z"},"nsu=http://opcfoundation.org/UA/Plc/Applications;s=FastRandomUIntScalar1":{"Value":2643493132,"SourceTimestamp":"2024-04-27T16:38:17.0344818Z","ServerTimestamp":"2024-04-27T16:38:17.0345426Z"},"nsu=http://opcfoundation.org/UA/Plc/Applications;s=FastRandomUIntScalar2":{"Value":640993224,"SourceTimestamp":"2024-04-27T16:38:17.0345466Z","ServerTimestamp":"2024-04-27T16:38:17.034554Z"},"nsu=http://opcfoundation.org/UA/Plc/Applications;s=FastRandomUIntScalar3":{"Value":202460996,"SourceTimestamp":"2024-04-27T16:38:17.0345552Z","ServerTimestamp":"2024-04-27T16:38:17.0345556Z"},"nsu=http://opcfoundation.org/UA/Plc/Applications;s=NegativeTrendData":{"Value":100,"SourceTimestamp":"2024-04-27T16:38:16.8286448Z","ServerTimestamp":"2024-04-27T16:38:16.8759026Z"},"nsu=http://opcfoundation.org/UA/Plc/Applications;s=PositiveTrendData":{"Value":100,"SourceTimestamp":"2024-04-27T16:38:16.828644Z","ServerTimestamp":"2024-04-27T16:38:16.8759032Z"},"nsu=http://opcfoundation.org/UA/Plc/Applications;s=SlowUIntScalar1":{"Value":0,"SourceTimestamp":"2024-04-27T16:38:16.027649Z","ServerTimestamp":"2024-04-27T16:38:16.8759083Z"},"nsu=http://opcfoundation.org/UA/Plc/Applications;s=SlowUIntScalar2":{"Value":0,"SourceTimestamp":"2024-04-27T16:38:16.0276511Z","ServerTimestamp":"2024-04-27T16:38:16.8759092Z"},"nsu=http://opcfoundation.org/UA/Plc/Applications;s=SlowUIntScalar3":{"Value":0,"SourceTimestamp":"2024-04-27T16:38:16.0276572Z","ServerTimestamp":"2024-04-27T16:38:16.87591Z"},"nsu=http://opcfoundation.org/UA/Plc/Applications;s=BadSlowUIntScalar1":{"Value":0,"SourceTimestamp":"2024-04-27T16:38:16.0276605Z","ServerTimestamp":"2024-04-27T16:38:16.8759108Z"},"nsu=http://opcfoundation.org/UA/Plc/Applications;s=SlowRandomUIntScalar1":{"Value":0,"SourceTimestamp":"2024-04-27T16:38:16.0276803Z","ServerTimestamp":"2024-04-27T16:38:16.875912Z"},"nsu=http://opcfoundation.org/UA/Plc/Applications;s=SlowRandomUIntScalar2":{"Value":0,"SourceTimestamp":"2024-04-27T16:38:16.0276813Z","ServerTimestamp":"2024-04-27T16:38:16.8759127Z"},"nsu=http://opcfoundation.org/UA/Plc/Applications;s=SlowRandomUIntScalar3":{"Value":0,"SourceTimestamp":"2024-04-27T16:38:16.0276821Z","ServerTimestamp":"2024-04-27T16:38:16.8759176Z"},"nsu=http://opcfoundation.org/UA/Plc/Applications;s=BadSlowRandomUIntScalar1":{"Value":0,"SourceTimestamp":"2024-04-27T16:38:16.0276848Z","ServerTimestamp":"2024-04-27T16:38:16.8759183Z"},"nsu=http://opcfoundation.org/UA/Plc/Applications;s=SpikeData":{"Value":-84.432792550201526,"SourceTimestamp":"2024-04-27T16:38:17.8428598Z","ServerTimestamp":"2024-04-27T16:38:17.8428626Z"}}}