{"SequenceNumber":104,"MetaDataVersion":{"MajorVersion":1},"Timestamp":"2024-04-27T16:40:09.9249565Z","MessageType":"ua-deltaframe","DataSetWriterName":"<<UnknownDataSet>>","Payload":{"nsu=http://opcfoundation.org/UA/Plc/Applications;s=StepUp":{"Value":1138,"SourceTimestamp":"2024-04-27T16:40:09.8328392Z","ServerTimestamp":"2024-04-27T16:40:09.8328431Z"},"nsu=http://opcfoundation.org/UA/Plc/Applications;s=RandomSignedInt32":{"Value":1393747751,"SourceTimestamp":"2024-04-27T16:40:09.8328493Z","ServerTimestamp":"2024-04-27T16:40:09.8328506Z"},"nsu=http://opcfoundation.org/UA/Plc/Applications;s=RandomUnsignedInt32":{"Value":1778480557,"SourceTimestamp":"2024-04-27T16:40:09.8328063Z","ServerTimestamp":"2024-04-27T16:40:09.8328094Z"},"nsu=http://opcfoundation.org/UA/Plc/Applications;s=DipData":{"Value":99.80267284282715,"SourceTimestamp":"2024-04-27T16:40:09.8328301Z","ServerTimestamp":"2024-04-27T16:40:09.8328384Z"},"nsu=http://opcfoundation.org/UA/Plc/Applications;s=FastUIntScalar1":{"Value":113,"SourceTimestamp":"2024-04-27T16:40:09.0379582Z","ServerTimestamp":"2024-04-27T16:40:09.037961Z"},"nsu=http://opcfoundation.org/UA/Plc/Applications;s=FastUIntScalar2":{"Value":113,"SourceTimestamp":"2024-04-27T16:40:09.0379674Z","ServerTimestamp":"2024-04-27T16:40:09.0379775Z"},"nsu=http://opcfoundation.org/UA/Plc/Applications;s=FastUIntScalar3":{"Value":113,"SourceTimestamp":"2024-04-27T16:40:09.0379805Z","ServerTimestamp":"2024-04-27T16:40:09.0379889Z"},"nsu=http://opcfoundation.org/UA/Plc/Applications;s=FastRandomUIntScalar1":{"Value":2974587570,"SourceTimestamp":"2024-04-27T16:40:09.0379595Z","ServerTimestamp":"2024-04-27T16:40:09.0379809Z"},"nsu=http://opcfoundation.org/UA/Plc/Applications;s=FastRandomUIntScalar2":{"Value":3837893837,"SourceTimestamp":"2024-04-27T16:40:09.0379888Z","ServerTimestamp":"2024-04-27T16:40:09.0379923Z"},"nsu=http://opcfoundation.org/UA/Plc/Applications;s=FastRandomUIntScalar3":{"Value":2759168245,"SourceTimestamp":"2024-04-27T16:40:09.0379955Z","ServerTimestamp":"2024-04-27T16:40:09.0379972Z"},"nsu=http://opcfoundation.org/UA/Plc/Applications;s=SpikeData":{"Value":99.80267284282715,"SourceTimestamp":"2024-04-27T16:40:09.8328323Z","ServerTimestamp":"2024-04-27T16:40:09.8328366Z"}}}