{"SequenceNumber":105,"MetaDataVersion":{"MajorVersion":1},"Timestamp":"2024-04-27T16:40:10.9141811Z","MessageType":"ua-deltaframe","DataSetWriterName":"<<UnknownDataSet>>","Payload":{"nsu=http://opcfoundation.org/UA/Plc/Applications;s=StepUp":{"Value":1148,"SourceTimestamp":"2024-04-27T16:40:10.8365342Z","ServerTimestamp":"2024-04-27T16:40:10.8365409Z"},"nsu=http://opcfoundation.org/UA/Plc/Applications;s=RandomSignedInt32":{"Value":1232681209,"SourceTimestamp":"2024-04-27T16:40:10.8365297Z","ServerTimestamp":"2024-04-27T16:40:10.8365303Z"},"nsu=http://opcfoundation.org/UA/Plc/Applications;s=RandomUnsignedInt32":{"Value":1487524906,"SourceTimestamp":"2024-04-27T16:40:10.8365255Z","ServerTimestamp":"2024-04-27T16:40:10.8365327Z"},"nsu=http://opcfoundation.org/UA/Plc/Applications;s=DipData":{"Value":36.812455268467801,"SourceTimestamp":"2024-04-27T16:40:10.8364986Z","ServerTimestamp":"2024-04-27T16:40:10.8365014Z"},"nsu=http://opcfoundation.org/UA/Plc/Applications;s=FastUIntScalar1":{"Value":114,"SourceTimestamp":"2024-04-27T16:40:10.0311861Z","ServerTimestamp":"2024-04-27T16:40:10.0311954Z"},"nsu=http://opcfoundation.org/UA/Plc/Applications;s=FastUIntScalar2":{"Value":114,"SourceTimestamp":"2024-04-27T16:40:10.0311999Z","ServerTimestamp":"2024-04-27T16:40:10.0312016Z"},"nsu=http://opcfoundation.org/UA/Plc/Applications;s=FastUIntScalar3":{"Value":114,"SourceTimestamp":"2024-04-27T16:40:10.0312028Z","ServerTimestamp":"2024-04-27T16:40:10.0312039Z"},"nsu=http://opcfoundation.org/UA/Plc/Applications;s=FastRandomUIntScalar1":{"Value":1400731892,"SourceTimestamp":"2024-04-27T16:40:10.0311972Z","ServerTimestamp":"2024-04-27T16:40:10.0311997Z"},"nsu=http://opcfoundation.org/UA/Plc/Applications;s=FastRandomUIntScalar2":{"Value":697604429,"SourceTimestamp":"2024-04-27T16:40:10.0312014Z","ServerTimestamp":"2024-04-27T16:40:10.0312028Z"},"nsu=http://opcfoundation.org/UA/Plc/Applications;s=FastRandomUIntScalar3":{"Value":1521347871,"SourceTimestamp":"2024-04-27T16:40:10.0312037Z","ServerTimestamp":"2024-04-27T16:40:10.0312049Z"},"nsu=http://opcfoundation.org/UA/Plc/Applications;s=SpikeData":{"Value":36.812455268467801,"SourceTimestamp":"2024-04-27T16:40:10.8365243Z","ServerTimestamp":"2024-04-27T16:40:10.836525Z"}}}