{"SequenceNumber":106,"MetaDataVersion":{"MajorVersion":1},"Timestamp":"2024-04-27T16:40:11.9050383Z","MessageType":"ua-deltaframe","DataSetWriterName":"<<UnknownDataSet>>","Payload":{"nsu=http://opcfoundation.org/UA/Plc/Applications;s=StepUp":{"Value":1158,"SourceTimestamp":"2024-04-27T16:40:11.8286845Z","ServerTimestamp":"2024-04-27T16:40:11.8286851Z"},"nsu=http://opcfoundation.org/UA/Plc/Applications;s=AlternatingBoolean":{"Value":false,"SourceTimestamp":"2024-04-27T16:40:11.1282422Z","ServerTimestamp":"2024-04-27T16:40:11.1282437Z"},"nsu=http://opcfoundation.org/UA/Plc/Applications;s=RandomSignedInt32":{"Value":-1999262738,"SourceTimestamp":"2024-04-27T16:40:11.8286729Z","ServerTimestamp":"2024-04-27T16:40:11.8286753Z"},"nsu=http://opcfoundation.org/UA/Plc/Applications;s=RandomUnsignedInt32":{"Value":184542978,"SourceTimestamp":"2024-04-27T16:40:11.8286512Z","ServerTimestamp":"2024-04-27T16:40:11.8286537Z"},"nsu=http://opcfoundation.org/UA/Plc/Applications;s=DipData":{"Value":-77.0513242775789,"SourceTimestamp":"2024-04-27T16:40:11.8286892Z","ServerTimestamp":"2024-04-27T16:40:11.8286898Z"},"nsu=http://opcfoundation.org/UA/Plc/Applications;s=FastUIntScalar1":{"Value":115,"SourceTimestamp":"2024-04-27T16:40:11.036584Z","ServerTimestamp":"2024-04-27T16:40:11.0365879Z"},"nsu=http://opcfoundation.org/UA/Plc/Applications;s=FastUIntScalar2":{"Value":115,"SourceTimestamp":"2024-04-27T16:40:11.0365926Z","ServerTimestamp":"2024-04-27T16:40:11.0366009Z"},"nsu=http://opcfoundation.org/UA/Plc/Applications;s=FastUIntScalar3":{"Value":115,"SourceTimestamp":"2024-04-27T16:40:11.0366184Z","ServerTimestamp":"2024-04-27T16:40:11.0366268Z"},"nsu=http://opcfoundation.org/UA/Plc/Applications;s=FastRandomUIntScalar1":{"Value":1303249903,"SourceTimestamp":"2024-04-27T16:40:11.0366217Z","ServerTimestamp":"2024-04-27T16:40:11.0366228Z"},"nsu=http://opcfoundation.org/UA/Plc/Applications;s=FastRandomUIntScalar2":{"Value":3356790357,"SourceTimestamp":"2024-04-27T16:40:11.0366265Z","ServerTimestamp":"2024-04-27T16:40:11.036628Z"},"nsu=http://opcfoundation.org/UA/Plc/Applications;s=FastRandomUIntScalar3":{"Value":95804616,"SourceTimestamp":"2024-04-27T16:40:11.036629Z","ServerTimestamp":"2024-04-27T16:40:11.0366296Z"},"nsu=http://opcfoundation.org/UA/Plc/Applications;s=NegativeTrendData":{"Value":98.5,"SourceTimestamp":"2024-04-27T16:40:11.1282568Z","ServerTimestamp":"2024-04-27T16:40:11.1282578Z"},"nsu=http://opcfoundation.org/UA/Plc/Applications;s=PositiveTrendData":{"Value":102,"SourceTimestamp":"2024-04-27T16:40:11.1282502Z","ServerTimestamp":"2024-04-27T16:40:11.1282515Z"},"nsu=http://opcfoundation.org/UA/Plc/Applications;s=SpikeData":{"Value":-77.0513242775789,"SourceTimestamp":"2024-04-27T16:40:11.8286668Z","ServerTimestamp":"2024-04-27T16:40:11.8286689Z"}}}