{"SequenceNumber":108,"MetaDataVersion":{"MajorVersion":1},"Timestamp":"2024-04-27T16:40:13.8948628Z","MessageType":"ua-deltaframe","DataSetWriterName":"<<UnknownDataSet>>","Payload":{"nsu=http://opcfoundation.org/UA/Plc/Applications;s=StepUp":{"Value":1178,"SourceTimestamp":"2024-04-27T16:40:13.8321334Z","ServerTimestamp":"2024-04-27T16:40:13.8321721Z"},"nsu=http://opcfoundation.org/UA/Plc/Applications;s=RandomSignedInt32":{"Value":1582849435,"SourceTimestamp":"2024-04-27T16:40:13.8320826Z","ServerTimestamp":"2024-04-27T16:40:13.8320872Z"},"nsu=http://opcfoundation.org/UA/Plc/Applications;s=RandomUnsignedInt32":{"Value":1532542905,"SourceTimestamp":"2024-04-27T16:40:13.8320587Z","ServerTimestamp":"2024-04-27T16:40:13.8320633Z"},"nsu=http://opcfoundation.org/UA/Plc/Applications;s=DipData":{"Value":24.868988716485482,"SourceTimestamp":"2024-04-27T16:40:13.8320664Z","ServerTimestamp":"2024-04-27T16:40:13.8320792Z"},"nsu=http://opcfoundation.org/UA/Plc/Applications;s=FastUIntScalar1":{"Value":117,"SourceTimestamp":"2024-04-27T16:40:13.0376847Z","ServerTimestamp":"2024-04-27T16:40:13.0376857Z"},"nsu=http://opcfoundation.org/UA/Plc/Applications;s=FastUIntScalar2":{"Value":117,"SourceTimestamp":"2024-04-27T16:40:13.0376873Z","ServerTimestamp":"2024-04-27T16:40:13.0377557Z"},"nsu=http://opcfoundation.org/UA/Plc/Applications;s=FastUIntScalar3":{"Value":117,"SourceTimestamp":"2024-04-27T16:40:13.037762Z","ServerTimestamp":"2024-04-27T16:40:13.0377631Z"},"nsu=http://opcfoundation.org/UA/Plc/Applications;s=FastRandomUIntScalar1":{"Value":156317066,"SourceTimestamp":"2024-04-27T16:40:13.0376878Z","ServerTimestamp":"2024-04-27T16:40:13.0377394Z"},"nsu=http://opcfoundation.org/UA/Plc/Applications;s=FastRandomUIntScalar2":{"Value":586550896,"SourceTimestamp":"2024-04-27T16:40:13.0377527Z","ServerTimestamp":"2024-04-27T16:40:13.0377536Z"},"nsu=http://opcfoundation.org/UA/Plc/Applications;s=FastRandomUIntScalar3":{"Value":2329899629,"SourceTimestamp":"2024-04-27T16:40:13.0377549Z","ServerTimestamp":"2024-04-27T16:40:13.0377613Z"},"nsu=http://opcfoundation.org/UA/Plc/Applications;s=SpikeData":{"Value":24.868988716485482,"SourceTimestamp":"2024-04-27T16:40:13.8321237Z","ServerTimestamp":"2024-04-27T16:40:13.8321252Z"}}}