{"SequenceNumber":109,"MetaDataVersion":{"MajorVersion":1},"Timestamp":"2024-04-27T16:40:14.8897173Z","MessageType":"ua-deltaframe","DataSetWriterName":"<<UnknownDataSet>>","Payload":{"nsu=http://opcfoundation.org/UA/Plc/Applications;s=StepUp":{"Value":1188,"SourceTimestamp":"2024-04-27T16:40:14.8414008Z","ServerTimestamp":"2024-04-27T16:40:14.8414018Z"},"nsu=http://opcfoundation.org/UA/Plc/Applications;s=RandomSignedInt32":{"Value":142876266,"SourceTimestamp":"2024-04-27T16:40:14.8413912Z","ServerTimestamp":"2024-04-27T16:40:14.8413926Z"},"nsu=http://opcfoundation.org/UA/Plc/Applications;s=RandomUnsignedInt32":{"Value":89759377,"SourceTimestamp":"2024-04-27T16:40:14.8413126Z","ServerTimestamp":"2024-04-27T16:40:14.841323Z"},"nsu=http://opcfoundation.org/UA/Plc/Applications;s=DipData":{"Value":99.80267284282715,"SourceTimestamp":"2024-04-27T16:40:14.8414067Z","ServerTimestamp":"2024-04-27T16:40:14.8414106Z"},"nsu=http://opcfoundation.org/UA/Plc/Applications;s=FastUIntScalar1":{"Value":118,"SourceTimestamp":"2024-04-27T16:40:14.0313663Z","ServerTimestamp":"2024-04-27T16:40:14.0313738Z"},"nsu=http://opcfoundation.org/UA/Plc/Applications;s=FastUIntScalar2":{"Value":118,"SourceTimestamp":"2024-04-27T16:40:14.0313748Z","ServerTimestamp":"2024-04-27T16:40:14.0313755Z"},"nsu=http://opcfoundation.org/UA/Plc/Applications;s=FastUIntScalar3":{"Value":118,"SourceTimestamp":"2024-04-27T16:40:14.0313763Z","ServerTimestamp":"2024-04-27T16:40:14.0313767Z"},"nsu=http://opcfoundation.org/UA/Plc/Applications;s=FastRandomUIntScalar1":{"Value":589654296,"SourceTimestamp":"2024-04-27T16:40:14.0313805Z","ServerTimestamp":"2024-04-27T16:40:14.0313814Z"},"nsu=http://opcfoundation.org/UA/Plc/Applications;s=FastRandomUIntScalar2":{"Value":2101943146,"SourceTimestamp":"2024-04-27T16:40:14.031383Z","ServerTimestamp":"2024-04-27T16:40:14.031384Z"},"nsu=http://opcfoundation.org/UA/Plc/Applications;s=FastRandomUIntScalar3":{"Value":3881418417,"SourceTimestamp":"2024-04-27T16:40:14.031385Z","ServerTimestamp":"2024-04-27T16:40:14.0313855Z"},"nsu=http://opcfoundation.org/UA/Plc/Applications;s=SpikeData":{"Value":99.80267284282715,"SourceTimestamp":"2024-04-27T16:40:14.8414478Z","ServerTimestamp":"2024-04-27T16:40:14.8414494Z"}}}