{"SequenceNumber":15,"MetaDataVersion":{"MajorVersion":1},"Timestamp":"2024-04-27T16:38:32.8875717Z","MessageType":"ua-deltaframe","DataSetWriterName":"<<UnknownDataSet>>","Payload":{"nsu=http://opcfoundation.org/UA/Plc/Applications;s=StepUp":{"Value":168,"SourceTimestamp":"2024-04-27T16:38:32.840294Z","ServerTimestamp":"2024-04-27T16:38:32.8402947Z"},"nsu=http://opcfoundation.org/UA/Plc/Applications;s=RandomSignedInt32":{"Value":-91508990,"SourceTimestamp":"2024-04-27T16:38:32.8402852Z","ServerTimestamp":"2024-04-27T16:38:32.8402859Z"},"nsu=http://opcfoundation.org/UA/Plc/Applications;s=RandomUnsignedInt32":{"Value":986356166,"SourceTimestamp":"2024-04-27T16:38:32.8402291Z","ServerTimestamp":"2024-04-27T16:38:32.8402329Z"},"nsu=http://opcfoundation.org/UA/Plc/Applications;s=DipData":{"Value":-84.432792550201526,"SourceTimestamp":"2024-04-27T16:38:32.8402293Z","ServerTimestamp":"2024-04-27T16:38:32.8402705Z"},"nsu=http://opcfoundation.org/UA/Plc/Applications;s=FastUIntScalar1":{"Value":16,"SourceTimestamp":"2024-04-27T16:38:32.0277003Z","ServerTimestamp":"2024-04-27T16:38:32.0277097Z"},"nsu=http://opcfoundation.org/UA/Plc/Applications;s=FastUIntScalar2":{"Value":16,"SourceTimestamp":"2024-04-27T16:38:32.027711Z","ServerTimestamp":"2024-04-27T16:38:32.0277143Z"},"nsu=http://opcfoundation.org/UA/Plc/Applications;s=FastUIntScalar3":{"Value":16,"SourceTimestamp":"2024-04-27T16:38:32.0277151Z","ServerTimestamp":"2024-04-27T16:38:32.0277171Z"},"nsu=http://opcfoundation.org/UA/Plc/Applications;s=FastRandomUIntScalar1":{"Value":3884774577,"SourceTimestamp":"2024-04-27T16:38:32.0277102Z","ServerTimestamp":"2024-04-27T16:38:32.0277114Z"},"nsu=http://opcfoundation.org/UA/Plc/Applications;s=FastRandomUIntScalar2":{"Value":2913060253,"SourceTimestamp":"2024-04-27T16:38:32.0277142Z","ServerTimestamp":"2024-04-27T16:38:32.0277155Z"},"nsu=http://opcfoundation.org/UA/Plc/Applications;s=FastRandomUIntScalar3":{"Value":629980011,"SourceTimestamp":"2024-04-27T16:38:32.0277175Z","ServerTimestamp":"2024-04-27T16:38:32.0277181Z"},"nsu=http://opcfoundation.org/UA/Plc/Applications;s=SpikeData":{"Value":-84.432792550201526,"SourceTimestamp":"2024-04-27T16:38:32.8402947Z","ServerTimestamp":"2024-04-27T16:38:32.8402968Z"}}}