{"SequenceNumber":19,"MetaDataVersion":{"MajorVersion":1},"Timestamp":"2024-04-27T16:38:36.9107061Z","MessageType":"ua-deltaframe","DataSetWriterName":"<<UnknownDataSet>>","Payload":{"nsu=http://opcfoundation.org/UA/Plc/Applications;s=StepUp":{"Value":208,"SourceTimestamp":"2024-04-27T16:38:36.8324252Z","ServerTimestamp":"2024-04-27T16:38:36.8324272Z"},"nsu=http://opcfoundation.org/UA/Plc/Applications;s=AlternatingBoolean":{"Value":true,"SourceTimestamp":"2024-04-27T16:38:36.1323678Z","ServerTimestamp":"2024-04-27T16:38:36.1323738Z"},"nsu=http://opcfoundation.org/UA/Plc/Applications;s=RandomSignedInt32":{"Value":1703122754,"SourceTimestamp":"2024-04-27T16:38:36.8323866Z","ServerTimestamp":"2024-04-27T16:38:36.8323911Z"},"nsu=http://opcfoundation.org/UA/Plc/Applications;s=RandomUnsignedInt32":{"Value":1160526937,"SourceTimestamp":"2024-04-27T16:38:36.8323757Z","ServerTimestamp":"2024-04-27T16:38:36.83238Z"},"nsu=http://opcfoundation.org/UA/Plc/Applications;s=DipData":{"Value":-77.0513242775789,"SourceTimestamp":"2024-04-27T16:38:36.8323885Z","ServerTimestamp":"2024-04-27T16:38:36.8324189Z"},"nsu=http://opcfoundation.org/UA/Plc/Applications;s=FastUIntScalar1":{"Value":20,"SourceTimestamp":"2024-04-27T16:38:36.0403269Z","ServerTimestamp":"2024-04-27T16:38:36.0403284Z"},"nsu=http://opcfoundation.org/UA/Plc/Applications;s=FastUIntScalar2":{"Value":20,"SourceTimestamp":"2024-04-27T16:38:36.0403327Z","ServerTimestamp":"2024-04-27T16:38:36.0403418Z"},"nsu=http://opcfoundation.org/UA/Plc/Applications;s=FastUIntScalar3":{"Value":20,"SourceTimestamp":"2024-04-27T16:38:36.0403435Z","ServerTimestamp":"2024-04-27T16:38:36.0403445Z"},"nsu=http://opcfoundation.org/UA/Plc/Applications;s=FastRandomUIntScalar1":{"Value":514567054,"SourceTimestamp":"2024-04-27T16:38:36.0403307Z","ServerTimestamp":"2024-04-27T16:38:36.0403327Z"},"nsu=http://opcfoundation.org/UA/Plc/Applications;s=FastRandomUIntScalar2":{"Value":1703639788,"SourceTimestamp":"2024-04-27T16:38:36.0403347Z","ServerTimestamp":"2024-04-27T16:38:36.0403404Z"},"nsu=http://opcfoundation.org/UA/Plc/Applications;s=FastRandomUIntScalar3":{"Value":1031575520,"SourceTimestamp":"2024-04-27T16:38:36.0403416Z","ServerTimestamp":"2024-04-27T16:38:36.0403436Z"},"nsu=http://opcfoundation.org/UA/Plc/Applications;s=PositiveTrendData":{"Value":100.09999999999999,"SourceTimestamp":"2024-04-27T16:38:36.1323785Z","ServerTimestamp":"2024-04-27T16:38:36.1323804Z"},"nsu=http://opcfoundation.org/UA/Plc/Applications;s=SlowUIntScalar1":{"Value":2,"SourceTimestamp":"2024-04-27T16:38:36.0402624Z","ServerTimestamp":"2024-04-27T16:38:36.0402645Z"},"nsu=http://opcfoundation.org/UA/Plc/Applications;s=SlowUIntScalar2":{"Value":2,"SourceTimestamp":"2024-04-27T16:38:36.0402735Z","ServerTimestamp":"2024-04-27T16:38:36.0402743Z"},"nsu=http://opcfoundation.org/UA/Plc/Applications;s=SlowUIntScalar3":{"Value":2,"SourceTimestamp":"2024-04-27T16:38:36.0402752Z","ServerTimestamp":"2024-04-27T16:38:36.0402757Z"},"nsu=http://opcfoundation.org/UA/Plc/Applications;s=BadSlowUIntScalar1":{"Value":2,"SourceTimestamp":"2024-04-27T16:38:36.0402768Z","ServerTimestamp":"2024-04-27T16:38:36.0402771Z"},"nsu=http://opcfoundation.org/UA/Plc/Applications;s=SlowRandomUIntScalar1":{"Value":151163203,"SourceTimestamp":"2024-04-27T16:38:36.0403229Z","ServerTimestamp":"2024-04-27T16:38:36.0403242Z"},"nsu=http://opcfoundation.org/UA/Plc/Applications;s=SlowRandomUIntScalar2":{"Value":3195106256,"SourceTimestamp":"2024-04-27T16:38:36.0403284Z","ServerTimestamp":"2024-04-27T16:38:36.0403712Z"},"nsu=http://opcfoundation.org/UA/Plc/Applications;s=SlowRandomUIntScalar3":{"Value":2809872332,"SourceTimestamp":"2024-04-27T16:38:36.0403729Z","ServerTimestamp":"2024-04-27T16:38:36.0403735Z"},"nsu=http://opcfoundation.org/UA/Plc/Applications;s=BadSlowRandomUIntScalar1":{"Value":3893557262,"SourceTimestamp":"2024-04-27T16:38:36.0403751Z","ServerTimestamp":"2024-04-27T16:38:36.0403765Z"},"nsu=http://opcfoundation.org/UA/Plc/Applications;s=SpikeData":{"Value":-77.0513242775789,"SourceTimestamp":"2024-04-27T16:38:36.8324323Z","ServerTimestamp":"2024-04-27T16:38:36.8324403Z"}}}