{"SequenceNumber":26,"MetaDataVersion":{"MajorVersion":1},"Timestamp":"2024-04-27T16:38:44.8933229Z","MessageType":"ua-deltaframe","DataSetWriterName":"<<UnknownDataSet>>","Payload":{"nsu=http://opcfoundation.org/UA/Plc/Applications;s=StepUp":{"Value":288,"SourceTimestamp":"2024-04-27T16:38:44.8297592Z","ServerTimestamp":"2024-04-27T16:38:44.8297692Z"},"nsu=http://opcfoundation.org/UA/Plc/Applications;s=RandomSignedInt32":{"Value":1482764365,"SourceTimestamp":"2024-04-27T16:38:44.8297136Z","ServerTimestamp":"2024-04-27T16:38:44.8297607Z"},"nsu=http://opcfoundation.org/UA/Plc/Applications;s=RandomUnsignedInt32":{"Value":1672338837,"SourceTimestamp":"2024-04-27T16:38:44.8297131Z","ServerTimestamp":"2024-04-27T16:38:44.8297338Z"},"nsu=http://opcfoundation.org/UA/Plc/Applications;s=DipData":{"Value":99.80267284282715,"SourceTimestamp":"2024-04-27T16:38:44.8297201Z","ServerTimestamp":"2024-04-27T16:38:44.8297837Z"},"nsu=http://opcfoundation.org/UA/Plc/Applications;s=FastUIntScalar1":{"Value":28,"SourceTimestamp":"2024-04-27T16:38:44.030373Z","ServerTimestamp":"2024-04-27T16:38:44.0303745Z"},"nsu=http://opcfoundation.org/UA/Plc/Applications;s=FastUIntScalar2":{"Value":28,"SourceTimestamp":"2024-04-27T16:38:44.0303763Z","ServerTimestamp":"2024-04-27T16:38:44.0303771Z"},"nsu=http://opcfoundation.org/UA/Plc/Applications;s=FastUIntScalar3":{"Value":28,"SourceTimestamp":"2024-04-27T16:38:44.0303784Z","ServerTimestamp":"2024-04-27T16:38:44.0303791Z"},"nsu=http://opcfoundation.org/UA/Plc/Applications;s=FastRandomUIntScalar1":{"Value":4064502500,"SourceTimestamp":"2024-04-27T16:38:44.0304235Z","ServerTimestamp":"2024-04-27T16:38:44.0304267Z"},"nsu=http://opcfoundation.org/UA/Plc/Applications;s=FastRandomUIntScalar2":{"Value":1597024970,"SourceTimestamp":"2024-04-27T16:38:44.0304377Z","ServerTimestamp":"2024-04-27T16:38:44.0304394Z"},"nsu=http://opcfoundation.org/UA/Plc/Applications;s=FastRandomUIntScalar3":{"Value":4072584300,"SourceTimestamp":"2024-04-27T16:38:44.0304414Z","ServerTimestamp":"2024-04-27T16:38:44.0304423Z"},"nsu=http://opcfoundation.org/UA/Plc/Applications;s=SpikeData":{"Value":99.80267284282715,"SourceTimestamp":"2024-04-27T16:38:44.8297837Z","ServerTimestamp":"2024-04-27T16:38:44.8297884Z"}}}