{"SequenceNumber":29,"MetaDataVersion":{"MajorVersion":1},"Timestamp":"2024-04-27T16:38:47.9189808Z","MessageType":"ua-deltaframe","DataSetWriterName":"<<UnknownDataSet>>","Payload":{"nsu=http://opcfoundation.org/UA/Plc/Applications;s=StepUp":{"Value":318,"SourceTimestamp":"2024-04-27T16:38:47.8412229Z","ServerTimestamp":"2024-04-27T16:38:47.841225Z"},"nsu=http://opcfoundation.org/UA/Plc/Applications;s=RandomSignedInt32":{"Value":-1378762633,"SourceTimestamp":"2024-04-27T16:38:47.8412182Z","ServerTimestamp":"2024-04-27T16:38:47.8412188Z"},"nsu=http://opcfoundation.org/UA/Plc/Applications;s=RandomUnsignedInt32":{"Value":1840925737,"SourceTimestamp":"2024-04-27T16:38:47.8411993Z","ServerTimestamp":"2024-04-27T16:38:47.8412014Z"},"nsu=http://opcfoundation.org/UA/Plc/Applications;s=DipData":{"Value":-84.432792550201526,"SourceTimestamp":"2024-04-27T16:38:47.8411666Z","ServerTimestamp":"2024-04-27T16:38:47.8411701Z"},"nsu=http://opcfoundation.org/UA/Plc/Applications;s=FastUIntScalar1":{"Value":31,"SourceTimestamp":"2024-04-27T16:38:47.0351307Z","ServerTimestamp":"2024-04-27T16:38:47.0351355Z"},"nsu=http://opcfoundation.org/UA/Plc/Applications;s=FastUIntScalar2":{"Value":31,"SourceTimestamp":"2024-04-27T16:38:47.0351385Z","ServerTimestamp":"2024-04-27T16:38:47.0351589Z"},"nsu=http://opcfoundation.org/UA/Plc/Applications;s=FastUIntScalar3":{"Value":31,"SourceTimestamp":"2024-04-27T16:38:47.0351611Z","ServerTimestamp":"2024-04-27T16:38:47.0351647Z"},"nsu=http://opcfoundation.org/UA/Plc/Applications;s=FastRandomUIntScalar1":{"Value":2098865460,"SourceTimestamp":"2024-04-27T16:38:47.0351424Z","ServerTimestamp":"2024-04-27T16:38:47.0351608Z"},"nsu=http://opcfoundation.org/UA/Plc/Applications;s=FastRandomUIntScalar2":{"Value":1917561341,"SourceTimestamp":"2024-04-27T16:38:47.0351651Z","ServerTimestamp":"2024-04-27T16:38:47.0351668Z"},"nsu=http://opcfoundation.org/UA/Plc/Applications;s=FastRandomUIntScalar3":{"Value":2123566409,"SourceTimestamp":"2024-04-27T16:38:47.0351688Z","ServerTimestamp":"2024-04-27T16:38:47.03517Z"},"nsu=http://opcfoundation.org/UA/Plc/Applications;s=SpikeData":{"Value":-84.432792550201526,"SourceTimestamp":"2024-04-27T16:38:47.8412204Z","ServerTimestamp":"2024-04-27T16:38:47.8412211Z"}}}