{"SequenceNumber":32,"MetaDataVersion":{"MajorVersion":1},"Timestamp":"2024-04-27T16:38:51.90902Z","MessageType":"ua-deltaframe","DataSetWriterName":"<<UnknownDataSet>>","Payload":{"nsu=http://opcfoundation.org/UA/Plc/Applications;s=StepUp":{"Value":358,"SourceTimestamp":"2024-04-27T16:38:51.8308643Z","ServerTimestamp":"2024-04-27T16:38:51.8308669Z"},"nsu=http://opcfoundation.org/UA/Plc/Applications;s=AlternatingBoolean":{"Value":false,"SourceTimestamp":"2024-04-27T16:38:51.1373042Z","ServerTimestamp":"2024-04-27T16:38:51.1373082Z"},"nsu=http://opcfoundation.org/UA/Plc/Applications;s=RandomSignedInt32":{"Value":-1522995007,"SourceTimestamp":"2024-04-27T16:38:51.8308477Z","ServerTimestamp":"2024-04-27T16:38:51.8308492Z"},"nsu=http://opcfoundation.org/UA/Plc/Applications;s=RandomUnsignedInt32":{"Value":390634463,"SourceTimestamp":"2024-04-27T16:38:51.8308332Z","ServerTimestamp":"2024-04-27T16:38:51.8308377Z"},"nsu=http://opcfoundation.org/UA/Plc/Applications;s=DipData":{"Value":-77.0513242775789,"SourceTimestamp":"2024-04-27T16:38:51.8308219Z","ServerTimestamp":"2024-04-27T16:38:51.8308267Z"},"nsu=http://opcfoundation.org/UA/Plc/Applications;s=FastUIntScalar1":{"Value":35,"SourceTimestamp":"2024-04-27T16:38:51.0285056Z","ServerTimestamp":"2024-04-27T16:38:51.0285115Z"},"nsu=http://opcfoundation.org/UA/Plc/Applications;s=FastUIntScalar2":{"Value":35,"SourceTimestamp":"2024-04-27T16:38:51.0285127Z","ServerTimestamp":"2024-04-27T16:38:51.0285139Z"},"nsu=http://opcfoundation.org/UA/Plc/Applications;s=FastUIntScalar3":{"Value":35,"SourceTimestamp":"2024-04-27T16:38:51.0285151Z","ServerTimestamp":"2024-04-27T16:38:51.028516Z"},"nsu=http://opcfoundation.org/UA/Plc/Applications;s=FastRandomUIntScalar1":{"Value":143464122,"SourceTimestamp":"2024-04-27T16:38:51.0285068Z","ServerTimestamp":"2024-04-27T16:38:51.0285101Z"},"nsu=http://opcfoundation.org/UA/Plc/Applications;s=FastRandomUIntScalar2":{"Value":3732467802,"SourceTimestamp":"2024-04-27T16:38:51.0285116Z","ServerTimestamp":"2024-04-27T16:38:51.0285127Z"},"nsu=http://opcfoundation.org/UA/Plc/Applications;s=FastRandomUIntScalar3":{"Value":1283831243,"SourceTimestamp":"2024-04-27T16:38:51.0285136Z","ServerTimestamp":"2024-04-27T16:38:51.0285153Z"},"nsu=http://opcfoundation.org/UA/Plc/Applications;s=PositiveTrendData":{"Value":100.40000000000001,"SourceTimestamp":"2024-04-27T16:38:51.1373172Z","ServerTimestamp":"2024-04-27T16:38:51.1373185Z"},"nsu=http://opcfoundation.org/UA/Plc/Applications;s=SpikeData":{"Value":-77.0513242775789,"SourceTimestamp":"2024-04-27T16:38:51.8308575Z","ServerTimestamp":"2024-04-27T16:38:51.830859Z"}}}