{"SequenceNumber":33,"MetaDataVersion":{"MajorVersion":1},"Timestamp":"2024-04-27T16:38:52.8962939Z","MessageType":"ua-deltaframe","DataSetWriterName":"<<UnknownDataSet>>","Payload":{"nsu=http://opcfoundation.org/UA/Plc/Applications;s=StepUp":{"Value":368,"SourceTimestamp":"2024-04-27T16:38:52.8331129Z","ServerTimestamp":"2024-04-27T16:38:52.8331185Z"},"nsu=http://opcfoundation.org/UA/Plc/Applications;s=RandomSignedInt32":{"Value":-614088598,"SourceTimestamp":"2024-04-27T16:38:52.8331292Z","ServerTimestamp":"2024-04-27T16:38:52.833131Z"},"nsu=http://opcfoundation.org/UA/Plc/Applications;s=RandomUnsignedInt32":{"Value":527108811,"SourceTimestamp":"2024-04-27T16:38:52.8330785Z","ServerTimestamp":"2024-04-27T16:38:52.8330837Z"},"nsu=http://opcfoundation.org/UA/Plc/Applications;s=DipData":{"Value":-84.432792550201526,"SourceTimestamp":"2024-04-27T16:38:52.8330636Z","ServerTimestamp":"2024-04-27T16:38:52.8330687Z"},"nsu=http://opcfoundation.org/UA/Plc/Applications;s=FastUIntScalar1":{"Value":36,"SourceTimestamp":"2024-04-27T16:38:52.0315362Z","ServerTimestamp":"2024-04-27T16:38:52.0315439Z"},"nsu=http://opcfoundation.org/UA/Plc/Applications;s=FastUIntScalar2":{"Value":36,"SourceTimestamp":"2024-04-27T16:38:52.0315458Z","ServerTimestamp":"2024-04-27T16:38:52.0315472Z"},"nsu=http://opcfoundation.org/UA/Plc/Applications;s=FastUIntScalar3":{"Value":36,"SourceTimestamp":"2024-04-27T16:38:52.031548Z","ServerTimestamp":"2024-04-27T16:38:52.031549Z"},"nsu=http://opcfoundation.org/UA/Plc/Applications;s=FastRandomUIntScalar1":{"Value":2262873319,"SourceTimestamp":"2024-04-27T16:38:52.0315356Z","ServerTimestamp":"2024-04-27T16:38:52.0315401Z"},"nsu=http://opcfoundation.org/UA/Plc/Applications;s=FastRandomUIntScalar2":{"Value":3987956852,"SourceTimestamp":"2024-04-27T16:38:52.0315441Z","ServerTimestamp":"2024-04-27T16:38:52.0315459Z"},"nsu=http://opcfoundation.org/UA/Plc/Applications;s=FastRandomUIntScalar3":{"Value":4269888684,"SourceTimestamp":"2024-04-27T16:38:52.031547Z","ServerTimestamp":"2024-04-27T16:38:52.0315482Z"},"nsu=http://opcfoundation.org/UA/Plc/Applications;s=SpikeData":{"Value":-84.432792550201526,"SourceTimestamp":"2024-04-27T16:38:52.8331098Z","ServerTimestamp":"2024-04-27T16:38:52.8331158Z"}}}