{"SequenceNumber":35,"MetaDataVersion":{"MajorVersion":1},"Timestamp":"2024-04-27T16:38:55.9202553Z","MessageType":"ua-deltaframe","DataSetWriterName":"<<UnknownDataSet>>","Payload":{"nsu=http://opcfoundation.org/UA/Plc/Applications;s=StepUp":{"Value":398,"SourceTimestamp":"2024-04-27T16:38:55.8273311Z","ServerTimestamp":"2024-04-27T16:38:55.8273333Z"},"nsu=http://opcfoundation.org/UA/Plc/Applications;s=RandomSignedInt32":{"Value":547938698,"SourceTimestamp":"2024-04-27T16:38:55.8273327Z","ServerTimestamp":"2024-04-27T16:38:55.8273393Z"},"nsu=http://opcfoundation.org/UA/Plc/Applications;s=RandomUnsignedInt32":{"Value":480544208,"SourceTimestamp":"2024-04-27T16:38:55.8272929Z","ServerTimestamp":"2024-04-27T16:38:55.8272968Z"},"nsu=http://opcfoundation.org/UA/Plc/Applications;s=DipData":{"Value":36.812455268467801,"SourceTimestamp":"2024-04-27T16:38:55.8273157Z","ServerTimestamp":"2024-04-27T16:38:55.8273175Z"},"nsu=http://opcfoundation.org/UA/Plc/Applications;s=FastUIntScalar1":{"Value":39,"SourceTimestamp":"2024-04-27T16:38:55.0402153Z","ServerTimestamp":"2024-04-27T16:38:55.0402358Z"},"nsu=http://opcfoundation.org/UA/Plc/Applications;s=FastUIntScalar2":{"Value":39,"SourceTimestamp":"2024-04-27T16:38:55.0402455Z","ServerTimestamp":"2024-04-27T16:38:55.0402562Z"},"nsu=http://opcfoundation.org/UA/Plc/Applications;s=FastUIntScalar3":{"Value":39,"SourceTimestamp":"2024-04-27T16:38:55.0402585Z","ServerTimestamp":"2024-04-27T16:38:55.0402622Z"},"nsu=http://opcfoundation.org/UA/Plc/Applications;s=FastRandomUIntScalar1":{"Value":424713891,"SourceTimestamp":"2024-04-27T16:38:55.0402375Z","ServerTimestamp":"2024-04-27T16:38:55.0402461Z"},"nsu=http://opcfoundation.org/UA/Plc/Applications;s=FastRandomUIntScalar2":{"Value":3550906316,"SourceTimestamp":"2024-04-27T16:38:55.0402561Z","ServerTimestamp":"2024-04-27T16:38:55.0402594Z"},"nsu=http://opcfoundation.org/UA/Plc/Applications;s=FastRandomUIntScalar3":{"Value":1228367349,"SourceTimestamp":"2024-04-27T16:38:55.0402619Z","ServerTimestamp":"2024-04-27T16:38:55.0402644Z"},"nsu=http://opcfoundation.org/UA/Plc/Applications;s=SpikeData":{"Value":36.812455268467801,"SourceTimestamp":"2024-04-27T16:38:55.8273402Z","ServerTimestamp":"2024-04-27T16:38:55.8273457Z"}}}