{"SequenceNumber":4,"MetaDataVersion":{"MajorVersion":1},"Timestamp":"2024-04-27T16:38:20.927126Z","MessageType":"ua-deltaframe","DataSetWriterName":"<<UnknownDataSet>>","Payload":{"nsu=http://opcfoundation.org/UA/Plc/Applications;s=StepUp":{"Value":48,"SourceTimestamp":"2024-04-27T16:38:20.8342895Z","ServerTimestamp":"2024-04-27T16:38:20.8342922Z"},"nsu=http://opcfoundation.org/UA/Plc/Applications;s=RandomSignedInt32":{"Value":1404079400,"SourceTimestamp":"2024-04-27T16:38:20.8342803Z","ServerTimestamp":"2024-04-27T16:38:20.8342866Z"},"nsu=http://opcfoundation.org/UA/Plc/Applications;s=RandomUnsignedInt32":{"Value":672617424,"SourceTimestamp":"2024-04-27T16:38:20.8342653Z","ServerTimestamp":"2024-04-27T16:38:20.8342688Z"},"nsu=http://opcfoundation.org/UA/Plc/Applications;s=DipData":{"Value":-1000,"SourceTimestamp":"2024-04-27T16:38:20.8342791Z","ServerTimestamp":"2024-04-27T16:38:20.8342808Z"},"nsu=http://opcfoundation.org/UA/Plc/Applications;s=FastUIntScalar1":{"Value":4,"SourceTimestamp":"2024-04-27T16:38:20.0306076Z","ServerTimestamp":"2024-04-27T16:38:20.0306898Z"},"nsu=http://opcfoundation.org/UA/Plc/Applications;s=FastUIntScalar2":{"Value":4,"SourceTimestamp":"2024-04-27T16:38:20.0306971Z","ServerTimestamp":"2024-04-27T16:38:20.0306992Z"},"nsu=http://opcfoundation.org/UA/Plc/Applications;s=FastUIntScalar3":{"Value":4,"SourceTimestamp":"2024-04-27T16:38:20.0307023Z","ServerTimestamp":"2024-04-27T16:38:20.0307032Z"},"nsu=http://opcfoundation.org/UA/Plc/Applications;s=FastRandomUIntScalar1":{"Value":222124843,"SourceTimestamp":"2024-04-27T16:38:20.0305644Z","ServerTimestamp":"2024-04-27T16:38:20.0305659Z"},"nsu=http://opcfoundation.org/UA/Plc/Applications;s=FastRandomUIntScalar2":{"Value":4005509800,"SourceTimestamp":"2024-04-27T16:38:20.0305713Z","ServerTimestamp":"2024-04-27T16:38:20.0305725Z"},"nsu=http://opcfoundation.org/UA/Plc/Applications;s=FastRandomUIntScalar3":{"Value":344303943,"SourceTimestamp":"2024-04-27T16:38:20.0305747Z","ServerTimestamp":"2024-04-27T16:38:20.0305862Z"},"nsu=http://opcfoundation.org/UA/Plc/Applications;s=SpikeData":{"Value":36.812455268467801,"SourceTimestamp":"2024-04-27T16:38:20.8343107Z","ServerTimestamp":"2024-04-27T16:38:20.834312Z"}}}