{"SequenceNumber":42,"MetaDataVersion":{"MajorVersion":1},"Timestamp":"2024-04-27T16:39:03.8941903Z","MessageType":"ua-deltaframe","DataSetWriterName":"<<UnknownDataSet>>","Payload":{"nsu=http://opcfoundation.org/UA/Plc/Applications;s=StepUp":{"Value":478,"SourceTimestamp":"2024-04-27T16:39:03.8329934Z","ServerTimestamp":"2024-04-27T16:39:03.8329968Z"},"nsu=http://opcfoundation.org/UA/Plc/Applications;s=RandomSignedInt32":{"Value":-592032182,"SourceTimestamp":"2024-04-27T16:39:03.8329537Z","ServerTimestamp":"2024-04-27T16:39:03.8329582Z"},"nsu=http://opcfoundation.org/UA/Plc/Applications;s=RandomUnsignedInt32":{"Value":1878893330,"SourceTimestamp":"2024-04-27T16:39:03.8329013Z","ServerTimestamp":"2024-04-27T16:39:03.8329065Z"},"nsu=http://opcfoundation.org/UA/Plc/Applications;s=DipData":{"Value":24.868988716485482,"SourceTimestamp":"2024-04-27T16:39:03.8329596Z","ServerTimestamp":"2024-04-27T16:39:03.8329733Z"},"nsu=http://opcfoundation.org/UA/Plc/Applications;s=FastUIntScalar1":{"Value":47,"SourceTimestamp":"2024-04-27T16:39:03.0303091Z","ServerTimestamp":"2024-04-27T16:39:03.0303131Z"},"nsu=http://opcfoundation.org/UA/Plc/Applications;s=FastUIntScalar2":{"Value":47,"SourceTimestamp":"2024-04-27T16:39:03.0303158Z","ServerTimestamp":"2024-04-27T16:39:03.0303169Z"},"nsu=http://opcfoundation.org/UA/Plc/Applications;s=FastUIntScalar3":{"Value":47,"SourceTimestamp":"2024-04-27T16:39:03.0303189Z","ServerTimestamp":"2024-04-27T16:39:03.0303298Z"},"nsu=http://opcfoundation.org/UA/Plc/Applications;s=FastRandomUIntScalar1":{"Value":690181524,"SourceTimestamp":"2024-04-27T16:39:03.0303193Z","ServerTimestamp":"2024-04-27T16:39:03.0303318Z"},"nsu=http://opcfoundation.org/UA/Plc/Applications;s=FastRandomUIntScalar2":{"Value":1383337814,"SourceTimestamp":"2024-04-27T16:39:03.0303361Z","ServerTimestamp":"2024-04-27T16:39:03.0303369Z"},"nsu=http://opcfoundation.org/UA/Plc/Applications;s=FastRandomUIntScalar3":{"Value":4220510952,"SourceTimestamp":"2024-04-27T16:39:03.0303384Z","ServerTimestamp":"2024-04-27T16:39:03.0303391Z"},"nsu=http://opcfoundation.org/UA/Plc/Applications;s=SpikeData":{"Value":24.868988716485482,"SourceTimestamp":"2024-04-27T16:39:03.832995Z","ServerTimestamp":"2024-04-27T16:39:03.8330075Z"}}}