{"SequenceNumber":5,"MetaDataVersion":{"MajorVersion":1},"Timestamp":"2024-04-27T16:38:21.9207718Z","MessageType":"ua-deltaframe","DataSetWriterName":"<<UnknownDataSet>>","Payload":{"nsu=http://opcfoundation.org/UA/Plc/Applications;s=StepUp":{"Value":58,"SourceTimestamp":"2024-04-27T16:38:21.8429537Z","ServerTimestamp":"2024-04-27T16:38:21.8429625Z"},"nsu=http://opcfoundation.org/UA/Plc/Applications;s=AlternatingBoolean":{"Value":false,"SourceTimestamp":"2024-04-27T16:38:21.1423482Z","ServerTimestamp":"2024-04-27T16:38:21.1423531Z"},"nsu=http://opcfoundation.org/UA/Plc/Applications;s=RandomSignedInt32":{"Value":-1143126395,"SourceTimestamp":"2024-04-27T16:38:21.8429162Z","ServerTimestamp":"2024-04-27T16:38:21.8429194Z"},"nsu=http://opcfoundation.org/UA/Plc/Applications;s=RandomUnsignedInt32":{"Value":1966128048,"SourceTimestamp":"2024-04-27T16:38:21.8429006Z","ServerTimestamp":"2024-04-27T16:38:21.8429044Z"},"nsu=http://opcfoundation.org/UA/Plc/Applications;s=DipData":{"Value":-77.0513242775789,"SourceTimestamp":"2024-04-27T16:38:21.8429208Z","ServerTimestamp":"2024-04-27T16:38:21.8430484Z"},"nsu=http://opcfoundation.org/UA/Plc/Applications;s=FastUIntScalar1":{"Value":5,"SourceTimestamp":"2024-04-27T16:38:21.0342548Z","ServerTimestamp":"2024-04-27T16:38:21.0343235Z"},"nsu=http://opcfoundation.org/UA/Plc/Applications;s=FastUIntScalar2":{"Value":5,"SourceTimestamp":"2024-04-27T16:38:21.0343304Z","ServerTimestamp":"2024-04-27T16:38:21.0343316Z"},"nsu=http://opcfoundation.org/UA/Plc/Applications;s=FastUIntScalar3":{"Value":5,"SourceTimestamp":"2024-04-27T16:38:21.0343333Z","ServerTimestamp":"2024-04-27T16:38:21.0343342Z"},"nsu=http://opcfoundation.org/UA/Plc/Applications;s=FastRandomUIntScalar1":{"Value":1465424459,"SourceTimestamp":"2024-04-27T16:38:21.034272Z","ServerTimestamp":"2024-04-27T16:38:21.0342744Z"},"nsu=http://opcfoundation.org/UA/Plc/Applications;s=FastRandomUIntScalar2":{"Value":3685143199,"SourceTimestamp":"2024-04-27T16:38:21.0342857Z","ServerTimestamp":"2024-04-27T16:38:21.0342864Z"},"nsu=http://opcfoundation.org/UA/Plc/Applications;s=FastRandomUIntScalar3":{"Value":917470026,"SourceTimestamp":"2024-04-27T16:38:21.0342878Z","ServerTimestamp":"2024-04-27T16:38:21.0342884Z"},"nsu=http://opcfoundation.org/UA/Plc/Applications;s=SpikeData":{"Value":-77.0513242775789,"SourceTimestamp":"2024-04-27T16:38:21.8429769Z","ServerTimestamp":"2024-04-27T16:38:21.8429978Z"}}}