{"SequenceNumber":51,"MetaDataVersion":{"MajorVersion":1},"Timestamp":"2024-04-27T16:39:12.922753Z","MessageType":"ua-deltaframe","DataSetWriterName":"<<UnknownDataSet>>","Payload":{"nsu=http://opcfoundation.org/UA/Plc/Applications;s=StepUp":{"Value":568,"SourceTimestamp":"2024-04-27T16:39:12.8298264Z","ServerTimestamp":"2024-04-27T16:39:12.829833Z"},"nsu=http://opcfoundation.org/UA/Plc/Applications;s=RandomSignedInt32":{"Value":320544324,"SourceTimestamp":"2024-04-27T16:39:12.8297613Z","ServerTimestamp":"2024-04-27T16:39:12.8298221Z"},"nsu=http://opcfoundation.org/UA/Plc/Applications;s=RandomUnsignedInt32":{"Value":88579209,"SourceTimestamp":"2024-04-27T16:39:12.8297613Z","ServerTimestamp":"2024-04-27T16:39:12.8297746Z"},"nsu=http://opcfoundation.org/UA/Plc/Applications;s=DipData":{"Value":-84.432792550201526,"SourceTimestamp":"2024-04-27T16:39:12.8297384Z","ServerTimestamp":"2024-04-27T16:39:12.8297434Z"},"nsu=http://opcfoundation.org/UA/Plc/Applications;s=FastUIntScalar1":{"Value":56,"SourceTimestamp":"2024-04-27T16:39:12.037901Z","ServerTimestamp":"2024-04-27T16:39:12.0379054Z"},"nsu=http://opcfoundation.org/UA/Plc/Applications;s=FastUIntScalar2":{"Value":56,"SourceTimestamp":"2024-04-27T16:39:12.0379445Z","ServerTimestamp":"2024-04-27T16:39:12.0379459Z"},"nsu=http://opcfoundation.org/UA/Plc/Applications;s=FastUIntScalar3":{"Value":56,"SourceTimestamp":"2024-04-27T16:39:12.0379488Z","ServerTimestamp":"2024-04-27T16:39:12.03795Z"},"nsu=http://opcfoundation.org/UA/Plc/Applications;s=FastRandomUIntScalar1":{"Value":1991806098,"SourceTimestamp":"2024-04-27T16:39:12.0378881Z","ServerTimestamp":"2024-04-27T16:39:12.0379009Z"},"nsu=http://opcfoundation.org/UA/Plc/Applications;s=FastRandomUIntScalar2":{"Value":2682739400,"SourceTimestamp":"2024-04-27T16:39:12.0379045Z","ServerTimestamp":"2024-04-27T16:39:12.0379978Z"},"nsu=http://opcfoundation.org/UA/Plc/Applications;s=FastRandomUIntScalar3":{"Value":819136271,"SourceTimestamp":"2024-04-27T16:39:12.0380054Z","ServerTimestamp":"2024-04-27T16:39:12.0380069Z"},"nsu=http://opcfoundation.org/UA/Plc/Applications;s=SpikeData":{"Value":-84.432792550201526,"SourceTimestamp":"2024-04-27T16:39:12.8298116Z","ServerTimestamp":"2024-04-27T16:39:12.8298133Z"}}}