{"SequenceNumber":52,"MetaDataVersion":{"MajorVersion":1},"Timestamp":"2024-04-27T16:39:13.9102128Z","MessageType":"ua-deltaframe","DataSetWriterName":"<<UnknownDataSet>>","Payload":{"nsu=http://opcfoundation.org/UA/Plc/Applications;s=StepUp":{"Value":578,"SourceTimestamp":"2024-04-27T16:39:13.8320479Z","ServerTimestamp":"2024-04-27T16:39:13.832082Z"},"nsu=http://opcfoundation.org/UA/Plc/Applications;s=RandomSignedInt32":{"Value":-742480934,"SourceTimestamp":"2024-04-27T16:39:13.8320339Z","ServerTimestamp":"2024-04-27T16:39:13.8320442Z"},"nsu=http://opcfoundation.org/UA/Plc/Applications;s=RandomUnsignedInt32":{"Value":1271542037,"SourceTimestamp":"2024-04-27T16:39:13.831983Z","ServerTimestamp":"2024-04-27T16:39:13.8319873Z"},"nsu=http://opcfoundation.org/UA/Plc/Applications;s=DipData":{"Value":24.868988716485482,"SourceTimestamp":"2024-04-27T16:39:13.832029Z","ServerTimestamp":"2024-04-27T16:39:13.8320327Z"},"nsu=http://opcfoundation.org/UA/Plc/Applications;s=FastUIntScalar1":{"Value":57,"SourceTimestamp":"2024-04-27T16:39:13.029648Z","ServerTimestamp":"2024-04-27T16:39:13.0296517Z"},"nsu=http://opcfoundation.org/UA/Plc/Applications;s=FastUIntScalar2":{"Value":57,"SourceTimestamp":"2024-04-27T16:39:13.0296531Z","ServerTimestamp":"2024-04-27T16:39:13.0296565Z"},"nsu=http://opcfoundation.org/UA/Plc/Applications;s=FastUIntScalar3":{"Value":57,"SourceTimestamp":"2024-04-27T16:39:13.0296574Z","ServerTimestamp":"2024-04-27T16:39:13.0296589Z"},"nsu=http://opcfoundation.org/UA/Plc/Applications;s=FastRandomUIntScalar1":{"Value":93029046,"SourceTimestamp":"2024-04-27T16:39:13.0296517Z","ServerTimestamp":"2024-04-27T16:39:13.0296534Z"},"nsu=http://opcfoundation.org/UA/Plc/Applications;s=FastRandomUIntScalar2":{"Value":804669267,"SourceTimestamp":"2024-04-27T16:39:13.0296566Z","ServerTimestamp":"2024-04-27T16:39:13.0296575Z"},"nsu=http://opcfoundation.org/UA/Plc/Applications;s=FastRandomUIntScalar3":{"Value":3334126427,"SourceTimestamp":"2024-04-27T16:39:13.029659Z","ServerTimestamp":"2024-04-27T16:39:13.0296599Z"},"nsu=http://opcfoundation.org/UA/Plc/Applications;s=SpikeData":{"Value":24.868988716485482,"SourceTimestamp":"2024-04-27T16:39:13.8320692Z","ServerTimestamp":"2024-04-27T16:39:13.8320729Z"}}}