{"SequenceNumber":53,"MetaDataVersion":{"MajorVersion":1},"Timestamp":"2024-04-27T16:39:14.9001172Z","MessageType":"ua-deltaframe","DataSetWriterName":"<<UnknownDataSet>>","Payload":{"nsu=http://opcfoundation.org/UA/Plc/Applications;s=StepUp":{"Value":588,"SourceTimestamp":"2024-04-27T16:39:14.8367273Z","ServerTimestamp":"2024-04-27T16:39:14.8368148Z"},"nsu=http://opcfoundation.org/UA/Plc/Applications;s=RandomSignedInt32":{"Value":-122361104,"SourceTimestamp":"2024-04-27T16:39:14.8367096Z","ServerTimestamp":"2024-04-27T16:39:14.8367528Z"},"nsu=http://opcfoundation.org/UA/Plc/Applications;s=RandomUnsignedInt32":{"Value":692179065,"SourceTimestamp":"2024-04-27T16:39:14.8366922Z","ServerTimestamp":"2024-04-27T16:39:14.8366952Z"},"nsu=http://opcfoundation.org/UA/Plc/Applications;s=DipData":{"Value":99.80267284282715,"SourceTimestamp":"2024-04-27T16:39:14.8367109Z","ServerTimestamp":"2024-04-27T16:39:14.8367714Z"},"nsu=http://opcfoundation.org/UA/Plc/Applications;s=FastUIntScalar1":{"Value":58,"SourceTimestamp":"2024-04-27T16:39:14.0321931Z","ServerTimestamp":"2024-04-27T16:39:14.0322023Z"},"nsu=http://opcfoundation.org/UA/Plc/Applications;s=FastUIntScalar2":{"Value":58,"SourceTimestamp":"2024-04-27T16:39:14.0322046Z","ServerTimestamp":"2024-04-27T16:39:14.0322068Z"},"nsu=http://opcfoundation.org/UA/Plc/Applications;s=FastUIntScalar3":{"Value":58,"SourceTimestamp":"2024-04-27T16:39:14.0322087Z","ServerTimestamp":"2024-04-27T16:39:14.0322118Z"},"nsu=http://opcfoundation.org/UA/Plc/Applications;s=FastRandomUIntScalar1":{"Value":494205060,"SourceTimestamp":"2024-04-27T16:39:14.0321964Z","ServerTimestamp":"2024-04-27T16:39:14.0321997Z"},"nsu=http://opcfoundation.org/UA/Plc/Applications;s=FastRandomUIntScalar2":{"Value":2109958782,"SourceTimestamp":"2024-04-27T16:39:14.0322017Z","ServerTimestamp":"2024-04-27T16:39:14.0322045Z"},"nsu=http://opcfoundation.org/UA/Plc/Applications;s=FastRandomUIntScalar3":{"Value":119551938,"SourceTimestamp":"2024-04-27T16:39:14.0322068Z","ServerTimestamp":"2024-04-27T16:39:14.0322091Z"},"nsu=http://opcfoundation.org/UA/Plc/Applications;s=SpikeData":{"Value":99.80267284282715,"SourceTimestamp":"2024-04-27T16:39:14.8367542Z","ServerTimestamp":"2024-04-27T16:39:14.8367612Z"}}}