{"SequenceNumber":55,"MetaDataVersion":{"MajorVersion":1},"Timestamp":"2024-04-27T16:39:16.8817409Z","MessageType":"ua-deltaframe","DataSetWriterName":"<<UnknownDataSet>>","Payload":{"nsu=http://opcfoundation.org/UA/Plc/Applications;s=StepUp":{"Value":608,"SourceTimestamp":"2024-04-27T16:39:16.8353478Z","ServerTimestamp":"2024-04-27T16:39:16.8353492Z"},"nsu=http://opcfoundation.org/UA/Plc/Applications;s=AlternatingBoolean":{"Value":true,"SourceTimestamp":"2024-04-27T16:39:16.1384438Z","ServerTimestamp":"2024-04-27T16:39:16.1384447Z"},"nsu=http://opcfoundation.org/UA/Plc/Applications;s=RandomSignedInt32":{"Value":607625879,"SourceTimestamp":"2024-04-27T16:39:16.8353303Z","ServerTimestamp":"2024-04-27T16:39:16.8353344Z"},"nsu=http://opcfoundation.org/UA/Plc/Applications;s=RandomUnsignedInt32":{"Value":1570514975,"SourceTimestamp":"2024-04-27T16:39:16.8352902Z","ServerTimestamp":"2024-04-27T16:39:16.8352945Z"},"nsu=http://opcfoundation.org/UA/Plc/Applications;s=DipData":{"Value":-77.0513242775789,"SourceTimestamp":"2024-04-27T16:39:16.8353303Z","ServerTimestamp":"2024-04-27T16:39:16.8353557Z"},"nsu=http://opcfoundation.org/UA/Plc/Applications;s=FastUIntScalar1":{"Value":60,"SourceTimestamp":"2024-04-27T16:39:16.0293799Z","ServerTimestamp":"2024-04-27T16:39:16.0293812Z"},"nsu=http://opcfoundation.org/UA/Plc/Applications;s=FastUIntScalar2":{"Value":60,"SourceTimestamp":"2024-04-27T16:39:16.0293838Z","ServerTimestamp":"2024-04-27T16:39:16.0293849Z"},"nsu=http://opcfoundation.org/UA/Plc/Applications;s=FastUIntScalar3":{"Value":60,"SourceTimestamp":"2024-04-27T16:39:16.0293868Z","ServerTimestamp":"2024-04-27T16:39:16.029388Z"},"nsu=http://opcfoundation.org/UA/Plc/Applications;s=FastRandomUIntScalar1":{"Value":2525212874,"SourceTimestamp":"2024-04-27T16:39:16.029389Z","ServerTimestamp":"2024-04-27T16:39:16.0293915Z"},"nsu=http://opcfoundation.org/UA/Plc/Applications;s=FastRandomUIntScalar2":{"Value":3208010109,"SourceTimestamp":"2024-04-27T16:39:16.0294274Z","ServerTimestamp":"2024-04-27T16:39:16.029428Z"},"nsu=http://opcfoundation.org/UA/Plc/Applications;s=FastRandomUIntScalar3":{"Value":371945443,"SourceTimestamp":"2024-04-27T16:39:16.0294287Z","ServerTimestamp":"2024-04-27T16:39:16.0294293Z"},"nsu=http://opcfoundation.org/UA/Plc/Applications;s=NegativeTrendData":{"Value":99.599999999999994,"SourceTimestamp":"2024-04-27T16:39:16.138446Z","ServerTimestamp":"2024-04-27T16:39:16.1384479Z"},"nsu=http://opcfoundation.org/UA/Plc/Applications;s=PositiveTrendData":{"Value":100.90000000000001,"SourceTimestamp":"2024-04-27T16:39:16.1384507Z","ServerTimestamp":"2024-04-27T16:39:16.1384564Z"},"nsu=http://opcfoundation.org/UA/Plc/Applications;s=SlowUIntScalar1":{"Value":6,"SourceTimestamp":"2024-04-27T16:39:16.0293021Z","ServerTimestamp":"2024-04-27T16:39:16.0293062Z"},"nsu=http://opcfoundation.org/UA/Plc/Applications;s=SlowUIntScalar2":{"Value":6,"SourceTimestamp":"2024-04-27T16:39:16.0293213Z","ServerTimestamp":"2024-04-27T16:39:16.0293226Z"},"nsu=http://opcfoundation.org/UA/Plc/Applications;s=SlowUIntScalar3":{"Value":6,"SourceTimestamp":"2024-04-27T16:39:16.0293248Z","ServerTimestamp":"2024-04-27T16:39:16.029326Z"},"nsu=http://opcfoundation.org/UA/Plc/Applications;s=BadSlowUIntScalar1":{"Value":6,"SourceTimestamp":"2024-04-27T16:39:16.0293287Z","ServerTimestamp":"2024-04-27T16:39:16.0293303Z"},"nsu=http://opcfoundation.org/UA/Plc/Applications;s=SlowRandomUIntScalar1":{"Value":3817482620,"SourceTimestamp":"2024-04-27T16:39:16.0293522Z","ServerTimestamp":"2024-04-27T16:39:16.0293556Z"},"nsu=http://opcfoundation.org/UA/Plc/Applications;s=SlowRandomUIntScalar2":{"Value":1732589142,"SourceTimestamp":"2024-04-27T16:39:16.0293663Z","ServerTimestamp":"2024-04-27T16:39:16.0293672Z"},"nsu=http://opcfoundation.org/UA/Plc/Applications;s=SlowRandomUIntScalar3":{"Value":3020346907,"SourceTimestamp":"2024-04-27T16:39:16.029369Z","ServerTimestamp":"2024-04-27T16:39:16.0293698Z"},"nsu=http://opcfoundation.org/UA/Plc/Applications;s=BadSlowRandomUIntScalar1":{"Value":2707839014,"SourceTimestamp":"2024-04-27T16:39:16.0293714Z","ServerTimestamp":"2024-04-27T16:39:16.0293721Z"},"nsu=http://opcfoundation.org/UA/Plc/Applications;s=SpikeData":{"Value":-77.0513242775789,"SourceTimestamp":"2024-04-27T16:39:16.8353718Z","ServerTimestamp":"2024-04-27T16:39:16.8353787Z"}}}