{"SequenceNumber":56,"MetaDataVersion":{"MajorVersion":1},"Timestamp":"2024-04-27T16:39:17.9261569Z","MessageType":"ua-deltaframe","DataSetWriterName":"<<UnknownDataSet>>","Payload":{"nsu=http://opcfoundation.org/UA/Plc/Applications;s=StepUp":{"Value":618,"SourceTimestamp":"2024-04-27T16:39:17.834703Z","ServerTimestamp":"2024-04-27T16:39:17.8347052Z"},"nsu=http://opcfoundation.org/UA/Plc/Applications;s=RandomSignedInt32":{"Value":-247698700,"SourceTimestamp":"2024-04-27T16:39:17.8346923Z","ServerTimestamp":"2024-04-27T16:39:17.8346941Z"},"nsu=http://opcfoundation.org/UA/Plc/Applications;s=RandomUnsignedInt32":{"Value":1586540786,"SourceTimestamp":"2024-04-27T16:39:17.8346742Z","ServerTimestamp":"2024-04-27T16:39:17.8346775Z"},"nsu=http://opcfoundation.org/UA/Plc/Applications;s=DipData":{"Value":-84.432792550201526,"SourceTimestamp":"2024-04-27T16:39:17.8346995Z","ServerTimestamp":"2024-04-27T16:39:17.8347011Z"},"nsu=http://opcfoundation.org/UA/Plc/Applications;s=FastUIntScalar1":{"Value":61,"SourceTimestamp":"2024-04-27T16:39:17.0357025Z","ServerTimestamp":"2024-04-27T16:39:17.0357065Z"},"nsu=http://opcfoundation.org/UA/Plc/Applications;s=FastUIntScalar2":{"Value":61,"SourceTimestamp":"2024-04-27T16:39:17.0357286Z","ServerTimestamp":"2024-04-27T16:39:17.0357385Z"},"nsu=http://opcfoundation.org/UA/Plc/Applications;s=FastUIntScalar3":{"Value":61,"SourceTimestamp":"2024-04-27T16:39:17.0357421Z","ServerTimestamp":"2024-04-27T16:39:17.0357434Z"},"nsu=http://opcfoundation.org/UA/Plc/Applications;s=FastRandomUIntScalar1":{"Value":944456902,"SourceTimestamp":"2024-04-27T16:39:17.03571Z","ServerTimestamp":"2024-04-27T16:39:17.0357547Z"},"nsu=http://opcfoundation.org/UA/Plc/Applications;s=FastRandomUIntScalar2":{"Value":3053325469,"SourceTimestamp":"2024-04-27T16:39:17.0357582Z","ServerTimestamp":"2024-04-27T16:39:17.0357591Z"},"nsu=http://opcfoundation.org/UA/Plc/Applications;s=FastRandomUIntScalar3":{"Value":4161606539,"SourceTimestamp":"2024-04-27T16:39:17.0357602Z","ServerTimestamp":"2024-04-27T16:39:17.0357609Z"},"nsu=http://opcfoundation.org/UA/Plc/Applications;s=SpikeData":{"Value":-84.432792550201526,"SourceTimestamp":"2024-04-27T16:39:17.8347176Z","ServerTimestamp":"2024-04-27T16:39:17.8347184Z"}}}