{"SequenceNumber":57,"MetaDataVersion":{"MajorVersion":1},"Timestamp":"2024-04-27T16:39:18.9118026Z","MessageType":"ua-deltaframe","DataSetWriterName":"<<UnknownDataSet>>","Payload":{"nsu=http://opcfoundation.org/UA/Plc/Applications;s=StepUp":{"Value":628,"SourceTimestamp":"2024-04-27T16:39:18.8347326Z","ServerTimestamp":"2024-04-27T16:39:18.8347331Z"},"nsu=http://opcfoundation.org/UA/Plc/Applications;s=RandomSignedInt32":{"Value":569991964,"SourceTimestamp":"2024-04-27T16:39:18.8347329Z","ServerTimestamp":"2024-04-27T16:39:18.834735Z"},"nsu=http://opcfoundation.org/UA/Plc/Applications;s=RandomUnsignedInt32":{"Value":292321703,"SourceTimestamp":"2024-04-27T16:39:18.8347104Z","ServerTimestamp":"2024-04-27T16:39:18.8347136Z"},"nsu=http://opcfoundation.org/UA/Plc/Applications;s=DipData":{"Value":24.868988716485482,"SourceTimestamp":"2024-04-27T16:39:18.8347173Z","ServerTimestamp":"2024-04-27T16:39:18.8347247Z"},"nsu=http://opcfoundation.org/UA/Plc/Applications;s=FastUIntScalar1":{"Value":62,"SourceTimestamp":"2024-04-27T16:39:18.0343932Z","ServerTimestamp":"2024-04-27T16:39:18.0344117Z"},"nsu=http://opcfoundation.org/UA/Plc/Applications;s=FastUIntScalar2":{"Value":62,"SourceTimestamp":"2024-04-27T16:39:18.0344137Z","ServerTimestamp":"2024-04-27T16:39:18.0344142Z"},"nsu=http://opcfoundation.org/UA/Plc/Applications;s=FastUIntScalar3":{"Value":62,"SourceTimestamp":"2024-04-27T16:39:18.034415Z","ServerTimestamp":"2024-04-27T16:39:18.0344155Z"},"nsu=http://opcfoundation.org/UA/Plc/Applications;s=FastRandomUIntScalar1":{"Value":3384383712,"SourceTimestamp":"2024-04-27T16:39:18.0344155Z","ServerTimestamp":"2024-04-27T16:39:18.0344166Z"},"nsu=http://opcfoundation.org/UA/Plc/Applications;s=FastRandomUIntScalar2":{"Value":2895713527,"SourceTimestamp":"2024-04-27T16:39:18.0344194Z","ServerTimestamp":"2024-04-27T16:39:18.0344203Z"},"nsu=http://opcfoundation.org/UA/Plc/Applications;s=FastRandomUIntScalar3":{"Value":2059615089,"SourceTimestamp":"2024-04-27T16:39:18.0344222Z","ServerTimestamp":"2024-04-27T16:39:18.034423Z"},"nsu=http://opcfoundation.org/UA/Plc/Applications;s=SpikeData":{"Value":24.868988716485482,"SourceTimestamp":"2024-04-27T16:39:18.834744Z","ServerTimestamp":"2024-04-27T16:39:18.8347475Z"}}}