{"SequenceNumber":7,"MetaDataVersion":{"MajorVersion":1},"Timestamp":"2024-04-27T16:38:23.8998868Z","MessageType":"ua-deltaframe","DataSetWriterName":"<<UnknownDataSet>>","Payload":{"nsu=http://opcfoundation.org/UA/Plc/Applications;s=StepUp":{"Value":78,"SourceTimestamp":"2024-04-27T16:38:23.8379679Z","ServerTimestamp":"2024-04-27T16:38:23.8379692Z"},"nsu=http://opcfoundation.org/UA/Plc/Applications;s=RandomSignedInt32":{"Value":-532890319,"SourceTimestamp":"2024-04-27T16:38:23.8379492Z","ServerTimestamp":"2024-04-27T16:38:23.8379561Z"},"nsu=http://opcfoundation.org/UA/Plc/Applications;s=RandomUnsignedInt32":{"Value":1177415864,"SourceTimestamp":"2024-04-27T16:38:23.8379344Z","ServerTimestamp":"2024-04-27T16:38:23.8379397Z"},"nsu=http://opcfoundation.org/UA/Plc/Applications;s=DipData":{"Value":24.868988716485482,"SourceTimestamp":"2024-04-27T16:38:23.8379674Z","ServerTimestamp":"2024-04-27T16:38:23.8379742Z"},"nsu=http://opcfoundation.org/UA/Plc/Applications;s=FastUIntScalar1":{"Value":7,"SourceTimestamp":"2024-04-27T16:38:23.0348268Z","ServerTimestamp":"2024-04-27T16:38:23.0348309Z"},"nsu=http://opcfoundation.org/UA/Plc/Applications;s=FastUIntScalar2":{"Value":7,"SourceTimestamp":"2024-04-27T16:38:23.0348384Z","ServerTimestamp":"2024-04-27T16:38:23.0348409Z"},"nsu=http://opcfoundation.org/UA/Plc/Applications;s=FastUIntScalar3":{"Value":7,"SourceTimestamp":"2024-04-27T16:38:23.0348433Z","ServerTimestamp":"2024-04-27T16:38:23.0348457Z"},"nsu=http://opcfoundation.org/UA/Plc/Applications;s=FastRandomUIntScalar1":{"Value":91730740,"SourceTimestamp":"2024-04-27T16:38:23.0348179Z","ServerTimestamp":"2024-04-27T16:38:23.034821Z"},"nsu=http://opcfoundation.org/UA/Plc/Applications;s=FastRandomUIntScalar2":{"Value":4155903522,"SourceTimestamp":"2024-04-27T16:38:23.0348308Z","ServerTimestamp":"2024-04-27T16:38:23.0348386Z"},"nsu=http://opcfoundation.org/UA/Plc/Applications;s=FastRandomUIntScalar3":{"Value":1709954930,"SourceTimestamp":"2024-04-27T16:38:23.034841Z","ServerTimestamp":"2024-04-27T16:38:23.0348437Z"},"nsu=http://opcfoundation.org/UA/Plc/Applications;s=SpikeData":{"Value":24.868988716485482,"SourceTimestamp":"2024-04-27T16:38:23.8379929Z","ServerTimestamp":"2024-04-27T16:38:23.8380002Z"}}}