{"SequenceNumber":71,"MetaDataVersion":{"MajorVersion":1},"Timestamp":"2024-04-27T16:39:33.9238831Z","MessageType":"ua-deltaframe","DataSetWriterName":"<<UnknownDataSet>>","Payload":{"nsu=http://opcfoundation.org/UA/Plc/Applications;s=StepUp":{"Value":778,"SourceTimestamp":"2024-04-27T16:39:33.829157Z","ServerTimestamp":"2024-04-27T16:39:33.8291579Z"},"nsu=http://opcfoundation.org/UA/Plc/Applications;s=RandomSignedInt32":{"Value":1365448244,"SourceTimestamp":"2024-04-27T16:39:33.8291689Z","ServerTimestamp":"2024-04-27T16:39:33.8291707Z"},"nsu=http://opcfoundation.org/UA/Plc/Applications;s=RandomUnsignedInt32":{"Value":1680918051,"SourceTimestamp":"2024-04-27T16:39:33.8291007Z","ServerTimestamp":"2024-04-27T16:39:33.8291055Z"},"nsu=http://opcfoundation.org/UA/Plc/Applications;s=DipData":{"Value":24.868988716485482,"SourceTimestamp":"2024-04-27T16:39:33.8291792Z","ServerTimestamp":"2024-04-27T16:39:33.8291834Z"},"nsu=http://opcfoundation.org/UA/Plc/Applications;s=FastUIntScalar1":{"Value":77,"SourceTimestamp":"2024-04-27T16:39:33.0381639Z","ServerTimestamp":"2024-04-27T16:39:33.0381902Z"},"nsu=http://opcfoundation.org/UA/Plc/Applications;s=FastUIntScalar2":{"Value":77,"SourceTimestamp":"2024-04-27T16:39:33.0381932Z","ServerTimestamp":"2024-04-27T16:39:33.038194Z"},"nsu=http://opcfoundation.org/UA/Plc/Applications;s=FastUIntScalar3":{"Value":77,"SourceTimestamp":"2024-04-27T16:39:33.0381951Z","ServerTimestamp":"2024-04-27T16:39:33.0381954Z"},"nsu=http://opcfoundation.org/UA/Plc/Applications;s=FastRandomUIntScalar1":{"Value":3269974164,"SourceTimestamp":"2024-04-27T16:39:33.0381638Z","ServerTimestamp":"2024-04-27T16:39:33.0381667Z"},"nsu=http://opcfoundation.org/UA/Plc/Applications;s=FastRandomUIntScalar2":{"Value":1873487496,"SourceTimestamp":"2024-04-27T16:39:33.038182Z","ServerTimestamp":"2024-04-27T16:39:33.038183Z"},"nsu=http://opcfoundation.org/UA/Plc/Applications;s=FastRandomUIntScalar3":{"Value":615960105,"SourceTimestamp":"2024-04-27T16:39:33.0381842Z","ServerTimestamp":"2024-04-27T16:39:33.0381848Z"},"nsu=http://opcfoundation.org/UA/Plc/Applications;s=SpikeData":{"Value":24.868988716485482,"SourceTimestamp":"2024-04-27T16:39:33.8291871Z","ServerTimestamp":"2024-04-27T16:39:33.8291969Z"}}}