{"SequenceNumber":79,"MetaDataVersion":{"MajorVersion":1},"Timestamp":"2024-04-27T16:39:42.8779495Z","MessageType":"ua-deltaframe","DataSetWriterName":"<<UnknownDataSet>>","Payload":{"nsu=http://opcfoundation.org/UA/Plc/Applications;s=StepUp":{"Value":868,"SourceTimestamp":"2024-04-27T16:39:42.8306852Z","ServerTimestamp":"2024-04-27T16:39:42.8307002Z"},"nsu=http://opcfoundation.org/UA/Plc/Applications;s=RandomSignedInt32":{"Value":-359172429,"SourceTimestamp":"2024-04-27T16:39:42.8306697Z","ServerTimestamp":"2024-04-27T16:39:42.8306822Z"},"nsu=http://opcfoundation.org/UA/Plc/Applications;s=RandomUnsignedInt32":{"Value":1249098345,"SourceTimestamp":"2024-04-27T16:39:42.8306425Z","ServerTimestamp":"2024-04-27T16:39:42.8306476Z"},"nsu=http://opcfoundation.org/UA/Plc/Applications;s=DipData":{"Value":-84.432792550201526,"SourceTimestamp":"2024-04-27T16:39:42.830664Z","ServerTimestamp":"2024-04-27T16:39:42.8306678Z"},"nsu=http://opcfoundation.org/UA/Plc/Applications;s=FastUIntScalar1":{"Value":86,"SourceTimestamp":"2024-04-27T16:39:42.0417602Z","ServerTimestamp":"2024-04-27T16:39:42.041775Z"},"nsu=http://opcfoundation.org/UA/Plc/Applications;s=FastUIntScalar2":{"Value":86,"SourceTimestamp":"2024-04-27T16:39:42.0417776Z","ServerTimestamp":"2024-04-27T16:39:42.0417831Z"},"nsu=http://opcfoundation.org/UA/Plc/Applications;s=FastUIntScalar3":{"Value":86,"SourceTimestamp":"2024-04-27T16:39:42.0417852Z","ServerTimestamp":"2024-04-27T16:39:42.0417935Z"},"nsu=http://opcfoundation.org/UA/Plc/Applications;s=FastRandomUIntScalar1":{"Value":3355868773,"SourceTimestamp":"2024-04-27T16:39:42.0417749Z","ServerTimestamp":"2024-04-27T16:39:42.041778Z"},"nsu=http://opcfoundation.org/UA/Plc/Applications;s=FastRandomUIntScalar2":{"Value":612998547,"SourceTimestamp":"2024-04-27T16:39:42.0417831Z","ServerTimestamp":"2024-04-27T16:39:42.0417853Z"},"nsu=http://opcfoundation.org/UA/Plc/Applications;s=FastRandomUIntScalar3":{"Value":2681919679,"SourceTimestamp":"2024-04-27T16:39:42.0417932Z","ServerTimestamp":"2024-04-27T16:39:42.0417962Z"},"nsu=http://opcfoundation.org/UA/Plc/Applications;s=SpikeData":{"Value":-84.432792550201526,"SourceTimestamp":"2024-04-27T16:39:42.8307091Z","ServerTimestamp":"2024-04-27T16:39:42.8307149Z"}}}