{"SequenceNumber":88,"MetaDataVersion":{"MajorVersion":1},"Timestamp":"2024-04-27T16:39:52.8954131Z","MessageType":"ua-deltaframe","DataSetWriterName":"<<UnknownDataSet>>","Payload":{"nsu=http://opcfoundation.org/UA/Plc/Applications;s=StepUp":{"Value":968,"SourceTimestamp":"2024-04-27T16:39:52.8313601Z","ServerTimestamp":"2024-04-27T16:39:52.8313605Z"},"nsu=http://opcfoundation.org/UA/Plc/Applications;s=RandomSignedInt32":{"Value":-261914067,"SourceTimestamp":"2024-04-27T16:39:52.8313523Z","ServerTimestamp":"2024-04-27T16:39:52.8313534Z"},"nsu=http://opcfoundation.org/UA/Plc/Applications;s=RandomUnsignedInt32":{"Value":978140093,"SourceTimestamp":"2024-04-27T16:39:52.8313293Z","ServerTimestamp":"2024-04-27T16:39:52.8313318Z"},"nsu=http://opcfoundation.org/UA/Plc/Applications;s=DipData":{"Value":-84.432792550201526,"SourceTimestamp":"2024-04-27T16:39:52.83134Z","ServerTimestamp":"2024-04-27T16:39:52.8313421Z"},"nsu=http://opcfoundation.org/UA/Plc/Applications;s=FastUIntScalar1":{"Value":96,"SourceTimestamp":"2024-04-27T16:39:52.0327033Z","ServerTimestamp":"2024-04-27T16:39:52.0327078Z"},"nsu=http://opcfoundation.org/UA/Plc/Applications;s=FastUIntScalar2":{"Value":96,"SourceTimestamp":"2024-04-27T16:39:52.0327147Z","ServerTimestamp":"2024-04-27T16:39:52.0327263Z"},"nsu=http://opcfoundation.org/UA/Plc/Applications;s=FastUIntScalar3":{"Value":96,"SourceTimestamp":"2024-04-27T16:39:52.0327288Z","ServerTimestamp":"2024-04-27T16:39:52.0327319Z"},"nsu=http://opcfoundation.org/UA/Plc/Applications;s=FastRandomUIntScalar1":{"Value":3844618188,"SourceTimestamp":"2024-04-27T16:39:52.0327266Z","ServerTimestamp":"2024-04-27T16:39:52.032729Z"},"nsu=http://opcfoundation.org/UA/Plc/Applications;s=FastRandomUIntScalar2":{"Value":537456826,"SourceTimestamp":"2024-04-27T16:39:52.0327319Z","ServerTimestamp":"2024-04-27T16:39:52.0327346Z"},"nsu=http://opcfoundation.org/UA/Plc/Applications;s=FastRandomUIntScalar3":{"Value":696121866,"SourceTimestamp":"2024-04-27T16:39:52.032737Z","ServerTimestamp":"2024-04-27T16:39:52.032738Z"},"nsu=http://opcfoundation.org/UA/Plc/Applications;s=SpikeData":{"Value":-84.432792550201526,"SourceTimestamp":"2024-04-27T16:39:52.8313661Z","ServerTimestamp":"2024-04-27T16:39:52.8313764Z"}}}