{"SequenceNumber":91,"MetaDataVersion":{"MajorVersion":1},"Timestamp":"2024-04-27T16:39:56.9188862Z","MessageType":"ua-deltaframe","DataSetWriterName":"<<UnknownDataSet>>","Payload":{"nsu=http://opcfoundation.org/UA/Plc/Applications;s=StepUp":{"Value":1008,"SourceTimestamp":"2024-04-27T16:39:56.8401342Z","ServerTimestamp":"2024-04-27T16:39:56.8401396Z"},"nsu=http://opcfoundation.org/UA/Plc/Applications;s=AlternatingBoolean":{"Value":true,"SourceTimestamp":"2024-04-27T16:39:56.1313976Z","ServerTimestamp":"2024-04-27T16:39:56.131401Z"},"nsu=http://opcfoundation.org/UA/Plc/Applications;s=RandomSignedInt32":{"Value":1565303417,"SourceTimestamp":"2024-04-27T16:39:56.8401414Z","ServerTimestamp":"2024-04-27T16:39:56.8401444Z"},"nsu=http://opcfoundation.org/UA/Plc/Applications;s=RandomUnsignedInt32":{"Value":864027115,"SourceTimestamp":"2024-04-27T16:39:56.8400666Z","ServerTimestamp":"2024-04-27T16:39:56.8400716Z"},"nsu=http://opcfoundation.org/UA/Plc/Applications;s=DipData":{"Value":-77.0513242775789,"SourceTimestamp":"2024-04-27T16:39:56.8401132Z","ServerTimestamp":"2024-04-27T16:39:56.8401168Z"},"nsu=http://opcfoundation.org/UA/Plc/Applications;s=FastUIntScalar1":{"Value":100,"SourceTimestamp":"2024-04-27T16:39:56.0396628Z","ServerTimestamp":"2024-04-27T16:39:56.0396682Z"},"nsu=http://opcfoundation.org/UA/Plc/Applications;s=FastUIntScalar2":{"Value":100,"SourceTimestamp":"2024-04-27T16:39:56.0396707Z","ServerTimestamp":"2024-04-27T16:39:56.0396848Z"},"nsu=http://opcfoundation.org/UA/Plc/Applications;s=FastUIntScalar3":{"Value":100,"SourceTimestamp":"2024-04-27T16:39:56.0396857Z","ServerTimestamp":"2024-04-27T16:39:56.0396908Z"},"nsu=http://opcfoundation.org/UA/Plc/Applications;s=FastRandomUIntScalar1":{"Value":1104133304,"SourceTimestamp":"2024-04-27T16:39:56.0396912Z","ServerTimestamp":"2024-04-27T16:39:56.039693Z"},"nsu=http://opcfoundation.org/UA/Plc/Applications;s=FastRandomUIntScalar2":{"Value":2336666388,"SourceTimestamp":"2024-04-27T16:39:56.0396977Z","ServerTimestamp":"2024-04-27T16:39:56.0396984Z"},"nsu=http://opcfoundation.org/UA/Plc/Applications;s=FastRandomUIntScalar3":{"Value":1844616452,"SourceTimestamp":"2024-04-27T16:39:56.0396996Z","ServerTimestamp":"2024-04-27T16:39:56.0397002Z"},"nsu=http://opcfoundation.org/UA/Plc/Applications;s=NegativeTrendData":{"Value":98.799999999999997,"SourceTimestamp":"2024-04-27T16:39:56.1313957Z","ServerTimestamp":"2024-04-27T16:39:56.1313965Z"},"nsu=http://opcfoundation.org/UA/Plc/Applications;s=PositiveTrendData":{"Value":101.7,"SourceTimestamp":"2024-04-27T16:39:56.1313974Z","ServerTimestamp":"2024-04-27T16:39:56.131398Z"},"nsu=http://opcfoundation.org/UA/Plc/Applications;s=SlowUIntScalar1":{"Value":10,"SourceTimestamp":"2024-04-27T16:39:56.0395526Z","ServerTimestamp":"2024-04-27T16:39:56.0395571Z"},"nsu=http://opcfoundation.org/UA/Plc/Applications;s=SlowUIntScalar2":{"Value":10,"SourceTimestamp":"2024-04-27T16:39:56.0395745Z","ServerTimestamp":"2024-04-27T16:39:56.0395759Z"},"nsu=http://opcfoundation.org/UA/Plc/Applications;s=SlowUIntScalar3":{"Value":10,"SourceTimestamp":"2024-04-27T16:39:56.0396084Z","ServerTimestamp":"2024-04-27T16:39:56.0396098Z"},"nsu=http://opcfoundation.org/UA/Plc/Applications;s=BadSlowUIntScalar1":{"Value":null,"StatusCode":{"Symbol":"BadNoCommunication","Code":2150694912},"SourceTimestamp":"2024-04-27T16:39:56.039615Z","ServerTimestamp":"2024-04-27T16:39:56.0396152Z"},"nsu=http://opcfoundation.org/UA/Plc/Applications;s=SlowRandomUIntScalar1":{"Value":3661384135,"SourceTimestamp":"2024-04-27T16:39:56.039657Z","ServerTimestamp":"2024-04-27T16:39:56.0396583Z"},"nsu=http://opcfoundation.org/UA/Plc/Applications;s=SlowRandomUIntScalar2":{"Value":3286787766,"SourceTimestamp":"2024-04-27T16:39:56.0396624Z","ServerTimestamp":"2024-04-27T16:39:56.0396707Z"},"nsu=http://opcfoundation.org/UA/Plc/Applications;s=SlowRandomUIntScalar3":{"Value":3630332399,"SourceTimestamp":"2024-04-27T16:39:56.0396847Z","ServerTimestamp":"2024-04-27T16:39:56.0396898Z"},"nsu=http://opcfoundation.org/UA/Plc/Applications;s=BadSlowRandomUIntScalar1":{"Value":null,"StatusCode":{"Symbol":"BadNoCommunication","Code":2150694912},"SourceTimestamp":"2024-04-27T16:39:56.0396921Z","ServerTimestamp":"2024-04-27T16:39:56.0396922Z"},"nsu=http://opcfoundation.org/UA/Plc/Applications;s=SpikeData":{"Value":-77.0513242775789,"SourceTimestamp":"2024-04-27T16:39:56.8401614Z","ServerTimestamp":"2024-04-27T16:39:56.840163Z"}}}