{"SequenceNumber":97,"MetaDataVersion":{"MajorVersion":1},"Timestamp":"2024-04-27T16:40:02.925899Z","MessageType":"ua-deltaframe","DataSetWriterName":"<<UnknownDataSet>>","Payload":{"nsu=http://opcfoundation.org/UA/Plc/Applications;s=StepUp":{"Value":1068,"SourceTimestamp":"2024-04-27T16:40:02.8321903Z","ServerTimestamp":"2024-04-27T16:40:02.8321934Z"},"nsu=http://opcfoundation.org/UA/Plc/Applications;s=RandomSignedInt32":{"Value":1315725268,"SourceTimestamp":"2024-04-27T16:40:02.8321827Z","ServerTimestamp":"2024-04-27T16:40:02.8321879Z"},"nsu=http://opcfoundation.org/UA/Plc/Applications;s=RandomUnsignedInt32":{"Value":2016011727,"SourceTimestamp":"2024-04-27T16:40:02.8321603Z","ServerTimestamp":"2024-04-27T16:40:02.8321634Z"},"nsu=http://opcfoundation.org/UA/Plc/Applications;s=DipData":{"Value":-84.432792550201526,"SourceTimestamp":"2024-04-27T16:40:02.8321792Z","ServerTimestamp":"2024-04-27T16:40:02.8321812Z"},"nsu=http://opcfoundation.org/UA/Plc/Applications;s=FastUIntScalar1":{"Value":106,"SourceTimestamp":"2024-04-27T16:40:02.0276028Z","ServerTimestamp":"2024-04-27T16:40:02.0276037Z"},"nsu=http://opcfoundation.org/UA/Plc/Applications;s=FastUIntScalar2":{"Value":106,"SourceTimestamp":"2024-04-27T16:40:02.0276065Z","ServerTimestamp":"2024-04-27T16:40:02.0276087Z"},"nsu=http://opcfoundation.org/UA/Plc/Applications;s=FastUIntScalar3":{"Value":106,"SourceTimestamp":"2024-04-27T16:40:02.0276106Z","ServerTimestamp":"2024-04-27T16:40:02.0276129Z"},"nsu=http://opcfoundation.org/UA/Plc/Applications;s=FastRandomUIntScalar1":{"Value":670812332,"SourceTimestamp":"2024-04-27T16:40:02.027605Z","ServerTimestamp":"2024-04-27T16:40:02.0276065Z"},"nsu=http://opcfoundation.org/UA/Plc/Applications;s=FastRandomUIntScalar2":{"Value":3608576293,"SourceTimestamp":"2024-04-27T16:40:02.0276088Z","ServerTimestamp":"2024-04-27T16:40:02.0276105Z"},"nsu=http://opcfoundation.org/UA/Plc/Applications;s=FastRandomUIntScalar3":{"Value":1422085713,"SourceTimestamp":"2024-04-27T16:40:02.0276129Z","ServerTimestamp":"2024-04-27T16:40:02.02762Z"},"nsu=http://opcfoundation.org/UA/Plc/Applications;s=SpikeData":{"Value":-84.432792550201526,"SourceTimestamp":"2024-04-27T16:40:02.8321978Z","ServerTimestamp":"2024-04-27T16:40:02.8322012Z"}}}