{"NodeId":"nsu=http://opcfoundation.org/UA/Plc/Applications;s=SpikeData","EndpointUrl":"opc.tcp://localhost:61457/UA/SampleServer","ApplicationUri":"urn:desktop-bgfjs91:OPCFoundation:CoreSampleServer","DisplayName":"nsu=http://opcfoundation.org/UA/Plc/Applications;s=SpikeData","Timestamp":"2024-04-27T14:02:49.2630728Z","Value":{"Value":{"Type":11,"Body":95.10565162951535},"SourceTimestamp":"2024-04-27T14:02:49.1698531Z","ServerTimestamp":"2024-04-27T14:02:49.1698559Z"},"SequenceNumber":11,"ExtensionFields":{}}