{"NodeId":"nsu=http://opcfoundation.org/UA/Plc/Applications;s=SpikeData","EndpointUrl":"opc.tcp://localhost:61457/UA/SampleServer","ApplicationUri":"urn:desktop-bgfjs91:OPCFoundation:CoreSampleServer","DisplayName":"nsu=http://opcfoundation.org/UA/Plc/Applications;s=SpikeData","Timestamp":"2024-04-27T14:02:51.3054406Z","Value":{"Value":{"Type":11,"Body":-68.454710592868821},"SourceTimestamp":"2024-04-27T14:02:51.2582935Z","ServerTimestamp":"2024-04-27T14:02:51.2583444Z"},"SequenceNumber":13,"ExtensionFields":{}}