{"NodeId":"nsu=http://opcfoundation.org/UA/Plc/Applications;s=SpikeData","EndpointUrl":"opc.tcp://localhost:61457/UA/SampleServer","ApplicationUri":"urn:desktop-bgfjs91:OPCFoundation:CoreSampleServer","DisplayName":"nsu=http://opcfoundation.org/UA/Plc/Applications;s=SpikeData","Timestamp":"2024-04-27T14:03:14.2968031Z","Value":{"Value":{"Type":11,"Body":98.228725072868855},"SourceTimestamp":"2024-04-27T14:03:14.2662978Z","ServerTimestamp":"2024-04-27T14:03:14.2663014Z"},"SequenceNumber":34,"ExtensionFields":{}}