{"NodeId":"nsu=http://opcfoundation.org/UA/Plc/Applications;s=SpikeData","EndpointUrl":"opc.tcp://localhost:61457/UA/SampleServer","ApplicationUri":"urn:desktop-bgfjs91:OPCFoundation:CoreSampleServer","DisplayName":"nsu=http://opcfoundation.org/UA/Plc/Applications;s=SpikeData","Timestamp":"2024-04-27T14:03:15.2829992Z","Value":{"Value":{"Type":11,"Body":1000},"SourceTimestamp":"2024-04-27T14:03:15.2666786Z","ServerTimestamp":"2024-04-27T14:03:15.2666825Z"},"SequenceNumber":35,"ExtensionFields":{}}