{"NodeId":"nsu=http://opcfoundation.org/UA/Plc/Applications;s=SpikeData","EndpointUrl":"opc.tcp://localhost:61457/UA/SampleServer","ApplicationUri":"urn:desktop-bgfjs91:OPCFoundation:CoreSampleServer","DisplayName":"nsu=http://opcfoundation.org/UA/Plc/Applications;s=SpikeData","Timestamp":"2024-04-27T14:03:31.3016501Z","Value":{"Value":{"Type":11,"Body":-68.454710592868821},"SourceTimestamp":"2024-04-27T14:03:31.2711003Z","ServerTimestamp":"2024-04-27T14:03:31.2711028Z"},"SequenceNumber":51,"ExtensionFields":{}}