{"NodeId":"nsu=http://opcfoundation.org/UA/Plc/Applications;s=SpikeData","EndpointUrl":"opc.tcp://localhost:61457/UA/SampleServer","ApplicationUri":"urn:desktop-bgfjs91:OPCFoundation:CoreSampleServer","DisplayName":"nsu=http://opcfoundation.org/UA/Plc/Applications;s=SpikeData","Timestamp":"2024-04-27T14:03:36.3061778Z","Value":{"Value":{"Type":11,"Body":-68.454710592868821},"SourceTimestamp":"2024-04-27T14:03:36.2604609Z","ServerTimestamp":"2024-04-27T14:03:36.2604631Z"},"SequenceNumber":56,"ExtensionFields":{}}