{"NodeId":"nsu=http://opcfoundation.org/UA/Plc/Applications;s=SpikeData","EndpointUrl":"opc.tcp://localhost:61457/UA/SampleServer","ApplicationUri":"urn:desktop-bgfjs91:OPCFoundation:CoreSampleServer","DisplayName":"nsu=http://opcfoundation.org/UA/Plc/Applications;s=SpikeData","Timestamp":"2024-04-27T14:03:48.3067964Z","Value":{"Value":{"Type":11,"Body":12.53332335643041},"SourceTimestamp":"2024-04-27T14:03:48.2607586Z","ServerTimestamp":"2024-04-27T14:03:48.2607623Z"},"SequenceNumber":66,"ExtensionFields":{}}