{"NodeId":"nsu=http://opcfoundation.org/UA/Plc/Applications;s=SpikeData","EndpointUrl":"opc.tcp://localhost:61457/UA/SampleServer","ApplicationUri":"urn:desktop-bgfjs91:OPCFoundation:CoreSampleServer","DisplayName":"nsu=http://opcfoundation.org/UA/Plc/Applications;s=SpikeData","Timestamp":"2024-04-27T14:03:50.2937277Z","Value":{"Value":{"Type":11,"Body":48.175367410171532},"SourceTimestamp":"2024-04-27T14:03:50.2619933Z","ServerTimestamp":"2024-04-27T14:03:50.2620014Z"},"SequenceNumber":68,"ExtensionFields":{}}