{"NodeId":"nsu=http://opcfoundation.org/UA/Plc/Applications;s=SpikeData","EndpointUrl":"opc.tcp://localhost:61457/UA/SampleServer","ApplicationUri":"urn:desktop-bgfjs91:OPCFoundation:CoreSampleServer","DisplayName":"nsu=http://opcfoundation.org/UA/Plc/Applications;s=SpikeData","Timestamp":"2024-04-27T14:03:57.2684213Z","Value":{"Value":{"Type":11,"Body":-95.10565162951535},"SourceTimestamp":"2024-04-27T14:03:57.1602592Z","ServerTimestamp":"2024-04-27T14:03:57.1602627Z"},"SequenceNumber":75,"ExtensionFields":{}}