{"NodeId":"nsu=http://opcfoundation.org/UA/Plc/Applications;s=SpikeData","EndpointUrl":"opc.tcp://localhost:61457/UA/SampleServer","ApplicationUri":"urn:desktop-bgfjs91:OPCFoundation:CoreSampleServer","DisplayName":"nsu=http://opcfoundation.org/UA/Plc/Applications;s=SpikeData","Timestamp":"2024-04-27T14:03:58.3081541Z","Value":{"Value":{"Type":11,"Body":12.53332335643041},"SourceTimestamp":"2024-04-27T14:03:58.2605226Z","ServerTimestamp":"2024-04-27T14:03:58.2605267Z"},"SequenceNumber":76,"ExtensionFields":{}}