{"NodeId":"nsu=http://opcfoundation.org/UA/Plc/Applications;s=SpikeData","EndpointUrl":"opc.tcp://localhost:61457/UA/SampleServer","ApplicationUri":"urn:desktop-bgfjs91:OPCFoundation:CoreSampleServer","DisplayName":"nsu=http://opcfoundation.org/UA/Plc/Applications;s=SpikeData","Timestamp":"2024-04-27T14:04:02.2795949Z","Value":{"Value":{"Type":11,"Body":-90.482705246601981},"SourceTimestamp":"2024-04-27T14:04:02.2630033Z","ServerTimestamp":"2024-04-27T14:04:02.2630057Z"},"SequenceNumber":80,"ExtensionFields":{}}