{"MessageId":"ae342a34-9977-4a1e-b29e-aba8f9be4017","MessageType":"ua-data","PublisherId":"DESKTOP-BGFJS91","DataSetWriterGroup":"Assembly","Messages":[{"SequenceNumber":1,"MetaDataVersion":{"MajorVersion":1},"Timestamp":"2024-04-26T11:59:21.3774517Z","MessageType":"ua-deltaframe","DataSetWriterName":"<<UnknownDataSet>>","Payload":{"nsu=http://opcfoundation.org/UA/Plc/Applications;s=NegativeTrendData":{"Value":100,"SourceTimestamp":"2024-04-26T11:59:20.3426049Z","ServerTimestamp":"2024-04-26T11:59:20.4015479Z"},"nsu=http://opcfoundation.org/UA/Plc/Applications;s=PositiveTrendData":{"Value":100,"SourceTimestamp":"2024-04-26T11:59:20.3426062Z","ServerTimestamp":"2024-04-26T11:59:20.4015651Z"}}}]}