{"MessageId":"669f7779-d502-440f-8416-9ef8430bf40d","MessageType":"ua-data","PublisherId":"DESKTOP-BGFJS91","DataSetWriterGroup":"Assembly","Messages":[{"DataSetWriterId":1,"SequenceNumber":4,"MetaDataVersion":{"MajorVersion":1},"Timestamp":"2024-04-26T12:00:00.6180698Z","MessageType":"ua-deltaframe","DataSetWriterName":"<<UnknownDataSet>>","Payload":{"nsu=http://opcfoundation.org/UA/Plc/Applications;s=SlowUIntScalar1":{"Value":4,"SourceTimestamp":"2024-04-26T11:59:58.9369145Z","ServerTimestamp":"2024-04-26T11:59:58.9369176Z"},"nsu=http://opcfoundation.org/UA/Plc/Applications;s=SlowUIntScalar2":{"Value":4,"SourceTimestamp":"2024-04-26T11:59:58.9369277Z","ServerTimestamp":"2024-04-26T11:59:58.9369284Z"},"nsu=http://opcfoundation.org/UA/Plc/Applications;s=SlowUIntScalar3":{"Value":4,"SourceTimestamp":"2024-04-26T11:59:58.9369299Z","ServerTimestamp":"2024-04-26T11:59:58.9369305Z"},"nsu=http://opcfoundation.org/UA/Plc/Applications;s=BadSlowUIntScalar1":{"Value":4,"StatusCode":{"Symbol":"UncertainLastUsableValue","Code":1083179008},"SourceTimestamp":"2024-04-26T11:59:58.9369321Z","ServerTimestamp":"2024-04-26T11:59:58.9369329Z"}}}]}