{"MessageId":"35fb509f-49e2-4cc3-9c1c-f5e85d623a64","MessageType":"ua-data","PublisherId":"DESKTOP-BGFJS91","DataSetWriterGroup":"Assembly","Messages":[{"SequenceNumber":12,"MetaDataVersion":{"MajorVersion":1},"Timestamp":"2024-04-26T12:00:29.3582812Z","MessageType":"ua-deltaframe","DataSetWriterName":"<<UnknownDataSet>>","Payload":{"nsu=http://opcfoundation.org/UA/Plc/Applications;s=NegativeTrendData":{"Value":98.900000000000006,"SourceTimestamp":"2024-04-26T12:00:29.0291809Z","ServerTimestamp":"2024-04-26T12:00:29.0291829Z"},"nsu=http://opcfoundation.org/UA/Plc/Applications;s=PositiveTrendData":{"Value":100.7,"SourceTimestamp":"2024-04-26T12:00:29.0291804Z","ServerTimestamp":"2024-04-26T12:00:29.0291846Z"}}}]}