{"MessageId":"03b34783-71f1-4e15-8a64-2a13deae1d2a","MessageType":"ua-data","PublisherId":"DESKTOP-BGFJS91","DataSetWriterGroup":"Assembly","Messages":[{"DataSetWriterId":1,"SequenceNumber":7,"MetaDataVersion":{"MajorVersion":1},"Timestamp":"2024-04-26T12:00:30.6132059Z","MessageType":"ua-deltaframe","DataSetWriterName":"<<UnknownDataSet>>","Payload":{"nsu=http://opcfoundation.org/UA/Plc/Applications;s=SlowUIntScalar1":{"Value":7,"SourceTimestamp":"2024-04-26T12:00:28.9362349Z","ServerTimestamp":"2024-04-26T12:00:28.9362382Z"},"nsu=http://opcfoundation.org/UA/Plc/Applications;s=SlowUIntScalar2":{"Value":7,"SourceTimestamp":"2024-04-26T12:00:28.9362468Z","ServerTimestamp":"2024-04-26T12:00:28.9362473Z"},"nsu=http://opcfoundation.org/UA/Plc/Applications;s=SlowUIntScalar3":{"Value":7,"SourceTimestamp":"2024-04-26T12:00:28.9362484Z","ServerTimestamp":"2024-04-26T12:00:28.9362488Z"},"nsu=http://opcfoundation.org/UA/Plc/Applications;s=BadSlowUIntScalar1":{"Value":7,"SourceTimestamp":"2024-04-26T12:00:28.9362502Z","ServerTimestamp":"2024-04-26T12:00:28.936251Z"}}}]}