{"MessageId":"5b2a8a6d-8489-420f-a695-7a60a8b77c3d","MessageType":"ua-data","PublisherId":"DESKTOP-BGFJS91","DataSetWriterGroup":"Assembly","Messages":[{"SequenceNumber":13,"MetaDataVersion":{"MajorVersion":1},"Timestamp":"2024-04-26T12:00:34.3582296Z","MessageType":"ua-deltaframe","DataSetWriterName":"<<UnknownDataSet>>","Payload":{"nsu=http://opcfoundation.org/UA/Plc/Applications;s=NegativeTrendData":{"Value":98.799999999999997,"SourceTimestamp":"2024-04-26T12:00:34.0445476Z","ServerTimestamp":"2024-04-26T12:00:34.0445486Z"},"nsu=http://opcfoundation.org/UA/Plc/Applications;s=PositiveTrendData":{"Value":100.8,"SourceTimestamp":"2024-04-26T12:00:34.0445508Z","ServerTimestamp":"2024-04-26T12:00:34.044555Z"}}}]}