{"MessageId":"06f474e4-df49-45ef-8d27-bf04996261ce","MessageType":"ua-data","PublisherId":"DESKTOP-BGFJS91","DataSetWriterGroup":"Assembly","Messages":[{"SequenceNumber":17,"MetaDataVersion":{"MajorVersion":1},"Timestamp":"2024-04-26T12:00:54.3677651Z","MessageType":"ua-deltaframe","DataSetWriterName":"<<UnknownDataSet>>","Payload":{"nsu=http://opcfoundation.org/UA/Plc/Applications;s=NegativeTrendData":{"Value":98.400000000000006,"SourceTimestamp":"2024-04-26T12:00:54.0370504Z","ServerTimestamp":"2024-04-26T12:00:54.0370525Z"},"nsu=http://opcfoundation.org/UA/Plc/Applications;s=PositiveTrendData":{"Value":101.2,"SourceTimestamp":"2024-04-26T12:00:54.0370608Z","ServerTimestamp":"2024-04-26T12:00:54.0370627Z"}}}]}