{"MessageId":"d7af13a5-be44-4883-9a82-eefd8a5f8536","MessageType":"ua-data","PublisherId":"DESKTOP-BGFJS91","DataSetWriterGroup":"Assembly","Messages":[{"SequenceNumber":20,"MetaDataVersion":{"MajorVersion":1},"Timestamp":"2024-04-26T12:01:09.3807813Z","MessageType":"ua-deltaframe","DataSetWriterName":"<<UnknownDataSet>>","Payload":{"nsu=http://opcfoundation.org/UA/Plc/Applications;s=NegativeTrendData":{"Value":98.099999999999994,"SourceTimestamp":"2024-04-26T12:01:09.0403997Z","ServerTimestamp":"2024-04-26T12:01:09.0404004Z"},"nsu=http://opcfoundation.org/UA/Plc/Applications;s=PositiveTrendData":{"Value":101.5,"SourceTimestamp":"2024-04-26T12:01:09.0404055Z","ServerTimestamp":"2024-04-26T12:01:09.0404104Z"}}}]}