{"MessageId":"f3d804c9-eab4-4043-9ea1-f6c8c64e16e6","MessageType":"ua-data","PublisherId":"DESKTOP-BGFJS91","DataSetWriterGroup":"Assembly","Messages":[{"SequenceNumber":6,"MetaDataVersion":{"MajorVersion":1},"Timestamp":"2024-04-26T11:59:59.3615243Z","MessageType":"ua-deltaframe","DataSetWriterName":"<<UnknownDataSet>>","Payload":{"nsu=http://opcfoundation.org/UA/Plc/Applications;s=NegativeTrendData":{"Value":99.5,"SourceTimestamp":"2024-04-26T11:59:59.0311747Z","ServerTimestamp":"2024-04-26T11:59:59.031204Z"},"nsu=http://opcfoundation.org/UA/Plc/Applications;s=PositiveTrendData":{"Value":100.09999999999999,"SourceTimestamp":"2024-04-26T11:59:59.0311785Z","ServerTimestamp":"2024-04-26T11:59:59.0311854Z"}}}]}