{"NodeId":"nsu=http://opcfoundation.org/UA/Plc/Applications;s=AlternatingBoolean","EndpointUrl":"opc.tcp://localhost:61457/UA/SampleServer","ApplicationUri":"urn:desktop-bgfjs91:OPCFoundation:CoreSampleServer","DisplayName":"nsu=http://opcfoundation.org/UA/Plc/Applications;s=AlternatingBoolean","Timestamp":"2024-04-27T14:04:15.7091593Z","Value":{"Value":{"Type":1,"Body":true},"SourceTimestamp":"2024-04-27T14:04:15.6634846Z","ServerTimestamp":"2024-04-27T14:04:15.6634854Z"},"SequenceNumber":21,"ExtensionFields":{}}