{"NodeId":"nsu=http://opcfoundation.org/UA/Plc/Applications;s=AlternatingBoolean","EndpointUrl":"opc.tcp://localhost:61457/UA/SampleServer","ApplicationUri":"urn:desktop-bgfjs91:OPCFoundation:CoreSampleServer","DisplayName":"nsu=http://opcfoundation.org/UA/Plc/Applications;s=AlternatingBoolean","Timestamp":"2024-04-27T14:04:21.7077273Z","Value":{"Value":{"Type":1,"Body":false},"SourceTimestamp":"2024-04-27T14:04:20.6723952Z","ServerTimestamp":"2024-04-27T14:04:20.6723972Z"},"SequenceNumber":22,"ExtensionFields":{}}