{"NodeId":"nsu=http://opcfoundation.org/UA/Plc/Applications;s=AlternatingBoolean","EndpointUrl":"opc.tcp://localhost:61457/UA/SampleServer","ApplicationUri":"urn:desktop-bgfjs91:OPCFoundation:CoreSampleServer","DisplayName":"nsu=http://opcfoundation.org/UA/Plc/Applications;s=AlternatingBoolean","Timestamp":"2024-04-27T14:03:05.7122166Z","Value":{"Value":{"Type":1,"Body":true},"SourceTimestamp":"2024-04-27T14:03:05.6645226Z","ServerTimestamp":"2024-04-27T14:03:05.6645238Z"},"SequenceNumber":7,"ExtensionFields":{}}