[{"nsu=http://opcfoundation.org/UA/Plc/Applications;s=SlowRandomUIntScalar1":{"Value":4017938787,"SourceTimestamp":"2024-04-26T12:19:13.116009Z","ServerTimestamp":"2024-04-26T12:19:13.1160111Z"},"nsu=http://opcfoundation.org/UA/Plc/Applications;s=SlowRandomUIntScalar2":{"Value":3073495478,"SourceTimestamp":"2024-04-26T12:19:13.1160167Z","ServerTimestamp":"2024-04-26T12:19:13.1160173Z"},"nsu=http://opcfoundation.org/UA/Plc/Applications;s=SlowRandomUIntScalar3":{"Value":3825098018,"SourceTimestamp":"2024-04-26T12:19:13.1160191Z","ServerTimestamp":"2024-04-26T12:19:13.1160196Z"},"nsu=http://opcfoundation.org/UA/Plc/Applications;s=BadSlowRandomUIntScalar1":{"Value":4014456364,"SourceTimestamp":"2024-04-26T12:19:13.1160207Z","ServerTimestamp":"2024-04-26T12:19:13.1160215Z"}}]