[{"nsu=http://opcfoundation.org/UA/Plc/Applications;s=SlowRandomUIntScalar1":{"Value":2661386594,"SourceTimestamp":"2024-04-26T12:17:53.1267312Z","ServerTimestamp":"2024-04-26T12:17:53.1267366Z"},"nsu=http://opcfoundation.org/UA/Plc/Applications;s=SlowRandomUIntScalar2":{"Value":2550195966,"SourceTimestamp":"2024-04-26T12:17:53.1267422Z","ServerTimestamp":"2024-04-26T12:17:53.1267436Z"},"nsu=http://opcfoundation.org/UA/Plc/Applications;s=SlowRandomUIntScalar3":{"Value":3876240970,"SourceTimestamp":"2024-04-26T12:17:53.1267447Z","ServerTimestamp":"2024-04-26T12:17:53.1267461Z"},"nsu=http://opcfoundation.org/UA/Plc/Applications;s=BadSlowRandomUIntScalar1":{"Value":83008269,"SourceTimestamp":"2024-04-26T12:17:53.1267476Z","ServerTimestamp":"2024-04-26T12:17:53.1267482Z"}}]