[{"nsu=http://opcfoundation.org/UA/Plc/Applications;s=SlowRandomUIntScalar1":{"Value":4293819577,"SourceTimestamp":"2024-04-26T12:18:33.1131268Z","ServerTimestamp":"2024-04-26T12:18:33.1131341Z"},"nsu=http://opcfoundation.org/UA/Plc/Applications;s=SlowRandomUIntScalar2":{"Value":1300903503,"SourceTimestamp":"2024-04-26T12:18:33.1131359Z","ServerTimestamp":"2024-04-26T12:18:33.1131374Z"},"nsu=http://opcfoundation.org/UA/Plc/Applications;s=SlowRandomUIntScalar3":{"Value":66826270,"SourceTimestamp":"2024-04-26T12:18:33.1131384Z","ServerTimestamp":"2024-04-26T12:18:33.113139Z"},"nsu=http://opcfoundation.org/UA/Plc/Applications;s=BadSlowRandomUIntScalar1":{"Value":2503446863,"SourceTimestamp":"2024-04-26T12:18:33.1131405Z","ServerTimestamp":"2024-04-26T12:18:33.1131413Z"}}]