[{"nsu=http://opcfoundation.org/UA/Plc/Applications;s=SlowRandomUIntScalar1":{"Value":1909351802,"SourceTimestamp":"2024-04-26T12:17:33.1173569Z","ServerTimestamp":"2024-04-26T12:17:33.117363Z"},"nsu=http://opcfoundation.org/UA/Plc/Applications;s=SlowRandomUIntScalar2":{"Value":2507440906,"SourceTimestamp":"2024-04-26T12:17:33.1173688Z","ServerTimestamp":"2024-04-26T12:17:33.1173704Z"},"nsu=http://opcfoundation.org/UA/Plc/Applications;s=SlowRandomUIntScalar3":{"Value":2438514881,"SourceTimestamp":"2024-04-26T12:17:33.1173716Z","ServerTimestamp":"2024-04-26T12:17:33.1173727Z"},"nsu=http://opcfoundation.org/UA/Plc/Applications;s=BadSlowRandomUIntScalar1":{"Value":1482981237,"SourceTimestamp":"2024-04-26T12:17:33.117374Z","ServerTimestamp":"2024-04-26T12:17:33.1173746Z"}}]