{"NodeId":"i=2253","EndpointUrl":"opc.tcp://localhost:61457/UA/SampleServer","ApplicationUri":"urn:desktop-bgfjs91:OPCFoundation:CoreSampleServer","DisplayName":"<<UnknownDataSet>>","Timestamp":"2024-04-27T14:18:38.2282722Z","Value":{"Type":22,"Body":{"TypeId":{"IdType":1,"Id":"EncodeableDictionary_Encoding_DefaultJson"},"Body":{"EventId":{"Type":15,"Body":"GBp7dABYSUuT7vDKLkKEig=="},"EventType":{"Type":18,"Body":{"IdType":1,"Id":"ReferenceChange"}},"SourceNode":{"Type":17,"Body":{"Id":84}},"Time":{"Type":13,"Body":"2024-04-27T14:18:38.2281282Z"},"Change":{"Type":22,"Body":{"TypeId":{"Id":15182},"Body":{"ReferenceTypeId":{"Id":35},"IsForward":true,"NodeId":{"Id":85},"BrowseName":{"Name":"Objects"},"DisplayName":{"Text":"Objects"},"NodeClass":1,"TypeDefinition":{"Id":61}}}}}}},"SequenceNumber":1,"ExtensionFields":{}}