{"NodeId":"i=2253","EndpointUrl":"opc.tcp://localhost:61457/UA/SampleServer","ApplicationUri":"urn:desktop-bgfjs91:OPCFoundation:CoreSampleServer","DisplayName":"<<UnknownDataSet>>","Timestamp":"2024-04-27T14:18:38.4090183Z","Value":{"Type":22,"Body":{"TypeId":{"IdType":1,"Id":"EncodeableDictionary_Encoding_DefaultJson"},"Body":{"EventId":{"Type":15,"Body":"cuiGgNBGLkWIFrx+i7AvEA=="},"EventType":{"Type":18,"Body":{"IdType":1,"Id":"NodeChange"}},"SourceNode":{"Type":17,"Body":{"Id":17594}},"Time":{"Type":13,"Body":"2024-04-27T14:18:38.4090167Z"},"Change":{"Type":22,"Body":{"TypeId":{"Id":15071},"Body":{"NodeId":{"Id":17594},"NodeClass":1,"BrowseName":{"Name":"Dictionaries"},"DisplayName":{"Text":"Dictionaries"},"RolePermissions":[],"UserRolePermissions":[],"References":[]}}}}}},"SequenceNumber":100,"ExtensionFields":{}}