{"NodeId":"i=2253","EndpointUrl":"opc.tcp://localhost:61457/UA/SampleServer","ApplicationUri":"urn:desktop-bgfjs91:OPCFoundation:CoreSampleServer","DisplayName":"<<UnknownDataSet>>","Timestamp":"2024-04-27T14:18:38.410347Z","Value":{"Type":22,"Body":{"TypeId":{"IdType":1,"Id":"EncodeableDictionary_Encoding_DefaultJson"},"Body":{"EventId":{"Type":15,"Body":"nsPha271Fkmt+hpfh31dwQ=="},"EventType":{"Type":18,"Body":{"IdType":1,"Id":"ReferenceChange"}},"SourceNode":{"Type":17,"Body":{"Id":2253}},"Time":{"Type":13,"Body":"2024-04-27T14:18:38.4103462Z"},"Change":{"Type":22,"Body":{"TypeId":{"Id":15182},"Body":{"ReferenceTypeId":{"Id":48},"IsForward":true,"NodeId":{"Id":10157,"Namespace":2},"BrowseName":{"Name":"Data","Uri":2},"DisplayName":{"Text":"Data"},"NodeClass":1,"TypeDefinition":{"Id":61}}}}}}},"SequenceNumber":103,"ExtensionFields":{}}