{"NodeId":"i=2253","EndpointUrl":"opc.tcp://localhost:61457/UA/SampleServer","ApplicationUri":"urn:desktop-bgfjs91:OPCFoundation:CoreSampleServer","DisplayName":"<<UnknownDataSet>>","Timestamp":"2024-04-27T14:18:38.4168532Z","Value":{"Type":22,"Body":{"TypeId":{"IdType":1,"Id":"EncodeableDictionary_Encoding_DefaultJson"},"Body":{"EventId":{"Type":15,"Body":"1o8HFlOg/UeBGWOW/CDHNA=="},"EventType":{"Type":18,"Body":{"IdType":1,"Id":"ReferenceChange"}},"SourceNode":{"Type":17,"Body":{"Id":23470}},"Time":{"Type":13,"Body":"2024-04-27T14:18:38.4168525Z"},"Change":{"Type":22,"Body":{"TypeId":{"Id":15182},"Body":{"ReferenceTypeId":{"Id":47},"IsForward":true,"NodeId":{"Id":23476},"BrowseName":{"Name":"FindAlias"},"DisplayName":{"Text":"FindAlias"},"NodeClass":4,"TypeDefinition":{"Id":23462}}}}}}},"SequenceNumber":110,"ExtensionFields":{}}