{"NodeId":"i=2253","EndpointUrl":"opc.tcp://localhost:61457/UA/SampleServer","ApplicationUri":"urn:desktop-bgfjs91:OPCFoundation:CoreSampleServer","DisplayName":"<<UnknownDataSet>>","Timestamp":"2024-04-27T14:18:38.4247615Z","Value":{"Type":22,"Body":{"TypeId":{"IdType":1,"Id":"EncodeableDictionary_Encoding_DefaultJson"},"Body":{"EventId":{"Type":15,"Body":"Evq0IaM3mkWjFiHhI0Hitg=="},"EventType":{"Type":18,"Body":{"IdType":1,"Id":"NodeChange"}},"SourceNode":{"Type":17,"Body":{"Id":10158,"Namespace":2}},"Time":{"Type":13,"Body":"2024-04-27T14:18:38.424759Z"},"Change":{"Type":22,"Body":{"TypeId":{"Id":15071},"Body":{"NodeId":{"Id":10158,"Namespace":2},"NodeClass":1,"BrowseName":{"Name":"Static","Uri":2},"DisplayName":{"Text":"Static"},"RolePermissions":[],"UserRolePermissions":[],"References":[],"EventNotifier":1}}}}}},"SequenceNumber":119,"ExtensionFields":{}}