{"NodeId":"i=2253","EndpointUrl":"opc.tcp://localhost:61457/UA/SampleServer","ApplicationUri":"urn:desktop-bgfjs91:OPCFoundation:CoreSampleServer","DisplayName":"<<UnknownDataSet>>","Timestamp":"2024-04-27T14:18:38.4248621Z","Value":{"Type":22,"Body":{"TypeId":{"IdType":1,"Id":"EncodeableDictionary_Encoding_DefaultJson"},"Body":{"EventId":{"Type":15,"Body":"l2GAkOWxpU6xdEDePMJD6Q=="},"EventType":{"Type":18,"Body":{"IdType":1,"Id":"ReferenceChange"}},"SourceNode":{"Type":17,"Body":{"Id":10157,"Namespace":2}},"Time":{"Type":13,"Body":"2024-04-27T14:18:38.424861Z"},"Change":{"Type":22,"Body":{"TypeId":{"Id":15182},"Body":{"ReferenceTypeId":{"Id":47},"IsForward":true,"NodeId":{"Id":10786,"Namespace":2},"BrowseName":{"Name":"Dynamic","Uri":2},"DisplayName":{"Text":"Dynamic"},"NodeClass":1,"TypeDefinition":{"Id":61}}}}}}},"SequenceNumber":120,"ExtensionFields":{}}