{"NodeId":"i=2253","EndpointUrl":"opc.tcp://localhost:61457/UA/SampleServer","ApplicationUri":"urn:desktop-bgfjs91:OPCFoundation:CoreSampleServer","DisplayName":"<<UnknownDataSet>>","Timestamp":"2024-04-27T14:18:38.4302389Z","Value":{"Type":22,"Body":{"TypeId":{"IdType":1,"Id":"EncodeableDictionary_Encoding_DefaultJson"},"Body":{"EventId":{"Type":15,"Body":"fxVBB19zwESKLbEWAtIg8Q=="},"EventType":{"Type":18,"Body":{"IdType":1,"Id":"ReferenceChange"}},"SourceNode":{"Type":17,"Body":{"Id":281,"Namespace":7}},"Time":{"Type":13,"Body":"2024-04-27T14:18:38.4302368Z"},"Change":{"Type":22,"Body":{"TypeId":{"Id":15182},"Body":{"ReferenceTypeId":{"Id":46},"IsForward":true,"NodeId":{"Id":380,"Namespace":7},"BrowseName":{"Name":"LotType","Uri":7},"DisplayName":{"Text":"LotType"},"NodeClass":2,"TypeDefinition":{"Id":68}}}}}}},"SequenceNumber":126,"ExtensionFields":{}}