{"NodeId":"i=2253","EndpointUrl":"opc.tcp://localhost:61457/UA/SampleServer","ApplicationUri":"urn:desktop-bgfjs91:OPCFoundation:CoreSampleServer","DisplayName":"<<UnknownDataSet>>","Timestamp":"2024-04-27T14:18:38.4359085Z","Value":{"Type":22,"Body":{"TypeId":{"IdType":1,"Id":"EncodeableDictionary_Encoding_DefaultJson"},"Body":{"EventId":{"Type":15,"Body":"UIN2qf/wH0+42Vlib9mSug=="},"EventType":{"Type":18,"Body":{"IdType":1,"Id":"ReferenceChange"}},"SourceNode":{"Type":17,"Body":{"Id":303,"Namespace":9}},"Time":{"Type":13,"Body":"2024-04-27T14:18:38.4359077Z"},"Change":{"Type":22,"Body":{"TypeId":{"Id":15182},"Body":{"ReferenceTypeId":{"Id":48},"IsForward":true,"NodeId":{"IdType":1,"Id":"Area99","Namespace":9},"BrowseName":{"Name":"Area99","Uri":9},"DisplayName":{"Text":"Area99"},"NodeClass":1,"TypeDefinition":{"Id":61}}}}}}},"SequenceNumber":134,"ExtensionFields":{}}