{"NodeId":"i=2253","EndpointUrl":"opc.tcp://localhost:61457/UA/SampleServer","ApplicationUri":"urn:desktop-bgfjs91:OPCFoundation:CoreSampleServer","DisplayName":"<<UnknownDataSet>>","Timestamp":"2024-04-27T14:18:38.4429628Z","Value":{"Type":22,"Body":{"TypeId":{"IdType":1,"Id":"EncodeableDictionary_Encoding_DefaultJson"},"Body":{"EventId":{"Type":15,"Body":"RFcbZIavgUGJSoTelg+8uw=="},"EventType":{"Type":18,"Body":{"IdType":1,"Id":"NodeChange"}},"SourceNode":{"Type":17,"Body":{"IdType":1,"Id":"UInt32","Namespace":22}},"Time":{"Type":13,"Body":"2024-04-27T14:18:38.4429611Z"},"Change":{"Type":22,"Body":{"TypeId":{"Id":15071},"Body":{"NodeId":{"IdType":1,"Id":"UInt32","Namespace":22},"NodeClass":1,"BrowseName":{"Name":"UInt32","Uri":22},"DisplayName":{"Text":"UInt32"},"RolePermissions":[],"UserRolePermissions":[],"References":[]}}}}}},"SequenceNumber":143,"ExtensionFields":{}}