{"NodeId":"i=2253","EndpointUrl":"opc.tcp://localhost:61457/UA/SampleServer","ApplicationUri":"urn:desktop-bgfjs91:OPCFoundation:CoreSampleServer","DisplayName":"<<UnknownDataSet>>","Timestamp":"2024-04-27T14:18:38.4444694Z","Value":{"Type":22,"Body":{"TypeId":{"IdType":1,"Id":"EncodeableDictionary_Encoding_DefaultJson"},"Body":{"EventId":{"Type":15,"Body":"TrxAvc3uPUix6TFytHJYzA=="},"EventType":{"Type":18,"Body":{"IdType":1,"Id":"ReferenceChange"}},"SourceNode":{"Type":17,"Body":{"Id":1240,"Namespace":23}},"Time":{"Type":13,"Body":"2024-04-27T14:18:38.444468Z"},"Change":{"Type":22,"Body":{"TypeId":{"Id":15182},"Body":{"ReferenceTypeId":{"Id":47},"IsForward":true,"NodeId":{"Id":1241,"Namespace":23},"BrowseName":{"Name":"Boiler #1","Uri":23},"DisplayName":{"Text":"Boiler #1"},"NodeClass":1,"TypeDefinition":{"Id":1132,"Namespace":23}}}}}}},"SequenceNumber":146,"ExtensionFields":{}}