{"NodeId":"i=2253","EndpointUrl":"opc.tcp://localhost:61457/UA/SampleServer","ApplicationUri":"urn:desktop-bgfjs91:OPCFoundation:CoreSampleServer","DisplayName":"<<UnknownDataSet>>","Timestamp":"2024-04-27T14:18:38.4458335Z","Value":{"Type":22,"Body":{"TypeId":{"IdType":1,"Id":"EncodeableDictionary_Encoding_DefaultJson"},"Body":{"EventId":{"Type":15,"Body":"02W3itvFs0+7f1jgNv60dg=="},"EventType":{"Type":18,"Body":{"IdType":1,"Id":"ReferenceChange"}},"SourceNode":{"Type":17,"Body":{"Id":1240,"Namespace":23}},"Time":{"Type":13,"Body":"2024-04-27T14:18:38.4458328Z"},"Change":{"Type":22,"Body":{"TypeId":{"Id":15182},"Body":{"ReferenceTypeId":{"Id":35},"IsForward":true,"NodeId":{"Id":1,"Namespace":4},"BrowseName":{"Name":"Boiler #2","Uri":4},"DisplayName":{"Text":"Boiler #2"},"NodeClass":1,"TypeDefinition":{"Id":1132,"Namespace":23}}}}}}},"SequenceNumber":148,"ExtensionFields":{}}