{"NodeId":"i=2253","EndpointUrl":"opc.tcp://localhost:61457/UA/SampleServer","ApplicationUri":"urn:desktop-bgfjs91:OPCFoundation:CoreSampleServer","DisplayName":"<<UnknownDataSet>>","Timestamp":"2024-04-27T14:18:38.4498447Z","Value":{"Type":22,"Body":{"TypeId":{"IdType":1,"Id":"EncodeableDictionary_Encoding_DefaultJson"},"Body":{"EventId":{"Type":15,"Body":"oU7vdF5vAEeMYUrH4XwjDw=="},"EventType":{"Type":18,"Body":{"IdType":1,"Id":"NodeChange"}},"SourceNode":{"Type":17,"Body":{"IdType":1,"Id":"Scalar","Namespace":8}},"Time":{"Type":13,"Body":"2024-04-27T14:18:38.4498429Z"},"Change":{"Type":22,"Body":{"TypeId":{"Id":15071},"Body":{"NodeId":{"IdType":1,"Id":"Scalar","Namespace":8},"NodeClass":1,"BrowseName":{"Name":"Scalar","Uri":8},"DisplayName":{"Text":"Scalar","Locale":"en"},"RolePermissions":[],"UserRolePermissions":[],"References":[]}}}}}},"SequenceNumber":152,"ExtensionFields":{}}