{"NodeId":"i=2253","EndpointUrl":"opc.tcp://localhost:61457/UA/SampleServer","ApplicationUri":"urn:desktop-bgfjs91:OPCFoundation:CoreSampleServer","DisplayName":"<<UnknownDataSet>>","Timestamp":"2024-04-27T14:18:38.4582285Z","Value":{"Type":22,"Body":{"TypeId":{"IdType":1,"Id":"EncodeableDictionary_Encoding_DefaultJson"},"Body":{"EventId":{"Type":15,"Body":"0AJiAuWK9EqWD6vcKQ0bTA=="},"EventType":{"Type":18,"Body":{"IdType":1,"Id":"ReferenceChange"}},"SourceNode":{"Type":17,"Body":{"IdType":1,"Id":"CTT","Namespace":8}},"Time":{"Type":13,"Body":"2024-04-27T14:18:38.4582279Z"},"Change":{"Type":22,"Body":{"TypeId":{"Id":15182},"Body":{"ReferenceTypeId":{"Id":35},"IsForward":true,"NodeId":{"IdType":1,"Id":"Locales","Namespace":8},"BrowseName":{"Name":"Locales","Uri":8},"DisplayName":{"Text":"Locales","Locale":"en"},"NodeClass":1,"TypeDefinition":{"Id":61}}}}}}},"SequenceNumber":165,"ExtensionFields":{}}