{"NodeId":"i=2253","EndpointUrl":"opc.tcp://localhost:61457/UA/SampleServer","ApplicationUri":"urn:desktop-bgfjs91:OPCFoundation:CoreSampleServer","DisplayName":"<<UnknownDataSet>>","Timestamp":"2024-04-27T14:18:38.462247Z","Value":{"Type":22,"Body":{"TypeId":{"IdType":1,"Id":"EncodeableDictionary_Encoding_DefaultJson"},"Body":{"EventId":{"Type":15,"Body":"WzhJh2Q/IUeGvutu4UiSaA=="},"EventType":{"Type":18,"Body":{"IdType":1,"Id":"ReferenceChange"}},"SourceNode":{"Type":17,"Body":{"IdType":1,"Id":"0:","Namespace":10}},"Time":{"Type":13,"Body":"2024-04-27T14:18:38.4622464Z"},"Change":{"Type":22,"Body":{"TypeId":{"Id":15182},"Body":{"ReferenceTypeId":{"Id":35},"IsForward":true,"NodeId":{"IdType":1,"Id":"Sample","Namespace":10},"BrowseName":{"Name":"Sample","Uri":10},"DisplayName":{"Text":"Sample"},"NodeClass":1,"TypeDefinition":{"Id":61}}}}}}},"SequenceNumber":171,"ExtensionFields":{}}