{"NodeId":"i=2253","EndpointUrl":"opc.tcp://localhost:61457/UA/SampleServer","ApplicationUri":"urn:desktop-bgfjs91:OPCFoundation:CoreSampleServer","DisplayName":"<<UnknownDataSet>>","Timestamp":"2024-04-27T14:18:38.2818024Z","Value":{"Type":22,"Body":{"TypeId":{"IdType":1,"Id":"EncodeableDictionary_Encoding_DefaultJson"},"Body":{"EventId":{"Type":15,"Body":"0tnA3+tps0Ce8bu16DbhMg=="},"EventType":{"Type":18,"Body":{"IdType":1,"Id":"NodeChange"}},"SourceNode":{"Type":17,"Body":{"Id":303,"Namespace":9}},"Time":{"Type":13,"Body":"2024-04-27T14:18:38.2818008Z"},"Change":{"Type":22,"Body":{"TypeId":{"Id":15071},"Body":{"NodeId":{"Id":303,"Namespace":9},"NodeClass":1,"BrowseName":{"Name":"Plaforms","Uri":9},"DisplayName":{"Text":"Plaforms"},"RolePermissions":[],"UserRolePermissions":[],"References":[],"EventNotifier":13}}}}}},"SequenceNumber":18,"ExtensionFields":{}}