{"NodeId":"i=2253","EndpointUrl":"opc.tcp://localhost:61457/UA/SampleServer","ApplicationUri":"urn:desktop-bgfjs91:OPCFoundation:CoreSampleServer","DisplayName":"<<UnknownDataSet>>","Timestamp":"2024-04-27T14:18:38.4722089Z","Value":{"Type":22,"Body":{"TypeId":{"IdType":1,"Id":"EncodeableDictionary_Encoding_DefaultJson"},"Body":{"EventId":{"Type":15,"Body":"KF6aAK2JFE+cf7v3fEXy7A=="},"EventType":{"Type":18,"Body":{"IdType":1,"Id":"ReferenceChange"}},"SourceNode":{"Type":17,"Body":{"IdType":1,"Id":"0:TestData","Namespace":14}},"Time":{"Type":13,"Body":"2024-04-27T14:18:38.4722081Z"},"Change":{"Type":22,"Body":{"TypeId":{"Id":15182},"Body":{"ReferenceTypeId":{"Id":35},"IsForward":true,"NodeId":{"IdType":1,"Id":"0:TestData/Static","Namespace":14},"BrowseName":{"Name":"Static","Uri":14},"DisplayName":{"Text":"Static"},"NodeClass":1,"TypeDefinition":{"Id":61}}}}}}},"SequenceNumber":181,"ExtensionFields":{}}