{"NodeId":"i=2253","EndpointUrl":"opc.tcp://localhost:61457/UA/SampleServer","ApplicationUri":"urn:desktop-bgfjs91:OPCFoundation:CoreSampleServer","DisplayName":"<<UnknownDataSet>>","Timestamp":"2024-04-27T14:18:38.4789149Z","Value":{"Type":22,"Body":{"TypeId":{"IdType":1,"Id":"EncodeableDictionary_Encoding_DefaultJson"},"Body":{"EventId":{"Type":15,"Body":"6+L6xeVEAkaR+pwypLl33g=="},"EventType":{"Type":18,"Body":{"IdType":1,"Id":"NodeChange"}},"SourceNode":{"Type":17,"Body":{"Id":58}},"Time":{"Type":13,"Body":"2024-04-27T14:18:38.4789128Z"},"Change":{"Type":22,"Body":{"TypeId":{"Id":15073},"Body":{"NodeId":{"Id":58},"NodeClass":8,"BrowseName":{"Name":"BaseObjectType"},"DisplayName":{"Text":"BaseObjectType"},"RolePermissions":[],"UserRolePermissions":[],"References":[]}}}}}},"SequenceNumber":190,"ExtensionFields":{}}