{"NodeId":"i=2253","EndpointUrl":"opc.tcp://localhost:61457/UA/SampleServer","ApplicationUri":"urn:desktop-bgfjs91:OPCFoundation:CoreSampleServer","DisplayName":"<<UnknownDataSet>>","Timestamp":"2024-04-27T14:18:38.4815458Z","Value":{"Type":22,"Body":{"TypeId":{"IdType":1,"Id":"EncodeableDictionary_Encoding_DefaultJson"},"Body":{"EventId":{"Type":15,"Body":"tet3dDEr4UKwFm9RthiZsA=="},"EventType":{"Type":18,"Body":{"IdType":1,"Id":"NodeChange"}},"SourceNode":{"Type":17,"Body":{"Id":24}},"Time":{"Type":13,"Body":"2024-04-27T14:18:38.4815436Z"},"Change":{"Type":22,"Body":{"TypeId":{"Id":15079},"Body":{"NodeId":{"Id":24},"NodeClass":64,"BrowseName":{"Name":"BaseDataType"},"DisplayName":{"Text":"BaseDataType"},"RolePermissions":[],"UserRolePermissions":[],"References":[],"IsAbstract":true}}}}}},"SequenceNumber":194,"ExtensionFields":{}}