{"NodeId":"i=2253","EndpointUrl":"opc.tcp://localhost:61457/UA/SampleServer","ApplicationUri":"urn:desktop-bgfjs91:OPCFoundation:CoreSampleServer","DisplayName":"<<UnknownDataSet>>","Timestamp":"2024-04-27T14:18:38.4843546Z","Value":{"Type":22,"Body":{"TypeId":{"IdType":1,"Id":"EncodeableDictionary_Encoding_DefaultJson"},"Body":{"EventId":{"Type":15,"Body":"1+WU9SLec06CjRpjlYsYWw=="},"EventType":{"Type":18,"Body":{"IdType":1,"Id":"NodeChange"}},"SourceNode":{"Type":17,"Body":{"Id":93}},"Time":{"Type":13,"Body":"2024-04-27T14:18:38.4843524Z"},"Change":{"Type":22,"Body":{"TypeId":{"Id":15071},"Body":{"NodeId":{"Id":93},"NodeClass":1,"BrowseName":{"Name":"OPC Binary"},"DisplayName":{"Text":"OPC Binary"},"Description":{"Text":"A type system which uses OPC binary schema to describe the encoding of data types."},"RolePermissions":[],"UserRolePermissions":[],"References":[]}}}}}},"SequenceNumber":198,"ExtensionFields":{}}