{"NodeId":"i=2253","EndpointUrl":"opc.tcp://localhost:61457/UA/SampleServer","ApplicationUri":"urn:desktop-bgfjs91:OPCFoundation:CoreSampleServer","DisplayName":"<<UnknownDataSet>>","Timestamp":"2024-04-27T14:18:38.4898635Z","Value":{"Type":22,"Body":{"TypeId":{"IdType":1,"Id":"EncodeableDictionary_Encoding_DefaultJson"},"Body":{"EventId":{"Type":15,"Body":"WGPPDqachUm3CbqcKQmjSg=="},"EventType":{"Type":18,"Body":{"IdType":1,"Id":"ReferenceChange"}},"SourceNode":{"Type":17,"Body":{"IdType":1,"Id":"Views_Operations","Namespace":8}},"Time":{"Type":13,"Body":"2024-04-27T14:18:38.4898627Z"},"Change":{"Type":22,"Body":{"TypeId":{"Id":15182},"Body":{"ReferenceTypeId":{"Id":35},"IsForward":true,"NodeId":{"IdType":1,"Id":"Scalar_Static_Mass","Namespace":8},"BrowseName":{"Name":"Scalar_Static_Mass","Uri":8},"DisplayName":{"Text":"Mass","Locale":"en"},"NodeClass":1,"TypeDefinition":{"Id":61}}}}}}},"SequenceNumber":207,"ExtensionFields":{}}