{"NodeId":"i=2253","EndpointUrl":"opc.tcp://localhost:61457/UA/SampleServer","ApplicationUri":"urn:desktop-bgfjs91:OPCFoundation:CoreSampleServer","DisplayName":"<<UnknownDataSet>>","Timestamp":"2024-04-27T14:18:38.5336796Z","Value":{"Type":22,"Body":{"TypeId":{"IdType":1,"Id":"EncodeableDictionary_Encoding_DefaultJson"},"Body":{"EventId":{"Type":15,"Body":"h7afuIZBp0e4EIA+H505tw=="},"EventType":{"Type":18,"Body":{"IdType":1,"Id":"ReferenceChange"}},"SourceNode":{"Type":17,"Body":{"Id":2256}},"Time":{"Type":13,"Body":"2024-04-27T14:18:38.5336787Z"},"Change":{"Type":22,"Body":{"TypeId":{"Id":15182},"Body":{"ReferenceTypeId":{"Id":47},"IsForward":true,"NodeId":{"Id":2992},"BrowseName":{"Name":"SecondsTillShutdown"},"DisplayName":{"Text":"SecondsTillShutdown"},"NodeClass":2,"TypeDefinition":{"Id":63}}}}}}},"SequenceNumber":217,"ExtensionFields":{}}