{"NodeId":"i=2253","EndpointUrl":"opc.tcp://localhost:61457/UA/SampleServer","ApplicationUri":"urn:desktop-bgfjs91:OPCFoundation:CoreSampleServer","DisplayName":"<<UnknownDataSet>>","Timestamp":"2024-04-27T14:18:38.2859053Z","Value":{"Type":22,"Body":{"TypeId":{"IdType":1,"Id":"EncodeableDictionary_Encoding_DefaultJson"},"Body":{"EventId":{"Type":15,"Body":"1cYdPj7yYEK+cL3hI2rCog=="},"EventType":{"Type":18,"Body":{"IdType":1,"Id":"NodeChange"}},"SourceNode":{"Type":17,"Body":{"Id":15070,"Namespace":18}},"Time":{"Type":13,"Body":"2024-04-27T14:18:38.2859039Z"},"Change":{"Type":22,"Body":{"TypeId":{"Id":15071},"Body":{"NodeId":{"Id":15070,"Namespace":18},"NodeClass":1,"BrowseName":{"Name":"Plc #1","Uri":18},"DisplayName":{"Text":"Plc #1"},"Description":{"Text":"A simple plc."},"RolePermissions":[],"UserRolePermissions":[],"References":[],"EventNotifier":1}}}}}},"SequenceNumber":22,"ExtensionFields":{}}