{"NodeId":"i=2253","EndpointUrl":"opc.tcp://localhost:61457/UA/SampleServer","ApplicationUri":"urn:desktop-bgfjs91:OPCFoundation:CoreSampleServer","DisplayName":"<<UnknownDataSet>>","Timestamp":"2024-04-27T14:18:38.5399143Z","Value":{"Type":22,"Body":{"TypeId":{"IdType":1,"Id":"EncodeableDictionary_Encoding_DefaultJson"},"Body":{"EventId":{"Type":15,"Body":"rvix248uIkOi+80U5r4DGA=="},"EventType":{"Type":18,"Body":{"IdType":1,"Id":"ReferenceChange"}},"SourceNode":{"Type":17,"Body":{"Id":2268}},"Time":{"Type":13,"Body":"2024-04-27T14:18:38.5399136Z"},"Change":{"Type":22,"Body":{"TypeId":{"Id":15182},"Body":{"ReferenceTypeId":{"Id":46},"IsForward":true,"NodeId":{"Id":2735},"BrowseName":{"Name":"MaxBrowseContinuationPoints"},"DisplayName":{"Text":"MaxBrowseContinuationPoints"},"NodeClass":2,"TypeDefinition":{"Id":68}}}}}}},"SequenceNumber":227,"ExtensionFields":{}}