{"NodeId":"i=2253","EndpointUrl":"opc.tcp://localhost:61457/UA/SampleServer","ApplicationUri":"urn:desktop-bgfjs91:OPCFoundation:CoreSampleServer","DisplayName":"<<UnknownDataSet>>","Timestamp":"2024-04-27T14:18:38.5567199Z","Value":{"Type":22,"Body":{"TypeId":{"IdType":1,"Id":"EncodeableDictionary_Encoding_DefaultJson"},"Body":{"EventId":{"Type":15,"Body":"Q/uwT0RW/k+W0AjUzlXx6g=="},"EventType":{"Type":18,"Body":{"IdType":1,"Id":"NodeChange"}},"SourceNode":{"Type":17,"Body":{"Id":24097}},"Time":{"Type":13,"Body":"2024-04-27T14:18:38.5567181Z"},"Change":{"Type":22,"Body":{"TypeId":{"Id":15074},"Body":{"NodeId":{"Id":24097},"NodeClass":2,"BrowseName":{"Name":"MaxMonitoredItems"},"DisplayName":{"Text":"MaxMonitoredItems"},"RolePermissions":[],"UserRolePermissions":[],"References":[],"Value":{"Body":null},"DataType":{"Id":7},"ValueRank":-1,"ArrayDimensions":[],"AccessLevel":1,"UserAccessLevel":1,"AccessLevelEx":1}}}}}},"SequenceNumber":254,"ExtensionFields":{}}