{"NodeId":"i=2253","EndpointUrl":"opc.tcp://localhost:61457/UA/SampleServer","ApplicationUri":"urn:desktop-bgfjs91:OPCFoundation:CoreSampleServer","DisplayName":"<<UnknownDataSet>>","Timestamp":"2024-04-27T14:18:38.5662002Z","Value":{"Type":22,"Body":{"TypeId":{"IdType":1,"Id":"EncodeableDictionary_Encoding_DefaultJson"},"Body":{"EventId":{"Type":15,"Body":"VpYsV45Vjk+4qFXFpBWVjA=="},"EventType":{"Type":18,"Body":{"IdType":1,"Id":"ReferenceChange"}},"SourceNode":{"Type":17,"Body":{"Id":2274}},"Time":{"Type":13,"Body":"2024-04-27T14:18:38.5661996Z"},"Change":{"Type":22,"Body":{"TypeId":{"Id":15182},"Body":{"ReferenceTypeId":{"Id":46},"IsForward":true,"NodeId":{"Id":2294},"BrowseName":{"Name":"EnabledFlag"},"DisplayName":{"Text":"EnabledFlag"},"NodeClass":2,"TypeDefinition":{"Id":68}}}}}}},"SequenceNumber":271,"ExtensionFields":{}}