{"NodeId":"i=2253","EndpointUrl":"opc.tcp://localhost:61457/UA/SampleServer","ApplicationUri":"urn:desktop-bgfjs91:OPCFoundation:CoreSampleServer","DisplayName":"<<UnknownDataSet>>","Timestamp":"2024-04-27T14:18:38.5695487Z","Value":{"Type":22,"Body":{"TypeId":{"IdType":1,"Id":"EncodeableDictionary_Encoding_DefaultJson"},"Body":{"EventId":{"Type":15,"Body":"PQQGppRunkKdoRs0LLKo9Q=="},"EventType":{"Type":18,"Body":{"IdType":1,"Id":"NodeChange"}},"SourceNode":{"Type":17,"Body":{"Id":15957}},"Time":{"Type":13,"Body":"2024-04-27T14:18:38.5695472Z"},"Change":{"Type":22,"Body":{"TypeId":{"Id":15071},"Body":{"NodeId":{"Id":15957},"NodeClass":1,"BrowseName":{"Name":"http://opcfoundation.org/UA/"},"DisplayName":{"Text":"http://opcfoundation.org/UA/"},"RolePermissions":[],"UserRolePermissions":[],"References":[]}}}}}},"SequenceNumber":276,"ExtensionFields":{}}