{"NodeId":"i=2253","EndpointUrl":"opc.tcp://localhost:61457/UA/SampleServer","ApplicationUri":"urn:desktop-bgfjs91:OPCFoundation:CoreSampleServer","DisplayName":"<<UnknownDataSet>>","Timestamp":"2024-04-27T14:18:38.5890614Z","Value":{"Type":22,"Body":{"TypeId":{"IdType":1,"Id":"EncodeableDictionary_Encoding_DefaultJson"},"Body":{"EventId":{"Type":15,"Body":"wdC18hyw8EC6guF0MX+R5g=="},"EventType":{"Type":18,"Body":{"IdType":1,"Id":"ReferenceChange"}},"SourceNode":{"Type":17,"Body":{"Id":12637}},"Time":{"Type":13,"Body":"2024-04-27T14:18:38.5890607Z"},"Change":{"Type":22,"Body":{"TypeId":{"Id":15182},"Body":{"ReferenceTypeId":{"Id":47},"IsForward":true,"NodeId":{"Id":12737},"BrowseName":{"Name":"CreateSigningRequest"},"DisplayName":{"Text":"CreateSigningRequest"},"NodeClass":4,"TypeDefinition":{"Id":12731}}}}}}},"SequenceNumber":309,"ExtensionFields":{}}