{"NodeId":"i=2253","EndpointUrl":"opc.tcp://localhost:61457/UA/SampleServer","ApplicationUri":"urn:desktop-bgfjs91:OPCFoundation:CoreSampleServer","DisplayName":"<<UnknownDataSet>>","Timestamp":"2024-04-27T14:18:38.5901638Z","Value":{"Type":22,"Body":{"TypeId":{"IdType":1,"Id":"EncodeableDictionary_Encoding_DefaultJson"},"Body":{"EventId":{"Type":15,"Body":"LKDuUJmMLUWv7OBcAxmZSw=="},"EventType":{"Type":18,"Body":{"IdType":1,"Id":"NodeChange"}},"SourceNode":{"Type":17,"Body":{"Id":12737}},"Time":{"Type":13,"Body":"2024-04-27T14:18:38.5901622Z"},"Change":{"Type":22,"Body":{"TypeId":{"Id":15077},"Body":{"NodeId":{"Id":12737},"NodeClass":4,"BrowseName":{"Name":"CreateSigningRequest"},"DisplayName":{"Text":"CreateSigningRequest"},"RolePermissions":[],"UserRolePermissions":[],"References":[],"Executable":true,"UserExecutable":true}}}}}},"SequenceNumber":310,"ExtensionFields":{}}