{"NodeId":"i=2253","EndpointUrl":"opc.tcp://localhost:61457/UA/SampleServer","ApplicationUri":"urn:desktop-bgfjs91:OPCFoundation:CoreSampleServer","DisplayName":"<<UnknownDataSet>>","Timestamp":"2024-04-27T14:18:38.5938456Z","Value":{"Type":22,"Body":{"TypeId":{"IdType":1,"Id":"EncodeableDictionary_Encoding_DefaultJson"},"Body":{"EventId":{"Type":15,"Body":"5+XTaOQfaEe1UdbDnKqQ2A=="},"EventType":{"Type":18,"Body":{"IdType":1,"Id":"NodeChange"}},"SourceNode":{"Type":17,"Body":{"Id":17732}},"Time":{"Type":13,"Body":"2024-04-27T14:18:38.5938439Z"},"Change":{"Type":22,"Body":{"TypeId":{"Id":15071},"Body":{"NodeId":{"Id":17732},"NodeClass":1,"BrowseName":{"Name":"AuthorizationServices"},"DisplayName":{"Text":"AuthorizationServices"},"RolePermissions":[],"UserRolePermissions":[],"References":[]}}}}}},"SequenceNumber":316,"ExtensionFields":{}}