{"NodeId":"i=2253","EndpointUrl":"opc.tcp://localhost:61457/UA/SampleServer","ApplicationUri":"urn:desktop-bgfjs91:OPCFoundation:CoreSampleServer","DisplayName":"<<UnknownDataSet>>","Timestamp":"2024-04-27T14:18:38.5975892Z","Value":{"Type":22,"Body":{"TypeId":{"IdType":1,"Id":"EncodeableDictionary_Encoding_DefaultJson"},"Body":{"EventId":{"Type":15,"Body":"8rYdq5F+Ik6g27Tc29UUZg=="},"EventType":{"Type":18,"Body":{"IdType":1,"Id":"NodeChange"}},"SourceNode":{"Type":17,"Body":{"Id":32638}},"Time":{"Type":13,"Body":"2024-04-27T14:18:38.5975875Z"},"Change":{"Type":22,"Body":{"TypeId":{"Id":15071},"Body":{"NodeId":{"Id":32638},"NodeClass":1,"BrowseName":{"Name":"AggregateConfiguration"},"DisplayName":{"Text":"AggregateConfiguration"},"RolePermissions":[],"UserRolePermissions":[],"References":[]}}}}}},"SequenceNumber":322,"ExtensionFields":{}}