{"NodeId":"i=2253","EndpointUrl":"opc.tcp://localhost:61457/UA/SampleServer","ApplicationUri":"urn:desktop-bgfjs91:OPCFoundation:CoreSampleServer","DisplayName":"<<UnknownDataSet>>","Timestamp":"2024-04-27T14:18:38.3052336Z","Value":{"Type":22,"Body":{"TypeId":{"IdType":1,"Id":"EncodeableDictionary_Encoding_DefaultJson"},"Body":{"EventId":{"Type":15,"Body":"cG6dtR1ybEWdsPqt+GoLew=="},"EventType":{"Type":18,"Body":{"IdType":1,"Id":"NodeChange"}},"SourceNode":{"Type":17,"Body":{"IdType":1,"Id":"0:Factory","Namespace":14}},"Time":{"Type":13,"Body":"2024-04-27T14:18:38.3052311Z"},"Change":{"Type":22,"Body":{"TypeId":{"Id":15071},"Body":{"NodeId":{"IdType":1,"Id":"0:Factory","Namespace":14},"NodeClass":1,"BrowseName":{"Name":"Factory","Uri":14},"DisplayName":{"Text":"Factory"},"RolePermissions":[],"UserRolePermissions":[],"References":[]}}}}}},"SequenceNumber":34,"ExtensionFields":{}}