{"NodeId":"i=2253","EndpointUrl":"opc.tcp://localhost:61457/UA/SampleServer","ApplicationUri":"urn:desktop-bgfjs91:OPCFoundation:CoreSampleServer","DisplayName":"<<UnknownDataSet>>","Timestamp":"2024-04-27T14:18:38.6131488Z","Value":{"Type":22,"Body":{"TypeId":{"IdType":1,"Id":"EncodeableDictionary_Encoding_DefaultJson"},"Body":{"EventId":{"Type":15,"Body":"d7J+UICA80CTntmIUdHM9A=="},"EventType":{"Type":18,"Body":{"IdType":1,"Id":"ReferenceChange"}},"SourceNode":{"Type":17,"Body":{"Id":32637}},"Time":{"Type":13,"Body":"2024-04-27T14:18:38.6131476Z"},"Change":{"Type":22,"Body":{"TypeId":{"Id":15182},"Body":{"ReferenceTypeId":{"Id":46},"IsForward":true,"NodeId":{"Id":32752},"BrowseName":{"Name":"MaxTimeStoredValues"},"DisplayName":{"Text":"MaxTimeStoredValues"},"NodeClass":2,"TypeDefinition":{"Id":68}}}}}}},"SequenceNumber":343,"ExtensionFields":{}}