{"NodeId":"i=2253","EndpointUrl":"opc.tcp://localhost:61457/UA/SampleServer","ApplicationUri":"urn:desktop-bgfjs91:OPCFoundation:CoreSampleServer","DisplayName":"<<UnknownDataSet>>","Timestamp":"2024-04-27T14:18:38.6178654Z","Value":{"Type":22,"Body":{"TypeId":{"IdType":1,"Id":"EncodeableDictionary_Encoding_DefaultJson"},"Body":{"EventId":{"Type":15,"Body":"igdN6nWphk+D+Pr3XRn83g=="},"EventType":{"Type":18,"Body":{"IdType":1,"Id":"NodeChange"}},"SourceNode":{"Type":17,"Body":{"Id":32755}},"Time":{"Type":13,"Body":"2024-04-27T14:18:38.6178446Z"},"Change":{"Type":22,"Body":{"TypeId":{"Id":15071},"Body":{"NodeId":{"Id":32755},"NodeClass":1,"BrowseName":{"Name":"EventTypes"},"DisplayName":{"Text":"EventTypes"},"RolePermissions":[],"UserRolePermissions":[],"References":[]}}}}}},"SequenceNumber":348,"ExtensionFields":{}}