{"NodeId":"i=2253","EndpointUrl":"opc.tcp://localhost:61457/UA/SampleServer","ApplicationUri":"urn:desktop-bgfjs91:OPCFoundation:CoreSampleServer","DisplayName":"<<UnknownDataSet>>","Timestamp":"2024-04-27T14:18:38.6270491Z","Value":{"Type":22,"Body":{"TypeId":{"IdType":1,"Id":"EncodeableDictionary_Encoding_DefaultJson"},"Body":{"EventId":{"Type":15,"Body":"9uUYQh8efEK3yn2xkv1anA=="},"EventType":{"Type":18,"Body":{"IdType":1,"Id":"NodeChange"}},"SourceNode":{"Type":17,"Body":{"Id":25440}},"Time":{"Type":13,"Body":"2024-04-27T14:18:38.627046Z"},"Change":{"Type":22,"Body":{"TypeId":{"Id":15071},"Body":{"NodeId":{"Id":25440},"NodeClass":1,"BrowseName":{"Name":"KeyPushTargets"},"DisplayName":{"Text":"KeyPushTargets"},"RolePermissions":[],"UserRolePermissions":[],"References":[]}}}}}},"SequenceNumber":360,"ExtensionFields":{}}