{"NodeId":"i=2253","EndpointUrl":"opc.tcp://localhost:61457/UA/SampleServer","ApplicationUri":"urn:desktop-bgfjs91:OPCFoundation:CoreSampleServer","DisplayName":"<<UnknownDataSet>>","Timestamp":"2024-04-27T14:18:38.6530352Z","Value":{"Type":22,"Body":{"TypeId":{"IdType":1,"Id":"EncodeableDictionary_Encoding_DefaultJson"},"Body":{"EventId":{"Type":15,"Body":"PObW+YGn4kypasWDiEii3Q=="},"EventType":{"Type":18,"Body":{"IdType":1,"Id":"NodeChange"}},"SourceNode":{"Type":17,"Body":{"IdType":1,"Id":"0:Yellow/West","Namespace":15}},"Time":{"Type":13,"Body":"2024-04-27T14:18:38.653033Z"},"Change":{"Type":22,"Body":{"TypeId":{"Id":15071},"Body":{"NodeId":{"IdType":1,"Id":"0:Yellow/West","Namespace":15},"NodeClass":1,"BrowseName":{"Name":"West","Uri":15},"DisplayName":{"Text":"West"},"RolePermissions":[],"UserRolePermissions":[],"References":[],"EventNotifier":1}}}}}},"SequenceNumber":398,"ExtensionFields":{}}