{"NodeId":"i=2253","EndpointUrl":"opc.tcp://localhost:61457/UA/SampleServer","ApplicationUri":"urn:desktop-bgfjs91:OPCFoundation:CoreSampleServer","DisplayName":"<<UnknownDataSet>>","Timestamp":"2024-04-27T14:18:38.6587228Z","Value":{"Type":22,"Body":{"TypeId":{"IdType":1,"Id":"EncodeableDictionary_Encoding_DefaultJson"},"Body":{"EventId":{"Type":15,"Body":"oVNuDkJ0TE2aTewph/kRMw=="},"EventType":{"Type":18,"Body":{"IdType":1,"Id":"ReferenceChange"}},"SourceNode":{"Type":17,"Body":{"Id":10158,"Namespace":2}},"Time":{"Type":13,"Body":"2024-04-27T14:18:38.6587217Z"},"Change":{"Type":22,"Body":{"TypeId":{"Id":15182},"Body":{"ReferenceTypeId":{"Id":47},"IsForward":true,"NodeId":{"Id":10159,"Namespace":2},"BrowseName":{"Name":"Scalar","Uri":2},"DisplayName":{"Text":"Scalar"},"NodeClass":1,"TypeDefinition":{"Id":9450,"Namespace":2}}}}}}},"SequenceNumber":407,"ExtensionFields":{}}