{"NodeId":"i=2253","EndpointUrl":"opc.tcp://localhost:61457/UA/SampleServer","ApplicationUri":"urn:desktop-bgfjs91:OPCFoundation:CoreSampleServer","DisplayName":"<<UnknownDataSet>>","Timestamp":"2024-04-27T14:18:38.6641367Z","Value":{"Type":22,"Body":{"TypeId":{"IdType":1,"Id":"EncodeableDictionary_Encoding_DefaultJson"},"Body":{"EventId":{"Type":15,"Body":"PhJQFq8YCk20EuIEEvEZfQ=="},"EventType":{"Type":18,"Body":{"IdType":1,"Id":"ReferenceChange"}},"SourceNode":{"Type":17,"Body":{"Id":10158,"Namespace":2}},"Time":{"Type":13,"Body":"2024-04-27T14:18:38.6641357Z"},"Change":{"Type":22,"Body":{"TypeId":{"Id":15182},"Body":{"ReferenceTypeId":{"Id":47},"IsForward":true,"NodeId":{"Id":10485,"Namespace":2},"BrowseName":{"Name":"AnalogScalar","Uri":2},"DisplayName":{"Text":"AnalogScalar"},"NodeClass":1,"TypeDefinition":{"Id":9534,"Namespace":2}}}}}}},"SequenceNumber":415,"ExtensionFields":{}}