{"NodeId":"i=2253","EndpointUrl":"opc.tcp://localhost:61457/UA/SampleServer","ApplicationUri":"urn:desktop-bgfjs91:OPCFoundation:CoreSampleServer","DisplayName":"<<UnknownDataSet>>","Timestamp":"2024-04-27T14:18:38.670115Z","Value":{"Type":22,"Body":{"TypeId":{"IdType":1,"Id":"EncodeableDictionary_Encoding_DefaultJson"},"Body":{"EventId":{"Type":15,"Body":"zYWZ7389yk+bXlkv+rY4iw=="},"EventType":{"Type":18,"Body":{"IdType":1,"Id":"ReferenceChange"}},"SourceNode":{"Type":17,"Body":{"Id":10158,"Namespace":2}},"Time":{"Type":13,"Body":"2024-04-27T14:18:38.6701121Z"},"Change":{"Type":22,"Body":{"TypeId":{"Id":15182},"Body":{"ReferenceTypeId":{"Id":36},"IsForward":true,"NodeId":{"Id":10243,"Namespace":2},"BrowseName":{"Name":"Array","Uri":2},"DisplayName":{"Text":"Array"},"NodeClass":1,"TypeDefinition":{"Id":9679,"Namespace":2}}}}}}},"SequenceNumber":422,"ExtensionFields":{}}