{"NodeId":"i=2253","EndpointUrl":"opc.tcp://localhost:61457/UA/SampleServer","ApplicationUri":"urn:desktop-bgfjs91:OPCFoundation:CoreSampleServer","DisplayName":"<<UnknownDataSet>>","Timestamp":"2024-04-27T14:18:38.6772222Z","Value":{"Type":22,"Body":{"TypeId":{"IdType":1,"Id":"EncodeableDictionary_Encoding_DefaultJson"},"Body":{"EventId":{"Type":15,"Body":"5Qebb/XGOEm+Qkcl4PfkSQ=="},"EventType":{"Type":18,"Body":{"IdType":1,"Id":"NodeChange"}},"SourceNode":{"Type":17,"Body":{"Id":11034,"Namespace":2}},"Time":{"Type":13,"Body":"2024-04-27T14:18:38.67722Z"},"Change":{"Type":22,"Body":{"TypeId":{"Id":15071},"Body":{"NodeId":{"Id":11034,"Namespace":2},"NodeClass":1,"BrowseName":{"Name":"UserArray","Uri":2},"DisplayName":{"Text":"UserArray"},"RolePermissions":[],"UserRolePermissions":[],"References":[]}}}}}},"SequenceNumber":430,"ExtensionFields":{}}