{"NodeId":"i=2253","EndpointUrl":"opc.tcp://localhost:61457/UA/SampleServer","ApplicationUri":"urn:desktop-bgfjs91:OPCFoundation:CoreSampleServer","DisplayName":"<<UnknownDataSet>>","Timestamp":"2024-04-27T14:18:38.6882949Z","Value":{"Type":22,"Body":{"TypeId":{"IdType":1,"Id":"EncodeableDictionary_Encoding_DefaultJson"},"Body":{"EventId":{"Type":15,"Body":"imKsAadNtEWtFJ3mpJG5sA=="},"EventType":{"Type":18,"Body":{"IdType":1,"Id":"ReferenceChange"}},"SourceNode":{"Type":17,"Body":{"Id":11383,"Namespace":2}},"Time":{"Type":13,"Body":"2024-04-27T14:18:38.688294Z"},"Change":{"Type":22,"Body":{"TypeId":{"Id":15182},"Body":{"ReferenceTypeId":{"Id":36},"IsForward":true,"NodeId":{"Id":10410,"Namespace":2},"BrowseName":{"Name":"CycleComplete","Uri":2},"DisplayName":{"Text":"CycleComplete"},"NodeClass":1,"TypeDefinition":{"Id":2881}}}}}}},"SequenceNumber":445,"ExtensionFields":{}}