{"NodeId":"i=2253","EndpointUrl":"opc.tcp://localhost:61457/UA/SampleServer","ApplicationUri":"urn:desktop-bgfjs91:OPCFoundation:CoreSampleServer","DisplayName":"<<UnknownDataSet>>","Timestamp":"2024-04-27T14:18:38.701051Z","Value":{"Type":22,"Body":{"TypeId":{"IdType":1,"Id":"EncodeableDictionary_Encoding_DefaultJson"},"Body":{"EventId":{"Type":15,"Body":"j7ti0E9L5UmrgrUWcuhJrw=="},"EventType":{"Type":18,"Body":{"IdType":1,"Id":"ReferenceChange"}},"SourceNode":{"Type":17,"Body":{"Id":375,"Namespace":7}},"Time":{"Type":13,"Body":"2024-04-27T14:18:38.7010492Z"},"Change":{"Type":22,"Body":{"TypeId":{"Id":15182},"Body":{"ReferenceTypeId":{"Id":46},"IsForward":true,"NodeId":{"Id":376,"Namespace":7},"BrowseName":{"Name":"PrimaryVehicle","Uri":6},"DisplayName":{"Text":"PrimaryVehicle"},"NodeClass":2,"TypeDefinition":{"Id":68}}}}}}},"SequenceNumber":464,"ExtensionFields":{}}