{"NodeId":"i=2253","EndpointUrl":"opc.tcp://localhost:61457/UA/SampleServer","ApplicationUri":"urn:desktop-bgfjs91:OPCFoundation:CoreSampleServer","DisplayName":"<<UnknownDataSet>>","Timestamp":"2024-04-27T14:18:38.7037224Z","Value":{"Type":22,"Body":{"TypeId":{"IdType":1,"Id":"EncodeableDictionary_Encoding_DefaultJson"},"Body":{"EventId":{"Type":15,"Body":"2OSl7qOiCkWzy3o8g89Fkw=="},"EventType":{"Type":18,"Body":{"IdType":1,"Id":"ReferenceChange"}},"SourceNode":{"Type":17,"Body":{"IdType":1,"Id":"Area51","Namespace":9}},"Time":{"Type":13,"Body":"2024-04-27T14:18:38.7037216Z"},"Change":{"Type":22,"Body":{"TypeId":{"Id":15182},"Body":{"ReferenceTypeId":{"Id":48},"IsForward":true,"NodeId":{"IdType":1,"Id":"Well_24412","Namespace":9},"BrowseName":{"Name":"Jupiter","Uri":9},"DisplayName":{"Text":"Jupiter"},"NodeClass":1,"TypeDefinition":{"Id":308,"Namespace":9}}}}}}},"SequenceNumber":468,"ExtensionFields":{}}