{"NodeId":"i=2253","EndpointUrl":"opc.tcp://localhost:61457/UA/SampleServer","ApplicationUri":"urn:desktop-bgfjs91:OPCFoundation:CoreSampleServer","DisplayName":"<<UnknownDataSet>>","Timestamp":"2024-04-27T14:18:38.7080027Z","Value":{"Type":22,"Body":{"TypeId":{"IdType":1,"Id":"EncodeableDictionary_Encoding_DefaultJson"},"Body":{"EventId":{"Type":15,"Body":"zHU9o4qaoUWgBSnwqxGQeA=="},"EventType":{"Type":18,"Body":{"IdType":1,"Id":"NodeChange"}},"SourceNode":{"Type":17,"Body":{"IdType":1,"Id":"Well_86234","Namespace":9}},"Time":{"Type":13,"Body":"2024-04-27T14:18:38.7080006Z"},"Change":{"Type":22,"Body":{"TypeId":{"Id":15071},"Body":{"NodeId":{"IdType":1,"Id":"Well_86234","Namespace":9},"NodeClass":1,"BrowseName":{"Name":"Saturn","Uri":9},"DisplayName":{"Text":"Saturn"},"RolePermissions":[],"UserRolePermissions":[],"References":[],"EventNotifier":13}}}}}},"SequenceNumber":473,"ExtensionFields":{}}