{"NodeId":"i=2253","EndpointUrl":"opc.tcp://localhost:61457/UA/SampleServer","ApplicationUri":"urn:desktop-bgfjs91:OPCFoundation:CoreSampleServer","DisplayName":"<<UnknownDataSet>>","Timestamp":"2024-04-27T14:18:38.7096022Z","Value":{"Type":22,"Body":{"TypeId":{"IdType":1,"Id":"EncodeableDictionary_Encoding_DefaultJson"},"Body":{"EventId":{"Type":15,"Body":"gSyE6b8q302e1hKPij+4Tg=="},"EventType":{"Type":18,"Body":{"IdType":1,"Id":"ReferenceChange"}},"SourceNode":{"Type":17,"Body":{"IdType":1,"Id":"0:Boiler #1","Namespace":11}},"Time":{"Type":13,"Body":"2024-04-27T14:18:38.7096013Z"},"Change":{"Type":22,"Body":{"TypeId":{"Id":15182},"Body":{"ReferenceTypeId":{"Id":47},"IsForward":true,"NodeId":{"IdType":1,"Id":"0:Boiler #1?WaterIn","Namespace":11},"BrowseName":{"Name":"WaterIn","Uri":11},"DisplayName":{"Text":"WaterIn"},"NodeClass":1,"TypeDefinition":{"Id":58}}}}}}},"SequenceNumber":476,"ExtensionFields":{}}