{"NodeId":"i=2253","EndpointUrl":"opc.tcp://localhost:61457/UA/SampleServer","ApplicationUri":"urn:desktop-bgfjs91:OPCFoundation:CoreSampleServer","DisplayName":"<<UnknownDataSet>>","Timestamp":"2024-04-27T14:18:38.3185656Z","Value":{"Type":22,"Body":{"TypeId":{"IdType":1,"Id":"EncodeableDictionary_Encoding_DefaultJson"},"Body":{"EventId":{"Type":15,"Body":"uL8TWqBU3k2CPn82L48gzQ=="},"EventType":{"Type":18,"Body":{"IdType":1,"Id":"NodeChange"}},"SourceNode":{"Type":17,"Body":{"Id":3048}},"Time":{"Type":13,"Body":"2024-04-27T14:18:38.3185634Z"},"Change":{"Type":22,"Body":{"TypeId":{"Id":15071},"Body":{"NodeId":{"Id":3048},"NodeClass":1,"BrowseName":{"Name":"EventTypes"},"DisplayName":{"Text":"EventTypes"},"RolePermissions":[],"UserRolePermissions":[],"References":[]}}}}}},"SequenceNumber":48,"ExtensionFields":{}}