{"NodeId":"i=2253","EndpointUrl":"opc.tcp://localhost:61457/UA/SampleServer","ApplicationUri":"urn:desktop-bgfjs91:OPCFoundation:CoreSampleServer","DisplayName":"<<UnknownDataSet>>","Timestamp":"2024-04-27T14:18:38.7162574Z","Value":{"Type":22,"Body":{"TypeId":{"IdType":1,"Id":"EncodeableDictionary_Encoding_DefaultJson"},"Body":{"EventId":{"Type":15,"Body":"xHmyf/bY7kKwtVxMZ9f40Q=="},"EventType":{"Type":18,"Body":{"IdType":1,"Id":"NodeChange"}},"SourceNode":{"Type":17,"Body":{"IdType":1,"Id":"0:Boiler #2?WaterIn","Namespace":11}},"Time":{"Type":13,"Body":"2024-04-27T14:18:38.7162548Z"},"Change":{"Type":22,"Body":{"TypeId":{"Id":15071},"Body":{"NodeId":{"IdType":1,"Id":"0:Boiler #2?WaterIn","Namespace":11},"NodeClass":1,"BrowseName":{"Name":"WaterIn","Uri":11},"DisplayName":{"Text":"WaterIn"},"RolePermissions":[],"UserRolePermissions":[],"References":[]}}}}}},"SequenceNumber":483,"ExtensionFields":{}}