{"NodeId":"i=2253","EndpointUrl":"opc.tcp://localhost:61457/UA/SampleServer","ApplicationUri":"urn:desktop-bgfjs91:OPCFoundation:CoreSampleServer","DisplayName":"<<UnknownDataSet>>","Timestamp":"2024-04-27T14:18:38.7178203Z","Value":{"Type":22,"Body":{"TypeId":{"IdType":1,"Id":"EncodeableDictionary_Encoding_DefaultJson"},"Body":{"EventId":{"Type":15,"Body":"L8zKyoRzoUiVumZfDrwqdw=="},"EventType":{"Type":18,"Body":{"IdType":1,"Id":"NodeChange"}},"SourceNode":{"Type":17,"Body":{"IdType":1,"Id":"0:Boiler #2?SteamOut","Namespace":11}},"Time":{"Type":13,"Body":"2024-04-27T14:18:38.7178176Z"},"Change":{"Type":22,"Body":{"TypeId":{"Id":15071},"Body":{"NodeId":{"IdType":1,"Id":"0:Boiler #2?SteamOut","Namespace":11},"NodeClass":1,"BrowseName":{"Name":"SteamOut","Uri":11},"DisplayName":{"Text":"SteamOut"},"RolePermissions":[],"UserRolePermissions":[],"References":[]}}}}}},"SequenceNumber":485,"ExtensionFields":{}}