{"NodeId":"i=2253","EndpointUrl":"opc.tcp://localhost:61457/UA/SampleServer","ApplicationUri":"urn:desktop-bgfjs91:OPCFoundation:CoreSampleServer","DisplayName":"<<UnknownDataSet>>","Timestamp":"2024-04-27T14:18:38.7210004Z","Value":{"Type":22,"Body":{"TypeId":{"IdType":1,"Id":"EncodeableDictionary_Encoding_DefaultJson"},"Body":{"EventId":{"Type":15,"Body":"DGcnS5R0Ckuy1KqvFRt9AQ=="},"EventType":{"Type":18,"Body":{"IdType":1,"Id":"ReferenceChange"}},"SourceNode":{"Type":17,"Body":{"IdType":1,"Id":"UInt32","Namespace":22}},"Time":{"Type":13,"Body":"2024-04-27T14:18:38.7209994Z"},"Change":{"Type":22,"Body":{"TypeId":{"Id":15182},"Body":{"ReferenceTypeId":{"Id":46},"IsForward":true,"NodeId":{"Id":1004,"Namespace":21},"BrowseName":{"Name":"SizeInBytes","Uri":21},"DisplayName":{"Text":"SizeInBytes"},"NodeClass":2,"TypeDefinition":{"Id":68}}}}}}},"SequenceNumber":490,"ExtensionFields":{}}