{"NodeId":"i=2253","EndpointUrl":"opc.tcp://localhost:61457/UA/SampleServer","ApplicationUri":"urn:desktop-bgfjs91:OPCFoundation:CoreSampleServer","DisplayName":"<<UnknownDataSet>>","Timestamp":"2024-04-27T14:18:38.3247587Z","Value":{"Type":22,"Body":{"TypeId":{"IdType":1,"Id":"EncodeableDictionary_Encoding_DefaultJson"},"Body":{"EventId":{"Type":15,"Body":"T4059+2VeEuMKRFJdV7AMw=="},"EventType":{"Type":18,"Body":{"IdType":1,"Id":"NodeChange"}},"SourceNode":{"Type":17,"Body":{"Id":439,"Namespace":11}},"Time":{"Type":13,"Body":"2024-04-27T14:18:38.3247558Z"},"Change":{"Type":22,"Body":{"TypeId":{"Id":15078},"Body":{"NodeId":{"Id":439,"Namespace":11},"NodeClass":128,"BrowseName":{"Name":"Engineering","Uri":11},"DisplayName":{"Text":"Engineering"},"RolePermissions":[],"UserRolePermissions":[],"References":[]}}}}}},"SequenceNumber":52,"ExtensionFields":{}}