{"NodeId":"i=2253","EndpointUrl":"opc.tcp://localhost:61457/UA/SampleServer","ApplicationUri":"urn:desktop-bgfjs91:OPCFoundation:CoreSampleServer","DisplayName":"<<UnknownDataSet>>","Timestamp":"2024-04-27T14:18:38.333142Z","Value":{"Type":22,"Body":{"TypeId":{"IdType":1,"Id":"EncodeableDictionary_Encoding_DefaultJson"},"Body":{"EventId":{"Type":15,"Body":"w4DIolY4EkiNEXkn7Axyfw=="},"EventType":{"Type":18,"Body":{"IdType":1,"Id":"NodeChange"}},"SourceNode":{"Type":17,"Body":{"Id":441,"Namespace":11}},"Time":{"Type":13,"Body":"2024-04-27T14:18:38.3331383Z"},"Change":{"Type":22,"Body":{"TypeId":{"Id":15078},"Body":{"NodeId":{"Id":441,"Namespace":11},"NodeClass":128,"BrowseName":{"Name":"Operations","Uri":11},"DisplayName":{"Text":"Operations"},"RolePermissions":[],"UserRolePermissions":[],"References":[]}}}}}},"SequenceNumber":54,"ExtensionFields":{}}