{"NodeId":"i=2253","EndpointUrl":"opc.tcp://localhost:61457/UA/SampleServer","ApplicationUri":"urn:desktop-bgfjs91:OPCFoundation:CoreSampleServer","DisplayName":"<<UnknownDataSet>>","Timestamp":"2024-04-27T14:18:38.3757874Z","Value":{"Type":22,"Body":{"TypeId":{"IdType":1,"Id":"EncodeableDictionary_Encoding_DefaultJson"},"Body":{"EventId":{"Type":15,"Body":"i07AJhTu7E2Vq+hRM5NTbg=="},"EventType":{"Type":18,"Body":{"IdType":1,"Id":"NodeChange"}},"SourceNode":{"Type":17,"Body":{"Id":2274}},"Time":{"Type":13,"Body":"2024-04-27T14:18:38.3757836Z"},"Change":{"Type":22,"Body":{"TypeId":{"Id":15071},"Body":{"NodeId":{"Id":2274},"NodeClass":1,"BrowseName":{"Name":"ServerDiagnostics"},"DisplayName":{"Text":"ServerDiagnostics"},"RolePermissions":[],"UserRolePermissions":[],"References":[]}}}}}},"SequenceNumber":76,"ExtensionFields":{}}