{"NodeId":"i=2253","EndpointUrl":"opc.tcp://localhost:61457/UA/SampleServer","ApplicationUri":"urn:desktop-bgfjs91:OPCFoundation:CoreSampleServer","DisplayName":"<<UnknownDataSet>>","Timestamp":"2024-04-27T14:18:38.3854466Z","Value":{"Type":22,"Body":{"TypeId":{"IdType":1,"Id":"EncodeableDictionary_Encoding_DefaultJson"},"Body":{"EventId":{"Type":15,"Body":"Ru0TjU4Z+kCEktsJIeD9lg=="},"EventType":{"Type":18,"Body":{"IdType":1,"Id":"NodeChange"}},"SourceNode":{"Type":17,"Body":{"Id":2296}},"Time":{"Type":13,"Body":"2024-04-27T14:18:38.3854437Z"},"Change":{"Type":22,"Body":{"TypeId":{"Id":15071},"Body":{"NodeId":{"Id":2296},"NodeClass":1,"BrowseName":{"Name":"ServerRedundancy"},"DisplayName":{"Text":"ServerRedundancy"},"RolePermissions":[],"UserRolePermissions":[],"References":[]}}}}}},"SequenceNumber":80,"ExtensionFields":{}}