{"NodeId":"i=2253","EndpointUrl":"opc.tcp://localhost:61457/UA/SampleServer","ApplicationUri":"urn:desktop-bgfjs91:OPCFoundation:CoreSampleServer","DisplayName":"<<UnknownDataSet>>","Timestamp":"2024-04-27T14:18:38.4077825Z","Value":{"Type":22,"Body":{"TypeId":{"IdType":1,"Id":"EncodeableDictionary_Encoding_DefaultJson"},"Body":{"EventId":{"Type":15,"Body":"7zTvgfs9BkuHlF/bDF1bMw=="},"EventType":{"Type":18,"Body":{"IdType":1,"Id":"NodeChange"}},"SourceNode":{"Type":17,"Body":{"Id":14443}},"Time":{"Type":13,"Body":"2024-04-27T14:18:38.4077807Z"},"Change":{"Type":22,"Body":{"TypeId":{"Id":15071},"Body":{"NodeId":{"Id":14443},"NodeClass":1,"BrowseName":{"Name":"PublishSubscribe"},"DisplayName":{"Text":"PublishSubscribe"},"RolePermissions":[],"UserRolePermissions":[],"References":[]}}}}}},"SequenceNumber":98,"ExtensionFields":{}}