{"NodeId":"i=2253","EndpointUrl":"opc.tcp://localhost:61457/UA/SampleServer","ApplicationUri":"urn:desktop-bgfjs91:OPCFoundation:CoreSampleServer","DisplayName":"<<UnknownDataSet>>","Timestamp":"2024-04-27T14:18:38.4078644Z","Value":{"Type":22,"Body":{"TypeId":{"IdType":1,"Id":"EncodeableDictionary_Encoding_DefaultJson"},"Body":{"EventId":{"Type":15,"Body":"zoBStrg+z0qYmp5E+NXLZw=="},"EventType":{"Type":18,"Body":{"IdType":1,"Id":"ReferenceChange"}},"SourceNode":{"Type":17,"Body":{"Id":2253}},"Time":{"Type":13,"Body":"2024-04-27T14:18:38.4078635Z"},"Change":{"Type":22,"Body":{"TypeId":{"Id":15182},"Body":{"ReferenceTypeId":{"Id":47},"IsForward":true,"NodeId":{"Id":17594},"BrowseName":{"Name":"Dictionaries"},"DisplayName":{"Text":"Dictionaries"},"NodeClass":1,"TypeDefinition":{"Id":17591}}}}}}},"SequenceNumber":99,"ExtensionFields":{}}