{"nsu=http://opcfoundation.org/UA/Plc/Applications;s=SlowRandomUIntScalar1":{"Value":817687477,"SourceTimestamp":"2024-04-26T12:21:13.6086566Z","ServerTimestamp":"2024-04-26T12:21:13.6086621Z"},"nsu=http://opcfoundation.org/UA/Plc/Applications;s=SlowRandomUIntScalar2":{"Value":318495227,"SourceTimestamp":"2024-04-26T12:21:13.6086674Z","ServerTimestamp":"2024-04-26T12:21:13.6086683Z"},"nsu=http://opcfoundation.org/UA/Plc/Applications;s=SlowRandomUIntScalar3":{"Value":3981870217,"SourceTimestamp":"2024-04-26T12:21:13.6086698Z","ServerTimestamp":"2024-04-26T12:21:13.6086705Z"},"nsu=http://opcfoundation.org/UA/Plc/Applications;s=BadSlowRandomUIntScalar1":{"Value":2048219215,"SourceTimestamp":"2024-04-26T12:21:13.6086716Z","ServerTimestamp":"2024-04-26T12:21:13.6086724Z"}}