{"nsu=http://opcfoundation.org/UA/Plc/Applications;s=SlowRandomUIntScalar1":{"Value":194358720,"SourceTimestamp":"2024-04-26T12:20:03.6161625Z","ServerTimestamp":"2024-04-26T12:20:03.6161732Z"},"nsu=http://opcfoundation.org/UA/Plc/Applications;s=SlowRandomUIntScalar2":{"Value":952035846,"SourceTimestamp":"2024-04-26T12:20:03.6161757Z","ServerTimestamp":"2024-04-26T12:20:03.6161763Z"},"nsu=http://opcfoundation.org/UA/Plc/Applications;s=SlowRandomUIntScalar3":{"Value":2690241604,"SourceTimestamp":"2024-04-26T12:20:03.6161775Z","ServerTimestamp":"2024-04-26T12:20:03.6161787Z"},"nsu=http://opcfoundation.org/UA/Plc/Applications;s=BadSlowRandomUIntScalar1":{"Value":1536491293,"StatusCode":{"Symbol":"UncertainLastUsableValue","Code":1083179008},"SourceTimestamp":"2024-04-26T12:20:03.6161798Z","ServerTimestamp":"2024-04-26T12:20:03.6161806Z"}}