{"$schema":"http://json-schema.org/draft-07/schema#","$ref":"#/definitions/org.github.microsoft.opcpublisher.DataSet","definitions":{"org.opcfoundation.UA.DateTime":{"$id":"http://opcfoundation.org/UA/#DateTime","title":"OPC UA built in type DateTime","type":"string","format":"date-time"},"org.opcfoundation.UA.String":{"$id":"http://opcfoundation.org/UA/#String","title":"OPC UA built in type String","type":"string"},"org.opcfoundation.UA.Variant":{"title":"Any","type":["number","null","object","array","string","integer","boolean"]},"org.opcfoundation.UA.Boolean":{"$id":"http://opcfoundation.org/UA/#Boolean","title":"OPC UA built in type Boolean","type":"boolean"},"org.opcfoundation.UA.Float":{"$id":"http://opcfoundation.org/UA/#Float","title":"OPC UA built in type Float","type":"number","minimum":-3.4028235E+38,"maximum":3.4028235E+38,"default":0,"format":"float"},"org.github.microsoft.opcpublisher.DataSet":{"$id":"http://github.org/microsoft/opcpublisher#DataSet","title":"DataSet","type":"object","properties":{"CurrentTime":{"$ref":"#/definitions/org.opcfoundation.UA.DateTime"},"EngineeringUnits":{"$ref":"#/definitions/org.opcfoundation.UA.String"},"AssetId":{"title":"Any","type":["number","null","object","array","string","integer","boolean"]},"Important":{"$ref":"#/definitions/org.opcfoundation.UA.Boolean"},"Variance":{"$ref":"#/definitions/org.opcfoundation.UA.Float"}}}}}