{"MessageId":"f72ca85f-d706-4ee9-8b64-72a6064a629d","MessageType":"ua-data","PublisherId":"DESKTOP-BGFJS91","DataSetWriterGroup":"<<UnknownWriterGroup>>","Messages":[{"MetaDataVersion":{"MajorVersion":1},"MessageType":"ua-deltaframe","DataSetWriterName":"<<UnknownDataSet>>","Payload":{"nsu=http://opcfoundation.org/UA/Plc/Applications;s=StepUp":{"Value":{"Type":7,"Body":1187},"SourceTimestamp":"2024-04-27T12:39:20.7497785Z"},"nsu=http://opcfoundation.org/UA/Plc/Applications;s=RandomSignedInt32":{"Value":{"Type":6,"Body":-1145307415},"SourceTimestamp":"2024-04-27T12:39:20.7498396Z"},"nsu=http://opcfoundation.org/UA/Plc/Applications;s=RandomUnsignedInt32":{"Value":{"Type":7,"Body":630899936},"SourceTimestamp":"2024-04-27T12:39:20.7498233Z"},"nsu=http://opcfoundation.org/UA/Plc/Applications;s=DipData":{"Value":{"Type":11,"Body":98.228725072868855},"SourceTimestamp":"2024-04-27T12:39:20.7498441Z"},"nsu=http://opcfoundation.org/UA/Plc/Applications;s=FastUIntScalar1":{"Value":{"Type":7,"Body":118},"SourceTimestamp":"2024-04-27T12:39:20.0543968Z"},"nsu=http://opcfoundation.org/UA/Plc/Applications;s=FastUIntScalar2":{"Value":{"Type":7,"Body":118},"SourceTimestamp":"2024-04-27T12:39:20.0544099Z"},"nsu=http://opcfoundation.org/UA/Plc/Applications;s=FastUIntScalar3":{"Value":{"Type":7,"Body":118},"SourceTimestamp":"2024-04-27T12:39:20.0544232Z"},"nsu=http://opcfoundation.org/UA/Plc/Applications;s=FastRandomUIntScalar1":{"Value":{"Type":7,"Body":3085061746},"SourceTimestamp":"2024-04-27T12:39:20.0543969Z"},"nsu=http://opcfoundation.org/UA/Plc/Applications;s=FastRandomUIntScalar2":{"Value":{"Type":7,"Body":2777504130},"SourceTimestamp":"2024-04-27T12:39:20.054435Z"},"nsu=http://opcfoundation.org/UA/Plc/Applications;s=FastRandomUIntScalar3":{"Value":{"Type":7,"Body":1615064884},"SourceTimestamp":"2024-04-27T12:39:20.0544393Z"},"nsu=http://opcfoundation.org/UA/Plc/Applications;s=SpikeData":{"Value":{"Type":11,"Body":98.228725072868855},"SourceTimestamp":"2024-04-27T12:39:20.7498506Z"}}}]}