{"MessageId":"d04560a9-0680-4435-9e63-78e351a18bbf","MessageType":"ua-data","PublisherId":"DESKTOP-BGFJS91","DataSetWriterGroup":"<<UnknownWriterGroup>>","Messages":[{"MetaDataVersion":{"MajorVersion":1},"MessageType":"ua-deltaframe","DataSetWriterName":"<<UnknownDataSet>>","Payload":{"nsu=http://opcfoundation.org/UA/Plc/Applications;s=StepUp":{"Value":{"Type":7,"Body":137},"SourceTimestamp":"2024-04-27T12:37:35.7464069Z"},"nsu=http://opcfoundation.org/UA/Plc/Applications;s=RandomSignedInt32":{"Value":{"Type":6,"Body":-371299683},"SourceTimestamp":"2024-04-27T12:37:35.7464317Z"},"nsu=http://opcfoundation.org/UA/Plc/Applications;s=RandomUnsignedInt32":{"Value":{"Type":7,"Body":1606103433},"SourceTimestamp":"2024-04-27T12:37:35.7464353Z"},"nsu=http://opcfoundation.org/UA/Plc/Applications;s=DipData":{"Value":{"Type":11,"Body":98.228725072868855},"SourceTimestamp":"2024-04-27T12:37:35.7464389Z"},"nsu=http://opcfoundation.org/UA/Plc/Applications;s=FastUIntScalar1":{"Value":{"Type":7,"Body":13},"SourceTimestamp":"2024-04-27T12:37:35.048647Z"},"nsu=http://opcfoundation.org/UA/Plc/Applications;s=FastUIntScalar2":{"Value":{"Type":7,"Body":13},"SourceTimestamp":"2024-04-27T12:37:35.0486654Z"},"nsu=http://opcfoundation.org/UA/Plc/Applications;s=FastUIntScalar3":{"Value":{"Type":7,"Body":13},"SourceTimestamp":"2024-04-27T12:37:35.0486803Z"},"nsu=http://opcfoundation.org/UA/Plc/Applications;s=FastRandomUIntScalar1":{"Value":{"Type":7,"Body":2853641339},"SourceTimestamp":"2024-04-27T12:37:35.0486567Z"},"nsu=http://opcfoundation.org/UA/Plc/Applications;s=FastRandomUIntScalar2":{"Value":{"Type":7,"Body":354965450},"SourceTimestamp":"2024-04-27T12:37:35.0486772Z"},"nsu=http://opcfoundation.org/UA/Plc/Applications;s=FastRandomUIntScalar3":{"Value":{"Type":7,"Body":1856223351},"SourceTimestamp":"2024-04-27T12:37:35.0486849Z"},"nsu=http://opcfoundation.org/UA/Plc/Applications;s=SpikeData":{"Value":{"Type":11,"Body":98.228725072868855},"SourceTimestamp":"2024-04-27T12:37:35.7464457Z"}}}]}