{"MessageId":"fdd1d377-4cd7-4286-9874-2bc2c9709d10","MessageType":"ua-data","PublisherId":"DESKTOP-BGFJS91","DataSetWriterGroup":"<<UnknownWriterGroup>>","Messages":[{"MetaDataVersion":{"MajorVersion":1},"MessageType":"ua-deltaframe","DataSetWriterName":"<<UnknownDataSet>>","Payload":{"nsu=http://opcfoundation.org/UA/Plc/Applications;s=StepUp":{"Value":{"Type":7,"Body":247},"SourceTimestamp":"2024-04-27T12:37:46.7514645Z"},"nsu=http://opcfoundation.org/UA/Plc/Applications;s=RandomSignedInt32":{"Value":{"Type":6,"Body":-277685763},"SourceTimestamp":"2024-04-27T12:37:46.751509Z"},"nsu=http://opcfoundation.org/UA/Plc/Applications;s=RandomUnsignedInt32":{"Value":{"Type":7,"Body":374369968},"SourceTimestamp":"2024-04-27T12:37:46.7515045Z"},"nsu=http://opcfoundation.org/UA/Plc/Applications;s=DipData":{"Value":{"Type":11,"Body":48.175367410171532},"SourceTimestamp":"2024-04-27T12:37:46.7515186Z"},"nsu=http://opcfoundation.org/UA/Plc/Applications;s=FastUIntScalar1":{"Value":{"Type":7,"Body":24},"SourceTimestamp":"2024-04-27T12:37:46.0552005Z"},"nsu=http://opcfoundation.org/UA/Plc/Applications;s=FastUIntScalar2":{"Value":{"Type":7,"Body":24},"SourceTimestamp":"2024-04-27T12:37:46.0552171Z"},"nsu=http://opcfoundation.org/UA/Plc/Applications;s=FastUIntScalar3":{"Value":{"Type":7,"Body":24},"SourceTimestamp":"2024-04-27T12:37:46.0552245Z"},"nsu=http://opcfoundation.org/UA/Plc/Applications;s=FastRandomUIntScalar1":{"Value":{"Type":7,"Body":4222427117},"SourceTimestamp":"2024-04-27T12:37:46.055205Z"},"nsu=http://opcfoundation.org/UA/Plc/Applications;s=FastRandomUIntScalar2":{"Value":{"Type":7,"Body":357161386},"SourceTimestamp":"2024-04-27T12:37:46.0552226Z"},"nsu=http://opcfoundation.org/UA/Plc/Applications;s=FastRandomUIntScalar3":{"Value":{"Type":7,"Body":1024374264},"SourceTimestamp":"2024-04-27T12:37:46.0552268Z"},"nsu=http://opcfoundation.org/UA/Plc/Applications;s=SpikeData":{"Value":{"Type":11,"Body":48.175367410171532},"SourceTimestamp":"2024-04-27T12:37:46.7515586Z"}}}]}