{"MessageId":"bffbf246-84dd-43d6-8b35-08fab557ee4d","MessageType":"ua-data","PublisherId":"DESKTOP-BGFJS91","DataSetWriterGroup":"<<UnknownWriterGroup>>","Messages":[{"MetaDataVersion":{"MajorVersion":1},"MessageType":"ua-deltaframe","DataSetWriterName":"<<UnknownDataSet>>","Payload":{"nsu=http://opcfoundation.org/UA/Plc/Applications;s=StepUp":{"Value":{"Type":7,"Body":567},"SourceTimestamp":"2024-04-27T12:38:18.7593826Z"},"nsu=http://opcfoundation.org/UA/Plc/Applications;s=RandomSignedInt32":{"Value":{"Type":6,"Body":1056303744},"SourceTimestamp":"2024-04-27T12:38:18.759431Z"},"nsu=http://opcfoundation.org/UA/Plc/Applications;s=RandomUnsignedInt32":{"Value":{"Type":7,"Body":1991565327},"SourceTimestamp":"2024-04-27T12:38:18.7594395Z"},"nsu=http://opcfoundation.org/UA/Plc/Applications;s=DipData":{"Value":{"Type":11,"Body":-90.482705246601981},"SourceTimestamp":"2024-04-27T12:38:18.7594569Z"},"nsu=http://opcfoundation.org/UA/Plc/Applications;s=FastUIntScalar1":{"Value":{"Type":7,"Body":56},"SourceTimestamp":"2024-04-27T12:38:18.0494645Z"},"nsu=http://opcfoundation.org/UA/Plc/Applications;s=FastUIntScalar2":{"Value":{"Type":7,"Body":56},"SourceTimestamp":"2024-04-27T12:38:18.049475Z"},"nsu=http://opcfoundation.org/UA/Plc/Applications;s=FastUIntScalar3":{"Value":{"Type":7,"Body":56},"SourceTimestamp":"2024-04-27T12:38:18.049482Z"},"nsu=http://opcfoundation.org/UA/Plc/Applications;s=FastRandomUIntScalar1":{"Value":{"Type":7,"Body":3451064095},"SourceTimestamp":"2024-04-27T12:38:18.0494716Z"},"nsu=http://opcfoundation.org/UA/Plc/Applications;s=FastRandomUIntScalar2":{"Value":{"Type":7,"Body":1308715389},"SourceTimestamp":"2024-04-27T12:38:18.049481Z"},"nsu=http://opcfoundation.org/UA/Plc/Applications;s=FastRandomUIntScalar3":{"Value":{"Type":7,"Body":2130485467},"SourceTimestamp":"2024-04-27T12:38:18.0494831Z"},"nsu=http://opcfoundation.org/UA/Plc/Applications;s=SpikeData":{"Value":{"Type":11,"Body":-90.482705246601981},"SourceTimestamp":"2024-04-27T12:38:18.7594563Z"}}}]}