{"MessageId":"d59a0f43-222e-45f5-ad68-f56bc7575727","MessageType":"ua-data","PublisherId":"DESKTOP-BGFJS91","DataSetWriterGroup":"<<UnknownWriterGroup>>","Messages":[{"MetaDataVersion":{"MajorVersion":1},"MessageType":"ua-deltaframe","DataSetWriterName":"<<UnknownDataSet>>","Payload":{"nsu=http://opcfoundation.org/UA/Plc/Applications;s=StepUp":{"Value":{"Type":7,"Body":647},"SourceTimestamp":"2024-04-27T12:38:26.7587712Z"},"nsu=http://opcfoundation.org/UA/Plc/Applications;s=RandomSignedInt32":{"Value":{"Type":6,"Body":157612044},"SourceTimestamp":"2024-04-27T12:38:26.7587846Z"},"nsu=http://opcfoundation.org/UA/Plc/Applications;s=RandomUnsignedInt32":{"Value":{"Type":7,"Body":1043736294},"SourceTimestamp":"2024-04-27T12:38:26.7587961Z"},"nsu=http://opcfoundation.org/UA/Plc/Applications;s=DipData":{"Value":{"Type":11,"Body":48.175367410171532},"SourceTimestamp":"2024-04-27T12:38:26.7588092Z"},"nsu=http://opcfoundation.org/UA/Plc/Applications;s=FastUIntScalar1":{"Value":{"Type":7,"Body":64},"SourceTimestamp":"2024-04-27T12:38:26.0489305Z"},"nsu=http://opcfoundation.org/UA/Plc/Applications;s=FastUIntScalar2":{"Value":{"Type":7,"Body":64},"SourceTimestamp":"2024-04-27T12:38:26.0489451Z"},"nsu=http://opcfoundation.org/UA/Plc/Applications;s=FastUIntScalar3":{"Value":{"Type":7,"Body":64},"SourceTimestamp":"2024-04-27T12:38:26.0489472Z"},"nsu=http://opcfoundation.org/UA/Plc/Applications;s=FastRandomUIntScalar1":{"Value":{"Type":7,"Body":581707550},"SourceTimestamp":"2024-04-27T12:38:26.0489648Z"},"nsu=http://opcfoundation.org/UA/Plc/Applications;s=FastRandomUIntScalar2":{"Value":{"Type":7,"Body":922093358},"SourceTimestamp":"2024-04-27T12:38:26.0489814Z"},"nsu=http://opcfoundation.org/UA/Plc/Applications;s=FastRandomUIntScalar3":{"Value":{"Type":7,"Body":683780989},"SourceTimestamp":"2024-04-27T12:38:26.0489852Z"},"nsu=http://opcfoundation.org/UA/Plc/Applications;s=SpikeData":{"Value":{"Type":11,"Body":48.175367410171532},"SourceTimestamp":"2024-04-27T12:38:26.7588247Z"}}}]}