{"MessageId":"70f15ac4-1692-45c7-90d9-902276f6e769","MessageType":"ua-data","PublisherId":"DESKTOP-BGFJS91","DataSetWriterGroup":"<<UnknownWriterGroup>>","Messages":[{"MetaDataVersion":{"MajorVersion":1},"MessageType":"ua-deltaframe","DataSetWriterName":"<<UnknownDataSet>>","Payload":{"nsu=http://opcfoundation.org/UA/Plc/Applications;s=StepUp":{"Value":{"Type":7,"Body":687},"SourceTimestamp":"2024-04-27T12:38:30.7535562Z"},"nsu=http://opcfoundation.org/UA/Plc/Applications;s=RandomSignedInt32":{"Value":{"Type":6,"Body":-1213427907},"SourceTimestamp":"2024-04-27T12:38:30.7535727Z"},"nsu=http://opcfoundation.org/UA/Plc/Applications;s=RandomUnsignedInt32":{"Value":{"Type":7,"Body":1207416538},"SourceTimestamp":"2024-04-27T12:38:30.7535786Z"},"nsu=http://opcfoundation.org/UA/Plc/Applications;s=DipData":{"Value":{"Type":11,"Body":98.228725072868855},"SourceTimestamp":"2024-04-27T12:38:30.7535957Z"},"nsu=http://opcfoundation.org/UA/Plc/Applications;s=FastUIntScalar1":{"Value":{"Type":7,"Body":68},"SourceTimestamp":"2024-04-27T12:38:30.055538Z"},"nsu=http://opcfoundation.org/UA/Plc/Applications;s=FastUIntScalar2":{"Value":{"Type":7,"Body":68},"SourceTimestamp":"2024-04-27T12:38:30.0555479Z"},"nsu=http://opcfoundation.org/UA/Plc/Applications;s=FastUIntScalar3":{"Value":{"Type":7,"Body":68},"SourceTimestamp":"2024-04-27T12:38:30.0555547Z"},"nsu=http://opcfoundation.org/UA/Plc/Applications;s=FastRandomUIntScalar1":{"Value":{"Type":7,"Body":3153391530},"SourceTimestamp":"2024-04-27T12:38:30.0555441Z"},"nsu=http://opcfoundation.org/UA/Plc/Applications;s=FastRandomUIntScalar2":{"Value":{"Type":7,"Body":4089744726},"SourceTimestamp":"2024-04-27T12:38:30.0555539Z"},"nsu=http://opcfoundation.org/UA/Plc/Applications;s=FastRandomUIntScalar3":{"Value":{"Type":7,"Body":2873349246},"SourceTimestamp":"2024-04-27T12:38:30.055556Z"},"nsu=http://opcfoundation.org/UA/Plc/Applications;s=SpikeData":{"Value":{"Type":11,"Body":98.228725072868855},"SourceTimestamp":"2024-04-27T12:38:30.7536Z"}}}]}