{"MessageId":"9d518313-7f9c-4b06-8894-7b35c354c92a","MessageType":"ua-data","PublisherId":"DESKTOP-BGFJS91","DataSetWriterGroup":"<<UnknownWriterGroup>>","Messages":[{"MetaDataVersion":{"MajorVersion":1},"MessageType":"ua-deltaframe","DataSetWriterName":"<<UnknownDataSet>>","Payload":{"nsu=http://opcfoundation.org/UA/Plc/Applications;s=StepUp":{"Value":{"Type":7,"Body":727},"SourceTimestamp":"2024-04-27T12:38:34.7489229Z"},"nsu=http://opcfoundation.org/UA/Plc/Applications;s=RandomSignedInt32":{"Value":{"Type":6,"Body":264214914},"SourceTimestamp":"2024-04-27T12:38:34.7489492Z"},"nsu=http://opcfoundation.org/UA/Plc/Applications;s=RandomUnsignedInt32":{"Value":{"Type":7,"Body":1785915933},"SourceTimestamp":"2024-04-27T12:38:34.7489474Z"},"nsu=http://opcfoundation.org/UA/Plc/Applications;s=DipData":{"Value":{"Type":11,"Body":12.53332335643041},"SourceTimestamp":"2024-04-27T12:38:34.7489569Z"},"nsu=http://opcfoundation.org/UA/Plc/Applications;s=FastUIntScalar1":{"Value":{"Type":7,"Body":72},"SourceTimestamp":"2024-04-27T12:38:34.0515262Z"},"nsu=http://opcfoundation.org/UA/Plc/Applications;s=FastUIntScalar2":{"Value":{"Type":7,"Body":72},"SourceTimestamp":"2024-04-27T12:38:34.0515395Z"},"nsu=http://opcfoundation.org/UA/Plc/Applications;s=FastUIntScalar3":{"Value":{"Type":7,"Body":72},"SourceTimestamp":"2024-04-27T12:38:34.0515418Z"},"nsu=http://opcfoundation.org/UA/Plc/Applications;s=FastRandomUIntScalar1":{"Value":{"Type":7,"Body":2507236875},"SourceTimestamp":"2024-04-27T12:38:34.0515732Z"},"nsu=http://opcfoundation.org/UA/Plc/Applications;s=FastRandomUIntScalar2":{"Value":{"Type":7,"Body":1729173368},"SourceTimestamp":"2024-04-27T12:38:34.0515904Z"},"nsu=http://opcfoundation.org/UA/Plc/Applications;s=FastRandomUIntScalar3":{"Value":{"Type":7,"Body":1552715897},"SourceTimestamp":"2024-04-27T12:38:34.0515939Z"},"nsu=http://opcfoundation.org/UA/Plc/Applications;s=SpikeData":{"Value":{"Type":11,"Body":12.53332335643041},"SourceTimestamp":"2024-04-27T12:38:34.7489614Z"}}}]}