{"MessageId":"54975ccc-7fe1-41a5-a4bb-77f739245559","MessageType":"ua-data","PublisherId":"DESKTOP-BGFJS91","DataSetWriterGroup":"<<UnknownWriterGroup>>","Messages":[{"MetaDataVersion":{"MajorVersion":1},"MessageType":"ua-deltaframe","DataSetWriterName":"<<UnknownDataSet>>","Payload":{"nsu=http://opcfoundation.org/UA/Plc/Applications;s=StepUp":{"Value":{"Type":7,"Body":97},"SourceTimestamp":"2024-04-27T12:37:31.7561429Z"},"nsu=http://opcfoundation.org/UA/Plc/Applications;s=RandomSignedInt32":{"Value":{"Type":6,"Body":863642111},"SourceTimestamp":"2024-04-27T12:37:31.7561559Z"},"nsu=http://opcfoundation.org/UA/Plc/Applications;s=RandomUnsignedInt32":{"Value":{"Type":7,"Body":1831556029},"SourceTimestamp":"2024-04-27T12:37:31.7561699Z"},"nsu=http://opcfoundation.org/UA/Plc/Applications;s=DipData":{"Value":{"Type":11,"Body":48.175367410171532},"SourceTimestamp":"2024-04-27T12:37:31.7561724Z"},"nsu=http://opcfoundation.org/UA/Plc/Applications;s=FastUIntScalar1":{"Value":{"Type":7,"Body":9},"SourceTimestamp":"2024-04-27T12:37:31.0573524Z"},"nsu=http://opcfoundation.org/UA/Plc/Applications;s=FastUIntScalar2":{"Value":{"Type":7,"Body":9},"SourceTimestamp":"2024-04-27T12:37:31.0573689Z"},"nsu=http://opcfoundation.org/UA/Plc/Applications;s=FastUIntScalar3":{"Value":{"Type":7,"Body":9},"SourceTimestamp":"2024-04-27T12:37:31.0573752Z"},"nsu=http://opcfoundation.org/UA/Plc/Applications;s=FastRandomUIntScalar1":{"Value":{"Type":7,"Body":3783041919},"SourceTimestamp":"2024-04-27T12:37:31.0573749Z"},"nsu=http://opcfoundation.org/UA/Plc/Applications;s=FastRandomUIntScalar2":{"Value":{"Type":7,"Body":3718145852},"SourceTimestamp":"2024-04-27T12:37:31.0573957Z"},"nsu=http://opcfoundation.org/UA/Plc/Applications;s=FastRandomUIntScalar3":{"Value":{"Type":7,"Body":84855588},"SourceTimestamp":"2024-04-27T12:37:31.0574043Z"},"nsu=http://opcfoundation.org/UA/Plc/Applications;s=SpikeData":{"Value":{"Type":11,"Body":48.175367410171532},"SourceTimestamp":"2024-04-27T12:37:31.7561862Z"}}}]}