{"MessageId":"56271f9e-f56d-4ab3-95f3-f329c3045cbf","MessageType":"ua-data","PublisherId":"DESKTOP-BGFJS91","DataSetWriterGroup":"<<UnknownWriterGroup>>","Messages":[{"MetaDataVersion":{"MajorVersion":1},"MessageType":"ua-deltaframe","DataSetWriterName":"<<UnknownDataSet>>","Payload":{"nsu=http://opcfoundation.org/UA/Plc/Applications;s=StepUp":{"Value":{"Type":7,"Body":1067},"SourceTimestamp":"2024-04-27T12:39:08.7492843Z"},"nsu=http://opcfoundation.org/UA/Plc/Applications;s=RandomSignedInt32":{"Value":{"Type":6,"Body":-640406910},"SourceTimestamp":"2024-04-27T12:39:08.7493387Z"},"nsu=http://opcfoundation.org/UA/Plc/Applications;s=RandomUnsignedInt32":{"Value":{"Type":7,"Body":1624427739},"SourceTimestamp":"2024-04-27T12:39:08.7493235Z"},"nsu=http://opcfoundation.org/UA/Plc/Applications;s=DipData":{"Value":{"Type":11,"Body":-90.482705246601981},"SourceTimestamp":"2024-04-27T12:39:08.7493524Z"},"nsu=http://opcfoundation.org/UA/Plc/Applications;s=FastUIntScalar1":{"Value":{"Type":7,"Body":106},"SourceTimestamp":"2024-04-27T12:39:08.0524189Z"},"nsu=http://opcfoundation.org/UA/Plc/Applications;s=FastUIntScalar2":{"Value":{"Type":7,"Body":106},"SourceTimestamp":"2024-04-27T12:39:08.0524378Z"},"nsu=http://opcfoundation.org/UA/Plc/Applications;s=FastUIntScalar3":{"Value":{"Type":7,"Body":106},"SourceTimestamp":"2024-04-27T12:39:08.0524569Z"},"nsu=http://opcfoundation.org/UA/Plc/Applications;s=FastRandomUIntScalar1":{"Value":{"Type":7,"Body":165371413},"SourceTimestamp":"2024-04-27T12:39:08.0524206Z"},"nsu=http://opcfoundation.org/UA/Plc/Applications;s=FastRandomUIntScalar2":{"Value":{"Type":7,"Body":4264899729},"SourceTimestamp":"2024-04-27T12:39:08.052449Z"},"nsu=http://opcfoundation.org/UA/Plc/Applications;s=FastRandomUIntScalar3":{"Value":{"Type":7,"Body":2345770277},"SourceTimestamp":"2024-04-27T12:39:08.0524587Z"},"nsu=http://opcfoundation.org/UA/Plc/Applications;s=SpikeData":{"Value":{"Type":11,"Body":-90.482705246601981},"SourceTimestamp":"2024-04-27T12:39:08.7493501Z"}}}]}