{"MessageId":"16295669-e8a0-45e6-879e-7371c79db260","MessageType":"ua-data","PublisherId":"DESKTOP-BGFJS91","DataSetWriterGroup":"<<UnknownWriterGroup>>","Messages":[{"DataSetWriterId":3,"SequenceNumber":1,"MetaDataVersion":{"MajorVersion":1},"Timestamp":"2024-04-27T12:43:24.6958315Z","MessageType":"ua-deltaframe","DataSetWriterName":"MES","Payload":{"nsu=http://opcfoundation.org/UA/Plc/Applications;s=RandomSignedInt32":{"Value":{"Type":6,"Body":-198094390},"SourceTimestamp":"2024-04-27T12:43:24.6427743Z","ServerTimestamp":"2024-04-27T12:43:24.6427751Z"}}}]}