{"MessageId":"417574a3-2242-457e-85bb-ad1e4f3a3868","MessageType":"ua-data","PublisherId":"DESKTOP-BGFJS91","DataSetWriterGroup":"<<UnknownWriterGroup>>","Messages":[{"DataSetWriterId":3,"SequenceNumber":101,"MetaDataVersion":{"MajorVersion":1},"Timestamp":"2024-04-27T12:45:12.6901595Z","MessageType":"ua-deltaframe","DataSetWriterName":"MES","Payload":{"nsu=http://opcfoundation.org/UA/Plc/Applications;s=RandomSignedInt32":{"Value":{"Type":6,"Body":953408374},"SourceTimestamp":"2024-04-27T12:45:12.6431767Z","ServerTimestamp":"2024-04-27T12:45:12.6431774Z"}}}]}