{"MessageId":"21bf94af-6336-4e39-8828-5da664555f7e","MessageType":"ua-data","PublisherId":"DESKTOP-BGFJS91","DataSetWriterGroup":"<<UnknownWriterGroup>>","Messages":[{"DataSetWriterId":3,"SequenceNumber":104,"MetaDataVersion":{"MajorVersion":1},"Timestamp":"2024-04-27T12:45:16.7124884Z","MessageType":"ua-deltaframe","DataSetWriterName":"MES","Payload":{"nsu=http://opcfoundation.org/UA/Plc/Applications;s=RandomSignedInt32":{"Value":{"Type":6,"Body":-1536985287},"SourceTimestamp":"2024-04-27T12:45:16.6506014Z","ServerTimestamp":"2024-04-27T12:45:16.6506048Z"}}}]}