{"MessageId":"a3fc1570-2351-4040-888c-ff1221e1513a","MessageType":"ua-data","PublisherId":"DESKTOP-BGFJS91","DataSetWriterGroup":"<<UnknownWriterGroup>>","Messages":[{"DataSetWriterId":3,"SequenceNumber":107,"MetaDataVersion":{"MajorVersion":1},"Timestamp":"2024-04-27T12:45:19.6836641Z","MessageType":"ua-deltaframe","DataSetWriterName":"MES","Payload":{"nsu=http://opcfoundation.org/UA/Plc/Applications;s=RandomSignedInt32":{"Value":{"Type":6,"Body":-1265854537},"SourceTimestamp":"2024-04-27T12:45:19.6516913Z","ServerTimestamp":"2024-04-27T12:45:19.6516948Z"}}}]}