{"MessageId":"fbc6cbd7-a1cc-49b2-b542-31e750e00bdc","MessageType":"ua-data","PublisherId":"DESKTOP-BGFJS91","DataSetWriterGroup":"<<UnknownWriterGroup>>","Messages":[{"DataSetWriterId":3,"SequenceNumber":2,"MetaDataVersion":{"MajorVersion":1},"Timestamp":"2024-04-27T12:43:25.6896495Z","MessageType":"ua-deltaframe","DataSetWriterName":"MES","Payload":{"nsu=http://opcfoundation.org/UA/Plc/Applications;s=RandomSignedInt32":{"Value":{"Type":6,"Body":-1603983093},"SourceTimestamp":"2024-04-27T12:43:25.6441551Z","ServerTimestamp":"2024-04-27T12:43:25.6441558Z"}}}]}