{"MessageId":"790cdfa2-ad79-4136-aab9-4f339de0179f","MessageType":"ua-data","PublisherId":"DESKTOP-BGFJS91","DataSetWriterGroup":"<<UnknownWriterGroup>>","Messages":[{"DataSetWriterId":3,"SequenceNumber":22,"MetaDataVersion":{"MajorVersion":1},"Timestamp":"2024-04-27T12:43:46.7112754Z","MessageType":"ua-deltaframe","DataSetWriterName":"MES","Payload":{"nsu=http://opcfoundation.org/UA/Plc/Applications;s=RandomSignedInt32":{"Value":{"Type":6,"Body":-833285358},"SourceTimestamp":"2024-04-27T12:43:46.6489116Z","ServerTimestamp":"2024-04-27T12:43:46.6489141Z"}}}]}