{"MessageId":"82e53058-e20a-4311-b7e8-4a732cd5bdef","MessageType":"ua-data","PublisherId":"DESKTOP-BGFJS91","DataSetWriterGroup":"<<UnknownWriterGroup>>","Messages":[{"DataSetWriterId":3,"SequenceNumber":24,"MetaDataVersion":{"MajorVersion":1},"Timestamp":"2024-04-27T12:43:48.6999254Z","MessageType":"ua-deltaframe","DataSetWriterName":"MES","Payload":{"nsu=http://opcfoundation.org/UA/Plc/Applications;s=RandomSignedInt32":{"Value":{"Type":6,"Body":1757675691},"SourceTimestamp":"2024-04-27T12:43:48.6521785Z","ServerTimestamp":"2024-04-27T12:43:48.6521794Z"}}}]}