{"MessageId":"d7c4476d-675a-4afd-a492-d4affdad4f00","MessageType":"ua-data","PublisherId":"DESKTOP-BGFJS91","DataSetWriterGroup":"<<UnknownWriterGroup>>","Messages":[{"DataSetWriterId":3,"SequenceNumber":25,"MetaDataVersion":{"MajorVersion":1},"Timestamp":"2024-04-27T12:43:49.6986878Z","MessageType":"ua-deltaframe","DataSetWriterName":"MES","Payload":{"nsu=http://opcfoundation.org/UA/Plc/Applications;s=RandomSignedInt32":{"Value":{"Type":6,"Body":677664282},"SourceTimestamp":"2024-04-27T12:43:49.6511406Z","ServerTimestamp":"2024-04-27T12:43:49.651142Z"}}}]}