{"MessageId":"5931ef6f-4fef-4df3-a753-519acf6b9a66","MessageType":"ua-data","PublisherId":"DESKTOP-BGFJS91","DataSetWriterGroup":"<<UnknownWriterGroup>>","Messages":[{"DataSetWriterId":3,"SequenceNumber":29,"MetaDataVersion":{"MajorVersion":1},"Timestamp":"2024-04-27T12:43:54.7041854Z","MessageType":"ua-deltaframe","DataSetWriterName":"MES","Payload":{"nsu=http://opcfoundation.org/UA/Plc/Applications;s=RandomSignedInt32":{"Value":{"Type":6,"Body":220152379},"SourceTimestamp":"2024-04-27T12:43:54.6430489Z","ServerTimestamp":"2024-04-27T12:43:54.6430517Z"}}}]}