{"MessageId":"acc3a6f3-f27c-417a-8630-c7fed897f76f","MessageType":"ua-data","PublisherId":"DESKTOP-BGFJS91","DataSetWriterGroup":"<<UnknownWriterGroup>>","Messages":[{"DataSetWriterId":3,"SequenceNumber":32,"MetaDataVersion":{"MajorVersion":1},"Timestamp":"2024-04-27T12:43:57.6792192Z","MessageType":"ua-deltaframe","DataSetWriterName":"MES","Payload":{"nsu=http://opcfoundation.org/UA/Plc/Applications;s=RandomSignedInt32":{"Value":{"Type":6,"Body":1575075636},"SourceTimestamp":"2024-04-27T12:43:57.6472747Z","ServerTimestamp":"2024-04-27T12:43:57.647278Z"}}}]}