{"MessageId":"bfec506d-1785-4166-aa37-b116735464d1","MessageType":"ua-data","PublisherId":"DESKTOP-BGFJS91","DataSetWriterGroup":"<<UnknownWriterGroup>>","Messages":[{"DataSetWriterId":3,"SequenceNumber":33,"MetaDataVersion":{"MajorVersion":1},"Timestamp":"2024-04-27T12:43:59.7272591Z","MessageType":"ua-deltaframe","DataSetWriterName":"MES","Payload":{"nsu=http://opcfoundation.org/UA/Plc/Applications;s=RandomSignedInt32":{"Value":{"Type":6,"Body":1884248053},"SourceTimestamp":"2024-04-27T12:43:59.6479892Z","ServerTimestamp":"2024-04-27T12:43:59.6479902Z"}}}]}