{"MessageId":"4e177c39-0f33-4137-b7c5-84365323ebb0","MessageType":"ua-data","PublisherId":"DESKTOP-BGFJS91","DataSetWriterGroup":"<<UnknownWriterGroup>>","Messages":[{"DataSetWriterId":3,"SequenceNumber":35,"MetaDataVersion":{"MajorVersion":1},"Timestamp":"2024-04-27T12:44:01.7165443Z","MessageType":"ua-deltaframe","DataSetWriterName":"MES","Payload":{"nsu=http://opcfoundation.org/UA/Plc/Applications;s=RandomSignedInt32":{"Value":{"Type":6,"Body":-2054851091},"SourceTimestamp":"2024-04-27T12:44:01.6396863Z","ServerTimestamp":"2024-04-27T12:44:01.639692Z"}}}]}