{"MessageId":"45ae9441-65e2-4bbe-b713-398d03c9852c","MessageType":"ua-data","PublisherId":"DESKTOP-BGFJS91","DataSetWriterGroup":"<<UnknownWriterGroup>>","Messages":[{"DataSetWriterId":3,"SequenceNumber":39,"MetaDataVersion":{"MajorVersion":1},"Timestamp":"2024-04-27T12:44:05.6770822Z","MessageType":"ua-deltaframe","DataSetWriterName":"MES","Payload":{"nsu=http://opcfoundation.org/UA/Plc/Applications;s=RandomSignedInt32":{"Value":{"Type":6,"Body":-241164588},"SourceTimestamp":"2024-04-27T12:44:05.6451661Z","ServerTimestamp":"2024-04-27T12:44:05.6451681Z"}}}]}