{"MessageId":"65a8a3d7-b320-49bc-9b7b-074b8dababfa","MessageType":"ua-data","PublisherId":"DESKTOP-BGFJS91","DataSetWriterGroup":"<<UnknownWriterGroup>>","Messages":[{"DataSetWriterId":3,"SequenceNumber":42,"MetaDataVersion":{"MajorVersion":1},"Timestamp":"2024-04-27T12:44:08.716022Z","MessageType":"ua-deltaframe","DataSetWriterName":"MES","Payload":{"nsu=http://opcfoundation.org/UA/Plc/Applications;s=RandomSignedInt32":{"Value":{"Type":6,"Body":-1074752853},"SourceTimestamp":"2024-04-27T12:44:08.6533408Z","ServerTimestamp":"2024-04-27T12:44:08.6533414Z"}}}]}