{"MessageId":"b3a634a2-56a1-4b57-a95e-b6036dccc607","MessageType":"ua-data","PublisherId":"DESKTOP-BGFJS91","DataSetWriterGroup":"<<UnknownWriterGroup>>","Messages":[{"DataSetWriterId":3,"SequenceNumber":44,"MetaDataVersion":{"MajorVersion":1},"Timestamp":"2024-04-27T12:44:10.6976767Z","MessageType":"ua-deltaframe","DataSetWriterName":"MES","Payload":{"nsu=http://opcfoundation.org/UA/Plc/Applications;s=RandomSignedInt32":{"Value":{"Type":6,"Body":-232279876},"SourceTimestamp":"2024-04-27T12:44:10.6508433Z","ServerTimestamp":"2024-04-27T12:44:10.6508445Z"}}}]}