{"MessageId":"fa75db3c-e7e5-4dda-a9d4-5123f567cae8","MessageType":"ua-data","PublisherId":"DESKTOP-BGFJS91","DataSetWriterGroup":"<<UnknownWriterGroup>>","Messages":[{"DataSetWriterId":3,"SequenceNumber":45,"MetaDataVersion":{"MajorVersion":1},"Timestamp":"2024-04-27T12:44:11.6885802Z","MessageType":"ua-deltaframe","DataSetWriterName":"MES","Payload":{"nsu=http://opcfoundation.org/UA/Plc/Applications;s=RandomSignedInt32":{"Value":{"Type":6,"Body":295960798},"SourceTimestamp":"2024-04-27T12:44:11.6419479Z","ServerTimestamp":"2024-04-27T12:44:11.6419522Z"}}}]}