{"MessageId":"d88dcd95-d676-43d7-9a39-38edcd76f9bf","MessageType":"ua-data","PublisherId":"DESKTOP-BGFJS91","DataSetWriterGroup":"<<UnknownWriterGroup>>","Messages":[{"DataSetWriterId":3,"SequenceNumber":46,"MetaDataVersion":{"MajorVersion":1},"Timestamp":"2024-04-27T12:44:12.6819732Z","MessageType":"ua-deltaframe","DataSetWriterName":"MES","Payload":{"nsu=http://opcfoundation.org/UA/Plc/Applications;s=RandomSignedInt32":{"Value":{"Type":6,"Body":849702936},"SourceTimestamp":"2024-04-27T12:44:12.6513382Z","ServerTimestamp":"2024-04-27T12:44:12.6513392Z"}}}]}