{"MessageId":"f8686e0b-a72f-4f47-b3df-53184d1ee6c0","MessageType":"ua-data","PublisherId":"DESKTOP-BGFJS91","DataSetWriterGroup":"<<UnknownWriterGroup>>","Messages":[{"DataSetWriterId":3,"SequenceNumber":50,"MetaDataVersion":{"MajorVersion":1},"Timestamp":"2024-04-27T12:44:16.6942888Z","MessageType":"ua-deltaframe","DataSetWriterName":"MES","Payload":{"nsu=http://opcfoundation.org/UA/Plc/Applications;s=RandomSignedInt32":{"Value":{"Type":6,"Body":1798452219},"SourceTimestamp":"2024-04-27T12:44:16.6475164Z","ServerTimestamp":"2024-04-27T12:44:16.6475177Z"}}}]}