{"MessageId":"b3a53ae3-66d3-4eb9-8f13-2cdbe655375c","MessageType":"ua-data","PublisherId":"DESKTOP-BGFJS91","DataSetWriterGroup":"<<UnknownWriterGroup>>","Messages":[{"DataSetWriterId":3,"SequenceNumber":51,"MetaDataVersion":{"MajorVersion":1},"Timestamp":"2024-04-27T12:44:17.6852713Z","MessageType":"ua-deltaframe","DataSetWriterName":"MES","Payload":{"nsu=http://opcfoundation.org/UA/Plc/Applications;s=RandomSignedInt32":{"Value":{"Type":6,"Body":872445425},"SourceTimestamp":"2024-04-27T12:44:17.6529983Z","ServerTimestamp":"2024-04-27T12:44:17.6529993Z"}}}]}