{"MessageId":"65f0db61-a012-440d-ae4e-bf019bf51eb9","MessageType":"ua-data","PublisherId":"DESKTOP-BGFJS91","DataSetWriterGroup":"<<UnknownWriterGroup>>","Messages":[{"DataSetWriterId":3,"SequenceNumber":6,"MetaDataVersion":{"MajorVersion":1},"Timestamp":"2024-04-27T12:43:29.7179832Z","MessageType":"ua-deltaframe","DataSetWriterName":"MES","Payload":{"nsu=http://opcfoundation.org/UA/Plc/Applications;s=RandomSignedInt32":{"Value":{"Type":6,"Body":-1196734763},"SourceTimestamp":"2024-04-27T12:43:29.6405192Z","ServerTimestamp":"2024-04-27T12:43:29.6405217Z"}}}]}