{"MessageId":"0a92cce3-1e60-4713-8a7d-80d2c0028d4c","MessageType":"ua-data","PublisherId":"DESKTOP-BGFJS91","DataSetWriterGroup":"<<UnknownWriterGroup>>","Messages":[{"DataSetWriterId":3,"SequenceNumber":67,"MetaDataVersion":{"MajorVersion":1},"Timestamp":"2024-04-27T12:44:33.7010989Z","MessageType":"ua-deltaframe","DataSetWriterName":"MES","Payload":{"nsu=http://opcfoundation.org/UA/Plc/Applications;s=RandomSignedInt32":{"Value":{"Type":6,"Body":562530717},"SourceTimestamp":"2024-04-27T12:44:33.6529615Z","ServerTimestamp":"2024-04-27T12:44:33.6529661Z"}}}]}