{"MessageId":"745d3320-b19c-42f3-b5a5-eeeaa749bd5f","MessageType":"ua-data","PublisherId":"DESKTOP-BGFJS91","DataSetWriterGroup":"<<UnknownWriterGroup>>","Messages":[{"DataSetWriterId":3,"SequenceNumber":69,"MetaDataVersion":{"MajorVersion":1},"Timestamp":"2024-04-27T12:44:35.6838101Z","MessageType":"ua-deltaframe","DataSetWriterName":"MES","Payload":{"nsu=http://opcfoundation.org/UA/Plc/Applications;s=RandomSignedInt32":{"Value":{"Type":6,"Body":1370704701},"SourceTimestamp":"2024-04-27T12:44:35.6528964Z","ServerTimestamp":"2024-04-27T12:44:35.652905Z"}}}]}