{"MessageId":"fbbe93fe-2251-4e30-a64b-d111f2612cfb","MessageType":"ua-data","PublisherId":"DESKTOP-BGFJS91","DataSetWriterGroup":"<<UnknownWriterGroup>>","Messages":[{"DataSetWriterId":3,"SequenceNumber":7,"MetaDataVersion":{"MajorVersion":1},"Timestamp":"2024-04-27T12:43:30.710487Z","MessageType":"ua-deltaframe","DataSetWriterName":"MES","Payload":{"nsu=http://opcfoundation.org/UA/Plc/Applications;s=RandomSignedInt32":{"Value":{"Type":6,"Body":-341954228},"SourceTimestamp":"2024-04-27T12:43:30.647656Z","ServerTimestamp":"2024-04-27T12:43:30.6476581Z"}}}]}