{"MessageId":"b90ae0c5-44f1-4ed1-a7d4-c8d6d3cc5c4c","MessageType":"ua-data","PublisherId":"DESKTOP-BGFJS91","DataSetWriterGroup":"<<UnknownWriterGroup>>","Messages":[{"DataSetWriterId":3,"SequenceNumber":70,"MetaDataVersion":{"MajorVersion":1},"Timestamp":"2024-04-27T12:44:37.727115Z","MessageType":"ua-deltaframe","DataSetWriterName":"MES","Payload":{"nsu=http://opcfoundation.org/UA/Plc/Applications;s=RandomSignedInt32":{"Value":{"Type":6,"Body":-1026805503},"SourceTimestamp":"2024-04-27T12:44:37.6494506Z","ServerTimestamp":"2024-04-27T12:44:37.6494517Z"}}}]}