{"MessageId":"3c9d9f6e-2a7a-4081-9dde-d9dbe8bd8c9d","MessageType":"ua-data","PublisherId":"DESKTOP-BGFJS91","DataSetWriterGroup":"<<UnknownWriterGroup>>","Messages":[{"DataSetWriterId":3,"SequenceNumber":79,"MetaDataVersion":{"MajorVersion":1},"Timestamp":"2024-04-27T12:44:47.6897403Z","MessageType":"ua-deltaframe","DataSetWriterName":"MES","Payload":{"nsu=http://opcfoundation.org/UA/Plc/Applications;s=RandomSignedInt32":{"Value":{"Type":6,"Body":742903829},"SourceTimestamp":"2024-04-27T12:44:47.6429783Z","ServerTimestamp":"2024-04-27T12:44:47.6429815Z"}}}]}