{"MessageId":"fcad755d-e263-4f4e-b17a-4afefddbaa5c","MessageType":"ua-data","PublisherId":"DESKTOP-BGFJS91","DataSetWriterGroup":"<<UnknownWriterGroup>>","Messages":[{"DataSetWriterId":3,"SequenceNumber":8,"MetaDataVersion":{"MajorVersion":1},"Timestamp":"2024-04-27T12:43:31.7003719Z","MessageType":"ua-deltaframe","DataSetWriterName":"MES","Payload":{"nsu=http://opcfoundation.org/UA/Plc/Applications;s=RandomSignedInt32":{"Value":{"Type":6,"Body":-1549252770},"SourceTimestamp":"2024-04-27T12:43:31.6537218Z","ServerTimestamp":"2024-04-27T12:43:31.6537238Z"}}}]}