{"MessageId":"5429d3b3-0c3a-41e6-b4fe-b83e5e9f6880","MessageType":"ua-data","PublisherId":"DESKTOP-BGFJS91","DataSetWriterGroup":"<<UnknownWriterGroup>>","Messages":[{"DataSetWriterId":3,"SequenceNumber":81,"MetaDataVersion":{"MajorVersion":1},"Timestamp":"2024-04-27T12:44:50.7226145Z","MessageType":"ua-deltaframe","DataSetWriterName":"MES","Payload":{"nsu=http://opcfoundation.org/UA/Plc/Applications;s=RandomSignedInt32":{"Value":{"Type":6,"Body":1516854044},"SourceTimestamp":"2024-04-27T12:44:50.6443822Z","ServerTimestamp":"2024-04-27T12:44:50.6443864Z"}}}]}