{"MessageId":"49c1a067-5074-4197-9df8-bc5ea2ceefa4","MessageType":"ua-data","PublisherId":"DESKTOP-BGFJS91","DataSetWriterGroup":"<<UnknownWriterGroup>>","Messages":[{"DataSetWriterId":3,"SequenceNumber":83,"MetaDataVersion":{"MajorVersion":1},"Timestamp":"2024-04-27T12:44:52.7104025Z","MessageType":"ua-deltaframe","DataSetWriterName":"MES","Payload":{"nsu=http://opcfoundation.org/UA/Plc/Applications;s=RandomSignedInt32":{"Value":{"Type":6,"Body":-1565033746},"SourceTimestamp":"2024-04-27T12:44:52.6480976Z","ServerTimestamp":"2024-04-27T12:44:52.6480983Z"}}}]}