{"MessageId":"8c165cd1-3f53-48f3-8608-fdad76acb8fb","MessageType":"ua-data","PublisherId":"DESKTOP-BGFJS91","DataSetWriterGroup":"<<UnknownWriterGroup>>","Messages":[{"DataSetWriterId":3,"SequenceNumber":85,"MetaDataVersion":{"MajorVersion":1},"Timestamp":"2024-04-27T12:44:54.696302Z","MessageType":"ua-deltaframe","DataSetWriterName":"MES","Payload":{"nsu=http://opcfoundation.org/UA/Plc/Applications;s=RandomSignedInt32":{"Value":{"Type":6,"Body":1044630833},"SourceTimestamp":"2024-04-27T12:44:54.648647Z","ServerTimestamp":"2024-04-27T12:44:54.6486565Z"}}}]}