{"MessageId":"61cf5473-32ad-4637-a587-96c8726ad191","MessageType":"ua-data","PublisherId":"DESKTOP-BGFJS91","DataSetWriterGroup":"<<UnknownWriterGroup>>","Messages":[{"DataSetWriterId":3,"SequenceNumber":91,"MetaDataVersion":{"MajorVersion":1},"Timestamp":"2024-04-27T12:45:01.7056112Z","MessageType":"ua-deltaframe","DataSetWriterName":"MES","Payload":{"nsu=http://opcfoundation.org/UA/Plc/Applications;s=RandomSignedInt32":{"Value":{"Type":6,"Body":61364854},"SourceTimestamp":"2024-04-27T12:45:01.6442632Z","ServerTimestamp":"2024-04-27T12:45:01.6442645Z"}}}]}