{"MessageId":"73d69a36-d507-4e1f-9aa7-fab060cab1b0","MessageType":"ua-data","PublisherId":"DESKTOP-BGFJS91","DataSetWriterGroup":"<<UnknownWriterGroup>>","Messages":[{"DataSetWriterId":3,"SequenceNumber":94,"MetaDataVersion":{"MajorVersion":1},"Timestamp":"2024-04-27T12:45:05.7267167Z","MessageType":"ua-deltaframe","DataSetWriterName":"MES","Payload":{"nsu=http://opcfoundation.org/UA/Plc/Applications;s=RandomSignedInt32":{"Value":{"Type":6,"Body":2094480128},"SourceTimestamp":"2024-04-27T12:45:05.6489548Z","ServerTimestamp":"2024-04-27T12:45:05.6489564Z"}}}]}