{"MessageId":"1ceab7be-c33c-4743-b43d-fa2cb4212096","MessageType":"ua-data","PublisherId":"DESKTOP-BGFJS91","DataSetWriterGroup":"<<UnknownWriterGroup>>","Messages":[{"DataSetWriterId":3,"SequenceNumber":97,"MetaDataVersion":{"MajorVersion":1},"Timestamp":"2024-04-27T12:45:08.7025307Z","MessageType":"ua-deltaframe","DataSetWriterName":"MES","Payload":{"nsu=http://opcfoundation.org/UA/Plc/Applications;s=RandomSignedInt32":{"Value":{"Type":6,"Body":1703150830},"SourceTimestamp":"2024-04-27T12:45:08.6406898Z","ServerTimestamp":"2024-04-27T12:45:08.6407446Z"}}}]}