{"NodeId":"nsu=http://opcfoundation.org/UA/Plc/Applications;s=SlowRandomUIntScalar2","EndpointUrl":"opc.tcp://localhost:61457/UA/SampleServer","ApplicationUri":"urn:desktop-bgfjs91:OPCFoundation:CoreSampleServer","DisplayName":"nsu=http://opcfoundation.org/UA/Plc/Applications;s=SlowRandomUIntScalar2","Timestamp":"2024-04-26T12:07:32.3589605Z","Value":{"Value":{"Type":7,"Body":3340667415},"SourceTimestamp":"2024-04-26T12:07:30.7884047Z","ServerTimestamp":"2024-04-26T12:07:30.7884294Z"},"SequenceNumber":2,"ExtensionFields":{"WriterGroupId":"Packaging"}}