{"NodeId":"nsu=http://opcfoundation.org/UA/Plc/Applications;s=SlowRandomUIntScalar3","EndpointUrl":"opc.tcp://localhost:61457/UA/SampleServer","ApplicationUri":"urn:desktop-bgfjs91:OPCFoundation:CoreSampleServer","DisplayName":"nsu=http://opcfoundation.org/UA/Plc/Applications;s=SlowRandomUIntScalar3","Timestamp":"2024-04-26T12:08:52.2990949Z","Value":{"Value":{"Type":7,"Body":3071045427},"SourceTimestamp":"2024-04-26T12:08:50.776273Z","ServerTimestamp":"2024-04-26T12:08:50.7762762Z"},"SequenceNumber":35,"ExtensionFields":{"WriterGroupId":"Packaging"}}