{"NodeId":"nsu=http://opcfoundation.org/UA/Plc/Applications;s=SpikeData","EndpointUrl":"opc.tcp://localhost:61457/UA/SampleServer","ApplicationUri":"urn:desktop-bgfjs91:OPCFoundation:CoreSampleServer","DisplayName":"nsu=http://opcfoundation.org/UA/Plc/Applications;s=SpikeData","Timestamp":"2024-04-26T12:08:56.4876779Z","Value":{"Value":{"Type":11,"Body":-58.778525229247258},"SourceTimestamp":"2024-04-26T12:08:56.3768211Z","ServerTimestamp":"2024-04-26T12:08:56.3768218Z"},"SequenceNumber":87,"ExtensionFields":{"WriterGroupId":"Packaging"}}