{"NodeId":"nsu=http://opcfoundation.org/UA/Plc/Applications;s=SlowRandomUIntScalar3","EndpointUrl":"opc.tcp://localhost:61457/UA/SampleServer","ApplicationUri":"urn:desktop-bgfjs91:OPCFoundation:CoreSampleServer","DisplayName":"nsu=http://opcfoundation.org/UA/Plc/Applications;s=SlowRandomUIntScalar3","Timestamp":"2024-04-26T12:09:02.3266516Z","Value":{"Value":{"Type":7,"Body":219887533},"SourceTimestamp":"2024-04-26T12:09:00.7750892Z","ServerTimestamp":"2024-04-26T12:09:00.7750894Z"},"SequenceNumber":39,"ExtensionFields":{"WriterGroupId":"Packaging"}}