{"NodeId":"nsu=http://opcfoundation.org/UA/Plc/Applications;s=BadSlowRandomUIntScalar1","EndpointUrl":"opc.tcp://localhost:61457/UA/SampleServer","ApplicationUri":"urn:desktop-bgfjs91:OPCFoundation:CoreSampleServer","DisplayName":"nsu=http://opcfoundation.org/UA/Plc/Applications;s=BadSlowRandomUIntScalar1","Timestamp":"2024-04-26T12:09:02.3266516Z","Value":{"StatusCode":2150694912,"SourceTimestamp":"2024-04-26T12:09:00.7750921Z","ServerTimestamp":"2024-04-26T12:09:00.7750921Z"},"SequenceNumber":40,"ExtensionFields":{"WriterGroupId":"Packaging"}}