{"NodeId":"nsu=http://opcfoundation.org/UA/Plc/Applications;s=SpikeData","EndpointUrl":"opc.tcp://localhost:61457/UA/SampleServer","ApplicationUri":"urn:desktop-bgfjs91:OPCFoundation:CoreSampleServer","DisplayName":"nsu=http://opcfoundation.org/UA/Plc/Applications;s=SpikeData","Timestamp":"2024-04-26T12:09:03.4587532Z","Value":{"Value":{"Type":11,"Body":1000},"SourceTimestamp":"2024-04-26T12:09:03.3799337Z","ServerTimestamp":"2024-04-26T12:09:03.3799373Z"},"SequenceNumber":93,"ExtensionFields":{"WriterGroupId":"Packaging"}}