{"NodeId":"nsu=http://opcfoundation.org/UA/Plc/Applications;s=SlowRandomUIntScalar1","EndpointUrl":"opc.tcp://localhost:61457/UA/SampleServer","ApplicationUri":"urn:desktop-bgfjs91:OPCFoundation:CoreSampleServer","DisplayName":"nsu=http://opcfoundation.org/UA/Plc/Applications;s=SlowRandomUIntScalar1","Timestamp":"2024-04-26T12:09:12.3119229Z","Value":{"Value":{"Type":7,"Body":799370110},"SourceTimestamp":"2024-04-26T12:09:10.7861945Z","ServerTimestamp":"2024-04-26T12:09:10.7861955Z"},"SequenceNumber":41,"ExtensionFields":{"WriterGroupId":"Packaging"}}