{"NodeId":"nsu=http://opcfoundation.org/UA/Plc/Applications;s=SpikeData","EndpointUrl":"opc.tcp://localhost:61457/UA/SampleServer","ApplicationUri":"urn:desktop-bgfjs91:OPCFoundation:CoreSampleServer","DisplayName":"nsu=http://opcfoundation.org/UA/Plc/Applications;s=SpikeData","Timestamp":"2024-04-26T12:09:12.5003953Z","Value":{"Value":{"Type":11,"Body":-90.482705246601981},"SourceTimestamp":"2024-04-26T12:09:12.4846611Z","ServerTimestamp":"2024-04-26T12:09:12.4846627Z"},"SequenceNumber":102,"ExtensionFields":{"WriterGroupId":"Packaging"}}