{"NodeId":"nsu=http://opcfoundation.org/UA/Plc/Applications;s=SpikeData","EndpointUrl":"opc.tcp://localhost:61457/UA/SampleServer","ApplicationUri":"urn:desktop-bgfjs91:OPCFoundation:CoreSampleServer","DisplayName":"nsu=http://opcfoundation.org/UA/Plc/Applications;s=SpikeData","Timestamp":"2024-04-26T12:09:16.4556549Z","Value":{"Value":{"Type":11,"Body":-58.778525229247258},"SourceTimestamp":"2024-04-26T12:09:16.376458Z","ServerTimestamp":"2024-04-26T12:09:16.3764679Z"},"SequenceNumber":105,"ExtensionFields":{"WriterGroupId":"Packaging"}}