{"NodeId":"nsu=http://opcfoundation.org/UA/Plc/Applications;s=SpikeData","EndpointUrl":"opc.tcp://localhost:61457/UA/SampleServer","ApplicationUri":"urn:desktop-bgfjs91:OPCFoundation:CoreSampleServer","DisplayName":"nsu=http://opcfoundation.org/UA/Plc/Applications;s=SpikeData","Timestamp":"2024-04-26T12:09:17.4608181Z","Value":{"Value":{"Type":11,"Body":-95.10565162951535},"SourceTimestamp":"2024-04-26T12:09:17.3820285Z","ServerTimestamp":"2024-04-26T12:09:17.3820357Z"},"SequenceNumber":106,"ExtensionFields":{"WriterGroupId":"Packaging"}}