{"NodeId":"nsu=http://opcfoundation.org/UA/Plc/Applications;s=SlowRandomUIntScalar3","EndpointUrl":"opc.tcp://localhost:61457/UA/SampleServer","ApplicationUri":"urn:desktop-bgfjs91:OPCFoundation:CoreSampleServer","DisplayName":"nsu=http://opcfoundation.org/UA/Plc/Applications;s=SlowRandomUIntScalar3","Timestamp":"2024-04-26T12:07:42.3233576Z","Value":{"Value":{"Type":7,"Body":2080235100},"SourceTimestamp":"2024-04-26T12:07:40.7748132Z","ServerTimestamp":"2024-04-26T12:07:40.7748137Z"},"SequenceNumber":7,"ExtensionFields":{"WriterGroupId":"Packaging"}}