{"NodeId":"nsu=http://opcfoundation.org/UA/Plc/Applications;s=SpikeData","EndpointUrl":"opc.tcp://localhost:61457/UA/SampleServer","ApplicationUri":"urn:desktop-bgfjs91:OPCFoundation:CoreSampleServer","DisplayName":"nsu=http://opcfoundation.org/UA/Plc/Applications;s=SpikeData","Timestamp":"2024-04-26T12:07:26.4588703Z","Value":{"Value":{"Type":11,"Body":-58.778525229247258},"SourceTimestamp":"2024-04-26T12:07:26.3792001Z","ServerTimestamp":"2024-04-26T12:07:26.3792011Z"},"SequenceNumber":3,"ExtensionFields":{"WriterGroupId":"Packaging"}}