{"NodeId":"nsu=http://opcfoundation.org/UA/Plc/Applications;s=SpikeData","EndpointUrl":"opc.tcp://localhost:61457/UA/SampleServer","ApplicationUri":"urn:desktop-bgfjs91:OPCFoundation:CoreSampleServer","DisplayName":"nsu=http://opcfoundation.org/UA/Plc/Applications;s=SpikeData","Timestamp":"2024-04-26T12:07:48.4709986Z","Value":{"Value":{"Type":11,"Body":-3.2162452993532734E-14},"SourceTimestamp":"2024-04-26T12:07:48.3766783Z","ServerTimestamp":"2024-04-26T12:07:48.3766798Z"},"SequenceNumber":23,"ExtensionFields":{"WriterGroupId":"Packaging"}}