{"NodeId":"nsu=http://opcfoundation.org/UA/Plc/Applications;s=SlowRandomUIntScalar1","EndpointUrl":"opc.tcp://localhost:61457/UA/SampleServer","ApplicationUri":"urn:desktop-bgfjs91:OPCFoundation:CoreSampleServer","DisplayName":"nsu=http://opcfoundation.org/UA/Plc/Applications;s=SlowRandomUIntScalar1","Timestamp":"2024-04-26T12:07:52.3120898Z","Value":{"Value":{"Type":7,"Body":3126581353},"SourceTimestamp":"2024-04-26T12:07:50.7810335Z","ServerTimestamp":"2024-04-26T12:07:50.7810342Z"},"SequenceNumber":9,"ExtensionFields":{"WriterGroupId":"Packaging"}}