{"NodeId":"nsu=http://opcfoundation.org/UA/Plc/Applications;s=SpikeData","EndpointUrl":"opc.tcp://localhost:61457/UA/SampleServer","ApplicationUri":"urn:desktop-bgfjs91:OPCFoundation:CoreSampleServer","DisplayName":"nsu=http://opcfoundation.org/UA/Plc/Applications;s=SpikeData","Timestamp":"2024-04-26T12:07:52.5003264Z","Value":{"Value":{"Type":11,"Body":-90.482705246601981},"SourceTimestamp":"2024-04-26T12:07:52.4843852Z","ServerTimestamp":"2024-04-26T12:07:52.4843861Z"},"SequenceNumber":27,"ExtensionFields":{"WriterGroupId":"Packaging"}}