{"NodeId":"nsu=http://opcfoundation.org/UA/Plc/Applications;s=SpikeData","EndpointUrl":"opc.tcp://localhost:61457/UA/SampleServer","ApplicationUri":"urn:desktop-bgfjs91:OPCFoundation:CoreSampleServer","DisplayName":"nsu=http://opcfoundation.org/UA/Plc/Applications;s=SpikeData","Timestamp":"2024-04-26T12:07:53.5053396Z","Value":{"Value":{"Type":11,"Body":12.53332335643041},"SourceTimestamp":"2024-04-26T12:07:53.4893507Z","ServerTimestamp":"2024-04-26T12:07:53.4893566Z"},"SequenceNumber":28,"ExtensionFields":{"WriterGroupId":"Packaging"}}