{"NodeId":"nsu=http://opcfoundation.org/UA/Plc/Applications;s=SlowRandomUIntScalar1","EndpointUrl":"opc.tcp://localhost:61457/UA/SampleServer","ApplicationUri":"urn:desktop-bgfjs91:OPCFoundation:CoreSampleServer","DisplayName":"nsu=http://opcfoundation.org/UA/Plc/Applications;s=SlowRandomUIntScalar1","Timestamp":"2024-04-26T12:08:12.3318728Z","Value":{"Value":{"Type":7,"Body":3221062827},"SourceTimestamp":"2024-04-26T12:08:10.780075Z","ServerTimestamp":"2024-04-26T12:08:10.7800792Z"},"SequenceNumber":17,"ExtensionFields":{"WriterGroupId":"Packaging"}}