{"NodeId":"nsu=http://opcfoundation.org/UA/Plc/Applications;s=SlowRandomUIntScalar2","EndpointUrl":"opc.tcp://localhost:61457/UA/SampleServer","ApplicationUri":"urn:desktop-bgfjs91:OPCFoundation:CoreSampleServer","DisplayName":"nsu=http://opcfoundation.org/UA/Plc/Applications;s=SlowRandomUIntScalar2","Timestamp":"2024-04-26T12:08:12.3318728Z","Value":{"Value":{"Type":7,"Body":747480637},"SourceTimestamp":"2024-04-26T12:08:10.7800806Z","ServerTimestamp":"2024-04-26T12:08:10.7800817Z"},"SequenceNumber":18,"ExtensionFields":{"WriterGroupId":"Packaging"}}