{"NodeId":"nsu=http://opcfoundation.org/UA/Plc/Applications;s=SpikeData","EndpointUrl":"opc.tcp://localhost:61457/UA/SampleServer","ApplicationUri":"urn:desktop-bgfjs91:OPCFoundation:CoreSampleServer","DisplayName":"nsu=http://opcfoundation.org/UA/Plc/Applications;s=SpikeData","Timestamp":"2024-04-26T12:07:30.4740017Z","Value":{"Value":{"Type":11,"Body":58.778525229247315},"SourceTimestamp":"2024-04-26T12:07:30.3790811Z","ServerTimestamp":"2024-04-26T12:07:30.3790819Z"},"SequenceNumber":7,"ExtensionFields":{"WriterGroupId":"Packaging"}}