{"NodeId":"nsu=http://opcfoundation.org/UA/Plc/Applications;s=SlowRandomUIntScalar1","EndpointUrl":"opc.tcp://localhost:61457/UA/SampleServer","ApplicationUri":"urn:desktop-bgfjs91:OPCFoundation:CoreSampleServer","DisplayName":"nsu=http://opcfoundation.org/UA/Plc/Applications;s=SlowRandomUIntScalar1","Timestamp":"2024-04-26T12:08:22.358346Z","Value":{"Value":{"Type":7,"Body":2913805803},"SourceTimestamp":"2024-04-26T12:08:20.7778881Z","ServerTimestamp":"2024-04-26T12:08:20.7778957Z"},"SequenceNumber":21,"ExtensionFields":{"WriterGroupId":"Packaging"}}