{"NodeId":"nsu=http://opcfoundation.org/UA/Plc/Applications;s=SlowRandomUIntScalar3","EndpointUrl":"opc.tcp://localhost:61457/UA/SampleServer","ApplicationUri":"urn:desktop-bgfjs91:OPCFoundation:CoreSampleServer","DisplayName":"nsu=http://opcfoundation.org/UA/Plc/Applications;s=SlowRandomUIntScalar3","Timestamp":"2024-04-26T12:08:22.358346Z","Value":{"Value":{"Type":7,"Body":1296200580},"SourceTimestamp":"2024-04-26T12:08:20.7779013Z","ServerTimestamp":"2024-04-26T12:08:20.7779019Z"},"SequenceNumber":23,"ExtensionFields":{"WriterGroupId":"Packaging"}}