{"NodeId":"nsu=http://opcfoundation.org/UA/Plc/Applications;s=BadSlowRandomUIntScalar1","EndpointUrl":"opc.tcp://localhost:61457/UA/SampleServer","ApplicationUri":"urn:desktop-bgfjs91:OPCFoundation:CoreSampleServer","DisplayName":"nsu=http://opcfoundation.org/UA/Plc/Applications;s=BadSlowRandomUIntScalar1","Timestamp":"2024-04-26T12:08:22.358346Z","Value":{"Value":{"Type":7,"Body":4235033110},"SourceTimestamp":"2024-04-26T12:08:20.777907Z","ServerTimestamp":"2024-04-26T12:08:20.7779073Z"},"SequenceNumber":24,"ExtensionFields":{"WriterGroupId":"Packaging"}}