{"NodeId":"nsu=http://opcfoundation.org/UA/Plc/Applications;s=SpikeData","EndpointUrl":"opc.tcp://localhost:61457/UA/SampleServer","ApplicationUri":"urn:desktop-bgfjs91:OPCFoundation:CoreSampleServer","DisplayName":"nsu=http://opcfoundation.org/UA/Plc/Applications;s=SpikeData","Timestamp":"2024-04-26T12:08:30.4587354Z","Value":{"Value":{"Type":11,"Body":58.778525229247315},"SourceTimestamp":"2024-04-26T12:08:30.379977Z","ServerTimestamp":"2024-04-26T12:08:30.3799778Z"},"SequenceNumber":62,"ExtensionFields":{"WriterGroupId":"Packaging"}}