{"NodeId":"nsu=http://opcfoundation.org/UA/Plc/Applications;s=SlowRandomUIntScalar1","EndpointUrl":"opc.tcp://localhost:61457/UA/SampleServer","ApplicationUri":"urn:desktop-bgfjs91:OPCFoundation:CoreSampleServer","DisplayName":"nsu=http://opcfoundation.org/UA/Plc/Applications;s=SlowRandomUIntScalar1","Timestamp":"2024-04-26T12:08:32.3362109Z","Value":{"Value":{"Type":7,"Body":1953987334},"SourceTimestamp":"2024-04-26T12:08:30.7882918Z","ServerTimestamp":"2024-04-26T12:08:30.7882985Z"},"SequenceNumber":25,"ExtensionFields":{"WriterGroupId":"Packaging"}}