{"MessageId":"5a39dbb0-75aa-4117-8b5a-0727a4dc1f51","MessageType":"ua-data","PublisherId":"DESKTOP-BGFJS91","DataSetWriterGroup":"<<UnknownWriterGroup>>","Messages":[{"SequenceNumber":141,"MetaDataVersion":{"MajorVersion":1},"Timestamp":"2024-04-27T10:55:25.2429582Z","MessageType":"ua-deltaframe","DataSetWriterName":"<<UnknownDataSet>>","Payload":{"ns=23;i=1259":{"Value":-0.67100000000000004,"SourceTimestamp":"2024-04-27T10:55:11.1984619Z","ServerTimestamp":"2024-04-27T10:55:25.1963011Z"},"i=2258":{"Value":"2024-04-27T10:55:25.2118573Z","SourceTimestamp":"2024-04-27T10:55:11.1983234Z","ServerTimestamp":"2024-04-27T10:55:25.2118626Z"}}}]}