{"MessageId":"dd950486-6d87-4af8-85e5-1e9d94037795","MessageType":"ua-data","PublisherId":"DESKTOP-BGFJS91","DataSetWriterGroup":"<<UnknownWriterGroup>>","Messages":[{"SequenceNumber":191,"MetaDataVersion":{"MajorVersion":1},"Timestamp":"2024-04-27T10:55:30.2464973Z","MessageType":"ua-deltaframe","DataSetWriterName":"<<UnknownDataSet>>","Payload":{"ns=23;i=1259":{"Value":-0.80000000000000004,"SourceTimestamp":"2024-04-27T10:55:11.1984619Z","ServerTimestamp":"2024-04-27T10:55:30.1857809Z"},"i=2258":{"Value":"2024-04-27T10:55:30.2006682Z","SourceTimestamp":"2024-04-27T10:55:11.1983234Z","ServerTimestamp":"2024-04-27T10:55:30.2006767Z"}}}]}