{"MessageId":"cbdfeb79-d3b2-4683-a6f2-536339faa377","MessageType":"ua-data","PublisherId":"DESKTOP-BGFJS91","DataSetWriterGroup":"<<UnknownWriterGroup>>","Messages":[{"SequenceNumber":199,"MetaDataVersion":{"MajorVersion":1},"Timestamp":"2024-04-27T10:55:31.1197535Z","MessageType":"ua-deltaframe","DataSetWriterName":"<<UnknownDataSet>>","Payload":{"ns=23;i=1259":{"Value":0,"SourceTimestamp":"2024-04-27T10:55:11.1984619Z","ServerTimestamp":"2024-04-27T10:55:30.9950372Z"}}},{"SequenceNumber":200,"MetaDataVersion":{"MajorVersion":1},"Timestamp":"2024-04-27T10:55:31.1197535Z","MessageType":"ua-deltaframe","DataSetWriterName":"<<UnknownDataSet>>","Payload":{"ns=23;i=1259":{"Value":1,"SourceTimestamp":"2024-04-27T10:55:11.1984619Z","ServerTimestamp":"2024-04-27T10:55:31.0887377Z"}}}]}