{"MessageId":"0a727c10-2724-41a4-8e2e-1ff08f721c29","MessageType":"ua-data","PublisherId":"DESKTOP-BGFJS91","DataSetWriterGroup":"<<UnknownWriterGroup>>","Messages":[{"SequenceNumber":211,"MetaDataVersion":{"MajorVersion":1},"Timestamp":"2024-04-27T10:55:32.2254643Z","MessageType":"ua-deltaframe","DataSetWriterName":"<<UnknownDataSet>>","Payload":{"ns=23;i=1259":{"Value":-1.8900000000000001,"SourceTimestamp":"2024-04-27T10:55:11.1984619Z","ServerTimestamp":"2024-04-27T10:55:32.1943337Z"},"i=2258":{"Value":"2024-04-27T10:55:32.2097461Z","SourceTimestamp":"2024-04-27T10:55:11.1983234Z","ServerTimestamp":"2024-04-27T10:55:32.2097522Z"}}}]}