{"MessageId":"c22028b6-c075-40ee-aeb1-7c7b1db31723","MessageType":"ua-data","PublisherId":"DESKTOP-BGFJS91","DataSetWriterGroup":"<<UnknownWriterGroup>>","Messages":[{"SequenceNumber":221,"MetaDataVersion":{"MajorVersion":1},"Timestamp":"2024-04-27T10:55:33.2164699Z","MessageType":"ua-deltaframe","DataSetWriterName":"<<UnknownDataSet>>","Payload":{"ns=23;i=1259":{"Value":-0.97099999999999997,"SourceTimestamp":"2024-04-27T10:55:11.1984619Z","ServerTimestamp":"2024-04-27T10:55:33.1848678Z"},"i=2258":{"Value":"2024-04-27T10:55:33.2002431Z","SourceTimestamp":"2024-04-27T10:55:11.1983234Z","ServerTimestamp":"2024-04-27T10:55:33.2002474Z"}}}]}