{"MessageId":"11982d12-8b9a-4d1e-83c9-3b96c3c327a1","MessageType":"ua-data","PublisherId":"DESKTOP-BGFJS91","DataSetWriterGroup":"<<UnknownWriterGroup>>","Messages":[{"SequenceNumber":228,"MetaDataVersion":{"MajorVersion":1},"Timestamp":"2024-04-27T10:55:34.0176329Z","MessageType":"ua-deltaframe","DataSetWriterName":"<<UnknownDataSet>>","Payload":{"ns=23;i=1259":{"Value":-0.26400000000000001,"SourceTimestamp":"2024-04-27T10:55:11.1984619Z","ServerTimestamp":"2024-04-27T10:55:33.894458Z"}}},{"SequenceNumber":229,"MetaDataVersion":{"MajorVersion":1},"Timestamp":"2024-04-27T10:55:34.0176329Z","MessageType":"ua-deltaframe","DataSetWriterName":"<<UnknownDataSet>>","Payload":{"ns=23;i=1259":{"Value":-0.16600000000000001,"SourceTimestamp":"2024-04-27T10:55:11.1984619Z","ServerTimestamp":"2024-04-27T10:55:33.9861163Z"}}}]}