{"MessageId":"084bd9b5-ef1b-46d7-9075-bb88f1f73c56","MessageType":"ua-data","PublisherId":"DESKTOP-BGFJS91","DataSetWriterGroup":"<<UnknownWriterGroup>>","Messages":[{"SequenceNumber":251,"MetaDataVersion":{"MajorVersion":1},"Timestamp":"2024-04-27T10:55:36.2445603Z","MessageType":"ua-deltaframe","DataSetWriterName":"<<UnknownDataSet>>","Payload":{"ns=23;i=1259":{"Value":-1.1000000000000001,"SourceTimestamp":"2024-04-27T10:55:11.1984619Z","ServerTimestamp":"2024-04-27T10:55:36.1839686Z"},"i=2258":{"Value":"2024-04-27T10:55:36.1993945Z","SourceTimestamp":"2024-04-27T10:55:11.1983234Z","ServerTimestamp":"2024-04-27T10:55:36.1994012Z"}}}]}