{"MessageId":"f0029ef8-d64a-4ab6-b646-5a41d7e4bee1","MessageType":"ua-data","PublisherId":"DESKTOP-BGFJS91","DataSetWriterGroup":"<<UnknownWriterGroup>>","Messages":[{"SequenceNumber":275,"MetaDataVersion":{"MajorVersion":1},"Timestamp":"2024-04-27T10:55:38.723262Z","MessageType":"ua-deltaframe","DataSetWriterName":"<<UnknownDataSet>>","Payload":{"ns=23;i=1259":{"Value":-0.68800000000000006,"SourceTimestamp":"2024-04-27T10:55:11.1984619Z","ServerTimestamp":"2024-04-27T10:55:38.5958151Z"}}},{"SequenceNumber":276,"MetaDataVersion":{"MajorVersion":1},"Timestamp":"2024-04-27T10:55:38.723262Z","MessageType":"ua-deltaframe","DataSetWriterName":"<<UnknownDataSet>>","Payload":{"ns=23;i=1259":{"Value":-0.58899999999999997,"SourceTimestamp":"2024-04-27T10:55:11.1984619Z","ServerTimestamp":"2024-04-27T10:55:38.6905252Z"}}}]}