{"MessageId":"50f7fe6b-d2ac-4e74-a923-ad2a8024aad0","MessageType":"ua-data","PublisherId":"DESKTOP-BGFJS91","DataSetWriterGroup":"<<UnknownWriterGroup>>","Messages":[{"SequenceNumber":322,"MetaDataVersion":{"MajorVersion":1},"Timestamp":"2024-04-27T10:55:43.2483017Z","MessageType":"ua-deltaframe","DataSetWriterName":"<<UnknownDataSet>>","Payload":{"ns=23;i=1259":{"Value":0.19900000000000001,"SourceTimestamp":"2024-04-27T10:55:11.1984619Z","ServerTimestamp":"2024-04-27T10:55:43.1854202Z"},"i=2258":{"Value":"2024-04-27T10:55:43.2014202Z","SourceTimestamp":"2024-04-27T10:55:11.1983234Z","ServerTimestamp":"2024-04-27T10:55:43.2014259Z"}}}]}