{"MessageId":"51d1152e-50a1-47ea-b736-a35652c09574","MessageType":"ua-data","PublisherId":"DESKTOP-BGFJS91","DataSetWriterGroup":"<<UnknownWriterGroup>>","Messages":[{"SequenceNumber":332,"MetaDataVersion":{"MajorVersion":1},"Timestamp":"2024-04-27T10:55:44.2386174Z","MessageType":"ua-deltaframe","DataSetWriterName":"<<UnknownDataSet>>","Payload":{"ns=23;i=1259":{"Value":-0.30399999999999999,"SourceTimestamp":"2024-04-27T10:55:11.1984619Z","ServerTimestamp":"2024-04-27T10:55:44.192091Z"},"i=2258":{"Value":"2024-04-27T10:55:44.2071912Z","SourceTimestamp":"2024-04-27T10:55:11.1983234Z","ServerTimestamp":"2024-04-27T10:55:44.2071986Z"}}}]}