{"MessageId":"7f373dc6-f19d-4ca9-90c9-47265a80234f","MessageType":"ua-data","PublisherId":"DESKTOP-BGFJS91","DataSetWriterGroup":"<<UnknownWriterGroup>>","Messages":[{"SequenceNumber":361,"MetaDataVersion":{"MajorVersion":1},"Timestamp":"2024-04-27T10:55:47.2183272Z","MessageType":"ua-deltaframe","DataSetWriterName":"<<UnknownDataSet>>","Payload":{"ns=23;i=1259":{"Value":1.6200000000000001,"SourceTimestamp":"2024-04-27T10:55:11.1984619Z","ServerTimestamp":"2024-04-27T10:55:47.0958235Z"},"i=2258":{"Value":"2024-04-27T10:55:47.2024952Z","SourceTimestamp":"2024-04-27T10:55:11.1983234Z","ServerTimestamp":"2024-04-27T10:55:47.2025034Z"}}},{"SequenceNumber":362,"MetaDataVersion":{"MajorVersion":1},"Timestamp":"2024-04-27T10:55:47.2183272Z","MessageType":"ua-deltaframe","DataSetWriterName":"<<UnknownDataSet>>","Payload":{"ns=23;i=1259":{"Value":1.53,"SourceTimestamp":"2024-04-27T10:55:11.1984619Z","ServerTimestamp":"2024-04-27T10:55:47.1872608Z"}}}]}