{"MessageId":"c917ce52-5682-48b4-b869-e4f54a5d3b25","MessageType":"ua-data","PublisherId":"DESKTOP-BGFJS91","DataSetWriterGroup":"<<UnknownWriterGroup>>","Messages":[{"SequenceNumber":374,"MetaDataVersion":{"MajorVersion":1},"Timestamp":"2024-04-27T10:55:48.5190865Z","MessageType":"ua-deltaframe","DataSetWriterName":"<<UnknownDataSet>>","Payload":{"ns=23;i=1259":{"Value":0.39800000000000002,"SourceTimestamp":"2024-04-27T10:55:11.1984619Z","ServerTimestamp":"2024-04-27T10:55:48.3932928Z"}}},{"SequenceNumber":375,"MetaDataVersion":{"MajorVersion":1},"Timestamp":"2024-04-27T10:55:48.5190865Z","MessageType":"ua-deltaframe","DataSetWriterName":"<<UnknownDataSet>>","Payload":{"ns=23;i=1259":{"Value":0.29799999999999999,"SourceTimestamp":"2024-04-27T10:55:11.1984619Z","ServerTimestamp":"2024-04-27T10:55:48.4874059Z"}}}]}