{"MessageId":"22684a0a-8639-468b-9816-7a621c2a459a","MessageType":"ua-data","PublisherId":"DESKTOP-BGFJS91","DataSetWriterGroup":"<<UnknownWriterGroup>>","Messages":[{"SequenceNumber":382,"MetaDataVersion":{"MajorVersion":1},"Timestamp":"2024-04-27T10:55:49.2012644Z","MessageType":"ua-deltaframe","DataSetWriterName":"<<UnknownDataSet>>","Payload":{"ns=23;i=1259":{"Value":-1.6400000000000001,"SourceTimestamp":"2024-04-27T10:55:11.1984619Z","ServerTimestamp":"2024-04-27T10:55:49.1849624Z"},"i=2258":{"Value":"2024-04-27T10:55:49.2006053Z","SourceTimestamp":"2024-04-27T10:55:11.1983234Z","ServerTimestamp":"2024-04-27T10:55:49.200613Z"}}}]}