{"MessageId":"d7607f87-ef81-4add-8327-7e1605bf5d7c","MessageType":"ua-data","PublisherId":"DESKTOP-BGFJS91","DataSetWriterGroup":"<<UnknownWriterGroup>>","Messages":[{"SequenceNumber":405,"MetaDataVersion":{"MajorVersion":1},"Timestamp":"2024-04-27T10:55:51.6203365Z","MessageType":"ua-deltaframe","DataSetWriterName":"<<UnknownDataSet>>","Payload":{"ns=23;i=1259":{"Value":1.4000000000000001,"SourceTimestamp":"2024-04-27T10:55:11.1984619Z","ServerTimestamp":"2024-04-27T10:55:51.4953288Z"}}},{"SequenceNumber":406,"MetaDataVersion":{"MajorVersion":1},"Timestamp":"2024-04-27T10:55:51.6203365Z","MessageType":"ua-deltaframe","DataSetWriterName":"<<UnknownDataSet>>","Payload":{"ns=23;i=1259":{"Value":1.3,"SourceTimestamp":"2024-04-27T10:55:11.1984619Z","ServerTimestamp":"2024-04-27T10:55:51.5877982Z"}}}]}