{"MessageId":"3ad08170-3851-406d-8cd6-cbc1ff21f079","MessageType":"ua-data","PublisherId":"DESKTOP-BGFJS91","DataSetWriterGroup":"<<UnknownWriterGroup>>","Messages":[{"SequenceNumber":459,"MetaDataVersion":{"MajorVersion":1},"Timestamp":"2024-04-27T10:55:57.0225832Z","MessageType":"ua-deltaframe","DataSetWriterName":"<<UnknownDataSet>>","Payload":{"ns=23;i=1259":{"Value":-0.26000000000000001,"SourceTimestamp":"2024-04-27T10:55:11.1984619Z","ServerTimestamp":"2024-04-27T10:55:56.8956122Z"}}},{"SequenceNumber":460,"MetaDataVersion":{"MajorVersion":1},"Timestamp":"2024-04-27T10:55:57.0225832Z","MessageType":"ua-deltaframe","DataSetWriterName":"<<UnknownDataSet>>","Payload":{"ns=23;i=1259":{"Value":-0.161,"SourceTimestamp":"2024-04-27T10:55:11.1984619Z","ServerTimestamp":"2024-04-27T10:55:56.990645Z"}}}]}