{"MessageId":"a44f85f0-fc21-46d0-b1a1-029497135de5","MessageType":"ua-data","PublisherId":"DESKTOP-BGFJS91","DataSetWriterGroup":"<<UnknownWriterGroup>>","Messages":[{"SequenceNumber":462,"MetaDataVersion":{"MajorVersion":1},"Timestamp":"2024-04-27T10:55:57.2113039Z","MessageType":"ua-deltaframe","DataSetWriterName":"<<UnknownDataSet>>","Payload":{"ns=23;i=1259":{"Value":0,"SourceTimestamp":"2024-04-27T10:55:11.1984619Z","ServerTimestamp":"2024-04-27T10:55:57.1950718Z"},"i=2258":{"Value":"2024-04-27T10:55:57.0999605Z","SourceTimestamp":"2024-04-27T10:55:11.1983234Z","ServerTimestamp":"2024-04-27T10:55:57.0999729Z"}}}]}