{"MessageId":"47426382-fd5e-41bb-a874-a8bdd15ea29d","MessageType":"ua-data","PublisherId":"DESKTOP-BGFJS91","DataSetWriterGroup":"<<UnknownWriterGroup>>","Messages":[{"SequenceNumber":492,"MetaDataVersion":{"MajorVersion":1},"Timestamp":"2024-04-27T10:56:00.204668Z","MessageType":"ua-deltaframe","DataSetWriterName":"<<UnknownDataSet>>","Payload":{"ns=23;i=1259":{"Value":0.19700000000000001,"SourceTimestamp":"2024-04-27T10:55:11.1984619Z","ServerTimestamp":"2024-04-27T10:56:00.1894Z"},"i=2258":{"Value":"2024-04-27T10:56:00.1105846Z","SourceTimestamp":"2024-04-27T10:55:11.1983234Z","ServerTimestamp":"2024-04-27T10:56:00.1105908Z"}}}]}