{"MessageId":"64f39ed3-0995-4988-99ef-c247e9ea237e","MessageType":"ua-data","PublisherId":"DESKTOP-BGFJS91","DataSetWriterGroup":"<<UnknownWriterGroup>>","Messages":[{"SequenceNumber":502,"MetaDataVersion":{"MajorVersion":1},"Timestamp":"2024-04-27T10:56:01.1989716Z","MessageType":"ua-deltaframe","DataSetWriterName":"<<UnknownDataSet>>","Payload":{"ns=23;i=1259":{"Value":0.19900000000000001,"SourceTimestamp":"2024-04-27T10:55:11.1984619Z","ServerTimestamp":"2024-04-27T10:56:01.1826246Z"},"i=2258":{"Value":"2024-04-27T10:56:00.204323Z","SourceTimestamp":"2024-04-27T10:55:11.1983234Z","ServerTimestamp":"2024-04-27T10:56:00.2043282Z"}}},{"SequenceNumber":503,"MetaDataVersion":{"MajorVersion":1},"Timestamp":"2024-04-27T10:56:01.1989716Z","MessageType":"ua-deltaframe","DataSetWriterName":"<<UnknownDataSet>>","Payload":{"i=2258":{"Value":"2024-04-27T10:56:01.1051453Z","SourceTimestamp":"2024-04-27T10:55:11.1983234Z","ServerTimestamp":"2024-04-27T10:56:01.105152Z"}}}]}