{"MessageId":"d963fa0a-2bcd-4b86-a69a-dac9cedfcbfc","MessageType":"ua-data","PublisherId":"DESKTOP-BGFJS91","DataSetWriterGroup":"<<UnknownWriterGroup>>","Messages":[{"SequenceNumber":513,"MetaDataVersion":{"MajorVersion":1},"Timestamp":"2024-04-27T10:56:02.2536323Z","MessageType":"ua-deltaframe","DataSetWriterName":"<<UnknownDataSet>>","Payload":{"ns=23;i=1259":{"Value":-1.1799999999999999,"SourceTimestamp":"2024-04-27T10:55:11.1984619Z","ServerTimestamp":"2024-04-27T10:56:02.1916496Z"},"i=2258":{"Value":"2024-04-27T10:56:01.1986367Z","SourceTimestamp":"2024-04-27T10:55:11.1983234Z","ServerTimestamp":"2024-04-27T10:56:01.1986406Z"}}},{"SequenceNumber":514,"MetaDataVersion":{"MajorVersion":1},"Timestamp":"2024-04-27T10:56:02.2536323Z","MessageType":"ua-deltaframe","DataSetWriterName":"<<UnknownDataSet>>","Payload":{"i=2258":{"Value":"2024-04-27T10:56:02.2071461Z","SourceTimestamp":"2024-04-27T10:55:11.1983234Z","ServerTimestamp":"2024-04-27T10:56:02.2071513Z"}}}]}