[{"nsu=http://opcfoundation.org/UA/Plc/Applications;s=StepUp":{"Value":112,"SourceTimestamp":"2024-04-27T17:48:00.0824374Z","ServerTimestamp":"2024-04-27T17:48:00.0824482Z"},"nsu=http://opcfoundation.org/UA/Plc/Applications;s=RandomSignedInt32":{"Value":1861758027,"SourceTimestamp":"2024-04-27T17:48:00.0824717Z","ServerTimestamp":"2024-04-27T17:48:00.0824732Z"},"nsu=http://opcfoundation.org/UA/Plc/Applications;s=RandomUnsignedInt32":{"Value":1969244830,"SourceTimestamp":"2024-04-27T17:48:00.082436Z","ServerTimestamp":"2024-04-27T17:48:00.0824387Z"},"nsu=http://opcfoundation.org/UA/Plc/Applications;s=DipData":{"Value":-98.228725072868855,"SourceTimestamp":"2024-04-27T17:48:00.0824551Z","ServerTimestamp":"2024-04-27T17:48:00.0824565Z"},"nsu=http://opcfoundation.org/UA/Plc/Applications;s=FastUIntScalar1":{"Value":11,"SourceTimestamp":"2024-04-27T17:47:59.8807394Z","ServerTimestamp":"2024-04-27T17:47:59.8807402Z"},"nsu=http://opcfoundation.org/UA/Plc/Applications;s=FastUIntScalar2":{"Value":11,"SourceTimestamp":"2024-04-27T17:47:59.8807422Z","ServerTimestamp":"2024-04-27T17:47:59.8807455Z"},"nsu=http://opcfoundation.org/UA/Plc/Applications;s=FastUIntScalar3":{"Value":11,"SourceTimestamp":"2024-04-27T17:47:59.8807471Z","ServerTimestamp":"2024-04-27T17:47:59.8807521Z"},"nsu=http://opcfoundation.org/UA/Plc/Applications;s=FastRandomUIntScalar1":{"Value":322117709,"SourceTimestamp":"2024-04-27T17:47:59.8807392Z","ServerTimestamp":"2024-04-27T17:47:59.8807473Z"},"nsu=http://opcfoundation.org/UA/Plc/Applications;s=FastRandomUIntScalar2":{"Value":2199882378,"SourceTimestamp":"2024-04-27T17:47:59.8807518Z","ServerTimestamp":"2024-04-27T17:47:59.8807535Z"},"nsu=http://opcfoundation.org/UA/Plc/Applications;s=FastRandomUIntScalar3":{"Value":1879977664,"SourceTimestamp":"2024-04-27T17:47:59.8807547Z","ServerTimestamp":"2024-04-27T17:47:59.8807553Z"},"nsu=http://opcfoundation.org/UA/Plc/Applications;s=SpikeData":{"Value":-98.228725072868855,"SourceTimestamp":"2024-04-27T17:48:00.0824637Z","ServerTimestamp":"2024-04-27T17:48:00.0824646Z"}}]