[{"nsu=http://opcfoundation.org/UA/Plc/Applications;s=StepUp":{"Value":1022,"SourceTimestamp":"2024-04-27T17:49:31.0870747Z","ServerTimestamp":"2024-04-27T17:49:31.0870781Z"},"nsu=http://opcfoundation.org/UA/Plc/Applications;s=RandomSignedInt32":{"Value":86064705,"SourceTimestamp":"2024-04-27T17:49:31.0870946Z","ServerTimestamp":"2024-04-27T17:49:31.0871016Z"},"nsu=http://opcfoundation.org/UA/Plc/Applications;s=RandomUnsignedInt32":{"Value":322945360,"SourceTimestamp":"2024-04-27T17:49:31.0870747Z","ServerTimestamp":"2024-04-27T17:49:31.0871225Z"},"nsu=http://opcfoundation.org/UA/Plc/Applications;s=DipData":{"Value":-48.175367410171539,"SourceTimestamp":"2024-04-27T17:49:31.0871156Z","ServerTimestamp":"2024-04-27T17:49:31.0871168Z"},"nsu=http://opcfoundation.org/UA/Plc/Applications;s=FastUIntScalar1":{"Value":102,"SourceTimestamp":"2024-04-27T17:49:30.8855352Z","ServerTimestamp":"2024-04-27T17:49:30.8855372Z"},"nsu=http://opcfoundation.org/UA/Plc/Applications;s=FastUIntScalar2":{"Value":102,"SourceTimestamp":"2024-04-27T17:49:30.8855386Z","ServerTimestamp":"2024-04-27T17:49:30.8855412Z"},"nsu=http://opcfoundation.org/UA/Plc/Applications;s=FastUIntScalar3":{"Value":102,"SourceTimestamp":"2024-04-27T17:49:30.8855423Z","ServerTimestamp":"2024-04-27T17:49:30.8855436Z"},"nsu=http://opcfoundation.org/UA/Plc/Applications;s=FastRandomUIntScalar1":{"Value":3542890176,"SourceTimestamp":"2024-04-27T17:49:30.8855352Z","ServerTimestamp":"2024-04-27T17:49:30.8855387Z"},"nsu=http://opcfoundation.org/UA/Plc/Applications;s=FastRandomUIntScalar2":{"Value":337817914,"SourceTimestamp":"2024-04-27T17:49:30.8855412Z","ServerTimestamp":"2024-04-27T17:49:30.8855422Z"},"nsu=http://opcfoundation.org/UA/Plc/Applications;s=FastRandomUIntScalar3":{"Value":1817812162,"SourceTimestamp":"2024-04-27T17:49:30.8855434Z","ServerTimestamp":"2024-04-27T17:49:30.8855447Z"},"nsu=http://opcfoundation.org/UA/Plc/Applications;s=SpikeData":{"Value":-48.175367410171539,"SourceTimestamp":"2024-04-27T17:49:31.087117Z","ServerTimestamp":"2024-04-27T17:49:31.0871505Z"}}]