[{"nsu=http://opcfoundation.org/UA/Plc/Applications;s=StepUp":{"Value":1072,"SourceTimestamp":"2024-04-27T17:49:36.0920555Z","ServerTimestamp":"2024-04-27T17:49:36.0920589Z"},"nsu=http://opcfoundation.org/UA/Plc/Applications;s=RandomSignedInt32":{"Value":308340700,"SourceTimestamp":"2024-04-27T17:49:36.0920871Z","ServerTimestamp":"2024-04-27T17:49:36.0920885Z"},"nsu=http://opcfoundation.org/UA/Plc/Applications;s=RandomUnsignedInt32":{"Value":1717713296,"SourceTimestamp":"2024-04-27T17:49:36.092087Z","ServerTimestamp":"2024-04-27T17:49:36.0920939Z"},"nsu=http://opcfoundation.org/UA/Plc/Applications;s=DipData":{"Value":-48.175367410171539,"SourceTimestamp":"2024-04-27T17:49:36.0921232Z","ServerTimestamp":"2024-04-27T17:49:36.0921244Z"},"nsu=http://opcfoundation.org/UA/Plc/Applications;s=FastUIntScalar1":{"Value":107,"SourceTimestamp":"2024-04-27T17:49:35.8867191Z","ServerTimestamp":"2024-04-27T17:49:35.8867216Z"},"nsu=http://opcfoundation.org/UA/Plc/Applications;s=FastUIntScalar2":{"Value":107,"SourceTimestamp":"2024-04-27T17:49:35.8867233Z","ServerTimestamp":"2024-04-27T17:49:35.8867333Z"},"nsu=http://opcfoundation.org/UA/Plc/Applications;s=FastUIntScalar3":{"Value":107,"SourceTimestamp":"2024-04-27T17:49:35.8867351Z","ServerTimestamp":"2024-04-27T17:49:35.8867364Z"},"nsu=http://opcfoundation.org/UA/Plc/Applications;s=FastRandomUIntScalar1":{"Value":2033739607,"SourceTimestamp":"2024-04-27T17:49:35.8867253Z","ServerTimestamp":"2024-04-27T17:49:35.8867289Z"},"nsu=http://opcfoundation.org/UA/Plc/Applications;s=FastRandomUIntScalar2":{"Value":2314197063,"SourceTimestamp":"2024-04-27T17:49:35.8867333Z","ServerTimestamp":"2024-04-27T17:49:35.8867347Z"},"nsu=http://opcfoundation.org/UA/Plc/Applications;s=FastRandomUIntScalar3":{"Value":3959103716,"SourceTimestamp":"2024-04-27T17:49:35.8867361Z","ServerTimestamp":"2024-04-27T17:49:35.8867378Z"},"nsu=http://opcfoundation.org/UA/Plc/Applications;s=SpikeData":{"Value":-48.175367410171539,"SourceTimestamp":"2024-04-27T17:49:36.0921563Z","ServerTimestamp":"2024-04-27T17:49:36.092157Z"}}]