[{"nsu=http://opcfoundation.org/UA/Plc/Applications;s=StepUp":{"Value":1102,"SourceTimestamp":"2024-04-27T17:49:39.0877132Z","ServerTimestamp":"2024-04-27T17:49:39.0877292Z"},"nsu=http://opcfoundation.org/UA/Plc/Applications;s=AlternatingBoolean":{"Value":true,"SourceTimestamp":"2024-04-27T17:49:38.9802431Z","ServerTimestamp":"2024-04-27T17:49:38.9802444Z"},"nsu=http://opcfoundation.org/UA/Plc/Applications;s=RandomSignedInt32":{"Value":-273533255,"SourceTimestamp":"2024-04-27T17:49:39.0877469Z","ServerTimestamp":"2024-04-27T17:49:39.0877491Z"},"nsu=http://opcfoundation.org/UA/Plc/Applications;s=RandomUnsignedInt32":{"Value":472130115,"SourceTimestamp":"2024-04-27T17:49:39.0877132Z","ServerTimestamp":"2024-04-27T17:49:39.0877166Z"},"nsu=http://opcfoundation.org/UA/Plc/Applications;s=DipData":{"Value":-12.533323356430378,"SourceTimestamp":"2024-04-27T17:49:39.0877323Z","ServerTimestamp":"2024-04-27T17:49:39.0877346Z"},"nsu=http://opcfoundation.org/UA/Plc/Applications;s=FastUIntScalar1":{"Value":110,"SourceTimestamp":"2024-04-27T17:49:38.8875305Z","ServerTimestamp":"2024-04-27T17:49:38.8875395Z"},"nsu=http://opcfoundation.org/UA/Plc/Applications;s=FastUIntScalar2":{"Value":110,"SourceTimestamp":"2024-04-27T17:49:38.887543Z","ServerTimestamp":"2024-04-27T17:49:38.8875454Z"},"nsu=http://opcfoundation.org/UA/Plc/Applications;s=FastUIntScalar3":{"Value":110,"SourceTimestamp":"2024-04-27T17:49:38.8875468Z","ServerTimestamp":"2024-04-27T17:49:38.8875491Z"},"nsu=http://opcfoundation.org/UA/Plc/Applications;s=FastRandomUIntScalar1":{"Value":3015933923,"SourceTimestamp":"2024-04-27T17:49:38.8875332Z","ServerTimestamp":"2024-04-27T17:49:38.8875431Z"},"nsu=http://opcfoundation.org/UA/Plc/Applications;s=FastRandomUIntScalar2":{"Value":2905425930,"SourceTimestamp":"2024-04-27T17:49:38.8875452Z","ServerTimestamp":"2024-04-27T17:49:38.887547Z"},"nsu=http://opcfoundation.org/UA/Plc/Applications;s=FastRandomUIntScalar3":{"Value":3165048917,"SourceTimestamp":"2024-04-27T17:49:38.887549Z","ServerTimestamp":"2024-04-27T17:49:38.8875509Z"},"nsu=http://opcfoundation.org/UA/Plc/Applications;s=NegativeTrendData":{"Value":98.599999999999994,"SourceTimestamp":"2024-04-27T17:49:38.9802325Z","ServerTimestamp":"2024-04-27T17:49:38.9802405Z"},"nsu=http://opcfoundation.org/UA/Plc/Applications;s=PositiveTrendData":{"Value":101.8,"SourceTimestamp":"2024-04-27T17:49:38.9802333Z","ServerTimestamp":"2024-04-27T17:49:38.9802377Z"},"nsu=http://opcfoundation.org/UA/Plc/Applications;s=SpikeData":{"Value":-12.533323356430378,"SourceTimestamp":"2024-04-27T17:49:39.0877431Z","ServerTimestamp":"2024-04-27T17:49:39.0877447Z"}}]