[{"nsu=http://opcfoundation.org/UA/Plc/Applications;s=SlowUIntScalar1":{"Value":11,"SourceTimestamp":"2024-04-27T17:49:38.8874342Z","ServerTimestamp":"2024-04-27T17:49:38.8874384Z"},"nsu=http://opcfoundation.org/UA/Plc/Applications;s=SlowUIntScalar2":{"Value":11,"SourceTimestamp":"2024-04-27T17:49:38.8874533Z","ServerTimestamp":"2024-04-27T17:49:38.8874544Z"},"nsu=http://opcfoundation.org/UA/Plc/Applications;s=SlowUIntScalar3":{"Value":11,"SourceTimestamp":"2024-04-27T17:49:38.8874568Z","ServerTimestamp":"2024-04-27T17:49:38.8874577Z"},"nsu=http://opcfoundation.org/UA/Plc/Applications;s=BadSlowUIntScalar1":{"Value":1,"SourceTimestamp":"2024-04-27T17:49:38.8874605Z","ServerTimestamp":"2024-04-27T17:49:38.8874617Z"},"nsu=http://opcfoundation.org/UA/Plc/Applications;s=SlowRandomUIntScalar1":{"Value":1520317976,"SourceTimestamp":"2024-04-27T17:49:38.8875245Z","ServerTimestamp":"2024-04-27T17:49:38.8875297Z"},"nsu=http://opcfoundation.org/UA/Plc/Applications;s=SlowRandomUIntScalar2":{"Value":1007858827,"SourceTimestamp":"2024-04-27T17:49:38.8875395Z","ServerTimestamp":"2024-04-27T17:49:38.8875622Z"},"nsu=http://opcfoundation.org/UA/Plc/Applications;s=SlowRandomUIntScalar3":{"Value":4004005470,"SourceTimestamp":"2024-04-27T17:49:38.8875654Z","ServerTimestamp":"2024-04-27T17:49:38.8875664Z"},"nsu=http://opcfoundation.org/UA/Plc/Applications;s=BadSlowRandomUIntScalar1":{"Value":1255777737,"SourceTimestamp":"2024-04-27T17:49:38.8875691Z","ServerTimestamp":"2024-04-27T17:49:38.8875698Z"}}]