[{"nsu=http://opcfoundation.org/UA/Plc/Applications;s=SlowUIntScalar1":{"Value":1,"SourceTimestamp":"2024-04-27T17:47:58.8893353Z","ServerTimestamp":"2024-04-27T17:47:58.8893388Z"},"nsu=http://opcfoundation.org/UA/Plc/Applications;s=SlowUIntScalar2":{"Value":1,"SourceTimestamp":"2024-04-27T17:47:58.8893541Z","ServerTimestamp":"2024-04-27T17:47:58.8893551Z"},"nsu=http://opcfoundation.org/UA/Plc/Applications;s=SlowUIntScalar3":{"Value":1,"SourceTimestamp":"2024-04-27T17:47:58.8893574Z","ServerTimestamp":"2024-04-27T17:47:58.8893583Z"},"nsu=http://opcfoundation.org/UA/Plc/Applications;s=BadSlowUIntScalar1":{"Value":1,"SourceTimestamp":"2024-04-27T17:47:58.8893606Z","ServerTimestamp":"2024-04-27T17:47:58.8893617Z"},"nsu=http://opcfoundation.org/UA/Plc/Applications;s=SlowRandomUIntScalar1":{"Value":403512371,"SourceTimestamp":"2024-04-27T17:47:58.8894266Z","ServerTimestamp":"2024-04-27T17:47:58.8894273Z"},"nsu=http://opcfoundation.org/UA/Plc/Applications;s=SlowRandomUIntScalar2":{"Value":784748177,"SourceTimestamp":"2024-04-27T17:47:58.8894301Z","ServerTimestamp":"2024-04-27T17:47:58.8894308Z"},"nsu=http://opcfoundation.org/UA/Plc/Applications;s=SlowRandomUIntScalar3":{"Value":2444982320,"SourceTimestamp":"2024-04-27T17:47:58.8894319Z","ServerTimestamp":"2024-04-27T17:47:58.8894399Z"},"nsu=http://opcfoundation.org/UA/Plc/Applications;s=BadSlowRandomUIntScalar1":{"Value":1727787673,"SourceTimestamp":"2024-04-27T17:47:58.8894407Z","ServerTimestamp":"2024-04-27T17:47:58.8894429Z"}}]