[{"nsu=http://opcfoundation.org/UA/Plc/Applications;s=StepUp":{"Value":1121,"SourceTimestamp":"2024-04-27T17:49:40.9902675Z","ServerTimestamp":"2024-04-27T17:49:40.9902704Z"},"nsu=http://opcfoundation.org/UA/Plc/Applications;s=RandomSignedInt32":{"Value":1537598194,"SourceTimestamp":"2024-04-27T17:49:40.9902862Z","ServerTimestamp":"2024-04-27T17:49:40.9902876Z"},"nsu=http://opcfoundation.org/UA/Plc/Applications;s=RandomUnsignedInt32":{"Value":2142958548,"SourceTimestamp":"2024-04-27T17:49:40.9902761Z","ServerTimestamp":"2024-04-27T17:49:40.9902814Z"},"nsu=http://opcfoundation.org/UA/Plc/Applications;s=DipData":{"Value":-58.778525229247336,"SourceTimestamp":"2024-04-27T17:49:40.9902977Z","ServerTimestamp":"2024-04-27T17:49:40.9902984Z"},"nsu=http://opcfoundation.org/UA/Plc/Applications;s=FastUIntScalar1":{"Value":112,"SourceTimestamp":"2024-04-27T17:49:40.8800329Z","ServerTimestamp":"2024-04-27T17:49:40.880051Z"},"nsu=http://opcfoundation.org/UA/Plc/Applications;s=FastUIntScalar2":{"Value":112,"SourceTimestamp":"2024-04-27T17:49:40.8800533Z","ServerTimestamp":"2024-04-27T17:49:40.880054Z"},"nsu=http://opcfoundation.org/UA/Plc/Applications;s=FastUIntScalar3":{"Value":112,"SourceTimestamp":"2024-04-27T17:49:40.8800553Z","ServerTimestamp":"2024-04-27T17:49:40.8800559Z"},"nsu=http://opcfoundation.org/UA/Plc/Applications;s=FastRandomUIntScalar1":{"Value":1486676909,"SourceTimestamp":"2024-04-27T17:49:40.8800393Z","ServerTimestamp":"2024-04-27T17:49:40.8800809Z"},"nsu=http://opcfoundation.org/UA/Plc/Applications;s=FastRandomUIntScalar2":{"Value":2296374013,"SourceTimestamp":"2024-04-27T17:49:40.8800847Z","ServerTimestamp":"2024-04-27T17:49:40.8800916Z"},"nsu=http://opcfoundation.org/UA/Plc/Applications;s=FastRandomUIntScalar3":{"Value":1776603064,"SourceTimestamp":"2024-04-27T17:49:40.8800928Z","ServerTimestamp":"2024-04-27T17:49:40.8800943Z"},"nsu=http://opcfoundation.org/UA/Plc/Applications;s=SpikeData":{"Value":-58.778525229247336,"SourceTimestamp":"2024-04-27T17:49:40.990312Z","ServerTimestamp":"2024-04-27T17:49:40.9903201Z"}}]