[{"nsu=http://opcfoundation.org/UA/Plc/Applications;s=StepUp":{"Value":1132,"SourceTimestamp":"2024-04-27T17:49:42.0870912Z","ServerTimestamp":"2024-04-27T17:49:42.087095Z"},"nsu=http://opcfoundation.org/UA/Plc/Applications;s=RandomSignedInt32":{"Value":-1750713643,"SourceTimestamp":"2024-04-27T17:49:42.0871189Z","ServerTimestamp":"2024-04-27T17:49:42.0871207Z"},"nsu=http://opcfoundation.org/UA/Plc/Applications;s=RandomUnsignedInt32":{"Value":1171590372,"SourceTimestamp":"2024-04-27T17:49:42.0871251Z","ServerTimestamp":"2024-04-27T17:49:42.0871294Z"},"nsu=http://opcfoundation.org/UA/Plc/Applications;s=DipData":{"Value":68.45471059286885,"SourceTimestamp":"2024-04-27T17:49:42.0871288Z","ServerTimestamp":"2024-04-27T17:49:42.0871569Z"},"nsu=http://opcfoundation.org/UA/Plc/Applications;s=FastUIntScalar1":{"Value":113,"SourceTimestamp":"2024-04-27T17:49:41.887273Z","ServerTimestamp":"2024-04-27T17:49:41.8872796Z"},"nsu=http://opcfoundation.org/UA/Plc/Applications;s=FastUIntScalar2":{"Value":113,"SourceTimestamp":"2024-04-27T17:49:41.8872826Z","ServerTimestamp":"2024-04-27T17:49:41.8873633Z"},"nsu=http://opcfoundation.org/UA/Plc/Applications;s=FastUIntScalar3":{"Value":113,"SourceTimestamp":"2024-04-27T17:49:41.8873709Z","ServerTimestamp":"2024-04-27T17:49:41.8873796Z"},"nsu=http://opcfoundation.org/UA/Plc/Applications;s=FastRandomUIntScalar1":{"Value":391088020,"SourceTimestamp":"2024-04-27T17:49:41.887294Z","ServerTimestamp":"2024-04-27T17:49:41.8872998Z"},"nsu=http://opcfoundation.org/UA/Plc/Applications;s=FastRandomUIntScalar2":{"Value":1956317923,"SourceTimestamp":"2024-04-27T17:49:41.8873482Z","ServerTimestamp":"2024-04-27T17:49:41.8873574Z"},"nsu=http://opcfoundation.org/UA/Plc/Applications;s=FastRandomUIntScalar3":{"Value":648844705,"SourceTimestamp":"2024-04-27T17:49:41.8873611Z","ServerTimestamp":"2024-04-27T17:49:41.8873691Z"},"nsu=http://opcfoundation.org/UA/Plc/Applications;s=SpikeData":{"Value":68.45471059286885,"SourceTimestamp":"2024-04-27T17:49:42.0871768Z","ServerTimestamp":"2024-04-27T17:49:42.0871789Z"}}]