[{"nsu=http://opcfoundation.org/UA/Plc/Applications;s=StepUp":{"Value":1142,"SourceTimestamp":"2024-04-27T17:49:43.0919413Z","ServerTimestamp":"2024-04-27T17:49:43.0919448Z"},"nsu=http://opcfoundation.org/UA/Plc/Applications;s=RandomSignedInt32":{"Value":-937084111,"SourceTimestamp":"2024-04-27T17:49:43.0920056Z","ServerTimestamp":"2024-04-27T17:49:43.0920082Z"},"nsu=http://opcfoundation.org/UA/Plc/Applications;s=RandomUnsignedInt32":{"Value":867134765,"SourceTimestamp":"2024-04-27T17:49:43.0919831Z","ServerTimestamp":"2024-04-27T17:49:43.0919843Z"},"nsu=http://opcfoundation.org/UA/Plc/Applications;s=DipData":{"Value":90.482705246601952,"SourceTimestamp":"2024-04-27T17:49:43.0920022Z","ServerTimestamp":"2024-04-27T17:49:43.0920047Z"},"nsu=http://opcfoundation.org/UA/Plc/Applications;s=FastUIntScalar1":{"Value":114,"SourceTimestamp":"2024-04-27T17:49:42.8931566Z","ServerTimestamp":"2024-04-27T17:49:42.8931584Z"},"nsu=http://opcfoundation.org/UA/Plc/Applications;s=FastUIntScalar2":{"Value":114,"SourceTimestamp":"2024-04-27T17:49:42.8931652Z","ServerTimestamp":"2024-04-27T17:49:42.8931661Z"},"nsu=http://opcfoundation.org/UA/Plc/Applications;s=FastUIntScalar3":{"Value":114,"SourceTimestamp":"2024-04-27T17:49:42.8931675Z","ServerTimestamp":"2024-04-27T17:49:42.8931682Z"},"nsu=http://opcfoundation.org/UA/Plc/Applications;s=FastRandomUIntScalar1":{"Value":2865788907,"SourceTimestamp":"2024-04-27T17:49:42.8931581Z","ServerTimestamp":"2024-04-27T17:49:42.8931652Z"},"nsu=http://opcfoundation.org/UA/Plc/Applications;s=FastRandomUIntScalar2":{"Value":3534945978,"SourceTimestamp":"2024-04-27T17:49:42.8931661Z","ServerTimestamp":"2024-04-27T17:49:42.8931673Z"},"nsu=http://opcfoundation.org/UA/Plc/Applications;s=FastRandomUIntScalar3":{"Value":1113239238,"SourceTimestamp":"2024-04-27T17:49:42.8931682Z","ServerTimestamp":"2024-04-27T17:49:42.8931816Z"},"nsu=http://opcfoundation.org/UA/Plc/Applications;s=SpikeData":{"Value":90.482705246601952,"SourceTimestamp":"2024-04-27T17:49:43.0920271Z","ServerTimestamp":"2024-04-27T17:49:43.0920282Z"}}]