[{"nsu=http://opcfoundation.org/UA/Plc/Applications;s=StepUp":{"Value":1181,"SourceTimestamp":"2024-04-27T17:49:46.9866333Z","ServerTimestamp":"2024-04-27T17:49:46.9866364Z"},"nsu=http://opcfoundation.org/UA/Plc/Applications;s=RandomSignedInt32":{"Value":1808185350,"SourceTimestamp":"2024-04-27T17:49:46.9866617Z","ServerTimestamp":"2024-04-27T17:49:46.9866622Z"},"nsu=http://opcfoundation.org/UA/Plc/Applications;s=RandomUnsignedInt32":{"Value":791557141,"SourceTimestamp":"2024-04-27T17:49:46.9866517Z","ServerTimestamp":"2024-04-27T17:49:46.9866532Z"},"nsu=http://opcfoundation.org/UA/Plc/Applications;s=DipData":{"Value":58.778525229247322,"SourceTimestamp":"2024-04-27T17:49:46.9866704Z","ServerTimestamp":"2024-04-27T17:49:46.9866724Z"},"nsu=http://opcfoundation.org/UA/Plc/Applications;s=FastUIntScalar1":{"Value":118,"SourceTimestamp":"2024-04-27T17:49:46.8796815Z","ServerTimestamp":"2024-04-27T17:49:46.8797383Z"},"nsu=http://opcfoundation.org/UA/Plc/Applications;s=FastUIntScalar2":{"Value":118,"SourceTimestamp":"2024-04-27T17:49:46.8797477Z","ServerTimestamp":"2024-04-27T17:49:46.8797486Z"},"nsu=http://opcfoundation.org/UA/Plc/Applications;s=FastUIntScalar3":{"Value":118,"SourceTimestamp":"2024-04-27T17:49:46.8797497Z","ServerTimestamp":"2024-04-27T17:49:46.8797502Z"},"nsu=http://opcfoundation.org/UA/Plc/Applications;s=FastRandomUIntScalar1":{"Value":3212663234,"SourceTimestamp":"2024-04-27T17:49:46.8796884Z","ServerTimestamp":"2024-04-27T17:49:46.8796965Z"},"nsu=http://opcfoundation.org/UA/Plc/Applications;s=FastRandomUIntScalar2":{"Value":2861215433,"SourceTimestamp":"2024-04-27T17:49:46.8797044Z","ServerTimestamp":"2024-04-27T17:49:46.8797052Z"},"nsu=http://opcfoundation.org/UA/Plc/Applications;s=FastRandomUIntScalar3":{"Value":438406525,"SourceTimestamp":"2024-04-27T17:49:46.8797064Z","ServerTimestamp":"2024-04-27T17:49:46.8797079Z"},"nsu=http://opcfoundation.org/UA/Plc/Applications;s=SpikeData":{"Value":58.778525229247322,"SourceTimestamp":"2024-04-27T17:49:46.9866748Z","ServerTimestamp":"2024-04-27T17:49:46.9866753Z"}}]