[{"nsu=http://opcfoundation.org/UA/Plc/Applications;s=StepUp":{"Value":1192,"SourceTimestamp":"2024-04-27T17:49:48.0829495Z","ServerTimestamp":"2024-04-27T17:49:48.0829525Z"},"nsu=http://opcfoundation.org/UA/Plc/Applications;s=RandomSignedInt32":{"Value":-1980303106,"SourceTimestamp":"2024-04-27T17:49:48.0829948Z","ServerTimestamp":"2024-04-27T17:49:48.0829956Z"},"nsu=http://opcfoundation.org/UA/Plc/Applications;s=RandomUnsignedInt32":{"Value":1506480989,"SourceTimestamp":"2024-04-27T17:49:48.0829495Z","ServerTimestamp":"2024-04-27T17:49:48.082981Z"},"nsu=http://opcfoundation.org/UA/Plc/Applications;s=DipData":{"Value":90.482705246601952,"SourceTimestamp":"2024-04-27T17:49:48.0830009Z","ServerTimestamp":"2024-04-27T17:49:48.0830016Z"},"nsu=http://opcfoundation.org/UA/Plc/Applications;s=FastUIntScalar1":{"Value":119,"SourceTimestamp":"2024-04-27T17:49:47.8840283Z","ServerTimestamp":"2024-04-27T17:49:47.8840341Z"},"nsu=http://opcfoundation.org/UA/Plc/Applications;s=FastUIntScalar2":{"Value":119,"SourceTimestamp":"2024-04-27T17:49:47.8840372Z","ServerTimestamp":"2024-04-27T17:49:47.8840478Z"},"nsu=http://opcfoundation.org/UA/Plc/Applications;s=FastUIntScalar3":{"Value":119,"SourceTimestamp":"2024-04-27T17:49:47.8840501Z","ServerTimestamp":"2024-04-27T17:49:47.8840537Z"},"nsu=http://opcfoundation.org/UA/Plc/Applications;s=FastRandomUIntScalar1":{"Value":3296155397,"SourceTimestamp":"2024-04-27T17:49:47.884035Z","ServerTimestamp":"2024-04-27T17:49:47.8840374Z"},"nsu=http://opcfoundation.org/UA/Plc/Applications;s=FastRandomUIntScalar2":{"Value":2810904486,"SourceTimestamp":"2024-04-27T17:49:47.8840475Z","ServerTimestamp":"2024-04-27T17:49:47.8840507Z"},"nsu=http://opcfoundation.org/UA/Plc/Applications;s=FastRandomUIntScalar3":{"Value":3116019925,"SourceTimestamp":"2024-04-27T17:49:47.884053Z","ServerTimestamp":"2024-04-27T17:49:47.8840568Z"},"nsu=http://opcfoundation.org/UA/Plc/Applications;s=SpikeData":{"Value":90.482705246601952,"SourceTimestamp":"2024-04-27T17:49:48.0830095Z","ServerTimestamp":"2024-04-27T17:49:48.08301Z"}}]