[{"nsu=http://opcfoundation.org/UA/Plc/Applications;s=StepUp":{"Value":122,"SourceTimestamp":"2024-04-27T17:48:01.0834001Z","ServerTimestamp":"2024-04-27T17:48:01.0834237Z"},"nsu=http://opcfoundation.org/UA/Plc/Applications;s=RandomSignedInt32":{"Value":1501812881,"SourceTimestamp":"2024-04-27T17:48:01.0834133Z","ServerTimestamp":"2024-04-27T17:48:01.0834184Z"},"nsu=http://opcfoundation.org/UA/Plc/Applications;s=RandomUnsignedInt32":{"Value":1130613595,"SourceTimestamp":"2024-04-27T17:48:01.0833617Z","ServerTimestamp":"2024-04-27T17:48:01.0833655Z"},"nsu=http://opcfoundation.org/UA/Plc/Applications;s=DipData":{"Value":-48.175367410171539,"SourceTimestamp":"2024-04-27T17:48:01.0833923Z","ServerTimestamp":"2024-04-27T17:48:01.0833965Z"},"nsu=http://opcfoundation.org/UA/Plc/Applications;s=FastUIntScalar1":{"Value":12,"SourceTimestamp":"2024-04-27T17:48:00.8793661Z","ServerTimestamp":"2024-04-27T17:48:00.8793677Z"},"nsu=http://opcfoundation.org/UA/Plc/Applications;s=FastUIntScalar2":{"Value":12,"SourceTimestamp":"2024-04-27T17:48:00.8793729Z","ServerTimestamp":"2024-04-27T17:48:00.8793744Z"},"nsu=http://opcfoundation.org/UA/Plc/Applications;s=FastUIntScalar3":{"Value":12,"SourceTimestamp":"2024-04-27T17:48:00.8793757Z","ServerTimestamp":"2024-04-27T17:48:00.8793769Z"},"nsu=http://opcfoundation.org/UA/Plc/Applications;s=FastRandomUIntScalar1":{"Value":3353384987,"SourceTimestamp":"2024-04-27T17:48:00.8793659Z","ServerTimestamp":"2024-04-27T17:48:00.8793726Z"},"nsu=http://opcfoundation.org/UA/Plc/Applications;s=FastRandomUIntScalar2":{"Value":2863944591,"SourceTimestamp":"2024-04-27T17:48:00.8793742Z","ServerTimestamp":"2024-04-27T17:48:00.8793759Z"},"nsu=http://opcfoundation.org/UA/Plc/Applications;s=FastRandomUIntScalar3":{"Value":3912806387,"SourceTimestamp":"2024-04-27T17:48:00.8793768Z","ServerTimestamp":"2024-04-27T17:48:00.8793787Z"},"nsu=http://opcfoundation.org/UA/Plc/Applications;s=SpikeData":{"Value":-48.175367410171539,"SourceTimestamp":"2024-04-27T17:48:01.0834025Z","ServerTimestamp":"2024-04-27T17:48:01.0834091Z"}}]