[{"nsu=http://opcfoundation.org/UA/Plc/Applications;s=SlowUIntScalar1":{"Value":2,"SourceTimestamp":"2024-04-27T17:48:08.8917635Z","ServerTimestamp":"2024-04-27T17:48:08.891767Z"},"nsu=http://opcfoundation.org/UA/Plc/Applications;s=SlowUIntScalar2":{"Value":2,"SourceTimestamp":"2024-04-27T17:48:08.8917768Z","ServerTimestamp":"2024-04-27T17:48:08.8917776Z"},"nsu=http://opcfoundation.org/UA/Plc/Applications;s=SlowUIntScalar3":{"Value":2,"SourceTimestamp":"2024-04-27T17:48:08.8917787Z","ServerTimestamp":"2024-04-27T17:48:08.8917791Z"},"nsu=http://opcfoundation.org/UA/Plc/Applications;s=BadSlowUIntScalar1":{"Value":2,"SourceTimestamp":"2024-04-27T17:48:08.8917802Z","ServerTimestamp":"2024-04-27T17:48:08.8917808Z"},"nsu=http://opcfoundation.org/UA/Plc/Applications;s=SlowRandomUIntScalar1":{"Value":435950139,"SourceTimestamp":"2024-04-27T17:48:08.8918202Z","ServerTimestamp":"2024-04-27T17:48:08.8918223Z"},"nsu=http://opcfoundation.org/UA/Plc/Applications;s=SlowRandomUIntScalar2":{"Value":1456565175,"SourceTimestamp":"2024-04-27T17:48:08.8918296Z","ServerTimestamp":"2024-04-27T17:48:08.891832Z"},"nsu=http://opcfoundation.org/UA/Plc/Applications;s=SlowRandomUIntScalar3":{"Value":3160528275,"SourceTimestamp":"2024-04-27T17:48:08.8918338Z","ServerTimestamp":"2024-04-27T17:48:08.8918375Z"},"nsu=http://opcfoundation.org/UA/Plc/Applications;s=BadSlowRandomUIntScalar1":{"Value":1982515893,"SourceTimestamp":"2024-04-27T17:48:08.8918397Z","ServerTimestamp":"2024-04-27T17:48:08.8918406Z"}}]