[{"nsu=http://opcfoundation.org/UA/Plc/Applications;s=StepUp":{"Value":223,"SourceTimestamp":"2024-04-27T17:48:11.1839171Z","ServerTimestamp":"2024-04-27T17:48:11.1839177Z"},"nsu=http://opcfoundation.org/UA/Plc/Applications;s=RandomSignedInt32":{"Value":-981170976,"SourceTimestamp":"2024-04-27T17:48:11.1839229Z","ServerTimestamp":"2024-04-27T17:48:11.1839232Z"},"nsu=http://opcfoundation.org/UA/Plc/Applications;s=RandomUnsignedInt32":{"Value":999850737,"SourceTimestamp":"2024-04-27T17:48:11.1837942Z","ServerTimestamp":"2024-04-27T17:48:11.1837973Z"},"nsu=http://opcfoundation.org/UA/Plc/Applications;s=DipData":{"Value":-36.812455268467829,"SourceTimestamp":"2024-04-27T17:48:11.1839015Z","ServerTimestamp":"2024-04-27T17:48:11.1839021Z"},"nsu=http://opcfoundation.org/UA/Plc/Applications;s=FastUIntScalar1":{"Value":22,"SourceTimestamp":"2024-04-27T17:48:10.8828747Z","ServerTimestamp":"2024-04-27T17:48:10.8828931Z"},"nsu=http://opcfoundation.org/UA/Plc/Applications;s=FastUIntScalar2":{"Value":22,"SourceTimestamp":"2024-04-27T17:48:10.8829034Z","ServerTimestamp":"2024-04-27T17:48:10.8829042Z"},"nsu=http://opcfoundation.org/UA/Plc/Applications;s=FastUIntScalar3":{"Value":22,"SourceTimestamp":"2024-04-27T17:48:10.8829056Z","ServerTimestamp":"2024-04-27T17:48:10.8829062Z"},"nsu=http://opcfoundation.org/UA/Plc/Applications;s=FastRandomUIntScalar1":{"Value":2965647211,"SourceTimestamp":"2024-04-27T17:48:10.8828752Z","ServerTimestamp":"2024-04-27T17:48:10.8829362Z"},"nsu=http://opcfoundation.org/UA/Plc/Applications;s=FastRandomUIntScalar2":{"Value":1160050876,"SourceTimestamp":"2024-04-27T17:48:10.8829377Z","ServerTimestamp":"2024-04-27T17:48:10.8829382Z"},"nsu=http://opcfoundation.org/UA/Plc/Applications;s=FastRandomUIntScalar3":{"Value":3497440037,"SourceTimestamp":"2024-04-27T17:48:10.8829393Z","ServerTimestamp":"2024-04-27T17:48:10.8829399Z"},"nsu=http://opcfoundation.org/UA/Plc/Applications;s=SpikeData":{"Value":-36.812455268467829,"SourceTimestamp":"2024-04-27T17:48:11.1839147Z","ServerTimestamp":"2024-04-27T17:48:11.1839151Z"}}]