[{"nsu=http://opcfoundation.org/UA/Plc/Applications;s=StepUp":{"Value":242,"SourceTimestamp":"2024-04-27T17:48:13.0873544Z","ServerTimestamp":"2024-04-27T17:48:13.0873595Z"},"nsu=http://opcfoundation.org/UA/Plc/Applications;s=RandomSignedInt32":{"Value":-621250110,"SourceTimestamp":"2024-04-27T17:48:13.0873912Z","ServerTimestamp":"2024-04-27T17:48:13.0874035Z"},"nsu=http://opcfoundation.org/UA/Plc/Applications;s=RandomUnsignedInt32":{"Value":1385667472,"SourceTimestamp":"2024-04-27T17:48:13.0873844Z","ServerTimestamp":"2024-04-27T17:48:13.0873886Z"},"nsu=http://opcfoundation.org/UA/Plc/Applications;s=DipData":{"Value":90.482705246601952,"SourceTimestamp":"2024-04-27T17:48:13.087418Z","ServerTimestamp":"2024-04-27T17:48:13.0874312Z"},"nsu=http://opcfoundation.org/UA/Plc/Applications;s=FastUIntScalar1":{"Value":24,"SourceTimestamp":"2024-04-27T17:48:12.8873099Z","ServerTimestamp":"2024-04-27T17:48:12.8873148Z"},"nsu=http://opcfoundation.org/UA/Plc/Applications;s=FastUIntScalar2":{"Value":24,"SourceTimestamp":"2024-04-27T17:48:12.8873225Z","ServerTimestamp":"2024-04-27T17:48:12.8873233Z"},"nsu=http://opcfoundation.org/UA/Plc/Applications;s=FastUIntScalar3":{"Value":24,"SourceTimestamp":"2024-04-27T17:48:12.8873248Z","ServerTimestamp":"2024-04-27T17:48:12.8873326Z"},"nsu=http://opcfoundation.org/UA/Plc/Applications;s=FastRandomUIntScalar1":{"Value":3652623474,"SourceTimestamp":"2024-04-27T17:48:12.8873041Z","ServerTimestamp":"2024-04-27T17:48:12.8873435Z"},"nsu=http://opcfoundation.org/UA/Plc/Applications;s=FastRandomUIntScalar2":{"Value":2108288665,"SourceTimestamp":"2024-04-27T17:48:12.8873517Z","ServerTimestamp":"2024-04-27T17:48:12.8873591Z"},"nsu=http://opcfoundation.org/UA/Plc/Applications;s=FastRandomUIntScalar3":{"Value":3139369243,"SourceTimestamp":"2024-04-27T17:48:12.8873662Z","ServerTimestamp":"2024-04-27T17:48:12.8873683Z"},"nsu=http://opcfoundation.org/UA/Plc/Applications;s=SpikeData":{"Value":90.482705246601952,"SourceTimestamp":"2024-04-27T17:48:13.0874424Z","ServerTimestamp":"2024-04-27T17:48:13.0874434Z"}}]