[{"nsu=http://opcfoundation.org/UA/Plc/Applications;s=SlowUIntScalar1":{"Value":3,"SourceTimestamp":"2024-04-27T17:48:18.8864052Z","ServerTimestamp":"2024-04-27T17:48:18.8864103Z"},"nsu=http://opcfoundation.org/UA/Plc/Applications;s=SlowUIntScalar2":{"Value":3,"SourceTimestamp":"2024-04-27T17:48:18.8864262Z","ServerTimestamp":"2024-04-27T17:48:18.8864272Z"},"nsu=http://opcfoundation.org/UA/Plc/Applications;s=SlowUIntScalar3":{"Value":3,"SourceTimestamp":"2024-04-27T17:48:18.8864298Z","ServerTimestamp":"2024-04-27T17:48:18.8864308Z"},"nsu=http://opcfoundation.org/UA/Plc/Applications;s=BadSlowUIntScalar1":{"Value":3,"SourceTimestamp":"2024-04-27T17:48:18.8864332Z","ServerTimestamp":"2024-04-27T17:48:18.8864343Z"},"nsu=http://opcfoundation.org/UA/Plc/Applications;s=SlowRandomUIntScalar1":{"Value":1620518525,"SourceTimestamp":"2024-04-27T17:48:18.8864829Z","ServerTimestamp":"2024-04-27T17:48:18.8864835Z"},"nsu=http://opcfoundation.org/UA/Plc/Applications;s=SlowRandomUIntScalar2":{"Value":267777691,"SourceTimestamp":"2024-04-27T17:48:18.8864856Z","ServerTimestamp":"2024-04-27T17:48:18.8864867Z"},"nsu=http://opcfoundation.org/UA/Plc/Applications;s=SlowRandomUIntScalar3":{"Value":1066000315,"SourceTimestamp":"2024-04-27T17:48:18.8864876Z","ServerTimestamp":"2024-04-27T17:48:18.8864894Z"},"nsu=http://opcfoundation.org/UA/Plc/Applications;s=BadSlowRandomUIntScalar1":{"Value":2071316614,"SourceTimestamp":"2024-04-27T17:48:18.8864906Z","ServerTimestamp":"2024-04-27T17:48:18.8864917Z"}}]