[{"nsu=http://opcfoundation.org/UA/Plc/Applications;s=StepUp":{"Value":342,"SourceTimestamp":"2024-04-27T17:48:23.0796145Z","ServerTimestamp":"2024-04-27T17:48:23.0796181Z"},"nsu=http://opcfoundation.org/UA/Plc/Applications;s=RandomSignedInt32":{"Value":-417716564,"SourceTimestamp":"2024-04-27T17:48:23.0796395Z","ServerTimestamp":"2024-04-27T17:48:23.0796403Z"},"nsu=http://opcfoundation.org/UA/Plc/Applications;s=RandomUnsignedInt32":{"Value":2121779661,"SourceTimestamp":"2024-04-27T17:48:23.0796258Z","ServerTimestamp":"2024-04-27T17:48:23.0796295Z"},"nsu=http://opcfoundation.org/UA/Plc/Applications;s=DipData":{"Value":90.482705246601952,"SourceTimestamp":"2024-04-27T17:48:23.0796474Z","ServerTimestamp":"2024-04-27T17:48:23.0796508Z"},"nsu=http://opcfoundation.org/UA/Plc/Applications;s=FastUIntScalar1":{"Value":34,"SourceTimestamp":"2024-04-27T17:48:22.8935871Z","ServerTimestamp":"2024-04-27T17:48:22.8936195Z"},"nsu=http://opcfoundation.org/UA/Plc/Applications;s=FastUIntScalar2":{"Value":34,"SourceTimestamp":"2024-04-27T17:48:22.8936229Z","ServerTimestamp":"2024-04-27T17:48:22.8936323Z"},"nsu=http://opcfoundation.org/UA/Plc/Applications;s=FastUIntScalar3":{"Value":34,"SourceTimestamp":"2024-04-27T17:48:22.8936348Z","ServerTimestamp":"2024-04-27T17:48:22.8936371Z"},"nsu=http://opcfoundation.org/UA/Plc/Applications;s=FastRandomUIntScalar1":{"Value":3147055302,"SourceTimestamp":"2024-04-27T17:48:22.8936065Z","ServerTimestamp":"2024-04-27T17:48:22.8936231Z"},"nsu=http://opcfoundation.org/UA/Plc/Applications;s=FastRandomUIntScalar2":{"Value":1429430303,"SourceTimestamp":"2024-04-27T17:48:22.8936325Z","ServerTimestamp":"2024-04-27T17:48:22.8936344Z"},"nsu=http://opcfoundation.org/UA/Plc/Applications;s=FastRandomUIntScalar3":{"Value":2194997872,"SourceTimestamp":"2024-04-27T17:48:22.893637Z","ServerTimestamp":"2024-04-27T17:48:22.8936387Z"},"nsu=http://opcfoundation.org/UA/Plc/Applications;s=SpikeData":{"Value":90.482705246601952,"SourceTimestamp":"2024-04-27T17:48:23.0796537Z","ServerTimestamp":"2024-04-27T17:48:23.0796544Z"}}]