[{"nsu=http://opcfoundation.org/UA/Plc/Applications;s=StepUp":{"Value":372,"SourceTimestamp":"2024-04-27T17:48:26.0806138Z","ServerTimestamp":"2024-04-27T17:48:26.0806167Z"},"nsu=http://opcfoundation.org/UA/Plc/Applications;s=RandomSignedInt32":{"Value":-899926990,"SourceTimestamp":"2024-04-27T17:48:26.0806335Z","ServerTimestamp":"2024-04-27T17:48:26.0806357Z"},"nsu=http://opcfoundation.org/UA/Plc/Applications;s=RandomUnsignedInt32":{"Value":1659533114,"SourceTimestamp":"2024-04-27T17:48:26.0806144Z","ServerTimestamp":"2024-04-27T17:48:26.0806602Z"},"nsu=http://opcfoundation.org/UA/Plc/Applications;s=DipData":{"Value":-48.175367410171539,"SourceTimestamp":"2024-04-27T17:48:26.0806452Z","ServerTimestamp":"2024-04-27T17:48:26.0806459Z"},"nsu=http://opcfoundation.org/UA/Plc/Applications;s=FastUIntScalar1":{"Value":37,"SourceTimestamp":"2024-04-27T17:48:25.8792711Z","ServerTimestamp":"2024-04-27T17:48:25.8792734Z"},"nsu=http://opcfoundation.org/UA/Plc/Applications;s=FastUIntScalar2":{"Value":37,"SourceTimestamp":"2024-04-27T17:48:25.8792771Z","ServerTimestamp":"2024-04-27T17:48:25.8793004Z"},"nsu=http://opcfoundation.org/UA/Plc/Applications;s=FastUIntScalar3":{"Value":37,"SourceTimestamp":"2024-04-27T17:48:25.8793032Z","ServerTimestamp":"2024-04-27T17:48:25.8793043Z"},"nsu=http://opcfoundation.org/UA/Plc/Applications;s=FastRandomUIntScalar1":{"Value":3910281857,"SourceTimestamp":"2024-04-27T17:48:25.8792654Z","ServerTimestamp":"2024-04-27T17:48:25.8792678Z"},"nsu=http://opcfoundation.org/UA/Plc/Applications;s=FastRandomUIntScalar2":{"Value":2332287539,"SourceTimestamp":"2024-04-27T17:48:25.8792719Z","ServerTimestamp":"2024-04-27T17:48:25.8792774Z"},"nsu=http://opcfoundation.org/UA/Plc/Applications;s=FastRandomUIntScalar3":{"Value":1614050942,"SourceTimestamp":"2024-04-27T17:48:25.8792798Z","ServerTimestamp":"2024-04-27T17:48:25.8792809Z"},"nsu=http://opcfoundation.org/UA/Plc/Applications;s=SpikeData":{"Value":-48.175367410171539,"SourceTimestamp":"2024-04-27T17:48:26.08065Z","ServerTimestamp":"2024-04-27T17:48:26.0806506Z"}}]