[{"nsu=http://opcfoundation.org/UA/Plc/Applications;s=StepUp":{"Value":382,"SourceTimestamp":"2024-04-27T17:48:27.083168Z","ServerTimestamp":"2024-04-27T17:48:27.0831725Z"},"nsu=http://opcfoundation.org/UA/Plc/Applications;s=RandomSignedInt32":{"Value":-1461841844,"SourceTimestamp":"2024-04-27T17:48:27.0832005Z","ServerTimestamp":"2024-04-27T17:48:27.0832014Z"},"nsu=http://opcfoundation.org/UA/Plc/Applications;s=RandomUnsignedInt32":{"Value":703247086,"SourceTimestamp":"2024-04-27T17:48:27.0831827Z","ServerTimestamp":"2024-04-27T17:48:27.0831896Z"},"nsu=http://opcfoundation.org/UA/Plc/Applications;s=DipData":{"Value":68.45471059286885,"SourceTimestamp":"2024-04-27T17:48:27.0832105Z","ServerTimestamp":"2024-04-27T17:48:27.0832133Z"},"nsu=http://opcfoundation.org/UA/Plc/Applications;s=FastUIntScalar1":{"Value":38,"SourceTimestamp":"2024-04-27T17:48:26.8808269Z","ServerTimestamp":"2024-04-27T17:48:26.8808289Z"},"nsu=http://opcfoundation.org/UA/Plc/Applications;s=FastUIntScalar2":{"Value":38,"SourceTimestamp":"2024-04-27T17:48:26.8808332Z","ServerTimestamp":"2024-04-27T17:48:26.8808347Z"},"nsu=http://opcfoundation.org/UA/Plc/Applications;s=FastUIntScalar3":{"Value":38,"SourceTimestamp":"2024-04-27T17:48:26.8808361Z","ServerTimestamp":"2024-04-27T17:48:26.8808373Z"},"nsu=http://opcfoundation.org/UA/Plc/Applications;s=FastRandomUIntScalar1":{"Value":1164427535,"SourceTimestamp":"2024-04-27T17:48:26.8808225Z","ServerTimestamp":"2024-04-27T17:48:26.8808237Z"},"nsu=http://opcfoundation.org/UA/Plc/Applications;s=FastRandomUIntScalar2":{"Value":1940632327,"SourceTimestamp":"2024-04-27T17:48:26.8808286Z","ServerTimestamp":"2024-04-27T17:48:26.8808331Z"},"nsu=http://opcfoundation.org/UA/Plc/Applications;s=FastRandomUIntScalar3":{"Value":2212588357,"SourceTimestamp":"2024-04-27T17:48:26.8808346Z","ServerTimestamp":"2024-04-27T17:48:26.880836Z"},"nsu=http://opcfoundation.org/UA/Plc/Applications;s=SpikeData":{"Value":68.45471059286885,"SourceTimestamp":"2024-04-27T17:48:27.0832188Z","ServerTimestamp":"2024-04-27T17:48:27.0833027Z"}}]