[{"nsu=http://opcfoundation.org/UA/Plc/Applications;s=StepUp":{"Value":402,"SourceTimestamp":"2024-04-27T17:48:29.0821071Z","ServerTimestamp":"2024-04-27T17:48:29.0821103Z"},"nsu=http://opcfoundation.org/UA/Plc/Applications;s=AlternatingBoolean":{"Value":true,"SourceTimestamp":"2024-04-27T17:48:28.9871892Z","ServerTimestamp":"2024-04-27T17:48:28.9871902Z"},"nsu=http://opcfoundation.org/UA/Plc/Applications;s=RandomSignedInt32":{"Value":-387146731,"SourceTimestamp":"2024-04-27T17:48:29.0821348Z","ServerTimestamp":"2024-04-27T17:48:29.0821373Z"},"nsu=http://opcfoundation.org/UA/Plc/Applications;s=RandomUnsignedInt32":{"Value":260677078,"SourceTimestamp":"2024-04-27T17:48:29.0821248Z","ServerTimestamp":"2024-04-27T17:48:29.0821319Z"},"nsu=http://opcfoundation.org/UA/Plc/Applications;s=DipData":{"Value":-12.533323356430378,"SourceTimestamp":"2024-04-27T17:48:29.0821416Z","ServerTimestamp":"2024-04-27T17:48:29.0821741Z"},"nsu=http://opcfoundation.org/UA/Plc/Applications;s=FastUIntScalar1":{"Value":40,"SourceTimestamp":"2024-04-27T17:48:28.8789275Z","ServerTimestamp":"2024-04-27T17:48:28.8789294Z"},"nsu=http://opcfoundation.org/UA/Plc/Applications;s=FastUIntScalar2":{"Value":40,"SourceTimestamp":"2024-04-27T17:48:28.8789342Z","ServerTimestamp":"2024-04-27T17:48:28.8789377Z"},"nsu=http://opcfoundation.org/UA/Plc/Applications;s=FastUIntScalar3":{"Value":40,"SourceTimestamp":"2024-04-27T17:48:28.8789399Z","ServerTimestamp":"2024-04-27T17:48:28.8789405Z"},"nsu=http://opcfoundation.org/UA/Plc/Applications;s=FastRandomUIntScalar1":{"Value":2363225313,"SourceTimestamp":"2024-04-27T17:48:28.8789179Z","ServerTimestamp":"2024-04-27T17:48:28.8789277Z"},"nsu=http://opcfoundation.org/UA/Plc/Applications;s=FastRandomUIntScalar2":{"Value":2816218258,"SourceTimestamp":"2024-04-27T17:48:28.878929Z","ServerTimestamp":"2024-04-27T17:48:28.8789341Z"},"nsu=http://opcfoundation.org/UA/Plc/Applications;s=FastRandomUIntScalar3":{"Value":1852077364,"SourceTimestamp":"2024-04-27T17:48:28.8789352Z","ServerTimestamp":"2024-04-27T17:48:28.8789358Z"},"nsu=http://opcfoundation.org/UA/Plc/Applications;s=PositiveTrendData":{"Value":100.40000000000001,"SourceTimestamp":"2024-04-27T17:48:28.9871854Z","ServerTimestamp":"2024-04-27T17:48:28.9871866Z"},"nsu=http://opcfoundation.org/UA/Plc/Applications;s=SpikeData":{"Value":-12.533323356430378,"SourceTimestamp":"2024-04-27T17:48:29.0821502Z","ServerTimestamp":"2024-04-27T17:48:29.082159Z"}}]