[{"nsu=http://opcfoundation.org/UA/Plc/Applications;s=StepUp":{"Value":452,"SourceTimestamp":"2024-04-27T17:48:34.0855246Z","ServerTimestamp":"2024-04-27T17:48:34.0855493Z"},"nsu=http://opcfoundation.org/UA/Plc/Applications;s=AlternatingBoolean":{"Value":false,"SourceTimestamp":"2024-04-27T17:48:33.9921126Z","ServerTimestamp":"2024-04-27T17:48:33.9921137Z"},"nsu=http://opcfoundation.org/UA/Plc/Applications;s=RandomSignedInt32":{"Value":1977399954,"SourceTimestamp":"2024-04-27T17:48:34.0855786Z","ServerTimestamp":"2024-04-27T17:48:34.0855807Z"},"nsu=http://opcfoundation.org/UA/Plc/Applications;s=RandomUnsignedInt32":{"Value":1183254511,"SourceTimestamp":"2024-04-27T17:48:34.0855217Z","ServerTimestamp":"2024-04-27T17:48:34.0855256Z"},"nsu=http://opcfoundation.org/UA/Plc/Applications;s=DipData":{"Value":-12.533323356430378,"SourceTimestamp":"2024-04-27T17:48:34.0855668Z","ServerTimestamp":"2024-04-27T17:48:34.0855674Z"},"nsu=http://opcfoundation.org/UA/Plc/Applications;s=FastUIntScalar1":{"Value":45,"SourceTimestamp":"2024-04-27T17:48:33.8843834Z","ServerTimestamp":"2024-04-27T17:48:33.8843862Z"},"nsu=http://opcfoundation.org/UA/Plc/Applications;s=FastUIntScalar2":{"Value":45,"SourceTimestamp":"2024-04-27T17:48:33.8843971Z","ServerTimestamp":"2024-04-27T17:48:33.8844007Z"},"nsu=http://opcfoundation.org/UA/Plc/Applications;s=FastUIntScalar3":{"Value":45,"SourceTimestamp":"2024-04-27T17:48:33.8844036Z","ServerTimestamp":"2024-04-27T17:48:33.8844108Z"},"nsu=http://opcfoundation.org/UA/Plc/Applications;s=FastRandomUIntScalar1":{"Value":3687073714,"SourceTimestamp":"2024-04-27T17:48:33.8843658Z","ServerTimestamp":"2024-04-27T17:48:33.8843721Z"},"nsu=http://opcfoundation.org/UA/Plc/Applications;s=FastRandomUIntScalar2":{"Value":1474203569,"SourceTimestamp":"2024-04-27T17:48:33.8843749Z","ServerTimestamp":"2024-04-27T17:48:33.8843971Z"},"nsu=http://opcfoundation.org/UA/Plc/Applications;s=FastRandomUIntScalar3":{"Value":2408179589,"SourceTimestamp":"2024-04-27T17:48:33.884401Z","ServerTimestamp":"2024-04-27T17:48:33.8844037Z"},"nsu=http://opcfoundation.org/UA/Plc/Applications;s=NegativeTrendData":{"Value":99.900000000000006,"SourceTimestamp":"2024-04-27T17:48:33.9921017Z","ServerTimestamp":"2024-04-27T17:48:33.9921167Z"},"nsu=http://opcfoundation.org/UA/Plc/Applications;s=PositiveTrendData":{"Value":100.5,"SourceTimestamp":"2024-04-27T17:48:33.9921059Z","ServerTimestamp":"2024-04-27T17:48:33.9921072Z"},"nsu=http://opcfoundation.org/UA/Plc/Applications;s=SpikeData":{"Value":-12.533323356430378,"SourceTimestamp":"2024-04-27T17:48:34.0855784Z","ServerTimestamp":"2024-04-27T17:48:34.0855791Z"}}]