[{"nsu=http://opcfoundation.org/UA/Plc/Applications;s=StepUp":{"Value":462,"SourceTimestamp":"2024-04-27T17:48:35.0794302Z","ServerTimestamp":"2024-04-27T17:48:35.0794413Z"},"nsu=http://opcfoundation.org/UA/Plc/Applications;s=RandomSignedInt32":{"Value":-1297959806,"SourceTimestamp":"2024-04-27T17:48:35.079489Z","ServerTimestamp":"2024-04-27T17:48:35.0794909Z"},"nsu=http://opcfoundation.org/UA/Plc/Applications;s=RandomUnsignedInt32":{"Value":435628,"SourceTimestamp":"2024-04-27T17:48:35.079417Z","ServerTimestamp":"2024-04-27T17:48:35.0794222Z"},"nsu=http://opcfoundation.org/UA/Plc/Applications;s=DipData":{"Value":-98.228725072868855,"SourceTimestamp":"2024-04-27T17:48:35.0794641Z","ServerTimestamp":"2024-04-27T17:48:35.0794655Z"},"nsu=http://opcfoundation.org/UA/Plc/Applications;s=FastUIntScalar1":{"Value":46,"SourceTimestamp":"2024-04-27T17:48:34.8938136Z","ServerTimestamp":"2024-04-27T17:48:34.8938151Z"},"nsu=http://opcfoundation.org/UA/Plc/Applications;s=FastUIntScalar2":{"Value":46,"SourceTimestamp":"2024-04-27T17:48:34.893821Z","ServerTimestamp":"2024-04-27T17:48:34.8938276Z"},"nsu=http://opcfoundation.org/UA/Plc/Applications;s=FastUIntScalar3":{"Value":46,"SourceTimestamp":"2024-04-27T17:48:34.8938302Z","ServerTimestamp":"2024-04-27T17:48:34.8938327Z"},"nsu=http://opcfoundation.org/UA/Plc/Applications;s=FastRandomUIntScalar1":{"Value":1200120592,"SourceTimestamp":"2024-04-27T17:48:34.893818Z","ServerTimestamp":"2024-04-27T17:48:34.8938211Z"},"nsu=http://opcfoundation.org/UA/Plc/Applications;s=FastRandomUIntScalar2":{"Value":2449551696,"SourceTimestamp":"2024-04-27T17:48:34.8938277Z","ServerTimestamp":"2024-04-27T17:48:34.8938303Z"},"nsu=http://opcfoundation.org/UA/Plc/Applications;s=FastRandomUIntScalar3":{"Value":1501586264,"SourceTimestamp":"2024-04-27T17:48:34.8938326Z","ServerTimestamp":"2024-04-27T17:48:34.8938349Z"},"nsu=http://opcfoundation.org/UA/Plc/Applications;s=SpikeData":{"Value":1000,"SourceTimestamp":"2024-04-27T17:48:35.0794748Z","ServerTimestamp":"2024-04-27T17:48:35.0794826Z"}}]