[{"nsu=http://opcfoundation.org/UA/Plc/Applications;s=StepUp":{"Value":492,"SourceTimestamp":"2024-04-27T17:48:38.0920643Z","ServerTimestamp":"2024-04-27T17:48:38.0920676Z"},"nsu=http://opcfoundation.org/UA/Plc/Applications;s=RandomSignedInt32":{"Value":-567505267,"SourceTimestamp":"2024-04-27T17:48:38.0920951Z","ServerTimestamp":"2024-04-27T17:48:38.0921076Z"},"nsu=http://opcfoundation.org/UA/Plc/Applications;s=RandomUnsignedInt32":{"Value":727347947,"SourceTimestamp":"2024-04-27T17:48:38.0920892Z","ServerTimestamp":"2024-04-27T17:48:38.0920932Z"},"nsu=http://opcfoundation.org/UA/Plc/Applications;s=DipData":{"Value":90.482705246601952,"SourceTimestamp":"2024-04-27T17:48:38.0921214Z","ServerTimestamp":"2024-04-27T17:48:38.092125Z"},"nsu=http://opcfoundation.org/UA/Plc/Applications;s=FastUIntScalar1":{"Value":49,"SourceTimestamp":"2024-04-27T17:48:37.8899468Z","ServerTimestamp":"2024-04-27T17:48:37.8899779Z"},"nsu=http://opcfoundation.org/UA/Plc/Applications;s=FastUIntScalar2":{"Value":49,"SourceTimestamp":"2024-04-27T17:48:37.8900138Z","ServerTimestamp":"2024-04-27T17:48:37.8900156Z"},"nsu=http://opcfoundation.org/UA/Plc/Applications;s=FastUIntScalar3":{"Value":49,"SourceTimestamp":"2024-04-27T17:48:37.8900181Z","ServerTimestamp":"2024-04-27T17:48:37.8900496Z"},"nsu=http://opcfoundation.org/UA/Plc/Applications;s=FastRandomUIntScalar1":{"Value":1090511150,"SourceTimestamp":"2024-04-27T17:48:37.8899471Z","ServerTimestamp":"2024-04-27T17:48:37.8899738Z"},"nsu=http://opcfoundation.org/UA/Plc/Applications;s=FastRandomUIntScalar2":{"Value":4213096037,"SourceTimestamp":"2024-04-27T17:48:37.8899771Z","ServerTimestamp":"2024-04-27T17:48:37.8900185Z"},"nsu=http://opcfoundation.org/UA/Plc/Applications;s=FastRandomUIntScalar3":{"Value":1709958656,"SourceTimestamp":"2024-04-27T17:48:37.890021Z","ServerTimestamp":"2024-04-27T17:48:37.8900316Z"},"nsu=http://opcfoundation.org/UA/Plc/Applications;s=SpikeData":{"Value":90.482705246601952,"SourceTimestamp":"2024-04-27T17:48:38.0921489Z","ServerTimestamp":"2024-04-27T17:48:38.0921517Z"}}]