[{"nsu=http://opcfoundation.org/UA/Plc/Applications;s=StepUp":{"Value":512,"SourceTimestamp":"2024-04-27T17:48:40.0792056Z","ServerTimestamp":"2024-04-27T17:48:40.0792172Z"},"nsu=http://opcfoundation.org/UA/Plc/Applications;s=RandomSignedInt32":{"Value":-2096267281,"SourceTimestamp":"2024-04-27T17:48:40.0792298Z","ServerTimestamp":"2024-04-27T17:48:40.0792352Z"},"nsu=http://opcfoundation.org/UA/Plc/Applications;s=RandomUnsignedInt32":{"Value":1427229555,"SourceTimestamp":"2024-04-27T17:48:40.0792013Z","ServerTimestamp":"2024-04-27T17:48:40.0792046Z"},"nsu=http://opcfoundation.org/UA/Plc/Applications;s=DipData":{"Value":-98.228725072868855,"SourceTimestamp":"2024-04-27T17:48:40.0792165Z","ServerTimestamp":"2024-04-27T17:48:40.0792232Z"},"nsu=http://opcfoundation.org/UA/Plc/Applications;s=FastUIntScalar1":{"Value":51,"SourceTimestamp":"2024-04-27T17:48:39.8801945Z","ServerTimestamp":"2024-04-27T17:48:39.8802008Z"},"nsu=http://opcfoundation.org/UA/Plc/Applications;s=FastUIntScalar2":{"Value":51,"SourceTimestamp":"2024-04-27T17:48:39.8802028Z","ServerTimestamp":"2024-04-27T17:48:39.8802033Z"},"nsu=http://opcfoundation.org/UA/Plc/Applications;s=FastUIntScalar3":{"Value":51,"SourceTimestamp":"2024-04-27T17:48:39.8802044Z","ServerTimestamp":"2024-04-27T17:48:39.8802051Z"},"nsu=http://opcfoundation.org/UA/Plc/Applications;s=FastRandomUIntScalar1":{"Value":1089193907,"SourceTimestamp":"2024-04-27T17:48:39.8802057Z","ServerTimestamp":"2024-04-27T17:48:39.880207Z"},"nsu=http://opcfoundation.org/UA/Plc/Applications;s=FastRandomUIntScalar2":{"Value":616015879,"SourceTimestamp":"2024-04-27T17:48:39.8802127Z","ServerTimestamp":"2024-04-27T17:48:39.8802142Z"},"nsu=http://opcfoundation.org/UA/Plc/Applications;s=FastRandomUIntScalar3":{"Value":2567522975,"SourceTimestamp":"2024-04-27T17:48:39.8802155Z","ServerTimestamp":"2024-04-27T17:48:39.8802161Z"},"nsu=http://opcfoundation.org/UA/Plc/Applications;s=SpikeData":{"Value":-98.228725072868855,"SourceTimestamp":"2024-04-27T17:48:40.0792276Z","ServerTimestamp":"2024-04-27T17:48:40.0792308Z"}}]