[{"nsu=http://opcfoundation.org/UA/Plc/Applications;s=StepUp":{"Value":572,"SourceTimestamp":"2024-04-27T17:48:46.0839947Z","ServerTimestamp":"2024-04-27T17:48:46.0839977Z"},"nsu=http://opcfoundation.org/UA/Plc/Applications;s=RandomSignedInt32":{"Value":-66597981,"SourceTimestamp":"2024-04-27T17:48:46.084021Z","ServerTimestamp":"2024-04-27T17:48:46.0840217Z"},"nsu=http://opcfoundation.org/UA/Plc/Applications;s=RandomUnsignedInt32":{"Value":1419640066,"SourceTimestamp":"2024-04-27T17:48:46.0839995Z","ServerTimestamp":"2024-04-27T17:48:46.0840299Z"},"nsu=http://opcfoundation.org/UA/Plc/Applications;s=DipData":{"Value":-48.175367410171539,"SourceTimestamp":"2024-04-27T17:48:46.0840301Z","ServerTimestamp":"2024-04-27T17:48:46.084035Z"},"nsu=http://opcfoundation.org/UA/Plc/Applications;s=FastUIntScalar1":{"Value":57,"SourceTimestamp":"2024-04-27T17:48:45.8860824Z","ServerTimestamp":"2024-04-27T17:48:45.8862134Z"},"nsu=http://opcfoundation.org/UA/Plc/Applications;s=FastUIntScalar2":{"Value":57,"SourceTimestamp":"2024-04-27T17:48:45.8862262Z","ServerTimestamp":"2024-04-27T17:48:45.8862286Z"},"nsu=http://opcfoundation.org/UA/Plc/Applications;s=FastUIntScalar3":{"Value":57,"SourceTimestamp":"2024-04-27T17:48:45.8862315Z","ServerTimestamp":"2024-04-27T17:48:45.8862325Z"},"nsu=http://opcfoundation.org/UA/Plc/Applications;s=FastRandomUIntScalar1":{"Value":1033621041,"SourceTimestamp":"2024-04-27T17:48:45.8860784Z","ServerTimestamp":"2024-04-27T17:48:45.8861398Z"},"nsu=http://opcfoundation.org/UA/Plc/Applications;s=FastRandomUIntScalar2":{"Value":1630465098,"SourceTimestamp":"2024-04-27T17:48:45.886155Z","ServerTimestamp":"2024-04-27T17:48:45.8861781Z"},"nsu=http://opcfoundation.org/UA/Plc/Applications;s=FastRandomUIntScalar3":{"Value":2977963728,"SourceTimestamp":"2024-04-27T17:48:45.8861894Z","ServerTimestamp":"2024-04-27T17:48:45.8861905Z"},"nsu=http://opcfoundation.org/UA/Plc/Applications;s=SpikeData":{"Value":-48.175367410171539,"SourceTimestamp":"2024-04-27T17:48:46.0840425Z","ServerTimestamp":"2024-04-27T17:48:46.0840433Z"}}]