[{"nsu=http://opcfoundation.org/UA/Plc/Applications;s=StepUp":{"Value":592,"SourceTimestamp":"2024-04-27T17:48:48.0829746Z","ServerTimestamp":"2024-04-27T17:48:48.0829792Z"},"nsu=http://opcfoundation.org/UA/Plc/Applications;s=RandomSignedInt32":{"Value":-1452461091,"SourceTimestamp":"2024-04-27T17:48:48.0829697Z","ServerTimestamp":"2024-04-27T17:48:48.0829938Z"},"nsu=http://opcfoundation.org/UA/Plc/Applications;s=RandomUnsignedInt32":{"Value":1181407830,"SourceTimestamp":"2024-04-27T17:48:48.0829629Z","ServerTimestamp":"2024-04-27T17:48:48.0829711Z"},"nsu=http://opcfoundation.org/UA/Plc/Applications;s=DipData":{"Value":-1000,"SourceTimestamp":"2024-04-27T17:48:48.0829871Z","ServerTimestamp":"2024-04-27T17:48:48.0829974Z"},"nsu=http://opcfoundation.org/UA/Plc/Applications;s=FastUIntScalar1":{"Value":59,"SourceTimestamp":"2024-04-27T17:48:47.8814294Z","ServerTimestamp":"2024-04-27T17:48:47.8814335Z"},"nsu=http://opcfoundation.org/UA/Plc/Applications;s=FastUIntScalar2":{"Value":59,"SourceTimestamp":"2024-04-27T17:48:47.8814382Z","ServerTimestamp":"2024-04-27T17:48:47.881443Z"},"nsu=http://opcfoundation.org/UA/Plc/Applications;s=FastUIntScalar3":{"Value":59,"SourceTimestamp":"2024-04-27T17:48:47.8814443Z","ServerTimestamp":"2024-04-27T17:48:47.8814454Z"},"nsu=http://opcfoundation.org/UA/Plc/Applications;s=FastRandomUIntScalar1":{"Value":2436555457,"SourceTimestamp":"2024-04-27T17:48:47.8814345Z","ServerTimestamp":"2024-04-27T17:48:47.8814381Z"},"nsu=http://opcfoundation.org/UA/Plc/Applications;s=FastRandomUIntScalar2":{"Value":3375108174,"SourceTimestamp":"2024-04-27T17:48:47.881443Z","ServerTimestamp":"2024-04-27T17:48:47.8814443Z"},"nsu=http://opcfoundation.org/UA/Plc/Applications;s=FastRandomUIntScalar3":{"Value":4125801617,"SourceTimestamp":"2024-04-27T17:48:47.8814454Z","ServerTimestamp":"2024-04-27T17:48:47.8814466Z"},"nsu=http://opcfoundation.org/UA/Plc/Applications;s=SpikeData":{"Value":90.482705246601952,"SourceTimestamp":"2024-04-27T17:48:48.0829911Z","ServerTimestamp":"2024-04-27T17:48:48.0829918Z"}}]