[{"nsu=http://opcfoundation.org/UA/Plc/Applications;s=AlternatingBoolean":{"Value":true,"SourceTimestamp":"2024-04-27T17:48:48.993412Z","ServerTimestamp":"2024-04-27T17:48:48.9934621Z"},"nsu=http://opcfoundation.org/UA/Plc/Applications;s=NegativeTrendData":{"Value":99.599999999999994,"SourceTimestamp":"2024-04-27T17:48:48.9934172Z","ServerTimestamp":"2024-04-27T17:48:48.9934223Z"},"nsu=http://opcfoundation.org/UA/Plc/Applications;s=PositiveTrendData":{"Value":100.8,"SourceTimestamp":"2024-04-27T17:48:48.9934295Z","ServerTimestamp":"2024-04-27T17:48:48.993434Z"}}]