[{"nsu=http://opcfoundation.org/UA/Plc/Applications;s=StepUp":{"Value":72,"SourceTimestamp":"2024-04-27T17:47:56.0796318Z","ServerTimestamp":"2024-04-27T17:47:56.0796346Z"},"nsu=http://opcfoundation.org/UA/Plc/Applications;s=RandomSignedInt32":{"Value":-1776787569,"SourceTimestamp":"2024-04-27T17:47:56.0796582Z","ServerTimestamp":"2024-04-27T17:47:56.0796681Z"},"nsu=http://opcfoundation.org/UA/Plc/Applications;s=RandomUnsignedInt32":{"Value":1956028809,"SourceTimestamp":"2024-04-27T17:47:56.0796318Z","ServerTimestamp":"2024-04-27T17:47:56.0796582Z"},"nsu=http://opcfoundation.org/UA/Plc/Applications;s=DipData":{"Value":-48.175367410171539,"SourceTimestamp":"2024-04-27T17:47:56.0796774Z","ServerTimestamp":"2024-04-27T17:47:56.0796795Z"},"nsu=http://opcfoundation.org/UA/Plc/Applications;s=FastUIntScalar1":{"Value":7,"SourceTimestamp":"2024-04-27T17:47:55.8784571Z","ServerTimestamp":"2024-04-27T17:47:55.8784596Z"},"nsu=http://opcfoundation.org/UA/Plc/Applications;s=FastUIntScalar2":{"Value":7,"SourceTimestamp":"2024-04-27T17:47:55.8784622Z","ServerTimestamp":"2024-04-27T17:47:55.8784697Z"},"nsu=http://opcfoundation.org/UA/Plc/Applications;s=FastUIntScalar3":{"Value":7,"SourceTimestamp":"2024-04-27T17:47:55.8784714Z","ServerTimestamp":"2024-04-27T17:47:55.8784727Z"},"nsu=http://opcfoundation.org/UA/Plc/Applications;s=FastRandomUIntScalar1":{"Value":4118877233,"SourceTimestamp":"2024-04-27T17:47:55.8784618Z","ServerTimestamp":"2024-04-27T17:47:55.8784669Z"},"nsu=http://opcfoundation.org/UA/Plc/Applications;s=FastRandomUIntScalar2":{"Value":1435725181,"SourceTimestamp":"2024-04-27T17:47:55.8784691Z","ServerTimestamp":"2024-04-27T17:47:55.8784713Z"},"nsu=http://opcfoundation.org/UA/Plc/Applications;s=FastRandomUIntScalar3":{"Value":1512283729,"SourceTimestamp":"2024-04-27T17:47:55.8784725Z","ServerTimestamp":"2024-04-27T17:47:55.8784738Z"},"nsu=http://opcfoundation.org/UA/Plc/Applications;s=SpikeData":{"Value":-48.175367410171539,"SourceTimestamp":"2024-04-27T17:47:56.0796772Z","ServerTimestamp":"2024-04-27T17:47:56.079678Z"}}]