[{"nsu=http://opcfoundation.org/UA/Plc/Applications;s=StepUp":{"Value":611,"SourceTimestamp":"2024-04-27T17:48:49.9830894Z","ServerTimestamp":"2024-04-27T17:48:49.9831049Z"},"nsu=http://opcfoundation.org/UA/Plc/Applications;s=RandomSignedInt32":{"Value":-2102909278,"SourceTimestamp":"2024-04-27T17:48:49.9831301Z","ServerTimestamp":"2024-04-27T17:48:49.9831308Z"},"nsu=http://opcfoundation.org/UA/Plc/Applications;s=RandomUnsignedInt32":{"Value":1684873525,"SourceTimestamp":"2024-04-27T17:48:49.983136Z","ServerTimestamp":"2024-04-27T17:48:49.9831383Z"},"nsu=http://opcfoundation.org/UA/Plc/Applications;s=DipData":{"Value":-95.105651629515364,"SourceTimestamp":"2024-04-27T17:48:49.9831414Z","ServerTimestamp":"2024-04-27T17:48:49.9831468Z"},"nsu=http://opcfoundation.org/UA/Plc/Applications;s=FastUIntScalar1":{"Value":61,"SourceTimestamp":"2024-04-27T17:48:49.8911486Z","ServerTimestamp":"2024-04-27T17:48:49.8911505Z"},"nsu=http://opcfoundation.org/UA/Plc/Applications;s=FastUIntScalar2":{"Value":61,"SourceTimestamp":"2024-04-27T17:48:49.8911552Z","ServerTimestamp":"2024-04-27T17:48:49.8911561Z"},"nsu=http://opcfoundation.org/UA/Plc/Applications;s=FastUIntScalar3":{"Value":61,"SourceTimestamp":"2024-04-27T17:48:49.8911574Z","ServerTimestamp":"2024-04-27T17:48:49.891158Z"},"nsu=http://opcfoundation.org/UA/Plc/Applications;s=FastRandomUIntScalar1":{"Value":3288292713,"SourceTimestamp":"2024-04-27T17:48:49.8911452Z","ServerTimestamp":"2024-04-27T17:48:49.8911482Z"},"nsu=http://opcfoundation.org/UA/Plc/Applications;s=FastRandomUIntScalar2":{"Value":2127474521,"SourceTimestamp":"2024-04-27T17:48:49.8911503Z","ServerTimestamp":"2024-04-27T17:48:49.891155Z"},"nsu=http://opcfoundation.org/UA/Plc/Applications;s=FastRandomUIntScalar3":{"Value":3940856435,"SourceTimestamp":"2024-04-27T17:48:49.8911614Z","ServerTimestamp":"2024-04-27T17:48:49.8911621Z"},"nsu=http://opcfoundation.org/UA/Plc/Applications;s=SpikeData":{"Value":-95.105651629515364,"SourceTimestamp":"2024-04-27T17:48:49.9831483Z","ServerTimestamp":"2024-04-27T17:48:49.9831493Z"}}]