[{"nsu=http://opcfoundation.org/UA/Plc/Applications;s=SlowUIntScalar1":{"Value":6,"SourceTimestamp":"2024-04-27T17:48:48.8851569Z","ServerTimestamp":"2024-04-27T17:48:48.8851602Z"},"nsu=http://opcfoundation.org/UA/Plc/Applications;s=SlowUIntScalar2":{"Value":6,"SourceTimestamp":"2024-04-27T17:48:48.8851704Z","ServerTimestamp":"2024-04-27T17:48:48.8851953Z"},"nsu=http://opcfoundation.org/UA/Plc/Applications;s=SlowUIntScalar3":{"Value":6,"SourceTimestamp":"2024-04-27T17:48:48.8851982Z","ServerTimestamp":"2024-04-27T17:48:48.8851991Z"},"nsu=http://opcfoundation.org/UA/Plc/Applications;s=BadSlowUIntScalar1":{"Value":6,"SourceTimestamp":"2024-04-27T17:48:48.8852013Z","ServerTimestamp":"2024-04-27T17:48:48.8852036Z"},"nsu=http://opcfoundation.org/UA/Plc/Applications;s=SlowRandomUIntScalar1":{"Value":2795267741,"SourceTimestamp":"2024-04-27T17:48:48.885186Z","ServerTimestamp":"2024-04-27T17:48:48.885188Z"},"nsu=http://opcfoundation.org/UA/Plc/Applications;s=SlowRandomUIntScalar2":{"Value":3952125439,"SourceTimestamp":"2024-04-27T17:48:48.8851922Z","ServerTimestamp":"2024-04-27T17:48:48.8851932Z"},"nsu=http://opcfoundation.org/UA/Plc/Applications;s=SlowRandomUIntScalar3":{"Value":490142134,"SourceTimestamp":"2024-04-27T17:48:48.8851945Z","ServerTimestamp":"2024-04-27T17:48:48.8851976Z"},"nsu=http://opcfoundation.org/UA/Plc/Applications;s=BadSlowRandomUIntScalar1":{"Value":2702414905,"SourceTimestamp":"2024-04-27T17:48:48.8851996Z","ServerTimestamp":"2024-04-27T17:48:48.885201Z"}}]