[{"nsu=http://opcfoundation.org/UA/Plc/Applications;s=StepUp":{"Value":622,"SourceTimestamp":"2024-04-27T17:48:51.0798914Z","ServerTimestamp":"2024-04-27T17:48:51.0798936Z"},"nsu=http://opcfoundation.org/UA/Plc/Applications;s=RandomSignedInt32":{"Value":1720795888,"SourceTimestamp":"2024-04-27T17:48:51.0799117Z","ServerTimestamp":"2024-04-27T17:48:51.0799133Z"},"nsu=http://opcfoundation.org/UA/Plc/Applications;s=RandomUnsignedInt32":{"Value":1435954018,"SourceTimestamp":"2024-04-27T17:48:51.0798788Z","ServerTimestamp":"2024-04-27T17:48:51.0798818Z"},"nsu=http://opcfoundation.org/UA/Plc/Applications;s=DipData":{"Value":-1000,"SourceTimestamp":"2024-04-27T17:48:51.0799023Z","ServerTimestamp":"2024-04-27T17:48:51.0799037Z"},"nsu=http://opcfoundation.org/UA/Plc/Applications;s=FastUIntScalar1":{"Value":62,"SourceTimestamp":"2024-04-27T17:48:50.878794Z","ServerTimestamp":"2024-04-27T17:48:50.8788221Z"},"nsu=http://opcfoundation.org/UA/Plc/Applications;s=FastUIntScalar2":{"Value":62,"SourceTimestamp":"2024-04-27T17:48:50.8788304Z","ServerTimestamp":"2024-04-27T17:48:50.8788321Z"},"nsu=http://opcfoundation.org/UA/Plc/Applications;s=FastUIntScalar3":{"Value":62,"SourceTimestamp":"2024-04-27T17:48:50.8788332Z","ServerTimestamp":"2024-04-27T17:48:50.8788339Z"},"nsu=http://opcfoundation.org/UA/Plc/Applications;s=FastRandomUIntScalar1":{"Value":1906019431,"SourceTimestamp":"2024-04-27T17:48:50.8787987Z","ServerTimestamp":"2024-04-27T17:48:50.8788382Z"},"nsu=http://opcfoundation.org/UA/Plc/Applications;s=FastRandomUIntScalar2":{"Value":2510645680,"SourceTimestamp":"2024-04-27T17:48:50.8788451Z","ServerTimestamp":"2024-04-27T17:48:50.8788506Z"},"nsu=http://opcfoundation.org/UA/Plc/Applications;s=FastRandomUIntScalar3":{"Value":18895077,"SourceTimestamp":"2024-04-27T17:48:50.8788526Z","ServerTimestamp":"2024-04-27T17:48:50.8788533Z"},"nsu=http://opcfoundation.org/UA/Plc/Applications;s=SpikeData":{"Value":-48.175367410171539,"SourceTimestamp":"2024-04-27T17:48:51.0799069Z","ServerTimestamp":"2024-04-27T17:48:51.0799076Z"}}]