[{"nsu=http://opcfoundation.org/UA/Plc/Applications;s=StepUp":{"Value":651,"SourceTimestamp":"2024-04-27T17:48:53.9855728Z","ServerTimestamp":"2024-04-27T17:48:53.9855755Z"},"nsu=http://opcfoundation.org/UA/Plc/Applications;s=AlternatingBoolean":{"Value":false,"SourceTimestamp":"2024-04-27T17:48:53.9855942Z","ServerTimestamp":"2024-04-27T17:48:53.9856017Z"},"nsu=http://opcfoundation.org/UA/Plc/Applications;s=RandomSignedInt32":{"Value":-271055342,"SourceTimestamp":"2024-04-27T17:48:53.9856015Z","ServerTimestamp":"2024-04-27T17:48:53.9856105Z"},"nsu=http://opcfoundation.org/UA/Plc/Applications;s=RandomUnsignedInt32":{"Value":191993851,"SourceTimestamp":"2024-04-27T17:48:53.9855728Z","ServerTimestamp":"2024-04-27T17:48:53.9856055Z"},"nsu=http://opcfoundation.org/UA/Plc/Applications;s=DipData":{"Value":6.4324905987065468E-14,"SourceTimestamp":"2024-04-27T17:48:53.9855913Z","ServerTimestamp":"2024-04-27T17:48:53.9855932Z"},"nsu=http://opcfoundation.org/UA/Plc/Applications;s=FastUIntScalar1":{"Value":65,"SourceTimestamp":"2024-04-27T17:48:53.8934448Z","ServerTimestamp":"2024-04-27T17:48:53.8934465Z"},"nsu=http://opcfoundation.org/UA/Plc/Applications;s=FastUIntScalar2":{"Value":65,"SourceTimestamp":"2024-04-27T17:48:53.8934531Z","ServerTimestamp":"2024-04-27T17:48:53.8934545Z"},"nsu=http://opcfoundation.org/UA/Plc/Applications;s=FastUIntScalar3":{"Value":65,"SourceTimestamp":"2024-04-27T17:48:53.8934558Z","ServerTimestamp":"2024-04-27T17:48:53.8934636Z"},"nsu=http://opcfoundation.org/UA/Plc/Applications;s=FastRandomUIntScalar1":{"Value":2495395082,"SourceTimestamp":"2024-04-27T17:48:53.8934507Z","ServerTimestamp":"2024-04-27T17:48:53.8934531Z"},"nsu=http://opcfoundation.org/UA/Plc/Applications;s=FastRandomUIntScalar2":{"Value":523895630,"SourceTimestamp":"2024-04-27T17:48:53.8934545Z","ServerTimestamp":"2024-04-27T17:48:53.8934559Z"},"nsu=http://opcfoundation.org/UA/Plc/Applications;s=FastRandomUIntScalar3":{"Value":1944167889,"SourceTimestamp":"2024-04-27T17:48:53.8934569Z","ServerTimestamp":"2024-04-27T17:48:53.8934623Z"},"nsu=http://opcfoundation.org/UA/Plc/Applications;s=NegativeTrendData":{"Value":99.5,"SourceTimestamp":"2024-04-27T17:48:53.985595Z","ServerTimestamp":"2024-04-27T17:48:53.9855994Z"},"nsu=http://opcfoundation.org/UA/Plc/Applications;s=PositiveTrendData":{"Value":100.90000000000001,"SourceTimestamp":"2024-04-27T17:48:53.9856104Z","ServerTimestamp":"2024-04-27T17:48:53.985614Z"},"nsu=http://opcfoundation.org/UA/Plc/Applications;s=SpikeData":{"Value":6.4324905987065468E-14,"SourceTimestamp":"2024-04-27T17:48:53.985604Z","ServerTimestamp":"2024-04-27T17:48:53.9856128Z"}}]