[{"nsu=http://opcfoundation.org/UA/Plc/Applications;s=SlowUIntScalar1":{"Value":7,"SourceTimestamp":"2024-04-27T17:48:58.8864827Z","ServerTimestamp":"2024-04-27T17:48:58.8864856Z"},"nsu=http://opcfoundation.org/UA/Plc/Applications;s=SlowUIntScalar2":{"Value":7,"SourceTimestamp":"2024-04-27T17:48:58.8864951Z","ServerTimestamp":"2024-04-27T17:48:58.8864957Z"},"nsu=http://opcfoundation.org/UA/Plc/Applications;s=SlowUIntScalar3":{"Value":7,"SourceTimestamp":"2024-04-27T17:48:58.8864968Z","ServerTimestamp":"2024-04-27T17:48:58.8864973Z"},"nsu=http://opcfoundation.org/UA/Plc/Applications;s=BadSlowUIntScalar1":{"Value":7,"SourceTimestamp":"2024-04-27T17:48:58.8864985Z","ServerTimestamp":"2024-04-27T17:48:58.8864992Z"},"nsu=http://opcfoundation.org/UA/Plc/Applications;s=SlowRandomUIntScalar1":{"Value":2745568959,"SourceTimestamp":"2024-04-27T17:48:58.8865245Z","ServerTimestamp":"2024-04-27T17:48:58.8865254Z"},"nsu=http://opcfoundation.org/UA/Plc/Applications;s=SlowRandomUIntScalar2":{"Value":3162922023,"SourceTimestamp":"2024-04-27T17:48:58.8865278Z","ServerTimestamp":"2024-04-27T17:48:58.8865487Z"},"nsu=http://opcfoundation.org/UA/Plc/Applications;s=SlowRandomUIntScalar3":{"Value":2279014488,"SourceTimestamp":"2024-04-27T17:48:58.8865501Z","ServerTimestamp":"2024-04-27T17:48:58.8865508Z"},"nsu=http://opcfoundation.org/UA/Plc/Applications;s=BadSlowRandomUIntScalar1":{"Value":3481755872,"SourceTimestamp":"2024-04-27T17:48:58.8865526Z","ServerTimestamp":"2024-04-27T17:48:58.8865532Z"}}]