[{"nsu=http://opcfoundation.org/UA/Plc/Applications;s=StepUp":{"Value":732,"SourceTimestamp":"2024-04-27T17:49:02.0854672Z","ServerTimestamp":"2024-04-27T17:49:02.0854714Z"},"nsu=http://opcfoundation.org/UA/Plc/Applications;s=RandomSignedInt32":{"Value":1650478067,"SourceTimestamp":"2024-04-27T17:49:02.0854918Z","ServerTimestamp":"2024-04-27T17:49:02.0854953Z"},"nsu=http://opcfoundation.org/UA/Plc/Applications;s=RandomUnsignedInt32":{"Value":708856894,"SourceTimestamp":"2024-04-27T17:49:02.0854802Z","ServerTimestamp":"2024-04-27T17:49:02.0854843Z"},"nsu=http://opcfoundation.org/UA/Plc/Applications;s=DipData":{"Value":68.45471059286885,"SourceTimestamp":"2024-04-27T17:49:02.085502Z","ServerTimestamp":"2024-04-27T17:49:02.0855105Z"},"nsu=http://opcfoundation.org/UA/Plc/Applications;s=FastUIntScalar1":{"Value":73,"SourceTimestamp":"2024-04-27T17:49:01.8833668Z","ServerTimestamp":"2024-04-27T17:49:01.8833674Z"},"nsu=http://opcfoundation.org/UA/Plc/Applications;s=FastUIntScalar2":{"Value":73,"SourceTimestamp":"2024-04-27T17:49:01.8833688Z","ServerTimestamp":"2024-04-27T17:49:01.8833795Z"},"nsu=http://opcfoundation.org/UA/Plc/Applications;s=FastUIntScalar3":{"Value":73,"SourceTimestamp":"2024-04-27T17:49:01.8833809Z","ServerTimestamp":"2024-04-27T17:49:01.8833817Z"},"nsu=http://opcfoundation.org/UA/Plc/Applications;s=FastRandomUIntScalar1":{"Value":2286159495,"SourceTimestamp":"2024-04-27T17:49:01.8833854Z","ServerTimestamp":"2024-04-27T17:49:01.8833868Z"},"nsu=http://opcfoundation.org/UA/Plc/Applications;s=FastRandomUIntScalar2":{"Value":4070834757,"SourceTimestamp":"2024-04-27T17:49:01.8833924Z","ServerTimestamp":"2024-04-27T17:49:01.8833931Z"},"nsu=http://opcfoundation.org/UA/Plc/Applications;s=FastRandomUIntScalar3":{"Value":3872199067,"SourceTimestamp":"2024-04-27T17:49:01.8833942Z","ServerTimestamp":"2024-04-27T17:49:01.8833949Z"},"nsu=http://opcfoundation.org/UA/Plc/Applications;s=SpikeData":{"Value":68.45471059286885,"SourceTimestamp":"2024-04-27T17:49:02.0855155Z","ServerTimestamp":"2024-04-27T17:49:02.0855171Z"}}]