[{"nsu=http://opcfoundation.org/UA/Plc/Applications;s=StepUp":{"Value":781,"SourceTimestamp":"2024-04-27T17:49:06.9862187Z","ServerTimestamp":"2024-04-27T17:49:06.9862213Z"},"nsu=http://opcfoundation.org/UA/Plc/Applications;s=RandomSignedInt32":{"Value":-450335012,"SourceTimestamp":"2024-04-27T17:49:06.986252Z","ServerTimestamp":"2024-04-27T17:49:06.9862535Z"},"nsu=http://opcfoundation.org/UA/Plc/Applications;s=RandomUnsignedInt32":{"Value":1716319565,"SourceTimestamp":"2024-04-27T17:49:06.9862324Z","ServerTimestamp":"2024-04-27T17:49:06.986237Z"},"nsu=http://opcfoundation.org/UA/Plc/Applications;s=DipData":{"Value":58.778525229247322,"SourceTimestamp":"2024-04-27T17:49:06.986253Z","ServerTimestamp":"2024-04-27T17:49:06.98626Z"},"nsu=http://opcfoundation.org/UA/Plc/Applications;s=FastUIntScalar1":{"Value":78,"SourceTimestamp":"2024-04-27T17:49:06.8934144Z","ServerTimestamp":"2024-04-27T17:49:06.8934173Z"},"nsu=http://opcfoundation.org/UA/Plc/Applications;s=FastUIntScalar2":{"Value":78,"SourceTimestamp":"2024-04-27T17:49:06.8934226Z","ServerTimestamp":"2024-04-27T17:49:06.8934239Z"},"nsu=http://opcfoundation.org/UA/Plc/Applications;s=FastUIntScalar3":{"Value":78,"SourceTimestamp":"2024-04-27T17:49:06.8934258Z","ServerTimestamp":"2024-04-27T17:49:06.8934269Z"},"nsu=http://opcfoundation.org/UA/Plc/Applications;s=FastRandomUIntScalar1":{"Value":4280036097,"SourceTimestamp":"2024-04-27T17:49:06.8934143Z","ServerTimestamp":"2024-04-27T17:49:06.8934224Z"},"nsu=http://opcfoundation.org/UA/Plc/Applications;s=FastRandomUIntScalar2":{"Value":4246583019,"SourceTimestamp":"2024-04-27T17:49:06.8934238Z","ServerTimestamp":"2024-04-27T17:49:06.8934257Z"},"nsu=http://opcfoundation.org/UA/Plc/Applications;s=FastRandomUIntScalar3":{"Value":1111115620,"SourceTimestamp":"2024-04-27T17:49:06.8934267Z","ServerTimestamp":"2024-04-27T17:49:06.8934282Z"},"nsu=http://opcfoundation.org/UA/Plc/Applications;s=SpikeData":{"Value":58.778525229247322,"SourceTimestamp":"2024-04-27T17:49:06.986269Z","ServerTimestamp":"2024-04-27T17:49:06.9862707Z"}}]