[{"nsu=http://opcfoundation.org/UA/Plc/Applications;s=StepUp":{"Value":812,"SourceTimestamp":"2024-04-27T17:49:10.0914927Z","ServerTimestamp":"2024-04-27T17:49:10.091496Z"},"nsu=http://opcfoundation.org/UA/Plc/Applications;s=RandomSignedInt32":{"Value":-955999376,"SourceTimestamp":"2024-04-27T17:49:10.0915165Z","ServerTimestamp":"2024-04-27T17:49:10.0915194Z"},"nsu=http://opcfoundation.org/UA/Plc/Applications;s=RandomUnsignedInt32":{"Value":1124618208,"SourceTimestamp":"2024-04-27T17:49:10.0915015Z","ServerTimestamp":"2024-04-27T17:49:10.0915074Z"},"nsu=http://opcfoundation.org/UA/Plc/Applications;s=DipData":{"Value":-98.228725072868855,"SourceTimestamp":"2024-04-27T17:49:10.0915195Z","ServerTimestamp":"2024-04-27T17:49:10.091525Z"},"nsu=http://opcfoundation.org/UA/Plc/Applications;s=FastUIntScalar1":{"Value":81,"SourceTimestamp":"2024-04-27T17:49:09.8941566Z","ServerTimestamp":"2024-04-27T17:49:09.8941632Z"},"nsu=http://opcfoundation.org/UA/Plc/Applications;s=FastUIntScalar2":{"Value":81,"SourceTimestamp":"2024-04-27T17:49:09.8941667Z","ServerTimestamp":"2024-04-27T17:49:09.8941683Z"},"nsu=http://opcfoundation.org/UA/Plc/Applications;s=FastUIntScalar3":{"Value":81,"SourceTimestamp":"2024-04-27T17:49:09.8941697Z","ServerTimestamp":"2024-04-27T17:49:09.8942053Z"},"nsu=http://opcfoundation.org/UA/Plc/Applications;s=FastRandomUIntScalar1":{"Value":3505999912,"SourceTimestamp":"2024-04-27T17:49:09.8941563Z","ServerTimestamp":"2024-04-27T17:49:09.8941583Z"},"nsu=http://opcfoundation.org/UA/Plc/Applications;s=FastRandomUIntScalar2":{"Value":924171197,"SourceTimestamp":"2024-04-27T17:49:09.8941634Z","ServerTimestamp":"2024-04-27T17:49:09.8941666Z"},"nsu=http://opcfoundation.org/UA/Plc/Applications;s=FastRandomUIntScalar3":{"Value":1372145811,"SourceTimestamp":"2024-04-27T17:49:09.8941679Z","ServerTimestamp":"2024-04-27T17:49:09.8941699Z"},"nsu=http://opcfoundation.org/UA/Plc/Applications;s=SpikeData":{"Value":-98.228725072868855,"SourceTimestamp":"2024-04-27T17:49:10.0915305Z","ServerTimestamp":"2024-04-27T17:49:10.0915315Z"}}]