[{"nsu=http://opcfoundation.org/UA/Plc/Applications;s=StepUp":{"Value":92,"SourceTimestamp":"2024-04-27T17:47:58.0790496Z","ServerTimestamp":"2024-04-27T17:47:58.0790524Z"},"nsu=http://opcfoundation.org/UA/Plc/Applications;s=RandomSignedInt32":{"Value":1486428450,"SourceTimestamp":"2024-04-27T17:47:58.0790805Z","ServerTimestamp":"2024-04-27T17:47:58.0790889Z"},"nsu=http://opcfoundation.org/UA/Plc/Applications;s=RandomUnsignedInt32":{"Value":1186185120,"SourceTimestamp":"2024-04-27T17:47:58.0790498Z","ServerTimestamp":"2024-04-27T17:47:58.07908Z"},"nsu=http://opcfoundation.org/UA/Plc/Applications;s=DipData":{"Value":90.482705246601952,"SourceTimestamp":"2024-04-27T17:47:58.0790677Z","ServerTimestamp":"2024-04-27T17:47:58.0790696Z"},"nsu=http://opcfoundation.org/UA/Plc/Applications;s=FastUIntScalar1":{"Value":9,"SourceTimestamp":"2024-04-27T17:47:57.8919541Z","ServerTimestamp":"2024-04-27T17:47:57.8919657Z"},"nsu=http://opcfoundation.org/UA/Plc/Applications;s=FastUIntScalar2":{"Value":9,"SourceTimestamp":"2024-04-27T17:47:57.8919675Z","ServerTimestamp":"2024-04-27T17:47:57.8919685Z"},"nsu=http://opcfoundation.org/UA/Plc/Applications;s=FastUIntScalar3":{"Value":9,"SourceTimestamp":"2024-04-27T17:47:57.8919698Z","ServerTimestamp":"2024-04-27T17:47:57.8919807Z"},"nsu=http://opcfoundation.org/UA/Plc/Applications;s=FastRandomUIntScalar1":{"Value":3436007156,"SourceTimestamp":"2024-04-27T17:47:57.8919834Z","ServerTimestamp":"2024-04-27T17:47:57.891987Z"},"nsu=http://opcfoundation.org/UA/Plc/Applications;s=FastRandomUIntScalar2":{"Value":1463636724,"SourceTimestamp":"2024-04-27T17:47:57.8919977Z","ServerTimestamp":"2024-04-27T17:47:57.8919999Z"},"nsu=http://opcfoundation.org/UA/Plc/Applications;s=FastRandomUIntScalar3":{"Value":2302263688,"SourceTimestamp":"2024-04-27T17:47:57.8920029Z","ServerTimestamp":"2024-04-27T17:47:57.8920039Z"},"nsu=http://opcfoundation.org/UA/Plc/Applications;s=SpikeData":{"Value":90.482705246601952,"SourceTimestamp":"2024-04-27T17:47:58.0790789Z","ServerTimestamp":"2024-04-27T17:47:58.0791206Z"}}]