[{"nsu=http://opcfoundation.org/UA/Plc/Applications;s=StepUp":{"Value":822,"SourceTimestamp":"2024-04-27T17:49:11.0798931Z","ServerTimestamp":"2024-04-27T17:49:11.0799275Z"},"nsu=http://opcfoundation.org/UA/Plc/Applications;s=RandomSignedInt32":{"Value":-373872698,"SourceTimestamp":"2024-04-27T17:49:11.0799176Z","ServerTimestamp":"2024-04-27T17:49:11.079919Z"},"nsu=http://opcfoundation.org/UA/Plc/Applications;s=RandomUnsignedInt32":{"Value":1427355397,"SourceTimestamp":"2024-04-27T17:49:11.0798931Z","ServerTimestamp":"2024-04-27T17:49:11.0798961Z"},"nsu=http://opcfoundation.org/UA/Plc/Applications;s=DipData":{"Value":-48.175367410171539,"SourceTimestamp":"2024-04-27T17:49:11.0799228Z","ServerTimestamp":"2024-04-27T17:49:11.0799536Z"},"nsu=http://opcfoundation.org/UA/Plc/Applications;s=FastUIntScalar1":{"Value":82,"SourceTimestamp":"2024-04-27T17:49:10.8811619Z","ServerTimestamp":"2024-04-27T17:49:10.8811633Z"},"nsu=http://opcfoundation.org/UA/Plc/Applications;s=FastUIntScalar2":{"Value":82,"SourceTimestamp":"2024-04-27T17:49:10.8811697Z","ServerTimestamp":"2024-04-27T17:49:10.8811752Z"},"nsu=http://opcfoundation.org/UA/Plc/Applications;s=FastUIntScalar3":{"Value":82,"SourceTimestamp":"2024-04-27T17:49:10.8811806Z","ServerTimestamp":"2024-04-27T17:49:10.8811838Z"},"nsu=http://opcfoundation.org/UA/Plc/Applications;s=FastRandomUIntScalar1":{"Value":1542728912,"SourceTimestamp":"2024-04-27T17:49:10.8811776Z","ServerTimestamp":"2024-04-27T17:49:10.8811793Z"},"nsu=http://opcfoundation.org/UA/Plc/Applications;s=FastRandomUIntScalar2":{"Value":4287726236,"SourceTimestamp":"2024-04-27T17:49:10.8811839Z","ServerTimestamp":"2024-04-27T17:49:10.8811848Z"},"nsu=http://opcfoundation.org/UA/Plc/Applications;s=FastRandomUIntScalar3":{"Value":3949507391,"SourceTimestamp":"2024-04-27T17:49:10.881186Z","ServerTimestamp":"2024-04-27T17:49:10.8811866Z"},"nsu=http://opcfoundation.org/UA/Plc/Applications;s=SpikeData":{"Value":-48.175367410171539,"SourceTimestamp":"2024-04-27T17:49:11.0799317Z","ServerTimestamp":"2024-04-27T17:49:11.0799836Z"}}]