[{"nsu=http://opcfoundation.org/UA/Plc/Applications;s=AlternatingBoolean":{"Value":true,"SourceTimestamp":"2024-04-27T17:49:18.9813389Z","ServerTimestamp":"2024-04-27T17:49:18.9813396Z"},"nsu=http://opcfoundation.org/UA/Plc/Applications;s=NegativeTrendData":{"Value":99,"SourceTimestamp":"2024-04-27T17:49:18.981335Z","ServerTimestamp":"2024-04-27T17:49:18.9813364Z"},"nsu=http://opcfoundation.org/UA/Plc/Applications;s=PositiveTrendData":{"Value":101.40000000000001,"SourceTimestamp":"2024-04-27T17:49:18.9813436Z","ServerTimestamp":"2024-04-27T17:49:18.981345Z"}}]