[{"nsu=http://opcfoundation.org/UA/Plc/Applications;s=StepUp":{"Value":102,"SourceTimestamp":"2024-04-27T17:47:59.0879192Z","ServerTimestamp":"2024-04-27T17:47:59.0879238Z"},"nsu=http://opcfoundation.org/UA/Plc/Applications;s=AlternatingBoolean":{"Value":true,"SourceTimestamp":"2024-04-27T17:47:58.9810959Z","ServerTimestamp":"2024-04-27T17:47:58.9810988Z"},"nsu=http://opcfoundation.org/UA/Plc/Applications;s=RandomSignedInt32":{"Value":1446473050,"SourceTimestamp":"2024-04-27T17:47:59.0879382Z","ServerTimestamp":"2024-04-27T17:47:59.0879399Z"},"nsu=http://opcfoundation.org/UA/Plc/Applications;s=RandomUnsignedInt32":{"Value":647421348,"SourceTimestamp":"2024-04-27T17:47:59.0879098Z","ServerTimestamp":"2024-04-27T17:47:59.0879126Z"},"nsu=http://opcfoundation.org/UA/Plc/Applications;s=DipData":{"Value":-12.533323356430378,"SourceTimestamp":"2024-04-27T17:47:59.0879268Z","ServerTimestamp":"2024-04-27T17:47:59.0879498Z"},"nsu=http://opcfoundation.org/UA/Plc/Applications;s=FastUIntScalar1":{"Value":10,"SourceTimestamp":"2024-04-27T17:47:58.8894306Z","ServerTimestamp":"2024-04-27T17:47:58.8894385Z"},"nsu=http://opcfoundation.org/UA/Plc/Applications;s=FastUIntScalar2":{"Value":10,"SourceTimestamp":"2024-04-27T17:47:58.8894398Z","ServerTimestamp":"2024-04-27T17:47:58.8894408Z"},"nsu=http://opcfoundation.org/UA/Plc/Applications;s=FastUIntScalar3":{"Value":10,"SourceTimestamp":"2024-04-27T17:47:58.889443Z","ServerTimestamp":"2024-04-27T17:47:58.8894439Z"},"nsu=http://opcfoundation.org/UA/Plc/Applications;s=FastRandomUIntScalar1":{"Value":3834657471,"SourceTimestamp":"2024-04-27T17:47:58.8894538Z","ServerTimestamp":"2024-04-27T17:47:58.8894552Z"},"nsu=http://opcfoundation.org/UA/Plc/Applications;s=FastRandomUIntScalar2":{"Value":330207995,"SourceTimestamp":"2024-04-27T17:47:58.8894624Z","ServerTimestamp":"2024-04-27T17:47:58.8894639Z"},"nsu=http://opcfoundation.org/UA/Plc/Applications;s=FastRandomUIntScalar3":{"Value":3236373811,"SourceTimestamp":"2024-04-27T17:47:58.8894651Z","ServerTimestamp":"2024-04-27T17:47:58.8894657Z"},"nsu=http://opcfoundation.org/UA/Plc/Applications;s=SpikeData":{"Value":-12.533323356430378,"SourceTimestamp":"2024-04-27T17:47:59.0879376Z","ServerTimestamp":"2024-04-27T17:47:59.0879382Z"}}]