[{"nsu=http://opcfoundation.org/UA/Plc/Applications;s=SlowUIntScalar1":{"Value":9,"SourceTimestamp":"2024-04-27T17:49:18.8904471Z","ServerTimestamp":"2024-04-27T17:49:18.8904514Z"},"nsu=http://opcfoundation.org/UA/Plc/Applications;s=SlowUIntScalar2":{"Value":9,"SourceTimestamp":"2024-04-27T17:49:18.8904662Z","ServerTimestamp":"2024-04-27T17:49:18.8904671Z"},"nsu=http://opcfoundation.org/UA/Plc/Applications;s=SlowUIntScalar3":{"Value":9,"SourceTimestamp":"2024-04-27T17:49:18.8904696Z","ServerTimestamp":"2024-04-27T17:49:18.8904706Z"},"nsu=http://opcfoundation.org/UA/Plc/Applications;s=BadSlowUIntScalar1":{"Value":null,"StatusCode":{"Symbol":"BadDataLost","Code":2157772800},"SourceTimestamp":"2024-04-27T17:49:18.8904764Z","ServerTimestamp":"2024-04-27T17:49:18.8904766Z"},"nsu=http://opcfoundation.org/UA/Plc/Applications;s=SlowRandomUIntScalar1":{"Value":1589877704,"SourceTimestamp":"2024-04-27T17:49:18.8905465Z","ServerTimestamp":"2024-04-27T17:49:18.8905475Z"},"nsu=http://opcfoundation.org/UA/Plc/Applications;s=SlowRandomUIntScalar2":{"Value":2146685941,"SourceTimestamp":"2024-04-27T17:49:18.8905608Z","ServerTimestamp":"2024-04-27T17:49:18.8905613Z"},"nsu=http://opcfoundation.org/UA/Plc/Applications;s=SlowRandomUIntScalar3":{"Value":2185195570,"SourceTimestamp":"2024-04-27T17:49:18.890562Z","ServerTimestamp":"2024-04-27T17:49:18.8905623Z"},"nsu=http://opcfoundation.org/UA/Plc/Applications;s=BadSlowRandomUIntScalar1":{"Value":null,"StatusCode":{"Symbol":"BadDataLost","Code":2157772800},"SourceTimestamp":"2024-04-27T17:49:18.8905675Z","ServerTimestamp":"2024-04-27T17:49:18.8905675Z"}}]