[{"nsu=http://opcfoundation.org/UA/Plc/Applications;s=StepUp":{"Value":962,"SourceTimestamp":"2024-04-27T17:49:25.0813709Z","ServerTimestamp":"2024-04-27T17:49:25.0813805Z"},"nsu=http://opcfoundation.org/UA/Plc/Applications;s=RandomSignedInt32":{"Value":1419789061,"SourceTimestamp":"2024-04-27T17:49:25.0813926Z","ServerTimestamp":"2024-04-27T17:49:25.0813942Z"},"nsu=http://opcfoundation.org/UA/Plc/Applications;s=RandomUnsignedInt32":{"Value":241479635,"SourceTimestamp":"2024-04-27T17:49:25.0813595Z","ServerTimestamp":"2024-04-27T17:49:25.0813636Z"},"nsu=http://opcfoundation.org/UA/Plc/Applications;s=DipData":{"Value":-98.228725072868855,"SourceTimestamp":"2024-04-27T17:49:25.0814219Z","ServerTimestamp":"2024-04-27T17:49:25.0814246Z"},"nsu=http://opcfoundation.org/UA/Plc/Applications;s=FastUIntScalar1":{"Value":96,"SourceTimestamp":"2024-04-27T17:49:24.8797709Z","ServerTimestamp":"2024-04-27T17:49:24.8797939Z"},"nsu=http://opcfoundation.org/UA/Plc/Applications;s=FastUIntScalar2":{"Value":96,"SourceTimestamp":"2024-04-27T17:49:24.8797978Z","ServerTimestamp":"2024-04-27T17:49:24.8798044Z"},"nsu=http://opcfoundation.org/UA/Plc/Applications;s=FastUIntScalar3":{"Value":96,"SourceTimestamp":"2024-04-27T17:49:24.8798066Z","ServerTimestamp":"2024-04-27T17:49:24.8798094Z"},"nsu=http://opcfoundation.org/UA/Plc/Applications;s=FastRandomUIntScalar1":{"Value":2239879026,"SourceTimestamp":"2024-04-27T17:49:24.8797921Z","ServerTimestamp":"2024-04-27T17:49:24.879798Z"},"nsu=http://opcfoundation.org/UA/Plc/Applications;s=FastRandomUIntScalar2":{"Value":2323417091,"SourceTimestamp":"2024-04-27T17:49:24.8798047Z","ServerTimestamp":"2024-04-27T17:49:24.879807Z"},"nsu=http://opcfoundation.org/UA/Plc/Applications;s=FastRandomUIntScalar3":{"Value":421178482,"SourceTimestamp":"2024-04-27T17:49:24.8798094Z","ServerTimestamp":"2024-04-27T17:49:24.8798113Z"},"nsu=http://opcfoundation.org/UA/Plc/Applications;s=SpikeData":{"Value":-98.228725072868855,"SourceTimestamp":"2024-04-27T17:49:25.0814175Z","ServerTimestamp":"2024-04-27T17:49:25.0814187Z"}}]