[{"nsu=http://opcfoundation.org/UA/Plc/Applications;s=StepUp":{"Value":1012,"SourceTimestamp":"2024-04-27T17:49:30.0930656Z","ServerTimestamp":"2024-04-27T17:49:30.0930687Z"},"nsu=http://opcfoundation.org/UA/Plc/Applications;s=RandomSignedInt32":{"Value":338779013,"SourceTimestamp":"2024-04-27T17:49:30.0930896Z","ServerTimestamp":"2024-04-27T17:49:30.0930909Z"},"nsu=http://opcfoundation.org/UA/Plc/Applications;s=RandomUnsignedInt32":{"Value":333862218,"SourceTimestamp":"2024-04-27T17:49:30.0930788Z","ServerTimestamp":"2024-04-27T17:49:30.0930808Z"},"nsu=http://opcfoundation.org/UA/Plc/Applications;s=DipData":{"Value":-98.228725072868855,"SourceTimestamp":"2024-04-27T17:49:30.0931037Z","ServerTimestamp":"2024-04-27T17:49:30.0931054Z"},"nsu=http://opcfoundation.org/UA/Plc/Applications;s=FastUIntScalar1":{"Value":101,"SourceTimestamp":"2024-04-27T17:49:29.8787833Z","ServerTimestamp":"2024-04-27T17:49:29.8787865Z"},"nsu=http://opcfoundation.org/UA/Plc/Applications;s=FastUIntScalar2":{"Value":101,"SourceTimestamp":"2024-04-27T17:49:29.8788005Z","ServerTimestamp":"2024-04-27T17:49:29.8788015Z"},"nsu=http://opcfoundation.org/UA/Plc/Applications;s=FastUIntScalar3":{"Value":101,"SourceTimestamp":"2024-04-27T17:49:29.878803Z","ServerTimestamp":"2024-04-27T17:49:29.8788039Z"},"nsu=http://opcfoundation.org/UA/Plc/Applications;s=FastRandomUIntScalar1":{"Value":3165577213,"SourceTimestamp":"2024-04-27T17:49:29.8788183Z","ServerTimestamp":"2024-04-27T17:49:29.8788333Z"},"nsu=http://opcfoundation.org/UA/Plc/Applications;s=FastRandomUIntScalar2":{"Value":1410089594,"SourceTimestamp":"2024-04-27T17:49:29.8788454Z","ServerTimestamp":"2024-04-27T17:49:29.8788464Z"},"nsu=http://opcfoundation.org/UA/Plc/Applications;s=FastRandomUIntScalar3":{"Value":3669730483,"SourceTimestamp":"2024-04-27T17:49:29.8788477Z","ServerTimestamp":"2024-04-27T17:49:29.8788484Z"},"nsu=http://opcfoundation.org/UA/Plc/Applications;s=SpikeData":{"Value":-98.228725072868855,"SourceTimestamp":"2024-04-27T17:49:30.0931004Z","ServerTimestamp":"2024-04-27T17:49:30.0931092Z"}}]