[{"nsu=http://opcfoundation.org/UA/Plc/Applications;s=StepUp":{"Value":99,"SourceTimestamp":"2024-04-27T19:11:27.9946698Z","ServerTimestamp":"2024-04-27T19:11:27.9946728Z"},"nsu=http://opcfoundation.org/UA/Plc/Applications;s=RandomSignedInt32":{"Value":78133485,"SourceTimestamp":"2024-04-27T19:11:27.9947024Z","ServerTimestamp":"2024-04-27T19:11:27.9947037Z"},"nsu=http://opcfoundation.org/UA/Plc/Applications;s=RandomUnsignedInt32":{"Value":1322868811,"SourceTimestamp":"2024-04-27T19:11:27.9947009Z","ServerTimestamp":"2024-04-27T19:11:27.994702Z"},"nsu=http://opcfoundation.org/UA/Plc/Applications;s=DipData":{"Value":24.868988716485479,"SourceTimestamp":"2024-04-27T19:11:27.9947132Z","ServerTimestamp":"2024-04-27T19:11:27.9947139Z"},"nsu=http://opcfoundation.org/UA/Plc/Applications;s=FastUIntScalar1":{"Value":9,"SourceTimestamp":"2024-04-27T19:11:27.0920562Z","ServerTimestamp":"2024-04-27T19:11:27.0920584Z"},"nsu=http://opcfoundation.org/UA/Plc/Applications;s=FastUIntScalar2":{"Value":9,"SourceTimestamp":"2024-04-27T19:11:27.0920672Z","ServerTimestamp":"2024-04-27T19:11:27.0920682Z"},"nsu=http://opcfoundation.org/UA/Plc/Applications;s=FastUIntScalar3":{"Value":9,"SourceTimestamp":"2024-04-27T19:11:27.0920694Z","ServerTimestamp":"2024-04-27T19:11:27.0920752Z"},"nsu=http://opcfoundation.org/UA/Plc/Applications;s=FastRandomUIntScalar1":{"Value":1858916127,"SourceTimestamp":"2024-04-27T19:11:27.0920668Z","ServerTimestamp":"2024-04-27T19:11:27.0920695Z"},"nsu=http://opcfoundation.org/UA/Plc/Applications;s=FastRandomUIntScalar2":{"Value":3629661799,"SourceTimestamp":"2024-04-27T19:11:27.092075Z","ServerTimestamp":"2024-04-27T19:11:27.0920766Z"},"nsu=http://opcfoundation.org/UA/Plc/Applications;s=FastRandomUIntScalar3":{"Value":4180994536,"SourceTimestamp":"2024-04-27T19:11:27.0920776Z","ServerTimestamp":"2024-04-27T19:11:27.0920782Z"},"nsu=http://opcfoundation.org/UA/Plc/Applications;s=SpikeData":{"Value":24.868988716485479,"SourceTimestamp":"2024-04-27T19:11:27.9947149Z","ServerTimestamp":"2024-04-27T19:11:27.9947155Z"}}]