[{"nsu=http://opcfoundation.org/UA/Plc/Applications;s=StepUp":{"Value":1009,"SourceTimestamp":"2024-04-27T19:12:58.9896846Z","ServerTimestamp":"2024-04-27T19:12:58.9896875Z"},"nsu=http://opcfoundation.org/UA/Plc/Applications;s=AlternatingBoolean":{"Value":true,"SourceTimestamp":"2024-04-27T19:12:58.186498Z","ServerTimestamp":"2024-04-27T19:12:58.1865028Z"},"nsu=http://opcfoundation.org/UA/Plc/Applications;s=RandomSignedInt32":{"Value":-1290992904,"SourceTimestamp":"2024-04-27T19:12:58.9896961Z","ServerTimestamp":"2024-04-27T19:12:58.9896988Z"},"nsu=http://opcfoundation.org/UA/Plc/Applications;s=RandomUnsignedInt32":{"Value":956005429,"SourceTimestamp":"2024-04-27T19:12:58.9897129Z","ServerTimestamp":"2024-04-27T19:12:58.9897143Z"},"nsu=http://opcfoundation.org/UA/Plc/Applications;s=DipData":{"Value":-84.432792550201498,"SourceTimestamp":"2024-04-27T19:12:58.9897214Z","ServerTimestamp":"2024-04-27T19:12:58.989729Z"},"nsu=http://opcfoundation.org/UA/Plc/Applications;s=FastUIntScalar1":{"Value":100,"SourceTimestamp":"2024-04-27T19:12:58.0937224Z","ServerTimestamp":"2024-04-27T19:12:58.0937237Z"},"nsu=http://opcfoundation.org/UA/Plc/Applications;s=FastUIntScalar2":{"Value":100,"SourceTimestamp":"2024-04-27T19:12:58.0937263Z","ServerTimestamp":"2024-04-27T19:12:58.0937277Z"},"nsu=http://opcfoundation.org/UA/Plc/Applications;s=FastUIntScalar3":{"Value":100,"SourceTimestamp":"2024-04-27T19:12:58.0937294Z","ServerTimestamp":"2024-04-27T19:12:58.0937307Z"},"nsu=http://opcfoundation.org/UA/Plc/Applications;s=FastRandomUIntScalar1":{"Value":2867120294,"SourceTimestamp":"2024-04-27T19:12:58.0937376Z","ServerTimestamp":"2024-04-27T19:12:58.0937393Z"},"nsu=http://opcfoundation.org/UA/Plc/Applications;s=FastRandomUIntScalar2":{"Value":3489418531,"SourceTimestamp":"2024-04-27T19:12:58.0937416Z","ServerTimestamp":"2024-04-27T19:12:58.0937427Z"},"nsu=http://opcfoundation.org/UA/Plc/Applications;s=FastRandomUIntScalar3":{"Value":3813415464,"SourceTimestamp":"2024-04-27T19:12:58.0937448Z","ServerTimestamp":"2024-04-27T19:12:58.0937458Z"},"nsu=http://opcfoundation.org/UA/Plc/Applications;s=NegativeTrendData":{"Value":98.5,"SourceTimestamp":"2024-04-27T19:12:58.1865402Z","ServerTimestamp":"2024-04-27T19:12:58.1865415Z"},"nsu=http://opcfoundation.org/UA/Plc/Applications;s=PositiveTrendData":{"Value":101.09999999999999,"SourceTimestamp":"2024-04-27T19:12:58.1865405Z","ServerTimestamp":"2024-04-27T19:12:58.1865453Z"},"nsu=http://opcfoundation.org/UA/Plc/Applications;s=SpikeData":{"Value":-84.432792550201498,"SourceTimestamp":"2024-04-27T19:12:58.9897246Z","ServerTimestamp":"2024-04-27T19:12:58.9897347Z"}}]