[{"nsu=http://opcfoundation.org/UA/Plc/Applications;s=SlowUIntScalar1":{"Value":10,"SourceTimestamp":"2024-04-27T19:12:58.0936503Z","ServerTimestamp":"2024-04-27T19:12:58.0936544Z"},"nsu=http://opcfoundation.org/UA/Plc/Applications;s=SlowUIntScalar2":{"Value":10,"SourceTimestamp":"2024-04-27T19:12:58.093669Z","ServerTimestamp":"2024-04-27T19:12:58.0937015Z"},"nsu=http://opcfoundation.org/UA/Plc/Applications;s=SlowUIntScalar3":{"Value":10,"SourceTimestamp":"2024-04-27T19:12:58.0937051Z","ServerTimestamp":"2024-04-27T19:12:58.093707Z"},"nsu=http://opcfoundation.org/UA/Plc/Applications;s=BadSlowUIntScalar1":{"Value":null,"StatusCode":{"Symbol":"BadNoCommunication","Code":2150694912},"SourceTimestamp":"2024-04-27T19:12:58.093712Z","ServerTimestamp":"2024-04-27T19:12:58.0937121Z"},"nsu=http://opcfoundation.org/UA/Plc/Applications;s=SlowRandomUIntScalar1":{"Value":619892545,"SourceTimestamp":"2024-04-27T19:12:58.0936582Z","ServerTimestamp":"2024-04-27T19:12:58.0936698Z"},"nsu=http://opcfoundation.org/UA/Plc/Applications;s=SlowRandomUIntScalar2":{"Value":15401270,"SourceTimestamp":"2024-04-27T19:12:58.0936817Z","ServerTimestamp":"2024-04-27T19:12:58.0936826Z"},"nsu=http://opcfoundation.org/UA/Plc/Applications;s=SlowRandomUIntScalar3":{"Value":2541247917,"SourceTimestamp":"2024-04-27T19:12:58.0936842Z","ServerTimestamp":"2024-04-27T19:12:58.093685Z"},"nsu=http://opcfoundation.org/UA/Plc/Applications;s=BadSlowRandomUIntScalar1":{"Value":null,"StatusCode":{"Symbol":"BadNoCommunication","Code":2150694912},"SourceTimestamp":"2024-04-27T19:12:58.0936884Z","ServerTimestamp":"2024-04-27T19:12:58.0936886Z"}}]