[{"nsu=http://opcfoundation.org/UA/Plc/Applications;s=StepUp":{"Value":1099,"SourceTimestamp":"2024-04-27T19:13:07.9951702Z","ServerTimestamp":"2024-04-27T19:13:07.995175Z"},"nsu=http://opcfoundation.org/UA/Plc/Applications;s=RandomSignedInt32":{"Value":-1307156542,"SourceTimestamp":"2024-04-27T19:13:07.9952257Z","ServerTimestamp":"2024-04-27T19:13:07.9952302Z"},"nsu=http://opcfoundation.org/UA/Plc/Applications;s=RandomUnsignedInt32":{"Value":551299215,"SourceTimestamp":"2024-04-27T19:13:07.9952068Z","ServerTimestamp":"2024-04-27T19:13:07.9952081Z"},"nsu=http://opcfoundation.org/UA/Plc/Applications;s=DipData":{"Value":24.868988716485479,"SourceTimestamp":"2024-04-27T19:13:07.9952412Z","ServerTimestamp":"2024-04-27T19:13:07.9952433Z"},"nsu=http://opcfoundation.org/UA/Plc/Applications;s=FastUIntScalar1":{"Value":109,"SourceTimestamp":"2024-04-27T19:13:07.0948915Z","ServerTimestamp":"2024-04-27T19:13:07.0948942Z"},"nsu=http://opcfoundation.org/UA/Plc/Applications;s=FastUIntScalar2":{"Value":109,"SourceTimestamp":"2024-04-27T19:13:07.0949235Z","ServerTimestamp":"2024-04-27T19:13:07.0949242Z"},"nsu=http://opcfoundation.org/UA/Plc/Applications;s=FastUIntScalar3":{"Value":109,"SourceTimestamp":"2024-04-27T19:13:07.0949258Z","ServerTimestamp":"2024-04-27T19:13:07.0949264Z"},"nsu=http://opcfoundation.org/UA/Plc/Applications;s=FastRandomUIntScalar1":{"Value":2726876387,"SourceTimestamp":"2024-04-27T19:13:07.0948951Z","ServerTimestamp":"2024-04-27T19:13:07.0949446Z"},"nsu=http://opcfoundation.org/UA/Plc/Applications;s=FastRandomUIntScalar2":{"Value":4076440221,"SourceTimestamp":"2024-04-27T19:13:07.0949517Z","ServerTimestamp":"2024-04-27T19:13:07.0949815Z"},"nsu=http://opcfoundation.org/UA/Plc/Applications;s=FastRandomUIntScalar3":{"Value":935554830,"SourceTimestamp":"2024-04-27T19:13:07.0949838Z","ServerTimestamp":"2024-04-27T19:13:07.0949845Z"},"nsu=http://opcfoundation.org/UA/Plc/Applications;s=SpikeData":{"Value":24.868988716485479,"SourceTimestamp":"2024-04-27T19:13:07.9952551Z","ServerTimestamp":"2024-04-27T19:13:07.9952565Z"}}]