[{"nsu=http://opcfoundation.org/UA/Plc/Applications;s=StepUp":{"Value":1109,"SourceTimestamp":"2024-04-27T19:13:08.9998004Z","ServerTimestamp":"2024-04-27T19:13:08.9998034Z"},"nsu=http://opcfoundation.org/UA/Plc/Applications;s=AlternatingBoolean":{"Value":true,"SourceTimestamp":"2024-04-27T19:13:08.1964595Z","ServerTimestamp":"2024-04-27T19:13:08.1964686Z"},"nsu=http://opcfoundation.org/UA/Plc/Applications;s=RandomSignedInt32":{"Value":1250337968,"SourceTimestamp":"2024-04-27T19:13:08.9998228Z","ServerTimestamp":"2024-04-27T19:13:08.9998241Z"},"nsu=http://opcfoundation.org/UA/Plc/Applications;s=RandomUnsignedInt32":{"Value":1279992309,"SourceTimestamp":"2024-04-27T19:13:08.9998234Z","ServerTimestamp":"2024-04-27T19:13:08.9998288Z"},"nsu=http://opcfoundation.org/UA/Plc/Applications;s=DipData":{"Value":-84.432792550201498,"SourceTimestamp":"2024-04-27T19:13:08.9998393Z","ServerTimestamp":"2024-04-27T19:13:08.9998416Z"},"nsu=http://opcfoundation.org/UA/Plc/Applications;s=FastUIntScalar1":{"Value":110,"SourceTimestamp":"2024-04-27T19:13:08.0881602Z","ServerTimestamp":"2024-04-27T19:13:08.0881609Z"},"nsu=http://opcfoundation.org/UA/Plc/Applications;s=FastUIntScalar2":{"Value":110,"SourceTimestamp":"2024-04-27T19:13:08.0881623Z","ServerTimestamp":"2024-04-27T19:13:08.088163Z"},"nsu=http://opcfoundation.org/UA/Plc/Applications;s=FastUIntScalar3":{"Value":110,"SourceTimestamp":"2024-04-27T19:13:08.0881639Z","ServerTimestamp":"2024-04-27T19:13:08.0881687Z"},"nsu=http://opcfoundation.org/UA/Plc/Applications;s=FastRandomUIntScalar1":{"Value":2013699257,"SourceTimestamp":"2024-04-27T19:13:08.0881632Z","ServerTimestamp":"2024-04-27T19:13:08.0881648Z"},"nsu=http://opcfoundation.org/UA/Plc/Applications;s=FastRandomUIntScalar2":{"Value":930065819,"SourceTimestamp":"2024-04-27T19:13:08.0881689Z","ServerTimestamp":"2024-04-27T19:13:08.0881702Z"},"nsu=http://opcfoundation.org/UA/Plc/Applications;s=FastRandomUIntScalar3":{"Value":644122974,"SourceTimestamp":"2024-04-27T19:13:08.0881714Z","ServerTimestamp":"2024-04-27T19:13:08.0881721Z"},"nsu=http://opcfoundation.org/UA/Plc/Applications;s=NegativeTrendData":{"Value":98.299999999999997,"SourceTimestamp":"2024-04-27T19:13:08.1965127Z","ServerTimestamp":"2024-04-27T19:13:08.1965218Z"},"nsu=http://opcfoundation.org/UA/Plc/Applications;s=PositiveTrendData":{"Value":101.3,"SourceTimestamp":"2024-04-27T19:13:08.1965037Z","ServerTimestamp":"2024-04-27T19:13:08.1965052Z"},"nsu=http://opcfoundation.org/UA/Plc/Applications;s=SpikeData":{"Value":-84.432792550201498,"SourceTimestamp":"2024-04-27T19:13:08.9998389Z","ServerTimestamp":"2024-04-27T19:13:08.9998611Z"}}]