[{"nsu=http://opcfoundation.org/UA/Plc/Applications;s=StepUp":{"Value":1119,"SourceTimestamp":"2024-04-27T19:13:09.9986539Z","ServerTimestamp":"2024-04-27T19:13:09.9986586Z"},"nsu=http://opcfoundation.org/UA/Plc/Applications;s=RandomSignedInt32":{"Value":-349367197,"SourceTimestamp":"2024-04-27T19:13:09.9986948Z","ServerTimestamp":"2024-04-27T19:13:09.9987074Z"},"nsu=http://opcfoundation.org/UA/Plc/Applications;s=RandomUnsignedInt32":{"Value":1381772706,"SourceTimestamp":"2024-04-27T19:13:09.9987152Z","ServerTimestamp":"2024-04-27T19:13:09.9987164Z"},"nsu=http://opcfoundation.org/UA/Plc/Applications;s=DipData":{"Value":-77.051324277578942,"SourceTimestamp":"2024-04-27T19:13:09.9987164Z","ServerTimestamp":"2024-04-27T19:13:09.9987206Z"},"nsu=http://opcfoundation.org/UA/Plc/Applications;s=FastUIntScalar1":{"Value":111,"SourceTimestamp":"2024-04-27T19:13:09.0938883Z","ServerTimestamp":"2024-04-27T19:13:09.0938975Z"},"nsu=http://opcfoundation.org/UA/Plc/Applications;s=FastUIntScalar2":{"Value":111,"SourceTimestamp":"2024-04-27T19:13:09.0939041Z","ServerTimestamp":"2024-04-27T19:13:09.0939056Z"},"nsu=http://opcfoundation.org/UA/Plc/Applications;s=FastUIntScalar3":{"Value":111,"SourceTimestamp":"2024-04-27T19:13:09.0939068Z","ServerTimestamp":"2024-04-27T19:13:09.0939083Z"},"nsu=http://opcfoundation.org/UA/Plc/Applications;s=FastRandomUIntScalar1":{"Value":491153271,"SourceTimestamp":"2024-04-27T19:13:09.0938849Z","ServerTimestamp":"2024-04-27T19:13:09.0938871Z"},"nsu=http://opcfoundation.org/UA/Plc/Applications;s=FastRandomUIntScalar2":{"Value":132610332,"SourceTimestamp":"2024-04-27T19:13:09.0938971Z","ServerTimestamp":"2024-04-27T19:13:09.093904Z"},"nsu=http://opcfoundation.org/UA/Plc/Applications;s=FastRandomUIntScalar3":{"Value":1852916744,"SourceTimestamp":"2024-04-27T19:13:09.0939054Z","ServerTimestamp":"2024-04-27T19:13:09.0939068Z"},"nsu=http://opcfoundation.org/UA/Plc/Applications;s=SpikeData":{"Value":-77.051324277578942,"SourceTimestamp":"2024-04-27T19:13:09.9987349Z","ServerTimestamp":"2024-04-27T19:13:09.9987364Z"}}]