[{"nsu=http://opcfoundation.org/UA/Plc/Applications;s=StepUp":{"Value":1149,"SourceTimestamp":"2024-04-27T19:13:12.9962547Z","ServerTimestamp":"2024-04-27T19:13:12.9962587Z"},"nsu=http://opcfoundation.org/UA/Plc/Applications;s=RandomSignedInt32":{"Value":1151419937,"SourceTimestamp":"2024-04-27T19:13:12.9962605Z","ServerTimestamp":"2024-04-27T19:13:12.996274Z"},"nsu=http://opcfoundation.org/UA/Plc/Applications;s=RandomUnsignedInt32":{"Value":2124403260,"SourceTimestamp":"2024-04-27T19:13:12.9962915Z","ServerTimestamp":"2024-04-27T19:13:12.9963021Z"},"nsu=http://opcfoundation.org/UA/Plc/Applications;s=DipData":{"Value":24.868988716485479,"SourceTimestamp":"2024-04-27T19:13:12.9962867Z","ServerTimestamp":"2024-04-27T19:13:12.9962883Z"},"nsu=http://opcfoundation.org/UA/Plc/Applications;s=FastUIntScalar1":{"Value":114,"SourceTimestamp":"2024-04-27T19:13:12.0973594Z","ServerTimestamp":"2024-04-27T19:13:12.0973785Z"},"nsu=http://opcfoundation.org/UA/Plc/Applications;s=FastUIntScalar2":{"Value":114,"SourceTimestamp":"2024-04-27T19:13:12.0973901Z","ServerTimestamp":"2024-04-27T19:13:12.0974012Z"},"nsu=http://opcfoundation.org/UA/Plc/Applications;s=FastUIntScalar3":{"Value":114,"SourceTimestamp":"2024-04-27T19:13:12.0974029Z","ServerTimestamp":"2024-04-27T19:13:12.097405Z"},"nsu=http://opcfoundation.org/UA/Plc/Applications;s=FastRandomUIntScalar1":{"Value":3661253707,"SourceTimestamp":"2024-04-27T19:13:12.0973629Z","ServerTimestamp":"2024-04-27T19:13:12.0973911Z"},"nsu=http://opcfoundation.org/UA/Plc/Applications;s=FastRandomUIntScalar2":{"Value":980840470,"SourceTimestamp":"2024-04-27T19:13:12.0974012Z","ServerTimestamp":"2024-04-27T19:13:12.0974029Z"},"nsu=http://opcfoundation.org/UA/Plc/Applications;s=FastRandomUIntScalar3":{"Value":257245627,"SourceTimestamp":"2024-04-27T19:13:12.0974046Z","ServerTimestamp":"2024-04-27T19:13:12.0974068Z"},"nsu=http://opcfoundation.org/UA/Plc/Applications;s=SpikeData":{"Value":24.868988716485479,"SourceTimestamp":"2024-04-27T19:13:12.9963118Z","ServerTimestamp":"2024-04-27T19:13:12.9963225Z"}}]