[{"nsu=http://opcfoundation.org/UA/Plc/Applications;s=StepUp":{"Value":119,"SourceTimestamp":"2024-04-27T19:11:29.9947346Z","ServerTimestamp":"2024-04-27T19:11:29.9947373Z"},"nsu=http://opcfoundation.org/UA/Plc/Applications;s=RandomSignedInt32":{"Value":116870395,"SourceTimestamp":"2024-04-27T19:11:29.9947512Z","ServerTimestamp":"2024-04-27T19:11:29.9947607Z"},"nsu=http://opcfoundation.org/UA/Plc/Applications;s=RandomUnsignedInt32":{"Value":904561753,"SourceTimestamp":"2024-04-27T19:11:29.9947541Z","ServerTimestamp":"2024-04-27T19:11:29.9947565Z"},"nsu=http://opcfoundation.org/UA/Plc/Applications;s=DipData":{"Value":-77.051324277578942,"SourceTimestamp":"2024-04-27T19:11:29.9947637Z","ServerTimestamp":"2024-04-27T19:11:29.9947714Z"},"nsu=http://opcfoundation.org/UA/Plc/Applications;s=FastUIntScalar1":{"Value":11,"SourceTimestamp":"2024-04-27T19:11:29.1000032Z","ServerTimestamp":"2024-04-27T19:11:29.1000055Z"},"nsu=http://opcfoundation.org/UA/Plc/Applications;s=FastUIntScalar2":{"Value":11,"SourceTimestamp":"2024-04-27T19:11:29.1000152Z","ServerTimestamp":"2024-04-27T19:11:29.1000299Z"},"nsu=http://opcfoundation.org/UA/Plc/Applications;s=FastUIntScalar3":{"Value":11,"SourceTimestamp":"2024-04-27T19:11:29.1000313Z","ServerTimestamp":"2024-04-27T19:11:29.1000321Z"},"nsu=http://opcfoundation.org/UA/Plc/Applications;s=FastRandomUIntScalar1":{"Value":2681276335,"SourceTimestamp":"2024-04-27T19:11:29.1000093Z","ServerTimestamp":"2024-04-27T19:11:29.1000157Z"},"nsu=http://opcfoundation.org/UA/Plc/Applications;s=FastRandomUIntScalar2":{"Value":1794508041,"SourceTimestamp":"2024-04-27T19:11:29.1000217Z","ServerTimestamp":"2024-04-27T19:11:29.1000237Z"},"nsu=http://opcfoundation.org/UA/Plc/Applications;s=FastRandomUIntScalar3":{"Value":1739536770,"SourceTimestamp":"2024-04-27T19:11:29.1000269Z","ServerTimestamp":"2024-04-27T19:11:29.1000285Z"},"nsu=http://opcfoundation.org/UA/Plc/Applications;s=SpikeData":{"Value":-77.051324277578942,"SourceTimestamp":"2024-04-27T19:11:29.9947755Z","ServerTimestamp":"2024-04-27T19:11:29.9947817Z"}}]