[{"nsu=http://opcfoundation.org/UA/Plc/Applications;s=StepUp":{"Value":159,"SourceTimestamp":"2024-04-27T19:11:33.9971815Z","ServerTimestamp":"2024-04-27T19:11:33.9971839Z"},"nsu=http://opcfoundation.org/UA/Plc/Applications;s=AlternatingBoolean":{"Value":false,"SourceTimestamp":"2024-04-27T19:11:33.1895676Z","ServerTimestamp":"2024-04-27T19:11:33.1896618Z"},"nsu=http://opcfoundation.org/UA/Plc/Applications;s=RandomSignedInt32":{"Value":-1661786737,"SourceTimestamp":"2024-04-27T19:11:33.9972095Z","ServerTimestamp":"2024-04-27T19:11:33.9972104Z"},"nsu=http://opcfoundation.org/UA/Plc/Applications;s=RandomUnsignedInt32":{"Value":1581892966,"SourceTimestamp":"2024-04-27T19:11:33.9972118Z","ServerTimestamp":"2024-04-27T19:11:33.9972136Z"},"nsu=http://opcfoundation.org/UA/Plc/Applications;s=DipData":{"Value":-84.432792550201498,"SourceTimestamp":"2024-04-27T19:11:33.9972237Z","ServerTimestamp":"2024-04-27T19:11:33.9972242Z"},"nsu=http://opcfoundation.org/UA/Plc/Applications;s=FastUIntScalar1":{"Value":15,"SourceTimestamp":"2024-04-27T19:11:33.0950431Z","ServerTimestamp":"2024-04-27T19:11:33.095046Z"},"nsu=http://opcfoundation.org/UA/Plc/Applications;s=FastUIntScalar2":{"Value":15,"SourceTimestamp":"2024-04-27T19:11:33.0950589Z","ServerTimestamp":"2024-04-27T19:11:33.0950731Z"},"nsu=http://opcfoundation.org/UA/Plc/Applications;s=FastUIntScalar3":{"Value":15,"SourceTimestamp":"2024-04-27T19:11:33.0950756Z","ServerTimestamp":"2024-04-27T19:11:33.0951665Z"},"nsu=http://opcfoundation.org/UA/Plc/Applications;s=FastRandomUIntScalar1":{"Value":2617644435,"SourceTimestamp":"2024-04-27T19:11:33.0950529Z","ServerTimestamp":"2024-04-27T19:11:33.0950599Z"},"nsu=http://opcfoundation.org/UA/Plc/Applications;s=FastRandomUIntScalar2":{"Value":559981402,"SourceTimestamp":"2024-04-27T19:11:33.0950726Z","ServerTimestamp":"2024-04-27T19:11:33.0950762Z"},"nsu=http://opcfoundation.org/UA/Plc/Applications;s=FastRandomUIntScalar3":{"Value":938086669,"SourceTimestamp":"2024-04-27T19:11:33.0951595Z","ServerTimestamp":"2024-04-27T19:11:33.0951798Z"},"nsu=http://opcfoundation.org/UA/Plc/Applications;s=SpikeData":{"Value":-84.432792550201498,"SourceTimestamp":"2024-04-27T19:11:33.9972288Z","ServerTimestamp":"2024-04-27T19:11:33.9972297Z"}}]