[{"nsu=http://opcfoundation.org/UA/Plc/Applications;s=StepUp":{"Value":179,"SourceTimestamp":"2024-04-27T19:11:35.9918099Z","ServerTimestamp":"2024-04-27T19:11:35.9918127Z"},"nsu=http://opcfoundation.org/UA/Plc/Applications;s=RandomSignedInt32":{"Value":1466292162,"SourceTimestamp":"2024-04-27T19:11:35.9918198Z","ServerTimestamp":"2024-04-27T19:11:35.9918301Z"},"nsu=http://opcfoundation.org/UA/Plc/Applications;s=RandomUnsignedInt32":{"Value":1428913403,"SourceTimestamp":"2024-04-27T19:11:35.9918308Z","ServerTimestamp":"2024-04-27T19:11:35.9918604Z"},"nsu=http://opcfoundation.org/UA/Plc/Applications;s=DipData":{"Value":36.812455268467772,"SourceTimestamp":"2024-04-27T19:11:35.9918332Z","ServerTimestamp":"2024-04-27T19:11:35.9918359Z"},"nsu=http://opcfoundation.org/UA/Plc/Applications;s=FastUIntScalar1":{"Value":17,"SourceTimestamp":"2024-04-27T19:11:35.0938946Z","ServerTimestamp":"2024-04-27T19:11:35.0938972Z"},"nsu=http://opcfoundation.org/UA/Plc/Applications;s=FastUIntScalar2":{"Value":17,"SourceTimestamp":"2024-04-27T19:11:35.0939058Z","ServerTimestamp":"2024-04-27T19:11:35.0939112Z"},"nsu=http://opcfoundation.org/UA/Plc/Applications;s=FastUIntScalar3":{"Value":17,"SourceTimestamp":"2024-04-27T19:11:35.0939125Z","ServerTimestamp":"2024-04-27T19:11:35.0939146Z"},"nsu=http://opcfoundation.org/UA/Plc/Applications;s=FastRandomUIntScalar1":{"Value":584704753,"SourceTimestamp":"2024-04-27T19:11:35.0938965Z","ServerTimestamp":"2024-04-27T19:11:35.0939061Z"},"nsu=http://opcfoundation.org/UA/Plc/Applications;s=FastRandomUIntScalar2":{"Value":3249691836,"SourceTimestamp":"2024-04-27T19:11:35.0939108Z","ServerTimestamp":"2024-04-27T19:11:35.0939136Z"},"nsu=http://opcfoundation.org/UA/Plc/Applications;s=FastRandomUIntScalar3":{"Value":931250694,"SourceTimestamp":"2024-04-27T19:11:35.0939146Z","ServerTimestamp":"2024-04-27T19:11:35.0939158Z"},"nsu=http://opcfoundation.org/UA/Plc/Applications;s=SpikeData":{"Value":36.812455268467772,"SourceTimestamp":"2024-04-27T19:11:35.9918552Z","ServerTimestamp":"2024-04-27T19:11:35.9918563Z"}}]