[{"nsu=http://opcfoundation.org/UA/Plc/Applications;s=StepUp":{"Value":19,"SourceTimestamp":"2024-04-27T19:11:19.9971681Z","ServerTimestamp":"2024-04-27T19:11:19.997171Z"},"nsu=http://opcfoundation.org/UA/Plc/Applications;s=AlternatingBoolean":{"Value":true,"SourceTimestamp":"2024-04-27T19:11:18.9890518Z","ServerTimestamp":"2024-04-27T19:11:19.0206934Z"},"nsu=http://opcfoundation.org/UA/Plc/Applications;s=RandomSignedInt32":{"Value":-378717620,"SourceTimestamp":"2024-04-27T19:11:19.9971783Z","ServerTimestamp":"2024-04-27T19:11:19.9971816Z"},"nsu=http://opcfoundation.org/UA/Plc/Applications;s=RandomUnsignedInt32":{"Value":305043151,"SourceTimestamp":"2024-04-27T19:11:19.9972017Z","ServerTimestamp":"2024-04-27T19:11:19.9972032Z"},"nsu=http://opcfoundation.org/UA/Plc/Applications;s=DipData":{"Value":-77.051324277578942,"SourceTimestamp":"2024-04-27T19:11:19.9972031Z","ServerTimestamp":"2024-04-27T19:11:19.9972102Z"},"nsu=http://opcfoundation.org/UA/Plc/Applications;s=FastUIntScalar1":{"Value":1,"SourceTimestamp":"2024-04-27T19:11:19.0863261Z","ServerTimestamp":"2024-04-27T19:11:19.0863346Z"},"nsu=http://opcfoundation.org/UA/Plc/Applications;s=FastUIntScalar2":{"Value":1,"SourceTimestamp":"2024-04-27T19:11:19.0863407Z","ServerTimestamp":"2024-04-27T19:11:19.0863437Z"},"nsu=http://opcfoundation.org/UA/Plc/Applications;s=FastUIntScalar3":{"Value":1,"SourceTimestamp":"2024-04-27T19:11:19.0863449Z","ServerTimestamp":"2024-04-27T19:11:19.0863461Z"},"nsu=http://opcfoundation.org/UA/Plc/Applications;s=FastRandomUIntScalar1":{"Value":1002176989,"SourceTimestamp":"2024-04-27T19:11:19.0861783Z","ServerTimestamp":"2024-04-27T19:11:19.0861798Z"},"nsu=http://opcfoundation.org/UA/Plc/Applications;s=FastRandomUIntScalar2":{"Value":445599644,"SourceTimestamp":"2024-04-27T19:11:19.0863361Z","ServerTimestamp":"2024-04-27T19:11:19.0863409Z"},"nsu=http://opcfoundation.org/UA/Plc/Applications;s=FastRandomUIntScalar3":{"Value":1014948929,"SourceTimestamp":"2024-04-27T19:11:19.0863435Z","ServerTimestamp":"2024-04-27T19:11:19.0863451Z"},"nsu=http://opcfoundation.org/UA/Plc/Applications;s=NegativeTrendData":{"Value":100,"SourceTimestamp":"2024-04-27T19:11:18.9890608Z","ServerTimestamp":"2024-04-27T19:11:19.0207116Z"},"nsu=http://opcfoundation.org/UA/Plc/Applications;s=PositiveTrendData":{"Value":100,"SourceTimestamp":"2024-04-27T19:11:18.9890623Z","ServerTimestamp":"2024-04-27T19:11:19.0207131Z"},"nsu=http://opcfoundation.org/UA/Plc/Applications;s=SpikeData":{"Value":-77.051324277578942,"SourceTimestamp":"2024-04-27T19:11:19.9972218Z","ServerTimestamp":"2024-04-27T19:11:19.9972233Z"}}]