[{"nsu=http://opcfoundation.org/UA/Plc/Applications;s=StepUp":{"Value":199,"SourceTimestamp":"2024-04-27T19:11:37.991765Z","ServerTimestamp":"2024-04-27T19:11:37.9917693Z"},"nsu=http://opcfoundation.org/UA/Plc/Applications;s=RandomSignedInt32":{"Value":1569513391,"SourceTimestamp":"2024-04-27T19:11:37.9918403Z","ServerTimestamp":"2024-04-27T19:11:37.9918416Z"},"nsu=http://opcfoundation.org/UA/Plc/Applications;s=RandomUnsignedInt32":{"Value":1745386192,"SourceTimestamp":"2024-04-27T19:11:37.9918055Z","ServerTimestamp":"2024-04-27T19:11:37.9918069Z"},"nsu=http://opcfoundation.org/UA/Plc/Applications;s=DipData":{"Value":24.868988716485479,"SourceTimestamp":"2024-04-27T19:11:37.9918336Z","ServerTimestamp":"2024-04-27T19:11:37.9918345Z"},"nsu=http://opcfoundation.org/UA/Plc/Applications;s=FastUIntScalar1":{"Value":19,"SourceTimestamp":"2024-04-27T19:11:37.0924365Z","ServerTimestamp":"2024-04-27T19:11:37.0924387Z"},"nsu=http://opcfoundation.org/UA/Plc/Applications;s=FastUIntScalar2":{"Value":19,"SourceTimestamp":"2024-04-27T19:11:37.0924477Z","ServerTimestamp":"2024-04-27T19:11:37.092454Z"},"nsu=http://opcfoundation.org/UA/Plc/Applications;s=FastUIntScalar3":{"Value":19,"SourceTimestamp":"2024-04-27T19:11:37.092455Z","ServerTimestamp":"2024-04-27T19:11:37.0924611Z"},"nsu=http://opcfoundation.org/UA/Plc/Applications;s=FastRandomUIntScalar1":{"Value":141931368,"SourceTimestamp":"2024-04-27T19:11:37.0924414Z","ServerTimestamp":"2024-04-27T19:11:37.0924482Z"},"nsu=http://opcfoundation.org/UA/Plc/Applications;s=FastRandomUIntScalar2":{"Value":927933770,"SourceTimestamp":"2024-04-27T19:11:37.092454Z","ServerTimestamp":"2024-04-27T19:11:37.0924551Z"},"nsu=http://opcfoundation.org/UA/Plc/Applications;s=FastRandomUIntScalar3":{"Value":1593927175,"SourceTimestamp":"2024-04-27T19:11:37.0924565Z","ServerTimestamp":"2024-04-27T19:11:37.0924622Z"},"nsu=http://opcfoundation.org/UA/Plc/Applications;s=SpikeData":{"Value":24.868988716485479,"SourceTimestamp":"2024-04-27T19:11:37.991848Z","ServerTimestamp":"2024-04-27T19:11:37.9918496Z"}}]