[{"nsu=http://opcfoundation.org/UA/Plc/Applications;s=StepUp":{"Value":239,"SourceTimestamp":"2024-04-27T19:11:41.9897995Z","ServerTimestamp":"2024-04-27T19:11:41.9898031Z"},"nsu=http://opcfoundation.org/UA/Plc/Applications;s=RandomSignedInt32":{"Value":1797118848,"SourceTimestamp":"2024-04-27T19:11:41.9898434Z","ServerTimestamp":"2024-04-27T19:11:41.9898441Z"},"nsu=http://opcfoundation.org/UA/Plc/Applications;s=RandomUnsignedInt32":{"Value":1729951937,"SourceTimestamp":"2024-04-27T19:11:41.9898443Z","ServerTimestamp":"2024-04-27T19:11:41.9898461Z"},"nsu=http://opcfoundation.org/UA/Plc/Applications;s=DipData":{"Value":99.80267284282715,"SourceTimestamp":"2024-04-27T19:11:41.8951781Z","ServerTimestamp":"2024-04-27T19:11:41.8951886Z"},"nsu=http://opcfoundation.org/UA/Plc/Applications;s=FastUIntScalar1":{"Value":23,"SourceTimestamp":"2024-04-27T19:11:41.0872655Z","ServerTimestamp":"2024-04-27T19:11:41.0872694Z"},"nsu=http://opcfoundation.org/UA/Plc/Applications;s=FastUIntScalar2":{"Value":23,"SourceTimestamp":"2024-04-27T19:11:41.0872842Z","ServerTimestamp":"2024-04-27T19:11:41.0872854Z"},"nsu=http://opcfoundation.org/UA/Plc/Applications;s=FastUIntScalar3":{"Value":23,"SourceTimestamp":"2024-04-27T19:11:41.0872877Z","ServerTimestamp":"2024-04-27T19:11:41.0872889Z"},"nsu=http://opcfoundation.org/UA/Plc/Applications;s=FastRandomUIntScalar1":{"Value":440440621,"SourceTimestamp":"2024-04-27T19:11:41.0872782Z","ServerTimestamp":"2024-04-27T19:11:41.0872985Z"},"nsu=http://opcfoundation.org/UA/Plc/Applications;s=FastRandomUIntScalar2":{"Value":2554236292,"SourceTimestamp":"2024-04-27T19:11:41.0873105Z","ServerTimestamp":"2024-04-27T19:11:41.0873213Z"},"nsu=http://opcfoundation.org/UA/Plc/Applications;s=FastRandomUIntScalar3":{"Value":4021278622,"SourceTimestamp":"2024-04-27T19:11:41.087324Z","ServerTimestamp":"2024-04-27T19:11:41.0873255Z"},"nsu=http://opcfoundation.org/UA/Plc/Applications;s=SpikeData":{"Value":99.80267284282715,"SourceTimestamp":"2024-04-27T19:11:41.8952121Z","ServerTimestamp":"2024-04-27T19:11:41.8952152Z"}}]