[{"nsu=http://opcfoundation.org/UA/Plc/Applications;s=StepUp":{"Value":339,"SourceTimestamp":"2024-04-27T19:11:51.9962851Z","ServerTimestamp":"2024-04-27T19:11:51.9962885Z"},"nsu=http://opcfoundation.org/UA/Plc/Applications;s=RandomSignedInt32":{"Value":1922907108,"SourceTimestamp":"2024-04-27T19:11:51.9963223Z","ServerTimestamp":"2024-04-27T19:11:51.9963249Z"},"nsu=http://opcfoundation.org/UA/Plc/Applications;s=RandomUnsignedInt32":{"Value":313328017,"SourceTimestamp":"2024-04-27T19:11:51.9963246Z","ServerTimestamp":"2024-04-27T19:11:51.9963331Z"},"nsu=http://opcfoundation.org/UA/Plc/Applications;s=DipData":{"Value":99.80267284282715,"SourceTimestamp":"2024-04-27T19:11:51.8882071Z","ServerTimestamp":"2024-04-27T19:11:51.8882106Z"},"nsu=http://opcfoundation.org/UA/Plc/Applications;s=FastUIntScalar1":{"Value":33,"SourceTimestamp":"2024-04-27T19:11:51.0929381Z","ServerTimestamp":"2024-04-27T19:11:51.0929417Z"},"nsu=http://opcfoundation.org/UA/Plc/Applications;s=FastUIntScalar2":{"Value":33,"SourceTimestamp":"2024-04-27T19:11:51.092955Z","ServerTimestamp":"2024-04-27T19:11:51.0929614Z"},"nsu=http://opcfoundation.org/UA/Plc/Applications;s=FastUIntScalar3":{"Value":33,"SourceTimestamp":"2024-04-27T19:11:51.0929637Z","ServerTimestamp":"2024-04-27T19:11:51.092967Z"},"nsu=http://opcfoundation.org/UA/Plc/Applications;s=FastRandomUIntScalar1":{"Value":1616478084,"SourceTimestamp":"2024-04-27T19:11:51.0929389Z","ServerTimestamp":"2024-04-27T19:11:51.0929554Z"},"nsu=http://opcfoundation.org/UA/Plc/Applications;s=FastRandomUIntScalar2":{"Value":1846247151,"SourceTimestamp":"2024-04-27T19:11:51.0929606Z","ServerTimestamp":"2024-04-27T19:11:51.0929641Z"},"nsu=http://opcfoundation.org/UA/Plc/Applications;s=FastRandomUIntScalar3":{"Value":34972209,"SourceTimestamp":"2024-04-27T19:11:51.0929667Z","ServerTimestamp":"2024-04-27T19:11:51.0929692Z"},"nsu=http://opcfoundation.org/UA/Plc/Applications;s=SpikeData":{"Value":99.80267284282715,"SourceTimestamp":"2024-04-27T19:11:51.8882157Z","ServerTimestamp":"2024-04-27T19:11:51.8882194Z"}}]