[{"nsu=http://opcfoundation.org/UA/Plc/Applications;s=StepUp":{"Value":399,"SourceTimestamp":"2024-04-27T19:11:57.9942916Z","ServerTimestamp":"2024-04-27T19:11:57.994295Z"},"nsu=http://opcfoundation.org/UA/Plc/Applications;s=RandomSignedInt32":{"Value":2027112749,"SourceTimestamp":"2024-04-27T19:11:57.9943018Z","ServerTimestamp":"2024-04-27T19:11:57.9943543Z"},"nsu=http://opcfoundation.org/UA/Plc/Applications;s=RandomUnsignedInt32":{"Value":1416438989,"SourceTimestamp":"2024-04-27T19:11:57.9943158Z","ServerTimestamp":"2024-04-27T19:11:57.9943175Z"},"nsu=http://opcfoundation.org/UA/Plc/Applications;s=DipData":{"Value":24.868988716485479,"SourceTimestamp":"2024-04-27T19:11:57.994331Z","ServerTimestamp":"2024-04-27T19:11:57.9943343Z"},"nsu=http://opcfoundation.org/UA/Plc/Applications;s=FastUIntScalar1":{"Value":39,"SourceTimestamp":"2024-04-27T19:11:57.0979986Z","ServerTimestamp":"2024-04-27T19:11:57.0980007Z"},"nsu=http://opcfoundation.org/UA/Plc/Applications;s=FastUIntScalar2":{"Value":39,"SourceTimestamp":"2024-04-27T19:11:57.0980082Z","ServerTimestamp":"2024-04-27T19:11:57.0980159Z"},"nsu=http://opcfoundation.org/UA/Plc/Applications;s=FastUIntScalar3":{"Value":39,"SourceTimestamp":"2024-04-27T19:11:57.0980171Z","ServerTimestamp":"2024-04-27T19:11:57.0980187Z"},"nsu=http://opcfoundation.org/UA/Plc/Applications;s=FastRandomUIntScalar1":{"Value":2480216110,"SourceTimestamp":"2024-04-27T19:11:57.0980017Z","ServerTimestamp":"2024-04-27T19:11:57.0980089Z"},"nsu=http://opcfoundation.org/UA/Plc/Applications;s=FastRandomUIntScalar2":{"Value":1922642557,"SourceTimestamp":"2024-04-27T19:11:57.0980159Z","ServerTimestamp":"2024-04-27T19:11:57.0980175Z"},"nsu=http://opcfoundation.org/UA/Plc/Applications;s=FastRandomUIntScalar3":{"Value":326292713,"SourceTimestamp":"2024-04-27T19:11:57.0980186Z","ServerTimestamp":"2024-04-27T19:11:57.0980197Z"},"nsu=http://opcfoundation.org/UA/Plc/Applications;s=SpikeData":{"Value":24.868988716485479,"SourceTimestamp":"2024-04-27T19:11:57.9943367Z","ServerTimestamp":"2024-04-27T19:11:57.9943472Z"}}]