[{"nsu=http://opcfoundation.org/UA/Plc/Applications;s=StepUp":{"Value":409,"SourceTimestamp":"2024-04-27T19:11:58.9853001Z","ServerTimestamp":"2024-04-27T19:11:58.9853087Z"},"nsu=http://opcfoundation.org/UA/Plc/Applications;s=AlternatingBoolean":{"Value":true,"SourceTimestamp":"2024-04-27T19:11:58.1964466Z","ServerTimestamp":"2024-04-27T19:11:58.1964498Z"},"nsu=http://opcfoundation.org/UA/Plc/Applications;s=RandomSignedInt32":{"Value":933859576,"SourceTimestamp":"2024-04-27T19:11:58.9853279Z","ServerTimestamp":"2024-04-27T19:11:58.9853285Z"},"nsu=http://opcfoundation.org/UA/Plc/Applications;s=RandomUnsignedInt32":{"Value":277863764,"SourceTimestamp":"2024-04-27T19:11:58.985332Z","ServerTimestamp":"2024-04-27T19:11:58.9853327Z"},"nsu=http://opcfoundation.org/UA/Plc/Applications;s=DipData":{"Value":-84.432792550201498,"SourceTimestamp":"2024-04-27T19:11:58.9853434Z","ServerTimestamp":"2024-04-27T19:11:58.9853437Z"},"nsu=http://opcfoundation.org/UA/Plc/Applications;s=FastUIntScalar1":{"Value":40,"SourceTimestamp":"2024-04-27T19:11:58.088541Z","ServerTimestamp":"2024-04-27T19:11:58.0885431Z"},"nsu=http://opcfoundation.org/UA/Plc/Applications;s=FastUIntScalar2":{"Value":40,"SourceTimestamp":"2024-04-27T19:11:58.0885487Z","ServerTimestamp":"2024-04-27T19:11:58.0885522Z"},"nsu=http://opcfoundation.org/UA/Plc/Applications;s=FastUIntScalar3":{"Value":40,"SourceTimestamp":"2024-04-27T19:11:58.0885541Z","ServerTimestamp":"2024-04-27T19:11:58.0885548Z"},"nsu=http://opcfoundation.org/UA/Plc/Applications;s=FastRandomUIntScalar1":{"Value":1144551800,"SourceTimestamp":"2024-04-27T19:11:58.0885425Z","ServerTimestamp":"2024-04-27T19:11:58.0885495Z"},"nsu=http://opcfoundation.org/UA/Plc/Applications;s=FastRandomUIntScalar2":{"Value":4270094458,"SourceTimestamp":"2024-04-27T19:11:58.0885518Z","ServerTimestamp":"2024-04-27T19:11:58.0885574Z"},"nsu=http://opcfoundation.org/UA/Plc/Applications;s=FastRandomUIntScalar3":{"Value":1361238219,"SourceTimestamp":"2024-04-27T19:11:58.0885598Z","ServerTimestamp":"2024-04-27T19:11:58.0885608Z"},"nsu=http://opcfoundation.org/UA/Plc/Applications;s=NegativeTrendData":{"Value":99.700000000000003,"SourceTimestamp":"2024-04-27T19:11:58.1965032Z","ServerTimestamp":"2024-04-27T19:11:58.1965135Z"},"nsu=http://opcfoundation.org/UA/Plc/Applications;s=SpikeData":{"Value":-84.432792550201498,"SourceTimestamp":"2024-04-27T19:11:58.9853495Z","ServerTimestamp":"2024-04-27T19:11:58.98535Z"}}]