[{"nsu=http://opcfoundation.org/UA/Plc/Applications;s=StepUp":{"Value":429,"SourceTimestamp":"2024-04-27T19:12:00.9939331Z","ServerTimestamp":"2024-04-27T19:12:00.993936Z"},"nsu=http://opcfoundation.org/UA/Plc/Applications;s=RandomSignedInt32":{"Value":-1559138552,"SourceTimestamp":"2024-04-27T19:12:00.9939531Z","ServerTimestamp":"2024-04-27T19:12:00.9939545Z"},"nsu=http://opcfoundation.org/UA/Plc/Applications;s=RandomUnsignedInt32":{"Value":270864615,"SourceTimestamp":"2024-04-27T19:12:00.9939705Z","ServerTimestamp":"2024-04-27T19:12:00.9939721Z"},"nsu=http://opcfoundation.org/UA/Plc/Applications;s=DipData":{"Value":36.812455268467772,"SourceTimestamp":"2024-04-27T19:12:00.9939776Z","ServerTimestamp":"2024-04-27T19:12:00.9939782Z"},"nsu=http://opcfoundation.org/UA/Plc/Applications;s=FastUIntScalar1":{"Value":42,"SourceTimestamp":"2024-04-27T19:12:00.0956608Z","ServerTimestamp":"2024-04-27T19:12:00.0956631Z"},"nsu=http://opcfoundation.org/UA/Plc/Applications;s=FastUIntScalar2":{"Value":42,"SourceTimestamp":"2024-04-27T19:12:00.095673Z","ServerTimestamp":"2024-04-27T19:12:00.0956797Z"},"nsu=http://opcfoundation.org/UA/Plc/Applications;s=FastUIntScalar3":{"Value":42,"SourceTimestamp":"2024-04-27T19:12:00.095681Z","ServerTimestamp":"2024-04-27T19:12:00.0956823Z"},"nsu=http://opcfoundation.org/UA/Plc/Applications;s=FastRandomUIntScalar1":{"Value":3863910032,"SourceTimestamp":"2024-04-27T19:12:00.0956628Z","ServerTimestamp":"2024-04-27T19:12:00.0956734Z"},"nsu=http://opcfoundation.org/UA/Plc/Applications;s=FastRandomUIntScalar2":{"Value":3780637196,"SourceTimestamp":"2024-04-27T19:12:00.0956796Z","ServerTimestamp":"2024-04-27T19:12:00.0956811Z"},"nsu=http://opcfoundation.org/UA/Plc/Applications;s=FastRandomUIntScalar3":{"Value":2601003324,"SourceTimestamp":"2024-04-27T19:12:00.0956823Z","ServerTimestamp":"2024-04-27T19:12:00.0956838Z"},"nsu=http://opcfoundation.org/UA/Plc/Applications;s=SpikeData":{"Value":36.812455268467772,"SourceTimestamp":"2024-04-27T19:12:00.9939826Z","ServerTimestamp":"2024-04-27T19:12:00.9939831Z"}}]