[{"nsu=http://opcfoundation.org/UA/Plc/Applications;s=StepUp":{"Value":449,"SourceTimestamp":"2024-04-27T19:12:02.9944239Z","ServerTimestamp":"2024-04-27T19:12:02.9944264Z"},"nsu=http://opcfoundation.org/UA/Plc/Applications;s=RandomSignedInt32":{"Value":1516462745,"SourceTimestamp":"2024-04-27T19:12:02.9944431Z","ServerTimestamp":"2024-04-27T19:12:02.9944511Z"},"nsu=http://opcfoundation.org/UA/Plc/Applications;s=RandomUnsignedInt32":{"Value":226057091,"SourceTimestamp":"2024-04-27T19:12:02.9944533Z","ServerTimestamp":"2024-04-27T19:12:02.9944566Z"},"nsu=http://opcfoundation.org/UA/Plc/Applications;s=DipData":{"Value":24.868988716485479,"SourceTimestamp":"2024-04-27T19:12:02.99446Z","ServerTimestamp":"2024-04-27T19:12:02.9944607Z"},"nsu=http://opcfoundation.org/UA/Plc/Applications;s=FastUIntScalar1":{"Value":44,"SourceTimestamp":"2024-04-27T19:12:02.0934269Z","ServerTimestamp":"2024-04-27T19:12:02.0934299Z"},"nsu=http://opcfoundation.org/UA/Plc/Applications;s=FastUIntScalar2":{"Value":44,"SourceTimestamp":"2024-04-27T19:12:02.0934419Z","ServerTimestamp":"2024-04-27T19:12:02.0934471Z"},"nsu=http://opcfoundation.org/UA/Plc/Applications;s=FastUIntScalar3":{"Value":44,"SourceTimestamp":"2024-04-27T19:12:02.0934491Z","ServerTimestamp":"2024-04-27T19:12:02.0934523Z"},"nsu=http://opcfoundation.org/UA/Plc/Applications;s=FastRandomUIntScalar1":{"Value":4164486298,"SourceTimestamp":"2024-04-27T19:12:02.093427Z","ServerTimestamp":"2024-04-27T19:12:02.0934418Z"},"nsu=http://opcfoundation.org/UA/Plc/Applications;s=FastRandomUIntScalar2":{"Value":479619192,"SourceTimestamp":"2024-04-27T19:12:02.0934468Z","ServerTimestamp":"2024-04-27T19:12:02.0934498Z"},"nsu=http://opcfoundation.org/UA/Plc/Applications;s=FastRandomUIntScalar3":{"Value":1316320447,"SourceTimestamp":"2024-04-27T19:12:02.093452Z","ServerTimestamp":"2024-04-27T19:12:02.0934549Z"},"nsu=http://opcfoundation.org/UA/Plc/Applications;s=SpikeData":{"Value":24.868988716485479,"SourceTimestamp":"2024-04-27T19:12:02.9944821Z","ServerTimestamp":"2024-04-27T19:12:02.9944837Z"}}]