[{"nsu=http://opcfoundation.org/UA/Plc/Applications;s=StepUp":{"Value":529,"SourceTimestamp":"2024-04-27T19:12:10.9937586Z","ServerTimestamp":"2024-04-27T19:12:10.9937622Z"},"nsu=http://opcfoundation.org/UA/Plc/Applications;s=RandomSignedInt32":{"Value":-1930580639,"SourceTimestamp":"2024-04-27T19:12:10.9937781Z","ServerTimestamp":"2024-04-27T19:12:10.9937788Z"},"nsu=http://opcfoundation.org/UA/Plc/Applications;s=RandomUnsignedInt32":{"Value":130608098,"SourceTimestamp":"2024-04-27T19:12:10.9937827Z","ServerTimestamp":"2024-04-27T19:12:10.9937833Z"},"nsu=http://opcfoundation.org/UA/Plc/Applications;s=DipData":{"Value":36.812455268467772,"SourceTimestamp":"2024-04-27T19:12:10.9937949Z","ServerTimestamp":"2024-04-27T19:12:10.9937956Z"},"nsu=http://opcfoundation.org/UA/Plc/Applications;s=FastUIntScalar1":{"Value":52,"SourceTimestamp":"2024-04-27T19:12:10.0970365Z","ServerTimestamp":"2024-04-27T19:12:10.0970398Z"},"nsu=http://opcfoundation.org/UA/Plc/Applications;s=FastUIntScalar2":{"Value":52,"SourceTimestamp":"2024-04-27T19:12:10.0970511Z","ServerTimestamp":"2024-04-27T19:12:10.0970519Z"},"nsu=http://opcfoundation.org/UA/Plc/Applications;s=FastUIntScalar3":{"Value":52,"SourceTimestamp":"2024-04-27T19:12:10.0970533Z","ServerTimestamp":"2024-04-27T19:12:10.0970666Z"},"nsu=http://opcfoundation.org/UA/Plc/Applications;s=FastRandomUIntScalar1":{"Value":2092284089,"SourceTimestamp":"2024-04-27T19:12:10.0970514Z","ServerTimestamp":"2024-04-27T19:12:10.0970548Z"},"nsu=http://opcfoundation.org/UA/Plc/Applications;s=FastRandomUIntScalar2":{"Value":3315939525,"SourceTimestamp":"2024-04-27T19:12:10.0970664Z","ServerTimestamp":"2024-04-27T19:12:10.097068Z"},"nsu=http://opcfoundation.org/UA/Plc/Applications;s=FastRandomUIntScalar3":{"Value":2551723489,"SourceTimestamp":"2024-04-27T19:12:10.0970695Z","ServerTimestamp":"2024-04-27T19:12:10.0970703Z"},"nsu=http://opcfoundation.org/UA/Plc/Applications;s=SpikeData":{"Value":36.812455268467772,"SourceTimestamp":"2024-04-27T19:12:10.9938031Z","ServerTimestamp":"2024-04-27T19:12:10.9938045Z"}}]