[{"nsu=http://opcfoundation.org/UA/Plc/Applications;s=StepUp":{"Value":549,"SourceTimestamp":"2024-04-27T19:12:12.996557Z","ServerTimestamp":"2024-04-27T19:12:12.9965619Z"},"nsu=http://opcfoundation.org/UA/Plc/Applications;s=RandomSignedInt32":{"Value":1353021208,"SourceTimestamp":"2024-04-27T19:12:12.9966103Z","ServerTimestamp":"2024-04-27T19:12:12.9966131Z"},"nsu=http://opcfoundation.org/UA/Plc/Applications;s=RandomUnsignedInt32":{"Value":541366184,"SourceTimestamp":"2024-04-27T19:12:12.9965993Z","ServerTimestamp":"2024-04-27T19:12:12.9966005Z"},"nsu=http://opcfoundation.org/UA/Plc/Applications;s=DipData":{"Value":24.868988716485479,"SourceTimestamp":"2024-04-27T19:12:12.9966185Z","ServerTimestamp":"2024-04-27T19:12:12.9966235Z"},"nsu=http://opcfoundation.org/UA/Plc/Applications;s=FastUIntScalar1":{"Value":54,"SourceTimestamp":"2024-04-27T19:12:12.09455Z","ServerTimestamp":"2024-04-27T19:12:12.0945589Z"},"nsu=http://opcfoundation.org/UA/Plc/Applications;s=FastUIntScalar2":{"Value":54,"SourceTimestamp":"2024-04-27T19:12:12.0945669Z","ServerTimestamp":"2024-04-27T19:12:12.0945685Z"},"nsu=http://opcfoundation.org/UA/Plc/Applications;s=FastUIntScalar3":{"Value":54,"SourceTimestamp":"2024-04-27T19:12:12.09457Z","ServerTimestamp":"2024-04-27T19:12:12.0945718Z"},"nsu=http://opcfoundation.org/UA/Plc/Applications;s=FastRandomUIntScalar1":{"Value":4252829274,"SourceTimestamp":"2024-04-27T19:12:12.0945454Z","ServerTimestamp":"2024-04-27T19:12:12.094548Z"},"nsu=http://opcfoundation.org/UA/Plc/Applications;s=FastRandomUIntScalar2":{"Value":2007680268,"SourceTimestamp":"2024-04-27T19:12:12.0945587Z","ServerTimestamp":"2024-04-27T19:12:12.0945669Z"},"nsu=http://opcfoundation.org/UA/Plc/Applications;s=FastRandomUIntScalar3":{"Value":259581299,"SourceTimestamp":"2024-04-27T19:12:12.0945684Z","ServerTimestamp":"2024-04-27T19:12:12.09457Z"},"nsu=http://opcfoundation.org/UA/Plc/Applications;s=SpikeData":{"Value":24.868988716485479,"SourceTimestamp":"2024-04-27T19:12:12.9966352Z","ServerTimestamp":"2024-04-27T19:12:12.9966367Z"}}]