[{"nsu=http://opcfoundation.org/UA/Plc/Applications;s=AlternatingBoolean":{"Value":false,"SourceTimestamp":"2024-04-27T19:12:13.1982437Z","ServerTimestamp":"2024-04-27T19:12:13.1982666Z"},"nsu=http://opcfoundation.org/UA/Plc/Applications;s=NegativeTrendData":{"Value":99.400000000000006,"SourceTimestamp":"2024-04-27T19:12:13.1982951Z","ServerTimestamp":"2024-04-27T19:12:13.198297Z"},"nsu=http://opcfoundation.org/UA/Plc/Applications;s=PositiveTrendData":{"Value":100.2,"SourceTimestamp":"2024-04-27T19:12:13.1982994Z","ServerTimestamp":"2024-04-27T19:12:13.1983011Z"}}]