[{"nsu=http://opcfoundation.org/UA/Plc/Applications;s=StepUp":{"Value":569,"SourceTimestamp":"2024-04-27T19:12:14.9913971Z","ServerTimestamp":"2024-04-27T19:12:14.9914019Z"},"nsu=http://opcfoundation.org/UA/Plc/Applications;s=RandomSignedInt32":{"Value":1025053048,"SourceTimestamp":"2024-04-27T19:12:14.9914575Z","ServerTimestamp":"2024-04-27T19:12:14.9914665Z"},"nsu=http://opcfoundation.org/UA/Plc/Applications;s=RandomUnsignedInt32":{"Value":51921647,"SourceTimestamp":"2024-04-27T19:12:14.9914709Z","ServerTimestamp":"2024-04-27T19:12:14.991472Z"},"nsu=http://opcfoundation.org/UA/Plc/Applications;s=DipData":{"Value":-1000,"SourceTimestamp":"2024-04-27T19:12:14.9914777Z","ServerTimestamp":"2024-04-27T19:12:14.9914791Z"},"nsu=http://opcfoundation.org/UA/Plc/Applications;s=FastUIntScalar1":{"Value":56,"SourceTimestamp":"2024-04-27T19:12:14.0967641Z","ServerTimestamp":"2024-04-27T19:12:14.0967663Z"},"nsu=http://opcfoundation.org/UA/Plc/Applications;s=FastUIntScalar2":{"Value":56,"SourceTimestamp":"2024-04-27T19:12:14.0967759Z","ServerTimestamp":"2024-04-27T19:12:14.0967837Z"},"nsu=http://opcfoundation.org/UA/Plc/Applications;s=FastUIntScalar3":{"Value":56,"SourceTimestamp":"2024-04-27T19:12:14.0967849Z","ServerTimestamp":"2024-04-27T19:12:14.0967864Z"},"nsu=http://opcfoundation.org/UA/Plc/Applications;s=FastRandomUIntScalar1":{"Value":899803784,"SourceTimestamp":"2024-04-27T19:12:14.0967652Z","ServerTimestamp":"2024-04-27T19:12:14.0967767Z"},"nsu=http://opcfoundation.org/UA/Plc/Applications;s=FastRandomUIntScalar2":{"Value":2314697868,"SourceTimestamp":"2024-04-27T19:12:14.0967838Z","ServerTimestamp":"2024-04-27T19:12:14.0967848Z"},"nsu=http://opcfoundation.org/UA/Plc/Applications;s=FastRandomUIntScalar3":{"Value":2061916226,"SourceTimestamp":"2024-04-27T19:12:14.0967866Z","ServerTimestamp":"2024-04-27T19:12:14.0967873Z"},"nsu=http://opcfoundation.org/UA/Plc/Applications;s=SpikeData":{"Value":-77.051324277578942,"SourceTimestamp":"2024-04-27T19:12:14.9914763Z","ServerTimestamp":"2024-04-27T19:12:14.9914775Z"}}]