[{"nsu=http://opcfoundation.org/UA/Plc/Applications;s=StepUp":{"Value":59,"SourceTimestamp":"2024-04-27T19:11:23.9892683Z","ServerTimestamp":"2024-04-27T19:11:23.9892731Z"},"nsu=http://opcfoundation.org/UA/Plc/Applications;s=AlternatingBoolean":{"Value":false,"SourceTimestamp":"2024-04-27T19:11:23.1955296Z","ServerTimestamp":"2024-04-27T19:11:23.1955622Z"},"nsu=http://opcfoundation.org/UA/Plc/Applications;s=RandomSignedInt32":{"Value":1568369560,"SourceTimestamp":"2024-04-27T19:11:23.9892801Z","ServerTimestamp":"2024-04-27T19:11:23.9892823Z"},"nsu=http://opcfoundation.org/UA/Plc/Applications;s=RandomUnsignedInt32":{"Value":1592964603,"SourceTimestamp":"2024-04-27T19:11:23.9892573Z","ServerTimestamp":"2024-04-27T19:11:23.9892621Z"},"nsu=http://opcfoundation.org/UA/Plc/Applications;s=DipData":{"Value":-84.432792550201498,"SourceTimestamp":"2024-04-27T19:11:23.989248Z","ServerTimestamp":"2024-04-27T19:11:23.9892493Z"},"nsu=http://opcfoundation.org/UA/Plc/Applications;s=FastUIntScalar1":{"Value":5,"SourceTimestamp":"2024-04-27T19:11:23.0875989Z","ServerTimestamp":"2024-04-27T19:11:23.0876013Z"},"nsu=http://opcfoundation.org/UA/Plc/Applications;s=FastUIntScalar2":{"Value":5,"SourceTimestamp":"2024-04-27T19:11:23.0876245Z","ServerTimestamp":"2024-04-27T19:11:23.0876253Z"},"nsu=http://opcfoundation.org/UA/Plc/Applications;s=FastUIntScalar3":{"Value":5,"SourceTimestamp":"2024-04-27T19:11:23.0876265Z","ServerTimestamp":"2024-04-27T19:11:23.0876271Z"},"nsu=http://opcfoundation.org/UA/Plc/Applications;s=FastRandomUIntScalar1":{"Value":1066497462,"SourceTimestamp":"2024-04-27T19:11:23.0875995Z","ServerTimestamp":"2024-04-27T19:11:23.0876469Z"},"nsu=http://opcfoundation.org/UA/Plc/Applications;s=FastRandomUIntScalar2":{"Value":3924599025,"SourceTimestamp":"2024-04-27T19:11:23.0876552Z","ServerTimestamp":"2024-04-27T19:11:23.0876621Z"},"nsu=http://opcfoundation.org/UA/Plc/Applications;s=FastRandomUIntScalar3":{"Value":4146527074,"SourceTimestamp":"2024-04-27T19:11:23.0876635Z","ServerTimestamp":"2024-04-27T19:11:23.0876641Z"},"nsu=http://opcfoundation.org/UA/Plc/Applications;s=SpikeData":{"Value":-84.432792550201498,"SourceTimestamp":"2024-04-27T19:11:23.9892055Z","ServerTimestamp":"2024-04-27T19:11:23.9892298Z"}}]