[{"nsu=http://opcfoundation.org/UA/Plc/Applications;s=StepUp":{"Value":639,"SourceTimestamp":"2024-04-27T19:12:22.0013755Z","ServerTimestamp":"2024-04-27T19:12:22.0013789Z"},"nsu=http://opcfoundation.org/UA/Plc/Applications;s=RandomSignedInt32":{"Value":2046519419,"SourceTimestamp":"2024-04-27T19:12:22.0014083Z","ServerTimestamp":"2024-04-27T19:12:22.0014137Z"},"nsu=http://opcfoundation.org/UA/Plc/Applications;s=RandomUnsignedInt32":{"Value":812354614,"SourceTimestamp":"2024-04-27T19:12:22.0014179Z","ServerTimestamp":"2024-04-27T19:12:22.0014231Z"},"nsu=http://opcfoundation.org/UA/Plc/Applications;s=DipData":{"Value":99.80267284282715,"SourceTimestamp":"2024-04-27T19:12:21.8939372Z","ServerTimestamp":"2024-04-27T19:12:21.8939384Z"},"nsu=http://opcfoundation.org/UA/Plc/Applications;s=FastUIntScalar1":{"Value":63,"SourceTimestamp":"2024-04-27T19:12:21.095595Z","ServerTimestamp":"2024-04-27T19:12:21.0955985Z"},"nsu=http://opcfoundation.org/UA/Plc/Applications;s=FastUIntScalar2":{"Value":63,"SourceTimestamp":"2024-04-27T19:12:21.095612Z","ServerTimestamp":"2024-04-27T19:12:21.0956171Z"},"nsu=http://opcfoundation.org/UA/Plc/Applications;s=FastUIntScalar3":{"Value":63,"SourceTimestamp":"2024-04-27T19:12:21.0956194Z","ServerTimestamp":"2024-04-27T19:12:21.0956232Z"},"nsu=http://opcfoundation.org/UA/Plc/Applications;s=FastRandomUIntScalar1":{"Value":3253348606,"SourceTimestamp":"2024-04-27T19:12:21.0955993Z","ServerTimestamp":"2024-04-27T19:12:21.0956116Z"},"nsu=http://opcfoundation.org/UA/Plc/Applications;s=FastRandomUIntScalar2":{"Value":1383895161,"SourceTimestamp":"2024-04-27T19:12:21.0956169Z","ServerTimestamp":"2024-04-27T19:12:21.0956201Z"},"nsu=http://opcfoundation.org/UA/Plc/Applications;s=FastRandomUIntScalar3":{"Value":3033562626,"SourceTimestamp":"2024-04-27T19:12:21.0956228Z","ServerTimestamp":"2024-04-27T19:12:21.0956257Z"},"nsu=http://opcfoundation.org/UA/Plc/Applications;s=SpikeData":{"Value":99.80267284282715,"SourceTimestamp":"2024-04-27T19:12:21.8939246Z","ServerTimestamp":"2024-04-27T19:12:21.8939282Z"}}]