[{"nsu=http://opcfoundation.org/UA/Plc/Applications;s=StepUp":{"Value":649,"SourceTimestamp":"2024-04-27T19:12:22.9938028Z","ServerTimestamp":"2024-04-27T19:12:22.9938047Z"},"nsu=http://opcfoundation.org/UA/Plc/Applications;s=RandomSignedInt32":{"Value":990144401,"SourceTimestamp":"2024-04-27T19:12:22.9937977Z","ServerTimestamp":"2024-04-27T19:12:22.9938067Z"},"nsu=http://opcfoundation.org/UA/Plc/Applications;s=RandomUnsignedInt32":{"Value":1813383007,"SourceTimestamp":"2024-04-27T19:12:22.9937907Z","ServerTimestamp":"2024-04-27T19:12:22.993797Z"},"nsu=http://opcfoundation.org/UA/Plc/Applications;s=DipData":{"Value":24.868988716485479,"SourceTimestamp":"2024-04-27T19:12:22.9937877Z","ServerTimestamp":"2024-04-27T19:12:22.9937933Z"},"nsu=http://opcfoundation.org/UA/Plc/Applications;s=FastUIntScalar1":{"Value":64,"SourceTimestamp":"2024-04-27T19:12:22.0942458Z","ServerTimestamp":"2024-04-27T19:12:22.0942492Z"},"nsu=http://opcfoundation.org/UA/Plc/Applications;s=FastUIntScalar2":{"Value":64,"SourceTimestamp":"2024-04-27T19:12:22.0942637Z","ServerTimestamp":"2024-04-27T19:12:22.0942648Z"},"nsu=http://opcfoundation.org/UA/Plc/Applications;s=FastUIntScalar3":{"Value":64,"SourceTimestamp":"2024-04-27T19:12:22.0942671Z","ServerTimestamp":"2024-04-27T19:12:22.0943335Z"},"nsu=http://opcfoundation.org/UA/Plc/Applications;s=FastRandomUIntScalar1":{"Value":3571281413,"SourceTimestamp":"2024-04-27T19:12:22.0942626Z","ServerTimestamp":"2024-04-27T19:12:22.094268Z"},"nsu=http://opcfoundation.org/UA/Plc/Applications;s=FastRandomUIntScalar2":{"Value":1484724563,"SourceTimestamp":"2024-04-27T19:12:22.0943172Z","ServerTimestamp":"2024-04-27T19:12:22.0943187Z"},"nsu=http://opcfoundation.org/UA/Plc/Applications;s=FastRandomUIntScalar3":{"Value":420255751,"SourceTimestamp":"2024-04-27T19:12:22.0943246Z","ServerTimestamp":"2024-04-27T19:12:22.0943256Z"},"nsu=http://opcfoundation.org/UA/Plc/Applications;s=SpikeData":{"Value":24.868988716485479,"SourceTimestamp":"2024-04-27T19:12:22.9937365Z","ServerTimestamp":"2024-04-27T19:12:22.9937413Z"}}]