[{"nsu=http://opcfoundation.org/UA/Plc/Applications;s=StepUp":{"Value":659,"SourceTimestamp":"2024-04-27T19:12:23.987022Z","ServerTimestamp":"2024-04-27T19:12:23.9870253Z"},"nsu=http://opcfoundation.org/UA/Plc/Applications;s=AlternatingBoolean":{"Value":false,"SourceTimestamp":"2024-04-27T19:12:23.1942148Z","ServerTimestamp":"2024-04-27T19:12:23.1942256Z"},"nsu=http://opcfoundation.org/UA/Plc/Applications;s=RandomSignedInt32":{"Value":1540960016,"SourceTimestamp":"2024-04-27T19:12:23.987096Z","ServerTimestamp":"2024-04-27T19:12:23.9870969Z"},"nsu=http://opcfoundation.org/UA/Plc/Applications;s=RandomUnsignedInt32":{"Value":2137764379,"SourceTimestamp":"2024-04-27T19:12:23.9871018Z","ServerTimestamp":"2024-04-27T19:12:23.9871024Z"},"nsu=http://opcfoundation.org/UA/Plc/Applications;s=DipData":{"Value":-84.432792550201498,"SourceTimestamp":"2024-04-27T19:12:23.9871113Z","ServerTimestamp":"2024-04-27T19:12:23.9871233Z"},"nsu=http://opcfoundation.org/UA/Plc/Applications;s=FastUIntScalar1":{"Value":65,"SourceTimestamp":"2024-04-27T19:12:23.0872322Z","ServerTimestamp":"2024-04-27T19:12:23.087236Z"},"nsu=http://opcfoundation.org/UA/Plc/Applications;s=FastUIntScalar2":{"Value":65,"SourceTimestamp":"2024-04-27T19:12:23.0872514Z","ServerTimestamp":"2024-04-27T19:12:23.0872626Z"},"nsu=http://opcfoundation.org/UA/Plc/Applications;s=FastUIntScalar3":{"Value":65,"SourceTimestamp":"2024-04-27T19:12:23.087265Z","ServerTimestamp":"2024-04-27T19:12:23.0872693Z"},"nsu=http://opcfoundation.org/UA/Plc/Applications;s=FastRandomUIntScalar1":{"Value":876873013,"SourceTimestamp":"2024-04-27T19:12:23.0872379Z","ServerTimestamp":"2024-04-27T19:12:23.0872518Z"},"nsu=http://opcfoundation.org/UA/Plc/Applications;s=FastRandomUIntScalar2":{"Value":3405037564,"SourceTimestamp":"2024-04-27T19:12:23.0872625Z","ServerTimestamp":"2024-04-27T19:12:23.0872656Z"},"nsu=http://opcfoundation.org/UA/Plc/Applications;s=FastRandomUIntScalar3":{"Value":3599999238,"SourceTimestamp":"2024-04-27T19:12:23.0872686Z","ServerTimestamp":"2024-04-27T19:12:23.0872723Z"},"nsu=http://opcfoundation.org/UA/Plc/Applications;s=NegativeTrendData":{"Value":99.200000000000003,"SourceTimestamp":"2024-04-27T19:12:23.1942604Z","ServerTimestamp":"2024-04-27T19:12:23.1942714Z"},"nsu=http://opcfoundation.org/UA/Plc/Applications;s=PositiveTrendData":{"Value":100.40000000000001,"SourceTimestamp":"2024-04-27T19:12:23.1942579Z","ServerTimestamp":"2024-04-27T19:12:23.194259Z"},"nsu=http://opcfoundation.org/UA/Plc/Applications;s=SpikeData":{"Value":-84.432792550201498,"SourceTimestamp":"2024-04-27T19:12:23.9871457Z","ServerTimestamp":"2024-04-27T19:12:23.9871467Z"}}]