[{"nsu=http://opcfoundation.org/UA/Plc/Applications;s=StepUp":{"Value":689,"SourceTimestamp":"2024-04-27T19:12:26.9880351Z","ServerTimestamp":"2024-04-27T19:12:26.988038Z"},"nsu=http://opcfoundation.org/UA/Plc/Applications;s=RandomSignedInt32":{"Value":-1470084020,"SourceTimestamp":"2024-04-27T19:12:26.9880351Z","ServerTimestamp":"2024-04-27T19:12:26.9880911Z"},"nsu=http://opcfoundation.org/UA/Plc/Applications;s=RandomUnsignedInt32":{"Value":1659038396,"SourceTimestamp":"2024-04-27T19:12:26.9880351Z","ServerTimestamp":"2024-04-27T19:12:26.9880766Z"},"nsu=http://opcfoundation.org/UA/Plc/Applications;s=DipData":{"Value":99.80267284282715,"SourceTimestamp":"2024-04-27T19:12:26.8939476Z","ServerTimestamp":"2024-04-27T19:12:26.8939486Z"},"nsu=http://opcfoundation.org/UA/Plc/Applications;s=FastUIntScalar1":{"Value":68,"SourceTimestamp":"2024-04-27T19:12:26.0856964Z","ServerTimestamp":"2024-04-27T19:12:26.0857005Z"},"nsu=http://opcfoundation.org/UA/Plc/Applications;s=FastUIntScalar2":{"Value":68,"SourceTimestamp":"2024-04-27T19:12:26.0857153Z","ServerTimestamp":"2024-04-27T19:12:26.0857274Z"},"nsu=http://opcfoundation.org/UA/Plc/Applications;s=FastUIntScalar3":{"Value":68,"SourceTimestamp":"2024-04-27T19:12:26.0857302Z","ServerTimestamp":"2024-04-27T19:12:26.0857336Z"},"nsu=http://opcfoundation.org/UA/Plc/Applications;s=FastRandomUIntScalar1":{"Value":1424547120,"SourceTimestamp":"2024-04-27T19:12:26.0857078Z","ServerTimestamp":"2024-04-27T19:12:26.0857162Z"},"nsu=http://opcfoundation.org/UA/Plc/Applications;s=FastRandomUIntScalar2":{"Value":94539730,"SourceTimestamp":"2024-04-27T19:12:26.0857275Z","ServerTimestamp":"2024-04-27T19:12:26.085731Z"},"nsu=http://opcfoundation.org/UA/Plc/Applications;s=FastRandomUIntScalar3":{"Value":43116135,"SourceTimestamp":"2024-04-27T19:12:26.0857335Z","ServerTimestamp":"2024-04-27T19:12:26.0857364Z"},"nsu=http://opcfoundation.org/UA/Plc/Applications;s=SpikeData":{"Value":99.80267284282715,"SourceTimestamp":"2024-04-27T19:12:26.8939457Z","ServerTimestamp":"2024-04-27T19:12:26.8939471Z"}}]