[{"nsu=http://opcfoundation.org/UA/Plc/Applications;s=StepUp":{"Value":789,"SourceTimestamp":"2024-04-27T19:12:36.9983684Z","ServerTimestamp":"2024-04-27T19:12:36.9983716Z"},"nsu=http://opcfoundation.org/UA/Plc/Applications;s=RandomSignedInt32":{"Value":1887970110,"SourceTimestamp":"2024-04-27T19:12:36.9983905Z","ServerTimestamp":"2024-04-27T19:12:36.998394Z"},"nsu=http://opcfoundation.org/UA/Plc/Applications;s=RandomUnsignedInt32":{"Value":28558751,"SourceTimestamp":"2024-04-27T19:12:36.9984041Z","ServerTimestamp":"2024-04-27T19:12:36.9984055Z"},"nsu=http://opcfoundation.org/UA/Plc/Applications;s=DipData":{"Value":99.80267284282715,"SourceTimestamp":"2024-04-27T19:12:36.8899164Z","ServerTimestamp":"2024-04-27T19:12:36.8899288Z"},"nsu=http://opcfoundation.org/UA/Plc/Applications;s=FastUIntScalar1":{"Value":78,"SourceTimestamp":"2024-04-27T19:12:36.0983725Z","ServerTimestamp":"2024-04-27T19:12:36.0983759Z"},"nsu=http://opcfoundation.org/UA/Plc/Applications;s=FastUIntScalar2":{"Value":78,"SourceTimestamp":"2024-04-27T19:12:36.098388Z","ServerTimestamp":"2024-04-27T19:12:36.0984005Z"},"nsu=http://opcfoundation.org/UA/Plc/Applications;s=FastUIntScalar3":{"Value":78,"SourceTimestamp":"2024-04-27T19:12:36.0984028Z","ServerTimestamp":"2024-04-27T19:12:36.0984283Z"},"nsu=http://opcfoundation.org/UA/Plc/Applications;s=FastRandomUIntScalar1":{"Value":1752622885,"SourceTimestamp":"2024-04-27T19:12:36.0983738Z","ServerTimestamp":"2024-04-27T19:12:36.0983884Z"},"nsu=http://opcfoundation.org/UA/Plc/Applications;s=FastRandomUIntScalar2":{"Value":2631345503,"SourceTimestamp":"2024-04-27T19:12:36.0983996Z","ServerTimestamp":"2024-04-27T19:12:36.0984034Z"},"nsu=http://opcfoundation.org/UA/Plc/Applications;s=FastRandomUIntScalar3":{"Value":1410642429,"SourceTimestamp":"2024-04-27T19:12:36.0984281Z","ServerTimestamp":"2024-04-27T19:12:36.0984308Z"},"nsu=http://opcfoundation.org/UA/Plc/Applications;s=SpikeData":{"Value":99.80267284282715,"SourceTimestamp":"2024-04-27T19:12:36.8899476Z","ServerTimestamp":"2024-04-27T19:12:36.8899488Z"}}]