[{"nsu=http://opcfoundation.org/UA/Plc/Applications;s=StepUp":{"Value":829,"SourceTimestamp":"2024-04-27T19:12:40.9930973Z","ServerTimestamp":"2024-04-27T19:12:40.9931022Z"},"nsu=http://opcfoundation.org/UA/Plc/Applications;s=RandomSignedInt32":{"Value":-998845438,"SourceTimestamp":"2024-04-27T19:12:40.9931133Z","ServerTimestamp":"2024-04-27T19:12:40.993141Z"},"nsu=http://opcfoundation.org/UA/Plc/Applications;s=RandomUnsignedInt32":{"Value":401480557,"SourceTimestamp":"2024-04-27T19:12:40.9931167Z","ServerTimestamp":"2024-04-27T19:12:40.9931201Z"},"nsu=http://opcfoundation.org/UA/Plc/Applications;s=DipData":{"Value":36.812455268467772,"SourceTimestamp":"2024-04-27T19:12:40.9931408Z","ServerTimestamp":"2024-04-27T19:12:40.9931506Z"},"nsu=http://opcfoundation.org/UA/Plc/Applications;s=FastUIntScalar1":{"Value":82,"SourceTimestamp":"2024-04-27T19:12:40.095984Z","ServerTimestamp":"2024-04-27T19:12:40.0959859Z"},"nsu=http://opcfoundation.org/UA/Plc/Applications;s=FastUIntScalar2":{"Value":82,"SourceTimestamp":"2024-04-27T19:12:40.0959941Z","ServerTimestamp":"2024-04-27T19:12:40.0960092Z"},"nsu=http://opcfoundation.org/UA/Plc/Applications;s=FastUIntScalar3":{"Value":82,"SourceTimestamp":"2024-04-27T19:12:40.0960104Z","ServerTimestamp":"2024-04-27T19:12:40.0960116Z"},"nsu=http://opcfoundation.org/UA/Plc/Applications;s=FastRandomUIntScalar1":{"Value":1999412167,"SourceTimestamp":"2024-04-27T19:12:40.0959895Z","ServerTimestamp":"2024-04-27T19:12:40.0959944Z"},"nsu=http://opcfoundation.org/UA/Plc/Applications;s=FastRandomUIntScalar2":{"Value":610807696,"SourceTimestamp":"2024-04-27T19:12:40.0960085Z","ServerTimestamp":"2024-04-27T19:12:40.0960104Z"},"nsu=http://opcfoundation.org/UA/Plc/Applications;s=FastRandomUIntScalar3":{"Value":197545438,"SourceTimestamp":"2024-04-27T19:12:40.0960114Z","ServerTimestamp":"2024-04-27T19:12:40.0960127Z"},"nsu=http://opcfoundation.org/UA/Plc/Applications;s=SpikeData":{"Value":36.812455268467772,"SourceTimestamp":"2024-04-27T19:12:40.9931591Z","ServerTimestamp":"2024-04-27T19:12:40.9931683Z"}}]