[{"nsu=http://opcfoundation.org/UA/Plc/Applications;s=StepUp":{"Value":879,"SourceTimestamp":"2024-04-27T19:12:45.9968833Z","ServerTimestamp":"2024-04-27T19:12:45.9968984Z"},"nsu=http://opcfoundation.org/UA/Plc/Applications;s=RandomSignedInt32":{"Value":-1196616643,"SourceTimestamp":"2024-04-27T19:12:45.9968976Z","ServerTimestamp":"2024-04-27T19:12:45.9969028Z"},"nsu=http://opcfoundation.org/UA/Plc/Applications;s=RandomUnsignedInt32":{"Value":1468650556,"SourceTimestamp":"2024-04-27T19:12:45.9968973Z","ServerTimestamp":"2024-04-27T19:12:45.9969287Z"},"nsu=http://opcfoundation.org/UA/Plc/Applications;s=DipData":{"Value":36.812455268467772,"SourceTimestamp":"2024-04-27T19:12:45.996909Z","ServerTimestamp":"2024-04-27T19:12:45.9969114Z"},"nsu=http://opcfoundation.org/UA/Plc/Applications;s=FastUIntScalar1":{"Value":87,"SourceTimestamp":"2024-04-27T19:12:45.0997402Z","ServerTimestamp":"2024-04-27T19:12:45.0997429Z"},"nsu=http://opcfoundation.org/UA/Plc/Applications;s=FastUIntScalar2":{"Value":87,"SourceTimestamp":"2024-04-27T19:12:45.0997528Z","ServerTimestamp":"2024-04-27T19:12:45.0997604Z"},"nsu=http://opcfoundation.org/UA/Plc/Applications;s=FastUIntScalar3":{"Value":87,"SourceTimestamp":"2024-04-27T19:12:45.0997615Z","ServerTimestamp":"2024-04-27T19:12:45.0997629Z"},"nsu=http://opcfoundation.org/UA/Plc/Applications;s=FastRandomUIntScalar1":{"Value":2620768739,"SourceTimestamp":"2024-04-27T19:12:45.0997504Z","ServerTimestamp":"2024-04-27T19:12:45.0997532Z"},"nsu=http://opcfoundation.org/UA/Plc/Applications;s=FastRandomUIntScalar2":{"Value":2585385924,"SourceTimestamp":"2024-04-27T19:12:45.0997604Z","ServerTimestamp":"2024-04-27T19:12:45.0997615Z"},"nsu=http://opcfoundation.org/UA/Plc/Applications;s=FastRandomUIntScalar3":{"Value":174172270,"SourceTimestamp":"2024-04-27T19:12:45.0997627Z","ServerTimestamp":"2024-04-27T19:12:45.0997703Z"},"nsu=http://opcfoundation.org/UA/Plc/Applications;s=SpikeData":{"Value":36.812455268467772,"SourceTimestamp":"2024-04-27T19:12:45.9969151Z","ServerTimestamp":"2024-04-27T19:12:45.9969157Z"}}]