[{"nsu=http://opcfoundation.org/UA/Plc/Applications;s=StepUp":{"Value":909,"SourceTimestamp":"2024-04-27T19:12:48.9978232Z","ServerTimestamp":"2024-04-27T19:12:48.9978268Z"},"nsu=http://opcfoundation.org/UA/Plc/Applications;s=AlternatingBoolean":{"Value":true,"SourceTimestamp":"2024-04-27T19:12:48.1942737Z","ServerTimestamp":"2024-04-27T19:12:48.1942769Z"},"nsu=http://opcfoundation.org/UA/Plc/Applications;s=RandomSignedInt32":{"Value":-122881144,"SourceTimestamp":"2024-04-27T19:12:48.9978766Z","ServerTimestamp":"2024-04-27T19:12:48.9978817Z"},"nsu=http://opcfoundation.org/UA/Plc/Applications;s=RandomUnsignedInt32":{"Value":169002794,"SourceTimestamp":"2024-04-27T19:12:48.9978551Z","ServerTimestamp":"2024-04-27T19:12:48.9978562Z"},"nsu=http://opcfoundation.org/UA/Plc/Applications;s=DipData":{"Value":-84.432792550201498,"SourceTimestamp":"2024-04-27T19:12:48.997873Z","ServerTimestamp":"2024-04-27T19:12:48.9978767Z"},"nsu=http://opcfoundation.org/UA/Plc/Applications;s=FastUIntScalar1":{"Value":90,"SourceTimestamp":"2024-04-27T19:12:48.0874031Z","ServerTimestamp":"2024-04-27T19:12:48.0874042Z"},"nsu=http://opcfoundation.org/UA/Plc/Applications;s=FastUIntScalar2":{"Value":90,"SourceTimestamp":"2024-04-27T19:12:48.0874066Z","ServerTimestamp":"2024-04-27T19:12:48.0874074Z"},"nsu=http://opcfoundation.org/UA/Plc/Applications;s=FastUIntScalar3":{"Value":90,"SourceTimestamp":"2024-04-27T19:12:48.0874085Z","ServerTimestamp":"2024-04-27T19:12:48.0874092Z"},"nsu=http://opcfoundation.org/UA/Plc/Applications;s=FastRandomUIntScalar1":{"Value":3135570817,"SourceTimestamp":"2024-04-27T19:12:48.0874258Z","ServerTimestamp":"2024-04-27T19:12:48.0874295Z"},"nsu=http://opcfoundation.org/UA/Plc/Applications;s=FastRandomUIntScalar2":{"Value":3695111878,"SourceTimestamp":"2024-04-27T19:12:48.0874395Z","ServerTimestamp":"2024-04-27T19:12:48.0874409Z"},"nsu=http://opcfoundation.org/UA/Plc/Applications;s=FastRandomUIntScalar3":{"Value":1570198183,"SourceTimestamp":"2024-04-27T19:12:48.0874432Z","ServerTimestamp":"2024-04-27T19:12:48.0874448Z"},"nsu=http://opcfoundation.org/UA/Plc/Applications;s=NegativeTrendData":{"Value":98.700000000000003,"SourceTimestamp":"2024-04-27T19:12:48.1943043Z","ServerTimestamp":"2024-04-27T19:12:48.1943142Z"},"nsu=http://opcfoundation.org/UA/Plc/Applications;s=PositiveTrendData":{"Value":100.90000000000001,"SourceTimestamp":"2024-04-27T19:12:48.1943178Z","ServerTimestamp":"2024-04-27T19:12:48.1943192Z"},"nsu=http://opcfoundation.org/UA/Plc/Applications;s=SpikeData":{"Value":-84.432792550201498,"SourceTimestamp":"2024-04-27T19:12:48.9978814Z","ServerTimestamp":"2024-04-27T19:12:48.9978919Z"}}]