[{"nsu=http://opcfoundation.org/UA/Plc/Applications;s=StepUp":{"Value":939,"SourceTimestamp":"2024-04-27T19:12:51.9960534Z","ServerTimestamp":"2024-04-27T19:12:51.9960574Z"},"nsu=http://opcfoundation.org/UA/Plc/Applications;s=RandomSignedInt32":{"Value":1844538328,"SourceTimestamp":"2024-04-27T19:12:51.9960964Z","ServerTimestamp":"2024-04-27T19:12:51.9960995Z"},"nsu=http://opcfoundation.org/UA/Plc/Applications;s=RandomUnsignedInt32":{"Value":454048090,"SourceTimestamp":"2024-04-27T19:12:51.9961005Z","ServerTimestamp":"2024-04-27T19:12:51.9961106Z"},"nsu=http://opcfoundation.org/UA/Plc/Applications;s=DipData":{"Value":99.80267284282715,"SourceTimestamp":"2024-04-27T19:12:51.8887112Z","ServerTimestamp":"2024-04-27T19:12:51.8887144Z"},"nsu=http://opcfoundation.org/UA/Plc/Applications;s=FastUIntScalar1":{"Value":93,"SourceTimestamp":"2024-04-27T19:12:51.088503Z","ServerTimestamp":"2024-04-27T19:12:51.0885511Z"},"nsu=http://opcfoundation.org/UA/Plc/Applications;s=FastUIntScalar2":{"Value":93,"SourceTimestamp":"2024-04-27T19:12:51.0885667Z","ServerTimestamp":"2024-04-27T19:12:51.0885811Z"},"nsu=http://opcfoundation.org/UA/Plc/Applications;s=FastUIntScalar3":{"Value":93,"SourceTimestamp":"2024-04-27T19:12:51.0885841Z","ServerTimestamp":"2024-04-27T19:12:51.0885949Z"},"nsu=http://opcfoundation.org/UA/Plc/Applications;s=FastRandomUIntScalar1":{"Value":3874042094,"SourceTimestamp":"2024-04-27T19:12:51.0885237Z","ServerTimestamp":"2024-04-27T19:12:51.0885675Z"},"nsu=http://opcfoundation.org/UA/Plc/Applications;s=FastRandomUIntScalar2":{"Value":3100947280,"SourceTimestamp":"2024-04-27T19:12:51.0885817Z","ServerTimestamp":"2024-04-27T19:12:51.0885983Z"},"nsu=http://opcfoundation.org/UA/Plc/Applications;s=FastRandomUIntScalar3":{"Value":2705047869,"SourceTimestamp":"2024-04-27T19:12:51.0886012Z","ServerTimestamp":"2024-04-27T19:12:51.088692Z"},"nsu=http://opcfoundation.org/UA/Plc/Applications;s=SpikeData":{"Value":99.80267284282715,"SourceTimestamp":"2024-04-27T19:12:51.8887038Z","ServerTimestamp":"2024-04-27T19:12:51.888705Z"}}]