{"i=2258":{"Value":"2024-04-27T18:03:35.1866191Z","SourceTimestamp":"2024-04-27T18:01:51.1647297Z","ServerTimestamp":"2024-04-27T18:03:35.186618Z"},"nsu=http://opcfoundation.org/UA/Plc/Applications;s=StepUp":{"Value":1048,"SourceTimestamp":"2024-04-27T18:03:35.1388595Z","ServerTimestamp":"2024-04-27T18:03:35.1866652Z"},"nsu=http://opcfoundation.org/UA/Plc/Applications;s=AlternatingBoolean":{"Value":true,"SourceTimestamp":"2024-04-27T18:03:35.1388594Z","ServerTimestamp":"2024-04-27T18:03:35.1866594Z"},"nsu=http://opcfoundation.org/UA/Plc/Applications;s=RandomSignedInt32":{"Value":68743946,"SourceTimestamp":"2024-04-27T18:03:35.1388706Z","ServerTimestamp":"2024-04-27T18:03:35.186656Z"},"nsu=http://opcfoundation.org/UA/Plc/Applications;s=RandomUnsignedInt32":{"Value":1661863724,"SourceTimestamp":"2024-04-27T18:03:35.1388748Z","ServerTimestamp":"2024-04-27T18:03:35.1866627Z"},"nsu=http://opcfoundation.org/UA/Plc/Applications;s=DipData":{"Value":36.812455268467801,"SourceTimestamp":"2024-04-27T18:03:35.1388791Z","ServerTimestamp":"2024-04-27T18:03:35.1866553Z"},"nsu=http://opcfoundation.org/UA/Plc/Applications;s=FastUIntScalar1":{"Value":104,"SourceTimestamp":"2024-04-27T18:03:34.3505091Z","ServerTimestamp":"2024-04-27T18:03:35.186667Z"},"nsu=http://opcfoundation.org/UA/Plc/Applications;s=FastUIntScalar2":{"Value":104,"SourceTimestamp":"2024-04-27T18:03:34.3505177Z","ServerTimestamp":"2024-04-27T18:03:35.186657Z"},"nsu=http://opcfoundation.org/UA/Plc/Applications;s=FastUIntScalar3":{"Value":104,"SourceTimestamp":"2024-04-27T18:03:34.3505196Z","ServerTimestamp":"2024-04-27T18:03:35.1866516Z"},"nsu=http://opcfoundation.org/UA/Plc/Applications;s=FastRandomUIntScalar1":{"Value":915736176,"SourceTimestamp":"2024-04-27T18:03:34.3504919Z","ServerTimestamp":"2024-04-27T18:03:35.1866645Z"},"nsu=http://opcfoundation.org/UA/Plc/Applications;s=FastRandomUIntScalar2":{"Value":1880160686,"SourceTimestamp":"2024-04-27T18:03:34.3505022Z","ServerTimestamp":"2024-04-27T18:03:35.1866667Z"},"nsu=http://opcfoundation.org/UA/Plc/Applications;s=FastRandomUIntScalar3":{"Value":2372980625,"SourceTimestamp":"2024-04-27T18:03:34.3505046Z","ServerTimestamp":"2024-04-27T18:03:35.1866526Z"},"nsu=http://opcfoundation.org/UA/Plc/Applications;s=NegativeTrendData":{"Value":98.5,"SourceTimestamp":"2024-04-27T18:03:35.1388809Z","ServerTimestamp":"2024-04-27T18:03:35.1866494Z"},"nsu=http://opcfoundation.org/UA/Plc/Applications;s=PositiveTrendData":{"Value":101.09999999999999,"SourceTimestamp":"2024-04-27T18:03:35.1388809Z","ServerTimestamp":"2024-04-27T18:03:35.1866659Z"},"nsu=http://opcfoundation.org/UA/Plc/Applications;s=SlowUIntScalar1":{"Value":10,"SourceTimestamp":"2024-04-27T18:03:30.3406317Z","ServerTimestamp":"2024-04-27T18:03:35.1866506Z"},"nsu=http://opcfoundation.org/UA/Plc/Applications;s=SlowUIntScalar2":{"Value":10,"SourceTimestamp":"2024-04-27T18:03:30.3406386Z","ServerTimestamp":"2024-04-27T18:03:35.1866587Z"},"nsu=http://opcfoundation.org/UA/Plc/Applications;s=SlowUIntScalar3":{"Value":10,"SourceTimestamp":"2024-04-27T18:03:30.3406401Z","ServerTimestamp":"2024-04-27T18:03:35.1866607Z"},"nsu=http://opcfoundation.org/UA/Plc/Applications;s=BadSlowUIntScalar1":{"Value":null,"StatusCode":{"Symbol":"BadNoCommunication","Code":2150694912},"SourceTimestamp":"2024-04-27T18:03:30.3406421Z","ServerTimestamp":"2024-04-27T18:03:35.1866679Z"},"nsu=http://opcfoundation.org/UA/Plc/Applications;s=SlowRandomUIntScalar1":{"Value":3885812080,"SourceTimestamp":"2024-04-27T18:03:30.340643Z","ServerTimestamp":"2024-04-27T18:03:35.1866639Z"},"nsu=http://opcfoundation.org/UA/Plc/Applications;s=SlowRandomUIntScalar2":{"Value":4210032330,"SourceTimestamp":"2024-04-27T18:03:30.3406479Z","ServerTimestamp":"2024-04-27T18:03:35.1866547Z"},"nsu=http://opcfoundation.org/UA/Plc/Applications;s=SlowRandomUIntScalar3":{"Value":2158746283,"SourceTimestamp":"2024-04-27T18:03:30.3406492Z","ServerTimestamp":"2024-04-27T18:03:35.1866618Z"},"nsu=http://opcfoundation.org/UA/Plc/Applications;s=BadSlowRandomUIntScalar1":{"Value":null,"StatusCode":{"Symbol":"BadNoCommunication","Code":2150694912},"SourceTimestamp":"2024-04-27T18:03:30.3406516Z","ServerTimestamp":"2024-04-27T18:03:35.1866578Z"},"nsu=http://opcfoundation.org/UA/Plc/Applications;s=SpikeData":{"Value":36.812455268467801,"SourceTimestamp":"2024-04-27T18:03:35.1388823Z","ServerTimestamp":"2024-04-27T18:03:35.1866535Z"},"ns=23;i=1259":{"Value":0.48499999999999999,"SourceTimestamp":"2024-04-27T18:01:51.1647612Z","ServerTimestamp":"2024-04-27T18:03:35.1866332Z"}}