{"i=2258":{"Value":"2024-04-27T18:03:37.182393Z","SourceTimestamp":"2024-04-27T18:01:51.1647297Z","ServerTimestamp":"2024-04-27T18:03:37.1823917Z"},"nsu=http://opcfoundation.org/UA/Plc/Applications;s=StepUp":{"Value":1068,"SourceTimestamp":"2024-04-27T18:03:37.1499278Z","ServerTimestamp":"2024-04-27T18:03:37.1824404Z"},"nsu=http://opcfoundation.org/UA/Plc/Applications;s=AlternatingBoolean":{"Value":false,"SourceTimestamp":"2024-04-27T18:03:37.1499327Z","ServerTimestamp":"2024-04-27T18:03:37.1824337Z"},"nsu=http://opcfoundation.org/UA/Plc/Applications;s=RandomSignedInt32":{"Value":910242817,"SourceTimestamp":"2024-04-27T18:03:37.1499418Z","ServerTimestamp":"2024-04-27T18:03:37.1824304Z"},"nsu=http://opcfoundation.org/UA/Plc/Applications;s=RandomUnsignedInt32":{"Value":84949405,"SourceTimestamp":"2024-04-27T18:03:37.1499421Z","ServerTimestamp":"2024-04-27T18:03:37.1824372Z"},"nsu=http://opcfoundation.org/UA/Plc/Applications;s=DipData":{"Value":-84.432792550201526,"SourceTimestamp":"2024-04-27T18:03:37.1499511Z","ServerTimestamp":"2024-04-27T18:03:37.1824297Z"},"nsu=http://opcfoundation.org/UA/Plc/Applications;s=FastUIntScalar1":{"Value":106,"SourceTimestamp":"2024-04-27T18:03:36.3461142Z","ServerTimestamp":"2024-04-27T18:03:37.1824425Z"},"nsu=http://opcfoundation.org/UA/Plc/Applications;s=FastUIntScalar2":{"Value":106,"SourceTimestamp":"2024-04-27T18:03:36.3461191Z","ServerTimestamp":"2024-04-27T18:03:37.1824313Z"},"nsu=http://opcfoundation.org/UA/Plc/Applications;s=FastUIntScalar3":{"Value":106,"SourceTimestamp":"2024-04-27T18:03:36.3461202Z","ServerTimestamp":"2024-04-27T18:03:37.1824262Z"},"nsu=http://opcfoundation.org/UA/Plc/Applications;s=FastRandomUIntScalar1":{"Value":2857733406,"SourceTimestamp":"2024-04-27T18:03:36.3461198Z","ServerTimestamp":"2024-04-27T18:03:37.1824389Z"},"nsu=http://opcfoundation.org/UA/Plc/Applications;s=FastRandomUIntScalar2":{"Value":3614784844,"SourceTimestamp":"2024-04-27T18:03:36.3461253Z","ServerTimestamp":"2024-04-27T18:03:37.1824421Z"},"nsu=http://opcfoundation.org/UA/Plc/Applications;s=FastRandomUIntScalar3":{"Value":3194453507,"SourceTimestamp":"2024-04-27T18:03:36.3461271Z","ServerTimestamp":"2024-04-27T18:03:37.1824272Z"},"nsu=http://opcfoundation.org/UA/Plc/Applications;s=NegativeTrendData":{"Value":98.400000000000006,"SourceTimestamp":"2024-04-27T18:03:37.1499511Z","ServerTimestamp":"2024-04-27T18:03:37.1824241Z"},"nsu=http://opcfoundation.org/UA/Plc/Applications;s=PositiveTrendData":{"Value":101.2,"SourceTimestamp":"2024-04-27T18:03:37.1499585Z","ServerTimestamp":"2024-04-27T18:03:37.1824415Z"},"nsu=http://opcfoundation.org/UA/Plc/Applications;s=SlowUIntScalar1":{"Value":10,"SourceTimestamp":"2024-04-27T18:03:30.3406317Z","ServerTimestamp":"2024-04-27T18:03:37.1824252Z"},"nsu=http://opcfoundation.org/UA/Plc/Applications;s=SlowUIntScalar2":{"Value":10,"SourceTimestamp":"2024-04-27T18:03:30.3406386Z","ServerTimestamp":"2024-04-27T18:03:37.182433Z"},"nsu=http://opcfoundation.org/UA/Plc/Applications;s=SlowUIntScalar3":{"Value":10,"SourceTimestamp":"2024-04-27T18:03:30.3406401Z","ServerTimestamp":"2024-04-27T18:03:37.182435Z"},"nsu=http://opcfoundation.org/UA/Plc/Applications;s=BadSlowUIntScalar1":{"Value":null,"StatusCode":{"Symbol":"BadNoCommunication","Code":2150694912},"SourceTimestamp":"2024-04-27T18:03:30.3406421Z","ServerTimestamp":"2024-04-27T18:03:37.1824434Z"},"nsu=http://opcfoundation.org/UA/Plc/Applications;s=SlowRandomUIntScalar1":{"Value":3885812080,"SourceTimestamp":"2024-04-27T18:03:30.340643Z","ServerTimestamp":"2024-04-27T18:03:37.1824383Z"},"nsu=http://opcfoundation.org/UA/Plc/Applications;s=SlowRandomUIntScalar2":{"Value":4210032330,"SourceTimestamp":"2024-04-27T18:03:30.3406479Z","ServerTimestamp":"2024-04-27T18:03:37.1824291Z"},"nsu=http://opcfoundation.org/UA/Plc/Applications;s=SlowRandomUIntScalar3":{"Value":2158746283,"SourceTimestamp":"2024-04-27T18:03:30.3406492Z","ServerTimestamp":"2024-04-27T18:03:37.182436Z"},"nsu=http://opcfoundation.org/UA/Plc/Applications;s=BadSlowRandomUIntScalar1":{"Value":null,"StatusCode":{"Symbol":"BadNoCommunication","Code":2150694912},"SourceTimestamp":"2024-04-27T18:03:30.3406516Z","ServerTimestamp":"2024-04-27T18:03:37.1824321Z"},"nsu=http://opcfoundation.org/UA/Plc/Applications;s=SpikeData":{"Value":-84.432792550201526,"SourceTimestamp":"2024-04-27T18:03:37.1499554Z","ServerTimestamp":"2024-04-27T18:03:37.1824281Z"},"ns=23;i=1259":{"Value":-0.38800000000000001,"SourceTimestamp":"2024-04-27T18:01:51.1647612Z","ServerTimestamp":"2024-04-27T18:03:37.1824069Z"}}