{"i=2258":{"Value":"2024-04-27T18:03:38.1887477Z","SourceTimestamp":"2024-04-27T18:01:51.1647297Z","ServerTimestamp":"2024-04-27T18:03:38.1887464Z"},"nsu=http://opcfoundation.org/UA/Plc/Applications;s=StepUp":{"Value":1078,"SourceTimestamp":"2024-04-27T18:03:38.1415587Z","ServerTimestamp":"2024-04-27T18:03:38.1887949Z"},"nsu=http://opcfoundation.org/UA/Plc/Applications;s=AlternatingBoolean":{"Value":false,"SourceTimestamp":"2024-04-27T18:03:38.1415589Z","ServerTimestamp":"2024-04-27T18:03:38.1887889Z"},"nsu=http://opcfoundation.org/UA/Plc/Applications;s=RandomSignedInt32":{"Value":-1636279054,"SourceTimestamp":"2024-04-27T18:03:38.1415792Z","ServerTimestamp":"2024-04-27T18:03:38.1887855Z"},"nsu=http://opcfoundation.org/UA/Plc/Applications;s=RandomUnsignedInt32":{"Value":200931769,"SourceTimestamp":"2024-04-27T18:03:38.1415723Z","ServerTimestamp":"2024-04-27T18:03:38.1887923Z"},"nsu=http://opcfoundation.org/UA/Plc/Applications;s=DipData":{"Value":24.868988716485482,"SourceTimestamp":"2024-04-27T18:03:38.1415884Z","ServerTimestamp":"2024-04-27T18:03:38.1887848Z"},"nsu=http://opcfoundation.org/UA/Plc/Applications;s=FastUIntScalar1":{"Value":107,"SourceTimestamp":"2024-04-27T18:03:37.3502204Z","ServerTimestamp":"2024-04-27T18:03:38.1887968Z"},"nsu=http://opcfoundation.org/UA/Plc/Applications;s=FastUIntScalar2":{"Value":107,"SourceTimestamp":"2024-04-27T18:03:37.3502262Z","ServerTimestamp":"2024-04-27T18:03:38.1887865Z"},"nsu=http://opcfoundation.org/UA/Plc/Applications;s=FastUIntScalar3":{"Value":107,"SourceTimestamp":"2024-04-27T18:03:37.3502278Z","ServerTimestamp":"2024-04-27T18:03:38.1887811Z"},"nsu=http://opcfoundation.org/UA/Plc/Applications;s=FastRandomUIntScalar1":{"Value":3629454324,"SourceTimestamp":"2024-04-27T18:03:37.3502382Z","ServerTimestamp":"2024-04-27T18:03:38.1887942Z"},"nsu=http://opcfoundation.org/UA/Plc/Applications;s=FastRandomUIntScalar2":{"Value":1434902251,"SourceTimestamp":"2024-04-27T18:03:37.350243Z","ServerTimestamp":"2024-04-27T18:03:38.1887964Z"},"nsu=http://opcfoundation.org/UA/Plc/Applications;s=FastRandomUIntScalar3":{"Value":3449701660,"SourceTimestamp":"2024-04-27T18:03:37.3502446Z","ServerTimestamp":"2024-04-27T18:03:38.1887821Z"},"nsu=http://opcfoundation.org/UA/Plc/Applications;s=NegativeTrendData":{"Value":98.400000000000006,"SourceTimestamp":"2024-04-27T18:03:38.1415853Z","ServerTimestamp":"2024-04-27T18:03:38.188779Z"},"nsu=http://opcfoundation.org/UA/Plc/Applications;s=PositiveTrendData":{"Value":101.2,"SourceTimestamp":"2024-04-27T18:03:38.1415926Z","ServerTimestamp":"2024-04-27T18:03:38.1887956Z"},"nsu=http://opcfoundation.org/UA/Plc/Applications;s=SlowUIntScalar1":{"Value":10,"SourceTimestamp":"2024-04-27T18:03:30.3406317Z","ServerTimestamp":"2024-04-27T18:03:38.1887801Z"},"nsu=http://opcfoundation.org/UA/Plc/Applications;s=SlowUIntScalar2":{"Value":10,"SourceTimestamp":"2024-04-27T18:03:30.3406386Z","ServerTimestamp":"2024-04-27T18:03:38.1887883Z"},"nsu=http://opcfoundation.org/UA/Plc/Applications;s=SlowUIntScalar3":{"Value":10,"SourceTimestamp":"2024-04-27T18:03:30.3406401Z","ServerTimestamp":"2024-04-27T18:03:38.1887904Z"},"nsu=http://opcfoundation.org/UA/Plc/Applications;s=BadSlowUIntScalar1":{"Value":null,"StatusCode":{"Symbol":"BadNoCommunication","Code":2150694912},"SourceTimestamp":"2024-04-27T18:03:30.3406421Z","ServerTimestamp":"2024-04-27T18:03:38.1887977Z"},"nsu=http://opcfoundation.org/UA/Plc/Applications;s=SlowRandomUIntScalar1":{"Value":3885812080,"SourceTimestamp":"2024-04-27T18:03:30.340643Z","ServerTimestamp":"2024-04-27T18:03:38.1887936Z"},"nsu=http://opcfoundation.org/UA/Plc/Applications;s=SlowRandomUIntScalar2":{"Value":4210032330,"SourceTimestamp":"2024-04-27T18:03:30.3406479Z","ServerTimestamp":"2024-04-27T18:03:38.1887842Z"},"nsu=http://opcfoundation.org/UA/Plc/Applications;s=SlowRandomUIntScalar3":{"Value":2158746283,"SourceTimestamp":"2024-04-27T18:03:30.3406492Z","ServerTimestamp":"2024-04-27T18:03:38.1887915Z"},"nsu=http://opcfoundation.org/UA/Plc/Applications;s=BadSlowRandomUIntScalar1":{"Value":null,"StatusCode":{"Symbol":"BadNoCommunication","Code":2150694912},"SourceTimestamp":"2024-04-27T18:03:30.3406516Z","ServerTimestamp":"2024-04-27T18:03:38.1887873Z"},"nsu=http://opcfoundation.org/UA/Plc/Applications;s=SpikeData":{"Value":24.868988716485482,"SourceTimestamp":"2024-04-27T18:03:38.1415934Z","ServerTimestamp":"2024-04-27T18:03:38.1887832Z"},"ns=23;i=1259":{"Value":-1.3900000000000001,"SourceTimestamp":"2024-04-27T18:01:51.1647612Z","ServerTimestamp":"2024-04-27T18:03:38.1887626Z"}}