{"i=2258":{"Value":"2024-04-27T18:02:02.1879366Z","SourceTimestamp":"2024-04-27T18:01:51.1647297Z","ServerTimestamp":"2024-04-27T18:02:02.1879355Z"},"nsu=http://opcfoundation.org/UA/Plc/Applications;s=StepUp":{"Value":118,"SourceTimestamp":"2024-04-27T18:02:02.1402124Z","ServerTimestamp":"2024-04-27T18:02:02.1879823Z"},"nsu=http://opcfoundation.org/UA/Plc/Applications;s=AlternatingBoolean":{"Value":true,"SourceTimestamp":"2024-04-27T18:02:02.1402124Z","ServerTimestamp":"2024-04-27T18:02:02.1879757Z"},"nsu=http://opcfoundation.org/UA/Plc/Applications;s=RandomSignedInt32":{"Value":320701580,"SourceTimestamp":"2024-04-27T18:02:02.1402356Z","ServerTimestamp":"2024-04-27T18:02:02.1879726Z"},"nsu=http://opcfoundation.org/UA/Plc/Applications;s=RandomUnsignedInt32":{"Value":2055826887,"SourceTimestamp":"2024-04-27T18:02:02.1402341Z","ServerTimestamp":"2024-04-27T18:02:02.1879799Z"},"nsu=http://opcfoundation.org/UA/Plc/Applications;s=DipData":{"Value":-84.432792550201526,"SourceTimestamp":"2024-04-27T18:02:02.1402458Z","ServerTimestamp":"2024-04-27T18:02:02.1879719Z"},"nsu=http://opcfoundation.org/UA/Plc/Applications;s=FastUIntScalar1":{"Value":11,"SourceTimestamp":"2024-04-27T18:02:01.3449672Z","ServerTimestamp":"2024-04-27T18:02:02.1879841Z"},"nsu=http://opcfoundation.org/UA/Plc/Applications;s=FastUIntScalar2":{"Value":11,"SourceTimestamp":"2024-04-27T18:02:01.3449774Z","ServerTimestamp":"2024-04-27T18:02:02.1879735Z"},"nsu=http://opcfoundation.org/UA/Plc/Applications;s=FastUIntScalar3":{"Value":11,"SourceTimestamp":"2024-04-27T18:02:01.3449793Z","ServerTimestamp":"2024-04-27T18:02:02.1879686Z"},"nsu=http://opcfoundation.org/UA/Plc/Applications;s=FastRandomUIntScalar1":{"Value":3487606282,"SourceTimestamp":"2024-04-27T18:02:01.3449676Z","ServerTimestamp":"2024-04-27T18:02:02.1879816Z"},"nsu=http://opcfoundation.org/UA/Plc/Applications;s=FastRandomUIntScalar2":{"Value":2642841716,"SourceTimestamp":"2024-04-27T18:02:01.3449736Z","ServerTimestamp":"2024-04-27T18:02:02.1879838Z"},"nsu=http://opcfoundation.org/UA/Plc/Applications;s=FastRandomUIntScalar3":{"Value":2137177124,"SourceTimestamp":"2024-04-27T18:02:01.3449781Z","ServerTimestamp":"2024-04-27T18:02:02.1879696Z"},"nsu=http://opcfoundation.org/UA/Plc/Applications;s=NegativeTrendData":{"Value":100,"SourceTimestamp":"2024-04-27T18:02:02.1402478Z","ServerTimestamp":"2024-04-27T18:02:02.1879663Z"},"nsu=http://opcfoundation.org/UA/Plc/Applications;s=PositiveTrendData":{"Value":100,"SourceTimestamp":"2024-04-27T18:02:02.1402442Z","ServerTimestamp":"2024-04-27T18:02:02.1879831Z"},"nsu=http://opcfoundation.org/UA/Plc/Applications;s=SlowUIntScalar1":{"Value":1,"SourceTimestamp":"2024-04-27T18:02:00.3505978Z","ServerTimestamp":"2024-04-27T18:02:02.1879677Z"},"nsu=http://opcfoundation.org/UA/Plc/Applications;s=SlowUIntScalar2":{"Value":1,"SourceTimestamp":"2024-04-27T18:02:00.350608Z","ServerTimestamp":"2024-04-27T18:02:02.187975Z"},"nsu=http://opcfoundation.org/UA/Plc/Applications;s=SlowUIntScalar3":{"Value":1,"SourceTimestamp":"2024-04-27T18:02:00.3506106Z","ServerTimestamp":"2024-04-27T18:02:02.1879771Z"},"nsu=http://opcfoundation.org/UA/Plc/Applications;s=BadSlowUIntScalar1":{"Value":1,"SourceTimestamp":"2024-04-27T18:02:00.350613Z","ServerTimestamp":"2024-04-27T18:02:02.1879851Z"},"nsu=http://opcfoundation.org/UA/Plc/Applications;s=SlowRandomUIntScalar1":{"Value":1664652252,"SourceTimestamp":"2024-04-27T18:02:00.3506454Z","ServerTimestamp":"2024-04-27T18:02:02.1879811Z"},"nsu=http://opcfoundation.org/UA/Plc/Applications;s=SlowRandomUIntScalar2":{"Value":283059082,"SourceTimestamp":"2024-04-27T18:02:00.3506529Z","ServerTimestamp":"2024-04-27T18:02:02.1879713Z"},"nsu=http://opcfoundation.org/UA/Plc/Applications;s=SlowRandomUIntScalar3":{"Value":1725400786,"SourceTimestamp":"2024-04-27T18:02:00.3506549Z","ServerTimestamp":"2024-04-27T18:02:02.1879781Z"},"nsu=http://opcfoundation.org/UA/Plc/Applications;s=BadSlowRandomUIntScalar1":{"Value":4038521348,"SourceTimestamp":"2024-04-27T18:02:00.350657Z","ServerTimestamp":"2024-04-27T18:02:02.1879743Z"},"nsu=http://opcfoundation.org/UA/Plc/Applications;s=SpikeData":{"Value":-84.432792550201526,"SourceTimestamp":"2024-04-27T18:02:02.140255Z","ServerTimestamp":"2024-04-27T18:02:02.1879704Z"},"ns=23;i=1259":{"Value":0.79800000000000004,"SourceTimestamp":"2024-04-27T18:01:51.1647612Z","ServerTimestamp":"2024-04-27T18:02:02.1879506Z"}}