{"i=2258":{"Value":"2024-04-27T18:02:11.1855243Z","SourceTimestamp":"2024-04-27T18:01:51.1647297Z","ServerTimestamp":"2024-04-27T18:02:11.185523Z"},"nsu=http://opcfoundation.org/UA/Plc/Applications;s=StepUp":{"Value":208,"SourceTimestamp":"2024-04-27T18:02:11.1383015Z","ServerTimestamp":"2024-04-27T18:02:11.1855739Z"},"nsu=http://opcfoundation.org/UA/Plc/Applications;s=AlternatingBoolean":{"Value":true,"SourceTimestamp":"2024-04-27T18:02:11.1383201Z","ServerTimestamp":"2024-04-27T18:02:11.1855674Z"},"nsu=http://opcfoundation.org/UA/Plc/Applications;s=RandomSignedInt32":{"Value":795200950,"SourceTimestamp":"2024-04-27T18:02:11.1383253Z","ServerTimestamp":"2024-04-27T18:02:11.1855643Z"},"nsu=http://opcfoundation.org/UA/Plc/Applications;s=RandomUnsignedInt32":{"Value":192340680,"SourceTimestamp":"2024-04-27T18:02:11.1383502Z","ServerTimestamp":"2024-04-27T18:02:11.1855706Z"},"nsu=http://opcfoundation.org/UA/Plc/Applications;s=DipData":{"Value":-77.0513242775789,"SourceTimestamp":"2024-04-27T18:02:11.1383397Z","ServerTimestamp":"2024-04-27T18:02:11.1855636Z"},"nsu=http://opcfoundation.org/UA/Plc/Applications;s=FastUIntScalar1":{"Value":20,"SourceTimestamp":"2024-04-27T18:02:10.3364542Z","ServerTimestamp":"2024-04-27T18:02:11.1855757Z"},"nsu=http://opcfoundation.org/UA/Plc/Applications;s=FastUIntScalar2":{"Value":20,"SourceTimestamp":"2024-04-27T18:02:10.3364611Z","ServerTimestamp":"2024-04-27T18:02:11.1855652Z"},"nsu=http://opcfoundation.org/UA/Plc/Applications;s=FastUIntScalar3":{"Value":20,"SourceTimestamp":"2024-04-27T18:02:10.3364636Z","ServerTimestamp":"2024-04-27T18:02:11.1855603Z"},"nsu=http://opcfoundation.org/UA/Plc/Applications;s=FastRandomUIntScalar1":{"Value":2594818415,"SourceTimestamp":"2024-04-27T18:02:10.3364367Z","ServerTimestamp":"2024-04-27T18:02:11.1855732Z"},"nsu=http://opcfoundation.org/UA/Plc/Applications;s=FastRandomUIntScalar2":{"Value":1598083440,"SourceTimestamp":"2024-04-27T18:02:10.3364463Z","ServerTimestamp":"2024-04-27T18:02:11.1855754Z"},"nsu=http://opcfoundation.org/UA/Plc/Applications;s=FastRandomUIntScalar3":{"Value":2137486840,"SourceTimestamp":"2024-04-27T18:02:10.336449Z","ServerTimestamp":"2024-04-27T18:02:11.1855613Z"},"nsu=http://opcfoundation.org/UA/Plc/Applications;s=NegativeTrendData":{"Value":100,"SourceTimestamp":"2024-04-27T18:02:11.1383438Z","ServerTimestamp":"2024-04-27T18:02:11.1855581Z"},"nsu=http://opcfoundation.org/UA/Plc/Applications;s=PositiveTrendData":{"Value":100,"SourceTimestamp":"2024-04-27T18:02:11.1383467Z","ServerTimestamp":"2024-04-27T18:02:11.1855747Z"},"nsu=http://opcfoundation.org/UA/Plc/Applications;s=SlowUIntScalar1":{"Value":2,"SourceTimestamp":"2024-04-27T18:02:10.3363641Z","ServerTimestamp":"2024-04-27T18:02:11.1855593Z"},"nsu=http://opcfoundation.org/UA/Plc/Applications;s=SlowUIntScalar2":{"Value":2,"SourceTimestamp":"2024-04-27T18:02:10.336376Z","ServerTimestamp":"2024-04-27T18:02:11.1855667Z"},"nsu=http://opcfoundation.org/UA/Plc/Applications;s=SlowUIntScalar3":{"Value":2,"SourceTimestamp":"2024-04-27T18:02:10.3363783Z","ServerTimestamp":"2024-04-27T18:02:11.1855687Z"},"nsu=http://opcfoundation.org/UA/Plc/Applications;s=BadSlowUIntScalar1":{"Value":2,"SourceTimestamp":"2024-04-27T18:02:10.3363812Z","ServerTimestamp":"2024-04-27T18:02:11.1855766Z"},"nsu=http://opcfoundation.org/UA/Plc/Applications;s=SlowRandomUIntScalar1":{"Value":1842338443,"SourceTimestamp":"2024-04-27T18:02:10.3363812Z","ServerTimestamp":"2024-04-27T18:02:11.1855726Z"},"nsu=http://opcfoundation.org/UA/Plc/Applications;s=SlowRandomUIntScalar2":{"Value":1633294737,"SourceTimestamp":"2024-04-27T18:02:10.3363862Z","ServerTimestamp":"2024-04-27T18:02:11.1855631Z"},"nsu=http://opcfoundation.org/UA/Plc/Applications;s=SlowRandomUIntScalar3":{"Value":3788117744,"SourceTimestamp":"2024-04-27T18:02:10.3363881Z","ServerTimestamp":"2024-04-27T18:02:11.1855698Z"},"nsu=http://opcfoundation.org/UA/Plc/Applications;s=BadSlowRandomUIntScalar1":{"Value":1354209551,"SourceTimestamp":"2024-04-27T18:02:10.3363907Z","ServerTimestamp":"2024-04-27T18:02:11.185566Z"},"nsu=http://opcfoundation.org/UA/Plc/Applications;s=SpikeData":{"Value":-77.0513242775789,"SourceTimestamp":"2024-04-27T18:02:11.1383507Z","ServerTimestamp":"2024-04-27T18:02:11.1855622Z"},"ns=23;i=1259":{"Value":0.0059800000000000001,"SourceTimestamp":"2024-04-27T18:01:51.1647612Z","ServerTimestamp":"2024-04-27T18:02:11.1855406Z"}}