{"i=2258":{"Value":"2024-04-27T18:02:17.1923961Z","SourceTimestamp":"2024-04-27T18:01:51.1647297Z","ServerTimestamp":"2024-04-27T18:02:17.1923949Z"},"nsu=http://opcfoundation.org/UA/Plc/Applications;s=StepUp":{"Value":268,"SourceTimestamp":"2024-04-27T18:02:17.1445457Z","ServerTimestamp":"2024-04-27T18:02:17.1924409Z"},"nsu=http://opcfoundation.org/UA/Plc/Applications;s=AlternatingBoolean":{"Value":false,"SourceTimestamp":"2024-04-27T18:02:17.144585Z","ServerTimestamp":"2024-04-27T18:02:17.1924343Z"},"nsu=http://opcfoundation.org/UA/Plc/Applications;s=RandomSignedInt32":{"Value":-876184359,"SourceTimestamp":"2024-04-27T18:02:17.1445851Z","ServerTimestamp":"2024-04-27T18:02:17.1924315Z"},"nsu=http://opcfoundation.org/UA/Plc/Applications;s=RandomUnsignedInt32":{"Value":1227620043,"SourceTimestamp":"2024-04-27T18:02:17.1446021Z","ServerTimestamp":"2024-04-27T18:02:17.1924377Z"},"nsu=http://opcfoundation.org/UA/Plc/Applications;s=DipData":{"Value":-84.432792550201526,"SourceTimestamp":"2024-04-27T18:02:17.1446128Z","ServerTimestamp":"2024-04-27T18:02:17.1924308Z"},"nsu=http://opcfoundation.org/UA/Plc/Applications;s=FastUIntScalar1":{"Value":26,"SourceTimestamp":"2024-04-27T18:02:16.3387776Z","ServerTimestamp":"2024-04-27T18:02:17.1924428Z"},"nsu=http://opcfoundation.org/UA/Plc/Applications;s=FastUIntScalar2":{"Value":26,"SourceTimestamp":"2024-04-27T18:02:16.3387835Z","ServerTimestamp":"2024-04-27T18:02:17.1924323Z"},"nsu=http://opcfoundation.org/UA/Plc/Applications;s=FastUIntScalar3":{"Value":26,"SourceTimestamp":"2024-04-27T18:02:16.338785Z","ServerTimestamp":"2024-04-27T18:02:17.1924272Z"},"nsu=http://opcfoundation.org/UA/Plc/Applications;s=FastRandomUIntScalar1":{"Value":4048713079,"SourceTimestamp":"2024-04-27T18:02:16.3387862Z","ServerTimestamp":"2024-04-27T18:02:17.1924393Z"},"nsu=http://opcfoundation.org/UA/Plc/Applications;s=FastRandomUIntScalar2":{"Value":2200307085,"SourceTimestamp":"2024-04-27T18:02:16.3387903Z","ServerTimestamp":"2024-04-27T18:02:17.1924425Z"},"nsu=http://opcfoundation.org/UA/Plc/Applications;s=FastRandomUIntScalar3":{"Value":929211669,"SourceTimestamp":"2024-04-27T18:02:16.3387988Z","ServerTimestamp":"2024-04-27T18:02:17.1924281Z"},"nsu=http://opcfoundation.org/UA/Plc/Applications;s=NegativeTrendData":{"Value":100,"SourceTimestamp":"2024-04-27T18:02:17.1445992Z","ServerTimestamp":"2024-04-27T18:02:17.1924253Z"},"nsu=http://opcfoundation.org/UA/Plc/Applications;s=PositiveTrendData":{"Value":100,"SourceTimestamp":"2024-04-27T18:02:17.1446009Z","ServerTimestamp":"2024-04-27T18:02:17.1924416Z"},"nsu=http://opcfoundation.org/UA/Plc/Applications;s=SlowUIntScalar1":{"Value":2,"SourceTimestamp":"2024-04-27T18:02:10.3363641Z","ServerTimestamp":"2024-04-27T18:02:17.1924263Z"},"nsu=http://opcfoundation.org/UA/Plc/Applications;s=SlowUIntScalar2":{"Value":2,"SourceTimestamp":"2024-04-27T18:02:10.336376Z","ServerTimestamp":"2024-04-27T18:02:17.1924338Z"},"nsu=http://opcfoundation.org/UA/Plc/Applications;s=SlowUIntScalar3":{"Value":2,"SourceTimestamp":"2024-04-27T18:02:10.3363783Z","ServerTimestamp":"2024-04-27T18:02:17.1924357Z"},"nsu=http://opcfoundation.org/UA/Plc/Applications;s=BadSlowUIntScalar1":{"Value":2,"SourceTimestamp":"2024-04-27T18:02:10.3363812Z","ServerTimestamp":"2024-04-27T18:02:17.1924436Z"},"nsu=http://opcfoundation.org/UA/Plc/Applications;s=SlowRandomUIntScalar1":{"Value":1842338443,"SourceTimestamp":"2024-04-27T18:02:10.3363812Z","ServerTimestamp":"2024-04-27T18:02:17.1924388Z"},"nsu=http://opcfoundation.org/UA/Plc/Applications;s=SlowRandomUIntScalar2":{"Value":1633294737,"SourceTimestamp":"2024-04-27T18:02:10.3363862Z","ServerTimestamp":"2024-04-27T18:02:17.1924301Z"},"nsu=http://opcfoundation.org/UA/Plc/Applications;s=SlowRandomUIntScalar3":{"Value":3788117744,"SourceTimestamp":"2024-04-27T18:02:10.3363881Z","ServerTimestamp":"2024-04-27T18:02:17.1924367Z"},"nsu=http://opcfoundation.org/UA/Plc/Applications;s=BadSlowRandomUIntScalar1":{"Value":1354209551,"SourceTimestamp":"2024-04-27T18:02:10.3363907Z","ServerTimestamp":"2024-04-27T18:02:17.1924331Z"},"nsu=http://opcfoundation.org/UA/Plc/Applications;s=SpikeData":{"Value":-84.432792550201526,"SourceTimestamp":"2024-04-27T18:02:17.1446116Z","ServerTimestamp":"2024-04-27T18:02:17.1924293Z"},"ns=23;i=1259":{"Value":-1.3200000000000001,"SourceTimestamp":"2024-04-27T18:01:51.1647612Z","ServerTimestamp":"2024-04-27T18:02:17.19241Z"}}