{"i=2258":{"Value":"2024-04-27T18:02:18.184625Z","SourceTimestamp":"2024-04-27T18:01:51.1647297Z","ServerTimestamp":"2024-04-27T18:02:18.1846234Z"},"nsu=http://opcfoundation.org/UA/Plc/Applications;s=StepUp":{"Value":278,"SourceTimestamp":"2024-04-27T18:02:18.1520985Z","ServerTimestamp":"2024-04-27T18:02:18.1846881Z"},"nsu=http://opcfoundation.org/UA/Plc/Applications;s=AlternatingBoolean":{"Value":false,"SourceTimestamp":"2024-04-27T18:02:18.1521329Z","ServerTimestamp":"2024-04-27T18:02:18.1846828Z"},"nsu=http://opcfoundation.org/UA/Plc/Applications;s=RandomSignedInt32":{"Value":-974993095,"SourceTimestamp":"2024-04-27T18:02:18.152158Z","ServerTimestamp":"2024-04-27T18:02:18.1846795Z"},"nsu=http://opcfoundation.org/UA/Plc/Applications;s=RandomUnsignedInt32":{"Value":931616616,"SourceTimestamp":"2024-04-27T18:02:18.1521454Z","ServerTimestamp":"2024-04-27T18:02:18.1846859Z"},"nsu=http://opcfoundation.org/UA/Plc/Applications;s=DipData":{"Value":24.868988716485482,"SourceTimestamp":"2024-04-27T18:02:18.1521619Z","ServerTimestamp":"2024-04-27T18:02:18.1846788Z"},"nsu=http://opcfoundation.org/UA/Plc/Applications;s=FastUIntScalar1":{"Value":27,"SourceTimestamp":"2024-04-27T18:02:17.3467474Z","ServerTimestamp":"2024-04-27T18:02:18.1846899Z"},"nsu=http://opcfoundation.org/UA/Plc/Applications;s=FastUIntScalar2":{"Value":27,"SourceTimestamp":"2024-04-27T18:02:17.3467562Z","ServerTimestamp":"2024-04-27T18:02:18.1846803Z"},"nsu=http://opcfoundation.org/UA/Plc/Applications;s=FastUIntScalar3":{"Value":27,"SourceTimestamp":"2024-04-27T18:02:17.3467588Z","ServerTimestamp":"2024-04-27T18:02:18.1846755Z"},"nsu=http://opcfoundation.org/UA/Plc/Applications;s=FastRandomUIntScalar1":{"Value":1977945169,"SourceTimestamp":"2024-04-27T18:02:17.3467307Z","ServerTimestamp":"2024-04-27T18:02:18.1846874Z"},"nsu=http://opcfoundation.org/UA/Plc/Applications;s=FastRandomUIntScalar2":{"Value":409719219,"SourceTimestamp":"2024-04-27T18:02:17.3467395Z","ServerTimestamp":"2024-04-27T18:02:18.1846895Z"},"nsu=http://opcfoundation.org/UA/Plc/Applications;s=FastRandomUIntScalar3":{"Value":2941008212,"SourceTimestamp":"2024-04-27T18:02:17.3467419Z","ServerTimestamp":"2024-04-27T18:02:18.1846765Z"},"nsu=http://opcfoundation.org/UA/Plc/Applications;s=NegativeTrendData":{"Value":100,"SourceTimestamp":"2024-04-27T18:02:18.1521568Z","ServerTimestamp":"2024-04-27T18:02:18.1846733Z"},"nsu=http://opcfoundation.org/UA/Plc/Applications;s=PositiveTrendData":{"Value":100,"SourceTimestamp":"2024-04-27T18:02:18.1521608Z","ServerTimestamp":"2024-04-27T18:02:18.1846888Z"},"nsu=http://opcfoundation.org/UA/Plc/Applications;s=SlowUIntScalar1":{"Value":2,"SourceTimestamp":"2024-04-27T18:02:10.3363641Z","ServerTimestamp":"2024-04-27T18:02:18.1846745Z"},"nsu=http://opcfoundation.org/UA/Plc/Applications;s=SlowUIntScalar2":{"Value":2,"SourceTimestamp":"2024-04-27T18:02:10.336376Z","ServerTimestamp":"2024-04-27T18:02:18.1846822Z"},"nsu=http://opcfoundation.org/UA/Plc/Applications;s=SlowUIntScalar3":{"Value":2,"SourceTimestamp":"2024-04-27T18:02:10.3363783Z","ServerTimestamp":"2024-04-27T18:02:18.1846841Z"},"nsu=http://opcfoundation.org/UA/Plc/Applications;s=BadSlowUIntScalar1":{"Value":2,"SourceTimestamp":"2024-04-27T18:02:10.3363812Z","ServerTimestamp":"2024-04-27T18:02:18.1846907Z"},"nsu=http://opcfoundation.org/UA/Plc/Applications;s=SlowRandomUIntScalar1":{"Value":1842338443,"SourceTimestamp":"2024-04-27T18:02:10.3363812Z","ServerTimestamp":"2024-04-27T18:02:18.1846869Z"},"nsu=http://opcfoundation.org/UA/Plc/Applications;s=SlowRandomUIntScalar2":{"Value":1633294737,"SourceTimestamp":"2024-04-27T18:02:10.3363862Z","ServerTimestamp":"2024-04-27T18:02:18.1846781Z"},"nsu=http://opcfoundation.org/UA/Plc/Applications;s=SlowRandomUIntScalar3":{"Value":3788117744,"SourceTimestamp":"2024-04-27T18:02:10.3363881Z","ServerTimestamp":"2024-04-27T18:02:18.184685Z"},"nsu=http://opcfoundation.org/UA/Plc/Applications;s=BadSlowRandomUIntScalar1":{"Value":1354209551,"SourceTimestamp":"2024-04-27T18:02:10.3363907Z","ServerTimestamp":"2024-04-27T18:02:18.1846812Z"},"nsu=http://opcfoundation.org/UA/Plc/Applications;s=SpikeData":{"Value":24.868988716485482,"SourceTimestamp":"2024-04-27T18:02:18.1521927Z","ServerTimestamp":"2024-04-27T18:02:18.1846773Z"},"ns=23;i=1259":{"Value":-0.318,"SourceTimestamp":"2024-04-27T18:01:51.1647612Z","ServerTimestamp":"2024-04-27T18:02:18.18464Z"}}