{"i=2258":{"Value":"2024-04-27T18:01:54.1841988Z","SourceTimestamp":"2024-04-27T18:01:51.1647297Z","ServerTimestamp":"2024-04-27T18:01:54.1841972Z"},"nsu=http://opcfoundation.org/UA/Plc/Applications;s=StepUp":{"Value":38,"SourceTimestamp":"2024-04-27T18:01:54.1509415Z","ServerTimestamp":"2024-04-27T18:01:54.1842469Z"},"nsu=http://opcfoundation.org/UA/Plc/Applications;s=AlternatingBoolean":{"Value":true,"SourceTimestamp":"2024-04-27T18:01:54.1509502Z","ServerTimestamp":"2024-04-27T18:01:54.1842412Z"},"nsu=http://opcfoundation.org/UA/Plc/Applications;s=RandomSignedInt32":{"Value":-647205300,"SourceTimestamp":"2024-04-27T18:01:54.1509524Z","ServerTimestamp":"2024-04-27T18:01:54.1842382Z"},"nsu=http://opcfoundation.org/UA/Plc/Applications;s=RandomUnsignedInt32":{"Value":2034606189,"SourceTimestamp":"2024-04-27T18:01:54.1509572Z","ServerTimestamp":"2024-04-27T18:01:54.1842446Z"},"nsu=http://opcfoundation.org/UA/Plc/Applications;s=DipData":{"Value":99.80267284282715,"SourceTimestamp":"2024-04-27T18:01:54.1509661Z","ServerTimestamp":"2024-04-27T18:01:54.1842374Z"},"nsu=http://opcfoundation.org/UA/Plc/Applications;s=FastUIntScalar1":{"Value":3,"SourceTimestamp":"2024-04-27T18:01:53.343753Z","ServerTimestamp":"2024-04-27T18:01:54.184249Z"},"nsu=http://opcfoundation.org/UA/Plc/Applications;s=FastUIntScalar2":{"Value":3,"SourceTimestamp":"2024-04-27T18:01:53.3437584Z","ServerTimestamp":"2024-04-27T18:01:54.1842391Z"},"nsu=http://opcfoundation.org/UA/Plc/Applications;s=FastUIntScalar3":{"Value":3,"SourceTimestamp":"2024-04-27T18:01:53.343763Z","ServerTimestamp":"2024-04-27T18:01:54.1842342Z"},"nsu=http://opcfoundation.org/UA/Plc/Applications;s=FastRandomUIntScalar1":{"Value":1698481551,"SourceTimestamp":"2024-04-27T18:01:53.3437535Z","ServerTimestamp":"2024-04-27T18:01:54.1842462Z"},"nsu=http://opcfoundation.org/UA/Plc/Applications;s=FastRandomUIntScalar2":{"Value":831529837,"SourceTimestamp":"2024-04-27T18:01:53.3437619Z","ServerTimestamp":"2024-04-27T18:01:54.1842487Z"},"nsu=http://opcfoundation.org/UA/Plc/Applications;s=FastRandomUIntScalar3":{"Value":3511430784,"SourceTimestamp":"2024-04-27T18:01:53.3437638Z","ServerTimestamp":"2024-04-27T18:01:54.1842352Z"},"nsu=http://opcfoundation.org/UA/Plc/Applications;s=NegativeTrendData":{"Value":100,"SourceTimestamp":"2024-04-27T18:01:54.15096Z","ServerTimestamp":"2024-04-27T18:01:54.1842324Z"},"nsu=http://opcfoundation.org/UA/Plc/Applications;s=PositiveTrendData":{"Value":100,"SourceTimestamp":"2024-04-27T18:01:54.1509622Z","ServerTimestamp":"2024-04-27T18:01:54.1842479Z"},"nsu=http://opcfoundation.org/UA/Plc/Applications;s=SlowUIntScalar1":{"Value":0,"SourceTimestamp":"2024-04-27T18:01:50.3364938Z","ServerTimestamp":"2024-04-27T18:01:54.1842335Z"},"nsu=http://opcfoundation.org/UA/Plc/Applications;s=SlowUIntScalar2":{"Value":0,"SourceTimestamp":"2024-04-27T18:01:50.3364946Z","ServerTimestamp":"2024-04-27T18:01:54.1842405Z"},"nsu=http://opcfoundation.org/UA/Plc/Applications;s=SlowUIntScalar3":{"Value":0,"SourceTimestamp":"2024-04-27T18:01:50.336496Z","ServerTimestamp":"2024-04-27T18:01:54.1842425Z"},"nsu=http://opcfoundation.org/UA/Plc/Applications;s=BadSlowUIntScalar1":{"Value":0,"SourceTimestamp":"2024-04-27T18:01:50.3364977Z","ServerTimestamp":"2024-04-27T18:01:54.1842498Z"},"nsu=http://opcfoundation.org/UA/Plc/Applications;s=SlowRandomUIntScalar1":{"Value":0,"SourceTimestamp":"2024-04-27T18:01:50.3365039Z","ServerTimestamp":"2024-04-27T18:01:54.1842457Z"},"nsu=http://opcfoundation.org/UA/Plc/Applications;s=SlowRandomUIntScalar2":{"Value":0,"SourceTimestamp":"2024-04-27T18:01:50.3365044Z","ServerTimestamp":"2024-04-27T18:01:54.184237Z"},"nsu=http://opcfoundation.org/UA/Plc/Applications;s=SlowRandomUIntScalar3":{"Value":0,"SourceTimestamp":"2024-04-27T18:01:50.3365048Z","ServerTimestamp":"2024-04-27T18:01:54.1842437Z"},"nsu=http://opcfoundation.org/UA/Plc/Applications;s=BadSlowRandomUIntScalar1":{"Value":0,"SourceTimestamp":"2024-04-27T18:01:50.3365064Z","ServerTimestamp":"2024-04-27T18:01:54.1842399Z"},"nsu=http://opcfoundation.org/UA/Plc/Applications;s=SpikeData":{"Value":99.80267284282715,"SourceTimestamp":"2024-04-27T18:01:54.1509685Z","ServerTimestamp":"2024-04-27T18:01:54.1842361Z"},"ns=23;i=1259":{"Value":-0.40100000000000002,"SourceTimestamp":"2024-04-27T18:01:51.1647612Z","ServerTimestamp":"2024-04-27T18:01:54.1842153Z"}}