{"i=2258":{"Value":"2024-04-27T18:02:27.1896956Z","SourceTimestamp":"2024-04-27T18:01:51.1647297Z","ServerTimestamp":"2024-04-27T18:02:27.1896943Z"},"nsu=http://opcfoundation.org/UA/Plc/Applications;s=StepUp":{"Value":368,"SourceTimestamp":"2024-04-27T18:02:27.1411412Z","ServerTimestamp":"2024-04-27T18:02:27.1897423Z"},"nsu=http://opcfoundation.org/UA/Plc/Applications;s=AlternatingBoolean":{"Value":false,"SourceTimestamp":"2024-04-27T18:02:27.1411454Z","ServerTimestamp":"2024-04-27T18:02:27.1897364Z"},"nsu=http://opcfoundation.org/UA/Plc/Applications;s=RandomSignedInt32":{"Value":429074570,"SourceTimestamp":"2024-04-27T18:02:27.1411594Z","ServerTimestamp":"2024-04-27T18:02:27.1897333Z"},"nsu=http://opcfoundation.org/UA/Plc/Applications;s=RandomUnsignedInt32":{"Value":372445528,"SourceTimestamp":"2024-04-27T18:02:27.141156Z","ServerTimestamp":"2024-04-27T18:02:27.1897401Z"},"nsu=http://opcfoundation.org/UA/Plc/Applications;s=DipData":{"Value":-84.432792550201526,"SourceTimestamp":"2024-04-27T18:02:27.1411753Z","ServerTimestamp":"2024-04-27T18:02:27.1897327Z"},"nsu=http://opcfoundation.org/UA/Plc/Applications;s=FastUIntScalar1":{"Value":36,"SourceTimestamp":"2024-04-27T18:02:26.3422861Z","ServerTimestamp":"2024-04-27T18:02:27.1897441Z"},"nsu=http://opcfoundation.org/UA/Plc/Applications;s=FastUIntScalar2":{"Value":36,"SourceTimestamp":"2024-04-27T18:02:26.3422963Z","ServerTimestamp":"2024-04-27T18:02:27.1897342Z"},"nsu=http://opcfoundation.org/UA/Plc/Applications;s=FastUIntScalar3":{"Value":36,"SourceTimestamp":"2024-04-27T18:02:26.3423031Z","ServerTimestamp":"2024-04-27T18:02:27.1897294Z"},"nsu=http://opcfoundation.org/UA/Plc/Applications;s=FastRandomUIntScalar1":{"Value":3880766447,"SourceTimestamp":"2024-04-27T18:02:26.3422901Z","ServerTimestamp":"2024-04-27T18:02:27.1897417Z"},"nsu=http://opcfoundation.org/UA/Plc/Applications;s=FastRandomUIntScalar2":{"Value":3098144053,"SourceTimestamp":"2024-04-27T18:02:26.342301Z","ServerTimestamp":"2024-04-27T18:02:27.1897438Z"},"nsu=http://opcfoundation.org/UA/Plc/Applications;s=FastRandomUIntScalar3":{"Value":4219083585,"SourceTimestamp":"2024-04-27T18:02:26.3423049Z","ServerTimestamp":"2024-04-27T18:02:27.1897303Z"},"nsu=http://opcfoundation.org/UA/Plc/Applications;s=NegativeTrendData":{"Value":99.799999999999997,"SourceTimestamp":"2024-04-27T18:02:27.1411694Z","ServerTimestamp":"2024-04-27T18:02:27.1897274Z"},"nsu=http://opcfoundation.org/UA/Plc/Applications;s=PositiveTrendData":{"Value":100,"SourceTimestamp":"2024-04-27T18:02:27.1411665Z","ServerTimestamp":"2024-04-27T18:02:27.1897431Z"},"nsu=http://opcfoundation.org/UA/Plc/Applications;s=SlowUIntScalar1":{"Value":3,"SourceTimestamp":"2024-04-27T18:02:20.3458305Z","ServerTimestamp":"2024-04-27T18:02:27.1897284Z"},"nsu=http://opcfoundation.org/UA/Plc/Applications;s=SlowUIntScalar2":{"Value":3,"SourceTimestamp":"2024-04-27T18:02:20.3458403Z","ServerTimestamp":"2024-04-27T18:02:27.1897358Z"},"nsu=http://opcfoundation.org/UA/Plc/Applications;s=SlowUIntScalar3":{"Value":3,"SourceTimestamp":"2024-04-27T18:02:20.3458423Z","ServerTimestamp":"2024-04-27T18:02:27.1897381Z"},"nsu=http://opcfoundation.org/UA/Plc/Applications;s=BadSlowUIntScalar1":{"Value":3,"SourceTimestamp":"2024-04-27T18:02:20.3458448Z","ServerTimestamp":"2024-04-27T18:02:27.1897449Z"},"nsu=http://opcfoundation.org/UA/Plc/Applications;s=SlowRandomUIntScalar1":{"Value":2388331144,"SourceTimestamp":"2024-04-27T18:02:20.3458769Z","ServerTimestamp":"2024-04-27T18:02:27.1897412Z"},"nsu=http://opcfoundation.org/UA/Plc/Applications;s=SlowRandomUIntScalar2":{"Value":2562633330,"SourceTimestamp":"2024-04-27T18:02:20.3458962Z","ServerTimestamp":"2024-04-27T18:02:27.189732Z"},"nsu=http://opcfoundation.org/UA/Plc/Applications;s=SlowRandomUIntScalar3":{"Value":3647549005,"SourceTimestamp":"2024-04-27T18:02:20.3458976Z","ServerTimestamp":"2024-04-27T18:02:27.1897391Z"},"nsu=http://opcfoundation.org/UA/Plc/Applications;s=BadSlowRandomUIntScalar1":{"Value":3534700319,"SourceTimestamp":"2024-04-27T18:02:20.3458994Z","ServerTimestamp":"2024-04-27T18:02:27.1897351Z"},"nsu=http://opcfoundation.org/UA/Plc/Applications;s=SpikeData":{"Value":-84.432792550201526,"SourceTimestamp":"2024-04-27T18:02:27.1411822Z","ServerTimestamp":"2024-04-27T18:02:27.1897313Z"},"ns=23;i=1259":{"Value":-0.064799999999999996,"SourceTimestamp":"2024-04-27T18:01:51.1647612Z","ServerTimestamp":"2024-04-27T18:02:27.1897109Z"}}