{"i=2258":{"Value":"2024-04-27T18:02:29.1908462Z","SourceTimestamp":"2024-04-27T18:01:51.1647297Z","ServerTimestamp":"2024-04-27T18:02:29.1908451Z"},"nsu=http://opcfoundation.org/UA/Plc/Applications;s=StepUp":{"Value":388,"SourceTimestamp":"2024-04-27T18:02:29.1429862Z","ServerTimestamp":"2024-04-27T18:02:29.1908929Z"},"nsu=http://opcfoundation.org/UA/Plc/Applications;s=AlternatingBoolean":{"Value":false,"SourceTimestamp":"2024-04-27T18:02:29.1430418Z","ServerTimestamp":"2024-04-27T18:02:29.1908866Z"},"nsu=http://opcfoundation.org/UA/Plc/Applications;s=RandomSignedInt32":{"Value":1412369826,"SourceTimestamp":"2024-04-27T18:02:29.1430062Z","ServerTimestamp":"2024-04-27T18:02:29.1908836Z"},"nsu=http://opcfoundation.org/UA/Plc/Applications;s=RandomUnsignedInt32":{"Value":752117284,"SourceTimestamp":"2024-04-27T18:02:29.1430174Z","ServerTimestamp":"2024-04-27T18:02:29.1908898Z"},"nsu=http://opcfoundation.org/UA/Plc/Applications;s=DipData":{"Value":99.80267284282715,"SourceTimestamp":"2024-04-27T18:02:29.1430326Z","ServerTimestamp":"2024-04-27T18:02:29.1908829Z"},"nsu=http://opcfoundation.org/UA/Plc/Applications;s=FastUIntScalar1":{"Value":38,"SourceTimestamp":"2024-04-27T18:02:28.338204Z","ServerTimestamp":"2024-04-27T18:02:29.1908949Z"},"nsu=http://opcfoundation.org/UA/Plc/Applications;s=FastUIntScalar2":{"Value":38,"SourceTimestamp":"2024-04-27T18:02:28.3382118Z","ServerTimestamp":"2024-04-27T18:02:29.1908845Z"},"nsu=http://opcfoundation.org/UA/Plc/Applications;s=FastUIntScalar3":{"Value":38,"SourceTimestamp":"2024-04-27T18:02:28.3382141Z","ServerTimestamp":"2024-04-27T18:02:29.1908797Z"},"nsu=http://opcfoundation.org/UA/Plc/Applications;s=FastRandomUIntScalar1":{"Value":4184962550,"SourceTimestamp":"2024-04-27T18:02:28.3382031Z","ServerTimestamp":"2024-04-27T18:02:29.1908915Z"},"nsu=http://opcfoundation.org/UA/Plc/Applications;s=FastRandomUIntScalar2":{"Value":3050795711,"SourceTimestamp":"2024-04-27T18:02:28.3382082Z","ServerTimestamp":"2024-04-27T18:02:29.1908946Z"},"nsu=http://opcfoundation.org/UA/Plc/Applications;s=FastRandomUIntScalar3":{"Value":1330876954,"SourceTimestamp":"2024-04-27T18:02:28.3382129Z","ServerTimestamp":"2024-04-27T18:02:29.1908807Z"},"nsu=http://opcfoundation.org/UA/Plc/Applications;s=NegativeTrendData":{"Value":99.799999999999997,"SourceTimestamp":"2024-04-27T18:02:29.1430293Z","ServerTimestamp":"2024-04-27T18:02:29.190877Z"},"nsu=http://opcfoundation.org/UA/Plc/Applications;s=PositiveTrendData":{"Value":100,"SourceTimestamp":"2024-04-27T18:02:29.1430459Z","ServerTimestamp":"2024-04-27T18:02:29.1908937Z"},"nsu=http://opcfoundation.org/UA/Plc/Applications;s=SlowUIntScalar1":{"Value":3,"SourceTimestamp":"2024-04-27T18:02:20.3458305Z","ServerTimestamp":"2024-04-27T18:02:29.1908781Z"},"nsu=http://opcfoundation.org/UA/Plc/Applications;s=SlowUIntScalar2":{"Value":3,"SourceTimestamp":"2024-04-27T18:02:20.3458403Z","ServerTimestamp":"2024-04-27T18:02:29.190886Z"},"nsu=http://opcfoundation.org/UA/Plc/Applications;s=SlowUIntScalar3":{"Value":3,"SourceTimestamp":"2024-04-27T18:02:20.3458423Z","ServerTimestamp":"2024-04-27T18:02:29.190888Z"},"nsu=http://opcfoundation.org/UA/Plc/Applications;s=BadSlowUIntScalar1":{"Value":3,"SourceTimestamp":"2024-04-27T18:02:20.3458448Z","ServerTimestamp":"2024-04-27T18:02:29.1908958Z"},"nsu=http://opcfoundation.org/UA/Plc/Applications;s=SlowRandomUIntScalar1":{"Value":2388331144,"SourceTimestamp":"2024-04-27T18:02:20.3458769Z","ServerTimestamp":"2024-04-27T18:02:29.1908909Z"},"nsu=http://opcfoundation.org/UA/Plc/Applications;s=SlowRandomUIntScalar2":{"Value":2562633330,"SourceTimestamp":"2024-04-27T18:02:20.3458962Z","ServerTimestamp":"2024-04-27T18:02:29.1908823Z"},"nsu=http://opcfoundation.org/UA/Plc/Applications;s=SlowRandomUIntScalar3":{"Value":3647549005,"SourceTimestamp":"2024-04-27T18:02:20.3458976Z","ServerTimestamp":"2024-04-27T18:02:29.190889Z"},"nsu=http://opcfoundation.org/UA/Plc/Applications;s=BadSlowRandomUIntScalar1":{"Value":3534700319,"SourceTimestamp":"2024-04-27T18:02:20.3458994Z","ServerTimestamp":"2024-04-27T18:02:29.1908853Z"},"nsu=http://opcfoundation.org/UA/Plc/Applications;s=SpikeData":{"Value":99.80267284282715,"SourceTimestamp":"2024-04-27T18:02:29.1430931Z","ServerTimestamp":"2024-04-27T18:02:29.1908815Z"},"ns=23;i=1259":{"Value":-0.065100000000000005,"SourceTimestamp":"2024-04-27T18:01:51.1647612Z","ServerTimestamp":"2024-04-27T18:02:29.1908613Z"}}