{"i=2258":{"Value":"2024-04-27T18:02:40.1865711Z","SourceTimestamp":"2024-04-27T18:01:51.1647297Z","ServerTimestamp":"2024-04-27T18:02:40.1865698Z"},"nsu=http://opcfoundation.org/UA/Plc/Applications;s=StepUp":{"Value":498,"SourceTimestamp":"2024-04-27T18:02:40.1387537Z","ServerTimestamp":"2024-04-27T18:02:40.186623Z"},"nsu=http://opcfoundation.org/UA/Plc/Applications;s=AlternatingBoolean":{"Value":false,"SourceTimestamp":"2024-04-27T18:02:40.1387537Z","ServerTimestamp":"2024-04-27T18:02:40.1866175Z"},"nsu=http://opcfoundation.org/UA/Plc/Applications;s=RandomSignedInt32":{"Value":1862364144,"SourceTimestamp":"2024-04-27T18:02:40.1387718Z","ServerTimestamp":"2024-04-27T18:02:40.1866136Z"},"nsu=http://opcfoundation.org/UA/Plc/Applications;s=RandomUnsignedInt32":{"Value":251734130,"SourceTimestamp":"2024-04-27T18:02:40.1387644Z","ServerTimestamp":"2024-04-27T18:02:40.1866207Z"},"nsu=http://opcfoundation.org/UA/Plc/Applications;s=DipData":{"Value":36.812455268467801,"SourceTimestamp":"2024-04-27T18:02:40.1387752Z","ServerTimestamp":"2024-04-27T18:02:40.1866125Z"},"nsu=http://opcfoundation.org/UA/Plc/Applications;s=FastUIntScalar1":{"Value":49,"SourceTimestamp":"2024-04-27T18:02:39.3434188Z","ServerTimestamp":"2024-04-27T18:02:40.1866248Z"},"nsu=http://opcfoundation.org/UA/Plc/Applications;s=FastUIntScalar2":{"Value":49,"SourceTimestamp":"2024-04-27T18:02:39.343425Z","ServerTimestamp":"2024-04-27T18:02:40.1866146Z"},"nsu=http://opcfoundation.org/UA/Plc/Applications;s=FastUIntScalar3":{"Value":49,"SourceTimestamp":"2024-04-27T18:02:39.3434268Z","ServerTimestamp":"2024-04-27T18:02:40.1866089Z"},"nsu=http://opcfoundation.org/UA/Plc/Applications;s=FastRandomUIntScalar1":{"Value":464545221,"SourceTimestamp":"2024-04-27T18:02:39.3434332Z","ServerTimestamp":"2024-04-27T18:02:40.1866223Z"},"nsu=http://opcfoundation.org/UA/Plc/Applications;s=FastRandomUIntScalar2":{"Value":2384376071,"SourceTimestamp":"2024-04-27T18:02:39.3434379Z","ServerTimestamp":"2024-04-27T18:02:40.1866245Z"},"nsu=http://opcfoundation.org/UA/Plc/Applications;s=FastRandomUIntScalar3":{"Value":738753941,"SourceTimestamp":"2024-04-27T18:02:39.3434394Z","ServerTimestamp":"2024-04-27T18:02:40.1866098Z"},"nsu=http://opcfoundation.org/UA/Plc/Applications;s=NegativeTrendData":{"Value":99.599999999999994,"SourceTimestamp":"2024-04-27T18:02:40.1387848Z","ServerTimestamp":"2024-04-27T18:02:40.1866064Z"},"nsu=http://opcfoundation.org/UA/Plc/Applications;s=PositiveTrendData":{"Value":100,"SourceTimestamp":"2024-04-27T18:02:40.1387827Z","ServerTimestamp":"2024-04-27T18:02:40.1866238Z"},"nsu=http://opcfoundation.org/UA/Plc/Applications;s=SlowUIntScalar1":{"Value":4,"SourceTimestamp":"2024-04-27T18:02:30.3490532Z","ServerTimestamp":"2024-04-27T18:02:40.1866076Z"},"nsu=http://opcfoundation.org/UA/Plc/Applications;s=SlowUIntScalar2":{"Value":4,"SourceTimestamp":"2024-04-27T18:02:30.3490669Z","ServerTimestamp":"2024-04-27T18:02:40.1866168Z"},"nsu=http://opcfoundation.org/UA/Plc/Applications;s=SlowUIntScalar3":{"Value":4,"SourceTimestamp":"2024-04-27T18:02:30.3490709Z","ServerTimestamp":"2024-04-27T18:02:40.1866188Z"},"nsu=http://opcfoundation.org/UA/Plc/Applications;s=BadSlowUIntScalar1":{"Value":4,"StatusCode":{"Symbol":"UncertainLastUsableValue","Code":1083179008},"SourceTimestamp":"2024-04-27T18:02:30.349073Z","ServerTimestamp":"2024-04-27T18:02:40.1866257Z"},"nsu=http://opcfoundation.org/UA/Plc/Applications;s=SlowRandomUIntScalar1":{"Value":3039589329,"SourceTimestamp":"2024-04-27T18:02:30.3490649Z","ServerTimestamp":"2024-04-27T18:02:40.1866218Z"},"nsu=http://opcfoundation.org/UA/Plc/Applications;s=SlowRandomUIntScalar2":{"Value":2440821831,"SourceTimestamp":"2024-04-27T18:02:30.3490699Z","ServerTimestamp":"2024-04-27T18:02:40.1866119Z"},"nsu=http://opcfoundation.org/UA/Plc/Applications;s=SlowRandomUIntScalar3":{"Value":1542176898,"SourceTimestamp":"2024-04-27T18:02:30.3490718Z","ServerTimestamp":"2024-04-27T18:02:40.1866198Z"},"nsu=http://opcfoundation.org/UA/Plc/Applications;s=BadSlowRandomUIntScalar1":{"Value":823326503,"StatusCode":{"Symbol":"UncertainLastUsableValue","Code":1083179008},"SourceTimestamp":"2024-04-27T18:02:30.3490738Z","ServerTimestamp":"2024-04-27T18:02:40.1866154Z"},"nsu=http://opcfoundation.org/UA/Plc/Applications;s=SpikeData":{"Value":36.812455268467801,"SourceTimestamp":"2024-04-27T18:02:40.1387805Z","ServerTimestamp":"2024-04-27T18:02:40.1866108Z"},"ns=23;i=1259":{"Value":-0.00299,"SourceTimestamp":"2024-04-27T18:01:51.1647612Z","ServerTimestamp":"2024-04-27T18:02:40.1865866Z"}}