{"i=2258":{"Value":"2024-04-27T18:02:44.1930121Z","SourceTimestamp":"2024-04-27T18:01:51.1647297Z","ServerTimestamp":"2024-04-27T18:02:44.1930108Z"},"nsu=http://opcfoundation.org/UA/Plc/Applications;s=StepUp":{"Value":538,"SourceTimestamp":"2024-04-27T18:02:44.1447038Z","ServerTimestamp":"2024-04-27T18:02:44.1930773Z"},"nsu=http://opcfoundation.org/UA/Plc/Applications;s=AlternatingBoolean":{"Value":true,"SourceTimestamp":"2024-04-27T18:02:44.1447123Z","ServerTimestamp":"2024-04-27T18:02:44.1930693Z"},"nsu=http://opcfoundation.org/UA/Plc/Applications;s=RandomSignedInt32":{"Value":756318606,"SourceTimestamp":"2024-04-27T18:02:44.1447142Z","ServerTimestamp":"2024-04-27T18:02:44.193065Z"},"nsu=http://opcfoundation.org/UA/Plc/Applications;s=RandomUnsignedInt32":{"Value":591999535,"SourceTimestamp":"2024-04-27T18:02:44.1447166Z","ServerTimestamp":"2024-04-27T18:02:44.1930737Z"},"nsu=http://opcfoundation.org/UA/Plc/Applications;s=DipData":{"Value":99.80267284282715,"SourceTimestamp":"2024-04-27T18:02:44.1447249Z","ServerTimestamp":"2024-04-27T18:02:44.1930641Z"},"nsu=http://opcfoundation.org/UA/Plc/Applications;s=FastUIntScalar1":{"Value":53,"SourceTimestamp":"2024-04-27T18:02:43.3458753Z","ServerTimestamp":"2024-04-27T18:02:44.1930798Z"},"nsu=http://opcfoundation.org/UA/Plc/Applications;s=FastUIntScalar2":{"Value":53,"SourceTimestamp":"2024-04-27T18:02:43.345881Z","ServerTimestamp":"2024-04-27T18:02:44.1930664Z"},"nsu=http://opcfoundation.org/UA/Plc/Applications;s=FastUIntScalar3":{"Value":53,"SourceTimestamp":"2024-04-27T18:02:43.3458855Z","ServerTimestamp":"2024-04-27T18:02:44.19306Z"},"nsu=http://opcfoundation.org/UA/Plc/Applications;s=FastRandomUIntScalar1":{"Value":1460824062,"SourceTimestamp":"2024-04-27T18:02:43.3458758Z","ServerTimestamp":"2024-04-27T18:02:44.1930763Z"},"nsu=http://opcfoundation.org/UA/Plc/Applications;s=FastRandomUIntScalar2":{"Value":1888253742,"SourceTimestamp":"2024-04-27T18:02:43.345884Z","ServerTimestamp":"2024-04-27T18:02:44.1930793Z"},"nsu=http://opcfoundation.org/UA/Plc/Applications;s=FastRandomUIntScalar3":{"Value":1141570978,"SourceTimestamp":"2024-04-27T18:02:43.3458862Z","ServerTimestamp":"2024-04-27T18:02:44.1930613Z"},"nsu=http://opcfoundation.org/UA/Plc/Applications;s=NegativeTrendData":{"Value":99.5,"SourceTimestamp":"2024-04-27T18:02:44.1447254Z","ServerTimestamp":"2024-04-27T18:02:44.1930574Z"},"nsu=http://opcfoundation.org/UA/Plc/Applications;s=PositiveTrendData":{"Value":100.09999999999999,"SourceTimestamp":"2024-04-27T18:02:44.1447249Z","ServerTimestamp":"2024-04-27T18:02:44.1930783Z"},"nsu=http://opcfoundation.org/UA/Plc/Applications;s=SlowUIntScalar1":{"Value":5,"SourceTimestamp":"2024-04-27T18:02:40.3423051Z","ServerTimestamp":"2024-04-27T18:02:44.1930588Z"},"nsu=http://opcfoundation.org/UA/Plc/Applications;s=SlowUIntScalar2":{"Value":5,"SourceTimestamp":"2024-04-27T18:02:40.3423115Z","ServerTimestamp":"2024-04-27T18:02:44.1930684Z"},"nsu=http://opcfoundation.org/UA/Plc/Applications;s=SlowUIntScalar3":{"Value":5,"SourceTimestamp":"2024-04-27T18:02:40.3423129Z","ServerTimestamp":"2024-04-27T18:02:44.1930713Z"},"nsu=http://opcfoundation.org/UA/Plc/Applications;s=BadSlowUIntScalar1":{"Value":5,"SourceTimestamp":"2024-04-27T18:02:40.3423144Z","ServerTimestamp":"2024-04-27T18:02:44.193081Z"},"nsu=http://opcfoundation.org/UA/Plc/Applications;s=SlowRandomUIntScalar1":{"Value":1638266518,"SourceTimestamp":"2024-04-27T18:02:40.3423133Z","ServerTimestamp":"2024-04-27T18:02:44.1930755Z"},"nsu=http://opcfoundation.org/UA/Plc/Applications;s=SlowRandomUIntScalar2":{"Value":3949581040,"SourceTimestamp":"2024-04-27T18:02:40.3423173Z","ServerTimestamp":"2024-04-27T18:02:44.1930634Z"},"nsu=http://opcfoundation.org/UA/Plc/Applications;s=SlowRandomUIntScalar3":{"Value":1077184440,"SourceTimestamp":"2024-04-27T18:02:40.3423191Z","ServerTimestamp":"2024-04-27T18:02:44.1930726Z"},"nsu=http://opcfoundation.org/UA/Plc/Applications;s=BadSlowRandomUIntScalar1":{"Value":2196322345,"SourceTimestamp":"2024-04-27T18:02:40.3423206Z","ServerTimestamp":"2024-04-27T18:02:44.1930675Z"},"nsu=http://opcfoundation.org/UA/Plc/Applications;s=SpikeData":{"Value":99.80267284282715,"SourceTimestamp":"2024-04-27T18:02:44.1447392Z","ServerTimestamp":"2024-04-27T18:02:44.1930624Z"},"ns=23;i=1259":{"Value":-0.20999999999999999,"SourceTimestamp":"2024-04-27T18:01:51.1647612Z","ServerTimestamp":"2024-04-27T18:02:44.1930299Z"}}