{"i=2258":{"Value":"2024-04-27T18:02:45.1831526Z","SourceTimestamp":"2024-04-27T18:01:51.1647297Z","ServerTimestamp":"2024-04-27T18:02:45.183151Z"},"nsu=http://opcfoundation.org/UA/Plc/Applications;s=StepUp":{"Value":548,"SourceTimestamp":"2024-04-27T18:02:45.1514948Z","ServerTimestamp":"2024-04-27T18:02:45.1832124Z"},"nsu=http://opcfoundation.org/UA/Plc/Applications;s=AlternatingBoolean":{"Value":true,"SourceTimestamp":"2024-04-27T18:02:45.1515036Z","ServerTimestamp":"2024-04-27T18:02:45.1832071Z"},"nsu=http://opcfoundation.org/UA/Plc/Applications;s=RandomSignedInt32":{"Value":-1493527483,"SourceTimestamp":"2024-04-27T18:02:45.1515164Z","ServerTimestamp":"2024-04-27T18:02:45.1832043Z"},"nsu=http://opcfoundation.org/UA/Plc/Applications;s=RandomUnsignedInt32":{"Value":1316155128,"SourceTimestamp":"2024-04-27T18:02:45.1515443Z","ServerTimestamp":"2024-04-27T18:02:45.1832102Z"},"nsu=http://opcfoundation.org/UA/Plc/Applications;s=DipData":{"Value":36.812455268467801,"SourceTimestamp":"2024-04-27T18:02:45.151548Z","ServerTimestamp":"2024-04-27T18:02:45.1832037Z"},"nsu=http://opcfoundation.org/UA/Plc/Applications;s=FastUIntScalar1":{"Value":54,"SourceTimestamp":"2024-04-27T18:02:44.3446369Z","ServerTimestamp":"2024-04-27T18:02:45.183214Z"},"nsu=http://opcfoundation.org/UA/Plc/Applications;s=FastUIntScalar2":{"Value":54,"SourceTimestamp":"2024-04-27T18:02:44.3446497Z","ServerTimestamp":"2024-04-27T18:02:45.1832051Z"},"nsu=http://opcfoundation.org/UA/Plc/Applications;s=FastUIntScalar3":{"Value":54,"SourceTimestamp":"2024-04-27T18:02:44.3446534Z","ServerTimestamp":"2024-04-27T18:02:45.1832007Z"},"nsu=http://opcfoundation.org/UA/Plc/Applications;s=FastRandomUIntScalar1":{"Value":2762866252,"SourceTimestamp":"2024-04-27T18:02:44.3446415Z","ServerTimestamp":"2024-04-27T18:02:45.1832118Z"},"nsu=http://opcfoundation.org/UA/Plc/Applications;s=FastRandomUIntScalar2":{"Value":4151923104,"SourceTimestamp":"2024-04-27T18:02:44.3446521Z","ServerTimestamp":"2024-04-27T18:02:45.1832137Z"},"nsu=http://opcfoundation.org/UA/Plc/Applications;s=FastRandomUIntScalar3":{"Value":4284805616,"SourceTimestamp":"2024-04-27T18:02:44.344654Z","ServerTimestamp":"2024-04-27T18:02:45.1832015Z"},"nsu=http://opcfoundation.org/UA/Plc/Applications;s=NegativeTrendData":{"Value":99.5,"SourceTimestamp":"2024-04-27T18:02:45.1515514Z","ServerTimestamp":"2024-04-27T18:02:45.1831987Z"},"nsu=http://opcfoundation.org/UA/Plc/Applications;s=PositiveTrendData":{"Value":100.09999999999999,"SourceTimestamp":"2024-04-27T18:02:45.1515596Z","ServerTimestamp":"2024-04-27T18:02:45.1832131Z"},"nsu=http://opcfoundation.org/UA/Plc/Applications;s=SlowUIntScalar1":{"Value":5,"SourceTimestamp":"2024-04-27T18:02:40.3423051Z","ServerTimestamp":"2024-04-27T18:02:45.1831998Z"},"nsu=http://opcfoundation.org/UA/Plc/Applications;s=SlowUIntScalar2":{"Value":5,"SourceTimestamp":"2024-04-27T18:02:40.3423115Z","ServerTimestamp":"2024-04-27T18:02:45.1832064Z"},"nsu=http://opcfoundation.org/UA/Plc/Applications;s=SlowUIntScalar3":{"Value":5,"SourceTimestamp":"2024-04-27T18:02:40.3423129Z","ServerTimestamp":"2024-04-27T18:02:45.1832084Z"},"nsu=http://opcfoundation.org/UA/Plc/Applications;s=BadSlowUIntScalar1":{"Value":5,"SourceTimestamp":"2024-04-27T18:02:40.3423144Z","ServerTimestamp":"2024-04-27T18:02:45.1832149Z"},"nsu=http://opcfoundation.org/UA/Plc/Applications;s=SlowRandomUIntScalar1":{"Value":1638266518,"SourceTimestamp":"2024-04-27T18:02:40.3423133Z","ServerTimestamp":"2024-04-27T18:02:45.1832113Z"},"nsu=http://opcfoundation.org/UA/Plc/Applications;s=SlowRandomUIntScalar2":{"Value":3949581040,"SourceTimestamp":"2024-04-27T18:02:40.3423173Z","ServerTimestamp":"2024-04-27T18:02:45.1832031Z"},"nsu=http://opcfoundation.org/UA/Plc/Applications;s=SlowRandomUIntScalar3":{"Value":1077184440,"SourceTimestamp":"2024-04-27T18:02:40.3423191Z","ServerTimestamp":"2024-04-27T18:02:45.1832094Z"},"nsu=http://opcfoundation.org/UA/Plc/Applications;s=BadSlowRandomUIntScalar1":{"Value":2196322345,"SourceTimestamp":"2024-04-27T18:02:40.3423206Z","ServerTimestamp":"2024-04-27T18:02:45.1832058Z"},"nsu=http://opcfoundation.org/UA/Plc/Applications;s=SpikeData":{"Value":36.812455268467801,"SourceTimestamp":"2024-04-27T18:02:45.1515571Z","ServerTimestamp":"2024-04-27T18:02:45.1832023Z"},"ns=23;i=1259":{"Value":-1.27,"SourceTimestamp":"2024-04-27T18:01:51.1647612Z","ServerTimestamp":"2024-04-27T18:02:45.1831684Z"}}