{"i=2258":{"Value":"2024-04-27T18:01:57.191817Z","SourceTimestamp":"2024-04-27T18:01:51.1647297Z","ServerTimestamp":"2024-04-27T18:01:57.1918151Z"},"nsu=http://opcfoundation.org/UA/Plc/Applications;s=StepUp":{"Value":68,"SourceTimestamp":"2024-04-27T18:01:57.1435564Z","ServerTimestamp":"2024-04-27T18:01:57.1918864Z"},"nsu=http://opcfoundation.org/UA/Plc/Applications;s=AlternatingBoolean":{"Value":false,"SourceTimestamp":"2024-04-27T18:01:57.1435575Z","ServerTimestamp":"2024-04-27T18:01:57.1918773Z"},"nsu=http://opcfoundation.org/UA/Plc/Applications;s=RandomSignedInt32":{"Value":-1329028402,"SourceTimestamp":"2024-04-27T18:01:57.1436037Z","ServerTimestamp":"2024-04-27T18:01:57.1918726Z"},"nsu=http://opcfoundation.org/UA/Plc/Applications;s=RandomUnsignedInt32":{"Value":2091088248,"SourceTimestamp":"2024-04-27T18:01:57.1435994Z","ServerTimestamp":"2024-04-27T18:01:57.1918826Z"},"nsu=http://opcfoundation.org/UA/Plc/Applications;s=DipData":{"Value":-84.432792550201526,"SourceTimestamp":"2024-04-27T18:01:57.1435879Z","ServerTimestamp":"2024-04-27T18:01:57.1918714Z"},"nsu=http://opcfoundation.org/UA/Plc/Applications;s=FastUIntScalar1":{"Value":6,"SourceTimestamp":"2024-04-27T18:01:56.3396739Z","ServerTimestamp":"2024-04-27T18:01:57.1918892Z"},"nsu=http://opcfoundation.org/UA/Plc/Applications;s=FastUIntScalar2":{"Value":6,"SourceTimestamp":"2024-04-27T18:01:56.3396822Z","ServerTimestamp":"2024-04-27T18:01:57.1918741Z"},"nsu=http://opcfoundation.org/UA/Plc/Applications;s=FastUIntScalar3":{"Value":6,"SourceTimestamp":"2024-04-27T18:01:56.3396909Z","ServerTimestamp":"2024-04-27T18:01:57.1918663Z"},"nsu=http://opcfoundation.org/UA/Plc/Applications;s=FastRandomUIntScalar1":{"Value":1215041471,"SourceTimestamp":"2024-04-27T18:01:56.3396746Z","ServerTimestamp":"2024-04-27T18:01:57.1918854Z"},"nsu=http://opcfoundation.org/UA/Plc/Applications;s=FastRandomUIntScalar2":{"Value":2255269236,"SourceTimestamp":"2024-04-27T18:01:56.3396887Z","ServerTimestamp":"2024-04-27T18:01:57.1918885Z"},"nsu=http://opcfoundation.org/UA/Plc/Applications;s=FastRandomUIntScalar3":{"Value":2825338326,"SourceTimestamp":"2024-04-27T18:01:56.3396928Z","ServerTimestamp":"2024-04-27T18:01:57.1918679Z"},"nsu=http://opcfoundation.org/UA/Plc/Applications;s=NegativeTrendData":{"Value":100,"SourceTimestamp":"2024-04-27T18:01:57.1435925Z","ServerTimestamp":"2024-04-27T18:01:57.1918628Z"},"nsu=http://opcfoundation.org/UA/Plc/Applications;s=PositiveTrendData":{"Value":100,"SourceTimestamp":"2024-04-27T18:01:57.1435956Z","ServerTimestamp":"2024-04-27T18:01:57.1918875Z"},"nsu=http://opcfoundation.org/UA/Plc/Applications;s=SlowUIntScalar1":{"Value":0,"SourceTimestamp":"2024-04-27T18:01:50.3364938Z","ServerTimestamp":"2024-04-27T18:01:57.1918651Z"},"nsu=http://opcfoundation.org/UA/Plc/Applications;s=SlowUIntScalar2":{"Value":0,"SourceTimestamp":"2024-04-27T18:01:50.3364946Z","ServerTimestamp":"2024-04-27T18:01:57.1918763Z"},"nsu=http://opcfoundation.org/UA/Plc/Applications;s=SlowUIntScalar3":{"Value":0,"SourceTimestamp":"2024-04-27T18:01:50.336496Z","ServerTimestamp":"2024-04-27T18:01:57.1918795Z"},"nsu=http://opcfoundation.org/UA/Plc/Applications;s=BadSlowUIntScalar1":{"Value":0,"SourceTimestamp":"2024-04-27T18:01:50.3364977Z","ServerTimestamp":"2024-04-27T18:01:57.1918906Z"},"nsu=http://opcfoundation.org/UA/Plc/Applications;s=SlowRandomUIntScalar1":{"Value":0,"SourceTimestamp":"2024-04-27T18:01:50.3365039Z","ServerTimestamp":"2024-04-27T18:01:57.1918844Z"},"nsu=http://opcfoundation.org/UA/Plc/Applications;s=SlowRandomUIntScalar2":{"Value":0,"SourceTimestamp":"2024-04-27T18:01:50.3365044Z","ServerTimestamp":"2024-04-27T18:01:57.1918707Z"},"nsu=http://opcfoundation.org/UA/Plc/Applications;s=SlowRandomUIntScalar3":{"Value":0,"SourceTimestamp":"2024-04-27T18:01:50.3365048Z","ServerTimestamp":"2024-04-27T18:01:57.1918811Z"},"nsu=http://opcfoundation.org/UA/Plc/Applications;s=BadSlowRandomUIntScalar1":{"Value":0,"SourceTimestamp":"2024-04-27T18:01:50.3365064Z","ServerTimestamp":"2024-04-27T18:01:57.1918753Z"},"nsu=http://opcfoundation.org/UA/Plc/Applications;s=SpikeData":{"Value":-84.432792550201526,"SourceTimestamp":"2024-04-27T18:01:57.1435996Z","ServerTimestamp":"2024-04-27T18:01:57.1918694Z"},"ns=23;i=1259":{"Value":1.5900000000000001,"SourceTimestamp":"2024-04-27T18:01:51.1647612Z","ServerTimestamp":"2024-04-27T18:01:57.1918388Z"}}