{"i=2258":{"Value":"2024-04-27T18:02:51.1906206Z","SourceTimestamp":"2024-04-27T18:01:51.1647297Z","ServerTimestamp":"2024-04-27T18:02:51.1906195Z"},"nsu=http://opcfoundation.org/UA/Plc/Applications;s=StepUp":{"Value":608,"SourceTimestamp":"2024-04-27T18:02:51.1429371Z","ServerTimestamp":"2024-04-27T18:02:51.1906665Z"},"nsu=http://opcfoundation.org/UA/Plc/Applications;s=AlternatingBoolean":{"Value":true,"SourceTimestamp":"2024-04-27T18:02:51.142955Z","ServerTimestamp":"2024-04-27T18:02:51.1906611Z"},"nsu=http://opcfoundation.org/UA/Plc/Applications;s=RandomSignedInt32":{"Value":142919874,"SourceTimestamp":"2024-04-27T18:02:51.1429555Z","ServerTimestamp":"2024-04-27T18:02:51.1906583Z"},"nsu=http://opcfoundation.org/UA/Plc/Applications;s=RandomUnsignedInt32":{"Value":248654306,"SourceTimestamp":"2024-04-27T18:02:51.1429657Z","ServerTimestamp":"2024-04-27T18:02:51.1906643Z"},"nsu=http://opcfoundation.org/UA/Plc/Applications;s=DipData":{"Value":-77.0513242775789,"SourceTimestamp":"2024-04-27T18:02:51.1429722Z","ServerTimestamp":"2024-04-27T18:02:51.1906576Z"},"nsu=http://opcfoundation.org/UA/Plc/Applications;s=FastUIntScalar1":{"Value":60,"SourceTimestamp":"2024-04-27T18:02:50.3383043Z","ServerTimestamp":"2024-04-27T18:02:51.1906682Z"},"nsu=http://opcfoundation.org/UA/Plc/Applications;s=FastUIntScalar2":{"Value":60,"SourceTimestamp":"2024-04-27T18:02:50.3383071Z","ServerTimestamp":"2024-04-27T18:02:51.1906591Z"},"nsu=http://opcfoundation.org/UA/Plc/Applications;s=FastUIntScalar3":{"Value":60,"SourceTimestamp":"2024-04-27T18:02:50.338309Z","ServerTimestamp":"2024-04-27T18:02:51.1906544Z"},"nsu=http://opcfoundation.org/UA/Plc/Applications;s=FastRandomUIntScalar1":{"Value":2775558587,"SourceTimestamp":"2024-04-27T18:02:50.3383371Z","ServerTimestamp":"2024-04-27T18:02:51.1906659Z"},"nsu=http://opcfoundation.org/UA/Plc/Applications;s=FastRandomUIntScalar2":{"Value":3764737702,"SourceTimestamp":"2024-04-27T18:02:50.3383428Z","ServerTimestamp":"2024-04-27T18:02:51.1906679Z"},"nsu=http://opcfoundation.org/UA/Plc/Applications;s=FastRandomUIntScalar3":{"Value":2920196726,"SourceTimestamp":"2024-04-27T18:02:50.3383447Z","ServerTimestamp":"2024-04-27T18:02:51.1906554Z"},"nsu=http://opcfoundation.org/UA/Plc/Applications;s=NegativeTrendData":{"Value":99.299999999999997,"SourceTimestamp":"2024-04-27T18:02:51.142974Z","ServerTimestamp":"2024-04-27T18:02:51.1906524Z"},"nsu=http://opcfoundation.org/UA/Plc/Applications;s=PositiveTrendData":{"Value":100.3,"SourceTimestamp":"2024-04-27T18:02:51.142974Z","ServerTimestamp":"2024-04-27T18:02:51.1906672Z"},"nsu=http://opcfoundation.org/UA/Plc/Applications;s=SlowUIntScalar1":{"Value":6,"SourceTimestamp":"2024-04-27T18:02:50.3381709Z","ServerTimestamp":"2024-04-27T18:02:51.1906535Z"},"nsu=http://opcfoundation.org/UA/Plc/Applications;s=SlowUIntScalar2":{"Value":6,"SourceTimestamp":"2024-04-27T18:02:50.3382122Z","ServerTimestamp":"2024-04-27T18:02:51.1906605Z"},"nsu=http://opcfoundation.org/UA/Plc/Applications;s=SlowUIntScalar3":{"Value":6,"SourceTimestamp":"2024-04-27T18:02:50.338216Z","ServerTimestamp":"2024-04-27T18:02:51.1906625Z"},"nsu=http://opcfoundation.org/UA/Plc/Applications;s=BadSlowUIntScalar1":{"Value":6,"SourceTimestamp":"2024-04-27T18:02:50.3382179Z","ServerTimestamp":"2024-04-27T18:02:51.190669Z"},"nsu=http://opcfoundation.org/UA/Plc/Applications;s=SlowRandomUIntScalar1":{"Value":3285554081,"SourceTimestamp":"2024-04-27T18:02:50.3382262Z","ServerTimestamp":"2024-04-27T18:02:51.1906654Z"},"nsu=http://opcfoundation.org/UA/Plc/Applications;s=SlowRandomUIntScalar2":{"Value":809957963,"SourceTimestamp":"2024-04-27T18:02:50.3382305Z","ServerTimestamp":"2024-04-27T18:02:51.1906571Z"},"nsu=http://opcfoundation.org/UA/Plc/Applications;s=SlowRandomUIntScalar3":{"Value":3869529763,"SourceTimestamp":"2024-04-27T18:02:50.3382324Z","ServerTimestamp":"2024-04-27T18:02:51.1906635Z"},"nsu=http://opcfoundation.org/UA/Plc/Applications;s=BadSlowRandomUIntScalar1":{"Value":340422311,"SourceTimestamp":"2024-04-27T18:02:50.3382342Z","ServerTimestamp":"2024-04-27T18:02:51.1906599Z"},"nsu=http://opcfoundation.org/UA/Plc/Applications;s=SpikeData":{"Value":-77.0513242775789,"SourceTimestamp":"2024-04-27T18:02:51.142976Z","ServerTimestamp":"2024-04-27T18:02:51.1906562Z"},"ns=23;i=1259":{"Value":0.56600000000000006,"SourceTimestamp":"2024-04-27T18:01:51.1647612Z","ServerTimestamp":"2024-04-27T18:02:51.190637Z"}}