{"i=2258":{"Value":"2024-04-27T18:02:53.1910479Z","SourceTimestamp":"2024-04-27T18:01:51.1647297Z","ServerTimestamp":"2024-04-27T18:02:53.1910468Z"},"nsu=http://opcfoundation.org/UA/Plc/Applications;s=StepUp":{"Value":628,"SourceTimestamp":"2024-04-27T18:02:53.1440182Z","ServerTimestamp":"2024-04-27T18:02:53.1910941Z"},"nsu=http://opcfoundation.org/UA/Plc/Applications;s=AlternatingBoolean":{"Value":true,"SourceTimestamp":"2024-04-27T18:02:53.1440183Z","ServerTimestamp":"2024-04-27T18:02:53.1910884Z"},"nsu=http://opcfoundation.org/UA/Plc/Applications;s=RandomSignedInt32":{"Value":-1997950694,"SourceTimestamp":"2024-04-27T18:02:53.1440273Z","ServerTimestamp":"2024-04-27T18:02:53.1910854Z"},"nsu=http://opcfoundation.org/UA/Plc/Applications;s=RandomUnsignedInt32":{"Value":1572909942,"SourceTimestamp":"2024-04-27T18:02:53.144033Z","ServerTimestamp":"2024-04-27T18:02:53.1910916Z"},"nsu=http://opcfoundation.org/UA/Plc/Applications;s=DipData":{"Value":24.868988716485482,"SourceTimestamp":"2024-04-27T18:02:53.1440469Z","ServerTimestamp":"2024-04-27T18:02:53.1910846Z"},"nsu=http://opcfoundation.org/UA/Plc/Applications;s=FastUIntScalar1":{"Value":62,"SourceTimestamp":"2024-04-27T18:02:52.3385512Z","ServerTimestamp":"2024-04-27T18:02:53.1910959Z"},"nsu=http://opcfoundation.org/UA/Plc/Applications;s=FastUIntScalar2":{"Value":62,"SourceTimestamp":"2024-04-27T18:02:52.3385758Z","ServerTimestamp":"2024-04-27T18:02:53.1910865Z"},"nsu=http://opcfoundation.org/UA/Plc/Applications;s=FastUIntScalar3":{"Value":62,"SourceTimestamp":"2024-04-27T18:02:52.3385781Z","ServerTimestamp":"2024-04-27T18:02:53.1910806Z"},"nsu=http://opcfoundation.org/UA/Plc/Applications;s=FastRandomUIntScalar1":{"Value":4181172390,"SourceTimestamp":"2024-04-27T18:02:52.3385461Z","ServerTimestamp":"2024-04-27T18:02:53.1910935Z"},"nsu=http://opcfoundation.org/UA/Plc/Applications;s=FastRandomUIntScalar2":{"Value":2892932782,"SourceTimestamp":"2024-04-27T18:02:52.3385518Z","ServerTimestamp":"2024-04-27T18:02:53.1910957Z"},"nsu=http://opcfoundation.org/UA/Plc/Applications;s=FastRandomUIntScalar3":{"Value":2947558665,"SourceTimestamp":"2024-04-27T18:02:52.3385531Z","ServerTimestamp":"2024-04-27T18:02:53.1910823Z"},"nsu=http://opcfoundation.org/UA/Plc/Applications;s=NegativeTrendData":{"Value":99.299999999999997,"SourceTimestamp":"2024-04-27T18:02:53.1440445Z","ServerTimestamp":"2024-04-27T18:02:53.1910787Z"},"nsu=http://opcfoundation.org/UA/Plc/Applications;s=PositiveTrendData":{"Value":100.3,"SourceTimestamp":"2024-04-27T18:02:53.1440413Z","ServerTimestamp":"2024-04-27T18:02:53.1910948Z"},"nsu=http://opcfoundation.org/UA/Plc/Applications;s=SlowUIntScalar1":{"Value":6,"SourceTimestamp":"2024-04-27T18:02:50.3381709Z","ServerTimestamp":"2024-04-27T18:02:53.1910798Z"},"nsu=http://opcfoundation.org/UA/Plc/Applications;s=SlowUIntScalar2":{"Value":6,"SourceTimestamp":"2024-04-27T18:02:50.3382122Z","ServerTimestamp":"2024-04-27T18:02:53.1910878Z"},"nsu=http://opcfoundation.org/UA/Plc/Applications;s=SlowUIntScalar3":{"Value":6,"SourceTimestamp":"2024-04-27T18:02:50.338216Z","ServerTimestamp":"2024-04-27T18:02:53.19109Z"},"nsu=http://opcfoundation.org/UA/Plc/Applications;s=BadSlowUIntScalar1":{"Value":6,"SourceTimestamp":"2024-04-27T18:02:50.3382179Z","ServerTimestamp":"2024-04-27T18:02:53.1910967Z"},"nsu=http://opcfoundation.org/UA/Plc/Applications;s=SlowRandomUIntScalar1":{"Value":3285554081,"SourceTimestamp":"2024-04-27T18:02:50.3382262Z","ServerTimestamp":"2024-04-27T18:02:53.191093Z"},"nsu=http://opcfoundation.org/UA/Plc/Applications;s=SlowRandomUIntScalar2":{"Value":809957963,"SourceTimestamp":"2024-04-27T18:02:50.3382305Z","ServerTimestamp":"2024-04-27T18:02:53.1910839Z"},"nsu=http://opcfoundation.org/UA/Plc/Applications;s=SlowRandomUIntScalar3":{"Value":3869529763,"SourceTimestamp":"2024-04-27T18:02:50.3382324Z","ServerTimestamp":"2024-04-27T18:02:53.1910908Z"},"nsu=http://opcfoundation.org/UA/Plc/Applications;s=BadSlowRandomUIntScalar1":{"Value":340422311,"SourceTimestamp":"2024-04-27T18:02:50.3382342Z","ServerTimestamp":"2024-04-27T18:02:53.1910871Z"},"nsu=http://opcfoundation.org/UA/Plc/Applications;s=SpikeData":{"Value":24.868988716485482,"SourceTimestamp":"2024-04-27T18:02:53.1440606Z","ServerTimestamp":"2024-04-27T18:02:53.1910832Z"},"ns=23;i=1259":{"Value":-0.56200000000000006,"SourceTimestamp":"2024-04-27T18:01:51.1647612Z","ServerTimestamp":"2024-04-27T18:02:53.1910629Z"}}