{"i=2258":{"Value":"2024-04-27T18:02:54.1873195Z","SourceTimestamp":"2024-04-27T18:01:51.1647297Z","ServerTimestamp":"2024-04-27T18:02:54.1873183Z"},"nsu=http://opcfoundation.org/UA/Plc/Applications;s=StepUp":{"Value":638,"SourceTimestamp":"2024-04-27T18:02:54.1394765Z","ServerTimestamp":"2024-04-27T18:02:54.1873656Z"},"nsu=http://opcfoundation.org/UA/Plc/Applications;s=AlternatingBoolean":{"Value":true,"SourceTimestamp":"2024-04-27T18:02:54.1394835Z","ServerTimestamp":"2024-04-27T18:02:54.1873597Z"},"nsu=http://opcfoundation.org/UA/Plc/Applications;s=RandomSignedInt32":{"Value":533019297,"SourceTimestamp":"2024-04-27T18:02:54.1394972Z","ServerTimestamp":"2024-04-27T18:02:54.1873565Z"},"nsu=http://opcfoundation.org/UA/Plc/Applications;s=RandomUnsignedInt32":{"Value":1595945636,"SourceTimestamp":"2024-04-27T18:02:54.1394986Z","ServerTimestamp":"2024-04-27T18:02:54.1873633Z"},"nsu=http://opcfoundation.org/UA/Plc/Applications;s=DipData":{"Value":99.80267284282715,"SourceTimestamp":"2024-04-27T18:02:54.1395096Z","ServerTimestamp":"2024-04-27T18:02:54.1873558Z"},"nsu=http://opcfoundation.org/UA/Plc/Applications;s=FastUIntScalar1":{"Value":63,"SourceTimestamp":"2024-04-27T18:02:53.3449729Z","ServerTimestamp":"2024-04-27T18:02:54.1873675Z"},"nsu=http://opcfoundation.org/UA/Plc/Applications;s=FastUIntScalar2":{"Value":63,"SourceTimestamp":"2024-04-27T18:02:53.344979Z","ServerTimestamp":"2024-04-27T18:02:54.1873574Z"},"nsu=http://opcfoundation.org/UA/Plc/Applications;s=FastUIntScalar3":{"Value":63,"SourceTimestamp":"2024-04-27T18:02:53.3449801Z","ServerTimestamp":"2024-04-27T18:02:54.1873522Z"},"nsu=http://opcfoundation.org/UA/Plc/Applications;s=FastRandomUIntScalar1":{"Value":629921268,"SourceTimestamp":"2024-04-27T18:02:53.3449696Z","ServerTimestamp":"2024-04-27T18:02:54.1873649Z"},"nsu=http://opcfoundation.org/UA/Plc/Applications;s=FastRandomUIntScalar2":{"Value":4276810970,"SourceTimestamp":"2024-04-27T18:02:53.3449756Z","ServerTimestamp":"2024-04-27T18:02:54.1873671Z"},"nsu=http://opcfoundation.org/UA/Plc/Applications;s=FastRandomUIntScalar3":{"Value":1622172586,"SourceTimestamp":"2024-04-27T18:02:53.3449795Z","ServerTimestamp":"2024-04-27T18:02:54.1873532Z"},"nsu=http://opcfoundation.org/UA/Plc/Applications;s=NegativeTrendData":{"Value":99.299999999999997,"SourceTimestamp":"2024-04-27T18:02:54.1395137Z","ServerTimestamp":"2024-04-27T18:02:54.1873501Z"},"nsu=http://opcfoundation.org/UA/Plc/Applications;s=PositiveTrendData":{"Value":100.3,"SourceTimestamp":"2024-04-27T18:02:54.1395098Z","ServerTimestamp":"2024-04-27T18:02:54.1873664Z"},"nsu=http://opcfoundation.org/UA/Plc/Applications;s=SlowUIntScalar1":{"Value":6,"SourceTimestamp":"2024-04-27T18:02:50.3381709Z","ServerTimestamp":"2024-04-27T18:02:54.1873513Z"},"nsu=http://opcfoundation.org/UA/Plc/Applications;s=SlowUIntScalar2":{"Value":6,"SourceTimestamp":"2024-04-27T18:02:50.3382122Z","ServerTimestamp":"2024-04-27T18:02:54.187359Z"},"nsu=http://opcfoundation.org/UA/Plc/Applications;s=SlowUIntScalar3":{"Value":6,"SourceTimestamp":"2024-04-27T18:02:50.338216Z","ServerTimestamp":"2024-04-27T18:02:54.1873614Z"},"nsu=http://opcfoundation.org/UA/Plc/Applications;s=BadSlowUIntScalar1":{"Value":6,"SourceTimestamp":"2024-04-27T18:02:50.3382179Z","ServerTimestamp":"2024-04-27T18:02:54.1873684Z"},"nsu=http://opcfoundation.org/UA/Plc/Applications;s=SlowRandomUIntScalar1":{"Value":3285554081,"SourceTimestamp":"2024-04-27T18:02:50.3382262Z","ServerTimestamp":"2024-04-27T18:02:54.1873644Z"},"nsu=http://opcfoundation.org/UA/Plc/Applications;s=SlowRandomUIntScalar2":{"Value":809957963,"SourceTimestamp":"2024-04-27T18:02:50.3382305Z","ServerTimestamp":"2024-04-27T18:02:54.1873552Z"},"nsu=http://opcfoundation.org/UA/Plc/Applications;s=SlowRandomUIntScalar3":{"Value":3869529763,"SourceTimestamp":"2024-04-27T18:02:50.3382324Z","ServerTimestamp":"2024-04-27T18:02:54.1873625Z"},"nsu=http://opcfoundation.org/UA/Plc/Applications;s=BadSlowRandomUIntScalar1":{"Value":340422311,"SourceTimestamp":"2024-04-27T18:02:50.3382342Z","ServerTimestamp":"2024-04-27T18:02:54.1873583Z"},"nsu=http://opcfoundation.org/UA/Plc/Applications;s=SpikeData":{"Value":99.80267284282715,"SourceTimestamp":"2024-04-27T18:02:54.1395123Z","ServerTimestamp":"2024-04-27T18:02:54.1873542Z"},"ns=23;i=1259":{"Value":-0.59499999999999997,"SourceTimestamp":"2024-04-27T18:01:51.1647612Z","ServerTimestamp":"2024-04-27T18:02:54.1873332Z"}}