{"i=2258":{"Value":"2024-04-27T18:03:00.1824103Z","SourceTimestamp":"2024-04-27T18:01:51.1647297Z","ServerTimestamp":"2024-04-27T18:03:00.1824093Z"},"nsu=http://opcfoundation.org/UA/Plc/Applications;s=StepUp":{"Value":698,"SourceTimestamp":"2024-04-27T18:03:00.1501502Z","ServerTimestamp":"2024-04-27T18:03:00.1824534Z"},"nsu=http://opcfoundation.org/UA/Plc/Applications;s=AlternatingBoolean":{"Value":false,"SourceTimestamp":"2024-04-27T18:03:00.1501655Z","ServerTimestamp":"2024-04-27T18:03:00.1824484Z"},"nsu=http://opcfoundation.org/UA/Plc/Applications;s=RandomSignedInt32":{"Value":1386190645,"SourceTimestamp":"2024-04-27T18:03:00.1501617Z","ServerTimestamp":"2024-04-27T18:03:00.1824457Z"},"nsu=http://opcfoundation.org/UA/Plc/Applications;s=RandomUnsignedInt32":{"Value":1246457032,"SourceTimestamp":"2024-04-27T18:03:00.1501652Z","ServerTimestamp":"2024-04-27T18:03:00.1824512Z"},"nsu=http://opcfoundation.org/UA/Plc/Applications;s=DipData":{"Value":36.812455268467801,"SourceTimestamp":"2024-04-27T18:03:00.1501752Z","ServerTimestamp":"2024-04-27T18:03:00.182445Z"},"nsu=http://opcfoundation.org/UA/Plc/Applications;s=FastUIntScalar1":{"Value":69,"SourceTimestamp":"2024-04-27T18:02:59.3459712Z","ServerTimestamp":"2024-04-27T18:03:00.1824551Z"},"nsu=http://opcfoundation.org/UA/Plc/Applications;s=FastUIntScalar2":{"Value":69,"SourceTimestamp":"2024-04-27T18:02:59.3459769Z","ServerTimestamp":"2024-04-27T18:03:00.1824465Z"},"nsu=http://opcfoundation.org/UA/Plc/Applications;s=FastUIntScalar3":{"Value":69,"SourceTimestamp":"2024-04-27T18:02:59.3459959Z","ServerTimestamp":"2024-04-27T18:03:00.1824417Z"},"nsu=http://opcfoundation.org/UA/Plc/Applications;s=FastRandomUIntScalar1":{"Value":3494511977,"SourceTimestamp":"2024-04-27T18:02:59.3459745Z","ServerTimestamp":"2024-04-27T18:03:00.1824527Z"},"nsu=http://opcfoundation.org/UA/Plc/Applications;s=FastRandomUIntScalar2":{"Value":3049157555,"SourceTimestamp":"2024-04-27T18:02:59.3459805Z","ServerTimestamp":"2024-04-27T18:03:00.1824548Z"},"nsu=http://opcfoundation.org/UA/Plc/Applications;s=FastRandomUIntScalar3":{"Value":2501402950,"SourceTimestamp":"2024-04-27T18:02:59.3459822Z","ServerTimestamp":"2024-04-27T18:03:00.1824427Z"},"nsu=http://opcfoundation.org/UA/Plc/Applications;s=NegativeTrendData":{"Value":99.200000000000003,"SourceTimestamp":"2024-04-27T18:03:00.1501762Z","ServerTimestamp":"2024-04-27T18:03:00.1824399Z"},"nsu=http://opcfoundation.org/UA/Plc/Applications;s=PositiveTrendData":{"Value":100.40000000000001,"SourceTimestamp":"2024-04-27T18:03:00.1501761Z","ServerTimestamp":"2024-04-27T18:03:00.1824541Z"},"nsu=http://opcfoundation.org/UA/Plc/Applications;s=SlowUIntScalar1":{"Value":6,"SourceTimestamp":"2024-04-27T18:02:50.3381709Z","ServerTimestamp":"2024-04-27T18:03:00.1824408Z"},"nsu=http://opcfoundation.org/UA/Plc/Applications;s=SlowUIntScalar2":{"Value":6,"SourceTimestamp":"2024-04-27T18:02:50.3382122Z","ServerTimestamp":"2024-04-27T18:03:00.1824479Z"},"nsu=http://opcfoundation.org/UA/Plc/Applications;s=SlowUIntScalar3":{"Value":6,"SourceTimestamp":"2024-04-27T18:02:50.338216Z","ServerTimestamp":"2024-04-27T18:03:00.1824496Z"},"nsu=http://opcfoundation.org/UA/Plc/Applications;s=BadSlowUIntScalar1":{"Value":6,"SourceTimestamp":"2024-04-27T18:02:50.3382179Z","ServerTimestamp":"2024-04-27T18:03:00.1824559Z"},"nsu=http://opcfoundation.org/UA/Plc/Applications;s=SlowRandomUIntScalar1":{"Value":3285554081,"SourceTimestamp":"2024-04-27T18:02:50.3382262Z","ServerTimestamp":"2024-04-27T18:03:00.1824522Z"},"nsu=http://opcfoundation.org/UA/Plc/Applications;s=SlowRandomUIntScalar2":{"Value":809957963,"SourceTimestamp":"2024-04-27T18:02:50.3382305Z","ServerTimestamp":"2024-04-27T18:03:00.1824445Z"},"nsu=http://opcfoundation.org/UA/Plc/Applications;s=SlowRandomUIntScalar3":{"Value":3869529763,"SourceTimestamp":"2024-04-27T18:02:50.3382324Z","ServerTimestamp":"2024-04-27T18:03:00.1824505Z"},"nsu=http://opcfoundation.org/UA/Plc/Applications;s=BadSlowRandomUIntScalar1":{"Value":340422311,"SourceTimestamp":"2024-04-27T18:02:50.3382342Z","ServerTimestamp":"2024-04-27T18:03:00.1824472Z"},"nsu=http://opcfoundation.org/UA/Plc/Applications;s=SpikeData":{"Value":36.812455268467801,"SourceTimestamp":"2024-04-27T18:03:00.1501795Z","ServerTimestamp":"2024-04-27T18:03:00.1824436Z"},"ns=23;i=1259":{"Value":0.79800000000000004,"SourceTimestamp":"2024-04-27T18:01:51.1647612Z","ServerTimestamp":"2024-04-27T18:03:00.1824242Z"}}