{"i=2258":{"Value":"2024-04-27T18:03:02.1823218Z","SourceTimestamp":"2024-04-27T18:01:51.1647297Z","ServerTimestamp":"2024-04-27T18:03:02.1823206Z"},"nsu=http://opcfoundation.org/UA/Plc/Applications;s=StepUp":{"Value":718,"SourceTimestamp":"2024-04-27T18:03:02.1501476Z","ServerTimestamp":"2024-04-27T18:03:02.1823681Z"},"nsu=http://opcfoundation.org/UA/Plc/Applications;s=AlternatingBoolean":{"Value":true,"SourceTimestamp":"2024-04-27T18:03:02.1501681Z","ServerTimestamp":"2024-04-27T18:03:02.1823623Z"},"nsu=http://opcfoundation.org/UA/Plc/Applications;s=RandomSignedInt32":{"Value":-271524316,"SourceTimestamp":"2024-04-27T18:03:02.1501832Z","ServerTimestamp":"2024-04-27T18:03:02.1823583Z"},"nsu=http://opcfoundation.org/UA/Plc/Applications;s=RandomUnsignedInt32":{"Value":2094216520,"SourceTimestamp":"2024-04-27T18:03:02.1502169Z","ServerTimestamp":"2024-04-27T18:03:02.1823656Z"},"nsu=http://opcfoundation.org/UA/Plc/Applications;s=DipData":{"Value":-84.432792550201526,"SourceTimestamp":"2024-04-27T18:03:02.1501995Z","ServerTimestamp":"2024-04-27T18:03:02.1823574Z"},"nsu=http://opcfoundation.org/UA/Plc/Applications;s=FastUIntScalar1":{"Value":71,"SourceTimestamp":"2024-04-27T18:03:01.3443193Z","ServerTimestamp":"2024-04-27T18:03:02.18237Z"},"nsu=http://opcfoundation.org/UA/Plc/Applications;s=FastUIntScalar2":{"Value":71,"SourceTimestamp":"2024-04-27T18:03:01.3443282Z","ServerTimestamp":"2024-04-27T18:03:02.1823592Z"},"nsu=http://opcfoundation.org/UA/Plc/Applications;s=FastUIntScalar3":{"Value":71,"SourceTimestamp":"2024-04-27T18:03:01.3443306Z","ServerTimestamp":"2024-04-27T18:03:02.1823535Z"},"nsu=http://opcfoundation.org/UA/Plc/Applications;s=FastRandomUIntScalar1":{"Value":4054706811,"SourceTimestamp":"2024-04-27T18:03:01.3443451Z","ServerTimestamp":"2024-04-27T18:03:02.1823674Z"},"nsu=http://opcfoundation.org/UA/Plc/Applications;s=FastRandomUIntScalar2":{"Value":1567517532,"SourceTimestamp":"2024-04-27T18:03:01.344354Z","ServerTimestamp":"2024-04-27T18:03:02.1823697Z"},"nsu=http://opcfoundation.org/UA/Plc/Applications;s=FastRandomUIntScalar3":{"Value":2155114636,"SourceTimestamp":"2024-04-27T18:03:01.344358Z","ServerTimestamp":"2024-04-27T18:03:02.1823546Z"},"nsu=http://opcfoundation.org/UA/Plc/Applications;s=NegativeTrendData":{"Value":99.099999999999994,"SourceTimestamp":"2024-04-27T18:03:02.1501998Z","ServerTimestamp":"2024-04-27T18:03:02.1823515Z"},"nsu=http://opcfoundation.org/UA/Plc/Applications;s=PositiveTrendData":{"Value":100.5,"SourceTimestamp":"2024-04-27T18:03:02.1502065Z","ServerTimestamp":"2024-04-27T18:03:02.1823688Z"},"nsu=http://opcfoundation.org/UA/Plc/Applications;s=SlowUIntScalar1":{"Value":7,"SourceTimestamp":"2024-04-27T18:03:00.3363964Z","ServerTimestamp":"2024-04-27T18:03:02.1823526Z"},"nsu=http://opcfoundation.org/UA/Plc/Applications;s=SlowUIntScalar2":{"Value":7,"SourceTimestamp":"2024-04-27T18:03:00.3364072Z","ServerTimestamp":"2024-04-27T18:03:02.1823616Z"},"nsu=http://opcfoundation.org/UA/Plc/Applications;s=SlowUIntScalar3":{"Value":7,"SourceTimestamp":"2024-04-27T18:03:00.3364094Z","ServerTimestamp":"2024-04-27T18:03:02.1823636Z"},"nsu=http://opcfoundation.org/UA/Plc/Applications;s=BadSlowUIntScalar1":{"Value":7,"SourceTimestamp":"2024-04-27T18:03:00.3364122Z","ServerTimestamp":"2024-04-27T18:03:02.1823712Z"},"nsu=http://opcfoundation.org/UA/Plc/Applications;s=SlowRandomUIntScalar1":{"Value":2503984052,"SourceTimestamp":"2024-04-27T18:03:00.336429Z","ServerTimestamp":"2024-04-27T18:03:02.1823668Z"},"nsu=http://opcfoundation.org/UA/Plc/Applications;s=SlowRandomUIntScalar2":{"Value":2928275755,"SourceTimestamp":"2024-04-27T18:03:00.3364398Z","ServerTimestamp":"2024-04-27T18:03:02.1823567Z"},"nsu=http://opcfoundation.org/UA/Plc/Applications;s=SlowRandomUIntScalar3":{"Value":270429700,"SourceTimestamp":"2024-04-27T18:03:00.3364432Z","ServerTimestamp":"2024-04-27T18:03:02.1823647Z"},"nsu=http://opcfoundation.org/UA/Plc/Applications;s=BadSlowRandomUIntScalar1":{"Value":1243468533,"SourceTimestamp":"2024-04-27T18:03:00.3364455Z","ServerTimestamp":"2024-04-27T18:03:02.1823609Z"},"nsu=http://opcfoundation.org/UA/Plc/Applications;s=SpikeData":{"Value":-84.432792550201526,"SourceTimestamp":"2024-04-27T18:03:02.1502132Z","ServerTimestamp":"2024-04-27T18:03:02.1823556Z"},"ns=23;i=1259":{"Value":-2,"SourceTimestamp":"2024-04-27T18:01:51.1647612Z","ServerTimestamp":"2024-04-27T18:03:02.1823358Z"}}