{"i=2258":{"Value":"2024-04-27T18:03:05.1922081Z","SourceTimestamp":"2024-04-27T18:01:51.1647297Z","ServerTimestamp":"2024-04-27T18:03:05.1922065Z"},"nsu=http://opcfoundation.org/UA/Plc/Applications;s=StepUp":{"Value":748,"SourceTimestamp":"2024-04-27T18:03:05.1443701Z","ServerTimestamp":"2024-04-27T18:03:05.1922536Z"},"nsu=http://opcfoundation.org/UA/Plc/Applications;s=AlternatingBoolean":{"Value":true,"SourceTimestamp":"2024-04-27T18:03:05.1443683Z","ServerTimestamp":"2024-04-27T18:03:05.192247Z"},"nsu=http://opcfoundation.org/UA/Plc/Applications;s=RandomSignedInt32":{"Value":-784978861,"SourceTimestamp":"2024-04-27T18:03:05.1443849Z","ServerTimestamp":"2024-04-27T18:03:05.1922437Z"},"nsu=http://opcfoundation.org/UA/Plc/Applications;s=RandomUnsignedInt32":{"Value":1174638759,"SourceTimestamp":"2024-04-27T18:03:05.1443908Z","ServerTimestamp":"2024-04-27T18:03:05.1922512Z"},"nsu=http://opcfoundation.org/UA/Plc/Applications;s=DipData":{"Value":36.812455268467801,"SourceTimestamp":"2024-04-27T18:03:05.1444049Z","ServerTimestamp":"2024-04-27T18:03:05.192243Z"},"nsu=http://opcfoundation.org/UA/Plc/Applications;s=FastUIntScalar1":{"Value":74,"SourceTimestamp":"2024-04-27T18:03:04.336488Z","ServerTimestamp":"2024-04-27T18:03:05.1922554Z"},"nsu=http://opcfoundation.org/UA/Plc/Applications;s=FastUIntScalar2":{"Value":74,"SourceTimestamp":"2024-04-27T18:03:04.3364932Z","ServerTimestamp":"2024-04-27T18:03:05.1922446Z"},"nsu=http://opcfoundation.org/UA/Plc/Applications;s=FastUIntScalar3":{"Value":74,"SourceTimestamp":"2024-04-27T18:03:04.3364943Z","ServerTimestamp":"2024-04-27T18:03:05.1922395Z"},"nsu=http://opcfoundation.org/UA/Plc/Applications;s=FastRandomUIntScalar1":{"Value":2606337375,"SourceTimestamp":"2024-04-27T18:03:04.336495Z","ServerTimestamp":"2024-04-27T18:03:05.1922529Z"},"nsu=http://opcfoundation.org/UA/Plc/Applications;s=FastRandomUIntScalar2":{"Value":472666118,"SourceTimestamp":"2024-04-27T18:03:04.3365066Z","ServerTimestamp":"2024-04-27T18:03:05.1922551Z"},"nsu=http://opcfoundation.org/UA/Plc/Applications;s=FastRandomUIntScalar3":{"Value":674348689,"SourceTimestamp":"2024-04-27T18:03:04.3365079Z","ServerTimestamp":"2024-04-27T18:03:05.1922405Z"},"nsu=http://opcfoundation.org/UA/Plc/Applications;s=NegativeTrendData":{"Value":99.099999999999994,"SourceTimestamp":"2024-04-27T18:03:05.1444036Z","ServerTimestamp":"2024-04-27T18:03:05.1922372Z"},"nsu=http://opcfoundation.org/UA/Plc/Applications;s=PositiveTrendData":{"Value":100.5,"SourceTimestamp":"2024-04-27T18:03:05.1444089Z","ServerTimestamp":"2024-04-27T18:03:05.1922544Z"},"nsu=http://opcfoundation.org/UA/Plc/Applications;s=SlowUIntScalar1":{"Value":7,"SourceTimestamp":"2024-04-27T18:03:00.3363964Z","ServerTimestamp":"2024-04-27T18:03:05.1922385Z"},"nsu=http://opcfoundation.org/UA/Plc/Applications;s=SlowUIntScalar2":{"Value":7,"SourceTimestamp":"2024-04-27T18:03:00.3364072Z","ServerTimestamp":"2024-04-27T18:03:05.1922461Z"},"nsu=http://opcfoundation.org/UA/Plc/Applications;s=SlowUIntScalar3":{"Value":7,"SourceTimestamp":"2024-04-27T18:03:00.3364094Z","ServerTimestamp":"2024-04-27T18:03:05.1922485Z"},"nsu=http://opcfoundation.org/UA/Plc/Applications;s=BadSlowUIntScalar1":{"Value":7,"SourceTimestamp":"2024-04-27T18:03:00.3364122Z","ServerTimestamp":"2024-04-27T18:03:05.1922563Z"},"nsu=http://opcfoundation.org/UA/Plc/Applications;s=SlowRandomUIntScalar1":{"Value":2503984052,"SourceTimestamp":"2024-04-27T18:03:00.336429Z","ServerTimestamp":"2024-04-27T18:03:05.1922523Z"},"nsu=http://opcfoundation.org/UA/Plc/Applications;s=SlowRandomUIntScalar2":{"Value":2928275755,"SourceTimestamp":"2024-04-27T18:03:00.3364398Z","ServerTimestamp":"2024-04-27T18:03:05.1922423Z"},"nsu=http://opcfoundation.org/UA/Plc/Applications;s=SlowRandomUIntScalar3":{"Value":270429700,"SourceTimestamp":"2024-04-27T18:03:00.3364432Z","ServerTimestamp":"2024-04-27T18:03:05.1922496Z"},"nsu=http://opcfoundation.org/UA/Plc/Applications;s=BadSlowRandomUIntScalar1":{"Value":1243468533,"SourceTimestamp":"2024-04-27T18:03:00.3364455Z","ServerTimestamp":"2024-04-27T18:03:05.1922454Z"},"nsu=http://opcfoundation.org/UA/Plc/Applications;s=SpikeData":{"Value":36.812455268467801,"SourceTimestamp":"2024-04-27T18:03:05.1444377Z","ServerTimestamp":"2024-04-27T18:03:05.1922414Z"},"ns=23;i=1259":{"Value":0.94000000000000006,"SourceTimestamp":"2024-04-27T18:01:51.1647612Z","ServerTimestamp":"2024-04-27T18:03:05.1922213Z"}}