{"i=2258":{"Value":"2024-04-27T18:03:06.1788448Z","SourceTimestamp":"2024-04-27T18:01:51.1647297Z","ServerTimestamp":"2024-04-27T18:03:06.1788434Z"},"nsu=http://opcfoundation.org/UA/Plc/Applications;s=StepUp":{"Value":758,"SourceTimestamp":"2024-04-27T18:03:06.147542Z","ServerTimestamp":"2024-04-27T18:03:06.1788984Z"},"nsu=http://opcfoundation.org/UA/Plc/Applications;s=AlternatingBoolean":{"Value":false,"SourceTimestamp":"2024-04-27T18:03:06.1475538Z","ServerTimestamp":"2024-04-27T18:03:06.1788927Z"},"nsu=http://opcfoundation.org/UA/Plc/Applications;s=RandomSignedInt32":{"Value":1981090618,"SourceTimestamp":"2024-04-27T18:03:06.1475679Z","ServerTimestamp":"2024-04-27T18:03:06.1788889Z"},"nsu=http://opcfoundation.org/UA/Plc/Applications;s=RandomUnsignedInt32":{"Value":2051642986,"SourceTimestamp":"2024-04-27T18:03:06.14757Z","ServerTimestamp":"2024-04-27T18:03:06.178896Z"},"nsu=http://opcfoundation.org/UA/Plc/Applications;s=DipData":{"Value":-77.0513242775789,"SourceTimestamp":"2024-04-27T18:03:06.1476207Z","ServerTimestamp":"2024-04-27T18:03:06.1788878Z"},"nsu=http://opcfoundation.org/UA/Plc/Applications;s=FastUIntScalar1":{"Value":75,"SourceTimestamp":"2024-04-27T18:03:05.3440685Z","ServerTimestamp":"2024-04-27T18:03:06.1789002Z"},"nsu=http://opcfoundation.org/UA/Plc/Applications;s=FastUIntScalar2":{"Value":75,"SourceTimestamp":"2024-04-27T18:03:05.3440762Z","ServerTimestamp":"2024-04-27T18:03:06.1788901Z"},"nsu=http://opcfoundation.org/UA/Plc/Applications;s=FastUIntScalar3":{"Value":75,"SourceTimestamp":"2024-04-27T18:03:05.344083Z","ServerTimestamp":"2024-04-27T18:03:06.1788826Z"},"nsu=http://opcfoundation.org/UA/Plc/Applications;s=FastRandomUIntScalar1":{"Value":2911812126,"SourceTimestamp":"2024-04-27T18:03:05.3440721Z","ServerTimestamp":"2024-04-27T18:03:06.1788977Z"},"nsu=http://opcfoundation.org/UA/Plc/Applications;s=FastRandomUIntScalar2":{"Value":3970476701,"SourceTimestamp":"2024-04-27T18:03:05.3440814Z","ServerTimestamp":"2024-04-27T18:03:06.1788999Z"},"nsu=http://opcfoundation.org/UA/Plc/Applications;s=FastRandomUIntScalar3":{"Value":1063520596,"SourceTimestamp":"2024-04-27T18:03:05.3440841Z","ServerTimestamp":"2024-04-27T18:03:06.178884Z"},"nsu=http://opcfoundation.org/UA/Plc/Applications;s=NegativeTrendData":{"Value":99,"SourceTimestamp":"2024-04-27T18:03:06.147588Z","ServerTimestamp":"2024-04-27T18:03:06.1788794Z"},"nsu=http://opcfoundation.org/UA/Plc/Applications;s=PositiveTrendData":{"Value":100.59999999999999,"SourceTimestamp":"2024-04-27T18:03:06.1475885Z","ServerTimestamp":"2024-04-27T18:03:06.1788991Z"},"nsu=http://opcfoundation.org/UA/Plc/Applications;s=SlowUIntScalar1":{"Value":7,"SourceTimestamp":"2024-04-27T18:03:00.3363964Z","ServerTimestamp":"2024-04-27T18:03:06.1788811Z"},"nsu=http://opcfoundation.org/UA/Plc/Applications;s=SlowUIntScalar2":{"Value":7,"SourceTimestamp":"2024-04-27T18:03:00.3364072Z","ServerTimestamp":"2024-04-27T18:03:06.1788921Z"},"nsu=http://opcfoundation.org/UA/Plc/Applications;s=SlowUIntScalar3":{"Value":7,"SourceTimestamp":"2024-04-27T18:03:00.3364094Z","ServerTimestamp":"2024-04-27T18:03:06.1788941Z"},"nsu=http://opcfoundation.org/UA/Plc/Applications;s=BadSlowUIntScalar1":{"Value":7,"SourceTimestamp":"2024-04-27T18:03:00.3364122Z","ServerTimestamp":"2024-04-27T18:03:06.1789012Z"},"nsu=http://opcfoundation.org/UA/Plc/Applications;s=SlowRandomUIntScalar1":{"Value":2503984052,"SourceTimestamp":"2024-04-27T18:03:00.336429Z","ServerTimestamp":"2024-04-27T18:03:06.1788971Z"},"nsu=http://opcfoundation.org/UA/Plc/Applications;s=SlowRandomUIntScalar2":{"Value":2928275755,"SourceTimestamp":"2024-04-27T18:03:00.3364398Z","ServerTimestamp":"2024-04-27T18:03:06.1788869Z"},"nsu=http://opcfoundation.org/UA/Plc/Applications;s=SlowRandomUIntScalar3":{"Value":270429700,"SourceTimestamp":"2024-04-27T18:03:00.3364432Z","ServerTimestamp":"2024-04-27T18:03:06.1788951Z"},"nsu=http://opcfoundation.org/UA/Plc/Applications;s=BadSlowRandomUIntScalar1":{"Value":1243468533,"SourceTimestamp":"2024-04-27T18:03:00.3364455Z","ServerTimestamp":"2024-04-27T18:03:06.1788914Z"},"nsu=http://opcfoundation.org/UA/Plc/Applications;s=SpikeData":{"Value":-77.0513242775789,"SourceTimestamp":"2024-04-27T18:03:06.1476Z","ServerTimestamp":"2024-04-27T18:03:06.1788855Z"},"ns=23;i=1259":{"Value":0.0441,"SourceTimestamp":"2024-04-27T18:01:51.1647612Z","ServerTimestamp":"2024-04-27T18:03:06.1788591Z"}}