{"i=2258":{"Value":"2024-04-27T18:03:09.1931894Z","SourceTimestamp":"2024-04-27T18:01:51.1647297Z","ServerTimestamp":"2024-04-27T18:03:09.1931883Z"},"nsu=http://opcfoundation.org/UA/Plc/Applications;s=StepUp":{"Value":788,"SourceTimestamp":"2024-04-27T18:03:09.1457882Z","ServerTimestamp":"2024-04-27T18:03:09.1932343Z"},"nsu=http://opcfoundation.org/UA/Plc/Applications;s=AlternatingBoolean":{"Value":false,"SourceTimestamp":"2024-04-27T18:03:09.1457895Z","ServerTimestamp":"2024-04-27T18:03:09.1932288Z"},"nsu=http://opcfoundation.org/UA/Plc/Applications;s=RandomSignedInt32":{"Value":1706275810,"SourceTimestamp":"2024-04-27T18:03:09.145799Z","ServerTimestamp":"2024-04-27T18:03:09.1932259Z"},"nsu=http://opcfoundation.org/UA/Plc/Applications;s=RandomUnsignedInt32":{"Value":1481491872,"SourceTimestamp":"2024-04-27T18:03:09.1458072Z","ServerTimestamp":"2024-04-27T18:03:09.193232Z"},"nsu=http://opcfoundation.org/UA/Plc/Applications;s=DipData":{"Value":99.80267284282715,"SourceTimestamp":"2024-04-27T18:03:09.1458174Z","ServerTimestamp":"2024-04-27T18:03:09.193225Z"},"nsu=http://opcfoundation.org/UA/Plc/Applications;s=FastUIntScalar1":{"Value":78,"SourceTimestamp":"2024-04-27T18:03:08.3381183Z","ServerTimestamp":"2024-04-27T18:03:09.1932361Z"},"nsu=http://opcfoundation.org/UA/Plc/Applications;s=FastUIntScalar2":{"Value":78,"SourceTimestamp":"2024-04-27T18:03:08.3381231Z","ServerTimestamp":"2024-04-27T18:03:09.1932267Z"},"nsu=http://opcfoundation.org/UA/Plc/Applications;s=FastUIntScalar3":{"Value":78,"SourceTimestamp":"2024-04-27T18:03:08.3381247Z","ServerTimestamp":"2024-04-27T18:03:09.1932198Z"},"nsu=http://opcfoundation.org/UA/Plc/Applications;s=FastRandomUIntScalar1":{"Value":2336210093,"SourceTimestamp":"2024-04-27T18:03:08.3381234Z","ServerTimestamp":"2024-04-27T18:03:09.1932337Z"},"nsu=http://opcfoundation.org/UA/Plc/Applications;s=FastRandomUIntScalar2":{"Value":992713862,"SourceTimestamp":"2024-04-27T18:03:08.3381279Z","ServerTimestamp":"2024-04-27T18:03:09.1932358Z"},"nsu=http://opcfoundation.org/UA/Plc/Applications;s=FastRandomUIntScalar3":{"Value":1855290249,"SourceTimestamp":"2024-04-27T18:03:08.3381295Z","ServerTimestamp":"2024-04-27T18:03:09.1932219Z"},"nsu=http://opcfoundation.org/UA/Plc/Applications;s=NegativeTrendData":{"Value":99,"SourceTimestamp":"2024-04-27T18:03:09.1458375Z","ServerTimestamp":"2024-04-27T18:03:09.193218Z"},"nsu=http://opcfoundation.org/UA/Plc/Applications;s=PositiveTrendData":{"Value":100.59999999999999,"SourceTimestamp":"2024-04-27T18:03:09.1458203Z","ServerTimestamp":"2024-04-27T18:03:09.193235Z"},"nsu=http://opcfoundation.org/UA/Plc/Applications;s=SlowUIntScalar1":{"Value":7,"SourceTimestamp":"2024-04-27T18:03:00.3363964Z","ServerTimestamp":"2024-04-27T18:03:09.193219Z"},"nsu=http://opcfoundation.org/UA/Plc/Applications;s=SlowUIntScalar2":{"Value":7,"SourceTimestamp":"2024-04-27T18:03:00.3364072Z","ServerTimestamp":"2024-04-27T18:03:09.1932282Z"},"nsu=http://opcfoundation.org/UA/Plc/Applications;s=SlowUIntScalar3":{"Value":7,"SourceTimestamp":"2024-04-27T18:03:00.3364094Z","ServerTimestamp":"2024-04-27T18:03:09.1932302Z"},"nsu=http://opcfoundation.org/UA/Plc/Applications;s=BadSlowUIntScalar1":{"Value":7,"SourceTimestamp":"2024-04-27T18:03:00.3364122Z","ServerTimestamp":"2024-04-27T18:03:09.193237Z"},"nsu=http://opcfoundation.org/UA/Plc/Applications;s=SlowRandomUIntScalar1":{"Value":2503984052,"SourceTimestamp":"2024-04-27T18:03:00.336429Z","ServerTimestamp":"2024-04-27T18:03:09.193233Z"},"nsu=http://opcfoundation.org/UA/Plc/Applications;s=SlowRandomUIntScalar2":{"Value":2928275755,"SourceTimestamp":"2024-04-27T18:03:00.3364398Z","ServerTimestamp":"2024-04-27T18:03:09.1932243Z"},"nsu=http://opcfoundation.org/UA/Plc/Applications;s=SlowRandomUIntScalar3":{"Value":270429700,"SourceTimestamp":"2024-04-27T18:03:00.3364432Z","ServerTimestamp":"2024-04-27T18:03:09.1932311Z"},"nsu=http://opcfoundation.org/UA/Plc/Applications;s=BadSlowRandomUIntScalar1":{"Value":1243468533,"SourceTimestamp":"2024-04-27T18:03:00.3364455Z","ServerTimestamp":"2024-04-27T18:03:09.1932275Z"},"nsu=http://opcfoundation.org/UA/Plc/Applications;s=SpikeData":{"Value":99.80267284282715,"SourceTimestamp":"2024-04-27T18:03:09.145821Z","ServerTimestamp":"2024-04-27T18:03:09.1932231Z"},"ns=23;i=1259":{"Value":1,"SourceTimestamp":"2024-04-27T18:01:51.1647612Z","ServerTimestamp":"2024-04-27T18:03:09.1932027Z"}}