{"i=2258":{"Value":"2024-04-27T18:01:59.1888663Z","SourceTimestamp":"2024-04-27T18:01:51.1647297Z","ServerTimestamp":"2024-04-27T18:01:59.1888647Z"},"nsu=http://opcfoundation.org/UA/Plc/Applications;s=StepUp":{"Value":88,"SourceTimestamp":"2024-04-27T18:01:59.1402095Z","ServerTimestamp":"2024-04-27T18:01:59.1889088Z"},"nsu=http://opcfoundation.org/UA/Plc/Applications;s=AlternatingBoolean":{"Value":false,"SourceTimestamp":"2024-04-27T18:01:59.1402301Z","ServerTimestamp":"2024-04-27T18:01:59.1889036Z"},"nsu=http://opcfoundation.org/UA/Plc/Applications;s=RandomSignedInt32":{"Value":-33353839,"SourceTimestamp":"2024-04-27T18:01:59.1402599Z","ServerTimestamp":"2024-04-27T18:01:59.1889009Z"},"nsu=http://opcfoundation.org/UA/Plc/Applications;s=RandomUnsignedInt32":{"Value":341749061,"SourceTimestamp":"2024-04-27T18:01:59.1402455Z","ServerTimestamp":"2024-04-27T18:01:59.1889067Z"},"nsu=http://opcfoundation.org/UA/Plc/Applications;s=DipData":{"Value":99.80267284282715,"SourceTimestamp":"2024-04-27T18:01:59.1402569Z","ServerTimestamp":"2024-04-27T18:01:59.1889003Z"},"nsu=http://opcfoundation.org/UA/Plc/Applications;s=FastUIntScalar1":{"Value":8,"SourceTimestamp":"2024-04-27T18:01:58.3475311Z","ServerTimestamp":"2024-04-27T18:01:59.1889104Z"},"nsu=http://opcfoundation.org/UA/Plc/Applications;s=FastUIntScalar2":{"Value":8,"SourceTimestamp":"2024-04-27T18:01:58.3475382Z","ServerTimestamp":"2024-04-27T18:01:59.1889017Z"},"nsu=http://opcfoundation.org/UA/Plc/Applications;s=FastUIntScalar3":{"Value":8,"SourceTimestamp":"2024-04-27T18:01:58.3475406Z","ServerTimestamp":"2024-04-27T18:01:59.1888974Z"},"nsu=http://opcfoundation.org/UA/Plc/Applications;s=FastRandomUIntScalar1":{"Value":624320786,"SourceTimestamp":"2024-04-27T18:01:58.347546Z","ServerTimestamp":"2024-04-27T18:01:59.1889082Z"},"nsu=http://opcfoundation.org/UA/Plc/Applications;s=FastRandomUIntScalar2":{"Value":2840837772,"SourceTimestamp":"2024-04-27T18:01:58.3475545Z","ServerTimestamp":"2024-04-27T18:01:59.1889101Z"},"nsu=http://opcfoundation.org/UA/Plc/Applications;s=FastRandomUIntScalar3":{"Value":3297500901,"SourceTimestamp":"2024-04-27T18:01:58.3475574Z","ServerTimestamp":"2024-04-27T18:01:59.1888983Z"},"nsu=http://opcfoundation.org/UA/Plc/Applications;s=NegativeTrendData":{"Value":100,"SourceTimestamp":"2024-04-27T18:01:59.1402501Z","ServerTimestamp":"2024-04-27T18:01:59.1888958Z"},"nsu=http://opcfoundation.org/UA/Plc/Applications;s=PositiveTrendData":{"Value":100,"SourceTimestamp":"2024-04-27T18:01:59.1402543Z","ServerTimestamp":"2024-04-27T18:01:59.1889095Z"},"nsu=http://opcfoundation.org/UA/Plc/Applications;s=SlowUIntScalar1":{"Value":0,"SourceTimestamp":"2024-04-27T18:01:50.3364938Z","ServerTimestamp":"2024-04-27T18:01:59.1888967Z"},"nsu=http://opcfoundation.org/UA/Plc/Applications;s=SlowUIntScalar2":{"Value":0,"SourceTimestamp":"2024-04-27T18:01:50.3364946Z","ServerTimestamp":"2024-04-27T18:01:59.1889031Z"},"nsu=http://opcfoundation.org/UA/Plc/Applications;s=SlowUIntScalar3":{"Value":0,"SourceTimestamp":"2024-04-27T18:01:50.336496Z","ServerTimestamp":"2024-04-27T18:01:59.188905Z"},"nsu=http://opcfoundation.org/UA/Plc/Applications;s=BadSlowUIntScalar1":{"Value":0,"SourceTimestamp":"2024-04-27T18:01:50.3364977Z","ServerTimestamp":"2024-04-27T18:01:59.1889116Z"},"nsu=http://opcfoundation.org/UA/Plc/Applications;s=SlowRandomUIntScalar1":{"Value":0,"SourceTimestamp":"2024-04-27T18:01:50.3365039Z","ServerTimestamp":"2024-04-27T18:01:59.1889077Z"},"nsu=http://opcfoundation.org/UA/Plc/Applications;s=SlowRandomUIntScalar2":{"Value":0,"SourceTimestamp":"2024-04-27T18:01:50.3365044Z","ServerTimestamp":"2024-04-27T18:01:59.1888998Z"},"nsu=http://opcfoundation.org/UA/Plc/Applications;s=SlowRandomUIntScalar3":{"Value":0,"SourceTimestamp":"2024-04-27T18:01:50.3365048Z","ServerTimestamp":"2024-04-27T18:01:59.1889059Z"},"nsu=http://opcfoundation.org/UA/Plc/Applications;s=BadSlowRandomUIntScalar1":{"Value":0,"SourceTimestamp":"2024-04-27T18:01:50.3365064Z","ServerTimestamp":"2024-04-27T18:01:59.1889024Z"},"nsu=http://opcfoundation.org/UA/Plc/Applications;s=SpikeData":{"Value":99.80267284282715,"SourceTimestamp":"2024-04-27T18:01:59.1402655Z","ServerTimestamp":"2024-04-27T18:01:59.1888992Z"},"ns=23;i=1259":{"Value":-0.60099999999999998,"SourceTimestamp":"2024-04-27T18:01:51.1647612Z","ServerTimestamp":"2024-04-27T18:01:59.1888801Z"}}