{"i=2258":{"Value":"2024-04-27T18:03:12.1828995Z","SourceTimestamp":"2024-04-27T18:01:51.1647297Z","ServerTimestamp":"2024-04-27T18:03:12.1828983Z"},"nsu=http://opcfoundation.org/UA/Plc/Applications;s=StepUp":{"Value":818,"SourceTimestamp":"2024-04-27T18:03:12.1507643Z","ServerTimestamp":"2024-04-27T18:03:12.1829457Z"},"nsu=http://opcfoundation.org/UA/Plc/Applications;s=AlternatingBoolean":{"Value":true,"SourceTimestamp":"2024-04-27T18:03:12.1507785Z","ServerTimestamp":"2024-04-27T18:03:12.1829401Z"},"nsu=http://opcfoundation.org/UA/Plc/Applications;s=RandomSignedInt32":{"Value":-735341851,"SourceTimestamp":"2024-04-27T18:03:12.1507641Z","ServerTimestamp":"2024-04-27T18:03:12.1829363Z"},"nsu=http://opcfoundation.org/UA/Plc/Applications;s=RandomUnsignedInt32":{"Value":437474713,"SourceTimestamp":"2024-04-27T18:03:12.1507769Z","ServerTimestamp":"2024-04-27T18:03:12.1829435Z"},"nsu=http://opcfoundation.org/UA/Plc/Applications;s=DipData":{"Value":-84.432792550201526,"SourceTimestamp":"2024-04-27T18:03:12.1507974Z","ServerTimestamp":"2024-04-27T18:03:12.1829356Z"},"nsu=http://opcfoundation.org/UA/Plc/Applications;s=FastUIntScalar1":{"Value":81,"SourceTimestamp":"2024-04-27T18:03:11.3424358Z","ServerTimestamp":"2024-04-27T18:03:12.1829477Z"},"nsu=http://opcfoundation.org/UA/Plc/Applications;s=FastUIntScalar2":{"Value":81,"SourceTimestamp":"2024-04-27T18:03:11.3424438Z","ServerTimestamp":"2024-04-27T18:03:12.1829372Z"},"nsu=http://opcfoundation.org/UA/Plc/Applications;s=FastUIntScalar3":{"Value":81,"SourceTimestamp":"2024-04-27T18:03:11.3424524Z","ServerTimestamp":"2024-04-27T18:03:12.1829314Z"},"nsu=http://opcfoundation.org/UA/Plc/Applications;s=FastRandomUIntScalar1":{"Value":2827242172,"SourceTimestamp":"2024-04-27T18:03:11.342438Z","ServerTimestamp":"2024-04-27T18:03:12.182945Z"},"nsu=http://opcfoundation.org/UA/Plc/Applications;s=FastRandomUIntScalar2":{"Value":2661557225,"SourceTimestamp":"2024-04-27T18:03:11.3424509Z","ServerTimestamp":"2024-04-27T18:03:12.1829474Z"},"nsu=http://opcfoundation.org/UA/Plc/Applications;s=FastRandomUIntScalar3":{"Value":3278291206,"SourceTimestamp":"2024-04-27T18:03:11.3424537Z","ServerTimestamp":"2024-04-27T18:03:12.1829325Z"},"nsu=http://opcfoundation.org/UA/Plc/Applications;s=NegativeTrendData":{"Value":98.900000000000006,"SourceTimestamp":"2024-04-27T18:03:12.1507948Z","ServerTimestamp":"2024-04-27T18:03:12.1829293Z"},"nsu=http://opcfoundation.org/UA/Plc/Applications;s=PositiveTrendData":{"Value":100.7,"SourceTimestamp":"2024-04-27T18:03:12.1508143Z","ServerTimestamp":"2024-04-27T18:03:12.1829466Z"},"nsu=http://opcfoundation.org/UA/Plc/Applications;s=SlowUIntScalar1":{"Value":8,"SourceTimestamp":"2024-04-27T18:03:10.3380607Z","ServerTimestamp":"2024-04-27T18:03:12.1829305Z"},"nsu=http://opcfoundation.org/UA/Plc/Applications;s=SlowUIntScalar2":{"Value":8,"SourceTimestamp":"2024-04-27T18:03:10.3380709Z","ServerTimestamp":"2024-04-27T18:03:12.1829392Z"},"nsu=http://opcfoundation.org/UA/Plc/Applications;s=SlowUIntScalar3":{"Value":8,"SourceTimestamp":"2024-04-27T18:03:10.3380736Z","ServerTimestamp":"2024-04-27T18:03:12.1829415Z"},"nsu=http://opcfoundation.org/UA/Plc/Applications;s=BadSlowUIntScalar1":{"Value":8,"StatusCode":{"Symbol":"UncertainLastUsableValue","Code":1083179008},"SourceTimestamp":"2024-04-27T18:03:10.3380761Z","ServerTimestamp":"2024-04-27T18:03:12.1829486Z"},"nsu=http://opcfoundation.org/UA/Plc/Applications;s=SlowRandomUIntScalar1":{"Value":3746939196,"SourceTimestamp":"2024-04-27T18:03:10.3380989Z","ServerTimestamp":"2024-04-27T18:03:12.1829445Z"},"nsu=http://opcfoundation.org/UA/Plc/Applications;s=SlowRandomUIntScalar2":{"Value":416206899,"SourceTimestamp":"2024-04-27T18:03:10.3381085Z","ServerTimestamp":"2024-04-27T18:03:12.182935Z"},"nsu=http://opcfoundation.org/UA/Plc/Applications;s=SlowRandomUIntScalar3":{"Value":2685599419,"SourceTimestamp":"2024-04-27T18:03:10.3381111Z","ServerTimestamp":"2024-04-27T18:03:12.1829426Z"},"nsu=http://opcfoundation.org/UA/Plc/Applications;s=BadSlowRandomUIntScalar1":{"Value":2156170753,"StatusCode":{"Symbol":"UncertainLastUsableValue","Code":1083179008},"SourceTimestamp":"2024-04-27T18:03:10.3381136Z","ServerTimestamp":"2024-04-27T18:03:12.1829382Z"},"nsu=http://opcfoundation.org/UA/Plc/Applications;s=SpikeData":{"Value":-84.432792550201526,"SourceTimestamp":"2024-04-27T18:03:12.1508357Z","ServerTimestamp":"2024-04-27T18:03:12.1829334Z"},"ns=23;i=1259":{"Value":2,"SourceTimestamp":"2024-04-27T18:01:51.1647612Z","ServerTimestamp":"2024-04-27T18:03:12.1829137Z"}}