{"i=2258":{"Value":"2024-04-27T18:03:17.1881106Z","SourceTimestamp":"2024-04-27T18:01:51.1647297Z","ServerTimestamp":"2024-04-27T18:03:17.1881095Z"},"nsu=http://opcfoundation.org/UA/Plc/Applications;s=StepUp":{"Value":868,"SourceTimestamp":"2024-04-27T18:03:17.1404747Z","ServerTimestamp":"2024-04-27T18:03:17.1881543Z"},"nsu=http://opcfoundation.org/UA/Plc/Applications;s=AlternatingBoolean":{"Value":false,"SourceTimestamp":"2024-04-27T18:03:17.1404841Z","ServerTimestamp":"2024-04-27T18:03:17.1881491Z"},"nsu=http://opcfoundation.org/UA/Plc/Applications;s=RandomSignedInt32":{"Value":-1420572411,"SourceTimestamp":"2024-04-27T18:03:17.1405151Z","ServerTimestamp":"2024-04-27T18:03:17.1881457Z"},"nsu=http://opcfoundation.org/UA/Plc/Applications;s=RandomUnsignedInt32":{"Value":313911557,"SourceTimestamp":"2024-04-27T18:03:17.1404973Z","ServerTimestamp":"2024-04-27T18:03:17.1881521Z"},"nsu=http://opcfoundation.org/UA/Plc/Applications;s=DipData":{"Value":-84.432792550201526,"SourceTimestamp":"2024-04-27T18:03:17.1405116Z","ServerTimestamp":"2024-04-27T18:03:17.1881451Z"},"nsu=http://opcfoundation.org/UA/Plc/Applications;s=FastUIntScalar1":{"Value":86,"SourceTimestamp":"2024-04-27T18:03:16.3367656Z","ServerTimestamp":"2024-04-27T18:03:17.188156Z"},"nsu=http://opcfoundation.org/UA/Plc/Applications;s=FastUIntScalar2":{"Value":86,"SourceTimestamp":"2024-04-27T18:03:16.3367709Z","ServerTimestamp":"2024-04-27T18:03:17.1881465Z"},"nsu=http://opcfoundation.org/UA/Plc/Applications;s=FastUIntScalar3":{"Value":86,"SourceTimestamp":"2024-04-27T18:03:16.3367812Z","ServerTimestamp":"2024-04-27T18:03:17.1881417Z"},"nsu=http://opcfoundation.org/UA/Plc/Applications;s=FastRandomUIntScalar1":{"Value":2038833373,"SourceTimestamp":"2024-04-27T18:03:16.336761Z","ServerTimestamp":"2024-04-27T18:03:17.1881537Z"},"nsu=http://opcfoundation.org/UA/Plc/Applications;s=FastRandomUIntScalar2":{"Value":488259267,"SourceTimestamp":"2024-04-27T18:03:16.3367664Z","ServerTimestamp":"2024-04-27T18:03:17.1881557Z"},"nsu=http://opcfoundation.org/UA/Plc/Applications;s=FastRandomUIntScalar3":{"Value":2443207201,"SourceTimestamp":"2024-04-27T18:03:16.3367678Z","ServerTimestamp":"2024-04-27T18:03:17.1881426Z"},"nsu=http://opcfoundation.org/UA/Plc/Applications;s=NegativeTrendData":{"Value":98.799999999999997,"SourceTimestamp":"2024-04-27T18:03:17.1405237Z","ServerTimestamp":"2024-04-27T18:03:17.1881397Z"},"nsu=http://opcfoundation.org/UA/Plc/Applications;s=PositiveTrendData":{"Value":100.8,"SourceTimestamp":"2024-04-27T18:03:17.1405246Z","ServerTimestamp":"2024-04-27T18:03:17.188155Z"},"nsu=http://opcfoundation.org/UA/Plc/Applications;s=SlowUIntScalar1":{"Value":8,"SourceTimestamp":"2024-04-27T18:03:10.3380607Z","ServerTimestamp":"2024-04-27T18:03:17.1881408Z"},"nsu=http://opcfoundation.org/UA/Plc/Applications;s=SlowUIntScalar2":{"Value":8,"SourceTimestamp":"2024-04-27T18:03:10.3380709Z","ServerTimestamp":"2024-04-27T18:03:17.1881481Z"},"nsu=http://opcfoundation.org/UA/Plc/Applications;s=SlowUIntScalar3":{"Value":8,"SourceTimestamp":"2024-04-27T18:03:10.3380736Z","ServerTimestamp":"2024-04-27T18:03:17.1881504Z"},"nsu=http://opcfoundation.org/UA/Plc/Applications;s=BadSlowUIntScalar1":{"Value":8,"StatusCode":{"Symbol":"UncertainLastUsableValue","Code":1083179008},"SourceTimestamp":"2024-04-27T18:03:10.3380761Z","ServerTimestamp":"2024-04-27T18:03:17.1881568Z"},"nsu=http://opcfoundation.org/UA/Plc/Applications;s=SlowRandomUIntScalar1":{"Value":3746939196,"SourceTimestamp":"2024-04-27T18:03:10.3380989Z","ServerTimestamp":"2024-04-27T18:03:17.1881531Z"},"nsu=http://opcfoundation.org/UA/Plc/Applications;s=SlowRandomUIntScalar2":{"Value":416206899,"SourceTimestamp":"2024-04-27T18:03:10.3381085Z","ServerTimestamp":"2024-04-27T18:03:17.1881444Z"},"nsu=http://opcfoundation.org/UA/Plc/Applications;s=SlowRandomUIntScalar3":{"Value":2685599419,"SourceTimestamp":"2024-04-27T18:03:10.3381111Z","ServerTimestamp":"2024-04-27T18:03:17.1881513Z"},"nsu=http://opcfoundation.org/UA/Plc/Applications;s=BadSlowRandomUIntScalar1":{"Value":2156170753,"StatusCode":{"Symbol":"UncertainLastUsableValue","Code":1083179008},"SourceTimestamp":"2024-04-27T18:03:10.3381136Z","ServerTimestamp":"2024-04-27T18:03:17.1881472Z"},"nsu=http://opcfoundation.org/UA/Plc/Applications;s=SpikeData":{"Value":-84.432792550201526,"SourceTimestamp":"2024-04-27T18:03:17.1405551Z","ServerTimestamp":"2024-04-27T18:03:17.1881435Z"},"ns=23;i=1259":{"Value":0.0030000000000000001,"SourceTimestamp":"2024-04-27T18:01:51.1647612Z","ServerTimestamp":"2024-04-27T18:03:17.1881247Z"}}