{"i=2258":{"Value":"2024-04-27T18:03:19.1836345Z","SourceTimestamp":"2024-04-27T18:01:51.1647297Z","ServerTimestamp":"2024-04-27T18:03:19.1836335Z"},"nsu=http://opcfoundation.org/UA/Plc/Applications;s=StepUp":{"Value":888,"SourceTimestamp":"2024-04-27T18:03:19.1514668Z","ServerTimestamp":"2024-04-27T18:03:19.1836777Z"},"nsu=http://opcfoundation.org/UA/Plc/Applications;s=AlternatingBoolean":{"Value":false,"SourceTimestamp":"2024-04-27T18:03:19.1514759Z","ServerTimestamp":"2024-04-27T18:03:19.1836724Z"},"nsu=http://opcfoundation.org/UA/Plc/Applications;s=RandomSignedInt32":{"Value":1150530544,"SourceTimestamp":"2024-04-27T18:03:19.1514761Z","ServerTimestamp":"2024-04-27T18:03:19.1836693Z"},"nsu=http://opcfoundation.org/UA/Plc/Applications;s=RandomUnsignedInt32":{"Value":1954126933,"SourceTimestamp":"2024-04-27T18:03:19.1514793Z","ServerTimestamp":"2024-04-27T18:03:19.1836755Z"},"nsu=http://opcfoundation.org/UA/Plc/Applications;s=DipData":{"Value":99.80267284282715,"SourceTimestamp":"2024-04-27T18:03:19.1514857Z","ServerTimestamp":"2024-04-27T18:03:19.1836685Z"},"nsu=http://opcfoundation.org/UA/Plc/Applications;s=FastUIntScalar1":{"Value":88,"SourceTimestamp":"2024-04-27T18:03:18.3374174Z","ServerTimestamp":"2024-04-27T18:03:19.1836794Z"},"nsu=http://opcfoundation.org/UA/Plc/Applications;s=FastUIntScalar2":{"Value":88,"SourceTimestamp":"2024-04-27T18:03:18.3374266Z","ServerTimestamp":"2024-04-27T18:03:19.18367Z"},"nsu=http://opcfoundation.org/UA/Plc/Applications;s=FastUIntScalar3":{"Value":88,"SourceTimestamp":"2024-04-27T18:03:18.3374289Z","ServerTimestamp":"2024-04-27T18:03:19.1836651Z"},"nsu=http://opcfoundation.org/UA/Plc/Applications;s=FastRandomUIntScalar1":{"Value":1414215315,"SourceTimestamp":"2024-04-27T18:03:18.3374366Z","ServerTimestamp":"2024-04-27T18:03:19.183677Z"},"nsu=http://opcfoundation.org/UA/Plc/Applications;s=FastRandomUIntScalar2":{"Value":728284958,"SourceTimestamp":"2024-04-27T18:03:18.3374388Z","ServerTimestamp":"2024-04-27T18:03:19.1836792Z"},"nsu=http://opcfoundation.org/UA/Plc/Applications;s=FastRandomUIntScalar3":{"Value":3221183834,"SourceTimestamp":"2024-04-27T18:03:18.3374412Z","ServerTimestamp":"2024-04-27T18:03:19.1836661Z"},"nsu=http://opcfoundation.org/UA/Plc/Applications;s=NegativeTrendData":{"Value":98.799999999999997,"SourceTimestamp":"2024-04-27T18:03:19.1514857Z","ServerTimestamp":"2024-04-27T18:03:19.1836632Z"},"nsu=http://opcfoundation.org/UA/Plc/Applications;s=PositiveTrendData":{"Value":100.8,"SourceTimestamp":"2024-04-27T18:03:19.151492Z","ServerTimestamp":"2024-04-27T18:03:19.1836784Z"},"nsu=http://opcfoundation.org/UA/Plc/Applications;s=SlowUIntScalar1":{"Value":8,"SourceTimestamp":"2024-04-27T18:03:10.3380607Z","ServerTimestamp":"2024-04-27T18:03:19.1836643Z"},"nsu=http://opcfoundation.org/UA/Plc/Applications;s=SlowUIntScalar2":{"Value":8,"SourceTimestamp":"2024-04-27T18:03:10.3380709Z","ServerTimestamp":"2024-04-27T18:03:19.1836716Z"},"nsu=http://opcfoundation.org/UA/Plc/Applications;s=SlowUIntScalar3":{"Value":8,"SourceTimestamp":"2024-04-27T18:03:10.3380736Z","ServerTimestamp":"2024-04-27T18:03:19.1836738Z"},"nsu=http://opcfoundation.org/UA/Plc/Applications;s=BadSlowUIntScalar1":{"Value":8,"StatusCode":{"Symbol":"UncertainLastUsableValue","Code":1083179008},"SourceTimestamp":"2024-04-27T18:03:10.3380761Z","ServerTimestamp":"2024-04-27T18:03:19.1836803Z"},"nsu=http://opcfoundation.org/UA/Plc/Applications;s=SlowRandomUIntScalar1":{"Value":3746939196,"SourceTimestamp":"2024-04-27T18:03:10.3380989Z","ServerTimestamp":"2024-04-27T18:03:19.1836765Z"},"nsu=http://opcfoundation.org/UA/Plc/Applications;s=SlowRandomUIntScalar2":{"Value":416206899,"SourceTimestamp":"2024-04-27T18:03:10.3381085Z","ServerTimestamp":"2024-04-27T18:03:19.1836679Z"},"nsu=http://opcfoundation.org/UA/Plc/Applications;s=SlowRandomUIntScalar3":{"Value":2685599419,"SourceTimestamp":"2024-04-27T18:03:10.3381111Z","ServerTimestamp":"2024-04-27T18:03:19.1836747Z"},"nsu=http://opcfoundation.org/UA/Plc/Applications;s=BadSlowRandomUIntScalar1":{"Value":2156170753,"StatusCode":{"Symbol":"UncertainLastUsableValue","Code":1083179008},"SourceTimestamp":"2024-04-27T18:03:10.3381136Z","ServerTimestamp":"2024-04-27T18:03:19.1836708Z"},"nsu=http://opcfoundation.org/UA/Plc/Applications;s=SpikeData":{"Value":99.80267284282715,"SourceTimestamp":"2024-04-27T18:03:19.1514935Z","ServerTimestamp":"2024-04-27T18:03:19.1836669Z"},"ns=23;i=1259":{"Value":-1.3100000000000001,"SourceTimestamp":"2024-04-27T18:01:51.1647612Z","ServerTimestamp":"2024-04-27T18:03:19.1836485Z"}}