{"i=2258":{"Value":"2024-04-27T18:03:20.1795594Z","SourceTimestamp":"2024-04-27T18:01:51.1647297Z","ServerTimestamp":"2024-04-27T18:03:20.1795581Z"},"nsu=http://opcfoundation.org/UA/Plc/Applications;s=StepUp":{"Value":898,"SourceTimestamp":"2024-04-27T18:03:20.1475365Z","ServerTimestamp":"2024-04-27T18:03:20.1796067Z"},"nsu=http://opcfoundation.org/UA/Plc/Applications;s=AlternatingBoolean":{"Value":false,"SourceTimestamp":"2024-04-27T18:03:20.1475454Z","ServerTimestamp":"2024-04-27T18:03:20.1796009Z"},"nsu=http://opcfoundation.org/UA/Plc/Applications;s=RandomSignedInt32":{"Value":854588043,"SourceTimestamp":"2024-04-27T18:03:20.1475539Z","ServerTimestamp":"2024-04-27T18:03:20.1795975Z"},"nsu=http://opcfoundation.org/UA/Plc/Applications;s=RandomUnsignedInt32":{"Value":896505511,"SourceTimestamp":"2024-04-27T18:03:20.1475532Z","ServerTimestamp":"2024-04-27T18:03:20.1796041Z"},"nsu=http://opcfoundation.org/UA/Plc/Applications;s=DipData":{"Value":36.812455268467801,"SourceTimestamp":"2024-04-27T18:03:20.1475625Z","ServerTimestamp":"2024-04-27T18:03:20.1795968Z"},"nsu=http://opcfoundation.org/UA/Plc/Applications;s=FastUIntScalar1":{"Value":89,"SourceTimestamp":"2024-04-27T18:03:19.3373971Z","ServerTimestamp":"2024-04-27T18:03:20.1796087Z"},"nsu=http://opcfoundation.org/UA/Plc/Applications;s=FastUIntScalar2":{"Value":89,"SourceTimestamp":"2024-04-27T18:03:19.3374045Z","ServerTimestamp":"2024-04-27T18:03:20.1795983Z"},"nsu=http://opcfoundation.org/UA/Plc/Applications;s=FastUIntScalar3":{"Value":89,"SourceTimestamp":"2024-04-27T18:03:19.3374083Z","ServerTimestamp":"2024-04-27T18:03:20.1795933Z"},"nsu=http://opcfoundation.org/UA/Plc/Applications;s=FastRandomUIntScalar1":{"Value":3521853161,"SourceTimestamp":"2024-04-27T18:03:19.3374015Z","ServerTimestamp":"2024-04-27T18:03:20.1796058Z"},"nsu=http://opcfoundation.org/UA/Plc/Applications;s=FastRandomUIntScalar2":{"Value":2691412493,"SourceTimestamp":"2024-04-27T18:03:19.3374074Z","ServerTimestamp":"2024-04-27T18:03:20.1796083Z"},"nsu=http://opcfoundation.org/UA/Plc/Applications;s=FastRandomUIntScalar3":{"Value":3701332239,"SourceTimestamp":"2024-04-27T18:03:19.3374129Z","ServerTimestamp":"2024-04-27T18:03:20.1795943Z"},"nsu=http://opcfoundation.org/UA/Plc/Applications;s=NegativeTrendData":{"Value":98.799999999999997,"SourceTimestamp":"2024-04-27T18:03:20.1475625Z","ServerTimestamp":"2024-04-27T18:03:20.1795911Z"},"nsu=http://opcfoundation.org/UA/Plc/Applications;s=PositiveTrendData":{"Value":100.8,"SourceTimestamp":"2024-04-27T18:03:20.1475779Z","ServerTimestamp":"2024-04-27T18:03:20.1796076Z"},"nsu=http://opcfoundation.org/UA/Plc/Applications;s=SlowUIntScalar1":{"Value":8,"SourceTimestamp":"2024-04-27T18:03:10.3380607Z","ServerTimestamp":"2024-04-27T18:03:20.1795923Z"},"nsu=http://opcfoundation.org/UA/Plc/Applications;s=SlowUIntScalar2":{"Value":8,"SourceTimestamp":"2024-04-27T18:03:10.3380709Z","ServerTimestamp":"2024-04-27T18:03:20.1796002Z"},"nsu=http://opcfoundation.org/UA/Plc/Applications;s=SlowUIntScalar3":{"Value":8,"SourceTimestamp":"2024-04-27T18:03:10.3380736Z","ServerTimestamp":"2024-04-27T18:03:20.1796022Z"},"nsu=http://opcfoundation.org/UA/Plc/Applications;s=BadSlowUIntScalar1":{"Value":8,"StatusCode":{"Symbol":"UncertainLastUsableValue","Code":1083179008},"SourceTimestamp":"2024-04-27T18:03:10.3380761Z","ServerTimestamp":"2024-04-27T18:03:20.1796096Z"},"nsu=http://opcfoundation.org/UA/Plc/Applications;s=SlowRandomUIntScalar1":{"Value":3746939196,"SourceTimestamp":"2024-04-27T18:03:10.3380989Z","ServerTimestamp":"2024-04-27T18:03:20.1796052Z"},"nsu=http://opcfoundation.org/UA/Plc/Applications;s=SlowRandomUIntScalar2":{"Value":416206899,"SourceTimestamp":"2024-04-27T18:03:10.3381085Z","ServerTimestamp":"2024-04-27T18:03:20.1795961Z"},"nsu=http://opcfoundation.org/UA/Plc/Applications;s=SlowRandomUIntScalar3":{"Value":2685599419,"SourceTimestamp":"2024-04-27T18:03:10.3381111Z","ServerTimestamp":"2024-04-27T18:03:20.1796032Z"},"nsu=http://opcfoundation.org/UA/Plc/Applications;s=BadSlowRandomUIntScalar1":{"Value":2156170753,"StatusCode":{"Symbol":"UncertainLastUsableValue","Code":1083179008},"SourceTimestamp":"2024-04-27T18:03:10.3381136Z","ServerTimestamp":"2024-04-27T18:03:20.1795992Z"},"nsu=http://opcfoundation.org/UA/Plc/Applications;s=SpikeData":{"Value":36.812455268467801,"SourceTimestamp":"2024-04-27T18:03:20.1475672Z","ServerTimestamp":"2024-04-27T18:03:20.1795952Z"},"ns=23;i=1259":{"Value":-0.39900000000000002,"SourceTimestamp":"2024-04-27T18:01:51.1647612Z","ServerTimestamp":"2024-04-27T18:03:20.1795747Z"}}