{"i=2258":{"Value":"2024-04-27T18:03:25.1805153Z","SourceTimestamp":"2024-04-27T18:01:51.1647297Z","ServerTimestamp":"2024-04-27T18:03:25.180514Z"},"nsu=http://opcfoundation.org/UA/Plc/Applications;s=StepUp":{"Value":948,"SourceTimestamp":"2024-04-27T18:03:25.1481273Z","ServerTimestamp":"2024-04-27T18:03:25.1805626Z"},"nsu=http://opcfoundation.org/UA/Plc/Applications;s=AlternatingBoolean":{"Value":true,"SourceTimestamp":"2024-04-27T18:03:25.1481075Z","ServerTimestamp":"2024-04-27T18:03:25.180557Z"},"nsu=http://opcfoundation.org/UA/Plc/Applications;s=RandomSignedInt32":{"Value":-334399110,"SourceTimestamp":"2024-04-27T18:03:25.1481151Z","ServerTimestamp":"2024-04-27T18:03:25.1805536Z"},"nsu=http://opcfoundation.org/UA/Plc/Applications;s=RandomUnsignedInt32":{"Value":268716006,"SourceTimestamp":"2024-04-27T18:03:25.1481197Z","ServerTimestamp":"2024-04-27T18:03:25.1805602Z"},"nsu=http://opcfoundation.org/UA/Plc/Applications;s=DipData":{"Value":36.812455268467801,"SourceTimestamp":"2024-04-27T18:03:25.1481324Z","ServerTimestamp":"2024-04-27T18:03:25.1805527Z"},"nsu=http://opcfoundation.org/UA/Plc/Applications;s=FastUIntScalar1":{"Value":94,"SourceTimestamp":"2024-04-27T18:03:24.3427317Z","ServerTimestamp":"2024-04-27T18:03:25.1805643Z"},"nsu=http://opcfoundation.org/UA/Plc/Applications;s=FastUIntScalar2":{"Value":94,"SourceTimestamp":"2024-04-27T18:03:24.3427417Z","ServerTimestamp":"2024-04-27T18:03:25.1805544Z"},"nsu=http://opcfoundation.org/UA/Plc/Applications;s=FastUIntScalar3":{"Value":94,"SourceTimestamp":"2024-04-27T18:03:24.3427498Z","ServerTimestamp":"2024-04-27T18:03:25.1805487Z"},"nsu=http://opcfoundation.org/UA/Plc/Applications;s=FastRandomUIntScalar1":{"Value":2426308652,"SourceTimestamp":"2024-04-27T18:03:24.3427381Z","ServerTimestamp":"2024-04-27T18:03:25.1805619Z"},"nsu=http://opcfoundation.org/UA/Plc/Applications;s=FastRandomUIntScalar2":{"Value":3283930805,"SourceTimestamp":"2024-04-27T18:03:24.3427482Z","ServerTimestamp":"2024-04-27T18:03:25.1805639Z"},"nsu=http://opcfoundation.org/UA/Plc/Applications;s=FastRandomUIntScalar3":{"Value":464012363,"SourceTimestamp":"2024-04-27T18:03:24.3427521Z","ServerTimestamp":"2024-04-27T18:03:25.1805497Z"},"nsu=http://opcfoundation.org/UA/Plc/Applications;s=NegativeTrendData":{"Value":98.700000000000003,"SourceTimestamp":"2024-04-27T18:03:25.1481357Z","ServerTimestamp":"2024-04-27T18:03:25.1805465Z"},"nsu=http://opcfoundation.org/UA/Plc/Applications;s=PositiveTrendData":{"Value":100.90000000000001,"SourceTimestamp":"2024-04-27T18:03:25.1481326Z","ServerTimestamp":"2024-04-27T18:03:25.1805633Z"},"nsu=http://opcfoundation.org/UA/Plc/Applications;s=SlowUIntScalar1":{"Value":9,"SourceTimestamp":"2024-04-27T18:03:20.3495102Z","ServerTimestamp":"2024-04-27T18:03:25.1805477Z"},"nsu=http://opcfoundation.org/UA/Plc/Applications;s=SlowUIntScalar2":{"Value":9,"SourceTimestamp":"2024-04-27T18:03:20.3495163Z","ServerTimestamp":"2024-04-27T18:03:25.1805563Z"},"nsu=http://opcfoundation.org/UA/Plc/Applications;s=SlowUIntScalar3":{"Value":9,"SourceTimestamp":"2024-04-27T18:03:20.3495178Z","ServerTimestamp":"2024-04-27T18:03:25.1805582Z"},"nsu=http://opcfoundation.org/UA/Plc/Applications;s=BadSlowUIntScalar1":{"Value":null,"StatusCode":{"Symbol":"BadDataLost","Code":2157772800},"SourceTimestamp":"2024-04-27T18:03:20.3495192Z","ServerTimestamp":"2024-04-27T18:03:25.1805652Z"},"nsu=http://opcfoundation.org/UA/Plc/Applications;s=SlowRandomUIntScalar1":{"Value":4238561718,"SourceTimestamp":"2024-04-27T18:03:20.3495237Z","ServerTimestamp":"2024-04-27T18:03:25.1805613Z"},"nsu=http://opcfoundation.org/UA/Plc/Applications;s=SlowRandomUIntScalar2":{"Value":3067176413,"SourceTimestamp":"2024-04-27T18:03:20.349528Z","ServerTimestamp":"2024-04-27T18:03:25.180552Z"},"nsu=http://opcfoundation.org/UA/Plc/Applications;s=SlowRandomUIntScalar3":{"Value":3632428760,"SourceTimestamp":"2024-04-27T18:03:20.3495293Z","ServerTimestamp":"2024-04-27T18:03:25.1805593Z"},"nsu=http://opcfoundation.org/UA/Plc/Applications;s=BadSlowRandomUIntScalar1":{"Value":null,"StatusCode":{"Symbol":"BadDataLost","Code":2157772800},"SourceTimestamp":"2024-04-27T18:03:20.3495306Z","ServerTimestamp":"2024-04-27T18:03:25.1805552Z"},"nsu=http://opcfoundation.org/UA/Plc/Applications;s=SpikeData":{"Value":36.812455268467801,"SourceTimestamp":"2024-04-27T18:03:25.1481379Z","ServerTimestamp":"2024-04-27T18:03:25.1805509Z"},"ns=23;i=1259":{"Value":-0.5,"SourceTimestamp":"2024-04-27T18:01:51.1647612Z","ServerTimestamp":"2024-04-27T18:03:25.1805298Z"}}