{"MessageId":"e7500a48-1ce2-4db9-88bc-143dc27c484a","MessageType":"ua-data","PublisherId":"DESKTOP-BGFJS91","DataSetWriterGroup":"<<UnknownWriterGroup>>","Messages":[{"MetaDataVersion":{"MajorVersion":1},"MessageType":"ua-event","DataSetWriterName":"<<UnknownDataSet>>","Payload":{"EventId":{"Value":"GXB1lpvRsUGEHSYIhIxhog=="},"EventType":{"Value":{"IdType":1,"Id":"NodeChange"}},"SourceNode":{"Value":{"Id":17594}},"Time":{"Value":"2024-04-27T10:26:04.5195716Z"},"Change":{"Value":{"NodeId":{"Id":17594},"NodeClass":"Object_1","BrowseName":{"Name":"Dictionaries"},"DisplayName":"Dictionaries","RolePermissions":[],"UserRolePermissions":[],"References":[]}}}}]}