{"MessageId":"a872b475-68bc-4e07-9e37-92666d88194a","MessageType":"ua-data","PublisherId":"DESKTOP-BGFJS91","DataSetWriterGroup":"<<UnknownWriterGroup>>","Messages":[{"MetaDataVersion":{"MajorVersion":1},"MessageType":"ua-event","DataSetWriterName":"<<UnknownDataSet>>","Payload":{"EventId":{"Value":"UKu5SacKn0GdhxiZXI1NrQ=="},"EventType":{"Value":{"IdType":1,"Id":"ReferenceChange"}},"SourceNode":{"Value":{"Id":2253}},"Time":{"Value":"2024-04-27T10:26:04.5219991Z"},"Change":{"Value":{"ReferenceTypeId":{"Id":48},"IsForward":true,"NodeId":{"Id":303,"Namespace":"http://opcfoundation.org/HistoricalEvents"},"BrowseName":{"Name":"Plaforms","Uri":"http://opcfoundation.org/HistoricalEvents"},"DisplayName":"Plaforms","NodeClass":"Object_1","TypeDefinition":{"Id":61}}}}}]}