{"MessageId":"df75a5c8-e28b-4a22-931b-0cbc0d9d97d1","MessageType":"ua-data","PublisherId":"DESKTOP-BGFJS91","DataSetWriterGroup":"<<UnknownWriterGroup>>","Messages":[{"MetaDataVersion":{"MajorVersion":1},"MessageType":"ua-event","DataSetWriterName":"<<UnknownDataSet>>","Payload":{"EventId":{"Value":"z5Tt5R1nn0mbylyNrpp1Cw=="},"EventType":{"Value":{"IdType":1,"Id":"NodeChange"}},"SourceNode":{"Value":{"IdType":1,"Id":"0:/Green","Namespace":"http://opcfoundation.org/AlarmCondition"}},"Time":{"Value":"2024-04-27T10:26:04.5257755Z"},"Change":{"Value":{"NodeId":{"IdType":1,"Id":"0:/Green","Namespace":"http://opcfoundation.org/AlarmCondition"},"NodeClass":"Object_1","BrowseName":{"Name":"Green","Uri":"http://opcfoundation.org/AlarmCondition"},"DisplayName":"Green","RolePermissions":[],"UserRolePermissions":[],"References":[],"EventNotifier":1}}}}]}