{"MessageId":"94bdebf0-2b1b-4133-b2ce-2ef81572cd91","MessageType":"ua-data","PublisherId":"DESKTOP-BGFJS91","DataSetWriterGroup":"<<UnknownWriterGroup>>","Messages":[{"MetaDataVersion":{"MajorVersion":1},"MessageType":"ua-event","DataSetWriterName":"<<UnknownDataSet>>","Payload":{"EventId":{"Value":"7BGSOdwAFUauWDcs8W8+yA=="},"EventType":{"Value":{"IdType":1,"Id":"ReferenceChange"}},"SourceNode":{"Value":{"Id":2253}},"Time":{"Value":"2024-04-27T10:26:04.525941Z"},"Change":{"Value":{"ReferenceTypeId":{"Id":48},"IsForward":true,"NodeId":{"IdType":1,"Id":"0:/Yellow","Namespace":"http://opcfoundation.org/AlarmCondition"},"BrowseName":{"Name":"Yellow","Uri":"http://opcfoundation.org/AlarmCondition"},"DisplayName":"Yellow","NodeClass":"Object_1","TypeDefinition":{"Id":61}}}}}]}