{"MessageId":"9f3a3448-01ff-46b3-b104-3f75f508f3a0","MessageType":"ua-data","PublisherId":"DESKTOP-BGFJS91","DataSetWriterGroup":"<<UnknownWriterGroup>>","Messages":[{"MetaDataVersion":{"MajorVersion":1},"MessageType":"ua-event","DataSetWriterName":"<<UnknownDataSet>>","Payload":{"EventId":{"Value":"SmmSrk0N806nDNjTBNjBAg=="},"EventType":{"Value":{"IdType":1,"Id":"NodeChange"}},"SourceNode":{"Value":{"Id":23476}},"Time":{"Value":"2024-04-27T10:26:04.5285453Z"},"Change":{"Value":{"NodeId":{"Id":23476},"NodeClass":"Method_4","BrowseName":{"Name":"FindAlias"},"DisplayName":"FindAlias","RolePermissions":[],"UserRolePermissions":[],"References":[],"Executable":true,"UserExecutable":true}}}}]}