{"MessageId":"d21df14e-9e00-456f-836a-a1fb77c1fcf5","MessageType":"ua-data","PublisherId":"DESKTOP-BGFJS91","DataSetWriterGroup":"<<UnknownWriterGroup>>","Messages":[{"MetaDataVersion":{"MajorVersion":1},"MessageType":"ua-event","DataSetWriterName":"<<UnknownDataSet>>","Payload":{"EventId":{"Value":"CGOEZ2cDxUuO7SAwWMcHIA=="},"EventType":{"Value":{"IdType":1,"Id":"ReferenceChange"}},"SourceNode":{"Value":{"Id":23470}},"Time":{"Value":"2024-04-27T10:26:04.5299589Z"},"Change":{"Value":{"ReferenceTypeId":{"Id":35},"IsForward":true,"NodeId":{"Id":23479},"BrowseName":{"Name":"TagVariables"},"DisplayName":"TagVariables","NodeClass":"Object_1","TypeDefinition":{"Id":23456}}}}}]}