{"MessageId":"55aa793d-e62d-4099-bbc0-4033b0b0603a","MessageType":"ua-data","PublisherId":"DESKTOP-BGFJS91","DataSetWriterGroup":"<<UnknownWriterGroup>>","Messages":[{"MetaDataVersion":{"MajorVersion":1},"MessageType":"ua-event","DataSetWriterName":"<<UnknownDataSet>>","Payload":{"EventId":{"Value":"DErhLgoQVk20P3Vzk4Z24g=="},"EventType":{"Value":{"IdType":1,"Id":"ReferenceChange"}},"SourceNode":{"Value":{"Id":23470}},"Time":{"Value":"2024-04-27T10:26:04.5313162Z"},"Change":{"Value":{"ReferenceTypeId":{"Id":35},"IsForward":true,"NodeId":{"Id":23488},"BrowseName":{"Name":"Topics"},"DisplayName":"Topics","NodeClass":"Object_1","TypeDefinition":{"Id":23456}}}}}]}