{"MessageId":"e36f4c23-27cc-48bf-8dc5-ed4f58e121ff","MessageType":"ua-data","PublisherId":"DESKTOP-BGFJS91","DataSetWriterGroup":"<<UnknownWriterGroup>>","Messages":[{"MetaDataVersion":{"MajorVersion":1},"MessageType":"ua-event","DataSetWriterName":"<<UnknownDataSet>>","Payload":{"EventId":{"Value":"kmslvouNJk2SmriKQ19y+g=="},"EventType":{"Value":{"IdType":1,"Id":"ReferenceChange"}},"SourceNode":{"Value":{"Id":10157,"Namespace":"http://test.org/UA/Data/"}},"Time":{"Value":"2024-04-27T10:26:04.5326257Z"},"Change":{"Value":{"ReferenceTypeId":{"Id":47},"IsForward":true,"NodeId":{"Id":10158,"Namespace":"http://test.org/UA/Data/"},"BrowseName":{"Name":"Static","Uri":"http://test.org/UA/Data/"},"DisplayName":"Static","NodeClass":"Object_1","TypeDefinition":{"Id":61}}}}}]}