{"MessageId":"2c3dcb59-a77c-4b6d-80a0-bf37e0eb7558","MessageType":"ua-data","PublisherId":"DESKTOP-BGFJS91","DataSetWriterGroup":"<<UnknownWriterGroup>>","Messages":[{"MetaDataVersion":{"MajorVersion":1},"MessageType":"ua-event","DataSetWriterName":"<<UnknownDataSet>>","Payload":{"EventId":{"Value":"O5m1Z/hsw0qZ15lb7rJ6vg=="},"EventType":{"Value":{"IdType":1,"Id":"NodeChange"}},"SourceNode":{"Value":{"Id":10786,"Namespace":"http://test.org/UA/Data/"}},"Time":{"Value":"2024-04-27T10:26:04.535055Z"},"Change":{"Value":{"NodeId":{"Id":10786,"Namespace":"http://test.org/UA/Data/"},"NodeClass":"Object_1","BrowseName":{"Name":"Dynamic","Uri":"http://test.org/UA/Data/"},"DisplayName":"Dynamic","RolePermissions":[],"UserRolePermissions":[],"References":[],"EventNotifier":1}}}}]}