{"MessageId":"6aec4a5f-cce0-4771-9533-d9d8b8e92605","MessageType":"ua-data","PublisherId":"DESKTOP-BGFJS91","DataSetWriterGroup":"<<UnknownWriterGroup>>","Messages":[{"MetaDataVersion":{"MajorVersion":1},"MessageType":"ua-event","DataSetWriterName":"<<UnknownDataSet>>","Payload":{"EventId":{"Value":"QAnhEvsdWUekvauVbp7l2w=="},"EventType":{"Value":{"IdType":1,"Id":"ReferenceChange"}},"SourceNode":{"Value":{"Id":10157,"Namespace":"http://test.org/UA/Data/"}},"Time":{"Value":"2024-04-27T10:26:04.5365859Z"},"Change":{"Value":{"ReferenceTypeId":{"Id":48},"IsForward":true,"NodeId":{"Id":10158,"Namespace":"http://test.org/UA/Data/"},"BrowseName":{"Name":"Static","Uri":"http://test.org/UA/Data/"},"DisplayName":"Static","NodeClass":"Object_1","TypeDefinition":{"Id":61}}}}}]}