{"MessageId":"15e53028-2e40-49cf-b36c-d5e6bc61e13f","MessageType":"ua-data","PublisherId":"DESKTOP-BGFJS91","DataSetWriterGroup":"<<UnknownWriterGroup>>","Messages":[{"MetaDataVersion":{"MajorVersion":1},"MessageType":"ua-event","DataSetWriterName":"<<UnknownDataSet>>","Payload":{"EventId":{"Value":"5yaWTBuOaUOJh3dCvLucBA=="},"EventType":{"Value":{"IdType":1,"Id":"ReferenceChange"}},"SourceNode":{"Value":{"Id":281,"Namespace":"http://opcfoundation.org/UA/Vehicles/Instances"}},"Time":{"Value":"2024-04-27T10:26:04.5389286Z"},"Change":{"Value":{"ReferenceTypeId":{"Id":46},"IsForward":true,"NodeId":{"Id":380,"Namespace":"http://opcfoundation.org/UA/Vehicles/Instances"},"BrowseName":{"Name":"LotType","Uri":"http://opcfoundation.org/UA/Vehicles/Instances"},"DisplayName":"LotType","NodeClass":"Variable_2","TypeDefinition":{"Id":68}}}}}]}