{"MessageId":"39b27d3a-a76f-4af3-82b9-77691df1316e","MessageType":"ua-data","PublisherId":"DESKTOP-BGFJS91","DataSetWriterGroup":"<<UnknownWriterGroup>>","Messages":[{"MetaDataVersion":{"MajorVersion":1},"MessageType":"ua-event","DataSetWriterName":"<<UnknownDataSet>>","Payload":{"EventId":{"Value":"ogEjGuTmyES5CrNKTj3jfg=="},"EventType":{"Value":{"IdType":1,"Id":"NodeChange"}},"SourceNode":{"Value":{"IdType":1,"Id":"Area99","Namespace":"http://opcfoundation.org/HistoricalEvents"}},"Time":{"Value":"2024-04-27T10:26:04.5454392Z"},"Change":{"Value":{"NodeId":{"IdType":1,"Id":"Area99","Namespace":"http://opcfoundation.org/HistoricalEvents"},"NodeClass":"Object_1","BrowseName":{"Name":"Area99","Uri":"http://opcfoundation.org/HistoricalEvents"},"DisplayName":"Area99","RolePermissions":[],"UserRolePermissions":[],"References":[],"EventNotifier":13}}}}]}