{"MessageId":"8cd44ae2-dfea-4090-8f84-52dab790b5b2","MessageType":"ua-data","PublisherId":"DESKTOP-BGFJS91","DataSetWriterGroup":"<<UnknownWriterGroup>>","Messages":[{"MetaDataVersion":{"MajorVersion":1},"MessageType":"ua-event","DataSetWriterName":"<<UnknownDataSet>>","Payload":{"EventId":{"Value":"1rPJnpPMjUibc7T6bU6l2w=="},"EventType":{"Value":{"IdType":1,"Id":"ReferenceChange"}},"SourceNode":{"Value":{"Id":442,"Namespace":"http://opcfoundation.org/UA/Views"}},"Time":{"Value":"2024-04-27T10:26:04.546933Z"},"Change":{"Value":{"ReferenceTypeId":{"Id":35},"IsForward":true,"NodeId":{"IdType":1,"Id":"0:Boiler #2","Namespace":"http://opcfoundation.org/UA/Views"},"BrowseName":{"Name":"Boiler #2","Uri":"http://opcfoundation.org/UA/Views"},"DisplayName":"Boiler #2","NodeClass":"Object_1","TypeDefinition":{"Id":390,"Namespace":"http://opcfoundation.org/UA/Views"}}}}}]}