{"MessageId":"9dc62b37-459a-4045-b86b-cde6a3183039","MessageType":"ua-data","PublisherId":"DESKTOP-BGFJS91","DataSetWriterGroup":"<<UnknownWriterGroup>>","Messages":[{"MetaDataVersion":{"MajorVersion":1},"MessageType":"ua-event","DataSetWriterName":"<<UnknownDataSet>>","Payload":{"EventId":{"Value":"s6pF9aFHCkWoN1dVp8Qa/A=="},"EventType":{"Value":{"IdType":1,"Id":"NodeChange"}},"SourceNode":{"Value":{"Id":10157,"Namespace":"http://test.org/UA/Data/"}},"Time":{"Value":"2024-04-27T10:26:04.39253Z"},"Change":{"Value":{"NodeId":{"Id":10157,"Namespace":"http://test.org/UA/Data/"},"NodeClass":"Object_1","BrowseName":{"Name":"Data","Uri":"http://test.org/UA/Data/"},"DisplayName":"Data","RolePermissions":[],"UserRolePermissions":[],"References":[],"EventNotifier":1}}}}]}