{"MessageId":"4357eef7-e296-46ea-9eed-24cc4363b9b8","MessageType":"ua-data","PublisherId":"DESKTOP-BGFJS91","DataSetWriterGroup":"<<UnknownWriterGroup>>","Messages":[{"MetaDataVersion":{"MajorVersion":1},"MessageType":"ua-event","DataSetWriterName":"<<UnknownDataSet>>","Payload":{"EventId":{"Value":"bhEFyIHcr06inz9SB8tJBg=="},"EventType":{"Value":{"IdType":1,"Id":"ReferenceChange"}},"SourceNode":{"Value":{"Id":15070,"Namespace":"http://opcfoundation.org/UA/Plc"}},"Time":{"Value":"2024-04-27T10:26:04.5483052Z"},"Change":{"Value":{"ReferenceTypeId":{"Id":47},"IsForward":true,"NodeId":{"Id":15013,"Namespace":"http://opcfoundation.org/UA/Plc"},"BrowseName":{"Name":"PlcStatus","Uri":"http://opcfoundation.org/UA/Plc"},"DisplayName":"PlcStatus","NodeClass":"Variable_2","TypeDefinition":{"Id":63}}}}}]}