{"MessageId":"a80fe51b-b4be-4b96-90ad-163413ac834d","MessageType":"ua-data","PublisherId":"DESKTOP-BGFJS91","DataSetWriterGroup":"<<UnknownWriterGroup>>","Messages":[{"MetaDataVersion":{"MajorVersion":1},"MessageType":"ua-event","DataSetWriterName":"<<UnknownDataSet>>","Payload":{"EventId":{"Value":"RWzN2gWOE0CSo0hhg/cPQA=="},"EventType":{"Value":{"IdType":1,"Id":"ReferenceChange"}},"SourceNode":{"Value":{"Id":1240,"Namespace":"http://opcfoundation.org/UA/Boiler/"}},"Time":{"Value":"2024-04-27T10:26:04.5537439Z"},"Change":{"Value":{"ReferenceTypeId":{"Id":35},"IsForward":true,"NodeId":{"Id":1,"Namespace":"http://opcfoundation.org/UA/Boiler//Instance"},"BrowseName":{"Name":"Boiler #2","Uri":"http://opcfoundation.org/UA/Boiler//Instance"},"DisplayName":"Boiler #2","NodeClass":"Object_1","TypeDefinition":{"Id":1132,"Namespace":"http://opcfoundation.org/UA/Boiler/"}}}}}]}