{"MessageId":"a59f9c46-b101-495c-b535-f9cf1670ce78","MessageType":"ua-data","PublisherId":"DESKTOP-BGFJS91","DataSetWriterGroup":"<<UnknownWriterGroup>>","Messages":[{"MetaDataVersion":{"MajorVersion":1},"MessageType":"ua-event","DataSetWriterName":"<<UnknownDataSet>>","Payload":{"EventId":{"Value":"hld9WXcqAkqJO6xJX7Zpfw=="},"EventType":{"Value":{"IdType":1,"Id":"NodeChange"}},"SourceNode":{"Value":{"Id":1,"Namespace":"http://opcfoundation.org/UA/Boiler//Instance"}},"Time":{"Value":"2024-04-27T10:26:04.554934Z"},"Change":{"Value":{"NodeId":{"Id":1,"Namespace":"http://opcfoundation.org/UA/Boiler//Instance"},"NodeClass":"Object_1","BrowseName":{"Name":"Boiler #2","Uri":"http://opcfoundation.org/UA/Boiler//Instance"},"DisplayName":"Boiler #2","RolePermissions":[],"UserRolePermissions":[],"References":[],"EventNotifier":1}}}}]}