{"MessageId":"40ff2633-fc65-46f8-bd81-2a38d04864a0","MessageType":"ua-data","PublisherId":"DESKTOP-BGFJS91","DataSetWriterGroup":"<<UnknownWriterGroup>>","Messages":[{"MetaDataVersion":{"MajorVersion":1},"MessageType":"ua-event","DataSetWriterName":"<<UnknownDataSet>>","Payload":{"EventId":{"Value":"2jEo2Ru1g0GeGNFgrjd/5w=="},"EventType":{"Value":{"IdType":1,"Id":"NodeChange"}},"SourceNode":{"Value":{"IdType":1,"Id":"Views","Namespace":"http://opcfoundation.org/ReferenceApplications"}},"Time":{"Value":"2024-04-27T10:26:04.5667331Z"},"Change":{"Value":{"NodeId":{"IdType":1,"Id":"Views","Namespace":"http://opcfoundation.org/ReferenceApplications"},"NodeClass":"Object_1","BrowseName":{"Name":"Views","Uri":"http://opcfoundation.org/ReferenceApplications"},"DisplayName":"Views","RolePermissions":[],"UserRolePermissions":[],"References":[]}}}}]}