{"MessageId":"c60ee441-b80d-4168-873b-5eb7faccca31","MessageType":"ua-data","PublisherId":"DESKTOP-BGFJS91","DataSetWriterGroup":"<<UnknownWriterGroup>>","Messages":[{"MetaDataVersion":{"MajorVersion":1},"MessageType":"ua-event","DataSetWriterName":"<<UnknownDataSet>>","Payload":{"EventId":{"Value":"6CqH7qFTS0+0c7vFSDWXlg=="},"EventType":{"Value":{"IdType":1,"Id":"ReferenceChange"}},"SourceNode":{"Value":{"IdType":1,"Id":"0:","Namespace":"http://opcfoundation.org/HistoricalAccess"}},"Time":{"Value":"2024-04-27T10:26:04.572069Z"},"Change":{"Value":{"ReferenceTypeId":{"Id":35},"IsForward":true,"NodeId":{"IdType":1,"Id":"Sample","Namespace":"http://opcfoundation.org/HistoricalAccess"},"BrowseName":{"Name":"Sample","Uri":"http://opcfoundation.org/HistoricalAccess"},"DisplayName":"Sample","NodeClass":"Object_1","TypeDefinition":{"Id":61}}}}}]}