{"MessageId":"8c3743f1-19a1-429d-a683-08fc721ca49c","MessageType":"ua-data","PublisherId":"DESKTOP-BGFJS91","DataSetWriterGroup":"<<UnknownWriterGroup>>","Messages":[{"MetaDataVersion":{"MajorVersion":1},"MessageType":"ua-event","DataSetWriterName":"<<UnknownDataSet>>","Payload":{"EventId":{"Value":"eWQqhr/9n0KhwleXTs1Wxw=="},"EventType":{"Value":{"IdType":1,"Id":"ReferenceChange"}},"SourceNode":{"Value":{"IdType":1,"Id":"0:Assets","Namespace":"DataAccess"}},"Time":{"Value":"2024-04-27T10:26:04.5737118Z"},"Change":{"Value":{"ReferenceTypeId":{"Id":35},"IsForward":true,"NodeId":{"IdType":1,"Id":"0:Assets/Sensors","Namespace":"DataAccess"},"BrowseName":{"Name":"Sensors","Uri":"DataAccess"},"DisplayName":"Sensors","NodeClass":"Object_1","TypeDefinition":{"Id":61}}}}}]}