{"MessageId":"f6e503c5-442c-4f7f-9948-bca720713421","MessageType":"ua-data","PublisherId":"DESKTOP-BGFJS91","DataSetWriterGroup":"<<UnknownWriterGroup>>","Messages":[{"MetaDataVersion":{"MajorVersion":1},"MessageType":"ua-event","DataSetWriterName":"<<UnknownDataSet>>","Payload":{"EventId":{"Value":"4gwiIpeWpECLuFT3nekPog=="},"EventType":{"Value":{"IdType":1,"Id":"ReferenceChange"}},"SourceNode":{"Value":{"IdType":1,"Id":"0:Assets","Namespace":"DataAccess"}},"Time":{"Value":"2024-04-27T10:26:04.5751091Z"},"Change":{"Value":{"ReferenceTypeId":{"Id":35},"IsForward":true,"NodeId":{"IdType":1,"Id":"0:Assets/Controllers","Namespace":"DataAccess"},"BrowseName":{"Name":"Controllers","Uri":"DataAccess"},"DisplayName":"Controllers","NodeClass":"Object_1","TypeDefinition":{"Id":61}}}}}]}