{"MessageId":"25131033-c7db-4f9b-ad06-d693e17e87dc","MessageType":"ua-data","PublisherId":"DESKTOP-BGFJS91","DataSetWriterGroup":"<<UnknownWriterGroup>>","Messages":[{"MetaDataVersion":{"MajorVersion":1},"MessageType":"ua-event","DataSetWriterName":"<<UnknownDataSet>>","Payload":{"EventId":{"Value":"rXhZ2HhSWE+xcyw0/9HlWg=="},"EventType":{"Value":{"IdType":1,"Id":"ReferenceChange"}},"SourceNode":{"Value":{"IdType":1,"Id":"0:Factory","Namespace":"DataAccess"}},"Time":{"Value":"2024-04-27T10:26:04.5779217Z"},"Change":{"Value":{"ReferenceTypeId":{"Id":35},"IsForward":true,"NodeId":{"IdType":1,"Id":"0:Factory/West","Namespace":"DataAccess"},"BrowseName":{"Name":"West","Uri":"DataAccess"},"DisplayName":"West","NodeClass":"Object_1","TypeDefinition":{"Id":61}}}}}]}