{"MessageId":"066bb084-2707-4ecd-892c-ff13c928b7ad","MessageType":"ua-data","PublisherId":"DESKTOP-BGFJS91","DataSetWriterGroup":"<<UnknownWriterGroup>>","Messages":[{"MetaDataVersion":{"MajorVersion":1},"MessageType":"ua-event","DataSetWriterName":"<<UnknownDataSet>>","Payload":{"EventId":{"Value":"F+ZvzayrMUy0Lr479oX2Vg=="},"EventType":{"Value":{"IdType":1,"Id":"NodeChange"}},"SourceNode":{"Value":{"IdType":1,"Id":"0:TestData/Static","Namespace":"DataAccess"}},"Time":{"Value":"2024-04-27T10:26:04.5807946Z"},"Change":{"Value":{"NodeId":{"IdType":1,"Id":"0:TestData/Static","Namespace":"DataAccess"},"NodeClass":"Object_1","BrowseName":{"Name":"Static","Uri":"DataAccess"},"DisplayName":"Static","RolePermissions":[],"UserRolePermissions":[],"References":[]}}}}]}