{"MessageId":"cff57e07-3c56-461e-acb2-a75aa8a84994","MessageType":"ua-data","PublisherId":"DESKTOP-BGFJS91","DataSetWriterGroup":"<<UnknownWriterGroup>>","Messages":[{"MetaDataVersion":{"MajorVersion":1},"MessageType":"ua-event","DataSetWriterName":"<<UnknownDataSet>>","Payload":{"EventId":{"Value":"oNv+d0rBpkiPm6Y+m4/zVg=="},"EventType":{"Value":{"IdType":1,"Id":"ReferenceChange"}},"SourceNode":{"Value":{"IdType":1,"Id":"OpcPlc","Namespace":"http://opcfoundation.org/UA/Plc/Applications"}},"Time":{"Value":"2024-04-27T10:26:04.5809693Z"},"Change":{"Value":{"ReferenceTypeId":{"Id":35},"IsForward":true,"NodeId":{"IdType":1,"Id":"Telemetry","Namespace":"http://opcfoundation.org/UA/Plc/Applications"},"BrowseName":{"Name":"Telemetry","Uri":"http://opcfoundation.org/UA/Plc/Applications"},"DisplayName":"Telemetry","NodeClass":"Object_1","TypeDefinition":{"Id":61}}}}}]}