{"MessageId":"049768e5-b5d1-4ae1-9f98-3aa9790748f7","MessageType":"ua-data","PublisherId":"DESKTOP-BGFJS91","DataSetWriterGroup":"<<UnknownWriterGroup>>","Messages":[{"MetaDataVersion":{"MajorVersion":1},"MessageType":"ua-event","DataSetWriterName":"<<UnknownDataSet>>","Payload":{"EventId":{"Value":"QAnBnBESEUOA++seAI6Dtg=="},"EventType":{"Value":{"IdType":1,"Id":"ReferenceChange"}},"SourceNode":{"Value":{"IdType":1,"Id":"OpcPlc","Namespace":"http://opcfoundation.org/UA/Plc/Applications"}},"Time":{"Value":"2024-04-27T10:26:04.5824654Z"},"Change":{"Value":{"ReferenceTypeId":{"Id":35},"IsForward":true,"NodeId":{"IdType":1,"Id":"Methods","Namespace":"http://opcfoundation.org/UA/Plc/Applications"},"BrowseName":{"Name":"Methods","Uri":"http://opcfoundation.org/UA/Plc/Applications"},"DisplayName":"Methods","NodeClass":"Object_1","TypeDefinition":{"Id":61}}}}}]}