{"MessageId":"04f13fc8-cc0d-473b-9f9e-0142548967eb","MessageType":"ua-data","PublisherId":"DESKTOP-BGFJS91","DataSetWriterGroup":"<<UnknownWriterGroup>>","Messages":[{"MetaDataVersion":{"MajorVersion":1},"MessageType":"ua-event","DataSetWriterName":"<<UnknownDataSet>>","Payload":{"EventId":{"Value":"lY2IbtSbv0e2tlt3PImydg=="},"EventType":{"Value":{"IdType":1,"Id":"ReferenceChange"}},"SourceNode":{"Value":{"Id":85}},"Time":{"Value":"2024-04-27T10:26:04.401497Z"},"Change":{"Value":{"ReferenceTypeId":{"Id":35},"IsForward":true,"NodeId":{"Id":442,"Namespace":"http://opcfoundation.org/UA/Views"},"BrowseName":{"Name":"Plant","Uri":"http://opcfoundation.org/UA/Views"},"DisplayName":"Plant","NodeClass":"Object_1","TypeDefinition":{"Id":61}}}}}]}