{"MessageId":"cb7ed457-66f4-4081-87bb-20b6763191cd","MessageType":"ua-data","PublisherId":"DESKTOP-BGFJS91","DataSetWriterGroup":"<<UnknownWriterGroup>>","Messages":[{"MetaDataVersion":{"MajorVersion":1},"MessageType":"ua-event","DataSetWriterName":"<<UnknownDataSet>>","Payload":{"EventId":{"Value":"yWVAtnuqBUyKoxCg/OY1jQ=="},"EventType":{"Value":{"IdType":1,"Id":"NodeChange"}},"SourceNode":{"Value":{"Id":58}},"Time":{"Value":"2024-04-27T10:26:04.5866371Z"},"Change":{"Value":{"NodeId":{"Id":58},"NodeClass":"ObjectType_8","BrowseName":{"Name":"BaseObjectType"},"DisplayName":"BaseObjectType","RolePermissions":[],"UserRolePermissions":[],"References":[]}}}}]}