{"MessageId":"d855efb1-49cc-4191-b5e8-731f0cd58fee","MessageType":"ua-data","PublisherId":"DESKTOP-BGFJS91","DataSetWriterGroup":"<<UnknownWriterGroup>>","Messages":[{"MetaDataVersion":{"MajorVersion":1},"MessageType":"ua-event","DataSetWriterName":"<<UnknownDataSet>>","Payload":{"EventId":{"Value":"auQmAbpFP0y53edxU3rtVg=="},"EventType":{"Value":{"IdType":1,"Id":"NodeChange"}},"SourceNode":{"Value":{"Id":24}},"Time":{"Value":"2024-04-27T10:26:04.5894474Z"},"Change":{"Value":{"NodeId":{"Id":24},"NodeClass":"DataType_64","BrowseName":{"Name":"BaseDataType"},"DisplayName":"BaseDataType","RolePermissions":[],"UserRolePermissions":[],"References":[],"IsAbstract":true}}}}]}