{"MessageId":"7df0ad46-e130-44f2-bd79-eae4814e26f9","MessageType":"ua-data","PublisherId":"DESKTOP-BGFJS91","DataSetWriterGroup":"<<UnknownWriterGroup>>","Messages":[{"MetaDataVersion":{"MajorVersion":1},"MessageType":"ua-event","DataSetWriterName":"<<UnknownDataSet>>","Payload":{"EventId":{"Value":"UW/5ok77oE+XDKLQGdRd1Q=="},"EventType":{"Value":{"IdType":1,"Id":"ReferenceChange"}},"SourceNode":{"Value":{"Id":90}},"Time":{"Value":"2024-04-27T10:26:04.590959Z"},"Change":{"Value":{"ReferenceTypeId":{"Id":35},"IsForward":true,"NodeId":{"Id":93},"BrowseName":{"Name":"OPC Binary"},"DisplayName":"OPC Binary","NodeClass":"Object_1","TypeDefinition":{"Id":75}}}}}]}