{"MessageId":"e55c5e16-e511-46c2-b1c9-7a8754a3e495","MessageType":"ua-data","PublisherId":"DESKTOP-BGFJS91","DataSetWriterGroup":"<<UnknownWriterGroup>>","Messages":[{"MetaDataVersion":{"MajorVersion":1},"MessageType":"ua-event","DataSetWriterName":"<<UnknownDataSet>>","Payload":{"EventId":{"Value":"OhuFmLlaqEGp7ZkzExhpKw=="},"EventType":{"Value":{"IdType":1,"Id":"NodeChange"}},"SourceNode":{"Value":{"Id":85}},"Time":{"Value":"2024-04-27T10:26:04.3778842Z"},"Change":{"Value":{"NodeId":{"Id":85},"NodeClass":"Object_1","BrowseName":{"Name":"Objects"},"DisplayName":"Objects","Description":"The browse entry point when looking for objects in the server address space.","RolePermissions":[],"UserRolePermissions":[],"References":[]}}}}]}