{"MessageId":"32349f3c-c70e-4817-bfbb-84c1bb9b35e1","MessageType":"ua-data","PublisherId":"DESKTOP-BGFJS91","DataSetWriterGroup":"<<UnknownWriterGroup>>","Messages":[{"MetaDataVersion":{"MajorVersion":1},"MessageType":"ua-event","DataSetWriterName":"<<UnknownDataSet>>","Payload":{"EventId":{"Value":"L94rm5rXd0eUEpavV7HZVQ=="},"EventType":{"Value":{"IdType":1,"Id":"NodeChange"}},"SourceNode":{"Value":{"Id":442,"Namespace":"http://opcfoundation.org/UA/Views"}},"Time":{"Value":"2024-04-27T10:26:04.4060339Z"},"Change":{"Value":{"NodeId":{"Id":442,"Namespace":"http://opcfoundation.org/UA/Views"},"NodeClass":"Object_1","BrowseName":{"Name":"Plant","Uri":"http://opcfoundation.org/UA/Views"},"DisplayName":"Plant","RolePermissions":[],"UserRolePermissions":[],"References":[]}}}}]}