{"MessageId":"8b10e73b-ec34-45f8-8ebc-751f4e17a78f","MessageType":"ua-data","PublisherId":"DESKTOP-BGFJS91","DataSetWriterGroup":"<<UnknownWriterGroup>>","Messages":[{"MetaDataVersion":{"MajorVersion":1},"MessageType":"ua-event","DataSetWriterName":"<<UnknownDataSet>>","Payload":{"EventId":{"Value":"fBS7kWYGNEKgYevndsnW8A=="},"EventType":{"Value":{"IdType":1,"Id":"NodeChange"}},"SourceNode":{"Value":{"Id":2258}},"Time":{"Value":"2024-04-27T10:26:04.6386698Z"},"Change":{"Value":{"NodeId":{"Id":2258},"NodeClass":"Variable_2","BrowseName":{"Name":"CurrentTime"},"DisplayName":"CurrentTime","RolePermissions":[],"UserRolePermissions":[],"References":[],"Value":null,"DataType":{"Id":294},"ValueRank":-1,"ArrayDimensions":[],"AccessLevel":1,"UserAccessLevel":1,"MinimumSamplingInterval":1000,"AccessLevelEx":1}}}}]}