{"MessageId":"2346b525-8158-41a5-8a45-0408ef62da8c","MessageType":"ua-data","PublisherId":"DESKTOP-BGFJS91","DataSetWriterGroup":"<<UnknownWriterGroup>>","Messages":[{"MetaDataVersion":{"MajorVersion":1},"MessageType":"ua-event","DataSetWriterName":"<<UnknownDataSet>>","Payload":{"EventId":{"Value":"cKToiLoR+U6YKOPxxr6mxg=="},"EventType":{"Value":{"IdType":1,"Id":"ReferenceChange"}},"SourceNode":{"Value":{"Id":2256}},"Time":{"Value":"2024-04-27T10:26:04.6430115Z"},"Change":{"Value":{"ReferenceTypeId":{"Id":47},"IsForward":true,"NodeId":{"Id":2993},"BrowseName":{"Name":"ShutdownReason"},"DisplayName":"ShutdownReason","NodeClass":"Variable_2","TypeDefinition":{"Id":63}}}}}]}