{"MessageId":"40dadb1c-e9cc-4303-b011-99dbf9f36648","MessageType":"ua-data","PublisherId":"DESKTOP-BGFJS91","DataSetWriterGroup":"<<UnknownWriterGroup>>","Messages":[{"MetaDataVersion":{"MajorVersion":1},"MessageType":"ua-event","DataSetWriterName":"<<UnknownDataSet>>","Payload":{"EventId":{"Value":"NW8AZhz14EmmOKdTqXHDQg=="},"EventType":{"Value":{"IdType":1,"Id":"NodeChange"}},"SourceNode":{"Value":{"Id":2269}},"Time":{"Value":"2024-04-27T10:26:04.6455395Z"},"Change":{"Value":{"NodeId":{"Id":2269},"NodeClass":"Variable_2","BrowseName":{"Name":"ServerProfileArray"},"DisplayName":"ServerProfileArray","RolePermissions":[],"UserRolePermissions":[],"References":[],"Value":null,"DataType":{"Id":12},"ValueRank":1,"ArrayDimensions":[0],"AccessLevel":1,"UserAccessLevel":1,"AccessLevelEx":1}}}}]}