{"MessageId":"4756527e-398e-46fe-b04b-33db6ff734d0","MessageType":"ua-data","PublisherId":"DESKTOP-BGFJS91","DataSetWriterGroup":"<<UnknownWriterGroup>>","Messages":[{"MetaDataVersion":{"MajorVersion":1},"MessageType":"ua-event","DataSetWriterName":"<<UnknownDataSet>>","Payload":{"EventId":{"Value":"vu+Gi0cPmkeRFq+ra5pvXQ=="},"EventType":{"Value":{"IdType":1,"Id":"ReferenceChange"}},"SourceNode":{"Value":{"Id":2268}},"Time":{"Value":"2024-04-27T10:26:04.6457035Z"},"Change":{"Value":{"ReferenceTypeId":{"Id":46},"IsForward":true,"NodeId":{"Id":2271},"BrowseName":{"Name":"LocaleIdArray"},"DisplayName":"LocaleIdArray","NodeClass":"Variable_2","TypeDefinition":{"Id":68}}}}}]}