{"MessageId":"4d585b99-ad15-4ab2-9bd4-7e161375d451","MessageType":"ua-data","PublisherId":"DESKTOP-BGFJS91","DataSetWriterGroup":"<<UnknownWriterGroup>>","Messages":[{"MetaDataVersion":{"MajorVersion":1},"MessageType":"ua-event","DataSetWriterName":"<<UnknownDataSet>>","Payload":{"EventId":{"Value":"Di2Y27SGPkeg7cLt0svQew=="},"EventType":{"Value":{"IdType":1,"Id":"NodeChange"}},"SourceNode":{"Value":{"Id":2735}},"Time":{"Value":"2024-04-27T10:26:04.6497864Z"},"Change":{"Value":{"NodeId":{"Id":2735},"NodeClass":"Variable_2","BrowseName":{"Name":"MaxBrowseContinuationPoints"},"DisplayName":"MaxBrowseContinuationPoints","RolePermissions":[],"UserRolePermissions":[],"References":[],"Value":null,"DataType":{"Id":5},"ValueRank":-1,"ArrayDimensions":[],"AccessLevel":1,"UserAccessLevel":1,"AccessLevelEx":1}}}}]}