{"MessageId":"ad040562-18c3-444d-aa56-88f9c71c8395","MessageType":"ua-data","PublisherId":"DESKTOP-BGFJS91","DataSetWriterGroup":"<<UnknownWriterGroup>>","Messages":[{"MetaDataVersion":{"MajorVersion":1},"MessageType":"ua-event","DataSetWriterName":"<<UnknownDataSet>>","Payload":{"EventId":{"Value":"v6/sDmSFUEKcvFFrKoPoTQ=="},"EventType":{"Value":{"IdType":1,"Id":"NodeChange"}},"SourceNode":{"Value":{"Id":2737}},"Time":{"Value":"2024-04-27T10:26:04.6525272Z"},"Change":{"Value":{"NodeId":{"Id":2737},"NodeClass":"Variable_2","BrowseName":{"Name":"MaxHistoryContinuationPoints"},"DisplayName":"MaxHistoryContinuationPoints","RolePermissions":[],"UserRolePermissions":[],"References":[],"Value":null,"DataType":{"Id":5},"ValueRank":-1,"ArrayDimensions":[],"AccessLevel":1,"UserAccessLevel":1,"AccessLevelEx":1}}}}]}