{"MessageId":"07e44238-24b8-4f25-beb4-ad89082642f2","MessageType":"ua-data","PublisherId":"DESKTOP-BGFJS91","DataSetWriterGroup":"<<UnknownWriterGroup>>","Messages":[{"MetaDataVersion":{"MajorVersion":1},"MessageType":"ua-event","DataSetWriterName":"<<UnknownDataSet>>","Payload":{"EventId":{"Value":"UgaT8n8bhUWHhY39TkA4Hw=="},"EventType":{"Value":{"IdType":1,"Id":"ReferenceChange"}},"SourceNode":{"Value":{"Id":2268}},"Time":{"Value":"2024-04-27T10:26:04.6553467Z"},"Change":{"Value":{"ReferenceTypeId":{"Id":46},"IsForward":true,"NodeId":{"Id":11703},"BrowseName":{"Name":"MaxStringLength"},"DisplayName":"MaxStringLength","NodeClass":"Variable_2","TypeDefinition":{"Id":68}}}}}]}