{"MessageId":"f10dbc04-adf8-4bf4-bb6a-8c649d904ede","MessageType":"ua-data","PublisherId":"DESKTOP-BGFJS91","DataSetWriterGroup":"<<UnknownWriterGroup>>","Messages":[{"MetaDataVersion":{"MajorVersion":1},"MessageType":"ua-event","DataSetWriterName":"<<UnknownDataSet>>","Payload":{"EventId":{"Value":"VZ69o2eel0q22/WQi9dSlg=="},"EventType":{"Value":{"IdType":1,"Id":"NodeChange"}},"SourceNode":{"Value":{"Id":11703}},"Time":{"Value":"2024-04-27T10:26:04.6564429Z"},"Change":{"Value":{"NodeId":{"Id":11703},"NodeClass":"Variable_2","BrowseName":{"Name":"MaxStringLength"},"DisplayName":"MaxStringLength","RolePermissions":[],"UserRolePermissions":[],"References":[],"Value":null,"DataType":{"Id":7},"ValueRank":-1,"ArrayDimensions":[],"AccessLevel":1,"UserAccessLevel":1,"AccessLevelEx":1}}}}]}