{"MessageId":"95136a7d-365e-4a92-977a-95f3c2bf51c9","MessageType":"ua-data","PublisherId":"DESKTOP-BGFJS91","DataSetWriterGroup":"<<UnknownWriterGroup>>","Messages":[{"MetaDataVersion":{"MajorVersion":1},"MessageType":"ua-event","DataSetWriterName":"<<UnknownDataSet>>","Payload":{"EventId":{"Value":"7EiA5h2E/Eefs0Pl9b8zfQ=="},"EventType":{"Value":{"IdType":1,"Id":"NodeChange"}},"SourceNode":{"Value":{"Id":12911}},"Time":{"Value":"2024-04-27T10:26:04.6577465Z"},"Change":{"Value":{"NodeId":{"Id":12911},"NodeClass":"Variable_2","BrowseName":{"Name":"MaxByteStringLength"},"DisplayName":"MaxByteStringLength","RolePermissions":[],"UserRolePermissions":[],"References":[],"Value":null,"DataType":{"Id":7},"ValueRank":-1,"ArrayDimensions":[],"AccessLevel":1,"UserAccessLevel":1,"AccessLevelEx":1}}}}]}