{"MessageId":"8951bea6-71c7-48df-9cd8-e1c3dffd7684","MessageType":"ua-data","PublisherId":"DESKTOP-BGFJS91","DataSetWriterGroup":"<<UnknownWriterGroup>>","Messages":[{"MetaDataVersion":{"MajorVersion":1},"MessageType":"ua-event","DataSetWriterName":"<<UnknownDataSet>>","Payload":{"EventId":{"Value":"u2rfTJO0tk6teR9A+J724Q=="},"EventType":{"Value":{"IdType":1,"Id":"ReferenceChange"}},"SourceNode":{"Value":{"Id":2268}},"Time":{"Value":"2024-04-27T10:26:04.6603798Z"},"Change":{"Value":{"ReferenceTypeId":{"Id":47},"IsForward":true,"NodeId":{"Id":2997},"BrowseName":{"Name":"AggregateFunctions"},"DisplayName":"AggregateFunctions","NodeClass":"Object_1","TypeDefinition":{"Id":61}}}}}]}