{"MessageId":"38cc4593-afe5-4280-9448-a07a4f25d737","MessageType":"ua-data","PublisherId":"DESKTOP-BGFJS91","DataSetWriterGroup":"<<UnknownWriterGroup>>","Messages":[{"MetaDataVersion":{"MajorVersion":1},"MessageType":"ua-event","DataSetWriterName":"<<UnknownDataSet>>","Payload":{"EventId":{"Value":"ihZnetculU2BGA/8pAQY6A=="},"EventType":{"Value":{"IdType":1,"Id":"ReferenceChange"}},"SourceNode":{"Value":{"Id":2268}},"Time":{"Value":"2024-04-27T10:26:04.6616662Z"},"Change":{"Value":{"ReferenceTypeId":{"Id":47},"IsForward":true,"NodeId":{"Id":15606},"BrowseName":{"Name":"RoleSet"},"DisplayName":"RoleSet","NodeClass":"Object_1","TypeDefinition":{"Id":15607}}}}}]}