{"MessageId":"8fadaf7c-d296-4190-8fb3-cc69604a7645","MessageType":"ua-data","PublisherId":"DESKTOP-BGFJS91","DataSetWriterGroup":"<<UnknownWriterGroup>>","Messages":[{"MetaDataVersion":{"MajorVersion":1},"MessageType":"ua-event","DataSetWriterName":"<<UnknownDataSet>>","Payload":{"EventId":{"Value":"bOWrYe0o6E+MMnbP7nVshA=="},"EventType":{"Value":{"IdType":1,"Id":"ReferenceChange"}},"SourceNode":{"Value":{"Id":85}},"Time":{"Value":"2024-04-27T10:26:04.411271Z"},"Change":{"Value":{"ReferenceTypeId":{"Id":35},"IsForward":true,"NodeId":{"Id":1240,"Namespace":"http://opcfoundation.org/UA/Boiler/"},"BrowseName":{"Name":"Boilers","Uri":"http://opcfoundation.org/UA/Boiler/"},"DisplayName":"Boilers","NodeClass":"Object_1","TypeDefinition":{"Id":61}}}}}]}