{"MessageId":"25d88fa9-3cbf-4f27-9ec8-48d651504d0e","MessageType":"ua-data","PublisherId":"DESKTOP-BGFJS91","DataSetWriterGroup":"<<UnknownWriterGroup>>","Messages":[{"MetaDataVersion":{"MajorVersion":1},"MessageType":"ua-event","DataSetWriterName":"<<UnknownDataSet>>","Payload":{"EventId":{"Value":"MGvWBUp1J06ZRxT8GzFnFw=="},"EventType":{"Value":{"IdType":1,"Id":"NodeChange"}},"SourceNode":{"Value":{"Id":24095}},"Time":{"Value":"2024-04-27T10:26:04.6642065Z"},"Change":{"Value":{"NodeId":{"Id":24095},"NodeClass":"Variable_2","BrowseName":{"Name":"MaxSessions"},"DisplayName":"MaxSessions","RolePermissions":[],"UserRolePermissions":[],"References":[],"Value":null,"DataType":{"Id":7},"ValueRank":-1,"ArrayDimensions":[],"AccessLevel":1,"UserAccessLevel":1,"AccessLevelEx":1}}}}]}