{"MessageId":"b80142d4-8663-4578-b9d7-780d4b18fbd1","MessageType":"ua-data","PublisherId":"DESKTOP-BGFJS91","DataSetWriterGroup":"<<UnknownWriterGroup>>","Messages":[{"MetaDataVersion":{"MajorVersion":1},"MessageType":"ua-event","DataSetWriterName":"<<UnknownDataSet>>","Payload":{"EventId":{"Value":"beSSs6tq3UGEjgtJZkkTdQ=="},"EventType":{"Value":{"IdType":1,"Id":"ReferenceChange"}},"SourceNode":{"Value":{"Id":2268}},"Time":{"Value":"2024-04-27T10:26:04.6696934Z"},"Change":{"Value":{"ReferenceTypeId":{"Id":46},"IsForward":true,"NodeId":{"Id":24099},"BrowseName":{"Name":"MaxSelectClauseParameters"},"DisplayName":"MaxSelectClauseParameters","NodeClass":"Variable_2","TypeDefinition":{"Id":68}}}}}]}