{"MessageId":"74a44db5-677d-4ca8-80c7-17051a415088","MessageType":"ua-data","PublisherId":"DESKTOP-BGFJS91","DataSetWriterGroup":"<<UnknownWriterGroup>>","Messages":[{"MetaDataVersion":{"MajorVersion":1},"MessageType":"ua-event","DataSetWriterName":"<<UnknownDataSet>>","Payload":{"EventId":{"Value":"M4wm3gRrx0qFRdWAyXRYRA=="},"EventType":{"Value":{"IdType":1,"Id":"NodeChange"}},"SourceNode":{"Value":{"Id":24099}},"Time":{"Value":"2024-04-27T10:26:04.6707589Z"},"Change":{"Value":{"NodeId":{"Id":24099},"NodeClass":"Variable_2","BrowseName":{"Name":"MaxSelectClauseParameters"},"DisplayName":"MaxSelectClauseParameters","RolePermissions":[],"UserRolePermissions":[],"References":[],"Value":null,"DataType":{"Id":7},"ValueRank":-1,"ArrayDimensions":[],"AccessLevel":1,"UserAccessLevel":1,"AccessLevelEx":1}}}}]}