{"MessageId":"be679f1f-041d-464b-a8e3-c44b79f6efe0","MessageType":"ua-data","PublisherId":"DESKTOP-BGFJS91","DataSetWriterGroup":"<<UnknownWriterGroup>>","Messages":[{"MetaDataVersion":{"MajorVersion":1},"MessageType":"ua-event","DataSetWriterName":"<<UnknownDataSet>>","Payload":{"EventId":{"Value":"6h9vGsc6hEe5zT40EopIZA=="},"EventType":{"Value":{"IdType":1,"Id":"ReferenceChange"}},"SourceNode":{"Value":{"Id":2268}},"Time":{"Value":"2024-04-27T10:26:04.6722434Z"},"Change":{"Value":{"ReferenceTypeId":{"Id":46},"IsForward":true,"NodeId":{"Id":31916},"BrowseName":{"Name":"MaxMonitoredItemsQueueSize"},"DisplayName":"MaxMonitoredItemsQueueSize","NodeClass":"Variable_2","TypeDefinition":{"Id":68}}}}}]}