{"MessageId":"c7133fec-a1e6-475d-b934-04d28aaeb58b","MessageType":"ua-data","PublisherId":"DESKTOP-BGFJS91","DataSetWriterGroup":"<<UnknownWriterGroup>>","Messages":[{"MetaDataVersion":{"MajorVersion":1},"MessageType":"ua-event","DataSetWriterName":"<<UnknownDataSet>>","Payload":{"EventId":{"Value":"XgPflFLQx0iGaHstIDH4uQ=="},"EventType":{"Value":{"IdType":1,"Id":"ReferenceChange"}},"SourceNode":{"Value":{"Id":2268}},"Time":{"Value":"2024-04-27T10:26:04.6735321Z"},"Change":{"Value":{"ReferenceTypeId":{"Id":46},"IsForward":true,"NodeId":{"Id":24101},"BrowseName":{"Name":"ConformanceUnits"},"DisplayName":"ConformanceUnits","NodeClass":"Variable_2","TypeDefinition":{"Id":68}}}}}]}