{"MessageId":"29c3526f-1bbc-4ed5-b762-b39a30db84c2","MessageType":"ua-data","PublisherId":"DESKTOP-BGFJS91","DataSetWriterGroup":"<<UnknownWriterGroup>>","Messages":[{"MetaDataVersion":{"MajorVersion":1},"MessageType":"ua-event","DataSetWriterName":"<<UnknownDataSet>>","Payload":{"EventId":{"Value":"qUZ7lgs6pUWuljRIr/Kzgw=="},"EventType":{"Value":{"IdType":1,"Id":"ReferenceChange"}},"SourceNode":{"Value":{"Id":2274}},"Time":{"Value":"2024-04-27T10:26:04.6760763Z"},"Change":{"Value":{"ReferenceTypeId":{"Id":47},"IsForward":true,"NodeId":{"Id":3706},"BrowseName":{"Name":"SessionsDiagnosticsSummary"},"DisplayName":"SessionsDiagnosticsSummary","NodeClass":"Object_1","TypeDefinition":{"Id":2026}}}}}]}