{"MessageId":"6c92ec76-a163-44d9-b782-bbcb120ff8d3","MessageType":"ua-data","PublisherId":"DESKTOP-BGFJS91","DataSetWriterGroup":"<<UnknownWriterGroup>>","Messages":[{"MetaDataVersion":{"MajorVersion":1},"MessageType":"ua-event","DataSetWriterName":"<<UnknownDataSet>>","Payload":{"EventId":{"Value":"2T36Lltz0kCIayRopWwigg=="},"EventType":{"Value":{"IdType":1,"Id":"ReferenceChange"}},"SourceNode":{"Value":{"Id":2274}},"Time":{"Value":"2024-04-27T10:26:04.6773146Z"},"Change":{"Value":{"ReferenceTypeId":{"Id":46},"IsForward":true,"NodeId":{"Id":2294},"BrowseName":{"Name":"EnabledFlag"},"DisplayName":"EnabledFlag","NodeClass":"Variable_2","TypeDefinition":{"Id":68}}}}}]}