{"MessageId":"a2c0516b-da58-4445-9e84-ff32d4830916","MessageType":"ua-data","PublisherId":"DESKTOP-BGFJS91","DataSetWriterGroup":"<<UnknownWriterGroup>>","Messages":[{"MetaDataVersion":{"MajorVersion":1},"MessageType":"ua-event","DataSetWriterName":"<<UnknownDataSet>>","Payload":{"EventId":{"Value":"Rq+q114xO0iWD4hlT083wg=="},"EventType":{"Value":{"IdType":1,"Id":"NodeChange"}},"SourceNode":{"Value":{"IdType":1,"Id":"CTT","Namespace":"http://opcfoundation.org/ReferenceApplications"}},"Time":{"Value":"2024-04-27T10:26:04.4158491Z"},"Change":{"Value":{"NodeId":{"IdType":1,"Id":"CTT","Namespace":"http://opcfoundation.org/ReferenceApplications"},"NodeClass":"Object_1","BrowseName":{"Name":"CTT","Uri":"http://opcfoundation.org/ReferenceApplications"},"DisplayName":"CTT","RolePermissions":[],"UserRolePermissions":[],"References":[],"EventNotifier":1}}}}]}