{"MessageId":"f2839ef5-0c48-40d7-b2c3-ffc5ac313fab","MessageType":"ua-data","PublisherId":"DESKTOP-BGFJS91","DataSetWriterGroup":"<<UnknownWriterGroup>>","Messages":[{"MetaDataVersion":{"MajorVersion":1},"MessageType":"ua-event","DataSetWriterName":"<<UnknownDataSet>>","Payload":{"EventId":{"Value":"mA4ZqX6NR0OaKe2HLNSIZw=="},"EventType":{"Value":{"IdType":1,"Id":"NodeChange"}},"SourceNode":{"Value":{"Id":25725}},"Time":{"Value":"2024-04-27T10:26:04.6901948Z"},"Change":{"Value":{"NodeId":{"Id":25725},"NodeClass":"Variable_2","BrowseName":{"Name":"ProductUri"},"DisplayName":"ProductUri","RolePermissions":[],"UserRolePermissions":[],"References":[],"Value":null,"DataType":{"Id":23751},"ValueRank":-1,"ArrayDimensions":[],"AccessLevel":1,"UserAccessLevel":1,"AccessLevelEx":1}}}}]}