{"MessageId":"99ab9a81-c2e4-4791-bdfa-3a7f4cc47bbb","MessageType":"ua-data","PublisherId":"DESKTOP-BGFJS91","DataSetWriterGroup":"<<UnknownWriterGroup>>","Messages":[{"MetaDataVersion":{"MajorVersion":1},"MessageType":"ua-event","DataSetWriterName":"<<UnknownDataSet>>","Payload":{"EventId":{"Value":"qrIR4ZJeUEKPujvVpgO/qQ=="},"EventType":{"Value":{"IdType":1,"Id":"ReferenceChange"}},"SourceNode":{"Value":{"Id":12637}},"Time":{"Value":"2024-04-27T10:26:04.691723Z"},"Change":{"Value":{"ReferenceTypeId":{"Id":46},"IsForward":true,"NodeId":{"Id":12710},"BrowseName":{"Name":"ServerCapabilities"},"DisplayName":"ServerCapabilities","NodeClass":"Variable_2","TypeDefinition":{"Id":68}}}}}]}