{"MessageId":"825268bf-0b20-4a7c-8093-364b3d487b7f","MessageType":"ua-data","PublisherId":"DESKTOP-BGFJS91","DataSetWriterGroup":"<<UnknownWriterGroup>>","Messages":[{"MetaDataVersion":{"MajorVersion":1},"MessageType":"ua-event","DataSetWriterName":"<<UnknownDataSet>>","Payload":{"EventId":{"Value":"gBoOJDAhPUGKP99DMsG0+Q=="},"EventType":{"Value":{"IdType":1,"Id":"ReferenceChange"}},"SourceNode":{"Value":{"Id":12637}},"Time":{"Value":"2024-04-27T10:26:04.6930776Z"},"Change":{"Value":{"ReferenceTypeId":{"Id":46},"IsForward":true,"NodeId":{"Id":12639},"BrowseName":{"Name":"SupportedPrivateKeyFormats"},"DisplayName":"SupportedPrivateKeyFormats","NodeClass":"Variable_2","TypeDefinition":{"Id":68}}}}}]}