{"MessageId":"501d100e-32a4-4b65-a85c-c646ffde45d6","MessageType":"ua-data","PublisherId":"DESKTOP-BGFJS91","DataSetWriterGroup":"<<UnknownWriterGroup>>","Messages":[{"MetaDataVersion":{"MajorVersion":1},"MessageType":"ua-event","DataSetWriterName":"<<UnknownDataSet>>","Payload":{"EventId":{"Value":"IlPmuoBhjEqPM48KYaAIUg=="},"EventType":{"Value":{"IdType":1,"Id":"ReferenceChange"}},"SourceNode":{"Value":{"Id":12637}},"Time":{"Value":"2024-04-27T10:26:04.6945693Z"},"Change":{"Value":{"ReferenceTypeId":{"Id":46},"IsForward":true,"NodeId":{"Id":12640},"BrowseName":{"Name":"MaxTrustListSize"},"DisplayName":"MaxTrustListSize","NodeClass":"Variable_2","TypeDefinition":{"Id":68}}}}}]}