{"MessageId":"b776ada2-d2c5-4b34-9a70-4a7a0c1f17ff","MessageType":"ua-data","PublisherId":"DESKTOP-BGFJS91","DataSetWriterGroup":"<<UnknownWriterGroup>>","Messages":[{"MetaDataVersion":{"MajorVersion":1},"MessageType":"ua-event","DataSetWriterName":"<<UnknownDataSet>>","Payload":{"EventId":{"Value":"s9xrak2H2Uqe+O/xYYgNrg=="},"EventType":{"Value":{"IdType":1,"Id":"NodeChange"}},"SourceNode":{"Value":{"Id":13737}},"Time":{"Value":"2024-04-27T10:26:04.700169Z"},"Change":{"Value":{"NodeId":{"Id":13737},"NodeClass":"Method_4","BrowseName":{"Name":"UpdateCertificate"},"DisplayName":"UpdateCertificate","RolePermissions":[],"UserRolePermissions":[],"References":[],"Executable":true,"UserExecutable":true}}}}]}