{"MessageId":"b4ba7483-97c5-4756-abba-e9f74f0092c8","MessageType":"ua-data","PublisherId":"DESKTOP-BGFJS91","DataSetWriterGroup":"<<UnknownWriterGroup>>","Messages":[{"MetaDataVersion":{"MajorVersion":1},"MessageType":"ua-event","DataSetWriterName":"<<UnknownDataSet>>","Payload":{"EventId":{"Value":"jOVaXj4QiUuVnx2jgOdGwA=="},"EventType":{"Value":{"IdType":1,"Id":"ReferenceChange"}},"SourceNode":{"Value":{"Id":12637}},"Time":{"Value":"2024-04-27T10:26:04.7030844Z"},"Change":{"Value":{"ReferenceTypeId":{"Id":47},"IsForward":true,"NodeId":{"Id":12737},"BrowseName":{"Name":"CreateSigningRequest"},"DisplayName":"CreateSigningRequest","NodeClass":"Method_4","TypeDefinition":{"Id":12731}}}}}]}