{"MessageId":"e176ee94-5b04-4fca-8bcc-6391f01ea8af","MessageType":"ua-data","PublisherId":"DESKTOP-BGFJS91","DataSetWriterGroup":"<<UnknownWriterGroup>>","Messages":[{"MetaDataVersion":{"MajorVersion":1},"MessageType":"ua-event","DataSetWriterName":"<<UnknownDataSet>>","Payload":{"EventId":{"Value":"3NhExLqOJUy8Czo0Zkj3dQ=="},"EventType":{"Value":{"IdType":1,"Id":"NodeChange"}},"SourceNode":{"Value":{"Id":12777}},"Time":{"Value":"2024-04-27T10:26:04.7055946Z"},"Change":{"Value":{"NodeId":{"Id":12777},"NodeClass":"Method_4","BrowseName":{"Name":"GetRejectedList"},"DisplayName":"GetRejectedList","RolePermissions":[],"UserRolePermissions":[],"References":[],"Executable":true,"UserExecutable":true}}}}]}