{"MessageId":"e472c455-38a6-4fe9-8e7b-ca81a5313491","MessageType":"ua-data","PublisherId":"DESKTOP-BGFJS91","DataSetWriterGroup":"<<UnknownWriterGroup>>","Messages":[{"MetaDataVersion":{"MajorVersion":1},"MessageType":"ua-event","DataSetWriterName":"<<UnknownDataSet>>","Payload":{"EventId":{"Value":"iq+M8iHUXUiNOGstsorB4g=="},"EventType":{"Value":{"IdType":1,"Id":"NodeChange"}},"SourceNode":{"Value":{"Id":18155}},"Time":{"Value":"2024-04-27T10:26:04.7095119Z"},"Change":{"Value":{"NodeId":{"Id":18155},"NodeClass":"Object_1","BrowseName":{"Name":"KeyCredentialConfiguration"},"DisplayName":"KeyCredentialConfiguration","RolePermissions":[],"UserRolePermissions":[],"References":[]}}}}]}