{"MessageId":"d6b1cd0a-2e0b-4ae2-9799-e929a2b0a269","MessageType":"ua-data","PublisherId":"DESKTOP-BGFJS91","DataSetWriterGroup":"<<UnknownWriterGroup>>","Messages":[{"MetaDataVersion":{"MajorVersion":1},"MessageType":"ua-event","DataSetWriterName":"<<UnknownDataSet>>","Payload":{"EventId":{"Value":"IKoGo2qxyESHy99L2/DQSg=="},"EventType":{"Value":{"IdType":1,"Id":"ReferenceChange"}},"SourceNode":{"Value":{"Id":32637}},"Time":{"Value":"2024-04-27T10:26:04.7140537Z"},"Change":{"Value":{"ReferenceTypeId":{"Id":46},"IsForward":true,"NodeId":{"Id":32644},"BrowseName":{"Name":"Stepped"},"DisplayName":"Stepped","NodeClass":"Variable_2","TypeDefinition":{"Id":68}}}}}]}