{"MessageId":"b2ab1c18-c89e-4935-b2ad-6a58f4805223","MessageType":"ua-data","PublisherId":"DESKTOP-BGFJS91","DataSetWriterGroup":"<<UnknownWriterGroup>>","Messages":[{"MetaDataVersion":{"MajorVersion":1},"MessageType":"ua-event","DataSetWriterName":"<<UnknownDataSet>>","Payload":{"EventId":{"Value":"Fz4Ffk/AXUSWy0GMiOgpmQ=="},"EventType":{"Value":{"IdType":1,"Id":"NodeChange"}},"SourceNode":{"Value":{"Id":32644}},"Time":{"Value":"2024-04-27T10:26:04.7152461Z"},"Change":{"Value":{"NodeId":{"Id":32644},"NodeClass":"Variable_2","BrowseName":{"Name":"Stepped"},"DisplayName":"Stepped","RolePermissions":[],"UserRolePermissions":[],"References":[],"Value":null,"DataType":{"Id":1},"ValueRank":-1,"ArrayDimensions":[],"AccessLevel":1,"UserAccessLevel":1,"AccessLevelEx":1}}}}]}