{"MessageId":"bc35f862-9726-4825-9f81-d7125ea4614d","MessageType":"ua-data","PublisherId":"DESKTOP-BGFJS91","DataSetWriterGroup":"<<UnknownWriterGroup>>","Messages":[{"MetaDataVersion":{"MajorVersion":1},"MessageType":"ua-event","DataSetWriterName":"<<UnknownDataSet>>","Payload":{"EventId":{"Value":"sUKxlS/9z0u2+/ozvkgiJQ=="},"EventType":{"Value":{"IdType":1,"Id":"ReferenceChange"}},"SourceNode":{"Value":{"Id":32637}},"Time":{"Value":"2024-04-27T10:26:04.7154465Z"},"Change":{"Value":{"ReferenceTypeId":{"Id":46},"IsForward":true,"NodeId":{"Id":32645},"BrowseName":{"Name":"Definition"},"DisplayName":"Definition","NodeClass":"Variable_2","TypeDefinition":{"Id":68}}}}}]}