{"MessageId":"92808fa7-f3b7-430c-95e5-a235d207bc5d","MessageType":"ua-data","PublisherId":"DESKTOP-BGFJS91","DataSetWriterGroup":"<<UnknownWriterGroup>>","Messages":[{"MetaDataVersion":{"MajorVersion":1},"MessageType":"ua-event","DataSetWriterName":"<<UnknownDataSet>>","Payload":{"EventId":{"Value":"lBegdWXKzkGwRC3d1B1Wfw=="},"EventType":{"Value":{"IdType":1,"Id":"NodeChange"}},"SourceNode":{"Value":{"Id":32645}},"Time":{"Value":"2024-04-27T10:26:04.7166798Z"},"Change":{"Value":{"NodeId":{"Id":32645},"NodeClass":"Variable_2","BrowseName":{"Name":"Definition"},"DisplayName":"Definition","RolePermissions":[],"UserRolePermissions":[],"References":[],"Value":null,"DataType":{"Id":12},"ValueRank":-1,"ArrayDimensions":[],"AccessLevel":1,"UserAccessLevel":1,"AccessLevelEx":1}}}}]}