{"MessageId":"9ed89c98-8197-4c43-aa70-667c263fdbc1","MessageType":"ua-data","PublisherId":"DESKTOP-BGFJS91","DataSetWriterGroup":"<<UnknownWriterGroup>>","Messages":[{"MetaDataVersion":{"MajorVersion":1},"MessageType":"ua-event","DataSetWriterName":"<<UnknownDataSet>>","Payload":{"EventId":{"Value":"r19puMknHESdT044XRHbUw=="},"EventType":{"Value":{"IdType":1,"Id":"ReferenceChange"}},"SourceNode":{"Value":{"Id":85}},"Time":{"Value":"2024-04-27T10:26:04.4197425Z"},"Change":{"Value":{"ReferenceTypeId":{"Id":35},"IsForward":true,"NodeId":{"IdType":1,"Id":"0:Factory","Namespace":"DataAccess"},"BrowseName":{"Name":"Factory","Uri":"DataAccess"},"DisplayName":"Factory","NodeClass":"Object_1","TypeDefinition":{"Id":61}}}}}]}