{"MessageId":"5edcb2ca-fdec-4773-9a7e-8a391fbdeaa8","MessageType":"ua-data","PublisherId":"DESKTOP-BGFJS91","DataSetWriterGroup":"<<UnknownWriterGroup>>","Messages":[{"MetaDataVersion":{"MajorVersion":1},"MessageType":"ua-event","DataSetWriterName":"<<UnknownDataSet>>","Payload":{"EventId":{"Value":"nZLmKc7klk6n0TLyFQs2Qg=="},"EventType":{"Value":{"IdType":1,"Id":"NodeChange"}},"SourceNode":{"Value":{"Id":32682}},"Time":{"Value":"2024-04-27T10:26:04.7266185Z"},"Change":{"Value":{"NodeId":{"Id":32682},"NodeClass":"Variable_2","BrowseName":{"Name":"ServerTimestampSupported"},"DisplayName":"ServerTimestampSupported","RolePermissions":[],"UserRolePermissions":[],"References":[],"Value":null,"DataType":{"Id":1},"ValueRank":-1,"ArrayDimensions":[],"AccessLevel":1,"UserAccessLevel":1,"AccessLevelEx":1}}}}]}