{"MessageId":"821ceaae-38f3-490b-8e3c-a5c7902dc607","MessageType":"ua-data","PublisherId":"DESKTOP-BGFJS91","DataSetWriterGroup":"<<UnknownWriterGroup>>","Messages":[{"MetaDataVersion":{"MajorVersion":1},"MessageType":"ua-event","DataSetWriterName":"<<UnknownDataSet>>","Payload":{"EventId":{"Value":"xKkMULnPukC/rfsOe2zTZA=="},"EventType":{"Value":{"IdType":1,"Id":"NodeChange"}},"SourceNode":{"Value":{"Id":32752}},"Time":{"Value":"2024-04-27T10:26:04.7281337Z"},"Change":{"Value":{"NodeId":{"Id":32752},"NodeClass":"Variable_2","BrowseName":{"Name":"MaxTimeStoredValues"},"DisplayName":"MaxTimeStoredValues","RolePermissions":[],"UserRolePermissions":[],"References":[],"Value":null,"DataType":{"Id":290},"ValueRank":-1,"ArrayDimensions":[],"AccessLevel":1,"UserAccessLevel":1,"AccessLevelEx":1}}}}]}