{"MessageId":"967b8255-092f-4d6e-ac7f-ebc0ba341111","MessageType":"ua-data","PublisherId":"DESKTOP-BGFJS91","DataSetWriterGroup":"<<UnknownWriterGroup>>","Messages":[{"MetaDataVersion":{"MajorVersion":1},"MessageType":"ua-event","DataSetWriterName":"<<UnknownDataSet>>","Payload":{"EventId":{"Value":"VlGiafVy3ESxbt7N3/e/CQ=="},"EventType":{"Value":{"IdType":1,"Id":"ReferenceChange"}},"SourceNode":{"Value":{"Id":32637}},"Time":{"Value":"2024-04-27T10:26:04.7283409Z"},"Change":{"Value":{"ReferenceTypeId":{"Id":46},"IsForward":true,"NodeId":{"Id":32753},"BrowseName":{"Name":"MaxCountStoredValues"},"DisplayName":"MaxCountStoredValues","NodeClass":"Variable_2","TypeDefinition":{"Id":68}}}}}]}