{"MessageId":"9d057617-7dd0-44c9-8213-353b47f05723","MessageType":"ua-data","PublisherId":"DESKTOP-BGFJS91","DataSetWriterGroup":"<<UnknownWriterGroup>>","Messages":[{"MetaDataVersion":{"MajorVersion":1},"MessageType":"ua-event","DataSetWriterName":"<<UnknownDataSet>>","Payload":{"EventId":{"Value":"gKYoQsd9MEO19eq+6iTE+Q=="},"EventType":{"Value":{"IdType":1,"Id":"NodeChange"}},"SourceNode":{"Value":{"Id":32753}},"Time":{"Value":"2024-04-27T10:26:04.7296077Z"},"Change":{"Value":{"NodeId":{"Id":32753},"NodeClass":"Variable_2","BrowseName":{"Name":"MaxCountStoredValues"},"DisplayName":"MaxCountStoredValues","RolePermissions":[],"UserRolePermissions":[],"References":[],"Value":null,"DataType":{"Id":7},"ValueRank":-1,"ArrayDimensions":[],"AccessLevel":1,"UserAccessLevel":1,"AccessLevelEx":1}}}}]}