{"MessageId":"72322c4a-2194-4369-a8cd-f8ec286fe067","MessageType":"ua-data","PublisherId":"DESKTOP-BGFJS91","DataSetWriterGroup":"<<UnknownWriterGroup>>","Messages":[{"MetaDataVersion":{"MajorVersion":1},"MessageType":"ua-event","DataSetWriterName":"<<UnknownDataSet>>","Payload":{"EventId":{"Value":"QRdA6JWXR0eV8GuuR5LRNg=="},"EventType":{"Value":{"IdType":1,"Id":"ReferenceChange"}},"SourceNode":{"Value":{"Id":32754}},"Time":{"Value":"2024-04-27T10:26:04.7297925Z"},"Change":{"Value":{"ReferenceTypeId":{"Id":47},"IsForward":true,"NodeId":{"Id":32755},"BrowseName":{"Name":"EventTypes"},"DisplayName":"EventTypes","NodeClass":"Object_1","TypeDefinition":{"Id":61}}}}}]}