{"MessageId":"3bf00cd7-513d-4901-a9f3-e9e1babd555a","MessageType":"ua-data","PublisherId":"DESKTOP-BGFJS91","DataSetWriterGroup":"<<UnknownWriterGroup>>","Messages":[{"MetaDataVersion":{"MajorVersion":1},"MessageType":"ua-event","DataSetWriterName":"<<UnknownDataSet>>","Payload":{"EventId":{"Value":"jFB4MW230EKTcpdbb9v/ng=="},"EventType":{"Value":{"IdType":1,"Id":"NodeChange"}},"SourceNode":{"Value":{"Id":32756}},"Time":{"Value":"2024-04-27T10:26:04.7323676Z"},"Change":{"Value":{"NodeId":{"Id":32756},"NodeClass":"Variable_2","BrowseName":{"Name":"StartOfArchive"},"DisplayName":"StartOfArchive","RolePermissions":[],"UserRolePermissions":[],"References":[],"Value":null,"DataType":{"Id":294},"ValueRank":-1,"ArrayDimensions":[],"AccessLevel":1,"UserAccessLevel":1,"AccessLevelEx":1}}}}]}