{"MessageId":"5d247837-98b4-42c8-a234-d6b4dabc4a86","MessageType":"ua-data","PublisherId":"DESKTOP-BGFJS91","DataSetWriterGroup":"<<UnknownWriterGroup>>","Messages":[{"MetaDataVersion":{"MajorVersion":1},"MessageType":"ua-event","DataSetWriterName":"<<UnknownDataSet>>","Payload":{"EventId":{"Value":"ZB7ScdpIDkKF6+RKde9MmA=="},"EventType":{"Value":{"IdType":1,"Id":"ReferenceChange"}},"SourceNode":{"Value":{"Id":32754}},"Time":{"Value":"2024-04-27T10:26:04.7325501Z"},"Change":{"Value":{"ReferenceTypeId":{"Id":46},"IsForward":true,"NodeId":{"Id":32757},"BrowseName":{"Name":"StartOfOnlineArchive"},"DisplayName":"StartOfOnlineArchive","NodeClass":"Variable_2","TypeDefinition":{"Id":68}}}}}]}