{"MessageId":"56c3a5d4-4a5b-445a-993e-eefbcd0ad0df","MessageType":"ua-data","PublisherId":"DESKTOP-BGFJS91","DataSetWriterGroup":"<<UnknownWriterGroup>>","Messages":[{"MetaDataVersion":{"MajorVersion":1},"MessageType":"ua-event","DataSetWriterName":"<<UnknownDataSet>>","Payload":{"EventId":{"Value":"9vamc5CKPEufLh9cOPGUcw=="},"EventType":{"Value":{"IdType":1,"Id":"ReferenceChange"}},"SourceNode":{"Value":{"Id":14443}},"Time":{"Value":"2024-04-27T10:26:04.7351884Z"},"Change":{"Value":{"ReferenceTypeId":{"Id":47},"IsForward":true,"NodeId":{"Id":15440},"BrowseName":{"Name":"GetSecurityGroup"},"DisplayName":"GetSecurityGroup","NodeClass":"Method_4","TypeDefinition":{"Id":15910}}}}}]}