{"MessageId":"479a8b01-55e6-48d6-ad94-e1800f090118","MessageType":"ua-data","PublisherId":"DESKTOP-BGFJS91","DataSetWriterGroup":"<<UnknownWriterGroup>>","Messages":[{"MetaDataVersion":{"MajorVersion":1},"MessageType":"ua-event","DataSetWriterName":"<<UnknownDataSet>>","Payload":{"EventId":{"Value":"zuD/bLasekmVMVKXhbSjKg=="},"EventType":{"Value":{"IdType":1,"Id":"NodeChange"}},"SourceNode":{"Value":{"IdType":1,"Id":"0:TestData","Namespace":"DataAccess"}},"Time":{"Value":"2024-04-27T10:26:04.4359356Z"},"Change":{"Value":{"NodeId":{"IdType":1,"Id":"0:TestData","Namespace":"DataAccess"},"NodeClass":"Object_1","BrowseName":{"Name":"TestData","Uri":"DataAccess"},"DisplayName":"TestData","RolePermissions":[],"UserRolePermissions":[],"References":[]}}}}]}