{"MessageId":"012b3e0b-4c8b-451d-86a7-b9f3aae5734f","MessageType":"ua-data","PublisherId":"DESKTOP-BGFJS91","DataSetWriterGroup":"<<UnknownWriterGroup>>","Messages":[{"MetaDataVersion":{"MajorVersion":1},"MessageType":"ua-event","DataSetWriterName":"<<UnknownDataSet>>","Payload":{"EventId":{"Value":"3kP7GbHDaE61GqnAIOvrPw=="},"EventType":{"Value":{"IdType":1,"Id":"ReferenceChange"}},"SourceNode":{"Value":{"Id":14443}},"Time":{"Value":"2024-04-27T10:26:04.7406718Z"},"Change":{"Value":{"ReferenceTypeId":{"Id":47},"IsForward":true,"NodeId":{"Id":17366},"BrowseName":{"Name":"AddConnection"},"DisplayName":"AddConnection","NodeClass":"Method_4","TypeDefinition":{"Id":16598}}}}}]}