{"MessageId":"5b2e9f9d-e11f-4e27-9fb1-874d0561c00f","MessageType":"ua-data","PublisherId":"DESKTOP-BGFJS91","DataSetWriterGroup":"<<UnknownWriterGroup>>","Messages":[{"MetaDataVersion":{"MajorVersion":1},"MessageType":"ua-event","DataSetWriterName":"<<UnknownDataSet>>","Payload":{"EventId":{"Value":"POZuNQOIkUSO+WZWh8SlLg=="},"EventType":{"Value":{"IdType":1,"Id":"NodeChange"}},"SourceNode":{"Value":{"Id":17369}},"Time":{"Value":"2024-04-27T10:26:04.7435348Z"},"Change":{"Value":{"NodeId":{"Id":17369},"NodeClass":"Method_4","BrowseName":{"Name":"RemoveConnection"},"DisplayName":"RemoveConnection","RolePermissions":[],"UserRolePermissions":[],"References":[],"Executable":true,"UserExecutable":true}}}}]}