{"MessageId":"0decc3b1-6d65-4fdb-b828-6c15a3adb6f6","MessageType":"ua-data","PublisherId":"DESKTOP-BGFJS91","DataSetWriterGroup":"<<UnknownWriterGroup>>","Messages":[{"MetaDataVersion":{"MajorVersion":1},"MessageType":"ua-event","DataSetWriterName":"<<UnknownDataSet>>","Payload":{"EventId":{"Value":"2uDIABU6+E6RdpUcwMk/gA=="},"EventType":{"Value":{"IdType":1,"Id":"ReferenceChange"}},"SourceNode":{"Value":{"Id":14443}},"Time":{"Value":"2024-04-27T10:26:04.7437416Z"},"Change":{"Value":{"ReferenceTypeId":{"Id":47},"IsForward":true,"NodeId":{"Id":17371},"BrowseName":{"Name":"PublishedDataSets"},"DisplayName":"PublishedDataSets","NodeClass":"Object_1","TypeDefinition":{"Id":14477}}}}}]}