{"MessageId":"972e34be-e052-46f9-bdc8-7a7dd46a04f3","MessageType":"ua-data","PublisherId":"DESKTOP-BGFJS91","DataSetWriterGroup":"<<UnknownWriterGroup>>","Messages":[{"MetaDataVersion":{"MajorVersion":1},"MessageType":"ua-event","DataSetWriterName":"<<UnknownDataSet>>","Payload":{"EventId":{"Value":"3Z2AtZT+pUi6TdQXrk4u+w=="},"EventType":{"Value":{"IdType":1,"Id":"NodeChange"}},"SourceNode":{"Value":{"Id":17371}},"Time":{"Value":"2024-04-27T10:26:04.744915Z"},"Change":{"Value":{"NodeId":{"Id":17371},"NodeClass":"Object_1","BrowseName":{"Name":"PublishedDataSets"},"DisplayName":"PublishedDataSets","RolePermissions":[],"UserRolePermissions":[],"References":[]}}}}]}