{"MessageId":"1eaf9df8-caa8-45b8-a205-ddeeee11d3ef","MessageType":"ua-data","PublisherId":"DESKTOP-BGFJS91","DataSetWriterGroup":"<<UnknownWriterGroup>>","Messages":[{"MetaDataVersion":{"MajorVersion":1},"MessageType":"ua-event","DataSetWriterName":"<<UnknownDataSet>>","Payload":{"EventId":{"Value":"bsUBKoST/EOFRxTKtO8pRw=="},"EventType":{"Value":{"IdType":1,"Id":"NodeChange"}},"SourceNode":{"Value":{"Id":23658}},"Time":{"Value":"2024-04-27T10:26:04.7462961Z"},"Change":{"Value":{"NodeId":{"Id":23658},"NodeClass":"Object_1","BrowseName":{"Name":"SubscribedDataSets"},"DisplayName":"SubscribedDataSets","RolePermissions":[],"UserRolePermissions":[],"References":[]}}}}]}