{"MessageId":"d77f64a1-26b0-48f0-8351-8b22cd5f1a5d","MessageType":"ua-data","PublisherId":"DESKTOP-BGFJS91","DataSetWriterGroup":"<<UnknownWriterGroup>>","Messages":[{"MetaDataVersion":{"MajorVersion":1},"MessageType":"ua-event","DataSetWriterName":"<<UnknownDataSet>>","Payload":{"EventId":{"Value":"HA9Z3OwR+EySkDZJJZ7mpw=="},"EventType":{"Value":{"IdType":1,"Id":"ReferenceChange"}},"SourceNode":{"Value":{"Id":14443}},"Time":{"Value":"2024-04-27T10:26:04.7464901Z"},"Change":{"Value":{"ReferenceTypeId":{"Id":47},"IsForward":true,"NodeId":{"Id":25451},"BrowseName":{"Name":"PubSubConfiguration"},"DisplayName":"PubSubConfiguration","NodeClass":"Object_1","TypeDefinition":{"Id":25482}}}}}]}