{"MessageId":"734b27b1-48a9-4496-9abf-00dabc10e594","MessageType":"ua-data","PublisherId":"DESKTOP-BGFJS91","DataSetWriterGroup":"<<UnknownWriterGroup>>","Messages":[{"MetaDataVersion":{"MajorVersion":1},"MessageType":"ua-event","DataSetWriterName":"<<UnknownDataSet>>","Payload":{"EventId":{"Value":"CzW2KV93g0CUsO3ynmVmUg=="},"EventType":{"Value":{"IdType":1,"Id":"ReferenceChange"}},"SourceNode":{"Value":{"Id":14443}},"Time":{"Value":"2024-04-27T10:26:04.7479803Z"},"Change":{"Value":{"ReferenceTypeId":{"Id":47},"IsForward":true,"NodeId":{"Id":17405},"BrowseName":{"Name":"Status"},"DisplayName":"Status","NodeClass":"Object_1","TypeDefinition":{"Id":14643}}}}}]}