{"MessageId":"1158740e-1a48-40bb-b623-6fd3c199daef","MessageType":"ua-data","PublisherId":"DESKTOP-BGFJS91","DataSetWriterGroup":"<<UnknownWriterGroup>>","Messages":[{"MetaDataVersion":{"MajorVersion":1},"MessageType":"ua-event","DataSetWriterName":"<<UnknownDataSet>>","Payload":{"EventId":{"Value":"VKMvZVcOb0auEwWLtR2f5Q=="},"EventType":{"Value":{"IdType":1,"Id":"NodeChange"}},"SourceNode":{"Value":{"Id":17481}},"Time":{"Value":"2024-04-27T10:26:04.7550132Z"},"Change":{"Value":{"NodeId":{"Id":17481},"NodeClass":"Variable_2","BrowseName":{"Name":"SupportedTransportProfiles"},"DisplayName":"SupportedTransportProfiles","RolePermissions":[],"UserRolePermissions":[],"References":[],"Value":null,"DataType":{"Id":12},"ValueRank":1,"ArrayDimensions":[0],"AccessLevel":1,"UserAccessLevel":1,"AccessLevelEx":1}}}}]}