{"MessageId":"8bca8ae8-1992-44a6-8f03-eccb7f610049","MessageType":"ua-data","PublisherId":"DESKTOP-BGFJS91","DataSetWriterGroup":"<<UnknownWriterGroup>>","Messages":[{"MetaDataVersion":{"MajorVersion":1},"MessageType":"ua-event","DataSetWriterName":"<<UnknownDataSet>>","Payload":{"EventId":{"Value":"n4yedhvCQk6aD1+mN1vxAA=="},"EventType":{"Value":{"IdType":1,"Id":"ReferenceChange"}},"SourceNode":{"Value":{"Id":14443}},"Time":{"Value":"2024-04-27T10:26:04.7565427Z"},"Change":{"Value":{"ReferenceTypeId":{"Id":46},"IsForward":true,"NodeId":{"Id":25481},"BrowseName":{"Name":"ConfigurationVersion"},"DisplayName":"ConfigurationVersion","NodeClass":"Variable_2","TypeDefinition":{"Id":68}}}}}]}