{"MessageId":"13f4d2fb-d622-446c-97ae-6cc0823d8311","MessageType":"ua-data","PublisherId":"DESKTOP-BGFJS91","DataSetWriterGroup":"<<UnknownWriterGroup>>","Messages":[{"MetaDataVersion":{"MajorVersion":1},"MessageType":"ua-event","DataSetWriterName":"<<UnknownDataSet>>","Payload":{"EventId":{"Value":"Ix/pxQiqNEODo94W2/CsYg=="},"EventType":{"Value":{"IdType":1,"Id":"NodeChange"}},"SourceNode":{"Value":{"Id":25481}},"Time":{"Value":"2024-04-27T10:26:04.757684Z"},"Change":{"Value":{"NodeId":{"Id":25481},"NodeClass":"Variable_2","BrowseName":{"Name":"ConfigurationVersion"},"DisplayName":"ConfigurationVersion","RolePermissions":[],"UserRolePermissions":[],"References":[],"Value":null,"DataType":{"Id":20998},"ValueRank":-1,"ArrayDimensions":[],"AccessLevel":1,"UserAccessLevel":1,"AccessLevelEx":1}}}}]}