{"MessageId":"34f14e76-a963-4656-88eb-654c6b7b0f01","MessageType":"ua-data","PublisherId":"DESKTOP-BGFJS91","DataSetWriterGroup":"<<UnknownWriterGroup>>","Messages":[{"MetaDataVersion":{"MajorVersion":1},"MessageType":"ua-event","DataSetWriterName":"<<UnknownDataSet>>","Payload":{"EventId":{"Value":"89G1EdCP3EmC+S61Uw3OTg=="},"EventType":{"Value":{"IdType":1,"Id":"ReferenceChange"}},"SourceNode":{"Value":{"Id":14443}},"Time":{"Value":"2024-04-27T10:26:04.7578595Z"},"Change":{"Value":{"ReferenceTypeId":{"Id":46},"IsForward":true,"NodeId":{"Id":32403},"BrowseName":{"Name":"DefaultSecurityKeyServices"},"DisplayName":"DefaultSecurityKeyServices","NodeClass":"Variable_2","TypeDefinition":{"Id":68}}}}}]}