{"MessageId":"4362a4e6-0d85-4437-84fe-5a234bf92bdb","MessageType":"ua-data","PublisherId":"DESKTOP-BGFJS91","DataSetWriterGroup":"<<UnknownWriterGroup>>","Messages":[{"MetaDataVersion":{"MajorVersion":1},"MessageType":"ua-event","DataSetWriterName":"<<UnknownDataSet>>","Payload":{"EventId":{"Value":"/HH6o62zr0yN2CHJuf4qsA=="},"EventType":{"Value":{"IdType":1,"Id":"NodeChange"}},"SourceNode":{"Value":{"Id":32403}},"Time":{"Value":"2024-04-27T10:26:04.7590008Z"},"Change":{"Value":{"NodeId":{"Id":32403},"NodeClass":"Variable_2","BrowseName":{"Name":"DefaultSecurityKeyServices"},"DisplayName":"DefaultSecurityKeyServices","RolePermissions":[],"UserRolePermissions":[],"References":[],"Value":null,"DataType":{"Id":312},"ValueRank":1,"ArrayDimensions":[0],"AccessLevel":1,"UserAccessLevel":1,"AccessLevelEx":1}}}}]}