{"MessageId":"d4fb2101-c3cf-4ed8-9f7d-02b608758269","MessageType":"ua-data","PublisherId":"DESKTOP-BGFJS91","DataSetWriterGroup":"<<UnknownWriterGroup>>","Messages":[{"MetaDataVersion":{"MajorVersion":1},"MessageType":"ua-event","DataSetWriterName":"<<UnknownDataSet>>","Payload":{"EventId":{"Value":"uonzgtV2k0uRJzqCsghi4Q=="},"EventType":{"Value":{"IdType":1,"Id":"NodeChange"}},"SourceNode":{"Value":{"Id":24227}},"Time":{"Value":"2024-04-27T10:26:04.7616588Z"},"Change":{"Value":{"NodeId":{"Id":24227},"NodeClass":"Object_1","BrowseName":{"Name":"Communication"},"DisplayName":"Communication","RolePermissions":[],"UserRolePermissions":[],"References":[]}}}}]}