{"MessageId":"c00c6c07-9f76-48a9-b7cb-c1507242048a","MessageType":"ua-data","PublisherId":"DESKTOP-BGFJS91","DataSetWriterGroup":"<<UnknownWriterGroup>>","Messages":[{"MetaDataVersion":{"MajorVersion":1},"MessageType":"ua-event","DataSetWriterName":"<<UnknownDataSet>>","Payload":{"EventId":{"Value":"Z3joO/b600SceLYobfujLQ=="},"EventType":{"Value":{"IdType":1,"Id":"ReferenceChange"}},"SourceNode":{"Value":{"Id":24226}},"Time":{"Value":"2024-04-27T10:26:04.7618298Z"},"Change":{"Value":{"ReferenceTypeId":{"Id":35},"IsForward":true,"NodeId":{"Id":29878},"BrowseName":{"Name":"ProvisionableDevice"},"DisplayName":"ProvisionableDevice","NodeClass":"Object_1","TypeDefinition":{"Id":26871}}}}}]}