{"MessageId":"96b0be77-e0fa-4cd4-ac5e-7985aa067d80","MessageType":"ua-data","PublisherId":"DESKTOP-BGFJS91","DataSetWriterGroup":"<<UnknownWriterGroup>>","Messages":[{"MetaDataVersion":{"MajorVersion":1},"MessageType":"ua-event","DataSetWriterName":"<<UnknownDataSet>>","Payload":{"EventId":{"Value":"0NcTADJ3rUSrXQXZY3/wrw=="},"EventType":{"Value":{"IdType":1,"Id":"ReferenceChange"}},"SourceNode":{"Value":{"IdType":1,"Id":"0:/Green","Namespace":"http://opcfoundation.org/AlarmCondition"}},"Time":{"Value":"2024-04-27T10:26:04.7632198Z"},"Change":{"Value":{"ReferenceTypeId":{"Id":48},"IsForward":true,"NodeId":{"IdType":1,"Id":"0:Green/East","Namespace":"http://opcfoundation.org/AlarmCondition"},"BrowseName":{"Name":"East","Uri":"http://opcfoundation.org/AlarmCondition"},"DisplayName":"East","NodeClass":"Object_1","TypeDefinition":{"Id":61}}}}}]}