{"MessageId":"93dabfc7-6704-4c95-a60f-eac5313d0d7f","MessageType":"ua-data","PublisherId":"DESKTOP-BGFJS91","DataSetWriterGroup":"<<UnknownWriterGroup>>","Messages":[{"MetaDataVersion":{"MajorVersion":1},"MessageType":"ua-event","DataSetWriterName":"<<UnknownDataSet>>","Payload":{"EventId":{"Value":"RllnkSuN6U6Pzmov7Rxqiw=="},"EventType":{"Value":{"IdType":1,"Id":"NodeChange"}},"SourceNode":{"Value":{"Id":10243,"Namespace":"http://test.org/UA/Data/"}},"Time":{"Value":"2024-04-27T10:26:04.7737099Z"},"Change":{"Value":{"NodeId":{"Id":10243,"Namespace":"http://test.org/UA/Data/"},"NodeClass":"Object_1","BrowseName":{"Name":"Array","Uri":"http://test.org/UA/Data/"},"DisplayName":"Array","RolePermissions":[],"UserRolePermissions":[],"References":[]}}}}]}