{"MessageId":"e91b1d20-1f77-428c-9b92-c4eea469ecdf","MessageType":"ua-data","PublisherId":"DESKTOP-BGFJS91","DataSetWriterGroup":"<<UnknownWriterGroup>>","Messages":[{"MetaDataVersion":{"MajorVersion":1},"MessageType":"ua-event","DataSetWriterName":"<<UnknownDataSet>>","Payload":{"EventId":{"Value":"tAXu2ckcJkSUAtL/QBWCxA=="},"EventType":{"Value":{"IdType":1,"Id":"ReferenceChange"}},"SourceNode":{"Value":{"Id":10158,"Namespace":"http://test.org/UA/Data/"}},"Time":{"Value":"2024-04-27T10:26:04.7738825Z"},"Change":{"Value":{"ReferenceTypeId":{"Id":47},"IsForward":true,"NodeId":{"Id":10327,"Namespace":"http://test.org/UA/Data/"},"BrowseName":{"Name":"UserScalar","Uri":"http://test.org/UA/Data/"},"DisplayName":"UserScalar","NodeClass":"Object_1","TypeDefinition":{"Id":9921,"Namespace":"http://test.org/UA/Data/"}}}}}]}