{"MessageId":"2c9fb7fc-8e0f-4bd2-90ff-47db93e41540","MessageType":"ua-data","PublisherId":"DESKTOP-BGFJS91","DataSetWriterGroup":"<<UnknownWriterGroup>>","Messages":[{"MetaDataVersion":{"MajorVersion":1},"MessageType":"ua-event","DataSetWriterName":"<<UnknownDataSet>>","Payload":{"EventId":{"Value":"xHDNa6v0IUOzGWKd/Fmxow=="},"EventType":{"Value":{"IdType":1,"Id":"NodeChange"}},"SourceNode":{"Value":{"Id":10406,"Namespace":"http://test.org/UA/Data/"}},"Time":{"Value":"2024-04-27T10:26:04.7763524Z"},"Change":{"Value":{"NodeId":{"Id":10406,"Namespace":"http://test.org/UA/Data/"},"NodeClass":"Object_1","BrowseName":{"Name":"UserArray","Uri":"http://test.org/UA/Data/"},"DisplayName":"UserArray","RolePermissions":[],"UserRolePermissions":[],"References":[]}}}}]}