{"MessageId":"e70f082d-8159-4f87-bc42-ec04a72f8da8","MessageType":"ua-data","PublisherId":"DESKTOP-BGFJS91","DataSetWriterGroup":"<<UnknownWriterGroup>>","Messages":[{"MetaDataVersion":{"MajorVersion":1},"MessageType":"ua-event","DataSetWriterName":"<<UnknownDataSet>>","Payload":{"EventId":{"Value":"V4LtidUNZEqqiPfg7zDx/w=="},"EventType":{"Value":{"IdType":1,"Id":"ReferenceChange"}},"SourceNode":{"Value":{"Id":10158,"Namespace":"http://test.org/UA/Data/"}},"Time":{"Value":"2024-04-27T10:26:04.7791494Z"},"Change":{"Value":{"ReferenceTypeId":{"Id":47},"IsForward":true,"NodeId":{"Id":10755,"Namespace":"http://test.org/UA/Data/"},"BrowseName":{"Name":"MethodTest","Uri":"http://test.org/UA/Data/"},"DisplayName":"MethodTest","NodeClass":"Object_1","TypeDefinition":{"Id":10092,"Namespace":"http://test.org/UA/Data/"}}}}}]}