{"MessageId":"b0585cfc-dcd3-4982-a4b5-e6d8a75bc7f4","MessageType":"ua-data","PublisherId":"DESKTOP-BGFJS91","DataSetWriterGroup":"<<UnknownWriterGroup>>","Messages":[{"MetaDataVersion":{"MajorVersion":1},"MessageType":"ua-event","DataSetWriterName":"<<UnknownDataSet>>","Payload":{"EventId":{"Value":"EqQ8LSBkiku9QKFOnC1KwA=="},"EventType":{"Value":{"IdType":1,"Id":"NodeChange"}},"SourceNode":{"Value":{"Id":11034,"Namespace":"http://test.org/UA/Data/"}},"Time":{"Value":"2024-04-27T10:26:04.7879944Z"},"Change":{"Value":{"NodeId":{"Id":11034,"Namespace":"http://test.org/UA/Data/"},"NodeClass":"Object_1","BrowseName":{"Name":"UserArray","Uri":"http://test.org/UA/Data/"},"DisplayName":"UserArray","RolePermissions":[],"UserRolePermissions":[],"References":[]}}}}]}