{"MessageId":"8a0a77fd-9589-40cb-bd6f-35092f7657bc","MessageType":"ua-data","PublisherId":"DESKTOP-BGFJS91","DataSetWriterGroup":"<<UnknownWriterGroup>>","Messages":[{"MetaDataVersion":{"MajorVersion":1},"MessageType":"ua-event","DataSetWriterName":"<<UnknownDataSet>>","Payload":{"EventId":{"Value":"XUXHIqKXE0SXI7Y5CM/VJQ=="},"EventType":{"Value":{"IdType":1,"Id":"ReferenceChange"}},"SourceNode":{"Value":{"Id":10786,"Namespace":"http://test.org/UA/Data/"}},"Time":{"Value":"2024-04-27T10:26:04.7881696Z"},"Change":{"Value":{"ReferenceTypeId":{"Id":47},"IsForward":true,"NodeId":{"Id":11113,"Namespace":"http://test.org/UA/Data/"},"BrowseName":{"Name":"AnalogScalar","Uri":"http://test.org/UA/Data/"},"DisplayName":"AnalogScalar","NodeClass":"Object_1","TypeDefinition":{"Id":9534,"Namespace":"http://test.org/UA/Data/"}}}}}]}