{"MessageId":"085a18c3-ed67-4294-bd62-3027c9ea48fc","MessageType":"ua-data","PublisherId":"DESKTOP-BGFJS91","DataSetWriterGroup":"<<UnknownWriterGroup>>","Messages":[{"MetaDataVersion":{"MajorVersion":1},"MessageType":"ua-event","DataSetWriterName":"<<UnknownDataSet>>","Payload":{"EventId":{"Value":"kyPaxHvXdEiZrB8UttXQZg=="},"EventType":{"Value":{"IdType":1,"Id":"ReferenceChange"}},"SourceNode":{"Value":{"Id":86}},"Time":{"Value":"2024-04-27T10:26:04.4491561Z"},"Change":{"Value":{"ReferenceTypeId":{"Id":35},"IsForward":true,"NodeId":{"Id":91},"BrowseName":{"Name":"ReferenceTypes"},"DisplayName":"ReferenceTypes","NodeClass":"Object_1","TypeDefinition":{"Id":61}}}}}]}