{"MessageId":"c79a3334-8f95-4307-bb7c-967a310ca716","MessageType":"ua-data","PublisherId":"DESKTOP-BGFJS91","DataSetWriterGroup":"<<UnknownWriterGroup>>","Messages":[{"MetaDataVersion":{"MajorVersion":1},"MessageType":"ua-event","DataSetWriterName":"<<UnknownDataSet>>","Payload":{"EventId":{"Value":"LhwfW/memkuA/BxnGj/Uyg=="},"EventType":{"Value":{"IdType":1,"Id":"ReferenceChange"}},"SourceNode":{"Value":{"Id":11383,"Namespace":"http://test.org/UA/Data/"}},"Time":{"Value":"2024-04-27T10:26:04.810025Z"},"Change":{"Value":{"ReferenceTypeId":{"Id":36},"IsForward":true,"NodeId":{"Id":11252,"Namespace":"http://test.org/UA/Data/"},"BrowseName":{"Name":"CycleComplete","Uri":"http://test.org/UA/Data/"},"DisplayName":"CycleComplete","NodeClass":"Object_1","TypeDefinition":{"Id":2881}}}}}]}