{"MessageId":"58936d1c-97a3-435a-96e1-9043a3c2a9f2","MessageType":"ua-data","PublisherId":"DESKTOP-BGFJS91","DataSetWriterGroup":"<<UnknownWriterGroup>>","Messages":[{"MetaDataVersion":{"MajorVersion":1},"MessageType":"ua-event","DataSetWriterName":"<<UnknownDataSet>>","Payload":{"EventId":{"Value":"N9va3YAyrE+wSIb1FkbVTA=="},"EventType":{"Value":{"IdType":1,"Id":"NodeChange"}},"SourceNode":{"Value":{"IdType":1,"Id":"Well_24412","Namespace":"http://opcfoundation.org/HistoricalEvents"}},"Time":{"Value":"2024-04-27T10:26:04.8167376Z"},"Change":{"Value":{"NodeId":{"IdType":1,"Id":"Well_24412","Namespace":"http://opcfoundation.org/HistoricalEvents"},"NodeClass":"Object_1","BrowseName":{"Name":"Jupiter","Uri":"http://opcfoundation.org/HistoricalEvents"},"DisplayName":"Jupiter","RolePermissions":[],"UserRolePermissions":[],"References":[],"EventNotifier":13}}}}]}