{"MessageId":"70b90089-cc58-4099-94f0-f522d050960b","MessageType":"ua-data","PublisherId":"DESKTOP-BGFJS91","DataSetWriterGroup":"<<UnknownWriterGroup>>","Messages":[{"MetaDataVersion":{"MajorVersion":1},"MessageType":"ua-event","DataSetWriterName":"<<UnknownDataSet>>","Payload":{"EventId":{"Value":"UnjpvVah60e8T/f5+eNrMw=="},"EventType":{"Value":{"IdType":1,"Id":"ReferenceChange"}},"SourceNode":{"Value":{"Id":86}},"Time":{"Value":"2024-04-27T10:26:04.4527917Z"},"Change":{"Value":{"ReferenceTypeId":{"Id":35},"IsForward":true,"NodeId":{"Id":3048},"BrowseName":{"Name":"EventTypes"},"DisplayName":"EventTypes","NodeClass":"Object_1","TypeDefinition":{"Id":61}}}}}]}