{"MessageId":"735ae791-3b02-4f65-8ff4-a0ec0824c726","MessageType":"ua-data","PublisherId":"DESKTOP-BGFJS91","DataSetWriterGroup":"<<UnknownWriterGroup>>","Messages":[{"MetaDataVersion":{"MajorVersion":1},"MessageType":"ua-event","DataSetWriterName":"<<UnknownDataSet>>","Payload":{"EventId":{"Value":"tVzNdEwlGUuLfJSz7DLJ5Q=="},"EventType":{"Value":{"IdType":1,"Id":"ReferenceChange"}},"SourceNode":{"Value":{"IdType":1,"Id":"Area51","Namespace":"http://opcfoundation.org/HistoricalEvents"}},"Time":{"Value":"2024-04-27T10:26:04.8169082Z"},"Change":{"Value":{"ReferenceTypeId":{"Id":48},"IsForward":true,"NodeId":{"IdType":1,"Id":"Well_48306","Namespace":"http://opcfoundation.org/HistoricalEvents"},"BrowseName":{"Name":"Titan","Uri":"http://opcfoundation.org/HistoricalEvents"},"DisplayName":"Titan","NodeClass":"Object_1","TypeDefinition":{"Id":308,"Namespace":"http://opcfoundation.org/HistoricalEvents"}}}}}]}