{"MessageId":"e4216484-536f-4bbc-aa06-0ce9133ee5d9","MessageType":"ua-data","PublisherId":"DESKTOP-BGFJS91","DataSetWriterGroup":"<<UnknownWriterGroup>>","Messages":[{"MetaDataVersion":{"MajorVersion":1},"MessageType":"ua-event","DataSetWriterName":"<<UnknownDataSet>>","Payload":{"EventId":{"Value":"gKcSpDQstUWloG+Vs7OaAg=="},"EventType":{"Value":{"IdType":1,"Id":"ReferenceChange"}},"SourceNode":{"Value":{"IdType":1,"Id":"0:Boiler #1","Namespace":"http://opcfoundation.org/UA/Views"}},"Time":{"Value":"2024-04-27T10:26:04.821254Z"},"Change":{"Value":{"ReferenceTypeId":{"Id":47},"IsForward":true,"NodeId":{"IdType":1,"Id":"0:Boiler #1?WaterIn","Namespace":"http://opcfoundation.org/UA/Views"},"BrowseName":{"Name":"WaterIn","Uri":"http://opcfoundation.org/UA/Views"},"DisplayName":"WaterIn","NodeClass":"Object_1","TypeDefinition":{"Id":58}}}}}]}