{"MessageId":"d109d9ee-c7a8-4b1c-86ae-4b49ad8454ae","MessageType":"ua-data","PublisherId":"DESKTOP-BGFJS91","DataSetWriterGroup":"<<UnknownWriterGroup>>","Messages":[{"MetaDataVersion":{"MajorVersion":1},"MessageType":"ua-event","DataSetWriterName":"<<UnknownDataSet>>","Payload":{"EventId":{"Value":"mPwrcHHdq0eSgrvDsJQjyA=="},"EventType":{"Value":{"IdType":1,"Id":"NodeChange"}},"SourceNode":{"Value":{"IdType":1,"Id":"0:Boiler #2?SteamOut","Namespace":"http://opcfoundation.org/UA/Views"}},"Time":{"Value":"2024-04-27T10:26:04.8280069Z"},"Change":{"Value":{"NodeId":{"IdType":1,"Id":"0:Boiler #2?SteamOut","Namespace":"http://opcfoundation.org/UA/Views"},"NodeClass":"Object_1","BrowseName":{"Name":"SteamOut","Uri":"http://opcfoundation.org/UA/Views"},"DisplayName":"SteamOut","RolePermissions":[],"UserRolePermissions":[],"References":[]}}}}]}