{"MessageId":"68cb6aeb-a69d-44f9-8827-297656825728","MessageType":"ua-data","PublisherId":"DESKTOP-BGFJS91","DataSetWriterGroup":"<<UnknownWriterGroup>>","Messages":[{"MetaDataVersion":{"MajorVersion":1},"MessageType":"ua-event","DataSetWriterName":"<<UnknownDataSet>>","Payload":{"EventId":{"Value":"VaeQbrR4n0KdcK/TRhZ5Tg=="},"EventType":{"Value":{"IdType":1,"Id":"NodeChange"}},"SourceNode":{"Value":{"Id":1003,"Namespace":"http://samples.org/UA/memorybuffer"}},"Time":{"Value":"2024-04-27T10:26:04.8308738Z"},"Change":{"Value":{"NodeId":{"Id":1003,"Namespace":"http://samples.org/UA/memorybuffer"},"NodeClass":"Variable_2","BrowseName":{"Name":"StartAddress","Uri":"http://samples.org/UA/memorybuffer"},"DisplayName":"StartAddress","RolePermissions":[],"UserRolePermissions":[],"References":[],"Value":null,"DataType":{"Id":7},"ValueRank":-1,"ArrayDimensions":[],"AccessLevel":1,"UserAccessLevel":1,"AccessLevelEx":1}}}}]}