{"MessageId":"ff49dc99-c381-4be8-a1a5-f71765d63630","MessageType":"ua-data","PublisherId":"DESKTOP-BGFJS91","DataSetWriterGroup":"<<UnknownWriterGroup>>","Messages":[{"MetaDataVersion":{"MajorVersion":1},"MessageType":"ua-event","DataSetWriterName":"<<UnknownDataSet>>","Payload":{"EventId":{"Value":"BC41/mX+eU66dMfyKVH1fw=="},"EventType":{"Value":{"IdType":1,"Id":"ReferenceChange"}},"SourceNode":{"Value":{"Id":86}},"Time":{"Value":"2024-04-27T10:26:04.4550685Z"},"Change":{"Value":{"ReferenceTypeId":{"Id":35},"IsForward":true,"NodeId":{"Id":17708},"BrowseName":{"Name":"InterfaceTypes"},"DisplayName":"InterfaceTypes","NodeClass":"Object_1","TypeDefinition":{"Id":61}}}}}]}