{"MessageId":"76f64756-91d0-48ab-aa37-1507b3216287","MessageType":"ua-data","PublisherId":"DESKTOP-BGFJS91","DataSetWriterGroup":"<<UnknownWriterGroup>>","Messages":[{"MetaDataVersion":{"MajorVersion":1},"MessageType":"ua-event","DataSetWriterName":"<<UnknownDataSet>>","Payload":{"EventId":{"Value":"hkIaUS8wqEOQ1YGXn6a2hQ=="},"EventType":{"Value":{"IdType":1,"Id":"ReferenceChange"}},"SourceNode":{"Value":{"Id":87}},"Time":{"Value":"2024-04-27T10:26:04.4594201Z"},"Change":{"Value":{"ReferenceTypeId":{"Id":35},"IsForward":true,"NodeId":{"Id":439,"Namespace":"http://opcfoundation.org/UA/Views"},"BrowseName":{"Name":"Engineering","Uri":"http://opcfoundation.org/UA/Views"},"DisplayName":"Engineering","NodeClass":"View_128"}}}}]}