{"MessageId":"ed6f57ea-c1ce-4a92-b1e5-c64f237e8742","MessageType":"ua-data","PublisherId":"DESKTOP-BGFJS91","DataSetWriterGroup":"<<UnknownWriterGroup>>","Messages":[{"MetaDataVersion":{"MajorVersion":1},"MessageType":"ua-event","DataSetWriterName":"<<UnknownDataSet>>","Payload":{"EventId":{"Value":"xXKpWJFwM06eb5D5XNNb/g=="},"EventType":{"Value":{"IdType":1,"Id":"ReferenceChange"}},"SourceNode":{"Value":{"Id":2253}},"Time":{"Value":"2024-04-27T10:26:04.4845955Z"},"Change":{"Value":{"ReferenceTypeId":{"Id":46},"IsForward":true,"NodeId":{"Id":2254},"BrowseName":{"Name":"ServerArray"},"DisplayName":"ServerArray","NodeClass":"Variable_2","TypeDefinition":{"Id":68}}}}}]}