{"MessageId":"dd2c95f3-0af9-4f3a-9c64-a9365a6d35d7","MessageType":"ua-data","PublisherId":"DESKTOP-BGFJS91","DataSetWriterGroup":"<<UnknownWriterGroup>>","Messages":[{"MetaDataVersion":{"MajorVersion":1},"MessageType":"ua-event","DataSetWriterName":"<<UnknownDataSet>>","Payload":{"EventId":{"Value":"9RNpvP0yDUOQECuv4bDqKA=="},"EventType":{"Value":{"IdType":1,"Id":"NodeChange"}},"SourceNode":{"Value":{"Id":2267}},"Time":{"Value":"2024-04-27T10:26:04.4973692Z"},"Change":{"Value":{"NodeId":{"Id":2267},"NodeClass":"Variable_2","BrowseName":{"Name":"ServiceLevel"},"DisplayName":"ServiceLevel","RolePermissions":[],"UserRolePermissions":[],"References":[],"Value":null,"DataType":{"Id":3},"ValueRank":-1,"ArrayDimensions":[],"AccessLevel":1,"UserAccessLevel":1,"MinimumSamplingInterval":1000,"AccessLevelEx":1}}}}]}