{"MessageId":"75eef2af-0a45-4713-b9ec-65e2557420d7","MessageType":"ua-data","PublisherId":"DESKTOP-BGFJS91","DataSetWriterGroup":"<<UnknownWriterGroup>>","Messages":[{"MetaDataVersion":{"MajorVersion":1},"MessageType":"ua-event","DataSetWriterName":"<<UnknownDataSet>>","Payload":{"EventId":{"Value":"IU696DbEkk2D2IcUnPa17g=="},"EventType":{"Value":{"IdType":1,"Id":"ReferenceChange"}},"SourceNode":{"Value":{"Id":2253}},"Time":{"Value":"2024-04-27T10:26:04.4989075Z"},"Change":{"Value":{"ReferenceTypeId":{"Id":46},"IsForward":true,"NodeId":{"Id":17634},"BrowseName":{"Name":"LocalTime"},"DisplayName":"LocalTime","NodeClass":"Variable_2","TypeDefinition":{"Id":68}}}}}]}