{"MessageId":"2d31f0db-d7f9-4675-86df-6628c6591da6","MessageType":"ua-data","PublisherId":"DESKTOP-BGFJS91","DataSetWriterGroup":"<<UnknownWriterGroup>>","Messages":[{"MetaDataVersion":{"MajorVersion":1},"MessageType":"ua-event","DataSetWriterName":"<<UnknownDataSet>>","Payload":{"EventId":{"Value":"9MPLqTL35EuRCXHWVjFwGQ=="},"EventType":{"Value":{"IdType":1,"Id":"ReferenceChange"}},"SourceNode":{"Value":{"Id":2253}},"Time":{"Value":"2024-04-27T10:26:04.5002762Z"},"Change":{"Value":{"ReferenceTypeId":{"Id":47},"IsForward":true,"NodeId":{"Id":2268},"BrowseName":{"Name":"ServerCapabilities"},"DisplayName":"ServerCapabilities","NodeClass":"Object_1","TypeDefinition":{"Id":2013}}}}}]}