{"MessageId":"a4ccf00e-a60c-4b98-8079-91d2e145d432","MessageType":"ua-data","PublisherId":"DESKTOP-BGFJS91","DataSetWriterGroup":"<<UnknownWriterGroup>>","Messages":[{"MetaDataVersion":{"MajorVersion":1},"MessageType":"ua-event","DataSetWriterName":"<<UnknownDataSet>>","Payload":{"EventId":{"Value":"2Zg5AMgDykKIR5pQGvrBzQ=="},"EventType":{"Value":{"IdType":1,"Id":"ReferenceChange"}},"SourceNode":{"Value":{"Id":2253}},"Time":{"Value":"2024-04-27T10:26:04.5015533Z"},"Change":{"Value":{"ReferenceTypeId":{"Id":47},"IsForward":true,"NodeId":{"Id":2274},"BrowseName":{"Name":"ServerDiagnostics"},"DisplayName":"ServerDiagnostics","NodeClass":"Object_1","TypeDefinition":{"Id":2020}}}}}]}