{"MessageId":"0c7b5fc5-c9ee-4b52-a6f4-3ec909c92306","MessageType":"ua-data","PublisherId":"DESKTOP-BGFJS91","DataSetWriterGroup":"<<UnknownWriterGroup>>","Messages":[{"MetaDataVersion":{"MajorVersion":1},"MessageType":"ua-event","DataSetWriterName":"<<UnknownDataSet>>","Payload":{"EventId":{"Value":"Czkw9mOitEeKb0lTi7LRhg=="},"EventType":{"Value":{"IdType":1,"Id":"ReferenceChange"}},"SourceNode":{"Value":{"Id":2253}},"Time":{"Value":"2024-04-27T10:26:04.5040532Z"},"Change":{"Value":{"ReferenceTypeId":{"Id":47},"IsForward":true,"NodeId":{"Id":2296},"BrowseName":{"Name":"ServerRedundancy"},"DisplayName":"ServerRedundancy","NodeClass":"Object_1","TypeDefinition":{"Id":2034}}}}}]}