{"MessageId":"df1d959e-3746-46d0-8609-3f7fee0e4283","MessageType":"ua-data","PublisherId":"DESKTOP-BGFJS91","DataSetWriterGroup":"<<UnknownWriterGroup>>","Messages":[{"MetaDataVersion":{"MajorVersion":1},"MessageType":"ua-event","DataSetWriterName":"<<UnknownDataSet>>","Payload":{"EventId":{"Value":"yoK2NMmbAUe8JoBPLshkFA=="},"EventType":{"Value":{"IdType":1,"Id":"NodeChange"}},"SourceNode":{"Value":{"Id":2253}},"Time":{"Value":"2024-04-27T10:26:04.3858484Z"},"Change":{"Value":{"NodeId":{"Id":2253},"NodeClass":"Object_1","BrowseName":{"Name":"Server"},"DisplayName":"Server","RolePermissions":[],"UserRolePermissions":[],"References":[],"EventNotifier":1}}}}]}