{"MessageId":"fde44da2-c39e-4149-afea-663802a37c63","MessageType":"ua-data","PublisherId":"DESKTOP-BGFJS91","DataSetWriterGroup":"<<UnknownWriterGroup>>","Messages":[{"MetaDataVersion":{"MajorVersion":1},"MessageType":"ua-event","DataSetWriterName":"<<UnknownDataSet>>","Payload":{"EventId":{"Value":"KAjdIC6e+EefSSh0hhoMLg=="},"EventType":{"Value":{"IdType":1,"Id":"NodeChange"}},"SourceNode":{"Value":{"Id":2296}},"Time":{"Value":"2024-04-27T10:26:04.5051348Z"},"Change":{"Value":{"NodeId":{"Id":2296},"NodeClass":"Object_1","BrowseName":{"Name":"ServerRedundancy"},"DisplayName":"ServerRedundancy","RolePermissions":[],"UserRolePermissions":[],"References":[]}}}}]}