{"MessageId":"6b352017-3654-4595-bb7f-94ac8a99648c","MessageType":"ua-data","PublisherId":"DESKTOP-BGFJS91","DataSetWriterGroup":"<<UnknownWriterGroup>>","Messages":[{"MetaDataVersion":{"MajorVersion":1},"MessageType":"ua-event","DataSetWriterName":"<<UnknownDataSet>>","Payload":{"EventId":{"Value":"emuhi0PE0k6xEH3tpwDGZw=="},"EventType":{"Value":{"IdType":1,"Id":"ReferenceChange"}},"SourceNode":{"Value":{"Id":2253}},"Time":{"Value":"2024-04-27T10:26:04.5053253Z"},"Change":{"Value":{"ReferenceTypeId":{"Id":47},"IsForward":true,"NodeId":{"Id":11715},"BrowseName":{"Name":"Namespaces"},"DisplayName":"Namespaces","NodeClass":"Object_1","TypeDefinition":{"Id":11645}}}}}]}