{"MessageId":"7692a8ff-57c7-4665-9553-4575a960d074","MessageType":"ua-data","PublisherId":"DESKTOP-BGFJS91","DataSetWriterGroup":"<<UnknownWriterGroup>>","Messages":[{"MetaDataVersion":{"MajorVersion":1},"MessageType":"ua-event","DataSetWriterName":"<<UnknownDataSet>>","Payload":{"EventId":{"Value":"UN1pih+H+UO6I2uqMVtdYg=="},"EventType":{"Value":{"IdType":1,"Id":"NodeChange"}},"SourceNode":{"Value":{"Id":11715}},"Time":{"Value":"2024-04-27T10:26:04.5064694Z"},"Change":{"Value":{"NodeId":{"Id":11715},"NodeClass":"Object_1","BrowseName":{"Name":"Namespaces"},"DisplayName":"Namespaces","RolePermissions":[],"UserRolePermissions":[],"References":[]}}}}]}