{"MessageId":"fc7b5ff6-ad49-4886-988a-ff37e0c444c4","MessageType":"ua-data","PublisherId":"DESKTOP-BGFJS91","DataSetWriterGroup":"<<UnknownWriterGroup>>","Messages":[{"MetaDataVersion":{"MajorVersion":1},"MessageType":"ua-event","DataSetWriterName":"<<UnknownDataSet>>","Payload":{"EventId":{"Value":"4savhvxWVEmR5qxSzjubHA=="},"EventType":{"Value":{"IdType":1,"Id":"NodeChange"}},"SourceNode":{"Value":{"Id":12637}},"Time":{"Value":"2024-04-27T10:26:04.5128228Z"},"Change":{"Value":{"NodeId":{"Id":12637},"NodeClass":"Object_1","BrowseName":{"Name":"ServerConfiguration"},"DisplayName":"ServerConfiguration","RolePermissions":[],"UserRolePermissions":[],"References":[]}}}}]}