{"MessageId":"3c95e668-321a-438e-817f-097a88516118","MessageType":"ua-data","PublisherId":"DESKTOP-BGFJS91","DataSetWriterGroup":"<<UnknownWriterGroup>>","Messages":[{"DataSetWriterId":3,"SequenceNumber":1,"MetaDataVersion":{"MajorVersion":1},"Timestamp":"2024-04-27T10:49:11.4220399Z","MessageType":"ua-deltaframe","DataSetWriterName":"MES","Payload":{"nsu=http://opcfoundation.org/UA/Plc/Applications;s=RandomSignedInt32":{"Value":609515906,"SourceTimestamp":"2024-04-27T10:49:11.328617Z","ServerTimestamp":"2024-04-27T10:49:11.3286223Z"}}}]}