{"MessageId":"2bfcc949-4773-4866-9215-f06d77c57443","MessageType":"ua-data","PublisherId":"DESKTOP-BGFJS91","DataSetWriterGroup":"<<UnknownWriterGroup>>","Messages":[{"DataSetWriterId":3,"SequenceNumber":13,"MetaDataVersion":{"MajorVersion":1},"Timestamp":"2024-04-27T10:49:26.3902476Z","MessageType":"ua-deltaframe","DataSetWriterName":"MES","Payload":{"nsu=http://opcfoundation.org/UA/Plc/Applications;s=RandomSignedInt32":{"Value":49479945,"SourceTimestamp":"2024-04-27T10:49:26.3265894Z","ServerTimestamp":"2024-04-27T10:49:26.3265934Z"}}}]}