{"MessageId":"a2a8b770-8bf2-45b4-bf58-ac92d96ae90b","MessageType":"ua-data","PublisherId":"DESKTOP-BGFJS91","DataSetWriterGroup":"<<UnknownWriterGroup>>","Messages":[{"DataSetWriterId":3,"SequenceNumber":19,"MetaDataVersion":{"MajorVersion":1},"Timestamp":"2024-04-27T10:49:33.3841151Z","MessageType":"ua-deltaframe","DataSetWriterName":"MES","Payload":{"nsu=http://opcfoundation.org/UA/Plc/Applications;s=RandomSignedInt32":{"Value":-584026950,"SourceTimestamp":"2024-04-27T10:49:33.3213839Z","ServerTimestamp":"2024-04-27T10:49:33.3213939Z"}}}]}