{"MessageId":"31dc49a5-fbf7-4ea8-90c5-8146ec3bbd87","MessageType":"ua-data","PublisherId":"DESKTOP-BGFJS91","DataSetWriterGroup":"<<UnknownWriterGroup>>","Messages":[{"DataSetWriterId":3,"SequenceNumber":24,"MetaDataVersion":{"MajorVersion":1},"Timestamp":"2024-04-27T10:49:39.4372769Z","MessageType":"ua-deltaframe","DataSetWriterName":"MES","Payload":{"nsu=http://opcfoundation.org/UA/Plc/Applications;s=RandomSignedInt32":{"Value":-2082193869,"SourceTimestamp":"2024-04-27T10:49:39.4211821Z","ServerTimestamp":"2024-04-27T10:49:39.4211888Z"}}}]}