{"MessageId":"a8e5d8ea-bf31-4568-b303-912d78a55917","MessageType":"ua-data","PublisherId":"DESKTOP-BGFJS91","DataSetWriterGroup":"<<UnknownWriterGroup>>","Messages":[{"DataSetWriterId":3,"SequenceNumber":30,"MetaDataVersion":{"MajorVersion":1},"Timestamp":"2024-04-27T10:49:47.3897607Z","MessageType":"ua-deltaframe","DataSetWriterName":"MES","Payload":{"nsu=http://opcfoundation.org/UA/Plc/Applications;s=RandomSignedInt32":{"Value":55183172,"SourceTimestamp":"2024-04-27T10:49:47.3271705Z","ServerTimestamp":"2024-04-27T10:49:47.3272369Z"}}}]}