{"MessageId":"94fa5d44-1788-49d2-a4f6-5e655667c4b8","MessageType":"ua-data","PublisherId":"DESKTOP-BGFJS91","DataSetWriterGroup":"<<UnknownWriterGroup>>","Messages":[{"DataSetWriterId":3,"SequenceNumber":31,"MetaDataVersion":{"MajorVersion":1},"Timestamp":"2024-04-27T10:49:48.4366788Z","MessageType":"ua-deltaframe","DataSetWriterName":"MES","Payload":{"nsu=http://opcfoundation.org/UA/Plc/Applications;s=RandomSignedInt32":{"Value":-905767429,"SourceTimestamp":"2024-04-27T10:49:48.4213406Z","ServerTimestamp":"2024-04-27T10:49:48.4213425Z"}}}]}