{"MessageId":"e7a06206-b096-4b3b-9ad7-be22461a3953","MessageType":"ua-data","PublisherId":"DESKTOP-BGFJS91","DataSetWriterGroup":"<<UnknownWriterGroup>>","Messages":[{"DataSetWriterId":3,"SequenceNumber":4,"MetaDataVersion":{"MajorVersion":1},"Timestamp":"2024-04-27T10:49:15.442316Z","MessageType":"ua-deltaframe","DataSetWriterName":"MES","Payload":{"nsu=http://opcfoundation.org/UA/Plc/Applications;s=RandomSignedInt32":{"Value":1864871622,"SourceTimestamp":"2024-04-27T10:49:15.4274586Z","ServerTimestamp":"2024-04-27T10:49:15.4274611Z"}}}]}