{"MessageId":"8cc719d7-c614-42e7-98b8-0a5bfb59d9cd","MessageType":"ua-data","PublisherId":"DESKTOP-BGFJS91","DataSetWriterGroup":"<<UnknownWriterGroup>>","Messages":[{"DataSetWriterId":3,"SequenceNumber":43,"MetaDataVersion":{"MajorVersion":1},"Timestamp":"2024-04-27T10:50:03.4398112Z","MessageType":"ua-deltaframe","DataSetWriterName":"MES","Payload":{"nsu=http://opcfoundation.org/UA/Plc/Applications;s=RandomSignedInt32":{"Value":-459238438,"SourceTimestamp":"2024-04-27T10:50:03.4232126Z","ServerTimestamp":"2024-04-27T10:50:03.4232145Z"}}}]}