{"MessageId":"42af105a-830c-4642-b176-1f8cd4c3e0d7","MessageType":"ua-data","PublisherId":"DESKTOP-BGFJS91","DataSetWriterGroup":"<<UnknownWriterGroup>>","Messages":[{"DataSetWriterId":3,"SequenceNumber":46,"MetaDataVersion":{"MajorVersion":1},"Timestamp":"2024-04-27T10:50:07.3888772Z","MessageType":"ua-deltaframe","DataSetWriterName":"MES","Payload":{"nsu=http://opcfoundation.org/UA/Plc/Applications;s=RandomSignedInt32":{"Value":-1239043626,"SourceTimestamp":"2024-04-27T10:50:07.3244775Z","ServerTimestamp":"2024-04-27T10:50:07.3244804Z"}}}]}