{"MessageId":"ed96484e-cd6d-4199-b7d9-51b4665b95cb","MessageType":"ua-data","PublisherId":"DESKTOP-BGFJS91","DataSetWriterGroup":"<<UnknownWriterGroup>>","Messages":[{"DataSetWriterId":3,"SequenceNumber":47,"MetaDataVersion":{"MajorVersion":1},"Timestamp":"2024-04-27T10:50:08.3865415Z","MessageType":"ua-deltaframe","DataSetWriterName":"MES","Payload":{"nsu=http://opcfoundation.org/UA/Plc/Applications;s=RandomSignedInt32":{"Value":-1536996213,"SourceTimestamp":"2024-04-27T10:50:08.3235742Z","ServerTimestamp":"2024-04-27T10:50:08.3235755Z"}}}]}