{"MessageId":"d13cd894-e700-4dc5-afaf-3fe0df8992a1","MessageType":"ua-data","PublisherId":"DESKTOP-BGFJS91","DataSetWriterGroup":"<<UnknownWriterGroup>>","Messages":[{"DataSetWriterId":3,"SequenceNumber":55,"MetaDataVersion":{"MajorVersion":1},"Timestamp":"2024-04-27T10:50:17.4195465Z","MessageType":"ua-deltaframe","DataSetWriterName":"MES","Payload":{"nsu=http://opcfoundation.org/UA/Plc/Applications;s=RandomSignedInt32":{"Value":-1886816670,"SourceTimestamp":"2024-04-27T10:50:17.3281873Z","ServerTimestamp":"2024-04-27T10:50:17.3281977Z"}}}]}