{"MessageId":"bd4e0344-1eeb-4c91-86c4-c9af03b630a1","MessageType":"ua-data","PublisherId":"DESKTOP-BGFJS91","DataSetWriterGroup":"<<UnknownWriterGroup>>","Messages":[{"DataSetWriterId":3,"SequenceNumber":6,"MetaDataVersion":{"MajorVersion":1},"Timestamp":"2024-04-27T10:49:17.4210511Z","MessageType":"ua-deltaframe","DataSetWriterName":"MES","Payload":{"nsu=http://opcfoundation.org/UA/Plc/Applications;s=RandomSignedInt32":{"Value":-1836995724,"SourceTimestamp":"2024-04-27T10:49:17.3262435Z","ServerTimestamp":"2024-04-27T10:49:17.326245Z"}}}]}