{"MessageId":"834e72f4-4723-4037-95b6-2e535e0e10cd","MessageType":"ua-data","PublisherId":"DESKTOP-BGFJS91","DataSetWriterGroup":"<<UnknownWriterGroup>>","Messages":[{"DataSetWriterId":3,"SequenceNumber":61,"MetaDataVersion":{"MajorVersion":1},"Timestamp":"2024-04-27T10:50:24.4204917Z","MessageType":"ua-deltaframe","DataSetWriterName":"MES","Payload":{"nsu=http://opcfoundation.org/UA/Plc/Applications;s=RandomSignedInt32":{"Value":231906619,"SourceTimestamp":"2024-04-27T10:50:24.3260754Z","ServerTimestamp":"2024-04-27T10:50:24.3260765Z"}}}]}