{"MessageId":"20a40e57-bc7f-4fd3-aeac-05b1344e608a","MessageType":"ua-data","PublisherId":"DESKTOP-BGFJS91","DataSetWriterGroup":"<<UnknownWriterGroup>>","Messages":[{"DataSetWriterId":3,"SequenceNumber":65,"MetaDataVersion":{"MajorVersion":1},"Timestamp":"2024-04-27T10:50:29.3855098Z","MessageType":"ua-deltaframe","DataSetWriterName":"MES","Payload":{"nsu=http://opcfoundation.org/UA/Plc/Applications;s=RandomSignedInt32":{"Value":-1894240381,"SourceTimestamp":"2024-04-27T10:50:29.322481Z","ServerTimestamp":"2024-04-27T10:50:29.3224822Z"}}}]}