{"MessageId":"db02a765-fff0-4497-88f9-f6e76689a955","MessageType":"ua-data","PublisherId":"DESKTOP-BGFJS91","DataSetWriterGroup":"<<UnknownWriterGroup>>","Messages":[{"DataSetWriterId":3,"SequenceNumber":66,"MetaDataVersion":{"MajorVersion":1},"Timestamp":"2024-04-27T10:50:30.4396482Z","MessageType":"ua-deltaframe","DataSetWriterName":"MES","Payload":{"nsu=http://opcfoundation.org/UA/Plc/Applications;s=RandomSignedInt32":{"Value":-744799646,"SourceTimestamp":"2024-04-27T10:50:30.4232837Z","ServerTimestamp":"2024-04-27T10:50:30.4232852Z"}}}]}