{"MessageId":"7cdcfbc3-89ce-4542-b1b7-73a83b0e4b38","MessageType":"ua-data","PublisherId":"DESKTOP-BGFJS91","DataSetWriterGroup":"<<UnknownWriterGroup>>","Messages":[{"DataSetWriterId":3,"SequenceNumber":7,"MetaDataVersion":{"MajorVersion":1},"Timestamp":"2024-04-27T10:49:18.4148495Z","MessageType":"ua-deltaframe","DataSetWriterName":"MES","Payload":{"nsu=http://opcfoundation.org/UA/Plc/Applications;s=RandomSignedInt32":{"Value":-1703345232,"SourceTimestamp":"2024-04-27T10:49:18.3227033Z","ServerTimestamp":"2024-04-27T10:49:18.3227106Z"}}}]}