{"MessageId":"b4e44dde-bf5d-4e55-be96-80126caeeecf","MessageType":"ua-data","PublisherId":"DESKTOP-BGFJS91","DataSetWriterGroup":"<<UnknownWriterGroup>>","Messages":[{"DataSetWriterId":3,"SequenceNumber":71,"MetaDataVersion":{"MajorVersion":1},"Timestamp":"2024-04-27T10:50:36.4378834Z","MessageType":"ua-deltaframe","DataSetWriterName":"MES","Payload":{"nsu=http://opcfoundation.org/UA/Plc/Applications;s=RandomSignedInt32":{"Value":1037717355,"SourceTimestamp":"2024-04-27T10:50:36.4227579Z","ServerTimestamp":"2024-04-27T10:50:36.4227674Z"}}}]}