{"MessageId":"68628e92-e40a-41fe-b5a6-6048e277331f","MessageType":"ua-data","PublisherId":"DESKTOP-BGFJS91","DataSetWriterGroup":"<<UnknownWriterGroup>>","Messages":[{"DataSetWriterId":3,"SequenceNumber":73,"MetaDataVersion":{"MajorVersion":1},"Timestamp":"2024-04-27T10:50:38.4078831Z","MessageType":"ua-deltaframe","DataSetWriterName":"MES","Payload":{"nsu=http://opcfoundation.org/UA/Plc/Applications;s=RandomSignedInt32":{"Value":-1403814379,"SourceTimestamp":"2024-04-27T10:50:38.3295086Z","ServerTimestamp":"2024-04-27T10:50:38.3295123Z"}}}]}