{"MessageId":"27ef7df0-b707-4d38-8ff4-3032540addb5","MessageType":"ua-data","PublisherId":"DESKTOP-BGFJS91","DataSetWriterGroup":"<<UnknownWriterGroup>>","Messages":[{"DataSetWriterId":3,"SequenceNumber":78,"MetaDataVersion":{"MajorVersion":1},"Timestamp":"2024-04-27T10:50:44.4100147Z","MessageType":"ua-deltaframe","DataSetWriterName":"MES","Payload":{"nsu=http://opcfoundation.org/UA/Plc/Applications;s=RandomSignedInt32":{"Value":-988822942,"SourceTimestamp":"2024-04-27T10:50:44.3156918Z","ServerTimestamp":"2024-04-27T10:50:44.3156952Z"}}}]}