{"MessageId":"232bc117-a636-4e8e-91c0-a25777b70efe","MessageType":"ua-data","PublisherId":"DESKTOP-BGFJS91","DataSetWriterGroup":"<<UnknownWriterGroup>>","Messages":[{"DataSetWriterId":3,"SequenceNumber":79,"MetaDataVersion":{"MajorVersion":1},"Timestamp":"2024-04-27T10:50:46.386965Z","MessageType":"ua-deltaframe","DataSetWriterName":"MES","Payload":{"nsu=http://opcfoundation.org/UA/Plc/Applications;s=RandomSignedInt32":{"Value":1979617114,"SourceTimestamp":"2024-04-27T10:50:46.3248423Z","ServerTimestamp":"2024-04-27T10:50:46.3248438Z"}}}]}