{"MessageId":"a7088150-222d-4e3e-8f6d-bdd25c4f8cc8","MessageType":"ua-data","PublisherId":"DESKTOP-BGFJS91","DataSetWriterGroup":"<<UnknownWriterGroup>>","Messages":[{"DataSetWriterId":3,"SequenceNumber":91,"MetaDataVersion":{"MajorVersion":1},"Timestamp":"2024-04-27T10:51:00.4324643Z","MessageType":"ua-deltaframe","DataSetWriterName":"MES","Payload":{"nsu=http://opcfoundation.org/UA/Plc/Applications;s=RandomSignedInt32":{"Value":-1611089963,"SourceTimestamp":"2024-04-27T10:51:00.4170931Z","ServerTimestamp":"2024-04-27T10:51:00.4170971Z"}}}]}