{"MessageId":"1c8acacd-86c9-459c-96f1-97a769529dfb","MessageType":"ua-data","PublisherId":"DESKTOP-BGFJS91","DataSetWriterGroup":"<<UnknownWriterGroup>>","Messages":[{"DataSetWriterId":3,"SequenceNumber":96,"MetaDataVersion":{"MajorVersion":1},"Timestamp":"2024-04-27T10:51:06.436019Z","MessageType":"ua-deltaframe","DataSetWriterName":"MES","Payload":{"nsu=http://opcfoundation.org/UA/Plc/Applications;s=RandomSignedInt32":{"Value":-1225247652,"SourceTimestamp":"2024-04-27T10:51:06.41962Z","ServerTimestamp":"2024-04-27T10:51:06.4196211Z"}}}]}