{"MessageId":"f92ee108-98b4-4cbc-9056-ddbd3979c9ff","MessageType":"ua-data","PublisherId":"DESKTOP-BGFJS91","DataSetWriterGroup":"<<UnknownWriterGroup>>","Messages":[{"DataSetWriterId":3,"SequenceNumber":97,"MetaDataVersion":{"MajorVersion":1},"Timestamp":"2024-04-27T10:51:07.4299105Z","MessageType":"ua-deltaframe","DataSetWriterName":"MES","Payload":{"nsu=http://opcfoundation.org/UA/Plc/Applications;s=RandomSignedInt32":{"Value":-315022810,"SourceTimestamp":"2024-04-27T10:51:07.3208891Z","ServerTimestamp":"2024-04-27T10:51:07.3208899Z"}}}]}