{"MessageId":"71736a7f-447b-48b8-87a1-3f9811275605","MessageType":"ua-data","PublisherId":"DESKTOP-BGFJS91","DataSetWriterGroup":"<<UnknownWriterGroup>>","Messages":[{"DataSetWriterId":3,"SequenceNumber":98,"MetaDataVersion":{"MajorVersion":1},"Timestamp":"2024-04-27T10:51:08.4272329Z","MessageType":"ua-deltaframe","DataSetWriterName":"MES","Payload":{"nsu=http://opcfoundation.org/UA/Plc/Applications;s=RandomSignedInt32":{"Value":-1174392852,"SourceTimestamp":"2024-04-27T10:51:08.3168161Z","ServerTimestamp":"2024-04-27T10:51:08.3168189Z"}}}]}