{"NodeId":"nsu=http://opcfoundation.org/UA/Plc/Applications;s=BadSlowRandomUIntScalar1","EndpointUrl":"opc.tcp://localhost:61457/UA/SampleServer","ApplicationUri":"urn:desktop-bgfjs91:OPCFoundation:CoreSampleServer","DisplayName":"nsu=http://opcfoundation.org/UA/Plc/Applications;s=BadSlowRandomUIntScalar1","Timestamp":"2024-04-27T09:29:13.4397757Z","Value":{"Value":3846310016,"SourceTimestamp":"2024-04-27T09:29:11.3386801Z","ServerTimestamp":"2024-04-27T09:29:11.3386825Z"},"SequenceNumber":1,"ExtensionFields":{}}