{"NodeId":"nsu=http://opcfoundation.org/UA/Plc/Applications;s=BadSlowRandomUIntScalar1","EndpointUrl":"opc.tcp://localhost:61457/UA/SampleServer","ApplicationUri":"urn:desktop-bgfjs91:OPCFoundation:CoreSampleServer","DisplayName":"nsu=http://opcfoundation.org/UA/Plc/Applications;s=BadSlowRandomUIntScalar1","Timestamp":"2024-04-27T09:29:33.4820234Z","Value":{"Value":2107548705,"SourceTimestamp":"2024-04-27T09:29:31.3453901Z","ServerTimestamp":"2024-04-27T09:29:31.3453941Z"},"SequenceNumber":3,"ExtensionFields":{}}