{"$schema":"http://json-schema.org/draft-07/schema#","type":"array","items":{"$ref":"#/definitions/org.github.microsoft.opcpublisher.JsonDataSetMessage"},"definitions":{"org.opcfoundation.UA.ServerState":{"$id":"http://opcfoundation.org/UA/#ServerState","title":"ServerState","type":"integer","enum":[0,1,2,3,4,5,6,7],"format":"int32"},"org.opcfoundation.UA.UInt32":{"$id":"http://opcfoundation.org/UA/#UInt32","title":"OPC UA built in type UInt32","type":"integer","minimum":0,"maximum":4294967295,"default":0,"format":"uint32"},"org.opcfoundation.UA.String":{"$id":"http://opcfoundation.org/UA/#String","title":"OPC UA built in type String","type":"string"},"org.opcfoundation.UA.StatusCode":{"$id":"http://opcfoundation.org/UA/#StatusCode","title":"OPC UA built in type StatusCode","type":"object","properties":{"Code":{"$ref":"#/definitions/org.opcfoundation.UA.UInt32"},"Symbol":{"$ref":"#/definitions/org.opcfoundation.UA.String"}},"additionalProperties":false},"org.opcfoundation.UA.DateTime":{"$id":"http://opcfoundation.org/UA/#DateTime","title":"OPC UA built in type DateTime","type":"string","format":"date-time"},"org.opcfoundation.UA.UInt16":{"$id":"http://opcfoundation.org/UA/#UInt16","title":"OPC UA built in type UInt16","type":"integer","minimum":0,"maximum":65535,"default":0,"format":"uint16"},"org.github.microsoft.opcpublisher.ServerStateDataValue":{"$id":"http://github.org/microsoft/opcpublisher#ServerStateDataValue","title":"Dataset Field of Type ServerState","type":"object","properties":{"Value":{"$ref":"#/definitions/org.opcfoundation.UA.ServerState"},"Status":{"$ref":"#/definitions/org.opcfoundation.UA.StatusCode"},"SourceTimestamp":{"$ref":"#/definitions/org.opcfoundation.UA.DateTime"},"SourcePicoSeconds":{"$ref":"#/definitions/org.opcfoundation.UA.UInt16"},"ServerTimestamp":{"$ref":"#/definitions/org.opcfoundation.UA.DateTime"},"ServerPicoSeconds":{"$ref":"#/definitions/org.opcfoundation.UA.UInt16"}},"additionalProperties":false},"org.github.microsoft.opcpublisher.DataSet":{"$id":"http://github.org/microsoft/opcpublisher#DataSet","title":"DataSet","type":"object","properties":{"State":{"$ref":"#/definitions/org.github.microsoft.opcpublisher.ServerStateDataValue"}}},"org.opcfoundation.UA.i_x61_14593":{"$id":"http://opcfoundation.org/UA/#i%3d14593","type":"object","properties":{"MajorVersion":{"$ref":"#/definitions/org.opcfoundation.UA.UInt32"},"MinorVersion":{"$ref":"#/definitions/org.opcfoundation.UA.UInt32"}}},"org.github.microsoft.opcpublisher.JsonDataSetMessage":{"$id":"http://github.org/microsoft/opcpublisher#JsonDataSetMessage","type":"object","properties":{"DataSetWriterId":{"$ref":"#/definitions/org.opcfoundation.UA.String"},"SequenceNumber":{"$ref":"#/definitions/org.opcfoundation.UA.UInt32"},"MetaDataVersion":{"$ref":"#/definitions/org.opcfoundation.UA.i_x61_14593"},"Timestamp":{"$ref":"#/definitions/org.opcfoundation.UA.DateTime"},"MessageType":{"$ref":"#/definitions/org.opcfoundation.UA.String"},"Payload":{"$ref":"#/definitions/org.github.microsoft.opcpublisher.DataSet"}},"required":["DataSetWriterId","SequenceNumber","MetaDataVersion","Timestamp","MessageType","Payload"],"additionalProperties":false}}}