[{"SequenceNumber":2,"MetaDataVersion":{"MajorVersion":1},"Timestamp":"2024-04-26T12:11:43.2765392Z","MessageType":"ua-deltaframe","DataSetWriterName":"<<UnknownDataSet>>","Payload":{"nsu=http://opcfoundation.org/UA/Plc/Applications;s=SlowRandomUIntScalar1":{"Value":{"Type":7,"Body":4194712035},"SourceTimestamp":"2024-04-26T12:11:41.7346572Z","ServerTimestamp":"2024-04-26T12:11:41.7346597Z"},"nsu=http://opcfoundation.org/UA/Plc/Applications;s=SlowRandomUIntScalar2":{"Value":{"Type":7,"Body":2071278012},"SourceTimestamp":"2024-04-26T12:11:41.7346652Z","ServerTimestamp":"2024-04-26T12:11:41.7346659Z"},"nsu=http://opcfoundation.org/UA/Plc/Applications;s=SlowRandomUIntScalar3":{"Value":{"Type":7,"Body":191305038},"SourceTimestamp":"2024-04-26T12:11:41.7346671Z","ServerTimestamp":"2024-04-26T12:11:41.7346675Z"},"nsu=http://opcfoundation.org/UA/Plc/Applications;s=BadSlowRandomUIntScalar1":{"Value":{"Type":7,"Body":2402387252},"SourceTimestamp":"2024-04-26T12:11:41.7346688Z","ServerTimestamp":"2024-04-26T12:11:41.7346693Z"}}}]