[{"SequenceNumber":3,"MetaDataVersion":{"MajorVersion":1},"Timestamp":"2024-04-26T12:11:53.2386182Z","MessageType":"ua-deltaframe","DataSetWriterName":"<<UnknownDataSet>>","Payload":{"nsu=http://opcfoundation.org/UA/Plc/Applications;s=SlowRandomUIntScalar1":{"Value":{"Type":7,"Body":1124846079},"SourceTimestamp":"2024-04-26T12:11:51.7262208Z","ServerTimestamp":"2024-04-26T12:11:51.7262291Z"},"nsu=http://opcfoundation.org/UA/Plc/Applications;s=SlowRandomUIntScalar2":{"Value":{"Type":7,"Body":1773950250},"SourceTimestamp":"2024-04-26T12:11:51.726234Z","ServerTimestamp":"2024-04-26T12:11:51.7262354Z"},"nsu=http://opcfoundation.org/UA/Plc/Applications;s=SlowRandomUIntScalar3":{"Value":{"Type":7,"Body":2610236214},"SourceTimestamp":"2024-04-26T12:11:51.7262363Z","ServerTimestamp":"2024-04-26T12:11:51.7262371Z"},"nsu=http://opcfoundation.org/UA/Plc/Applications;s=BadSlowRandomUIntScalar1":{"Value":{"Type":7,"Body":3550996428},"SourceTimestamp":"2024-04-26T12:11:51.7262384Z","ServerTimestamp":"2024-04-26T12:11:51.7262389Z"}}}]