[{"SequenceNumber":8,"MetaDataVersion":{"MajorVersion":1},"Timestamp":"2024-04-26T12:12:43.2908453Z","MessageType":"ua-deltaframe","DataSetWriterName":"<<UnknownDataSet>>","Payload":{"nsu=http://opcfoundation.org/UA/Plc/Applications;s=SlowRandomUIntScalar1":{"Value":{"Type":7,"Body":3421463011},"SourceTimestamp":"2024-04-26T12:12:41.7260711Z","ServerTimestamp":"2024-04-26T12:12:41.7260733Z"},"nsu=http://opcfoundation.org/UA/Plc/Applications;s=SlowRandomUIntScalar2":{"Value":{"Type":7,"Body":872921242},"SourceTimestamp":"2024-04-26T12:12:41.7260784Z","ServerTimestamp":"2024-04-26T12:12:41.726079Z"},"nsu=http://opcfoundation.org/UA/Plc/Applications;s=SlowRandomUIntScalar3":{"Value":{"Type":7,"Body":199686802},"SourceTimestamp":"2024-04-26T12:12:41.7260804Z","ServerTimestamp":"2024-04-26T12:12:41.7260808Z"},"nsu=http://opcfoundation.org/UA/Plc/Applications;s=BadSlowRandomUIntScalar1":{"Value":{"Type":7,"Body":2458519847},"StatusCode":1083179008,"SourceTimestamp":"2024-04-26T12:12:41.726082Z","ServerTimestamp":"2024-04-26T12:12:41.7260824Z"}}}]