{"MessageId":"689729a4-1bb5-45af-a0ea-8eb0edb03d95","MessageType":"ua-data","PublisherId":"DESKTOP-BGFJS91","DataSetWriterGroup":"MES","Messages":[{"SequenceNumber":100,"MetaDataVersion":{"MajorVersion":1},"Timestamp":"2024-04-26T12:00:59.4504905Z","MessageType":"ua-deltaframe","DataSetWriterName":"<<UnknownDataSet>>","Payload":{"nsu=http://opcfoundation.org/UA/Plc/Applications;s=StepUp":{"Value":1005,"SourceTimestamp":"2024-04-26T12:00:59.4345953Z","ServerTimestamp":"2024-04-26T12:00:59.4346422Z"},"nsu=http://opcfoundation.org/UA/Plc/Applications;s=AlternatingBoolean":{"Value":true,"SourceTimestamp":"2024-04-26T12:00:59.0418082Z","ServerTimestamp":"2024-04-26T12:00:59.0418148Z"},"nsu=http://opcfoundation.org/UA/Plc/Applications;s=RandomSignedInt32":{"Value":698089124,"SourceTimestamp":"2024-04-26T12:00:59.434583Z","ServerTimestamp":"2024-04-26T12:00:59.4346255Z"},"nsu=http://opcfoundation.org/UA/Plc/Applications;s=RandomUnsignedInt32":{"Value":217118392,"SourceTimestamp":"2024-04-26T12:00:59.434592Z","ServerTimestamp":"2024-04-26T12:00:59.4345997Z"},"nsu=http://opcfoundation.org/UA/Plc/Applications;s=DipData":{"Value":-48.175367410171532,"SourceTimestamp":"2024-04-26T12:00:59.4346104Z","ServerTimestamp":"2024-04-26T12:00:59.4346144Z"},"nsu=http://opcfoundation.org/UA/Plc/Applications;s=FastUIntScalar1":{"Value":100,"SourceTimestamp":"2024-04-26T12:00:58.9321717Z","ServerTimestamp":"2024-04-26T12:00:58.9321799Z"}}}]}