{"MessageId":"81e0bb6f-b74d-42ef-b95c-bf41bb3781cf","MessageType":"ua-data","PublisherId":"DESKTOP-BGFJS91","DataSetWriterGroup":"MES","Messages":[{"SequenceNumber":107,"MetaDataVersion":{"MajorVersion":1},"Timestamp":"2024-04-26T12:01:06.4843919Z","MessageType":"ua-deltaframe","DataSetWriterName":"<<UnknownDataSet>>","Payload":{"nsu=http://opcfoundation.org/UA/Plc/Applications;s=StepUp":{"Value":1075,"SourceTimestamp":"2024-04-26T12:01:06.4366214Z","ServerTimestamp":"2024-04-26T12:01:06.4366267Z"},"nsu=http://opcfoundation.org/UA/Plc/Applications;s=RandomSignedInt32":{"Value":1402253965,"SourceTimestamp":"2024-04-26T12:01:06.4366651Z","ServerTimestamp":"2024-04-26T12:01:06.4366713Z"},"nsu=http://opcfoundation.org/UA/Plc/Applications;s=RandomUnsignedInt32":{"Value":577957515,"SourceTimestamp":"2024-04-26T12:01:06.4366512Z","ServerTimestamp":"2024-04-26T12:01:06.4366662Z"},"nsu=http://opcfoundation.org/UA/Plc/Applications;s=DipData":{"Value":-12.533323356430429,"SourceTimestamp":"2024-04-26T12:01:06.4366771Z","ServerTimestamp":"2024-04-26T12:01:06.4366804Z"},"nsu=http://opcfoundation.org/UA/Plc/Applications;s=FastUIntScalar1":{"Value":107,"SourceTimestamp":"2024-04-26T12:01:05.9335522Z","ServerTimestamp":"2024-04-26T12:01:05.9335542Z"}}}]}