{"MessageId":"947354c0-fa2d-47cd-80f8-f70c1777f411","MessageType":"ua-data","PublisherId":"DESKTOP-BGFJS91","DataSetWriterGroup":"MES","Messages":[{"SequenceNumber":110,"MetaDataVersion":{"MajorVersion":1},"Timestamp":"2024-04-26T12:01:09.4438991Z","MessageType":"ua-deltaframe","DataSetWriterName":"<<UnknownDataSet>>","Payload":{"nsu=http://opcfoundation.org/UA/Plc/Applications;s=StepUp":{"Value":1104,"SourceTimestamp":"2024-04-26T12:01:09.3328195Z","ServerTimestamp":"2024-04-26T12:01:09.3328225Z"},"nsu=http://opcfoundation.org/UA/Plc/Applications;s=AlternatingBoolean":{"Value":true,"SourceTimestamp":"2024-04-26T12:01:09.0403824Z","ServerTimestamp":"2024-04-26T12:01:09.0403887Z"},"nsu=http://opcfoundation.org/UA/Plc/Applications;s=RandomSignedInt32":{"Value":1996323767,"SourceTimestamp":"2024-04-26T12:01:09.3328256Z","ServerTimestamp":"2024-04-26T12:01:09.3328884Z"},"nsu=http://opcfoundation.org/UA/Plc/Applications;s=RandomUnsignedInt32":{"Value":168969713,"SourceTimestamp":"2024-04-26T12:01:09.3328529Z","ServerTimestamp":"2024-04-26T12:01:09.3328545Z"},"nsu=http://opcfoundation.org/UA/Plc/Applications;s=DipData":{"Value":-36.812455268467787,"SourceTimestamp":"2024-04-26T12:01:09.3328602Z","ServerTimestamp":"2024-04-26T12:01:09.3328613Z"},"nsu=http://opcfoundation.org/UA/Plc/Applications;s=FastUIntScalar1":{"Value":110,"SourceTimestamp":"2024-04-26T12:01:08.932381Z","ServerTimestamp":"2024-04-26T12:01:08.9323892Z"}}}]}