{"MessageId":"529216d9-123c-4841-af17-3f281d76109c","MessageType":"ua-data","PublisherId":"DESKTOP-BGFJS91","DataSetWriterGroup":"MES","Messages":[{"SequenceNumber":111,"MetaDataVersion":{"MajorVersion":1},"Timestamp":"2024-04-26T12:01:10.4515813Z","MessageType":"ua-deltaframe","DataSetWriterName":"<<UnknownDataSet>>","Payload":{"nsu=http://opcfoundation.org/UA/Plc/Applications;s=StepUp":{"Value":1115,"SourceTimestamp":"2024-04-26T12:01:10.4352343Z","ServerTimestamp":"2024-04-26T12:01:10.4352386Z"},"nsu=http://opcfoundation.org/UA/Plc/Applications;s=RandomSignedInt32":{"Value":483251849,"SourceTimestamp":"2024-04-26T12:01:10.4352456Z","ServerTimestamp":"2024-04-26T12:01:10.4352486Z"},"nsu=http://opcfoundation.org/UA/Plc/Applications;s=RandomUnsignedInt32":{"Value":1091917088,"SourceTimestamp":"2024-04-26T12:01:10.4352591Z","ServerTimestamp":"2024-04-26T12:01:10.4352637Z"},"nsu=http://opcfoundation.org/UA/Plc/Applications;s=DipData":{"Value":-98.228725072868869,"SourceTimestamp":"2024-04-26T12:01:10.4352587Z","ServerTimestamp":"2024-04-26T12:01:10.4352595Z"},"nsu=http://opcfoundation.org/UA/Plc/Applications;s=FastUIntScalar1":{"Value":111,"SourceTimestamp":"2024-04-26T12:01:09.9304146Z","ServerTimestamp":"2024-04-26T12:01:09.9304179Z"}}}]}