{"MessageId":"00b12b9c-51f7-442a-9e6e-d0a5c2dfe493","MessageType":"ua-data","PublisherId":"DESKTOP-BGFJS91","DataSetWriterGroup":"MES","Messages":[{"SequenceNumber":12,"MetaDataVersion":{"MajorVersion":1},"Timestamp":"2024-04-26T11:59:31.4803399Z","MessageType":"ua-deltaframe","DataSetWriterName":"<<UnknownDataSet>>","Payload":{"nsu=http://opcfoundation.org/UA/Plc/Applications;s=StepUp":{"Value":125,"SourceTimestamp":"2024-04-26T11:59:31.432626Z","ServerTimestamp":"2024-04-26T11:59:31.4326407Z"},"nsu=http://opcfoundation.org/UA/Plc/Applications;s=RandomSignedInt32":{"Value":888199693,"SourceTimestamp":"2024-04-26T11:59:31.4326457Z","ServerTimestamp":"2024-04-26T11:59:31.4326891Z"},"nsu=http://opcfoundation.org/UA/Plc/Applications;s=RandomUnsignedInt32":{"Value":646149714,"SourceTimestamp":"2024-04-26T11:59:31.4326492Z","ServerTimestamp":"2024-04-26T11:59:31.4326534Z"},"nsu=http://opcfoundation.org/UA/Plc/Applications;s=DipData":{"Value":-12.533323356430429,"SourceTimestamp":"2024-04-26T11:59:31.4326625Z","ServerTimestamp":"2024-04-26T11:59:31.4326632Z"},"nsu=http://opcfoundation.org/UA/Plc/Applications;s=FastUIntScalar1":{"Value":12,"SourceTimestamp":"2024-04-26T11:59:30.9307367Z","ServerTimestamp":"2024-04-26T11:59:30.9307387Z"}}}]}