{"MessageId":"66ff79b0-cc8d-4daf-a089-10c5c0ea67da","MessageType":"ua-data","PublisherId":"DESKTOP-BGFJS91","DataSetWriterGroup":"MES","Messages":[{"SequenceNumber":20,"MetaDataVersion":{"MajorVersion":1},"Timestamp":"2024-04-26T11:59:39.4726177Z","MessageType":"ua-deltaframe","DataSetWriterName":"<<UnknownDataSet>>","Payload":{"nsu=http://opcfoundation.org/UA/Plc/Applications;s=StepUp":{"Value":205,"SourceTimestamp":"2024-04-26T11:59:39.4406454Z","ServerTimestamp":"2024-04-26T11:59:39.440648Z"},"nsu=http://opcfoundation.org/UA/Plc/Applications;s=AlternatingBoolean":{"Value":true,"SourceTimestamp":"2024-04-26T11:59:39.0335285Z","ServerTimestamp":"2024-04-26T11:59:39.0335323Z"},"nsu=http://opcfoundation.org/UA/Plc/Applications;s=RandomSignedInt32":{"Value":-2035364220,"SourceTimestamp":"2024-04-26T11:59:39.4406601Z","ServerTimestamp":"2024-04-26T11:59:39.4406631Z"},"nsu=http://opcfoundation.org/UA/Plc/Applications;s=RandomUnsignedInt32":{"Value":268745283,"SourceTimestamp":"2024-04-26T11:59:39.4406622Z","ServerTimestamp":"2024-04-26T11:59:39.4406668Z"},"nsu=http://opcfoundation.org/UA/Plc/Applications;s=DipData":{"Value":-48.175367410171532,"SourceTimestamp":"2024-04-26T11:59:39.4406721Z","ServerTimestamp":"2024-04-26T11:59:39.4406728Z"},"nsu=http://opcfoundation.org/UA/Plc/Applications;s=FastUIntScalar1":{"Value":20,"SourceTimestamp":"2024-04-26T11:59:38.9390585Z","ServerTimestamp":"2024-04-26T11:59:38.9390629Z"}}}]}