{"MessageId":"89d0e601-a0e5-4634-8c31-e1033f57fc93","MessageType":"ua-data","PublisherId":"DESKTOP-BGFJS91","DataSetWriterGroup":"MES","Messages":[{"SequenceNumber":21,"MetaDataVersion":{"MajorVersion":1},"Timestamp":"2024-04-26T11:59:40.47812Z","MessageType":"ua-deltaframe","DataSetWriterName":"<<UnknownDataSet>>","Payload":{"nsu=http://opcfoundation.org/UA/Plc/Applications;s=StepUp":{"Value":215,"SourceTimestamp":"2024-04-26T11:59:40.4306223Z","ServerTimestamp":"2024-04-26T11:59:40.4306251Z"},"nsu=http://opcfoundation.org/UA/Plc/Applications;s=RandomSignedInt32":{"Value":-327323811,"SourceTimestamp":"2024-04-26T11:59:40.4306418Z","ServerTimestamp":"2024-04-26T11:59:40.4306434Z"},"nsu=http://opcfoundation.org/UA/Plc/Applications;s=RandomUnsignedInt32":{"Value":646662153,"SourceTimestamp":"2024-04-26T11:59:40.4306372Z","ServerTimestamp":"2024-04-26T11:59:40.4306475Z"},"nsu=http://opcfoundation.org/UA/Plc/Applications;s=DipData":{"Value":-98.228725072868869,"SourceTimestamp":"2024-04-26T11:59:40.4306519Z","ServerTimestamp":"2024-04-26T11:59:40.4306525Z"},"nsu=http://opcfoundation.org/UA/Plc/Applications;s=FastUIntScalar1":{"Value":21,"SourceTimestamp":"2024-04-26T11:59:39.9432341Z","ServerTimestamp":"2024-04-26T11:59:39.9432381Z"}}}]}