{"MessageId":"e77ac360-81e1-4a00-bf97-97d233a30f88","MessageType":"ua-data","PublisherId":"DESKTOP-BGFJS91","DataSetWriterGroup":"MES","Messages":[{"SequenceNumber":22,"MetaDataVersion":{"MajorVersion":1},"Timestamp":"2024-04-26T11:59:41.4769405Z","MessageType":"ua-deltaframe","DataSetWriterName":"<<UnknownDataSet>>","Payload":{"nsu=http://opcfoundation.org/UA/Plc/Applications;s=StepUp":{"Value":225,"SourceTimestamp":"2024-04-26T11:59:41.4298431Z","ServerTimestamp":"2024-04-26T11:59:41.4298472Z"},"nsu=http://opcfoundation.org/UA/Plc/Applications;s=RandomSignedInt32":{"Value":-1331511544,"SourceTimestamp":"2024-04-26T11:59:41.4298673Z","ServerTimestamp":"2024-04-26T11:59:41.4298854Z"},"nsu=http://opcfoundation.org/UA/Plc/Applications;s=RandomUnsignedInt32":{"Value":1253418952,"SourceTimestamp":"2024-04-26T11:59:41.4298615Z","ServerTimestamp":"2024-04-26T11:59:41.4298623Z"},"nsu=http://opcfoundation.org/UA/Plc/Applications;s=DipData":{"Value":-12.533323356430429,"SourceTimestamp":"2024-04-26T11:59:41.4298749Z","ServerTimestamp":"2024-04-26T11:59:41.4298815Z"},"nsu=http://opcfoundation.org/UA/Plc/Applications;s=FastUIntScalar1":{"Value":22,"SourceTimestamp":"2024-04-26T11:59:40.9426279Z","ServerTimestamp":"2024-04-26T11:59:40.9433857Z"}}}]}