{"MessageId":"bfdd473e-1349-44b0-87c5-3de9abe7146d","MessageType":"ua-data","PublisherId":"DESKTOP-BGFJS91","DataSetWriterGroup":"MES","Messages":[{"SequenceNumber":27,"MetaDataVersion":{"MajorVersion":1},"Timestamp":"2024-04-26T11:59:46.4269662Z","MessageType":"ua-deltaframe","DataSetWriterName":"<<UnknownDataSet>>","Payload":{"nsu=http://opcfoundation.org/UA/Plc/Applications;s=StepUp":{"Value":274,"SourceTimestamp":"2024-04-26T11:59:46.3308953Z","ServerTimestamp":"2024-04-26T11:59:46.3308987Z"},"nsu=http://opcfoundation.org/UA/Plc/Applications;s=RandomSignedInt32":{"Value":-821748404,"SourceTimestamp":"2024-04-26T11:59:46.3309063Z","ServerTimestamp":"2024-04-26T11:59:46.3309125Z"},"nsu=http://opcfoundation.org/UA/Plc/Applications;s=RandomUnsignedInt32":{"Value":1206113033,"SourceTimestamp":"2024-04-26T11:59:46.3309187Z","ServerTimestamp":"2024-04-26T11:59:46.3309235Z"},"nsu=http://opcfoundation.org/UA/Plc/Applications;s=DipData":{"Value":-24.8689887164855,"SourceTimestamp":"2024-04-26T11:59:46.3309191Z","ServerTimestamp":"2024-04-26T11:59:46.3309197Z"},"nsu=http://opcfoundation.org/UA/Plc/Applications;s=FastUIntScalar1":{"Value":27,"SourceTimestamp":"2024-04-26T11:59:45.9316777Z","ServerTimestamp":"2024-04-26T11:59:45.9316809Z"}}}]}