{"MessageId":"757b1193-a34b-4bfc-95e3-de8633ab781d","MessageType":"ua-data","PublisherId":"DESKTOP-BGFJS91","DataSetWriterGroup":"MES","Messages":[{"SequenceNumber":29,"MetaDataVersion":{"MajorVersion":1},"Timestamp":"2024-04-26T11:59:48.436619Z","MessageType":"ua-deltaframe","DataSetWriterName":"<<UnknownDataSet>>","Payload":{"nsu=http://opcfoundation.org/UA/Plc/Applications;s=StepUp":{"Value":295,"SourceTimestamp":"2024-04-26T11:59:48.4360135Z","ServerTimestamp":"2024-04-26T11:59:48.4360179Z"},"nsu=http://opcfoundation.org/UA/Plc/Applications;s=RandomSignedInt32":{"Value":2045586804,"SourceTimestamp":"2024-04-26T11:59:48.3417413Z","ServerTimestamp":"2024-04-26T11:59:48.3417427Z"},"nsu=http://opcfoundation.org/UA/Plc/Applications;s=RandomUnsignedInt32":{"Value":1472626960,"SourceTimestamp":"2024-04-26T11:59:48.3417506Z","ServerTimestamp":"2024-04-26T11:59:48.3417517Z"},"nsu=http://opcfoundation.org/UA/Plc/Applications;s=DipData":{"Value":77.051324277578928,"SourceTimestamp":"2024-04-26T11:59:48.3417693Z","ServerTimestamp":"2024-04-26T11:59:48.3417925Z"},"nsu=http://opcfoundation.org/UA/Plc/Applications;s=FastUIntScalar1":{"Value":29,"SourceTimestamp":"2024-04-26T11:59:47.9328192Z","ServerTimestamp":"2024-04-26T11:59:47.9328276Z"}}}]}