{"MessageId":"1da7fc03-2881-4e3b-ba0b-1c3f2f044008","MessageType":"ua-data","PublisherId":"DESKTOP-BGFJS91","DataSetWriterGroup":"MES","Messages":[{"SequenceNumber":37,"MetaDataVersion":{"MajorVersion":1},"Timestamp":"2024-04-26T11:59:56.4688849Z","MessageType":"ua-deltaframe","DataSetWriterName":"<<UnknownDataSet>>","Payload":{"nsu=http://opcfoundation.org/UA/Plc/Applications;s=StepUp":{"Value":375,"SourceTimestamp":"2024-04-26T11:59:56.4366886Z","ServerTimestamp":"2024-04-26T11:59:56.4366913Z"},"nsu=http://opcfoundation.org/UA/Plc/Applications;s=RandomSignedInt32":{"Value":2109735711,"SourceTimestamp":"2024-04-26T11:59:56.4367009Z","ServerTimestamp":"2024-04-26T11:59:56.4367065Z"},"nsu=http://opcfoundation.org/UA/Plc/Applications;s=RandomUnsignedInt32":{"Value":1182545931,"SourceTimestamp":"2024-04-26T11:59:56.4367059Z","ServerTimestamp":"2024-04-26T11:59:56.4367091Z"},"nsu=http://opcfoundation.org/UA/Plc/Applications;s=DipData":{"Value":-12.533323356430429,"SourceTimestamp":"2024-04-26T11:59:56.4367161Z","ServerTimestamp":"2024-04-26T11:59:56.436717Z"},"nsu=http://opcfoundation.org/UA/Plc/Applications;s=FastUIntScalar1":{"Value":37,"SourceTimestamp":"2024-04-26T11:59:55.9321645Z","ServerTimestamp":"2024-04-26T11:59:55.9321706Z"}}}]}