{"MessageId":"a88894db-aa98-48df-8c43-0b30dc3110b4","MessageType":"ua-data","PublisherId":"DESKTOP-BGFJS91","DataSetWriterGroup":"MES","Messages":[{"SequenceNumber":38,"MetaDataVersion":{"MajorVersion":1},"Timestamp":"2024-04-26T11:59:57.475109Z","MessageType":"ua-deltaframe","DataSetWriterName":"<<UnknownDataSet>>","Payload":{"nsu=http://opcfoundation.org/UA/Plc/Applications;s=StepUp":{"Value":385,"SourceTimestamp":"2024-04-26T11:59:57.4435453Z","ServerTimestamp":"2024-04-26T11:59:57.4435493Z"},"nsu=http://opcfoundation.org/UA/Plc/Applications;s=RandomSignedInt32":{"Value":-1852155362,"SourceTimestamp":"2024-04-26T11:59:57.4435677Z","ServerTimestamp":"2024-04-26T11:59:57.4435687Z"},"nsu=http://opcfoundation.org/UA/Plc/Applications;s=RandomUnsignedInt32":{"Value":586087730,"SourceTimestamp":"2024-04-26T11:59:57.4435744Z","ServerTimestamp":"2024-04-26T11:59:57.4435752Z"},"nsu=http://opcfoundation.org/UA/Plc/Applications;s=DipData":{"Value":90.482705246601952,"SourceTimestamp":"2024-04-26T11:59:57.4435889Z","ServerTimestamp":"2024-04-26T11:59:57.4435898Z"},"nsu=http://opcfoundation.org/UA/Plc/Applications;s=FastUIntScalar1":{"Value":38,"SourceTimestamp":"2024-04-26T11:59:56.9401027Z","ServerTimestamp":"2024-04-26T11:59:56.9401071Z"}}}]}