{"MessageId":"6891ea8f-dfa7-4323-92ca-4542f6d9666b","MessageType":"ua-data","PublisherId":"DESKTOP-BGFJS91","DataSetWriterGroup":"MES","Messages":[{"SequenceNumber":39,"MetaDataVersion":{"MajorVersion":1},"Timestamp":"2024-04-26T11:59:58.4807903Z","MessageType":"ua-deltaframe","DataSetWriterName":"<<UnknownDataSet>>","Payload":{"nsu=http://opcfoundation.org/UA/Plc/Applications;s=StepUp":{"Value":395,"SourceTimestamp":"2024-04-26T11:59:58.4330749Z","ServerTimestamp":"2024-04-26T11:59:58.4330785Z"},"nsu=http://opcfoundation.org/UA/Plc/Applications;s=RandomSignedInt32":{"Value":1346003137,"SourceTimestamp":"2024-04-26T11:59:58.4330785Z","ServerTimestamp":"2024-04-26T11:59:58.4330882Z"},"nsu=http://opcfoundation.org/UA/Plc/Applications;s=RandomUnsignedInt32":{"Value":1884850449,"SourceTimestamp":"2024-04-26T11:59:58.4330943Z","ServerTimestamp":"2024-04-26T11:59:58.4330959Z"},"nsu=http://opcfoundation.org/UA/Plc/Applications;s=DipData":{"Value":68.454710592868878,"SourceTimestamp":"2024-04-26T11:59:58.433102Z","ServerTimestamp":"2024-04-26T11:59:58.4331076Z"},"nsu=http://opcfoundation.org/UA/Plc/Applications;s=FastUIntScalar1":{"Value":39,"SourceTimestamp":"2024-04-26T11:59:57.9310416Z","ServerTimestamp":"2024-04-26T11:59:57.931053Z"}}}]}