{"MessageId":"54d91a15-33d0-41dc-9738-1b59b5e821bc","MessageType":"ua-data","PublisherId":"DESKTOP-BGFJS91","DataSetWriterGroup":"MES","Messages":[{"SequenceNumber":41,"MetaDataVersion":{"MajorVersion":1},"Timestamp":"2024-04-26T12:00:00.4298266Z","MessageType":"ua-deltaframe","DataSetWriterName":"<<UnknownDataSet>>","Payload":{"nsu=http://opcfoundation.org/UA/Plc/Applications;s=StepUp":{"Value":414,"SourceTimestamp":"2024-04-26T12:00:00.3352791Z","ServerTimestamp":"2024-04-26T12:00:00.3352851Z"},"nsu=http://opcfoundation.org/UA/Plc/Applications;s=RandomSignedInt32":{"Value":-483566871,"SourceTimestamp":"2024-04-26T12:00:00.3353114Z","ServerTimestamp":"2024-04-26T12:00:00.3353126Z"},"nsu=http://opcfoundation.org/UA/Plc/Applications;s=RandomUnsignedInt32":{"Value":960903996,"SourceTimestamp":"2024-04-26T12:00:00.3353149Z","ServerTimestamp":"2024-04-26T12:00:00.335316Z"},"nsu=http://opcfoundation.org/UA/Plc/Applications;s=DipData":{"Value":-99.80267284282715,"SourceTimestamp":"2024-04-26T12:00:00.2411994Z","ServerTimestamp":"2024-04-26T12:00:00.2412029Z"},"nsu=http://opcfoundation.org/UA/Plc/Applications;s=FastUIntScalar1":{"Value":41,"SourceTimestamp":"2024-04-26T11:59:59.9428645Z","ServerTimestamp":"2024-04-26T11:59:59.9428678Z"}}}]}