{"MessageId":"e0f7c81c-b3b2-4ee7-b74c-438f81636eb5","MessageType":"ua-data","PublisherId":"DESKTOP-BGFJS91","DataSetWriterGroup":"MES","Messages":[{"SequenceNumber":50,"MetaDataVersion":{"MajorVersion":1},"Timestamp":"2024-04-26T12:00:09.4718451Z","MessageType":"ua-deltaframe","DataSetWriterName":"<<UnknownDataSet>>","Payload":{"nsu=http://opcfoundation.org/UA/Plc/Applications;s=StepUp":{"Value":505,"SourceTimestamp":"2024-04-26T12:00:09.439782Z","ServerTimestamp":"2024-04-26T12:00:09.4397862Z"},"nsu=http://opcfoundation.org/UA/Plc/Applications;s=AlternatingBoolean":{"Value":true,"SourceTimestamp":"2024-04-26T12:00:09.031477Z","ServerTimestamp":"2024-04-26T12:00:09.0314803Z"},"nsu=http://opcfoundation.org/UA/Plc/Applications;s=RandomSignedInt32":{"Value":815735080,"SourceTimestamp":"2024-04-26T12:00:09.439807Z","ServerTimestamp":"2024-04-26T12:00:09.439808Z"},"nsu=http://opcfoundation.org/UA/Plc/Applications;s=RandomUnsignedInt32":{"Value":594929282,"SourceTimestamp":"2024-04-26T12:00:09.4398132Z","ServerTimestamp":"2024-04-26T12:00:09.4398245Z"},"nsu=http://opcfoundation.org/UA/Plc/Applications;s=DipData":{"Value":-48.175367410171532,"SourceTimestamp":"2024-04-26T12:00:09.4398483Z","ServerTimestamp":"2024-04-26T12:00:09.4398551Z"},"nsu=http://opcfoundation.org/UA/Plc/Applications;s=FastUIntScalar1":{"Value":50,"SourceTimestamp":"2024-04-26T12:00:08.9373742Z","ServerTimestamp":"2024-04-26T12:00:08.9373749Z"}}}]}