{"MessageId":"311f2423-ac5b-4771-b120-de520676cb21","MessageType":"ua-data","PublisherId":"DESKTOP-BGFJS91","DataSetWriterGroup":"MES","Messages":[{"SequenceNumber":51,"MetaDataVersion":{"MajorVersion":1},"Timestamp":"2024-04-26T12:00:10.4753656Z","MessageType":"ua-deltaframe","DataSetWriterName":"<<UnknownDataSet>>","Payload":{"nsu=http://opcfoundation.org/UA/Plc/Applications;s=StepUp":{"Value":515,"SourceTimestamp":"2024-04-26T12:00:10.4426649Z","ServerTimestamp":"2024-04-26T12:00:10.4426683Z"},"nsu=http://opcfoundation.org/UA/Plc/Applications;s=RandomSignedInt32":{"Value":1634943302,"SourceTimestamp":"2024-04-26T12:00:10.4426826Z","ServerTimestamp":"2024-04-26T12:00:10.4426842Z"},"nsu=http://opcfoundation.org/UA/Plc/Applications;s=RandomUnsignedInt32":{"Value":425908710,"SourceTimestamp":"2024-04-26T12:00:10.4426825Z","ServerTimestamp":"2024-04-26T12:00:10.442683Z"},"nsu=http://opcfoundation.org/UA/Plc/Applications;s=DipData":{"Value":-98.228725072868869,"SourceTimestamp":"2024-04-26T12:00:10.4426903Z","ServerTimestamp":"2024-04-26T12:00:10.4426909Z"},"nsu=http://opcfoundation.org/UA/Plc/Applications;s=FastUIntScalar1":{"Value":51,"SourceTimestamp":"2024-04-26T12:00:09.9412615Z","ServerTimestamp":"2024-04-26T12:00:09.9412641Z"}}}]}