{"MessageId":"f60649d1-0c6a-43a1-95c6-3281bba30493","MessageType":"ua-data","PublisherId":"DESKTOP-BGFJS91","DataSetWriterGroup":"MES","Messages":[{"SequenceNumber":59,"MetaDataVersion":{"MajorVersion":1},"Timestamp":"2024-04-26T12:00:18.4356465Z","MessageType":"ua-deltaframe","DataSetWriterName":"<<UnknownDataSet>>","Payload":{"nsu=http://opcfoundation.org/UA/Plc/Applications;s=StepUp":{"Value":594,"SourceTimestamp":"2024-04-26T12:00:18.3411724Z","ServerTimestamp":"2024-04-26T12:00:18.3411771Z"},"nsu=http://opcfoundation.org/UA/Plc/Applications;s=RandomSignedInt32":{"Value":-1372628881,"SourceTimestamp":"2024-04-26T12:00:18.3412186Z","ServerTimestamp":"2024-04-26T12:00:18.3412198Z"},"nsu=http://opcfoundation.org/UA/Plc/Applications;s=RandomUnsignedInt32":{"Value":2039729439,"SourceTimestamp":"2024-04-26T12:00:18.3412263Z","ServerTimestamp":"2024-04-26T12:00:18.3412309Z"},"nsu=http://opcfoundation.org/UA/Plc/Applications;s=DipData":{"Value":77.051324277578928,"SourceTimestamp":"2024-04-26T12:00:18.3412588Z","ServerTimestamp":"2024-04-26T12:00:18.3412627Z"},"nsu=http://opcfoundation.org/UA/Plc/Applications;s=FastUIntScalar1":{"Value":59,"SourceTimestamp":"2024-04-26T12:00:17.9333321Z","ServerTimestamp":"2024-04-26T12:00:17.9333354Z"}}}]}