{"MessageId":"2ed6fd40-f265-4932-88ef-431fe13dadb1","MessageType":"ua-data","PublisherId":"DESKTOP-BGFJS91","DataSetWriterGroup":"MES","Messages":[{"SequenceNumber":6,"MetaDataVersion":{"MajorVersion":1},"Timestamp":"2024-04-26T11:59:25.4639276Z","MessageType":"ua-deltaframe","DataSetWriterName":"<<UnknownDataSet>>","Payload":{"nsu=http://opcfoundation.org/UA/Plc/Applications;s=StepUp":{"Value":65,"SourceTimestamp":"2024-04-26T11:59:25.4324183Z","ServerTimestamp":"2024-04-26T11:59:25.4324229Z"},"nsu=http://opcfoundation.org/UA/Plc/Applications;s=RandomSignedInt32":{"Value":-1206702614,"SourceTimestamp":"2024-04-26T11:59:25.4324572Z","ServerTimestamp":"2024-04-26T11:59:25.4324598Z"},"nsu=http://opcfoundation.org/UA/Plc/Applications;s=RandomUnsignedInt32":{"Value":225019238,"SourceTimestamp":"2024-04-26T11:59:25.4324461Z","ServerTimestamp":"2024-04-26T11:59:25.4324485Z"},"nsu=http://opcfoundation.org/UA/Plc/Applications;s=DipData":{"Value":-98.228725072868869,"SourceTimestamp":"2024-04-26T11:59:25.4324785Z","ServerTimestamp":"2024-04-26T11:59:25.4324798Z"},"nsu=http://opcfoundation.org/UA/Plc/Applications;s=FastUIntScalar1":{"Value":6,"SourceTimestamp":"2024-04-26T11:59:24.929077Z","ServerTimestamp":"2024-04-26T11:59:24.9290803Z"}}}]}