{"MessageId":"f6d4ebee-9a7a-4f87-8740-39d7cbe845c1","MessageType":"ua-data","PublisherId":"DESKTOP-BGFJS91","DataSetWriterGroup":"MES","Messages":[{"SequenceNumber":63,"MetaDataVersion":{"MajorVersion":1},"Timestamp":"2024-04-26T12:00:22.4515491Z","MessageType":"ua-deltaframe","DataSetWriterName":"<<UnknownDataSet>>","Payload":{"nsu=http://opcfoundation.org/UA/Plc/Applications;s=StepUp":{"Value":635,"SourceTimestamp":"2024-04-26T12:00:22.4355236Z","ServerTimestamp":"2024-04-26T12:00:22.4355267Z"},"nsu=http://opcfoundation.org/UA/Plc/Applications;s=RandomSignedInt32":{"Value":-1211005571,"SourceTimestamp":"2024-04-26T12:00:22.435537Z","ServerTimestamp":"2024-04-26T12:00:22.4355429Z"},"nsu=http://opcfoundation.org/UA/Plc/Applications;s=RandomUnsignedInt32":{"Value":788184389,"SourceTimestamp":"2024-04-26T12:00:22.4355499Z","ServerTimestamp":"2024-04-26T12:00:22.4355517Z"},"nsu=http://opcfoundation.org/UA/Plc/Applications;s=DipData":{"Value":90.482705246601952,"SourceTimestamp":"2024-04-26T12:00:22.4355521Z","ServerTimestamp":"2024-04-26T12:00:22.4355558Z"},"nsu=http://opcfoundation.org/UA/Plc/Applications;s=FastUIntScalar1":{"Value":63,"SourceTimestamp":"2024-04-26T12:00:21.9328341Z","ServerTimestamp":"2024-04-26T12:00:21.9328364Z"}}}]}