{"MessageId":"b8ca518d-fede-458f-bfd7-91100e5a80c9","MessageType":"ua-data","PublisherId":"DESKTOP-BGFJS91","DataSetWriterGroup":"MES","Messages":[{"SequenceNumber":72,"MetaDataVersion":{"MajorVersion":1},"Timestamp":"2024-04-26T12:00:31.4312714Z","MessageType":"ua-deltaframe","DataSetWriterName":"<<UnknownDataSet>>","Payload":{"nsu=http://opcfoundation.org/UA/Plc/Applications;s=StepUp":{"Value":724,"SourceTimestamp":"2024-04-26T12:00:31.3361251Z","ServerTimestamp":"2024-04-26T12:00:31.3361287Z"},"nsu=http://opcfoundation.org/UA/Plc/Applications;s=RandomSignedInt32":{"Value":267048591,"SourceTimestamp":"2024-04-26T12:00:31.3361405Z","ServerTimestamp":"2024-04-26T12:00:31.3361475Z"},"nsu=http://opcfoundation.org/UA/Plc/Applications;s=RandomUnsignedInt32":{"Value":609396678,"SourceTimestamp":"2024-04-26T12:00:31.3361471Z","ServerTimestamp":"2024-04-26T12:00:31.3361527Z"},"nsu=http://opcfoundation.org/UA/Plc/Applications;s=DipData":{"Value":-24.8689887164855,"SourceTimestamp":"2024-04-26T12:00:31.3361578Z","ServerTimestamp":"2024-04-26T12:00:31.3361585Z"},"nsu=http://opcfoundation.org/UA/Plc/Applications;s=FastUIntScalar1":{"Value":72,"SourceTimestamp":"2024-04-26T12:00:30.9434438Z","ServerTimestamp":"2024-04-26T12:00:30.9434465Z"}}}]}