{"MessageId":"9f9143ce-4515-4245-a483-6627eeabf2a9","MessageType":"ua-data","PublisherId":"DESKTOP-BGFJS91","DataSetWriterGroup":"MES","Messages":[{"SequenceNumber":75,"MetaDataVersion":{"MajorVersion":1},"Timestamp":"2024-04-26T12:00:34.483645Z","MessageType":"ua-deltaframe","DataSetWriterName":"<<UnknownDataSet>>","Payload":{"nsu=http://opcfoundation.org/UA/Plc/Applications;s=StepUp":{"Value":755,"SourceTimestamp":"2024-04-26T12:00:34.4364189Z","ServerTimestamp":"2024-04-26T12:00:34.4364225Z"},"nsu=http://opcfoundation.org/UA/Plc/Applications;s=AlternatingBoolean":{"Value":false,"SourceTimestamp":"2024-04-26T12:00:34.0445292Z","ServerTimestamp":"2024-04-26T12:00:34.0445314Z"},"nsu=http://opcfoundation.org/UA/Plc/Applications;s=RandomSignedInt32":{"Value":357655351,"SourceTimestamp":"2024-04-26T12:00:34.4364361Z","ServerTimestamp":"2024-04-26T12:00:34.4364573Z"},"nsu=http://opcfoundation.org/UA/Plc/Applications;s=RandomUnsignedInt32":{"Value":731519160,"SourceTimestamp":"2024-04-26T12:00:34.4364415Z","ServerTimestamp":"2024-04-26T12:00:34.4364474Z"},"nsu=http://opcfoundation.org/UA/Plc/Applications;s=DipData":{"Value":-48.175367410171532,"SourceTimestamp":"2024-04-26T12:00:34.4364633Z","ServerTimestamp":"2024-04-26T12:00:34.436465Z"},"nsu=http://opcfoundation.org/UA/Plc/Applications;s=FastUIntScalar1":{"Value":75,"SourceTimestamp":"2024-04-26T12:00:33.9347025Z","ServerTimestamp":"2024-04-26T12:00:33.9347061Z"}}}]}