{"MessageId":"92b74574-d146-4d19-af51-48a239e0e3e0","MessageType":"ua-data","PublisherId":"DESKTOP-BGFJS91","DataSetWriterGroup":"MES","Messages":[{"SequenceNumber":79,"MetaDataVersion":{"MajorVersion":1},"Timestamp":"2024-04-26T12:00:38.4406047Z","MessageType":"ua-deltaframe","DataSetWriterName":"<<UnknownDataSet>>","Payload":{"nsu=http://opcfoundation.org/UA/Plc/Applications;s=StepUp":{"Value":794,"SourceTimestamp":"2024-04-26T12:00:38.3304297Z","ServerTimestamp":"2024-04-26T12:00:38.3304324Z"},"nsu=http://opcfoundation.org/UA/Plc/Applications;s=RandomSignedInt32":{"Value":115056335,"SourceTimestamp":"2024-04-26T12:00:38.3304346Z","ServerTimestamp":"2024-04-26T12:00:38.3304601Z"},"nsu=http://opcfoundation.org/UA/Plc/Applications;s=RandomUnsignedInt32":{"Value":379909744,"SourceTimestamp":"2024-04-26T12:00:38.3304416Z","ServerTimestamp":"2024-04-26T12:00:38.3304468Z"},"nsu=http://opcfoundation.org/UA/Plc/Applications;s=DipData":{"Value":77.051324277578928,"SourceTimestamp":"2024-04-26T12:00:38.3304679Z","ServerTimestamp":"2024-04-26T12:00:38.3304689Z"},"nsu=http://opcfoundation.org/UA/Plc/Applications;s=FastUIntScalar1":{"Value":79,"SourceTimestamp":"2024-04-26T12:00:37.9371913Z","ServerTimestamp":"2024-04-26T12:00:37.9371978Z"}}}]}