{"MessageId":"b537d89d-658f-4d38-8006-4b5fb4e077a1","MessageType":"ua-data","PublisherId":"DESKTOP-BGFJS91","DataSetWriterGroup":"MES","Messages":[{"SequenceNumber":83,"MetaDataVersion":{"MajorVersion":1},"Timestamp":"2024-04-26T12:00:42.4562287Z","MessageType":"ua-deltaframe","DataSetWriterName":"<<UnknownDataSet>>","Payload":{"nsu=http://opcfoundation.org/UA/Plc/Applications;s=StepUp":{"Value":835,"SourceTimestamp":"2024-04-26T12:00:42.4404256Z","ServerTimestamp":"2024-04-26T12:00:42.4404446Z"},"nsu=http://opcfoundation.org/UA/Plc/Applications;s=RandomSignedInt32":{"Value":-1657366740,"SourceTimestamp":"2024-04-26T12:00:42.4404363Z","ServerTimestamp":"2024-04-26T12:00:42.4404382Z"},"nsu=http://opcfoundation.org/UA/Plc/Applications;s=RandomUnsignedInt32":{"Value":1249365175,"SourceTimestamp":"2024-04-26T12:00:42.4404471Z","ServerTimestamp":"2024-04-26T12:00:42.4404491Z"},"nsu=http://opcfoundation.org/UA/Plc/Applications;s=DipData":{"Value":90.482705246601952,"SourceTimestamp":"2024-04-26T12:00:42.4404522Z","ServerTimestamp":"2024-04-26T12:00:42.4404528Z"},"nsu=http://opcfoundation.org/UA/Plc/Applications;s=FastUIntScalar1":{"Value":83,"SourceTimestamp":"2024-04-26T12:00:41.9375087Z","ServerTimestamp":"2024-04-26T12:00:41.9375161Z"}}}]}