{"MessageId":"f18c2881-69d9-45c3-8faf-0d5ee3ba3d26","MessageType":"ua-data","PublisherId":"DESKTOP-BGFJS91","DataSetWriterGroup":"MES","Messages":[{"SequenceNumber":88,"MetaDataVersion":{"MajorVersion":1},"Timestamp":"2024-04-26T12:00:47.4757201Z","MessageType":"ua-deltaframe","DataSetWriterName":"<<UnknownDataSet>>","Payload":{"nsu=http://opcfoundation.org/UA/Plc/Applications;s=StepUp":{"Value":885,"SourceTimestamp":"2024-04-26T12:00:47.4441728Z","ServerTimestamp":"2024-04-26T12:00:47.4441769Z"},"nsu=http://opcfoundation.org/UA/Plc/Applications;s=RandomSignedInt32":{"Value":-1883939369,"SourceTimestamp":"2024-04-26T12:00:47.4441933Z","ServerTimestamp":"2024-04-26T12:00:47.4441953Z"},"nsu=http://opcfoundation.org/UA/Plc/Applications;s=RandomUnsignedInt32":{"Value":1415947997,"SourceTimestamp":"2024-04-26T12:00:47.4442069Z","ServerTimestamp":"2024-04-26T12:00:47.4442086Z"},"nsu=http://opcfoundation.org/UA/Plc/Applications;s=DipData":{"Value":90.482705246601952,"SourceTimestamp":"2024-04-26T12:00:47.4442092Z","ServerTimestamp":"2024-04-26T12:00:47.4442126Z"},"nsu=http://opcfoundation.org/UA/Plc/Applications;s=FastUIntScalar1":{"Value":88,"SourceTimestamp":"2024-04-26T12:00:46.9429063Z","ServerTimestamp":"2024-04-26T12:00:46.9429089Z"}}}]}