{"MessageId":"34d934ac-ed76-4c51-9daa-8609ee8bcdb9","MessageType":"ua-data","PublisherId":"DESKTOP-BGFJS91","DataSetWriterGroup":"MES","Messages":[{"SequenceNumber":91,"MetaDataVersion":{"MajorVersion":1},"Timestamp":"2024-04-26T12:00:50.4886604Z","MessageType":"ua-deltaframe","DataSetWriterName":"<<UnknownDataSet>>","Payload":{"nsu=http://opcfoundation.org/UA/Plc/Applications;s=StepUp":{"Value":915,"SourceTimestamp":"2024-04-26T12:00:50.4405024Z","ServerTimestamp":"2024-04-26T12:00:50.4405082Z"},"nsu=http://opcfoundation.org/UA/Plc/Applications;s=RandomSignedInt32":{"Value":-1494853788,"SourceTimestamp":"2024-04-26T12:00:50.4404955Z","ServerTimestamp":"2024-04-26T12:00:50.4404971Z"},"nsu=http://opcfoundation.org/UA/Plc/Applications;s=RandomUnsignedInt32":{"Value":217011024,"SourceTimestamp":"2024-04-26T12:00:50.4404921Z","ServerTimestamp":"2024-04-26T12:00:50.4404932Z"},"nsu=http://opcfoundation.org/UA/Plc/Applications;s=DipData":{"Value":-98.228725072868869,"SourceTimestamp":"2024-04-26T12:00:50.4404887Z","ServerTimestamp":"2024-04-26T12:00:50.4404897Z"},"nsu=http://opcfoundation.org/UA/Plc/Applications;s=FastUIntScalar1":{"Value":91,"SourceTimestamp":"2024-04-26T12:00:49.9372817Z","ServerTimestamp":"2024-04-26T12:00:49.9372851Z"}}}]}