{"MessageId":"b8790fd6-7239-431e-808c-9cd0695ad784","MessageType":"ua-data","PublisherId":"DESKTOP-BGFJS91","DataSetWriterGroup":"MES","Messages":[{"SequenceNumber":93,"MetaDataVersion":{"MajorVersion":1},"Timestamp":"2024-04-26T12:00:52.4267684Z","MessageType":"ua-deltaframe","DataSetWriterName":"<<UnknownDataSet>>","Payload":{"nsu=http://opcfoundation.org/UA/Plc/Applications;s=StepUp":{"Value":934,"SourceTimestamp":"2024-04-26T12:00:52.3319945Z","ServerTimestamp":"2024-04-26T12:00:52.331998Z"},"nsu=http://opcfoundation.org/UA/Plc/Applications;s=RandomSignedInt32":{"Value":-1585210798,"SourceTimestamp":"2024-04-26T12:00:52.3320132Z","ServerTimestamp":"2024-04-26T12:00:52.3320177Z"},"nsu=http://opcfoundation.org/UA/Plc/Applications;s=RandomUnsignedInt32":{"Value":1981756684,"SourceTimestamp":"2024-04-26T12:00:52.3320234Z","ServerTimestamp":"2024-04-26T12:00:52.3320294Z"},"nsu=http://opcfoundation.org/UA/Plc/Applications;s=DipData":{"Value":84.432792550201498,"SourceTimestamp":"2024-04-26T12:00:52.3320382Z","ServerTimestamp":"2024-04-26T12:00:52.3320443Z"},"nsu=http://opcfoundation.org/UA/Plc/Applications;s=FastUIntScalar1":{"Value":93,"SourceTimestamp":"2024-04-26T12:00:51.9391857Z","ServerTimestamp":"2024-04-26T12:00:51.9391909Z"}}}]}