{"MessageId":"7dd0928d-75ec-4376-817e-5a9f4befb31c","MessageType":"ua-data","PublisherId":"DESKTOP-BGFJS91","DataSetWriterGroup":"MES","Messages":[{"SequenceNumber":99,"MetaDataVersion":{"MajorVersion":1},"Timestamp":"2024-04-26T12:00:58.4518241Z","MessageType":"ua-deltaframe","DataSetWriterName":"<<UnknownDataSet>>","Payload":{"nsu=http://opcfoundation.org/UA/Plc/Applications;s=StepUp":{"Value":995,"SourceTimestamp":"2024-04-26T12:00:58.435834Z","ServerTimestamp":"2024-04-26T12:00:58.435838Z"},"nsu=http://opcfoundation.org/UA/Plc/Applications;s=RandomSignedInt32":{"Value":1782218106,"SourceTimestamp":"2024-04-26T12:00:58.4358537Z","ServerTimestamp":"2024-04-26T12:00:58.4358628Z"},"nsu=http://opcfoundation.org/UA/Plc/Applications;s=RandomUnsignedInt32":{"Value":1713309760,"SourceTimestamp":"2024-04-26T12:00:58.4358544Z","ServerTimestamp":"2024-04-26T12:00:58.4358615Z"},"nsu=http://opcfoundation.org/UA/Plc/Applications;s=DipData":{"Value":68.454710592868878,"SourceTimestamp":"2024-04-26T12:00:58.4358699Z","ServerTimestamp":"2024-04-26T12:00:58.4358706Z"},"nsu=http://opcfoundation.org/UA/Plc/Applications;s=FastUIntScalar1":{"Value":99,"SourceTimestamp":"2024-04-26T12:00:57.9341055Z","ServerTimestamp":"2024-04-26T12:00:57.9341079Z"}}}]}