{"$schema":"http://json-schema.org/draft-07/schema#","type":"array","items":{"$ref":"#/definitions/org.github.microsoft.opcpublisher.DataSet"},"definitions":{"org.opcfoundation.UA.Double":{"$id":"http://opcfoundation.org/UA/#Double","title":"OPC UA built in type Double","type":"number","minimum":-1.7976931348623157E+308,"maximum":1.7976931348623157E+308,"default":0,"format":"double"},"org.opcfoundation.UA.Int64":{"$id":"http://opcfoundation.org/UA/#Int64","title":"OPC UA built in type Int64","type":"string","format":"int64"},"org.github.microsoft.opcpublisher.DataSet":{"$id":"http://github.org/microsoft/opcpublisher#DataSet","title":"DataSet","type":"object","properties":{"DoubleValues":{"$ref":"#/definitions/org.opcfoundation.UA.Double"},"Int64Values":{"$ref":"#/definitions/org.opcfoundation.UA.Int64"}}}}}