{"NodeId":"nsu=http://opcfoundation.org/UA/Plc/Applications;s=SlowRandomUIntScalar2","EndpointUrl":"opc.tcp://localhost:61457/UA/SampleServer","ApplicationUri":"urn:desktop-bgfjs91:OPCFoundation:CoreSampleServer","DisplayName":"nsu=http://opcfoundation.org/UA/Plc/Applications;s=SlowRandomUIntScalar2","Timestamp":"2024-04-27T14:04:27.2088791Z","Value":{"Value":{"Type":7,"Body":1538587064},"SourceTimestamp":"2024-04-27T14:04:25.5636184Z","ServerTimestamp":"2024-04-27T14:04:25.5636192Z"},"SequenceNumber":11,"ExtensionFields":{}}