{"NodeId":"nsu=http://opcfoundation.org/UA/Plc/Applications;s=SlowRandomUIntScalar2","EndpointUrl":"opc.tcp://localhost:61457/UA/SampleServer","ApplicationUri":"urn:desktop-bgfjs91:OPCFoundation:CoreSampleServer","DisplayName":"nsu=http://opcfoundation.org/UA/Plc/Applications;s=SlowRandomUIntScalar2","Timestamp":"2024-04-27T14:03:37.2194097Z","Value":{"Value":{"Type":7,"Body":1119510273},"SourceTimestamp":"2024-04-27T14:03:35.5636811Z","ServerTimestamp":"2024-04-27T14:03:35.563685Z"},"SequenceNumber":6,"ExtensionFields":{}}