{"NodeId":"nsu=http://opcfoundation.org/UA/Plc/Applications;s=SlowRandomUIntScalar2","EndpointUrl":"opc.tcp://localhost:61457/UA/SampleServer","ApplicationUri":"urn:desktop-bgfjs91:OPCFoundation:CoreSampleServer","DisplayName":"nsu=http://opcfoundation.org/UA/Plc/Applications;s=SlowRandomUIntScalar2","Timestamp":"2024-04-27T14:03:57.2066812Z","Value":{"Value":{"Type":7,"Body":3292920395},"SourceTimestamp":"2024-04-27T14:03:55.5708531Z","ServerTimestamp":"2024-04-27T14:03:55.570854Z"},"SequenceNumber":8,"ExtensionFields":{}}