{"ConditionClassId":null,"ConditionClassName":null,"ConditionSubClassId":null,"ConditionSubClassName":null,"EventId":"0LwquXV70E+EROUomSrVRQ==","EventType":{"Id":10060},"LocalTime":{"Offset":120,"DaylightSavingInOffset":true},"Message":"The alarm severity has increased.","ReceiveTime":"2024-04-28T09:53:30.5527117Z","Severity":900,"SourceName":"NorthMotor","SourceNode":{"IdType":1,"Id":"1:Colours/NorthMotor","Namespace":"http://opcfoundation.org/AlarmCondition"},"Time":"2024-04-28T09:53:30.5527034Z"}