{"ConditionClassId":null,"ConditionClassName":null,"ConditionSubClassId":null,"ConditionSubClassName":null,"EventId":"gJCF7/30cEuyn/xgXbi5vw==","EventType":{"Id":9764},"LocalTime":{"Offset":120,"DaylightSavingInOffset":true},"Message":"The alarm was deactivated by the system.","ReceiveTime":"2024-04-28T09:53:40.5499519Z","Severity":100,"SourceName":"WestTank","SourceNode":{"IdType":1,"Id":"1:Metals/WestTank","Namespace":"http://opcfoundation.org/AlarmCondition"},"Time":"2024-04-28T09:53:40.549949Z"}