{"ConditionClassId":null,"ConditionClassName":null,"ConditionSubClassId":null,"ConditionSubClassName":null,"EventId":"G77pR3cigE6itgHLpKbmKQ==","EventType":{"Id":10751},"LocalTime":{"Offset":120,"DaylightSavingInOffset":true},"Message":"The alarm severity has increased.","ReceiveTime":"2024-04-28T09:54:07.5561381Z","Severity":300,"SourceName":"NorthMotor","SourceNode":{"IdType":1,"Id":"1:Colours/NorthMotor","Namespace":"http://opcfoundation.org/AlarmCondition"},"Time":"2024-04-28T09:54:07.5560864Z"}