[{"SequenceNumber":30,"MetaDataVersion":{"MajorVersion":1},"Timestamp":"2024-04-27T15:44:04.6900335Z","MessageType":"ua-deltaframe","DataSetWriterName":"MES","Payload":{"nsu=http://opcfoundation.org/UA/Plc/Applications;s=StepUp":{"Value":{"Type":7,"Body":350},"SourceTimestamp":"2024-04-27T15:44:04.6437168Z","ServerTimestamp":"2024-04-27T15:44:04.643729Z"},"nsu=http://opcfoundation.org/UA/Plc/Applications;s=RandomSignedInt32":{"Value":{"Type":6,"Body":134385926},"SourceTimestamp":"2024-04-27T15:44:04.6437468Z","ServerTimestamp":"2024-04-27T15:44:04.6437483Z"},"nsu=http://opcfoundation.org/UA/Plc/Applications;s=RandomUnsignedInt32":{"Value":{"Type":7,"Body":386750090},"SourceTimestamp":"2024-04-27T15:44:04.6437497Z","ServerTimestamp":"2024-04-27T15:44:04.6437528Z"},"nsu=http://opcfoundation.org/UA/Plc/Applications;s=DipData":{"Value":{"Type":11,"Body":12.533323356430426},"SourceTimestamp":"2024-04-27T15:44:04.6437638Z","ServerTimestamp":"2024-04-27T15:44:04.6438109Z"},"nsu=http://opcfoundation.org/UA/Plc/Applications;s=FastUIntScalar1":{"Value":{"Type":7,"Body":35},"SourceTimestamp":"2024-04-27T15:44:04.6436487Z","ServerTimestamp":"2024-04-27T15:44:04.6436515Z"}}}]