[{"SequenceNumber":31,"MetaDataVersion":{"MajorVersion":1},"Timestamp":"2024-04-27T15:44:05.6881649Z","MessageType":"ua-deltaframe","DataSetWriterName":"MES","Payload":{"nsu=http://opcfoundation.org/UA/Plc/Applications;s=StepUp":{"Value":{"Type":7,"Body":360},"SourceTimestamp":"2024-04-27T15:44:05.6412416Z","ServerTimestamp":"2024-04-27T15:44:05.6412432Z"},"nsu=http://opcfoundation.org/UA/Plc/Applications;s=AlternatingBoolean":{"Value":{"Type":1,"Body":false},"SourceTimestamp":"2024-04-27T15:44:04.7531562Z","ServerTimestamp":"2024-04-27T15:44:04.7531624Z"},"nsu=http://opcfoundation.org/UA/Plc/Applications;s=RandomSignedInt32":{"Value":{"Type":6,"Body":-1135878219},"SourceTimestamp":"2024-04-27T15:44:05.6412565Z","ServerTimestamp":"2024-04-27T15:44:05.6412569Z"},"nsu=http://opcfoundation.org/UA/Plc/Applications;s=RandomUnsignedInt32":{"Value":{"Type":7,"Body":624764555},"SourceTimestamp":"2024-04-27T15:44:05.6412603Z","ServerTimestamp":"2024-04-27T15:44:05.6412611Z"},"nsu=http://opcfoundation.org/UA/Plc/Applications;s=DipData":{"Value":{"Type":11,"Body":-90.482705246601952},"SourceTimestamp":"2024-04-27T15:44:05.6412713Z","ServerTimestamp":"2024-04-27T15:44:05.6412719Z"},"nsu=http://opcfoundation.org/UA/Plc/Applications;s=FastUIntScalar1":{"Value":{"Type":7,"Body":36},"SourceTimestamp":"2024-04-27T15:44:05.6410109Z","ServerTimestamp":"2024-04-27T15:44:05.6410129Z"}}}]