[{"SequenceNumber":33,"MetaDataVersion":{"MajorVersion":1},"Timestamp":"2024-04-27T15:44:07.7202966Z","MessageType":"ua-deltaframe","DataSetWriterName":"MES","Payload":{"nsu=http://opcfoundation.org/UA/Plc/Applications;s=StepUp":{"Value":{"Type":7,"Body":380},"SourceTimestamp":"2024-04-27T15:44:07.6425997Z","ServerTimestamp":"2024-04-27T15:44:07.642601Z"},"nsu=http://opcfoundation.org/UA/Plc/Applications;s=RandomSignedInt32":{"Value":{"Type":6,"Body":1662262927},"SourceTimestamp":"2024-04-27T15:44:07.642587Z","ServerTimestamp":"2024-04-27T15:44:07.6425898Z"},"nsu=http://opcfoundation.org/UA/Plc/Applications;s=RandomUnsignedInt32":{"Value":{"Type":7,"Body":865645681},"SourceTimestamp":"2024-04-27T15:44:07.6425911Z","ServerTimestamp":"2024-04-27T15:44:07.6425922Z"},"nsu=http://opcfoundation.org/UA/Plc/Applications;s=DipData":{"Value":{"Type":11,"Body":48.175367410171518},"SourceTimestamp":"2024-04-27T15:44:07.6425823Z","ServerTimestamp":"2024-04-27T15:44:07.6425843Z"},"nsu=http://opcfoundation.org/UA/Plc/Applications;s=FastUIntScalar1":{"Value":{"Type":7,"Body":38},"SourceTimestamp":"2024-04-27T15:44:07.6426403Z","ServerTimestamp":"2024-04-27T15:44:07.6426416Z"}}}]