[{"SequenceNumber":4,"MetaDataVersion":{"MajorVersion":1},"Timestamp":"2024-04-27T15:43:34.6965815Z","MessageType":"ua-deltaframe","DataSetWriterName":"MES","Payload":{"nsu=http://opcfoundation.org/UA/Plc/Applications;s=StepUp":{"Value":{"Type":7,"Body":50},"SourceTimestamp":"2024-04-27T15:43:34.6497673Z","ServerTimestamp":"2024-04-27T15:43:34.6497686Z"},"nsu=http://opcfoundation.org/UA/Plc/Applications;s=RandomSignedInt32":{"Value":{"Type":6,"Body":-1959415902},"SourceTimestamp":"2024-04-27T15:43:34.6497835Z","ServerTimestamp":"2024-04-27T15:43:34.6497843Z"},"nsu=http://opcfoundation.org/UA/Plc/Applications;s=RandomUnsignedInt32":{"Value":{"Type":7,"Body":2011672702},"SourceTimestamp":"2024-04-27T15:43:34.6497903Z","ServerTimestamp":"2024-04-27T15:43:34.6497915Z"},"nsu=http://opcfoundation.org/UA/Plc/Applications;s=DipData":{"Value":{"Type":11,"Body":12.533323356430426},"SourceTimestamp":"2024-04-27T15:43:34.6498077Z","ServerTimestamp":"2024-04-27T15:43:34.6498108Z"},"nsu=http://opcfoundation.org/UA/Plc/Applications;s=FastUIntScalar1":{"Value":{"Type":7,"Body":5},"SourceTimestamp":"2024-04-27T15:43:34.6497076Z","ServerTimestamp":"2024-04-27T15:43:34.6497104Z"}}}]