[{"SequenceNumber":34,"MetaDataVersion":{"MajorVersion":1},"Timestamp":"2024-04-27T15:44:08.7096425Z","MessageType":"ua-deltaframe","DataSetWriterName":"MES","Payload":{"nsu=http://opcfoundation.org/UA/Plc/Applications;s=StepUp":{"Value":{"Type":7,"Body":390},"SourceTimestamp":"2024-04-27T15:44:08.6470868Z","ServerTimestamp":"2024-04-27T15:44:08.6470883Z"},"nsu=http://opcfoundation.org/UA/Plc/Applications;s=RandomSignedInt32":{"Value":{"Type":6,"Body":-1640389400},"SourceTimestamp":"2024-04-27T15:44:08.6470906Z","ServerTimestamp":"2024-04-27T15:44:08.6470924Z"},"nsu=http://opcfoundation.org/UA/Plc/Applications;s=RandomUnsignedInt32":{"Value":{"Type":7,"Body":277195509},"SourceTimestamp":"2024-04-27T15:44:08.6470922Z","ServerTimestamp":"2024-04-27T15:44:08.6471705Z"},"nsu=http://opcfoundation.org/UA/Plc/Applications;s=DipData":{"Value":{"Type":11,"Body":98.228725072868869},"SourceTimestamp":"2024-04-27T15:44:08.6471102Z","ServerTimestamp":"2024-04-27T15:44:08.6471113Z"},"nsu=http://opcfoundation.org/UA/Plc/Applications;s=FastUIntScalar1":{"Value":{"Type":7,"Body":39},"SourceTimestamp":"2024-04-27T15:44:08.647065Z","ServerTimestamp":"2024-04-27T15:44:08.6470735Z"}}}]