[{"DataSetWriterId":1,"SequenceNumber":37,"MetaDataVersion":{"MajorVersion":1},"Timestamp":"2024-04-27T15:44:10.8153249Z","MessageType":"ua-deltaframe","DataSetWriterName":"Test","Payload":{"nsu=http://opcfoundation.org/UA/Plc/Applications;s=FastUIntScalar2":{"Value":{"Type":7,"Body":41},"SourceTimestamp":"2024-04-27T15:44:10.6434015Z","ServerTimestamp":"2024-04-27T15:44:10.6434029Z"},"nsu=http://opcfoundation.org/UA/Plc/Applications;s=FastUIntScalar3":{"Value":{"Type":7,"Body":41},"SourceTimestamp":"2024-04-27T15:44:10.6434048Z","ServerTimestamp":"2024-04-27T15:44:10.643406Z"},"nsu=http://opcfoundation.org/UA/Plc/Applications;s=FastRandomUIntScalar1":{"Value":{"Type":7,"Body":394058261},"SourceTimestamp":"2024-04-27T15:44:10.643383Z","ServerTimestamp":"2024-04-27T15:44:10.6433847Z"},"nsu=http://opcfoundation.org/UA/Plc/Applications;s=FastRandomUIntScalar2":{"Value":{"Type":7,"Body":406671253},"SourceTimestamp":"2024-04-27T15:44:10.6433946Z","ServerTimestamp":"2024-04-27T15:44:10.6434015Z"},"nsu=http://opcfoundation.org/UA/Plc/Applications;s=FastRandomUIntScalar3":{"Value":{"Type":7,"Body":129914403},"SourceTimestamp":"2024-04-27T15:44:10.6434027Z","ServerTimestamp":"2024-04-27T15:44:10.6434047Z"}}}]