[{"SequenceNumber":42,"MetaDataVersion":{"MajorVersion":1},"Timestamp":"2024-04-27T15:44:17.681158Z","MessageType":"ua-deltaframe","DataSetWriterName":"MES","Payload":{"nsu=http://opcfoundation.org/UA/Plc/Applications;s=StepUp":{"Value":{"Type":7,"Body":480},"SourceTimestamp":"2024-04-27T15:44:17.6510494Z","ServerTimestamp":"2024-04-27T15:44:17.6510507Z"},"nsu=http://opcfoundation.org/UA/Plc/Applications;s=RandomSignedInt32":{"Value":{"Type":6,"Body":-60978335},"SourceTimestamp":"2024-04-27T15:44:17.6510563Z","ServerTimestamp":"2024-04-27T15:44:17.6510567Z"},"nsu=http://opcfoundation.org/UA/Plc/Applications;s=RandomUnsignedInt32":{"Value":{"Type":7,"Body":1601464975},"SourceTimestamp":"2024-04-27T15:44:17.6510639Z","ServerTimestamp":"2024-04-27T15:44:17.6510674Z"},"nsu=http://opcfoundation.org/UA/Plc/Applications;s=DipData":{"Value":{"Type":11,"Body":48.175367410171518},"SourceTimestamp":"2024-04-27T15:44:17.6510747Z","ServerTimestamp":"2024-04-27T15:44:17.651079Z"},"nsu=http://opcfoundation.org/UA/Plc/Applications;s=FastUIntScalar1":{"Value":{"Type":7,"Body":48},"SourceTimestamp":"2024-04-27T15:44:17.6509874Z","ServerTimestamp":"2024-04-27T15:44:17.6509915Z"}}}]