[{"SequenceNumber":5,"MetaDataVersion":{"MajorVersion":1},"Timestamp":"2024-04-27T15:43:35.6832858Z","MessageType":"ua-deltaframe","DataSetWriterName":"MES","Payload":{"nsu=http://opcfoundation.org/UA/Plc/Applications;s=StepUp":{"Value":{"Type":7,"Body":60},"SourceTimestamp":"2024-04-27T15:43:35.6517935Z","ServerTimestamp":"2024-04-27T15:43:35.6517949Z"},"nsu=http://opcfoundation.org/UA/Plc/Applications;s=AlternatingBoolean":{"Value":{"Type":1,"Body":false},"SourceTimestamp":"2024-04-27T15:43:34.7435819Z","ServerTimestamp":"2024-04-27T15:43:34.7435856Z"},"nsu=http://opcfoundation.org/UA/Plc/Applications;s=RandomSignedInt32":{"Value":{"Type":6,"Body":2145215165},"SourceTimestamp":"2024-04-27T15:43:35.6518021Z","ServerTimestamp":"2024-04-27T15:43:35.6518027Z"},"nsu=http://opcfoundation.org/UA/Plc/Applications;s=RandomUnsignedInt32":{"Value":{"Type":7,"Body":1884305585},"SourceTimestamp":"2024-04-27T15:43:35.6518057Z","ServerTimestamp":"2024-04-27T15:43:35.651812Z"},"nsu=http://opcfoundation.org/UA/Plc/Applications;s=DipData":{"Value":{"Type":11,"Body":-1000},"SourceTimestamp":"2024-04-27T15:43:35.6518123Z","ServerTimestamp":"2024-04-27T15:43:35.6518146Z"},"nsu=http://opcfoundation.org/UA/Plc/Applications;s=FastUIntScalar1":{"Value":{"Type":7,"Body":6},"SourceTimestamp":"2024-04-27T15:43:35.6517672Z","ServerTimestamp":"2024-04-27T15:43:35.6517763Z"}}}]