[{"SequenceNumber":43,"MetaDataVersion":{"MajorVersion":1},"Timestamp":"2024-04-27T15:44:18.7311178Z","MessageType":"ua-deltaframe","DataSetWriterName":"MES","Payload":{"nsu=http://opcfoundation.org/UA/Plc/Applications;s=StepUp":{"Value":{"Type":7,"Body":490},"SourceTimestamp":"2024-04-27T15:44:18.65426Z","ServerTimestamp":"2024-04-27T15:44:18.6542688Z"},"nsu=http://opcfoundation.org/UA/Plc/Applications;s=RandomSignedInt32":{"Value":{"Type":6,"Body":-400141175},"SourceTimestamp":"2024-04-27T15:44:18.6542685Z","ServerTimestamp":"2024-04-27T15:44:18.6542732Z"},"nsu=http://opcfoundation.org/UA/Plc/Applications;s=RandomUnsignedInt32":{"Value":{"Type":7,"Body":482807439},"SourceTimestamp":"2024-04-27T15:44:18.654279Z","ServerTimestamp":"2024-04-27T15:44:18.6542803Z"},"nsu=http://opcfoundation.org/UA/Plc/Applications;s=DipData":{"Value":{"Type":11,"Body":98.228725072868869},"SourceTimestamp":"2024-04-27T15:44:18.6542804Z","ServerTimestamp":"2024-04-27T15:44:18.6543092Z"},"nsu=http://opcfoundation.org/UA/Plc/Applications;s=FastUIntScalar1":{"Value":{"Type":7,"Body":49},"SourceTimestamp":"2024-04-27T15:44:18.6542291Z","ServerTimestamp":"2024-04-27T15:44:18.6542367Z"}}}]