[{"DataSetWriterId":1,"SequenceNumber":45,"MetaDataVersion":{"MajorVersion":1},"Timestamp":"2024-04-27T15:44:19.8443821Z","MessageType":"ua-deltaframe","DataSetWriterName":"Test","Payload":{"nsu=http://opcfoundation.org/UA/Plc/Applications;s=FastUIntScalar2":{"Value":{"Type":7,"Body":50},"SourceTimestamp":"2024-04-27T15:44:19.642417Z","ServerTimestamp":"2024-04-27T15:44:19.6424216Z"},"nsu=http://opcfoundation.org/UA/Plc/Applications;s=FastUIntScalar3":{"Value":{"Type":7,"Body":50},"SourceTimestamp":"2024-04-27T15:44:19.6424238Z","ServerTimestamp":"2024-04-27T15:44:19.6424246Z"},"nsu=http://opcfoundation.org/UA/Plc/Applications;s=FastRandomUIntScalar1":{"Value":{"Type":7,"Body":3802399589},"SourceTimestamp":"2024-04-27T15:44:19.6424138Z","ServerTimestamp":"2024-04-27T15:44:19.6424172Z"},"nsu=http://opcfoundation.org/UA/Plc/Applications;s=FastRandomUIntScalar2":{"Value":{"Type":7,"Body":2209286894},"SourceTimestamp":"2024-04-27T15:44:19.6424223Z","ServerTimestamp":"2024-04-27T15:44:19.6424233Z"},"nsu=http://opcfoundation.org/UA/Plc/Applications;s=FastRandomUIntScalar3":{"Value":{"Type":7,"Body":1477400412},"SourceTimestamp":"2024-04-27T15:44:19.6424245Z","ServerTimestamp":"2024-04-27T15:44:19.6424258Z"}}}]