[{"DataSetWriterId":1,"SequenceNumber":5,"MetaDataVersion":{"MajorVersion":1},"Timestamp":"2024-04-27T15:43:35.8675333Z","MessageType":"ua-deltaframe","DataSetWriterName":"Test","Payload":{"nsu=http://opcfoundation.org/UA/Plc/Applications;s=FastUIntScalar2":{"Value":{"Type":7,"Body":6},"SourceTimestamp":"2024-04-27T15:43:35.6517831Z","ServerTimestamp":"2024-04-27T15:43:35.651784Z"},"nsu=http://opcfoundation.org/UA/Plc/Applications;s=FastUIntScalar3":{"Value":{"Type":7,"Body":6},"SourceTimestamp":"2024-04-27T15:43:35.6517854Z","ServerTimestamp":"2024-04-27T15:43:35.6517861Z"},"nsu=http://opcfoundation.org/UA/Plc/Applications;s=FastRandomUIntScalar1":{"Value":{"Type":7,"Body":1624950718},"SourceTimestamp":"2024-04-27T15:43:35.6517671Z","ServerTimestamp":"2024-04-27T15:43:35.6517687Z"},"nsu=http://opcfoundation.org/UA/Plc/Applications;s=FastRandomUIntScalar2":{"Value":{"Type":7,"Body":819659548},"SourceTimestamp":"2024-04-27T15:43:35.6517761Z","ServerTimestamp":"2024-04-27T15:43:35.651783Z"},"nsu=http://opcfoundation.org/UA/Plc/Applications;s=FastRandomUIntScalar3":{"Value":{"Type":7,"Body":765406698},"SourceTimestamp":"2024-04-27T15:43:35.6517844Z","ServerTimestamp":"2024-04-27T15:43:35.6517852Z"}}}]