[{"DataSetWriterId":1,"SequenceNumber":46,"MetaDataVersion":{"MajorVersion":1},"Timestamp":"2024-04-27T15:44:20.8440747Z","MessageType":"ua-deltaframe","DataSetWriterName":"Test","Payload":{"nsu=http://opcfoundation.org/UA/Plc/Applications;s=FastUIntScalar2":{"Value":{"Type":7,"Body":51},"SourceTimestamp":"2024-04-27T15:44:20.6554588Z","ServerTimestamp":"2024-04-27T15:44:20.6554598Z"},"nsu=http://opcfoundation.org/UA/Plc/Applications;s=FastUIntScalar3":{"Value":{"Type":7,"Body":51},"SourceTimestamp":"2024-04-27T15:44:20.6554613Z","ServerTimestamp":"2024-04-27T15:44:20.655462Z"},"nsu=http://opcfoundation.org/UA/Plc/Applications;s=FastRandomUIntScalar1":{"Value":{"Type":7,"Body":2723100969},"SourceTimestamp":"2024-04-27T15:44:20.6554682Z","ServerTimestamp":"2024-04-27T15:44:20.6554704Z"},"nsu=http://opcfoundation.org/UA/Plc/Applications;s=FastRandomUIntScalar2":{"Value":{"Type":7,"Body":3435060024},"SourceTimestamp":"2024-04-27T15:44:20.6554763Z","ServerTimestamp":"2024-04-27T15:44:20.6554768Z"},"nsu=http://opcfoundation.org/UA/Plc/Applications;s=FastRandomUIntScalar3":{"Value":{"Type":7,"Body":903848215},"SourceTimestamp":"2024-04-27T15:44:20.6554786Z","ServerTimestamp":"2024-04-27T15:44:20.655479Z"}}}]