[{"DataSetWriterId":3,"SequenceNumber":5,"MetaDataVersion":{"MajorVersion":1},"Timestamp":"2024-04-27T15:44:20.9061331Z","MessageType":"ua-deltaframe","DataSetWriterName":"Assembly","Payload":{"nsu=http://opcfoundation.org/UA/Plc/Applications;s=SlowUIntScalar1":{"Value":{"Type":7,"Body":5},"SourceTimestamp":"2024-04-27T15:44:19.6423604Z","ServerTimestamp":"2024-04-27T15:44:19.6423635Z"},"nsu=http://opcfoundation.org/UA/Plc/Applications;s=SlowUIntScalar2":{"Value":{"Type":7,"Body":5},"SourceTimestamp":"2024-04-27T15:44:19.6423732Z","ServerTimestamp":"2024-04-27T15:44:19.6423738Z"},"nsu=http://opcfoundation.org/UA/Plc/Applications;s=SlowUIntScalar3":{"Value":{"Type":7,"Body":5},"SourceTimestamp":"2024-04-27T15:44:19.6423754Z","ServerTimestamp":"2024-04-27T15:44:19.6423758Z"},"nsu=http://opcfoundation.org/UA/Plc/Applications;s=BadSlowUIntScalar1":{"Value":{"Type":7,"Body":5},"SourceTimestamp":"2024-04-27T15:44:19.6423777Z","ServerTimestamp":"2024-04-27T15:44:19.6423782Z"}}}]