[{"SequenceNumber":46,"MetaDataVersion":{"MajorVersion":1},"Timestamp":"2024-04-27T15:44:21.714548Z","MessageType":"ua-deltaframe","DataSetWriterName":"MES","Payload":{"nsu=http://opcfoundation.org/UA/Plc/Applications;s=StepUp":{"Value":{"Type":7,"Body":520},"SourceTimestamp":"2024-04-27T15:44:21.6531207Z","ServerTimestamp":"2024-04-27T15:44:21.6531219Z"},"nsu=http://opcfoundation.org/UA/Plc/Applications;s=RandomSignedInt32":{"Value":{"Type":6,"Body":2121130918},"SourceTimestamp":"2024-04-27T15:44:21.6531479Z","ServerTimestamp":"2024-04-27T15:44:21.6531482Z"},"nsu=http://opcfoundation.org/UA/Plc/Applications;s=RandomUnsignedInt32":{"Value":{"Type":7,"Body":1903691559},"SourceTimestamp":"2024-04-27T15:44:21.6531575Z","ServerTimestamp":"2024-04-27T15:44:21.6531591Z"},"nsu=http://opcfoundation.org/UA/Plc/Applications;s=DipData":{"Value":{"Type":11,"Body":-68.454710592868878},"SourceTimestamp":"2024-04-27T15:44:21.6531613Z","ServerTimestamp":"2024-04-27T15:44:21.6531742Z"},"nsu=http://opcfoundation.org/UA/Plc/Applications;s=FastUIntScalar1":{"Value":{"Type":7,"Body":52},"SourceTimestamp":"2024-04-27T15:44:21.6530442Z","ServerTimestamp":"2024-04-27T15:44:21.653047Z"}}}]