[{"DataSetWriterId":1,"SequenceNumber":47,"MetaDataVersion":{"MajorVersion":1},"Timestamp":"2024-04-27T15:44:21.837009Z","MessageType":"ua-deltaframe","DataSetWriterName":"Test","Payload":{"nsu=http://opcfoundation.org/UA/Plc/Applications;s=FastUIntScalar2":{"Value":{"Type":7,"Body":52},"SourceTimestamp":"2024-04-27T15:44:21.6530608Z","ServerTimestamp":"2024-04-27T15:44:21.6530819Z"},"nsu=http://opcfoundation.org/UA/Plc/Applications;s=FastUIntScalar3":{"Value":{"Type":7,"Body":52},"SourceTimestamp":"2024-04-27T15:44:21.6530854Z","ServerTimestamp":"2024-04-27T15:44:21.6530868Z"},"nsu=http://opcfoundation.org/UA/Plc/Applications;s=FastRandomUIntScalar1":{"Value":{"Type":7,"Body":1722433337},"SourceTimestamp":"2024-04-27T15:44:21.6530884Z","ServerTimestamp":"2024-04-27T15:44:21.6530924Z"},"nsu=http://opcfoundation.org/UA/Plc/Applications;s=FastRandomUIntScalar2":{"Value":{"Type":7,"Body":1827215334},"SourceTimestamp":"2024-04-27T15:44:21.653105Z","ServerTimestamp":"2024-04-27T15:44:21.653106Z"},"nsu=http://opcfoundation.org/UA/Plc/Applications;s=FastRandomUIntScalar3":{"Value":{"Type":7,"Body":601760358},"SourceTimestamp":"2024-04-27T15:44:21.6531089Z","ServerTimestamp":"2024-04-27T15:44:21.6531099Z"}}}]