[{"DataSetWriterId":1,"SequenceNumber":48,"MetaDataVersion":{"MajorVersion":1},"Timestamp":"2024-04-27T15:44:22.8302902Z","MessageType":"ua-deltaframe","DataSetWriterName":"Test","Payload":{"nsu=http://opcfoundation.org/UA/Plc/Applications;s=FastUIntScalar2":{"Value":{"Type":7,"Body":53},"SourceTimestamp":"2024-04-27T15:44:22.6458141Z","ServerTimestamp":"2024-04-27T15:44:22.6458148Z"},"nsu=http://opcfoundation.org/UA/Plc/Applications;s=FastUIntScalar3":{"Value":{"Type":7,"Body":53},"SourceTimestamp":"2024-04-27T15:44:22.6458162Z","ServerTimestamp":"2024-04-27T15:44:22.6458168Z"},"nsu=http://opcfoundation.org/UA/Plc/Applications;s=FastRandomUIntScalar1":{"Value":{"Type":7,"Body":254923846},"SourceTimestamp":"2024-04-27T15:44:22.6458204Z","ServerTimestamp":"2024-04-27T15:44:22.6458214Z"},"nsu=http://opcfoundation.org/UA/Plc/Applications;s=FastRandomUIntScalar2":{"Value":{"Type":7,"Body":2227695278},"SourceTimestamp":"2024-04-27T15:44:22.6458238Z","ServerTimestamp":"2024-04-27T15:44:22.6458243Z"},"nsu=http://opcfoundation.org/UA/Plc/Applications;s=FastRandomUIntScalar3":{"Value":{"Type":7,"Body":603804639},"SourceTimestamp":"2024-04-27T15:44:22.6458253Z","ServerTimestamp":"2024-04-27T15:44:22.6458257Z"}}}]