[{"SequenceNumber":49,"MetaDataVersion":{"MajorVersion":1},"Timestamp":"2024-04-27T15:44:25.7212965Z","MessageType":"ua-deltaframe","DataSetWriterName":"MES","Payload":{"nsu=http://opcfoundation.org/UA/Plc/Applications;s=StepUp":{"Value":{"Type":7,"Body":560},"SourceTimestamp":"2024-04-27T15:44:25.6432859Z","ServerTimestamp":"2024-04-27T15:44:25.6432874Z"},"nsu=http://opcfoundation.org/UA/Plc/Applications;s=AlternatingBoolean":{"Value":{"Type":1,"Body":false},"SourceTimestamp":"2024-04-27T15:44:24.7453128Z","ServerTimestamp":"2024-04-27T15:44:24.745322Z"},"nsu=http://opcfoundation.org/UA/Plc/Applications;s=RandomSignedInt32":{"Value":{"Type":6,"Body":914178285},"SourceTimestamp":"2024-04-27T15:44:25.6433137Z","ServerTimestamp":"2024-04-27T15:44:25.6433163Z"},"nsu=http://opcfoundation.org/UA/Plc/Applications;s=RandomUnsignedInt32":{"Value":{"Type":7,"Body":2131008415},"SourceTimestamp":"2024-04-27T15:44:25.6433029Z","ServerTimestamp":"2024-04-27T15:44:25.6433043Z"},"nsu=http://opcfoundation.org/UA/Plc/Applications;s=DipData":{"Value":{"Type":11,"Body":-90.482705246601952},"SourceTimestamp":"2024-04-27T15:44:25.6433166Z","ServerTimestamp":"2024-04-27T15:44:25.6433313Z"},"nsu=http://opcfoundation.org/UA/Plc/Applications;s=FastUIntScalar1":{"Value":{"Type":7,"Body":56},"SourceTimestamp":"2024-04-27T15:44:25.6432288Z","ServerTimestamp":"2024-04-27T15:44:25.643232Z"}}}]