[{"SequenceNumber":51,"MetaDataVersion":{"MajorVersion":1},"Timestamp":"2024-04-27T15:44:28.7324631Z","MessageType":"ua-deltaframe","DataSetWriterName":"MES","Payload":{"nsu=http://opcfoundation.org/UA/Plc/Applications;s=StepUp":{"Value":{"Type":7,"Body":590},"SourceTimestamp":"2024-04-27T15:44:28.6406351Z","ServerTimestamp":"2024-04-27T15:44:28.6406359Z"},"nsu=http://opcfoundation.org/UA/Plc/Applications;s=RandomSignedInt32":{"Value":{"Type":6,"Body":1686627078},"SourceTimestamp":"2024-04-27T15:44:28.6406402Z","ServerTimestamp":"2024-04-27T15:44:28.6406466Z"},"nsu=http://opcfoundation.org/UA/Plc/Applications;s=RandomUnsignedInt32":{"Value":{"Type":7,"Body":31516945},"SourceTimestamp":"2024-04-27T15:44:28.640653Z","ServerTimestamp":"2024-04-27T15:44:28.6406598Z"},"nsu=http://opcfoundation.org/UA/Plc/Applications;s=DipData":{"Value":{"Type":11,"Body":98.228725072868869},"SourceTimestamp":"2024-04-27T15:44:28.6406514Z","ServerTimestamp":"2024-04-27T15:44:28.6406582Z"},"nsu=http://opcfoundation.org/UA/Plc/Applications;s=FastUIntScalar1":{"Value":{"Type":7,"Body":59},"SourceTimestamp":"2024-04-27T15:44:28.6406075Z","ServerTimestamp":"2024-04-27T15:44:28.6406099Z"}}}]