[{"SequenceNumber":52,"MetaDataVersion":{"MajorVersion":1},"Timestamp":"2024-04-27T15:44:29.7245835Z","MessageType":"ua-deltaframe","DataSetWriterName":"MES","Payload":{"nsu=http://opcfoundation.org/UA/Plc/Applications;s=StepUp":{"Value":{"Type":7,"Body":600},"SourceTimestamp":"2024-04-27T15:44:29.6478586Z","ServerTimestamp":"2024-04-27T15:44:29.6478601Z"},"nsu=http://opcfoundation.org/UA/Plc/Applications;s=RandomSignedInt32":{"Value":{"Type":6,"Body":1453228453},"SourceTimestamp":"2024-04-27T15:44:29.6478662Z","ServerTimestamp":"2024-04-27T15:44:29.6478672Z"},"nsu=http://opcfoundation.org/UA/Plc/Applications;s=RandomUnsignedInt32":{"Value":{"Type":7,"Body":1482033720},"SourceTimestamp":"2024-04-27T15:44:29.6478691Z","ServerTimestamp":"2024-04-27T15:44:29.6478722Z"},"nsu=http://opcfoundation.org/UA/Plc/Applications;s=DipData":{"Value":{"Type":11,"Body":12.533323356430426},"SourceTimestamp":"2024-04-27T15:44:29.6479048Z","ServerTimestamp":"2024-04-27T15:44:29.6479089Z"},"nsu=http://opcfoundation.org/UA/Plc/Applications;s=FastUIntScalar1":{"Value":{"Type":7,"Body":60},"SourceTimestamp":"2024-04-27T15:44:29.6478085Z","ServerTimestamp":"2024-04-27T15:44:29.6478116Z"}}}]