[{"DataSetWriterId":1,"SequenceNumber":55,"MetaDataVersion":{"MajorVersion":1},"Timestamp":"2024-04-27T15:44:29.8481089Z","MessageType":"ua-deltaframe","DataSetWriterName":"Test","Payload":{"nsu=http://opcfoundation.org/UA/Plc/Applications;s=FastUIntScalar2":{"Value":{"Type":7,"Body":60},"SourceTimestamp":"2024-04-27T15:44:29.6478244Z","ServerTimestamp":"2024-04-27T15:44:29.6478455Z"},"nsu=http://opcfoundation.org/UA/Plc/Applications;s=FastUIntScalar3":{"Value":{"Type":7,"Body":60},"SourceTimestamp":"2024-04-27T15:44:29.6478491Z","ServerTimestamp":"2024-04-27T15:44:29.6478513Z"},"nsu=http://opcfoundation.org/UA/Plc/Applications;s=FastRandomUIntScalar1":{"Value":{"Type":7,"Body":4230513184},"SourceTimestamp":"2024-04-27T15:44:29.6478122Z","ServerTimestamp":"2024-04-27T15:44:29.647825Z"},"nsu=http://opcfoundation.org/UA/Plc/Applications;s=FastRandomUIntScalar2":{"Value":{"Type":7,"Body":2592633621},"SourceTimestamp":"2024-04-27T15:44:29.6478356Z","ServerTimestamp":"2024-04-27T15:44:29.6478911Z"},"nsu=http://opcfoundation.org/UA/Plc/Applications;s=FastRandomUIntScalar3":{"Value":{"Type":7,"Body":786742499},"SourceTimestamp":"2024-04-27T15:44:29.6478947Z","ServerTimestamp":"2024-04-27T15:44:29.6478957Z"}}}]