[{"SequenceNumber":53,"MetaDataVersion":{"MajorVersion":1},"Timestamp":"2024-04-27T15:44:30.72119Z","MessageType":"ua-deltaframe","DataSetWriterName":"MES","Payload":{"nsu=http://opcfoundation.org/UA/Plc/Applications;s=StepUp":{"Value":{"Type":7,"Body":610},"SourceTimestamp":"2024-04-27T15:44:30.6428559Z","ServerTimestamp":"2024-04-27T15:44:30.642858Z"},"nsu=http://opcfoundation.org/UA/Plc/Applications;s=AlternatingBoolean":{"Value":{"Type":1,"Body":true},"SourceTimestamp":"2024-04-27T15:44:29.7402231Z","ServerTimestamp":"2024-04-27T15:44:29.7402294Z"},"nsu=http://opcfoundation.org/UA/Plc/Applications;s=RandomSignedInt32":{"Value":{"Type":6,"Body":1006027848},"SourceTimestamp":"2024-04-27T15:44:30.6428627Z","ServerTimestamp":"2024-04-27T15:44:30.6428689Z"},"nsu=http://opcfoundation.org/UA/Plc/Applications;s=RandomUnsignedInt32":{"Value":{"Type":7,"Body":1703250320},"SourceTimestamp":"2024-04-27T15:44:30.6428704Z","ServerTimestamp":"2024-04-27T15:44:30.6428726Z"},"nsu=http://opcfoundation.org/UA/Plc/Applications;s=DipData":{"Value":{"Type":11,"Body":-90.482705246601952},"SourceTimestamp":"2024-04-27T15:44:30.6428849Z","ServerTimestamp":"2024-04-27T15:44:30.6428991Z"},"nsu=http://opcfoundation.org/UA/Plc/Applications;s=FastUIntScalar1":{"Value":{"Type":7,"Body":61},"SourceTimestamp":"2024-04-27T15:44:30.6427984Z","ServerTimestamp":"2024-04-27T15:44:30.6428021Z"}}}]