[{"SequenceNumber":54,"MetaDataVersion":{"MajorVersion":1},"Timestamp":"2024-04-27T15:44:31.7172061Z","MessageType":"ua-deltaframe","DataSetWriterName":"MES","Payload":{"nsu=http://opcfoundation.org/UA/Plc/Applications;s=StepUp":{"Value":{"Type":7,"Body":620},"SourceTimestamp":"2024-04-27T15:44:31.6537795Z","ServerTimestamp":"2024-04-27T15:44:31.6537862Z"},"nsu=http://opcfoundation.org/UA/Plc/Applications;s=RandomSignedInt32":{"Value":{"Type":6,"Body":2021844529},"SourceTimestamp":"2024-04-27T15:44:31.6537744Z","ServerTimestamp":"2024-04-27T15:44:31.653824Z"},"nsu=http://opcfoundation.org/UA/Plc/Applications;s=RandomUnsignedInt32":{"Value":{"Type":7,"Body":2051458102},"SourceTimestamp":"2024-04-27T15:44:31.6537885Z","ServerTimestamp":"2024-04-27T15:44:31.6537918Z"},"nsu=http://opcfoundation.org/UA/Plc/Applications;s=DipData":{"Value":{"Type":11,"Body":-68.454710592868878},"SourceTimestamp":"2024-04-27T15:44:31.6538072Z","ServerTimestamp":"2024-04-27T15:44:31.6538086Z"},"nsu=http://opcfoundation.org/UA/Plc/Applications;s=FastUIntScalar1":{"Value":{"Type":7,"Body":62},"SourceTimestamp":"2024-04-27T15:44:31.6537348Z","ServerTimestamp":"2024-04-27T15:44:31.6537375Z"}}}]