[{"DataSetWriterId":2,"SequenceNumber":11,"MetaDataVersion":{"MajorVersion":1},"Timestamp":"2024-04-27T15:44:34.8942937Z","MessageType":"ua-deltaframe","DataSetWriterName":"Assembly","Payload":{"nsu=http://opcfoundation.org/UA/Plc/Applications;s=NegativeTrendData":{"Value":{"Type":11,"Body":99.599999999999994},"SourceTimestamp":"2024-04-27T15:44:34.7541677Z","ServerTimestamp":"2024-04-27T15:44:34.7541711Z"},"nsu=http://opcfoundation.org/UA/Plc/Applications;s=PositiveTrendData":{"Value":{"Type":11,"Body":101},"SourceTimestamp":"2024-04-27T15:44:34.7541827Z","ServerTimestamp":"2024-04-27T15:44:34.7542307Z"}}}]