[{"SequenceNumber":61,"MetaDataVersion":{"MajorVersion":1},"Timestamp":"2024-04-27T15:44:39.7285419Z","MessageType":"ua-deltaframe","DataSetWriterName":"MES","Payload":{"nsu=http://opcfoundation.org/UA/Plc/Applications;s=StepUp":{"Value":{"Type":7,"Body":700},"SourceTimestamp":"2024-04-27T15:44:39.6512248Z","ServerTimestamp":"2024-04-27T15:44:39.6512268Z"},"nsu=http://opcfoundation.org/UA/Plc/Applications;s=RandomSignedInt32":{"Value":{"Type":6,"Body":254836071},"SourceTimestamp":"2024-04-27T15:44:39.6512293Z","ServerTimestamp":"2024-04-27T15:44:39.6512298Z"},"nsu=http://opcfoundation.org/UA/Plc/Applications;s=RandomUnsignedInt32":{"Value":{"Type":7,"Body":965890422},"SourceTimestamp":"2024-04-27T15:44:39.6512296Z","ServerTimestamp":"2024-04-27T15:44:39.6512321Z"},"nsu=http://opcfoundation.org/UA/Plc/Applications;s=DipData":{"Value":{"Type":11,"Body":12.533323356430426},"SourceTimestamp":"2024-04-27T15:44:39.6512439Z","ServerTimestamp":"2024-04-27T15:44:39.6512494Z"},"nsu=http://opcfoundation.org/UA/Plc/Applications;s=FastUIntScalar1":{"Value":{"Type":7,"Body":70},"SourceTimestamp":"2024-04-27T15:44:39.6512056Z","ServerTimestamp":"2024-04-27T15:44:39.6512081Z"}}}]