[{"DataSetWriterId":1,"SequenceNumber":7,"MetaDataVersion":{"MajorVersion":1},"Timestamp":"2024-04-27T15:43:37.8546762Z","MessageType":"ua-deltaframe","DataSetWriterName":"Test","Payload":{"nsu=http://opcfoundation.org/UA/Plc/Applications;s=FastUIntScalar2":{"Value":{"Type":7,"Body":8},"SourceTimestamp":"2024-04-27T15:43:37.6531076Z","ServerTimestamp":"2024-04-27T15:43:37.6531128Z"},"nsu=http://opcfoundation.org/UA/Plc/Applications;s=FastUIntScalar3":{"Value":{"Type":7,"Body":8},"SourceTimestamp":"2024-04-27T15:43:37.6531143Z","ServerTimestamp":"2024-04-27T15:43:37.6531155Z"},"nsu=http://opcfoundation.org/UA/Plc/Applications;s=FastRandomUIntScalar1":{"Value":{"Type":7,"Body":3780229593},"SourceTimestamp":"2024-04-27T15:43:37.6530866Z","ServerTimestamp":"2024-04-27T15:43:37.653089Z"},"nsu=http://opcfoundation.org/UA/Plc/Applications;s=FastRandomUIntScalar2":{"Value":{"Type":7,"Body":2968231177},"SourceTimestamp":"2024-04-27T15:43:37.6531005Z","ServerTimestamp":"2024-04-27T15:43:37.6531112Z"},"nsu=http://opcfoundation.org/UA/Plc/Applications;s=FastRandomUIntScalar3":{"Value":{"Type":7,"Body":1804444739},"SourceTimestamp":"2024-04-27T15:43:37.6531128Z","ServerTimestamp":"2024-04-27T15:43:37.6531143Z"}}}]