[{"DataSetWriterId":1,"SequenceNumber":66,"MetaDataVersion":{"MajorVersion":1},"Timestamp":"2024-04-27T15:44:40.8471748Z","MessageType":"ua-deltaframe","DataSetWriterName":"Test","Payload":{"nsu=http://opcfoundation.org/UA/Plc/Applications;s=FastUIntScalar2":{"Value":{"Type":7,"Body":71},"SourceTimestamp":"2024-04-27T15:44:40.6472763Z","ServerTimestamp":"2024-04-27T15:44:40.6472771Z"},"nsu=http://opcfoundation.org/UA/Plc/Applications;s=FastUIntScalar3":{"Value":{"Type":7,"Body":71},"SourceTimestamp":"2024-04-27T15:44:40.6472793Z","ServerTimestamp":"2024-04-27T15:44:40.6472801Z"},"nsu=http://opcfoundation.org/UA/Plc/Applications;s=FastRandomUIntScalar1":{"Value":{"Type":7,"Body":153852180},"SourceTimestamp":"2024-04-27T15:44:40.6473065Z","ServerTimestamp":"2024-04-27T15:44:40.6473105Z"},"nsu=http://opcfoundation.org/UA/Plc/Applications;s=FastRandomUIntScalar2":{"Value":{"Type":7,"Body":2816693498},"SourceTimestamp":"2024-04-27T15:44:40.6473226Z","ServerTimestamp":"2024-04-27T15:44:40.647324Z"},"nsu=http://opcfoundation.org/UA/Plc/Applications;s=FastRandomUIntScalar3":{"Value":{"Type":7,"Body":2659106915},"SourceTimestamp":"2024-04-27T15:44:40.6473267Z","ServerTimestamp":"2024-04-27T15:44:40.6473275Z"}}}]