[{"SequenceNumber":64,"MetaDataVersion":{"MajorVersion":1},"Timestamp":"2024-04-27T15:44:42.7090499Z","MessageType":"ua-deltaframe","DataSetWriterName":"MES","Payload":{"nsu=http://opcfoundation.org/UA/Plc/Applications;s=StepUp":{"Value":{"Type":7,"Body":730},"SourceTimestamp":"2024-04-27T15:44:42.6466348Z","ServerTimestamp":"2024-04-27T15:44:42.6466358Z"},"nsu=http://opcfoundation.org/UA/Plc/Applications;s=RandomSignedInt32":{"Value":{"Type":6,"Body":-364902163},"SourceTimestamp":"2024-04-27T15:44:42.6466524Z","ServerTimestamp":"2024-04-27T15:44:42.6466538Z"},"nsu=http://opcfoundation.org/UA/Plc/Applications;s=RandomUnsignedInt32":{"Value":{"Type":7,"Body":310989206},"SourceTimestamp":"2024-04-27T15:44:42.6466462Z","ServerTimestamp":"2024-04-27T15:44:42.6466468Z"},"nsu=http://opcfoundation.org/UA/Plc/Applications;s=DipData":{"Value":{"Type":11,"Body":48.175367410171518},"SourceTimestamp":"2024-04-27T15:44:42.64666Z","ServerTimestamp":"2024-04-27T15:44:42.6466677Z"},"nsu=http://opcfoundation.org/UA/Plc/Applications;s=FastUIntScalar1":{"Value":{"Type":7,"Body":73},"SourceTimestamp":"2024-04-27T15:44:42.6466061Z","ServerTimestamp":"2024-04-27T15:44:42.6466187Z"}}}]