[{"DataSetWriterId":1,"SequenceNumber":69,"MetaDataVersion":{"MajorVersion":1},"Timestamp":"2024-04-27T15:44:43.8181503Z","MessageType":"ua-deltaframe","DataSetWriterName":"Test","Payload":{"nsu=http://opcfoundation.org/UA/Plc/Applications;s=FastUIntScalar2":{"Value":{"Type":7,"Body":74},"SourceTimestamp":"2024-04-27T15:44:43.6496386Z","ServerTimestamp":"2024-04-27T15:44:43.6496535Z"},"nsu=http://opcfoundation.org/UA/Plc/Applications;s=FastUIntScalar3":{"Value":{"Type":7,"Body":74},"SourceTimestamp":"2024-04-27T15:44:43.6496568Z","ServerTimestamp":"2024-04-27T15:44:43.6496602Z"},"nsu=http://opcfoundation.org/UA/Plc/Applications;s=FastRandomUIntScalar1":{"Value":{"Type":7,"Body":2789015464},"SourceTimestamp":"2024-04-27T15:44:43.6496165Z","ServerTimestamp":"2024-04-27T15:44:43.6496399Z"},"nsu=http://opcfoundation.org/UA/Plc/Applications;s=FastRandomUIntScalar2":{"Value":{"Type":7,"Body":4032989383},"SourceTimestamp":"2024-04-27T15:44:43.6496534Z","ServerTimestamp":"2024-04-27T15:44:43.6496575Z"},"nsu=http://opcfoundation.org/UA/Plc/Applications;s=FastRandomUIntScalar3":{"Value":{"Type":7,"Body":4120165432},"SourceTimestamp":"2024-04-27T15:44:43.6496599Z","ServerTimestamp":"2024-04-27T15:44:43.6496623Z"}}}]