[{"DataSetWriterId":1,"SequenceNumber":70,"MetaDataVersion":{"MajorVersion":1},"Timestamp":"2024-04-27T15:44:44.8612068Z","MessageType":"ua-deltaframe","DataSetWriterName":"Test","Payload":{"nsu=http://opcfoundation.org/UA/Plc/Applications;s=FastUIntScalar2":{"Value":{"Type":7,"Body":75},"SourceTimestamp":"2024-04-27T15:44:44.646676Z","ServerTimestamp":"2024-04-27T15:44:44.6466771Z"},"nsu=http://opcfoundation.org/UA/Plc/Applications;s=FastUIntScalar3":{"Value":{"Type":7,"Body":75},"SourceTimestamp":"2024-04-27T15:44:44.6466796Z","ServerTimestamp":"2024-04-27T15:44:44.6466807Z"},"nsu=http://opcfoundation.org/UA/Plc/Applications;s=FastRandomUIntScalar1":{"Value":{"Type":7,"Body":2634811690},"SourceTimestamp":"2024-04-27T15:44:44.6467038Z","ServerTimestamp":"2024-04-27T15:44:44.6467088Z"},"nsu=http://opcfoundation.org/UA/Plc/Applications;s=FastRandomUIntScalar2":{"Value":{"Type":7,"Body":1759358940},"SourceTimestamp":"2024-04-27T15:44:44.6467229Z","ServerTimestamp":"2024-04-27T15:44:44.646724Z"},"nsu=http://opcfoundation.org/UA/Plc/Applications;s=FastRandomUIntScalar3":{"Value":{"Type":7,"Body":3800856174},"SourceTimestamp":"2024-04-27T15:44:44.6467265Z","ServerTimestamp":"2024-04-27T15:44:44.6467273Z"}}}]