[{"SequenceNumber":8,"MetaDataVersion":{"MajorVersion":1},"Timestamp":"2024-04-27T15:43:38.7231228Z","MessageType":"ua-deltaframe","DataSetWriterName":"MES","Payload":{"nsu=http://opcfoundation.org/UA/Plc/Applications;s=StepUp":{"Value":{"Type":7,"Body":90},"SourceTimestamp":"2024-04-27T15:43:38.6445267Z","ServerTimestamp":"2024-04-27T15:43:38.644528Z"},"nsu=http://opcfoundation.org/UA/Plc/Applications;s=RandomSignedInt32":{"Value":{"Type":6,"Body":1658919589},"SourceTimestamp":"2024-04-27T15:43:38.6445347Z","ServerTimestamp":"2024-04-27T15:43:38.6445398Z"},"nsu=http://opcfoundation.org/UA/Plc/Applications;s=RandomUnsignedInt32":{"Value":{"Type":7,"Body":268098949},"SourceTimestamp":"2024-04-27T15:43:38.6445417Z","ServerTimestamp":"2024-04-27T15:43:38.6445448Z"},"nsu=http://opcfoundation.org/UA/Plc/Applications;s=DipData":{"Value":{"Type":11,"Body":98.228725072868869},"SourceTimestamp":"2024-04-27T15:43:38.6445563Z","ServerTimestamp":"2024-04-27T15:43:38.6445595Z"},"nsu=http://opcfoundation.org/UA/Plc/Applications;s=FastUIntScalar1":{"Value":{"Type":7,"Body":9},"SourceTimestamp":"2024-04-27T15:43:38.6444781Z","ServerTimestamp":"2024-04-27T15:43:38.6444825Z"}}}]