[{"SequenceNumber":70,"MetaDataVersion":{"MajorVersion":1},"Timestamp":"2024-04-27T15:44:50.6827795Z","MessageType":"ua-deltaframe","DataSetWriterName":"MES","Payload":{"nsu=http://opcfoundation.org/UA/Plc/Applications;s=StepUp":{"Value":{"Type":7,"Body":810},"SourceTimestamp":"2024-04-27T15:44:50.6515802Z","ServerTimestamp":"2024-04-27T15:44:50.6515809Z"},"nsu=http://opcfoundation.org/UA/Plc/Applications;s=AlternatingBoolean":{"Value":{"Type":1,"Body":true},"SourceTimestamp":"2024-04-27T15:44:49.7484333Z","ServerTimestamp":"2024-04-27T15:44:49.7484382Z"},"nsu=http://opcfoundation.org/UA/Plc/Applications;s=RandomSignedInt32":{"Value":{"Type":6,"Body":-1658926774},"SourceTimestamp":"2024-04-27T15:44:50.6515831Z","ServerTimestamp":"2024-04-27T15:44:50.6515835Z"},"nsu=http://opcfoundation.org/UA/Plc/Applications;s=RandomUnsignedInt32":{"Value":{"Type":7,"Body":898797169},"SourceTimestamp":"2024-04-27T15:44:50.6515865Z","ServerTimestamp":"2024-04-27T15:44:50.6515879Z"},"nsu=http://opcfoundation.org/UA/Plc/Applications;s=DipData":{"Value":{"Type":11,"Body":-90.482705246601952},"SourceTimestamp":"2024-04-27T15:44:50.651594Z","ServerTimestamp":"2024-04-27T15:44:50.651595Z"},"nsu=http://opcfoundation.org/UA/Plc/Applications;s=FastUIntScalar1":{"Value":{"Type":7,"Body":81},"SourceTimestamp":"2024-04-27T15:44:50.6515578Z","ServerTimestamp":"2024-04-27T15:44:50.6515596Z"}}}]