[{"DataSetWriterId":1,"SequenceNumber":75,"MetaDataVersion":{"MajorVersion":1},"Timestamp":"2024-04-27T15:44:50.8104373Z","MessageType":"ua-deltaframe","DataSetWriterName":"Test","Payload":{"nsu=http://opcfoundation.org/UA/Plc/Applications;s=FastUIntScalar2":{"Value":{"Type":7,"Body":81},"SourceTimestamp":"2024-04-27T15:44:50.6515687Z","ServerTimestamp":"2024-04-27T15:44:50.651571Z"},"nsu=http://opcfoundation.org/UA/Plc/Applications;s=FastUIntScalar3":{"Value":{"Type":7,"Body":81},"SourceTimestamp":"2024-04-27T15:44:50.6515723Z","ServerTimestamp":"2024-04-27T15:44:50.6515733Z"},"nsu=http://opcfoundation.org/UA/Plc/Applications;s=FastRandomUIntScalar1":{"Value":{"Type":7,"Body":1559900806},"SourceTimestamp":"2024-04-27T15:44:50.6515578Z","ServerTimestamp":"2024-04-27T15:44:50.6515686Z"},"nsu=http://opcfoundation.org/UA/Plc/Applications;s=FastRandomUIntScalar2":{"Value":{"Type":7,"Body":3143809629},"SourceTimestamp":"2024-04-27T15:44:50.6515712Z","ServerTimestamp":"2024-04-27T15:44:50.6515723Z"},"nsu=http://opcfoundation.org/UA/Plc/Applications;s=FastRandomUIntScalar3":{"Value":{"Type":7,"Body":3801146652},"SourceTimestamp":"2024-04-27T15:44:50.6515733Z","ServerTimestamp":"2024-04-27T15:44:50.6515742Z"}}}]