[{"SequenceNumber":72,"MetaDataVersion":{"MajorVersion":1},"Timestamp":"2024-04-27T15:44:52.7379583Z","MessageType":"ua-deltaframe","DataSetWriterName":"MES","Payload":{"nsu=http://opcfoundation.org/UA/Plc/Applications;s=StepUp":{"Value":{"Type":7,"Body":830},"SourceTimestamp":"2024-04-27T15:44:52.6430589Z","ServerTimestamp":"2024-04-27T15:44:52.6430655Z"},"nsu=http://opcfoundation.org/UA/Plc/Applications;s=RandomSignedInt32":{"Value":{"Type":6,"Body":-525639401},"SourceTimestamp":"2024-04-27T15:44:52.6430655Z","ServerTimestamp":"2024-04-27T15:44:52.6430722Z"},"nsu=http://opcfoundation.org/UA/Plc/Applications;s=RandomUnsignedInt32":{"Value":{"Type":7,"Body":1249607263},"SourceTimestamp":"2024-04-27T15:44:52.6430671Z","ServerTimestamp":"2024-04-27T15:44:52.64307Z"},"nsu=http://opcfoundation.org/UA/Plc/Applications;s=DipData":{"Value":{"Type":11,"Body":48.175367410171518},"SourceTimestamp":"2024-04-27T15:44:52.6430845Z","ServerTimestamp":"2024-04-27T15:44:52.643087Z"},"nsu=http://opcfoundation.org/UA/Plc/Applications;s=FastUIntScalar1":{"Value":{"Type":7,"Body":83},"SourceTimestamp":"2024-04-27T15:44:52.6430473Z","ServerTimestamp":"2024-04-27T15:44:52.6430502Z"}}}]