[{"SequenceNumber":74,"MetaDataVersion":{"MajorVersion":1},"Timestamp":"2024-04-27T15:44:54.7214797Z","MessageType":"ua-deltaframe","DataSetWriterName":"MES","Payload":{"nsu=http://opcfoundation.org/UA/Plc/Applications;s=StepUp":{"Value":{"Type":7,"Body":850},"SourceTimestamp":"2024-04-27T15:44:54.6421691Z","ServerTimestamp":"2024-04-27T15:44:54.6422322Z"},"nsu=http://opcfoundation.org/UA/Plc/Applications;s=RandomSignedInt32":{"Value":{"Type":6,"Body":-1725944928},"SourceTimestamp":"2024-04-27T15:44:54.642187Z","ServerTimestamp":"2024-04-27T15:44:54.6421921Z"},"nsu=http://opcfoundation.org/UA/Plc/Applications;s=RandomUnsignedInt32":{"Value":{"Type":7,"Body":1817787183},"SourceTimestamp":"2024-04-27T15:44:54.6421848Z","ServerTimestamp":"2024-04-27T15:44:54.6422571Z"},"nsu=http://opcfoundation.org/UA/Plc/Applications;s=DipData":{"Value":{"Type":11,"Body":12.533323356430426},"SourceTimestamp":"2024-04-27T15:44:54.642207Z","ServerTimestamp":"2024-04-27T15:44:54.6422138Z"},"nsu=http://opcfoundation.org/UA/Plc/Applications;s=FastUIntScalar1":{"Value":{"Type":7,"Body":85},"SourceTimestamp":"2024-04-27T15:44:54.6421433Z","ServerTimestamp":"2024-04-27T15:44:54.6421456Z"}}}]