[{"SequenceNumber":75,"MetaDataVersion":{"MajorVersion":1},"Timestamp":"2024-04-27T15:44:55.7064649Z","MessageType":"ua-deltaframe","DataSetWriterName":"MES","Payload":{"nsu=http://opcfoundation.org/UA/Plc/Applications;s=StepUp":{"Value":{"Type":7,"Body":860},"SourceTimestamp":"2024-04-27T15:44:55.6437886Z","ServerTimestamp":"2024-04-27T15:44:55.6437892Z"},"nsu=http://opcfoundation.org/UA/Plc/Applications;s=AlternatingBoolean":{"Value":{"Type":1,"Body":false},"SourceTimestamp":"2024-04-27T15:44:54.7515261Z","ServerTimestamp":"2024-04-27T15:44:54.751529Z"},"nsu=http://opcfoundation.org/UA/Plc/Applications;s=RandomSignedInt32":{"Value":{"Type":6,"Body":-330465365},"SourceTimestamp":"2024-04-27T15:44:55.6437921Z","ServerTimestamp":"2024-04-27T15:44:55.6437927Z"},"nsu=http://opcfoundation.org/UA/Plc/Applications;s=RandomUnsignedInt32":{"Value":{"Type":7,"Body":1542411566},"SourceTimestamp":"2024-04-27T15:44:55.6437979Z","ServerTimestamp":"2024-04-27T15:44:55.6437987Z"},"nsu=http://opcfoundation.org/UA/Plc/Applications;s=DipData":{"Value":{"Type":11,"Body":-90.482705246601952},"SourceTimestamp":"2024-04-27T15:44:55.6438093Z","ServerTimestamp":"2024-04-27T15:44:55.6438098Z"},"nsu=http://opcfoundation.org/UA/Plc/Applications;s=FastUIntScalar1":{"Value":{"Type":7,"Body":86},"SourceTimestamp":"2024-04-27T15:44:55.6437652Z","ServerTimestamp":"2024-04-27T15:44:55.6437671Z"}}}]