[{"DataSetWriterId":3,"SequenceNumber":9,"MetaDataVersion":{"MajorVersion":1},"Timestamp":"2024-04-27T15:45:00.9020134Z","MessageType":"ua-deltaframe","DataSetWriterName":"Assembly","Payload":{"nsu=http://opcfoundation.org/UA/Plc/Applications;s=SlowUIntScalar1":{"Value":{"Type":7,"Body":9},"SourceTimestamp":"2024-04-27T15:44:59.6439449Z","ServerTimestamp":"2024-04-27T15:44:59.6439491Z"},"nsu=http://opcfoundation.org/UA/Plc/Applications;s=SlowUIntScalar2":{"Value":{"Type":7,"Body":9},"SourceTimestamp":"2024-04-27T15:44:59.6439622Z","ServerTimestamp":"2024-04-27T15:44:59.643963Z"},"nsu=http://opcfoundation.org/UA/Plc/Applications;s=SlowUIntScalar3":{"Value":{"Type":7,"Body":9},"SourceTimestamp":"2024-04-27T15:44:59.6439645Z","ServerTimestamp":"2024-04-27T15:44:59.6439654Z"},"nsu=http://opcfoundation.org/UA/Plc/Applications;s=BadSlowUIntScalar1":{"Value":{"Body":null},"StatusCode":2157772800,"SourceTimestamp":"2024-04-27T15:44:59.6439689Z","ServerTimestamp":"2024-04-27T15:44:59.643969Z"}}}]