[{"DataSetWriterId":1,"SequenceNumber":86,"MetaDataVersion":{"MajorVersion":1},"Timestamp":"2024-04-27T15:45:01.8279328Z","MessageType":"ua-deltaframe","DataSetWriterName":"Test","Payload":{"nsu=http://opcfoundation.org/UA/Plc/Applications;s=FastUIntScalar2":{"Value":{"Type":7,"Body":92},"SourceTimestamp":"2024-04-27T15:45:01.6405834Z","ServerTimestamp":"2024-04-27T15:45:01.6405845Z"},"nsu=http://opcfoundation.org/UA/Plc/Applications;s=FastUIntScalar3":{"Value":{"Type":7,"Body":92},"SourceTimestamp":"2024-04-27T15:45:01.6405872Z","ServerTimestamp":"2024-04-27T15:45:01.6405883Z"},"nsu=http://opcfoundation.org/UA/Plc/Applications;s=FastRandomUIntScalar1":{"Value":{"Type":7,"Body":638701954},"SourceTimestamp":"2024-04-27T15:45:01.6405939Z","ServerTimestamp":"2024-04-27T15:45:01.6405974Z"},"nsu=http://opcfoundation.org/UA/Plc/Applications;s=FastRandomUIntScalar2":{"Value":{"Type":7,"Body":3143590337},"SourceTimestamp":"2024-04-27T15:45:01.6406106Z","ServerTimestamp":"2024-04-27T15:45:01.6406655Z"},"nsu=http://opcfoundation.org/UA/Plc/Applications;s=FastRandomUIntScalar3":{"Value":{"Type":7,"Body":2112793948},"SourceTimestamp":"2024-04-27T15:45:01.6406703Z","ServerTimestamp":"2024-04-27T15:45:01.6406795Z"}}}]