[{"SequenceNumber":82,"MetaDataVersion":{"MajorVersion":1},"Timestamp":"2024-04-27T15:45:04.72863Z","MessageType":"ua-deltaframe","DataSetWriterName":"MES","Payload":{"nsu=http://opcfoundation.org/UA/Plc/Applications;s=StepUp":{"Value":{"Type":7,"Body":950},"SourceTimestamp":"2024-04-27T15:45:04.6517635Z","ServerTimestamp":"2024-04-27T15:45:04.6517642Z"},"nsu=http://opcfoundation.org/UA/Plc/Applications;s=RandomSignedInt32":{"Value":{"Type":6,"Body":-1681425903},"SourceTimestamp":"2024-04-27T15:45:04.6517668Z","ServerTimestamp":"2024-04-27T15:45:04.6517803Z"},"nsu=http://opcfoundation.org/UA/Plc/Applications;s=RandomUnsignedInt32":{"Value":{"Type":7,"Body":767047155},"SourceTimestamp":"2024-04-27T15:45:04.6517671Z","ServerTimestamp":"2024-04-27T15:45:04.6517717Z"},"nsu=http://opcfoundation.org/UA/Plc/Applications;s=DipData":{"Value":{"Type":11,"Body":12.533323356430426},"SourceTimestamp":"2024-04-27T15:45:04.6517838Z","ServerTimestamp":"2024-04-27T15:45:04.6517879Z"},"nsu=http://opcfoundation.org/UA/Plc/Applications;s=FastUIntScalar1":{"Value":{"Type":7,"Body":95},"SourceTimestamp":"2024-04-27T15:45:04.6517212Z","ServerTimestamp":"2024-04-27T15:45:04.6517242Z"}}}]