[{"DataSetWriterId":2,"SequenceNumber":17,"MetaDataVersion":{"MajorVersion":1},"Timestamp":"2024-04-27T15:45:04.8525523Z","MessageType":"ua-deltaframe","DataSetWriterName":"Assembly","Payload":{"nsu=http://opcfoundation.org/UA/Plc/Applications;s=NegativeTrendData":{"Value":{"Type":11,"Body":99},"SourceTimestamp":"2024-04-27T15:45:04.7433279Z","ServerTimestamp":"2024-04-27T15:45:04.7433328Z"},"nsu=http://opcfoundation.org/UA/Plc/Applications;s=PositiveTrendData":{"Value":{"Type":11,"Body":101.59999999999999},"SourceTimestamp":"2024-04-27T15:45:04.7433285Z","ServerTimestamp":"2024-04-27T15:45:04.7433495Z"}}}]