[{"SequenceNumber":83,"MetaDataVersion":{"MajorVersion":1},"Timestamp":"2024-04-27T15:45:05.7204713Z","MessageType":"ua-deltaframe","DataSetWriterName":"MES","Payload":{"nsu=http://opcfoundation.org/UA/Plc/Applications;s=StepUp":{"Value":{"Type":7,"Body":960},"SourceTimestamp":"2024-04-27T15:45:05.6430896Z","ServerTimestamp":"2024-04-27T15:45:05.6430913Z"},"nsu=http://opcfoundation.org/UA/Plc/Applications;s=AlternatingBoolean":{"Value":{"Type":1,"Body":false},"SourceTimestamp":"2024-04-27T15:45:04.7432654Z","ServerTimestamp":"2024-04-27T15:45:04.7433397Z"},"nsu=http://opcfoundation.org/UA/Plc/Applications;s=RandomSignedInt32":{"Value":{"Type":6,"Body":1606544408},"SourceTimestamp":"2024-04-27T15:45:05.6430994Z","ServerTimestamp":"2024-04-27T15:45:05.6431034Z"},"nsu=http://opcfoundation.org/UA/Plc/Applications;s=RandomUnsignedInt32":{"Value":{"Type":7,"Body":1958144736},"SourceTimestamp":"2024-04-27T15:45:05.6431054Z","ServerTimestamp":"2024-04-27T15:45:05.643106Z"},"nsu=http://opcfoundation.org/UA/Plc/Applications;s=DipData":{"Value":{"Type":11,"Body":-90.482705246601952},"SourceTimestamp":"2024-04-27T15:45:05.6431433Z","ServerTimestamp":"2024-04-27T15:45:05.6431452Z"},"nsu=http://opcfoundation.org/UA/Plc/Applications;s=FastUIntScalar1":{"Value":{"Type":7,"Body":96},"SourceTimestamp":"2024-04-27T15:45:05.6429874Z","ServerTimestamp":"2024-04-27T15:45:05.6429897Z"}}}]