[{"DataSetWriterId":1,"SequenceNumber":90,"MetaDataVersion":{"MajorVersion":1},"Timestamp":"2024-04-27T15:45:05.8460904Z","MessageType":"ua-deltaframe","DataSetWriterName":"Test","Payload":{"nsu=http://opcfoundation.org/UA/Plc/Applications;s=FastUIntScalar2":{"Value":{"Type":7,"Body":96},"SourceTimestamp":"2024-04-27T15:45:05.6430017Z","ServerTimestamp":"2024-04-27T15:45:05.6430024Z"},"nsu=http://opcfoundation.org/UA/Plc/Applications;s=FastUIntScalar3":{"Value":{"Type":7,"Body":96},"SourceTimestamp":"2024-04-27T15:45:05.643004Z","ServerTimestamp":"2024-04-27T15:45:05.6430048Z"},"nsu=http://opcfoundation.org/UA/Plc/Applications;s=FastRandomUIntScalar1":{"Value":{"Type":7,"Body":1562487985},"SourceTimestamp":"2024-04-27T15:45:05.6430164Z","ServerTimestamp":"2024-04-27T15:45:05.6430526Z"},"nsu=http://opcfoundation.org/UA/Plc/Applications;s=FastRandomUIntScalar2":{"Value":{"Type":7,"Body":254381300},"SourceTimestamp":"2024-04-27T15:45:05.6430596Z","ServerTimestamp":"2024-04-27T15:45:05.6430606Z"},"nsu=http://opcfoundation.org/UA/Plc/Applications;s=FastRandomUIntScalar3":{"Value":{"Type":7,"Body":2596089088},"SourceTimestamp":"2024-04-27T15:45:05.6430619Z","ServerTimestamp":"2024-04-27T15:45:05.6430624Z"}}}]