[{"SequenceNumber":85,"MetaDataVersion":{"MajorVersion":1},"Timestamp":"2024-04-27T15:45:07.7049158Z","MessageType":"ua-deltaframe","DataSetWriterName":"MES","Payload":{"nsu=http://opcfoundation.org/UA/Plc/Applications;s=StepUp":{"Value":{"Type":7,"Body":980},"SourceTimestamp":"2024-04-27T15:45:07.6419613Z","ServerTimestamp":"2024-04-27T15:45:07.641962Z"},"nsu=http://opcfoundation.org/UA/Plc/Applications;s=RandomSignedInt32":{"Value":{"Type":6,"Body":656561924},"SourceTimestamp":"2024-04-27T15:45:07.6419648Z","ServerTimestamp":"2024-04-27T15:45:07.6419654Z"},"nsu=http://opcfoundation.org/UA/Plc/Applications;s=RandomUnsignedInt32":{"Value":{"Type":7,"Body":861970741},"SourceTimestamp":"2024-04-27T15:45:07.6419752Z","ServerTimestamp":"2024-04-27T15:45:07.6419823Z"},"nsu=http://opcfoundation.org/UA/Plc/Applications;s=DipData":{"Value":{"Type":11,"Body":48.175367410171518},"SourceTimestamp":"2024-04-27T15:45:07.641976Z","ServerTimestamp":"2024-04-27T15:45:07.6419778Z"},"nsu=http://opcfoundation.org/UA/Plc/Applications;s=FastUIntScalar1":{"Value":{"Type":7,"Body":98},"SourceTimestamp":"2024-04-27T15:45:07.6419231Z","ServerTimestamp":"2024-04-27T15:45:07.6419259Z"}}}]