[{"SequenceNumber":86,"MetaDataVersion":{"MajorVersion":1},"Timestamp":"2024-04-27T15:45:09.6917657Z","MessageType":"ua-deltaframe","DataSetWriterName":"MES","Payload":{"nsu=http://opcfoundation.org/UA/Plc/Applications;s=StepUp":{"Value":{"Type":7,"Body":1000},"SourceTimestamp":"2024-04-27T15:45:09.6449131Z","ServerTimestamp":"2024-04-27T15:45:09.6449144Z"},"nsu=http://opcfoundation.org/UA/Plc/Applications;s=RandomSignedInt32":{"Value":{"Type":6,"Body":-1096530602},"SourceTimestamp":"2024-04-27T15:45:09.6449208Z","ServerTimestamp":"2024-04-27T15:45:09.6449223Z"},"nsu=http://opcfoundation.org/UA/Plc/Applications;s=RandomUnsignedInt32":{"Value":{"Type":7,"Body":379429820},"SourceTimestamp":"2024-04-27T15:45:09.644922Z","ServerTimestamp":"2024-04-27T15:45:09.6449246Z"},"nsu=http://opcfoundation.org/UA/Plc/Applications;s=DipData":{"Value":{"Type":11,"Body":12.533323356430426},"SourceTimestamp":"2024-04-27T15:45:09.6449319Z","ServerTimestamp":"2024-04-27T15:45:09.6449749Z"},"nsu=http://opcfoundation.org/UA/Plc/Applications;s=FastUIntScalar1":{"Value":{"Type":7,"Body":100},"SourceTimestamp":"2024-04-27T15:45:09.6448653Z","ServerTimestamp":"2024-04-27T15:45:09.6448662Z"}}}]