[{"DataSetWriterId":2,"SequenceNumber":18,"MetaDataVersion":{"MajorVersion":1},"Timestamp":"2024-04-27T15:45:09.8785127Z","MessageType":"ua-deltaframe","DataSetWriterName":"Assembly","Payload":{"nsu=http://opcfoundation.org/UA/Plc/Applications;s=NegativeTrendData":{"Value":{"Type":11,"Body":98.900000000000006},"SourceTimestamp":"2024-04-27T15:45:09.7538628Z","ServerTimestamp":"2024-04-27T15:45:09.7538671Z"},"nsu=http://opcfoundation.org/UA/Plc/Applications;s=PositiveTrendData":{"Value":{"Type":11,"Body":101.7},"SourceTimestamp":"2024-04-27T15:45:09.7538562Z","ServerTimestamp":"2024-04-27T15:45:09.7539047Z"}}}]