[{"SequenceNumber":87,"MetaDataVersion":{"MajorVersion":1},"Timestamp":"2024-04-27T15:45:10.6838433Z","MessageType":"ua-deltaframe","DataSetWriterName":"MES","Payload":{"nsu=http://opcfoundation.org/UA/Plc/Applications;s=StepUp":{"Value":{"Type":7,"Body":1010},"SourceTimestamp":"2024-04-27T15:45:10.6523338Z","ServerTimestamp":"2024-04-27T15:45:10.6523346Z"},"nsu=http://opcfoundation.org/UA/Plc/Applications;s=AlternatingBoolean":{"Value":{"Type":1,"Body":true},"SourceTimestamp":"2024-04-27T15:45:09.7538276Z","ServerTimestamp":"2024-04-27T15:45:09.7538856Z"},"nsu=http://opcfoundation.org/UA/Plc/Applications;s=RandomSignedInt32":{"Value":{"Type":6,"Body":-805177655},"SourceTimestamp":"2024-04-27T15:45:10.6523417Z","ServerTimestamp":"2024-04-27T15:45:10.652349Z"},"nsu=http://opcfoundation.org/UA/Plc/Applications;s=RandomUnsignedInt32":{"Value":{"Type":7,"Body":1987659158},"SourceTimestamp":"2024-04-27T15:45:10.6523424Z","ServerTimestamp":"2024-04-27T15:45:10.6523443Z"},"nsu=http://opcfoundation.org/UA/Plc/Applications;s=DipData":{"Value":{"Type":11,"Body":-90.482705246601952},"SourceTimestamp":"2024-04-27T15:45:10.652353Z","ServerTimestamp":"2024-04-27T15:45:10.652354Z"},"nsu=http://opcfoundation.org/UA/Plc/Applications;s=FastUIntScalar1":{"Value":{"Type":7,"Body":101},"SourceTimestamp":"2024-04-27T15:45:10.6523002Z","ServerTimestamp":"2024-04-27T15:45:10.6523022Z"}}}]