[{"SequenceNumber":88,"MetaDataVersion":{"MajorVersion":1},"Timestamp":"2024-04-27T15:45:11.7377868Z","MessageType":"ua-deltaframe","DataSetWriterName":"MES","Payload":{"nsu=http://opcfoundation.org/UA/Plc/Applications;s=StepUp":{"Value":{"Type":7,"Body":1020},"SourceTimestamp":"2024-04-27T15:45:11.6449748Z","ServerTimestamp":"2024-04-27T15:45:11.6449756Z"},"nsu=http://opcfoundation.org/UA/Plc/Applications;s=RandomSignedInt32":{"Value":{"Type":6,"Body":1926493312},"SourceTimestamp":"2024-04-27T15:45:11.6449784Z","ServerTimestamp":"2024-04-27T15:45:11.6449842Z"},"nsu=http://opcfoundation.org/UA/Plc/Applications;s=RandomUnsignedInt32":{"Value":{"Type":7,"Body":1599731248},"SourceTimestamp":"2024-04-27T15:45:11.6449784Z","ServerTimestamp":"2024-04-27T15:45:11.6449873Z"},"nsu=http://opcfoundation.org/UA/Plc/Applications;s=DipData":{"Value":{"Type":11,"Body":-68.454710592868878},"SourceTimestamp":"2024-04-27T15:45:11.6449932Z","ServerTimestamp":"2024-04-27T15:45:11.6449945Z"},"nsu=http://opcfoundation.org/UA/Plc/Applications;s=FastUIntScalar1":{"Value":{"Type":7,"Body":102},"SourceTimestamp":"2024-04-27T15:45:11.6449328Z","ServerTimestamp":"2024-04-27T15:45:11.6449348Z"}}}]