[{"DataSetWriterId":1,"SequenceNumber":96,"MetaDataVersion":{"MajorVersion":1},"Timestamp":"2024-04-27T15:45:11.8631286Z","MessageType":"ua-deltaframe","DataSetWriterName":"Test","Payload":{"nsu=http://opcfoundation.org/UA/Plc/Applications;s=FastUIntScalar2":{"Value":{"Type":7,"Body":102},"SourceTimestamp":"2024-04-27T15:45:11.6449429Z","ServerTimestamp":"2024-04-27T15:45:11.6449435Z"},"nsu=http://opcfoundation.org/UA/Plc/Applications;s=FastUIntScalar3":{"Value":{"Type":7,"Body":102},"SourceTimestamp":"2024-04-27T15:45:11.6449454Z","ServerTimestamp":"2024-04-27T15:45:11.6449459Z"},"nsu=http://opcfoundation.org/UA/Plc/Applications;s=FastRandomUIntScalar1":{"Value":{"Type":7,"Body":4143549234},"SourceTimestamp":"2024-04-27T15:45:11.6449465Z","ServerTimestamp":"2024-04-27T15:45:11.6449482Z"},"nsu=http://opcfoundation.org/UA/Plc/Applications;s=FastRandomUIntScalar2":{"Value":{"Type":7,"Body":549919094},"SourceTimestamp":"2024-04-27T15:45:11.6449544Z","ServerTimestamp":"2024-04-27T15:45:11.6449549Z"},"nsu=http://opcfoundation.org/UA/Plc/Applications;s=FastRandomUIntScalar3":{"Value":{"Type":7,"Body":59556660},"SourceTimestamp":"2024-04-27T15:45:11.64497Z","ServerTimestamp":"2024-04-27T15:45:11.6449706Z"}}}]