[{"SequenceNumber":90,"MetaDataVersion":{"MajorVersion":1},"Timestamp":"2024-04-27T15:45:14.7345142Z","MessageType":"ua-deltaframe","DataSetWriterName":"MES","Payload":{"nsu=http://opcfoundation.org/UA/Plc/Applications;s=StepUp":{"Value":{"Type":7,"Body":1050},"SourceTimestamp":"2024-04-27T15:45:14.6429612Z","ServerTimestamp":"2024-04-27T15:45:14.6429617Z"},"nsu=http://opcfoundation.org/UA/Plc/Applications;s=RandomSignedInt32":{"Value":{"Type":6,"Body":-1928704451},"SourceTimestamp":"2024-04-27T15:45:14.6429662Z","ServerTimestamp":"2024-04-27T15:45:14.6429684Z"},"nsu=http://opcfoundation.org/UA/Plc/Applications;s=RandomUnsignedInt32":{"Value":{"Type":7,"Body":292088723},"SourceTimestamp":"2024-04-27T15:45:14.6429695Z","ServerTimestamp":"2024-04-27T15:45:14.6429729Z"},"nsu=http://opcfoundation.org/UA/Plc/Applications;s=DipData":{"Value":{"Type":11,"Body":12.533323356430426},"SourceTimestamp":"2024-04-27T15:45:14.6429808Z","ServerTimestamp":"2024-04-27T15:45:14.6429814Z"},"nsu=http://opcfoundation.org/UA/Plc/Applications;s=FastUIntScalar1":{"Value":{"Type":7,"Body":105},"SourceTimestamp":"2024-04-27T15:45:14.6429112Z","ServerTimestamp":"2024-04-27T15:45:14.6429135Z"}}}]