[{"SequenceNumber":93,"MetaDataVersion":{"MajorVersion":1},"Timestamp":"2024-04-27T15:45:18.6867859Z","MessageType":"ua-deltaframe","DataSetWriterName":"MES","Payload":{"nsu=http://opcfoundation.org/UA/Plc/Applications;s=StepUp":{"Value":{"Type":7,"Body":1090},"SourceTimestamp":"2024-04-27T15:45:18.6549875Z","ServerTimestamp":"2024-04-27T15:45:18.6549888Z"},"nsu=http://opcfoundation.org/UA/Plc/Applications;s=RandomSignedInt32":{"Value":{"Type":6,"Body":1694057763},"SourceTimestamp":"2024-04-27T15:45:18.6549921Z","ServerTimestamp":"2024-04-27T15:45:18.6549931Z"},"nsu=http://opcfoundation.org/UA/Plc/Applications;s=RandomUnsignedInt32":{"Value":{"Type":7,"Body":16716885},"SourceTimestamp":"2024-04-27T15:45:18.6550015Z","ServerTimestamp":"2024-04-27T15:45:18.6550029Z"},"nsu=http://opcfoundation.org/UA/Plc/Applications;s=DipData":{"Value":{"Type":11,"Body":98.228725072868869},"SourceTimestamp":"2024-04-27T15:45:18.655002Z","ServerTimestamp":"2024-04-27T15:45:18.6550098Z"},"nsu=http://opcfoundation.org/UA/Plc/Applications;s=FastUIntScalar1":{"Value":{"Type":7,"Body":109},"SourceTimestamp":"2024-04-27T15:45:18.6549456Z","ServerTimestamp":"2024-04-27T15:45:18.6549483Z"}}}]