[{"SequenceNumber":95,"MetaDataVersion":{"MajorVersion":1},"Timestamp":"2024-04-27T15:45:20.7353482Z","MessageType":"ua-deltaframe","DataSetWriterName":"MES","Payload":{"nsu=http://opcfoundation.org/UA/Plc/Applications;s=StepUp":{"Value":{"Type":7,"Body":1110},"SourceTimestamp":"2024-04-27T15:45:20.6418263Z","ServerTimestamp":"2024-04-27T15:45:20.6418275Z"},"nsu=http://opcfoundation.org/UA/Plc/Applications;s=AlternatingBoolean":{"Value":{"Type":1,"Body":true},"SourceTimestamp":"2024-04-27T15:45:19.742776Z","ServerTimestamp":"2024-04-27T15:45:19.7427796Z"},"nsu=http://opcfoundation.org/UA/Plc/Applications;s=RandomSignedInt32":{"Value":{"Type":6,"Body":1659463576},"SourceTimestamp":"2024-04-27T15:45:20.6418329Z","ServerTimestamp":"2024-04-27T15:45:20.6418337Z"},"nsu=http://opcfoundation.org/UA/Plc/Applications;s=RandomUnsignedInt32":{"Value":{"Type":7,"Body":1714350006},"SourceTimestamp":"2024-04-27T15:45:20.6418785Z","ServerTimestamp":"2024-04-27T15:45:20.6418832Z"},"nsu=http://opcfoundation.org/UA/Plc/Applications;s=DipData":{"Value":{"Type":11,"Body":-90.482705246601952},"SourceTimestamp":"2024-04-27T15:45:20.6418502Z","ServerTimestamp":"2024-04-27T15:45:20.6418515Z"},"nsu=http://opcfoundation.org/UA/Plc/Applications;s=FastUIntScalar1":{"Value":{"Type":7,"Body":111},"SourceTimestamp":"2024-04-27T15:45:20.6417577Z","ServerTimestamp":"2024-04-27T15:45:20.641761Z"}}}]