[{"DataSetWriterId":4,"SequenceNumber":11,"MetaDataVersion":{"MajorVersion":1},"Timestamp":"2024-04-27T15:45:20.9195081Z","MessageType":"ua-deltaframe","DataSetWriterName":"Packaging","Payload":{"nsu=http://opcfoundation.org/UA/Plc/Applications;s=SlowRandomUIntScalar1":{"Value":{"Type":7,"Body":2966590595},"SourceTimestamp":"2024-04-27T15:45:19.6484863Z","ServerTimestamp":"2024-04-27T15:45:19.6484881Z"},"nsu=http://opcfoundation.org/UA/Plc/Applications;s=SlowRandomUIntScalar2":{"Value":{"Type":7,"Body":2783793869},"SourceTimestamp":"2024-04-27T15:45:19.6484942Z","ServerTimestamp":"2024-04-27T15:45:19.6484948Z"},"nsu=http://opcfoundation.org/UA/Plc/Applications;s=SlowRandomUIntScalar3":{"Value":{"Type":7,"Body":4233617378},"SourceTimestamp":"2024-04-27T15:45:19.648496Z","ServerTimestamp":"2024-04-27T15:45:19.6484967Z"},"nsu=http://opcfoundation.org/UA/Plc/Applications;s=BadSlowRandomUIntScalar1":{"Value":{"Type":7,"Body":3816373854},"SourceTimestamp":"2024-04-27T15:45:19.6485019Z","ServerTimestamp":"2024-04-27T15:45:19.6485032Z"}}}]