[{"DataSetWriterId":1,"SequenceNumber":105,"MetaDataVersion":{"MajorVersion":1},"Timestamp":"2024-04-27T15:45:21.8634502Z","MessageType":"ua-deltaframe","DataSetWriterName":"Test","Payload":{"nsu=http://opcfoundation.org/UA/Plc/Applications;s=FastUIntScalar2":{"Value":{"Type":7,"Body":112},"SourceTimestamp":"2024-04-27T15:45:21.6438035Z","ServerTimestamp":"2024-04-27T15:45:21.6438108Z"},"nsu=http://opcfoundation.org/UA/Plc/Applications;s=FastUIntScalar3":{"Value":{"Type":7,"Body":112},"SourceTimestamp":"2024-04-27T15:45:21.6438122Z","ServerTimestamp":"2024-04-27T15:45:21.6438136Z"},"nsu=http://opcfoundation.org/UA/Plc/Applications;s=FastRandomUIntScalar1":{"Value":{"Type":7,"Body":3180448621},"SourceTimestamp":"2024-04-27T15:45:21.6438014Z","ServerTimestamp":"2024-04-27T15:45:21.6438039Z"},"nsu=http://opcfoundation.org/UA/Plc/Applications;s=FastRandomUIntScalar2":{"Value":{"Type":7,"Body":1686259490},"SourceTimestamp":"2024-04-27T15:45:21.6438111Z","ServerTimestamp":"2024-04-27T15:45:21.6438122Z"},"nsu=http://opcfoundation.org/UA/Plc/Applications;s=FastRandomUIntScalar3":{"Value":{"Type":7,"Body":3137233703},"SourceTimestamp":"2024-04-27T15:45:21.6438134Z","ServerTimestamp":"2024-04-27T15:45:21.643815Z"}}}]