[{"DataSetWriterId":1,"SequenceNumber":106,"MetaDataVersion":{"MajorVersion":1},"Timestamp":"2024-04-27T15:45:22.857918Z","MessageType":"ua-deltaframe","DataSetWriterName":"Test","Payload":{"nsu=http://opcfoundation.org/UA/Plc/Applications;s=FastUIntScalar2":{"Value":{"Type":7,"Body":113},"SourceTimestamp":"2024-04-27T15:45:22.6544433Z","ServerTimestamp":"2024-04-27T15:45:22.6544453Z"},"nsu=http://opcfoundation.org/UA/Plc/Applications;s=FastUIntScalar3":{"Value":{"Type":7,"Body":113},"SourceTimestamp":"2024-04-27T15:45:22.6544481Z","ServerTimestamp":"2024-04-27T15:45:22.654451Z"},"nsu=http://opcfoundation.org/UA/Plc/Applications;s=FastRandomUIntScalar1":{"Value":{"Type":7,"Body":1785619886},"SourceTimestamp":"2024-04-27T15:45:22.6544204Z","ServerTimestamp":"2024-04-27T15:45:22.6544234Z"},"nsu=http://opcfoundation.org/UA/Plc/Applications;s=FastRandomUIntScalar2":{"Value":{"Type":7,"Body":1214226942},"SourceTimestamp":"2024-04-27T15:45:22.654437Z","ServerTimestamp":"2024-04-27T15:45:22.654443Z"},"nsu=http://opcfoundation.org/UA/Plc/Applications;s=FastRandomUIntScalar3":{"Value":{"Type":7,"Body":507804453},"SourceTimestamp":"2024-04-27T15:45:22.6544453Z","ServerTimestamp":"2024-04-27T15:45:22.6544483Z"}}}]