[{"SequenceNumber":98,"MetaDataVersion":{"MajorVersion":1},"Timestamp":"2024-04-27T15:45:23.7235627Z","MessageType":"ua-deltaframe","DataSetWriterName":"MES","Payload":{"nsu=http://opcfoundation.org/UA/Plc/Applications;s=StepUp":{"Value":{"Type":7,"Body":1140},"SourceTimestamp":"2024-04-27T15:45:23.6445493Z","ServerTimestamp":"2024-04-27T15:45:23.64455Z"},"nsu=http://opcfoundation.org/UA/Plc/Applications;s=RandomSignedInt32":{"Value":{"Type":6,"Body":482370994},"SourceTimestamp":"2024-04-27T15:45:23.6445548Z","ServerTimestamp":"2024-04-27T15:45:23.6445567Z"},"nsu=http://opcfoundation.org/UA/Plc/Applications;s=RandomUnsignedInt32":{"Value":{"Type":7,"Body":749664362},"SourceTimestamp":"2024-04-27T15:45:23.6445575Z","ServerTimestamp":"2024-04-27T15:45:23.6445598Z"},"nsu=http://opcfoundation.org/UA/Plc/Applications;s=DipData":{"Value":{"Type":11,"Body":98.228725072868869},"SourceTimestamp":"2024-04-27T15:45:23.6445674Z","ServerTimestamp":"2024-04-27T15:45:23.6445679Z"},"nsu=http://opcfoundation.org/UA/Plc/Applications;s=FastUIntScalar1":{"Value":{"Type":7,"Body":114},"SourceTimestamp":"2024-04-27T15:45:23.644519Z","ServerTimestamp":"2024-04-27T15:45:23.6445298Z"}}}]