[{"DataSetWriterId":1,"SequenceNumber":107,"MetaDataVersion":{"MajorVersion":1},"Timestamp":"2024-04-27T15:45:23.8472265Z","MessageType":"ua-deltaframe","DataSetWriterName":"Test","Payload":{"nsu=http://opcfoundation.org/UA/Plc/Applications;s=FastUIntScalar2":{"Value":{"Type":7,"Body":114},"SourceTimestamp":"2024-04-27T15:45:23.6445366Z","ServerTimestamp":"2024-04-27T15:45:23.6445378Z"},"nsu=http://opcfoundation.org/UA/Plc/Applications;s=FastUIntScalar3":{"Value":{"Type":7,"Body":114},"SourceTimestamp":"2024-04-27T15:45:23.6445395Z","ServerTimestamp":"2024-04-27T15:45:23.6445441Z"},"nsu=http://opcfoundation.org/UA/Plc/Applications;s=FastRandomUIntScalar1":{"Value":{"Type":7,"Body":678116413},"SourceTimestamp":"2024-04-27T15:45:23.6445165Z","ServerTimestamp":"2024-04-27T15:45:23.644519Z"},"nsu=http://opcfoundation.org/UA/Plc/Applications;s=FastRandomUIntScalar2":{"Value":{"Type":7,"Body":3376477031},"SourceTimestamp":"2024-04-27T15:45:23.6445293Z","ServerTimestamp":"2024-04-27T15:45:23.6445366Z"},"nsu=http://opcfoundation.org/UA/Plc/Applications;s=FastRandomUIntScalar3":{"Value":{"Type":7,"Body":2004047849},"SourceTimestamp":"2024-04-27T15:45:23.6445379Z","ServerTimestamp":"2024-04-27T15:45:23.6445395Z"}}}]