[{"DataSetWriterId":2,"SequenceNumber":21,"MetaDataVersion":{"MajorVersion":1},"Timestamp":"2024-04-27T15:45:24.9011463Z","MessageType":"ua-deltaframe","DataSetWriterName":"Assembly","Payload":{"nsu=http://opcfoundation.org/UA/Plc/Applications;s=NegativeTrendData":{"Value":{"Type":11,"Body":98.599999999999994},"SourceTimestamp":"2024-04-27T15:45:24.7454785Z","ServerTimestamp":"2024-04-27T15:45:24.7454793Z"},"nsu=http://opcfoundation.org/UA/Plc/Applications;s=PositiveTrendData":{"Value":{"Type":11,"Body":102},"SourceTimestamp":"2024-04-27T15:45:24.7454786Z","ServerTimestamp":"2024-04-27T15:45:24.7454814Z"}}}]