[{"DataSetWriterId":1,"SequenceNumber":109,"MetaDataVersion":{"MajorVersion":1},"Timestamp":"2024-04-27T15:45:25.8241378Z","MessageType":"ua-deltaframe","DataSetWriterName":"Test","Payload":{"nsu=http://opcfoundation.org/UA/Plc/Applications;s=FastUIntScalar2":{"Value":{"Type":7,"Body":116},"SourceTimestamp":"2024-04-27T15:45:25.6406174Z","ServerTimestamp":"2024-04-27T15:45:25.6406178Z"},"nsu=http://opcfoundation.org/UA/Plc/Applications;s=FastUIntScalar3":{"Value":{"Type":7,"Body":116},"SourceTimestamp":"2024-04-27T15:45:25.6406194Z","ServerTimestamp":"2024-04-27T15:45:25.6406198Z"},"nsu=http://opcfoundation.org/UA/Plc/Applications;s=FastRandomUIntScalar1":{"Value":{"Type":7,"Body":4112786382},"SourceTimestamp":"2024-04-27T15:45:25.6406107Z","ServerTimestamp":"2024-04-27T15:45:25.6406255Z"},"nsu=http://opcfoundation.org/UA/Plc/Applications;s=FastRandomUIntScalar2":{"Value":{"Type":7,"Body":544808818},"SourceTimestamp":"2024-04-27T15:45:25.6406355Z","ServerTimestamp":"2024-04-27T15:45:25.6406371Z"},"nsu=http://opcfoundation.org/UA/Plc/Applications;s=FastRandomUIntScalar3":{"Value":{"Type":7,"Body":771180411},"SourceTimestamp":"2024-04-27T15:45:25.6406384Z","ServerTimestamp":"2024-04-27T15:45:25.640639Z"}}}]