[{"SequenceNumber":101,"MetaDataVersion":{"MajorVersion":1},"Timestamp":"2024-04-27T15:45:27.7358119Z","MessageType":"ua-deltaframe","DataSetWriterName":"MES","Payload":{"nsu=http://opcfoundation.org/UA/Plc/Applications;s=StepUp":{"Value":{"Type":7,"Body":1180},"SourceTimestamp":"2024-04-27T15:45:27.6433494Z","ServerTimestamp":"2024-04-27T15:45:27.6433502Z"},"nsu=http://opcfoundation.org/UA/Plc/Applications;s=RandomSignedInt32":{"Value":{"Type":6,"Body":-963655078},"SourceTimestamp":"2024-04-27T15:45:27.6433534Z","ServerTimestamp":"2024-04-27T15:45:27.6433568Z"},"nsu=http://opcfoundation.org/UA/Plc/Applications;s=RandomUnsignedInt32":{"Value":{"Type":7,"Body":70618954},"SourceTimestamp":"2024-04-27T15:45:27.643358Z","ServerTimestamp":"2024-04-27T15:45:27.6433591Z"},"nsu=http://opcfoundation.org/UA/Plc/Applications;s=DipData":{"Value":{"Type":11,"Body":48.175367410171518},"SourceTimestamp":"2024-04-27T15:45:27.6433732Z","ServerTimestamp":"2024-04-27T15:45:27.6433746Z"},"nsu=http://opcfoundation.org/UA/Plc/Applications;s=FastUIntScalar1":{"Value":{"Type":7,"Body":118},"SourceTimestamp":"2024-04-27T15:45:27.6433197Z","ServerTimestamp":"2024-04-27T15:45:27.6433224Z"}}}]