[{"SequenceNumber":12,"MetaDataVersion":{"MajorVersion":1},"Timestamp":"2024-04-27T15:43:43.741965Z","MessageType":"ua-deltaframe","DataSetWriterName":"MES","Payload":{"nsu=http://opcfoundation.org/UA/Plc/Applications;s=StepUp":{"Value":{"Type":7,"Body":140},"SourceTimestamp":"2024-04-27T15:43:43.6492362Z","ServerTimestamp":"2024-04-27T15:43:43.6492377Z"},"nsu=http://opcfoundation.org/UA/Plc/Applications;s=RandomSignedInt32":{"Value":{"Type":6,"Body":1069198834},"SourceTimestamp":"2024-04-27T15:43:43.6492475Z","ServerTimestamp":"2024-04-27T15:43:43.6492489Z"},"nsu=http://opcfoundation.org/UA/Plc/Applications;s=RandomUnsignedInt32":{"Value":{"Type":7,"Body":1170620730},"SourceTimestamp":"2024-04-27T15:43:43.6492438Z","ServerTimestamp":"2024-04-27T15:43:43.6492453Z"},"nsu=http://opcfoundation.org/UA/Plc/Applications;s=DipData":{"Value":{"Type":11,"Body":98.228725072868869},"SourceTimestamp":"2024-04-27T15:43:43.6492613Z","ServerTimestamp":"2024-04-27T15:43:43.6492633Z"},"nsu=http://opcfoundation.org/UA/Plc/Applications;s=FastUIntScalar1":{"Value":{"Type":7,"Body":14},"SourceTimestamp":"2024-04-27T15:43:43.6492063Z","ServerTimestamp":"2024-04-27T15:43:43.6492084Z"}}}]