[{"DataSetWriterId":1,"SequenceNumber":12,"MetaDataVersion":{"MajorVersion":1},"Timestamp":"2024-04-27T15:43:43.8675617Z","MessageType":"ua-deltaframe","DataSetWriterName":"Test","Payload":{"nsu=http://opcfoundation.org/UA/Plc/Applications;s=FastUIntScalar2":{"Value":{"Type":7,"Body":14},"SourceTimestamp":"2024-04-27T15:43:43.6492183Z","ServerTimestamp":"2024-04-27T15:43:43.6492188Z"},"nsu=http://opcfoundation.org/UA/Plc/Applications;s=FastUIntScalar3":{"Value":{"Type":7,"Body":14},"SourceTimestamp":"2024-04-27T15:43:43.6492208Z","ServerTimestamp":"2024-04-27T15:43:43.6492214Z"},"nsu=http://opcfoundation.org/UA/Plc/Applications;s=FastRandomUIntScalar1":{"Value":{"Type":7,"Body":3249811843},"SourceTimestamp":"2024-04-27T15:43:43.6492226Z","ServerTimestamp":"2024-04-27T15:43:43.6492241Z"},"nsu=http://opcfoundation.org/UA/Plc/Applications;s=FastRandomUIntScalar2":{"Value":{"Type":7,"Body":2842573464},"SourceTimestamp":"2024-04-27T15:43:43.6492306Z","ServerTimestamp":"2024-04-27T15:43:43.6492311Z"},"nsu=http://opcfoundation.org/UA/Plc/Applications;s=FastRandomUIntScalar3":{"Value":{"Type":7,"Body":337193157},"SourceTimestamp":"2024-04-27T15:43:43.6492322Z","ServerTimestamp":"2024-04-27T15:43:43.6492327Z"}}}]