[{"DataSetWriterId":2,"SequenceNumber":1,"MetaDataVersion":{"MajorVersion":1},"Timestamp":"2024-04-27T15:43:31.9010916Z","MessageType":"ua-deltaframe","DataSetWriterName":"Assembly","Payload":{"nsu=http://opcfoundation.org/UA/Plc/Applications;s=NegativeTrendData":{"Value":{"Type":11,"Body":100},"SourceTimestamp":"2024-04-27T15:43:30.8418847Z","ServerTimestamp":"2024-04-27T15:43:30.8491215Z"},"nsu=http://opcfoundation.org/UA/Plc/Applications;s=PositiveTrendData":{"Value":{"Type":11,"Body":100},"SourceTimestamp":"2024-04-27T15:43:30.8418827Z","ServerTimestamp":"2024-04-27T15:43:30.8491279Z"}}}]