[{"SequenceNumber":13,"MetaDataVersion":{"MajorVersion":1},"Timestamp":"2024-04-27T15:43:44.7370039Z","MessageType":"ua-deltaframe","DataSetWriterName":"MES","Payload":{"nsu=http://opcfoundation.org/UA/Plc/Applications;s=StepUp":{"Value":{"Type":7,"Body":150},"SourceTimestamp":"2024-04-27T15:43:44.6438803Z","ServerTimestamp":"2024-04-27T15:43:44.6438829Z"},"nsu=http://opcfoundation.org/UA/Plc/Applications;s=RandomSignedInt32":{"Value":{"Type":6,"Body":1796144723},"SourceTimestamp":"2024-04-27T15:43:44.6438952Z","ServerTimestamp":"2024-04-27T15:43:44.6439109Z"},"nsu=http://opcfoundation.org/UA/Plc/Applications;s=RandomUnsignedInt32":{"Value":{"Type":7,"Body":270913647},"SourceTimestamp":"2024-04-27T15:43:44.6439008Z","ServerTimestamp":"2024-04-27T15:43:44.6439083Z"},"nsu=http://opcfoundation.org/UA/Plc/Applications;s=DipData":{"Value":{"Type":11,"Body":12.533323356430426},"SourceTimestamp":"2024-04-27T15:43:44.643936Z","ServerTimestamp":"2024-04-27T15:43:44.6439389Z"},"nsu=http://opcfoundation.org/UA/Plc/Applications;s=FastUIntScalar1":{"Value":{"Type":7,"Body":15},"SourceTimestamp":"2024-04-27T15:43:44.6438014Z","ServerTimestamp":"2024-04-27T15:43:44.643805Z"}}}]