[{"DataSetWriterId":1,"SequenceNumber":13,"MetaDataVersion":{"MajorVersion":1},"Timestamp":"2024-04-27T15:43:44.8624529Z","MessageType":"ua-deltaframe","DataSetWriterName":"Test","Payload":{"nsu=http://opcfoundation.org/UA/Plc/Applications;s=FastUIntScalar2":{"Value":{"Type":7,"Body":15},"SourceTimestamp":"2024-04-27T15:43:44.6438202Z","ServerTimestamp":"2024-04-27T15:43:44.6438214Z"},"nsu=http://opcfoundation.org/UA/Plc/Applications;s=FastUIntScalar3":{"Value":{"Type":7,"Body":15},"SourceTimestamp":"2024-04-27T15:43:44.6438241Z","ServerTimestamp":"2024-04-27T15:43:44.6438251Z"},"nsu=http://opcfoundation.org/UA/Plc/Applications;s=FastRandomUIntScalar1":{"Value":{"Type":7,"Body":921005024},"SourceTimestamp":"2024-04-27T15:43:44.6438611Z","ServerTimestamp":"2024-04-27T15:43:44.6438644Z"},"nsu=http://opcfoundation.org/UA/Plc/Applications;s=FastRandomUIntScalar2":{"Value":{"Type":7,"Body":2842225740},"SourceTimestamp":"2024-04-27T15:43:44.6438781Z","ServerTimestamp":"2024-04-27T15:43:44.6438795Z"},"nsu=http://opcfoundation.org/UA/Plc/Applications;s=FastRandomUIntScalar3":{"Value":{"Type":7,"Body":333138315},"SourceTimestamp":"2024-04-27T15:43:44.6438822Z","ServerTimestamp":"2024-04-27T15:43:44.6438923Z"}}}]