[{"SequenceNumber":14,"MetaDataVersion":{"MajorVersion":1},"Timestamp":"2024-04-27T15:43:45.7299921Z","MessageType":"ua-deltaframe","DataSetWriterName":"MES","Payload":{"nsu=http://opcfoundation.org/UA/Plc/Applications;s=StepUp":{"Value":{"Type":7,"Body":160},"SourceTimestamp":"2024-04-27T15:43:45.6541855Z","ServerTimestamp":"2024-04-27T15:43:45.6541861Z"},"nsu=http://opcfoundation.org/UA/Plc/Applications;s=AlternatingBoolean":{"Value":{"Type":1,"Body":false},"SourceTimestamp":"2024-04-27T15:43:44.7523939Z","ServerTimestamp":"2024-04-27T15:43:44.7524014Z"},"nsu=http://opcfoundation.org/UA/Plc/Applications;s=RandomSignedInt32":{"Value":{"Type":6,"Body":1076649745},"SourceTimestamp":"2024-04-27T15:43:45.6541941Z","ServerTimestamp":"2024-04-27T15:43:45.6542235Z"},"nsu=http://opcfoundation.org/UA/Plc/Applications;s=RandomUnsignedInt32":{"Value":{"Type":7,"Body":705252060},"SourceTimestamp":"2024-04-27T15:43:45.654203Z","ServerTimestamp":"2024-04-27T15:43:45.6542439Z"},"nsu=http://opcfoundation.org/UA/Plc/Applications;s=DipData":{"Value":{"Type":11,"Body":-90.482705246601952},"SourceTimestamp":"2024-04-27T15:43:45.6542251Z","ServerTimestamp":"2024-04-27T15:43:45.6542263Z"},"nsu=http://opcfoundation.org/UA/Plc/Applications;s=FastUIntScalar1":{"Value":{"Type":7,"Body":16},"SourceTimestamp":"2024-04-27T15:43:45.654156Z","ServerTimestamp":"2024-04-27T15:43:45.6541582Z"}}}]