[{"DataSetWriterId":1,"SequenceNumber":14,"MetaDataVersion":{"MajorVersion":1},"Timestamp":"2024-04-27T15:43:45.8531004Z","MessageType":"ua-deltaframe","DataSetWriterName":"Test","Payload":{"nsu=http://opcfoundation.org/UA/Plc/Applications;s=FastUIntScalar2":{"Value":{"Type":7,"Body":16},"SourceTimestamp":"2024-04-27T15:43:45.6541681Z","ServerTimestamp":"2024-04-27T15:43:45.6541754Z"},"nsu=http://opcfoundation.org/UA/Plc/Applications;s=FastUIntScalar3":{"Value":{"Type":7,"Body":16},"SourceTimestamp":"2024-04-27T15:43:45.6541768Z","ServerTimestamp":"2024-04-27T15:43:45.6541782Z"},"nsu=http://opcfoundation.org/UA/Plc/Applications;s=FastRandomUIntScalar1":{"Value":{"Type":7,"Body":1222451315},"SourceTimestamp":"2024-04-27T15:43:45.6541611Z","ServerTimestamp":"2024-04-27T15:43:45.6541686Z"},"nsu=http://opcfoundation.org/UA/Plc/Applications;s=FastRandomUIntScalar2":{"Value":{"Type":7,"Body":3675662830},"SourceTimestamp":"2024-04-27T15:43:45.6541753Z","ServerTimestamp":"2024-04-27T15:43:45.654177Z"},"nsu=http://opcfoundation.org/UA/Plc/Applications;s=FastRandomUIntScalar3":{"Value":{"Type":7,"Body":3198373069},"SourceTimestamp":"2024-04-27T15:43:45.654178Z","ServerTimestamp":"2024-04-27T15:43:45.6541794Z"}}}]