[{"DataSetWriterId":1,"SequenceNumber":15,"MetaDataVersion":{"MajorVersion":1},"Timestamp":"2024-04-27T15:43:46.8385006Z","MessageType":"ua-deltaframe","DataSetWriterName":"Test","Payload":{"nsu=http://opcfoundation.org/UA/Plc/Applications;s=FastUIntScalar2":{"Value":{"Type":7,"Body":17},"SourceTimestamp":"2024-04-27T15:43:46.6537156Z","ServerTimestamp":"2024-04-27T15:43:46.6537166Z"},"nsu=http://opcfoundation.org/UA/Plc/Applications;s=FastUIntScalar3":{"Value":{"Type":7,"Body":17},"SourceTimestamp":"2024-04-27T15:43:46.6537193Z","ServerTimestamp":"2024-04-27T15:43:46.653743Z"},"nsu=http://opcfoundation.org/UA/Plc/Applications;s=FastRandomUIntScalar1":{"Value":{"Type":7,"Body":1927708436},"SourceTimestamp":"2024-04-27T15:43:46.653735Z","ServerTimestamp":"2024-04-27T15:43:46.6537472Z"},"nsu=http://opcfoundation.org/UA/Plc/Applications;s=FastRandomUIntScalar2":{"Value":{"Type":7,"Body":1618719633},"SourceTimestamp":"2024-04-27T15:43:46.6537608Z","ServerTimestamp":"2024-04-27T15:43:46.6537619Z"},"nsu=http://opcfoundation.org/UA/Plc/Applications;s=FastRandomUIntScalar3":{"Value":{"Type":7,"Body":1230418825},"SourceTimestamp":"2024-04-27T15:43:46.6537642Z","ServerTimestamp":"2024-04-27T15:43:46.6537655Z"}}}]