[{"DataSetWriterId":1,"SequenceNumber":16,"MetaDataVersion":{"MajorVersion":1},"Timestamp":"2024-04-27T15:43:47.8261964Z","MessageType":"ua-deltaframe","DataSetWriterName":"Test","Payload":{"nsu=http://opcfoundation.org/UA/Plc/Applications;s=FastUIntScalar2":{"Value":{"Type":7,"Body":18},"SourceTimestamp":"2024-04-27T15:43:47.6542883Z","ServerTimestamp":"2024-04-27T15:43:47.6543443Z"},"nsu=http://opcfoundation.org/UA/Plc/Applications;s=FastUIntScalar3":{"Value":{"Type":7,"Body":18},"SourceTimestamp":"2024-04-27T15:43:47.6543501Z","ServerTimestamp":"2024-04-27T15:43:47.6543507Z"},"nsu=http://opcfoundation.org/UA/Plc/Applications;s=FastRandomUIntScalar1":{"Value":{"Type":7,"Body":2234400985},"SourceTimestamp":"2024-04-27T15:43:47.6542533Z","ServerTimestamp":"2024-04-27T15:43:47.6542558Z"},"nsu=http://opcfoundation.org/UA/Plc/Applications;s=FastRandomUIntScalar2":{"Value":{"Type":7,"Body":3691834970},"SourceTimestamp":"2024-04-27T15:43:47.6542695Z","ServerTimestamp":"2024-04-27T15:43:47.65427Z"},"nsu=http://opcfoundation.org/UA/Plc/Applications;s=FastRandomUIntScalar3":{"Value":{"Type":7,"Body":2683354077},"SourceTimestamp":"2024-04-27T15:43:47.6542716Z","ServerTimestamp":"2024-04-27T15:43:47.6542721Z"}}}]