[{"DataSetWriterId":1,"SequenceNumber":19,"MetaDataVersion":{"MajorVersion":1},"Timestamp":"2024-04-27T15:43:50.848552Z","MessageType":"ua-deltaframe","DataSetWriterName":"Test","Payload":{"nsu=http://opcfoundation.org/UA/Plc/Applications;s=FastUIntScalar2":{"Value":{"Type":7,"Body":21},"SourceTimestamp":"2024-04-27T15:43:50.6436358Z","ServerTimestamp":"2024-04-27T15:43:50.6436369Z"},"nsu=http://opcfoundation.org/UA/Plc/Applications;s=FastUIntScalar3":{"Value":{"Type":7,"Body":21},"SourceTimestamp":"2024-04-27T15:43:50.6436397Z","ServerTimestamp":"2024-04-27T15:43:50.6436409Z"},"nsu=http://opcfoundation.org/UA/Plc/Applications;s=FastRandomUIntScalar1":{"Value":{"Type":7,"Body":3324185409},"SourceTimestamp":"2024-04-27T15:43:50.643687Z","ServerTimestamp":"2024-04-27T15:43:50.6436906Z"},"nsu=http://opcfoundation.org/UA/Plc/Applications;s=FastRandomUIntScalar2":{"Value":{"Type":7,"Body":3500725620},"SourceTimestamp":"2024-04-27T15:43:50.6437044Z","ServerTimestamp":"2024-04-27T15:43:50.6437144Z"},"nsu=http://opcfoundation.org/UA/Plc/Applications;s=FastRandomUIntScalar3":{"Value":{"Type":7,"Body":2785013828},"SourceTimestamp":"2024-04-27T15:43:50.6437169Z","ServerTimestamp":"2024-04-27T15:43:50.6437228Z"}}}]