[{"DataSetWriterId":1,"SequenceNumber":21,"MetaDataVersion":{"MajorVersion":1},"Timestamp":"2024-04-27T15:43:52.8219868Z","MessageType":"ua-deltaframe","DataSetWriterName":"Test","Payload":{"nsu=http://opcfoundation.org/UA/Plc/Applications;s=FastUIntScalar2":{"Value":{"Type":7,"Body":23},"SourceTimestamp":"2024-04-27T15:43:52.6516522Z","ServerTimestamp":"2024-04-27T15:43:52.6516561Z"},"nsu=http://opcfoundation.org/UA/Plc/Applications;s=FastUIntScalar3":{"Value":{"Type":7,"Body":23},"SourceTimestamp":"2024-04-27T15:43:52.6516588Z","ServerTimestamp":"2024-04-27T15:43:52.6516607Z"},"nsu=http://opcfoundation.org/UA/Plc/Applications;s=FastRandomUIntScalar1":{"Value":{"Type":7,"Body":1687069646},"SourceTimestamp":"2024-04-27T15:43:52.6516182Z","ServerTimestamp":"2024-04-27T15:43:52.6516217Z"},"nsu=http://opcfoundation.org/UA/Plc/Applications;s=FastRandomUIntScalar2":{"Value":{"Type":7,"Body":3076762150},"SourceTimestamp":"2024-04-27T15:43:52.6516371Z","ServerTimestamp":"2024-04-27T15:43:52.6516526Z"},"nsu=http://opcfoundation.org/UA/Plc/Applications;s=FastRandomUIntScalar3":{"Value":{"Type":7,"Body":952346424},"SourceTimestamp":"2024-04-27T15:43:52.6516553Z","ServerTimestamp":"2024-04-27T15:43:52.6516587Z"}}}]