[{"SequenceNumber":23,"MetaDataVersion":{"MajorVersion":1},"Timestamp":"2024-04-27T15:43:56.730402Z","MessageType":"ua-deltaframe","DataSetWriterName":"MES","Payload":{"nsu=http://opcfoundation.org/UA/Plc/Applications;s=StepUp":{"Value":{"Type":7,"Body":270},"SourceTimestamp":"2024-04-27T15:43:56.6526307Z","ServerTimestamp":"2024-04-27T15:43:56.6526344Z"},"nsu=http://opcfoundation.org/UA/Plc/Applications;s=RandomSignedInt32":{"Value":{"Type":6,"Body":1203307012},"SourceTimestamp":"2024-04-27T15:43:56.6526445Z","ServerTimestamp":"2024-04-27T15:43:56.6526478Z"},"nsu=http://opcfoundation.org/UA/Plc/Applications;s=RandomUnsignedInt32":{"Value":{"Type":7,"Body":1710215083},"SourceTimestamp":"2024-04-27T15:43:56.6526724Z","ServerTimestamp":"2024-04-27T15:43:56.6526754Z"},"nsu=http://opcfoundation.org/UA/Plc/Applications;s=DipData":{"Value":{"Type":11,"Body":-68.454710592868878},"SourceTimestamp":"2024-04-27T15:43:56.6526596Z","ServerTimestamp":"2024-04-27T15:43:56.6526717Z"},"nsu=http://opcfoundation.org/UA/Plc/Applications;s=FastUIntScalar1":{"Value":{"Type":7,"Body":27},"SourceTimestamp":"2024-04-27T15:43:56.6525744Z","ServerTimestamp":"2024-04-27T15:43:56.6525779Z"}}}]