[{"DataSetWriterId":1,"SequenceNumber":26,"MetaDataVersion":{"MajorVersion":1},"Timestamp":"2024-04-27T15:43:58.8529443Z","MessageType":"ua-deltaframe","DataSetWriterName":"Test","Payload":{"nsu=http://opcfoundation.org/UA/Plc/Applications;s=FastUIntScalar2":{"Value":{"Type":7,"Body":29},"SourceTimestamp":"2024-04-27T15:43:58.6476725Z","ServerTimestamp":"2024-04-27T15:43:58.6476818Z"},"nsu=http://opcfoundation.org/UA/Plc/Applications;s=FastUIntScalar3":{"Value":{"Type":7,"Body":29},"SourceTimestamp":"2024-04-27T15:43:58.6476877Z","ServerTimestamp":"2024-04-27T15:43:58.6476895Z"},"nsu=http://opcfoundation.org/UA/Plc/Applications;s=FastRandomUIntScalar1":{"Value":{"Type":7,"Body":735502128},"SourceTimestamp":"2024-04-27T15:43:58.6476657Z","ServerTimestamp":"2024-04-27T15:43:58.6476729Z"},"nsu=http://opcfoundation.org/UA/Plc/Applications;s=FastRandomUIntScalar2":{"Value":{"Type":7,"Body":1089525049},"SourceTimestamp":"2024-04-27T15:43:58.6476803Z","ServerTimestamp":"2024-04-27T15:43:58.6476867Z"},"nsu=http://opcfoundation.org/UA/Plc/Applications;s=FastRandomUIntScalar3":{"Value":{"Type":7,"Body":3096168494},"SourceTimestamp":"2024-04-27T15:43:58.6476879Z","ServerTimestamp":"2024-04-27T15:43:58.6476884Z"}}}]