[{"SequenceNumber":26,"MetaDataVersion":{"MajorVersion":1},"Timestamp":"2024-04-27T15:43:59.726785Z","MessageType":"ua-deltaframe","DataSetWriterName":"MES","Payload":{"nsu=http://opcfoundation.org/UA/Plc/Applications;s=StepUp":{"Value":{"Type":7,"Body":300},"SourceTimestamp":"2024-04-27T15:43:59.6503051Z","ServerTimestamp":"2024-04-27T15:43:59.6503063Z"},"nsu=http://opcfoundation.org/UA/Plc/Applications;s=RandomSignedInt32":{"Value":{"Type":6,"Body":-774797827},"SourceTimestamp":"2024-04-27T15:43:59.650321Z","ServerTimestamp":"2024-04-27T15:43:59.6503237Z"},"nsu=http://opcfoundation.org/UA/Plc/Applications;s=RandomUnsignedInt32":{"Value":{"Type":7,"Body":1847961481},"SourceTimestamp":"2024-04-27T15:43:59.6503178Z","ServerTimestamp":"2024-04-27T15:43:59.6503224Z"},"nsu=http://opcfoundation.org/UA/Plc/Applications;s=DipData":{"Value":{"Type":11,"Body":12.533323356430426},"SourceTimestamp":"2024-04-27T15:43:59.6503281Z","ServerTimestamp":"2024-04-27T15:43:59.6503542Z"},"nsu=http://opcfoundation.org/UA/Plc/Applications;s=FastUIntScalar1":{"Value":{"Type":7,"Body":30},"SourceTimestamp":"2024-04-27T15:43:59.650271Z","ServerTimestamp":"2024-04-27T15:43:59.65028Z"}}}]