[{"DataSetWriterId":1,"SequenceNumber":27,"MetaDataVersion":{"MajorVersion":1},"Timestamp":"2024-04-27T15:43:59.8512826Z","MessageType":"ua-deltaframe","DataSetWriterName":"Test","Payload":{"nsu=http://opcfoundation.org/UA/Plc/Applications;s=FastUIntScalar2":{"Value":{"Type":7,"Body":30},"SourceTimestamp":"2024-04-27T15:43:59.650286Z","ServerTimestamp":"2024-04-27T15:43:59.6502898Z"},"nsu=http://opcfoundation.org/UA/Plc/Applications;s=FastUIntScalar3":{"Value":{"Type":7,"Body":30},"SourceTimestamp":"2024-04-27T15:43:59.6502914Z","ServerTimestamp":"2024-04-27T15:43:59.6502925Z"},"nsu=http://opcfoundation.org/UA/Plc/Applications;s=FastRandomUIntScalar1":{"Value":{"Type":7,"Body":2534943565},"SourceTimestamp":"2024-04-27T15:43:59.650283Z","ServerTimestamp":"2024-04-27T15:43:59.6502859Z"},"nsu=http://opcfoundation.org/UA/Plc/Applications;s=FastRandomUIntScalar2":{"Value":{"Type":7,"Body":1645638256},"SourceTimestamp":"2024-04-27T15:43:59.6502898Z","ServerTimestamp":"2024-04-27T15:43:59.6502913Z"},"nsu=http://opcfoundation.org/UA/Plc/Applications;s=FastRandomUIntScalar3":{"Value":{"Type":7,"Body":1573035176},"SourceTimestamp":"2024-04-27T15:43:59.6502927Z","ServerTimestamp":"2024-04-27T15:43:59.6502937Z"}}}]