[{"DataSetWriterId":1,"SequenceNumber":3,"MetaDataVersion":{"MajorVersion":1},"Timestamp":"2024-04-27T15:43:33.822126Z","MessageType":"ua-deltaframe","DataSetWriterName":"Test","Payload":{"nsu=http://opcfoundation.org/UA/Plc/Applications;s=FastUIntScalar2":{"Value":{"Type":7,"Body":4},"SourceTimestamp":"2024-04-27T15:43:33.6508835Z","ServerTimestamp":"2024-04-27T15:43:33.650884Z"},"nsu=http://opcfoundation.org/UA/Plc/Applications;s=FastUIntScalar3":{"Value":{"Type":7,"Body":4},"SourceTimestamp":"2024-04-27T15:43:33.6508852Z","ServerTimestamp":"2024-04-27T15:43:33.6508857Z"},"nsu=http://opcfoundation.org/UA/Plc/Applications;s=FastRandomUIntScalar1":{"Value":{"Type":7,"Body":4051780380},"SourceTimestamp":"2024-04-27T15:43:33.6508876Z","ServerTimestamp":"2024-04-27T15:43:33.6508894Z"},"nsu=http://opcfoundation.org/UA/Plc/Applications;s=FastRandomUIntScalar2":{"Value":{"Type":7,"Body":2817769429},"SourceTimestamp":"2024-04-27T15:43:33.6508959Z","ServerTimestamp":"2024-04-27T15:43:33.6508965Z"},"nsu=http://opcfoundation.org/UA/Plc/Applications;s=FastRandomUIntScalar3":{"Value":{"Type":7,"Body":2915249508},"SourceTimestamp":"2024-04-27T15:43:33.6508977Z","ServerTimestamp":"2024-04-27T15:43:33.6508985Z"}}}]