[{"DataSetWriterId":3,"SequenceNumber":3,"MetaDataVersion":{"MajorVersion":1},"Timestamp":"2024-04-27T15:44:00.9044724Z","MessageType":"ua-deltaframe","DataSetWriterName":"Assembly","Payload":{"nsu=http://opcfoundation.org/UA/Plc/Applications;s=SlowUIntScalar1":{"Value":{"Type":7,"Body":3},"SourceTimestamp":"2024-04-27T15:43:59.6502535Z","ServerTimestamp":"2024-04-27T15:43:59.6502561Z"},"nsu=http://opcfoundation.org/UA/Plc/Applications;s=SlowUIntScalar2":{"Value":{"Type":7,"Body":3},"SourceTimestamp":"2024-04-27T15:43:59.6502654Z","ServerTimestamp":"2024-04-27T15:43:59.6502681Z"},"nsu=http://opcfoundation.org/UA/Plc/Applications;s=SlowUIntScalar3":{"Value":{"Type":7,"Body":3},"SourceTimestamp":"2024-04-27T15:43:59.6502768Z","ServerTimestamp":"2024-04-27T15:43:59.6502783Z"},"nsu=http://opcfoundation.org/UA/Plc/Applications;s=BadSlowUIntScalar1":{"Value":{"Type":7,"Body":3},"SourceTimestamp":"2024-04-27T15:43:59.6502802Z","ServerTimestamp":"2024-04-27T15:43:59.6503183Z"}}}]