{"SequenceNumber":101,"MetaDataVersion":{"MajorVersion":1},"Timestamp":"2024-04-27T16:01:13.0418987Z","MessageType":"ua-deltaframe","DataSetWriterName":"<<UnknownDataSet>>","Payload":{"i=2258":{"Value":"2024-04-27T16:01:13.0415457Z","SourceTimestamp":"2024-04-27T15:59:32.0254722Z","ServerTimestamp":"2024-04-27T16:01:13.0415446Z"},"nsu=http://opcfoundation.org/UA/Plc/Applications;s=StepUp":{"Value":1018,"SourceTimestamp":"2024-04-27T16:01:13.0405205Z","ServerTimestamp":"2024-04-27T16:01:13.0415852Z"},"nsu=http://opcfoundation.org/UA/Plc/Applications;s=AlternatingBoolean":{"Value":true,"SourceTimestamp":"2024-04-27T16:01:13.0405501Z","ServerTimestamp":"2024-04-27T16:01:13.0415886Z"},"nsu=http://opcfoundation.org/UA/Plc/Applications;s=RandomSignedInt32":{"Value":-205035267,"SourceTimestamp":"2024-04-27T16:01:13.0405667Z","ServerTimestamp":"2024-04-27T16:01:13.0415959Z"},"nsu=http://opcfoundation.org/UA/Plc/Applications;s=RandomUnsignedInt32":{"Value":1224121602,"SourceTimestamp":"2024-04-27T16:01:13.0405656Z","ServerTimestamp":"2024-04-27T16:01:13.0415941Z"},"nsu=http://opcfoundation.org/UA/Plc/Applications;s=DipData":{"Value":-84.432792550201526,"SourceTimestamp":"2024-04-27T16:01:13.0405653Z","ServerTimestamp":"2024-04-27T16:01:13.0415899Z"},"nsu=http://opcfoundation.org/UA/Plc/Applications;s=FastUIntScalar1":{"Value":101,"SourceTimestamp":"2024-04-27T16:01:12.2379271Z","ServerTimestamp":"2024-04-27T16:01:13.041588Z"},"nsu=http://opcfoundation.org/UA/Plc/Applications;s=FastUIntScalar2":{"Value":101,"SourceTimestamp":"2024-04-27T16:01:12.2379377Z","ServerTimestamp":"2024-04-27T16:01:13.0415845Z"},"nsu=http://opcfoundation.org/UA/Plc/Applications;s=FastUIntScalar3":{"Value":101,"SourceTimestamp":"2024-04-27T16:01:12.2379407Z","ServerTimestamp":"2024-04-27T16:01:13.0415794Z"},"nsu=http://opcfoundation.org/UA/Plc/Applications;s=FastRandomUIntScalar1":{"Value":1512594187,"SourceTimestamp":"2024-04-27T16:01:12.237927Z","ServerTimestamp":"2024-04-27T16:01:13.0415817Z"},"nsu=http://opcfoundation.org/UA/Plc/Applications;s=FastRandomUIntScalar2":{"Value":3480592867,"SourceTimestamp":"2024-04-27T16:01:12.2379343Z","ServerTimestamp":"2024-04-27T16:01:13.0415932Z"},"nsu=http://opcfoundation.org/UA/Plc/Applications;s=FastRandomUIntScalar3":{"Value":3771066094,"SourceTimestamp":"2024-04-27T16:01:12.2379396Z","ServerTimestamp":"2024-04-27T16:01:13.0415836Z"},"nsu=http://opcfoundation.org/UA/Plc/Applications;s=NegativeTrendData":{"Value":98.5,"SourceTimestamp":"2024-04-27T16:01:13.0405615Z","ServerTimestamp":"2024-04-27T16:01:13.0415785Z"},"nsu=http://opcfoundation.org/UA/Plc/Applications;s=PositiveTrendData":{"Value":101.40000000000001,"SourceTimestamp":"2024-04-27T16:01:13.0405615Z","ServerTimestamp":"2024-04-27T16:01:13.0415875Z"},"nsu=http://opcfoundation.org/UA/Plc/Applications;s=SlowUIntScalar1":{"Value":10,"SourceTimestamp":"2024-04-27T16:01:11.2460071Z","ServerTimestamp":"2024-04-27T16:01:13.0415979Z"},"nsu=http://opcfoundation.org/UA/Plc/Applications;s=SlowUIntScalar2":{"Value":10,"SourceTimestamp":"2024-04-27T16:01:11.2460318Z","ServerTimestamp":"2024-04-27T16:01:13.0415826Z"},"nsu=http://opcfoundation.org/UA/Plc/Applications;s=SlowUIntScalar3":{"Value":10,"SourceTimestamp":"2024-04-27T16:01:11.2460336Z","ServerTimestamp":"2024-04-27T16:01:13.0415917Z"},"nsu=http://opcfoundation.org/UA/Plc/Applications;s=BadSlowUIntScalar1":{"Value":null,"StatusCode":{"Symbol":"BadNoCommunication","Code":2150694912},"SourceTimestamp":"2024-04-27T16:01:11.2460345Z","ServerTimestamp":"2024-04-27T16:01:13.0415909Z"},"nsu=http://opcfoundation.org/UA/Plc/Applications;s=SlowRandomUIntScalar1":{"Value":2898786525,"SourceTimestamp":"2024-04-27T16:01:11.2460569Z","ServerTimestamp":"2024-04-27T16:01:13.0415969Z"},"nsu=http://opcfoundation.org/UA/Plc/Applications;s=SlowRandomUIntScalar2":{"Value":3546259732,"SourceTimestamp":"2024-04-27T16:01:11.2460602Z","ServerTimestamp":"2024-04-27T16:01:13.0415866Z"},"nsu=http://opcfoundation.org/UA/Plc/Applications;s=SlowRandomUIntScalar3":{"Value":421279499,"SourceTimestamp":"2024-04-27T16:01:11.246062Z","ServerTimestamp":"2024-04-27T16:01:13.0415952Z"},"nsu=http://opcfoundation.org/UA/Plc/Applications;s=BadSlowRandomUIntScalar1":{"Value":null,"StatusCode":{"Symbol":"BadNoCommunication","Code":2150694912},"SourceTimestamp":"2024-04-27T16:01:11.2460665Z","ServerTimestamp":"2024-04-27T16:01:13.0415805Z"},"nsu=http://opcfoundation.org/UA/Plc/Applications;s=SpikeData":{"Value":-84.432792550201526,"SourceTimestamp":"2024-04-27T16:01:13.0405544Z","ServerTimestamp":"2024-04-27T16:01:13.0415925Z"},"ns=23;i=1259":{"Value":1.29,"SourceTimestamp":"2024-04-27T15:59:32.0256427Z","ServerTimestamp":"2024-04-27T16:01:13.0415617Z"}}}