{"SequenceNumber":102,"MetaDataVersion":{"MajorVersion":1},"Timestamp":"2024-04-27T16:01:14.0326546Z","MessageType":"ua-deltaframe","DataSetWriterName":"<<UnknownDataSet>>","Payload":{"i=2258":{"Value":"2024-04-27T16:01:14.0323628Z","SourceTimestamp":"2024-04-27T15:59:32.0254722Z","ServerTimestamp":"2024-04-27T16:01:14.0323617Z"},"nsu=http://opcfoundation.org/UA/Plc/Applications;s=StepUp":{"Value":1027,"SourceTimestamp":"2024-04-27T16:01:13.9389375Z","ServerTimestamp":"2024-04-27T16:01:14.0324016Z"},"nsu=http://opcfoundation.org/UA/Plc/Applications;s=AlternatingBoolean":{"Value":true,"SourceTimestamp":"2024-04-27T16:01:13.9389866Z","ServerTimestamp":"2024-04-27T16:01:14.0324051Z"},"nsu=http://opcfoundation.org/UA/Plc/Applications;s=RandomSignedInt32":{"Value":-1977267012,"SourceTimestamp":"2024-04-27T16:01:13.9390257Z","ServerTimestamp":"2024-04-27T16:01:14.0324118Z"},"nsu=http://opcfoundation.org/UA/Plc/Applications;s=RandomUnsignedInt32":{"Value":1949477678,"SourceTimestamp":"2024-04-27T16:01:13.9390387Z","ServerTimestamp":"2024-04-27T16:01:14.03241Z"},"nsu=http://opcfoundation.org/UA/Plc/Applications;s=DipData":{"Value":12.53332335643041,"SourceTimestamp":"2024-04-27T16:01:13.9390206Z","ServerTimestamp":"2024-04-27T16:01:14.032406Z"},"nsu=http://opcfoundation.org/UA/Plc/Applications;s=FastUIntScalar1":{"Value":102,"SourceTimestamp":"2024-04-27T16:01:13.2429519Z","ServerTimestamp":"2024-04-27T16:01:14.0324045Z"},"nsu=http://opcfoundation.org/UA/Plc/Applications;s=FastUIntScalar2":{"Value":102,"SourceTimestamp":"2024-04-27T16:01:13.2429535Z","ServerTimestamp":"2024-04-27T16:01:14.032401Z"},"nsu=http://opcfoundation.org/UA/Plc/Applications;s=FastUIntScalar3":{"Value":102,"SourceTimestamp":"2024-04-27T16:01:13.2429552Z","ServerTimestamp":"2024-04-27T16:01:14.0323963Z"},"nsu=http://opcfoundation.org/UA/Plc/Applications;s=FastRandomUIntScalar1":{"Value":3406764043,"SourceTimestamp":"2024-04-27T16:01:13.2429624Z","ServerTimestamp":"2024-04-27T16:01:14.0323982Z"},"nsu=http://opcfoundation.org/UA/Plc/Applications;s=FastRandomUIntScalar2":{"Value":3450789181,"SourceTimestamp":"2024-04-27T16:01:13.2429735Z","ServerTimestamp":"2024-04-27T16:01:14.0324091Z"},"nsu=http://opcfoundation.org/UA/Plc/Applications;s=FastRandomUIntScalar3":{"Value":1158515694,"SourceTimestamp":"2024-04-27T16:01:13.2429757Z","ServerTimestamp":"2024-04-27T16:01:14.0324002Z"},"nsu=http://opcfoundation.org/UA/Plc/Applications;s=NegativeTrendData":{"Value":98.5,"SourceTimestamp":"2024-04-27T16:01:13.9390145Z","ServerTimestamp":"2024-04-27T16:01:14.0323954Z"},"nsu=http://opcfoundation.org/UA/Plc/Applications;s=PositiveTrendData":{"Value":101.40000000000001,"SourceTimestamp":"2024-04-27T16:01:13.9390222Z","ServerTimestamp":"2024-04-27T16:01:14.0324034Z"},"nsu=http://opcfoundation.org/UA/Plc/Applications;s=SlowUIntScalar1":{"Value":10,"SourceTimestamp":"2024-04-27T16:01:11.2460071Z","ServerTimestamp":"2024-04-27T16:01:14.0324139Z"},"nsu=http://opcfoundation.org/UA/Plc/Applications;s=SlowUIntScalar2":{"Value":10,"SourceTimestamp":"2024-04-27T16:01:11.2460318Z","ServerTimestamp":"2024-04-27T16:01:14.0323991Z"},"nsu=http://opcfoundation.org/UA/Plc/Applications;s=SlowUIntScalar3":{"Value":10,"SourceTimestamp":"2024-04-27T16:01:11.2460336Z","ServerTimestamp":"2024-04-27T16:01:14.0324077Z"},"nsu=http://opcfoundation.org/UA/Plc/Applications;s=BadSlowUIntScalar1":{"Value":null,"StatusCode":{"Symbol":"BadNoCommunication","Code":2150694912},"SourceTimestamp":"2024-04-27T16:01:11.2460345Z","ServerTimestamp":"2024-04-27T16:01:14.032407Z"},"nsu=http://opcfoundation.org/UA/Plc/Applications;s=SlowRandomUIntScalar1":{"Value":2898786525,"SourceTimestamp":"2024-04-27T16:01:11.2460569Z","ServerTimestamp":"2024-04-27T16:01:14.032413Z"},"nsu=http://opcfoundation.org/UA/Plc/Applications;s=SlowRandomUIntScalar2":{"Value":3546259732,"SourceTimestamp":"2024-04-27T16:01:11.2460602Z","ServerTimestamp":"2024-04-27T16:01:14.0324025Z"},"nsu=http://opcfoundation.org/UA/Plc/Applications;s=SlowRandomUIntScalar3":{"Value":421279499,"SourceTimestamp":"2024-04-27T16:01:11.246062Z","ServerTimestamp":"2024-04-27T16:01:14.0324111Z"},"nsu=http://opcfoundation.org/UA/Plc/Applications;s=BadSlowRandomUIntScalar1":{"Value":null,"StatusCode":{"Symbol":"BadNoCommunication","Code":2150694912},"SourceTimestamp":"2024-04-27T16:01:11.2460665Z","ServerTimestamp":"2024-04-27T16:01:14.0323974Z"},"nsu=http://opcfoundation.org/UA/Plc/Applications;s=SpikeData":{"Value":12.53332335643041,"SourceTimestamp":"2024-04-27T16:01:13.939006Z","ServerTimestamp":"2024-04-27T16:01:14.0324084Z"},"ns=23;i=1259":{"Value":0.32100000000000001,"SourceTimestamp":"2024-04-27T15:59:32.0256427Z","ServerTimestamp":"2024-04-27T16:01:14.0323793Z"}}}