{"SequenceNumber":105,"MetaDataVersion":{"MajorVersion":1},"Timestamp":"2024-04-27T16:01:17.0354024Z","MessageType":"ua-deltaframe","DataSetWriterName":"<<UnknownDataSet>>","Payload":{"i=2258":{"Value":"2024-04-27T16:01:17.0351057Z","SourceTimestamp":"2024-04-27T15:59:32.0254722Z","ServerTimestamp":"2024-04-27T16:01:17.0351045Z"},"nsu=http://opcfoundation.org/UA/Plc/Applications;s=StepUp":{"Value":1057,"SourceTimestamp":"2024-04-27T16:01:16.9414221Z","ServerTimestamp":"2024-04-27T16:01:17.0351434Z"},"nsu=http://opcfoundation.org/UA/Plc/Applications;s=AlternatingBoolean":{"Value":false,"SourceTimestamp":"2024-04-27T16:01:16.9414495Z","ServerTimestamp":"2024-04-27T16:01:17.0351469Z"},"nsu=http://opcfoundation.org/UA/Plc/Applications;s=RandomSignedInt32":{"Value":907274948,"SourceTimestamp":"2024-04-27T16:01:16.9414688Z","ServerTimestamp":"2024-04-27T16:01:17.0351539Z"},"nsu=http://opcfoundation.org/UA/Plc/Applications;s=RandomUnsignedInt32":{"Value":2096067010,"SourceTimestamp":"2024-04-27T16:01:16.9414652Z","ServerTimestamp":"2024-04-27T16:01:17.0351521Z"},"nsu=http://opcfoundation.org/UA/Plc/Applications;s=DipData":{"Value":-68.454710592868821,"SourceTimestamp":"2024-04-27T16:01:16.9414846Z","ServerTimestamp":"2024-04-27T16:01:17.0351481Z"},"nsu=http://opcfoundation.org/UA/Plc/Applications;s=FastUIntScalar1":{"Value":105,"SourceTimestamp":"2024-04-27T16:01:16.2456453Z","ServerTimestamp":"2024-04-27T16:01:17.0351462Z"},"nsu=http://opcfoundation.org/UA/Plc/Applications;s=FastUIntScalar2":{"Value":105,"SourceTimestamp":"2024-04-27T16:01:16.2456562Z","ServerTimestamp":"2024-04-27T16:01:17.0351428Z"},"nsu=http://opcfoundation.org/UA/Plc/Applications;s=FastUIntScalar3":{"Value":105,"SourceTimestamp":"2024-04-27T16:01:16.2456587Z","ServerTimestamp":"2024-04-27T16:01:17.0351383Z"},"nsu=http://opcfoundation.org/UA/Plc/Applications;s=FastRandomUIntScalar1":{"Value":3592204195,"SourceTimestamp":"2024-04-27T16:01:16.2456302Z","ServerTimestamp":"2024-04-27T16:01:17.0351401Z"},"nsu=http://opcfoundation.org/UA/Plc/Applications;s=FastRandomUIntScalar2":{"Value":3684826703,"SourceTimestamp":"2024-04-27T16:01:16.2456336Z","ServerTimestamp":"2024-04-27T16:01:17.0351512Z"},"nsu=http://opcfoundation.org/UA/Plc/Applications;s=FastRandomUIntScalar3":{"Value":2753982874,"SourceTimestamp":"2024-04-27T16:01:16.2456358Z","ServerTimestamp":"2024-04-27T16:01:17.0351421Z"},"nsu=http://opcfoundation.org/UA/Plc/Applications;s=NegativeTrendData":{"Value":98.400000000000006,"SourceTimestamp":"2024-04-27T16:01:16.9414633Z","ServerTimestamp":"2024-04-27T16:01:17.0351374Z"},"nsu=http://opcfoundation.org/UA/Plc/Applications;s=PositiveTrendData":{"Value":101.5,"SourceTimestamp":"2024-04-27T16:01:16.941463Z","ServerTimestamp":"2024-04-27T16:01:17.0351458Z"},"nsu=http://opcfoundation.org/UA/Plc/Applications;s=SlowUIntScalar1":{"Value":10,"SourceTimestamp":"2024-04-27T16:01:11.2460071Z","ServerTimestamp":"2024-04-27T16:01:17.0351559Z"},"nsu=http://opcfoundation.org/UA/Plc/Applications;s=SlowUIntScalar2":{"Value":10,"SourceTimestamp":"2024-04-27T16:01:11.2460318Z","ServerTimestamp":"2024-04-27T16:01:17.035141Z"},"nsu=http://opcfoundation.org/UA/Plc/Applications;s=SlowUIntScalar3":{"Value":10,"SourceTimestamp":"2024-04-27T16:01:11.2460336Z","ServerTimestamp":"2024-04-27T16:01:17.0351497Z"},"nsu=http://opcfoundation.org/UA/Plc/Applications;s=BadSlowUIntScalar1":{"Value":null,"StatusCode":{"Symbol":"BadNoCommunication","Code":2150694912},"SourceTimestamp":"2024-04-27T16:01:11.2460345Z","ServerTimestamp":"2024-04-27T16:01:17.035149Z"},"nsu=http://opcfoundation.org/UA/Plc/Applications;s=SlowRandomUIntScalar1":{"Value":2898786525,"SourceTimestamp":"2024-04-27T16:01:11.2460569Z","ServerTimestamp":"2024-04-27T16:01:17.0351549Z"},"nsu=http://opcfoundation.org/UA/Plc/Applications;s=SlowRandomUIntScalar2":{"Value":3546259732,"SourceTimestamp":"2024-04-27T16:01:11.2460602Z","ServerTimestamp":"2024-04-27T16:01:17.0351446Z"},"nsu=http://opcfoundation.org/UA/Plc/Applications;s=SlowRandomUIntScalar3":{"Value":421279499,"SourceTimestamp":"2024-04-27T16:01:11.246062Z","ServerTimestamp":"2024-04-27T16:01:17.0351531Z"},"nsu=http://opcfoundation.org/UA/Plc/Applications;s=BadSlowRandomUIntScalar1":{"Value":null,"StatusCode":{"Symbol":"BadNoCommunication","Code":2150694912},"SourceTimestamp":"2024-04-27T16:01:11.2460665Z","ServerTimestamp":"2024-04-27T16:01:17.0351393Z"},"nsu=http://opcfoundation.org/UA/Plc/Applications;s=SpikeData":{"Value":-68.454710592868821,"SourceTimestamp":"2024-04-27T16:01:16.9414482Z","ServerTimestamp":"2024-04-27T16:01:17.0351505Z"},"ns=23;i=1259":{"Value":-0.44700000000000001,"SourceTimestamp":"2024-04-27T15:59:32.0256427Z","ServerTimestamp":"2024-04-27T16:01:17.0351216Z"}}}