{"SequenceNumber":109,"MetaDataVersion":{"MajorVersion":1},"Timestamp":"2024-04-27T16:01:21.0306238Z","MessageType":"ua-deltaframe","DataSetWriterName":"<<UnknownDataSet>>","Payload":{"i=2258":{"Value":"2024-04-27T16:01:21.0303089Z","SourceTimestamp":"2024-04-27T15:59:32.0254722Z","ServerTimestamp":"2024-04-27T16:01:21.0303078Z"},"nsu=http://opcfoundation.org/UA/Plc/Applications;s=StepUp":{"Value":1097,"SourceTimestamp":"2024-04-27T16:01:20.9511993Z","ServerTimestamp":"2024-04-27T16:01:21.0303473Z"},"nsu=http://opcfoundation.org/UA/Plc/Applications;s=AlternatingBoolean":{"Value":false,"SourceTimestamp":"2024-04-27T16:01:20.9512549Z","ServerTimestamp":"2024-04-27T16:01:21.0303503Z"},"nsu=http://opcfoundation.org/UA/Plc/Applications;s=RandomSignedInt32":{"Value":1589449514,"SourceTimestamp":"2024-04-27T16:01:20.9512697Z","ServerTimestamp":"2024-04-27T16:01:21.0303681Z"},"nsu=http://opcfoundation.org/UA/Plc/Applications;s=RandomUnsignedInt32":{"Value":1398034885,"SourceTimestamp":"2024-04-27T16:01:20.9512389Z","ServerTimestamp":"2024-04-27T16:01:21.0303663Z"},"nsu=http://opcfoundation.org/UA/Plc/Applications;s=DipData":{"Value":48.175367410171532,"SourceTimestamp":"2024-04-27T16:01:20.951231Z","ServerTimestamp":"2024-04-27T16:01:21.0303516Z"},"nsu=http://opcfoundation.org/UA/Plc/Applications;s=FastUIntScalar1":{"Value":109,"SourceTimestamp":"2024-04-27T16:01:20.2414749Z","ServerTimestamp":"2024-04-27T16:01:21.0303496Z"},"nsu=http://opcfoundation.org/UA/Plc/Applications;s=FastUIntScalar2":{"Value":109,"SourceTimestamp":"2024-04-27T16:01:20.2414807Z","ServerTimestamp":"2024-04-27T16:01:21.0303465Z"},"nsu=http://opcfoundation.org/UA/Plc/Applications;s=FastUIntScalar3":{"Value":109,"SourceTimestamp":"2024-04-27T16:01:20.2414853Z","ServerTimestamp":"2024-04-27T16:01:21.0303418Z"},"nsu=http://opcfoundation.org/UA/Plc/Applications;s=FastRandomUIntScalar1":{"Value":635689939,"SourceTimestamp":"2024-04-27T16:01:20.2414759Z","ServerTimestamp":"2024-04-27T16:01:21.0303437Z"},"nsu=http://opcfoundation.org/UA/Plc/Applications;s=FastRandomUIntScalar2":{"Value":13951417,"SourceTimestamp":"2024-04-27T16:01:20.2414844Z","ServerTimestamp":"2024-04-27T16:01:21.0303654Z"},"nsu=http://opcfoundation.org/UA/Plc/Applications;s=FastRandomUIntScalar3":{"Value":1497898888,"SourceTimestamp":"2024-04-27T16:01:20.2414862Z","ServerTimestamp":"2024-04-27T16:01:21.0303458Z"},"nsu=http://opcfoundation.org/UA/Plc/Applications;s=NegativeTrendData":{"Value":98.400000000000006,"SourceTimestamp":"2024-04-27T16:01:20.9512251Z","ServerTimestamp":"2024-04-27T16:01:21.0303408Z"},"nsu=http://opcfoundation.org/UA/Plc/Applications;s=PositiveTrendData":{"Value":101.5,"SourceTimestamp":"2024-04-27T16:01:20.9512397Z","ServerTimestamp":"2024-04-27T16:01:21.0303492Z"},"nsu=http://opcfoundation.org/UA/Plc/Applications;s=SlowUIntScalar1":{"Value":10,"SourceTimestamp":"2024-04-27T16:01:11.2460071Z","ServerTimestamp":"2024-04-27T16:01:21.0303703Z"},"nsu=http://opcfoundation.org/UA/Plc/Applications;s=SlowUIntScalar2":{"Value":10,"SourceTimestamp":"2024-04-27T16:01:11.2460318Z","ServerTimestamp":"2024-04-27T16:01:21.0303447Z"},"nsu=http://opcfoundation.org/UA/Plc/Applications;s=SlowUIntScalar3":{"Value":10,"SourceTimestamp":"2024-04-27T16:01:11.2460336Z","ServerTimestamp":"2024-04-27T16:01:21.0303534Z"},"nsu=http://opcfoundation.org/UA/Plc/Applications;s=BadSlowUIntScalar1":{"Value":null,"StatusCode":{"Symbol":"BadNoCommunication","Code":2150694912},"SourceTimestamp":"2024-04-27T16:01:11.2460345Z","ServerTimestamp":"2024-04-27T16:01:21.0303526Z"},"nsu=http://opcfoundation.org/UA/Plc/Applications;s=SlowRandomUIntScalar1":{"Value":2898786525,"SourceTimestamp":"2024-04-27T16:01:11.2460569Z","ServerTimestamp":"2024-04-27T16:01:21.0303694Z"},"nsu=http://opcfoundation.org/UA/Plc/Applications;s=SlowRandomUIntScalar2":{"Value":3546259732,"SourceTimestamp":"2024-04-27T16:01:11.2460602Z","ServerTimestamp":"2024-04-27T16:01:21.0303482Z"},"nsu=http://opcfoundation.org/UA/Plc/Applications;s=SlowRandomUIntScalar3":{"Value":421279499,"SourceTimestamp":"2024-04-27T16:01:11.246062Z","ServerTimestamp":"2024-04-27T16:01:21.0303673Z"},"nsu=http://opcfoundation.org/UA/Plc/Applications;s=BadSlowRandomUIntScalar1":{"Value":null,"StatusCode":{"Symbol":"BadNoCommunication","Code":2150694912},"SourceTimestamp":"2024-04-27T16:01:11.2460665Z","ServerTimestamp":"2024-04-27T16:01:21.0303428Z"},"nsu=http://opcfoundation.org/UA/Plc/Applications;s=SpikeData":{"Value":48.175367410171532,"SourceTimestamp":"2024-04-27T16:01:20.9511994Z","ServerTimestamp":"2024-04-27T16:01:21.0303646Z"},"ns=23;i=1259":{"Value":1.73,"SourceTimestamp":"2024-04-27T15:59:32.0256427Z","ServerTimestamp":"2024-04-27T16:01:21.0303244Z"}}}