{"SequenceNumber":11,"MetaDataVersion":{"MajorVersion":1},"Timestamp":"2024-04-27T15:59:43.0425941Z","MessageType":"ua-deltaframe","DataSetWriterName":"<<UnknownDataSet>>","Payload":{"i=2258":{"Value":"2024-04-27T15:59:43.0423212Z","SourceTimestamp":"2024-04-27T15:59:32.0254722Z","ServerTimestamp":"2024-04-27T15:59:43.04232Z"},"nsu=http://opcfoundation.org/UA/Plc/Applications;s=StepUp":{"Value":118,"SourceTimestamp":"2024-04-27T15:59:43.041368Z","ServerTimestamp":"2024-04-27T15:59:43.042356Z"},"nsu=http://opcfoundation.org/UA/Plc/Applications;s=AlternatingBoolean":{"Value":true,"SourceTimestamp":"2024-04-27T15:59:43.0413801Z","ServerTimestamp":"2024-04-27T15:59:43.0423601Z"},"nsu=http://opcfoundation.org/UA/Plc/Applications;s=RandomSignedInt32":{"Value":-510189036,"SourceTimestamp":"2024-04-27T15:59:43.0413866Z","ServerTimestamp":"2024-04-27T15:59:43.0423663Z"},"nsu=http://opcfoundation.org/UA/Plc/Applications;s=RandomUnsignedInt32":{"Value":884791447,"SourceTimestamp":"2024-04-27T15:59:43.0413793Z","ServerTimestamp":"2024-04-27T15:59:43.0423648Z"},"nsu=http://opcfoundation.org/UA/Plc/Applications;s=DipData":{"Value":-84.432792550201526,"SourceTimestamp":"2024-04-27T15:59:43.0413811Z","ServerTimestamp":"2024-04-27T15:59:43.0423609Z"},"nsu=http://opcfoundation.org/UA/Plc/Applications;s=FastUIntScalar1":{"Value":11,"SourceTimestamp":"2024-04-27T15:59:42.2393022Z","ServerTimestamp":"2024-04-27T15:59:43.0423595Z"},"nsu=http://opcfoundation.org/UA/Plc/Applications;s=FastUIntScalar2":{"Value":11,"SourceTimestamp":"2024-04-27T15:59:42.2393132Z","ServerTimestamp":"2024-04-27T15:59:43.0423553Z"},"nsu=http://opcfoundation.org/UA/Plc/Applications;s=FastUIntScalar3":{"Value":11,"SourceTimestamp":"2024-04-27T15:59:42.2393149Z","ServerTimestamp":"2024-04-27T15:59:43.0423511Z"},"nsu=http://opcfoundation.org/UA/Plc/Applications;s=FastRandomUIntScalar1":{"Value":4075153655,"SourceTimestamp":"2024-04-27T15:59:42.2393069Z","ServerTimestamp":"2024-04-27T15:59:43.0423529Z"},"nsu=http://opcfoundation.org/UA/Plc/Applications;s=FastRandomUIntScalar2":{"Value":2773210913,"SourceTimestamp":"2024-04-27T15:59:42.2393094Z","ServerTimestamp":"2024-04-27T15:59:43.0423638Z"},"nsu=http://opcfoundation.org/UA/Plc/Applications;s=FastRandomUIntScalar3":{"Value":3348897127,"SourceTimestamp":"2024-04-27T15:59:42.239311Z","ServerTimestamp":"2024-04-27T15:59:43.0423546Z"},"nsu=http://opcfoundation.org/UA/Plc/Applications;s=NegativeTrendData":{"Value":100,"SourceTimestamp":"2024-04-27T15:59:43.0413734Z","ServerTimestamp":"2024-04-27T15:59:43.0423504Z"},"nsu=http://opcfoundation.org/UA/Plc/Applications;s=PositiveTrendData":{"Value":100,"SourceTimestamp":"2024-04-27T15:59:43.0413696Z","ServerTimestamp":"2024-04-27T15:59:43.0423589Z"},"nsu=http://opcfoundation.org/UA/Plc/Applications;s=SlowUIntScalar1":{"Value":1,"SourceTimestamp":"2024-04-27T15:59:41.2476985Z","ServerTimestamp":"2024-04-27T15:59:43.0423681Z"},"nsu=http://opcfoundation.org/UA/Plc/Applications;s=SlowUIntScalar2":{"Value":1,"SourceTimestamp":"2024-04-27T15:59:41.2477074Z","ServerTimestamp":"2024-04-27T15:59:43.0423537Z"},"nsu=http://opcfoundation.org/UA/Plc/Applications;s=SlowUIntScalar3":{"Value":1,"SourceTimestamp":"2024-04-27T15:59:41.2477093Z","ServerTimestamp":"2024-04-27T15:59:43.0423625Z"},"nsu=http://opcfoundation.org/UA/Plc/Applications;s=BadSlowUIntScalar1":{"Value":1,"SourceTimestamp":"2024-04-27T15:59:41.2477111Z","ServerTimestamp":"2024-04-27T15:59:43.0423617Z"},"nsu=http://opcfoundation.org/UA/Plc/Applications;s=SlowRandomUIntScalar1":{"Value":4045208562,"SourceTimestamp":"2024-04-27T15:59:41.24777Z","ServerTimestamp":"2024-04-27T15:59:43.0423673Z"},"nsu=http://opcfoundation.org/UA/Plc/Applications;s=SlowRandomUIntScalar2":{"Value":2918837676,"SourceTimestamp":"2024-04-27T15:59:41.2477855Z","ServerTimestamp":"2024-04-27T15:59:43.0423569Z"},"nsu=http://opcfoundation.org/UA/Plc/Applications;s=SlowRandomUIntScalar3":{"Value":1527422552,"SourceTimestamp":"2024-04-27T15:59:41.2477882Z","ServerTimestamp":"2024-04-27T15:59:43.0423657Z"},"nsu=http://opcfoundation.org/UA/Plc/Applications;s=BadSlowRandomUIntScalar1":{"Value":1880456922,"SourceTimestamp":"2024-04-27T15:59:41.2477917Z","ServerTimestamp":"2024-04-27T15:59:43.0423521Z"},"nsu=http://opcfoundation.org/UA/Plc/Applications;s=SpikeData":{"Value":-84.432792550201526,"SourceTimestamp":"2024-04-27T15:59:43.0413642Z","ServerTimestamp":"2024-04-27T15:59:43.0423632Z"},"ns=23;i=1259":{"Value":0.61099999999999999,"SourceTimestamp":"2024-04-27T15:59:32.0256427Z","ServerTimestamp":"2024-04-27T15:59:43.0423356Z"}}}