{"SequenceNumber":118,"MetaDataVersion":{"MajorVersion":1},"Timestamp":"2024-04-27T16:01:30.0363228Z","MessageType":"ua-deltaframe","DataSetWriterName":"<<UnknownDataSet>>","Payload":{"i=2258":{"Value":"2024-04-27T16:01:30.0359944Z","SourceTimestamp":"2024-04-27T15:59:32.0254722Z","ServerTimestamp":"2024-04-27T16:01:30.0359933Z"},"nsu=http://opcfoundation.org/UA/Plc/Applications;s=StepUp":{"Value":1187,"SourceTimestamp":"2024-04-27T16:01:29.9424652Z","ServerTimestamp":"2024-04-27T16:01:30.0360334Z"},"nsu=http://opcfoundation.org/UA/Plc/Applications;s=AlternatingBoolean":{"Value":false,"SourceTimestamp":"2024-04-27T16:01:29.9424934Z","ServerTimestamp":"2024-04-27T16:01:30.036036Z"},"nsu=http://opcfoundation.org/UA/Plc/Applications;s=RandomSignedInt32":{"Value":-504125629,"SourceTimestamp":"2024-04-27T16:01:29.9424841Z","ServerTimestamp":"2024-04-27T16:01:30.0360431Z"},"nsu=http://opcfoundation.org/UA/Plc/Applications;s=RandomUnsignedInt32":{"Value":1181478750,"SourceTimestamp":"2024-04-27T16:01:29.9424917Z","ServerTimestamp":"2024-04-27T16:01:30.0360414Z"},"nsu=http://opcfoundation.org/UA/Plc/Applications;s=DipData":{"Value":98.228725072868855,"SourceTimestamp":"2024-04-27T16:01:29.9424827Z","ServerTimestamp":"2024-04-27T16:01:30.036037Z"},"nsu=http://opcfoundation.org/UA/Plc/Applications;s=FastUIntScalar1":{"Value":118,"SourceTimestamp":"2024-04-27T16:01:29.23755Z","ServerTimestamp":"2024-04-27T16:01:30.0360354Z"},"nsu=http://opcfoundation.org/UA/Plc/Applications;s=FastUIntScalar2":{"Value":118,"SourceTimestamp":"2024-04-27T16:01:29.2375561Z","ServerTimestamp":"2024-04-27T16:01:30.0360327Z"},"nsu=http://opcfoundation.org/UA/Plc/Applications;s=FastUIntScalar3":{"Value":118,"SourceTimestamp":"2024-04-27T16:01:29.237558Z","ServerTimestamp":"2024-04-27T16:01:30.0360284Z"},"nsu=http://opcfoundation.org/UA/Plc/Applications;s=FastRandomUIntScalar1":{"Value":1175129627,"SourceTimestamp":"2024-04-27T16:01:29.2375506Z","ServerTimestamp":"2024-04-27T16:01:30.0360302Z"},"nsu=http://opcfoundation.org/UA/Plc/Applications;s=FastRandomUIntScalar2":{"Value":4007876928,"SourceTimestamp":"2024-04-27T16:01:29.2375525Z","ServerTimestamp":"2024-04-27T16:01:30.0360405Z"},"nsu=http://opcfoundation.org/UA/Plc/Applications;s=FastRandomUIntScalar3":{"Value":3054631718,"SourceTimestamp":"2024-04-27T16:01:29.2375568Z","ServerTimestamp":"2024-04-27T16:01:30.0360319Z"},"nsu=http://opcfoundation.org/UA/Plc/Applications;s=NegativeTrendData":{"Value":98.200000000000003,"SourceTimestamp":"2024-04-27T16:01:29.9424782Z","ServerTimestamp":"2024-04-27T16:01:30.0360276Z"},"nsu=http://opcfoundation.org/UA/Plc/Applications;s=PositiveTrendData":{"Value":101.7,"SourceTimestamp":"2024-04-27T16:01:29.9424785Z","ServerTimestamp":"2024-04-27T16:01:30.036035Z"},"nsu=http://opcfoundation.org/UA/Plc/Applications;s=SlowUIntScalar1":{"Value":11,"SourceTimestamp":"2024-04-27T16:01:21.2481381Z","ServerTimestamp":"2024-04-27T16:01:30.0360452Z"},"nsu=http://opcfoundation.org/UA/Plc/Applications;s=SlowUIntScalar2":{"Value":11,"SourceTimestamp":"2024-04-27T16:01:21.2481478Z","ServerTimestamp":"2024-04-27T16:01:30.0360311Z"},"nsu=http://opcfoundation.org/UA/Plc/Applications;s=SlowUIntScalar3":{"Value":11,"SourceTimestamp":"2024-04-27T16:01:21.2481495Z","ServerTimestamp":"2024-04-27T16:01:30.0360389Z"},"nsu=http://opcfoundation.org/UA/Plc/Applications;s=BadSlowUIntScalar1":{"Value":1,"SourceTimestamp":"2024-04-27T16:01:21.2481513Z","ServerTimestamp":"2024-04-27T16:01:30.036038Z"},"nsu=http://opcfoundation.org/UA/Plc/Applications;s=SlowRandomUIntScalar1":{"Value":3088045489,"SourceTimestamp":"2024-04-27T16:01:21.2481796Z","ServerTimestamp":"2024-04-27T16:01:30.0360443Z"},"nsu=http://opcfoundation.org/UA/Plc/Applications;s=SlowRandomUIntScalar2":{"Value":2366249769,"SourceTimestamp":"2024-04-27T16:01:21.2481817Z","ServerTimestamp":"2024-04-27T16:01:30.0360342Z"},"nsu=http://opcfoundation.org/UA/Plc/Applications;s=SlowRandomUIntScalar3":{"Value":292679429,"SourceTimestamp":"2024-04-27T16:01:21.2481832Z","ServerTimestamp":"2024-04-27T16:01:30.0360425Z"},"nsu=http://opcfoundation.org/UA/Plc/Applications;s=BadSlowRandomUIntScalar1":{"Value":3257021296,"SourceTimestamp":"2024-04-27T16:01:21.2481853Z","ServerTimestamp":"2024-04-27T16:01:30.0360293Z"},"nsu=http://opcfoundation.org/UA/Plc/Applications;s=SpikeData":{"Value":98.228725072868855,"SourceTimestamp":"2024-04-27T16:01:29.9424243Z","ServerTimestamp":"2024-04-27T16:01:30.0360397Z"},"ns=23;i=1259":{"Value":-0.0030100000000000001,"SourceTimestamp":"2024-04-27T15:59:32.0256427Z","ServerTimestamp":"2024-04-27T16:01:30.0360105Z"}}}