{"SequenceNumber":12,"MetaDataVersion":{"MajorVersion":1},"Timestamp":"2024-04-27T15:59:44.0338877Z","MessageType":"ua-deltaframe","DataSetWriterName":"<<UnknownDataSet>>","Payload":{"i=2258":{"Value":"2024-04-27T15:59:44.0335781Z","SourceTimestamp":"2024-04-27T15:59:32.0254722Z","ServerTimestamp":"2024-04-27T15:59:44.0335767Z"},"nsu=http://opcfoundation.org/UA/Plc/Applications;s=StepUp":{"Value":127,"SourceTimestamp":"2024-04-27T15:59:43.9387244Z","ServerTimestamp":"2024-04-27T15:59:44.0336154Z"},"nsu=http://opcfoundation.org/UA/Plc/Applications;s=AlternatingBoolean":{"Value":true,"SourceTimestamp":"2024-04-27T15:59:43.9387349Z","ServerTimestamp":"2024-04-27T15:59:44.0336183Z"},"nsu=http://opcfoundation.org/UA/Plc/Applications;s=RandomSignedInt32":{"Value":24271161,"SourceTimestamp":"2024-04-27T15:59:43.9387591Z","ServerTimestamp":"2024-04-27T15:59:44.0336249Z"},"nsu=http://opcfoundation.org/UA/Plc/Applications;s=RandomUnsignedInt32":{"Value":608275131,"SourceTimestamp":"2024-04-27T15:59:43.9387609Z","ServerTimestamp":"2024-04-27T15:59:44.0336231Z"},"nsu=http://opcfoundation.org/UA/Plc/Applications;s=DipData":{"Value":12.53332335643041,"SourceTimestamp":"2024-04-27T15:59:43.9387634Z","ServerTimestamp":"2024-04-27T15:59:44.0336192Z"},"nsu=http://opcfoundation.org/UA/Plc/Applications;s=FastUIntScalar1":{"Value":12,"SourceTimestamp":"2024-04-27T15:59:43.2403813Z","ServerTimestamp":"2024-04-27T15:59:44.0336177Z"},"nsu=http://opcfoundation.org/UA/Plc/Applications;s=FastUIntScalar2":{"Value":12,"SourceTimestamp":"2024-04-27T15:59:43.2403829Z","ServerTimestamp":"2024-04-27T15:59:44.0336147Z"},"nsu=http://opcfoundation.org/UA/Plc/Applications;s=FastUIntScalar3":{"Value":12,"SourceTimestamp":"2024-04-27T15:59:43.2403843Z","ServerTimestamp":"2024-04-27T15:59:44.0336106Z"},"nsu=http://opcfoundation.org/UA/Plc/Applications;s=FastRandomUIntScalar1":{"Value":577817337,"SourceTimestamp":"2024-04-27T15:59:43.2403848Z","ServerTimestamp":"2024-04-27T15:59:44.0336124Z"},"nsu=http://opcfoundation.org/UA/Plc/Applications;s=FastRandomUIntScalar2":{"Value":2147346391,"SourceTimestamp":"2024-04-27T15:59:43.2403887Z","ServerTimestamp":"2024-04-27T15:59:44.0336223Z"},"nsu=http://opcfoundation.org/UA/Plc/Applications;s=FastRandomUIntScalar3":{"Value":394722298,"SourceTimestamp":"2024-04-27T15:59:43.2403899Z","ServerTimestamp":"2024-04-27T15:59:44.033614Z"},"nsu=http://opcfoundation.org/UA/Plc/Applications;s=NegativeTrendData":{"Value":100,"SourceTimestamp":"2024-04-27T15:59:43.9387577Z","ServerTimestamp":"2024-04-27T15:59:44.0336089Z"},"nsu=http://opcfoundation.org/UA/Plc/Applications;s=PositiveTrendData":{"Value":100,"SourceTimestamp":"2024-04-27T15:59:43.9387551Z","ServerTimestamp":"2024-04-27T15:59:44.0336171Z"},"nsu=http://opcfoundation.org/UA/Plc/Applications;s=SlowUIntScalar1":{"Value":1,"SourceTimestamp":"2024-04-27T15:59:41.2476985Z","ServerTimestamp":"2024-04-27T15:59:44.0336268Z"},"nsu=http://opcfoundation.org/UA/Plc/Applications;s=SlowUIntScalar2":{"Value":1,"SourceTimestamp":"2024-04-27T15:59:41.2477074Z","ServerTimestamp":"2024-04-27T15:59:44.0336131Z"},"nsu=http://opcfoundation.org/UA/Plc/Applications;s=SlowUIntScalar3":{"Value":1,"SourceTimestamp":"2024-04-27T15:59:41.2477093Z","ServerTimestamp":"2024-04-27T15:59:44.033621Z"},"nsu=http://opcfoundation.org/UA/Plc/Applications;s=BadSlowUIntScalar1":{"Value":1,"SourceTimestamp":"2024-04-27T15:59:41.2477111Z","ServerTimestamp":"2024-04-27T15:59:44.0336203Z"},"nsu=http://opcfoundation.org/UA/Plc/Applications;s=SlowRandomUIntScalar1":{"Value":4045208562,"SourceTimestamp":"2024-04-27T15:59:41.24777Z","ServerTimestamp":"2024-04-27T15:59:44.0336259Z"},"nsu=http://opcfoundation.org/UA/Plc/Applications;s=SlowRandomUIntScalar2":{"Value":2918837676,"SourceTimestamp":"2024-04-27T15:59:41.2477855Z","ServerTimestamp":"2024-04-27T15:59:44.0336161Z"},"nsu=http://opcfoundation.org/UA/Plc/Applications;s=SlowRandomUIntScalar3":{"Value":1527422552,"SourceTimestamp":"2024-04-27T15:59:41.2477882Z","ServerTimestamp":"2024-04-27T15:59:44.0336241Z"},"nsu=http://opcfoundation.org/UA/Plc/Applications;s=BadSlowRandomUIntScalar1":{"Value":1880456922,"SourceTimestamp":"2024-04-27T15:59:41.2477917Z","ServerTimestamp":"2024-04-27T15:59:44.0336117Z"},"nsu=http://opcfoundation.org/UA/Plc/Applications;s=SpikeData":{"Value":12.53332335643041,"SourceTimestamp":"2024-04-27T15:59:43.9387634Z","ServerTimestamp":"2024-04-27T15:59:44.0336216Z"},"ns=23;i=1259":{"Value":0.69900000000000007,"SourceTimestamp":"2024-04-27T15:59:32.0256427Z","ServerTimestamp":"2024-04-27T15:59:44.0335934Z"}}}