{"SequenceNumber":15,"MetaDataVersion":{"MajorVersion":1},"Timestamp":"2024-04-27T15:59:47.0362008Z","MessageType":"ua-deltaframe","DataSetWriterName":"<<UnknownDataSet>>","Payload":{"i=2258":{"Value":"2024-04-27T15:59:47.0359156Z","SourceTimestamp":"2024-04-27T15:59:32.0254722Z","ServerTimestamp":"2024-04-27T15:59:47.0359147Z"},"nsu=http://opcfoundation.org/UA/Plc/Applications;s=StepUp":{"Value":157,"SourceTimestamp":"2024-04-27T15:59:46.9423333Z","ServerTimestamp":"2024-04-27T15:59:47.0359533Z"},"nsu=http://opcfoundation.org/UA/Plc/Applications;s=AlternatingBoolean":{"Value":false,"SourceTimestamp":"2024-04-27T15:59:46.9423487Z","ServerTimestamp":"2024-04-27T15:59:47.0359561Z"},"nsu=http://opcfoundation.org/UA/Plc/Applications;s=RandomSignedInt32":{"Value":-812343123,"SourceTimestamp":"2024-04-27T15:59:46.9423547Z","ServerTimestamp":"2024-04-27T15:59:47.0359623Z"},"nsu=http://opcfoundation.org/UA/Plc/Applications;s=RandomUnsignedInt32":{"Value":897706177,"SourceTimestamp":"2024-04-27T15:59:46.9423397Z","ServerTimestamp":"2024-04-27T15:59:47.0359607Z"},"nsu=http://opcfoundation.org/UA/Plc/Applications;s=DipData":{"Value":-68.454710592868821,"SourceTimestamp":"2024-04-27T15:59:46.9423329Z","ServerTimestamp":"2024-04-27T15:59:47.0359569Z"},"nsu=http://opcfoundation.org/UA/Plc/Applications;s=FastUIntScalar1":{"Value":15,"SourceTimestamp":"2024-04-27T15:59:46.2482404Z","ServerTimestamp":"2024-04-27T15:59:47.0359555Z"},"nsu=http://opcfoundation.org/UA/Plc/Applications;s=FastUIntScalar2":{"Value":15,"SourceTimestamp":"2024-04-27T15:59:46.2482419Z","ServerTimestamp":"2024-04-27T15:59:47.0359527Z"},"nsu=http://opcfoundation.org/UA/Plc/Applications;s=FastUIntScalar3":{"Value":15,"SourceTimestamp":"2024-04-27T15:59:46.2482436Z","ServerTimestamp":"2024-04-27T15:59:47.0359475Z"},"nsu=http://opcfoundation.org/UA/Plc/Applications;s=FastRandomUIntScalar1":{"Value":2190158914,"SourceTimestamp":"2024-04-27T15:59:46.248248Z","ServerTimestamp":"2024-04-27T15:59:47.0359494Z"},"nsu=http://opcfoundation.org/UA/Plc/Applications;s=FastRandomUIntScalar2":{"Value":460124150,"SourceTimestamp":"2024-04-27T15:59:46.2482523Z","ServerTimestamp":"2024-04-27T15:59:47.0359599Z"},"nsu=http://opcfoundation.org/UA/Plc/Applications;s=FastRandomUIntScalar3":{"Value":794612748,"SourceTimestamp":"2024-04-27T15:59:46.248254Z","ServerTimestamp":"2024-04-27T15:59:47.0359519Z"},"nsu=http://opcfoundation.org/UA/Plc/Applications;s=NegativeTrendData":{"Value":100,"SourceTimestamp":"2024-04-27T15:59:46.9423268Z","ServerTimestamp":"2024-04-27T15:59:47.0359465Z"},"nsu=http://opcfoundation.org/UA/Plc/Applications;s=PositiveTrendData":{"Value":100,"SourceTimestamp":"2024-04-27T15:59:46.9423324Z","ServerTimestamp":"2024-04-27T15:59:47.035955Z"},"nsu=http://opcfoundation.org/UA/Plc/Applications;s=SlowUIntScalar1":{"Value":1,"SourceTimestamp":"2024-04-27T15:59:41.2476985Z","ServerTimestamp":"2024-04-27T15:59:47.0359642Z"},"nsu=http://opcfoundation.org/UA/Plc/Applications;s=SlowUIntScalar2":{"Value":1,"SourceTimestamp":"2024-04-27T15:59:41.2477074Z","ServerTimestamp":"2024-04-27T15:59:47.0359502Z"},"nsu=http://opcfoundation.org/UA/Plc/Applications;s=SlowUIntScalar3":{"Value":1,"SourceTimestamp":"2024-04-27T15:59:41.2477093Z","ServerTimestamp":"2024-04-27T15:59:47.0359585Z"},"nsu=http://opcfoundation.org/UA/Plc/Applications;s=BadSlowUIntScalar1":{"Value":1,"SourceTimestamp":"2024-04-27T15:59:41.2477111Z","ServerTimestamp":"2024-04-27T15:59:47.0359578Z"},"nsu=http://opcfoundation.org/UA/Plc/Applications;s=SlowRandomUIntScalar1":{"Value":4045208562,"SourceTimestamp":"2024-04-27T15:59:41.24777Z","ServerTimestamp":"2024-04-27T15:59:47.0359633Z"},"nsu=http://opcfoundation.org/UA/Plc/Applications;s=SlowRandomUIntScalar2":{"Value":2918837676,"SourceTimestamp":"2024-04-27T15:59:41.2477855Z","ServerTimestamp":"2024-04-27T15:59:47.0359542Z"},"nsu=http://opcfoundation.org/UA/Plc/Applications;s=SlowRandomUIntScalar3":{"Value":1527422552,"SourceTimestamp":"2024-04-27T15:59:41.2477882Z","ServerTimestamp":"2024-04-27T15:59:47.0359617Z"},"nsu=http://opcfoundation.org/UA/Plc/Applications;s=BadSlowRandomUIntScalar1":{"Value":1880456922,"SourceTimestamp":"2024-04-27T15:59:41.2477917Z","ServerTimestamp":"2024-04-27T15:59:47.0359486Z"},"nsu=http://opcfoundation.org/UA/Plc/Applications;s=SpikeData":{"Value":-68.454710592868821,"SourceTimestamp":"2024-04-27T15:59:46.9422982Z","ServerTimestamp":"2024-04-27T15:59:47.0359592Z"},"ns=23;i=1259":{"Value":-1.9000000000000001,"SourceTimestamp":"2024-04-27T15:59:32.0256427Z","ServerTimestamp":"2024-04-27T15:59:47.0359308Z"}}}