{"SequenceNumber":2,"MetaDataVersion":{"MajorVersion":1},"Timestamp":"2024-04-27T15:59:34.0422007Z","MessageType":"ua-deltaframe","DataSetWriterName":"<<UnknownDataSet>>","Payload":{"i=2258":{"Value":"2024-04-27T15:59:34.0419185Z","SourceTimestamp":"2024-04-27T15:59:32.0254722Z","ServerTimestamp":"2024-04-27T15:59:34.0419174Z"},"nsu=http://opcfoundation.org/UA/Plc/Applications;s=StepUp":{"Value":28,"SourceTimestamp":"2024-04-27T15:59:34.0408616Z","ServerTimestamp":"2024-04-27T15:59:34.0419573Z"},"nsu=http://opcfoundation.org/UA/Plc/Applications;s=AlternatingBoolean":{"Value":true,"SourceTimestamp":"2024-04-27T15:59:34.040886Z","ServerTimestamp":"2024-04-27T15:59:34.0419602Z"},"nsu=http://opcfoundation.org/UA/Plc/Applications;s=RandomSignedInt32":{"Value":-2039092332,"SourceTimestamp":"2024-04-27T15:59:34.0408935Z","ServerTimestamp":"2024-04-27T15:59:34.0419669Z"},"nsu=http://opcfoundation.org/UA/Plc/Applications;s=RandomUnsignedInt32":{"Value":104122741,"SourceTimestamp":"2024-04-27T15:59:34.0408822Z","ServerTimestamp":"2024-04-27T15:59:34.0419651Z"},"nsu=http://opcfoundation.org/UA/Plc/Applications;s=DipData":{"Value":24.868988716485482,"SourceTimestamp":"2024-04-27T15:59:34.0408793Z","ServerTimestamp":"2024-04-27T15:59:34.041961Z"},"nsu=http://opcfoundation.org/UA/Plc/Applications;s=FastUIntScalar1":{"Value":2,"SourceTimestamp":"2024-04-27T15:59:33.2441964Z","ServerTimestamp":"2024-04-27T15:59:34.0419594Z"},"nsu=http://opcfoundation.org/UA/Plc/Applications;s=FastUIntScalar2":{"Value":2,"SourceTimestamp":"2024-04-27T15:59:33.244205Z","ServerTimestamp":"2024-04-27T15:59:34.0419567Z"},"nsu=http://opcfoundation.org/UA/Plc/Applications;s=FastUIntScalar3":{"Value":2,"SourceTimestamp":"2024-04-27T15:59:33.2442092Z","ServerTimestamp":"2024-04-27T15:59:34.0419527Z"},"nsu=http://opcfoundation.org/UA/Plc/Applications;s=FastRandomUIntScalar1":{"Value":1206747436,"SourceTimestamp":"2024-04-27T15:59:33.244209Z","ServerTimestamp":"2024-04-27T15:59:34.0419543Z"},"nsu=http://opcfoundation.org/UA/Plc/Applications;s=FastRandomUIntScalar2":{"Value":3982952467,"SourceTimestamp":"2024-04-27T15:59:33.2442129Z","ServerTimestamp":"2024-04-27T15:59:34.0419642Z"},"nsu=http://opcfoundation.org/UA/Plc/Applications;s=FastRandomUIntScalar3":{"Value":1758202496,"SourceTimestamp":"2024-04-27T15:59:33.2442142Z","ServerTimestamp":"2024-04-27T15:59:34.0419559Z"},"nsu=http://opcfoundation.org/UA/Plc/Applications;s=NegativeTrendData":{"Value":100,"SourceTimestamp":"2024-04-27T15:59:34.0408725Z","ServerTimestamp":"2024-04-27T15:59:34.0419518Z"},"nsu=http://opcfoundation.org/UA/Plc/Applications;s=PositiveTrendData":{"Value":100,"SourceTimestamp":"2024-04-27T15:59:34.0408797Z","ServerTimestamp":"2024-04-27T15:59:34.0419589Z"},"nsu=http://opcfoundation.org/UA/Plc/Applications;s=SlowUIntScalar1":{"Value":0,"SourceTimestamp":"2024-04-27T15:59:31.2370348Z","ServerTimestamp":"2024-04-27T15:59:34.0419688Z"},"nsu=http://opcfoundation.org/UA/Plc/Applications;s=SlowUIntScalar2":{"Value":0,"SourceTimestamp":"2024-04-27T15:59:31.2370355Z","ServerTimestamp":"2024-04-27T15:59:34.0419551Z"},"nsu=http://opcfoundation.org/UA/Plc/Applications;s=SlowUIntScalar3":{"Value":0,"SourceTimestamp":"2024-04-27T15:59:31.2370367Z","ServerTimestamp":"2024-04-27T15:59:34.0419628Z"},"nsu=http://opcfoundation.org/UA/Plc/Applications;s=BadSlowUIntScalar1":{"Value":0,"SourceTimestamp":"2024-04-27T15:59:31.2370384Z","ServerTimestamp":"2024-04-27T15:59:34.041962Z"},"nsu=http://opcfoundation.org/UA/Plc/Applications;s=SlowRandomUIntScalar1":{"Value":0,"SourceTimestamp":"2024-04-27T15:59:31.2370442Z","ServerTimestamp":"2024-04-27T15:59:34.041968Z"},"nsu=http://opcfoundation.org/UA/Plc/Applications;s=SlowRandomUIntScalar2":{"Value":0,"SourceTimestamp":"2024-04-27T15:59:31.2370448Z","ServerTimestamp":"2024-04-27T15:59:34.0419581Z"},"nsu=http://opcfoundation.org/UA/Plc/Applications;s=SlowRandomUIntScalar3":{"Value":0,"SourceTimestamp":"2024-04-27T15:59:31.2370452Z","ServerTimestamp":"2024-04-27T15:59:34.0419662Z"},"nsu=http://opcfoundation.org/UA/Plc/Applications;s=BadSlowRandomUIntScalar1":{"Value":0,"SourceTimestamp":"2024-04-27T15:59:31.2370467Z","ServerTimestamp":"2024-04-27T15:59:34.0419537Z"},"nsu=http://opcfoundation.org/UA/Plc/Applications;s=SpikeData":{"Value":24.868988716485482,"SourceTimestamp":"2024-04-27T15:59:34.0408583Z","ServerTimestamp":"2024-04-27T15:59:34.0419636Z"},"ns=23;i=1259":{"Value":1.3700000000000001,"SourceTimestamp":"2024-04-27T15:59:32.0256427Z","ServerTimestamp":"2024-04-27T15:59:34.0419353Z"}}}