{"SequenceNumber":20,"MetaDataVersion":{"MajorVersion":1},"Timestamp":"2024-04-27T15:59:52.0444726Z","MessageType":"ua-deltaframe","DataSetWriterName":"<<UnknownDataSet>>","Payload":{"i=2258":{"Value":"2024-04-27T15:59:52.0441913Z","SourceTimestamp":"2024-04-27T15:59:32.0254722Z","ServerTimestamp":"2024-04-27T15:59:52.0441901Z"},"nsu=http://opcfoundation.org/UA/Plc/Applications;s=StepUp":{"Value":208,"SourceTimestamp":"2024-04-27T15:59:52.0430819Z","ServerTimestamp":"2024-04-27T15:59:52.0442289Z"},"nsu=http://opcfoundation.org/UA/Plc/Applications;s=AlternatingBoolean":{"Value":true,"SourceTimestamp":"2024-04-27T15:59:52.043129Z","ServerTimestamp":"2024-04-27T15:59:52.0442317Z"},"nsu=http://opcfoundation.org/UA/Plc/Applications;s=RandomSignedInt32":{"Value":1989430471,"SourceTimestamp":"2024-04-27T15:59:52.0431437Z","ServerTimestamp":"2024-04-27T15:59:52.0442387Z"},"nsu=http://opcfoundation.org/UA/Plc/Applications;s=RandomUnsignedInt32":{"Value":968300814,"SourceTimestamp":"2024-04-27T15:59:52.0431343Z","ServerTimestamp":"2024-04-27T15:59:52.0442369Z"},"nsu=http://opcfoundation.org/UA/Plc/Applications;s=DipData":{"Value":-77.0513242775789,"SourceTimestamp":"2024-04-27T15:59:52.0431503Z","ServerTimestamp":"2024-04-27T15:59:52.0442326Z"},"nsu=http://opcfoundation.org/UA/Plc/Applications;s=FastUIntScalar1":{"Value":20,"SourceTimestamp":"2024-04-27T15:59:51.2513431Z","ServerTimestamp":"2024-04-27T15:59:52.044231Z"},"nsu=http://opcfoundation.org/UA/Plc/Applications;s=FastUIntScalar2":{"Value":20,"SourceTimestamp":"2024-04-27T15:59:51.2513482Z","ServerTimestamp":"2024-04-27T15:59:52.044228Z"},"nsu=http://opcfoundation.org/UA/Plc/Applications;s=FastUIntScalar3":{"Value":20,"SourceTimestamp":"2024-04-27T15:59:51.2513506Z","ServerTimestamp":"2024-04-27T15:59:52.0442234Z"},"nsu=http://opcfoundation.org/UA/Plc/Applications;s=FastRandomUIntScalar1":{"Value":1406343191,"SourceTimestamp":"2024-04-27T15:59:51.2513432Z","ServerTimestamp":"2024-04-27T15:59:52.0442253Z"},"nsu=http://opcfoundation.org/UA/Plc/Applications;s=FastRandomUIntScalar2":{"Value":3483442346,"SourceTimestamp":"2024-04-27T15:59:51.2513459Z","ServerTimestamp":"2024-04-27T15:59:52.044236Z"},"nsu=http://opcfoundation.org/UA/Plc/Applications;s=FastRandomUIntScalar3":{"Value":3181460421,"SourceTimestamp":"2024-04-27T15:59:51.2513493Z","ServerTimestamp":"2024-04-27T15:59:52.0442271Z"},"nsu=http://opcfoundation.org/UA/Plc/Applications;s=NegativeTrendData":{"Value":100,"SourceTimestamp":"2024-04-27T15:59:52.04313Z","ServerTimestamp":"2024-04-27T15:59:52.0442225Z"},"nsu=http://opcfoundation.org/UA/Plc/Applications;s=PositiveTrendData":{"Value":100,"SourceTimestamp":"2024-04-27T15:59:52.0431275Z","ServerTimestamp":"2024-04-27T15:59:52.0442306Z"},"nsu=http://opcfoundation.org/UA/Plc/Applications;s=SlowUIntScalar1":{"Value":2,"SourceTimestamp":"2024-04-27T15:59:51.2512544Z","ServerTimestamp":"2024-04-27T15:59:52.0442408Z"},"nsu=http://opcfoundation.org/UA/Plc/Applications;s=SlowUIntScalar2":{"Value":2,"SourceTimestamp":"2024-04-27T15:59:51.2512877Z","ServerTimestamp":"2024-04-27T15:59:52.0442263Z"},"nsu=http://opcfoundation.org/UA/Plc/Applications;s=SlowUIntScalar3":{"Value":2,"SourceTimestamp":"2024-04-27T15:59:51.2512899Z","ServerTimestamp":"2024-04-27T15:59:52.0442344Z"},"nsu=http://opcfoundation.org/UA/Plc/Applications;s=BadSlowUIntScalar1":{"Value":2,"SourceTimestamp":"2024-04-27T15:59:51.2512923Z","ServerTimestamp":"2024-04-27T15:59:52.0442335Z"},"nsu=http://opcfoundation.org/UA/Plc/Applications;s=SlowRandomUIntScalar1":{"Value":708086289,"SourceTimestamp":"2024-04-27T15:59:51.2513439Z","ServerTimestamp":"2024-04-27T15:59:52.0442399Z"},"nsu=http://opcfoundation.org/UA/Plc/Applications;s=SlowRandomUIntScalar2":{"Value":1955427191,"SourceTimestamp":"2024-04-27T15:59:51.2513568Z","ServerTimestamp":"2024-04-27T15:59:52.0442298Z"},"nsu=http://opcfoundation.org/UA/Plc/Applications;s=SlowRandomUIntScalar3":{"Value":1886321091,"SourceTimestamp":"2024-04-27T15:59:51.2513592Z","ServerTimestamp":"2024-04-27T15:59:52.044238Z"},"nsu=http://opcfoundation.org/UA/Plc/Applications;s=BadSlowRandomUIntScalar1":{"Value":3529644471,"SourceTimestamp":"2024-04-27T15:59:51.251362Z","ServerTimestamp":"2024-04-27T15:59:52.0442245Z"},"nsu=http://opcfoundation.org/UA/Plc/Applications;s=SpikeData":{"Value":-77.0513242775789,"SourceTimestamp":"2024-04-27T15:59:52.043119Z","ServerTimestamp":"2024-04-27T15:59:52.0442352Z"},"ns=23;i=1259":{"Value":-2,"SourceTimestamp":"2024-04-27T15:59:32.0256427Z","ServerTimestamp":"2024-04-27T15:59:52.0442067Z"}}}