{"SequenceNumber":25,"MetaDataVersion":{"MajorVersion":1},"Timestamp":"2024-04-27T15:59:57.0348549Z","MessageType":"ua-deltaframe","DataSetWriterName":"<<UnknownDataSet>>","Payload":{"i=2258":{"Value":"2024-04-27T15:59:57.0345164Z","SourceTimestamp":"2024-04-27T15:59:32.0254722Z","ServerTimestamp":"2024-04-27T15:59:57.0345152Z"},"nsu=http://opcfoundation.org/UA/Plc/Applications;s=StepUp":{"Value":257,"SourceTimestamp":"2024-04-27T15:59:56.9424973Z","ServerTimestamp":"2024-04-27T15:59:57.0345716Z"},"nsu=http://opcfoundation.org/UA/Plc/Applications;s=AlternatingBoolean":{"Value":false,"SourceTimestamp":"2024-04-27T15:59:56.9425648Z","ServerTimestamp":"2024-04-27T15:59:57.0345742Z"},"nsu=http://opcfoundation.org/UA/Plc/Applications;s=RandomSignedInt32":{"Value":1037619392,"SourceTimestamp":"2024-04-27T15:59:56.9425412Z","ServerTimestamp":"2024-04-27T15:59:57.0345811Z"},"nsu=http://opcfoundation.org/UA/Plc/Applications;s=RandomUnsignedInt32":{"Value":1567116957,"SourceTimestamp":"2024-04-27T15:59:56.9425364Z","ServerTimestamp":"2024-04-27T15:59:57.0345794Z"},"nsu=http://opcfoundation.org/UA/Plc/Applications;s=DipData":{"Value":-68.454710592868821,"SourceTimestamp":"2024-04-27T15:59:56.9425377Z","ServerTimestamp":"2024-04-27T15:59:57.0345751Z"},"nsu=http://opcfoundation.org/UA/Plc/Applications;s=FastUIntScalar1":{"Value":25,"SourceTimestamp":"2024-04-27T15:59:56.2455712Z","ServerTimestamp":"2024-04-27T15:59:57.0345736Z"},"nsu=http://opcfoundation.org/UA/Plc/Applications;s=FastUIntScalar2":{"Value":25,"SourceTimestamp":"2024-04-27T15:59:56.2455763Z","ServerTimestamp":"2024-04-27T15:59:57.0345709Z"},"nsu=http://opcfoundation.org/UA/Plc/Applications;s=FastUIntScalar3":{"Value":25,"SourceTimestamp":"2024-04-27T15:59:56.2455777Z","ServerTimestamp":"2024-04-27T15:59:57.0345662Z"},"nsu=http://opcfoundation.org/UA/Plc/Applications;s=FastRandomUIntScalar1":{"Value":2553729445,"SourceTimestamp":"2024-04-27T15:59:56.2455483Z","ServerTimestamp":"2024-04-27T15:59:57.0345681Z"},"nsu=http://opcfoundation.org/UA/Plc/Applications;s=FastRandomUIntScalar2":{"Value":1431372983,"SourceTimestamp":"2024-04-27T15:59:56.2455516Z","ServerTimestamp":"2024-04-27T15:59:57.0345783Z"},"nsu=http://opcfoundation.org/UA/Plc/Applications;s=FastRandomUIntScalar3":{"Value":13707414,"SourceTimestamp":"2024-04-27T15:59:56.2455651Z","ServerTimestamp":"2024-04-27T15:59:57.0345702Z"},"nsu=http://opcfoundation.org/UA/Plc/Applications;s=NegativeTrendData":{"Value":100,"SourceTimestamp":"2024-04-27T15:59:56.9425292Z","ServerTimestamp":"2024-04-27T15:59:57.0345652Z"},"nsu=http://opcfoundation.org/UA/Plc/Applications;s=PositiveTrendData":{"Value":100,"SourceTimestamp":"2024-04-27T15:59:56.9425182Z","ServerTimestamp":"2024-04-27T15:59:57.0345732Z"},"nsu=http://opcfoundation.org/UA/Plc/Applications;s=SlowUIntScalar1":{"Value":2,"SourceTimestamp":"2024-04-27T15:59:51.2512544Z","ServerTimestamp":"2024-04-27T15:59:57.0345831Z"},"nsu=http://opcfoundation.org/UA/Plc/Applications;s=SlowUIntScalar2":{"Value":2,"SourceTimestamp":"2024-04-27T15:59:51.2512877Z","ServerTimestamp":"2024-04-27T15:59:57.034569Z"},"nsu=http://opcfoundation.org/UA/Plc/Applications;s=SlowUIntScalar3":{"Value":2,"SourceTimestamp":"2024-04-27T15:59:51.2512899Z","ServerTimestamp":"2024-04-27T15:59:57.0345768Z"},"nsu=http://opcfoundation.org/UA/Plc/Applications;s=BadSlowUIntScalar1":{"Value":2,"SourceTimestamp":"2024-04-27T15:59:51.2512923Z","ServerTimestamp":"2024-04-27T15:59:57.0345761Z"},"nsu=http://opcfoundation.org/UA/Plc/Applications;s=SlowRandomUIntScalar1":{"Value":708086289,"SourceTimestamp":"2024-04-27T15:59:51.2513439Z","ServerTimestamp":"2024-04-27T15:59:57.0345822Z"},"nsu=http://opcfoundation.org/UA/Plc/Applications;s=SlowRandomUIntScalar2":{"Value":1955427191,"SourceTimestamp":"2024-04-27T15:59:51.2513568Z","ServerTimestamp":"2024-04-27T15:59:57.0345724Z"},"nsu=http://opcfoundation.org/UA/Plc/Applications;s=SlowRandomUIntScalar3":{"Value":1886321091,"SourceTimestamp":"2024-04-27T15:59:51.2513592Z","ServerTimestamp":"2024-04-27T15:59:57.0345804Z"},"nsu=http://opcfoundation.org/UA/Plc/Applications;s=BadSlowRandomUIntScalar1":{"Value":3529644471,"SourceTimestamp":"2024-04-27T15:59:51.251362Z","ServerTimestamp":"2024-04-27T15:59:57.0345673Z"},"nsu=http://opcfoundation.org/UA/Plc/Applications;s=SpikeData":{"Value":-68.454710592868821,"SourceTimestamp":"2024-04-27T15:59:56.9425098Z","ServerTimestamp":"2024-04-27T15:59:57.0345776Z"},"ns=23;i=1259":{"Value":1.0800000000000001,"SourceTimestamp":"2024-04-27T15:59:32.0256427Z","ServerTimestamp":"2024-04-27T15:59:57.0345322Z"}}}