{"SequenceNumber":30,"MetaDataVersion":{"MajorVersion":1},"Timestamp":"2024-04-27T16:00:02.0340708Z","MessageType":"ua-deltaframe","DataSetWriterName":"<<UnknownDataSet>>","Payload":{"i=2258":{"Value":"2024-04-27T16:00:02.0337713Z","SourceTimestamp":"2024-04-27T15:59:32.0254722Z","ServerTimestamp":"2024-04-27T16:00:02.0337702Z"},"nsu=http://opcfoundation.org/UA/Plc/Applications;s=StepUp":{"Value":307,"SourceTimestamp":"2024-04-27T16:00:01.9384076Z","ServerTimestamp":"2024-04-27T16:00:02.0338086Z"},"nsu=http://opcfoundation.org/UA/Plc/Applications;s=AlternatingBoolean":{"Value":true,"SourceTimestamp":"2024-04-27T16:00:01.9384432Z","ServerTimestamp":"2024-04-27T16:00:02.0338112Z"},"nsu=http://opcfoundation.org/UA/Plc/Applications;s=RandomSignedInt32":{"Value":1302170620,"SourceTimestamp":"2024-04-27T16:00:01.9384757Z","ServerTimestamp":"2024-04-27T16:00:02.0338189Z"},"nsu=http://opcfoundation.org/UA/Plc/Applications;s=RandomUnsignedInt32":{"Value":794985672,"SourceTimestamp":"2024-04-27T16:00:01.9384727Z","ServerTimestamp":"2024-04-27T16:00:02.0338172Z"},"nsu=http://opcfoundation.org/UA/Plc/Applications;s=DipData":{"Value":-68.454710592868821,"SourceTimestamp":"2024-04-27T16:00:01.9384701Z","ServerTimestamp":"2024-04-27T16:00:02.0338122Z"},"nsu=http://opcfoundation.org/UA/Plc/Applications;s=FastUIntScalar1":{"Value":30,"SourceTimestamp":"2024-04-27T16:00:01.2430632Z","ServerTimestamp":"2024-04-27T16:00:02.0338106Z"},"nsu=http://opcfoundation.org/UA/Plc/Applications;s=FastUIntScalar2":{"Value":30,"SourceTimestamp":"2024-04-27T16:00:01.2430648Z","ServerTimestamp":"2024-04-27T16:00:02.033808Z"},"nsu=http://opcfoundation.org/UA/Plc/Applications;s=FastUIntScalar3":{"Value":30,"SourceTimestamp":"2024-04-27T16:00:01.2430662Z","ServerTimestamp":"2024-04-27T16:00:02.0338037Z"},"nsu=http://opcfoundation.org/UA/Plc/Applications;s=FastRandomUIntScalar1":{"Value":73327298,"SourceTimestamp":"2024-04-27T16:00:01.24308Z","ServerTimestamp":"2024-04-27T16:00:02.0338055Z"},"nsu=http://opcfoundation.org/UA/Plc/Applications;s=FastRandomUIntScalar2":{"Value":3614796398,"SourceTimestamp":"2024-04-27T16:00:01.2430844Z","ServerTimestamp":"2024-04-27T16:00:02.0338163Z"},"nsu=http://opcfoundation.org/UA/Plc/Applications;s=FastRandomUIntScalar3":{"Value":3583601412,"SourceTimestamp":"2024-04-27T16:00:01.2430857Z","ServerTimestamp":"2024-04-27T16:00:02.0338072Z"},"nsu=http://opcfoundation.org/UA/Plc/Applications;s=NegativeTrendData":{"Value":99.900000000000006,"SourceTimestamp":"2024-04-27T16:00:01.9384584Z","ServerTimestamp":"2024-04-27T16:00:02.0338028Z"},"nsu=http://opcfoundation.org/UA/Plc/Applications;s=PositiveTrendData":{"Value":100,"SourceTimestamp":"2024-04-27T16:00:01.9384727Z","ServerTimestamp":"2024-04-27T16:00:02.0338102Z"},"nsu=http://opcfoundation.org/UA/Plc/Applications;s=SlowUIntScalar1":{"Value":3,"SourceTimestamp":"2024-04-27T16:00:01.2430226Z","ServerTimestamp":"2024-04-27T16:00:02.0338211Z"},"nsu=http://opcfoundation.org/UA/Plc/Applications;s=SlowUIntScalar2":{"Value":3,"SourceTimestamp":"2024-04-27T16:00:01.2430294Z","ServerTimestamp":"2024-04-27T16:00:02.0338064Z"},"nsu=http://opcfoundation.org/UA/Plc/Applications;s=SlowUIntScalar3":{"Value":3,"SourceTimestamp":"2024-04-27T16:00:01.2430306Z","ServerTimestamp":"2024-04-27T16:00:02.033814Z"},"nsu=http://opcfoundation.org/UA/Plc/Applications;s=BadSlowUIntScalar1":{"Value":3,"SourceTimestamp":"2024-04-27T16:00:01.243032Z","ServerTimestamp":"2024-04-27T16:00:02.0338131Z"},"nsu=http://opcfoundation.org/UA/Plc/Applications;s=SlowRandomUIntScalar1":{"Value":1212719536,"SourceTimestamp":"2024-04-27T16:00:01.2430608Z","ServerTimestamp":"2024-04-27T16:00:02.0338202Z"},"nsu=http://opcfoundation.org/UA/Plc/Applications;s=SlowRandomUIntScalar2":{"Value":2975323851,"SourceTimestamp":"2024-04-27T16:00:01.243064Z","ServerTimestamp":"2024-04-27T16:00:02.0338094Z"},"nsu=http://opcfoundation.org/UA/Plc/Applications;s=SlowRandomUIntScalar3":{"Value":1135208010,"SourceTimestamp":"2024-04-27T16:00:01.2430656Z","ServerTimestamp":"2024-04-27T16:00:02.0338182Z"},"nsu=http://opcfoundation.org/UA/Plc/Applications;s=BadSlowRandomUIntScalar1":{"Value":622492760,"SourceTimestamp":"2024-04-27T16:00:01.2430674Z","ServerTimestamp":"2024-04-27T16:00:02.0338046Z"},"nsu=http://opcfoundation.org/UA/Plc/Applications;s=SpikeData":{"Value":-68.454710592868821,"SourceTimestamp":"2024-04-27T16:00:01.9384577Z","ServerTimestamp":"2024-04-27T16:00:02.0338147Z"},"ns=23;i=1259":{"Value":-1.1799999999999999,"SourceTimestamp":"2024-04-27T15:59:32.0256427Z","ServerTimestamp":"2024-04-27T16:00:02.0337866Z"}}}