{"SequenceNumber":33,"MetaDataVersion":{"MajorVersion":1},"Timestamp":"2024-04-27T16:00:05.0441403Z","MessageType":"ua-deltaframe","DataSetWriterName":"<<UnknownDataSet>>","Payload":{"i=2258":{"Value":"2024-04-27T16:00:05.0438231Z","SourceTimestamp":"2024-04-27T15:59:32.0254722Z","ServerTimestamp":"2024-04-27T16:00:05.0438219Z"},"nsu=http://opcfoundation.org/UA/Plc/Applications;s=StepUp":{"Value":338,"SourceTimestamp":"2024-04-27T16:00:05.0424909Z","ServerTimestamp":"2024-04-27T16:00:05.0438747Z"},"nsu=http://opcfoundation.org/UA/Plc/Applications;s=AlternatingBoolean":{"Value":true,"SourceTimestamp":"2024-04-27T16:00:05.0425128Z","ServerTimestamp":"2024-04-27T16:00:05.0438775Z"},"nsu=http://opcfoundation.org/UA/Plc/Applications;s=RandomSignedInt32":{"Value":-1730446415,"SourceTimestamp":"2024-04-27T16:00:05.0425317Z","ServerTimestamp":"2024-04-27T16:00:05.0438841Z"},"nsu=http://opcfoundation.org/UA/Plc/Applications;s=RandomUnsignedInt32":{"Value":224934706,"SourceTimestamp":"2024-04-27T16:00:05.0425284Z","ServerTimestamp":"2024-04-27T16:00:05.0438825Z"},"nsu=http://opcfoundation.org/UA/Plc/Applications;s=DipData":{"Value":99.80267284282715,"SourceTimestamp":"2024-04-27T16:00:05.0425488Z","ServerTimestamp":"2024-04-27T16:00:05.0438785Z"},"nsu=http://opcfoundation.org/UA/Plc/Applications;s=FastUIntScalar1":{"Value":33,"SourceTimestamp":"2024-04-27T16:00:04.2457513Z","ServerTimestamp":"2024-04-27T16:00:05.0438768Z"},"nsu=http://opcfoundation.org/UA/Plc/Applications;s=FastUIntScalar2":{"Value":33,"SourceTimestamp":"2024-04-27T16:00:04.2457532Z","ServerTimestamp":"2024-04-27T16:00:05.0438736Z"},"nsu=http://opcfoundation.org/UA/Plc/Applications;s=FastUIntScalar3":{"Value":33,"SourceTimestamp":"2024-04-27T16:00:04.2457555Z","ServerTimestamp":"2024-04-27T16:00:05.0438689Z"},"nsu=http://opcfoundation.org/UA/Plc/Applications;s=FastRandomUIntScalar1":{"Value":4041719423,"SourceTimestamp":"2024-04-27T16:00:04.2457525Z","ServerTimestamp":"2024-04-27T16:00:05.0438708Z"},"nsu=http://opcfoundation.org/UA/Plc/Applications;s=FastRandomUIntScalar2":{"Value":621542310,"SourceTimestamp":"2024-04-27T16:00:04.2457547Z","ServerTimestamp":"2024-04-27T16:00:05.0438816Z"},"nsu=http://opcfoundation.org/UA/Plc/Applications;s=FastRandomUIntScalar3":{"Value":886955333,"SourceTimestamp":"2024-04-27T16:00:04.2457562Z","ServerTimestamp":"2024-04-27T16:00:05.0438728Z"},"nsu=http://opcfoundation.org/UA/Plc/Applications;s=NegativeTrendData":{"Value":99.900000000000006,"SourceTimestamp":"2024-04-27T16:00:05.042522Z","ServerTimestamp":"2024-04-27T16:00:05.0438681Z"},"nsu=http://opcfoundation.org/UA/Plc/Applications;s=PositiveTrendData":{"Value":100,"SourceTimestamp":"2024-04-27T16:00:05.0425248Z","ServerTimestamp":"2024-04-27T16:00:05.0438764Z"},"nsu=http://opcfoundation.org/UA/Plc/Applications;s=SlowUIntScalar1":{"Value":3,"SourceTimestamp":"2024-04-27T16:00:01.2430226Z","ServerTimestamp":"2024-04-27T16:00:05.0438861Z"},"nsu=http://opcfoundation.org/UA/Plc/Applications;s=SlowUIntScalar2":{"Value":3,"SourceTimestamp":"2024-04-27T16:00:01.2430294Z","ServerTimestamp":"2024-04-27T16:00:05.0438715Z"},"nsu=http://opcfoundation.org/UA/Plc/Applications;s=SlowUIntScalar3":{"Value":3,"SourceTimestamp":"2024-04-27T16:00:01.2430306Z","ServerTimestamp":"2024-04-27T16:00:05.0438802Z"},"nsu=http://opcfoundation.org/UA/Plc/Applications;s=BadSlowUIntScalar1":{"Value":3,"SourceTimestamp":"2024-04-27T16:00:01.243032Z","ServerTimestamp":"2024-04-27T16:00:05.0438794Z"},"nsu=http://opcfoundation.org/UA/Plc/Applications;s=SlowRandomUIntScalar1":{"Value":1212719536,"SourceTimestamp":"2024-04-27T16:00:01.2430608Z","ServerTimestamp":"2024-04-27T16:00:05.0438852Z"},"nsu=http://opcfoundation.org/UA/Plc/Applications;s=SlowRandomUIntScalar2":{"Value":2975323851,"SourceTimestamp":"2024-04-27T16:00:01.243064Z","ServerTimestamp":"2024-04-27T16:00:05.0438757Z"},"nsu=http://opcfoundation.org/UA/Plc/Applications;s=SlowRandomUIntScalar3":{"Value":1135208010,"SourceTimestamp":"2024-04-27T16:00:01.2430656Z","ServerTimestamp":"2024-04-27T16:00:05.0438835Z"},"nsu=http://opcfoundation.org/UA/Plc/Applications;s=BadSlowRandomUIntScalar1":{"Value":622492760,"SourceTimestamp":"2024-04-27T16:00:01.2430674Z","ServerTimestamp":"2024-04-27T16:00:05.04387Z"},"nsu=http://opcfoundation.org/UA/Plc/Applications;s=SpikeData":{"Value":99.80267284282715,"SourceTimestamp":"2024-04-27T16:00:05.0424889Z","ServerTimestamp":"2024-04-27T16:00:05.043881Z"},"ns=23;i=1259":{"Value":-0.28300000000000003,"SourceTimestamp":"2024-04-27T15:59:32.0256427Z","ServerTimestamp":"2024-04-27T16:00:05.0438388Z"}}}