{"SequenceNumber":37,"MetaDataVersion":{"MajorVersion":1},"Timestamp":"2024-04-27T16:00:09.0413458Z","MessageType":"ua-deltaframe","DataSetWriterName":"<<UnknownDataSet>>","Payload":{"i=2258":{"Value":"2024-04-27T16:00:09.0410563Z","SourceTimestamp":"2024-04-27T15:59:32.0254722Z","ServerTimestamp":"2024-04-27T16:00:09.0410553Z"},"nsu=http://opcfoundation.org/UA/Plc/Applications;s=StepUp":{"Value":378,"SourceTimestamp":"2024-04-27T16:00:09.039922Z","ServerTimestamp":"2024-04-27T16:00:09.0410944Z"},"nsu=http://opcfoundation.org/UA/Plc/Applications;s=AlternatingBoolean":{"Value":false,"SourceTimestamp":"2024-04-27T16:00:09.0399616Z","ServerTimestamp":"2024-04-27T16:00:09.0410972Z"},"nsu=http://opcfoundation.org/UA/Plc/Applications;s=RandomSignedInt32":{"Value":86266628,"SourceTimestamp":"2024-04-27T16:00:09.0399751Z","ServerTimestamp":"2024-04-27T16:00:09.0411046Z"},"nsu=http://opcfoundation.org/UA/Plc/Applications;s=RandomUnsignedInt32":{"Value":332858371,"SourceTimestamp":"2024-04-27T16:00:09.0400363Z","ServerTimestamp":"2024-04-27T16:00:09.0411023Z"},"nsu=http://opcfoundation.org/UA/Plc/Applications;s=DipData":{"Value":24.868988716485482,"SourceTimestamp":"2024-04-27T16:00:09.0399803Z","ServerTimestamp":"2024-04-27T16:00:09.0410981Z"},"nsu=http://opcfoundation.org/UA/Plc/Applications;s=FastUIntScalar1":{"Value":37,"SourceTimestamp":"2024-04-27T16:00:08.2509855Z","ServerTimestamp":"2024-04-27T16:00:09.0410965Z"},"nsu=http://opcfoundation.org/UA/Plc/Applications;s=FastUIntScalar2":{"Value":37,"SourceTimestamp":"2024-04-27T16:00:08.2510044Z","ServerTimestamp":"2024-04-27T16:00:09.0410938Z"},"nsu=http://opcfoundation.org/UA/Plc/Applications;s=FastUIntScalar3":{"Value":37,"SourceTimestamp":"2024-04-27T16:00:08.2510071Z","ServerTimestamp":"2024-04-27T16:00:09.0410887Z"},"nsu=http://opcfoundation.org/UA/Plc/Applications;s=FastRandomUIntScalar1":{"Value":3909589797,"SourceTimestamp":"2024-04-27T16:00:08.2509666Z","ServerTimestamp":"2024-04-27T16:00:09.0410907Z"},"nsu=http://opcfoundation.org/UA/Plc/Applications;s=FastRandomUIntScalar2":{"Value":2715531084,"SourceTimestamp":"2024-04-27T16:00:08.25097Z","ServerTimestamp":"2024-04-27T16:00:09.0411014Z"},"nsu=http://opcfoundation.org/UA/Plc/Applications;s=FastRandomUIntScalar3":{"Value":237420514,"SourceTimestamp":"2024-04-27T16:00:08.2509725Z","ServerTimestamp":"2024-04-27T16:00:09.0410928Z"},"nsu=http://opcfoundation.org/UA/Plc/Applications;s=NegativeTrendData":{"Value":99.799999999999997,"SourceTimestamp":"2024-04-27T16:00:09.0399696Z","ServerTimestamp":"2024-04-27T16:00:09.0410879Z"},"nsu=http://opcfoundation.org/UA/Plc/Applications;s=PositiveTrendData":{"Value":100.09999999999999,"SourceTimestamp":"2024-04-27T16:00:09.0399673Z","ServerTimestamp":"2024-04-27T16:00:09.041096Z"},"nsu=http://opcfoundation.org/UA/Plc/Applications;s=SlowUIntScalar1":{"Value":3,"SourceTimestamp":"2024-04-27T16:00:01.2430226Z","ServerTimestamp":"2024-04-27T16:00:09.0411067Z"},"nsu=http://opcfoundation.org/UA/Plc/Applications;s=SlowUIntScalar2":{"Value":3,"SourceTimestamp":"2024-04-27T16:00:01.2430294Z","ServerTimestamp":"2024-04-27T16:00:09.0410916Z"},"nsu=http://opcfoundation.org/UA/Plc/Applications;s=SlowUIntScalar3":{"Value":3,"SourceTimestamp":"2024-04-27T16:00:01.2430306Z","ServerTimestamp":"2024-04-27T16:00:09.0410999Z"},"nsu=http://opcfoundation.org/UA/Plc/Applications;s=BadSlowUIntScalar1":{"Value":3,"SourceTimestamp":"2024-04-27T16:00:01.243032Z","ServerTimestamp":"2024-04-27T16:00:09.041099Z"},"nsu=http://opcfoundation.org/UA/Plc/Applications;s=SlowRandomUIntScalar1":{"Value":1212719536,"SourceTimestamp":"2024-04-27T16:00:01.2430608Z","ServerTimestamp":"2024-04-27T16:00:09.0411057Z"},"nsu=http://opcfoundation.org/UA/Plc/Applications;s=SlowRandomUIntScalar2":{"Value":2975323851,"SourceTimestamp":"2024-04-27T16:00:01.243064Z","ServerTimestamp":"2024-04-27T16:00:09.0410952Z"},"nsu=http://opcfoundation.org/UA/Plc/Applications;s=SlowRandomUIntScalar3":{"Value":1135208010,"SourceTimestamp":"2024-04-27T16:00:01.2430656Z","ServerTimestamp":"2024-04-27T16:00:09.0411037Z"},"nsu=http://opcfoundation.org/UA/Plc/Applications;s=BadSlowRandomUIntScalar1":{"Value":622492760,"SourceTimestamp":"2024-04-27T16:00:01.2430674Z","ServerTimestamp":"2024-04-27T16:00:09.0410899Z"},"nsu=http://opcfoundation.org/UA/Plc/Applications;s=SpikeData":{"Value":24.868988716485482,"SourceTimestamp":"2024-04-27T16:00:09.0399417Z","ServerTimestamp":"2024-04-27T16:00:09.0411006Z"},"ns=23;i=1259":{"Value":0.307,"SourceTimestamp":"2024-04-27T15:59:32.0256427Z","ServerTimestamp":"2024-04-27T16:00:09.0410714Z"}}}