{"SequenceNumber":41,"MetaDataVersion":{"MajorVersion":1},"Timestamp":"2024-04-27T16:00:13.0316511Z","MessageType":"ua-deltaframe","DataSetWriterName":"<<UnknownDataSet>>","Payload":{"i=2258":{"Value":"2024-04-27T16:00:13.0312314Z","SourceTimestamp":"2024-04-27T15:59:32.0254722Z","ServerTimestamp":"2024-04-27T16:00:13.0312299Z"},"nsu=http://opcfoundation.org/UA/Plc/Applications;s=StepUp":{"Value":417,"SourceTimestamp":"2024-04-27T16:00:12.9517996Z","ServerTimestamp":"2024-04-27T16:00:13.0312838Z"},"nsu=http://opcfoundation.org/UA/Plc/Applications;s=AlternatingBoolean":{"Value":true,"SourceTimestamp":"2024-04-27T16:00:12.9518238Z","ServerTimestamp":"2024-04-27T16:00:13.0312882Z"},"nsu=http://opcfoundation.org/UA/Plc/Applications;s=RandomSignedInt32":{"Value":1804633364,"SourceTimestamp":"2024-04-27T16:00:12.9518196Z","ServerTimestamp":"2024-04-27T16:00:13.0313001Z"},"nsu=http://opcfoundation.org/UA/Plc/Applications;s=RandomUnsignedInt32":{"Value":1826588089,"SourceTimestamp":"2024-04-27T16:00:12.9518269Z","ServerTimestamp":"2024-04-27T16:00:13.0312965Z"},"nsu=http://opcfoundation.org/UA/Plc/Applications;s=DipData":{"Value":-90.482705246601981,"SourceTimestamp":"2024-04-27T16:00:12.9518202Z","ServerTimestamp":"2024-04-27T16:00:13.0312898Z"},"nsu=http://opcfoundation.org/UA/Plc/Applications;s=FastUIntScalar1":{"Value":41,"SourceTimestamp":"2024-04-27T16:00:12.2430777Z","ServerTimestamp":"2024-04-27T16:00:13.0312872Z"},"nsu=http://opcfoundation.org/UA/Plc/Applications;s=FastUIntScalar2":{"Value":41,"SourceTimestamp":"2024-04-27T16:00:12.2430802Z","ServerTimestamp":"2024-04-27T16:00:13.0312827Z"},"nsu=http://opcfoundation.org/UA/Plc/Applications;s=FastUIntScalar3":{"Value":41,"SourceTimestamp":"2024-04-27T16:00:12.2430819Z","ServerTimestamp":"2024-04-27T16:00:13.0312753Z"},"nsu=http://opcfoundation.org/UA/Plc/Applications;s=FastRandomUIntScalar1":{"Value":2710579737,"SourceTimestamp":"2024-04-27T16:00:12.2430839Z","ServerTimestamp":"2024-04-27T16:00:13.0312783Z"},"nsu=http://opcfoundation.org/UA/Plc/Applications;s=FastRandomUIntScalar2":{"Value":4053862931,"SourceTimestamp":"2024-04-27T16:00:12.2430899Z","ServerTimestamp":"2024-04-27T16:00:13.0312951Z"},"nsu=http://opcfoundation.org/UA/Plc/Applications;s=FastRandomUIntScalar3":{"Value":4014523302,"SourceTimestamp":"2024-04-27T16:00:12.2430918Z","ServerTimestamp":"2024-04-27T16:00:13.0312813Z"},"nsu=http://opcfoundation.org/UA/Plc/Applications;s=NegativeTrendData":{"Value":99.700000000000003,"SourceTimestamp":"2024-04-27T16:00:12.9518156Z","ServerTimestamp":"2024-04-27T16:00:13.0312737Z"},"nsu=http://opcfoundation.org/UA/Plc/Applications;s=PositiveTrendData":{"Value":100.2,"SourceTimestamp":"2024-04-27T16:00:12.9518115Z","ServerTimestamp":"2024-04-27T16:00:13.0312864Z"},"nsu=http://opcfoundation.org/UA/Plc/Applications;s=SlowUIntScalar1":{"Value":4,"SourceTimestamp":"2024-04-27T16:00:11.2410863Z","ServerTimestamp":"2024-04-27T16:00:13.0313031Z"},"nsu=http://opcfoundation.org/UA/Plc/Applications;s=SlowUIntScalar2":{"Value":4,"SourceTimestamp":"2024-04-27T16:00:11.2410927Z","ServerTimestamp":"2024-04-27T16:00:13.0312794Z"},"nsu=http://opcfoundation.org/UA/Plc/Applications;s=SlowUIntScalar3":{"Value":4,"SourceTimestamp":"2024-04-27T16:00:11.241094Z","ServerTimestamp":"2024-04-27T16:00:13.0312925Z"},"nsu=http://opcfoundation.org/UA/Plc/Applications;s=BadSlowUIntScalar1":{"Value":4,"StatusCode":{"Symbol":"UncertainLastUsableValue","Code":1083179008},"SourceTimestamp":"2024-04-27T16:00:11.2410956Z","ServerTimestamp":"2024-04-27T16:00:13.0312913Z"},"nsu=http://opcfoundation.org/UA/Plc/Applications;s=SlowRandomUIntScalar1":{"Value":2069548487,"SourceTimestamp":"2024-04-27T16:00:11.2411447Z","ServerTimestamp":"2024-04-27T16:00:13.0313018Z"},"nsu=http://opcfoundation.org/UA/Plc/Applications;s=SlowRandomUIntScalar2":{"Value":1126823681,"SourceTimestamp":"2024-04-27T16:00:11.2411536Z","ServerTimestamp":"2024-04-27T16:00:13.0312852Z"},"nsu=http://opcfoundation.org/UA/Plc/Applications;s=SlowRandomUIntScalar3":{"Value":1940193148,"SourceTimestamp":"2024-04-27T16:00:11.2411564Z","ServerTimestamp":"2024-04-27T16:00:13.031299Z"},"nsu=http://opcfoundation.org/UA/Plc/Applications;s=BadSlowRandomUIntScalar1":{"Value":2596872127,"StatusCode":{"Symbol":"UncertainLastUsableValue","Code":1083179008},"SourceTimestamp":"2024-04-27T16:00:11.2411593Z","ServerTimestamp":"2024-04-27T16:00:13.0312767Z"},"nsu=http://opcfoundation.org/UA/Plc/Applications;s=SpikeData":{"Value":-90.482705246601981,"SourceTimestamp":"2024-04-27T16:00:12.9518031Z","ServerTimestamp":"2024-04-27T16:00:13.0312939Z"},"ns=23;i=1259":{"Value":1.55,"SourceTimestamp":"2024-04-27T15:59:32.0256427Z","ServerTimestamp":"2024-04-27T16:00:13.0312525Z"}}}