{"SequenceNumber":48,"MetaDataVersion":{"MajorVersion":1},"Timestamp":"2024-04-27T16:00:20.0427094Z","MessageType":"ua-deltaframe","DataSetWriterName":"<<UnknownDataSet>>","Payload":{"i=2258":{"Value":"2024-04-27T16:00:20.0424251Z","SourceTimestamp":"2024-04-27T15:59:32.0254722Z","ServerTimestamp":"2024-04-27T16:00:20.0424238Z"},"nsu=http://opcfoundation.org/UA/Plc/Applications;s=StepUp":{"Value":488,"SourceTimestamp":"2024-04-27T16:00:20.0414456Z","ServerTimestamp":"2024-04-27T16:00:20.0424624Z"},"nsu=http://opcfoundation.org/UA/Plc/Applications;s=AlternatingBoolean":{"Value":false,"SourceTimestamp":"2024-04-27T16:00:20.0414631Z","ServerTimestamp":"2024-04-27T16:00:20.0424664Z"},"nsu=http://opcfoundation.org/UA/Plc/Applications;s=RandomSignedInt32":{"Value":1274704028,"SourceTimestamp":"2024-04-27T16:00:20.04146Z","ServerTimestamp":"2024-04-27T16:00:20.042473Z"},"nsu=http://opcfoundation.org/UA/Plc/Applications;s=RandomUnsignedInt32":{"Value":1576141794,"SourceTimestamp":"2024-04-27T16:00:20.0414562Z","ServerTimestamp":"2024-04-27T16:00:20.0424713Z"},"nsu=http://opcfoundation.org/UA/Plc/Applications;s=DipData":{"Value":99.80267284282715,"SourceTimestamp":"2024-04-27T16:00:20.0414597Z","ServerTimestamp":"2024-04-27T16:00:20.0424672Z"},"nsu=http://opcfoundation.org/UA/Plc/Applications;s=FastUIntScalar1":{"Value":48,"SourceTimestamp":"2024-04-27T16:00:19.2493017Z","ServerTimestamp":"2024-04-27T16:00:20.0424645Z"},"nsu=http://opcfoundation.org/UA/Plc/Applications;s=FastUIntScalar2":{"Value":48,"SourceTimestamp":"2024-04-27T16:00:19.2493035Z","ServerTimestamp":"2024-04-27T16:00:20.0424617Z"},"nsu=http://opcfoundation.org/UA/Plc/Applications;s=FastUIntScalar3":{"Value":48,"SourceTimestamp":"2024-04-27T16:00:19.2493108Z","ServerTimestamp":"2024-04-27T16:00:20.0424569Z"},"nsu=http://opcfoundation.org/UA/Plc/Applications;s=FastRandomUIntScalar1":{"Value":304969130,"SourceTimestamp":"2024-04-27T16:00:19.2493023Z","ServerTimestamp":"2024-04-27T16:00:20.0424591Z"},"nsu=http://opcfoundation.org/UA/Plc/Applications;s=FastRandomUIntScalar2":{"Value":3244810267,"SourceTimestamp":"2024-04-27T16:00:19.2493071Z","ServerTimestamp":"2024-04-27T16:00:20.0424703Z"},"nsu=http://opcfoundation.org/UA/Plc/Applications;s=FastRandomUIntScalar3":{"Value":3613562287,"SourceTimestamp":"2024-04-27T16:00:19.2493112Z","ServerTimestamp":"2024-04-27T16:00:20.0424609Z"},"nsu=http://opcfoundation.org/UA/Plc/Applications;s=NegativeTrendData":{"Value":99.599999999999994,"SourceTimestamp":"2024-04-27T16:00:20.0414605Z","ServerTimestamp":"2024-04-27T16:00:20.042456Z"},"nsu=http://opcfoundation.org/UA/Plc/Applications;s=PositiveTrendData":{"Value":100.3,"SourceTimestamp":"2024-04-27T16:00:20.0414601Z","ServerTimestamp":"2024-04-27T16:00:20.042464Z"},"nsu=http://opcfoundation.org/UA/Plc/Applications;s=SlowUIntScalar1":{"Value":4,"SourceTimestamp":"2024-04-27T16:00:11.2410863Z","ServerTimestamp":"2024-04-27T16:00:20.0424749Z"},"nsu=http://opcfoundation.org/UA/Plc/Applications;s=SlowUIntScalar2":{"Value":4,"SourceTimestamp":"2024-04-27T16:00:11.2410927Z","ServerTimestamp":"2024-04-27T16:00:20.0424599Z"},"nsu=http://opcfoundation.org/UA/Plc/Applications;s=SlowUIntScalar3":{"Value":4,"SourceTimestamp":"2024-04-27T16:00:11.241094Z","ServerTimestamp":"2024-04-27T16:00:20.0424689Z"},"nsu=http://opcfoundation.org/UA/Plc/Applications;s=BadSlowUIntScalar1":{"Value":4,"StatusCode":{"Symbol":"UncertainLastUsableValue","Code":1083179008},"SourceTimestamp":"2024-04-27T16:00:11.2410956Z","ServerTimestamp":"2024-04-27T16:00:20.0424681Z"},"nsu=http://opcfoundation.org/UA/Plc/Applications;s=SlowRandomUIntScalar1":{"Value":2069548487,"SourceTimestamp":"2024-04-27T16:00:11.2411447Z","ServerTimestamp":"2024-04-27T16:00:20.042474Z"},"nsu=http://opcfoundation.org/UA/Plc/Applications;s=SlowRandomUIntScalar2":{"Value":1126823681,"SourceTimestamp":"2024-04-27T16:00:11.2411536Z","ServerTimestamp":"2024-04-27T16:00:20.0424632Z"},"nsu=http://opcfoundation.org/UA/Plc/Applications;s=SlowRandomUIntScalar3":{"Value":1940193148,"SourceTimestamp":"2024-04-27T16:00:11.2411564Z","ServerTimestamp":"2024-04-27T16:00:20.0424723Z"},"nsu=http://opcfoundation.org/UA/Plc/Applications;s=BadSlowRandomUIntScalar1":{"Value":2596872127,"StatusCode":{"Symbol":"UncertainLastUsableValue","Code":1083179008},"SourceTimestamp":"2024-04-27T16:00:11.2411593Z","ServerTimestamp":"2024-04-27T16:00:20.0424579Z"},"nsu=http://opcfoundation.org/UA/Plc/Applications;s=SpikeData":{"Value":99.80267284282715,"SourceTimestamp":"2024-04-27T16:00:20.0414064Z","ServerTimestamp":"2024-04-27T16:00:20.0424696Z"},"ns=23;i=1259":{"Value":0.81900000000000006,"SourceTimestamp":"2024-04-27T15:59:32.0256427Z","ServerTimestamp":"2024-04-27T16:00:20.0424404Z"}}}