{"SequenceNumber":55,"MetaDataVersion":{"MajorVersion":1},"Timestamp":"2024-04-27T16:00:27.040235Z","MessageType":"ua-deltaframe","DataSetWriterName":"<<UnknownDataSet>>","Payload":{"i=2258":{"Value":"2024-04-27T16:00:27.039942Z","SourceTimestamp":"2024-04-27T15:59:32.0254722Z","ServerTimestamp":"2024-04-27T16:00:27.039941Z"},"nsu=http://opcfoundation.org/UA/Plc/Applications;s=StepUp":{"Value":558,"SourceTimestamp":"2024-04-27T16:00:27.0389518Z","ServerTimestamp":"2024-04-27T16:00:27.0399765Z"},"nsu=http://opcfoundation.org/UA/Plc/Applications;s=AlternatingBoolean":{"Value":false,"SourceTimestamp":"2024-04-27T16:00:27.0389738Z","ServerTimestamp":"2024-04-27T16:00:27.0399796Z"},"nsu=http://opcfoundation.org/UA/Plc/Applications;s=RandomSignedInt32":{"Value":580006026,"SourceTimestamp":"2024-04-27T16:00:27.0389736Z","ServerTimestamp":"2024-04-27T16:00:27.0399862Z"},"nsu=http://opcfoundation.org/UA/Plc/Applications;s=RandomUnsignedInt32":{"Value":988182256,"SourceTimestamp":"2024-04-27T16:00:27.0389788Z","ServerTimestamp":"2024-04-27T16:00:27.0399845Z"},"nsu=http://opcfoundation.org/UA/Plc/Applications;s=DipData":{"Value":-77.0513242775789,"SourceTimestamp":"2024-04-27T16:00:27.0389714Z","ServerTimestamp":"2024-04-27T16:00:27.0399805Z"},"nsu=http://opcfoundation.org/UA/Plc/Applications;s=FastUIntScalar1":{"Value":55,"SourceTimestamp":"2024-04-27T16:00:26.2500008Z","ServerTimestamp":"2024-04-27T16:00:27.0399783Z"},"nsu=http://opcfoundation.org/UA/Plc/Applications;s=FastUIntScalar2":{"Value":55,"SourceTimestamp":"2024-04-27T16:00:26.2500034Z","ServerTimestamp":"2024-04-27T16:00:27.0399759Z"},"nsu=http://opcfoundation.org/UA/Plc/Applications;s=FastUIntScalar3":{"Value":55,"SourceTimestamp":"2024-04-27T16:00:26.2500105Z","ServerTimestamp":"2024-04-27T16:00:27.0399719Z"},"nsu=http://opcfoundation.org/UA/Plc/Applications;s=FastRandomUIntScalar1":{"Value":90249563,"SourceTimestamp":"2024-04-27T16:00:26.2500061Z","ServerTimestamp":"2024-04-27T16:00:27.0399736Z"},"nsu=http://opcfoundation.org/UA/Plc/Applications;s=FastRandomUIntScalar2":{"Value":3172984589,"SourceTimestamp":"2024-04-27T16:00:26.2500157Z","ServerTimestamp":"2024-04-27T16:00:27.0399836Z"},"nsu=http://opcfoundation.org/UA/Plc/Applications;s=FastRandomUIntScalar3":{"Value":3035750723,"SourceTimestamp":"2024-04-27T16:00:26.2500186Z","ServerTimestamp":"2024-04-27T16:00:27.0399752Z"},"nsu=http://opcfoundation.org/UA/Plc/Applications;s=NegativeTrendData":{"Value":99.400000000000006,"SourceTimestamp":"2024-04-27T16:00:27.0389658Z","ServerTimestamp":"2024-04-27T16:00:27.0399709Z"},"nsu=http://opcfoundation.org/UA/Plc/Applications;s=PositiveTrendData":{"Value":100.5,"SourceTimestamp":"2024-04-27T16:00:27.0389676Z","ServerTimestamp":"2024-04-27T16:00:27.0399779Z"},"nsu=http://opcfoundation.org/UA/Plc/Applications;s=SlowUIntScalar1":{"Value":5,"SourceTimestamp":"2024-04-27T16:00:21.2487169Z","ServerTimestamp":"2024-04-27T16:00:27.0399882Z"},"nsu=http://opcfoundation.org/UA/Plc/Applications;s=SlowUIntScalar2":{"Value":5,"SourceTimestamp":"2024-04-27T16:00:21.2487237Z","ServerTimestamp":"2024-04-27T16:00:27.0399743Z"},"nsu=http://opcfoundation.org/UA/Plc/Applications;s=SlowUIntScalar3":{"Value":5,"SourceTimestamp":"2024-04-27T16:00:21.2487251Z","ServerTimestamp":"2024-04-27T16:00:27.0399822Z"},"nsu=http://opcfoundation.org/UA/Plc/Applications;s=BadSlowUIntScalar1":{"Value":5,"SourceTimestamp":"2024-04-27T16:00:21.2487266Z","ServerTimestamp":"2024-04-27T16:00:27.0399814Z"},"nsu=http://opcfoundation.org/UA/Plc/Applications;s=SlowRandomUIntScalar1":{"Value":379111443,"SourceTimestamp":"2024-04-27T16:00:21.2487506Z","ServerTimestamp":"2024-04-27T16:00:27.0399873Z"},"nsu=http://opcfoundation.org/UA/Plc/Applications;s=SlowRandomUIntScalar2":{"Value":2229485697,"SourceTimestamp":"2024-04-27T16:00:21.2487523Z","ServerTimestamp":"2024-04-27T16:00:27.0399772Z"},"nsu=http://opcfoundation.org/UA/Plc/Applications;s=SlowRandomUIntScalar3":{"Value":3872870753,"SourceTimestamp":"2024-04-27T16:00:21.2487535Z","ServerTimestamp":"2024-04-27T16:00:27.0399854Z"},"nsu=http://opcfoundation.org/UA/Plc/Applications;s=BadSlowRandomUIntScalar1":{"Value":2496199897,"SourceTimestamp":"2024-04-27T16:00:21.2487569Z","ServerTimestamp":"2024-04-27T16:00:27.0399728Z"},"nsu=http://opcfoundation.org/UA/Plc/Applications;s=SpikeData":{"Value":-77.0513242775789,"SourceTimestamp":"2024-04-27T16:00:27.0389481Z","ServerTimestamp":"2024-04-27T16:00:27.0399829Z"},"ns=23;i=1259":{"Value":1.1699999999999999,"SourceTimestamp":"2024-04-27T15:59:32.0256427Z","ServerTimestamp":"2024-04-27T16:00:27.0399564Z"}}}