{"SequenceNumber":6,"MetaDataVersion":{"MajorVersion":1},"Timestamp":"2024-04-27T15:59:38.0434889Z","MessageType":"ua-deltaframe","DataSetWriterName":"<<UnknownDataSet>>","Payload":{"i=2258":{"Value":"2024-04-27T15:59:38.0431893Z","SourceTimestamp":"2024-04-27T15:59:32.0254722Z","ServerTimestamp":"2024-04-27T15:59:38.0431878Z"},"nsu=http://opcfoundation.org/UA/Plc/Applications;s=StepUp":{"Value":68,"SourceTimestamp":"2024-04-27T15:59:38.0419564Z","ServerTimestamp":"2024-04-27T15:59:38.0432265Z"},"nsu=http://opcfoundation.org/UA/Plc/Applications;s=AlternatingBoolean":{"Value":false,"SourceTimestamp":"2024-04-27T15:59:38.0419411Z","ServerTimestamp":"2024-04-27T15:59:38.0432294Z"},"nsu=http://opcfoundation.org/UA/Plc/Applications;s=RandomSignedInt32":{"Value":1492464238,"SourceTimestamp":"2024-04-27T15:59:38.041853Z","ServerTimestamp":"2024-04-27T15:59:38.0432368Z"},"nsu=http://opcfoundation.org/UA/Plc/Applications;s=RandomUnsignedInt32":{"Value":1262512855,"SourceTimestamp":"2024-04-27T15:59:38.041905Z","ServerTimestamp":"2024-04-27T15:59:38.0432351Z"},"nsu=http://opcfoundation.org/UA/Plc/Applications;s=DipData":{"Value":-84.432792550201526,"SourceTimestamp":"2024-04-27T15:59:38.0419243Z","ServerTimestamp":"2024-04-27T15:59:38.0432302Z"},"nsu=http://opcfoundation.org/UA/Plc/Applications;s=FastUIntScalar1":{"Value":6,"SourceTimestamp":"2024-04-27T15:59:37.2376882Z","ServerTimestamp":"2024-04-27T15:59:38.0432287Z"},"nsu=http://opcfoundation.org/UA/Plc/Applications;s=FastUIntScalar2":{"Value":6,"SourceTimestamp":"2024-04-27T15:59:37.2376985Z","ServerTimestamp":"2024-04-27T15:59:38.0432258Z"},"nsu=http://opcfoundation.org/UA/Plc/Applications;s=FastUIntScalar3":{"Value":6,"SourceTimestamp":"2024-04-27T15:59:37.2377003Z","ServerTimestamp":"2024-04-27T15:59:38.0432212Z"},"nsu=http://opcfoundation.org/UA/Plc/Applications;s=FastRandomUIntScalar1":{"Value":1235426244,"SourceTimestamp":"2024-04-27T15:59:37.2377095Z","ServerTimestamp":"2024-04-27T15:59:38.0432233Z"},"nsu=http://opcfoundation.org/UA/Plc/Applications;s=FastRandomUIntScalar2":{"Value":1090861892,"SourceTimestamp":"2024-04-27T15:59:37.2377183Z","ServerTimestamp":"2024-04-27T15:59:38.0432342Z"},"nsu=http://opcfoundation.org/UA/Plc/Applications;s=FastRandomUIntScalar3":{"Value":852339421,"SourceTimestamp":"2024-04-27T15:59:37.2377207Z","ServerTimestamp":"2024-04-27T15:59:38.043225Z"},"nsu=http://opcfoundation.org/UA/Plc/Applications;s=NegativeTrendData":{"Value":100,"SourceTimestamp":"2024-04-27T15:59:38.041936Z","ServerTimestamp":"2024-04-27T15:59:38.0432204Z"},"nsu=http://opcfoundation.org/UA/Plc/Applications;s=PositiveTrendData":{"Value":100,"SourceTimestamp":"2024-04-27T15:59:38.0419302Z","ServerTimestamp":"2024-04-27T15:59:38.0432282Z"},"nsu=http://opcfoundation.org/UA/Plc/Applications;s=SlowUIntScalar1":{"Value":0,"SourceTimestamp":"2024-04-27T15:59:31.2370348Z","ServerTimestamp":"2024-04-27T15:59:38.0432388Z"},"nsu=http://opcfoundation.org/UA/Plc/Applications;s=SlowUIntScalar2":{"Value":0,"SourceTimestamp":"2024-04-27T15:59:31.2370355Z","ServerTimestamp":"2024-04-27T15:59:38.0432241Z"},"nsu=http://opcfoundation.org/UA/Plc/Applications;s=SlowUIntScalar3":{"Value":0,"SourceTimestamp":"2024-04-27T15:59:31.2370367Z","ServerTimestamp":"2024-04-27T15:59:38.0432328Z"},"nsu=http://opcfoundation.org/UA/Plc/Applications;s=BadSlowUIntScalar1":{"Value":0,"SourceTimestamp":"2024-04-27T15:59:31.2370384Z","ServerTimestamp":"2024-04-27T15:59:38.0432312Z"},"nsu=http://opcfoundation.org/UA/Plc/Applications;s=SlowRandomUIntScalar1":{"Value":0,"SourceTimestamp":"2024-04-27T15:59:31.2370442Z","ServerTimestamp":"2024-04-27T15:59:38.0432379Z"},"nsu=http://opcfoundation.org/UA/Plc/Applications;s=SlowRandomUIntScalar2":{"Value":0,"SourceTimestamp":"2024-04-27T15:59:31.2370448Z","ServerTimestamp":"2024-04-27T15:59:38.0432273Z"},"nsu=http://opcfoundation.org/UA/Plc/Applications;s=SlowRandomUIntScalar3":{"Value":0,"SourceTimestamp":"2024-04-27T15:59:31.2370452Z","ServerTimestamp":"2024-04-27T15:59:38.0432361Z"},"nsu=http://opcfoundation.org/UA/Plc/Applications;s=BadSlowRandomUIntScalar1":{"Value":0,"SourceTimestamp":"2024-04-27T15:59:31.2370467Z","ServerTimestamp":"2024-04-27T15:59:38.0432227Z"},"nsu=http://opcfoundation.org/UA/Plc/Applications;s=SpikeData":{"Value":-84.432792550201526,"SourceTimestamp":"2024-04-27T15:59:38.041936Z","ServerTimestamp":"2024-04-27T15:59:38.0432335Z"},"ns=23;i=1259":{"Value":-0.39900000000000002,"SourceTimestamp":"2024-04-27T15:59:32.0256427Z","ServerTimestamp":"2024-04-27T15:59:38.0432046Z"}}}