{"SequenceNumber":61,"MetaDataVersion":{"MajorVersion":1},"Timestamp":"2024-04-27T16:00:33.0341478Z","MessageType":"ua-deltaframe","DataSetWriterName":"<<UnknownDataSet>>","Payload":{"i=2258":{"Value":"2024-04-27T16:00:33.0338412Z","SourceTimestamp":"2024-04-27T15:59:32.0254722Z","ServerTimestamp":"2024-04-27T16:00:33.0338401Z"},"nsu=http://opcfoundation.org/UA/Plc/Applications;s=StepUp":{"Value":617,"SourceTimestamp":"2024-04-27T16:00:32.9382321Z","ServerTimestamp":"2024-04-27T16:00:33.0338753Z"},"nsu=http://opcfoundation.org/UA/Plc/Applications;s=AlternatingBoolean":{"Value":true,"SourceTimestamp":"2024-04-27T16:00:32.9382407Z","ServerTimestamp":"2024-04-27T16:00:33.033878Z"},"nsu=http://opcfoundation.org/UA/Plc/Applications;s=RandomSignedInt32":{"Value":1456885682,"SourceTimestamp":"2024-04-27T16:00:32.9382574Z","ServerTimestamp":"2024-04-27T16:00:33.0338858Z"},"nsu=http://opcfoundation.org/UA/Plc/Applications;s=RandomUnsignedInt32":{"Value":1830432142,"SourceTimestamp":"2024-04-27T16:00:32.9382547Z","ServerTimestamp":"2024-04-27T16:00:33.0338839Z"},"nsu=http://opcfoundation.org/UA/Plc/Applications;s=DipData":{"Value":-90.482705246601981,"SourceTimestamp":"2024-04-27T16:00:32.9382509Z","ServerTimestamp":"2024-04-27T16:00:33.0338792Z"},"nsu=http://opcfoundation.org/UA/Plc/Applications;s=FastUIntScalar1":{"Value":61,"SourceTimestamp":"2024-04-27T16:00:32.2405834Z","ServerTimestamp":"2024-04-27T16:00:33.0338774Z"},"nsu=http://opcfoundation.org/UA/Plc/Applications;s=FastUIntScalar2":{"Value":61,"SourceTimestamp":"2024-04-27T16:00:32.2405877Z","ServerTimestamp":"2024-04-27T16:00:33.0338747Z"},"nsu=http://opcfoundation.org/UA/Plc/Applications;s=FastUIntScalar3":{"Value":61,"SourceTimestamp":"2024-04-27T16:00:32.2405899Z","ServerTimestamp":"2024-04-27T16:00:33.0338703Z"},"nsu=http://opcfoundation.org/UA/Plc/Applications;s=FastRandomUIntScalar1":{"Value":436626,"SourceTimestamp":"2024-04-27T16:00:32.2405923Z","ServerTimestamp":"2024-04-27T16:00:33.0338723Z"},"nsu=http://opcfoundation.org/UA/Plc/Applications;s=FastRandomUIntScalar2":{"Value":2077117059,"SourceTimestamp":"2024-04-27T16:00:32.2406003Z","ServerTimestamp":"2024-04-27T16:00:33.033883Z"},"nsu=http://opcfoundation.org/UA/Plc/Applications;s=FastRandomUIntScalar3":{"Value":2804489645,"SourceTimestamp":"2024-04-27T16:00:32.2406027Z","ServerTimestamp":"2024-04-27T16:00:33.0338739Z"},"nsu=http://opcfoundation.org/UA/Plc/Applications;s=NegativeTrendData":{"Value":99.299999999999997,"SourceTimestamp":"2024-04-27T16:00:32.9382463Z","ServerTimestamp":"2024-04-27T16:00:33.0338696Z"},"nsu=http://opcfoundation.org/UA/Plc/Applications;s=PositiveTrendData":{"Value":100.59999999999999,"SourceTimestamp":"2024-04-27T16:00:32.9382449Z","ServerTimestamp":"2024-04-27T16:00:33.033877Z"},"nsu=http://opcfoundation.org/UA/Plc/Applications;s=SlowUIntScalar1":{"Value":6,"SourceTimestamp":"2024-04-27T16:00:31.2378952Z","ServerTimestamp":"2024-04-27T16:00:33.0338878Z"},"nsu=http://opcfoundation.org/UA/Plc/Applications;s=SlowUIntScalar2":{"Value":6,"SourceTimestamp":"2024-04-27T16:00:31.2379062Z","ServerTimestamp":"2024-04-27T16:00:33.033873Z"},"nsu=http://opcfoundation.org/UA/Plc/Applications;s=SlowUIntScalar3":{"Value":6,"SourceTimestamp":"2024-04-27T16:00:31.2379088Z","ServerTimestamp":"2024-04-27T16:00:33.0338816Z"},"nsu=http://opcfoundation.org/UA/Plc/Applications;s=BadSlowUIntScalar1":{"Value":6,"SourceTimestamp":"2024-04-27T16:00:31.2379112Z","ServerTimestamp":"2024-04-27T16:00:33.0338809Z"},"nsu=http://opcfoundation.org/UA/Plc/Applications;s=SlowRandomUIntScalar1":{"Value":3146924636,"SourceTimestamp":"2024-04-27T16:00:31.2379855Z","ServerTimestamp":"2024-04-27T16:00:33.033887Z"},"nsu=http://opcfoundation.org/UA/Plc/Applications;s=SlowRandomUIntScalar2":{"Value":3202185873,"SourceTimestamp":"2024-04-27T16:00:31.2379883Z","ServerTimestamp":"2024-04-27T16:00:33.0338761Z"},"nsu=http://opcfoundation.org/UA/Plc/Applications;s=SlowRandomUIntScalar3":{"Value":1139664690,"SourceTimestamp":"2024-04-27T16:00:31.2379905Z","ServerTimestamp":"2024-04-27T16:00:33.033885Z"},"nsu=http://opcfoundation.org/UA/Plc/Applications;s=BadSlowRandomUIntScalar1":{"Value":2693136399,"SourceTimestamp":"2024-04-27T16:00:31.2379937Z","ServerTimestamp":"2024-04-27T16:00:33.0338716Z"},"nsu=http://opcfoundation.org/UA/Plc/Applications;s=SpikeData":{"Value":-90.482705246601981,"SourceTimestamp":"2024-04-27T16:00:32.9382383Z","ServerTimestamp":"2024-04-27T16:00:33.0338823Z"},"ns=23;i=1259":{"Value":0.5,"SourceTimestamp":"2024-04-27T15:59:32.0256427Z","ServerTimestamp":"2024-04-27T16:00:33.0338549Z"}}}