{"SequenceNumber":64,"MetaDataVersion":{"MajorVersion":1},"Timestamp":"2024-04-27T16:00:36.0444071Z","MessageType":"ua-deltaframe","DataSetWriterName":"<<UnknownDataSet>>","Payload":{"i=2258":{"Value":"2024-04-27T16:00:36.0441207Z","SourceTimestamp":"2024-04-27T15:59:32.0254722Z","ServerTimestamp":"2024-04-27T16:00:36.0441195Z"},"nsu=http://opcfoundation.org/UA/Plc/Applications;s=StepUp":{"Value":648,"SourceTimestamp":"2024-04-27T16:00:36.0429258Z","ServerTimestamp":"2024-04-27T16:00:36.044158Z"},"nsu=http://opcfoundation.org/UA/Plc/Applications;s=AlternatingBoolean":{"Value":true,"SourceTimestamp":"2024-04-27T16:00:36.0429333Z","ServerTimestamp":"2024-04-27T16:00:36.0441604Z"},"nsu=http://opcfoundation.org/UA/Plc/Applications;s=RandomSignedInt32":{"Value":-735014463,"SourceTimestamp":"2024-04-27T16:00:36.0429305Z","ServerTimestamp":"2024-04-27T16:00:36.0441668Z"},"nsu=http://opcfoundation.org/UA/Plc/Applications;s=RandomUnsignedInt32":{"Value":643909838,"SourceTimestamp":"2024-04-27T16:00:36.0429498Z","ServerTimestamp":"2024-04-27T16:00:36.0441651Z"},"nsu=http://opcfoundation.org/UA/Plc/Applications;s=DipData":{"Value":36.812455268467801,"SourceTimestamp":"2024-04-27T16:00:36.042925Z","ServerTimestamp":"2024-04-27T16:00:36.0441611Z"},"nsu=http://opcfoundation.org/UA/Plc/Applications;s=FastUIntScalar1":{"Value":64,"SourceTimestamp":"2024-04-27T16:00:35.2377501Z","ServerTimestamp":"2024-04-27T16:00:36.0441598Z"},"nsu=http://opcfoundation.org/UA/Plc/Applications;s=FastUIntScalar2":{"Value":64,"SourceTimestamp":"2024-04-27T16:00:35.2377583Z","ServerTimestamp":"2024-04-27T16:00:36.0441572Z"},"nsu=http://opcfoundation.org/UA/Plc/Applications;s=FastUIntScalar3":{"Value":64,"SourceTimestamp":"2024-04-27T16:00:35.2377678Z","ServerTimestamp":"2024-04-27T16:00:36.044153Z"},"nsu=http://opcfoundation.org/UA/Plc/Applications;s=FastRandomUIntScalar1":{"Value":1348026704,"SourceTimestamp":"2024-04-27T16:00:35.2377586Z","ServerTimestamp":"2024-04-27T16:00:36.0441548Z"},"nsu=http://opcfoundation.org/UA/Plc/Applications;s=FastRandomUIntScalar2":{"Value":1170801187,"SourceTimestamp":"2024-04-27T16:00:35.2377663Z","ServerTimestamp":"2024-04-27T16:00:36.0441642Z"},"nsu=http://opcfoundation.org/UA/Plc/Applications;s=FastRandomUIntScalar3":{"Value":387228513,"SourceTimestamp":"2024-04-27T16:00:35.2377693Z","ServerTimestamp":"2024-04-27T16:00:36.0441565Z"},"nsu=http://opcfoundation.org/UA/Plc/Applications;s=NegativeTrendData":{"Value":99.299999999999997,"SourceTimestamp":"2024-04-27T16:00:36.0429195Z","ServerTimestamp":"2024-04-27T16:00:36.0441522Z"},"nsu=http://opcfoundation.org/UA/Plc/Applications;s=PositiveTrendData":{"Value":100.59999999999999,"SourceTimestamp":"2024-04-27T16:00:36.0429133Z","ServerTimestamp":"2024-04-27T16:00:36.0441595Z"},"nsu=http://opcfoundation.org/UA/Plc/Applications;s=SlowUIntScalar1":{"Value":6,"SourceTimestamp":"2024-04-27T16:00:31.2378952Z","ServerTimestamp":"2024-04-27T16:00:36.0441688Z"},"nsu=http://opcfoundation.org/UA/Plc/Applications;s=SlowUIntScalar2":{"Value":6,"SourceTimestamp":"2024-04-27T16:00:31.2379062Z","ServerTimestamp":"2024-04-27T16:00:36.0441556Z"},"nsu=http://opcfoundation.org/UA/Plc/Applications;s=SlowUIntScalar3":{"Value":6,"SourceTimestamp":"2024-04-27T16:00:31.2379088Z","ServerTimestamp":"2024-04-27T16:00:36.0441628Z"},"nsu=http://opcfoundation.org/UA/Plc/Applications;s=BadSlowUIntScalar1":{"Value":6,"SourceTimestamp":"2024-04-27T16:00:31.2379112Z","ServerTimestamp":"2024-04-27T16:00:36.044162Z"},"nsu=http://opcfoundation.org/UA/Plc/Applications;s=SlowRandomUIntScalar1":{"Value":3146924636,"SourceTimestamp":"2024-04-27T16:00:31.2379855Z","ServerTimestamp":"2024-04-27T16:00:36.0441679Z"},"nsu=http://opcfoundation.org/UA/Plc/Applications;s=SlowRandomUIntScalar2":{"Value":3202185873,"SourceTimestamp":"2024-04-27T16:00:31.2379883Z","ServerTimestamp":"2024-04-27T16:00:36.0441587Z"},"nsu=http://opcfoundation.org/UA/Plc/Applications;s=SlowRandomUIntScalar3":{"Value":1139664690,"SourceTimestamp":"2024-04-27T16:00:31.2379905Z","ServerTimestamp":"2024-04-27T16:00:36.0441662Z"},"nsu=http://opcfoundation.org/UA/Plc/Applications;s=BadSlowRandomUIntScalar1":{"Value":2693136399,"SourceTimestamp":"2024-04-27T16:00:31.2379937Z","ServerTimestamp":"2024-04-27T16:00:36.0441541Z"},"nsu=http://opcfoundation.org/UA/Plc/Applications;s=SpikeData":{"Value":36.812455268467801,"SourceTimestamp":"2024-04-27T16:00:36.042866Z","ServerTimestamp":"2024-04-27T16:00:36.0441635Z"},"ns=23;i=1259":{"Value":-0.60099999999999998,"SourceTimestamp":"2024-04-27T15:59:32.0256427Z","ServerTimestamp":"2024-04-27T16:00:36.0441365Z"}}}