{"SequenceNumber":66,"MetaDataVersion":{"MajorVersion":1},"Timestamp":"2024-04-27T16:00:38.0316412Z","MessageType":"ua-deltaframe","DataSetWriterName":"<<UnknownDataSet>>","Payload":{"i=2258":{"Value":"2024-04-27T16:00:38.031336Z","SourceTimestamp":"2024-04-27T15:59:32.0254722Z","ServerTimestamp":"2024-04-27T16:00:38.0313344Z"},"nsu=http://opcfoundation.org/UA/Plc/Applications;s=StepUp":{"Value":667,"SourceTimestamp":"2024-04-27T16:00:37.9371596Z","ServerTimestamp":"2024-04-27T16:00:38.0313756Z"},"nsu=http://opcfoundation.org/UA/Plc/Applications;s=AlternatingBoolean":{"Value":false,"SourceTimestamp":"2024-04-27T16:00:37.9371685Z","ServerTimestamp":"2024-04-27T16:00:38.0313787Z"},"nsu=http://opcfoundation.org/UA/Plc/Applications;s=RandomSignedInt32":{"Value":1621325607,"SourceTimestamp":"2024-04-27T16:00:37.9371834Z","ServerTimestamp":"2024-04-27T16:00:38.0313855Z"},"nsu=http://opcfoundation.org/UA/Plc/Applications;s=RandomUnsignedInt32":{"Value":2099877502,"SourceTimestamp":"2024-04-27T16:00:37.9371809Z","ServerTimestamp":"2024-04-27T16:00:38.0313838Z"},"nsu=http://opcfoundation.org/UA/Plc/Applications;s=DipData":{"Value":-90.482705246601981,"SourceTimestamp":"2024-04-27T16:00:37.9371794Z","ServerTimestamp":"2024-04-27T16:00:38.0313796Z"},"nsu=http://opcfoundation.org/UA/Plc/Applications;s=FastUIntScalar1":{"Value":66,"SourceTimestamp":"2024-04-27T16:00:37.236668Z","ServerTimestamp":"2024-04-27T16:00:38.0313781Z"},"nsu=http://opcfoundation.org/UA/Plc/Applications;s=FastUIntScalar2":{"Value":66,"SourceTimestamp":"2024-04-27T16:00:37.2366748Z","ServerTimestamp":"2024-04-27T16:00:38.0313749Z"},"nsu=http://opcfoundation.org/UA/Plc/Applications;s=FastUIntScalar3":{"Value":66,"SourceTimestamp":"2024-04-27T16:00:37.2366781Z","ServerTimestamp":"2024-04-27T16:00:38.0313701Z"},"nsu=http://opcfoundation.org/UA/Plc/Applications;s=FastRandomUIntScalar1":{"Value":1337431295,"SourceTimestamp":"2024-04-27T16:00:37.2366706Z","ServerTimestamp":"2024-04-27T16:00:38.0313719Z"},"nsu=http://opcfoundation.org/UA/Plc/Applications;s=FastRandomUIntScalar2":{"Value":1137678799,"SourceTimestamp":"2024-04-27T16:00:37.2366774Z","ServerTimestamp":"2024-04-27T16:00:38.031383Z"},"nsu=http://opcfoundation.org/UA/Plc/Applications;s=FastRandomUIntScalar3":{"Value":3257730337,"SourceTimestamp":"2024-04-27T16:00:37.236685Z","ServerTimestamp":"2024-04-27T16:00:38.0313738Z"},"nsu=http://opcfoundation.org/UA/Plc/Applications;s=NegativeTrendData":{"Value":99.200000000000003,"SourceTimestamp":"2024-04-27T16:00:37.9371805Z","ServerTimestamp":"2024-04-27T16:00:38.0313688Z"},"nsu=http://opcfoundation.org/UA/Plc/Applications;s=PositiveTrendData":{"Value":100.7,"SourceTimestamp":"2024-04-27T16:00:37.937177Z","ServerTimestamp":"2024-04-27T16:00:38.0313777Z"},"nsu=http://opcfoundation.org/UA/Plc/Applications;s=SlowUIntScalar1":{"Value":6,"SourceTimestamp":"2024-04-27T16:00:31.2378952Z","ServerTimestamp":"2024-04-27T16:00:38.0313874Z"},"nsu=http://opcfoundation.org/UA/Plc/Applications;s=SlowUIntScalar2":{"Value":6,"SourceTimestamp":"2024-04-27T16:00:31.2379062Z","ServerTimestamp":"2024-04-27T16:00:38.0313728Z"},"nsu=http://opcfoundation.org/UA/Plc/Applications;s=SlowUIntScalar3":{"Value":6,"SourceTimestamp":"2024-04-27T16:00:31.2379088Z","ServerTimestamp":"2024-04-27T16:00:38.0313815Z"},"nsu=http://opcfoundation.org/UA/Plc/Applications;s=BadSlowUIntScalar1":{"Value":6,"SourceTimestamp":"2024-04-27T16:00:31.2379112Z","ServerTimestamp":"2024-04-27T16:00:38.0313806Z"},"nsu=http://opcfoundation.org/UA/Plc/Applications;s=SlowRandomUIntScalar1":{"Value":3146924636,"SourceTimestamp":"2024-04-27T16:00:31.2379855Z","ServerTimestamp":"2024-04-27T16:00:38.0313866Z"},"nsu=http://opcfoundation.org/UA/Plc/Applications;s=SlowRandomUIntScalar2":{"Value":3202185873,"SourceTimestamp":"2024-04-27T16:00:31.2379883Z","ServerTimestamp":"2024-04-27T16:00:38.0313769Z"},"nsu=http://opcfoundation.org/UA/Plc/Applications;s=SlowRandomUIntScalar3":{"Value":1139664690,"SourceTimestamp":"2024-04-27T16:00:31.2379905Z","ServerTimestamp":"2024-04-27T16:00:38.0313848Z"},"nsu=http://opcfoundation.org/UA/Plc/Applications;s=BadSlowRandomUIntScalar1":{"Value":2693136399,"SourceTimestamp":"2024-04-27T16:00:31.2379937Z","ServerTimestamp":"2024-04-27T16:00:38.0313711Z"},"nsu=http://opcfoundation.org/UA/Plc/Applications;s=SpikeData":{"Value":-90.482705246601981,"SourceTimestamp":"2024-04-27T16:00:37.9371848Z","ServerTimestamp":"2024-04-27T16:00:38.0313822Z"},"ns=23;i=1259":{"Value":-0.64100000000000001,"SourceTimestamp":"2024-04-27T15:59:32.0256427Z","ServerTimestamp":"2024-04-27T16:00:38.0313512Z"}}}