{"SequenceNumber":71,"MetaDataVersion":{"MajorVersion":1},"Timestamp":"2024-04-27T16:00:43.0326122Z","MessageType":"ua-deltaframe","DataSetWriterName":"<<UnknownDataSet>>","Payload":{"i=2258":{"Value":"2024-04-27T16:00:43.0323274Z","SourceTimestamp":"2024-04-27T15:59:32.0254722Z","ServerTimestamp":"2024-04-27T16:00:43.0323263Z"},"nsu=http://opcfoundation.org/UA/Plc/Applications;s=StepUp":{"Value":717,"SourceTimestamp":"2024-04-27T16:00:42.9394548Z","ServerTimestamp":"2024-04-27T16:00:43.032365Z"},"nsu=http://opcfoundation.org/UA/Plc/Applications;s=AlternatingBoolean":{"Value":true,"SourceTimestamp":"2024-04-27T16:00:42.9394815Z","ServerTimestamp":"2024-04-27T16:00:43.0323678Z"},"nsu=http://opcfoundation.org/UA/Plc/Applications;s=RandomSignedInt32":{"Value":1076149154,"SourceTimestamp":"2024-04-27T16:00:42.9394935Z","ServerTimestamp":"2024-04-27T16:00:43.0323752Z"},"nsu=http://opcfoundation.org/UA/Plc/Applications;s=RandomUnsignedInt32":{"Value":1124814057,"SourceTimestamp":"2024-04-27T16:00:42.9394927Z","ServerTimestamp":"2024-04-27T16:00:43.0323735Z"},"nsu=http://opcfoundation.org/UA/Plc/Applications;s=DipData":{"Value":-90.482705246601981,"SourceTimestamp":"2024-04-27T16:00:42.9395033Z","ServerTimestamp":"2024-04-27T16:00:43.0323687Z"},"nsu=http://opcfoundation.org/UA/Plc/Applications;s=FastUIntScalar1":{"Value":71,"SourceTimestamp":"2024-04-27T16:00:42.2424972Z","ServerTimestamp":"2024-04-27T16:00:43.0323672Z"},"nsu=http://opcfoundation.org/UA/Plc/Applications;s=FastUIntScalar2":{"Value":71,"SourceTimestamp":"2024-04-27T16:00:42.2425006Z","ServerTimestamp":"2024-04-27T16:00:43.0323643Z"},"nsu=http://opcfoundation.org/UA/Plc/Applications;s=FastUIntScalar3":{"Value":71,"SourceTimestamp":"2024-04-27T16:00:42.2425017Z","ServerTimestamp":"2024-04-27T16:00:43.0323596Z"},"nsu=http://opcfoundation.org/UA/Plc/Applications;s=FastRandomUIntScalar1":{"Value":1513048766,"SourceTimestamp":"2024-04-27T16:00:42.2425043Z","ServerTimestamp":"2024-04-27T16:00:43.0323617Z"},"nsu=http://opcfoundation.org/UA/Plc/Applications;s=FastRandomUIntScalar2":{"Value":2999755630,"SourceTimestamp":"2024-04-27T16:00:42.2425076Z","ServerTimestamp":"2024-04-27T16:00:43.0323726Z"},"nsu=http://opcfoundation.org/UA/Plc/Applications;s=FastRandomUIntScalar3":{"Value":8035756,"SourceTimestamp":"2024-04-27T16:00:42.2425089Z","ServerTimestamp":"2024-04-27T16:00:43.0323636Z"},"nsu=http://opcfoundation.org/UA/Plc/Applications;s=NegativeTrendData":{"Value":99.099999999999994,"SourceTimestamp":"2024-04-27T16:00:42.9394889Z","ServerTimestamp":"2024-04-27T16:00:43.0323586Z"},"nsu=http://opcfoundation.org/UA/Plc/Applications;s=PositiveTrendData":{"Value":100.8,"SourceTimestamp":"2024-04-27T16:00:42.9394886Z","ServerTimestamp":"2024-04-27T16:00:43.0323668Z"},"nsu=http://opcfoundation.org/UA/Plc/Applications;s=SlowUIntScalar1":{"Value":7,"SourceTimestamp":"2024-04-27T16:00:41.2455391Z","ServerTimestamp":"2024-04-27T16:00:43.0323774Z"},"nsu=http://opcfoundation.org/UA/Plc/Applications;s=SlowUIntScalar2":{"Value":7,"SourceTimestamp":"2024-04-27T16:00:41.2455482Z","ServerTimestamp":"2024-04-27T16:00:43.0323626Z"},"nsu=http://opcfoundation.org/UA/Plc/Applications;s=SlowUIntScalar3":{"Value":7,"SourceTimestamp":"2024-04-27T16:00:41.24555Z","ServerTimestamp":"2024-04-27T16:00:43.0323704Z"},"nsu=http://opcfoundation.org/UA/Plc/Applications;s=BadSlowUIntScalar1":{"Value":7,"SourceTimestamp":"2024-04-27T16:00:41.2455597Z","ServerTimestamp":"2024-04-27T16:00:43.0323697Z"},"nsu=http://opcfoundation.org/UA/Plc/Applications;s=SlowRandomUIntScalar1":{"Value":1503465007,"SourceTimestamp":"2024-04-27T16:00:41.2455581Z","ServerTimestamp":"2024-04-27T16:00:43.0323763Z"},"nsu=http://opcfoundation.org/UA/Plc/Applications;s=SlowRandomUIntScalar2":{"Value":3418786660,"SourceTimestamp":"2024-04-27T16:00:41.2455666Z","ServerTimestamp":"2024-04-27T16:00:43.032366Z"},"nsu=http://opcfoundation.org/UA/Plc/Applications;s=SlowRandomUIntScalar3":{"Value":3320463419,"SourceTimestamp":"2024-04-27T16:00:41.2455679Z","ServerTimestamp":"2024-04-27T16:00:43.0323746Z"},"nsu=http://opcfoundation.org/UA/Plc/Applications;s=BadSlowRandomUIntScalar1":{"Value":3820726189,"SourceTimestamp":"2024-04-27T16:00:41.2455697Z","ServerTimestamp":"2024-04-27T16:00:43.0323607Z"},"nsu=http://opcfoundation.org/UA/Plc/Applications;s=SpikeData":{"Value":-90.482705246601981,"SourceTimestamp":"2024-04-27T16:00:42.9394794Z","ServerTimestamp":"2024-04-27T16:00:43.0323718Z"},"ns=23;i=1259":{"Value":1.76,"SourceTimestamp":"2024-04-27T15:59:32.0256427Z","ServerTimestamp":"2024-04-27T16:00:43.0323423Z"}}}