{"SequenceNumber":75,"MetaDataVersion":{"MajorVersion":1},"Timestamp":"2024-04-27T16:00:47.034703Z","MessageType":"ua-deltaframe","DataSetWriterName":"<<UnknownDataSet>>","Payload":{"i=2258":{"Value":"2024-04-27T16:00:47.0342532Z","SourceTimestamp":"2024-04-27T15:59:32.0254722Z","ServerTimestamp":"2024-04-27T16:00:47.0342518Z"},"nsu=http://opcfoundation.org/UA/Plc/Applications;s=StepUp":{"Value":757,"SourceTimestamp":"2024-04-27T16:00:46.9411152Z","ServerTimestamp":"2024-04-27T16:00:47.0343116Z"},"nsu=http://opcfoundation.org/UA/Plc/Applications;s=AlternatingBoolean":{"Value":false,"SourceTimestamp":"2024-04-27T16:00:46.9411496Z","ServerTimestamp":"2024-04-27T16:00:47.0343151Z"},"nsu=http://opcfoundation.org/UA/Plc/Applications;s=RandomSignedInt32":{"Value":-1318428413,"SourceTimestamp":"2024-04-27T16:00:46.9411286Z","ServerTimestamp":"2024-04-27T16:00:47.0343273Z"},"nsu=http://opcfoundation.org/UA/Plc/Applications;s=RandomUnsignedInt32":{"Value":407395331,"SourceTimestamp":"2024-04-27T16:00:46.9411279Z","ServerTimestamp":"2024-04-27T16:00:47.0343248Z"},"nsu=http://opcfoundation.org/UA/Plc/Applications;s=DipData":{"Value":-68.454710592868821,"SourceTimestamp":"2024-04-27T16:00:46.9411175Z","ServerTimestamp":"2024-04-27T16:00:47.0343176Z"},"nsu=http://opcfoundation.org/UA/Plc/Applications;s=FastUIntScalar1":{"Value":75,"SourceTimestamp":"2024-04-27T16:00:46.2465509Z","ServerTimestamp":"2024-04-27T16:00:47.0343143Z"},"nsu=http://opcfoundation.org/UA/Plc/Applications;s=FastUIntScalar2":{"Value":75,"SourceTimestamp":"2024-04-27T16:00:46.2465589Z","ServerTimestamp":"2024-04-27T16:00:47.0343093Z"},"nsu=http://opcfoundation.org/UA/Plc/Applications;s=FastUIntScalar3":{"Value":75,"SourceTimestamp":"2024-04-27T16:00:46.2465633Z","ServerTimestamp":"2024-04-27T16:00:47.0343036Z"},"nsu=http://opcfoundation.org/UA/Plc/Applications;s=FastRandomUIntScalar1":{"Value":1418872672,"SourceTimestamp":"2024-04-27T16:00:46.246551Z","ServerTimestamp":"2024-04-27T16:00:47.0343057Z"},"nsu=http://opcfoundation.org/UA/Plc/Applications;s=FastRandomUIntScalar2":{"Value":3216175526,"SourceTimestamp":"2024-04-27T16:00:46.2465555Z","ServerTimestamp":"2024-04-27T16:00:47.0343226Z"},"nsu=http://opcfoundation.org/UA/Plc/Applications;s=FastRandomUIntScalar3":{"Value":1319668108,"SourceTimestamp":"2024-04-27T16:00:46.2465596Z","ServerTimestamp":"2024-04-27T16:00:47.0343082Z"},"nsu=http://opcfoundation.org/UA/Plc/Applications;s=NegativeTrendData":{"Value":99,"SourceTimestamp":"2024-04-27T16:00:46.941113Z","ServerTimestamp":"2024-04-27T16:00:47.0343025Z"},"nsu=http://opcfoundation.org/UA/Plc/Applications;s=PositiveTrendData":{"Value":100.90000000000001,"SourceTimestamp":"2024-04-27T16:00:46.9411085Z","ServerTimestamp":"2024-04-27T16:00:47.0343138Z"},"nsu=http://opcfoundation.org/UA/Plc/Applications;s=SlowUIntScalar1":{"Value":7,"SourceTimestamp":"2024-04-27T16:00:41.2455391Z","ServerTimestamp":"2024-04-27T16:00:47.0343306Z"},"nsu=http://opcfoundation.org/UA/Plc/Applications;s=SlowUIntScalar2":{"Value":7,"SourceTimestamp":"2024-04-27T16:00:41.2455482Z","ServerTimestamp":"2024-04-27T16:00:47.034307Z"},"nsu=http://opcfoundation.org/UA/Plc/Applications;s=SlowUIntScalar3":{"Value":7,"SourceTimestamp":"2024-04-27T16:00:41.24555Z","ServerTimestamp":"2024-04-27T16:00:47.0343201Z"},"nsu=http://opcfoundation.org/UA/Plc/Applications;s=BadSlowUIntScalar1":{"Value":7,"SourceTimestamp":"2024-04-27T16:00:41.2455597Z","ServerTimestamp":"2024-04-27T16:00:47.034319Z"},"nsu=http://opcfoundation.org/UA/Plc/Applications;s=SlowRandomUIntScalar1":{"Value":1503465007,"SourceTimestamp":"2024-04-27T16:00:41.2455581Z","ServerTimestamp":"2024-04-27T16:00:47.034329Z"},"nsu=http://opcfoundation.org/UA/Plc/Applications;s=SlowRandomUIntScalar2":{"Value":3418786660,"SourceTimestamp":"2024-04-27T16:00:41.2455666Z","ServerTimestamp":"2024-04-27T16:00:47.0343127Z"},"nsu=http://opcfoundation.org/UA/Plc/Applications;s=SlowRandomUIntScalar3":{"Value":3320463419,"SourceTimestamp":"2024-04-27T16:00:41.2455679Z","ServerTimestamp":"2024-04-27T16:00:47.0343264Z"},"nsu=http://opcfoundation.org/UA/Plc/Applications;s=BadSlowRandomUIntScalar1":{"Value":3820726189,"SourceTimestamp":"2024-04-27T16:00:41.2455697Z","ServerTimestamp":"2024-04-27T16:00:47.0343047Z"},"nsu=http://opcfoundation.org/UA/Plc/Applications;s=SpikeData":{"Value":-68.454710592868821,"SourceTimestamp":"2024-04-27T16:00:46.9410925Z","ServerTimestamp":"2024-04-27T16:00:47.0343212Z"},"ns=23;i=1259":{"Value":0.29499999999999998,"SourceTimestamp":"2024-04-27T15:59:32.0256427Z","ServerTimestamp":"2024-04-27T16:00:47.0342762Z"}}}