{"SequenceNumber":81,"MetaDataVersion":{"MajorVersion":1},"Timestamp":"2024-04-27T16:00:53.0344864Z","MessageType":"ua-deltaframe","DataSetWriterName":"<<UnknownDataSet>>","Payload":{"i=2258":{"Value":"2024-04-27T16:00:53.0341576Z","SourceTimestamp":"2024-04-27T15:59:32.0254722Z","ServerTimestamp":"2024-04-27T16:00:53.0341562Z"},"nsu=http://opcfoundation.org/UA/Plc/Applications;s=StepUp":{"Value":817,"SourceTimestamp":"2024-04-27T16:00:52.9417089Z","ServerTimestamp":"2024-04-27T16:00:53.0341957Z"},"nsu=http://opcfoundation.org/UA/Plc/Applications;s=AlternatingBoolean":{"Value":true,"SourceTimestamp":"2024-04-27T16:00:52.9417378Z","ServerTimestamp":"2024-04-27T16:00:53.0341983Z"},"nsu=http://opcfoundation.org/UA/Plc/Applications;s=RandomSignedInt32":{"Value":1237293401,"SourceTimestamp":"2024-04-27T16:00:52.941736Z","ServerTimestamp":"2024-04-27T16:00:53.0342054Z"},"nsu=http://opcfoundation.org/UA/Plc/Applications;s=RandomUnsignedInt32":{"Value":1123549387,"SourceTimestamp":"2024-04-27T16:00:52.9417359Z","ServerTimestamp":"2024-04-27T16:00:53.0342035Z"},"nsu=http://opcfoundation.org/UA/Plc/Applications;s=DipData":{"Value":-90.482705246601981,"SourceTimestamp":"2024-04-27T16:00:52.9417342Z","ServerTimestamp":"2024-04-27T16:00:53.0341993Z"},"nsu=http://opcfoundation.org/UA/Plc/Applications;s=FastUIntScalar1":{"Value":81,"SourceTimestamp":"2024-04-27T16:00:52.2429978Z","ServerTimestamp":"2024-04-27T16:00:53.0341977Z"},"nsu=http://opcfoundation.org/UA/Plc/Applications;s=FastUIntScalar2":{"Value":81,"SourceTimestamp":"2024-04-27T16:00:52.2430039Z","ServerTimestamp":"2024-04-27T16:00:53.034195Z"},"nsu=http://opcfoundation.org/UA/Plc/Applications;s=FastUIntScalar3":{"Value":81,"SourceTimestamp":"2024-04-27T16:00:52.2430057Z","ServerTimestamp":"2024-04-27T16:00:53.0341904Z"},"nsu=http://opcfoundation.org/UA/Plc/Applications;s=FastRandomUIntScalar1":{"Value":2408734561,"SourceTimestamp":"2024-04-27T16:00:52.2430021Z","ServerTimestamp":"2024-04-27T16:00:53.0341925Z"},"nsu=http://opcfoundation.org/UA/Plc/Applications;s=FastRandomUIntScalar2":{"Value":3807666319,"SourceTimestamp":"2024-04-27T16:00:52.2430052Z","ServerTimestamp":"2024-04-27T16:00:53.0342026Z"},"nsu=http://opcfoundation.org/UA/Plc/Applications;s=FastRandomUIntScalar3":{"Value":2370208736,"SourceTimestamp":"2024-04-27T16:00:52.2430065Z","ServerTimestamp":"2024-04-27T16:00:53.0341942Z"},"nsu=http://opcfoundation.org/UA/Plc/Applications;s=NegativeTrendData":{"Value":98.900000000000006,"SourceTimestamp":"2024-04-27T16:00:52.9417222Z","ServerTimestamp":"2024-04-27T16:00:53.0341893Z"},"nsu=http://opcfoundation.org/UA/Plc/Applications;s=PositiveTrendData":{"Value":101,"SourceTimestamp":"2024-04-27T16:00:52.9417274Z","ServerTimestamp":"2024-04-27T16:00:53.0341973Z"},"nsu=http://opcfoundation.org/UA/Plc/Applications;s=SlowUIntScalar1":{"Value":8,"SourceTimestamp":"2024-04-27T16:00:51.2393981Z","ServerTimestamp":"2024-04-27T16:00:53.0342073Z"},"nsu=http://opcfoundation.org/UA/Plc/Applications;s=SlowUIntScalar2":{"Value":8,"SourceTimestamp":"2024-04-27T16:00:51.2394062Z","ServerTimestamp":"2024-04-27T16:00:53.0341932Z"},"nsu=http://opcfoundation.org/UA/Plc/Applications;s=SlowUIntScalar3":{"Value":8,"SourceTimestamp":"2024-04-27T16:00:51.2394149Z","ServerTimestamp":"2024-04-27T16:00:53.0342011Z"},"nsu=http://opcfoundation.org/UA/Plc/Applications;s=BadSlowUIntScalar1":{"Value":8,"StatusCode":{"Symbol":"UncertainLastUsableValue","Code":1083179008},"SourceTimestamp":"2024-04-27T16:00:51.2394164Z","ServerTimestamp":"2024-04-27T16:00:53.0342002Z"},"nsu=http://opcfoundation.org/UA/Plc/Applications;s=SlowRandomUIntScalar1":{"Value":2328176608,"SourceTimestamp":"2024-04-27T16:00:51.2394322Z","ServerTimestamp":"2024-04-27T16:00:53.0342064Z"},"nsu=http://opcfoundation.org/UA/Plc/Applications;s=SlowRandomUIntScalar2":{"Value":2302643063,"SourceTimestamp":"2024-04-27T16:00:51.2394368Z","ServerTimestamp":"2024-04-27T16:00:53.0341965Z"},"nsu=http://opcfoundation.org/UA/Plc/Applications;s=SlowRandomUIntScalar3":{"Value":2321004551,"SourceTimestamp":"2024-04-27T16:00:51.2394387Z","ServerTimestamp":"2024-04-27T16:00:53.0342047Z"},"nsu=http://opcfoundation.org/UA/Plc/Applications;s=BadSlowRandomUIntScalar1":{"Value":1920237256,"StatusCode":{"Symbol":"UncertainLastUsableValue","Code":1083179008},"SourceTimestamp":"2024-04-27T16:00:51.2394406Z","ServerTimestamp":"2024-04-27T16:00:53.0341915Z"},"nsu=http://opcfoundation.org/UA/Plc/Applications;s=SpikeData":{"Value":-90.482705246601981,"SourceTimestamp":"2024-04-27T16:00:52.9417157Z","ServerTimestamp":"2024-04-27T16:00:53.0342018Z"},"ns=23;i=1259":{"Value":1.51,"SourceTimestamp":"2024-04-27T15:59:32.0256427Z","ServerTimestamp":"2024-04-27T16:00:53.0341724Z"}}}