{"SequenceNumber":83,"MetaDataVersion":{"MajorVersion":1},"Timestamp":"2024-04-27T16:00:55.0387121Z","MessageType":"ua-deltaframe","DataSetWriterName":"<<UnknownDataSet>>","Payload":{"i=2258":{"Value":"2024-04-27T16:00:55.0384272Z","SourceTimestamp":"2024-04-27T15:59:32.0254722Z","ServerTimestamp":"2024-04-27T16:00:55.0384263Z"},"nsu=http://opcfoundation.org/UA/Plc/Applications;s=StepUp":{"Value":838,"SourceTimestamp":"2024-04-27T16:00:55.0375782Z","ServerTimestamp":"2024-04-27T16:00:55.0384645Z"},"nsu=http://opcfoundation.org/UA/Plc/Applications;s=AlternatingBoolean":{"Value":true,"SourceTimestamp":"2024-04-27T16:00:55.0375876Z","ServerTimestamp":"2024-04-27T16:00:55.0384671Z"},"nsu=http://opcfoundation.org/UA/Plc/Applications;s=RandomSignedInt32":{"Value":925139108,"SourceTimestamp":"2024-04-27T16:00:55.0375857Z","ServerTimestamp":"2024-04-27T16:00:55.0384739Z"},"nsu=http://opcfoundation.org/UA/Plc/Applications;s=RandomUnsignedInt32":{"Value":912315951,"SourceTimestamp":"2024-04-27T16:00:55.0375848Z","ServerTimestamp":"2024-04-27T16:00:55.0384717Z"},"nsu=http://opcfoundation.org/UA/Plc/Applications;s=DipData":{"Value":99.80267284282715,"SourceTimestamp":"2024-04-27T16:00:55.0375961Z","ServerTimestamp":"2024-04-27T16:00:55.0384679Z"},"nsu=http://opcfoundation.org/UA/Plc/Applications;s=FastUIntScalar1":{"Value":83,"SourceTimestamp":"2024-04-27T16:00:54.2456608Z","ServerTimestamp":"2024-04-27T16:00:55.0384665Z"},"nsu=http://opcfoundation.org/UA/Plc/Applications;s=FastUIntScalar2":{"Value":83,"SourceTimestamp":"2024-04-27T16:00:54.2456632Z","ServerTimestamp":"2024-04-27T16:00:55.0384639Z"},"nsu=http://opcfoundation.org/UA/Plc/Applications;s=FastUIntScalar3":{"Value":83,"SourceTimestamp":"2024-04-27T16:00:54.2456656Z","ServerTimestamp":"2024-04-27T16:00:55.0384591Z"},"nsu=http://opcfoundation.org/UA/Plc/Applications;s=FastRandomUIntScalar1":{"Value":3821509527,"SourceTimestamp":"2024-04-27T16:00:54.2456626Z","ServerTimestamp":"2024-04-27T16:00:55.0384615Z"},"nsu=http://opcfoundation.org/UA/Plc/Applications;s=FastRandomUIntScalar2":{"Value":3575180609,"SourceTimestamp":"2024-04-27T16:00:54.2456647Z","ServerTimestamp":"2024-04-27T16:00:55.0384709Z"},"nsu=http://opcfoundation.org/UA/Plc/Applications;s=FastRandomUIntScalar3":{"Value":3394018375,"SourceTimestamp":"2024-04-27T16:00:54.2456665Z","ServerTimestamp":"2024-04-27T16:00:55.0384632Z"},"nsu=http://opcfoundation.org/UA/Plc/Applications;s=NegativeTrendData":{"Value":98.900000000000006,"SourceTimestamp":"2024-04-27T16:00:55.0375813Z","ServerTimestamp":"2024-04-27T16:00:55.0384582Z"},"nsu=http://opcfoundation.org/UA/Plc/Applications;s=PositiveTrendData":{"Value":101,"SourceTimestamp":"2024-04-27T16:00:55.0375822Z","ServerTimestamp":"2024-04-27T16:00:55.0384661Z"},"nsu=http://opcfoundation.org/UA/Plc/Applications;s=SlowUIntScalar1":{"Value":8,"SourceTimestamp":"2024-04-27T16:00:51.2393981Z","ServerTimestamp":"2024-04-27T16:00:55.0384761Z"},"nsu=http://opcfoundation.org/UA/Plc/Applications;s=SlowUIntScalar2":{"Value":8,"SourceTimestamp":"2024-04-27T16:00:51.2394062Z","ServerTimestamp":"2024-04-27T16:00:55.0384623Z"},"nsu=http://opcfoundation.org/UA/Plc/Applications;s=SlowUIntScalar3":{"Value":8,"SourceTimestamp":"2024-04-27T16:00:51.2394149Z","ServerTimestamp":"2024-04-27T16:00:55.0384695Z"},"nsu=http://opcfoundation.org/UA/Plc/Applications;s=BadSlowUIntScalar1":{"Value":8,"StatusCode":{"Symbol":"UncertainLastUsableValue","Code":1083179008},"SourceTimestamp":"2024-04-27T16:00:51.2394164Z","ServerTimestamp":"2024-04-27T16:00:55.0384688Z"},"nsu=http://opcfoundation.org/UA/Plc/Applications;s=SlowRandomUIntScalar1":{"Value":2328176608,"SourceTimestamp":"2024-04-27T16:00:51.2394322Z","ServerTimestamp":"2024-04-27T16:00:55.0384749Z"},"nsu=http://opcfoundation.org/UA/Plc/Applications;s=SlowRandomUIntScalar2":{"Value":2302643063,"SourceTimestamp":"2024-04-27T16:00:51.2394368Z","ServerTimestamp":"2024-04-27T16:00:55.0384654Z"},"nsu=http://opcfoundation.org/UA/Plc/Applications;s=SlowRandomUIntScalar3":{"Value":2321004551,"SourceTimestamp":"2024-04-27T16:00:51.2394387Z","ServerTimestamp":"2024-04-27T16:00:55.0384732Z"},"nsu=http://opcfoundation.org/UA/Plc/Applications;s=BadSlowRandomUIntScalar1":{"Value":1920237256,"StatusCode":{"Symbol":"UncertainLastUsableValue","Code":1083179008},"SourceTimestamp":"2024-04-27T16:00:51.2394406Z","ServerTimestamp":"2024-04-27T16:00:55.0384604Z"},"nsu=http://opcfoundation.org/UA/Plc/Applications;s=SpikeData":{"Value":99.80267284282715,"SourceTimestamp":"2024-04-27T16:00:55.03757Z","ServerTimestamp":"2024-04-27T16:00:55.0384702Z"},"ns=23;i=1259":{"Value":-1.6000000000000001,"SourceTimestamp":"2024-04-27T15:59:32.0256427Z","ServerTimestamp":"2024-04-27T16:00:55.0384433Z"}}}