{"SequenceNumber":86,"MetaDataVersion":{"MajorVersion":1},"Timestamp":"2024-04-27T16:00:58.0369601Z","MessageType":"ua-deltaframe","DataSetWriterName":"<<UnknownDataSet>>","Payload":{"i=2258":{"Value":"2024-04-27T16:00:58.0366812Z","SourceTimestamp":"2024-04-27T15:59:32.0254722Z","ServerTimestamp":"2024-04-27T16:00:58.0366802Z"},"nsu=http://opcfoundation.org/UA/Plc/Applications;s=StepUp":{"Value":867,"SourceTimestamp":"2024-04-27T16:00:57.9422505Z","ServerTimestamp":"2024-04-27T16:00:58.0367181Z"},"nsu=http://opcfoundation.org/UA/Plc/Applications;s=AlternatingBoolean":{"Value":false,"SourceTimestamp":"2024-04-27T16:00:57.943766Z","ServerTimestamp":"2024-04-27T16:00:58.0367204Z"},"nsu=http://opcfoundation.org/UA/Plc/Applications;s=RandomSignedInt32":{"Value":281548910,"SourceTimestamp":"2024-04-27T16:00:57.942262Z","ServerTimestamp":"2024-04-27T16:00:58.036727Z"},"nsu=http://opcfoundation.org/UA/Plc/Applications;s=RandomUnsignedInt32":{"Value":578551427,"SourceTimestamp":"2024-04-27T16:00:57.9422618Z","ServerTimestamp":"2024-04-27T16:00:58.0367255Z"},"nsu=http://opcfoundation.org/UA/Plc/Applications;s=DipData":{"Value":-90.482705246601981,"SourceTimestamp":"2024-04-27T16:00:57.9422718Z","ServerTimestamp":"2024-04-27T16:00:58.0367214Z"},"nsu=http://opcfoundation.org/UA/Plc/Applications;s=FastUIntScalar1":{"Value":86,"SourceTimestamp":"2024-04-27T16:00:57.2432321Z","ServerTimestamp":"2024-04-27T16:00:58.0367198Z"},"nsu=http://opcfoundation.org/UA/Plc/Applications;s=FastUIntScalar2":{"Value":86,"SourceTimestamp":"2024-04-27T16:00:57.2432392Z","ServerTimestamp":"2024-04-27T16:00:58.0367175Z"},"nsu=http://opcfoundation.org/UA/Plc/Applications;s=FastUIntScalar3":{"Value":86,"SourceTimestamp":"2024-04-27T16:00:57.2432417Z","ServerTimestamp":"2024-04-27T16:00:58.0367134Z"},"nsu=http://opcfoundation.org/UA/Plc/Applications;s=FastRandomUIntScalar1":{"Value":3108586001,"SourceTimestamp":"2024-04-27T16:00:57.2432125Z","ServerTimestamp":"2024-04-27T16:00:58.0367153Z"},"nsu=http://opcfoundation.org/UA/Plc/Applications;s=FastRandomUIntScalar2":{"Value":3462427294,"SourceTimestamp":"2024-04-27T16:00:57.2432221Z","ServerTimestamp":"2024-04-27T16:00:58.0367247Z"},"nsu=http://opcfoundation.org/UA/Plc/Applications;s=FastRandomUIntScalar3":{"Value":3675931582,"SourceTimestamp":"2024-04-27T16:00:57.2432244Z","ServerTimestamp":"2024-04-27T16:00:58.0367168Z"},"nsu=http://opcfoundation.org/UA/Plc/Applications;s=NegativeTrendData":{"Value":98.799999999999997,"SourceTimestamp":"2024-04-27T16:00:57.9422586Z","ServerTimestamp":"2024-04-27T16:00:58.0367125Z"},"nsu=http://opcfoundation.org/UA/Plc/Applications;s=PositiveTrendData":{"Value":101.09999999999999,"SourceTimestamp":"2024-04-27T16:00:57.9422575Z","ServerTimestamp":"2024-04-27T16:00:58.0367195Z"},"nsu=http://opcfoundation.org/UA/Plc/Applications;s=SlowUIntScalar1":{"Value":8,"SourceTimestamp":"2024-04-27T16:00:51.2393981Z","ServerTimestamp":"2024-04-27T16:00:58.0367295Z"},"nsu=http://opcfoundation.org/UA/Plc/Applications;s=SlowUIntScalar2":{"Value":8,"SourceTimestamp":"2024-04-27T16:00:51.2394062Z","ServerTimestamp":"2024-04-27T16:00:58.036716Z"},"nsu=http://opcfoundation.org/UA/Plc/Applications;s=SlowUIntScalar3":{"Value":8,"SourceTimestamp":"2024-04-27T16:00:51.2394149Z","ServerTimestamp":"2024-04-27T16:00:58.0367232Z"},"nsu=http://opcfoundation.org/UA/Plc/Applications;s=BadSlowUIntScalar1":{"Value":8,"StatusCode":{"Symbol":"UncertainLastUsableValue","Code":1083179008},"SourceTimestamp":"2024-04-27T16:00:51.2394164Z","ServerTimestamp":"2024-04-27T16:00:58.0367225Z"},"nsu=http://opcfoundation.org/UA/Plc/Applications;s=SlowRandomUIntScalar1":{"Value":2328176608,"SourceTimestamp":"2024-04-27T16:00:51.2394322Z","ServerTimestamp":"2024-04-27T16:00:58.0367287Z"},"nsu=http://opcfoundation.org/UA/Plc/Applications;s=SlowRandomUIntScalar2":{"Value":2302643063,"SourceTimestamp":"2024-04-27T16:00:51.2394368Z","ServerTimestamp":"2024-04-27T16:00:58.0367188Z"},"nsu=http://opcfoundation.org/UA/Plc/Applications;s=SlowRandomUIntScalar3":{"Value":2321004551,"SourceTimestamp":"2024-04-27T16:00:51.2394387Z","ServerTimestamp":"2024-04-27T16:00:58.0367264Z"},"nsu=http://opcfoundation.org/UA/Plc/Applications;s=BadSlowRandomUIntScalar1":{"Value":1920237256,"StatusCode":{"Symbol":"UncertainLastUsableValue","Code":1083179008},"SourceTimestamp":"2024-04-27T16:00:51.2394406Z","ServerTimestamp":"2024-04-27T16:00:58.0367143Z"},"nsu=http://opcfoundation.org/UA/Plc/Applications;s=SpikeData":{"Value":-90.482705246601981,"SourceTimestamp":"2024-04-27T16:00:57.9422367Z","ServerTimestamp":"2024-04-27T16:00:58.0367239Z"},"ns=23;i=1259":{"Value":0.68000000000000005,"SourceTimestamp":"2024-04-27T15:59:32.0256427Z","ServerTimestamp":"2024-04-27T16:00:58.0366974Z"}}}