{"SequenceNumber":90,"MetaDataVersion":{"MajorVersion":1},"Timestamp":"2024-04-27T16:01:02.0355536Z","MessageType":"ua-deltaframe","DataSetWriterName":"<<UnknownDataSet>>","Payload":{"i=2258":{"Value":"2024-04-27T16:01:02.0352686Z","SourceTimestamp":"2024-04-27T15:59:32.0254722Z","ServerTimestamp":"2024-04-27T16:01:02.0352675Z"},"nsu=http://opcfoundation.org/UA/Plc/Applications;s=StepUp":{"Value":907,"SourceTimestamp":"2024-04-27T16:01:01.9406263Z","ServerTimestamp":"2024-04-27T16:01:02.0353054Z"},"nsu=http://opcfoundation.org/UA/Plc/Applications;s=AlternatingBoolean":{"Value":true,"SourceTimestamp":"2024-04-27T16:01:01.9406433Z","ServerTimestamp":"2024-04-27T16:01:02.035308Z"},"nsu=http://opcfoundation.org/UA/Plc/Applications;s=RandomSignedInt32":{"Value":1958800140,"SourceTimestamp":"2024-04-27T16:01:01.9406515Z","ServerTimestamp":"2024-04-27T16:01:02.0353147Z"},"nsu=http://opcfoundation.org/UA/Plc/Applications;s=RandomUnsignedInt32":{"Value":1972057676,"SourceTimestamp":"2024-04-27T16:01:01.9406583Z","ServerTimestamp":"2024-04-27T16:01:02.035313Z"},"nsu=http://opcfoundation.org/UA/Plc/Applications;s=DipData":{"Value":-68.454710592868821,"SourceTimestamp":"2024-04-27T16:01:01.940646Z","ServerTimestamp":"2024-04-27T16:01:02.035309Z"},"nsu=http://opcfoundation.org/UA/Plc/Applications;s=FastUIntScalar1":{"Value":90,"SourceTimestamp":"2024-04-27T16:01:01.2369989Z","ServerTimestamp":"2024-04-27T16:01:02.0353075Z"},"nsu=http://opcfoundation.org/UA/Plc/Applications;s=FastUIntScalar2":{"Value":90,"SourceTimestamp":"2024-04-27T16:01:01.2370023Z","ServerTimestamp":"2024-04-27T16:01:02.0353044Z"},"nsu=http://opcfoundation.org/UA/Plc/Applications;s=FastUIntScalar3":{"Value":90,"SourceTimestamp":"2024-04-27T16:01:01.2370038Z","ServerTimestamp":"2024-04-27T16:01:02.0352989Z"},"nsu=http://opcfoundation.org/UA/Plc/Applications;s=FastRandomUIntScalar1":{"Value":774522829,"SourceTimestamp":"2024-04-27T16:01:01.2370023Z","ServerTimestamp":"2024-04-27T16:01:02.0353016Z"},"nsu=http://opcfoundation.org/UA/Plc/Applications;s=FastRandomUIntScalar2":{"Value":617092924,"SourceTimestamp":"2024-04-27T16:01:01.2370047Z","ServerTimestamp":"2024-04-27T16:01:02.0353121Z"},"nsu=http://opcfoundation.org/UA/Plc/Applications;s=FastRandomUIntScalar3":{"Value":1918377387,"SourceTimestamp":"2024-04-27T16:01:01.2370069Z","ServerTimestamp":"2024-04-27T16:01:02.0353037Z"},"nsu=http://opcfoundation.org/UA/Plc/Applications;s=NegativeTrendData":{"Value":98.700000000000003,"SourceTimestamp":"2024-04-27T16:01:01.9406458Z","ServerTimestamp":"2024-04-27T16:01:02.0352981Z"},"nsu=http://opcfoundation.org/UA/Plc/Applications;s=PositiveTrendData":{"Value":101.2,"SourceTimestamp":"2024-04-27T16:01:01.9406425Z","ServerTimestamp":"2024-04-27T16:01:02.0353069Z"},"nsu=http://opcfoundation.org/UA/Plc/Applications;s=SlowUIntScalar1":{"Value":9,"SourceTimestamp":"2024-04-27T16:01:01.2369466Z","ServerTimestamp":"2024-04-27T16:01:02.0353167Z"},"nsu=http://opcfoundation.org/UA/Plc/Applications;s=SlowUIntScalar2":{"Value":9,"SourceTimestamp":"2024-04-27T16:01:01.2369546Z","ServerTimestamp":"2024-04-27T16:01:02.0353024Z"},"nsu=http://opcfoundation.org/UA/Plc/Applications;s=SlowUIntScalar3":{"Value":9,"SourceTimestamp":"2024-04-27T16:01:01.2369559Z","ServerTimestamp":"2024-04-27T16:01:02.0353106Z"},"nsu=http://opcfoundation.org/UA/Plc/Applications;s=BadSlowUIntScalar1":{"Value":null,"StatusCode":{"Symbol":"BadDataLost","Code":2157772800},"SourceTimestamp":"2024-04-27T16:01:01.2369573Z","ServerTimestamp":"2024-04-27T16:01:02.0353099Z"},"nsu=http://opcfoundation.org/UA/Plc/Applications;s=SlowRandomUIntScalar1":{"Value":2291121529,"SourceTimestamp":"2024-04-27T16:01:01.236998Z","ServerTimestamp":"2024-04-27T16:01:02.0353159Z"},"nsu=http://opcfoundation.org/UA/Plc/Applications;s=SlowRandomUIntScalar2":{"Value":3475870242,"SourceTimestamp":"2024-04-27T16:01:01.2370014Z","ServerTimestamp":"2024-04-27T16:01:02.0353062Z"},"nsu=http://opcfoundation.org/UA/Plc/Applications;s=SlowRandomUIntScalar3":{"Value":646122671,"SourceTimestamp":"2024-04-27T16:01:01.237003Z","ServerTimestamp":"2024-04-27T16:01:02.035314Z"},"nsu=http://opcfoundation.org/UA/Plc/Applications;s=BadSlowRandomUIntScalar1":{"Value":null,"StatusCode":{"Symbol":"BadDataLost","Code":2157772800},"SourceTimestamp":"2024-04-27T16:01:01.2370078Z","ServerTimestamp":"2024-04-27T16:01:02.0353008Z"},"nsu=http://opcfoundation.org/UA/Plc/Applications;s=SpikeData":{"Value":-68.454710592868821,"SourceTimestamp":"2024-04-27T16:01:01.9406352Z","ServerTimestamp":"2024-04-27T16:01:02.0353114Z"},"ns=23;i=1259":{"Value":1.6799999999999999,"SourceTimestamp":"2024-04-27T15:59:32.0256427Z","ServerTimestamp":"2024-04-27T16:01:02.035283Z"}}}