{"SequenceNumber":95,"MetaDataVersion":{"MajorVersion":1},"Timestamp":"2024-04-27T16:01:07.0324075Z","MessageType":"ua-deltaframe","DataSetWriterName":"<<UnknownDataSet>>","Payload":{"i=2258":{"Value":"2024-04-27T16:01:07.0321079Z","SourceTimestamp":"2024-04-27T15:59:32.0254722Z","ServerTimestamp":"2024-04-27T16:01:07.0321067Z"},"nsu=http://opcfoundation.org/UA/Plc/Applications;s=StepUp":{"Value":957,"SourceTimestamp":"2024-04-27T16:01:06.9386482Z","ServerTimestamp":"2024-04-27T16:01:07.0321455Z"},"nsu=http://opcfoundation.org/UA/Plc/Applications;s=AlternatingBoolean":{"Value":false,"SourceTimestamp":"2024-04-27T16:01:06.9387017Z","ServerTimestamp":"2024-04-27T16:01:07.0321492Z"},"nsu=http://opcfoundation.org/UA/Plc/Applications;s=RandomSignedInt32":{"Value":1422858465,"SourceTimestamp":"2024-04-27T16:01:06.9387003Z","ServerTimestamp":"2024-04-27T16:01:07.0321562Z"},"nsu=http://opcfoundation.org/UA/Plc/Applications;s=RandomUnsignedInt32":{"Value":1985856263,"SourceTimestamp":"2024-04-27T16:01:06.9386952Z","ServerTimestamp":"2024-04-27T16:01:07.0321544Z"},"nsu=http://opcfoundation.org/UA/Plc/Applications;s=DipData":{"Value":-68.454710592868821,"SourceTimestamp":"2024-04-27T16:01:06.938722Z","ServerTimestamp":"2024-04-27T16:01:07.0321501Z"},"nsu=http://opcfoundation.org/UA/Plc/Applications;s=FastUIntScalar1":{"Value":95,"SourceTimestamp":"2024-04-27T16:01:06.2425363Z","ServerTimestamp":"2024-04-27T16:01:07.0321485Z"},"nsu=http://opcfoundation.org/UA/Plc/Applications;s=FastUIntScalar2":{"Value":95,"SourceTimestamp":"2024-04-27T16:01:06.2425413Z","ServerTimestamp":"2024-04-27T16:01:07.0321449Z"},"nsu=http://opcfoundation.org/UA/Plc/Applications;s=FastUIntScalar3":{"Value":95,"SourceTimestamp":"2024-04-27T16:01:06.2425433Z","ServerTimestamp":"2024-04-27T16:01:07.0321403Z"},"nsu=http://opcfoundation.org/UA/Plc/Applications;s=FastRandomUIntScalar1":{"Value":2665399315,"SourceTimestamp":"2024-04-27T16:01:06.2425344Z","ServerTimestamp":"2024-04-27T16:01:07.0321424Z"},"nsu=http://opcfoundation.org/UA/Plc/Applications;s=FastRandomUIntScalar2":{"Value":4283111488,"SourceTimestamp":"2024-04-27T16:01:06.2425363Z","ServerTimestamp":"2024-04-27T16:01:07.0321535Z"},"nsu=http://opcfoundation.org/UA/Plc/Applications;s=FastRandomUIntScalar3":{"Value":3287521261,"SourceTimestamp":"2024-04-27T16:01:06.2425378Z","ServerTimestamp":"2024-04-27T16:01:07.0321442Z"},"nsu=http://opcfoundation.org/UA/Plc/Applications;s=NegativeTrendData":{"Value":98.599999999999994,"SourceTimestamp":"2024-04-27T16:01:06.9386897Z","ServerTimestamp":"2024-04-27T16:01:07.0321393Z"},"nsu=http://opcfoundation.org/UA/Plc/Applications;s=PositiveTrendData":{"Value":101.3,"SourceTimestamp":"2024-04-27T16:01:06.9386951Z","ServerTimestamp":"2024-04-27T16:01:07.0321473Z"},"nsu=http://opcfoundation.org/UA/Plc/Applications;s=SlowUIntScalar1":{"Value":9,"SourceTimestamp":"2024-04-27T16:01:01.2369466Z","ServerTimestamp":"2024-04-27T16:01:07.0321582Z"},"nsu=http://opcfoundation.org/UA/Plc/Applications;s=SlowUIntScalar2":{"Value":9,"SourceTimestamp":"2024-04-27T16:01:01.2369546Z","ServerTimestamp":"2024-04-27T16:01:07.0321431Z"},"nsu=http://opcfoundation.org/UA/Plc/Applications;s=SlowUIntScalar3":{"Value":9,"SourceTimestamp":"2024-04-27T16:01:01.2369559Z","ServerTimestamp":"2024-04-27T16:01:07.032152Z"},"nsu=http://opcfoundation.org/UA/Plc/Applications;s=BadSlowUIntScalar1":{"Value":null,"StatusCode":{"Symbol":"BadDataLost","Code":2157772800},"SourceTimestamp":"2024-04-27T16:01:01.2369573Z","ServerTimestamp":"2024-04-27T16:01:07.0321512Z"},"nsu=http://opcfoundation.org/UA/Plc/Applications;s=SlowRandomUIntScalar1":{"Value":2291121529,"SourceTimestamp":"2024-04-27T16:01:01.236998Z","ServerTimestamp":"2024-04-27T16:01:07.0321573Z"},"nsu=http://opcfoundation.org/UA/Plc/Applications;s=SlowRandomUIntScalar2":{"Value":3475870242,"SourceTimestamp":"2024-04-27T16:01:01.2370014Z","ServerTimestamp":"2024-04-27T16:01:07.0321465Z"},"nsu=http://opcfoundation.org/UA/Plc/Applications;s=SlowRandomUIntScalar3":{"Value":646122671,"SourceTimestamp":"2024-04-27T16:01:01.237003Z","ServerTimestamp":"2024-04-27T16:01:07.0321555Z"},"nsu=http://opcfoundation.org/UA/Plc/Applications;s=BadSlowRandomUIntScalar1":{"Value":null,"StatusCode":{"Symbol":"BadDataLost","Code":2157772800},"SourceTimestamp":"2024-04-27T16:01:01.2370078Z","ServerTimestamp":"2024-04-27T16:01:07.0321413Z"},"nsu=http://opcfoundation.org/UA/Plc/Applications;s=SpikeData":{"Value":-68.454710592868821,"SourceTimestamp":"2024-04-27T16:01:06.9386395Z","ServerTimestamp":"2024-04-27T16:01:07.0321528Z"},"ns=23;i=1259":{"Value":1.9100000000000001,"SourceTimestamp":"2024-04-27T15:59:32.0256427Z","ServerTimestamp":"2024-04-27T16:01:07.0321228Z"}}}