{"SequenceNumber":99,"MetaDataVersion":{"MajorVersion":1},"Timestamp":"2024-04-27T16:01:11.0314896Z","MessageType":"ua-deltaframe","DataSetWriterName":"<<UnknownDataSet>>","Payload":{"i=2258":{"Value":"2024-04-27T16:01:11.0311345Z","SourceTimestamp":"2024-04-27T15:59:32.0254722Z","ServerTimestamp":"2024-04-27T16:01:11.0311334Z"},"nsu=http://opcfoundation.org/UA/Plc/Applications;s=StepUp":{"Value":997,"SourceTimestamp":"2024-04-27T16:01:10.9370579Z","ServerTimestamp":"2024-04-27T16:01:11.031183Z"},"nsu=http://opcfoundation.org/UA/Plc/Applications;s=AlternatingBoolean":{"Value":false,"SourceTimestamp":"2024-04-27T16:01:10.9371136Z","ServerTimestamp":"2024-04-27T16:01:11.0311863Z"},"nsu=http://opcfoundation.org/UA/Plc/Applications;s=RandomSignedInt32":{"Value":379060468,"SourceTimestamp":"2024-04-27T16:01:10.9370895Z","ServerTimestamp":"2024-04-27T16:01:11.0311938Z"},"nsu=http://opcfoundation.org/UA/Plc/Applications;s=RandomUnsignedInt32":{"Value":231942597,"SourceTimestamp":"2024-04-27T16:01:10.9370925Z","ServerTimestamp":"2024-04-27T16:01:11.0311917Z"},"nsu=http://opcfoundation.org/UA/Plc/Applications;s=DipData":{"Value":48.175367410171532,"SourceTimestamp":"2024-04-27T16:01:10.9370865Z","ServerTimestamp":"2024-04-27T16:01:11.0311873Z"},"nsu=http://opcfoundation.org/UA/Plc/Applications;s=FastUIntScalar1":{"Value":99,"SourceTimestamp":"2024-04-27T16:01:10.2445788Z","ServerTimestamp":"2024-04-27T16:01:11.0311855Z"},"nsu=http://opcfoundation.org/UA/Plc/Applications;s=FastUIntScalar2":{"Value":99,"SourceTimestamp":"2024-04-27T16:01:10.2445822Z","ServerTimestamp":"2024-04-27T16:01:11.0311822Z"},"nsu=http://opcfoundation.org/UA/Plc/Applications;s=FastUIntScalar3":{"Value":99,"SourceTimestamp":"2024-04-27T16:01:10.2445837Z","ServerTimestamp":"2024-04-27T16:01:11.0311772Z"},"nsu=http://opcfoundation.org/UA/Plc/Applications;s=FastRandomUIntScalar1":{"Value":1208916741,"SourceTimestamp":"2024-04-27T16:01:10.2445722Z","ServerTimestamp":"2024-04-27T16:01:11.0311794Z"},"nsu=http://opcfoundation.org/UA/Plc/Applications;s=FastRandomUIntScalar2":{"Value":3953305892,"SourceTimestamp":"2024-04-27T16:01:10.2445751Z","ServerTimestamp":"2024-04-27T16:01:11.0311908Z"},"nsu=http://opcfoundation.org/UA/Plc/Applications;s=FastRandomUIntScalar3":{"Value":2164775098,"SourceTimestamp":"2024-04-27T16:01:10.2445767Z","ServerTimestamp":"2024-04-27T16:01:11.0311813Z"},"nsu=http://opcfoundation.org/UA/Plc/Applications;s=NegativeTrendData":{"Value":98.599999999999994,"SourceTimestamp":"2024-04-27T16:01:10.9370838Z","ServerTimestamp":"2024-04-27T16:01:11.0311758Z"},"nsu=http://opcfoundation.org/UA/Plc/Applications;s=PositiveTrendData":{"Value":101.3,"SourceTimestamp":"2024-04-27T16:01:10.9370775Z","ServerTimestamp":"2024-04-27T16:01:11.031185Z"},"nsu=http://opcfoundation.org/UA/Plc/Applications;s=SlowUIntScalar1":{"Value":9,"SourceTimestamp":"2024-04-27T16:01:01.2369466Z","ServerTimestamp":"2024-04-27T16:01:11.0311961Z"},"nsu=http://opcfoundation.org/UA/Plc/Applications;s=SlowUIntScalar2":{"Value":9,"SourceTimestamp":"2024-04-27T16:01:01.2369546Z","ServerTimestamp":"2024-04-27T16:01:11.0311802Z"},"nsu=http://opcfoundation.org/UA/Plc/Applications;s=SlowUIntScalar3":{"Value":9,"SourceTimestamp":"2024-04-27T16:01:01.2369559Z","ServerTimestamp":"2024-04-27T16:01:11.0311892Z"},"nsu=http://opcfoundation.org/UA/Plc/Applications;s=BadSlowUIntScalar1":{"Value":null,"StatusCode":{"Symbol":"BadDataLost","Code":2157772800},"SourceTimestamp":"2024-04-27T16:01:01.2369573Z","ServerTimestamp":"2024-04-27T16:01:11.0311883Z"},"nsu=http://opcfoundation.org/UA/Plc/Applications;s=SlowRandomUIntScalar1":{"Value":2291121529,"SourceTimestamp":"2024-04-27T16:01:01.236998Z","ServerTimestamp":"2024-04-27T16:01:11.0311951Z"},"nsu=http://opcfoundation.org/UA/Plc/Applications;s=SlowRandomUIntScalar2":{"Value":3475870242,"SourceTimestamp":"2024-04-27T16:01:01.2370014Z","ServerTimestamp":"2024-04-27T16:01:11.0311839Z"},"nsu=http://opcfoundation.org/UA/Plc/Applications;s=SlowRandomUIntScalar3":{"Value":646122671,"SourceTimestamp":"2024-04-27T16:01:01.237003Z","ServerTimestamp":"2024-04-27T16:01:11.0311931Z"},"nsu=http://opcfoundation.org/UA/Plc/Applications;s=BadSlowRandomUIntScalar1":{"Value":null,"StatusCode":{"Symbol":"BadDataLost","Code":2157772800},"SourceTimestamp":"2024-04-27T16:01:01.2370078Z","ServerTimestamp":"2024-04-27T16:01:11.0311783Z"},"nsu=http://opcfoundation.org/UA/Plc/Applications;s=SpikeData":{"Value":48.175367410171532,"SourceTimestamp":"2024-04-27T16:01:10.9370439Z","ServerTimestamp":"2024-04-27T16:01:11.03119Z"},"ns=23;i=1259":{"Value":-0.20400000000000001,"SourceTimestamp":"2024-04-27T15:59:32.0256427Z","ServerTimestamp":"2024-04-27T16:01:11.031149Z"}}}