{"MessageId":"b84ab02f-ba2e-45ca-be73-0ef01a166add","MessageType":"ua-data","PublisherId":"DESKTOP-BGFJS91","DataSetWriterGroup":"<<UnknownWriterGroup>>","Messages":[{"SequenceNumber":1,"MetaDataVersion":{"MajorVersion":1},"Timestamp":"2024-04-27T10:51:11.747308Z","MessageType":"ua-deltaframe","DataSetWriterName":"<<UnknownDataSet>>","Payload":{"DoubleValues":{"Value":-27,"SourceTimestamp":"2024-04-27T10:51:10.7234307Z","ServerTimestamp":"2024-04-27T10:51:10.7234215Z"},"Int64Values":{"Value":"-1","SourceTimestamp":"2024-04-27T10:51:10.7234622Z","ServerTimestamp":"2024-04-27T10:51:10.7234459Z"}}},{"SequenceNumber":2,"MetaDataVersion":{"MajorVersion":1},"Timestamp":"2024-04-27T10:51:11.747308Z","MessageType":"ua-deltaframe","DataSetWriterName":"<<UnknownDataSet>>","Payload":{"DoubleValues":{"Value":-3,"SourceTimestamp":"2024-04-27T10:51:11.7316429Z","ServerTimestamp":"2024-04-27T10:51:11.731639Z"},"Int64Values":{"Value":"52","SourceTimestamp":"2024-04-27T10:51:11.7316499Z","ServerTimestamp":"2024-04-27T10:51:11.7316495Z"}}}]}