{"MessageId":"4c185b5c-3bf0-4920-a68d-fb1346a0fc9c","MessageType":"ua-data","PublisherId":"DESKTOP-BGFJS91","DataSetWriterGroup":"<<UnknownWriterGroup>>","Messages":[{"SequenceNumber":20,"MetaDataVersion":{"MajorVersion":1},"Timestamp":"2024-04-27T10:51:29.7559001Z","MessageType":"ua-deltaframe","DataSetWriterName":"<<UnknownDataSet>>","Payload":{"DoubleValues":{"Value":-1,"SourceTimestamp":"2024-04-27T10:51:29.7245816Z","ServerTimestamp":"2024-04-27T10:51:29.724569Z"},"Int64Values":{"Value":"-35","SourceTimestamp":"2024-04-27T10:51:29.7245916Z","ServerTimestamp":"2024-04-27T10:51:29.7245908Z"}}}]}