{"MessageId":"50a701f0-6d08-4921-95c0-53dbdcacc3bd","MessageType":"ua-data","PublisherId":"DESKTOP-BGFJS91","DataSetWriterGroup":"<<UnknownWriterGroup>>","Messages":[{"SequenceNumber":24,"MetaDataVersion":{"MajorVersion":1},"Timestamp":"2024-04-27T10:51:33.7576429Z","MessageType":"ua-deltaframe","DataSetWriterName":"<<UnknownDataSet>>","Payload":{"DoubleValues":{"Value":-11,"SourceTimestamp":"2024-04-27T10:51:33.7266335Z","ServerTimestamp":"2024-04-27T10:51:33.7266272Z"},"Int64Values":{"Value":"-1","SourceTimestamp":"2024-04-27T10:51:33.7266488Z","ServerTimestamp":"2024-04-27T10:51:33.726646Z"}}}]}