{"MessageId":"1863384b-5010-49fb-a522-587a8672bd3d","MessageType":"ua-data","PublisherId":"DESKTOP-BGFJS91","DataSetWriterGroup":"<<UnknownWriterGroup>>","Messages":[{"SequenceNumber":3,"MetaDataVersion":{"MajorVersion":1},"Timestamp":"2024-04-27T10:51:13.7310046Z","MessageType":"ua-deltaframe","DataSetWriterName":"<<UnknownDataSet>>","Payload":{"DoubleValues":{"Value":12,"SourceTimestamp":"2024-04-27T10:51:12.7339272Z","ServerTimestamp":"2024-04-27T10:51:12.7339237Z"},"Int64Values":{"Value":"-58","SourceTimestamp":"2024-04-27T10:51:12.7339338Z","ServerTimestamp":"2024-04-27T10:51:12.7339332Z"}}}]}