{"MessageId":"c56f3435-2619-43dc-8748-e9fc75e8d20a","MessageType":"ua-data","PublisherId":"DESKTOP-BGFJS91","DataSetWriterGroup":"<<UnknownWriterGroup>>","Messages":[{"SequenceNumber":27,"MetaDataVersion":{"MajorVersion":1},"Timestamp":"2024-04-27T10:51:38.7703228Z","MessageType":"ua-deltaframe","DataSetWriterName":"<<UnknownDataSet>>","Payload":{"DoubleValues":{"Value":-97,"SourceTimestamp":"2024-04-27T10:51:36.7299389Z","ServerTimestamp":"2024-04-27T10:51:36.7299354Z"},"Int64Values":{"Value":"-100","SourceTimestamp":"2024-04-27T10:51:36.7299607Z","ServerTimestamp":"2024-04-27T10:51:36.7299441Z"}}},{"SequenceNumber":28,"MetaDataVersion":{"MajorVersion":1},"Timestamp":"2024-04-27T10:51:38.7703228Z","MessageType":"ua-deltaframe","DataSetWriterName":"<<UnknownDataSet>>","Payload":{"DoubleValues":{"Value":-80,"SourceTimestamp":"2024-04-27T10:51:37.7318644Z","ServerTimestamp":"2024-04-27T10:51:37.7318593Z"},"Int64Values":{"Value":"80","SourceTimestamp":"2024-04-27T10:51:38.7232106Z","ServerTimestamp":"2024-04-27T10:51:38.723209Z"}}},{"SequenceNumber":29,"MetaDataVersion":{"MajorVersion":1},"Timestamp":"2024-04-27T10:51:38.7703228Z","MessageType":"ua-deltaframe","DataSetWriterName":"<<UnknownDataSet>>","Payload":{"DoubleValues":{"Value":17,"SourceTimestamp":"2024-04-27T10:51:38.7231947Z","ServerTimestamp":"2024-04-27T10:51:38.7231766Z"}}}]}