{"MessageId":"da944dca-e869-4668-8ea3-d43e97446a20","MessageType":"ua-data","PublisherId":"DESKTOP-BGFJS91","DataSetWriterGroup":"<<UnknownWriterGroup>>","Messages":[{"SequenceNumber":37,"MetaDataVersion":{"MajorVersion":1},"Timestamp":"2024-04-27T10:51:46.7441254Z","MessageType":"ua-deltaframe","DataSetWriterName":"<<UnknownDataSet>>","Payload":{"DoubleValues":{"Value":58,"SourceTimestamp":"2024-04-27T10:51:46.7283606Z","ServerTimestamp":"2024-04-27T10:51:46.728355Z"},"Int64Values":{"Value":"-1","SourceTimestamp":"2024-04-27T10:51:46.7283726Z","ServerTimestamp":"2024-04-27T10:51:46.728371Z"}}}]}