{"MessageId":"91806b43-2f95-4e04-b9ab-c7ede0481260","MessageType":"ua-data","PublisherId":"DESKTOP-BGFJS91","DataSetWriterGroup":"<<UnknownWriterGroup>>","Messages":[{"SequenceNumber":40,"MetaDataVersion":{"MajorVersion":1},"Timestamp":"2024-04-27T10:51:50.7629657Z","MessageType":"ua-deltaframe","DataSetWriterName":"<<UnknownDataSet>>","Payload":{"DoubleValues":{"Value":-91,"SourceTimestamp":"2024-04-27T10:51:49.7282824Z","ServerTimestamp":"2024-04-27T10:51:49.7282776Z"},"Int64Values":{"Value":"-1","SourceTimestamp":"2024-04-27T10:51:49.7282999Z","ServerTimestamp":"2024-04-27T10:51:49.7282981Z"}}},{"SequenceNumber":41,"MetaDataVersion":{"MajorVersion":1},"Timestamp":"2024-04-27T10:51:50.7629657Z","MessageType":"ua-deltaframe","DataSetWriterName":"<<UnknownDataSet>>","Payload":{"DoubleValues":{"Value":-30,"SourceTimestamp":"2024-04-27T10:51:50.732034Z","ServerTimestamp":"2024-04-27T10:51:50.732028Z"},"Int64Values":{"Value":"-87","SourceTimestamp":"2024-04-27T10:51:50.7320456Z","ServerTimestamp":"2024-04-27T10:51:50.7320446Z"}}}]}