{"MessageId":"4e2653b4-8549-4a17-90ed-f89266661575","MessageType":"ua-data","PublisherId":"DESKTOP-BGFJS91","DataSetWriterGroup":"<<UnknownWriterGroup>>","Messages":[{"SequenceNumber":45,"MetaDataVersion":{"MajorVersion":1},"Timestamp":"2024-04-27T10:51:55.7611589Z","MessageType":"ua-deltaframe","DataSetWriterName":"<<UnknownDataSet>>","Payload":{"DoubleValues":{"Value":-1,"SourceTimestamp":"2024-04-27T10:51:54.7236868Z","ServerTimestamp":"2024-04-27T10:51:54.7236695Z"},"Int64Values":{"Value":"-37","SourceTimestamp":"2024-04-27T10:51:54.7237Z","ServerTimestamp":"2024-04-27T10:51:54.7236983Z"}}},{"SequenceNumber":46,"MetaDataVersion":{"MajorVersion":1},"Timestamp":"2024-04-27T10:51:55.7611589Z","MessageType":"ua-deltaframe","DataSetWriterName":"<<UnknownDataSet>>","Payload":{"DoubleValues":{"Value":-83,"SourceTimestamp":"2024-04-27T10:51:55.7297643Z","ServerTimestamp":"2024-04-27T10:51:55.7297606Z"},"Int64Values":{"Value":"64","SourceTimestamp":"2024-04-27T10:51:55.7297739Z","ServerTimestamp":"2024-04-27T10:51:55.729773Z"}}}]}