{"MessageId":"9e24847f-7aa7-436a-8987-f41d125b0a70","MessageType":"ua-data","PublisherId":"DESKTOP-BGFJS91","DataSetWriterGroup":"<<UnknownWriterGroup>>","Messages":[{"SequenceNumber":50,"MetaDataVersion":{"MajorVersion":1},"Timestamp":"2024-04-27T10:52:00.7096278Z","MessageType":"ua-deltaframe","DataSetWriterName":"<<UnknownDataSet>>","Payload":{"DoubleValues":{"Value":-100,"SourceTimestamp":"2024-04-27T10:51:59.7309227Z","ServerTimestamp":"2024-04-27T10:51:59.7306258Z"},"Int64Values":{"Value":"96","SourceTimestamp":"2024-04-27T10:51:59.730944Z","ServerTimestamp":"2024-04-27T10:51:59.7309387Z"}}}]}