{"MessageId":"c6889be0-9f05-4a08-a84b-1553af5757bc","MessageType":"ua-data","PublisherId":"DESKTOP-BGFJS91","DataSetWriterGroup":"<<UnknownWriterGroup>>","Messages":[{"SequenceNumber":6,"MetaDataVersion":{"MajorVersion":1},"Timestamp":"2024-04-27T10:51:16.7629714Z","MessageType":"ua-deltaframe","DataSetWriterName":"<<UnknownDataSet>>","Payload":{"DoubleValues":{"Value":98,"SourceTimestamp":"2024-04-27T10:51:15.7259456Z","ServerTimestamp":"2024-04-27T10:51:15.7259413Z"},"Int64Values":{"Value":"-67","SourceTimestamp":"2024-04-27T10:51:15.7259537Z","ServerTimestamp":"2024-04-27T10:51:15.7259531Z"}}},{"SequenceNumber":7,"MetaDataVersion":{"MajorVersion":1},"Timestamp":"2024-04-27T10:51:16.7629714Z","MessageType":"ua-deltaframe","DataSetWriterName":"<<UnknownDataSet>>","Payload":{"DoubleValues":{"Value":-34,"SourceTimestamp":"2024-04-27T10:51:16.731237Z","ServerTimestamp":"2024-04-27T10:51:16.7312306Z"},"Int64Values":{"Value":"22","SourceTimestamp":"2024-04-27T10:51:16.7312515Z","ServerTimestamp":"2024-04-27T10:51:16.7312503Z"}}}]}