{"MessageId":"c05ff146-8dff-4247-8d25-5c7cfa08eba6","MessageType":"ua-data","PublisherId":"DESKTOP-BGFJS91","DataSetWriterGroup":"<<UnknownWriterGroup>>","Messages":[{"SequenceNumber":55,"MetaDataVersion":{"MajorVersion":1},"Timestamp":"2024-04-27T10:52:04.7425164Z","MessageType":"ua-deltaframe","DataSetWriterName":"<<UnknownDataSet>>","Payload":{"DoubleValues":{"Value":-29,"SourceTimestamp":"2024-04-27T10:52:04.7260986Z","ServerTimestamp":"2024-04-27T10:52:04.7260943Z"},"Int64Values":{"Value":"-100","SourceTimestamp":"2024-04-27T10:52:04.7261076Z","ServerTimestamp":"2024-04-27T10:52:04.7261066Z"}}}]}