{"MessageId":"c1f1b986-1d7e-4165-ba1b-480b1200126d","MessageType":"ua-data","PublisherId":"DESKTOP-BGFJS91","DataSetWriterGroup":"<<UnknownWriterGroup>>","Messages":[{"SequenceNumber":68,"MetaDataVersion":{"MajorVersion":1},"Timestamp":"2024-04-27T10:52:17.7585967Z","MessageType":"ua-deltaframe","DataSetWriterName":"<<UnknownDataSet>>","Payload":{"DoubleValues":{"Value":56,"SourceTimestamp":"2024-04-27T10:52:17.7270991Z","ServerTimestamp":"2024-04-27T10:52:17.7270946Z"},"Int64Values":{"Value":"92","SourceTimestamp":"2024-04-27T10:52:17.7271082Z","ServerTimestamp":"2024-04-27T10:52:17.7271074Z"}}}]}