{"MessageId":"6be9117d-c2f5-423c-8d21-9c1e34fffa64","MessageType":"ua-data","PublisherId":"DESKTOP-BGFJS91","DataSetWriterGroup":"<<UnknownWriterGroup>>","Messages":[{"SequenceNumber":71,"MetaDataVersion":{"MajorVersion":1},"Timestamp":"2024-04-27T10:52:21.7250828Z","MessageType":"ua-deltaframe","DataSetWriterName":"<<UnknownDataSet>>","Payload":{"DoubleValues":{"Value":2,"SourceTimestamp":"2024-04-27T10:52:20.7324718Z","ServerTimestamp":"2024-04-27T10:52:20.7324651Z"},"Int64Values":{"Value":"25","SourceTimestamp":"2024-04-27T10:52:20.732486Z","ServerTimestamp":"2024-04-27T10:52:20.7324841Z"}}}]}