{"MessageId":"57be0ead-6fe3-407b-9da9-eefa3e825877","MessageType":"ua-data","PublisherId":"DESKTOP-BGFJS91","DataSetWriterGroup":"<<UnknownWriterGroup>>","Messages":[{"SequenceNumber":78,"MetaDataVersion":{"MajorVersion":1},"Timestamp":"2024-04-27T10:52:27.758816Z","MessageType":"ua-deltaframe","DataSetWriterName":"<<UnknownDataSet>>","Payload":{"DoubleValues":{"Value":71,"SourceTimestamp":"2024-04-27T10:52:27.7264569Z","ServerTimestamp":"2024-04-27T10:52:27.7264506Z"},"Int64Values":{"Value":"-9","SourceTimestamp":"2024-04-27T10:52:27.7264695Z","ServerTimestamp":"2024-04-27T10:52:27.7264684Z"}}}]}