{"MessageId":"71c82704-a08d-4235-b249-a317edaf9a9c","MessageType":"ua-data","PublisherId":"DESKTOP-BGFJS91","DataSetWriterGroup":"<<UnknownWriterGroup>>","Messages":[{"SequenceNumber":9,"MetaDataVersion":{"MajorVersion":1},"Timestamp":"2024-04-27T10:51:18.7457819Z","MessageType":"ua-deltaframe","DataSetWriterName":"<<UnknownDataSet>>","Payload":{"DoubleValues":{"Value":-85,"SourceTimestamp":"2024-04-27T10:51:18.7299626Z","ServerTimestamp":"2024-04-27T10:51:18.7299589Z"},"Int64Values":{"Value":"43","SourceTimestamp":"2024-04-27T10:51:18.7299702Z","ServerTimestamp":"2024-04-27T10:51:18.7299697Z"}}}]}