{"MessageId":"215c56ee-2a68-4b3e-bf18-cd20375d6737","MessageType":"ua-data","PublisherId":"DESKTOP-BGFJS91","DataSetWriterGroup":"<<UnknownWriterGroup>>","Messages":[{"SequenceNumber":83,"MetaDataVersion":{"MajorVersion":1},"Timestamp":"2024-04-27T10:52:32.7583731Z","MessageType":"ua-deltaframe","DataSetWriterName":"<<UnknownDataSet>>","Payload":{"DoubleValues":{"Value":-95,"SourceTimestamp":"2024-04-27T10:52:32.7281865Z","ServerTimestamp":"2024-04-27T10:52:32.72818Z"},"Int64Values":{"Value":"-100","SourceTimestamp":"2024-04-27T10:52:32.7282106Z","ServerTimestamp":"2024-04-27T10:52:32.7281996Z"}}}]}