{"MessageId":"a650946b-f73a-452b-ba0c-a1a7c85c4f6a","MessageType":"ua-data","PublisherId":"DESKTOP-BGFJS91","DataSetWriterGroup":"<<UnknownWriterGroup>>","Messages":[{"SequenceNumber":86,"MetaDataVersion":{"MajorVersion":1},"Timestamp":"2024-04-27T10:52:36.7243816Z","MessageType":"ua-deltaframe","DataSetWriterName":"<<UnknownDataSet>>","Payload":{"DoubleValues":{"Value":-93,"SourceTimestamp":"2024-04-27T10:52:35.7349929Z","ServerTimestamp":"2024-04-27T10:52:35.7349856Z"},"Int64Values":{"Value":"-100","SourceTimestamp":"2024-04-27T10:52:35.7350306Z","ServerTimestamp":"2024-04-27T10:52:35.7350139Z"}}}]}