{"MessageId":"857382fd-0b68-404c-88f6-18a82da5ef47","MessageType":"ua-data","PublisherId":"DESKTOP-BGFJS91","DataSetWriterGroup":"<<UnknownWriterGroup>>","Messages":[{"SequenceNumber":102,"MetaDataVersion":{"MajorVersion":1},"Timestamp":"2024-04-27T10:52:51.7375692Z","MessageType":"ua-deltaframe","DataSetWriterName":"<<UnknownDataSet>>","Payload":{"DoubleValues":{"Value":-100,"SourceTimestamp":"2024-04-27T10:52:51.722148Z","ServerTimestamp":"2024-04-27T10:52:51.7221431Z"},"Int64Values":{"Value":"-53","SourceTimestamp":"2024-04-27T10:52:51.7221596Z","ServerTimestamp":"2024-04-27T10:52:51.7221569Z"}}}]}