{"MessageId":"cef75167-b22d-4539-803f-dfc9118e81f7","MessageType":"ua-data","PublisherId":"DESKTOP-BGFJS91","DataSetWriterGroup":"<<UnknownWriterGroup>>","Messages":[{"SequenceNumber":111,"MetaDataVersion":{"MajorVersion":1},"Timestamp":"2024-04-27T10:53:00.7451464Z","MessageType":"ua-deltaframe","DataSetWriterName":"<<UnknownDataSet>>","Payload":{"DoubleValues":{"Value":61,"SourceTimestamp":"2024-04-27T10:53:00.7290942Z","ServerTimestamp":"2024-04-27T10:53:00.7290827Z"},"Int64Values":{"Value":"-1","SourceTimestamp":"2024-04-27T10:53:00.7291108Z","ServerTimestamp":"2024-04-27T10:53:00.7291034Z"}}}]}