{"MessageId":"b745a969-9281-42a9-8744-30c76e043d19","MessageType":"ua-data","PublisherId":"DESKTOP-BGFJS91","DataSetWriterGroup":"<<UnknownWriterGroup>>","Messages":[{"SequenceNumber":112,"MetaDataVersion":{"MajorVersion":1},"Timestamp":"2024-04-27T10:53:02.7271499Z","MessageType":"ua-deltaframe","DataSetWriterName":"<<UnknownDataSet>>","Payload":{"DoubleValues":{"Value":-100,"SourceTimestamp":"2024-04-27T10:53:01.7330433Z","ServerTimestamp":"2024-04-27T10:53:01.733028Z"},"Int64Values":{"Value":"14","SourceTimestamp":"2024-04-27T10:53:01.7330545Z","ServerTimestamp":"2024-04-27T10:53:01.7330534Z"}}}]}