[{"ConditionClassId":null,"ConditionClassName":null,"ConditionSubClassId":null,"ConditionSubClassName":null,"EventId":"LCXPwQv6L02YgVPx/RpDNQ==","EventType":{"Id":10751},"LocalTime":{"Offset":120,"DaylightSavingInOffset":true},"Message":"The alarm severity has increased.","ReceiveTime":"2024-04-28T09:13:27.3853136Z","Severity":700,"SourceName":"SouthMotor","SourceNode":{"IdType":1,"Id":"1:Metals/SouthMotor","Namespace":"http://opcfoundation.org/AlarmCondition"},"Time":"2024-04-28T09:13:27.3853085Z"}]