[{"ConditionClassId":null,"ConditionClassName":null,"ConditionSubClassId":null,"ConditionSubClassName":null,"EventId":"CIqB+vSbX0Wpk2zmZ4fH7g==","EventType":{"Id":9764},"LocalTime":{"Offset":120,"DaylightSavingInOffset":true},"Message":"The alarm was deactivated by the system.","ReceiveTime":"2024-04-28T09:13:40.3922259Z","Severity":100,"SourceName":"EastTank","SourceNode":{"IdType":1,"Id":"1:Colours/EastTank","Namespace":"http://opcfoundation.org/AlarmCondition"},"Time":"2024-04-28T09:13:40.3921834Z"}]