[{"ConditionClassId":null,"ConditionClassName":null,"ConditionSubClassId":null,"ConditionSubClassName":null,"EventId":"1hh8dTp2ckuVU9hdkmxNiQ==","EventType":{"Id":10060},"LocalTime":{"Offset":120,"DaylightSavingInOffset":true},"Message":"The alarm severity has increased.","ReceiveTime":"2024-04-28T09:13:33.3892778Z","Severity":700,"SourceName":"WestTank","SourceNode":{"IdType":1,"Id":"1:Metals/WestTank","Namespace":"http://opcfoundation.org/AlarmCondition"},"Time":"2024-04-28T09:13:33.3892713Z"}]