[{"ConditionClassId":null,"ConditionClassName":null,"ConditionSubClassId":null,"ConditionSubClassName":null,"EventId":"LYO1vinIlEmePbF7SStF8g==","EventType":{"Id":9764},"LocalTime":{"Offset":120,"DaylightSavingInOffset":true},"Message":"The alarm was deactivated by the system.","ReceiveTime":"2024-04-28T09:13:55.3926244Z","Severity":100,"SourceName":"SouthMotor","SourceNode":{"IdType":1,"Id":"1:Metals/SouthMotor","Namespace":"http://opcfoundation.org/AlarmCondition"},"Time":"2024-04-28T09:13:55.3926214Z"}]