[{"ConditionClassId":null,"ConditionClassName":null,"ConditionSubClassId":null,"ConditionSubClassName":null,"EventId":"U/6dxTk/Gk+9+NqaspJ+bw==","EventType":{"Id":10060},"LocalTime":{"Offset":120,"DaylightSavingInOffset":true},"Message":"The alarm severity has increased.","ReceiveTime":"2024-04-28T09:14:12.3857941Z","Severity":500,"SourceName":"EastTank","SourceNode":{"IdType":1,"Id":"1:Colours/EastTank","Namespace":"http://opcfoundation.org/AlarmCondition"},"Time":"2024-04-28T09:14:12.3852674Z"}]