[{"ConditionClassId":null,"ConditionClassName":null,"ConditionSubClassId":null,"ConditionSubClassName":null,"EventId":"bnHY8+s3ZUK4yaH3w6DqEQ==","EventType":{"Id":9764},"LocalTime":{"Offset":120,"DaylightSavingInOffset":true},"Message":"The alarm severity has increased.","ReceiveTime":"2024-04-28T09:14:30.3936609Z","Severity":900,"SourceName":"NorthMotor","SourceNode":{"IdType":1,"Id":"1:Colours/NorthMotor","Namespace":"http://opcfoundation.org/AlarmCondition"},"Time":"2024-04-28T09:14:30.3936562Z"}]