{"$schema":"http://json-schema.org/draft-07/schema#","type":"array","items":{"$ref":"#/definitions/org.github.microsoft.opcpublisher.PendingAlarms"},"definitions":{"org.opcfoundation.UA.NodeId":{"$id":"http://opcfoundation.org/UA/#NodeId","title":"OPC UA built in type NodeId","type":"string","format":"opcuaNodeId"},"org.opcfoundation.UA.LocalizedText":{"$id":"http://opcfoundation.org/UA/#LocalizedText","title":"OPC UA built in type LocalizedText","type":"string"},"org.opcfoundation.UA.ByteString":{"$id":"http://opcfoundation.org/UA/#ByteString","title":"OPC UA built in type ByteString","type":"string","format":"byte"},"org.opcfoundation.UA.Int16":{"$id":"http://opcfoundation.org/UA/#Int16","title":"OPC UA built in type Int16","type":"integer","minimum":-32768,"maximum":32767,"default":0,"format":"int16"},"org.opcfoundation.UA.Boolean":{"$id":"http://opcfoundation.org/UA/#Boolean","title":"OPC UA built in type Boolean","type":"boolean"},"org.opcfoundation.UA.TimeZoneDataType":{"$id":"http://opcfoundation.org/UA/#TimeZoneDataType","title":"TimeZoneDataType","type":"object","properties":{"Offset":{"$ref":"#/definitions/org.opcfoundation.UA.Int16"},"DaylightSavingInOffset":{"$ref":"#/definitions/org.opcfoundation.UA.Boolean"}},"required":["Offset","DaylightSavingInOffset"],"additionalProperties":false},"org.opcfoundation.UA.DateTime":{"$id":"http://opcfoundation.org/UA/#DateTime","title":"OPC UA built in type DateTime","type":"string","format":"date-time"},"org.opcfoundation.UA.UInt16":{"$id":"http://opcfoundation.org/UA/#UInt16","title":"OPC UA built in type UInt16","type":"integer","minimum":0,"maximum":65535,"default":0,"format":"uint16"},"org.opcfoundation.UA.String":{"$id":"http://opcfoundation.org/UA/#String","title":"OPC UA built in type String","type":"string"},"org.github.microsoft.opcpublisher.PendingAlarms":{"$id":"http://github.org/microsoft/opcpublisher#PendingAlarms","title":"PendingAlarms","type":"object","properties":{"ConditionClassId":{"$ref":"#/definitions/org.opcfoundation.UA.NodeId"},"ConditionClassName":{"$ref":"#/definitions/org.opcfoundation.UA.LocalizedText"},"ConditionSubClassId":{"type":"array","items":{"$ref":"#/definitions/org.opcfoundation.UA.NodeId"}},"ConditionSubClassName":{"type":"array","items":{"$ref":"#/definitions/org.opcfoundation.UA.LocalizedText"}},"EventId":{"$ref":"#/definitions/org.opcfoundation.UA.ByteString"},"EventType":{"$ref":"#/definitions/org.opcfoundation.UA.NodeId"},"LocalTime":{"$ref":"#/definitions/org.opcfoundation.UA.TimeZoneDataType"},"Message":{"$ref":"#/definitions/org.opcfoundation.UA.LocalizedText"},"ReceiveTime":{"$ref":"#/definitions/org.opcfoundation.UA.DateTime"},"Severity":{"$ref":"#/definitions/org.opcfoundation.UA.UInt16"},"SourceName":{"$ref":"#/definitions/org.opcfoundation.UA.String"},"SourceNode":{"$ref":"#/definitions/org.opcfoundation.UA.NodeId"},"Time":{"$ref":"#/definitions/org.opcfoundation.UA.DateTime"}}}}}