{"NodeId":"nsu=http://opcfoundation.org/UA/Plc/Applications;s=SlowUIntScalar3","EndpointUrl":"opc.tcp://localhost:61457/UA/SampleServer","ApplicationUri":"urn:desktop-bgfjs91:OPCFoundation:CoreSampleServer","DisplayName":"nsu=http://opcfoundation.org/UA/Plc/Applications;s=SlowUIntScalar3","Timestamp":"2024-04-27T14:02:47.1544268Z","Value":{"Value":{"Type":7,"Body":1},"SourceTimestamp":"2024-04-27T14:02:45.5696657Z","ServerTimestamp":"2024-04-27T14:02:45.5696662Z"},"SequenceNumber":1,"ExtensionFields":{}}