{"NodeId":"nsu=http://opcfoundation.org/UA/Plc/Applications;s=SlowUIntScalar3","EndpointUrl":"opc.tcp://localhost:61457/UA/SampleServer","ApplicationUri":"urn:desktop-bgfjs91:OPCFoundation:CoreSampleServer","DisplayName":"nsu=http://opcfoundation.org/UA/Plc/Applications;s=SlowUIntScalar3","Timestamp":"2024-04-27T14:03:17.1226414Z","Value":{"Value":{"Type":7,"Body":4},"SourceTimestamp":"2024-04-27T14:03:15.5612876Z","ServerTimestamp":"2024-04-27T14:03:15.5612881Z"},"SequenceNumber":4,"ExtensionFields":{}}