{"MessageId":"399a1344-512a-4015-9b02-b6e6ecf8246f","MessageType":"ua-data","PublisherId":"DESKTOP-BGFJS91","DataSetWriterGroup":"<<UnknownWriterGroup>>","Messages":[{"MetaDataVersion":{"MajorVersion":1},"MessageType":"ua-deltaframe","DataSetWriterName":"Test","Payload":{"nsu=http://opcfoundation.org/UA/Plc/Applications;s=FastUIntScalar2":{"Value":46,"SourceTimestamp":"2024-04-27T10:29:52.8952564Z"},"nsu=http://opcfoundation.org/UA/Plc/Applications;s=FastUIntScalar3":{"Value":46,"SourceTimestamp":"2024-04-27T10:29:52.8952644Z"},"nsu=http://opcfoundation.org/UA/Plc/Applications;s=FastRandomUIntScalar1":{"Value":1090104127,"SourceTimestamp":"2024-04-27T10:29:52.8952522Z"},"nsu=http://opcfoundation.org/UA/Plc/Applications;s=FastRandomUIntScalar2":{"Value":770245534,"SourceTimestamp":"2024-04-27T10:29:52.8952629Z"},"nsu=http://opcfoundation.org/UA/Plc/Applications;s=FastRandomUIntScalar3":{"Value":1317280461,"SourceTimestamp":"2024-04-27T10:29:52.8952653Z"}}}]}