{"MessageId":"7f42a861-2eda-4542-b51f-cb84eaf6c8d7","MessageType":"ua-data","PublisherId":"DESKTOP-BGFJS91","DataSetWriterGroup":"<<UnknownWriterGroup>>","Messages":[{"MetaDataVersion":{"MajorVersion":1},"MessageType":"ua-deltaframe","DataSetWriterName":"MES","Payload":{"nsu=http://opcfoundation.org/UA/Plc/Applications;s=StepUp":{"Value":482,"SourceTimestamp":"2024-04-27T10:29:55.0867619Z"},"nsu=http://opcfoundation.org/UA/Plc/Applications;s=RandomSignedInt32":{"Value":-2020484321,"SourceTimestamp":"2024-04-27T10:29:55.0867847Z"},"nsu=http://opcfoundation.org/UA/Plc/Applications;s=RandomUnsignedInt32":{"Value":901920112,"SourceTimestamp":"2024-04-27T10:29:55.0867953Z"},"nsu=http://opcfoundation.org/UA/Plc/Applications;s=DipData":{"Value":68.45471059286885,"SourceTimestamp":"2024-04-27T10:29:55.0867996Z"},"nsu=http://opcfoundation.org/UA/Plc/Applications;s=FastUIntScalar1":{"Value":48,"SourceTimestamp":"2024-04-27T10:29:54.8864647Z"}}}]}