{"MessageId":"db4cc59c-b45f-4a7d-b905-20cdbda3e798","MessageType":"ua-data","PublisherId":"DESKTOP-BGFJS91","DataSetWriterGroup":"<<UnknownWriterGroup>>","Messages":[{"MetaDataVersion":{"MajorVersion":1},"MessageType":"ua-deltaframe","DataSetWriterName":"Test","Payload":{"nsu=http://opcfoundation.org/UA/Plc/Applications;s=FastUIntScalar2":{"Value":59,"SourceTimestamp":"2024-04-27T10:30:05.8874487Z"},"nsu=http://opcfoundation.org/UA/Plc/Applications;s=FastUIntScalar3":{"Value":59,"SourceTimestamp":"2024-04-27T10:30:05.8874566Z"},"nsu=http://opcfoundation.org/UA/Plc/Applications;s=FastRandomUIntScalar1":{"Value":3486183368,"SourceTimestamp":"2024-04-27T10:30:05.8874431Z"},"nsu=http://opcfoundation.org/UA/Plc/Applications;s=FastRandomUIntScalar2":{"Value":977487772,"SourceTimestamp":"2024-04-27T10:30:05.8874551Z"},"nsu=http://opcfoundation.org/UA/Plc/Applications;s=FastRandomUIntScalar3":{"Value":1585548712,"SourceTimestamp":"2024-04-27T10:30:05.887458Z"}}}]}