{"MessageId":"d121a344-d2be-42c1-85f2-78fd5ede3d36","MessageType":"ua-data","PublisherId":"DESKTOP-BGFJS91","DataSetWriterGroup":"<<UnknownWriterGroup>>","Messages":[{"MetaDataVersion":{"MajorVersion":1},"MessageType":"ua-deltaframe","DataSetWriterName":"Assembly","Payload":{"nsu=http://opcfoundation.org/UA/Plc/Applications;s=SlowUIntScalar1":{"Value":6,"SourceTimestamp":"2024-04-27T10:30:06.8918286Z"},"nsu=http://opcfoundation.org/UA/Plc/Applications;s=SlowUIntScalar2":{"Value":6,"SourceTimestamp":"2024-04-27T10:30:06.8918664Z"},"nsu=http://opcfoundation.org/UA/Plc/Applications;s=SlowUIntScalar3":{"Value":6,"SourceTimestamp":"2024-04-27T10:30:06.8918684Z"},"nsu=http://opcfoundation.org/UA/Plc/Applications;s=BadSlowUIntScalar1":{"Value":6,"SourceTimestamp":"2024-04-27T10:30:06.8918706Z"}}}]}