{"MessageId":"166869b5-de45-4eea-ad31-35d6b3c1f75e","MessageType":"ua-data","PublisherId":"DESKTOP-BGFJS91","DataSetWriterGroup":"<<UnknownWriterGroup>>","Messages":[{"MetaDataVersion":{"MajorVersion":1},"MessageType":"ua-deltaframe","DataSetWriterName":"Test","Payload":{"nsu=http://opcfoundation.org/UA/Plc/Applications;s=FastUIntScalar2":{"Value":69,"SourceTimestamp":"2024-04-27T10:30:15.8894048Z"},"nsu=http://opcfoundation.org/UA/Plc/Applications;s=FastUIntScalar3":{"Value":69,"SourceTimestamp":"2024-04-27T10:30:15.8894357Z"},"nsu=http://opcfoundation.org/UA/Plc/Applications;s=FastRandomUIntScalar1":{"Value":1434564715,"SourceTimestamp":"2024-04-27T10:30:15.8893911Z"},"nsu=http://opcfoundation.org/UA/Plc/Applications;s=FastRandomUIntScalar2":{"Value":2016314360,"SourceTimestamp":"2024-04-27T10:30:15.8894196Z"},"nsu=http://opcfoundation.org/UA/Plc/Applications;s=FastRandomUIntScalar3":{"Value":3775323758,"SourceTimestamp":"2024-04-27T10:30:15.8894222Z"}}}]}