{"MessageId":"24d96285-23a7-44a4-bb05-34b0ee4ac216","MessageType":"ua-data","PublisherId":"DESKTOP-BGFJS91","DataSetWriterGroup":"<<UnknownWriterGroup>>","Messages":[{"MetaDataVersion":{"MajorVersion":1},"MessageType":"ua-deltaframe","DataSetWriterName":"Packaging","Payload":{"nsu=http://opcfoundation.org/UA/Plc/Applications;s=SlowRandomUIntScalar1":{"Value":4189271891,"SourceTimestamp":"2024-04-27T10:30:16.8917438Z"},"nsu=http://opcfoundation.org/UA/Plc/Applications;s=SlowRandomUIntScalar2":{"Value":249507615,"SourceTimestamp":"2024-04-27T10:30:16.8917598Z"},"nsu=http://opcfoundation.org/UA/Plc/Applications;s=SlowRandomUIntScalar3":{"Value":2503651520,"SourceTimestamp":"2024-04-27T10:30:16.891773Z"},"nsu=http://opcfoundation.org/UA/Plc/Applications;s=BadSlowRandomUIntScalar1":{"Value":4046437098,"SourceTimestamp":"2024-04-27T10:30:16.8917753Z"}}}]}