{"MessageId":"bbc7d2cc-d0f3-4956-983b-1deec709fb45","MessageType":"ua-data","PublisherId":"DESKTOP-BGFJS91","DataSetWriterGroup":"<<UnknownWriterGroup>>","Messages":[{"MetaDataVersion":{"MajorVersion":1},"MessageType":"ua-deltaframe","DataSetWriterName":"Test","Payload":{"nsu=http://opcfoundation.org/UA/Plc/Applications;s=FastUIntScalar2":{"Value":82,"SourceTimestamp":"2024-04-27T10:30:28.8974544Z"},"nsu=http://opcfoundation.org/UA/Plc/Applications;s=FastUIntScalar3":{"Value":82,"SourceTimestamp":"2024-04-27T10:30:28.8974721Z"},"nsu=http://opcfoundation.org/UA/Plc/Applications;s=FastRandomUIntScalar1":{"Value":2108264295,"SourceTimestamp":"2024-04-27T10:30:28.8974445Z"},"nsu=http://opcfoundation.org/UA/Plc/Applications;s=FastRandomUIntScalar2":{"Value":2846862261,"SourceTimestamp":"2024-04-27T10:30:28.8974684Z"},"nsu=http://opcfoundation.org/UA/Plc/Applications;s=FastRandomUIntScalar3":{"Value":2372913627,"SourceTimestamp":"2024-04-27T10:30:28.8974743Z"}}}]}