{"MessageId":"5ec61970-6281-4d92-96bd-ab713c37f9c3","MessageType":"ua-data","PublisherId":"DESKTOP-BGFJS91","DataSetWriterGroup":"<<UnknownWriterGroup>>","Messages":[{"MetaDataVersion":{"MajorVersion":1},"MessageType":"ua-deltaframe","DataSetWriterName":"Test","Payload":{"nsu=http://opcfoundation.org/UA/Plc/Applications;s=FastUIntScalar2":{"Value":86,"SourceTimestamp":"2024-04-27T10:30:32.8885007Z"},"nsu=http://opcfoundation.org/UA/Plc/Applications;s=FastUIntScalar3":{"Value":86,"SourceTimestamp":"2024-04-27T10:30:32.8885086Z"},"nsu=http://opcfoundation.org/UA/Plc/Applications;s=FastRandomUIntScalar1":{"Value":284793982,"SourceTimestamp":"2024-04-27T10:30:32.8884962Z"},"nsu=http://opcfoundation.org/UA/Plc/Applications;s=FastRandomUIntScalar2":{"Value":1791587338,"SourceTimestamp":"2024-04-27T10:30:32.8885072Z"},"nsu=http://opcfoundation.org/UA/Plc/Applications;s=FastRandomUIntScalar3":{"Value":910572218,"SourceTimestamp":"2024-04-27T10:30:32.8885104Z"}}}]}