{"MessageId":"4ad80def-2e1a-40de-bd5a-7da7749c041f","MessageType":"ua-data","PublisherId":"DESKTOP-BGFJS91","DataSetWriterGroup":"<<UnknownWriterGroup>>","Messages":[{"MetaDataVersion":{"MajorVersion":1},"MessageType":"ua-deltaframe","DataSetWriterName":"Test","Payload":{"nsu=http://opcfoundation.org/UA/Plc/Applications;s=FastUIntScalar2":{"Value":88,"SourceTimestamp":"2024-04-27T10:30:34.8942947Z"},"nsu=http://opcfoundation.org/UA/Plc/Applications;s=FastUIntScalar3":{"Value":88,"SourceTimestamp":"2024-04-27T10:30:34.8942973Z"},"nsu=http://opcfoundation.org/UA/Plc/Applications;s=FastRandomUIntScalar1":{"Value":2621128161,"SourceTimestamp":"2024-04-27T10:30:34.8943043Z"},"nsu=http://opcfoundation.org/UA/Plc/Applications;s=FastRandomUIntScalar2":{"Value":2408025749,"SourceTimestamp":"2024-04-27T10:30:34.8943211Z"},"nsu=http://opcfoundation.org/UA/Plc/Applications;s=FastRandomUIntScalar3":{"Value":4102552240,"SourceTimestamp":"2024-04-27T10:30:34.8943246Z"}}}]}