{"MessageId":"6ecc1408-2d87-49c9-be79-32da61be2c29","MessageType":"ua-data","PublisherId":"DESKTOP-BGFJS91","DataSetWriterGroup":"<<UnknownWriterGroup>>","Messages":[{"MetaDataVersion":{"MajorVersion":1},"MessageType":"ua-deltaframe","DataSetWriterName":"MES","Payload":{"nsu=http://opcfoundation.org/UA/Plc/Applications;s=StepUp":{"Value":911,"SourceTimestamp":"2024-04-27T10:30:37.992396Z"},"nsu=http://opcfoundation.org/UA/Plc/Applications;s=RandomSignedInt32":{"Value":-67790317,"SourceTimestamp":"2024-04-27T10:30:37.9924419Z"},"nsu=http://opcfoundation.org/UA/Plc/Applications;s=RandomUnsignedInt32":{"Value":1715665583,"SourceTimestamp":"2024-04-27T10:30:37.9924308Z"},"nsu=http://opcfoundation.org/UA/Plc/Applications;s=DipData":{"Value":-95.105651629515364,"SourceTimestamp":"2024-04-27T10:30:37.992442Z"},"nsu=http://opcfoundation.org/UA/Plc/Applications;s=FastUIntScalar1":{"Value":91,"SourceTimestamp":"2024-04-27T10:30:37.8843018Z"}}}]}