{"MessageId":"e63dad67-35c0-475d-a59a-0214a45b6340","MessageType":"ua-data","PublisherId":"DESKTOP-BGFJS91","DataSetWriterGroup":"<<UnknownWriterGroup>>","Messages":[{"MetaDataVersion":{"MajorVersion":1},"MessageType":"ua-deltaframe","DataSetWriterName":"Test","Payload":{"nsu=http://opcfoundation.org/UA/Plc/Applications;s=FastUIntScalar2":{"Value":91,"SourceTimestamp":"2024-04-27T10:30:37.8843256Z"},"nsu=http://opcfoundation.org/UA/Plc/Applications;s=FastUIntScalar3":{"Value":91,"SourceTimestamp":"2024-04-27T10:30:37.8843294Z"},"nsu=http://opcfoundation.org/UA/Plc/Applications;s=FastRandomUIntScalar1":{"Value":607886235,"SourceTimestamp":"2024-04-27T10:30:37.884297Z"},"nsu=http://opcfoundation.org/UA/Plc/Applications;s=FastRandomUIntScalar2":{"Value":4108231649,"SourceTimestamp":"2024-04-27T10:30:37.8843119Z"},"nsu=http://opcfoundation.org/UA/Plc/Applications;s=FastRandomUIntScalar3":{"Value":3955378767,"SourceTimestamp":"2024-04-27T10:30:37.8843267Z"}}}]}