{"MessageId":"63c06259-a74d-4333-8dba-0e1f87033c83","MessageType":"ua-data","PublisherId":"DESKTOP-BGFJS91","DataSetWriterGroup":"<<UnknownWriterGroup>>","Messages":[{"MetaDataVersion":{"MajorVersion":1},"MessageType":"ua-deltaframe","DataSetWriterName":"Assembly","Payload":{"nsu=http://opcfoundation.org/UA/Plc/Applications;s=SlowUIntScalar1":{"Value":9,"SourceTimestamp":"2024-04-27T10:30:36.8981971Z"},"nsu=http://opcfoundation.org/UA/Plc/Applications;s=SlowUIntScalar2":{"Value":9,"SourceTimestamp":"2024-04-27T10:30:36.8982132Z"},"nsu=http://opcfoundation.org/UA/Plc/Applications;s=SlowUIntScalar3":{"Value":9,"SourceTimestamp":"2024-04-27T10:30:36.8982157Z"},"nsu=http://opcfoundation.org/UA/Plc/Applications;s=BadSlowUIntScalar1":{"Value":null,"StatusCode":{"Symbol":"BadDataLost","Code":2157772800},"SourceTimestamp":"2024-04-27T10:30:36.8982204Z"}}}]}