{"MessageId":"db0b01ef-05f3-4d3f-89d6-31737043ec5c","MessageType":"ua-data","PublisherId":"DESKTOP-BGFJS91","DataSetWriterGroup":"<<UnknownWriterGroup>>","Messages":[{"MetaDataVersion":{"MajorVersion":1},"MessageType":"ua-deltaframe","DataSetWriterName":"Packaging","Payload":{"nsu=http://opcfoundation.org/UA/Plc/Applications;s=SlowRandomUIntScalar1":{"Value":4014493065,"SourceTimestamp":"2024-04-27T10:30:36.8982535Z"},"nsu=http://opcfoundation.org/UA/Plc/Applications;s=SlowRandomUIntScalar2":{"Value":4284179216,"SourceTimestamp":"2024-04-27T10:30:36.8982679Z"},"nsu=http://opcfoundation.org/UA/Plc/Applications;s=SlowRandomUIntScalar3":{"Value":1312625244,"SourceTimestamp":"2024-04-27T10:30:36.8982703Z"},"nsu=http://opcfoundation.org/UA/Plc/Applications;s=BadSlowRandomUIntScalar1":{"Value":null,"StatusCode":{"Symbol":"BadDataLost","Code":2157772800},"SourceTimestamp":"2024-04-27T10:30:36.8982744Z"}}}]}