{"MessageId":"509d8e97-cc1e-44b1-99c9-f7c7b814ad82","MessageType":"ua-data","PublisherId":"DESKTOP-BGFJS91","DataSetWriterGroup":"<<UnknownWriterGroup>>","Messages":[{"MetaDataVersion":{"MajorVersion":1},"MessageType":"ua-deltaframe","DataSetWriterName":"MES","Payload":{"nsu=http://opcfoundation.org/UA/Plc/Applications;s=StepUp":{"Value":932,"SourceTimestamp":"2024-04-27T10:30:40.088702Z"},"nsu=http://opcfoundation.org/UA/Plc/Applications;s=RandomSignedInt32":{"Value":1795349420,"SourceTimestamp":"2024-04-27T10:30:40.0887142Z"},"nsu=http://opcfoundation.org/UA/Plc/Applications;s=RandomUnsignedInt32":{"Value":1515972398,"SourceTimestamp":"2024-04-27T10:30:40.088724Z"},"nsu=http://opcfoundation.org/UA/Plc/Applications;s=DipData":{"Value":68.45471059286885,"SourceTimestamp":"2024-04-27T10:30:40.0887319Z"},"nsu=http://opcfoundation.org/UA/Plc/Applications;s=FastUIntScalar1":{"Value":93,"SourceTimestamp":"2024-04-27T10:30:39.8883449Z"}}}]}