{"MessageId":"60635582-c48d-4314-85dd-85a0a1b3a757","MessageType":"ua-data","PublisherId":"DESKTOP-BGFJS91","DataSetWriterGroup":"<<UnknownWriterGroup>>","Messages":[{"MetaDataVersion":{"MajorVersion":1},"MessageType":"ua-deltaframe","DataSetWriterName":"Test","Payload":{"nsu=http://opcfoundation.org/UA/Plc/Applications;s=FastUIntScalar2":{"Value":97,"SourceTimestamp":"2024-04-27T10:30:43.8930626Z"},"nsu=http://opcfoundation.org/UA/Plc/Applications;s=FastUIntScalar3":{"Value":97,"SourceTimestamp":"2024-04-27T10:30:43.8930715Z"},"nsu=http://opcfoundation.org/UA/Plc/Applications;s=FastRandomUIntScalar1":{"Value":3509128112,"SourceTimestamp":"2024-04-27T10:30:43.8930584Z"},"nsu=http://opcfoundation.org/UA/Plc/Applications;s=FastRandomUIntScalar2":{"Value":1470178882,"SourceTimestamp":"2024-04-27T10:30:43.8930701Z"},"nsu=http://opcfoundation.org/UA/Plc/Applications;s=FastRandomUIntScalar3":{"Value":2339066319,"SourceTimestamp":"2024-04-27T10:30:43.893073Z"}}}]}