{"MessageId":"9090c33b-c62e-4cb1-8042-8a9c57193b21","MessageType":"ua-data","PublisherId":"DESKTOP-BGFJS91","DataSetWriterGroup":"<<UnknownWriterGroup>>","Messages":[{"MetaDataVersion":{"MajorVersion":1},"MessageType":"ua-deltaframe","DataSetWriterName":"MES","Payload":{"nsu=http://opcfoundation.org/UA/Plc/Applications;s=StepUp":{"Value":991,"SourceTimestamp":"2024-04-27T10:30:45.9881918Z"},"nsu=http://opcfoundation.org/UA/Plc/Applications;s=RandomSignedInt32":{"Value":153492074,"SourceTimestamp":"2024-04-27T10:30:45.9882328Z"},"nsu=http://opcfoundation.org/UA/Plc/Applications;s=RandomUnsignedInt32":{"Value":1794109220,"SourceTimestamp":"2024-04-27T10:30:45.988241Z"},"nsu=http://opcfoundation.org/UA/Plc/Applications;s=DipData":{"Value":95.10565162951535,"SourceTimestamp":"2024-04-27T10:30:45.98827Z"},"nsu=http://opcfoundation.org/UA/Plc/Applications;s=FastUIntScalar1":{"Value":99,"SourceTimestamp":"2024-04-27T10:30:45.8957996Z"}}}]}