{"MessageId":"1261c2e2-f4bc-4d13-b532-ecb02db9e354","MessageType":"ua-data","PublisherId":"DESKTOP-BGFJS91","DataSetWriterGroup":"<<UnknownWriterGroup>>","Messages":[{"MetaDataVersion":{"MajorVersion":1},"MessageType":"ua-deltaframe","DataSetWriterName":"Packaging","Payload":{"nsu=http://opcfoundation.org/UA/Plc/Applications;s=SlowRandomUIntScalar1":{"Value":2803485221,"SourceTimestamp":"2024-04-27T10:30:56.8858196Z"},"nsu=http://opcfoundation.org/UA/Plc/Applications;s=SlowRandomUIntScalar2":{"Value":3105731156,"SourceTimestamp":"2024-04-27T10:30:56.8858363Z"},"nsu=http://opcfoundation.org/UA/Plc/Applications;s=SlowRandomUIntScalar3":{"Value":659943014,"SourceTimestamp":"2024-04-27T10:30:56.88584Z"},"nsu=http://opcfoundation.org/UA/Plc/Applications;s=BadSlowRandomUIntScalar1":{"Value":964646519,"SourceTimestamp":"2024-04-27T10:30:56.8858436Z"}}}]}