{"MessageId":"ac45ceb1-0a85-43b2-8ecf-f0e39355b347","MessageType":"ua-data","PublisherId":"DESKTOP-BGFJS91","DataSetWriterGroup":"<<UnknownWriterGroup>>","Messages":[{"MetaDataVersion":{"MajorVersion":1},"MessageType":"ua-deltaframe","DataSetWriterName":"Test","Payload":{"nsu=http://opcfoundation.org/UA/Plc/Applications;s=FastUIntScalar2":{"Value":112,"SourceTimestamp":"2024-04-27T10:30:58.8946961Z"},"nsu=http://opcfoundation.org/UA/Plc/Applications;s=FastUIntScalar3":{"Value":112,"SourceTimestamp":"2024-04-27T10:30:58.8946978Z"},"nsu=http://opcfoundation.org/UA/Plc/Applications;s=FastRandomUIntScalar1":{"Value":1557404025,"SourceTimestamp":"2024-04-27T10:30:58.894696Z"},"nsu=http://opcfoundation.org/UA/Plc/Applications;s=FastRandomUIntScalar2":{"Value":723329546,"SourceTimestamp":"2024-04-27T10:30:58.8947031Z"},"nsu=http://opcfoundation.org/UA/Plc/Applications;s=FastRandomUIntScalar3":{"Value":711294413,"SourceTimestamp":"2024-04-27T10:30:58.8947061Z"}}}]}