{"MessageId":"338b4a08-2bb1-4135-aee6-8c9b90471f22","MessageType":"ua-data","PublisherId":"DESKTOP-BGFJS91","DataSetWriterGroup":"<<UnknownWriterGroup>>","Messages":[{"MetaDataVersion":{"MajorVersion":1},"MessageType":"ua-deltaframe","DataSetWriterName":"MES","Payload":{"nsu=http://opcfoundation.org/UA/Plc/Applications;s=StepUp":{"Value":1181,"SourceTimestamp":"2024-04-27T10:31:04.9960507Z"},"nsu=http://opcfoundation.org/UA/Plc/Applications;s=RandomSignedInt32":{"Value":-1137103032,"SourceTimestamp":"2024-04-27T10:31:04.9960621Z"},"nsu=http://opcfoundation.org/UA/Plc/Applications;s=RandomUnsignedInt32":{"Value":748792038,"SourceTimestamp":"2024-04-27T10:31:04.99608Z"},"nsu=http://opcfoundation.org/UA/Plc/Applications;s=DipData":{"Value":58.778525229247322,"SourceTimestamp":"2024-04-27T10:31:04.9961006Z"},"nsu=http://opcfoundation.org/UA/Plc/Applications;s=FastUIntScalar1":{"Value":118,"SourceTimestamp":"2024-04-27T10:31:04.8889657Z"}}}]}