{"MessageId":"3539aa14-3d16-4da4-96fc-2877ce691d30","MessageType":"ua-data","PublisherId":"DESKTOP-BGFJS91","DataSetWriterGroup":"<<UnknownWriterGroup>>","Messages":[{"MetaDataVersion":{"MajorVersion":1},"MessageType":"ua-deltaframe","DataSetWriterName":"MES","Payload":{"nsu=http://opcfoundation.org/UA/Plc/Applications;s=StepUp":{"Value":1191,"SourceTimestamp":"2024-04-27T10:31:05.9854855Z"},"nsu=http://opcfoundation.org/UA/Plc/Applications;s=RandomSignedInt32":{"Value":1464470485,"SourceTimestamp":"2024-04-27T10:31:05.9854921Z"},"nsu=http://opcfoundation.org/UA/Plc/Applications;s=RandomUnsignedInt32":{"Value":1394810717,"SourceTimestamp":"2024-04-27T10:31:05.9855151Z"},"nsu=http://opcfoundation.org/UA/Plc/Applications;s=DipData":{"Value":95.10565162951535,"SourceTimestamp":"2024-04-27T10:31:05.9855205Z"},"nsu=http://opcfoundation.org/UA/Plc/Applications;s=FastUIntScalar1":{"Value":119,"SourceTimestamp":"2024-04-27T10:31:05.8921014Z"}}}]}