{"MessageId":"d9573c5b-2373-4413-af6d-7dae5c0c736b","MessageType":"ua-data","PublisherId":"DESKTOP-BGFJS91","DataSetWriterGroup":"<<UnknownWriterGroup>>","Messages":[{"MetaDataVersion":{"MajorVersion":1},"MessageType":"ua-deltaframe","DataSetWriterName":"Test","Payload":{"nsu=http://opcfoundation.org/UA/Plc/Applications;s=FastUIntScalar2":{"Value":18,"SourceTimestamp":"2024-04-27T10:29:24.893839Z"},"nsu=http://opcfoundation.org/UA/Plc/Applications;s=FastUIntScalar3":{"Value":18,"SourceTimestamp":"2024-04-27T10:29:24.8938516Z"},"nsu=http://opcfoundation.org/UA/Plc/Applications;s=FastRandomUIntScalar1":{"Value":3276850020,"SourceTimestamp":"2024-04-27T10:29:24.8938345Z"},"nsu=http://opcfoundation.org/UA/Plc/Applications;s=FastRandomUIntScalar2":{"Value":2142059306,"SourceTimestamp":"2024-04-27T10:29:24.8938456Z"},"nsu=http://opcfoundation.org/UA/Plc/Applications;s=FastRandomUIntScalar3":{"Value":224630218,"SourceTimestamp":"2024-04-27T10:29:24.8938474Z"}}}]}