{"MessageId":"bcb7c4bb-8bc5-45f5-bae6-8e716cee121f","MessageType":"ua-data","PublisherId":"DESKTOP-BGFJS91","DataSetWriterGroup":"<<UnknownWriterGroup>>","Messages":[{"MetaDataVersion":{"MajorVersion":1},"MessageType":"ua-deltaframe","DataSetWriterName":"MES","Payload":{"nsu=http://opcfoundation.org/UA/Plc/Applications;s=StepUp":{"Value":231,"SourceTimestamp":"2024-04-27T10:29:29.9943487Z"},"nsu=http://opcfoundation.org/UA/Plc/Applications;s=RandomSignedInt32":{"Value":588911843,"SourceTimestamp":"2024-04-27T10:29:29.9943644Z"},"nsu=http://opcfoundation.org/UA/Plc/Applications;s=RandomUnsignedInt32":{"Value":1281911438,"SourceTimestamp":"2024-04-27T10:29:29.9943781Z"},"nsu=http://opcfoundation.org/UA/Plc/Applications;s=DipData":{"Value":58.778525229247322,"SourceTimestamp":"2024-04-27T10:29:29.9943796Z"},"nsu=http://opcfoundation.org/UA/Plc/Applications;s=FastUIntScalar1":{"Value":23,"SourceTimestamp":"2024-04-27T10:29:29.8859199Z"}}}]}