{"MessageId":"b13d0c39-9dac-4cfd-8c79-871d3d730b88","MessageType":"ua-data","PublisherId":"DESKTOP-BGFJS91","DataSetWriterGroup":"<<UnknownWriterGroup>>","Messages":[{"MetaDataVersion":{"MajorVersion":1},"MessageType":"ua-deltaframe","DataSetWriterName":"Test","Payload":{"nsu=http://opcfoundation.org/UA/Plc/Applications;s=FastUIntScalar2":{"Value":27,"SourceTimestamp":"2024-04-27T10:29:33.8853192Z"},"nsu=http://opcfoundation.org/UA/Plc/Applications;s=FastUIntScalar3":{"Value":27,"SourceTimestamp":"2024-04-27T10:29:33.885322Z"},"nsu=http://opcfoundation.org/UA/Plc/Applications;s=FastRandomUIntScalar1":{"Value":1441542,"SourceTimestamp":"2024-04-27T10:29:33.8853027Z"},"nsu=http://opcfoundation.org/UA/Plc/Applications;s=FastRandomUIntScalar2":{"Value":4144182871,"SourceTimestamp":"2024-04-27T10:29:33.8853132Z"},"nsu=http://opcfoundation.org/UA/Plc/Applications;s=FastRandomUIntScalar3":{"Value":2051872320,"SourceTimestamp":"2024-04-27T10:29:33.8853204Z"}}}]}