{"MessageId":"e438997d-634a-4ead-84c2-d787f261285c","MessageType":"ua-data","PublisherId":"DESKTOP-BGFJS91","DataSetWriterGroup":"<<UnknownWriterGroup>>","Messages":[{"MetaDataVersion":{"MajorVersion":1},"MessageType":"ua-deltaframe","DataSetWriterName":"MES","Payload":{"nsu=http://opcfoundation.org/UA/Plc/Applications;s=StepUp":{"Value":312,"SourceTimestamp":"2024-04-27T10:29:38.0939033Z"},"nsu=http://opcfoundation.org/UA/Plc/Applications;s=RandomSignedInt32":{"Value":-1679669138,"SourceTimestamp":"2024-04-27T10:29:38.0939538Z"},"nsu=http://opcfoundation.org/UA/Plc/Applications;s=RandomUnsignedInt32":{"Value":1050824765,"SourceTimestamp":"2024-04-27T10:29:38.0939434Z"},"nsu=http://opcfoundation.org/UA/Plc/Applications;s=DipData":{"Value":-98.228725072868855,"SourceTimestamp":"2024-04-27T10:29:38.0939547Z"},"nsu=http://opcfoundation.org/UA/Plc/Applications;s=FastUIntScalar1":{"Value":31,"SourceTimestamp":"2024-04-27T10:29:37.8966964Z"}}}]}