{"MessageId":"bf6cefae-00f3-4aff-94ad-d8dd7678c6a8","MessageType":"ua-data","PublisherId":"DESKTOP-BGFJS91","DataSetWriterGroup":"<<UnknownWriterGroup>>","Messages":[{"MetaDataVersion":{"MajorVersion":1},"MessageType":"ua-deltaframe","DataSetWriterName":"Packaging","Payload":{"nsu=http://opcfoundation.org/UA/Plc/Applications;s=SlowRandomUIntScalar1":{"Value":399375019,"SourceTimestamp":"2024-04-27T10:29:36.89004Z"},"nsu=http://opcfoundation.org/UA/Plc/Applications;s=SlowRandomUIntScalar2":{"Value":1278127827,"SourceTimestamp":"2024-04-27T10:29:36.8900537Z"},"nsu=http://opcfoundation.org/UA/Plc/Applications;s=SlowRandomUIntScalar3":{"Value":1143257352,"SourceTimestamp":"2024-04-27T10:29:36.8900572Z"},"nsu=http://opcfoundation.org/UA/Plc/Applications;s=BadSlowRandomUIntScalar1":{"Value":1409274340,"SourceTimestamp":"2024-04-27T10:29:36.8900922Z"}}}]}