{"MessageId":"aa3c2132-4196-4bb0-822c-4b4fb1ae5c20","MessageType":"ua-data","PublisherId":"DESKTOP-BGFJS91","DataSetWriterGroup":"<<UnknownWriterGroup>>","Messages":[{"MetaDataVersion":{"MajorVersion":1},"MessageType":"ua-deltaframe","DataSetWriterName":"MES","Payload":{"nsu=http://opcfoundation.org/UA/Plc/Applications;s=StepUp":{"Value":322,"SourceTimestamp":"2024-04-27T10:29:39.0903564Z"},"nsu=http://opcfoundation.org/UA/Plc/Applications;s=RandomSignedInt32":{"Value":-1498924241,"SourceTimestamp":"2024-04-27T10:29:39.0903777Z"},"nsu=http://opcfoundation.org/UA/Plc/Applications;s=RandomUnsignedInt32":{"Value":1475135045,"SourceTimestamp":"2024-04-27T10:29:39.0903784Z"},"nsu=http://opcfoundation.org/UA/Plc/Applications;s=DipData":{"Value":-48.175367410171539,"SourceTimestamp":"2024-04-27T10:29:39.090395Z"},"nsu=http://opcfoundation.org/UA/Plc/Applications;s=FastUIntScalar1":{"Value":32,"SourceTimestamp":"2024-04-27T10:29:38.8875084Z"}}}]}