{"NodeId":"i=2253","EndpointUrl":"opc.tcp://localhost:61457/UA/SampleServer","ApplicationUri":"urn:desktop-bgfjs91:OPCFoundation:CoreSampleServer","DisplayName":"SimpleEvents","Timestamp":"2024-04-26T17:30:35.8001277Z","Value":{"EventId":"m5PVnSoR9EiVU1MJg03buA==","Message":"The system cycle '15' has started.","nsu=http://opcfoundation.org/SimpleEvents;CycleId":"15","nsu=http://opcfoundation.org/SimpleEvents;CurrentStep":{"Name":"Step 1","Duration":1000}},"SequenceNumber":16,"ExtensionFields":{}}