{"NodeId":"i=2253","EndpointUrl":"opc.tcp://localhost:61457/UA/SampleServer","ApplicationUri":"urn:desktop-bgfjs91:OPCFoundation:CoreSampleServer","DisplayName":"SimpleEvents","Timestamp":"2024-04-26T17:30:44.7891025Z","Value":{"EventId":"YNDd2MjDW0imJ2n5EqG0ew==","Message":"The system cycle '18' has started.","nsu=http://opcfoundation.org/SimpleEvents;CycleId":"18","nsu=http://opcfoundation.org/SimpleEvents;CurrentStep":{"Name":"Step 1","Duration":1000}},"SequenceNumber":18,"ExtensionFields":{}}