{"NodeId":"i=2253","EndpointUrl":"opc.tcp://localhost:61457/UA/SampleServer","ApplicationUri":"urn:desktop-bgfjs91:OPCFoundation:CoreSampleServer","DisplayName":"SimpleEvents","Timestamp":"2024-04-26T17:31:04.7890962Z","Value":{"EventId":"Rb5bF8HgPUe1sAQRbG7Kuw==","Message":"The system cycle '22' has started.","nsu=http://opcfoundation.org/SimpleEvents;CycleId":"22","nsu=http://opcfoundation.org/SimpleEvents;CurrentStep":{"Name":"Step 1","Duration":1000}},"SequenceNumber":21,"ExtensionFields":{}}