{"MessageId":"11f2e5f1-57c5-4b3b-b85d-a9ec7cb995ad","MessageType":"ua-data","PublisherId":"DESKTOP-BGFJS91","DataSetWriterGroup":"<<UnknownWriterGroup>>","Messages":[{"SequenceNumber":92,"MetaDataVersion":{"MajorVersion":1},"Timestamp":"2024-04-27T11:54:12.0210617Z","MessageType":"ua-deltaframe","DataSetWriterName":"<<UnknownDataSet>>","Payload":{"nsu=http://opcfoundation.org/UA/Plc/Applications;s=StepUp":{"Value":1027,"SourceTimestamp":"2024-04-27T11:54:11.9124142Z","ServerTimestamp":"2024-04-27T11:54:11.9124187Z"},"nsu=http://opcfoundation.org/UA/Plc/Applications;s=RandomSignedInt32":{"Value":-1639709377,"SourceTimestamp":"2024-04-27T11:54:11.9124325Z","ServerTimestamp":"2024-04-27T11:54:11.9124358Z"},"nsu=http://opcfoundation.org/UA/Plc/Applications;s=RandomUnsignedInt32":{"Value":809912462,"SourceTimestamp":"2024-04-27T11:54:11.9124516Z","ServerTimestamp":"2024-04-27T11:54:11.9124526Z"},"nsu=http://opcfoundation.org/UA/Plc/Applications;s=DipData":{"Value":12.53332335643041,"SourceTimestamp":"2024-04-27T11:54:11.9124644Z","ServerTimestamp":"2024-04-27T11:54:11.9124714Z"},"nsu=http://opcfoundation.org/UA/Plc/Applications;s=FastUIntScalar1":{"Value":102,"SourceTimestamp":"2024-04-27T11:54:11.2165834Z","ServerTimestamp":"2024-04-27T11:54:11.2165888Z"},"nsu=http://opcfoundation.org/UA/Plc/Applications;s=FastUIntScalar2":{"Value":102,"SourceTimestamp":"2024-04-27T11:54:11.216591Z","ServerTimestamp":"2024-04-27T11:54:11.2165982Z"},"nsu=http://opcfoundation.org/UA/Plc/Applications;s=FastUIntScalar3":{"Value":102,"SourceTimestamp":"2024-04-27T11:54:11.2165997Z","ServerTimestamp":"2024-04-27T11:54:11.2166013Z"},"nsu=http://opcfoundation.org/UA/Plc/Applications;s=FastRandomUIntScalar1":{"Value":3520877117,"SourceTimestamp":"2024-04-27T11:54:11.216587Z","ServerTimestamp":"2024-04-27T11:54:11.2165913Z"},"nsu=http://opcfoundation.org/UA/Plc/Applications;s=FastRandomUIntScalar2":{"Value":3352919153,"SourceTimestamp":"2024-04-27T11:54:11.216598Z","ServerTimestamp":"2024-04-27T11:54:11.2165994Z"},"nsu=http://opcfoundation.org/UA/Plc/Applications;s=FastRandomUIntScalar3":{"Value":160526488,"SourceTimestamp":"2024-04-27T11:54:11.2166011Z","ServerTimestamp":"2024-04-27T11:54:11.2166026Z"},"nsu=http://opcfoundation.org/UA/Plc/Applications;s=SpikeData":{"Value":12.53332335643041,"SourceTimestamp":"2024-04-27T11:54:11.9124757Z","ServerTimestamp":"2024-04-27T11:54:11.912499Z"}}}]}