{"MessageId":"a0587495-64dd-4410-a66a-d1339b83fb7b","MessageType":"ua-data","PublisherId":"DESKTOP-BGFJS91","DataSetWriterGroup":"<<UnknownWriterGroup>>","Messages":[{"SequenceNumber":94,"MetaDataVersion":{"MajorVersion":1},"Timestamp":"2024-04-27T11:54:13.9959718Z","MessageType":"ua-deltaframe","DataSetWriterName":"<<UnknownDataSet>>","Payload":{"nsu=http://opcfoundation.org/UA/Plc/Applications;s=StepUp":{"Value":1047,"SourceTimestamp":"2024-04-27T11:54:13.9199476Z","ServerTimestamp":"2024-04-27T11:54:13.91995Z"},"nsu=http://opcfoundation.org/UA/Plc/Applications;s=RandomSignedInt32":{"Value":1110927281,"SourceTimestamp":"2024-04-27T11:54:13.9199477Z","ServerTimestamp":"2024-04-27T11:54:13.9199604Z"},"nsu=http://opcfoundation.org/UA/Plc/Applications;s=RandomUnsignedInt32":{"Value":1528674879,"SourceTimestamp":"2024-04-27T11:54:13.9199763Z","ServerTimestamp":"2024-04-27T11:54:13.9199787Z"},"nsu=http://opcfoundation.org/UA/Plc/Applications;s=DipData":{"Value":48.175367410171532,"SourceTimestamp":"2024-04-27T11:54:13.9199761Z","ServerTimestamp":"2024-04-27T11:54:13.9199767Z"},"nsu=http://opcfoundation.org/UA/Plc/Applications;s=FastUIntScalar1":{"Value":104,"SourceTimestamp":"2024-04-27T11:54:13.2261538Z","ServerTimestamp":"2024-04-27T11:54:13.2261669Z"},"nsu=http://opcfoundation.org/UA/Plc/Applications;s=FastUIntScalar2":{"Value":104,"SourceTimestamp":"2024-04-27T11:54:13.2261844Z","ServerTimestamp":"2024-04-27T11:54:13.226207Z"},"nsu=http://opcfoundation.org/UA/Plc/Applications;s=FastUIntScalar3":{"Value":104,"SourceTimestamp":"2024-04-27T11:54:13.22621Z","ServerTimestamp":"2024-04-27T11:54:13.2262124Z"},"nsu=http://opcfoundation.org/UA/Plc/Applications;s=FastRandomUIntScalar1":{"Value":1805889673,"SourceTimestamp":"2024-04-27T11:54:13.2261819Z","ServerTimestamp":"2024-04-27T11:54:13.2261856Z"},"nsu=http://opcfoundation.org/UA/Plc/Applications;s=FastRandomUIntScalar2":{"Value":360650611,"SourceTimestamp":"2024-04-27T11:54:13.2261965Z","ServerTimestamp":"2024-04-27T11:54:13.2262097Z"},"nsu=http://opcfoundation.org/UA/Plc/Applications;s=FastRandomUIntScalar3":{"Value":1406644540,"SourceTimestamp":"2024-04-27T11:54:13.2262123Z","ServerTimestamp":"2024-04-27T11:54:13.2262146Z"},"nsu=http://opcfoundation.org/UA/Plc/Applications;s=SpikeData":{"Value":48.175367410171532,"SourceTimestamp":"2024-04-27T11:54:13.9199801Z","ServerTimestamp":"2024-04-27T11:54:13.9199842Z"}}}]}