{"MessageId":"3fc0077b-712b-4858-85e7-0223cd697078","MessageType":"ua-data","PublisherId":"DESKTOP-BGFJS91","DataSetWriterGroup":"<<UnknownWriterGroup>>","Messages":[{"SequenceNumber":95,"MetaDataVersion":{"MajorVersion":1},"Timestamp":"2024-04-27T11:54:15.0470446Z","MessageType":"ua-deltaframe","DataSetWriterName":"<<UnknownDataSet>>","Payload":{"nsu=http://opcfoundation.org/UA/Plc/Applications;s=StepUp":{"Value":1058,"SourceTimestamp":"2024-04-27T11:54:15.015322Z","ServerTimestamp":"2024-04-27T11:54:15.0153256Z"},"nsu=http://opcfoundation.org/UA/Plc/Applications;s=AlternatingBoolean":{"Value":false,"SourceTimestamp":"2024-04-27T11:54:14.3196931Z","ServerTimestamp":"2024-04-27T11:54:14.3196942Z"},"nsu=http://opcfoundation.org/UA/Plc/Applications;s=RandomSignedInt32":{"Value":646861359,"SourceTimestamp":"2024-04-27T11:54:15.0153385Z","ServerTimestamp":"2024-04-27T11:54:15.0153416Z"},"nsu=http://opcfoundation.org/UA/Plc/Applications;s=RandomUnsignedInt32":{"Value":2092686143,"SourceTimestamp":"2024-04-27T11:54:15.0153587Z","ServerTimestamp":"2024-04-27T11:54:15.0153597Z"},"nsu=http://opcfoundation.org/UA/Plc/Applications;s=DipData":{"Value":-77.0513242775789,"SourceTimestamp":"2024-04-27T11:54:15.015388Z","ServerTimestamp":"2024-04-27T11:54:15.0153892Z"},"nsu=http://opcfoundation.org/UA/Plc/Applications;s=FastUIntScalar1":{"Value":105,"SourceTimestamp":"2024-04-27T11:54:14.2123161Z","ServerTimestamp":"2024-04-27T11:54:14.2123172Z"},"nsu=http://opcfoundation.org/UA/Plc/Applications;s=FastUIntScalar2":{"Value":105,"SourceTimestamp":"2024-04-27T11:54:14.2123193Z","ServerTimestamp":"2024-04-27T11:54:14.2123204Z"},"nsu=http://opcfoundation.org/UA/Plc/Applications;s=FastUIntScalar3":{"Value":105,"SourceTimestamp":"2024-04-27T11:54:14.2123218Z","ServerTimestamp":"2024-04-27T11:54:14.2123225Z"},"nsu=http://opcfoundation.org/UA/Plc/Applications;s=FastRandomUIntScalar1":{"Value":4118536321,"SourceTimestamp":"2024-04-27T11:54:14.2123218Z","ServerTimestamp":"2024-04-27T11:54:14.2123243Z"},"nsu=http://opcfoundation.org/UA/Plc/Applications;s=FastRandomUIntScalar2":{"Value":4086376724,"SourceTimestamp":"2024-04-27T11:54:14.212336Z","ServerTimestamp":"2024-04-27T11:54:14.2123475Z"},"nsu=http://opcfoundation.org/UA/Plc/Applications;s=FastRandomUIntScalar3":{"Value":3942154239,"SourceTimestamp":"2024-04-27T11:54:14.2123495Z","ServerTimestamp":"2024-04-27T11:54:14.2123504Z"},"nsu=http://opcfoundation.org/UA/Plc/Applications;s=NegativeTrendData":{"Value":98.200000000000003,"SourceTimestamp":"2024-04-27T11:54:14.3197027Z","ServerTimestamp":"2024-04-27T11:54:14.319705Z"},"nsu=http://opcfoundation.org/UA/Plc/Applications;s=PositiveTrendData":{"Value":102,"SourceTimestamp":"2024-04-27T11:54:14.3197036Z","ServerTimestamp":"2024-04-27T11:54:14.3197065Z"},"nsu=http://opcfoundation.org/UA/Plc/Applications;s=SpikeData":{"Value":-77.0513242775789,"SourceTimestamp":"2024-04-27T11:54:15.015389Z","ServerTimestamp":"2024-04-27T11:54:15.0153922Z"}}}]}