{"MessageId":"7cb92606-e99d-4f78-9528-6bab86d6783f","MessageType":"ua-data","PublisherId":"DESKTOP-BGFJS91","DataSetWriterGroup":"<<UnknownWriterGroup>>","Messages":[{"SequenceNumber":97,"MetaDataVersion":{"MajorVersion":1},"Timestamp":"2024-04-27T11:54:18.013199Z","MessageType":"ua-deltaframe","DataSetWriterName":"<<UnknownDataSet>>","Payload":{"nsu=http://opcfoundation.org/UA/Plc/Applications;s=StepUp":{"Value":1088,"SourceTimestamp":"2024-04-27T11:54:18.012785Z","ServerTimestamp":"2024-04-27T11:54:18.0127878Z"},"nsu=http://opcfoundation.org/UA/Plc/Applications;s=RandomSignedInt32":{"Value":-342547568,"SourceTimestamp":"2024-04-27T11:54:18.0127884Z","ServerTimestamp":"2024-04-27T11:54:18.0127983Z"},"nsu=http://opcfoundation.org/UA/Plc/Applications;s=RandomUnsignedInt32":{"Value":887359680,"SourceTimestamp":"2024-04-27T11:54:18.0128152Z","ServerTimestamp":"2024-04-27T11:54:18.0128179Z"},"nsu=http://opcfoundation.org/UA/Plc/Applications;s=DipData":{"Value":99.80267284282715,"SourceTimestamp":"2024-04-27T11:54:18.0128153Z","ServerTimestamp":"2024-04-27T11:54:18.0128159Z"},"nsu=http://opcfoundation.org/UA/Plc/Applications;s=FastUIntScalar1":{"Value":108,"SourceTimestamp":"2024-04-27T11:54:17.2206593Z","ServerTimestamp":"2024-04-27T11:54:17.2206756Z"},"nsu=http://opcfoundation.org/UA/Plc/Applications;s=FastUIntScalar2":{"Value":108,"SourceTimestamp":"2024-04-27T11:54:17.2206874Z","ServerTimestamp":"2024-04-27T11:54:17.2206896Z"},"nsu=http://opcfoundation.org/UA/Plc/Applications;s=FastUIntScalar3":{"Value":108,"SourceTimestamp":"2024-04-27T11:54:17.220691Z","ServerTimestamp":"2024-04-27T11:54:17.2206924Z"},"nsu=http://opcfoundation.org/UA/Plc/Applications;s=FastRandomUIntScalar1":{"Value":2887659631,"SourceTimestamp":"2024-04-27T11:54:17.2206506Z","ServerTimestamp":"2024-04-27T11:54:17.2206584Z"},"nsu=http://opcfoundation.org/UA/Plc/Applications;s=FastRandomUIntScalar2":{"Value":1833258628,"SourceTimestamp":"2024-04-27T11:54:17.2206752Z","ServerTimestamp":"2024-04-27T11:54:17.2206876Z"},"nsu=http://opcfoundation.org/UA/Plc/Applications;s=FastRandomUIntScalar3":{"Value":3549714649,"SourceTimestamp":"2024-04-27T11:54:17.2206895Z","ServerTimestamp":"2024-04-27T11:54:17.220691Z"},"nsu=http://opcfoundation.org/UA/Plc/Applications;s=SpikeData":{"Value":99.80267284282715,"SourceTimestamp":"2024-04-27T11:54:18.0128199Z","ServerTimestamp":"2024-04-27T11:54:18.0128239Z"}}}]}