{"MessageId":"7fa59b5a-e613-4a2a-a1af-73b4170a21b9","MessageType":"ua-data","PublisherId":"DESKTOP-BGFJS91","DataSetWriterGroup":"<<UnknownWriterGroup>>","Messages":[{"SequenceNumber":98,"MetaDataVersion":{"MajorVersion":1},"Timestamp":"2024-04-27T11:54:19.0001541Z","MessageType":"ua-deltaframe","DataSetWriterName":"<<UnknownDataSet>>","Payload":{"nsu=http://opcfoundation.org/UA/Plc/Applications;s=StepUp":{"Value":1097,"SourceTimestamp":"2024-04-27T11:54:18.9240791Z","ServerTimestamp":"2024-04-27T11:54:18.9240914Z"},"nsu=http://opcfoundation.org/UA/Plc/Applications;s=RandomSignedInt32":{"Value":-764456731,"SourceTimestamp":"2024-04-27T11:54:18.9240741Z","ServerTimestamp":"2024-04-27T11:54:18.9240772Z"},"nsu=http://opcfoundation.org/UA/Plc/Applications;s=RandomUnsignedInt32":{"Value":1148994010,"SourceTimestamp":"2024-04-27T11:54:18.9241005Z","ServerTimestamp":"2024-04-27T11:54:18.9241059Z"},"nsu=http://opcfoundation.org/UA/Plc/Applications;s=DipData":{"Value":48.175367410171532,"SourceTimestamp":"2024-04-27T11:54:18.9241134Z","ServerTimestamp":"2024-04-27T11:54:18.9241158Z"},"nsu=http://opcfoundation.org/UA/Plc/Applications;s=FastUIntScalar1":{"Value":109,"SourceTimestamp":"2024-04-27T11:54:18.2135505Z","ServerTimestamp":"2024-04-27T11:54:18.2135548Z"},"nsu=http://opcfoundation.org/UA/Plc/Applications;s=FastUIntScalar2":{"Value":109,"SourceTimestamp":"2024-04-27T11:54:18.2135645Z","ServerTimestamp":"2024-04-27T11:54:18.2135785Z"},"nsu=http://opcfoundation.org/UA/Plc/Applications;s=FastUIntScalar3":{"Value":109,"SourceTimestamp":"2024-04-27T11:54:18.2135839Z","ServerTimestamp":"2024-04-27T11:54:18.21359Z"},"nsu=http://opcfoundation.org/UA/Plc/Applications;s=FastRandomUIntScalar1":{"Value":893750309,"SourceTimestamp":"2024-04-27T11:54:18.2135492Z","ServerTimestamp":"2024-04-27T11:54:18.2135534Z"},"nsu=http://opcfoundation.org/UA/Plc/Applications;s=FastRandomUIntScalar2":{"Value":2853500463,"SourceTimestamp":"2024-04-27T11:54:18.2135546Z","ServerTimestamp":"2024-04-27T11:54:18.2135604Z"},"nsu=http://opcfoundation.org/UA/Plc/Applications;s=FastRandomUIntScalar3":{"Value":2017772121,"SourceTimestamp":"2024-04-27T11:54:18.2135613Z","ServerTimestamp":"2024-04-27T11:54:18.2135619Z"},"nsu=http://opcfoundation.org/UA/Plc/Applications;s=SpikeData":{"Value":48.175367410171532,"SourceTimestamp":"2024-04-27T11:54:18.9241465Z","ServerTimestamp":"2024-04-27T11:54:18.9241493Z"}}}]}