{"MessageId":"8aa4b958-3272-43b7-afcb-a7be004b357f","MessageType":"ua-data","PublisherId":"DESKTOP-BGFJS91","DataSetWriterGroup":"<<UnknownWriterGroup>>","Messages":[{"SequenceNumber":103,"MetaDataVersion":{"MajorVersion":1},"Timestamp":"2024-04-27T11:54:25.0180609Z","MessageType":"ua-deltaframe","DataSetWriterName":"<<UnknownDataSet>>","Payload":{"nsu=http://opcfoundation.org/UA/Plc/Applications;s=StepUp":{"Value":1157,"SourceTimestamp":"2024-04-27T11:54:24.9242086Z","ServerTimestamp":"2024-04-27T11:54:24.9242118Z"},"nsu=http://opcfoundation.org/UA/Plc/Applications;s=AlternatingBoolean":{"Value":false,"SourceTimestamp":"2024-04-27T11:54:24.3199404Z","ServerTimestamp":"2024-04-27T11:54:24.3199443Z"},"nsu=http://opcfoundation.org/UA/Plc/Applications;s=RandomSignedInt32":{"Value":-11382667,"SourceTimestamp":"2024-04-27T11:54:25.0176552Z","ServerTimestamp":"2024-04-27T11:54:25.0176583Z"},"nsu=http://opcfoundation.org/UA/Plc/Applications;s=RandomUnsignedInt32":{"Value":779088345,"SourceTimestamp":"2024-04-27T11:54:24.9242345Z","ServerTimestamp":"2024-04-27T11:54:24.9242359Z"},"nsu=http://opcfoundation.org/UA/Plc/Applications;s=DipData":{"Value":-68.454710592868821,"SourceTimestamp":"2024-04-27T11:54:24.9242459Z","ServerTimestamp":"2024-04-27T11:54:24.9242471Z"},"nsu=http://opcfoundation.org/UA/Plc/Applications;s=FastUIntScalar1":{"Value":115,"SourceTimestamp":"2024-04-27T11:54:24.2269648Z","ServerTimestamp":"2024-04-27T11:54:24.2269769Z"},"nsu=http://opcfoundation.org/UA/Plc/Applications;s=FastUIntScalar2":{"Value":115,"SourceTimestamp":"2024-04-27T11:54:24.2269938Z","ServerTimestamp":"2024-04-27T11:54:24.227137Z"},"nsu=http://opcfoundation.org/UA/Plc/Applications;s=FastUIntScalar3":{"Value":115,"SourceTimestamp":"2024-04-27T11:54:24.2271487Z","ServerTimestamp":"2024-04-27T11:54:24.2271518Z"},"nsu=http://opcfoundation.org/UA/Plc/Applications;s=FastRandomUIntScalar1":{"Value":1639748326,"SourceTimestamp":"2024-04-27T11:54:24.2269893Z","ServerTimestamp":"2024-04-27T11:54:24.2269928Z"},"nsu=http://opcfoundation.org/UA/Plc/Applications;s=FastRandomUIntScalar2":{"Value":125743742,"SourceTimestamp":"2024-04-27T11:54:24.2270027Z","ServerTimestamp":"2024-04-27T11:54:24.2270116Z"},"nsu=http://opcfoundation.org/UA/Plc/Applications;s=FastRandomUIntScalar3":{"Value":1370399042,"SourceTimestamp":"2024-04-27T11:54:24.2270733Z","ServerTimestamp":"2024-04-27T11:54:24.2270854Z"},"nsu=http://opcfoundation.org/UA/Plc/Applications;s=NegativeTrendData":{"Value":98,"SourceTimestamp":"2024-04-27T11:54:24.3199579Z","ServerTimestamp":"2024-04-27T11:54:24.3200392Z"},"nsu=http://opcfoundation.org/UA/Plc/Applications;s=PositiveTrendData":{"Value":102.2,"SourceTimestamp":"2024-04-27T11:54:24.3199356Z","ServerTimestamp":"2024-04-27T11:54:24.3199368Z"},"nsu=http://opcfoundation.org/UA/Plc/Applications;s=SpikeData":{"Value":-68.454710592868821,"SourceTimestamp":"2024-04-27T11:54:24.9242453Z","ServerTimestamp":"2024-04-27T11:54:24.9242506Z"}}}]}