{"MessageId":"3b2834a2-3529-4bd2-9380-67b53ec608b8","MessageType":"ua-data","PublisherId":"DESKTOP-BGFJS91","DataSetWriterGroup":"<<UnknownWriterGroup>>","Messages":[{"SequenceNumber":105,"MetaDataVersion":{"MajorVersion":1},"Timestamp":"2024-04-27T11:54:27.0134452Z","MessageType":"ua-deltaframe","DataSetWriterName":"<<UnknownDataSet>>","Payload":{"nsu=http://opcfoundation.org/UA/Plc/Applications;s=StepUp":{"Value":1178,"SourceTimestamp":"2024-04-27T11:54:27.0130087Z","ServerTimestamp":"2024-04-27T11:54:27.0130121Z"},"nsu=http://opcfoundation.org/UA/Plc/Applications;s=RandomSignedInt32":{"Value":496218961,"SourceTimestamp":"2024-04-27T11:54:27.0130163Z","ServerTimestamp":"2024-04-27T11:54:27.0130224Z"},"nsu=http://opcfoundation.org/UA/Plc/Applications;s=RandomUnsignedInt32":{"Value":1570445896,"SourceTimestamp":"2024-04-27T11:54:26.9185677Z","ServerTimestamp":"2024-04-27T11:54:26.9185683Z"},"nsu=http://opcfoundation.org/UA/Plc/Applications;s=DipData":{"Value":12.53332335643041,"SourceTimestamp":"2024-04-27T11:54:26.9185751Z","ServerTimestamp":"2024-04-27T11:54:26.9185756Z"},"nsu=http://opcfoundation.org/UA/Plc/Applications;s=FastUIntScalar1":{"Value":117,"SourceTimestamp":"2024-04-27T11:54:26.2150381Z","ServerTimestamp":"2024-04-27T11:54:26.2150424Z"},"nsu=http://opcfoundation.org/UA/Plc/Applications;s=FastUIntScalar2":{"Value":117,"SourceTimestamp":"2024-04-27T11:54:26.2150449Z","ServerTimestamp":"2024-04-27T11:54:26.2150457Z"},"nsu=http://opcfoundation.org/UA/Plc/Applications;s=FastUIntScalar3":{"Value":117,"SourceTimestamp":"2024-04-27T11:54:26.215047Z","ServerTimestamp":"2024-04-27T11:54:26.2150475Z"},"nsu=http://opcfoundation.org/UA/Plc/Applications;s=FastRandomUIntScalar1":{"Value":365707385,"SourceTimestamp":"2024-04-27T11:54:26.2150855Z","ServerTimestamp":"2024-04-27T11:54:26.2150889Z"},"nsu=http://opcfoundation.org/UA/Plc/Applications;s=FastRandomUIntScalar2":{"Value":936222084,"SourceTimestamp":"2024-04-27T11:54:26.2150937Z","ServerTimestamp":"2024-04-27T11:54:26.2150949Z"},"nsu=http://opcfoundation.org/UA/Plc/Applications;s=FastRandomUIntScalar3":{"Value":1302349048,"SourceTimestamp":"2024-04-27T11:54:26.2150965Z","ServerTimestamp":"2024-04-27T11:54:26.2150971Z"},"nsu=http://opcfoundation.org/UA/Plc/Applications;s=SpikeData":{"Value":12.53332335643041,"SourceTimestamp":"2024-04-27T11:54:26.9185831Z","ServerTimestamp":"2024-04-27T11:54:26.9185841Z"}}}]}