{"MessageId":"b309581f-d928-40a4-9c57-019f766afe1d","MessageType":"ua-data","PublisherId":"DESKTOP-BGFJS91","DataSetWriterGroup":"<<UnknownWriterGroup>>","Messages":[{"SequenceNumber":17,"MetaDataVersion":{"MajorVersion":1},"Timestamp":"2024-04-27T11:52:47.9922249Z","MessageType":"ua-deltaframe","DataSetWriterName":"<<UnknownDataSet>>","Payload":{"nsu=http://opcfoundation.org/UA/Plc/Applications;s=StepUp":{"Value":187,"SourceTimestamp":"2024-04-27T11:52:47.9135301Z","ServerTimestamp":"2024-04-27T11:52:47.9135322Z"},"nsu=http://opcfoundation.org/UA/Plc/Applications;s=RandomSignedInt32":{"Value":-839078996,"SourceTimestamp":"2024-04-27T11:52:47.9135075Z","ServerTimestamp":"2024-04-27T11:52:47.9135098Z"},"nsu=http://opcfoundation.org/UA/Plc/Applications;s=RandomUnsignedInt32":{"Value":2047255914,"SourceTimestamp":"2024-04-27T11:52:47.9135315Z","ServerTimestamp":"2024-04-27T11:52:47.9135399Z"},"nsu=http://opcfoundation.org/UA/Plc/Applications;s=DipData":{"Value":98.228725072868855,"SourceTimestamp":"2024-04-27T11:52:47.9135406Z","ServerTimestamp":"2024-04-27T11:52:47.9135445Z"},"nsu=http://opcfoundation.org/UA/Plc/Applications;s=FastUIntScalar1":{"Value":18,"SourceTimestamp":"2024-04-27T11:52:47.2141903Z","ServerTimestamp":"2024-04-27T11:52:47.2141948Z"},"nsu=http://opcfoundation.org/UA/Plc/Applications;s=FastUIntScalar2":{"Value":18,"SourceTimestamp":"2024-04-27T11:52:47.2142067Z","ServerTimestamp":"2024-04-27T11:52:47.2142095Z"},"nsu=http://opcfoundation.org/UA/Plc/Applications;s=FastUIntScalar3":{"Value":18,"SourceTimestamp":"2024-04-27T11:52:47.2142121Z","ServerTimestamp":"2024-04-27T11:52:47.2142265Z"},"nsu=http://opcfoundation.org/UA/Plc/Applications;s=FastRandomUIntScalar1":{"Value":449607054,"SourceTimestamp":"2024-04-27T11:52:47.214195Z","ServerTimestamp":"2024-04-27T11:52:47.2142061Z"},"nsu=http://opcfoundation.org/UA/Plc/Applications;s=FastRandomUIntScalar2":{"Value":2827327642,"SourceTimestamp":"2024-04-27T11:52:47.2142091Z","ServerTimestamp":"2024-04-27T11:52:47.2142237Z"},"nsu=http://opcfoundation.org/UA/Plc/Applications;s=FastRandomUIntScalar3":{"Value":2989599864,"SourceTimestamp":"2024-04-27T11:52:47.2142259Z","ServerTimestamp":"2024-04-27T11:52:47.214229Z"},"nsu=http://opcfoundation.org/UA/Plc/Applications;s=SpikeData":{"Value":98.228725072868855,"SourceTimestamp":"2024-04-27T11:52:47.91355Z","ServerTimestamp":"2024-04-27T11:52:47.9135548Z"}}}]}