{"MessageId":"76b13b59-dab9-464d-ba88-61f0299d7b26","MessageType":"ua-data","PublisherId":"DESKTOP-BGFJS91","DataSetWriterGroup":"<<UnknownWriterGroup>>","Messages":[{"SequenceNumber":2,"MetaDataVersion":{"MajorVersion":1},"Timestamp":"2024-04-27T11:52:31.0347768Z","MessageType":"ua-deltaframe","DataSetWriterName":"<<UnknownDataSet>>","Payload":{"nsu=http://opcfoundation.org/UA/Plc/Applications;s=StepUp":{"Value":18,"SourceTimestamp":"2024-04-27T11:52:31.0195572Z","ServerTimestamp":"2024-04-27T11:52:31.0195612Z"},"nsu=http://opcfoundation.org/UA/Plc/Applications;s=AlternatingBoolean":{"Value":true,"SourceTimestamp":"2024-04-27T11:52:30.0235951Z","ServerTimestamp":"2024-04-27T11:52:30.0405472Z"},"nsu=http://opcfoundation.org/UA/Plc/Applications;s=RandomSignedInt32":{"Value":1486794940,"SourceTimestamp":"2024-04-27T11:52:31.0195967Z","ServerTimestamp":"2024-04-27T11:52:31.0195986Z"},"nsu=http://opcfoundation.org/UA/Plc/Applications;s=RandomUnsignedInt32":{"Value":366501259,"SourceTimestamp":"2024-04-27T11:52:31.0196023Z","ServerTimestamp":"2024-04-27T11:52:31.019605Z"},"nsu=http://opcfoundation.org/UA/Plc/Applications;s=DipData":{"Value":-84.432792550201526,"SourceTimestamp":"2024-04-27T11:52:31.019614Z","ServerTimestamp":"2024-04-27T11:52:31.0196145Z"},"nsu=http://opcfoundation.org/UA/Plc/Applications;s=FastUIntScalar1":{"Value":1,"SourceTimestamp":"2024-04-27T11:52:30.2133318Z","ServerTimestamp":"2024-04-27T11:52:30.2133364Z"},"nsu=http://opcfoundation.org/UA/Plc/Applications;s=FastUIntScalar2":{"Value":1,"SourceTimestamp":"2024-04-27T11:52:30.2133494Z","ServerTimestamp":"2024-04-27T11:52:30.2133533Z"},"nsu=http://opcfoundation.org/UA/Plc/Applications;s=FastUIntScalar3":{"Value":1,"SourceTimestamp":"2024-04-27T11:52:30.2133654Z","ServerTimestamp":"2024-04-27T11:52:30.2133715Z"},"nsu=http://opcfoundation.org/UA/Plc/Applications;s=FastRandomUIntScalar1":{"Value":3963873262,"SourceTimestamp":"2024-04-27T11:52:30.2133428Z","ServerTimestamp":"2024-04-27T11:52:30.2133497Z"},"nsu=http://opcfoundation.org/UA/Plc/Applications;s=FastRandomUIntScalar2":{"Value":1809095186,"SourceTimestamp":"2024-04-27T11:52:30.2133528Z","ServerTimestamp":"2024-04-27T11:52:30.2133659Z"},"nsu=http://opcfoundation.org/UA/Plc/Applications;s=FastRandomUIntScalar3":{"Value":756196478,"SourceTimestamp":"2024-04-27T11:52:30.2133678Z","ServerTimestamp":"2024-04-27T11:52:30.2133689Z"},"nsu=http://opcfoundation.org/UA/Plc/Applications;s=NegativeTrendData":{"Value":100,"SourceTimestamp":"2024-04-27T11:52:30.0235887Z","ServerTimestamp":"2024-04-27T11:52:30.0405613Z"},"nsu=http://opcfoundation.org/UA/Plc/Applications;s=PositiveTrendData":{"Value":100,"SourceTimestamp":"2024-04-27T11:52:30.023595Z","ServerTimestamp":"2024-04-27T11:52:30.040562Z"},"nsu=http://opcfoundation.org/UA/Plc/Applications;s=SpikeData":{"Value":-84.432792550201526,"SourceTimestamp":"2024-04-27T11:52:31.0196173Z","ServerTimestamp":"2024-04-27T11:52:31.0196221Z"}}}]}