{"MessageId":"f7b0007a-4592-47e0-a3f5-aa03b04bceac","MessageType":"ua-data","PublisherId":"DESKTOP-BGFJS91","DataSetWriterGroup":"<<UnknownWriterGroup>>","Messages":[{"SequenceNumber":19,"MetaDataVersion":{"MajorVersion":1},"Timestamp":"2024-04-27T11:52:50.0349775Z","MessageType":"ua-deltaframe","DataSetWriterName":"<<UnknownDataSet>>","Payload":{"nsu=http://opcfoundation.org/UA/Plc/Applications;s=AlternatingBoolean":{"Value":true,"SourceTimestamp":"2024-04-27T11:52:49.3245727Z","ServerTimestamp":"2024-04-27T11:52:49.3245784Z"},"nsu=http://opcfoundation.org/UA/Plc/Applications;s=NegativeTrendData":{"Value":99.900000000000006,"SourceTimestamp":"2024-04-27T11:52:49.3245847Z","ServerTimestamp":"2024-04-27T11:52:49.3245853Z"},"nsu=http://opcfoundation.org/UA/Plc/Applications;s=PositiveTrendData":{"Value":100.3,"SourceTimestamp":"2024-04-27T11:52:49.3245861Z","ServerTimestamp":"2024-04-27T11:52:49.3245875Z"}}}]}