{"MessageId":"e842504f-1ef9-486d-9183-c7a4bdca9116","MessageType":"ua-data","PublisherId":"DESKTOP-BGFJS91","DataSetWriterGroup":"<<UnknownWriterGroup>>","Messages":[{"DataSetWriterId":1,"SequenceNumber":2,"MetaDataVersion":{"MajorVersion":1},"Timestamp":"2024-04-27T11:52:50.0961617Z","MessageType":"ua-deltaframe","DataSetWriterName":"<<UnknownDataSet>>","Payload":{"nsu=http://opcfoundation.org/UA/Plc/Applications;s=SlowUIntScalar1":{"Value":2,"SourceTimestamp":"2024-04-27T11:52:49.2154216Z","ServerTimestamp":"2024-04-27T11:52:49.215424Z"},"nsu=http://opcfoundation.org/UA/Plc/Applications;s=SlowUIntScalar2":{"Value":2,"SourceTimestamp":"2024-04-27T11:52:49.2154385Z","ServerTimestamp":"2024-04-27T11:52:49.2154394Z"},"nsu=http://opcfoundation.org/UA/Plc/Applications;s=SlowUIntScalar3":{"Value":2,"SourceTimestamp":"2024-04-27T11:52:49.2154407Z","ServerTimestamp":"2024-04-27T11:52:49.2154411Z"},"nsu=http://opcfoundation.org/UA/Plc/Applications;s=BadSlowUIntScalar1":{"Value":2,"SourceTimestamp":"2024-04-27T11:52:49.2154424Z","ServerTimestamp":"2024-04-27T11:52:49.215443Z"},"nsu=http://opcfoundation.org/UA/Plc/Applications;s=SlowRandomUIntScalar1":{"Value":1182476945,"SourceTimestamp":"2024-04-27T11:52:49.2154539Z","ServerTimestamp":"2024-04-27T11:52:49.2154664Z"},"nsu=http://opcfoundation.org/UA/Plc/Applications;s=SlowRandomUIntScalar2":{"Value":2893813464,"SourceTimestamp":"2024-04-27T11:52:49.2154682Z","ServerTimestamp":"2024-04-27T11:52:49.2154691Z"},"nsu=http://opcfoundation.org/UA/Plc/Applications;s=SlowRandomUIntScalar3":{"Value":3350719454,"SourceTimestamp":"2024-04-27T11:52:49.2154699Z","ServerTimestamp":"2024-04-27T11:52:49.2154989Z"},"nsu=http://opcfoundation.org/UA/Plc/Applications;s=BadSlowRandomUIntScalar1":{"Value":3344021044,"SourceTimestamp":"2024-04-27T11:52:49.2155079Z","ServerTimestamp":"2024-04-27T11:52:49.2155087Z"}}}]}