{"MessageId":"ddef0cd3-c346-4944-95f2-94ed81855b82","MessageType":"ua-data","PublisherId":"DESKTOP-BGFJS91","DataSetWriterGroup":"<<UnknownWriterGroup>>","Messages":[{"SequenceNumber":21,"MetaDataVersion":{"MajorVersion":1},"Timestamp":"2024-04-27T11:52:51.9955028Z","MessageType":"ua-deltaframe","DataSetWriterName":"<<UnknownDataSet>>","Payload":{"nsu=http://opcfoundation.org/UA/Plc/Applications;s=StepUp":{"Value":227,"SourceTimestamp":"2024-04-27T11:52:51.9188025Z","ServerTimestamp":"2024-04-27T11:52:51.9188069Z"},"nsu=http://opcfoundation.org/UA/Plc/Applications;s=RandomSignedInt32":{"Value":-584922651,"SourceTimestamp":"2024-04-27T11:52:51.9188426Z","ServerTimestamp":"2024-04-27T11:52:51.9188458Z"},"nsu=http://opcfoundation.org/UA/Plc/Applications;s=RandomUnsignedInt32":{"Value":1429622006,"SourceTimestamp":"2024-04-27T11:52:51.9188627Z","ServerTimestamp":"2024-04-27T11:52:51.9188663Z"},"nsu=http://opcfoundation.org/UA/Plc/Applications;s=DipData":{"Value":12.53332335643041,"SourceTimestamp":"2024-04-27T11:52:51.9188924Z","ServerTimestamp":"2024-04-27T11:52:51.9188967Z"},"nsu=http://opcfoundation.org/UA/Plc/Applications;s=FastUIntScalar1":{"Value":22,"SourceTimestamp":"2024-04-27T11:52:51.2258963Z","ServerTimestamp":"2024-04-27T11:52:51.2258977Z"},"nsu=http://opcfoundation.org/UA/Plc/Applications;s=FastUIntScalar2":{"Value":22,"SourceTimestamp":"2024-04-27T11:52:51.2259022Z","ServerTimestamp":"2024-04-27T11:52:51.225903Z"},"nsu=http://opcfoundation.org/UA/Plc/Applications;s=FastUIntScalar3":{"Value":22,"SourceTimestamp":"2024-04-27T11:52:51.2259048Z","ServerTimestamp":"2024-04-27T11:52:51.2259054Z"},"nsu=http://opcfoundation.org/UA/Plc/Applications;s=FastRandomUIntScalar1":{"Value":1088705067,"SourceTimestamp":"2024-04-27T11:52:51.2258705Z","ServerTimestamp":"2024-04-27T11:52:51.2258721Z"},"nsu=http://opcfoundation.org/UA/Plc/Applications;s=FastRandomUIntScalar2":{"Value":884650070,"SourceTimestamp":"2024-04-27T11:52:51.2258778Z","ServerTimestamp":"2024-04-27T11:52:51.2258789Z"},"nsu=http://opcfoundation.org/UA/Plc/Applications;s=FastRandomUIntScalar3":{"Value":837908431,"SourceTimestamp":"2024-04-27T11:52:51.2258809Z","ServerTimestamp":"2024-04-27T11:52:51.2258951Z"},"nsu=http://opcfoundation.org/UA/Plc/Applications;s=SpikeData":{"Value":12.53332335643041,"SourceTimestamp":"2024-04-27T11:52:51.9188803Z","ServerTimestamp":"2024-04-27T11:52:51.918882Z"}}}]}