{"MessageId":"cef2c8fb-f8cd-45fa-bda6-2236b415e296","MessageType":"ua-data","PublisherId":"DESKTOP-BGFJS91","DataSetWriterGroup":"<<UnknownWriterGroup>>","Messages":[{"SequenceNumber":23,"MetaDataVersion":{"MajorVersion":1},"Timestamp":"2024-04-27T11:52:55.0242317Z","MessageType":"ua-deltaframe","DataSetWriterName":"<<UnknownDataSet>>","Payload":{"nsu=http://opcfoundation.org/UA/Plc/Applications;s=StepUp":{"Value":257,"SourceTimestamp":"2024-04-27T11:52:54.9140208Z","ServerTimestamp":"2024-04-27T11:52:54.9140259Z"},"nsu=http://opcfoundation.org/UA/Plc/Applications;s=AlternatingBoolean":{"Value":false,"SourceTimestamp":"2024-04-27T11:52:54.3141045Z","ServerTimestamp":"2024-04-27T11:52:54.3141068Z"},"nsu=http://opcfoundation.org/UA/Plc/Applications;s=RandomSignedInt32":{"Value":1037801381,"SourceTimestamp":"2024-04-27T11:52:54.9140436Z","ServerTimestamp":"2024-04-27T11:52:54.9140473Z"},"nsu=http://opcfoundation.org/UA/Plc/Applications;s=RandomUnsignedInt32":{"Value":1087285177,"SourceTimestamp":"2024-04-27T11:52:54.9140641Z","ServerTimestamp":"2024-04-27T11:52:54.9140717Z"},"nsu=http://opcfoundation.org/UA/Plc/Applications;s=DipData":{"Value":-68.454710592868821,"SourceTimestamp":"2024-04-27T11:52:54.9140767Z","ServerTimestamp":"2024-04-27T11:52:54.9140782Z"},"nsu=http://opcfoundation.org/UA/Plc/Applications;s=FastUIntScalar1":{"Value":25,"SourceTimestamp":"2024-04-27T11:52:54.2214436Z","ServerTimestamp":"2024-04-27T11:52:54.2214643Z"},"nsu=http://opcfoundation.org/UA/Plc/Applications;s=FastUIntScalar2":{"Value":25,"SourceTimestamp":"2024-04-27T11:52:54.2214693Z","ServerTimestamp":"2024-04-27T11:52:54.2215209Z"},"nsu=http://opcfoundation.org/UA/Plc/Applications;s=FastUIntScalar3":{"Value":25,"SourceTimestamp":"2024-04-27T11:52:54.2215243Z","ServerTimestamp":"2024-04-27T11:52:54.2215252Z"},"nsu=http://opcfoundation.org/UA/Plc/Applications;s=FastRandomUIntScalar1":{"Value":1350748488,"SourceTimestamp":"2024-04-27T11:52:54.2214654Z","ServerTimestamp":"2024-04-27T11:52:54.2214746Z"},"nsu=http://opcfoundation.org/UA/Plc/Applications;s=FastRandomUIntScalar2":{"Value":1203510566,"SourceTimestamp":"2024-04-27T11:52:54.221477Z","ServerTimestamp":"2024-04-27T11:52:54.2214778Z"},"nsu=http://opcfoundation.org/UA/Plc/Applications;s=FastRandomUIntScalar3":{"Value":1347472730,"SourceTimestamp":"2024-04-27T11:52:54.2215015Z","ServerTimestamp":"2024-04-27T11:52:54.2215065Z"},"nsu=http://opcfoundation.org/UA/Plc/Applications;s=NegativeTrendData":{"Value":99.799999999999997,"SourceTimestamp":"2024-04-27T11:52:54.3141094Z","ServerTimestamp":"2024-04-27T11:52:54.3141193Z"},"nsu=http://opcfoundation.org/UA/Plc/Applications;s=PositiveTrendData":{"Value":100.40000000000001,"SourceTimestamp":"2024-04-27T11:52:54.3141277Z","ServerTimestamp":"2024-04-27T11:52:54.3141307Z"},"nsu=http://opcfoundation.org/UA/Plc/Applications;s=SpikeData":{"Value":-68.454710592868821,"SourceTimestamp":"2024-04-27T11:52:54.9140843Z","ServerTimestamp":"2024-04-27T11:52:54.9140861Z"}}}]}