{"MessageId":"c8deee62-e781-403d-bc4e-fe21fa606e18","MessageType":"ua-data","PublisherId":"DESKTOP-BGFJS91","DataSetWriterGroup":"<<UnknownWriterGroup>>","Messages":[{"SequenceNumber":24,"MetaDataVersion":{"MajorVersion":1},"Timestamp":"2024-04-27T11:52:56.0112481Z","MessageType":"ua-deltaframe","DataSetWriterName":"<<UnknownDataSet>>","Payload":{"nsu=http://opcfoundation.org/UA/Plc/Applications;s=StepUp":{"Value":267,"SourceTimestamp":"2024-04-27T11:52:55.917458Z","ServerTimestamp":"2024-04-27T11:52:55.9174632Z"},"nsu=http://opcfoundation.org/UA/Plc/Applications;s=RandomSignedInt32":{"Value":-415609379,"SourceTimestamp":"2024-04-27T11:52:55.9174758Z","ServerTimestamp":"2024-04-27T11:52:55.9174805Z"},"nsu=http://opcfoundation.org/UA/Plc/Applications;s=RandomUnsignedInt32":{"Value":826968081,"SourceTimestamp":"2024-04-27T11:52:55.9174925Z","ServerTimestamp":"2024-04-27T11:52:55.9175017Z"},"nsu=http://opcfoundation.org/UA/Plc/Applications;s=DipData":{"Value":-90.482705246601981,"SourceTimestamp":"2024-04-27T11:52:55.9175108Z","ServerTimestamp":"2024-04-27T11:52:55.9175158Z"},"nsu=http://opcfoundation.org/UA/Plc/Applications;s=FastUIntScalar1":{"Value":26,"SourceTimestamp":"2024-04-27T11:52:55.2209839Z","ServerTimestamp":"2024-04-27T11:52:55.2209875Z"},"nsu=http://opcfoundation.org/UA/Plc/Applications;s=FastUIntScalar2":{"Value":26,"SourceTimestamp":"2024-04-27T11:52:55.2209963Z","ServerTimestamp":"2024-04-27T11:52:55.2209989Z"},"nsu=http://opcfoundation.org/UA/Plc/Applications;s=FastUIntScalar3":{"Value":26,"SourceTimestamp":"2024-04-27T11:52:55.2210023Z","ServerTimestamp":"2024-04-27T11:52:55.2210048Z"},"nsu=http://opcfoundation.org/UA/Plc/Applications;s=FastRandomUIntScalar1":{"Value":1079647375,"SourceTimestamp":"2024-04-27T11:52:55.2209778Z","ServerTimestamp":"2024-04-27T11:52:55.2209847Z"},"nsu=http://opcfoundation.org/UA/Plc/Applications;s=FastRandomUIntScalar2":{"Value":3598671667,"SourceTimestamp":"2024-04-27T11:52:55.2209875Z","ServerTimestamp":"2024-04-27T11:52:55.2209967Z"},"nsu=http://opcfoundation.org/UA/Plc/Applications;s=FastRandomUIntScalar3":{"Value":1393225716,"SourceTimestamp":"2024-04-27T11:52:55.220999Z","ServerTimestamp":"2024-04-27T11:52:55.2210025Z"},"nsu=http://opcfoundation.org/UA/Plc/Applications;s=SpikeData":{"Value":-90.482705246601981,"SourceTimestamp":"2024-04-27T11:52:55.9175218Z","ServerTimestamp":"2024-04-27T11:52:55.9175373Z"}}}]}