{"MessageId":"dfdcef2e-d87b-40d1-8ea7-5cd4b17f13c6","MessageType":"ua-data","PublisherId":"DESKTOP-BGFJS91","DataSetWriterGroup":"<<UnknownWriterGroup>>","Messages":[{"SequenceNumber":3,"MetaDataVersion":{"MajorVersion":1},"Timestamp":"2024-04-27T11:52:32.0211116Z","MessageType":"ua-deltaframe","DataSetWriterName":"<<UnknownDataSet>>","Payload":{"nsu=http://opcfoundation.org/UA/Plc/Applications;s=StepUp":{"Value":27,"SourceTimestamp":"2024-04-27T11:52:31.9123606Z","ServerTimestamp":"2024-04-27T11:52:31.9123642Z"},"nsu=http://opcfoundation.org/UA/Plc/Applications;s=RandomSignedInt32":{"Value":-867100526,"SourceTimestamp":"2024-04-27T11:52:31.9123794Z","ServerTimestamp":"2024-04-27T11:52:31.9123802Z"},"nsu=http://opcfoundation.org/UA/Plc/Applications;s=RandomUnsignedInt32":{"Value":2114334372,"SourceTimestamp":"2024-04-27T11:52:31.9124042Z","ServerTimestamp":"2024-04-27T11:52:31.9124061Z"},"nsu=http://opcfoundation.org/UA/Plc/Applications;s=DipData":{"Value":12.53332335643041,"SourceTimestamp":"2024-04-27T11:52:31.9124112Z","ServerTimestamp":"2024-04-27T11:52:31.9124123Z"},"nsu=http://opcfoundation.org/UA/Plc/Applications;s=FastUIntScalar1":{"Value":2,"SourceTimestamp":"2024-04-27T11:52:31.2185745Z","ServerTimestamp":"2024-04-27T11:52:31.2185779Z"},"nsu=http://opcfoundation.org/UA/Plc/Applications;s=FastUIntScalar2":{"Value":2,"SourceTimestamp":"2024-04-27T11:52:31.2185887Z","ServerTimestamp":"2024-04-27T11:52:31.2185932Z"},"nsu=http://opcfoundation.org/UA/Plc/Applications;s=FastUIntScalar3":{"Value":2,"SourceTimestamp":"2024-04-27T11:52:31.2185965Z","ServerTimestamp":"2024-04-27T11:52:31.2185989Z"},"nsu=http://opcfoundation.org/UA/Plc/Applications;s=FastRandomUIntScalar1":{"Value":1790633266,"SourceTimestamp":"2024-04-27T11:52:31.2185785Z","ServerTimestamp":"2024-04-27T11:52:31.2185891Z"},"nsu=http://opcfoundation.org/UA/Plc/Applications;s=FastRandomUIntScalar2":{"Value":1132718271,"SourceTimestamp":"2024-04-27T11:52:31.218593Z","ServerTimestamp":"2024-04-27T11:52:31.2185966Z"},"nsu=http://opcfoundation.org/UA/Plc/Applications;s=FastRandomUIntScalar3":{"Value":816578941,"SourceTimestamp":"2024-04-27T11:52:31.2185987Z","ServerTimestamp":"2024-04-27T11:52:31.2186014Z"},"nsu=http://opcfoundation.org/UA/Plc/Applications;s=SpikeData":{"Value":12.53332335643041,"SourceTimestamp":"2024-04-27T11:52:31.9124174Z","ServerTimestamp":"2024-04-27T11:52:31.9124182Z"}}}]}