{"MessageId":"dcd1333e-95d4-4583-95df-f42a30fc2035","MessageType":"ua-data","PublisherId":"DESKTOP-BGFJS91","DataSetWriterGroup":"<<UnknownWriterGroup>>","Messages":[{"SequenceNumber":28,"MetaDataVersion":{"MajorVersion":1},"Timestamp":"2024-04-27T11:53:00.0395771Z","MessageType":"ua-deltaframe","DataSetWriterName":"<<UnknownDataSet>>","Payload":{"nsu=http://opcfoundation.org/UA/Plc/Applications;s=AlternatingBoolean":{"Value":true,"SourceTimestamp":"2024-04-27T11:52:59.3213794Z","ServerTimestamp":"2024-04-27T11:52:59.3213803Z"},"nsu=http://opcfoundation.org/UA/Plc/Applications;s=NegativeTrendData":{"Value":99.700000000000003,"SourceTimestamp":"2024-04-27T11:52:59.3213608Z","ServerTimestamp":"2024-04-27T11:52:59.3213895Z"},"nsu=http://opcfoundation.org/UA/Plc/Applications;s=PositiveTrendData":{"Value":100.5,"SourceTimestamp":"2024-04-27T11:52:59.3213659Z","ServerTimestamp":"2024-04-27T11:52:59.3213702Z"}}}]}