{"MessageId":"65c3592d-db95-4bfa-b4bb-91ff7851c64d","MessageType":"ua-data","PublisherId":"DESKTOP-BGFJS91","DataSetWriterGroup":"<<UnknownWriterGroup>>","Messages":[{"DataSetWriterId":1,"SequenceNumber":3,"MetaDataVersion":{"MajorVersion":1},"Timestamp":"2024-04-27T11:53:00.1027526Z","MessageType":"ua-deltaframe","DataSetWriterName":"<<UnknownDataSet>>","Payload":{"nsu=http://opcfoundation.org/UA/Plc/Applications;s=SlowUIntScalar1":{"Value":3,"SourceTimestamp":"2024-04-27T11:52:59.2123865Z","ServerTimestamp":"2024-04-27T11:52:59.2123913Z"},"nsu=http://opcfoundation.org/UA/Plc/Applications;s=SlowUIntScalar2":{"Value":3,"SourceTimestamp":"2024-04-27T11:52:59.2124073Z","ServerTimestamp":"2024-04-27T11:52:59.2124085Z"},"nsu=http://opcfoundation.org/UA/Plc/Applications;s=SlowUIntScalar3":{"Value":3,"SourceTimestamp":"2024-04-27T11:52:59.2124106Z","ServerTimestamp":"2024-04-27T11:52:59.2124114Z"},"nsu=http://opcfoundation.org/UA/Plc/Applications;s=BadSlowUIntScalar1":{"Value":3,"SourceTimestamp":"2024-04-27T11:52:59.2124138Z","ServerTimestamp":"2024-04-27T11:52:59.2124147Z"},"nsu=http://opcfoundation.org/UA/Plc/Applications;s=SlowRandomUIntScalar1":{"Value":26617296,"SourceTimestamp":"2024-04-27T11:52:59.2124771Z","ServerTimestamp":"2024-04-27T11:52:59.212484Z"},"nsu=http://opcfoundation.org/UA/Plc/Applications;s=SlowRandomUIntScalar2":{"Value":2941198346,"SourceTimestamp":"2024-04-27T11:52:59.2124932Z","ServerTimestamp":"2024-04-27T11:52:59.2124952Z"},"nsu=http://opcfoundation.org/UA/Plc/Applications;s=SlowRandomUIntScalar3":{"Value":3172469682,"SourceTimestamp":"2024-04-27T11:52:59.2124984Z","ServerTimestamp":"2024-04-27T11:52:59.212505Z"},"nsu=http://opcfoundation.org/UA/Plc/Applications;s=BadSlowRandomUIntScalar1":{"Value":4123448267,"SourceTimestamp":"2024-04-27T11:52:59.2125075Z","ServerTimestamp":"2024-04-27T11:52:59.21251Z"}}}]}