{"MessageId":"7f57e122-6655-43b5-b647-49d8cbfe478a","MessageType":"ua-data","PublisherId":"DESKTOP-BGFJS91","DataSetWriterGroup":"<<UnknownWriterGroup>>","Messages":[{"SequenceNumber":30,"MetaDataVersion":{"MajorVersion":1},"Timestamp":"2024-04-27T11:53:02.0277144Z","MessageType":"ua-deltaframe","DataSetWriterName":"<<UnknownDataSet>>","Payload":{"nsu=http://opcfoundation.org/UA/Plc/Applications;s=StepUp":{"Value":328,"SourceTimestamp":"2024-04-27T11:53:02.012035Z","ServerTimestamp":"2024-04-27T11:53:02.012039Z"},"nsu=http://opcfoundation.org/UA/Plc/Applications;s=RandomSignedInt32":{"Value":-1189217915,"SourceTimestamp":"2024-04-27T11:53:02.0120066Z","ServerTimestamp":"2024-04-27T11:53:02.012011Z"},"nsu=http://opcfoundation.org/UA/Plc/Applications;s=RandomUnsignedInt32":{"Value":341961656,"SourceTimestamp":"2024-04-27T11:53:02.0120541Z","ServerTimestamp":"2024-04-27T11:53:02.0120599Z"},"nsu=http://opcfoundation.org/UA/Plc/Applications;s=DipData":{"Value":24.868988716485482,"SourceTimestamp":"2024-04-27T11:53:02.0120535Z","ServerTimestamp":"2024-04-27T11:53:02.0120549Z"},"nsu=http://opcfoundation.org/UA/Plc/Applications;s=FastUIntScalar1":{"Value":32,"SourceTimestamp":"2024-04-27T11:53:01.2178599Z","ServerTimestamp":"2024-04-27T11:53:01.2178618Z"},"nsu=http://opcfoundation.org/UA/Plc/Applications;s=FastUIntScalar2":{"Value":32,"SourceTimestamp":"2024-04-27T11:53:01.2178676Z","ServerTimestamp":"2024-04-27T11:53:01.2178952Z"},"nsu=http://opcfoundation.org/UA/Plc/Applications;s=FastUIntScalar3":{"Value":32,"SourceTimestamp":"2024-04-27T11:53:01.2178981Z","ServerTimestamp":"2024-04-27T11:53:01.2179017Z"},"nsu=http://opcfoundation.org/UA/Plc/Applications;s=FastRandomUIntScalar1":{"Value":4219926948,"SourceTimestamp":"2024-04-27T11:53:01.2178608Z","ServerTimestamp":"2024-04-27T11:53:01.2178689Z"},"nsu=http://opcfoundation.org/UA/Plc/Applications;s=FastRandomUIntScalar2":{"Value":3519833505,"SourceTimestamp":"2024-04-27T11:53:01.2178807Z","ServerTimestamp":"2024-04-27T11:53:01.2178927Z"},"nsu=http://opcfoundation.org/UA/Plc/Applications;s=FastRandomUIntScalar3":{"Value":206493113,"SourceTimestamp":"2024-04-27T11:53:01.217895Z","ServerTimestamp":"2024-04-27T11:53:01.2178987Z"},"nsu=http://opcfoundation.org/UA/Plc/Applications;s=SpikeData":{"Value":24.868988716485482,"SourceTimestamp":"2024-04-27T11:53:02.0120808Z","ServerTimestamp":"2024-04-27T11:53:02.0120828Z"}}}]}