{"MessageId":"bc967b72-eb5f-41c0-b6b8-842caccbb69f","MessageType":"ua-data","PublisherId":"DESKTOP-BGFJS91","DataSetWriterGroup":"<<UnknownWriterGroup>>","Messages":[{"SequenceNumber":34,"MetaDataVersion":{"MajorVersion":1},"Timestamp":"2024-04-27T11:53:06.0456955Z","MessageType":"ua-deltaframe","DataSetWriterName":"<<UnknownDataSet>>","Payload":{"nsu=http://opcfoundation.org/UA/Plc/Applications;s=StepUp":{"Value":368,"SourceTimestamp":"2024-04-27T11:53:06.0149598Z","ServerTimestamp":"2024-04-27T11:53:06.0149654Z"},"nsu=http://opcfoundation.org/UA/Plc/Applications;s=RandomSignedInt32":{"Value":-537043362,"SourceTimestamp":"2024-04-27T11:53:06.0149474Z","ServerTimestamp":"2024-04-27T11:53:06.0149514Z"},"nsu=http://opcfoundation.org/UA/Plc/Applications;s=RandomUnsignedInt32":{"Value":304101724,"SourceTimestamp":"2024-04-27T11:53:06.0149702Z","ServerTimestamp":"2024-04-27T11:53:06.0149715Z"},"nsu=http://opcfoundation.org/UA/Plc/Applications;s=DipData":{"Value":-84.432792550201526,"SourceTimestamp":"2024-04-27T11:53:06.0149811Z","ServerTimestamp":"2024-04-27T11:53:06.0149821Z"},"nsu=http://opcfoundation.org/UA/Plc/Applications;s=FastUIntScalar1":{"Value":36,"SourceTimestamp":"2024-04-27T11:53:05.2116493Z","ServerTimestamp":"2024-04-27T11:53:05.2116731Z"},"nsu=http://opcfoundation.org/UA/Plc/Applications;s=FastUIntScalar2":{"Value":36,"SourceTimestamp":"2024-04-27T11:53:05.211692Z","ServerTimestamp":"2024-04-27T11:53:05.2116936Z"},"nsu=http://opcfoundation.org/UA/Plc/Applications;s=FastUIntScalar3":{"Value":36,"SourceTimestamp":"2024-04-27T11:53:05.2116952Z","ServerTimestamp":"2024-04-27T11:53:05.2116972Z"},"nsu=http://opcfoundation.org/UA/Plc/Applications;s=FastRandomUIntScalar1":{"Value":2523823414,"SourceTimestamp":"2024-04-27T11:53:05.2116498Z","ServerTimestamp":"2024-04-27T11:53:05.2116596Z"},"nsu=http://opcfoundation.org/UA/Plc/Applications;s=FastRandomUIntScalar2":{"Value":2445978533,"SourceTimestamp":"2024-04-27T11:53:05.2116727Z","ServerTimestamp":"2024-04-27T11:53:05.2116919Z"},"nsu=http://opcfoundation.org/UA/Plc/Applications;s=FastRandomUIntScalar3":{"Value":3979199758,"SourceTimestamp":"2024-04-27T11:53:05.2116934Z","ServerTimestamp":"2024-04-27T11:53:05.2116955Z"},"nsu=http://opcfoundation.org/UA/Plc/Applications;s=SpikeData":{"Value":-84.432792550201526,"SourceTimestamp":"2024-04-27T11:53:06.0149875Z","ServerTimestamp":"2024-04-27T11:53:06.0149911Z"}}}]}