{"MessageId":"180c5fba-23ea-4259-9e6a-ee821d68ecdc","MessageType":"ua-data","PublisherId":"DESKTOP-BGFJS91","DataSetWriterGroup":"<<UnknownWriterGroup>>","Messages":[{"SequenceNumber":35,"MetaDataVersion":{"MajorVersion":1},"Timestamp":"2024-04-27T11:53:08.0125977Z","MessageType":"ua-deltaframe","DataSetWriterName":"<<UnknownDataSet>>","Payload":{"nsu=http://opcfoundation.org/UA/Plc/Applications;s=StepUp":{"Value":387,"SourceTimestamp":"2024-04-27T11:53:07.9184615Z","ServerTimestamp":"2024-04-27T11:53:07.9184642Z"},"nsu=http://opcfoundation.org/UA/Plc/Applications;s=RandomSignedInt32":{"Value":-1343997402,"SourceTimestamp":"2024-04-27T11:53:07.9184809Z","ServerTimestamp":"2024-04-27T11:53:07.9184829Z"},"nsu=http://opcfoundation.org/UA/Plc/Applications;s=RandomUnsignedInt32":{"Value":347100788,"SourceTimestamp":"2024-04-27T11:53:07.9184942Z","ServerTimestamp":"2024-04-27T11:53:07.9185017Z"},"nsu=http://opcfoundation.org/UA/Plc/Applications;s=DipData":{"Value":98.228725072868855,"SourceTimestamp":"2024-04-27T11:53:07.9185099Z","ServerTimestamp":"2024-04-27T11:53:07.9185195Z"},"nsu=http://opcfoundation.org/UA/Plc/Applications;s=FastUIntScalar1":{"Value":38,"SourceTimestamp":"2024-04-27T11:53:07.212957Z","ServerTimestamp":"2024-04-27T11:53:07.2129863Z"},"nsu=http://opcfoundation.org/UA/Plc/Applications;s=FastUIntScalar2":{"Value":38,"SourceTimestamp":"2024-04-27T11:53:07.2129999Z","ServerTimestamp":"2024-04-27T11:53:07.2130086Z"},"nsu=http://opcfoundation.org/UA/Plc/Applications;s=FastUIntScalar3":{"Value":38,"SourceTimestamp":"2024-04-27T11:53:07.2130111Z","ServerTimestamp":"2024-04-27T11:53:07.2130444Z"},"nsu=http://opcfoundation.org/UA/Plc/Applications;s=FastRandomUIntScalar1":{"Value":1975562822,"SourceTimestamp":"2024-04-27T11:53:07.2129768Z","ServerTimestamp":"2024-04-27T11:53:07.2130001Z"},"nsu=http://opcfoundation.org/UA/Plc/Applications;s=FastRandomUIntScalar2":{"Value":1712014359,"SourceTimestamp":"2024-04-27T11:53:07.2130083Z","ServerTimestamp":"2024-04-27T11:53:07.2130116Z"},"nsu=http://opcfoundation.org/UA/Plc/Applications;s=FastRandomUIntScalar3":{"Value":788530591,"SourceTimestamp":"2024-04-27T11:53:07.2130209Z","ServerTimestamp":"2024-04-27T11:53:07.2130414Z"},"nsu=http://opcfoundation.org/UA/Plc/Applications;s=SpikeData":{"Value":98.228725072868855,"SourceTimestamp":"2024-04-27T11:53:07.918512Z","ServerTimestamp":"2024-04-27T11:53:07.9185222Z"}}}]}