{"MessageId":"169d4445-eb0f-4f7e-b492-7d2d44dbf627","MessageType":"ua-data","PublisherId":"DESKTOP-BGFJS91","DataSetWriterGroup":"<<UnknownWriterGroup>>","Messages":[{"DataSetWriterId":1,"SequenceNumber":4,"MetaDataVersion":{"MajorVersion":1},"Timestamp":"2024-04-27T11:53:10.107764Z","MessageType":"ua-deltaframe","DataSetWriterName":"<<UnknownDataSet>>","Payload":{"nsu=http://opcfoundation.org/UA/Plc/Applications;s=SlowUIntScalar1":{"Value":4,"SourceTimestamp":"2024-04-27T11:53:09.2154394Z","ServerTimestamp":"2024-04-27T11:53:09.2154421Z"},"nsu=http://opcfoundation.org/UA/Plc/Applications;s=SlowUIntScalar2":{"Value":4,"SourceTimestamp":"2024-04-27T11:53:09.2154524Z","ServerTimestamp":"2024-04-27T11:53:09.2154601Z"},"nsu=http://opcfoundation.org/UA/Plc/Applications;s=SlowUIntScalar3":{"Value":4,"SourceTimestamp":"2024-04-27T11:53:09.2154615Z","ServerTimestamp":"2024-04-27T11:53:09.2154847Z"},"nsu=http://opcfoundation.org/UA/Plc/Applications;s=BadSlowUIntScalar1":{"Value":4,"StatusCode":{"Symbol":"UncertainLastUsableValue","Code":1083179008},"SourceTimestamp":"2024-04-27T11:53:09.2154907Z","ServerTimestamp":"2024-04-27T11:53:09.2154914Z"},"nsu=http://opcfoundation.org/UA/Plc/Applications;s=SlowRandomUIntScalar1":{"Value":2557317838,"SourceTimestamp":"2024-04-27T11:53:09.2154592Z","ServerTimestamp":"2024-04-27T11:53:09.2154615Z"},"nsu=http://opcfoundation.org/UA/Plc/Applications;s=SlowRandomUIntScalar2":{"Value":3065713641,"SourceTimestamp":"2024-04-27T11:53:09.2154658Z","ServerTimestamp":"2024-04-27T11:53:09.2154952Z"},"nsu=http://opcfoundation.org/UA/Plc/Applications;s=SlowRandomUIntScalar3":{"Value":1124939288,"SourceTimestamp":"2024-04-27T11:53:09.2154987Z","ServerTimestamp":"2024-04-27T11:53:09.2154998Z"},"nsu=http://opcfoundation.org/UA/Plc/Applications;s=BadSlowRandomUIntScalar1":{"Value":2504003805,"StatusCode":{"Symbol":"UncertainLastUsableValue","Code":1083179008},"SourceTimestamp":"2024-04-27T11:53:09.2155013Z","ServerTimestamp":"2024-04-27T11:53:09.2155033Z"}}}]}