{"MessageId":"14981e8c-41b8-4cae-af5d-663b8b1ca2d3","MessageType":"ua-data","PublisherId":"DESKTOP-BGFJS91","DataSetWriterGroup":"<<UnknownWriterGroup>>","Messages":[{"SequenceNumber":42,"MetaDataVersion":{"MajorVersion":1},"Timestamp":"2024-04-27T11:53:16.0476312Z","MessageType":"ua-deltaframe","DataSetWriterName":"<<UnknownDataSet>>","Payload":{"nsu=http://opcfoundation.org/UA/Plc/Applications;s=StepUp":{"Value":468,"SourceTimestamp":"2024-04-27T11:53:16.0150615Z","ServerTimestamp":"2024-04-27T11:53:16.0150648Z"},"nsu=http://opcfoundation.org/UA/Plc/Applications;s=RandomSignedInt32":{"Value":368063355,"SourceTimestamp":"2024-04-27T11:53:16.0150773Z","ServerTimestamp":"2024-04-27T11:53:16.0150792Z"},"nsu=http://opcfoundation.org/UA/Plc/Applications;s=RandomUnsignedInt32":{"Value":2058144492,"SourceTimestamp":"2024-04-27T11:53:16.0150892Z","ServerTimestamp":"2024-04-27T11:53:16.0150898Z"},"nsu=http://opcfoundation.org/UA/Plc/Applications;s=DipData":{"Value":-84.432792550201526,"SourceTimestamp":"2024-04-27T11:53:16.0150957Z","ServerTimestamp":"2024-04-27T11:53:16.0150964Z"},"nsu=http://opcfoundation.org/UA/Plc/Applications;s=FastUIntScalar1":{"Value":46,"SourceTimestamp":"2024-04-27T11:53:15.2236393Z","ServerTimestamp":"2024-04-27T11:53:15.2236411Z"},"nsu=http://opcfoundation.org/UA/Plc/Applications;s=FastUIntScalar2":{"Value":46,"SourceTimestamp":"2024-04-27T11:53:15.2236476Z","ServerTimestamp":"2024-04-27T11:53:15.2236489Z"},"nsu=http://opcfoundation.org/UA/Plc/Applications;s=FastUIntScalar3":{"Value":46,"SourceTimestamp":"2024-04-27T11:53:15.2236502Z","ServerTimestamp":"2024-04-27T11:53:15.2236512Z"},"nsu=http://opcfoundation.org/UA/Plc/Applications;s=FastRandomUIntScalar1":{"Value":25029517,"SourceTimestamp":"2024-04-27T11:53:15.2236419Z","ServerTimestamp":"2024-04-27T11:53:15.2236476Z"},"nsu=http://opcfoundation.org/UA/Plc/Applications;s=FastRandomUIntScalar2":{"Value":1207000920,"SourceTimestamp":"2024-04-27T11:53:15.223649Z","ServerTimestamp":"2024-04-27T11:53:15.2236501Z"},"nsu=http://opcfoundation.org/UA/Plc/Applications;s=FastRandomUIntScalar3":{"Value":304177849,"SourceTimestamp":"2024-04-27T11:53:15.2236515Z","ServerTimestamp":"2024-04-27T11:53:15.2236522Z"},"nsu=http://opcfoundation.org/UA/Plc/Applications;s=SpikeData":{"Value":-84.432792550201526,"SourceTimestamp":"2024-04-27T11:53:16.0151179Z","ServerTimestamp":"2024-04-27T11:53:16.01512Z"}}}]}