{"MessageId":"07e06fc0-d29b-48e1-a90a-d95252db9eed","MessageType":"ua-data","PublisherId":"DESKTOP-BGFJS91","DataSetWriterGroup":"<<UnknownWriterGroup>>","Messages":[{"SequenceNumber":5,"MetaDataVersion":{"MajorVersion":1},"Timestamp":"2024-04-27T11:52:33.9992086Z","MessageType":"ua-deltaframe","DataSetWriterName":"<<UnknownDataSet>>","Payload":{"nsu=http://opcfoundation.org/UA/Plc/Applications;s=StepUp":{"Value":47,"SourceTimestamp":"2024-04-27T11:52:33.9222238Z","ServerTimestamp":"2024-04-27T11:52:33.9222273Z"},"nsu=http://opcfoundation.org/UA/Plc/Applications;s=RandomSignedInt32":{"Value":1534746983,"SourceTimestamp":"2024-04-27T11:52:33.9222594Z","ServerTimestamp":"2024-04-27T11:52:33.9222627Z"},"nsu=http://opcfoundation.org/UA/Plc/Applications;s=RandomUnsignedInt32":{"Value":163208007,"SourceTimestamp":"2024-04-27T11:52:33.9222859Z","ServerTimestamp":"2024-04-27T11:52:33.9222874Z"},"nsu=http://opcfoundation.org/UA/Plc/Applications;s=DipData":{"Value":48.175367410171532,"SourceTimestamp":"2024-04-27T11:52:33.9222966Z","ServerTimestamp":"2024-04-27T11:52:33.9222992Z"},"nsu=http://opcfoundation.org/UA/Plc/Applications;s=FastUIntScalar1":{"Value":4,"SourceTimestamp":"2024-04-27T11:52:33.2124674Z","ServerTimestamp":"2024-04-27T11:52:33.2124765Z"},"nsu=http://opcfoundation.org/UA/Plc/Applications;s=FastUIntScalar2":{"Value":4,"SourceTimestamp":"2024-04-27T11:52:33.212478Z","ServerTimestamp":"2024-04-27T11:52:33.2124801Z"},"nsu=http://opcfoundation.org/UA/Plc/Applications;s=FastUIntScalar3":{"Value":4,"SourceTimestamp":"2024-04-27T11:52:33.2124809Z","ServerTimestamp":"2024-04-27T11:52:33.2124823Z"},"nsu=http://opcfoundation.org/UA/Plc/Applications;s=FastRandomUIntScalar1":{"Value":118456307,"SourceTimestamp":"2024-04-27T11:52:33.2124686Z","ServerTimestamp":"2024-04-27T11:52:33.2124721Z"},"nsu=http://opcfoundation.org/UA/Plc/Applications;s=FastRandomUIntScalar2":{"Value":3654335787,"SourceTimestamp":"2024-04-27T11:52:33.2124763Z","ServerTimestamp":"2024-04-27T11:52:33.2124787Z"},"nsu=http://opcfoundation.org/UA/Plc/Applications;s=FastRandomUIntScalar3":{"Value":3302579734,"SourceTimestamp":"2024-04-27T11:52:33.2124798Z","ServerTimestamp":"2024-04-27T11:52:33.2124812Z"},"nsu=http://opcfoundation.org/UA/Plc/Applications;s=SpikeData":{"Value":48.175367410171532,"SourceTimestamp":"2024-04-27T11:52:33.922313Z","ServerTimestamp":"2024-04-27T11:52:33.9223152Z"}}}]}