{"MessageId":"471caaf1-40a4-48ca-9548-72d7c8b77744","MessageType":"ua-data","PublisherId":"DESKTOP-BGFJS91","DataSetWriterGroup":"<<UnknownWriterGroup>>","Messages":[{"DataSetWriterId":1,"SequenceNumber":5,"MetaDataVersion":{"MajorVersion":1},"Timestamp":"2024-04-27T11:53:20.1256875Z","MessageType":"ua-deltaframe","DataSetWriterName":"<<UnknownDataSet>>","Payload":{"nsu=http://opcfoundation.org/UA/Plc/Applications;s=SlowUIntScalar1":{"Value":5,"SourceTimestamp":"2024-04-27T11:53:19.212212Z","ServerTimestamp":"2024-04-27T11:53:19.2122171Z"},"nsu=http://opcfoundation.org/UA/Plc/Applications;s=SlowUIntScalar2":{"Value":5,"SourceTimestamp":"2024-04-27T11:53:19.2122317Z","ServerTimestamp":"2024-04-27T11:53:19.2122327Z"},"nsu=http://opcfoundation.org/UA/Plc/Applications;s=SlowUIntScalar3":{"Value":5,"SourceTimestamp":"2024-04-27T11:53:19.2122343Z","ServerTimestamp":"2024-04-27T11:53:19.2122349Z"},"nsu=http://opcfoundation.org/UA/Plc/Applications;s=BadSlowUIntScalar1":{"Value":5,"SourceTimestamp":"2024-04-27T11:53:19.2122369Z","ServerTimestamp":"2024-04-27T11:53:19.2122377Z"},"nsu=http://opcfoundation.org/UA/Plc/Applications;s=SlowRandomUIntScalar1":{"Value":1961224981,"SourceTimestamp":"2024-04-27T11:53:19.2123333Z","ServerTimestamp":"2024-04-27T11:53:19.2123405Z"},"nsu=http://opcfoundation.org/UA/Plc/Applications;s=SlowRandomUIntScalar2":{"Value":2564725704,"SourceTimestamp":"2024-04-27T11:53:19.2123499Z","ServerTimestamp":"2024-04-27T11:53:19.2123551Z"},"nsu=http://opcfoundation.org/UA/Plc/Applications;s=SlowRandomUIntScalar3":{"Value":3241297848,"SourceTimestamp":"2024-04-27T11:53:19.2123575Z","ServerTimestamp":"2024-04-27T11:53:19.2123603Z"},"nsu=http://opcfoundation.org/UA/Plc/Applications;s=BadSlowRandomUIntScalar1":{"Value":2205079619,"SourceTimestamp":"2024-04-27T11:53:19.2123633Z","ServerTimestamp":"2024-04-27T11:53:19.2123645Z"}}}]}