{"MessageId":"1dee2c77-9209-45ee-8d8c-e109d6a60a50","MessageType":"ua-data","PublisherId":"DESKTOP-BGFJS91","DataSetWriterGroup":"<<UnknownWriterGroup>>","Messages":[{"SequenceNumber":46,"MetaDataVersion":{"MajorVersion":1},"Timestamp":"2024-04-27T11:53:20.9969393Z","MessageType":"ua-deltaframe","DataSetWriterName":"<<UnknownDataSet>>","Payload":{"nsu=http://opcfoundation.org/UA/Plc/Applications;s=StepUp":{"Value":517,"SourceTimestamp":"2024-04-27T11:53:20.9200403Z","ServerTimestamp":"2024-04-27T11:53:20.9200434Z"},"nsu=http://opcfoundation.org/UA/Plc/Applications;s=RandomSignedInt32":{"Value":-2101566237,"SourceTimestamp":"2024-04-27T11:53:20.9200453Z","ServerTimestamp":"2024-04-27T11:53:20.9200546Z"},"nsu=http://opcfoundation.org/UA/Plc/Applications;s=RandomUnsignedInt32":{"Value":2111894080,"SourceTimestamp":"2024-04-27T11:53:20.9200618Z","ServerTimestamp":"2024-04-27T11:53:20.9200627Z"},"nsu=http://opcfoundation.org/UA/Plc/Applications;s=DipData":{"Value":-90.482705246601981,"SourceTimestamp":"2024-04-27T11:53:20.9200736Z","ServerTimestamp":"2024-04-27T11:53:20.920076Z"},"nsu=http://opcfoundation.org/UA/Plc/Applications;s=FastUIntScalar1":{"Value":51,"SourceTimestamp":"2024-04-27T11:53:20.2181036Z","ServerTimestamp":"2024-04-27T11:53:20.2181105Z"},"nsu=http://opcfoundation.org/UA/Plc/Applications;s=FastUIntScalar2":{"Value":51,"SourceTimestamp":"2024-04-27T11:53:20.2181172Z","ServerTimestamp":"2024-04-27T11:53:20.2181185Z"},"nsu=http://opcfoundation.org/UA/Plc/Applications;s=FastUIntScalar3":{"Value":51,"SourceTimestamp":"2024-04-27T11:53:20.2181236Z","ServerTimestamp":"2024-04-27T11:53:20.2181252Z"},"nsu=http://opcfoundation.org/UA/Plc/Applications;s=FastRandomUIntScalar1":{"Value":3317738134,"SourceTimestamp":"2024-04-27T11:53:20.2180988Z","ServerTimestamp":"2024-04-27T11:53:20.2181005Z"},"nsu=http://opcfoundation.org/UA/Plc/Applications;s=FastRandomUIntScalar2":{"Value":2215279397,"SourceTimestamp":"2024-04-27T11:53:20.2181099Z","ServerTimestamp":"2024-04-27T11:53:20.2181171Z"},"nsu=http://opcfoundation.org/UA/Plc/Applications;s=FastRandomUIntScalar3":{"Value":2126400482,"SourceTimestamp":"2024-04-27T11:53:20.2181183Z","ServerTimestamp":"2024-04-27T11:53:20.2181238Z"},"nsu=http://opcfoundation.org/UA/Plc/Applications;s=SpikeData":{"Value":-90.482705246601981,"SourceTimestamp":"2024-04-27T11:53:20.9200932Z","ServerTimestamp":"2024-04-27T11:53:20.9200951Z"}}}]}