{"MessageId":"16f77781-32eb-4dca-b29f-a6c0dde9bf6a","MessageType":"ua-data","PublisherId":"DESKTOP-BGFJS91","DataSetWriterGroup":"<<UnknownWriterGroup>>","Messages":[{"SequenceNumber":47,"MetaDataVersion":{"MajorVersion":1},"Timestamp":"2024-04-27T11:53:22.0443642Z","MessageType":"ua-deltaframe","DataSetWriterName":"<<UnknownDataSet>>","Payload":{"nsu=http://opcfoundation.org/UA/Plc/Applications;s=StepUp":{"Value":528,"SourceTimestamp":"2024-04-27T11:53:22.0133171Z","ServerTimestamp":"2024-04-27T11:53:22.0133215Z"},"nsu=http://opcfoundation.org/UA/Plc/Applications;s=RandomSignedInt32":{"Value":1460585743,"SourceTimestamp":"2024-04-27T11:53:22.013361Z","ServerTimestamp":"2024-04-27T11:53:22.0133811Z"},"nsu=http://opcfoundation.org/UA/Plc/Applications;s=RandomUnsignedInt32":{"Value":483823827,"SourceTimestamp":"2024-04-27T11:53:22.0133543Z","ServerTimestamp":"2024-04-27T11:53:22.0133555Z"},"nsu=http://opcfoundation.org/UA/Plc/Applications;s=DipData":{"Value":24.868988716485482,"SourceTimestamp":"2024-04-27T11:53:22.0133711Z","ServerTimestamp":"2024-04-27T11:53:22.0133771Z"},"nsu=http://opcfoundation.org/UA/Plc/Applications;s=FastUIntScalar1":{"Value":52,"SourceTimestamp":"2024-04-27T11:53:21.2140524Z","ServerTimestamp":"2024-04-27T11:53:21.2140829Z"},"nsu=http://opcfoundation.org/UA/Plc/Applications;s=FastUIntScalar2":{"Value":52,"SourceTimestamp":"2024-04-27T11:53:21.2140889Z","ServerTimestamp":"2024-04-27T11:53:21.214091Z"},"nsu=http://opcfoundation.org/UA/Plc/Applications;s=FastUIntScalar3":{"Value":52,"SourceTimestamp":"2024-04-27T11:53:21.2140975Z","ServerTimestamp":"2024-04-27T11:53:21.2141311Z"},"nsu=http://opcfoundation.org/UA/Plc/Applications;s=FastRandomUIntScalar1":{"Value":1232381406,"SourceTimestamp":"2024-04-27T11:53:21.2140544Z","ServerTimestamp":"2024-04-27T11:53:21.2141081Z"},"nsu=http://opcfoundation.org/UA/Plc/Applications;s=FastRandomUIntScalar2":{"Value":3014253219,"SourceTimestamp":"2024-04-27T11:53:21.2141118Z","ServerTimestamp":"2024-04-27T11:53:21.2141163Z"},"nsu=http://opcfoundation.org/UA/Plc/Applications;s=FastRandomUIntScalar3":{"Value":3249340364,"SourceTimestamp":"2024-04-27T11:53:21.2141206Z","ServerTimestamp":"2024-04-27T11:53:21.2141216Z"},"nsu=http://opcfoundation.org/UA/Plc/Applications;s=SpikeData":{"Value":24.868988716485482,"SourceTimestamp":"2024-04-27T11:53:22.0133843Z","ServerTimestamp":"2024-04-27T11:53:22.0133925Z"}}}]}