{"MessageId":"15859641-aae6-4a8c-a35c-6c8fe658d919","MessageType":"ua-data","PublisherId":"DESKTOP-BGFJS91","DataSetWriterGroup":"<<UnknownWriterGroup>>","Messages":[{"SequenceNumber":48,"MetaDataVersion":{"MajorVersion":1},"Timestamp":"2024-04-27T11:53:24.0191505Z","MessageType":"ua-deltaframe","DataSetWriterName":"<<UnknownDataSet>>","Payload":{"nsu=http://opcfoundation.org/UA/Plc/Applications;s=StepUp":{"Value":547,"SourceTimestamp":"2024-04-27T11:53:23.9259396Z","ServerTimestamp":"2024-04-27T11:53:23.9259445Z"},"nsu=http://opcfoundation.org/UA/Plc/Applications;s=RandomSignedInt32":{"Value":-1284505317,"SourceTimestamp":"2024-04-27T11:53:23.926005Z","ServerTimestamp":"2024-04-27T11:53:23.9260314Z"},"nsu=http://opcfoundation.org/UA/Plc/Applications;s=RandomUnsignedInt32":{"Value":1004131678,"SourceTimestamp":"2024-04-27T11:53:23.9259993Z","ServerTimestamp":"2024-04-27T11:53:23.9260006Z"},"nsu=http://opcfoundation.org/UA/Plc/Applications;s=DipData":{"Value":48.175367410171532,"SourceTimestamp":"2024-04-27T11:53:23.9260144Z","ServerTimestamp":"2024-04-27T11:53:23.9260989Z"},"nsu=http://opcfoundation.org/UA/Plc/Applications;s=FastUIntScalar1":{"Value":54,"SourceTimestamp":"2024-04-27T11:53:23.2133192Z","ServerTimestamp":"2024-04-27T11:53:23.2133225Z"},"nsu=http://opcfoundation.org/UA/Plc/Applications;s=FastUIntScalar2":{"Value":54,"SourceTimestamp":"2024-04-27T11:53:23.2133341Z","ServerTimestamp":"2024-04-27T11:53:23.2133353Z"},"nsu=http://opcfoundation.org/UA/Plc/Applications;s=FastUIntScalar3":{"Value":54,"SourceTimestamp":"2024-04-27T11:53:23.2133376Z","ServerTimestamp":"2024-04-27T11:53:23.2133391Z"},"nsu=http://opcfoundation.org/UA/Plc/Applications;s=FastRandomUIntScalar1":{"Value":457784262,"SourceTimestamp":"2024-04-27T11:53:23.2133062Z","ServerTimestamp":"2024-04-27T11:53:23.2133076Z"},"nsu=http://opcfoundation.org/UA/Plc/Applications;s=FastRandomUIntScalar2":{"Value":3570660753,"SourceTimestamp":"2024-04-27T11:53:23.2133106Z","ServerTimestamp":"2024-04-27T11:53:23.2133146Z"},"nsu=http://opcfoundation.org/UA/Plc/Applications;s=FastRandomUIntScalar3":{"Value":1208967495,"SourceTimestamp":"2024-04-27T11:53:23.2133175Z","ServerTimestamp":"2024-04-27T11:53:23.2133183Z"},"nsu=http://opcfoundation.org/UA/Plc/Applications;s=SpikeData":{"Value":48.175367410171532,"SourceTimestamp":"2024-04-27T11:53:23.9260704Z","ServerTimestamp":"2024-04-27T11:53:23.926073Z"}}}]}