{"MessageId":"b0616d80-fb6c-45f8-9521-f2ff256bda20","MessageType":"ua-data","PublisherId":"DESKTOP-BGFJS91","DataSetWriterGroup":"<<UnknownWriterGroup>>","Messages":[{"SequenceNumber":50,"MetaDataVersion":{"MajorVersion":1},"Timestamp":"2024-04-27T11:53:25.9979521Z","MessageType":"ua-deltaframe","DataSetWriterName":"<<UnknownDataSet>>","Payload":{"nsu=http://opcfoundation.org/UA/Plc/Applications;s=StepUp":{"Value":567,"SourceTimestamp":"2024-04-27T11:53:25.9201285Z","ServerTimestamp":"2024-04-27T11:53:25.9201676Z"},"nsu=http://opcfoundation.org/UA/Plc/Applications;s=RandomSignedInt32":{"Value":-1307884101,"SourceTimestamp":"2024-04-27T11:53:25.920117Z","ServerTimestamp":"2024-04-27T11:53:25.9201208Z"},"nsu=http://opcfoundation.org/UA/Plc/Applications;s=RandomUnsignedInt32":{"Value":1265665020,"SourceTimestamp":"2024-04-27T11:53:25.9201778Z","ServerTimestamp":"2024-04-27T11:53:25.9201837Z"},"nsu=http://opcfoundation.org/UA/Plc/Applications;s=DipData":{"Value":-90.482705246601981,"SourceTimestamp":"2024-04-27T11:53:25.9201698Z","ServerTimestamp":"2024-04-27T11:53:25.9202348Z"},"nsu=http://opcfoundation.org/UA/Plc/Applications;s=FastUIntScalar1":{"Value":56,"SourceTimestamp":"2024-04-27T11:53:25.222458Z","ServerTimestamp":"2024-04-27T11:53:25.2224616Z"},"nsu=http://opcfoundation.org/UA/Plc/Applications;s=FastUIntScalar2":{"Value":56,"SourceTimestamp":"2024-04-27T11:53:25.2224731Z","ServerTimestamp":"2024-04-27T11:53:25.2224745Z"},"nsu=http://opcfoundation.org/UA/Plc/Applications;s=FastUIntScalar3":{"Value":56,"SourceTimestamp":"2024-04-27T11:53:25.2224764Z","ServerTimestamp":"2024-04-27T11:53:25.2224775Z"},"nsu=http://opcfoundation.org/UA/Plc/Applications;s=FastRandomUIntScalar1":{"Value":836916589,"SourceTimestamp":"2024-04-27T11:53:25.2224371Z","ServerTimestamp":"2024-04-27T11:53:25.2224429Z"},"nsu=http://opcfoundation.org/UA/Plc/Applications;s=FastRandomUIntScalar2":{"Value":3684135710,"SourceTimestamp":"2024-04-27T11:53:25.222445Z","ServerTimestamp":"2024-04-27T11:53:25.2224458Z"},"nsu=http://opcfoundation.org/UA/Plc/Applications;s=FastRandomUIntScalar3":{"Value":3215236045,"SourceTimestamp":"2024-04-27T11:53:25.222447Z","ServerTimestamp":"2024-04-27T11:53:25.2224475Z"},"nsu=http://opcfoundation.org/UA/Plc/Applications;s=SpikeData":{"Value":-90.482705246601981,"SourceTimestamp":"2024-04-27T11:53:25.9201914Z","ServerTimestamp":"2024-04-27T11:53:25.9201937Z"}}}]}