{"MessageId":"b84bcc16-5165-48d3-982c-ed7d1d53808e","MessageType":"ua-data","PublisherId":"DESKTOP-BGFJS91","DataSetWriterGroup":"<<UnknownWriterGroup>>","Messages":[{"SequenceNumber":52,"MetaDataVersion":{"MajorVersion":1},"Timestamp":"2024-04-27T11:53:29.0297893Z","MessageType":"ua-deltaframe","DataSetWriterName":"<<UnknownDataSet>>","Payload":{"nsu=http://opcfoundation.org/UA/Plc/Applications;s=StepUp":{"Value":598,"SourceTimestamp":"2024-04-27T11:53:29.0133934Z","ServerTimestamp":"2024-04-27T11:53:29.0133969Z"},"nsu=http://opcfoundation.org/UA/Plc/Applications;s=RandomSignedInt32":{"Value":-53777673,"SourceTimestamp":"2024-04-27T11:53:29.0134284Z","ServerTimestamp":"2024-04-27T11:53:29.0134305Z"},"nsu=http://opcfoundation.org/UA/Plc/Applications;s=RandomUnsignedInt32":{"Value":929125588,"SourceTimestamp":"2024-04-27T11:53:29.0134366Z","ServerTimestamp":"2024-04-27T11:53:29.0134379Z"},"nsu=http://opcfoundation.org/UA/Plc/Applications;s=DipData":{"Value":36.812455268467801,"SourceTimestamp":"2024-04-27T11:53:29.0134425Z","ServerTimestamp":"2024-04-27T11:53:29.0134484Z"},"nsu=http://opcfoundation.org/UA/Plc/Applications;s=FastUIntScalar1":{"Value":59,"SourceTimestamp":"2024-04-27T11:53:28.2234038Z","ServerTimestamp":"2024-04-27T11:53:28.2234049Z"},"nsu=http://opcfoundation.org/UA/Plc/Applications;s=FastUIntScalar2":{"Value":59,"SourceTimestamp":"2024-04-27T11:53:28.2234068Z","ServerTimestamp":"2024-04-27T11:53:28.2234076Z"},"nsu=http://opcfoundation.org/UA/Plc/Applications;s=FastUIntScalar3":{"Value":59,"SourceTimestamp":"2024-04-27T11:53:28.2234089Z","ServerTimestamp":"2024-04-27T11:53:28.2234096Z"},"nsu=http://opcfoundation.org/UA/Plc/Applications;s=FastRandomUIntScalar1":{"Value":2586476967,"SourceTimestamp":"2024-04-27T11:53:28.2234151Z","ServerTimestamp":"2024-04-27T11:53:28.2234159Z"},"nsu=http://opcfoundation.org/UA/Plc/Applications;s=FastRandomUIntScalar2":{"Value":3104579290,"SourceTimestamp":"2024-04-27T11:53:28.2234172Z","ServerTimestamp":"2024-04-27T11:53:28.2234178Z"},"nsu=http://opcfoundation.org/UA/Plc/Applications;s=FastRandomUIntScalar3":{"Value":2714536919,"SourceTimestamp":"2024-04-27T11:53:28.223419Z","ServerTimestamp":"2024-04-27T11:53:28.2234194Z"},"nsu=http://opcfoundation.org/UA/Plc/Applications;s=SpikeData":{"Value":36.812455268467801,"SourceTimestamp":"2024-04-27T11:53:29.0134551Z","ServerTimestamp":"2024-04-27T11:53:29.0134563Z"}}}]}