{"MessageId":"f68a496f-de07-4b7d-b670-2f3b728e6036","MessageType":"ua-data","PublisherId":"DESKTOP-BGFJS91","DataSetWriterGroup":"<<UnknownWriterGroup>>","Messages":[{"SequenceNumber":6,"MetaDataVersion":{"MajorVersion":1},"Timestamp":"2024-04-27T11:52:35.0515069Z","MessageType":"ua-deltaframe","DataSetWriterName":"<<UnknownDataSet>>","Payload":{"nsu=http://opcfoundation.org/UA/Plc/Applications;s=StepUp":{"Value":58,"SourceTimestamp":"2024-04-27T11:52:35.020527Z","ServerTimestamp":"2024-04-27T11:52:35.0205307Z"},"nsu=http://opcfoundation.org/UA/Plc/Applications;s=AlternatingBoolean":{"Value":false,"SourceTimestamp":"2024-04-27T11:52:34.3242251Z","ServerTimestamp":"2024-04-27T11:52:34.3242264Z"},"nsu=http://opcfoundation.org/UA/Plc/Applications;s=RandomSignedInt32":{"Value":851025764,"SourceTimestamp":"2024-04-27T11:52:35.0205181Z","ServerTimestamp":"2024-04-27T11:52:35.0205207Z"},"nsu=http://opcfoundation.org/UA/Plc/Applications;s=RandomUnsignedInt32":{"Value":593602917,"SourceTimestamp":"2024-04-27T11:52:35.0205374Z","ServerTimestamp":"2024-04-27T11:52:35.0205385Z"},"nsu=http://opcfoundation.org/UA/Plc/Applications;s=DipData":{"Value":-77.0513242775789,"SourceTimestamp":"2024-04-27T11:52:35.0205465Z","ServerTimestamp":"2024-04-27T11:52:35.0205471Z"},"nsu=http://opcfoundation.org/UA/Plc/Applications;s=FastUIntScalar1":{"Value":5,"SourceTimestamp":"2024-04-27T11:52:34.2167049Z","ServerTimestamp":"2024-04-27T11:52:34.2167127Z"},"nsu=http://opcfoundation.org/UA/Plc/Applications;s=FastUIntScalar2":{"Value":5,"SourceTimestamp":"2024-04-27T11:52:34.2167165Z","ServerTimestamp":"2024-04-27T11:52:34.2167176Z"},"nsu=http://opcfoundation.org/UA/Plc/Applications;s=FastUIntScalar3":{"Value":5,"SourceTimestamp":"2024-04-27T11:52:34.2167185Z","ServerTimestamp":"2024-04-27T11:52:34.2167193Z"},"nsu=http://opcfoundation.org/UA/Plc/Applications;s=FastRandomUIntScalar1":{"Value":3388889983,"SourceTimestamp":"2024-04-27T11:52:34.2167067Z","ServerTimestamp":"2024-04-27T11:52:34.2167105Z"},"nsu=http://opcfoundation.org/UA/Plc/Applications;s=FastRandomUIntScalar2":{"Value":3869383547,"SourceTimestamp":"2024-04-27T11:52:34.2167124Z","ServerTimestamp":"2024-04-27T11:52:34.2167165Z"},"nsu=http://opcfoundation.org/UA/Plc/Applications;s=FastRandomUIntScalar3":{"Value":3718320385,"SourceTimestamp":"2024-04-27T11:52:34.2167175Z","ServerTimestamp":"2024-04-27T11:52:34.2167185Z"},"nsu=http://opcfoundation.org/UA/Plc/Applications;s=SpikeData":{"Value":-77.0513242775789,"SourceTimestamp":"2024-04-27T11:52:35.0205528Z","ServerTimestamp":"2024-04-27T11:52:35.0205535Z"}}}]}