{"MessageId":"181185d6-183f-4b74-9908-54c3011c9bcd","MessageType":"ua-data","PublisherId":"DESKTOP-BGFJS91","DataSetWriterGroup":"<<UnknownWriterGroup>>","Messages":[{"SequenceNumber":54,"MetaDataVersion":{"MajorVersion":1},"Timestamp":"2024-04-27T11:53:31.0147393Z","MessageType":"ua-deltaframe","DataSetWriterName":"<<UnknownDataSet>>","Payload":{"nsu=http://opcfoundation.org/UA/Plc/Applications;s=StepUp":{"Value":617,"SourceTimestamp":"2024-04-27T11:53:30.9202468Z","ServerTimestamp":"2024-04-27T11:53:30.920249Z"},"nsu=http://opcfoundation.org/UA/Plc/Applications;s=RandomSignedInt32":{"Value":-2091510206,"SourceTimestamp":"2024-04-27T11:53:30.9202277Z","ServerTimestamp":"2024-04-27T11:53:30.9202312Z"},"nsu=http://opcfoundation.org/UA/Plc/Applications;s=RandomUnsignedInt32":{"Value":1347587587,"SourceTimestamp":"2024-04-27T11:53:30.9202578Z","ServerTimestamp":"2024-04-27T11:53:30.9202593Z"},"nsu=http://opcfoundation.org/UA/Plc/Applications;s=DipData":{"Value":-90.482705246601981,"SourceTimestamp":"2024-04-27T11:53:30.9202673Z","ServerTimestamp":"2024-04-27T11:53:30.920268Z"},"nsu=http://opcfoundation.org/UA/Plc/Applications;s=FastUIntScalar1":{"Value":61,"SourceTimestamp":"2024-04-27T11:53:30.2238353Z","ServerTimestamp":"2024-04-27T11:53:30.2238368Z"},"nsu=http://opcfoundation.org/UA/Plc/Applications;s=FastUIntScalar2":{"Value":61,"SourceTimestamp":"2024-04-27T11:53:30.2238397Z","ServerTimestamp":"2024-04-27T11:53:30.2238407Z"},"nsu=http://opcfoundation.org/UA/Plc/Applications;s=FastUIntScalar3":{"Value":61,"SourceTimestamp":"2024-04-27T11:53:30.2238425Z","ServerTimestamp":"2024-04-27T11:53:30.2238435Z"},"nsu=http://opcfoundation.org/UA/Plc/Applications;s=FastRandomUIntScalar1":{"Value":1368110428,"SourceTimestamp":"2024-04-27T11:53:30.2238519Z","ServerTimestamp":"2024-04-27T11:53:30.2238597Z"},"nsu=http://opcfoundation.org/UA/Plc/Applications;s=FastRandomUIntScalar2":{"Value":245061422,"SourceTimestamp":"2024-04-27T11:53:30.2238622Z","ServerTimestamp":"2024-04-27T11:53:30.2238632Z"},"nsu=http://opcfoundation.org/UA/Plc/Applications;s=FastRandomUIntScalar3":{"Value":2257129429,"SourceTimestamp":"2024-04-27T11:53:30.2238655Z","ServerTimestamp":"2024-04-27T11:53:30.2238664Z"},"nsu=http://opcfoundation.org/UA/Plc/Applications;s=SpikeData":{"Value":-90.482705246601981,"SourceTimestamp":"2024-04-27T11:53:30.9202707Z","ServerTimestamp":"2024-04-27T11:53:30.9202715Z"}}}]}