{"MessageId":"b3afc99f-2035-4e3e-8b95-5422a8aa2c26","MessageType":"ua-data","PublisherId":"DESKTOP-BGFJS91","DataSetWriterGroup":"<<UnknownWriterGroup>>","Messages":[{"SequenceNumber":55,"MetaDataVersion":{"MajorVersion":1},"Timestamp":"2024-04-27T11:53:32.0060777Z","MessageType":"ua-deltaframe","DataSetWriterName":"<<UnknownDataSet>>","Payload":{"nsu=http://opcfoundation.org/UA/Plc/Applications;s=StepUp":{"Value":627,"SourceTimestamp":"2024-04-27T11:53:31.9132539Z","ServerTimestamp":"2024-04-27T11:53:31.9133594Z"},"nsu=http://opcfoundation.org/UA/Plc/Applications;s=RandomSignedInt32":{"Value":1334027514,"SourceTimestamp":"2024-04-27T11:53:31.9132517Z","ServerTimestamp":"2024-04-27T11:53:31.9132563Z"},"nsu=http://opcfoundation.org/UA/Plc/Applications;s=RandomUnsignedInt32":{"Value":1036092027,"SourceTimestamp":"2024-04-27T11:53:31.9133078Z","ServerTimestamp":"2024-04-27T11:53:31.9133157Z"},"nsu=http://opcfoundation.org/UA/Plc/Applications;s=DipData":{"Value":12.53332335643041,"SourceTimestamp":"2024-04-27T11:53:31.9133284Z","ServerTimestamp":"2024-04-27T11:53:31.9133308Z"},"nsu=http://opcfoundation.org/UA/Plc/Applications;s=FastUIntScalar1":{"Value":62,"SourceTimestamp":"2024-04-27T11:53:31.2138767Z","ServerTimestamp":"2024-04-27T11:53:31.2138782Z"},"nsu=http://opcfoundation.org/UA/Plc/Applications;s=FastUIntScalar2":{"Value":62,"SourceTimestamp":"2024-04-27T11:53:31.2138843Z","ServerTimestamp":"2024-04-27T11:53:31.2138906Z"},"nsu=http://opcfoundation.org/UA/Plc/Applications;s=FastUIntScalar3":{"Value":62,"SourceTimestamp":"2024-04-27T11:53:31.2138959Z","ServerTimestamp":"2024-04-27T11:53:31.2138977Z"},"nsu=http://opcfoundation.org/UA/Plc/Applications;s=FastRandomUIntScalar1":{"Value":3668483286,"SourceTimestamp":"2024-04-27T11:53:31.2138777Z","ServerTimestamp":"2024-04-27T11:53:31.213901Z"},"nsu=http://opcfoundation.org/UA/Plc/Applications;s=FastRandomUIntScalar2":{"Value":676929931,"SourceTimestamp":"2024-04-27T11:53:31.2139038Z","ServerTimestamp":"2024-04-27T11:53:31.21391Z"},"nsu=http://opcfoundation.org/UA/Plc/Applications;s=FastRandomUIntScalar3":{"Value":2739844266,"SourceTimestamp":"2024-04-27T11:53:31.2139111Z","ServerTimestamp":"2024-04-27T11:53:31.2139152Z"},"nsu=http://opcfoundation.org/UA/Plc/Applications;s=SpikeData":{"Value":12.53332335643041,"SourceTimestamp":"2024-04-27T11:53:31.9133601Z","ServerTimestamp":"2024-04-27T11:53:31.9133702Z"}}}]}