{"MessageId":"5bc32f03-4519-4887-aa94-bc168e235498","MessageType":"ua-data","PublisherId":"DESKTOP-BGFJS91","DataSetWriterGroup":"<<UnknownWriterGroup>>","Messages":[{"SequenceNumber":61,"MetaDataVersion":{"MajorVersion":1},"Timestamp":"2024-04-27T11:53:37.9973256Z","MessageType":"ua-deltaframe","DataSetWriterName":"<<UnknownDataSet>>","Payload":{"nsu=http://opcfoundation.org/UA/Plc/Applications;s=StepUp":{"Value":687,"SourceTimestamp":"2024-04-27T11:53:37.9189806Z","ServerTimestamp":"2024-04-27T11:53:37.9189829Z"},"nsu=http://opcfoundation.org/UA/Plc/Applications;s=RandomSignedInt32":{"Value":-1464153927,"SourceTimestamp":"2024-04-27T11:53:37.919006Z","ServerTimestamp":"2024-04-27T11:53:37.9190079Z"},"nsu=http://opcfoundation.org/UA/Plc/Applications;s=RandomUnsignedInt32":{"Value":1689900687,"SourceTimestamp":"2024-04-27T11:53:37.9190139Z","ServerTimestamp":"2024-04-27T11:53:37.9190152Z"},"nsu=http://opcfoundation.org/UA/Plc/Applications;s=DipData":{"Value":98.228725072868855,"SourceTimestamp":"2024-04-27T11:53:37.9190152Z","ServerTimestamp":"2024-04-27T11:53:37.9190182Z"},"nsu=http://opcfoundation.org/UA/Plc/Applications;s=FastUIntScalar1":{"Value":68,"SourceTimestamp":"2024-04-27T11:53:37.2238999Z","ServerTimestamp":"2024-04-27T11:53:37.2239025Z"},"nsu=http://opcfoundation.org/UA/Plc/Applications;s=FastUIntScalar2":{"Value":68,"SourceTimestamp":"2024-04-27T11:53:37.2239134Z","ServerTimestamp":"2024-04-27T11:53:37.2239143Z"},"nsu=http://opcfoundation.org/UA/Plc/Applications;s=FastUIntScalar3":{"Value":68,"SourceTimestamp":"2024-04-27T11:53:37.2239158Z","ServerTimestamp":"2024-04-27T11:53:37.2239167Z"},"nsu=http://opcfoundation.org/UA/Plc/Applications;s=FastRandomUIntScalar1":{"Value":1834644656,"SourceTimestamp":"2024-04-27T11:53:37.2239255Z","ServerTimestamp":"2024-04-27T11:53:37.2239283Z"},"nsu=http://opcfoundation.org/UA/Plc/Applications;s=FastRandomUIntScalar2":{"Value":1208955651,"SourceTimestamp":"2024-04-27T11:53:37.2239359Z","ServerTimestamp":"2024-04-27T11:53:37.223937Z"},"nsu=http://opcfoundation.org/UA/Plc/Applications;s=FastRandomUIntScalar3":{"Value":2896325352,"SourceTimestamp":"2024-04-27T11:53:37.2239463Z","ServerTimestamp":"2024-04-27T11:53:37.2239484Z"},"nsu=http://opcfoundation.org/UA/Plc/Applications;s=SpikeData":{"Value":98.228725072868855,"SourceTimestamp":"2024-04-27T11:53:37.9190212Z","ServerTimestamp":"2024-04-27T11:53:37.919026Z"}}}]}