{"MessageId":"55095171-7b68-4aee-be4f-f546ff3e0986","MessageType":"ua-data","PublisherId":"DESKTOP-BGFJS91","DataSetWriterGroup":"<<UnknownWriterGroup>>","Messages":[{"SequenceNumber":63,"MetaDataVersion":{"MajorVersion":1},"Timestamp":"2024-04-27T11:53:40.0385145Z","MessageType":"ua-deltaframe","DataSetWriterName":"<<UnknownDataSet>>","Payload":{"nsu=http://opcfoundation.org/UA/Plc/Applications;s=AlternatingBoolean":{"Value":true,"SourceTimestamp":"2024-04-27T11:53:39.3141003Z","ServerTimestamp":"2024-04-27T11:53:39.3141043Z"},"nsu=http://opcfoundation.org/UA/Plc/Applications;s=NegativeTrendData":{"Value":98.900000000000006,"SourceTimestamp":"2024-04-27T11:53:39.3141435Z","ServerTimestamp":"2024-04-27T11:53:39.3141447Z"},"nsu=http://opcfoundation.org/UA/Plc/Applications;s=PositiveTrendData":{"Value":101.3,"SourceTimestamp":"2024-04-27T11:53:39.3141441Z","ServerTimestamp":"2024-04-27T11:53:39.3141492Z"}}}]}