{"MessageId":"c0209423-dab0-4ded-8b25-de76c3e8c799","MessageType":"ua-data","PublisherId":"DESKTOP-BGFJS91","DataSetWriterGroup":"<<UnknownWriterGroup>>","Messages":[{"SequenceNumber":76,"MetaDataVersion":{"MajorVersion":1},"Timestamp":"2024-04-27T11:53:55.0028147Z","MessageType":"ua-deltaframe","DataSetWriterName":"<<UnknownDataSet>>","Payload":{"nsu=http://opcfoundation.org/UA/Plc/Applications;s=StepUp":{"Value":857,"SourceTimestamp":"2024-04-27T11:53:54.9237497Z","ServerTimestamp":"2024-04-27T11:53:54.9237577Z"},"nsu=http://opcfoundation.org/UA/Plc/Applications;s=AlternatingBoolean":{"Value":false,"SourceTimestamp":"2024-04-27T11:53:54.3227936Z","ServerTimestamp":"2024-04-27T11:53:54.3228081Z"},"nsu=http://opcfoundation.org/UA/Plc/Applications;s=RandomSignedInt32":{"Value":1565654211,"SourceTimestamp":"2024-04-27T11:53:54.923733Z","ServerTimestamp":"2024-04-27T11:53:54.9237364Z"},"nsu=http://opcfoundation.org/UA/Plc/Applications;s=RandomUnsignedInt32":{"Value":149700806,"SourceTimestamp":"2024-04-27T11:53:54.9237471Z","ServerTimestamp":"2024-04-27T11:53:54.9237493Z"},"nsu=http://opcfoundation.org/UA/Plc/Applications;s=DipData":{"Value":-68.454710592868821,"SourceTimestamp":"2024-04-27T11:53:54.9237635Z","ServerTimestamp":"2024-04-27T11:53:54.9237665Z"},"nsu=http://opcfoundation.org/UA/Plc/Applications;s=FastUIntScalar1":{"Value":85,"SourceTimestamp":"2024-04-27T11:53:54.2156407Z","ServerTimestamp":"2024-04-27T11:53:54.2156418Z"},"nsu=http://opcfoundation.org/UA/Plc/Applications;s=FastUIntScalar2":{"Value":85,"SourceTimestamp":"2024-04-27T11:53:54.2156442Z","ServerTimestamp":"2024-04-27T11:53:54.2156449Z"},"nsu=http://opcfoundation.org/UA/Plc/Applications;s=FastUIntScalar3":{"Value":85,"SourceTimestamp":"2024-04-27T11:53:54.215646Z","ServerTimestamp":"2024-04-27T11:53:54.2156485Z"},"nsu=http://opcfoundation.org/UA/Plc/Applications;s=FastRandomUIntScalar1":{"Value":1919956508,"SourceTimestamp":"2024-04-27T11:53:54.2156317Z","ServerTimestamp":"2024-04-27T11:53:54.2156332Z"},"nsu=http://opcfoundation.org/UA/Plc/Applications;s=FastRandomUIntScalar2":{"Value":3310308207,"SourceTimestamp":"2024-04-27T11:53:54.2156389Z","ServerTimestamp":"2024-04-27T11:53:54.2156396Z"},"nsu=http://opcfoundation.org/UA/Plc/Applications;s=FastRandomUIntScalar3":{"Value":2945680933,"SourceTimestamp":"2024-04-27T11:53:54.2156406Z","ServerTimestamp":"2024-04-27T11:53:54.2156409Z"},"nsu=http://opcfoundation.org/UA/Plc/Applications;s=NegativeTrendData":{"Value":98.599999999999994,"SourceTimestamp":"2024-04-27T11:53:54.3228164Z","ServerTimestamp":"2024-04-27T11:53:54.3228179Z"},"nsu=http://opcfoundation.org/UA/Plc/Applications;s=PositiveTrendData":{"Value":101.59999999999999,"SourceTimestamp":"2024-04-27T11:53:54.3228153Z","ServerTimestamp":"2024-04-27T11:53:54.3228161Z"},"nsu=http://opcfoundation.org/UA/Plc/Applications;s=SpikeData":{"Value":-68.454710592868821,"SourceTimestamp":"2024-04-27T11:53:54.9237703Z","ServerTimestamp":"2024-04-27T11:53:54.9237733Z"}}}]}