{"MessageId":"78dc6bf7-6ff7-4d15-a4f1-df4508149055","MessageType":"ua-data","PublisherId":"DESKTOP-BGFJS91","DataSetWriterGroup":"<<UnknownWriterGroup>>","Messages":[{"SequenceNumber":79,"MetaDataVersion":{"MajorVersion":1},"Timestamp":"2024-04-27T11:53:59.0217739Z","MessageType":"ua-deltaframe","DataSetWriterName":"<<UnknownDataSet>>","Payload":{"nsu=http://opcfoundation.org/UA/Plc/Applications;s=StepUp":{"Value":897,"SourceTimestamp":"2024-04-27T11:53:58.9144532Z","ServerTimestamp":"2024-04-27T11:53:58.9144559Z"},"nsu=http://opcfoundation.org/UA/Plc/Applications;s=RandomSignedInt32":{"Value":1930625354,"SourceTimestamp":"2024-04-27T11:53:58.9144532Z","ServerTimestamp":"2024-04-27T11:53:58.9144887Z"},"nsu=http://opcfoundation.org/UA/Plc/Applications;s=RandomUnsignedInt32":{"Value":704355001,"SourceTimestamp":"2024-04-27T11:53:58.9144799Z","ServerTimestamp":"2024-04-27T11:53:58.9144823Z"},"nsu=http://opcfoundation.org/UA/Plc/Applications;s=DipData":{"Value":48.175367410171532,"SourceTimestamp":"2024-04-27T11:53:58.9144886Z","ServerTimestamp":"2024-04-27T11:53:58.9144965Z"},"nsu=http://opcfoundation.org/UA/Plc/Applications;s=FastUIntScalar1":{"Value":89,"SourceTimestamp":"2024-04-27T11:53:58.216935Z","ServerTimestamp":"2024-04-27T11:53:58.2169378Z"},"nsu=http://opcfoundation.org/UA/Plc/Applications;s=FastUIntScalar2":{"Value":89,"SourceTimestamp":"2024-04-27T11:53:58.2169403Z","ServerTimestamp":"2024-04-27T11:53:58.216941Z"},"nsu=http://opcfoundation.org/UA/Plc/Applications;s=FastUIntScalar3":{"Value":89,"SourceTimestamp":"2024-04-27T11:53:58.2169423Z","ServerTimestamp":"2024-04-27T11:53:58.2169429Z"},"nsu=http://opcfoundation.org/UA/Plc/Applications;s=FastRandomUIntScalar1":{"Value":2686073399,"SourceTimestamp":"2024-04-27T11:53:58.216929Z","ServerTimestamp":"2024-04-27T11:53:58.2169307Z"},"nsu=http://opcfoundation.org/UA/Plc/Applications;s=FastRandomUIntScalar2":{"Value":1424344294,"SourceTimestamp":"2024-04-27T11:53:58.2169378Z","ServerTimestamp":"2024-04-27T11:53:58.2169398Z"},"nsu=http://opcfoundation.org/UA/Plc/Applications;s=FastRandomUIntScalar3":{"Value":2459515476,"SourceTimestamp":"2024-04-27T11:53:58.2169444Z","ServerTimestamp":"2024-04-27T11:53:58.216945Z"},"nsu=http://opcfoundation.org/UA/Plc/Applications;s=SpikeData":{"Value":48.175367410171532,"SourceTimestamp":"2024-04-27T11:53:58.9145038Z","ServerTimestamp":"2024-04-27T11:53:58.9145054Z"}}}]}