{"MessageId":"a15751e6-b579-4c05-9af0-21911dfb757d","MessageType":"ua-data","PublisherId":"DESKTOP-BGFJS91","DataSetWriterGroup":"<<UnknownWriterGroup>>","Messages":[{"DataSetWriterId":1,"SequenceNumber":9,"MetaDataVersion":{"MajorVersion":1},"Timestamp":"2024-04-27T11:54:00.137129Z","MessageType":"ua-deltaframe","DataSetWriterName":"<<UnknownDataSet>>","Payload":{"nsu=http://opcfoundation.org/UA/Plc/Applications;s=SlowUIntScalar1":{"Value":9,"SourceTimestamp":"2024-04-27T11:53:59.220936Z","ServerTimestamp":"2024-04-27T11:53:59.2209471Z"},"nsu=http://opcfoundation.org/UA/Plc/Applications;s=SlowUIntScalar2":{"Value":9,"SourceTimestamp":"2024-04-27T11:53:59.220958Z","ServerTimestamp":"2024-04-27T11:53:59.2209592Z"},"nsu=http://opcfoundation.org/UA/Plc/Applications;s=SlowUIntScalar3":{"Value":9,"SourceTimestamp":"2024-04-27T11:53:59.2209606Z","ServerTimestamp":"2024-04-27T11:53:59.2209609Z"},"nsu=http://opcfoundation.org/UA/Plc/Applications;s=BadSlowUIntScalar1":{"Value":null,"StatusCode":{"Symbol":"BadDataLost","Code":2157772800},"SourceTimestamp":"2024-04-27T11:53:59.2209635Z","ServerTimestamp":"2024-04-27T11:53:59.2209636Z"},"nsu=http://opcfoundation.org/UA/Plc/Applications;s=SlowRandomUIntScalar1":{"Value":832846123,"SourceTimestamp":"2024-04-27T11:53:59.2209794Z","ServerTimestamp":"2024-04-27T11:53:59.220984Z"},"nsu=http://opcfoundation.org/UA/Plc/Applications;s=SlowRandomUIntScalar2":{"Value":907794156,"SourceTimestamp":"2024-04-27T11:53:59.2209883Z","ServerTimestamp":"2024-04-27T11:53:59.2210186Z"},"nsu=http://opcfoundation.org/UA/Plc/Applications;s=SlowRandomUIntScalar3":{"Value":486701267,"SourceTimestamp":"2024-04-27T11:53:59.2210257Z","ServerTimestamp":"2024-04-27T11:53:59.2210278Z"},"nsu=http://opcfoundation.org/UA/Plc/Applications;s=BadSlowRandomUIntScalar1":{"Value":null,"StatusCode":{"Symbol":"BadDataLost","Code":2157772800},"SourceTimestamp":"2024-04-27T11:53:59.2210311Z","ServerTimestamp":"2024-04-27T11:53:59.2210311Z"}}}]}