{"MessageId":"96d7e593-2838-48f2-9b99-7c726ca495ad","MessageType":"ua-data","PublisherId":"DESKTOP-BGFJS91","DataSetWriterGroup":"<<UnknownWriterGroup>>","Messages":[{"SequenceNumber":9,"MetaDataVersion":{"MajorVersion":1},"Timestamp":"2024-04-27T11:52:39.0107694Z","MessageType":"ua-deltaframe","DataSetWriterName":"<<UnknownDataSet>>","Payload":{"nsu=http://opcfoundation.org/UA/Plc/Applications;s=StepUp":{"Value":97,"SourceTimestamp":"2024-04-27T11:52:38.9186783Z","ServerTimestamp":"2024-04-27T11:52:38.9186825Z"},"nsu=http://opcfoundation.org/UA/Plc/Applications;s=RandomSignedInt32":{"Value":1458323506,"SourceTimestamp":"2024-04-27T11:52:38.9186938Z","ServerTimestamp":"2024-04-27T11:52:38.9186972Z"},"nsu=http://opcfoundation.org/UA/Plc/Applications;s=RandomUnsignedInt32":{"Value":1688107954,"SourceTimestamp":"2024-04-27T11:52:38.9187138Z","ServerTimestamp":"2024-04-27T11:52:38.9187148Z"},"nsu=http://opcfoundation.org/UA/Plc/Applications;s=DipData":{"Value":48.175367410171532,"SourceTimestamp":"2024-04-27T11:52:38.9187233Z","ServerTimestamp":"2024-04-27T11:52:38.9187279Z"},"nsu=http://opcfoundation.org/UA/Plc/Applications;s=FastUIntScalar1":{"Value":9,"SourceTimestamp":"2024-04-27T11:52:38.2123612Z","ServerTimestamp":"2024-04-27T11:52:38.2124956Z"},"nsu=http://opcfoundation.org/UA/Plc/Applications;s=FastUIntScalar2":{"Value":9,"SourceTimestamp":"2024-04-27T11:52:38.2125023Z","ServerTimestamp":"2024-04-27T11:52:38.2125036Z"},"nsu=http://opcfoundation.org/UA/Plc/Applications;s=FastUIntScalar3":{"Value":9,"SourceTimestamp":"2024-04-27T11:52:38.2125061Z","ServerTimestamp":"2024-04-27T11:52:38.2125073Z"},"nsu=http://opcfoundation.org/UA/Plc/Applications;s=FastRandomUIntScalar1":{"Value":1261465471,"SourceTimestamp":"2024-04-27T11:52:38.2123943Z","ServerTimestamp":"2024-04-27T11:52:38.2124245Z"},"nsu=http://opcfoundation.org/UA/Plc/Applications;s=FastRandomUIntScalar2":{"Value":2461824016,"SourceTimestamp":"2024-04-27T11:52:38.2124329Z","ServerTimestamp":"2024-04-27T11:52:38.2124342Z"},"nsu=http://opcfoundation.org/UA/Plc/Applications;s=FastRandomUIntScalar3":{"Value":3253039350,"SourceTimestamp":"2024-04-27T11:52:38.2124364Z","ServerTimestamp":"2024-04-27T11:52:38.2124376Z"},"nsu=http://opcfoundation.org/UA/Plc/Applications;s=SpikeData":{"Value":48.175367410171532,"SourceTimestamp":"2024-04-27T11:52:38.9187398Z","ServerTimestamp":"2024-04-27T11:52:38.9187411Z"}}}]}