{"MessageId":"edd22b06-2e19-4c06-ac5a-bbe54ded179a","MessageType":"ua-data","PublisherId":"DESKTOP-BGFJS91","DataSetWriterGroup":"<<UnknownWriterGroup>>","Messages":[{"SequenceNumber":81,"MetaDataVersion":{"MajorVersion":1},"Timestamp":"2024-04-27T11:54:01.0056744Z","MessageType":"ua-deltaframe","DataSetWriterName":"<<UnknownDataSet>>","Payload":{"nsu=http://opcfoundation.org/UA/Plc/Applications;s=StepUp":{"Value":917,"SourceTimestamp":"2024-04-27T11:54:00.9120708Z","ServerTimestamp":"2024-04-27T11:54:00.9120756Z"},"nsu=http://opcfoundation.org/UA/Plc/Applications;s=RandomSignedInt32":{"Value":-76694037,"SourceTimestamp":"2024-04-27T11:54:00.91211Z","ServerTimestamp":"2024-04-27T11:54:00.9121136Z"},"nsu=http://opcfoundation.org/UA/Plc/Applications;s=RandomUnsignedInt32":{"Value":1935937636,"SourceTimestamp":"2024-04-27T11:54:00.9121169Z","ServerTimestamp":"2024-04-27T11:54:00.9121349Z"},"nsu=http://opcfoundation.org/UA/Plc/Applications;s=DipData":{"Value":-90.482705246601981,"SourceTimestamp":"2024-04-27T11:54:00.9121496Z","ServerTimestamp":"2024-04-27T11:54:00.9121787Z"},"nsu=http://opcfoundation.org/UA/Plc/Applications;s=FastUIntScalar1":{"Value":91,"SourceTimestamp":"2024-04-27T11:54:00.2161771Z","ServerTimestamp":"2024-04-27T11:54:00.2161817Z"},"nsu=http://opcfoundation.org/UA/Plc/Applications;s=FastUIntScalar2":{"Value":91,"SourceTimestamp":"2024-04-27T11:54:00.2161829Z","ServerTimestamp":"2024-04-27T11:54:00.2161837Z"},"nsu=http://opcfoundation.org/UA/Plc/Applications;s=FastUIntScalar3":{"Value":91,"SourceTimestamp":"2024-04-27T11:54:00.2161889Z","ServerTimestamp":"2024-04-27T11:54:00.2161917Z"},"nsu=http://opcfoundation.org/UA/Plc/Applications;s=FastRandomUIntScalar1":{"Value":566156420,"SourceTimestamp":"2024-04-27T11:54:00.216186Z","ServerTimestamp":"2024-04-27T11:54:00.2161889Z"},"nsu=http://opcfoundation.org/UA/Plc/Applications;s=FastRandomUIntScalar2":{"Value":1623977159,"SourceTimestamp":"2024-04-27T11:54:00.2161918Z","ServerTimestamp":"2024-04-27T11:54:00.2161928Z"},"nsu=http://opcfoundation.org/UA/Plc/Applications;s=FastRandomUIntScalar3":{"Value":216232929,"SourceTimestamp":"2024-04-27T11:54:00.2161938Z","ServerTimestamp":"2024-04-27T11:54:00.2161945Z"},"nsu=http://opcfoundation.org/UA/Plc/Applications;s=SpikeData":{"Value":-90.482705246601981,"SourceTimestamp":"2024-04-27T11:54:00.9121492Z","ServerTimestamp":"2024-04-27T11:54:00.9121569Z"}}}]}