{"MessageId":"a32f97c4-b23d-4d06-a4b7-797ab00c3e3b","MessageType":"ua-data","PublisherId":"DESKTOP-BGFJS91","DataSetWriterGroup":"<<UnknownWriterGroup>>","Messages":[{"SequenceNumber":83,"MetaDataVersion":{"MajorVersion":1},"Timestamp":"2024-04-27T11:54:03.0468076Z","MessageType":"ua-deltaframe","DataSetWriterName":"<<UnknownDataSet>>","Payload":{"nsu=http://opcfoundation.org/UA/Plc/Applications;s=StepUp":{"Value":938,"SourceTimestamp":"2024-04-27T11:54:03.0144116Z","ServerTimestamp":"2024-04-27T11:54:03.0144146Z"},"nsu=http://opcfoundation.org/UA/Plc/Applications;s=RandomSignedInt32":{"Value":-141334519,"SourceTimestamp":"2024-04-27T11:54:03.0144204Z","ServerTimestamp":"2024-04-27T11:54:03.0144388Z"},"nsu=http://opcfoundation.org/UA/Plc/Applications;s=RandomUnsignedInt32":{"Value":2133868875,"SourceTimestamp":"2024-04-27T11:54:03.0144401Z","ServerTimestamp":"2024-04-27T11:54:03.0144451Z"},"nsu=http://opcfoundation.org/UA/Plc/Applications;s=DipData":{"Value":99.80267284282715,"SourceTimestamp":"2024-04-27T11:54:03.0144489Z","ServerTimestamp":"2024-04-27T11:54:03.0144616Z"},"nsu=http://opcfoundation.org/UA/Plc/Applications;s=FastUIntScalar1":{"Value":93,"SourceTimestamp":"2024-04-27T11:54:02.2144996Z","ServerTimestamp":"2024-04-27T11:54:02.2145034Z"},"nsu=http://opcfoundation.org/UA/Plc/Applications;s=FastUIntScalar2":{"Value":93,"SourceTimestamp":"2024-04-27T11:54:02.2145154Z","ServerTimestamp":"2024-04-27T11:54:02.2145378Z"},"nsu=http://opcfoundation.org/UA/Plc/Applications;s=FastUIntScalar3":{"Value":93,"SourceTimestamp":"2024-04-27T11:54:02.2145399Z","ServerTimestamp":"2024-04-27T11:54:02.2145409Z"},"nsu=http://opcfoundation.org/UA/Plc/Applications;s=FastRandomUIntScalar1":{"Value":2893546089,"SourceTimestamp":"2024-04-27T11:54:02.214512Z","ServerTimestamp":"2024-04-27T11:54:02.2145165Z"},"nsu=http://opcfoundation.org/UA/Plc/Applications;s=FastRandomUIntScalar2":{"Value":3895188955,"SourceTimestamp":"2024-04-27T11:54:02.2145289Z","ServerTimestamp":"2024-04-27T11:54:02.2145297Z"},"nsu=http://opcfoundation.org/UA/Plc/Applications;s=FastRandomUIntScalar3":{"Value":3837067509,"SourceTimestamp":"2024-04-27T11:54:02.2145313Z","ServerTimestamp":"2024-04-27T11:54:02.2145323Z"},"nsu=http://opcfoundation.org/UA/Plc/Applications;s=SpikeData":{"Value":99.80267284282715,"SourceTimestamp":"2024-04-27T11:54:03.0144601Z","ServerTimestamp":"2024-04-27T11:54:03.0144639Z"}}}]}