{"MessageId":"f192098c-1bc8-4a2b-9084-2c65300a3b5e","MessageType":"ua-data","PublisherId":"DESKTOP-BGFJS91","DataSetWriterGroup":"<<UnknownWriterGroup>>","Messages":[{"SequenceNumber":85,"MetaDataVersion":{"MajorVersion":1},"Timestamp":"2024-04-27T11:54:05.0359542Z","MessageType":"ua-deltaframe","DataSetWriterName":"<<UnknownDataSet>>","Payload":{"nsu=http://opcfoundation.org/UA/Plc/Applications;s=AlternatingBoolean":{"Value":false,"SourceTimestamp":"2024-04-27T11:54:04.3256387Z","ServerTimestamp":"2024-04-27T11:54:04.3256405Z"},"nsu=http://opcfoundation.org/UA/Plc/Applications;s=NegativeTrendData":{"Value":98.400000000000006,"SourceTimestamp":"2024-04-27T11:54:04.3256524Z","ServerTimestamp":"2024-04-27T11:54:04.3256627Z"},"nsu=http://opcfoundation.org/UA/Plc/Applications;s=PositiveTrendData":{"Value":101.8,"SourceTimestamp":"2024-04-27T11:54:04.3256374Z","ServerTimestamp":"2024-04-27T11:54:04.3256384Z"}}}]}