{"nsu=http://opcfoundation.org/UA/Plc/Applications;s=BadFastUIntScalar1":{"Value":null,"StatusCode":{"Symbol":"BadNoCommunication","Code":2150694912},"SourceTimestamp":"2024-04-27T19:34:00.8075809Z","ServerTimestamp":"2024-04-27T19:34:00.807581Z"},"nsu=http://opcfoundation.org/UA/Plc/Applications;s=BadFastRandomUIntScalar1":{"Value":null,"StatusCode":{"Symbol":"BadNoCommunication","Code":2150694912},"SourceTimestamp":"2024-04-27T19:34:00.807614Z","ServerTimestamp":"2024-04-27T19:34:00.8076141Z"},"nsu=http://opcfoundation.org/UA/Plc/Applications;s=Special_\"!§$%&/()=?`´\\+~*'#_-:.;,<>|@^°€µ{[]}":{"Value":40,"SourceTimestamp":"2024-04-27T19:34:00.8075936Z","ServerTimestamp":"2024-04-27T19:34:00.8075998Z"}}