{"nsu=http://opcfoundation.org/UA/Plc/Applications;s=SlowUIntScalar1":{"Value":5,"SourceTimestamp":"2024-04-26T12:20:13.6062401Z","ServerTimestamp":"2024-04-26T12:20:13.6062432Z"},"nsu=http://opcfoundation.org/UA/Plc/Applications;s=SlowUIntScalar2":{"Value":5,"SourceTimestamp":"2024-04-26T12:20:13.6062671Z","ServerTimestamp":"2024-04-26T12:20:13.6062729Z"},"nsu=http://opcfoundation.org/UA/Plc/Applications;s=SlowUIntScalar3":{"Value":5,"SourceTimestamp":"2024-04-26T12:20:13.6062745Z","ServerTimestamp":"2024-04-26T12:20:13.6062755Z"},"nsu=http://opcfoundation.org/UA/Plc/Applications;s=BadSlowUIntScalar1":{"Value":5,"SourceTimestamp":"2024-04-26T12:20:13.6062772Z","ServerTimestamp":"2024-04-26T12:20:13.6062776Z"}}