{"nsu=http://opcfoundation.org/UA/Plc/Applications;s=SlowUIntScalar1":{"Value":6,"SourceTimestamp":"2024-04-26T12:20:23.6159382Z","ServerTimestamp":"2024-04-26T12:20:23.6159418Z"},"nsu=http://opcfoundation.org/UA/Plc/Applications;s=SlowUIntScalar2":{"Value":6,"SourceTimestamp":"2024-04-26T12:20:23.6159511Z","ServerTimestamp":"2024-04-26T12:20:23.615957Z"},"nsu=http://opcfoundation.org/UA/Plc/Applications;s=SlowUIntScalar3":{"Value":6,"SourceTimestamp":"2024-04-26T12:20:23.6159583Z","ServerTimestamp":"2024-04-26T12:20:23.6159594Z"},"nsu=http://opcfoundation.org/UA/Plc/Applications;s=BadSlowUIntScalar1":{"Value":6,"SourceTimestamp":"2024-04-26T12:20:23.6159613Z","ServerTimestamp":"2024-04-26T12:20:23.6159618Z"}}