{"nsu=http://opcfoundation.org/UA/Plc/Applications;s=SlowUIntScalar1":{"Value":11,"SourceTimestamp":"2024-04-26T12:21:13.6086483Z","ServerTimestamp":"2024-04-26T12:21:13.6086524Z"},"nsu=http://opcfoundation.org/UA/Plc/Applications;s=SlowUIntScalar2":{"Value":11,"SourceTimestamp":"2024-04-26T12:21:13.6086615Z","ServerTimestamp":"2024-04-26T12:21:13.6086672Z"},"nsu=http://opcfoundation.org/UA/Plc/Applications;s=SlowUIntScalar3":{"Value":11,"SourceTimestamp":"2024-04-26T12:21:13.6086825Z","ServerTimestamp":"2024-04-26T12:21:13.6086833Z"},"nsu=http://opcfoundation.org/UA/Plc/Applications;s=BadSlowUIntScalar1":{"Value":1,"SourceTimestamp":"2024-04-26T12:21:13.6086846Z","ServerTimestamp":"2024-04-26T12:21:13.6086851Z"}}