{"MessageId":"ff9bf371-f16d-4e0c-b357-b35d62ab2bec","MessageType":"ua-data","PublisherId":"DESKTOP-BGFJS91","DataSetWriterGroup":"<<UnknownWriterGroup>>","Messages":[{"SequenceNumber":103,"MetaDataVersion":{"MajorVersion":1},"Timestamp":"2024-04-27T12:41:05.9663607Z","MessageType":"ua-deltaframe","DataSetWriterName":"<<UnknownDataSet>>","Payload":{"i=2258":{"Value":{"Type":13,"Body":"2024-04-27T12:41:05.9660509Z"},"SourceTimestamp":"2024-04-27T12:39:22.9476115Z","ServerTimestamp":"2024-04-27T12:41:05.9660496Z"},"nsu=http://opcfoundation.org/UA/Plc/Applications;s=StepUp":{"Value":{"Type":7,"Body":1037},"SourceTimestamp":"2024-04-27T12:41:05.9332939Z","ServerTimestamp":"2024-04-27T12:41:05.966101Z"},"nsu=http://opcfoundation.org/UA/Plc/Applications;s=AlternatingBoolean":{"Value":{"Type":1,"Body":true},"SourceTimestamp":"2024-04-27T12:41:05.9332997Z","ServerTimestamp":"2024-04-27T12:41:05.9660975Z"},"nsu=http://opcfoundation.org/UA/Plc/Applications;s=RandomSignedInt32":{"Value":{"Type":6,"Body":1440250252},"SourceTimestamp":"2024-04-27T12:41:05.9333157Z","ServerTimestamp":"2024-04-27T12:41:05.9660901Z"},"nsu=http://opcfoundation.org/UA/Plc/Applications;s=RandomUnsignedInt32":{"Value":{"Type":7,"Body":119020041},"SourceTimestamp":"2024-04-27T12:41:05.9333079Z","ServerTimestamp":"2024-04-27T12:41:05.9660941Z"},"nsu=http://opcfoundation.org/UA/Plc/Applications;s=DipData":{"Value":{"Type":11,"Body":98.228725072868855},"SourceTimestamp":"2024-04-27T12:41:05.9333185Z","ServerTimestamp":"2024-04-27T12:41:05.9660987Z"},"nsu=http://opcfoundation.org/UA/Plc/Applications;s=FastUIntScalar1":{"Value":{"Type":7,"Body":103},"SourceTimestamp":"2024-04-27T12:41:05.233898Z","ServerTimestamp":"2024-04-27T12:41:05.9660947Z"},"nsu=http://opcfoundation.org/UA/Plc/Applications;s=FastUIntScalar2":{"Value":{"Type":7,"Body":103},"SourceTimestamp":"2024-04-27T12:41:05.233903Z","ServerTimestamp":"2024-04-27T12:41:05.9660969Z"},"nsu=http://opcfoundation.org/UA/Plc/Applications;s=FastUIntScalar3":{"Value":{"Type":7,"Body":103},"SourceTimestamp":"2024-04-27T12:41:05.2339054Z","ServerTimestamp":"2024-04-27T12:41:05.9660869Z"},"nsu=http://opcfoundation.org/UA/Plc/Applications;s=FastRandomUIntScalar1":{"Value":{"Type":7,"Body":1789604718},"SourceTimestamp":"2024-04-27T12:41:05.233899Z","ServerTimestamp":"2024-04-27T12:41:05.9660954Z"},"nsu=http://opcfoundation.org/UA/Plc/Applications;s=FastRandomUIntScalar2":{"Value":{"Type":7,"Body":3916228048},"SourceTimestamp":"2024-04-27T12:41:05.2339046Z","ServerTimestamp":"2024-04-27T12:41:05.966091Z"},"nsu=http://opcfoundation.org/UA/Plc/Applications;s=FastRandomUIntScalar3":{"Value":{"Type":7,"Body":1543827791},"SourceTimestamp":"2024-04-27T12:41:05.2339062Z","ServerTimestamp":"2024-04-27T12:41:05.9661004Z"},"nsu=http://opcfoundation.org/UA/Plc/Applications;s=NegativeTrendData":{"Value":{"Type":11,"Body":98},"SourceTimestamp":"2024-04-27T12:41:05.9333282Z","ServerTimestamp":"2024-04-27T12:41:05.9661027Z"},"nsu=http://opcfoundation.org/UA/Plc/Applications;s=PositiveTrendData":{"Value":{"Type":11,"Body":101.90000000000001},"SourceTimestamp":"2024-04-27T12:41:05.9333249Z","ServerTimestamp":"2024-04-27T12:41:05.9660995Z"},"nsu=http://opcfoundation.org/UA/Plc/Applications;s=SlowUIntScalar1":{"Value":{"Type":7,"Body":10},"SourceTimestamp":"2024-04-27T12:41:02.231585Z","ServerTimestamp":"2024-04-27T12:41:05.9661019Z"},"nsu=http://opcfoundation.org/UA/Plc/Applications;s=SlowUIntScalar2":{"Value":{"Type":7,"Body":10},"SourceTimestamp":"2024-04-27T12:41:02.2315924Z","ServerTimestamp":"2024-04-27T12:41:05.9660885Z"},"nsu=http://opcfoundation.org/UA/Plc/Applications;s=SlowUIntScalar3":{"Value":{"Type":7,"Body":10},"SourceTimestamp":"2024-04-27T12:41:02.2315941Z","ServerTimestamp":"2024-04-27T12:41:05.9660894Z"},"nsu=http://opcfoundation.org/UA/Plc/Applications;s=BadSlowUIntScalar1":{"Value":{"Body":null},"StatusCode":2150694912,"SourceTimestamp":"2024-04-27T12:41:02.2316094Z","ServerTimestamp":"2024-04-27T12:41:05.966092Z"},"nsu=http://opcfoundation.org/UA/Plc/Applications;s=SlowRandomUIntScalar1":{"Value":{"Type":7,"Body":1982887406},"SourceTimestamp":"2024-04-27T12:41:02.2316382Z","ServerTimestamp":"2024-04-27T12:41:05.9660858Z"},"nsu=http://opcfoundation.org/UA/Plc/Applications;s=SlowRandomUIntScalar2":{"Value":{"Type":7,"Body":2062663446},"SourceTimestamp":"2024-04-27T12:41:02.2316421Z","ServerTimestamp":"2024-04-27T12:41:05.9660877Z"},"nsu=http://opcfoundation.org/UA/Plc/Applications;s=SlowRandomUIntScalar3":{"Value":{"Type":7,"Body":2949104990},"SourceTimestamp":"2024-04-27T12:41:02.2316436Z","ServerTimestamp":"2024-04-27T12:41:05.9661037Z"},"nsu=http://opcfoundation.org/UA/Plc/Applications;s=BadSlowRandomUIntScalar1":{"Value":{"Body":null},"StatusCode":2150694912,"SourceTimestamp":"2024-04-27T12:41:02.2316451Z","ServerTimestamp":"2024-04-27T12:41:05.9660962Z"},"nsu=http://opcfoundation.org/UA/Plc/Applications;s=SpikeData":{"Value":{"Type":11,"Body":98.228725072868855},"SourceTimestamp":"2024-04-27T12:41:05.933325Z","ServerTimestamp":"2024-04-27T12:41:05.9660932Z"},"ns=23;i=1259":{"Value":{"Type":11,"Body":0.51200000000000001},"SourceTimestamp":"2024-04-27T12:39:22.9476541Z","ServerTimestamp":"2024-04-27T12:41:05.9660688Z"}}}]}