{"MessageId":"8dfb7055-95ab-4d0b-9a6a-3fef85ce0001","MessageType":"ua-data","PublisherId":"DESKTOP-BGFJS91","DataSetWriterGroup":"<<UnknownWriterGroup>>","Messages":[{"SequenceNumber":105,"MetaDataVersion":{"MajorVersion":1},"Timestamp":"2024-04-27T12:41:07.9609406Z","MessageType":"ua-deltaframe","DataSetWriterName":"<<UnknownDataSet>>","Payload":{"i=2258":{"Value":{"Type":13,"Body":"2024-04-27T12:41:07.9605971Z"},"SourceTimestamp":"2024-04-27T12:39:22.9476115Z","ServerTimestamp":"2024-04-27T12:41:07.9605958Z"},"nsu=http://opcfoundation.org/UA/Plc/Applications;s=StepUp":{"Value":{"Type":7,"Body":1057},"SourceTimestamp":"2024-04-27T12:41:07.9287713Z","ServerTimestamp":"2024-04-27T12:41:07.9606527Z"},"nsu=http://opcfoundation.org/UA/Plc/Applications;s=AlternatingBoolean":{"Value":{"Type":1,"Body":false},"SourceTimestamp":"2024-04-27T12:41:07.9288325Z","ServerTimestamp":"2024-04-27T12:41:07.9606494Z"},"nsu=http://opcfoundation.org/UA/Plc/Applications;s=RandomSignedInt32":{"Value":{"Type":6,"Body":-909968145},"SourceTimestamp":"2024-04-27T12:41:07.9288126Z","ServerTimestamp":"2024-04-27T12:41:07.9606421Z"},"nsu=http://opcfoundation.org/UA/Plc/Applications;s=RandomUnsignedInt32":{"Value":{"Type":7,"Body":790114672},"SourceTimestamp":"2024-04-27T12:41:07.9288181Z","ServerTimestamp":"2024-04-27T12:41:07.9606462Z"},"nsu=http://opcfoundation.org/UA/Plc/Applications;s=DipData":{"Value":{"Type":11,"Body":-68.454710592868821},"SourceTimestamp":"2024-04-27T12:41:07.9288592Z","ServerTimestamp":"2024-04-27T12:41:07.9606504Z"},"nsu=http://opcfoundation.org/UA/Plc/Applications;s=FastUIntScalar1":{"Value":{"Type":7,"Body":105},"SourceTimestamp":"2024-04-27T12:41:07.2331489Z","ServerTimestamp":"2024-04-27T12:41:07.9606466Z"},"nsu=http://opcfoundation.org/UA/Plc/Applications;s=FastUIntScalar2":{"Value":{"Type":7,"Body":105},"SourceTimestamp":"2024-04-27T12:41:07.233156Z","ServerTimestamp":"2024-04-27T12:41:07.9606487Z"},"nsu=http://opcfoundation.org/UA/Plc/Applications;s=FastUIntScalar3":{"Value":{"Type":7,"Body":105},"SourceTimestamp":"2024-04-27T12:41:07.2331577Z","ServerTimestamp":"2024-04-27T12:41:07.9606381Z"},"nsu=http://opcfoundation.org/UA/Plc/Applications;s=FastRandomUIntScalar1":{"Value":{"Type":7,"Body":679311243},"SourceTimestamp":"2024-04-27T12:41:07.2331625Z","ServerTimestamp":"2024-04-27T12:41:07.9606472Z"},"nsu=http://opcfoundation.org/UA/Plc/Applications;s=FastRandomUIntScalar2":{"Value":{"Type":7,"Body":1521325487},"SourceTimestamp":"2024-04-27T12:41:07.2331749Z","ServerTimestamp":"2024-04-27T12:41:07.9606429Z"},"nsu=http://opcfoundation.org/UA/Plc/Applications;s=FastRandomUIntScalar3":{"Value":{"Type":7,"Body":3042125522},"SourceTimestamp":"2024-04-27T12:41:07.2331768Z","ServerTimestamp":"2024-04-27T12:41:07.960652Z"},"nsu=http://opcfoundation.org/UA/Plc/Applications;s=NegativeTrendData":{"Value":{"Type":11,"Body":97.900000000000006},"SourceTimestamp":"2024-04-27T12:41:07.9288608Z","ServerTimestamp":"2024-04-27T12:41:07.9606546Z"},"nsu=http://opcfoundation.org/UA/Plc/Applications;s=PositiveTrendData":{"Value":{"Type":11,"Body":102},"SourceTimestamp":"2024-04-27T12:41:07.9288547Z","ServerTimestamp":"2024-04-27T12:41:07.9606512Z"},"nsu=http://opcfoundation.org/UA/Plc/Applications;s=SlowUIntScalar1":{"Value":{"Type":7,"Body":10},"SourceTimestamp":"2024-04-27T12:41:02.231585Z","ServerTimestamp":"2024-04-27T12:41:07.9606537Z"},"nsu=http://opcfoundation.org/UA/Plc/Applications;s=SlowUIntScalar2":{"Value":{"Type":7,"Body":10},"SourceTimestamp":"2024-04-27T12:41:02.2315924Z","ServerTimestamp":"2024-04-27T12:41:07.9606401Z"},"nsu=http://opcfoundation.org/UA/Plc/Applications;s=SlowUIntScalar3":{"Value":{"Type":7,"Body":10},"SourceTimestamp":"2024-04-27T12:41:02.2315941Z","ServerTimestamp":"2024-04-27T12:41:07.960641Z"},"nsu=http://opcfoundation.org/UA/Plc/Applications;s=BadSlowUIntScalar1":{"Value":{"Body":null},"StatusCode":2150694912,"SourceTimestamp":"2024-04-27T12:41:02.2316094Z","ServerTimestamp":"2024-04-27T12:41:07.9606438Z"},"nsu=http://opcfoundation.org/UA/Plc/Applications;s=SlowRandomUIntScalar1":{"Value":{"Type":7,"Body":1982887406},"SourceTimestamp":"2024-04-27T12:41:02.2316382Z","ServerTimestamp":"2024-04-27T12:41:07.9606371Z"},"nsu=http://opcfoundation.org/UA/Plc/Applications;s=SlowRandomUIntScalar2":{"Value":{"Type":7,"Body":2062663446},"SourceTimestamp":"2024-04-27T12:41:02.2316421Z","ServerTimestamp":"2024-04-27T12:41:07.9606391Z"},"nsu=http://opcfoundation.org/UA/Plc/Applications;s=SlowRandomUIntScalar3":{"Value":{"Type":7,"Body":2949104990},"SourceTimestamp":"2024-04-27T12:41:02.2316436Z","ServerTimestamp":"2024-04-27T12:41:07.9606558Z"},"nsu=http://opcfoundation.org/UA/Plc/Applications;s=BadSlowRandomUIntScalar1":{"Value":{"Body":null},"StatusCode":2150694912,"SourceTimestamp":"2024-04-27T12:41:02.2316451Z","ServerTimestamp":"2024-04-27T12:41:07.960648Z"},"nsu=http://opcfoundation.org/UA/Plc/Applications;s=SpikeData":{"Value":{"Type":11,"Body":-68.454710592868821},"SourceTimestamp":"2024-04-27T12:41:07.9288652Z","ServerTimestamp":"2024-04-27T12:41:07.9606449Z"},"ns=23;i=1259":{"Value":{"Type":11,"Body":-0.58599999999999997},"SourceTimestamp":"2024-04-27T12:39:22.9476541Z","ServerTimestamp":"2024-04-27T12:41:07.9606123Z"}}}]}