{"MessageId":"39f65b6e-2557-44c4-8f94-371810a28ee8","MessageType":"ua-data","PublisherId":"DESKTOP-BGFJS91","DataSetWriterGroup":"<<UnknownWriterGroup>>","Messages":[{"SequenceNumber":107,"MetaDataVersion":{"MajorVersion":1},"Timestamp":"2024-04-27T12:41:09.9548037Z","MessageType":"ua-deltaframe","DataSetWriterName":"<<UnknownDataSet>>","Payload":{"i=2258":{"Value":{"Type":13,"Body":"2024-04-27T12:41:09.9544768Z"},"SourceTimestamp":"2024-04-27T12:39:22.9476115Z","ServerTimestamp":"2024-04-27T12:41:09.9544757Z"},"nsu=http://opcfoundation.org/UA/Plc/Applications;s=StepUp":{"Value":{"Type":7,"Body":1077},"SourceTimestamp":"2024-04-27T12:41:09.9384846Z","ServerTimestamp":"2024-04-27T12:41:09.9545271Z"},"nsu=http://opcfoundation.org/UA/Plc/Applications;s=AlternatingBoolean":{"Value":{"Type":1,"Body":false},"SourceTimestamp":"2024-04-27T12:41:09.9384956Z","ServerTimestamp":"2024-04-27T12:41:09.9545233Z"},"nsu=http://opcfoundation.org/UA/Plc/Applications;s=RandomSignedInt32":{"Value":{"Type":6,"Body":1284132262},"SourceTimestamp":"2024-04-27T12:41:09.9385172Z","ServerTimestamp":"2024-04-27T12:41:09.9545125Z"},"nsu=http://opcfoundation.org/UA/Plc/Applications;s=RandomUnsignedInt32":{"Value":{"Type":7,"Body":1557061295},"SourceTimestamp":"2024-04-27T12:41:09.938512Z","ServerTimestamp":"2024-04-27T12:41:09.9545201Z"},"nsu=http://opcfoundation.org/UA/Plc/Applications;s=DipData":{"Value":{"Type":11,"Body":12.53332335643041},"SourceTimestamp":"2024-04-27T12:41:09.9385279Z","ServerTimestamp":"2024-04-27T12:41:09.9545242Z"},"nsu=http://opcfoundation.org/UA/Plc/Applications;s=FastUIntScalar1":{"Value":{"Type":7,"Body":107},"SourceTimestamp":"2024-04-27T12:41:09.2291369Z","ServerTimestamp":"2024-04-27T12:41:09.9545205Z"},"nsu=http://opcfoundation.org/UA/Plc/Applications;s=FastUIntScalar2":{"Value":{"Type":7,"Body":107},"SourceTimestamp":"2024-04-27T12:41:09.2291415Z","ServerTimestamp":"2024-04-27T12:41:09.9545227Z"},"nsu=http://opcfoundation.org/UA/Plc/Applications;s=FastUIntScalar3":{"Value":{"Type":7,"Body":107},"SourceTimestamp":"2024-04-27T12:41:09.2291433Z","ServerTimestamp":"2024-04-27T12:41:09.9545093Z"},"nsu=http://opcfoundation.org/UA/Plc/Applications;s=FastRandomUIntScalar1":{"Value":{"Type":7,"Body":2912650774},"SourceTimestamp":"2024-04-27T12:41:09.229126Z","ServerTimestamp":"2024-04-27T12:41:09.9545211Z"},"nsu=http://opcfoundation.org/UA/Plc/Applications;s=FastRandomUIntScalar2":{"Value":{"Type":7,"Body":268038476},"SourceTimestamp":"2024-04-27T12:41:09.2291322Z","ServerTimestamp":"2024-04-27T12:41:09.9545134Z"},"nsu=http://opcfoundation.org/UA/Plc/Applications;s=FastRandomUIntScalar3":{"Value":{"Type":7,"Body":539415348},"SourceTimestamp":"2024-04-27T12:41:09.2291337Z","ServerTimestamp":"2024-04-27T12:41:09.9545263Z"},"nsu=http://opcfoundation.org/UA/Plc/Applications;s=NegativeTrendData":{"Value":{"Type":11,"Body":97.900000000000006},"SourceTimestamp":"2024-04-27T12:41:09.9385317Z","ServerTimestamp":"2024-04-27T12:41:09.954529Z"},"nsu=http://opcfoundation.org/UA/Plc/Applications;s=PositiveTrendData":{"Value":{"Type":11,"Body":102},"SourceTimestamp":"2024-04-27T12:41:09.9385287Z","ServerTimestamp":"2024-04-27T12:41:09.954525Z"},"nsu=http://opcfoundation.org/UA/Plc/Applications;s=SlowUIntScalar1":{"Value":{"Type":7,"Body":10},"SourceTimestamp":"2024-04-27T12:41:02.231585Z","ServerTimestamp":"2024-04-27T12:41:09.9545281Z"},"nsu=http://opcfoundation.org/UA/Plc/Applications;s=SlowUIntScalar2":{"Value":{"Type":7,"Body":10},"SourceTimestamp":"2024-04-27T12:41:02.2315924Z","ServerTimestamp":"2024-04-27T12:41:09.9545109Z"},"nsu=http://opcfoundation.org/UA/Plc/Applications;s=SlowUIntScalar3":{"Value":{"Type":7,"Body":10},"SourceTimestamp":"2024-04-27T12:41:02.2315941Z","ServerTimestamp":"2024-04-27T12:41:09.9545118Z"},"nsu=http://opcfoundation.org/UA/Plc/Applications;s=BadSlowUIntScalar1":{"Value":{"Body":null},"StatusCode":2150694912,"SourceTimestamp":"2024-04-27T12:41:02.2316094Z","ServerTimestamp":"2024-04-27T12:41:09.954518Z"},"nsu=http://opcfoundation.org/UA/Plc/Applications;s=SlowRandomUIntScalar1":{"Value":{"Type":7,"Body":1982887406},"SourceTimestamp":"2024-04-27T12:41:02.2316382Z","ServerTimestamp":"2024-04-27T12:41:09.9545083Z"},"nsu=http://opcfoundation.org/UA/Plc/Applications;s=SlowRandomUIntScalar2":{"Value":{"Type":7,"Body":2062663446},"SourceTimestamp":"2024-04-27T12:41:02.2316421Z","ServerTimestamp":"2024-04-27T12:41:09.9545103Z"},"nsu=http://opcfoundation.org/UA/Plc/Applications;s=SlowRandomUIntScalar3":{"Value":{"Type":7,"Body":2949104990},"SourceTimestamp":"2024-04-27T12:41:02.2316436Z","ServerTimestamp":"2024-04-27T12:41:09.95453Z"},"nsu=http://opcfoundation.org/UA/Plc/Applications;s=BadSlowRandomUIntScalar1":{"Value":{"Body":null},"StatusCode":2150694912,"SourceTimestamp":"2024-04-27T12:41:02.2316451Z","ServerTimestamp":"2024-04-27T12:41:09.9545219Z"},"nsu=http://opcfoundation.org/UA/Plc/Applications;s=SpikeData":{"Value":{"Type":11,"Body":12.53332335643041},"SourceTimestamp":"2024-04-27T12:41:09.9385343Z","ServerTimestamp":"2024-04-27T12:41:09.9545192Z"},"ns=23;i=1259":{"Value":{"Type":11,"Body":-1.8},"SourceTimestamp":"2024-04-27T12:39:22.9476541Z","ServerTimestamp":"2024-04-27T12:41:09.954491Z"}}}]}