{"MessageId":"3ac1794f-53ff-4b97-9c25-1212b4138067","MessageType":"ua-data","PublisherId":"DESKTOP-BGFJS91","DataSetWriterGroup":"<<UnknownWriterGroup>>","Messages":[{"SequenceNumber":112,"MetaDataVersion":{"MajorVersion":1},"Timestamp":"2024-04-27T12:41:14.9522355Z","MessageType":"ua-deltaframe","DataSetWriterName":"<<UnknownDataSet>>","Payload":{"i=2258":{"Value":{"Type":13,"Body":"2024-04-27T12:41:14.9519383Z"},"SourceTimestamp":"2024-04-27T12:39:22.9476115Z","ServerTimestamp":"2024-04-27T12:41:14.9519369Z"},"nsu=http://opcfoundation.org/UA/Plc/Applications;s=StepUp":{"Value":{"Type":7,"Body":1127},"SourceTimestamp":"2024-04-27T12:41:14.9360363Z","ServerTimestamp":"2024-04-27T12:41:14.9519867Z"},"nsu=http://opcfoundation.org/UA/Plc/Applications;s=AlternatingBoolean":{"Value":{"Type":1,"Body":true},"SourceTimestamp":"2024-04-27T12:41:14.9360501Z","ServerTimestamp":"2024-04-27T12:41:14.9519838Z"},"nsu=http://opcfoundation.org/UA/Plc/Applications;s=RandomSignedInt32":{"Value":{"Type":6,"Body":-1455447048},"SourceTimestamp":"2024-04-27T12:41:14.9360495Z","ServerTimestamp":"2024-04-27T12:41:14.9519772Z"},"nsu=http://opcfoundation.org/UA/Plc/Applications;s=RandomUnsignedInt32":{"Value":{"Type":7,"Body":2121031827},"SourceTimestamp":"2024-04-27T12:41:14.9360478Z","ServerTimestamp":"2024-04-27T12:41:14.9519806Z"},"nsu=http://opcfoundation.org/UA/Plc/Applications;s=DipData":{"Value":{"Type":11,"Body":12.53332335643041},"SourceTimestamp":"2024-04-27T12:41:14.9360565Z","ServerTimestamp":"2024-04-27T12:41:14.9519845Z"},"nsu=http://opcfoundation.org/UA/Plc/Applications;s=FastUIntScalar1":{"Value":{"Type":7,"Body":112},"SourceTimestamp":"2024-04-27T12:41:14.2384694Z","ServerTimestamp":"2024-04-27T12:41:14.951981Z"},"nsu=http://opcfoundation.org/UA/Plc/Applications;s=FastUIntScalar2":{"Value":{"Type":7,"Body":112},"SourceTimestamp":"2024-04-27T12:41:14.2384789Z","ServerTimestamp":"2024-04-27T12:41:14.9519833Z"},"nsu=http://opcfoundation.org/UA/Plc/Applications;s=FastUIntScalar3":{"Value":{"Type":7,"Body":112},"SourceTimestamp":"2024-04-27T12:41:14.2384819Z","ServerTimestamp":"2024-04-27T12:41:14.9519741Z"},"nsu=http://opcfoundation.org/UA/Plc/Applications;s=FastRandomUIntScalar1":{"Value":{"Type":7,"Body":1999387437},"SourceTimestamp":"2024-04-27T12:41:14.238457Z","ServerTimestamp":"2024-04-27T12:41:14.9519816Z"},"nsu=http://opcfoundation.org/UA/Plc/Applications;s=FastRandomUIntScalar2":{"Value":{"Type":7,"Body":2070806958},"SourceTimestamp":"2024-04-27T12:41:14.2384672Z","ServerTimestamp":"2024-04-27T12:41:14.951978Z"},"nsu=http://opcfoundation.org/UA/Plc/Applications;s=FastRandomUIntScalar3":{"Value":{"Type":7,"Body":3341988179},"SourceTimestamp":"2024-04-27T12:41:14.2384701Z","ServerTimestamp":"2024-04-27T12:41:14.9519861Z"},"nsu=http://opcfoundation.org/UA/Plc/Applications;s=NegativeTrendData":{"Value":{"Type":11,"Body":97.799999999999997},"SourceTimestamp":"2024-04-27T12:41:14.9360565Z","ServerTimestamp":"2024-04-27T12:41:14.9519884Z"},"nsu=http://opcfoundation.org/UA/Plc/Applications;s=PositiveTrendData":{"Value":{"Type":11,"Body":102.09999999999999},"SourceTimestamp":"2024-04-27T12:41:14.9360599Z","ServerTimestamp":"2024-04-27T12:41:14.9519853Z"},"nsu=http://opcfoundation.org/UA/Plc/Applications;s=SlowUIntScalar1":{"Value":{"Type":7,"Body":11},"SourceTimestamp":"2024-04-27T12:41:12.2369876Z","ServerTimestamp":"2024-04-27T12:41:14.9519877Z"},"nsu=http://opcfoundation.org/UA/Plc/Applications;s=SlowUIntScalar2":{"Value":{"Type":7,"Body":11},"SourceTimestamp":"2024-04-27T12:41:12.2369945Z","ServerTimestamp":"2024-04-27T12:41:14.9519757Z"},"nsu=http://opcfoundation.org/UA/Plc/Applications;s=SlowUIntScalar3":{"Value":{"Type":7,"Body":11},"SourceTimestamp":"2024-04-27T12:41:12.2369959Z","ServerTimestamp":"2024-04-27T12:41:14.9519766Z"},"nsu=http://opcfoundation.org/UA/Plc/Applications;s=BadSlowUIntScalar1":{"Value":{"Type":7,"Body":1},"SourceTimestamp":"2024-04-27T12:41:12.2369972Z","ServerTimestamp":"2024-04-27T12:41:14.9519789Z"},"nsu=http://opcfoundation.org/UA/Plc/Applications;s=SlowRandomUIntScalar1":{"Value":{"Type":7,"Body":1971158891},"SourceTimestamp":"2024-04-27T12:41:12.2370151Z","ServerTimestamp":"2024-04-27T12:41:14.9519732Z"},"nsu=http://opcfoundation.org/UA/Plc/Applications;s=SlowRandomUIntScalar2":{"Value":{"Type":7,"Body":300185172},"SourceTimestamp":"2024-04-27T12:41:12.2370168Z","ServerTimestamp":"2024-04-27T12:41:14.951975Z"},"nsu=http://opcfoundation.org/UA/Plc/Applications;s=SlowRandomUIntScalar3":{"Value":{"Type":7,"Body":2009338293},"SourceTimestamp":"2024-04-27T12:41:12.237018Z","ServerTimestamp":"2024-04-27T12:41:14.9519895Z"},"nsu=http://opcfoundation.org/UA/Plc/Applications;s=BadSlowRandomUIntScalar1":{"Value":{"Type":7,"Body":2873041290},"SourceTimestamp":"2024-04-27T12:41:12.2370194Z","ServerTimestamp":"2024-04-27T12:41:14.9519824Z"},"nsu=http://opcfoundation.org/UA/Plc/Applications;s=SpikeData":{"Value":{"Type":11,"Body":12.53332335643041},"SourceTimestamp":"2024-04-27T12:41:14.9360621Z","ServerTimestamp":"2024-04-27T12:41:14.9519797Z"},"ns=23;i=1259":{"Value":{"Type":11,"Body":-1.0800000000000001},"SourceTimestamp":"2024-04-27T12:39:22.9476541Z","ServerTimestamp":"2024-04-27T12:41:14.9519562Z"}}}]}