{"MessageId":"dba10ddc-edcb-4241-8879-6021b7e0f5f4","MessageType":"ua-data","PublisherId":"DESKTOP-BGFJS91","DataSetWriterGroup":"<<UnknownWriterGroup>>","Messages":[{"SequenceNumber":115,"MetaDataVersion":{"MajorVersion":1},"Timestamp":"2024-04-27T12:41:17.9631236Z","MessageType":"ua-deltaframe","DataSetWriterName":"<<UnknownDataSet>>","Payload":{"i=2258":{"Value":{"Type":13,"Body":"2024-04-27T12:41:17.9628359Z"},"SourceTimestamp":"2024-04-27T12:39:22.9476115Z","ServerTimestamp":"2024-04-27T12:41:17.9628349Z"},"nsu=http://opcfoundation.org/UA/Plc/Applications;s=StepUp":{"Value":{"Type":7,"Body":1157},"SourceTimestamp":"2024-04-27T12:41:17.929877Z","ServerTimestamp":"2024-04-27T12:41:17.9628838Z"},"nsu=http://opcfoundation.org/UA/Plc/Applications;s=AlternatingBoolean":{"Value":{"Type":1,"Body":false},"SourceTimestamp":"2024-04-27T12:41:17.9298945Z","ServerTimestamp":"2024-04-27T12:41:17.9628806Z"},"nsu=http://opcfoundation.org/UA/Plc/Applications;s=RandomSignedInt32":{"Value":{"Type":6,"Body":2023718071},"SourceTimestamp":"2024-04-27T12:41:17.9299067Z","ServerTimestamp":"2024-04-27T12:41:17.962874Z"},"nsu=http://opcfoundation.org/UA/Plc/Applications;s=RandomUnsignedInt32":{"Value":{"Type":7,"Body":149007977},"SourceTimestamp":"2024-04-27T12:41:17.9299294Z","ServerTimestamp":"2024-04-27T12:41:17.9628773Z"},"nsu=http://opcfoundation.org/UA/Plc/Applications;s=DipData":{"Value":{"Type":11,"Body":-68.454710592868821},"SourceTimestamp":"2024-04-27T12:41:17.9299221Z","ServerTimestamp":"2024-04-27T12:41:17.9628815Z"},"nsu=http://opcfoundation.org/UA/Plc/Applications;s=FastUIntScalar1":{"Value":{"Type":7,"Body":115},"SourceTimestamp":"2024-04-27T12:41:17.2319022Z","ServerTimestamp":"2024-04-27T12:41:17.9628778Z"},"nsu=http://opcfoundation.org/UA/Plc/Applications;s=FastUIntScalar2":{"Value":{"Type":7,"Body":115},"SourceTimestamp":"2024-04-27T12:41:17.2319102Z","ServerTimestamp":"2024-04-27T12:41:17.9628801Z"},"nsu=http://opcfoundation.org/UA/Plc/Applications;s=FastUIntScalar3":{"Value":{"Type":7,"Body":115},"SourceTimestamp":"2024-04-27T12:41:17.2319125Z","ServerTimestamp":"2024-04-27T12:41:17.9628711Z"},"nsu=http://opcfoundation.org/UA/Plc/Applications;s=FastRandomUIntScalar1":{"Value":{"Type":7,"Body":3823297271},"SourceTimestamp":"2024-04-27T12:41:17.2319273Z","ServerTimestamp":"2024-04-27T12:41:17.9628784Z"},"nsu=http://opcfoundation.org/UA/Plc/Applications;s=FastRandomUIntScalar2":{"Value":{"Type":7,"Body":2798201045},"SourceTimestamp":"2024-04-27T12:41:17.2319354Z","ServerTimestamp":"2024-04-27T12:41:17.9628748Z"},"nsu=http://opcfoundation.org/UA/Plc/Applications;s=FastRandomUIntScalar3":{"Value":{"Type":7,"Body":3036057731},"SourceTimestamp":"2024-04-27T12:41:17.2319373Z","ServerTimestamp":"2024-04-27T12:41:17.9628832Z"},"nsu=http://opcfoundation.org/UA/Plc/Applications;s=NegativeTrendData":{"Value":{"Type":11,"Body":97.700000000000003},"SourceTimestamp":"2024-04-27T12:41:17.929924Z","ServerTimestamp":"2024-04-27T12:41:17.9628856Z"},"nsu=http://opcfoundation.org/UA/Plc/Applications;s=PositiveTrendData":{"Value":{"Type":11,"Body":102.2},"SourceTimestamp":"2024-04-27T12:41:17.929929Z","ServerTimestamp":"2024-04-27T12:41:17.9628824Z"},"nsu=http://opcfoundation.org/UA/Plc/Applications;s=SlowUIntScalar1":{"Value":{"Type":7,"Body":11},"SourceTimestamp":"2024-04-27T12:41:12.2369876Z","ServerTimestamp":"2024-04-27T12:41:17.9628846Z"},"nsu=http://opcfoundation.org/UA/Plc/Applications;s=SlowUIntScalar2":{"Value":{"Type":7,"Body":11},"SourceTimestamp":"2024-04-27T12:41:12.2369945Z","ServerTimestamp":"2024-04-27T12:41:17.9628727Z"},"nsu=http://opcfoundation.org/UA/Plc/Applications;s=SlowUIntScalar3":{"Value":{"Type":7,"Body":11},"SourceTimestamp":"2024-04-27T12:41:12.2369959Z","ServerTimestamp":"2024-04-27T12:41:17.9628734Z"},"nsu=http://opcfoundation.org/UA/Plc/Applications;s=BadSlowUIntScalar1":{"Value":{"Type":7,"Body":1},"SourceTimestamp":"2024-04-27T12:41:12.2369972Z","ServerTimestamp":"2024-04-27T12:41:17.9628757Z"},"nsu=http://opcfoundation.org/UA/Plc/Applications;s=SlowRandomUIntScalar1":{"Value":{"Type":7,"Body":1971158891},"SourceTimestamp":"2024-04-27T12:41:12.2370151Z","ServerTimestamp":"2024-04-27T12:41:17.9628702Z"},"nsu=http://opcfoundation.org/UA/Plc/Applications;s=SlowRandomUIntScalar2":{"Value":{"Type":7,"Body":300185172},"SourceTimestamp":"2024-04-27T12:41:12.2370168Z","ServerTimestamp":"2024-04-27T12:41:17.962872Z"},"nsu=http://opcfoundation.org/UA/Plc/Applications;s=SlowRandomUIntScalar3":{"Value":{"Type":7,"Body":2009338293},"SourceTimestamp":"2024-04-27T12:41:12.237018Z","ServerTimestamp":"2024-04-27T12:41:17.9628866Z"},"nsu=http://opcfoundation.org/UA/Plc/Applications;s=BadSlowRandomUIntScalar1":{"Value":{"Type":7,"Body":2873041290},"SourceTimestamp":"2024-04-27T12:41:12.2370194Z","ServerTimestamp":"2024-04-27T12:41:17.9628793Z"},"nsu=http://opcfoundation.org/UA/Plc/Applications;s=SpikeData":{"Value":{"Type":11,"Body":-68.454710592868821},"SourceTimestamp":"2024-04-27T12:41:17.9299346Z","ServerTimestamp":"2024-04-27T12:41:17.9628764Z"},"ns=23;i=1259":{"Value":{"Type":11,"Body":0.20000000000000001},"SourceTimestamp":"2024-04-27T12:39:22.9476541Z","ServerTimestamp":"2024-04-27T12:41:17.9628536Z"}}}]}