{"MessageId":"bb54f3c0-478e-4c59-afaa-b346689ebfbc","MessageType":"ua-data","PublisherId":"DESKTOP-BGFJS91","DataSetWriterGroup":"<<UnknownWriterGroup>>","Messages":[{"SequenceNumber":116,"MetaDataVersion":{"MajorVersion":1},"Timestamp":"2024-04-27T12:41:18.9630864Z","MessageType":"ua-deltaframe","DataSetWriterName":"<<UnknownDataSet>>","Payload":{"i=2258":{"Value":{"Type":13,"Body":"2024-04-27T12:41:18.9627628Z"},"SourceTimestamp":"2024-04-27T12:39:22.9476115Z","ServerTimestamp":"2024-04-27T12:41:18.9627616Z"},"nsu=http://opcfoundation.org/UA/Plc/Applications;s=StepUp":{"Value":{"Type":7,"Body":1167},"SourceTimestamp":"2024-04-27T12:41:18.9308551Z","ServerTimestamp":"2024-04-27T12:41:18.9628143Z"},"nsu=http://opcfoundation.org/UA/Plc/Applications;s=AlternatingBoolean":{"Value":{"Type":1,"Body":false},"SourceTimestamp":"2024-04-27T12:41:18.9308551Z","ServerTimestamp":"2024-04-27T12:41:18.9628109Z"},"nsu=http://opcfoundation.org/UA/Plc/Applications;s=RandomSignedInt32":{"Value":{"Type":6,"Body":-1908544307},"SourceTimestamp":"2024-04-27T12:41:18.9308693Z","ServerTimestamp":"2024-04-27T12:41:18.9627995Z"},"nsu=http://opcfoundation.org/UA/Plc/Applications;s=RandomUnsignedInt32":{"Value":{"Type":7,"Body":1959208533},"SourceTimestamp":"2024-04-27T12:41:18.9308818Z","ServerTimestamp":"2024-04-27T12:41:18.9628071Z"},"nsu=http://opcfoundation.org/UA/Plc/Applications;s=DipData":{"Value":{"Type":11,"Body":-90.482705246601981},"SourceTimestamp":"2024-04-27T12:41:18.9308781Z","ServerTimestamp":"2024-04-27T12:41:18.9628119Z"},"nsu=http://opcfoundation.org/UA/Plc/Applications;s=FastUIntScalar1":{"Value":{"Type":7,"Body":116},"SourceTimestamp":"2024-04-27T12:41:18.2387148Z","ServerTimestamp":"2024-04-27T12:41:18.962808Z"},"nsu=http://opcfoundation.org/UA/Plc/Applications;s=FastUIntScalar2":{"Value":{"Type":7,"Body":116},"SourceTimestamp":"2024-04-27T12:41:18.2387199Z","ServerTimestamp":"2024-04-27T12:41:18.9628103Z"},"nsu=http://opcfoundation.org/UA/Plc/Applications;s=FastUIntScalar3":{"Value":{"Type":7,"Body":116},"SourceTimestamp":"2024-04-27T12:41:18.2387226Z","ServerTimestamp":"2024-04-27T12:41:18.9627964Z"},"nsu=http://opcfoundation.org/UA/Plc/Applications;s=FastRandomUIntScalar1":{"Value":{"Type":7,"Body":4078886458},"SourceTimestamp":"2024-04-27T12:41:18.2387172Z","ServerTimestamp":"2024-04-27T12:41:18.9628087Z"},"nsu=http://opcfoundation.org/UA/Plc/Applications;s=FastRandomUIntScalar2":{"Value":{"Type":7,"Body":4178717809},"SourceTimestamp":"2024-04-27T12:41:18.2387216Z","ServerTimestamp":"2024-04-27T12:41:18.9628003Z"},"nsu=http://opcfoundation.org/UA/Plc/Applications;s=FastRandomUIntScalar3":{"Value":{"Type":7,"Body":1985269482},"SourceTimestamp":"2024-04-27T12:41:18.2387232Z","ServerTimestamp":"2024-04-27T12:41:18.9628136Z"},"nsu=http://opcfoundation.org/UA/Plc/Applications;s=NegativeTrendData":{"Value":{"Type":11,"Body":97.700000000000003},"SourceTimestamp":"2024-04-27T12:41:18.9308797Z","ServerTimestamp":"2024-04-27T12:41:18.9628161Z"},"nsu=http://opcfoundation.org/UA/Plc/Applications;s=PositiveTrendData":{"Value":{"Type":11,"Body":102.2},"SourceTimestamp":"2024-04-27T12:41:18.9308841Z","ServerTimestamp":"2024-04-27T12:41:18.9628127Z"},"nsu=http://opcfoundation.org/UA/Plc/Applications;s=SlowUIntScalar1":{"Value":{"Type":7,"Body":11},"SourceTimestamp":"2024-04-27T12:41:12.2369876Z","ServerTimestamp":"2024-04-27T12:41:18.9628152Z"},"nsu=http://opcfoundation.org/UA/Plc/Applications;s=SlowUIntScalar2":{"Value":{"Type":7,"Body":11},"SourceTimestamp":"2024-04-27T12:41:12.2369945Z","ServerTimestamp":"2024-04-27T12:41:18.962798Z"},"nsu=http://opcfoundation.org/UA/Plc/Applications;s=SlowUIntScalar3":{"Value":{"Type":7,"Body":11},"SourceTimestamp":"2024-04-27T12:41:12.2369959Z","ServerTimestamp":"2024-04-27T12:41:18.9627988Z"},"nsu=http://opcfoundation.org/UA/Plc/Applications;s=BadSlowUIntScalar1":{"Value":{"Type":7,"Body":1},"SourceTimestamp":"2024-04-27T12:41:12.2369972Z","ServerTimestamp":"2024-04-27T12:41:18.9628017Z"},"nsu=http://opcfoundation.org/UA/Plc/Applications;s=SlowRandomUIntScalar1":{"Value":{"Type":7,"Body":1971158891},"SourceTimestamp":"2024-04-27T12:41:12.2370151Z","ServerTimestamp":"2024-04-27T12:41:18.9627953Z"},"nsu=http://opcfoundation.org/UA/Plc/Applications;s=SlowRandomUIntScalar2":{"Value":{"Type":7,"Body":300185172},"SourceTimestamp":"2024-04-27T12:41:12.2370168Z","ServerTimestamp":"2024-04-27T12:41:18.9627973Z"},"nsu=http://opcfoundation.org/UA/Plc/Applications;s=SlowRandomUIntScalar3":{"Value":{"Type":7,"Body":2009338293},"SourceTimestamp":"2024-04-27T12:41:12.237018Z","ServerTimestamp":"2024-04-27T12:41:18.9628171Z"},"nsu=http://opcfoundation.org/UA/Plc/Applications;s=BadSlowRandomUIntScalar1":{"Value":{"Type":7,"Body":2873041290},"SourceTimestamp":"2024-04-27T12:41:12.2370194Z","ServerTimestamp":"2024-04-27T12:41:18.9628095Z"},"nsu=http://opcfoundation.org/UA/Plc/Applications;s=SpikeData":{"Value":{"Type":11,"Body":-90.482705246601981},"SourceTimestamp":"2024-04-27T12:41:18.9308832Z","ServerTimestamp":"2024-04-27T12:41:18.9628061Z"},"ns=23;i=1259":{"Value":{"Type":11,"Body":-1.3400000000000001},"SourceTimestamp":"2024-04-27T12:39:22.9476541Z","ServerTimestamp":"2024-04-27T12:41:18.9627774Z"}}}]}