{"MessageId":"749f8b6d-6310-4ecc-957d-24d56cd986b7","MessageType":"ua-data","PublisherId":"DESKTOP-BGFJS91","DataSetWriterGroup":"<<UnknownWriterGroup>>","Messages":[{"SequenceNumber":13,"MetaDataVersion":{"MajorVersion":1},"Timestamp":"2024-04-27T12:39:35.952214Z","MessageType":"ua-deltaframe","DataSetWriterName":"<<UnknownDataSet>>","Payload":{"i=2258":{"Value":{"Type":13,"Body":"2024-04-27T12:39:35.9519027Z"},"SourceTimestamp":"2024-04-27T12:39:22.9476115Z","ServerTimestamp":"2024-04-27T12:39:35.9519013Z"},"nsu=http://opcfoundation.org/UA/Plc/Applications;s=StepUp":{"Value":{"Type":7,"Body":137},"SourceTimestamp":"2024-04-27T12:39:35.935216Z","ServerTimestamp":"2024-04-27T12:39:35.9519493Z"},"nsu=http://opcfoundation.org/UA/Plc/Applications;s=AlternatingBoolean":{"Value":{"Type":1,"Body":true},"SourceTimestamp":"2024-04-27T12:39:35.9352166Z","ServerTimestamp":"2024-04-27T12:39:35.9519463Z"},"nsu=http://opcfoundation.org/UA/Plc/Applications;s=RandomSignedInt32":{"Value":{"Type":6,"Body":-1518515931},"SourceTimestamp":"2024-04-27T12:39:35.9352568Z","ServerTimestamp":"2024-04-27T12:39:35.9519394Z"},"nsu=http://opcfoundation.org/UA/Plc/Applications;s=RandomUnsignedInt32":{"Value":{"Type":7,"Body":365922219},"SourceTimestamp":"2024-04-27T12:39:35.935237Z","ServerTimestamp":"2024-04-27T12:39:35.9519429Z"},"nsu=http://opcfoundation.org/UA/Plc/Applications;s=DipData":{"Value":{"Type":11,"Body":98.228725072868855},"SourceTimestamp":"2024-04-27T12:39:35.9352526Z","ServerTimestamp":"2024-04-27T12:39:35.9519471Z"},"nsu=http://opcfoundation.org/UA/Plc/Applications;s=FastUIntScalar1":{"Value":{"Type":7,"Body":13},"SourceTimestamp":"2024-04-27T12:39:35.2369267Z","ServerTimestamp":"2024-04-27T12:39:35.9519434Z"},"nsu=http://opcfoundation.org/UA/Plc/Applications;s=FastUIntScalar2":{"Value":{"Type":7,"Body":13},"SourceTimestamp":"2024-04-27T12:39:35.2369335Z","ServerTimestamp":"2024-04-27T12:39:35.9519457Z"},"nsu=http://opcfoundation.org/UA/Plc/Applications;s=FastUIntScalar3":{"Value":{"Type":7,"Body":13},"SourceTimestamp":"2024-04-27T12:39:35.236938Z","ServerTimestamp":"2024-04-27T12:39:35.951936Z"},"nsu=http://opcfoundation.org/UA/Plc/Applications;s=FastRandomUIntScalar1":{"Value":{"Type":7,"Body":784782188},"SourceTimestamp":"2024-04-27T12:39:35.2369299Z","ServerTimestamp":"2024-04-27T12:39:35.9519441Z"},"nsu=http://opcfoundation.org/UA/Plc/Applications;s=FastRandomUIntScalar2":{"Value":{"Type":7,"Body":895128568},"SourceTimestamp":"2024-04-27T12:39:35.2369372Z","ServerTimestamp":"2024-04-27T12:39:35.9519402Z"},"nsu=http://opcfoundation.org/UA/Plc/Applications;s=FastRandomUIntScalar3":{"Value":{"Type":7,"Body":1361015262},"SourceTimestamp":"2024-04-27T12:39:35.2369386Z","ServerTimestamp":"2024-04-27T12:39:35.9519487Z"},"nsu=http://opcfoundation.org/UA/Plc/Applications;s=NegativeTrendData":{"Value":{"Type":11,"Body":99.799999999999997},"SourceTimestamp":"2024-04-27T12:39:35.935259Z","ServerTimestamp":"2024-04-27T12:39:35.951951Z"},"nsu=http://opcfoundation.org/UA/Plc/Applications;s=PositiveTrendData":{"Value":{"Type":11,"Body":100.09999999999999},"SourceTimestamp":"2024-04-27T12:39:35.935259Z","ServerTimestamp":"2024-04-27T12:39:35.9519479Z"},"nsu=http://opcfoundation.org/UA/Plc/Applications;s=SlowUIntScalar1":{"Value":{"Type":7,"Body":1},"SourceTimestamp":"2024-04-27T12:39:32.237969Z","ServerTimestamp":"2024-04-27T12:39:35.9519502Z"},"nsu=http://opcfoundation.org/UA/Plc/Applications;s=SlowUIntScalar2":{"Value":{"Type":7,"Body":1},"SourceTimestamp":"2024-04-27T12:39:32.2379746Z","ServerTimestamp":"2024-04-27T12:39:35.9519377Z"},"nsu=http://opcfoundation.org/UA/Plc/Applications;s=SlowUIntScalar3":{"Value":{"Type":7,"Body":1},"SourceTimestamp":"2024-04-27T12:39:32.2379762Z","ServerTimestamp":"2024-04-27T12:39:35.9519387Z"},"nsu=http://opcfoundation.org/UA/Plc/Applications;s=BadSlowUIntScalar1":{"Value":{"Type":7,"Body":1},"SourceTimestamp":"2024-04-27T12:39:32.2379772Z","ServerTimestamp":"2024-04-27T12:39:35.9519411Z"},"nsu=http://opcfoundation.org/UA/Plc/Applications;s=SlowRandomUIntScalar1":{"Value":{"Type":7,"Body":2237999926},"SourceTimestamp":"2024-04-27T12:39:32.2380133Z","ServerTimestamp":"2024-04-27T12:39:35.951935Z"},"nsu=http://opcfoundation.org/UA/Plc/Applications;s=SlowRandomUIntScalar2":{"Value":{"Type":7,"Body":3524103487},"SourceTimestamp":"2024-04-27T12:39:32.2380173Z","ServerTimestamp":"2024-04-27T12:39:35.951937Z"},"nsu=http://opcfoundation.org/UA/Plc/Applications;s=SlowRandomUIntScalar3":{"Value":{"Type":7,"Body":36970585},"SourceTimestamp":"2024-04-27T12:39:32.2380188Z","ServerTimestamp":"2024-04-27T12:39:35.951952Z"},"nsu=http://opcfoundation.org/UA/Plc/Applications;s=BadSlowRandomUIntScalar1":{"Value":{"Type":7,"Body":1964760138},"SourceTimestamp":"2024-04-27T12:39:32.2380203Z","ServerTimestamp":"2024-04-27T12:39:35.9519449Z"},"nsu=http://opcfoundation.org/UA/Plc/Applications;s=SpikeData":{"Value":{"Type":11,"Body":98.228725072868855},"SourceTimestamp":"2024-04-27T12:39:35.935314Z","ServerTimestamp":"2024-04-27T12:39:35.9519419Z"},"ns=23;i=1259":{"Value":{"Type":11,"Body":0.40600000000000003},"SourceTimestamp":"2024-04-27T12:39:22.9476541Z","ServerTimestamp":"2024-04-27T12:39:35.9519186Z"}}}]}