{"MessageId":"5700b3ff-c544-4eb6-ad07-9c458ab449b4","MessageType":"ua-data","PublisherId":"DESKTOP-BGFJS91","DataSetWriterGroup":"<<UnknownWriterGroup>>","Messages":[{"SequenceNumber":2,"MetaDataVersion":{"MajorVersion":1},"Timestamp":"2024-04-27T12:39:24.9623535Z","MessageType":"ua-deltaframe","DataSetWriterName":"<<UnknownDataSet>>","Payload":{"i=2258":{"Value":{"Type":13,"Body":"2024-04-27T12:39:24.9620428Z"},"SourceTimestamp":"2024-04-27T12:39:22.9476115Z","ServerTimestamp":"2024-04-27T12:39:24.9620415Z"},"nsu=http://opcfoundation.org/UA/Plc/Applications;s=StepUp":{"Value":{"Type":7,"Body":27},"SourceTimestamp":"2024-04-27T12:39:24.9304436Z","ServerTimestamp":"2024-04-27T12:39:24.9620897Z"},"nsu=http://opcfoundation.org/UA/Plc/Applications;s=AlternatingBoolean":{"Value":{"Type":1,"Body":true},"SourceTimestamp":"2024-04-27T12:39:24.9304502Z","ServerTimestamp":"2024-04-27T12:39:24.9620865Z"},"nsu=http://opcfoundation.org/UA/Plc/Applications;s=RandomSignedInt32":{"Value":{"Type":6,"Body":255191509},"SourceTimestamp":"2024-04-27T12:39:24.930466Z","ServerTimestamp":"2024-04-27T12:39:24.9620791Z"},"nsu=http://opcfoundation.org/UA/Plc/Applications;s=RandomUnsignedInt32":{"Value":{"Type":7,"Body":473456440},"SourceTimestamp":"2024-04-27T12:39:24.9304896Z","ServerTimestamp":"2024-04-27T12:39:24.9620834Z"},"nsu=http://opcfoundation.org/UA/Plc/Applications;s=DipData":{"Value":{"Type":11,"Body":12.53332335643041},"SourceTimestamp":"2024-04-27T12:39:24.9304801Z","ServerTimestamp":"2024-04-27T12:39:24.9620875Z"},"nsu=http://opcfoundation.org/UA/Plc/Applications;s=FastUIntScalar1":{"Value":{"Type":7,"Body":2},"SourceTimestamp":"2024-04-27T12:39:24.2329252Z","ServerTimestamp":"2024-04-27T12:39:24.9620838Z"},"nsu=http://opcfoundation.org/UA/Plc/Applications;s=FastUIntScalar2":{"Value":{"Type":7,"Body":2},"SourceTimestamp":"2024-04-27T12:39:24.2329377Z","ServerTimestamp":"2024-04-27T12:39:24.962086Z"},"nsu=http://opcfoundation.org/UA/Plc/Applications;s=FastUIntScalar3":{"Value":{"Type":7,"Body":2},"SourceTimestamp":"2024-04-27T12:39:24.2329419Z","ServerTimestamp":"2024-04-27T12:39:24.962076Z"},"nsu=http://opcfoundation.org/UA/Plc/Applications;s=FastRandomUIntScalar1":{"Value":{"Type":7,"Body":1723671547},"SourceTimestamp":"2024-04-27T12:39:24.232911Z","ServerTimestamp":"2024-04-27T12:39:24.9620844Z"},"nsu=http://opcfoundation.org/UA/Plc/Applications;s=FastRandomUIntScalar2":{"Value":{"Type":7,"Body":1267533763},"SourceTimestamp":"2024-04-27T12:39:24.2329304Z","ServerTimestamp":"2024-04-27T12:39:24.96208Z"},"nsu=http://opcfoundation.org/UA/Plc/Applications;s=FastRandomUIntScalar3":{"Value":{"Type":7,"Body":1355159652},"SourceTimestamp":"2024-04-27T12:39:24.2329398Z","ServerTimestamp":"2024-04-27T12:39:24.9620891Z"},"nsu=http://opcfoundation.org/UA/Plc/Applications;s=NegativeTrendData":{"Value":{"Type":11,"Body":100},"SourceTimestamp":"2024-04-27T12:39:24.9304907Z","ServerTimestamp":"2024-04-27T12:39:24.9620914Z"},"nsu=http://opcfoundation.org/UA/Plc/Applications;s=PositiveTrendData":{"Value":{"Type":11,"Body":100},"SourceTimestamp":"2024-04-27T12:39:24.9304842Z","ServerTimestamp":"2024-04-27T12:39:24.9620882Z"},"nsu=http://opcfoundation.org/UA/Plc/Applications;s=SlowUIntScalar1":{"Value":{"Type":7,"Body":0},"SourceTimestamp":"2024-04-27T12:39:22.2247108Z","ServerTimestamp":"2024-04-27T12:39:24.9620906Z"},"nsu=http://opcfoundation.org/UA/Plc/Applications;s=SlowUIntScalar2":{"Value":{"Type":7,"Body":0},"SourceTimestamp":"2024-04-27T12:39:22.2247115Z","ServerTimestamp":"2024-04-27T12:39:24.9620776Z"},"nsu=http://opcfoundation.org/UA/Plc/Applications;s=SlowUIntScalar3":{"Value":{"Type":7,"Body":0},"SourceTimestamp":"2024-04-27T12:39:22.2247129Z","ServerTimestamp":"2024-04-27T12:39:24.9620784Z"},"nsu=http://opcfoundation.org/UA/Plc/Applications;s=BadSlowUIntScalar1":{"Value":{"Type":7,"Body":0},"SourceTimestamp":"2024-04-27T12:39:22.2247146Z","ServerTimestamp":"2024-04-27T12:39:24.9620813Z"},"nsu=http://opcfoundation.org/UA/Plc/Applications;s=SlowRandomUIntScalar1":{"Value":{"Type":7,"Body":0},"SourceTimestamp":"2024-04-27T12:39:22.2247205Z","ServerTimestamp":"2024-04-27T12:39:24.9620752Z"},"nsu=http://opcfoundation.org/UA/Plc/Applications;s=SlowRandomUIntScalar2":{"Value":{"Type":7,"Body":0},"SourceTimestamp":"2024-04-27T12:39:22.2247211Z","ServerTimestamp":"2024-04-27T12:39:24.9620769Z"},"nsu=http://opcfoundation.org/UA/Plc/Applications;s=SlowRandomUIntScalar3":{"Value":{"Type":7,"Body":0},"SourceTimestamp":"2024-04-27T12:39:22.2247216Z","ServerTimestamp":"2024-04-27T12:39:24.9620925Z"},"nsu=http://opcfoundation.org/UA/Plc/Applications;s=BadSlowRandomUIntScalar1":{"Value":{"Type":7,"Body":0},"SourceTimestamp":"2024-04-27T12:39:22.2247231Z","ServerTimestamp":"2024-04-27T12:39:24.9620852Z"},"nsu=http://opcfoundation.org/UA/Plc/Applications;s=SpikeData":{"Value":{"Type":11,"Body":12.53332335643041},"SourceTimestamp":"2024-04-27T12:39:24.9304888Z","ServerTimestamp":"2024-04-27T12:39:24.9620821Z"},"ns=23;i=1259":{"Value":{"Type":11,"Body":-1.79},"SourceTimestamp":"2024-04-27T12:39:22.9476541Z","ServerTimestamp":"2024-04-27T12:39:24.9620576Z"}}}]}