{"MessageId":"aeaa9bb8-72a6-401d-b9fc-bcc5ff342c3d","MessageType":"ua-data","PublisherId":"DESKTOP-BGFJS91","DataSetWriterGroup":"<<UnknownWriterGroup>>","Messages":[{"SequenceNumber":27,"MetaDataVersion":{"MajorVersion":1},"Timestamp":"2024-04-27T12:39:49.9616486Z","MessageType":"ua-deltaframe","DataSetWriterName":"<<UnknownDataSet>>","Payload":{"i=2258":{"Value":{"Type":13,"Body":"2024-04-27T12:39:49.9613085Z"},"SourceTimestamp":"2024-04-27T12:39:22.9476115Z","ServerTimestamp":"2024-04-27T12:39:49.9613068Z"},"nsu=http://opcfoundation.org/UA/Plc/Applications;s=StepUp":{"Value":{"Type":7,"Body":277},"SourceTimestamp":"2024-04-27T12:39:49.9290795Z","ServerTimestamp":"2024-04-27T12:39:49.9613713Z"},"nsu=http://opcfoundation.org/UA/Plc/Applications;s=AlternatingBoolean":{"Value":{"Type":1,"Body":false},"SourceTimestamp":"2024-04-27T12:39:49.9290776Z","ServerTimestamp":"2024-04-27T12:39:49.9613667Z"},"nsu=http://opcfoundation.org/UA/Plc/Applications;s=RandomSignedInt32":{"Value":{"Type":6,"Body":207043751},"SourceTimestamp":"2024-04-27T12:39:49.9290759Z","ServerTimestamp":"2024-04-27T12:39:49.9613564Z"},"nsu=http://opcfoundation.org/UA/Plc/Applications;s=RandomUnsignedInt32":{"Value":{"Type":7,"Body":1289831223},"SourceTimestamp":"2024-04-27T12:39:49.9290743Z","ServerTimestamp":"2024-04-27T12:39:49.9613619Z"},"nsu=http://opcfoundation.org/UA/Plc/Applications;s=DipData":{"Value":{"Type":11,"Body":12.53332335643041},"SourceTimestamp":"2024-04-27T12:39:49.9290843Z","ServerTimestamp":"2024-04-27T12:39:49.9613681Z"},"nsu=http://opcfoundation.org/UA/Plc/Applications;s=FastUIntScalar1":{"Value":{"Type":7,"Body":27},"SourceTimestamp":"2024-04-27T12:39:49.2243318Z","ServerTimestamp":"2024-04-27T12:39:49.9613625Z"},"nsu=http://opcfoundation.org/UA/Plc/Applications;s=FastUIntScalar2":{"Value":{"Type":7,"Body":27},"SourceTimestamp":"2024-04-27T12:39:49.2243449Z","ServerTimestamp":"2024-04-27T12:39:49.9613658Z"},"nsu=http://opcfoundation.org/UA/Plc/Applications;s=FastUIntScalar3":{"Value":{"Type":7,"Body":27},"SourceTimestamp":"2024-04-27T12:39:49.2243487Z","ServerTimestamp":"2024-04-27T12:39:49.9613518Z"},"nsu=http://opcfoundation.org/UA/Plc/Applications;s=FastRandomUIntScalar1":{"Value":{"Type":7,"Body":3377434746},"SourceTimestamp":"2024-04-27T12:39:49.2243384Z","ServerTimestamp":"2024-04-27T12:39:49.9613633Z"},"nsu=http://opcfoundation.org/UA/Plc/Applications;s=FastRandomUIntScalar2":{"Value":{"Type":7,"Body":1964063118},"SourceTimestamp":"2024-04-27T12:39:49.2243478Z","ServerTimestamp":"2024-04-27T12:39:49.9613577Z"},"nsu=http://opcfoundation.org/UA/Plc/Applications;s=FastRandomUIntScalar3":{"Value":{"Type":7,"Body":1478377835},"SourceTimestamp":"2024-04-27T12:39:49.2243496Z","ServerTimestamp":"2024-04-27T12:39:49.9613704Z"},"nsu=http://opcfoundation.org/UA/Plc/Applications;s=NegativeTrendData":{"Value":{"Type":11,"Body":99.5},"SourceTimestamp":"2024-04-27T12:39:49.929067Z","ServerTimestamp":"2024-04-27T12:39:49.9613738Z"},"nsu=http://opcfoundation.org/UA/Plc/Applications;s=PositiveTrendData":{"Value":{"Type":11,"Body":100.40000000000001},"SourceTimestamp":"2024-04-27T12:39:49.9290582Z","ServerTimestamp":"2024-04-27T12:39:49.9613692Z"},"nsu=http://opcfoundation.org/UA/Plc/Applications;s=SlowUIntScalar1":{"Value":{"Type":7,"Body":2},"SourceTimestamp":"2024-04-27T12:39:42.2267683Z","ServerTimestamp":"2024-04-27T12:39:49.9613726Z"},"nsu=http://opcfoundation.org/UA/Plc/Applications;s=SlowUIntScalar2":{"Value":{"Type":7,"Body":2},"SourceTimestamp":"2024-04-27T12:39:42.2267776Z","ServerTimestamp":"2024-04-27T12:39:49.9613541Z"},"nsu=http://opcfoundation.org/UA/Plc/Applications;s=SlowUIntScalar3":{"Value":{"Type":7,"Body":2},"SourceTimestamp":"2024-04-27T12:39:42.2267792Z","ServerTimestamp":"2024-04-27T12:39:49.9613554Z"},"nsu=http://opcfoundation.org/UA/Plc/Applications;s=BadSlowUIntScalar1":{"Value":{"Type":7,"Body":2},"SourceTimestamp":"2024-04-27T12:39:42.2267801Z","ServerTimestamp":"2024-04-27T12:39:49.9613593Z"},"nsu=http://opcfoundation.org/UA/Plc/Applications;s=SlowRandomUIntScalar1":{"Value":{"Type":7,"Body":3519177849},"SourceTimestamp":"2024-04-27T12:39:42.2267997Z","ServerTimestamp":"2024-04-27T12:39:49.9613503Z"},"nsu=http://opcfoundation.org/UA/Plc/Applications;s=SlowRandomUIntScalar2":{"Value":{"Type":7,"Body":929386339},"SourceTimestamp":"2024-04-27T12:39:42.2268044Z","ServerTimestamp":"2024-04-27T12:39:49.9613531Z"},"nsu=http://opcfoundation.org/UA/Plc/Applications;s=SlowRandomUIntScalar3":{"Value":{"Type":7,"Body":3311580055},"SourceTimestamp":"2024-04-27T12:39:42.2268061Z","ServerTimestamp":"2024-04-27T12:39:49.9613752Z"},"nsu=http://opcfoundation.org/UA/Plc/Applications;s=BadSlowRandomUIntScalar1":{"Value":{"Type":7,"Body":1691582857},"SourceTimestamp":"2024-04-27T12:39:42.2268076Z","ServerTimestamp":"2024-04-27T12:39:49.9613643Z"},"nsu=http://opcfoundation.org/UA/Plc/Applications;s=SpikeData":{"Value":{"Type":11,"Body":12.53332335643041},"SourceTimestamp":"2024-04-27T12:39:49.9290581Z","ServerTimestamp":"2024-04-27T12:39:49.9613605Z"},"ns=23;i=1259":{"Value":{"Type":11,"Body":1.1000000000000001},"SourceTimestamp":"2024-04-27T12:39:22.9476541Z","ServerTimestamp":"2024-04-27T12:39:49.9613276Z"}}}]}