{"MessageId":"9e1f1bfc-241e-4fe7-8a1b-8dffa5b8250a","MessageType":"ua-data","PublisherId":"DESKTOP-BGFJS91","DataSetWriterGroup":"<<UnknownWriterGroup>>","Messages":[{"SequenceNumber":29,"MetaDataVersion":{"MajorVersion":1},"Timestamp":"2024-04-27T12:39:51.9565631Z","MessageType":"ua-deltaframe","DataSetWriterName":"<<UnknownDataSet>>","Payload":{"i=2258":{"Value":{"Type":13,"Body":"2024-04-27T12:39:51.9562817Z"},"SourceTimestamp":"2024-04-27T12:39:22.9476115Z","ServerTimestamp":"2024-04-27T12:39:51.9562806Z"},"nsu=http://opcfoundation.org/UA/Plc/Applications;s=StepUp":{"Value":{"Type":7,"Body":297},"SourceTimestamp":"2024-04-27T12:39:51.9401817Z","ServerTimestamp":"2024-04-27T12:39:51.9563251Z"},"nsu=http://opcfoundation.org/UA/Plc/Applications;s=AlternatingBoolean":{"Value":{"Type":1,"Body":false},"SourceTimestamp":"2024-04-27T12:39:51.940198Z","ServerTimestamp":"2024-04-27T12:39:51.9563218Z"},"nsu=http://opcfoundation.org/UA/Plc/Applications;s=RandomSignedInt32":{"Value":{"Type":6,"Body":-991532744},"SourceTimestamp":"2024-04-27T12:39:51.9402055Z","ServerTimestamp":"2024-04-27T12:39:51.9563154Z"},"nsu=http://opcfoundation.org/UA/Plc/Applications;s=RandomUnsignedInt32":{"Value":{"Type":7,"Body":1863500659},"SourceTimestamp":"2024-04-27T12:39:51.9402058Z","ServerTimestamp":"2024-04-27T12:39:51.9563187Z"},"nsu=http://opcfoundation.org/UA/Plc/Applications;s=DipData":{"Value":{"Type":11,"Body":48.175367410171532},"SourceTimestamp":"2024-04-27T12:39:51.940215Z","ServerTimestamp":"2024-04-27T12:39:51.9563229Z"},"nsu=http://opcfoundation.org/UA/Plc/Applications;s=FastUIntScalar1":{"Value":{"Type":7,"Body":29},"SourceTimestamp":"2024-04-27T12:39:51.2391872Z","ServerTimestamp":"2024-04-27T12:39:51.9563191Z"},"nsu=http://opcfoundation.org/UA/Plc/Applications;s=FastUIntScalar2":{"Value":{"Type":7,"Body":29},"SourceTimestamp":"2024-04-27T12:39:51.2391933Z","ServerTimestamp":"2024-04-27T12:39:51.9563212Z"},"nsu=http://opcfoundation.org/UA/Plc/Applications;s=FastUIntScalar3":{"Value":{"Type":7,"Body":29},"SourceTimestamp":"2024-04-27T12:39:51.2391948Z","ServerTimestamp":"2024-04-27T12:39:51.9563123Z"},"nsu=http://opcfoundation.org/UA/Plc/Applications;s=FastRandomUIntScalar1":{"Value":{"Type":7,"Body":976333591},"SourceTimestamp":"2024-04-27T12:39:51.2391951Z","ServerTimestamp":"2024-04-27T12:39:51.9563197Z"},"nsu=http://opcfoundation.org/UA/Plc/Applications;s=FastRandomUIntScalar2":{"Value":{"Type":7,"Body":729672373},"SourceTimestamp":"2024-04-27T12:39:51.2391993Z","ServerTimestamp":"2024-04-27T12:39:51.9563162Z"},"nsu=http://opcfoundation.org/UA/Plc/Applications;s=FastRandomUIntScalar3":{"Value":{"Type":7,"Body":320608319},"SourceTimestamp":"2024-04-27T12:39:51.2392008Z","ServerTimestamp":"2024-04-27T12:39:51.9563245Z"},"nsu=http://opcfoundation.org/UA/Plc/Applications;s=NegativeTrendData":{"Value":{"Type":11,"Body":99.5},"SourceTimestamp":"2024-04-27T12:39:51.940215Z","ServerTimestamp":"2024-04-27T12:39:51.9563266Z"},"nsu=http://opcfoundation.org/UA/Plc/Applications;s=PositiveTrendData":{"Value":{"Type":11,"Body":100.40000000000001},"SourceTimestamp":"2024-04-27T12:39:51.9402261Z","ServerTimestamp":"2024-04-27T12:39:51.9563236Z"},"nsu=http://opcfoundation.org/UA/Plc/Applications;s=SlowUIntScalar1":{"Value":{"Type":7,"Body":2},"SourceTimestamp":"2024-04-27T12:39:42.2267683Z","ServerTimestamp":"2024-04-27T12:39:51.9563259Z"},"nsu=http://opcfoundation.org/UA/Plc/Applications;s=SlowUIntScalar2":{"Value":{"Type":7,"Body":2},"SourceTimestamp":"2024-04-27T12:39:42.2267776Z","ServerTimestamp":"2024-04-27T12:39:51.9563138Z"},"nsu=http://opcfoundation.org/UA/Plc/Applications;s=SlowUIntScalar3":{"Value":{"Type":7,"Body":2},"SourceTimestamp":"2024-04-27T12:39:42.2267792Z","ServerTimestamp":"2024-04-27T12:39:51.9563148Z"},"nsu=http://opcfoundation.org/UA/Plc/Applications;s=BadSlowUIntScalar1":{"Value":{"Type":7,"Body":2},"SourceTimestamp":"2024-04-27T12:39:42.2267801Z","ServerTimestamp":"2024-04-27T12:39:51.9563171Z"},"nsu=http://opcfoundation.org/UA/Plc/Applications;s=SlowRandomUIntScalar1":{"Value":{"Type":7,"Body":3519177849},"SourceTimestamp":"2024-04-27T12:39:42.2267997Z","ServerTimestamp":"2024-04-27T12:39:51.9563113Z"},"nsu=http://opcfoundation.org/UA/Plc/Applications;s=SlowRandomUIntScalar2":{"Value":{"Type":7,"Body":929386339},"SourceTimestamp":"2024-04-27T12:39:42.2268044Z","ServerTimestamp":"2024-04-27T12:39:51.9563131Z"},"nsu=http://opcfoundation.org/UA/Plc/Applications;s=SlowRandomUIntScalar3":{"Value":{"Type":7,"Body":3311580055},"SourceTimestamp":"2024-04-27T12:39:42.2268061Z","ServerTimestamp":"2024-04-27T12:39:51.9563275Z"},"nsu=http://opcfoundation.org/UA/Plc/Applications;s=BadSlowRandomUIntScalar1":{"Value":{"Type":7,"Body":1691582857},"SourceTimestamp":"2024-04-27T12:39:42.2268076Z","ServerTimestamp":"2024-04-27T12:39:51.9563204Z"},"nsu=http://opcfoundation.org/UA/Plc/Applications;s=SpikeData":{"Value":{"Type":11,"Body":48.175367410171532},"SourceTimestamp":"2024-04-27T12:39:51.9402214Z","ServerTimestamp":"2024-04-27T12:39:51.9563178Z"},"ns=23;i=1259":{"Value":{"Type":11,"Body":-1.0900000000000001},"SourceTimestamp":"2024-04-27T12:39:22.9476541Z","ServerTimestamp":"2024-04-27T12:39:51.9562952Z"}}}]}