{"MessageId":"60bb6677-4347-4949-954e-79ff08f19c9c","MessageType":"ua-data","PublisherId":"DESKTOP-BGFJS91","DataSetWriterGroup":"<<UnknownWriterGroup>>","Messages":[{"SequenceNumber":31,"MetaDataVersion":{"MajorVersion":1},"Timestamp":"2024-04-27T12:39:53.9677037Z","MessageType":"ua-deltaframe","DataSetWriterName":"<<UnknownDataSet>>","Payload":{"i=2258":{"Value":{"Type":13,"Body":"2024-04-27T12:39:53.9674231Z"},"SourceTimestamp":"2024-04-27T12:39:22.9476115Z","ServerTimestamp":"2024-04-27T12:39:53.9674218Z"},"nsu=http://opcfoundation.org/UA/Plc/Applications;s=StepUp":{"Value":{"Type":7,"Body":317},"SourceTimestamp":"2024-04-27T12:39:53.9341181Z","ServerTimestamp":"2024-04-27T12:39:53.9674698Z"},"nsu=http://opcfoundation.org/UA/Plc/Applications;s=AlternatingBoolean":{"Value":{"Type":1,"Body":true},"SourceTimestamp":"2024-04-27T12:39:53.9341181Z","ServerTimestamp":"2024-04-27T12:39:53.9674653Z"},"nsu=http://opcfoundation.org/UA/Plc/Applications;s=RandomSignedInt32":{"Value":{"Type":6,"Body":-2090584675},"SourceTimestamp":"2024-04-27T12:39:53.9341225Z","ServerTimestamp":"2024-04-27T12:39:53.967458Z"},"nsu=http://opcfoundation.org/UA/Plc/Applications;s=RandomUnsignedInt32":{"Value":{"Type":7,"Body":1848328400},"SourceTimestamp":"2024-04-27T12:39:53.9341285Z","ServerTimestamp":"2024-04-27T12:39:53.9674619Z"},"nsu=http://opcfoundation.org/UA/Plc/Applications;s=DipData":{"Value":{"Type":11,"Body":-90.482705246601981},"SourceTimestamp":"2024-04-27T12:39:53.9341366Z","ServerTimestamp":"2024-04-27T12:39:53.9674674Z"},"nsu=http://opcfoundation.org/UA/Plc/Applications;s=FastUIntScalar1":{"Value":{"Type":7,"Body":31},"SourceTimestamp":"2024-04-27T12:39:53.2254068Z","ServerTimestamp":"2024-04-27T12:39:53.9674625Z"},"nsu=http://opcfoundation.org/UA/Plc/Applications;s=FastUIntScalar2":{"Value":{"Type":7,"Body":31},"SourceTimestamp":"2024-04-27T12:39:53.2254122Z","ServerTimestamp":"2024-04-27T12:39:53.9674648Z"},"nsu=http://opcfoundation.org/UA/Plc/Applications;s=FastUIntScalar3":{"Value":{"Type":7,"Body":31},"SourceTimestamp":"2024-04-27T12:39:53.2254138Z","ServerTimestamp":"2024-04-27T12:39:53.9674547Z"},"nsu=http://opcfoundation.org/UA/Plc/Applications;s=FastRandomUIntScalar1":{"Value":{"Type":7,"Body":3875756854},"SourceTimestamp":"2024-04-27T12:39:53.2254067Z","ServerTimestamp":"2024-04-27T12:39:53.9674632Z"},"nsu=http://opcfoundation.org/UA/Plc/Applications;s=FastRandomUIntScalar2":{"Value":{"Type":7,"Body":2878700585},"SourceTimestamp":"2024-04-27T12:39:53.225413Z","ServerTimestamp":"2024-04-27T12:39:53.9674589Z"},"nsu=http://opcfoundation.org/UA/Plc/Applications;s=FastRandomUIntScalar3":{"Value":{"Type":7,"Body":615154658},"SourceTimestamp":"2024-04-27T12:39:53.2254145Z","ServerTimestamp":"2024-04-27T12:39:53.9674691Z"},"nsu=http://opcfoundation.org/UA/Plc/Applications;s=NegativeTrendData":{"Value":{"Type":11,"Body":99.400000000000006},"SourceTimestamp":"2024-04-27T12:39:53.93414Z","ServerTimestamp":"2024-04-27T12:39:53.9674715Z"},"nsu=http://opcfoundation.org/UA/Plc/Applications;s=PositiveTrendData":{"Value":{"Type":11,"Body":100.5},"SourceTimestamp":"2024-04-27T12:39:53.9341366Z","ServerTimestamp":"2024-04-27T12:39:53.9674683Z"},"nsu=http://opcfoundation.org/UA/Plc/Applications;s=SlowUIntScalar1":{"Value":{"Type":7,"Body":3},"SourceTimestamp":"2024-04-27T12:39:52.2355787Z","ServerTimestamp":"2024-04-27T12:39:53.9674708Z"},"nsu=http://opcfoundation.org/UA/Plc/Applications;s=SlowUIntScalar2":{"Value":{"Type":7,"Body":3},"SourceTimestamp":"2024-04-27T12:39:52.2355863Z","ServerTimestamp":"2024-04-27T12:39:53.9674564Z"},"nsu=http://opcfoundation.org/UA/Plc/Applications;s=SlowUIntScalar3":{"Value":{"Type":7,"Body":3},"SourceTimestamp":"2024-04-27T12:39:52.2355878Z","ServerTimestamp":"2024-04-27T12:39:53.9674573Z"},"nsu=http://opcfoundation.org/UA/Plc/Applications;s=BadSlowUIntScalar1":{"Value":{"Type":7,"Body":3},"SourceTimestamp":"2024-04-27T12:39:52.2355891Z","ServerTimestamp":"2024-04-27T12:39:53.96746Z"},"nsu=http://opcfoundation.org/UA/Plc/Applications;s=SlowRandomUIntScalar1":{"Value":{"Type":7,"Body":1087616125},"SourceTimestamp":"2024-04-27T12:39:52.2356138Z","ServerTimestamp":"2024-04-27T12:39:53.9674537Z"},"nsu=http://opcfoundation.org/UA/Plc/Applications;s=SlowRandomUIntScalar2":{"Value":{"Type":7,"Body":4050697253},"SourceTimestamp":"2024-04-27T12:39:52.235618Z","ServerTimestamp":"2024-04-27T12:39:53.9674556Z"},"nsu=http://opcfoundation.org/UA/Plc/Applications;s=SlowRandomUIntScalar3":{"Value":{"Type":7,"Body":4009629011},"SourceTimestamp":"2024-04-27T12:39:52.2356194Z","ServerTimestamp":"2024-04-27T12:39:53.9674727Z"},"nsu=http://opcfoundation.org/UA/Plc/Applications;s=BadSlowRandomUIntScalar1":{"Value":{"Type":7,"Body":3305608514},"SourceTimestamp":"2024-04-27T12:39:52.2356209Z","ServerTimestamp":"2024-04-27T12:39:53.967464Z"},"nsu=http://opcfoundation.org/UA/Plc/Applications;s=SpikeData":{"Value":{"Type":11,"Body":-90.482705246601981},"SourceTimestamp":"2024-04-27T12:39:53.9341524Z","ServerTimestamp":"2024-04-27T12:39:53.9674609Z"},"ns=23;i=1259":{"Value":{"Type":11,"Body":2},"SourceTimestamp":"2024-04-27T12:39:22.9476541Z","ServerTimestamp":"2024-04-27T12:39:53.9674369Z"}}}]}