{"MessageId":"3bd7c3bc-670f-4651-8904-80d3915aa114","MessageType":"ua-data","PublisherId":"DESKTOP-BGFJS91","DataSetWriterGroup":"<<UnknownWriterGroup>>","Messages":[{"SequenceNumber":34,"MetaDataVersion":{"MajorVersion":1},"Timestamp":"2024-04-27T12:39:56.9544528Z","MessageType":"ua-deltaframe","DataSetWriterName":"<<UnknownDataSet>>","Payload":{"i=2258":{"Value":{"Type":13,"Body":"2024-04-27T12:39:56.9541256Z"},"SourceTimestamp":"2024-04-27T12:39:22.9476115Z","ServerTimestamp":"2024-04-27T12:39:56.9541248Z"},"nsu=http://opcfoundation.org/UA/Plc/Applications;s=StepUp":{"Value":{"Type":7,"Body":347},"SourceTimestamp":"2024-04-27T12:39:56.9383009Z","ServerTimestamp":"2024-04-27T12:39:56.9541706Z"},"nsu=http://opcfoundation.org/UA/Plc/Applications;s=AlternatingBoolean":{"Value":{"Type":1,"Body":true},"SourceTimestamp":"2024-04-27T12:39:56.9383086Z","ServerTimestamp":"2024-04-27T12:39:56.9541675Z"},"nsu=http://opcfoundation.org/UA/Plc/Applications;s=RandomSignedInt32":{"Value":{"Type":6,"Body":1161752588},"SourceTimestamp":"2024-04-27T12:39:56.9383115Z","ServerTimestamp":"2024-04-27T12:39:56.954161Z"},"nsu=http://opcfoundation.org/UA/Plc/Applications;s=RandomUnsignedInt32":{"Value":{"Type":7,"Body":363788090},"SourceTimestamp":"2024-04-27T12:39:56.9383209Z","ServerTimestamp":"2024-04-27T12:39:56.9541646Z"},"nsu=http://opcfoundation.org/UA/Plc/Applications;s=DipData":{"Value":{"Type":11,"Body":48.175367410171532},"SourceTimestamp":"2024-04-27T12:39:56.938328Z","ServerTimestamp":"2024-04-27T12:39:56.9541686Z"},"nsu=http://opcfoundation.org/UA/Plc/Applications;s=FastUIntScalar1":{"Value":{"Type":7,"Body":34},"SourceTimestamp":"2024-04-27T12:39:56.2274081Z","ServerTimestamp":"2024-04-27T12:39:56.954165Z"},"nsu=http://opcfoundation.org/UA/Plc/Applications;s=FastUIntScalar2":{"Value":{"Type":7,"Body":34},"SourceTimestamp":"2024-04-27T12:39:56.2274162Z","ServerTimestamp":"2024-04-27T12:39:56.954167Z"},"nsu=http://opcfoundation.org/UA/Plc/Applications;s=FastUIntScalar3":{"Value":{"Type":7,"Body":34},"SourceTimestamp":"2024-04-27T12:39:56.2274183Z","ServerTimestamp":"2024-04-27T12:39:56.9541578Z"},"nsu=http://opcfoundation.org/UA/Plc/Applications;s=FastRandomUIntScalar1":{"Value":{"Type":7,"Body":2029839292},"SourceTimestamp":"2024-04-27T12:39:56.2274308Z","ServerTimestamp":"2024-04-27T12:39:56.9541655Z"},"nsu=http://opcfoundation.org/UA/Plc/Applications;s=FastRandomUIntScalar2":{"Value":{"Type":7,"Body":310753876},"SourceTimestamp":"2024-04-27T12:39:56.2274386Z","ServerTimestamp":"2024-04-27T12:39:56.9541618Z"},"nsu=http://opcfoundation.org/UA/Plc/Applications;s=FastRandomUIntScalar3":{"Value":{"Type":7,"Body":1747330550},"SourceTimestamp":"2024-04-27T12:39:56.2274404Z","ServerTimestamp":"2024-04-27T12:39:56.95417Z"},"nsu=http://opcfoundation.org/UA/Plc/Applications;s=NegativeTrendData":{"Value":{"Type":11,"Body":99.400000000000006},"SourceTimestamp":"2024-04-27T12:39:56.9383226Z","ServerTimestamp":"2024-04-27T12:39:56.9541721Z"},"nsu=http://opcfoundation.org/UA/Plc/Applications;s=PositiveTrendData":{"Value":{"Type":11,"Body":100.5},"SourceTimestamp":"2024-04-27T12:39:56.9383226Z","ServerTimestamp":"2024-04-27T12:39:56.9541693Z"},"nsu=http://opcfoundation.org/UA/Plc/Applications;s=SlowUIntScalar1":{"Value":{"Type":7,"Body":3},"SourceTimestamp":"2024-04-27T12:39:52.2355787Z","ServerTimestamp":"2024-04-27T12:39:56.9541714Z"},"nsu=http://opcfoundation.org/UA/Plc/Applications;s=SlowUIntScalar2":{"Value":{"Type":7,"Body":3},"SourceTimestamp":"2024-04-27T12:39:52.2355863Z","ServerTimestamp":"2024-04-27T12:39:56.9541594Z"},"nsu=http://opcfoundation.org/UA/Plc/Applications;s=SlowUIntScalar3":{"Value":{"Type":7,"Body":3},"SourceTimestamp":"2024-04-27T12:39:52.2355878Z","ServerTimestamp":"2024-04-27T12:39:56.9541604Z"},"nsu=http://opcfoundation.org/UA/Plc/Applications;s=BadSlowUIntScalar1":{"Value":{"Type":7,"Body":3},"SourceTimestamp":"2024-04-27T12:39:52.2355891Z","ServerTimestamp":"2024-04-27T12:39:56.9541628Z"},"nsu=http://opcfoundation.org/UA/Plc/Applications;s=SlowRandomUIntScalar1":{"Value":{"Type":7,"Body":1087616125},"SourceTimestamp":"2024-04-27T12:39:52.2356138Z","ServerTimestamp":"2024-04-27T12:39:56.954157Z"},"nsu=http://opcfoundation.org/UA/Plc/Applications;s=SlowRandomUIntScalar2":{"Value":{"Type":7,"Body":4050697253},"SourceTimestamp":"2024-04-27T12:39:52.235618Z","ServerTimestamp":"2024-04-27T12:39:56.9541587Z"},"nsu=http://opcfoundation.org/UA/Plc/Applications;s=SlowRandomUIntScalar3":{"Value":{"Type":7,"Body":4009629011},"SourceTimestamp":"2024-04-27T12:39:52.2356194Z","ServerTimestamp":"2024-04-27T12:39:56.9541731Z"},"nsu=http://opcfoundation.org/UA/Plc/Applications;s=BadSlowRandomUIntScalar1":{"Value":{"Type":7,"Body":3305608514},"SourceTimestamp":"2024-04-27T12:39:52.2356209Z","ServerTimestamp":"2024-04-27T12:39:56.9541663Z"},"nsu=http://opcfoundation.org/UA/Plc/Applications;s=SpikeData":{"Value":{"Type":11,"Body":48.175367410171532},"SourceTimestamp":"2024-04-27T12:39:56.9383306Z","ServerTimestamp":"2024-04-27T12:39:56.9541636Z"},"ns=23;i=1259":{"Value":{"Type":11,"Body":0.09920000000000001},"SourceTimestamp":"2024-04-27T12:39:22.9476541Z","ServerTimestamp":"2024-04-27T12:39:56.9541404Z"}}}]}