{"MessageId":"86170a74-56ae-46fe-99a5-af351a38d545","MessageType":"ua-data","PublisherId":"DESKTOP-BGFJS91","DataSetWriterGroup":"<<UnknownWriterGroup>>","Messages":[{"SequenceNumber":37,"MetaDataVersion":{"MajorVersion":1},"Timestamp":"2024-04-27T12:39:59.9604939Z","MessageType":"ua-deltaframe","DataSetWriterName":"<<UnknownDataSet>>","Payload":{"i=2258":{"Value":{"Type":13,"Body":"2024-04-27T12:39:59.9602134Z"},"SourceTimestamp":"2024-04-27T12:39:22.9476115Z","ServerTimestamp":"2024-04-27T12:39:59.9602125Z"},"nsu=http://opcfoundation.org/UA/Plc/Applications;s=StepUp":{"Value":{"Type":7,"Body":377},"SourceTimestamp":"2024-04-27T12:39:59.9279093Z","ServerTimestamp":"2024-04-27T12:39:59.960256Z"},"nsu=http://opcfoundation.org/UA/Plc/Applications;s=AlternatingBoolean":{"Value":{"Type":1,"Body":false},"SourceTimestamp":"2024-04-27T12:39:59.9279119Z","ServerTimestamp":"2024-04-27T12:39:59.9602532Z"},"nsu=http://opcfoundation.org/UA/Plc/Applications;s=RandomSignedInt32":{"Value":{"Type":6,"Body":-1660765622},"SourceTimestamp":"2024-04-27T12:39:59.9279291Z","ServerTimestamp":"2024-04-27T12:39:59.9602469Z"},"nsu=http://opcfoundation.org/UA/Plc/Applications;s=RandomUnsignedInt32":{"Value":{"Type":7,"Body":1144516058},"SourceTimestamp":"2024-04-27T12:39:59.9279235Z","ServerTimestamp":"2024-04-27T12:39:59.9602502Z"},"nsu=http://opcfoundation.org/UA/Plc/Applications;s=DipData":{"Value":{"Type":11,"Body":12.53332335643041},"SourceTimestamp":"2024-04-27T12:39:59.9279353Z","ServerTimestamp":"2024-04-27T12:39:59.960254Z"},"nsu=http://opcfoundation.org/UA/Plc/Applications;s=FastUIntScalar1":{"Value":{"Type":7,"Body":37},"SourceTimestamp":"2024-04-27T12:39:59.2394867Z","ServerTimestamp":"2024-04-27T12:39:59.9602506Z"},"nsu=http://opcfoundation.org/UA/Plc/Applications;s=FastUIntScalar2":{"Value":{"Type":7,"Body":37},"SourceTimestamp":"2024-04-27T12:39:59.2394962Z","ServerTimestamp":"2024-04-27T12:39:59.9602527Z"},"nsu=http://opcfoundation.org/UA/Plc/Applications;s=FastUIntScalar3":{"Value":{"Type":7,"Body":37},"SourceTimestamp":"2024-04-27T12:39:59.2394993Z","ServerTimestamp":"2024-04-27T12:39:59.9602438Z"},"nsu=http://opcfoundation.org/UA/Plc/Applications;s=FastRandomUIntScalar1":{"Value":{"Type":7,"Body":1549460346},"SourceTimestamp":"2024-04-27T12:39:59.2395Z","ServerTimestamp":"2024-04-27T12:39:59.9602512Z"},"nsu=http://opcfoundation.org/UA/Plc/Applications;s=FastRandomUIntScalar2":{"Value":{"Type":7,"Body":4171887764},"SourceTimestamp":"2024-04-27T12:39:59.2395083Z","ServerTimestamp":"2024-04-27T12:39:59.9602478Z"},"nsu=http://opcfoundation.org/UA/Plc/Applications;s=FastRandomUIntScalar3":{"Value":{"Type":7,"Body":1920561992},"SourceTimestamp":"2024-04-27T12:39:59.2395356Z","ServerTimestamp":"2024-04-27T12:39:59.9602554Z"},"nsu=http://opcfoundation.org/UA/Plc/Applications;s=NegativeTrendData":{"Value":{"Type":11,"Body":99.299999999999997},"SourceTimestamp":"2024-04-27T12:39:59.9279441Z","ServerTimestamp":"2024-04-27T12:39:59.9602575Z"},"nsu=http://opcfoundation.org/UA/Plc/Applications;s=PositiveTrendData":{"Value":{"Type":11,"Body":100.59999999999999},"SourceTimestamp":"2024-04-27T12:39:59.9279385Z","ServerTimestamp":"2024-04-27T12:39:59.9602546Z"},"nsu=http://opcfoundation.org/UA/Plc/Applications;s=SlowUIntScalar1":{"Value":{"Type":7,"Body":3},"SourceTimestamp":"2024-04-27T12:39:52.2355787Z","ServerTimestamp":"2024-04-27T12:39:59.9602568Z"},"nsu=http://opcfoundation.org/UA/Plc/Applications;s=SlowUIntScalar2":{"Value":{"Type":7,"Body":3},"SourceTimestamp":"2024-04-27T12:39:52.2355863Z","ServerTimestamp":"2024-04-27T12:39:59.9602454Z"},"nsu=http://opcfoundation.org/UA/Plc/Applications;s=SlowUIntScalar3":{"Value":{"Type":7,"Body":3},"SourceTimestamp":"2024-04-27T12:39:52.2355878Z","ServerTimestamp":"2024-04-27T12:39:59.9602463Z"},"nsu=http://opcfoundation.org/UA/Plc/Applications;s=BadSlowUIntScalar1":{"Value":{"Type":7,"Body":3},"SourceTimestamp":"2024-04-27T12:39:52.2355891Z","ServerTimestamp":"2024-04-27T12:39:59.9602486Z"},"nsu=http://opcfoundation.org/UA/Plc/Applications;s=SlowRandomUIntScalar1":{"Value":{"Type":7,"Body":1087616125},"SourceTimestamp":"2024-04-27T12:39:52.2356138Z","ServerTimestamp":"2024-04-27T12:39:59.9602429Z"},"nsu=http://opcfoundation.org/UA/Plc/Applications;s=SlowRandomUIntScalar2":{"Value":{"Type":7,"Body":4050697253},"SourceTimestamp":"2024-04-27T12:39:52.235618Z","ServerTimestamp":"2024-04-27T12:39:59.9602447Z"},"nsu=http://opcfoundation.org/UA/Plc/Applications;s=SlowRandomUIntScalar3":{"Value":{"Type":7,"Body":4009629011},"SourceTimestamp":"2024-04-27T12:39:52.2356194Z","ServerTimestamp":"2024-04-27T12:39:59.9602585Z"},"nsu=http://opcfoundation.org/UA/Plc/Applications;s=BadSlowRandomUIntScalar1":{"Value":{"Type":7,"Body":3305608514},"SourceTimestamp":"2024-04-27T12:39:52.2356209Z","ServerTimestamp":"2024-04-27T12:39:59.9602519Z"},"nsu=http://opcfoundation.org/UA/Plc/Applications;s=SpikeData":{"Value":{"Type":11,"Body":12.53332335643041},"SourceTimestamp":"2024-04-27T12:39:59.9279425Z","ServerTimestamp":"2024-04-27T12:39:59.9602493Z"},"ns=23;i=1259":{"Value":{"Type":11,"Body":-0.107},"SourceTimestamp":"2024-04-27T12:39:22.9476541Z","ServerTimestamp":"2024-04-27T12:39:59.9602268Z"}}}]}