{"MessageId":"dec8a482-ce6a-4fac-ab07-3876971d9eaa","MessageType":"ua-data","PublisherId":"DESKTOP-BGFJS91","DataSetWriterGroup":"<<UnknownWriterGroup>>","Messages":[{"SequenceNumber":38,"MetaDataVersion":{"MajorVersion":1},"Timestamp":"2024-04-27T12:40:00.9559081Z","MessageType":"ua-deltaframe","DataSetWriterName":"<<UnknownDataSet>>","Payload":{"i=2258":{"Value":{"Type":13,"Body":"2024-04-27T12:40:00.9556188Z"},"SourceTimestamp":"2024-04-27T12:39:22.9476115Z","ServerTimestamp":"2024-04-27T12:40:00.9556177Z"},"nsu=http://opcfoundation.org/UA/Plc/Applications;s=StepUp":{"Value":{"Type":7,"Body":387},"SourceTimestamp":"2024-04-27T12:40:00.9388242Z","ServerTimestamp":"2024-04-27T12:40:00.9556639Z"},"nsu=http://opcfoundation.org/UA/Plc/Applications;s=AlternatingBoolean":{"Value":{"Type":1,"Body":false},"SourceTimestamp":"2024-04-27T12:40:00.9388312Z","ServerTimestamp":"2024-04-27T12:40:00.9556609Z"},"nsu=http://opcfoundation.org/UA/Plc/Applications;s=RandomSignedInt32":{"Value":{"Type":6,"Body":-2049192209},"SourceTimestamp":"2024-04-27T12:40:00.9388431Z","ServerTimestamp":"2024-04-27T12:40:00.9556542Z"},"nsu=http://opcfoundation.org/UA/Plc/Applications;s=RandomUnsignedInt32":{"Value":{"Type":7,"Body":1181548940},"SourceTimestamp":"2024-04-27T12:40:00.9388394Z","ServerTimestamp":"2024-04-27T12:40:00.9556578Z"},"nsu=http://opcfoundation.org/UA/Plc/Applications;s=DipData":{"Value":{"Type":11,"Body":98.228725072868855},"SourceTimestamp":"2024-04-27T12:40:00.9388506Z","ServerTimestamp":"2024-04-27T12:40:00.9556618Z"},"nsu=http://opcfoundation.org/UA/Plc/Applications;s=FastUIntScalar1":{"Value":{"Type":7,"Body":38},"SourceTimestamp":"2024-04-27T12:40:00.2397559Z","ServerTimestamp":"2024-04-27T12:40:00.9556582Z"},"nsu=http://opcfoundation.org/UA/Plc/Applications;s=FastUIntScalar2":{"Value":{"Type":7,"Body":38},"SourceTimestamp":"2024-04-27T12:40:00.2397644Z","ServerTimestamp":"2024-04-27T12:40:00.9556603Z"},"nsu=http://opcfoundation.org/UA/Plc/Applications;s=FastUIntScalar3":{"Value":{"Type":7,"Body":38},"SourceTimestamp":"2024-04-27T12:40:00.2397663Z","ServerTimestamp":"2024-04-27T12:40:00.955651Z"},"nsu=http://opcfoundation.org/UA/Plc/Applications;s=FastRandomUIntScalar1":{"Value":{"Type":7,"Body":2985375984},"SourceTimestamp":"2024-04-27T12:40:00.2397561Z","ServerTimestamp":"2024-04-27T12:40:00.9556588Z"},"nsu=http://opcfoundation.org/UA/Plc/Applications;s=FastRandomUIntScalar2":{"Value":{"Type":7,"Body":1676668030},"SourceTimestamp":"2024-04-27T12:40:00.2397607Z","ServerTimestamp":"2024-04-27T12:40:00.955655Z"},"nsu=http://opcfoundation.org/UA/Plc/Applications;s=FastRandomUIntScalar3":{"Value":{"Type":7,"Body":1138956655},"SourceTimestamp":"2024-04-27T12:40:00.2397655Z","ServerTimestamp":"2024-04-27T12:40:00.9556633Z"},"nsu=http://opcfoundation.org/UA/Plc/Applications;s=NegativeTrendData":{"Value":{"Type":11,"Body":99.299999999999997},"SourceTimestamp":"2024-04-27T12:40:00.9388541Z","ServerTimestamp":"2024-04-27T12:40:00.9556655Z"},"nsu=http://opcfoundation.org/UA/Plc/Applications;s=PositiveTrendData":{"Value":{"Type":11,"Body":100.59999999999999},"SourceTimestamp":"2024-04-27T12:40:00.9388526Z","ServerTimestamp":"2024-04-27T12:40:00.9556625Z"},"nsu=http://opcfoundation.org/UA/Plc/Applications;s=SlowUIntScalar1":{"Value":{"Type":7,"Body":3},"SourceTimestamp":"2024-04-27T12:39:52.2355787Z","ServerTimestamp":"2024-04-27T12:40:00.9556648Z"},"nsu=http://opcfoundation.org/UA/Plc/Applications;s=SlowUIntScalar2":{"Value":{"Type":7,"Body":3},"SourceTimestamp":"2024-04-27T12:39:52.2355863Z","ServerTimestamp":"2024-04-27T12:40:00.9556526Z"},"nsu=http://opcfoundation.org/UA/Plc/Applications;s=SlowUIntScalar3":{"Value":{"Type":7,"Body":3},"SourceTimestamp":"2024-04-27T12:39:52.2355878Z","ServerTimestamp":"2024-04-27T12:40:00.9556536Z"},"nsu=http://opcfoundation.org/UA/Plc/Applications;s=BadSlowUIntScalar1":{"Value":{"Type":7,"Body":3},"SourceTimestamp":"2024-04-27T12:39:52.2355891Z","ServerTimestamp":"2024-04-27T12:40:00.9556561Z"},"nsu=http://opcfoundation.org/UA/Plc/Applications;s=SlowRandomUIntScalar1":{"Value":{"Type":7,"Body":1087616125},"SourceTimestamp":"2024-04-27T12:39:52.2356138Z","ServerTimestamp":"2024-04-27T12:40:00.9556501Z"},"nsu=http://opcfoundation.org/UA/Plc/Applications;s=SlowRandomUIntScalar2":{"Value":{"Type":7,"Body":4050697253},"SourceTimestamp":"2024-04-27T12:39:52.235618Z","ServerTimestamp":"2024-04-27T12:40:00.9556519Z"},"nsu=http://opcfoundation.org/UA/Plc/Applications;s=SlowRandomUIntScalar3":{"Value":{"Type":7,"Body":4009629011},"SourceTimestamp":"2024-04-27T12:39:52.2356194Z","ServerTimestamp":"2024-04-27T12:40:00.9556665Z"},"nsu=http://opcfoundation.org/UA/Plc/Applications;s=BadSlowRandomUIntScalar1":{"Value":{"Type":7,"Body":3305608514},"SourceTimestamp":"2024-04-27T12:39:52.2356209Z","ServerTimestamp":"2024-04-27T12:40:00.9556596Z"},"nsu=http://opcfoundation.org/UA/Plc/Applications;s=SpikeData":{"Value":{"Type":11,"Body":98.228725072868855},"SourceTimestamp":"2024-04-27T12:40:00.9388542Z","ServerTimestamp":"2024-04-27T12:40:00.9556569Z"},"ns=23;i=1259":{"Value":{"Type":11,"Body":-1.1899999999999999},"SourceTimestamp":"2024-04-27T12:39:22.9476541Z","ServerTimestamp":"2024-04-27T12:40:00.9556338Z"}}}]}