{"MessageId":"f6947764-3204-45b0-99d3-46688b3a626b","MessageType":"ua-data","PublisherId":"DESKTOP-BGFJS91","DataSetWriterGroup":"<<UnknownWriterGroup>>","Messages":[{"SequenceNumber":4,"MetaDataVersion":{"MajorVersion":1},"Timestamp":"2024-04-27T12:39:26.9664508Z","MessageType":"ua-deltaframe","DataSetWriterName":"<<UnknownDataSet>>","Payload":{"i=2258":{"Value":{"Type":13,"Body":"2024-04-27T12:39:26.9661719Z"},"SourceTimestamp":"2024-04-27T12:39:22.9476115Z","ServerTimestamp":"2024-04-27T12:39:26.9661709Z"},"nsu=http://opcfoundation.org/UA/Plc/Applications;s=StepUp":{"Value":{"Type":7,"Body":47},"SourceTimestamp":"2024-04-27T12:39:26.9322264Z","ServerTimestamp":"2024-04-27T12:39:26.9662184Z"},"nsu=http://opcfoundation.org/UA/Plc/Applications;s=AlternatingBoolean":{"Value":{"Type":1,"Body":true},"SourceTimestamp":"2024-04-27T12:39:26.9322406Z","ServerTimestamp":"2024-04-27T12:39:26.966215Z"},"nsu=http://opcfoundation.org/UA/Plc/Applications;s=RandomSignedInt32":{"Value":{"Type":6,"Body":-229250404},"SourceTimestamp":"2024-04-27T12:39:26.9322345Z","ServerTimestamp":"2024-04-27T12:39:26.966208Z"},"nsu=http://opcfoundation.org/UA/Plc/Applications;s=RandomUnsignedInt32":{"Value":{"Type":7,"Body":751974742},"SourceTimestamp":"2024-04-27T12:39:26.9322412Z","ServerTimestamp":"2024-04-27T12:39:26.9662117Z"},"nsu=http://opcfoundation.org/UA/Plc/Applications;s=DipData":{"Value":{"Type":11,"Body":48.175367410171532},"SourceTimestamp":"2024-04-27T12:39:26.9322537Z","ServerTimestamp":"2024-04-27T12:39:26.9662161Z"},"nsu=http://opcfoundation.org/UA/Plc/Applications;s=FastUIntScalar1":{"Value":{"Type":7,"Body":4},"SourceTimestamp":"2024-04-27T12:39:26.2327541Z","ServerTimestamp":"2024-04-27T12:39:26.9662123Z"},"nsu=http://opcfoundation.org/UA/Plc/Applications;s=FastUIntScalar2":{"Value":{"Type":7,"Body":4},"SourceTimestamp":"2024-04-27T12:39:26.2327612Z","ServerTimestamp":"2024-04-27T12:39:26.9662145Z"},"nsu=http://opcfoundation.org/UA/Plc/Applications;s=FastUIntScalar3":{"Value":{"Type":7,"Body":4},"SourceTimestamp":"2024-04-27T12:39:26.2327628Z","ServerTimestamp":"2024-04-27T12:39:26.9662049Z"},"nsu=http://opcfoundation.org/UA/Plc/Applications;s=FastRandomUIntScalar1":{"Value":{"Type":7,"Body":2390322219},"SourceTimestamp":"2024-04-27T12:39:26.2327644Z","ServerTimestamp":"2024-04-27T12:39:26.9662129Z"},"nsu=http://opcfoundation.org/UA/Plc/Applications;s=FastRandomUIntScalar2":{"Value":{"Type":7,"Body":3620771191},"SourceTimestamp":"2024-04-27T12:39:26.232775Z","ServerTimestamp":"2024-04-27T12:39:26.9662088Z"},"nsu=http://opcfoundation.org/UA/Plc/Applications;s=FastRandomUIntScalar3":{"Value":{"Type":7,"Body":3006355717},"SourceTimestamp":"2024-04-27T12:39:26.2327775Z","ServerTimestamp":"2024-04-27T12:39:26.9662178Z"},"nsu=http://opcfoundation.org/UA/Plc/Applications;s=NegativeTrendData":{"Value":{"Type":11,"Body":100},"SourceTimestamp":"2024-04-27T12:39:26.9322538Z","ServerTimestamp":"2024-04-27T12:39:26.9662204Z"},"nsu=http://opcfoundation.org/UA/Plc/Applications;s=PositiveTrendData":{"Value":{"Type":11,"Body":100},"SourceTimestamp":"2024-04-27T12:39:26.9322645Z","ServerTimestamp":"2024-04-27T12:39:26.9662168Z"},"nsu=http://opcfoundation.org/UA/Plc/Applications;s=SlowUIntScalar1":{"Value":{"Type":7,"Body":0},"SourceTimestamp":"2024-04-27T12:39:22.2247108Z","ServerTimestamp":"2024-04-27T12:39:26.9662194Z"},"nsu=http://opcfoundation.org/UA/Plc/Applications;s=SlowUIntScalar2":{"Value":{"Type":7,"Body":0},"SourceTimestamp":"2024-04-27T12:39:22.2247115Z","ServerTimestamp":"2024-04-27T12:39:26.9662065Z"},"nsu=http://opcfoundation.org/UA/Plc/Applications;s=SlowUIntScalar3":{"Value":{"Type":7,"Body":0},"SourceTimestamp":"2024-04-27T12:39:22.2247129Z","ServerTimestamp":"2024-04-27T12:39:26.9662073Z"},"nsu=http://opcfoundation.org/UA/Plc/Applications;s=BadSlowUIntScalar1":{"Value":{"Type":7,"Body":0},"SourceTimestamp":"2024-04-27T12:39:22.2247146Z","ServerTimestamp":"2024-04-27T12:39:26.9662098Z"},"nsu=http://opcfoundation.org/UA/Plc/Applications;s=SlowRandomUIntScalar1":{"Value":{"Type":7,"Body":0},"SourceTimestamp":"2024-04-27T12:39:22.2247205Z","ServerTimestamp":"2024-04-27T12:39:26.9662041Z"},"nsu=http://opcfoundation.org/UA/Plc/Applications;s=SlowRandomUIntScalar2":{"Value":{"Type":7,"Body":0},"SourceTimestamp":"2024-04-27T12:39:22.2247211Z","ServerTimestamp":"2024-04-27T12:39:26.9662058Z"},"nsu=http://opcfoundation.org/UA/Plc/Applications;s=SlowRandomUIntScalar3":{"Value":{"Type":7,"Body":0},"SourceTimestamp":"2024-04-27T12:39:22.2247216Z","ServerTimestamp":"2024-04-27T12:39:26.9662215Z"},"nsu=http://opcfoundation.org/UA/Plc/Applications;s=BadSlowRandomUIntScalar1":{"Value":{"Type":7,"Body":0},"SourceTimestamp":"2024-04-27T12:39:22.2247231Z","ServerTimestamp":"2024-04-27T12:39:26.9662137Z"},"nsu=http://opcfoundation.org/UA/Plc/Applications;s=SpikeData":{"Value":{"Type":11,"Body":48.175367410171532},"SourceTimestamp":"2024-04-27T12:39:26.9322652Z","ServerTimestamp":"2024-04-27T12:39:26.9662106Z"},"ns=23;i=1259":{"Value":{"Type":11,"Body":1.8300000000000001},"SourceTimestamp":"2024-04-27T12:39:22.9476541Z","ServerTimestamp":"2024-04-27T12:39:26.9661859Z"}}}]}