{"MessageId":"c7496825-d521-4fea-ac05-5e44f829553a","MessageType":"ua-data","PublisherId":"DESKTOP-BGFJS91","DataSetWriterGroup":"<<UnknownWriterGroup>>","Messages":[{"SequenceNumber":42,"MetaDataVersion":{"MajorVersion":1},"Timestamp":"2024-04-27T12:40:04.9520546Z","MessageType":"ua-deltaframe","DataSetWriterName":"<<UnknownDataSet>>","Payload":{"i=2258":{"Value":{"Type":13,"Body":"2024-04-27T12:40:04.9517606Z"},"SourceTimestamp":"2024-04-27T12:39:22.9476115Z","ServerTimestamp":"2024-04-27T12:40:04.9517595Z"},"nsu=http://opcfoundation.org/UA/Plc/Applications;s=StepUp":{"Value":{"Type":7,"Body":427},"SourceTimestamp":"2024-04-27T12:40:04.935363Z","ServerTimestamp":"2024-04-27T12:40:04.9518069Z"},"nsu=http://opcfoundation.org/UA/Plc/Applications;s=AlternatingBoolean":{"Value":{"Type":1,"Body":true},"SourceTimestamp":"2024-04-27T12:40:04.9353751Z","ServerTimestamp":"2024-04-27T12:40:04.9518038Z"},"nsu=http://opcfoundation.org/UA/Plc/Applications;s=RandomSignedInt32":{"Value":{"Type":6,"Body":116603613},"SourceTimestamp":"2024-04-27T12:40:04.9353832Z","ServerTimestamp":"2024-04-27T12:40:04.9517964Z"},"nsu=http://opcfoundation.org/UA/Plc/Applications;s=RandomUnsignedInt32":{"Value":{"Type":7,"Body":1132043631},"SourceTimestamp":"2024-04-27T12:40:04.9353826Z","ServerTimestamp":"2024-04-27T12:40:04.9518006Z"},"nsu=http://opcfoundation.org/UA/Plc/Applications;s=DipData":{"Value":{"Type":11,"Body":12.53332335643041},"SourceTimestamp":"2024-04-27T12:40:04.9353933Z","ServerTimestamp":"2024-04-27T12:40:04.9518047Z"},"nsu=http://opcfoundation.org/UA/Plc/Applications;s=FastUIntScalar1":{"Value":{"Type":7,"Body":42},"SourceTimestamp":"2024-04-27T12:40:04.2366204Z","ServerTimestamp":"2024-04-27T12:40:04.951801Z"},"nsu=http://opcfoundation.org/UA/Plc/Applications;s=FastUIntScalar2":{"Value":{"Type":7,"Body":42},"SourceTimestamp":"2024-04-27T12:40:04.2366283Z","ServerTimestamp":"2024-04-27T12:40:04.9518032Z"},"nsu=http://opcfoundation.org/UA/Plc/Applications;s=FastUIntScalar3":{"Value":{"Type":7,"Body":42},"SourceTimestamp":"2024-04-27T12:40:04.2366315Z","ServerTimestamp":"2024-04-27T12:40:04.9517932Z"},"nsu=http://opcfoundation.org/UA/Plc/Applications;s=FastRandomUIntScalar1":{"Value":{"Type":7,"Body":1359714071},"SourceTimestamp":"2024-04-27T12:40:04.2366403Z","ServerTimestamp":"2024-04-27T12:40:04.9518016Z"},"nsu=http://opcfoundation.org/UA/Plc/Applications;s=FastRandomUIntScalar2":{"Value":{"Type":7,"Body":3480857847},"SourceTimestamp":"2024-04-27T12:40:04.2366454Z","ServerTimestamp":"2024-04-27T12:40:04.9517972Z"},"nsu=http://opcfoundation.org/UA/Plc/Applications;s=FastRandomUIntScalar3":{"Value":{"Type":7,"Body":2715386518},"SourceTimestamp":"2024-04-27T12:40:04.2366478Z","ServerTimestamp":"2024-04-27T12:40:04.9518063Z"},"nsu=http://opcfoundation.org/UA/Plc/Applications;s=NegativeTrendData":{"Value":{"Type":11,"Body":99.200000000000003},"SourceTimestamp":"2024-04-27T12:40:04.9353934Z","ServerTimestamp":"2024-04-27T12:40:04.9518086Z"},"nsu=http://opcfoundation.org/UA/Plc/Applications;s=PositiveTrendData":{"Value":{"Type":11,"Body":100.7},"SourceTimestamp":"2024-04-27T12:40:04.9353934Z","ServerTimestamp":"2024-04-27T12:40:04.9518055Z"},"nsu=http://opcfoundation.org/UA/Plc/Applications;s=SlowUIntScalar1":{"Value":{"Type":7,"Body":4},"SourceTimestamp":"2024-04-27T12:40:02.2331403Z","ServerTimestamp":"2024-04-27T12:40:04.9518079Z"},"nsu=http://opcfoundation.org/UA/Plc/Applications;s=SlowUIntScalar2":{"Value":{"Type":7,"Body":4},"SourceTimestamp":"2024-04-27T12:40:02.2331463Z","ServerTimestamp":"2024-04-27T12:40:04.9517948Z"},"nsu=http://opcfoundation.org/UA/Plc/Applications;s=SlowUIntScalar3":{"Value":{"Type":7,"Body":4},"SourceTimestamp":"2024-04-27T12:40:02.2331478Z","ServerTimestamp":"2024-04-27T12:40:04.9517957Z"},"nsu=http://opcfoundation.org/UA/Plc/Applications;s=BadSlowUIntScalar1":{"Value":{"Type":7,"Body":4},"StatusCode":1083179008,"SourceTimestamp":"2024-04-27T12:40:02.233149Z","ServerTimestamp":"2024-04-27T12:40:04.9517984Z"},"nsu=http://opcfoundation.org/UA/Plc/Applications;s=SlowRandomUIntScalar1":{"Value":{"Type":7,"Body":3668674895},"SourceTimestamp":"2024-04-27T12:40:02.2331685Z","ServerTimestamp":"2024-04-27T12:40:04.9517922Z"},"nsu=http://opcfoundation.org/UA/Plc/Applications;s=SlowRandomUIntScalar2":{"Value":{"Type":7,"Body":1774640812},"SourceTimestamp":"2024-04-27T12:40:02.2331732Z","ServerTimestamp":"2024-04-27T12:40:04.9517941Z"},"nsu=http://opcfoundation.org/UA/Plc/Applications;s=SlowRandomUIntScalar3":{"Value":{"Type":7,"Body":3224475074},"SourceTimestamp":"2024-04-27T12:40:02.2331747Z","ServerTimestamp":"2024-04-27T12:40:04.9518096Z"},"nsu=http://opcfoundation.org/UA/Plc/Applications;s=BadSlowRandomUIntScalar1":{"Value":{"Type":7,"Body":3228272556},"StatusCode":1083179008,"SourceTimestamp":"2024-04-27T12:40:02.2331791Z","ServerTimestamp":"2024-04-27T12:40:04.9518024Z"},"nsu=http://opcfoundation.org/UA/Plc/Applications;s=SpikeData":{"Value":{"Type":11,"Body":12.53332335643041},"SourceTimestamp":"2024-04-27T12:40:04.9353966Z","ServerTimestamp":"2024-04-27T12:40:04.9517995Z"},"ns=23;i=1259":{"Value":{"Type":11,"Body":-0.30099999999999999},"SourceTimestamp":"2024-04-27T12:39:22.9476541Z","ServerTimestamp":"2024-04-27T12:40:04.9517744Z"}}}]}