{"MessageId":"e69cf527-3799-40de-866e-f8167716ae8e","MessageType":"ua-data","PublisherId":"DESKTOP-BGFJS91","DataSetWriterGroup":"<<UnknownWriterGroup>>","Messages":[{"SequenceNumber":44,"MetaDataVersion":{"MajorVersion":1},"Timestamp":"2024-04-27T12:40:06.9649113Z","MessageType":"ua-deltaframe","DataSetWriterName":"<<UnknownDataSet>>","Payload":{"i=2258":{"Value":{"Type":13,"Body":"2024-04-27T12:40:06.9645909Z"},"SourceTimestamp":"2024-04-27T12:39:22.9476115Z","ServerTimestamp":"2024-04-27T12:40:06.9645898Z"},"nsu=http://opcfoundation.org/UA/Plc/Applications;s=StepUp":{"Value":{"Type":7,"Body":447},"SourceTimestamp":"2024-04-27T12:40:06.9329686Z","ServerTimestamp":"2024-04-27T12:40:06.9646403Z"},"nsu=http://opcfoundation.org/UA/Plc/Applications;s=AlternatingBoolean":{"Value":{"Type":1,"Body":true},"SourceTimestamp":"2024-04-27T12:40:06.9329889Z","ServerTimestamp":"2024-04-27T12:40:06.9646364Z"},"nsu=http://opcfoundation.org/UA/Plc/Applications;s=RandomSignedInt32":{"Value":{"Type":6,"Body":693045156},"SourceTimestamp":"2024-04-27T12:40:06.9329892Z","ServerTimestamp":"2024-04-27T12:40:06.9646283Z"},"nsu=http://opcfoundation.org/UA/Plc/Applications;s=RandomUnsignedInt32":{"Value":{"Type":7,"Body":1308309696},"SourceTimestamp":"2024-04-27T12:40:06.933002Z","ServerTimestamp":"2024-04-27T12:40:06.9646326Z"},"nsu=http://opcfoundation.org/UA/Plc/Applications;s=DipData":{"Value":{"Type":11,"Body":48.175367410171532},"SourceTimestamp":"2024-04-27T12:40:06.9330022Z","ServerTimestamp":"2024-04-27T12:40:06.964638Z"},"nsu=http://opcfoundation.org/UA/Plc/Applications;s=FastUIntScalar1":{"Value":{"Type":7,"Body":44},"SourceTimestamp":"2024-04-27T12:40:06.2364914Z","ServerTimestamp":"2024-04-27T12:40:06.964633Z"},"nsu=http://opcfoundation.org/UA/Plc/Applications;s=FastUIntScalar2":{"Value":{"Type":7,"Body":44},"SourceTimestamp":"2024-04-27T12:40:06.2365005Z","ServerTimestamp":"2024-04-27T12:40:06.9646352Z"},"nsu=http://opcfoundation.org/UA/Plc/Applications;s=FastUIntScalar3":{"Value":{"Type":7,"Body":44},"SourceTimestamp":"2024-04-27T12:40:06.236503Z","ServerTimestamp":"2024-04-27T12:40:06.9646243Z"},"nsu=http://opcfoundation.org/UA/Plc/Applications;s=FastRandomUIntScalar1":{"Value":{"Type":7,"Body":525407366},"SourceTimestamp":"2024-04-27T12:40:06.2364993Z","ServerTimestamp":"2024-04-27T12:40:06.9646335Z"},"nsu=http://opcfoundation.org/UA/Plc/Applications;s=FastRandomUIntScalar2":{"Value":{"Type":7,"Body":2317829579},"SourceTimestamp":"2024-04-27T12:40:06.2365101Z","ServerTimestamp":"2024-04-27T12:40:06.9646291Z"},"nsu=http://opcfoundation.org/UA/Plc/Applications;s=FastRandomUIntScalar3":{"Value":{"Type":7,"Body":1767956287},"SourceTimestamp":"2024-04-27T12:40:06.2365136Z","ServerTimestamp":"2024-04-27T12:40:06.9646396Z"},"nsu=http://opcfoundation.org/UA/Plc/Applications;s=NegativeTrendData":{"Value":{"Type":11,"Body":99.200000000000003},"SourceTimestamp":"2024-04-27T12:40:06.9330023Z","ServerTimestamp":"2024-04-27T12:40:06.9646421Z"},"nsu=http://opcfoundation.org/UA/Plc/Applications;s=PositiveTrendData":{"Value":{"Type":11,"Body":100.7},"SourceTimestamp":"2024-04-27T12:40:06.9330022Z","ServerTimestamp":"2024-04-27T12:40:06.9646387Z"},"nsu=http://opcfoundation.org/UA/Plc/Applications;s=SlowUIntScalar1":{"Value":{"Type":7,"Body":4},"SourceTimestamp":"2024-04-27T12:40:02.2331403Z","ServerTimestamp":"2024-04-27T12:40:06.9646412Z"},"nsu=http://opcfoundation.org/UA/Plc/Applications;s=SlowUIntScalar2":{"Value":{"Type":7,"Body":4},"SourceTimestamp":"2024-04-27T12:40:02.2331463Z","ServerTimestamp":"2024-04-27T12:40:06.9646261Z"},"nsu=http://opcfoundation.org/UA/Plc/Applications;s=SlowUIntScalar3":{"Value":{"Type":7,"Body":4},"SourceTimestamp":"2024-04-27T12:40:02.2331478Z","ServerTimestamp":"2024-04-27T12:40:06.9646272Z"},"nsu=http://opcfoundation.org/UA/Plc/Applications;s=BadSlowUIntScalar1":{"Value":{"Type":7,"Body":4},"StatusCode":1083179008,"SourceTimestamp":"2024-04-27T12:40:02.233149Z","ServerTimestamp":"2024-04-27T12:40:06.9646302Z"},"nsu=http://opcfoundation.org/UA/Plc/Applications;s=SlowRandomUIntScalar1":{"Value":{"Type":7,"Body":3668674895},"SourceTimestamp":"2024-04-27T12:40:02.2331685Z","ServerTimestamp":"2024-04-27T12:40:06.9646232Z"},"nsu=http://opcfoundation.org/UA/Plc/Applications;s=SlowRandomUIntScalar2":{"Value":{"Type":7,"Body":1774640812},"SourceTimestamp":"2024-04-27T12:40:02.2331732Z","ServerTimestamp":"2024-04-27T12:40:06.9646253Z"},"nsu=http://opcfoundation.org/UA/Plc/Applications;s=SlowRandomUIntScalar3":{"Value":{"Type":7,"Body":3224475074},"SourceTimestamp":"2024-04-27T12:40:02.2331747Z","ServerTimestamp":"2024-04-27T12:40:06.9646431Z"},"nsu=http://opcfoundation.org/UA/Plc/Applications;s=BadSlowRandomUIntScalar1":{"Value":{"Type":7,"Body":3228272556},"StatusCode":1083179008,"SourceTimestamp":"2024-04-27T12:40:02.2331791Z","ServerTimestamp":"2024-04-27T12:40:06.9646343Z"},"nsu=http://opcfoundation.org/UA/Plc/Applications;s=SpikeData":{"Value":{"Type":11,"Body":48.175367410171532},"SourceTimestamp":"2024-04-27T12:40:06.9330056Z","ServerTimestamp":"2024-04-27T12:40:06.9646316Z"},"ns=23;i=1259":{"Value":{"Type":11,"Body":-1.47},"SourceTimestamp":"2024-04-27T12:39:22.9476541Z","ServerTimestamp":"2024-04-27T12:40:06.964606Z"}}}]}