{"MessageId":"d74ab6c1-ce74-42f3-9772-7345d4d66b1c","MessageType":"ua-data","PublisherId":"DESKTOP-BGFJS91","DataSetWriterGroup":"<<UnknownWriterGroup>>","Messages":[{"SequenceNumber":48,"MetaDataVersion":{"MajorVersion":1},"Timestamp":"2024-04-27T12:40:10.9520665Z","MessageType":"ua-deltaframe","DataSetWriterName":"<<UnknownDataSet>>","Payload":{"i=2258":{"Value":{"Type":13,"Body":"2024-04-27T12:40:10.9517602Z"},"SourceTimestamp":"2024-04-27T12:39:22.9476115Z","ServerTimestamp":"2024-04-27T12:40:10.951759Z"},"nsu=http://opcfoundation.org/UA/Plc/Applications;s=StepUp":{"Value":{"Type":7,"Body":487},"SourceTimestamp":"2024-04-27T12:40:10.9351492Z","ServerTimestamp":"2024-04-27T12:40:10.9518079Z"},"nsu=http://opcfoundation.org/UA/Plc/Applications;s=AlternatingBoolean":{"Value":{"Type":1,"Body":false},"SourceTimestamp":"2024-04-27T12:40:10.9351492Z","ServerTimestamp":"2024-04-27T12:40:10.9518044Z"},"nsu=http://opcfoundation.org/UA/Plc/Applications;s=RandomSignedInt32":{"Value":{"Type":6,"Body":-1759913381},"SourceTimestamp":"2024-04-27T12:40:10.9351568Z","ServerTimestamp":"2024-04-27T12:40:10.9517971Z"},"nsu=http://opcfoundation.org/UA/Plc/Applications;s=RandomUnsignedInt32":{"Value":{"Type":7,"Body":167474376},"SourceTimestamp":"2024-04-27T12:40:10.9351641Z","ServerTimestamp":"2024-04-27T12:40:10.9518012Z"},"nsu=http://opcfoundation.org/UA/Plc/Applications;s=DipData":{"Value":{"Type":11,"Body":98.228725072868855},"SourceTimestamp":"2024-04-27T12:40:10.9351727Z","ServerTimestamp":"2024-04-27T12:40:10.9518054Z"},"nsu=http://opcfoundation.org/UA/Plc/Applications;s=FastUIntScalar1":{"Value":{"Type":7,"Body":48},"SourceTimestamp":"2024-04-27T12:40:10.2371431Z","ServerTimestamp":"2024-04-27T12:40:10.9518016Z"},"nsu=http://opcfoundation.org/UA/Plc/Applications;s=FastUIntScalar2":{"Value":{"Type":7,"Body":48},"SourceTimestamp":"2024-04-27T12:40:10.2371497Z","ServerTimestamp":"2024-04-27T12:40:10.9518038Z"},"nsu=http://opcfoundation.org/UA/Plc/Applications;s=FastUIntScalar3":{"Value":{"Type":7,"Body":48},"SourceTimestamp":"2024-04-27T12:40:10.2371539Z","ServerTimestamp":"2024-04-27T12:40:10.9517937Z"},"nsu=http://opcfoundation.org/UA/Plc/Applications;s=FastRandomUIntScalar1":{"Value":{"Type":7,"Body":3267210763},"SourceTimestamp":"2024-04-27T12:40:10.2371459Z","ServerTimestamp":"2024-04-27T12:40:10.9518022Z"},"nsu=http://opcfoundation.org/UA/Plc/Applications;s=FastRandomUIntScalar2":{"Value":{"Type":7,"Body":3242865408},"SourceTimestamp":"2024-04-27T12:40:10.2371528Z","ServerTimestamp":"2024-04-27T12:40:10.9517979Z"},"nsu=http://opcfoundation.org/UA/Plc/Applications;s=FastRandomUIntScalar3":{"Value":{"Type":7,"Body":2758662018},"SourceTimestamp":"2024-04-27T12:40:10.237155Z","ServerTimestamp":"2024-04-27T12:40:10.9518072Z"},"nsu=http://opcfoundation.org/UA/Plc/Applications;s=NegativeTrendData":{"Value":{"Type":11,"Body":99.099999999999994},"SourceTimestamp":"2024-04-27T12:40:10.9351728Z","ServerTimestamp":"2024-04-27T12:40:10.9518096Z"},"nsu=http://opcfoundation.org/UA/Plc/Applications;s=PositiveTrendData":{"Value":{"Type":11,"Body":100.8},"SourceTimestamp":"2024-04-27T12:40:10.9351771Z","ServerTimestamp":"2024-04-27T12:40:10.9518062Z"},"nsu=http://opcfoundation.org/UA/Plc/Applications;s=SlowUIntScalar1":{"Value":{"Type":7,"Body":4},"SourceTimestamp":"2024-04-27T12:40:02.2331403Z","ServerTimestamp":"2024-04-27T12:40:10.9518088Z"},"nsu=http://opcfoundation.org/UA/Plc/Applications;s=SlowUIntScalar2":{"Value":{"Type":7,"Body":4},"SourceTimestamp":"2024-04-27T12:40:02.2331463Z","ServerTimestamp":"2024-04-27T12:40:10.9517954Z"},"nsu=http://opcfoundation.org/UA/Plc/Applications;s=SlowUIntScalar3":{"Value":{"Type":7,"Body":4},"SourceTimestamp":"2024-04-27T12:40:02.2331478Z","ServerTimestamp":"2024-04-27T12:40:10.9517964Z"},"nsu=http://opcfoundation.org/UA/Plc/Applications;s=BadSlowUIntScalar1":{"Value":{"Type":7,"Body":4},"StatusCode":1083179008,"SourceTimestamp":"2024-04-27T12:40:02.233149Z","ServerTimestamp":"2024-04-27T12:40:10.951799Z"},"nsu=http://opcfoundation.org/UA/Plc/Applications;s=SlowRandomUIntScalar1":{"Value":{"Type":7,"Body":3668674895},"SourceTimestamp":"2024-04-27T12:40:02.2331685Z","ServerTimestamp":"2024-04-27T12:40:10.9517928Z"},"nsu=http://opcfoundation.org/UA/Plc/Applications;s=SlowRandomUIntScalar2":{"Value":{"Type":7,"Body":1774640812},"SourceTimestamp":"2024-04-27T12:40:02.2331732Z","ServerTimestamp":"2024-04-27T12:40:10.9517947Z"},"nsu=http://opcfoundation.org/UA/Plc/Applications;s=SlowRandomUIntScalar3":{"Value":{"Type":7,"Body":3224475074},"SourceTimestamp":"2024-04-27T12:40:02.2331747Z","ServerTimestamp":"2024-04-27T12:40:10.9518106Z"},"nsu=http://opcfoundation.org/UA/Plc/Applications;s=BadSlowRandomUIntScalar1":{"Value":{"Type":7,"Body":3228272556},"StatusCode":1083179008,"SourceTimestamp":"2024-04-27T12:40:02.2331791Z","ServerTimestamp":"2024-04-27T12:40:10.951803Z"},"nsu=http://opcfoundation.org/UA/Plc/Applications;s=SpikeData":{"Value":{"Type":11,"Body":98.228725072868855},"SourceTimestamp":"2024-04-27T12:40:10.9351767Z","ServerTimestamp":"2024-04-27T12:40:10.9518001Z"},"ns=23;i=1259":{"Value":{"Type":11,"Body":-0.57400000000000007},"SourceTimestamp":"2024-04-27T12:39:22.9476541Z","ServerTimestamp":"2024-04-27T12:40:10.9517742Z"}}}]}