{"MessageId":"4787773a-5a5f-4f2c-b8f7-2e6f514aee0f","MessageType":"ua-data","PublisherId":"DESKTOP-BGFJS91","DataSetWriterGroup":"<<UnknownWriterGroup>>","Messages":[{"SequenceNumber":6,"MetaDataVersion":{"MajorVersion":1},"Timestamp":"2024-04-27T12:39:28.9650002Z","MessageType":"ua-deltaframe","DataSetWriterName":"<<UnknownDataSet>>","Payload":{"i=2258":{"Value":{"Type":13,"Body":"2024-04-27T12:39:28.9647036Z"},"SourceTimestamp":"2024-04-27T12:39:22.9476115Z","ServerTimestamp":"2024-04-27T12:39:28.9647026Z"},"nsu=http://opcfoundation.org/UA/Plc/Applications;s=StepUp":{"Value":{"Type":7,"Body":67},"SourceTimestamp":"2024-04-27T12:39:28.9320826Z","ServerTimestamp":"2024-04-27T12:39:28.9647503Z"},"nsu=http://opcfoundation.org/UA/Plc/Applications;s=AlternatingBoolean":{"Value":{"Type":1,"Body":false},"SourceTimestamp":"2024-04-27T12:39:28.9320819Z","ServerTimestamp":"2024-04-27T12:39:28.9647461Z"},"nsu=http://opcfoundation.org/UA/Plc/Applications;s=RandomSignedInt32":{"Value":{"Type":6,"Body":-1700194833},"SourceTimestamp":"2024-04-27T12:39:28.9321014Z","ServerTimestamp":"2024-04-27T12:39:28.9647387Z"},"nsu=http://opcfoundation.org/UA/Plc/Applications;s=RandomUnsignedInt32":{"Value":{"Type":7,"Body":342022745},"SourceTimestamp":"2024-04-27T12:39:28.9321211Z","ServerTimestamp":"2024-04-27T12:39:28.9647428Z"},"nsu=http://opcfoundation.org/UA/Plc/Applications;s=DipData":{"Value":{"Type":11,"Body":-90.482705246601981},"SourceTimestamp":"2024-04-27T12:39:28.9321127Z","ServerTimestamp":"2024-04-27T12:39:28.9647471Z"},"nsu=http://opcfoundation.org/UA/Plc/Applications;s=FastUIntScalar1":{"Value":{"Type":7,"Body":6},"SourceTimestamp":"2024-04-27T12:39:28.2331616Z","ServerTimestamp":"2024-04-27T12:39:28.9647433Z"},"nsu=http://opcfoundation.org/UA/Plc/Applications;s=FastUIntScalar2":{"Value":{"Type":7,"Body":6},"SourceTimestamp":"2024-04-27T12:39:28.2331665Z","ServerTimestamp":"2024-04-27T12:39:28.9647455Z"},"nsu=http://opcfoundation.org/UA/Plc/Applications;s=FastUIntScalar3":{"Value":{"Type":7,"Body":6},"SourceTimestamp":"2024-04-27T12:39:28.233168Z","ServerTimestamp":"2024-04-27T12:39:28.9647354Z"},"nsu=http://opcfoundation.org/UA/Plc/Applications;s=FastRandomUIntScalar1":{"Value":{"Type":7,"Body":4249835823},"SourceTimestamp":"2024-04-27T12:39:28.2331568Z","ServerTimestamp":"2024-04-27T12:39:28.9647439Z"},"nsu=http://opcfoundation.org/UA/Plc/Applications;s=FastRandomUIntScalar2":{"Value":{"Type":7,"Body":1225922237},"SourceTimestamp":"2024-04-27T12:39:28.2331637Z","ServerTimestamp":"2024-04-27T12:39:28.9647395Z"},"nsu=http://opcfoundation.org/UA/Plc/Applications;s=FastRandomUIntScalar3":{"Value":{"Type":7,"Body":3323584006},"SourceTimestamp":"2024-04-27T12:39:28.2331673Z","ServerTimestamp":"2024-04-27T12:39:28.9647497Z"},"nsu=http://opcfoundation.org/UA/Plc/Applications;s=NegativeTrendData":{"Value":{"Type":11,"Body":99.900000000000006},"SourceTimestamp":"2024-04-27T12:39:28.932113Z","ServerTimestamp":"2024-04-27T12:39:28.9647522Z"},"nsu=http://opcfoundation.org/UA/Plc/Applications;s=PositiveTrendData":{"Value":{"Type":11,"Body":100},"SourceTimestamp":"2024-04-27T12:39:28.9321157Z","ServerTimestamp":"2024-04-27T12:39:28.9647486Z"},"nsu=http://opcfoundation.org/UA/Plc/Applications;s=SlowUIntScalar1":{"Value":{"Type":7,"Body":0},"SourceTimestamp":"2024-04-27T12:39:22.2247108Z","ServerTimestamp":"2024-04-27T12:39:28.9647514Z"},"nsu=http://opcfoundation.org/UA/Plc/Applications;s=SlowUIntScalar2":{"Value":{"Type":7,"Body":0},"SourceTimestamp":"2024-04-27T12:39:22.2247115Z","ServerTimestamp":"2024-04-27T12:39:28.9647372Z"},"nsu=http://opcfoundation.org/UA/Plc/Applications;s=SlowUIntScalar3":{"Value":{"Type":7,"Body":0},"SourceTimestamp":"2024-04-27T12:39:22.2247129Z","ServerTimestamp":"2024-04-27T12:39:28.964738Z"},"nsu=http://opcfoundation.org/UA/Plc/Applications;s=BadSlowUIntScalar1":{"Value":{"Type":7,"Body":0},"SourceTimestamp":"2024-04-27T12:39:22.2247146Z","ServerTimestamp":"2024-04-27T12:39:28.9647407Z"},"nsu=http://opcfoundation.org/UA/Plc/Applications;s=SlowRandomUIntScalar1":{"Value":{"Type":7,"Body":0},"SourceTimestamp":"2024-04-27T12:39:22.2247205Z","ServerTimestamp":"2024-04-27T12:39:28.9647346Z"},"nsu=http://opcfoundation.org/UA/Plc/Applications;s=SlowRandomUIntScalar2":{"Value":{"Type":7,"Body":0},"SourceTimestamp":"2024-04-27T12:39:22.2247211Z","ServerTimestamp":"2024-04-27T12:39:28.9647364Z"},"nsu=http://opcfoundation.org/UA/Plc/Applications;s=SlowRandomUIntScalar3":{"Value":{"Type":7,"Body":0},"SourceTimestamp":"2024-04-27T12:39:22.2247216Z","ServerTimestamp":"2024-04-27T12:39:28.9647532Z"},"nsu=http://opcfoundation.org/UA/Plc/Applications;s=BadSlowRandomUIntScalar1":{"Value":{"Type":7,"Body":0},"SourceTimestamp":"2024-04-27T12:39:22.2247231Z","ServerTimestamp":"2024-04-27T12:39:28.9647447Z"},"nsu=http://opcfoundation.org/UA/Plc/Applications;s=SpikeData":{"Value":{"Type":11,"Body":-90.482705246601981},"SourceTimestamp":"2024-04-27T12:39:28.9321406Z","ServerTimestamp":"2024-04-27T12:39:28.9647415Z"},"ns=23;i=1259":{"Value":{"Type":11,"Body":1},"SourceTimestamp":"2024-04-27T12:39:22.9476541Z","ServerTimestamp":"2024-04-27T12:39:28.964718Z"}}}]}