{"MessageId":"46ed2b5e-8a52-49f5-a52b-75de5719f582","MessageType":"ua-data","PublisherId":"DESKTOP-BGFJS91","DataSetWriterGroup":"<<UnknownWriterGroup>>","Messages":[{"SequenceNumber":61,"MetaDataVersion":{"MajorVersion":1},"Timestamp":"2024-04-27T12:40:23.9520197Z","MessageType":"ua-deltaframe","DataSetWriterName":"<<UnknownDataSet>>","Payload":{"i=2258":{"Value":{"Type":13,"Body":"2024-04-27T12:40:23.9517832Z"},"SourceTimestamp":"2024-04-27T12:39:22.9476115Z","ServerTimestamp":"2024-04-27T12:40:23.9517814Z"},"nsu=http://opcfoundation.org/UA/Plc/Applications;s=StepUp":{"Value":{"Type":7,"Body":617},"SourceTimestamp":"2024-04-27T12:40:23.9358611Z","ServerTimestamp":"2024-04-27T12:40:23.9518285Z"},"nsu=http://opcfoundation.org/UA/Plc/Applications;s=AlternatingBoolean":{"Value":{"Type":1,"Body":true},"SourceTimestamp":"2024-04-27T12:40:23.9358851Z","ServerTimestamp":"2024-04-27T12:40:23.9518245Z"},"nsu=http://opcfoundation.org/UA/Plc/Applications;s=RandomSignedInt32":{"Value":{"Type":6,"Body":626952258},"SourceTimestamp":"2024-04-27T12:40:23.9358989Z","ServerTimestamp":"2024-04-27T12:40:23.9518176Z"},"nsu=http://opcfoundation.org/UA/Plc/Applications;s=RandomUnsignedInt32":{"Value":{"Type":7,"Body":2139288948},"SourceTimestamp":"2024-04-27T12:40:23.9358918Z","ServerTimestamp":"2024-04-27T12:40:23.9518213Z"},"nsu=http://opcfoundation.org/UA/Plc/Applications;s=DipData":{"Value":{"Type":11,"Body":-90.482705246601981},"SourceTimestamp":"2024-04-27T12:40:23.9358998Z","ServerTimestamp":"2024-04-27T12:40:23.9518261Z"},"nsu=http://opcfoundation.org/UA/Plc/Applications;s=FastUIntScalar1":{"Value":{"Type":7,"Body":61},"SourceTimestamp":"2024-04-27T12:40:23.2274083Z","ServerTimestamp":"2024-04-27T12:40:23.9518217Z"},"nsu=http://opcfoundation.org/UA/Plc/Applications;s=FastUIntScalar2":{"Value":{"Type":7,"Body":61},"SourceTimestamp":"2024-04-27T12:40:23.2274168Z","ServerTimestamp":"2024-04-27T12:40:23.9518239Z"},"nsu=http://opcfoundation.org/UA/Plc/Applications;s=FastUIntScalar3":{"Value":{"Type":7,"Body":61},"SourceTimestamp":"2024-04-27T12:40:23.2274196Z","ServerTimestamp":"2024-04-27T12:40:23.9518145Z"},"nsu=http://opcfoundation.org/UA/Plc/Applications;s=FastRandomUIntScalar1":{"Value":{"Type":7,"Body":827401490},"SourceTimestamp":"2024-04-27T12:40:23.2274391Z","ServerTimestamp":"2024-04-27T12:40:23.9518223Z"},"nsu=http://opcfoundation.org/UA/Plc/Applications;s=FastRandomUIntScalar2":{"Value":{"Type":7,"Body":1282214379},"SourceTimestamp":"2024-04-27T12:40:23.2274488Z","ServerTimestamp":"2024-04-27T12:40:23.9518184Z"},"nsu=http://opcfoundation.org/UA/Plc/Applications;s=FastRandomUIntScalar3":{"Value":{"Type":7,"Body":2032352147},"SourceTimestamp":"2024-04-27T12:40:23.2274513Z","ServerTimestamp":"2024-04-27T12:40:23.9518278Z"},"nsu=http://opcfoundation.org/UA/Plc/Applications;s=NegativeTrendData":{"Value":{"Type":11,"Body":98.799999999999997},"SourceTimestamp":"2024-04-27T12:40:23.9358997Z","ServerTimestamp":"2024-04-27T12:40:23.9518302Z"},"nsu=http://opcfoundation.org/UA/Plc/Applications;s=PositiveTrendData":{"Value":{"Type":11,"Body":101.09999999999999},"SourceTimestamp":"2024-04-27T12:40:23.9359042Z","ServerTimestamp":"2024-04-27T12:40:23.951827Z"},"nsu=http://opcfoundation.org/UA/Plc/Applications;s=SlowUIntScalar1":{"Value":{"Type":7,"Body":6},"SourceTimestamp":"2024-04-27T12:40:22.2356952Z","ServerTimestamp":"2024-04-27T12:40:23.9518294Z"},"nsu=http://opcfoundation.org/UA/Plc/Applications;s=SlowUIntScalar2":{"Value":{"Type":7,"Body":6},"SourceTimestamp":"2024-04-27T12:40:22.2357033Z","ServerTimestamp":"2024-04-27T12:40:23.9518161Z"},"nsu=http://opcfoundation.org/UA/Plc/Applications;s=SlowUIntScalar3":{"Value":{"Type":7,"Body":6},"SourceTimestamp":"2024-04-27T12:40:22.2357049Z","ServerTimestamp":"2024-04-27T12:40:23.9518169Z"},"nsu=http://opcfoundation.org/UA/Plc/Applications;s=BadSlowUIntScalar1":{"Value":{"Type":7,"Body":6},"SourceTimestamp":"2024-04-27T12:40:22.2357067Z","ServerTimestamp":"2024-04-27T12:40:23.9518194Z"},"nsu=http://opcfoundation.org/UA/Plc/Applications;s=SlowRandomUIntScalar1":{"Value":{"Type":7,"Body":1580877879},"SourceTimestamp":"2024-04-27T12:40:22.2357728Z","ServerTimestamp":"2024-04-27T12:40:23.9518136Z"},"nsu=http://opcfoundation.org/UA/Plc/Applications;s=SlowRandomUIntScalar2":{"Value":{"Type":7,"Body":1597589190},"SourceTimestamp":"2024-04-27T12:40:22.2357836Z","ServerTimestamp":"2024-04-27T12:40:23.9518155Z"},"nsu=http://opcfoundation.org/UA/Plc/Applications;s=SlowRandomUIntScalar3":{"Value":{"Type":7,"Body":862962221},"SourceTimestamp":"2024-04-27T12:40:22.235787Z","ServerTimestamp":"2024-04-27T12:40:23.9518311Z"},"nsu=http://opcfoundation.org/UA/Plc/Applications;s=BadSlowRandomUIntScalar1":{"Value":{"Type":7,"Body":638700083},"SourceTimestamp":"2024-04-27T12:40:22.2357899Z","ServerTimestamp":"2024-04-27T12:40:23.9518231Z"},"nsu=http://opcfoundation.org/UA/Plc/Applications;s=SpikeData":{"Value":{"Type":11,"Body":-90.482705246601981},"SourceTimestamp":"2024-04-27T12:40:23.9359052Z","ServerTimestamp":"2024-04-27T12:40:23.9518204Z"},"ns=23;i=1259":{"Value":{"Type":11,"Body":-0.90100000000000002},"SourceTimestamp":"2024-04-27T12:39:22.9476541Z","ServerTimestamp":"2024-04-27T12:40:23.9517975Z"}}}]}