{"MessageId":"835fe6db-6ec7-4d66-a674-3ea6ccf26ea3","MessageType":"ua-data","PublisherId":"DESKTOP-BGFJS91","DataSetWriterGroup":"<<UnknownWriterGroup>>","Messages":[{"SequenceNumber":63,"MetaDataVersion":{"MajorVersion":1},"Timestamp":"2024-04-27T12:40:25.9569848Z","MessageType":"ua-deltaframe","DataSetWriterName":"<<UnknownDataSet>>","Payload":{"i=2258":{"Value":{"Type":13,"Body":"2024-04-27T12:40:25.9566738Z"},"SourceTimestamp":"2024-04-27T12:39:22.9476115Z","ServerTimestamp":"2024-04-27T12:40:25.9566727Z"},"nsu=http://opcfoundation.org/UA/Plc/Applications;s=StepUp":{"Value":{"Type":7,"Body":637},"SourceTimestamp":"2024-04-27T12:40:25.9397116Z","ServerTimestamp":"2024-04-27T12:40:25.9567314Z"},"nsu=http://opcfoundation.org/UA/Plc/Applications;s=AlternatingBoolean":{"Value":{"Type":1,"Body":true},"SourceTimestamp":"2024-04-27T12:40:25.9397233Z","ServerTimestamp":"2024-04-27T12:40:25.9567282Z"},"nsu=http://opcfoundation.org/UA/Plc/Applications;s=RandomSignedInt32":{"Value":{"Type":6,"Body":-487417092},"SourceTimestamp":"2024-04-27T12:40:25.9397251Z","ServerTimestamp":"2024-04-27T12:40:25.9567216Z"},"nsu=http://opcfoundation.org/UA/Plc/Applications;s=RandomUnsignedInt32":{"Value":{"Type":7,"Body":524279892},"SourceTimestamp":"2024-04-27T12:40:25.939735Z","ServerTimestamp":"2024-04-27T12:40:25.9567252Z"},"nsu=http://opcfoundation.org/UA/Plc/Applications;s=DipData":{"Value":{"Type":11,"Body":98.228725072868855},"SourceTimestamp":"2024-04-27T12:40:25.9397458Z","ServerTimestamp":"2024-04-27T12:40:25.9567291Z"},"nsu=http://opcfoundation.org/UA/Plc/Applications;s=FastUIntScalar1":{"Value":{"Type":7,"Body":63},"SourceTimestamp":"2024-04-27T12:40:25.2388409Z","ServerTimestamp":"2024-04-27T12:40:25.9567256Z"},"nsu=http://opcfoundation.org/UA/Plc/Applications;s=FastUIntScalar2":{"Value":{"Type":7,"Body":63},"SourceTimestamp":"2024-04-27T12:40:25.2388466Z","ServerTimestamp":"2024-04-27T12:40:25.9567277Z"},"nsu=http://opcfoundation.org/UA/Plc/Applications;s=FastUIntScalar3":{"Value":{"Type":7,"Body":63},"SourceTimestamp":"2024-04-27T12:40:25.2388483Z","ServerTimestamp":"2024-04-27T12:40:25.9567183Z"},"nsu=http://opcfoundation.org/UA/Plc/Applications;s=FastRandomUIntScalar1":{"Value":{"Type":7,"Body":1328349919},"SourceTimestamp":"2024-04-27T12:40:25.2388516Z","ServerTimestamp":"2024-04-27T12:40:25.9567261Z"},"nsu=http://opcfoundation.org/UA/Plc/Applications;s=FastRandomUIntScalar2":{"Value":{"Type":7,"Body":3017211198},"SourceTimestamp":"2024-04-27T12:40:25.2388565Z","ServerTimestamp":"2024-04-27T12:40:25.9567225Z"},"nsu=http://opcfoundation.org/UA/Plc/Applications;s=FastRandomUIntScalar3":{"Value":{"Type":7,"Body":1863288873},"SourceTimestamp":"2024-04-27T12:40:25.2388578Z","ServerTimestamp":"2024-04-27T12:40:25.9567308Z"},"nsu=http://opcfoundation.org/UA/Plc/Applications;s=NegativeTrendData":{"Value":{"Type":11,"Body":98.799999999999997},"SourceTimestamp":"2024-04-27T12:40:25.9397465Z","ServerTimestamp":"2024-04-27T12:40:25.9567331Z"},"nsu=http://opcfoundation.org/UA/Plc/Applications;s=PositiveTrendData":{"Value":{"Type":11,"Body":101.09999999999999},"SourceTimestamp":"2024-04-27T12:40:25.9397705Z","ServerTimestamp":"2024-04-27T12:40:25.9567299Z"},"nsu=http://opcfoundation.org/UA/Plc/Applications;s=SlowUIntScalar1":{"Value":{"Type":7,"Body":6},"SourceTimestamp":"2024-04-27T12:40:22.2356952Z","ServerTimestamp":"2024-04-27T12:40:25.9567323Z"},"nsu=http://opcfoundation.org/UA/Plc/Applications;s=SlowUIntScalar2":{"Value":{"Type":7,"Body":6},"SourceTimestamp":"2024-04-27T12:40:22.2357033Z","ServerTimestamp":"2024-04-27T12:40:25.95672Z"},"nsu=http://opcfoundation.org/UA/Plc/Applications;s=SlowUIntScalar3":{"Value":{"Type":7,"Body":6},"SourceTimestamp":"2024-04-27T12:40:22.2357049Z","ServerTimestamp":"2024-04-27T12:40:25.9567209Z"},"nsu=http://opcfoundation.org/UA/Plc/Applications;s=BadSlowUIntScalar1":{"Value":{"Type":7,"Body":6},"SourceTimestamp":"2024-04-27T12:40:22.2357067Z","ServerTimestamp":"2024-04-27T12:40:25.9567234Z"},"nsu=http://opcfoundation.org/UA/Plc/Applications;s=SlowRandomUIntScalar1":{"Value":{"Type":7,"Body":1580877879},"SourceTimestamp":"2024-04-27T12:40:22.2357728Z","ServerTimestamp":"2024-04-27T12:40:25.9567173Z"},"nsu=http://opcfoundation.org/UA/Plc/Applications;s=SlowRandomUIntScalar2":{"Value":{"Type":7,"Body":1597589190},"SourceTimestamp":"2024-04-27T12:40:22.2357836Z","ServerTimestamp":"2024-04-27T12:40:25.9567193Z"},"nsu=http://opcfoundation.org/UA/Plc/Applications;s=SlowRandomUIntScalar3":{"Value":{"Type":7,"Body":862962221},"SourceTimestamp":"2024-04-27T12:40:22.235787Z","ServerTimestamp":"2024-04-27T12:40:25.9567341Z"},"nsu=http://opcfoundation.org/UA/Plc/Applications;s=BadSlowRandomUIntScalar1":{"Value":{"Type":7,"Body":638700083},"SourceTimestamp":"2024-04-27T12:40:22.2357899Z","ServerTimestamp":"2024-04-27T12:40:25.9567269Z"},"nsu=http://opcfoundation.org/UA/Plc/Applications;s=SpikeData":{"Value":{"Type":11,"Body":98.228725072868855},"SourceTimestamp":"2024-04-27T12:40:25.9397514Z","ServerTimestamp":"2024-04-27T12:40:25.9567242Z"},"ns=23;i=1259":{"Value":{"Type":11,"Body":-0.90000000000000002},"SourceTimestamp":"2024-04-27T12:39:22.9476541Z","ServerTimestamp":"2024-04-27T12:40:25.9567005Z"}}}]}