{"MessageId":"f7e4e127-38cc-4664-894d-fdf4d6a58739","MessageType":"ua-data","PublisherId":"DESKTOP-BGFJS91","DataSetWriterGroup":"<<UnknownWriterGroup>>","Messages":[{"SequenceNumber":69,"MetaDataVersion":{"MajorVersion":1},"Timestamp":"2024-04-27T12:40:31.9528721Z","MessageType":"ua-deltaframe","DataSetWriterName":"<<UnknownDataSet>>","Payload":{"i=2258":{"Value":{"Type":13,"Body":"2024-04-27T12:40:31.9525865Z"},"SourceTimestamp":"2024-04-27T12:39:22.9476115Z","ServerTimestamp":"2024-04-27T12:40:31.952585Z"},"nsu=http://opcfoundation.org/UA/Plc/Applications;s=StepUp":{"Value":{"Type":7,"Body":697},"SourceTimestamp":"2024-04-27T12:40:31.9364776Z","ServerTimestamp":"2024-04-27T12:40:31.9526319Z"},"nsu=http://opcfoundation.org/UA/Plc/Applications;s=AlternatingBoolean":{"Value":{"Type":1,"Body":false},"SourceTimestamp":"2024-04-27T12:40:31.936478Z","ServerTimestamp":"2024-04-27T12:40:31.9526288Z"},"nsu=http://opcfoundation.org/UA/Plc/Applications;s=RandomSignedInt32":{"Value":{"Type":6,"Body":1476252874},"SourceTimestamp":"2024-04-27T12:40:31.9364921Z","ServerTimestamp":"2024-04-27T12:40:31.9526219Z"},"nsu=http://opcfoundation.org/UA/Plc/Applications;s=RandomUnsignedInt32":{"Value":{"Type":7,"Body":466977463},"SourceTimestamp":"2024-04-27T12:40:31.9364899Z","ServerTimestamp":"2024-04-27T12:40:31.9526254Z"},"nsu=http://opcfoundation.org/UA/Plc/Applications;s=DipData":{"Value":{"Type":11,"Body":48.175367410171532},"SourceTimestamp":"2024-04-27T12:40:31.9364996Z","ServerTimestamp":"2024-04-27T12:40:31.9526296Z"},"nsu=http://opcfoundation.org/UA/Plc/Applications;s=FastUIntScalar1":{"Value":{"Type":7,"Body":69},"SourceTimestamp":"2024-04-27T12:40:31.2252612Z","ServerTimestamp":"2024-04-27T12:40:31.9526258Z"},"nsu=http://opcfoundation.org/UA/Plc/Applications;s=FastUIntScalar2":{"Value":{"Type":7,"Body":69},"SourceTimestamp":"2024-04-27T12:40:31.225267Z","ServerTimestamp":"2024-04-27T12:40:31.952628Z"},"nsu=http://opcfoundation.org/UA/Plc/Applications;s=FastUIntScalar3":{"Value":{"Type":7,"Body":69},"SourceTimestamp":"2024-04-27T12:40:31.2252686Z","ServerTimestamp":"2024-04-27T12:40:31.9526187Z"},"nsu=http://opcfoundation.org/UA/Plc/Applications;s=FastRandomUIntScalar1":{"Value":{"Type":7,"Body":2354670018},"SourceTimestamp":"2024-04-27T12:40:31.2252581Z","ServerTimestamp":"2024-04-27T12:40:31.9526264Z"},"nsu=http://opcfoundation.org/UA/Plc/Applications;s=FastRandomUIntScalar2":{"Value":{"Type":7,"Body":2092333457},"SourceTimestamp":"2024-04-27T12:40:31.2252645Z","ServerTimestamp":"2024-04-27T12:40:31.9526228Z"},"nsu=http://opcfoundation.org/UA/Plc/Applications;s=FastRandomUIntScalar3":{"Value":{"Type":7,"Body":1896887705},"SourceTimestamp":"2024-04-27T12:40:31.2252681Z","ServerTimestamp":"2024-04-27T12:40:31.9526313Z"},"nsu=http://opcfoundation.org/UA/Plc/Applications;s=NegativeTrendData":{"Value":{"Type":11,"Body":98.700000000000003},"SourceTimestamp":"2024-04-27T12:40:31.936504Z","ServerTimestamp":"2024-04-27T12:40:31.9526336Z"},"nsu=http://opcfoundation.org/UA/Plc/Applications;s=PositiveTrendData":{"Value":{"Type":11,"Body":101.2},"SourceTimestamp":"2024-04-27T12:40:31.9365021Z","ServerTimestamp":"2024-04-27T12:40:31.9526304Z"},"nsu=http://opcfoundation.org/UA/Plc/Applications;s=SlowUIntScalar1":{"Value":{"Type":7,"Body":6},"SourceTimestamp":"2024-04-27T12:40:22.2356952Z","ServerTimestamp":"2024-04-27T12:40:31.9526328Z"},"nsu=http://opcfoundation.org/UA/Plc/Applications;s=SlowUIntScalar2":{"Value":{"Type":7,"Body":6},"SourceTimestamp":"2024-04-27T12:40:22.2357033Z","ServerTimestamp":"2024-04-27T12:40:31.9526203Z"},"nsu=http://opcfoundation.org/UA/Plc/Applications;s=SlowUIntScalar3":{"Value":{"Type":7,"Body":6},"SourceTimestamp":"2024-04-27T12:40:22.2357049Z","ServerTimestamp":"2024-04-27T12:40:31.9526213Z"},"nsu=http://opcfoundation.org/UA/Plc/Applications;s=BadSlowUIntScalar1":{"Value":{"Type":7,"Body":6},"SourceTimestamp":"2024-04-27T12:40:22.2357067Z","ServerTimestamp":"2024-04-27T12:40:31.9526237Z"},"nsu=http://opcfoundation.org/UA/Plc/Applications;s=SlowRandomUIntScalar1":{"Value":{"Type":7,"Body":1580877879},"SourceTimestamp":"2024-04-27T12:40:22.2357728Z","ServerTimestamp":"2024-04-27T12:40:31.9526177Z"},"nsu=http://opcfoundation.org/UA/Plc/Applications;s=SlowRandomUIntScalar2":{"Value":{"Type":7,"Body":1597589190},"SourceTimestamp":"2024-04-27T12:40:22.2357836Z","ServerTimestamp":"2024-04-27T12:40:31.9526196Z"},"nsu=http://opcfoundation.org/UA/Plc/Applications;s=SlowRandomUIntScalar3":{"Value":{"Type":7,"Body":862962221},"SourceTimestamp":"2024-04-27T12:40:22.235787Z","ServerTimestamp":"2024-04-27T12:40:31.9526346Z"},"nsu=http://opcfoundation.org/UA/Plc/Applications;s=BadSlowRandomUIntScalar1":{"Value":{"Type":7,"Body":638700083},"SourceTimestamp":"2024-04-27T12:40:22.2357899Z","ServerTimestamp":"2024-04-27T12:40:31.9526272Z"},"nsu=http://opcfoundation.org/UA/Plc/Applications;s=SpikeData":{"Value":{"Type":11,"Body":48.175367410171532},"SourceTimestamp":"2024-04-27T12:40:31.9365041Z","ServerTimestamp":"2024-04-27T12:40:31.9526245Z"},"ns=23;i=1259":{"Value":{"Type":11,"Body":2},"SourceTimestamp":"2024-04-27T12:39:22.9476541Z","ServerTimestamp":"2024-04-27T12:40:31.9526006Z"}}}]}