{"MessageId":"c78e43f6-7f62-4055-b2bc-493e2ff22ee7","MessageType":"ua-data","PublisherId":"DESKTOP-BGFJS91","DataSetWriterGroup":"<<UnknownWriterGroup>>","Messages":[{"SequenceNumber":75,"MetaDataVersion":{"MajorVersion":1},"Timestamp":"2024-04-27T12:40:37.9574409Z","MessageType":"ua-deltaframe","DataSetWriterName":"<<UnknownDataSet>>","Payload":{"i=2258":{"Value":{"Type":13,"Body":"2024-04-27T12:40:37.9571386Z"},"SourceTimestamp":"2024-04-27T12:39:22.9476115Z","ServerTimestamp":"2024-04-27T12:40:37.9571375Z"},"nsu=http://opcfoundation.org/UA/Plc/Applications;s=StepUp":{"Value":{"Type":7,"Body":757},"SourceTimestamp":"2024-04-27T12:40:37.9400518Z","ServerTimestamp":"2024-04-27T12:40:37.9571854Z"},"nsu=http://opcfoundation.org/UA/Plc/Applications;s=AlternatingBoolean":{"Value":{"Type":1,"Body":false},"SourceTimestamp":"2024-04-27T12:40:37.9400643Z","ServerTimestamp":"2024-04-27T12:40:37.9571821Z"},"nsu=http://opcfoundation.org/UA/Plc/Applications;s=RandomSignedInt32":{"Value":{"Type":6,"Body":-1497985301},"SourceTimestamp":"2024-04-27T12:40:37.9400788Z","ServerTimestamp":"2024-04-27T12:40:37.9571753Z"},"nsu=http://opcfoundation.org/UA/Plc/Applications;s=RandomUnsignedInt32":{"Value":{"Type":7,"Body":2144181353},"SourceTimestamp":"2024-04-27T12:40:37.9400722Z","ServerTimestamp":"2024-04-27T12:40:37.9571789Z"},"nsu=http://opcfoundation.org/UA/Plc/Applications;s=DipData":{"Value":{"Type":11,"Body":-68.454710592868821},"SourceTimestamp":"2024-04-27T12:40:37.9400837Z","ServerTimestamp":"2024-04-27T12:40:37.9571832Z"},"nsu=http://opcfoundation.org/UA/Plc/Applications;s=FastUIntScalar1":{"Value":{"Type":7,"Body":75},"SourceTimestamp":"2024-04-27T12:40:37.2255303Z","ServerTimestamp":"2024-04-27T12:40:37.9571793Z"},"nsu=http://opcfoundation.org/UA/Plc/Applications;s=FastUIntScalar2":{"Value":{"Type":7,"Body":75},"SourceTimestamp":"2024-04-27T12:40:37.2255403Z","ServerTimestamp":"2024-04-27T12:40:37.9571815Z"},"nsu=http://opcfoundation.org/UA/Plc/Applications;s=FastUIntScalar3":{"Value":{"Type":7,"Body":75},"SourceTimestamp":"2024-04-27T12:40:37.225543Z","ServerTimestamp":"2024-04-27T12:40:37.9571718Z"},"nsu=http://opcfoundation.org/UA/Plc/Applications;s=FastRandomUIntScalar1":{"Value":{"Type":7,"Body":2826689690},"SourceTimestamp":"2024-04-27T12:40:37.2255075Z","ServerTimestamp":"2024-04-27T12:40:37.9571799Z"},"nsu=http://opcfoundation.org/UA/Plc/Applications;s=FastRandomUIntScalar2":{"Value":{"Type":7,"Body":1664834941},"SourceTimestamp":"2024-04-27T12:40:37.2255167Z","ServerTimestamp":"2024-04-27T12:40:37.9571762Z"},"nsu=http://opcfoundation.org/UA/Plc/Applications;s=FastRandomUIntScalar3":{"Value":{"Type":7,"Body":3394339936},"SourceTimestamp":"2024-04-27T12:40:37.2255191Z","ServerTimestamp":"2024-04-27T12:40:37.9571848Z"},"nsu=http://opcfoundation.org/UA/Plc/Applications;s=NegativeTrendData":{"Value":{"Type":11,"Body":98.5},"SourceTimestamp":"2024-04-27T12:40:37.9400854Z","ServerTimestamp":"2024-04-27T12:40:37.9571872Z"},"nsu=http://opcfoundation.org/UA/Plc/Applications;s=PositiveTrendData":{"Value":{"Type":11,"Body":101.40000000000001},"SourceTimestamp":"2024-04-27T12:40:37.9400875Z","ServerTimestamp":"2024-04-27T12:40:37.957184Z"},"nsu=http://opcfoundation.org/UA/Plc/Applications;s=SlowUIntScalar1":{"Value":{"Type":7,"Body":7},"SourceTimestamp":"2024-04-27T12:40:32.2280484Z","ServerTimestamp":"2024-04-27T12:40:37.9571864Z"},"nsu=http://opcfoundation.org/UA/Plc/Applications;s=SlowUIntScalar2":{"Value":{"Type":7,"Body":7},"SourceTimestamp":"2024-04-27T12:40:32.2280568Z","ServerTimestamp":"2024-04-27T12:40:37.9571737Z"},"nsu=http://opcfoundation.org/UA/Plc/Applications;s=SlowUIntScalar3":{"Value":{"Type":7,"Body":7},"SourceTimestamp":"2024-04-27T12:40:32.2280586Z","ServerTimestamp":"2024-04-27T12:40:37.9571746Z"},"nsu=http://opcfoundation.org/UA/Plc/Applications;s=BadSlowUIntScalar1":{"Value":{"Type":7,"Body":7},"SourceTimestamp":"2024-04-27T12:40:32.2280599Z","ServerTimestamp":"2024-04-27T12:40:37.9571771Z"},"nsu=http://opcfoundation.org/UA/Plc/Applications;s=SlowRandomUIntScalar1":{"Value":{"Type":7,"Body":3656091111},"SourceTimestamp":"2024-04-27T12:40:32.2280756Z","ServerTimestamp":"2024-04-27T12:40:37.9571708Z"},"nsu=http://opcfoundation.org/UA/Plc/Applications;s=SlowRandomUIntScalar2":{"Value":{"Type":7,"Body":531821247},"SourceTimestamp":"2024-04-27T12:40:32.2280802Z","ServerTimestamp":"2024-04-27T12:40:37.9571729Z"},"nsu=http://opcfoundation.org/UA/Plc/Applications;s=SlowRandomUIntScalar3":{"Value":{"Type":7,"Body":3617665505},"SourceTimestamp":"2024-04-27T12:40:32.2280889Z","ServerTimestamp":"2024-04-27T12:40:37.9571882Z"},"nsu=http://opcfoundation.org/UA/Plc/Applications;s=BadSlowRandomUIntScalar1":{"Value":{"Type":7,"Body":1605850534},"SourceTimestamp":"2024-04-27T12:40:32.2280906Z","ServerTimestamp":"2024-04-27T12:40:37.9571807Z"},"nsu=http://opcfoundation.org/UA/Plc/Applications;s=SpikeData":{"Value":{"Type":11,"Body":-68.454710592868821},"SourceTimestamp":"2024-04-27T12:40:37.9400912Z","ServerTimestamp":"2024-04-27T12:40:37.9571779Z"},"ns=23;i=1259":{"Value":{"Type":11,"Body":0.14899999999999999},"SourceTimestamp":"2024-04-27T12:39:22.9476541Z","ServerTimestamp":"2024-04-27T12:40:37.957153Z"}}}]}