{"MessageId":"4e463e47-8c8f-4d10-b2ca-baa3450d7a81","MessageType":"ua-data","PublisherId":"DESKTOP-BGFJS91","DataSetWriterGroup":"<<UnknownWriterGroup>>","Messages":[{"SequenceNumber":76,"MetaDataVersion":{"MajorVersion":1},"Timestamp":"2024-04-27T12:40:38.9638334Z","MessageType":"ua-deltaframe","DataSetWriterName":"<<UnknownDataSet>>","Payload":{"i=2258":{"Value":{"Type":13,"Body":"2024-04-27T12:40:38.9635393Z"},"SourceTimestamp":"2024-04-27T12:39:22.9476115Z","ServerTimestamp":"2024-04-27T12:40:38.9635381Z"},"nsu=http://opcfoundation.org/UA/Plc/Applications;s=StepUp":{"Value":{"Type":7,"Body":767},"SourceTimestamp":"2024-04-27T12:40:38.9308563Z","ServerTimestamp":"2024-04-27T12:40:38.9635859Z"},"nsu=http://opcfoundation.org/UA/Plc/Applications;s=AlternatingBoolean":{"Value":{"Type":1,"Body":false},"SourceTimestamp":"2024-04-27T12:40:38.9308865Z","ServerTimestamp":"2024-04-27T12:40:38.9635828Z"},"nsu=http://opcfoundation.org/UA/Plc/Applications;s=RandomSignedInt32":{"Value":{"Type":6,"Body":1127266295},"SourceTimestamp":"2024-04-27T12:40:38.9309124Z","ServerTimestamp":"2024-04-27T12:40:38.9635758Z"},"nsu=http://opcfoundation.org/UA/Plc/Applications;s=RandomUnsignedInt32":{"Value":{"Type":7,"Body":713824474},"SourceTimestamp":"2024-04-27T12:40:38.930899Z","ServerTimestamp":"2024-04-27T12:40:38.9635794Z"},"nsu=http://opcfoundation.org/UA/Plc/Applications;s=DipData":{"Value":{"Type":11,"Body":-90.482705246601981},"SourceTimestamp":"2024-04-27T12:40:38.9309149Z","ServerTimestamp":"2024-04-27T12:40:38.9635837Z"},"nsu=http://opcfoundation.org/UA/Plc/Applications;s=FastUIntScalar1":{"Value":{"Type":7,"Body":76},"SourceTimestamp":"2024-04-27T12:40:38.2348689Z","ServerTimestamp":"2024-04-27T12:40:38.9635799Z"},"nsu=http://opcfoundation.org/UA/Plc/Applications;s=FastUIntScalar2":{"Value":{"Type":7,"Body":76},"SourceTimestamp":"2024-04-27T12:40:38.2348749Z","ServerTimestamp":"2024-04-27T12:40:38.9635822Z"},"nsu=http://opcfoundation.org/UA/Plc/Applications;s=FastUIntScalar3":{"Value":{"Type":7,"Body":76},"SourceTimestamp":"2024-04-27T12:40:38.2348767Z","ServerTimestamp":"2024-04-27T12:40:38.9635723Z"},"nsu=http://opcfoundation.org/UA/Plc/Applications;s=FastRandomUIntScalar1":{"Value":{"Type":7,"Body":2367112783},"SourceTimestamp":"2024-04-27T12:40:38.2348804Z","ServerTimestamp":"2024-04-27T12:40:38.9635806Z"},"nsu=http://opcfoundation.org/UA/Plc/Applications;s=FastRandomUIntScalar2":{"Value":{"Type":7,"Body":2727963282},"SourceTimestamp":"2024-04-27T12:40:38.234885Z","ServerTimestamp":"2024-04-27T12:40:38.9635768Z"},"nsu=http://opcfoundation.org/UA/Plc/Applications;s=FastRandomUIntScalar3":{"Value":{"Type":7,"Body":649493559},"SourceTimestamp":"2024-04-27T12:40:38.2348865Z","ServerTimestamp":"2024-04-27T12:40:38.9635853Z"},"nsu=http://opcfoundation.org/UA/Plc/Applications;s=NegativeTrendData":{"Value":{"Type":11,"Body":98.5},"SourceTimestamp":"2024-04-27T12:40:38.9309156Z","ServerTimestamp":"2024-04-27T12:40:38.9635876Z"},"nsu=http://opcfoundation.org/UA/Plc/Applications;s=PositiveTrendData":{"Value":{"Type":11,"Body":101.40000000000001},"SourceTimestamp":"2024-04-27T12:40:38.9309279Z","ServerTimestamp":"2024-04-27T12:40:38.9635845Z"},"nsu=http://opcfoundation.org/UA/Plc/Applications;s=SlowUIntScalar1":{"Value":{"Type":7,"Body":7},"SourceTimestamp":"2024-04-27T12:40:32.2280484Z","ServerTimestamp":"2024-04-27T12:40:38.9635868Z"},"nsu=http://opcfoundation.org/UA/Plc/Applications;s=SlowUIntScalar2":{"Value":{"Type":7,"Body":7},"SourceTimestamp":"2024-04-27T12:40:32.2280568Z","ServerTimestamp":"2024-04-27T12:40:38.963574Z"},"nsu=http://opcfoundation.org/UA/Plc/Applications;s=SlowUIntScalar3":{"Value":{"Type":7,"Body":7},"SourceTimestamp":"2024-04-27T12:40:32.2280586Z","ServerTimestamp":"2024-04-27T12:40:38.9635752Z"},"nsu=http://opcfoundation.org/UA/Plc/Applications;s=BadSlowUIntScalar1":{"Value":{"Type":7,"Body":7},"SourceTimestamp":"2024-04-27T12:40:32.2280599Z","ServerTimestamp":"2024-04-27T12:40:38.9635776Z"},"nsu=http://opcfoundation.org/UA/Plc/Applications;s=SlowRandomUIntScalar1":{"Value":{"Type":7,"Body":3656091111},"SourceTimestamp":"2024-04-27T12:40:32.2280756Z","ServerTimestamp":"2024-04-27T12:40:38.9635713Z"},"nsu=http://opcfoundation.org/UA/Plc/Applications;s=SlowRandomUIntScalar2":{"Value":{"Type":7,"Body":531821247},"SourceTimestamp":"2024-04-27T12:40:32.2280802Z","ServerTimestamp":"2024-04-27T12:40:38.9635733Z"},"nsu=http://opcfoundation.org/UA/Plc/Applications;s=SlowRandomUIntScalar3":{"Value":{"Type":7,"Body":3617665505},"SourceTimestamp":"2024-04-27T12:40:32.2280889Z","ServerTimestamp":"2024-04-27T12:40:38.9635887Z"},"nsu=http://opcfoundation.org/UA/Plc/Applications;s=BadSlowRandomUIntScalar1":{"Value":{"Type":7,"Body":1605850534},"SourceTimestamp":"2024-04-27T12:40:32.2280906Z","ServerTimestamp":"2024-04-27T12:40:38.9635814Z"},"nsu=http://opcfoundation.org/UA/Plc/Applications;s=SpikeData":{"Value":{"Type":11,"Body":-90.482705246601981},"SourceTimestamp":"2024-04-27T12:40:38.9309275Z","ServerTimestamp":"2024-04-27T12:40:38.9635784Z"},"ns=23;i=1259":{"Value":{"Type":11,"Body":0.19900000000000001},"SourceTimestamp":"2024-04-27T12:39:22.9476541Z","ServerTimestamp":"2024-04-27T12:40:38.9635548Z"}}}]}