{"MessageId":"ab14ceff-4b04-4f46-b549-b123cba200c2","MessageType":"ua-data","PublisherId":"DESKTOP-BGFJS91","DataSetWriterGroup":"<<UnknownWriterGroup>>","Messages":[{"SequenceNumber":82,"MetaDataVersion":{"MajorVersion":1},"Timestamp":"2024-04-27T12:40:44.9602868Z","MessageType":"ua-deltaframe","DataSetWriterName":"<<UnknownDataSet>>","Payload":{"i=2258":{"Value":{"Type":13,"Body":"2024-04-27T12:40:44.9599652Z"},"SourceTimestamp":"2024-04-27T12:39:22.9476115Z","ServerTimestamp":"2024-04-27T12:40:44.959964Z"},"nsu=http://opcfoundation.org/UA/Plc/Applications;s=StepUp":{"Value":{"Type":7,"Body":827},"SourceTimestamp":"2024-04-27T12:40:44.9274242Z","ServerTimestamp":"2024-04-27T12:40:44.9600234Z"},"nsu=http://opcfoundation.org/UA/Plc/Applications;s=AlternatingBoolean":{"Value":{"Type":1,"Body":true},"SourceTimestamp":"2024-04-27T12:40:44.92743Z","ServerTimestamp":"2024-04-27T12:40:44.9600196Z"},"nsu=http://opcfoundation.org/UA/Plc/Applications;s=RandomSignedInt32":{"Value":{"Type":6,"Body":1104207902},"SourceTimestamp":"2024-04-27T12:40:44.9274324Z","ServerTimestamp":"2024-04-27T12:40:44.960002Z"},"nsu=http://opcfoundation.org/UA/Plc/Applications;s=RandomUnsignedInt32":{"Value":{"Type":7,"Body":271966611},"SourceTimestamp":"2024-04-27T12:40:44.9274368Z","ServerTimestamp":"2024-04-27T12:40:44.9600163Z"},"nsu=http://opcfoundation.org/UA/Plc/Applications;s=DipData":{"Value":{"Type":11,"Body":12.53332335643041},"SourceTimestamp":"2024-04-27T12:40:44.9274414Z","ServerTimestamp":"2024-04-27T12:40:44.9600209Z"},"nsu=http://opcfoundation.org/UA/Plc/Applications;s=FastUIntScalar1":{"Value":{"Type":7,"Body":82},"SourceTimestamp":"2024-04-27T12:40:44.2343396Z","ServerTimestamp":"2024-04-27T12:40:44.9600169Z"},"nsu=http://opcfoundation.org/UA/Plc/Applications;s=FastUIntScalar2":{"Value":{"Type":7,"Body":82},"SourceTimestamp":"2024-04-27T12:40:44.2343475Z","ServerTimestamp":"2024-04-27T12:40:44.9600191Z"},"nsu=http://opcfoundation.org/UA/Plc/Applications;s=FastUIntScalar3":{"Value":{"Type":7,"Body":82},"SourceTimestamp":"2024-04-27T12:40:44.2343497Z","ServerTimestamp":"2024-04-27T12:40:44.9599985Z"},"nsu=http://opcfoundation.org/UA/Plc/Applications;s=FastRandomUIntScalar1":{"Value":{"Type":7,"Body":85294035},"SourceTimestamp":"2024-04-27T12:40:44.234328Z","ServerTimestamp":"2024-04-27T12:40:44.9600175Z"},"nsu=http://opcfoundation.org/UA/Plc/Applications;s=FastRandomUIntScalar2":{"Value":{"Type":7,"Body":3477137352},"SourceTimestamp":"2024-04-27T12:40:44.2343364Z","ServerTimestamp":"2024-04-27T12:40:44.9600029Z"},"nsu=http://opcfoundation.org/UA/Plc/Applications;s=FastRandomUIntScalar3":{"Value":{"Type":7,"Body":1095666394},"SourceTimestamp":"2024-04-27T12:40:44.2343393Z","ServerTimestamp":"2024-04-27T12:40:44.9600228Z"},"nsu=http://opcfoundation.org/UA/Plc/Applications;s=NegativeTrendData":{"Value":{"Type":11,"Body":98.400000000000006},"SourceTimestamp":"2024-04-27T12:40:44.927451Z","ServerTimestamp":"2024-04-27T12:40:44.9600251Z"},"nsu=http://opcfoundation.org/UA/Plc/Applications;s=PositiveTrendData":{"Value":{"Type":11,"Body":101.5},"SourceTimestamp":"2024-04-27T12:40:44.9274434Z","ServerTimestamp":"2024-04-27T12:40:44.9600219Z"},"nsu=http://opcfoundation.org/UA/Plc/Applications;s=SlowUIntScalar1":{"Value":{"Type":7,"Body":8},"SourceTimestamp":"2024-04-27T12:40:42.2326897Z","ServerTimestamp":"2024-04-27T12:40:44.9600243Z"},"nsu=http://opcfoundation.org/UA/Plc/Applications;s=SlowUIntScalar2":{"Value":{"Type":7,"Body":8},"SourceTimestamp":"2024-04-27T12:40:42.2326973Z","ServerTimestamp":"2024-04-27T12:40:44.9600002Z"},"nsu=http://opcfoundation.org/UA/Plc/Applications;s=SlowUIntScalar3":{"Value":{"Type":7,"Body":8},"SourceTimestamp":"2024-04-27T12:40:42.2327018Z","ServerTimestamp":"2024-04-27T12:40:44.9600013Z"},"nsu=http://opcfoundation.org/UA/Plc/Applications;s=BadSlowUIntScalar1":{"Value":{"Type":7,"Body":8},"StatusCode":1083179008,"SourceTimestamp":"2024-04-27T12:40:42.2327036Z","ServerTimestamp":"2024-04-27T12:40:44.9600038Z"},"nsu=http://opcfoundation.org/UA/Plc/Applications;s=SlowRandomUIntScalar1":{"Value":{"Type":7,"Body":4023179806},"SourceTimestamp":"2024-04-27T12:40:42.2326963Z","ServerTimestamp":"2024-04-27T12:40:44.9599975Z"},"nsu=http://opcfoundation.org/UA/Plc/Applications;s=SlowRandomUIntScalar2":{"Value":{"Type":7,"Body":1282016335},"SourceTimestamp":"2024-04-27T12:40:42.2327011Z","ServerTimestamp":"2024-04-27T12:40:44.9599996Z"},"nsu=http://opcfoundation.org/UA/Plc/Applications;s=SlowRandomUIntScalar3":{"Value":{"Type":7,"Body":3516638499},"SourceTimestamp":"2024-04-27T12:40:42.2327026Z","ServerTimestamp":"2024-04-27T12:40:44.9600261Z"},"nsu=http://opcfoundation.org/UA/Plc/Applications;s=BadSlowRandomUIntScalar1":{"Value":{"Type":7,"Body":431541455},"StatusCode":1083179008,"SourceTimestamp":"2024-04-27T12:40:42.2327077Z","ServerTimestamp":"2024-04-27T12:40:44.9600183Z"},"nsu=http://opcfoundation.org/UA/Plc/Applications;s=SpikeData":{"Value":{"Type":11,"Body":12.53332335643041},"SourceTimestamp":"2024-04-27T12:40:44.9274453Z","ServerTimestamp":"2024-04-27T12:40:44.9600151Z"},"ns=23;i=1259":{"Value":{"Type":11,"Body":-0.60099999999999998},"SourceTimestamp":"2024-04-27T12:39:22.9476541Z","ServerTimestamp":"2024-04-27T12:40:44.9599801Z"}}}]}