{"MessageId":"699e0ce2-5eb1-4102-9541-0033c9e061ad","MessageType":"ua-data","PublisherId":"DESKTOP-BGFJS91","DataSetWriterGroup":"<<UnknownWriterGroup>>","Messages":[{"SequenceNumber":84,"MetaDataVersion":{"MajorVersion":1},"Timestamp":"2024-04-27T12:40:46.9572075Z","MessageType":"ua-deltaframe","DataSetWriterName":"<<UnknownDataSet>>","Payload":{"i=2258":{"Value":{"Type":13,"Body":"2024-04-27T12:40:46.9569156Z"},"SourceTimestamp":"2024-04-27T12:39:22.9476115Z","ServerTimestamp":"2024-04-27T12:40:46.956914Z"},"nsu=http://opcfoundation.org/UA/Plc/Applications;s=StepUp":{"Value":{"Type":7,"Body":847},"SourceTimestamp":"2024-04-27T12:40:46.9404525Z","ServerTimestamp":"2024-04-27T12:40:46.9569632Z"},"nsu=http://opcfoundation.org/UA/Plc/Applications;s=AlternatingBoolean":{"Value":{"Type":1,"Body":true},"SourceTimestamp":"2024-04-27T12:40:46.9404589Z","ServerTimestamp":"2024-04-27T12:40:46.9569599Z"},"nsu=http://opcfoundation.org/UA/Plc/Applications;s=RandomSignedInt32":{"Value":{"Type":6,"Body":997243466},"SourceTimestamp":"2024-04-27T12:40:46.9404682Z","ServerTimestamp":"2024-04-27T12:40:46.9569527Z"},"nsu=http://opcfoundation.org/UA/Plc/Applications;s=RandomUnsignedInt32":{"Value":{"Type":7,"Body":1379881451},"SourceTimestamp":"2024-04-27T12:40:46.9404665Z","ServerTimestamp":"2024-04-27T12:40:46.9569566Z"},"nsu=http://opcfoundation.org/UA/Plc/Applications;s=DipData":{"Value":{"Type":11,"Body":48.175367410171532},"SourceTimestamp":"2024-04-27T12:40:46.9404781Z","ServerTimestamp":"2024-04-27T12:40:46.956961Z"},"nsu=http://opcfoundation.org/UA/Plc/Applications;s=FastUIntScalar1":{"Value":{"Type":7,"Body":84},"SourceTimestamp":"2024-04-27T12:40:46.225171Z","ServerTimestamp":"2024-04-27T12:40:46.9569569Z"},"nsu=http://opcfoundation.org/UA/Plc/Applications;s=FastUIntScalar2":{"Value":{"Type":7,"Body":84},"SourceTimestamp":"2024-04-27T12:40:46.225178Z","ServerTimestamp":"2024-04-27T12:40:46.9569593Z"},"nsu=http://opcfoundation.org/UA/Plc/Applications;s=FastUIntScalar3":{"Value":{"Type":7,"Body":84},"SourceTimestamp":"2024-04-27T12:40:46.22518Z","ServerTimestamp":"2024-04-27T12:40:46.9569487Z"},"nsu=http://opcfoundation.org/UA/Plc/Applications;s=FastRandomUIntScalar1":{"Value":{"Type":7,"Body":2961113364},"SourceTimestamp":"2024-04-27T12:40:46.2251818Z","ServerTimestamp":"2024-04-27T12:40:46.9569575Z"},"nsu=http://opcfoundation.org/UA/Plc/Applications;s=FastRandomUIntScalar2":{"Value":{"Type":7,"Body":705289511},"SourceTimestamp":"2024-04-27T12:40:46.2251888Z","ServerTimestamp":"2024-04-27T12:40:46.9569534Z"},"nsu=http://opcfoundation.org/UA/Plc/Applications;s=FastRandomUIntScalar3":{"Value":{"Type":7,"Body":291825593},"SourceTimestamp":"2024-04-27T12:40:46.2251909Z","ServerTimestamp":"2024-04-27T12:40:46.9569626Z"},"nsu=http://opcfoundation.org/UA/Plc/Applications;s=NegativeTrendData":{"Value":{"Type":11,"Body":98.400000000000006},"SourceTimestamp":"2024-04-27T12:40:46.9404781Z","ServerTimestamp":"2024-04-27T12:40:46.9569649Z"},"nsu=http://opcfoundation.org/UA/Plc/Applications;s=PositiveTrendData":{"Value":{"Type":11,"Body":101.5},"SourceTimestamp":"2024-04-27T12:40:46.9404821Z","ServerTimestamp":"2024-04-27T12:40:46.9569618Z"},"nsu=http://opcfoundation.org/UA/Plc/Applications;s=SlowUIntScalar1":{"Value":{"Type":7,"Body":8},"SourceTimestamp":"2024-04-27T12:40:42.2326897Z","ServerTimestamp":"2024-04-27T12:40:46.9569641Z"},"nsu=http://opcfoundation.org/UA/Plc/Applications;s=SlowUIntScalar2":{"Value":{"Type":7,"Body":8},"SourceTimestamp":"2024-04-27T12:40:42.2326973Z","ServerTimestamp":"2024-04-27T12:40:46.9569509Z"},"nsu=http://opcfoundation.org/UA/Plc/Applications;s=SlowUIntScalar3":{"Value":{"Type":7,"Body":8},"SourceTimestamp":"2024-04-27T12:40:42.2327018Z","ServerTimestamp":"2024-04-27T12:40:46.956952Z"},"nsu=http://opcfoundation.org/UA/Plc/Applications;s=BadSlowUIntScalar1":{"Value":{"Type":7,"Body":8},"StatusCode":1083179008,"SourceTimestamp":"2024-04-27T12:40:42.2327036Z","ServerTimestamp":"2024-04-27T12:40:46.9569544Z"},"nsu=http://opcfoundation.org/UA/Plc/Applications;s=SlowRandomUIntScalar1":{"Value":{"Type":7,"Body":4023179806},"SourceTimestamp":"2024-04-27T12:40:42.2326963Z","ServerTimestamp":"2024-04-27T12:40:46.9569477Z"},"nsu=http://opcfoundation.org/UA/Plc/Applications;s=SlowRandomUIntScalar2":{"Value":{"Type":7,"Body":1282016335},"SourceTimestamp":"2024-04-27T12:40:42.2327011Z","ServerTimestamp":"2024-04-27T12:40:46.9569501Z"},"nsu=http://opcfoundation.org/UA/Plc/Applications;s=SlowRandomUIntScalar3":{"Value":{"Type":7,"Body":3516638499},"SourceTimestamp":"2024-04-27T12:40:42.2327026Z","ServerTimestamp":"2024-04-27T12:40:46.9569659Z"},"nsu=http://opcfoundation.org/UA/Plc/Applications;s=BadSlowRandomUIntScalar1":{"Value":{"Type":7,"Body":431541455},"StatusCode":1083179008,"SourceTimestamp":"2024-04-27T12:40:42.2327077Z","ServerTimestamp":"2024-04-27T12:40:46.9569585Z"},"nsu=http://opcfoundation.org/UA/Plc/Applications;s=SpikeData":{"Value":{"Type":11,"Body":48.175367410171532},"SourceTimestamp":"2024-04-27T12:40:46.9404828Z","ServerTimestamp":"2024-04-27T12:40:46.9569555Z"},"ns=23;i=1259":{"Value":{"Type":11,"Body":-0.79700000000000004},"SourceTimestamp":"2024-04-27T12:39:22.9476541Z","ServerTimestamp":"2024-04-27T12:40:46.956931Z"}}}]}