{"MessageId":"3bfde83e-75a0-461c-aabd-fbc0d22f9bff","MessageType":"ua-data","PublisherId":"DESKTOP-BGFJS91","DataSetWriterGroup":"<<UnknownWriterGroup>>","Messages":[{"SequenceNumber":87,"MetaDataVersion":{"MajorVersion":1},"Timestamp":"2024-04-27T12:40:49.952801Z","MessageType":"ua-deltaframe","DataSetWriterName":"<<UnknownDataSet>>","Payload":{"i=2258":{"Value":{"Type":13,"Body":"2024-04-27T12:40:49.952459Z"},"SourceTimestamp":"2024-04-27T12:39:22.9476115Z","ServerTimestamp":"2024-04-27T12:40:49.9524577Z"},"nsu=http://opcfoundation.org/UA/Plc/Applications;s=StepUp":{"Value":{"Type":7,"Body":877},"SourceTimestamp":"2024-04-27T12:40:49.9358853Z","ServerTimestamp":"2024-04-27T12:40:49.9525162Z"},"nsu=http://opcfoundation.org/UA/Plc/Applications;s=AlternatingBoolean":{"Value":{"Type":1,"Body":false},"SourceTimestamp":"2024-04-27T12:40:49.9358954Z","ServerTimestamp":"2024-04-27T12:40:49.9525119Z"},"nsu=http://opcfoundation.org/UA/Plc/Applications;s=RandomSignedInt32":{"Value":{"Type":6,"Body":927514368},"SourceTimestamp":"2024-04-27T12:40:49.935909Z","ServerTimestamp":"2024-04-27T12:40:49.9525011Z"},"nsu=http://opcfoundation.org/UA/Plc/Applications;s=RandomUnsignedInt32":{"Value":{"Type":7,"Body":593322056},"SourceTimestamp":"2024-04-27T12:40:49.935902Z","ServerTimestamp":"2024-04-27T12:40:49.9525068Z"},"nsu=http://opcfoundation.org/UA/Plc/Applications;s=DipData":{"Value":{"Type":11,"Body":12.53332335643041},"SourceTimestamp":"2024-04-27T12:40:49.9359131Z","ServerTimestamp":"2024-04-27T12:40:49.952513Z"},"nsu=http://opcfoundation.org/UA/Plc/Applications;s=FastUIntScalar1":{"Value":{"Type":7,"Body":87},"SourceTimestamp":"2024-04-27T12:40:49.2294744Z","ServerTimestamp":"2024-04-27T12:40:49.9525074Z"},"nsu=http://opcfoundation.org/UA/Plc/Applications;s=FastUIntScalar2":{"Value":{"Type":7,"Body":87},"SourceTimestamp":"2024-04-27T12:40:49.2294922Z","ServerTimestamp":"2024-04-27T12:40:49.9525109Z"},"nsu=http://opcfoundation.org/UA/Plc/Applications;s=FastUIntScalar3":{"Value":{"Type":7,"Body":87},"SourceTimestamp":"2024-04-27T12:40:49.229494Z","ServerTimestamp":"2024-04-27T12:40:49.9524948Z"},"nsu=http://opcfoundation.org/UA/Plc/Applications;s=FastRandomUIntScalar1":{"Value":{"Type":7,"Body":40576356},"SourceTimestamp":"2024-04-27T12:40:49.2294724Z","ServerTimestamp":"2024-04-27T12:40:49.9525083Z"},"nsu=http://opcfoundation.org/UA/Plc/Applications;s=FastRandomUIntScalar2":{"Value":{"Type":7,"Body":4207743365},"SourceTimestamp":"2024-04-27T12:40:49.2294779Z","ServerTimestamp":"2024-04-27T12:40:49.9525022Z"},"nsu=http://opcfoundation.org/UA/Plc/Applications;s=FastRandomUIntScalar3":{"Value":{"Type":7,"Body":2959978623},"SourceTimestamp":"2024-04-27T12:40:49.2294957Z","ServerTimestamp":"2024-04-27T12:40:49.9525152Z"},"nsu=http://opcfoundation.org/UA/Plc/Applications;s=NegativeTrendData":{"Value":{"Type":11,"Body":98.299999999999997},"SourceTimestamp":"2024-04-27T12:40:49.9359224Z","ServerTimestamp":"2024-04-27T12:40:49.9525187Z"},"nsu=http://opcfoundation.org/UA/Plc/Applications;s=PositiveTrendData":{"Value":{"Type":11,"Body":101.59999999999999},"SourceTimestamp":"2024-04-27T12:40:49.935921Z","ServerTimestamp":"2024-04-27T12:40:49.952514Z"},"nsu=http://opcfoundation.org/UA/Plc/Applications;s=SlowUIntScalar1":{"Value":{"Type":7,"Body":8},"SourceTimestamp":"2024-04-27T12:40:42.2326897Z","ServerTimestamp":"2024-04-27T12:40:49.9525176Z"},"nsu=http://opcfoundation.org/UA/Plc/Applications;s=SlowUIntScalar2":{"Value":{"Type":7,"Body":8},"SourceTimestamp":"2024-04-27T12:40:42.2326973Z","ServerTimestamp":"2024-04-27T12:40:49.9524982Z"},"nsu=http://opcfoundation.org/UA/Plc/Applications;s=SlowUIntScalar3":{"Value":{"Type":7,"Body":8},"SourceTimestamp":"2024-04-27T12:40:42.2327018Z","ServerTimestamp":"2024-04-27T12:40:49.9525001Z"},"nsu=http://opcfoundation.org/UA/Plc/Applications;s=BadSlowUIntScalar1":{"Value":{"Type":7,"Body":8},"StatusCode":1083179008,"SourceTimestamp":"2024-04-27T12:40:42.2327036Z","ServerTimestamp":"2024-04-27T12:40:49.9525036Z"},"nsu=http://opcfoundation.org/UA/Plc/Applications;s=SlowRandomUIntScalar1":{"Value":{"Type":7,"Body":4023179806},"SourceTimestamp":"2024-04-27T12:40:42.2326963Z","ServerTimestamp":"2024-04-27T12:40:49.9524933Z"},"nsu=http://opcfoundation.org/UA/Plc/Applications;s=SlowRandomUIntScalar2":{"Value":{"Type":7,"Body":1282016335},"SourceTimestamp":"2024-04-27T12:40:42.2327011Z","ServerTimestamp":"2024-04-27T12:40:49.9524965Z"},"nsu=http://opcfoundation.org/UA/Plc/Applications;s=SlowRandomUIntScalar3":{"Value":{"Type":7,"Body":3516638499},"SourceTimestamp":"2024-04-27T12:40:42.2327026Z","ServerTimestamp":"2024-04-27T12:40:49.9525203Z"},"nsu=http://opcfoundation.org/UA/Plc/Applications;s=BadSlowRandomUIntScalar1":{"Value":{"Type":7,"Body":431541455},"StatusCode":1083179008,"SourceTimestamp":"2024-04-27T12:40:42.2327077Z","ServerTimestamp":"2024-04-27T12:40:49.9525095Z"},"nsu=http://opcfoundation.org/UA/Plc/Applications;s=SpikeData":{"Value":{"Type":11,"Body":12.53332335643041},"SourceTimestamp":"2024-04-27T12:40:49.9359305Z","ServerTimestamp":"2024-04-27T12:40:49.9525052Z"},"ns=23;i=1259":{"Value":{"Type":11,"Body":0.89800000000000002},"SourceTimestamp":"2024-04-27T12:39:22.9476541Z","ServerTimestamp":"2024-04-27T12:40:49.9524754Z"}}}]}