{"MessageId":"d9542eca-afa5-49d7-b050-407b83f52789","MessageType":"ua-data","PublisherId":"DESKTOP-BGFJS91","DataSetWriterGroup":"<<UnknownWriterGroup>>","Messages":[{"SequenceNumber":88,"MetaDataVersion":{"MajorVersion":1},"Timestamp":"2024-04-27T12:40:50.9617956Z","MessageType":"ua-deltaframe","DataSetWriterName":"<<UnknownDataSet>>","Payload":{"i=2258":{"Value":{"Type":13,"Body":"2024-04-27T12:40:50.9614987Z"},"SourceTimestamp":"2024-04-27T12:39:22.9476115Z","ServerTimestamp":"2024-04-27T12:40:50.9614975Z"},"nsu=http://opcfoundation.org/UA/Plc/Applications;s=StepUp":{"Value":{"Type":7,"Body":887},"SourceTimestamp":"2024-04-27T12:40:50.9292502Z","ServerTimestamp":"2024-04-27T12:40:50.9615453Z"},"nsu=http://opcfoundation.org/UA/Plc/Applications;s=AlternatingBoolean":{"Value":{"Type":1,"Body":false},"SourceTimestamp":"2024-04-27T12:40:50.9292646Z","ServerTimestamp":"2024-04-27T12:40:50.9615421Z"},"nsu=http://opcfoundation.org/UA/Plc/Applications;s=RandomSignedInt32":{"Value":{"Type":6,"Body":1954990795},"SourceTimestamp":"2024-04-27T12:40:50.9292993Z","ServerTimestamp":"2024-04-27T12:40:50.961534Z"},"nsu=http://opcfoundation.org/UA/Plc/Applications;s=RandomUnsignedInt32":{"Value":{"Type":7,"Body":1235518022},"SourceTimestamp":"2024-04-27T12:40:50.9292926Z","ServerTimestamp":"2024-04-27T12:40:50.9615389Z"},"nsu=http://opcfoundation.org/UA/Plc/Applications;s=DipData":{"Value":{"Type":11,"Body":98.228725072868855},"SourceTimestamp":"2024-04-27T12:40:50.9293109Z","ServerTimestamp":"2024-04-27T12:40:50.961543Z"},"nsu=http://opcfoundation.org/UA/Plc/Applications;s=FastUIntScalar1":{"Value":{"Type":7,"Body":88},"SourceTimestamp":"2024-04-27T12:40:50.230504Z","ServerTimestamp":"2024-04-27T12:40:50.9615393Z"},"nsu=http://opcfoundation.org/UA/Plc/Applications;s=FastUIntScalar2":{"Value":{"Type":7,"Body":88},"SourceTimestamp":"2024-04-27T12:40:50.2305103Z","ServerTimestamp":"2024-04-27T12:40:50.9615415Z"},"nsu=http://opcfoundation.org/UA/Plc/Applications;s=FastUIntScalar3":{"Value":{"Type":7,"Body":88},"SourceTimestamp":"2024-04-27T12:40:50.2305117Z","ServerTimestamp":"2024-04-27T12:40:50.9615302Z"},"nsu=http://opcfoundation.org/UA/Plc/Applications;s=FastRandomUIntScalar1":{"Value":{"Type":7,"Body":2318286732},"SourceTimestamp":"2024-04-27T12:40:50.2305244Z","ServerTimestamp":"2024-04-27T12:40:50.9615399Z"},"nsu=http://opcfoundation.org/UA/Plc/Applications;s=FastRandomUIntScalar2":{"Value":{"Type":7,"Body":3128490533},"SourceTimestamp":"2024-04-27T12:40:50.2305301Z","ServerTimestamp":"2024-04-27T12:40:50.961535Z"},"nsu=http://opcfoundation.org/UA/Plc/Applications;s=FastRandomUIntScalar3":{"Value":{"Type":7,"Body":2982105012},"SourceTimestamp":"2024-04-27T12:40:50.2305318Z","ServerTimestamp":"2024-04-27T12:40:50.9615447Z"},"nsu=http://opcfoundation.org/UA/Plc/Applications;s=NegativeTrendData":{"Value":{"Type":11,"Body":98.299999999999997},"SourceTimestamp":"2024-04-27T12:40:50.9293339Z","ServerTimestamp":"2024-04-27T12:40:50.9615472Z"},"nsu=http://opcfoundation.org/UA/Plc/Applications;s=PositiveTrendData":{"Value":{"Type":11,"Body":101.59999999999999},"SourceTimestamp":"2024-04-27T12:40:50.9293189Z","ServerTimestamp":"2024-04-27T12:40:50.9615438Z"},"nsu=http://opcfoundation.org/UA/Plc/Applications;s=SlowUIntScalar1":{"Value":{"Type":7,"Body":8},"SourceTimestamp":"2024-04-27T12:40:42.2326897Z","ServerTimestamp":"2024-04-27T12:40:50.9615463Z"},"nsu=http://opcfoundation.org/UA/Plc/Applications;s=SlowUIntScalar2":{"Value":{"Type":7,"Body":8},"SourceTimestamp":"2024-04-27T12:40:42.2326973Z","ServerTimestamp":"2024-04-27T12:40:50.961532Z"},"nsu=http://opcfoundation.org/UA/Plc/Applications;s=SlowUIntScalar3":{"Value":{"Type":7,"Body":8},"SourceTimestamp":"2024-04-27T12:40:42.2327018Z","ServerTimestamp":"2024-04-27T12:40:50.9615334Z"},"nsu=http://opcfoundation.org/UA/Plc/Applications;s=BadSlowUIntScalar1":{"Value":{"Type":7,"Body":8},"StatusCode":1083179008,"SourceTimestamp":"2024-04-27T12:40:42.2327036Z","ServerTimestamp":"2024-04-27T12:40:50.9615359Z"},"nsu=http://opcfoundation.org/UA/Plc/Applications;s=SlowRandomUIntScalar1":{"Value":{"Type":7,"Body":4023179806},"SourceTimestamp":"2024-04-27T12:40:42.2326963Z","ServerTimestamp":"2024-04-27T12:40:50.9615292Z"},"nsu=http://opcfoundation.org/UA/Plc/Applications;s=SlowRandomUIntScalar2":{"Value":{"Type":7,"Body":1282016335},"SourceTimestamp":"2024-04-27T12:40:42.2327011Z","ServerTimestamp":"2024-04-27T12:40:50.9615313Z"},"nsu=http://opcfoundation.org/UA/Plc/Applications;s=SlowRandomUIntScalar3":{"Value":{"Type":7,"Body":3516638499},"SourceTimestamp":"2024-04-27T12:40:42.2327026Z","ServerTimestamp":"2024-04-27T12:40:50.9615482Z"},"nsu=http://opcfoundation.org/UA/Plc/Applications;s=BadSlowRandomUIntScalar1":{"Value":{"Type":7,"Body":431541455},"StatusCode":1083179008,"SourceTimestamp":"2024-04-27T12:40:42.2327077Z","ServerTimestamp":"2024-04-27T12:40:50.9615407Z"},"nsu=http://opcfoundation.org/UA/Plc/Applications;s=SpikeData":{"Value":{"Type":11,"Body":98.228725072868855},"SourceTimestamp":"2024-04-27T12:40:50.9293617Z","ServerTimestamp":"2024-04-27T12:40:50.9615371Z"},"ns=23;i=1259":{"Value":{"Type":11,"Body":-0.90000000000000002},"SourceTimestamp":"2024-04-27T12:39:22.9476541Z","ServerTimestamp":"2024-04-27T12:40:50.9615124Z"}}}]}