{"MessageId":"256d0cbe-2a99-449d-bc15-d85356ab49ad","MessageType":"ua-data","PublisherId":"DESKTOP-BGFJS91","DataSetWriterGroup":"<<UnknownWriterGroup>>","Messages":[{"SequenceNumber":89,"MetaDataVersion":{"MajorVersion":1},"Timestamp":"2024-04-27T12:40:51.9631204Z","MessageType":"ua-deltaframe","DataSetWriterName":"<<UnknownDataSet>>","Payload":{"i=2258":{"Value":{"Type":13,"Body":"2024-04-27T12:40:51.9628299Z"},"SourceTimestamp":"2024-04-27T12:39:22.9476115Z","ServerTimestamp":"2024-04-27T12:40:51.9628288Z"},"nsu=http://opcfoundation.org/UA/Plc/Applications;s=StepUp":{"Value":{"Type":7,"Body":897},"SourceTimestamp":"2024-04-27T12:40:51.9309051Z","ServerTimestamp":"2024-04-27T12:40:51.9628769Z"},"nsu=http://opcfoundation.org/UA/Plc/Applications;s=AlternatingBoolean":{"Value":{"Type":1,"Body":false},"SourceTimestamp":"2024-04-27T12:40:51.930906Z","ServerTimestamp":"2024-04-27T12:40:51.9628736Z"},"nsu=http://opcfoundation.org/UA/Plc/Applications;s=RandomSignedInt32":{"Value":{"Type":6,"Body":-709470183},"SourceTimestamp":"2024-04-27T12:40:51.9309271Z","ServerTimestamp":"2024-04-27T12:40:51.9628666Z"},"nsu=http://opcfoundation.org/UA/Plc/Applications;s=RandomUnsignedInt32":{"Value":{"Type":7,"Body":180268534},"SourceTimestamp":"2024-04-27T12:40:51.9309373Z","ServerTimestamp":"2024-04-27T12:40:51.9628704Z"},"nsu=http://opcfoundation.org/UA/Plc/Applications;s=DipData":{"Value":{"Type":11,"Body":48.175367410171532},"SourceTimestamp":"2024-04-27T12:40:51.9309429Z","ServerTimestamp":"2024-04-27T12:40:51.9628747Z"},"nsu=http://opcfoundation.org/UA/Plc/Applications;s=FastUIntScalar1":{"Value":{"Type":7,"Body":89},"SourceTimestamp":"2024-04-27T12:40:51.2384154Z","ServerTimestamp":"2024-04-27T12:40:51.9628709Z"},"nsu=http://opcfoundation.org/UA/Plc/Applications;s=FastUIntScalar2":{"Value":{"Type":7,"Body":89},"SourceTimestamp":"2024-04-27T12:40:51.2384257Z","ServerTimestamp":"2024-04-27T12:40:51.9628731Z"},"nsu=http://opcfoundation.org/UA/Plc/Applications;s=FastUIntScalar3":{"Value":{"Type":7,"Body":89},"SourceTimestamp":"2024-04-27T12:40:51.2384286Z","ServerTimestamp":"2024-04-27T12:40:51.9628632Z"},"nsu=http://opcfoundation.org/UA/Plc/Applications;s=FastRandomUIntScalar1":{"Value":{"Type":7,"Body":2566451284},"SourceTimestamp":"2024-04-27T12:40:51.2384467Z","ServerTimestamp":"2024-04-27T12:40:51.9628715Z"},"nsu=http://opcfoundation.org/UA/Plc/Applications;s=FastRandomUIntScalar2":{"Value":{"Type":7,"Body":4256953699},"SourceTimestamp":"2024-04-27T12:40:51.2384566Z","ServerTimestamp":"2024-04-27T12:40:51.9628675Z"},"nsu=http://opcfoundation.org/UA/Plc/Applications;s=FastRandomUIntScalar3":{"Value":{"Type":7,"Body":3327018218},"SourceTimestamp":"2024-04-27T12:40:51.2384591Z","ServerTimestamp":"2024-04-27T12:40:51.9628762Z"},"nsu=http://opcfoundation.org/UA/Plc/Applications;s=NegativeTrendData":{"Value":{"Type":11,"Body":98.299999999999997},"SourceTimestamp":"2024-04-27T12:40:51.9309438Z","ServerTimestamp":"2024-04-27T12:40:51.9628785Z"},"nsu=http://opcfoundation.org/UA/Plc/Applications;s=PositiveTrendData":{"Value":{"Type":11,"Body":101.59999999999999},"SourceTimestamp":"2024-04-27T12:40:51.9309447Z","ServerTimestamp":"2024-04-27T12:40:51.9628754Z"},"nsu=http://opcfoundation.org/UA/Plc/Applications;s=SlowUIntScalar1":{"Value":{"Type":7,"Body":8},"SourceTimestamp":"2024-04-27T12:40:42.2326897Z","ServerTimestamp":"2024-04-27T12:40:51.9628777Z"},"nsu=http://opcfoundation.org/UA/Plc/Applications;s=SlowUIntScalar2":{"Value":{"Type":7,"Body":8},"SourceTimestamp":"2024-04-27T12:40:42.2326973Z","ServerTimestamp":"2024-04-27T12:40:51.9628649Z"},"nsu=http://opcfoundation.org/UA/Plc/Applications;s=SlowUIntScalar3":{"Value":{"Type":7,"Body":8},"SourceTimestamp":"2024-04-27T12:40:42.2327018Z","ServerTimestamp":"2024-04-27T12:40:51.9628659Z"},"nsu=http://opcfoundation.org/UA/Plc/Applications;s=BadSlowUIntScalar1":{"Value":{"Type":7,"Body":8},"StatusCode":1083179008,"SourceTimestamp":"2024-04-27T12:40:42.2327036Z","ServerTimestamp":"2024-04-27T12:40:51.9628684Z"},"nsu=http://opcfoundation.org/UA/Plc/Applications;s=SlowRandomUIntScalar1":{"Value":{"Type":7,"Body":4023179806},"SourceTimestamp":"2024-04-27T12:40:42.2326963Z","ServerTimestamp":"2024-04-27T12:40:51.9628621Z"},"nsu=http://opcfoundation.org/UA/Plc/Applications;s=SlowRandomUIntScalar2":{"Value":{"Type":7,"Body":1282016335},"SourceTimestamp":"2024-04-27T12:40:42.2327011Z","ServerTimestamp":"2024-04-27T12:40:51.9628642Z"},"nsu=http://opcfoundation.org/UA/Plc/Applications;s=SlowRandomUIntScalar3":{"Value":{"Type":7,"Body":3516638499},"SourceTimestamp":"2024-04-27T12:40:42.2327026Z","ServerTimestamp":"2024-04-27T12:40:51.9628795Z"},"nsu=http://opcfoundation.org/UA/Plc/Applications;s=BadSlowRandomUIntScalar1":{"Value":{"Type":7,"Body":431541455},"StatusCode":1083179008,"SourceTimestamp":"2024-04-27T12:40:42.2327077Z","ServerTimestamp":"2024-04-27T12:40:51.9628723Z"},"nsu=http://opcfoundation.org/UA/Plc/Applications;s=SpikeData":{"Value":{"Type":11,"Body":48.175367410171532},"SourceTimestamp":"2024-04-27T12:40:51.9309462Z","ServerTimestamp":"2024-04-27T12:40:51.9628695Z"},"ns=23;i=1259":{"Value":{"Type":11,"Body":2},"SourceTimestamp":"2024-04-27T12:39:22.9476541Z","ServerTimestamp":"2024-04-27T12:40:51.9628437Z"}}}]}