{"MessageId":"17538a08-be2d-4afa-93db-2d2782937c14","MessageType":"ua-data","PublisherId":"DESKTOP-BGFJS91","DataSetWriterGroup":"<<UnknownWriterGroup>>","Messages":[{"SequenceNumber":94,"MetaDataVersion":{"MajorVersion":1},"Timestamp":"2024-04-27T12:40:56.9630363Z","MessageType":"ua-deltaframe","DataSetWriterName":"<<UnknownDataSet>>","Payload":{"i=2258":{"Value":{"Type":13,"Body":"2024-04-27T12:40:56.9627307Z"},"SourceTimestamp":"2024-04-27T12:39:22.9476115Z","ServerTimestamp":"2024-04-27T12:40:56.9627295Z"},"nsu=http://opcfoundation.org/UA/Plc/Applications;s=StepUp":{"Value":{"Type":7,"Body":947},"SourceTimestamp":"2024-04-27T12:40:56.9299509Z","ServerTimestamp":"2024-04-27T12:40:56.9627812Z"},"nsu=http://opcfoundation.org/UA/Plc/Applications;s=AlternatingBoolean":{"Value":{"Type":1,"Body":true},"SourceTimestamp":"2024-04-27T12:40:56.9299509Z","ServerTimestamp":"2024-04-27T12:40:56.9627777Z"},"nsu=http://opcfoundation.org/UA/Plc/Applications;s=RandomSignedInt32":{"Value":{"Type":6,"Body":-703918478},"SourceTimestamp":"2024-04-27T12:40:56.9299576Z","ServerTimestamp":"2024-04-27T12:40:56.9627706Z"},"nsu=http://opcfoundation.org/UA/Plc/Applications;s=RandomUnsignedInt32":{"Value":{"Type":7,"Body":1011748977},"SourceTimestamp":"2024-04-27T12:40:56.9299661Z","ServerTimestamp":"2024-04-27T12:40:56.9627745Z"},"nsu=http://opcfoundation.org/UA/Plc/Applications;s=DipData":{"Value":{"Type":11,"Body":48.175367410171532},"SourceTimestamp":"2024-04-27T12:40:56.9299741Z","ServerTimestamp":"2024-04-27T12:40:56.9627788Z"},"nsu=http://opcfoundation.org/UA/Plc/Applications;s=FastUIntScalar1":{"Value":{"Type":7,"Body":94},"SourceTimestamp":"2024-04-27T12:40:56.2317802Z","ServerTimestamp":"2024-04-27T12:40:56.9627749Z"},"nsu=http://opcfoundation.org/UA/Plc/Applications;s=FastUIntScalar2":{"Value":{"Type":7,"Body":94},"SourceTimestamp":"2024-04-27T12:40:56.2317904Z","ServerTimestamp":"2024-04-27T12:40:56.9627771Z"},"nsu=http://opcfoundation.org/UA/Plc/Applications;s=FastUIntScalar3":{"Value":{"Type":7,"Body":94},"SourceTimestamp":"2024-04-27T12:40:56.2317932Z","ServerTimestamp":"2024-04-27T12:40:56.9627673Z"},"nsu=http://opcfoundation.org/UA/Plc/Applications;s=FastRandomUIntScalar1":{"Value":{"Type":7,"Body":1652433430},"SourceTimestamp":"2024-04-27T12:40:56.2317745Z","ServerTimestamp":"2024-04-27T12:40:56.9627755Z"},"nsu=http://opcfoundation.org/UA/Plc/Applications;s=FastRandomUIntScalar2":{"Value":{"Type":7,"Body":1245393404},"SourceTimestamp":"2024-04-27T12:40:56.2317841Z","ServerTimestamp":"2024-04-27T12:40:56.9627715Z"},"nsu=http://opcfoundation.org/UA/Plc/Applications;s=FastRandomUIntScalar3":{"Value":{"Type":7,"Body":1540607302},"SourceTimestamp":"2024-04-27T12:40:56.2317916Z","ServerTimestamp":"2024-04-27T12:40:56.9627806Z"},"nsu=http://opcfoundation.org/UA/Plc/Applications;s=NegativeTrendData":{"Value":{"Type":11,"Body":98.200000000000003},"SourceTimestamp":"2024-04-27T12:40:56.92998Z","ServerTimestamp":"2024-04-27T12:40:56.9627828Z"},"nsu=http://opcfoundation.org/UA/Plc/Applications;s=PositiveTrendData":{"Value":{"Type":11,"Body":101.7},"SourceTimestamp":"2024-04-27T12:40:56.9299741Z","ServerTimestamp":"2024-04-27T12:40:56.9627797Z"},"nsu=http://opcfoundation.org/UA/Plc/Applications;s=SlowUIntScalar1":{"Value":{"Type":7,"Body":9},"SourceTimestamp":"2024-04-27T12:40:52.2270077Z","ServerTimestamp":"2024-04-27T12:40:56.9627821Z"},"nsu=http://opcfoundation.org/UA/Plc/Applications;s=SlowUIntScalar2":{"Value":{"Type":7,"Body":9},"SourceTimestamp":"2024-04-27T12:40:52.2270168Z","ServerTimestamp":"2024-04-27T12:40:56.9627691Z"},"nsu=http://opcfoundation.org/UA/Plc/Applications;s=SlowUIntScalar3":{"Value":{"Type":7,"Body":9},"SourceTimestamp":"2024-04-27T12:40:52.2270186Z","ServerTimestamp":"2024-04-27T12:40:56.9627699Z"},"nsu=http://opcfoundation.org/UA/Plc/Applications;s=BadSlowUIntScalar1":{"Value":{"Body":null},"StatusCode":2157772800,"SourceTimestamp":"2024-04-27T12:40:52.2270204Z","ServerTimestamp":"2024-04-27T12:40:56.9627724Z"},"nsu=http://opcfoundation.org/UA/Plc/Applications;s=SlowRandomUIntScalar1":{"Value":{"Type":7,"Body":4018196966},"SourceTimestamp":"2024-04-27T12:40:52.227031Z","ServerTimestamp":"2024-04-27T12:40:56.9627664Z"},"nsu=http://opcfoundation.org/UA/Plc/Applications;s=SlowRandomUIntScalar2":{"Value":{"Type":7,"Body":1285336294},"SourceTimestamp":"2024-04-27T12:40:52.2270363Z","ServerTimestamp":"2024-04-27T12:40:56.9627682Z"},"nsu=http://opcfoundation.org/UA/Plc/Applications;s=SlowRandomUIntScalar3":{"Value":{"Type":7,"Body":2281602088},"SourceTimestamp":"2024-04-27T12:40:52.2270378Z","ServerTimestamp":"2024-04-27T12:40:56.962784Z"},"nsu=http://opcfoundation.org/UA/Plc/Applications;s=BadSlowRandomUIntScalar1":{"Value":{"Body":null},"StatusCode":2157772800,"SourceTimestamp":"2024-04-27T12:40:52.2270397Z","ServerTimestamp":"2024-04-27T12:40:56.9627763Z"},"nsu=http://opcfoundation.org/UA/Plc/Applications;s=SpikeData":{"Value":{"Type":11,"Body":48.175367410171532},"SourceTimestamp":"2024-04-27T12:40:56.9299783Z","ServerTimestamp":"2024-04-27T12:40:56.9627735Z"},"ns=23;i=1259":{"Value":{"Type":11,"Body":-0.045999999999999999},"SourceTimestamp":"2024-04-27T12:39:22.9476541Z","ServerTimestamp":"2024-04-27T12:40:56.962749Z"}}}]}