{"MessageId":"88d0f6e3-c756-43ae-b6fa-a49be117419c","MessageType":"ua-data","PublisherId":"DESKTOP-BGFJS91","DataSetWriterGroup":"<<UnknownWriterGroup>>","Messages":[{"SequenceNumber":95,"MetaDataVersion":{"MajorVersion":1},"Timestamp":"2024-04-27T12:40:57.9622611Z","MessageType":"ua-deltaframe","DataSetWriterName":"<<UnknownDataSet>>","Payload":{"i=2258":{"Value":{"Type":13,"Body":"2024-04-27T12:40:57.9619612Z"},"SourceTimestamp":"2024-04-27T12:39:22.9476115Z","ServerTimestamp":"2024-04-27T12:40:57.9619599Z"},"nsu=http://opcfoundation.org/UA/Plc/Applications;s=StepUp":{"Value":{"Type":7,"Body":957},"SourceTimestamp":"2024-04-27T12:40:57.9303833Z","ServerTimestamp":"2024-04-27T12:40:57.9620196Z"},"nsu=http://opcfoundation.org/UA/Plc/Applications;s=AlternatingBoolean":{"Value":{"Type":1,"Body":false},"SourceTimestamp":"2024-04-27T12:40:57.9304014Z","ServerTimestamp":"2024-04-27T12:40:57.9620164Z"},"nsu=http://opcfoundation.org/UA/Plc/Applications;s=RandomSignedInt32":{"Value":{"Type":6,"Body":-531677372},"SourceTimestamp":"2024-04-27T12:40:57.9304332Z","ServerTimestamp":"2024-04-27T12:40:57.9619963Z"},"nsu=http://opcfoundation.org/UA/Plc/Applications;s=RandomUnsignedInt32":{"Value":{"Type":7,"Body":1283339166},"SourceTimestamp":"2024-04-27T12:40:57.9304121Z","ServerTimestamp":"2024-04-27T12:40:57.9620132Z"},"nsu=http://opcfoundation.org/UA/Plc/Applications;s=DipData":{"Value":{"Type":11,"Body":-68.454710592868821},"SourceTimestamp":"2024-04-27T12:40:57.9304226Z","ServerTimestamp":"2024-04-27T12:40:57.9620174Z"},"nsu=http://opcfoundation.org/UA/Plc/Applications;s=FastUIntScalar1":{"Value":{"Type":7,"Body":95},"SourceTimestamp":"2024-04-27T12:40:57.2292175Z","ServerTimestamp":"2024-04-27T12:40:57.9620137Z"},"nsu=http://opcfoundation.org/UA/Plc/Applications;s=FastUIntScalar2":{"Value":{"Type":7,"Body":95},"SourceTimestamp":"2024-04-27T12:40:57.2292263Z","ServerTimestamp":"2024-04-27T12:40:57.9620159Z"},"nsu=http://opcfoundation.org/UA/Plc/Applications;s=FastUIntScalar3":{"Value":{"Type":7,"Body":95},"SourceTimestamp":"2024-04-27T12:40:57.2292292Z","ServerTimestamp":"2024-04-27T12:40:57.9619931Z"},"nsu=http://opcfoundation.org/UA/Plc/Applications;s=FastRandomUIntScalar1":{"Value":{"Type":7,"Body":2616727171},"SourceTimestamp":"2024-04-27T12:40:57.2292541Z","ServerTimestamp":"2024-04-27T12:40:57.9620143Z"},"nsu=http://opcfoundation.org/UA/Plc/Applications;s=FastRandomUIntScalar2":{"Value":{"Type":7,"Body":744621758},"SourceTimestamp":"2024-04-27T12:40:57.2292616Z","ServerTimestamp":"2024-04-27T12:40:57.9619971Z"},"nsu=http://opcfoundation.org/UA/Plc/Applications;s=FastRandomUIntScalar3":{"Value":{"Type":7,"Body":2518986530},"SourceTimestamp":"2024-04-27T12:40:57.2292635Z","ServerTimestamp":"2024-04-27T12:40:57.962019Z"},"nsu=http://opcfoundation.org/UA/Plc/Applications;s=NegativeTrendData":{"Value":{"Type":11,"Body":98.099999999999994},"SourceTimestamp":"2024-04-27T12:40:57.9304225Z","ServerTimestamp":"2024-04-27T12:40:57.9620214Z"},"nsu=http://opcfoundation.org/UA/Plc/Applications;s=PositiveTrendData":{"Value":{"Type":11,"Body":101.8},"SourceTimestamp":"2024-04-27T12:40:57.9304269Z","ServerTimestamp":"2024-04-27T12:40:57.9620182Z"},"nsu=http://opcfoundation.org/UA/Plc/Applications;s=SlowUIntScalar1":{"Value":{"Type":7,"Body":9},"SourceTimestamp":"2024-04-27T12:40:52.2270077Z","ServerTimestamp":"2024-04-27T12:40:57.9620206Z"},"nsu=http://opcfoundation.org/UA/Plc/Applications;s=SlowUIntScalar2":{"Value":{"Type":7,"Body":9},"SourceTimestamp":"2024-04-27T12:40:52.2270168Z","ServerTimestamp":"2024-04-27T12:40:57.9619947Z"},"nsu=http://opcfoundation.org/UA/Plc/Applications;s=SlowUIntScalar3":{"Value":{"Type":7,"Body":9},"SourceTimestamp":"2024-04-27T12:40:52.2270186Z","ServerTimestamp":"2024-04-27T12:40:57.9619956Z"},"nsu=http://opcfoundation.org/UA/Plc/Applications;s=BadSlowUIntScalar1":{"Value":{"Body":null},"StatusCode":2157772800,"SourceTimestamp":"2024-04-27T12:40:52.2270204Z","ServerTimestamp":"2024-04-27T12:40:57.962011Z"},"nsu=http://opcfoundation.org/UA/Plc/Applications;s=SlowRandomUIntScalar1":{"Value":{"Type":7,"Body":4018196966},"SourceTimestamp":"2024-04-27T12:40:52.227031Z","ServerTimestamp":"2024-04-27T12:40:57.9619922Z"},"nsu=http://opcfoundation.org/UA/Plc/Applications;s=SlowRandomUIntScalar2":{"Value":{"Type":7,"Body":1285336294},"SourceTimestamp":"2024-04-27T12:40:52.2270363Z","ServerTimestamp":"2024-04-27T12:40:57.961994Z"},"nsu=http://opcfoundation.org/UA/Plc/Applications;s=SlowRandomUIntScalar3":{"Value":{"Type":7,"Body":2281602088},"SourceTimestamp":"2024-04-27T12:40:52.2270378Z","ServerTimestamp":"2024-04-27T12:40:57.9620224Z"},"nsu=http://opcfoundation.org/UA/Plc/Applications;s=BadSlowRandomUIntScalar1":{"Value":{"Body":null},"StatusCode":2157772800,"SourceTimestamp":"2024-04-27T12:40:52.2270397Z","ServerTimestamp":"2024-04-27T12:40:57.9620151Z"},"nsu=http://opcfoundation.org/UA/Plc/Applications;s=SpikeData":{"Value":{"Type":11,"Body":-68.454710592868821},"SourceTimestamp":"2024-04-27T12:40:57.9304302Z","ServerTimestamp":"2024-04-27T12:40:57.9620123Z"},"ns=23;i=1259":{"Value":{"Type":11,"Body":0.10100000000000001},"SourceTimestamp":"2024-04-27T12:39:22.9476541Z","ServerTimestamp":"2024-04-27T12:40:57.9619753Z"}}}]}