{"MessageId":"22acd760-e24f-455b-b966-1ff73ea67f0f","MessageType":"ua-data","PublisherId":"DESKTOP-BGFJS91","DataSetWriterGroup":"<<UnknownWriterGroup>>","Messages":[{"SequenceNumber":97,"MetaDataVersion":{"MajorVersion":1},"Timestamp":"2024-04-27T12:40:59.9521064Z","MessageType":"ua-deltaframe","DataSetWriterName":"<<UnknownDataSet>>","Payload":{"i=2258":{"Value":{"Type":13,"Body":"2024-04-27T12:40:59.951809Z"},"SourceTimestamp":"2024-04-27T12:39:22.9476115Z","ServerTimestamp":"2024-04-27T12:40:59.9518076Z"},"nsu=http://opcfoundation.org/UA/Plc/Applications;s=StepUp":{"Value":{"Type":7,"Body":977},"SourceTimestamp":"2024-04-27T12:40:59.9351766Z","ServerTimestamp":"2024-04-27T12:40:59.9518559Z"},"nsu=http://opcfoundation.org/UA/Plc/Applications;s=AlternatingBoolean":{"Value":{"Type":1,"Body":false},"SourceTimestamp":"2024-04-27T12:40:59.9351791Z","ServerTimestamp":"2024-04-27T12:40:59.9518525Z"},"nsu=http://opcfoundation.org/UA/Plc/Applications;s=RandomSignedInt32":{"Value":{"Type":6,"Body":57508116},"SourceTimestamp":"2024-04-27T12:40:59.9351918Z","ServerTimestamp":"2024-04-27T12:40:59.9518458Z"},"nsu=http://opcfoundation.org/UA/Plc/Applications;s=RandomUnsignedInt32":{"Value":{"Type":7,"Body":337040531},"SourceTimestamp":"2024-04-27T12:40:59.9351908Z","ServerTimestamp":"2024-04-27T12:40:59.9518495Z"},"nsu=http://opcfoundation.org/UA/Plc/Applications;s=DipData":{"Value":{"Type":11,"Body":12.53332335643041},"SourceTimestamp":"2024-04-27T12:40:59.9352006Z","ServerTimestamp":"2024-04-27T12:40:59.9518539Z"},"nsu=http://opcfoundation.org/UA/Plc/Applications;s=FastUIntScalar1":{"Value":{"Type":7,"Body":97},"SourceTimestamp":"2024-04-27T12:40:59.2256625Z","ServerTimestamp":"2024-04-27T12:40:59.95185Z"},"nsu=http://opcfoundation.org/UA/Plc/Applications;s=FastUIntScalar2":{"Value":{"Type":7,"Body":97},"SourceTimestamp":"2024-04-27T12:40:59.2256702Z","ServerTimestamp":"2024-04-27T12:40:59.951852Z"},"nsu=http://opcfoundation.org/UA/Plc/Applications;s=FastUIntScalar3":{"Value":{"Type":7,"Body":97},"SourceTimestamp":"2024-04-27T12:40:59.225672Z","ServerTimestamp":"2024-04-27T12:40:59.9518428Z"},"nsu=http://opcfoundation.org/UA/Plc/Applications;s=FastRandomUIntScalar1":{"Value":{"Type":7,"Body":4125483641},"SourceTimestamp":"2024-04-27T12:40:59.2256781Z","ServerTimestamp":"2024-04-27T12:40:59.9518506Z"},"nsu=http://opcfoundation.org/UA/Plc/Applications;s=FastRandomUIntScalar2":{"Value":{"Type":7,"Body":2793160706},"SourceTimestamp":"2024-04-27T12:40:59.2256799Z","ServerTimestamp":"2024-04-27T12:40:59.9518466Z"},"nsu=http://opcfoundation.org/UA/Plc/Applications;s=FastRandomUIntScalar3":{"Value":{"Type":7,"Body":2476720106},"SourceTimestamp":"2024-04-27T12:40:59.225681Z","ServerTimestamp":"2024-04-27T12:40:59.9518553Z"},"nsu=http://opcfoundation.org/UA/Plc/Applications;s=NegativeTrendData":{"Value":{"Type":11,"Body":98.099999999999994},"SourceTimestamp":"2024-04-27T12:40:59.9352045Z","ServerTimestamp":"2024-04-27T12:40:59.9518576Z"},"nsu=http://opcfoundation.org/UA/Plc/Applications;s=PositiveTrendData":{"Value":{"Type":11,"Body":101.8},"SourceTimestamp":"2024-04-27T12:40:59.9352007Z","ServerTimestamp":"2024-04-27T12:40:59.9518546Z"},"nsu=http://opcfoundation.org/UA/Plc/Applications;s=SlowUIntScalar1":{"Value":{"Type":7,"Body":9},"SourceTimestamp":"2024-04-27T12:40:52.2270077Z","ServerTimestamp":"2024-04-27T12:40:59.9518569Z"},"nsu=http://opcfoundation.org/UA/Plc/Applications;s=SlowUIntScalar2":{"Value":{"Type":7,"Body":9},"SourceTimestamp":"2024-04-27T12:40:52.2270168Z","ServerTimestamp":"2024-04-27T12:40:59.9518443Z"},"nsu=http://opcfoundation.org/UA/Plc/Applications;s=SlowUIntScalar3":{"Value":{"Type":7,"Body":9},"SourceTimestamp":"2024-04-27T12:40:52.2270186Z","ServerTimestamp":"2024-04-27T12:40:59.9518452Z"},"nsu=http://opcfoundation.org/UA/Plc/Applications;s=BadSlowUIntScalar1":{"Value":{"Body":null},"StatusCode":2157772800,"SourceTimestamp":"2024-04-27T12:40:52.2270204Z","ServerTimestamp":"2024-04-27T12:40:59.9518473Z"},"nsu=http://opcfoundation.org/UA/Plc/Applications;s=SlowRandomUIntScalar1":{"Value":{"Type":7,"Body":4018196966},"SourceTimestamp":"2024-04-27T12:40:52.227031Z","ServerTimestamp":"2024-04-27T12:40:59.951842Z"},"nsu=http://opcfoundation.org/UA/Plc/Applications;s=SlowRandomUIntScalar2":{"Value":{"Type":7,"Body":1285336294},"SourceTimestamp":"2024-04-27T12:40:52.2270363Z","ServerTimestamp":"2024-04-27T12:40:59.9518437Z"},"nsu=http://opcfoundation.org/UA/Plc/Applications;s=SlowRandomUIntScalar3":{"Value":{"Type":7,"Body":2281602088},"SourceTimestamp":"2024-04-27T12:40:52.2270378Z","ServerTimestamp":"2024-04-27T12:40:59.9518586Z"},"nsu=http://opcfoundation.org/UA/Plc/Applications;s=BadSlowRandomUIntScalar1":{"Value":{"Body":null},"StatusCode":2157772800,"SourceTimestamp":"2024-04-27T12:40:52.2270397Z","ServerTimestamp":"2024-04-27T12:40:59.9518513Z"},"nsu=http://opcfoundation.org/UA/Plc/Applications;s=SpikeData":{"Value":{"Type":11,"Body":12.53332335643041},"SourceTimestamp":"2024-04-27T12:40:59.9352016Z","ServerTimestamp":"2024-04-27T12:40:59.9518487Z"},"ns=23;i=1259":{"Value":{"Type":11,"Body":-0.39900000000000002},"SourceTimestamp":"2024-04-27T12:39:22.9476541Z","ServerTimestamp":"2024-04-27T12:40:59.9518263Z"}}}]}