{"$schema":"http://json-schema.org/draft-07/schema#","$ref":"#/definitions/org.github.microsoft.opcpublisher.JsonNetworkMessage","definitions":{"org.opcfoundation.UA.DateTime":{"$id":"http://opcfoundation.org/UA/#DateTime","title":"OPC UA built in type DateTime","type":"string","format":"date-time"},"org.opcfoundation.UA.UInt32":{"$id":"http://opcfoundation.org/UA/#UInt32","title":"OPC UA built in type UInt32","type":"integer","minimum":0,"maximum":4294967295,"default":0,"format":"uint32"},"org.opcfoundation.UA.String":{"$id":"http://opcfoundation.org/UA/#String","title":"OPC UA built in type String","type":"string"},"org.opcfoundation.UA.StatusCode":{"$id":"http://opcfoundation.org/UA/#StatusCode","title":"OPC UA built in type StatusCode","type":"object","properties":{"Code":{"$ref":"#/definitions/org.opcfoundation.UA.UInt32"},"Symbol":{"$ref":"#/definitions/org.opcfoundation.UA.String"}},"additionalProperties":false},"org.opcfoundation.UA.UInt16":{"$id":"http://opcfoundation.org/UA/#UInt16","title":"OPC UA built in type UInt16","type":"integer","minimum":0,"maximum":65535,"default":0,"format":"uint16"},"org.github.microsoft.opcpublisher.DateTimeDataValue":{"$id":"http://github.org/microsoft/opcpublisher#DateTimeDataValue","title":"Dataset Field of Type DateTime","type":"object","properties":{"Value":{"$ref":"#/definitions/org.opcfoundation.UA.DateTime"},"Status":{"$ref":"#/definitions/org.opcfoundation.UA.StatusCode"},"SourceTimestamp":{"$ref":"#/definitions/org.opcfoundation.UA.DateTime"},"SourcePicoSeconds":{"$ref":"#/definitions/org.opcfoundation.UA.UInt16"},"ServerTimestamp":{"$ref":"#/definitions/org.opcfoundation.UA.DateTime"},"ServerPicoSeconds":{"$ref":"#/definitions/org.opcfoundation.UA.UInt16"}},"additionalProperties":false},"org.github.microsoft.opcpublisher.UInt32DataValue":{"$id":"http://github.org/microsoft/opcpublisher#UInt32DataValue","title":"Dataset Field of Type UInt32","type":"object","properties":{"Value":{"$ref":"#/definitions/org.opcfoundation.UA.UInt32"},"Status":{"$ref":"#/definitions/org.opcfoundation.UA.StatusCode"},"SourceTimestamp":{"$ref":"#/definitions/org.opcfoundation.UA.DateTime"},"SourcePicoSeconds":{"$ref":"#/definitions/org.opcfoundation.UA.UInt16"},"ServerTimestamp":{"$ref":"#/definitions/org.opcfoundation.UA.DateTime"},"ServerPicoSeconds":{"$ref":"#/definitions/org.opcfoundation.UA.UInt16"}},"additionalProperties":false},"org.opcfoundation.UA.Boolean":{"$id":"http://opcfoundation.org/UA/#Boolean","title":"OPC UA built in type Boolean","type":"boolean"},"org.github.microsoft.opcpublisher.BooleanDataValue":{"$id":"http://github.org/microsoft/opcpublisher#BooleanDataValue","title":"Dataset Field of Type Boolean","type":"object","properties":{"Value":{"$ref":"#/definitions/org.opcfoundation.UA.Boolean"},"Status":{"$ref":"#/definitions/org.opcfoundation.UA.StatusCode"},"SourceTimestamp":{"$ref":"#/definitions/org.opcfoundation.UA.DateTime"},"SourcePicoSeconds":{"$ref":"#/definitions/org.opcfoundation.UA.UInt16"},"ServerTimestamp":{"$ref":"#/definitions/org.opcfoundation.UA.DateTime"},"ServerPicoSeconds":{"$ref":"#/definitions/org.opcfoundation.UA.UInt16"}},"additionalProperties":false},"org.opcfoundation.UA.Int32":{"$id":"http://opcfoundation.org/UA/#Int32","title":"OPC UA built in type Int32","type":"integer","minimum":-2147483648,"maximum":2147483647,"default":0,"format":"int32"},"org.github.microsoft.opcpublisher.Int32DataValue":{"$id":"http://github.org/microsoft/opcpublisher#Int32DataValue","title":"Dataset Field of Type Int32","type":"object","properties":{"Value":{"$ref":"#/definitions/org.opcfoundation.UA.Int32"},"Status":{"$ref":"#/definitions/org.opcfoundation.UA.StatusCode"},"SourceTimestamp":{"$ref":"#/definitions/org.opcfoundation.UA.DateTime"},"SourcePicoSeconds":{"$ref":"#/definitions/org.opcfoundation.UA.UInt16"},"ServerTimestamp":{"$ref":"#/definitions/org.opcfoundation.UA.DateTime"},"ServerPicoSeconds":{"$ref":"#/definitions/org.opcfoundation.UA.UInt16"}},"additionalProperties":false},"org.opcfoundation.UA.Double":{"$id":"http://opcfoundation.org/UA/#Double","title":"OPC UA built in type Double","type":"number","minimum":-1.7976931348623157E+308,"maximum":1.7976931348623157E+308,"default":0,"format":"double"},"org.github.microsoft.opcpublisher.DoubleDataValue":{"$id":"http://github.org/microsoft/opcpublisher#DoubleDataValue","title":"Dataset Field of Type Double","type":"object","properties":{"Value":{"$ref":"#/definitions/org.opcfoundation.UA.Double"},"Status":{"$ref":"#/definitions/org.opcfoundation.UA.StatusCode"},"SourceTimestamp":{"$ref":"#/definitions/org.opcfoundation.UA.DateTime"},"SourcePicoSeconds":{"$ref":"#/definitions/org.opcfoundation.UA.UInt16"},"ServerTimestamp":{"$ref":"#/definitions/org.opcfoundation.UA.DateTime"},"ServerPicoSeconds":{"$ref":"#/definitions/org.opcfoundation.UA.UInt16"}},"additionalProperties":false},"org.opcfoundation.UA.Number":{"$id":"http://opcfoundation.org/UA/#Number","title":"OPC UA built in type Number","type":"number"},"org.github.microsoft.opcpublisher.NumberDataValue":{"$id":"http://github.org/microsoft/opcpublisher#NumberDataValue","title":"Dataset Field of Type Number","type":"object","properties":{"Value":{"$ref":"#/definitions/org.opcfoundation.UA.Number"},"Status":{"$ref":"#/definitions/org.opcfoundation.UA.StatusCode"},"SourceTimestamp":{"$ref":"#/definitions/org.opcfoundation.UA.DateTime"},"SourcePicoSeconds":{"$ref":"#/definitions/org.opcfoundation.UA.UInt16"},"ServerTimestamp":{"$ref":"#/definitions/org.opcfoundation.UA.DateTime"},"ServerPicoSeconds":{"$ref":"#/definitions/org.opcfoundation.UA.UInt16"}},"additionalProperties":false},"org.github.microsoft.opcpublisher.DataSet":{"$id":"http://github.org/microsoft/opcpublisher#DataSet","title":"DataSet","type":"object","properties":{"i=2258":{"$ref":"#/definitions/org.github.microsoft.opcpublisher.DateTimeDataValue"},"nsu=http://opcfoundation.org/UA/Plc/Applications;s=StepUp":{"$ref":"#/definitions/org.github.microsoft.opcpublisher.UInt32DataValue"},"nsu=http://opcfoundation.org/UA/Plc/Applications;s=AlternatingBoolean":{"$ref":"#/definitions/org.github.microsoft.opcpublisher.BooleanDataValue"},"nsu=http://opcfoundation.org/UA/Plc/Applications;s=RandomSignedInt32":{"$ref":"#/definitions/org.github.microsoft.opcpublisher.Int32DataValue"},"nsu=http://opcfoundation.org/UA/Plc/Applications;s=RandomUnsignedInt32":{"$ref":"#/definitions/org.github.microsoft.opcpublisher.UInt32DataValue"},"nsu=http://opcfoundation.org/UA/Plc/Applications;s=DipData":{"$ref":"#/definitions/org.github.microsoft.opcpublisher.DoubleDataValue"},"nsu=http://opcfoundation.org/UA/Plc/Applications;s=FastUIntScalar1":{"$ref":"#/definitions/org.github.microsoft.opcpublisher.UInt32DataValue"},"nsu=http://opcfoundation.org/UA/Plc/Applications;s=FastUIntScalar2":{"$ref":"#/definitions/org.github.microsoft.opcpublisher.UInt32DataValue"},"nsu=http://opcfoundation.org/UA/Plc/Applications;s=FastUIntScalar3":{"$ref":"#/definitions/org.github.microsoft.opcpublisher.UInt32DataValue"},"nsu=http://opcfoundation.org/UA/Plc/Applications;s=FastRandomUIntScalar1":{"$ref":"#/definitions/org.github.microsoft.opcpublisher.UInt32DataValue"},"nsu=http://opcfoundation.org/UA/Plc/Applications;s=FastRandomUIntScalar2":{"$ref":"#/definitions/org.github.microsoft.opcpublisher.UInt32DataValue"},"nsu=http://opcfoundation.org/UA/Plc/Applications;s=FastRandomUIntScalar3":{"$ref":"#/definitions/org.github.microsoft.opcpublisher.UInt32DataValue"},"nsu=http://opcfoundation.org/UA/Plc/Applications;s=NegativeTrendData":{"$ref":"#/definitions/org.github.microsoft.opcpublisher.DoubleDataValue"},"nsu=http://opcfoundation.org/UA/Plc/Applications;s=PositiveTrendData":{"$ref":"#/definitions/org.github.microsoft.opcpublisher.DoubleDataValue"},"nsu=http://opcfoundation.org/UA/Plc/Applications;s=SlowUIntScalar1":{"$ref":"#/definitions/org.github.microsoft.opcpublisher.UInt32DataValue"},"nsu=http://opcfoundation.org/UA/Plc/Applications;s=SlowUIntScalar2":{"$ref":"#/definitions/org.github.microsoft.opcpublisher.UInt32DataValue"},"nsu=http://opcfoundation.org/UA/Plc/Applications;s=SlowUIntScalar3":{"$ref":"#/definitions/org.github.microsoft.opcpublisher.UInt32DataValue"},"nsu=http://opcfoundation.org/UA/Plc/Applications;s=BadSlowUIntScalar1":{"$ref":"#/definitions/org.github.microsoft.opcpublisher.UInt32DataValue"},"nsu=http://opcfoundation.org/UA/Plc/Applications;s=SlowRandomUIntScalar1":{"$ref":"#/definitions/org.github.microsoft.opcpublisher.UInt32DataValue"},"nsu=http://opcfoundation.org/UA/Plc/Applications;s=SlowRandomUIntScalar2":{"$ref":"#/definitions/org.github.microsoft.opcpublisher.UInt32DataValue"},"nsu=http://opcfoundation.org/UA/Plc/Applications;s=SlowRandomUIntScalar3":{"$ref":"#/definitions/org.github.microsoft.opcpublisher.UInt32DataValue"},"nsu=http://opcfoundation.org/UA/Plc/Applications;s=BadSlowRandomUIntScalar1":{"$ref":"#/definitions/org.github.microsoft.opcpublisher.UInt32DataValue"},"nsu=http://opcfoundation.org/UA/Plc/Applications;s=SpikeData":{"$ref":"#/definitions/org.github.microsoft.opcpublisher.DoubleDataValue"},"ns=23;i=1259":{"$ref":"#/definitions/org.github.microsoft.opcpublisher.NumberDataValue"}}},"org.opcfoundation.UA.i_x61_14593":{"$id":"http://opcfoundation.org/UA/#i%3d14593","type":"object","properties":{"MajorVersion":{"$ref":"#/definitions/org.opcfoundation.UA.UInt32"},"MinorVersion":{"$ref":"#/definitions/org.opcfoundation.UA.UInt32"}}},"org.github.microsoft.opcpublisher.JsonDataSetMessage":{"$id":"http://github.org/microsoft/opcpublisher#JsonDataSetMessage","type":"object","properties":{"DataSetWriterId":{"$ref":"#/definitions/org.opcfoundation.UA.String"},"SequenceNumber":{"$ref":"#/definitions/org.opcfoundation.UA.UInt32"},"MetaDataVersion":{"$ref":"#/definitions/org.opcfoundation.UA.i_x61_14593"},"Timestamp":{"$ref":"#/definitions/org.opcfoundation.UA.DateTime"},"MessageType":{"$ref":"#/definitions/org.opcfoundation.UA.String"},"Payload":{"$ref":"#/definitions/org.github.microsoft.opcpublisher.DataSet"}},"required":["DataSetWriterId","SequenceNumber","MetaDataVersion","Timestamp","MessageType","Payload"],"additionalProperties":false},"org.opcfoundation.UA.Guid":{"$id":"http://opcfoundation.org/UA/#Guid","title":"OPC UA built in type Guid","type":"string","format":"uuid"},"org.github.microsoft.opcpublisher.JsonNetworkMessage":{"$id":"http://github.org/microsoft/opcpublisher#JsonNetworkMessage","type":"null","properties":{"MessageId":{"$ref":"#/definitions/org.opcfoundation.UA.String"},"MessageType":{"$ref":"#/definitions/org.opcfoundation.UA.String"},"PublisherId":{"$ref":"#/definitions/org.opcfoundation.UA.String"},"DataSetClassId":{"$ref":"#/definitions/org.opcfoundation.UA.Guid"},"DataSetWriterGroup":{"$ref":"#/definitions/org.opcfoundation.UA.String"},"Messages":{"type":"array","items":{"$ref":"#/definitions/org.github.microsoft.opcpublisher.JsonDataSetMessage"}}},"required":["MessageId","MessageType","PublisherId","DataSetClassId","DataSetWriterGroup","Messages"],"additionalProperties":false}}}