{"NodeId":"nsu=http://opcfoundation.org/UA/Plc/Applications;s=SlowUIntScalar2","EndpointUrl":"opc.tcp://localhost:61457/UA/SampleServer","ApplicationUri":"urn:desktop-bgfjs91:OPCFoundation:CoreSampleServer","DisplayName":"nsu=http://opcfoundation.org/UA/Plc/Applications;s=SlowUIntScalar2","Timestamp":"2024-04-26T11:55:39.9851897Z","Value":{"Value":2,"SourceTimestamp":"2024-04-26T11:55:38.1201599Z","ServerTimestamp":"2024-04-26T11:55:38.1201607Z"},"SequenceNumber":6,"ExtensionFields":{"WriterGroupId":"Assembly"}}