{"NodeId":"nsu=http://opcfoundation.org/UA/Plc/Applications;s=SlowUIntScalar1","EndpointUrl":"opc.tcp://localhost:61457/UA/SampleServer","ApplicationUri":"urn:desktop-bgfjs91:OPCFoundation:CoreSampleServer","DisplayName":"nsu=http://opcfoundation.org/UA/Plc/Applications;s=SlowUIntScalar1","Timestamp":"2024-04-26T11:55:49.970535Z","Value":{"Value":3,"SourceTimestamp":"2024-04-26T11:55:48.1085318Z","ServerTimestamp":"2024-04-26T11:55:48.1085349Z"},"SequenceNumber":9,"ExtensionFields":{"WriterGroupId":"Assembly"}}