{"NodeId":"nsu=http://opcfoundation.org/UA/Plc/Applications;s=BadSlowUIntScalar1","EndpointUrl":"opc.tcp://localhost:61457/UA/SampleServer","ApplicationUri":"urn:desktop-bgfjs91:OPCFoundation:CoreSampleServer","DisplayName":"nsu=http://opcfoundation.org/UA/Plc/Applications;s=BadSlowUIntScalar1","Timestamp":"2024-04-26T11:55:49.970535Z","Value":{"Value":3,"SourceTimestamp":"2024-04-26T11:55:48.1085474Z","ServerTimestamp":"2024-04-26T11:55:48.1085481Z"},"SequenceNumber":12,"ExtensionFields":{"WriterGroupId":"Assembly"}}