{"NodeId":"nsu=http://opcfoundation.org/UA/Plc/Applications;s=NegativeTrendData","EndpointUrl":"opc.tcp://localhost:61457/UA/SampleServer","ApplicationUri":"urn:desktop-bgfjs91:OPCFoundation:CoreSampleServer","DisplayName":"nsu=http://opcfoundation.org/UA/Plc/Applications;s=NegativeTrendData","Timestamp":"2024-04-26T11:55:53.7839956Z","Value":{"Value":99.5,"SourceTimestamp":"2024-04-26T11:55:53.2106312Z","ServerTimestamp":"2024-04-26T11:55:53.2106321Z"},"SequenceNumber":7,"ExtensionFields":{"WriterGroupId":"Assembly"}}