{"NodeId":"nsu=http://opcfoundation.org/UA/Plc/Applications;s=NegativeTrendData","EndpointUrl":"opc.tcp://localhost:61457/UA/SampleServer","ApplicationUri":"urn:desktop-bgfjs91:OPCFoundation:CoreSampleServer","DisplayName":"nsu=http://opcfoundation.org/UA/Plc/Applications;s=NegativeTrendData","Timestamp":"2024-04-26T11:55:58.8220747Z","Value":{"Value":99.400000000000006,"SourceTimestamp":"2024-04-26T11:55:58.2169083Z","ServerTimestamp":"2024-04-26T11:55:58.2169099Z"},"SequenceNumber":8,"ExtensionFields":{"WriterGroupId":"Assembly"}}