{"NodeId":"nsu=http://opcfoundation.org/UA/Plc/Applications;s=NegativeTrendData","EndpointUrl":"opc.tcp://localhost:61457/UA/SampleServer","ApplicationUri":"urn:desktop-bgfjs91:OPCFoundation:CoreSampleServer","DisplayName":"nsu=http://opcfoundation.org/UA/Plc/Applications;s=NegativeTrendData","Timestamp":"2024-04-26T11:56:03.7887653Z","Value":{"Value":99.299999999999997,"SourceTimestamp":"2024-04-26T11:56:03.2222165Z","ServerTimestamp":"2024-04-26T11:56:03.2222179Z"},"SequenceNumber":9,"ExtensionFields":{"WriterGroupId":"Assembly"}}