{"NodeId":"nsu=http://opcfoundation.org/UA/Plc/Applications;s=PositiveTrendData","EndpointUrl":"opc.tcp://localhost:61457/UA/SampleServer","ApplicationUri":"urn:desktop-bgfjs91:OPCFoundation:CoreSampleServer","DisplayName":"nsu=http://opcfoundation.org/UA/Plc/Applications;s=PositiveTrendData","Timestamp":"2024-04-26T11:56:08.7975504Z","Value":{"Value":100.2,"SourceTimestamp":"2024-04-26T11:56:08.221481Z","ServerTimestamp":"2024-04-26T11:56:08.2214826Z"},"SequenceNumber":12,"ExtensionFields":{"WriterGroupId":"Assembly"}}