{"NodeId":"nsu=http://opcfoundation.org/UA/Plc/Applications;s=SlowUIntScalar2","EndpointUrl":"opc.tcp://localhost:61457/UA/SampleServer","ApplicationUri":"urn:desktop-bgfjs91:OPCFoundation:CoreSampleServer","DisplayName":"nsu=http://opcfoundation.org/UA/Plc/Applications;s=SlowUIntScalar2","Timestamp":"2024-04-26T11:56:09.9924016Z","Value":{"Value":5,"SourceTimestamp":"2024-04-26T11:56:08.1118828Z","ServerTimestamp":"2024-04-26T11:56:08.1118841Z"},"SequenceNumber":18,"ExtensionFields":{"WriterGroupId":"Assembly"}}