{"NodeId":"nsu=http://opcfoundation.org/UA/Plc/Applications;s=NegativeTrendData","EndpointUrl":"opc.tcp://localhost:61457/UA/SampleServer","ApplicationUri":"urn:desktop-bgfjs91:OPCFoundation:CoreSampleServer","DisplayName":"nsu=http://opcfoundation.org/UA/Plc/Applications;s=NegativeTrendData","Timestamp":"2024-04-26T11:56:13.8202812Z","Value":{"Value":99.099999999999994,"SourceTimestamp":"2024-04-26T11:56:13.2220017Z","ServerTimestamp":"2024-04-26T11:56:13.2220037Z"},"SequenceNumber":13,"ExtensionFields":{"WriterGroupId":"Assembly"}}