{"NodeId":"nsu=http://opcfoundation.org/UA/Plc/Applications;s=NegativeTrendData","EndpointUrl":"opc.tcp://localhost:61457/UA/SampleServer","ApplicationUri":"urn:desktop-bgfjs91:OPCFoundation:CoreSampleServer","DisplayName":"nsu=http://opcfoundation.org/UA/Plc/Applications;s=NegativeTrendData","Timestamp":"2024-04-26T11:56:18.7818625Z","Value":{"Value":99,"SourceTimestamp":"2024-04-26T11:56:18.2212058Z","ServerTimestamp":"2024-04-26T11:56:18.2212293Z"},"SequenceNumber":15,"ExtensionFields":{"WriterGroupId":"Assembly"}}