{"NodeId":"nsu=http://opcfoundation.org/UA/Plc/Applications;s=SlowUIntScalar3","EndpointUrl":"opc.tcp://localhost:61457/UA/SampleServer","ApplicationUri":"urn:desktop-bgfjs91:OPCFoundation:CoreSampleServer","DisplayName":"nsu=http://opcfoundation.org/UA/Plc/Applications;s=SlowUIntScalar3","Timestamp":"2024-04-26T11:56:19.9767901Z","Value":{"Value":6,"SourceTimestamp":"2024-04-26T11:56:18.1106067Z","ServerTimestamp":"2024-04-26T11:56:18.1106072Z"},"SequenceNumber":23,"ExtensionFields":{"WriterGroupId":"Assembly"}}