{"NodeId":"nsu=http://opcfoundation.org/UA/Plc/Applications;s=SlowUIntScalar2","EndpointUrl":"opc.tcp://localhost:61457/UA/SampleServer","ApplicationUri":"urn:desktop-bgfjs91:OPCFoundation:CoreSampleServer","DisplayName":"nsu=http://opcfoundation.org/UA/Plc/Applications;s=SlowUIntScalar2","Timestamp":"2024-04-26T11:55:29.9761769Z","Value":{"Value":1,"SourceTimestamp":"2024-04-26T11:55:28.1143604Z","ServerTimestamp":"2024-04-26T11:55:28.114361Z"},"SequenceNumber":2,"ExtensionFields":{"WriterGroupId":"Assembly"}}