{"NodeId":"nsu=http://opcfoundation.org/UA/Plc/Applications;s=NegativeTrendData","EndpointUrl":"opc.tcp://localhost:61457/UA/SampleServer","ApplicationUri":"urn:desktop-bgfjs91:OPCFoundation:CoreSampleServer","DisplayName":"nsu=http://opcfoundation.org/UA/Plc/Applications;s=NegativeTrendData","Timestamp":"2024-04-26T11:56:23.8109108Z","Value":{"Value":98.900000000000006,"SourceTimestamp":"2024-04-26T11:56:23.2134594Z","ServerTimestamp":"2024-04-26T11:56:23.2134614Z"},"SequenceNumber":17,"ExtensionFields":{"WriterGroupId":"Assembly"}}