{"NodeId":"nsu=http://opcfoundation.org/UA/Plc/Applications;s=NegativeTrendData","EndpointUrl":"opc.tcp://localhost:61457/UA/SampleServer","ApplicationUri":"urn:desktop-bgfjs91:OPCFoundation:CoreSampleServer","DisplayName":"nsu=http://opcfoundation.org/UA/Plc/Applications;s=NegativeTrendData","Timestamp":"2024-04-26T11:56:28.7798937Z","Value":{"Value":98.799999999999997,"SourceTimestamp":"2024-04-26T11:56:28.2193895Z","ServerTimestamp":"2024-04-26T11:56:28.2193913Z"},"SequenceNumber":19,"ExtensionFields":{"WriterGroupId":"Assembly"}}