{"NodeId":"nsu=http://opcfoundation.org/UA/Plc/Applications;s=NegativeTrendData","EndpointUrl":"opc.tcp://localhost:61457/UA/SampleServer","ApplicationUri":"urn:desktop-bgfjs91:OPCFoundation:CoreSampleServer","DisplayName":"nsu=http://opcfoundation.org/UA/Plc/Applications;s=NegativeTrendData","Timestamp":"2024-04-26T11:56:33.8023907Z","Value":{"Value":98.700000000000003,"SourceTimestamp":"2024-04-26T11:56:33.2213511Z","ServerTimestamp":"2024-04-26T11:56:33.2213571Z"},"SequenceNumber":21,"ExtensionFields":{"WriterGroupId":"Assembly"}}