{"NodeId":"nsu=http://opcfoundation.org/UA/Plc/Applications;s=SlowUIntScalar3","EndpointUrl":"opc.tcp://localhost:61457/UA/SampleServer","ApplicationUri":"urn:desktop-bgfjs91:OPCFoundation:CoreSampleServer","DisplayName":"nsu=http://opcfoundation.org/UA/Plc/Applications;s=SlowUIntScalar3","Timestamp":"2024-04-26T11:55:29.9761769Z","Value":{"Value":1,"SourceTimestamp":"2024-04-26T11:55:28.1143622Z","ServerTimestamp":"2024-04-26T11:55:28.1143626Z"},"SequenceNumber":3,"ExtensionFields":{"WriterGroupId":"Assembly"}}