{"NodeId":"nsu=http://opcfoundation.org/UA/Plc/Applications;s=PositiveTrendData","EndpointUrl":"opc.tcp://localhost:61457/UA/SampleServer","ApplicationUri":"urn:desktop-bgfjs91:OPCFoundation:CoreSampleServer","DisplayName":"nsu=http://opcfoundation.org/UA/Plc/Applications;s=PositiveTrendData","Timestamp":"2024-04-26T11:56:33.8023907Z","Value":{"Value":100.7,"SourceTimestamp":"2024-04-26T11:56:33.2213645Z","ServerTimestamp":"2024-04-26T11:56:33.2213661Z"},"SequenceNumber":22,"ExtensionFields":{"WriterGroupId":"Assembly"}}