{"NodeId":"nsu=http://opcfoundation.org/UA/Plc/Applications;s=SlowUIntScalar2","EndpointUrl":"opc.tcp://localhost:61457/UA/SampleServer","ApplicationUri":"urn:desktop-bgfjs91:OPCFoundation:CoreSampleServer","DisplayName":"nsu=http://opcfoundation.org/UA/Plc/Applications;s=SlowUIntScalar2","Timestamp":"2024-04-26T11:56:39.9975189Z","Value":{"Value":8,"SourceTimestamp":"2024-04-26T11:56:38.1086584Z","ServerTimestamp":"2024-04-26T11:56:38.108659Z"},"SequenceNumber":30,"ExtensionFields":{"WriterGroupId":"Assembly"}}