{"NodeId":"nsu=http://opcfoundation.org/UA/Plc/Applications;s=SlowUIntScalar3","EndpointUrl":"opc.tcp://localhost:61457/UA/SampleServer","ApplicationUri":"urn:desktop-bgfjs91:OPCFoundation:CoreSampleServer","DisplayName":"nsu=http://opcfoundation.org/UA/Plc/Applications;s=SlowUIntScalar3","Timestamp":"2024-04-26T11:56:39.9975189Z","Value":{"Value":8,"SourceTimestamp":"2024-04-26T11:56:38.1086604Z","ServerTimestamp":"2024-04-26T11:56:38.108661Z"},"SequenceNumber":31,"ExtensionFields":{"WriterGroupId":"Assembly"}}