{"NodeId":"nsu=http://opcfoundation.org/UA/Plc/Applications;s=NegativeTrendData","EndpointUrl":"opc.tcp://localhost:61457/UA/SampleServer","ApplicationUri":"urn:desktop-bgfjs91:OPCFoundation:CoreSampleServer","DisplayName":"nsu=http://opcfoundation.org/UA/Plc/Applications;s=NegativeTrendData","Timestamp":"2024-04-26T11:56:43.8298995Z","Value":{"Value":98.5,"SourceTimestamp":"2024-04-26T11:56:43.2184715Z","ServerTimestamp":"2024-04-26T11:56:43.2184724Z"},"SequenceNumber":25,"ExtensionFields":{"WriterGroupId":"Assembly"}}