{"NodeId":"nsu=http://opcfoundation.org/UA/Plc/Applications;s=NegativeTrendData","EndpointUrl":"opc.tcp://localhost:61457/UA/SampleServer","ApplicationUri":"urn:desktop-bgfjs91:OPCFoundation:CoreSampleServer","DisplayName":"nsu=http://opcfoundation.org/UA/Plc/Applications;s=NegativeTrendData","Timestamp":"2024-04-26T11:56:48.7785279Z","Value":{"Value":98.400000000000006,"SourceTimestamp":"2024-04-26T11:56:48.2196081Z","ServerTimestamp":"2024-04-26T11:56:48.2196174Z"},"SequenceNumber":27,"ExtensionFields":{"WriterGroupId":"Assembly"}}