{"NodeId":"nsu=http://opcfoundation.org/UA/Plc/Applications;s=PositiveTrendData","EndpointUrl":"opc.tcp://localhost:61457/UA/SampleServer","ApplicationUri":"urn:desktop-bgfjs91:OPCFoundation:CoreSampleServer","DisplayName":"nsu=http://opcfoundation.org/UA/Plc/Applications;s=PositiveTrendData","Timestamp":"2024-04-26T11:56:48.7785279Z","Value":{"Value":101,"SourceTimestamp":"2024-04-26T11:56:48.2196135Z","ServerTimestamp":"2024-04-26T11:56:48.2197261Z"},"SequenceNumber":28,"ExtensionFields":{"WriterGroupId":"Assembly"}}