{"NodeId":"nsu=http://opcfoundation.org/UA/Plc/Applications;s=BadSlowUIntScalar1","EndpointUrl":"opc.tcp://localhost:61457/UA/SampleServer","ApplicationUri":"urn:desktop-bgfjs91:OPCFoundation:CoreSampleServer","DisplayName":"nsu=http://opcfoundation.org/UA/Plc/Applications;s=BadSlowUIntScalar1","Timestamp":"2024-04-26T11:56:59.9533455Z","Value":{"StatusCode":{"Symbol":"BadNoCommunication","Code":2150694912},"SourceTimestamp":"2024-04-26T11:56:58.1205055Z","ServerTimestamp":"2024-04-26T11:56:58.1205058Z"},"SequenceNumber":40,"ExtensionFields":{"WriterGroupId":"Assembly"}}