{"NodeId":"nsu=http://opcfoundation.org/UA/Plc/Applications;s=SlowUIntScalar2","EndpointUrl":"opc.tcp://localhost:61457/UA/SampleServer","ApplicationUri":"urn:desktop-bgfjs91:OPCFoundation:CoreSampleServer","DisplayName":"nsu=http://opcfoundation.org/UA/Plc/Applications;s=SlowUIntScalar2","Timestamp":"2024-04-26T11:57:09.9923246Z","Value":{"Value":11,"SourceTimestamp":"2024-04-26T11:57:08.1075926Z","ServerTimestamp":"2024-04-26T11:57:08.1075942Z"},"SequenceNumber":42,"ExtensionFields":{"WriterGroupId":"Assembly"}}