{"NodeId":"nsu=http://opcfoundation.org/UA/Plc/Applications;s=BadSlowUIntScalar1","EndpointUrl":"opc.tcp://localhost:61457/UA/SampleServer","ApplicationUri":"urn:desktop-bgfjs91:OPCFoundation:CoreSampleServer","DisplayName":"nsu=http://opcfoundation.org/UA/Plc/Applications;s=BadSlowUIntScalar1","Timestamp":"2024-04-26T11:57:09.9923246Z","Value":{"Value":1,"SourceTimestamp":"2024-04-26T11:57:08.1075977Z","ServerTimestamp":"2024-04-26T11:57:08.1075984Z"},"SequenceNumber":44,"ExtensionFields":{"WriterGroupId":"Assembly"}}