{"NodeId":"nsu=http://opcfoundation.org/UA/Plc/Applications;s=PositiveTrendData","EndpointUrl":"opc.tcp://localhost:61457/UA/SampleServer","ApplicationUri":"urn:desktop-bgfjs91:OPCFoundation:CoreSampleServer","DisplayName":"nsu=http://opcfoundation.org/UA/Plc/Applications;s=PositiveTrendData","Timestamp":"2024-04-26T11:57:13.8227433Z","Value":{"Value":101.5,"SourceTimestamp":"2024-04-26T11:57:13.2094057Z","ServerTimestamp":"2024-04-26T11:57:13.2094071Z"},"SequenceNumber":38,"ExtensionFields":{"WriterGroupId":"Assembly"}}