{"NodeId":"nsu=http://opcfoundation.org/UA/Plc/Applications;s=SlowUIntScalar1","EndpointUrl":"opc.tcp://localhost:61457/UA/SampleServer","ApplicationUri":"urn:desktop-bgfjs91:OPCFoundation:CoreSampleServer","DisplayName":"nsu=http://opcfoundation.org/UA/Plc/Applications;s=SlowUIntScalar1","Timestamp":"2024-04-26T11:55:39.9851897Z","Value":{"Value":2,"SourceTimestamp":"2024-04-26T11:55:38.1201449Z","ServerTimestamp":"2024-04-26T11:55:38.1201495Z"},"SequenceNumber":5,"ExtensionFields":{"WriterGroupId":"Assembly"}}