[{"EventId":"n+og7FTJ+kGzzl6Y6SziaQ==","EventType":{"IdType":1,"Id":"ReferenceChange"},"SourceNode":{"Id":442,"Namespace":"http://opcfoundation.org/UA/Views"},"Time":"2024-04-28T09:02:46.2342505Z","Change":{"ReferenceTypeId":{"Id":35},"IsForward":true,"NodeId":{"IdType":1,"Id":"0:Boiler #1","Namespace":"http://opcfoundation.org/UA/Views"},"BrowseName":{"Name":"Boiler #1","Uri":"http://opcfoundation.org/UA/Views"},"DisplayName":"Boiler #1","NodeClass":"Object_1","TypeDefinition":{"Id":390,"Namespace":"http://opcfoundation.org/UA/Views"}}}]