[{"EventId":"nSVYXcLI9E+MTn6TExiE0g==","EventType":{"IdType":1,"Id":"NodeChange"},"SourceNode":{"IdType":1,"Id":"0:Boiler #1","Namespace":"http://opcfoundation.org/UA/Views"},"Time":"2024-04-28T09:02:46.2358691Z","Change":{"NodeId":{"IdType":1,"Id":"0:Boiler #1","Namespace":"http://opcfoundation.org/UA/Views"},"NodeClass":"Object_1","BrowseName":{"Name":"Boiler #1","Uri":"http://opcfoundation.org/UA/Views"},"DisplayName":"Boiler #1","RolePermissions":[],"UserRolePermissions":[],"References":[]}}]