[{"EventId":"qR6Paq3G2kKtxIgWhNNt+w==","EventType":{"IdType":1,"Id":"NodeChange"},"SourceNode":{"Id":1,"Namespace":"http://opcfoundation.org/UA/Boiler//Instance"},"Time":"2024-04-28T09:02:46.2461458Z","Change":{"NodeId":{"Id":1,"Namespace":"http://opcfoundation.org/UA/Boiler//Instance"},"NodeClass":"Object_1","BrowseName":{"Name":"Boiler #2","Uri":"http://opcfoundation.org/UA/Boiler//Instance"},"DisplayName":"Boiler #2","RolePermissions":[],"UserRolePermissions":[],"References":[],"EventNotifier":1}}]