[{"EventId":"CZgldKZzc0+c6g8p4A1L4A==","EventType":{"IdType":1,"Id":"NodeChange"},"SourceNode":{"IdType":1,"Id":"AccessRights","Namespace":"http://opcfoundation.org/ReferenceApplications"},"Time":"2024-04-28T09:02:46.2550378Z","Change":{"NodeId":{"IdType":1,"Id":"AccessRights","Namespace":"http://opcfoundation.org/ReferenceApplications"},"NodeClass":"Object_1","BrowseName":{"Name":"AccessRights","Uri":"http://opcfoundation.org/ReferenceApplications"},"DisplayName":"AccessRights","RolePermissions":[],"UserRolePermissions":[],"References":[]}}]