[{"EventId":"uJkTfT0HQEKUTrpbSCaR3w==","EventType":{"IdType":1,"Id":"NodeChange"},"SourceNode":{"IdType":1,"Id":"Views","Namespace":"http://opcfoundation.org/ReferenceApplications"},"Time":"2024-04-28T09:02:46.2600722Z","Change":{"NodeId":{"IdType":1,"Id":"Views","Namespace":"http://opcfoundation.org/ReferenceApplications"},"NodeClass":"Object_1","BrowseName":{"Name":"Views","Uri":"http://opcfoundation.org/ReferenceApplications"},"DisplayName":"Views","RolePermissions":[],"UserRolePermissions":[],"References":[]}}]