[{"EventId":"R3eNpVcjPkCWXmLwWOnN+Q==","EventType":{"IdType":1,"Id":"NodeChange"},"SourceNode":{"IdType":1,"Id":"Locales","Namespace":"http://opcfoundation.org/ReferenceApplications"},"Time":"2024-04-28T09:02:46.261846Z","Change":{"NodeId":{"IdType":1,"Id":"Locales","Namespace":"http://opcfoundation.org/ReferenceApplications"},"NodeClass":"Object_1","BrowseName":{"Name":"Locales","Uri":"http://opcfoundation.org/ReferenceApplications"},"DisplayName":"Locales","RolePermissions":[],"UserRolePermissions":[],"References":[]}}]