[{"EventId":"dlumyuoRRUKkXGu3OAZwzA==","EventType":{"IdType":1,"Id":"NodeChange"},"SourceNode":{"Id":303,"Namespace":"http://opcfoundation.org/HistoricalEvents"},"Time":"2024-04-28T09:02:46.0449129Z","Change":{"NodeId":{"Id":303,"Namespace":"http://opcfoundation.org/HistoricalEvents"},"NodeClass":"Object_1","BrowseName":{"Name":"Plaforms","Uri":"http://opcfoundation.org/HistoricalEvents"},"DisplayName":"Plaforms","RolePermissions":[],"UserRolePermissions":[],"References":[],"EventNotifier":13}}]