[{"EventId":"k5VsBvYJBEC2niU+y2UIEA==","EventType":{"IdType":1,"Id":"NodeChange"},"SourceNode":{"IdType":1,"Id":"SimulatorConfiguration","Namespace":"http://opcfoundation.org/UA/Plc/Applications"},"Time":"2024-04-28T09:02:46.2812051Z","Change":{"NodeId":{"IdType":1,"Id":"SimulatorConfiguration","Namespace":"http://opcfoundation.org/UA/Plc/Applications"},"NodeClass":"Object_1","BrowseName":{"Name":"SimulatorConfiguration","Uri":"http://opcfoundation.org/UA/Plc/Applications"},"DisplayName":"SimulatorConfiguration","RolePermissions":[],"UserRolePermissions":[],"References":[]}}]