[{"EventId":"E8fo9rPaKkC1M8qh5IcCtw==","EventType":{"IdType":1,"Id":"ReferenceChange"},"SourceNode":{"IdType":1,"Id":"0:/Yellow","Namespace":"http://opcfoundation.org/AlarmCondition"},"Time":"2024-04-28T09:02:46.4854022Z","Change":{"ReferenceTypeId":{"Id":48},"IsForward":true,"NodeId":{"IdType":1,"Id":"0:Yellow/West","Namespace":"http://opcfoundation.org/AlarmCondition"},"BrowseName":{"Name":"West","Uri":"http://opcfoundation.org/AlarmCondition"},"DisplayName":"West","NodeClass":"Object_1","TypeDefinition":{"Id":61}}}]