[{"EventId":"n0NiSLLwEkmLJEJ/unRi4w==","EventType":{"IdType":1,"Id":"NodeChange"},"SourceNode":{"IdType":1,"Id":"0:Yellow/West","Namespace":"http://opcfoundation.org/AlarmCondition"},"Time":"2024-04-28T09:02:46.4867944Z","Change":{"NodeId":{"IdType":1,"Id":"0:Yellow/West","Namespace":"http://opcfoundation.org/AlarmCondition"},"NodeClass":"Object_1","BrowseName":{"Name":"West","Uri":"http://opcfoundation.org/AlarmCondition"},"DisplayName":"West","RolePermissions":[],"UserRolePermissions":[],"References":[],"EventNotifier":1}}]