[{"EventId":"IVPcDVRWF0+N+yeT4SzRYg==","EventType":{"IdType":1,"Id":"ReferenceChange"},"SourceNode":{"IdType":1,"Id":"Area51","Namespace":"http://opcfoundation.org/HistoricalEvents"},"Time":"2024-04-28T09:02:46.5448404Z","Change":{"ReferenceTypeId":{"Id":48},"IsForward":true,"NodeId":{"IdType":1,"Id":"Well_48306","Namespace":"http://opcfoundation.org/HistoricalEvents"},"BrowseName":{"Name":"Titan","Uri":"http://opcfoundation.org/HistoricalEvents"},"DisplayName":"Titan","NodeClass":"Object_1","TypeDefinition":{"Id":308,"Namespace":"http://opcfoundation.org/HistoricalEvents"}}}]