[{"EventId":"jGwYeI1R1UKUng8eQ9LRaQ==","EventType":{"IdType":1,"Id":"NodeChange"},"SourceNode":{"IdType":1,"Id":"0:Boiler #1?Drum","Namespace":"http://opcfoundation.org/UA/Views"},"Time":"2024-04-28T09:02:46.5541438Z","Change":{"NodeId":{"IdType":1,"Id":"0:Boiler #1?Drum","Namespace":"http://opcfoundation.org/UA/Views"},"NodeClass":"Object_1","BrowseName":{"Name":"Drum","Uri":"http://opcfoundation.org/UA/Views"},"DisplayName":"Drum","RolePermissions":[],"UserRolePermissions":[],"References":[]}}]