[{"EventId":"c/1pdS/cNk60LbPSaNVWJA==","EventType":{"IdType":1,"Id":"NodeChange"},"SourceNode":{"IdType":1,"Id":"UInt32[0]","Namespace":"http://samples.org/UA/memorybuffer/Instance"},"Time":"2024-04-28T09:02:46.5638781Z","Change":{"NodeId":{"IdType":1,"Id":"UInt32[0]","Namespace":"http://samples.org/UA/memorybuffer/Instance"},"NodeClass":"Variable_2","BrowseName":{"Name":"00000000","Uri":"http://samples.org/UA/memorybuffer"},"DisplayName":"00000000","RolePermissions":[],"UserRolePermissions":[],"References":[],"Value":null,"DataType":{"Id":7},"ValueRank":-1,"ArrayDimensions":[],"AccessLevel":3,"UserAccessLevel":3,"MinimumSamplingInterval":1000,"AccessLevelEx":3}}]