[{"EventId":"efatlKgtMUOfK+grxLdAxA==","EventType":{"IdType":1,"Id":"NodeChange"},"SourceNode":{"IdType":1,"Id":"Views_Operations","Namespace":"http://opcfoundation.org/ReferenceApplications"},"Time":"2024-04-28T09:02:46.1265163Z","Change":{"NodeId":{"IdType":1,"Id":"Views_Operations","Namespace":"http://opcfoundation.org/ReferenceApplications"},"NodeClass":"View_128","BrowseName":{"Name":"Operations","Uri":"http://opcfoundation.org/ReferenceApplications"},"DisplayName":"Operations","RolePermissions":[],"UserRolePermissions":[],"References":[],"ContainsNoLoops":true}}]