{"MessageId":"2cf81c5a-97e9-4452-9554-f53cddbe0306","MessageType":"ua-data","PublisherId":"DESKTOP-BGFJS91","DataSetWriterGroup":"<<UnknownWriterGroup>>","Messages":[{"DataSetWriterId":21,"SequenceNumber":11,"MetaDataVersion":{"MajorVersion":1},"Timestamp":"2024-04-27T10:51:01.0503629Z","MessageType":"ua-deltaframe","DataSetWriterName":"Packaging","Payload":{"nsu=http://opcfoundation.org/UA/Plc/Applications;s=BadSlowRandomUIntScalar1":{"Value":3077397924,"SourceTimestamp":"2024-04-27T10:50:59.2200916Z","ServerTimestamp":"2024-04-27T10:50:59.2200923Z"}}}]}