{"MessageId":"e35d4121-5cf2-4cdc-ab8e-dc61813c8297","MessageType":"ua-data","PublisherId":"DESKTOP-BGFJS91","DataSetWriterGroup":"<<UnknownWriterGroup>>","Messages":[{"DataSetWriterId":21,"SequenceNumber":6,"MetaDataVersion":{"MajorVersion":1},"Timestamp":"2024-04-27T10:50:11.0438266Z","MessageType":"ua-deltaframe","DataSetWriterName":"Packaging","Payload":{"nsu=http://opcfoundation.org/UA/Plc/Applications;s=BadSlowRandomUIntScalar1":{"Value":2731611673,"SourceTimestamp":"2024-04-27T10:50:09.2201042Z","ServerTimestamp":"2024-04-27T10:50:09.2201054Z"}}}]}