{"NodeId":"nsu=http://opcfoundation.org/UA/Plc/Applications;s=DipData","EndpointUrl":"opc.tcp://localhost:61457/UA/SampleServer","ApplicationUri":"urn:desktop-bgfjs91:OPCFoundation:CoreSampleServer","DisplayName":"nsu=http://opcfoundation.org/UA/Plc/Applications;s=DipData","Timestamp":"2024-04-27T14:02:47.7725289Z","Value":{"Value":{"Type":11,"Body":-58.778525229247336},"SourceTimestamp":"2024-04-27T14:02:47.6641674Z","ServerTimestamp":"2024-04-27T14:02:47.6641739Z"},"SequenceNumber":10,"ExtensionFields":{}}