{"NodeId":"nsu=http://opcfoundation.org/UA/Plc/Applications;s=DipData","EndpointUrl":"opc.tcp://localhost:61457/UA/SampleServer","ApplicationUri":"urn:desktop-bgfjs91:OPCFoundation:CoreSampleServer","DisplayName":"nsu=http://opcfoundation.org/UA/Plc/Applications;s=DipData","Timestamp":"2024-04-27T14:02:49.7574696Z","Value":{"Value":{"Type":11,"Body":95.10565162951535},"SourceTimestamp":"2024-04-27T14:02:49.6644597Z","ServerTimestamp":"2024-04-27T14:02:49.6644641Z"},"SequenceNumber":11,"ExtensionFields":{}}