{"NodeId":"nsu=http://opcfoundation.org/UA/Plc/Applications;s=DipData","EndpointUrl":"opc.tcp://localhost:61457/UA/SampleServer","ApplicationUri":"urn:desktop-bgfjs91:OPCFoundation:CoreSampleServer","DisplayName":"nsu=http://opcfoundation.org/UA/Plc/Applications;s=DipData","Timestamp":"2024-04-27T14:02:57.7600439Z","Value":{"Value":{"Type":11,"Body":-58.778525229247336},"SourceTimestamp":"2024-04-27T14:02:57.667456Z","ServerTimestamp":"2024-04-27T14:02:57.6674575Z"},"SequenceNumber":18,"ExtensionFields":{}}