{"NodeId":"nsu=http://opcfoundation.org/UA/Plc/Applications;s=DipData","EndpointUrl":"opc.tcp://localhost:61457/UA/SampleServer","ApplicationUri":"urn:desktop-bgfjs91:OPCFoundation:CoreSampleServer","DisplayName":"nsu=http://opcfoundation.org/UA/Plc/Applications;s=DipData","Timestamp":"2024-04-27T14:02:39.7915924Z","Value":{"Value":{"Type":11,"Body":90.482705246601952},"SourceTimestamp":"2024-04-27T14:02:39.7610215Z","ServerTimestamp":"2024-04-27T14:02:39.7610616Z"},"SequenceNumber":3,"ExtensionFields":{}}