{"NodeId":"nsu=http://opcfoundation.org/UA/Plc/Applications;s=DipData","EndpointUrl":"opc.tcp://localhost:61457/UA/SampleServer","ApplicationUri":"urn:desktop-bgfjs91:OPCFoundation:CoreSampleServer","DisplayName":"nsu=http://opcfoundation.org/UA/Plc/Applications;s=DipData","Timestamp":"2024-04-27T14:03:13.8010503Z","Value":{"Value":{"Type":11,"Body":68.45471059286885},"SourceTimestamp":"2024-04-27T14:03:13.7691836Z","ServerTimestamp":"2024-04-27T14:03:13.7691844Z"},"SequenceNumber":32,"ExtensionFields":{}}