{"NodeId":"nsu=http://opcfoundation.org/UA/Plc/Applications;s=DipData","EndpointUrl":"opc.tcp://localhost:61457/UA/SampleServer","ApplicationUri":"urn:desktop-bgfjs91:OPCFoundation:CoreSampleServer","DisplayName":"nsu=http://opcfoundation.org/UA/Plc/Applications;s=DipData","Timestamp":"2024-04-27T14:03:30.8050684Z","Value":{"Value":{"Type":11,"Body":-12.533323356430378},"SourceTimestamp":"2024-04-27T14:03:30.7727485Z","ServerTimestamp":"2024-04-27T14:03:30.7727495Z"},"SequenceNumber":47,"ExtensionFields":{}}