{"NodeId":"nsu=http://opcfoundation.org/UA/Plc/Applications;s=DipData","EndpointUrl":"opc.tcp://localhost:61457/UA/SampleServer","ApplicationUri":"urn:desktop-bgfjs91:OPCFoundation:CoreSampleServer","DisplayName":"nsu=http://opcfoundation.org/UA/Plc/Applications;s=DipData","Timestamp":"2024-04-27T14:03:36.7888072Z","Value":{"Value":{"Type":11,"Body":-98.228725072868855},"SourceTimestamp":"2024-04-27T14:03:36.772476Z","ServerTimestamp":"2024-04-27T14:03:36.7724786Z"},"SequenceNumber":52,"ExtensionFields":{}}