{"NodeId":"nsu=http://opcfoundation.org/UA/Plc/Applications;s=DipData","EndpointUrl":"opc.tcp://localhost:61457/UA/SampleServer","ApplicationUri":"urn:desktop-bgfjs91:OPCFoundation:CoreSampleServer","DisplayName":"nsu=http://opcfoundation.org/UA/Plc/Applications;s=DipData","Timestamp":"2024-04-27T14:03:37.7746314Z","Value":{"Value":{"Type":11,"Body":-48.175367410171539},"SourceTimestamp":"2024-04-27T14:03:37.7590633Z","ServerTimestamp":"2024-04-27T14:03:37.7590712Z"},"SequenceNumber":53,"ExtensionFields":{}}