{"NodeId":"nsu=http://opcfoundation.org/UA/Plc/Applications;s=DipData","EndpointUrl":"opc.tcp://localhost:61457/UA/SampleServer","ApplicationUri":"urn:desktop-bgfjs91:OPCFoundation:CoreSampleServer","DisplayName":"nsu=http://opcfoundation.org/UA/Plc/Applications;s=DipData","Timestamp":"2024-04-27T14:02:43.7548154Z","Value":{"Value":{"Type":11,"Body":58.778525229247322},"SourceTimestamp":"2024-04-27T14:02:43.6596034Z","ServerTimestamp":"2024-04-27T14:02:43.6596041Z"},"SequenceNumber":6,"ExtensionFields":{}}