{"NodeId":"nsu=http://opcfoundation.org/UA/Plc/Applications;s=DipData","EndpointUrl":"opc.tcp://localhost:61457/UA/SampleServer","ApplicationUri":"urn:desktop-bgfjs91:OPCFoundation:CoreSampleServer","DisplayName":"nsu=http://opcfoundation.org/UA/Plc/Applications;s=DipData","Timestamp":"2024-04-27T14:04:08.7844384Z","Value":{"Value":{"Type":11,"Body":68.45471059286885},"SourceTimestamp":"2024-04-27T14:04:08.7685126Z","ServerTimestamp":"2024-04-27T14:04:08.7685161Z"},"SequenceNumber":79,"ExtensionFields":{}}