{"NodeId":"nsu=http://opcfoundation.org/UA/Plc/Applications;s=DipData","EndpointUrl":"opc.tcp://localhost:61457/UA/SampleServer","ApplicationUri":"urn:desktop-bgfjs91:OPCFoundation:CoreSampleServer","DisplayName":"nsu=http://opcfoundation.org/UA/Plc/Applications;s=DipData","Timestamp":"2024-04-27T14:04:11.7586981Z","Value":{"Value":{"Type":11,"Body":-95.105651629515364},"SourceTimestamp":"2024-04-27T14:04:11.6667931Z","ServerTimestamp":"2024-04-27T14:04:11.666801Z"},"SequenceNumber":81,"ExtensionFields":{}}