{"NodeId":"nsu=http://opcfoundation.org/UA/Plc/Applications;s=DipData","EndpointUrl":"opc.tcp://localhost:61457/UA/SampleServer","ApplicationUri":"urn:desktop-bgfjs91:OPCFoundation:CoreSampleServer","DisplayName":"nsu=http://opcfoundation.org/UA/Plc/Applications;s=DipData","Timestamp":"2024-04-27T14:04:18.8014833Z","Value":{"Value":{"Type":11,"Body":68.45471059286885},"SourceTimestamp":"2024-04-27T14:04:18.7701039Z","ServerTimestamp":"2024-04-27T14:04:18.7701117Z"},"SequenceNumber":87,"ExtensionFields":{}}