{"NodeId":"nsu=http://opcfoundation.org/UA/Plc/Applications;s=DipData","EndpointUrl":"opc.tcp://localhost:61457/UA/SampleServer","ApplicationUri":"urn:desktop-bgfjs91:OPCFoundation:CoreSampleServer","DisplayName":"nsu=http://opcfoundation.org/UA/Plc/Applications;s=DipData","Timestamp":"2024-04-27T14:04:20.7812925Z","Value":{"Value":{"Type":11,"Body":-12.533323356430378},"SourceTimestamp":"2024-04-27T14:04:20.7651786Z","ServerTimestamp":"2024-04-27T14:04:20.7651812Z"},"SequenceNumber":89,"ExtensionFields":{}}