{"NodeId":"nsu=http://opcfoundation.org/UA/Plc/Applications;s=DipData","EndpointUrl":"opc.tcp://localhost:61457/UA/SampleServer","ApplicationUri":"urn:desktop-bgfjs91:OPCFoundation:CoreSampleServer","DisplayName":"nsu=http://opcfoundation.org/UA/Plc/Applications;s=DipData","Timestamp":"2024-04-27T14:04:26.7723011Z","Value":{"Value":{"Type":11,"Body":-95.105651629515364},"SourceTimestamp":"2024-04-27T14:04:26.6639361Z","ServerTimestamp":"2024-04-27T14:04:26.6639414Z"},"SequenceNumber":94,"ExtensionFields":{}}