{"MessageId":"38b865f9-4fcf-45b7-8c2c-cfb721763316","MessageType":"ua-data","PublisherId":"DESKTOP-BGFJS91","DataSetWriterGroup":"<<UnknownWriterGroup>>","Messages":[{"MetaDataVersion":{"MajorVersion":1},"MessageType":"ua-deltaframe","DataSetWriterName":"<<UnknownDataSet>>","Payload":{"nsu=http://opcfoundation.org/UA/Plc/Applications;s=StepUp":{"Value":{"Type":7,"Body":1077},"SourceTimestamp":"2024-04-27T12:27:08.5784907Z"},"nsu=http://opcfoundation.org/UA/Plc/Applications;s=RandomSignedInt32":{"Value":{"Type":6,"Body":-875803652},"SourceTimestamp":"2024-04-27T12:27:08.5785349Z"},"nsu=http://opcfoundation.org/UA/Plc/Applications;s=RandomUnsignedInt32":{"Value":{"Type":7,"Body":153135618},"SourceTimestamp":"2024-04-27T12:27:08.5785173Z"},"nsu=http://opcfoundation.org/UA/Plc/Applications;s=DipData":{"Value":{"Type":11,"Body":12.53332335643041},"SourceTimestamp":"2024-04-27T12:27:08.5785313Z"},"nsu=http://opcfoundation.org/UA/Plc/Applications;s=FastUIntScalar1":{"Value":{"Type":7,"Body":107},"SourceTimestamp":"2024-04-27T12:27:07.8847394Z"},"nsu=http://opcfoundation.org/UA/Plc/Applications;s=FastUIntScalar2":{"Value":{"Type":7,"Body":107},"SourceTimestamp":"2024-04-27T12:27:07.8847537Z"},"nsu=http://opcfoundation.org/UA/Plc/Applications;s=FastUIntScalar3":{"Value":{"Type":7,"Body":107},"SourceTimestamp":"2024-04-27T12:27:07.8847577Z"},"nsu=http://opcfoundation.org/UA/Plc/Applications;s=FastRandomUIntScalar1":{"Value":{"Type":7,"Body":3059451856},"SourceTimestamp":"2024-04-27T12:27:07.884743Z"},"nsu=http://opcfoundation.org/UA/Plc/Applications;s=FastRandomUIntScalar2":{"Value":{"Type":7,"Body":217667391},"SourceTimestamp":"2024-04-27T12:27:07.8847563Z"},"nsu=http://opcfoundation.org/UA/Plc/Applications;s=FastRandomUIntScalar3":{"Value":{"Type":7,"Body":2954365231},"SourceTimestamp":"2024-04-27T12:27:07.8847587Z"},"nsu=http://opcfoundation.org/UA/Plc/Applications;s=SpikeData":{"Value":{"Type":11,"Body":12.53332335643041},"SourceTimestamp":"2024-04-27T12:27:08.5785803Z"}}}]}