{"MessageId":"fafaff37-4d4b-477c-b18e-4ce24a05c004","MessageType":"ua-data","PublisherId":"DESKTOP-BGFJS91","DataSetWriterGroup":"<<UnknownWriterGroup>>","Messages":[{"MetaDataVersion":{"MajorVersion":1},"MessageType":"ua-deltaframe","DataSetWriterName":"<<UnknownDataSet>>","Payload":{"nsu=http://opcfoundation.org/UA/Plc/Applications;s=StepUp":{"Value":{"Type":7,"Body":208},"SourceTimestamp":"2024-04-27T12:25:41.6778181Z"},"nsu=http://opcfoundation.org/UA/Plc/Applications;s=AlternatingBoolean":{"Value":{"Type":1,"Body":true},"SourceTimestamp":"2024-04-27T12:25:40.9823361Z"},"nsu=http://opcfoundation.org/UA/Plc/Applications;s=RandomSignedInt32":{"Value":{"Type":6,"Body":1510406398},"SourceTimestamp":"2024-04-27T12:25:41.5840977Z"},"nsu=http://opcfoundation.org/UA/Plc/Applications;s=RandomUnsignedInt32":{"Value":{"Type":7,"Body":489328397},"SourceTimestamp":"2024-04-27T12:25:41.5840717Z"},"nsu=http://opcfoundation.org/UA/Plc/Applications;s=DipData":{"Value":{"Type":11,"Body":-68.454710592868821},"SourceTimestamp":"2024-04-27T12:25:41.5841006Z"},"nsu=http://opcfoundation.org/UA/Plc/Applications;s=FastUIntScalar1":{"Value":{"Type":7,"Body":20},"SourceTimestamp":"2024-04-27T12:25:40.8744873Z"},"nsu=http://opcfoundation.org/UA/Plc/Applications;s=FastUIntScalar2":{"Value":{"Type":7,"Body":20},"SourceTimestamp":"2024-04-27T12:25:40.8744938Z"},"nsu=http://opcfoundation.org/UA/Plc/Applications;s=FastUIntScalar3":{"Value":{"Type":7,"Body":20},"SourceTimestamp":"2024-04-27T12:25:40.8745012Z"},"nsu=http://opcfoundation.org/UA/Plc/Applications;s=FastRandomUIntScalar1":{"Value":{"Type":7,"Body":1715858338},"SourceTimestamp":"2024-04-27T12:25:40.874487Z"},"nsu=http://opcfoundation.org/UA/Plc/Applications;s=FastRandomUIntScalar2":{"Value":{"Type":7,"Body":4243521171},"SourceTimestamp":"2024-04-27T12:25:40.8744889Z"},"nsu=http://opcfoundation.org/UA/Plc/Applications;s=FastRandomUIntScalar3":{"Value":{"Type":7,"Body":4064955018},"SourceTimestamp":"2024-04-27T12:25:40.874495Z"},"nsu=http://opcfoundation.org/UA/Plc/Applications;s=SpikeData":{"Value":{"Type":11,"Body":-68.454710592868821},"SourceTimestamp":"2024-04-27T12:25:41.5840943Z"}}}]}