{"MessageId":"925aa86a-a554-425a-88d0-0e9f3bab26af","MessageType":"ua-data","PublisherId":"DESKTOP-BGFJS91","DataSetWriterGroup":"<<UnknownWriterGroup>>","Messages":[{"MetaDataVersion":{"MajorVersion":1},"MessageType":"ua-deltaframe","DataSetWriterName":"<<UnknownDataSet>>","Payload":{"nsu=http://opcfoundation.org/UA/Plc/Applications;s=StepUp":{"Value":{"Type":7,"Body":267},"SourceTimestamp":"2024-04-27T12:25:47.577272Z"},"nsu=http://opcfoundation.org/UA/Plc/Applications;s=RandomSignedInt32":{"Value":{"Type":6,"Body":-848330207},"SourceTimestamp":"2024-04-27T12:25:47.5772933Z"},"nsu=http://opcfoundation.org/UA/Plc/Applications;s=RandomUnsignedInt32":{"Value":{"Type":7,"Body":971008791},"SourceTimestamp":"2024-04-27T12:25:47.5772949Z"},"nsu=http://opcfoundation.org/UA/Plc/Applications;s=DipData":{"Value":{"Type":11,"Body":-90.482705246601981},"SourceTimestamp":"2024-04-27T12:25:47.5773064Z"},"nsu=http://opcfoundation.org/UA/Plc/Applications;s=FastUIntScalar1":{"Value":{"Type":7,"Body":26},"SourceTimestamp":"2024-04-27T12:25:46.8769745Z"},"nsu=http://opcfoundation.org/UA/Plc/Applications;s=FastUIntScalar2":{"Value":{"Type":7,"Body":26},"SourceTimestamp":"2024-04-27T12:25:46.8769911Z"},"nsu=http://opcfoundation.org/UA/Plc/Applications;s=FastUIntScalar3":{"Value":{"Type":7,"Body":26},"SourceTimestamp":"2024-04-27T12:25:46.876993Z"},"nsu=http://opcfoundation.org/UA/Plc/Applications;s=FastRandomUIntScalar1":{"Value":{"Type":7,"Body":3125866475},"SourceTimestamp":"2024-04-27T12:25:46.8769751Z"},"nsu=http://opcfoundation.org/UA/Plc/Applications;s=FastRandomUIntScalar2":{"Value":{"Type":7,"Body":1608793920},"SourceTimestamp":"2024-04-27T12:25:46.8770045Z"},"nsu=http://opcfoundation.org/UA/Plc/Applications;s=FastRandomUIntScalar3":{"Value":{"Type":7,"Body":4144844963},"SourceTimestamp":"2024-04-27T12:25:46.8770123Z"},"nsu=http://opcfoundation.org/UA/Plc/Applications;s=SpikeData":{"Value":{"Type":11,"Body":-90.482705246601981},"SourceTimestamp":"2024-04-27T12:25:47.5773182Z"}}}]}