{"MessageId":"c346d9aa-63c5-4231-99a1-e787b8014723","MessageType":"ua-data","PublisherId":"DESKTOP-BGFJS91","DataSetWriterGroup":"<<UnknownWriterGroup>>","Messages":[{"MetaDataVersion":{"MajorVersion":1},"MessageType":"ua-deltaframe","DataSetWriterName":"<<UnknownDataSet>>","Payload":{"nsu=http://opcfoundation.org/UA/Plc/Applications;s=StepUp":{"Value":{"Type":7,"Body":348},"SourceTimestamp":"2024-04-27T12:25:55.6756278Z"},"nsu=http://opcfoundation.org/UA/Plc/Applications;s=RandomSignedInt32":{"Value":{"Type":6,"Body":-1926996297},"SourceTimestamp":"2024-04-27T12:25:55.6756386Z"},"nsu=http://opcfoundation.org/UA/Plc/Applications;s=RandomUnsignedInt32":{"Value":{"Type":7,"Body":2009790068},"SourceTimestamp":"2024-04-27T12:25:55.6756527Z"},"nsu=http://opcfoundation.org/UA/Plc/Applications;s=DipData":{"Value":{"Type":11,"Body":36.812455268467801},"SourceTimestamp":"2024-04-27T12:25:55.6756678Z"},"nsu=http://opcfoundation.org/UA/Plc/Applications;s=FastUIntScalar1":{"Value":{"Type":7,"Body":34},"SourceTimestamp":"2024-04-27T12:25:54.8738489Z"},"nsu=http://opcfoundation.org/UA/Plc/Applications;s=FastUIntScalar2":{"Value":{"Type":7,"Body":34},"SourceTimestamp":"2024-04-27T12:25:54.8738934Z"},"nsu=http://opcfoundation.org/UA/Plc/Applications;s=FastUIntScalar3":{"Value":{"Type":7,"Body":34},"SourceTimestamp":"2024-04-27T12:25:54.8738974Z"},"nsu=http://opcfoundation.org/UA/Plc/Applications;s=FastRandomUIntScalar1":{"Value":{"Type":7,"Body":236430811},"SourceTimestamp":"2024-04-27T12:25:54.8738341Z"},"nsu=http://opcfoundation.org/UA/Plc/Applications;s=FastRandomUIntScalar2":{"Value":{"Type":7,"Body":400561826},"SourceTimestamp":"2024-04-27T12:25:54.8738509Z"},"nsu=http://opcfoundation.org/UA/Plc/Applications;s=FastRandomUIntScalar3":{"Value":{"Type":7,"Body":1125395290},"SourceTimestamp":"2024-04-27T12:25:54.8739066Z"},"nsu=http://opcfoundation.org/UA/Plc/Applications;s=SpikeData":{"Value":{"Type":11,"Body":36.812455268467801},"SourceTimestamp":"2024-04-27T12:25:55.675662Z"}}}]}