{"MessageId":"18a81d33-797b-46fc-ac55-8b7a47d01d8d","MessageType":"ua-data","PublisherId":"DESKTOP-BGFJS91","DataSetWriterGroup":"<<UnknownWriterGroup>>","Messages":[{"MetaDataVersion":{"MajorVersion":1},"MessageType":"ua-deltaframe","DataSetWriterName":"<<UnknownDataSet>>","Payload":{"nsu=http://opcfoundation.org/UA/Plc/Applications;s=StepUp":{"Value":{"Type":7,"Body":358},"SourceTimestamp":"2024-04-27T12:25:56.6828392Z"},"nsu=http://opcfoundation.org/UA/Plc/Applications;s=AlternatingBoolean":{"Value":{"Type":1,"Body":false},"SourceTimestamp":"2024-04-27T12:25:55.9827884Z"},"nsu=http://opcfoundation.org/UA/Plc/Applications;s=RandomSignedInt32":{"Value":{"Type":6,"Body":369886134},"SourceTimestamp":"2024-04-27T12:25:56.6828673Z"},"nsu=http://opcfoundation.org/UA/Plc/Applications;s=RandomUnsignedInt32":{"Value":{"Type":7,"Body":1601314420},"SourceTimestamp":"2024-04-27T12:25:56.682864Z"},"nsu=http://opcfoundation.org/UA/Plc/Applications;s=DipData":{"Value":{"Type":11,"Body":-77.0513242775789},"SourceTimestamp":"2024-04-27T12:25:56.6828755Z"},"nsu=http://opcfoundation.org/UA/Plc/Applications;s=FastUIntScalar1":{"Value":{"Type":7,"Body":35},"SourceTimestamp":"2024-04-27T12:25:55.8747023Z"},"nsu=http://opcfoundation.org/UA/Plc/Applications;s=FastUIntScalar2":{"Value":{"Type":7,"Body":35},"SourceTimestamp":"2024-04-27T12:25:55.8747151Z"},"nsu=http://opcfoundation.org/UA/Plc/Applications;s=FastUIntScalar3":{"Value":{"Type":7,"Body":35},"SourceTimestamp":"2024-04-27T12:25:55.8747313Z"},"nsu=http://opcfoundation.org/UA/Plc/Applications;s=FastRandomUIntScalar1":{"Value":{"Type":7,"Body":1239758770},"SourceTimestamp":"2024-04-27T12:25:55.8747071Z"},"nsu=http://opcfoundation.org/UA/Plc/Applications;s=FastRandomUIntScalar2":{"Value":{"Type":7,"Body":765350221},"SourceTimestamp":"2024-04-27T12:25:55.8747385Z"},"nsu=http://opcfoundation.org/UA/Plc/Applications;s=FastRandomUIntScalar3":{"Value":{"Type":7,"Body":3187059069},"SourceTimestamp":"2024-04-27T12:25:55.8747414Z"},"nsu=http://opcfoundation.org/UA/Plc/Applications;s=NegativeTrendData":{"Value":{"Type":11,"Body":99.900000000000006},"SourceTimestamp":"2024-04-27T12:25:55.9828206Z"},"nsu=http://opcfoundation.org/UA/Plc/Applications;s=SpikeData":{"Value":{"Type":11,"Body":-77.0513242775789},"SourceTimestamp":"2024-04-27T12:25:56.6828795Z"}}}]}