{"MessageId":"cd0abd3d-c563-47fe-bba5-5c473dd1812e","MessageType":"ua-data","PublisherId":"DESKTOP-BGFJS91","DataSetWriterGroup":"<<UnknownWriterGroup>>","Messages":[{"MetaDataVersion":{"MajorVersion":1},"MessageType":"ua-deltaframe","DataSetWriterName":"<<UnknownDataSet>>","Payload":{"nsu=http://opcfoundation.org/UA/Plc/Applications;s=StepUp":{"Value":{"Type":7,"Body":498},"SourceTimestamp":"2024-04-27T12:26:10.674132Z"},"nsu=http://opcfoundation.org/UA/Plc/Applications;s=RandomSignedInt32":{"Value":{"Type":6,"Body":-1721582589},"SourceTimestamp":"2024-04-27T12:26:10.6741939Z"},"nsu=http://opcfoundation.org/UA/Plc/Applications;s=RandomUnsignedInt32":{"Value":{"Type":7,"Body":1091257633},"SourceTimestamp":"2024-04-27T12:26:10.6741635Z"},"nsu=http://opcfoundation.org/UA/Plc/Applications;s=DipData":{"Value":{"Type":11,"Body":36.812455268467801},"SourceTimestamp":"2024-04-27T12:26:10.674178Z"},"nsu=http://opcfoundation.org/UA/Plc/Applications;s=FastUIntScalar1":{"Value":{"Type":7,"Body":49},"SourceTimestamp":"2024-04-27T12:26:09.8846014Z"},"nsu=http://opcfoundation.org/UA/Plc/Applications;s=FastUIntScalar2":{"Value":{"Type":7,"Body":49},"SourceTimestamp":"2024-04-27T12:26:09.8846125Z"},"nsu=http://opcfoundation.org/UA/Plc/Applications;s=FastUIntScalar3":{"Value":{"Type":7,"Body":49},"SourceTimestamp":"2024-04-27T12:26:09.8846215Z"},"nsu=http://opcfoundation.org/UA/Plc/Applications;s=FastRandomUIntScalar1":{"Value":{"Type":7,"Body":804151228},"SourceTimestamp":"2024-04-27T12:26:09.8846116Z"},"nsu=http://opcfoundation.org/UA/Plc/Applications;s=FastRandomUIntScalar2":{"Value":{"Type":7,"Body":3869424432},"SourceTimestamp":"2024-04-27T12:26:09.8846204Z"},"nsu=http://opcfoundation.org/UA/Plc/Applications;s=FastRandomUIntScalar3":{"Value":{"Type":7,"Body":3350666734},"SourceTimestamp":"2024-04-27T12:26:09.8846225Z"},"nsu=http://opcfoundation.org/UA/Plc/Applications;s=SpikeData":{"Value":{"Type":11,"Body":36.812455268467801},"SourceTimestamp":"2024-04-27T12:26:10.6741854Z"}}}]}