{"MessageId":"e3187d1c-243a-4213-91dd-5999df39744d","MessageType":"ua-data","PublisherId":"DESKTOP-BGFJS91","DataSetWriterGroup":"<<UnknownWriterGroup>>","Messages":[{"MetaDataVersion":{"MajorVersion":1},"MessageType":"ua-deltaframe","DataSetWriterName":"<<UnknownDataSet>>","Payload":{"nsu=http://opcfoundation.org/UA/Plc/Applications;s=SlowUIntScalar1":{"Value":{"Type":7,"Body":7},"SourceTimestamp":"2024-04-27T12:26:30.8826316Z"},"nsu=http://opcfoundation.org/UA/Plc/Applications;s=SlowUIntScalar2":{"Value":{"Type":7,"Body":7},"SourceTimestamp":"2024-04-27T12:26:30.8826516Z"},"nsu=http://opcfoundation.org/UA/Plc/Applications;s=SlowUIntScalar3":{"Value":{"Type":7,"Body":7},"SourceTimestamp":"2024-04-27T12:26:30.8826544Z"},"nsu=http://opcfoundation.org/UA/Plc/Applications;s=BadSlowUIntScalar1":{"Value":{"Type":7,"Body":7},"SourceTimestamp":"2024-04-27T12:26:30.8826627Z"},"nsu=http://opcfoundation.org/UA/Plc/Applications;s=SlowRandomUIntScalar1":{"Value":{"Type":7,"Body":3927376804},"SourceTimestamp":"2024-04-27T12:26:30.8826374Z"},"nsu=http://opcfoundation.org/UA/Plc/Applications;s=SlowRandomUIntScalar2":{"Value":{"Type":7,"Body":1026161816},"SourceTimestamp":"2024-04-27T12:26:30.8826617Z"},"nsu=http://opcfoundation.org/UA/Plc/Applications;s=SlowRandomUIntScalar3":{"Value":{"Type":7,"Body":2187516926},"SourceTimestamp":"2024-04-27T12:26:30.8826637Z"},"nsu=http://opcfoundation.org/UA/Plc/Applications;s=BadSlowRandomUIntScalar1":{"Value":{"Type":7,"Body":1188088079},"SourceTimestamp":"2024-04-27T12:26:30.8826657Z"}}}]}