{"MessageId":"d8950bf5-5588-42c5-a732-8c1038f45525","MessageType":"ua-data","PublisherId":"DESKTOP-BGFJS91","DataSetWriterGroup":"<<UnknownWriterGroup>>","Messages":[{"MetaDataVersion":{"MajorVersion":1},"MessageType":"ua-deltaframe","DataSetWriterName":"<<UnknownDataSet>>","Payload":{"nsu=http://opcfoundation.org/UA/Plc/Applications;s=StepUp":{"Value":{"Type":7,"Body":748},"SourceTimestamp":"2024-04-27T12:26:35.6720957Z"},"nsu=http://opcfoundation.org/UA/Plc/Applications;s=RandomSignedInt32":{"Value":{"Type":6,"Body":1456113717},"SourceTimestamp":"2024-04-27T12:26:35.672104Z"},"nsu=http://opcfoundation.org/UA/Plc/Applications;s=RandomUnsignedInt32":{"Value":{"Type":7,"Body":770167267},"SourceTimestamp":"2024-04-27T12:26:35.6721159Z"},"nsu=http://opcfoundation.org/UA/Plc/Applications;s=DipData":{"Value":{"Type":11,"Body":36.812455268467801},"SourceTimestamp":"2024-04-27T12:26:35.6721167Z"},"nsu=http://opcfoundation.org/UA/Plc/Applications;s=FastUIntScalar1":{"Value":{"Type":7,"Body":74},"SourceTimestamp":"2024-04-27T12:26:34.8714424Z"},"nsu=http://opcfoundation.org/UA/Plc/Applications;s=FastUIntScalar2":{"Value":{"Type":7,"Body":74},"SourceTimestamp":"2024-04-27T12:26:34.8715128Z"},"nsu=http://opcfoundation.org/UA/Plc/Applications;s=FastUIntScalar3":{"Value":{"Type":7,"Body":74},"SourceTimestamp":"2024-04-27T12:26:34.8715258Z"},"nsu=http://opcfoundation.org/UA/Plc/Applications;s=FastRandomUIntScalar1":{"Value":{"Type":7,"Body":3991787838},"SourceTimestamp":"2024-04-27T12:26:34.8714274Z"},"nsu=http://opcfoundation.org/UA/Plc/Applications;s=FastRandomUIntScalar2":{"Value":{"Type":7,"Body":3457408256},"SourceTimestamp":"2024-04-27T12:26:34.8714462Z"},"nsu=http://opcfoundation.org/UA/Plc/Applications;s=FastRandomUIntScalar3":{"Value":{"Type":7,"Body":2762580989},"SourceTimestamp":"2024-04-27T12:26:34.8715375Z"},"nsu=http://opcfoundation.org/UA/Plc/Applications;s=SpikeData":{"Value":{"Type":11,"Body":1000},"SourceTimestamp":"2024-04-27T12:26:35.6721255Z"}}}]}