{"MessageId":"66947924-0683-4f01-a7b9-c1b963062955","MessageType":"ua-data","PublisherId":"DESKTOP-BGFJS91","DataSetWriterGroup":"<<UnknownWriterGroup>>","Messages":[{"MetaDataVersion":{"MajorVersion":1},"MessageType":"ua-deltaframe","DataSetWriterName":"<<UnknownDataSet>>","Payload":{"nsu=http://opcfoundation.org/UA/Plc/Applications;s=StepUp":{"Value":{"Type":7,"Body":958},"SourceTimestamp":"2024-04-27T12:26:56.6738479Z"},"nsu=http://opcfoundation.org/UA/Plc/Applications;s=AlternatingBoolean":{"Value":{"Type":1,"Body":false},"SourceTimestamp":"2024-04-27T12:26:55.9780071Z"},"nsu=http://opcfoundation.org/UA/Plc/Applications;s=RandomSignedInt32":{"Value":{"Type":6,"Body":1304990139},"SourceTimestamp":"2024-04-27T12:26:56.6738969Z"},"nsu=http://opcfoundation.org/UA/Plc/Applications;s=RandomUnsignedInt32":{"Value":{"Type":7,"Body":850299808},"SourceTimestamp":"2024-04-27T12:26:56.6738947Z"},"nsu=http://opcfoundation.org/UA/Plc/Applications;s=DipData":{"Value":{"Type":11,"Body":-77.0513242775789},"SourceTimestamp":"2024-04-27T12:26:56.6739077Z"},"nsu=http://opcfoundation.org/UA/Plc/Applications;s=FastUIntScalar1":{"Value":{"Type":7,"Body":95},"SourceTimestamp":"2024-04-27T12:26:55.8703935Z"},"nsu=http://opcfoundation.org/UA/Plc/Applications;s=FastUIntScalar2":{"Value":{"Type":7,"Body":95},"SourceTimestamp":"2024-04-27T12:26:55.8704099Z"},"nsu=http://opcfoundation.org/UA/Plc/Applications;s=FastUIntScalar3":{"Value":{"Type":7,"Body":95},"SourceTimestamp":"2024-04-27T12:26:55.8704195Z"},"nsu=http://opcfoundation.org/UA/Plc/Applications;s=FastRandomUIntScalar1":{"Value":{"Type":7,"Body":1188385519},"SourceTimestamp":"2024-04-27T12:26:55.8704198Z"},"nsu=http://opcfoundation.org/UA/Plc/Applications;s=FastRandomUIntScalar2":{"Value":{"Type":7,"Body":3136416988},"SourceTimestamp":"2024-04-27T12:26:55.8704373Z"},"nsu=http://opcfoundation.org/UA/Plc/Applications;s=FastRandomUIntScalar3":{"Value":{"Type":7,"Body":3690690907},"SourceTimestamp":"2024-04-27T12:26:55.8704412Z"},"nsu=http://opcfoundation.org/UA/Plc/Applications;s=NegativeTrendData":{"Value":{"Type":11,"Body":98.700000000000003},"SourceTimestamp":"2024-04-27T12:26:55.9780178Z"},"nsu=http://opcfoundation.org/UA/Plc/Applications;s=PositiveTrendData":{"Value":{"Type":11,"Body":101},"SourceTimestamp":"2024-04-27T12:26:55.9780284Z"},"nsu=http://opcfoundation.org/UA/Plc/Applications;s=SpikeData":{"Value":{"Type":11,"Body":-77.0513242775789},"SourceTimestamp":"2024-04-27T12:26:56.6739222Z"}}}]}