{"NodeId":"nsu=http://opcfoundation.org/UA/Plc/Applications;s=SlowUIntScalar2","EndpointUrl":"opc.tcp://localhost:61457/UA/SampleServer","ApplicationUri":"urn:desktop-bgfjs91:OPCFoundation:CoreSampleServer","DisplayName":"nsu=http://opcfoundation.org/UA/Plc/Applications;s=SlowUIntScalar2","Timestamp":"2024-04-27T14:03:27.082723Z","Value":{"Value":{"Type":7,"Body":5},"SourceTimestamp":"2024-04-27T14:03:25.5671464Z","ServerTimestamp":"2024-04-27T14:03:25.5671594Z"},"SequenceNumber":5,"ExtensionFields":{}}