{"NodeId":"nsu=http://opcfoundation.org/UA/Plc/Applications;s=BadFastRandomUIntScalar1","EndpointUrl":"opc.tcp://localhost:61457/UA/SampleServer","ApplicationUri":"urn:desktop-bgfjs91:OPCFoundation:CoreSampleServer","DisplayName":"BadFastRandomUIntScalar1","Timestamp":"2024-04-27T14:26:32.0273524Z","Value":{"Value":{"Type":7,"Body":1651864550},"StatusCode":1083179008,"SourceTimestamp":"2024-04-27T14:26:31.2487209Z","ServerTimestamp":"2024-04-27T14:26:31.2487214Z"},"SequenceNumber":137,"ExtensionFields":{}}