{"NodeId":"nsu=http://opcfoundation.org/UA/Plc/Applications;s=Special_\"!§$%&/()=?`´\\+~*'#_-:.;,<>|@^°€µ{[]}","EndpointUrl":"opc.tcp://localhost:61457/UA/SampleServer","ApplicationUri":"urn:desktop-bgfjs91:OPCFoundation:CoreSampleServer","DisplayName":"\"!§$%&/()=?`´\\+~*'#_-:.;,<>|@^°€µ{[]}","Timestamp":"2024-04-27T14:26:26.0301589Z","Value":{"Value":{"Type":7,"Body":2},"SourceTimestamp":"2024-04-27T14:26:25.2508216Z","ServerTimestamp":"2024-04-27T14:26:25.2765977Z"},"SequenceNumber":32,"ExtensionFields":{}}