{"NodeId":"nsu=http://opcfoundation.org/UA/Plc/Applications;s=Special_\"!§$%&/()=?`´\\+~*'#_-:.;,<>|@^°€µ{[]}","EndpointUrl":"opc.tcp://localhost:61457/UA/SampleServer","ApplicationUri":"urn:desktop-bgfjs91:OPCFoundation:CoreSampleServer","DisplayName":"\"!§$%&/()=?`´\\+~*'#_-:.;,<>|@^°€µ{[]}","Timestamp":"2024-04-27T14:26:43.0701997Z","Value":{"Value":{"Type":7,"Body":19},"SourceTimestamp":"2024-04-27T14:26:42.2436029Z","ServerTimestamp":"2024-04-27T14:26:42.2436227Z"},"SequenceNumber":327,"ExtensionFields":{}}