{"NodeId":"nsu=http://opcfoundation.org/UA/Plc/Applications;s=BadFastRandomUIntScalar1","EndpointUrl":"opc.tcp://localhost:61457/UA/SampleServer","ApplicationUri":"urn:desktop-bgfjs91:OPCFoundation:CoreSampleServer","DisplayName":"BadFastRandomUIntScalar1","Timestamp":"2024-04-27T14:26:48.0273135Z","Value":{"Value":{"Type":7,"Body":1495316089},"StatusCode":1083179008,"SourceTimestamp":"2024-04-27T14:26:47.2382193Z","ServerTimestamp":"2024-04-27T14:26:47.2382238Z"},"SequenceNumber":433,"ExtensionFields":{}}