{"NodeId":"nsu=http://opcfoundation.org/UA/Plc/Applications;s=Special_\"!§$%&/()=?`´\\+~*'#_-:.;,<>|@^°€µ{[]}","EndpointUrl":"opc.tcp://localhost:61457/UA/SampleServer","ApplicationUri":"urn:desktop-bgfjs91:OPCFoundation:CoreSampleServer","DisplayName":"\"!§$%&/()=?`´\\+~*'#_-:.;,<>|@^°€µ{[]}","Timestamp":"2024-04-27T14:26:49.0254013Z","Value":{"Value":{"Type":7,"Body":25},"SourceTimestamp":"2024-04-27T14:26:48.2442091Z","ServerTimestamp":"2024-04-27T14:26:48.2442113Z"},"SequenceNumber":448,"ExtensionFields":{}}