{"NodeId":"nsu=http://opcfoundation.org/UA/Plc/Applications;s=Special_\"!§$%&/()=?`´\\+~*'#_-:.;,<>|@^°€µ{[]}","EndpointUrl":"opc.tcp://localhost:61457/UA/SampleServer","ApplicationUri":"urn:desktop-bgfjs91:OPCFoundation:CoreSampleServer","DisplayName":"\"!§$%&/()=?`´\\+~*'#_-:.;,<>|@^°€µ{[]}","Timestamp":"2024-04-27T14:26:51.0160173Z","Value":{"Value":{"Type":7,"Body":27},"SourceTimestamp":"2024-04-27T14:26:50.2482674Z","ServerTimestamp":"2024-04-27T14:26:50.2482691Z"},"SequenceNumber":476,"ExtensionFields":{}}