{"NodeId":"nsu=http://opcfoundation.org/UA/Plc/Applications;s=Special_\"!§$%&/()=?`´\\+~*'#_-:.;,<>|@^°€µ{[]}","EndpointUrl":"opc.tcp://localhost:61457/UA/SampleServer","ApplicationUri":"urn:desktop-bgfjs91:OPCFoundation:CoreSampleServer","DisplayName":"\"!§$%&/()=?`´\\+~*'#_-:.;,<>|@^°€µ{[]}","Timestamp":"2024-04-27T14:26:52.0668255Z","Value":{"Value":{"Type":7,"Body":28},"SourceTimestamp":"2024-04-27T14:26:51.243653Z","ServerTimestamp":"2024-04-27T14:26:51.2436539Z"},"SequenceNumber":496,"ExtensionFields":{}}