{"NodeId":"nsu=http://opcfoundation.org/UA/Plc/Applications;s=Special_\"!§$%&/()=?`´\\+~*'#_-:.;,<>|@^°€µ{[]}","EndpointUrl":"opc.tcp://localhost:61457/UA/SampleServer","ApplicationUri":"urn:desktop-bgfjs91:OPCFoundation:CoreSampleServer","DisplayName":"\"!§$%&/()=?`´\\+~*'#_-:.;,<>|@^°€µ{[]}","Timestamp":"2024-04-27T14:26:28.0132829Z","Value":{"Value":{"Type":7,"Body":4},"SourceTimestamp":"2024-04-27T14:26:27.2500548Z","ServerTimestamp":"2024-04-27T14:26:27.2500555Z"},"SequenceNumber":56,"ExtensionFields":{}}