{"NodeId":"nsu=http://opcfoundation.org/UA/Plc/Applications;s=Special_\"!§$%&/()=?`´\\+~*'#_-:.;,<>|@^°€µ{[]}","EndpointUrl":"opc.tcp://localhost:61457/UA/SampleServer","ApplicationUri":"urn:desktop-bgfjs91:OPCFoundation:CoreSampleServer","DisplayName":"\"!§$%&/()=?`´\\+~*'#_-:.;,<>|@^°€µ{[]}","Timestamp":"2024-04-27T14:26:30.0507085Z","Value":{"Value":{"Type":7,"Body":6},"SourceTimestamp":"2024-04-27T14:26:29.2433069Z","ServerTimestamp":"2024-04-27T14:26:29.2433158Z"},"SequenceNumber":97,"ExtensionFields":{}}