{"NodeId":"nsu=http://opcfoundation.org/UA/Plc/Applications;s=075fa67c-24f5-813c-ac46-99ef9f975ff3","EndpointUrl":"opc.tcp://localhost:61457/UA/SampleServer","ApplicationUri":"urn:desktop-bgfjs91:OPCFoundation:CoreSampleServer","DisplayName":"075fa67c-24f5-813c-ac46-99ef9f975ff3","Timestamp":"2024-04-27T14:26:30.0507085Z","Value":{"Value":{"Type":7,"Body":6},"SourceTimestamp":"2024-04-27T14:26:29.2431835Z","ServerTimestamp":"2024-04-27T14:26:29.2431882Z"},"SequenceNumber":98,"ExtensionFields":{}}