[{"SequenceNumber":32,"MetaDataVersion":{"MajorVersion":1},"Timestamp":"2024-04-27T15:26:01.6729922Z","MessageType":"ua-deltaframe","DataSetWriterName":"<<UnknownDataSet>>","Payload":{"DoubleValues":{"Value":{"Type":11,"Body":-100},"SourceTimestamp":"2024-04-27T15:26:00.6397222Z","ServerTimestamp":"2024-04-27T15:26:00.6397186Z"},"Int64Values":{"Value":{"Type":8,"Body":"-57"},"SourceTimestamp":"2024-04-27T15:26:00.6397285Z","ServerTimestamp":"2024-04-27T15:26:00.639728Z"}}},{"SequenceNumber":33,"MetaDataVersion":{"MajorVersion":1},"Timestamp":"2024-04-27T15:26:01.6729922Z","MessageType":"ua-deltaframe","DataSetWriterName":"<<UnknownDataSet>>","Payload":{"DoubleValues":{"Value":{"Type":11,"Body":100},"SourceTimestamp":"2024-04-27T15:26:01.6410062Z","ServerTimestamp":"2024-04-27T15:26:01.6410005Z"},"Int64Values":{"Value":{"Type":8,"Body":"-90"},"SourceTimestamp":"2024-04-27T15:26:01.6410178Z","ServerTimestamp":"2024-04-27T15:26:01.6410168Z"}}}]