[{"SequenceNumber":48,"MetaDataVersion":{"MajorVersion":1},"Timestamp":"2024-04-27T15:26:18.6749244Z","MessageType":"ua-deltaframe","DataSetWriterName":"<<UnknownDataSet>>","Payload":{"DoubleValues":{"Value":{"Type":11,"Body":-24},"SourceTimestamp":"2024-04-27T15:26:16.6336522Z","ServerTimestamp":"2024-04-27T15:26:16.6336477Z"},"Int64Values":{"Value":{"Type":8,"Body":"-26"},"SourceTimestamp":"2024-04-27T15:26:16.6336594Z","ServerTimestamp":"2024-04-27T15:26:16.6336586Z"}}},{"SequenceNumber":49,"MetaDataVersion":{"MajorVersion":1},"Timestamp":"2024-04-27T15:26:18.6749244Z","MessageType":"ua-deltaframe","DataSetWriterName":"<<UnknownDataSet>>","Payload":{"DoubleValues":{"Value":{"Type":11,"Body":76},"SourceTimestamp":"2024-04-27T15:26:17.6354739Z","ServerTimestamp":"2024-04-27T15:26:17.6354697Z"},"Int64Values":{"Value":{"Type":8,"Body":"-95"},"SourceTimestamp":"2024-04-27T15:26:17.6354836Z","ServerTimestamp":"2024-04-27T15:26:17.6354828Z"}}},{"SequenceNumber":50,"MetaDataVersion":{"MajorVersion":1},"Timestamp":"2024-04-27T15:26:18.6749244Z","MessageType":"ua-deltaframe","DataSetWriterName":"<<UnknownDataSet>>","Payload":{"DoubleValues":{"Value":{"Type":11,"Body":-1},"SourceTimestamp":"2024-04-27T15:26:18.6428579Z","ServerTimestamp":"2024-04-27T15:26:18.6428477Z"},"Int64Values":{"Value":{"Type":8,"Body":"90"},"SourceTimestamp":"2024-04-27T15:26:18.6428663Z","ServerTimestamp":"2024-04-27T15:26:18.6428657Z"}}}]