[{"SequenceNumber":56,"MetaDataVersion":{"MajorVersion":1},"Timestamp":"2024-04-27T15:26:26.6742784Z","MessageType":"ua-deltaframe","DataSetWriterName":"<<UnknownDataSet>>","Payload":{"DoubleValues":{"Value":{"Type":11,"Body":7},"SourceTimestamp":"2024-04-27T15:26:25.6335807Z","ServerTimestamp":"2024-04-27T15:26:25.6335767Z"},"Int64Values":{"Value":{"Type":8,"Body":"94"},"SourceTimestamp":"2024-04-27T15:26:25.6335986Z","ServerTimestamp":"2024-04-27T15:26:25.6335978Z"}}},{"SequenceNumber":57,"MetaDataVersion":{"MajorVersion":1},"Timestamp":"2024-04-27T15:26:26.6742784Z","MessageType":"ua-deltaframe","DataSetWriterName":"<<UnknownDataSet>>","Payload":{"Int64Values":{"Value":{"Type":8,"Body":"-15"},"SourceTimestamp":"2024-04-27T15:26:26.6435658Z","ServerTimestamp":"2024-04-27T15:26:26.6435654Z"}}}]