[{"SequenceNumber":63,"MetaDataVersion":{"MajorVersion":1},"Timestamp":"2024-04-27T15:26:33.6745051Z","MessageType":"ua-deltaframe","DataSetWriterName":"<<UnknownDataSet>>","Payload":{"DoubleValues":{"Value":{"Type":11,"Body":68},"SourceTimestamp":"2024-04-27T15:26:32.6334157Z","ServerTimestamp":"2024-04-27T15:26:32.6334089Z"},"Int64Values":{"Value":{"Type":8,"Body":"49"},"SourceTimestamp":"2024-04-27T15:26:33.6435244Z","ServerTimestamp":"2024-04-27T15:26:33.6435224Z"}}},{"SequenceNumber":64,"MetaDataVersion":{"MajorVersion":1},"Timestamp":"2024-04-27T15:26:33.6745051Z","MessageType":"ua-deltaframe","DataSetWriterName":"<<UnknownDataSet>>","Payload":{"DoubleValues":{"Value":{"Type":11,"Body":-40},"SourceTimestamp":"2024-04-27T15:26:33.6435082Z","ServerTimestamp":"2024-04-27T15:26:33.6435009Z"}}}]