[{"SequenceNumber":69,"MetaDataVersion":{"MajorVersion":1},"Timestamp":"2024-04-27T15:26:39.6739638Z","MessageType":"ua-deltaframe","DataSetWriterName":"<<UnknownDataSet>>","Payload":{"DoubleValues":{"Value":{"Type":11,"Body":-56},"SourceTimestamp":"2024-04-27T15:26:38.6360722Z","ServerTimestamp":"2024-04-27T15:26:38.6360666Z"},"Int64Values":{"Value":{"Type":8,"Body":"-93"},"SourceTimestamp":"2024-04-27T15:26:38.6360879Z","ServerTimestamp":"2024-04-27T15:26:38.6360868Z"}}},{"SequenceNumber":70,"MetaDataVersion":{"MajorVersion":1},"Timestamp":"2024-04-27T15:26:39.6739638Z","MessageType":"ua-deltaframe","DataSetWriterName":"<<UnknownDataSet>>","Payload":{"DoubleValues":{"Value":{"Type":11,"Body":87},"SourceTimestamp":"2024-04-27T15:26:39.6425823Z","ServerTimestamp":"2024-04-27T15:26:39.6425767Z"},"Int64Values":{"Value":{"Type":8,"Body":"-34"},"SourceTimestamp":"2024-04-27T15:26:39.6425932Z","ServerTimestamp":"2024-04-27T15:26:39.6425924Z"}}}]