[{"SequenceNumber":96,"MetaDataVersion":{"MajorVersion":1},"Timestamp":"2024-04-27T15:27:06.6731278Z","MessageType":"ua-deltaframe","DataSetWriterName":"<<UnknownDataSet>>","Payload":{"DoubleValues":{"Value":{"Type":11,"Body":17},"SourceTimestamp":"2024-04-27T15:27:05.6451424Z","ServerTimestamp":"2024-04-27T15:27:05.6451379Z"},"Int64Values":{"Value":{"Type":8,"Body":"81"},"SourceTimestamp":"2024-04-27T15:27:05.6451502Z","ServerTimestamp":"2024-04-27T15:27:05.6451495Z"}}},{"SequenceNumber":97,"MetaDataVersion":{"MajorVersion":1},"Timestamp":"2024-04-27T15:27:06.6731278Z","MessageType":"ua-deltaframe","DataSetWriterName":"<<UnknownDataSet>>","Payload":{"DoubleValues":{"Value":{"Type":11,"Body":-97},"SourceTimestamp":"2024-04-27T15:27:06.6421235Z","ServerTimestamp":"2024-04-27T15:27:06.6421174Z"},"Int64Values":{"Value":{"Type":8,"Body":"-67"},"SourceTimestamp":"2024-04-27T15:27:06.6421353Z","ServerTimestamp":"2024-04-27T15:27:06.6421343Z"}}}]