{"$schema":"http://json-schema.org/draft-07/schema#","type":"array","items":{"$ref":"#/definitions/org.github.microsoft.opcpublisher.Telemetry"},"definitions":{"org.opcfoundation.UA.UInt32":{"$id":"http://opcfoundation.org/UA/#UInt32","title":"OPC UA built in type UInt32","type":"integer","minimum":0,"maximum":4294967295,"default":0,"format":"uint32"},"org.opcfoundation.UA.Boolean":{"$id":"http://opcfoundation.org/UA/#Boolean","title":"OPC UA built in type Boolean","type":"boolean"},"org.opcfoundation.UA.Double":{"$id":"http://opcfoundation.org/UA/#Double","title":"OPC UA built in type Double","type":"number","minimum":-1.7976931348623157E+308,"maximum":1.7976931348623157E+308,"default":0,"format":"double"},"org.opcfoundation.UA.ByteString":{"$id":"http://opcfoundation.org/UA/#ByteString","title":"OPC UA built in type ByteString","type":"string","format":"byte"},"org.opcfoundation.UA.String":{"$id":"http://opcfoundation.org/UA/#String","title":"OPC UA built in type String","type":"string"},"org.opcfoundation.UA.Int32":{"$id":"http://opcfoundation.org/UA/#Int32","title":"OPC UA built in type Int32","type":"integer","minimum":-2147483648,"maximum":2147483647,"default":0,"format":"int32"},"org.github.microsoft.opcpublisher.Telemetry":{"$id":"http://github.org/microsoft/opcpublisher#Telemetry","title":"Telemetry","type":"object","properties":{"\u0022!\u00A7$%\u0026/()=?\u0060\u00B4\\\u002B~*\u0027#_-:.;,\u003C\u003E|@^\u00B0\u20AC\u00B5{[]}":{"$ref":"#/definitions/org.opcfoundation.UA.UInt32"},"716be6a6-aa7b-b4a1-fed1-c1838470e9c5":{"$ref":"#/definitions/org.opcfoundation.UA.UInt32"},"AlternatingBoolean":{"$ref":"#/definitions/org.opcfoundation.UA.Boolean"},"BadFastRandomUIntScalar1":{"$ref":"#/definitions/org.opcfoundation.UA.UInt32"},"BadFastUIntScalar1":{"$ref":"#/definitions/org.opcfoundation.UA.UInt32"},"BadSlowRandomUIntScalar1":{"$ref":"#/definitions/org.opcfoundation.UA.UInt32"},"BadSlowUIntScalar1":{"$ref":"#/definitions/org.opcfoundation.UA.UInt32"},"DipData":{"$ref":"#/definitions/org.opcfoundation.UA.Double"},"FastRandomUIntScalar1":{"$ref":"#/definitions/org.opcfoundation.UA.UInt32"},"FastRandomUIntScalar2":{"$ref":"#/definitions/org.opcfoundation.UA.UInt32"},"FastRandomUIntScalar3":{"$ref":"#/definitions/org.opcfoundation.UA.UInt32"},"FastUIntScalar1":{"$ref":"#/definitions/org.opcfoundation.UA.UInt32"},"FastUIntScalar2":{"$ref":"#/definitions/org.opcfoundation.UA.UInt32"},"FastUIntScalar3":{"$ref":"#/definitions/org.opcfoundation.UA.UInt32"},"LongId3950":{"$ref":"#/definitions/org.opcfoundation.UA.UInt32"},"LongString100kB":{"$ref":"#/definitions/org.opcfoundation.UA.ByteString"},"LongString10kB":{"$ref":"#/definitions/org.opcfoundation.UA.String"},"LongString200kB":{"$ref":"#/definitions/org.opcfoundation.UA.ByteString"},"LongString50kB":{"$ref":"#/definitions/org.opcfoundation.UA.String"},"NegativeTrendData":{"$ref":"#/definitions/org.opcfoundation.UA.Double"},"PositiveTrendData":{"$ref":"#/definitions/org.opcfoundation.UA.Double"},"RandomSignedInt32":{"$ref":"#/definitions/org.opcfoundation.UA.Int32"},"RandomUnsignedInt32":{"$ref":"#/definitions/org.opcfoundation.UA.UInt32"},"SlowRandomUIntScalar1":{"$ref":"#/definitions/org.opcfoundation.UA.UInt32"},"SlowRandomUIntScalar2":{"$ref":"#/definitions/org.opcfoundation.UA.UInt32"},"SlowRandomUIntScalar3":{"$ref":"#/definitions/org.opcfoundation.UA.UInt32"},"SlowUIntScalar1":{"$ref":"#/definitions/org.opcfoundation.UA.UInt32"},"SlowUIntScalar2":{"$ref":"#/definitions/org.opcfoundation.UA.UInt32"},"SlowUIntScalar3":{"$ref":"#/definitions/org.opcfoundation.UA.UInt32"},"SpikeData":{"$ref":"#/definitions/org.opcfoundation.UA.Double"},"StepUp":{"$ref":"#/definitions/org.opcfoundation.UA.UInt32"}}}}}