{"NodeId":"i=2253","EndpointUrl":"opc.tcp://localhost:61457/UA/SampleServer","DisplayName":"<<UnknownDataSet>>","Value":{"Type":22,"Body":{"TypeId":{"IdType":1,"Id":"EncodeableDictionary_Encoding_DefaultJson"},"Body":{"EventId":{"Type":15,"Body":"Mf+/k8L3pUmJNE2Kd0F5kQ=="},"EventType":{"Type":18,"Body":{"IdType":1,"Id":"NodeChange"}},"SourceNode":{"Type":17,"Body":{"Id":23470}},"Time":{"Type":13,"Body":"2024-04-27T13:39:58.35574Z"},"Change":{"Type":22,"Body":{"TypeId":{"Id":15071},"Body":{"NodeId":{"Id":23470},"NodeClass":1,"BrowseName":{"Name":"Aliases"},"DisplayName":{"Text":"Aliases"},"RolePermissions":[],"UserRolePermissions":[],"References":[]}}}}}}}