{"NodeId":"i=2253","EndpointUrl":"opc.tcp://localhost:61457/UA/SampleServer","DisplayName":"<<UnknownDataSet>>","Value":{"Type":22,"Body":{"TypeId":{"IdType":1,"Id":"EncodeableDictionary_Encoding_DefaultJson"},"Body":{"EventId":{"Type":15,"Body":"e7MWLZ9Wo0iFCJS/TX+QPA=="},"EventType":{"Type":18,"Body":{"IdType":1,"Id":"NodeChange"}},"SourceNode":{"Type":17,"Body":{"IdType":1,"Id":"0:/Green","Namespace":15}},"Time":{"Type":13,"Body":"2024-04-27T13:39:58.4805882Z"},"Change":{"Type":22,"Body":{"TypeId":{"Id":15071},"Body":{"NodeId":{"IdType":1,"Id":"0:/Green","Namespace":15},"NodeClass":1,"BrowseName":{"Name":"Green","Uri":15},"DisplayName":{"Text":"Green"},"RolePermissions":[],"UserRolePermissions":[],"References":[],"EventNotifier":1}}}}}}}