{"NodeId":"i=2253","EndpointUrl":"opc.tcp://localhost:61457/UA/SampleServer","DisplayName":"<<UnknownDataSet>>","Value":{"Type":22,"Body":{"TypeId":{"IdType":1,"Id":"EncodeableDictionary_Encoding_DefaultJson"},"Body":{"EventId":{"Type":15,"Body":"O/uYZ+zVVUOPnEJZcT3Ptw=="},"EventType":{"Type":18,"Body":{"IdType":1,"Id":"ReferenceChange"}},"SourceNode":{"Type":17,"Body":{"Id":85}},"Time":{"Type":13,"Body":"2024-04-27T13:39:58.3558377Z"},"Change":{"Type":22,"Body":{"TypeId":{"Id":15182},"Body":{"ReferenceTypeId":{"Id":35},"IsForward":true,"NodeId":{"Id":31915},"BrowseName":{"Name":"Locations"},"DisplayName":{"Text":"Locations"},"NodeClass":1,"TypeDefinition":{"Id":61}}}}}}}}