{"NodeId":"i=2253","EndpointUrl":"opc.tcp://localhost:61457/UA/SampleServer","DisplayName":"<<UnknownDataSet>>","Value":{"Type":22,"Body":{"TypeId":{"IdType":1,"Id":"EncodeableDictionary_Encoding_DefaultJson"},"Body":{"EventId":{"Type":15,"Body":"V3gfSdqsvU6F5/RsPDOrVg=="},"EventType":{"Type":18,"Body":{"IdType":1,"Id":"ReferenceChange"}},"SourceNode":{"Type":17,"Body":{"Id":10157,"Namespace":2}},"Time":{"Type":13,"Body":"2024-04-27T13:39:58.4880295Z"},"Change":{"Type":22,"Body":{"TypeId":{"Id":15182},"Body":{"ReferenceTypeId":{"Id":47},"IsForward":true,"NodeId":{"Id":10158,"Namespace":2},"BrowseName":{"Name":"Static","Uri":2},"DisplayName":{"Text":"Static"},"NodeClass":1,"TypeDefinition":{"Id":61}}}}}}}}