{"NodeId":"i=2253","EndpointUrl":"opc.tcp://localhost:61457/UA/SampleServer","DisplayName":"<<UnknownDataSet>>","Value":{"Type":22,"Body":{"TypeId":{"IdType":1,"Id":"EncodeableDictionary_Encoding_DefaultJson"},"Body":{"EventId":{"Type":15,"Body":"VsotYDU110ORT4hWcWcv7Q=="},"EventType":{"Type":18,"Body":{"IdType":1,"Id":"NodeChange"}},"SourceNode":{"Type":17,"Body":{"Id":11383,"Namespace":2}},"Time":{"Type":13,"Body":"2024-04-27T13:39:58.4920943Z"},"Change":{"Type":22,"Body":{"TypeId":{"Id":15071},"Body":{"NodeId":{"Id":11383,"Namespace":2},"NodeClass":1,"BrowseName":{"Name":"Conditions","Uri":2},"DisplayName":{"Text":"Conditions"},"RolePermissions":[],"UserRolePermissions":[],"References":[],"EventNotifier":1}}}}}}}