{"NodeId":"i=2253","EndpointUrl":"opc.tcp://localhost:61457/UA/SampleServer","DisplayName":"<<UnknownDataSet>>","Value":{"Type":22,"Body":{"TypeId":{"IdType":1,"Id":"EncodeableDictionary_Encoding_DefaultJson"},"Body":{"EventId":{"Type":15,"Body":"NfKUCTny2kOh++ekV7+2ww=="},"EventType":{"Type":18,"Body":{"IdType":1,"Id":"ReferenceChange"}},"SourceNode":{"Type":17,"Body":{"Id":281,"Namespace":7}},"Time":{"Type":13,"Body":"2024-04-27T13:39:58.4973137Z"},"Change":{"Type":22,"Body":{"TypeId":{"Id":15182},"Body":{"ReferenceTypeId":{"Id":47},"IsForward":true,"NodeId":{"Id":283,"Namespace":7},"BrowseName":{"Name":"VehiclesInLot","Uri":7},"DisplayName":{"Text":"VehiclesInLot"},"NodeClass":2,"TypeDefinition":{"Id":63}}}}}}}}