{"NodeId":"i=2253","EndpointUrl":"opc.tcp://localhost:61457/UA/SampleServer","DisplayName":"<<UnknownDataSet>>","Value":{"Type":22,"Body":{"TypeId":{"IdType":1,"Id":"EncodeableDictionary_Encoding_DefaultJson"},"Body":{"EventId":{"Type":15,"Body":"urDtjEJtwECIyzQ+VLgEYQ=="},"EventType":{"Type":18,"Body":{"IdType":1,"Id":"ReferenceChange"}},"SourceNode":{"Type":17,"Body":{"Id":303,"Namespace":9}},"Time":{"Type":13,"Body":"2024-04-27T13:39:58.4987382Z"},"Change":{"Type":22,"Body":{"TypeId":{"Id":15182},"Body":{"ReferenceTypeId":{"Id":48},"IsForward":true,"NodeId":{"IdType":1,"Id":"Area51","Namespace":9},"BrowseName":{"Name":"Area51","Uri":9},"DisplayName":{"Text":"Area51"},"NodeClass":1,"TypeDefinition":{"Id":61}}}}}}}}