{"NodeId":"i=2253","EndpointUrl":"opc.tcp://localhost:61457/UA/SampleServer","DisplayName":"<<UnknownDataSet>>","Value":{"Type":22,"Body":{"TypeId":{"IdType":1,"Id":"EncodeableDictionary_Encoding_DefaultJson"},"Body":{"EventId":{"Type":15,"Body":"PZVVl7bU4ke6yYTwfmTDbQ=="},"EventType":{"Type":18,"Body":{"IdType":1,"Id":"NodeChange"}},"SourceNode":{"Type":17,"Body":{"IdType":1,"Id":"Area51","Namespace":9}},"Time":{"Type":13,"Body":"2024-04-27T13:39:58.5000391Z"},"Change":{"Type":22,"Body":{"TypeId":{"Id":15071},"Body":{"NodeId":{"IdType":1,"Id":"Area51","Namespace":9},"NodeClass":1,"BrowseName":{"Name":"Area51","Uri":9},"DisplayName":{"Text":"Area51"},"RolePermissions":[],"UserRolePermissions":[],"References":[],"EventNotifier":13}}}}}}}