{"NodeId":"i=2253","EndpointUrl":"opc.tcp://localhost:61457/UA/SampleServer","DisplayName":"<<UnknownDataSet>>","Value":{"Type":22,"Body":{"TypeId":{"IdType":1,"Id":"EncodeableDictionary_Encoding_DefaultJson"},"Body":{"EventId":{"Type":15,"Body":"F3Tl7l+nwUa0RYOnEzo2Zg=="},"EventType":{"Type":18,"Body":{"IdType":1,"Id":"NodeChange"}},"SourceNode":{"Type":17,"Body":{"IdType":1,"Id":"0:Boiler #1","Namespace":11}},"Time":{"Type":13,"Body":"2024-04-27T13:39:58.5025742Z"},"Change":{"Type":22,"Body":{"TypeId":{"Id":15071},"Body":{"NodeId":{"IdType":1,"Id":"0:Boiler #1","Namespace":11},"NodeClass":1,"BrowseName":{"Name":"Boiler #1","Uri":11},"DisplayName":{"Text":"Boiler #1"},"RolePermissions":[],"UserRolePermissions":[],"References":[]}}}}}}}