{"NodeId":"i=2253","EndpointUrl":"opc.tcp://localhost:61457/UA/SampleServer","DisplayName":"<<UnknownDataSet>>","Value":{"Type":22,"Body":{"TypeId":{"IdType":1,"Id":"EncodeableDictionary_Encoding_DefaultJson"},"Body":{"EventId":{"Type":15,"Body":"TGmndAXjU0iDCzpAFeV/0A=="},"EventType":{"Type":18,"Body":{"IdType":1,"Id":"NodeChange"}},"SourceNode":{"Type":17,"Body":{"Id":1241,"Namespace":23}},"Time":{"Type":13,"Body":"2024-04-27T13:39:58.5091367Z"},"Change":{"Type":22,"Body":{"TypeId":{"Id":15071},"Body":{"NodeId":{"Id":1241,"Namespace":23},"NodeClass":1,"BrowseName":{"Name":"Boiler #1","Uri":23},"DisplayName":{"Text":"Boiler #1"},"RolePermissions":[],"UserRolePermissions":[],"References":[]}}}}}}}