{"NodeId":"i=2253","EndpointUrl":"opc.tcp://localhost:61457/UA/SampleServer","DisplayName":"<<UnknownDataSet>>","Value":{"Type":22,"Body":{"TypeId":{"IdType":1,"Id":"EncodeableDictionary_Encoding_DefaultJson"},"Body":{"EventId":{"Type":15,"Body":"IA2l1z8aV0WUxsQcDtsC4A=="},"EventType":{"Type":18,"Body":{"IdType":1,"Id":"ReferenceChange"}},"SourceNode":{"Type":17,"Body":{"IdType":1,"Id":"CTT","Namespace":8}},"Time":{"Type":13,"Body":"2024-04-27T13:39:58.5164171Z"},"Change":{"Type":22,"Body":{"TypeId":{"Id":15182},"Body":{"ReferenceTypeId":{"Id":35},"IsForward":true,"NodeId":{"IdType":1,"Id":"AccessRights","Namespace":8},"BrowseName":{"Name":"AccessRights","Uri":8},"DisplayName":{"Text":"AccessRights","Locale":"en"},"NodeClass":1,"TypeDefinition":{"Id":61}}}}}}}}