{"NodeId":"i=2253","EndpointUrl":"opc.tcp://localhost:61457/UA/SampleServer","DisplayName":"<<UnknownDataSet>>","Value":{"Type":22,"Body":{"TypeId":{"IdType":1,"Id":"EncodeableDictionary_Encoding_DefaultJson"},"Body":{"EventId":{"Type":15,"Body":"Lr10V6McjUGBRDMJUMTayA=="},"EventType":{"Type":18,"Body":{"IdType":1,"Id":"NodeChange"}},"SourceNode":{"Type":17,"Body":{"IdType":1,"Id":"Methods","Namespace":8}},"Time":{"Type":13,"Body":"2024-04-27T13:39:58.5205204Z"},"Change":{"Type":22,"Body":{"TypeId":{"Id":15071},"Body":{"NodeId":{"IdType":1,"Id":"Methods","Namespace":8},"NodeClass":1,"BrowseName":{"Name":"Methods","Uri":8},"DisplayName":{"Text":"Methods","Locale":"en"},"RolePermissions":[],"UserRolePermissions":[],"References":[]}}}}}}}