{"NodeId":"i=2253","EndpointUrl":"opc.tcp://localhost:61457/UA/SampleServer","DisplayName":"<<UnknownDataSet>>","Value":{"Type":22,"Body":{"TypeId":{"IdType":1,"Id":"EncodeableDictionary_Encoding_DefaultJson"},"Body":{"EventId":{"Type":15,"Body":"6vhX1mXY6EmhIVfNuKToOw=="},"EventType":{"Type":18,"Body":{"IdType":1,"Id":"NodeChange"}},"SourceNode":{"Type":17,"Body":{"IdType":1,"Id":"Sample","Namespace":10}},"Time":{"Type":13,"Body":"2024-04-27T13:39:58.527335Z"},"Change":{"Type":22,"Body":{"TypeId":{"Id":15071},"Body":{"NodeId":{"IdType":1,"Id":"Sample","Namespace":10},"NodeClass":1,"BrowseName":{"Name":"Sample","Uri":10},"DisplayName":{"Text":"Sample"},"RolePermissions":[],"UserRolePermissions":[],"References":[]}}}}}}}