{"NodeId":"i=2253","EndpointUrl":"opc.tcp://localhost:61457/UA/SampleServer","DisplayName":"<<UnknownDataSet>>","Value":{"Type":22,"Body":{"TypeId":{"IdType":1,"Id":"EncodeableDictionary_Encoding_DefaultJson"},"Body":{"EventId":{"Type":15,"Body":"2efb+E4E5UK5Hq2MTQa4KQ=="},"EventType":{"Type":18,"Body":{"IdType":1,"Id":"ReferenceChange"}},"SourceNode":{"Type":17,"Body":{"IdType":1,"Id":"0:Assets","Namespace":14}},"Time":{"Type":13,"Body":"2024-04-27T13:39:58.528637Z"},"Change":{"Type":22,"Body":{"TypeId":{"Id":15182},"Body":{"ReferenceTypeId":{"Id":35},"IsForward":true,"NodeId":{"IdType":1,"Id":"0:Assets/Controllers","Namespace":14},"BrowseName":{"Name":"Controllers","Uri":14},"DisplayName":{"Text":"Controllers"},"NodeClass":1,"TypeDefinition":{"Id":61}}}}}}}}