{"NodeId":"i=2253","EndpointUrl":"opc.tcp://localhost:61457/UA/SampleServer","DisplayName":"<<UnknownDataSet>>","Value":{"Type":22,"Body":{"TypeId":{"IdType":1,"Id":"EncodeableDictionary_Encoding_DefaultJson"},"Body":{"EventId":{"Type":15,"Body":"duKfE+g+6kuXuz9YsX0eEQ=="},"EventType":{"Type":18,"Body":{"IdType":1,"Id":"ReferenceChange"}},"SourceNode":{"Type":17,"Body":{"Id":90}},"Time":{"Type":13,"Body":"2024-04-27T13:39:58.5453663Z"},"Change":{"Type":22,"Body":{"TypeId":{"Id":15182},"Body":{"ReferenceTypeId":{"Id":35},"IsForward":true,"NodeId":{"Id":92},"BrowseName":{"Name":"XML Schema"},"DisplayName":{"Text":"XML Schema"},"NodeClass":1,"TypeDefinition":{"Id":75}}}}}}}}