{"NodeId":"i=2253","EndpointUrl":"opc.tcp://localhost:61457/UA/SampleServer","DisplayName":"<<UnknownDataSet>>","Value":{"Type":22,"Body":{"TypeId":{"IdType":1,"Id":"EncodeableDictionary_Encoding_DefaultJson"},"Body":{"EventId":{"Type":15,"Body":"ovCBDYvT0kG+RKnqV8MBDw=="},"EventType":{"Type":18,"Body":{"IdType":1,"Id":"NodeChange"}},"SourceNode":{"Type":17,"Body":{"Id":92}},"Time":{"Type":13,"Body":"2024-04-27T13:39:58.546506Z"},"Change":{"Type":22,"Body":{"TypeId":{"Id":15071},"Body":{"NodeId":{"Id":92},"NodeClass":1,"BrowseName":{"Name":"XML Schema"},"DisplayName":{"Text":"XML Schema"},"Description":{"Text":"A type system which uses XML schema to describe the encoding of data types."},"RolePermissions":[],"UserRolePermissions":[],"References":[]}}}}}}}