{"NodeId":"i=2253","EndpointUrl":"opc.tcp://localhost:61457/UA/SampleServer","DisplayName":"<<UnknownDataSet>>","Value":{"Type":22,"Body":{"TypeId":{"IdType":1,"Id":"EncodeableDictionary_Encoding_DefaultJson"},"Body":{"EventId":{"Type":15,"Body":"HZW/xH9Twkyta9OYKtLblg=="},"EventType":{"Type":18,"Body":{"IdType":1,"Id":"NodeChange"}},"SourceNode":{"Type":17,"Body":{"Id":2041}},"Time":{"Type":13,"Body":"2024-04-27T13:39:58.5500795Z"},"Change":{"Type":22,"Body":{"TypeId":{"Id":15073},"Body":{"NodeId":{"Id":2041},"NodeClass":8,"BrowseName":{"Name":"BaseEventType"},"DisplayName":{"Text":"BaseEventType"},"RolePermissions":[],"UserRolePermissions":[],"References":[],"IsAbstract":true}}}}}}}