{"NodeId":"i=2253","EndpointUrl":"opc.tcp://localhost:61457/UA/SampleServer","DisplayName":"<<UnknownDataSet>>","Value":{"Type":22,"Body":{"TypeId":{"IdType":1,"Id":"EncodeableDictionary_Encoding_DefaultJson"},"Body":{"EventId":{"Type":15,"Body":"7IbCs7xmXE+dqNQ81rsG+Q=="},"EventType":{"Type":18,"Body":{"IdType":1,"Id":"NodeChange"}},"SourceNode":{"Type":17,"Body":{"Id":17602}},"Time":{"Type":13,"Body":"2024-04-27T13:39:58.551229Z"},"Change":{"Type":22,"Body":{"TypeId":{"Id":15073},"Body":{"NodeId":{"Id":17602},"NodeClass":8,"BrowseName":{"Name":"BaseInterfaceType"},"DisplayName":{"Text":"BaseInterfaceType"},"RolePermissions":[],"UserRolePermissions":[],"References":[],"IsAbstract":true}}}}}}}