{"NodeId":"i=2253","EndpointUrl":"opc.tcp://localhost:61457/UA/SampleServer","DisplayName":"<<UnknownDataSet>>","Value":{"Type":22,"Body":{"TypeId":{"IdType":1,"Id":"EncodeableDictionary_Encoding_DefaultJson"},"Body":{"EventId":{"Type":15,"Body":"Dxz3fGp/sU+KkmRUC2i5RQ=="},"EventType":{"Type":18,"Body":{"IdType":1,"Id":"ReferenceChange"}},"SourceNode":{"Type":17,"Body":{"IdType":1,"Id":"Views_Engineering","Namespace":8}},"Time":{"Type":13,"Body":"2024-04-27T13:39:58.5513178Z"},"Change":{"Type":22,"Body":{"TypeId":{"Id":15182},"Body":{"ReferenceTypeId":{"Id":35},"IsForward":true,"NodeId":{"IdType":1,"Id":"Scalar_Simulation","Namespace":8},"BrowseName":{"Name":"Scalar_Simulation","Uri":8},"DisplayName":{"Text":"Simulation","Locale":"en"},"NodeClass":1,"TypeDefinition":{"Id":61}}}}}}}}