{"NodeId":"i=2253","EndpointUrl":"opc.tcp://localhost:61457/UA/SampleServer","DisplayName":"<<UnknownDataSet>>","Value":{"Type":22,"Body":{"TypeId":{"IdType":1,"Id":"EncodeableDictionary_Encoding_DefaultJson"},"Body":{"EventId":{"Type":15,"Body":"Ar3i1pchlk6rKXGP59EQ/g=="},"EventType":{"Type":18,"Body":{"IdType":1,"Id":"NodeChange"}},"SourceNode":{"Type":17,"Body":{"IdType":1,"Id":"Scalar_Simulation","Namespace":8}},"Time":{"Type":13,"Body":"2024-04-27T13:39:58.552515Z"},"Change":{"Type":22,"Body":{"TypeId":{"Id":15071},"Body":{"NodeId":{"IdType":1,"Id":"Scalar_Simulation","Namespace":8},"NodeClass":1,"BrowseName":{"Name":"Scalar_Simulation","Uri":8},"DisplayName":{"Text":"Simulation","Locale":"en"},"RolePermissions":[],"UserRolePermissions":[],"References":[]}}}}}}}