{"NodeId":"i=2253","EndpointUrl":"opc.tcp://localhost:61457/UA/SampleServer","DisplayName":"<<UnknownDataSet>>","Value":{"Type":22,"Body":{"TypeId":{"IdType":1,"Id":"EncodeableDictionary_Encoding_DefaultJson"},"Body":{"EventId":{"Type":15,"Body":"SrM4p9qAbk2kn0N6uzVH1w=="},"EventType":{"Type":18,"Body":{"IdType":1,"Id":"ReferenceChange"}},"SourceNode":{"Type":17,"Body":{"Id":2256}},"Time":{"Type":13,"Body":"2024-04-27T13:39:58.5905913Z"},"Change":{"Type":22,"Body":{"TypeId":{"Id":15182},"Body":{"ReferenceTypeId":{"Id":47},"IsForward":true,"NodeId":{"Id":2258},"BrowseName":{"Name":"CurrentTime"},"DisplayName":{"Text":"CurrentTime"},"NodeClass":2,"TypeDefinition":{"Id":63}}}}}}}}