{"NodeId":"i=2253","EndpointUrl":"opc.tcp://localhost:61457/UA/SampleServer","DisplayName":"<<UnknownDataSet>>","Value":{"Type":22,"Body":{"TypeId":{"IdType":1,"Id":"EncodeableDictionary_Encoding_DefaultJson"},"Body":{"EventId":{"Type":15,"Body":"NLhauA70mkS0gdq2/d0rfg=="},"EventType":{"Type":18,"Body":{"IdType":1,"Id":"NodeChange"}},"SourceNode":{"Type":17,"Body":{"Id":2269}},"Time":{"Type":13,"Body":"2024-04-27T13:39:58.5970768Z"},"Change":{"Type":22,"Body":{"TypeId":{"Id":15074},"Body":{"NodeId":{"Id":2269},"NodeClass":2,"BrowseName":{"Name":"ServerProfileArray"},"DisplayName":{"Text":"ServerProfileArray"},"RolePermissions":[],"UserRolePermissions":[],"References":[],"Value":{"Body":null},"DataType":{"Id":12},"ValueRank":1,"ArrayDimensions":[0],"AccessLevel":1,"UserAccessLevel":1,"AccessLevelEx":1}}}}}}}