{"NodeId":"i=2253","EndpointUrl":"opc.tcp://localhost:61457/UA/SampleServer","DisplayName":"<<UnknownDataSet>>","Value":{"Type":22,"Body":{"TypeId":{"IdType":1,"Id":"EncodeableDictionary_Encoding_DefaultJson"},"Body":{"EventId":{"Type":15,"Body":"Iy/1wq2FnkWK8ACOgHXuow=="},"EventType":{"Type":18,"Body":{"IdType":1,"Id":"NodeChange"}},"SourceNode":{"Type":17,"Body":{"Id":12874}},"Time":{"Type":13,"Body":"2024-04-27T13:39:58.6296237Z"},"Change":{"Type":22,"Body":{"TypeId":{"Id":15074},"Body":{"NodeId":{"Id":12874},"NodeClass":2,"BrowseName":{"Name":"InputArguments"},"DisplayName":{"Text":"InputArguments"},"RolePermissions":[],"UserRolePermissions":[],"References":[],"Value":{"Body":null},"DataType":{"Id":296},"ValueRank":1,"ArrayDimensions":[1],"AccessLevel":1,"UserAccessLevel":1,"AccessLevelEx":1}}}}}}}