{"NodeId":"i=2253","EndpointUrl":"opc.tcp://localhost:61457/UA/SampleServer","DisplayName":"<<UnknownDataSet>>","Value":{"Type":22,"Body":{"TypeId":{"IdType":1,"Id":"EncodeableDictionary_Encoding_DefaultJson"},"Body":{"EventId":{"Type":15,"Body":"76tqaxLbpU2YUKRY6tqopQ=="},"EventType":{"Type":18,"Body":{"IdType":1,"Id":"ReferenceChange"}},"SourceNode":{"Type":17,"Body":{"Id":12637}},"Time":{"Type":13,"Body":"2024-04-27T13:39:58.6317939Z"},"Change":{"Type":22,"Body":{"TypeId":{"Id":15182},"Body":{"ReferenceTypeId":{"Id":46},"IsForward":true,"NodeId":{"Id":25706},"BrowseName":{"Name":"ApplicationUri"},"DisplayName":{"Text":"ApplicationUri"},"NodeClass":2,"TypeDefinition":{"Id":68}}}}}}}}