{"NodeId":"i=2253","EndpointUrl":"opc.tcp://localhost:61457/UA/SampleServer","DisplayName":"<<UnknownDataSet>>","Value":{"Type":22,"Body":{"TypeId":{"IdType":1,"Id":"EncodeableDictionary_Encoding_DefaultJson"},"Body":{"EventId":{"Type":15,"Body":"qezU8pW7skeHtmgZpNSqaQ=="},"EventType":{"Type":18,"Body":{"IdType":1,"Id":"NodeChange"}},"SourceNode":{"Type":17,"Body":{"Id":13737}},"Time":{"Type":13,"Body":"2024-04-27T13:39:58.6411183Z"},"Change":{"Type":22,"Body":{"TypeId":{"Id":15077},"Body":{"NodeId":{"Id":13737},"NodeClass":4,"BrowseName":{"Name":"UpdateCertificate"},"DisplayName":{"Text":"UpdateCertificate"},"RolePermissions":[],"UserRolePermissions":[],"References":[],"Executable":true,"UserExecutable":true}}}}}}}