{"NodeId":"i=2253","EndpointUrl":"opc.tcp://localhost:61457/UA/SampleServer","DisplayName":"<<UnknownDataSet>>","Value":{"Type":22,"Body":{"TypeId":{"IdType":1,"Id":"EncodeableDictionary_Encoding_DefaultJson"},"Body":{"EventId":{"Type":15,"Body":"SfUlKnUu8ke6Mr8HITp0Nw=="},"EventType":{"Type":18,"Body":{"IdType":1,"Id":"ReferenceChange"}},"SourceNode":{"Type":17,"Body":{"Id":12637}},"Time":{"Type":13,"Body":"2024-04-27T13:39:58.6477308Z"},"Change":{"Type":22,"Body":{"TypeId":{"Id":15182},"Body":{"ReferenceTypeId":{"Id":47},"IsForward":true,"NodeId":{"Id":18155},"BrowseName":{"Name":"KeyCredentialConfiguration"},"DisplayName":{"Text":"KeyCredentialConfiguration"},"NodeClass":1,"TypeDefinition":{"Id":17496}}}}}}}}