{"NodeId":"i=2253","EndpointUrl":"opc.tcp://localhost:61457/UA/SampleServer","DisplayName":"<<UnknownDataSet>>","Value":{"Type":22,"Body":{"TypeId":{"IdType":1,"Id":"EncodeableDictionary_Encoding_DefaultJson"},"Body":{"EventId":{"Type":15,"Body":"7oj92rxVwkiUxg0k1em61w=="},"EventType":{"Type":18,"Body":{"IdType":1,"Id":"ReferenceChange"}},"SourceNode":{"Type":17,"Body":{"Id":32637}},"Time":{"Type":13,"Body":"2024-04-27T13:39:58.6542591Z"},"Change":{"Type":22,"Body":{"TypeId":{"Id":15182},"Body":{"ReferenceTypeId":{"Id":46},"IsForward":true,"NodeId":{"Id":32646},"BrowseName":{"Name":"MaxTimeInterval"},"DisplayName":{"Text":"MaxTimeInterval"},"NodeClass":2,"TypeDefinition":{"Id":68}}}}}}}}