{"NodeId":"i=2253","EndpointUrl":"opc.tcp://localhost:61457/UA/SampleServer","DisplayName":"<<UnknownDataSet>>","Value":{"Type":22,"Body":{"TypeId":{"IdType":1,"Id":"EncodeableDictionary_Encoding_DefaultJson"},"Body":{"EventId":{"Type":15,"Body":"jRhImbtzbU+5Um5XIQoX1A=="},"EventType":{"Type":18,"Body":{"IdType":1,"Id":"NodeChange"}},"SourceNode":{"Type":17,"Body":{"Id":32646}},"Time":{"Type":13,"Body":"2024-04-27T13:39:58.6553511Z"},"Change":{"Type":22,"Body":{"TypeId":{"Id":15074},"Body":{"NodeId":{"Id":32646},"NodeClass":2,"BrowseName":{"Name":"MaxTimeInterval"},"DisplayName":{"Text":"MaxTimeInterval"},"RolePermissions":[],"UserRolePermissions":[],"References":[],"Value":{"Body":null},"DataType":{"Id":290},"ValueRank":-1,"ArrayDimensions":[],"AccessLevel":1,"UserAccessLevel":1,"AccessLevelEx":1}}}}}}}