{"NodeId":"i=2253","EndpointUrl":"opc.tcp://localhost:61457/UA/SampleServer","DisplayName":"<<UnknownDataSet>>","Value":{"Type":22,"Body":{"TypeId":{"IdType":1,"Id":"EncodeableDictionary_Encoding_DefaultJson"},"Body":{"EventId":{"Type":15,"Body":"762rx+onbk+AMNQnHvsHFQ=="},"EventType":{"Type":18,"Body":{"IdType":1,"Id":"ReferenceChange"}},"SourceNode":{"Type":17,"Body":{"Id":14443}},"Time":{"Type":13,"Body":"2024-04-27T13:39:58.6701945Z"},"Change":{"Type":22,"Body":{"TypeId":{"Id":15182},"Body":{"ReferenceTypeId":{"Id":47},"IsForward":true,"NodeId":{"Id":15443},"BrowseName":{"Name":"SecurityGroups"},"DisplayName":{"Text":"SecurityGroups"},"NodeClass":1,"TypeDefinition":{"Id":15452}}}}}}}}