{"NodeId":"i=2253","EndpointUrl":"opc.tcp://localhost:61457/UA/SampleServer","DisplayName":"<<UnknownDataSet>>","Value":{"Type":22,"Body":{"TypeId":{"IdType":1,"Id":"EncodeableDictionary_Encoding_DefaultJson"},"Body":{"EventId":{"Type":15,"Body":"3zq9rrHy80ydiBUTEpD+Mg=="},"EventType":{"Type":18,"Body":{"IdType":1,"Id":"NodeChange"}},"SourceNode":{"Type":17,"Body":{"Id":25440}},"Time":{"Type":13,"Body":"2024-04-27T13:39:58.6726278Z"},"Change":{"Type":22,"Body":{"TypeId":{"Id":15071},"Body":{"NodeId":{"Id":25440},"NodeClass":1,"BrowseName":{"Name":"KeyPushTargets"},"DisplayName":{"Text":"KeyPushTargets"},"RolePermissions":[],"UserRolePermissions":[],"References":[]}}}}}}}