{"NodeId":"i=2253","EndpointUrl":"opc.tcp://localhost:61457/UA/SampleServer","DisplayName":"<<UnknownDataSet>>","Value":{"Type":22,"Body":{"TypeId":{"IdType":1,"Id":"EncodeableDictionary_Encoding_DefaultJson"},"Body":{"EventId":{"Type":15,"Body":"ivrmO270w0ORHAURaQpFqw=="},"EventType":{"Type":18,"Body":{"IdType":1,"Id":"NodeChange"}},"SourceNode":{"Type":17,"Body":{"Id":17369}},"Time":{"Type":13,"Body":"2024-04-27T13:39:58.6762368Z"},"Change":{"Type":22,"Body":{"TypeId":{"Id":15077},"Body":{"NodeId":{"Id":17369},"NodeClass":4,"BrowseName":{"Name":"RemoveConnection"},"DisplayName":{"Text":"RemoveConnection"},"RolePermissions":[],"UserRolePermissions":[],"References":[],"Executable":true,"UserExecutable":true}}}}}}}