{"NodeId":"i=2253","EndpointUrl":"opc.tcp://localhost:61457/UA/SampleServer","DisplayName":"<<UnknownDataSet>>","Value":{"Type":22,"Body":{"TypeId":{"IdType":1,"Id":"EncodeableDictionary_Encoding_DefaultJson"},"Body":{"EventId":{"Type":15,"Body":"CP6LPz5Uz0q0X3ZQG9FH9Q=="},"EventType":{"Type":18,"Body":{"IdType":1,"Id":"NodeChange"}},"SourceNode":{"Type":17,"Body":{"Id":17405}},"Time":{"Type":13,"Body":"2024-04-27T13:39:58.693491Z"},"Change":{"Type":22,"Body":{"TypeId":{"Id":15071},"Body":{"NodeId":{"Id":17405},"NodeClass":1,"BrowseName":{"Name":"Status"},"DisplayName":{"Text":"Status"},"RolePermissions":[],"UserRolePermissions":[],"References":[]}}}}}}}