{"NodeId":"i=2253","EndpointUrl":"opc.tcp://localhost:61457/UA/SampleServer","DisplayName":"<<UnknownDataSet>>","Value":{"Type":22,"Body":{"TypeId":{"IdType":1,"Id":"EncodeableDictionary_Encoding_DefaultJson"},"Body":{"EventId":{"Type":15,"Body":"Ou0fpQAIgUSL6iFvfpKt/Q=="},"EventType":{"Type":18,"Body":{"IdType":1,"Id":"NodeChange"}},"SourceNode":{"Type":17,"Body":{"Id":88}},"Time":{"Type":13,"Body":"2024-04-27T13:39:58.3888426Z"},"Change":{"Type":22,"Body":{"TypeId":{"Id":15071},"Body":{"NodeId":{"Id":88},"NodeClass":1,"BrowseName":{"Name":"ObjectTypes"},"DisplayName":{"Text":"ObjectTypes"},"Description":{"Text":"The browse entry point when looking for object types in the server address space."},"RolePermissions":[],"UserRolePermissions":[],"References":[]}}}}}}}