{"NodeId":"i=2253","EndpointUrl":"opc.tcp://localhost:61457/UA/SampleServer","DisplayName":"<<UnknownDataSet>>","Value":{"Type":22,"Body":{"TypeId":{"IdType":1,"Id":"EncodeableDictionary_Encoding_DefaultJson"},"Body":{"EventId":{"Type":15,"Body":"N8/ZZ38CRE27ZtT9gGqseQ=="},"EventType":{"Type":18,"Body":{"IdType":1,"Id":"ReferenceChange"}},"SourceNode":{"Type":17,"Body":{"Id":10158,"Namespace":2}},"Time":{"Type":13,"Body":"2024-04-27T13:39:58.7133761Z"},"Change":{"Type":22,"Body":{"TypeId":{"Id":15182},"Body":{"ReferenceTypeId":{"Id":47},"IsForward":true,"NodeId":{"Id":10327,"Namespace":2},"BrowseName":{"Name":"UserScalar","Uri":2},"DisplayName":{"Text":"UserScalar"},"NodeClass":1,"TypeDefinition":{"Id":9921,"Namespace":2}}}}}}}}