{"NodeId":"i=2253","EndpointUrl":"opc.tcp://localhost:61457/UA/SampleServer","DisplayName":"<<UnknownDataSet>>","Value":{"Type":22,"Body":{"TypeId":{"IdType":1,"Id":"EncodeableDictionary_Encoding_DefaultJson"},"Body":{"EventId":{"Type":15,"Body":"Z5am1XkI/0qhNfi50mDAsQ=="},"EventType":{"Type":18,"Body":{"IdType":1,"Id":"NodeChange"}},"SourceNode":{"Type":17,"Body":{"Id":10955,"Namespace":2}},"Time":{"Type":13,"Body":"2024-04-27T13:39:58.7240852Z"},"Change":{"Type":22,"Body":{"TypeId":{"Id":15071},"Body":{"NodeId":{"Id":10955,"Namespace":2},"NodeClass":1,"BrowseName":{"Name":"UserScalar","Uri":2},"DisplayName":{"Text":"UserScalar"},"RolePermissions":[],"UserRolePermissions":[],"References":[]}}}}}}}