{"NodeId":"i=2253","EndpointUrl":"opc.tcp://localhost:61457/UA/SampleServer","DisplayName":"<<UnknownDataSet>>","Value":{"Type":22,"Body":{"TypeId":{"IdType":1,"Id":"EncodeableDictionary_Encoding_DefaultJson"},"Body":{"EventId":{"Type":15,"Body":"FcbiTaiIjk6iWAudXntyEQ=="},"EventType":{"Type":18,"Body":{"IdType":1,"Id":"NodeChange"}},"SourceNode":{"Type":17,"Body":{"Id":11113,"Namespace":2}},"Time":{"Type":13,"Body":"2024-04-27T13:39:58.7261921Z"},"Change":{"Type":22,"Body":{"TypeId":{"Id":15071},"Body":{"NodeId":{"Id":11113,"Namespace":2},"NodeClass":1,"BrowseName":{"Name":"AnalogScalar","Uri":2},"DisplayName":{"Text":"AnalogScalar"},"RolePermissions":[],"UserRolePermissions":[],"References":[]}}}}}}}