{"NodeId":"i=2253","EndpointUrl":"opc.tcp://localhost:61457/UA/SampleServer","DisplayName":"<<UnknownDataSet>>","Value":{"Type":22,"Body":{"TypeId":{"IdType":1,"Id":"EncodeableDictionary_Encoding_DefaultJson"},"Body":{"EventId":{"Type":15,"Body":"21EmNfLcZE2Ighk7kuYW9Q=="},"EventType":{"Type":18,"Body":{"IdType":1,"Id":"ReferenceChange"}},"SourceNode":{"Type":17,"Body":{"Id":10786,"Namespace":2}},"Time":{"Type":13,"Body":"2024-04-27T13:39:58.7273183Z"},"Change":{"Type":22,"Body":{"TypeId":{"Id":15182},"Body":{"ReferenceTypeId":{"Id":36},"IsForward":true,"NodeId":{"Id":10787,"Namespace":2},"BrowseName":{"Name":"Scalar","Uri":2},"DisplayName":{"Text":"Scalar"},"NodeClass":1,"TypeDefinition":{"Id":9450,"Namespace":2}}}}}}}}