{"NodeId":"i=2253","EndpointUrl":"opc.tcp://localhost:61457/UA/SampleServer","DisplayName":"<<UnknownDataSet>>","Value":{"Type":22,"Body":{"TypeId":{"IdType":1,"Id":"EncodeableDictionary_Encoding_DefaultJson"},"Body":{"EventId":{"Type":15,"Body":"c7uA2d4fOE2jy3tb0eLFFg=="},"EventType":{"Type":18,"Body":{"IdType":1,"Id":"NodeChange"}},"SourceNode":{"Type":17,"Body":{"Id":91}},"Time":{"Type":13,"Body":"2024-04-27T13:39:58.3934684Z"},"Change":{"Type":22,"Body":{"TypeId":{"Id":15071},"Body":{"NodeId":{"Id":91},"NodeClass":1,"BrowseName":{"Name":"ReferenceTypes"},"DisplayName":{"Text":"ReferenceTypes"},"Description":{"Text":"The browse entry point when looking for reference types in the server address space."},"RolePermissions":[],"UserRolePermissions":[],"References":[]}}}}}}}