{"NodeId":"i=2253","EndpointUrl":"opc.tcp://localhost:61457/UA/SampleServer","DisplayName":"<<UnknownDataSet>>","Value":{"Type":22,"Body":{"TypeId":{"IdType":1,"Id":"EncodeableDictionary_Encoding_DefaultJson"},"Body":{"EventId":{"Type":15,"Body":"6UVUAXYFVUS0sleZ5XdNwA=="},"EventType":{"Type":18,"Body":{"IdType":1,"Id":"ReferenceChange"}},"SourceNode":{"Type":17,"Body":{"Id":11383,"Namespace":2}},"Time":{"Type":13,"Body":"2024-04-27T13:39:58.7424782Z"},"Change":{"Type":22,"Body":{"TypeId":{"Id":15182},"Body":{"ReferenceTypeId":{"Id":36},"IsForward":true,"NodeId":{"Id":11252,"Namespace":2},"BrowseName":{"Name":"CycleComplete","Uri":2},"DisplayName":{"Text":"CycleComplete"},"NodeClass":1,"TypeDefinition":{"Id":2881}}}}}}}}