{"NodeId":"i=2253","EndpointUrl":"opc.tcp://localhost:61457/UA/SampleServer","DisplayName":"<<UnknownDataSet>>","Value":{"Type":22,"Body":{"TypeId":{"IdType":1,"Id":"EncodeableDictionary_Encoding_DefaultJson"},"Body":{"EventId":{"Type":15,"Body":"C6YC6A8i8UyUA/w6mNCH7g=="},"EventType":{"Type":18,"Body":{"IdType":1,"Id":"ReferenceChange"}},"SourceNode":{"Type":17,"Body":{"IdType":1,"Id":"Area51","Namespace":9}},"Time":{"Type":13,"Body":"2024-04-27T13:39:58.7482612Z"},"Change":{"Type":22,"Body":{"TypeId":{"Id":15182},"Body":{"ReferenceTypeId":{"Id":48},"IsForward":true,"NodeId":{"IdType":1,"Id":"Well_48306","Namespace":9},"BrowseName":{"Name":"Titan","Uri":9},"DisplayName":{"Text":"Titan"},"NodeClass":1,"TypeDefinition":{"Id":308,"Namespace":9}}}}}}}}