{"NodeId":"i=2253","EndpointUrl":"opc.tcp://localhost:61457/UA/SampleServer","DisplayName":"<<UnknownDataSet>>","Value":{"Type":22,"Body":{"TypeId":{"IdType":1,"Id":"EncodeableDictionary_Encoding_DefaultJson"},"Body":{"EventId":{"Type":15,"Body":"5UiBot/Rd0aVKrnUvp6UnA=="},"EventType":{"Type":18,"Body":{"IdType":1,"Id":"ReferenceChange"}},"SourceNode":{"Type":17,"Body":{"IdType":1,"Id":"0:Boiler #1","Namespace":11}},"Time":{"Type":13,"Body":"2024-04-27T13:39:58.7533417Z"},"Change":{"Type":22,"Body":{"TypeId":{"Id":15182},"Body":{"ReferenceTypeId":{"Id":47},"IsForward":true,"NodeId":{"IdType":1,"Id":"0:Boiler #1?SteamOut","Namespace":11},"BrowseName":{"Name":"SteamOut","Uri":11},"DisplayName":{"Text":"SteamOut"},"NodeClass":1,"TypeDefinition":{"Id":58}}}}}}}}