{"NodeId":"i=2253","EndpointUrl":"opc.tcp://localhost:61457/UA/SampleServer","DisplayName":"<<UnknownDataSet>>","Value":{"Type":22,"Body":{"TypeId":{"IdType":1,"Id":"EncodeableDictionary_Encoding_DefaultJson"},"Body":{"EventId":{"Type":15,"Body":"Nxr8Fg+igkOzuuhy5757rg=="},"EventType":{"Type":18,"Body":{"IdType":1,"Id":"NodeChange"}},"SourceNode":{"Type":17,"Body":{"IdType":1,"Id":"UInt32[12]","Namespace":22}},"Time":{"Type":13,"Body":"2024-04-27T13:39:58.7695626Z"},"Change":{"Type":22,"Body":{"TypeId":{"Id":15074},"Body":{"NodeId":{"IdType":1,"Id":"UInt32[12]","Namespace":22},"NodeClass":2,"BrowseName":{"Name":"0000000C","Uri":21},"DisplayName":{"Text":"0000000C"},"RolePermissions":[],"UserRolePermissions":[],"References":[],"Value":{"Body":null},"DataType":{"Id":7},"ValueRank":-1,"ArrayDimensions":[],"AccessLevel":3,"UserAccessLevel":3,"MinimumSamplingInterval":1000,"AccessLevelEx":3}}}}}}}