{"NodeId":"i=2253","EndpointUrl":"opc.tcp://localhost:61457/UA/SampleServer","DisplayName":"<<UnknownDataSet>>","Value":{"Type":22,"Body":{"TypeId":{"IdType":1,"Id":"EncodeableDictionary_Encoding_DefaultJson"},"Body":{"EventId":{"Type":15,"Body":"r5Ru1PF/g0SOHT/SmIzI6g=="},"EventType":{"Type":18,"Body":{"IdType":1,"Id":"ReferenceChange"}},"SourceNode":{"Type":17,"Body":{"Id":84}},"Time":{"Type":13,"Body":"2024-04-27T13:39:58.3405368Z"},"Change":{"Type":22,"Body":{"TypeId":{"Id":15182},"Body":{"ReferenceTypeId":{"Id":35},"IsForward":true,"NodeId":{"Id":87},"BrowseName":{"Name":"Views"},"DisplayName":{"Text":"Views"},"NodeClass":1,"TypeDefinition":{"Id":61}}}}}}}}