{"NodeId":"i=2253","EndpointUrl":"opc.tcp://localhost:61457/UA/SampleServer","DisplayName":"<<UnknownDataSet>>","Value":{"Type":22,"Body":{"TypeId":{"IdType":1,"Id":"EncodeableDictionary_Encoding_DefaultJson"},"Body":{"EventId":{"Type":15,"Body":"fCrBsNgxQ0mw7oEGvjzw4g=="},"EventType":{"Type":18,"Body":{"IdType":1,"Id":"ReferenceChange"}},"SourceNode":{"Type":17,"Body":{"Id":87}},"Time":{"Type":13,"Body":"2024-04-27T13:39:58.4012479Z"},"Change":{"Type":22,"Body":{"TypeId":{"Id":15182},"Body":{"ReferenceTypeId":{"Id":35},"IsForward":true,"NodeId":{"Id":441,"Namespace":11},"BrowseName":{"Name":"Operations","Uri":11},"DisplayName":{"Text":"Operations"},"NodeClass":128}}}}}}}