{"NodeId":"i=2253","EndpointUrl":"opc.tcp://localhost:61457/UA/SampleServer","DisplayName":"<<UnknownDataSet>>","Value":{"Type":22,"Body":{"TypeId":{"IdType":1,"Id":"EncodeableDictionary_Encoding_DefaultJson"},"Body":{"EventId":{"Type":15,"Body":"FCeDTBAM8kCCrMRb1Okl0A=="},"EventType":{"Type":18,"Body":{"IdType":1,"Id":"NodeChange"}},"SourceNode":{"Type":17,"Body":{"IdType":1,"Id":"Views_Engineering","Namespace":8}},"Time":{"Type":13,"Body":"2024-04-27T13:39:58.4120717Z"},"Change":{"Type":22,"Body":{"TypeId":{"Id":15078},"Body":{"NodeId":{"IdType":1,"Id":"Views_Engineering","Namespace":8},"NodeClass":128,"BrowseName":{"Name":"Engineering","Uri":8},"DisplayName":{"Text":"Engineering"},"RolePermissions":[],"UserRolePermissions":[],"References":[],"ContainsNoLoops":true}}}}}}}