{"NodeId":"i=2253","EndpointUrl":"opc.tcp://localhost:61457/UA/SampleServer","DisplayName":"<<UnknownDataSet>>","Value":{"Type":22,"Body":{"TypeId":{"IdType":1,"Id":"EncodeableDictionary_Encoding_DefaultJson"},"Body":{"EventId":{"Type":15,"Body":"1bRnLI97p0a+Oe4/tVjdxQ=="},"EventType":{"Type":18,"Body":{"IdType":1,"Id":"NodeChange"}},"SourceNode":{"Type":17,"Body":{"Id":12885}},"Time":{"Type":13,"Body":"2024-04-27T13:39:58.4315574Z"},"Change":{"Type":22,"Body":{"TypeId":{"Id":15074},"Body":{"NodeId":{"Id":12885},"NodeClass":2,"BrowseName":{"Name":"EstimatedReturnTime"},"DisplayName":{"Text":"EstimatedReturnTime"},"RolePermissions":[],"UserRolePermissions":[],"References":[],"Value":{"Body":null},"DataType":{"Id":13},"ValueRank":-1,"ArrayDimensions":[],"AccessLevel":1,"UserAccessLevel":1,"MinimumSamplingInterval":1000,"AccessLevelEx":1}}}}}}}