{"NodeId":"i=2253","EndpointUrl":"opc.tcp://localhost:61457/UA/SampleServer","DisplayName":"<<UnknownDataSet>>","Value":{"Type":22,"Body":{"TypeId":{"IdType":1,"Id":"EncodeableDictionary_Encoding_DefaultJson"},"Body":{"EventId":{"Type":15,"Body":"8+gz/XX7a0K59E9wlwNX4g=="},"EventType":{"Type":18,"Body":{"IdType":1,"Id":"NodeChange"}},"SourceNode":{"Type":17,"Body":{"Id":11715}},"Time":{"Type":13,"Body":"2024-04-27T13:39:58.4571959Z"},"Change":{"Type":22,"Body":{"TypeId":{"Id":15071},"Body":{"NodeId":{"Id":11715},"NodeClass":1,"BrowseName":{"Name":"Namespaces"},"DisplayName":{"Text":"Namespaces"},"RolePermissions":[],"UserRolePermissions":[],"References":[]}}}}}}}