{"NodeId":"i=2253","EndpointUrl":"opc.tcp://localhost:61457/UA/SampleServer","DisplayName":"<<UnknownDataSet>>","Value":{"Type":22,"Body":{"TypeId":{"IdType":1,"Id":"EncodeableDictionary_Encoding_DefaultJson"},"Body":{"EventId":{"Type":15,"Body":"DebIE42re0aeY3oEm01Ofg=="},"EventType":{"Type":18,"Body":{"IdType":1,"Id":"ReferenceChange"}},"SourceNode":{"Type":17,"Body":{"Id":2253}},"Time":{"Type":13,"Body":"2024-04-27T13:39:58.4572784Z"},"Change":{"Type":22,"Body":{"TypeId":{"Id":15182},"Body":{"ReferenceTypeId":{"Id":47},"IsForward":true,"NodeId":{"Id":11492},"BrowseName":{"Name":"GetMonitoredItems"},"DisplayName":{"Text":"GetMonitoredItems"},"NodeClass":4,"TypeDefinition":{"Id":11489}}}}}}}}