{"NodeId":"i=2253","EndpointUrl":"opc.tcp://localhost:61457/UA/SampleServer","DisplayName":"<<UnknownDataSet>>","Value":{"Type":22,"Body":{"TypeId":{"IdType":1,"Id":"EncodeableDictionary_Encoding_DefaultJson"},"Body":{"EventId":{"Type":15,"Body":"gRUD17Z3mkqHFwzNZEssZg=="},"EventType":{"Type":18,"Body":{"IdType":1,"Id":"ReferenceChange"}},"SourceNode":{"Type":17,"Body":{"Id":85}},"Time":{"Type":13,"Body":"2024-04-27T13:39:58.3545436Z"},"Change":{"Type":22,"Body":{"TypeId":{"Id":15182},"Body":{"ReferenceTypeId":{"Id":35},"IsForward":true,"NodeId":{"Id":23470},"BrowseName":{"Name":"Aliases"},"DisplayName":{"Text":"Aliases"},"NodeClass":1,"TypeDefinition":{"Id":23456}}}}}}}}