{"MessageId":"4be4c899-7812-4d75-81f2-c064bd936088","MessageType":"ua-data","PublisherId":"DESKTOP-BGFJS91","DataSetWriterGroup":"<<UnknownWriterGroup>>","Messages":[{"SequenceNumber":11,"MetaDataVersion":{"MajorVersion":1},"Timestamp":"2024-04-26T17:34:15.4214993Z","MessageType":"ua-event","DataSetWriterName":"<<UnknownDataSet>>|SimpleEvents","Payload":{"EventId":{"Value":"rYEYJ1tahEydU3aDMV9Bkg=="},"Message":{"Value":"The system cycle '11' has started."},"nsu=http://opcfoundation.org/SimpleEvents;CycleId":{"Value":"11"},"nsu=http://opcfoundation.org/SimpleEvents;CurrentStep":{"Value":{"Name":"Step 1","Duration":1000}}}}]}