{"MessageId":"3ddad078-9987-4193-b5f7-34899f707ea2","MessageType":"ua-data","PublisherId":"DESKTOP-BGFJS91","DataSetWriterGroup":"<<UnknownWriterGroup>>","Messages":[{"SequenceNumber":13,"MetaDataVersion":{"MajorVersion":1},"Timestamp":"2024-04-26T17:34:25.4392072Z","MessageType":"ua-event","DataSetWriterName":"<<UnknownDataSet>>|SimpleEvents","Payload":{"EventId":{"Value":"B9KANX6bgkScPIFPZyoCSA=="},"Message":{"Value":"The system cycle '13' has started."},"nsu=http://opcfoundation.org/SimpleEvents;CycleId":{"Value":"13"},"nsu=http://opcfoundation.org/SimpleEvents;CurrentStep":{"Value":{"Name":"Step 1","Duration":1000}}}}]}