{"MessageId":"f40e0e61-0e40-470e-8ad4-36db90206705","MessageType":"ua-data","PublisherId":"DESKTOP-BGFJS91","DataSetWriterGroup":"<<UnknownWriterGroup>>","Messages":[{"SequenceNumber":14,"MetaDataVersion":{"MajorVersion":1},"Timestamp":"2024-04-26T17:34:25.4394742Z","MessageType":"ua-event","DataSetWriterName":"<<UnknownDataSet>>|SimpleEvents","Payload":{"EventId":{"Value":"sz58b29wB06cRWZAp7XIIQ=="},"Message":{"Value":"The system cycle '14' has started."},"nsu=http://opcfoundation.org/SimpleEvents;CycleId":{"Value":"14"},"nsu=http://opcfoundation.org/SimpleEvents;CurrentStep":{"Value":{"Name":"Step 1","Duration":1000}}}}]}