{"MessageId":"ff29cac8-02bd-4d4f-bd67-06e94f288d81","MessageType":"ua-data","PublisherId":"DESKTOP-BGFJS91","DataSetWriterGroup":"<<UnknownWriterGroup>>","Messages":[{"SequenceNumber":16,"MetaDataVersion":{"MajorVersion":1},"Timestamp":"2024-04-26T17:34:35.4270175Z","MessageType":"ua-event","DataSetWriterName":"<<UnknownDataSet>>|SimpleEvents","Payload":{"EventId":{"Value":"zCiKtxu4AUuVQT2f/eoxzw=="},"Message":{"Value":"The system cycle '16' has started."},"nsu=http://opcfoundation.org/SimpleEvents;CycleId":{"Value":"16"},"nsu=http://opcfoundation.org/SimpleEvents;CurrentStep":{"Value":{"Name":"Step 1","Duration":1000}}}}]}