{"MessageId":"024179fa-3912-4751-b844-a67183d6dd24","MessageType":"ua-data","PublisherId":"DESKTOP-BGFJS91","DataSetWriterGroup":"<<UnknownWriterGroup>>","Messages":[{"SequenceNumber":4,"MetaDataVersion":{"MajorVersion":1},"Timestamp":"2024-04-26T17:33:35.4024692Z","MessageType":"ua-event","DataSetWriterName":"<<UnknownDataSet>>|SimpleEvents","Payload":{"EventId":{"Value":"2kOaTgTO9kqPoZWr3R0oUA=="},"Message":{"Value":"The system cycle '4' has started."},"nsu=http://opcfoundation.org/SimpleEvents;CycleId":{"Value":"4"},"nsu=http://opcfoundation.org/SimpleEvents;CurrentStep":{"Value":{"Name":"Step 1","Duration":1000}}}}]}