{"MessageId":"d1869d9f-e808-4a7a-97e7-952ad2ae063b","MessageType":"ua-data","PublisherId":"DESKTOP-BGFJS91","DataSetWriterGroup":"<<UnknownWriterGroup>>","Messages":[{"DataSetWriterId":1,"SequenceNumber":101,"MetaDataVersion":{"MajorVersion":1},"Timestamp":"2024-04-27T12:45:16.5891747Z","MessageType":"ua-deltaframe","DataSetWriterName":"MES","Payload":{"nsu=http://opcfoundation.org/UA/Plc/Applications;s=StepUp":{"Value":{"Type":7,"Body":1139},"SourceTimestamp":"2024-04-27T12:45:16.5428615Z","ServerTimestamp":"2024-04-27T12:45:16.5428656Z"}}}]}