{"MessageId":"e31c7754-5f39-41b1-9842-b1fa5fc60216","MessageType":"ua-data","PublisherId":"DESKTOP-BGFJS91","DataSetWriterGroup":"<<UnknownWriterGroup>>","Messages":[{"DataSetWriterId":1,"SequenceNumber":102,"MetaDataVersion":{"MajorVersion":1},"Timestamp":"2024-04-27T12:45:17.5765417Z","MessageType":"ua-deltaframe","DataSetWriterName":"MES","Payload":{"nsu=http://opcfoundation.org/UA/Plc/Applications;s=StepUp":{"Value":{"Type":7,"Body":1149},"SourceTimestamp":"2024-04-27T12:45:17.5457574Z","ServerTimestamp":"2024-04-27T12:45:17.5457619Z"}}}]}