{"MessageId":"b5553d5a-f08a-496d-b64f-7b49304451b0","MessageType":"ua-data","PublisherId":"DESKTOP-BGFJS91","DataSetWriterGroup":"<<UnknownWriterGroup>>","Messages":[{"DataSetWriterId":1,"SequenceNumber":103,"MetaDataVersion":{"MajorVersion":1},"Timestamp":"2024-04-27T12:45:19.622095Z","MessageType":"ua-deltaframe","DataSetWriterName":"MES","Payload":{"nsu=http://opcfoundation.org/UA/Plc/Applications;s=StepUp":{"Value":{"Type":7,"Body":1169},"SourceTimestamp":"2024-04-27T12:45:19.544316Z","ServerTimestamp":"2024-04-27T12:45:19.5443196Z"}}}]}