{"MessageId":"7ac22e7e-1d43-4531-9939-272514e12694","MessageType":"ua-data","PublisherId":"DESKTOP-BGFJS91","DataSetWriterGroup":"<<UnknownWriterGroup>>","Messages":[{"DataSetWriterId":1,"SequenceNumber":11,"MetaDataVersion":{"MajorVersion":1},"Timestamp":"2024-04-27T12:43:35.6110179Z","MessageType":"ua-deltaframe","DataSetWriterName":"MES","Payload":{"nsu=http://opcfoundation.org/UA/Plc/Applications;s=StepUp":{"Value":{"Type":7,"Body":129},"SourceTimestamp":"2024-04-27T12:43:35.548843Z","ServerTimestamp":"2024-04-27T12:43:35.5488464Z"}}}]}