{"MessageId":"355c7f79-ed6d-47fb-a06a-c78e7d0dd68e","MessageType":"ua-data","PublisherId":"DESKTOP-BGFJS91","DataSetWriterGroup":"<<UnknownWriterGroup>>","Messages":[{"DataSetWriterId":1,"SequenceNumber":13,"MetaDataVersion":{"MajorVersion":1},"Timestamp":"2024-04-27T12:43:37.5934374Z","MessageType":"ua-deltaframe","DataSetWriterName":"MES","Payload":{"nsu=http://opcfoundation.org/UA/Plc/Applications;s=StepUp":{"Value":{"Type":7,"Body":149},"SourceTimestamp":"2024-04-27T12:43:37.5458314Z","ServerTimestamp":"2024-04-27T12:43:37.5458339Z"}}}]}