{"MessageId":"c45edeff-4a72-4515-9a7b-27d47f9cbc44","MessageType":"ua-data","PublisherId":"DESKTOP-BGFJS91","DataSetWriterGroup":"<<UnknownWriterGroup>>","Messages":[{"DataSetWriterId":1,"SequenceNumber":17,"MetaDataVersion":{"MajorVersion":1},"Timestamp":"2024-04-27T12:43:41.6156143Z","MessageType":"ua-deltaframe","DataSetWriterName":"MES","Payload":{"nsu=http://opcfoundation.org/UA/Plc/Applications;s=StepUp":{"Value":{"Type":7,"Body":189},"SourceTimestamp":"2024-04-27T12:43:41.5522382Z","ServerTimestamp":"2024-04-27T12:43:41.5522405Z"}}}]}