{"MessageId":"31a6e1d4-6135-4411-a18e-1c1e003fe79e","MessageType":"ua-data","PublisherId":"DESKTOP-BGFJS91","DataSetWriterGroup":"<<UnknownWriterGroup>>","Messages":[{"DataSetWriterId":1,"SequenceNumber":2,"MetaDataVersion":{"MajorVersion":1},"Timestamp":"2024-04-27T12:43:25.5653932Z","MessageType":"ua-deltaframe","DataSetWriterName":"MES","Payload":{"nsu=http://opcfoundation.org/UA/Plc/Applications;s=StepUp":{"Value":{"Type":7,"Body":29},"SourceTimestamp":"2024-04-27T12:43:25.5491981Z","ServerTimestamp":"2024-04-27T12:43:25.5492011Z"}}}]}