{"MessageId":"dc48e6c4-c65d-490d-871e-51397bf99ba6","MessageType":"ua-data","PublisherId":"DESKTOP-BGFJS91","DataSetWriterGroup":"<<UnknownWriterGroup>>","Messages":[{"DataSetWriterId":1,"SequenceNumber":24,"MetaDataVersion":{"MajorVersion":1},"Timestamp":"2024-04-27T12:43:48.5736067Z","MessageType":"ua-deltaframe","DataSetWriterName":"MES","Payload":{"nsu=http://opcfoundation.org/UA/Plc/Applications;s=StepUp":{"Value":{"Type":7,"Body":259},"SourceTimestamp":"2024-04-27T12:43:48.5426843Z","ServerTimestamp":"2024-04-27T12:43:48.5426874Z"}}}]}