{"MessageId":"ae072230-2896-47dd-8547-10d07ed866ab","MessageType":"ua-data","PublisherId":"DESKTOP-BGFJS91","DataSetWriterGroup":"<<UnknownWriterGroup>>","Messages":[{"DataSetWriterId":1,"SequenceNumber":26,"MetaDataVersion":{"MajorVersion":1},"Timestamp":"2024-04-27T12:43:51.6111749Z","MessageType":"ua-deltaframe","DataSetWriterName":"MES","Payload":{"nsu=http://opcfoundation.org/UA/Plc/Applications;s=StepUp":{"Value":{"Type":7,"Body":289},"SourceTimestamp":"2024-04-27T12:43:51.5494505Z","ServerTimestamp":"2024-04-27T12:43:51.5494547Z"}}}]}