{"MessageId":"e1b7e95f-f457-4091-a8cc-444650d9651c","MessageType":"ua-data","PublisherId":"DESKTOP-BGFJS91","DataSetWriterGroup":"<<UnknownWriterGroup>>","Messages":[{"DataSetWriterId":1,"SequenceNumber":27,"MetaDataVersion":{"MajorVersion":1},"Timestamp":"2024-04-27T12:43:52.5993099Z","MessageType":"ua-deltaframe","DataSetWriterName":"MES","Payload":{"nsu=http://opcfoundation.org/UA/Plc/Applications;s=StepUp":{"Value":{"Type":7,"Body":299},"SourceTimestamp":"2024-04-27T12:43:52.5533549Z","ServerTimestamp":"2024-04-27T12:43:52.5533605Z"}}}]}