{"MessageId":"58687e26-3d5f-475b-b889-bae33d09ee13","MessageType":"ua-data","PublisherId":"DESKTOP-BGFJS91","DataSetWriterGroup":"<<UnknownWriterGroup>>","Messages":[{"DataSetWriterId":1,"SequenceNumber":30,"MetaDataVersion":{"MajorVersion":1},"Timestamp":"2024-04-27T12:43:55.5712694Z","MessageType":"ua-deltaframe","DataSetWriterName":"MES","Payload":{"nsu=http://opcfoundation.org/UA/Plc/Applications;s=StepUp":{"Value":{"Type":7,"Body":329},"SourceTimestamp":"2024-04-27T12:43:55.5403312Z","ServerTimestamp":"2024-04-27T12:43:55.5403342Z"}}}]}