{"MessageId":"0b33ccab-5c0a-4e6e-b26b-cee1ce7a97f6","MessageType":"ua-data","PublisherId":"DESKTOP-BGFJS91","DataSetWriterGroup":"<<UnknownWriterGroup>>","Messages":[{"DataSetWriterId":1,"SequenceNumber":33,"MetaDataVersion":{"MajorVersion":1},"Timestamp":"2024-04-27T12:43:58.6092436Z","MessageType":"ua-deltaframe","DataSetWriterName":"MES","Payload":{"nsu=http://opcfoundation.org/UA/Plc/Applications;s=StepUp":{"Value":{"Type":7,"Body":359},"SourceTimestamp":"2024-04-27T12:43:58.54666Z","ServerTimestamp":"2024-04-27T12:43:58.5466631Z"}}}]}