{"MessageId":"bda1a69b-d547-4ab2-ac21-3fc8f214f9d9","MessageType":"ua-data","PublisherId":"DESKTOP-BGFJS91","DataSetWriterGroup":"<<UnknownWriterGroup>>","Messages":[{"DataSetWriterId":1,"SequenceNumber":34,"MetaDataVersion":{"MajorVersion":1},"Timestamp":"2024-04-27T12:43:59.6011775Z","MessageType":"ua-deltaframe","DataSetWriterName":"MES","Payload":{"nsu=http://opcfoundation.org/UA/Plc/Applications;s=StepUp":{"Value":{"Type":7,"Body":369},"SourceTimestamp":"2024-04-27T12:43:59.5544884Z","ServerTimestamp":"2024-04-27T12:43:59.5544928Z"}}}]}