{"MessageId":"88a087c2-e9ea-4f89-b04f-82ca538e86b4","MessageType":"ua-data","PublisherId":"DESKTOP-BGFJS91","DataSetWriterGroup":"<<UnknownWriterGroup>>","Messages":[{"DataSetWriterId":1,"SequenceNumber":35,"MetaDataVersion":{"MajorVersion":1},"Timestamp":"2024-04-27T12:44:00.5992493Z","MessageType":"ua-deltaframe","DataSetWriterName":"MES","Payload":{"nsu=http://opcfoundation.org/UA/Plc/Applications;s=StepUp":{"Value":{"Type":7,"Body":379},"SourceTimestamp":"2024-04-27T12:44:00.5515837Z","ServerTimestamp":"2024-04-27T12:44:00.5515888Z"}}}]}