{"MessageId":"a0196208-a2aa-4074-a7e2-139b98f56690","MessageType":"ua-data","PublisherId":"DESKTOP-BGFJS91","DataSetWriterGroup":"<<UnknownWriterGroup>>","Messages":[{"DataSetWriterId":1,"SequenceNumber":38,"MetaDataVersion":{"MajorVersion":1},"Timestamp":"2024-04-27T12:44:03.5765792Z","MessageType":"ua-deltaframe","DataSetWriterName":"MES","Payload":{"nsu=http://opcfoundation.org/UA/Plc/Applications;s=StepUp":{"Value":{"Type":7,"Body":409},"SourceTimestamp":"2024-04-27T12:44:03.5466078Z","ServerTimestamp":"2024-04-27T12:44:03.5466127Z"}}}]}