{"MessageId":"d2b59d4c-4259-46f9-bbc9-0740440001d4","MessageType":"ua-data","PublisherId":"DESKTOP-BGFJS91","DataSetWriterGroup":"<<UnknownWriterGroup>>","Messages":[{"DataSetWriterId":1,"SequenceNumber":48,"MetaDataVersion":{"MajorVersion":1},"Timestamp":"2024-04-27T12:44:15.5865319Z","MessageType":"ua-deltaframe","DataSetWriterName":"MES","Payload":{"nsu=http://opcfoundation.org/UA/Plc/Applications;s=StepUp":{"Value":{"Type":7,"Body":529},"SourceTimestamp":"2024-04-27T12:44:15.5394702Z","ServerTimestamp":"2024-04-27T12:44:15.5394751Z"}}}]}