{"MessageId":"b8359035-5929-423f-8b41-fcf97793e64a","MessageType":"ua-data","PublisherId":"DESKTOP-BGFJS91","DataSetWriterGroup":"<<UnknownWriterGroup>>","Messages":[{"DataSetWriterId":1,"SequenceNumber":49,"MetaDataVersion":{"MajorVersion":1},"Timestamp":"2024-04-27T12:44:16.5712953Z","MessageType":"ua-deltaframe","DataSetWriterName":"MES","Payload":{"nsu=http://opcfoundation.org/UA/Plc/Applications;s=StepUp":{"Value":{"Type":7,"Body":539},"SourceTimestamp":"2024-04-27T12:44:16.5408018Z","ServerTimestamp":"2024-04-27T12:44:16.5408043Z"}}}]}