{"MessageId":"399add02-f509-4e4a-b25e-aaae2a42670f","MessageType":"ua-data","PublisherId":"DESKTOP-BGFJS91","DataSetWriterGroup":"<<UnknownWriterGroup>>","Messages":[{"DataSetWriterId":1,"SequenceNumber":5,"MetaDataVersion":{"MajorVersion":1},"Timestamp":"2024-04-27T12:43:28.6031284Z","MessageType":"ua-deltaframe","DataSetWriterName":"MES","Payload":{"nsu=http://opcfoundation.org/UA/Plc/Applications;s=StepUp":{"Value":{"Type":7,"Body":59},"SourceTimestamp":"2024-04-27T12:43:28.5415135Z","ServerTimestamp":"2024-04-27T12:43:28.541517Z"}}}]}