{"MessageId":"fc280716-818a-42ef-bb1e-aa4217bdffb3","MessageType":"ua-data","PublisherId":"DESKTOP-BGFJS91","DataSetWriterGroup":"<<UnknownWriterGroup>>","Messages":[{"DataSetWriterId":1,"SequenceNumber":51,"MetaDataVersion":{"MajorVersion":1},"Timestamp":"2024-04-27T12:44:18.6156143Z","MessageType":"ua-deltaframe","DataSetWriterName":"MES","Payload":{"nsu=http://opcfoundation.org/UA/Plc/Applications;s=StepUp":{"Value":{"Type":7,"Body":559},"SourceTimestamp":"2024-04-27T12:44:18.5385615Z","ServerTimestamp":"2024-04-27T12:44:18.5385661Z"}}}]}