{"MessageId":"044ef957-e756-4e91-9a34-0a0649c54d8f","MessageType":"ua-data","PublisherId":"DESKTOP-BGFJS91","DataSetWriterGroup":"<<UnknownWriterGroup>>","Messages":[{"DataSetWriterId":1,"SequenceNumber":57,"MetaDataVersion":{"MajorVersion":1},"Timestamp":"2024-04-27T12:44:25.6223765Z","MessageType":"ua-deltaframe","DataSetWriterName":"MES","Payload":{"nsu=http://opcfoundation.org/UA/Plc/Applications;s=StepUp":{"Value":{"Type":7,"Body":629},"SourceTimestamp":"2024-04-27T12:44:25.5454571Z","ServerTimestamp":"2024-04-27T12:44:25.5454609Z"}}}]}