{"MessageId":"a354d260-d830-49ab-a7c8-7968f0b3635a","MessageType":"ua-data","PublisherId":"DESKTOP-BGFJS91","DataSetWriterGroup":"<<UnknownWriterGroup>>","Messages":[{"DataSetWriterId":1,"SequenceNumber":58,"MetaDataVersion":{"MajorVersion":1},"Timestamp":"2024-04-27T12:44:26.5959626Z","MessageType":"ua-deltaframe","DataSetWriterName":"MES","Payload":{"nsu=http://opcfoundation.org/UA/Plc/Applications;s=StepUp":{"Value":{"Type":7,"Body":639},"SourceTimestamp":"2024-04-27T12:44:26.5506669Z","ServerTimestamp":"2024-04-27T12:44:26.5506717Z"}}}]}