{"MessageId":"57347fbb-5c35-41fa-95b7-9d0a0a50ec43","MessageType":"ua-data","PublisherId":"DESKTOP-BGFJS91","DataSetWriterGroup":"<<UnknownWriterGroup>>","Messages":[{"DataSetWriterId":1,"SequenceNumber":6,"MetaDataVersion":{"MajorVersion":1},"Timestamp":"2024-04-27T12:43:29.5951009Z","MessageType":"ua-deltaframe","DataSetWriterName":"MES","Payload":{"nsu=http://opcfoundation.org/UA/Plc/Applications;s=StepUp":{"Value":{"Type":7,"Body":69},"SourceTimestamp":"2024-04-27T12:43:29.5481182Z","ServerTimestamp":"2024-04-27T12:43:29.5481212Z"}}}]}