{"MessageId":"3ef8888e-25a0-473a-937f-16653329e7e6","MessageType":"ua-data","PublisherId":"DESKTOP-BGFJS91","DataSetWriterGroup":"<<UnknownWriterGroup>>","Messages":[{"DataSetWriterId":1,"SequenceNumber":62,"MetaDataVersion":{"MajorVersion":1},"Timestamp":"2024-04-27T12:44:31.6148638Z","MessageType":"ua-deltaframe","DataSetWriterName":"MES","Payload":{"nsu=http://opcfoundation.org/UA/Plc/Applications;s=StepUp":{"Value":{"Type":7,"Body":689},"SourceTimestamp":"2024-04-27T12:44:31.5386241Z","ServerTimestamp":"2024-04-27T12:44:31.5386256Z"}}}]}