{"MessageId":"73f4d0a1-1e16-4cb0-8d48-4318852dc474","MessageType":"ua-data","PublisherId":"DESKTOP-BGFJS91","DataSetWriterGroup":"<<UnknownWriterGroup>>","Messages":[{"DataSetWriterId":1,"SequenceNumber":63,"MetaDataVersion":{"MajorVersion":1},"Timestamp":"2024-04-27T12:44:32.6030504Z","MessageType":"ua-deltaframe","DataSetWriterName":"MES","Payload":{"nsu=http://opcfoundation.org/UA/Plc/Applications;s=StepUp":{"Value":{"Type":7,"Body":699},"SourceTimestamp":"2024-04-27T12:44:32.5395352Z","ServerTimestamp":"2024-04-27T12:44:32.5395405Z"}}}]}