{"MessageId":"a038d223-f6df-46a7-aba9-3cd2176d2348","MessageType":"ua-data","PublisherId":"DESKTOP-BGFJS91","DataSetWriterGroup":"<<UnknownWriterGroup>>","Messages":[{"DataSetWriterId":1,"SequenceNumber":7,"MetaDataVersion":{"MajorVersion":1},"Timestamp":"2024-04-27T12:43:30.5860185Z","MessageType":"ua-deltaframe","DataSetWriterName":"MES","Payload":{"nsu=http://opcfoundation.org/UA/Plc/Applications;s=StepUp":{"Value":{"Type":7,"Body":79},"SourceTimestamp":"2024-04-27T12:43:30.5402836Z","ServerTimestamp":"2024-04-27T12:43:30.5402875Z"}}}]}