{"MessageId":"b97d44a1-e494-4b20-a1dd-147639c3304d","MessageType":"ua-data","PublisherId":"DESKTOP-BGFJS91","DataSetWriterGroup":"<<UnknownWriterGroup>>","Messages":[{"DataSetWriterId":1,"SequenceNumber":71,"MetaDataVersion":{"MajorVersion":1},"Timestamp":"2024-04-27T12:44:42.6095315Z","MessageType":"ua-deltaframe","DataSetWriterName":"MES","Payload":{"nsu=http://opcfoundation.org/UA/Plc/Applications;s=StepUp":{"Value":{"Type":7,"Body":799},"SourceTimestamp":"2024-04-27T12:44:42.548076Z","ServerTimestamp":"2024-04-27T12:44:42.5480798Z"}}}]}