{"MessageId":"f1983ef5-0a51-4ea1-b988-cca24b915288","MessageType":"ua-data","PublisherId":"DESKTOP-BGFJS91","DataSetWriterGroup":"<<UnknownWriterGroup>>","Messages":[{"DataSetWriterId":1,"SequenceNumber":74,"MetaDataVersion":{"MajorVersion":1},"Timestamp":"2024-04-27T12:44:45.581038Z","MessageType":"ua-deltaframe","DataSetWriterName":"MES","Payload":{"nsu=http://opcfoundation.org/UA/Plc/Applications;s=StepUp":{"Value":{"Type":7,"Body":829},"SourceTimestamp":"2024-04-27T12:44:45.5497795Z","ServerTimestamp":"2024-04-27T12:44:45.5497843Z"}}}]}