{"MessageId":"1c121008-5a00-4063-938b-5a2b45b6e769","MessageType":"ua-data","PublisherId":"DESKTOP-BGFJS91","DataSetWriterGroup":"<<UnknownWriterGroup>>","Messages":[{"DataSetWriterId":1,"SequenceNumber":82,"MetaDataVersion":{"MajorVersion":1},"Timestamp":"2024-04-27T12:44:54.572281Z","MessageType":"ua-deltaframe","DataSetWriterName":"MES","Payload":{"nsu=http://opcfoundation.org/UA/Plc/Applications;s=StepUp":{"Value":{"Type":7,"Body":919},"SourceTimestamp":"2024-04-27T12:44:54.5398667Z","ServerTimestamp":"2024-04-27T12:44:54.5398766Z"}}}]}