{"MessageId":"8d8ebaaf-ad08-4fdf-a1a0-bc8efe9af8e3","MessageType":"ua-data","PublisherId":"DESKTOP-BGFJS91","DataSetWriterGroup":"<<UnknownWriterGroup>>","Messages":[{"DataSetWriterId":1,"SequenceNumber":85,"MetaDataVersion":{"MajorVersion":1},"Timestamp":"2024-04-27T12:44:58.6034737Z","MessageType":"ua-deltaframe","DataSetWriterName":"MES","Payload":{"nsu=http://opcfoundation.org/UA/Plc/Applications;s=StepUp":{"Value":{"Type":7,"Body":959},"SourceTimestamp":"2024-04-27T12:44:58.540695Z","ServerTimestamp":"2024-04-27T12:44:58.5406998Z"}}}]}