{"MessageId":"3c2e6e60-41a0-431f-94a5-3bfe703cbbc3","MessageType":"ua-data","PublisherId":"DESKTOP-BGFJS91","DataSetWriterGroup":"<<UnknownWriterGroup>>","Messages":[{"DataSetWriterId":1,"SequenceNumber":88,"MetaDataVersion":{"MajorVersion":1},"Timestamp":"2024-04-27T12:45:01.5823126Z","MessageType":"ua-deltaframe","DataSetWriterName":"MES","Payload":{"nsu=http://opcfoundation.org/UA/Plc/Applications;s=StepUp":{"Value":{"Type":7,"Body":989},"SourceTimestamp":"2024-04-27T12:45:01.5506025Z","ServerTimestamp":"2024-04-27T12:45:01.5506075Z"}}}]}