{"MessageId":"b5467b33-1efc-41f3-973b-1b448a63e706","MessageType":"ua-data","PublisherId":"DESKTOP-BGFJS91","DataSetWriterGroup":"<<UnknownWriterGroup>>","Messages":[{"DataSetWriterId":1,"SequenceNumber":92,"MetaDataVersion":{"MajorVersion":1},"Timestamp":"2024-04-27T12:45:06.5976127Z","MessageType":"ua-deltaframe","DataSetWriterName":"MES","Payload":{"nsu=http://opcfoundation.org/UA/Plc/Applications;s=StepUp":{"Value":{"Type":7,"Body":1039},"SourceTimestamp":"2024-04-27T12:45:06.5512114Z","ServerTimestamp":"2024-04-27T12:45:06.5512149Z"}}}]}