{"MessageId":"90eed36e-88e1-4bc4-8dc8-fe533fc73b5c","MessageType":"ua-data","PublisherId":"DESKTOP-BGFJS91","DataSetWriterGroup":"<<UnknownWriterGroup>>","Messages":[{"DataSetWriterId":1,"SequenceNumber":97,"MetaDataVersion":{"MajorVersion":1},"Timestamp":"2024-04-27T12:45:12.5653654Z","MessageType":"ua-deltaframe","DataSetWriterName":"MES","Payload":{"nsu=http://opcfoundation.org/UA/Plc/Applications;s=StepUp":{"Value":{"Type":7,"Body":1099},"SourceTimestamp":"2024-04-27T12:45:12.5503347Z","ServerTimestamp":"2024-04-27T12:45:12.5503385Z"}}}]}