{"MessageId":"f5e09509-c95e-4b52-9b82-f309d6df9161","MessageType":"ua-data","PublisherId":"DESKTOP-BGFJS91","DataSetWriterGroup":"<<UnknownWriterGroup>>","Messages":[{"DataSetWriterId":1,"SequenceNumber":98,"MetaDataVersion":{"MajorVersion":1},"Timestamp":"2024-04-27T12:45:13.6226075Z","MessageType":"ua-deltaframe","DataSetWriterName":"MES","Payload":{"nsu=http://opcfoundation.org/UA/Plc/Applications;s=StepUp":{"Value":{"Type":7,"Body":1109},"SourceTimestamp":"2024-04-27T12:45:13.5450404Z","ServerTimestamp":"2024-04-27T12:45:13.5450435Z"}}}]}