{"MessageId":"fc30d943-00b5-4379-ad27-6048bdca0322","MessageType":"ua-data","PublisherId":"DESKTOP-BGFJS91","DataSetWriterGroup":"<<UnknownWriterGroup>>","Messages":[{"MetaDataVersion":{"MajorVersion":1},"MessageType":"ua-condition","DataSetWriterName":"<<UnknownDataSet>>|PendingAlarms","Payload":{"ConditionClassId":{"Value":null,"SourceTimestamp":"2024-04-27T10:35:16.4111939Z"},"ConditionClassName":{"Value":null,"SourceTimestamp":"2024-04-27T10:35:16.4111939Z"},"ConditionSubClassId":{"Value":null,"SourceTimestamp":"2024-04-27T10:35:16.4111939Z"},"ConditionSubClassName":{"Value":null,"SourceTimestamp":"2024-04-27T10:35:16.4111939Z"},"EventId":{"Value":"DiGQFnYrK0KoQ9h4WwvNdA==","SourceTimestamp":"2024-04-27T10:35:16.4111939Z"},"EventType":{"Value":{"Id":9764},"SourceTimestamp":"2024-04-27T10:35:16.4111939Z"},"LocalTime":{"Value":{"Offset":120,"DaylightSavingInOffset":true},"SourceTimestamp":"2024-04-27T10:35:16.4111939Z"},"Message":{"Value":"The alarm severity has increased.","SourceTimestamp":"2024-04-27T10:35:16.4111939Z"},"ReceiveTime":{"Value":"2024-04-27T10:35:15.556074Z","SourceTimestamp":"2024-04-27T10:35:16.4111939Z"},"Severity":{"Value":300,"SourceTimestamp":"2024-04-27T10:35:16.4111939Z"},"SourceName":{"Value":"EastTank","SourceTimestamp":"2024-04-27T10:35:16.4111939Z"},"SourceNode":{"Value":{"IdType":1,"Id":"1:Colours/EastTank","Namespace":"http://opcfoundation.org/AlarmCondition"},"SourceTimestamp":"2024-04-27T10:35:16.4111939Z"},"Time":{"Value":"2024-04-27T10:35:15.5560448Z","SourceTimestamp":"2024-04-27T10:35:16.4111939Z"}}}]}