{"MessageId":"9f53acc2-2a92-4687-b5de-ff3dbbbae53f","MessageType":"ua-data","PublisherId":"DESKTOP-BGFJS91","DataSetWriterGroup":"<<UnknownWriterGroup>>","Messages":[{"MetaDataVersion":{"MajorVersion":1},"MessageType":"ua-condition","DataSetWriterName":"<<UnknownDataSet>>|PendingAlarms","Payload":{"ConditionClassId":{"Value":null,"SourceTimestamp":"2024-04-27T10:35:24.4451312Z"},"ConditionClassName":{"Value":null,"SourceTimestamp":"2024-04-27T10:35:24.4451312Z"},"ConditionSubClassId":{"Value":null,"SourceTimestamp":"2024-04-27T10:35:24.4451312Z"},"ConditionSubClassName":{"Value":null,"SourceTimestamp":"2024-04-27T10:35:24.4451312Z"},"EventId":{"Value":"NflbX5I7JEugmICUpXywfg==","SourceTimestamp":"2024-04-27T10:35:24.4451312Z"},"EventType":{"Value":{"Id":9764},"SourceTimestamp":"2024-04-27T10:35:24.4451312Z"},"LocalTime":{"Value":{"Offset":120,"DaylightSavingInOffset":true},"SourceTimestamp":"2024-04-27T10:35:24.4451312Z"},"Message":{"Value":"The alarm severity has increased.","SourceTimestamp":"2024-04-27T10:35:24.4451312Z"},"ReceiveTime":{"Value":"2024-04-27T10:35:23.5532385Z","SourceTimestamp":"2024-04-27T10:35:24.4451312Z"},"Severity":{"Value":500,"SourceTimestamp":"2024-04-27T10:35:24.4451312Z"},"SourceName":{"Value":"EastTank","SourceTimestamp":"2024-04-27T10:35:24.4451312Z"},"SourceNode":{"Value":{"IdType":1,"Id":"1:Colours/EastTank","Namespace":"http://opcfoundation.org/AlarmCondition"},"SourceTimestamp":"2024-04-27T10:35:24.4451312Z"},"Time":{"Value":"2024-04-27T10:35:23.5532157Z","SourceTimestamp":"2024-04-27T10:35:24.4451312Z"}}}]}