{"MessageId":"b7974385-3c7a-4a82-92e8-0ed5114b4bac","MessageType":"ua-data","PublisherId":"DESKTOP-BGFJS91","DataSetWriterGroup":"<<UnknownWriterGroup>>","Messages":[{"MetaDataVersion":{"MajorVersion":1},"MessageType":"ua-condition","DataSetWriterName":"<<UnknownDataSet>>|PendingAlarms","Payload":{"ConditionClassId":{"Value":null,"SourceTimestamp":"2024-04-27T10:36:47.4164176Z"},"ConditionClassName":{"Value":null,"SourceTimestamp":"2024-04-27T10:36:47.4164176Z"},"ConditionSubClassId":{"Value":null,"SourceTimestamp":"2024-04-27T10:36:47.4164176Z"},"ConditionSubClassName":{"Value":null,"SourceTimestamp":"2024-04-27T10:36:47.4164176Z"},"EventId":{"Value":"xev/rpsIZkCqwahUtFTMpA==","SourceTimestamp":"2024-04-27T10:36:47.4164176Z"},"EventType":{"Value":{"Id":9764},"SourceTimestamp":"2024-04-27T10:36:47.4164176Z"},"LocalTime":{"Value":{"Offset":120,"DaylightSavingInOffset":true},"SourceTimestamp":"2024-04-27T10:36:47.4164176Z"},"Message":{"Value":"The alarm was deactivated by the system.","SourceTimestamp":"2024-04-27T10:36:47.4164176Z"},"ReceiveTime":{"Value":"2024-04-27T10:36:46.5577036Z","SourceTimestamp":"2024-04-27T10:36:47.4164176Z"},"Severity":{"Value":100,"SourceTimestamp":"2024-04-27T10:36:47.4164176Z"},"SourceName":{"Value":"NorthMotor","SourceTimestamp":"2024-04-27T10:36:47.4164176Z"},"SourceNode":{"Value":{"IdType":1,"Id":"1:Colours/NorthMotor","Namespace":"http://opcfoundation.org/AlarmCondition"},"SourceTimestamp":"2024-04-27T10:36:47.4164176Z"},"Time":{"Value":"2024-04-27T10:36:46.5576926Z","SourceTimestamp":"2024-04-27T10:36:47.4164176Z"}}}]}