{"MessageId":"f25c3a15-b2ef-48af-97fc-f58672a70be1","MessageType":"ua-data","PublisherId":"DESKTOP-BGFJS91","DataSetWriterGroup":"<<UnknownWriterGroup>>","Messages":[{"MetaDataVersion":{"MajorVersion":1},"MessageType":"ua-condition","DataSetWriterName":"<<UnknownDataSet>>|PendingAlarms","Payload":{"ConditionClassId":{"Value":null,"SourceTimestamp":"2024-04-27T10:36:48.4116293Z"},"ConditionClassName":{"Value":null,"SourceTimestamp":"2024-04-27T10:36:48.4116293Z"},"ConditionSubClassId":{"Value":null,"SourceTimestamp":"2024-04-27T10:36:48.4116293Z"},"ConditionSubClassName":{"Value":null,"SourceTimestamp":"2024-04-27T10:36:48.4116293Z"},"EventId":{"Value":"v/VFjFuTVUOL0t435wYFKw==","SourceTimestamp":"2024-04-27T10:36:48.4116293Z"},"EventType":{"Value":{"Id":9764},"SourceTimestamp":"2024-04-27T10:36:48.4116293Z"},"LocalTime":{"Value":{"Offset":120,"DaylightSavingInOffset":true},"SourceTimestamp":"2024-04-27T10:36:48.4116293Z"},"Message":{"Value":"The alarm severity has increased.","SourceTimestamp":"2024-04-27T10:36:48.4116293Z"},"ReceiveTime":{"Value":"2024-04-27T10:36:47.5566942Z","SourceTimestamp":"2024-04-27T10:36:48.4116293Z"},"Severity":{"Value":900,"SourceTimestamp":"2024-04-27T10:36:48.4116293Z"},"SourceName":{"Value":"WestTank","SourceTimestamp":"2024-04-27T10:36:48.4116293Z"},"SourceNode":{"Value":{"IdType":1,"Id":"1:Metals/WestTank","Namespace":"http://opcfoundation.org/AlarmCondition"},"SourceTimestamp":"2024-04-27T10:36:48.4116293Z"},"Time":{"Value":"2024-04-27T10:36:47.5566907Z","SourceTimestamp":"2024-04-27T10:36:48.4116293Z"}}}]}