{"MessageId":"6d16a364-1e7d-4fd6-ac58-f7d720c5568d","MessageType":"ua-data","PublisherId":"DESKTOP-BGFJS91","DataSetWriterGroup":"<<UnknownWriterGroup>>","Messages":[{"MetaDataVersion":{"MajorVersion":1},"MessageType":"ua-condition","DataSetWriterName":"<<UnknownDataSet>>|PendingAlarms","Payload":{"ConditionClassId":{"Value":null,"SourceTimestamp":"2024-04-27T10:36:58.4122271Z"},"ConditionClassName":{"Value":null,"SourceTimestamp":"2024-04-27T10:36:58.4122271Z"},"ConditionSubClassId":{"Value":null,"SourceTimestamp":"2024-04-27T10:36:58.4122271Z"},"ConditionSubClassName":{"Value":null,"SourceTimestamp":"2024-04-27T10:36:58.4122271Z"},"EventId":{"Value":"/6SAGFWcyEKH26b6fjaETA==","SourceTimestamp":"2024-04-27T10:36:58.4122271Z"},"EventType":{"Value":{"Id":10060},"SourceTimestamp":"2024-04-27T10:36:58.4122271Z"},"LocalTime":{"Value":{"Offset":120,"DaylightSavingInOffset":true},"SourceTimestamp":"2024-04-27T10:36:58.4122271Z"},"Message":{"Value":"The alarm severity has increased.","SourceTimestamp":"2024-04-27T10:36:58.4122271Z"},"ReceiveTime":{"Value":"2024-04-27T10:36:57.5520023Z","SourceTimestamp":"2024-04-27T10:36:58.4122271Z"},"Severity":{"Value":900,"SourceTimestamp":"2024-04-27T10:36:58.4122271Z"},"SourceName":{"Value":"WestTank","SourceTimestamp":"2024-04-27T10:36:58.4122271Z"},"SourceNode":{"Value":{"IdType":1,"Id":"1:Metals/WestTank","Namespace":"http://opcfoundation.org/AlarmCondition"},"SourceTimestamp":"2024-04-27T10:36:58.4122271Z"},"Time":{"Value":"2024-04-27T10:36:57.5519005Z","SourceTimestamp":"2024-04-27T10:36:58.4122271Z"}}}]}