{"MessageId":"843df071-b0b4-4c5f-8c4d-6405662f964a","MessageType":"ua-data","PublisherId":"DESKTOP-BGFJS91","DataSetWriterGroup":"<<UnknownWriterGroup>>","Messages":[{"MetaDataVersion":{"MajorVersion":1},"MessageType":"ua-condition","DataSetWriterName":"<<UnknownDataSet>>|PendingAlarms","Payload":{"ConditionClassId":{"Value":null,"SourceTimestamp":"2024-04-27T10:35:24.4451312Z"},"ConditionClassName":{"Value":null,"SourceTimestamp":"2024-04-27T10:35:24.4451312Z"},"ConditionSubClassId":{"Value":null,"SourceTimestamp":"2024-04-27T10:35:24.4451312Z"},"ConditionSubClassName":{"Value":null,"SourceTimestamp":"2024-04-27T10:35:24.4451312Z"},"EventId":{"Value":"RYOzZOsVPk+W+yw0tIaAgg==","SourceTimestamp":"2024-04-27T10:35:24.4451312Z"},"EventType":{"Value":{"Id":10751},"SourceTimestamp":"2024-04-27T10:35:24.4451312Z"},"LocalTime":{"Value":{"Offset":120,"DaylightSavingInOffset":true},"SourceTimestamp":"2024-04-27T10:35:24.4451312Z"},"Message":{"Value":"The alarm severity has increased.","SourceTimestamp":"2024-04-27T10:35:24.4451312Z"},"ReceiveTime":{"Value":"2024-04-27T10:35:23.5534871Z","SourceTimestamp":"2024-04-27T10:35:24.4451312Z"},"Severity":{"Value":500,"SourceTimestamp":"2024-04-27T10:35:24.4451312Z"},"SourceName":{"Value":"WestTank","SourceTimestamp":"2024-04-27T10:35:24.4451312Z"},"SourceNode":{"Value":{"IdType":1,"Id":"1:Metals/WestTank","Namespace":"http://opcfoundation.org/AlarmCondition"},"SourceTimestamp":"2024-04-27T10:35:24.4451312Z"},"Time":{"Value":"2024-04-27T10:35:23.553479Z","SourceTimestamp":"2024-04-27T10:35:24.4451312Z"}}}]}