{"MessageId":"cbf295cb-53f5-45c5-b72e-d35a86bd8ef7","MessageType":"ua-data","PublisherId":"DESKTOP-BGFJS91","DataSetWriterGroup":"<<UnknownWriterGroup>>","Messages":[{"MetaDataVersion":{"MajorVersion":1},"MessageType":"ua-condition","DataSetWriterName":"<<UnknownDataSet>>|PendingAlarms","Payload":{"ConditionClassId":{"Value":null,"SourceTimestamp":"2024-04-27T10:36:56.4316048Z"},"ConditionClassName":{"Value":null,"SourceTimestamp":"2024-04-27T10:36:56.4316048Z"},"ConditionSubClassId":{"Value":null,"SourceTimestamp":"2024-04-27T10:36:56.4316048Z"},"ConditionSubClassName":{"Value":null,"SourceTimestamp":"2024-04-27T10:36:56.4316048Z"},"EventId":{"Value":"nO8JsUE5qUiQa2CsyywSHA==","SourceTimestamp":"2024-04-27T10:36:56.4316048Z"},"EventType":{"Value":{"Id":10060},"SourceTimestamp":"2024-04-27T10:36:56.4316048Z"},"LocalTime":{"Value":{"Offset":120,"DaylightSavingInOffset":true},"SourceTimestamp":"2024-04-27T10:36:56.4316048Z"},"Message":{"Value":"The alarm is active.","SourceTimestamp":"2024-04-27T10:36:56.4316048Z"},"ReceiveTime":{"Value":"2024-04-27T10:36:55.5569803Z","SourceTimestamp":"2024-04-27T10:36:56.4316048Z"},"Severity":{"Value":100,"SourceTimestamp":"2024-04-27T10:36:56.4316048Z"},"SourceName":{"Value":"EastTank","SourceTimestamp":"2024-04-27T10:36:56.4316048Z"},"SourceNode":{"Value":{"IdType":1,"Id":"1:Colours/EastTank","Namespace":"http://opcfoundation.org/AlarmCondition"},"SourceTimestamp":"2024-04-27T10:36:56.4316048Z"},"Time":{"Value":"2024-04-27T10:36:55.5569639Z","SourceTimestamp":"2024-04-27T10:36:56.4316048Z"}}}]}