{"MessageId":"62f5b533-4b33-43af-8635-37067be445aa","MessageType":"ua-data","PublisherId":"DESKTOP-BGFJS91","DataSetWriterGroup":"<<UnknownWriterGroup>>","Messages":[{"MetaDataVersion":{"MajorVersion":1},"MessageType":"ua-condition","DataSetWriterName":"<<UnknownDataSet>>|PendingAlarms","Payload":{"ConditionClassId":{"Value":null,"SourceTimestamp":"2024-04-27T10:35:26.4285996Z"},"ConditionClassName":{"Value":null,"SourceTimestamp":"2024-04-27T10:35:26.4285996Z"},"ConditionSubClassId":{"Value":null,"SourceTimestamp":"2024-04-27T10:35:26.4285996Z"},"ConditionSubClassName":{"Value":null,"SourceTimestamp":"2024-04-27T10:35:26.4285996Z"},"EventId":{"Value":"RCm71lTkDUyS4DLXMV37rA==","SourceTimestamp":"2024-04-27T10:35:26.4285996Z"},"EventType":{"Value":{"Id":9764},"SourceTimestamp":"2024-04-27T10:35:26.4285996Z"},"LocalTime":{"Value":{"Offset":120,"DaylightSavingInOffset":true},"SourceTimestamp":"2024-04-27T10:35:26.4285996Z"},"Message":{"Value":"The alarm severity has increased.","SourceTimestamp":"2024-04-27T10:35:26.4285996Z"},"ReceiveTime":{"Value":"2024-04-27T10:35:25.5472514Z","SourceTimestamp":"2024-04-27T10:35:26.4285996Z"},"Severity":{"Value":500,"SourceTimestamp":"2024-04-27T10:35:26.4285996Z"},"SourceName":{"Value":"NorthMotor","SourceTimestamp":"2024-04-27T10:35:26.4285996Z"},"SourceNode":{"Value":{"IdType":1,"Id":"1:Colours/NorthMotor","Namespace":"http://opcfoundation.org/AlarmCondition"},"SourceTimestamp":"2024-04-27T10:35:26.4285996Z"},"Time":{"Value":"2024-04-27T10:35:25.5472465Z","SourceTimestamp":"2024-04-27T10:35:26.4285996Z"}}}]}