{"MessageId":"ff41eff6-af81-4b35-8944-d1f70523300e","MessageType":"ua-data","PublisherId":"DESKTOP-BGFJS91","DataSetWriterGroup":"<<UnknownWriterGroup>>","Messages":[{"MetaDataVersion":{"MajorVersion":1},"MessageType":"ua-condition","DataSetWriterName":"<<UnknownDataSet>>|PendingAlarms","Payload":{"ConditionClassId":{"Value":null,"SourceTimestamp":"2024-04-27T10:35:19.4362397Z"},"ConditionClassName":{"Value":null,"SourceTimestamp":"2024-04-27T10:35:19.4362397Z"},"ConditionSubClassId":{"Value":null,"SourceTimestamp":"2024-04-27T10:35:19.4362397Z"},"ConditionSubClassName":{"Value":null,"SourceTimestamp":"2024-04-27T10:35:19.4362397Z"},"EventId":{"Value":"T1NvtCZkb0GibYUBBGp2ww==","SourceTimestamp":"2024-04-27T10:35:19.4362397Z"},"EventType":{"Value":{"Id":10751},"SourceTimestamp":"2024-04-27T10:35:19.4362397Z"},"LocalTime":{"Value":{"Offset":120,"DaylightSavingInOffset":true},"SourceTimestamp":"2024-04-27T10:35:19.4362397Z"},"Message":{"Value":"The alarm severity has increased.","SourceTimestamp":"2024-04-27T10:35:19.4362397Z"},"ReceiveTime":{"Value":"2024-04-27T10:35:18.5457849Z","SourceTimestamp":"2024-04-27T10:35:19.4362397Z"},"Severity":{"Value":300,"SourceTimestamp":"2024-04-27T10:35:19.4362397Z"},"SourceName":{"Value":"NorthMotor","SourceTimestamp":"2024-04-27T10:35:19.4362397Z"},"SourceNode":{"Value":{"IdType":1,"Id":"1:Colours/NorthMotor","Namespace":"http://opcfoundation.org/AlarmCondition"},"SourceTimestamp":"2024-04-27T10:35:19.4362397Z"},"Time":{"Value":"2024-04-27T10:35:18.5457702Z","SourceTimestamp":"2024-04-27T10:35:19.4362397Z"}}}]}