{"MessageId":"6af7c2bd-3a20-4c7f-aa22-74a53df0cab7","MessageType":"ua-data","PublisherId":"DESKTOP-BGFJS91","DataSetWriterGroup":"<<UnknownWriterGroup>>","Messages":[{"MetaDataVersion":{"MajorVersion":1},"MessageType":"ua-condition","DataSetWriterName":"<<UnknownDataSet>>|PendingAlarms","Payload":{"ConditionClassId":{"Value":null,"SourceTimestamp":"2024-04-27T10:35:16.4111939Z"},"ConditionClassName":{"Value":null,"SourceTimestamp":"2024-04-27T10:35:16.4111939Z"},"ConditionSubClassId":{"Value":null,"SourceTimestamp":"2024-04-27T10:35:16.4111939Z"},"ConditionSubClassName":{"Value":null,"SourceTimestamp":"2024-04-27T10:35:16.4111939Z"},"EventId":{"Value":"8OCQKf73cEy3NGCSmYKhnA==","SourceTimestamp":"2024-04-27T10:35:16.4111939Z"},"EventType":{"Value":{"Id":10751},"SourceTimestamp":"2024-04-27T10:35:16.4111939Z"},"LocalTime":{"Value":{"Offset":120,"DaylightSavingInOffset":true},"SourceTimestamp":"2024-04-27T10:35:16.4111939Z"},"Message":{"Value":"The alarm severity has increased.","SourceTimestamp":"2024-04-27T10:35:16.4111939Z"},"ReceiveTime":{"Value":"2024-04-27T10:35:15.5565845Z","SourceTimestamp":"2024-04-27T10:35:16.4111939Z"},"Severity":{"Value":300,"SourceTimestamp":"2024-04-27T10:35:16.4111939Z"},"SourceName":{"Value":"WestTank","SourceTimestamp":"2024-04-27T10:35:16.4111939Z"},"SourceNode":{"Value":{"IdType":1,"Id":"1:Metals/WestTank","Namespace":"http://opcfoundation.org/AlarmCondition"},"SourceTimestamp":"2024-04-27T10:35:16.4111939Z"},"Time":{"Value":"2024-04-27T10:35:15.5565706Z","SourceTimestamp":"2024-04-27T10:35:16.4111939Z"}}}]}