{"MessageId":"b46cabc1-b7d9-4e7c-93b0-7aa3dc8a3626","MessageType":"ua-data","PublisherId":"DESKTOP-BGFJS91","DataSetWriterGroup":"<<UnknownWriterGroup>>","Messages":[{"MetaDataVersion":{"MajorVersion":1},"MessageType":"ua-condition","DataSetWriterName":"<<UnknownDataSet>>|PendingAlarms","Payload":{"ConditionClassId":{"Value":null,"SourceTimestamp":"2024-04-27T10:35:19.4362397Z"},"ConditionClassName":{"Value":null,"SourceTimestamp":"2024-04-27T10:35:19.4362397Z"},"ConditionSubClassId":{"Value":null,"SourceTimestamp":"2024-04-27T10:35:19.4362397Z"},"ConditionSubClassName":{"Value":null,"SourceTimestamp":"2024-04-27T10:35:19.4362397Z"},"EventId":{"Value":"ADuDC41Vnk6EGP6ron6TpQ==","SourceTimestamp":"2024-04-27T10:35:19.4362397Z"},"EventType":{"Value":{"Id":10060},"SourceTimestamp":"2024-04-27T10:35:19.4362397Z"},"LocalTime":{"Value":{"Offset":120,"DaylightSavingInOffset":true},"SourceTimestamp":"2024-04-27T10:35:19.4362397Z"},"Message":{"Value":"The alarm severity has increased.","SourceTimestamp":"2024-04-27T10:35:19.4362397Z"},"ReceiveTime":{"Value":"2024-04-27T10:35:18.5460178Z","SourceTimestamp":"2024-04-27T10:35:19.4362397Z"},"Severity":{"Value":300,"SourceTimestamp":"2024-04-27T10:35:19.4362397Z"},"SourceName":{"Value":"WestTank","SourceTimestamp":"2024-04-27T10:35:19.4362397Z"},"SourceNode":{"Value":{"IdType":1,"Id":"1:Metals/WestTank","Namespace":"http://opcfoundation.org/AlarmCondition"},"SourceTimestamp":"2024-04-27T10:35:19.4362397Z"},"Time":{"Value":"2024-04-27T10:35:18.5460107Z","SourceTimestamp":"2024-04-27T10:35:19.4362397Z"}}}]}