{"MessageId":"3d1fad71-bdd9-4be6-85fd-372ca29c2ac8","MessageType":"ua-data","PublisherId":"DESKTOP-BGFJS91","DataSetWriterGroup":"<<UnknownWriterGroup>>","Messages":[{"MetaDataVersion":{"MajorVersion":1},"MessageType":"ua-condition","DataSetWriterName":"<<UnknownDataSet>>|PendingAlarms","Payload":{"ConditionClassId":{"Value":null,"SourceTimestamp":"2024-04-27T10:35:30.4485845Z"},"ConditionClassName":{"Value":null,"SourceTimestamp":"2024-04-27T10:35:30.4485845Z"},"ConditionSubClassId":{"Value":null,"SourceTimestamp":"2024-04-27T10:35:30.4485845Z"},"ConditionSubClassName":{"Value":null,"SourceTimestamp":"2024-04-27T10:35:30.4485845Z"},"EventId":{"Value":"7TjRkhoOCkWVtRbcXIWRmg==","SourceTimestamp":"2024-04-27T10:35:30.4485845Z"},"EventType":{"Value":{"Id":10060},"SourceTimestamp":"2024-04-27T10:35:30.4485845Z"},"LocalTime":{"Value":{"Offset":120,"DaylightSavingInOffset":true},"SourceTimestamp":"2024-04-27T10:35:30.4485845Z"},"Message":{"Value":"The alarm severity has increased.","SourceTimestamp":"2024-04-27T10:35:30.4485845Z"},"ReceiveTime":{"Value":"2024-04-27T10:35:29.5541158Z","SourceTimestamp":"2024-04-27T10:35:30.4485845Z"},"Severity":{"Value":500,"SourceTimestamp":"2024-04-27T10:35:30.4485845Z"},"SourceName":{"Value":"WestTank","SourceTimestamp":"2024-04-27T10:35:30.4485845Z"},"SourceNode":{"Value":{"IdType":1,"Id":"1:Metals/WestTank","Namespace":"http://opcfoundation.org/AlarmCondition"},"SourceTimestamp":"2024-04-27T10:35:30.4485845Z"},"Time":{"Value":"2024-04-27T10:35:29.5541061Z","SourceTimestamp":"2024-04-27T10:35:30.4485845Z"}}}]}