{"MessageId":"1f9891ae-34db-4e58-8b2f-b01a7c6ae403","MessageType":"ua-data","PublisherId":"DESKTOP-BGFJS91","DataSetWriterGroup":"<<UnknownWriterGroup>>","Messages":[{"MetaDataVersion":{"MajorVersion":1},"MessageType":"ua-condition","DataSetWriterName":"<<UnknownDataSet>>|PendingAlarms","Payload":{"ConditionClassId":{"Value":null,"SourceTimestamp":"2024-04-27T10:35:30.4485845Z"},"ConditionClassName":{"Value":null,"SourceTimestamp":"2024-04-27T10:35:30.4485845Z"},"ConditionSubClassId":{"Value":null,"SourceTimestamp":"2024-04-27T10:35:30.4485845Z"},"ConditionSubClassName":{"Value":null,"SourceTimestamp":"2024-04-27T10:35:30.4485845Z"},"EventId":{"Value":"g+Rbji/e5kGjW74tgheJFw==","SourceTimestamp":"2024-04-27T10:35:30.4485845Z"},"EventType":{"Value":{"Id":9764},"SourceTimestamp":"2024-04-27T10:35:30.4485845Z"},"LocalTime":{"Value":{"Offset":120,"DaylightSavingInOffset":true},"SourceTimestamp":"2024-04-27T10:35:30.4485845Z"},"Message":{"Value":"The alarm severity has increased.","SourceTimestamp":"2024-04-27T10:35:30.4485845Z"},"ReceiveTime":{"Value":"2024-04-27T10:35:29.5543214Z","SourceTimestamp":"2024-04-27T10:35:30.4485845Z"},"Severity":{"Value":500,"SourceTimestamp":"2024-04-27T10:35:30.4485845Z"},"SourceName":{"Value":"SouthMotor","SourceTimestamp":"2024-04-27T10:35:30.4485845Z"},"SourceNode":{"Value":{"IdType":1,"Id":"1:Metals/SouthMotor","Namespace":"http://opcfoundation.org/AlarmCondition"},"SourceTimestamp":"2024-04-27T10:35:30.4485845Z"},"Time":{"Value":"2024-04-27T10:35:29.5543181Z","SourceTimestamp":"2024-04-27T10:35:30.4485845Z"}}}]}