{"MessageId":"df2051b3-b0c0-4896-a423-9ee0d7986b82","MessageType":"ua-data","PublisherId":"DESKTOP-BGFJS91","DataSetWriterGroup":"<<UnknownWriterGroup>>","Messages":[{"MetaDataVersion":{"MajorVersion":1},"MessageType":"ua-condition","DataSetWriterName":"<<UnknownDataSet>>|PendingAlarms","Payload":{"ConditionClassId":{"Value":null,"SourceTimestamp":"2024-04-27T10:35:56.4095024Z"},"ConditionClassName":{"Value":null,"SourceTimestamp":"2024-04-27T10:35:56.4095024Z"},"ConditionSubClassId":{"Value":null,"SourceTimestamp":"2024-04-27T10:35:56.4095024Z"},"ConditionSubClassName":{"Value":null,"SourceTimestamp":"2024-04-27T10:35:56.4095024Z"},"EventId":{"Value":"kj9oHR01f0+L7W79hnpQGg==","SourceTimestamp":"2024-04-27T10:35:56.4095024Z"},"EventType":{"Value":{"Id":10751},"SourceTimestamp":"2024-04-27T10:35:56.4095024Z"},"LocalTime":{"Value":{"Offset":120,"DaylightSavingInOffset":true},"SourceTimestamp":"2024-04-27T10:35:56.4095024Z"},"Message":{"Value":"The alarm is active.","SourceTimestamp":"2024-04-27T10:35:56.4095024Z"},"ReceiveTime":{"Value":"2024-04-27T10:35:55.5457928Z","SourceTimestamp":"2024-04-27T10:35:56.4095024Z"},"Severity":{"Value":100,"SourceTimestamp":"2024-04-27T10:35:56.4095024Z"},"SourceName":{"Value":"WestTank","SourceTimestamp":"2024-04-27T10:35:56.4095024Z"},"SourceNode":{"Value":{"IdType":1,"Id":"1:Metals/WestTank","Namespace":"http://opcfoundation.org/AlarmCondition"},"SourceTimestamp":"2024-04-27T10:35:56.4095024Z"},"Time":{"Value":"2024-04-27T10:35:55.5457851Z","SourceTimestamp":"2024-04-27T10:35:56.4095024Z"}}}]}