{"MessageId":"d97d184a-8027-482a-b227-b3922d0dbf96","MessageType":"ua-data","PublisherId":"DESKTOP-BGFJS91","DataSetWriterGroup":"<<UnknownWriterGroup>>","Messages":[{"MetaDataVersion":{"MajorVersion":1},"MessageType":"ua-condition","DataSetWriterName":"<<UnknownDataSet>>|PendingAlarms","Payload":{"ConditionClassId":{"Value":null,"SourceTimestamp":"2024-04-27T10:35:52.4443145Z"},"ConditionClassName":{"Value":null,"SourceTimestamp":"2024-04-27T10:35:52.4443145Z"},"ConditionSubClassId":{"Value":null,"SourceTimestamp":"2024-04-27T10:35:52.4443145Z"},"ConditionSubClassName":{"Value":null,"SourceTimestamp":"2024-04-27T10:35:52.4443145Z"},"EventId":{"Value":"6AZe0NeOwU6ZdJhmRLFZXw==","SourceTimestamp":"2024-04-27T10:35:52.4443145Z"},"EventType":{"Value":{"Id":10060},"SourceTimestamp":"2024-04-27T10:35:52.4443145Z"},"LocalTime":{"Value":{"Offset":120,"DaylightSavingInOffset":true},"SourceTimestamp":"2024-04-27T10:35:52.4443145Z"},"Message":{"Value":"The alarm severity has increased.","SourceTimestamp":"2024-04-27T10:35:52.4443145Z"},"ReceiveTime":{"Value":"2024-04-27T10:35:51.5527653Z","SourceTimestamp":"2024-04-27T10:35:52.4443145Z"},"Severity":{"Value":900,"SourceTimestamp":"2024-04-27T10:35:52.4443145Z"},"SourceName":{"Value":"WestTank","SourceTimestamp":"2024-04-27T10:35:52.4443145Z"},"SourceNode":{"Value":{"IdType":1,"Id":"1:Metals/WestTank","Namespace":"http://opcfoundation.org/AlarmCondition"},"SourceTimestamp":"2024-04-27T10:35:52.4443145Z"},"Time":{"Value":"2024-04-27T10:35:51.5527589Z","SourceTimestamp":"2024-04-27T10:35:52.4443145Z"}}}]}