{"MessageId":"16e219c1-8462-4e30-afaa-5268c779c350","MessageType":"ua-data","PublisherId":"DESKTOP-BGFJS91","DataSetWriterGroup":"<<UnknownWriterGroup>>","Messages":[{"MetaDataVersion":{"MajorVersion":1},"MessageType":"ua-condition","DataSetWriterName":"<<UnknownDataSet>>|PendingAlarms","Payload":{"ConditionClassId":{"Value":null,"SourceTimestamp":"2024-04-27T10:36:02.4056377Z"},"ConditionClassName":{"Value":null,"SourceTimestamp":"2024-04-27T10:36:02.4056377Z"},"ConditionSubClassId":{"Value":null,"SourceTimestamp":"2024-04-27T10:36:02.4056377Z"},"ConditionSubClassName":{"Value":null,"SourceTimestamp":"2024-04-27T10:36:02.4056377Z"},"EventId":{"Value":"9R9Zh8HiIU+sjhTGkq/b4Q==","SourceTimestamp":"2024-04-27T10:36:02.4056377Z"},"EventType":{"Value":{"Id":9764},"SourceTimestamp":"2024-04-27T10:36:02.4056377Z"},"LocalTime":{"Value":{"Offset":120,"DaylightSavingInOffset":true},"SourceTimestamp":"2024-04-27T10:36:02.4056377Z"},"Message":{"Value":"The alarm is active.","SourceTimestamp":"2024-04-27T10:36:02.4056377Z"},"ReceiveTime":{"Value":"2024-04-27T10:36:01.5547771Z","SourceTimestamp":"2024-04-27T10:36:02.4056377Z"},"Severity":{"Value":100,"SourceTimestamp":"2024-04-27T10:36:02.4056377Z"},"SourceName":{"Value":"NorthMotor","SourceTimestamp":"2024-04-27T10:36:02.4056377Z"},"SourceNode":{"Value":{"IdType":1,"Id":"1:Colours/NorthMotor","Namespace":"http://opcfoundation.org/AlarmCondition"},"SourceTimestamp":"2024-04-27T10:36:02.4056377Z"},"Time":{"Value":"2024-04-27T10:36:01.5547708Z","SourceTimestamp":"2024-04-27T10:36:02.4056377Z"}}}]}