{"MessageId":"16eed1e9-26b6-4a1d-a9e6-c9d806925d08","MessageType":"ua-data","PublisherId":"DESKTOP-BGFJS91","DataSetWriterGroup":"<<UnknownWriterGroup>>","Messages":[{"MetaDataVersion":{"MajorVersion":1},"MessageType":"ua-condition","DataSetWriterName":"<<UnknownDataSet>>|PendingAlarms","Payload":{"ConditionClassId":{"Value":null,"SourceTimestamp":"2024-04-27T10:36:04.4494788Z"},"ConditionClassName":{"Value":null,"SourceTimestamp":"2024-04-27T10:36:04.4494788Z"},"ConditionSubClassId":{"Value":null,"SourceTimestamp":"2024-04-27T10:36:04.4494788Z"},"ConditionSubClassName":{"Value":null,"SourceTimestamp":"2024-04-27T10:36:04.4494788Z"},"EventId":{"Value":"HDbOBFjjfUKeCoDLYmpycQ==","SourceTimestamp":"2024-04-27T10:36:04.4494788Z"},"EventType":{"Value":{"Id":10751},"SourceTimestamp":"2024-04-27T10:36:04.4494788Z"},"LocalTime":{"Value":{"Offset":120,"DaylightSavingInOffset":true},"SourceTimestamp":"2024-04-27T10:36:04.4494788Z"},"Message":{"Value":"The alarm severity has increased.","SourceTimestamp":"2024-04-27T10:36:04.4494788Z"},"ReceiveTime":{"Value":"2024-04-27T10:36:03.5520691Z","SourceTimestamp":"2024-04-27T10:36:04.4494788Z"},"Severity":{"Value":300,"SourceTimestamp":"2024-04-27T10:36:04.4494788Z"},"SourceName":{"Value":"WestTank","SourceTimestamp":"2024-04-27T10:36:04.4494788Z"},"SourceNode":{"Value":{"IdType":1,"Id":"1:Metals/WestTank","Namespace":"http://opcfoundation.org/AlarmCondition"},"SourceTimestamp":"2024-04-27T10:36:04.4494788Z"},"Time":{"Value":"2024-04-27T10:36:03.5520611Z","SourceTimestamp":"2024-04-27T10:36:04.4494788Z"}}}]}