{"MessageId":"8dd52597-fe15-4747-80cc-d94789e22c43","MessageType":"ua-data","PublisherId":"DESKTOP-BGFJS91","DataSetWriterGroup":"<<UnknownWriterGroup>>","Messages":[{"MetaDataVersion":{"MajorVersion":1},"MessageType":"ua-condition","DataSetWriterName":"<<UnknownDataSet>>|PendingAlarms","Payload":{"ConditionClassId":{"Value":null,"SourceTimestamp":"2024-04-27T10:36:02.4056377Z"},"ConditionClassName":{"Value":null,"SourceTimestamp":"2024-04-27T10:36:02.4056377Z"},"ConditionSubClassId":{"Value":null,"SourceTimestamp":"2024-04-27T10:36:02.4056377Z"},"ConditionSubClassName":{"Value":null,"SourceTimestamp":"2024-04-27T10:36:02.4056377Z"},"EventId":{"Value":"uiwLVrtIiEuRy6C1XnIRgg==","SourceTimestamp":"2024-04-27T10:36:02.4056377Z"},"EventType":{"Value":{"Id":10751},"SourceTimestamp":"2024-04-27T10:36:02.4056377Z"},"LocalTime":{"Value":{"Offset":120,"DaylightSavingInOffset":true},"SourceTimestamp":"2024-04-27T10:36:02.4056377Z"},"Message":{"Value":"The alarm is active.","SourceTimestamp":"2024-04-27T10:36:02.4056377Z"},"ReceiveTime":{"Value":"2024-04-27T10:36:01.5548751Z","SourceTimestamp":"2024-04-27T10:36:02.4056377Z"},"Severity":{"Value":100,"SourceTimestamp":"2024-04-27T10:36:02.4056377Z"},"SourceName":{"Value":"SouthMotor","SourceTimestamp":"2024-04-27T10:36:02.4056377Z"},"SourceNode":{"Value":{"IdType":1,"Id":"1:Metals/SouthMotor","Namespace":"http://opcfoundation.org/AlarmCondition"},"SourceTimestamp":"2024-04-27T10:36:02.4056377Z"},"Time":{"Value":"2024-04-27T10:36:01.5548715Z","SourceTimestamp":"2024-04-27T10:36:02.4056377Z"}}}]}