{"MessageId":"cc7da97a-9b1a-48d3-80f6-6bd7c9bf580f","MessageType":"ua-data","PublisherId":"DESKTOP-BGFJS91","DataSetWriterGroup":"<<UnknownWriterGroup>>","Messages":[{"MetaDataVersion":{"MajorVersion":1},"MessageType":"ua-condition","DataSetWriterName":"<<UnknownDataSet>>|PendingAlarms","Payload":{"ConditionClassId":{"Value":null,"SourceTimestamp":"2024-04-27T10:36:08.4025715Z"},"ConditionClassName":{"Value":null,"SourceTimestamp":"2024-04-27T10:36:08.4025715Z"},"ConditionSubClassId":{"Value":null,"SourceTimestamp":"2024-04-27T10:36:08.4025715Z"},"ConditionSubClassName":{"Value":null,"SourceTimestamp":"2024-04-27T10:36:08.4025715Z"},"EventId":{"Value":"jPy91uAtWk2igjGAlkMIMg==","SourceTimestamp":"2024-04-27T10:36:08.4025715Z"},"EventType":{"Value":{"Id":10751},"SourceTimestamp":"2024-04-27T10:36:08.4025715Z"},"LocalTime":{"Value":{"Offset":120,"DaylightSavingInOffset":true},"SourceTimestamp":"2024-04-27T10:36:08.4025715Z"},"Message":{"Value":"The alarm is active.","SourceTimestamp":"2024-04-27T10:36:08.4025715Z"},"ReceiveTime":{"Value":"2024-04-27T10:36:07.5551674Z","SourceTimestamp":"2024-04-27T10:36:08.4025715Z"},"Severity":{"Value":100,"SourceTimestamp":"2024-04-27T10:36:08.4025715Z"},"SourceName":{"Value":"EastTank","SourceTimestamp":"2024-04-27T10:36:08.4025715Z"},"SourceNode":{"Value":{"IdType":1,"Id":"1:Colours/EastTank","Namespace":"http://opcfoundation.org/AlarmCondition"},"SourceTimestamp":"2024-04-27T10:36:08.4025715Z"},"Time":{"Value":"2024-04-27T10:36:07.555147Z","SourceTimestamp":"2024-04-27T10:36:08.4025715Z"}}}]}