{"MessageId":"7eb7f9a7-82f4-4254-b25b-0221c3ac7c81","MessageType":"ua-data","PublisherId":"DESKTOP-BGFJS91","DataSetWriterGroup":"<<UnknownWriterGroup>>","Messages":[{"MetaDataVersion":{"MajorVersion":1},"MessageType":"ua-condition","DataSetWriterName":"<<UnknownDataSet>>|PendingAlarms","Payload":{"ConditionClassId":{"Value":null,"SourceTimestamp":"2024-04-27T10:36:14.4010542Z"},"ConditionClassName":{"Value":null,"SourceTimestamp":"2024-04-27T10:36:14.4010542Z"},"ConditionSubClassId":{"Value":null,"SourceTimestamp":"2024-04-27T10:36:14.4010542Z"},"ConditionSubClassName":{"Value":null,"SourceTimestamp":"2024-04-27T10:36:14.4010542Z"},"EventId":{"Value":"UpJ3f8PvmES+re5Hqz51aQ==","SourceTimestamp":"2024-04-27T10:36:14.4010542Z"},"EventType":{"Value":{"Id":10060},"SourceTimestamp":"2024-04-27T10:36:14.4010542Z"},"LocalTime":{"Value":{"Offset":120,"DaylightSavingInOffset":true},"SourceTimestamp":"2024-04-27T10:36:14.4010542Z"},"Message":{"Value":"The alarm is active.","SourceTimestamp":"2024-04-27T10:36:14.4010542Z"},"ReceiveTime":{"Value":"2024-04-27T10:36:13.5558289Z","SourceTimestamp":"2024-04-27T10:36:14.4010542Z"},"Severity":{"Value":100,"SourceTimestamp":"2024-04-27T10:36:14.4010542Z"},"SourceName":{"Value":"WestTank","SourceTimestamp":"2024-04-27T10:36:14.4010542Z"},"SourceNode":{"Value":{"IdType":1,"Id":"1:Metals/WestTank","Namespace":"http://opcfoundation.org/AlarmCondition"},"SourceTimestamp":"2024-04-27T10:36:14.4010542Z"},"Time":{"Value":"2024-04-27T10:36:13.5558216Z","SourceTimestamp":"2024-04-27T10:36:14.4010542Z"}}}]}