{"MessageId":"3ef29ea2-bf74-4292-9b61-4743b51d8a3f","MessageType":"ua-data","PublisherId":"DESKTOP-BGFJS91","DataSetWriterGroup":"<<UnknownWriterGroup>>","Messages":[{"MetaDataVersion":{"MajorVersion":1},"MessageType":"ua-condition","DataSetWriterName":"<<UnknownDataSet>>|PendingAlarms","Payload":{"ConditionClassId":{"Value":null,"SourceTimestamp":"2024-04-27T10:36:11.4390307Z"},"ConditionClassName":{"Value":null,"SourceTimestamp":"2024-04-27T10:36:11.4390307Z"},"ConditionSubClassId":{"Value":null,"SourceTimestamp":"2024-04-27T10:36:11.4390307Z"},"ConditionSubClassName":{"Value":null,"SourceTimestamp":"2024-04-27T10:36:11.4390307Z"},"EventId":{"Value":"hScDI34DGkCVF4G1ZOap7Q==","SourceTimestamp":"2024-04-27T10:36:11.4390307Z"},"EventType":{"Value":{"Id":9764},"SourceTimestamp":"2024-04-27T10:36:11.4390307Z"},"LocalTime":{"Value":{"Offset":120,"DaylightSavingInOffset":true},"SourceTimestamp":"2024-04-27T10:36:11.4390307Z"},"Message":{"Value":"The alarm severity has increased.","SourceTimestamp":"2024-04-27T10:36:11.4390307Z"},"ReceiveTime":{"Value":"2024-04-27T10:36:10.5558933Z","SourceTimestamp":"2024-04-27T10:36:11.4390307Z"},"Severity":{"Value":300,"SourceTimestamp":"2024-04-27T10:36:11.4390307Z"},"SourceName":{"Value":"NorthMotor","SourceTimestamp":"2024-04-27T10:36:11.4390307Z"},"SourceNode":{"Value":{"IdType":1,"Id":"1:Colours/NorthMotor","Namespace":"http://opcfoundation.org/AlarmCondition"},"SourceTimestamp":"2024-04-27T10:36:11.4390307Z"},"Time":{"Value":"2024-04-27T10:36:10.5558881Z","SourceTimestamp":"2024-04-27T10:36:11.4390307Z"}}}]}