{"MessageId":"7a0a0c9d-f517-40d5-94a4-e76228384ad9","MessageType":"ua-data","PublisherId":"DESKTOP-BGFJS91","DataSetWriterGroup":"<<UnknownWriterGroup>>","Messages":[{"MetaDataVersion":{"MajorVersion":1},"MessageType":"ua-condition","DataSetWriterName":"<<UnknownDataSet>>|PendingAlarms","Payload":{"ConditionClassId":{"Value":null,"SourceTimestamp":"2024-04-27T10:36:18.4165369Z"},"ConditionClassName":{"Value":null,"SourceTimestamp":"2024-04-27T10:36:18.4165369Z"},"ConditionSubClassId":{"Value":null,"SourceTimestamp":"2024-04-27T10:36:18.4165369Z"},"ConditionSubClassName":{"Value":null,"SourceTimestamp":"2024-04-27T10:36:18.4165369Z"},"EventId":{"Value":"jrLS0SKNzUiOCrzgkQSv5Q==","SourceTimestamp":"2024-04-27T10:36:18.4165369Z"},"EventType":{"Value":{"Id":10060},"SourceTimestamp":"2024-04-27T10:36:18.4165369Z"},"LocalTime":{"Value":{"Offset":120,"DaylightSavingInOffset":true},"SourceTimestamp":"2024-04-27T10:36:18.4165369Z"},"Message":{"Value":"The alarm severity has increased.","SourceTimestamp":"2024-04-27T10:36:18.4165369Z"},"ReceiveTime":{"Value":"2024-04-27T10:36:17.5544945Z","SourceTimestamp":"2024-04-27T10:36:18.4165369Z"},"Severity":{"Value":300,"SourceTimestamp":"2024-04-27T10:36:18.4165369Z"},"SourceName":{"Value":"NorthMotor","SourceTimestamp":"2024-04-27T10:36:18.4165369Z"},"SourceNode":{"Value":{"IdType":1,"Id":"1:Colours/NorthMotor","Namespace":"http://opcfoundation.org/AlarmCondition"},"SourceTimestamp":"2024-04-27T10:36:18.4165369Z"},"Time":{"Value":"2024-04-27T10:36:17.5544869Z","SourceTimestamp":"2024-04-27T10:36:18.4165369Z"}}}]}