{"MessageId":"e1c78831-6085-4580-92da-c66e9277bcd4","MessageType":"ua-data","PublisherId":"DESKTOP-BGFJS91","DataSetWriterGroup":"<<UnknownWriterGroup>>","Messages":[{"MetaDataVersion":{"MajorVersion":1},"MessageType":"ua-condition","DataSetWriterName":"<<UnknownDataSet>>|PendingAlarms","Payload":{"ConditionClassId":{"Value":null,"SourceTimestamp":"2024-04-27T10:36:14.4010542Z"},"ConditionClassName":{"Value":null,"SourceTimestamp":"2024-04-27T10:36:14.4010542Z"},"ConditionSubClassId":{"Value":null,"SourceTimestamp":"2024-04-27T10:36:14.4010542Z"},"ConditionSubClassName":{"Value":null,"SourceTimestamp":"2024-04-27T10:36:14.4010542Z"},"EventId":{"Value":"2jHwu4eXNkGCJJdRpy9PuA==","SourceTimestamp":"2024-04-27T10:36:14.4010542Z"},"EventType":{"Value":{"Id":9764},"SourceTimestamp":"2024-04-27T10:36:14.4010542Z"},"LocalTime":{"Value":{"Offset":120,"DaylightSavingInOffset":true},"SourceTimestamp":"2024-04-27T10:36:14.4010542Z"},"Message":{"Value":"The alarm is active.","SourceTimestamp":"2024-04-27T10:36:14.4010542Z"},"ReceiveTime":{"Value":"2024-04-27T10:36:13.5559537Z","SourceTimestamp":"2024-04-27T10:36:14.4010542Z"},"Severity":{"Value":100,"SourceTimestamp":"2024-04-27T10:36:14.4010542Z"},"SourceName":{"Value":"SouthMotor","SourceTimestamp":"2024-04-27T10:36:14.4010542Z"},"SourceNode":{"Value":{"IdType":1,"Id":"1:Metals/SouthMotor","Namespace":"http://opcfoundation.org/AlarmCondition"},"SourceTimestamp":"2024-04-27T10:36:14.4010542Z"},"Time":{"Value":"2024-04-27T10:36:13.5559499Z","SourceTimestamp":"2024-04-27T10:36:14.4010542Z"}}}]}