{"MessageId":"18f44eb3-0e7f-4b86-baeb-812111228518","MessageType":"ua-data","PublisherId":"DESKTOP-BGFJS91","DataSetWriterGroup":"<<UnknownWriterGroup>>","Messages":[{"MetaDataVersion":{"MajorVersion":1},"MessageType":"ua-condition","DataSetWriterName":"<<UnknownDataSet>>|PendingAlarms","Payload":{"ConditionClassId":{"Value":null,"SourceTimestamp":"2024-04-27T10:36:25.4159656Z"},"ConditionClassName":{"Value":null,"SourceTimestamp":"2024-04-27T10:36:25.4159656Z"},"ConditionSubClassId":{"Value":null,"SourceTimestamp":"2024-04-27T10:36:25.4159656Z"},"ConditionSubClassName":{"Value":null,"SourceTimestamp":"2024-04-27T10:36:25.4159656Z"},"EventId":{"Value":"RHroytESmkOqlv3h9VlToA==","SourceTimestamp":"2024-04-27T10:36:25.4159656Z"},"EventType":{"Value":{"Id":10060},"SourceTimestamp":"2024-04-27T10:36:25.4159656Z"},"LocalTime":{"Value":{"Offset":120,"DaylightSavingInOffset":true},"SourceTimestamp":"2024-04-27T10:36:25.4159656Z"},"Message":{"Value":"The alarm severity has increased.","SourceTimestamp":"2024-04-27T10:36:25.4159656Z"},"ReceiveTime":{"Value":"2024-04-27T10:36:24.5501527Z","SourceTimestamp":"2024-04-27T10:36:25.4159656Z"},"Severity":{"Value":300,"SourceTimestamp":"2024-04-27T10:36:25.4159656Z"},"SourceName":{"Value":"WestTank","SourceTimestamp":"2024-04-27T10:36:25.4159656Z"},"SourceNode":{"Value":{"IdType":1,"Id":"1:Metals/WestTank","Namespace":"http://opcfoundation.org/AlarmCondition"},"SourceTimestamp":"2024-04-27T10:36:25.4159656Z"},"Time":{"Value":"2024-04-27T10:36:24.5501259Z","SourceTimestamp":"2024-04-27T10:36:25.4159656Z"}}}]}