{"MessageId":"830bad4e-8c82-4df3-a1fb-837baaa5e9fc","MessageType":"ua-data","PublisherId":"DESKTOP-BGFJS91","DataSetWriterGroup":"<<UnknownWriterGroup>>","Messages":[{"MetaDataVersion":{"MajorVersion":1},"MessageType":"ua-condition","DataSetWriterName":"<<UnknownDataSet>>|PendingAlarms","Payload":{"ConditionClassId":{"Value":null,"SourceTimestamp":"2024-04-27T10:36:28.4477209Z"},"ConditionClassName":{"Value":null,"SourceTimestamp":"2024-04-27T10:36:28.4477209Z"},"ConditionSubClassId":{"Value":null,"SourceTimestamp":"2024-04-27T10:36:28.4477209Z"},"ConditionSubClassName":{"Value":null,"SourceTimestamp":"2024-04-27T10:36:28.4477209Z"},"EventId":{"Value":"31TxTwyQYEm8APz+upGSYA==","SourceTimestamp":"2024-04-27T10:36:28.4477209Z"},"EventType":{"Value":{"Id":10751},"SourceTimestamp":"2024-04-27T10:36:28.4477209Z"},"LocalTime":{"Value":{"Offset":120,"DaylightSavingInOffset":true},"SourceTimestamp":"2024-04-27T10:36:28.4477209Z"},"Message":{"Value":"The alarm severity has increased.","SourceTimestamp":"2024-04-27T10:36:28.4477209Z"},"ReceiveTime":{"Value":"2024-04-27T10:36:27.5498135Z","SourceTimestamp":"2024-04-27T10:36:28.4477209Z"},"Severity":{"Value":900,"SourceTimestamp":"2024-04-27T10:36:28.4477209Z"},"SourceName":{"Value":"WestTank","SourceTimestamp":"2024-04-27T10:36:28.4477209Z"},"SourceNode":{"Value":{"IdType":1,"Id":"1:Metals/WestTank","Namespace":"http://opcfoundation.org/AlarmCondition"},"SourceTimestamp":"2024-04-27T10:36:28.4477209Z"},"Time":{"Value":"2024-04-27T10:36:27.5497049Z","SourceTimestamp":"2024-04-27T10:36:28.4477209Z"}}}]}