{"SequenceNumber":1,"MetaDataVersion":{"MajorVersion":1},"Timestamp":"2024-04-27T16:11:34.6379417Z","MessageType":"ua-deltaframe","DataSetWriterName":"<<UnknownDataSet>>","Payload":{"i=2271":{"Value":["en-US"],"SourceTimestamp":"2024-04-27T16:11:33.6035007Z","ServerTimestamp":"2024-04-27T16:11:33.6035005Z"},"i=2254":{"Value":["urn:desktop-bgfjs91:OPCFoundation:CoreSampleServer"],"SourceTimestamp":"2024-04-27T16:11:33.2842592Z","ServerTimestamp":"2024-04-27T16:11:33.6035135Z"},"i=2255":{"Value":["http://opcfoundation.org/UA/","urn:desktop-bgfjs91:OPCFoundation:CoreSampleServer","http://test.org/UA/Data/","http://test.org/UA/Data//Instance","http://opcfoundation.org/UA/Boiler//Instance","urn:localhost:somecompany.com:VehiclesServer","http://opcfoundation.org/UA/Vehicles/Types","http://opcfoundation.org/UA/Vehicles/Instances","http://opcfoundation.org/ReferenceApplications","http://opcfoundation.org/HistoricalEvents","http://opcfoundation.org/HistoricalAccess","http://opcfoundation.org/UA/Views","http://opcfoundation.org/UA/Engineering","http://opcfoundation.org/UA/Operations","DataAccess","http://opcfoundation.org/AlarmCondition","http://opcfoundation.org/SimpleEvents","http://opcfoundation.org/UA/Plc/Applications","http://opcfoundation.org/UA/Plc","http://opcfoundation.org/UA/Plc/PlcInstance","http://opcfoundation.org/UA/Diagnostics","http://samples.org/UA/memorybuffer","http://samples.org/UA/memorybuffer/Instance","http://opcfoundation.org/UA/Boiler/"],"SourceTimestamp":"2024-04-27T16:11:33.284252Z","ServerTimestamp":"2024-04-27T16:11:33.6035242Z"},"i=11702":{"Value":65535,"SourceTimestamp":"2024-04-27T16:11:33.4204828Z","ServerTimestamp":"2024-04-27T16:11:33.603656Z"},"i=11703":{"Value":130816,"SourceTimestamp":"2024-04-27T16:11:33.4206139Z","ServerTimestamp":"2024-04-27T16:11:33.6036584Z"}}}