{"nsu=http://opcfoundation.org/UA/Plc/Applications;s=FastUIntScalar2":{"Value":38,"SourceTimestamp":"2024-04-27T19:49:58.5908713Z","ServerTimestamp":"2024-04-27T19:49:58.5908778Z"},"nsu=http://opcfoundation.org/UA/Plc/Applications;s=FastUIntScalar3":{"Value":38,"SourceTimestamp":"2024-04-27T19:49:58.5908791Z","ServerTimestamp":"2024-04-27T19:49:58.5908799Z"},"nsu=http://opcfoundation.org/UA/Plc/Applications;s=FastRandomUIntScalar1":{"Value":2796077628,"SourceTimestamp":"2024-04-27T19:49:58.5908675Z","ServerTimestamp":"2024-04-27T19:49:58.5908714Z"},"nsu=http://opcfoundation.org/UA/Plc/Applications;s=FastRandomUIntScalar2":{"Value":2733741567,"SourceTimestamp":"2024-04-27T19:49:58.590878Z","ServerTimestamp":"2024-04-27T19:49:58.5908788Z"},"nsu=http://opcfoundation.org/UA/Plc/Applications;s=FastRandomUIntScalar3":{"Value":2530361448,"SourceTimestamp":"2024-04-27T19:49:58.59088Z","ServerTimestamp":"2024-04-27T19:49:58.5908808Z"}}