{"nsu=http://opcfoundation.org/UA/Plc/Applications;s=FastUIntScalar2":{"Value":40,"SourceTimestamp":"2024-04-27T19:50:00.5888113Z","ServerTimestamp":"2024-04-27T19:50:00.5888122Z"},"nsu=http://opcfoundation.org/UA/Plc/Applications;s=FastUIntScalar3":{"Value":40,"SourceTimestamp":"2024-04-27T19:50:00.5888136Z","ServerTimestamp":"2024-04-27T19:50:00.5888143Z"},"nsu=http://opcfoundation.org/UA/Plc/Applications;s=FastRandomUIntScalar1":{"Value":216826464,"SourceTimestamp":"2024-04-27T19:50:00.588802Z","ServerTimestamp":"2024-04-27T19:50:00.5888028Z"},"nsu=http://opcfoundation.org/UA/Plc/Applications;s=FastRandomUIntScalar2":{"Value":1656652386,"SourceTimestamp":"2024-04-27T19:50:00.5888049Z","ServerTimestamp":"2024-04-27T19:50:00.5888113Z"},"nsu=http://opcfoundation.org/UA/Plc/Applications;s=FastRandomUIntScalar3":{"Value":297021531,"SourceTimestamp":"2024-04-27T19:50:00.5888127Z","ServerTimestamp":"2024-04-27T19:50:00.5888134Z"}}