{"nsu=http://opcfoundation.org/UA/Plc/Applications;s=SlowRandomUIntScalar1":{"Value":4028900360,"SourceTimestamp":"2024-04-27T19:50:00.588801Z","ServerTimestamp":"2024-04-27T19:50:00.5888166Z"},"nsu=http://opcfoundation.org/UA/Plc/Applications;s=SlowRandomUIntScalar2":{"Value":2945738691,"SourceTimestamp":"2024-04-27T19:50:00.5888269Z","ServerTimestamp":"2024-04-27T19:50:00.5888285Z"},"nsu=http://opcfoundation.org/UA/Plc/Applications;s=SlowRandomUIntScalar3":{"Value":3763653212,"SourceTimestamp":"2024-04-27T19:50:00.5888308Z","ServerTimestamp":"2024-04-27T19:50:00.5888317Z"},"nsu=http://opcfoundation.org/UA/Plc/Applications;s=BadSlowRandomUIntScalar1":{"Value":952962668,"StatusCode":{"Symbol":"UncertainLastUsableValue","Code":1083179008},"SourceTimestamp":"2024-04-27T19:50:00.588834Z","ServerTimestamp":"2024-04-27T19:50:00.5888371Z"}}