{"nsu=http://opcfoundation.org/UA/Plc/Applications;s=FastUIntScalar2":{"Value":42,"SourceTimestamp":"2024-04-27T19:50:02.5943894Z","ServerTimestamp":"2024-04-27T19:50:02.5943908Z"},"nsu=http://opcfoundation.org/UA/Plc/Applications;s=FastUIntScalar3":{"Value":42,"SourceTimestamp":"2024-04-27T19:50:02.5943933Z","ServerTimestamp":"2024-04-27T19:50:02.5943944Z"},"nsu=http://opcfoundation.org/UA/Plc/Applications;s=FastRandomUIntScalar1":{"Value":4258220137,"SourceTimestamp":"2024-04-27T19:50:02.5944069Z","ServerTimestamp":"2024-04-27T19:50:02.5944111Z"},"nsu=http://opcfoundation.org/UA/Plc/Applications;s=FastRandomUIntScalar2":{"Value":3834333423,"SourceTimestamp":"2024-04-27T19:50:02.5944264Z","ServerTimestamp":"2024-04-27T19:50:02.5944275Z"},"nsu=http://opcfoundation.org/UA/Plc/Applications;s=FastRandomUIntScalar3":{"Value":3424843592,"SourceTimestamp":"2024-04-27T19:50:02.5944297Z","ServerTimestamp":"2024-04-27T19:50:02.5944307Z"}}