{"nsu=http://opcfoundation.org/UA/Plc/Applications;s=FastUIntScalar2":{"Value":5,"SourceTimestamp":"2024-04-27T19:49:25.5856484Z","ServerTimestamp":"2024-04-27T19:49:25.5856646Z"},"nsu=http://opcfoundation.org/UA/Plc/Applications;s=FastUIntScalar3":{"Value":5,"SourceTimestamp":"2024-04-27T19:49:25.5856675Z","ServerTimestamp":"2024-04-27T19:49:25.5856711Z"},"nsu=http://opcfoundation.org/UA/Plc/Applications;s=FastRandomUIntScalar1":{"Value":495654777,"SourceTimestamp":"2024-04-27T19:49:25.5856375Z","ServerTimestamp":"2024-04-27T19:49:25.5856503Z"},"nsu=http://opcfoundation.org/UA/Plc/Applications;s=FastRandomUIntScalar2":{"Value":763533915,"SourceTimestamp":"2024-04-27T19:49:25.5856641Z","ServerTimestamp":"2024-04-27T19:49:25.585668Z"},"nsu=http://opcfoundation.org/UA/Plc/Applications;s=FastRandomUIntScalar3":{"Value":266043185,"SourceTimestamp":"2024-04-27T19:49:25.5856707Z","ServerTimestamp":"2024-04-27T19:49:25.5856738Z"}}