{"nsu=http://opcfoundation.org/UA/Plc/Applications;s=StepUp":{"Value":442,"SourceTimestamp":"2024-04-27T19:50:04.7904711Z","ServerTimestamp":"2024-04-27T19:50:04.7904766Z"},"nsu=http://opcfoundation.org/UA/Plc/Applications;s=RandomSignedInt32":{"Value":1756543588,"SourceTimestamp":"2024-04-27T19:50:04.790516Z","ServerTimestamp":"2024-04-27T19:50:04.7905264Z"},"nsu=http://opcfoundation.org/UA/Plc/Applications;s=RandomUnsignedInt32":{"Value":1687881250,"SourceTimestamp":"2024-04-27T19:50:04.7905059Z","ServerTimestamp":"2024-04-27T19:50:04.7905086Z"},"nsu=http://opcfoundation.org/UA/Plc/Applications;s=DipData":{"Value":90.482705246601952,"SourceTimestamp":"2024-04-27T19:50:04.7905096Z","ServerTimestamp":"2024-04-27T19:50:04.7905192Z"},"nsu=http://opcfoundation.org/UA/Plc/Applications;s=FastUIntScalar1":{"Value":44,"SourceTimestamp":"2024-04-27T19:50:04.5863771Z","ServerTimestamp":"2024-04-27T19:50:04.5863807Z"}}