{"nsu=http://opcfoundation.org/UA/Plc/Applications;s=FastUIntScalar2":{"Value":50,"SourceTimestamp":"2024-04-27T19:50:10.5878058Z","ServerTimestamp":"2024-04-27T19:50:10.587813Z"},"nsu=http://opcfoundation.org/UA/Plc/Applications;s=FastUIntScalar3":{"Value":50,"SourceTimestamp":"2024-04-27T19:50:10.5878151Z","ServerTimestamp":"2024-04-27T19:50:10.5878182Z"},"nsu=http://opcfoundation.org/UA/Plc/Applications;s=FastRandomUIntScalar1":{"Value":1028382299,"SourceTimestamp":"2024-04-27T19:50:10.5878052Z","ServerTimestamp":"2024-04-27T19:50:10.5878075Z"},"nsu=http://opcfoundation.org/UA/Plc/Applications;s=FastRandomUIntScalar2":{"Value":1419445363,"SourceTimestamp":"2024-04-27T19:50:10.5878125Z","ServerTimestamp":"2024-04-27T19:50:10.5878156Z"},"nsu=http://opcfoundation.org/UA/Plc/Applications;s=FastRandomUIntScalar3":{"Value":972500943,"SourceTimestamp":"2024-04-27T19:50:10.5878176Z","ServerTimestamp":"2024-04-27T19:50:10.5878201Z"}}