{"nsu=http://opcfoundation.org/UA/Plc/Applications;s=StepUp":{"Value":512,"SourceTimestamp":"2024-04-27T19:50:11.7932992Z","ServerTimestamp":"2024-04-27T19:50:11.7933038Z"},"nsu=http://opcfoundation.org/UA/Plc/Applications;s=RandomSignedInt32":{"Value":1470618139,"SourceTimestamp":"2024-04-27T19:50:11.7933495Z","ServerTimestamp":"2024-04-27T19:50:11.7934629Z"},"nsu=http://opcfoundation.org/UA/Plc/Applications;s=RandomUnsignedInt32":{"Value":1793133112,"SourceTimestamp":"2024-04-27T19:50:11.7933448Z","ServerTimestamp":"2024-04-27T19:50:11.7934131Z"},"nsu=http://opcfoundation.org/UA/Plc/Applications;s=DipData":{"Value":-98.228725072868855,"SourceTimestamp":"2024-04-27T19:50:11.7933952Z","ServerTimestamp":"2024-04-27T19:50:11.7933983Z"},"nsu=http://opcfoundation.org/UA/Plc/Applications;s=FastUIntScalar1":{"Value":51,"SourceTimestamp":"2024-04-27T19:50:11.592192Z","ServerTimestamp":"2024-04-27T19:50:11.5922064Z"}}