{"nsu=http://opcfoundation.org/UA/Plc/Applications;s=StepUp":{"Value":72,"SourceTimestamp":"2024-04-27T19:49:27.7903006Z","ServerTimestamp":"2024-04-27T19:49:27.7903047Z"},"nsu=http://opcfoundation.org/UA/Plc/Applications;s=RandomSignedInt32":{"Value":-1538572107,"SourceTimestamp":"2024-04-27T19:49:27.7903277Z","ServerTimestamp":"2024-04-27T19:49:27.7903289Z"},"nsu=http://opcfoundation.org/UA/Plc/Applications;s=RandomUnsignedInt32":{"Value":1722922661,"SourceTimestamp":"2024-04-27T19:49:27.7903362Z","ServerTimestamp":"2024-04-27T19:49:27.790436Z"},"nsu=http://opcfoundation.org/UA/Plc/Applications;s=DipData":{"Value":-48.175367410171539,"SourceTimestamp":"2024-04-27T19:49:27.7903706Z","ServerTimestamp":"2024-04-27T19:49:27.7905159Z"},"nsu=http://opcfoundation.org/UA/Plc/Applications;s=FastUIntScalar1":{"Value":7,"SourceTimestamp":"2024-04-27T19:49:27.5909454Z","ServerTimestamp":"2024-04-27T19:49:27.5909475Z"}}