{"nsu=http://opcfoundation.org/UA/Plc/Applications;s=StepUp":{"Value":532,"SourceTimestamp":"2024-04-27T19:50:13.7971261Z","ServerTimestamp":"2024-04-27T19:50:13.7971305Z"},"nsu=http://opcfoundation.org/UA/Plc/Applications;s=RandomSignedInt32":{"Value":523530263,"SourceTimestamp":"2024-04-27T19:50:13.7971518Z","ServerTimestamp":"2024-04-27T19:50:13.7971533Z"},"nsu=http://opcfoundation.org/UA/Plc/Applications;s=RandomUnsignedInt32":{"Value":1067820585,"SourceTimestamp":"2024-04-27T19:50:13.7971802Z","ServerTimestamp":"2024-04-27T19:50:13.7971829Z"},"nsu=http://opcfoundation.org/UA/Plc/Applications;s=DipData":{"Value":68.45471059286885,"SourceTimestamp":"2024-04-27T19:50:13.7971707Z","ServerTimestamp":"2024-04-27T19:50:13.797172Z"},"nsu=http://opcfoundation.org/UA/Plc/Applications;s=FastUIntScalar1":{"Value":53,"SourceTimestamp":"2024-04-27T19:50:13.5954862Z","ServerTimestamp":"2024-04-27T19:50:13.5954882Z"}}