{"nsu=http://opcfoundation.org/UA/Plc/Applications;s=FastUIntScalar2":{"Value":55,"SourceTimestamp":"2024-04-27T19:50:15.5883378Z","ServerTimestamp":"2024-04-27T19:50:15.5883538Z"},"nsu=http://opcfoundation.org/UA/Plc/Applications;s=FastUIntScalar3":{"Value":55,"SourceTimestamp":"2024-04-27T19:50:15.5883558Z","ServerTimestamp":"2024-04-27T19:50:15.5883593Z"},"nsu=http://opcfoundation.org/UA/Plc/Applications;s=FastRandomUIntScalar1":{"Value":1522228592,"SourceTimestamp":"2024-04-27T19:50:15.5883289Z","ServerTimestamp":"2024-04-27T19:50:15.5883397Z"},"nsu=http://opcfoundation.org/UA/Plc/Applications;s=FastRandomUIntScalar2":{"Value":409889136,"SourceTimestamp":"2024-04-27T19:50:15.5883526Z","ServerTimestamp":"2024-04-27T19:50:15.5883561Z"},"nsu=http://opcfoundation.org/UA/Plc/Applications;s=FastRandomUIntScalar3":{"Value":2599331338,"SourceTimestamp":"2024-04-27T19:50:15.588359Z","ServerTimestamp":"2024-04-27T19:50:15.5883614Z"}}