{"nsu=http://opcfoundation.org/UA/Plc/Applications;s=FastUIntScalar2":{"Value":56,"SourceTimestamp":"2024-04-27T19:50:16.593651Z","ServerTimestamp":"2024-04-27T19:50:16.5936528Z"},"nsu=http://opcfoundation.org/UA/Plc/Applications;s=FastUIntScalar3":{"Value":56,"SourceTimestamp":"2024-04-27T19:50:16.5936546Z","ServerTimestamp":"2024-04-27T19:50:16.5936555Z"},"nsu=http://opcfoundation.org/UA/Plc/Applications;s=FastRandomUIntScalar1":{"Value":3723247218,"SourceTimestamp":"2024-04-27T19:50:16.5936461Z","ServerTimestamp":"2024-04-27T19:50:16.5936508Z"},"nsu=http://opcfoundation.org/UA/Plc/Applications;s=FastRandomUIntScalar2":{"Value":3239572591,"SourceTimestamp":"2024-04-27T19:50:16.5936529Z","ServerTimestamp":"2024-04-27T19:50:16.5936547Z"},"nsu=http://opcfoundation.org/UA/Plc/Applications;s=FastRandomUIntScalar3":{"Value":3274940689,"SourceTimestamp":"2024-04-27T19:50:16.5936554Z","ServerTimestamp":"2024-04-27T19:50:16.5936563Z"}}