{"nsu=http://opcfoundation.org/UA/Plc/Applications;s=StepUp":{"Value":82,"SourceTimestamp":"2024-04-27T19:49:28.7967728Z","ServerTimestamp":"2024-04-27T19:49:28.7967766Z"},"nsu=http://opcfoundation.org/UA/Plc/Applications;s=RandomSignedInt32":{"Value":-491708368,"SourceTimestamp":"2024-04-27T19:49:28.7967861Z","ServerTimestamp":"2024-04-27T19:49:28.7968365Z"},"nsu=http://opcfoundation.org/UA/Plc/Applications;s=RandomUnsignedInt32":{"Value":1137409247,"SourceTimestamp":"2024-04-27T19:49:28.7968021Z","ServerTimestamp":"2024-04-27T19:49:28.7968038Z"},"nsu=http://opcfoundation.org/UA/Plc/Applications;s=DipData":{"Value":68.45471059286885,"SourceTimestamp":"2024-04-27T19:49:28.7968219Z","ServerTimestamp":"2024-04-27T19:49:28.7968258Z"},"nsu=http://opcfoundation.org/UA/Plc/Applications;s=FastUIntScalar1":{"Value":8,"SourceTimestamp":"2024-04-27T19:49:28.5960424Z","ServerTimestamp":"2024-04-27T19:49:28.596045Z"}}