{"nsu=http://opcfoundation.org/UA/Plc/Applications;s=StepUp":{"Value":642,"SourceTimestamp":"2024-04-27T19:50:24.788176Z","ServerTimestamp":"2024-04-27T19:50:24.7881795Z"},"nsu=http://opcfoundation.org/UA/Plc/Applications;s=RandomSignedInt32":{"Value":1283987169,"SourceTimestamp":"2024-04-27T19:50:24.7881796Z","ServerTimestamp":"2024-04-27T19:50:24.7881905Z"},"nsu=http://opcfoundation.org/UA/Plc/Applications;s=RandomUnsignedInt32":{"Value":1633056832,"SourceTimestamp":"2024-04-27T19:50:24.7881928Z","ServerTimestamp":"2024-04-27T19:50:24.7882331Z"},"nsu=http://opcfoundation.org/UA/Plc/Applications;s=DipData":{"Value":90.482705246601952,"SourceTimestamp":"2024-04-27T19:50:24.7882002Z","ServerTimestamp":"2024-04-27T19:50:24.7882052Z"},"nsu=http://opcfoundation.org/UA/Plc/Applications;s=FastUIntScalar1":{"Value":64,"SourceTimestamp":"2024-04-27T19:50:24.586586Z","ServerTimestamp":"2024-04-27T19:50:24.5865954Z"}}