{"nsu=http://opcfoundation.org/UA/Plc/Applications;s=FastUIntScalar2":{"Value":67,"SourceTimestamp":"2024-04-27T19:50:27.5953952Z","ServerTimestamp":"2024-04-27T19:50:27.5954024Z"},"nsu=http://opcfoundation.org/UA/Plc/Applications;s=FastUIntScalar3":{"Value":67,"SourceTimestamp":"2024-04-27T19:50:27.5954039Z","ServerTimestamp":"2024-04-27T19:50:27.5954051Z"},"nsu=http://opcfoundation.org/UA/Plc/Applications;s=FastRandomUIntScalar1":{"Value":2678318511,"SourceTimestamp":"2024-04-27T19:50:27.5953896Z","ServerTimestamp":"2024-04-27T19:50:27.5953958Z"},"nsu=http://opcfoundation.org/UA/Plc/Applications;s=FastRandomUIntScalar2":{"Value":3059612591,"SourceTimestamp":"2024-04-27T19:50:27.5954023Z","ServerTimestamp":"2024-04-27T19:50:27.5954038Z"},"nsu=http://opcfoundation.org/UA/Plc/Applications;s=FastRandomUIntScalar3":{"Value":1149703273,"SourceTimestamp":"2024-04-27T19:50:27.5954054Z","ServerTimestamp":"2024-04-27T19:50:27.5954061Z"}}