{"nsu=http://opcfoundation.org/UA/Plc/Applications;s=FastUIntScalar2":{"Value":68,"SourceTimestamp":"2024-04-27T19:50:28.5876819Z","ServerTimestamp":"2024-04-27T19:50:28.5876832Z"},"nsu=http://opcfoundation.org/UA/Plc/Applications;s=FastUIntScalar3":{"Value":68,"SourceTimestamp":"2024-04-27T19:50:28.5877308Z","ServerTimestamp":"2024-04-27T19:50:28.5877321Z"},"nsu=http://opcfoundation.org/UA/Plc/Applications;s=FastRandomUIntScalar1":{"Value":3439126668,"SourceTimestamp":"2024-04-27T19:50:28.5876949Z","ServerTimestamp":"2024-04-27T19:50:28.5878801Z"},"nsu=http://opcfoundation.org/UA/Plc/Applications;s=FastRandomUIntScalar2":{"Value":3203538209,"SourceTimestamp":"2024-04-27T19:50:28.5878937Z","ServerTimestamp":"2024-04-27T19:50:28.5878955Z"},"nsu=http://opcfoundation.org/UA/Plc/Applications;s=FastRandomUIntScalar3":{"Value":293823122,"SourceTimestamp":"2024-04-27T19:50:28.5879187Z","ServerTimestamp":"2024-04-27T19:50:28.5879197Z"}}