{"nsu=http://opcfoundation.org/UA/Plc/Applications;s=StepUp":{"Value":22,"SourceTimestamp":"2024-04-27T19:49:22.7916747Z","ServerTimestamp":"2024-04-27T19:49:22.7916777Z"},"nsu=http://opcfoundation.org/UA/Plc/Applications;s=AlternatingBoolean":{"Value":true,"SourceTimestamp":"2024-04-27T19:49:21.7852374Z","ServerTimestamp":"2024-04-27T19:49:21.8390309Z"},"nsu=http://opcfoundation.org/UA/Plc/Applications;s=RandomSignedInt32":{"Value":1351196057,"SourceTimestamp":"2024-04-27T19:49:22.791697Z","ServerTimestamp":"2024-04-27T19:49:22.7916989Z"},"nsu=http://opcfoundation.org/UA/Plc/Applications;s=RandomUnsignedInt32":{"Value":484934725,"SourceTimestamp":"2024-04-27T19:49:22.7916993Z","ServerTimestamp":"2024-04-27T19:49:22.7917044Z"},"nsu=http://opcfoundation.org/UA/Plc/Applications;s=DipData":{"Value":-48.175367410171539,"SourceTimestamp":"2024-04-27T19:49:22.7917074Z","ServerTimestamp":"2024-04-27T19:49:22.7917098Z"},"nsu=http://opcfoundation.org/UA/Plc/Applications;s=FastUIntScalar1":{"Value":2,"SourceTimestamp":"2024-04-27T19:49:22.5922159Z","ServerTimestamp":"2024-04-27T19:49:22.5922199Z"}}