{"nsu=http://opcfoundation.org/UA/Plc/Applications;s=FastUIntScalar2":{"Value":70,"SourceTimestamp":"2024-04-27T19:50:30.5883706Z","ServerTimestamp":"2024-04-27T19:50:30.5883717Z"},"nsu=http://opcfoundation.org/UA/Plc/Applications;s=FastUIntScalar3":{"Value":70,"SourceTimestamp":"2024-04-27T19:50:30.5883766Z","ServerTimestamp":"2024-04-27T19:50:30.5883787Z"},"nsu=http://opcfoundation.org/UA/Plc/Applications;s=FastRandomUIntScalar1":{"Value":1015912740,"SourceTimestamp":"2024-04-27T19:50:30.5883475Z","ServerTimestamp":"2024-04-27T19:50:30.5883489Z"},"nsu=http://opcfoundation.org/UA/Plc/Applications;s=FastRandomUIntScalar2":{"Value":334447350,"SourceTimestamp":"2024-04-27T19:50:30.5883511Z","ServerTimestamp":"2024-04-27T19:50:30.5883542Z"},"nsu=http://opcfoundation.org/UA/Plc/Applications;s=FastRandomUIntScalar3":{"Value":3951512769,"SourceTimestamp":"2024-04-27T19:50:30.5883555Z","ServerTimestamp":"2024-04-27T19:50:30.5883575Z"}}