{"nsu=http://opcfoundation.org/UA/Plc/Applications;s=SlowUIntScalar1":{"Value":7,"SourceTimestamp":"2024-04-27T19:50:30.5883099Z","ServerTimestamp":"2024-04-27T19:50:30.5883131Z"},"nsu=http://opcfoundation.org/UA/Plc/Applications;s=SlowUIntScalar2":{"Value":7,"SourceTimestamp":"2024-04-27T19:50:30.5883249Z","ServerTimestamp":"2024-04-27T19:50:30.5883258Z"},"nsu=http://opcfoundation.org/UA/Plc/Applications;s=SlowUIntScalar3":{"Value":7,"SourceTimestamp":"2024-04-27T19:50:30.5883276Z","ServerTimestamp":"2024-04-27T19:50:30.5883283Z"},"nsu=http://opcfoundation.org/UA/Plc/Applications;s=BadSlowUIntScalar1":{"Value":7,"SourceTimestamp":"2024-04-27T19:50:30.5883302Z","ServerTimestamp":"2024-04-27T19:50:30.5883309Z"}}