{"nsu=http://opcfoundation.org/UA/Plc/Applications;s=FastUIntScalar2":{"Value":73,"SourceTimestamp":"2024-04-27T19:50:33.5830022Z","ServerTimestamp":"2024-04-27T19:50:33.5830869Z"},"nsu=http://opcfoundation.org/UA/Plc/Applications;s=FastUIntScalar3":{"Value":73,"SourceTimestamp":"2024-04-27T19:50:33.5830982Z","ServerTimestamp":"2024-04-27T19:50:33.5831021Z"},"nsu=http://opcfoundation.org/UA/Plc/Applications;s=FastRandomUIntScalar1":{"Value":2914857896,"SourceTimestamp":"2024-04-27T19:50:33.5829947Z","ServerTimestamp":"2024-04-27T19:50:33.5830034Z"},"nsu=http://opcfoundation.org/UA/Plc/Applications;s=FastRandomUIntScalar2":{"Value":3752538005,"SourceTimestamp":"2024-04-27T19:50:33.5830746Z","ServerTimestamp":"2024-04-27T19:50:33.583076Z"},"nsu=http://opcfoundation.org/UA/Plc/Applications;s=FastRandomUIntScalar3":{"Value":1411007170,"SourceTimestamp":"2024-04-27T19:50:33.5830795Z","ServerTimestamp":"2024-04-27T19:50:33.5830804Z"}}