{"nsu=http://opcfoundation.org/UA/Plc/Applications;s=StepUp":{"Value":752,"SourceTimestamp":"2024-04-27T19:50:35.7961069Z","ServerTimestamp":"2024-04-27T19:50:35.7961114Z"},"nsu=http://opcfoundation.org/UA/Plc/Applications;s=AlternatingBoolean":{"Value":false,"SourceTimestamp":"2024-04-27T19:50:35.6878768Z","ServerTimestamp":"2024-04-27T19:50:35.6878858Z"},"nsu=http://opcfoundation.org/UA/Plc/Applications;s=RandomSignedInt32":{"Value":6775755,"SourceTimestamp":"2024-04-27T19:50:35.7961476Z","ServerTimestamp":"2024-04-27T19:50:35.7961497Z"},"nsu=http://opcfoundation.org/UA/Plc/Applications;s=RandomUnsignedInt32":{"Value":1253217591,"SourceTimestamp":"2024-04-27T19:50:35.7961441Z","ServerTimestamp":"2024-04-27T19:50:35.7961451Z"},"nsu=http://opcfoundation.org/UA/Plc/Applications;s=DipData":{"Value":-12.533323356430378,"SourceTimestamp":"2024-04-27T19:50:35.796158Z","ServerTimestamp":"2024-04-27T19:50:35.7961596Z"},"nsu=http://opcfoundation.org/UA/Plc/Applications;s=FastUIntScalar1":{"Value":75,"SourceTimestamp":"2024-04-27T19:50:35.5962506Z","ServerTimestamp":"2024-04-27T19:50:35.5962541Z"}}