{"nsu=http://opcfoundation.org/UA/Plc/Applications;s=StepUp":{"Value":772,"SourceTimestamp":"2024-04-27T19:50:37.7956259Z","ServerTimestamp":"2024-04-27T19:50:37.795629Z"},"nsu=http://opcfoundation.org/UA/Plc/Applications;s=RandomSignedInt32":{"Value":1328337755,"SourceTimestamp":"2024-04-27T19:50:37.795638Z","ServerTimestamp":"2024-04-27T19:50:37.7956466Z"},"nsu=http://opcfoundation.org/UA/Plc/Applications;s=RandomUnsignedInt32":{"Value":875462469,"SourceTimestamp":"2024-04-27T19:50:37.7956524Z","ServerTimestamp":"2024-04-27T19:50:37.7956545Z"},"nsu=http://opcfoundation.org/UA/Plc/Applications;s=DipData":{"Value":-48.175367410171539,"SourceTimestamp":"2024-04-27T19:50:37.7956519Z","ServerTimestamp":"2024-04-27T19:50:37.7956527Z"},"nsu=http://opcfoundation.org/UA/Plc/Applications;s=FastUIntScalar1":{"Value":77,"SourceTimestamp":"2024-04-27T19:50:37.5951869Z","ServerTimestamp":"2024-04-27T19:50:37.5951901Z"}}