{"nsu=http://opcfoundation.org/UA/Plc/Applications;s=FastUIntScalar2":{"Value":77,"SourceTimestamp":"2024-04-27T19:50:37.5952021Z","ServerTimestamp":"2024-04-27T19:50:37.5952035Z"},"nsu=http://opcfoundation.org/UA/Plc/Applications;s=FastUIntScalar3":{"Value":77,"SourceTimestamp":"2024-04-27T19:50:37.5952054Z","ServerTimestamp":"2024-04-27T19:50:37.5952061Z"},"nsu=http://opcfoundation.org/UA/Plc/Applications;s=FastRandomUIntScalar1":{"Value":682374128,"SourceTimestamp":"2024-04-27T19:50:37.5952124Z","ServerTimestamp":"2024-04-27T19:50:37.595213Z"},"nsu=http://opcfoundation.org/UA/Plc/Applications;s=FastRandomUIntScalar2":{"Value":4267093787,"SourceTimestamp":"2024-04-27T19:50:37.5952146Z","ServerTimestamp":"2024-04-27T19:50:37.5952152Z"},"nsu=http://opcfoundation.org/UA/Plc/Applications;s=FastRandomUIntScalar3":{"Value":1797740617,"SourceTimestamp":"2024-04-27T19:50:37.5952163Z","ServerTimestamp":"2024-04-27T19:50:37.5952168Z"}}