{"nsu=http://opcfoundation.org/UA/Plc/Applications;s=FastUIntScalar2":{"Value":80,"SourceTimestamp":"2024-04-27T19:50:40.5846309Z","ServerTimestamp":"2024-04-27T19:50:40.5846321Z"},"nsu=http://opcfoundation.org/UA/Plc/Applications;s=FastUIntScalar3":{"Value":80,"SourceTimestamp":"2024-04-27T19:50:40.5846344Z","ServerTimestamp":"2024-04-27T19:50:40.5846352Z"},"nsu=http://opcfoundation.org/UA/Plc/Applications;s=FastRandomUIntScalar1":{"Value":4215058625,"SourceTimestamp":"2024-04-27T19:50:40.5846382Z","ServerTimestamp":"2024-04-27T19:50:40.5846412Z"},"nsu=http://opcfoundation.org/UA/Plc/Applications;s=FastRandomUIntScalar2":{"Value":3430936189,"SourceTimestamp":"2024-04-27T19:50:40.5846516Z","ServerTimestamp":"2024-04-27T19:50:40.5846523Z"},"nsu=http://opcfoundation.org/UA/Plc/Applications;s=FastRandomUIntScalar3":{"Value":595745348,"SourceTimestamp":"2024-04-27T19:50:40.5846538Z","ServerTimestamp":"2024-04-27T19:50:40.5846545Z"}}