{"nsu=http://opcfoundation.org/UA/Plc/Applications;s=FastUIntScalar2":{"Value":81,"SourceTimestamp":"2024-04-27T19:50:41.5951927Z","ServerTimestamp":"2024-04-27T19:50:41.5951934Z"},"nsu=http://opcfoundation.org/UA/Plc/Applications;s=FastUIntScalar3":{"Value":81,"SourceTimestamp":"2024-04-27T19:50:41.5951951Z","ServerTimestamp":"2024-04-27T19:50:41.5951957Z"},"nsu=http://opcfoundation.org/UA/Plc/Applications;s=FastRandomUIntScalar1":{"Value":2049196022,"SourceTimestamp":"2024-04-27T19:50:41.5951948Z","ServerTimestamp":"2024-04-27T19:50:41.5952048Z"},"nsu=http://opcfoundation.org/UA/Plc/Applications;s=FastRandomUIntScalar2":{"Value":2335648409,"SourceTimestamp":"2024-04-27T19:50:41.5952124Z","ServerTimestamp":"2024-04-27T19:50:41.595213Z"},"nsu=http://opcfoundation.org/UA/Plc/Applications;s=FastRandomUIntScalar3":{"Value":1731894191,"SourceTimestamp":"2024-04-27T19:50:41.5952142Z","ServerTimestamp":"2024-04-27T19:50:41.5952151Z"}}