{"nsu=http://opcfoundation.org/UA/Plc/Applications;s=StepUp":{"Value":822,"SourceTimestamp":"2024-04-27T19:50:42.796001Z","ServerTimestamp":"2024-04-27T19:50:42.7960626Z"},"nsu=http://opcfoundation.org/UA/Plc/Applications;s=RandomSignedInt32":{"Value":-306355528,"SourceTimestamp":"2024-04-27T19:50:42.7960103Z","ServerTimestamp":"2024-04-27T19:50:42.7960136Z"},"nsu=http://opcfoundation.org/UA/Plc/Applications;s=RandomUnsignedInt32":{"Value":1846176078,"SourceTimestamp":"2024-04-27T19:50:42.7960148Z","ServerTimestamp":"2024-04-27T19:50:42.7960214Z"},"nsu=http://opcfoundation.org/UA/Plc/Applications;s=DipData":{"Value":-48.175367410171539,"SourceTimestamp":"2024-04-27T19:50:42.7960275Z","ServerTimestamp":"2024-04-27T19:50:42.7960305Z"},"nsu=http://opcfoundation.org/UA/Plc/Applications;s=FastUIntScalar1":{"Value":82,"SourceTimestamp":"2024-04-27T19:50:42.5919379Z","ServerTimestamp":"2024-04-27T19:50:42.5919453Z"}}