{"nsu=http://opcfoundation.org/UA/Plc/Applications;s=StepUp":{"Value":872,"SourceTimestamp":"2024-04-27T19:50:47.7909603Z","ServerTimestamp":"2024-04-27T19:50:47.7909629Z"},"nsu=http://opcfoundation.org/UA/Plc/Applications;s=RandomSignedInt32":{"Value":-1952812045,"SourceTimestamp":"2024-04-27T19:50:47.7909695Z","ServerTimestamp":"2024-04-27T19:50:47.7909729Z"},"nsu=http://opcfoundation.org/UA/Plc/Applications;s=RandomUnsignedInt32":{"Value":509987804,"SourceTimestamp":"2024-04-27T19:50:47.790985Z","ServerTimestamp":"2024-04-27T19:50:47.7909864Z"},"nsu=http://opcfoundation.org/UA/Plc/Applications;s=DipData":{"Value":-48.175367410171539,"SourceTimestamp":"2024-04-27T19:50:47.7909926Z","ServerTimestamp":"2024-04-27T19:50:47.7909997Z"},"nsu=http://opcfoundation.org/UA/Plc/Applications;s=FastUIntScalar1":{"Value":87,"SourceTimestamp":"2024-04-27T19:50:47.5919823Z","ServerTimestamp":"2024-04-27T19:50:47.5919848Z"}}