{"nsu=http://opcfoundation.org/UA/Plc/Applications;s=StepUp":{"Value":882,"SourceTimestamp":"2024-04-27T19:50:48.7874732Z","ServerTimestamp":"2024-04-27T19:50:48.7874952Z"},"nsu=http://opcfoundation.org/UA/Plc/Applications;s=RandomSignedInt32":{"Value":640892193,"SourceTimestamp":"2024-04-27T19:50:48.7875244Z","ServerTimestamp":"2024-04-27T19:50:48.7875271Z"},"nsu=http://opcfoundation.org/UA/Plc/Applications;s=RandomUnsignedInt32":{"Value":1155808917,"SourceTimestamp":"2024-04-27T19:50:48.78751Z","ServerTimestamp":"2024-04-27T19:50:48.787511Z"},"nsu=http://opcfoundation.org/UA/Plc/Applications;s=DipData":{"Value":68.45471059286885,"SourceTimestamp":"2024-04-27T19:50:48.7875227Z","ServerTimestamp":"2024-04-27T19:50:48.7875239Z"},"nsu=http://opcfoundation.org/UA/Plc/Applications;s=FastUIntScalar1":{"Value":88,"SourceTimestamp":"2024-04-27T19:50:48.5846211Z","ServerTimestamp":"2024-04-27T19:50:48.5846234Z"}}