{"nsu=http://opcfoundation.org/UA/Plc/Applications;s=StepUp":{"Value":892,"SourceTimestamp":"2024-04-27T19:50:49.79522Z","ServerTimestamp":"2024-04-27T19:50:49.7952226Z"},"nsu=http://opcfoundation.org/UA/Plc/Applications;s=RandomSignedInt32":{"Value":132963589,"SourceTimestamp":"2024-04-27T19:50:49.79524Z","ServerTimestamp":"2024-04-27T19:50:49.7952419Z"},"nsu=http://opcfoundation.org/UA/Plc/Applications;s=RandomUnsignedInt32":{"Value":1262343673,"SourceTimestamp":"2024-04-27T19:50:49.795263Z","ServerTimestamp":"2024-04-27T19:50:49.7952644Z"},"nsu=http://opcfoundation.org/UA/Plc/Applications;s=DipData":{"Value":90.482705246601952,"SourceTimestamp":"2024-04-27T19:50:49.7952642Z","ServerTimestamp":"2024-04-27T19:50:49.7952821Z"},"nsu=http://opcfoundation.org/UA/Plc/Applications;s=FastUIntScalar1":{"Value":89,"SourceTimestamp":"2024-04-27T19:50:49.5927378Z","ServerTimestamp":"2024-04-27T19:50:49.5927409Z"}}