{"nsu=http://opcfoundation.org/UA/Plc/Applications;s=StepUp":{"Value":112,"SourceTimestamp":"2024-04-27T19:49:31.7830503Z","ServerTimestamp":"2024-04-27T19:49:31.7830541Z"},"nsu=http://opcfoundation.org/UA/Plc/Applications;s=RandomSignedInt32":{"Value":-225911339,"SourceTimestamp":"2024-04-27T19:49:31.7830969Z","ServerTimestamp":"2024-04-27T19:49:31.7831016Z"},"nsu=http://opcfoundation.org/UA/Plc/Applications;s=RandomUnsignedInt32":{"Value":261198186,"SourceTimestamp":"2024-04-27T19:49:31.7830821Z","ServerTimestamp":"2024-04-27T19:49:31.7830832Z"},"nsu=http://opcfoundation.org/UA/Plc/Applications;s=DipData":{"Value":-98.228725072868855,"SourceTimestamp":"2024-04-27T19:49:31.783118Z","ServerTimestamp":"2024-04-27T19:49:31.78312Z"},"nsu=http://opcfoundation.org/UA/Plc/Applications;s=FastUIntScalar1":{"Value":11,"SourceTimestamp":"2024-04-27T19:49:31.5831038Z","ServerTimestamp":"2024-04-27T19:49:31.5831081Z"}}