{"nsu=http://opcfoundation.org/UA/Plc/Applications;s=FastUIntScalar2":{"Value":91,"SourceTimestamp":"2024-04-27T19:50:51.5885958Z","ServerTimestamp":"2024-04-27T19:50:51.5886027Z"},"nsu=http://opcfoundation.org/UA/Plc/Applications;s=FastUIntScalar3":{"Value":91,"SourceTimestamp":"2024-04-27T19:50:51.5886042Z","ServerTimestamp":"2024-04-27T19:50:51.5886058Z"},"nsu=http://opcfoundation.org/UA/Plc/Applications;s=FastRandomUIntScalar1":{"Value":1301252188,"SourceTimestamp":"2024-04-27T19:50:51.5885867Z","ServerTimestamp":"2024-04-27T19:50:51.5885962Z"},"nsu=http://opcfoundation.org/UA/Plc/Applications;s=FastRandomUIntScalar2":{"Value":2206445888,"SourceTimestamp":"2024-04-27T19:50:51.5886027Z","ServerTimestamp":"2024-04-27T19:50:51.588604Z"},"nsu=http://opcfoundation.org/UA/Plc/Applications;s=FastRandomUIntScalar3":{"Value":4125972958,"SourceTimestamp":"2024-04-27T19:50:51.5886055Z","ServerTimestamp":"2024-04-27T19:50:51.5886069Z"}}