{"nsu=http://opcfoundation.org/UA/Plc/Applications;s=SlowRandomUIntScalar1":{"Value":2903399650,"SourceTimestamp":"2024-04-27T19:50:50.5857746Z","ServerTimestamp":"2024-04-27T19:50:50.5857761Z"},"nsu=http://opcfoundation.org/UA/Plc/Applications;s=SlowRandomUIntScalar2":{"Value":649208604,"SourceTimestamp":"2024-04-27T19:50:50.5857822Z","ServerTimestamp":"2024-04-27T19:50:50.5857829Z"},"nsu=http://opcfoundation.org/UA/Plc/Applications;s=SlowRandomUIntScalar3":{"Value":447937909,"SourceTimestamp":"2024-04-27T19:50:50.5857841Z","ServerTimestamp":"2024-04-27T19:50:50.585786Z"},"nsu=http://opcfoundation.org/UA/Plc/Applications;s=BadSlowRandomUIntScalar1":{"Value":null,"StatusCode":{"Symbol":"BadDataLost","Code":2157772800},"SourceTimestamp":"2024-04-27T19:50:50.5857957Z","ServerTimestamp":"2024-04-27T19:50:50.5857958Z"}}