{"nsu=http://opcfoundation.org/UA/Plc/Applications;s=StepUp":{"Value":922,"SourceTimestamp":"2024-04-27T19:50:52.795459Z","ServerTimestamp":"2024-04-27T19:50:52.7954625Z"},"nsu=http://opcfoundation.org/UA/Plc/Applications;s=RandomSignedInt32":{"Value":86021284,"SourceTimestamp":"2024-04-27T19:50:52.7954783Z","ServerTimestamp":"2024-04-27T19:50:52.7954793Z"},"nsu=http://opcfoundation.org/UA/Plc/Applications;s=RandomUnsignedInt32":{"Value":1169730249,"SourceTimestamp":"2024-04-27T19:50:52.7954886Z","ServerTimestamp":"2024-04-27T19:50:52.7954902Z"},"nsu=http://opcfoundation.org/UA/Plc/Applications;s=DipData":{"Value":-48.175367410171539,"SourceTimestamp":"2024-04-27T19:50:52.7954878Z","ServerTimestamp":"2024-04-27T19:50:52.7954885Z"},"nsu=http://opcfoundation.org/UA/Plc/Applications;s=FastUIntScalar1":{"Value":92,"SourceTimestamp":"2024-04-27T19:50:52.5954099Z","ServerTimestamp":"2024-04-27T19:50:52.5954228Z"}}