{"nsu=http://opcfoundation.org/UA/Plc/Applications;s=StepUp":{"Value":932,"SourceTimestamp":"2024-04-27T19:50:53.7906145Z","ServerTimestamp":"2024-04-27T19:50:53.7906185Z"},"nsu=http://opcfoundation.org/UA/Plc/Applications;s=RandomSignedInt32":{"Value":-2048688267,"SourceTimestamp":"2024-04-27T19:50:53.7906483Z","ServerTimestamp":"2024-04-27T19:50:53.7906497Z"},"nsu=http://opcfoundation.org/UA/Plc/Applications;s=RandomUnsignedInt32":{"Value":1360899562,"SourceTimestamp":"2024-04-27T19:50:53.7906571Z","ServerTimestamp":"2024-04-27T19:50:53.7906582Z"},"nsu=http://opcfoundation.org/UA/Plc/Applications;s=DipData":{"Value":68.45471059286885,"SourceTimestamp":"2024-04-27T19:50:53.7906931Z","ServerTimestamp":"2024-04-27T19:50:53.7906953Z"},"nsu=http://opcfoundation.org/UA/Plc/Applications;s=FastUIntScalar1":{"Value":93,"SourceTimestamp":"2024-04-27T19:50:53.5882048Z","ServerTimestamp":"2024-04-27T19:50:53.5882075Z"}}