{"nsu=http://opcfoundation.org/UA/Plc/Applications;s=StepUp":{"Value":942,"SourceTimestamp":"2024-04-27T19:50:54.7843137Z","ServerTimestamp":"2024-04-27T19:50:54.7843177Z"},"nsu=http://opcfoundation.org/UA/Plc/Applications;s=RandomSignedInt32":{"Value":722039722,"SourceTimestamp":"2024-04-27T19:50:54.7843634Z","ServerTimestamp":"2024-04-27T19:50:54.7843728Z"},"nsu=http://opcfoundation.org/UA/Plc/Applications;s=RandomUnsignedInt32":{"Value":257412873,"SourceTimestamp":"2024-04-27T19:50:54.7843566Z","ServerTimestamp":"2024-04-27T19:50:54.7843601Z"},"nsu=http://opcfoundation.org/UA/Plc/Applications;s=DipData":{"Value":90.482705246601952,"SourceTimestamp":"2024-04-27T19:50:54.7843624Z","ServerTimestamp":"2024-04-27T19:50:54.7843853Z"},"nsu=http://opcfoundation.org/UA/Plc/Applications;s=FastUIntScalar1":{"Value":94,"SourceTimestamp":"2024-04-27T19:50:54.5972135Z","ServerTimestamp":"2024-04-27T19:50:54.5972158Z"}}