{"nsu=http://opcfoundation.org/UA/Plc/Applications;s=StepUp":{"Value":952,"SourceTimestamp":"2024-04-27T19:50:55.7905884Z","ServerTimestamp":"2024-04-27T19:50:55.7905934Z"},"nsu=http://opcfoundation.org/UA/Plc/Applications;s=AlternatingBoolean":{"Value":false,"SourceTimestamp":"2024-04-27T19:50:55.6974642Z","ServerTimestamp":"2024-04-27T19:50:55.6974753Z"},"nsu=http://opcfoundation.org/UA/Plc/Applications;s=RandomSignedInt32":{"Value":774761293,"SourceTimestamp":"2024-04-27T19:50:55.7906348Z","ServerTimestamp":"2024-04-27T19:50:55.7906368Z"},"nsu=http://opcfoundation.org/UA/Plc/Applications;s=RandomUnsignedInt32":{"Value":1497786096,"SourceTimestamp":"2024-04-27T19:50:55.7906338Z","ServerTimestamp":"2024-04-27T19:50:55.7906344Z"},"nsu=http://opcfoundation.org/UA/Plc/Applications;s=DipData":{"Value":-12.533323356430378,"SourceTimestamp":"2024-04-27T19:50:55.7906442Z","ServerTimestamp":"2024-04-27T19:50:55.7906449Z"},"nsu=http://opcfoundation.org/UA/Plc/Applications;s=FastUIntScalar1":{"Value":95,"SourceTimestamp":"2024-04-27T19:50:55.5886635Z","ServerTimestamp":"2024-04-27T19:50:55.5886727Z"}}