{"nsu=http://opcfoundation.org/UA/Plc/Applications;s=StepUp":{"Value":962,"SourceTimestamp":"2024-04-27T19:50:56.7854329Z","ServerTimestamp":"2024-04-27T19:50:56.7854381Z"},"nsu=http://opcfoundation.org/UA/Plc/Applications;s=RandomSignedInt32":{"Value":-886386333,"SourceTimestamp":"2024-04-27T19:50:56.7854812Z","ServerTimestamp":"2024-04-27T19:50:56.785484Z"},"nsu=http://opcfoundation.org/UA/Plc/Applications;s=RandomUnsignedInt32":{"Value":2013959525,"SourceTimestamp":"2024-04-27T19:50:56.785469Z","ServerTimestamp":"2024-04-27T19:50:56.7854704Z"},"nsu=http://opcfoundation.org/UA/Plc/Applications;s=DipData":{"Value":-98.228725072868855,"SourceTimestamp":"2024-04-27T19:50:56.7854838Z","ServerTimestamp":"2024-04-27T19:50:56.7854989Z"},"nsu=http://opcfoundation.org/UA/Plc/Applications;s=FastUIntScalar1":{"Value":96,"SourceTimestamp":"2024-04-27T19:50:56.5835678Z","ServerTimestamp":"2024-04-27T19:50:56.5835698Z"}}