{"nsu=http://opcfoundation.org/UA/Plc/Applications;s=FastUIntScalar2":{"Value":99,"SourceTimestamp":"2024-04-27T19:50:59.5871438Z","ServerTimestamp":"2024-04-27T19:50:59.5871568Z"},"nsu=http://opcfoundation.org/UA/Plc/Applications;s=FastUIntScalar3":{"Value":99,"SourceTimestamp":"2024-04-27T19:50:59.5871586Z","ServerTimestamp":"2024-04-27T19:50:59.5871596Z"},"nsu=http://opcfoundation.org/UA/Plc/Applications;s=FastRandomUIntScalar1":{"Value":1482138975,"SourceTimestamp":"2024-04-27T19:50:59.5871192Z","ServerTimestamp":"2024-04-27T19:50:59.5871213Z"},"nsu=http://opcfoundation.org/UA/Plc/Applications;s=FastRandomUIntScalar2":{"Value":1037281517,"SourceTimestamp":"2024-04-27T19:50:59.5871314Z","ServerTimestamp":"2024-04-27T19:50:59.5871319Z"},"nsu=http://opcfoundation.org/UA/Plc/Applications;s=FastRandomUIntScalar3":{"Value":3940423875,"SourceTimestamp":"2024-04-27T19:50:59.587133Z","ServerTimestamp":"2024-04-27T19:50:59.5871335Z"}}