{"nsu=http://opcfoundation.org/UA/Plc/Applications;s=FastUIntScalar2":{"Value":100,"SourceTimestamp":"2024-04-27T19:51:00.5924062Z","ServerTimestamp":"2024-04-27T19:51:00.5924087Z"},"nsu=http://opcfoundation.org/UA/Plc/Applications;s=FastUIntScalar3":{"Value":100,"SourceTimestamp":"2024-04-27T19:51:00.5924113Z","ServerTimestamp":"2024-04-27T19:51:00.592413Z"},"nsu=http://opcfoundation.org/UA/Plc/Applications;s=FastRandomUIntScalar1":{"Value":2470810681,"SourceTimestamp":"2024-04-27T19:51:00.5924001Z","ServerTimestamp":"2024-04-27T19:51:00.5924066Z"},"nsu=http://opcfoundation.org/UA/Plc/Applications;s=FastRandomUIntScalar2":{"Value":381023328,"SourceTimestamp":"2024-04-27T19:51:00.5924087Z","ServerTimestamp":"2024-04-27T19:51:00.5924117Z"},"nsu=http://opcfoundation.org/UA/Plc/Applications;s=FastRandomUIntScalar3":{"Value":1505297856,"SourceTimestamp":"2024-04-27T19:51:00.5924129Z","ServerTimestamp":"2024-04-27T19:51:00.5924146Z"}}