{"nsu=http://opcfoundation.org/UA/Plc/Applications;s=FastUIntScalar2":{"Value":101,"SourceTimestamp":"2024-04-27T19:51:01.5841499Z","ServerTimestamp":"2024-04-27T19:51:01.584152Z"},"nsu=http://opcfoundation.org/UA/Plc/Applications;s=FastUIntScalar3":{"Value":101,"SourceTimestamp":"2024-04-27T19:51:01.5841552Z","ServerTimestamp":"2024-04-27T19:51:01.5841573Z"},"nsu=http://opcfoundation.org/UA/Plc/Applications;s=FastRandomUIntScalar1":{"Value":2747710585,"SourceTimestamp":"2024-04-27T19:51:01.5841161Z","ServerTimestamp":"2024-04-27T19:51:01.5841204Z"},"nsu=http://opcfoundation.org/UA/Plc/Applications;s=FastRandomUIntScalar2":{"Value":2046208077,"SourceTimestamp":"2024-04-27T19:51:01.5841343Z","ServerTimestamp":"2024-04-27T19:51:01.5841501Z"},"nsu=http://opcfoundation.org/UA/Plc/Applications;s=FastRandomUIntScalar3":{"Value":2548523596,"SourceTimestamp":"2024-04-27T19:51:01.5841517Z","ServerTimestamp":"2024-04-27T19:51:01.5841553Z"}}