{"nsu=http://opcfoundation.org/UA/Plc/Applications;s=SlowUIntScalar1":{"Value":10,"SourceTimestamp":"2024-04-27T19:51:00.5922948Z","ServerTimestamp":"2024-04-27T19:51:00.5922989Z"},"nsu=http://opcfoundation.org/UA/Plc/Applications;s=SlowUIntScalar2":{"Value":10,"SourceTimestamp":"2024-04-27T19:51:00.5923142Z","ServerTimestamp":"2024-04-27T19:51:00.5923154Z"},"nsu=http://opcfoundation.org/UA/Plc/Applications;s=SlowUIntScalar3":{"Value":10,"SourceTimestamp":"2024-04-27T19:51:00.5923176Z","ServerTimestamp":"2024-04-27T19:51:00.5923185Z"},"nsu=http://opcfoundation.org/UA/Plc/Applications;s=BadSlowUIntScalar1":{"Value":null,"StatusCode":{"Symbol":"BadNoCommunication","Code":2150694912},"SourceTimestamp":"2024-04-27T19:51:00.5923234Z","ServerTimestamp":"2024-04-27T19:51:00.5923236Z"}}