{"nsu=http://opcfoundation.org/UA/Plc/Applications;s=StepUp":{"Value":1022,"SourceTimestamp":"2024-04-27T19:51:02.7928579Z","ServerTimestamp":"2024-04-27T19:51:02.7928612Z"},"nsu=http://opcfoundation.org/UA/Plc/Applications;s=RandomSignedInt32":{"Value":1932775505,"SourceTimestamp":"2024-04-27T19:51:02.7928803Z","ServerTimestamp":"2024-04-27T19:51:02.7928809Z"},"nsu=http://opcfoundation.org/UA/Plc/Applications;s=RandomUnsignedInt32":{"Value":150896834,"SourceTimestamp":"2024-04-27T19:51:02.7928899Z","ServerTimestamp":"2024-04-27T19:51:02.7928927Z"},"nsu=http://opcfoundation.org/UA/Plc/Applications;s=DipData":{"Value":-48.175367410171539,"SourceTimestamp":"2024-04-27T19:51:02.7928902Z","ServerTimestamp":"2024-04-27T19:51:02.7928908Z"},"nsu=http://opcfoundation.org/UA/Plc/Applications;s=FastUIntScalar1":{"Value":102,"SourceTimestamp":"2024-04-27T19:51:02.5912337Z","ServerTimestamp":"2024-04-27T19:51:02.5912471Z"}}