{"nsu=http://opcfoundation.org/UA/Plc/Applications;s=FastUIntScalar2":{"Value":2,"SourceTimestamp":"2024-04-27T19:49:22.5922356Z","ServerTimestamp":"2024-04-27T19:49:22.5922498Z"},"nsu=http://opcfoundation.org/UA/Plc/Applications;s=FastUIntScalar3":{"Value":2,"SourceTimestamp":"2024-04-27T19:49:22.5922529Z","ServerTimestamp":"2024-04-27T19:49:22.5922555Z"},"nsu=http://opcfoundation.org/UA/Plc/Applications;s=FastRandomUIntScalar1":{"Value":945176974,"SourceTimestamp":"2024-04-27T19:49:22.5922238Z","ServerTimestamp":"2024-04-27T19:49:22.5922366Z"},"nsu=http://opcfoundation.org/UA/Plc/Applications;s=FastRandomUIntScalar2":{"Value":1018664955,"SourceTimestamp":"2024-04-27T19:49:22.59225Z","ServerTimestamp":"2024-04-27T19:49:22.5922527Z"},"nsu=http://opcfoundation.org/UA/Plc/Applications;s=FastRandomUIntScalar3":{"Value":3717488669,"SourceTimestamp":"2024-04-27T19:49:22.5922549Z","ServerTimestamp":"2024-04-27T19:49:22.5922583Z"}}