{"nsu=http://opcfoundation.org/UA/Plc/Applications;s=StepUp":{"Value":1032,"SourceTimestamp":"2024-04-27T19:51:03.7839594Z","ServerTimestamp":"2024-04-27T19:51:03.7839621Z"},"nsu=http://opcfoundation.org/UA/Plc/Applications;s=RandomSignedInt32":{"Value":-271253506,"SourceTimestamp":"2024-04-27T19:51:03.7839854Z","ServerTimestamp":"2024-04-27T19:51:03.7839868Z"},"nsu=http://opcfoundation.org/UA/Plc/Applications;s=RandomUnsignedInt32":{"Value":1464670462,"SourceTimestamp":"2024-04-27T19:51:03.7839932Z","ServerTimestamp":"2024-04-27T19:51:03.783994Z"},"nsu=http://opcfoundation.org/UA/Plc/Applications;s=DipData":{"Value":68.45471059286885,"SourceTimestamp":"2024-04-27T19:51:03.7839948Z","ServerTimestamp":"2024-04-27T19:51:03.7839966Z"},"nsu=http://opcfoundation.org/UA/Plc/Applications;s=FastUIntScalar1":{"Value":103,"SourceTimestamp":"2024-04-27T19:51:03.596871Z","ServerTimestamp":"2024-04-27T19:51:03.5968729Z"}}