{"nsu=http://opcfoundation.org/UA/Plc/Applications;s=FastUIntScalar2":{"Value":104,"SourceTimestamp":"2024-04-27T19:51:04.5880292Z","ServerTimestamp":"2024-04-27T19:51:04.5880304Z"},"nsu=http://opcfoundation.org/UA/Plc/Applications;s=FastUIntScalar3":{"Value":104,"SourceTimestamp":"2024-04-27T19:51:04.5880318Z","ServerTimestamp":"2024-04-27T19:51:04.5880327Z"},"nsu=http://opcfoundation.org/UA/Plc/Applications;s=FastRandomUIntScalar1":{"Value":2155421338,"SourceTimestamp":"2024-04-27T19:51:04.5880101Z","ServerTimestamp":"2024-04-27T19:51:04.5880129Z"},"nsu=http://opcfoundation.org/UA/Plc/Applications;s=FastRandomUIntScalar2":{"Value":2496237796,"SourceTimestamp":"2024-04-27T19:51:04.5880223Z","ServerTimestamp":"2024-04-27T19:51:04.588029Z"},"nsu=http://opcfoundation.org/UA/Plc/Applications;s=FastRandomUIntScalar3":{"Value":2484879347,"SourceTimestamp":"2024-04-27T19:51:04.5880307Z","ServerTimestamp":"2024-04-27T19:51:04.5880318Z"}}