{"nsu=http://opcfoundation.org/UA/Plc/Applications;s=FastUIntScalar2":{"Value":12,"SourceTimestamp":"2024-04-27T19:49:32.5883176Z","ServerTimestamp":"2024-04-27T19:49:32.588332Z"},"nsu=http://opcfoundation.org/UA/Plc/Applications;s=FastUIntScalar3":{"Value":12,"SourceTimestamp":"2024-04-27T19:49:32.5883336Z","ServerTimestamp":"2024-04-27T19:49:32.5883368Z"},"nsu=http://opcfoundation.org/UA/Plc/Applications;s=FastRandomUIntScalar1":{"Value":1110028393,"SourceTimestamp":"2024-04-27T19:49:32.5883108Z","ServerTimestamp":"2024-04-27T19:49:32.5883187Z"},"nsu=http://opcfoundation.org/UA/Plc/Applications;s=FastRandomUIntScalar2":{"Value":2831692298,"SourceTimestamp":"2024-04-27T19:49:32.5883314Z","ServerTimestamp":"2024-04-27T19:49:32.5883341Z"},"nsu=http://opcfoundation.org/UA/Plc/Applications;s=FastRandomUIntScalar3":{"Value":1262291799,"SourceTimestamp":"2024-04-27T19:49:32.5883371Z","ServerTimestamp":"2024-04-27T19:49:32.5883381Z"}}