{"nsu=http://opcfoundation.org/UA/Plc/Applications;s=FastUIntScalar2":{"Value":106,"SourceTimestamp":"2024-04-27T19:51:06.585363Z","ServerTimestamp":"2024-04-27T19:51:06.5853702Z"},"nsu=http://opcfoundation.org/UA/Plc/Applications;s=FastUIntScalar3":{"Value":106,"SourceTimestamp":"2024-04-27T19:51:06.5853718Z","ServerTimestamp":"2024-04-27T19:51:06.5853732Z"},"nsu=http://opcfoundation.org/UA/Plc/Applications;s=FastRandomUIntScalar1":{"Value":1406518902,"SourceTimestamp":"2024-04-27T19:51:06.5853617Z","ServerTimestamp":"2024-04-27T19:51:06.5853638Z"},"nsu=http://opcfoundation.org/UA/Plc/Applications;s=FastRandomUIntScalar2":{"Value":965703630,"SourceTimestamp":"2024-04-27T19:51:06.5853703Z","ServerTimestamp":"2024-04-27T19:51:06.5853715Z"},"nsu=http://opcfoundation.org/UA/Plc/Applications;s=FastRandomUIntScalar3":{"Value":1411085538,"SourceTimestamp":"2024-04-27T19:51:06.5853732Z","ServerTimestamp":"2024-04-27T19:51:06.5853747Z"}}