{"nsu=http://opcfoundation.org/UA/Plc/Applications;s=SlowUIntScalar1":{"Value":11,"SourceTimestamp":"2024-04-27T19:51:10.5856028Z","ServerTimestamp":"2024-04-27T19:51:10.5856138Z"},"nsu=http://opcfoundation.org/UA/Plc/Applications;s=SlowUIntScalar2":{"Value":11,"SourceTimestamp":"2024-04-27T19:51:10.5856248Z","ServerTimestamp":"2024-04-27T19:51:10.5856255Z"},"nsu=http://opcfoundation.org/UA/Plc/Applications;s=SlowUIntScalar3":{"Value":11,"SourceTimestamp":"2024-04-27T19:51:10.5856268Z","ServerTimestamp":"2024-04-27T19:51:10.5856272Z"},"nsu=http://opcfoundation.org/UA/Plc/Applications;s=BadSlowUIntScalar1":{"Value":1,"SourceTimestamp":"2024-04-27T19:51:10.5856323Z","ServerTimestamp":"2024-04-27T19:51:10.5856329Z"}}