{"nsu=http://opcfoundation.org/UA/Plc/Applications;s=StepUp":{"Value":1132,"SourceTimestamp":"2024-04-27T19:51:13.7835062Z","ServerTimestamp":"2024-04-27T19:51:13.7835095Z"},"nsu=http://opcfoundation.org/UA/Plc/Applications;s=RandomSignedInt32":{"Value":-687733645,"SourceTimestamp":"2024-04-27T19:51:13.7835186Z","ServerTimestamp":"2024-04-27T19:51:13.7835215Z"},"nsu=http://opcfoundation.org/UA/Plc/Applications;s=RandomUnsignedInt32":{"Value":1743551909,"SourceTimestamp":"2024-04-27T19:51:13.783523Z","ServerTimestamp":"2024-04-27T19:51:13.7835373Z"},"nsu=http://opcfoundation.org/UA/Plc/Applications;s=DipData":{"Value":68.45471059286885,"SourceTimestamp":"2024-04-27T19:51:13.7835388Z","ServerTimestamp":"2024-04-27T19:51:13.7835407Z"},"nsu=http://opcfoundation.org/UA/Plc/Applications;s=FastUIntScalar1":{"Value":113,"SourceTimestamp":"2024-04-27T19:51:13.5829258Z","ServerTimestamp":"2024-04-27T19:51:13.5829285Z"}}