{"nsu=http://opcfoundation.org/UA/Plc/Applications;s=StepUp":{"Value":1182,"SourceTimestamp":"2024-04-27T19:51:18.7864982Z","ServerTimestamp":"2024-04-27T19:51:18.7865015Z"},"nsu=http://opcfoundation.org/UA/Plc/Applications;s=RandomSignedInt32":{"Value":-1115271091,"SourceTimestamp":"2024-04-27T19:51:18.7865163Z","ServerTimestamp":"2024-04-27T19:51:18.7865189Z"},"nsu=http://opcfoundation.org/UA/Plc/Applications;s=RandomUnsignedInt32":{"Value":1441619223,"SourceTimestamp":"2024-04-27T19:51:18.786521Z","ServerTimestamp":"2024-04-27T19:51:18.7865242Z"},"nsu=http://opcfoundation.org/UA/Plc/Applications;s=DipData":{"Value":68.45471059286885,"SourceTimestamp":"2024-04-27T19:51:18.7865318Z","ServerTimestamp":"2024-04-27T19:51:18.7865349Z"},"nsu=http://opcfoundation.org/UA/Plc/Applications;s=FastUIntScalar1":{"Value":118,"SourceTimestamp":"2024-04-27T19:51:18.5861368Z","ServerTimestamp":"2024-04-27T19:51:18.5861405Z"}}