{"nsu=http://opcfoundation.org/UA/Plc/Applications;s=StepUp":{"Value":192,"SourceTimestamp":"2024-04-27T19:49:39.7979751Z","ServerTimestamp":"2024-04-27T19:49:39.7979799Z"},"nsu=http://opcfoundation.org/UA/Plc/Applications;s=RandomSignedInt32":{"Value":973652546,"SourceTimestamp":"2024-04-27T19:49:39.7980175Z","ServerTimestamp":"2024-04-27T19:49:39.7980215Z"},"nsu=http://opcfoundation.org/UA/Plc/Applications;s=RandomUnsignedInt32":{"Value":309294948,"SourceTimestamp":"2024-04-27T19:49:39.7980096Z","ServerTimestamp":"2024-04-27T19:49:39.7980181Z"},"nsu=http://opcfoundation.org/UA/Plc/Applications;s=DipData":{"Value":90.482705246601952,"SourceTimestamp":"2024-04-27T19:49:39.7980442Z","ServerTimestamp":"2024-04-27T19:49:39.7980457Z"},"nsu=http://opcfoundation.org/UA/Plc/Applications;s=FastUIntScalar1":{"Value":19,"SourceTimestamp":"2024-04-27T19:49:39.5977892Z","ServerTimestamp":"2024-04-27T19:49:39.5977922Z"}}