{"nsu=http://opcfoundation.org/UA/Plc/Applications;s=FastUIntScalar2":{"Value":19,"SourceTimestamp":"2024-04-27T19:49:39.5978051Z","ServerTimestamp":"2024-04-27T19:49:39.597817Z"},"nsu=http://opcfoundation.org/UA/Plc/Applications;s=FastUIntScalar3":{"Value":19,"SourceTimestamp":"2024-04-27T19:49:39.5978197Z","ServerTimestamp":"2024-04-27T19:49:39.5978254Z"},"nsu=http://opcfoundation.org/UA/Plc/Applications;s=FastRandomUIntScalar1":{"Value":441876052,"SourceTimestamp":"2024-04-27T19:49:39.5977969Z","ServerTimestamp":"2024-04-27T19:49:39.5978054Z"},"nsu=http://opcfoundation.org/UA/Plc/Applications;s=FastRandomUIntScalar2":{"Value":451768853,"SourceTimestamp":"2024-04-27T19:49:39.5978161Z","ServerTimestamp":"2024-04-27T19:49:39.5978203Z"},"nsu=http://opcfoundation.org/UA/Plc/Applications;s=FastRandomUIntScalar3":{"Value":689992541,"SourceTimestamp":"2024-04-27T19:49:39.5978221Z","ServerTimestamp":"2024-04-27T19:49:39.5978228Z"}}