{"nsu=http://opcfoundation.org/UA/Plc/Applications;s=StepUp":{"Value":32,"SourceTimestamp":"2024-04-27T19:49:23.7842479Z","ServerTimestamp":"2024-04-27T19:49:23.7842806Z"},"nsu=http://opcfoundation.org/UA/Plc/Applications;s=RandomSignedInt32":{"Value":-1895055966,"SourceTimestamp":"2024-04-27T19:49:23.784263Z","ServerTimestamp":"2024-04-27T19:49:23.7842659Z"},"nsu=http://opcfoundation.org/UA/Plc/Applications;s=RandomUnsignedInt32":{"Value":276547527,"SourceTimestamp":"2024-04-27T19:49:23.7842948Z","ServerTimestamp":"2024-04-27T19:49:23.7842972Z"},"nsu=http://opcfoundation.org/UA/Plc/Applications;s=DipData":{"Value":68.45471059286885,"SourceTimestamp":"2024-04-27T19:49:23.7842865Z","ServerTimestamp":"2024-04-27T19:49:23.7842909Z"},"nsu=http://opcfoundation.org/UA/Plc/Applications;s=FastUIntScalar1":{"Value":3,"SourceTimestamp":"2024-04-27T19:49:23.5836589Z","ServerTimestamp":"2024-04-27T19:49:23.5836631Z"}}