{"nsu=http://opcfoundation.org/UA/Plc/Applications;s=StepUp":{"Value":252,"SourceTimestamp":"2024-04-27T19:49:45.7836424Z","ServerTimestamp":"2024-04-27T19:49:45.7836452Z"},"nsu=http://opcfoundation.org/UA/Plc/Applications;s=AlternatingBoolean":{"Value":false,"SourceTimestamp":"2024-04-27T19:49:45.6899938Z","ServerTimestamp":"2024-04-27T19:49:45.6900275Z"},"nsu=http://opcfoundation.org/UA/Plc/Applications;s=RandomSignedInt32":{"Value":2081860128,"SourceTimestamp":"2024-04-27T19:49:45.783648Z","ServerTimestamp":"2024-04-27T19:49:45.7836554Z"},"nsu=http://opcfoundation.org/UA/Plc/Applications;s=RandomUnsignedInt32":{"Value":589623185,"SourceTimestamp":"2024-04-27T19:49:45.7836535Z","ServerTimestamp":"2024-04-27T19:49:45.7836635Z"},"nsu=http://opcfoundation.org/UA/Plc/Applications;s=DipData":{"Value":-12.533323356430378,"SourceTimestamp":"2024-04-27T19:49:45.7836694Z","ServerTimestamp":"2024-04-27T19:49:45.7836702Z"},"nsu=http://opcfoundation.org/UA/Plc/Applications;s=FastUIntScalar1":{"Value":25,"SourceTimestamp":"2024-04-27T19:49:45.5965793Z","ServerTimestamp":"2024-04-27T19:49:45.5965826Z"}}