{"nsu=http://opcfoundation.org/UA/Plc/Applications;s=FastUIntScalar2":{"Value":25,"SourceTimestamp":"2024-04-27T19:49:45.5965957Z","ServerTimestamp":"2024-04-27T19:49:45.5965966Z"},"nsu=http://opcfoundation.org/UA/Plc/Applications;s=FastUIntScalar3":{"Value":25,"SourceTimestamp":"2024-04-27T19:49:45.5965986Z","ServerTimestamp":"2024-04-27T19:49:45.5965992Z"},"nsu=http://opcfoundation.org/UA/Plc/Applications;s=FastRandomUIntScalar1":{"Value":498100286,"SourceTimestamp":"2024-04-27T19:49:45.5966115Z","ServerTimestamp":"2024-04-27T19:49:45.5966155Z"},"nsu=http://opcfoundation.org/UA/Plc/Applications;s=FastRandomUIntScalar2":{"Value":1546376264,"SourceTimestamp":"2024-04-27T19:49:45.5966292Z","ServerTimestamp":"2024-04-27T19:49:45.5966305Z"},"nsu=http://opcfoundation.org/UA/Plc/Applications;s=FastRandomUIntScalar3":{"Value":877147246,"SourceTimestamp":"2024-04-27T19:49:45.596633Z","ServerTimestamp":"2024-04-27T19:49:45.5966342Z"}}