{"nsu=http://opcfoundation.org/UA/Plc/Applications;s=StepUp":{"Value":262,"SourceTimestamp":"2024-04-27T19:49:46.7882389Z","ServerTimestamp":"2024-04-27T19:49:46.7882425Z"},"nsu=http://opcfoundation.org/UA/Plc/Applications;s=RandomSignedInt32":{"Value":-133846934,"SourceTimestamp":"2024-04-27T19:49:46.7882474Z","ServerTimestamp":"2024-04-27T19:49:46.7882617Z"},"nsu=http://opcfoundation.org/UA/Plc/Applications;s=RandomUnsignedInt32":{"Value":841883195,"SourceTimestamp":"2024-04-27T19:49:46.7882567Z","ServerTimestamp":"2024-04-27T19:49:46.7882737Z"},"nsu=http://opcfoundation.org/UA/Plc/Applications;s=DipData":{"Value":-98.228725072868855,"SourceTimestamp":"2024-04-27T19:49:46.7882703Z","ServerTimestamp":"2024-04-27T19:49:46.788271Z"},"nsu=http://opcfoundation.org/UA/Plc/Applications;s=FastUIntScalar1":{"Value":26,"SourceTimestamp":"2024-04-27T19:49:46.5885151Z","ServerTimestamp":"2024-04-27T19:49:46.5885348Z"}}