{"nsu=http://opcfoundation.org/UA/Plc/Applications;s=FastUIntScalar2":{"Value":26,"SourceTimestamp":"2024-04-27T19:49:46.588548Z","ServerTimestamp":"2024-04-27T19:49:46.5885523Z"},"nsu=http://opcfoundation.org/UA/Plc/Applications;s=FastUIntScalar3":{"Value":26,"SourceTimestamp":"2024-04-27T19:49:46.5885551Z","ServerTimestamp":"2024-04-27T19:49:46.5885584Z"},"nsu=http://opcfoundation.org/UA/Plc/Applications;s=FastRandomUIntScalar1":{"Value":3961737284,"SourceTimestamp":"2024-04-27T19:49:46.5885139Z","ServerTimestamp":"2024-04-27T19:49:46.5885175Z"},"nsu=http://opcfoundation.org/UA/Plc/Applications;s=FastRandomUIntScalar2":{"Value":275124312,"SourceTimestamp":"2024-04-27T19:49:46.588534Z","ServerTimestamp":"2024-04-27T19:49:46.5885488Z"},"nsu=http://opcfoundation.org/UA/Plc/Applications;s=FastRandomUIntScalar3":{"Value":2572565370,"SourceTimestamp":"2024-04-27T19:49:46.5885519Z","ServerTimestamp":"2024-04-27T19:49:46.5885556Z"}}