{"nsu=http://opcfoundation.org/UA/Plc/Applications;s=StepUp":{"Value":282,"SourceTimestamp":"2024-04-27T19:49:48.7933656Z","ServerTimestamp":"2024-04-27T19:49:48.7933852Z"},"nsu=http://opcfoundation.org/UA/Plc/Applications;s=RandomSignedInt32":{"Value":1624769258,"SourceTimestamp":"2024-04-27T19:49:48.7933655Z","ServerTimestamp":"2024-04-27T19:49:48.7933995Z"},"nsu=http://opcfoundation.org/UA/Plc/Applications;s=RandomUnsignedInt32":{"Value":1220244197,"SourceTimestamp":"2024-04-27T19:49:48.7933882Z","ServerTimestamp":"2024-04-27T19:49:48.7934073Z"},"nsu=http://opcfoundation.org/UA/Plc/Applications;s=DipData":{"Value":68.45471059286885,"SourceTimestamp":"2024-04-27T19:49:48.7934033Z","ServerTimestamp":"2024-04-27T19:49:48.7934176Z"},"nsu=http://opcfoundation.org/UA/Plc/Applications;s=FastUIntScalar1":{"Value":28,"SourceTimestamp":"2024-04-27T19:49:48.5913341Z","ServerTimestamp":"2024-04-27T19:49:48.5913366Z"}}