{"nsu=http://opcfoundation.org/UA/Plc/Applications;s=FastUIntScalar2":{"Value":4,"SourceTimestamp":"2024-04-27T19:49:24.5914257Z","ServerTimestamp":"2024-04-27T19:49:24.5914407Z"},"nsu=http://opcfoundation.org/UA/Plc/Applications;s=FastUIntScalar3":{"Value":4,"SourceTimestamp":"2024-04-27T19:49:24.5914434Z","ServerTimestamp":"2024-04-27T19:49:24.5914472Z"},"nsu=http://opcfoundation.org/UA/Plc/Applications;s=FastRandomUIntScalar1":{"Value":1693574387,"SourceTimestamp":"2024-04-27T19:49:24.5914181Z","ServerTimestamp":"2024-04-27T19:49:24.5914275Z"},"nsu=http://opcfoundation.org/UA/Plc/Applications;s=FastRandomUIntScalar2":{"Value":3974894880,"SourceTimestamp":"2024-04-27T19:49:24.5914403Z","ServerTimestamp":"2024-04-27T19:49:24.5914439Z"},"nsu=http://opcfoundation.org/UA/Plc/Applications;s=FastRandomUIntScalar3":{"Value":2721109625,"SourceTimestamp":"2024-04-27T19:49:24.5914468Z","ServerTimestamp":"2024-04-27T19:49:24.5914508Z"}}