{"NodeId":"nsu=http://opcfoundation.org/UA/Plc/Applications;s=RandomUnsignedInt32","EndpointUrl":"opc.tcp://localhost:61457/UA/SampleServer","ApplicationUri":"urn:desktop-bgfjs91:OPCFoundation:CoreSampleServer","DisplayName":"nsu=http://opcfoundation.org/UA/Plc/Applications;s=RandomUnsignedInt32","Timestamp":"2024-04-27T14:02:51.7333831Z","Value":{"Value":{"Type":7,"Body":1522988388},"SourceTimestamp":"2024-04-27T14:02:51.671833Z","ServerTimestamp":"2024-04-27T14:02:51.6718434Z"},"SequenceNumber":13,"ExtensionFields":{}}