{"NodeId":"nsu=http://opcfoundation.org/UA/Plc/Applications;s=RandomUnsignedInt32","EndpointUrl":"opc.tcp://localhost:61457/UA/SampleServer","ApplicationUri":"urn:desktop-bgfjs91:OPCFoundation:CoreSampleServer","DisplayName":"nsu=http://opcfoundation.org/UA/Plc/Applications;s=RandomUnsignedInt32","Timestamp":"2024-04-27T14:02:52.7348397Z","Value":{"Value":{"Type":7,"Body":1548555060},"SourceTimestamp":"2024-04-27T14:02:52.6715795Z","ServerTimestamp":"2024-04-27T14:02:52.67158Z"},"SequenceNumber":14,"ExtensionFields":{}}