{"NodeId":"nsu=http://opcfoundation.org/UA/Plc/Applications;s=RandomUnsignedInt32","EndpointUrl":"opc.tcp://localhost:61457/UA/SampleServer","ApplicationUri":"urn:desktop-bgfjs91:OPCFoundation:CoreSampleServer","DisplayName":"nsu=http://opcfoundation.org/UA/Plc/Applications;s=RandomUnsignedInt32","Timestamp":"2024-04-27T14:02:57.7599518Z","Value":{"Value":{"Type":7,"Body":25000259},"SourceTimestamp":"2024-04-27T14:02:57.6674576Z","ServerTimestamp":"2024-04-27T14:02:57.6674665Z"},"SequenceNumber":18,"ExtensionFields":{}}