{"NodeId":"nsu=http://opcfoundation.org/UA/Plc/Applications;s=RandomUnsignedInt32","EndpointUrl":"opc.tcp://localhost:61457/UA/SampleServer","ApplicationUri":"urn:desktop-bgfjs91:OPCFoundation:CoreSampleServer","DisplayName":"nsu=http://opcfoundation.org/UA/Plc/Applications;s=RandomUnsignedInt32","Timestamp":"2024-04-27T14:03:02.7259575Z","Value":{"Value":{"Type":7,"Body":831366355},"SourceTimestamp":"2024-04-27T14:03:02.6622009Z","ServerTimestamp":"2024-04-27T14:03:02.6622069Z"},"SequenceNumber":23,"ExtensionFields":{}}