{"NodeId":"nsu=http://opcfoundation.org/UA/Plc/Applications;s=RandomUnsignedInt32","EndpointUrl":"opc.tcp://localhost:61457/UA/SampleServer","ApplicationUri":"urn:desktop-bgfjs91:OPCFoundation:CoreSampleServer","DisplayName":"nsu=http://opcfoundation.org/UA/Plc/Applications;s=RandomUnsignedInt32","Timestamp":"2024-04-27T14:03:04.7183686Z","Value":{"Value":{"Type":7,"Body":1342258639},"SourceTimestamp":"2024-04-27T14:03:04.6721055Z","ServerTimestamp":"2024-04-27T14:03:04.6721161Z"},"SequenceNumber":24,"ExtensionFields":{}}