{"NodeId":"nsu=http://opcfoundation.org/UA/Plc/Applications;s=RandomUnsignedInt32","EndpointUrl":"opc.tcp://localhost:61457/UA/SampleServer","ApplicationUri":"urn:desktop-bgfjs91:OPCFoundation:CoreSampleServer","DisplayName":"nsu=http://opcfoundation.org/UA/Plc/Applications;s=RandomUnsignedInt32","Timestamp":"2024-04-27T14:02:39.730166Z","Value":{"Value":{"Type":7,"Body":1729452728},"SourceTimestamp":"2024-04-27T14:02:39.6680997Z","ServerTimestamp":"2024-04-27T14:02:39.6681333Z"},"SequenceNumber":3,"ExtensionFields":{}}