{"NodeId":"nsu=http://opcfoundation.org/UA/Plc/Applications;s=RandomUnsignedInt32","EndpointUrl":"opc.tcp://localhost:61457/UA/SampleServer","ApplicationUri":"urn:desktop-bgfjs91:OPCFoundation:CoreSampleServer","DisplayName":"nsu=http://opcfoundation.org/UA/Plc/Applications;s=RandomUnsignedInt32","Timestamp":"2024-04-27T14:03:14.7257589Z","Value":{"Value":{"Type":7,"Body":657966970},"SourceTimestamp":"2024-04-27T14:03:14.664092Z","ServerTimestamp":"2024-04-27T14:03:14.6641255Z"},"SequenceNumber":33,"ExtensionFields":{}}