{"NodeId":"nsu=http://opcfoundation.org/UA/Plc/Applications;s=RandomUnsignedInt32","EndpointUrl":"opc.tcp://localhost:61457/UA/SampleServer","ApplicationUri":"urn:desktop-bgfjs91:OPCFoundation:CoreSampleServer","DisplayName":"nsu=http://opcfoundation.org/UA/Plc/Applications;s=RandomUnsignedInt32","Timestamp":"2024-04-27T14:03:15.7746663Z","Value":{"Value":{"Type":7,"Body":1622439573},"SourceTimestamp":"2024-04-27T14:03:15.7591959Z","ServerTimestamp":"2024-04-27T14:03:15.7591972Z"},"SequenceNumber":34,"ExtensionFields":{}}