{"NodeId":"nsu=http://opcfoundation.org/UA/Plc/Applications;s=RandomUnsignedInt32","EndpointUrl":"opc.tcp://localhost:61457/UA/SampleServer","ApplicationUri":"urn:desktop-bgfjs91:OPCFoundation:CoreSampleServer","DisplayName":"nsu=http://opcfoundation.org/UA/Plc/Applications;s=RandomUnsignedInt32","Timestamp":"2024-04-27T14:03:18.7271926Z","Value":{"Value":{"Type":7,"Body":985310925},"SourceTimestamp":"2024-04-27T14:03:18.6638994Z","ServerTimestamp":"2024-04-27T14:03:18.6639068Z"},"SequenceNumber":37,"ExtensionFields":{}}