{"NodeId":"nsu=http://opcfoundation.org/UA/Plc/Applications;s=RandomUnsignedInt32","EndpointUrl":"opc.tcp://localhost:61457/UA/SampleServer","ApplicationUri":"urn:desktop-bgfjs91:OPCFoundation:CoreSampleServer","DisplayName":"nsu=http://opcfoundation.org/UA/Plc/Applications;s=RandomUnsignedInt32","Timestamp":"2024-04-27T14:03:21.7592537Z","Value":{"Value":{"Type":7,"Body":1855757681},"SourceTimestamp":"2024-04-27T14:03:21.6667353Z","ServerTimestamp":"2024-04-27T14:03:21.6667365Z"},"SequenceNumber":39,"ExtensionFields":{}}