{"NodeId":"nsu=http://opcfoundation.org/UA/Plc/Applications;s=RandomUnsignedInt32","EndpointUrl":"opc.tcp://localhost:61457/UA/SampleServer","ApplicationUri":"urn:desktop-bgfjs91:OPCFoundation:CoreSampleServer","DisplayName":"nsu=http://opcfoundation.org/UA/Plc/Applications;s=RandomUnsignedInt32","Timestamp":"2024-04-27T14:02:41.770657Z","Value":{"Value":{"Type":7,"Body":800862643},"SourceTimestamp":"2024-04-27T14:02:41.662321Z","ServerTimestamp":"2024-04-27T14:02:41.6623257Z"},"SequenceNumber":4,"ExtensionFields":{}}