{"NodeId":"nsu=http://opcfoundation.org/UA/Plc/Applications;s=RandomUnsignedInt32","EndpointUrl":"opc.tcp://localhost:61457/UA/SampleServer","ApplicationUri":"urn:desktop-bgfjs91:OPCFoundation:CoreSampleServer","DisplayName":"nsu=http://opcfoundation.org/UA/Plc/Applications;s=RandomUnsignedInt32","Timestamp":"2024-04-27T14:03:23.7394896Z","Value":{"Value":{"Type":7,"Body":1307476061},"SourceTimestamp":"2024-04-27T14:03:23.6614642Z","ServerTimestamp":"2024-04-27T14:03:23.6615045Z"},"SequenceNumber":41,"ExtensionFields":{}}