{"NodeId":"nsu=http://opcfoundation.org/UA/Plc/Applications;s=RandomUnsignedInt32","EndpointUrl":"opc.tcp://localhost:61457/UA/SampleServer","ApplicationUri":"urn:desktop-bgfjs91:OPCFoundation:CoreSampleServer","DisplayName":"nsu=http://opcfoundation.org/UA/Plc/Applications;s=RandomUnsignedInt32","Timestamp":"2024-04-27T14:03:41.7495478Z","Value":{"Value":{"Type":7,"Body":1183838829},"SourceTimestamp":"2024-04-27T14:03:41.6713218Z","ServerTimestamp":"2024-04-27T14:03:41.6713231Z"},"SequenceNumber":58,"ExtensionFields":{}}