{"NodeId":"nsu=http://opcfoundation.org/UA/Plc/Applications;s=RandomUnsignedInt32","EndpointUrl":"opc.tcp://localhost:61457/UA/SampleServer","ApplicationUri":"urn:desktop-bgfjs91:OPCFoundation:CoreSampleServer","DisplayName":"nsu=http://opcfoundation.org/UA/Plc/Applications;s=RandomUnsignedInt32","Timestamp":"2024-04-27T14:03:42.7386159Z","Value":{"Value":{"Type":7,"Body":247215554},"SourceTimestamp":"2024-04-27T14:03:42.6605847Z","ServerTimestamp":"2024-04-27T14:03:42.6606134Z"},"SequenceNumber":59,"ExtensionFields":{}}