{"NodeId":"nsu=http://opcfoundation.org/UA/Plc/Applications;s=RandomUnsignedInt32","EndpointUrl":"opc.tcp://localhost:61457/UA/SampleServer","ApplicationUri":"urn:desktop-bgfjs91:OPCFoundation:CoreSampleServer","DisplayName":"nsu=http://opcfoundation.org/UA/Plc/Applications;s=RandomUnsignedInt32","Timestamp":"2024-04-27T14:03:43.7297886Z","Value":{"Value":{"Type":7,"Body":1304318006},"SourceTimestamp":"2024-04-27T14:03:43.6673153Z","ServerTimestamp":"2024-04-27T14:03:43.667318Z"},"SequenceNumber":60,"ExtensionFields":{}}