{"NodeId":"nsu=http://opcfoundation.org/UA/Plc/Applications;s=RandomUnsignedInt32","EndpointUrl":"opc.tcp://localhost:61457/UA/SampleServer","ApplicationUri":"urn:desktop-bgfjs91:OPCFoundation:CoreSampleServer","DisplayName":"nsu=http://opcfoundation.org/UA/Plc/Applications;s=RandomUnsignedInt32","Timestamp":"2024-04-27T14:03:48.7365449Z","Value":{"Value":{"Type":7,"Body":459753210},"SourceTimestamp":"2024-04-27T14:03:48.6597542Z","ServerTimestamp":"2024-04-27T14:03:48.6597552Z"},"SequenceNumber":64,"ExtensionFields":{}}