{"NodeId":"nsu=http://opcfoundation.org/UA/Plc/Applications;s=RandomUnsignedInt32","EndpointUrl":"opc.tcp://localhost:61457/UA/SampleServer","ApplicationUri":"urn:desktop-bgfjs91:OPCFoundation:CoreSampleServer","DisplayName":"nsu=http://opcfoundation.org/UA/Plc/Applications;s=RandomUnsignedInt32","Timestamp":"2024-04-27T14:03:49.7358493Z","Value":{"Value":{"Type":7,"Body":1405299078},"SourceTimestamp":"2024-04-27T14:03:49.6587021Z","ServerTimestamp":"2024-04-27T14:03:49.6587033Z"},"SequenceNumber":65,"ExtensionFields":{}}