{"NodeId":"nsu=http://opcfoundation.org/UA/Plc/Applications;s=RandomUnsignedInt32","EndpointUrl":"opc.tcp://localhost:61457/UA/SampleServer","ApplicationUri":"urn:desktop-bgfjs91:OPCFoundation:CoreSampleServer","DisplayName":"nsu=http://opcfoundation.org/UA/Plc/Applications;s=RandomUnsignedInt32","Timestamp":"2024-04-27T14:03:50.7273653Z","Value":{"Value":{"Type":7,"Body":1553341895},"SourceTimestamp":"2024-04-27T14:03:50.665371Z","ServerTimestamp":"2024-04-27T14:03:50.6653764Z"},"SequenceNumber":66,"ExtensionFields":{}}