{"NodeId":"nsu=http://opcfoundation.org/UA/Plc/Applications;s=RandomUnsignedInt32","EndpointUrl":"opc.tcp://localhost:61457/UA/SampleServer","ApplicationUri":"urn:desktop-bgfjs91:OPCFoundation:CoreSampleServer","DisplayName":"nsu=http://opcfoundation.org/UA/Plc/Applications;s=RandomUnsignedInt32","Timestamp":"2024-04-27T14:03:52.7614458Z","Value":{"Value":{"Type":7,"Body":2023930962},"SourceTimestamp":"2024-04-27T14:03:52.6692861Z","ServerTimestamp":"2024-04-27T14:03:52.6692872Z"},"SequenceNumber":67,"ExtensionFields":{}}