{"NodeId":"nsu=http://opcfoundation.org/UA/Plc/Applications;s=RandomUnsignedInt32","EndpointUrl":"opc.tcp://localhost:61457/UA/SampleServer","ApplicationUri":"urn:desktop-bgfjs91:OPCFoundation:CoreSampleServer","DisplayName":"nsu=http://opcfoundation.org/UA/Plc/Applications;s=RandomUnsignedInt32","Timestamp":"2024-04-27T14:03:55.7255143Z","Value":{"Value":{"Type":7,"Body":1320274391},"SourceTimestamp":"2024-04-27T14:03:55.6626131Z","ServerTimestamp":"2024-04-27T14:03:55.6626163Z"},"SequenceNumber":70,"ExtensionFields":{}}