{"NodeId":"nsu=http://opcfoundation.org/UA/Plc/Applications;s=RandomUnsignedInt32","EndpointUrl":"opc.tcp://localhost:61457/UA/SampleServer","ApplicationUri":"urn:desktop-bgfjs91:OPCFoundation:CoreSampleServer","DisplayName":"nsu=http://opcfoundation.org/UA/Plc/Applications;s=RandomUnsignedInt32","Timestamp":"2024-04-27T14:03:58.7468125Z","Value":{"Value":{"Type":7,"Body":955904758},"SourceTimestamp":"2024-04-27T14:03:58.6673747Z","ServerTimestamp":"2024-04-27T14:03:58.6673796Z"},"SequenceNumber":73,"ExtensionFields":{}}