{"NodeId":"nsu=http://opcfoundation.org/UA/Plc/Applications;s=RandomUnsignedInt32","EndpointUrl":"opc.tcp://localhost:61457/UA/SampleServer","ApplicationUri":"urn:desktop-bgfjs91:OPCFoundation:CoreSampleServer","DisplayName":"nsu=http://opcfoundation.org/UA/Plc/Applications;s=RandomUnsignedInt32","Timestamp":"2024-04-27T14:03:59.7324274Z","Value":{"Value":{"Type":7,"Body":1248826853},"SourceTimestamp":"2024-04-27T14:03:59.6699957Z","ServerTimestamp":"2024-04-27T14:03:59.669997Z"},"SequenceNumber":74,"ExtensionFields":{}}