{"NodeId":"nsu=http://opcfoundation.org/UA/Plc/Applications;s=RandomUnsignedInt32","EndpointUrl":"opc.tcp://localhost:61457/UA/SampleServer","ApplicationUri":"urn:desktop-bgfjs91:OPCFoundation:CoreSampleServer","DisplayName":"nsu=http://opcfoundation.org/UA/Plc/Applications;s=RandomUnsignedInt32","Timestamp":"2024-04-27T14:04:06.7333284Z","Value":{"Value":{"Type":7,"Body":2104449084},"SourceTimestamp":"2024-04-27T14:04:06.6693453Z","ServerTimestamp":"2024-04-27T14:04:06.669346Z"},"SequenceNumber":80,"ExtensionFields":{}}