{"NodeId":"nsu=http://opcfoundation.org/UA/Plc/Applications;s=RandomUnsignedInt32","EndpointUrl":"opc.tcp://localhost:61457/UA/SampleServer","ApplicationUri":"urn:desktop-bgfjs91:OPCFoundation:CoreSampleServer","DisplayName":"nsu=http://opcfoundation.org/UA/Plc/Applications;s=RandomUnsignedInt32","Timestamp":"2024-04-27T14:04:07.7280018Z","Value":{"Value":{"Type":7,"Body":1785239389},"SourceTimestamp":"2024-04-27T14:04:07.6657859Z","ServerTimestamp":"2024-04-27T14:04:07.665787Z"},"SequenceNumber":81,"ExtensionFields":{}}