{"NodeId":"nsu=http://opcfoundation.org/UA/Plc/Applications;s=RandomUnsignedInt32","EndpointUrl":"opc.tcp://localhost:61457/UA/SampleServer","ApplicationUri":"urn:desktop-bgfjs91:OPCFoundation:CoreSampleServer","DisplayName":"nsu=http://opcfoundation.org/UA/Plc/Applications;s=RandomUnsignedInt32","Timestamp":"2024-04-27T14:04:10.7670416Z","Value":{"Value":{"Type":7,"Body":1908490778},"SourceTimestamp":"2024-04-27T14:04:10.6742688Z","ServerTimestamp":"2024-04-27T14:04:10.6742702Z"},"SequenceNumber":83,"ExtensionFields":{}}