{"NodeId":"nsu=http://opcfoundation.org/UA/Plc/Applications;s=RandomUnsignedInt32","EndpointUrl":"opc.tcp://localhost:61457/UA/SampleServer","ApplicationUri":"urn:desktop-bgfjs91:OPCFoundation:CoreSampleServer","DisplayName":"nsu=http://opcfoundation.org/UA/Plc/Applications;s=RandomUnsignedInt32","Timestamp":"2024-04-27T14:04:14.7275961Z","Value":{"Value":{"Type":7,"Body":1833891469},"SourceTimestamp":"2024-04-27T14:04:14.664815Z","ServerTimestamp":"2024-04-27T14:04:14.6648296Z"},"SequenceNumber":87,"ExtensionFields":{}}