{"NodeId":"nsu=http://opcfoundation.org/UA/Plc/Applications;s=RandomUnsignedInt32","EndpointUrl":"opc.tcp://localhost:61457/UA/SampleServer","ApplicationUri":"urn:desktop-bgfjs91:OPCFoundation:CoreSampleServer","DisplayName":"nsu=http://opcfoundation.org/UA/Plc/Applications;s=RandomUnsignedInt32","Timestamp":"2024-04-27T14:04:16.7564985Z","Value":{"Value":{"Type":7,"Body":2031030056},"SourceTimestamp":"2024-04-27T14:04:16.6615776Z","ServerTimestamp":"2024-04-27T14:04:16.661579Z"},"SequenceNumber":89,"ExtensionFields":{}}