{"NodeId":"nsu=http://opcfoundation.org/UA/Plc/Applications;s=RandomUnsignedInt32","EndpointUrl":"opc.tcp://localhost:61457/UA/SampleServer","ApplicationUri":"urn:desktop-bgfjs91:OPCFoundation:CoreSampleServer","DisplayName":"nsu=http://opcfoundation.org/UA/Plc/Applications;s=RandomUnsignedInt32","Timestamp":"2024-04-27T14:02:47.7725334Z","Value":{"Value":{"Type":7,"Body":1319107245},"SourceTimestamp":"2024-04-27T14:02:47.6641772Z","ServerTimestamp":"2024-04-27T14:02:47.6641789Z"},"SequenceNumber":9,"ExtensionFields":{}}