{"NodeId":"nsu=http://opcfoundation.org/UA/Plc/Applications;s=RandomUnsignedInt32","EndpointUrl":"opc.tcp://localhost:61457/UA/SampleServer","ApplicationUri":"urn:desktop-bgfjs91:OPCFoundation:CoreSampleServer","DisplayName":"nsu=http://opcfoundation.org/UA/Plc/Applications;s=RandomUnsignedInt32","Timestamp":"2024-04-27T14:04:24.7427261Z","Value":{"Value":{"Type":7,"Body":912899643},"SourceTimestamp":"2024-04-27T14:04:24.6644744Z","ServerTimestamp":"2024-04-27T14:04:24.6644773Z"},"SequenceNumber":96,"ExtensionFields":{}}