{"MessageId":"9b82da7b-e38c-4546-b7ed-56c5f9057dfc","MessageType":"ua-data","PublisherId":"DESKTOP-BGFJS91","DataSetWriterGroup":"<<UnknownWriterGroup>>","Messages":[{"MetaDataVersion":{"MajorVersion":1},"MessageType":"ua-deltaframe","DataSetWriterName":"<<UnknownDataSet>>","Payload":{"i=2258":{"Value":{"Type":13,"Body":"2024-04-27T12:00:56.2115205Z"},"SourceTimestamp":"2024-04-27T12:00:31.1999372Z"},"nsu=http://opcfoundation.org/UA/Plc/Applications;s=StepUp":{"Value":{"Type":7,"Body":261},"SourceTimestamp":"2024-04-27T12:00:56.1335131Z"},"nsu=http://opcfoundation.org/UA/Plc/Applications;s=AlternatingBoolean":{"Value":{"Type":1,"Body":false},"SourceTimestamp":"2024-04-27T12:00:56.1335133Z"},"nsu=http://opcfoundation.org/UA/Plc/Applications;s=RandomSignedInt32":{"Value":{"Type":6,"Body":-1916294639},"SourceTimestamp":"2024-04-27T12:00:56.1335131Z"},"nsu=http://opcfoundation.org/UA/Plc/Applications;s=RandomUnsignedInt32":{"Value":{"Type":7,"Body":773921413},"SourceTimestamp":"2024-04-27T12:00:56.1335212Z"},"nsu=http://opcfoundation.org/UA/Plc/Applications;s=DipData":{"Value":{"Type":11,"Body":-95.105651629515364},"SourceTimestamp":"2024-04-27T12:00:56.1335283Z"},"nsu=http://opcfoundation.org/UA/Plc/Applications;s=FastUIntScalar1":{"Value":{"Type":7,"Body":26},"SourceTimestamp":"2024-04-27T12:00:56.0394274Z"},"nsu=http://opcfoundation.org/UA/Plc/Applications;s=FastUIntScalar2":{"Value":{"Type":7,"Body":26},"SourceTimestamp":"2024-04-27T12:00:56.0394524Z"},"nsu=http://opcfoundation.org/UA/Plc/Applications;s=FastUIntScalar3":{"Value":{"Type":7,"Body":26},"SourceTimestamp":"2024-04-27T12:00:56.0394577Z"},"nsu=http://opcfoundation.org/UA/Plc/Applications;s=FastRandomUIntScalar1":{"Value":{"Type":7,"Body":388114542},"SourceTimestamp":"2024-04-27T12:00:56.0394275Z"},"nsu=http://opcfoundation.org/UA/Plc/Applications;s=FastRandomUIntScalar2":{"Value":{"Type":7,"Body":2640124866},"SourceTimestamp":"2024-04-27T12:00:56.0394343Z"},"nsu=http://opcfoundation.org/UA/Plc/Applications;s=FastRandomUIntScalar3":{"Value":{"Type":7,"Body":4293371156},"SourceTimestamp":"2024-04-27T12:00:56.0394356Z"},"nsu=http://opcfoundation.org/UA/Plc/Applications;s=NegativeTrendData":{"Value":{"Type":11,"Body":100},"SourceTimestamp":"2024-04-27T12:00:56.1335286Z"},"nsu=http://opcfoundation.org/UA/Plc/Applications;s=PositiveTrendData":{"Value":{"Type":11,"Body":100.09999999999999},"SourceTimestamp":"2024-04-27T12:00:56.1335341Z"},"nsu=http://opcfoundation.org/UA/Plc/Applications;s=SlowUIntScalar1":{"Value":{"Type":7,"Body":2},"SourceTimestamp":"2024-04-27T12:00:50.036641Z"},"nsu=http://opcfoundation.org/UA/Plc/Applications;s=SlowUIntScalar2":{"Value":{"Type":7,"Body":2},"SourceTimestamp":"2024-04-27T12:00:50.0366502Z"},"nsu=http://opcfoundation.org/UA/Plc/Applications;s=SlowUIntScalar3":{"Value":{"Type":7,"Body":2},"SourceTimestamp":"2024-04-27T12:00:50.0366591Z"},"nsu=http://opcfoundation.org/UA/Plc/Applications;s=BadSlowUIntScalar1":{"Value":{"Type":7,"Body":2},"SourceTimestamp":"2024-04-27T12:00:50.036664Z"},"nsu=http://opcfoundation.org/UA/Plc/Applications;s=SlowRandomUIntScalar1":{"Value":{"Type":7,"Body":3006089098},"SourceTimestamp":"2024-04-27T12:00:50.0366427Z"},"nsu=http://opcfoundation.org/UA/Plc/Applications;s=SlowRandomUIntScalar2":{"Value":{"Type":7,"Body":1699022238},"SourceTimestamp":"2024-04-27T12:00:50.036657Z"},"nsu=http://opcfoundation.org/UA/Plc/Applications;s=SlowRandomUIntScalar3":{"Value":{"Type":7,"Body":2416113906},"SourceTimestamp":"2024-04-27T12:00:50.0366616Z"},"nsu=http://opcfoundation.org/UA/Plc/Applications;s=BadSlowRandomUIntScalar1":{"Value":{"Type":7,"Body":4724711},"SourceTimestamp":"2024-04-27T12:00:50.0366652Z"},"nsu=http://opcfoundation.org/UA/Plc/Applications;s=SpikeData":{"Value":{"Type":11,"Body":-95.105651629515364},"SourceTimestamp":"2024-04-27T12:00:56.1335414Z"},"ns=23;i=1259":{"Value":{"Type":11,"Body":-0.0079900000000000006},"SourceTimestamp":"2024-04-27T12:00:31.1999771Z"}}}]}