{"MessageId":"8d35966b-b37c-4d14-84de-bf60a33c7130","MessageType":"ua-data","PublisherId":"DESKTOP-BGFJS91","DataSetWriterGroup":"<<UnknownWriterGroup>>","Messages":[{"MetaDataVersion":{"MajorVersion":1},"MessageType":"ua-deltaframe","DataSetWriterName":"<<UnknownDataSet>>","Payload":{"i=2258":{"Value":{"Type":13,"Body":"2024-04-27T12:01:02.2075743Z"},"SourceTimestamp":"2024-04-27T12:00:31.1999372Z"},"nsu=http://opcfoundation.org/UA/Plc/Applications;s=StepUp":{"Value":{"Type":7,"Body":321},"SourceTimestamp":"2024-04-27T12:01:02.1449381Z"},"nsu=http://opcfoundation.org/UA/Plc/Applications;s=AlternatingBoolean":{"Value":{"Type":1,"Body":true},"SourceTimestamp":"2024-04-27T12:01:02.1449644Z"},"nsu=http://opcfoundation.org/UA/Plc/Applications;s=RandomSignedInt32":{"Value":{"Type":6,"Body":1062148274},"SourceTimestamp":"2024-04-27T12:01:02.144971Z"},"nsu=http://opcfoundation.org/UA/Plc/Applications;s=RandomUnsignedInt32":{"Value":{"Type":7,"Body":1632610148},"SourceTimestamp":"2024-04-27T12:01:02.1449927Z"},"nsu=http://opcfoundation.org/UA/Plc/Applications;s=DipData":{"Value":{"Type":11,"Body":-58.778525229247336},"SourceTimestamp":"2024-04-27T12:01:02.145006Z"},"nsu=http://opcfoundation.org/UA/Plc/Applications;s=FastUIntScalar1":{"Value":{"Type":7,"Body":32},"SourceTimestamp":"2024-04-27T12:01:02.0377146Z"},"nsu=http://opcfoundation.org/UA/Plc/Applications;s=FastUIntScalar2":{"Value":{"Type":7,"Body":32},"SourceTimestamp":"2024-04-27T12:01:02.0377229Z"},"nsu=http://opcfoundation.org/UA/Plc/Applications;s=FastUIntScalar3":{"Value":{"Type":7,"Body":32},"SourceTimestamp":"2024-04-27T12:01:02.0377254Z"},"nsu=http://opcfoundation.org/UA/Plc/Applications;s=FastRandomUIntScalar1":{"Value":{"Type":7,"Body":65441299},"SourceTimestamp":"2024-04-27T12:01:02.0377275Z"},"nsu=http://opcfoundation.org/UA/Plc/Applications;s=FastRandomUIntScalar2":{"Value":{"Type":7,"Body":3889210053},"SourceTimestamp":"2024-04-27T12:01:02.0377367Z"},"nsu=http://opcfoundation.org/UA/Plc/Applications;s=FastRandomUIntScalar3":{"Value":{"Type":7,"Body":4223243406},"SourceTimestamp":"2024-04-27T12:01:02.0377398Z"},"nsu=http://opcfoundation.org/UA/Plc/Applications;s=NegativeTrendData":{"Value":{"Type":11,"Body":100},"SourceTimestamp":"2024-04-27T12:01:02.145007Z"},"nsu=http://opcfoundation.org/UA/Plc/Applications;s=PositiveTrendData":{"Value":{"Type":11,"Body":100.2},"SourceTimestamp":"2024-04-27T12:01:02.1450051Z"},"nsu=http://opcfoundation.org/UA/Plc/Applications;s=SlowUIntScalar1":{"Value":{"Type":7,"Body":3},"SourceTimestamp":"2024-04-27T12:01:00.0441047Z"},"nsu=http://opcfoundation.org/UA/Plc/Applications;s=SlowUIntScalar2":{"Value":{"Type":7,"Body":3},"SourceTimestamp":"2024-04-27T12:01:00.0441205Z"},"nsu=http://opcfoundation.org/UA/Plc/Applications;s=SlowUIntScalar3":{"Value":{"Type":7,"Body":3},"SourceTimestamp":"2024-04-27T12:01:00.0441248Z"},"nsu=http://opcfoundation.org/UA/Plc/Applications;s=BadSlowUIntScalar1":{"Value":{"Type":7,"Body":3},"SourceTimestamp":"2024-04-27T12:01:00.0441265Z"},"nsu=http://opcfoundation.org/UA/Plc/Applications;s=SlowRandomUIntScalar1":{"Value":{"Type":7,"Body":3652844866},"SourceTimestamp":"2024-04-27T12:01:00.0441142Z"},"nsu=http://opcfoundation.org/UA/Plc/Applications;s=SlowRandomUIntScalar2":{"Value":{"Type":7,"Body":1257853388},"SourceTimestamp":"2024-04-27T12:01:00.0441238Z"},"nsu=http://opcfoundation.org/UA/Plc/Applications;s=SlowRandomUIntScalar3":{"Value":{"Type":7,"Body":2891645419},"SourceTimestamp":"2024-04-27T12:01:00.0441255Z"},"nsu=http://opcfoundation.org/UA/Plc/Applications;s=BadSlowRandomUIntScalar1":{"Value":{"Type":7,"Body":2720901410},"SourceTimestamp":"2024-04-27T12:01:00.0441271Z"},"nsu=http://opcfoundation.org/UA/Plc/Applications;s=SpikeData":{"Value":{"Type":11,"Body":-58.778525229247336},"SourceTimestamp":"2024-04-27T12:01:02.1450248Z"},"ns=23;i=1259":{"Value":{"Type":11,"Body":1.9199999999999999},"SourceTimestamp":"2024-04-27T12:00:31.1999771Z"}}}]}