{"MessageId":"cee7b5bd-1b6f-4aed-aa10-c5b782046433","MessageType":"ua-data","PublisherId":"DESKTOP-BGFJS91","DataSetWriterGroup":"<<UnknownWriterGroup>>","Messages":[{"MetaDataVersion":{"MajorVersion":1},"MessageType":"ua-deltaframe","DataSetWriterName":"<<UnknownDataSet>>","Payload":{"i=2258":{"Value":{"Type":13,"Body":"2024-04-27T12:01:35.2134765Z"},"SourceTimestamp":"2024-04-27T12:00:31.1999372Z"},"nsu=http://opcfoundation.org/UA/Plc/Applications;s=StepUp":{"Value":{"Type":7,"Body":651},"SourceTimestamp":"2024-04-27T12:01:35.1334271Z"},"nsu=http://opcfoundation.org/UA/Plc/Applications;s=AlternatingBoolean":{"Value":{"Type":1,"Body":false},"SourceTimestamp":"2024-04-27T12:01:35.1334334Z"},"nsu=http://opcfoundation.org/UA/Plc/Applications;s=RandomSignedInt32":{"Value":{"Type":6,"Body":1426851597},"SourceTimestamp":"2024-04-27T12:01:35.1334374Z"},"nsu=http://opcfoundation.org/UA/Plc/Applications;s=RandomUnsignedInt32":{"Value":{"Type":7,"Body":137972002},"SourceTimestamp":"2024-04-27T12:01:35.1334578Z"},"nsu=http://opcfoundation.org/UA/Plc/Applications;s=DipData":{"Value":{"Type":11,"Body":6.4324905987065468E-14},"SourceTimestamp":"2024-04-27T12:01:35.1334506Z"},"nsu=http://opcfoundation.org/UA/Plc/Applications;s=FastUIntScalar1":{"Value":{"Type":7,"Body":65},"SourceTimestamp":"2024-04-27T12:01:35.0411339Z"},"nsu=http://opcfoundation.org/UA/Plc/Applications;s=FastUIntScalar2":{"Value":{"Type":7,"Body":65},"SourceTimestamp":"2024-04-27T12:01:35.0411424Z"},"nsu=http://opcfoundation.org/UA/Plc/Applications;s=FastUIntScalar3":{"Value":{"Type":7,"Body":65},"SourceTimestamp":"2024-04-27T12:01:35.0411452Z"},"nsu=http://opcfoundation.org/UA/Plc/Applications;s=FastRandomUIntScalar1":{"Value":{"Type":7,"Body":3515679299},"SourceTimestamp":"2024-04-27T12:01:35.0411528Z"},"nsu=http://opcfoundation.org/UA/Plc/Applications;s=FastRandomUIntScalar2":{"Value":{"Type":7,"Body":176636250},"SourceTimestamp":"2024-04-27T12:01:35.0411622Z"},"nsu=http://opcfoundation.org/UA/Plc/Applications;s=FastRandomUIntScalar3":{"Value":{"Type":7,"Body":459642767},"SourceTimestamp":"2024-04-27T12:01:35.041165Z"},"nsu=http://opcfoundation.org/UA/Plc/Applications;s=NegativeTrendData":{"Value":{"Type":11,"Body":99.299999999999997},"SourceTimestamp":"2024-04-27T12:01:35.1334521Z"},"nsu=http://opcfoundation.org/UA/Plc/Applications;s=PositiveTrendData":{"Value":{"Type":11,"Body":100.90000000000001},"SourceTimestamp":"2024-04-27T12:01:35.1334541Z"},"nsu=http://opcfoundation.org/UA/Plc/Applications;s=SlowUIntScalar1":{"Value":{"Type":7,"Body":6},"SourceTimestamp":"2024-04-27T12:01:30.0367508Z"},"nsu=http://opcfoundation.org/UA/Plc/Applications;s=SlowUIntScalar2":{"Value":{"Type":7,"Body":6},"SourceTimestamp":"2024-04-27T12:01:30.0367593Z"},"nsu=http://opcfoundation.org/UA/Plc/Applications;s=SlowUIntScalar3":{"Value":{"Type":7,"Body":6},"SourceTimestamp":"2024-04-27T12:01:30.0367613Z"},"nsu=http://opcfoundation.org/UA/Plc/Applications;s=BadSlowUIntScalar1":{"Value":{"Type":7,"Body":6},"SourceTimestamp":"2024-04-27T12:01:30.0367691Z"},"nsu=http://opcfoundation.org/UA/Plc/Applications;s=SlowRandomUIntScalar1":{"Value":{"Type":7,"Body":4149078272},"SourceTimestamp":"2024-04-27T12:01:30.0367574Z"},"nsu=http://opcfoundation.org/UA/Plc/Applications;s=SlowRandomUIntScalar2":{"Value":{"Type":7,"Body":1108145889},"SourceTimestamp":"2024-04-27T12:01:30.0367678Z"},"nsu=http://opcfoundation.org/UA/Plc/Applications;s=SlowRandomUIntScalar3":{"Value":{"Type":7,"Body":2276668719},"SourceTimestamp":"2024-04-27T12:01:30.0367715Z"},"nsu=http://opcfoundation.org/UA/Plc/Applications;s=BadSlowRandomUIntScalar1":{"Value":{"Type":7,"Body":1312754849},"SourceTimestamp":"2024-04-27T12:01:30.0367742Z"},"nsu=http://opcfoundation.org/UA/Plc/Applications;s=SpikeData":{"Value":{"Type":11,"Body":6.4324905987065468E-14},"SourceTimestamp":"2024-04-27T12:01:35.1334548Z"},"ns=23;i=1259":{"Value":{"Type":11,"Body":-0.86799999999999999},"SourceTimestamp":"2024-04-27T12:00:31.1999771Z"}}}]}