{"MessageId":"8960e406-332b-45f7-b81e-39a9fe698073","MessageType":"ua-data","PublisherId":"DESKTOP-BGFJS91","DataSetWriterGroup":"<<UnknownWriterGroup>>","Messages":[{"MetaDataVersion":{"MajorVersion":1},"MessageType":"ua-deltaframe","DataSetWriterName":"<<UnknownDataSet>>","Payload":{"i=2258":{"Value":{"Type":13,"Body":"2024-04-27T12:01:50.2076332Z"},"SourceTimestamp":"2024-04-27T12:00:31.1999372Z"},"nsu=http://opcfoundation.org/UA/Plc/Applications;s=StepUp":{"Value":{"Type":7,"Body":801},"SourceTimestamp":"2024-04-27T12:01:50.1461215Z"},"nsu=http://opcfoundation.org/UA/Plc/Applications;s=AlternatingBoolean":{"Value":{"Type":1,"Body":true},"SourceTimestamp":"2024-04-27T12:01:50.1461451Z"},"nsu=http://opcfoundation.org/UA/Plc/Applications;s=RandomSignedInt32":{"Value":{"Type":6,"Body":-2013273608},"SourceTimestamp":"2024-04-27T12:01:50.1461678Z"},"nsu=http://opcfoundation.org/UA/Plc/Applications;s=RandomUnsignedInt32":{"Value":{"Type":7,"Body":1610520499},"SourceTimestamp":"2024-04-27T12:01:50.1461522Z"},"nsu=http://opcfoundation.org/UA/Plc/Applications;s=DipData":{"Value":{"Type":11,"Body":6.4324905987065468E-14},"SourceTimestamp":"2024-04-27T12:01:50.1461628Z"},"nsu=http://opcfoundation.org/UA/Plc/Applications;s=FastUIntScalar1":{"Value":{"Type":7,"Body":80},"SourceTimestamp":"2024-04-27T12:01:50.0372013Z"},"nsu=http://opcfoundation.org/UA/Plc/Applications;s=FastUIntScalar2":{"Value":{"Type":7,"Body":80},"SourceTimestamp":"2024-04-27T12:01:50.0372028Z"},"nsu=http://opcfoundation.org/UA/Plc/Applications;s=FastUIntScalar3":{"Value":{"Type":7,"Body":80},"SourceTimestamp":"2024-04-27T12:01:50.0372039Z"},"nsu=http://opcfoundation.org/UA/Plc/Applications;s=FastRandomUIntScalar1":{"Value":{"Type":7,"Body":1169044595},"SourceTimestamp":"2024-04-27T12:01:50.0372088Z"},"nsu=http://opcfoundation.org/UA/Plc/Applications;s=FastRandomUIntScalar2":{"Value":{"Type":7,"Body":1018691809},"SourceTimestamp":"2024-04-27T12:01:50.0372118Z"},"nsu=http://opcfoundation.org/UA/Plc/Applications;s=FastRandomUIntScalar3":{"Value":{"Type":7,"Body":82552472},"SourceTimestamp":"2024-04-27T12:01:50.037213Z"},"nsu=http://opcfoundation.org/UA/Plc/Applications;s=NegativeTrendData":{"Value":{"Type":11,"Body":99},"SourceTimestamp":"2024-04-27T12:01:50.1461717Z"},"nsu=http://opcfoundation.org/UA/Plc/Applications;s=PositiveTrendData":{"Value":{"Type":11,"Body":101.2},"SourceTimestamp":"2024-04-27T12:01:50.1461858Z"},"nsu=http://opcfoundation.org/UA/Plc/Applications;s=SlowUIntScalar1":{"Value":{"Type":7,"Body":8},"SourceTimestamp":"2024-04-27T12:01:50.0371678Z"},"nsu=http://opcfoundation.org/UA/Plc/Applications;s=SlowUIntScalar2":{"Value":{"Type":7,"Body":8},"SourceTimestamp":"2024-04-27T12:01:50.037173Z"},"nsu=http://opcfoundation.org/UA/Plc/Applications;s=SlowUIntScalar3":{"Value":{"Type":7,"Body":8},"SourceTimestamp":"2024-04-27T12:01:50.0371743Z"},"nsu=http://opcfoundation.org/UA/Plc/Applications;s=BadSlowUIntScalar1":{"Value":{"Type":7,"Body":8},"StatusCode":1083179008,"SourceTimestamp":"2024-04-27T12:01:50.0371756Z"},"nsu=http://opcfoundation.org/UA/Plc/Applications;s=SlowRandomUIntScalar1":{"Value":{"Type":7,"Body":4108597571},"SourceTimestamp":"2024-04-27T12:01:50.0371792Z"},"nsu=http://opcfoundation.org/UA/Plc/Applications;s=SlowRandomUIntScalar2":{"Value":{"Type":7,"Body":188203521},"SourceTimestamp":"2024-04-27T12:01:50.0371839Z"},"nsu=http://opcfoundation.org/UA/Plc/Applications;s=SlowRandomUIntScalar3":{"Value":{"Type":7,"Body":484802925},"SourceTimestamp":"2024-04-27T12:01:50.0371906Z"},"nsu=http://opcfoundation.org/UA/Plc/Applications;s=BadSlowRandomUIntScalar1":{"Value":{"Type":7,"Body":4081087870},"StatusCode":1083179008,"SourceTimestamp":"2024-04-27T12:01:50.0371919Z"},"nsu=http://opcfoundation.org/UA/Plc/Applications;s=SpikeData":{"Value":{"Type":11,"Body":6.4324905987065468E-14},"SourceTimestamp":"2024-04-27T12:01:50.1461808Z"},"ns=23;i=1259":{"Value":{"Type":11,"Body":-0.53600000000000003},"SourceTimestamp":"2024-04-27T12:00:31.1999771Z"}}}]}