{"MessageId":"615718e4-fb6d-4faa-aaaa-9b20d3d40976","MessageType":"ua-data","PublisherId":"DESKTOP-BGFJS91","DataSetWriterGroup":"<<UnknownWriterGroup>>","Messages":[{"MetaDataVersion":{"MajorVersion":1},"MessageType":"ua-deltaframe","DataSetWriterName":"<<UnknownDataSet>>","Payload":{"i=2258":{"Value":{"Type":13,"Body":"2024-04-27T12:00:39.2061388Z"},"SourceTimestamp":"2024-04-27T12:00:31.1999372Z"},"nsu=http://opcfoundation.org/UA/Plc/Applications;s=StepUp":{"Value":{"Type":7,"Body":91},"SourceTimestamp":"2024-04-27T12:00:39.142509Z"},"nsu=http://opcfoundation.org/UA/Plc/Applications;s=AlternatingBoolean":{"Value":{"Type":1,"Body":false},"SourceTimestamp":"2024-04-27T12:00:39.1425349Z"},"nsu=http://opcfoundation.org/UA/Plc/Applications;s=RandomSignedInt32":{"Value":{"Type":6,"Body":1140909569},"SourceTimestamp":"2024-04-27T12:00:39.1425588Z"},"nsu=http://opcfoundation.org/UA/Plc/Applications;s=RandomUnsignedInt32":{"Value":{"Type":7,"Body":71843818},"SourceTimestamp":"2024-04-27T12:00:39.1425511Z"},"nsu=http://opcfoundation.org/UA/Plc/Applications;s=DipData":{"Value":{"Type":11,"Body":95.10565162951535},"SourceTimestamp":"2024-04-27T12:00:39.1425612Z"},"nsu=http://opcfoundation.org/UA/Plc/Applications;s=FastUIntScalar1":{"Value":{"Type":7,"Body":9},"SourceTimestamp":"2024-04-27T12:00:39.0356137Z"},"nsu=http://opcfoundation.org/UA/Plc/Applications;s=FastUIntScalar2":{"Value":{"Type":7,"Body":9},"SourceTimestamp":"2024-04-27T12:00:39.0356238Z"},"nsu=http://opcfoundation.org/UA/Plc/Applications;s=FastUIntScalar3":{"Value":{"Type":7,"Body":9},"SourceTimestamp":"2024-04-27T12:00:39.0356268Z"},"nsu=http://opcfoundation.org/UA/Plc/Applications;s=FastRandomUIntScalar1":{"Value":{"Type":7,"Body":934271683},"SourceTimestamp":"2024-04-27T12:00:39.0356325Z"},"nsu=http://opcfoundation.org/UA/Plc/Applications;s=FastRandomUIntScalar2":{"Value":{"Type":7,"Body":3211046484},"SourceTimestamp":"2024-04-27T12:00:39.0356404Z"},"nsu=http://opcfoundation.org/UA/Plc/Applications;s=FastRandomUIntScalar3":{"Value":{"Type":7,"Body":150524316},"SourceTimestamp":"2024-04-27T12:00:39.0356428Z"},"nsu=http://opcfoundation.org/UA/Plc/Applications;s=NegativeTrendData":{"Value":{"Type":11,"Body":100},"SourceTimestamp":"2024-04-27T12:00:39.1425579Z"},"nsu=http://opcfoundation.org/UA/Plc/Applications;s=PositiveTrendData":{"Value":{"Type":11,"Body":100},"SourceTimestamp":"2024-04-27T12:00:39.142563Z"},"nsu=http://opcfoundation.org/UA/Plc/Applications;s=SlowUIntScalar1":{"Value":{"Type":7,"Body":0},"SourceTimestamp":"2024-04-27T12:00:30.0316449Z"},"nsu=http://opcfoundation.org/UA/Plc/Applications;s=SlowUIntScalar2":{"Value":{"Type":7,"Body":0},"SourceTimestamp":"2024-04-27T12:00:30.0316457Z"},"nsu=http://opcfoundation.org/UA/Plc/Applications;s=SlowUIntScalar3":{"Value":{"Type":7,"Body":0},"SourceTimestamp":"2024-04-27T12:00:30.0316511Z"},"nsu=http://opcfoundation.org/UA/Plc/Applications;s=BadSlowUIntScalar1":{"Value":{"Type":7,"Body":0},"SourceTimestamp":"2024-04-27T12:00:30.031653Z"},"nsu=http://opcfoundation.org/UA/Plc/Applications;s=SlowRandomUIntScalar1":{"Value":{"Type":7,"Body":0},"SourceTimestamp":"2024-04-27T12:00:30.0316613Z"},"nsu=http://opcfoundation.org/UA/Plc/Applications;s=SlowRandomUIntScalar2":{"Value":{"Type":7,"Body":0},"SourceTimestamp":"2024-04-27T12:00:30.0316618Z"},"nsu=http://opcfoundation.org/UA/Plc/Applications;s=SlowRandomUIntScalar3":{"Value":{"Type":7,"Body":0},"SourceTimestamp":"2024-04-27T12:00:30.0316623Z"},"nsu=http://opcfoundation.org/UA/Plc/Applications;s=BadSlowRandomUIntScalar1":{"Value":{"Type":7,"Body":0},"SourceTimestamp":"2024-04-27T12:00:30.0316641Z"},"nsu=http://opcfoundation.org/UA/Plc/Applications;s=SpikeData":{"Value":{"Type":11,"Body":95.10565162951535},"SourceTimestamp":"2024-04-27T12:00:39.1425837Z"},"ns=23;i=1259":{"Value":{"Type":11,"Body":0.37},"SourceTimestamp":"2024-04-27T12:00:31.1999771Z"}}}]}