{"MessageId":"a03c3856-d2c7-40f7-b7c5-635d18a9777d","MessageType":"ua-data","PublisherId":"DESKTOP-BGFJS91","DataSetWriterGroup":"<<UnknownWriterGroup>>","Messages":[{"MetaDataVersion":{"MajorVersion":1},"MessageType":"ua-deltaframe","DataSetWriterName":"<<UnknownDataSet>>","Payload":{"i=2258":{"Value":{"Type":13,"Body":"2024-04-27T12:02:03.2074307Z"},"SourceTimestamp":"2024-04-27T12:00:31.1999372Z"},"nsu=http://opcfoundation.org/UA/Plc/Applications;s=StepUp":{"Value":{"Type":7,"Body":931},"SourceTimestamp":"2024-04-27T12:02:03.1438671Z"},"nsu=http://opcfoundation.org/UA/Plc/Applications;s=AlternatingBoolean":{"Value":{"Type":1,"Body":true},"SourceTimestamp":"2024-04-27T12:02:03.143877Z"},"nsu=http://opcfoundation.org/UA/Plc/Applications;s=RandomSignedInt32":{"Value":{"Type":6,"Body":609628100},"SourceTimestamp":"2024-04-27T12:02:03.1439083Z"},"nsu=http://opcfoundation.org/UA/Plc/Applications;s=RandomUnsignedInt32":{"Value":{"Type":7,"Body":320796348},"SourceTimestamp":"2024-04-27T12:02:03.1439067Z"},"nsu=http://opcfoundation.org/UA/Plc/Applications;s=DipData":{"Value":{"Type":11,"Body":58.778525229247322},"SourceTimestamp":"2024-04-27T12:02:03.1439172Z"},"nsu=http://opcfoundation.org/UA/Plc/Applications;s=FastUIntScalar1":{"Value":{"Type":7,"Body":93},"SourceTimestamp":"2024-04-27T12:02:03.0336375Z"},"nsu=http://opcfoundation.org/UA/Plc/Applications;s=FastUIntScalar2":{"Value":{"Type":7,"Body":93},"SourceTimestamp":"2024-04-27T12:02:03.0336413Z"},"nsu=http://opcfoundation.org/UA/Plc/Applications;s=FastUIntScalar3":{"Value":{"Type":7,"Body":93},"SourceTimestamp":"2024-04-27T12:02:03.0336427Z"},"nsu=http://opcfoundation.org/UA/Plc/Applications;s=FastRandomUIntScalar1":{"Value":{"Type":7,"Body":593509912},"SourceTimestamp":"2024-04-27T12:02:03.0336453Z"},"nsu=http://opcfoundation.org/UA/Plc/Applications;s=FastRandomUIntScalar2":{"Value":{"Type":7,"Body":3922703483},"SourceTimestamp":"2024-04-27T12:02:03.0336489Z"},"nsu=http://opcfoundation.org/UA/Plc/Applications;s=FastRandomUIntScalar3":{"Value":{"Type":7,"Body":3509801705},"SourceTimestamp":"2024-04-27T12:02:03.0336501Z"},"nsu=http://opcfoundation.org/UA/Plc/Applications;s=NegativeTrendData":{"Value":{"Type":11,"Body":98.799999999999997},"SourceTimestamp":"2024-04-27T12:02:03.1439173Z"},"nsu=http://opcfoundation.org/UA/Plc/Applications;s=PositiveTrendData":{"Value":{"Type":11,"Body":101.40000000000001},"SourceTimestamp":"2024-04-27T12:02:03.1439177Z"},"nsu=http://opcfoundation.org/UA/Plc/Applications;s=SlowUIntScalar1":{"Value":{"Type":7,"Body":9},"SourceTimestamp":"2024-04-27T12:02:00.0460921Z"},"nsu=http://opcfoundation.org/UA/Plc/Applications;s=SlowUIntScalar2":{"Value":{"Type":7,"Body":9},"SourceTimestamp":"2024-04-27T12:02:00.0460997Z"},"nsu=http://opcfoundation.org/UA/Plc/Applications;s=SlowUIntScalar3":{"Value":{"Type":7,"Body":9},"SourceTimestamp":"2024-04-27T12:02:00.0461016Z"},"nsu=http://opcfoundation.org/UA/Plc/Applications;s=BadSlowUIntScalar1":{"Value":{"Body":null},"StatusCode":2157772800,"SourceTimestamp":"2024-04-27T12:02:00.0461131Z"},"nsu=http://opcfoundation.org/UA/Plc/Applications;s=SlowRandomUIntScalar1":{"Value":{"Type":7,"Body":2899058351},"SourceTimestamp":"2024-04-27T12:02:00.0460995Z"},"nsu=http://opcfoundation.org/UA/Plc/Applications;s=SlowRandomUIntScalar2":{"Value":{"Type":7,"Body":487150025},"SourceTimestamp":"2024-04-27T12:02:00.0461051Z"},"nsu=http://opcfoundation.org/UA/Plc/Applications;s=SlowRandomUIntScalar3":{"Value":{"Type":7,"Body":460630157},"SourceTimestamp":"2024-04-27T12:02:00.0461066Z"},"nsu=http://opcfoundation.org/UA/Plc/Applications;s=BadSlowRandomUIntScalar1":{"Value":{"Body":null},"StatusCode":2157772800,"SourceTimestamp":"2024-04-27T12:02:00.046108Z"},"nsu=http://opcfoundation.org/UA/Plc/Applications;s=SpikeData":{"Value":{"Type":11,"Body":58.778525229247322},"SourceTimestamp":"2024-04-27T12:02:03.1439233Z"},"ns=23;i=1259":{"Value":{"Type":11,"Body":-1.1000000000000001},"SourceTimestamp":"2024-04-27T12:00:31.1999771Z"}}}]}