{"MessageId":"9ea7c2d5-eb5b-4c9e-8f2b-818aab3d5dbb","MessageType":"ua-data","PublisherId":"DESKTOP-BGFJS91","DataSetWriterGroup":"<<UnknownWriterGroup>>","Messages":[{"MetaDataVersion":{"MajorVersion":1},"MessageType":"ua-deltaframe","DataSetWriterName":"<<UnknownDataSet>>","Payload":{"DoubleValues":{"Value":{"Type":11,"Body":-30},"SourceTimestamp":"2024-04-27T12:06:50.658578Z"},"Int64Values":{"Value":{"Type":8,"Body":"5"},"SourceTimestamp":"2024-04-27T12:06:50.6586Z"}}},{"MetaDataVersion":{"MajorVersion":1},"MessageType":"ua-deltaframe","DataSetWriterName":"<<UnknownDataSet>>","Payload":{"DoubleValues":{"Value":{"Type":11,"Body":-5},"SourceTimestamp":"2024-04-27T12:06:51.6633123Z"},"Int64Values":{"Value":{"Type":8,"Body":"21"},"SourceTimestamp":"2024-04-27T12:06:51.663321Z"}}}]}