{"MessageId":"68e37c71-e8cc-4def-9174-27f1c84df836","MessageType":"ua-data","PublisherId":"DESKTOP-BGFJS91","DataSetWriterGroup":"<<UnknownWriterGroup>>","Messages":[{"MetaDataVersion":{"MajorVersion":1},"MessageType":"ua-deltaframe","DataSetWriterName":"<<UnknownDataSet>>","Payload":{"DoubleValues":{"Value":{"Type":11,"Body":8},"SourceTimestamp":"2024-04-27T12:07:24.6560914Z"},"Int64Values":{"Value":{"Type":8,"Body":"74"},"SourceTimestamp":"2024-04-27T12:07:24.656099Z"}}},{"MetaDataVersion":{"MajorVersion":1},"MessageType":"ua-deltaframe","DataSetWriterName":"<<UnknownDataSet>>","Payload":{"DoubleValues":{"Value":{"Type":11,"Body":30},"SourceTimestamp":"2024-04-27T12:07:25.6654883Z"},"Int64Values":{"Value":{"Type":8,"Body":"-48"},"SourceTimestamp":"2024-04-27T12:07:25.6655003Z"}}}]}