{"MessageId":"5298efcd-e453-408c-b87e-bfb6ac8d5900","MessageType":"ua-data","PublisherId":"DESKTOP-BGFJS91","DataSetWriterGroup":"<<UnknownWriterGroup>>","Messages":[{"MetaDataVersion":{"MajorVersion":1},"MessageType":"ua-deltaframe","DataSetWriterName":"<<UnknownDataSet>>","Payload":{"DoubleValues":{"Value":{"Type":11,"Body":49},"SourceTimestamp":"2024-04-27T12:07:37.6606537Z"},"Int64Values":{"Value":{"Type":8,"Body":"-100"},"SourceTimestamp":"2024-04-27T12:07:37.6606882Z"}}},{"MetaDataVersion":{"MajorVersion":1},"MessageType":"ua-deltaframe","DataSetWriterName":"<<UnknownDataSet>>","Payload":{"DoubleValues":{"Value":{"Type":11,"Body":40},"SourceTimestamp":"2024-04-27T12:07:38.6644152Z"},"Int64Values":{"Value":{"Type":8,"Body":"51"},"SourceTimestamp":"2024-04-27T12:07:38.6644288Z"}}}]}