{"MessageId":"8d2c4287-5f00-4bbb-8158-d070041f62eb","MessageType":"ua-data","PublisherId":"DESKTOP-BGFJS91","DataSetWriterGroup":"<<UnknownWriterGroup>>","Messages":[{"MetaDataVersion":{"MajorVersion":1},"MessageType":"ua-deltaframe","DataSetWriterName":"<<UnknownDataSet>>","Payload":{"DoubleValues":{"Value":{"Type":11,"Body":-16},"SourceTimestamp":"2024-04-27T12:07:51.6692106Z"},"Int64Values":{"Value":{"Type":8,"Body":"57"},"SourceTimestamp":"2024-04-27T12:07:51.669219Z"}}},{"MetaDataVersion":{"MajorVersion":1},"MessageType":"ua-deltaframe","DataSetWriterName":"<<UnknownDataSet>>","Payload":{"DoubleValues":{"Value":{"Type":11,"Body":-74},"SourceTimestamp":"2024-04-27T12:07:52.6597312Z"}}}]}