{"MessageId":"6204f91e-7143-4c6d-aa61-16c46577430a","MessageType":"ua-data","PublisherId":"DESKTOP-BGFJS91","DataSetWriterGroup":"<<UnknownWriterGroup>>","Messages":[{"MetaDataVersion":{"MajorVersion":1},"MessageType":"ua-deltaframe","DataSetWriterName":"<<UnknownDataSet>>","Payload":{"DoubleValues":{"Value":{"Type":11,"Body":-100},"SourceTimestamp":"2024-04-27T12:08:08.6543001Z"},"Int64Values":{"Value":{"Type":8,"Body":"-13"},"SourceTimestamp":"2024-04-27T12:08:08.6543141Z"}}},{"MetaDataVersion":{"MajorVersion":1},"MessageType":"ua-deltaframe","DataSetWriterName":"<<UnknownDataSet>>","Payload":{"DoubleValues":{"Value":{"Type":11,"Body":18},"SourceTimestamp":"2024-04-27T12:08:09.6606582Z"},"Int64Values":{"Value":{"Type":8,"Body":"80"},"SourceTimestamp":"2024-04-27T12:08:09.660676Z"}}}]}