[{"SequenceNumber":35,"MetaDataVersion":{"MajorVersion":1},"Timestamp":"2024-04-27T15:04:05.4410829Z","MessageType":"ua-deltaframe","DataSetWriterName":"MES","Payload":{"nsu=http://opcfoundation.org/UA/Plc/Applications;s=StepUp":{"Value":392,"SourceTimestamp":"2024-04-27T15:04:05.3771921Z","ServerTimestamp":"2024-04-27T15:04:05.3771964Z"},"nsu=http://opcfoundation.org/UA/Plc/Applications;s=RandomSignedInt32":{"Value":-1599073249,"SourceTimestamp":"2024-04-27T15:04:05.3772267Z","ServerTimestamp":"2024-04-27T15:04:05.3772294Z"},"nsu=http://opcfoundation.org/UA/Plc/Applications;s=RandomUnsignedInt32":{"Value":1089167480,"SourceTimestamp":"2024-04-27T15:04:05.3772291Z","ServerTimestamp":"2024-04-27T15:04:05.3772383Z"},"nsu=http://opcfoundation.org/UA/Plc/Applications;s=DipData":{"Value":90.482705246601952,"SourceTimestamp":"2024-04-27T15:04:05.3772395Z","ServerTimestamp":"2024-04-27T15:04:05.3772427Z"},"nsu=http://opcfoundation.org/UA/Plc/Applications;s=FastUIntScalar1":{"Value":39,"SourceTimestamp":"2024-04-27T15:04:05.1770587Z","ServerTimestamp":"2024-04-27T15:04:05.1770608Z"}}}]