[{"SequenceNumber":39,"MetaDataVersion":{"MajorVersion":1},"Timestamp":"2024-04-27T15:04:09.4610173Z","MessageType":"ua-deltaframe","DataSetWriterName":"MES","Payload":{"nsu=http://opcfoundation.org/UA/Plc/Applications;s=StepUp":{"Value":432,"SourceTimestamp":"2024-04-27T15:04:09.3825253Z","ServerTimestamp":"2024-04-27T15:04:09.3825301Z"},"nsu=http://opcfoundation.org/UA/Plc/Applications;s=RandomSignedInt32":{"Value":2077345093,"SourceTimestamp":"2024-04-27T15:04:09.3825879Z","ServerTimestamp":"2024-04-27T15:04:09.3825899Z"},"nsu=http://opcfoundation.org/UA/Plc/Applications;s=RandomUnsignedInt32":{"Value":1968660801,"SourceTimestamp":"2024-04-27T15:04:09.3825701Z","ServerTimestamp":"2024-04-27T15:04:09.3825806Z"},"nsu=http://opcfoundation.org/UA/Plc/Applications;s=DipData":{"Value":68.45471059286885,"SourceTimestamp":"2024-04-27T15:04:09.3825943Z","ServerTimestamp":"2024-04-27T15:04:09.382601Z"},"nsu=http://opcfoundation.org/UA/Plc/Applications;s=FastUIntScalar1":{"Value":43,"SourceTimestamp":"2024-04-27T15:04:09.1809679Z","ServerTimestamp":"2024-04-27T15:04:09.18097Z"}}}]