[{"DataSetWriterId":1,"SequenceNumber":40,"MetaDataVersion":{"MajorVersion":1},"Timestamp":"2024-04-27T15:04:09.5233071Z","MessageType":"ua-deltaframe","DataSetWriterName":"Test","Payload":{"nsu=http://opcfoundation.org/UA/Plc/Applications;s=FastUIntScalar2":{"Value":43,"SourceTimestamp":"2024-04-27T15:04:09.1809894Z","ServerTimestamp":"2024-04-27T15:04:09.180996Z"},"nsu=http://opcfoundation.org/UA/Plc/Applications;s=FastUIntScalar3":{"Value":43,"SourceTimestamp":"2024-04-27T15:04:09.1809974Z","ServerTimestamp":"2024-04-27T15:04:09.1809989Z"},"nsu=http://opcfoundation.org/UA/Plc/Applications;s=FastRandomUIntScalar1":{"Value":2059788009,"SourceTimestamp":"2024-04-27T15:04:09.1809773Z","ServerTimestamp":"2024-04-27T15:04:09.1809899Z"},"nsu=http://opcfoundation.org/UA/Plc/Applications;s=FastRandomUIntScalar2":{"Value":4197597968,"SourceTimestamp":"2024-04-27T15:04:09.1809959Z","ServerTimestamp":"2024-04-27T15:04:09.1809972Z"},"nsu=http://opcfoundation.org/UA/Plc/Applications;s=FastRandomUIntScalar3":{"Value":4136688425,"SourceTimestamp":"2024-04-27T15:04:09.1809988Z","ServerTimestamp":"2024-04-27T15:04:09.181Z"}}}]