[{"SequenceNumber":40,"MetaDataVersion":{"MajorVersion":1},"Timestamp":"2024-04-27T15:04:10.4503034Z","MessageType":"ua-deltaframe","DataSetWriterName":"MES","Payload":{"nsu=http://opcfoundation.org/UA/Plc/Applications;s=StepUp":{"Value":442,"SourceTimestamp":"2024-04-27T15:04:10.3722012Z","ServerTimestamp":"2024-04-27T15:04:10.3722037Z"},"nsu=http://opcfoundation.org/UA/Plc/Applications;s=RandomSignedInt32":{"Value":-1154271410,"SourceTimestamp":"2024-04-27T15:04:10.3722022Z","ServerTimestamp":"2024-04-27T15:04:10.3722295Z"},"nsu=http://opcfoundation.org/UA/Plc/Applications;s=RandomUnsignedInt32":{"Value":692725143,"SourceTimestamp":"2024-04-27T15:04:10.3722108Z","ServerTimestamp":"2024-04-27T15:04:10.3722139Z"},"nsu=http://opcfoundation.org/UA/Plc/Applications;s=DipData":{"Value":90.482705246601952,"SourceTimestamp":"2024-04-27T15:04:10.3722217Z","ServerTimestamp":"2024-04-27T15:04:10.3722223Z"},"nsu=http://opcfoundation.org/UA/Plc/Applications;s=FastUIntScalar1":{"Value":44,"SourceTimestamp":"2024-04-27T15:04:10.1716837Z","ServerTimestamp":"2024-04-27T15:04:10.1716867Z"}}}]