[{"DataSetWriterId":1,"SequenceNumber":42,"MetaDataVersion":{"MajorVersion":1},"Timestamp":"2024-04-27T15:04:11.5040531Z","MessageType":"ua-deltaframe","DataSetWriterName":"Test","Payload":{"nsu=http://opcfoundation.org/UA/Plc/Applications;s=FastUIntScalar2":{"Value":45,"SourceTimestamp":"2024-04-27T15:04:11.1781655Z","ServerTimestamp":"2024-04-27T15:04:11.1781662Z"},"nsu=http://opcfoundation.org/UA/Plc/Applications;s=FastUIntScalar3":{"Value":45,"SourceTimestamp":"2024-04-27T15:04:11.1781676Z","ServerTimestamp":"2024-04-27T15:04:11.1781681Z"},"nsu=http://opcfoundation.org/UA/Plc/Applications;s=FastRandomUIntScalar1":{"Value":3953155943,"SourceTimestamp":"2024-04-27T15:04:11.1781394Z","ServerTimestamp":"2024-04-27T15:04:11.1781414Z"},"nsu=http://opcfoundation.org/UA/Plc/Applications;s=FastRandomUIntScalar2":{"Value":3045057361,"SourceTimestamp":"2024-04-27T15:04:11.1781494Z","ServerTimestamp":"2024-04-27T15:04:11.1781738Z"},"nsu=http://opcfoundation.org/UA/Plc/Applications;s=FastRandomUIntScalar3":{"Value":527055475,"SourceTimestamp":"2024-04-27T15:04:11.1781771Z","ServerTimestamp":"2024-04-27T15:04:11.178178Z"}}}]