[{"SequenceNumber":42,"MetaDataVersion":{"MajorVersion":1},"Timestamp":"2024-04-27T15:04:12.4332382Z","MessageType":"ua-deltaframe","DataSetWriterName":"MES","Payload":{"nsu=http://opcfoundation.org/UA/Plc/Applications;s=StepUp":{"Value":462,"SourceTimestamp":"2024-04-27T15:04:12.371307Z","ServerTimestamp":"2024-04-27T15:04:12.3713114Z"},"nsu=http://opcfoundation.org/UA/Plc/Applications;s=RandomSignedInt32":{"Value":1868507164,"SourceTimestamp":"2024-04-27T15:04:12.3713337Z","ServerTimestamp":"2024-04-27T15:04:12.3713421Z"},"nsu=http://opcfoundation.org/UA/Plc/Applications;s=RandomUnsignedInt32":{"Value":1649310646,"SourceTimestamp":"2024-04-27T15:04:12.3713471Z","ServerTimestamp":"2024-04-27T15:04:12.3713505Z"},"nsu=http://opcfoundation.org/UA/Plc/Applications;s=DipData":{"Value":-98.228725072868855,"SourceTimestamp":"2024-04-27T15:04:12.3713584Z","ServerTimestamp":"2024-04-27T15:04:12.3713598Z"},"nsu=http://opcfoundation.org/UA/Plc/Applications;s=FastUIntScalar1":{"Value":46,"SourceTimestamp":"2024-04-27T15:04:12.1708792Z","ServerTimestamp":"2024-04-27T15:04:12.1708818Z"}}}]