[{"SequenceNumber":43,"MetaDataVersion":{"MajorVersion":1},"Timestamp":"2024-04-27T15:04:14.4200633Z","MessageType":"ua-deltaframe","DataSetWriterName":"MES","Payload":{"nsu=http://opcfoundation.org/UA/Plc/Applications;s=StepUp":{"Value":482,"SourceTimestamp":"2024-04-27T15:04:14.3740171Z","ServerTimestamp":"2024-04-27T15:04:14.3740483Z"},"nsu=http://opcfoundation.org/UA/Plc/Applications;s=RandomSignedInt32":{"Value":1265679715,"SourceTimestamp":"2024-04-27T15:04:14.374022Z","ServerTimestamp":"2024-04-27T15:04:14.3740294Z"},"nsu=http://opcfoundation.org/UA/Plc/Applications;s=RandomUnsignedInt32":{"Value":66850315,"SourceTimestamp":"2024-04-27T15:04:14.3740367Z","ServerTimestamp":"2024-04-27T15:04:14.374038Z"},"nsu=http://opcfoundation.org/UA/Plc/Applications;s=DipData":{"Value":68.45471059286885,"SourceTimestamp":"2024-04-27T15:04:14.3740375Z","ServerTimestamp":"2024-04-27T15:04:14.3740426Z"},"nsu=http://opcfoundation.org/UA/Plc/Applications;s=FastUIntScalar1":{"Value":48,"SourceTimestamp":"2024-04-27T15:04:14.1708493Z","ServerTimestamp":"2024-04-27T15:04:14.1708515Z"}}}]