[{"DataSetWriterId":1,"SequenceNumber":45,"MetaDataVersion":{"MajorVersion":1},"Timestamp":"2024-04-27T15:04:14.5437908Z","MessageType":"ua-deltaframe","DataSetWriterName":"Test","Payload":{"nsu=http://opcfoundation.org/UA/Plc/Applications;s=FastUIntScalar2":{"Value":48,"SourceTimestamp":"2024-04-27T15:04:14.1708607Z","ServerTimestamp":"2024-04-27T15:04:14.1708663Z"},"nsu=http://opcfoundation.org/UA/Plc/Applications;s=FastUIntScalar3":{"Value":48,"SourceTimestamp":"2024-04-27T15:04:14.1708679Z","ServerTimestamp":"2024-04-27T15:04:14.1708689Z"},"nsu=http://opcfoundation.org/UA/Plc/Applications;s=FastRandomUIntScalar1":{"Value":1101481132,"SourceTimestamp":"2024-04-27T15:04:14.1708523Z","ServerTimestamp":"2024-04-27T15:04:14.1708606Z"},"nsu=http://opcfoundation.org/UA/Plc/Applications;s=FastRandomUIntScalar2":{"Value":1793808372,"SourceTimestamp":"2024-04-27T15:04:14.1708665Z","ServerTimestamp":"2024-04-27T15:04:14.1708677Z"},"nsu=http://opcfoundation.org/UA/Plc/Applications;s=FastRandomUIntScalar3":{"Value":3326692571,"SourceTimestamp":"2024-04-27T15:04:14.170869Z","ServerTimestamp":"2024-04-27T15:04:14.1708702Z"}}}]