[{"DataSetWriterId":1,"SequenceNumber":46,"MetaDataVersion":{"MajorVersion":1},"Timestamp":"2024-04-27T15:04:15.5299644Z","MessageType":"ua-deltaframe","DataSetWriterName":"Test","Payload":{"nsu=http://opcfoundation.org/UA/Plc/Applications;s=FastUIntScalar2":{"Value":49,"SourceTimestamp":"2024-04-27T15:04:15.1745474Z","ServerTimestamp":"2024-04-27T15:04:15.1745486Z"},"nsu=http://opcfoundation.org/UA/Plc/Applications;s=FastUIntScalar3":{"Value":49,"SourceTimestamp":"2024-04-27T15:04:15.1745512Z","ServerTimestamp":"2024-04-27T15:04:15.174552Z"},"nsu=http://opcfoundation.org/UA/Plc/Applications;s=FastRandomUIntScalar1":{"Value":2415571478,"SourceTimestamp":"2024-04-27T15:04:15.1745164Z","ServerTimestamp":"2024-04-27T15:04:15.1745196Z"},"nsu=http://opcfoundation.org/UA/Plc/Applications;s=FastRandomUIntScalar2":{"Value":3788771578,"SourceTimestamp":"2024-04-27T15:04:15.1745338Z","ServerTimestamp":"2024-04-27T15:04:15.1745747Z"},"nsu=http://opcfoundation.org/UA/Plc/Applications;s=FastRandomUIntScalar3":{"Value":1331289995,"SourceTimestamp":"2024-04-27T15:04:15.1745778Z","ServerTimestamp":"2024-04-27T15:04:15.1745815Z"}}}]