[{"SequenceNumber":45,"MetaDataVersion":{"MajorVersion":1},"Timestamp":"2024-04-27T15:04:16.4604733Z","MessageType":"ua-deltaframe","DataSetWriterName":"MES","Payload":{"nsu=http://opcfoundation.org/UA/Plc/Applications;s=StepUp":{"Value":502,"SourceTimestamp":"2024-04-27T15:04:16.3825731Z","ServerTimestamp":"2024-04-27T15:04:16.3825768Z"},"nsu=http://opcfoundation.org/UA/Plc/Applications;s=AlternatingBoolean":{"Value":true,"SourceTimestamp":"2024-04-27T15:04:16.2735126Z","ServerTimestamp":"2024-04-27T15:04:16.273516Z"},"nsu=http://opcfoundation.org/UA/Plc/Applications;s=RandomSignedInt32":{"Value":1030599472,"SourceTimestamp":"2024-04-27T15:04:16.3826108Z","ServerTimestamp":"2024-04-27T15:04:16.3826132Z"},"nsu=http://opcfoundation.org/UA/Plc/Applications;s=RandomUnsignedInt32":{"Value":520715045,"SourceTimestamp":"2024-04-27T15:04:16.3826084Z","ServerTimestamp":"2024-04-27T15:04:16.3826097Z"},"nsu=http://opcfoundation.org/UA/Plc/Applications;s=DipData":{"Value":-12.533323356430378,"SourceTimestamp":"2024-04-27T15:04:16.3826374Z","ServerTimestamp":"2024-04-27T15:04:16.3826513Z"},"nsu=http://opcfoundation.org/UA/Plc/Applications;s=FastUIntScalar1":{"Value":50,"SourceTimestamp":"2024-04-27T15:04:16.1802684Z","ServerTimestamp":"2024-04-27T15:04:16.1802709Z"}}}]