[{"SequenceNumber":47,"MetaDataVersion":{"MajorVersion":1},"Timestamp":"2024-04-27T15:04:19.4720696Z","MessageType":"ua-deltaframe","DataSetWriterName":"MES","Payload":{"nsu=http://opcfoundation.org/UA/Plc/Applications;s=StepUp":{"Value":533,"SourceTimestamp":"2024-04-27T15:04:19.4713818Z","ServerTimestamp":"2024-04-27T15:04:19.4713859Z"},"nsu=http://opcfoundation.org/UA/Plc/Applications;s=RandomSignedInt32":{"Value":-651446537,"SourceTimestamp":"2024-04-27T15:04:19.4714065Z","ServerTimestamp":"2024-04-27T15:04:19.4714183Z"},"nsu=http://opcfoundation.org/UA/Plc/Applications;s=RandomUnsignedInt32":{"Value":748018556,"SourceTimestamp":"2024-04-27T15:04:19.4714051Z","ServerTimestamp":"2024-04-27T15:04:19.4714153Z"},"nsu=http://opcfoundation.org/UA/Plc/Applications;s=DipData":{"Value":68.45471059286885,"SourceTimestamp":"2024-04-27T15:04:19.3796787Z","ServerTimestamp":"2024-04-27T15:04:19.3796989Z"},"nsu=http://opcfoundation.org/UA/Plc/Applications;s=FastUIntScalar1":{"Value":53,"SourceTimestamp":"2024-04-27T15:04:19.1770064Z","ServerTimestamp":"2024-04-27T15:04:19.1770086Z"}}}]