[{"DataSetWriterId":1,"SequenceNumber":51,"MetaDataVersion":{"MajorVersion":1},"Timestamp":"2024-04-27T15:04:20.5201026Z","MessageType":"ua-deltaframe","DataSetWriterName":"Test","Payload":{"nsu=http://opcfoundation.org/UA/Plc/Applications;s=FastUIntScalar2":{"Value":54,"SourceTimestamp":"2024-04-27T15:04:20.1815818Z","ServerTimestamp":"2024-04-27T15:04:20.1815832Z"},"nsu=http://opcfoundation.org/UA/Plc/Applications;s=FastUIntScalar3":{"Value":54,"SourceTimestamp":"2024-04-27T15:04:20.1815848Z","ServerTimestamp":"2024-04-27T15:04:20.1815861Z"},"nsu=http://opcfoundation.org/UA/Plc/Applications;s=FastRandomUIntScalar1":{"Value":2982994853,"SourceTimestamp":"2024-04-27T15:04:20.1815532Z","ServerTimestamp":"2024-04-27T15:04:20.1815641Z"},"nsu=http://opcfoundation.org/UA/Plc/Applications;s=FastRandomUIntScalar2":{"Value":752456270,"SourceTimestamp":"2024-04-27T15:04:20.1815747Z","ServerTimestamp":"2024-04-27T15:04:20.1815815Z"},"nsu=http://opcfoundation.org/UA/Plc/Applications;s=FastRandomUIntScalar3":{"Value":4152378866,"SourceTimestamp":"2024-04-27T15:04:20.1815831Z","ServerTimestamp":"2024-04-27T15:04:20.1815849Z"}}}]