[{"SequenceNumber":50,"MetaDataVersion":{"MajorVersion":1},"Timestamp":"2024-04-27T15:04:22.4354903Z","MessageType":"ua-deltaframe","DataSetWriterName":"MES","Payload":{"nsu=http://opcfoundation.org/UA/Plc/Applications;s=StepUp":{"Value":562,"SourceTimestamp":"2024-04-27T15:04:22.372119Z","ServerTimestamp":"2024-04-27T15:04:22.3721416Z"},"nsu=http://opcfoundation.org/UA/Plc/Applications;s=RandomSignedInt32":{"Value":798468104,"SourceTimestamp":"2024-04-27T15:04:22.3721322Z","ServerTimestamp":"2024-04-27T15:04:22.3721339Z"},"nsu=http://opcfoundation.org/UA/Plc/Applications;s=RandomUnsignedInt32":{"Value":1155348394,"SourceTimestamp":"2024-04-27T15:04:22.3721464Z","ServerTimestamp":"2024-04-27T15:04:22.372148Z"},"nsu=http://opcfoundation.org/UA/Plc/Applications;s=DipData":{"Value":-98.228725072868855,"SourceTimestamp":"2024-04-27T15:04:22.3721485Z","ServerTimestamp":"2024-04-27T15:04:22.372154Z"},"nsu=http://opcfoundation.org/UA/Plc/Applications;s=FastUIntScalar1":{"Value":56,"SourceTimestamp":"2024-04-27T15:04:22.1702519Z","ServerTimestamp":"2024-04-27T15:04:22.170257Z"}}}]