[{"DataSetWriterId":1,"SequenceNumber":53,"MetaDataVersion":{"MajorVersion":1},"Timestamp":"2024-04-27T15:04:22.4984038Z","MessageType":"ua-deltaframe","DataSetWriterName":"Test","Payload":{"nsu=http://opcfoundation.org/UA/Plc/Applications;s=FastUIntScalar2":{"Value":56,"SourceTimestamp":"2024-04-27T15:04:22.1702643Z","ServerTimestamp":"2024-04-27T15:04:22.1702666Z"},"nsu=http://opcfoundation.org/UA/Plc/Applications;s=FastUIntScalar3":{"Value":56,"SourceTimestamp":"2024-04-27T15:04:22.1702685Z","ServerTimestamp":"2024-04-27T15:04:22.1702691Z"},"nsu=http://opcfoundation.org/UA/Plc/Applications;s=FastRandomUIntScalar1":{"Value":3418842022,"SourceTimestamp":"2024-04-27T15:04:22.1702437Z","ServerTimestamp":"2024-04-27T15:04:22.1702461Z"},"nsu=http://opcfoundation.org/UA/Plc/Applications;s=FastRandomUIntScalar2":{"Value":1776172175,"SourceTimestamp":"2024-04-27T15:04:22.1702643Z","ServerTimestamp":"2024-04-27T15:04:22.1702648Z"},"nsu=http://opcfoundation.org/UA/Plc/Applications;s=FastRandomUIntScalar3":{"Value":2310701139,"SourceTimestamp":"2024-04-27T15:04:22.1702665Z","ServerTimestamp":"2024-04-27T15:04:22.1702683Z"}}}]