[{"SequenceNumber":52,"MetaDataVersion":{"MajorVersion":1},"Timestamp":"2024-04-27T15:04:25.4165989Z","MessageType":"ua-deltaframe","DataSetWriterName":"MES","Payload":{"nsu=http://opcfoundation.org/UA/Plc/Applications;s=StepUp":{"Value":592,"SourceTimestamp":"2024-04-27T15:04:25.3700297Z","ServerTimestamp":"2024-04-27T15:04:25.3700324Z"},"nsu=http://opcfoundation.org/UA/Plc/Applications;s=RandomSignedInt32":{"Value":-442844144,"SourceTimestamp":"2024-04-27T15:04:25.3700432Z","ServerTimestamp":"2024-04-27T15:04:25.3700505Z"},"nsu=http://opcfoundation.org/UA/Plc/Applications;s=RandomUnsignedInt32":{"Value":712382739,"SourceTimestamp":"2024-04-27T15:04:25.3700532Z","ServerTimestamp":"2024-04-27T15:04:25.3700557Z"},"nsu=http://opcfoundation.org/UA/Plc/Applications;s=DipData":{"Value":90.482705246601952,"SourceTimestamp":"2024-04-27T15:04:25.3700576Z","ServerTimestamp":"2024-04-27T15:04:25.3700588Z"},"nsu=http://opcfoundation.org/UA/Plc/Applications;s=FastUIntScalar1":{"Value":59,"SourceTimestamp":"2024-04-27T15:04:25.1824075Z","ServerTimestamp":"2024-04-27T15:04:25.1824109Z"}}}]