[{"SequenceNumber":53,"MetaDataVersion":{"MajorVersion":1},"Timestamp":"2024-04-27T15:04:26.4700963Z","MessageType":"ua-deltaframe","DataSetWriterName":"MES","Payload":{"nsu=http://opcfoundation.org/UA/Plc/Applications;s=StepUp":{"Value":603,"SourceTimestamp":"2024-04-27T15:04:26.4697007Z","ServerTimestamp":"2024-04-27T15:04:26.4697039Z"},"nsu=http://opcfoundation.org/UA/Plc/Applications;s=AlternatingBoolean":{"Value":true,"SourceTimestamp":"2024-04-27T15:04:26.2705727Z","ServerTimestamp":"2024-04-27T15:04:26.2705867Z"},"nsu=http://opcfoundation.org/UA/Plc/Applications;s=RandomSignedInt32":{"Value":1691933316,"SourceTimestamp":"2024-04-27T15:04:26.46973Z","ServerTimestamp":"2024-04-27T15:04:26.469731Z"},"nsu=http://opcfoundation.org/UA/Plc/Applications;s=RandomUnsignedInt32":{"Value":1112525870,"SourceTimestamp":"2024-04-27T15:04:26.3771668Z","ServerTimestamp":"2024-04-27T15:04:26.3771736Z"},"nsu=http://opcfoundation.org/UA/Plc/Applications;s=DipData":{"Value":-12.533323356430378,"SourceTimestamp":"2024-04-27T15:04:26.3771934Z","ServerTimestamp":"2024-04-27T15:04:26.3772018Z"},"nsu=http://opcfoundation.org/UA/Plc/Applications;s=FastUIntScalar1":{"Value":60,"SourceTimestamp":"2024-04-27T15:04:26.177615Z","ServerTimestamp":"2024-04-27T15:04:26.1776208Z"}}}]