[{"DataSetWriterId":2,"SequenceNumber":9,"MetaDataVersion":{"MajorVersion":1},"Timestamp":"2024-04-27T15:04:26.5314688Z","MessageType":"ua-deltaframe","DataSetWriterName":"Assembly","Payload":{"nsu=http://opcfoundation.org/UA/Plc/Applications;s=NegativeTrendData":{"Value":99.200000000000003,"SourceTimestamp":"2024-04-27T15:04:26.270602Z","ServerTimestamp":"2024-04-27T15:04:26.2706036Z"},"nsu=http://opcfoundation.org/UA/Plc/Applications;s=PositiveTrendData":{"Value":100.5,"SourceTimestamp":"2024-04-27T15:04:26.2706044Z","ServerTimestamp":"2024-04-27T15:04:26.2706173Z"}}}]