[{"DataSetWriterId":1,"SequenceNumber":57,"MetaDataVersion":{"MajorVersion":1},"Timestamp":"2024-04-27T15:04:26.5313797Z","MessageType":"ua-deltaframe","DataSetWriterName":"Test","Payload":{"nsu=http://opcfoundation.org/UA/Plc/Applications;s=FastUIntScalar2":{"Value":60,"SourceTimestamp":"2024-04-27T15:04:26.1776326Z","ServerTimestamp":"2024-04-27T15:04:26.1776451Z"},"nsu=http://opcfoundation.org/UA/Plc/Applications;s=FastUIntScalar3":{"Value":60,"SourceTimestamp":"2024-04-27T15:04:26.1776477Z","ServerTimestamp":"2024-04-27T15:04:26.1776684Z"},"nsu=http://opcfoundation.org/UA/Plc/Applications;s=FastRandomUIntScalar1":{"Value":1122637715,"SourceTimestamp":"2024-04-27T15:04:26.1776141Z","ServerTimestamp":"2024-04-27T15:04:26.1776384Z"},"nsu=http://opcfoundation.org/UA/Plc/Applications;s=FastRandomUIntScalar2":{"Value":3388868463,"SourceTimestamp":"2024-04-27T15:04:26.1776414Z","ServerTimestamp":"2024-04-27T15:04:26.1776429Z"},"nsu=http://opcfoundation.org/UA/Plc/Applications;s=FastRandomUIntScalar3":{"Value":3152024857,"SourceTimestamp":"2024-04-27T15:04:26.1776448Z","ServerTimestamp":"2024-04-27T15:04:26.1776478Z"}}}]