[{"DataSetWriterId":4,"SequenceNumber":6,"MetaDataVersion":{"MajorVersion":1},"Timestamp":"2024-04-27T15:04:27.646057Z","MessageType":"ua-deltaframe","DataSetWriterName":"Packaging","Payload":{"nsu=http://opcfoundation.org/UA/Plc/Applications;s=SlowRandomUIntScalar1":{"Value":3412121402,"SourceTimestamp":"2024-04-27T15:04:26.1776053Z","ServerTimestamp":"2024-04-27T15:04:26.1776073Z"},"nsu=http://opcfoundation.org/UA/Plc/Applications;s=SlowRandomUIntScalar2":{"Value":1399675790,"SourceTimestamp":"2024-04-27T15:04:26.1776132Z","ServerTimestamp":"2024-04-27T15:04:26.1776147Z"},"nsu=http://opcfoundation.org/UA/Plc/Applications;s=SlowRandomUIntScalar3":{"Value":947385172,"SourceTimestamp":"2024-04-27T15:04:26.1776166Z","ServerTimestamp":"2024-04-27T15:04:26.1776174Z"},"nsu=http://opcfoundation.org/UA/Plc/Applications;s=BadSlowRandomUIntScalar1":{"Value":248216034,"SourceTimestamp":"2024-04-27T15:04:26.17762Z","ServerTimestamp":"2024-04-27T15:04:26.1776408Z"}}}]