[{"SequenceNumber":55,"MetaDataVersion":{"MajorVersion":1},"Timestamp":"2024-04-27T15:04:28.4560491Z","MessageType":"ua-deltaframe","DataSetWriterName":"MES","Payload":{"nsu=http://opcfoundation.org/UA/Plc/Applications;s=StepUp":{"Value":622,"SourceTimestamp":"2024-04-27T15:04:28.3768417Z","ServerTimestamp":"2024-04-27T15:04:28.3768614Z"},"nsu=http://opcfoundation.org/UA/Plc/Applications;s=RandomSignedInt32":{"Value":-260782351,"SourceTimestamp":"2024-04-27T15:04:28.3768418Z","ServerTimestamp":"2024-04-27T15:04:28.3768464Z"},"nsu=http://opcfoundation.org/UA/Plc/Applications;s=RandomUnsignedInt32":{"Value":754855072,"SourceTimestamp":"2024-04-27T15:04:28.3768645Z","ServerTimestamp":"2024-04-27T15:04:28.3768862Z"},"nsu=http://opcfoundation.org/UA/Plc/Applications;s=DipData":{"Value":-48.175367410171539,"SourceTimestamp":"2024-04-27T15:04:28.376892Z","ServerTimestamp":"2024-04-27T15:04:28.3768933Z"},"nsu=http://opcfoundation.org/UA/Plc/Applications;s=FastUIntScalar1":{"Value":62,"SourceTimestamp":"2024-04-27T15:04:28.1746916Z","ServerTimestamp":"2024-04-27T15:04:28.1746956Z"}}}]