[{"SequenceNumber":56,"MetaDataVersion":{"MajorVersion":1},"Timestamp":"2024-04-27T15:04:29.4437303Z","MessageType":"ua-deltaframe","DataSetWriterName":"MES","Payload":{"nsu=http://opcfoundation.org/UA/Plc/Applications;s=StepUp":{"Value":632,"SourceTimestamp":"2024-04-27T15:04:29.3817771Z","ServerTimestamp":"2024-04-27T15:04:29.3817797Z"},"nsu=http://opcfoundation.org/UA/Plc/Applications;s=RandomSignedInt32":{"Value":-1375220863,"SourceTimestamp":"2024-04-27T15:04:29.3817971Z","ServerTimestamp":"2024-04-27T15:04:29.3818063Z"},"nsu=http://opcfoundation.org/UA/Plc/Applications;s=RandomUnsignedInt32":{"Value":530808612,"SourceTimestamp":"2024-04-27T15:04:29.3817958Z","ServerTimestamp":"2024-04-27T15:04:29.3817964Z"},"nsu=http://opcfoundation.org/UA/Plc/Applications;s=DipData":{"Value":68.45471059286885,"SourceTimestamp":"2024-04-27T15:04:29.3818053Z","ServerTimestamp":"2024-04-27T15:04:29.3818113Z"},"nsu=http://opcfoundation.org/UA/Plc/Applications;s=FastUIntScalar1":{"Value":63,"SourceTimestamp":"2024-04-27T15:04:29.180398Z","ServerTimestamp":"2024-04-27T15:04:29.1804009Z"}}}]