[{"DataSetWriterId":1,"SequenceNumber":60,"MetaDataVersion":{"MajorVersion":1},"Timestamp":"2024-04-27T15:04:29.5061001Z","MessageType":"ua-deltaframe","DataSetWriterName":"Test","Payload":{"nsu=http://opcfoundation.org/UA/Plc/Applications;s=FastUIntScalar2":{"Value":63,"SourceTimestamp":"2024-04-27T15:04:29.1804124Z","ServerTimestamp":"2024-04-27T15:04:29.1804257Z"},"nsu=http://opcfoundation.org/UA/Plc/Applications;s=FastUIntScalar3":{"Value":63,"SourceTimestamp":"2024-04-27T15:04:29.1804272Z","ServerTimestamp":"2024-04-27T15:04:29.18043Z"},"nsu=http://opcfoundation.org/UA/Plc/Applications;s=FastRandomUIntScalar1":{"Value":3371790942,"SourceTimestamp":"2024-04-27T15:04:29.1804023Z","ServerTimestamp":"2024-04-27T15:04:29.1804132Z"},"nsu=http://opcfoundation.org/UA/Plc/Applications;s=FastRandomUIntScalar2":{"Value":3978465943,"SourceTimestamp":"2024-04-27T15:04:29.1804254Z","ServerTimestamp":"2024-04-27T15:04:29.1804276Z"},"nsu=http://opcfoundation.org/UA/Plc/Applications;s=FastRandomUIntScalar3":{"Value":2986068020,"SourceTimestamp":"2024-04-27T15:04:29.1804303Z","ServerTimestamp":"2024-04-27T15:04:29.1804314Z"}}}]