[{"DataSetWriterId":1,"SequenceNumber":62,"MetaDataVersion":{"MajorVersion":1},"Timestamp":"2024-04-27T15:04:32.542715Z","MessageType":"ua-deltaframe","DataSetWriterName":"Test","Payload":{"nsu=http://opcfoundation.org/UA/Plc/Applications;s=FastUIntScalar2":{"Value":66,"SourceTimestamp":"2024-04-27T15:04:32.1705966Z","ServerTimestamp":"2024-04-27T15:04:32.1706311Z"},"nsu=http://opcfoundation.org/UA/Plc/Applications;s=FastUIntScalar3":{"Value":66,"SourceTimestamp":"2024-04-27T15:04:32.1706398Z","ServerTimestamp":"2024-04-27T15:04:32.1706414Z"},"nsu=http://opcfoundation.org/UA/Plc/Applications;s=FastRandomUIntScalar1":{"Value":1312055070,"SourceTimestamp":"2024-04-27T15:04:32.170583Z","ServerTimestamp":"2024-04-27T15:04:32.170598Z"},"nsu=http://opcfoundation.org/UA/Plc/Applications;s=FastRandomUIntScalar2":{"Value":2810986877,"SourceTimestamp":"2024-04-27T15:04:32.1706102Z","ServerTimestamp":"2024-04-27T15:04:32.1706111Z"},"nsu=http://opcfoundation.org/UA/Plc/Applications;s=FastRandomUIntScalar3":{"Value":727609977,"SourceTimestamp":"2024-04-27T15:04:32.1706144Z","ServerTimestamp":"2024-04-27T15:04:32.1706152Z"}}}]