[{"SequenceNumber":2,"MetaDataVersion":{"MajorVersion":1},"Timestamp":"2024-04-27T15:03:28.4506187Z","MessageType":"ua-deltaframe","DataSetWriterName":"MES","Payload":{"nsu=http://opcfoundation.org/UA/Plc/Applications;s=StepUp":{"Value":22,"SourceTimestamp":"2024-04-27T15:03:28.3726961Z","ServerTimestamp":"2024-04-27T15:03:28.3727375Z"},"nsu=http://opcfoundation.org/UA/Plc/Applications;s=AlternatingBoolean":{"Value":true,"SourceTimestamp":"2024-04-27T15:03:27.3711261Z","ServerTimestamp":"2024-04-27T15:03:27.4298633Z"},"nsu=http://opcfoundation.org/UA/Plc/Applications;s=RandomSignedInt32":{"Value":2063386848,"SourceTimestamp":"2024-04-27T15:03:28.3726997Z","ServerTimestamp":"2024-04-27T15:03:28.3727093Z"},"nsu=http://opcfoundation.org/UA/Plc/Applications;s=RandomUnsignedInt32":{"Value":1660494091,"SourceTimestamp":"2024-04-27T15:03:28.3727116Z","ServerTimestamp":"2024-04-27T15:03:28.3727166Z"},"nsu=http://opcfoundation.org/UA/Plc/Applications;s=DipData":{"Value":-48.175367410171539,"SourceTimestamp":"2024-04-27T15:03:28.3727178Z","ServerTimestamp":"2024-04-27T15:03:28.3727537Z"},"nsu=http://opcfoundation.org/UA/Plc/Applications;s=FastUIntScalar1":{"Value":2,"SourceTimestamp":"2024-04-27T15:03:28.1708142Z","ServerTimestamp":"2024-04-27T15:03:28.1708164Z"}}}]