[{"SequenceNumber":61,"MetaDataVersion":{"MajorVersion":1},"Timestamp":"2024-04-27T15:04:34.461533Z","MessageType":"ua-deltaframe","DataSetWriterName":"MES","Payload":{"nsu=http://opcfoundation.org/UA/Plc/Applications;s=StepUp":{"Value":682,"SourceTimestamp":"2024-04-27T15:04:34.3680941Z","ServerTimestamp":"2024-04-27T15:04:34.368098Z"},"nsu=http://opcfoundation.org/UA/Plc/Applications;s=RandomSignedInt32":{"Value":432067017,"SourceTimestamp":"2024-04-27T15:04:34.3680823Z","ServerTimestamp":"2024-04-27T15:04:34.368084Z"},"nsu=http://opcfoundation.org/UA/Plc/Applications;s=RandomUnsignedInt32":{"Value":1835095169,"SourceTimestamp":"2024-04-27T15:04:34.3680736Z","ServerTimestamp":"2024-04-27T15:04:34.3680777Z"},"nsu=http://opcfoundation.org/UA/Plc/Applications;s=DipData":{"Value":68.45471059286885,"SourceTimestamp":"2024-04-27T15:04:34.3680642Z","ServerTimestamp":"2024-04-27T15:04:34.3680709Z"},"nsu=http://opcfoundation.org/UA/Plc/Applications;s=FastUIntScalar1":{"Value":68,"SourceTimestamp":"2024-04-27T15:04:34.1806372Z","ServerTimestamp":"2024-04-27T15:04:34.1806397Z"}}}]