[{"DataSetWriterId":1,"SequenceNumber":6,"MetaDataVersion":{"MajorVersion":1},"Timestamp":"2024-04-27T15:03:34.52134Z","MessageType":"ua-deltaframe","DataSetWriterName":"Test","Payload":{"nsu=http://opcfoundation.org/UA/Plc/Applications;s=FastUIntScalar2":{"Value":8,"SourceTimestamp":"2024-04-27T15:03:34.1804723Z","ServerTimestamp":"2024-04-27T15:03:34.1804737Z"},"nsu=http://opcfoundation.org/UA/Plc/Applications;s=FastUIntScalar3":{"Value":8,"SourceTimestamp":"2024-04-27T15:03:34.1804763Z","ServerTimestamp":"2024-04-27T15:03:34.1804821Z"},"nsu=http://opcfoundation.org/UA/Plc/Applications;s=FastRandomUIntScalar1":{"Value":345969458,"SourceTimestamp":"2024-04-27T15:03:34.1804724Z","ServerTimestamp":"2024-04-27T15:03:34.1804765Z"},"nsu=http://opcfoundation.org/UA/Plc/Applications;s=FastRandomUIntScalar2":{"Value":3075823096,"SourceTimestamp":"2024-04-27T15:03:34.1804814Z","ServerTimestamp":"2024-04-27T15:03:34.1804838Z"},"nsu=http://opcfoundation.org/UA/Plc/Applications;s=FastRandomUIntScalar3":{"Value":3702149604,"SourceTimestamp":"2024-04-27T15:03:34.1804864Z","ServerTimestamp":"2024-04-27T15:03:34.1804876Z"}}}]