[{"DataSetWriterId":1,"SequenceNumber":66,"MetaDataVersion":{"MajorVersion":1},"Timestamp":"2024-04-27T15:04:36.5113439Z","MessageType":"ua-deltaframe","DataSetWriterName":"Test","Payload":{"nsu=http://opcfoundation.org/UA/Plc/Applications;s=FastUIntScalar2":{"Value":70,"SourceTimestamp":"2024-04-27T15:04:36.1830582Z","ServerTimestamp":"2024-04-27T15:04:36.1830702Z"},"nsu=http://opcfoundation.org/UA/Plc/Applications;s=FastUIntScalar3":{"Value":70,"SourceTimestamp":"2024-04-27T15:04:36.183072Z","ServerTimestamp":"2024-04-27T15:04:36.1830725Z"},"nsu=http://opcfoundation.org/UA/Plc/Applications;s=FastRandomUIntScalar1":{"Value":287467725,"SourceTimestamp":"2024-04-27T15:04:36.1829913Z","ServerTimestamp":"2024-04-27T15:04:36.1829924Z"},"nsu=http://opcfoundation.org/UA/Plc/Applications;s=FastRandomUIntScalar2":{"Value":4014656351,"SourceTimestamp":"2024-04-27T15:04:36.1829953Z","ServerTimestamp":"2024-04-27T15:04:36.1829962Z"},"nsu=http://opcfoundation.org/UA/Plc/Applications;s=FastRandomUIntScalar3":{"Value":304967384,"SourceTimestamp":"2024-04-27T15:04:36.1830008Z","ServerTimestamp":"2024-04-27T15:04:36.1830015Z"}}}]