[{"DataSetWriterId":2,"SequenceNumber":11,"MetaDataVersion":{"MajorVersion":1},"Timestamp":"2024-04-27T15:04:36.5113994Z","MessageType":"ua-deltaframe","DataSetWriterName":"Assembly","Payload":{"nsu=http://opcfoundation.org/UA/Plc/Applications;s=NegativeTrendData":{"Value":99,"SourceTimestamp":"2024-04-27T15:04:36.2771043Z","ServerTimestamp":"2024-04-27T15:04:36.2771056Z"},"nsu=http://opcfoundation.org/UA/Plc/Applications;s=PositiveTrendData":{"Value":100.7,"SourceTimestamp":"2024-04-27T15:04:36.2770975Z","ServerTimestamp":"2024-04-27T15:04:36.2771021Z"}}}]