[{"DataSetWriterId":3,"SequenceNumber":7,"MetaDataVersion":{"MajorVersion":1},"Timestamp":"2024-04-27T15:04:37.5607007Z","MessageType":"ua-deltaframe","DataSetWriterName":"Assembly","Payload":{"nsu=http://opcfoundation.org/UA/Plc/Applications;s=SlowUIntScalar1":{"Value":7,"SourceTimestamp":"2024-04-27T15:04:36.1828784Z","ServerTimestamp":"2024-04-27T15:04:36.1828823Z"},"nsu=http://opcfoundation.org/UA/Plc/Applications;s=SlowUIntScalar2":{"Value":7,"SourceTimestamp":"2024-04-27T15:04:36.182897Z","ServerTimestamp":"2024-04-27T15:04:36.1828984Z"},"nsu=http://opcfoundation.org/UA/Plc/Applications;s=SlowUIntScalar3":{"Value":7,"SourceTimestamp":"2024-04-27T15:04:36.1829009Z","ServerTimestamp":"2024-04-27T15:04:36.1829021Z"},"nsu=http://opcfoundation.org/UA/Plc/Applications;s=BadSlowUIntScalar1":{"Value":7,"SourceTimestamp":"2024-04-27T15:04:36.1829046Z","ServerTimestamp":"2024-04-27T15:04:36.1829054Z"}}}]