[{"SequenceNumber":65,"MetaDataVersion":{"MajorVersion":1},"Timestamp":"2024-04-27T15:04:38.4722125Z","MessageType":"ua-deltaframe","DataSetWriterName":"MES","Payload":{"nsu=http://opcfoundation.org/UA/Plc/Applications;s=StepUp":{"Value":723,"SourceTimestamp":"2024-04-27T15:04:38.4717636Z","ServerTimestamp":"2024-04-27T15:04:38.4717681Z"},"nsu=http://opcfoundation.org/UA/Plc/Applications;s=RandomSignedInt32":{"Value":-762023724,"SourceTimestamp":"2024-04-27T15:04:38.4718105Z","ServerTimestamp":"2024-04-27T15:04:38.471812Z"},"nsu=http://opcfoundation.org/UA/Plc/Applications;s=RandomUnsignedInt32":{"Value":618399685,"SourceTimestamp":"2024-04-27T15:04:38.4718307Z","ServerTimestamp":"2024-04-27T15:04:38.4718324Z"},"nsu=http://opcfoundation.org/UA/Plc/Applications;s=DipData":{"Value":-36.812455268467829,"SourceTimestamp":"2024-04-27T15:04:38.4718294Z","ServerTimestamp":"2024-04-27T15:04:38.47183Z"},"nsu=http://opcfoundation.org/UA/Plc/Applications;s=FastUIntScalar1":{"Value":72,"SourceTimestamp":"2024-04-27T15:04:38.1765214Z","ServerTimestamp":"2024-04-27T15:04:38.1765236Z"}}}]