[{"DataSetWriterId":1,"SequenceNumber":68,"MetaDataVersion":{"MajorVersion":1},"Timestamp":"2024-04-27T15:04:38.5332103Z","MessageType":"ua-deltaframe","DataSetWriterName":"Test","Payload":{"nsu=http://opcfoundation.org/UA/Plc/Applications;s=FastUIntScalar2":{"Value":72,"SourceTimestamp":"2024-04-27T15:04:38.1765323Z","ServerTimestamp":"2024-04-27T15:04:38.1765383Z"},"nsu=http://opcfoundation.org/UA/Plc/Applications;s=FastUIntScalar3":{"Value":72,"SourceTimestamp":"2024-04-27T15:04:38.1765396Z","ServerTimestamp":"2024-04-27T15:04:38.1765406Z"},"nsu=http://opcfoundation.org/UA/Plc/Applications;s=FastRandomUIntScalar1":{"Value":1480658471,"SourceTimestamp":"2024-04-27T15:04:38.1765264Z","ServerTimestamp":"2024-04-27T15:04:38.1765326Z"},"nsu=http://opcfoundation.org/UA/Plc/Applications;s=FastRandomUIntScalar2":{"Value":472203546,"SourceTimestamp":"2024-04-27T15:04:38.1765384Z","ServerTimestamp":"2024-04-27T15:04:38.1765395Z"},"nsu=http://opcfoundation.org/UA/Plc/Applications;s=FastRandomUIntScalar3":{"Value":2776827438,"SourceTimestamp":"2024-04-27T15:04:38.1765407Z","ServerTimestamp":"2024-04-27T15:04:38.1765417Z"}}}]