[{"SequenceNumber":9,"MetaDataVersion":{"MajorVersion":1},"Timestamp":"2024-04-27T15:03:35.4515862Z","MessageType":"ua-deltaframe","DataSetWriterName":"MES","Payload":{"nsu=http://opcfoundation.org/UA/Plc/Applications;s=StepUp":{"Value":92,"SourceTimestamp":"2024-04-27T15:03:35.3733924Z","ServerTimestamp":"2024-04-27T15:03:35.3733954Z"},"nsu=http://opcfoundation.org/UA/Plc/Applications;s=RandomSignedInt32":{"Value":-572775993,"SourceTimestamp":"2024-04-27T15:03:35.3734204Z","ServerTimestamp":"2024-04-27T15:03:35.3734225Z"},"nsu=http://opcfoundation.org/UA/Plc/Applications;s=RandomUnsignedInt32":{"Value":1839705086,"SourceTimestamp":"2024-04-27T15:03:35.3734221Z","ServerTimestamp":"2024-04-27T15:03:35.3734333Z"},"nsu=http://opcfoundation.org/UA/Plc/Applications;s=DipData":{"Value":90.482705246601952,"SourceTimestamp":"2024-04-27T15:03:35.3734316Z","ServerTimestamp":"2024-04-27T15:03:35.3734349Z"},"nsu=http://opcfoundation.org/UA/Plc/Applications;s=FastUIntScalar1":{"Value":9,"SourceTimestamp":"2024-04-27T15:03:35.1703007Z","ServerTimestamp":"2024-04-27T15:03:35.1703052Z"}}}]