[{"SequenceNumber":66,"MetaDataVersion":{"MajorVersion":1},"Timestamp":"2024-04-27T15:04:39.4630207Z","MessageType":"ua-deltaframe","DataSetWriterName":"MES","Payload":{"nsu=http://opcfoundation.org/UA/Plc/Applications;s=StepUp":{"Value":732,"SourceTimestamp":"2024-04-27T15:04:39.3689645Z","ServerTimestamp":"2024-04-27T15:04:39.3689914Z"},"nsu=http://opcfoundation.org/UA/Plc/Applications;s=RandomSignedInt32":{"Value":674898496,"SourceTimestamp":"2024-04-27T15:04:39.3689921Z","ServerTimestamp":"2024-04-27T15:04:39.3690051Z"},"nsu=http://opcfoundation.org/UA/Plc/Applications;s=RandomUnsignedInt32":{"Value":251165949,"SourceTimestamp":"2024-04-27T15:04:39.3689833Z","ServerTimestamp":"2024-04-27T15:04:39.3689849Z"},"nsu=http://opcfoundation.org/UA/Plc/Applications;s=DipData":{"Value":68.45471059286885,"SourceTimestamp":"2024-04-27T15:04:39.3690197Z","ServerTimestamp":"2024-04-27T15:04:39.3690208Z"},"nsu=http://opcfoundation.org/UA/Plc/Applications;s=FastUIntScalar1":{"Value":73,"SourceTimestamp":"2024-04-27T15:04:39.1812543Z","ServerTimestamp":"2024-04-27T15:04:39.1812568Z"}}}]