[{"SequenceNumber":67,"MetaDataVersion":{"MajorVersion":1},"Timestamp":"2024-04-27T15:04:40.4495453Z","MessageType":"ua-deltaframe","DataSetWriterName":"MES","Payload":{"nsu=http://opcfoundation.org/UA/Plc/Applications;s=StepUp":{"Value":742,"SourceTimestamp":"2024-04-27T15:04:40.3710299Z","ServerTimestamp":"2024-04-27T15:04:40.3710658Z"},"nsu=http://opcfoundation.org/UA/Plc/Applications;s=RandomSignedInt32":{"Value":-79386656,"SourceTimestamp":"2024-04-27T15:04:40.3710347Z","ServerTimestamp":"2024-04-27T15:04:40.3710439Z"},"nsu=http://opcfoundation.org/UA/Plc/Applications;s=RandomUnsignedInt32":{"Value":47240790,"SourceTimestamp":"2024-04-27T15:04:40.371045Z","ServerTimestamp":"2024-04-27T15:04:40.3710514Z"},"nsu=http://opcfoundation.org/UA/Plc/Applications;s=DipData":{"Value":90.482705246601952,"SourceTimestamp":"2024-04-27T15:04:40.3710624Z","ServerTimestamp":"2024-04-27T15:04:40.3710685Z"},"nsu=http://opcfoundation.org/UA/Plc/Applications;s=FastUIntScalar1":{"Value":74,"SourceTimestamp":"2024-04-27T15:04:40.1721569Z","ServerTimestamp":"2024-04-27T15:04:40.1721611Z"}}}]