[{"DataSetWriterId":1,"SequenceNumber":70,"MetaDataVersion":{"MajorVersion":1},"Timestamp":"2024-04-27T15:04:40.5120474Z","MessageType":"ua-deltaframe","DataSetWriterName":"Test","Payload":{"nsu=http://opcfoundation.org/UA/Plc/Applications;s=FastUIntScalar2":{"Value":74,"SourceTimestamp":"2024-04-27T15:04:40.1721752Z","ServerTimestamp":"2024-04-27T15:04:40.1721763Z"},"nsu=http://opcfoundation.org/UA/Plc/Applications;s=FastUIntScalar3":{"Value":74,"SourceTimestamp":"2024-04-27T15:04:40.1721789Z","ServerTimestamp":"2024-04-27T15:04:40.1721798Z"},"nsu=http://opcfoundation.org/UA/Plc/Applications;s=FastRandomUIntScalar1":{"Value":3528251072,"SourceTimestamp":"2024-04-27T15:04:40.172158Z","ServerTimestamp":"2024-04-27T15:04:40.1721827Z"},"nsu=http://opcfoundation.org/UA/Plc/Applications;s=FastRandomUIntScalar2":{"Value":3497734246,"SourceTimestamp":"2024-04-27T15:04:40.1721952Z","ServerTimestamp":"2024-04-27T15:04:40.1721982Z"},"nsu=http://opcfoundation.org/UA/Plc/Applications;s=FastRandomUIntScalar3":{"Value":3653481626,"SourceTimestamp":"2024-04-27T15:04:40.1721996Z","ServerTimestamp":"2024-04-27T15:04:40.1722004Z"}}}]