[{"DataSetWriterId":2,"SequenceNumber":12,"MetaDataVersion":{"MajorVersion":1},"Timestamp":"2024-04-27T15:04:41.56323Z","MessageType":"ua-deltaframe","DataSetWriterName":"Assembly","Payload":{"nsu=http://opcfoundation.org/UA/Plc/Applications;s=NegativeTrendData":{"Value":98.900000000000006,"SourceTimestamp":"2024-04-27T15:04:41.2724561Z","ServerTimestamp":"2024-04-27T15:04:41.2724641Z"},"nsu=http://opcfoundation.org/UA/Plc/Applications;s=PositiveTrendData":{"Value":100.8,"SourceTimestamp":"2024-04-27T15:04:41.2724761Z","ServerTimestamp":"2024-04-27T15:04:41.2724771Z"}}}]