[{"DataSetWriterId":1,"SequenceNumber":72,"MetaDataVersion":{"MajorVersion":1},"Timestamp":"2024-04-27T15:04:42.4944756Z","MessageType":"ua-deltaframe","DataSetWriterName":"Test","Payload":{"nsu=http://opcfoundation.org/UA/Plc/Applications;s=FastUIntScalar2":{"Value":76,"SourceTimestamp":"2024-04-27T15:04:42.1688036Z","ServerTimestamp":"2024-04-27T15:04:42.1688073Z"},"nsu=http://opcfoundation.org/UA/Plc/Applications;s=FastUIntScalar3":{"Value":76,"SourceTimestamp":"2024-04-27T15:04:42.1688133Z","ServerTimestamp":"2024-04-27T15:04:42.1688168Z"},"nsu=http://opcfoundation.org/UA/Plc/Applications;s=FastRandomUIntScalar1":{"Value":2745846228,"SourceTimestamp":"2024-04-27T15:04:42.1687728Z","ServerTimestamp":"2024-04-27T15:04:42.1687752Z"},"nsu=http://opcfoundation.org/UA/Plc/Applications;s=FastRandomUIntScalar2":{"Value":3160502249,"SourceTimestamp":"2024-04-27T15:04:42.1687903Z","ServerTimestamp":"2024-04-27T15:04:42.1687908Z"},"nsu=http://opcfoundation.org/UA/Plc/Applications;s=FastRandomUIntScalar3":{"Value":373999867,"SourceTimestamp":"2024-04-27T15:04:42.1687919Z","ServerTimestamp":"2024-04-27T15:04:42.1687924Z"}}}]