[{"SequenceNumber":70,"MetaDataVersion":{"MajorVersion":1},"Timestamp":"2024-04-27T15:04:44.4192154Z","MessageType":"ua-deltaframe","DataSetWriterName":"MES","Payload":{"nsu=http://opcfoundation.org/UA/Plc/Applications;s=StepUp":{"Value":782,"SourceTimestamp":"2024-04-27T15:04:44.3727968Z","ServerTimestamp":"2024-04-27T15:04:44.3728017Z"},"nsu=http://opcfoundation.org/UA/Plc/Applications;s=RandomSignedInt32":{"Value":-65786599,"SourceTimestamp":"2024-04-27T15:04:44.3728441Z","ServerTimestamp":"2024-04-27T15:04:44.3728546Z"},"nsu=http://opcfoundation.org/UA/Plc/Applications;s=RandomUnsignedInt32":{"Value":1607219815,"SourceTimestamp":"2024-04-27T15:04:44.3728543Z","ServerTimestamp":"2024-04-27T15:04:44.3728598Z"},"nsu=http://opcfoundation.org/UA/Plc/Applications;s=DipData":{"Value":68.45471059286885,"SourceTimestamp":"2024-04-27T15:04:44.3728899Z","ServerTimestamp":"2024-04-27T15:04:44.3728911Z"},"nsu=http://opcfoundation.org/UA/Plc/Applications;s=FastUIntScalar1":{"Value":78,"SourceTimestamp":"2024-04-27T15:04:44.1696974Z","ServerTimestamp":"2024-04-27T15:04:44.1696994Z"}}}]