[{"DataSetWriterId":1,"SequenceNumber":73,"MetaDataVersion":{"MajorVersion":1},"Timestamp":"2024-04-27T15:04:44.5438723Z","MessageType":"ua-deltaframe","DataSetWriterName":"Test","Payload":{"nsu=http://opcfoundation.org/UA/Plc/Applications;s=FastUIntScalar2":{"Value":78,"SourceTimestamp":"2024-04-27T15:04:44.1697093Z","ServerTimestamp":"2024-04-27T15:04:44.1697161Z"},"nsu=http://opcfoundation.org/UA/Plc/Applications;s=FastUIntScalar3":{"Value":78,"SourceTimestamp":"2024-04-27T15:04:44.1697175Z","ServerTimestamp":"2024-04-27T15:04:44.1697185Z"},"nsu=http://opcfoundation.org/UA/Plc/Applications;s=FastRandomUIntScalar1":{"Value":914376344,"SourceTimestamp":"2024-04-27T15:04:44.1697021Z","ServerTimestamp":"2024-04-27T15:04:44.1697098Z"},"nsu=http://opcfoundation.org/UA/Plc/Applications;s=FastRandomUIntScalar2":{"Value":3877393288,"SourceTimestamp":"2024-04-27T15:04:44.1697163Z","ServerTimestamp":"2024-04-27T15:04:44.1697175Z"},"nsu=http://opcfoundation.org/UA/Plc/Applications;s=FastRandomUIntScalar3":{"Value":2669158273,"SourceTimestamp":"2024-04-27T15:04:44.1697186Z","ServerTimestamp":"2024-04-27T15:04:44.1697195Z"}}}]