[{"DataSetWriterId":3,"SequenceNumber":8,"MetaDataVersion":{"MajorVersion":1},"Timestamp":"2024-04-27T15:04:47.5849291Z","MessageType":"ua-deltaframe","DataSetWriterName":"Assembly","Payload":{"nsu=http://opcfoundation.org/UA/Plc/Applications;s=SlowUIntScalar1":{"Value":8,"SourceTimestamp":"2024-04-27T15:04:46.1695784Z","ServerTimestamp":"2024-04-27T15:04:46.1695803Z"},"nsu=http://opcfoundation.org/UA/Plc/Applications;s=SlowUIntScalar2":{"Value":8,"SourceTimestamp":"2024-04-27T15:04:46.1695867Z","ServerTimestamp":"2024-04-27T15:04:46.1695872Z"},"nsu=http://opcfoundation.org/UA/Plc/Applications;s=SlowUIntScalar3":{"Value":8,"SourceTimestamp":"2024-04-27T15:04:46.1695884Z","ServerTimestamp":"2024-04-27T15:04:46.1695891Z"},"nsu=http://opcfoundation.org/UA/Plc/Applications;s=BadSlowUIntScalar1":{"Value":8,"StatusCode":{"Symbol":"UncertainLastUsableValue","Code":1083179008},"SourceTimestamp":"2024-04-27T15:04:46.1695901Z","ServerTimestamp":"2024-04-27T15:04:46.1695905Z"}}}]