[{"DataSetWriterId":4,"SequenceNumber":8,"MetaDataVersion":{"MajorVersion":1},"Timestamp":"2024-04-27T15:04:47.6458286Z","MessageType":"ua-deltaframe","DataSetWriterName":"Packaging","Payload":{"nsu=http://opcfoundation.org/UA/Plc/Applications;s=SlowRandomUIntScalar1":{"Value":1120573686,"SourceTimestamp":"2024-04-27T15:04:46.1695438Z","ServerTimestamp":"2024-04-27T15:04:46.1695472Z"},"nsu=http://opcfoundation.org/UA/Plc/Applications;s=SlowRandomUIntScalar2":{"Value":3755504647,"SourceTimestamp":"2024-04-27T15:04:46.1695592Z","ServerTimestamp":"2024-04-27T15:04:46.1695601Z"},"nsu=http://opcfoundation.org/UA/Plc/Applications;s=SlowRandomUIntScalar3":{"Value":3199430948,"SourceTimestamp":"2024-04-27T15:04:46.1695616Z","ServerTimestamp":"2024-04-27T15:04:46.169574Z"},"nsu=http://opcfoundation.org/UA/Plc/Applications;s=BadSlowRandomUIntScalar1":{"Value":3256323240,"StatusCode":{"Symbol":"UncertainLastUsableValue","Code":1083179008},"SourceTimestamp":"2024-04-27T15:04:46.1695749Z","ServerTimestamp":"2024-04-27T15:04:46.1695753Z"}}}]