[{"SequenceNumber":10,"MetaDataVersion":{"MajorVersion":1},"Timestamp":"2024-04-27T15:03:36.4431415Z","MessageType":"ua-deltaframe","DataSetWriterName":"MES","Payload":{"nsu=http://opcfoundation.org/UA/Plc/Applications;s=StepUp":{"Value":102,"SourceTimestamp":"2024-04-27T15:03:36.3790204Z","ServerTimestamp":"2024-04-27T15:03:36.3790234Z"},"nsu=http://opcfoundation.org/UA/Plc/Applications;s=AlternatingBoolean":{"Value":true,"SourceTimestamp":"2024-04-27T15:03:36.2707154Z","ServerTimestamp":"2024-04-27T15:03:36.2707187Z"},"nsu=http://opcfoundation.org/UA/Plc/Applications;s=RandomSignedInt32":{"Value":1647547011,"SourceTimestamp":"2024-04-27T15:03:36.3790754Z","ServerTimestamp":"2024-04-27T15:03:36.3790767Z"},"nsu=http://opcfoundation.org/UA/Plc/Applications;s=RandomUnsignedInt32":{"Value":6749391,"SourceTimestamp":"2024-04-27T15:03:36.3790372Z","ServerTimestamp":"2024-04-27T15:03:36.3790473Z"},"nsu=http://opcfoundation.org/UA/Plc/Applications;s=DipData":{"Value":-12.533323356430378,"SourceTimestamp":"2024-04-27T15:03:36.3790751Z","ServerTimestamp":"2024-04-27T15:03:36.379082Z"},"nsu=http://opcfoundation.org/UA/Plc/Applications;s=FastUIntScalar1":{"Value":10,"SourceTimestamp":"2024-04-27T15:03:36.1777692Z","ServerTimestamp":"2024-04-27T15:03:36.1777716Z"}}}]