[{"DataSetWriterId":1,"SequenceNumber":78,"MetaDataVersion":{"MajorVersion":1},"Timestamp":"2024-04-27T15:04:49.5018961Z","MessageType":"ua-deltaframe","DataSetWriterName":"Test","Payload":{"nsu=http://opcfoundation.org/UA/Plc/Applications;s=FastUIntScalar2":{"Value":83,"SourceTimestamp":"2024-04-27T15:04:49.1749604Z","ServerTimestamp":"2024-04-27T15:04:49.1749624Z"},"nsu=http://opcfoundation.org/UA/Plc/Applications;s=FastUIntScalar3":{"Value":83,"SourceTimestamp":"2024-04-27T15:04:49.1749638Z","ServerTimestamp":"2024-04-27T15:04:49.1750102Z"},"nsu=http://opcfoundation.org/UA/Plc/Applications;s=FastRandomUIntScalar1":{"Value":4259628300,"SourceTimestamp":"2024-04-27T15:04:49.1749524Z","ServerTimestamp":"2024-04-27T15:04:49.1749604Z"},"nsu=http://opcfoundation.org/UA/Plc/Applications;s=FastRandomUIntScalar2":{"Value":3016560458,"SourceTimestamp":"2024-04-27T15:04:49.1749625Z","ServerTimestamp":"2024-04-27T15:04:49.1749634Z"},"nsu=http://opcfoundation.org/UA/Plc/Applications;s=FastRandomUIntScalar3":{"Value":2340560749,"SourceTimestamp":"2024-04-27T15:04:49.1749783Z","ServerTimestamp":"2024-04-27T15:04:49.17503Z"}}}]