[{"SequenceNumber":78,"MetaDataVersion":{"MajorVersion":1},"Timestamp":"2024-04-27T15:04:52.4171852Z","MessageType":"ua-deltaframe","DataSetWriterName":"MES","Payload":{"nsu=http://opcfoundation.org/UA/Plc/Applications;s=StepUp":{"Value":862,"SourceTimestamp":"2024-04-27T15:04:52.3700991Z","ServerTimestamp":"2024-04-27T15:04:52.3701102Z"},"nsu=http://opcfoundation.org/UA/Plc/Applications;s=RandomSignedInt32":{"Value":-1914430352,"SourceTimestamp":"2024-04-27T15:04:52.3701107Z","ServerTimestamp":"2024-04-27T15:04:52.370118Z"},"nsu=http://opcfoundation.org/UA/Plc/Applications;s=RandomUnsignedInt32":{"Value":1631785835,"SourceTimestamp":"2024-04-27T15:04:52.3701204Z","ServerTimestamp":"2024-04-27T15:04:52.3701212Z"},"nsu=http://opcfoundation.org/UA/Plc/Applications;s=DipData":{"Value":-98.228725072868855,"SourceTimestamp":"2024-04-27T15:04:52.3701317Z","ServerTimestamp":"2024-04-27T15:04:52.3701333Z"},"nsu=http://opcfoundation.org/UA/Plc/Applications;s=FastUIntScalar1":{"Value":86,"SourceTimestamp":"2024-04-27T15:04:52.1694923Z","ServerTimestamp":"2024-04-27T15:04:52.1694958Z"}}}]