[{"SequenceNumber":80,"MetaDataVersion":{"MajorVersion":1},"Timestamp":"2024-04-27T15:04:54.4613847Z","MessageType":"ua-deltaframe","DataSetWriterName":"MES","Payload":{"nsu=http://opcfoundation.org/UA/Plc/Applications;s=StepUp":{"Value":882,"SourceTimestamp":"2024-04-27T15:04:54.3677021Z","ServerTimestamp":"2024-04-27T15:04:54.3677056Z"},"nsu=http://opcfoundation.org/UA/Plc/Applications;s=RandomSignedInt32":{"Value":1388243408,"SourceTimestamp":"2024-04-27T15:04:54.3677214Z","ServerTimestamp":"2024-04-27T15:04:54.3677478Z"},"nsu=http://opcfoundation.org/UA/Plc/Applications;s=RandomUnsignedInt32":{"Value":610966258,"SourceTimestamp":"2024-04-27T15:04:54.3677283Z","ServerTimestamp":"2024-04-27T15:04:54.3677341Z"},"nsu=http://opcfoundation.org/UA/Plc/Applications;s=DipData":{"Value":68.45471059286885,"SourceTimestamp":"2024-04-27T15:04:54.3677425Z","ServerTimestamp":"2024-04-27T15:04:54.3677432Z"},"nsu=http://opcfoundation.org/UA/Plc/Applications;s=FastUIntScalar1":{"Value":88,"SourceTimestamp":"2024-04-27T15:04:54.1810298Z","ServerTimestamp":"2024-04-27T15:04:54.1810315Z"}}}]