[{"SequenceNumber":81,"MetaDataVersion":{"MajorVersion":1},"Timestamp":"2024-04-27T15:04:55.4463991Z","MessageType":"ua-deltaframe","DataSetWriterName":"MES","Payload":{"nsu=http://opcfoundation.org/UA/Plc/Applications;s=StepUp":{"Value":892,"SourceTimestamp":"2024-04-27T15:04:55.3695226Z","ServerTimestamp":"2024-04-27T15:04:55.369526Z"},"nsu=http://opcfoundation.org/UA/Plc/Applications;s=RandomSignedInt32":{"Value":-1803645347,"SourceTimestamp":"2024-04-27T15:04:55.3695369Z","ServerTimestamp":"2024-04-27T15:04:55.3695388Z"},"nsu=http://opcfoundation.org/UA/Plc/Applications;s=RandomUnsignedInt32":{"Value":819497281,"SourceTimestamp":"2024-04-27T15:04:55.3695474Z","ServerTimestamp":"2024-04-27T15:04:55.3695526Z"},"nsu=http://opcfoundation.org/UA/Plc/Applications;s=DipData":{"Value":90.482705246601952,"SourceTimestamp":"2024-04-27T15:04:55.3695557Z","ServerTimestamp":"2024-04-27T15:04:55.3695564Z"},"nsu=http://opcfoundation.org/UA/Plc/Applications;s=FastUIntScalar1":{"Value":89,"SourceTimestamp":"2024-04-27T15:04:55.1707262Z","ServerTimestamp":"2024-04-27T15:04:55.170729Z"}}}]