[{"DataSetWriterId":1,"SequenceNumber":83,"MetaDataVersion":{"MajorVersion":1},"Timestamp":"2024-04-27T15:04:55.5081371Z","MessageType":"ua-deltaframe","DataSetWriterName":"Test","Payload":{"nsu=http://opcfoundation.org/UA/Plc/Applications;s=FastUIntScalar2":{"Value":89,"SourceTimestamp":"2024-04-27T15:04:55.170739Z","ServerTimestamp":"2024-04-27T15:04:55.1707394Z"},"nsu=http://opcfoundation.org/UA/Plc/Applications;s=FastUIntScalar3":{"Value":89,"SourceTimestamp":"2024-04-27T15:04:55.1707406Z","ServerTimestamp":"2024-04-27T15:04:55.170741Z"},"nsu=http://opcfoundation.org/UA/Plc/Applications;s=FastRandomUIntScalar1":{"Value":1673203337,"SourceTimestamp":"2024-04-27T15:04:55.1707326Z","ServerTimestamp":"2024-04-27T15:04:55.170757Z"},"nsu=http://opcfoundation.org/UA/Plc/Applications;s=FastRandomUIntScalar2":{"Value":2025958838,"SourceTimestamp":"2024-04-27T15:04:55.1707591Z","ServerTimestamp":"2024-04-27T15:04:55.1707594Z"},"nsu=http://opcfoundation.org/UA/Plc/Applications;s=FastRandomUIntScalar3":{"Value":345160646,"SourceTimestamp":"2024-04-27T15:04:55.1707603Z","ServerTimestamp":"2024-04-27T15:04:55.1707614Z"}}}]