[{"DataSetWriterId":4,"SequenceNumber":9,"MetaDataVersion":{"MajorVersion":1},"Timestamp":"2024-04-27T15:04:57.6042638Z","MessageType":"ua-deltaframe","DataSetWriterName":"Packaging","Payload":{"nsu=http://opcfoundation.org/UA/Plc/Applications;s=SlowRandomUIntScalar1":{"Value":3686663589,"SourceTimestamp":"2024-04-27T15:04:56.1742984Z","ServerTimestamp":"2024-04-27T15:04:56.1743149Z"},"nsu=http://opcfoundation.org/UA/Plc/Applications;s=SlowRandomUIntScalar2":{"Value":3825644040,"SourceTimestamp":"2024-04-27T15:04:56.1743451Z","ServerTimestamp":"2024-04-27T15:04:56.1743465Z"},"nsu=http://opcfoundation.org/UA/Plc/Applications;s=SlowRandomUIntScalar3":{"Value":1499630211,"SourceTimestamp":"2024-04-27T15:04:56.1743509Z","ServerTimestamp":"2024-04-27T15:04:56.1743524Z"},"nsu=http://opcfoundation.org/UA/Plc/Applications;s=BadSlowRandomUIntScalar1":{"Value":null,"StatusCode":{"Symbol":"BadDataLost","Code":2157772800},"SourceTimestamp":"2024-04-27T15:04:56.1743573Z","ServerTimestamp":"2024-04-27T15:04:56.1743575Z"}}}]