[{"DataSetWriterId":3,"SequenceNumber":9,"MetaDataVersion":{"MajorVersion":1},"Timestamp":"2024-04-27T15:04:57.6042167Z","MessageType":"ua-deltaframe","DataSetWriterName":"Assembly","Payload":{"nsu=http://opcfoundation.org/UA/Plc/Applications;s=SlowUIntScalar1":{"Value":9,"SourceTimestamp":"2024-04-27T15:04:56.1742857Z","ServerTimestamp":"2024-04-27T15:04:56.1742873Z"},"nsu=http://opcfoundation.org/UA/Plc/Applications;s=SlowUIntScalar2":{"Value":9,"SourceTimestamp":"2024-04-27T15:04:56.1742906Z","ServerTimestamp":"2024-04-27T15:04:56.1742915Z"},"nsu=http://opcfoundation.org/UA/Plc/Applications;s=SlowUIntScalar3":{"Value":9,"SourceTimestamp":"2024-04-27T15:04:56.1742931Z","ServerTimestamp":"2024-04-27T15:04:56.1742943Z"},"nsu=http://opcfoundation.org/UA/Plc/Applications;s=BadSlowUIntScalar1":{"Value":null,"StatusCode":{"Symbol":"BadDataLost","Code":2157772800},"SourceTimestamp":"2024-04-27T15:04:56.1742992Z","ServerTimestamp":"2024-04-27T15:04:56.1742994Z"}}}]