[{"SequenceNumber":83,"MetaDataVersion":{"MajorVersion":1},"Timestamp":"2024-04-27T15:04:58.4770779Z","MessageType":"ua-deltaframe","DataSetWriterName":"MES","Payload":{"nsu=http://opcfoundation.org/UA/Plc/Applications;s=StepUp":{"Value":922,"SourceTimestamp":"2024-04-27T15:04:58.3684797Z","ServerTimestamp":"2024-04-27T15:04:58.3684838Z"},"nsu=http://opcfoundation.org/UA/Plc/Applications;s=RandomSignedInt32":{"Value":-1589585905,"SourceTimestamp":"2024-04-27T15:04:58.3685206Z","ServerTimestamp":"2024-04-27T15:04:58.3685219Z"},"nsu=http://opcfoundation.org/UA/Plc/Applications;s=RandomUnsignedInt32":{"Value":1931577643,"SourceTimestamp":"2024-04-27T15:04:58.3685363Z","ServerTimestamp":"2024-04-27T15:04:58.3685528Z"},"nsu=http://opcfoundation.org/UA/Plc/Applications;s=DipData":{"Value":-48.175367410171539,"SourceTimestamp":"2024-04-27T15:04:58.3685393Z","ServerTimestamp":"2024-04-27T15:04:58.3685608Z"},"nsu=http://opcfoundation.org/UA/Plc/Applications;s=FastUIntScalar1":{"Value":92,"SourceTimestamp":"2024-04-27T15:04:58.1819285Z","ServerTimestamp":"2024-04-27T15:04:58.1819306Z"}}}]