[{"SequenceNumber":11,"MetaDataVersion":{"MajorVersion":1},"Timestamp":"2024-04-27T15:03:37.4338145Z","MessageType":"ua-deltaframe","DataSetWriterName":"MES","Payload":{"nsu=http://opcfoundation.org/UA/Plc/Applications;s=StepUp":{"Value":112,"SourceTimestamp":"2024-04-27T15:03:37.3709685Z","ServerTimestamp":"2024-04-27T15:03:37.3709714Z"},"nsu=http://opcfoundation.org/UA/Plc/Applications;s=RandomSignedInt32":{"Value":-1972966989,"SourceTimestamp":"2024-04-27T15:03:37.3709926Z","ServerTimestamp":"2024-04-27T15:03:37.3709939Z"},"nsu=http://opcfoundation.org/UA/Plc/Applications;s=RandomUnsignedInt32":{"Value":1460244161,"SourceTimestamp":"2024-04-27T15:03:37.3709953Z","ServerTimestamp":"2024-04-27T15:03:37.3709974Z"},"nsu=http://opcfoundation.org/UA/Plc/Applications;s=DipData":{"Value":-98.228725072868855,"SourceTimestamp":"2024-04-27T15:03:37.3710064Z","ServerTimestamp":"2024-04-27T15:03:37.3710071Z"},"nsu=http://opcfoundation.org/UA/Plc/Applications;s=FastUIntScalar1":{"Value":11,"SourceTimestamp":"2024-04-27T15:03:37.1707119Z","ServerTimestamp":"2024-04-27T15:03:37.1707138Z"}}}]