[{"DataSetWriterId":1,"SequenceNumber":87,"MetaDataVersion":{"MajorVersion":1},"Timestamp":"2024-04-27T15:04:59.5271296Z","MessageType":"ua-deltaframe","DataSetWriterName":"Test","Payload":{"nsu=http://opcfoundation.org/UA/Plc/Applications;s=FastUIntScalar2":{"Value":93,"SourceTimestamp":"2024-04-27T15:04:59.1730821Z","ServerTimestamp":"2024-04-27T15:04:59.1731068Z"},"nsu=http://opcfoundation.org/UA/Plc/Applications;s=FastUIntScalar3":{"Value":93,"SourceTimestamp":"2024-04-27T15:04:59.173109Z","ServerTimestamp":"2024-04-27T15:04:59.1731099Z"},"nsu=http://opcfoundation.org/UA/Plc/Applications;s=FastRandomUIntScalar1":{"Value":521818686,"SourceTimestamp":"2024-04-27T15:04:59.1730713Z","ServerTimestamp":"2024-04-27T15:04:59.173083Z"},"nsu=http://opcfoundation.org/UA/Plc/Applications;s=FastRandomUIntScalar2":{"Value":3696047562,"SourceTimestamp":"2024-04-27T15:04:59.1731014Z","ServerTimestamp":"2024-04-27T15:04:59.1731019Z"},"nsu=http://opcfoundation.org/UA/Plc/Applications;s=FastRandomUIntScalar3":{"Value":1564931311,"SourceTimestamp":"2024-04-27T15:04:59.1731031Z","ServerTimestamp":"2024-04-27T15:04:59.1731039Z"}}}]