[{"SequenceNumber":85,"MetaDataVersion":{"MajorVersion":1},"Timestamp":"2024-04-27T15:05:00.4595042Z","MessageType":"ua-deltaframe","DataSetWriterName":"MES","Payload":{"nsu=http://opcfoundation.org/UA/Plc/Applications;s=StepUp":{"Value":942,"SourceTimestamp":"2024-04-27T15:05:00.3811323Z","ServerTimestamp":"2024-04-27T15:05:00.3811349Z"},"nsu=http://opcfoundation.org/UA/Plc/Applications;s=RandomSignedInt32":{"Value":503774685,"SourceTimestamp":"2024-04-27T15:05:00.381183Z","ServerTimestamp":"2024-04-27T15:05:00.3811835Z"},"nsu=http://opcfoundation.org/UA/Plc/Applications;s=RandomUnsignedInt32":{"Value":76624727,"SourceTimestamp":"2024-04-27T15:05:00.3811865Z","ServerTimestamp":"2024-04-27T15:05:00.3811871Z"},"nsu=http://opcfoundation.org/UA/Plc/Applications;s=DipData":{"Value":90.482705246601952,"SourceTimestamp":"2024-04-27T15:05:00.381212Z","ServerTimestamp":"2024-04-27T15:05:00.381214Z"},"nsu=http://opcfoundation.org/UA/Plc/Applications;s=FastUIntScalar1":{"Value":94,"SourceTimestamp":"2024-04-27T15:05:00.1785086Z","ServerTimestamp":"2024-04-27T15:05:00.1785113Z"}}}]