[{"DataSetWriterId":1,"SequenceNumber":88,"MetaDataVersion":{"MajorVersion":1},"Timestamp":"2024-04-27T15:05:00.5224471Z","MessageType":"ua-deltaframe","DataSetWriterName":"Test","Payload":{"nsu=http://opcfoundation.org/UA/Plc/Applications;s=FastUIntScalar2":{"Value":94,"SourceTimestamp":"2024-04-27T15:05:00.1785232Z","ServerTimestamp":"2024-04-27T15:05:00.1785237Z"},"nsu=http://opcfoundation.org/UA/Plc/Applications;s=FastUIntScalar3":{"Value":94,"SourceTimestamp":"2024-04-27T15:05:00.1785257Z","ServerTimestamp":"2024-04-27T15:05:00.1785276Z"},"nsu=http://opcfoundation.org/UA/Plc/Applications;s=FastRandomUIntScalar1":{"Value":3193737910,"SourceTimestamp":"2024-04-27T15:05:00.1785126Z","ServerTimestamp":"2024-04-27T15:05:00.1785255Z"},"nsu=http://opcfoundation.org/UA/Plc/Applications;s=FastRandomUIntScalar2":{"Value":3102418319,"SourceTimestamp":"2024-04-27T15:05:00.1785278Z","ServerTimestamp":"2024-04-27T15:05:00.1785283Z"},"nsu=http://opcfoundation.org/UA/Plc/Applications;s=FastRandomUIntScalar3":{"Value":3849232763,"SourceTimestamp":"2024-04-27T15:05:00.1785293Z","ServerTimestamp":"2024-04-27T15:05:00.1785295Z"}}}]