[{"DataSetWriterId":2,"SequenceNumber":17,"MetaDataVersion":{"MajorVersion":1},"Timestamp":"2024-04-27T15:05:06.540267Z","MessageType":"ua-deltaframe","DataSetWriterName":"Assembly","Payload":{"nsu=http://opcfoundation.org/UA/Plc/Applications;s=NegativeTrendData":{"Value":98.400000000000006,"SourceTimestamp":"2024-04-27T15:05:06.2778753Z","ServerTimestamp":"2024-04-27T15:05:06.2778792Z"},"nsu=http://opcfoundation.org/UA/Plc/Applications;s=PositiveTrendData":{"Value":101.3,"SourceTimestamp":"2024-04-27T15:05:06.277882Z","ServerTimestamp":"2024-04-27T15:05:06.2778832Z"}}}]