[{"DataSetWriterId":1,"SequenceNumber":95,"MetaDataVersion":{"MajorVersion":1},"Timestamp":"2024-04-27T15:05:07.5252427Z","MessageType":"ua-deltaframe","DataSetWriterName":"Test","Payload":{"nsu=http://opcfoundation.org/UA/Plc/Applications;s=FastUIntScalar2":{"Value":101,"SourceTimestamp":"2024-04-27T15:05:07.1680281Z","ServerTimestamp":"2024-04-27T15:05:07.16803Z"},"nsu=http://opcfoundation.org/UA/Plc/Applications;s=FastUIntScalar3":{"Value":101,"SourceTimestamp":"2024-04-27T15:05:07.1680314Z","ServerTimestamp":"2024-04-27T15:05:07.168032Z"},"nsu=http://opcfoundation.org/UA/Plc/Applications;s=FastRandomUIntScalar1":{"Value":1589897210,"SourceTimestamp":"2024-04-27T15:05:07.1680173Z","ServerTimestamp":"2024-04-27T15:05:07.168028Z"},"nsu=http://opcfoundation.org/UA/Plc/Applications;s=FastRandomUIntScalar2":{"Value":2856537071,"SourceTimestamp":"2024-04-27T15:05:07.1680301Z","ServerTimestamp":"2024-04-27T15:05:07.168031Z"},"nsu=http://opcfoundation.org/UA/Plc/Applications;s=FastRandomUIntScalar3":{"Value":30295994,"SourceTimestamp":"2024-04-27T15:05:07.1680322Z","ServerTimestamp":"2024-04-27T15:05:07.1680327Z"}}}]