[{"DataSetWriterId":4,"SequenceNumber":1,"MetaDataVersion":{"MajorVersion":1},"Timestamp":"2024-04-27T15:03:37.6181192Z","MessageType":"ua-deltaframe","DataSetWriterName":"Packaging","Payload":{"nsu=http://opcfoundation.org/UA/Plc/Applications;s=SlowRandomUIntScalar1":{"Value":4166794541,"SourceTimestamp":"2024-04-27T15:03:36.1777213Z","ServerTimestamp":"2024-04-27T15:03:36.1777261Z"},"nsu=http://opcfoundation.org/UA/Plc/Applications;s=SlowRandomUIntScalar2":{"Value":1907474212,"SourceTimestamp":"2024-04-27T15:03:36.177739Z","ServerTimestamp":"2024-04-27T15:03:36.17774Z"},"nsu=http://opcfoundation.org/UA/Plc/Applications;s=SlowRandomUIntScalar3":{"Value":1776938305,"SourceTimestamp":"2024-04-27T15:03:36.1777425Z","ServerTimestamp":"2024-04-27T15:03:36.1777438Z"},"nsu=http://opcfoundation.org/UA/Plc/Applications;s=BadSlowRandomUIntScalar1":{"Value":423784657,"SourceTimestamp":"2024-04-27T15:03:36.1777459Z","ServerTimestamp":"2024-04-27T15:03:36.1777469Z"}}}]