[{"DataSetWriterId":1,"SequenceNumber":97,"MetaDataVersion":{"MajorVersion":1},"Timestamp":"2024-04-27T15:05:09.502977Z","MessageType":"ua-deltaframe","DataSetWriterName":"Test","Payload":{"nsu=http://opcfoundation.org/UA/Plc/Applications;s=FastUIntScalar2":{"Value":103,"SourceTimestamp":"2024-04-27T15:05:09.1792914Z","ServerTimestamp":"2024-04-27T15:05:09.1792922Z"},"nsu=http://opcfoundation.org/UA/Plc/Applications;s=FastUIntScalar3":{"Value":103,"SourceTimestamp":"2024-04-27T15:05:09.1792936Z","ServerTimestamp":"2024-04-27T15:05:09.1792941Z"},"nsu=http://opcfoundation.org/UA/Plc/Applications;s=FastRandomUIntScalar1":{"Value":3855237893,"SourceTimestamp":"2024-04-27T15:05:09.1792814Z","ServerTimestamp":"2024-04-27T15:05:09.1792956Z"},"nsu=http://opcfoundation.org/UA/Plc/Applications;s=FastRandomUIntScalar2":{"Value":274220181,"SourceTimestamp":"2024-04-27T15:05:09.1793014Z","ServerTimestamp":"2024-04-27T15:05:09.1793018Z"},"nsu=http://opcfoundation.org/UA/Plc/Applications;s=FastRandomUIntScalar3":{"Value":3144915724,"SourceTimestamp":"2024-04-27T15:05:09.1793087Z","ServerTimestamp":"2024-04-27T15:05:09.1793138Z"}}}]