[{"DataSetWriterId":1,"SequenceNumber":101,"MetaDataVersion":{"MajorVersion":1},"Timestamp":"2024-04-27T15:05:13.5380044Z","MessageType":"ua-deltaframe","DataSetWriterName":"Test","Payload":{"nsu=http://opcfoundation.org/UA/Plc/Applications;s=FastUIntScalar2":{"Value":107,"SourceTimestamp":"2024-04-27T15:05:13.1789782Z","ServerTimestamp":"2024-04-27T15:05:13.1789813Z"},"nsu=http://opcfoundation.org/UA/Plc/Applications;s=FastUIntScalar3":{"Value":107,"SourceTimestamp":"2024-04-27T15:05:13.1789839Z","ServerTimestamp":"2024-04-27T15:05:13.178985Z"},"nsu=http://opcfoundation.org/UA/Plc/Applications;s=FastRandomUIntScalar1":{"Value":118590243,"SourceTimestamp":"2024-04-27T15:05:13.1789454Z","ServerTimestamp":"2024-04-27T15:05:13.1789485Z"},"nsu=http://opcfoundation.org/UA/Plc/Applications;s=FastRandomUIntScalar2":{"Value":1606697361,"SourceTimestamp":"2024-04-27T15:05:13.1789631Z","ServerTimestamp":"2024-04-27T15:05:13.178964Z"},"nsu=http://opcfoundation.org/UA/Plc/Applications;s=FastRandomUIntScalar3":{"Value":2233258620,"SourceTimestamp":"2024-04-27T15:05:13.1789667Z","ServerTimestamp":"2024-04-27T15:05:13.1789783Z"}}}]