[{"DataSetWriterId":1,"SequenceNumber":10,"MetaDataVersion":{"MajorVersion":1},"Timestamp":"2024-04-27T15:03:38.5423579Z","MessageType":"ua-deltaframe","DataSetWriterName":"Test","Payload":{"nsu=http://opcfoundation.org/UA/Plc/Applications;s=FastUIntScalar2":{"Value":12,"SourceTimestamp":"2024-04-27T15:03:38.1718777Z","ServerTimestamp":"2024-04-27T15:03:38.1718845Z"},"nsu=http://opcfoundation.org/UA/Plc/Applications;s=FastUIntScalar3":{"Value":12,"SourceTimestamp":"2024-04-27T15:03:38.1718933Z","ServerTimestamp":"2024-04-27T15:03:38.1718955Z"},"nsu=http://opcfoundation.org/UA/Plc/Applications;s=FastRandomUIntScalar1":{"Value":3166526266,"SourceTimestamp":"2024-04-27T15:03:38.171873Z","ServerTimestamp":"2024-04-27T15:03:38.171878Z"},"nsu=http://opcfoundation.org/UA/Plc/Applications;s=FastRandomUIntScalar2":{"Value":2950164416,"SourceTimestamp":"2024-04-27T15:03:38.1718845Z","ServerTimestamp":"2024-04-27T15:03:38.171886Z"},"nsu=http://opcfoundation.org/UA/Plc/Applications;s=FastRandomUIntScalar3":{"Value":2986273040,"SourceTimestamp":"2024-04-27T15:03:38.1718874Z","ServerTimestamp":"2024-04-27T15:03:38.1718879Z"}}}]