[{"DataSetWriterId":1,"SequenceNumber":104,"MetaDataVersion":{"MajorVersion":1},"Timestamp":"2024-04-27T15:05:16.5072549Z","MessageType":"ua-deltaframe","DataSetWriterName":"Test","Payload":{"nsu=http://opcfoundation.org/UA/Plc/Applications;s=FastUIntScalar2":{"Value":110,"SourceTimestamp":"2024-04-27T15:05:16.1782681Z","ServerTimestamp":"2024-04-27T15:05:16.1782686Z"},"nsu=http://opcfoundation.org/UA/Plc/Applications;s=FastUIntScalar3":{"Value":110,"SourceTimestamp":"2024-04-27T15:05:16.1782699Z","ServerTimestamp":"2024-04-27T15:05:16.1782704Z"},"nsu=http://opcfoundation.org/UA/Plc/Applications;s=FastRandomUIntScalar1":{"Value":2327501030,"SourceTimestamp":"2024-04-27T15:05:16.1782733Z","ServerTimestamp":"2024-04-27T15:05:16.178274Z"},"nsu=http://opcfoundation.org/UA/Plc/Applications;s=FastRandomUIntScalar2":{"Value":1386276714,"SourceTimestamp":"2024-04-27T15:05:16.1782777Z","ServerTimestamp":"2024-04-27T15:05:16.1782781Z"},"nsu=http://opcfoundation.org/UA/Plc/Applications;s=FastRandomUIntScalar3":{"Value":174944409,"SourceTimestamp":"2024-04-27T15:05:16.1782792Z","ServerTimestamp":"2024-04-27T15:05:16.1782795Z"}}}]