[{"DataSetWriterId":1,"SequenceNumber":105,"MetaDataVersion":{"MajorVersion":1},"Timestamp":"2024-04-27T15:05:17.4973767Z","MessageType":"ua-deltaframe","DataSetWriterName":"Test","Payload":{"nsu=http://opcfoundation.org/UA/Plc/Applications;s=FastUIntScalar2":{"Value":111,"SourceTimestamp":"2024-04-27T15:05:17.1702287Z","ServerTimestamp":"2024-04-27T15:05:17.1702347Z"},"nsu=http://opcfoundation.org/UA/Plc/Applications;s=FastUIntScalar3":{"Value":111,"SourceTimestamp":"2024-04-27T15:05:17.1702356Z","ServerTimestamp":"2024-04-27T15:05:17.1702368Z"},"nsu=http://opcfoundation.org/UA/Plc/Applications;s=FastRandomUIntScalar1":{"Value":149784796,"SourceTimestamp":"2024-04-27T15:05:17.1702223Z","ServerTimestamp":"2024-04-27T15:05:17.1702291Z"},"nsu=http://opcfoundation.org/UA/Plc/Applications;s=FastRandomUIntScalar2":{"Value":1897425659,"SourceTimestamp":"2024-04-27T15:05:17.170235Z","ServerTimestamp":"2024-04-27T15:05:17.1702356Z"},"nsu=http://opcfoundation.org/UA/Plc/Applications;s=FastRandomUIntScalar3":{"Value":172190762,"SourceTimestamp":"2024-04-27T15:05:17.1702371Z","ServerTimestamp":"2024-04-27T15:05:17.1702376Z"}}}]