[{"SequenceNumber":101,"MetaDataVersion":{"MajorVersion":1},"Timestamp":"2024-04-27T15:05:19.4155002Z","MessageType":"ua-deltaframe","DataSetWriterName":"MES","Payload":{"nsu=http://opcfoundation.org/UA/Plc/Applications;s=StepUp":{"Value":1132,"SourceTimestamp":"2024-04-27T15:05:19.3681303Z","ServerTimestamp":"2024-04-27T15:05:19.3681332Z"},"nsu=http://opcfoundation.org/UA/Plc/Applications;s=RandomSignedInt32":{"Value":94940674,"SourceTimestamp":"2024-04-27T15:05:19.3681455Z","ServerTimestamp":"2024-04-27T15:05:19.3681712Z"},"nsu=http://opcfoundation.org/UA/Plc/Applications;s=RandomUnsignedInt32":{"Value":1919789442,"SourceTimestamp":"2024-04-27T15:05:19.3681469Z","ServerTimestamp":"2024-04-27T15:05:19.3681942Z"},"nsu=http://opcfoundation.org/UA/Plc/Applications;s=DipData":{"Value":68.45471059286885,"SourceTimestamp":"2024-04-27T15:05:19.3681584Z","ServerTimestamp":"2024-04-27T15:05:19.3681598Z"},"nsu=http://opcfoundation.org/UA/Plc/Applications;s=FastUIntScalar1":{"Value":113,"SourceTimestamp":"2024-04-27T15:05:19.1694626Z","ServerTimestamp":"2024-04-27T15:05:19.1694658Z"}}}]