[{"DataSetWriterId":1,"SequenceNumber":106,"MetaDataVersion":{"MajorVersion":1},"Timestamp":"2024-04-27T15:05:19.5391674Z","MessageType":"ua-deltaframe","DataSetWriterName":"Test","Payload":{"nsu=http://opcfoundation.org/UA/Plc/Applications;s=FastUIntScalar2":{"Value":113,"SourceTimestamp":"2024-04-27T15:05:19.1694798Z","ServerTimestamp":"2024-04-27T15:05:19.1695003Z"},"nsu=http://opcfoundation.org/UA/Plc/Applications;s=FastUIntScalar3":{"Value":113,"SourceTimestamp":"2024-04-27T15:05:19.1695036Z","ServerTimestamp":"2024-04-27T15:05:19.1695045Z"},"nsu=http://opcfoundation.org/UA/Plc/Applications;s=FastRandomUIntScalar1":{"Value":3994455637,"SourceTimestamp":"2024-04-27T15:05:19.1694686Z","ServerTimestamp":"2024-04-27T15:05:19.1694802Z"},"nsu=http://opcfoundation.org/UA/Plc/Applications;s=FastRandomUIntScalar2":{"Value":2140367598,"SourceTimestamp":"2024-04-27T15:05:19.1694862Z","ServerTimestamp":"2024-04-27T15:05:19.1694873Z"},"nsu=http://opcfoundation.org/UA/Plc/Applications;s=FastRandomUIntScalar3":{"Value":2478890037,"SourceTimestamp":"2024-04-27T15:05:19.1694899Z","ServerTimestamp":"2024-04-27T15:05:19.1694908Z"}}}]