[{"SequenceNumber":12,"MetaDataVersion":{"MajorVersion":1},"Timestamp":"2024-04-27T15:03:39.4712613Z","MessageType":"ua-deltaframe","DataSetWriterName":"MES","Payload":{"nsu=http://opcfoundation.org/UA/Plc/Applications;s=StepUp":{"Value":132,"SourceTimestamp":"2024-04-27T15:03:39.3799241Z","ServerTimestamp":"2024-04-27T15:03:39.3799268Z"},"nsu=http://opcfoundation.org/UA/Plc/Applications;s=RandomSignedInt32":{"Value":-1907572918,"SourceTimestamp":"2024-04-27T15:03:39.379938Z","ServerTimestamp":"2024-04-27T15:03:39.3799465Z"},"nsu=http://opcfoundation.org/UA/Plc/Applications;s=RandomUnsignedInt32":{"Value":558234389,"SourceTimestamp":"2024-04-27T15:03:39.3799396Z","ServerTimestamp":"2024-04-27T15:03:39.3799695Z"},"nsu=http://opcfoundation.org/UA/Plc/Applications;s=DipData":{"Value":68.45471059286885,"SourceTimestamp":"2024-04-27T15:03:39.3799624Z","ServerTimestamp":"2024-04-27T15:03:39.3799716Z"},"nsu=http://opcfoundation.org/UA/Plc/Applications;s=FastUIntScalar1":{"Value":13,"SourceTimestamp":"2024-04-27T15:03:39.179511Z","ServerTimestamp":"2024-04-27T15:03:39.1795147Z"}}}]