[{"DataSetWriterId":1,"SequenceNumber":110,"MetaDataVersion":{"MajorVersion":1},"Timestamp":"2024-04-27T15:05:23.4919505Z","MessageType":"ua-deltaframe","DataSetWriterName":"Test","Payload":{"nsu=http://opcfoundation.org/UA/Plc/Applications;s=FastUIntScalar2":{"Value":117,"SourceTimestamp":"2024-04-27T15:05:23.1672796Z","ServerTimestamp":"2024-04-27T15:05:23.1672801Z"},"nsu=http://opcfoundation.org/UA/Plc/Applications;s=FastUIntScalar3":{"Value":117,"SourceTimestamp":"2024-04-27T15:05:23.1672811Z","ServerTimestamp":"2024-04-27T15:05:23.1672816Z"},"nsu=http://opcfoundation.org/UA/Plc/Applications;s=FastRandomUIntScalar1":{"Value":4029984183,"SourceTimestamp":"2024-04-27T15:05:23.1672764Z","ServerTimestamp":"2024-04-27T15:05:23.1672828Z"},"nsu=http://opcfoundation.org/UA/Plc/Applications;s=FastRandomUIntScalar2":{"Value":3113087507,"SourceTimestamp":"2024-04-27T15:05:23.1672882Z","ServerTimestamp":"2024-04-27T15:05:23.1672887Z"},"nsu=http://opcfoundation.org/UA/Plc/Applications;s=FastRandomUIntScalar3":{"Value":1718436088,"SourceTimestamp":"2024-04-27T15:05:23.1672895Z","ServerTimestamp":"2024-04-27T15:05:23.1672898Z"}}}]