[{"SequenceNumber":106,"MetaDataVersion":{"MajorVersion":1},"Timestamp":"2024-04-27T15:05:25.4672233Z","MessageType":"ua-deltaframe","DataSetWriterName":"MES","Payload":{"nsu=http://opcfoundation.org/UA/Plc/Applications;s=StepUp":{"Value":1192,"SourceTimestamp":"2024-04-27T15:05:25.3736379Z","ServerTimestamp":"2024-04-27T15:05:25.373642Z"},"nsu=http://opcfoundation.org/UA/Plc/Applications;s=RandomSignedInt32":{"Value":1256092701,"SourceTimestamp":"2024-04-27T15:05:25.3736897Z","ServerTimestamp":"2024-04-27T15:05:25.3736926Z"},"nsu=http://opcfoundation.org/UA/Plc/Applications;s=RandomUnsignedInt32":{"Value":1289220287,"SourceTimestamp":"2024-04-27T15:05:25.3736762Z","ServerTimestamp":"2024-04-27T15:05:25.3736774Z"},"nsu=http://opcfoundation.org/UA/Plc/Applications;s=DipData":{"Value":90.482705246601952,"SourceTimestamp":"2024-04-27T15:05:25.3736864Z","ServerTimestamp":"2024-04-27T15:05:25.3736873Z"},"nsu=http://opcfoundation.org/UA/Plc/Applications;s=FastUIntScalar1":{"Value":119,"SourceTimestamp":"2024-04-27T15:05:25.1712489Z","ServerTimestamp":"2024-04-27T15:05:25.1712632Z"}}}]