[{"DataSetWriterId":1,"SequenceNumber":12,"MetaDataVersion":{"MajorVersion":1},"Timestamp":"2024-04-27T15:03:40.5257422Z","MessageType":"ua-deltaframe","DataSetWriterName":"Test","Payload":{"nsu=http://opcfoundation.org/UA/Plc/Applications;s=FastUIntScalar2":{"Value":14,"SourceTimestamp":"2024-04-27T15:03:40.1700806Z","ServerTimestamp":"2024-04-27T15:03:40.1700882Z"},"nsu=http://opcfoundation.org/UA/Plc/Applications;s=FastUIntScalar3":{"Value":14,"SourceTimestamp":"2024-04-27T15:03:40.1700896Z","ServerTimestamp":"2024-04-27T15:03:40.1700911Z"},"nsu=http://opcfoundation.org/UA/Plc/Applications;s=FastRandomUIntScalar1":{"Value":516245928,"SourceTimestamp":"2024-04-27T15:03:40.1700727Z","ServerTimestamp":"2024-04-27T15:03:40.1700813Z"},"nsu=http://opcfoundation.org/UA/Plc/Applications;s=FastRandomUIntScalar2":{"Value":1594454837,"SourceTimestamp":"2024-04-27T15:03:40.1700881Z","ServerTimestamp":"2024-04-27T15:03:40.1700897Z"},"nsu=http://opcfoundation.org/UA/Plc/Applications;s=FastRandomUIntScalar3":{"Value":3977570419,"SourceTimestamp":"2024-04-27T15:03:40.1701067Z","ServerTimestamp":"2024-04-27T15:03:40.170108Z"}}}]