[{"SequenceNumber":14,"MetaDataVersion":{"MajorVersion":1},"Timestamp":"2024-04-27T15:03:41.4518908Z","MessageType":"ua-deltaframe","DataSetWriterName":"MES","Payload":{"nsu=http://opcfoundation.org/UA/Plc/Applications;s=StepUp":{"Value":152,"SourceTimestamp":"2024-04-27T15:03:41.3747286Z","ServerTimestamp":"2024-04-27T15:03:41.3747336Z"},"nsu=http://opcfoundation.org/UA/Plc/Applications;s=AlternatingBoolean":{"Value":false,"SourceTimestamp":"2024-04-27T15:03:41.2690338Z","ServerTimestamp":"2024-04-27T15:03:41.2690425Z"},"nsu=http://opcfoundation.org/UA/Plc/Applications;s=RandomSignedInt32":{"Value":-1263991957,"SourceTimestamp":"2024-04-27T15:03:41.3747611Z","ServerTimestamp":"2024-04-27T15:03:41.3747633Z"},"nsu=http://opcfoundation.org/UA/Plc/Applications;s=RandomUnsignedInt32":{"Value":867150335,"SourceTimestamp":"2024-04-27T15:03:41.3747768Z","ServerTimestamp":"2024-04-27T15:03:41.3747797Z"},"nsu=http://opcfoundation.org/UA/Plc/Applications;s=DipData":{"Value":-12.533323356430378,"SourceTimestamp":"2024-04-27T15:03:41.3747779Z","ServerTimestamp":"2024-04-27T15:03:41.3747824Z"},"nsu=http://opcfoundation.org/UA/Plc/Applications;s=FastUIntScalar1":{"Value":15,"SourceTimestamp":"2024-04-27T15:03:41.1781708Z","ServerTimestamp":"2024-04-27T15:03:41.1781746Z"}}}]