[{"SequenceNumber":15,"MetaDataVersion":{"MajorVersion":1},"Timestamp":"2024-04-27T15:03:42.4413402Z","MessageType":"ua-deltaframe","DataSetWriterName":"MES","Payload":{"nsu=http://opcfoundation.org/UA/Plc/Applications;s=StepUp":{"Value":162,"SourceTimestamp":"2024-04-27T15:03:42.3794035Z","ServerTimestamp":"2024-04-27T15:03:42.3794067Z"},"nsu=http://opcfoundation.org/UA/Plc/Applications;s=RandomSignedInt32":{"Value":2119949894,"SourceTimestamp":"2024-04-27T15:03:42.3794402Z","ServerTimestamp":"2024-04-27T15:03:42.379441Z"},"nsu=http://opcfoundation.org/UA/Plc/Applications;s=RandomUnsignedInt32":{"Value":84574093,"SourceTimestamp":"2024-04-27T15:03:42.3794444Z","ServerTimestamp":"2024-04-27T15:03:42.3794449Z"},"nsu=http://opcfoundation.org/UA/Plc/Applications;s=DipData":{"Value":-98.228725072868855,"SourceTimestamp":"2024-04-27T15:03:42.3794556Z","ServerTimestamp":"2024-04-27T15:03:42.3794565Z"},"nsu=http://opcfoundation.org/UA/Plc/Applications;s=FastUIntScalar1":{"Value":16,"SourceTimestamp":"2024-04-27T15:03:42.1807318Z","ServerTimestamp":"2024-04-27T15:03:42.1807358Z"}}}]