[{"DataSetWriterId":1,"SequenceNumber":16,"MetaDataVersion":{"MajorVersion":1},"Timestamp":"2024-04-27T15:03:44.5457385Z","MessageType":"ua-deltaframe","DataSetWriterName":"Test","Payload":{"nsu=http://opcfoundation.org/UA/Plc/Applications;s=FastUIntScalar2":{"Value":18,"SourceTimestamp":"2024-04-27T15:03:44.1727123Z","ServerTimestamp":"2024-04-27T15:03:44.1727461Z"},"nsu=http://opcfoundation.org/UA/Plc/Applications;s=FastUIntScalar3":{"Value":18,"SourceTimestamp":"2024-04-27T15:03:44.1727503Z","ServerTimestamp":"2024-04-27T15:03:44.172753Z"},"nsu=http://opcfoundation.org/UA/Plc/Applications;s=FastRandomUIntScalar1":{"Value":3225778231,"SourceTimestamp":"2024-04-27T15:03:44.1727042Z","ServerTimestamp":"2024-04-27T15:03:44.1727125Z"},"nsu=http://opcfoundation.org/UA/Plc/Applications;s=FastRandomUIntScalar2":{"Value":205063326,"SourceTimestamp":"2024-04-27T15:03:44.1727321Z","ServerTimestamp":"2024-04-27T15:03:44.172733Z"},"nsu=http://opcfoundation.org/UA/Plc/Applications;s=FastRandomUIntScalar3":{"Value":1556587833,"SourceTimestamp":"2024-04-27T15:03:44.1727342Z","ServerTimestamp":"2024-04-27T15:03:44.1727347Z"}}}]