[{"DataSetWriterId":3,"SequenceNumber":2,"MetaDataVersion":{"MajorVersion":1},"Timestamp":"2024-04-27T15:03:47.564919Z","MessageType":"ua-deltaframe","DataSetWriterName":"Assembly","Payload":{"nsu=http://opcfoundation.org/UA/Plc/Applications;s=SlowUIntScalar1":{"Value":2,"SourceTimestamp":"2024-04-27T15:03:46.1748933Z","ServerTimestamp":"2024-04-27T15:03:46.1749179Z"},"nsu=http://opcfoundation.org/UA/Plc/Applications;s=SlowUIntScalar2":{"Value":2,"SourceTimestamp":"2024-04-27T15:03:46.174921Z","ServerTimestamp":"2024-04-27T15:03:46.1749218Z"},"nsu=http://opcfoundation.org/UA/Plc/Applications;s=SlowUIntScalar3":{"Value":2,"SourceTimestamp":"2024-04-27T15:03:46.1749233Z","ServerTimestamp":"2024-04-27T15:03:46.1749238Z"},"nsu=http://opcfoundation.org/UA/Plc/Applications;s=BadSlowUIntScalar1":{"Value":2,"SourceTimestamp":"2024-04-27T15:03:46.1749249Z","ServerTimestamp":"2024-04-27T15:03:46.1749256Z"}}}]