[{"SequenceNumber":20,"MetaDataVersion":{"MajorVersion":1},"Timestamp":"2024-04-27T15:03:49.4747184Z","MessageType":"ua-deltaframe","DataSetWriterName":"MES","Payload":{"nsu=http://opcfoundation.org/UA/Plc/Applications;s=StepUp":{"Value":232,"SourceTimestamp":"2024-04-27T15:03:49.3786652Z","ServerTimestamp":"2024-04-27T15:03:49.3786689Z"},"nsu=http://opcfoundation.org/UA/Plc/Applications;s=RandomSignedInt32":{"Value":-1922222496,"SourceTimestamp":"2024-04-27T15:03:49.3786882Z","ServerTimestamp":"2024-04-27T15:03:49.3786903Z"},"nsu=http://opcfoundation.org/UA/Plc/Applications;s=RandomUnsignedInt32":{"Value":680002669,"SourceTimestamp":"2024-04-27T15:03:49.3786848Z","ServerTimestamp":"2024-04-27T15:03:49.3786855Z"},"nsu=http://opcfoundation.org/UA/Plc/Applications;s=DipData":{"Value":68.45471059286885,"SourceTimestamp":"2024-04-27T15:03:49.3786959Z","ServerTimestamp":"2024-04-27T15:03:49.3787249Z"},"nsu=http://opcfoundation.org/UA/Plc/Applications;s=FastUIntScalar1":{"Value":23,"SourceTimestamp":"2024-04-27T15:03:49.1784722Z","ServerTimestamp":"2024-04-27T15:03:49.1784748Z"}}}]