[{"DataSetWriterId":1,"SequenceNumber":21,"MetaDataVersion":{"MajorVersion":1},"Timestamp":"2024-04-27T15:03:49.5387436Z","MessageType":"ua-deltaframe","DataSetWriterName":"Test","Payload":{"nsu=http://opcfoundation.org/UA/Plc/Applications;s=FastUIntScalar2":{"Value":23,"SourceTimestamp":"2024-04-27T15:03:49.1784929Z","ServerTimestamp":"2024-04-27T15:03:49.1784945Z"},"nsu=http://opcfoundation.org/UA/Plc/Applications;s=FastUIntScalar3":{"Value":23,"SourceTimestamp":"2024-04-27T15:03:49.1784964Z","ServerTimestamp":"2024-04-27T15:03:49.1785195Z"},"nsu=http://opcfoundation.org/UA/Plc/Applications;s=FastRandomUIntScalar1":{"Value":1803471288,"SourceTimestamp":"2024-04-27T15:03:49.1784736Z","ServerTimestamp":"2024-04-27T15:03:49.1784882Z"},"nsu=http://opcfoundation.org/UA/Plc/Applications;s=FastRandomUIntScalar2":{"Value":296462947,"SourceTimestamp":"2024-04-27T15:03:49.1784948Z","ServerTimestamp":"2024-04-27T15:03:49.178507Z"},"nsu=http://opcfoundation.org/UA/Plc/Applications;s=FastRandomUIntScalar3":{"Value":817924318,"SourceTimestamp":"2024-04-27T15:03:49.1785123Z","ServerTimestamp":"2024-04-27T15:03:49.1785172Z"}}}]