[{"DataSetWriterId":1,"SequenceNumber":22,"MetaDataVersion":{"MajorVersion":1},"Timestamp":"2024-04-27T15:03:50.5287296Z","MessageType":"ua-deltaframe","DataSetWriterName":"Test","Payload":{"nsu=http://opcfoundation.org/UA/Plc/Applications;s=FastUIntScalar2":{"Value":24,"SourceTimestamp":"2024-04-27T15:03:50.1722421Z","ServerTimestamp":"2024-04-27T15:03:50.1722428Z"},"nsu=http://opcfoundation.org/UA/Plc/Applications;s=FastUIntScalar3":{"Value":24,"SourceTimestamp":"2024-04-27T15:03:50.1722443Z","ServerTimestamp":"2024-04-27T15:03:50.1722448Z"},"nsu=http://opcfoundation.org/UA/Plc/Applications;s=FastRandomUIntScalar1":{"Value":1552799363,"SourceTimestamp":"2024-04-27T15:03:50.172223Z","ServerTimestamp":"2024-04-27T15:03:50.1722254Z"},"nsu=http://opcfoundation.org/UA/Plc/Applications;s=FastRandomUIntScalar2":{"Value":4204035701,"SourceTimestamp":"2024-04-27T15:03:50.1722352Z","ServerTimestamp":"2024-04-27T15:03:50.1722479Z"},"nsu=http://opcfoundation.org/UA/Plc/Applications;s=FastRandomUIntScalar3":{"Value":161629904,"SourceTimestamp":"2024-04-27T15:03:50.1722634Z","ServerTimestamp":"2024-04-27T15:03:50.1722654Z"}}}]