[{"SequenceNumber":23,"MetaDataVersion":{"MajorVersion":1},"Timestamp":"2024-04-27T15:03:52.4507118Z","MessageType":"ua-deltaframe","DataSetWriterName":"MES","Payload":{"nsu=http://opcfoundation.org/UA/Plc/Applications;s=StepUp":{"Value":262,"SourceTimestamp":"2024-04-27T15:03:52.3742381Z","ServerTimestamp":"2024-04-27T15:03:52.3742425Z"},"nsu=http://opcfoundation.org/UA/Plc/Applications;s=RandomSignedInt32":{"Value":748480476,"SourceTimestamp":"2024-04-27T15:03:52.3742612Z","ServerTimestamp":"2024-04-27T15:03:52.3742746Z"},"nsu=http://opcfoundation.org/UA/Plc/Applications;s=RandomUnsignedInt32":{"Value":1466531207,"SourceTimestamp":"2024-04-27T15:03:52.3742628Z","ServerTimestamp":"2024-04-27T15:03:52.3743112Z"},"nsu=http://opcfoundation.org/UA/Plc/Applications;s=DipData":{"Value":-98.228725072868855,"SourceTimestamp":"2024-04-27T15:03:52.3743001Z","ServerTimestamp":"2024-04-27T15:03:52.3743028Z"},"nsu=http://opcfoundation.org/UA/Plc/Applications;s=FastUIntScalar1":{"Value":26,"SourceTimestamp":"2024-04-27T15:03:52.1736551Z","ServerTimestamp":"2024-04-27T15:03:52.1736586Z"}}}]