[{"DataSetWriterId":1,"SequenceNumber":24,"MetaDataVersion":{"MajorVersion":1},"Timestamp":"2024-04-27T15:03:52.5118193Z","MessageType":"ua-deltaframe","DataSetWriterName":"Test","Payload":{"nsu=http://opcfoundation.org/UA/Plc/Applications;s=FastUIntScalar2":{"Value":26,"SourceTimestamp":"2024-04-27T15:03:52.1736709Z","ServerTimestamp":"2024-04-27T15:03:52.1736816Z"},"nsu=http://opcfoundation.org/UA/Plc/Applications;s=FastUIntScalar3":{"Value":26,"SourceTimestamp":"2024-04-27T15:03:52.1736844Z","ServerTimestamp":"2024-04-27T15:03:52.1736856Z"},"nsu=http://opcfoundation.org/UA/Plc/Applications;s=FastRandomUIntScalar1":{"Value":2746132666,"SourceTimestamp":"2024-04-27T15:03:52.1736125Z","ServerTimestamp":"2024-04-27T15:03:52.1736155Z"},"nsu=http://opcfoundation.org/UA/Plc/Applications;s=FastRandomUIntScalar2":{"Value":475580429,"SourceTimestamp":"2024-04-27T15:03:52.1736276Z","ServerTimestamp":"2024-04-27T15:03:52.1736282Z"},"nsu=http://opcfoundation.org/UA/Plc/Applications;s=FastRandomUIntScalar3":{"Value":2436333092,"SourceTimestamp":"2024-04-27T15:03:52.1736298Z","ServerTimestamp":"2024-04-27T15:03:52.1736306Z"}}}]