[{"SequenceNumber":25,"MetaDataVersion":{"MajorVersion":1},"Timestamp":"2024-04-27T15:03:55.4153501Z","MessageType":"ua-deltaframe","DataSetWriterName":"MES","Payload":{"nsu=http://opcfoundation.org/UA/Plc/Applications;s=StepUp":{"Value":292,"SourceTimestamp":"2024-04-27T15:03:55.3694612Z","ServerTimestamp":"2024-04-27T15:03:55.3694655Z"},"nsu=http://opcfoundation.org/UA/Plc/Applications;s=RandomSignedInt32":{"Value":1497658553,"SourceTimestamp":"2024-04-27T15:03:55.3695001Z","ServerTimestamp":"2024-04-27T15:03:55.3695022Z"},"nsu=http://opcfoundation.org/UA/Plc/Applications;s=RandomUnsignedInt32":{"Value":1451214099,"SourceTimestamp":"2024-04-27T15:03:55.3695237Z","ServerTimestamp":"2024-04-27T15:03:55.3695267Z"},"nsu=http://opcfoundation.org/UA/Plc/Applications;s=DipData":{"Value":90.482705246601952,"SourceTimestamp":"2024-04-27T15:03:55.3695162Z","ServerTimestamp":"2024-04-27T15:03:55.3695212Z"},"nsu=http://opcfoundation.org/UA/Plc/Applications;s=FastUIntScalar1":{"Value":29,"SourceTimestamp":"2024-04-27T15:03:55.1674743Z","ServerTimestamp":"2024-04-27T15:03:55.167478Z"}}}]