[{"DataSetWriterId":1,"SequenceNumber":26,"MetaDataVersion":{"MajorVersion":1},"Timestamp":"2024-04-27T15:03:55.5399746Z","MessageType":"ua-deltaframe","DataSetWriterName":"Test","Payload":{"nsu=http://opcfoundation.org/UA/Plc/Applications;s=FastUIntScalar2":{"Value":29,"SourceTimestamp":"2024-04-27T15:03:55.1674924Z","ServerTimestamp":"2024-04-27T15:03:55.1674935Z"},"nsu=http://opcfoundation.org/UA/Plc/Applications;s=FastUIntScalar3":{"Value":29,"SourceTimestamp":"2024-04-27T15:03:55.1674961Z","ServerTimestamp":"2024-04-27T15:03:55.1675108Z"},"nsu=http://opcfoundation.org/UA/Plc/Applications;s=FastRandomUIntScalar1":{"Value":3001267018,"SourceTimestamp":"2024-04-27T15:03:55.1674947Z","ServerTimestamp":"2024-04-27T15:03:55.1674978Z"},"nsu=http://opcfoundation.org/UA/Plc/Applications;s=FastRandomUIntScalar2":{"Value":1984678282,"SourceTimestamp":"2024-04-27T15:03:55.1675108Z","ServerTimestamp":"2024-04-27T15:03:55.1675127Z"},"nsu=http://opcfoundation.org/UA/Plc/Applications;s=FastRandomUIntScalar3":{"Value":445507099,"SourceTimestamp":"2024-04-27T15:03:55.1675153Z","ServerTimestamp":"2024-04-27T15:03:55.1675161Z"}}}]