[{"DataSetWriterId":1,"SequenceNumber":27,"MetaDataVersion":{"MajorVersion":1},"Timestamp":"2024-04-27T15:03:56.5291942Z","MessageType":"ua-deltaframe","DataSetWriterName":"Test","Payload":{"nsu=http://opcfoundation.org/UA/Plc/Applications;s=FastUIntScalar2":{"Value":30,"SourceTimestamp":"2024-04-27T15:03:56.1755117Z","ServerTimestamp":"2024-04-27T15:03:56.1755123Z"},"nsu=http://opcfoundation.org/UA/Plc/Applications;s=FastUIntScalar3":{"Value":30,"SourceTimestamp":"2024-04-27T15:03:56.1755134Z","ServerTimestamp":"2024-04-27T15:03:56.1755152Z"},"nsu=http://opcfoundation.org/UA/Plc/Applications;s=FastRandomUIntScalar1":{"Value":515625014,"SourceTimestamp":"2024-04-27T15:03:56.1755055Z","ServerTimestamp":"2024-04-27T15:03:56.1755064Z"},"nsu=http://opcfoundation.org/UA/Plc/Applications;s=FastRandomUIntScalar2":{"Value":804841309,"SourceTimestamp":"2024-04-27T15:03:56.1755094Z","ServerTimestamp":"2024-04-27T15:03:56.1755114Z"},"nsu=http://opcfoundation.org/UA/Plc/Applications;s=FastRandomUIntScalar3":{"Value":2967344308,"SourceTimestamp":"2024-04-27T15:03:56.1755127Z","ServerTimestamp":"2024-04-27T15:03:56.1755131Z"}}}]