[{"SequenceNumber":4,"MetaDataVersion":{"MajorVersion":1},"Timestamp":"2024-04-27T15:03:30.4369479Z","MessageType":"ua-deltaframe","DataSetWriterName":"MES","Payload":{"nsu=http://opcfoundation.org/UA/Plc/Applications;s=StepUp":{"Value":42,"SourceTimestamp":"2024-04-27T15:03:30.3728957Z","ServerTimestamp":"2024-04-27T15:03:30.3729041Z"},"nsu=http://opcfoundation.org/UA/Plc/Applications;s=RandomSignedInt32":{"Value":1614104866,"SourceTimestamp":"2024-04-27T15:03:30.372896Z","ServerTimestamp":"2024-04-27T15:03:30.372933Z"},"nsu=http://opcfoundation.org/UA/Plc/Applications;s=RandomUnsignedInt32":{"Value":245228096,"SourceTimestamp":"2024-04-27T15:03:30.372906Z","ServerTimestamp":"2024-04-27T15:03:30.3729125Z"},"nsu=http://opcfoundation.org/UA/Plc/Applications;s=DipData":{"Value":90.482705246601952,"SourceTimestamp":"2024-04-27T15:03:30.3729241Z","ServerTimestamp":"2024-04-27T15:03:30.3729269Z"},"nsu=http://opcfoundation.org/UA/Plc/Applications;s=FastUIntScalar1":{"Value":4,"SourceTimestamp":"2024-04-27T15:03:30.1712237Z","ServerTimestamp":"2024-04-27T15:03:30.1712278Z"}}}]