[{"SequenceNumber":29,"MetaDataVersion":{"MajorVersion":1},"Timestamp":"2024-04-27T15:03:59.4696846Z","MessageType":"ua-deltaframe","DataSetWriterName":"MES","Payload":{"nsu=http://opcfoundation.org/UA/Plc/Applications;s=StepUp":{"Value":332,"SourceTimestamp":"2024-04-27T15:03:59.3747834Z","ServerTimestamp":"2024-04-27T15:03:59.3747874Z"},"nsu=http://opcfoundation.org/UA/Plc/Applications;s=RandomSignedInt32":{"Value":-184485731,"SourceTimestamp":"2024-04-27T15:03:59.3747975Z","ServerTimestamp":"2024-04-27T15:03:59.374799Z"},"nsu=http://opcfoundation.org/UA/Plc/Applications;s=RandomUnsignedInt32":{"Value":567764015,"SourceTimestamp":"2024-04-27T15:03:59.3748145Z","ServerTimestamp":"2024-04-27T15:03:59.3748262Z"},"nsu=http://opcfoundation.org/UA/Plc/Applications;s=DipData":{"Value":68.45471059286885,"SourceTimestamp":"2024-04-27T15:03:59.3748168Z","ServerTimestamp":"2024-04-27T15:03:59.3748247Z"},"nsu=http://opcfoundation.org/UA/Plc/Applications;s=FastUIntScalar1":{"Value":33,"SourceTimestamp":"2024-04-27T15:03:59.170426Z","ServerTimestamp":"2024-04-27T15:03:59.1704277Z"}}}]