[{"SequenceNumber":30,"MetaDataVersion":{"MajorVersion":1},"Timestamp":"2024-04-27T15:04:00.4613993Z","MessageType":"ua-deltaframe","DataSetWriterName":"MES","Payload":{"nsu=http://opcfoundation.org/UA/Plc/Applications;s=StepUp":{"Value":342,"SourceTimestamp":"2024-04-27T15:04:00.3685385Z","ServerTimestamp":"2024-04-27T15:04:00.3685421Z"},"nsu=http://opcfoundation.org/UA/Plc/Applications;s=RandomSignedInt32":{"Value":-1270322840,"SourceTimestamp":"2024-04-27T15:04:00.3685481Z","ServerTimestamp":"2024-04-27T15:04:00.3686012Z"},"nsu=http://opcfoundation.org/UA/Plc/Applications;s=RandomUnsignedInt32":{"Value":1318009584,"SourceTimestamp":"2024-04-27T15:04:00.3685569Z","ServerTimestamp":"2024-04-27T15:04:00.3685592Z"},"nsu=http://opcfoundation.org/UA/Plc/Applications;s=DipData":{"Value":90.482705246601952,"SourceTimestamp":"2024-04-27T15:04:00.3685678Z","ServerTimestamp":"2024-04-27T15:04:00.3685684Z"},"nsu=http://opcfoundation.org/UA/Plc/Applications;s=FastUIntScalar1":{"Value":34,"SourceTimestamp":"2024-04-27T15:04:00.1676857Z","ServerTimestamp":"2024-04-27T15:04:00.1676881Z"}}}]