{"MessageId":"fa86db82-dcc4-4a77-8833-648dad6d133b","MessageType":"ua-data","PublisherId":"DESKTOP-BGFJS91","DataSetWriterGroup":"Assembly","Messages":[{"MetaDataVersion":{"MajorVersion":1},"MessageType":"ua-deltaframe","DataSetWriterName":"<<UnknownDataSet>>","Payload":{"nsu=http://opcfoundation.org/UA/Plc/Applications;s=NegativeTrendData":{"Value":98.700000000000003,"SourceTimestamp":"2024-04-26T11:58:43.597927Z"},"nsu=http://opcfoundation.org/UA/Plc/Applications;s=PositiveTrendData":{"Value":101.59999999999999,"SourceTimestamp":"2024-04-26T11:58:43.5979356Z"}}}]}