{"i=2258":"2024-04-28T10:44:59.7534647Z","nsu=http://opcfoundation.org/UA/Plc/Applications;s=StepUp":1030,"nsu=http://opcfoundation.org/UA/Plc/Applications;s=AlternatingBoolean":true,"nsu=http://opcfoundation.org/UA/Plc/Applications;s=RandomSignedInt32":212652125,"nsu=http://opcfoundation.org/UA/Plc/Applications;s=RandomUnsignedInt32":1424828509,"nsu=http://opcfoundation.org/UA/Plc/Applications;s=DipData":48.175367410171518,"nsu=http://opcfoundation.org/UA/Plc/Applications;s=FastUIntScalar1":103,"nsu=http://opcfoundation.org/UA/Plc/Applications;s=FastUIntScalar2":103,"nsu=http://opcfoundation.org/UA/Plc/Applications;s=FastUIntScalar3":103,"nsu=http://opcfoundation.org/UA/Plc/Applications;s=FastRandomUIntScalar1":2009161303,"nsu=http://opcfoundation.org/UA/Plc/Applications;s=FastRandomUIntScalar2":4176851789,"nsu=http://opcfoundation.org/UA/Plc/Applications;s=FastRandomUIntScalar3":2107942810,"nsu=http://opcfoundation.org/UA/Plc/Applications;s=NegativeTrendData":98.299999999999997,"nsu=http://opcfoundation.org/UA/Plc/Applications;s=PositiveTrendData":102,"nsu=http://opcfoundation.org/UA/Plc/Applications;s=SlowUIntScalar1":10,"nsu=http://opcfoundation.org/UA/Plc/Applications;s=SlowUIntScalar2":10,"nsu=http://opcfoundation.org/UA/Plc/Applications;s=SlowUIntScalar3":10,"nsu=http://opcfoundation.org/UA/Plc/Applications;s=BadSlowUIntScalar1":null,"nsu=http://opcfoundation.org/UA/Plc/Applications;s=SlowRandomUIntScalar1":3324662816,"nsu=http://opcfoundation.org/UA/Plc/Applications;s=SlowRandomUIntScalar2":573123667,"nsu=http://opcfoundation.org/UA/Plc/Applications;s=SlowRandomUIntScalar3":1864024527,"nsu=http://opcfoundation.org/UA/Plc/Applications;s=BadSlowRandomUIntScalar1":null,"nsu=http://opcfoundation.org/UA/Plc/Applications;s=SpikeData":48.175367410171518,"ns=23;i=1259":-1.49}