{"i=2258":"2024-04-28T10:45:04.7539139Z","nsu=http://opcfoundation.org/UA/Plc/Applications;s=StepUp":1080,"nsu=http://opcfoundation.org/UA/Plc/Applications;s=AlternatingBoolean":false,"nsu=http://opcfoundation.org/UA/Plc/Applications;s=RandomSignedInt32":1818367804,"nsu=http://opcfoundation.org/UA/Plc/Applications;s=RandomUnsignedInt32":1621120260,"nsu=http://opcfoundation.org/UA/Plc/Applications;s=DipData":48.175367410171518,"nsu=http://opcfoundation.org/UA/Plc/Applications;s=FastUIntScalar1":108,"nsu=http://opcfoundation.org/UA/Plc/Applications;s=FastUIntScalar2":108,"nsu=http://opcfoundation.org/UA/Plc/Applications;s=FastUIntScalar3":108,"nsu=http://opcfoundation.org/UA/Plc/Applications;s=FastRandomUIntScalar1":1597524098,"nsu=http://opcfoundation.org/UA/Plc/Applications;s=FastRandomUIntScalar2":2745698826,"nsu=http://opcfoundation.org/UA/Plc/Applications;s=FastRandomUIntScalar3":1259680876,"nsu=http://opcfoundation.org/UA/Plc/Applications;s=NegativeTrendData":98.200000000000003,"nsu=http://opcfoundation.org/UA/Plc/Applications;s=PositiveTrendData":102.09999999999999,"nsu=http://opcfoundation.org/UA/Plc/Applications;s=SlowUIntScalar1":10,"nsu=http://opcfoundation.org/UA/Plc/Applications;s=SlowUIntScalar2":10,"nsu=http://opcfoundation.org/UA/Plc/Applications;s=SlowUIntScalar3":10,"nsu=http://opcfoundation.org/UA/Plc/Applications;s=BadSlowUIntScalar1":null,"nsu=http://opcfoundation.org/UA/Plc/Applications;s=SlowRandomUIntScalar1":3324662816,"nsu=http://opcfoundation.org/UA/Plc/Applications;s=SlowRandomUIntScalar2":573123667,"nsu=http://opcfoundation.org/UA/Plc/Applications;s=SlowRandomUIntScalar3":1864024527,"nsu=http://opcfoundation.org/UA/Plc/Applications;s=BadSlowRandomUIntScalar1":null,"nsu=http://opcfoundation.org/UA/Plc/Applications;s=SpikeData":48.175367410171518,"ns=23;i=1259":-1.72}