{"i=2258":"2024-04-28T10:43:28.7511365Z","nsu=http://opcfoundation.org/UA/Plc/Applications;s=StepUp":120,"nsu=http://opcfoundation.org/UA/Plc/Applications;s=AlternatingBoolean":true,"nsu=http://opcfoundation.org/UA/Plc/Applications;s=RandomSignedInt32":452276494,"nsu=http://opcfoundation.org/UA/Plc/Applications;s=RandomUnsignedInt32":369539408,"nsu=http://opcfoundation.org/UA/Plc/Applications;s=DipData":-68.454710592868878,"nsu=http://opcfoundation.org/UA/Plc/Applications;s=FastUIntScalar1":12,"nsu=http://opcfoundation.org/UA/Plc/Applications;s=FastUIntScalar2":12,"nsu=http://opcfoundation.org/UA/Plc/Applications;s=FastUIntScalar3":12,"nsu=http://opcfoundation.org/UA/Plc/Applications;s=FastRandomUIntScalar1":3677380880,"nsu=http://opcfoundation.org/UA/Plc/Applications;s=FastRandomUIntScalar2":306933872,"nsu=http://opcfoundation.org/UA/Plc/Applications;s=FastRandomUIntScalar3":1218774139,"nsu=http://opcfoundation.org/UA/Plc/Applications;s=NegativeTrendData":100,"nsu=http://opcfoundation.org/UA/Plc/Applications;s=PositiveTrendData":100.2,"nsu=http://opcfoundation.org/UA/Plc/Applications;s=SlowUIntScalar1":1,"nsu=http://opcfoundation.org/UA/Plc/Applications;s=SlowUIntScalar2":1,"nsu=http://opcfoundation.org/UA/Plc/Applications;s=SlowUIntScalar3":1,"nsu=http://opcfoundation.org/UA/Plc/Applications;s=BadSlowUIntScalar1":1,"nsu=http://opcfoundation.org/UA/Plc/Applications;s=SlowRandomUIntScalar1":1219692404,"nsu=http://opcfoundation.org/UA/Plc/Applications;s=SlowRandomUIntScalar2":4037969959,"nsu=http://opcfoundation.org/UA/Plc/Applications;s=SlowRandomUIntScalar3":1004639045,"nsu=http://opcfoundation.org/UA/Plc/Applications;s=BadSlowRandomUIntScalar1":2458800639,"nsu=http://opcfoundation.org/UA/Plc/Applications;s=SpikeData":-68.454710592868878,"ns=23;i=1259":0.41100000000000003}