{"i=2258":"2024-04-28T10:45:08.7451051Z","nsu=http://opcfoundation.org/UA/Plc/Applications;s=StepUp":1120,"nsu=http://opcfoundation.org/UA/Plc/Applications;s=AlternatingBoolean":true,"nsu=http://opcfoundation.org/UA/Plc/Applications;s=RandomSignedInt32":1147372232,"nsu=http://opcfoundation.org/UA/Plc/Applications;s=RandomUnsignedInt32":209956059,"nsu=http://opcfoundation.org/UA/Plc/Applications;s=DipData":-68.454710592868878,"nsu=http://opcfoundation.org/UA/Plc/Applications;s=FastUIntScalar1":112,"nsu=http://opcfoundation.org/UA/Plc/Applications;s=FastUIntScalar2":112,"nsu=http://opcfoundation.org/UA/Plc/Applications;s=FastUIntScalar3":112,"nsu=http://opcfoundation.org/UA/Plc/Applications;s=FastRandomUIntScalar1":2411114181,"nsu=http://opcfoundation.org/UA/Plc/Applications;s=FastRandomUIntScalar2":2535797388,"nsu=http://opcfoundation.org/UA/Plc/Applications;s=FastRandomUIntScalar3":4241068023,"nsu=http://opcfoundation.org/UA/Plc/Applications;s=NegativeTrendData":98.099999999999994,"nsu=http://opcfoundation.org/UA/Plc/Applications;s=PositiveTrendData":102.2,"nsu=http://opcfoundation.org/UA/Plc/Applications;s=SlowUIntScalar1":11,"nsu=http://opcfoundation.org/UA/Plc/Applications;s=SlowUIntScalar2":11,"nsu=http://opcfoundation.org/UA/Plc/Applications;s=SlowUIntScalar3":11,"nsu=http://opcfoundation.org/UA/Plc/Applications;s=BadSlowUIntScalar1":1,"nsu=http://opcfoundation.org/UA/Plc/Applications;s=SlowRandomUIntScalar1":1398277309,"nsu=http://opcfoundation.org/UA/Plc/Applications;s=SlowRandomUIntScalar2":2596642379,"nsu=http://opcfoundation.org/UA/Plc/Applications;s=SlowRandomUIntScalar3":2206461547,"nsu=http://opcfoundation.org/UA/Plc/Applications;s=BadSlowRandomUIntScalar1":2050940276,"nsu=http://opcfoundation.org/UA/Plc/Applications;s=SpikeData":-68.454710592868878,"ns=23;i=1259":1.78}