{"i=2258":"2024-04-28T10:45:09.7398001Z","nsu=http://opcfoundation.org/UA/Plc/Applications;s=StepUp":1130,"nsu=http://opcfoundation.org/UA/Plc/Applications;s=AlternatingBoolean":true,"nsu=http://opcfoundation.org/UA/Plc/Applications;s=RandomSignedInt32":-1011872288,"nsu=http://opcfoundation.org/UA/Plc/Applications;s=RandomUnsignedInt32":342124017,"nsu=http://opcfoundation.org/UA/Plc/Applications;s=DipData":48.175367410171518,"nsu=http://opcfoundation.org/UA/Plc/Applications;s=FastUIntScalar1":113,"nsu=http://opcfoundation.org/UA/Plc/Applications;s=FastUIntScalar2":113,"nsu=http://opcfoundation.org/UA/Plc/Applications;s=FastUIntScalar3":113,"nsu=http://opcfoundation.org/UA/Plc/Applications;s=FastRandomUIntScalar1":3454917089,"nsu=http://opcfoundation.org/UA/Plc/Applications;s=FastRandomUIntScalar2":2958764262,"nsu=http://opcfoundation.org/UA/Plc/Applications;s=FastRandomUIntScalar3":2572378407,"nsu=http://opcfoundation.org/UA/Plc/Applications;s=NegativeTrendData":98.099999999999994,"nsu=http://opcfoundation.org/UA/Plc/Applications;s=PositiveTrendData":102.2,"nsu=http://opcfoundation.org/UA/Plc/Applications;s=SlowUIntScalar1":11,"nsu=http://opcfoundation.org/UA/Plc/Applications;s=SlowUIntScalar2":11,"nsu=http://opcfoundation.org/UA/Plc/Applications;s=SlowUIntScalar3":11,"nsu=http://opcfoundation.org/UA/Plc/Applications;s=BadSlowUIntScalar1":1,"nsu=http://opcfoundation.org/UA/Plc/Applications;s=SlowRandomUIntScalar1":1398277309,"nsu=http://opcfoundation.org/UA/Plc/Applications;s=SlowRandomUIntScalar2":2596642379,"nsu=http://opcfoundation.org/UA/Plc/Applications;s=SlowRandomUIntScalar3":2206461547,"nsu=http://opcfoundation.org/UA/Plc/Applications;s=BadSlowRandomUIntScalar1":2050940276,"nsu=http://opcfoundation.org/UA/Plc/Applications;s=SpikeData":48.175367410171518,"ns=23;i=1259":0.73699999999999999}