{"i=2258":"2024-04-28T10:45:11.7453249Z","nsu=http://opcfoundation.org/UA/Plc/Applications;s=StepUp":1150,"nsu=http://opcfoundation.org/UA/Plc/Applications;s=AlternatingBoolean":true,"nsu=http://opcfoundation.org/UA/Plc/Applications;s=RandomSignedInt32":1213966377,"nsu=http://opcfoundation.org/UA/Plc/Applications;s=RandomUnsignedInt32":1735390483,"nsu=http://opcfoundation.org/UA/Plc/Applications;s=DipData":12.533323356430426,"nsu=http://opcfoundation.org/UA/Plc/Applications;s=FastUIntScalar1":115,"nsu=http://opcfoundation.org/UA/Plc/Applications;s=FastUIntScalar2":115,"nsu=http://opcfoundation.org/UA/Plc/Applications;s=FastUIntScalar3":115,"nsu=http://opcfoundation.org/UA/Plc/Applications;s=FastRandomUIntScalar1":2290493731,"nsu=http://opcfoundation.org/UA/Plc/Applications;s=FastRandomUIntScalar2":3062487554,"nsu=http://opcfoundation.org/UA/Plc/Applications;s=FastRandomUIntScalar3":2304792917,"nsu=http://opcfoundation.org/UA/Plc/Applications;s=NegativeTrendData":98.099999999999994,"nsu=http://opcfoundation.org/UA/Plc/Applications;s=PositiveTrendData":102.2,"nsu=http://opcfoundation.org/UA/Plc/Applications;s=SlowUIntScalar1":11,"nsu=http://opcfoundation.org/UA/Plc/Applications;s=SlowUIntScalar2":11,"nsu=http://opcfoundation.org/UA/Plc/Applications;s=SlowUIntScalar3":11,"nsu=http://opcfoundation.org/UA/Plc/Applications;s=BadSlowUIntScalar1":1,"nsu=http://opcfoundation.org/UA/Plc/Applications;s=SlowRandomUIntScalar1":1398277309,"nsu=http://opcfoundation.org/UA/Plc/Applications;s=SlowRandomUIntScalar2":2596642379,"nsu=http://opcfoundation.org/UA/Plc/Applications;s=SlowRandomUIntScalar3":2206461547,"nsu=http://opcfoundation.org/UA/Plc/Applications;s=BadSlowRandomUIntScalar1":2050940276,"nsu=http://opcfoundation.org/UA/Plc/Applications;s=SpikeData":12.533323356430426,"ns=23;i=1259":-0}