{"i=2258":"2024-04-28T10:43:36.7488487Z","nsu=http://opcfoundation.org/UA/Plc/Applications;s=StepUp":200,"nsu=http://opcfoundation.org/UA/Plc/Applications;s=AlternatingBoolean":false,"nsu=http://opcfoundation.org/UA/Plc/Applications;s=RandomSignedInt32":-160721634,"nsu=http://opcfoundation.org/UA/Plc/Applications;s=RandomUnsignedInt32":1548517589,"nsu=http://opcfoundation.org/UA/Plc/Applications;s=DipData":12.533323356430426,"nsu=http://opcfoundation.org/UA/Plc/Applications;s=FastUIntScalar1":20,"nsu=http://opcfoundation.org/UA/Plc/Applications;s=FastUIntScalar2":20,"nsu=http://opcfoundation.org/UA/Plc/Applications;s=FastUIntScalar3":20,"nsu=http://opcfoundation.org/UA/Plc/Applications;s=FastRandomUIntScalar1":1076743706,"nsu=http://opcfoundation.org/UA/Plc/Applications;s=FastRandomUIntScalar2":2225349498,"nsu=http://opcfoundation.org/UA/Plc/Applications;s=FastRandomUIntScalar3":250910264,"nsu=http://opcfoundation.org/UA/Plc/Applications;s=NegativeTrendData":100,"nsu=http://opcfoundation.org/UA/Plc/Applications;s=PositiveTrendData":100.3,"nsu=http://opcfoundation.org/UA/Plc/Applications;s=SlowUIntScalar1":2,"nsu=http://opcfoundation.org/UA/Plc/Applications;s=SlowUIntScalar2":2,"nsu=http://opcfoundation.org/UA/Plc/Applications;s=SlowUIntScalar3":2,"nsu=http://opcfoundation.org/UA/Plc/Applications;s=BadSlowUIntScalar1":2,"nsu=http://opcfoundation.org/UA/Plc/Applications;s=SlowRandomUIntScalar1":3128793705,"nsu=http://opcfoundation.org/UA/Plc/Applications;s=SlowRandomUIntScalar2":3095989667,"nsu=http://opcfoundation.org/UA/Plc/Applications;s=SlowRandomUIntScalar3":4263880670,"nsu=http://opcfoundation.org/UA/Plc/Applications;s=BadSlowRandomUIntScalar1":3263747882,"nsu=http://opcfoundation.org/UA/Plc/Applications;s=SpikeData":12.533323356430426,"ns=23;i=1259":-0.81400000000000006}