{"i=2258":"2024-04-28T10:43:40.7479Z","nsu=http://opcfoundation.org/UA/Plc/Applications;s=StepUp":240,"nsu=http://opcfoundation.org/UA/Plc/Applications;s=AlternatingBoolean":true,"nsu=http://opcfoundation.org/UA/Plc/Applications;s=RandomSignedInt32":1588111426,"nsu=http://opcfoundation.org/UA/Plc/Applications;s=RandomUnsignedInt32":1373340047,"nsu=http://opcfoundation.org/UA/Plc/Applications;s=DipData":98.228725072868869,"nsu=http://opcfoundation.org/UA/Plc/Applications;s=FastUIntScalar1":24,"nsu=http://opcfoundation.org/UA/Plc/Applications;s=FastUIntScalar2":24,"nsu=http://opcfoundation.org/UA/Plc/Applications;s=FastUIntScalar3":24,"nsu=http://opcfoundation.org/UA/Plc/Applications;s=FastRandomUIntScalar1":2854024348,"nsu=http://opcfoundation.org/UA/Plc/Applications;s=FastRandomUIntScalar2":1890196186,"nsu=http://opcfoundation.org/UA/Plc/Applications;s=FastRandomUIntScalar3":764438276,"nsu=http://opcfoundation.org/UA/Plc/Applications;s=NegativeTrendData":99.900000000000006,"nsu=http://opcfoundation.org/UA/Plc/Applications;s=PositiveTrendData":100.40000000000001,"nsu=http://opcfoundation.org/UA/Plc/Applications;s=SlowUIntScalar1":2,"nsu=http://opcfoundation.org/UA/Plc/Applications;s=SlowUIntScalar2":2,"nsu=http://opcfoundation.org/UA/Plc/Applications;s=SlowUIntScalar3":2,"nsu=http://opcfoundation.org/UA/Plc/Applications;s=BadSlowUIntScalar1":2,"nsu=http://opcfoundation.org/UA/Plc/Applications;s=SlowRandomUIntScalar1":3128793705,"nsu=http://opcfoundation.org/UA/Plc/Applications;s=SlowRandomUIntScalar2":3095989667,"nsu=http://opcfoundation.org/UA/Plc/Applications;s=SlowRandomUIntScalar3":4263880670,"nsu=http://opcfoundation.org/UA/Plc/Applications;s=BadSlowRandomUIntScalar1":3263747882,"nsu=http://opcfoundation.org/UA/Plc/Applications;s=SpikeData":98.228725072868869,"ns=23;i=1259":1.9199999999999999}