{"i=2258":"2024-04-28T10:43:44.7497941Z","nsu=http://opcfoundation.org/UA/Plc/Applications;s=StepUp":280,"nsu=http://opcfoundation.org/UA/Plc/Applications;s=AlternatingBoolean":false,"nsu=http://opcfoundation.org/UA/Plc/Applications;s=RandomSignedInt32":-1868333951,"nsu=http://opcfoundation.org/UA/Plc/Applications;s=RandomUnsignedInt32":69528549,"nsu=http://opcfoundation.org/UA/Plc/Applications;s=DipData":48.175367410171518,"nsu=http://opcfoundation.org/UA/Plc/Applications;s=FastUIntScalar1":28,"nsu=http://opcfoundation.org/UA/Plc/Applications;s=FastUIntScalar2":28,"nsu=http://opcfoundation.org/UA/Plc/Applications;s=FastUIntScalar3":28,"nsu=http://opcfoundation.org/UA/Plc/Applications;s=FastRandomUIntScalar1":2412684744,"nsu=http://opcfoundation.org/UA/Plc/Applications;s=FastRandomUIntScalar2":1251910132,"nsu=http://opcfoundation.org/UA/Plc/Applications;s=FastRandomUIntScalar3":1350322874,"nsu=http://opcfoundation.org/UA/Plc/Applications;s=NegativeTrendData":99.799999999999997,"nsu=http://opcfoundation.org/UA/Plc/Applications;s=PositiveTrendData":100.5,"nsu=http://opcfoundation.org/UA/Plc/Applications;s=SlowUIntScalar1":2,"nsu=http://opcfoundation.org/UA/Plc/Applications;s=SlowUIntScalar2":2,"nsu=http://opcfoundation.org/UA/Plc/Applications;s=SlowUIntScalar3":2,"nsu=http://opcfoundation.org/UA/Plc/Applications;s=BadSlowUIntScalar1":2,"nsu=http://opcfoundation.org/UA/Plc/Applications;s=SlowRandomUIntScalar1":3128793705,"nsu=http://opcfoundation.org/UA/Plc/Applications;s=SlowRandomUIntScalar2":3095989667,"nsu=http://opcfoundation.org/UA/Plc/Applications;s=SlowRandomUIntScalar3":4263880670,"nsu=http://opcfoundation.org/UA/Plc/Applications;s=BadSlowRandomUIntScalar1":3263747882,"nsu=http://opcfoundation.org/UA/Plc/Applications;s=SpikeData":48.175367410171518,"ns=23;i=1259":-0.013800000000000002}