{"i=2258":"2024-04-28T10:43:20.7530126Z","nsu=http://opcfoundation.org/UA/Plc/Applications;s=StepUp":40,"nsu=http://opcfoundation.org/UA/Plc/Applications;s=AlternatingBoolean":true,"nsu=http://opcfoundation.org/UA/Plc/Applications;s=RandomSignedInt32":466851071,"nsu=http://opcfoundation.org/UA/Plc/Applications;s=RandomUnsignedInt32":600285588,"nsu=http://opcfoundation.org/UA/Plc/Applications;s=DipData":98.228725072868869,"nsu=http://opcfoundation.org/UA/Plc/Applications;s=FastUIntScalar1":4,"nsu=http://opcfoundation.org/UA/Plc/Applications;s=FastUIntScalar2":4,"nsu=http://opcfoundation.org/UA/Plc/Applications;s=FastUIntScalar3":4,"nsu=http://opcfoundation.org/UA/Plc/Applications;s=FastRandomUIntScalar1":2912269284,"nsu=http://opcfoundation.org/UA/Plc/Applications;s=FastRandomUIntScalar2":3125885254,"nsu=http://opcfoundation.org/UA/Plc/Applications;s=FastRandomUIntScalar3":3379660391,"nsu=http://opcfoundation.org/UA/Plc/Applications;s=NegativeTrendData":100,"nsu=http://opcfoundation.org/UA/Plc/Applications;s=PositiveTrendData":100,"nsu=http://opcfoundation.org/UA/Plc/Applications;s=SlowUIntScalar1":0,"nsu=http://opcfoundation.org/UA/Plc/Applications;s=SlowUIntScalar2":0,"nsu=http://opcfoundation.org/UA/Plc/Applications;s=SlowUIntScalar3":0,"nsu=http://opcfoundation.org/UA/Plc/Applications;s=BadSlowUIntScalar1":0,"nsu=http://opcfoundation.org/UA/Plc/Applications;s=SlowRandomUIntScalar1":0,"nsu=http://opcfoundation.org/UA/Plc/Applications;s=SlowRandomUIntScalar2":0,"nsu=http://opcfoundation.org/UA/Plc/Applications;s=SlowRandomUIntScalar3":0,"nsu=http://opcfoundation.org/UA/Plc/Applications;s=BadSlowRandomUIntScalar1":0,"nsu=http://opcfoundation.org/UA/Plc/Applications;s=SpikeData":98.228725072868869,"ns=23;i=1259":-1}