{"i=2258":"2024-04-28T10:43:48.745581Z","nsu=http://opcfoundation.org/UA/Plc/Applications;s=StepUp":320,"nsu=http://opcfoundation.org/UA/Plc/Applications;s=AlternatingBoolean":true,"nsu=http://opcfoundation.org/UA/Plc/Applications;s=RandomSignedInt32":1695048114,"nsu=http://opcfoundation.org/UA/Plc/Applications;s=RandomUnsignedInt32":1920966389,"nsu=http://opcfoundation.org/UA/Plc/Applications;s=DipData":-68.454710592868878,"nsu=http://opcfoundation.org/UA/Plc/Applications;s=FastUIntScalar1":32,"nsu=http://opcfoundation.org/UA/Plc/Applications;s=FastUIntScalar2":32,"nsu=http://opcfoundation.org/UA/Plc/Applications;s=FastUIntScalar3":32,"nsu=http://opcfoundation.org/UA/Plc/Applications;s=FastRandomUIntScalar1":2683867128,"nsu=http://opcfoundation.org/UA/Plc/Applications;s=FastRandomUIntScalar2":108940569,"nsu=http://opcfoundation.org/UA/Plc/Applications;s=FastRandomUIntScalar3":2351878220,"nsu=http://opcfoundation.org/UA/Plc/Applications;s=NegativeTrendData":99.700000000000003,"nsu=http://opcfoundation.org/UA/Plc/Applications;s=PositiveTrendData":100.59999999999999,"nsu=http://opcfoundation.org/UA/Plc/Applications;s=SlowUIntScalar1":3,"nsu=http://opcfoundation.org/UA/Plc/Applications;s=SlowUIntScalar2":3,"nsu=http://opcfoundation.org/UA/Plc/Applications;s=SlowUIntScalar3":3,"nsu=http://opcfoundation.org/UA/Plc/Applications;s=BadSlowUIntScalar1":3,"nsu=http://opcfoundation.org/UA/Plc/Applications;s=SlowRandomUIntScalar1":1668277880,"nsu=http://opcfoundation.org/UA/Plc/Applications;s=SlowRandomUIntScalar2":3532027593,"nsu=http://opcfoundation.org/UA/Plc/Applications;s=SlowRandomUIntScalar3":2220133563,"nsu=http://opcfoundation.org/UA/Plc/Applications;s=BadSlowRandomUIntScalar1":2223998145,"nsu=http://opcfoundation.org/UA/Plc/Applications;s=SpikeData":-68.454710592868878,"ns=23;i=1259":0.255}