{"i=2258":"2024-04-28T10:43:50.7458575Z","nsu=http://opcfoundation.org/UA/Plc/Applications;s=StepUp":340,"nsu=http://opcfoundation.org/UA/Plc/Applications;s=AlternatingBoolean":true,"nsu=http://opcfoundation.org/UA/Plc/Applications;s=RandomSignedInt32":1552735541,"nsu=http://opcfoundation.org/UA/Plc/Applications;s=RandomUnsignedInt32":1809888459,"nsu=http://opcfoundation.org/UA/Plc/Applications;s=DipData":98.228725072868869,"nsu=http://opcfoundation.org/UA/Plc/Applications;s=FastUIntScalar1":34,"nsu=http://opcfoundation.org/UA/Plc/Applications;s=FastUIntScalar2":34,"nsu=http://opcfoundation.org/UA/Plc/Applications;s=FastUIntScalar3":34,"nsu=http://opcfoundation.org/UA/Plc/Applications;s=FastRandomUIntScalar1":3646622527,"nsu=http://opcfoundation.org/UA/Plc/Applications;s=FastRandomUIntScalar2":2464635333,"nsu=http://opcfoundation.org/UA/Plc/Applications;s=FastRandomUIntScalar3":3655421387,"nsu=http://opcfoundation.org/UA/Plc/Applications;s=NegativeTrendData":99.700000000000003,"nsu=http://opcfoundation.org/UA/Plc/Applications;s=PositiveTrendData":100.59999999999999,"nsu=http://opcfoundation.org/UA/Plc/Applications;s=SlowUIntScalar1":3,"nsu=http://opcfoundation.org/UA/Plc/Applications;s=SlowUIntScalar2":3,"nsu=http://opcfoundation.org/UA/Plc/Applications;s=SlowUIntScalar3":3,"nsu=http://opcfoundation.org/UA/Plc/Applications;s=BadSlowUIntScalar1":3,"nsu=http://opcfoundation.org/UA/Plc/Applications;s=SlowRandomUIntScalar1":1668277880,"nsu=http://opcfoundation.org/UA/Plc/Applications;s=SlowRandomUIntScalar2":3532027593,"nsu=http://opcfoundation.org/UA/Plc/Applications;s=SlowRandomUIntScalar3":2220133563,"nsu=http://opcfoundation.org/UA/Plc/Applications;s=BadSlowRandomUIntScalar1":2223998145,"nsu=http://opcfoundation.org/UA/Plc/Applications;s=SpikeData":1000,"ns=23;i=1259":-0.498}