{"i=2258":"2024-04-28T10:43:52.7464513Z","nsu=http://opcfoundation.org/UA/Plc/Applications;s=StepUp":360,"nsu=http://opcfoundation.org/UA/Plc/Applications;s=AlternatingBoolean":false,"nsu=http://opcfoundation.org/UA/Plc/Applications;s=RandomSignedInt32":-1684992602,"nsu=http://opcfoundation.org/UA/Plc/Applications;s=RandomUnsignedInt32":891042906,"nsu=http://opcfoundation.org/UA/Plc/Applications;s=DipData":-90.482705246601952,"nsu=http://opcfoundation.org/UA/Plc/Applications;s=FastUIntScalar1":36,"nsu=http://opcfoundation.org/UA/Plc/Applications;s=FastUIntScalar2":36,"nsu=http://opcfoundation.org/UA/Plc/Applications;s=FastUIntScalar3":36,"nsu=http://opcfoundation.org/UA/Plc/Applications;s=FastRandomUIntScalar1":3779752969,"nsu=http://opcfoundation.org/UA/Plc/Applications;s=FastRandomUIntScalar2":276293493,"nsu=http://opcfoundation.org/UA/Plc/Applications;s=FastRandomUIntScalar3":1041861840,"nsu=http://opcfoundation.org/UA/Plc/Applications;s=NegativeTrendData":99.599999999999994,"nsu=http://opcfoundation.org/UA/Plc/Applications;s=PositiveTrendData":100.7,"nsu=http://opcfoundation.org/UA/Plc/Applications;s=SlowUIntScalar1":3,"nsu=http://opcfoundation.org/UA/Plc/Applications;s=SlowUIntScalar2":3,"nsu=http://opcfoundation.org/UA/Plc/Applications;s=SlowUIntScalar3":3,"nsu=http://opcfoundation.org/UA/Plc/Applications;s=BadSlowUIntScalar1":3,"nsu=http://opcfoundation.org/UA/Plc/Applications;s=SlowRandomUIntScalar1":1668277880,"nsu=http://opcfoundation.org/UA/Plc/Applications;s=SlowRandomUIntScalar2":3532027593,"nsu=http://opcfoundation.org/UA/Plc/Applications;s=SlowRandomUIntScalar3":2220133563,"nsu=http://opcfoundation.org/UA/Plc/Applications;s=BadSlowRandomUIntScalar1":2223998145,"nsu=http://opcfoundation.org/UA/Plc/Applications;s=SpikeData":-90.482705246601952,"ns=23;i=1259":-0.46800000000000003}