{"i=2258":"2024-04-28T10:43:21.7520248Z","nsu=http://opcfoundation.org/UA/Plc/Applications;s=StepUp":50,"nsu=http://opcfoundation.org/UA/Plc/Applications;s=AlternatingBoolean":true,"nsu=http://opcfoundation.org/UA/Plc/Applications;s=RandomSignedInt32":48709202,"nsu=http://opcfoundation.org/UA/Plc/Applications;s=RandomUnsignedInt32":368154040,"nsu=http://opcfoundation.org/UA/Plc/Applications;s=DipData":12.533323356430426,"nsu=http://opcfoundation.org/UA/Plc/Applications;s=FastUIntScalar1":5,"nsu=http://opcfoundation.org/UA/Plc/Applications;s=FastUIntScalar2":5,"nsu=http://opcfoundation.org/UA/Plc/Applications;s=FastUIntScalar3":5,"nsu=http://opcfoundation.org/UA/Plc/Applications;s=FastRandomUIntScalar1":2634912808,"nsu=http://opcfoundation.org/UA/Plc/Applications;s=FastRandomUIntScalar2":485721050,"nsu=http://opcfoundation.org/UA/Plc/Applications;s=FastRandomUIntScalar3":3158678171,"nsu=http://opcfoundation.org/UA/Plc/Applications;s=NegativeTrendData":100,"nsu=http://opcfoundation.org/UA/Plc/Applications;s=PositiveTrendData":100,"nsu=http://opcfoundation.org/UA/Plc/Applications;s=SlowUIntScalar1":0,"nsu=http://opcfoundation.org/UA/Plc/Applications;s=SlowUIntScalar2":0,"nsu=http://opcfoundation.org/UA/Plc/Applications;s=SlowUIntScalar3":0,"nsu=http://opcfoundation.org/UA/Plc/Applications;s=BadSlowUIntScalar1":0,"nsu=http://opcfoundation.org/UA/Plc/Applications;s=SlowRandomUIntScalar1":0,"nsu=http://opcfoundation.org/UA/Plc/Applications;s=SlowRandomUIntScalar2":0,"nsu=http://opcfoundation.org/UA/Plc/Applications;s=SlowRandomUIntScalar3":0,"nsu=http://opcfoundation.org/UA/Plc/Applications;s=BadSlowRandomUIntScalar1":0,"nsu=http://opcfoundation.org/UA/Plc/Applications;s=SpikeData":12.533323356430426,"ns=23;i=1259":-1}