{"i=2258":"2024-04-28T10:43:57.7463191Z","nsu=http://opcfoundation.org/UA/Plc/Applications;s=StepUp":410,"nsu=http://opcfoundation.org/UA/Plc/Applications;s=AlternatingBoolean":true,"nsu=http://opcfoundation.org/UA/Plc/Applications;s=RandomSignedInt32":9689281,"nsu=http://opcfoundation.org/UA/Plc/Applications;s=RandomUnsignedInt32":323319627,"nsu=http://opcfoundation.org/UA/Plc/Applications;s=DipData":-90.482705246601952,"nsu=http://opcfoundation.org/UA/Plc/Applications;s=FastUIntScalar1":41,"nsu=http://opcfoundation.org/UA/Plc/Applications;s=FastUIntScalar2":41,"nsu=http://opcfoundation.org/UA/Plc/Applications;s=FastUIntScalar3":41,"nsu=http://opcfoundation.org/UA/Plc/Applications;s=FastRandomUIntScalar1":4063870237,"nsu=http://opcfoundation.org/UA/Plc/Applications;s=FastRandomUIntScalar2":2069573794,"nsu=http://opcfoundation.org/UA/Plc/Applications;s=FastRandomUIntScalar3":139013729,"nsu=http://opcfoundation.org/UA/Plc/Applications;s=NegativeTrendData":99.5,"nsu=http://opcfoundation.org/UA/Plc/Applications;s=PositiveTrendData":100.8,"nsu=http://opcfoundation.org/UA/Plc/Applications;s=SlowUIntScalar1":4,"nsu=http://opcfoundation.org/UA/Plc/Applications;s=SlowUIntScalar2":4,"nsu=http://opcfoundation.org/UA/Plc/Applications;s=SlowUIntScalar3":4,"nsu=http://opcfoundation.org/UA/Plc/Applications;s=BadSlowUIntScalar1":4,"nsu=http://opcfoundation.org/UA/Plc/Applications;s=SlowRandomUIntScalar1":1489354997,"nsu=http://opcfoundation.org/UA/Plc/Applications;s=SlowRandomUIntScalar2":1366320650,"nsu=http://opcfoundation.org/UA/Plc/Applications;s=SlowRandomUIntScalar3":3543159229,"nsu=http://opcfoundation.org/UA/Plc/Applications;s=BadSlowRandomUIntScalar1":3491810303,"nsu=http://opcfoundation.org/UA/Plc/Applications;s=SpikeData":-90.482705246601952,"ns=23;i=1259":-1.6899999999999999}