{"i=2258":"2024-04-28T10:43:58.7546907Z","nsu=http://opcfoundation.org/UA/Plc/Applications;s=StepUp":420,"nsu=http://opcfoundation.org/UA/Plc/Applications;s=AlternatingBoolean":true,"nsu=http://opcfoundation.org/UA/Plc/Applications;s=RandomSignedInt32":737836121,"nsu=http://opcfoundation.org/UA/Plc/Applications;s=RandomUnsignedInt32":334346612,"nsu=http://opcfoundation.org/UA/Plc/Applications;s=DipData":-68.454710592868878,"nsu=http://opcfoundation.org/UA/Plc/Applications;s=FastUIntScalar1":42,"nsu=http://opcfoundation.org/UA/Plc/Applications;s=FastUIntScalar2":42,"nsu=http://opcfoundation.org/UA/Plc/Applications;s=FastUIntScalar3":42,"nsu=http://opcfoundation.org/UA/Plc/Applications;s=FastRandomUIntScalar1":3746789033,"nsu=http://opcfoundation.org/UA/Plc/Applications;s=FastRandomUIntScalar2":718979101,"nsu=http://opcfoundation.org/UA/Plc/Applications;s=FastRandomUIntScalar3":2571202796,"nsu=http://opcfoundation.org/UA/Plc/Applications;s=NegativeTrendData":99.5,"nsu=http://opcfoundation.org/UA/Plc/Applications;s=PositiveTrendData":100.8,"nsu=http://opcfoundation.org/UA/Plc/Applications;s=SlowUIntScalar1":4,"nsu=http://opcfoundation.org/UA/Plc/Applications;s=SlowUIntScalar2":4,"nsu=http://opcfoundation.org/UA/Plc/Applications;s=SlowUIntScalar3":4,"nsu=http://opcfoundation.org/UA/Plc/Applications;s=BadSlowUIntScalar1":4,"nsu=http://opcfoundation.org/UA/Plc/Applications;s=SlowRandomUIntScalar1":1489354997,"nsu=http://opcfoundation.org/UA/Plc/Applications;s=SlowRandomUIntScalar2":1366320650,"nsu=http://opcfoundation.org/UA/Plc/Applications;s=SlowRandomUIntScalar3":3543159229,"nsu=http://opcfoundation.org/UA/Plc/Applications;s=BadSlowRandomUIntScalar1":3491810303,"nsu=http://opcfoundation.org/UA/Plc/Applications;s=SpikeData":-68.454710592868878,"ns=23;i=1259":-0.67600000000000005}