{"i=2258":"2024-04-28T10:44:00.7556334Z","nsu=http://opcfoundation.org/UA/Plc/Applications;s=StepUp":440,"nsu=http://opcfoundation.org/UA/Plc/Applications;s=AlternatingBoolean":true,"nsu=http://opcfoundation.org/UA/Plc/Applications;s=RandomSignedInt32":1607521931,"nsu=http://opcfoundation.org/UA/Plc/Applications;s=RandomUnsignedInt32":357753557,"nsu=http://opcfoundation.org/UA/Plc/Applications;s=DipData":-1000,"nsu=http://opcfoundation.org/UA/Plc/Applications;s=FastUIntScalar1":44,"nsu=http://opcfoundation.org/UA/Plc/Applications;s=FastUIntScalar2":44,"nsu=http://opcfoundation.org/UA/Plc/Applications;s=FastUIntScalar3":44,"nsu=http://opcfoundation.org/UA/Plc/Applications;s=FastRandomUIntScalar1":2833721043,"nsu=http://opcfoundation.org/UA/Plc/Applications;s=FastRandomUIntScalar2":4185269089,"nsu=http://opcfoundation.org/UA/Plc/Applications;s=FastRandomUIntScalar3":3436178212,"nsu=http://opcfoundation.org/UA/Plc/Applications;s=NegativeTrendData":99.5,"nsu=http://opcfoundation.org/UA/Plc/Applications;s=PositiveTrendData":100.8,"nsu=http://opcfoundation.org/UA/Plc/Applications;s=SlowUIntScalar1":4,"nsu=http://opcfoundation.org/UA/Plc/Applications;s=SlowUIntScalar2":4,"nsu=http://opcfoundation.org/UA/Plc/Applications;s=SlowUIntScalar3":4,"nsu=http://opcfoundation.org/UA/Plc/Applications;s=BadSlowUIntScalar1":4,"nsu=http://opcfoundation.org/UA/Plc/Applications;s=SlowRandomUIntScalar1":1489354997,"nsu=http://opcfoundation.org/UA/Plc/Applications;s=SlowRandomUIntScalar2":1366320650,"nsu=http://opcfoundation.org/UA/Plc/Applications;s=SlowRandomUIntScalar3":3543159229,"nsu=http://opcfoundation.org/UA/Plc/Applications;s=BadSlowRandomUIntScalar1":3491810303,"nsu=http://opcfoundation.org/UA/Plc/Applications;s=SpikeData":98.228725072868869,"ns=23;i=1259":0.63600000000000001}