{"i=2258":"2024-04-28T10:44:04.7521449Z","nsu=http://opcfoundation.org/UA/Plc/Applications;s=StepUp":480,"nsu=http://opcfoundation.org/UA/Plc/Applications;s=AlternatingBoolean":false,"nsu=http://opcfoundation.org/UA/Plc/Applications;s=RandomSignedInt32":673279193,"nsu=http://opcfoundation.org/UA/Plc/Applications;s=RandomUnsignedInt32":644583814,"nsu=http://opcfoundation.org/UA/Plc/Applications;s=DipData":48.175367410171518,"nsu=http://opcfoundation.org/UA/Plc/Applications;s=FastUIntScalar1":48,"nsu=http://opcfoundation.org/UA/Plc/Applications;s=FastUIntScalar2":48,"nsu=http://opcfoundation.org/UA/Plc/Applications;s=FastUIntScalar3":48,"nsu=http://opcfoundation.org/UA/Plc/Applications;s=FastRandomUIntScalar1":3589718007,"nsu=http://opcfoundation.org/UA/Plc/Applications;s=FastRandomUIntScalar2":1654122804,"nsu=http://opcfoundation.org/UA/Plc/Applications;s=FastRandomUIntScalar3":3782713489,"nsu=http://opcfoundation.org/UA/Plc/Applications;s=NegativeTrendData":99.400000000000006,"nsu=http://opcfoundation.org/UA/Plc/Applications;s=PositiveTrendData":100.90000000000001,"nsu=http://opcfoundation.org/UA/Plc/Applications;s=SlowUIntScalar1":4,"nsu=http://opcfoundation.org/UA/Plc/Applications;s=SlowUIntScalar2":4,"nsu=http://opcfoundation.org/UA/Plc/Applications;s=SlowUIntScalar3":4,"nsu=http://opcfoundation.org/UA/Plc/Applications;s=BadSlowUIntScalar1":4,"nsu=http://opcfoundation.org/UA/Plc/Applications;s=SlowRandomUIntScalar1":1489354997,"nsu=http://opcfoundation.org/UA/Plc/Applications;s=SlowRandomUIntScalar2":1366320650,"nsu=http://opcfoundation.org/UA/Plc/Applications;s=SlowRandomUIntScalar3":3543159229,"nsu=http://opcfoundation.org/UA/Plc/Applications;s=BadSlowRandomUIntScalar1":3491810303,"nsu=http://opcfoundation.org/UA/Plc/Applications;s=SpikeData":48.175367410171518,"ns=23;i=1259":-0.89800000000000002}