{"i=2258":"2024-04-28T10:44:21.7549159Z","nsu=http://opcfoundation.org/UA/Plc/Applications;s=StepUp":650,"nsu=http://opcfoundation.org/UA/Plc/Applications;s=AlternatingBoolean":true,"nsu=http://opcfoundation.org/UA/Plc/Applications;s=RandomSignedInt32":-510658055,"nsu=http://opcfoundation.org/UA/Plc/Applications;s=RandomUnsignedInt32":1448258347,"nsu=http://opcfoundation.org/UA/Plc/Applications;s=DipData":12.533323356430426,"nsu=http://opcfoundation.org/UA/Plc/Applications;s=FastUIntScalar1":65,"nsu=http://opcfoundation.org/UA/Plc/Applications;s=FastUIntScalar2":65,"nsu=http://opcfoundation.org/UA/Plc/Applications;s=FastUIntScalar3":65,"nsu=http://opcfoundation.org/UA/Plc/Applications;s=FastRandomUIntScalar1":389898466,"nsu=http://opcfoundation.org/UA/Plc/Applications;s=FastRandomUIntScalar2":138062763,"nsu=http://opcfoundation.org/UA/Plc/Applications;s=FastRandomUIntScalar3":89381120,"nsu=http://opcfoundation.org/UA/Plc/Applications;s=NegativeTrendData":99.099999999999994,"nsu=http://opcfoundation.org/UA/Plc/Applications;s=PositiveTrendData":101.2,"nsu=http://opcfoundation.org/UA/Plc/Applications;s=SlowUIntScalar1":6,"nsu=http://opcfoundation.org/UA/Plc/Applications;s=SlowUIntScalar2":6,"nsu=http://opcfoundation.org/UA/Plc/Applications;s=SlowUIntScalar3":6,"nsu=http://opcfoundation.org/UA/Plc/Applications;s=BadSlowUIntScalar1":6,"nsu=http://opcfoundation.org/UA/Plc/Applications;s=SlowRandomUIntScalar1":1507135754,"nsu=http://opcfoundation.org/UA/Plc/Applications;s=SlowRandomUIntScalar2":1141271356,"nsu=http://opcfoundation.org/UA/Plc/Applications;s=SlowRandomUIntScalar3":3956606599,"nsu=http://opcfoundation.org/UA/Plc/Applications;s=BadSlowRandomUIntScalar1":3111387867,"nsu=http://opcfoundation.org/UA/Plc/Applications;s=SpikeData":12.533323356430426,"ns=23;i=1259":1.79}