{"i=2258":"2024-04-28T10:44:22.7459545Z","nsu=http://opcfoundation.org/UA/Plc/Applications;s=StepUp":660,"nsu=http://opcfoundation.org/UA/Plc/Applications;s=AlternatingBoolean":false,"nsu=http://opcfoundation.org/UA/Plc/Applications;s=RandomSignedInt32":353163542,"nsu=http://opcfoundation.org/UA/Plc/Applications;s=RandomUnsignedInt32":422033658,"nsu=http://opcfoundation.org/UA/Plc/Applications;s=DipData":-90.482705246601952,"nsu=http://opcfoundation.org/UA/Plc/Applications;s=FastUIntScalar1":66,"nsu=http://opcfoundation.org/UA/Plc/Applications;s=FastUIntScalar2":66,"nsu=http://opcfoundation.org/UA/Plc/Applications;s=FastUIntScalar3":66,"nsu=http://opcfoundation.org/UA/Plc/Applications;s=FastRandomUIntScalar1":306895947,"nsu=http://opcfoundation.org/UA/Plc/Applications;s=FastRandomUIntScalar2":4019812967,"nsu=http://opcfoundation.org/UA/Plc/Applications;s=FastRandomUIntScalar3":4149802980,"nsu=http://opcfoundation.org/UA/Plc/Applications;s=NegativeTrendData":99,"nsu=http://opcfoundation.org/UA/Plc/Applications;s=PositiveTrendData":101.3,"nsu=http://opcfoundation.org/UA/Plc/Applications;s=SlowUIntScalar1":6,"nsu=http://opcfoundation.org/UA/Plc/Applications;s=SlowUIntScalar2":6,"nsu=http://opcfoundation.org/UA/Plc/Applications;s=SlowUIntScalar3":6,"nsu=http://opcfoundation.org/UA/Plc/Applications;s=BadSlowUIntScalar1":6,"nsu=http://opcfoundation.org/UA/Plc/Applications;s=SlowRandomUIntScalar1":1507135754,"nsu=http://opcfoundation.org/UA/Plc/Applications;s=SlowRandomUIntScalar2":1141271356,"nsu=http://opcfoundation.org/UA/Plc/Applications;s=SlowRandomUIntScalar3":3956606599,"nsu=http://opcfoundation.org/UA/Plc/Applications;s=BadSlowRandomUIntScalar1":3111387867,"nsu=http://opcfoundation.org/UA/Plc/Applications;s=SpikeData":-90.482705246601952,"ns=23;i=1259":0.78600000000000003}