{"i=2258":"2024-04-28T10:44:26.7415339Z","nsu=http://opcfoundation.org/UA/Plc/Applications;s=StepUp":700,"nsu=http://opcfoundation.org/UA/Plc/Applications;s=AlternatingBoolean":false,"nsu=http://opcfoundation.org/UA/Plc/Applications;s=RandomSignedInt32":1718251991,"nsu=http://opcfoundation.org/UA/Plc/Applications;s=RandomUnsignedInt32":1939642612,"nsu=http://opcfoundation.org/UA/Plc/Applications;s=DipData":-1000,"nsu=http://opcfoundation.org/UA/Plc/Applications;s=FastUIntScalar1":70,"nsu=http://opcfoundation.org/UA/Plc/Applications;s=FastUIntScalar2":70,"nsu=http://opcfoundation.org/UA/Plc/Applications;s=FastUIntScalar3":70,"nsu=http://opcfoundation.org/UA/Plc/Applications;s=FastRandomUIntScalar1":1712828453,"nsu=http://opcfoundation.org/UA/Plc/Applications;s=FastRandomUIntScalar2":407323267,"nsu=http://opcfoundation.org/UA/Plc/Applications;s=FastRandomUIntScalar3":3939890522,"nsu=http://opcfoundation.org/UA/Plc/Applications;s=NegativeTrendData":99,"nsu=http://opcfoundation.org/UA/Plc/Applications;s=PositiveTrendData":101.3,"nsu=http://opcfoundation.org/UA/Plc/Applications;s=SlowUIntScalar1":7,"nsu=http://opcfoundation.org/UA/Plc/Applications;s=SlowUIntScalar2":7,"nsu=http://opcfoundation.org/UA/Plc/Applications;s=SlowUIntScalar3":7,"nsu=http://opcfoundation.org/UA/Plc/Applications;s=BadSlowUIntScalar1":7,"nsu=http://opcfoundation.org/UA/Plc/Applications;s=SlowRandomUIntScalar1":1983752560,"nsu=http://opcfoundation.org/UA/Plc/Applications;s=SlowRandomUIntScalar2":1513836235,"nsu=http://opcfoundation.org/UA/Plc/Applications;s=SlowRandomUIntScalar3":4228437853,"nsu=http://opcfoundation.org/UA/Plc/Applications;s=BadSlowRandomUIntScalar1":2254710989,"nsu=http://opcfoundation.org/UA/Plc/Applications;s=SpikeData":12.533323356430426,"ns=23;i=1259":-0.89900000000000002}