{"i=2258":"2024-04-28T10:43:24.7524819Z","nsu=http://opcfoundation.org/UA/Plc/Applications;s=StepUp":80,"nsu=http://opcfoundation.org/UA/Plc/Applications;s=AlternatingBoolean":false,"nsu=http://opcfoundation.org/UA/Plc/Applications;s=RandomSignedInt32":-1223669896,"nsu=http://opcfoundation.org/UA/Plc/Applications;s=RandomUnsignedInt32":2016296368,"nsu=http://opcfoundation.org/UA/Plc/Applications;s=DipData":48.175367410171518,"nsu=http://opcfoundation.org/UA/Plc/Applications;s=FastUIntScalar1":8,"nsu=http://opcfoundation.org/UA/Plc/Applications;s=FastUIntScalar2":8,"nsu=http://opcfoundation.org/UA/Plc/Applications;s=FastUIntScalar3":8,"nsu=http://opcfoundation.org/UA/Plc/Applications;s=FastRandomUIntScalar1":1212092821,"nsu=http://opcfoundation.org/UA/Plc/Applications;s=FastRandomUIntScalar2":2488630491,"nsu=http://opcfoundation.org/UA/Plc/Applications;s=FastRandomUIntScalar3":1209297985,"nsu=http://opcfoundation.org/UA/Plc/Applications;s=NegativeTrendData":100,"nsu=http://opcfoundation.org/UA/Plc/Applications;s=PositiveTrendData":100.09999999999999,"nsu=http://opcfoundation.org/UA/Plc/Applications;s=SlowUIntScalar1":0,"nsu=http://opcfoundation.org/UA/Plc/Applications;s=SlowUIntScalar2":0,"nsu=http://opcfoundation.org/UA/Plc/Applications;s=SlowUIntScalar3":0,"nsu=http://opcfoundation.org/UA/Plc/Applications;s=BadSlowUIntScalar1":0,"nsu=http://opcfoundation.org/UA/Plc/Applications;s=SlowRandomUIntScalar1":0,"nsu=http://opcfoundation.org/UA/Plc/Applications;s=SlowRandomUIntScalar2":0,"nsu=http://opcfoundation.org/UA/Plc/Applications;s=SlowRandomUIntScalar3":0,"nsu=http://opcfoundation.org/UA/Plc/Applications;s=BadSlowRandomUIntScalar1":0,"nsu=http://opcfoundation.org/UA/Plc/Applications;s=SpikeData":1000,"ns=23;i=1259":-0.28700000000000003}