{"i=2258":"2024-04-28T10:44:27.7452136Z","nsu=http://opcfoundation.org/UA/Plc/Applications;s=StepUp":710,"nsu=http://opcfoundation.org/UA/Plc/Applications;s=AlternatingBoolean":true,"nsu=http://opcfoundation.org/UA/Plc/Applications;s=RandomSignedInt32":1973767171,"nsu=http://opcfoundation.org/UA/Plc/Applications;s=RandomUnsignedInt32":682412890,"nsu=http://opcfoundation.org/UA/Plc/Applications;s=DipData":-90.482705246601952,"nsu=http://opcfoundation.org/UA/Plc/Applications;s=FastUIntScalar1":71,"nsu=http://opcfoundation.org/UA/Plc/Applications;s=FastUIntScalar2":71,"nsu=http://opcfoundation.org/UA/Plc/Applications;s=FastUIntScalar3":71,"nsu=http://opcfoundation.org/UA/Plc/Applications;s=FastRandomUIntScalar1":189688814,"nsu=http://opcfoundation.org/UA/Plc/Applications;s=FastRandomUIntScalar2":647763702,"nsu=http://opcfoundation.org/UA/Plc/Applications;s=FastRandomUIntScalar3":3728119014,"nsu=http://opcfoundation.org/UA/Plc/Applications;s=NegativeTrendData":98.900000000000006,"nsu=http://opcfoundation.org/UA/Plc/Applications;s=PositiveTrendData":101.40000000000001,"nsu=http://opcfoundation.org/UA/Plc/Applications;s=SlowUIntScalar1":7,"nsu=http://opcfoundation.org/UA/Plc/Applications;s=SlowUIntScalar2":7,"nsu=http://opcfoundation.org/UA/Plc/Applications;s=SlowUIntScalar3":7,"nsu=http://opcfoundation.org/UA/Plc/Applications;s=BadSlowUIntScalar1":7,"nsu=http://opcfoundation.org/UA/Plc/Applications;s=SlowRandomUIntScalar1":1983752560,"nsu=http://opcfoundation.org/UA/Plc/Applications;s=SlowRandomUIntScalar2":1513836235,"nsu=http://opcfoundation.org/UA/Plc/Applications;s=SlowRandomUIntScalar3":4228437853,"nsu=http://opcfoundation.org/UA/Plc/Applications;s=BadSlowRandomUIntScalar1":2254710989,"nsu=http://opcfoundation.org/UA/Plc/Applications;s=SpikeData":-90.482705246601952,"ns=23;i=1259":1}