{"i=2258":"2024-04-28T10:44:28.7508755Z","nsu=http://opcfoundation.org/UA/Plc/Applications;s=StepUp":720,"nsu=http://opcfoundation.org/UA/Plc/Applications;s=AlternatingBoolean":true,"nsu=http://opcfoundation.org/UA/Plc/Applications;s=RandomSignedInt32":-1791253409,"nsu=http://opcfoundation.org/UA/Plc/Applications;s=RandomUnsignedInt32":841014392,"nsu=http://opcfoundation.org/UA/Plc/Applications;s=DipData":-68.454710592868878,"nsu=http://opcfoundation.org/UA/Plc/Applications;s=FastUIntScalar1":72,"nsu=http://opcfoundation.org/UA/Plc/Applications;s=FastUIntScalar2":72,"nsu=http://opcfoundation.org/UA/Plc/Applications;s=FastUIntScalar3":72,"nsu=http://opcfoundation.org/UA/Plc/Applications;s=FastRandomUIntScalar1":4247183770,"nsu=http://opcfoundation.org/UA/Plc/Applications;s=FastRandomUIntScalar2":3921725500,"nsu=http://opcfoundation.org/UA/Plc/Applications;s=FastRandomUIntScalar3":3866019504,"nsu=http://opcfoundation.org/UA/Plc/Applications;s=NegativeTrendData":98.900000000000006,"nsu=http://opcfoundation.org/UA/Plc/Applications;s=PositiveTrendData":101.40000000000001,"nsu=http://opcfoundation.org/UA/Plc/Applications;s=SlowUIntScalar1":7,"nsu=http://opcfoundation.org/UA/Plc/Applications;s=SlowUIntScalar2":7,"nsu=http://opcfoundation.org/UA/Plc/Applications;s=SlowUIntScalar3":7,"nsu=http://opcfoundation.org/UA/Plc/Applications;s=BadSlowUIntScalar1":7,"nsu=http://opcfoundation.org/UA/Plc/Applications;s=SlowRandomUIntScalar1":1983752560,"nsu=http://opcfoundation.org/UA/Plc/Applications;s=SlowRandomUIntScalar2":1513836235,"nsu=http://opcfoundation.org/UA/Plc/Applications;s=SlowRandomUIntScalar3":4228437853,"nsu=http://opcfoundation.org/UA/Plc/Applications;s=BadSlowRandomUIntScalar1":2254710989,"nsu=http://opcfoundation.org/UA/Plc/Applications;s=SpikeData":1000,"ns=23;i=1259":-2}