{"i=2258":"2024-04-28T10:44:30.7452604Z","nsu=http://opcfoundation.org/UA/Plc/Applications;s=StepUp":740,"nsu=http://opcfoundation.org/UA/Plc/Applications;s=AlternatingBoolean":true,"nsu=http://opcfoundation.org/UA/Plc/Applications;s=RandomSignedInt32":22196583,"nsu=http://opcfoundation.org/UA/Plc/Applications;s=RandomUnsignedInt32":2139297984,"nsu=http://opcfoundation.org/UA/Plc/Applications;s=DipData":98.228725072868869,"nsu=http://opcfoundation.org/UA/Plc/Applications;s=FastUIntScalar1":74,"nsu=http://opcfoundation.org/UA/Plc/Applications;s=FastUIntScalar2":74,"nsu=http://opcfoundation.org/UA/Plc/Applications;s=FastUIntScalar3":74,"nsu=http://opcfoundation.org/UA/Plc/Applications;s=FastRandomUIntScalar1":508773163,"nsu=http://opcfoundation.org/UA/Plc/Applications;s=FastRandomUIntScalar2":1666108950,"nsu=http://opcfoundation.org/UA/Plc/Applications;s=FastRandomUIntScalar3":4279446172,"nsu=http://opcfoundation.org/UA/Plc/Applications;s=NegativeTrendData":98.900000000000006,"nsu=http://opcfoundation.org/UA/Plc/Applications;s=PositiveTrendData":101.40000000000001,"nsu=http://opcfoundation.org/UA/Plc/Applications;s=SlowUIntScalar1":7,"nsu=http://opcfoundation.org/UA/Plc/Applications;s=SlowUIntScalar2":7,"nsu=http://opcfoundation.org/UA/Plc/Applications;s=SlowUIntScalar3":7,"nsu=http://opcfoundation.org/UA/Plc/Applications;s=BadSlowUIntScalar1":7,"nsu=http://opcfoundation.org/UA/Plc/Applications;s=SlowRandomUIntScalar1":1983752560,"nsu=http://opcfoundation.org/UA/Plc/Applications;s=SlowRandomUIntScalar2":1513836235,"nsu=http://opcfoundation.org/UA/Plc/Applications;s=SlowRandomUIntScalar3":4228437853,"nsu=http://opcfoundation.org/UA/Plc/Applications;s=BadSlowRandomUIntScalar1":2254710989,"nsu=http://opcfoundation.org/UA/Plc/Applications;s=SpikeData":98.228725072868869,"ns=23;i=1259":-0.056800000000000003}