{"i=2258":"2024-04-28T10:44:35.7494936Z","nsu=http://opcfoundation.org/UA/Plc/Applications;s=StepUp":790,"nsu=http://opcfoundation.org/UA/Plc/Applications;s=AlternatingBoolean":false,"nsu=http://opcfoundation.org/UA/Plc/Applications;s=RandomSignedInt32":2112648402,"nsu=http://opcfoundation.org/UA/Plc/Applications;s=RandomUnsignedInt32":1319435740,"nsu=http://opcfoundation.org/UA/Plc/Applications;s=DipData":98.228725072868869,"nsu=http://opcfoundation.org/UA/Plc/Applications;s=FastUIntScalar1":79,"nsu=http://opcfoundation.org/UA/Plc/Applications;s=FastUIntScalar2":79,"nsu=http://opcfoundation.org/UA/Plc/Applications;s=FastUIntScalar3":79,"nsu=http://opcfoundation.org/UA/Plc/Applications;s=FastRandomUIntScalar1":587397586,"nsu=http://opcfoundation.org/UA/Plc/Applications;s=FastRandomUIntScalar2":1322406542,"nsu=http://opcfoundation.org/UA/Plc/Applications;s=FastRandomUIntScalar3":1698600623,"nsu=http://opcfoundation.org/UA/Plc/Applications;s=NegativeTrendData":98.799999999999997,"nsu=http://opcfoundation.org/UA/Plc/Applications;s=PositiveTrendData":101.5,"nsu=http://opcfoundation.org/UA/Plc/Applications;s=SlowUIntScalar1":7,"nsu=http://opcfoundation.org/UA/Plc/Applications;s=SlowUIntScalar2":7,"nsu=http://opcfoundation.org/UA/Plc/Applications;s=SlowUIntScalar3":7,"nsu=http://opcfoundation.org/UA/Plc/Applications;s=BadSlowUIntScalar1":7,"nsu=http://opcfoundation.org/UA/Plc/Applications;s=SlowRandomUIntScalar1":1983752560,"nsu=http://opcfoundation.org/UA/Plc/Applications;s=SlowRandomUIntScalar2":1513836235,"nsu=http://opcfoundation.org/UA/Plc/Applications;s=SlowRandomUIntScalar3":4228437853,"nsu=http://opcfoundation.org/UA/Plc/Applications;s=BadSlowRandomUIntScalar1":2254710989,"nsu=http://opcfoundation.org/UA/Plc/Applications;s=SpikeData":98.228725072868869,"ns=23;i=1259":0.30399999999999999}