{"i=2258":"2024-04-28T10:44:36.7429198Z","nsu=http://opcfoundation.org/UA/Plc/Applications;s=StepUp":800,"nsu=http://opcfoundation.org/UA/Plc/Applications;s=AlternatingBoolean":false,"nsu=http://opcfoundation.org/UA/Plc/Applications;s=RandomSignedInt32":49666318,"nsu=http://opcfoundation.org/UA/Plc/Applications;s=RandomUnsignedInt32":1651036773,"nsu=http://opcfoundation.org/UA/Plc/Applications;s=DipData":12.533323356430426,"nsu=http://opcfoundation.org/UA/Plc/Applications;s=FastUIntScalar1":80,"nsu=http://opcfoundation.org/UA/Plc/Applications;s=FastUIntScalar2":80,"nsu=http://opcfoundation.org/UA/Plc/Applications;s=FastUIntScalar3":80,"nsu=http://opcfoundation.org/UA/Plc/Applications;s=FastRandomUIntScalar1":3396207965,"nsu=http://opcfoundation.org/UA/Plc/Applications;s=FastRandomUIntScalar2":1846573000,"nsu=http://opcfoundation.org/UA/Plc/Applications;s=FastRandomUIntScalar3":4044000801,"nsu=http://opcfoundation.org/UA/Plc/Applications;s=NegativeTrendData":98.799999999999997,"nsu=http://opcfoundation.org/UA/Plc/Applications;s=PositiveTrendData":101.5,"nsu=http://opcfoundation.org/UA/Plc/Applications;s=SlowUIntScalar1":8,"nsu=http://opcfoundation.org/UA/Plc/Applications;s=SlowUIntScalar2":8,"nsu=http://opcfoundation.org/UA/Plc/Applications;s=SlowUIntScalar3":8,"nsu=http://opcfoundation.org/UA/Plc/Applications;s=BadSlowUIntScalar1":8,"nsu=http://opcfoundation.org/UA/Plc/Applications;s=SlowRandomUIntScalar1":3771417937,"nsu=http://opcfoundation.org/UA/Plc/Applications;s=SlowRandomUIntScalar2":2686751043,"nsu=http://opcfoundation.org/UA/Plc/Applications;s=SlowRandomUIntScalar3":1771957789,"nsu=http://opcfoundation.org/UA/Plc/Applications;s=BadSlowRandomUIntScalar1":249503257,"nsu=http://opcfoundation.org/UA/Plc/Applications;s=SpikeData":12.533323356430426,"ns=23;i=1259":-0.30199999999999999}