{"i=2258":"2024-04-28T10:44:40.7449146Z","nsu=http://opcfoundation.org/UA/Plc/Applications;s=StepUp":840,"nsu=http://opcfoundation.org/UA/Plc/Applications;s=AlternatingBoolean":true,"nsu=http://opcfoundation.org/UA/Plc/Applications;s=RandomSignedInt32":-1296655016,"nsu=http://opcfoundation.org/UA/Plc/Applications;s=RandomUnsignedInt32":1288205908,"nsu=http://opcfoundation.org/UA/Plc/Applications;s=DipData":98.228725072868869,"nsu=http://opcfoundation.org/UA/Plc/Applications;s=FastUIntScalar1":84,"nsu=http://opcfoundation.org/UA/Plc/Applications;s=FastUIntScalar2":84,"nsu=http://opcfoundation.org/UA/Plc/Applications;s=FastUIntScalar3":84,"nsu=http://opcfoundation.org/UA/Plc/Applications;s=FastRandomUIntScalar1":3721359511,"nsu=http://opcfoundation.org/UA/Plc/Applications;s=FastRandomUIntScalar2":1004624166,"nsu=http://opcfoundation.org/UA/Plc/Applications;s=FastRandomUIntScalar3":1037927603,"nsu=http://opcfoundation.org/UA/Plc/Applications;s=NegativeTrendData":98.700000000000003,"nsu=http://opcfoundation.org/UA/Plc/Applications;s=PositiveTrendData":101.59999999999999,"nsu=http://opcfoundation.org/UA/Plc/Applications;s=SlowUIntScalar1":8,"nsu=http://opcfoundation.org/UA/Plc/Applications;s=SlowUIntScalar2":8,"nsu=http://opcfoundation.org/UA/Plc/Applications;s=SlowUIntScalar3":8,"nsu=http://opcfoundation.org/UA/Plc/Applications;s=BadSlowUIntScalar1":8,"nsu=http://opcfoundation.org/UA/Plc/Applications;s=SlowRandomUIntScalar1":3771417937,"nsu=http://opcfoundation.org/UA/Plc/Applications;s=SlowRandomUIntScalar2":2686751043,"nsu=http://opcfoundation.org/UA/Plc/Applications;s=SlowRandomUIntScalar3":1771957789,"nsu=http://opcfoundation.org/UA/Plc/Applications;s=BadSlowRandomUIntScalar1":249503257,"nsu=http://opcfoundation.org/UA/Plc/Applications;s=SpikeData":98.228725072868869,"ns=23;i=1259":0.70399999999999996}