{"i=2258":"2024-04-28T10:44:45.7497172Z","nsu=http://opcfoundation.org/UA/Plc/Applications;s=StepUp":890,"nsu=http://opcfoundation.org/UA/Plc/Applications;s=AlternatingBoolean":false,"nsu=http://opcfoundation.org/UA/Plc/Applications;s=RandomSignedInt32":2039505757,"nsu=http://opcfoundation.org/UA/Plc/Applications;s=RandomUnsignedInt32":441822046,"nsu=http://opcfoundation.org/UA/Plc/Applications;s=DipData":98.228725072868869,"nsu=http://opcfoundation.org/UA/Plc/Applications;s=FastUIntScalar1":89,"nsu=http://opcfoundation.org/UA/Plc/Applications;s=FastUIntScalar2":89,"nsu=http://opcfoundation.org/UA/Plc/Applications;s=FastUIntScalar3":89,"nsu=http://opcfoundation.org/UA/Plc/Applications;s=FastRandomUIntScalar1":2338055046,"nsu=http://opcfoundation.org/UA/Plc/Applications;s=FastRandomUIntScalar2":1369079967,"nsu=http://opcfoundation.org/UA/Plc/Applications;s=FastRandomUIntScalar3":425811150,"nsu=http://opcfoundation.org/UA/Plc/Applications;s=NegativeTrendData":98.599999999999994,"nsu=http://opcfoundation.org/UA/Plc/Applications;s=PositiveTrendData":101.7,"nsu=http://opcfoundation.org/UA/Plc/Applications;s=SlowUIntScalar1":8,"nsu=http://opcfoundation.org/UA/Plc/Applications;s=SlowUIntScalar2":8,"nsu=http://opcfoundation.org/UA/Plc/Applications;s=SlowUIntScalar3":8,"nsu=http://opcfoundation.org/UA/Plc/Applications;s=BadSlowUIntScalar1":8,"nsu=http://opcfoundation.org/UA/Plc/Applications;s=SlowRandomUIntScalar1":3771417937,"nsu=http://opcfoundation.org/UA/Plc/Applications;s=SlowRandomUIntScalar2":2686751043,"nsu=http://opcfoundation.org/UA/Plc/Applications;s=SlowRandomUIntScalar3":1771957789,"nsu=http://opcfoundation.org/UA/Plc/Applications;s=BadSlowRandomUIntScalar1":249503257,"nsu=http://opcfoundation.org/UA/Plc/Applications;s=SpikeData":98.228725072868869,"ns=23;i=1259":-0.79800000000000004}