{"i=2258":"2024-04-28T10:44:46.7516064Z","nsu=http://opcfoundation.org/UA/Plc/Applications;s=StepUp":900,"nsu=http://opcfoundation.org/UA/Plc/Applications;s=AlternatingBoolean":false,"nsu=http://opcfoundation.org/UA/Plc/Applications;s=RandomSignedInt32":1558891105,"nsu=http://opcfoundation.org/UA/Plc/Applications;s=RandomUnsignedInt32":1898404110,"nsu=http://opcfoundation.org/UA/Plc/Applications;s=DipData":-1000,"nsu=http://opcfoundation.org/UA/Plc/Applications;s=FastUIntScalar1":90,"nsu=http://opcfoundation.org/UA/Plc/Applications;s=FastUIntScalar2":90,"nsu=http://opcfoundation.org/UA/Plc/Applications;s=FastUIntScalar3":90,"nsu=http://opcfoundation.org/UA/Plc/Applications;s=FastRandomUIntScalar1":3436947966,"nsu=http://opcfoundation.org/UA/Plc/Applications;s=FastRandomUIntScalar2":967808262,"nsu=http://opcfoundation.org/UA/Plc/Applications;s=FastRandomUIntScalar3":3197232552,"nsu=http://opcfoundation.org/UA/Plc/Applications;s=NegativeTrendData":98.599999999999994,"nsu=http://opcfoundation.org/UA/Plc/Applications;s=PositiveTrendData":101.7,"nsu=http://opcfoundation.org/UA/Plc/Applications;s=SlowUIntScalar1":9,"nsu=http://opcfoundation.org/UA/Plc/Applications;s=SlowUIntScalar2":9,"nsu=http://opcfoundation.org/UA/Plc/Applications;s=SlowUIntScalar3":9,"nsu=http://opcfoundation.org/UA/Plc/Applications;s=BadSlowUIntScalar1":null,"nsu=http://opcfoundation.org/UA/Plc/Applications;s=SlowRandomUIntScalar1":3968004393,"nsu=http://opcfoundation.org/UA/Plc/Applications;s=SlowRandomUIntScalar2":1481932124,"nsu=http://opcfoundation.org/UA/Plc/Applications;s=SlowRandomUIntScalar3":1077128110,"nsu=http://opcfoundation.org/UA/Plc/Applications;s=BadSlowRandomUIntScalar1":null,"nsu=http://opcfoundation.org/UA/Plc/Applications;s=SpikeData":12.533323356430426,"ns=23;i=1259":-0.80200000000000005}