{"i=2258":"2024-04-28T10:43:26.7523592Z","nsu=http://opcfoundation.org/UA/Plc/Applications;s=StepUp":100,"nsu=http://opcfoundation.org/UA/Plc/Applications;s=AlternatingBoolean":false,"nsu=http://opcfoundation.org/UA/Plc/Applications;s=RandomSignedInt32":-24385514,"nsu=http://opcfoundation.org/UA/Plc/Applications;s=RandomUnsignedInt32":1305100730,"nsu=http://opcfoundation.org/UA/Plc/Applications;s=DipData":12.533323356430426,"nsu=http://opcfoundation.org/UA/Plc/Applications;s=FastUIntScalar1":10,"nsu=http://opcfoundation.org/UA/Plc/Applications;s=FastUIntScalar2":10,"nsu=http://opcfoundation.org/UA/Plc/Applications;s=FastUIntScalar3":10,"nsu=http://opcfoundation.org/UA/Plc/Applications;s=FastRandomUIntScalar1":1440564583,"nsu=http://opcfoundation.org/UA/Plc/Applications;s=FastRandomUIntScalar2":2533735735,"nsu=http://opcfoundation.org/UA/Plc/Applications;s=FastRandomUIntScalar3":1069639943,"nsu=http://opcfoundation.org/UA/Plc/Applications;s=NegativeTrendData":100,"nsu=http://opcfoundation.org/UA/Plc/Applications;s=PositiveTrendData":100.09999999999999,"nsu=http://opcfoundation.org/UA/Plc/Applications;s=SlowUIntScalar1":1,"nsu=http://opcfoundation.org/UA/Plc/Applications;s=SlowUIntScalar2":1,"nsu=http://opcfoundation.org/UA/Plc/Applications;s=SlowUIntScalar3":1,"nsu=http://opcfoundation.org/UA/Plc/Applications;s=BadSlowUIntScalar1":1,"nsu=http://opcfoundation.org/UA/Plc/Applications;s=SlowRandomUIntScalar1":1219692404,"nsu=http://opcfoundation.org/UA/Plc/Applications;s=SlowRandomUIntScalar2":4037969959,"nsu=http://opcfoundation.org/UA/Plc/Applications;s=SlowRandomUIntScalar3":1004639045,"nsu=http://opcfoundation.org/UA/Plc/Applications;s=BadSlowRandomUIntScalar1":2458800639,"nsu=http://opcfoundation.org/UA/Plc/Applications;s=SpikeData":12.533323356430426,"ns=23;i=1259":-0.39600000000000002}