{"i=2258":"2024-04-28T10:44:48.7540092Z","nsu=http://opcfoundation.org/UA/Plc/Applications;s=StepUp":920,"nsu=http://opcfoundation.org/UA/Plc/Applications;s=AlternatingBoolean":true,"nsu=http://opcfoundation.org/UA/Plc/Applications;s=RandomSignedInt32":2123972535,"nsu=http://opcfoundation.org/UA/Plc/Applications;s=RandomUnsignedInt32":1456948232,"nsu=http://opcfoundation.org/UA/Plc/Applications;s=DipData":-68.454710592868878,"nsu=http://opcfoundation.org/UA/Plc/Applications;s=FastUIntScalar1":92,"nsu=http://opcfoundation.org/UA/Plc/Applications;s=FastUIntScalar2":92,"nsu=http://opcfoundation.org/UA/Plc/Applications;s=FastUIntScalar3":92,"nsu=http://opcfoundation.org/UA/Plc/Applications;s=FastRandomUIntScalar1":3548044201,"nsu=http://opcfoundation.org/UA/Plc/Applications;s=FastRandomUIntScalar2":863813770,"nsu=http://opcfoundation.org/UA/Plc/Applications;s=FastRandomUIntScalar3":648613719,"nsu=http://opcfoundation.org/UA/Plc/Applications;s=NegativeTrendData":98.5,"nsu=http://opcfoundation.org/UA/Plc/Applications;s=PositiveTrendData":101.8,"nsu=http://opcfoundation.org/UA/Plc/Applications;s=SlowUIntScalar1":9,"nsu=http://opcfoundation.org/UA/Plc/Applications;s=SlowUIntScalar2":9,"nsu=http://opcfoundation.org/UA/Plc/Applications;s=SlowUIntScalar3":9,"nsu=http://opcfoundation.org/UA/Plc/Applications;s=BadSlowUIntScalar1":null,"nsu=http://opcfoundation.org/UA/Plc/Applications;s=SlowRandomUIntScalar1":3968004393,"nsu=http://opcfoundation.org/UA/Plc/Applications;s=SlowRandomUIntScalar2":1481932124,"nsu=http://opcfoundation.org/UA/Plc/Applications;s=SlowRandomUIntScalar3":1077128110,"nsu=http://opcfoundation.org/UA/Plc/Applications;s=BadSlowRandomUIntScalar1":null,"nsu=http://opcfoundation.org/UA/Plc/Applications;s=SpikeData":-68.454710592868878,"ns=23;i=1259":0}