{"NodeId":"nsu=http://opcfoundation.org/UA/Plc/Applications;s=RandomSignedInt32","EndpointUrl":"opc.tcp://localhost:61457/UA/SampleServer","ApplicationUri":"urn:desktop-bgfjs91:OPCFoundation:CoreSampleServer","DisplayName":"nsu=http://opcfoundation.org/UA/Plc/Applications;s=RandomSignedInt32","Timestamp":"2024-04-27T14:02:54.7235408Z","Value":{"Value":{"Type":6,"Body":-92686232},"SourceTimestamp":"2024-04-27T14:02:54.6601114Z","ServerTimestamp":"2024-04-27T14:02:54.6601126Z"},"SequenceNumber":16,"ExtensionFields":{}}