{"NodeId":"nsu=http://opcfoundation.org/UA/Plc/Applications;s=RandomSignedInt32","EndpointUrl":"opc.tcp://localhost:61457/UA/SampleServer","ApplicationUri":"urn:desktop-bgfjs91:OPCFoundation:CoreSampleServer","DisplayName":"nsu=http://opcfoundation.org/UA/Plc/Applications;s=RandomSignedInt32","Timestamp":"2024-04-27T14:02:57.6990647Z","Value":{"Value":{"Type":6,"Body":-1722043340},"SourceTimestamp":"2024-04-27T14:02:57.6674596Z","ServerTimestamp":"2024-04-27T14:02:57.6674615Z"},"SequenceNumber":19,"ExtensionFields":{}}