{"NodeId":"nsu=http://opcfoundation.org/UA/Plc/Applications;s=RandomSignedInt32","EndpointUrl":"opc.tcp://localhost:61457/UA/SampleServer","ApplicationUri":"urn:desktop-bgfjs91:OPCFoundation:CoreSampleServer","DisplayName":"nsu=http://opcfoundation.org/UA/Plc/Applications;s=RandomSignedInt32","Timestamp":"2024-04-27T14:02:38.6793716Z","Value":{"Value":{"Type":6,"Body":1368066192},"SourceTimestamp":"2024-04-27T14:02:38.662772Z","ServerTimestamp":"2024-04-27T14:02:38.6628011Z"},"SequenceNumber":2,"ExtensionFields":{}}