{"NodeId":"nsu=http://opcfoundation.org/UA/Plc/Applications;s=RandomSignedInt32","EndpointUrl":"opc.tcp://localhost:61457/UA/SampleServer","ApplicationUri":"urn:desktop-bgfjs91:OPCFoundation:CoreSampleServer","DisplayName":"nsu=http://opcfoundation.org/UA/Plc/Applications;s=RandomSignedInt32","Timestamp":"2024-04-27T14:03:01.73237Z","Value":{"Value":{"Type":6,"Body":1381513540},"SourceTimestamp":"2024-04-27T14:03:01.6705913Z","ServerTimestamp":"2024-04-27T14:03:01.6705928Z"},"SequenceNumber":22,"ExtensionFields":{}}