{"NodeId":"nsu=http://opcfoundation.org/UA/Plc/Applications;s=RandomSignedInt32","EndpointUrl":"opc.tcp://localhost:61457/UA/SampleServer","ApplicationUri":"urn:desktop-bgfjs91:OPCFoundation:CoreSampleServer","DisplayName":"nsu=http://opcfoundation.org/UA/Plc/Applications;s=RandomSignedInt32","Timestamp":"2024-04-27T14:03:05.712162Z","Value":{"Value":{"Type":6,"Body":1816614814},"SourceTimestamp":"2024-04-27T14:03:05.6645069Z","ServerTimestamp":"2024-04-27T14:03:05.6645195Z"},"SequenceNumber":26,"ExtensionFields":{}}