{"NodeId":"nsu=http://opcfoundation.org/UA/Plc/Applications;s=RandomSignedInt32","EndpointUrl":"opc.tcp://localhost:61457/UA/SampleServer","ApplicationUri":"urn:desktop-bgfjs91:OPCFoundation:CoreSampleServer","DisplayName":"nsu=http://opcfoundation.org/UA/Plc/Applications;s=RandomSignedInt32","Timestamp":"2024-04-27T14:03:06.7008398Z","Value":{"Value":{"Type":6,"Body":-63467805},"SourceTimestamp":"2024-04-27T14:03:06.6700034Z","ServerTimestamp":"2024-04-27T14:03:06.6700072Z"},"SequenceNumber":27,"ExtensionFields":{}}