{"NodeId":"nsu=http://opcfoundation.org/UA/Plc/Applications;s=RandomSignedInt32","EndpointUrl":"opc.tcp://localhost:61457/UA/SampleServer","ApplicationUri":"urn:desktop-bgfjs91:OPCFoundation:CoreSampleServer","DisplayName":"nsu=http://opcfoundation.org/UA/Plc/Applications;s=RandomSignedInt32","Timestamp":"2024-04-27T14:03:13.6773136Z","Value":{"Value":{"Type":6,"Body":-1274821858},"SourceTimestamp":"2024-04-27T14:03:13.6616329Z","ServerTimestamp":"2024-04-27T14:03:13.6616395Z"},"SequenceNumber":32,"ExtensionFields":{}}