{"NodeId":"nsu=http://opcfoundation.org/UA/Plc/Applications;s=RandomSignedInt32","EndpointUrl":"opc.tcp://localhost:61457/UA/SampleServer","ApplicationUri":"urn:desktop-bgfjs91:OPCFoundation:CoreSampleServer","DisplayName":"nsu=http://opcfoundation.org/UA/Plc/Applications;s=RandomSignedInt32","Timestamp":"2024-04-27T14:03:28.6926791Z","Value":{"Value":{"Type":6,"Body":1100911272},"SourceTimestamp":"2024-04-27T14:03:28.6618117Z","ServerTimestamp":"2024-04-27T14:03:28.6618143Z"},"SequenceNumber":45,"ExtensionFields":{}}