{"NodeId":"nsu=http://opcfoundation.org/UA/Plc/Applications;s=RandomSignedInt32","EndpointUrl":"opc.tcp://localhost:61457/UA/SampleServer","ApplicationUri":"urn:desktop-bgfjs91:OPCFoundation:CoreSampleServer","DisplayName":"nsu=http://opcfoundation.org/UA/Plc/Applications;s=RandomSignedInt32","Timestamp":"2024-04-27T14:03:32.7138578Z","Value":{"Value":{"Type":6,"Body":1616827545},"SourceTimestamp":"2024-04-27T14:03:32.6678187Z","ServerTimestamp":"2024-04-27T14:03:32.6678208Z"},"SequenceNumber":48,"ExtensionFields":{}}