{"NodeId":"nsu=http://opcfoundation.org/UA/Plc/Applications;s=RandomSignedInt32","EndpointUrl":"opc.tcp://localhost:61457/UA/SampleServer","ApplicationUri":"urn:desktop-bgfjs91:OPCFoundation:CoreSampleServer","DisplayName":"nsu=http://opcfoundation.org/UA/Plc/Applications;s=RandomSignedInt32","Timestamp":"2024-04-27T14:02:41.7089885Z","Value":{"Value":{"Type":6,"Body":-519093725},"SourceTimestamp":"2024-04-27T14:02:41.6623333Z","ServerTimestamp":"2024-04-27T14:02:41.6623342Z"},"SequenceNumber":5,"ExtensionFields":{}}