{"NodeId":"nsu=http://opcfoundation.org/UA/Plc/Applications;s=RandomSignedInt32","EndpointUrl":"opc.tcp://localhost:61457/UA/SampleServer","ApplicationUri":"urn:desktop-bgfjs91:OPCFoundation:CoreSampleServer","DisplayName":"nsu=http://opcfoundation.org/UA/Plc/Applications;s=RandomSignedInt32","Timestamp":"2024-04-27T14:03:38.6983333Z","Value":{"Value":{"Type":6,"Body":615372987},"SourceTimestamp":"2024-04-27T14:03:38.6674417Z","ServerTimestamp":"2024-04-27T14:03:38.6674428Z"},"SequenceNumber":53,"ExtensionFields":{}}