{"NodeId":"nsu=http://opcfoundation.org/UA/Plc/Applications;s=RandomSignedInt32","EndpointUrl":"opc.tcp://localhost:61457/UA/SampleServer","ApplicationUri":"urn:desktop-bgfjs91:OPCFoundation:CoreSampleServer","DisplayName":"nsu=http://opcfoundation.org/UA/Plc/Applications;s=RandomSignedInt32","Timestamp":"2024-04-27T14:03:39.6936601Z","Value":{"Value":{"Type":6,"Body":-671521148},"SourceTimestamp":"2024-04-27T14:03:39.6625565Z","ServerTimestamp":"2024-04-27T14:03:39.662558Z"},"SequenceNumber":54,"ExtensionFields":{}}