{"NodeId":"nsu=http://opcfoundation.org/UA/Plc/Applications;s=RandomSignedInt32","EndpointUrl":"opc.tcp://localhost:61457/UA/SampleServer","ApplicationUri":"urn:desktop-bgfjs91:OPCFoundation:CoreSampleServer","DisplayName":"nsu=http://opcfoundation.org/UA/Plc/Applications;s=RandomSignedInt32","Timestamp":"2024-04-27T14:03:43.7298507Z","Value":{"Value":{"Type":6,"Body":394016819},"SourceTimestamp":"2024-04-27T14:03:43.6673201Z","ServerTimestamp":"2024-04-27T14:03:43.6673209Z"},"SequenceNumber":57,"ExtensionFields":{}}