{"NodeId":"nsu=http://opcfoundation.org/UA/Plc/Applications;s=RandomSignedInt32","EndpointUrl":"opc.tcp://localhost:61457/UA/SampleServer","ApplicationUri":"urn:desktop-bgfjs91:OPCFoundation:CoreSampleServer","DisplayName":"nsu=http://opcfoundation.org/UA/Plc/Applications;s=RandomSignedInt32","Timestamp":"2024-04-27T14:02:42.6989468Z","Value":{"Value":{"Type":6,"Body":-1104996339},"SourceTimestamp":"2024-04-27T14:02:42.6675677Z","ServerTimestamp":"2024-04-27T14:02:42.6675695Z"},"SequenceNumber":6,"ExtensionFields":{}}