{"NodeId":"nsu=http://opcfoundation.org/UA/Plc/Applications;s=RandomSignedInt32","EndpointUrl":"opc.tcp://localhost:61457/UA/SampleServer","ApplicationUri":"urn:desktop-bgfjs91:OPCFoundation:CoreSampleServer","DisplayName":"nsu=http://opcfoundation.org/UA/Plc/Applications;s=RandomSignedInt32","Timestamp":"2024-04-27T14:03:49.7358501Z","Value":{"Value":{"Type":6,"Body":302882452},"SourceTimestamp":"2024-04-27T14:03:49.6587051Z","ServerTimestamp":"2024-04-27T14:03:49.6587089Z"},"SequenceNumber":62,"ExtensionFields":{}}