{"NodeId":"nsu=http://opcfoundation.org/UA/Plc/Applications;s=RandomSignedInt32","EndpointUrl":"opc.tcp://localhost:61457/UA/SampleServer","ApplicationUri":"urn:desktop-bgfjs91:OPCFoundation:CoreSampleServer","DisplayName":"nsu=http://opcfoundation.org/UA/Plc/Applications;s=RandomSignedInt32","Timestamp":"2024-04-27T14:03:50.7273268Z","Value":{"Value":{"Type":6,"Body":1463902256},"SourceTimestamp":"2024-04-27T14:03:50.6653895Z","ServerTimestamp":"2024-04-27T14:03:50.6653922Z"},"SequenceNumber":63,"ExtensionFields":{}}