{"NodeId":"nsu=http://opcfoundation.org/UA/Plc/Applications;s=RandomSignedInt32","EndpointUrl":"opc.tcp://localhost:61457/UA/SampleServer","ApplicationUri":"urn:desktop-bgfjs91:OPCFoundation:CoreSampleServer","DisplayName":"nsu=http://opcfoundation.org/UA/Plc/Applications;s=RandomSignedInt32","Timestamp":"2024-04-27T14:03:56.7143085Z","Value":{"Value":{"Type":6,"Body":-444211720},"SourceTimestamp":"2024-04-27T14:03:56.6679354Z","ServerTimestamp":"2024-04-27T14:03:56.6679365Z"},"SequenceNumber":68,"ExtensionFields":{}}