{"NodeId":"nsu=http://opcfoundation.org/UA/Plc/Applications;s=RandomSignedInt32","EndpointUrl":"opc.tcp://localhost:61457/UA/SampleServer","ApplicationUri":"urn:desktop-bgfjs91:OPCFoundation:CoreSampleServer","DisplayName":"nsu=http://opcfoundation.org/UA/Plc/Applications;s=RandomSignedInt32","Timestamp":"2024-04-27T14:03:57.6987901Z","Value":{"Value":{"Type":6,"Body":1851144185},"SourceTimestamp":"2024-04-27T14:03:57.6685872Z","ServerTimestamp":"2024-04-27T14:03:57.6685903Z"},"SequenceNumber":69,"ExtensionFields":{}}