{"NodeId":"nsu=http://opcfoundation.org/UA/Plc/Applications;s=RandomSignedInt32","EndpointUrl":"opc.tcp://localhost:61457/UA/SampleServer","ApplicationUri":"urn:desktop-bgfjs91:OPCFoundation:CoreSampleServer","DisplayName":"nsu=http://opcfoundation.org/UA/Plc/Applications;s=RandomSignedInt32","Timestamp":"2024-04-27T14:03:59.7323603Z","Value":{"Value":{"Type":6,"Body":1227888488},"SourceTimestamp":"2024-04-27T14:03:59.6699979Z","ServerTimestamp":"2024-04-27T14:03:59.6700059Z"},"SequenceNumber":70,"ExtensionFields":{}}