{"NodeId":"nsu=http://opcfoundation.org/UA/Plc/Applications;s=RandomSignedInt32","EndpointUrl":"opc.tcp://localhost:61457/UA/SampleServer","ApplicationUri":"urn:desktop-bgfjs91:OPCFoundation:CoreSampleServer","DisplayName":"nsu=http://opcfoundation.org/UA/Plc/Applications;s=RandomSignedInt32","Timestamp":"2024-04-27T14:04:02.7131394Z","Value":{"Value":{"Type":6,"Body":-2018760138},"SourceTimestamp":"2024-04-27T14:04:02.666429Z","ServerTimestamp":"2024-04-27T14:04:02.6664299Z"},"SequenceNumber":73,"ExtensionFields":{}}