{"NodeId":"nsu=http://opcfoundation.org/UA/Plc/Applications;s=RandomSignedInt32","EndpointUrl":"opc.tcp://localhost:61457/UA/SampleServer","ApplicationUri":"urn:desktop-bgfjs91:OPCFoundation:CoreSampleServer","DisplayName":"nsu=http://opcfoundation.org/UA/Plc/Applications;s=RandomSignedInt32","Timestamp":"2024-04-27T14:04:07.7280657Z","Value":{"Value":{"Type":6,"Body":-83340040},"SourceTimestamp":"2024-04-27T14:04:07.6657973Z","ServerTimestamp":"2024-04-27T14:04:07.6657992Z"},"SequenceNumber":77,"ExtensionFields":{}}