{"NodeId":"nsu=http://opcfoundation.org/UA/Plc/Applications;s=RandomSignedInt32","EndpointUrl":"opc.tcp://localhost:61457/UA/SampleServer","ApplicationUri":"urn:desktop-bgfjs91:OPCFoundation:CoreSampleServer","DisplayName":"nsu=http://opcfoundation.org/UA/Plc/Applications;s=RandomSignedInt32","Timestamp":"2024-04-27T14:04:13.7336022Z","Value":{"Value":{"Type":6,"Body":-1276929393},"SourceTimestamp":"2024-04-27T14:04:13.6725747Z","ServerTimestamp":"2024-04-27T14:04:13.672576Z"},"SequenceNumber":82,"ExtensionFields":{}}