{"NodeId":"nsu=http://opcfoundation.org/UA/Plc/Applications;s=RandomSignedInt32","EndpointUrl":"opc.tcp://localhost:61457/UA/SampleServer","ApplicationUri":"urn:desktop-bgfjs91:OPCFoundation:CoreSampleServer","DisplayName":"nsu=http://opcfoundation.org/UA/Plc/Applications;s=RandomSignedInt32","Timestamp":"2024-04-27T14:04:19.7266917Z","Value":{"Value":{"Type":6,"Body":-1168507132},"SourceTimestamp":"2024-04-27T14:04:19.665026Z","ServerTimestamp":"2024-04-27T14:04:19.6650294Z"},"SequenceNumber":87,"ExtensionFields":{}}