{"NodeId":"nsu=http://opcfoundation.org/UA/Plc/Applications;s=RandomSignedInt32","EndpointUrl":"opc.tcp://localhost:61457/UA/SampleServer","ApplicationUri":"urn:desktop-bgfjs91:OPCFoundation:CoreSampleServer","DisplayName":"nsu=http://opcfoundation.org/UA/Plc/Applications;s=RandomSignedInt32","Timestamp":"2024-04-27T14:04:22.6940461Z","Value":{"Value":{"Type":6,"Body":-2068550205},"SourceTimestamp":"2024-04-27T14:04:22.6625049Z","ServerTimestamp":"2024-04-27T14:04:22.6625068Z"},"SequenceNumber":90,"ExtensionFields":{}}