{"NodeId":"nsu=http://opcfoundation.org/UA/Plc/Applications;s=RandomSignedInt32","EndpointUrl":"opc.tcp://localhost:61457/UA/SampleServer","ApplicationUri":"urn:desktop-bgfjs91:OPCFoundation:CoreSampleServer","DisplayName":"nsu=http://opcfoundation.org/UA/Plc/Applications;s=RandomSignedInt32","Timestamp":"2024-04-27T14:04:24.6805715Z","Value":{"Value":{"Type":6,"Body":94219286},"SourceTimestamp":"2024-04-27T14:04:24.6644782Z","ServerTimestamp":"2024-04-27T14:04:24.6644862Z"},"SequenceNumber":91,"ExtensionFields":{}}