{"NodeId":"nsu=http://opcfoundation.org/UA/Plc/Applications;s=RandomSignedInt32","EndpointUrl":"opc.tcp://localhost:61457/UA/SampleServer","ApplicationUri":"urn:desktop-bgfjs91:OPCFoundation:CoreSampleServer","DisplayName":"nsu=http://opcfoundation.org/UA/Plc/Applications;s=RandomSignedInt32","Timestamp":"2024-04-27T14:04:26.7102647Z","Value":{"Value":{"Type":6,"Body":-1279039817},"SourceTimestamp":"2024-04-27T14:04:26.6639314Z","ServerTimestamp":"2024-04-27T14:04:26.6639359Z"},"SequenceNumber":93,"ExtensionFields":{}}