{"MessageId":"16330d06-c584-4070-bfbd-2d46829a2bff","MessageType":"ua-data","PublisherId":"DESKTOP-BGFJS91","DataSetWriterGroup":"<<UnknownWriterGroup>>","Messages":[{"SequenceNumber":10,"MetaDataVersion":{"MajorVersion":1},"Timestamp":"2024-04-27T13:18:06.7591823Z","MessageType":"ua-deltaframe","DataSetWriterName":"<<UnknownDataSet>>","Payload":{"nsu=http://opcfoundation.org/UA/Plc/Applications;s=StepUp":{"Value":{"Type":7,"Body":117},"SourceTimestamp":"2024-04-27T13:18:06.6976436Z","ServerTimestamp":"2024-04-27T13:18:06.6976454Z"},"nsu=http://opcfoundation.org/UA/Plc/Applications;s=RandomSignedInt32":{"Value":{"Type":6,"Body":1176331623},"SourceTimestamp":"2024-04-27T13:18:06.6976406Z","ServerTimestamp":"2024-04-27T13:18:06.6976483Z"},"nsu=http://opcfoundation.org/UA/Plc/Applications;s=RandomUnsignedInt32":{"Value":{"Type":7,"Body":1766200507},"SourceTimestamp":"2024-04-27T13:18:06.6976408Z","ServerTimestamp":"2024-04-27T13:18:06.6976423Z"},"nsu=http://opcfoundation.org/UA/Plc/Applications;s=DipData":{"Value":{"Type":11,"Body":-90.482705246601981},"SourceTimestamp":"2024-04-27T13:18:06.6976242Z","ServerTimestamp":"2024-04-27T13:18:06.6976366Z"},"nsu=http://opcfoundation.org/UA/Plc/Applications;s=FastUIntScalar1":{"Value":{"Type":7,"Body":11},"SourceTimestamp":"2024-04-27T13:18:06.0014296Z","ServerTimestamp":"2024-04-27T13:18:06.0014314Z"},"nsu=http://opcfoundation.org/UA/Plc/Applications;s=FastUIntScalar2":{"Value":{"Type":7,"Body":11},"SourceTimestamp":"2024-04-27T13:18:06.0014388Z","ServerTimestamp":"2024-04-27T13:18:06.0014406Z"},"nsu=http://opcfoundation.org/UA/Plc/Applications;s=FastUIntScalar3":{"Value":{"Type":7,"Body":11},"SourceTimestamp":"2024-04-27T13:18:06.0014414Z","ServerTimestamp":"2024-04-27T13:18:06.001442Z"},"nsu=http://opcfoundation.org/UA/Plc/Applications;s=FastRandomUIntScalar1":{"Value":{"Type":7,"Body":4271074547},"SourceTimestamp":"2024-04-27T13:18:06.0014307Z","ServerTimestamp":"2024-04-27T13:18:06.0014459Z"},"nsu=http://opcfoundation.org/UA/Plc/Applications;s=FastRandomUIntScalar2":{"Value":{"Type":7,"Body":1292353849},"SourceTimestamp":"2024-04-27T13:18:06.0014529Z","ServerTimestamp":"2024-04-27T13:18:06.0014536Z"},"nsu=http://opcfoundation.org/UA/Plc/Applications;s=FastRandomUIntScalar3":{"Value":{"Type":7,"Body":262534933},"SourceTimestamp":"2024-04-27T13:18:06.0014548Z","ServerTimestamp":"2024-04-27T13:18:06.0014553Z"},"nsu=http://opcfoundation.org/UA/Plc/Applications;s=SpikeData":{"Value":{"Type":11,"Body":-90.482705246601981},"SourceTimestamp":"2024-04-27T13:18:06.6975794Z","ServerTimestamp":"2024-04-27T13:18:06.6975852Z"}}}]}