{"MessageId":"12c758af-83e9-4166-b345-c85aa4950906","MessageType":"ua-data","PublisherId":"DESKTOP-BGFJS91","DataSetWriterGroup":"<<UnknownWriterGroup>>","Messages":[{"SequenceNumber":105,"MetaDataVersion":{"MajorVersion":1},"Timestamp":"2024-04-27T13:19:51.7756949Z","MessageType":"ua-deltaframe","DataSetWriterName":"<<UnknownDataSet>>","Payload":{"nsu=http://opcfoundation.org/UA/Plc/Applications;s=StepUp":{"Value":{"Type":7,"Body":1167},"SourceTimestamp":"2024-04-27T13:19:51.6990224Z","ServerTimestamp":"2024-04-27T13:19:51.6990232Z"},"nsu=http://opcfoundation.org/UA/Plc/Applications;s=RandomSignedInt32":{"Value":{"Type":6,"Body":1091520777},"SourceTimestamp":"2024-04-27T13:19:51.6990382Z","ServerTimestamp":"2024-04-27T13:19:51.6990398Z"},"nsu=http://opcfoundation.org/UA/Plc/Applications;s=RandomUnsignedInt32":{"Value":{"Type":7,"Body":299276906},"SourceTimestamp":"2024-04-27T13:19:51.698999Z","ServerTimestamp":"2024-04-27T13:19:51.6990347Z"},"nsu=http://opcfoundation.org/UA/Plc/Applications;s=DipData":{"Value":{"Type":11,"Body":-90.482705246601981},"SourceTimestamp":"2024-04-27T13:19:51.6989929Z","ServerTimestamp":"2024-04-27T13:19:51.6989944Z"},"nsu=http://opcfoundation.org/UA/Plc/Applications;s=FastUIntScalar1":{"Value":{"Type":7,"Body":116},"SourceTimestamp":"2024-04-27T13:19:51.0036686Z","ServerTimestamp":"2024-04-27T13:19:51.0036763Z"},"nsu=http://opcfoundation.org/UA/Plc/Applications;s=FastUIntScalar2":{"Value":{"Type":7,"Body":116},"SourceTimestamp":"2024-04-27T13:19:51.0037282Z","ServerTimestamp":"2024-04-27T13:19:51.0037293Z"},"nsu=http://opcfoundation.org/UA/Plc/Applications;s=FastUIntScalar3":{"Value":{"Type":7,"Body":116},"SourceTimestamp":"2024-04-27T13:19:51.0037321Z","ServerTimestamp":"2024-04-27T13:19:51.0037329Z"},"nsu=http://opcfoundation.org/UA/Plc/Applications;s=FastRandomUIntScalar1":{"Value":{"Type":7,"Body":1609040955},"SourceTimestamp":"2024-04-27T13:19:51.0036554Z","ServerTimestamp":"2024-04-27T13:19:51.0036594Z"},"nsu=http://opcfoundation.org/UA/Plc/Applications;s=FastRandomUIntScalar2":{"Value":{"Type":7,"Body":621979548},"SourceTimestamp":"2024-04-27T13:19:51.0036756Z","ServerTimestamp":"2024-04-27T13:19:51.0037717Z"},"nsu=http://opcfoundation.org/UA/Plc/Applications;s=FastRandomUIntScalar3":{"Value":{"Type":7,"Body":661876852},"SourceTimestamp":"2024-04-27T13:19:51.0037866Z","ServerTimestamp":"2024-04-27T13:19:51.0038026Z"},"nsu=http://opcfoundation.org/UA/Plc/Applications;s=SpikeData":{"Value":{"Type":11,"Body":-90.482705246601981},"SourceTimestamp":"2024-04-27T13:19:51.6989674Z","ServerTimestamp":"2024-04-27T13:19:51.6989726Z"}}}]}