{"MessageId":"6e6f25a8-06de-4b6e-9abd-b9b2c1f9ab1d","MessageType":"ua-data","PublisherId":"DESKTOP-BGFJS91","DataSetWriterGroup":"<<UnknownWriterGroup>>","Messages":[{"SequenceNumber":106,"MetaDataVersion":{"MajorVersion":1},"Timestamp":"2024-04-27T13:19:53.8178913Z","MessageType":"ua-deltaframe","DataSetWriterName":"<<UnknownDataSet>>","Payload":{"nsu=http://opcfoundation.org/UA/Plc/Applications;s=StepUp":{"Value":{"Type":7,"Body":1188},"SourceTimestamp":"2024-04-27T13:19:53.8021399Z","ServerTimestamp":"2024-04-27T13:19:53.8021508Z"},"nsu=http://opcfoundation.org/UA/Plc/Applications;s=RandomSignedInt32":{"Value":{"Type":6,"Body":1497320442},"SourceTimestamp":"2024-04-27T13:19:53.8021347Z","ServerTimestamp":"2024-04-27T13:19:53.8021389Z"},"nsu=http://opcfoundation.org/UA/Plc/Applications;s=RandomUnsignedInt32":{"Value":{"Type":7,"Body":1587415870},"SourceTimestamp":"2024-04-27T13:19:53.8021351Z","ServerTimestamp":"2024-04-27T13:19:53.8021362Z"},"nsu=http://opcfoundation.org/UA/Plc/Applications;s=DipData":{"Value":{"Type":11,"Body":99.80267284282715},"SourceTimestamp":"2024-04-27T13:19:53.8021363Z","ServerTimestamp":"2024-04-27T13:19:53.8021439Z"},"nsu=http://opcfoundation.org/UA/Plc/Applications;s=FastUIntScalar1":{"Value":{"Type":7,"Body":118},"SourceTimestamp":"2024-04-27T13:19:52.9979573Z","ServerTimestamp":"2024-04-27T13:19:52.9979601Z"},"nsu=http://opcfoundation.org/UA/Plc/Applications;s=FastUIntScalar2":{"Value":{"Type":7,"Body":118},"SourceTimestamp":"2024-04-27T13:19:52.9979735Z","ServerTimestamp":"2024-04-27T13:19:52.9979954Z"},"nsu=http://opcfoundation.org/UA/Plc/Applications;s=FastUIntScalar3":{"Value":{"Type":7,"Body":118},"SourceTimestamp":"2024-04-27T13:19:52.9979965Z","ServerTimestamp":"2024-04-27T13:19:52.9979979Z"},"nsu=http://opcfoundation.org/UA/Plc/Applications;s=FastRandomUIntScalar1":{"Value":{"Type":7,"Body":3760760229},"SourceTimestamp":"2024-04-27T13:19:52.997966Z","ServerTimestamp":"2024-04-27T13:19:52.997975Z"},"nsu=http://opcfoundation.org/UA/Plc/Applications;s=FastRandomUIntScalar2":{"Value":{"Type":7,"Body":1145014099},"SourceTimestamp":"2024-04-27T13:19:52.9979956Z","ServerTimestamp":"2024-04-27T13:19:52.9979965Z"},"nsu=http://opcfoundation.org/UA/Plc/Applications;s=FastRandomUIntScalar3":{"Value":{"Type":7,"Body":1303847523},"SourceTimestamp":"2024-04-27T13:19:52.9979983Z","ServerTimestamp":"2024-04-27T13:19:52.9979989Z"},"nsu=http://opcfoundation.org/UA/Plc/Applications;s=SpikeData":{"Value":{"Type":11,"Body":99.80267284282715},"SourceTimestamp":"2024-04-27T13:19:53.8021123Z","ServerTimestamp":"2024-04-27T13:19:53.8021249Z"}}}]}