{"MessageId":"4f6176cc-ad59-4eb5-b48e-ecc106509d53","MessageType":"ua-data","PublisherId":"DESKTOP-BGFJS91","DataSetWriterGroup":"<<UnknownWriterGroup>>","Messages":[{"SequenceNumber":12,"MetaDataVersion":{"MajorVersion":1},"Timestamp":"2024-04-27T13:18:08.8079646Z","MessageType":"ua-deltaframe","DataSetWriterName":"<<UnknownDataSet>>","Payload":{"nsu=http://opcfoundation.org/UA/Plc/Applications;s=StepUp":{"Value":{"Type":7,"Body":137},"SourceTimestamp":"2024-04-27T13:18:08.7004001Z","ServerTimestamp":"2024-04-27T13:18:08.7004055Z"},"nsu=http://opcfoundation.org/UA/Plc/Applications;s=RandomSignedInt32":{"Value":{"Type":6,"Body":-1189711019},"SourceTimestamp":"2024-04-27T13:18:08.8075506Z","ServerTimestamp":"2024-04-27T13:18:08.8075512Z"},"nsu=http://opcfoundation.org/UA/Plc/Applications;s=RandomUnsignedInt32":{"Value":{"Type":7,"Body":759930862},"SourceTimestamp":"2024-04-27T13:18:08.8075445Z","ServerTimestamp":"2024-04-27T13:18:08.8075478Z"},"nsu=http://opcfoundation.org/UA/Plc/Applications;s=DipData":{"Value":{"Type":11,"Body":98.228725072868855},"SourceTimestamp":"2024-04-27T13:18:08.7003977Z","ServerTimestamp":"2024-04-27T13:18:08.7004015Z"},"nsu=http://opcfoundation.org/UA/Plc/Applications;s=FastUIntScalar1":{"Value":{"Type":7,"Body":13},"SourceTimestamp":"2024-04-27T13:18:08.0017384Z","ServerTimestamp":"2024-04-27T13:18:08.0017411Z"},"nsu=http://opcfoundation.org/UA/Plc/Applications;s=FastUIntScalar2":{"Value":{"Type":7,"Body":13},"SourceTimestamp":"2024-04-27T13:18:08.0017528Z","ServerTimestamp":"2024-04-27T13:18:08.0017653Z"},"nsu=http://opcfoundation.org/UA/Plc/Applications;s=FastUIntScalar3":{"Value":{"Type":7,"Body":13},"SourceTimestamp":"2024-04-27T13:18:08.0017668Z","ServerTimestamp":"2024-04-27T13:18:08.0017683Z"},"nsu=http://opcfoundation.org/UA/Plc/Applications;s=FastRandomUIntScalar1":{"Value":{"Type":7,"Body":3376067174},"SourceTimestamp":"2024-04-27T13:18:08.0017423Z","ServerTimestamp":"2024-04-27T13:18:08.0017542Z"},"nsu=http://opcfoundation.org/UA/Plc/Applications;s=FastRandomUIntScalar2":{"Value":{"Type":7,"Body":3861011346},"SourceTimestamp":"2024-04-27T13:18:08.0017651Z","ServerTimestamp":"2024-04-27T13:18:08.0017667Z"},"nsu=http://opcfoundation.org/UA/Plc/Applications;s=FastRandomUIntScalar3":{"Value":{"Type":7,"Body":3138065344},"SourceTimestamp":"2024-04-27T13:18:08.0017682Z","ServerTimestamp":"2024-04-27T13:18:08.00177Z"},"nsu=http://opcfoundation.org/UA/Plc/Applications;s=SpikeData":{"Value":{"Type":11,"Body":99.80267284282715},"SourceTimestamp":"2024-04-27T13:18:08.8075211Z","ServerTimestamp":"2024-04-27T13:18:08.8075333Z"}}}]}