{"MessageId":"0685a372-1ec4-4c05-8fb4-4c43c675729f","MessageType":"ua-data","PublisherId":"DESKTOP-BGFJS91","DataSetWriterGroup":"<<UnknownWriterGroup>>","Messages":[{"SequenceNumber":17,"MetaDataVersion":{"MajorVersion":1},"Timestamp":"2024-04-27T13:18:14.7598014Z","MessageType":"ua-deltaframe","DataSetWriterName":"<<UnknownDataSet>>","Payload":{"nsu=http://opcfoundation.org/UA/Plc/Applications;s=StepUp":{"Value":{"Type":7,"Body":197},"SourceTimestamp":"2024-04-27T13:18:14.6978448Z","ServerTimestamp":"2024-04-27T13:18:14.6978496Z"},"nsu=http://opcfoundation.org/UA/Plc/Applications;s=RandomSignedInt32":{"Value":{"Type":6,"Body":-91331366},"SourceTimestamp":"2024-04-27T13:18:14.6978378Z","ServerTimestamp":"2024-04-27T13:18:14.6978384Z"},"nsu=http://opcfoundation.org/UA/Plc/Applications;s=RandomUnsignedInt32":{"Value":{"Type":7,"Body":1249340181},"SourceTimestamp":"2024-04-27T13:18:14.6978321Z","ServerTimestamp":"2024-04-27T13:18:14.6978349Z"},"nsu=http://opcfoundation.org/UA/Plc/Applications;s=DipData":{"Value":{"Type":11,"Body":48.175367410171532},"SourceTimestamp":"2024-04-27T13:18:14.6978388Z","ServerTimestamp":"2024-04-27T13:18:14.6978465Z"},"nsu=http://opcfoundation.org/UA/Plc/Applications;s=FastUIntScalar1":{"Value":{"Type":7,"Body":19},"SourceTimestamp":"2024-04-27T13:18:13.9976675Z","ServerTimestamp":"2024-04-27T13:18:13.99767Z"},"nsu=http://opcfoundation.org/UA/Plc/Applications;s=FastUIntScalar2":{"Value":{"Type":7,"Body":19},"SourceTimestamp":"2024-04-27T13:18:13.9976794Z","ServerTimestamp":"2024-04-27T13:18:13.9976801Z"},"nsu=http://opcfoundation.org/UA/Plc/Applications;s=FastUIntScalar3":{"Value":{"Type":7,"Body":19},"SourceTimestamp":"2024-04-27T13:18:13.9976812Z","ServerTimestamp":"2024-04-27T13:18:13.9976817Z"},"nsu=http://opcfoundation.org/UA/Plc/Applications;s=FastRandomUIntScalar1":{"Value":{"Type":7,"Body":1681568288},"SourceTimestamp":"2024-04-27T13:18:13.9976831Z","ServerTimestamp":"2024-04-27T13:18:13.9976847Z"},"nsu=http://opcfoundation.org/UA/Plc/Applications;s=FastRandomUIntScalar2":{"Value":{"Type":7,"Body":1987819631},"SourceTimestamp":"2024-04-27T13:18:13.9976907Z","ServerTimestamp":"2024-04-27T13:18:13.9976914Z"},"nsu=http://opcfoundation.org/UA/Plc/Applications;s=FastRandomUIntScalar3":{"Value":{"Type":7,"Body":1826930780},"SourceTimestamp":"2024-04-27T13:18:13.9976926Z","ServerTimestamp":"2024-04-27T13:18:13.9976932Z"},"nsu=http://opcfoundation.org/UA/Plc/Applications;s=SpikeData":{"Value":{"Type":11,"Body":48.175367410171532},"SourceTimestamp":"2024-04-27T13:18:14.6978079Z","ServerTimestamp":"2024-04-27T13:18:14.6978113Z"}}}]}