{"MessageId":"524e84d4-8759-415f-8b5f-5650839e8383","MessageType":"ua-data","PublisherId":"DESKTOP-BGFJS91","DataSetWriterGroup":"<<UnknownWriterGroup>>","Messages":[{"SequenceNumber":19,"MetaDataVersion":{"MajorVersion":1},"Timestamp":"2024-04-27T13:18:16.7950766Z","MessageType":"ua-deltaframe","DataSetWriterName":"<<UnknownDataSet>>","Payload":{"nsu=http://opcfoundation.org/UA/Plc/Applications;s=StepUp":{"Value":{"Type":7,"Body":217},"SourceTimestamp":"2024-04-27T13:18:16.7023251Z","ServerTimestamp":"2024-04-27T13:18:16.702327Z"},"nsu=http://opcfoundation.org/UA/Plc/Applications;s=RandomSignedInt32":{"Value":{"Type":6,"Body":-1160421810},"SourceTimestamp":"2024-04-27T13:18:16.70232Z","ServerTimestamp":"2024-04-27T13:18:16.7023209Z"},"nsu=http://opcfoundation.org/UA/Plc/Applications;s=RandomUnsignedInt32":{"Value":{"Type":7,"Body":617976689},"SourceTimestamp":"2024-04-27T13:18:16.7023154Z","ServerTimestamp":"2024-04-27T13:18:16.7023173Z"},"nsu=http://opcfoundation.org/UA/Plc/Applications;s=DipData":{"Value":{"Type":11,"Body":-90.482705246601981},"SourceTimestamp":"2024-04-27T13:18:16.7023208Z","ServerTimestamp":"2024-04-27T13:18:16.7023255Z"},"nsu=http://opcfoundation.org/UA/Plc/Applications;s=FastUIntScalar1":{"Value":{"Type":7,"Body":21},"SourceTimestamp":"2024-04-27T13:18:15.9930028Z","ServerTimestamp":"2024-04-27T13:18:15.9930048Z"},"nsu=http://opcfoundation.org/UA/Plc/Applications;s=FastUIntScalar2":{"Value":{"Type":7,"Body":21},"SourceTimestamp":"2024-04-27T13:18:15.9930144Z","ServerTimestamp":"2024-04-27T13:18:15.9930152Z"},"nsu=http://opcfoundation.org/UA/Plc/Applications;s=FastUIntScalar3":{"Value":{"Type":7,"Body":21},"SourceTimestamp":"2024-04-27T13:18:15.9930164Z","ServerTimestamp":"2024-04-27T13:18:15.9930169Z"},"nsu=http://opcfoundation.org/UA/Plc/Applications;s=FastRandomUIntScalar1":{"Value":{"Type":7,"Body":1204722187},"SourceTimestamp":"2024-04-27T13:18:15.9930313Z","ServerTimestamp":"2024-04-27T13:18:15.9930333Z"},"nsu=http://opcfoundation.org/UA/Plc/Applications;s=FastRandomUIntScalar2":{"Value":{"Type":7,"Body":657044120},"SourceTimestamp":"2024-04-27T13:18:15.9930393Z","ServerTimestamp":"2024-04-27T13:18:15.9930406Z"},"nsu=http://opcfoundation.org/UA/Plc/Applications;s=FastRandomUIntScalar3":{"Value":{"Type":7,"Body":415492909},"SourceTimestamp":"2024-04-27T13:18:15.9930418Z","ServerTimestamp":"2024-04-27T13:18:15.9930424Z"},"nsu=http://opcfoundation.org/UA/Plc/Applications;s=SpikeData":{"Value":{"Type":11,"Body":-90.482705246601981},"SourceTimestamp":"2024-04-27T13:18:16.7022927Z","ServerTimestamp":"2024-04-27T13:18:16.7022957Z"}}}]}