{"MessageId":"d9e3dba8-a87a-4ebe-bae1-762946b820d9","MessageType":"ua-data","PublisherId":"DESKTOP-BGFJS91","DataSetWriterGroup":"<<UnknownWriterGroup>>","Messages":[{"SequenceNumber":2,"MetaDataVersion":{"MajorVersion":1},"Timestamp":"2024-04-27T13:17:57.7796423Z","MessageType":"ua-deltaframe","DataSetWriterName":"<<UnknownDataSet>>","Payload":{"nsu=http://opcfoundation.org/UA/Plc/Applications;s=StepUp":{"Value":{"Type":7,"Body":27},"SourceTimestamp":"2024-04-27T13:17:57.7027059Z","ServerTimestamp":"2024-04-27T13:17:57.7027072Z"},"nsu=http://opcfoundation.org/UA/Plc/Applications;s=RandomSignedInt32":{"Value":{"Type":6,"Body":-1283943715},"SourceTimestamp":"2024-04-27T13:17:57.7026941Z","ServerTimestamp":"2024-04-27T13:17:57.7027129Z"},"nsu=http://opcfoundation.org/UA/Plc/Applications;s=RandomUnsignedInt32":{"Value":{"Type":7,"Body":1691655632},"SourceTimestamp":"2024-04-27T13:17:57.7026929Z","ServerTimestamp":"2024-04-27T13:17:57.7027028Z"},"nsu=http://opcfoundation.org/UA/Plc/Applications;s=DipData":{"Value":{"Type":11,"Body":12.53332335643041},"SourceTimestamp":"2024-04-27T13:17:57.7026881Z","ServerTimestamp":"2024-04-27T13:17:57.7026889Z"},"nsu=http://opcfoundation.org/UA/Plc/Applications;s=FastUIntScalar1":{"Value":{"Type":7,"Body":2},"SourceTimestamp":"2024-04-27T13:17:57.004637Z","ServerTimestamp":"2024-04-27T13:17:57.0047185Z"},"nsu=http://opcfoundation.org/UA/Plc/Applications;s=FastUIntScalar2":{"Value":{"Type":7,"Body":2},"SourceTimestamp":"2024-04-27T13:17:57.0047312Z","ServerTimestamp":"2024-04-27T13:17:57.0047369Z"},"nsu=http://opcfoundation.org/UA/Plc/Applications;s=FastUIntScalar3":{"Value":{"Type":7,"Body":2},"SourceTimestamp":"2024-04-27T13:17:57.0047401Z","ServerTimestamp":"2024-04-27T13:17:57.004751Z"},"nsu=http://opcfoundation.org/UA/Plc/Applications;s=FastRandomUIntScalar1":{"Value":{"Type":7,"Body":2937159982},"SourceTimestamp":"2024-04-27T13:17:57.0046225Z","ServerTimestamp":"2024-04-27T13:17:57.0046265Z"},"nsu=http://opcfoundation.org/UA/Plc/Applications;s=FastRandomUIntScalar2":{"Value":{"Type":7,"Body":562520761},"SourceTimestamp":"2024-04-27T13:17:57.004726Z","ServerTimestamp":"2024-04-27T13:17:57.00473Z"},"nsu=http://opcfoundation.org/UA/Plc/Applications;s=FastRandomUIntScalar3":{"Value":{"Type":7,"Body":1912536930},"SourceTimestamp":"2024-04-27T13:17:57.0047509Z","ServerTimestamp":"2024-04-27T13:17:57.0047532Z"},"nsu=http://opcfoundation.org/UA/Plc/Applications;s=SpikeData":{"Value":{"Type":11,"Body":12.53332335643041},"SourceTimestamp":"2024-04-27T13:17:57.7026688Z","ServerTimestamp":"2024-04-27T13:17:57.7026719Z"}}}]}