{"MessageId":"e4d080c6-5916-41de-82f4-d8c6113d93d4","MessageType":"ua-data","PublisherId":"DESKTOP-BGFJS91","DataSetWriterGroup":"<<UnknownWriterGroup>>","Messages":[{"SequenceNumber":22,"MetaDataVersion":{"MajorVersion":1},"Timestamp":"2024-04-27T13:18:20.7601924Z","MessageType":"ua-deltaframe","DataSetWriterName":"<<UnknownDataSet>>","Payload":{"nsu=http://opcfoundation.org/UA/Plc/Applications;s=StepUp":{"Value":{"Type":7,"Body":257},"SourceTimestamp":"2024-04-27T13:18:20.69714Z","ServerTimestamp":"2024-04-27T13:18:20.6971416Z"},"nsu=http://opcfoundation.org/UA/Plc/Applications;s=AlternatingBoolean":{"Value":{"Type":1,"Body":false},"SourceTimestamp":"2024-04-27T13:18:20.1067772Z","ServerTimestamp":"2024-04-27T13:18:20.1067819Z"},"nsu=http://opcfoundation.org/UA/Plc/Applications;s=RandomSignedInt32":{"Value":{"Type":6,"Body":-1757143410},"SourceTimestamp":"2024-04-27T13:18:20.6971359Z","ServerTimestamp":"2024-04-27T13:18:20.6971429Z"},"nsu=http://opcfoundation.org/UA/Plc/Applications;s=RandomUnsignedInt32":{"Value":{"Type":7,"Body":868016561},"SourceTimestamp":"2024-04-27T13:18:20.6971321Z","ServerTimestamp":"2024-04-27T13:18:20.6971332Z"},"nsu=http://opcfoundation.org/UA/Plc/Applications;s=DipData":{"Value":{"Type":11,"Body":-68.454710592868821},"SourceTimestamp":"2024-04-27T13:18:20.697126Z","ServerTimestamp":"2024-04-27T13:18:20.6971273Z"},"nsu=http://opcfoundation.org/UA/Plc/Applications;s=FastUIntScalar1":{"Value":{"Type":7,"Body":25},"SourceTimestamp":"2024-04-27T13:18:19.9971957Z","ServerTimestamp":"2024-04-27T13:18:19.9972327Z"},"nsu=http://opcfoundation.org/UA/Plc/Applications;s=FastUIntScalar2":{"Value":{"Type":7,"Body":25},"SourceTimestamp":"2024-04-27T13:18:19.9972425Z","ServerTimestamp":"2024-04-27T13:18:19.9972575Z"},"nsu=http://opcfoundation.org/UA/Plc/Applications;s=FastUIntScalar3":{"Value":{"Type":7,"Body":25},"SourceTimestamp":"2024-04-27T13:18:19.9972631Z","ServerTimestamp":"2024-04-27T13:18:19.9972638Z"},"nsu=http://opcfoundation.org/UA/Plc/Applications;s=FastRandomUIntScalar1":{"Value":{"Type":7,"Body":3825940323},"SourceTimestamp":"2024-04-27T13:18:19.9972044Z","ServerTimestamp":"2024-04-27T13:18:19.9972064Z"},"nsu=http://opcfoundation.org/UA/Plc/Applications;s=FastRandomUIntScalar2":{"Value":{"Type":7,"Body":1325431142},"SourceTimestamp":"2024-04-27T13:18:19.997221Z","ServerTimestamp":"2024-04-27T13:18:19.9972215Z"},"nsu=http://opcfoundation.org/UA/Plc/Applications;s=FastRandomUIntScalar3":{"Value":{"Type":7,"Body":3416516008},"SourceTimestamp":"2024-04-27T13:18:19.9972228Z","ServerTimestamp":"2024-04-27T13:18:19.9972233Z"},"nsu=http://opcfoundation.org/UA/Plc/Applications;s=PositiveTrendData":{"Value":{"Type":11,"Body":100.2},"SourceTimestamp":"2024-04-27T13:18:20.1067437Z","ServerTimestamp":"2024-04-27T13:18:20.1067469Z"},"nsu=http://opcfoundation.org/UA/Plc/Applications;s=SpikeData":{"Value":{"Type":11,"Body":-68.454710592868821},"SourceTimestamp":"2024-04-27T13:18:20.6971059Z","ServerTimestamp":"2024-04-27T13:18:20.6971091Z"}}}]}