{"MessageId":"16567341-bd87-40d1-86c6-e80e0a75056e","MessageType":"ua-data","PublisherId":"DESKTOP-BGFJS91","DataSetWriterGroup":"<<UnknownWriterGroup>>","Messages":[{"SequenceNumber":23,"MetaDataVersion":{"MajorVersion":1},"Timestamp":"2024-04-27T13:18:21.8153785Z","MessageType":"ua-deltaframe","DataSetWriterName":"<<UnknownDataSet>>","Payload":{"nsu=http://opcfoundation.org/UA/Plc/Applications;s=StepUp":{"Value":{"Type":7,"Body":268},"SourceTimestamp":"2024-04-27T13:18:21.7992294Z","ServerTimestamp":"2024-04-27T13:18:21.7992312Z"},"nsu=http://opcfoundation.org/UA/Plc/Applications;s=RandomSignedInt32":{"Value":{"Type":6,"Body":-269859014},"SourceTimestamp":"2024-04-27T13:18:21.7992263Z","ServerTimestamp":"2024-04-27T13:18:21.7992339Z"},"nsu=http://opcfoundation.org/UA/Plc/Applications;s=RandomUnsignedInt32":{"Value":{"Type":7,"Body":1814292213},"SourceTimestamp":"2024-04-27T13:18:21.799217Z","ServerTimestamp":"2024-04-27T13:18:21.7992215Z"},"nsu=http://opcfoundation.org/UA/Plc/Applications;s=DipData":{"Value":{"Type":11,"Body":-84.432792550201526},"SourceTimestamp":"2024-04-27T13:18:21.7992389Z","ServerTimestamp":"2024-04-27T13:18:21.799242Z"},"nsu=http://opcfoundation.org/UA/Plc/Applications;s=FastUIntScalar1":{"Value":{"Type":7,"Body":26},"SourceTimestamp":"2024-04-27T13:18:21.0071704Z","ServerTimestamp":"2024-04-27T13:18:21.007172Z"},"nsu=http://opcfoundation.org/UA/Plc/Applications;s=FastUIntScalar2":{"Value":{"Type":7,"Body":26},"SourceTimestamp":"2024-04-27T13:18:21.0071799Z","ServerTimestamp":"2024-04-27T13:18:21.0071859Z"},"nsu=http://opcfoundation.org/UA/Plc/Applications;s=FastUIntScalar3":{"Value":{"Type":7,"Body":26},"SourceTimestamp":"2024-04-27T13:18:21.0071868Z","ServerTimestamp":"2024-04-27T13:18:21.0071877Z"},"nsu=http://opcfoundation.org/UA/Plc/Applications;s=FastRandomUIntScalar1":{"Value":{"Type":7,"Body":1645259064},"SourceTimestamp":"2024-04-27T13:18:21.0071747Z","ServerTimestamp":"2024-04-27T13:18:21.0071803Z"},"nsu=http://opcfoundation.org/UA/Plc/Applications;s=FastRandomUIntScalar2":{"Value":{"Type":7,"Body":2829382900},"SourceTimestamp":"2024-04-27T13:18:21.0071858Z","ServerTimestamp":"2024-04-27T13:18:21.0071867Z"},"nsu=http://opcfoundation.org/UA/Plc/Applications;s=FastRandomUIntScalar3":{"Value":{"Type":7,"Body":2655274575},"SourceTimestamp":"2024-04-27T13:18:21.0071875Z","ServerTimestamp":"2024-04-27T13:18:21.0071886Z"},"nsu=http://opcfoundation.org/UA/Plc/Applications;s=SpikeData":{"Value":{"Type":11,"Body":-84.432792550201526},"SourceTimestamp":"2024-04-27T13:18:21.7991766Z","ServerTimestamp":"2024-04-27T13:18:21.7991813Z"}}}]}