{"MessageId":"f0da8814-613e-4022-98e0-b07a7277c7fc","MessageType":"ua-data","PublisherId":"DESKTOP-BGFJS91","DataSetWriterGroup":"<<UnknownWriterGroup>>","Messages":[{"SequenceNumber":26,"MetaDataVersion":{"MajorVersion":1},"Timestamp":"2024-04-27T13:18:24.7890589Z","MessageType":"ua-deltaframe","DataSetWriterName":"<<UnknownDataSet>>","Payload":{"nsu=http://opcfoundation.org/UA/Plc/Applications;s=StepUp":{"Value":{"Type":7,"Body":297},"SourceTimestamp":"2024-04-27T13:18:24.6951342Z","ServerTimestamp":"2024-04-27T13:18:24.6951353Z"},"nsu=http://opcfoundation.org/UA/Plc/Applications;s=RandomSignedInt32":{"Value":{"Type":6,"Body":-2028216998},"SourceTimestamp":"2024-04-27T13:18:24.6951241Z","ServerTimestamp":"2024-04-27T13:18:24.6951255Z"},"nsu=http://opcfoundation.org/UA/Plc/Applications;s=RandomUnsignedInt32":{"Value":{"Type":7,"Body":1533207951},"SourceTimestamp":"2024-04-27T13:18:24.6951361Z","ServerTimestamp":"2024-04-27T13:18:24.6951399Z"},"nsu=http://opcfoundation.org/UA/Plc/Applications;s=DipData":{"Value":{"Type":11,"Body":48.175367410171532},"SourceTimestamp":"2024-04-27T13:18:24.6951081Z","ServerTimestamp":"2024-04-27T13:18:24.6951192Z"},"nsu=http://opcfoundation.org/UA/Plc/Applications;s=FastUIntScalar1":{"Value":{"Type":7,"Body":29},"SourceTimestamp":"2024-04-27T13:18:23.9956145Z","ServerTimestamp":"2024-04-27T13:18:23.9956167Z"},"nsu=http://opcfoundation.org/UA/Plc/Applications;s=FastUIntScalar2":{"Value":{"Type":7,"Body":29},"SourceTimestamp":"2024-04-27T13:18:23.9956289Z","ServerTimestamp":"2024-04-27T13:18:23.9956576Z"},"nsu=http://opcfoundation.org/UA/Plc/Applications;s=FastUIntScalar3":{"Value":{"Type":7,"Body":29},"SourceTimestamp":"2024-04-27T13:18:23.995665Z","ServerTimestamp":"2024-04-27T13:18:23.9956727Z"},"nsu=http://opcfoundation.org/UA/Plc/Applications;s=FastRandomUIntScalar1":{"Value":{"Type":7,"Body":2820322797},"SourceTimestamp":"2024-04-27T13:18:23.9956151Z","ServerTimestamp":"2024-04-27T13:18:23.9956296Z"},"nsu=http://opcfoundation.org/UA/Plc/Applications;s=FastRandomUIntScalar2":{"Value":{"Type":7,"Body":2619214542},"SourceTimestamp":"2024-04-27T13:18:23.9956527Z","ServerTimestamp":"2024-04-27T13:18:23.9956533Z"},"nsu=http://opcfoundation.org/UA/Plc/Applications;s=FastRandomUIntScalar3":{"Value":{"Type":7,"Body":712150309},"SourceTimestamp":"2024-04-27T13:18:23.9956545Z","ServerTimestamp":"2024-04-27T13:18:23.9956551Z"},"nsu=http://opcfoundation.org/UA/Plc/Applications;s=SpikeData":{"Value":{"Type":11,"Body":48.175367410171532},"SourceTimestamp":"2024-04-27T13:18:24.6950551Z","ServerTimestamp":"2024-04-27T13:18:24.6950594Z"}}}]}