{"MessageId":"179f31cf-ebe6-4c69-abe1-3ccdc98e7ed3","MessageType":"ua-data","PublisherId":"DESKTOP-BGFJS91","DataSetWriterGroup":"<<UnknownWriterGroup>>","Messages":[{"SequenceNumber":27,"MetaDataVersion":{"MajorVersion":1},"Timestamp":"2024-04-27T13:18:25.7792511Z","MessageType":"ua-deltaframe","DataSetWriterName":"<<UnknownDataSet>>","Payload":{"nsu=http://opcfoundation.org/UA/Plc/Applications;s=StepUp":{"Value":{"Type":7,"Body":307},"SourceTimestamp":"2024-04-27T13:18:25.701322Z","ServerTimestamp":"2024-04-27T13:18:25.7013606Z"},"nsu=http://opcfoundation.org/UA/Plc/Applications;s=AlternatingBoolean":{"Value":{"Type":1,"Body":true},"SourceTimestamp":"2024-04-27T13:18:25.0988702Z","ServerTimestamp":"2024-04-27T13:18:25.0988809Z"},"nsu=http://opcfoundation.org/UA/Plc/Applications;s=RandomSignedInt32":{"Value":{"Type":6,"Body":-636063828},"SourceTimestamp":"2024-04-27T13:18:25.7013246Z","ServerTimestamp":"2024-04-27T13:18:25.7013326Z"},"nsu=http://opcfoundation.org/UA/Plc/Applications;s=RandomUnsignedInt32":{"Value":{"Type":7,"Body":1923811557},"SourceTimestamp":"2024-04-27T13:18:25.7013119Z","ServerTimestamp":"2024-04-27T13:18:25.7013468Z"},"nsu=http://opcfoundation.org/UA/Plc/Applications;s=DipData":{"Value":{"Type":11,"Body":-68.454710592868821},"SourceTimestamp":"2024-04-27T13:18:25.7013097Z","ServerTimestamp":"2024-04-27T13:18:25.7013114Z"},"nsu=http://opcfoundation.org/UA/Plc/Applications;s=FastUIntScalar1":{"Value":{"Type":7,"Body":30},"SourceTimestamp":"2024-04-27T13:18:25.0061164Z","ServerTimestamp":"2024-04-27T13:18:25.0061188Z"},"nsu=http://opcfoundation.org/UA/Plc/Applications;s=FastUIntScalar2":{"Value":{"Type":7,"Body":30},"SourceTimestamp":"2024-04-27T13:18:25.0061229Z","ServerTimestamp":"2024-04-27T13:18:25.0061245Z"},"nsu=http://opcfoundation.org/UA/Plc/Applications;s=FastUIntScalar3":{"Value":{"Type":7,"Body":30},"SourceTimestamp":"2024-04-27T13:18:25.0061261Z","ServerTimestamp":"2024-04-27T13:18:25.0061267Z"},"nsu=http://opcfoundation.org/UA/Plc/Applications;s=FastRandomUIntScalar1":{"Value":{"Type":7,"Body":962555360},"SourceTimestamp":"2024-04-27T13:18:25.0061115Z","ServerTimestamp":"2024-04-27T13:18:25.0061126Z"},"nsu=http://opcfoundation.org/UA/Plc/Applications;s=FastRandomUIntScalar2":{"Value":{"Type":7,"Body":2605977221},"SourceTimestamp":"2024-04-27T13:18:25.0061169Z","ServerTimestamp":"2024-04-27T13:18:25.0061174Z"},"nsu=http://opcfoundation.org/UA/Plc/Applications;s=FastRandomUIntScalar3":{"Value":{"Type":7,"Body":4100307181},"SourceTimestamp":"2024-04-27T13:18:25.0061189Z","ServerTimestamp":"2024-04-27T13:18:25.0061233Z"},"nsu=http://opcfoundation.org/UA/Plc/Applications;s=PositiveTrendData":{"Value":{"Type":11,"Body":100.3},"SourceTimestamp":"2024-04-27T13:18:25.0988178Z","ServerTimestamp":"2024-04-27T13:18:25.0988219Z"},"nsu=http://opcfoundation.org/UA/Plc/Applications;s=SlowUIntScalar1":{"Value":{"Type":7,"Body":3},"SourceTimestamp":"2024-04-27T13:18:25.0060628Z","ServerTimestamp":"2024-04-27T13:18:25.0060659Z"},"nsu=http://opcfoundation.org/UA/Plc/Applications;s=SlowUIntScalar2":{"Value":{"Type":7,"Body":3},"SourceTimestamp":"2024-04-27T13:18:25.0060763Z","ServerTimestamp":"2024-04-27T13:18:25.0060842Z"},"nsu=http://opcfoundation.org/UA/Plc/Applications;s=SlowUIntScalar3":{"Value":{"Type":7,"Body":3},"SourceTimestamp":"2024-04-27T13:18:25.0060854Z","ServerTimestamp":"2024-04-27T13:18:25.006087Z"},"nsu=http://opcfoundation.org/UA/Plc/Applications;s=BadSlowUIntScalar1":{"Value":{"Type":7,"Body":3},"SourceTimestamp":"2024-04-27T13:18:25.0060893Z","ServerTimestamp":"2024-04-27T13:18:25.0060899Z"},"nsu=http://opcfoundation.org/UA/Plc/Applications;s=SlowRandomUIntScalar1":{"Value":{"Type":7,"Body":2105437306},"SourceTimestamp":"2024-04-27T13:18:25.0060752Z","ServerTimestamp":"2024-04-27T13:18:25.0060772Z"},"nsu=http://opcfoundation.org/UA/Plc/Applications;s=SlowRandomUIntScalar2":{"Value":{"Type":7,"Body":4039364967},"SourceTimestamp":"2024-04-27T13:18:25.0060844Z","ServerTimestamp":"2024-04-27T13:18:25.0060856Z"},"nsu=http://opcfoundation.org/UA/Plc/Applications;s=SlowRandomUIntScalar3":{"Value":{"Type":7,"Body":3058525130},"SourceTimestamp":"2024-04-27T13:18:25.0060872Z","ServerTimestamp":"2024-04-27T13:18:25.0060886Z"},"nsu=http://opcfoundation.org/UA/Plc/Applications;s=BadSlowRandomUIntScalar1":{"Value":{"Type":7,"Body":2185280650},"SourceTimestamp":"2024-04-27T13:18:25.0060899Z","ServerTimestamp":"2024-04-27T13:18:25.0060912Z"},"nsu=http://opcfoundation.org/UA/Plc/Applications;s=SpikeData":{"Value":{"Type":11,"Body":-68.454710592868821},"SourceTimestamp":"2024-04-27T13:18:25.7012966Z","ServerTimestamp":"2024-04-27T13:18:25.7012993Z"}}}]}