{"MessageId":"06834635-a860-4dc3-b6ad-0a5f9d0d755f","MessageType":"ua-data","PublisherId":"DESKTOP-BGFJS91","DataSetWriterGroup":"<<UnknownWriterGroup>>","Messages":[{"SequenceNumber":29,"MetaDataVersion":{"MajorVersion":1},"Timestamp":"2024-04-27T13:18:28.811352Z","MessageType":"ua-deltaframe","DataSetWriterName":"<<UnknownDataSet>>","Payload":{"nsu=http://opcfoundation.org/UA/Plc/Applications;s=StepUp":{"Value":{"Type":7,"Body":338},"SourceTimestamp":"2024-04-27T13:18:28.7954336Z","ServerTimestamp":"2024-04-27T13:18:28.7954361Z"},"nsu=http://opcfoundation.org/UA/Plc/Applications;s=RandomSignedInt32":{"Value":{"Type":6,"Body":1181880578},"SourceTimestamp":"2024-04-27T13:18:28.795429Z","ServerTimestamp":"2024-04-27T13:18:28.7954308Z"},"nsu=http://opcfoundation.org/UA/Plc/Applications;s=RandomUnsignedInt32":{"Value":{"Type":7,"Body":214594332},"SourceTimestamp":"2024-04-27T13:18:28.7954468Z","ServerTimestamp":"2024-04-27T13:18:28.7954492Z"},"nsu=http://opcfoundation.org/UA/Plc/Applications;s=DipData":{"Value":{"Type":11,"Body":99.80267284282715},"SourceTimestamp":"2024-04-27T13:18:28.7954269Z","ServerTimestamp":"2024-04-27T13:18:28.7954282Z"},"nsu=http://opcfoundation.org/UA/Plc/Applications;s=FastUIntScalar1":{"Value":{"Type":7,"Body":33},"SourceTimestamp":"2024-04-27T13:18:28.0063219Z","ServerTimestamp":"2024-04-27T13:18:28.0063248Z"},"nsu=http://opcfoundation.org/UA/Plc/Applications;s=FastUIntScalar2":{"Value":{"Type":7,"Body":33},"SourceTimestamp":"2024-04-27T13:18:28.0063372Z","ServerTimestamp":"2024-04-27T13:18:28.0063382Z"},"nsu=http://opcfoundation.org/UA/Plc/Applications;s=FastUIntScalar3":{"Value":{"Type":7,"Body":33},"SourceTimestamp":"2024-04-27T13:18:28.0063397Z","ServerTimestamp":"2024-04-27T13:18:28.0063408Z"},"nsu=http://opcfoundation.org/UA/Plc/Applications;s=FastRandomUIntScalar1":{"Value":{"Type":7,"Body":2073477647},"SourceTimestamp":"2024-04-27T13:18:28.0063225Z","ServerTimestamp":"2024-04-27T13:18:28.0063725Z"},"nsu=http://opcfoundation.org/UA/Plc/Applications;s=FastRandomUIntScalar2":{"Value":{"Type":7,"Body":3966372857},"SourceTimestamp":"2024-04-27T13:18:28.006386Z","ServerTimestamp":"2024-04-27T13:18:28.0063876Z"},"nsu=http://opcfoundation.org/UA/Plc/Applications;s=FastRandomUIntScalar3":{"Value":{"Type":7,"Body":46276461},"SourceTimestamp":"2024-04-27T13:18:28.00639Z","ServerTimestamp":"2024-04-27T13:18:28.006391Z"},"nsu=http://opcfoundation.org/UA/Plc/Applications;s=SpikeData":{"Value":{"Type":11,"Body":99.80267284282715},"SourceTimestamp":"2024-04-27T13:18:28.7953913Z","ServerTimestamp":"2024-04-27T13:18:28.7954079Z"}}}]}