{"MessageId":"11a663bd-414f-495c-9823-97a51a5b1374","MessageType":"ua-data","PublisherId":"DESKTOP-BGFJS91","DataSetWriterGroup":"<<UnknownWriterGroup>>","Messages":[{"SequenceNumber":33,"MetaDataVersion":{"MajorVersion":1},"Timestamp":"2024-04-27T13:18:32.7823446Z","MessageType":"ua-deltaframe","DataSetWriterName":"<<UnknownDataSet>>","Payload":{"nsu=http://opcfoundation.org/UA/Plc/Applications;s=StepUp":{"Value":{"Type":7,"Body":377},"SourceTimestamp":"2024-04-27T13:18:32.7039237Z","ServerTimestamp":"2024-04-27T13:18:32.7039257Z"},"nsu=http://opcfoundation.org/UA/Plc/Applications;s=RandomSignedInt32":{"Value":{"Type":6,"Body":750156906},"SourceTimestamp":"2024-04-27T13:18:32.7039315Z","ServerTimestamp":"2024-04-27T13:18:32.7039331Z"},"nsu=http://opcfoundation.org/UA/Plc/Applications;s=RandomUnsignedInt32":{"Value":{"Type":7,"Body":473539463},"SourceTimestamp":"2024-04-27T13:18:32.7039192Z","ServerTimestamp":"2024-04-27T13:18:32.7039199Z"},"nsu=http://opcfoundation.org/UA/Plc/Applications;s=DipData":{"Value":{"Type":11,"Body":12.53332335643041},"SourceTimestamp":"2024-04-27T13:18:32.703918Z","ServerTimestamp":"2024-04-27T13:18:32.7039187Z"},"nsu=http://opcfoundation.org/UA/Plc/Applications;s=FastUIntScalar1":{"Value":{"Type":7,"Body":37},"SourceTimestamp":"2024-04-27T13:18:32.0019548Z","ServerTimestamp":"2024-04-27T13:18:32.0019572Z"},"nsu=http://opcfoundation.org/UA/Plc/Applications;s=FastUIntScalar2":{"Value":{"Type":7,"Body":37},"SourceTimestamp":"2024-04-27T13:18:32.0019706Z","ServerTimestamp":"2024-04-27T13:18:32.0019715Z"},"nsu=http://opcfoundation.org/UA/Plc/Applications;s=FastUIntScalar3":{"Value":{"Type":7,"Body":37},"SourceTimestamp":"2024-04-27T13:18:32.0019728Z","ServerTimestamp":"2024-04-27T13:18:32.0019737Z"},"nsu=http://opcfoundation.org/UA/Plc/Applications;s=FastRandomUIntScalar1":{"Value":{"Type":7,"Body":2467298364},"SourceTimestamp":"2024-04-27T13:18:32.0019548Z","ServerTimestamp":"2024-04-27T13:18:32.0019772Z"},"nsu=http://opcfoundation.org/UA/Plc/Applications;s=FastRandomUIntScalar2":{"Value":{"Type":7,"Body":370342861},"SourceTimestamp":"2024-04-27T13:18:32.0019801Z","ServerTimestamp":"2024-04-27T13:18:32.0019808Z"},"nsu=http://opcfoundation.org/UA/Plc/Applications;s=FastRandomUIntScalar3":{"Value":{"Type":7,"Body":1906440141},"SourceTimestamp":"2024-04-27T13:18:32.0019823Z","ServerTimestamp":"2024-04-27T13:18:32.0019829Z"},"nsu=http://opcfoundation.org/UA/Plc/Applications;s=SpikeData":{"Value":{"Type":11,"Body":12.53332335643041},"SourceTimestamp":"2024-04-27T13:18:32.7038662Z","ServerTimestamp":"2024-04-27T13:18:32.7038709Z"}}}]}