{"MessageId":"6b1465ee-785c-4617-962b-1cdcbab84bdd","MessageType":"ua-data","PublisherId":"DESKTOP-BGFJS91","DataSetWriterGroup":"<<UnknownWriterGroup>>","Messages":[{"SequenceNumber":4,"MetaDataVersion":{"MajorVersion":1},"Timestamp":"2024-04-27T13:18:00.8084817Z","MessageType":"ua-deltaframe","DataSetWriterName":"<<UnknownDataSet>>","Payload":{"nsu=http://opcfoundation.org/UA/Plc/Applications;s=StepUp":{"Value":{"Type":7,"Body":57},"SourceTimestamp":"2024-04-27T13:18:00.7001637Z","ServerTimestamp":"2024-04-27T13:18:00.700166Z"},"nsu=http://opcfoundation.org/UA/Plc/Applications;s=AlternatingBoolean":{"Value":{"Type":1,"Body":false},"SourceTimestamp":"2024-04-27T13:18:00.1020008Z","ServerTimestamp":"2024-04-27T13:18:00.1020068Z"},"nsu=http://opcfoundation.org/UA/Plc/Applications;s=RandomSignedInt32":{"Value":{"Type":6,"Body":2146406075},"SourceTimestamp":"2024-04-27T13:18:00.7001503Z","ServerTimestamp":"2024-04-27T13:18:00.7001552Z"},"nsu=http://opcfoundation.org/UA/Plc/Applications;s=RandomUnsignedInt32":{"Value":{"Type":7,"Body":80321070},"SourceTimestamp":"2024-04-27T13:18:00.700149Z","ServerTimestamp":"2024-04-27T13:18:00.7001581Z"},"nsu=http://opcfoundation.org/UA/Plc/Applications;s=DipData":{"Value":{"Type":11,"Body":-68.454710592868821},"SourceTimestamp":"2024-04-27T13:18:00.7001441Z","ServerTimestamp":"2024-04-27T13:18:00.7001489Z"},"nsu=http://opcfoundation.org/UA/Plc/Applications;s=FastUIntScalar1":{"Value":{"Type":7,"Body":5},"SourceTimestamp":"2024-04-27T13:17:59.9947566Z","ServerTimestamp":"2024-04-27T13:17:59.9947602Z"},"nsu=http://opcfoundation.org/UA/Plc/Applications;s=FastUIntScalar2":{"Value":{"Type":7,"Body":5},"SourceTimestamp":"2024-04-27T13:17:59.9947746Z","ServerTimestamp":"2024-04-27T13:17:59.9947758Z"},"nsu=http://opcfoundation.org/UA/Plc/Applications;s=FastUIntScalar3":{"Value":{"Type":7,"Body":5},"SourceTimestamp":"2024-04-27T13:17:59.9947783Z","ServerTimestamp":"2024-04-27T13:17:59.9947793Z"},"nsu=http://opcfoundation.org/UA/Plc/Applications;s=FastRandomUIntScalar1":{"Value":{"Type":7,"Body":1930866396},"SourceTimestamp":"2024-04-27T13:17:59.9947801Z","ServerTimestamp":"2024-04-27T13:17:59.9947821Z"},"nsu=http://opcfoundation.org/UA/Plc/Applications;s=FastRandomUIntScalar2":{"Value":{"Type":7,"Body":1720455955},"SourceTimestamp":"2024-04-27T13:17:59.9947876Z","ServerTimestamp":"2024-04-27T13:17:59.9947886Z"},"nsu=http://opcfoundation.org/UA/Plc/Applications;s=FastRandomUIntScalar3":{"Value":{"Type":7,"Body":1743002766},"SourceTimestamp":"2024-04-27T13:17:59.9947908Z","ServerTimestamp":"2024-04-27T13:17:59.9947919Z"},"nsu=http://opcfoundation.org/UA/Plc/Applications;s=SpikeData":{"Value":{"Type":11,"Body":-68.454710592868821},"SourceTimestamp":"2024-04-27T13:18:00.7001371Z","ServerTimestamp":"2024-04-27T13:18:00.7001877Z"}}}]}