{"MessageId":"039035c2-3917-454c-8d72-791f0729d316","MessageType":"ua-data","PublisherId":"DESKTOP-BGFJS91","DataSetWriterGroup":"<<UnknownWriterGroup>>","Messages":[{"SequenceNumber":43,"MetaDataVersion":{"MajorVersion":1},"Timestamp":"2024-04-27T13:18:43.8096072Z","MessageType":"ua-deltaframe","DataSetWriterName":"<<UnknownDataSet>>","Payload":{"nsu=http://opcfoundation.org/UA/Plc/Applications;s=StepUp":{"Value":{"Type":7,"Body":488},"SourceTimestamp":"2024-04-27T13:18:43.7941294Z","ServerTimestamp":"2024-04-27T13:18:43.7941304Z"},"nsu=http://opcfoundation.org/UA/Plc/Applications;s=RandomSignedInt32":{"Value":{"Type":6,"Body":-1008702977},"SourceTimestamp":"2024-04-27T13:18:43.7941203Z","ServerTimestamp":"2024-04-27T13:18:43.7941222Z"},"nsu=http://opcfoundation.org/UA/Plc/Applications;s=RandomUnsignedInt32":{"Value":{"Type":7,"Body":691630461},"SourceTimestamp":"2024-04-27T13:18:43.7941164Z","ServerTimestamp":"2024-04-27T13:18:43.7941176Z"},"nsu=http://opcfoundation.org/UA/Plc/Applications;s=DipData":{"Value":{"Type":11,"Body":99.80267284282715},"SourceTimestamp":"2024-04-27T13:18:43.794112Z","ServerTimestamp":"2024-04-27T13:18:43.7941132Z"},"nsu=http://opcfoundation.org/UA/Plc/Applications;s=FastUIntScalar1":{"Value":{"Type":7,"Body":48},"SourceTimestamp":"2024-04-27T13:18:43.0016286Z","ServerTimestamp":"2024-04-27T13:18:43.0016396Z"},"nsu=http://opcfoundation.org/UA/Plc/Applications;s=FastUIntScalar2":{"Value":{"Type":7,"Body":48},"SourceTimestamp":"2024-04-27T13:18:43.0016695Z","ServerTimestamp":"2024-04-27T13:18:43.0016714Z"},"nsu=http://opcfoundation.org/UA/Plc/Applications;s=FastUIntScalar3":{"Value":{"Type":7,"Body":48},"SourceTimestamp":"2024-04-27T13:18:43.0016741Z","ServerTimestamp":"2024-04-27T13:18:43.0016774Z"},"nsu=http://opcfoundation.org/UA/Plc/Applications;s=FastRandomUIntScalar1":{"Value":{"Type":7,"Body":4010604674},"SourceTimestamp":"2024-04-27T13:18:43.0016201Z","ServerTimestamp":"2024-04-27T13:18:43.0016241Z"},"nsu=http://opcfoundation.org/UA/Plc/Applications;s=FastRandomUIntScalar2":{"Value":{"Type":7,"Body":2788921009},"SourceTimestamp":"2024-04-27T13:18:43.0016384Z","ServerTimestamp":"2024-04-27T13:18:43.001669Z"},"nsu=http://opcfoundation.org/UA/Plc/Applications;s=FastRandomUIntScalar3":{"Value":{"Type":7,"Body":2661311496},"SourceTimestamp":"2024-04-27T13:18:43.0016716Z","ServerTimestamp":"2024-04-27T13:18:43.0016748Z"},"nsu=http://opcfoundation.org/UA/Plc/Applications;s=SpikeData":{"Value":{"Type":11,"Body":99.80267284282715},"SourceTimestamp":"2024-04-27T13:18:43.794071Z","ServerTimestamp":"2024-04-27T13:18:43.7940755Z"}}}]}