{"MessageId":"0ece968b-1ccd-4bdc-8d65-2e106a2f3ffc","MessageType":"ua-data","PublisherId":"DESKTOP-BGFJS91","DataSetWriterGroup":"<<UnknownWriterGroup>>","Messages":[{"SequenceNumber":50,"MetaDataVersion":{"MajorVersion":1},"Timestamp":"2024-04-27T13:18:51.7952804Z","MessageType":"ua-deltaframe","DataSetWriterName":"<<UnknownDataSet>>","Payload":{"nsu=http://opcfoundation.org/UA/Plc/Applications;s=StepUp":{"Value":{"Type":7,"Body":567},"SourceTimestamp":"2024-04-27T13:18:51.7019356Z","ServerTimestamp":"2024-04-27T13:18:51.7019546Z"},"nsu=http://opcfoundation.org/UA/Plc/Applications;s=RandomSignedInt32":{"Value":{"Type":6,"Body":-275008809},"SourceTimestamp":"2024-04-27T13:18:51.7019179Z","ServerTimestamp":"2024-04-27T13:18:51.7019193Z"},"nsu=http://opcfoundation.org/UA/Plc/Applications;s=RandomUnsignedInt32":{"Value":{"Type":7,"Body":1164061845},"SourceTimestamp":"2024-04-27T13:18:51.7019272Z","ServerTimestamp":"2024-04-27T13:18:51.7019444Z"},"nsu=http://opcfoundation.org/UA/Plc/Applications;s=DipData":{"Value":{"Type":11,"Body":-90.482705246601981},"SourceTimestamp":"2024-04-27T13:18:51.7019133Z","ServerTimestamp":"2024-04-27T13:18:51.7019148Z"},"nsu=http://opcfoundation.org/UA/Plc/Applications;s=FastUIntScalar1":{"Value":{"Type":7,"Body":56},"SourceTimestamp":"2024-04-27T13:18:51.0049576Z","ServerTimestamp":"2024-04-27T13:18:51.0049583Z"},"nsu=http://opcfoundation.org/UA/Plc/Applications;s=FastUIntScalar2":{"Value":{"Type":7,"Body":56},"SourceTimestamp":"2024-04-27T13:18:51.0049606Z","ServerTimestamp":"2024-04-27T13:18:51.0049612Z"},"nsu=http://opcfoundation.org/UA/Plc/Applications;s=FastUIntScalar3":{"Value":{"Type":7,"Body":56},"SourceTimestamp":"2024-04-27T13:18:51.0049626Z","ServerTimestamp":"2024-04-27T13:18:51.0049632Z"},"nsu=http://opcfoundation.org/UA/Plc/Applications;s=FastRandomUIntScalar1":{"Value":{"Type":7,"Body":2863733219},"SourceTimestamp":"2024-04-27T13:18:51.0049462Z","ServerTimestamp":"2024-04-27T13:18:51.0049484Z"},"nsu=http://opcfoundation.org/UA/Plc/Applications;s=FastRandomUIntScalar2":{"Value":{"Type":7,"Body":4199763673},"SourceTimestamp":"2024-04-27T13:18:51.0049663Z","ServerTimestamp":"2024-04-27T13:18:51.0049669Z"},"nsu=http://opcfoundation.org/UA/Plc/Applications;s=FastRandomUIntScalar3":{"Value":{"Type":7,"Body":1583035921},"SourceTimestamp":"2024-04-27T13:18:51.0049681Z","ServerTimestamp":"2024-04-27T13:18:51.0049688Z"},"nsu=http://opcfoundation.org/UA/Plc/Applications;s=SpikeData":{"Value":{"Type":11,"Body":-90.482705246601981},"SourceTimestamp":"2024-04-27T13:18:51.7018606Z","ServerTimestamp":"2024-04-27T13:18:51.7018654Z"}}}]}