{"MessageId":"e551202e-1e89-4954-be5c-d261d5f86ba7","MessageType":"ua-data","PublisherId":"DESKTOP-BGFJS91","DataSetWriterGroup":"<<UnknownWriterGroup>>","Messages":[{"SequenceNumber":56,"MetaDataVersion":{"MajorVersion":1},"Timestamp":"2024-04-27T13:18:57.7917576Z","MessageType":"ua-deltaframe","DataSetWriterName":"<<UnknownDataSet>>","Payload":{"nsu=http://opcfoundation.org/UA/Plc/Applications;s=StepUp":{"Value":{"Type":7,"Body":627},"SourceTimestamp":"2024-04-27T13:18:57.6979579Z","ServerTimestamp":"2024-04-27T13:18:57.6979644Z"},"nsu=http://opcfoundation.org/UA/Plc/Applications;s=RandomSignedInt32":{"Value":{"Type":6,"Body":902316351},"SourceTimestamp":"2024-04-27T13:18:57.6979466Z","ServerTimestamp":"2024-04-27T13:18:57.6979531Z"},"nsu=http://opcfoundation.org/UA/Plc/Applications;s=RandomUnsignedInt32":{"Value":{"Type":7,"Body":1811326706},"SourceTimestamp":"2024-04-27T13:18:57.6979408Z","ServerTimestamp":"2024-04-27T13:18:57.6979441Z"},"nsu=http://opcfoundation.org/UA/Plc/Applications;s=DipData":{"Value":{"Type":11,"Body":12.53332335643041},"SourceTimestamp":"2024-04-27T13:18:57.6979581Z","ServerTimestamp":"2024-04-27T13:18:57.6979607Z"},"nsu=http://opcfoundation.org/UA/Plc/Applications;s=FastUIntScalar1":{"Value":{"Type":7,"Body":62},"SourceTimestamp":"2024-04-27T13:18:57.000148Z","ServerTimestamp":"2024-04-27T13:18:57.0001522Z"},"nsu=http://opcfoundation.org/UA/Plc/Applications;s=FastUIntScalar2":{"Value":{"Type":7,"Body":62},"SourceTimestamp":"2024-04-27T13:18:57.0001589Z","ServerTimestamp":"2024-04-27T13:18:57.0001606Z"},"nsu=http://opcfoundation.org/UA/Plc/Applications;s=FastUIntScalar3":{"Value":{"Type":7,"Body":62},"SourceTimestamp":"2024-04-27T13:18:57.0001652Z","ServerTimestamp":"2024-04-27T13:18:57.0001692Z"},"nsu=http://opcfoundation.org/UA/Plc/Applications;s=FastRandomUIntScalar1":{"Value":{"Type":7,"Body":918345111},"SourceTimestamp":"2024-04-27T13:18:57.0001419Z","ServerTimestamp":"2024-04-27T13:18:57.0001437Z"},"nsu=http://opcfoundation.org/UA/Plc/Applications;s=FastRandomUIntScalar2":{"Value":{"Type":7,"Body":3822573346},"SourceTimestamp":"2024-04-27T13:18:57.0001518Z","ServerTimestamp":"2024-04-27T13:18:57.0001589Z"},"nsu=http://opcfoundation.org/UA/Plc/Applications;s=FastRandomUIntScalar3":{"Value":{"Type":7,"Body":1080809859},"SourceTimestamp":"2024-04-27T13:18:57.0001602Z","ServerTimestamp":"2024-04-27T13:18:57.0001679Z"},"nsu=http://opcfoundation.org/UA/Plc/Applications;s=SpikeData":{"Value":{"Type":11,"Body":12.53332335643041},"SourceTimestamp":"2024-04-27T13:18:57.6979215Z","ServerTimestamp":"2024-04-27T13:18:57.6979248Z"}}}]}