{"MessageId":"c3fbf1f7-e47b-440a-8918-6c71fec801e1","MessageType":"ua-data","PublisherId":"DESKTOP-BGFJS91","DataSetWriterGroup":"<<UnknownWriterGroup>>","Messages":[{"SequenceNumber":59,"MetaDataVersion":{"MajorVersion":1},"Timestamp":"2024-04-27T13:19:01.8185099Z","MessageType":"ua-deltaframe","DataSetWriterName":"<<UnknownDataSet>>","Payload":{"nsu=http://opcfoundation.org/UA/Plc/Applications;s=StepUp":{"Value":{"Type":7,"Body":668},"SourceTimestamp":"2024-04-27T13:19:01.802248Z","ServerTimestamp":"2024-04-27T13:19:01.8022502Z"},"nsu=http://opcfoundation.org/UA/Plc/Applications;s=RandomSignedInt32":{"Value":{"Type":6,"Body":-2074450838},"SourceTimestamp":"2024-04-27T13:19:01.8022474Z","ServerTimestamp":"2024-04-27T13:19:01.8022517Z"},"nsu=http://opcfoundation.org/UA/Plc/Applications;s=RandomUnsignedInt32":{"Value":{"Type":7,"Body":885427589},"SourceTimestamp":"2024-04-27T13:19:01.8022411Z","ServerTimestamp":"2024-04-27T13:19:01.8022435Z"},"nsu=http://opcfoundation.org/UA/Plc/Applications;s=DipData":{"Value":{"Type":11,"Body":-84.432792550201526},"SourceTimestamp":"2024-04-27T13:19:01.8022427Z","ServerTimestamp":"2024-04-27T13:19:01.8022471Z"},"nsu=http://opcfoundation.org/UA/Plc/Applications;s=FastUIntScalar1":{"Value":{"Type":7,"Body":66},"SourceTimestamp":"2024-04-27T13:19:00.993889Z","ServerTimestamp":"2024-04-27T13:19:00.9938913Z"},"nsu=http://opcfoundation.org/UA/Plc/Applications;s=FastUIntScalar2":{"Value":{"Type":7,"Body":66},"SourceTimestamp":"2024-04-27T13:19:00.9938993Z","ServerTimestamp":"2024-04-27T13:19:00.9939063Z"},"nsu=http://opcfoundation.org/UA/Plc/Applications;s=FastUIntScalar3":{"Value":{"Type":7,"Body":66},"SourceTimestamp":"2024-04-27T13:19:00.9939074Z","ServerTimestamp":"2024-04-27T13:19:00.9939092Z"},"nsu=http://opcfoundation.org/UA/Plc/Applications;s=FastRandomUIntScalar1":{"Value":{"Type":7,"Body":935396322},"SourceTimestamp":"2024-04-27T13:19:00.9938906Z","ServerTimestamp":"2024-04-27T13:19:00.9938997Z"},"nsu=http://opcfoundation.org/UA/Plc/Applications;s=FastRandomUIntScalar2":{"Value":{"Type":7,"Body":2452789408},"SourceTimestamp":"2024-04-27T13:19:00.9939063Z","ServerTimestamp":"2024-04-27T13:19:00.9939074Z"},"nsu=http://opcfoundation.org/UA/Plc/Applications;s=FastRandomUIntScalar3":{"Value":{"Type":7,"Body":1527937915},"SourceTimestamp":"2024-04-27T13:19:00.9939089Z","ServerTimestamp":"2024-04-27T13:19:00.9939102Z"},"nsu=http://opcfoundation.org/UA/Plc/Applications;s=SpikeData":{"Value":{"Type":11,"Body":-84.432792550201526},"SourceTimestamp":"2024-04-27T13:19:01.8022034Z","ServerTimestamp":"2024-04-27T13:19:01.802207Z"}}}]}