{"MessageId":"c0c262e2-2668-48d3-aff9-73b962393a61","MessageType":"ua-data","PublisherId":"DESKTOP-BGFJS91","DataSetWriterGroup":"<<UnknownWriterGroup>>","Messages":[{"SequenceNumber":60,"MetaDataVersion":{"MajorVersion":1},"Timestamp":"2024-04-27T13:19:02.8115331Z","MessageType":"ua-deltaframe","DataSetWriterName":"<<UnknownDataSet>>","Payload":{"nsu=http://opcfoundation.org/UA/Plc/Applications;s=StepUp":{"Value":{"Type":7,"Body":678},"SourceTimestamp":"2024-04-27T13:19:02.7953483Z","ServerTimestamp":"2024-04-27T13:19:02.7953514Z"},"nsu=http://opcfoundation.org/UA/Plc/Applications;s=RandomSignedInt32":{"Value":{"Type":6,"Body":-1589845583},"SourceTimestamp":"2024-04-27T13:19:02.7953397Z","ServerTimestamp":"2024-04-27T13:19:02.7953587Z"},"nsu=http://opcfoundation.org/UA/Plc/Applications;s=RandomUnsignedInt32":{"Value":{"Type":7,"Body":1149984849},"SourceTimestamp":"2024-04-27T13:19:02.7953402Z","ServerTimestamp":"2024-04-27T13:19:02.7953426Z"},"nsu=http://opcfoundation.org/UA/Plc/Applications;s=DipData":{"Value":{"Type":11,"Body":24.868988716485482},"SourceTimestamp":"2024-04-27T13:19:02.7953371Z","ServerTimestamp":"2024-04-27T13:19:02.7953384Z"},"nsu=http://opcfoundation.org/UA/Plc/Applications;s=FastUIntScalar1":{"Value":{"Type":7,"Body":67},"SourceTimestamp":"2024-04-27T13:19:02.003192Z","ServerTimestamp":"2024-04-27T13:19:02.0031947Z"},"nsu=http://opcfoundation.org/UA/Plc/Applications;s=FastUIntScalar2":{"Value":{"Type":7,"Body":67},"SourceTimestamp":"2024-04-27T13:19:02.003208Z","ServerTimestamp":"2024-04-27T13:19:02.0032088Z"},"nsu=http://opcfoundation.org/UA/Plc/Applications;s=FastUIntScalar3":{"Value":{"Type":7,"Body":67},"SourceTimestamp":"2024-04-27T13:19:02.0032102Z","ServerTimestamp":"2024-04-27T13:19:02.003211Z"},"nsu=http://opcfoundation.org/UA/Plc/Applications;s=FastRandomUIntScalar1":{"Value":{"Type":7,"Body":505869740},"SourceTimestamp":"2024-04-27T13:19:02.0032106Z","ServerTimestamp":"2024-04-27T13:19:02.003214Z"},"nsu=http://opcfoundation.org/UA/Plc/Applications;s=FastRandomUIntScalar2":{"Value":{"Type":7,"Body":1946937690},"SourceTimestamp":"2024-04-27T13:19:02.0032276Z","ServerTimestamp":"2024-04-27T13:19:02.0032285Z"},"nsu=http://opcfoundation.org/UA/Plc/Applications;s=FastRandomUIntScalar3":{"Value":{"Type":7,"Body":1877266786},"SourceTimestamp":"2024-04-27T13:19:02.0032307Z","ServerTimestamp":"2024-04-27T13:19:02.0032324Z"},"nsu=http://opcfoundation.org/UA/Plc/Applications;s=SpikeData":{"Value":{"Type":11,"Body":24.868988716485482},"SourceTimestamp":"2024-04-27T13:19:02.7953134Z","ServerTimestamp":"2024-04-27T13:19:02.7953723Z"}}}]}