{"MessageId":"4e67767d-026d-4abc-8eed-8af4c1bab299","MessageType":"ua-data","PublisherId":"DESKTOP-BGFJS91","DataSetWriterGroup":"<<UnknownWriterGroup>>","Messages":[{"SequenceNumber":67,"MetaDataVersion":{"MajorVersion":1},"Timestamp":"2024-04-27T13:19:10.7979335Z","MessageType":"ua-deltaframe","DataSetWriterName":"<<UnknownDataSet>>","Payload":{"nsu=http://opcfoundation.org/UA/Plc/Applications;s=StepUp":{"Value":{"Type":7,"Body":757},"SourceTimestamp":"2024-04-27T13:19:10.7047009Z","ServerTimestamp":"2024-04-27T13:19:10.7047028Z"},"nsu=http://opcfoundation.org/UA/Plc/Applications;s=AlternatingBoolean":{"Value":{"Type":1,"Body":false},"SourceTimestamp":"2024-04-27T13:19:10.096807Z","ServerTimestamp":"2024-04-27T13:19:10.0968243Z"},"nsu=http://opcfoundation.org/UA/Plc/Applications;s=RandomSignedInt32":{"Value":{"Type":6,"Body":1343838974},"SourceTimestamp":"2024-04-27T13:19:10.7046958Z","ServerTimestamp":"2024-04-27T13:19:10.704697Z"},"nsu=http://opcfoundation.org/UA/Plc/Applications;s=RandomUnsignedInt32":{"Value":{"Type":7,"Body":1171719559},"SourceTimestamp":"2024-04-27T13:19:10.7046922Z","ServerTimestamp":"2024-04-27T13:19:10.7046937Z"},"nsu=http://opcfoundation.org/UA/Plc/Applications;s=DipData":{"Value":{"Type":11,"Body":-68.454710592868821},"SourceTimestamp":"2024-04-27T13:19:10.7047363Z","ServerTimestamp":"2024-04-27T13:19:10.7047373Z"},"nsu=http://opcfoundation.org/UA/Plc/Applications;s=FastUIntScalar1":{"Value":{"Type":7,"Body":75},"SourceTimestamp":"2024-04-27T13:19:10.0031688Z","ServerTimestamp":"2024-04-27T13:19:10.0031707Z"},"nsu=http://opcfoundation.org/UA/Plc/Applications;s=FastUIntScalar2":{"Value":{"Type":7,"Body":75},"SourceTimestamp":"2024-04-27T13:19:10.0031907Z","ServerTimestamp":"2024-04-27T13:19:10.0031915Z"},"nsu=http://opcfoundation.org/UA/Plc/Applications;s=FastUIntScalar3":{"Value":{"Type":7,"Body":75},"SourceTimestamp":"2024-04-27T13:19:10.0031933Z","ServerTimestamp":"2024-04-27T13:19:10.0031939Z"},"nsu=http://opcfoundation.org/UA/Plc/Applications;s=FastRandomUIntScalar1":{"Value":{"Type":7,"Body":3700890254},"SourceTimestamp":"2024-04-27T13:19:10.0031695Z","ServerTimestamp":"2024-04-27T13:19:10.0031994Z"},"nsu=http://opcfoundation.org/UA/Plc/Applications;s=FastRandomUIntScalar2":{"Value":{"Type":7,"Body":4212977372},"SourceTimestamp":"2024-04-27T13:19:10.0032097Z","ServerTimestamp":"2024-04-27T13:19:10.0032115Z"},"nsu=http://opcfoundation.org/UA/Plc/Applications;s=FastRandomUIntScalar3":{"Value":{"Type":7,"Body":116078171},"SourceTimestamp":"2024-04-27T13:19:10.003213Z","ServerTimestamp":"2024-04-27T13:19:10.0032137Z"},"nsu=http://opcfoundation.org/UA/Plc/Applications;s=NegativeTrendData":{"Value":{"Type":11,"Body":99.200000000000003},"SourceTimestamp":"2024-04-27T13:19:10.0967889Z","ServerTimestamp":"2024-04-27T13:19:10.0967913Z"},"nsu=http://opcfoundation.org/UA/Plc/Applications;s=PositiveTrendData":{"Value":{"Type":11,"Body":101.2},"SourceTimestamp":"2024-04-27T13:19:10.0967527Z","ServerTimestamp":"2024-04-27T13:19:10.096759Z"},"nsu=http://opcfoundation.org/UA/Plc/Applications;s=SpikeData":{"Value":{"Type":11,"Body":-68.454710592868821},"SourceTimestamp":"2024-04-27T13:19:10.7046702Z","ServerTimestamp":"2024-04-27T13:19:10.7046726Z"}}}]}