{"MessageId":"db008f86-d5ec-43c2-b2f2-e08a8d4bf07a","MessageType":"ua-data","PublisherId":"DESKTOP-BGFJS91","DataSetWriterGroup":"<<UnknownWriterGroup>>","Messages":[{"SequenceNumber":69,"MetaDataVersion":{"MajorVersion":1},"Timestamp":"2024-04-27T13:19:12.7836173Z","MessageType":"ua-deltaframe","DataSetWriterName":"<<UnknownDataSet>>","Payload":{"nsu=http://opcfoundation.org/UA/Plc/Applications;s=StepUp":{"Value":{"Type":7,"Body":777},"SourceTimestamp":"2024-04-27T13:19:12.7067472Z","ServerTimestamp":"2024-04-27T13:19:12.7067493Z"},"nsu=http://opcfoundation.org/UA/Plc/Applications;s=RandomSignedInt32":{"Value":{"Type":6,"Body":957452831},"SourceTimestamp":"2024-04-27T13:19:12.7067442Z","ServerTimestamp":"2024-04-27T13:19:12.7067453Z"},"nsu=http://opcfoundation.org/UA/Plc/Applications;s=RandomUnsignedInt32":{"Value":{"Type":7,"Body":1612296039},"SourceTimestamp":"2024-04-27T13:19:12.7067609Z","ServerTimestamp":"2024-04-27T13:19:12.7067633Z"},"nsu=http://opcfoundation.org/UA/Plc/Applications;s=DipData":{"Value":{"Type":11,"Body":12.53332335643041},"SourceTimestamp":"2024-04-27T13:19:12.7067409Z","ServerTimestamp":"2024-04-27T13:19:12.7067431Z"},"nsu=http://opcfoundation.org/UA/Plc/Applications;s=FastUIntScalar1":{"Value":{"Type":7,"Body":77},"SourceTimestamp":"2024-04-27T13:19:11.9947646Z","ServerTimestamp":"2024-04-27T13:19:11.9947678Z"},"nsu=http://opcfoundation.org/UA/Plc/Applications;s=FastUIntScalar2":{"Value":{"Type":7,"Body":77},"SourceTimestamp":"2024-04-27T13:19:11.9947826Z","ServerTimestamp":"2024-04-27T13:19:11.9947839Z"},"nsu=http://opcfoundation.org/UA/Plc/Applications;s=FastUIntScalar3":{"Value":{"Type":7,"Body":77},"SourceTimestamp":"2024-04-27T13:19:11.9948075Z","ServerTimestamp":"2024-04-27T13:19:11.9948086Z"},"nsu=http://opcfoundation.org/UA/Plc/Applications;s=FastRandomUIntScalar1":{"Value":{"Type":7,"Body":2242127502},"SourceTimestamp":"2024-04-27T13:19:11.9947866Z","ServerTimestamp":"2024-04-27T13:19:11.9948153Z"},"nsu=http://opcfoundation.org/UA/Plc/Applications;s=FastRandomUIntScalar2":{"Value":{"Type":7,"Body":2549479341},"SourceTimestamp":"2024-04-27T13:19:11.9948276Z","ServerTimestamp":"2024-04-27T13:19:11.9948283Z"},"nsu=http://opcfoundation.org/UA/Plc/Applications;s=FastRandomUIntScalar3":{"Value":{"Type":7,"Body":143362906},"SourceTimestamp":"2024-04-27T13:19:11.9948297Z","ServerTimestamp":"2024-04-27T13:19:11.9948306Z"},"nsu=http://opcfoundation.org/UA/Plc/Applications;s=SpikeData":{"Value":{"Type":11,"Body":12.53332335643041},"SourceTimestamp":"2024-04-27T13:19:12.7066988Z","ServerTimestamp":"2024-04-27T13:19:12.7067162Z"}}}]}