{"MessageId":"c2a9f432-1fe6-4b49-ada1-9bdd18f3c8b4","MessageType":"ua-data","PublisherId":"DESKTOP-BGFJS91","DataSetWriterGroup":"<<UnknownWriterGroup>>","Messages":[{"SequenceNumber":70,"MetaDataVersion":{"MajorVersion":1},"Timestamp":"2024-04-27T13:19:13.7805462Z","MessageType":"ua-deltaframe","DataSetWriterName":"<<UnknownDataSet>>","Payload":{"nsu=http://opcfoundation.org/UA/Plc/Applications;s=StepUp":{"Value":{"Type":7,"Body":787},"SourceTimestamp":"2024-04-27T13:19:13.7024408Z","ServerTimestamp":"2024-04-27T13:19:13.7024422Z"},"nsu=http://opcfoundation.org/UA/Plc/Applications;s=RandomSignedInt32":{"Value":{"Type":6,"Body":-1075227085},"SourceTimestamp":"2024-04-27T13:19:13.7024448Z","ServerTimestamp":"2024-04-27T13:19:13.7024491Z"},"nsu=http://opcfoundation.org/UA/Plc/Applications;s=RandomUnsignedInt32":{"Value":{"Type":7,"Body":1648827455},"SourceTimestamp":"2024-04-27T13:19:13.7024344Z","ServerTimestamp":"2024-04-27T13:19:13.7024373Z"},"nsu=http://opcfoundation.org/UA/Plc/Applications;s=DipData":{"Value":{"Type":11,"Body":98.228725072868855},"SourceTimestamp":"2024-04-27T13:19:13.7024328Z","ServerTimestamp":"2024-04-27T13:19:13.7024338Z"},"nsu=http://opcfoundation.org/UA/Plc/Applications;s=FastUIntScalar1":{"Value":{"Type":7,"Body":78},"SourceTimestamp":"2024-04-27T13:19:12.9997595Z","ServerTimestamp":"2024-04-27T13:19:12.9997618Z"},"nsu=http://opcfoundation.org/UA/Plc/Applications;s=FastUIntScalar2":{"Value":{"Type":7,"Body":78},"SourceTimestamp":"2024-04-27T13:19:12.9997696Z","ServerTimestamp":"2024-04-27T13:19:12.9997759Z"},"nsu=http://opcfoundation.org/UA/Plc/Applications;s=FastUIntScalar3":{"Value":{"Type":7,"Body":78},"SourceTimestamp":"2024-04-27T13:19:12.9997772Z","ServerTimestamp":"2024-04-27T13:19:12.9997783Z"},"nsu=http://opcfoundation.org/UA/Plc/Applications;s=FastRandomUIntScalar1":{"Value":{"Type":7,"Body":431577973},"SourceTimestamp":"2024-04-27T13:19:12.9997651Z","ServerTimestamp":"2024-04-27T13:19:12.99977Z"},"nsu=http://opcfoundation.org/UA/Plc/Applications;s=FastRandomUIntScalar2":{"Value":{"Type":7,"Body":617680629},"SourceTimestamp":"2024-04-27T13:19:12.9997758Z","ServerTimestamp":"2024-04-27T13:19:12.9997772Z"},"nsu=http://opcfoundation.org/UA/Plc/Applications;s=FastRandomUIntScalar3":{"Value":{"Type":7,"Body":1292108466},"SourceTimestamp":"2024-04-27T13:19:12.9997782Z","ServerTimestamp":"2024-04-27T13:19:12.9997796Z"},"nsu=http://opcfoundation.org/UA/Plc/Applications;s=SpikeData":{"Value":{"Type":11,"Body":98.228725072868855},"SourceTimestamp":"2024-04-27T13:19:13.7024103Z","ServerTimestamp":"2024-04-27T13:19:13.7024127Z"}}}]}