{"MessageId":"43d2ac44-ba68-4947-8daf-edbe9a953e72","MessageType":"ua-data","PublisherId":"DESKTOP-BGFJS91","DataSetWriterGroup":"<<UnknownWriterGroup>>","Messages":[{"SequenceNumber":75,"MetaDataVersion":{"MajorVersion":1},"Timestamp":"2024-04-27T13:19:18.7941885Z","MessageType":"ua-deltaframe","DataSetWriterName":"<<UnknownDataSet>>","Payload":{"nsu=http://opcfoundation.org/UA/Plc/Applications;s=StepUp":{"Value":{"Type":7,"Body":837},"SourceTimestamp":"2024-04-27T13:19:18.7012331Z","ServerTimestamp":"2024-04-27T13:19:18.7012793Z"},"nsu=http://opcfoundation.org/UA/Plc/Applications;s=RandomSignedInt32":{"Value":{"Type":6,"Body":782315510},"SourceTimestamp":"2024-04-27T13:19:18.7012311Z","ServerTimestamp":"2024-04-27T13:19:18.7012407Z"},"nsu=http://opcfoundation.org/UA/Plc/Applications;s=RandomUnsignedInt32":{"Value":{"Type":7,"Body":1171777866},"SourceTimestamp":"2024-04-27T13:19:18.7012256Z","ServerTimestamp":"2024-04-27T13:19:18.7012359Z"},"nsu=http://opcfoundation.org/UA/Plc/Applications;s=DipData":{"Value":{"Type":11,"Body":98.228725072868855},"SourceTimestamp":"2024-04-27T13:19:18.7012235Z","ServerTimestamp":"2024-04-27T13:19:18.7012252Z"},"nsu=http://opcfoundation.org/UA/Plc/Applications;s=FastUIntScalar1":{"Value":{"Type":7,"Body":83},"SourceTimestamp":"2024-04-27T13:19:18.0005556Z","ServerTimestamp":"2024-04-27T13:19:18.0005592Z"},"nsu=http://opcfoundation.org/UA/Plc/Applications;s=FastUIntScalar2":{"Value":{"Type":7,"Body":83},"SourceTimestamp":"2024-04-27T13:19:18.0005738Z","ServerTimestamp":"2024-04-27T13:19:18.000575Z"},"nsu=http://opcfoundation.org/UA/Plc/Applications;s=FastUIntScalar3":{"Value":{"Type":7,"Body":83},"SourceTimestamp":"2024-04-27T13:19:18.0005771Z","ServerTimestamp":"2024-04-27T13:19:18.0005783Z"},"nsu=http://opcfoundation.org/UA/Plc/Applications;s=FastRandomUIntScalar1":{"Value":{"Type":7,"Body":2937094306},"SourceTimestamp":"2024-04-27T13:19:18.0005851Z","ServerTimestamp":"2024-04-27T13:19:18.0005905Z"},"nsu=http://opcfoundation.org/UA/Plc/Applications;s=FastRandomUIntScalar2":{"Value":{"Type":7,"Body":4217321585},"SourceTimestamp":"2024-04-27T13:19:18.0006047Z","ServerTimestamp":"2024-04-27T13:19:18.0006057Z"},"nsu=http://opcfoundation.org/UA/Plc/Applications;s=FastRandomUIntScalar3":{"Value":{"Type":7,"Body":2986977693},"SourceTimestamp":"2024-04-27T13:19:18.0006085Z","ServerTimestamp":"2024-04-27T13:19:18.0006096Z"},"nsu=http://opcfoundation.org/UA/Plc/Applications;s=SpikeData":{"Value":{"Type":11,"Body":98.228725072868855},"SourceTimestamp":"2024-04-27T13:19:18.7012089Z","ServerTimestamp":"2024-04-27T13:19:18.7012119Z"}}}]}