{"MessageId":"75741a30-077e-4bdd-b80a-60809f56225b","MessageType":"ua-data","PublisherId":"DESKTOP-BGFJS91","DataSetWriterGroup":"<<UnknownWriterGroup>>","Messages":[{"SequenceNumber":77,"MetaDataVersion":{"MajorVersion":1},"Timestamp":"2024-04-27T13:19:20.7811251Z","MessageType":"ua-deltaframe","DataSetWriterName":"<<UnknownDataSet>>","Payload":{"nsu=http://opcfoundation.org/UA/Plc/Applications;s=StepUp":{"Value":{"Type":7,"Body":857},"SourceTimestamp":"2024-04-27T13:19:20.7015869Z","ServerTimestamp":"2024-04-27T13:19:20.7016336Z"},"nsu=http://opcfoundation.org/UA/Plc/Applications;s=AlternatingBoolean":{"Value":{"Type":1,"Body":false},"SourceTimestamp":"2024-04-27T13:19:20.0947523Z","ServerTimestamp":"2024-04-27T13:19:20.0947534Z"},"nsu=http://opcfoundation.org/UA/Plc/Applications;s=RandomSignedInt32":{"Value":{"Type":6,"Body":-1162763727},"SourceTimestamp":"2024-04-27T13:19:20.7015925Z","ServerTimestamp":"2024-04-27T13:19:20.701618Z"},"nsu=http://opcfoundation.org/UA/Plc/Applications;s=RandomUnsignedInt32":{"Value":{"Type":7,"Body":421954600},"SourceTimestamp":"2024-04-27T13:19:20.7015746Z","ServerTimestamp":"2024-04-27T13:19:20.7015811Z"},"nsu=http://opcfoundation.org/UA/Plc/Applications;s=DipData":{"Value":{"Type":11,"Body":-68.454710592868821},"SourceTimestamp":"2024-04-27T13:19:20.701568Z","ServerTimestamp":"2024-04-27T13:19:20.7015689Z"},"nsu=http://opcfoundation.org/UA/Plc/Applications;s=FastUIntScalar1":{"Value":{"Type":7,"Body":85},"SourceTimestamp":"2024-04-27T13:19:20.0021226Z","ServerTimestamp":"2024-04-27T13:19:20.0021247Z"},"nsu=http://opcfoundation.org/UA/Plc/Applications;s=FastUIntScalar2":{"Value":{"Type":7,"Body":85},"SourceTimestamp":"2024-04-27T13:19:20.0021498Z","ServerTimestamp":"2024-04-27T13:19:20.0021508Z"},"nsu=http://opcfoundation.org/UA/Plc/Applications;s=FastUIntScalar3":{"Value":{"Type":7,"Body":85},"SourceTimestamp":"2024-04-27T13:19:20.0021531Z","ServerTimestamp":"2024-04-27T13:19:20.0021538Z"},"nsu=http://opcfoundation.org/UA/Plc/Applications;s=FastRandomUIntScalar1":{"Value":{"Type":7,"Body":3407303652},"SourceTimestamp":"2024-04-27T13:19:20.002124Z","ServerTimestamp":"2024-04-27T13:19:20.0021565Z"},"nsu=http://opcfoundation.org/UA/Plc/Applications;s=FastRandomUIntScalar2":{"Value":{"Type":7,"Body":1320174942},"SourceTimestamp":"2024-04-27T13:19:20.0021642Z","ServerTimestamp":"2024-04-27T13:19:20.0021649Z"},"nsu=http://opcfoundation.org/UA/Plc/Applications;s=FastRandomUIntScalar3":{"Value":{"Type":7,"Body":540937130},"SourceTimestamp":"2024-04-27T13:19:20.0021664Z","ServerTimestamp":"2024-04-27T13:19:20.0021673Z"},"nsu=http://opcfoundation.org/UA/Plc/Applications;s=NegativeTrendData":{"Value":{"Type":11,"Body":99},"SourceTimestamp":"2024-04-27T13:19:20.0947562Z","ServerTimestamp":"2024-04-27T13:19:20.0947624Z"},"nsu=http://opcfoundation.org/UA/Plc/Applications;s=PositiveTrendData":{"Value":{"Type":11,"Body":101.40000000000001},"SourceTimestamp":"2024-04-27T13:19:20.0947068Z","ServerTimestamp":"2024-04-27T13:19:20.0947162Z"},"nsu=http://opcfoundation.org/UA/Plc/Applications;s=SpikeData":{"Value":{"Type":11,"Body":-68.454710592868821},"SourceTimestamp":"2024-04-27T13:19:20.7015257Z","ServerTimestamp":"2024-04-27T13:19:20.7015356Z"}}}]}