{"MessageId":"70298230-658a-4738-a0cf-4267a0c47433","MessageType":"ua-data","PublisherId":"DESKTOP-BGFJS91","DataSetWriterGroup":"<<UnknownWriterGroup>>","Messages":[{"SequenceNumber":80,"MetaDataVersion":{"MajorVersion":1},"Timestamp":"2024-04-27T13:19:24.8191027Z","MessageType":"ua-deltaframe","DataSetWriterName":"<<UnknownDataSet>>","Payload":{"nsu=http://opcfoundation.org/UA/Plc/Applications;s=StepUp":{"Value":{"Type":7,"Body":898},"SourceTimestamp":"2024-04-27T13:19:24.8028665Z","ServerTimestamp":"2024-04-27T13:19:24.8028724Z"},"nsu=http://opcfoundation.org/UA/Plc/Applications;s=RandomSignedInt32":{"Value":{"Type":6,"Body":-511710826},"SourceTimestamp":"2024-04-27T13:19:24.8028571Z","ServerTimestamp":"2024-04-27T13:19:24.8028684Z"},"nsu=http://opcfoundation.org/UA/Plc/Applications;s=RandomUnsignedInt32":{"Value":{"Type":7,"Body":1401257238},"SourceTimestamp":"2024-04-27T13:19:24.8028542Z","ServerTimestamp":"2024-04-27T13:19:24.8028587Z"},"nsu=http://opcfoundation.org/UA/Plc/Applications;s=DipData":{"Value":{"Type":11,"Body":36.812455268467801},"SourceTimestamp":"2024-04-27T13:19:24.8028782Z","ServerTimestamp":"2024-04-27T13:19:24.8028811Z"},"nsu=http://opcfoundation.org/UA/Plc/Applications;s=FastUIntScalar1":{"Value":{"Type":7,"Body":89},"SourceTimestamp":"2024-04-27T13:19:23.9965842Z","ServerTimestamp":"2024-04-27T13:19:23.9965874Z"},"nsu=http://opcfoundation.org/UA/Plc/Applications;s=FastUIntScalar2":{"Value":{"Type":7,"Body":89},"SourceTimestamp":"2024-04-27T13:19:23.9966187Z","ServerTimestamp":"2024-04-27T13:19:23.9966553Z"},"nsu=http://opcfoundation.org/UA/Plc/Applications;s=FastUIntScalar3":{"Value":{"Type":7,"Body":89},"SourceTimestamp":"2024-04-27T13:19:23.9966589Z","ServerTimestamp":"2024-04-27T13:19:23.9966605Z"},"nsu=http://opcfoundation.org/UA/Plc/Applications;s=FastRandomUIntScalar1":{"Value":{"Type":7,"Body":1229446920},"SourceTimestamp":"2024-04-27T13:19:23.9966035Z","ServerTimestamp":"2024-04-27T13:19:23.9966192Z"},"nsu=http://opcfoundation.org/UA/Plc/Applications;s=FastRandomUIntScalar2":{"Value":{"Type":7,"Body":2045965658},"SourceTimestamp":"2024-04-27T13:19:23.9966519Z","ServerTimestamp":"2024-04-27T13:19:23.996653Z"},"nsu=http://opcfoundation.org/UA/Plc/Applications;s=FastRandomUIntScalar3":{"Value":{"Type":7,"Body":158346446},"SourceTimestamp":"2024-04-27T13:19:23.9966548Z","ServerTimestamp":"2024-04-27T13:19:23.9966585Z"},"nsu=http://opcfoundation.org/UA/Plc/Applications;s=SpikeData":{"Value":{"Type":11,"Body":36.812455268467801},"SourceTimestamp":"2024-04-27T13:19:24.8028051Z","ServerTimestamp":"2024-04-27T13:19:24.80281Z"}}}]}