{"MessageId":"ebc526b2-fa61-4d57-91fe-060898d3672a","MessageType":"ua-data","PublisherId":"DESKTOP-BGFJS91","DataSetWriterGroup":"<<UnknownWriterGroup>>","Messages":[{"SequenceNumber":82,"MetaDataVersion":{"MajorVersion":1},"Timestamp":"2024-04-27T13:19:26.8015831Z","MessageType":"ua-deltaframe","DataSetWriterName":"<<UnknownDataSet>>","Payload":{"nsu=http://opcfoundation.org/UA/Plc/Applications;s=StepUp":{"Value":{"Type":7,"Body":917},"SourceTimestamp":"2024-04-27T13:19:26.6932367Z","ServerTimestamp":"2024-04-27T13:19:26.6932419Z"},"nsu=http://opcfoundation.org/UA/Plc/Applications;s=RandomSignedInt32":{"Value":{"Type":6,"Body":20425694},"SourceTimestamp":"2024-04-27T13:19:26.6932286Z","ServerTimestamp":"2024-04-27T13:19:26.6932317Z"},"nsu=http://opcfoundation.org/UA/Plc/Applications;s=RandomUnsignedInt32":{"Value":{"Type":7,"Body":1434911827},"SourceTimestamp":"2024-04-27T13:19:26.693233Z","ServerTimestamp":"2024-04-27T13:19:26.6932455Z"},"nsu=http://opcfoundation.org/UA/Plc/Applications;s=DipData":{"Value":{"Type":11,"Body":-90.482705246601981},"SourceTimestamp":"2024-04-27T13:19:26.6932256Z","ServerTimestamp":"2024-04-27T13:19:26.6932269Z"},"nsu=http://opcfoundation.org/UA/Plc/Applications;s=FastUIntScalar1":{"Value":{"Type":7,"Body":91},"SourceTimestamp":"2024-04-27T13:19:25.9969586Z","ServerTimestamp":"2024-04-27T13:19:25.9969688Z"},"nsu=http://opcfoundation.org/UA/Plc/Applications;s=FastUIntScalar2":{"Value":{"Type":7,"Body":91},"SourceTimestamp":"2024-04-27T13:19:25.9969746Z","ServerTimestamp":"2024-04-27T13:19:25.9969756Z"},"nsu=http://opcfoundation.org/UA/Plc/Applications;s=FastUIntScalar3":{"Value":{"Type":7,"Body":91},"SourceTimestamp":"2024-04-27T13:19:25.9969769Z","ServerTimestamp":"2024-04-27T13:19:25.9969781Z"},"nsu=http://opcfoundation.org/UA/Plc/Applications;s=FastRandomUIntScalar1":{"Value":{"Type":7,"Body":806360387},"SourceTimestamp":"2024-04-27T13:19:25.9969577Z","ServerTimestamp":"2024-04-27T13:19:25.9969599Z"},"nsu=http://opcfoundation.org/UA/Plc/Applications;s=FastRandomUIntScalar2":{"Value":{"Type":7,"Body":3949626640},"SourceTimestamp":"2024-04-27T13:19:25.9969683Z","ServerTimestamp":"2024-04-27T13:19:25.9969743Z"},"nsu=http://opcfoundation.org/UA/Plc/Applications;s=FastRandomUIntScalar3":{"Value":{"Type":7,"Body":2891229438},"SourceTimestamp":"2024-04-27T13:19:25.9969753Z","ServerTimestamp":"2024-04-27T13:19:25.9969769Z"},"nsu=http://opcfoundation.org/UA/Plc/Applications;s=SpikeData":{"Value":{"Type":11,"Body":-90.482705246601981},"SourceTimestamp":"2024-04-27T13:19:26.6931991Z","ServerTimestamp":"2024-04-27T13:19:26.6932378Z"}}}]}