{"MessageId":"4f0d838d-6ec1-4335-87db-ae28a38513b2","MessageType":"ua-data","PublisherId":"DESKTOP-BGFJS91","DataSetWriterGroup":"<<UnknownWriterGroup>>","Messages":[{"SequenceNumber":83,"MetaDataVersion":{"MajorVersion":1},"Timestamp":"2024-04-27T13:19:27.7890947Z","MessageType":"ua-deltaframe","DataSetWriterName":"<<UnknownDataSet>>","Payload":{"nsu=http://opcfoundation.org/UA/Plc/Applications;s=StepUp":{"Value":{"Type":7,"Body":927},"SourceTimestamp":"2024-04-27T13:19:27.6956857Z","ServerTimestamp":"2024-04-27T13:19:27.6956932Z"},"nsu=http://opcfoundation.org/UA/Plc/Applications;s=RandomSignedInt32":{"Value":{"Type":6,"Body":-981352559},"SourceTimestamp":"2024-04-27T13:19:27.6956835Z","ServerTimestamp":"2024-04-27T13:19:27.6956845Z"},"nsu=http://opcfoundation.org/UA/Plc/Applications;s=RandomUnsignedInt32":{"Value":{"Type":7,"Body":82628624},"SourceTimestamp":"2024-04-27T13:19:27.6957194Z","ServerTimestamp":"2024-04-27T13:19:27.6957223Z"},"nsu=http://opcfoundation.org/UA/Plc/Applications;s=DipData":{"Value":{"Type":11,"Body":12.53332335643041},"SourceTimestamp":"2024-04-27T13:19:27.6956736Z","ServerTimestamp":"2024-04-27T13:19:27.6956794Z"},"nsu=http://opcfoundation.org/UA/Plc/Applications;s=FastUIntScalar1":{"Value":{"Type":7,"Body":92},"SourceTimestamp":"2024-04-27T13:19:27.0025471Z","ServerTimestamp":"2024-04-27T13:19:27.0025496Z"},"nsu=http://opcfoundation.org/UA/Plc/Applications;s=FastUIntScalar2":{"Value":{"Type":7,"Body":92},"SourceTimestamp":"2024-04-27T13:19:27.0025594Z","ServerTimestamp":"2024-04-27T13:19:27.0025613Z"},"nsu=http://opcfoundation.org/UA/Plc/Applications;s=FastUIntScalar3":{"Value":{"Type":7,"Body":92},"SourceTimestamp":"2024-04-27T13:19:27.0025625Z","ServerTimestamp":"2024-04-27T13:19:27.0025636Z"},"nsu=http://opcfoundation.org/UA/Plc/Applications;s=FastRandomUIntScalar1":{"Value":{"Type":7,"Body":2483344037},"SourceTimestamp":"2024-04-27T13:19:27.0025532Z","ServerTimestamp":"2024-04-27T13:19:27.0025593Z"},"nsu=http://opcfoundation.org/UA/Plc/Applications;s=FastRandomUIntScalar2":{"Value":{"Type":7,"Body":3334933132},"SourceTimestamp":"2024-04-27T13:19:27.0025614Z","ServerTimestamp":"2024-04-27T13:19:27.0025623Z"},"nsu=http://opcfoundation.org/UA/Plc/Applications;s=FastRandomUIntScalar3":{"Value":{"Type":7,"Body":3035840601},"SourceTimestamp":"2024-04-27T13:19:27.0025637Z","ServerTimestamp":"2024-04-27T13:19:27.0025645Z"},"nsu=http://opcfoundation.org/UA/Plc/Applications;s=SpikeData":{"Value":{"Type":11,"Body":12.53332335643041},"SourceTimestamp":"2024-04-27T13:19:27.6956192Z","ServerTimestamp":"2024-04-27T13:19:27.6956232Z"}}}]}