{"MessageId":"ef90d678-abd8-4bff-adac-75690923a211","MessageType":"ua-data","PublisherId":"DESKTOP-BGFJS91","DataSetWriterGroup":"<<UnknownWriterGroup>>","Messages":[{"SequenceNumber":84,"MetaDataVersion":{"MajorVersion":1},"Timestamp":"2024-04-27T13:19:28.7791715Z","MessageType":"ua-deltaframe","DataSetWriterName":"<<UnknownDataSet>>","Payload":{"nsu=http://opcfoundation.org/UA/Plc/Applications;s=StepUp":{"Value":{"Type":7,"Body":937},"SourceTimestamp":"2024-04-27T13:19:28.7015062Z","ServerTimestamp":"2024-04-27T13:19:28.7015495Z"},"nsu=http://opcfoundation.org/UA/Plc/Applications;s=RandomSignedInt32":{"Value":{"Type":6,"Body":717946904},"SourceTimestamp":"2024-04-27T13:19:28.7015025Z","ServerTimestamp":"2024-04-27T13:19:28.70151Z"},"nsu=http://opcfoundation.org/UA/Plc/Applications;s=RandomUnsignedInt32":{"Value":{"Type":7,"Body":1413464816},"SourceTimestamp":"2024-04-27T13:19:28.7015004Z","ServerTimestamp":"2024-04-27T13:19:28.7015014Z"},"nsu=http://opcfoundation.org/UA/Plc/Applications;s=DipData":{"Value":{"Type":11,"Body":98.228725072868855},"SourceTimestamp":"2024-04-27T13:19:28.7014918Z","ServerTimestamp":"2024-04-27T13:19:28.7014937Z"},"nsu=http://opcfoundation.org/UA/Plc/Applications;s=FastUIntScalar1":{"Value":{"Type":7,"Body":93},"SourceTimestamp":"2024-04-27T13:19:28.0057126Z","ServerTimestamp":"2024-04-27T13:19:28.0057167Z"},"nsu=http://opcfoundation.org/UA/Plc/Applications;s=FastUIntScalar2":{"Value":{"Type":7,"Body":93},"SourceTimestamp":"2024-04-27T13:19:28.0057299Z","ServerTimestamp":"2024-04-27T13:19:28.0057327Z"},"nsu=http://opcfoundation.org/UA/Plc/Applications;s=FastUIntScalar3":{"Value":{"Type":7,"Body":93},"SourceTimestamp":"2024-04-27T13:19:28.0057356Z","ServerTimestamp":"2024-04-27T13:19:28.0057388Z"},"nsu=http://opcfoundation.org/UA/Plc/Applications;s=FastRandomUIntScalar1":{"Value":{"Type":7,"Body":3985403191},"SourceTimestamp":"2024-04-27T13:19:28.0056974Z","ServerTimestamp":"2024-04-27T13:19:28.0057004Z"},"nsu=http://opcfoundation.org/UA/Plc/Applications;s=FastRandomUIntScalar2":{"Value":{"Type":7,"Body":837225127},"SourceTimestamp":"2024-04-27T13:19:28.0057156Z","ServerTimestamp":"2024-04-27T13:19:28.0057303Z"},"nsu=http://opcfoundation.org/UA/Plc/Applications;s=FastRandomUIntScalar3":{"Value":{"Type":7,"Body":2728272660},"SourceTimestamp":"2024-04-27T13:19:28.0057327Z","ServerTimestamp":"2024-04-27T13:19:28.0057361Z"},"nsu=http://opcfoundation.org/UA/Plc/Applications;s=SpikeData":{"Value":{"Type":11,"Body":98.228725072868855},"SourceTimestamp":"2024-04-27T13:19:28.701463Z","ServerTimestamp":"2024-04-27T13:19:28.701506Z"}}}]}