{"MessageId":"162632a0-b1a0-424f-b5ee-257e068f34ab","MessageType":"ua-data","PublisherId":"DESKTOP-BGFJS91","DataSetWriterGroup":"<<UnknownWriterGroup>>","Messages":[{"SequenceNumber":86,"MetaDataVersion":{"MajorVersion":1},"Timestamp":"2024-04-27T13:19:31.8174188Z","MessageType":"ua-deltaframe","DataSetWriterName":"<<UnknownDataSet>>","Payload":{"nsu=http://opcfoundation.org/UA/Plc/Applications;s=StepUp":{"Value":{"Type":7,"Body":968},"SourceTimestamp":"2024-04-27T13:19:31.8010136Z","ServerTimestamp":"2024-04-27T13:19:31.8010604Z"},"nsu=http://opcfoundation.org/UA/Plc/Applications;s=RandomSignedInt32":{"Value":{"Type":6,"Body":-1674136012},"SourceTimestamp":"2024-04-27T13:19:31.8010055Z","ServerTimestamp":"2024-04-27T13:19:31.8010086Z"},"nsu=http://opcfoundation.org/UA/Plc/Applications;s=RandomUnsignedInt32":{"Value":{"Type":7,"Body":211699838},"SourceTimestamp":"2024-04-27T13:19:31.8010027Z","ServerTimestamp":"2024-04-27T13:19:31.8010113Z"},"nsu=http://opcfoundation.org/UA/Plc/Applications;s=DipData":{"Value":{"Type":11,"Body":-84.432792550201526},"SourceTimestamp":"2024-04-27T13:19:31.8009946Z","ServerTimestamp":"2024-04-27T13:19:31.8009961Z"},"nsu=http://opcfoundation.org/UA/Plc/Applications;s=FastUIntScalar1":{"Value":{"Type":7,"Body":96},"SourceTimestamp":"2024-04-27T13:19:31.0056868Z","ServerTimestamp":"2024-04-27T13:19:31.0056905Z"},"nsu=http://opcfoundation.org/UA/Plc/Applications;s=FastUIntScalar2":{"Value":{"Type":7,"Body":96},"SourceTimestamp":"2024-04-27T13:19:31.0057038Z","ServerTimestamp":"2024-04-27T13:19:31.0057099Z"},"nsu=http://opcfoundation.org/UA/Plc/Applications;s=FastUIntScalar3":{"Value":{"Type":7,"Body":96},"SourceTimestamp":"2024-04-27T13:19:31.0057354Z","ServerTimestamp":"2024-04-27T13:19:31.0057362Z"},"nsu=http://opcfoundation.org/UA/Plc/Applications;s=FastRandomUIntScalar1":{"Value":{"Type":7,"Body":4029204532},"SourceTimestamp":"2024-04-27T13:19:31.0056951Z","ServerTimestamp":"2024-04-27T13:19:31.0057047Z"},"nsu=http://opcfoundation.org/UA/Plc/Applications;s=FastRandomUIntScalar2":{"Value":{"Type":7,"Body":1677332096},"SourceTimestamp":"2024-04-27T13:19:31.0057095Z","ServerTimestamp":"2024-04-27T13:19:31.0057352Z"},"nsu=http://opcfoundation.org/UA/Plc/Applications;s=FastRandomUIntScalar3":{"Value":{"Type":7,"Body":2786223617},"SourceTimestamp":"2024-04-27T13:19:31.0057363Z","ServerTimestamp":"2024-04-27T13:19:31.0057376Z"},"nsu=http://opcfoundation.org/UA/Plc/Applications;s=SpikeData":{"Value":{"Type":11,"Body":-84.432792550201526},"SourceTimestamp":"2024-04-27T13:19:31.8009657Z","ServerTimestamp":"2024-04-27T13:19:31.8010042Z"}}}]}