{"MessageId":"5a65bcf8-6c53-43f9-a6aa-02ab3e10ad98","MessageType":"ua-data","PublisherId":"DESKTOP-BGFJS91","DataSetWriterGroup":"<<UnknownWriterGroup>>","Messages":[{"SequenceNumber":89,"MetaDataVersion":{"MajorVersion":1},"Timestamp":"2024-04-27T13:19:34.7992153Z","MessageType":"ua-deltaframe","DataSetWriterName":"<<UnknownDataSet>>","Payload":{"nsu=http://opcfoundation.org/UA/Plc/Applications;s=StepUp":{"Value":{"Type":7,"Body":997},"SourceTimestamp":"2024-04-27T13:19:34.7054365Z","ServerTimestamp":"2024-04-27T13:19:34.7054447Z"},"nsu=http://opcfoundation.org/UA/Plc/Applications;s=RandomSignedInt32":{"Value":{"Type":6,"Body":-1059764841},"SourceTimestamp":"2024-04-27T13:19:34.7054169Z","ServerTimestamp":"2024-04-27T13:19:34.7054181Z"},"nsu=http://opcfoundation.org/UA/Plc/Applications;s=RandomUnsignedInt32":{"Value":{"Type":7,"Body":603848454},"SourceTimestamp":"2024-04-27T13:19:34.7054101Z","ServerTimestamp":"2024-04-27T13:19:34.7054112Z"},"nsu=http://opcfoundation.org/UA/Plc/Applications;s=DipData":{"Value":{"Type":11,"Body":48.175367410171532},"SourceTimestamp":"2024-04-27T13:19:34.7054185Z","ServerTimestamp":"2024-04-27T13:19:34.7054219Z"},"nsu=http://opcfoundation.org/UA/Plc/Applications;s=FastUIntScalar1":{"Value":{"Type":7,"Body":99},"SourceTimestamp":"2024-04-27T13:19:34.0063756Z","ServerTimestamp":"2024-04-27T13:19:34.0063785Z"},"nsu=http://opcfoundation.org/UA/Plc/Applications;s=FastUIntScalar2":{"Value":{"Type":7,"Body":99},"SourceTimestamp":"2024-04-27T13:19:34.0063898Z","ServerTimestamp":"2024-04-27T13:19:34.0063973Z"},"nsu=http://opcfoundation.org/UA/Plc/Applications;s=FastUIntScalar3":{"Value":{"Type":7,"Body":99},"SourceTimestamp":"2024-04-27T13:19:34.0063988Z","ServerTimestamp":"2024-04-27T13:19:34.0064004Z"},"nsu=http://opcfoundation.org/UA/Plc/Applications;s=FastRandomUIntScalar1":{"Value":{"Type":7,"Body":838947113},"SourceTimestamp":"2024-04-27T13:19:34.0063762Z","ServerTimestamp":"2024-04-27T13:19:34.0063905Z"},"nsu=http://opcfoundation.org/UA/Plc/Applications;s=FastRandomUIntScalar2":{"Value":{"Type":7,"Body":248274147},"SourceTimestamp":"2024-04-27T13:19:34.0063973Z","ServerTimestamp":"2024-04-27T13:19:34.0063986Z"},"nsu=http://opcfoundation.org/UA/Plc/Applications;s=FastRandomUIntScalar3":{"Value":{"Type":7,"Body":3536982561},"SourceTimestamp":"2024-04-27T13:19:34.0064002Z","ServerTimestamp":"2024-04-27T13:19:34.006402Z"},"nsu=http://opcfoundation.org/UA/Plc/Applications;s=SpikeData":{"Value":{"Type":11,"Body":1000},"SourceTimestamp":"2024-04-27T13:19:34.7053818Z","ServerTimestamp":"2024-04-27T13:19:34.7053852Z"}}}]}