{"MessageId":"9b1a5341-92a5-4a8f-8112-90cfdd5dbe93","MessageType":"ua-data","PublisherId":"DESKTOP-BGFJS91","DataSetWriterGroup":"<<UnknownWriterGroup>>","Messages":[{"SequenceNumber":90,"MetaDataVersion":{"MajorVersion":1},"Timestamp":"2024-04-27T13:19:35.7936388Z","MessageType":"ua-deltaframe","DataSetWriterName":"<<UnknownDataSet>>","Payload":{"nsu=http://opcfoundation.org/UA/Plc/Applications;s=StepUp":{"Value":{"Type":7,"Body":1007},"SourceTimestamp":"2024-04-27T13:19:35.7013881Z","ServerTimestamp":"2024-04-27T13:19:35.7014016Z"},"nsu=http://opcfoundation.org/UA/Plc/Applications;s=AlternatingBoolean":{"Value":{"Type":1,"Body":true},"SourceTimestamp":"2024-04-27T13:19:35.0944786Z","ServerTimestamp":"2024-04-27T13:19:35.0944881Z"},"nsu=http://opcfoundation.org/UA/Plc/Applications;s=RandomSignedInt32":{"Value":{"Type":6,"Body":-569384209},"SourceTimestamp":"2024-04-27T13:19:35.7013822Z","ServerTimestamp":"2024-04-27T13:19:35.7013834Z"},"nsu=http://opcfoundation.org/UA/Plc/Applications;s=RandomUnsignedInt32":{"Value":{"Type":7,"Body":739059250},"SourceTimestamp":"2024-04-27T13:19:35.7013737Z","ServerTimestamp":"2024-04-27T13:19:35.7013749Z"},"nsu=http://opcfoundation.org/UA/Plc/Applications;s=DipData":{"Value":{"Type":11,"Body":-68.454710592868821},"SourceTimestamp":"2024-04-27T13:19:35.7013647Z","ServerTimestamp":"2024-04-27T13:19:35.7013659Z"},"nsu=http://opcfoundation.org/UA/Plc/Applications;s=FastUIntScalar1":{"Value":{"Type":7,"Body":100},"SourceTimestamp":"2024-04-27T13:19:35.0010887Z","ServerTimestamp":"2024-04-27T13:19:35.0010893Z"},"nsu=http://opcfoundation.org/UA/Plc/Applications;s=FastUIntScalar2":{"Value":{"Type":7,"Body":100},"SourceTimestamp":"2024-04-27T13:19:35.0011094Z","ServerTimestamp":"2024-04-27T13:19:35.0011103Z"},"nsu=http://opcfoundation.org/UA/Plc/Applications;s=FastUIntScalar3":{"Value":{"Type":7,"Body":100},"SourceTimestamp":"2024-04-27T13:19:35.001112Z","ServerTimestamp":"2024-04-27T13:19:35.0011146Z"},"nsu=http://opcfoundation.org/UA/Plc/Applications;s=FastRandomUIntScalar1":{"Value":{"Type":7,"Body":3655728058},"SourceTimestamp":"2024-04-27T13:19:35.0010892Z","ServerTimestamp":"2024-04-27T13:19:35.0011129Z"},"nsu=http://opcfoundation.org/UA/Plc/Applications;s=FastRandomUIntScalar2":{"Value":{"Type":7,"Body":29498174},"SourceTimestamp":"2024-04-27T13:19:35.0011149Z","ServerTimestamp":"2024-04-27T13:19:35.0011155Z"},"nsu=http://opcfoundation.org/UA/Plc/Applications;s=FastRandomUIntScalar3":{"Value":{"Type":7,"Body":4071136707},"SourceTimestamp":"2024-04-27T13:19:35.0011165Z","ServerTimestamp":"2024-04-27T13:19:35.001117Z"},"nsu=http://opcfoundation.org/UA/Plc/Applications;s=NegativeTrendData":{"Value":{"Type":11,"Body":98.700000000000003},"SourceTimestamp":"2024-04-27T13:19:35.0944594Z","ServerTimestamp":"2024-04-27T13:19:35.0944627Z"},"nsu=http://opcfoundation.org/UA/Plc/Applications;s=PositiveTrendData":{"Value":{"Type":11,"Body":101.7},"SourceTimestamp":"2024-04-27T13:19:35.0944294Z","ServerTimestamp":"2024-04-27T13:19:35.0944441Z"},"nsu=http://opcfoundation.org/UA/Plc/Applications;s=SlowUIntScalar1":{"Value":{"Type":7,"Body":10},"SourceTimestamp":"2024-04-27T13:19:35.001049Z","ServerTimestamp":"2024-04-27T13:19:35.0010526Z"},"nsu=http://opcfoundation.org/UA/Plc/Applications;s=SlowUIntScalar2":{"Value":{"Type":7,"Body":10},"SourceTimestamp":"2024-04-27T13:19:35.0010629Z","ServerTimestamp":"2024-04-27T13:19:35.0010636Z"},"nsu=http://opcfoundation.org/UA/Plc/Applications;s=SlowUIntScalar3":{"Value":{"Type":7,"Body":10},"SourceTimestamp":"2024-04-27T13:19:35.0010651Z","ServerTimestamp":"2024-04-27T13:19:35.0010656Z"},"nsu=http://opcfoundation.org/UA/Plc/Applications;s=BadSlowUIntScalar1":{"Value":{"Body":null},"StatusCode":2150694912,"SourceTimestamp":"2024-04-27T13:19:35.0010679Z","ServerTimestamp":"2024-04-27T13:19:35.001068Z"},"nsu=http://opcfoundation.org/UA/Plc/Applications;s=SlowRandomUIntScalar1":{"Value":{"Type":7,"Body":2727692185},"SourceTimestamp":"2024-04-27T13:19:35.0010658Z","ServerTimestamp":"2024-04-27T13:19:35.001069Z"},"nsu=http://opcfoundation.org/UA/Plc/Applications;s=SlowRandomUIntScalar2":{"Value":{"Type":7,"Body":1330452901},"SourceTimestamp":"2024-04-27T13:19:35.0010752Z","ServerTimestamp":"2024-04-27T13:19:35.001076Z"},"nsu=http://opcfoundation.org/UA/Plc/Applications;s=SlowRandomUIntScalar3":{"Value":{"Type":7,"Body":2769529434},"SourceTimestamp":"2024-04-27T13:19:35.001077Z","ServerTimestamp":"2024-04-27T13:19:35.0010774Z"},"nsu=http://opcfoundation.org/UA/Plc/Applications;s=BadSlowRandomUIntScalar1":{"Value":{"Body":null},"StatusCode":2150694912,"SourceTimestamp":"2024-04-27T13:19:35.0010797Z","ServerTimestamp":"2024-04-27T13:19:35.0010798Z"},"nsu=http://opcfoundation.org/UA/Plc/Applications;s=SpikeData":{"Value":{"Type":11,"Body":-68.454710592868821},"SourceTimestamp":"2024-04-27T13:19:35.7013366Z","ServerTimestamp":"2024-04-27T13:19:35.7013537Z"}}}]}