{"MessageId":"0370dff7-fccd-473f-a0ab-78ede5fc9e60","MessageType":"ua-data","PublisherId":"DESKTOP-BGFJS91","DataSetWriterGroup":"<<UnknownWriterGroup>>","Messages":[{"SequenceNumber":99,"MetaDataVersion":{"MajorVersion":1},"Timestamp":"2024-04-27T13:19:45.7701377Z","MessageType":"ua-deltaframe","DataSetWriterName":"<<UnknownDataSet>>","Payload":{"nsu=http://opcfoundation.org/UA/Plc/Applications;s=AlternatingBoolean":{"Value":{"Type":1,"Body":true},"SourceTimestamp":"2024-04-27T13:19:45.1044634Z","ServerTimestamp":"2024-04-27T13:19:45.1044644Z"},"nsu=http://opcfoundation.org/UA/Plc/Applications;s=NegativeTrendData":{"Value":{"Type":11,"Body":98.5},"SourceTimestamp":"2024-04-27T13:19:45.1044669Z","ServerTimestamp":"2024-04-27T13:19:45.1044784Z"},"nsu=http://opcfoundation.org/UA/Plc/Applications;s=PositiveTrendData":{"Value":{"Type":11,"Body":101.90000000000001},"SourceTimestamp":"2024-04-27T13:19:45.1044254Z","ServerTimestamp":"2024-04-27T13:19:45.1044298Z"},"nsu=http://opcfoundation.org/UA/Plc/Applications;s=SlowUIntScalar1":{"Value":{"Type":7,"Body":11},"SourceTimestamp":"2024-04-27T13:19:44.995309Z","ServerTimestamp":"2024-04-27T13:19:44.9953137Z"},"nsu=http://opcfoundation.org/UA/Plc/Applications;s=SlowUIntScalar2":{"Value":{"Type":7,"Body":11},"SourceTimestamp":"2024-04-27T13:19:44.9953515Z","ServerTimestamp":"2024-04-27T13:19:44.9953631Z"},"nsu=http://opcfoundation.org/UA/Plc/Applications;s=SlowUIntScalar3":{"Value":{"Type":7,"Body":11},"SourceTimestamp":"2024-04-27T13:19:44.9953659Z","ServerTimestamp":"2024-04-27T13:19:44.9953672Z"},"nsu=http://opcfoundation.org/UA/Plc/Applications;s=BadSlowUIntScalar1":{"Value":{"Type":7,"Body":1},"SourceTimestamp":"2024-04-27T13:19:44.9953696Z","ServerTimestamp":"2024-04-27T13:19:44.9953703Z"},"nsu=http://opcfoundation.org/UA/Plc/Applications;s=SlowRandomUIntScalar1":{"Value":{"Type":7,"Body":2284436091},"SourceTimestamp":"2024-04-27T13:19:44.995324Z","ServerTimestamp":"2024-04-27T13:19:44.9953517Z"},"nsu=http://opcfoundation.org/UA/Plc/Applications;s=SlowRandomUIntScalar2":{"Value":{"Type":7,"Body":2932824882},"SourceTimestamp":"2024-04-27T13:19:44.9953627Z","ServerTimestamp":"2024-04-27T13:19:44.9953974Z"},"nsu=http://opcfoundation.org/UA/Plc/Applications;s=SlowRandomUIntScalar3":{"Value":{"Type":7,"Body":1926399744},"SourceTimestamp":"2024-04-27T13:19:44.9954004Z","ServerTimestamp":"2024-04-27T13:19:44.9954016Z"},"nsu=http://opcfoundation.org/UA/Plc/Applications;s=BadSlowRandomUIntScalar1":{"Value":{"Type":7,"Body":1613687478},"SourceTimestamp":"2024-04-27T13:19:44.9954042Z","ServerTimestamp":"2024-04-27T13:19:44.9954051Z"}}}]}