{"SequenceNumber":1,"MetaDataVersion":{"MajorVersion":1},"Timestamp":"2024-04-26T12:13:24.7511796Z","MessageType":"ua-deltaframe","DataSetWriterName":"<<UnknownDataSet>>","Payload":{"nsu=http://opcfoundation.org/UA/Plc/Applications;s=NegativeTrendData":{"Value":100,"SourceTimestamp":"2024-04-26T12:13:23.7640722Z","ServerTimestamp":"2024-04-26T12:13:23.8096609Z"},"nsu=http://opcfoundation.org/UA/Plc/Applications;s=PositiveTrendData":{"Value":100,"SourceTimestamp":"2024-04-26T12:13:23.764069Z","ServerTimestamp":"2024-04-26T12:13:23.8096704Z"}}}