{"SequenceNumber":11,"MetaDataVersion":{"MajorVersion":1},"Timestamp":"2024-04-26T12:14:12.7261435Z","MessageType":"ua-deltaframe","DataSetWriterName":"<<UnknownDataSet>>","Payload":{"nsu=http://opcfoundation.org/UA/Plc/Applications;s=NegativeTrendData":{"Value":99,"SourceTimestamp":"2024-04-26T12:14:12.2698268Z","ServerTimestamp":"2024-04-26T12:14:12.2698289Z"},"nsu=http://opcfoundation.org/UA/Plc/Applications;s=PositiveTrendData":{"Value":100.7,"SourceTimestamp":"2024-04-26T12:14:12.2698274Z","ServerTimestamp":"2024-04-26T12:14:12.269831Z"}}}