{"SequenceNumber":13,"MetaDataVersion":{"MajorVersion":1},"Timestamp":"2024-04-26T12:14:22.726051Z","MessageType":"ua-deltaframe","DataSetWriterName":"<<UnknownDataSet>>","Payload":{"nsu=http://opcfoundation.org/UA/Plc/Applications;s=NegativeTrendData":{"Value":98.799999999999997,"SourceTimestamp":"2024-04-26T12:14:22.2684455Z","ServerTimestamp":"2024-04-26T12:14:22.2684474Z"},"nsu=http://opcfoundation.org/UA/Plc/Applications;s=PositiveTrendData":{"Value":100.90000000000001,"SourceTimestamp":"2024-04-26T12:14:22.2684536Z","ServerTimestamp":"2024-04-26T12:14:22.2684554Z"}}}