{"SequenceNumber":14,"MetaDataVersion":{"MajorVersion":1},"Timestamp":"2024-04-26T12:14:27.7484526Z","MessageType":"ua-deltaframe","DataSetWriterName":"<<UnknownDataSet>>","Payload":{"nsu=http://opcfoundation.org/UA/Plc/Applications;s=NegativeTrendData":{"Value":98.700000000000003,"SourceTimestamp":"2024-04-26T12:14:27.2609525Z","ServerTimestamp":"2024-04-26T12:14:27.2609906Z"},"nsu=http://opcfoundation.org/UA/Plc/Applications;s=PositiveTrendData":{"Value":101,"SourceTimestamp":"2024-04-26T12:14:27.2609521Z","ServerTimestamp":"2024-04-26T12:14:27.2610141Z"}}}