{"SequenceNumber":15,"MetaDataVersion":{"MajorVersion":1},"Timestamp":"2024-04-26T12:14:32.7694386Z","MessageType":"ua-deltaframe","DataSetWriterName":"<<UnknownDataSet>>","Payload":{"nsu=http://opcfoundation.org/UA/Plc/Applications;s=NegativeTrendData":{"Value":98.599999999999994,"SourceTimestamp":"2024-04-26T12:14:32.2655679Z","ServerTimestamp":"2024-04-26T12:14:32.2655737Z"},"nsu=http://opcfoundation.org/UA/Plc/Applications;s=PositiveTrendData":{"Value":101.09999999999999,"SourceTimestamp":"2024-04-26T12:14:32.2655699Z","ServerTimestamp":"2024-04-26T12:14:32.265571Z"}}}