{"DataSetWriterId":1,"SequenceNumber":7,"MetaDataVersion":{"MajorVersion":1},"Timestamp":"2024-04-26T12:14:33.9764968Z","MessageType":"ua-deltaframe","DataSetWriterName":"<<UnknownDataSet>>","Payload":{"nsu=http://opcfoundation.org/UA/Plc/Applications;s=SlowUIntScalar1":{"Value":7,"SourceTimestamp":"2024-04-26T12:14:32.1713876Z","ServerTimestamp":"2024-04-26T12:14:32.1713904Z"},"nsu=http://opcfoundation.org/UA/Plc/Applications;s=SlowUIntScalar2":{"Value":7,"SourceTimestamp":"2024-04-26T12:14:32.1713972Z","ServerTimestamp":"2024-04-26T12:14:32.1713978Z"},"nsu=http://opcfoundation.org/UA/Plc/Applications;s=SlowUIntScalar3":{"Value":7,"SourceTimestamp":"2024-04-26T12:14:32.1713991Z","ServerTimestamp":"2024-04-26T12:14:32.1713995Z"},"nsu=http://opcfoundation.org/UA/Plc/Applications;s=BadSlowUIntScalar1":{"Value":7,"SourceTimestamp":"2024-04-26T12:14:32.1714008Z","ServerTimestamp":"2024-04-26T12:14:32.1714015Z"}}}