{"DataSetWriterId":1,"SequenceNumber":8,"MetaDataVersion":{"MajorVersion":1},"Timestamp":"2024-04-26T12:14:43.9682048Z","MessageType":"ua-deltaframe","DataSetWriterName":"<<UnknownDataSet>>","Payload":{"nsu=http://opcfoundation.org/UA/Plc/Applications;s=SlowUIntScalar1":{"Value":8,"SourceTimestamp":"2024-04-26T12:14:42.1614023Z","ServerTimestamp":"2024-04-26T12:14:42.1614062Z"},"nsu=http://opcfoundation.org/UA/Plc/Applications;s=SlowUIntScalar2":{"Value":8,"SourceTimestamp":"2024-04-26T12:14:42.1621235Z","ServerTimestamp":"2024-04-26T12:14:42.1621264Z"},"nsu=http://opcfoundation.org/UA/Plc/Applications;s=SlowUIntScalar3":{"Value":8,"SourceTimestamp":"2024-04-26T12:14:42.16213Z","ServerTimestamp":"2024-04-26T12:14:42.1621305Z"},"nsu=http://opcfoundation.org/UA/Plc/Applications;s=BadSlowUIntScalar1":{"Value":8,"StatusCode":{"Symbol":"UncertainLastUsableValue","Code":1083179008},"SourceTimestamp":"2024-04-26T12:14:42.1621317Z","ServerTimestamp":"2024-04-26T12:14:42.1621322Z"}}}