{"SequenceNumber":18,"MetaDataVersion":{"MajorVersion":1},"Timestamp":"2024-04-26T12:14:47.7382309Z","MessageType":"ua-deltaframe","DataSetWriterName":"<<UnknownDataSet>>","Payload":{"nsu=http://opcfoundation.org/UA/Plc/Applications;s=NegativeTrendData":{"Value":98.299999999999997,"SourceTimestamp":"2024-04-26T12:14:47.2663929Z","ServerTimestamp":"2024-04-26T12:14:47.2663942Z"},"nsu=http://opcfoundation.org/UA/Plc/Applications;s=PositiveTrendData":{"Value":101.40000000000001,"SourceTimestamp":"2024-04-26T12:14:47.2663888Z","ServerTimestamp":"2024-04-26T12:14:47.2663896Z"}}}