{"SequenceNumber":19,"MetaDataVersion":{"MajorVersion":1},"Timestamp":"2024-04-26T12:14:52.7638032Z","MessageType":"ua-deltaframe","DataSetWriterName":"<<UnknownDataSet>>","Payload":{"nsu=http://opcfoundation.org/UA/Plc/Applications;s=NegativeTrendData":{"Value":98.200000000000003,"SourceTimestamp":"2024-04-26T12:14:52.260824Z","ServerTimestamp":"2024-04-26T12:14:52.2608247Z"},"nsu=http://opcfoundation.org/UA/Plc/Applications;s=PositiveTrendData":{"Value":101.5,"SourceTimestamp":"2024-04-26T12:14:52.2608241Z","ServerTimestamp":"2024-04-26T12:14:52.2608425Z"}}}