{"SequenceNumber":21,"MetaDataVersion":{"MajorVersion":1},"Timestamp":"2024-04-26T12:15:02.7519271Z","MessageType":"ua-deltaframe","DataSetWriterName":"<<UnknownDataSet>>","Payload":{"nsu=http://opcfoundation.org/UA/Plc/Applications;s=NegativeTrendData":{"Value":98,"SourceTimestamp":"2024-04-26T12:15:02.2661783Z","ServerTimestamp":"2024-04-26T12:15:02.2662086Z"},"nsu=http://opcfoundation.org/UA/Plc/Applications;s=PositiveTrendData":{"Value":101.7,"SourceTimestamp":"2024-04-26T12:15:02.2661812Z","ServerTimestamp":"2024-04-26T12:15:02.2662218Z"}}}