{"SequenceNumber":23,"MetaDataVersion":{"MajorVersion":1},"Timestamp":"2024-04-26T12:15:12.7607858Z","MessageType":"ua-deltaframe","DataSetWriterName":"<<UnknownDataSet>>","Payload":{"nsu=http://opcfoundation.org/UA/Plc/Applications;s=NegativeTrendData":{"Value":97.799999999999997,"SourceTimestamp":"2024-04-26T12:15:12.2673642Z","ServerTimestamp":"2024-04-26T12:15:12.2673667Z"},"nsu=http://opcfoundation.org/UA/Plc/Applications;s=PositiveTrendData":{"Value":101.90000000000001,"SourceTimestamp":"2024-04-26T12:15:12.2673587Z","ServerTimestamp":"2024-04-26T12:15:12.2673723Z"}}}