{"DataSetWriterId":1,"SequenceNumber":1,"MetaDataVersion":{"MajorVersion":1},"Timestamp":"2024-04-26T12:13:33.9822051Z","MessageType":"ua-deltaframe","DataSetWriterName":"<<UnknownDataSet>>","Payload":{"nsu=http://opcfoundation.org/UA/Plc/Applications;s=SlowUIntScalar1":{"Value":1,"SourceTimestamp":"2024-04-26T12:13:32.1589668Z","ServerTimestamp":"2024-04-26T12:13:32.1589697Z"},"nsu=http://opcfoundation.org/UA/Plc/Applications;s=SlowUIntScalar2":{"Value":1,"SourceTimestamp":"2024-04-26T12:13:32.1589768Z","ServerTimestamp":"2024-04-26T12:13:32.1589775Z"},"nsu=http://opcfoundation.org/UA/Plc/Applications;s=SlowUIntScalar3":{"Value":1,"SourceTimestamp":"2024-04-26T12:13:32.1589787Z","ServerTimestamp":"2024-04-26T12:13:32.1589792Z"},"nsu=http://opcfoundation.org/UA/Plc/Applications;s=BadSlowUIntScalar1":{"Value":1,"SourceTimestamp":"2024-04-26T12:13:32.1589806Z","ServerTimestamp":"2024-04-26T12:13:32.1589812Z"}}}