{"SequenceNumber":6,"MetaDataVersion":{"MajorVersion":1},"Timestamp":"2024-04-26T12:13:47.7293214Z","MessageType":"ua-deltaframe","DataSetWriterName":"<<UnknownDataSet>>","Payload":{"nsu=http://opcfoundation.org/UA/Plc/Applications;s=NegativeTrendData":{"Value":99.5,"SourceTimestamp":"2024-04-26T12:13:47.2575088Z","ServerTimestamp":"2024-04-26T12:13:47.2575109Z"},"nsu=http://opcfoundation.org/UA/Plc/Applications;s=PositiveTrendData":{"Value":100.2,"SourceTimestamp":"2024-04-26T12:13:47.2575082Z","ServerTimestamp":"2024-04-26T12:13:47.2575188Z"}}}