{"NodeId":"nsu=http://opcfoundation.org/UA/Plc/Applications;s=RandomSignedInt32","EndpointUrl":"opc.tcp://localhost:61457/UA/SampleServer","ApplicationUri":"urn:desktop-bgfjs91:OPCFoundation:CoreSampleServer","DisplayName":"nsu=http://opcfoundation.org/UA/Plc/Applications;s=RandomSignedInt32","Timestamp":"2024-04-27T09:29:03.8699741Z","Value":{"Value":-838470591,"SourceTimestamp":"2024-04-27T09:29:03.839175Z","ServerTimestamp":"2024-04-27T09:29:03.8392022Z"},"SequenceNumber":1,"ExtensionFields":{}}