{"NodeId":"nsu=http://opcfoundation.org/UA/Plc/Applications;s=RandomSignedInt32","EndpointUrl":"opc.tcp://localhost:61457/UA/SampleServer","ApplicationUri":"urn:desktop-bgfjs91:OPCFoundation:CoreSampleServer","DisplayName":"nsu=http://opcfoundation.org/UA/Plc/Applications;s=RandomSignedInt32","Timestamp":"2024-04-27T09:30:48.8949923Z","Value":{"Value":879533586,"SourceTimestamp":"2024-04-27T09:30:48.8326363Z","ServerTimestamp":"2024-04-27T09:30:48.832645Z"},"SequenceNumber":100,"ExtensionFields":{}}