{"NodeId":"nsu=http://opcfoundation.org/UA/Plc/Applications;s=RandomSignedInt32","EndpointUrl":"opc.tcp://localhost:61457/UA/SampleServer","ApplicationUri":"urn:desktop-bgfjs91:OPCFoundation:CoreSampleServer","DisplayName":"nsu=http://opcfoundation.org/UA/Plc/Applications;s=RandomSignedInt32","Timestamp":"2024-04-27T09:30:54.8937709Z","Value":{"Value":1871909388,"SourceTimestamp":"2024-04-27T09:30:54.8457264Z","ServerTimestamp":"2024-04-27T09:30:54.8457274Z"},"SequenceNumber":106,"ExtensionFields":{}}