{"NodeId":"nsu=http://opcfoundation.org/UA/Plc/Applications;s=RandomSignedInt32","EndpointUrl":"opc.tcp://localhost:61457/UA/SampleServer","ApplicationUri":"urn:desktop-bgfjs91:OPCFoundation:CoreSampleServer","DisplayName":"nsu=http://opcfoundation.org/UA/Plc/Applications;s=RandomSignedInt32","Timestamp":"2024-04-27T09:30:56.9170829Z","Value":{"Value":37225092,"SourceTimestamp":"2024-04-27T09:30:56.8385474Z","ServerTimestamp":"2024-04-27T09:30:56.8385487Z"},"SequenceNumber":108,"ExtensionFields":{}}