{"NodeId":"nsu=http://opcfoundation.org/UA/Plc/Applications;s=RandomSignedInt32","EndpointUrl":"opc.tcp://localhost:61457/UA/SampleServer","ApplicationUri":"urn:desktop-bgfjs91:OPCFoundation:CoreSampleServer","DisplayName":"nsu=http://opcfoundation.org/UA/Plc/Applications;s=RandomSignedInt32","Timestamp":"2024-04-27T09:30:57.9029365Z","Value":{"Value":-604190683,"SourceTimestamp":"2024-04-27T09:30:57.8413461Z","ServerTimestamp":"2024-04-27T09:30:57.8413491Z"},"SequenceNumber":109,"ExtensionFields":{}}