{"NodeId":"nsu=http://opcfoundation.org/UA/Plc/Applications;s=RandomSignedInt32","EndpointUrl":"opc.tcp://localhost:61457/UA/SampleServer","ApplicationUri":"urn:desktop-bgfjs91:OPCFoundation:CoreSampleServer","DisplayName":"nsu=http://opcfoundation.org/UA/Plc/Applications;s=RandomSignedInt32","Timestamp":"2024-04-27T09:31:00.8709265Z","Value":{"Value":972507599,"SourceTimestamp":"2024-04-27T09:31:00.8389978Z","ServerTimestamp":"2024-04-27T09:31:00.8389987Z"},"SequenceNumber":112,"ExtensionFields":{}}