{"NodeId":"nsu=http://opcfoundation.org/UA/Plc/Applications;s=RandomSignedInt32","EndpointUrl":"opc.tcp://localhost:61457/UA/SampleServer","ApplicationUri":"urn:desktop-bgfjs91:OPCFoundation:CoreSampleServer","DisplayName":"nsu=http://opcfoundation.org/UA/Plc/Applications;s=RandomSignedInt32","Timestamp":"2024-04-27T09:29:17.8805917Z","Value":{"Value":-2079308743,"SourceTimestamp":"2024-04-27T09:29:17.8332456Z","ServerTimestamp":"2024-04-27T09:29:17.8332474Z"},"SequenceNumber":13,"ExtensionFields":{}}