{"NodeId":"nsu=http://opcfoundation.org/UA/Plc/Applications;s=RandomSignedInt32","EndpointUrl":"opc.tcp://localhost:61457/UA/SampleServer","ApplicationUri":"urn:desktop-bgfjs91:OPCFoundation:CoreSampleServer","DisplayName":"nsu=http://opcfoundation.org/UA/Plc/Applications;s=RandomSignedInt32","Timestamp":"2024-04-27T09:29:19.8637792Z","Value":{"Value":-412459408,"SourceTimestamp":"2024-04-27T09:29:19.8317729Z","ServerTimestamp":"2024-04-27T09:29:19.8317754Z"},"SequenceNumber":15,"ExtensionFields":{}}