{"NodeId":"nsu=http://opcfoundation.org/UA/Plc/Applications;s=RandomSignedInt32","EndpointUrl":"opc.tcp://localhost:61457/UA/SampleServer","ApplicationUri":"urn:desktop-bgfjs91:OPCFoundation:CoreSampleServer","DisplayName":"nsu=http://opcfoundation.org/UA/Plc/Applications;s=RandomSignedInt32","Timestamp":"2024-04-27T09:29:26.8670705Z","Value":{"Value":-206467003,"SourceTimestamp":"2024-04-27T09:29:26.8346292Z","ServerTimestamp":"2024-04-27T09:29:26.8346311Z"},"SequenceNumber":22,"ExtensionFields":{}}