{"NodeId":"nsu=http://opcfoundation.org/UA/Plc/Applications;s=RandomSignedInt32","EndpointUrl":"opc.tcp://localhost:61457/UA/SampleServer","ApplicationUri":"urn:desktop-bgfjs91:OPCFoundation:CoreSampleServer","DisplayName":"nsu=http://opcfoundation.org/UA/Plc/Applications;s=RandomSignedInt32","Timestamp":"2024-04-27T09:29:30.8812655Z","Value":{"Value":-808571168,"SourceTimestamp":"2024-04-27T09:29:30.8367087Z","ServerTimestamp":"2024-04-27T09:29:30.8367114Z"},"SequenceNumber":26,"ExtensionFields":{}}