{"NodeId":"nsu=http://opcfoundation.org/UA/Plc/Applications;s=RandomSignedInt32","EndpointUrl":"opc.tcp://localhost:61457/UA/SampleServer","ApplicationUri":"urn:desktop-bgfjs91:OPCFoundation:CoreSampleServer","DisplayName":"nsu=http://opcfoundation.org/UA/Plc/Applications;s=RandomSignedInt32","Timestamp":"2024-04-27T09:29:34.9038021Z","Value":{"Value":-981631952,"SourceTimestamp":"2024-04-27T09:29:34.84151Z","ServerTimestamp":"2024-04-27T09:29:34.8415116Z"},"SequenceNumber":30,"ExtensionFields":{}}