{"NodeId":"nsu=http://opcfoundation.org/UA/Plc/Applications;s=RandomSignedInt32","EndpointUrl":"opc.tcp://localhost:61457/UA/SampleServer","ApplicationUri":"urn:desktop-bgfjs91:OPCFoundation:CoreSampleServer","DisplayName":"nsu=http://opcfoundation.org/UA/Plc/Applications;s=RandomSignedInt32","Timestamp":"2024-04-27T09:29:35.89211Z","Value":{"Value":2131956780,"SourceTimestamp":"2024-04-27T09:29:35.8308572Z","ServerTimestamp":"2024-04-27T09:29:35.830859Z"},"SequenceNumber":31,"ExtensionFields":{}}