{"NodeId":"nsu=http://opcfoundation.org/UA/Plc/Applications;s=RandomSignedInt32","EndpointUrl":"opc.tcp://localhost:61457/UA/SampleServer","ApplicationUri":"urn:desktop-bgfjs91:OPCFoundation:CoreSampleServer","DisplayName":"nsu=http://opcfoundation.org/UA/Plc/Applications;s=RandomSignedInt32","Timestamp":"2024-04-27T09:29:37.8695779Z","Value":{"Value":-363762249,"SourceTimestamp":"2024-04-27T09:29:37.8384927Z","ServerTimestamp":"2024-04-27T09:29:37.8384942Z"},"SequenceNumber":33,"ExtensionFields":{}}