{"NodeId":"nsu=http://opcfoundation.org/UA/Plc/Applications;s=RandomSignedInt32","EndpointUrl":"opc.tcp://localhost:61457/UA/SampleServer","ApplicationUri":"urn:desktop-bgfjs91:OPCFoundation:CoreSampleServer","DisplayName":"nsu=http://opcfoundation.org/UA/Plc/Applications;s=RandomSignedInt32","Timestamp":"2024-04-27T09:29:39.9108447Z","Value":{"Value":639359619,"SourceTimestamp":"2024-04-27T09:29:39.8335806Z","ServerTimestamp":"2024-04-27T09:29:39.8335834Z"},"SequenceNumber":35,"ExtensionFields":{}}