{"NodeId":"nsu=http://opcfoundation.org/UA/Plc/Applications;s=RandomSignedInt32","EndpointUrl":"opc.tcp://localhost:61457/UA/SampleServer","ApplicationUri":"urn:desktop-bgfjs91:OPCFoundation:CoreSampleServer","DisplayName":"nsu=http://opcfoundation.org/UA/Plc/Applications;s=RandomSignedInt32","Timestamp":"2024-04-27T09:29:46.9117922Z","Value":{"Value":883249181,"SourceTimestamp":"2024-04-27T09:29:46.834218Z","ServerTimestamp":"2024-04-27T09:29:46.8342238Z"},"SequenceNumber":41,"ExtensionFields":{}}