{"NodeId":"nsu=http://opcfoundation.org/UA/Plc/Applications;s=RandomSignedInt32","EndpointUrl":"opc.tcp://localhost:61457/UA/SampleServer","ApplicationUri":"urn:desktop-bgfjs91:OPCFoundation:CoreSampleServer","DisplayName":"nsu=http://opcfoundation.org/UA/Plc/Applications;s=RandomSignedInt32","Timestamp":"2024-04-27T09:29:53.8843654Z","Value":{"Value":-1712753395,"SourceTimestamp":"2024-04-27T09:29:53.8366509Z","ServerTimestamp":"2024-04-27T09:29:53.8366535Z"},"SequenceNumber":48,"ExtensionFields":{}}