{"NodeId":"nsu=http://opcfoundation.org/UA/Plc/Applications;s=RandomSignedInt32","EndpointUrl":"opc.tcp://localhost:61457/UA/SampleServer","ApplicationUri":"urn:desktop-bgfjs91:OPCFoundation:CoreSampleServer","DisplayName":"nsu=http://opcfoundation.org/UA/Plc/Applications;s=RandomSignedInt32","Timestamp":"2024-04-27T09:29:08.8720044Z","Value":{"Value":748038871,"SourceTimestamp":"2024-04-27T09:29:08.8405662Z","ServerTimestamp":"2024-04-27T09:29:08.8405723Z"},"SequenceNumber":5,"ExtensionFields":{}}