{"NodeId":"nsu=http://opcfoundation.org/UA/Plc/Applications;s=RandomSignedInt32","EndpointUrl":"opc.tcp://localhost:61457/UA/SampleServer","ApplicationUri":"urn:desktop-bgfjs91:OPCFoundation:CoreSampleServer","DisplayName":"nsu=http://opcfoundation.org/UA/Plc/Applications;s=RandomSignedInt32","Timestamp":"2024-04-27T09:29:58.900022Z","Value":{"Value":-1701592146,"SourceTimestamp":"2024-04-27T09:29:58.8376443Z","ServerTimestamp":"2024-04-27T09:29:58.8376458Z"},"SequenceNumber":53,"ExtensionFields":{}}