{"NodeId":"nsu=http://opcfoundation.org/UA/Plc/Applications;s=RandomSignedInt32","EndpointUrl":"opc.tcp://localhost:61457/UA/SampleServer","ApplicationUri":"urn:desktop-bgfjs91:OPCFoundation:CoreSampleServer","DisplayName":"nsu=http://opcfoundation.org/UA/Plc/Applications;s=RandomSignedInt32","Timestamp":"2024-04-27T09:29:59.8909101Z","Value":{"Value":-1665872324,"SourceTimestamp":"2024-04-27T09:29:59.8450666Z","ServerTimestamp":"2024-04-27T09:29:59.845068Z"},"SequenceNumber":54,"ExtensionFields":{}}