{"NodeId":"nsu=http://opcfoundation.org/UA/Plc/Applications;s=RandomSignedInt32","EndpointUrl":"opc.tcp://localhost:61457/UA/SampleServer","ApplicationUri":"urn:desktop-bgfjs91:OPCFoundation:CoreSampleServer","DisplayName":"nsu=http://opcfoundation.org/UA/Plc/Applications;s=RandomSignedInt32","Timestamp":"2024-04-27T09:30:02.8643117Z","Value":{"Value":225558329,"SourceTimestamp":"2024-04-27T09:30:02.8329695Z","ServerTimestamp":"2024-04-27T09:30:02.832971Z"},"SequenceNumber":57,"ExtensionFields":{}}