{"NodeId":"nsu=http://opcfoundation.org/UA/Plc/Applications;s=RandomSignedInt32","EndpointUrl":"opc.tcp://localhost:61457/UA/SampleServer","ApplicationUri":"urn:desktop-bgfjs91:OPCFoundation:CoreSampleServer","DisplayName":"nsu=http://opcfoundation.org/UA/Plc/Applications;s=RandomSignedInt32","Timestamp":"2024-04-27T09:30:04.9102087Z","Value":{"Value":1246482612,"SourceTimestamp":"2024-04-27T09:30:04.8327379Z","ServerTimestamp":"2024-04-27T09:30:04.8327393Z"},"SequenceNumber":59,"ExtensionFields":{}}