{"NodeId":"nsu=http://opcfoundation.org/UA/Plc/Applications;s=RandomSignedInt32","EndpointUrl":"opc.tcp://localhost:61457/UA/SampleServer","ApplicationUri":"urn:desktop-bgfjs91:OPCFoundation:CoreSampleServer","DisplayName":"nsu=http://opcfoundation.org/UA/Plc/Applications;s=RandomSignedInt32","Timestamp":"2024-04-27T09:30:06.8900556Z","Value":{"Value":1149034366,"SourceTimestamp":"2024-04-27T09:30:06.8435612Z","ServerTimestamp":"2024-04-27T09:30:06.843562Z"},"SequenceNumber":61,"ExtensionFields":{}}