{"NodeId":"nsu=http://opcfoundation.org/UA/Plc/Applications;s=RandomSignedInt32","EndpointUrl":"opc.tcp://localhost:61457/UA/SampleServer","ApplicationUri":"urn:desktop-bgfjs91:OPCFoundation:CoreSampleServer","DisplayName":"nsu=http://opcfoundation.org/UA/Plc/Applications;s=RandomSignedInt32","Timestamp":"2024-04-27T09:30:10.9138134Z","Value":{"Value":-1946456670,"SourceTimestamp":"2024-04-27T09:30:10.8364068Z","ServerTimestamp":"2024-04-27T09:30:10.8364239Z"},"SequenceNumber":65,"ExtensionFields":{}}