{"NodeId":"nsu=http://opcfoundation.org/UA/Plc/Applications;s=RandomSignedInt32","EndpointUrl":"opc.tcp://localhost:61457/UA/SampleServer","ApplicationUri":"urn:desktop-bgfjs91:OPCFoundation:CoreSampleServer","DisplayName":"nsu=http://opcfoundation.org/UA/Plc/Applications;s=RandomSignedInt32","Timestamp":"2024-04-27T09:30:12.8940779Z","Value":{"Value":1670933937,"SourceTimestamp":"2024-04-27T09:30:12.8321167Z","ServerTimestamp":"2024-04-27T09:30:12.8321276Z"},"SequenceNumber":67,"ExtensionFields":{}}