{"NodeId":"nsu=http://opcfoundation.org/UA/Plc/Applications;s=RandomSignedInt32","EndpointUrl":"opc.tcp://localhost:61457/UA/SampleServer","ApplicationUri":"urn:desktop-bgfjs91:OPCFoundation:CoreSampleServer","DisplayName":"nsu=http://opcfoundation.org/UA/Plc/Applications;s=RandomSignedInt32","Timestamp":"2024-04-27T09:30:13.8855711Z","Value":{"Value":-622989363,"SourceTimestamp":"2024-04-27T09:30:13.8380788Z","ServerTimestamp":"2024-04-27T09:30:13.8380803Z"},"SequenceNumber":68,"ExtensionFields":{}}