{"NodeId":"nsu=http://opcfoundation.org/UA/Plc/Applications;s=RandomSignedInt32","EndpointUrl":"opc.tcp://localhost:61457/UA/SampleServer","ApplicationUri":"urn:desktop-bgfjs91:OPCFoundation:CoreSampleServer","DisplayName":"nsu=http://opcfoundation.org/UA/Plc/Applications;s=RandomSignedInt32","Timestamp":"2024-04-27T09:30:17.8636747Z","Value":{"Value":-1735352863,"SourceTimestamp":"2024-04-27T09:30:17.8332104Z","ServerTimestamp":"2024-04-27T09:30:17.8332122Z"},"SequenceNumber":72,"ExtensionFields":{}}