{"NodeId":"nsu=http://opcfoundation.org/UA/Plc/Applications;s=RandomSignedInt32","EndpointUrl":"opc.tcp://localhost:61457/UA/SampleServer","ApplicationUri":"urn:desktop-bgfjs91:OPCFoundation:CoreSampleServer","DisplayName":"nsu=http://opcfoundation.org/UA/Plc/Applications;s=RandomSignedInt32","Timestamp":"2024-04-27T09:30:19.8987023Z","Value":{"Value":270575012,"SourceTimestamp":"2024-04-27T09:30:19.8355786Z","ServerTimestamp":"2024-04-27T09:30:19.8356085Z"},"SequenceNumber":74,"ExtensionFields":{}}