{"NodeId":"nsu=http://opcfoundation.org/UA/Plc/Applications;s=RandomSignedInt32","EndpointUrl":"opc.tcp://localhost:61457/UA/SampleServer","ApplicationUri":"urn:desktop-bgfjs91:OPCFoundation:CoreSampleServer","DisplayName":"nsu=http://opcfoundation.org/UA/Plc/Applications;s=RandomSignedInt32","Timestamp":"2024-04-27T09:30:21.8659947Z","Value":{"Value":1064562975,"SourceTimestamp":"2024-04-27T09:30:21.8351858Z","ServerTimestamp":"2024-04-27T09:30:21.8351892Z"},"SequenceNumber":76,"ExtensionFields":{}}