{"NodeId":"nsu=http://opcfoundation.org/UA/Plc/Applications;s=RandomSignedInt32","EndpointUrl":"opc.tcp://localhost:61457/UA/SampleServer","ApplicationUri":"urn:desktop-bgfjs91:OPCFoundation:CoreSampleServer","DisplayName":"nsu=http://opcfoundation.org/UA/Plc/Applications;s=RandomSignedInt32","Timestamp":"2024-04-27T09:30:24.8819805Z","Value":{"Value":-126351726,"SourceTimestamp":"2024-04-27T09:30:24.8345614Z","ServerTimestamp":"2024-04-27T09:30:24.8345643Z"},"SequenceNumber":79,"ExtensionFields":{}}