{"NodeId":"nsu=http://opcfoundation.org/UA/Plc/Applications;s=RandomSignedInt32","EndpointUrl":"opc.tcp://localhost:61457/UA/SampleServer","ApplicationUri":"urn:desktop-bgfjs91:OPCFoundation:CoreSampleServer","DisplayName":"nsu=http://opcfoundation.org/UA/Plc/Applications;s=RandomSignedInt32","Timestamp":"2024-04-27T09:30:32.8873292Z","Value":{"Value":1282009401,"SourceTimestamp":"2024-04-27T09:30:32.8407401Z","ServerTimestamp":"2024-04-27T09:30:32.8407446Z"},"SequenceNumber":87,"ExtensionFields":{}}