{"NodeId":"nsu=http://opcfoundation.org/UA/Plc/Applications;s=RandomSignedInt32","EndpointUrl":"opc.tcp://localhost:61457/UA/SampleServer","ApplicationUri":"urn:desktop-bgfjs91:OPCFoundation:CoreSampleServer","DisplayName":"nsu=http://opcfoundation.org/UA/Plc/Applications;s=RandomSignedInt32","Timestamp":"2024-04-27T09:30:35.9059621Z","Value":{"Value":233753661,"SourceTimestamp":"2024-04-27T09:30:35.8435441Z","ServerTimestamp":"2024-04-27T09:30:35.843554Z"},"SequenceNumber":89,"ExtensionFields":{}}