{"NodeId":"nsu=http://opcfoundation.org/UA/Plc/Applications;s=RandomSignedInt32","EndpointUrl":"opc.tcp://localhost:61457/UA/SampleServer","ApplicationUri":"urn:desktop-bgfjs91:OPCFoundation:CoreSampleServer","DisplayName":"nsu=http://opcfoundation.org/UA/Plc/Applications;s=RandomSignedInt32","Timestamp":"2024-04-27T09:30:37.8809834Z","Value":{"Value":305229240,"SourceTimestamp":"2024-04-27T09:30:37.8339596Z","ServerTimestamp":"2024-04-27T09:30:37.8339635Z"},"SequenceNumber":91,"ExtensionFields":{}}