{"NodeId":"nsu=http://opcfoundation.org/UA/Plc/Applications;s=RandomSignedInt32","EndpointUrl":"opc.tcp://localhost:61457/UA/SampleServer","ApplicationUri":"urn:desktop-bgfjs91:OPCFoundation:CoreSampleServer","DisplayName":"nsu=http://opcfoundation.org/UA/Plc/Applications;s=RandomSignedInt32","Timestamp":"2024-04-27T09:30:41.8975698Z","Value":{"Value":-983714245,"SourceTimestamp":"2024-04-27T09:30:41.8364241Z","ServerTimestamp":"2024-04-27T09:30:41.8364256Z"},"SequenceNumber":94,"ExtensionFields":{}}