{"NodeId":"nsu=http://opcfoundation.org/UA/Plc/Applications;s=RandomSignedInt32","EndpointUrl":"opc.tcp://localhost:61457/UA/SampleServer","ApplicationUri":"urn:desktop-bgfjs91:OPCFoundation:CoreSampleServer","DisplayName":"nsu=http://opcfoundation.org/UA/Plc/Applications;s=RandomSignedInt32","Timestamp":"2024-04-27T09:30:47.9031432Z","Value":{"Value":676264455,"SourceTimestamp":"2024-04-27T09:30:47.8400134Z","ServerTimestamp":"2024-04-27T09:30:47.8400193Z"},"SequenceNumber":99,"ExtensionFields":{}}