{"$schema":"http://json-schema.org/draft-07/schema#","type":"array","items":{"$ref":"#/definitions/org.github.microsoft.opcpublisher.DataSets"},"definitions":{"org.opcfoundation.UA.UInt32":{"$id":"http://opcfoundation.org/UA/#UInt32","title":"OPC UA built in type UInt32","type":"integer","minimum":0,"maximum":4294967295,"default":0,"format":"uint32"},"org.opcfoundation.UA.Boolean":{"$id":"http://opcfoundation.org/UA/#Boolean","title":"OPC UA built in type Boolean","type":"boolean"},"org.opcfoundation.UA.Int32":{"$id":"http://opcfoundation.org/UA/#Int32","title":"OPC UA built in type Int32","type":"integer","minimum":-2147483648,"maximum":2147483647,"default":0,"format":"int32"},"org.opcfoundation.UA.Double":{"$id":"http://opcfoundation.org/UA/#Double","title":"OPC UA built in type Double","type":"number","minimum":-1.7976931348623157E+308,"maximum":1.7976931348623157E+308,"default":0,"format":"double"},"org.github.microsoft.opcpublisher.MES":{"$id":"http://github.org/microsoft/opcpublisher#MES","title":"MES","type":"object","properties":{"nsu=http://opcfoundation.org/UA/Plc/Applications;s=StepUp":{"$ref":"#/definitions/org.opcfoundation.UA.UInt32"},"nsu=http://opcfoundation.org/UA/Plc/Applications;s=AlternatingBoolean":{"$ref":"#/definitions/org.opcfoundation.UA.Boolean"},"nsu=http://opcfoundation.org/UA/Plc/Applications;s=RandomSignedInt32":{"$ref":"#/definitions/org.opcfoundation.UA.Int32"},"nsu=http://opcfoundation.org/UA/Plc/Applications;s=RandomUnsignedInt32":{"$ref":"#/definitions/org.opcfoundation.UA.UInt32"},"nsu=http://opcfoundation.org/UA/Plc/Applications;s=DipData":{"$ref":"#/definitions/org.opcfoundation.UA.Double"},"nsu=http://opcfoundation.org/UA/Plc/Applications;s=FastUIntScalar1":{"$ref":"#/definitions/org.opcfoundation.UA.UInt32"}}},"org.github.microsoft.opcpublisher.Test":{"$id":"http://github.org/microsoft/opcpublisher#Test","title":"Test","type":"object","properties":{"nsu=http://opcfoundation.org/UA/Plc/Applications;s=FastUIntScalar2":{"$ref":"#/definitions/org.opcfoundation.UA.UInt32"},"nsu=http://opcfoundation.org/UA/Plc/Applications;s=FastUIntScalar3":{"$ref":"#/definitions/org.opcfoundation.UA.UInt32"},"nsu=http://opcfoundation.org/UA/Plc/Applications;s=FastRandomUIntScalar1":{"$ref":"#/definitions/org.opcfoundation.UA.UInt32"},"nsu=http://opcfoundation.org/UA/Plc/Applications;s=FastRandomUIntScalar2":{"$ref":"#/definitions/org.opcfoundation.UA.UInt32"},"nsu=http://opcfoundation.org/UA/Plc/Applications;s=FastRandomUIntScalar3":{"$ref":"#/definitions/org.opcfoundation.UA.UInt32"}}},"org.github.microsoft.opcpublisher.Assembly":{"$id":"http://github.org/microsoft/opcpublisher#Assembly","title":"Assembly","type":"object","properties":{"nsu=http://opcfoundation.org/UA/Plc/Applications;s=NegativeTrendData":{"$ref":"#/definitions/org.opcfoundation.UA.Double"},"nsu=http://opcfoundation.org/UA/Plc/Applications;s=PositiveTrendData":{"$ref":"#/definitions/org.opcfoundation.UA.Double"}}},"org.github.microsoft.opcpublisher.Assembly1":{"$id":"http://github.org/microsoft/opcpublisher#Assembly1","title":"Assembly1","type":"object","properties":{"nsu=http://opcfoundation.org/UA/Plc/Applications;s=SlowUIntScalar1":{"$ref":"#/definitions/org.opcfoundation.UA.UInt32"},"nsu=http://opcfoundation.org/UA/Plc/Applications;s=SlowUIntScalar2":{"$ref":"#/definitions/org.opcfoundation.UA.UInt32"},"nsu=http://opcfoundation.org/UA/Plc/Applications;s=SlowUIntScalar3":{"$ref":"#/definitions/org.opcfoundation.UA.UInt32"},"nsu=http://opcfoundation.org/UA/Plc/Applications;s=BadSlowUIntScalar1":{"$ref":"#/definitions/org.opcfoundation.UA.UInt32"}}},"org.github.microsoft.opcpublisher.Packaging":{"$id":"http://github.org/microsoft/opcpublisher#Packaging","title":"Packaging","type":"object","properties":{"nsu=http://opcfoundation.org/UA/Plc/Applications;s=SlowRandomUIntScalar1":{"$ref":"#/definitions/org.opcfoundation.UA.UInt32"},"nsu=http://opcfoundation.org/UA/Plc/Applications;s=SlowRandomUIntScalar2":{"$ref":"#/definitions/org.opcfoundation.UA.UInt32"},"nsu=http://opcfoundation.org/UA/Plc/Applications;s=SlowRandomUIntScalar3":{"$ref":"#/definitions/org.opcfoundation.UA.UInt32"},"nsu=http://opcfoundation.org/UA/Plc/Applications;s=BadSlowRandomUIntScalar1":{"$ref":"#/definitions/org.opcfoundation.UA.UInt32"}}},"org.github.microsoft.opcpublisher.Packaging1":{"$id":"http://github.org/microsoft/opcpublisher#Packaging1","title":"Packaging1","type":"object","properties":{"nsu=http://opcfoundation.org/UA/Plc/Applications;s=SpikeData":{"$ref":"#/definitions/org.opcfoundation.UA.Double"}}},"org.github.microsoft.opcpublisher.DataSets":{"$id":"http://github.org/microsoft/opcpublisher#DataSets","type":"object","oneOf":[{"$ref":"#/definitions/org.github.microsoft.opcpublisher.MES"},{"$ref":"#/definitions/org.github.microsoft.opcpublisher.Test"},{"$ref":"#/definitions/org.github.microsoft.opcpublisher.Assembly"},{"$ref":"#/definitions/org.github.microsoft.opcpublisher.Assembly1"},{"$ref":"#/definitions/org.github.microsoft.opcpublisher.Packaging"},{"$ref":"#/definitions/org.github.microsoft.opcpublisher.Packaging1"}]}}}