{"MessageId":"22c66331-55f7-410c-ba3b-3682a837be40","MessageType":"ua-data","PublisherId":"DESKTOP-BGFJS91","DataSetWriterGroup":"<<UnknownWriterGroup>>","Messages":[{"DataSetWriterId":1,"SequenceNumber":10,"MetaDataVersion":{"MajorVersion":1},"Timestamp":"2024-04-27T13:13:35.3132057Z","MessageType":"ua-deltaframe","DataSetWriterName":"<<UnknownDataSet>>","Payload":{"nsu=http://opcfoundation.org/UA/Plc/Applications;s=SlowUIntScalar1":{"Value":{"Type":7,"Body":10},"SourceTimestamp":"2024-04-27T13:13:34.3839161Z","ServerTimestamp":"2024-04-27T13:13:34.3839201Z"},"nsu=http://opcfoundation.org/UA/Plc/Applications;s=SlowUIntScalar2":{"Value":{"Type":7,"Body":10},"SourceTimestamp":"2024-04-27T13:13:34.3839345Z","ServerTimestamp":"2024-04-27T13:13:34.3839356Z"},"nsu=http://opcfoundation.org/UA/Plc/Applications;s=SlowUIntScalar3":{"Value":{"Type":7,"Body":10},"SourceTimestamp":"2024-04-27T13:13:34.383937Z","ServerTimestamp":"2024-04-27T13:13:34.3839378Z"},"nsu=http://opcfoundation.org/UA/Plc/Applications;s=BadSlowUIntScalar1":{"Value":{"Body":null},"StatusCode":2150694912,"SourceTimestamp":"2024-04-27T13:13:34.3839417Z","ServerTimestamp":"2024-04-27T13:13:34.3839418Z"},"nsu=http://opcfoundation.org/UA/Plc/Applications;s=SlowRandomUIntScalar1":{"Value":{"Type":7,"Body":2661223016},"SourceTimestamp":"2024-04-27T13:13:34.3839427Z","ServerTimestamp":"2024-04-27T13:13:34.3839467Z"},"nsu=http://opcfoundation.org/UA/Plc/Applications;s=SlowRandomUIntScalar2":{"Value":{"Type":7,"Body":181260686},"SourceTimestamp":"2024-04-27T13:13:34.3839754Z","ServerTimestamp":"2024-04-27T13:13:34.3839759Z"},"nsu=http://opcfoundation.org/UA/Plc/Applications;s=SlowRandomUIntScalar3":{"Value":{"Type":7,"Body":3641374891},"SourceTimestamp":"2024-04-27T13:13:34.3839767Z","ServerTimestamp":"2024-04-27T13:13:34.3839771Z"},"nsu=http://opcfoundation.org/UA/Plc/Applications;s=BadSlowRandomUIntScalar1":{"Value":{"Body":null},"StatusCode":2150694912,"SourceTimestamp":"2024-04-27T13:13:34.3839789Z","ServerTimestamp":"2024-04-27T13:13:34.3839789Z"}}}]}