{"MessageId":"5290c1d8-a41e-4937-b01b-8849528ee50d","MessageType":"ua-data","PublisherId":"DESKTOP-BGFJS91","DataSetWriterGroup":"<<UnknownWriterGroup>>","Messages":[{"SequenceNumber":91,"MetaDataVersion":{"MajorVersion":1},"Timestamp":"2024-04-27T13:13:36.2347632Z","MessageType":"ua-deltaframe","DataSetWriterName":"<<UnknownDataSet>>","Payload":{"nsu=http://opcfoundation.org/UA/Plc/Applications;s=StepUp":{"Value":{"Type":7,"Body":1018},"SourceTimestamp":"2024-04-27T13:13:36.1872121Z","ServerTimestamp":"2024-04-27T13:13:36.1872167Z"},"nsu=http://opcfoundation.org/UA/Plc/Applications;s=RandomSignedInt32":{"Value":{"Type":6,"Body":1646666404},"SourceTimestamp":"2024-04-27T13:13:36.1872342Z","ServerTimestamp":"2024-04-27T13:13:36.1872473Z"},"nsu=http://opcfoundation.org/UA/Plc/Applications;s=RandomUnsignedInt32":{"Value":{"Type":7,"Body":665564310},"SourceTimestamp":"2024-04-27T13:13:36.1872471Z","ServerTimestamp":"2024-04-27T13:13:36.1872579Z"},"nsu=http://opcfoundation.org/UA/Plc/Applications;s=DipData":{"Value":{"Type":11,"Body":-84.432792550201526},"SourceTimestamp":"2024-04-27T13:13:36.1872801Z","ServerTimestamp":"2024-04-27T13:13:36.1872827Z"},"nsu=http://opcfoundation.org/UA/Plc/Applications;s=FastUIntScalar1":{"Value":{"Type":7,"Body":101},"SourceTimestamp":"2024-04-27T13:13:35.3899872Z","ServerTimestamp":"2024-04-27T13:13:35.3899894Z"},"nsu=http://opcfoundation.org/UA/Plc/Applications;s=FastUIntScalar2":{"Value":{"Type":7,"Body":101},"SourceTimestamp":"2024-04-27T13:13:35.3900025Z","ServerTimestamp":"2024-04-27T13:13:35.3900092Z"},"nsu=http://opcfoundation.org/UA/Plc/Applications;s=FastUIntScalar3":{"Value":{"Type":7,"Body":101},"SourceTimestamp":"2024-04-27T13:13:35.3900105Z","ServerTimestamp":"2024-04-27T13:13:35.3900113Z"},"nsu=http://opcfoundation.org/UA/Plc/Applications;s=FastRandomUIntScalar1":{"Value":{"Type":7,"Body":952970033},"SourceTimestamp":"2024-04-27T13:13:35.3899901Z","ServerTimestamp":"2024-04-27T13:13:35.3900027Z"},"nsu=http://opcfoundation.org/UA/Plc/Applications;s=FastRandomUIntScalar2":{"Value":{"Type":7,"Body":1172538345},"SourceTimestamp":"2024-04-27T13:13:35.390009Z","ServerTimestamp":"2024-04-27T13:13:35.3900104Z"},"nsu=http://opcfoundation.org/UA/Plc/Applications;s=FastRandomUIntScalar3":{"Value":{"Type":7,"Body":4260298122},"SourceTimestamp":"2024-04-27T13:13:35.3900113Z","ServerTimestamp":"2024-04-27T13:13:35.3900126Z"},"nsu=http://opcfoundation.org/UA/Plc/Applications;s=SpikeData":{"Value":{"Type":11,"Body":-84.432792550201526},"SourceTimestamp":"2024-04-27T13:13:36.1872721Z","ServerTimestamp":"2024-04-27T13:13:36.1872736Z"}}}]}