{"MessageId":"e80dc081-fae9-4c05-9f3c-5ddb16969a83","MessageType":"ua-data","PublisherId":"DESKTOP-BGFJS91","DataSetWriterGroup":"<<UnknownWriterGroup>>","Messages":[{"SequenceNumber":93,"MetaDataVersion":{"MajorVersion":1},"Timestamp":"2024-04-27T13:13:38.2228447Z","MessageType":"ua-deltaframe","DataSetWriterName":"<<UnknownDataSet>>","Payload":{"nsu=http://opcfoundation.org/UA/Plc/Applications;s=StepUp":{"Value":{"Type":7,"Body":1038},"SourceTimestamp":"2024-04-27T13:13:38.1911479Z","ServerTimestamp":"2024-04-27T13:13:38.1911785Z"},"nsu=http://opcfoundation.org/UA/Plc/Applications;s=RandomSignedInt32":{"Value":{"Type":6,"Body":-1054809157},"SourceTimestamp":"2024-04-27T13:13:38.191156Z","ServerTimestamp":"2024-04-27T13:13:38.1911597Z"},"nsu=http://opcfoundation.org/UA/Plc/Applications;s=RandomUnsignedInt32":{"Value":{"Type":7,"Body":381764691},"SourceTimestamp":"2024-04-27T13:13:38.191169Z","ServerTimestamp":"2024-04-27T13:13:38.1911705Z"},"nsu=http://opcfoundation.org/UA/Plc/Applications;s=DipData":{"Value":{"Type":11,"Body":99.80267284282715},"SourceTimestamp":"2024-04-27T13:13:38.1911827Z","ServerTimestamp":"2024-04-27T13:13:38.1911875Z"},"nsu=http://opcfoundation.org/UA/Plc/Applications;s=FastUIntScalar1":{"Value":{"Type":7,"Body":103},"SourceTimestamp":"2024-04-27T13:13:37.3956423Z","ServerTimestamp":"2024-04-27T13:13:37.3956458Z"},"nsu=http://opcfoundation.org/UA/Plc/Applications;s=FastUIntScalar2":{"Value":{"Type":7,"Body":103},"SourceTimestamp":"2024-04-27T13:13:37.3956643Z","ServerTimestamp":"2024-04-27T13:13:37.3956768Z"},"nsu=http://opcfoundation.org/UA/Plc/Applications;s=FastUIntScalar3":{"Value":{"Type":7,"Body":103},"SourceTimestamp":"2024-04-27T13:13:37.3956797Z","ServerTimestamp":"2024-04-27T13:13:37.395682Z"},"nsu=http://opcfoundation.org/UA/Plc/Applications;s=FastRandomUIntScalar1":{"Value":{"Type":7,"Body":1032645448},"SourceTimestamp":"2024-04-27T13:13:37.3956466Z","ServerTimestamp":"2024-04-27T13:13:37.3956632Z"},"nsu=http://opcfoundation.org/UA/Plc/Applications;s=FastRandomUIntScalar2":{"Value":{"Type":7,"Body":2302861733},"SourceTimestamp":"2024-04-27T13:13:37.3956764Z","ServerTimestamp":"2024-04-27T13:13:37.3956795Z"},"nsu=http://opcfoundation.org/UA/Plc/Applications;s=FastRandomUIntScalar3":{"Value":{"Type":7,"Body":2836123965},"SourceTimestamp":"2024-04-27T13:13:37.3956818Z","ServerTimestamp":"2024-04-27T13:13:37.3956842Z"},"nsu=http://opcfoundation.org/UA/Plc/Applications;s=SpikeData":{"Value":{"Type":11,"Body":99.80267284282715},"SourceTimestamp":"2024-04-27T13:13:38.1911827Z","ServerTimestamp":"2024-04-27T13:13:38.1911853Z"}}}]}