{"MessageId":"7fcca126-abab-4932-88f0-896ff05f1563","MessageType":"ua-data","PublisherId":"DESKTOP-BGFJS91","DataSetWriterGroup":"<<UnknownWriterGroup>>","Messages":[{"SequenceNumber":100,"MetaDataVersion":{"MajorVersion":1},"Timestamp":"2024-04-27T13:13:45.2128025Z","MessageType":"ua-deltaframe","DataSetWriterName":"<<UnknownDataSet>>","Payload":{"nsu=http://opcfoundation.org/UA/Plc/Applications;s=StepUp":{"Value":{"Type":7,"Body":1108},"SourceTimestamp":"2024-04-27T13:13:45.1973747Z","ServerTimestamp":"2024-04-27T13:13:45.1973787Z"},"nsu=http://opcfoundation.org/UA/Plc/Applications;s=AlternatingBoolean":{"Value":{"Type":1,"Body":true},"SourceTimestamp":"2024-04-27T13:13:44.4908333Z","ServerTimestamp":"2024-04-27T13:13:44.4908479Z"},"nsu=http://opcfoundation.org/UA/Plc/Applications;s=RandomSignedInt32":{"Value":{"Type":6,"Body":563783576},"SourceTimestamp":"2024-04-27T13:13:45.1974339Z","ServerTimestamp":"2024-04-27T13:13:45.1974369Z"},"nsu=http://opcfoundation.org/UA/Plc/Applications;s=RandomUnsignedInt32":{"Value":{"Type":7,"Body":89426568},"SourceTimestamp":"2024-04-27T13:13:45.1974297Z","ServerTimestamp":"2024-04-27T13:13:45.1974311Z"},"nsu=http://opcfoundation.org/UA/Plc/Applications;s=DipData":{"Value":{"Type":11,"Body":-77.0513242775789},"SourceTimestamp":"2024-04-27T13:13:45.1974483Z","ServerTimestamp":"2024-04-27T13:13:45.1974564Z"},"nsu=http://opcfoundation.org/UA/Plc/Applications;s=FastUIntScalar1":{"Value":{"Type":7,"Body":110},"SourceTimestamp":"2024-04-27T13:13:44.3829989Z","ServerTimestamp":"2024-04-27T13:13:44.3829999Z"},"nsu=http://opcfoundation.org/UA/Plc/Applications;s=FastUIntScalar2":{"Value":{"Type":7,"Body":110},"SourceTimestamp":"2024-04-27T13:13:44.383004Z","ServerTimestamp":"2024-04-27T13:13:44.3830051Z"},"nsu=http://opcfoundation.org/UA/Plc/Applications;s=FastUIntScalar3":{"Value":{"Type":7,"Body":110},"SourceTimestamp":"2024-04-27T13:13:44.3830065Z","ServerTimestamp":"2024-04-27T13:13:44.383007Z"},"nsu=http://opcfoundation.org/UA/Plc/Applications;s=FastRandomUIntScalar1":{"Value":{"Type":7,"Body":1046563379},"SourceTimestamp":"2024-04-27T13:13:44.3829994Z","ServerTimestamp":"2024-04-27T13:13:44.3830039Z"},"nsu=http://opcfoundation.org/UA/Plc/Applications;s=FastRandomUIntScalar2":{"Value":{"Type":7,"Body":4228386359},"SourceTimestamp":"2024-04-27T13:13:44.3830052Z","ServerTimestamp":"2024-04-27T13:13:44.3830059Z"},"nsu=http://opcfoundation.org/UA/Plc/Applications;s=FastRandomUIntScalar3":{"Value":{"Type":7,"Body":2876243568},"SourceTimestamp":"2024-04-27T13:13:44.3830071Z","ServerTimestamp":"2024-04-27T13:13:44.3830081Z"},"nsu=http://opcfoundation.org/UA/Plc/Applications;s=NegativeTrendData":{"Value":{"Type":11,"Body":98.299999999999997},"SourceTimestamp":"2024-04-27T13:13:44.490859Z","ServerTimestamp":"2024-04-27T13:13:44.4908609Z"},"nsu=http://opcfoundation.org/UA/Plc/Applications;s=PositiveTrendData":{"Value":{"Type":11,"Body":101.5},"SourceTimestamp":"2024-04-27T13:13:44.4908578Z","ServerTimestamp":"2024-04-27T13:13:44.4908585Z"},"nsu=http://opcfoundation.org/UA/Plc/Applications;s=SpikeData":{"Value":{"Type":11,"Body":-77.0513242775789},"SourceTimestamp":"2024-04-27T13:13:45.1974638Z","ServerTimestamp":"2024-04-27T13:13:45.1974656Z"}}}]}