{"MessageId":"15a717d0-007d-4083-b6a8-10dfac8bbca6","MessageType":"ua-data","PublisherId":"DESKTOP-BGFJS91","DataSetWriterGroup":"<<UnknownWriterGroup>>","Messages":[{"SequenceNumber":103,"MetaDataVersion":{"MajorVersion":1},"Timestamp":"2024-04-27T13:13:49.2507474Z","MessageType":"ua-deltaframe","DataSetWriterName":"<<UnknownDataSet>>","Payload":{"nsu=http://opcfoundation.org/UA/Plc/Applications;s=StepUp":{"Value":{"Type":7,"Body":1148},"SourceTimestamp":"2024-04-27T13:13:49.1865149Z","ServerTimestamp":"2024-04-27T13:13:49.1865183Z"},"nsu=http://opcfoundation.org/UA/Plc/Applications;s=RandomSignedInt32":{"Value":{"Type":6,"Body":344723734},"SourceTimestamp":"2024-04-27T13:13:49.1865374Z","ServerTimestamp":"2024-04-27T13:13:49.1865619Z"},"nsu=http://opcfoundation.org/UA/Plc/Applications;s=RandomUnsignedInt32":{"Value":{"Type":7,"Body":742016822},"SourceTimestamp":"2024-04-27T13:13:49.1865469Z","ServerTimestamp":"2024-04-27T13:13:49.1865483Z"},"nsu=http://opcfoundation.org/UA/Plc/Applications;s=DipData":{"Value":{"Type":11,"Body":36.812455268467801},"SourceTimestamp":"2024-04-27T13:13:49.1865679Z","ServerTimestamp":"2024-04-27T13:13:49.1865726Z"},"nsu=http://opcfoundation.org/UA/Plc/Applications;s=FastUIntScalar1":{"Value":{"Type":7,"Body":114},"SourceTimestamp":"2024-04-27T13:13:48.3883852Z","ServerTimestamp":"2024-04-27T13:13:48.3883917Z"},"nsu=http://opcfoundation.org/UA/Plc/Applications;s=FastUIntScalar2":{"Value":{"Type":7,"Body":114},"SourceTimestamp":"2024-04-27T13:13:48.3883993Z","ServerTimestamp":"2024-04-27T13:13:48.3884009Z"},"nsu=http://opcfoundation.org/UA/Plc/Applications;s=FastUIntScalar3":{"Value":{"Type":7,"Body":114},"SourceTimestamp":"2024-04-27T13:13:48.3884025Z","ServerTimestamp":"2024-04-27T13:13:48.3884085Z"},"nsu=http://opcfoundation.org/UA/Plc/Applications;s=FastRandomUIntScalar1":{"Value":{"Type":7,"Body":3754094614},"SourceTimestamp":"2024-04-27T13:13:48.3883778Z","ServerTimestamp":"2024-04-27T13:13:48.3883804Z"},"nsu=http://opcfoundation.org/UA/Plc/Applications;s=FastRandomUIntScalar2":{"Value":{"Type":7,"Body":2294103724},"SourceTimestamp":"2024-04-27T13:13:48.3883913Z","ServerTimestamp":"2024-04-27T13:13:48.3883991Z"},"nsu=http://opcfoundation.org/UA/Plc/Applications;s=FastRandomUIntScalar3":{"Value":{"Type":7,"Body":4161090798},"SourceTimestamp":"2024-04-27T13:13:48.3884013Z","ServerTimestamp":"2024-04-27T13:13:48.3884023Z"},"nsu=http://opcfoundation.org/UA/Plc/Applications;s=SpikeData":{"Value":{"Type":11,"Body":36.812455268467801},"SourceTimestamp":"2024-04-27T13:13:49.1865622Z","ServerTimestamp":"2024-04-27T13:13:49.1865679Z"}}}]}