{"MessageId":"6e8fb9c9-89cf-45bb-855f-aff89037aa77","MessageType":"ua-data","PublisherId":"DESKTOP-BGFJS91","DataSetWriterGroup":"<<UnknownWriterGroup>>","Messages":[{"SequenceNumber":106,"MetaDataVersion":{"MajorVersion":1},"Timestamp":"2024-04-27T13:13:52.2179871Z","MessageType":"ua-deltaframe","DataSetWriterName":"<<UnknownDataSet>>","Payload":{"nsu=http://opcfoundation.org/UA/Plc/Applications;s=StepUp":{"Value":{"Type":7,"Body":1178},"SourceTimestamp":"2024-04-27T13:13:52.1861634Z","ServerTimestamp":"2024-04-27T13:13:52.1861672Z"},"nsu=http://opcfoundation.org/UA/Plc/Applications;s=RandomSignedInt32":{"Value":{"Type":6,"Body":645583621},"SourceTimestamp":"2024-04-27T13:13:52.1862126Z","ServerTimestamp":"2024-04-27T13:13:52.1862145Z"},"nsu=http://opcfoundation.org/UA/Plc/Applications;s=RandomUnsignedInt32":{"Value":{"Type":7,"Body":1673350986},"SourceTimestamp":"2024-04-27T13:13:52.1862061Z","ServerTimestamp":"2024-04-27T13:13:52.1862074Z"},"nsu=http://opcfoundation.org/UA/Plc/Applications;s=DipData":{"Value":{"Type":11,"Body":24.868988716485482},"SourceTimestamp":"2024-04-27T13:13:52.1862141Z","ServerTimestamp":"2024-04-27T13:13:52.186222Z"},"nsu=http://opcfoundation.org/UA/Plc/Applications;s=FastUIntScalar1":{"Value":{"Type":7,"Body":117},"SourceTimestamp":"2024-04-27T13:13:51.3834707Z","ServerTimestamp":"2024-04-27T13:13:51.3834728Z"},"nsu=http://opcfoundation.org/UA/Plc/Applications;s=FastUIntScalar2":{"Value":{"Type":7,"Body":117},"SourceTimestamp":"2024-04-27T13:13:51.3834973Z","ServerTimestamp":"2024-04-27T13:13:51.3834979Z"},"nsu=http://opcfoundation.org/UA/Plc/Applications;s=FastUIntScalar3":{"Value":{"Type":7,"Body":117},"SourceTimestamp":"2024-04-27T13:13:51.3834994Z","ServerTimestamp":"2024-04-27T13:13:51.3835Z"},"nsu=http://opcfoundation.org/UA/Plc/Applications;s=FastRandomUIntScalar1":{"Value":{"Type":7,"Body":2991299804},"SourceTimestamp":"2024-04-27T13:13:51.3834735Z","ServerTimestamp":"2024-04-27T13:13:51.3835103Z"},"nsu=http://opcfoundation.org/UA/Plc/Applications;s=FastRandomUIntScalar2":{"Value":{"Type":7,"Body":3536112030},"SourceTimestamp":"2024-04-27T13:13:51.3835174Z","ServerTimestamp":"2024-04-27T13:13:51.3835189Z"},"nsu=http://opcfoundation.org/UA/Plc/Applications;s=FastRandomUIntScalar3":{"Value":{"Type":7,"Body":3759231827},"SourceTimestamp":"2024-04-27T13:13:51.3835201Z","ServerTimestamp":"2024-04-27T13:13:51.3835462Z"},"nsu=http://opcfoundation.org/UA/Plc/Applications;s=SpikeData":{"Value":{"Type":11,"Body":24.868988716485482},"SourceTimestamp":"2024-04-27T13:13:52.1862281Z","ServerTimestamp":"2024-04-27T13:13:52.18623Z"}}}]}