{"MessageId":"0c2829c2-2987-47c3-8f72-902cfcc56dd4","MessageType":"ua-data","PublisherId":"DESKTOP-BGFJS91","DataSetWriterGroup":"<<UnknownWriterGroup>>","Messages":[{"SequenceNumber":18,"MetaDataVersion":{"MajorVersion":1},"Timestamp":"2024-04-27T13:12:14.2120302Z","MessageType":"ua-deltaframe","DataSetWriterName":"<<UnknownDataSet>>","Payload":{"nsu=http://opcfoundation.org/UA/Plc/Applications;s=StepUp":{"Value":{"Type":7,"Body":198},"SourceTimestamp":"2024-04-27T13:12:14.1956011Z","ServerTimestamp":"2024-04-27T13:12:14.1956051Z"},"nsu=http://opcfoundation.org/UA/Plc/Applications;s=RandomSignedInt32":{"Value":{"Type":6,"Body":1422750538},"SourceTimestamp":"2024-04-27T13:12:14.1956377Z","ServerTimestamp":"2024-04-27T13:12:14.1956388Z"},"nsu=http://opcfoundation.org/UA/Plc/Applications;s=RandomUnsignedInt32":{"Value":{"Type":7,"Body":1279032946},"SourceTimestamp":"2024-04-27T13:12:14.1956443Z","ServerTimestamp":"2024-04-27T13:12:14.1956454Z"},"nsu=http://opcfoundation.org/UA/Plc/Applications;s=DipData":{"Value":{"Type":11,"Body":36.812455268467801},"SourceTimestamp":"2024-04-27T13:12:14.1956581Z","ServerTimestamp":"2024-04-27T13:12:14.1956929Z"},"nsu=http://opcfoundation.org/UA/Plc/Applications;s=FastUIntScalar1":{"Value":{"Type":7,"Body":19},"SourceTimestamp":"2024-04-27T13:12:13.387283Z","ServerTimestamp":"2024-04-27T13:12:13.387286Z"},"nsu=http://opcfoundation.org/UA/Plc/Applications;s=FastUIntScalar2":{"Value":{"Type":7,"Body":19},"SourceTimestamp":"2024-04-27T13:12:13.387299Z","ServerTimestamp":"2024-04-27T13:12:13.3872997Z"},"nsu=http://opcfoundation.org/UA/Plc/Applications;s=FastUIntScalar3":{"Value":{"Type":7,"Body":19},"SourceTimestamp":"2024-04-27T13:12:13.387301Z","ServerTimestamp":"2024-04-27T13:12:13.3873017Z"},"nsu=http://opcfoundation.org/UA/Plc/Applications;s=FastRandomUIntScalar1":{"Value":{"Type":7,"Body":3425747722},"SourceTimestamp":"2024-04-27T13:12:13.3873057Z","ServerTimestamp":"2024-04-27T13:12:13.3873086Z"},"nsu=http://opcfoundation.org/UA/Plc/Applications;s=FastRandomUIntScalar2":{"Value":{"Type":7,"Body":637527423},"SourceTimestamp":"2024-04-27T13:12:13.3873266Z","ServerTimestamp":"2024-04-27T13:12:13.3873378Z"},"nsu=http://opcfoundation.org/UA/Plc/Applications;s=FastRandomUIntScalar3":{"Value":{"Type":7,"Body":2284099100},"SourceTimestamp":"2024-04-27T13:12:13.3873401Z","ServerTimestamp":"2024-04-27T13:12:13.3873411Z"},"nsu=http://opcfoundation.org/UA/Plc/Applications;s=SpikeData":{"Value":{"Type":11,"Body":36.812455268467801},"SourceTimestamp":"2024-04-27T13:12:14.1956857Z","ServerTimestamp":"2024-04-27T13:12:14.1956891Z"}}}]}