{"MessageId":"0ab43da4-122f-4eda-99d6-5eab5e617091","MessageType":"ua-data","PublisherId":"DESKTOP-BGFJS91","DataSetWriterGroup":"<<UnknownWriterGroup>>","Messages":[{"SequenceNumber":20,"MetaDataVersion":{"MajorVersion":1},"Timestamp":"2024-04-27T13:12:16.2371325Z","MessageType":"ua-deltaframe","DataSetWriterName":"<<UnknownDataSet>>","Payload":{"nsu=http://opcfoundation.org/UA/Plc/Applications;s=StepUp":{"Value":{"Type":7,"Body":218},"SourceTimestamp":"2024-04-27T13:12:16.1905907Z","ServerTimestamp":"2024-04-27T13:12:16.190596Z"},"nsu=http://opcfoundation.org/UA/Plc/Applications;s=RandomSignedInt32":{"Value":{"Type":6,"Body":-2035361812},"SourceTimestamp":"2024-04-27T13:12:16.1906262Z","ServerTimestamp":"2024-04-27T13:12:16.190629Z"},"nsu=http://opcfoundation.org/UA/Plc/Applications;s=RandomUnsignedInt32":{"Value":{"Type":7,"Body":160002535},"SourceTimestamp":"2024-04-27T13:12:16.190631Z","ServerTimestamp":"2024-04-27T13:12:16.1906396Z"},"nsu=http://opcfoundation.org/UA/Plc/Applications;s=DipData":{"Value":{"Type":11,"Body":-84.432792550201526},"SourceTimestamp":"2024-04-27T13:12:16.19064Z","ServerTimestamp":"2024-04-27T13:12:16.1906427Z"},"nsu=http://opcfoundation.org/UA/Plc/Applications;s=FastUIntScalar1":{"Value":{"Type":7,"Body":21},"SourceTimestamp":"2024-04-27T13:12:15.3844741Z","ServerTimestamp":"2024-04-27T13:12:15.3844775Z"},"nsu=http://opcfoundation.org/UA/Plc/Applications;s=FastUIntScalar2":{"Value":{"Type":7,"Body":21},"SourceTimestamp":"2024-04-27T13:12:15.3844925Z","ServerTimestamp":"2024-04-27T13:12:15.3845056Z"},"nsu=http://opcfoundation.org/UA/Plc/Applications;s=FastUIntScalar3":{"Value":{"Type":7,"Body":21},"SourceTimestamp":"2024-04-27T13:12:15.3845081Z","ServerTimestamp":"2024-04-27T13:12:15.3845096Z"},"nsu=http://opcfoundation.org/UA/Plc/Applications;s=FastRandomUIntScalar1":{"Value":{"Type":7,"Body":3377651067},"SourceTimestamp":"2024-04-27T13:12:15.3844752Z","ServerTimestamp":"2024-04-27T13:12:15.3844934Z"},"nsu=http://opcfoundation.org/UA/Plc/Applications;s=FastRandomUIntScalar2":{"Value":{"Type":7,"Body":373587762},"SourceTimestamp":"2024-04-27T13:12:15.3845051Z","ServerTimestamp":"2024-04-27T13:12:15.384508Z"},"nsu=http://opcfoundation.org/UA/Plc/Applications;s=FastRandomUIntScalar3":{"Value":{"Type":7,"Body":2050159602},"SourceTimestamp":"2024-04-27T13:12:15.3845095Z","ServerTimestamp":"2024-04-27T13:12:15.3845117Z"},"nsu=http://opcfoundation.org/UA/Plc/Applications;s=SpikeData":{"Value":{"Type":11,"Body":-84.432792550201526},"SourceTimestamp":"2024-04-27T13:12:16.190655Z","ServerTimestamp":"2024-04-27T13:12:16.1906566Z"}}}]}