{"MessageId":"f9493182-37af-4266-929f-008f3f559095","MessageType":"ua-data","PublisherId":"DESKTOP-BGFJS91","DataSetWriterGroup":"<<UnknownWriterGroup>>","Messages":[{"SequenceNumber":21,"MetaDataVersion":{"MajorVersion":1},"Timestamp":"2024-04-27T13:12:17.2137236Z","MessageType":"ua-deltaframe","DataSetWriterName":"<<UnknownDataSet>>","Payload":{"nsu=http://opcfoundation.org/UA/Plc/Applications;s=StepUp":{"Value":{"Type":7,"Body":228},"SourceTimestamp":"2024-04-27T13:12:17.1832219Z","ServerTimestamp":"2024-04-27T13:12:17.1832257Z"},"nsu=http://opcfoundation.org/UA/Plc/Applications;s=RandomSignedInt32":{"Value":{"Type":6,"Body":1853434650},"SourceTimestamp":"2024-04-27T13:12:17.1832595Z","ServerTimestamp":"2024-04-27T13:12:17.1832945Z"},"nsu=http://opcfoundation.org/UA/Plc/Applications;s=RandomUnsignedInt32":{"Value":{"Type":7,"Body":794690162},"SourceTimestamp":"2024-04-27T13:12:17.1832684Z","ServerTimestamp":"2024-04-27T13:12:17.1832727Z"},"nsu=http://opcfoundation.org/UA/Plc/Applications;s=DipData":{"Value":{"Type":11,"Body":24.868988716485482},"SourceTimestamp":"2024-04-27T13:12:17.1832829Z","ServerTimestamp":"2024-04-27T13:12:17.1832836Z"},"nsu=http://opcfoundation.org/UA/Plc/Applications;s=FastUIntScalar1":{"Value":{"Type":7,"Body":22},"SourceTimestamp":"2024-04-27T13:12:16.3922904Z","ServerTimestamp":"2024-04-27T13:12:16.3922921Z"},"nsu=http://opcfoundation.org/UA/Plc/Applications;s=FastUIntScalar2":{"Value":{"Type":7,"Body":22},"SourceTimestamp":"2024-04-27T13:12:16.3923003Z","ServerTimestamp":"2024-04-27T13:12:16.392308Z"},"nsu=http://opcfoundation.org/UA/Plc/Applications;s=FastUIntScalar3":{"Value":{"Type":7,"Body":22},"SourceTimestamp":"2024-04-27T13:12:16.3923091Z","ServerTimestamp":"2024-04-27T13:12:16.3923106Z"},"nsu=http://opcfoundation.org/UA/Plc/Applications;s=FastRandomUIntScalar1":{"Value":{"Type":7,"Body":1313811633},"SourceTimestamp":"2024-04-27T13:12:16.3922913Z","ServerTimestamp":"2024-04-27T13:12:16.3923013Z"},"nsu=http://opcfoundation.org/UA/Plc/Applications;s=FastRandomUIntScalar2":{"Value":{"Type":7,"Body":3512184385},"SourceTimestamp":"2024-04-27T13:12:16.3923082Z","ServerTimestamp":"2024-04-27T13:12:16.3923092Z"},"nsu=http://opcfoundation.org/UA/Plc/Applications;s=FastRandomUIntScalar3":{"Value":{"Type":7,"Body":2869428705},"SourceTimestamp":"2024-04-27T13:12:16.3923106Z","ServerTimestamp":"2024-04-27T13:12:16.3923116Z"},"nsu=http://opcfoundation.org/UA/Plc/Applications;s=SpikeData":{"Value":{"Type":11,"Body":24.868988716485482},"SourceTimestamp":"2024-04-27T13:12:17.1832936Z","ServerTimestamp":"2024-04-27T13:12:17.1832983Z"}}}]}