{"MessageId":"0039e98e-4cb0-44d2-a590-4f7ea585d6af","MessageType":"ua-data","PublisherId":"DESKTOP-BGFJS91","DataSetWriterGroup":"<<UnknownWriterGroup>>","Messages":[{"SequenceNumber":23,"MetaDataVersion":{"MajorVersion":1},"Timestamp":"2024-04-27T13:12:20.195399Z","MessageType":"ua-deltaframe","DataSetWriterName":"<<UnknownDataSet>>","Payload":{"nsu=http://opcfoundation.org/UA/Plc/Applications;s=StepUp":{"Value":{"Type":7,"Body":257},"SourceTimestamp":"2024-04-27T13:12:20.0864356Z","ServerTimestamp":"2024-04-27T13:12:20.0864547Z"},"nsu=http://opcfoundation.org/UA/Plc/Applications;s=AlternatingBoolean":{"Value":{"Type":1,"Body":false},"SourceTimestamp":"2024-04-27T13:12:19.4826459Z","ServerTimestamp":"2024-04-27T13:12:19.4826524Z"},"nsu=http://opcfoundation.org/UA/Plc/Applications;s=RandomSignedInt32":{"Value":{"Type":6,"Body":39009472},"SourceTimestamp":"2024-04-27T13:12:20.0864607Z","ServerTimestamp":"2024-04-27T13:12:20.0864683Z"},"nsu=http://opcfoundation.org/UA/Plc/Applications;s=RandomUnsignedInt32":{"Value":{"Type":7,"Body":1560821892},"SourceTimestamp":"2024-04-27T13:12:20.0864713Z","ServerTimestamp":"2024-04-27T13:12:20.0864781Z"},"nsu=http://opcfoundation.org/UA/Plc/Applications;s=DipData":{"Value":{"Type":11,"Body":-68.454710592868821},"SourceTimestamp":"2024-04-27T13:12:20.0864818Z","ServerTimestamp":"2024-04-27T13:12:20.0864862Z"},"nsu=http://opcfoundation.org/UA/Plc/Applications;s=FastUIntScalar1":{"Value":{"Type":7,"Body":25},"SourceTimestamp":"2024-04-27T13:12:19.3897332Z","ServerTimestamp":"2024-04-27T13:12:19.3897362Z"},"nsu=http://opcfoundation.org/UA/Plc/Applications;s=FastUIntScalar2":{"Value":{"Type":7,"Body":25},"SourceTimestamp":"2024-04-27T13:12:19.3897491Z","ServerTimestamp":"2024-04-27T13:12:19.3897499Z"},"nsu=http://opcfoundation.org/UA/Plc/Applications;s=FastUIntScalar3":{"Value":{"Type":7,"Body":25},"SourceTimestamp":"2024-04-27T13:12:19.389752Z","ServerTimestamp":"2024-04-27T13:12:19.3897528Z"},"nsu=http://opcfoundation.org/UA/Plc/Applications;s=FastRandomUIntScalar1":{"Value":{"Type":7,"Body":3432846277},"SourceTimestamp":"2024-04-27T13:12:19.3897698Z","ServerTimestamp":"2024-04-27T13:12:19.3897728Z"},"nsu=http://opcfoundation.org/UA/Plc/Applications;s=FastRandomUIntScalar2":{"Value":{"Type":7,"Body":4149165473},"SourceTimestamp":"2024-04-27T13:12:19.3897848Z","ServerTimestamp":"2024-04-27T13:12:19.3897856Z"},"nsu=http://opcfoundation.org/UA/Plc/Applications;s=FastRandomUIntScalar3":{"Value":{"Type":7,"Body":1660648423},"SourceTimestamp":"2024-04-27T13:12:19.3897869Z","ServerTimestamp":"2024-04-27T13:12:19.389788Z"},"nsu=http://opcfoundation.org/UA/Plc/Applications;s=SpikeData":{"Value":{"Type":11,"Body":-68.454710592868821},"SourceTimestamp":"2024-04-27T13:12:20.0864928Z","ServerTimestamp":"2024-04-27T13:12:20.086494Z"}}}]}