{"MessageId":"98ecf838-065a-4fdf-a73e-1386f3895664","MessageType":"ua-data","PublisherId":"DESKTOP-BGFJS91","DataSetWriterGroup":"<<UnknownWriterGroup>>","Messages":[{"SequenceNumber":27,"MetaDataVersion":{"MajorVersion":1},"Timestamp":"2024-04-27T13:12:24.2208581Z","MessageType":"ua-deltaframe","DataSetWriterName":"<<UnknownDataSet>>","Payload":{"nsu=http://opcfoundation.org/UA/Plc/Applications;s=StepUp":{"Value":{"Type":7,"Body":298},"SourceTimestamp":"2024-04-27T13:12:24.1896186Z","ServerTimestamp":"2024-04-27T13:12:24.1896215Z"},"nsu=http://opcfoundation.org/UA/Plc/Applications;s=RandomSignedInt32":{"Value":{"Type":6,"Body":630703265},"SourceTimestamp":"2024-04-27T13:12:24.1896372Z","ServerTimestamp":"2024-04-27T13:12:24.1896401Z"},"nsu=http://opcfoundation.org/UA/Plc/Applications;s=RandomUnsignedInt32":{"Value":{"Type":7,"Body":2001058461},"SourceTimestamp":"2024-04-27T13:12:24.1896421Z","ServerTimestamp":"2024-04-27T13:12:24.1896451Z"},"nsu=http://opcfoundation.org/UA/Plc/Applications;s=DipData":{"Value":{"Type":11,"Body":36.812455268467801},"SourceTimestamp":"2024-04-27T13:12:24.1896494Z","ServerTimestamp":"2024-04-27T13:12:24.18965Z"},"nsu=http://opcfoundation.org/UA/Plc/Applications;s=FastUIntScalar1":{"Value":{"Type":7,"Body":29},"SourceTimestamp":"2024-04-27T13:12:23.3943223Z","ServerTimestamp":"2024-04-27T13:12:23.3943253Z"},"nsu=http://opcfoundation.org/UA/Plc/Applications;s=FastUIntScalar2":{"Value":{"Type":7,"Body":29},"SourceTimestamp":"2024-04-27T13:12:23.3943384Z","ServerTimestamp":"2024-04-27T13:12:23.3943521Z"},"nsu=http://opcfoundation.org/UA/Plc/Applications;s=FastUIntScalar3":{"Value":{"Type":7,"Body":29},"SourceTimestamp":"2024-04-27T13:12:23.394354Z","ServerTimestamp":"2024-04-27T13:12:23.394357Z"},"nsu=http://opcfoundation.org/UA/Plc/Applications;s=FastRandomUIntScalar1":{"Value":{"Type":7,"Body":2297516950},"SourceTimestamp":"2024-04-27T13:12:23.3943344Z","ServerTimestamp":"2024-04-27T13:12:23.3943393Z"},"nsu=http://opcfoundation.org/UA/Plc/Applications;s=FastRandomUIntScalar2":{"Value":{"Type":7,"Body":3485794242},"SourceTimestamp":"2024-04-27T13:12:23.3943518Z","ServerTimestamp":"2024-04-27T13:12:23.3943544Z"},"nsu=http://opcfoundation.org/UA/Plc/Applications;s=FastRandomUIntScalar3":{"Value":{"Type":7,"Body":495324086},"SourceTimestamp":"2024-04-27T13:12:23.3943568Z","ServerTimestamp":"2024-04-27T13:12:23.3943587Z"},"nsu=http://opcfoundation.org/UA/Plc/Applications;s=SpikeData":{"Value":{"Type":11,"Body":36.812455268467801},"SourceTimestamp":"2024-04-27T13:12:24.1896527Z","ServerTimestamp":"2024-04-27T13:12:24.1896537Z"}}}]}