{"MessageId":"61291d0d-1783-46d3-b9a3-dda5f20458a7","MessageType":"ua-data","PublisherId":"DESKTOP-BGFJS91","DataSetWriterGroup":"<<UnknownWriterGroup>>","Messages":[{"DataSetWriterId":1,"SequenceNumber":3,"MetaDataVersion":{"MajorVersion":1},"Timestamp":"2024-04-27T13:12:25.3299263Z","MessageType":"ua-deltaframe","DataSetWriterName":"<<UnknownDataSet>>","Payload":{"nsu=http://opcfoundation.org/UA/Plc/Applications;s=SlowUIntScalar1":{"Value":{"Type":7,"Body":3},"SourceTimestamp":"2024-04-27T13:12:24.3896086Z","ServerTimestamp":"2024-04-27T13:12:24.3896158Z"},"nsu=http://opcfoundation.org/UA/Plc/Applications;s=SlowUIntScalar2":{"Value":{"Type":7,"Body":3},"SourceTimestamp":"2024-04-27T13:12:24.3896654Z","ServerTimestamp":"2024-04-27T13:12:24.3896671Z"},"nsu=http://opcfoundation.org/UA/Plc/Applications;s=SlowUIntScalar3":{"Value":{"Type":7,"Body":3},"SourceTimestamp":"2024-04-27T13:12:24.38967Z","ServerTimestamp":"2024-04-27T13:12:24.389671Z"},"nsu=http://opcfoundation.org/UA/Plc/Applications;s=BadSlowUIntScalar1":{"Value":{"Type":7,"Body":3},"SourceTimestamp":"2024-04-27T13:12:24.3896805Z","ServerTimestamp":"2024-04-27T13:12:24.3896815Z"},"nsu=http://opcfoundation.org/UA/Plc/Applications;s=SlowRandomUIntScalar1":{"Value":{"Type":7,"Body":3134757830},"SourceTimestamp":"2024-04-27T13:12:24.3895962Z","ServerTimestamp":"2024-04-27T13:12:24.3896008Z"},"nsu=http://opcfoundation.org/UA/Plc/Applications;s=SlowRandomUIntScalar2":{"Value":{"Type":7,"Body":565819653},"SourceTimestamp":"2024-04-27T13:12:24.3896147Z","ServerTimestamp":"2024-04-27T13:12:24.3896864Z"},"nsu=http://opcfoundation.org/UA/Plc/Applications;s=SlowRandomUIntScalar3":{"Value":{"Type":7,"Body":3538580330},"SourceTimestamp":"2024-04-27T13:12:24.3896963Z","ServerTimestamp":"2024-04-27T13:12:24.3897064Z"},"nsu=http://opcfoundation.org/UA/Plc/Applications;s=BadSlowRandomUIntScalar1":{"Value":{"Type":7,"Body":1786895720},"SourceTimestamp":"2024-04-27T13:12:24.389709Z","ServerTimestamp":"2024-04-27T13:12:24.3897106Z"}}}]}