{"MessageId":"58cde0db-0c27-4d18-9333-376c4bebc815","MessageType":"ua-data","PublisherId":"DESKTOP-BGFJS91","DataSetWriterGroup":"<<UnknownWriterGroup>>","Messages":[{"SequenceNumber":29,"MetaDataVersion":{"MajorVersion":1},"Timestamp":"2024-04-27T13:12:26.1982238Z","MessageType":"ua-deltaframe","DataSetWriterName":"<<UnknownDataSet>>","Payload":{"nsu=http://opcfoundation.org/UA/Plc/Applications;s=StepUp":{"Value":{"Type":7,"Body":318},"SourceTimestamp":"2024-04-27T13:12:26.1823907Z","ServerTimestamp":"2024-04-27T13:12:26.1823953Z"},"nsu=http://opcfoundation.org/UA/Plc/Applications;s=RandomSignedInt32":{"Value":{"Type":6,"Body":-1321776843},"SourceTimestamp":"2024-04-27T13:12:26.1823954Z","ServerTimestamp":"2024-04-27T13:12:26.1823983Z"},"nsu=http://opcfoundation.org/UA/Plc/Applications;s=RandomUnsignedInt32":{"Value":{"Type":7,"Body":735601945},"SourceTimestamp":"2024-04-27T13:12:26.1823708Z","ServerTimestamp":"2024-04-27T13:12:26.1823822Z"},"nsu=http://opcfoundation.org/UA/Plc/Applications;s=DipData":{"Value":{"Type":11,"Body":-84.432792550201526},"SourceTimestamp":"2024-04-27T13:12:26.1823671Z","ServerTimestamp":"2024-04-27T13:12:26.1823923Z"},"nsu=http://opcfoundation.org/UA/Plc/Applications;s=FastUIntScalar1":{"Value":{"Type":7,"Body":31},"SourceTimestamp":"2024-04-27T13:12:25.391794Z","ServerTimestamp":"2024-04-27T13:12:25.3917963Z"},"nsu=http://opcfoundation.org/UA/Plc/Applications;s=FastUIntScalar2":{"Value":{"Type":7,"Body":31},"SourceTimestamp":"2024-04-27T13:12:25.3918096Z","ServerTimestamp":"2024-04-27T13:12:25.3918667Z"},"nsu=http://opcfoundation.org/UA/Plc/Applications;s=FastUIntScalar3":{"Value":{"Type":7,"Body":31},"SourceTimestamp":"2024-04-27T13:12:25.391869Z","ServerTimestamp":"2024-04-27T13:12:25.3918696Z"},"nsu=http://opcfoundation.org/UA/Plc/Applications;s=FastRandomUIntScalar1":{"Value":{"Type":7,"Body":1591078753},"SourceTimestamp":"2024-04-27T13:12:25.3917985Z","ServerTimestamp":"2024-04-27T13:12:25.3918108Z"},"nsu=http://opcfoundation.org/UA/Plc/Applications;s=FastRandomUIntScalar2":{"Value":{"Type":7,"Body":2278330490},"SourceTimestamp":"2024-04-27T13:12:25.3918274Z","ServerTimestamp":"2024-04-27T13:12:25.3918322Z"},"nsu=http://opcfoundation.org/UA/Plc/Applications;s=FastRandomUIntScalar3":{"Value":{"Type":7,"Body":769503262},"SourceTimestamp":"2024-04-27T13:12:25.391834Z","ServerTimestamp":"2024-04-27T13:12:25.3918583Z"},"nsu=http://opcfoundation.org/UA/Plc/Applications;s=SpikeData":{"Value":{"Type":11,"Body":-84.432792550201526},"SourceTimestamp":"2024-04-27T13:12:26.1823463Z","ServerTimestamp":"2024-04-27T13:12:26.1823559Z"}}}]}