{"MessageId":"0f2af408-a693-47e6-8ed0-708ea966ee4f","MessageType":"ua-data","PublisherId":"DESKTOP-BGFJS91","DataSetWriterGroup":"<<UnknownWriterGroup>>","Messages":[{"SequenceNumber":31,"MetaDataVersion":{"MajorVersion":1},"Timestamp":"2024-04-27T13:12:28.2453668Z","MessageType":"ua-deltaframe","DataSetWriterName":"<<UnknownDataSet>>","Payload":{"nsu=http://opcfoundation.org/UA/Plc/Applications;s=StepUp":{"Value":{"Type":7,"Body":338},"SourceTimestamp":"2024-04-27T13:12:28.1977669Z","ServerTimestamp":"2024-04-27T13:12:28.1977703Z"},"nsu=http://opcfoundation.org/UA/Plc/Applications;s=RandomSignedInt32":{"Value":{"Type":6,"Body":-1929197546},"SourceTimestamp":"2024-04-27T13:12:28.1978023Z","ServerTimestamp":"2024-04-27T13:12:28.1978032Z"},"nsu=http://opcfoundation.org/UA/Plc/Applications;s=RandomUnsignedInt32":{"Value":{"Type":7,"Body":497087794},"SourceTimestamp":"2024-04-27T13:12:28.197808Z","ServerTimestamp":"2024-04-27T13:12:28.1978088Z"},"nsu=http://opcfoundation.org/UA/Plc/Applications;s=DipData":{"Value":{"Type":11,"Body":99.80267284282715},"SourceTimestamp":"2024-04-27T13:12:28.1978222Z","ServerTimestamp":"2024-04-27T13:12:28.1978233Z"},"nsu=http://opcfoundation.org/UA/Plc/Applications;s=FastUIntScalar1":{"Value":{"Type":7,"Body":33},"SourceTimestamp":"2024-04-27T13:12:27.3866193Z","ServerTimestamp":"2024-04-27T13:12:27.3866215Z"},"nsu=http://opcfoundation.org/UA/Plc/Applications;s=FastUIntScalar2":{"Value":{"Type":7,"Body":33},"SourceTimestamp":"2024-04-27T13:12:27.3866422Z","ServerTimestamp":"2024-04-27T13:12:27.386643Z"},"nsu=http://opcfoundation.org/UA/Plc/Applications;s=FastUIntScalar3":{"Value":{"Type":7,"Body":33},"SourceTimestamp":"2024-04-27T13:12:27.3866447Z","ServerTimestamp":"2024-04-27T13:12:27.3866452Z"},"nsu=http://opcfoundation.org/UA/Plc/Applications;s=FastRandomUIntScalar1":{"Value":{"Type":7,"Body":596951134},"SourceTimestamp":"2024-04-27T13:12:27.3866198Z","ServerTimestamp":"2024-04-27T13:12:27.3866518Z"},"nsu=http://opcfoundation.org/UA/Plc/Applications;s=FastRandomUIntScalar2":{"Value":{"Type":7,"Body":2945833354},"SourceTimestamp":"2024-04-27T13:12:27.3866619Z","ServerTimestamp":"2024-04-27T13:12:27.3866918Z"},"nsu=http://opcfoundation.org/UA/Plc/Applications;s=FastRandomUIntScalar3":{"Value":{"Type":7,"Body":655957671},"SourceTimestamp":"2024-04-27T13:12:27.3866985Z","ServerTimestamp":"2024-04-27T13:12:27.3866997Z"},"nsu=http://opcfoundation.org/UA/Plc/Applications;s=SpikeData":{"Value":{"Type":11,"Body":1000},"SourceTimestamp":"2024-04-27T13:12:28.1978553Z","ServerTimestamp":"2024-04-27T13:12:28.1978729Z"}}}]}