{"MessageId":"34c4c020-057a-4e5f-ba3a-51c2e841ae70","MessageType":"ua-data","PublisherId":"DESKTOP-BGFJS91","DataSetWriterGroup":"<<UnknownWriterGroup>>","Messages":[{"SequenceNumber":4,"MetaDataVersion":{"MajorVersion":1},"Timestamp":"2024-04-27T13:11:58.2176491Z","MessageType":"ua-deltaframe","DataSetWriterName":"<<UnknownDataSet>>","Payload":{"nsu=http://opcfoundation.org/UA/Plc/Applications;s=StepUp":{"Value":{"Type":7,"Body":38},"SourceTimestamp":"2024-04-27T13:11:58.1855878Z","ServerTimestamp":"2024-04-27T13:11:58.1855905Z"},"nsu=http://opcfoundation.org/UA/Plc/Applications;s=RandomSignedInt32":{"Value":{"Type":6,"Body":-808295620},"SourceTimestamp":"2024-04-27T13:11:58.185596Z","ServerTimestamp":"2024-04-27T13:11:58.1856197Z"},"nsu=http://opcfoundation.org/UA/Plc/Applications;s=RandomUnsignedInt32":{"Value":{"Type":7,"Body":1267160596},"SourceTimestamp":"2024-04-27T13:11:58.1856075Z","ServerTimestamp":"2024-04-27T13:11:58.1856084Z"},"nsu=http://opcfoundation.org/UA/Plc/Applications;s=DipData":{"Value":{"Type":11,"Body":99.80267284282715},"SourceTimestamp":"2024-04-27T13:11:58.1856085Z","ServerTimestamp":"2024-04-27T13:11:58.1856114Z"},"nsu=http://opcfoundation.org/UA/Plc/Applications;s=FastUIntScalar1":{"Value":{"Type":7,"Body":3},"SourceTimestamp":"2024-04-27T13:11:57.395776Z","ServerTimestamp":"2024-04-27T13:11:57.3957787Z"},"nsu=http://opcfoundation.org/UA/Plc/Applications;s=FastUIntScalar2":{"Value":{"Type":7,"Body":3},"SourceTimestamp":"2024-04-27T13:11:57.3957968Z","ServerTimestamp":"2024-04-27T13:11:57.3957975Z"},"nsu=http://opcfoundation.org/UA/Plc/Applications;s=FastUIntScalar3":{"Value":{"Type":7,"Body":3},"SourceTimestamp":"2024-04-27T13:11:57.3957987Z","ServerTimestamp":"2024-04-27T13:11:57.3957994Z"},"nsu=http://opcfoundation.org/UA/Plc/Applications;s=FastRandomUIntScalar1":{"Value":{"Type":7,"Body":2274164381},"SourceTimestamp":"2024-04-27T13:11:57.3957777Z","ServerTimestamp":"2024-04-27T13:11:57.3958016Z"},"nsu=http://opcfoundation.org/UA/Plc/Applications;s=FastRandomUIntScalar2":{"Value":{"Type":7,"Body":2865170646},"SourceTimestamp":"2024-04-27T13:11:57.3958098Z","ServerTimestamp":"2024-04-27T13:11:57.3958106Z"},"nsu=http://opcfoundation.org/UA/Plc/Applications;s=FastRandomUIntScalar3":{"Value":{"Type":7,"Body":2342700894},"SourceTimestamp":"2024-04-27T13:11:57.3958117Z","ServerTimestamp":"2024-04-27T13:11:57.3958122Z"},"nsu=http://opcfoundation.org/UA/Plc/Applications;s=SpikeData":{"Value":{"Type":11,"Body":99.80267284282715},"SourceTimestamp":"2024-04-27T13:11:58.1856156Z","ServerTimestamp":"2024-04-27T13:11:58.1856171Z"}}}]}