{"MessageId":"64c739a4-f6b2-48d0-a3ec-3d09de7d3d76","MessageType":"ua-data","PublisherId":"DESKTOP-BGFJS91","DataSetWriterGroup":"<<UnknownWriterGroup>>","Messages":[{"SequenceNumber":38,"MetaDataVersion":{"MajorVersion":1},"Timestamp":"2024-04-27T13:12:36.2136075Z","MessageType":"ua-deltaframe","DataSetWriterName":"<<UnknownDataSet>>","Payload":{"nsu=http://opcfoundation.org/UA/Plc/Applications;s=StepUp":{"Value":{"Type":7,"Body":418},"SourceTimestamp":"2024-04-27T13:12:36.1973887Z","ServerTimestamp":"2024-04-27T13:12:36.1973933Z"},"nsu=http://opcfoundation.org/UA/Plc/Applications;s=RandomSignedInt32":{"Value":{"Type":6,"Body":-1443503607},"SourceTimestamp":"2024-04-27T13:12:36.1974298Z","ServerTimestamp":"2024-04-27T13:12:36.1974399Z"},"nsu=http://opcfoundation.org/UA/Plc/Applications;s=RandomUnsignedInt32":{"Value":{"Type":7,"Body":1825192107},"SourceTimestamp":"2024-04-27T13:12:36.1975018Z","ServerTimestamp":"2024-04-27T13:12:36.1975042Z"},"nsu=http://opcfoundation.org/UA/Plc/Applications;s=DipData":{"Value":{"Type":11,"Body":-84.432792550201526},"SourceTimestamp":"2024-04-27T13:12:36.1974656Z","ServerTimestamp":"2024-04-27T13:12:36.1974673Z"},"nsu=http://opcfoundation.org/UA/Plc/Applications;s=FastUIntScalar1":{"Value":{"Type":7,"Body":41},"SourceTimestamp":"2024-04-27T13:12:35.3910367Z","ServerTimestamp":"2024-04-27T13:12:35.3910457Z"},"nsu=http://opcfoundation.org/UA/Plc/Applications;s=FastUIntScalar2":{"Value":{"Type":7,"Body":41},"SourceTimestamp":"2024-04-27T13:12:35.3910533Z","ServerTimestamp":"2024-04-27T13:12:35.3910547Z"},"nsu=http://opcfoundation.org/UA/Plc/Applications;s=FastUIntScalar3":{"Value":{"Type":7,"Body":41},"SourceTimestamp":"2024-04-27T13:12:35.3910558Z","ServerTimestamp":"2024-04-27T13:12:35.3910573Z"},"nsu=http://opcfoundation.org/UA/Plc/Applications;s=FastRandomUIntScalar1":{"Value":{"Type":7,"Body":1346489086},"SourceTimestamp":"2024-04-27T13:12:35.3910334Z","ServerTimestamp":"2024-04-27T13:12:35.3910358Z"},"nsu=http://opcfoundation.org/UA/Plc/Applications;s=FastRandomUIntScalar2":{"Value":{"Type":7,"Body":3069276491},"SourceTimestamp":"2024-04-27T13:12:35.3910456Z","ServerTimestamp":"2024-04-27T13:12:35.3910528Z"},"nsu=http://opcfoundation.org/UA/Plc/Applications;s=FastRandomUIntScalar3":{"Value":{"Type":7,"Body":2645148998},"SourceTimestamp":"2024-04-27T13:12:35.3910546Z","ServerTimestamp":"2024-04-27T13:12:35.391056Z"},"nsu=http://opcfoundation.org/UA/Plc/Applications;s=SpikeData":{"Value":{"Type":11,"Body":-84.432792550201526},"SourceTimestamp":"2024-04-27T13:12:36.1974799Z","ServerTimestamp":"2024-04-27T13:12:36.1974949Z"}}}]}