{"MessageId":"a5fbd714-e296-4924-8cee-dd2f6177effd","MessageType":"ua-data","PublisherId":"DESKTOP-BGFJS91","DataSetWriterGroup":"<<UnknownWriterGroup>>","Messages":[{"SequenceNumber":41,"MetaDataVersion":{"MajorVersion":1},"Timestamp":"2024-04-27T13:12:40.2403304Z","MessageType":"ua-deltaframe","DataSetWriterName":"<<UnknownDataSet>>","Payload":{"nsu=http://opcfoundation.org/UA/Plc/Applications;s=StepUp":{"Value":{"Type":7,"Body":458},"SourceTimestamp":"2024-04-27T13:12:40.193644Z","ServerTimestamp":"2024-04-27T13:12:40.1936475Z"},"nsu=http://opcfoundation.org/UA/Plc/Applications;s=AlternatingBoolean":{"Value":{"Type":1,"Body":false},"SourceTimestamp":"2024-04-27T13:12:39.4939586Z","ServerTimestamp":"2024-04-27T13:12:39.4939987Z"},"nsu=http://opcfoundation.org/UA/Plc/Applications;s=RandomSignedInt32":{"Value":{"Type":6,"Body":2005924174},"SourceTimestamp":"2024-04-27T13:12:40.193658Z","ServerTimestamp":"2024-04-27T13:12:40.1936663Z"},"nsu=http://opcfoundation.org/UA/Plc/Applications;s=RandomUnsignedInt32":{"Value":{"Type":7,"Body":960319880},"SourceTimestamp":"2024-04-27T13:12:40.1936753Z","ServerTimestamp":"2024-04-27T13:12:40.1936798Z"},"nsu=http://opcfoundation.org/UA/Plc/Applications;s=DipData":{"Value":{"Type":11,"Body":-77.0513242775789},"SourceTimestamp":"2024-04-27T13:12:40.1936747Z","ServerTimestamp":"2024-04-27T13:12:40.1936776Z"},"nsu=http://opcfoundation.org/UA/Plc/Applications;s=FastUIntScalar1":{"Value":{"Type":7,"Body":45},"SourceTimestamp":"2024-04-27T13:12:39.3846612Z","ServerTimestamp":"2024-04-27T13:12:39.3846637Z"},"nsu=http://opcfoundation.org/UA/Plc/Applications;s=FastUIntScalar2":{"Value":{"Type":7,"Body":45},"SourceTimestamp":"2024-04-27T13:12:39.3846837Z","ServerTimestamp":"2024-04-27T13:12:39.3846842Z"},"nsu=http://opcfoundation.org/UA/Plc/Applications;s=FastUIntScalar3":{"Value":{"Type":7,"Body":45},"SourceTimestamp":"2024-04-27T13:12:39.3846854Z","ServerTimestamp":"2024-04-27T13:12:39.3846962Z"},"nsu=http://opcfoundation.org/UA/Plc/Applications;s=FastRandomUIntScalar1":{"Value":{"Type":7,"Body":2975896567},"SourceTimestamp":"2024-04-27T13:12:39.3846681Z","ServerTimestamp":"2024-04-27T13:12:39.384687Z"},"nsu=http://opcfoundation.org/UA/Plc/Applications;s=FastRandomUIntScalar2":{"Value":{"Type":7,"Body":2977975215},"SourceTimestamp":"2024-04-27T13:12:39.3846959Z","ServerTimestamp":"2024-04-27T13:12:39.3846971Z"},"nsu=http://opcfoundation.org/UA/Plc/Applications;s=FastRandomUIntScalar3":{"Value":{"Type":7,"Body":3553956280},"SourceTimestamp":"2024-04-27T13:12:39.3846986Z","ServerTimestamp":"2024-04-27T13:12:39.3847193Z"},"nsu=http://opcfoundation.org/UA/Plc/Applications;s=NegativeTrendData":{"Value":{"Type":11,"Body":99.599999999999994},"SourceTimestamp":"2024-04-27T13:12:39.493977Z","ServerTimestamp":"2024-04-27T13:12:39.4939786Z"},"nsu=http://opcfoundation.org/UA/Plc/Applications;s=PositiveTrendData":{"Value":{"Type":11,"Body":100.2},"SourceTimestamp":"2024-04-27T13:12:39.4939758Z","ServerTimestamp":"2024-04-27T13:12:39.4939766Z"},"nsu=http://opcfoundation.org/UA/Plc/Applications;s=SpikeData":{"Value":{"Type":11,"Body":-77.0513242775789},"SourceTimestamp":"2024-04-27T13:12:40.1936804Z","ServerTimestamp":"2024-04-27T13:12:40.193685Z"}}}]}