{"MessageId":"4d743257-d2c5-41ea-abdb-f3dd4d134eed","MessageType":"ua-data","PublisherId":"DESKTOP-BGFJS91","DataSetWriterGroup":"<<UnknownWriterGroup>>","Messages":[{"SequenceNumber":47,"MetaDataVersion":{"MajorVersion":1},"Timestamp":"2024-04-27T13:12:47.2301608Z","MessageType":"ua-deltaframe","DataSetWriterName":"<<UnknownDataSet>>","Payload":{"nsu=http://opcfoundation.org/UA/Plc/Applications;s=StepUp":{"Value":{"Type":7,"Body":528},"SourceTimestamp":"2024-04-27T13:12:47.1845123Z","ServerTimestamp":"2024-04-27T13:12:47.1845155Z"},"nsu=http://opcfoundation.org/UA/Plc/Applications;s=RandomSignedInt32":{"Value":{"Type":6,"Body":634708485},"SourceTimestamp":"2024-04-27T13:12:47.1845123Z","ServerTimestamp":"2024-04-27T13:12:47.1845744Z"},"nsu=http://opcfoundation.org/UA/Plc/Applications;s=RandomUnsignedInt32":{"Value":{"Type":7,"Body":1648151600},"SourceTimestamp":"2024-04-27T13:12:47.184532Z","ServerTimestamp":"2024-04-27T13:12:47.1845338Z"},"nsu=http://opcfoundation.org/UA/Plc/Applications;s=DipData":{"Value":{"Type":11,"Body":24.868988716485482},"SourceTimestamp":"2024-04-27T13:12:47.1845387Z","ServerTimestamp":"2024-04-27T13:12:47.184589Z"},"nsu=http://opcfoundation.org/UA/Plc/Applications;s=FastUIntScalar1":{"Value":{"Type":7,"Body":52},"SourceTimestamp":"2024-04-27T13:12:46.3943663Z","ServerTimestamp":"2024-04-27T13:12:46.3943696Z"},"nsu=http://opcfoundation.org/UA/Plc/Applications;s=FastUIntScalar2":{"Value":{"Type":7,"Body":52},"SourceTimestamp":"2024-04-27T13:12:46.3943829Z","ServerTimestamp":"2024-04-27T13:12:46.3943962Z"},"nsu=http://opcfoundation.org/UA/Plc/Applications;s=FastUIntScalar3":{"Value":{"Type":7,"Body":52},"SourceTimestamp":"2024-04-27T13:12:46.3943981Z","ServerTimestamp":"2024-04-27T13:12:46.3943993Z"},"nsu=http://opcfoundation.org/UA/Plc/Applications;s=FastRandomUIntScalar1":{"Value":{"Type":7,"Body":3261075866},"SourceTimestamp":"2024-04-27T13:12:46.3943747Z","ServerTimestamp":"2024-04-27T13:12:46.3943841Z"},"nsu=http://opcfoundation.org/UA/Plc/Applications;s=FastRandomUIntScalar2":{"Value":{"Type":7,"Body":1693203910},"SourceTimestamp":"2024-04-27T13:12:46.394396Z","ServerTimestamp":"2024-04-27T13:12:46.3944008Z"},"nsu=http://opcfoundation.org/UA/Plc/Applications;s=FastRandomUIntScalar3":{"Value":{"Type":7,"Body":3277101275},"SourceTimestamp":"2024-04-27T13:12:46.3944023Z","ServerTimestamp":"2024-04-27T13:12:46.3944034Z"},"nsu=http://opcfoundation.org/UA/Plc/Applications;s=SpikeData":{"Value":{"Type":11,"Body":24.868988716485482},"SourceTimestamp":"2024-04-27T13:12:47.1845513Z","ServerTimestamp":"2024-04-27T13:12:47.1845564Z"}}}]}