{"MessageId":"e7b6d489-1429-4a21-8125-9ebbdcc56233","MessageType":"ua-data","PublisherId":"DESKTOP-BGFJS91","DataSetWriterGroup":"<<UnknownWriterGroup>>","Messages":[{"SequenceNumber":54,"MetaDataVersion":{"MajorVersion":1},"Timestamp":"2024-04-27T13:12:54.230785Z","MessageType":"ua-deltaframe","DataSetWriterName":"<<UnknownDataSet>>","Payload":{"nsu=http://opcfoundation.org/UA/Plc/Applications;s=StepUp":{"Value":{"Type":7,"Body":598},"SourceTimestamp":"2024-04-27T13:12:54.1838257Z","ServerTimestamp":"2024-04-27T13:12:54.1838614Z"},"nsu=http://opcfoundation.org/UA/Plc/Applications;s=RandomSignedInt32":{"Value":{"Type":6,"Body":-531951046},"SourceTimestamp":"2024-04-27T13:12:54.1838258Z","ServerTimestamp":"2024-04-27T13:12:54.1838288Z"},"nsu=http://opcfoundation.org/UA/Plc/Applications;s=RandomUnsignedInt32":{"Value":{"Type":7,"Body":1596457790},"SourceTimestamp":"2024-04-27T13:12:54.1838344Z","ServerTimestamp":"2024-04-27T13:12:54.1838486Z"},"nsu=http://opcfoundation.org/UA/Plc/Applications;s=DipData":{"Value":{"Type":11,"Body":36.812455268467801},"SourceTimestamp":"2024-04-27T13:12:54.1838614Z","ServerTimestamp":"2024-04-27T13:12:54.1839401Z"},"nsu=http://opcfoundation.org/UA/Plc/Applications;s=FastUIntScalar1":{"Value":{"Type":7,"Body":59},"SourceTimestamp":"2024-04-27T13:12:53.3967836Z","ServerTimestamp":"2024-04-27T13:12:53.3967859Z"},"nsu=http://opcfoundation.org/UA/Plc/Applications;s=FastUIntScalar2":{"Value":{"Type":7,"Body":59},"SourceTimestamp":"2024-04-27T13:12:53.3967956Z","ServerTimestamp":"2024-04-27T13:12:53.3967974Z"},"nsu=http://opcfoundation.org/UA/Plc/Applications;s=FastUIntScalar3":{"Value":{"Type":7,"Body":59},"SourceTimestamp":"2024-04-27T13:12:53.3967986Z","ServerTimestamp":"2024-04-27T13:12:53.3968Z"},"nsu=http://opcfoundation.org/UA/Plc/Applications;s=FastRandomUIntScalar1":{"Value":{"Type":7,"Body":720763122},"SourceTimestamp":"2024-04-27T13:12:53.3967895Z","ServerTimestamp":"2024-04-27T13:12:53.3967955Z"},"nsu=http://opcfoundation.org/UA/Plc/Applications;s=FastRandomUIntScalar2":{"Value":{"Type":7,"Body":1902216675},"SourceTimestamp":"2024-04-27T13:12:53.3967974Z","ServerTimestamp":"2024-04-27T13:12:53.3967985Z"},"nsu=http://opcfoundation.org/UA/Plc/Applications;s=FastRandomUIntScalar3":{"Value":{"Type":7,"Body":1529541109},"SourceTimestamp":"2024-04-27T13:12:53.3968Z","ServerTimestamp":"2024-04-27T13:12:53.3968011Z"},"nsu=http://opcfoundation.org/UA/Plc/Applications;s=SpikeData":{"Value":{"Type":11,"Body":36.812455268467801},"SourceTimestamp":"2024-04-27T13:12:54.1838688Z","ServerTimestamp":"2024-04-27T13:12:54.1838719Z"}}}]}