{"MessageId":"1523c139-6ef6-4f7d-8b23-983514c39fd5","MessageType":"ua-data","PublisherId":"DESKTOP-BGFJS91","DataSetWriterGroup":"<<UnknownWriterGroup>>","Messages":[{"SequenceNumber":57,"MetaDataVersion":{"MajorVersion":1},"Timestamp":"2024-04-27T13:12:58.2458544Z","MessageType":"ua-deltaframe","DataSetWriterName":"<<UnknownDataSet>>","Payload":{"nsu=http://opcfoundation.org/UA/Plc/Applications;s=StepUp":{"Value":{"Type":7,"Body":638},"SourceTimestamp":"2024-04-27T13:12:58.1834018Z","ServerTimestamp":"2024-04-27T13:12:58.1834048Z"},"nsu=http://opcfoundation.org/UA/Plc/Applications;s=RandomSignedInt32":{"Value":{"Type":6,"Body":443738068},"SourceTimestamp":"2024-04-27T13:12:58.1833891Z","ServerTimestamp":"2024-04-27T13:12:58.1833948Z"},"nsu=http://opcfoundation.org/UA/Plc/Applications;s=RandomUnsignedInt32":{"Value":{"Type":7,"Body":239222886},"SourceTimestamp":"2024-04-27T13:12:58.183388Z","ServerTimestamp":"2024-04-27T13:12:58.1833893Z"},"nsu=http://opcfoundation.org/UA/Plc/Applications;s=DipData":{"Value":{"Type":11,"Body":99.80267284282715},"SourceTimestamp":"2024-04-27T13:12:58.1833987Z","ServerTimestamp":"2024-04-27T13:12:58.183427Z"},"nsu=http://opcfoundation.org/UA/Plc/Applications;s=FastUIntScalar1":{"Value":{"Type":7,"Body":63},"SourceTimestamp":"2024-04-27T13:12:57.3857747Z","ServerTimestamp":"2024-04-27T13:12:57.3857877Z"},"nsu=http://opcfoundation.org/UA/Plc/Applications;s=FastUIntScalar2":{"Value":{"Type":7,"Body":63},"SourceTimestamp":"2024-04-27T13:12:57.3858129Z","ServerTimestamp":"2024-04-27T13:12:57.3858142Z"},"nsu=http://opcfoundation.org/UA/Plc/Applications;s=FastUIntScalar3":{"Value":{"Type":7,"Body":63},"SourceTimestamp":"2024-04-27T13:12:57.3858156Z","ServerTimestamp":"2024-04-27T13:12:57.385817Z"},"nsu=http://opcfoundation.org/UA/Plc/Applications;s=FastRandomUIntScalar1":{"Value":{"Type":7,"Body":4006974000},"SourceTimestamp":"2024-04-27T13:12:57.3857653Z","ServerTimestamp":"2024-04-27T13:12:57.3857692Z"},"nsu=http://opcfoundation.org/UA/Plc/Applications;s=FastRandomUIntScalar2":{"Value":{"Type":7,"Body":816706798},"SourceTimestamp":"2024-04-27T13:12:57.385787Z","ServerTimestamp":"2024-04-27T13:12:57.3858126Z"},"nsu=http://opcfoundation.org/UA/Plc/Applications;s=FastRandomUIntScalar3":{"Value":{"Type":7,"Body":876104255},"SourceTimestamp":"2024-04-27T13:12:57.3858139Z","ServerTimestamp":"2024-04-27T13:12:57.3858154Z"},"nsu=http://opcfoundation.org/UA/Plc/Applications;s=SpikeData":{"Value":{"Type":11,"Body":99.80267284282715},"SourceTimestamp":"2024-04-27T13:12:58.1833518Z","ServerTimestamp":"2024-04-27T13:12:58.1833562Z"}}}]}