{"MessageId":"e9992763-e885-4e89-8989-78a46fd7aecd","MessageType":"ua-data","PublisherId":"DESKTOP-BGFJS91","DataSetWriterGroup":"<<UnknownWriterGroup>>","Messages":[{"SequenceNumber":58,"MetaDataVersion":{"MajorVersion":1},"Timestamp":"2024-04-27T13:12:59.226781Z","MessageType":"ua-deltaframe","DataSetWriterName":"<<UnknownDataSet>>","Payload":{"nsu=http://opcfoundation.org/UA/Plc/Applications;s=StepUp":{"Value":{"Type":7,"Body":648},"SourceTimestamp":"2024-04-27T13:12:59.1961351Z","ServerTimestamp":"2024-04-27T13:12:59.196173Z"},"nsu=http://opcfoundation.org/UA/Plc/Applications;s=RandomSignedInt32":{"Value":{"Type":6,"Body":-339336918},"SourceTimestamp":"2024-04-27T13:12:59.1961424Z","ServerTimestamp":"2024-04-27T13:12:59.1961492Z"},"nsu=http://opcfoundation.org/UA/Plc/Applications;s=RandomUnsignedInt32":{"Value":{"Type":7,"Body":980736545},"SourceTimestamp":"2024-04-27T13:12:59.1961598Z","ServerTimestamp":"2024-04-27T13:12:59.1961615Z"},"nsu=http://opcfoundation.org/UA/Plc/Applications;s=DipData":{"Value":{"Type":11,"Body":36.812455268467801},"SourceTimestamp":"2024-04-27T13:12:59.1961668Z","ServerTimestamp":"2024-04-27T13:12:59.196169Z"},"nsu=http://opcfoundation.org/UA/Plc/Applications;s=FastUIntScalar1":{"Value":{"Type":7,"Body":64},"SourceTimestamp":"2024-04-27T13:12:58.3979393Z","ServerTimestamp":"2024-04-27T13:12:58.3979437Z"},"nsu=http://opcfoundation.org/UA/Plc/Applications;s=FastUIntScalar2":{"Value":{"Type":7,"Body":64},"SourceTimestamp":"2024-04-27T13:12:58.3979571Z","ServerTimestamp":"2024-04-27T13:12:58.397958Z"},"nsu=http://opcfoundation.org/UA/Plc/Applications;s=FastUIntScalar3":{"Value":{"Type":7,"Body":64},"SourceTimestamp":"2024-04-27T13:12:58.3979601Z","ServerTimestamp":"2024-04-27T13:12:58.3979611Z"},"nsu=http://opcfoundation.org/UA/Plc/Applications;s=FastRandomUIntScalar1":{"Value":{"Type":7,"Body":3047932977},"SourceTimestamp":"2024-04-27T13:12:58.3979201Z","ServerTimestamp":"2024-04-27T13:12:58.3979234Z"},"nsu=http://opcfoundation.org/UA/Plc/Applications;s=FastRandomUIntScalar2":{"Value":{"Type":7,"Body":1129002106},"SourceTimestamp":"2024-04-27T13:12:58.3979368Z","ServerTimestamp":"2024-04-27T13:12:58.3979376Z"},"nsu=http://opcfoundation.org/UA/Plc/Applications;s=FastRandomUIntScalar3":{"Value":{"Type":7,"Body":2298567935},"SourceTimestamp":"2024-04-27T13:12:58.3979395Z","ServerTimestamp":"2024-04-27T13:12:58.3979405Z"},"nsu=http://opcfoundation.org/UA/Plc/Applications;s=SpikeData":{"Value":{"Type":11,"Body":36.812455268467801},"SourceTimestamp":"2024-04-27T13:12:59.196173Z","ServerTimestamp":"2024-04-27T13:12:59.1961796Z"}}}]}