{"MessageId":"c41e7ee5-b436-4845-b893-c270656bdbef","MessageType":"ua-data","PublisherId":"DESKTOP-BGFJS91","DataSetWriterGroup":"<<UnknownWriterGroup>>","Messages":[{"SequenceNumber":60,"MetaDataVersion":{"MajorVersion":1},"Timestamp":"2024-04-27T13:13:02.1980927Z","MessageType":"ua-deltaframe","DataSetWriterName":"<<UnknownDataSet>>","Payload":{"nsu=http://opcfoundation.org/UA/Plc/Applications;s=StepUp":{"Value":{"Type":7,"Body":677},"SourceTimestamp":"2024-04-27T13:13:02.0879798Z","ServerTimestamp":"2024-04-27T13:13:02.0879833Z"},"nsu=http://opcfoundation.org/UA/Plc/Applications;s=RandomSignedInt32":{"Value":{"Type":6,"Body":-1122159767},"SourceTimestamp":"2024-04-27T13:13:02.0880068Z","ServerTimestamp":"2024-04-27T13:13:02.0880161Z"},"nsu=http://opcfoundation.org/UA/Plc/Applications;s=RandomUnsignedInt32":{"Value":{"Type":7,"Body":1011808396},"SourceTimestamp":"2024-04-27T13:13:02.0880101Z","ServerTimestamp":"2024-04-27T13:13:02.088037Z"},"nsu=http://opcfoundation.org/UA/Plc/Applications;s=DipData":{"Value":{"Type":11,"Body":12.53332335643041},"SourceTimestamp":"2024-04-27T13:13:02.0880271Z","ServerTimestamp":"2024-04-27T13:13:02.0880301Z"},"nsu=http://opcfoundation.org/UA/Plc/Applications;s=FastUIntScalar1":{"Value":{"Type":7,"Body":67},"SourceTimestamp":"2024-04-27T13:13:01.3964599Z","ServerTimestamp":"2024-04-27T13:13:01.3964639Z"},"nsu=http://opcfoundation.org/UA/Plc/Applications;s=FastUIntScalar2":{"Value":{"Type":7,"Body":67},"SourceTimestamp":"2024-04-27T13:13:01.3964786Z","ServerTimestamp":"2024-04-27T13:13:01.3964836Z"},"nsu=http://opcfoundation.org/UA/Plc/Applications;s=FastUIntScalar3":{"Value":{"Type":7,"Body":67},"SourceTimestamp":"2024-04-27T13:13:01.3964859Z","ServerTimestamp":"2024-04-27T13:13:01.3964878Z"},"nsu=http://opcfoundation.org/UA/Plc/Applications;s=FastRandomUIntScalar1":{"Value":{"Type":7,"Body":2955578452},"SourceTimestamp":"2024-04-27T13:13:01.3964599Z","ServerTimestamp":"2024-04-27T13:13:01.3964785Z"},"nsu=http://opcfoundation.org/UA/Plc/Applications;s=FastRandomUIntScalar2":{"Value":{"Type":7,"Body":1622104098},"SourceTimestamp":"2024-04-27T13:13:01.3964837Z","ServerTimestamp":"2024-04-27T13:13:01.3964857Z"},"nsu=http://opcfoundation.org/UA/Plc/Applications;s=FastRandomUIntScalar3":{"Value":{"Type":7,"Body":2823539844},"SourceTimestamp":"2024-04-27T13:13:01.3964878Z","ServerTimestamp":"2024-04-27T13:13:01.3964898Z"},"nsu=http://opcfoundation.org/UA/Plc/Applications;s=SpikeData":{"Value":{"Type":11,"Body":12.53332335643041},"SourceTimestamp":"2024-04-27T13:13:02.0880411Z","ServerTimestamp":"2024-04-27T13:13:02.0880424Z"}}}]}