{"MessageId":"1431d736-9ff6-481f-aeff-0be48994f562","MessageType":"ua-data","PublisherId":"DESKTOP-BGFJS91","DataSetWriterGroup":"<<UnknownWriterGroup>>","Messages":[{"SequenceNumber":61,"MetaDataVersion":{"MajorVersion":1},"Timestamp":"2024-04-27T13:13:03.2511743Z","MessageType":"ua-deltaframe","DataSetWriterName":"<<UnknownDataSet>>","Payload":{"nsu=http://opcfoundation.org/UA/Plc/Applications;s=StepUp":{"Value":{"Type":7,"Body":688},"SourceTimestamp":"2024-04-27T13:13:03.1890419Z","ServerTimestamp":"2024-04-27T13:13:03.1890457Z"},"nsu=http://opcfoundation.org/UA/Plc/Applications;s=RandomSignedInt32":{"Value":{"Type":6,"Body":545025462},"SourceTimestamp":"2024-04-27T13:13:03.1890632Z","ServerTimestamp":"2024-04-27T13:13:03.1890643Z"},"nsu=http://opcfoundation.org/UA/Plc/Applications;s=RandomUnsignedInt32":{"Value":{"Type":7,"Body":1236161249},"SourceTimestamp":"2024-04-27T13:13:03.1890653Z","ServerTimestamp":"2024-04-27T13:13:03.1890692Z"},"nsu=http://opcfoundation.org/UA/Plc/Applications;s=DipData":{"Value":{"Type":11,"Body":99.80267284282715},"SourceTimestamp":"2024-04-27T13:13:03.1890749Z","ServerTimestamp":"2024-04-27T13:13:03.1890792Z"},"nsu=http://opcfoundation.org/UA/Plc/Applications;s=FastUIntScalar1":{"Value":{"Type":7,"Body":68},"SourceTimestamp":"2024-04-27T13:13:02.3825501Z","ServerTimestamp":"2024-04-27T13:13:02.3825692Z"},"nsu=http://opcfoundation.org/UA/Plc/Applications;s=FastUIntScalar2":{"Value":{"Type":7,"Body":68},"SourceTimestamp":"2024-04-27T13:13:02.3825715Z","ServerTimestamp":"2024-04-27T13:13:02.3825722Z"},"nsu=http://opcfoundation.org/UA/Plc/Applications;s=FastUIntScalar3":{"Value":{"Type":7,"Body":68},"SourceTimestamp":"2024-04-27T13:13:02.3825733Z","ServerTimestamp":"2024-04-27T13:13:02.3825742Z"},"nsu=http://opcfoundation.org/UA/Plc/Applications;s=FastRandomUIntScalar1":{"Value":{"Type":7,"Body":4060308845},"SourceTimestamp":"2024-04-27T13:13:02.3825554Z","ServerTimestamp":"2024-04-27T13:13:02.3825568Z"},"nsu=http://opcfoundation.org/UA/Plc/Applications;s=FastRandomUIntScalar2":{"Value":{"Type":7,"Body":14551480},"SourceTimestamp":"2024-04-27T13:13:02.3825692Z","ServerTimestamp":"2024-04-27T13:13:02.3825712Z"},"nsu=http://opcfoundation.org/UA/Plc/Applications;s=FastRandomUIntScalar3":{"Value":{"Type":7,"Body":3246839631},"SourceTimestamp":"2024-04-27T13:13:02.3825723Z","ServerTimestamp":"2024-04-27T13:13:02.3825731Z"},"nsu=http://opcfoundation.org/UA/Plc/Applications;s=SpikeData":{"Value":{"Type":11,"Body":99.80267284282715},"SourceTimestamp":"2024-04-27T13:13:03.1890755Z","ServerTimestamp":"2024-04-27T13:13:03.1890779Z"}}}]}