{"MessageId":"f2ca71ec-93a3-42dc-8a90-49340f938f93","MessageType":"ua-data","PublisherId":"DESKTOP-BGFJS91","DataSetWriterGroup":"<<UnknownWriterGroup>>","Messages":[{"SequenceNumber":62,"MetaDataVersion":{"MajorVersion":1},"Timestamp":"2024-04-27T13:13:04.2398829Z","MessageType":"ua-deltaframe","DataSetWriterName":"<<UnknownDataSet>>","Payload":{"nsu=http://opcfoundation.org/UA/Plc/Applications;s=StepUp":{"Value":{"Type":7,"Body":698},"SourceTimestamp":"2024-04-27T13:13:04.1926961Z","ServerTimestamp":"2024-04-27T13:13:04.1927014Z"},"nsu=http://opcfoundation.org/UA/Plc/Applications;s=RandomSignedInt32":{"Value":{"Type":6,"Body":-987705056},"SourceTimestamp":"2024-04-27T13:13:04.1927623Z","ServerTimestamp":"2024-04-27T13:13:04.1927654Z"},"nsu=http://opcfoundation.org/UA/Plc/Applications;s=RandomUnsignedInt32":{"Value":{"Type":7,"Body":813235006},"SourceTimestamp":"2024-04-27T13:13:04.192735Z","ServerTimestamp":"2024-04-27T13:13:04.1927479Z"},"nsu=http://opcfoundation.org/UA/Plc/Applications;s=DipData":{"Value":{"Type":11,"Body":36.812455268467801},"SourceTimestamp":"2024-04-27T13:13:04.1927596Z","ServerTimestamp":"2024-04-27T13:13:04.192761Z"},"nsu=http://opcfoundation.org/UA/Plc/Applications;s=FastUIntScalar1":{"Value":{"Type":7,"Body":69},"SourceTimestamp":"2024-04-27T13:13:03.3895077Z","ServerTimestamp":"2024-04-27T13:13:03.3895107Z"},"nsu=http://opcfoundation.org/UA/Plc/Applications;s=FastUIntScalar2":{"Value":{"Type":7,"Body":69},"SourceTimestamp":"2024-04-27T13:13:03.3895256Z","ServerTimestamp":"2024-04-27T13:13:03.3895267Z"},"nsu=http://opcfoundation.org/UA/Plc/Applications;s=FastUIntScalar3":{"Value":{"Type":7,"Body":69},"SourceTimestamp":"2024-04-27T13:13:03.389529Z","ServerTimestamp":"2024-04-27T13:13:03.3895299Z"},"nsu=http://opcfoundation.org/UA/Plc/Applications;s=FastRandomUIntScalar1":{"Value":{"Type":7,"Body":2972214683},"SourceTimestamp":"2024-04-27T13:13:03.3895389Z","ServerTimestamp":"2024-04-27T13:13:03.3895433Z"},"nsu=http://opcfoundation.org/UA/Plc/Applications;s=FastRandomUIntScalar2":{"Value":{"Type":7,"Body":1057682029},"SourceTimestamp":"2024-04-27T13:13:03.389572Z","ServerTimestamp":"2024-04-27T13:13:03.3896066Z"},"nsu=http://opcfoundation.org/UA/Plc/Applications;s=FastRandomUIntScalar3":{"Value":{"Type":7,"Body":330987566},"SourceTimestamp":"2024-04-27T13:13:03.3896091Z","ServerTimestamp":"2024-04-27T13:13:03.3896106Z"},"nsu=http://opcfoundation.org/UA/Plc/Applications;s=SpikeData":{"Value":{"Type":11,"Body":36.812455268467801},"SourceTimestamp":"2024-04-27T13:13:04.1927674Z","ServerTimestamp":"2024-04-27T13:13:04.1927765Z"}}}]}