{"MessageId":"d8661b51-a450-4cf8-a7be-4b02848caebe","MessageType":"ua-data","PublisherId":"DESKTOP-BGFJS91","DataSetWriterGroup":"<<UnknownWriterGroup>>","Messages":[{"DataSetWriterId":1,"SequenceNumber":7,"MetaDataVersion":{"MajorVersion":1},"Timestamp":"2024-04-27T13:13:05.2962118Z","MessageType":"ua-deltaframe","DataSetWriterName":"<<UnknownDataSet>>","Payload":{"nsu=http://opcfoundation.org/UA/Plc/Applications;s=SlowUIntScalar1":{"Value":{"Type":7,"Body":7},"SourceTimestamp":"2024-04-27T13:13:04.3944625Z","ServerTimestamp":"2024-04-27T13:13:04.3944665Z"},"nsu=http://opcfoundation.org/UA/Plc/Applications;s=SlowUIntScalar2":{"Value":{"Type":7,"Body":7},"SourceTimestamp":"2024-04-27T13:13:04.3944804Z","ServerTimestamp":"2024-04-27T13:13:04.3944813Z"},"nsu=http://opcfoundation.org/UA/Plc/Applications;s=SlowUIntScalar3":{"Value":{"Type":7,"Body":7},"SourceTimestamp":"2024-04-27T13:13:04.3944829Z","ServerTimestamp":"2024-04-27T13:13:04.3944837Z"},"nsu=http://opcfoundation.org/UA/Plc/Applications;s=BadSlowUIntScalar1":{"Value":{"Type":7,"Body":7},"SourceTimestamp":"2024-04-27T13:13:04.3944853Z","ServerTimestamp":"2024-04-27T13:13:04.3944862Z"},"nsu=http://opcfoundation.org/UA/Plc/Applications;s=SlowRandomUIntScalar1":{"Value":{"Type":7,"Body":3954888055},"SourceTimestamp":"2024-04-27T13:13:04.3945139Z","ServerTimestamp":"2024-04-27T13:13:04.3945155Z"},"nsu=http://opcfoundation.org/UA/Plc/Applications;s=SlowRandomUIntScalar2":{"Value":{"Type":7,"Body":2023107231},"SourceTimestamp":"2024-04-27T13:13:04.3945215Z","ServerTimestamp":"2024-04-27T13:13:04.394522Z"},"nsu=http://opcfoundation.org/UA/Plc/Applications;s=SlowRandomUIntScalar3":{"Value":{"Type":7,"Body":2822614289},"SourceTimestamp":"2024-04-27T13:13:04.3945231Z","ServerTimestamp":"2024-04-27T13:13:04.3945236Z"},"nsu=http://opcfoundation.org/UA/Plc/Applications;s=BadSlowRandomUIntScalar1":{"Value":{"Type":7,"Body":2169423853},"SourceTimestamp":"2024-04-27T13:13:04.3945246Z","ServerTimestamp":"2024-04-27T13:13:04.394525Z"}}}]}