{"MessageId":"c16ac2e7-d18f-45b9-9801-8c74aa03c414","MessageType":"ua-data","PublisherId":"DESKTOP-BGFJS91","DataSetWriterGroup":"<<UnknownWriterGroup>>","Messages":[{"SequenceNumber":67,"MetaDataVersion":{"MajorVersion":1},"Timestamp":"2024-04-27T13:13:10.1958811Z","MessageType":"ua-deltaframe","DataSetWriterName":"<<UnknownDataSet>>","Payload":{"nsu=http://opcfoundation.org/UA/Plc/Applications;s=StepUp":{"Value":{"Type":7,"Body":758},"SourceTimestamp":"2024-04-27T13:13:10.1954017Z","ServerTimestamp":"2024-04-27T13:13:10.1954052Z"},"nsu=http://opcfoundation.org/UA/Plc/Applications;s=AlternatingBoolean":{"Value":{"Type":1,"Body":false},"SourceTimestamp":"2024-04-27T13:13:09.4952488Z","ServerTimestamp":"2024-04-27T13:13:09.4952499Z"},"nsu=http://opcfoundation.org/UA/Plc/Applications;s=RandomSignedInt32":{"Value":{"Type":6,"Body":1467935799},"SourceTimestamp":"2024-04-27T13:13:10.0838745Z","ServerTimestamp":"2024-04-27T13:13:10.0838768Z"},"nsu=http://opcfoundation.org/UA/Plc/Applications;s=RandomUnsignedInt32":{"Value":{"Type":7,"Body":476883331},"SourceTimestamp":"2024-04-27T13:13:10.0838784Z","ServerTimestamp":"2024-04-27T13:13:10.0838841Z"},"nsu=http://opcfoundation.org/UA/Plc/Applications;s=DipData":{"Value":{"Type":11,"Body":-68.454710592868821},"SourceTimestamp":"2024-04-27T13:13:10.0838923Z","ServerTimestamp":"2024-04-27T13:13:10.0838953Z"},"nsu=http://opcfoundation.org/UA/Plc/Applications;s=FastUIntScalar1":{"Value":{"Type":7,"Body":75},"SourceTimestamp":"2024-04-27T13:13:09.3873292Z","ServerTimestamp":"2024-04-27T13:13:09.387333Z"},"nsu=http://opcfoundation.org/UA/Plc/Applications;s=FastUIntScalar2":{"Value":{"Type":7,"Body":75},"SourceTimestamp":"2024-04-27T13:13:09.3873777Z","ServerTimestamp":"2024-04-27T13:13:09.3873995Z"},"nsu=http://opcfoundation.org/UA/Plc/Applications;s=FastUIntScalar3":{"Value":{"Type":7,"Body":75},"SourceTimestamp":"2024-04-27T13:13:09.3874368Z","ServerTimestamp":"2024-04-27T13:13:09.3874547Z"},"nsu=http://opcfoundation.org/UA/Plc/Applications;s=FastRandomUIntScalar1":{"Value":{"Type":7,"Body":4193019883},"SourceTimestamp":"2024-04-27T13:13:09.3873492Z","ServerTimestamp":"2024-04-27T13:13:09.3873805Z"},"nsu=http://opcfoundation.org/UA/Plc/Applications;s=FastRandomUIntScalar2":{"Value":{"Type":7,"Body":901316656},"SourceTimestamp":"2024-04-27T13:13:09.3873968Z","ServerTimestamp":"2024-04-27T13:13:09.3874351Z"},"nsu=http://opcfoundation.org/UA/Plc/Applications;s=FastRandomUIntScalar3":{"Value":{"Type":7,"Body":4228142816},"SourceTimestamp":"2024-04-27T13:13:09.3874381Z","ServerTimestamp":"2024-04-27T13:13:09.3874571Z"},"nsu=http://opcfoundation.org/UA/Plc/Applications;s=NegativeTrendData":{"Value":{"Type":11,"Body":99},"SourceTimestamp":"2024-04-27T13:13:09.495271Z","ServerTimestamp":"2024-04-27T13:13:09.4952871Z"},"nsu=http://opcfoundation.org/UA/Plc/Applications;s=PositiveTrendData":{"Value":{"Type":11,"Body":100.8},"SourceTimestamp":"2024-04-27T13:13:09.4953076Z","ServerTimestamp":"2024-04-27T13:13:09.4953105Z"},"nsu=http://opcfoundation.org/UA/Plc/Applications;s=SpikeData":{"Value":{"Type":11,"Body":-68.454710592868821},"SourceTimestamp":"2024-04-27T13:13:10.0838962Z","ServerTimestamp":"2024-04-27T13:13:10.0839039Z"}}}]}