{"MessageId":"831b9189-6a17-48fa-a7e3-68dcc6ab5d4d","MessageType":"ua-data","PublisherId":"DESKTOP-BGFJS91","DataSetWriterGroup":"<<UnknownWriterGroup>>","Messages":[{"SequenceNumber":70,"MetaDataVersion":{"MajorVersion":1},"Timestamp":"2024-04-27T13:13:13.2249076Z","MessageType":"ua-deltaframe","DataSetWriterName":"<<UnknownDataSet>>","Payload":{"nsu=http://opcfoundation.org/UA/Plc/Applications;s=StepUp":{"Value":{"Type":7,"Body":788},"SourceTimestamp":"2024-04-27T13:13:13.1932966Z","ServerTimestamp":"2024-04-27T13:13:13.1933117Z"},"nsu=http://opcfoundation.org/UA/Plc/Applications;s=RandomSignedInt32":{"Value":{"Type":6,"Body":-844137582},"SourceTimestamp":"2024-04-27T13:13:13.1933257Z","ServerTimestamp":"2024-04-27T13:13:13.1933273Z"},"nsu=http://opcfoundation.org/UA/Plc/Applications;s=RandomUnsignedInt32":{"Value":{"Type":7,"Body":1219724630},"SourceTimestamp":"2024-04-27T13:13:13.193343Z","ServerTimestamp":"2024-04-27T13:13:13.1933475Z"},"nsu=http://opcfoundation.org/UA/Plc/Applications;s=DipData":{"Value":{"Type":11,"Body":99.80267284282715},"SourceTimestamp":"2024-04-27T13:13:13.1933418Z","ServerTimestamp":"2024-04-27T13:13:13.1933531Z"},"nsu=http://opcfoundation.org/UA/Plc/Applications;s=FastUIntScalar1":{"Value":{"Type":7,"Body":78},"SourceTimestamp":"2024-04-27T13:13:12.3884204Z","ServerTimestamp":"2024-04-27T13:13:12.388424Z"},"nsu=http://opcfoundation.org/UA/Plc/Applications;s=FastUIntScalar2":{"Value":{"Type":7,"Body":78},"SourceTimestamp":"2024-04-27T13:13:12.3884382Z","ServerTimestamp":"2024-04-27T13:13:12.3884393Z"},"nsu=http://opcfoundation.org/UA/Plc/Applications;s=FastUIntScalar3":{"Value":{"Type":7,"Body":78},"SourceTimestamp":"2024-04-27T13:13:12.3884418Z","ServerTimestamp":"2024-04-27T13:13:12.3884427Z"},"nsu=http://opcfoundation.org/UA/Plc/Applications;s=FastRandomUIntScalar1":{"Value":{"Type":7,"Body":1845841397},"SourceTimestamp":"2024-04-27T13:13:12.3884043Z","ServerTimestamp":"2024-04-27T13:13:12.3884072Z"},"nsu=http://opcfoundation.org/UA/Plc/Applications;s=FastRandomUIntScalar2":{"Value":{"Type":7,"Body":1951492972},"SourceTimestamp":"2024-04-27T13:13:12.3884203Z","ServerTimestamp":"2024-04-27T13:13:12.388421Z"},"nsu=http://opcfoundation.org/UA/Plc/Applications;s=FastRandomUIntScalar3":{"Value":{"Type":7,"Body":1385038377},"SourceTimestamp":"2024-04-27T13:13:12.3884224Z","ServerTimestamp":"2024-04-27T13:13:12.3884374Z"},"nsu=http://opcfoundation.org/UA/Plc/Applications;s=SpikeData":{"Value":{"Type":11,"Body":99.80267284282715},"SourceTimestamp":"2024-04-27T13:13:13.1933615Z","ServerTimestamp":"2024-04-27T13:13:13.1933636Z"}}}]}