{"MessageId":"8195f4eb-9376-4f89-972a-a6668a92b022","MessageType":"ua-data","PublisherId":"DESKTOP-BGFJS91","DataSetWriterGroup":"<<UnknownWriterGroup>>","Messages":[{"DataSetWriterId":1,"SequenceNumber":8,"MetaDataVersion":{"MajorVersion":1},"Timestamp":"2024-04-27T13:13:15.331817Z","MessageType":"ua-deltaframe","DataSetWriterName":"<<UnknownDataSet>>","Payload":{"nsu=http://opcfoundation.org/UA/Plc/Applications;s=SlowUIntScalar1":{"Value":{"Type":7,"Body":8},"SourceTimestamp":"2024-04-27T13:13:14.3857279Z","ServerTimestamp":"2024-04-27T13:13:14.3857303Z"},"nsu=http://opcfoundation.org/UA/Plc/Applications;s=SlowUIntScalar2":{"Value":{"Type":7,"Body":8},"SourceTimestamp":"2024-04-27T13:13:14.3857435Z","ServerTimestamp":"2024-04-27T13:13:14.3857507Z"},"nsu=http://opcfoundation.org/UA/Plc/Applications;s=SlowUIntScalar3":{"Value":{"Type":7,"Body":8},"SourceTimestamp":"2024-04-27T13:13:14.3857549Z","ServerTimestamp":"2024-04-27T13:13:14.3857563Z"},"nsu=http://opcfoundation.org/UA/Plc/Applications;s=BadSlowUIntScalar1":{"Value":{"Type":7,"Body":8},"StatusCode":1083179008,"SourceTimestamp":"2024-04-27T13:13:14.3857576Z","ServerTimestamp":"2024-04-27T13:13:14.3857581Z"},"nsu=http://opcfoundation.org/UA/Plc/Applications;s=SlowRandomUIntScalar1":{"Value":{"Type":7,"Body":1035371098},"SourceTimestamp":"2024-04-27T13:13:14.3857389Z","ServerTimestamp":"2024-04-27T13:13:14.3857441Z"},"nsu=http://opcfoundation.org/UA/Plc/Applications;s=SlowRandomUIntScalar2":{"Value":{"Type":7,"Body":2277086353},"SourceTimestamp":"2024-04-27T13:13:14.3857507Z","ServerTimestamp":"2024-04-27T13:13:14.385755Z"},"nsu=http://opcfoundation.org/UA/Plc/Applications;s=SlowRandomUIntScalar3":{"Value":{"Type":7,"Body":2352047109},"SourceTimestamp":"2024-04-27T13:13:14.3857563Z","ServerTimestamp":"2024-04-27T13:13:14.3857572Z"},"nsu=http://opcfoundation.org/UA/Plc/Applications;s=BadSlowRandomUIntScalar1":{"Value":{"Type":7,"Body":2684543674},"StatusCode":1083179008,"SourceTimestamp":"2024-04-27T13:13:14.3857586Z","ServerTimestamp":"2024-04-27T13:13:14.385759Z"}}}]}