{"MessageId":"66d33e4a-b048-4aae-960c-39e02c0b57d5","MessageType":"ua-data","PublisherId":"DESKTOP-BGFJS91","DataSetWriterGroup":"<<UnknownWriterGroup>>","Messages":[{"SequenceNumber":73,"MetaDataVersion":{"MajorVersion":1},"Timestamp":"2024-04-27T13:13:16.1988595Z","MessageType":"ua-deltaframe","DataSetWriterName":"<<UnknownDataSet>>","Payload":{"nsu=http://opcfoundation.org/UA/Plc/Applications;s=StepUp":{"Value":{"Type":7,"Body":818},"SourceTimestamp":"2024-04-27T13:13:16.1831509Z","ServerTimestamp":"2024-04-27T13:13:16.1831553Z"},"nsu=http://opcfoundation.org/UA/Plc/Applications;s=RandomSignedInt32":{"Value":{"Type":6,"Body":-1643159052},"SourceTimestamp":"2024-04-27T13:13:16.183184Z","ServerTimestamp":"2024-04-27T13:13:16.1831851Z"},"nsu=http://opcfoundation.org/UA/Plc/Applications;s=RandomUnsignedInt32":{"Value":{"Type":7,"Body":1201589403},"SourceTimestamp":"2024-04-27T13:13:16.1831917Z","ServerTimestamp":"2024-04-27T13:13:16.1831926Z"},"nsu=http://opcfoundation.org/UA/Plc/Applications;s=DipData":{"Value":{"Type":11,"Body":-84.432792550201526},"SourceTimestamp":"2024-04-27T13:13:16.183225Z","ServerTimestamp":"2024-04-27T13:13:16.1832295Z"},"nsu=http://opcfoundation.org/UA/Plc/Applications;s=FastUIntScalar1":{"Value":{"Type":7,"Body":81},"SourceTimestamp":"2024-04-27T13:13:15.3924887Z","ServerTimestamp":"2024-04-27T13:13:15.3924923Z"},"nsu=http://opcfoundation.org/UA/Plc/Applications;s=FastUIntScalar2":{"Value":{"Type":7,"Body":81},"SourceTimestamp":"2024-04-27T13:13:15.392508Z","ServerTimestamp":"2024-04-27T13:13:15.3925092Z"},"nsu=http://opcfoundation.org/UA/Plc/Applications;s=FastUIntScalar3":{"Value":{"Type":7,"Body":81},"SourceTimestamp":"2024-04-27T13:13:15.3925112Z","ServerTimestamp":"2024-04-27T13:13:15.3925122Z"},"nsu=http://opcfoundation.org/UA/Plc/Applications;s=FastRandomUIntScalar1":{"Value":{"Type":7,"Body":3016552237},"SourceTimestamp":"2024-04-27T13:13:15.3925202Z","ServerTimestamp":"2024-04-27T13:13:15.3925211Z"},"nsu=http://opcfoundation.org/UA/Plc/Applications;s=FastRandomUIntScalar2":{"Value":{"Type":7,"Body":2349135441},"SourceTimestamp":"2024-04-27T13:13:15.3925236Z","ServerTimestamp":"2024-04-27T13:13:15.3925246Z"},"nsu=http://opcfoundation.org/UA/Plc/Applications;s=FastRandomUIntScalar3":{"Value":{"Type":7,"Body":4076267904},"SourceTimestamp":"2024-04-27T13:13:15.3925266Z","ServerTimestamp":"2024-04-27T13:13:15.3925276Z"},"nsu=http://opcfoundation.org/UA/Plc/Applications;s=SpikeData":{"Value":{"Type":11,"Body":-84.432792550201526},"SourceTimestamp":"2024-04-27T13:13:16.1832331Z","ServerTimestamp":"2024-04-27T13:13:16.1832426Z"}}}]}