{"MessageId":"27724f84-77e0-41e7-a117-678133dcdc56","MessageType":"ua-data","PublisherId":"DESKTOP-BGFJS91","DataSetWriterGroup":"<<UnknownWriterGroup>>","Messages":[{"SequenceNumber":76,"MetaDataVersion":{"MajorVersion":1},"Timestamp":"2024-04-27T13:13:19.2524098Z","MessageType":"ua-deltaframe","DataSetWriterName":"<<UnknownDataSet>>","Payload":{"nsu=http://opcfoundation.org/UA/Plc/Applications;s=StepUp":{"Value":{"Type":7,"Body":848},"SourceTimestamp":"2024-04-27T13:13:19.1874777Z","ServerTimestamp":"2024-04-27T13:13:19.1874883Z"},"nsu=http://opcfoundation.org/UA/Plc/Applications;s=RandomSignedInt32":{"Value":{"Type":6,"Body":429681663},"SourceTimestamp":"2024-04-27T13:13:19.1875025Z","ServerTimestamp":"2024-04-27T13:13:19.1875037Z"},"nsu=http://opcfoundation.org/UA/Plc/Applications;s=RandomUnsignedInt32":{"Value":{"Type":7,"Body":826050440},"SourceTimestamp":"2024-04-27T13:13:19.1875093Z","ServerTimestamp":"2024-04-27T13:13:19.1875102Z"},"nsu=http://opcfoundation.org/UA/Plc/Applications;s=DipData":{"Value":{"Type":11,"Body":36.812455268467801},"SourceTimestamp":"2024-04-27T13:13:19.1875481Z","ServerTimestamp":"2024-04-27T13:13:19.1875496Z"},"nsu=http://opcfoundation.org/UA/Plc/Applications;s=FastUIntScalar1":{"Value":{"Type":7,"Body":84},"SourceTimestamp":"2024-04-27T13:13:18.3925151Z","ServerTimestamp":"2024-04-27T13:13:18.3925296Z"},"nsu=http://opcfoundation.org/UA/Plc/Applications;s=FastUIntScalar2":{"Value":{"Type":7,"Body":84},"SourceTimestamp":"2024-04-27T13:13:18.3925365Z","ServerTimestamp":"2024-04-27T13:13:18.3925379Z"},"nsu=http://opcfoundation.org/UA/Plc/Applications;s=FastUIntScalar3":{"Value":{"Type":7,"Body":84},"SourceTimestamp":"2024-04-27T13:13:18.3925392Z","ServerTimestamp":"2024-04-27T13:13:18.3925401Z"},"nsu=http://opcfoundation.org/UA/Plc/Applications;s=FastRandomUIntScalar1":{"Value":{"Type":7,"Body":493596881},"SourceTimestamp":"2024-04-27T13:13:18.3925138Z","ServerTimestamp":"2024-04-27T13:13:18.3925165Z"},"nsu=http://opcfoundation.org/UA/Plc/Applications;s=FastRandomUIntScalar2":{"Value":{"Type":7,"Body":2283400288},"SourceTimestamp":"2024-04-27T13:13:18.3925289Z","ServerTimestamp":"2024-04-27T13:13:18.3925364Z"},"nsu=http://opcfoundation.org/UA/Plc/Applications;s=FastRandomUIntScalar3":{"Value":{"Type":7,"Body":1634883076},"SourceTimestamp":"2024-04-27T13:13:18.392538Z","ServerTimestamp":"2024-04-27T13:13:18.3925391Z"},"nsu=http://opcfoundation.org/UA/Plc/Applications;s=SpikeData":{"Value":{"Type":11,"Body":36.812455268467801},"SourceTimestamp":"2024-04-27T13:13:19.1875356Z","ServerTimestamp":"2024-04-27T13:13:19.1875365Z"}}}]}