{"MessageId":"a12b7a31-fb76-41a8-96d2-c163abf4e553","MessageType":"ua-data","PublisherId":"DESKTOP-BGFJS91","DataSetWriterGroup":"<<UnknownWriterGroup>>","Messages":[{"SequenceNumber":78,"MetaDataVersion":{"MajorVersion":1},"Timestamp":"2024-04-27T13:13:21.2423706Z","MessageType":"ua-deltaframe","DataSetWriterName":"<<UnknownDataSet>>","Payload":{"nsu=http://opcfoundation.org/UA/Plc/Applications;s=StepUp":{"Value":{"Type":7,"Body":868},"SourceTimestamp":"2024-04-27T13:13:21.1952735Z","ServerTimestamp":"2024-04-27T13:13:21.1952775Z"},"nsu=http://opcfoundation.org/UA/Plc/Applications;s=RandomSignedInt32":{"Value":{"Type":6,"Body":784056512},"SourceTimestamp":"2024-04-27T13:13:21.1953102Z","ServerTimestamp":"2024-04-27T13:13:21.1953112Z"},"nsu=http://opcfoundation.org/UA/Plc/Applications;s=RandomUnsignedInt32":{"Value":{"Type":7,"Body":694975005},"SourceTimestamp":"2024-04-27T13:13:21.1953166Z","ServerTimestamp":"2024-04-27T13:13:21.195329Z"},"nsu=http://opcfoundation.org/UA/Plc/Applications;s=DipData":{"Value":{"Type":11,"Body":-84.432792550201526},"SourceTimestamp":"2024-04-27T13:13:21.1953484Z","ServerTimestamp":"2024-04-27T13:13:21.1953742Z"},"nsu=http://opcfoundation.org/UA/Plc/Applications;s=FastUIntScalar1":{"Value":{"Type":7,"Body":86},"SourceTimestamp":"2024-04-27T13:13:20.3863178Z","ServerTimestamp":"2024-04-27T13:13:20.3863208Z"},"nsu=http://opcfoundation.org/UA/Plc/Applications;s=FastUIntScalar2":{"Value":{"Type":7,"Body":86},"SourceTimestamp":"2024-04-27T13:13:20.3863352Z","ServerTimestamp":"2024-04-27T13:13:20.3863359Z"},"nsu=http://opcfoundation.org/UA/Plc/Applications;s=FastUIntScalar3":{"Value":{"Type":7,"Body":86},"SourceTimestamp":"2024-04-27T13:13:20.3863371Z","ServerTimestamp":"2024-04-27T13:13:20.3863379Z"},"nsu=http://opcfoundation.org/UA/Plc/Applications;s=FastRandomUIntScalar1":{"Value":{"Type":7,"Body":2980289082},"SourceTimestamp":"2024-04-27T13:13:20.3863204Z","ServerTimestamp":"2024-04-27T13:13:20.3863422Z"},"nsu=http://opcfoundation.org/UA/Plc/Applications;s=FastRandomUIntScalar2":{"Value":{"Type":7,"Body":1800259430},"SourceTimestamp":"2024-04-27T13:13:20.3863492Z","ServerTimestamp":"2024-04-27T13:13:20.3863933Z"},"nsu=http://opcfoundation.org/UA/Plc/Applications;s=FastRandomUIntScalar3":{"Value":{"Type":7,"Body":39137431},"SourceTimestamp":"2024-04-27T13:13:20.3863967Z","ServerTimestamp":"2024-04-27T13:13:20.3863976Z"},"nsu=http://opcfoundation.org/UA/Plc/Applications;s=SpikeData":{"Value":{"Type":11,"Body":-84.432792550201526},"SourceTimestamp":"2024-04-27T13:13:21.1953492Z","ServerTimestamp":"2024-04-27T13:13:21.1953503Z"}}}]}