{"MessageId":"f381d128-1968-4723-942f-254be887e5f7","MessageType":"ua-data","PublisherId":"DESKTOP-BGFJS91","DataSetWriterGroup":"<<UnknownWriterGroup>>","Messages":[{"SequenceNumber":9,"MetaDataVersion":{"MajorVersion":1},"Timestamp":"2024-04-27T13:12:04.2266859Z","MessageType":"ua-deltaframe","DataSetWriterName":"<<UnknownDataSet>>","Payload":{"nsu=http://opcfoundation.org/UA/Plc/Applications;s=StepUp":{"Value":{"Type":7,"Body":98},"SourceTimestamp":"2024-04-27T13:12:04.1952203Z","ServerTimestamp":"2024-04-27T13:12:04.1952243Z"},"nsu=http://opcfoundation.org/UA/Plc/Applications;s=RandomSignedInt32":{"Value":{"Type":6,"Body":-706420744},"SourceTimestamp":"2024-04-27T13:12:04.1952423Z","ServerTimestamp":"2024-04-27T13:12:04.1953223Z"},"nsu=http://opcfoundation.org/UA/Plc/Applications;s=RandomUnsignedInt32":{"Value":{"Type":7,"Body":1025336944},"SourceTimestamp":"2024-04-27T13:12:04.1952646Z","ServerTimestamp":"2024-04-27T13:12:04.1952746Z"},"nsu=http://opcfoundation.org/UA/Plc/Applications;s=DipData":{"Value":{"Type":11,"Body":36.812455268467801},"SourceTimestamp":"2024-04-27T13:12:04.1953214Z","ServerTimestamp":"2024-04-27T13:12:04.1953359Z"},"nsu=http://opcfoundation.org/UA/Plc/Applications;s=FastUIntScalar1":{"Value":{"Type":7,"Body":9},"SourceTimestamp":"2024-04-27T13:12:03.3933762Z","ServerTimestamp":"2024-04-27T13:12:03.3933984Z"},"nsu=http://opcfoundation.org/UA/Plc/Applications;s=FastUIntScalar2":{"Value":{"Type":7,"Body":9},"SourceTimestamp":"2024-04-27T13:12:03.3934099Z","ServerTimestamp":"2024-04-27T13:12:03.3934126Z"},"nsu=http://opcfoundation.org/UA/Plc/Applications;s=FastUIntScalar3":{"Value":{"Type":7,"Body":9},"SourceTimestamp":"2024-04-27T13:12:03.3934148Z","ServerTimestamp":"2024-04-27T13:12:03.3934174Z"},"nsu=http://opcfoundation.org/UA/Plc/Applications;s=FastRandomUIntScalar1":{"Value":{"Type":7,"Body":1112907504},"SourceTimestamp":"2024-04-27T13:12:03.3933798Z","ServerTimestamp":"2024-04-27T13:12:03.3933833Z"},"nsu=http://opcfoundation.org/UA/Plc/Applications;s=FastRandomUIntScalar2":{"Value":{"Type":7,"Body":3782466130},"SourceTimestamp":"2024-04-27T13:12:03.3933972Z","ServerTimestamp":"2024-04-27T13:12:03.3934101Z"},"nsu=http://opcfoundation.org/UA/Plc/Applications;s=FastRandomUIntScalar3":{"Value":{"Type":7,"Body":2984022879},"SourceTimestamp":"2024-04-27T13:12:03.3934127Z","ServerTimestamp":"2024-04-27T13:12:03.3934152Z"},"nsu=http://opcfoundation.org/UA/Plc/Applications;s=SpikeData":{"Value":{"Type":11,"Body":36.812455268467801},"SourceTimestamp":"2024-04-27T13:12:04.1952985Z","ServerTimestamp":"2024-04-27T13:12:04.1952999Z"}}}]}