{"MessageId":"155d280b-36c5-423a-b3b6-4e78842c8f9c","MessageType":"ua-data","PublisherId":"DESKTOP-BGFJS91","DataSetWriterGroup":"<<UnknownWriterGroup>>","Messages":[{"SequenceNumber":82,"MetaDataVersion":{"MajorVersion":1},"Timestamp":"2024-04-27T13:13:25.2146893Z","MessageType":"ua-deltaframe","DataSetWriterName":"<<UnknownDataSet>>","Payload":{"nsu=http://opcfoundation.org/UA/Plc/Applications;s=StepUp":{"Value":{"Type":7,"Body":908},"SourceTimestamp":"2024-04-27T13:13:25.1833237Z","ServerTimestamp":"2024-04-27T13:13:25.1833324Z"},"nsu=http://opcfoundation.org/UA/Plc/Applications;s=AlternatingBoolean":{"Value":{"Type":1,"Body":true},"SourceTimestamp":"2024-04-27T13:13:24.4850039Z","ServerTimestamp":"2024-04-27T13:13:24.4850077Z"},"nsu=http://opcfoundation.org/UA/Plc/Applications;s=RandomSignedInt32":{"Value":{"Type":6,"Body":1004908539},"SourceTimestamp":"2024-04-27T13:13:25.1833294Z","ServerTimestamp":"2024-04-27T13:13:25.1833763Z"},"nsu=http://opcfoundation.org/UA/Plc/Applications;s=RandomUnsignedInt32":{"Value":{"Type":7,"Body":573399377},"SourceTimestamp":"2024-04-27T13:13:25.1833384Z","ServerTimestamp":"2024-04-27T13:13:25.1833403Z"},"nsu=http://opcfoundation.org/UA/Plc/Applications;s=DipData":{"Value":{"Type":11,"Body":-77.0513242775789},"SourceTimestamp":"2024-04-27T13:13:25.183351Z","ServerTimestamp":"2024-04-27T13:13:25.1834085Z"},"nsu=http://opcfoundation.org/UA/Plc/Applications;s=FastUIntScalar1":{"Value":{"Type":7,"Body":90},"SourceTimestamp":"2024-04-27T13:13:24.3921097Z","ServerTimestamp":"2024-04-27T13:13:24.3921105Z"},"nsu=http://opcfoundation.org/UA/Plc/Applications;s=FastUIntScalar2":{"Value":{"Type":7,"Body":90},"SourceTimestamp":"2024-04-27T13:13:24.3921118Z","ServerTimestamp":"2024-04-27T13:13:24.3921123Z"},"nsu=http://opcfoundation.org/UA/Plc/Applications;s=FastUIntScalar3":{"Value":{"Type":7,"Body":90},"SourceTimestamp":"2024-04-27T13:13:24.3921135Z","ServerTimestamp":"2024-04-27T13:13:24.3921172Z"},"nsu=http://opcfoundation.org/UA/Plc/Applications;s=FastRandomUIntScalar1":{"Value":{"Type":7,"Body":2109655942},"SourceTimestamp":"2024-04-27T13:13:24.3921119Z","ServerTimestamp":"2024-04-27T13:13:24.3921134Z"},"nsu=http://opcfoundation.org/UA/Plc/Applications;s=FastRandomUIntScalar2":{"Value":{"Type":7,"Body":1157054823},"SourceTimestamp":"2024-04-27T13:13:24.3921173Z","ServerTimestamp":"2024-04-27T13:13:24.3921182Z"},"nsu=http://opcfoundation.org/UA/Plc/Applications;s=FastRandomUIntScalar3":{"Value":{"Type":7,"Body":2206767761},"SourceTimestamp":"2024-04-27T13:13:24.3921193Z","ServerTimestamp":"2024-04-27T13:13:24.3921199Z"},"nsu=http://opcfoundation.org/UA/Plc/Applications;s=NegativeTrendData":{"Value":{"Type":11,"Body":98.700000000000003},"SourceTimestamp":"2024-04-27T13:13:24.4850134Z","ServerTimestamp":"2024-04-27T13:13:24.4850214Z"},"nsu=http://opcfoundation.org/UA/Plc/Applications;s=PositiveTrendData":{"Value":{"Type":11,"Body":101.09999999999999},"SourceTimestamp":"2024-04-27T13:13:24.4850137Z","ServerTimestamp":"2024-04-27T13:13:24.4850229Z"},"nsu=http://opcfoundation.org/UA/Plc/Applications;s=SpikeData":{"Value":{"Type":11,"Body":-77.0513242775789},"SourceTimestamp":"2024-04-27T13:13:25.1833599Z","ServerTimestamp":"2024-04-27T13:13:25.1833659Z"}}}]}