{"MessageId":"256e9037-96ee-469e-9c92-72f1b86b3681","MessageType":"ua-data","PublisherId":"DESKTOP-BGFJS91","DataSetWriterGroup":"<<UnknownWriterGroup>>","Messages":[{"SequenceNumber":89,"MetaDataVersion":{"MajorVersion":1},"Timestamp":"2024-04-27T13:13:34.1987072Z","MessageType":"ua-deltaframe","DataSetWriterName":"<<UnknownDataSet>>","Payload":{"nsu=http://opcfoundation.org/UA/Plc/Applications;s=StepUp":{"Value":{"Type":7,"Body":998},"SourceTimestamp":"2024-04-27T13:13:34.1836785Z","ServerTimestamp":"2024-04-27T13:13:34.1836831Z"},"nsu=http://opcfoundation.org/UA/Plc/Applications;s=RandomSignedInt32":{"Value":{"Type":6,"Body":-584537551},"SourceTimestamp":"2024-04-27T13:13:34.183721Z","ServerTimestamp":"2024-04-27T13:13:34.1837233Z"},"nsu=http://opcfoundation.org/UA/Plc/Applications;s=RandomUnsignedInt32":{"Value":{"Type":7,"Body":1818809185},"SourceTimestamp":"2024-04-27T13:13:34.1837179Z","ServerTimestamp":"2024-04-27T13:13:34.1837189Z"},"nsu=http://opcfoundation.org/UA/Plc/Applications;s=DipData":{"Value":{"Type":11,"Body":36.812455268467801},"SourceTimestamp":"2024-04-27T13:13:34.1837303Z","ServerTimestamp":"2024-04-27T13:13:34.1837323Z"},"nsu=http://opcfoundation.org/UA/Plc/Applications;s=FastUIntScalar1":{"Value":{"Type":7,"Body":99},"SourceTimestamp":"2024-04-27T13:13:33.3945898Z","ServerTimestamp":"2024-04-27T13:13:33.3945926Z"},"nsu=http://opcfoundation.org/UA/Plc/Applications;s=FastUIntScalar2":{"Value":{"Type":7,"Body":99},"SourceTimestamp":"2024-04-27T13:13:33.3946026Z","ServerTimestamp":"2024-04-27T13:13:33.3946044Z"},"nsu=http://opcfoundation.org/UA/Plc/Applications;s=FastUIntScalar3":{"Value":{"Type":7,"Body":99},"SourceTimestamp":"2024-04-27T13:13:33.3946058Z","ServerTimestamp":"2024-04-27T13:13:33.3946069Z"},"nsu=http://opcfoundation.org/UA/Plc/Applications;s=FastRandomUIntScalar1":{"Value":{"Type":7,"Body":2087173413},"SourceTimestamp":"2024-04-27T13:13:33.3945941Z","ServerTimestamp":"2024-04-27T13:13:33.3946023Z"},"nsu=http://opcfoundation.org/UA/Plc/Applications;s=FastRandomUIntScalar2":{"Value":{"Type":7,"Body":1631415855},"SourceTimestamp":"2024-04-27T13:13:33.3946046Z","ServerTimestamp":"2024-04-27T13:13:33.3946056Z"},"nsu=http://opcfoundation.org/UA/Plc/Applications;s=FastRandomUIntScalar3":{"Value":{"Type":7,"Body":2247347891},"SourceTimestamp":"2024-04-27T13:13:33.3946069Z","ServerTimestamp":"2024-04-27T13:13:33.3946081Z"},"nsu=http://opcfoundation.org/UA/Plc/Applications;s=SpikeData":{"Value":{"Type":11,"Body":36.812455268467801},"SourceTimestamp":"2024-04-27T13:13:34.1837419Z","ServerTimestamp":"2024-04-27T13:13:34.1837432Z"}}}]}