{"MessageId":"1f640ba1-1ccf-4675-b5ad-7279a0086190","MessageType":"ua-data","PublisherId":"DESKTOP-BGFJS91","DataSetWriterGroup":"<<UnknownWriterGroup>>","Messages":[{"SequenceNumber":90,"MetaDataVersion":{"MajorVersion":1},"Timestamp":"2024-04-27T13:13:35.2512609Z","MessageType":"ua-deltaframe","DataSetWriterName":"<<UnknownDataSet>>","Payload":{"nsu=http://opcfoundation.org/UA/Plc/Applications;s=StepUp":{"Value":{"Type":7,"Body":1008},"SourceTimestamp":"2024-04-27T13:13:35.1885078Z","ServerTimestamp":"2024-04-27T13:13:35.188536Z"},"nsu=http://opcfoundation.org/UA/Plc/Applications;s=AlternatingBoolean":{"Value":{"Type":1,"Body":true},"SourceTimestamp":"2024-04-27T13:13:34.4900837Z","ServerTimestamp":"2024-04-27T13:13:34.4900855Z"},"nsu=http://opcfoundation.org/UA/Plc/Applications;s=RandomSignedInt32":{"Value":{"Type":6,"Body":2075834431},"SourceTimestamp":"2024-04-27T13:13:35.1885367Z","ServerTimestamp":"2024-04-27T13:13:35.1886373Z"},"nsu=http://opcfoundation.org/UA/Plc/Applications;s=RandomUnsignedInt32":{"Value":{"Type":7,"Body":529620801},"SourceTimestamp":"2024-04-27T13:13:35.1885311Z","ServerTimestamp":"2024-04-27T13:13:35.1885498Z"},"nsu=http://opcfoundation.org/UA/Plc/Applications;s=DipData":{"Value":{"Type":11,"Body":-77.0513242775789},"SourceTimestamp":"2024-04-27T13:13:35.1885755Z","ServerTimestamp":"2024-04-27T13:13:35.188578Z"},"nsu=http://opcfoundation.org/UA/Plc/Applications;s=FastUIntScalar1":{"Value":{"Type":7,"Body":100},"SourceTimestamp":"2024-04-27T13:13:34.3839853Z","ServerTimestamp":"2024-04-27T13:13:34.3839859Z"},"nsu=http://opcfoundation.org/UA/Plc/Applications;s=FastUIntScalar2":{"Value":{"Type":7,"Body":100},"SourceTimestamp":"2024-04-27T13:13:34.383987Z","ServerTimestamp":"2024-04-27T13:13:34.3839874Z"},"nsu=http://opcfoundation.org/UA/Plc/Applications;s=FastUIntScalar3":{"Value":{"Type":7,"Body":100},"SourceTimestamp":"2024-04-27T13:13:34.3839883Z","ServerTimestamp":"2024-04-27T13:13:34.3839887Z"},"nsu=http://opcfoundation.org/UA/Plc/Applications;s=FastRandomUIntScalar1":{"Value":{"Type":7,"Body":2685932027},"SourceTimestamp":"2024-04-27T13:13:34.3839923Z","ServerTimestamp":"2024-04-27T13:13:34.3839934Z"},"nsu=http://opcfoundation.org/UA/Plc/Applications;s=FastRandomUIntScalar2":{"Value":{"Type":7,"Body":1982346079},"SourceTimestamp":"2024-04-27T13:13:34.3839976Z","ServerTimestamp":"2024-04-27T13:13:34.3839981Z"},"nsu=http://opcfoundation.org/UA/Plc/Applications;s=FastRandomUIntScalar3":{"Value":{"Type":7,"Body":3239068},"SourceTimestamp":"2024-04-27T13:13:34.3839993Z","ServerTimestamp":"2024-04-27T13:13:34.3839999Z"},"nsu=http://opcfoundation.org/UA/Plc/Applications;s=NegativeTrendData":{"Value":{"Type":11,"Body":98.5},"SourceTimestamp":"2024-04-27T13:13:34.4900961Z","ServerTimestamp":"2024-04-27T13:13:34.4900974Z"},"nsu=http://opcfoundation.org/UA/Plc/Applications;s=PositiveTrendData":{"Value":{"Type":11,"Body":101.3},"SourceTimestamp":"2024-04-27T13:13:34.4901008Z","ServerTimestamp":"2024-04-27T13:13:34.4901094Z"},"nsu=http://opcfoundation.org/UA/Plc/Applications;s=SpikeData":{"Value":{"Type":11,"Body":-77.0513242775789},"SourceTimestamp":"2024-04-27T13:13:35.1886414Z","ServerTimestamp":"2024-04-27T13:13:35.188657Z"}}}]}