{"NodeId":"nsu=http://opcfoundation.org/UA/Plc/Applications;s=FastUIntScalar1","EndpointUrl":"opc.tcp://localhost:61457/UA/SampleServer","ApplicationUri":"urn:desktop-bgfjs91:OPCFoundation:CoreSampleServer","DisplayName":"nsu=http://opcfoundation.org/UA/Plc/Applications;s=FastUIntScalar1","Timestamp":"2024-04-26T11:55:39.8599276Z","Value":{"Value":21,"SourceTimestamp":"2024-04-26T11:55:39.1189281Z","ServerTimestamp":"2024-04-26T11:55:39.1189316Z"},"SequenceNumber":101,"ExtensionFields":{"WriterGroupId":"MES"}}