{"NodeId":"nsu=http://opcfoundation.org/UA/Plc/Applications;s=RandomSignedInt32","EndpointUrl":"opc.tcp://localhost:61457/UA/SampleServer","ApplicationUri":"urn:desktop-bgfjs91:OPCFoundation:CoreSampleServer","DisplayName":"nsu=http://opcfoundation.org/UA/Plc/Applications;s=RandomSignedInt32","Timestamp":"2024-04-26T11:55:40.8645357Z","Value":{"Value":-504067727,"SourceTimestamp":"2024-04-26T11:55:40.8174019Z","ServerTimestamp":"2024-04-26T11:55:40.817404Z"},"SequenceNumber":103,"ExtensionFields":{"WriterGroupId":"MES"}}