{"NodeId":"nsu=http://opcfoundation.org/UA/Plc/Applications;s=RandomUnsignedInt32","EndpointUrl":"opc.tcp://localhost:61457/UA/SampleServer","ApplicationUri":"urn:desktop-bgfjs91:OPCFoundation:CoreSampleServer","DisplayName":"nsu=http://opcfoundation.org/UA/Plc/Applications;s=RandomUnsignedInt32","Timestamp":"2024-04-26T11:55:40.8645357Z","Value":{"Value":1935238961,"SourceTimestamp":"2024-04-26T11:55:40.8174127Z","ServerTimestamp":"2024-04-26T11:55:40.8174144Z"},"SequenceNumber":104,"ExtensionFields":{"WriterGroupId":"MES"}}