{"NodeId":"nsu=http://opcfoundation.org/UA/Plc/Applications;s=RandomUnsignedInt32","EndpointUrl":"opc.tcp://localhost:61457/UA/SampleServer","ApplicationUri":"urn:desktop-bgfjs91:OPCFoundation:CoreSampleServer","DisplayName":"nsu=http://opcfoundation.org/UA/Plc/Applications;s=RandomUnsignedInt32","Timestamp":"2024-04-26T11:55:42.876442Z","Value":{"Value":1210157567,"SourceTimestamp":"2024-04-26T11:55:42.8128803Z","ServerTimestamp":"2024-04-26T11:55:42.812881Z"},"SequenceNumber":114,"ExtensionFields":{"WriterGroupId":"MES"}}