{"NodeId":"nsu=http://opcfoundation.org/UA/Plc/Applications;s=FastUIntScalar1","EndpointUrl":"opc.tcp://localhost:61457/UA/SampleServer","ApplicationUri":"urn:desktop-bgfjs91:OPCFoundation:CoreSampleServer","DisplayName":"nsu=http://opcfoundation.org/UA/Plc/Applications;s=FastUIntScalar1","Timestamp":"2024-04-26T11:55:43.8810739Z","Value":{"Value":25,"SourceTimestamp":"2024-04-26T11:55:43.1113955Z","ServerTimestamp":"2024-04-26T11:55:43.1114049Z"},"SequenceNumber":122,"ExtensionFields":{"WriterGroupId":"MES"}}