{"NodeId":"nsu=http://opcfoundation.org/UA/Plc/Applications;s=RandomUnsignedInt32","EndpointUrl":"opc.tcp://localhost:61457/UA/SampleServer","ApplicationUri":"urn:desktop-bgfjs91:OPCFoundation:CoreSampleServer","DisplayName":"nsu=http://opcfoundation.org/UA/Plc/Applications;s=RandomUnsignedInt32","Timestamp":"2024-04-26T11:55:44.8829597Z","Value":{"Value":1139225920,"SourceTimestamp":"2024-04-26T11:55:44.8199387Z","ServerTimestamp":"2024-04-26T11:55:44.8199459Z"},"SequenceNumber":125,"ExtensionFields":{"WriterGroupId":"MES"}}