{"NodeId":"nsu=http://opcfoundation.org/UA/Plc/Applications;s=DipData","EndpointUrl":"opc.tcp://localhost:61457/UA/SampleServer","ApplicationUri":"urn:desktop-bgfjs91:OPCFoundation:CoreSampleServer","DisplayName":"nsu=http://opcfoundation.org/UA/Plc/Applications;s=DipData","Timestamp":"2024-04-26T11:55:47.8418676Z","Value":{"Value":48.175367410171532,"SourceTimestamp":"2024-04-26T11:55:47.8099275Z","ServerTimestamp":"2024-04-26T11:55:47.8099303Z"},"SequenceNumber":136,"ExtensionFields":{"WriterGroupId":"MES"}}