{"NodeId":"nsu=http://opcfoundation.org/UA/Plc/Applications;s=FastUIntScalar1","EndpointUrl":"opc.tcp://localhost:61457/UA/SampleServer","ApplicationUri":"urn:desktop-bgfjs91:OPCFoundation:CoreSampleServer","DisplayName":"nsu=http://opcfoundation.org/UA/Plc/Applications;s=FastUIntScalar1","Timestamp":"2024-04-26T11:55:47.8418676Z","Value":{"Value":29,"SourceTimestamp":"2024-04-26T11:55:47.119119Z","ServerTimestamp":"2024-04-26T11:55:47.1191232Z"},"SequenceNumber":137,"ExtensionFields":{"WriterGroupId":"MES"}}