{"NodeId":"nsu=http://opcfoundation.org/UA/Plc/Applications;s=DipData","EndpointUrl":"opc.tcp://localhost:61457/UA/SampleServer","ApplicationUri":"urn:desktop-bgfjs91:OPCFoundation:CoreSampleServer","DisplayName":"nsu=http://opcfoundation.org/UA/Plc/Applications;s=DipData","Timestamp":"2024-04-26T11:55:49.8449606Z","Value":{"Value":-90.482705246601981,"SourceTimestamp":"2024-04-26T11:55:49.8128787Z","ServerTimestamp":"2024-04-26T11:55:49.8128794Z"},"SequenceNumber":147,"ExtensionFields":{"WriterGroupId":"MES"}}