{"NodeId":"nsu=http://opcfoundation.org/UA/Plc/Applications;s=FastUIntScalar1","EndpointUrl":"opc.tcp://localhost:61457/UA/SampleServer","ApplicationUri":"urn:desktop-bgfjs91:OPCFoundation:CoreSampleServer","DisplayName":"nsu=http://opcfoundation.org/UA/Plc/Applications;s=FastUIntScalar1","Timestamp":"2024-04-26T11:55:49.8449606Z","Value":{"Value":31,"SourceTimestamp":"2024-04-26T11:55:49.1065082Z","ServerTimestamp":"2024-04-26T11:55:49.106516Z"},"SequenceNumber":148,"ExtensionFields":{"WriterGroupId":"MES"}}