{"NodeId":"nsu=http://opcfoundation.org/UA/Plc/Applications;s=RandomUnsignedInt32","EndpointUrl":"opc.tcp://localhost:61457/UA/SampleServer","ApplicationUri":"urn:desktop-bgfjs91:OPCFoundation:CoreSampleServer","DisplayName":"nsu=http://opcfoundation.org/UA/Plc/Applications;s=RandomUnsignedInt32","Timestamp":"2024-04-26T11:55:50.858728Z","Value":{"Value":1971382316,"SourceTimestamp":"2024-04-26T11:55:50.8110861Z","ServerTimestamp":"2024-04-26T11:55:50.8110902Z"},"SequenceNumber":151,"ExtensionFields":{"WriterGroupId":"MES"}}