{"NodeId":"nsu=http://opcfoundation.org/UA/Plc/Applications;s=RandomSignedInt32","EndpointUrl":"opc.tcp://localhost:61457/UA/SampleServer","ApplicationUri":"urn:desktop-bgfjs91:OPCFoundation:CoreSampleServer","DisplayName":"nsu=http://opcfoundation.org/UA/Plc/Applications;s=RandomSignedInt32","Timestamp":"2024-04-26T11:55:51.8751451Z","Value":{"Value":1285598975,"SourceTimestamp":"2024-04-26T11:55:51.810972Z","ServerTimestamp":"2024-04-26T11:55:51.810995Z"},"SequenceNumber":155,"ExtensionFields":{"WriterGroupId":"MES"}}