{"NodeId":"nsu=http://opcfoundation.org/UA/Plc/Applications;s=RandomUnsignedInt32","EndpointUrl":"opc.tcp://localhost:61457/UA/SampleServer","ApplicationUri":"urn:desktop-bgfjs91:OPCFoundation:CoreSampleServer","DisplayName":"nsu=http://opcfoundation.org/UA/Plc/Applications;s=RandomUnsignedInt32","Timestamp":"2024-04-26T11:55:51.8751451Z","Value":{"Value":1489629722,"SourceTimestamp":"2024-04-26T11:55:51.8109722Z","ServerTimestamp":"2024-04-26T11:55:51.8109775Z"},"SequenceNumber":156,"ExtensionFields":{"WriterGroupId":"MES"}}