{"NodeId":"nsu=http://opcfoundation.org/UA/Plc/Applications;s=FastUIntScalar1","EndpointUrl":"opc.tcp://localhost:61457/UA/SampleServer","ApplicationUri":"urn:desktop-bgfjs91:OPCFoundation:CoreSampleServer","DisplayName":"nsu=http://opcfoundation.org/UA/Plc/Applications;s=FastUIntScalar1","Timestamp":"2024-04-26T11:55:52.8923237Z","Value":{"Value":34,"SourceTimestamp":"2024-04-26T11:55:52.1136076Z","ServerTimestamp":"2024-04-26T11:55:52.1136145Z"},"SequenceNumber":163,"ExtensionFields":{"WriterGroupId":"MES"}}