{"NodeId":"nsu=http://opcfoundation.org/UA/Plc/Applications;s=AlternatingBoolean","EndpointUrl":"opc.tcp://localhost:61457/UA/SampleServer","ApplicationUri":"urn:desktop-bgfjs91:OPCFoundation:CoreSampleServer","DisplayName":"nsu=http://opcfoundation.org/UA/Plc/Applications;s=AlternatingBoolean","Timestamp":"2024-04-26T11:55:53.8474218Z","Value":{"Value":false,"SourceTimestamp":"2024-04-26T11:55:53.2106145Z","ServerTimestamp":"2024-04-26T11:55:53.2106167Z"},"SequenceNumber":164,"ExtensionFields":{"WriterGroupId":"MES"}}