{"NodeId":"nsu=http://opcfoundation.org/UA/Plc/Applications;s=RandomUnsignedInt32","EndpointUrl":"opc.tcp://localhost:61457/UA/SampleServer","ApplicationUri":"urn:desktop-bgfjs91:OPCFoundation:CoreSampleServer","DisplayName":"nsu=http://opcfoundation.org/UA/Plc/Applications;s=RandomUnsignedInt32","Timestamp":"2024-04-26T11:55:55.8750806Z","Value":{"Value":1290589237,"SourceTimestamp":"2024-04-26T11:55:55.8124807Z","ServerTimestamp":"2024-04-26T11:55:55.8124811Z"},"SequenceNumber":172,"ExtensionFields":{"WriterGroupId":"MES"}}