{"NodeId":"nsu=http://opcfoundation.org/UA/Plc/Applications;s=RandomUnsignedInt32","EndpointUrl":"opc.tcp://localhost:61457/UA/SampleServer","ApplicationUri":"urn:desktop-bgfjs91:OPCFoundation:CoreSampleServer","DisplayName":"nsu=http://opcfoundation.org/UA/Plc/Applications;s=RandomUnsignedInt32","Timestamp":"2024-04-26T11:55:58.8855715Z","Value":{"Value":185906942,"SourceTimestamp":"2024-04-26T11:55:58.8217324Z","ServerTimestamp":"2024-04-26T11:55:58.8217332Z"},"SequenceNumber":188,"ExtensionFields":{"WriterGroupId":"MES"}}