{"NodeId":"nsu=http://opcfoundation.org/UA/Plc/Applications;s=DipData","EndpointUrl":"opc.tcp://localhost:61457/UA/SampleServer","ApplicationUri":"urn:desktop-bgfjs91:OPCFoundation:CoreSampleServer","DisplayName":"nsu=http://opcfoundation.org/UA/Plc/Applications;s=DipData","Timestamp":"2024-04-26T11:55:58.8855715Z","Value":{"Value":-68.454710592868821,"SourceTimestamp":"2024-04-26T11:55:58.8217416Z","ServerTimestamp":"2024-04-26T11:55:58.8217443Z"},"SequenceNumber":189,"ExtensionFields":{"WriterGroupId":"MES"}}