{"NodeId":"nsu=http://opcfoundation.org/UA/Plc/Applications;s=RandomSignedInt32","EndpointUrl":"opc.tcp://localhost:61457/UA/SampleServer","ApplicationUri":"urn:desktop-bgfjs91:OPCFoundation:CoreSampleServer","DisplayName":"nsu=http://opcfoundation.org/UA/Plc/Applications;s=RandomSignedInt32","Timestamp":"2024-04-26T11:55:59.8896334Z","Value":{"Value":-1781807605,"SourceTimestamp":"2024-04-26T11:55:59.8109823Z","ServerTimestamp":"2024-04-26T11:55:59.810989Z"},"SequenceNumber":192,"ExtensionFields":{"WriterGroupId":"MES"}}