{"NodeId":"nsu=http://opcfoundation.org/UA/Plc/Applications;s=FastUIntScalar1","EndpointUrl":"opc.tcp://localhost:61457/UA/SampleServer","ApplicationUri":"urn:desktop-bgfjs91:OPCFoundation:CoreSampleServer","DisplayName":"nsu=http://opcfoundation.org/UA/Plc/Applications;s=FastUIntScalar1","Timestamp":"2024-04-26T11:56:01.840376Z","Value":{"Value":43,"SourceTimestamp":"2024-04-26T11:56:01.1174781Z","ServerTimestamp":"2024-04-26T11:56:01.1174822Z"},"SequenceNumber":200,"ExtensionFields":{"WriterGroupId":"MES"}}