{"NodeId":"nsu=http://opcfoundation.org/UA/Plc/Applications;s=RandomUnsignedInt32","EndpointUrl":"opc.tcp://localhost:61457/UA/SampleServer","ApplicationUri":"urn:desktop-bgfjs91:OPCFoundation:CoreSampleServer","DisplayName":"nsu=http://opcfoundation.org/UA/Plc/Applications;s=RandomUnsignedInt32","Timestamp":"2024-04-26T11:56:02.8443443Z","Value":{"Value":87626335,"SourceTimestamp":"2024-04-26T11:56:02.8127699Z","ServerTimestamp":"2024-04-26T11:56:02.8127775Z"},"SequenceNumber":203,"ExtensionFields":{"WriterGroupId":"MES"}}