{"NodeId":"nsu=http://opcfoundation.org/UA/Plc/Applications;s=DipData","EndpointUrl":"opc.tcp://localhost:61457/UA/SampleServer","ApplicationUri":"urn:desktop-bgfjs91:OPCFoundation:CoreSampleServer","DisplayName":"nsu=http://opcfoundation.org/UA/Plc/Applications;s=DipData","Timestamp":"2024-04-26T11:55:23.8814343Z","Value":{"Value":-68.454710592868821,"SourceTimestamp":"2024-04-26T11:55:23.8184983Z","ServerTimestamp":"2024-04-26T11:55:23.8184996Z"},"SequenceNumber":22,"ExtensionFields":{"WriterGroupId":"MES"}}