{"NodeId":"nsu=http://opcfoundation.org/UA/Plc/Applications;s=RandomUnsignedInt32","EndpointUrl":"opc.tcp://localhost:61457/UA/SampleServer","ApplicationUri":"urn:desktop-bgfjs91:OPCFoundation:CoreSampleServer","DisplayName":"nsu=http://opcfoundation.org/UA/Plc/Applications;s=RandomUnsignedInt32","Timestamp":"2024-04-26T11:56:06.857475Z","Value":{"Value":1684197773,"SourceTimestamp":"2024-04-26T11:56:06.8102299Z","ServerTimestamp":"2024-04-26T11:56:06.8102388Z"},"SequenceNumber":224,"ExtensionFields":{"WriterGroupId":"MES"}}