{"NodeId":"nsu=http://opcfoundation.org/UA/Plc/Applications;s=FastUIntScalar1","EndpointUrl":"opc.tcp://localhost:61457/UA/SampleServer","ApplicationUri":"urn:desktop-bgfjs91:OPCFoundation:CoreSampleServer","DisplayName":"nsu=http://opcfoundation.org/UA/Plc/Applications;s=FastUIntScalar1","Timestamp":"2024-04-26T11:56:07.8607536Z","Value":{"Value":49,"SourceTimestamp":"2024-04-26T11:56:07.1078352Z","ServerTimestamp":"2024-04-26T11:56:07.1078405Z"},"SequenceNumber":231,"ExtensionFields":{"WriterGroupId":"MES"}}