{"NodeId":"nsu=http://opcfoundation.org/UA/Plc/Applications;s=DipData","EndpointUrl":"opc.tcp://localhost:61457/UA/SampleServer","ApplicationUri":"urn:desktop-bgfjs91:OPCFoundation:CoreSampleServer","DisplayName":"nsu=http://opcfoundation.org/UA/Plc/Applications;s=DipData","Timestamp":"2024-04-26T11:56:08.8598335Z","Value":{"Value":-68.454710592868821,"SourceTimestamp":"2024-04-26T11:56:08.8126198Z","ServerTimestamp":"2024-04-26T11:56:08.8126224Z"},"SequenceNumber":236,"ExtensionFields":{"WriterGroupId":"MES"}}