{"NodeId":"nsu=http://opcfoundation.org/UA/Plc/Applications;s=FastUIntScalar1","EndpointUrl":"opc.tcp://localhost:61457/UA/SampleServer","ApplicationUri":"urn:desktop-bgfjs91:OPCFoundation:CoreSampleServer","DisplayName":"nsu=http://opcfoundation.org/UA/Plc/Applications;s=FastUIntScalar1","Timestamp":"2024-04-26T11:56:08.8598335Z","Value":{"Value":50,"SourceTimestamp":"2024-04-26T11:56:08.1119108Z","ServerTimestamp":"2024-04-26T11:56:08.1119133Z"},"SequenceNumber":237,"ExtensionFields":{"WriterGroupId":"MES"}}