{"NodeId":"nsu=http://opcfoundation.org/UA/Plc/Applications;s=RandomSignedInt32","EndpointUrl":"opc.tcp://localhost:61457/UA/SampleServer","ApplicationUri":"urn:desktop-bgfjs91:OPCFoundation:CoreSampleServer","DisplayName":"nsu=http://opcfoundation.org/UA/Plc/Applications;s=RandomSignedInt32","Timestamp":"2024-04-26T11:56:09.8663326Z","Value":{"Value":1700881,"SourceTimestamp":"2024-04-26T11:56:09.8189676Z","ServerTimestamp":"2024-04-26T11:56:09.8189814Z"},"SequenceNumber":239,"ExtensionFields":{"WriterGroupId":"MES"}}