{"NodeId":"nsu=http://opcfoundation.org/UA/Plc/Applications;s=RandomUnsignedInt32","EndpointUrl":"opc.tcp://localhost:61457/UA/SampleServer","ApplicationUri":"urn:desktop-bgfjs91:OPCFoundation:CoreSampleServer","DisplayName":"nsu=http://opcfoundation.org/UA/Plc/Applications;s=RandomUnsignedInt32","Timestamp":"2024-04-26T11:56:09.8663326Z","Value":{"Value":1221603366,"SourceTimestamp":"2024-04-26T11:56:09.8189645Z","ServerTimestamp":"2024-04-26T11:56:09.8189678Z"},"SequenceNumber":240,"ExtensionFields":{"WriterGroupId":"MES"}}