{"NodeId":"nsu=http://opcfoundation.org/UA/Plc/Applications;s=FastUIntScalar1","EndpointUrl":"opc.tcp://localhost:61457/UA/SampleServer","ApplicationUri":"urn:desktop-bgfjs91:OPCFoundation:CoreSampleServer","DisplayName":"nsu=http://opcfoundation.org/UA/Plc/Applications;s=FastUIntScalar1","Timestamp":"2024-04-26T11:56:09.8663326Z","Value":{"Value":51,"SourceTimestamp":"2024-04-26T11:56:09.1110152Z","ServerTimestamp":"2024-04-26T11:56:09.1110196Z"},"SequenceNumber":242,"ExtensionFields":{"WriterGroupId":"MES"}}