{"NodeId":"nsu=http://opcfoundation.org/UA/Plc/Applications;s=RandomUnsignedInt32","EndpointUrl":"opc.tcp://localhost:61457/UA/SampleServer","ApplicationUri":"urn:desktop-bgfjs91:OPCFoundation:CoreSampleServer","DisplayName":"nsu=http://opcfoundation.org/UA/Plc/Applications;s=RandomUnsignedInt32","Timestamp":"2024-04-26T11:56:10.8725956Z","Value":{"Value":621046434,"SourceTimestamp":"2024-04-26T11:56:10.8095101Z","ServerTimestamp":"2024-04-26T11:56:10.8095211Z"},"SequenceNumber":245,"ExtensionFields":{"WriterGroupId":"MES"}}