{"NodeId":"nsu=http://opcfoundation.org/UA/Plc/Applications;s=RandomSignedInt32","EndpointUrl":"opc.tcp://localhost:61457/UA/SampleServer","ApplicationUri":"urn:desktop-bgfjs91:OPCFoundation:CoreSampleServer","DisplayName":"nsu=http://opcfoundation.org/UA/Plc/Applications;s=RandomSignedInt32","Timestamp":"2024-04-26T11:56:11.8785597Z","Value":{"Value":-145711449,"SourceTimestamp":"2024-04-26T11:56:11.8157801Z","ServerTimestamp":"2024-04-26T11:56:11.8157853Z"},"SequenceNumber":249,"ExtensionFields":{"WriterGroupId":"MES"}}