{"NodeId":"nsu=http://opcfoundation.org/UA/Plc/Applications;s=RandomUnsignedInt32","EndpointUrl":"opc.tcp://localhost:61457/UA/SampleServer","ApplicationUri":"urn:desktop-bgfjs91:OPCFoundation:CoreSampleServer","DisplayName":"nsu=http://opcfoundation.org/UA/Plc/Applications;s=RandomUnsignedInt32","Timestamp":"2024-04-26T11:56:11.8785597Z","Value":{"Value":755059063,"SourceTimestamp":"2024-04-26T11:56:11.8158025Z","ServerTimestamp":"2024-04-26T11:56:11.8158063Z"},"SequenceNumber":250,"ExtensionFields":{"WriterGroupId":"MES"}}