{"NodeId":"nsu=http://opcfoundation.org/UA/Plc/Applications;s=DipData","EndpointUrl":"opc.tcp://localhost:61457/UA/SampleServer","ApplicationUri":"urn:desktop-bgfjs91:OPCFoundation:CoreSampleServer","DisplayName":"nsu=http://opcfoundation.org/UA/Plc/Applications;s=DipData","Timestamp":"2024-04-26T11:56:11.8785597Z","Value":{"Value":98.228725072868855,"SourceTimestamp":"2024-04-26T11:56:11.8157996Z","ServerTimestamp":"2024-04-26T11:56:11.8158144Z"},"SequenceNumber":251,"ExtensionFields":{"WriterGroupId":"MES"}}