{"NodeId":"nsu=http://opcfoundation.org/UA/Plc/Applications;s=RandomSignedInt32","EndpointUrl":"opc.tcp://localhost:61457/UA/SampleServer","ApplicationUri":"urn:desktop-bgfjs91:OPCFoundation:CoreSampleServer","DisplayName":"nsu=http://opcfoundation.org/UA/Plc/Applications;s=RandomSignedInt32","Timestamp":"2024-04-26T11:56:12.8767748Z","Value":{"Value":104964088,"SourceTimestamp":"2024-04-26T11:56:12.8138223Z","ServerTimestamp":"2024-04-26T11:56:12.81383Z"},"SequenceNumber":254,"ExtensionFields":{"WriterGroupId":"MES"}}