{"NodeId":"nsu=http://opcfoundation.org/UA/Plc/Applications;s=AlternatingBoolean","EndpointUrl":"opc.tcp://localhost:61457/UA/SampleServer","ApplicationUri":"urn:desktop-bgfjs91:OPCFoundation:CoreSampleServer","DisplayName":"nsu=http://opcfoundation.org/UA/Plc/Applications;s=AlternatingBoolean","Timestamp":"2024-04-26T11:56:13.8831236Z","Value":{"Value":false,"SourceTimestamp":"2024-04-26T11:56:13.2219723Z","ServerTimestamp":"2024-04-26T11:56:13.2219793Z"},"SequenceNumber":259,"ExtensionFields":{"WriterGroupId":"MES"}}