{"NodeId":"nsu=http://opcfoundation.org/UA/Plc/Applications;s=RandomUnsignedInt32","EndpointUrl":"opc.tcp://localhost:61457/UA/SampleServer","ApplicationUri":"urn:desktop-bgfjs91:OPCFoundation:CoreSampleServer","DisplayName":"nsu=http://opcfoundation.org/UA/Plc/Applications;s=RandomUnsignedInt32","Timestamp":"2024-04-26T11:55:24.8867001Z","Value":{"Value":1766990483,"SourceTimestamp":"2024-04-26T11:55:24.808211Z","ServerTimestamp":"2024-04-26T11:55:24.8082142Z"},"SequenceNumber":26,"ExtensionFields":{"WriterGroupId":"MES"}}