{"NodeId":"nsu=http://opcfoundation.org/UA/Plc/Applications;s=RandomSignedInt32","EndpointUrl":"opc.tcp://localhost:61457/UA/SampleServer","ApplicationUri":"urn:desktop-bgfjs91:OPCFoundation:CoreSampleServer","DisplayName":"nsu=http://opcfoundation.org/UA/Plc/Applications;s=RandomSignedInt32","Timestamp":"2024-04-26T11:56:13.8831236Z","Value":{"Value":28013941,"SourceTimestamp":"2024-04-26T11:56:13.8197299Z","ServerTimestamp":"2024-04-26T11:56:13.8197328Z"},"SequenceNumber":260,"ExtensionFields":{"WriterGroupId":"MES"}}