{"NodeId":"nsu=http://opcfoundation.org/UA/Plc/Applications;s=RandomUnsignedInt32","EndpointUrl":"opc.tcp://localhost:61457/UA/SampleServer","ApplicationUri":"urn:desktop-bgfjs91:OPCFoundation:CoreSampleServer","DisplayName":"nsu=http://opcfoundation.org/UA/Plc/Applications;s=RandomUnsignedInt32","Timestamp":"2024-04-26T11:56:13.8831236Z","Value":{"Value":622371849,"SourceTimestamp":"2024-04-26T11:56:13.8197187Z","ServerTimestamp":"2024-04-26T11:56:13.8197205Z"},"SequenceNumber":261,"ExtensionFields":{"WriterGroupId":"MES"}}