{"NodeId":"nsu=http://opcfoundation.org/UA/Plc/Applications;s=DipData","EndpointUrl":"opc.tcp://localhost:61457/UA/SampleServer","ApplicationUri":"urn:desktop-bgfjs91:OPCFoundation:CoreSampleServer","DisplayName":"nsu=http://opcfoundation.org/UA/Plc/Applications;s=DipData","Timestamp":"2024-04-26T11:56:13.8831236Z","Value":{"Value":-68.454710592868821,"SourceTimestamp":"2024-04-26T11:56:13.8197344Z","ServerTimestamp":"2024-04-26T11:56:13.8197452Z"},"SequenceNumber":262,"ExtensionFields":{"WriterGroupId":"MES"}}