{"NodeId":"nsu=http://opcfoundation.org/UA/Plc/Applications;s=FastUIntScalar1","EndpointUrl":"opc.tcp://localhost:61457/UA/SampleServer","ApplicationUri":"urn:desktop-bgfjs91:OPCFoundation:CoreSampleServer","DisplayName":"nsu=http://opcfoundation.org/UA/Plc/Applications;s=FastUIntScalar1","Timestamp":"2024-04-26T11:56:13.8831236Z","Value":{"Value":55,"SourceTimestamp":"2024-04-26T11:56:13.1122471Z","ServerTimestamp":"2024-04-26T11:56:13.1122513Z"},"SequenceNumber":263,"ExtensionFields":{"WriterGroupId":"MES"}}