{"NodeId":"nsu=http://opcfoundation.org/UA/Plc/Applications;s=RandomUnsignedInt32","EndpointUrl":"opc.tcp://localhost:61457/UA/SampleServer","ApplicationUri":"urn:desktop-bgfjs91:OPCFoundation:CoreSampleServer","DisplayName":"nsu=http://opcfoundation.org/UA/Plc/Applications;s=RandomUnsignedInt32","Timestamp":"2024-04-26T11:56:14.8885972Z","Value":{"Value":562316367,"SourceTimestamp":"2024-04-26T11:56:14.8093321Z","ServerTimestamp":"2024-04-26T11:56:14.8093359Z"},"SequenceNumber":266,"ExtensionFields":{"WriterGroupId":"MES"}}