{"NodeId":"nsu=http://opcfoundation.org/UA/Plc/Applications;s=DipData","EndpointUrl":"opc.tcp://localhost:61457/UA/SampleServer","ApplicationUri":"urn:desktop-bgfjs91:OPCFoundation:CoreSampleServer","DisplayName":"nsu=http://opcfoundation.org/UA/Plc/Applications;s=DipData","Timestamp":"2024-04-26T11:56:15.8948319Z","Value":{"Value":12.53332335643041,"SourceTimestamp":"2024-04-26T11:56:15.8150362Z","ServerTimestamp":"2024-04-26T11:56:15.8150386Z"},"SequenceNumber":272,"ExtensionFields":{"WriterGroupId":"MES"}}