{"NodeId":"nsu=http://opcfoundation.org/UA/Plc/Applications;s=RandomSignedInt32","EndpointUrl":"opc.tcp://localhost:61457/UA/SampleServer","ApplicationUri":"urn:desktop-bgfjs91:OPCFoundation:CoreSampleServer","DisplayName":"nsu=http://opcfoundation.org/UA/Plc/Applications;s=RandomSignedInt32","Timestamp":"2024-04-26T11:56:17.8438291Z","Value":{"Value":-1448514484,"SourceTimestamp":"2024-04-26T11:56:17.8123465Z","ServerTimestamp":"2024-04-26T11:56:17.8123474Z"},"SequenceNumber":275,"ExtensionFields":{"WriterGroupId":"MES"}}