{"NodeId":"nsu=http://opcfoundation.org/UA/Plc/Applications;s=FastUIntScalar1","EndpointUrl":"opc.tcp://localhost:61457/UA/SampleServer","ApplicationUri":"urn:desktop-bgfjs91:OPCFoundation:CoreSampleServer","DisplayName":"nsu=http://opcfoundation.org/UA/Plc/Applications;s=FastUIntScalar1","Timestamp":"2024-04-26T11:56:21.862589Z","Value":{"Value":63,"SourceTimestamp":"2024-04-26T11:56:21.1085181Z","ServerTimestamp":"2024-04-26T11:56:21.1085203Z"},"SequenceNumber":299,"ExtensionFields":{"WriterGroupId":"MES"}}