{"NodeId":"nsu=http://opcfoundation.org/UA/Plc/Applications;s=RandomUnsignedInt32","EndpointUrl":"opc.tcp://localhost:61457/UA/SampleServer","ApplicationUri":"urn:desktop-bgfjs91:OPCFoundation:CoreSampleServer","DisplayName":"nsu=http://opcfoundation.org/UA/Plc/Applications;s=RandomUnsignedInt32","Timestamp":"2024-04-26T11:55:25.8920917Z","Value":{"Value":898492362,"SourceTimestamp":"2024-04-26T11:55:25.8136465Z","ServerTimestamp":"2024-04-26T11:55:25.8136473Z"},"SequenceNumber":31,"ExtensionFields":{"WriterGroupId":"MES"}}