{"NodeId":"nsu=http://opcfoundation.org/UA/Plc/Applications;s=DipData","EndpointUrl":"opc.tcp://localhost:61457/UA/SampleServer","ApplicationUri":"urn:desktop-bgfjs91:OPCFoundation:CoreSampleServer","DisplayName":"nsu=http://opcfoundation.org/UA/Plc/Applications;s=DipData","Timestamp":"2024-04-26T11:56:25.8787435Z","Value":{"Value":12.53332335643041,"SourceTimestamp":"2024-04-26T11:56:25.8152597Z","ServerTimestamp":"2024-04-26T11:56:25.8152608Z"},"SequenceNumber":319,"ExtensionFields":{"WriterGroupId":"MES"}}