{"NodeId":"nsu=http://opcfoundation.org/UA/Plc/Applications;s=RandomSignedInt32","EndpointUrl":"opc.tcp://localhost:61457/UA/SampleServer","ApplicationUri":"urn:desktop-bgfjs91:OPCFoundation:CoreSampleServer","DisplayName":"nsu=http://opcfoundation.org/UA/Plc/Applications;s=RandomSignedInt32","Timestamp":"2024-04-26T11:56:26.8837273Z","Value":{"Value":1688733897,"SourceTimestamp":"2024-04-26T11:56:26.8208812Z","ServerTimestamp":"2024-04-26T11:56:26.820887Z"},"SequenceNumber":322,"ExtensionFields":{"WriterGroupId":"MES"}}