{"NodeId":"nsu=http://opcfoundation.org/UA/Plc/Applications;s=DipData","EndpointUrl":"opc.tcp://localhost:61457/UA/SampleServer","ApplicationUri":"urn:desktop-bgfjs91:OPCFoundation:CoreSampleServer","DisplayName":"nsu=http://opcfoundation.org/UA/Plc/Applications;s=DipData","Timestamp":"2024-04-26T11:56:27.8897101Z","Value":{"Value":48.175367410171532,"SourceTimestamp":"2024-04-26T11:56:27.8110622Z","ServerTimestamp":"2024-04-26T11:56:27.8110639Z"},"SequenceNumber":329,"ExtensionFields":{"WriterGroupId":"MES"}}