{"NodeId":"nsu=http://opcfoundation.org/UA/Plc/Applications;s=RandomSignedInt32","EndpointUrl":"opc.tcp://localhost:61457/UA/SampleServer","ApplicationUri":"urn:desktop-bgfjs91:OPCFoundation:CoreSampleServer","DisplayName":"nsu=http://opcfoundation.org/UA/Plc/Applications;s=RandomSignedInt32","Timestamp":"2024-04-26T11:56:29.8483521Z","Value":{"Value":-1314602053,"SourceTimestamp":"2024-04-26T11:56:29.8166631Z","ServerTimestamp":"2024-04-26T11:56:29.8166642Z"},"SequenceNumber":333,"ExtensionFields":{"WriterGroupId":"MES"}}