{"NodeId":"nsu=http://opcfoundation.org/UA/Plc/Applications;s=FastUIntScalar1","EndpointUrl":"opc.tcp://localhost:61457/UA/SampleServer","ApplicationUri":"urn:desktop-bgfjs91:OPCFoundation:CoreSampleServer","DisplayName":"nsu=http://opcfoundation.org/UA/Plc/Applications;s=FastUIntScalar1","Timestamp":"2024-04-26T11:56:29.8483521Z","Value":{"Value":71,"SourceTimestamp":"2024-04-26T11:56:29.1090987Z","ServerTimestamp":"2024-04-26T11:56:29.109102Z"},"SequenceNumber":336,"ExtensionFields":{"WriterGroupId":"MES"}}