{"NodeId":"nsu=http://opcfoundation.org/UA/Plc/Applications;s=FastUIntScalar1","EndpointUrl":"opc.tcp://localhost:61457/UA/SampleServer","ApplicationUri":"urn:desktop-bgfjs91:OPCFoundation:CoreSampleServer","DisplayName":"nsu=http://opcfoundation.org/UA/Plc/Applications;s=FastUIntScalar1","Timestamp":"2024-04-26T11:56:31.8598041Z","Value":{"Value":73,"SourceTimestamp":"2024-04-26T11:56:31.120012Z","ServerTimestamp":"2024-04-26T11:56:31.1200157Z"},"SequenceNumber":346,"ExtensionFields":{"WriterGroupId":"MES"}}