{"NodeId":"nsu=http://opcfoundation.org/UA/Plc/Applications;s=RandomSignedInt32","EndpointUrl":"opc.tcp://localhost:61457/UA/SampleServer","ApplicationUri":"urn:desktop-bgfjs91:OPCFoundation:CoreSampleServer","DisplayName":"nsu=http://opcfoundation.org/UA/Plc/Applications;s=RandomSignedInt32","Timestamp":"2024-04-26T11:56:32.8391187Z","Value":{"Value":-106438482,"SourceTimestamp":"2024-04-26T11:56:32.8075466Z","ServerTimestamp":"2024-04-26T11:56:32.80756Z"},"SequenceNumber":348,"ExtensionFields":{"WriterGroupId":"MES"}}