{"NodeId":"nsu=http://opcfoundation.org/UA/Plc/Applications;s=AlternatingBoolean","EndpointUrl":"opc.tcp://localhost:61457/UA/SampleServer","ApplicationUri":"urn:desktop-bgfjs91:OPCFoundation:CoreSampleServer","DisplayName":"nsu=http://opcfoundation.org/UA/Plc/Applications;s=AlternatingBoolean","Timestamp":"2024-04-26T11:56:33.8533977Z","Value":{"Value":false,"SourceTimestamp":"2024-04-26T11:56:33.2212927Z","ServerTimestamp":"2024-04-26T11:56:33.2212969Z"},"SequenceNumber":353,"ExtensionFields":{"WriterGroupId":"MES"}}