{"NodeId":"nsu=http://opcfoundation.org/UA/Plc/Applications;s=RandomUnsignedInt32","EndpointUrl":"opc.tcp://localhost:61457/UA/SampleServer","ApplicationUri":"urn:desktop-bgfjs91:OPCFoundation:CoreSampleServer","DisplayName":"nsu=http://opcfoundation.org/UA/Plc/Applications;s=RandomUnsignedInt32","Timestamp":"2024-04-26T11:56:33.8533977Z","Value":{"Value":2143984337,"SourceTimestamp":"2024-04-26T11:56:33.8083894Z","ServerTimestamp":"2024-04-26T11:56:33.8083899Z"},"SequenceNumber":355,"ExtensionFields":{"WriterGroupId":"MES"}}