{"NodeId":"nsu=http://opcfoundation.org/UA/Plc/Applications;s=RandomSignedInt32","EndpointUrl":"opc.tcp://localhost:61457/UA/SampleServer","ApplicationUri":"urn:desktop-bgfjs91:OPCFoundation:CoreSampleServer","DisplayName":"nsu=http://opcfoundation.org/UA/Plc/Applications;s=RandomSignedInt32","Timestamp":"2024-04-26T11:56:34.8832925Z","Value":{"Value":2041441929,"SourceTimestamp":"2024-04-26T11:56:34.8200915Z","ServerTimestamp":"2024-04-26T11:56:34.8201038Z"},"SequenceNumber":359,"ExtensionFields":{"WriterGroupId":"MES"}}