{"NodeId":"nsu=http://opcfoundation.org/UA/Plc/Applications;s=RandomUnsignedInt32","EndpointUrl":"opc.tcp://localhost:61457/UA/SampleServer","ApplicationUri":"urn:desktop-bgfjs91:OPCFoundation:CoreSampleServer","DisplayName":"nsu=http://opcfoundation.org/UA/Plc/Applications;s=RandomUnsignedInt32","Timestamp":"2024-04-26T11:55:27.8618086Z","Value":{"Value":15994928,"SourceTimestamp":"2024-04-26T11:55:27.8069214Z","ServerTimestamp":"2024-04-26T11:55:27.806922Z"},"SequenceNumber":36,"ExtensionFields":{"WriterGroupId":"MES"}}