{"NodeId":"nsu=http://opcfoundation.org/UA/Plc/Applications;s=RandomUnsignedInt32","EndpointUrl":"opc.tcp://localhost:61457/UA/SampleServer","ApplicationUri":"urn:desktop-bgfjs91:OPCFoundation:CoreSampleServer","DisplayName":"nsu=http://opcfoundation.org/UA/Plc/Applications;s=RandomUnsignedInt32","Timestamp":"2024-04-26T11:56:34.8832925Z","Value":{"Value":1971536011,"SourceTimestamp":"2024-04-26T11:56:34.8200977Z","ServerTimestamp":"2024-04-26T11:56:34.8201125Z"},"SequenceNumber":360,"ExtensionFields":{"WriterGroupId":"MES"}}