{"NodeId":"nsu=http://opcfoundation.org/UA/Plc/Applications;s=DipData","EndpointUrl":"opc.tcp://localhost:61457/UA/SampleServer","ApplicationUri":"urn:desktop-bgfjs91:OPCFoundation:CoreSampleServer","DisplayName":"nsu=http://opcfoundation.org/UA/Plc/Applications;s=DipData","Timestamp":"2024-04-26T11:56:34.8832925Z","Value":{"Value":-90.482705246601981,"SourceTimestamp":"2024-04-26T11:56:34.8201202Z","ServerTimestamp":"2024-04-26T11:56:34.8201231Z"},"SequenceNumber":361,"ExtensionFields":{"WriterGroupId":"MES"}}