{"NodeId":"nsu=http://opcfoundation.org/UA/Plc/Applications;s=FastUIntScalar1","EndpointUrl":"opc.tcp://localhost:61457/UA/SampleServer","ApplicationUri":"urn:desktop-bgfjs91:OPCFoundation:CoreSampleServer","DisplayName":"nsu=http://opcfoundation.org/UA/Plc/Applications;s=FastUIntScalar1","Timestamp":"2024-04-26T11:56:35.8675606Z","Value":{"Value":77,"SourceTimestamp":"2024-04-26T11:56:35.1174635Z","ServerTimestamp":"2024-04-26T11:56:35.1174671Z"},"SequenceNumber":367,"ExtensionFields":{"WriterGroupId":"MES"}}