{"NodeId":"nsu=http://opcfoundation.org/UA/Plc/Applications;s=DipData","EndpointUrl":"opc.tcp://localhost:61457/UA/SampleServer","ApplicationUri":"urn:desktop-bgfjs91:OPCFoundation:CoreSampleServer","DisplayName":"nsu=http://opcfoundation.org/UA/Plc/Applications;s=DipData","Timestamp":"2024-04-26T11:56:36.8334507Z","Value":{"Value":98.228725072868855,"SourceTimestamp":"2024-04-26T11:56:36.8097347Z","ServerTimestamp":"2024-04-26T11:56:36.8097354Z"},"SequenceNumber":371,"ExtensionFields":{"WriterGroupId":"MES"}}