{"NodeId":"nsu=http://opcfoundation.org/UA/Plc/Applications;s=FastUIntScalar1","EndpointUrl":"opc.tcp://localhost:61457/UA/SampleServer","ApplicationUri":"urn:desktop-bgfjs91:OPCFoundation:CoreSampleServer","DisplayName":"nsu=http://opcfoundation.org/UA/Plc/Applications;s=FastUIntScalar1","Timestamp":"2024-04-26T11:56:36.8334507Z","Value":{"Value":78,"SourceTimestamp":"2024-04-26T11:56:36.119105Z","ServerTimestamp":"2024-04-26T11:56:36.1191075Z"},"SequenceNumber":372,"ExtensionFields":{"WriterGroupId":"MES"}}