{"NodeId":"nsu=http://opcfoundation.org/UA/Plc/Applications;s=AlternatingBoolean","EndpointUrl":"opc.tcp://localhost:61457/UA/SampleServer","ApplicationUri":"urn:desktop-bgfjs91:OPCFoundation:CoreSampleServer","DisplayName":"nsu=http://opcfoundation.org/UA/Plc/Applications;s=AlternatingBoolean","Timestamp":"2024-04-26T11:56:38.8850942Z","Value":{"Value":true,"SourceTimestamp":"2024-04-26T11:56:38.2101982Z","ServerTimestamp":"2024-04-26T11:56:38.2102027Z"},"SequenceNumber":379,"ExtensionFields":{"WriterGroupId":"MES"}}