{"NodeId":"nsu=http://opcfoundation.org/UA/Plc/Applications;s=RandomSignedInt32","EndpointUrl":"opc.tcp://localhost:61457/UA/SampleServer","ApplicationUri":"urn:desktop-bgfjs91:OPCFoundation:CoreSampleServer","DisplayName":"nsu=http://opcfoundation.org/UA/Plc/Applications;s=RandomSignedInt32","Timestamp":"2024-04-26T11:56:38.8850942Z","Value":{"Value":-1474501909,"SourceTimestamp":"2024-04-26T11:56:38.821669Z","ServerTimestamp":"2024-04-26T11:56:38.8216719Z"},"SequenceNumber":380,"ExtensionFields":{"WriterGroupId":"MES"}}