{"NodeId":"nsu=http://opcfoundation.org/UA/Plc/Applications;s=DipData","EndpointUrl":"opc.tcp://localhost:61457/UA/SampleServer","ApplicationUri":"urn:desktop-bgfjs91:OPCFoundation:CoreSampleServer","DisplayName":"nsu=http://opcfoundation.org/UA/Plc/Applications;s=DipData","Timestamp":"2024-04-26T11:56:38.8850942Z","Value":{"Value":-68.454710592868821,"SourceTimestamp":"2024-04-26T11:56:38.8216798Z","ServerTimestamp":"2024-04-26T11:56:38.8216809Z"},"SequenceNumber":382,"ExtensionFields":{"WriterGroupId":"MES"}}