{"NodeId":"nsu=http://opcfoundation.org/UA/Plc/Applications;s=RandomSignedInt32","EndpointUrl":"opc.tcp://localhost:61457/UA/SampleServer","ApplicationUri":"urn:desktop-bgfjs91:OPCFoundation:CoreSampleServer","DisplayName":"nsu=http://opcfoundation.org/UA/Plc/Applications;s=RandomSignedInt32","Timestamp":"2024-04-26T11:56:39.880468Z","Value":{"Value":244021262,"SourceTimestamp":"2024-04-26T11:56:39.8143089Z","ServerTimestamp":"2024-04-26T11:56:39.8143217Z"},"SequenceNumber":385,"ExtensionFields":{"WriterGroupId":"MES"}}