{"NodeId":"nsu=http://opcfoundation.org/UA/Plc/Applications;s=FastUIntScalar1","EndpointUrl":"opc.tcp://localhost:61457/UA/SampleServer","ApplicationUri":"urn:desktop-bgfjs91:OPCFoundation:CoreSampleServer","DisplayName":"nsu=http://opcfoundation.org/UA/Plc/Applications;s=FastUIntScalar1","Timestamp":"2024-04-26T11:56:39.880468Z","Value":{"Value":81,"SourceTimestamp":"2024-04-26T11:56:39.1199511Z","ServerTimestamp":"2024-04-26T11:56:39.1199546Z"},"SequenceNumber":388,"ExtensionFields":{"WriterGroupId":"MES"}}