{"NodeId":"nsu=http://opcfoundation.org/UA/Plc/Applications;s=RandomSignedInt32","EndpointUrl":"opc.tcp://localhost:61457/UA/SampleServer","ApplicationUri":"urn:desktop-bgfjs91:OPCFoundation:CoreSampleServer","DisplayName":"nsu=http://opcfoundation.org/UA/Plc/Applications;s=RandomSignedInt32","Timestamp":"2024-04-26T11:56:40.8446044Z","Value":{"Value":-1876588070,"SourceTimestamp":"2024-04-26T11:56:40.8114281Z","ServerTimestamp":"2024-04-26T11:56:40.811432Z"},"SequenceNumber":390,"ExtensionFields":{"WriterGroupId":"MES"}}