{"NodeId":"nsu=http://opcfoundation.org/UA/Plc/Applications;s=RandomSignedInt32","EndpointUrl":"opc.tcp://localhost:61457/UA/SampleServer","ApplicationUri":"urn:desktop-bgfjs91:OPCFoundation:CoreSampleServer","DisplayName":"nsu=http://opcfoundation.org/UA/Plc/Applications;s=RandomSignedInt32","Timestamp":"2024-04-26T11:56:41.878957Z","Value":{"Value":-809372929,"SourceTimestamp":"2024-04-26T11:56:41.8157759Z","ServerTimestamp":"2024-04-26T11:56:41.8158243Z"},"SequenceNumber":395,"ExtensionFields":{"WriterGroupId":"MES"}}