{"NodeId":"nsu=http://opcfoundation.org/UA/Plc/Applications;s=FastUIntScalar1","EndpointUrl":"opc.tcp://localhost:61457/UA/SampleServer","ApplicationUri":"urn:desktop-bgfjs91:OPCFoundation:CoreSampleServer","DisplayName":"nsu=http://opcfoundation.org/UA/Plc/Applications;s=FastUIntScalar1","Timestamp":"2024-04-26T11:56:41.878957Z","Value":{"Value":83,"SourceTimestamp":"2024-04-26T11:56:41.1116374Z","ServerTimestamp":"2024-04-26T11:56:41.1116409Z"},"SequenceNumber":398,"ExtensionFields":{"WriterGroupId":"MES"}}