{"NodeId":"nsu=http://opcfoundation.org/UA/Plc/Applications;s=RandomSignedInt32","EndpointUrl":"opc.tcp://localhost:61457/UA/SampleServer","ApplicationUri":"urn:desktop-bgfjs91:OPCFoundation:CoreSampleServer","DisplayName":"nsu=http://opcfoundation.org/UA/Plc/Applications;s=RandomSignedInt32","Timestamp":"2024-04-26T11:56:43.8926047Z","Value":{"Value":489616298,"SourceTimestamp":"2024-04-26T11:56:43.8135947Z","ServerTimestamp":"2024-04-26T11:56:43.8135953Z"},"SequenceNumber":406,"ExtensionFields":{"WriterGroupId":"MES"}}