{"NodeId":"nsu=http://opcfoundation.org/UA/Plc/Applications;s=RandomSignedInt32","EndpointUrl":"opc.tcp://localhost:61457/UA/SampleServer","ApplicationUri":"urn:desktop-bgfjs91:OPCFoundation:CoreSampleServer","DisplayName":"nsu=http://opcfoundation.org/UA/Plc/Applications;s=RandomSignedInt32","Timestamp":"2024-04-26T11:56:45.8958171Z","Value":{"Value":1581458149,"SourceTimestamp":"2024-04-26T11:56:45.8162455Z","ServerTimestamp":"2024-04-26T11:56:45.8162474Z"},"SequenceNumber":416,"ExtensionFields":{"WriterGroupId":"MES"}}