{"NodeId":"nsu=http://opcfoundation.org/UA/Plc/Applications;s=RandomSignedInt32","EndpointUrl":"opc.tcp://localhost:61457/UA/SampleServer","ApplicationUri":"urn:desktop-bgfjs91:OPCFoundation:CoreSampleServer","DisplayName":"nsu=http://opcfoundation.org/UA/Plc/Applications;s=RandomSignedInt32","Timestamp":"2024-04-26T11:56:47.8426854Z","Value":{"Value":-2029589594,"SourceTimestamp":"2024-04-26T11:56:47.8110645Z","ServerTimestamp":"2024-04-26T11:56:47.8110757Z"},"SequenceNumber":421,"ExtensionFields":{"WriterGroupId":"MES"}}