{"NodeId":"nsu=http://opcfoundation.org/UA/Plc/Applications;s=DipData","EndpointUrl":"opc.tcp://localhost:61457/UA/SampleServer","ApplicationUri":"urn:desktop-bgfjs91:OPCFoundation:CoreSampleServer","DisplayName":"nsu=http://opcfoundation.org/UA/Plc/Applications;s=DipData","Timestamp":"2024-04-26T11:56:47.8426854Z","Value":{"Value":48.175367410171532,"SourceTimestamp":"2024-04-26T11:56:47.8110878Z","ServerTimestamp":"2024-04-26T11:56:47.8110938Z"},"SequenceNumber":423,"ExtensionFields":{"WriterGroupId":"MES"}}