{"NodeId":"nsu=http://opcfoundation.org/UA/Plc/Applications;s=DipData","EndpointUrl":"opc.tcp://localhost:61457/UA/SampleServer","ApplicationUri":"urn:desktop-bgfjs91:OPCFoundation:CoreSampleServer","DisplayName":"nsu=http://opcfoundation.org/UA/Plc/Applications;s=DipData","Timestamp":"2024-04-26T11:55:28.8453927Z","Value":{"Value":-58.778525229247258,"SourceTimestamp":"2024-04-26T11:55:28.7075658Z","ServerTimestamp":"2024-04-26T11:55:28.707576Z"},"SequenceNumber":43,"ExtensionFields":{"WriterGroupId":"MES"}}