{"NodeId":"nsu=http://opcfoundation.org/UA/Plc/Applications;s=RandomSignedInt32","EndpointUrl":"opc.tcp://localhost:61457/UA/SampleServer","ApplicationUri":"urn:desktop-bgfjs91:OPCFoundation:CoreSampleServer","DisplayName":"nsu=http://opcfoundation.org/UA/Plc/Applications;s=RandomSignedInt32","Timestamp":"2024-04-26T11:56:49.8477782Z","Value":{"Value":-1236918253,"SourceTimestamp":"2024-04-26T11:56:49.8158784Z","ServerTimestamp":"2024-04-26T11:56:49.8158795Z"},"SequenceNumber":432,"ExtensionFields":{"WriterGroupId":"MES"}}