{"NodeId":"nsu=http://opcfoundation.org/UA/Plc/Applications;s=DipData","EndpointUrl":"opc.tcp://localhost:61457/UA/SampleServer","ApplicationUri":"urn:desktop-bgfjs91:OPCFoundation:CoreSampleServer","DisplayName":"nsu=http://opcfoundation.org/UA/Plc/Applications;s=DipData","Timestamp":"2024-04-26T11:56:49.8477782Z","Value":{"Value":-90.482705246601981,"SourceTimestamp":"2024-04-26T11:56:49.8158725Z","ServerTimestamp":"2024-04-26T11:56:49.8158739Z"},"SequenceNumber":434,"ExtensionFields":{"WriterGroupId":"MES"}}