{"NodeId":"nsu=http://opcfoundation.org/UA/Plc/Applications;s=RandomUnsignedInt32","EndpointUrl":"opc.tcp://localhost:61457/UA/SampleServer","ApplicationUri":"urn:desktop-bgfjs91:OPCFoundation:CoreSampleServer","DisplayName":"nsu=http://opcfoundation.org/UA/Plc/Applications;s=RandomUnsignedInt32","Timestamp":"2024-04-26T11:56:50.8535626Z","Value":{"Value":1487798360,"SourceTimestamp":"2024-04-26T11:56:50.8213863Z","ServerTimestamp":"2024-04-26T11:56:50.8213872Z"},"SequenceNumber":438,"ExtensionFields":{"WriterGroupId":"MES"}}