{"NodeId":"nsu=http://opcfoundation.org/UA/Plc/Applications;s=RandomUnsignedInt32","EndpointUrl":"opc.tcp://localhost:61457/UA/SampleServer","ApplicationUri":"urn:desktop-bgfjs91:OPCFoundation:CoreSampleServer","DisplayName":"nsu=http://opcfoundation.org/UA/Plc/Applications;s=RandomUnsignedInt32","Timestamp":"2024-04-26T11:56:51.8587226Z","Value":{"Value":1758403546,"SourceTimestamp":"2024-04-26T11:56:51.8108752Z","ServerTimestamp":"2024-04-26T11:56:51.8109053Z"},"SequenceNumber":443,"ExtensionFields":{"WriterGroupId":"MES"}}