{"NodeId":"nsu=http://opcfoundation.org/UA/Plc/Applications;s=FastUIntScalar1","EndpointUrl":"opc.tcp://localhost:61457/UA/SampleServer","ApplicationUri":"urn:desktop-bgfjs91:OPCFoundation:CoreSampleServer","DisplayName":"nsu=http://opcfoundation.org/UA/Plc/Applications;s=FastUIntScalar1","Timestamp":"2024-04-26T11:56:51.8587226Z","Value":{"Value":93,"SourceTimestamp":"2024-04-26T11:56:51.1199498Z","ServerTimestamp":"2024-04-26T11:56:51.1199534Z"},"SequenceNumber":445,"ExtensionFields":{"WriterGroupId":"MES"}}