{"NodeId":"nsu=http://opcfoundation.org/UA/Plc/Applications;s=RandomUnsignedInt32","EndpointUrl":"opc.tcp://localhost:61457/UA/SampleServer","ApplicationUri":"urn:desktop-bgfjs91:OPCFoundation:CoreSampleServer","DisplayName":"nsu=http://opcfoundation.org/UA/Plc/Applications;s=RandomUnsignedInt32","Timestamp":"2024-04-26T11:56:52.8576789Z","Value":{"Value":1741931174,"SourceTimestamp":"2024-04-26T11:56:52.8098521Z","ServerTimestamp":"2024-04-26T11:56:52.8099043Z"},"SequenceNumber":448,"ExtensionFields":{"WriterGroupId":"MES"}}