{"NodeId":"nsu=http://opcfoundation.org/UA/Plc/Applications;s=AlternatingBoolean","EndpointUrl":"opc.tcp://localhost:61457/UA/SampleServer","ApplicationUri":"urn:desktop-bgfjs91:OPCFoundation:CoreSampleServer","DisplayName":"nsu=http://opcfoundation.org/UA/Plc/Applications;s=AlternatingBoolean","Timestamp":"2024-04-26T11:56:53.862795Z","Value":{"Value":false,"SourceTimestamp":"2024-04-26T11:56:53.2181162Z","ServerTimestamp":"2024-04-26T11:56:53.2181189Z"},"SequenceNumber":452,"ExtensionFields":{"WriterGroupId":"MES"}}