{"NodeId":"nsu=http://opcfoundation.org/UA/Plc/Applications;s=RandomSignedInt32","EndpointUrl":"opc.tcp://localhost:61457/UA/SampleServer","ApplicationUri":"urn:desktop-bgfjs91:OPCFoundation:CoreSampleServer","DisplayName":"nsu=http://opcfoundation.org/UA/Plc/Applications;s=RandomSignedInt32","Timestamp":"2024-04-26T11:56:53.862795Z","Value":{"Value":-188542559,"SourceTimestamp":"2024-04-26T11:56:53.8155962Z","ServerTimestamp":"2024-04-26T11:56:53.8156008Z"},"SequenceNumber":453,"ExtensionFields":{"WriterGroupId":"MES"}}