{"NodeId":"nsu=http://opcfoundation.org/UA/Plc/Applications;s=RandomUnsignedInt32","EndpointUrl":"opc.tcp://localhost:61457/UA/SampleServer","ApplicationUri":"urn:desktop-bgfjs91:OPCFoundation:CoreSampleServer","DisplayName":"nsu=http://opcfoundation.org/UA/Plc/Applications;s=RandomUnsignedInt32","Timestamp":"2024-04-26T11:56:53.862795Z","Value":{"Value":1727976380,"SourceTimestamp":"2024-04-26T11:56:53.8155793Z","ServerTimestamp":"2024-04-26T11:56:53.8155802Z"},"SequenceNumber":454,"ExtensionFields":{"WriterGroupId":"MES"}}