{"NodeId":"nsu=http://opcfoundation.org/UA/Plc/Applications;s=RandomUnsignedInt32","EndpointUrl":"opc.tcp://localhost:61457/UA/SampleServer","ApplicationUri":"urn:desktop-bgfjs91:OPCFoundation:CoreSampleServer","DisplayName":"nsu=http://opcfoundation.org/UA/Plc/Applications;s=RandomUnsignedInt32","Timestamp":"2024-04-26T11:56:54.8695898Z","Value":{"Value":1168148694,"SourceTimestamp":"2024-04-26T11:56:54.8216494Z","ServerTimestamp":"2024-04-26T11:56:54.8216499Z"},"SequenceNumber":459,"ExtensionFields":{"WriterGroupId":"MES"}}