{"NodeId":"nsu=http://opcfoundation.org/UA/Plc/Applications;s=FastUIntScalar1","EndpointUrl":"opc.tcp://localhost:61457/UA/SampleServer","ApplicationUri":"urn:desktop-bgfjs91:OPCFoundation:CoreSampleServer","DisplayName":"nsu=http://opcfoundation.org/UA/Plc/Applications;s=FastUIntScalar1","Timestamp":"2024-04-26T11:56:54.8695898Z","Value":{"Value":96,"SourceTimestamp":"2024-04-26T11:56:54.1140166Z","ServerTimestamp":"2024-04-26T11:56:54.1140187Z"},"SequenceNumber":461,"ExtensionFields":{"WriterGroupId":"MES"}}