{"NodeId":"nsu=http://opcfoundation.org/UA/Plc/Applications;s=FastUIntScalar1","EndpointUrl":"opc.tcp://localhost:61457/UA/SampleServer","ApplicationUri":"urn:desktop-bgfjs91:OPCFoundation:CoreSampleServer","DisplayName":"nsu=http://opcfoundation.org/UA/Plc/Applications;s=FastUIntScalar1","Timestamp":"2024-04-26T11:56:56.8803387Z","Value":{"Value":98,"SourceTimestamp":"2024-04-26T11:56:56.1106011Z","ServerTimestamp":"2024-04-26T11:56:56.1106042Z"},"SequenceNumber":471,"ExtensionFields":{"WriterGroupId":"MES"}}