{"NodeId":"nsu=http://opcfoundation.org/UA/Plc/Applications;s=RandomSignedInt32","EndpointUrl":"opc.tcp://localhost:61457/UA/SampleServer","ApplicationUri":"urn:desktop-bgfjs91:OPCFoundation:CoreSampleServer","DisplayName":"nsu=http://opcfoundation.org/UA/Plc/Applications;s=RandomSignedInt32","Timestamp":"2024-04-26T11:56:57.8855171Z","Value":{"Value":-378673564,"SourceTimestamp":"2024-04-26T11:56:57.8215897Z","ServerTimestamp":"2024-04-26T11:56:57.8215914Z"},"SequenceNumber":473,"ExtensionFields":{"WriterGroupId":"MES"}}