{"NodeId":"nsu=http://opcfoundation.org/UA/Plc/Applications;s=RandomSignedInt32","EndpointUrl":"opc.tcp://localhost:61457/UA/SampleServer","ApplicationUri":"urn:desktop-bgfjs91:OPCFoundation:CoreSampleServer","DisplayName":"nsu=http://opcfoundation.org/UA/Plc/Applications;s=RandomSignedInt32","Timestamp":"2024-04-26T11:56:58.8838142Z","Value":{"Value":-312923001,"SourceTimestamp":"2024-04-26T11:56:58.8205611Z","ServerTimestamp":"2024-04-26T11:56:58.8205623Z"},"SequenceNumber":479,"ExtensionFields":{"WriterGroupId":"MES"}}