{"NodeId":"nsu=http://opcfoundation.org/UA/Plc/Applications;s=DipData","EndpointUrl":"opc.tcp://localhost:61457/UA/SampleServer","ApplicationUri":"urn:desktop-bgfjs91:OPCFoundation:CoreSampleServer","DisplayName":"nsu=http://opcfoundation.org/UA/Plc/Applications;s=DipData","Timestamp":"2024-04-26T11:55:29.8511965Z","Value":{"Value":-90.482705246601981,"SourceTimestamp":"2024-04-26T11:55:29.8204729Z","ServerTimestamp":"2024-04-26T11:55:29.8204739Z"},"SequenceNumber":48,"ExtensionFields":{"WriterGroupId":"MES"}}