{"NodeId":"nsu=http://opcfoundation.org/UA/Plc/Applications;s=RandomUnsignedInt32","EndpointUrl":"opc.tcp://localhost:61457/UA/SampleServer","ApplicationUri":"urn:desktop-bgfjs91:OPCFoundation:CoreSampleServer","DisplayName":"nsu=http://opcfoundation.org/UA/Plc/Applications;s=RandomUnsignedInt32","Timestamp":"2024-04-26T11:56:58.8838142Z","Value":{"Value":1964933273,"SourceTimestamp":"2024-04-26T11:56:58.8205604Z","ServerTimestamp":"2024-04-26T11:56:58.820561Z"},"SequenceNumber":480,"ExtensionFields":{"WriterGroupId":"MES"}}