{"NodeId":"nsu=http://opcfoundation.org/UA/Plc/Applications;s=RandomSignedInt32","EndpointUrl":"opc.tcp://localhost:61457/UA/SampleServer","ApplicationUri":"urn:desktop-bgfjs91:OPCFoundation:CoreSampleServer","DisplayName":"nsu=http://opcfoundation.org/UA/Plc/Applications;s=RandomSignedInt32","Timestamp":"2024-04-26T11:56:59.8895396Z","Value":{"Value":1214375136,"SourceTimestamp":"2024-04-26T11:56:59.8107981Z","ServerTimestamp":"2024-04-26T11:56:59.8108166Z"},"SequenceNumber":484,"ExtensionFields":{"WriterGroupId":"MES"}}