{"NodeId":"nsu=http://opcfoundation.org/UA/Plc/Applications;s=FastUIntScalar1","EndpointUrl":"opc.tcp://localhost:61457/UA/SampleServer","ApplicationUri":"urn:desktop-bgfjs91:OPCFoundation:CoreSampleServer","DisplayName":"nsu=http://opcfoundation.org/UA/Plc/Applications;s=FastUIntScalar1","Timestamp":"2024-04-26T11:56:59.8895396Z","Value":{"Value":101,"SourceTimestamp":"2024-04-26T11:56:59.1189011Z","ServerTimestamp":"2024-04-26T11:56:59.118903Z"},"SequenceNumber":487,"ExtensionFields":{"WriterGroupId":"MES"}}