{"NodeId":"nsu=http://opcfoundation.org/UA/Plc/Applications;s=RandomSignedInt32","EndpointUrl":"opc.tcp://localhost:61457/UA/SampleServer","ApplicationUri":"urn:desktop-bgfjs91:OPCFoundation:CoreSampleServer","DisplayName":"nsu=http://opcfoundation.org/UA/Plc/Applications;s=RandomSignedInt32","Timestamp":"2024-04-26T11:57:01.8376344Z","Value":{"Value":-537481818,"SourceTimestamp":"2024-04-26T11:57:01.8216172Z","ServerTimestamp":"2024-04-26T11:57:01.8216199Z"},"SequenceNumber":489,"ExtensionFields":{"WriterGroupId":"MES"}}