{"NodeId":"nsu=http://opcfoundation.org/UA/Plc/Applications;s=RandomUnsignedInt32","EndpointUrl":"opc.tcp://localhost:61457/UA/SampleServer","ApplicationUri":"urn:desktop-bgfjs91:OPCFoundation:CoreSampleServer","DisplayName":"nsu=http://opcfoundation.org/UA/Plc/Applications;s=RandomUnsignedInt32","Timestamp":"2024-04-26T11:57:01.8376344Z","Value":{"Value":1636114565,"SourceTimestamp":"2024-04-26T11:57:01.82162Z","ServerTimestamp":"2024-04-26T11:57:01.8216363Z"},"SequenceNumber":490,"ExtensionFields":{"WriterGroupId":"MES"}}