{"NodeId":"nsu=http://opcfoundation.org/UA/Plc/Applications;s=RandomSignedInt32","EndpointUrl":"opc.tcp://localhost:61457/UA/SampleServer","ApplicationUri":"urn:desktop-bgfjs91:OPCFoundation:CoreSampleServer","DisplayName":"nsu=http://opcfoundation.org/UA/Plc/Applications;s=RandomSignedInt32","Timestamp":"2024-04-26T11:57:02.8434144Z","Value":{"Value":968728634,"SourceTimestamp":"2024-04-26T11:57:02.8116926Z","ServerTimestamp":"2024-04-26T11:57:02.8116963Z"},"SequenceNumber":494,"ExtensionFields":{"WriterGroupId":"MES"}}