{"NodeId":"nsu=http://opcfoundation.org/UA/Plc/Applications;s=RandomUnsignedInt32","EndpointUrl":"opc.tcp://localhost:61457/UA/SampleServer","ApplicationUri":"urn:desktop-bgfjs91:OPCFoundation:CoreSampleServer","DisplayName":"nsu=http://opcfoundation.org/UA/Plc/Applications;s=RandomUnsignedInt32","Timestamp":"2024-04-26T11:55:20.8643029Z","Value":{"Value":778477766,"SourceTimestamp":"2024-04-26T11:55:20.8168704Z","ServerTimestamp":"2024-04-26T11:55:20.8169347Z"},"SequenceNumber":5,"ExtensionFields":{"WriterGroupId":"MES"}}