{"NodeId":"nsu=http://opcfoundation.org/UA/Plc/Applications;s=RandomSignedInt32","EndpointUrl":"opc.tcp://localhost:61457/UA/SampleServer","ApplicationUri":"urn:desktop-bgfjs91:OPCFoundation:CoreSampleServer","DisplayName":"nsu=http://opcfoundation.org/UA/Plc/Applications;s=RandomSignedInt32","Timestamp":"2024-04-26T11:57:03.8486011Z","Value":{"Value":1848990352,"SourceTimestamp":"2024-04-26T11:57:03.816738Z","ServerTimestamp":"2024-04-26T11:57:03.8167389Z"},"SequenceNumber":500,"ExtensionFields":{"WriterGroupId":"MES"}}