{"NodeId":"nsu=http://opcfoundation.org/UA/Plc/Applications;s=RandomUnsignedInt32","EndpointUrl":"opc.tcp://localhost:61457/UA/SampleServer","ApplicationUri":"urn:desktop-bgfjs91:OPCFoundation:CoreSampleServer","DisplayName":"nsu=http://opcfoundation.org/UA/Plc/Applications;s=RandomUnsignedInt32","Timestamp":"2024-04-26T11:55:30.8852669Z","Value":{"Value":1453466618,"SourceTimestamp":"2024-04-26T11:55:30.8222901Z","ServerTimestamp":"2024-04-26T11:55:30.8222918Z"},"SequenceNumber":52,"ExtensionFields":{"WriterGroupId":"MES"}}