{"NodeId":"nsu=http://opcfoundation.org/UA/Plc/Applications;s=DipData","EndpointUrl":"opc.tcp://localhost:61457/UA/SampleServer","ApplicationUri":"urn:desktop-bgfjs91:OPCFoundation:CoreSampleServer","DisplayName":"nsu=http://opcfoundation.org/UA/Plc/Applications;s=DipData","Timestamp":"2024-04-26T11:55:30.8852669Z","Value":{"Value":12.53332335643041,"SourceTimestamp":"2024-04-26T11:55:30.8222914Z","ServerTimestamp":"2024-04-26T11:55:30.8223139Z"},"SequenceNumber":53,"ExtensionFields":{"WriterGroupId":"MES"}}