{"NodeId":"nsu=http://opcfoundation.org/UA/Plc/Applications;s=RandomSignedInt32","EndpointUrl":"opc.tcp://localhost:61457/UA/SampleServer","ApplicationUri":"urn:desktop-bgfjs91:OPCFoundation:CoreSampleServer","DisplayName":"nsu=http://opcfoundation.org/UA/Plc/Applications;s=RandomSignedInt32","Timestamp":"2024-04-26T11:55:31.8738018Z","Value":{"Value":-352083243,"SourceTimestamp":"2024-04-26T11:55:31.8102723Z","ServerTimestamp":"2024-04-26T11:55:31.8102736Z"},"SequenceNumber":56,"ExtensionFields":{"WriterGroupId":"MES"}}