{"NodeId":"nsu=http://opcfoundation.org/UA/Plc/Applications;s=RandomUnsignedInt32","EndpointUrl":"opc.tcp://localhost:61457/UA/SampleServer","ApplicationUri":"urn:desktop-bgfjs91:OPCFoundation:CoreSampleServer","DisplayName":"nsu=http://opcfoundation.org/UA/Plc/Applications;s=RandomUnsignedInt32","Timestamp":"2024-04-26T11:55:31.8738018Z","Value":{"Value":1021444578,"SourceTimestamp":"2024-04-26T11:55:31.8102655Z","ServerTimestamp":"2024-04-26T11:55:31.8102688Z"},"SequenceNumber":57,"ExtensionFields":{"WriterGroupId":"MES"}}