{"NodeId":"nsu=http://opcfoundation.org/UA/Plc/Applications;s=RandomUnsignedInt32","EndpointUrl":"opc.tcp://localhost:61457/UA/SampleServer","ApplicationUri":"urn:desktop-bgfjs91:OPCFoundation:CoreSampleServer","DisplayName":"nsu=http://opcfoundation.org/UA/Plc/Applications;s=RandomUnsignedInt32","Timestamp":"2024-04-26T11:55:32.8414388Z","Value":{"Value":1419151129,"SourceTimestamp":"2024-04-26T11:55:32.8070001Z","ServerTimestamp":"2024-04-26T11:55:32.8070036Z"},"SequenceNumber":62,"ExtensionFields":{"WriterGroupId":"MES"}}