{"NodeId":"nsu=http://opcfoundation.org/UA/Plc/Applications;s=AlternatingBoolean","EndpointUrl":"opc.tcp://localhost:61457/UA/SampleServer","ApplicationUri":"urn:desktop-bgfjs91:OPCFoundation:CoreSampleServer","DisplayName":"nsu=http://opcfoundation.org/UA/Plc/Applications;s=AlternatingBoolean","Timestamp":"2024-04-26T11:55:33.8411263Z","Value":{"Value":false,"SourceTimestamp":"2024-04-26T11:55:33.2168571Z","ServerTimestamp":"2024-04-26T11:55:33.2168661Z"},"SequenceNumber":66,"ExtensionFields":{"WriterGroupId":"MES"}}