{"NodeId":"nsu=http://opcfoundation.org/UA/Plc/Applications;s=FastUIntScalar1","EndpointUrl":"opc.tcp://localhost:61457/UA/SampleServer","ApplicationUri":"urn:desktop-bgfjs91:OPCFoundation:CoreSampleServer","DisplayName":"nsu=http://opcfoundation.org/UA/Plc/Applications;s=FastUIntScalar1","Timestamp":"2024-04-26T11:55:20.8643029Z","Value":{"Value":2,"SourceTimestamp":"2024-04-26T11:55:20.1231764Z","ServerTimestamp":"2024-04-26T11:55:20.1231837Z"},"SequenceNumber":7,"ExtensionFields":{"WriterGroupId":"MES"}}