{"NodeId":"nsu=http://opcfoundation.org/UA/Plc/Applications;s=FastUIntScalar1","EndpointUrl":"opc.tcp://localhost:61457/UA/SampleServer","ApplicationUri":"urn:desktop-bgfjs91:OPCFoundation:CoreSampleServer","DisplayName":"nsu=http://opcfoundation.org/UA/Plc/Applications;s=FastUIntScalar1","Timestamp":"2024-04-26T11:55:33.8411263Z","Value":{"Value":15,"SourceTimestamp":"2024-04-26T11:55:33.1075426Z","ServerTimestamp":"2024-04-26T11:55:33.1075453Z"},"SequenceNumber":70,"ExtensionFields":{"WriterGroupId":"MES"}}