{"NodeId":"nsu=http://opcfoundation.org/UA/Plc/Applications;s=RandomSignedInt32","EndpointUrl":"opc.tcp://localhost:61457/UA/SampleServer","ApplicationUri":"urn:desktop-bgfjs91:OPCFoundation:CoreSampleServer","DisplayName":"nsu=http://opcfoundation.org/UA/Plc/Applications;s=RandomSignedInt32","Timestamp":"2024-04-26T11:55:35.8749595Z","Value":{"Value":-1849603359,"SourceTimestamp":"2024-04-26T11:55:35.8112322Z","ServerTimestamp":"2024-04-26T11:55:35.8112359Z"},"SequenceNumber":77,"ExtensionFields":{"WriterGroupId":"MES"}}