{"NodeId":"nsu=http://opcfoundation.org/UA/Plc/Applications;s=RandomUnsignedInt32","EndpointUrl":"opc.tcp://localhost:61457/UA/SampleServer","ApplicationUri":"urn:desktop-bgfjs91:OPCFoundation:CoreSampleServer","DisplayName":"nsu=http://opcfoundation.org/UA/Plc/Applications;s=RandomUnsignedInt32","Timestamp":"2024-04-26T11:55:35.8749595Z","Value":{"Value":1130528613,"SourceTimestamp":"2024-04-26T11:55:35.8112458Z","ServerTimestamp":"2024-04-26T11:55:35.8112478Z"},"SequenceNumber":78,"ExtensionFields":{"WriterGroupId":"MES"}}