{"NodeId":"nsu=http://opcfoundation.org/UA/Plc/Applications;s=FastUIntScalar1","EndpointUrl":"opc.tcp://localhost:61457/UA/SampleServer","ApplicationUri":"urn:desktop-bgfjs91:OPCFoundation:CoreSampleServer","DisplayName":"nsu=http://opcfoundation.org/UA/Plc/Applications;s=FastUIntScalar1","Timestamp":"2024-04-26T11:55:35.8749595Z","Value":{"Value":17,"SourceTimestamp":"2024-04-26T11:55:35.1074512Z","ServerTimestamp":"2024-04-26T11:55:35.1074537Z"},"SequenceNumber":80,"ExtensionFields":{"WriterGroupId":"MES"}}