{"NodeId":"nsu=http://opcfoundation.org/UA/Plc/Applications;s=RandomSignedInt32","EndpointUrl":"opc.tcp://localhost:61457/UA/SampleServer","ApplicationUri":"urn:desktop-bgfjs91:OPCFoundation:CoreSampleServer","DisplayName":"nsu=http://opcfoundation.org/UA/Plc/Applications;s=RandomSignedInt32","Timestamp":"2024-04-26T11:55:36.8721502Z","Value":{"Value":-1830873454,"SourceTimestamp":"2024-04-26T11:55:36.8148131Z","ServerTimestamp":"2024-04-26T11:55:36.8148214Z"},"SequenceNumber":82,"ExtensionFields":{"WriterGroupId":"MES"}}