{"NodeId":"nsu=http://opcfoundation.org/UA/Plc/Applications;s=RandomUnsignedInt32","EndpointUrl":"opc.tcp://localhost:61457/UA/SampleServer","ApplicationUri":"urn:desktop-bgfjs91:OPCFoundation:CoreSampleServer","DisplayName":"nsu=http://opcfoundation.org/UA/Plc/Applications;s=RandomUnsignedInt32","Timestamp":"2024-04-26T11:55:36.8721502Z","Value":{"Value":787108695,"SourceTimestamp":"2024-04-26T11:55:36.8148251Z","ServerTimestamp":"2024-04-26T11:55:36.814826Z"},"SequenceNumber":83,"ExtensionFields":{"WriterGroupId":"MES"}}