{"NodeId":"nsu=http://opcfoundation.org/UA/Plc/Applications;s=FastUIntScalar1","EndpointUrl":"opc.tcp://localhost:61457/UA/SampleServer","ApplicationUri":"urn:desktop-bgfjs91:OPCFoundation:CoreSampleServer","DisplayName":"nsu=http://opcfoundation.org/UA/Plc/Applications;s=FastUIntScalar1","Timestamp":"2024-04-26T11:55:36.8721502Z","Value":{"Value":18,"SourceTimestamp":"2024-04-26T11:55:36.1166125Z","ServerTimestamp":"2024-04-26T11:55:36.116615Z"},"SequenceNumber":85,"ExtensionFields":{"WriterGroupId":"MES"}}