{"NodeId":"nsu=http://opcfoundation.org/UA/Plc/Applications;s=DipData","EndpointUrl":"opc.tcp://localhost:61457/UA/SampleServer","ApplicationUri":"urn:desktop-bgfjs91:OPCFoundation:CoreSampleServer","DisplayName":"nsu=http://opcfoundation.org/UA/Plc/Applications;s=DipData","Timestamp":"2024-04-26T11:55:37.8530042Z","Value":{"Value":48.175367410171532,"SourceTimestamp":"2024-04-26T11:55:37.8206818Z","ServerTimestamp":"2024-04-26T11:55:37.8206825Z"},"SequenceNumber":89,"ExtensionFields":{"WriterGroupId":"MES"}}