{"NodeId":"nsu=http://opcfoundation.org/UA/Plc/Applications;s=RandomSignedInt32","EndpointUrl":"opc.tcp://localhost:61457/UA/SampleServer","ApplicationUri":"urn:desktop-bgfjs91:OPCFoundation:CoreSampleServer","DisplayName":"nsu=http://opcfoundation.org/UA/Plc/Applications;s=RandomSignedInt32","Timestamp":"2024-04-26T11:55:21.8704794Z","Value":{"Value":-1456557162,"SourceTimestamp":"2024-04-26T11:55:21.8070761Z","ServerTimestamp":"2024-04-26T11:55:21.8070881Z"},"SequenceNumber":9,"ExtensionFields":{"WriterGroupId":"MES"}}