{"MessageId":"326936c4-f0fc-4444-b534-bff97ecdba7e","MessageType":"ua-data","PublisherId":"DESKTOP-BGFJS91","DataSetWriterGroup":"<<UnknownWriterGroup>>","Messages":[{"SequenceNumber":101,"MetaDataVersion":{"MajorVersion":1},"Timestamp":"2024-04-26T14:36:12.5839811Z","MessageType":"ua-keyframe","DataSetWriterName":"<<UnknownDataSet>>","Payload":{"CurrentTime":{"Value":"2024-04-26T14:36:12.5370576Z","SourceTimestamp":"2024-04-26T14:34:32.5266891Z","ServerTimestamp":"2024-04-26T14:36:12.5370621Z"},"EngineeringUnits":{"Value":"mm/sec"},"AssetId":{"Value":"5"},"Important":{"Value":false},"Variance":{"Value":12.3465004}}}]}