{"MessageId":"8d871494-920d-46dd-9228-f33da441fae5","MessageType":"ua-data","PublisherId":"DESKTOP-BGFJS91","DataSetWriterGroup":"<<UnknownWriterGroup>>","Messages":[{"SequenceNumber":117,"MetaDataVersion":{"MajorVersion":1},"Timestamp":"2024-04-26T14:36:28.5871503Z","MessageType":"ua-deltaframe","DataSetWriterName":"<<UnknownDataSet>>","Payload":{"CurrentTime":{"Value":"2024-04-26T14:36:28.5405427Z","SourceTimestamp":"2024-04-26T14:34:32.5266891Z","ServerTimestamp":"2024-04-26T14:36:28.540549Z"}}}]}