{"MessageId":"1847e9eb-ba92-4728-adc6-48ee90c0a114","MessageType":"ua-data","PublisherId":"DESKTOP-BGFJS91","DataSetWriterGroup":"<<UnknownWriterGroup>>","Messages":[{"SequenceNumber":15,"MetaDataVersion":{"MajorVersion":1},"Timestamp":"2024-04-26T14:34:46.6367429Z","MessageType":"ua-deltaframe","DataSetWriterName":"<<UnknownDataSet>>","Payload":{"CurrentTime":{"Value":"2024-04-26T14:34:46.5279016Z","SourceTimestamp":"2024-04-26T14:34:32.5266891Z","ServerTimestamp":"2024-04-26T14:34:46.5279071Z"}}}]}