{"MessageId":"fe4dd160-7ba6-4b61-950d-0c57b5ef13aa","MessageType":"ua-data","PublisherId":"DESKTOP-BGFJS91","DataSetWriterGroup":"<<UnknownWriterGroup>>","Messages":[{"SequenceNumber":31,"MetaDataVersion":{"MajorVersion":1},"Timestamp":"2024-04-26T14:35:02.5337803Z","MessageType":"ua-keyframe","DataSetWriterName":"<<UnknownDataSet>>","Payload":{"CurrentTime":{"Value":"2024-04-26T14:35:02.4404761Z","SourceTimestamp":"2024-04-26T14:34:32.5266891Z","ServerTimestamp":"2024-04-26T14:35:02.4404821Z"},"EngineeringUnits":{"Value":"mm/sec"},"AssetId":{"Value":"5"},"Important":{"Value":false},"Variance":{"Value":12.3465004}}}]}