{"MessageId":"f6bed9c4-5923-4fbb-acc9-e6674519152c","MessageType":"ua-data","PublisherId":"DESKTOP-BGFJS91","DataSetWriterGroup":"<<UnknownWriterGroup>>","Messages":[{"SequenceNumber":38,"MetaDataVersion":{"MajorVersion":1},"Timestamp":"2024-04-26T14:35:09.5266947Z","MessageType":"ua-deltaframe","DataSetWriterName":"<<UnknownDataSet>>","Payload":{"CurrentTime":{"Value":"2024-04-26T14:35:09.4322728Z","SourceTimestamp":"2024-04-26T14:34:32.5266891Z","ServerTimestamp":"2024-04-26T14:35:09.4322782Z"}}}]}