{"MessageId":"74cdf47c-269e-4a80-8c5d-9d649334bb00","MessageType":"ua-data","PublisherId":"DESKTOP-BGFJS91","DataSetWriterGroup":"<<UnknownWriterGroup>>","Messages":[{"SequenceNumber":40,"MetaDataVersion":{"MajorVersion":1},"Timestamp":"2024-04-26T14:35:11.6430846Z","MessageType":"ua-deltaframe","DataSetWriterName":"<<UnknownDataSet>>","Payload":{"CurrentTime":{"Value":"2024-04-26T14:35:11.6272259Z","SourceTimestamp":"2024-04-26T14:34:32.5266891Z","ServerTimestamp":"2024-04-26T14:35:11.6272333Z"}}}]}