{"MessageId":"26f7b537-9753-4d4b-81aa-72b6a7d9d38a","MessageType":"ua-data","PublisherId":"DESKTOP-BGFJS91","DataSetWriterGroup":"<<UnknownWriterGroup>>","Messages":[{"SequenceNumber":60,"MetaDataVersion":{"MajorVersion":1},"Timestamp":"2024-04-26T14:35:31.607606Z","MessageType":"ua-deltaframe","DataSetWriterName":"<<UnknownDataSet>>","Payload":{"CurrentTime":{"Value":"2024-04-26T14:35:31.5293713Z","SourceTimestamp":"2024-04-26T14:34:32.5266891Z","ServerTimestamp":"2024-04-26T14:35:31.5293774Z"}}}]}