{"MessageId":"aef73b5f-0deb-42ab-8e81-5ad2d70c59b7","MessageType":"ua-data","PublisherId":"DESKTOP-BGFJS91","DataSetWriterGroup":"<<UnknownWriterGroup>>","Messages":[{"SequenceNumber":90,"MetaDataVersion":{"MajorVersion":1},"Timestamp":"2024-04-26T14:36:01.6210719Z","MessageType":"ua-deltaframe","DataSetWriterName":"<<UnknownDataSet>>","Payload":{"CurrentTime":{"Value":"2024-04-26T14:36:01.542695Z","SourceTimestamp":"2024-04-26T14:34:32.5266891Z","ServerTimestamp":"2024-04-26T14:36:01.5427004Z"}}}]}