{"MessageId":"429a4c5c-3ebd-4a91-8f6d-f5ee7467abb3","MessageType":"ua-data","PublisherId":"DESKTOP-BGFJS91","DataSetWriterGroup":"<<UnknownWriterGroup>>","Messages":[{"SequenceNumber":99,"MetaDataVersion":{"MajorVersion":1},"Timestamp":"2024-04-26T14:36:10.5374754Z","MessageType":"ua-deltaframe","DataSetWriterName":"<<UnknownDataSet>>","Payload":{"CurrentTime":{"Value":"2024-04-26T14:36:10.4289835Z","SourceTimestamp":"2024-04-26T14:34:32.5266891Z","ServerTimestamp":"2024-04-26T14:36:10.4289887Z"}}}]}