{"$schema":"http://json-schema.org/draft-07/schema#","$ref":"#/definitions/org.github.microsoft.opcpublisher.JsonNetworkMessage","definitions":{"org.opcfoundation.UA.DateTime":{"$id":"http://opcfoundation.org/UA/#DateTime","title":"OPC UA built in type DateTime","type":"string","format":"date-time"},"org.opcfoundation.UA.UInt32":{"$id":"http://opcfoundation.org/UA/#UInt32","title":"OPC UA built in type UInt32","type":"integer","minimum":0,"maximum":4294967295,"default":0,"format":"uint32"},"org.opcfoundation.UA.String":{"$id":"http://opcfoundation.org/UA/#String","title":"OPC UA built in type String","type":"string"},"org.opcfoundation.UA.StatusCode":{"$id":"http://opcfoundation.org/UA/#StatusCode","title":"OPC UA built in type StatusCode","type":"object","properties":{"Code":{"$ref":"#/definitions/org.opcfoundation.UA.UInt32"},"Symbol":{"$ref":"#/definitions/org.opcfoundation.UA.String"}},"additionalProperties":false},"org.opcfoundation.UA.UInt16":{"$id":"http://opcfoundation.org/UA/#UInt16","title":"OPC UA built in type UInt16","type":"integer","minimum":0,"maximum":65535,"default":0,"format":"uint16"},"org.github.microsoft.opcpublisher.DateTimeDataValue":{"$id":"http://github.org/microsoft/opcpublisher#DateTimeDataValue","title":"Dataset Field of Type DateTime","type":"object","properties":{"Value":{"$ref":"#/definitions/org.opcfoundation.UA.DateTime"},"Status":{"$ref":"#/definitions/org.opcfoundation.UA.StatusCode"},"SourceTimestamp":{"$ref":"#/definitions/org.opcfoundation.UA.DateTime"},"SourcePicoSeconds":{"$ref":"#/definitions/org.opcfoundation.UA.UInt16"},"ServerTimestamp":{"$ref":"#/definitions/org.opcfoundation.UA.DateTime"},"ServerPicoSeconds":{"$ref":"#/definitions/org.opcfoundation.UA.UInt16"}},"additionalProperties":false},"org.github.microsoft.opcpublisher.StringDataValue":{"$id":"http://github.org/microsoft/opcpublisher#StringDataValue","title":"Dataset Field of Type String","type":"object","properties":{"Value":{"$ref":"#/definitions/org.opcfoundation.UA.String"},"Status":{"$ref":"#/definitions/org.opcfoundation.UA.StatusCode"},"SourceTimestamp":{"$ref":"#/definitions/org.opcfoundation.UA.DateTime"},"SourcePicoSeconds":{"$ref":"#/definitions/org.opcfoundation.UA.UInt16"},"ServerTimestamp":{"$ref":"#/definitions/org.opcfoundation.UA.DateTime"},"ServerPicoSeconds":{"$ref":"#/definitions/org.opcfoundation.UA.UInt16"}},"additionalProperties":false},"org.opcfoundation.UA.Variant":{"title":"Any","type":["number","null","object","array","string","integer","boolean"]},"org.github.microsoft.opcpublisher.NumberDataValue":{"$id":"http://github.org/microsoft/opcpublisher#NumberDataValue","title":"Dataset Field of Type Number","type":"object","properties":{"Value":{"title":"Any","type":["number","null","object","array","string","integer","boolean"]},"Status":{"$ref":"#/definitions/org.opcfoundation.UA.StatusCode"},"SourceTimestamp":{"$ref":"#/definitions/org.opcfoundation.UA.DateTime"},"SourcePicoSeconds":{"$ref":"#/definitions/org.opcfoundation.UA.UInt16"},"ServerTimestamp":{"$ref":"#/definitions/org.opcfoundation.UA.DateTime"},"ServerPicoSeconds":{"$ref":"#/definitions/org.opcfoundation.UA.UInt16"}},"additionalProperties":false},"org.opcfoundation.UA.Boolean":{"$id":"http://opcfoundation.org/UA/#Boolean","title":"OPC UA built in type Boolean","type":"boolean"},"org.github.microsoft.opcpublisher.BooleanDataValue":{"$id":"http://github.org/microsoft/opcpublisher#BooleanDataValue","title":"Dataset Field of Type Boolean","type":"object","properties":{"Value":{"$ref":"#/definitions/org.opcfoundation.UA.Boolean"},"Status":{"$ref":"#/definitions/org.opcfoundation.UA.StatusCode"},"SourceTimestamp":{"$ref":"#/definitions/org.opcfoundation.UA.DateTime"},"SourcePicoSeconds":{"$ref":"#/definitions/org.opcfoundation.UA.UInt16"},"ServerTimestamp":{"$ref":"#/definitions/org.opcfoundation.UA.DateTime"},"ServerPicoSeconds":{"$ref":"#/definitions/org.opcfoundation.UA.UInt16"}},"additionalProperties":false},"org.opcfoundation.UA.Float":{"$id":"http://opcfoundation.org/UA/#Float","title":"OPC UA built in type Float","type":"number","minimum":-3.4028235E+38,"maximum":3.4028235E+38,"default":0,"format":"float"},"org.github.microsoft.opcpublisher.FloatDataValue":{"$id":"http://github.org/microsoft/opcpublisher#FloatDataValue","title":"Dataset Field of Type Float","type":"object","properties":{"Value":{"$ref":"#/definitions/org.opcfoundation.UA.Float"},"Status":{"$ref":"#/definitions/org.opcfoundation.UA.StatusCode"},"SourceTimestamp":{"$ref":"#/definitions/org.opcfoundation.UA.DateTime"},"SourcePicoSeconds":{"$ref":"#/definitions/org.opcfoundation.UA.UInt16"},"ServerTimestamp":{"$ref":"#/definitions/org.opcfoundation.UA.DateTime"},"ServerPicoSeconds":{"$ref":"#/definitions/org.opcfoundation.UA.UInt16"}},"additionalProperties":false},"org.github.microsoft.opcpublisher.DataSet":{"$id":"http://github.org/microsoft/opcpublisher#DataSet","title":"DataSet","type":"object","properties":{"CurrentTime":{"$ref":"#/definitions/org.github.microsoft.opcpublisher.DateTimeDataValue"},"EngineeringUnits":{"$ref":"#/definitions/org.github.microsoft.opcpublisher.StringDataValue"},"AssetId":{"$ref":"#/definitions/org.github.microsoft.opcpublisher.NumberDataValue"},"Important":{"$ref":"#/definitions/org.github.microsoft.opcpublisher.BooleanDataValue"},"Variance":{"$ref":"#/definitions/org.github.microsoft.opcpublisher.FloatDataValue"}}},"org.opcfoundation.UA.i_x61_14593":{"$id":"http://opcfoundation.org/UA/#i%3d14593","type":"object","properties":{"MajorVersion":{"$ref":"#/definitions/org.opcfoundation.UA.UInt32"},"MinorVersion":{"$ref":"#/definitions/org.opcfoundation.UA.UInt32"}}},"org.github.microsoft.opcpublisher.JsonDataSetMessage":{"$id":"http://github.org/microsoft/opcpublisher#JsonDataSetMessage","type":"object","properties":{"DataSetWriterId":{"$ref":"#/definitions/org.opcfoundation.UA.String"},"SequenceNumber":{"$ref":"#/definitions/org.opcfoundation.UA.UInt32"},"MetaDataVersion":{"$ref":"#/definitions/org.opcfoundation.UA.i_x61_14593"},"Timestamp":{"$ref":"#/definitions/org.opcfoundation.UA.DateTime"},"MessageType":{"$ref":"#/definitions/org.opcfoundation.UA.String"},"Payload":{"$ref":"#/definitions/org.github.microsoft.opcpublisher.DataSet"}},"required":["DataSetWriterId","SequenceNumber","MetaDataVersion","Timestamp","MessageType","Payload"],"additionalProperties":false},"org.opcfoundation.UA.Guid":{"$id":"http://opcfoundation.org/UA/#Guid","title":"OPC UA built in type Guid","type":"string","format":"uuid"},"org.github.microsoft.opcpublisher.JsonNetworkMessage":{"$id":"http://github.org/microsoft/opcpublisher#JsonNetworkMessage","type":"null","properties":{"MessageId":{"$ref":"#/definitions/org.opcfoundation.UA.String"},"MessageType":{"$ref":"#/definitions/org.opcfoundation.UA.String"},"PublisherId":{"$ref":"#/definitions/org.opcfoundation.UA.String"},"DataSetClassId":{"$ref":"#/definitions/org.opcfoundation.UA.Guid"},"DataSetWriterGroup":{"$ref":"#/definitions/org.opcfoundation.UA.String"},"Messages":{"type":"array","items":{"$ref":"#/definitions/org.github.microsoft.opcpublisher.JsonDataSetMessage"}}},"required":["MessageId","MessageType","PublisherId","DataSetClassId","DataSetWriterGroup","Messages"],"additionalProperties":false}}}