{"NodeId":"i=2253","EndpointUrl":"opc.tcp://localhost:61457/UA/SampleServer","DisplayName":"<<UnknownDataSet>>","Value":{"EventId":"1CguRoVHxk2wyWAQnnvp3Q==","EventType":{"IdType":1,"Id":"ReferenceChange"},"SourceNode":{"Id":10157,"Namespace":"http://test.org/UA/Data/"},"Time":"2024-04-27T09:04:55.5256898Z","Change":{"ReferenceTypeId":{"Id":47},"IsForward":true,"NodeId":{"Id":10158,"Namespace":"http://test.org/UA/Data/"},"BrowseName":{"Name":"Static","Uri":"http://test.org/UA/Data/"},"DisplayName":"Static","NodeClass":"Object_1","TypeDefinition":{"Id":61}}}}