{"NodeId":"i=2253","EndpointUrl":"opc.tcp://localhost:61457/UA/SampleServer","DisplayName":"<<UnknownDataSet>>","Value":{"EventId":"rxLWguFRKUuKUfMR3QKF/A==","EventType":{"IdType":1,"Id":"ReferenceChange"},"SourceNode":{"Id":281,"Namespace":"http://opcfoundation.org/UA/Vehicles/Instances"},"Time":"2024-04-27T09:04:55.5331873Z","Change":{"ReferenceTypeId":{"Id":47},"IsForward":true,"NodeId":{"Id":283,"Namespace":"http://opcfoundation.org/UA/Vehicles/Instances"},"BrowseName":{"Name":"VehiclesInLot","Uri":"http://opcfoundation.org/UA/Vehicles/Instances"},"DisplayName":"VehiclesInLot","NodeClass":"Variable_2","TypeDefinition":{"Id":63}}}}