{"NodeId":"i=2253","EndpointUrl":"opc.tcp://localhost:61457/UA/SampleServer","DisplayName":"<<UnknownDataSet>>","Value":{"EventId":"fbe0zeUulESVzglelVWDnQ==","EventType":{"IdType":1,"Id":"ReferenceChange"},"SourceNode":{"Id":303,"Namespace":"http://opcfoundation.org/HistoricalEvents"},"Time":"2024-04-27T09:04:55.5343231Z","Change":{"ReferenceTypeId":{"Id":48},"IsForward":true,"NodeId":{"IdType":1,"Id":"Area51","Namespace":"http://opcfoundation.org/HistoricalEvents"},"BrowseName":{"Name":"Area51","Uri":"http://opcfoundation.org/HistoricalEvents"},"DisplayName":"Area51","NodeClass":"Object_1","TypeDefinition":{"Id":61}}}}