{"NodeId":"i=2253","EndpointUrl":"opc.tcp://localhost:61457/UA/SampleServer","DisplayName":"<<UnknownDataSet>>","Value":{"EventId":"LnzKyn6sgkWmZ4h63S+ttA==","EventType":{"IdType":1,"Id":"NodeChange"},"SourceNode":{"Id":10157,"Namespace":"http://test.org/UA/Data/"},"Time":"2024-04-27T09:04:55.4608938Z","Change":{"NodeId":{"Id":10157,"Namespace":"http://test.org/UA/Data/"},"NodeClass":"Object_1","BrowseName":{"Name":"Data","Uri":"http://test.org/UA/Data/"},"DisplayName":"Data","RolePermissions":[],"UserRolePermissions":[],"References":[],"EventNotifier":1}}}