{"NodeId":"i=2253","EndpointUrl":"opc.tcp://localhost:61457/UA/SampleServer","DisplayName":"<<UnknownDataSet>>","Value":{"EventId":"URIdkl8le0OJUyCdEpPU7w==","EventType":{"IdType":1,"Id":"ReferenceChange"},"SourceNode":{"Id":1240,"Namespace":"http://opcfoundation.org/UA/Boiler/"},"Time":"2024-04-27T09:04:55.544459Z","Change":{"ReferenceTypeId":{"Id":48},"IsForward":true,"NodeId":{"Id":1241,"Namespace":"http://opcfoundation.org/UA/Boiler/"},"BrowseName":{"Name":"Boiler #1","Uri":"http://opcfoundation.org/UA/Boiler/"},"DisplayName":"Boiler #1","NodeClass":"Object_1","TypeDefinition":{"Id":1132,"Namespace":"http://opcfoundation.org/UA/Boiler/"}}}}