{"NodeId":"i=2253","EndpointUrl":"opc.tcp://localhost:61457/UA/SampleServer","DisplayName":"<<UnknownDataSet>>","Value":{"EventId":"FESfwmOLIUKUtOqME1CyeQ==","EventType":{"IdType":1,"Id":"NodeChange"},"SourceNode":{"IdType":1,"Id":"AccessRights","Namespace":"http://opcfoundation.org/ReferenceApplications"},"Time":"2024-04-27T09:04:55.550447Z","Change":{"NodeId":{"IdType":1,"Id":"AccessRights","Namespace":"http://opcfoundation.org/ReferenceApplications"},"NodeClass":"Object_1","BrowseName":{"Name":"AccessRights","Uri":"http://opcfoundation.org/ReferenceApplications"},"DisplayName":"AccessRights","RolePermissions":[],"UserRolePermissions":[],"References":[]}}}