{"NodeId":"i=2253","EndpointUrl":"opc.tcp://localhost:61457/UA/SampleServer","DisplayName":"<<UnknownDataSet>>","Value":{"EventId":"YFH4RoBROkiHnMfaUvdDUQ==","EventType":{"IdType":1,"Id":"NodeChange"},"SourceNode":{"Id":281,"Namespace":"http://opcfoundation.org/UA/Vehicles/Instances"},"Time":"2024-04-27T09:04:55.461966Z","Change":{"NodeId":{"Id":281,"Namespace":"http://opcfoundation.org/UA/Vehicles/Instances"},"NodeClass":"Object_1","BrowseName":{"Name":"ParkingLot","Uri":"http://opcfoundation.org/UA/Vehicles/Instances"},"DisplayName":"ParkingLot","RolePermissions":[],"UserRolePermissions":[],"References":[]}}}