{"NodeId":"i=2253","EndpointUrl":"opc.tcp://localhost:61457/UA/SampleServer","DisplayName":"<<UnknownDataSet>>","Value":{"EventId":"F++l16g9NkexzVHTcdpZKg==","EventType":{"IdType":1,"Id":"ReferenceChange"},"SourceNode":{"IdType":1,"Id":"CTT","Namespace":"http://opcfoundation.org/ReferenceApplications"},"Time":"2024-04-27T09:04:55.5540595Z","Change":{"ReferenceTypeId":{"Id":35},"IsForward":true,"NodeId":{"IdType":1,"Id":"Locales","Namespace":"http://opcfoundation.org/ReferenceApplications"},"BrowseName":{"Name":"Locales","Uri":"http://opcfoundation.org/ReferenceApplications"},"DisplayName":"Locales","NodeClass":"Object_1","TypeDefinition":{"Id":61}}}}