{"NodeId":"i=2253","EndpointUrl":"opc.tcp://localhost:61457/UA/SampleServer","DisplayName":"<<UnknownDataSet>>","Value":{"EventId":"LG7o21BI/0a2kTeUH179rA==","EventType":{"IdType":1,"Id":"NodeChange"},"SourceNode":{"IdType":1,"Id":"0:Assets/Controllers","Namespace":"DataAccess"},"Time":"2024-04-27T09:04:55.5606741Z","Change":{"NodeId":{"IdType":1,"Id":"0:Assets/Controllers","Namespace":"DataAccess"},"NodeClass":"Object_1","BrowseName":{"Name":"Controllers","Uri":"DataAccess"},"DisplayName":"Controllers","RolePermissions":[],"UserRolePermissions":[],"References":[]}}}