{"NodeId":"i=2253","EndpointUrl":"opc.tcp://localhost:61457/UA/SampleServer","DisplayName":"<<UnknownDataSet>>","Value":{"EventId":"b1TWx8F0XUG9bQkhUMSTqg==","EventType":{"IdType":1,"Id":"ReferenceChange"},"SourceNode":{"IdType":1,"Id":"0:Factory","Namespace":"DataAccess"},"Time":"2024-04-27T09:04:55.5607501Z","Change":{"ReferenceTypeId":{"Id":35},"IsForward":true,"NodeId":{"IdType":1,"Id":"0:Factory/East","Namespace":"DataAccess"},"BrowseName":{"Name":"East","Uri":"DataAccess"},"DisplayName":"East","NodeClass":"Object_1","TypeDefinition":{"Id":61}}}}