{"NodeId":"i=2253","EndpointUrl":"opc.tcp://localhost:61457/UA/SampleServer","DisplayName":"<<UnknownDataSet>>","Value":{"EventId":"TEZhkjMyBEuInXddw0jgPg==","EventType":{"IdType":1,"Id":"NodeChange"},"SourceNode":{"IdType":1,"Id":"0:TestData/Static","Namespace":"DataAccess"},"Time":"2024-04-27T09:04:55.5639462Z","Change":{"NodeId":{"IdType":1,"Id":"0:TestData/Static","Namespace":"DataAccess"},"NodeClass":"Object_1","BrowseName":{"Name":"Static","Uri":"DataAccess"},"DisplayName":"Static","RolePermissions":[],"UserRolePermissions":[],"References":[]}}}