{"NodeId":"i=2253","EndpointUrl":"opc.tcp://localhost:61457/UA/SampleServer","DisplayName":"<<UnknownDataSet>>","Value":{"EventId":"D6rDSnboW06F9/knumP1Rg==","EventType":{"IdType":1,"Id":"NodeChange"},"SourceNode":{"Id":92},"Time":"2024-04-27T09:04:55.5740064Z","Change":{"NodeId":{"Id":92},"NodeClass":"Object_1","BrowseName":{"Name":"XML Schema"},"DisplayName":"XML Schema","Description":"A type system which uses XML schema to describe the encoding of data types.","RolePermissions":[],"UserRolePermissions":[],"References":[]}}}