{"NodeId":"i=2253","EndpointUrl":"opc.tcp://localhost:61457/UA/SampleServer","DisplayName":"<<UnknownDataSet>>","Value":{"EventId":"SWCy/dV1MEWQzmMFwDci2Q==","EventType":{"IdType":1,"Id":"NodeChange"},"SourceNode":{"Id":2269},"Time":"2024-04-27T09:04:55.6412499Z","Change":{"NodeId":{"Id":2269},"NodeClass":"Variable_2","BrowseName":{"Name":"ServerProfileArray"},"DisplayName":"ServerProfileArray","RolePermissions":[],"UserRolePermissions":[],"References":[],"Value":null,"DataType":{"Id":12},"ValueRank":1,"ArrayDimensions":[0],"AccessLevel":1,"UserAccessLevel":1,"AccessLevelEx":1}}}