{"NodeId":"i=2253","EndpointUrl":"opc.tcp://localhost:61457/UA/SampleServer","DisplayName":"<<UnknownDataSet>>","Value":{"EventId":"WpKIQ01z20iupDuhXmdi3Q==","EventType":{"IdType":1,"Id":"ReferenceChange"},"SourceNode":{"Id":85},"Time":"2024-04-27T09:04:55.4651713Z","Change":{"ReferenceTypeId":{"Id":35},"IsForward":true,"NodeId":{"Id":1025,"Namespace":"http://samples.org/UA/memorybuffer"},"BrowseName":{"Name":"MemoryBuffers","Uri":"http://samples.org/UA/memorybuffer"},"DisplayName":"MemoryBuffers","NodeClass":"Object_1","TypeDefinition":{"Id":61}}}}