{"NodeId":"i=2253","EndpointUrl":"opc.tcp://localhost:61457/UA/SampleServer","DisplayName":"<<UnknownDataSet>>","Value":{"EventId":"DKUT2KhiHEGhTMXsUWBy5A==","EventType":{"IdType":1,"Id":"NodeChange"},"SourceNode":{"Id":2737},"Time":"2024-04-27T09:04:55.6468117Z","Change":{"NodeId":{"Id":2737},"NodeClass":"Variable_2","BrowseName":{"Name":"MaxHistoryContinuationPoints"},"DisplayName":"MaxHistoryContinuationPoints","RolePermissions":[],"UserRolePermissions":[],"References":[],"Value":null,"DataType":{"Id":5},"ValueRank":-1,"ArrayDimensions":[],"AccessLevel":1,"UserAccessLevel":1,"AccessLevelEx":1}}}