{"NodeId":"i=2253","EndpointUrl":"opc.tcp://localhost:61457/UA/SampleServer","DisplayName":"<<UnknownDataSet>>","Value":{"EventId":"XyrNPkHclkOP+QJmDiUHBQ==","EventType":{"IdType":1,"Id":"NodeChange"},"SourceNode":{"Id":3704},"Time":"2024-04-27T09:04:55.6479751Z","Change":{"NodeId":{"Id":3704},"NodeClass":"Variable_2","BrowseName":{"Name":"SoftwareCertificates"},"DisplayName":"SoftwareCertificates","RolePermissions":[],"UserRolePermissions":[],"References":[],"Value":null,"DataType":{"Id":344},"ValueRank":1,"ArrayDimensions":[0],"AccessLevel":1,"UserAccessLevel":1,"AccessLevelEx":1}}}