{"NodeId":"i=2253","EndpointUrl":"opc.tcp://localhost:61457/UA/SampleServer","DisplayName":"<<UnknownDataSet>>","Value":{"EventId":"aMyQsF3ZmUyFXKS3pYyMmg==","EventType":{"IdType":1,"Id":"NodeChange"},"SourceNode":{"Id":11702},"Time":"2024-04-27T09:04:55.6491025Z","Change":{"NodeId":{"Id":11702},"NodeClass":"Variable_2","BrowseName":{"Name":"MaxArrayLength"},"DisplayName":"MaxArrayLength","RolePermissions":[],"UserRolePermissions":[],"References":[],"Value":null,"DataType":{"Id":7},"ValueRank":-1,"ArrayDimensions":[],"AccessLevel":1,"UserAccessLevel":1,"AccessLevelEx":1}}}