{"NodeId":"i=2253","EndpointUrl":"opc.tcp://localhost:61457/UA/SampleServer","DisplayName":"<<UnknownDataSet>>","Value":{"EventId":"Vvz2fulgUEGHhD+vqeTOSw==","EventType":{"IdType":1,"Id":"NodeChange"},"SourceNode":{"Id":11703},"Time":"2024-04-27T09:04:55.6502539Z","Change":{"NodeId":{"Id":11703},"NodeClass":"Variable_2","BrowseName":{"Name":"MaxStringLength"},"DisplayName":"MaxStringLength","RolePermissions":[],"UserRolePermissions":[],"References":[],"Value":null,"DataType":{"Id":7},"ValueRank":-1,"ArrayDimensions":[],"AccessLevel":1,"UserAccessLevel":1,"AccessLevelEx":1}}}