{"NodeId":"i=2253","EndpointUrl":"opc.tcp://localhost:61457/UA/SampleServer","DisplayName":"<<UnknownDataSet>>","Value":{"EventId":"eGYI5GhCHUi0+7elexyGOA==","EventType":{"IdType":1,"Id":"NodeChange"},"SourceNode":{"Id":24096},"Time":"2024-04-27T09:04:55.6576598Z","Change":{"NodeId":{"Id":24096},"NodeClass":"Variable_2","BrowseName":{"Name":"MaxSubscriptions"},"DisplayName":"MaxSubscriptions","RolePermissions":[],"UserRolePermissions":[],"References":[],"Value":null,"DataType":{"Id":7},"ValueRank":-1,"ArrayDimensions":[],"AccessLevel":1,"UserAccessLevel":1,"AccessLevelEx":1}}}