{"NodeId":"i=2253","EndpointUrl":"opc.tcp://localhost:61457/UA/SampleServer","DisplayName":"<<UnknownDataSet>>","Value":{"EventId":"WWUiQ9l8gkKg/RSadGfkRA==","EventType":{"IdType":1,"Id":"NodeChange"},"SourceNode":{"Id":24097},"Time":"2024-04-27T09:04:55.6587264Z","Change":{"NodeId":{"Id":24097},"NodeClass":"Variable_2","BrowseName":{"Name":"MaxMonitoredItems"},"DisplayName":"MaxMonitoredItems","RolePermissions":[],"UserRolePermissions":[],"References":[],"Value":null,"DataType":{"Id":7},"ValueRank":-1,"ArrayDimensions":[],"AccessLevel":1,"UserAccessLevel":1,"AccessLevelEx":1}}}