{"NodeId":"i=2253","EndpointUrl":"opc.tcp://localhost:61457/UA/SampleServer","DisplayName":"<<UnknownDataSet>>","Value":{"EventId":"oVwEExHrOkipbF9rIrpMag==","EventType":{"IdType":1,"Id":"NodeChange"},"SourceNode":{"Id":24099},"Time":"2024-04-27T09:04:55.6619969Z","Change":{"NodeId":{"Id":24099},"NodeClass":"Variable_2","BrowseName":{"Name":"MaxSelectClauseParameters"},"DisplayName":"MaxSelectClauseParameters","RolePermissions":[],"UserRolePermissions":[],"References":[],"Value":null,"DataType":{"Id":7},"ValueRank":-1,"ArrayDimensions":[],"AccessLevel":1,"UserAccessLevel":1,"AccessLevelEx":1}}}