{"NodeId":"i=2253","EndpointUrl":"opc.tcp://localhost:61457/UA/SampleServer","DisplayName":"<<UnknownDataSet>>","Value":{"EventId":"Oh5mMJREv0y9YyjxBLGrhw==","EventType":{"IdType":1,"Id":"ReferenceChange"},"SourceNode":{"Id":85},"Time":"2024-04-27T09:04:55.4671839Z","Change":{"ReferenceTypeId":{"Id":35},"IsForward":true,"NodeId":{"IdType":1,"Id":"CTT","Namespace":"http://opcfoundation.org/ReferenceApplications"},"BrowseName":{"Name":"CTT","Uri":"http://opcfoundation.org/ReferenceApplications"},"DisplayName":"CTT","NodeClass":"Object_1","TypeDefinition":{"Id":61}}}}