{"NodeId":"i=2253","EndpointUrl":"opc.tcp://localhost:61457/UA/SampleServer","DisplayName":"<<UnknownDataSet>>","Value":{"EventId":"+8epMfAG6kGaumHvTuJKbQ==","EventType":{"IdType":1,"Id":"NodeChange"},"SourceNode":{"Id":3709},"Time":"2024-04-27T09:04:55.6695144Z","Change":{"NodeId":{"Id":3709},"NodeClass":"Variable_2","BrowseName":{"Name":"RedundancySupport"},"DisplayName":"RedundancySupport","RolePermissions":[],"UserRolePermissions":[],"References":[],"Value":null,"DataType":{"Id":851},"ValueRank":-1,"ArrayDimensions":[],"AccessLevel":1,"UserAccessLevel":1,"AccessLevelEx":1}}}