{"NodeId":"i=2253","EndpointUrl":"opc.tcp://localhost:61457/UA/SampleServer","DisplayName":"<<UnknownDataSet>>","Value":{"EventId":"OJGbK0bfbkeXGFP15aV8UQ==","EventType":{"IdType":1,"Id":"NodeChange"},"SourceNode":{"Id":12887},"Time":"2024-04-27T09:04:55.6751651Z","Change":{"NodeId":{"Id":12887},"NodeClass":"Variable_2","BrowseName":{"Name":"InputArguments"},"DisplayName":"InputArguments","RolePermissions":[],"UserRolePermissions":[],"References":[],"Value":null,"DataType":{"Id":296},"ValueRank":1,"ArrayDimensions":[5],"AccessLevel":1,"UserAccessLevel":1,"AccessLevelEx":1}}}