{"NodeId":"i=2253","EndpointUrl":"opc.tcp://localhost:61457/UA/SampleServer","DisplayName":"<<UnknownDataSet>>","Value":{"EventId":"iEMc5FX+N0+QqqTRGD7Gfg==","EventType":{"IdType":1,"Id":"NodeChange"},"SourceNode":{"IdType":1,"Id":"0:","Namespace":"http://opcfoundation.org/HistoricalAccess"},"Time":"2024-04-27T09:04:55.4693199Z","Change":{"NodeId":{"IdType":1,"Id":"0:","Namespace":"http://opcfoundation.org/HistoricalAccess"},"NodeClass":"Object_1","BrowseName":{"Name":"Historian","Uri":"http://opcfoundation.org/HistoricalAccess"},"DisplayName":"Historian","RolePermissions":[],"UserRolePermissions":[],"References":[]}}}