{"NodeId":"i=2253","EndpointUrl":"opc.tcp://localhost:61457/UA/SampleServer","DisplayName":"<<UnknownDataSet>>","Value":{"EventId":"LfcmI0DvJ0S5lyWCfi4C7A==","EventType":{"IdType":1,"Id":"NodeChange"},"SourceNode":{"Id":23597},"Time":"2024-04-27T09:04:55.6851031Z","Change":{"NodeId":{"Id":23597},"NodeClass":"Variable_2","BrowseName":{"Name":"HasSecureElement"},"DisplayName":"HasSecureElement","RolePermissions":[],"UserRolePermissions":[],"References":[],"Value":null,"DataType":{"Id":1},"ValueRank":-1,"ArrayDimensions":[],"AccessLevel":1,"UserAccessLevel":1,"AccessLevelEx":1}}}