{"NodeId":"i=2253","EndpointUrl":"opc.tcp://localhost:61457/UA/SampleServer","DisplayName":"<<UnknownDataSet>>","Value":{"EventId":"cO3vvEDZrEqNdiUmpIJUvQ==","EventType":{"IdType":1,"Id":"NodeChange"},"SourceNode":{"Id":32752},"Time":"2024-04-27T09:04:55.7067586Z","Change":{"NodeId":{"Id":32752},"NodeClass":"Variable_2","BrowseName":{"Name":"MaxTimeStoredValues"},"DisplayName":"MaxTimeStoredValues","RolePermissions":[],"UserRolePermissions":[],"References":[],"Value":null,"DataType":{"Id":290},"ValueRank":-1,"ArrayDimensions":[],"AccessLevel":1,"UserAccessLevel":1,"AccessLevelEx":1}}}