{"NodeId":"i=2253","EndpointUrl":"opc.tcp://localhost:61457/UA/SampleServer","DisplayName":"<<UnknownDataSet>>","Value":{"EventId":"Gf9vtcLV206kX1I3U1l61A==","EventType":{"IdType":1,"Id":"NodeChange"},"SourceNode":{"Id":32757},"Time":"2024-04-27T09:04:55.7109624Z","Change":{"NodeId":{"Id":32757},"NodeClass":"Variable_2","BrowseName":{"Name":"StartOfOnlineArchive"},"DisplayName":"StartOfOnlineArchive","RolePermissions":[],"UserRolePermissions":[],"References":[],"Value":null,"DataType":{"Id":294},"ValueRank":-1,"ArrayDimensions":[],"AccessLevel":1,"UserAccessLevel":1,"AccessLevelEx":1}}}