{"NodeId":"i=2253","EndpointUrl":"opc.tcp://localhost:61457/UA/SampleServer","DisplayName":"<<UnknownDataSet>>","Value":{"EventId":"gmy7XxdY6E2eqxwLimsfpw==","EventType":{"IdType":1,"Id":"NodeChange"},"SourceNode":{"IdType":1,"Id":"OpcPlc","Namespace":"http://opcfoundation.org/UA/Plc/Applications"},"Time":"2024-04-27T09:04:55.474757Z","Change":{"NodeId":{"IdType":1,"Id":"OpcPlc","Namespace":"http://opcfoundation.org/UA/Plc/Applications"},"NodeClass":"Object_1","BrowseName":{"Name":"OpcPlc","Uri":"http://opcfoundation.org/UA/Plc/Applications"},"DisplayName":"OpcPlc","RolePermissions":[],"UserRolePermissions":[],"References":[],"EventNotifier":1}}}