{"NodeId":"i=2253","EndpointUrl":"opc.tcp://localhost:61457/UA/SampleServer","DisplayName":"<<UnknownDataSet>>","Value":{"EventId":"kPPFea7qVESk6iFeYYJhIQ==","EventType":{"IdType":1,"Id":"NodeChange"},"SourceNode":{"Id":10159,"Namespace":"http://test.org/UA/Data/"},"Time":"2024-04-27T09:04:55.7416716Z","Change":{"NodeId":{"Id":10159,"Namespace":"http://test.org/UA/Data/"},"NodeClass":"Object_1","BrowseName":{"Name":"Scalar","Uri":"http://test.org/UA/Data/"},"DisplayName":"Scalar","RolePermissions":[],"UserRolePermissions":[],"References":[]}}}