{"NodeId":"i=2253","EndpointUrl":"opc.tcp://localhost:61457/UA/SampleServer","DisplayName":"<<UnknownDataSet>>","Value":{"EventId":"w6EIA3yZa0G5ocNyV9BN/A==","EventType":{"IdType":1,"Id":"NodeChange"},"SourceNode":{"Id":10243,"Namespace":"http://test.org/UA/Data/"},"Time":"2024-04-27T09:04:55.7428192Z","Change":{"NodeId":{"Id":10243,"Namespace":"http://test.org/UA/Data/"},"NodeClass":"Object_1","BrowseName":{"Name":"Array","Uri":"http://test.org/UA/Data/"},"DisplayName":"Array","RolePermissions":[],"UserRolePermissions":[],"References":[]}}}