{"NodeId":"i=2253","EndpointUrl":"opc.tcp://localhost:61457/UA/SampleServer","DisplayName":"<<UnknownDataSet>>","Value":{"EventId":"oe4DJwfj/0i8pUt5WfAKsw==","EventType":{"IdType":1,"Id":"NodeChange"},"SourceNode":{"Id":10327,"Namespace":"http://test.org/UA/Data/"},"Time":"2024-04-27T09:04:55.7439632Z","Change":{"NodeId":{"Id":10327,"Namespace":"http://test.org/UA/Data/"},"NodeClass":"Object_1","BrowseName":{"Name":"UserScalar","Uri":"http://test.org/UA/Data/"},"DisplayName":"UserScalar","RolePermissions":[],"UserRolePermissions":[],"References":[]}}}