{"NodeId":"i=2253","EndpointUrl":"opc.tcp://localhost:61457/UA/SampleServer","DisplayName":"<<UnknownDataSet>>","Value":{"EventId":"sh9GFrTYX0OXPnIP6nvEaA==","EventType":{"IdType":1,"Id":"ReferenceChange"},"SourceNode":{"Id":10158,"Namespace":"http://test.org/UA/Data/"},"Time":"2024-04-27T09:04:55.7463918Z","Change":{"ReferenceTypeId":{"Id":47},"IsForward":true,"NodeId":{"Id":10620,"Namespace":"http://test.org/UA/Data/"},"BrowseName":{"Name":"AnalogArray","Uri":"http://test.org/UA/Data/"},"DisplayName":"AnalogArray","NodeClass":"Object_1","TypeDefinition":{"Id":9763,"Namespace":"http://test.org/UA/Data/"}}}}