{"NodeId":"i=2253","EndpointUrl":"opc.tcp://localhost:61457/UA/SampleServer","DisplayName":"<<UnknownDataSet>>","Value":{"EventId":"nUHd6YybjUqB4zQ1nrjEIA==","EventType":{"IdType":1,"Id":"NodeChange"},"SourceNode":{"Id":10787,"Namespace":"http://test.org/UA/Data/"},"Time":"2024-04-27T09:04:55.7518999Z","Change":{"NodeId":{"Id":10787,"Namespace":"http://test.org/UA/Data/"},"NodeClass":"Object_1","BrowseName":{"Name":"Scalar","Uri":"http://test.org/UA/Data/"},"DisplayName":"Scalar","RolePermissions":[],"UserRolePermissions":[],"References":[]}}}