{"NodeId":"i=2253","EndpointUrl":"opc.tcp://localhost:61457/UA/SampleServer","DisplayName":"<<UnknownDataSet>>","Value":{"EventId":"1kaawXcFPECl2WN0dj8IeQ==","EventType":{"IdType":1,"Id":"NodeChange"},"SourceNode":{"Id":10955,"Namespace":"http://test.org/UA/Data/"},"Time":"2024-04-27T09:04:55.754321Z","Change":{"NodeId":{"Id":10955,"Namespace":"http://test.org/UA/Data/"},"NodeClass":"Object_1","BrowseName":{"Name":"UserScalar","Uri":"http://test.org/UA/Data/"},"DisplayName":"UserScalar","RolePermissions":[],"UserRolePermissions":[],"References":[]}}}