{"NodeId":"i=2253","EndpointUrl":"opc.tcp://localhost:61457/UA/SampleServer","DisplayName":"<<UnknownDataSet>>","Value":{"EventId":"8q07Qj8xlke6XUP75uBguw==","EventType":{"IdType":1,"Id":"NodeChange"},"SourceNode":{"Id":11113,"Namespace":"http://test.org/UA/Data/"},"Time":"2024-04-27T09:04:55.7566303Z","Change":{"NodeId":{"Id":11113,"Namespace":"http://test.org/UA/Data/"},"NodeClass":"Object_1","BrowseName":{"Name":"AnalogScalar","Uri":"http://test.org/UA/Data/"},"DisplayName":"AnalogScalar","RolePermissions":[],"UserRolePermissions":[],"References":[]}}}