{"NodeId":"i=2253","EndpointUrl":"opc.tcp://localhost:61457/UA/SampleServer","DisplayName":"<<UnknownDataSet>>","Value":{"EventId":"rILeaEOvtESCoTsCWXTDhg==","EventType":{"IdType":1,"Id":"NodeChange"},"SourceNode":{"Id":11248,"Namespace":"http://test.org/UA/Data/"},"Time":"2024-04-27T09:04:55.7576427Z","Change":{"NodeId":{"Id":11248,"Namespace":"http://test.org/UA/Data/"},"NodeClass":"Object_1","BrowseName":{"Name":"AnalogArray","Uri":"http://test.org/UA/Data/"},"DisplayName":"AnalogArray","RolePermissions":[],"UserRolePermissions":[],"References":[]}}}