{"NodeId":"i=2253","EndpointUrl":"opc.tcp://localhost:61457/UA/SampleServer","DisplayName":"<<UnknownDataSet>>","Value":{"EventId":"dXV/6wQR/ECD31CZDxmlYw==","EventType":{"IdType":1,"Id":"ReferenceChange"},"SourceNode":{"Id":11383,"Namespace":"http://test.org/UA/Data/"},"Time":"2024-04-27T09:04:55.7596847Z","Change":{"ReferenceTypeId":{"Id":47},"IsForward":true,"NodeId":{"Id":11384,"Namespace":"http://test.org/UA/Data/"},"BrowseName":{"Name":"SystemStatus","Uri":"http://test.org/UA/Data/"},"DisplayName":"SystemStatus","NodeClass":"Object_1","TypeDefinition":{"Id":10123,"Namespace":"http://test.org/UA/Data/"}}}}