{"NodeId":"i=2253","EndpointUrl":"opc.tcp://localhost:61457/UA/SampleServer","DisplayName":"<<UnknownDataSet>>","Value":{"EventId":"UBs0J2XLRUmn5MO69BBrHw==","EventType":{"IdType":1,"Id":"ReferenceChange"},"SourceNode":{"Id":11383,"Namespace":"http://test.org/UA/Data/"},"Time":"2024-04-27T09:04:55.7617601Z","Change":{"ReferenceTypeId":{"Id":36},"IsForward":true,"NodeId":{"Id":10247,"Namespace":"http://test.org/UA/Data/"},"BrowseName":{"Name":"CycleComplete","Uri":"http://test.org/UA/Data/"},"DisplayName":"CycleComplete","NodeClass":"Object_1","TypeDefinition":{"Id":2881}}}}