{"NodeId":"i=2253","EndpointUrl":"opc.tcp://localhost:61457/UA/SampleServer","DisplayName":"<<UnknownDataSet>>","Value":{"EventId":"UcAUYs0smUSgR2a0WysTUg==","EventType":{"IdType":1,"Id":"NodeChange"},"SourceNode":{"Id":10489,"Namespace":"http://test.org/UA/Data/"},"Time":"2024-04-27T09:04:55.7660034Z","Change":{"NodeId":{"Id":10489,"Namespace":"http://test.org/UA/Data/"},"NodeClass":"Object_1","BrowseName":{"Name":"CycleComplete","Uri":"http://test.org/UA/Data/"},"DisplayName":"CycleComplete","RolePermissions":[],"UserRolePermissions":[],"References":[]}}}