{"NodeId":"i=2253","EndpointUrl":"opc.tcp://localhost:61457/UA/SampleServer","DisplayName":"<<UnknownDataSet>>","Value":{"EventId":"Zo81XITN/E6yQS6im5c0Hg==","EventType":{"IdType":1,"Id":"NodeChange"},"SourceNode":{"Id":91},"Time":"2024-04-27T09:04:55.4795638Z","Change":{"NodeId":{"Id":91},"NodeClass":"Object_1","BrowseName":{"Name":"ReferenceTypes"},"DisplayName":"ReferenceTypes","Description":"The browse entry point when looking for reference types in the server address space.","RolePermissions":[],"UserRolePermissions":[],"References":[]}}}