{"NodeId":"i=2253","EndpointUrl":"opc.tcp://localhost:61457/UA/SampleServer","DisplayName":"<<UnknownDataSet>>","Value":{"EventId":"E3jdv+f0q0CoyumQS5B+Kg==","EventType":{"IdType":1,"Id":"ReferenceChange"},"SourceNode":{"Id":375,"Namespace":"http://opcfoundation.org/UA/Vehicles/Instances"},"Time":"2024-04-27T09:04:55.7741155Z","Change":{"ReferenceTypeId":{"Id":46},"IsForward":true,"NodeId":{"Id":376,"Namespace":"http://opcfoundation.org/UA/Vehicles/Instances"},"BrowseName":{"Name":"PrimaryVehicle","Uri":"http://opcfoundation.org/UA/Vehicles/Types"},"DisplayName":"PrimaryVehicle","NodeClass":"Variable_2","TypeDefinition":{"Id":68}}}}