{"NodeId":"i=2253","EndpointUrl":"opc.tcp://localhost:61457/UA/SampleServer","DisplayName":"<<UnknownDataSet>>","Value":{"EventId":"yFEpvkWML0y3bIhPcuaiwQ==","EventType":{"IdType":1,"Id":"NodeChange"},"SourceNode":{"IdType":1,"Id":"0:Boiler #1?SteamOut","Namespace":"http://opcfoundation.org/UA/Views"},"Time":"2024-04-27T09:04:55.7826904Z","Change":{"NodeId":{"IdType":1,"Id":"0:Boiler #1?SteamOut","Namespace":"http://opcfoundation.org/UA/Views"},"NodeClass":"Object_1","BrowseName":{"Name":"SteamOut","Uri":"http://opcfoundation.org/UA/Views"},"DisplayName":"SteamOut","RolePermissions":[],"UserRolePermissions":[],"References":[]}}}