{"NodeId":"i=2253","EndpointUrl":"opc.tcp://localhost:61457/UA/SampleServer","DisplayName":"<<UnknownDataSet>>","Value":{"EventId":"/32/EY9CPUilWEl2fZhVGQ==","EventType":{"IdType":1,"Id":"ReferenceChange"},"SourceNode":{"IdType":1,"Id":"0:Boiler #2","Namespace":"http://opcfoundation.org/UA/Views"},"Time":"2024-04-27T09:04:55.7839348Z","Change":{"ReferenceTypeId":{"Id":47},"IsForward":true,"NodeId":{"IdType":1,"Id":"0:Boiler #2?WaterIn","Namespace":"http://opcfoundation.org/UA/Views"},"BrowseName":{"Name":"WaterIn","Uri":"http://opcfoundation.org/UA/Views"},"DisplayName":"WaterIn","NodeClass":"Object_1","TypeDefinition":{"Id":58}}}}