{"NodeId":"i=2253","EndpointUrl":"opc.tcp://localhost:61457/UA/SampleServer","DisplayName":"<<UnknownDataSet>>","Value":{"EventId":"op6hFSvcy0SvooLlzxFVsw==","EventType":{"IdType":1,"Id":"NodeChange"},"SourceNode":{"Id":1003,"Namespace":"http://samples.org/UA/memorybuffer"},"Time":"2024-04-27T09:04:55.7885081Z","Change":{"NodeId":{"Id":1003,"Namespace":"http://samples.org/UA/memorybuffer"},"NodeClass":"Variable_2","BrowseName":{"Name":"StartAddress","Uri":"http://samples.org/UA/memorybuffer"},"DisplayName":"StartAddress","RolePermissions":[],"UserRolePermissions":[],"References":[],"Value":null,"DataType":{"Id":7},"ValueRank":-1,"ArrayDimensions":[],"AccessLevel":1,"UserAccessLevel":1,"AccessLevelEx":1}}}