{"NodeId":"i=2253","EndpointUrl":"opc.tcp://localhost:61457/UA/SampleServer","DisplayName":"<<UnknownDataSet>>","Value":{"EventId":"yVCRvcwL1UqEobJacJgHvA==","EventType":{"IdType":1,"Id":"ReferenceChange"},"SourceNode":{"IdType":1,"Id":"UInt32","Namespace":"http://samples.org/UA/memorybuffer/Instance"},"Time":"2024-04-27T09:04:55.7886053Z","Change":{"ReferenceTypeId":{"Id":46},"IsForward":true,"NodeId":{"Id":1004,"Namespace":"http://samples.org/UA/memorybuffer"},"BrowseName":{"Name":"SizeInBytes","Uri":"http://samples.org/UA/memorybuffer"},"DisplayName":"SizeInBytes","NodeClass":"Variable_2","TypeDefinition":{"Id":68}}}}