{"NodeId":"i=2253","EndpointUrl":"opc.tcp://localhost:61457/UA/SampleServer","DisplayName":"<<UnknownDataSet>>","Value":{"EventId":"WESWRo5pwUKX2aiPyJz2Lg==","EventType":{"IdType":1,"Id":"NodeChange"},"SourceNode":{"Id":1004,"Namespace":"http://samples.org/UA/memorybuffer"},"Time":"2024-04-27T09:04:55.7896275Z","Change":{"NodeId":{"Id":1004,"Namespace":"http://samples.org/UA/memorybuffer"},"NodeClass":"Variable_2","BrowseName":{"Name":"SizeInBytes","Uri":"http://samples.org/UA/memorybuffer"},"DisplayName":"SizeInBytes","RolePermissions":[],"UserRolePermissions":[],"References":[],"Value":null,"DataType":{"Id":7},"ValueRank":-1,"ArrayDimensions":[],"AccessLevel":1,"UserAccessLevel":1,"AccessLevelEx":1}}}