{"NodeId":"i=2253","EndpointUrl":"opc.tcp://localhost:61457/UA/SampleServer","DisplayName":"<<UnknownDataSet>>","Value":{"EventId":"pShIQhGHi0ewNnLbg801Hw==","EventType":{"IdType":1,"Id":"NodeChange"},"SourceNode":{"IdType":1,"Id":"UInt32[8]","Namespace":"http://samples.org/UA/memorybuffer/Instance"},"Time":"2024-04-27T09:04:55.7932353Z","Change":{"NodeId":{"IdType":1,"Id":"UInt32[8]","Namespace":"http://samples.org/UA/memorybuffer/Instance"},"NodeClass":"Variable_2","BrowseName":{"Name":"00000008","Uri":"http://samples.org/UA/memorybuffer"},"DisplayName":"00000008","RolePermissions":[],"UserRolePermissions":[],"References":[],"Value":null,"DataType":{"Id":7},"ValueRank":-1,"ArrayDimensions":[],"AccessLevel":3,"UserAccessLevel":3,"MinimumSamplingInterval":1000,"AccessLevelEx":3}}}