{"NodeId":"i=2253","EndpointUrl":"opc.tcp://localhost:61457/UA/SampleServer","DisplayName":"<<UnknownDataSet>>","Value":{"EventId":"eYV0RgW7QUKOhwVUev1Scw==","EventType":{"IdType":1,"Id":"ReferenceChange"},"SourceNode":{"Id":87},"Time":"2024-04-27T09:04:55.4816151Z","Change":{"ReferenceTypeId":{"Id":35},"IsForward":true,"NodeId":{"Id":439,"Namespace":"http://opcfoundation.org/UA/Views"},"BrowseName":{"Name":"Engineering","Uri":"http://opcfoundation.org/UA/Views"},"DisplayName":"Engineering","NodeClass":"View_128"}}}