{"NodeId":"i=2253","EndpointUrl":"opc.tcp://localhost:61457/UA/SampleServer","DisplayName":"<<UnknownDataSet>>","Value":{"EventId":"38w1T0NDBkKeUbPQ5jPggQ==","EventType":{"IdType":1,"Id":"ReferenceChange"},"SourceNode":{"Id":87},"Time":"2024-04-27T09:04:55.4825953Z","Change":{"ReferenceTypeId":{"Id":35},"IsForward":true,"NodeId":{"Id":441,"Namespace":"http://opcfoundation.org/UA/Views"},"BrowseName":{"Name":"Operations","Uri":"http://opcfoundation.org/UA/Views"},"DisplayName":"Operations","NodeClass":"View_128"}}}