{"NodeId":"i=2253","EndpointUrl":"opc.tcp://localhost:61457/UA/SampleServer","DisplayName":"<<UnknownDataSet>>","Value":{"EventId":"Bt1Pf932eUam1VEGN/hARQ==","EventType":{"IdType":1,"Id":"NodeChange"},"SourceNode":{"Id":15004},"Time":"2024-04-27T09:04:55.4969986Z","Change":{"NodeId":{"Id":15004},"NodeClass":"Variable_2","BrowseName":{"Name":"UrisVersion"},"DisplayName":"UrisVersion","RolePermissions":[],"UserRolePermissions":[],"References":[],"Value":null,"DataType":{"Id":20998},"ValueRank":-1,"ArrayDimensions":[],"AccessLevel":1,"UserAccessLevel":1,"MinimumSamplingInterval":1000,"AccessLevelEx":1}}}