{"NodeId":"i=2253","EndpointUrl":"opc.tcp://localhost:61457/UA/SampleServer","DisplayName":"<<UnknownDataSet>>","Value":{"EventId":"P529joE9g06bbuK2M1AoOQ==","EventType":{"IdType":1,"Id":"NodeChange"},"SourceNode":{"Id":2256},"Time":"2024-04-27T09:04:55.4980782Z","Change":{"NodeId":{"Id":2256},"NodeClass":"Variable_2","BrowseName":{"Name":"ServerStatus"},"DisplayName":"ServerStatus","RolePermissions":[],"UserRolePermissions":[],"References":[],"Value":null,"DataType":{"Id":862},"ValueRank":-1,"ArrayDimensions":[],"AccessLevel":1,"UserAccessLevel":1,"MinimumSamplingInterval":1000,"AccessLevelEx":1}}}