{"NodeId":"i=2253","EndpointUrl":"opc.tcp://localhost:61457/UA/SampleServer","DisplayName":"<<UnknownDataSet>>","Value":{"EventId":"pJ+9sdLgCEuDyMxTWxiBlQ==","EventType":{"IdType":1,"Id":"NodeChange"},"SourceNode":{"Id":17634},"Time":"2024-04-27T09:04:55.5011481Z","Change":{"NodeId":{"Id":17634},"NodeClass":"Variable_2","BrowseName":{"Name":"LocalTime"},"DisplayName":"LocalTime","RolePermissions":[],"UserRolePermissions":[],"References":[],"Value":null,"DataType":{"Id":8912},"ValueRank":-1,"ArrayDimensions":[],"AccessLevel":1,"UserAccessLevel":1,"MinimumSamplingInterval":1000,"AccessLevelEx":1}}}