{"MessageId":"754245ea-7888-4b2b-919d-8b46162b8a49","MessageType":"ua-data","PublisherId":"DESKTOP-BGFJS91","DataSetWriterGroup":"<<UnknownWriterGroup>>","Messages":[{"MetaDataVersion":{"MajorVersion":1},"MessageType":"ua-deltaframe","DataSetWriterName":"<<UnknownDataSet>>","Payload":{"DoubleValues":{"Value":-29,"SourceTimestamp":"2024-04-27T10:12:46.6645176Z"},"Int64Values":{"Value":"74","SourceTimestamp":"2024-04-27T10:12:46.6645309Z"}}},{"MetaDataVersion":{"MajorVersion":1},"MessageType":"ua-deltaframe","DataSetWriterName":"<<UnknownDataSet>>","Payload":{"DoubleValues":{"Value":66,"SourceTimestamp":"2024-04-27T10:12:47.6547408Z"},"Int64Values":{"Value":"-1","SourceTimestamp":"2024-04-27T10:12:47.6547568Z"}}}]}