{"MessageId":"24925d16-d974-474c-8261-e1c1b4056eb2","MessageType":"ua-data","PublisherId":"DESKTOP-BGFJS91","DataSetWriterGroup":"<<UnknownWriterGroup>>","Messages":[{"MetaDataVersion":{"MajorVersion":1},"MessageType":"ua-deltaframe","DataSetWriterName":"<<UnknownDataSet>>","Payload":{"DoubleValues":{"Value":-43,"SourceTimestamp":"2024-04-27T10:12:51.6591027Z"},"Int64Values":{"Value":"-44","SourceTimestamp":"2024-04-27T10:12:51.6591163Z"}}},{"MetaDataVersion":{"MajorVersion":1},"MessageType":"ua-deltaframe","DataSetWriterName":"<<UnknownDataSet>>","Payload":{"DoubleValues":{"Value":-6,"SourceTimestamp":"2024-04-27T10:12:52.6637058Z"},"Int64Values":{"Value":"72","SourceTimestamp":"2024-04-27T10:12:52.6637424Z"}}}]}