{"MessageId":"afa45f49-b8aa-48a4-81ad-b21d145e3e86","MessageType":"ua-data","PublisherId":"DESKTOP-BGFJS91","DataSetWriterGroup":"<<UnknownWriterGroup>>","Messages":[{"MetaDataVersion":{"MajorVersion":1},"MessageType":"ua-deltaframe","DataSetWriterName":"<<UnknownDataSet>>","Payload":{"DoubleValues":{"Value":-5,"SourceTimestamp":"2024-04-27T10:13:03.6584519Z"},"Int64Values":{"Value":"72","SourceTimestamp":"2024-04-27T10:13:03.6584623Z"}}},{"MetaDataVersion":{"MajorVersion":1},"MessageType":"ua-deltaframe","DataSetWriterName":"<<UnknownDataSet>>","Payload":{"DoubleValues":{"Value":-81,"SourceTimestamp":"2024-04-27T10:13:04.6542511Z"},"Int64Values":{"Value":"-100","SourceTimestamp":"2024-04-27T10:13:04.6542668Z"}}}]}