{"MessageId":"a761a3c1-cd90-452e-838f-2883fca55f23","MessageType":"ua-data","PublisherId":"DESKTOP-BGFJS91","DataSetWriterGroup":"<<UnknownWriterGroup>>","Messages":[{"MetaDataVersion":{"MajorVersion":1},"MessageType":"ua-deltaframe","DataSetWriterName":"<<UnknownDataSet>>","Payload":{"DoubleValues":{"Value":-69,"SourceTimestamp":"2024-04-27T10:13:08.652222Z"},"Int64Values":{"Value":"-96","SourceTimestamp":"2024-04-27T10:13:08.6522292Z"}}},{"MetaDataVersion":{"MajorVersion":1},"MessageType":"ua-deltaframe","DataSetWriterName":"<<UnknownDataSet>>","Payload":{"DoubleValues":{"Value":-1,"SourceTimestamp":"2024-04-27T10:13:09.6547653Z"},"Int64Values":{"Value":"-72","SourceTimestamp":"2024-04-27T10:13:09.6547745Z"}}}]}