{"MessageId":"59edc506-12c9-469a-8750-0ef9c1d676d2","MessageType":"ua-data","PublisherId":"DESKTOP-BGFJS91","DataSetWriterGroup":"<<UnknownWriterGroup>>","Messages":[{"MetaDataVersion":{"MajorVersion":1},"MessageType":"ua-deltaframe","DataSetWriterName":"<<UnknownDataSet>>","Payload":{"DoubleValues":{"Value":-21,"SourceTimestamp":"2024-04-27T10:12:08.6569941Z"},"Int64Values":{"Value":"-100","SourceTimestamp":"2024-04-27T10:12:08.6570061Z"}}},{"MetaDataVersion":{"MajorVersion":1},"MessageType":"ua-deltaframe","DataSetWriterName":"<<UnknownDataSet>>","Payload":{"DoubleValues":{"Value":-96,"SourceTimestamp":"2024-04-27T10:12:09.664659Z"},"Int64Values":{"Value":"13","SourceTimestamp":"2024-04-27T10:12:09.6646706Z"}}},{"MetaDataVersion":{"MajorVersion":1},"MessageType":"ua-deltaframe","DataSetWriterName":"<<UnknownDataSet>>","Payload":{"Int64Values":{"Value":"-61","SourceTimestamp":"2024-04-27T10:12:10.6554274Z"}}}]}