{"MessageId":"6ce81927-d783-4627-b496-801d5f646fbb","MessageType":"ua-data","PublisherId":"DESKTOP-BGFJS91","DataSetWriterGroup":"<<UnknownWriterGroup>>","Messages":[{"MetaDataVersion":{"MajorVersion":1},"MessageType":"ua-deltaframe","DataSetWriterName":"<<UnknownDataSet>>","Payload":{"DoubleValues":{"Value":35,"SourceTimestamp":"2024-04-27T10:13:26.6641906Z"},"Int64Values":{"Value":"-52","SourceTimestamp":"2024-04-27T10:13:25.6559394Z"}}},{"MetaDataVersion":{"MajorVersion":1},"MessageType":"ua-deltaframe","DataSetWriterName":"<<UnknownDataSet>>","Payload":{"DoubleValues":{"Value":4,"SourceTimestamp":"2024-04-27T10:13:27.6541222Z"},"Int64Values":{"Value":"14","SourceTimestamp":"2024-04-27T10:13:26.6641979Z"}}},{"MetaDataVersion":{"MajorVersion":1},"MessageType":"ua-deltaframe","DataSetWriterName":"<<UnknownDataSet>>","Payload":{"Int64Values":{"Value":"94","SourceTimestamp":"2024-04-27T10:13:27.6541321Z"}}}]}