{"MessageId":"42088e5b-9df5-4f34-bf8c-c3df5a532592","MessageType":"ua-data","PublisherId":"DESKTOP-BGFJS91","DataSetWriterGroup":"<<UnknownWriterGroup>>","Messages":[{"MetaDataVersion":{"MajorVersion":1},"MessageType":"ua-deltaframe","DataSetWriterName":"<<UnknownDataSet>>","Payload":{"DoubleValues":{"Value":15,"SourceTimestamp":"2024-04-27T10:13:32.664224Z"},"Int64Values":{"Value":"-1","SourceTimestamp":"2024-04-27T10:13:32.6642332Z"}}},{"MetaDataVersion":{"MajorVersion":1},"MessageType":"ua-deltaframe","DataSetWriterName":"<<UnknownDataSet>>","Payload":{"DoubleValues":{"Value":-15,"SourceTimestamp":"2024-04-27T10:13:33.6625946Z"},"Int64Values":{"Value":"-100","SourceTimestamp":"2024-04-27T10:13:33.6626163Z"}}}]}