{"MessageId":"6e043b5f-36ca-4163-8fd7-3a6f6a80c7fe","MessageType":"ua-data","PublisherId":"DESKTOP-BGFJS91","DataSetWriterGroup":"<<UnknownWriterGroup>>","Messages":[{"MetaDataVersion":{"MajorVersion":1},"MessageType":"ua-deltaframe","DataSetWriterName":"<<UnknownDataSet>>","Payload":{"DoubleValues":{"Value":13,"SourceTimestamp":"2024-04-27T10:13:38.6539512Z"},"Int64Values":{"Value":"-42","SourceTimestamp":"2024-04-27T10:13:38.6539596Z"}}},{"MetaDataVersion":{"MajorVersion":1},"MessageType":"ua-deltaframe","DataSetWriterName":"<<UnknownDataSet>>","Payload":{"DoubleValues":{"Value":74,"SourceTimestamp":"2024-04-27T10:13:39.6621379Z"},"Int64Values":{"Value":"-1","SourceTimestamp":"2024-04-27T10:13:39.6621581Z"}}}]}