{"MessageId":"669046c3-d055-416f-8a9e-362ef2908baf","MessageType":"ua-data","PublisherId":"DESKTOP-BGFJS91","DataSetWriterGroup":"<<UnknownWriterGroup>>","Messages":[{"MetaDataVersion":{"MajorVersion":1},"MessageType":"ua-deltaframe","DataSetWriterName":"<<UnknownDataSet>>","Payload":{"DoubleValues":{"Value":-1,"SourceTimestamp":"2024-04-27T10:13:57.6677425Z"},"Int64Values":{"Value":"97","SourceTimestamp":"2024-04-27T10:13:57.6677561Z"}}},{"MetaDataVersion":{"MajorVersion":1},"MessageType":"ua-deltaframe","DataSetWriterName":"<<UnknownDataSet>>","Payload":{"DoubleValues":{"Value":-26,"SourceTimestamp":"2024-04-27T10:13:59.6637389Z"},"Int64Values":{"Value":"-55","SourceTimestamp":"2024-04-27T10:13:58.6588804Z"}}},{"MetaDataVersion":{"MajorVersion":1},"MessageType":"ua-deltaframe","DataSetWriterName":"<<UnknownDataSet>>","Payload":{"Int64Values":{"Value":"74","SourceTimestamp":"2024-04-27T10:13:59.6637481Z"}}}]}