{"$schema":"http://json-schema.org/draft-07/schema#","$ref":"#/definitions/org.github.microsoft.opcpublisher.JsonNetworkMessage","definitions":{"org.opcfoundation.UA.Double":{"$id":"http://opcfoundation.org/UA/#Double","title":"OPC UA built in type Double","type":"number","minimum":-1.7976931348623157E+308,"maximum":1.7976931348623157E+308,"default":0,"format":"double"},"org.opcfoundation.UA.UInt32":{"$id":"http://opcfoundation.org/UA/#UInt32","title":"OPC UA built in type UInt32","type":"integer","minimum":0,"maximum":4294967295,"default":0,"format":"uint32"},"org.opcfoundation.UA.String":{"$id":"http://opcfoundation.org/UA/#String","title":"OPC UA built in type String","type":"string"},"org.opcfoundation.UA.StatusCode":{"$id":"http://opcfoundation.org/UA/#StatusCode","title":"OPC UA built in type StatusCode","type":"object","properties":{"Code":{"$ref":"#/definitions/org.opcfoundation.UA.UInt32"},"Symbol":{"$ref":"#/definitions/org.opcfoundation.UA.String"}},"additionalProperties":false},"org.opcfoundation.UA.DateTime":{"$id":"http://opcfoundation.org/UA/#DateTime","title":"OPC UA built in type DateTime","type":"string","format":"date-time"},"org.opcfoundation.UA.UInt16":{"$id":"http://opcfoundation.org/UA/#UInt16","title":"OPC UA built in type UInt16","type":"integer","minimum":0,"maximum":65535,"default":0,"format":"uint16"},"org.github.microsoft.opcpublisher.DoubleDataValue":{"$id":"http://github.org/microsoft/opcpublisher#DoubleDataValue","title":"Dataset Field of Type Double","type":"object","properties":{"Value":{"$ref":"#/definitions/org.opcfoundation.UA.Double"},"Status":{"$ref":"#/definitions/org.opcfoundation.UA.StatusCode"},"SourceTimestamp":{"$ref":"#/definitions/org.opcfoundation.UA.DateTime"},"SourcePicoSeconds":{"$ref":"#/definitions/org.opcfoundation.UA.UInt16"},"ServerTimestamp":{"$ref":"#/definitions/org.opcfoundation.UA.DateTime"},"ServerPicoSeconds":{"$ref":"#/definitions/org.opcfoundation.UA.UInt16"}},"additionalProperties":false},"org.opcfoundation.UA.Int64":{"$id":"http://opcfoundation.org/UA/#Int64","title":"OPC UA built in type Int64","type":"string","format":"int64"},"org.github.microsoft.opcpublisher.Int64DataValue":{"$id":"http://github.org/microsoft/opcpublisher#Int64DataValue","title":"Dataset Field of Type Int64","type":"object","properties":{"Value":{"$ref":"#/definitions/org.opcfoundation.UA.Int64"},"Status":{"$ref":"#/definitions/org.opcfoundation.UA.StatusCode"},"SourceTimestamp":{"$ref":"#/definitions/org.opcfoundation.UA.DateTime"},"SourcePicoSeconds":{"$ref":"#/definitions/org.opcfoundation.UA.UInt16"},"ServerTimestamp":{"$ref":"#/definitions/org.opcfoundation.UA.DateTime"},"ServerPicoSeconds":{"$ref":"#/definitions/org.opcfoundation.UA.UInt16"}},"additionalProperties":false},"org.github.microsoft.opcpublisher.DataSet":{"$id":"http://github.org/microsoft/opcpublisher#DataSet","title":"DataSet","type":"object","properties":{"DoubleValues":{"$ref":"#/definitions/org.github.microsoft.opcpublisher.DoubleDataValue"},"Int64Values":{"$ref":"#/definitions/org.github.microsoft.opcpublisher.Int64DataValue"}}},"org.opcfoundation.UA.i_x61_14593":{"$id":"http://opcfoundation.org/UA/#i%3d14593","type":"object","properties":{"MajorVersion":{"$ref":"#/definitions/org.opcfoundation.UA.UInt32"},"MinorVersion":{"$ref":"#/definitions/org.opcfoundation.UA.UInt32"}}},"org.github.microsoft.opcpublisher.JsonDataSetMessage":{"$id":"http://github.org/microsoft/opcpublisher#JsonDataSetMessage","type":"object","properties":{"MetaDataVersion":{"$ref":"#/definitions/org.opcfoundation.UA.i_x61_14593"},"MessageType":{"$ref":"#/definitions/org.opcfoundation.UA.String"},"Payload":{"$ref":"#/definitions/org.github.microsoft.opcpublisher.DataSet"}},"required":["MetaDataVersion","MessageType","Payload"],"additionalProperties":false},"org.opcfoundation.UA.Guid":{"$id":"http://opcfoundation.org/UA/#Guid","title":"OPC UA built in type Guid","type":"string","format":"uuid"},"org.github.microsoft.opcpublisher.JsonNetworkMessage":{"$id":"http://github.org/microsoft/opcpublisher#JsonNetworkMessage","type":"null","properties":{"MessageId":{"$ref":"#/definitions/org.opcfoundation.UA.String"},"MessageType":{"$ref":"#/definitions/org.opcfoundation.UA.String"},"PublisherId":{"$ref":"#/definitions/org.opcfoundation.UA.String"},"DataSetClassId":{"$ref":"#/definitions/org.opcfoundation.UA.Guid"},"DataSetWriterGroup":{"$ref":"#/definitions/org.opcfoundation.UA.String"},"Messages":{"type":"array","items":{"$ref":"#/definitions/org.github.microsoft.opcpublisher.JsonDataSetMessage"}}},"required":["MessageId","MessageType","PublisherId","DataSetClassId","DataSetWriterGroup","Messages"],"additionalProperties":false}}}