{"NodeId":"nsu=http://opcfoundation.org/UA/Plc/Applications;s=AlternatingBoolean","EndpointUrl":"opc.tcp://localhost:61457/UA/SampleServer","ApplicationUri":"urn:desktop-bgfjs91:OPCFoundation:CoreSampleServer","DisplayName":"nsu=http://opcfoundation.org/UA/Plc/Applications;s=AlternatingBoolean","Timestamp":"2024-04-27T09:29:51.7919303Z","Value":{"Value":true,"SourceTimestamp":"2024-04-27T09:29:51.4393125Z","ServerTimestamp":"2024-04-27T09:29:51.4393281Z"},"SequenceNumber":11,"ExtensionFields":{}}