{"NodeId":"nsu=http://opcfoundation.org/UA/Plc/Applications;s=AlternatingBoolean","EndpointUrl":"opc.tcp://localhost:61457/UA/SampleServer","ApplicationUri":"urn:desktop-bgfjs91:OPCFoundation:CoreSampleServer","DisplayName":"nsu=http://opcfoundation.org/UA/Plc/Applications;s=AlternatingBoolean","Timestamp":"2024-04-27T09:30:16.8010704Z","Value":{"Value":false,"SourceTimestamp":"2024-04-27T09:30:16.4401986Z","ServerTimestamp":"2024-04-27T09:30:16.4402103Z"},"SequenceNumber":16,"ExtensionFields":{}}