{"NodeId":"nsu=http://opcfoundation.org/UA/Plc/Applications;s=AlternatingBoolean","EndpointUrl":"opc.tcp://localhost:61457/UA/SampleServer","ApplicationUri":"urn:desktop-bgfjs91:OPCFoundation:CoreSampleServer","DisplayName":"nsu=http://opcfoundation.org/UA/Plc/Applications;s=AlternatingBoolean","Timestamp":"2024-04-27T09:30:26.8019954Z","Value":{"Value":false,"SourceTimestamp":"2024-04-27T09:30:26.4324835Z","ServerTimestamp":"2024-04-27T09:30:26.4324913Z"},"SequenceNumber":18,"ExtensionFields":{}}