{"NodeId":"nsu=http://opcfoundation.org/UA/Plc/Applications;s=AlternatingBoolean","EndpointUrl":"opc.tcp://localhost:61457/UA/SampleServer","ApplicationUri":"urn:desktop-bgfjs91:OPCFoundation:CoreSampleServer","DisplayName":"nsu=http://opcfoundation.org/UA/Plc/Applications;s=AlternatingBoolean","Timestamp":"2024-04-27T09:30:51.7939576Z","Value":{"Value":true,"SourceTimestamp":"2024-04-27T09:30:51.435826Z","ServerTimestamp":"2024-04-27T09:30:51.4358279Z"},"SequenceNumber":23,"ExtensionFields":{}}