{"NodeId":"nsu=http://opcfoundation.org/UA/Plc/Applications;s=AlternatingBoolean","EndpointUrl":"opc.tcp://localhost:61457/UA/SampleServer","ApplicationUri":"urn:desktop-bgfjs91:OPCFoundation:CoreSampleServer","DisplayName":"nsu=http://opcfoundation.org/UA/Plc/Applications;s=AlternatingBoolean","Timestamp":"2024-04-27T09:29:16.8287993Z","Value":{"Value":false,"SourceTimestamp":"2024-04-27T09:29:16.4304062Z","ServerTimestamp":"2024-04-27T09:29:16.4304145Z"},"SequenceNumber":4,"ExtensionFields":{}}