{"NodeId":"nsu=http://opcfoundation.org/UA/Plc/Applications;s=AlternatingBoolean","EndpointUrl":"opc.tcp://localhost:61457/UA/SampleServer","ApplicationUri":"urn:desktop-bgfjs91:OPCFoundation:CoreSampleServer","DisplayName":"nsu=http://opcfoundation.org/UA/Plc/Applications;s=AlternatingBoolean","Timestamp":"2024-04-27T10:04:11.4159931Z","Value":{"Value":true,"SourceTimestamp":"2024-04-27T10:04:10.7227203Z","ServerTimestamp":"2024-04-27T10:04:10.722722Z"},"SequenceNumber":103,"ExtensionFields":{}}