{"NodeId":"nsu=http://opcfoundation.org/UA/Plc/Applications;s=FastRandomUIntScalar1","EndpointUrl":"opc.tcp://localhost:61457/UA/SampleServer","ApplicationUri":"urn:desktop-bgfjs91:OPCFoundation:CoreSampleServer","DisplayName":"nsu=http://opcfoundation.org/UA/Plc/Applications;s=FastRandomUIntScalar1","Timestamp":"2024-04-27T10:04:11.4159931Z","Value":{"Value":1719708615,"SourceTimestamp":"2024-04-27T10:04:10.6297825Z","ServerTimestamp":"2024-04-27T10:04:10.6298096Z"},"SequenceNumber":110,"ExtensionFields":{}}