{"NodeId":"nsu=http://opcfoundation.org/UA/Plc/Applications;s=FastRandomUIntScalar3","EndpointUrl":"opc.tcp://localhost:61457/UA/SampleServer","ApplicationUri":"urn:desktop-bgfjs91:OPCFoundation:CoreSampleServer","DisplayName":"nsu=http://opcfoundation.org/UA/Plc/Applications;s=FastRandomUIntScalar3","Timestamp":"2024-04-27T10:04:11.4159931Z","Value":{"Value":1033417951,"SourceTimestamp":"2024-04-27T10:04:10.6298203Z","ServerTimestamp":"2024-04-27T10:04:10.6298209Z"},"SequenceNumber":112,"ExtensionFields":{}}