{"NodeId":"nsu=http://opcfoundation.org/UA/Plc/Applications;s=FastRandomUIntScalar1","EndpointUrl":"opc.tcp://localhost:61457/UA/SampleServer","ApplicationUri":"urn:desktop-bgfjs91:OPCFoundation:CoreSampleServer","DisplayName":"nsu=http://opcfoundation.org/UA/Plc/Applications;s=FastRandomUIntScalar1","Timestamp":"2024-04-27T10:04:12.4055298Z","Value":{"Value":572470029,"SourceTimestamp":"2024-04-27T10:04:11.6313379Z","ServerTimestamp":"2024-04-27T10:04:11.6313399Z"},"SequenceNumber":130,"ExtensionFields":{}}