{"NodeId":"nsu=http://opcfoundation.org/UA/Plc/Applications;s=FastRandomUIntScalar1","EndpointUrl":"opc.tcp://localhost:61457/UA/SampleServer","ApplicationUri":"urn:desktop-bgfjs91:OPCFoundation:CoreSampleServer","DisplayName":"nsu=http://opcfoundation.org/UA/Plc/Applications;s=FastRandomUIntScalar1","Timestamp":"2024-04-27T10:04:14.3848103Z","Value":{"Value":1582859484,"SourceTimestamp":"2024-04-27T10:04:13.622648Z","ServerTimestamp":"2024-04-27T10:04:13.6226524Z"},"SequenceNumber":141,"ExtensionFields":{}}