{"NodeId":"nsu=http://opcfoundation.org/UA/Plc/Applications;s=RandomSignedInt32","EndpointUrl":"opc.tcp://localhost:61457/UA/SampleServer","ApplicationUri":"urn:desktop-bgfjs91:OPCFoundation:CoreSampleServer","DisplayName":"nsu=http://opcfoundation.org/UA/Plc/Applications;s=RandomSignedInt32","Timestamp":"2024-04-27T10:04:15.4380117Z","Value":{"Value":-464910113,"SourceTimestamp":"2024-04-27T10:04:15.4217089Z","ServerTimestamp":"2024-04-27T10:04:15.421712Z"},"SequenceNumber":146,"ExtensionFields":{}}