{"NodeId":"nsu=http://opcfoundation.org/UA/Plc/Applications;s=FastRandomUIntScalar1","EndpointUrl":"opc.tcp://localhost:61457/UA/SampleServer","ApplicationUri":"urn:desktop-bgfjs91:OPCFoundation:CoreSampleServer","DisplayName":"nsu=http://opcfoundation.org/UA/Plc/Applications;s=FastRandomUIntScalar1","Timestamp":"2024-04-27T10:04:15.4380117Z","Value":{"Value":3455107204,"SourceTimestamp":"2024-04-27T10:04:14.6310512Z","ServerTimestamp":"2024-04-27T10:04:14.6310607Z"},"SequenceNumber":152,"ExtensionFields":{}}