{"NodeId":"nsu=http://opcfoundation.org/UA/Plc/Applications;s=FastRandomUIntScalar3","EndpointUrl":"opc.tcp://localhost:61457/UA/SampleServer","ApplicationUri":"urn:desktop-bgfjs91:OPCFoundation:CoreSampleServer","DisplayName":"nsu=http://opcfoundation.org/UA/Plc/Applications;s=FastRandomUIntScalar3","Timestamp":"2024-04-27T10:04:17.4165353Z","Value":{"Value":2341388278,"SourceTimestamp":"2024-04-27T10:04:16.6254052Z","ServerTimestamp":"2024-04-27T10:04:16.6254057Z"},"SequenceNumber":178,"ExtensionFields":{}}