{"NodeId":"nsu=http://opcfoundation.org/UA/Plc/Applications;s=FastRandomUIntScalar2","EndpointUrl":"opc.tcp://localhost:61457/UA/SampleServer","ApplicationUri":"urn:desktop-bgfjs91:OPCFoundation:CoreSampleServer","DisplayName":"nsu=http://opcfoundation.org/UA/Plc/Applications;s=FastRandomUIntScalar2","Timestamp":"2024-04-27T10:04:18.4055961Z","Value":{"Value":2337576059,"SourceTimestamp":"2024-04-27T10:04:17.6319839Z","ServerTimestamp":"2024-04-27T10:04:17.6319845Z"},"SequenceNumber":188,"ExtensionFields":{}}