{"NodeId":"nsu=http://opcfoundation.org/UA/Plc/Applications;s=FastRandomUIntScalar3","EndpointUrl":"opc.tcp://localhost:61457/UA/SampleServer","ApplicationUri":"urn:desktop-bgfjs91:OPCFoundation:CoreSampleServer","DisplayName":"nsu=http://opcfoundation.org/UA/Plc/Applications;s=FastRandomUIntScalar3","Timestamp":"2024-04-27T10:04:18.4055961Z","Value":{"Value":3845440303,"SourceTimestamp":"2024-04-27T10:04:17.6319856Z","ServerTimestamp":"2024-04-27T10:04:17.6319877Z"},"SequenceNumber":189,"ExtensionFields":{}}