{"NodeId":"nsu=http://opcfoundation.org/UA/Plc/Applications;s=FastRandomUIntScalar1","EndpointUrl":"opc.tcp://localhost:61457/UA/SampleServer","ApplicationUri":"urn:desktop-bgfjs91:OPCFoundation:CoreSampleServer","DisplayName":"nsu=http://opcfoundation.org/UA/Plc/Applications;s=FastRandomUIntScalar1","Timestamp":"2024-04-27T10:04:20.3829963Z","Value":{"Value":4046293179,"SourceTimestamp":"2024-04-27T10:04:19.6234233Z","ServerTimestamp":"2024-04-27T10:04:19.6234419Z"},"SequenceNumber":198,"ExtensionFields":{}}