{"NodeId":"nsu=http://opcfoundation.org/UA/Plc/Applications;s=RandomUnsignedInt32","EndpointUrl":"opc.tcp://localhost:61457/UA/SampleServer","ApplicationUri":"urn:desktop-bgfjs91:OPCFoundation:CoreSampleServer","DisplayName":"nsu=http://opcfoundation.org/UA/Plc/Applications;s=RandomUnsignedInt32","Timestamp":"2024-04-27T10:04:21.4366305Z","Value":{"Value":30922545,"SourceTimestamp":"2024-04-27T10:04:21.4214567Z","ServerTimestamp":"2024-04-27T10:04:21.4214721Z"},"SequenceNumber":205,"ExtensionFields":{}}