{"NodeId":"nsu=http://opcfoundation.org/UA/Plc/Applications;s=SlowRandomUIntScalar1","EndpointUrl":"opc.tcp://localhost:61457/UA/SampleServer","ApplicationUri":"urn:desktop-bgfjs91:OPCFoundation:CoreSampleServer","DisplayName":"nsu=http://opcfoundation.org/UA/Plc/Applications;s=SlowRandomUIntScalar1","Timestamp":"2024-04-27T10:04:21.4366305Z","Value":{"Value":890109443,"SourceTimestamp":"2024-04-27T10:04:20.6333998Z","ServerTimestamp":"2024-04-27T10:04:20.6334081Z"},"SequenceNumber":218,"ExtensionFields":{}}