{"NodeId":"nsu=http://opcfoundation.org/UA/Plc/Applications;s=SlowRandomUIntScalar2","EndpointUrl":"opc.tcp://localhost:61457/UA/SampleServer","ApplicationUri":"urn:desktop-bgfjs91:OPCFoundation:CoreSampleServer","DisplayName":"nsu=http://opcfoundation.org/UA/Plc/Applications;s=SlowRandomUIntScalar2","Timestamp":"2024-04-27T10:04:21.4366305Z","Value":{"Value":202992379,"SourceTimestamp":"2024-04-27T10:04:20.6334107Z","ServerTimestamp":"2024-04-27T10:04:20.6334235Z"},"SequenceNumber":219,"ExtensionFields":{}}