{"NodeId":"nsu=http://opcfoundation.org/UA/Plc/Applications;s=SlowRandomUIntScalar3","EndpointUrl":"opc.tcp://localhost:61457/UA/SampleServer","ApplicationUri":"urn:desktop-bgfjs91:OPCFoundation:CoreSampleServer","DisplayName":"nsu=http://opcfoundation.org/UA/Plc/Applications;s=SlowRandomUIntScalar3","Timestamp":"2024-04-27T10:04:21.4366305Z","Value":{"Value":1703879082,"SourceTimestamp":"2024-04-27T10:04:20.633426Z","ServerTimestamp":"2024-04-27T10:04:20.6334274Z"},"SequenceNumber":220,"ExtensionFields":{}}