{"NodeId":"nsu=http://opcfoundation.org/UA/Plc/Applications;s=FastRandomUIntScalar2","EndpointUrl":"opc.tcp://localhost:61457/UA/SampleServer","ApplicationUri":"urn:desktop-bgfjs91:OPCFoundation:CoreSampleServer","DisplayName":"nsu=http://opcfoundation.org/UA/Plc/Applications;s=FastRandomUIntScalar2","Timestamp":"2024-04-27T10:04:22.4261045Z","Value":{"Value":3708252297,"SourceTimestamp":"2024-04-27T10:04:21.6215556Z","ServerTimestamp":"2024-04-27T10:04:21.6215567Z"},"SequenceNumber":231,"ExtensionFields":{}}