{"NodeId":"nsu=http://opcfoundation.org/UA/Plc/Applications;s=RandomSignedInt32","EndpointUrl":"opc.tcp://localhost:61457/UA/SampleServer","ApplicationUri":"urn:desktop-bgfjs91:OPCFoundation:CoreSampleServer","DisplayName":"nsu=http://opcfoundation.org/UA/Plc/Applications;s=RandomSignedInt32","Timestamp":"2024-04-27T10:04:24.4137049Z","Value":{"Value":-1219732296,"SourceTimestamp":"2024-04-27T10:04:24.3196653Z","ServerTimestamp":"2024-04-27T10:04:24.319668Z"},"SequenceNumber":246,"ExtensionFields":{}}