{"NodeId":"nsu=http://opcfoundation.org/UA/Plc/Applications;s=RandomUnsignedInt32","EndpointUrl":"opc.tcp://localhost:61457/UA/SampleServer","ApplicationUri":"urn:desktop-bgfjs91:OPCFoundation:CoreSampleServer","DisplayName":"nsu=http://opcfoundation.org/UA/Plc/Applications;s=RandomUnsignedInt32","Timestamp":"2024-04-27T10:04:03.4267261Z","Value":{"Value":1146287603,"SourceTimestamp":"2024-04-27T10:04:03.3343747Z","ServerTimestamp":"2024-04-27T10:04:03.3343808Z"},"SequenceNumber":25,"ExtensionFields":{}}