{"NodeId":"nsu=http://opcfoundation.org/UA/Plc/Applications;s=FastRandomUIntScalar1","EndpointUrl":"opc.tcp://localhost:61457/UA/SampleServer","ApplicationUri":"urn:desktop-bgfjs91:OPCFoundation:CoreSampleServer","DisplayName":"nsu=http://opcfoundation.org/UA/Plc/Applications;s=FastRandomUIntScalar1","Timestamp":"2024-04-27T10:04:24.4137049Z","Value":{"Value":3610068808,"SourceTimestamp":"2024-04-27T10:04:23.6237458Z","ServerTimestamp":"2024-04-27T10:04:23.6237508Z"},"SequenceNumber":252,"ExtensionFields":{}}