{"NodeId":"nsu=http://opcfoundation.org/UA/Plc/Applications;s=RandomSignedInt32","EndpointUrl":"opc.tcp://localhost:61457/UA/SampleServer","ApplicationUri":"urn:desktop-bgfjs91:OPCFoundation:CoreSampleServer","DisplayName":"nsu=http://opcfoundation.org/UA/Plc/Applications;s=RandomSignedInt32","Timestamp":"2024-04-27T10:04:25.3959839Z","Value":{"Value":877787751,"SourceTimestamp":"2024-04-27T10:04:25.3333685Z","ServerTimestamp":"2024-04-27T10:04:25.333492Z"},"SequenceNumber":257,"ExtensionFields":{}}