{"NodeId":"nsu=http://opcfoundation.org/UA/Plc/Applications;s=RandomUnsignedInt32","EndpointUrl":"opc.tcp://localhost:61457/UA/SampleServer","ApplicationUri":"urn:desktop-bgfjs91:OPCFoundation:CoreSampleServer","DisplayName":"nsu=http://opcfoundation.org/UA/Plc/Applications;s=RandomUnsignedInt32","Timestamp":"2024-04-27T10:04:25.3959839Z","Value":{"Value":1816614142,"SourceTimestamp":"2024-04-27T10:04:25.333404Z","ServerTimestamp":"2024-04-27T10:04:25.3334071Z"},"SequenceNumber":258,"ExtensionFields":{}}