{"NodeId":"nsu=http://opcfoundation.org/UA/Plc/Applications;s=FastRandomUIntScalar1","EndpointUrl":"opc.tcp://localhost:61457/UA/SampleServer","ApplicationUri":"urn:desktop-bgfjs91:OPCFoundation:CoreSampleServer","DisplayName":"nsu=http://opcfoundation.org/UA/Plc/Applications;s=FastRandomUIntScalar1","Timestamp":"2024-04-27T10:04:25.3959839Z","Value":{"Value":4172846708,"SourceTimestamp":"2024-04-27T10:04:24.6278284Z","ServerTimestamp":"2024-04-27T10:04:24.6278305Z"},"SequenceNumber":263,"ExtensionFields":{}}