{"NodeId":"nsu=http://opcfoundation.org/UA/Plc/Applications;s=FastRandomUIntScalar2","EndpointUrl":"opc.tcp://localhost:61457/UA/SampleServer","ApplicationUri":"urn:desktop-bgfjs91:OPCFoundation:CoreSampleServer","DisplayName":"nsu=http://opcfoundation.org/UA/Plc/Applications;s=FastRandomUIntScalar2","Timestamp":"2024-04-27T10:04:25.3959839Z","Value":{"Value":4116288765,"SourceTimestamp":"2024-04-27T10:04:24.627835Z","ServerTimestamp":"2024-04-27T10:04:24.6278356Z"},"SequenceNumber":264,"ExtensionFields":{}}