{"NodeId":"nsu=http://opcfoundation.org/UA/Plc/Applications;s=RandomUnsignedInt32","EndpointUrl":"opc.tcp://localhost:61457/UA/SampleServer","ApplicationUri":"urn:desktop-bgfjs91:OPCFoundation:CoreSampleServer","DisplayName":"nsu=http://opcfoundation.org/UA/Plc/Applications;s=RandomUnsignedInt32","Timestamp":"2024-04-27T10:04:27.4358697Z","Value":{"Value":366767873,"SourceTimestamp":"2024-04-27T10:04:27.4201877Z","ServerTimestamp":"2024-04-27T10:04:27.4202438Z"},"SequenceNumber":271,"ExtensionFields":{}}