{"NodeId":"nsu=http://opcfoundation.org/UA/Plc/Applications;s=RandomUnsignedInt32","EndpointUrl":"opc.tcp://localhost:61457/UA/SampleServer","ApplicationUri":"urn:desktop-bgfjs91:OPCFoundation:CoreSampleServer","DisplayName":"nsu=http://opcfoundation.org/UA/Plc/Applications;s=RandomUnsignedInt32","Timestamp":"2024-04-27T10:04:28.4341993Z","Value":{"Value":1465427118,"SourceTimestamp":"2024-04-27T10:04:28.3224194Z","ServerTimestamp":"2024-04-27T10:04:28.3224352Z"},"SequenceNumber":282,"ExtensionFields":{}}