{"NodeId":"nsu=http://opcfoundation.org/UA/Plc/Applications;s=FastRandomUIntScalar1","EndpointUrl":"opc.tcp://localhost:61457/UA/SampleServer","ApplicationUri":"urn:desktop-bgfjs91:OPCFoundation:CoreSampleServer","DisplayName":"nsu=http://opcfoundation.org/UA/Plc/Applications;s=FastRandomUIntScalar1","Timestamp":"2024-04-27T10:04:28.4341993Z","Value":{"Value":2723864842,"SourceTimestamp":"2024-04-27T10:04:27.6195442Z","ServerTimestamp":"2024-04-27T10:04:27.6195478Z"},"SequenceNumber":287,"ExtensionFields":{}}