{"NodeId":"nsu=http://opcfoundation.org/UA/Plc/Applications;s=RandomUnsignedInt32","EndpointUrl":"opc.tcp://localhost:61457/UA/SampleServer","ApplicationUri":"urn:desktop-bgfjs91:OPCFoundation:CoreSampleServer","DisplayName":"nsu=http://opcfoundation.org/UA/Plc/Applications;s=RandomUnsignedInt32","Timestamp":"2024-04-27T10:04:29.4319478Z","Value":{"Value":451725784,"SourceTimestamp":"2024-04-27T10:04:29.3235004Z","ServerTimestamp":"2024-04-27T10:04:29.3235116Z"},"SequenceNumber":293,"ExtensionFields":{}}