{"NodeId":"nsu=http://opcfoundation.org/UA/Plc/Applications;s=RandomSignedInt32","EndpointUrl":"opc.tcp://localhost:61457/UA/SampleServer","ApplicationUri":"urn:desktop-bgfjs91:OPCFoundation:CoreSampleServer","DisplayName":"nsu=http://opcfoundation.org/UA/Plc/Applications;s=RandomSignedInt32","Timestamp":"2024-04-27T10:04:02.438867Z","Value":{"Value":-1973797768,"SourceTimestamp":"2024-04-27T10:04:02.4226544Z","ServerTimestamp":"2024-04-27T10:04:02.422675Z"},"SequenceNumber":3,"ExtensionFields":{}}