{"NodeId":"nsu=http://opcfoundation.org/UA/Plc/Applications;s=RandomUnsignedInt32","EndpointUrl":"opc.tcp://localhost:61457/UA/SampleServer","ApplicationUri":"urn:desktop-bgfjs91:OPCFoundation:CoreSampleServer","DisplayName":"nsu=http://opcfoundation.org/UA/Plc/Applications;s=RandomUnsignedInt32","Timestamp":"2024-04-27T10:04:30.4218408Z","Value":{"Value":1007544036,"SourceTimestamp":"2024-04-27T10:04:30.3292621Z","ServerTimestamp":"2024-04-27T10:04:30.3292634Z"},"SequenceNumber":304,"ExtensionFields":{}}