{"NodeId":"nsu=http://opcfoundation.org/UA/Plc/Applications;s=NegativeTrendData","EndpointUrl":"opc.tcp://localhost:61457/UA/SampleServer","ApplicationUri":"urn:desktop-bgfjs91:OPCFoundation:CoreSampleServer","DisplayName":"nsu=http://opcfoundation.org/UA/Plc/Applications;s=NegativeTrendData","Timestamp":"2024-04-27T10:04:31.4170106Z","Value":{"Value":99.400000000000006,"SourceTimestamp":"2024-04-27T10:04:30.7313415Z","ServerTimestamp":"2024-04-27T10:04:30.7313466Z"},"SequenceNumber":324,"ExtensionFields":{}}