{"NodeId":"nsu=http://opcfoundation.org/UA/Plc/Applications;s=SlowRandomUIntScalar3","EndpointUrl":"opc.tcp://localhost:61457/UA/SampleServer","ApplicationUri":"urn:desktop-bgfjs91:OPCFoundation:CoreSampleServer","DisplayName":"nsu=http://opcfoundation.org/UA/Plc/Applications;s=SlowRandomUIntScalar3","Timestamp":"2024-04-27T10:04:31.4170106Z","Value":{"Value":2726681914,"SourceTimestamp":"2024-04-27T10:04:30.6229445Z","ServerTimestamp":"2024-04-27T10:04:30.6229457Z"},"SequenceNumber":331,"ExtensionFields":{}}