{"NodeId":"nsu=http://opcfoundation.org/UA/Plc/Applications;s=BadSlowRandomUIntScalar1","EndpointUrl":"opc.tcp://localhost:61457/UA/SampleServer","ApplicationUri":"urn:desktop-bgfjs91:OPCFoundation:CoreSampleServer","DisplayName":"nsu=http://opcfoundation.org/UA/Plc/Applications;s=BadSlowRandomUIntScalar1","Timestamp":"2024-04-27T10:04:31.4170106Z","Value":{"Value":269223578,"SourceTimestamp":"2024-04-27T10:04:30.6229482Z","ServerTimestamp":"2024-04-27T10:04:30.6229509Z"},"SequenceNumber":332,"ExtensionFields":{}}