{"NodeId":"nsu=http://opcfoundation.org/UA/Plc/Applications;s=FastRandomUIntScalar3","EndpointUrl":"opc.tcp://localhost:61457/UA/SampleServer","ApplicationUri":"urn:desktop-bgfjs91:OPCFoundation:CoreSampleServer","DisplayName":"nsu=http://opcfoundation.org/UA/Plc/Applications;s=FastRandomUIntScalar3","Timestamp":"2024-04-27T10:04:32.4095464Z","Value":{"Value":840358748,"SourceTimestamp":"2024-04-27T10:04:31.6205022Z","ServerTimestamp":"2024-04-27T10:04:31.62051Z"},"SequenceNumber":343,"ExtensionFields":{}}