{"NodeId":"nsu=http://opcfoundation.org/UA/Plc/Applications;s=RandomSignedInt32","EndpointUrl":"opc.tcp://localhost:61457/UA/SampleServer","ApplicationUri":"urn:desktop-bgfjs91:OPCFoundation:CoreSampleServer","DisplayName":"nsu=http://opcfoundation.org/UA/Plc/Applications;s=RandomSignedInt32","Timestamp":"2024-04-27T10:04:33.4051696Z","Value":{"Value":1927183184,"SourceTimestamp":"2024-04-27T10:04:33.3271238Z","ServerTimestamp":"2024-04-27T10:04:33.3271301Z"},"SequenceNumber":346,"ExtensionFields":{}}