{"NodeId":"nsu=http://opcfoundation.org/UA/Plc/Applications;s=FastRandomUIntScalar3","EndpointUrl":"opc.tcp://localhost:61457/UA/SampleServer","ApplicationUri":"urn:desktop-bgfjs91:OPCFoundation:CoreSampleServer","DisplayName":"nsu=http://opcfoundation.org/UA/Plc/Applications;s=FastRandomUIntScalar3","Timestamp":"2024-04-27T10:04:33.4051696Z","Value":{"Value":846090798,"SourceTimestamp":"2024-04-27T10:04:32.6268612Z","ServerTimestamp":"2024-04-27T10:04:32.6268617Z"},"SequenceNumber":354,"ExtensionFields":{}}