{"NodeId":"nsu=http://opcfoundation.org/UA/Plc/Applications;s=RandomUnsignedInt32","EndpointUrl":"opc.tcp://localhost:61457/UA/SampleServer","ApplicationUri":"urn:desktop-bgfjs91:OPCFoundation:CoreSampleServer","DisplayName":"nsu=http://opcfoundation.org/UA/Plc/Applications;s=RandomUnsignedInt32","Timestamp":"2024-04-27T10:04:04.422052Z","Value":{"Value":1418139301,"SourceTimestamp":"2024-04-27T10:04:04.3295138Z","ServerTimestamp":"2024-04-27T10:04:04.3295239Z"},"SequenceNumber":36,"ExtensionFields":{}}