{"NodeId":"nsu=http://opcfoundation.org/UA/Plc/Applications;s=FastRandomUIntScalar1","EndpointUrl":"opc.tcp://localhost:61457/UA/SampleServer","ApplicationUri":"urn:desktop-bgfjs91:OPCFoundation:CoreSampleServer","DisplayName":"nsu=http://opcfoundation.org/UA/Plc/Applications;s=FastRandomUIntScalar1","Timestamp":"2024-04-27T10:04:34.4003402Z","Value":{"Value":4078363439,"SourceTimestamp":"2024-04-27T10:04:33.6223285Z","ServerTimestamp":"2024-04-27T10:04:33.6223306Z"},"SequenceNumber":363,"ExtensionFields":{}}