{"NodeId":"nsu=http://opcfoundation.org/UA/Plc/Applications;s=FastRandomUIntScalar2","EndpointUrl":"opc.tcp://localhost:61457/UA/SampleServer","ApplicationUri":"urn:desktop-bgfjs91:OPCFoundation:CoreSampleServer","DisplayName":"nsu=http://opcfoundation.org/UA/Plc/Applications;s=FastRandomUIntScalar2","Timestamp":"2024-04-27T10:04:34.4003402Z","Value":{"Value":2703732815,"SourceTimestamp":"2024-04-27T10:04:33.6223404Z","ServerTimestamp":"2024-04-27T10:04:33.6223443Z"},"SequenceNumber":364,"ExtensionFields":{}}