{"NodeId":"nsu=http://opcfoundation.org/UA/Plc/Applications;s=FastRandomUIntScalar1","EndpointUrl":"opc.tcp://localhost:61457/UA/SampleServer","ApplicationUri":"urn:desktop-bgfjs91:OPCFoundation:CoreSampleServer","DisplayName":"nsu=http://opcfoundation.org/UA/Plc/Applications;s=FastRandomUIntScalar1","Timestamp":"2024-04-27T10:04:35.3988234Z","Value":{"Value":2318298135,"SourceTimestamp":"2024-04-27T10:04:34.6207694Z","ServerTimestamp":"2024-04-27T10:04:34.6208158Z"},"SequenceNumber":374,"ExtensionFields":{}}