{"NodeId":"nsu=http://opcfoundation.org/UA/Plc/Applications;s=FastRandomUIntScalar3","EndpointUrl":"opc.tcp://localhost:61457/UA/SampleServer","ApplicationUri":"urn:desktop-bgfjs91:OPCFoundation:CoreSampleServer","DisplayName":"nsu=http://opcfoundation.org/UA/Plc/Applications;s=FastRandomUIntScalar3","Timestamp":"2024-04-27T10:04:35.3988234Z","Value":{"Value":9086780,"SourceTimestamp":"2024-04-27T10:04:34.6208319Z","ServerTimestamp":"2024-04-27T10:04:34.6208344Z"},"SequenceNumber":376,"ExtensionFields":{}}