{"NodeId":"nsu=http://opcfoundation.org/UA/Plc/Applications;s=AlternatingBoolean","EndpointUrl":"opc.tcp://localhost:61457/UA/SampleServer","ApplicationUri":"urn:desktop-bgfjs91:OPCFoundation:CoreSampleServer","DisplayName":"nsu=http://opcfoundation.org/UA/Plc/Applications;s=AlternatingBoolean","Timestamp":"2024-04-27T10:04:36.3904999Z","Value":{"Value":false,"SourceTimestamp":"2024-04-27T10:04:35.725972Z","ServerTimestamp":"2024-04-27T10:04:35.7259988Z"},"SequenceNumber":378,"ExtensionFields":{}}