{"NodeId":"nsu=http://opcfoundation.org/UA/Plc/Applications;s=PositiveTrendData","EndpointUrl":"opc.tcp://localhost:61457/UA/SampleServer","ApplicationUri":"urn:desktop-bgfjs91:OPCFoundation:CoreSampleServer","DisplayName":"nsu=http://opcfoundation.org/UA/Plc/Applications;s=PositiveTrendData","Timestamp":"2024-04-27T10:04:36.3904999Z","Value":{"Value":100.09999999999999,"SourceTimestamp":"2024-04-27T10:04:35.725982Z","ServerTimestamp":"2024-04-27T10:04:35.7259858Z"},"SequenceNumber":380,"ExtensionFields":{}}