{"NodeId":"nsu=http://opcfoundation.org/UA/Plc/Applications;s=FastRandomUIntScalar1","EndpointUrl":"opc.tcp://localhost:61457/UA/SampleServer","ApplicationUri":"urn:desktop-bgfjs91:OPCFoundation:CoreSampleServer","DisplayName":"nsu=http://opcfoundation.org/UA/Plc/Applications;s=FastRandomUIntScalar1","Timestamp":"2024-04-27T10:04:37.3803958Z","Value":{"Value":2556307486,"SourceTimestamp":"2024-04-27T10:04:36.6216522Z","ServerTimestamp":"2024-04-27T10:04:36.6216672Z"},"SequenceNumber":388,"ExtensionFields":{}}