{"NodeId":"nsu=http://opcfoundation.org/UA/Plc/Applications;s=FastRandomUIntScalar3","EndpointUrl":"opc.tcp://localhost:61457/UA/SampleServer","ApplicationUri":"urn:desktop-bgfjs91:OPCFoundation:CoreSampleServer","DisplayName":"nsu=http://opcfoundation.org/UA/Plc/Applications;s=FastRandomUIntScalar3","Timestamp":"2024-04-27T10:04:37.3803958Z","Value":{"Value":1880723991,"SourceTimestamp":"2024-04-27T10:04:36.6216818Z","ServerTimestamp":"2024-04-27T10:04:36.621686Z"},"SequenceNumber":390,"ExtensionFields":{}}