{"NodeId":"nsu=http://opcfoundation.org/UA/Plc/Applications;s=RandomUnsignedInt32","EndpointUrl":"opc.tcp://localhost:61457/UA/SampleServer","ApplicationUri":"urn:desktop-bgfjs91:OPCFoundation:CoreSampleServer","DisplayName":"nsu=http://opcfoundation.org/UA/Plc/Applications;s=RandomUnsignedInt32","Timestamp":"2024-04-27T10:04:38.434667Z","Value":{"Value":1381503420,"SourceTimestamp":"2024-04-27T10:04:38.3262653Z","ServerTimestamp":"2024-04-27T10:04:38.3263013Z"},"SequenceNumber":394,"ExtensionFields":{}}