{"NodeId":"nsu=http://opcfoundation.org/UA/Plc/Applications;s=RandomUnsignedInt32","EndpointUrl":"opc.tcp://localhost:61457/UA/SampleServer","ApplicationUri":"urn:desktop-bgfjs91:OPCFoundation:CoreSampleServer","DisplayName":"nsu=http://opcfoundation.org/UA/Plc/Applications;s=RandomUnsignedInt32","Timestamp":"2024-04-27T10:04:39.4249085Z","Value":{"Value":659109602,"SourceTimestamp":"2024-04-27T10:04:39.3304394Z","ServerTimestamp":"2024-04-27T10:04:39.3304406Z"},"SequenceNumber":405,"ExtensionFields":{}}