{"NodeId":"nsu=http://opcfoundation.org/UA/Plc/Applications;s=RandomSignedInt32","EndpointUrl":"opc.tcp://localhost:61457/UA/SampleServer","ApplicationUri":"urn:desktop-bgfjs91:OPCFoundation:CoreSampleServer","DisplayName":"nsu=http://opcfoundation.org/UA/Plc/Applications;s=RandomSignedInt32","Timestamp":"2024-04-27T10:04:40.4111684Z","Value":{"Value":-804569199,"SourceTimestamp":"2024-04-27T10:04:40.3187128Z","ServerTimestamp":"2024-04-27T10:04:40.3187143Z"},"SequenceNumber":415,"ExtensionFields":{}}