{"NodeId":"nsu=http://opcfoundation.org/UA/Plc/Applications;s=FastRandomUIntScalar3","EndpointUrl":"opc.tcp://localhost:61457/UA/SampleServer","ApplicationUri":"urn:desktop-bgfjs91:OPCFoundation:CoreSampleServer","DisplayName":"nsu=http://opcfoundation.org/UA/Plc/Applications;s=FastRandomUIntScalar3","Timestamp":"2024-04-27T10:04:40.4111684Z","Value":{"Value":2790216286,"SourceTimestamp":"2024-04-27T10:04:39.6259696Z","ServerTimestamp":"2024-04-27T10:04:39.62597Z"},"SequenceNumber":423,"ExtensionFields":{}}