{"NodeId":"nsu=http://opcfoundation.org/UA/Plc/Applications;s=AlternatingBoolean","EndpointUrl":"opc.tcp://localhost:61457/UA/SampleServer","ApplicationUri":"urn:desktop-bgfjs91:OPCFoundation:CoreSampleServer","DisplayName":"nsu=http://opcfoundation.org/UA/Plc/Applications;s=AlternatingBoolean","Timestamp":"2024-04-27T10:04:41.3970845Z","Value":{"Value":true,"SourceTimestamp":"2024-04-27T10:04:40.7333049Z","ServerTimestamp":"2024-04-27T10:04:40.7333212Z"},"SequenceNumber":426,"ExtensionFields":{}}