{"NodeId":"nsu=http://opcfoundation.org/UA/Plc/Applications;s=FastRandomUIntScalar1","EndpointUrl":"opc.tcp://localhost:61457/UA/SampleServer","ApplicationUri":"urn:desktop-bgfjs91:OPCFoundation:CoreSampleServer","DisplayName":"nsu=http://opcfoundation.org/UA/Plc/Applications;s=FastRandomUIntScalar1","Timestamp":"2024-04-27T10:04:41.3970845Z","Value":{"Value":4050741914,"SourceTimestamp":"2024-04-27T10:04:40.6263094Z","ServerTimestamp":"2024-04-27T10:04:40.6263177Z"},"SequenceNumber":433,"ExtensionFields":{}}