{"NodeId":"nsu=http://opcfoundation.org/UA/Plc/Applications;s=NegativeTrendData","EndpointUrl":"opc.tcp://localhost:61457/UA/SampleServer","ApplicationUri":"urn:desktop-bgfjs91:OPCFoundation:CoreSampleServer","DisplayName":"nsu=http://opcfoundation.org/UA/Plc/Applications;s=NegativeTrendData","Timestamp":"2024-04-27T10:04:41.3970845Z","Value":{"Value":99.200000000000003,"SourceTimestamp":"2024-04-27T10:04:40.7332853Z","ServerTimestamp":"2024-04-27T10:04:40.7332893Z"},"SequenceNumber":436,"ExtensionFields":{}}