{"NodeId":"nsu=http://opcfoundation.org/UA/Plc/Applications;s=SlowRandomUIntScalar1","EndpointUrl":"opc.tcp://localhost:61457/UA/SampleServer","ApplicationUri":"urn:desktop-bgfjs91:OPCFoundation:CoreSampleServer","DisplayName":"nsu=http://opcfoundation.org/UA/Plc/Applications;s=SlowRandomUIntScalar1","Timestamp":"2024-04-27T10:04:41.3970845Z","Value":{"Value":1918493098,"SourceTimestamp":"2024-04-27T10:04:40.6263285Z","ServerTimestamp":"2024-04-27T10:04:40.626332Z"},"SequenceNumber":442,"ExtensionFields":{}}