{"NodeId":"nsu=http://opcfoundation.org/UA/Plc/Applications;s=RandomSignedInt32","EndpointUrl":"opc.tcp://localhost:61457/UA/SampleServer","ApplicationUri":"urn:desktop-bgfjs91:OPCFoundation:CoreSampleServer","DisplayName":"nsu=http://opcfoundation.org/UA/Plc/Applications;s=RandomSignedInt32","Timestamp":"2024-04-27T10:04:05.41533Z","Value":{"Value":831319213,"SourceTimestamp":"2024-04-27T10:04:05.3218787Z","ServerTimestamp":"2024-04-27T10:04:05.3218801Z"},"SequenceNumber":46,"ExtensionFields":{}}