{"NodeId":"nsu=http://opcfoundation.org/UA/Plc/Applications;s=FastRandomUIntScalar2","EndpointUrl":"opc.tcp://localhost:61457/UA/SampleServer","ApplicationUri":"urn:desktop-bgfjs91:OPCFoundation:CoreSampleServer","DisplayName":"nsu=http://opcfoundation.org/UA/Plc/Applications;s=FastRandomUIntScalar2","Timestamp":"2024-04-27T10:04:44.4271149Z","Value":{"Value":1083029447,"SourceTimestamp":"2024-04-27T10:04:43.6198924Z","ServerTimestamp":"2024-04-27T10:04:43.619893Z"},"SequenceNumber":466,"ExtensionFields":{}}