{"NodeId":"nsu=http://opcfoundation.org/UA/Plc/Applications;s=RandomSignedInt32","EndpointUrl":"opc.tcp://localhost:61457/UA/SampleServer","ApplicationUri":"urn:desktop-bgfjs91:OPCFoundation:CoreSampleServer","DisplayName":"nsu=http://opcfoundation.org/UA/Plc/Applications;s=RandomSignedInt32","Timestamp":"2024-04-27T10:04:45.4139835Z","Value":{"Value":-2017878579,"SourceTimestamp":"2024-04-27T10:04:45.3212465Z","ServerTimestamp":"2024-04-27T10:04:45.3212496Z"},"SequenceNumber":470,"ExtensionFields":{}}