{"NodeId":"nsu=http://opcfoundation.org/UA/Plc/Applications;s=FastRandomUIntScalar1","EndpointUrl":"opc.tcp://localhost:61457/UA/SampleServer","ApplicationUri":"urn:desktop-bgfjs91:OPCFoundation:CoreSampleServer","DisplayName":"nsu=http://opcfoundation.org/UA/Plc/Applications;s=FastRandomUIntScalar1","Timestamp":"2024-04-27T10:04:45.4139835Z","Value":{"Value":2009542014,"SourceTimestamp":"2024-04-27T10:04:44.6304183Z","ServerTimestamp":"2024-04-27T10:04:44.6304224Z"},"SequenceNumber":476,"ExtensionFields":{}}