{"NodeId":"nsu=http://opcfoundation.org/UA/Plc/Applications;s=FastRandomUIntScalar2","EndpointUrl":"opc.tcp://localhost:61457/UA/SampleServer","ApplicationUri":"urn:desktop-bgfjs91:OPCFoundation:CoreSampleServer","DisplayName":"nsu=http://opcfoundation.org/UA/Plc/Applications;s=FastRandomUIntScalar2","Timestamp":"2024-04-27T10:04:46.3986661Z","Value":{"Value":4113251373,"SourceTimestamp":"2024-04-27T10:04:45.6294175Z","ServerTimestamp":"2024-04-27T10:04:45.6294205Z"},"SequenceNumber":489,"ExtensionFields":{}}