{"NodeId":"nsu=http://opcfoundation.org/UA/Plc/Applications;s=NegativeTrendData","EndpointUrl":"opc.tcp://localhost:61457/UA/SampleServer","ApplicationUri":"urn:desktop-bgfjs91:OPCFoundation:CoreSampleServer","DisplayName":"nsu=http://opcfoundation.org/UA/Plc/Applications;s=NegativeTrendData","Timestamp":"2024-04-27T10:04:46.3986661Z","Value":{"Value":99.099999999999994,"SourceTimestamp":"2024-04-27T10:04:45.7210653Z","ServerTimestamp":"2024-04-27T10:04:45.7210687Z"},"SequenceNumber":491,"ExtensionFields":{}}