{"NodeId":"nsu=http://opcfoundation.org/UA/Plc/Applications;s=PositiveTrendData","EndpointUrl":"opc.tcp://localhost:61457/UA/SampleServer","ApplicationUri":"urn:desktop-bgfjs91:OPCFoundation:CoreSampleServer","DisplayName":"nsu=http://opcfoundation.org/UA/Plc/Applications;s=PositiveTrendData","Timestamp":"2024-04-27T10:04:46.3986661Z","Value":{"Value":100.3,"SourceTimestamp":"2024-04-27T10:04:45.721093Z","ServerTimestamp":"2024-04-27T10:04:45.7211627Z"},"SequenceNumber":492,"ExtensionFields":{}}