{"NodeId":"nsu=http://opcfoundation.org/UA/Plc/Applications;s=RandomUnsignedInt32","EndpointUrl":"opc.tcp://localhost:61457/UA/SampleServer","ApplicationUri":"urn:desktop-bgfjs91:OPCFoundation:CoreSampleServer","DisplayName":"nsu=http://opcfoundation.org/UA/Plc/Applications;s=RandomUnsignedInt32","Timestamp":"2024-04-27T10:04:48.4339135Z","Value":{"Value":408108951,"SourceTimestamp":"2024-04-27T10:04:48.3240184Z","ServerTimestamp":"2024-04-27T10:04:48.3240245Z"},"SequenceNumber":496,"ExtensionFields":{}}