{"NodeId":"nsu=http://opcfoundation.org/UA/Plc/Applications;s=RandomUnsignedInt32","EndpointUrl":"opc.tcp://localhost:61457/UA/SampleServer","ApplicationUri":"urn:desktop-bgfjs91:OPCFoundation:CoreSampleServer","DisplayName":"nsu=http://opcfoundation.org/UA/Plc/Applications;s=RandomUnsignedInt32","Timestamp":"2024-04-27T10:04:06.4006289Z","Value":{"Value":357488534,"SourceTimestamp":"2024-04-27T10:04:06.3238362Z","ServerTimestamp":"2024-04-27T10:04:06.3238385Z"},"SequenceNumber":59,"ExtensionFields":{}}