{"NodeId":"nsu=http://opcfoundation.org/UA/Plc/Applications;s=FastRandomUIntScalar1","EndpointUrl":"opc.tcp://localhost:61457/UA/SampleServer","ApplicationUri":"urn:desktop-bgfjs91:OPCFoundation:CoreSampleServer","DisplayName":"nsu=http://opcfoundation.org/UA/Plc/Applications;s=FastRandomUIntScalar1","Timestamp":"2024-04-27T10:04:06.4006289Z","Value":{"Value":1306747817,"SourceTimestamp":"2024-04-27T10:04:05.6279061Z","ServerTimestamp":"2024-04-27T10:04:05.627926Z"},"SequenceNumber":64,"ExtensionFields":{}}