{"NodeId":"nsu=http://opcfoundation.org/UA/Plc/Applications;s=FastRandomUIntScalar2","EndpointUrl":"opc.tcp://localhost:61457/UA/SampleServer","ApplicationUri":"urn:desktop-bgfjs91:OPCFoundation:CoreSampleServer","DisplayName":"nsu=http://opcfoundation.org/UA/Plc/Applications;s=FastRandomUIntScalar2","Timestamp":"2024-04-27T10:04:06.4006289Z","Value":{"Value":2490431869,"SourceTimestamp":"2024-04-27T10:04:05.6279286Z","ServerTimestamp":"2024-04-27T10:04:05.627951Z"},"SequenceNumber":65,"ExtensionFields":{}}