{"NodeId":"nsu=http://opcfoundation.org/UA/Plc/Applications;s=RandomUnsignedInt32","EndpointUrl":"opc.tcp://localhost:61457/UA/SampleServer","ApplicationUri":"urn:desktop-bgfjs91:OPCFoundation:CoreSampleServer","DisplayName":"nsu=http://opcfoundation.org/UA/Plc/Applications;s=RandomUnsignedInt32","Timestamp":"2024-04-27T10:04:08.3854212Z","Value":{"Value":1130600843,"SourceTimestamp":"2024-04-27T10:04:08.3243429Z","ServerTimestamp":"2024-04-27T10:04:08.3243491Z"},"SequenceNumber":71,"ExtensionFields":{}}