{"NodeId":"nsu=http://opcfoundation.org/UA/Plc/Applications;s=FastRandomUIntScalar3","EndpointUrl":"opc.tcp://localhost:61457/UA/SampleServer","ApplicationUri":"urn:desktop-bgfjs91:OPCFoundation:CoreSampleServer","DisplayName":"nsu=http://opcfoundation.org/UA/Plc/Applications;s=FastRandomUIntScalar3","Timestamp":"2024-04-27T10:04:08.3854212Z","Value":{"Value":2241114576,"SourceTimestamp":"2024-04-27T10:04:07.626862Z","ServerTimestamp":"2024-04-27T10:04:07.6268625Z"},"SequenceNumber":78,"ExtensionFields":{}}