{"NodeId":"nsu=http://opcfoundation.org/UA/Plc/Applications;s=RandomSignedInt32","EndpointUrl":"opc.tcp://localhost:61457/UA/SampleServer","ApplicationUri":"urn:desktop-bgfjs91:OPCFoundation:CoreSampleServer","DisplayName":"nsu=http://opcfoundation.org/UA/Plc/Applications;s=RandomSignedInt32","Timestamp":"2024-04-27T10:04:09.4386578Z","Value":{"Value":-1163847321,"SourceTimestamp":"2024-04-27T10:04:09.4227678Z","ServerTimestamp":"2024-04-27T10:04:09.4227752Z"},"SequenceNumber":81,"ExtensionFields":{}}