{"MessageId":"839fe82e-2bdf-46c5-b6ac-7823c54c5875","MessageType":"ua-data","PublisherId":"DESKTOP-BGFJS91","DataSetWriterGroup":"<<UnknownWriterGroup>>","Messages":[{"DataSetWriterId":18,"SequenceNumber":1,"MetaDataVersion":{"MajorVersion":1},"Timestamp":"2024-04-27T12:43:34.2432156Z","MessageType":"ua-deltaframe","DataSetWriterName":"Packaging","Payload":{"nsu=http://opcfoundation.org/UA/Plc/Applications;s=SlowRandomUIntScalar1":{"Value":{"Type":7,"Body":965622878},"SourceTimestamp":"2024-04-27T12:43:32.6429632Z","ServerTimestamp":"2024-04-27T12:43:32.6429688Z"}}}]}