{"MessageId":"3c940713-9066-4fbe-a61d-99bf7c549599","MessageType":"ua-data","PublisherId":"DESKTOP-BGFJS91","DataSetWriterGroup":"<<UnknownWriterGroup>>","Messages":[{"DataSetWriterId":18,"SequenceNumber":10,"MetaDataVersion":{"MajorVersion":1},"Timestamp":"2024-04-27T12:45:04.2456574Z","MessageType":"ua-deltaframe","DataSetWriterName":"Packaging","Payload":{"nsu=http://opcfoundation.org/UA/Plc/Applications;s=SlowRandomUIntScalar1":{"Value":{"Type":7,"Body":1905285335},"SourceTimestamp":"2024-04-27T12:45:02.6497314Z","ServerTimestamp":"2024-04-27T12:45:02.6497343Z"}}}]}