{"MessageId":"e692b2c0-8575-4d5a-b5bc-71164f55c246","MessageType":"ua-data","PublisherId":"DESKTOP-BGFJS91","DataSetWriterGroup":"<<UnknownWriterGroup>>","Messages":[{"DataSetWriterId":18,"SequenceNumber":11,"MetaDataVersion":{"MajorVersion":1},"Timestamp":"2024-04-27T12:45:14.244771Z","MessageType":"ua-deltaframe","DataSetWriterName":"Packaging","Payload":{"nsu=http://opcfoundation.org/UA/Plc/Applications;s=SlowRandomUIntScalar1":{"Value":{"Type":7,"Body":3331735576},"SourceTimestamp":"2024-04-27T12:45:12.6431386Z","ServerTimestamp":"2024-04-27T12:45:12.6431401Z"}}}]}