{"MessageId":"cbe1754f-c6b5-4335-bc04-3590acfcd2cf","MessageType":"ua-data","PublisherId":"DESKTOP-BGFJS91","DataSetWriterGroup":"<<UnknownWriterGroup>>","Messages":[{"DataSetWriterId":18,"SequenceNumber":2,"MetaDataVersion":{"MajorVersion":1},"Timestamp":"2024-04-27T12:43:44.2183104Z","MessageType":"ua-deltaframe","DataSetWriterName":"Packaging","Payload":{"nsu=http://opcfoundation.org/UA/Plc/Applications;s=SlowRandomUIntScalar1":{"Value":{"Type":7,"Body":600929176},"SourceTimestamp":"2024-04-27T12:43:42.6534023Z","ServerTimestamp":"2024-04-27T12:43:42.653404Z"}}}]}