{"MessageId":"1db49212-7f75-4a8d-ad0a-68d5a7684a9b","MessageType":"ua-data","PublisherId":"DESKTOP-BGFJS91","DataSetWriterGroup":"<<UnknownWriterGroup>>","Messages":[{"DataSetWriterId":18,"SequenceNumber":5,"MetaDataVersion":{"MajorVersion":1},"Timestamp":"2024-04-27T12:44:14.2240136Z","MessageType":"ua-deltaframe","DataSetWriterName":"Packaging","Payload":{"nsu=http://opcfoundation.org/UA/Plc/Applications;s=SlowRandomUIntScalar1":{"Value":{"Type":7,"Body":105179955},"SourceTimestamp":"2024-04-27T12:44:12.6512791Z","ServerTimestamp":"2024-04-27T12:44:12.6512809Z"}}}]}