{"MessageId":"faf3f423-725b-42e6-9a60-525590ee9e33","MessageType":"ua-data","PublisherId":"DESKTOP-BGFJS91","DataSetWriterGroup":"<<UnknownWriterGroup>>","Messages":[{"DataSetWriterId":18,"SequenceNumber":7,"MetaDataVersion":{"MajorVersion":1},"Timestamp":"2024-04-27T12:44:34.1953961Z","MessageType":"ua-deltaframe","DataSetWriterName":"Packaging","Payload":{"nsu=http://opcfoundation.org/UA/Plc/Applications;s=SlowRandomUIntScalar1":{"Value":{"Type":7,"Body":1811686968},"SourceTimestamp":"2024-04-27T12:44:32.6497076Z","ServerTimestamp":"2024-04-27T12:44:32.6497419Z"}}}]}