{"NodeId":"nsu=http://opcfoundation.org/UA/Plc/Applications;s=BadFastUIntScalar1","EndpointUrl":"opc.tcp://localhost:61457/UA/SampleServer","ApplicationUri":"urn:desktop-bgfjs91:OPCFoundation:CoreSampleServer","DisplayName":"nsu=http://opcfoundation.org/UA/Plc/Applications;s=BadFastUIntScalar1","Timestamp":"2024-04-27T14:06:51.964269Z","Value":{"Value":{"Type":7,"Body":5},"SourceTimestamp":"2024-04-27T14:06:51.2327694Z","ServerTimestamp":"2024-04-27T14:06:51.2327713Z"},"SequenceNumber":102,"ExtensionFields":{}}