{"NodeId":"nsu=http://opcfoundation.org/UA/Plc/Applications;s=Special_\"!§$%&/()=?`´\\+~*'#_-:.;,<>|@^°€µ{[]}","EndpointUrl":"opc.tcp://localhost:61457/UA/SampleServer","ApplicationUri":"urn:desktop-bgfjs91:OPCFoundation:CoreSampleServer","DisplayName":"nsu=http://opcfoundation.org/UA/Plc/Applications;s=Special_\"!§$%&/()=?`´\\+~*'#_-:.;,<>|@^°€µ{[]}","Timestamp":"2024-04-27T14:06:54.0073085Z","Value":{"Value":{"Type":7,"Body":17},"SourceTimestamp":"2024-04-27T14:06:53.2265883Z","ServerTimestamp":"2024-04-27T14:06:53.2265905Z"},"SequenceNumber":116,"ExtensionFields":{}}