{"NodeId":"nsu=http://opcfoundation.org/UA/Plc/Applications;s=BadFastRandomUIntScalar1","EndpointUrl":"opc.tcp://localhost:61457/UA/SampleServer","ApplicationUri":"urn:desktop-bgfjs91:OPCFoundation:CoreSampleServer","DisplayName":"nsu=http://opcfoundation.org/UA/Plc/Applications;s=BadFastRandomUIntScalar1","Timestamp":"2024-04-27T14:06:54.9978508Z","Value":{"Value":{"Type":7,"Body":938171893},"StatusCode":1083179008,"SourceTimestamp":"2024-04-27T14:06:54.2342804Z","ServerTimestamp":"2024-04-27T14:06:54.2342854Z"},"SequenceNumber":123,"ExtensionFields":{}}