{"NodeId":"nsu=http://opcfoundation.org/UA/Plc/Applications;s=BadFastUIntScalar1","EndpointUrl":"opc.tcp://localhost:61457/UA/SampleServer","ApplicationUri":"urn:desktop-bgfjs91:OPCFoundation:CoreSampleServer","DisplayName":"nsu=http://opcfoundation.org/UA/Plc/Applications;s=BadFastUIntScalar1","Timestamp":"2024-04-27T14:06:58.964887Z","Value":{"Value":{"Type":7,"Body":2},"SourceTimestamp":"2024-04-27T14:06:58.2198771Z","ServerTimestamp":"2024-04-27T14:06:58.2198867Z"},"SequenceNumber":149,"ExtensionFields":{}}