{"NodeId":"nsu=http://opcfoundation.org/UA/Plc/Applications;s=Special_\"!§$%&/()=?`´\\+~*'#_-:.;,<>|@^°€µ{[]}","EndpointUrl":"opc.tcp://localhost:61457/UA/SampleServer","ApplicationUri":"urn:desktop-bgfjs91:OPCFoundation:CoreSampleServer","DisplayName":"nsu=http://opcfoundation.org/UA/Plc/Applications;s=Special_\"!§$%&/()=?`´\\+~*'#_-:.;,<>|@^°€µ{[]}","Timestamp":"2024-04-27T14:06:58.964887Z","Value":{"Value":{"Type":7,"Body":22},"SourceTimestamp":"2024-04-27T14:06:58.2199105Z","ServerTimestamp":"2024-04-27T14:06:58.2199119Z"},"SequenceNumber":151,"ExtensionFields":{}}