{"NodeId":"nsu=http://opcfoundation.org/UA/Plc/Applications;s=BadFastUIntScalar1","EndpointUrl":"opc.tcp://localhost:61457/UA/SampleServer","ApplicationUri":"urn:desktop-bgfjs91:OPCFoundation:CoreSampleServer","DisplayName":"nsu=http://opcfoundation.org/UA/Plc/Applications;s=BadFastUIntScalar1","Timestamp":"2024-04-27T14:06:59.9540018Z","Value":{"Value":{"Type":7,"Body":3},"SourceTimestamp":"2024-04-27T14:06:59.2261929Z","ServerTimestamp":"2024-04-27T14:06:59.2261947Z"},"SequenceNumber":153,"ExtensionFields":{}}