{"NodeId":"nsu=http://opcfoundation.org/UA/Plc/Applications;s=Special_\"!§$%&/()=?`´\\+~*'#_-:.;,<>|@^°€µ{[]}","EndpointUrl":"opc.tcp://localhost:61457/UA/SampleServer","ApplicationUri":"urn:desktop-bgfjs91:OPCFoundation:CoreSampleServer","DisplayName":"nsu=http://opcfoundation.org/UA/Plc/Applications;s=Special_\"!§$%&/()=?`´\\+~*'#_-:.;,<>|@^°€µ{[]}","Timestamp":"2024-04-27T14:06:59.9540018Z","Value":{"Value":{"Type":7,"Body":23},"SourceTimestamp":"2024-04-27T14:06:59.2262305Z","ServerTimestamp":"2024-04-27T14:06:59.2262311Z"},"SequenceNumber":155,"ExtensionFields":{}}