{"NodeId":"nsu=http://opcfoundation.org/UA/Plc/Applications;s=Special_\"!§$%&/()=?`´\\+~*'#_-:.;,<>|@^°€µ{[]}","EndpointUrl":"opc.tcp://localhost:61457/UA/SampleServer","ApplicationUri":"urn:desktop-bgfjs91:OPCFoundation:CoreSampleServer","DisplayName":"nsu=http://opcfoundation.org/UA/Plc/Applications;s=Special_\"!§$%&/()=?`´\\+~*'#_-:.;,<>|@^°€µ{[]}","Timestamp":"2024-04-27T14:07:02.00978Z","Value":{"Value":{"Type":7,"Body":25},"SourceTimestamp":"2024-04-27T14:07:01.2262352Z","ServerTimestamp":"2024-04-27T14:07:01.2262374Z"},"SequenceNumber":171,"ExtensionFields":{}}