{"NodeId":"nsu=http://opcfoundation.org/UA/Plc/Applications;s=BadFastRandomUIntScalar1","EndpointUrl":"opc.tcp://localhost:61457/UA/SampleServer","ApplicationUri":"urn:desktop-bgfjs91:OPCFoundation:CoreSampleServer","DisplayName":"nsu=http://opcfoundation.org/UA/Plc/Applications;s=BadFastRandomUIntScalar1","Timestamp":"2024-04-27T14:07:02.9944555Z","Value":{"Value":{"Type":7,"Body":2533575268},"SourceTimestamp":"2024-04-27T14:07:02.2207539Z","ServerTimestamp":"2024-04-27T14:07:02.2207552Z"},"SequenceNumber":178,"ExtensionFields":{}}