{"NodeId":"nsu=http://opcfoundation.org/UA/Plc/Applications;s=Special_\"!§$%&/()=?`´\\+~*'#_-:.;,<>|@^°€µ{[]}","EndpointUrl":"opc.tcp://localhost:61457/UA/SampleServer","ApplicationUri":"urn:desktop-bgfjs91:OPCFoundation:CoreSampleServer","DisplayName":"nsu=http://opcfoundation.org/UA/Plc/Applications;s=Special_\"!§$%&/()=?`´\\+~*'#_-:.;,<>|@^°€µ{[]}","Timestamp":"2024-04-27T14:07:04.9974889Z","Value":{"Value":{"Type":7,"Body":28},"SourceTimestamp":"2024-04-27T14:07:04.230145Z","ServerTimestamp":"2024-04-27T14:07:04.2301481Z"},"SequenceNumber":195,"ExtensionFields":{}}