{"NodeId":"nsu=http://opcfoundation.org/UA/Plc/Applications;s=BadFastUIntScalar1","EndpointUrl":"opc.tcp://localhost:61457/UA/SampleServer","ApplicationUri":"urn:desktop-bgfjs91:OPCFoundation:CoreSampleServer","DisplayName":"nsu=http://opcfoundation.org/UA/Plc/Applications;s=BadFastUIntScalar1","Timestamp":"2024-04-27T14:07:05.986785Z","Value":{"StatusCode":2157772800,"SourceTimestamp":"2024-04-27T14:07:05.2265446Z","ServerTimestamp":"2024-04-27T14:07:05.2265447Z"},"SequenceNumber":201,"ExtensionFields":{}}