{"NodeId":"nsu=http://opcfoundation.org/UA/Plc/Applications;s=Special_\"!§$%&/()=?`´\\+~*'#_-:.;,<>|@^°€µ{[]}","EndpointUrl":"opc.tcp://localhost:61457/UA/SampleServer","ApplicationUri":"urn:desktop-bgfjs91:OPCFoundation:CoreSampleServer","DisplayName":"nsu=http://opcfoundation.org/UA/Plc/Applications;s=Special_\"!§$%&/()=?`´\\+~*'#_-:.;,<>|@^°€µ{[]}","Timestamp":"2024-04-27T14:07:09.9996951Z","Value":{"Value":{"Type":7,"Body":33},"SourceTimestamp":"2024-04-27T14:07:09.2252139Z","ServerTimestamp":"2024-04-27T14:07:09.2252148Z"},"SequenceNumber":227,"ExtensionFields":{}}