{"NodeId":"nsu=http://opcfoundation.org/UA/Plc/Applications;s=BadFastRandomUIntScalar1","EndpointUrl":"opc.tcp://localhost:61457/UA/SampleServer","ApplicationUri":"urn:desktop-bgfjs91:OPCFoundation:CoreSampleServer","DisplayName":"nsu=http://opcfoundation.org/UA/Plc/Applications;s=BadFastRandomUIntScalar1","Timestamp":"2024-04-27T14:07:12.9827661Z","Value":{"Value":{"Type":7,"Body":440590494},"SourceTimestamp":"2024-04-27T14:07:12.231694Z","ServerTimestamp":"2024-04-27T14:07:12.2317284Z"},"SequenceNumber":250,"ExtensionFields":{}}