{"NodeId":"nsu=http://opcfoundation.org/UA/Plc/Applications;s=BadFastRandomUIntScalar1","EndpointUrl":"opc.tcp://localhost:61457/UA/SampleServer","ApplicationUri":"urn:desktop-bgfjs91:OPCFoundation:CoreSampleServer","DisplayName":"nsu=http://opcfoundation.org/UA/Plc/Applications;s=BadFastRandomUIntScalar1","Timestamp":"2024-04-27T14:07:14.9634306Z","Value":{"Value":{"Type":7,"Body":3960562567},"StatusCode":1083179008,"SourceTimestamp":"2024-04-27T14:07:14.2286157Z","ServerTimestamp":"2024-04-27T14:07:14.2286221Z"},"SequenceNumber":262,"ExtensionFields":{}}