{"NodeId":"nsu=http://opcfoundation.org/UA/Plc/Applications;s=Special_\"!§$%&/()=?`´\\+~*'#_-:.;,<>|@^°€µ{[]}","EndpointUrl":"opc.tcp://localhost:61457/UA/SampleServer","ApplicationUri":"urn:desktop-bgfjs91:OPCFoundation:CoreSampleServer","DisplayName":"nsu=http://opcfoundation.org/UA/Plc/Applications;s=Special_\"!§$%&/()=?`´\\+~*'#_-:.;,<>|@^°€µ{[]}","Timestamp":"2024-04-27T14:07:14.9634306Z","Value":{"Value":{"Type":7,"Body":38},"SourceTimestamp":"2024-04-27T14:07:14.228651Z","ServerTimestamp":"2024-04-27T14:07:14.2286521Z"},"SequenceNumber":263,"ExtensionFields":{}}