{"NodeId":"nsu=http://opcfoundation.org/UA/Plc/Applications;s=Special_\"!§$%&/()=?`´\\+~*'#_-:.;,<>|@^°€µ{[]}","EndpointUrl":"opc.tcp://localhost:61457/UA/SampleServer","ApplicationUri":"urn:desktop-bgfjs91:OPCFoundation:CoreSampleServer","DisplayName":"nsu=http://opcfoundation.org/UA/Plc/Applications;s=Special_\"!§$%&/()=?`´\\+~*'#_-:.;,<>|@^°€µ{[]}","Timestamp":"2024-04-27T14:06:40.9997802Z","Value":{"Value":{"Type":7,"Body":4},"SourceTimestamp":"2024-04-27T14:06:40.2249075Z","ServerTimestamp":"2024-04-27T14:06:40.2249094Z"},"SequenceNumber":28,"ExtensionFields":{}}