{"NodeId":"nsu=http://opcfoundation.org/UA/Plc/Applications;s=BadFastRandomUIntScalar1","EndpointUrl":"opc.tcp://localhost:61457/UA/SampleServer","ApplicationUri":"urn:desktop-bgfjs91:OPCFoundation:CoreSampleServer","DisplayName":"nsu=http://opcfoundation.org/UA/Plc/Applications;s=BadFastRandomUIntScalar1","Timestamp":"2024-04-27T14:07:17.9907726Z","Value":{"Value":{"Type":7,"Body":4115389771},"SourceTimestamp":"2024-04-27T14:07:17.226488Z","ServerTimestamp":"2024-04-27T14:07:17.2265054Z"},"SequenceNumber":282,"ExtensionFields":{}}