{"NodeId":"nsu=http://opcfoundation.org/UA/Plc/Applications;s=BadFastUIntScalar1","EndpointUrl":"opc.tcp://localhost:61457/UA/SampleServer","ApplicationUri":"urn:desktop-bgfjs91:OPCFoundation:CoreSampleServer","DisplayName":"nsu=http://opcfoundation.org/UA/Plc/Applications;s=BadFastUIntScalar1","Timestamp":"2024-04-27T14:07:19.9648774Z","Value":{"Value":{"Type":7,"Body":3},"SourceTimestamp":"2024-04-27T14:07:19.2324385Z","ServerTimestamp":"2024-04-27T14:07:19.2324418Z"},"SequenceNumber":293,"ExtensionFields":{}}