{"NodeId":"nsu=http://opcfoundation.org/UA/Plc/Applications;s=BadFastRandomUIntScalar1","EndpointUrl":"opc.tcp://localhost:61457/UA/SampleServer","ApplicationUri":"urn:desktop-bgfjs91:OPCFoundation:CoreSampleServer","DisplayName":"nsu=http://opcfoundation.org/UA/Plc/Applications;s=BadFastRandomUIntScalar1","Timestamp":"2024-04-27T14:07:20.9540894Z","Value":{"Value":{"Type":7,"Body":452171995},"StatusCode":1083179008,"SourceTimestamp":"2024-04-27T14:07:20.2279934Z","ServerTimestamp":"2024-04-27T14:07:20.2279963Z"},"SequenceNumber":298,"ExtensionFields":{}}