{"NodeId":"nsu=http://opcfoundation.org/UA/Plc/Applications;s=BadFastUIntScalar1","EndpointUrl":"opc.tcp://localhost:61457/UA/SampleServer","ApplicationUri":"urn:desktop-bgfjs91:OPCFoundation:CoreSampleServer","DisplayName":"nsu=http://opcfoundation.org/UA/Plc/Applications;s=BadFastUIntScalar1","Timestamp":"2024-04-27T14:07:22.003699Z","Value":{"Value":{"Type":7,"Body":5},"SourceTimestamp":"2024-04-27T14:07:21.2274291Z","ServerTimestamp":"2024-04-27T14:07:21.2274325Z"},"SequenceNumber":305,"ExtensionFields":{}}