{"NodeId":"nsu=http://opcfoundation.org/UA/Plc/Applications;s=BadFastRandomUIntScalar1","EndpointUrl":"opc.tcp://localhost:61457/UA/SampleServer","ApplicationUri":"urn:desktop-bgfjs91:OPCFoundation:CoreSampleServer","DisplayName":"nsu=http://opcfoundation.org/UA/Plc/Applications;s=BadFastRandomUIntScalar1","Timestamp":"2024-04-27T14:07:22.003699Z","Value":{"Value":{"Type":7,"Body":702005680},"SourceTimestamp":"2024-04-27T14:07:21.2274581Z","ServerTimestamp":"2024-04-27T14:07:21.2274734Z"},"SequenceNumber":306,"ExtensionFields":{}}