{"NodeId":"nsu=http://opcfoundation.org/UA/Plc/Applications;s=BadFastUIntScalar1","EndpointUrl":"opc.tcp://localhost:61457/UA/SampleServer","ApplicationUri":"urn:desktop-bgfjs91:OPCFoundation:CoreSampleServer","DisplayName":"nsu=http://opcfoundation.org/UA/Plc/Applications;s=BadFastUIntScalar1","Timestamp":"2024-04-27T14:07:22.9959239Z","Value":{"Value":{"Type":7,"Body":6},"SourceTimestamp":"2024-04-27T14:07:22.2327121Z","ServerTimestamp":"2024-04-27T14:07:22.2327145Z"},"SequenceNumber":312,"ExtensionFields":{}}