{"NodeId":"nsu=http://opcfoundation.org/UA/Plc/Applications;s=BadFastUIntScalar1","EndpointUrl":"opc.tcp://localhost:61457/UA/SampleServer","ApplicationUri":"urn:desktop-bgfjs91:OPCFoundation:CoreSampleServer","DisplayName":"nsu=http://opcfoundation.org/UA/Plc/Applications;s=BadFastUIntScalar1","Timestamp":"2024-04-27T14:07:23.9860111Z","Value":{"Value":{"Type":7,"Body":7},"SourceTimestamp":"2024-04-27T14:07:23.2255518Z","ServerTimestamp":"2024-04-27T14:07:23.2255533Z"},"SequenceNumber":320,"ExtensionFields":{}}