{"NodeId":"nsu=http://opcfoundation.org/UA/Plc/Applications;s=Special_\"!§$%&/()=?`´\\+~*'#_-:.;,<>|@^°€µ{[]}","EndpointUrl":"opc.tcp://localhost:61457/UA/SampleServer","ApplicationUri":"urn:desktop-bgfjs91:OPCFoundation:CoreSampleServer","DisplayName":"nsu=http://opcfoundation.org/UA/Plc/Applications;s=Special_\"!§$%&/()=?`´\\+~*'#_-:.;,<>|@^°€µ{[]}","Timestamp":"2024-04-27T14:07:23.9860111Z","Value":{"Value":{"Type":7,"Body":47},"SourceTimestamp":"2024-04-27T14:07:23.2255754Z","ServerTimestamp":"2024-04-27T14:07:23.225576Z"},"SequenceNumber":322,"ExtensionFields":{}}