{"NodeId":"nsu=http://opcfoundation.org/UA/Plc/Applications;s=BadFastRandomUIntScalar1","EndpointUrl":"opc.tcp://localhost:61457/UA/SampleServer","ApplicationUri":"urn:desktop-bgfjs91:OPCFoundation:CoreSampleServer","DisplayName":"nsu=http://opcfoundation.org/UA/Plc/Applications;s=BadFastRandomUIntScalar1","Timestamp":"2024-04-27T14:07:25.9667962Z","Value":{"StatusCode":2157772800,"SourceTimestamp":"2024-04-27T14:07:25.2202602Z","ServerTimestamp":"2024-04-27T14:07:25.2202602Z"},"SequenceNumber":333,"ExtensionFields":{}}