{"NodeId":"nsu=http://opcfoundation.org/UA/Plc/Applications;s=BadFastUIntScalar1","EndpointUrl":"opc.tcp://localhost:61457/UA/SampleServer","ApplicationUri":"urn:desktop-bgfjs91:OPCFoundation:CoreSampleServer","DisplayName":"nsu=http://opcfoundation.org/UA/Plc/Applications;s=BadFastUIntScalar1","Timestamp":"2024-04-27T14:07:28.0038156Z","Value":{"Value":{"Type":7,"Body":1},"SourceTimestamp":"2024-04-27T14:07:27.2288851Z","ServerTimestamp":"2024-04-27T14:07:27.2288878Z"},"SequenceNumber":344,"ExtensionFields":{}}