{"NodeId":"nsu=http://opcfoundation.org/UA/Plc/Applications;s=BadFastRandomUIntScalar1","EndpointUrl":"opc.tcp://localhost:61457/UA/SampleServer","ApplicationUri":"urn:desktop-bgfjs91:OPCFoundation:CoreSampleServer","DisplayName":"nsu=http://opcfoundation.org/UA/Plc/Applications;s=BadFastRandomUIntScalar1","Timestamp":"2024-04-27T14:07:28.0038156Z","Value":{"Value":{"Type":7,"Body":3449273187},"SourceTimestamp":"2024-04-27T14:07:27.2288852Z","ServerTimestamp":"2024-04-27T14:07:27.2289424Z"},"SequenceNumber":345,"ExtensionFields":{}}