{"NodeId":"nsu=http://opcfoundation.org/UA/Plc/Applications;s=BadFastUIntScalar1","EndpointUrl":"opc.tcp://localhost:61457/UA/SampleServer","ApplicationUri":"urn:desktop-bgfjs91:OPCFoundation:CoreSampleServer","DisplayName":"nsu=http://opcfoundation.org/UA/Plc/Applications;s=BadFastUIntScalar1","Timestamp":"2024-04-27T14:07:28.9985442Z","Value":{"Value":{"Type":7,"Body":2},"SourceTimestamp":"2024-04-27T14:07:28.2329622Z","ServerTimestamp":"2024-04-27T14:07:28.2329637Z"},"SequenceNumber":352,"ExtensionFields":{}}