{"NodeId":"nsu=http://opcfoundation.org/UA/Plc/Applications;s=BadFastRandomUIntScalar1","EndpointUrl":"opc.tcp://localhost:61457/UA/SampleServer","ApplicationUri":"urn:desktop-bgfjs91:OPCFoundation:CoreSampleServer","DisplayName":"nsu=http://opcfoundation.org/UA/Plc/Applications;s=BadFastRandomUIntScalar1","Timestamp":"2024-04-27T14:07:30.9905913Z","Value":{"Value":{"Type":7,"Body":1904015911},"StatusCode":1083179008,"SourceTimestamp":"2024-04-27T14:07:30.2241829Z","ServerTimestamp":"2024-04-27T14:07:30.2241915Z"},"SequenceNumber":369,"ExtensionFields":{}}