{"NodeId":"nsu=http://opcfoundation.org/UA/Plc/Applications;s=Special_\"!§$%&/()=?`´\\+~*'#_-:.;,<>|@^°€µ{[]}","EndpointUrl":"opc.tcp://localhost:61457/UA/SampleServer","ApplicationUri":"urn:desktop-bgfjs91:OPCFoundation:CoreSampleServer","DisplayName":"nsu=http://opcfoundation.org/UA/Plc/Applications;s=Special_\"!§$%&/()=?`´\\+~*'#_-:.;,<>|@^°€µ{[]}","Timestamp":"2024-04-27T14:07:33.9545036Z","Value":{"Value":{"Type":7,"Body":57},"SourceTimestamp":"2024-04-27T14:07:33.2304915Z","ServerTimestamp":"2024-04-27T14:07:33.230492Z"},"SequenceNumber":386,"ExtensionFields":{}}