{"NodeId":"nsu=http://opcfoundation.org/UA/Plc/Applications;s=BadFastRandomUIntScalar1","EndpointUrl":"opc.tcp://localhost:61457/UA/SampleServer","ApplicationUri":"urn:desktop-bgfjs91:OPCFoundation:CoreSampleServer","DisplayName":"nsu=http://opcfoundation.org/UA/Plc/Applications;s=BadFastRandomUIntScalar1","Timestamp":"2024-04-27T14:07:34.9522936Z","Value":{"Value":{"Type":7,"Body":4160871244},"StatusCode":1083179008,"SourceTimestamp":"2024-04-27T14:07:34.2328751Z","ServerTimestamp":"2024-04-27T14:07:34.2328772Z"},"SequenceNumber":393,"ExtensionFields":{}}