{"NodeId":"nsu=http://opcfoundation.org/UA/Plc/Applications;s=BadFastRandomUIntScalar1","EndpointUrl":"opc.tcp://localhost:61457/UA/SampleServer","ApplicationUri":"urn:desktop-bgfjs91:OPCFoundation:CoreSampleServer","DisplayName":"nsu=http://opcfoundation.org/UA/Plc/Applications;s=BadFastRandomUIntScalar1","Timestamp":"2024-04-27T14:07:36.002732Z","Value":{"StatusCode":2157772800,"SourceTimestamp":"2024-04-27T14:07:35.2246317Z","ServerTimestamp":"2024-04-27T14:07:35.2246317Z"},"SequenceNumber":401,"ExtensionFields":{}}