{"NodeId":"nsu=http://opcfoundation.org/UA/Plc/Applications;s=Special_\"!§$%&/()=?`´\\+~*'#_-:.;,<>|@^°€µ{[]}","EndpointUrl":"opc.tcp://localhost:61457/UA/SampleServer","ApplicationUri":"urn:desktop-bgfjs91:OPCFoundation:CoreSampleServer","DisplayName":"nsu=http://opcfoundation.org/UA/Plc/Applications;s=Special_\"!§$%&/()=?`´\\+~*'#_-:.;,<>|@^°€µ{[]}","Timestamp":"2024-04-27T14:07:36.002732Z","Value":{"Value":{"Type":7,"Body":59},"SourceTimestamp":"2024-04-27T14:07:35.2246264Z","ServerTimestamp":"2024-04-27T14:07:35.2246271Z"},"SequenceNumber":402,"ExtensionFields":{}}