{"NodeId":"nsu=http://opcfoundation.org/UA/Plc/Applications;s=BadFastUIntScalar1","EndpointUrl":"opc.tcp://localhost:61457/UA/SampleServer","ApplicationUri":"urn:desktop-bgfjs91:OPCFoundation:CoreSampleServer","DisplayName":"nsu=http://opcfoundation.org/UA/Plc/Applications;s=BadFastUIntScalar1","Timestamp":"2024-04-27T14:07:37.985728Z","Value":{"Value":{"Type":7,"Body":1},"SourceTimestamp":"2024-04-27T14:07:37.2234094Z","ServerTimestamp":"2024-04-27T14:07:37.223414Z"},"SequenceNumber":415,"ExtensionFields":{}}