{"NodeId":"nsu=http://opcfoundation.org/UA/Plc/Applications;s=BadFastRandomUIntScalar1","EndpointUrl":"opc.tcp://localhost:61457/UA/SampleServer","ApplicationUri":"urn:desktop-bgfjs91:OPCFoundation:CoreSampleServer","DisplayName":"nsu=http://opcfoundation.org/UA/Plc/Applications;s=BadFastRandomUIntScalar1","Timestamp":"2024-04-27T14:07:37.985728Z","Value":{"Value":{"Type":7,"Body":2805229498},"SourceTimestamp":"2024-04-27T14:07:37.2234043Z","ServerTimestamp":"2024-04-27T14:07:37.2234062Z"},"SequenceNumber":416,"ExtensionFields":{}}