{"NodeId":"nsu=http://opcfoundation.org/UA/Plc/Applications;s=BadFastUIntScalar1","EndpointUrl":"opc.tcp://localhost:61457/UA/SampleServer","ApplicationUri":"urn:desktop-bgfjs91:OPCFoundation:CoreSampleServer","DisplayName":"nsu=http://opcfoundation.org/UA/Plc/Applications;s=BadFastUIntScalar1","Timestamp":"2024-04-27T14:06:42.983852Z","Value":{"Value":{"Type":7,"Body":6},"SourceTimestamp":"2024-04-27T14:06:42.2225954Z","ServerTimestamp":"2024-04-27T14:06:42.2225977Z"},"SequenceNumber":42,"ExtensionFields":{}}