{"NodeId":"nsu=http://opcfoundation.org/UA/Plc/Applications;s=Special_\"!§$%&/()=?`´\\+~*'#_-:.;,<>|@^°€µ{[]}","EndpointUrl":"opc.tcp://localhost:61457/UA/SampleServer","ApplicationUri":"urn:desktop-bgfjs91:OPCFoundation:CoreSampleServer","DisplayName":"nsu=http://opcfoundation.org/UA/Plc/Applications;s=Special_\"!§$%&/()=?`´\\+~*'#_-:.;,<>|@^°€µ{[]}","Timestamp":"2024-04-27T14:07:38.97877Z","Value":{"Value":{"Type":7,"Body":62},"SourceTimestamp":"2024-04-27T14:07:38.230973Z","ServerTimestamp":"2024-04-27T14:07:38.2309737Z"},"SequenceNumber":424,"ExtensionFields":{}}