{"NodeId":"nsu=http://opcfoundation.org/UA/Plc/Applications;s=BadFastRandomUIntScalar1","EndpointUrl":"opc.tcp://localhost:61457/UA/SampleServer","ApplicationUri":"urn:desktop-bgfjs91:OPCFoundation:CoreSampleServer","DisplayName":"nsu=http://opcfoundation.org/UA/Plc/Applications;s=BadFastRandomUIntScalar1","Timestamp":"2024-04-27T14:07:40.9631003Z","Value":{"Value":{"Type":7,"Body":2036735312},"StatusCode":1083179008,"SourceTimestamp":"2024-04-27T14:07:40.2337979Z","ServerTimestamp":"2024-04-27T14:07:40.2338009Z"},"SequenceNumber":435,"ExtensionFields":{}}