{"NodeId":"nsu=http://opcfoundation.org/UA/Plc/Applications;s=BadFastRandomUIntScalar1","EndpointUrl":"opc.tcp://localhost:61457/UA/SampleServer","ApplicationUri":"urn:desktop-bgfjs91:OPCFoundation:CoreSampleServer","DisplayName":"nsu=http://opcfoundation.org/UA/Plc/Applications;s=BadFastRandomUIntScalar1","Timestamp":"2024-04-27T14:07:43.9945422Z","Value":{"Value":{"Type":7,"Body":2110029632},"SourceTimestamp":"2024-04-27T14:07:43.2305873Z","ServerTimestamp":"2024-04-27T14:07:43.2305901Z"},"SequenceNumber":455,"ExtensionFields":{}}