{"NodeId":"nsu=http://opcfoundation.org/UA/Plc/Applications;s=Special_\"!§$%&/()=?`´\\+~*'#_-:.;,<>|@^°€µ{[]}","EndpointUrl":"opc.tcp://localhost:61457/UA/SampleServer","ApplicationUri":"urn:desktop-bgfjs91:OPCFoundation:CoreSampleServer","DisplayName":"nsu=http://opcfoundation.org/UA/Plc/Applications;s=Special_\"!§$%&/()=?`´\\+~*'#_-:.;,<>|@^°€µ{[]}","Timestamp":"2024-04-27T14:07:43.9945422Z","Value":{"Value":{"Type":7,"Body":67},"SourceTimestamp":"2024-04-27T14:07:43.2306194Z","ServerTimestamp":"2024-04-27T14:07:43.2306308Z"},"SequenceNumber":456,"ExtensionFields":{}}