{"NodeId":"nsu=http://opcfoundation.org/UA/Plc/Applications;s=Special_\"!§$%&/()=?`´\\+~*'#_-:.;,<>|@^°€µ{[]}","EndpointUrl":"opc.tcp://localhost:61457/UA/SampleServer","ApplicationUri":"urn:desktop-bgfjs91:OPCFoundation:CoreSampleServer","DisplayName":"nsu=http://opcfoundation.org/UA/Plc/Applications;s=Special_\"!§$%&/()=?`´\\+~*'#_-:.;,<>|@^°€µ{[]}","Timestamp":"2024-04-27T14:07:46.9718799Z","Value":{"Value":{"Type":7,"Body":70},"SourceTimestamp":"2024-04-27T14:07:46.2334311Z","ServerTimestamp":"2024-04-27T14:07:46.2334499Z"},"SequenceNumber":477,"ExtensionFields":{}}