{"NodeId":"nsu=http://opcfoundation.org/UA/Plc/Applications;s=BadFastRandomUIntScalar1","EndpointUrl":"opc.tcp://localhost:61457/UA/SampleServer","ApplicationUri":"urn:desktop-bgfjs91:OPCFoundation:CoreSampleServer","DisplayName":"nsu=http://opcfoundation.org/UA/Plc/Applications;s=BadFastRandomUIntScalar1","Timestamp":"2024-04-27T14:07:47.9619542Z","Value":{"Value":{"Type":7,"Body":539419233},"SourceTimestamp":"2024-04-27T14:07:47.2318844Z","ServerTimestamp":"2024-04-27T14:07:47.2318882Z"},"SequenceNumber":483,"ExtensionFields":{}}