{"NodeId":"nsu=http://opcfoundation.org/UA/Plc/Applications;s=Special_\"!§$%&/()=?`´\\+~*'#_-:.;,<>|@^°€µ{[]}","EndpointUrl":"opc.tcp://localhost:61457/UA/SampleServer","ApplicationUri":"urn:desktop-bgfjs91:OPCFoundation:CoreSampleServer","DisplayName":"nsu=http://opcfoundation.org/UA/Plc/Applications;s=Special_\"!§$%&/()=?`´\\+~*'#_-:.;,<>|@^°€µ{[]}","Timestamp":"2024-04-27T14:07:49.9500425Z","Value":{"Value":{"Type":7,"Body":73},"SourceTimestamp":"2024-04-27T14:07:49.2203059Z","ServerTimestamp":"2024-04-27T14:07:49.2203072Z"},"SequenceNumber":496,"ExtensionFields":{}}