{"NodeId":"nsu=http://opcfoundation.org/UA/Plc/Applications;s=BadFastRandomUIntScalar1","EndpointUrl":"opc.tcp://localhost:61457/UA/SampleServer","ApplicationUri":"urn:desktop-bgfjs91:OPCFoundation:CoreSampleServer","DisplayName":"nsu=http://opcfoundation.org/UA/Plc/Applications;s=BadFastRandomUIntScalar1","Timestamp":"2024-04-27T14:06:44.9662218Z","Value":{"Value":{"Type":7,"Body":1924916824},"StatusCode":1083179008,"SourceTimestamp":"2024-04-27T14:06:44.2209122Z","ServerTimestamp":"2024-04-27T14:06:44.2209148Z"},"SequenceNumber":55,"ExtensionFields":{}}