{"NodeId":"nsu=http://opcfoundation.org/UA/Plc/Applications;s=Special_\"!§$%&/()=?`´\\+~*'#_-:.;,<>|@^°€µ{[]}","EndpointUrl":"opc.tcp://localhost:61457/UA/SampleServer","ApplicationUri":"urn:desktop-bgfjs91:OPCFoundation:CoreSampleServer","DisplayName":"nsu=http://opcfoundation.org/UA/Plc/Applications;s=Special_\"!§$%&/()=?`´\\+~*'#_-:.;,<>|@^°€µ{[]}","Timestamp":"2024-04-27T14:06:45.9549821Z","Value":{"Value":{"Type":7,"Body":9},"SourceTimestamp":"2024-04-27T14:06:45.2283442Z","ServerTimestamp":"2024-04-27T14:06:45.228345Z"},"SequenceNumber":60,"ExtensionFields":{}}