{"NodeId":"nsu=http://opcfoundation.org/UA/Plc/Applications;s=BadFastRandomUIntScalar1","EndpointUrl":"opc.tcp://localhost:61457/UA/SampleServer","ApplicationUri":"urn:desktop-bgfjs91:OPCFoundation:CoreSampleServer","DisplayName":"nsu=http://opcfoundation.org/UA/Plc/Applications;s=BadFastRandomUIntScalar1","Timestamp":"2024-04-27T14:06:47.0105745Z","Value":{"StatusCode":2150694912,"SourceTimestamp":"2024-04-27T14:06:46.2302503Z","ServerTimestamp":"2024-04-27T14:06:46.2302504Z"},"SequenceNumber":67,"ExtensionFields":{}}