{"NodeId":"nsu=http://opcfoundation.org/UA/Plc/Applications;s=Special_\"!§$%&/()=?`´\\+~*'#_-:.;,<>|@^°€µ{[]}","EndpointUrl":"opc.tcp://localhost:61457/UA/SampleServer","ApplicationUri":"urn:desktop-bgfjs91:OPCFoundation:CoreSampleServer","DisplayName":"nsu=http://opcfoundation.org/UA/Plc/Applications;s=Special_\"!§$%&/()=?`´\\+~*'#_-:.;,<>|@^°€µ{[]}","Timestamp":"2024-04-27T14:06:37.9761965Z","Value":{"Value":{"Type":7,"Body":1},"SourceTimestamp":"2024-04-27T14:06:37.2250393Z","ServerTimestamp":"2024-04-27T14:06:37.2250404Z"},"SequenceNumber":9,"ExtensionFields":{}}