{"NodeId":"nsu=http://opcfoundation.org/UA/Plc/Applications;s=BadFastUIntScalar1","EndpointUrl":"opc.tcp://localhost:61457/UA/SampleServer","ApplicationUri":"urn:desktop-bgfjs91:OPCFoundation:CoreSampleServer","DisplayName":"nsu=http://opcfoundation.org/UA/Plc/Applications;s=BadFastUIntScalar1","Timestamp":"2024-04-27T14:06:49.9854751Z","Value":{"Value":{"Type":7,"Body":3},"SourceTimestamp":"2024-04-27T14:06:49.2205595Z","ServerTimestamp":"2024-04-27T14:06:49.2205613Z"},"SequenceNumber":90,"ExtensionFields":{}}