{"MessageId":"c3821d08-afd0-47ee-bc3f-813d218b1187","MessageType":"ua-data","PublisherId":"DESKTOP-BGFJS91","DataSetWriterGroup":"<<UnknownWriterGroup>>","Messages":[{"DataSetWriterId":5,"SequenceNumber":12,"MetaDataVersion":{"MajorVersion":1},"Timestamp":"2024-04-27T12:43:37.8392576Z","MessageType":"ua-deltaframe","DataSetWriterName":"MES","Payload":{"nsu=http://opcfoundation.org/UA/Plc/Applications;s=DipData":{"Value":{"Type":11,"Body":6.4324905987065468E-14},"SourceTimestamp":"2024-04-27T12:43:37.747295Z","ServerTimestamp":"2024-04-27T12:43:37.7472994Z"}}}]}