{"MessageId":"0930e665-e835-417f-a393-4914f2c81b55","MessageType":"ua-data","PublisherId":"DESKTOP-BGFJS91","DataSetWriterGroup":"<<UnknownWriterGroup>>","Messages":[{"DataSetWriterId":5,"SequenceNumber":16,"MetaDataVersion":{"MajorVersion":1},"Timestamp":"2024-04-27T12:43:41.8032785Z","MessageType":"ua-deltaframe","DataSetWriterName":"MES","Payload":{"nsu=http://opcfoundation.org/UA/Plc/Applications;s=DipData":{"Value":{"Type":11,"Body":95.10565162951535},"SourceTimestamp":"2024-04-27T12:43:41.7399016Z","ServerTimestamp":"2024-04-27T12:43:41.739905Z"}}}]}