{"MessageId":"4a6863ec-1765-4744-a9d6-5ae685facfd8","MessageType":"ua-data","PublisherId":"DESKTOP-BGFJS91","DataSetWriterGroup":"<<UnknownWriterGroup>>","Messages":[{"DataSetWriterId":5,"SequenceNumber":30,"MetaDataVersion":{"MajorVersion":1},"Timestamp":"2024-04-27T12:43:58.794885Z","MessageType":"ua-deltaframe","DataSetWriterName":"MES","Payload":{"nsu=http://opcfoundation.org/UA/Plc/Applications;s=DipData":{"Value":{"Type":11,"Body":-95.105651629515364},"SourceTimestamp":"2024-04-27T12:43:58.7484234Z","ServerTimestamp":"2024-04-27T12:43:58.7484243Z"}}}]}