[{"nsu=http://opcfoundation.org/UA/Plc/Applications;s=StepUp":{"Value":1115,"SourceTimestamp":"2024-04-26T12:23:15.596018Z","ServerTimestamp":"2024-04-26T12:23:15.5960221Z"},"nsu=http://opcfoundation.org/UA/Plc/Applications;s=RandomSignedInt32":{"Value":-1449434796,"SourceTimestamp":"2024-04-26T12:23:15.5019967Z","ServerTimestamp":"2024-04-26T12:23:15.5019975Z"},"nsu=http://opcfoundation.org/UA/Plc/Applications;s=RandomUnsignedInt32":{"Value":20659907,"SourceTimestamp":"2024-04-26T12:23:15.5020017Z","ServerTimestamp":"2024-04-26T12:23:15.5020095Z"},"nsu=http://opcfoundation.org/UA/Plc/Applications;s=DipData":{"Value":-99.80267284282715,"SourceTimestamp":"2024-04-26T12:23:15.4082443Z","ServerTimestamp":"2024-04-26T12:23:15.4082451Z"},"nsu=http://opcfoundation.org/UA/Plc/Applications;s=FastUIntScalar1":{"Value":111,"SourceTimestamp":"2024-04-26T12:23:15.0952216Z","ServerTimestamp":"2024-04-26T12:23:15.0952239Z"}}]