[{"nsu=http://opcfoundation.org/UA/Plc/Applications;s=StepUp":{"Value":1164,"SourceTimestamp":"2024-04-26T12:23:20.4945834Z","ServerTimestamp":"2024-04-26T12:23:20.4945953Z"},"nsu=http://opcfoundation.org/UA/Plc/Applications;s=RandomSignedInt32":{"Value":955453461,"SourceTimestamp":"2024-04-26T12:23:20.4945938Z","ServerTimestamp":"2024-04-26T12:23:20.4945998Z"},"nsu=http://opcfoundation.org/UA/Plc/Applications;s=RandomUnsignedInt32":{"Value":1478634120,"SourceTimestamp":"2024-04-26T12:23:20.4946062Z","ServerTimestamp":"2024-04-26T12:23:20.4946102Z"},"nsu=http://opcfoundation.org/UA/Plc/Applications;s=DipData":{"Value":-99.80267284282715,"SourceTimestamp":"2024-04-26T12:23:20.4083573Z","ServerTimestamp":"2024-04-26T12:23:20.4083579Z"},"nsu=http://opcfoundation.org/UA/Plc/Applications;s=FastUIntScalar1":{"Value":116,"SourceTimestamp":"2024-04-26T12:23:20.093304Z","ServerTimestamp":"2024-04-26T12:23:20.0933062Z"}}]