[{"nsu=http://opcfoundation.org/UA/Plc/Applications;s=StepUp":{"Value":1184,"SourceTimestamp":"2024-04-26T12:23:22.5075004Z","ServerTimestamp":"2024-04-26T12:23:22.5075035Z"},"nsu=http://opcfoundation.org/UA/Plc/Applications;s=RandomSignedInt32":{"Value":1202543717,"SourceTimestamp":"2024-04-26T12:23:22.5075173Z","ServerTimestamp":"2024-04-26T12:23:22.5075195Z"},"nsu=http://opcfoundation.org/UA/Plc/Applications;s=RandomUnsignedInt32":{"Value":1030307120,"SourceTimestamp":"2024-04-26T12:23:22.5075194Z","ServerTimestamp":"2024-04-26T12:23:22.5075263Z"},"nsu=http://opcfoundation.org/UA/Plc/Applications;s=DipData":{"Value":84.432792550201498,"SourceTimestamp":"2024-04-26T12:23:22.5075346Z","ServerTimestamp":"2024-04-26T12:23:22.5075403Z"},"nsu=http://opcfoundation.org/UA/Plc/Applications;s=FastUIntScalar1":{"Value":118,"SourceTimestamp":"2024-04-26T12:23:22.0987669Z","ServerTimestamp":"2024-04-26T12:23:22.0987698Z"}}]