[{"nsu=http://opcfoundation.org/UA/Plc/Applications;s=StepUp":{"Value":204,"SourceTimestamp":"2024-04-26T12:21:44.4956166Z","ServerTimestamp":"2024-04-26T12:21:44.4956198Z"},"nsu=http://opcfoundation.org/UA/Plc/Applications;s=AlternatingBoolean":{"Value":true,"SourceTimestamp":"2024-04-26T12:21:44.1969855Z","ServerTimestamp":"2024-04-26T12:21:44.1969882Z"},"nsu=http://opcfoundation.org/UA/Plc/Applications;s=RandomSignedInt32":{"Value":451922522,"SourceTimestamp":"2024-04-26T12:21:44.4956298Z","ServerTimestamp":"2024-04-26T12:21:44.4956306Z"},"nsu=http://opcfoundation.org/UA/Plc/Applications;s=RandomUnsignedInt32":{"Value":848962388,"SourceTimestamp":"2024-04-26T12:21:44.4956389Z","ServerTimestamp":"2024-04-26T12:21:44.4956394Z"},"nsu=http://opcfoundation.org/UA/Plc/Applications;s=DipData":{"Value":-36.812455268467787,"SourceTimestamp":"2024-04-26T12:21:44.4956507Z","ServerTimestamp":"2024-04-26T12:21:44.4956522Z"},"nsu=http://opcfoundation.org/UA/Plc/Applications;s=FastUIntScalar1":{"Value":20,"SourceTimestamp":"2024-04-26T12:21:44.1032497Z","ServerTimestamp":"2024-04-26T12:21:44.1032505Z"}}]