[{"nsu=http://opcfoundation.org/UA/Plc/Applications;s=StepUp":{"Value":24,"SourceTimestamp":"2024-04-26T12:21:26.5073679Z","ServerTimestamp":"2024-04-26T12:21:26.5073703Z"},"nsu=http://opcfoundation.org/UA/Plc/Applications;s=AlternatingBoolean":{"Value":true,"SourceTimestamp":"2024-04-26T12:21:25.496569Z","ServerTimestamp":"2024-04-26T12:21:25.555349Z"},"nsu=http://opcfoundation.org/UA/Plc/Applications;s=RandomSignedInt32":{"Value":1332622380,"SourceTimestamp":"2024-04-26T12:21:26.5073807Z","ServerTimestamp":"2024-04-26T12:21:26.5073876Z"},"nsu=http://opcfoundation.org/UA/Plc/Applications;s=RandomUnsignedInt32":{"Value":1026829166,"SourceTimestamp":"2024-04-26T12:21:26.5073917Z","ServerTimestamp":"2024-04-26T12:21:26.5073968Z"},"nsu=http://opcfoundation.org/UA/Plc/Applications;s=DipData":{"Value":-24.8689887164855,"SourceTimestamp":"2024-04-26T12:21:26.5073965Z","ServerTimestamp":"2024-04-26T12:21:26.5074012Z"},"nsu=http://opcfoundation.org/UA/Plc/Applications;s=FastUIntScalar1":{"Value":2,"SourceTimestamp":"2024-04-26T12:21:26.1017436Z","ServerTimestamp":"2024-04-26T12:21:26.1017464Z"}}]