[{"nsu=http://opcfoundation.org/UA/Plc/Applications;s=StepUp":{"Value":234,"SourceTimestamp":"2024-04-26T12:21:47.497587Z","ServerTimestamp":"2024-04-26T12:21:47.4975915Z"},"nsu=http://opcfoundation.org/UA/Plc/Applications;s=RandomSignedInt32":{"Value":-264187344,"SourceTimestamp":"2024-04-26T12:21:47.4975997Z","ServerTimestamp":"2024-04-26T12:21:47.4976085Z"},"nsu=http://opcfoundation.org/UA/Plc/Applications;s=RandomUnsignedInt32":{"Value":1614279987,"SourceTimestamp":"2024-04-26T12:21:47.4976101Z","ServerTimestamp":"2024-04-26T12:21:47.4976119Z"},"nsu=http://opcfoundation.org/UA/Plc/Applications;s=DipData":{"Value":84.432792550201498,"SourceTimestamp":"2024-04-26T12:21:47.4976169Z","ServerTimestamp":"2024-04-26T12:21:47.4976176Z"},"nsu=http://opcfoundation.org/UA/Plc/Applications;s=FastUIntScalar1":{"Value":23,"SourceTimestamp":"2024-04-26T12:21:47.0982319Z","ServerTimestamp":"2024-04-26T12:21:47.0982362Z"}}]