[{"nsu=http://opcfoundation.org/UA/Plc/Applications;s=StepUp":{"Value":344,"SourceTimestamp":"2024-04-26T12:21:58.5057702Z","ServerTimestamp":"2024-04-26T12:21:58.5057739Z"},"nsu=http://opcfoundation.org/UA/Plc/Applications;s=RandomSignedInt32":{"Value":105424610,"SourceTimestamp":"2024-04-26T12:21:58.5057885Z","ServerTimestamp":"2024-04-26T12:21:58.5057931Z"},"nsu=http://opcfoundation.org/UA/Plc/Applications;s=RandomUnsignedInt32":{"Value":1576941630,"SourceTimestamp":"2024-04-26T12:21:58.5057955Z","ServerTimestamp":"2024-04-26T12:21:58.5057963Z"},"nsu=http://opcfoundation.org/UA/Plc/Applications;s=DipData":{"Value":77.051324277578928,"SourceTimestamp":"2024-04-26T12:21:58.505806Z","ServerTimestamp":"2024-04-26T12:21:58.5058067Z"},"nsu=http://opcfoundation.org/UA/Plc/Applications;s=FastUIntScalar1":{"Value":34,"SourceTimestamp":"2024-04-26T12:21:58.1071303Z","ServerTimestamp":"2024-04-26T12:21:58.1071327Z"}}]