[{"nsu=http://opcfoundation.org/UA/Plc/Applications;s=StepUp":{"Value":364,"SourceTimestamp":"2024-04-26T12:22:00.4936259Z","ServerTimestamp":"2024-04-26T12:22:00.4936288Z"},"nsu=http://opcfoundation.org/UA/Plc/Applications;s=RandomSignedInt32":{"Value":-527031230,"SourceTimestamp":"2024-04-26T12:22:00.4936462Z","ServerTimestamp":"2024-04-26T12:22:00.493648Z"},"nsu=http://opcfoundation.org/UA/Plc/Applications;s=RandomUnsignedInt32":{"Value":2000256982,"SourceTimestamp":"2024-04-26T12:22:00.493646Z","ServerTimestamp":"2024-04-26T12:22:00.4936466Z"},"nsu=http://opcfoundation.org/UA/Plc/Applications;s=DipData":{"Value":-99.80267284282715,"SourceTimestamp":"2024-04-26T12:22:00.4081421Z","ServerTimestamp":"2024-04-26T12:22:00.4081454Z"},"nsu=http://opcfoundation.org/UA/Plc/Applications;s=FastUIntScalar1":{"Value":36,"SourceTimestamp":"2024-04-26T12:22:00.0939562Z","ServerTimestamp":"2024-04-26T12:22:00.0939585Z"}}]