[{"nsu=http://opcfoundation.org/UA/Plc/Applications;s=StepUp":{"Value":374,"SourceTimestamp":"2024-04-26T12:22:01.5116031Z","ServerTimestamp":"2024-04-26T12:22:01.5116116Z"},"nsu=http://opcfoundation.org/UA/Plc/Applications;s=RandomSignedInt32":{"Value":54972622,"SourceTimestamp":"2024-04-26T12:22:01.5116191Z","ServerTimestamp":"2024-04-26T12:22:01.5116285Z"},"nsu=http://opcfoundation.org/UA/Plc/Applications;s=RandomUnsignedInt32":{"Value":1163321917,"SourceTimestamp":"2024-04-26T12:22:01.5116355Z","ServerTimestamp":"2024-04-26T12:22:01.5116373Z"},"nsu=http://opcfoundation.org/UA/Plc/Applications;s=DipData":{"Value":-24.8689887164855,"SourceTimestamp":"2024-04-26T12:22:01.5116383Z","ServerTimestamp":"2024-04-26T12:22:01.5116444Z"},"nsu=http://opcfoundation.org/UA/Plc/Applications;s=FastUIntScalar1":{"Value":37,"SourceTimestamp":"2024-04-26T12:22:01.0965236Z","ServerTimestamp":"2024-04-26T12:22:01.0965264Z"}}]