[{"nsu=http://opcfoundation.org/UA/Plc/Applications;s=StepUp":{"Value":444,"SourceTimestamp":"2024-04-26T12:22:08.4942849Z","ServerTimestamp":"2024-04-26T12:22:08.4942885Z"},"nsu=http://opcfoundation.org/UA/Plc/Applications;s=RandomSignedInt32":{"Value":-2131372556,"SourceTimestamp":"2024-04-26T12:22:08.494302Z","ServerTimestamp":"2024-04-26T12:22:08.4943153Z"},"nsu=http://opcfoundation.org/UA/Plc/Applications;s=RandomUnsignedInt32":{"Value":77489232,"SourceTimestamp":"2024-04-26T12:22:08.4943129Z","ServerTimestamp":"2024-04-26T12:22:08.4943219Z"},"nsu=http://opcfoundation.org/UA/Plc/Applications;s=DipData":{"Value":77.051324277578928,"SourceTimestamp":"2024-04-26T12:22:08.4943329Z","ServerTimestamp":"2024-04-26T12:22:08.4943336Z"},"nsu=http://opcfoundation.org/UA/Plc/Applications;s=FastUIntScalar1":{"Value":44,"SourceTimestamp":"2024-04-26T12:22:08.09308Z","ServerTimestamp":"2024-04-26T12:22:08.0930821Z"}}]