[{"nsu=http://opcfoundation.org/UA/Plc/Applications;s=StepUp":{"Value":44,"SourceTimestamp":"2024-04-26T12:21:28.4967004Z","ServerTimestamp":"2024-04-26T12:21:28.4967035Z"},"nsu=http://opcfoundation.org/UA/Plc/Applications;s=RandomSignedInt32":{"Value":1717270366,"SourceTimestamp":"2024-04-26T12:21:28.4967241Z","ServerTimestamp":"2024-04-26T12:21:28.4967249Z"},"nsu=http://opcfoundation.org/UA/Plc/Applications;s=RandomUnsignedInt32":{"Value":174690661,"SourceTimestamp":"2024-04-26T12:21:28.4967264Z","ServerTimestamp":"2024-04-26T12:21:28.496727Z"},"nsu=http://opcfoundation.org/UA/Plc/Applications;s=DipData":{"Value":77.051324277578928,"SourceTimestamp":"2024-04-26T12:21:28.4967364Z","ServerTimestamp":"2024-04-26T12:21:28.4967373Z"},"nsu=http://opcfoundation.org/UA/Plc/Applications;s=FastUIntScalar1":{"Value":4,"SourceTimestamp":"2024-04-26T12:21:28.0956827Z","ServerTimestamp":"2024-04-26T12:21:28.0956863Z"}}]