[{"nsu=http://opcfoundation.org/UA/Plc/Applications;s=StepUp":{"Value":474,"SourceTimestamp":"2024-04-26T12:22:11.5029328Z","ServerTimestamp":"2024-04-26T12:22:11.5029451Z"},"nsu=http://opcfoundation.org/UA/Plc/Applications;s=RandomSignedInt32":{"Value":1431378373,"SourceTimestamp":"2024-04-26T12:22:11.5029422Z","ServerTimestamp":"2024-04-26T12:22:11.5029689Z"},"nsu=http://opcfoundation.org/UA/Plc/Applications;s=RandomUnsignedInt32":{"Value":144383075,"SourceTimestamp":"2024-04-26T12:22:11.5029514Z","ServerTimestamp":"2024-04-26T12:22:11.502957Z"},"nsu=http://opcfoundation.org/UA/Plc/Applications;s=DipData":{"Value":-24.8689887164855,"SourceTimestamp":"2024-04-26T12:22:11.5029685Z","ServerTimestamp":"2024-04-26T12:22:11.5029735Z"},"nsu=http://opcfoundation.org/UA/Plc/Applications;s=FastUIntScalar1":{"Value":47,"SourceTimestamp":"2024-04-26T12:22:11.0938814Z","ServerTimestamp":"2024-04-26T12:22:11.0938917Z"}}]