[{"nsu=http://opcfoundation.org/UA/Plc/Applications;s=StepUp":{"Value":494,"SourceTimestamp":"2024-04-26T12:22:13.494262Z","ServerTimestamp":"2024-04-26T12:22:13.4942646Z"},"nsu=http://opcfoundation.org/UA/Plc/Applications;s=RandomSignedInt32":{"Value":225848763,"SourceTimestamp":"2024-04-26T12:22:13.494281Z","ServerTimestamp":"2024-04-26T12:22:13.4942832Z"},"nsu=http://opcfoundation.org/UA/Plc/Applications;s=RandomUnsignedInt32":{"Value":308705329,"SourceTimestamp":"2024-04-26T12:22:13.4942935Z","ServerTimestamp":"2024-04-26T12:22:13.4942948Z"},"nsu=http://opcfoundation.org/UA/Plc/Applications;s=DipData":{"Value":77.051324277578928,"SourceTimestamp":"2024-04-26T12:22:13.4943043Z","ServerTimestamp":"2024-04-26T12:22:13.4943049Z"},"nsu=http://opcfoundation.org/UA/Plc/Applications;s=FastUIntScalar1":{"Value":49,"SourceTimestamp":"2024-04-26T12:22:13.0942898Z","ServerTimestamp":"2024-04-26T12:22:13.0942921Z"}}]