[{"nsu=http://opcfoundation.org/UA/Plc/Applications;s=StepUp":{"Value":504,"SourceTimestamp":"2024-04-26T12:22:14.4946402Z","ServerTimestamp":"2024-04-26T12:22:14.4946435Z"},"nsu=http://opcfoundation.org/UA/Plc/Applications;s=AlternatingBoolean":{"Value":true,"SourceTimestamp":"2024-04-26T12:22:14.2082299Z","ServerTimestamp":"2024-04-26T12:22:14.2082321Z"},"nsu=http://opcfoundation.org/UA/Plc/Applications;s=RandomSignedInt32":{"Value":-1299280681,"SourceTimestamp":"2024-04-26T12:22:14.4946512Z","ServerTimestamp":"2024-04-26T12:22:14.4946534Z"},"nsu=http://opcfoundation.org/UA/Plc/Applications;s=RandomUnsignedInt32":{"Value":1442007763,"SourceTimestamp":"2024-04-26T12:22:14.4946645Z","ServerTimestamp":"2024-04-26T12:22:14.4946655Z"},"nsu=http://opcfoundation.org/UA/Plc/Applications;s=DipData":{"Value":-36.812455268467787,"SourceTimestamp":"2024-04-26T12:22:14.4946734Z","ServerTimestamp":"2024-04-26T12:22:14.494674Z"},"nsu=http://opcfoundation.org/UA/Plc/Applications;s=FastUIntScalar1":{"Value":50,"SourceTimestamp":"2024-04-26T12:22:14.0989063Z","ServerTimestamp":"2024-04-26T12:22:14.098907Z"}}]