[{"nsu=http://opcfoundation.org/UA/Plc/Applications;s=StepUp":{"Value":604,"SourceTimestamp":"2024-04-26T12:22:24.5061147Z","ServerTimestamp":"2024-04-26T12:22:24.5061184Z"},"nsu=http://opcfoundation.org/UA/Plc/Applications;s=AlternatingBoolean":{"Value":true,"SourceTimestamp":"2024-04-26T12:22:24.199643Z","ServerTimestamp":"2024-04-26T12:22:24.1996518Z"},"nsu=http://opcfoundation.org/UA/Plc/Applications;s=RandomSignedInt32":{"Value":472783199,"SourceTimestamp":"2024-04-26T12:22:24.5061495Z","ServerTimestamp":"2024-04-26T12:22:24.5061506Z"},"nsu=http://opcfoundation.org/UA/Plc/Applications;s=RandomUnsignedInt32":{"Value":1203558610,"SourceTimestamp":"2024-04-26T12:22:24.5061486Z","ServerTimestamp":"2024-04-26T12:22:24.5061492Z"},"nsu=http://opcfoundation.org/UA/Plc/Applications;s=DipData":{"Value":-36.812455268467787,"SourceTimestamp":"2024-04-26T12:22:24.5061602Z","ServerTimestamp":"2024-04-26T12:22:24.506161Z"},"nsu=http://opcfoundation.org/UA/Plc/Applications;s=FastUIntScalar1":{"Value":60,"SourceTimestamp":"2024-04-26T12:22:24.1047502Z","ServerTimestamp":"2024-04-26T12:22:24.1047521Z"}}]