[{"nsu=http://opcfoundation.org/UA/Plc/Applications;s=StepUp":{"Value":624,"SourceTimestamp":"2024-04-26T12:22:26.5020126Z","ServerTimestamp":"2024-04-26T12:22:26.5020162Z"},"nsu=http://opcfoundation.org/UA/Plc/Applications;s=RandomSignedInt32":{"Value":-1166883280,"SourceTimestamp":"2024-04-26T12:22:26.5020155Z","ServerTimestamp":"2024-04-26T12:22:26.5020719Z"},"nsu=http://opcfoundation.org/UA/Plc/Applications;s=RandomUnsignedInt32":{"Value":1209161557,"SourceTimestamp":"2024-04-26T12:22:26.5020325Z","ServerTimestamp":"2024-04-26T12:22:26.5020341Z"},"nsu=http://opcfoundation.org/UA/Plc/Applications;s=DipData":{"Value":-24.8689887164855,"SourceTimestamp":"2024-04-26T12:22:26.5020369Z","ServerTimestamp":"2024-04-26T12:22:26.5020382Z"},"nsu=http://opcfoundation.org/UA/Plc/Applications;s=FastUIntScalar1":{"Value":62,"SourceTimestamp":"2024-04-26T12:22:26.0941565Z","ServerTimestamp":"2024-04-26T12:22:26.0941589Z"}}]