[{"nsu=http://opcfoundation.org/UA/Plc/Applications;s=StepUp":{"Value":634,"SourceTimestamp":"2024-04-26T12:22:27.4968243Z","ServerTimestamp":"2024-04-26T12:22:27.496828Z"},"nsu=http://opcfoundation.org/UA/Plc/Applications;s=RandomSignedInt32":{"Value":-137744582,"SourceTimestamp":"2024-04-26T12:22:27.4968381Z","ServerTimestamp":"2024-04-26T12:22:27.4968472Z"},"nsu=http://opcfoundation.org/UA/Plc/Applications;s=RandomUnsignedInt32":{"Value":568898163,"SourceTimestamp":"2024-04-26T12:22:27.4968393Z","ServerTimestamp":"2024-04-26T12:22:27.4968462Z"},"nsu=http://opcfoundation.org/UA/Plc/Applications;s=DipData":{"Value":84.432792550201498,"SourceTimestamp":"2024-04-26T12:22:27.4968584Z","ServerTimestamp":"2024-04-26T12:22:27.4968605Z"},"nsu=http://opcfoundation.org/UA/Plc/Applications;s=FastUIntScalar1":{"Value":63,"SourceTimestamp":"2024-04-26T12:22:27.1076378Z","ServerTimestamp":"2024-04-26T12:22:27.1076467Z"}}]