[{"nsu=http://opcfoundation.org/UA/Plc/Applications;s=StepUp":{"Value":644,"SourceTimestamp":"2024-04-26T12:22:28.5008237Z","ServerTimestamp":"2024-04-26T12:22:28.5008272Z"},"nsu=http://opcfoundation.org/UA/Plc/Applications;s=RandomSignedInt32":{"Value":-1731941852,"SourceTimestamp":"2024-04-26T12:22:28.5008391Z","ServerTimestamp":"2024-04-26T12:22:28.5008411Z"},"nsu=http://opcfoundation.org/UA/Plc/Applications;s=RandomUnsignedInt32":{"Value":860667545,"SourceTimestamp":"2024-04-26T12:22:28.5008518Z","ServerTimestamp":"2024-04-26T12:22:28.5008543Z"},"nsu=http://opcfoundation.org/UA/Plc/Applications;s=DipData":{"Value":77.051324277578928,"SourceTimestamp":"2024-04-26T12:22:28.5008563Z","ServerTimestamp":"2024-04-26T12:22:28.500857Z"},"nsu=http://opcfoundation.org/UA/Plc/Applications;s=FastUIntScalar1":{"Value":64,"SourceTimestamp":"2024-04-26T12:22:28.0935061Z","ServerTimestamp":"2024-04-26T12:22:28.0935085Z"}}]