[{"nsu=http://opcfoundation.org/UA/Plc/Applications;s=StepUp":{"Value":694,"SourceTimestamp":"2024-04-26T12:22:33.4957581Z","ServerTimestamp":"2024-04-26T12:22:33.4957623Z"},"nsu=http://opcfoundation.org/UA/Plc/Applications;s=RandomSignedInt32":{"Value":523798632,"SourceTimestamp":"2024-04-26T12:22:33.4958047Z","ServerTimestamp":"2024-04-26T12:22:33.4958081Z"},"nsu=http://opcfoundation.org/UA/Plc/Applications;s=RandomUnsignedInt32":{"Value":4596774,"SourceTimestamp":"2024-04-26T12:22:33.4957869Z","ServerTimestamp":"2024-04-26T12:22:33.4957878Z"},"nsu=http://opcfoundation.org/UA/Plc/Applications;s=DipData":{"Value":77.051324277578928,"SourceTimestamp":"2024-04-26T12:22:33.4957988Z","ServerTimestamp":"2024-04-26T12:22:33.4957999Z"},"nsu=http://opcfoundation.org/UA/Plc/Applications;s=FastUIntScalar1":{"Value":69,"SourceTimestamp":"2024-04-26T12:22:33.0993948Z","ServerTimestamp":"2024-04-26T12:22:33.0993968Z"}}]