[{"nsu=http://opcfoundation.org/UA/Plc/Applications;s=StepUp":{"Value":714,"SourceTimestamp":"2024-04-26T12:22:35.5016326Z","ServerTimestamp":"2024-04-26T12:22:35.5016366Z"},"nsu=http://opcfoundation.org/UA/Plc/Applications;s=RandomSignedInt32":{"Value":-1566297518,"SourceTimestamp":"2024-04-26T12:22:35.5016693Z","ServerTimestamp":"2024-04-26T12:22:35.5016702Z"},"nsu=http://opcfoundation.org/UA/Plc/Applications;s=RandomUnsignedInt32":{"Value":1755245842,"SourceTimestamp":"2024-04-26T12:22:35.5016748Z","ServerTimestamp":"2024-04-26T12:22:35.5016754Z"},"nsu=http://opcfoundation.org/UA/Plc/Applications;s=DipData":{"Value":-99.80267284282715,"SourceTimestamp":"2024-04-26T12:22:35.4015245Z","ServerTimestamp":"2024-04-26T12:22:35.4015257Z"},"nsu=http://opcfoundation.org/UA/Plc/Applications;s=FastUIntScalar1":{"Value":71,"SourceTimestamp":"2024-04-26T12:22:35.1027124Z","ServerTimestamp":"2024-04-26T12:22:35.1027165Z"}}]