[{"nsu=http://opcfoundation.org/UA/Plc/Applications;s=StepUp":{"Value":724,"SourceTimestamp":"2024-04-26T12:22:36.5034854Z","ServerTimestamp":"2024-04-26T12:22:36.5034884Z"},"nsu=http://opcfoundation.org/UA/Plc/Applications;s=RandomSignedInt32":{"Value":-1520667497,"SourceTimestamp":"2024-04-26T12:22:36.5035075Z","ServerTimestamp":"2024-04-26T12:22:36.5035091Z"},"nsu=http://opcfoundation.org/UA/Plc/Applications;s=RandomUnsignedInt32":{"Value":476698894,"SourceTimestamp":"2024-04-26T12:22:36.5035049Z","ServerTimestamp":"2024-04-26T12:22:36.5035055Z"},"nsu=http://opcfoundation.org/UA/Plc/Applications;s=DipData":{"Value":-24.8689887164855,"SourceTimestamp":"2024-04-26T12:22:36.5035138Z","ServerTimestamp":"2024-04-26T12:22:36.5035145Z"},"nsu=http://opcfoundation.org/UA/Plc/Applications;s=FastUIntScalar1":{"Value":72,"SourceTimestamp":"2024-04-26T12:22:36.1048971Z","ServerTimestamp":"2024-04-26T12:22:36.1049011Z"}}]