[{"nsu=http://opcfoundation.org/UA/Plc/Applications;s=StepUp":{"Value":734,"SourceTimestamp":"2024-04-26T12:22:37.5001716Z","ServerTimestamp":"2024-04-26T12:22:37.5001756Z"},"nsu=http://opcfoundation.org/UA/Plc/Applications;s=RandomSignedInt32":{"Value":1993955634,"SourceTimestamp":"2024-04-26T12:22:37.5002019Z","ServerTimestamp":"2024-04-26T12:22:37.5002064Z"},"nsu=http://opcfoundation.org/UA/Plc/Applications;s=RandomUnsignedInt32":{"Value":1644714440,"SourceTimestamp":"2024-04-26T12:22:37.5001948Z","ServerTimestamp":"2024-04-26T12:22:37.5001953Z"},"nsu=http://opcfoundation.org/UA/Plc/Applications;s=DipData":{"Value":84.432792550201498,"SourceTimestamp":"2024-04-26T12:22:37.5002019Z","ServerTimestamp":"2024-04-26T12:22:37.5002025Z"},"nsu=http://opcfoundation.org/UA/Plc/Applications;s=FastUIntScalar1":{"Value":73,"SourceTimestamp":"2024-04-26T12:22:37.0991595Z","ServerTimestamp":"2024-04-26T12:22:37.0991775Z"}}]