[{"nsu=http://opcfoundation.org/UA/Plc/Applications;s=StepUp":{"Value":774,"SourceTimestamp":"2024-04-26T12:22:41.5052249Z","ServerTimestamp":"2024-04-26T12:22:41.5052281Z"},"nsu=http://opcfoundation.org/UA/Plc/Applications;s=RandomSignedInt32":{"Value":-155372319,"SourceTimestamp":"2024-04-26T12:22:41.5052351Z","ServerTimestamp":"2024-04-26T12:22:41.5052369Z"},"nsu=http://opcfoundation.org/UA/Plc/Applications;s=RandomUnsignedInt32":{"Value":902254587,"SourceTimestamp":"2024-04-26T12:22:41.5052532Z","ServerTimestamp":"2024-04-26T12:22:41.5052567Z"},"nsu=http://opcfoundation.org/UA/Plc/Applications;s=DipData":{"Value":-24.8689887164855,"SourceTimestamp":"2024-04-26T12:22:41.5052526Z","ServerTimestamp":"2024-04-26T12:22:41.5052532Z"},"nsu=http://opcfoundation.org/UA/Plc/Applications;s=FastUIntScalar1":{"Value":77,"SourceTimestamp":"2024-04-26T12:22:41.0964991Z","ServerTimestamp":"2024-04-26T12:22:41.096502Z"}}]