[{"nsu=http://opcfoundation.org/UA/Plc/Applications;s=StepUp":{"Value":894,"SourceTimestamp":"2024-04-26T12:22:53.5087802Z","ServerTimestamp":"2024-04-26T12:22:53.5087834Z"},"nsu=http://opcfoundation.org/UA/Plc/Applications;s=RandomSignedInt32":{"Value":-1633205433,"SourceTimestamp":"2024-04-26T12:22:53.5087895Z","ServerTimestamp":"2024-04-26T12:22:53.5087995Z"},"nsu=http://opcfoundation.org/UA/Plc/Applications;s=RandomUnsignedInt32":{"Value":1121561679,"SourceTimestamp":"2024-04-26T12:22:53.5088032Z","ServerTimestamp":"2024-04-26T12:22:53.5088045Z"},"nsu=http://opcfoundation.org/UA/Plc/Applications;s=DipData":{"Value":77.051324277578928,"SourceTimestamp":"2024-04-26T12:22:53.5088073Z","ServerTimestamp":"2024-04-26T12:22:53.5088133Z"},"nsu=http://opcfoundation.org/UA/Plc/Applications;s=FastUIntScalar1":{"Value":89,"SourceTimestamp":"2024-04-26T12:22:53.0928072Z","ServerTimestamp":"2024-04-26T12:22:53.0928081Z"}}]