[{"nsu=http://opcfoundation.org/UA/Plc/Applications;s=StepUp":{"Value":934,"SourceTimestamp":"2024-04-26T12:22:57.4960098Z","ServerTimestamp":"2024-04-26T12:22:57.4960124Z"},"nsu=http://opcfoundation.org/UA/Plc/Applications;s=RandomSignedInt32":{"Value":632310272,"SourceTimestamp":"2024-04-26T12:22:57.4960322Z","ServerTimestamp":"2024-04-26T12:22:57.4960343Z"},"nsu=http://opcfoundation.org/UA/Plc/Applications;s=RandomUnsignedInt32":{"Value":966158726,"SourceTimestamp":"2024-04-26T12:22:57.4960307Z","ServerTimestamp":"2024-04-26T12:22:57.4960313Z"},"nsu=http://opcfoundation.org/UA/Plc/Applications;s=DipData":{"Value":84.432792550201498,"SourceTimestamp":"2024-04-26T12:22:57.496039Z","ServerTimestamp":"2024-04-26T12:22:57.4960417Z"},"nsu=http://opcfoundation.org/UA/Plc/Applications;s=FastUIntScalar1":{"Value":93,"SourceTimestamp":"2024-04-26T12:22:57.0968282Z","ServerTimestamp":"2024-04-26T12:22:57.0968344Z"}}]