[{"nsu=http://opcfoundation.org/UA/Plc/Applications;s=StepUp":{"Value":984,"SourceTimestamp":"2024-04-26T12:23:02.507215Z","ServerTimestamp":"2024-04-26T12:23:02.5072189Z"},"nsu=http://opcfoundation.org/UA/Plc/Applications;s=RandomSignedInt32":{"Value":1104051746,"SourceTimestamp":"2024-04-26T12:23:02.5072346Z","ServerTimestamp":"2024-04-26T12:23:02.5072361Z"},"nsu=http://opcfoundation.org/UA/Plc/Applications;s=RandomUnsignedInt32":{"Value":582559301,"SourceTimestamp":"2024-04-26T12:23:02.5072362Z","ServerTimestamp":"2024-04-26T12:23:02.50724Z"},"nsu=http://opcfoundation.org/UA/Plc/Applications;s=DipData":{"Value":84.432792550201498,"SourceTimestamp":"2024-04-26T12:23:02.5072463Z","ServerTimestamp":"2024-04-26T12:23:02.5072472Z"},"nsu=http://opcfoundation.org/UA/Plc/Applications;s=FastUIntScalar1":{"Value":98,"SourceTimestamp":"2024-04-26T12:23:02.1080585Z","ServerTimestamp":"2024-04-26T12:23:02.1080656Z"}}]