[{"nsu=http://opcfoundation.org/UA/Plc/Applications;s=StepUp":{"Value":1054,"SourceTimestamp":"2024-04-26T12:23:09.4974102Z","ServerTimestamp":"2024-04-26T12:23:09.4974155Z"},"nsu=http://opcfoundation.org/UA/Plc/Applications;s=AlternatingBoolean":{"Value":false,"SourceTimestamp":"2024-04-26T12:23:09.2078281Z","ServerTimestamp":"2024-04-26T12:23:09.207831Z"},"nsu=http://opcfoundation.org/UA/Plc/Applications;s=RandomSignedInt32":{"Value":369763724,"SourceTimestamp":"2024-04-26T12:23:09.4974351Z","ServerTimestamp":"2024-04-26T12:23:09.497468Z"},"nsu=http://opcfoundation.org/UA/Plc/Applications;s=RandomUnsignedInt32":{"Value":1289890937,"SourceTimestamp":"2024-04-26T12:23:09.4974364Z","ServerTimestamp":"2024-04-26T12:23:09.4974631Z"},"nsu=http://opcfoundation.org/UA/Plc/Applications;s=DipData":{"Value":-36.812455268467787,"SourceTimestamp":"2024-04-26T12:23:09.4974901Z","ServerTimestamp":"2024-04-26T12:23:09.4974931Z"},"nsu=http://opcfoundation.org/UA/Plc/Applications;s=FastUIntScalar1":{"Value":105,"SourceTimestamp":"2024-04-26T12:23:09.0980567Z","ServerTimestamp":"2024-04-26T12:23:09.098059Z"}}]