[{"nsu=http://opcfoundation.org/UA/Plc/Applications;s=StepUp":{"Value":1064,"SourceTimestamp":"2024-04-26T12:23:10.4998598Z","ServerTimestamp":"2024-04-26T12:23:10.4998632Z"},"nsu=http://opcfoundation.org/UA/Plc/Applications;s=RandomSignedInt32":{"Value":-1275208604,"SourceTimestamp":"2024-04-26T12:23:10.4998738Z","ServerTimestamp":"2024-04-26T12:23:10.4998861Z"},"nsu=http://opcfoundation.org/UA/Plc/Applications;s=RandomUnsignedInt32":{"Value":1058987868,"SourceTimestamp":"2024-04-26T12:23:10.4998766Z","ServerTimestamp":"2024-04-26T12:23:10.4998789Z"},"nsu=http://opcfoundation.org/UA/Plc/Applications;s=DipData":{"Value":-1000,"SourceTimestamp":"2024-04-26T12:23:10.4998893Z","ServerTimestamp":"2024-04-26T12:23:10.4998927Z"},"nsu=http://opcfoundation.org/UA/Plc/Applications;s=FastUIntScalar1":{"Value":106,"SourceTimestamp":"2024-04-26T12:23:10.1015252Z","ServerTimestamp":"2024-04-26T12:23:10.1015279Z"}}]