[{"nsu=http://opcfoundation.org/UA/Plc/Applications;s=StepUp":{"Value":1094,"SourceTimestamp":"2024-04-26T12:23:13.5064747Z","ServerTimestamp":"2024-04-26T12:23:13.5064783Z"},"nsu=http://opcfoundation.org/UA/Plc/Applications;s=RandomSignedInt32":{"Value":-576593798,"SourceTimestamp":"2024-04-26T12:23:13.5064903Z","ServerTimestamp":"2024-04-26T12:23:13.5064948Z"},"nsu=http://opcfoundation.org/UA/Plc/Applications;s=RandomUnsignedInt32":{"Value":1793334736,"SourceTimestamp":"2024-04-26T12:23:13.5065041Z","ServerTimestamp":"2024-04-26T12:23:13.506506Z"},"nsu=http://opcfoundation.org/UA/Plc/Applications;s=DipData":{"Value":77.051324277578928,"SourceTimestamp":"2024-04-26T12:23:13.5065078Z","ServerTimestamp":"2024-04-26T12:23:13.5065103Z"},"nsu=http://opcfoundation.org/UA/Plc/Applications;s=FastUIntScalar1":{"Value":109,"SourceTimestamp":"2024-04-26T12:23:13.1027173Z","ServerTimestamp":"2024-04-26T12:23:13.1027201Z"}}]