[{"nsu=http://opcfoundation.org/UA/Plc/Applications;s=StepUp":{"Value":1063,"SourceTimestamp":"2024-04-27T19:19:05.0716925Z","ServerTimestamp":"2024-04-27T19:19:05.0716977Z"},"nsu=http://opcfoundation.org/UA/Plc/Applications;s=RandomSignedInt32":{"Value":-1615646284,"SourceTimestamp":"2024-04-27T19:19:05.0717284Z","ServerTimestamp":"2024-04-27T19:19:05.0717297Z"},"nsu=http://opcfoundation.org/UA/Plc/Applications;s=RandomUnsignedInt32":{"Value":693574004,"SourceTimestamp":"2024-04-27T19:19:05.0717519Z","ServerTimestamp":"2024-04-27T19:19:05.0717556Z"},"nsu=http://opcfoundation.org/UA/Plc/Applications;s=DipData":{"Value":-99.80267284282715,"SourceTimestamp":"2024-04-27T19:19:05.071743Z","ServerTimestamp":"2024-04-27T19:19:05.0717481Z"},"nsu=http://opcfoundation.org/UA/Plc/Applications;s=FastUIntScalar1":{"Value":106,"SourceTimestamp":"2024-04-27T19:19:04.7611413Z","ServerTimestamp":"2024-04-27T19:19:04.7611436Z"},"nsu=http://opcfoundation.org/UA/Plc/Applications;s=FastUIntScalar2":{"Value":106,"SourceTimestamp":"2024-04-27T19:19:04.7611517Z","ServerTimestamp":"2024-04-27T19:19:04.7611573Z"},"nsu=http://opcfoundation.org/UA/Plc/Applications;s=FastUIntScalar3":{"Value":106,"SourceTimestamp":"2024-04-27T19:19:04.7611586Z","ServerTimestamp":"2024-04-27T19:19:04.7611601Z"},"nsu=http://opcfoundation.org/UA/Plc/Applications;s=FastRandomUIntScalar1":{"Value":3392818300,"SourceTimestamp":"2024-04-27T19:19:04.7611448Z","ServerTimestamp":"2024-04-27T19:19:04.761152Z"},"nsu=http://opcfoundation.org/UA/Plc/Applications;s=FastRandomUIntScalar2":{"Value":2927554864,"SourceTimestamp":"2024-04-27T19:19:04.7611574Z","ServerTimestamp":"2024-04-27T19:19:04.7611587Z"},"nsu=http://opcfoundation.org/UA/Plc/Applications;s=FastRandomUIntScalar3":{"Value":2194291306,"SourceTimestamp":"2024-04-27T19:19:04.7611602Z","ServerTimestamp":"2024-04-27T19:19:04.7611615Z"},"nsu=http://opcfoundation.org/UA/Plc/Applications;s=SpikeData":{"Value":-99.80267284282715,"SourceTimestamp":"2024-04-27T19:19:05.0717562Z","ServerTimestamp":"2024-04-27T19:19:05.0717671Z"}}]