[{"nsu=http://opcfoundation.org/UA/Plc/Applications;s=StepUp":{"Value":1113,"SourceTimestamp":"2024-04-27T19:19:10.0695039Z","ServerTimestamp":"2024-04-27T19:19:10.0695079Z"},"nsu=http://opcfoundation.org/UA/Plc/Applications;s=RandomSignedInt32":{"Value":-2129404467,"SourceTimestamp":"2024-04-27T19:19:09.962133Z","ServerTimestamp":"2024-04-27T19:19:09.9621351Z"},"nsu=http://opcfoundation.org/UA/Plc/Applications;s=RandomUnsignedInt32":{"Value":697076674,"SourceTimestamp":"2024-04-27T19:19:09.9621357Z","ServerTimestamp":"2024-04-27T19:19:09.9621483Z"},"nsu=http://opcfoundation.org/UA/Plc/Applications;s=DipData":{"Value":-98.228725072868855,"SourceTimestamp":"2024-04-27T19:19:09.9621453Z","ServerTimestamp":"2024-04-27T19:19:09.9621522Z"},"nsu=http://opcfoundation.org/UA/Plc/Applications;s=FastUIntScalar1":{"Value":111,"SourceTimestamp":"2024-04-27T19:19:09.7632822Z","ServerTimestamp":"2024-04-27T19:19:09.7632846Z"},"nsu=http://opcfoundation.org/UA/Plc/Applications;s=FastUIntScalar2":{"Value":111,"SourceTimestamp":"2024-04-27T19:19:09.7633044Z","ServerTimestamp":"2024-04-27T19:19:09.763305Z"},"nsu=http://opcfoundation.org/UA/Plc/Applications;s=FastUIntScalar3":{"Value":111,"SourceTimestamp":"2024-04-27T19:19:09.7633065Z","ServerTimestamp":"2024-04-27T19:19:09.7633071Z"},"nsu=http://opcfoundation.org/UA/Plc/Applications;s=FastRandomUIntScalar1":{"Value":3722572332,"SourceTimestamp":"2024-04-27T19:19:09.7632876Z","ServerTimestamp":"2024-04-27T19:19:09.7633149Z"},"nsu=http://opcfoundation.org/UA/Plc/Applications;s=FastRandomUIntScalar2":{"Value":2134853419,"SourceTimestamp":"2024-04-27T19:19:09.7633227Z","ServerTimestamp":"2024-04-27T19:19:09.7633255Z"},"nsu=http://opcfoundation.org/UA/Plc/Applications;s=FastRandomUIntScalar3":{"Value":2291504002,"SourceTimestamp":"2024-04-27T19:19:09.7633377Z","ServerTimestamp":"2024-04-27T19:19:09.7633447Z"},"nsu=http://opcfoundation.org/UA/Plc/Applications;s=SpikeData":{"Value":-98.228725072868855,"SourceTimestamp":"2024-04-27T19:19:09.9621543Z","ServerTimestamp":"2024-04-27T19:19:09.9621582Z"}}]