[{"nsu=http://opcfoundation.org/UA/Plc/Applications;s=SlowUIntScalar1":{"Value":11,"SourceTimestamp":"2024-04-27T19:19:08.764862Z","ServerTimestamp":"2024-04-27T19:19:08.7648668Z"},"nsu=http://opcfoundation.org/UA/Plc/Applications;s=SlowUIntScalar2":{"Value":11,"SourceTimestamp":"2024-04-27T19:19:08.7648809Z","ServerTimestamp":"2024-04-27T19:19:08.7648822Z"},"nsu=http://opcfoundation.org/UA/Plc/Applications;s=SlowUIntScalar3":{"Value":11,"SourceTimestamp":"2024-04-27T19:19:08.7648846Z","ServerTimestamp":"2024-04-27T19:19:08.7648856Z"},"nsu=http://opcfoundation.org/UA/Plc/Applications;s=BadSlowUIntScalar1":{"Value":1,"SourceTimestamp":"2024-04-27T19:19:08.7648882Z","ServerTimestamp":"2024-04-27T19:19:08.7648893Z"},"nsu=http://opcfoundation.org/UA/Plc/Applications;s=SlowRandomUIntScalar1":{"Value":2637026509,"SourceTimestamp":"2024-04-27T19:19:08.7648928Z","ServerTimestamp":"2024-04-27T19:19:08.7648959Z"},"nsu=http://opcfoundation.org/UA/Plc/Applications;s=SlowRandomUIntScalar2":{"Value":3268222795,"SourceTimestamp":"2024-04-27T19:19:08.7649114Z","ServerTimestamp":"2024-04-27T19:19:08.7649124Z"},"nsu=http://opcfoundation.org/UA/Plc/Applications;s=SlowRandomUIntScalar3":{"Value":45345707,"SourceTimestamp":"2024-04-27T19:19:08.7649158Z","ServerTimestamp":"2024-04-27T19:19:08.7649163Z"},"nsu=http://opcfoundation.org/UA/Plc/Applications;s=BadSlowRandomUIntScalar1":{"Value":1640355543,"SourceTimestamp":"2024-04-27T19:19:08.7649194Z","ServerTimestamp":"2024-04-27T19:19:08.7649202Z"}}]