[{"nsu=http://opcfoundation.org/UA/Plc/Applications;s=StepUp":{"Value":1123,"SourceTimestamp":"2024-04-27T19:19:11.0679193Z","ServerTimestamp":"2024-04-27T19:19:11.0679227Z"},"nsu=http://opcfoundation.org/UA/Plc/Applications;s=RandomSignedInt32":{"Value":-237474143,"SourceTimestamp":"2024-04-27T19:19:11.0679726Z","ServerTimestamp":"2024-04-27T19:19:11.0679763Z"},"nsu=http://opcfoundation.org/UA/Plc/Applications;s=RandomUnsignedInt32":{"Value":538771543,"SourceTimestamp":"2024-04-27T19:19:11.0679717Z","ServerTimestamp":"2024-04-27T19:19:11.067973Z"},"nsu=http://opcfoundation.org/UA/Plc/Applications;s=DipData":{"Value":-36.812455268467829,"SourceTimestamp":"2024-04-27T19:19:11.0679844Z","ServerTimestamp":"2024-04-27T19:19:11.0679855Z"},"nsu=http://opcfoundation.org/UA/Plc/Applications;s=FastUIntScalar1":{"Value":112,"SourceTimestamp":"2024-04-27T19:19:10.7604239Z","ServerTimestamp":"2024-04-27T19:19:10.7604264Z"},"nsu=http://opcfoundation.org/UA/Plc/Applications;s=FastUIntScalar2":{"Value":112,"SourceTimestamp":"2024-04-27T19:19:10.7604378Z","ServerTimestamp":"2024-04-27T19:19:10.7604496Z"},"nsu=http://opcfoundation.org/UA/Plc/Applications;s=FastUIntScalar3":{"Value":112,"SourceTimestamp":"2024-04-27T19:19:10.7604512Z","ServerTimestamp":"2024-04-27T19:19:10.7604533Z"},"nsu=http://opcfoundation.org/UA/Plc/Applications;s=FastRandomUIntScalar1":{"Value":3159676864,"SourceTimestamp":"2024-04-27T19:19:10.7604328Z","ServerTimestamp":"2024-04-27T19:19:10.7604388Z"},"nsu=http://opcfoundation.org/UA/Plc/Applications;s=FastRandomUIntScalar2":{"Value":1095278587,"SourceTimestamp":"2024-04-27T19:19:10.7604495Z","ServerTimestamp":"2024-04-27T19:19:10.7604516Z"},"nsu=http://opcfoundation.org/UA/Plc/Applications;s=FastRandomUIntScalar3":{"Value":858458002,"SourceTimestamp":"2024-04-27T19:19:10.7604532Z","ServerTimestamp":"2024-04-27T19:19:10.7604551Z"},"nsu=http://opcfoundation.org/UA/Plc/Applications;s=SpikeData":{"Value":-36.812455268467829,"SourceTimestamp":"2024-04-27T19:19:11.0679945Z","ServerTimestamp":"2024-04-27T19:19:11.0679957Z"}}]