[{"nsu=http://opcfoundation.org/UA/Plc/Applications;s=StepUp":{"Value":133,"SourceTimestamp":"2024-04-27T19:17:32.0748086Z","ServerTimestamp":"2024-04-27T19:17:32.0748117Z"},"nsu=http://opcfoundation.org/UA/Plc/Applications;s=RandomSignedInt32":{"Value":-1514044952,"SourceTimestamp":"2024-04-27T19:17:32.0748256Z","ServerTimestamp":"2024-04-27T19:17:32.0748336Z"},"nsu=http://opcfoundation.org/UA/Plc/Applications;s=RandomUnsignedInt32":{"Value":1057356231,"SourceTimestamp":"2024-04-27T19:17:32.0748411Z","ServerTimestamp":"2024-04-27T19:17:32.07485Z"},"nsu=http://opcfoundation.org/UA/Plc/Applications;s=DipData":{"Value":77.051324277578928,"SourceTimestamp":"2024-04-27T19:17:32.074843Z","ServerTimestamp":"2024-04-27T19:17:32.0748482Z"},"nsu=http://opcfoundation.org/UA/Plc/Applications;s=FastUIntScalar1":{"Value":13,"SourceTimestamp":"2024-04-27T19:17:31.7626219Z","ServerTimestamp":"2024-04-27T19:17:31.7626323Z"},"nsu=http://opcfoundation.org/UA/Plc/Applications;s=FastUIntScalar2":{"Value":13,"SourceTimestamp":"2024-04-27T19:17:31.7626377Z","ServerTimestamp":"2024-04-27T19:17:31.762641Z"},"nsu=http://opcfoundation.org/UA/Plc/Applications;s=FastUIntScalar3":{"Value":13,"SourceTimestamp":"2024-04-27T19:17:31.762643Z","ServerTimestamp":"2024-04-27T19:17:31.7626458Z"},"nsu=http://opcfoundation.org/UA/Plc/Applications;s=FastRandomUIntScalar1":{"Value":3926302130,"SourceTimestamp":"2024-04-27T19:17:31.7626155Z","ServerTimestamp":"2024-04-27T19:17:31.762619Z"},"nsu=http://opcfoundation.org/UA/Plc/Applications;s=FastRandomUIntScalar2":{"Value":3271556532,"SourceTimestamp":"2024-04-27T19:17:31.7626318Z","ServerTimestamp":"2024-04-27T19:17:31.7626384Z"},"nsu=http://opcfoundation.org/UA/Plc/Applications;s=FastRandomUIntScalar3":{"Value":38143683,"SourceTimestamp":"2024-04-27T19:17:31.7626408Z","ServerTimestamp":"2024-04-27T19:17:31.7626438Z"},"nsu=http://opcfoundation.org/UA/Plc/Applications;s=SpikeData":{"Value":77.051324277578928,"SourceTimestamp":"2024-04-27T19:17:32.0748548Z","ServerTimestamp":"2024-04-27T19:17:32.0748575Z"}}]