[{"nsu=http://opcfoundation.org/UA/Plc/Applications;s=StepUp":{"Value":182,"SourceTimestamp":"2024-04-27T19:17:36.9599398Z","ServerTimestamp":"2024-04-27T19:17:36.9599433Z"},"nsu=http://opcfoundation.org/UA/Plc/Applications;s=RandomSignedInt32":{"Value":-1528947585,"SourceTimestamp":"2024-04-27T19:17:36.9599888Z","ServerTimestamp":"2024-04-27T19:17:36.9600015Z"},"nsu=http://opcfoundation.org/UA/Plc/Applications;s=RandomUnsignedInt32":{"Value":853360604,"SourceTimestamp":"2024-04-27T19:17:36.9600066Z","ServerTimestamp":"2024-04-27T19:17:36.9600137Z"},"nsu=http://opcfoundation.org/UA/Plc/Applications;s=DipData":{"Value":68.45471059286885,"SourceTimestamp":"2024-04-27T19:17:36.960018Z","ServerTimestamp":"2024-04-27T19:17:36.9600224Z"},"nsu=http://opcfoundation.org/UA/Plc/Applications;s=FastUIntScalar1":{"Value":18,"SourceTimestamp":"2024-04-27T19:17:36.7614643Z","ServerTimestamp":"2024-04-27T19:17:36.7614665Z"},"nsu=http://opcfoundation.org/UA/Plc/Applications;s=FastUIntScalar2":{"Value":18,"SourceTimestamp":"2024-04-27T19:17:36.7614757Z","ServerTimestamp":"2024-04-27T19:17:36.7614824Z"},"nsu=http://opcfoundation.org/UA/Plc/Applications;s=FastUIntScalar3":{"Value":18,"SourceTimestamp":"2024-04-27T19:17:36.7614837Z","ServerTimestamp":"2024-04-27T19:17:36.7614851Z"},"nsu=http://opcfoundation.org/UA/Plc/Applications;s=FastRandomUIntScalar1":{"Value":241387810,"SourceTimestamp":"2024-04-27T19:17:36.7614702Z","ServerTimestamp":"2024-04-27T19:17:36.7614757Z"},"nsu=http://opcfoundation.org/UA/Plc/Applications;s=FastRandomUIntScalar2":{"Value":4194118976,"SourceTimestamp":"2024-04-27T19:17:36.7614824Z","ServerTimestamp":"2024-04-27T19:17:36.7614837Z"},"nsu=http://opcfoundation.org/UA/Plc/Applications;s=FastRandomUIntScalar3":{"Value":1970503427,"SourceTimestamp":"2024-04-27T19:17:36.7614849Z","ServerTimestamp":"2024-04-27T19:17:36.7614861Z"},"nsu=http://opcfoundation.org/UA/Plc/Applications;s=SpikeData":{"Value":68.45471059286885,"SourceTimestamp":"2024-04-27T19:17:36.9600262Z","ServerTimestamp":"2024-04-27T19:17:36.960027Z"}}]