[{"nsu=http://opcfoundation.org/UA/Plc/Applications;s=StepUp":{"Value":203,"SourceTimestamp":"2024-04-27T19:17:39.0618362Z","ServerTimestamp":"2024-04-27T19:17:39.0618387Z"},"nsu=http://opcfoundation.org/UA/Plc/Applications;s=AlternatingBoolean":{"Value":true,"SourceTimestamp":"2024-04-27T19:17:38.8620439Z","ServerTimestamp":"2024-04-27T19:17:38.8620461Z"},"nsu=http://opcfoundation.org/UA/Plc/Applications;s=RandomSignedInt32":{"Value":1186181676,"SourceTimestamp":"2024-04-27T19:17:39.0618564Z","ServerTimestamp":"2024-04-27T19:17:39.0618571Z"},"nsu=http://opcfoundation.org/UA/Plc/Applications;s=RandomUnsignedInt32":{"Value":1988594054,"SourceTimestamp":"2024-04-27T19:17:39.0618601Z","ServerTimestamp":"2024-04-27T19:17:39.0618606Z"},"nsu=http://opcfoundation.org/UA/Plc/Applications;s=DipData":{"Value":-24.86898871648545,"SourceTimestamp":"2024-04-27T19:17:39.0618687Z","ServerTimestamp":"2024-04-27T19:17:39.0619074Z"},"nsu=http://opcfoundation.org/UA/Plc/Applications;s=FastUIntScalar1":{"Value":20,"SourceTimestamp":"2024-04-27T19:17:38.7691401Z","ServerTimestamp":"2024-04-27T19:17:38.7691508Z"},"nsu=http://opcfoundation.org/UA/Plc/Applications;s=FastUIntScalar2":{"Value":20,"SourceTimestamp":"2024-04-27T19:17:38.7691552Z","ServerTimestamp":"2024-04-27T19:17:38.7691578Z"},"nsu=http://opcfoundation.org/UA/Plc/Applications;s=FastUIntScalar3":{"Value":20,"SourceTimestamp":"2024-04-27T19:17:38.7691602Z","ServerTimestamp":"2024-04-27T19:17:38.7691608Z"},"nsu=http://opcfoundation.org/UA/Plc/Applications;s=FastRandomUIntScalar1":{"Value":1720166105,"SourceTimestamp":"2024-04-27T19:17:38.7691404Z","ServerTimestamp":"2024-04-27T19:17:38.7691409Z"},"nsu=http://opcfoundation.org/UA/Plc/Applications;s=FastRandomUIntScalar2":{"Value":2851187297,"SourceTimestamp":"2024-04-27T19:17:38.7691422Z","ServerTimestamp":"2024-04-27T19:17:38.7691495Z"},"nsu=http://opcfoundation.org/UA/Plc/Applications;s=FastRandomUIntScalar3":{"Value":3146289582,"SourceTimestamp":"2024-04-27T19:17:38.7691505Z","ServerTimestamp":"2024-04-27T19:17:38.7691551Z"},"nsu=http://opcfoundation.org/UA/Plc/Applications;s=PositiveTrendData":{"Value":100.09999999999999,"SourceTimestamp":"2024-04-27T19:17:38.862117Z","ServerTimestamp":"2024-04-27T19:17:38.8621182Z"},"nsu=http://opcfoundation.org/UA/Plc/Applications;s=SpikeData":{"Value":-24.86898871648545,"SourceTimestamp":"2024-04-27T19:17:39.0618864Z","ServerTimestamp":"2024-04-27T19:17:39.0618904Z"}}]