[{"nsu=http://opcfoundation.org/UA/Plc/Applications;s=StepUp":{"Value":223,"SourceTimestamp":"2024-04-27T19:17:41.0740744Z","ServerTimestamp":"2024-04-27T19:17:41.0740857Z"},"nsu=http://opcfoundation.org/UA/Plc/Applications;s=RandomSignedInt32":{"Value":-509817188,"SourceTimestamp":"2024-04-27T19:17:41.0741032Z","ServerTimestamp":"2024-04-27T19:17:41.0741067Z"},"nsu=http://opcfoundation.org/UA/Plc/Applications;s=RandomUnsignedInt32":{"Value":1008939710,"SourceTimestamp":"2024-04-27T19:17:41.0741003Z","ServerTimestamp":"2024-04-27T19:17:41.0741048Z"},"nsu=http://opcfoundation.org/UA/Plc/Applications;s=DipData":{"Value":-36.812455268467829,"SourceTimestamp":"2024-04-27T19:17:41.074111Z","ServerTimestamp":"2024-04-27T19:17:41.074112Z"},"nsu=http://opcfoundation.org/UA/Plc/Applications;s=FastUIntScalar1":{"Value":22,"SourceTimestamp":"2024-04-27T19:17:40.7630713Z","ServerTimestamp":"2024-04-27T19:17:40.7630736Z"},"nsu=http://opcfoundation.org/UA/Plc/Applications;s=FastUIntScalar2":{"Value":22,"SourceTimestamp":"2024-04-27T19:17:40.7630959Z","ServerTimestamp":"2024-04-27T19:17:40.7631008Z"},"nsu=http://opcfoundation.org/UA/Plc/Applications;s=FastUIntScalar3":{"Value":22,"SourceTimestamp":"2024-04-27T19:17:40.7631023Z","ServerTimestamp":"2024-04-27T19:17:40.7631072Z"},"nsu=http://opcfoundation.org/UA/Plc/Applications;s=FastRandomUIntScalar1":{"Value":2261973117,"SourceTimestamp":"2024-04-27T19:17:40.7630722Z","ServerTimestamp":"2024-04-27T19:17:40.7631028Z"},"nsu=http://opcfoundation.org/UA/Plc/Applications;s=FastRandomUIntScalar2":{"Value":1635290755,"SourceTimestamp":"2024-04-27T19:17:40.7631076Z","ServerTimestamp":"2024-04-27T19:17:40.7631085Z"},"nsu=http://opcfoundation.org/UA/Plc/Applications;s=FastRandomUIntScalar3":{"Value":2610074480,"SourceTimestamp":"2024-04-27T19:17:40.7631101Z","ServerTimestamp":"2024-04-27T19:17:40.7631141Z"},"nsu=http://opcfoundation.org/UA/Plc/Applications;s=SpikeData":{"Value":-36.812455268467829,"SourceTimestamp":"2024-04-27T19:17:41.0741125Z","ServerTimestamp":"2024-04-27T19:17:41.0741161Z"}}]