[{"nsu=http://opcfoundation.org/UA/Plc/Applications;s=StepUp":{"Value":243,"SourceTimestamp":"2024-04-27T19:17:43.0609325Z","ServerTimestamp":"2024-04-27T19:17:43.0609364Z"},"nsu=http://opcfoundation.org/UA/Plc/Applications;s=RandomSignedInt32":{"Value":-1207829492,"SourceTimestamp":"2024-04-27T19:17:43.0609863Z","ServerTimestamp":"2024-04-27T19:17:43.0609889Z"},"nsu=http://opcfoundation.org/UA/Plc/Applications;s=RandomUnsignedInt32":{"Value":1866992211,"SourceTimestamp":"2024-04-27T19:17:43.060968Z","ServerTimestamp":"2024-04-27T19:17:43.0609689Z"},"nsu=http://opcfoundation.org/UA/Plc/Applications;s=DipData":{"Value":84.432792550201512,"SourceTimestamp":"2024-04-27T19:17:43.0609849Z","ServerTimestamp":"2024-04-27T19:17:43.0609859Z"},"nsu=http://opcfoundation.org/UA/Plc/Applications;s=FastUIntScalar1":{"Value":24,"SourceTimestamp":"2024-04-27T19:17:42.7629612Z","ServerTimestamp":"2024-04-27T19:17:42.7629633Z"},"nsu=http://opcfoundation.org/UA/Plc/Applications;s=FastUIntScalar2":{"Value":24,"SourceTimestamp":"2024-04-27T19:17:42.7629722Z","ServerTimestamp":"2024-04-27T19:17:42.762979Z"},"nsu=http://opcfoundation.org/UA/Plc/Applications;s=FastUIntScalar3":{"Value":24,"SourceTimestamp":"2024-04-27T19:17:42.7629804Z","ServerTimestamp":"2024-04-27T19:17:42.762982Z"},"nsu=http://opcfoundation.org/UA/Plc/Applications;s=FastRandomUIntScalar1":{"Value":3981946891,"SourceTimestamp":"2024-04-27T19:17:42.762968Z","ServerTimestamp":"2024-04-27T19:17:42.7629725Z"},"nsu=http://opcfoundation.org/UA/Plc/Applications;s=FastRandomUIntScalar2":{"Value":3748517065,"SourceTimestamp":"2024-04-27T19:17:42.7629789Z","ServerTimestamp":"2024-04-27T19:17:42.7629803Z"},"nsu=http://opcfoundation.org/UA/Plc/Applications;s=FastRandomUIntScalar3":{"Value":320001705,"SourceTimestamp":"2024-04-27T19:17:42.7629819Z","ServerTimestamp":"2024-04-27T19:17:42.7629892Z"},"nsu=http://opcfoundation.org/UA/Plc/Applications;s=SpikeData":{"Value":84.432792550201512,"SourceTimestamp":"2024-04-27T19:17:43.0610134Z","ServerTimestamp":"2024-04-27T19:17:43.0610144Z"}}]