[{"nsu=http://opcfoundation.org/UA/Plc/Applications;s=StepUp":{"Value":273,"SourceTimestamp":"2024-04-27T19:17:46.0716678Z","ServerTimestamp":"2024-04-27T19:17:46.0716846Z"},"nsu=http://opcfoundation.org/UA/Plc/Applications;s=RandomSignedInt32":{"Value":-807142423,"SourceTimestamp":"2024-04-27T19:17:46.0717041Z","ServerTimestamp":"2024-04-27T19:17:46.071714Z"},"nsu=http://opcfoundation.org/UA/Plc/Applications;s=RandomUnsignedInt32":{"Value":597297041,"SourceTimestamp":"2024-04-27T19:17:46.0717027Z","ServerTimestamp":"2024-04-27T19:17:46.0717035Z"},"nsu=http://opcfoundation.org/UA/Plc/Applications;s=DipData":{"Value":-36.812455268467829,"SourceTimestamp":"2024-04-27T19:17:46.0717248Z","ServerTimestamp":"2024-04-27T19:17:46.0717287Z"},"nsu=http://opcfoundation.org/UA/Plc/Applications;s=FastUIntScalar1":{"Value":27,"SourceTimestamp":"2024-04-27T19:17:45.7638179Z","ServerTimestamp":"2024-04-27T19:17:45.7638203Z"},"nsu=http://opcfoundation.org/UA/Plc/Applications;s=FastUIntScalar2":{"Value":27,"SourceTimestamp":"2024-04-27T19:17:45.7638348Z","ServerTimestamp":"2024-04-27T19:17:45.7638354Z"},"nsu=http://opcfoundation.org/UA/Plc/Applications;s=FastUIntScalar3":{"Value":27,"SourceTimestamp":"2024-04-27T19:17:45.7638365Z","ServerTimestamp":"2024-04-27T19:17:45.763837Z"},"nsu=http://opcfoundation.org/UA/Plc/Applications;s=FastRandomUIntScalar1":{"Value":2216377246,"SourceTimestamp":"2024-04-27T19:17:45.7638178Z","ServerTimestamp":"2024-04-27T19:17:45.763843Z"},"nsu=http://opcfoundation.org/UA/Plc/Applications;s=FastRandomUIntScalar2":{"Value":1191333505,"SourceTimestamp":"2024-04-27T19:17:45.7638519Z","ServerTimestamp":"2024-04-27T19:17:45.7638586Z"},"nsu=http://opcfoundation.org/UA/Plc/Applications;s=FastRandomUIntScalar3":{"Value":2762529634,"SourceTimestamp":"2024-04-27T19:17:45.7638598Z","ServerTimestamp":"2024-04-27T19:17:45.7638814Z"},"nsu=http://opcfoundation.org/UA/Plc/Applications;s=SpikeData":{"Value":-36.812455268467829,"SourceTimestamp":"2024-04-27T19:17:46.0717382Z","ServerTimestamp":"2024-04-27T19:17:46.0717398Z"}}]