[{"nsu=http://opcfoundation.org/UA/Plc/Applications;s=StepUp":{"Value":283,"SourceTimestamp":"2024-04-27T19:17:47.0654348Z","ServerTimestamp":"2024-04-27T19:17:47.065439Z"},"nsu=http://opcfoundation.org/UA/Plc/Applications;s=RandomSignedInt32":{"Value":-99225977,"SourceTimestamp":"2024-04-27T19:17:47.065477Z","ServerTimestamp":"2024-04-27T19:17:47.0654982Z"},"nsu=http://opcfoundation.org/UA/Plc/Applications;s=RandomUnsignedInt32":{"Value":133865741,"SourceTimestamp":"2024-04-27T19:17:47.0654828Z","ServerTimestamp":"2024-04-27T19:17:47.0655179Z"},"nsu=http://opcfoundation.org/UA/Plc/Applications;s=DipData":{"Value":77.051324277578928,"SourceTimestamp":"2024-04-27T19:17:47.0655265Z","ServerTimestamp":"2024-04-27T19:17:47.065529Z"},"nsu=http://opcfoundation.org/UA/Plc/Applications;s=FastUIntScalar1":{"Value":28,"SourceTimestamp":"2024-04-27T19:17:46.7721334Z","ServerTimestamp":"2024-04-27T19:17:46.7721371Z"},"nsu=http://opcfoundation.org/UA/Plc/Applications;s=FastUIntScalar2":{"Value":28,"SourceTimestamp":"2024-04-27T19:17:46.7721513Z","ServerTimestamp":"2024-04-27T19:17:46.7721651Z"},"nsu=http://opcfoundation.org/UA/Plc/Applications;s=FastUIntScalar3":{"Value":28,"SourceTimestamp":"2024-04-27T19:17:46.7721677Z","ServerTimestamp":"2024-04-27T19:17:46.7721712Z"},"nsu=http://opcfoundation.org/UA/Plc/Applications;s=FastRandomUIntScalar1":{"Value":3488862363,"SourceTimestamp":"2024-04-27T19:17:46.7721339Z","ServerTimestamp":"2024-04-27T19:17:46.7721523Z"},"nsu=http://opcfoundation.org/UA/Plc/Applications;s=FastRandomUIntScalar2":{"Value":2055688254,"SourceTimestamp":"2024-04-27T19:17:46.7721646Z","ServerTimestamp":"2024-04-27T19:17:46.7721684Z"},"nsu=http://opcfoundation.org/UA/Plc/Applications;s=FastRandomUIntScalar3":{"Value":2931877298,"SourceTimestamp":"2024-04-27T19:17:46.7721707Z","ServerTimestamp":"2024-04-27T19:17:46.7721739Z"},"nsu=http://opcfoundation.org/UA/Plc/Applications;s=SpikeData":{"Value":77.051324277578928,"SourceTimestamp":"2024-04-27T19:17:47.0655248Z","ServerTimestamp":"2024-04-27T19:17:47.0655257Z"}}]