[{"nsu=http://opcfoundation.org/UA/Plc/Applications;s=StepUp":{"Value":343,"SourceTimestamp":"2024-04-27T19:17:53.059533Z","ServerTimestamp":"2024-04-27T19:17:53.0595485Z"},"nsu=http://opcfoundation.org/UA/Plc/Applications;s=RandomSignedInt32":{"Value":503067071,"SourceTimestamp":"2024-04-27T19:17:53.0595681Z","ServerTimestamp":"2024-04-27T19:17:53.0595687Z"},"nsu=http://opcfoundation.org/UA/Plc/Applications;s=RandomUnsignedInt32":{"Value":1404408367,"SourceTimestamp":"2024-04-27T19:17:53.0595813Z","ServerTimestamp":"2024-04-27T19:17:53.0595828Z"},"nsu=http://opcfoundation.org/UA/Plc/Applications;s=DipData":{"Value":84.432792550201512,"SourceTimestamp":"2024-04-27T19:17:53.0595793Z","ServerTimestamp":"2024-04-27T19:17:53.0595878Z"},"nsu=http://opcfoundation.org/UA/Plc/Applications;s=FastUIntScalar1":{"Value":34,"SourceTimestamp":"2024-04-27T19:17:52.7622368Z","ServerTimestamp":"2024-04-27T19:17:52.7622404Z"},"nsu=http://opcfoundation.org/UA/Plc/Applications;s=FastUIntScalar2":{"Value":34,"SourceTimestamp":"2024-04-27T19:17:52.7622534Z","ServerTimestamp":"2024-04-27T19:17:52.7622599Z"},"nsu=http://opcfoundation.org/UA/Plc/Applications;s=FastUIntScalar3":{"Value":34,"SourceTimestamp":"2024-04-27T19:17:52.7622622Z","ServerTimestamp":"2024-04-27T19:17:52.762265Z"},"nsu=http://opcfoundation.org/UA/Plc/Applications;s=FastRandomUIntScalar1":{"Value":1386768214,"SourceTimestamp":"2024-04-27T19:17:52.76224Z","ServerTimestamp":"2024-04-27T19:17:52.7622543Z"},"nsu=http://opcfoundation.org/UA/Plc/Applications;s=FastRandomUIntScalar2":{"Value":2779777465,"SourceTimestamp":"2024-04-27T19:17:52.7622596Z","ServerTimestamp":"2024-04-27T19:17:52.7622627Z"},"nsu=http://opcfoundation.org/UA/Plc/Applications;s=FastRandomUIntScalar3":{"Value":3571241491,"SourceTimestamp":"2024-04-27T19:17:52.762265Z","ServerTimestamp":"2024-04-27T19:17:52.7622673Z"},"nsu=http://opcfoundation.org/UA/Plc/Applications;s=SpikeData":{"Value":84.432792550201512,"SourceTimestamp":"2024-04-27T19:17:53.0595937Z","ServerTimestamp":"2024-04-27T19:17:53.0595952Z"}}]