[{"nsu=http://opcfoundation.org/UA/Plc/Applications;s=StepUp":{"Value":353,"SourceTimestamp":"2024-04-27T19:17:54.0610625Z","ServerTimestamp":"2024-04-27T19:17:54.0610652Z"},"nsu=http://opcfoundation.org/UA/Plc/Applications;s=AlternatingBoolean":{"Value":false,"SourceTimestamp":"2024-04-27T19:17:53.8615664Z","ServerTimestamp":"2024-04-27T19:17:53.8615749Z"},"nsu=http://opcfoundation.org/UA/Plc/Applications;s=RandomSignedInt32":{"Value":881391183,"SourceTimestamp":"2024-04-27T19:17:54.0610761Z","ServerTimestamp":"2024-04-27T19:17:54.0610774Z"},"nsu=http://opcfoundation.org/UA/Plc/Applications;s=RandomUnsignedInt32":{"Value":233215500,"SourceTimestamp":"2024-04-27T19:17:54.0610917Z","ServerTimestamp":"2024-04-27T19:17:54.0610927Z"},"nsu=http://opcfoundation.org/UA/Plc/Applications;s=DipData":{"Value":-24.86898871648545,"SourceTimestamp":"2024-04-27T19:17:54.0610944Z","ServerTimestamp":"2024-04-27T19:17:54.0610982Z"},"nsu=http://opcfoundation.org/UA/Plc/Applications;s=FastUIntScalar1":{"Value":35,"SourceTimestamp":"2024-04-27T19:17:53.7685702Z","ServerTimestamp":"2024-04-27T19:17:53.7685721Z"},"nsu=http://opcfoundation.org/UA/Plc/Applications;s=FastUIntScalar2":{"Value":35,"SourceTimestamp":"2024-04-27T19:17:53.7685814Z","ServerTimestamp":"2024-04-27T19:17:53.7685882Z"},"nsu=http://opcfoundation.org/UA/Plc/Applications;s=FastUIntScalar3":{"Value":35,"SourceTimestamp":"2024-04-27T19:17:53.7685896Z","ServerTimestamp":"2024-04-27T19:17:53.7685912Z"},"nsu=http://opcfoundation.org/UA/Plc/Applications;s=FastRandomUIntScalar1":{"Value":3595540801,"SourceTimestamp":"2024-04-27T19:17:53.7685714Z","ServerTimestamp":"2024-04-27T19:17:53.7685816Z"},"nsu=http://opcfoundation.org/UA/Plc/Applications;s=FastRandomUIntScalar2":{"Value":433524000,"SourceTimestamp":"2024-04-27T19:17:53.7685881Z","ServerTimestamp":"2024-04-27T19:17:53.7685896Z"},"nsu=http://opcfoundation.org/UA/Plc/Applications;s=FastRandomUIntScalar3":{"Value":1234824232,"SourceTimestamp":"2024-04-27T19:17:53.7685911Z","ServerTimestamp":"2024-04-27T19:17:53.7685927Z"},"nsu=http://opcfoundation.org/UA/Plc/Applications;s=NegativeTrendData":{"Value":99.900000000000006,"SourceTimestamp":"2024-04-27T19:17:53.8615864Z","ServerTimestamp":"2024-04-27T19:17:53.8615895Z"},"nsu=http://opcfoundation.org/UA/Plc/Applications;s=PositiveTrendData":{"Value":100.40000000000001,"SourceTimestamp":"2024-04-27T19:17:53.8615936Z","ServerTimestamp":"2024-04-27T19:17:53.8615945Z"},"nsu=http://opcfoundation.org/UA/Plc/Applications;s=SpikeData":{"Value":-24.86898871648545,"SourceTimestamp":"2024-04-27T19:17:54.0611013Z","ServerTimestamp":"2024-04-27T19:17:54.061102Z"}}]