[{"nsu=http://opcfoundation.org/UA/Plc/Applications;s=SlowUIntScalar1":{"Value":5,"SourceTimestamp":"2024-04-27T19:18:08.7702917Z","ServerTimestamp":"2024-04-27T19:18:08.7702955Z"},"nsu=http://opcfoundation.org/UA/Plc/Applications;s=SlowUIntScalar2":{"Value":5,"SourceTimestamp":"2024-04-27T19:18:08.770308Z","ServerTimestamp":"2024-04-27T19:18:08.7703087Z"},"nsu=http://opcfoundation.org/UA/Plc/Applications;s=SlowUIntScalar3":{"Value":5,"SourceTimestamp":"2024-04-27T19:18:08.7703101Z","ServerTimestamp":"2024-04-27T19:18:08.7703106Z"},"nsu=http://opcfoundation.org/UA/Plc/Applications;s=BadSlowUIntScalar1":{"Value":5,"SourceTimestamp":"2024-04-27T19:18:08.7703123Z","ServerTimestamp":"2024-04-27T19:18:08.7703132Z"},"nsu=http://opcfoundation.org/UA/Plc/Applications;s=SlowRandomUIntScalar1":{"Value":445429631,"SourceTimestamp":"2024-04-27T19:18:08.770323Z","ServerTimestamp":"2024-04-27T19:18:08.7703255Z"},"nsu=http://opcfoundation.org/UA/Plc/Applications;s=SlowRandomUIntScalar2":{"Value":1238122848,"SourceTimestamp":"2024-04-27T19:18:08.770332Z","ServerTimestamp":"2024-04-27T19:18:08.7703329Z"},"nsu=http://opcfoundation.org/UA/Plc/Applications;s=SlowRandomUIntScalar3":{"Value":227170826,"SourceTimestamp":"2024-04-27T19:18:08.7703344Z","ServerTimestamp":"2024-04-27T19:18:08.7703354Z"},"nsu=http://opcfoundation.org/UA/Plc/Applications;s=BadSlowRandomUIntScalar1":{"Value":3899533108,"SourceTimestamp":"2024-04-27T19:18:08.7703401Z","ServerTimestamp":"2024-04-27T19:18:08.7703403Z"}}]