[{"nsu=http://opcfoundation.org/UA/Plc/Applications;s=StepUp":{"Value":543,"SourceTimestamp":"2024-04-27T19:18:13.0686137Z","ServerTimestamp":"2024-04-27T19:18:13.0686228Z"},"nsu=http://opcfoundation.org/UA/Plc/Applications;s=RandomSignedInt32":{"Value":1394773903,"SourceTimestamp":"2024-04-27T19:18:13.0686289Z","ServerTimestamp":"2024-04-27T19:18:13.0686396Z"},"nsu=http://opcfoundation.org/UA/Plc/Applications;s=RandomUnsignedInt32":{"Value":1479163719,"SourceTimestamp":"2024-04-27T19:18:13.0686306Z","ServerTimestamp":"2024-04-27T19:18:13.0686324Z"},"nsu=http://opcfoundation.org/UA/Plc/Applications;s=DipData":{"Value":84.432792550201512,"SourceTimestamp":"2024-04-27T19:18:13.0686418Z","ServerTimestamp":"2024-04-27T19:18:13.0686449Z"},"nsu=http://opcfoundation.org/UA/Plc/Applications;s=FastUIntScalar1":{"Value":54,"SourceTimestamp":"2024-04-27T19:18:12.7719707Z","ServerTimestamp":"2024-04-27T19:18:12.7719725Z"},"nsu=http://opcfoundation.org/UA/Plc/Applications;s=FastUIntScalar2":{"Value":54,"SourceTimestamp":"2024-04-27T19:18:12.7719814Z","ServerTimestamp":"2024-04-27T19:18:12.7719831Z"},"nsu=http://opcfoundation.org/UA/Plc/Applications;s=FastUIntScalar3":{"Value":54,"SourceTimestamp":"2024-04-27T19:18:12.7719842Z","ServerTimestamp":"2024-04-27T19:18:12.7719853Z"},"nsu=http://opcfoundation.org/UA/Plc/Applications;s=FastRandomUIntScalar1":{"Value":2812360885,"SourceTimestamp":"2024-04-27T19:18:12.7719757Z","ServerTimestamp":"2024-04-27T19:18:12.7719812Z"},"nsu=http://opcfoundation.org/UA/Plc/Applications;s=FastRandomUIntScalar2":{"Value":3586666132,"SourceTimestamp":"2024-04-27T19:18:12.7719834Z","ServerTimestamp":"2024-04-27T19:18:12.7719842Z"},"nsu=http://opcfoundation.org/UA/Plc/Applications;s=FastRandomUIntScalar3":{"Value":1660033787,"SourceTimestamp":"2024-04-27T19:18:12.7719853Z","ServerTimestamp":"2024-04-27T19:18:12.7719864Z"},"nsu=http://opcfoundation.org/UA/Plc/Applications;s=SpikeData":{"Value":84.432792550201512,"SourceTimestamp":"2024-04-27T19:18:13.0686502Z","ServerTimestamp":"2024-04-27T19:18:13.0686512Z"}}]