[{"nsu=http://opcfoundation.org/UA/Plc/Applications;s=StepUp":{"Value":553,"SourceTimestamp":"2024-04-27T19:18:14.0605802Z","ServerTimestamp":"2024-04-27T19:18:14.060584Z"},"nsu=http://opcfoundation.org/UA/Plc/Applications;s=AlternatingBoolean":{"Value":false,"SourceTimestamp":"2024-04-27T19:18:13.8736563Z","ServerTimestamp":"2024-04-27T19:18:13.8736656Z"},"nsu=http://opcfoundation.org/UA/Plc/Applications;s=RandomSignedInt32":{"Value":-2032591100,"SourceTimestamp":"2024-04-27T19:18:14.060598Z","ServerTimestamp":"2024-04-27T19:18:14.0605987Z"},"nsu=http://opcfoundation.org/UA/Plc/Applications;s=RandomUnsignedInt32":{"Value":1295478568,"SourceTimestamp":"2024-04-27T19:18:14.0606089Z","ServerTimestamp":"2024-04-27T19:18:14.0606122Z"},"nsu=http://opcfoundation.org/UA/Plc/Applications;s=DipData":{"Value":-24.86898871648545,"SourceTimestamp":"2024-04-27T19:18:14.060621Z","ServerTimestamp":"2024-04-27T19:18:14.0606218Z"},"nsu=http://opcfoundation.org/UA/Plc/Applications;s=FastUIntScalar1":{"Value":55,"SourceTimestamp":"2024-04-27T19:18:13.7643602Z","ServerTimestamp":"2024-04-27T19:18:13.7643634Z"},"nsu=http://opcfoundation.org/UA/Plc/Applications;s=FastUIntScalar2":{"Value":55,"SourceTimestamp":"2024-04-27T19:18:13.764377Z","ServerTimestamp":"2024-04-27T19:18:13.764394Z"},"nsu=http://opcfoundation.org/UA/Plc/Applications;s=FastUIntScalar3":{"Value":55,"SourceTimestamp":"2024-04-27T19:18:13.7643967Z","ServerTimestamp":"2024-04-27T19:18:13.764398Z"},"nsu=http://opcfoundation.org/UA/Plc/Applications;s=FastRandomUIntScalar1":{"Value":1862842964,"SourceTimestamp":"2024-04-27T19:18:13.7643634Z","ServerTimestamp":"2024-04-27T19:18:13.7643774Z"},"nsu=http://opcfoundation.org/UA/Plc/Applications;s=FastRandomUIntScalar2":{"Value":1258805498,"SourceTimestamp":"2024-04-27T19:18:13.7643882Z","ServerTimestamp":"2024-04-27T19:18:13.7643892Z"},"nsu=http://opcfoundation.org/UA/Plc/Applications;s=FastRandomUIntScalar3":{"Value":3910143554,"SourceTimestamp":"2024-04-27T19:18:13.7643907Z","ServerTimestamp":"2024-04-27T19:18:13.7643916Z"},"nsu=http://opcfoundation.org/UA/Plc/Applications;s=NegativeTrendData":{"Value":99.5,"SourceTimestamp":"2024-04-27T19:18:13.873673Z","ServerTimestamp":"2024-04-27T19:18:13.8736792Z"},"nsu=http://opcfoundation.org/UA/Plc/Applications;s=PositiveTrendData":{"Value":100.8,"SourceTimestamp":"2024-04-27T19:18:13.8737131Z","ServerTimestamp":"2024-04-27T19:18:13.8737163Z"},"nsu=http://opcfoundation.org/UA/Plc/Applications;s=SpikeData":{"Value":-24.86898871648545,"SourceTimestamp":"2024-04-27T19:18:14.0606264Z","ServerTimestamp":"2024-04-27T19:18:14.0606272Z"}}]