[{"nsu=http://opcfoundation.org/UA/Plc/Applications;s=StepUp":{"Value":582,"SourceTimestamp":"2024-04-27T19:18:16.9711975Z","ServerTimestamp":"2024-04-27T19:18:16.9712005Z"},"nsu=http://opcfoundation.org/UA/Plc/Applications;s=RandomSignedInt32":{"Value":-2005715000,"SourceTimestamp":"2024-04-27T19:18:16.9712099Z","ServerTimestamp":"2024-04-27T19:18:16.9712107Z"},"nsu=http://opcfoundation.org/UA/Plc/Applications;s=RandomUnsignedInt32":{"Value":2134546025,"SourceTimestamp":"2024-04-27T19:18:16.9712127Z","ServerTimestamp":"2024-04-27T19:18:16.9712136Z"},"nsu=http://opcfoundation.org/UA/Plc/Applications;s=DipData":{"Value":68.45471059286885,"SourceTimestamp":"2024-04-27T19:18:16.9712256Z","ServerTimestamp":"2024-04-27T19:18:16.9712364Z"},"nsu=http://opcfoundation.org/UA/Plc/Applications;s=FastUIntScalar1":{"Value":58,"SourceTimestamp":"2024-04-27T19:18:16.7691986Z","ServerTimestamp":"2024-04-27T19:18:16.7692014Z"},"nsu=http://opcfoundation.org/UA/Plc/Applications;s=FastUIntScalar2":{"Value":58,"SourceTimestamp":"2024-04-27T19:18:16.7692129Z","ServerTimestamp":"2024-04-27T19:18:16.7692263Z"},"nsu=http://opcfoundation.org/UA/Plc/Applications;s=FastUIntScalar3":{"Value":58,"SourceTimestamp":"2024-04-27T19:18:16.7692279Z","ServerTimestamp":"2024-04-27T19:18:16.7692311Z"},"nsu=http://opcfoundation.org/UA/Plc/Applications;s=FastRandomUIntScalar1":{"Value":412669146,"SourceTimestamp":"2024-04-27T19:18:16.7692039Z","ServerTimestamp":"2024-04-27T19:18:16.7692134Z"},"nsu=http://opcfoundation.org/UA/Plc/Applications;s=FastRandomUIntScalar2":{"Value":1359316492,"SourceTimestamp":"2024-04-27T19:18:16.7692256Z","ServerTimestamp":"2024-04-27T19:18:16.7692288Z"},"nsu=http://opcfoundation.org/UA/Plc/Applications;s=FastRandomUIntScalar3":{"Value":2393321487,"SourceTimestamp":"2024-04-27T19:18:16.7692308Z","ServerTimestamp":"2024-04-27T19:18:16.7692329Z"},"nsu=http://opcfoundation.org/UA/Plc/Applications;s=SpikeData":{"Value":68.45471059286885,"SourceTimestamp":"2024-04-27T19:18:16.9712274Z","ServerTimestamp":"2024-04-27T19:18:16.9712341Z"}}]