[{"nsu=http://opcfoundation.org/UA/Plc/Applications;s=StepUp":{"Value":593,"SourceTimestamp":"2024-04-27T19:18:18.0728974Z","ServerTimestamp":"2024-04-27T19:18:18.0729009Z"},"nsu=http://opcfoundation.org/UA/Plc/Applications;s=RandomSignedInt32":{"Value":-1926028704,"SourceTimestamp":"2024-04-27T19:18:18.0729333Z","ServerTimestamp":"2024-04-27T19:18:18.0729542Z"},"nsu=http://opcfoundation.org/UA/Plc/Applications;s=RandomUnsignedInt32":{"Value":1117765477,"SourceTimestamp":"2024-04-27T19:18:18.0729701Z","ServerTimestamp":"2024-04-27T19:18:18.0729746Z"},"nsu=http://opcfoundation.org/UA/Plc/Applications;s=DipData":{"Value":84.432792550201512,"SourceTimestamp":"2024-04-27T19:18:18.0729686Z","ServerTimestamp":"2024-04-27T19:18:18.0729697Z"},"nsu=http://opcfoundation.org/UA/Plc/Applications;s=FastUIntScalar1":{"Value":59,"SourceTimestamp":"2024-04-27T19:18:17.763307Z","ServerTimestamp":"2024-04-27T19:18:17.7633086Z"},"nsu=http://opcfoundation.org/UA/Plc/Applications;s=FastUIntScalar2":{"Value":59,"SourceTimestamp":"2024-04-27T19:18:17.7633249Z","ServerTimestamp":"2024-04-27T19:18:17.7633256Z"},"nsu=http://opcfoundation.org/UA/Plc/Applications;s=FastUIntScalar3":{"Value":59,"SourceTimestamp":"2024-04-27T19:18:17.7633272Z","ServerTimestamp":"2024-04-27T19:18:17.763328Z"},"nsu=http://opcfoundation.org/UA/Plc/Applications;s=FastRandomUIntScalar1":{"Value":172651312,"SourceTimestamp":"2024-04-27T19:18:17.7633062Z","ServerTimestamp":"2024-04-27T19:18:17.7633309Z"},"nsu=http://opcfoundation.org/UA/Plc/Applications;s=FastRandomUIntScalar2":{"Value":3471607603,"SourceTimestamp":"2024-04-27T19:18:17.7633388Z","ServerTimestamp":"2024-04-27T19:18:17.7633445Z"},"nsu=http://opcfoundation.org/UA/Plc/Applications;s=FastRandomUIntScalar3":{"Value":1136238629,"SourceTimestamp":"2024-04-27T19:18:17.7633461Z","ServerTimestamp":"2024-04-27T19:18:17.7633477Z"},"nsu=http://opcfoundation.org/UA/Plc/Applications;s=SpikeData":{"Value":84.432792550201512,"SourceTimestamp":"2024-04-27T19:18:18.0729765Z","ServerTimestamp":"2024-04-27T19:18:18.0729962Z"}}]