[{"nsu=http://opcfoundation.org/UA/Plc/Applications;s=StepUp":{"Value":693,"SourceTimestamp":"2024-04-27T19:18:28.062952Z","ServerTimestamp":"2024-04-27T19:18:28.0629556Z"},"nsu=http://opcfoundation.org/UA/Plc/Applications;s=RandomSignedInt32":{"Value":95883204,"SourceTimestamp":"2024-04-27T19:18:28.0629767Z","ServerTimestamp":"2024-04-27T19:18:28.0629784Z"},"nsu=http://opcfoundation.org/UA/Plc/Applications;s=RandomUnsignedInt32":{"Value":394136338,"SourceTimestamp":"2024-04-27T19:18:28.0629861Z","ServerTimestamp":"2024-04-27T19:18:28.0629873Z"},"nsu=http://opcfoundation.org/UA/Plc/Applications;s=DipData":{"Value":84.432792550201512,"SourceTimestamp":"2024-04-27T19:18:28.0629878Z","ServerTimestamp":"2024-04-27T19:18:28.0629916Z"},"nsu=http://opcfoundation.org/UA/Plc/Applications;s=FastUIntScalar1":{"Value":69,"SourceTimestamp":"2024-04-27T19:18:27.7687619Z","ServerTimestamp":"2024-04-27T19:18:27.7687646Z"},"nsu=http://opcfoundation.org/UA/Plc/Applications;s=FastUIntScalar2":{"Value":69,"SourceTimestamp":"2024-04-27T19:18:27.7687767Z","ServerTimestamp":"2024-04-27T19:18:27.7687835Z"},"nsu=http://opcfoundation.org/UA/Plc/Applications;s=FastUIntScalar3":{"Value":69,"SourceTimestamp":"2024-04-27T19:18:27.7687851Z","ServerTimestamp":"2024-04-27T19:18:27.7687863Z"},"nsu=http://opcfoundation.org/UA/Plc/Applications;s=FastRandomUIntScalar1":{"Value":3576122037,"SourceTimestamp":"2024-04-27T19:18:27.7687634Z","ServerTimestamp":"2024-04-27T19:18:27.7687772Z"},"nsu=http://opcfoundation.org/UA/Plc/Applications;s=FastRandomUIntScalar2":{"Value":1839099921,"SourceTimestamp":"2024-04-27T19:18:27.7687836Z","ServerTimestamp":"2024-04-27T19:18:27.7687851Z"},"nsu=http://opcfoundation.org/UA/Plc/Applications;s=FastRandomUIntScalar3":{"Value":47678120,"SourceTimestamp":"2024-04-27T19:18:27.7687866Z","ServerTimestamp":"2024-04-27T19:18:27.7687875Z"},"nsu=http://opcfoundation.org/UA/Plc/Applications;s=SpikeData":{"Value":84.432792550201512,"SourceTimestamp":"2024-04-27T19:18:28.0629978Z","ServerTimestamp":"2024-04-27T19:18:28.0629985Z"}}]