[{"nsu=http://opcfoundation.org/UA/Plc/Applications;s=StepUp":{"Value":713,"SourceTimestamp":"2024-04-27T19:18:30.0654199Z","ServerTimestamp":"2024-04-27T19:18:30.0654234Z"},"nsu=http://opcfoundation.org/UA/Plc/Applications;s=RandomSignedInt32":{"Value":-479204164,"SourceTimestamp":"2024-04-27T19:18:30.065437Z","ServerTimestamp":"2024-04-27T19:18:30.065443Z"},"nsu=http://opcfoundation.org/UA/Plc/Applications;s=RandomUnsignedInt32":{"Value":1271121077,"SourceTimestamp":"2024-04-27T19:18:30.0654372Z","ServerTimestamp":"2024-04-27T19:18:30.0654415Z"},"nsu=http://opcfoundation.org/UA/Plc/Applications;s=DipData":{"Value":-99.80267284282715,"SourceTimestamp":"2024-04-27T19:18:30.0654556Z","ServerTimestamp":"2024-04-27T19:18:30.0654588Z"},"nsu=http://opcfoundation.org/UA/Plc/Applications;s=FastUIntScalar1":{"Value":71,"SourceTimestamp":"2024-04-27T19:18:29.7678691Z","ServerTimestamp":"2024-04-27T19:18:29.7678712Z"},"nsu=http://opcfoundation.org/UA/Plc/Applications;s=FastUIntScalar2":{"Value":71,"SourceTimestamp":"2024-04-27T19:18:29.7678808Z","ServerTimestamp":"2024-04-27T19:18:29.7678814Z"},"nsu=http://opcfoundation.org/UA/Plc/Applications;s=FastUIntScalar3":{"Value":71,"SourceTimestamp":"2024-04-27T19:18:29.7678825Z","ServerTimestamp":"2024-04-27T19:18:29.767883Z"},"nsu=http://opcfoundation.org/UA/Plc/Applications;s=FastRandomUIntScalar1":{"Value":3401022111,"SourceTimestamp":"2024-04-27T19:18:29.7678868Z","ServerTimestamp":"2024-04-27T19:18:29.7678873Z"},"nsu=http://opcfoundation.org/UA/Plc/Applications;s=FastRandomUIntScalar2":{"Value":2226376007,"SourceTimestamp":"2024-04-27T19:18:29.7678884Z","ServerTimestamp":"2024-04-27T19:18:29.7678889Z"},"nsu=http://opcfoundation.org/UA/Plc/Applications;s=FastRandomUIntScalar3":{"Value":1870815542,"SourceTimestamp":"2024-04-27T19:18:29.7678898Z","ServerTimestamp":"2024-04-27T19:18:29.7678905Z"},"nsu=http://opcfoundation.org/UA/Plc/Applications;s=SpikeData":{"Value":-99.80267284282715,"SourceTimestamp":"2024-04-27T19:18:30.065454Z","ServerTimestamp":"2024-04-27T19:18:30.0654554Z"}}]