[{"nsu=http://opcfoundation.org/UA/Plc/Applications;s=StepUp":{"Value":752,"SourceTimestamp":"2024-04-27T19:18:33.9617017Z","ServerTimestamp":"2024-04-27T19:18:33.9617065Z"},"nsu=http://opcfoundation.org/UA/Plc/Applications;s=AlternatingBoolean":{"Value":false,"SourceTimestamp":"2024-04-27T19:18:33.8673766Z","ServerTimestamp":"2024-04-27T19:18:33.867381Z"},"nsu=http://opcfoundation.org/UA/Plc/Applications;s=RandomSignedInt32":{"Value":1453858034,"SourceTimestamp":"2024-04-27T19:18:33.9617732Z","ServerTimestamp":"2024-04-27T19:18:33.9617804Z"},"nsu=http://opcfoundation.org/UA/Plc/Applications;s=RandomUnsignedInt32":{"Value":1885040229,"SourceTimestamp":"2024-04-27T19:18:33.9617711Z","ServerTimestamp":"2024-04-27T19:18:33.9617916Z"},"nsu=http://opcfoundation.org/UA/Plc/Applications;s=DipData":{"Value":-12.533323356430378,"SourceTimestamp":"2024-04-27T19:18:33.961795Z","ServerTimestamp":"2024-04-27T19:18:33.9617965Z"},"nsu=http://opcfoundation.org/UA/Plc/Applications;s=FastUIntScalar1":{"Value":75,"SourceTimestamp":"2024-04-27T19:18:33.7748237Z","ServerTimestamp":"2024-04-27T19:18:33.774826Z"},"nsu=http://opcfoundation.org/UA/Plc/Applications;s=FastUIntScalar2":{"Value":75,"SourceTimestamp":"2024-04-27T19:18:33.7748327Z","ServerTimestamp":"2024-04-27T19:18:33.7748339Z"},"nsu=http://opcfoundation.org/UA/Plc/Applications;s=FastUIntScalar3":{"Value":75,"SourceTimestamp":"2024-04-27T19:18:33.7748354Z","ServerTimestamp":"2024-04-27T19:18:33.7748359Z"},"nsu=http://opcfoundation.org/UA/Plc/Applications;s=FastRandomUIntScalar1":{"Value":2335283769,"SourceTimestamp":"2024-04-27T19:18:33.7748075Z","ServerTimestamp":"2024-04-27T19:18:33.7748099Z"},"nsu=http://opcfoundation.org/UA/Plc/Applications;s=FastRandomUIntScalar2":{"Value":2954427061,"SourceTimestamp":"2024-04-27T19:18:33.7748188Z","ServerTimestamp":"2024-04-27T19:18:33.7748195Z"},"nsu=http://opcfoundation.org/UA/Plc/Applications;s=FastRandomUIntScalar3":{"Value":1751767264,"SourceTimestamp":"2024-04-27T19:18:33.7748214Z","ServerTimestamp":"2024-04-27T19:18:33.7748221Z"},"nsu=http://opcfoundation.org/UA/Plc/Applications;s=NegativeTrendData":{"Value":99.099999999999994,"SourceTimestamp":"2024-04-27T19:18:33.8674454Z","ServerTimestamp":"2024-04-27T19:18:33.8674481Z"},"nsu=http://opcfoundation.org/UA/Plc/Applications;s=PositiveTrendData":{"Value":101.2,"SourceTimestamp":"2024-04-27T19:18:33.86745Z","ServerTimestamp":"2024-04-27T19:18:33.8674571Z"},"nsu=http://opcfoundation.org/UA/Plc/Applications;s=SpikeData":{"Value":-12.533323356430378,"SourceTimestamp":"2024-04-27T19:18:33.961807Z","ServerTimestamp":"2024-04-27T19:18:33.9618087Z"}}]