[{"nsu=http://opcfoundation.org/UA/Plc/Applications;s=StepUp":{"Value":783,"SourceTimestamp":"2024-04-27T19:18:37.069274Z","ServerTimestamp":"2024-04-27T19:18:37.0692771Z"},"nsu=http://opcfoundation.org/UA/Plc/Applications;s=RandomSignedInt32":{"Value":-893708492,"SourceTimestamp":"2024-04-27T19:18:37.0693048Z","ServerTimestamp":"2024-04-27T19:18:37.0693121Z"},"nsu=http://opcfoundation.org/UA/Plc/Applications;s=RandomUnsignedInt32":{"Value":1786862250,"SourceTimestamp":"2024-04-27T19:18:37.0693167Z","ServerTimestamp":"2024-04-27T19:18:37.069318Z"},"nsu=http://opcfoundation.org/UA/Plc/Applications;s=DipData":{"Value":77.051324277578928,"SourceTimestamp":"2024-04-27T19:18:37.0693184Z","ServerTimestamp":"2024-04-27T19:18:37.0693221Z"},"nsu=http://opcfoundation.org/UA/Plc/Applications;s=FastUIntScalar1":{"Value":78,"SourceTimestamp":"2024-04-27T19:18:36.7733167Z","ServerTimestamp":"2024-04-27T19:18:36.7733202Z"},"nsu=http://opcfoundation.org/UA/Plc/Applications;s=FastUIntScalar2":{"Value":78,"SourceTimestamp":"2024-04-27T19:18:36.7733349Z","ServerTimestamp":"2024-04-27T19:18:36.7733495Z"},"nsu=http://opcfoundation.org/UA/Plc/Applications;s=FastUIntScalar3":{"Value":78,"SourceTimestamp":"2024-04-27T19:18:36.7733573Z","ServerTimestamp":"2024-04-27T19:18:36.7733599Z"},"nsu=http://opcfoundation.org/UA/Plc/Applications;s=FastRandomUIntScalar1":{"Value":4248087711,"SourceTimestamp":"2024-04-27T19:18:36.7733179Z","ServerTimestamp":"2024-04-27T19:18:36.7733363Z"},"nsu=http://opcfoundation.org/UA/Plc/Applications;s=FastRandomUIntScalar2":{"Value":4214311337,"SourceTimestamp":"2024-04-27T19:18:36.773349Z","ServerTimestamp":"2024-04-27T19:18:36.7733576Z"},"nsu=http://opcfoundation.org/UA/Plc/Applications;s=FastRandomUIntScalar3":{"Value":66618529,"SourceTimestamp":"2024-04-27T19:18:36.77336Z","ServerTimestamp":"2024-04-27T19:18:36.7733626Z"},"nsu=http://opcfoundation.org/UA/Plc/Applications;s=SpikeData":{"Value":77.051324277578928,"SourceTimestamp":"2024-04-27T19:18:37.0693265Z","ServerTimestamp":"2024-04-27T19:18:37.0693275Z"}}]