[{"nsu=http://opcfoundation.org/UA/Plc/Applications;s=SlowUIntScalar1":{"Value":8,"SourceTimestamp":"2024-04-27T19:18:38.7618082Z","ServerTimestamp":"2024-04-27T19:18:38.7618194Z"},"nsu=http://opcfoundation.org/UA/Plc/Applications;s=SlowUIntScalar2":{"Value":8,"SourceTimestamp":"2024-04-27T19:18:38.7618252Z","ServerTimestamp":"2024-04-27T19:18:38.7618265Z"},"nsu=http://opcfoundation.org/UA/Plc/Applications;s=SlowUIntScalar3":{"Value":8,"SourceTimestamp":"2024-04-27T19:18:38.7618277Z","ServerTimestamp":"2024-04-27T19:18:38.7618288Z"},"nsu=http://opcfoundation.org/UA/Plc/Applications;s=BadSlowUIntScalar1":{"Value":8,"StatusCode":{"Symbol":"UncertainLastUsableValue","Code":1083179008},"SourceTimestamp":"2024-04-27T19:18:38.7618302Z","ServerTimestamp":"2024-04-27T19:18:38.7618314Z"},"nsu=http://opcfoundation.org/UA/Plc/Applications;s=SlowRandomUIntScalar1":{"Value":4028667196,"SourceTimestamp":"2024-04-27T19:18:38.7618085Z","ServerTimestamp":"2024-04-27T19:18:38.7618106Z"},"nsu=http://opcfoundation.org/UA/Plc/Applications;s=SlowRandomUIntScalar2":{"Value":912584995,"SourceTimestamp":"2024-04-27T19:18:38.7618191Z","ServerTimestamp":"2024-04-27T19:18:38.7618253Z"},"nsu=http://opcfoundation.org/UA/Plc/Applications;s=SlowRandomUIntScalar3":{"Value":2468461777,"SourceTimestamp":"2024-04-27T19:18:38.761827Z","ServerTimestamp":"2024-04-27T19:18:38.7618278Z"},"nsu=http://opcfoundation.org/UA/Plc/Applications;s=BadSlowRandomUIntScalar1":{"Value":1900671655,"StatusCode":{"Symbol":"UncertainLastUsableValue","Code":1083179008},"SourceTimestamp":"2024-04-27T19:18:38.7618291Z","ServerTimestamp":"2024-04-27T19:18:38.7618297Z"}}]