[{"nsu=http://opcfoundation.org/UA/Plc/Applications;s=StepUp":{"Value":823,"SourceTimestamp":"2024-04-27T19:18:41.0602494Z","ServerTimestamp":"2024-04-27T19:18:41.0602544Z"},"nsu=http://opcfoundation.org/UA/Plc/Applications;s=RandomSignedInt32":{"Value":-291055657,"SourceTimestamp":"2024-04-27T19:18:41.0602446Z","ServerTimestamp":"2024-04-27T19:18:41.0602488Z"},"nsu=http://opcfoundation.org/UA/Plc/Applications;s=RandomUnsignedInt32":{"Value":1311562638,"SourceTimestamp":"2024-04-27T19:18:41.0602342Z","ServerTimestamp":"2024-04-27T19:18:41.06024Z"},"nsu=http://opcfoundation.org/UA/Plc/Applications;s=DipData":{"Value":-36.812455268467829,"SourceTimestamp":"2024-04-27T19:18:41.0602628Z","ServerTimestamp":"2024-04-27T19:18:41.0602656Z"},"nsu=http://opcfoundation.org/UA/Plc/Applications;s=FastUIntScalar1":{"Value":82,"SourceTimestamp":"2024-04-27T19:18:40.76265Z","ServerTimestamp":"2024-04-27T19:18:40.7626522Z"},"nsu=http://opcfoundation.org/UA/Plc/Applications;s=FastUIntScalar2":{"Value":82,"SourceTimestamp":"2024-04-27T19:18:40.7626633Z","ServerTimestamp":"2024-04-27T19:18:40.762664Z"},"nsu=http://opcfoundation.org/UA/Plc/Applications;s=FastUIntScalar3":{"Value":82,"SourceTimestamp":"2024-04-27T19:18:40.7626651Z","ServerTimestamp":"2024-04-27T19:18:40.7626716Z"},"nsu=http://opcfoundation.org/UA/Plc/Applications;s=FastRandomUIntScalar1":{"Value":4134748331,"SourceTimestamp":"2024-04-27T19:18:40.7626504Z","ServerTimestamp":"2024-04-27T19:18:40.7626654Z"},"nsu=http://opcfoundation.org/UA/Plc/Applications;s=FastRandomUIntScalar2":{"Value":4268154416,"SourceTimestamp":"2024-04-27T19:18:40.7626717Z","ServerTimestamp":"2024-04-27T19:18:40.7626744Z"},"nsu=http://opcfoundation.org/UA/Plc/Applications;s=FastRandomUIntScalar3":{"Value":449253177,"SourceTimestamp":"2024-04-27T19:18:40.7626762Z","ServerTimestamp":"2024-04-27T19:18:40.762677Z"},"nsu=http://opcfoundation.org/UA/Plc/Applications;s=SpikeData":{"Value":-36.812455268467829,"SourceTimestamp":"2024-04-27T19:18:41.0602067Z","ServerTimestamp":"2024-04-27T19:18:41.0602237Z"}}]