[{"nsu=http://opcfoundation.org/UA/Plc/Applications;s=StepUp":{"Value":853,"SourceTimestamp":"2024-04-27T19:18:44.0700723Z","ServerTimestamp":"2024-04-27T19:18:44.0700752Z"},"nsu=http://opcfoundation.org/UA/Plc/Applications;s=AlternatingBoolean":{"Value":false,"SourceTimestamp":"2024-04-27T19:18:43.8665731Z","ServerTimestamp":"2024-04-27T19:18:43.8665765Z"},"nsu=http://opcfoundation.org/UA/Plc/Applications;s=RandomSignedInt32":{"Value":741069361,"SourceTimestamp":"2024-04-27T19:18:44.0700914Z","ServerTimestamp":"2024-04-27T19:18:44.0700927Z"},"nsu=http://opcfoundation.org/UA/Plc/Applications;s=RandomUnsignedInt32":{"Value":1535610877,"SourceTimestamp":"2024-04-27T19:18:44.0700946Z","ServerTimestamp":"2024-04-27T19:18:44.0700971Z"},"nsu=http://opcfoundation.org/UA/Plc/Applications;s=DipData":{"Value":-24.86898871648545,"SourceTimestamp":"2024-04-27T19:18:44.0701085Z","ServerTimestamp":"2024-04-27T19:18:44.0701109Z"},"nsu=http://opcfoundation.org/UA/Plc/Applications;s=FastUIntScalar1":{"Value":85,"SourceTimestamp":"2024-04-27T19:18:43.7739282Z","ServerTimestamp":"2024-04-27T19:18:43.773931Z"},"nsu=http://opcfoundation.org/UA/Plc/Applications;s=FastUIntScalar2":{"Value":85,"SourceTimestamp":"2024-04-27T19:18:43.773942Z","ServerTimestamp":"2024-04-27T19:18:43.7739763Z"},"nsu=http://opcfoundation.org/UA/Plc/Applications;s=FastUIntScalar3":{"Value":85,"SourceTimestamp":"2024-04-27T19:18:43.7739791Z","ServerTimestamp":"2024-04-27T19:18:43.7739853Z"},"nsu=http://opcfoundation.org/UA/Plc/Applications;s=FastRandomUIntScalar1":{"Value":4249714901,"SourceTimestamp":"2024-04-27T19:18:43.7739383Z","ServerTimestamp":"2024-04-27T19:18:43.7739417Z"},"nsu=http://opcfoundation.org/UA/Plc/Applications;s=FastRandomUIntScalar2":{"Value":260886762,"SourceTimestamp":"2024-04-27T19:18:43.7739438Z","ServerTimestamp":"2024-04-27T19:18:43.7739444Z"},"nsu=http://opcfoundation.org/UA/Plc/Applications;s=FastRandomUIntScalar3":{"Value":110430998,"SourceTimestamp":"2024-04-27T19:18:43.7739462Z","ServerTimestamp":"2024-04-27T19:18:43.7739468Z"},"nsu=http://opcfoundation.org/UA/Plc/Applications;s=NegativeTrendData":{"Value":98.900000000000006,"SourceTimestamp":"2024-04-27T19:18:43.8666052Z","ServerTimestamp":"2024-04-27T19:18:43.8666064Z"},"nsu=http://opcfoundation.org/UA/Plc/Applications;s=PositiveTrendData":{"Value":101.40000000000001,"SourceTimestamp":"2024-04-27T19:18:43.8666131Z","ServerTimestamp":"2024-04-27T19:18:43.8666215Z"},"nsu=http://opcfoundation.org/UA/Plc/Applications;s=SpikeData":{"Value":-24.86898871648545,"SourceTimestamp":"2024-04-27T19:18:44.0701089Z","ServerTimestamp":"2024-04-27T19:18:44.0701096Z"}}]