[{"nsu=http://opcfoundation.org/UA/Plc/Applications;s=StepUp":{"Value":893,"SourceTimestamp":"2024-04-27T19:18:48.0599385Z","ServerTimestamp":"2024-04-27T19:18:48.0599417Z"},"nsu=http://opcfoundation.org/UA/Plc/Applications;s=RandomSignedInt32":{"Value":1326566908,"SourceTimestamp":"2024-04-27T19:18:48.0599515Z","ServerTimestamp":"2024-04-27T19:18:48.0599604Z"},"nsu=http://opcfoundation.org/UA/Plc/Applications;s=RandomUnsignedInt32":{"Value":265942663,"SourceTimestamp":"2024-04-27T19:18:48.0599719Z","ServerTimestamp":"2024-04-27T19:18:48.0599732Z"},"nsu=http://opcfoundation.org/UA/Plc/Applications;s=DipData":{"Value":84.432792550201512,"SourceTimestamp":"2024-04-27T19:18:48.0599662Z","ServerTimestamp":"2024-04-27T19:18:48.0599669Z"},"nsu=http://opcfoundation.org/UA/Plc/Applications;s=FastUIntScalar1":{"Value":89,"SourceTimestamp":"2024-04-27T19:18:47.7652209Z","ServerTimestamp":"2024-04-27T19:18:47.7652328Z"},"nsu=http://opcfoundation.org/UA/Plc/Applications;s=FastUIntScalar2":{"Value":89,"SourceTimestamp":"2024-04-27T19:18:47.7652389Z","ServerTimestamp":"2024-04-27T19:18:47.7652399Z"},"nsu=http://opcfoundation.org/UA/Plc/Applications;s=FastUIntScalar3":{"Value":89,"SourceTimestamp":"2024-04-27T19:18:47.7652434Z","ServerTimestamp":"2024-04-27T19:18:47.7652449Z"},"nsu=http://opcfoundation.org/UA/Plc/Applications;s=FastRandomUIntScalar1":{"Value":1280320585,"SourceTimestamp":"2024-04-27T19:18:47.7652205Z","ServerTimestamp":"2024-04-27T19:18:47.7652224Z"},"nsu=http://opcfoundation.org/UA/Plc/Applications;s=FastRandomUIntScalar2":{"Value":2709415422,"SourceTimestamp":"2024-04-27T19:18:47.7652318Z","ServerTimestamp":"2024-04-27T19:18:47.7652386Z"},"nsu=http://opcfoundation.org/UA/Plc/Applications;s=FastRandomUIntScalar3":{"Value":3311311612,"SourceTimestamp":"2024-04-27T19:18:47.7652399Z","ServerTimestamp":"2024-04-27T19:18:47.7652436Z"},"nsu=http://opcfoundation.org/UA/Plc/Applications;s=SpikeData":{"Value":84.432792550201512,"SourceTimestamp":"2024-04-27T19:18:48.0599702Z","ServerTimestamp":"2024-04-27T19:18:48.0599716Z"}}]