[{"nsu=http://opcfoundation.org/UA/Plc/Applications;s=StepUp":{"Value":903,"SourceTimestamp":"2024-04-27T19:18:49.0688383Z","ServerTimestamp":"2024-04-27T19:18:49.068842Z"},"nsu=http://opcfoundation.org/UA/Plc/Applications;s=AlternatingBoolean":{"Value":true,"SourceTimestamp":"2024-04-27T19:18:48.8687142Z","ServerTimestamp":"2024-04-27T19:18:48.8687182Z"},"nsu=http://opcfoundation.org/UA/Plc/Applications;s=RandomSignedInt32":{"Value":921968324,"SourceTimestamp":"2024-04-27T19:18:49.0688582Z","ServerTimestamp":"2024-04-27T19:18:49.068861Z"},"nsu=http://opcfoundation.org/UA/Plc/Applications;s=RandomUnsignedInt32":{"Value":1493998618,"SourceTimestamp":"2024-04-27T19:18:49.0688622Z","ServerTimestamp":"2024-04-27T19:18:49.0688642Z"},"nsu=http://opcfoundation.org/UA/Plc/Applications;s=DipData":{"Value":-24.86898871648545,"SourceTimestamp":"2024-04-27T19:18:49.0688697Z","ServerTimestamp":"2024-04-27T19:18:49.0688703Z"},"nsu=http://opcfoundation.org/UA/Plc/Applications;s=FastUIntScalar1":{"Value":90,"SourceTimestamp":"2024-04-27T19:18:48.7600501Z","ServerTimestamp":"2024-04-27T19:18:48.7600524Z"},"nsu=http://opcfoundation.org/UA/Plc/Applications;s=FastUIntScalar2":{"Value":90,"SourceTimestamp":"2024-04-27T19:18:48.7600584Z","ServerTimestamp":"2024-04-27T19:18:48.7600592Z"},"nsu=http://opcfoundation.org/UA/Plc/Applications;s=FastUIntScalar3":{"Value":90,"SourceTimestamp":"2024-04-27T19:18:48.7600608Z","ServerTimestamp":"2024-04-27T19:18:48.7600622Z"},"nsu=http://opcfoundation.org/UA/Plc/Applications;s=FastRandomUIntScalar1":{"Value":4107242395,"SourceTimestamp":"2024-04-27T19:18:48.7600503Z","ServerTimestamp":"2024-04-27T19:18:48.7600509Z"},"nsu=http://opcfoundation.org/UA/Plc/Applications;s=FastRandomUIntScalar2":{"Value":2949809333,"SourceTimestamp":"2024-04-27T19:18:48.7600523Z","ServerTimestamp":"2024-04-27T19:18:48.7600582Z"},"nsu=http://opcfoundation.org/UA/Plc/Applications;s=FastRandomUIntScalar3":{"Value":2201416807,"SourceTimestamp":"2024-04-27T19:18:48.7600592Z","ServerTimestamp":"2024-04-27T19:18:48.7600608Z"},"nsu=http://opcfoundation.org/UA/Plc/Applications;s=NegativeTrendData":{"Value":98.799999999999997,"SourceTimestamp":"2024-04-27T19:18:48.8687286Z","ServerTimestamp":"2024-04-27T19:18:48.8687706Z"},"nsu=http://opcfoundation.org/UA/Plc/Applications;s=PositiveTrendData":{"Value":101.5,"SourceTimestamp":"2024-04-27T19:18:48.8687269Z","ServerTimestamp":"2024-04-27T19:18:48.8687331Z"},"nsu=http://opcfoundation.org/UA/Plc/Applications;s=SpikeData":{"Value":-24.86898871648545,"SourceTimestamp":"2024-04-27T19:18:49.0688716Z","ServerTimestamp":"2024-04-27T19:18:49.0689182Z"}}]