[{"nsu=http://opcfoundation.org/UA/Plc/Applications;s=StepUp":{"Value":963,"SourceTimestamp":"2024-04-27T19:18:55.0687781Z","ServerTimestamp":"2024-04-27T19:18:55.0687812Z"},"nsu=http://opcfoundation.org/UA/Plc/Applications;s=RandomSignedInt32":{"Value":-1125660303,"SourceTimestamp":"2024-04-27T19:18:55.0687975Z","ServerTimestamp":"2024-04-27T19:18:55.0687998Z"},"nsu=http://opcfoundation.org/UA/Plc/Applications;s=RandomUnsignedInt32":{"Value":294535100,"SourceTimestamp":"2024-04-27T19:18:55.0687994Z","ServerTimestamp":"2024-04-27T19:18:55.0688259Z"},"nsu=http://opcfoundation.org/UA/Plc/Applications;s=DipData":{"Value":-99.80267284282715,"SourceTimestamp":"2024-04-27T19:18:55.0688066Z","ServerTimestamp":"2024-04-27T19:18:55.0688142Z"},"nsu=http://opcfoundation.org/UA/Plc/Applications;s=FastUIntScalar1":{"Value":96,"SourceTimestamp":"2024-04-27T19:18:54.7597159Z","ServerTimestamp":"2024-04-27T19:18:54.7597279Z"},"nsu=http://opcfoundation.org/UA/Plc/Applications;s=FastUIntScalar2":{"Value":96,"SourceTimestamp":"2024-04-27T19:18:54.7597299Z","ServerTimestamp":"2024-04-27T19:18:54.7597312Z"},"nsu=http://opcfoundation.org/UA/Plc/Applications;s=FastUIntScalar3":{"Value":96,"SourceTimestamp":"2024-04-27T19:18:54.759732Z","ServerTimestamp":"2024-04-27T19:18:54.7597333Z"},"nsu=http://opcfoundation.org/UA/Plc/Applications;s=FastRandomUIntScalar1":{"Value":3771203133,"SourceTimestamp":"2024-04-27T19:18:54.7597161Z","ServerTimestamp":"2024-04-27T19:18:54.7597176Z"},"nsu=http://opcfoundation.org/UA/Plc/Applications;s=FastRandomUIntScalar2":{"Value":2171748021,"SourceTimestamp":"2024-04-27T19:18:54.7597281Z","ServerTimestamp":"2024-04-27T19:18:54.7597298Z"},"nsu=http://opcfoundation.org/UA/Plc/Applications;s=FastRandomUIntScalar3":{"Value":4011146317,"SourceTimestamp":"2024-04-27T19:18:54.759731Z","ServerTimestamp":"2024-04-27T19:18:54.7597324Z"},"nsu=http://opcfoundation.org/UA/Plc/Applications;s=SpikeData":{"Value":-99.80267284282715,"SourceTimestamp":"2024-04-27T19:18:55.0688305Z","ServerTimestamp":"2024-04-27T19:18:55.0688321Z"}}]