[{"nsu=http://opcfoundation.org/UA/Plc/Applications;s=StepUp":{"Value":983,"SourceTimestamp":"2024-04-27T19:18:57.0600346Z","ServerTimestamp":"2024-04-27T19:18:57.06007Z"},"nsu=http://opcfoundation.org/UA/Plc/Applications;s=RandomSignedInt32":{"Value":1114935977,"SourceTimestamp":"2024-04-27T19:18:57.0600446Z","ServerTimestamp":"2024-04-27T19:18:57.0600489Z"},"nsu=http://opcfoundation.org/UA/Plc/Applications;s=RandomUnsignedInt32":{"Value":878554888,"SourceTimestamp":"2024-04-27T19:18:57.0600442Z","ServerTimestamp":"2024-04-27T19:18:57.0600873Z"},"nsu=http://opcfoundation.org/UA/Plc/Applications;s=DipData":{"Value":77.051324277578928,"SourceTimestamp":"2024-04-27T19:18:57.0600592Z","ServerTimestamp":"2024-04-27T19:18:57.06006Z"},"nsu=http://opcfoundation.org/UA/Plc/Applications;s=FastUIntScalar1":{"Value":98,"SourceTimestamp":"2024-04-27T19:18:56.7672818Z","ServerTimestamp":"2024-04-27T19:18:56.7672914Z"},"nsu=http://opcfoundation.org/UA/Plc/Applications;s=FastUIntScalar2":{"Value":98,"SourceTimestamp":"2024-04-27T19:18:56.767302Z","ServerTimestamp":"2024-04-27T19:18:56.7673031Z"},"nsu=http://opcfoundation.org/UA/Plc/Applications;s=FastUIntScalar3":{"Value":98,"SourceTimestamp":"2024-04-27T19:18:56.7673056Z","ServerTimestamp":"2024-04-27T19:18:56.7673066Z"},"nsu=http://opcfoundation.org/UA/Plc/Applications;s=FastRandomUIntScalar1":{"Value":4095343205,"SourceTimestamp":"2024-04-27T19:18:56.7672769Z","ServerTimestamp":"2024-04-27T19:18:56.7672794Z"},"nsu=http://opcfoundation.org/UA/Plc/Applications;s=FastRandomUIntScalar2":{"Value":2551940881,"SourceTimestamp":"2024-04-27T19:18:56.7672909Z","ServerTimestamp":"2024-04-27T19:18:56.7673017Z"},"nsu=http://opcfoundation.org/UA/Plc/Applications;s=FastRandomUIntScalar3":{"Value":2353898252,"SourceTimestamp":"2024-04-27T19:18:56.7673028Z","ServerTimestamp":"2024-04-27T19:18:56.7673054Z"},"nsu=http://opcfoundation.org/UA/Plc/Applications;s=SpikeData":{"Value":77.051324277578928,"SourceTimestamp":"2024-04-27T19:18:57.0600614Z","ServerTimestamp":"2024-04-27T19:18:57.0600672Z"}}]