[{"nsu=http://opcfoundation.org/UA/Plc/Applications;s=StepUp":{"Value":993,"SourceTimestamp":"2024-04-27T19:18:58.0664282Z","ServerTimestamp":"2024-04-27T19:18:58.0664615Z"},"nsu=http://opcfoundation.org/UA/Plc/Applications;s=RandomSignedInt32":{"Value":1153570687,"SourceTimestamp":"2024-04-27T19:18:58.0664491Z","ServerTimestamp":"2024-04-27T19:18:58.0664507Z"},"nsu=http://opcfoundation.org/UA/Plc/Applications;s=RandomUnsignedInt32":{"Value":917463898,"SourceTimestamp":"2024-04-27T19:18:58.0664543Z","ServerTimestamp":"2024-04-27T19:18:58.0664879Z"},"nsu=http://opcfoundation.org/UA/Plc/Applications;s=DipData":{"Value":84.432792550201512,"SourceTimestamp":"2024-04-27T19:18:58.066463Z","ServerTimestamp":"2024-04-27T19:18:58.0664694Z"},"nsu=http://opcfoundation.org/UA/Plc/Applications;s=FastUIntScalar1":{"Value":99,"SourceTimestamp":"2024-04-27T19:18:57.7715315Z","ServerTimestamp":"2024-04-27T19:18:57.7715353Z"},"nsu=http://opcfoundation.org/UA/Plc/Applications;s=FastUIntScalar2":{"Value":99,"SourceTimestamp":"2024-04-27T19:18:57.7715492Z","ServerTimestamp":"2024-04-27T19:18:57.7715505Z"},"nsu=http://opcfoundation.org/UA/Plc/Applications;s=FastUIntScalar3":{"Value":99,"SourceTimestamp":"2024-04-27T19:18:57.7715529Z","ServerTimestamp":"2024-04-27T19:18:57.771554Z"},"nsu=http://opcfoundation.org/UA/Plc/Applications;s=FastRandomUIntScalar1":{"Value":4229044935,"SourceTimestamp":"2024-04-27T19:18:57.7715546Z","ServerTimestamp":"2024-04-27T19:18:57.7715561Z"},"nsu=http://opcfoundation.org/UA/Plc/Applications;s=FastRandomUIntScalar2":{"Value":3305407992,"SourceTimestamp":"2024-04-27T19:18:57.7715615Z","ServerTimestamp":"2024-04-27T19:18:57.7715741Z"},"nsu=http://opcfoundation.org/UA/Plc/Applications;s=FastRandomUIntScalar3":{"Value":2959010953,"SourceTimestamp":"2024-04-27T19:18:57.7715753Z","ServerTimestamp":"2024-04-27T19:18:57.771576Z"},"nsu=http://opcfoundation.org/UA/Plc/Applications;s=SpikeData":{"Value":84.432792550201512,"SourceTimestamp":"2024-04-27T19:18:58.0664726Z","ServerTimestamp":"2024-04-27T19:18:58.0664737Z"}}]