[{"nsu=http://opcfoundation.org/UA/Plc/Applications;s=StepUp":{"Value":1023,"SourceTimestamp":"2024-04-27T19:19:01.0704854Z","ServerTimestamp":"2024-04-27T19:19:01.0704904Z"},"nsu=http://opcfoundation.org/UA/Plc/Applications;s=RandomSignedInt32":{"Value":-734275270,"SourceTimestamp":"2024-04-27T19:19:01.0705322Z","ServerTimestamp":"2024-04-27T19:19:01.0705395Z"},"nsu=http://opcfoundation.org/UA/Plc/Applications;s=RandomUnsignedInt32":{"Value":496546169,"SourceTimestamp":"2024-04-27T19:19:01.0705169Z","ServerTimestamp":"2024-04-27T19:19:01.0705181Z"},"nsu=http://opcfoundation.org/UA/Plc/Applications;s=DipData":{"Value":-36.812455268467829,"SourceTimestamp":"2024-04-27T19:19:01.0705304Z","ServerTimestamp":"2024-04-27T19:19:01.0705335Z"},"nsu=http://opcfoundation.org/UA/Plc/Applications;s=FastUIntScalar1":{"Value":102,"SourceTimestamp":"2024-04-27T19:19:00.7606305Z","ServerTimestamp":"2024-04-27T19:19:00.7606339Z"},"nsu=http://opcfoundation.org/UA/Plc/Applications;s=FastUIntScalar2":{"Value":102,"SourceTimestamp":"2024-04-27T19:19:00.7606471Z","ServerTimestamp":"2024-04-27T19:19:00.7606525Z"},"nsu=http://opcfoundation.org/UA/Plc/Applications;s=FastUIntScalar3":{"Value":102,"SourceTimestamp":"2024-04-27T19:19:00.7607097Z","ServerTimestamp":"2024-04-27T19:19:00.7607115Z"},"nsu=http://opcfoundation.org/UA/Plc/Applications;s=FastRandomUIntScalar1":{"Value":1090684158,"SourceTimestamp":"2024-04-27T19:19:00.7606308Z","ServerTimestamp":"2024-04-27T19:19:00.7606469Z"},"nsu=http://opcfoundation.org/UA/Plc/Applications;s=FastRandomUIntScalar2":{"Value":987687135,"SourceTimestamp":"2024-04-27T19:19:00.7606517Z","ServerTimestamp":"2024-04-27T19:19:00.7607407Z"},"nsu=http://opcfoundation.org/UA/Plc/Applications;s=FastRandomUIntScalar3":{"Value":2634998161,"SourceTimestamp":"2024-04-27T19:19:00.7607491Z","ServerTimestamp":"2024-04-27T19:19:00.7607579Z"},"nsu=http://opcfoundation.org/UA/Plc/Applications;s=SpikeData":{"Value":-36.812455268467829,"SourceTimestamp":"2024-04-27T19:19:01.0705397Z","ServerTimestamp":"2024-04-27T19:19:01.0705486Z"}}]