{"NodeId":"i=2253","EndpointUrl":"opc.tcp://localhost:61457/UA/SampleServer","DisplayName":"SimpleEvents","Value":{"Type":22,"Body":{"TypeId":{"IdType":1,"Id":"EncodeableDictionary_Encoding_DefaultJson"},"Body":{"EventId":{"Type":15,"Body":"r4jyNmsyYk+hcVlKfOu1UA=="},"Message":{"Type":21,"Body":{"Text":"The system cycle '18' has started.","Locale":"en-US"}},"nsu=http://opcfoundation.org/SimpleEvents;CycleId":{"Type":12,"Body":"18"},"nsu=http://opcfoundation.org/SimpleEvents;CurrentStep":{"Type":22,"Body":{"TypeId":{"Id":183},"Body":{"Name":"Step 1","Duration":1000}}}}}}}