[{"SequenceNumber":91,"MetaDataVersion":{"MajorVersion":1},"Timestamp":"2024-04-26T14:48:04.45411Z","MessageType":"ua-keyframe","DataSetWriterName":"<<UnknownDataSet>>","Payload":{"CurrentTime":{"Value":{"Type":13,"Body":"2024-04-26T14:48:04.3767614Z"},"SourceTimestamp":"2024-04-26T14:46:34.3665965Z","ServerTimestamp":"2024-04-26T14:48:04.3767721Z"},"EngineeringUnits":{"Value":{"Type":12,"Body":"mm/sec"}},"AssetId":{"Value":{"Type":8,"Body":"5"}},"Important":{"Value":{"Type":1,"Body":false}},"Variance":{"Value":{"Type":10,"Body":12.3465004}}}}]