{"MessageId":"dfac3ff3-1bfe-4f20-9850-a2ff35e4363b","MessageType":"ua-data","PublisherId":"DESKTOP-BGFJS91","DataSetWriterGroup":"<<UnknownWriterGroup>>","Messages":[{"DataSetWriterId":5,"SequenceNumber":3,"MetaDataVersion":{"MajorVersion":1},"Timestamp":"2024-04-27T10:49:14.5148148Z","MessageType":"ua-deltaframe","DataSetWriterName":"MES","Payload":{"nsu=http://opcfoundation.org/UA/Plc/Applications;s=DipData":{"Value":-12.533323356430378,"SourceTimestamp":"2024-04-27T10:49:14.4215075Z","ServerTimestamp":"2024-04-27T10:49:14.4215237Z"}}}]}