{"MessageId":"015b699c-f490-4a58-9b82-55afbca186c9","MessageType":"ua-data","PublisherId":"DESKTOP-BGFJS91","DataSetWriterGroup":"<<UnknownWriterGroup>>","Messages":[{"DataSetWriterId":5,"SequenceNumber":61,"MetaDataVersion":{"MajorVersion":1},"Timestamp":"2024-04-27T10:50:24.5460926Z","MessageType":"ua-deltaframe","DataSetWriterName":"MES","Payload":{"nsu=http://opcfoundation.org/UA/Plc/Applications;s=DipData":{"Value":-24.86898871648545,"SourceTimestamp":"2024-04-27T10:50:24.5302865Z","ServerTimestamp":"2024-04-27T10:50:24.5302928Z"}}}]}