{"MessageId":"deea22af-ec84-4dd6-b200-2740f32eabcb","MessageType":"ua-data","PublisherId":"DESKTOP-BGFJS91","DataSetWriterGroup":"<<UnknownWriterGroup>>","Messages":[{"DataSetWriterId":5,"SequenceNumber":73,"MetaDataVersion":{"MajorVersion":1},"Timestamp":"2024-04-27T10:50:39.5230276Z","MessageType":"ua-deltaframe","DataSetWriterName":"MES","Payload":{"nsu=http://opcfoundation.org/UA/Plc/Applications;s=DipData":{"Value":-12.533323356430378,"SourceTimestamp":"2024-04-27T10:50:39.4280233Z","ServerTimestamp":"2024-04-27T10:50:39.4280252Z"}}}]}