{"MessageId":"cd857ccf-19f9-4ed5-93cd-a32509ea2dd6","MessageType":"ua-data","PublisherId":"DESKTOP-BGFJS91","DataSetWriterGroup":"<<UnknownWriterGroup>>","Messages":[{"DataSetWriterId":5,"SequenceNumber":8,"MetaDataVersion":{"MajorVersion":1},"Timestamp":"2024-04-27T10:49:20.5253582Z","MessageType":"ua-deltaframe","DataSetWriterName":"MES","Payload":{"nsu=http://opcfoundation.org/UA/Plc/Applications;s=DipData":{"Value":-98.228725072868855,"SourceTimestamp":"2024-04-27T10:49:20.4175773Z","ServerTimestamp":"2024-04-27T10:49:20.4175787Z"}}}]}