{"MessageId":"b366c864-a287-4683-a61b-762cfc93b833","MessageType":"ua-data","PublisherId":"DESKTOP-BGFJS91","DataSetWriterGroup":"<<UnknownWriterGroup>>","Messages":[{"DataSetWriterId":5,"SequenceNumber":80,"MetaDataVersion":{"MajorVersion":1},"Timestamp":"2024-04-27T10:50:47.564854Z","MessageType":"ua-deltaframe","DataSetWriterName":"MES","Payload":{"nsu=http://opcfoundation.org/UA/Plc/Applications;s=DipData":{"Value":77.051324277578928,"SourceTimestamp":"2024-04-27T10:50:47.5189515Z","ServerTimestamp":"2024-04-27T10:50:47.5189916Z"}}}]}