{"MessageId":"f29e9cad-c818-49ba-917a-9e2eb4350215","MessageType":"ua-data","PublisherId":"DESKTOP-BGFJS91","DataSetWriterGroup":"<<UnknownWriterGroup>>","Messages":[{"DataSetWriterId":5,"SequenceNumber":82,"MetaDataVersion":{"MajorVersion":1},"Timestamp":"2024-04-27T10:50:49.544346Z","MessageType":"ua-deltaframe","DataSetWriterName":"MES","Payload":{"nsu=http://opcfoundation.org/UA/Plc/Applications;s=DipData":{"Value":-24.86898871648545,"SourceTimestamp":"2024-04-27T10:50:49.5288043Z","ServerTimestamp":"2024-04-27T10:50:49.5288154Z"}}}]}