{"MessageId":"20a070db-76b1-48a5-b2da-826fc2aebbc8","MessageType":"ua-data","PublisherId":"DESKTOP-BGFJS91","DataSetWriterGroup":"<<UnknownWriterGroup>>","Messages":[{"DataSetWriterId":5,"SequenceNumber":92,"MetaDataVersion":{"MajorVersion":1},"Timestamp":"2024-04-27T10:51:01.5514943Z","MessageType":"ua-deltaframe","DataSetWriterName":"MES","Payload":{"nsu=http://opcfoundation.org/UA/Plc/Applications;s=DipData":{"Value":-36.812455268467829,"SourceTimestamp":"2024-04-27T10:51:01.5205731Z","ServerTimestamp":"2024-04-27T10:51:01.5205795Z"}}}]}