{"MessageId":"8908fb7c-7120-40fe-91b4-1f3d2eab57f6","MessageType":"ua-data","PublisherId":"DESKTOP-BGFJS91","DataSetWriterGroup":"<<UnknownWriterGroup>>","Messages":[{"SequenceNumber":106,"MetaDataVersion":{"MajorVersion":1},"Timestamp":"2024-04-26T14:40:18.2018647Z","MessageType":"ua-deltaframe","DataSetWriterName":"<<UnknownDataSet>>","Payload":{"CurrentTime":{"Value":{"Type":13,"Body":"2024-04-26T14:40:18.1241348Z"},"SourceTimestamp":"2024-04-26T14:38:33.1202357Z","ServerTimestamp":"2024-04-26T14:40:18.1241389Z"}}}]}