{"MessageId":"8fabcded-23bc-48af-a443-30d045d0cb14","MessageType":"ua-data","PublisherId":"DESKTOP-BGFJS91","DataSetWriterGroup":"<<UnknownWriterGroup>>","Messages":[{"SequenceNumber":114,"MetaDataVersion":{"MajorVersion":1},"Timestamp":"2024-04-26T14:40:26.2233326Z","MessageType":"ua-deltaframe","DataSetWriterName":"<<UnknownDataSet>>","Payload":{"CurrentTime":{"Value":{"Type":13,"Body":"2024-04-26T14:40:26.2230012Z"},"SourceTimestamp":"2024-04-26T14:38:33.1202357Z","ServerTimestamp":"2024-04-26T14:40:26.223006Z"}}}]}