{"MessageId":"951c7c76-e13b-4348-a850-9ec236927083","MessageType":"ua-data","PublisherId":"DESKTOP-BGFJS91","DataSetWriterGroup":"<<UnknownWriterGroup>>","Messages":[{"SequenceNumber":116,"MetaDataVersion":{"MajorVersion":1},"Timestamp":"2024-04-26T14:40:28.2119822Z","MessageType":"ua-deltaframe","DataSetWriterName":"<<UnknownDataSet>>","Payload":{"CurrentTime":{"Value":{"Type":13,"Body":"2024-04-26T14:40:28.1333013Z"},"SourceTimestamp":"2024-04-26T14:38:33.1202357Z","ServerTimestamp":"2024-04-26T14:40:28.1333071Z"}}}]}