{"MessageId":"05063272-bc2e-446a-bb2c-faabbf6f32ac","MessageType":"ua-data","PublisherId":"DESKTOP-BGFJS91","DataSetWriterGroup":"<<UnknownWriterGroup>>","Messages":[{"SequenceNumber":39,"MetaDataVersion":{"MajorVersion":1},"Timestamp":"2024-04-26T14:39:11.2120428Z","MessageType":"ua-deltaframe","DataSetWriterName":"<<UnknownDataSet>>","Payload":{"CurrentTime":{"Value":{"Type":13,"Body":"2024-04-26T14:39:11.1346372Z"},"SourceTimestamp":"2024-04-26T14:38:33.1202357Z","ServerTimestamp":"2024-04-26T14:39:11.1346437Z"}}}]}