{"MessageId":"30e49815-95f4-491c-be23-cd8216ee034a","MessageType":"ua-data","PublisherId":"DESKTOP-BGFJS91","DataSetWriterGroup":"<<UnknownWriterGroup>>","Messages":[{"SequenceNumber":4,"MetaDataVersion":{"MajorVersion":1},"Timestamp":"2024-04-26T14:38:36.2007402Z","MessageType":"ua-deltaframe","DataSetWriterName":"<<UnknownDataSet>>","Payload":{"CurrentTime":{"Value":{"Type":13,"Body":"2024-04-26T14:38:36.1222957Z"},"SourceTimestamp":"2024-04-26T14:38:33.1202357Z","ServerTimestamp":"2024-04-26T14:38:36.1223005Z"}}}]}