{"MessageId":"e138c18a-e1a5-47c7-9550-26075747de6a","MessageType":"ua-data","PublisherId":"DESKTOP-BGFJS91","DataSetWriterGroup":"<<UnknownWriterGroup>>","Messages":[{"SequenceNumber":53,"MetaDataVersion":{"MajorVersion":1},"Timestamp":"2024-04-26T14:39:25.2079168Z","MessageType":"ua-deltaframe","DataSetWriterName":"<<UnknownDataSet>>","Payload":{"CurrentTime":{"Value":{"Type":13,"Body":"2024-04-26T14:39:25.1287371Z"},"SourceTimestamp":"2024-04-26T14:38:33.1202357Z","ServerTimestamp":"2024-04-26T14:39:25.1287416Z"}}}]}