{"MessageId":"9a6f5049-4daf-43cf-8de8-f52179362fbf","MessageType":"ua-data","PublisherId":"DESKTOP-BGFJS91","DataSetWriterGroup":"<<UnknownWriterGroup>>","Messages":[{"SequenceNumber":103,"MetaDataVersion":{"MajorVersion":1},"Timestamp":"2024-04-27T10:46:52.8903856Z","MessageType":"ua-deltaframe","DataSetWriterName":"<<UnknownDataSet>>","Payload":{"i=2258":{"Value":"2024-04-27T10:46:52.8900911Z","SourceTimestamp":"2024-04-27T10:45:09.8753779Z","ServerTimestamp":"2024-04-27T10:46:52.8900901Z"},"nsu=http://opcfoundation.org/UA/Plc/Applications;s=StepUp":{"Value":1041,"SourceTimestamp":"2024-04-27T10:46:52.8118691Z","ServerTimestamp":"2024-04-27T10:46:52.8901271Z"},"nsu=http://opcfoundation.org/UA/Plc/Applications;s=AlternatingBoolean":{"Value":true,"SourceTimestamp":"2024-04-27T10:46:52.8118801Z","ServerTimestamp":"2024-04-27T10:46:52.8901352Z"},"nsu=http://opcfoundation.org/UA/Plc/Applications;s=RandomSignedInt32":{"Value":-319336882,"SourceTimestamp":"2024-04-27T10:46:52.8118941Z","ServerTimestamp":"2024-04-27T10:46:52.8901295Z"},"nsu=http://opcfoundation.org/UA/Plc/Applications;s=RandomUnsignedInt32":{"Value":1531367803,"SourceTimestamp":"2024-04-27T10:46:52.8118864Z","ServerTimestamp":"2024-04-27T10:46:52.8901249Z"},"nsu=http://opcfoundation.org/UA/Plc/Applications;s=DipData":{"Value":-1000,"SourceTimestamp":"2024-04-27T10:46:52.8119015Z","ServerTimestamp":"2024-04-27T10:46:52.8901345Z"},"nsu=http://opcfoundation.org/UA/Plc/Applications;s=FastUIntScalar1":{"Value":104,"SourceTimestamp":"2024-04-27T10:46:52.7177643Z","ServerTimestamp":"2024-04-27T10:46:52.890134Z"},"nsu=http://opcfoundation.org/UA/Plc/Applications;s=FastUIntScalar2":{"Value":104,"SourceTimestamp":"2024-04-27T10:46:52.7177706Z","ServerTimestamp":"2024-04-27T10:46:52.8901279Z"},"nsu=http://opcfoundation.org/UA/Plc/Applications;s=FastUIntScalar3":{"Value":104,"SourceTimestamp":"2024-04-27T10:46:52.7177719Z","ServerTimestamp":"2024-04-27T10:46:52.890137Z"},"nsu=http://opcfoundation.org/UA/Plc/Applications;s=FastRandomUIntScalar1":{"Value":2609562852,"SourceTimestamp":"2024-04-27T10:46:52.7177658Z","ServerTimestamp":"2024-04-27T10:46:52.8901222Z"},"nsu=http://opcfoundation.org/UA/Plc/Applications;s=FastRandomUIntScalar2":{"Value":1094229818,"SourceTimestamp":"2024-04-27T10:46:52.7177815Z","ServerTimestamp":"2024-04-27T10:46:52.890124Z"},"nsu=http://opcfoundation.org/UA/Plc/Applications;s=FastRandomUIntScalar3":{"Value":1275152697,"SourceTimestamp":"2024-04-27T10:46:52.7177831Z","ServerTimestamp":"2024-04-27T10:46:52.8901396Z"},"nsu=http://opcfoundation.org/UA/Plc/Applications;s=NegativeTrendData":{"Value":98.700000000000003,"SourceTimestamp":"2024-04-27T10:46:52.8119012Z","ServerTimestamp":"2024-04-27T10:46:52.8901405Z"},"nsu=http://opcfoundation.org/UA/Plc/Applications;s=PositiveTrendData":{"Value":101.3,"SourceTimestamp":"2024-04-27T10:46:52.8119071Z","ServerTimestamp":"2024-04-27T10:46:52.8901258Z"},"nsu=http://opcfoundation.org/UA/Plc/Applications;s=SlowUIntScalar1":{"Value":10,"SourceTimestamp":"2024-04-27T10:46:48.7101702Z","ServerTimestamp":"2024-04-27T10:46:52.8901315Z"},"nsu=http://opcfoundation.org/UA/Plc/Applications;s=SlowUIntScalar2":{"Value":10,"SourceTimestamp":"2024-04-27T10:46:48.7101759Z","ServerTimestamp":"2024-04-27T10:46:52.8901286Z"},"nsu=http://opcfoundation.org/UA/Plc/Applications;s=SlowUIntScalar3":{"Value":10,"SourceTimestamp":"2024-04-27T10:46:48.7101811Z","ServerTimestamp":"2024-04-27T10:46:52.8901388Z"},"nsu=http://opcfoundation.org/UA/Plc/Applications;s=BadSlowUIntScalar1":{"Value":null,"StatusCode":{"Symbol":"BadNoCommunication","Code":2150694912},"SourceTimestamp":"2024-04-27T10:46:48.7101829Z","ServerTimestamp":"2024-04-27T10:46:52.8901337Z"},"nsu=http://opcfoundation.org/UA/Plc/Applications;s=SlowRandomUIntScalar1":{"Value":2746578972,"SourceTimestamp":"2024-04-27T10:46:48.7101722Z","ServerTimestamp":"2024-04-27T10:46:52.8901326Z"},"nsu=http://opcfoundation.org/UA/Plc/Applications;s=SlowRandomUIntScalar2":{"Value":4098962399,"SourceTimestamp":"2024-04-27T10:46:48.710179Z","ServerTimestamp":"2024-04-27T10:46:52.8901364Z"},"nsu=http://opcfoundation.org/UA/Plc/Applications;s=SlowRandomUIntScalar3":{"Value":4165270062,"SourceTimestamp":"2024-04-27T10:46:48.710182Z","ServerTimestamp":"2024-04-27T10:46:52.8901381Z"},"nsu=http://opcfoundation.org/UA/Plc/Applications;s=BadSlowRandomUIntScalar1":{"Value":null,"StatusCode":{"Symbol":"BadNoCommunication","Code":2150694912},"SourceTimestamp":"2024-04-27T10:46:48.7101842Z","ServerTimestamp":"2024-04-27T10:46:52.8901304Z"},"nsu=http://opcfoundation.org/UA/Plc/Applications;s=SpikeData":{"Value":95.10565162951535,"SourceTimestamp":"2024-04-27T10:46:52.8119322Z","ServerTimestamp":"2024-04-27T10:46:52.8901232Z"},"ns=23;i=1259":{"Value":-0.36599999999999999,"SourceTimestamp":"2024-04-27T10:45:09.875411Z","ServerTimestamp":"2024-04-27T10:46:52.890105Z"}}}]}