{"MessageId":"8f3cf336-7307-4989-a0e0-46f1cfa7b8b3","MessageType":"ua-data","PublisherId":"DESKTOP-BGFJS91","DataSetWriterGroup":"<<UnknownWriterGroup>>","Messages":[{"SequenceNumber":105,"MetaDataVersion":{"MajorVersion":1},"Timestamp":"2024-04-27T10:46:54.8938547Z","MessageType":"ua-deltaframe","DataSetWriterName":"<<UnknownDataSet>>","Payload":{"i=2258":{"Value":"2024-04-27T10:46:54.8935776Z","SourceTimestamp":"2024-04-27T10:45:09.8753779Z","ServerTimestamp":"2024-04-27T10:46:54.8935764Z"},"nsu=http://opcfoundation.org/UA/Plc/Applications;s=StepUp":{"Value":1061,"SourceTimestamp":"2024-04-27T10:46:54.815553Z","ServerTimestamp":"2024-04-27T10:46:54.8936116Z"},"nsu=http://opcfoundation.org/UA/Plc/Applications;s=AlternatingBoolean":{"Value":false,"SourceTimestamp":"2024-04-27T10:46:54.8155647Z","ServerTimestamp":"2024-04-27T10:46:54.8936201Z"},"nsu=http://opcfoundation.org/UA/Plc/Applications;s=RandomSignedInt32":{"Value":-1371210826,"SourceTimestamp":"2024-04-27T10:46:54.8155723Z","ServerTimestamp":"2024-04-27T10:46:54.8936149Z"},"nsu=http://opcfoundation.org/UA/Plc/Applications;s=RandomUnsignedInt32":{"Value":563856697,"SourceTimestamp":"2024-04-27T10:46:54.815592Z","ServerTimestamp":"2024-04-27T10:46:54.89361Z"},"nsu=http://opcfoundation.org/UA/Plc/Applications;s=DipData":{"Value":-95.105651629515364,"SourceTimestamp":"2024-04-27T10:46:54.8155857Z","ServerTimestamp":"2024-04-27T10:46:54.8936194Z"},"nsu=http://opcfoundation.org/UA/Plc/Applications;s=FastUIntScalar1":{"Value":106,"SourceTimestamp":"2024-04-27T10:46:54.7076168Z","ServerTimestamp":"2024-04-27T10:46:54.893619Z"},"nsu=http://opcfoundation.org/UA/Plc/Applications;s=FastUIntScalar2":{"Value":106,"SourceTimestamp":"2024-04-27T10:46:54.7076225Z","ServerTimestamp":"2024-04-27T10:46:54.8936124Z"},"nsu=http://opcfoundation.org/UA/Plc/Applications;s=FastUIntScalar3":{"Value":106,"SourceTimestamp":"2024-04-27T10:46:54.7076239Z","ServerTimestamp":"2024-04-27T10:46:54.8936219Z"},"nsu=http://opcfoundation.org/UA/Plc/Applications;s=FastRandomUIntScalar1":{"Value":1414893892,"SourceTimestamp":"2024-04-27T10:46:54.707617Z","ServerTimestamp":"2024-04-27T10:46:54.8936074Z"},"nsu=http://opcfoundation.org/UA/Plc/Applications;s=FastRandomUIntScalar2":{"Value":1798729824,"SourceTimestamp":"2024-04-27T10:46:54.7076336Z","ServerTimestamp":"2024-04-27T10:46:54.8936092Z"},"nsu=http://opcfoundation.org/UA/Plc/Applications;s=FastRandomUIntScalar3":{"Value":1020456887,"SourceTimestamp":"2024-04-27T10:46:54.707635Z","ServerTimestamp":"2024-04-27T10:46:54.8936243Z"},"nsu=http://opcfoundation.org/UA/Plc/Applications;s=NegativeTrendData":{"Value":98.599999999999994,"SourceTimestamp":"2024-04-27T10:46:54.8155841Z","ServerTimestamp":"2024-04-27T10:46:54.8936251Z"},"nsu=http://opcfoundation.org/UA/Plc/Applications;s=PositiveTrendData":{"Value":101.40000000000001,"SourceTimestamp":"2024-04-27T10:46:54.8155884Z","ServerTimestamp":"2024-04-27T10:46:54.8936108Z"},"nsu=http://opcfoundation.org/UA/Plc/Applications;s=SlowUIntScalar1":{"Value":10,"SourceTimestamp":"2024-04-27T10:46:48.7101702Z","ServerTimestamp":"2024-04-27T10:46:54.8936167Z"},"nsu=http://opcfoundation.org/UA/Plc/Applications;s=SlowUIntScalar2":{"Value":10,"SourceTimestamp":"2024-04-27T10:46:48.7101759Z","ServerTimestamp":"2024-04-27T10:46:54.8936132Z"},"nsu=http://opcfoundation.org/UA/Plc/Applications;s=SlowUIntScalar3":{"Value":10,"SourceTimestamp":"2024-04-27T10:46:48.7101811Z","ServerTimestamp":"2024-04-27T10:46:54.8936235Z"},"nsu=http://opcfoundation.org/UA/Plc/Applications;s=BadSlowUIntScalar1":{"Value":null,"StatusCode":{"Symbol":"BadNoCommunication","Code":2150694912},"SourceTimestamp":"2024-04-27T10:46:48.7101829Z","ServerTimestamp":"2024-04-27T10:46:54.8936187Z"},"nsu=http://opcfoundation.org/UA/Plc/Applications;s=SlowRandomUIntScalar1":{"Value":2746578972,"SourceTimestamp":"2024-04-27T10:46:48.7101722Z","ServerTimestamp":"2024-04-27T10:46:54.8936177Z"},"nsu=http://opcfoundation.org/UA/Plc/Applications;s=SlowRandomUIntScalar2":{"Value":4098962399,"SourceTimestamp":"2024-04-27T10:46:48.710179Z","ServerTimestamp":"2024-04-27T10:46:54.8936212Z"},"nsu=http://opcfoundation.org/UA/Plc/Applications;s=SlowRandomUIntScalar3":{"Value":4165270062,"SourceTimestamp":"2024-04-27T10:46:48.710182Z","ServerTimestamp":"2024-04-27T10:46:54.8936228Z"},"nsu=http://opcfoundation.org/UA/Plc/Applications;s=BadSlowRandomUIntScalar1":{"Value":null,"StatusCode":{"Symbol":"BadNoCommunication","Code":2150694912},"SourceTimestamp":"2024-04-27T10:46:48.7101842Z","ServerTimestamp":"2024-04-27T10:46:54.8936157Z"},"nsu=http://opcfoundation.org/UA/Plc/Applications;s=SpikeData":{"Value":-95.105651629515364,"SourceTimestamp":"2024-04-27T10:46:54.8155914Z","ServerTimestamp":"2024-04-27T10:46:54.8936084Z"},"ns=23;i=1259":{"Value":-0.504,"SourceTimestamp":"2024-04-27T10:45:09.875411Z","ServerTimestamp":"2024-04-27T10:46:54.8935913Z"}}}]}