{"MessageId":"5f71f5c6-17ce-45c7-8672-5588a54b2877","MessageType":"ua-data","PublisherId":"DESKTOP-BGFJS91","DataSetWriterGroup":"<<UnknownWriterGroup>>","Messages":[{"SequenceNumber":107,"MetaDataVersion":{"MajorVersion":1},"Timestamp":"2024-04-27T10:46:56.9006989Z","MessageType":"ua-deltaframe","DataSetWriterName":"<<UnknownDataSet>>","Payload":{"i=2258":{"Value":"2024-04-27T10:46:56.9003995Z","SourceTimestamp":"2024-04-27T10:45:09.8753779Z","ServerTimestamp":"2024-04-27T10:46:56.9003983Z"},"nsu=http://opcfoundation.org/UA/Plc/Applications;s=StepUp":{"Value":1081,"SourceTimestamp":"2024-04-27T10:46:56.820559Z","ServerTimestamp":"2024-04-27T10:46:56.900436Z"},"nsu=http://opcfoundation.org/UA/Plc/Applications;s=AlternatingBoolean":{"Value":false,"SourceTimestamp":"2024-04-27T10:46:56.8205998Z","ServerTimestamp":"2024-04-27T10:46:56.9004442Z"},"nsu=http://opcfoundation.org/UA/Plc/Applications;s=RandomSignedInt32":{"Value":1633063025,"SourceTimestamp":"2024-04-27T10:46:56.8205822Z","ServerTimestamp":"2024-04-27T10:46:56.9004383Z"},"nsu=http://opcfoundation.org/UA/Plc/Applications;s=RandomUnsignedInt32":{"Value":208364726,"SourceTimestamp":"2024-04-27T10:46:56.820588Z","ServerTimestamp":"2024-04-27T10:46:56.9004345Z"},"nsu=http://opcfoundation.org/UA/Plc/Applications;s=DipData":{"Value":58.778525229247322,"SourceTimestamp":"2024-04-27T10:46:56.820602Z","ServerTimestamp":"2024-04-27T10:46:56.9004435Z"},"nsu=http://opcfoundation.org/UA/Plc/Applications;s=FastUIntScalar1":{"Value":108,"SourceTimestamp":"2024-04-27T10:46:56.7147123Z","ServerTimestamp":"2024-04-27T10:46:56.9004429Z"},"nsu=http://opcfoundation.org/UA/Plc/Applications;s=FastUIntScalar2":{"Value":108,"SourceTimestamp":"2024-04-27T10:46:56.7147179Z","ServerTimestamp":"2024-04-27T10:46:56.9004368Z"},"nsu=http://opcfoundation.org/UA/Plc/Applications;s=FastUIntScalar3":{"Value":108,"SourceTimestamp":"2024-04-27T10:46:56.7147219Z","ServerTimestamp":"2024-04-27T10:46:56.9004466Z"},"nsu=http://opcfoundation.org/UA/Plc/Applications;s=FastRandomUIntScalar1":{"Value":266689566,"SourceTimestamp":"2024-04-27T10:46:56.7147142Z","ServerTimestamp":"2024-04-27T10:46:56.9004317Z"},"nsu=http://opcfoundation.org/UA/Plc/Applications;s=FastRandomUIntScalar2":{"Value":1535238607,"SourceTimestamp":"2024-04-27T10:46:56.7147211Z","ServerTimestamp":"2024-04-27T10:46:56.9004336Z"},"nsu=http://opcfoundation.org/UA/Plc/Applications;s=FastRandomUIntScalar3":{"Value":3474678059,"SourceTimestamp":"2024-04-27T10:46:56.7147228Z","ServerTimestamp":"2024-04-27T10:46:56.9004491Z"},"nsu=http://opcfoundation.org/UA/Plc/Applications;s=NegativeTrendData":{"Value":98.599999999999994,"SourceTimestamp":"2024-04-27T10:46:56.8206178Z","ServerTimestamp":"2024-04-27T10:46:56.90045Z"},"nsu=http://opcfoundation.org/UA/Plc/Applications;s=PositiveTrendData":{"Value":101.40000000000001,"SourceTimestamp":"2024-04-27T10:46:56.8206139Z","ServerTimestamp":"2024-04-27T10:46:56.9004353Z"},"nsu=http://opcfoundation.org/UA/Plc/Applications;s=SlowUIntScalar1":{"Value":10,"SourceTimestamp":"2024-04-27T10:46:48.7101702Z","ServerTimestamp":"2024-04-27T10:46:56.9004403Z"},"nsu=http://opcfoundation.org/UA/Plc/Applications;s=SlowUIntScalar2":{"Value":10,"SourceTimestamp":"2024-04-27T10:46:48.7101759Z","ServerTimestamp":"2024-04-27T10:46:56.9004375Z"},"nsu=http://opcfoundation.org/UA/Plc/Applications;s=SlowUIntScalar3":{"Value":10,"SourceTimestamp":"2024-04-27T10:46:48.7101811Z","ServerTimestamp":"2024-04-27T10:46:56.9004484Z"},"nsu=http://opcfoundation.org/UA/Plc/Applications;s=BadSlowUIntScalar1":{"Value":null,"StatusCode":{"Symbol":"BadNoCommunication","Code":2150694912},"SourceTimestamp":"2024-04-27T10:46:48.7101829Z","ServerTimestamp":"2024-04-27T10:46:56.9004426Z"},"nsu=http://opcfoundation.org/UA/Plc/Applications;s=SlowRandomUIntScalar1":{"Value":2746578972,"SourceTimestamp":"2024-04-27T10:46:48.7101722Z","ServerTimestamp":"2024-04-27T10:46:56.9004414Z"},"nsu=http://opcfoundation.org/UA/Plc/Applications;s=SlowRandomUIntScalar2":{"Value":4098962399,"SourceTimestamp":"2024-04-27T10:46:48.710179Z","ServerTimestamp":"2024-04-27T10:46:56.9004459Z"},"nsu=http://opcfoundation.org/UA/Plc/Applications;s=SlowRandomUIntScalar3":{"Value":4165270062,"SourceTimestamp":"2024-04-27T10:46:48.710182Z","ServerTimestamp":"2024-04-27T10:46:56.9004476Z"},"nsu=http://opcfoundation.org/UA/Plc/Applications;s=BadSlowRandomUIntScalar1":{"Value":null,"StatusCode":{"Symbol":"BadNoCommunication","Code":2150694912},"SourceTimestamp":"2024-04-27T10:46:48.7101842Z","ServerTimestamp":"2024-04-27T10:46:56.9004392Z"},"nsu=http://opcfoundation.org/UA/Plc/Applications;s=SpikeData":{"Value":58.778525229247322,"SourceTimestamp":"2024-04-27T10:46:56.8206184Z","ServerTimestamp":"2024-04-27T10:46:56.9004328Z"},"ns=23;i=1259":{"Value":0.61299999999999999,"SourceTimestamp":"2024-04-27T10:45:09.875411Z","ServerTimestamp":"2024-04-27T10:46:56.9004156Z"}}}]}