{"MessageId":"5f5b3a0b-c590-42da-8eb4-12fbd223fc5d","MessageType":"ua-data","PublisherId":"DESKTOP-BGFJS91","DataSetWriterGroup":"<<UnknownWriterGroup>>","Messages":[{"SequenceNumber":109,"MetaDataVersion":{"MajorVersion":1},"Timestamp":"2024-04-27T10:46:58.8975957Z","MessageType":"ua-deltaframe","DataSetWriterName":"<<UnknownDataSet>>","Payload":{"i=2258":{"Value":"2024-04-27T10:46:58.8973326Z","SourceTimestamp":"2024-04-27T10:45:09.8753779Z","ServerTimestamp":"2024-04-27T10:46:58.8973315Z"},"nsu=http://opcfoundation.org/UA/Plc/Applications;s=StepUp":{"Value":1101,"SourceTimestamp":"2024-04-27T10:46:58.816855Z","ServerTimestamp":"2024-04-27T10:46:58.8973661Z"},"nsu=http://opcfoundation.org/UA/Plc/Applications;s=AlternatingBoolean":{"Value":true,"SourceTimestamp":"2024-04-27T10:46:58.8168615Z","ServerTimestamp":"2024-04-27T10:46:58.8973737Z"},"nsu=http://opcfoundation.org/UA/Plc/Applications;s=RandomSignedInt32":{"Value":-662982284,"SourceTimestamp":"2024-04-27T10:46:58.8168599Z","ServerTimestamp":"2024-04-27T10:46:58.8973685Z"},"nsu=http://opcfoundation.org/UA/Plc/Applications;s=RandomUnsignedInt32":{"Value":2082458312,"SourceTimestamp":"2024-04-27T10:46:58.8168695Z","ServerTimestamp":"2024-04-27T10:46:58.8973646Z"},"nsu=http://opcfoundation.org/UA/Plc/Applications;s=DipData":{"Value":6.4324905987065468E-14,"SourceTimestamp":"2024-04-27T10:46:58.8168705Z","ServerTimestamp":"2024-04-27T10:46:58.8973731Z"},"nsu=http://opcfoundation.org/UA/Plc/Applications;s=FastUIntScalar1":{"Value":110,"SourceTimestamp":"2024-04-27T10:46:58.7081288Z","ServerTimestamp":"2024-04-27T10:46:58.8973727Z"},"nsu=http://opcfoundation.org/UA/Plc/Applications;s=FastUIntScalar2":{"Value":110,"SourceTimestamp":"2024-04-27T10:46:58.7081307Z","ServerTimestamp":"2024-04-27T10:46:58.897367Z"},"nsu=http://opcfoundation.org/UA/Plc/Applications;s=FastUIntScalar3":{"Value":110,"SourceTimestamp":"2024-04-27T10:46:58.7081318Z","ServerTimestamp":"2024-04-27T10:46:58.8973754Z"},"nsu=http://opcfoundation.org/UA/Plc/Applications;s=FastRandomUIntScalar1":{"Value":3232730333,"SourceTimestamp":"2024-04-27T10:46:58.7081291Z","ServerTimestamp":"2024-04-27T10:46:58.8973619Z"},"nsu=http://opcfoundation.org/UA/Plc/Applications;s=FastRandomUIntScalar2":{"Value":2218619683,"SourceTimestamp":"2024-04-27T10:46:58.7081734Z","ServerTimestamp":"2024-04-27T10:46:58.8973638Z"},"nsu=http://opcfoundation.org/UA/Plc/Applications;s=FastRandomUIntScalar3":{"Value":2224193793,"SourceTimestamp":"2024-04-27T10:46:58.7081766Z","ServerTimestamp":"2024-04-27T10:46:58.8973778Z"},"nsu=http://opcfoundation.org/UA/Plc/Applications;s=NegativeTrendData":{"Value":98.5,"SourceTimestamp":"2024-04-27T10:46:58.8168706Z","ServerTimestamp":"2024-04-27T10:46:58.8973786Z"},"nsu=http://opcfoundation.org/UA/Plc/Applications;s=PositiveTrendData":{"Value":101.5,"SourceTimestamp":"2024-04-27T10:46:58.8168739Z","ServerTimestamp":"2024-04-27T10:46:58.8973653Z"},"nsu=http://opcfoundation.org/UA/Plc/Applications;s=SlowUIntScalar1":{"Value":11,"SourceTimestamp":"2024-04-27T10:46:58.7081105Z","ServerTimestamp":"2024-04-27T10:46:58.8973701Z"},"nsu=http://opcfoundation.org/UA/Plc/Applications;s=SlowUIntScalar2":{"Value":11,"SourceTimestamp":"2024-04-27T10:46:58.7081173Z","ServerTimestamp":"2024-04-27T10:46:58.8973676Z"},"nsu=http://opcfoundation.org/UA/Plc/Applications;s=SlowUIntScalar3":{"Value":11,"SourceTimestamp":"2024-04-27T10:46:58.7081187Z","ServerTimestamp":"2024-04-27T10:46:58.8973771Z"},"nsu=http://opcfoundation.org/UA/Plc/Applications;s=BadSlowUIntScalar1":{"Value":1,"SourceTimestamp":"2024-04-27T10:46:58.7081198Z","ServerTimestamp":"2024-04-27T10:46:58.8973723Z"},"nsu=http://opcfoundation.org/UA/Plc/Applications;s=SlowRandomUIntScalar1":{"Value":1272684248,"SourceTimestamp":"2024-04-27T10:46:58.7081195Z","ServerTimestamp":"2024-04-27T10:46:58.8973715Z"},"nsu=http://opcfoundation.org/UA/Plc/Applications;s=SlowRandomUIntScalar2":{"Value":2910210413,"SourceTimestamp":"2024-04-27T10:46:58.7081239Z","ServerTimestamp":"2024-04-27T10:46:58.8973748Z"},"nsu=http://opcfoundation.org/UA/Plc/Applications;s=SlowRandomUIntScalar3":{"Value":72990041,"SourceTimestamp":"2024-04-27T10:46:58.708125Z","ServerTimestamp":"2024-04-27T10:46:58.8973764Z"},"nsu=http://opcfoundation.org/UA/Plc/Applications;s=BadSlowRandomUIntScalar1":{"Value":1899319190,"SourceTimestamp":"2024-04-27T10:46:58.7081263Z","ServerTimestamp":"2024-04-27T10:46:58.8973693Z"},"nsu=http://opcfoundation.org/UA/Plc/Applications;s=SpikeData":{"Value":6.4324905987065468E-14,"SourceTimestamp":"2024-04-27T10:46:58.8168756Z","ServerTimestamp":"2024-04-27T10:46:58.8973629Z"},"ns=23;i=1259":{"Value":0.63400000000000001,"SourceTimestamp":"2024-04-27T10:45:09.875411Z","ServerTimestamp":"2024-04-27T10:46:58.8973463Z"}}}]}