{"MessageId":"00fceb59-4343-454d-8970-bf1ba9752210","MessageType":"ua-data","PublisherId":"DESKTOP-BGFJS91","DataSetWriterGroup":"<<UnknownWriterGroup>>","Messages":[{"SequenceNumber":112,"MetaDataVersion":{"MajorVersion":1},"Timestamp":"2024-04-27T10:47:01.9005687Z","MessageType":"ua-deltaframe","DataSetWriterName":"<<UnknownDataSet>>","Payload":{"i=2258":{"Value":"2024-04-27T10:47:01.9002867Z","SourceTimestamp":"2024-04-27T10:45:09.8753779Z","ServerTimestamp":"2024-04-27T10:47:01.9002855Z"},"nsu=http://opcfoundation.org/UA/Plc/Applications;s=StepUp":{"Value":1131,"SourceTimestamp":"2024-04-27T10:47:01.8213807Z","ServerTimestamp":"2024-04-27T10:47:01.9003225Z"},"nsu=http://opcfoundation.org/UA/Plc/Applications;s=AlternatingBoolean":{"Value":true,"SourceTimestamp":"2024-04-27T10:47:01.8213823Z","ServerTimestamp":"2024-04-27T10:47:01.9003303Z"},"nsu=http://opcfoundation.org/UA/Plc/Applications;s=RandomSignedInt32":{"Value":-585342117,"SourceTimestamp":"2024-04-27T10:47:01.8214013Z","ServerTimestamp":"2024-04-27T10:47:01.9003249Z"},"nsu=http://opcfoundation.org/UA/Plc/Applications;s=RandomUnsignedInt32":{"Value":138782554,"SourceTimestamp":"2024-04-27T10:47:01.8213998Z","ServerTimestamp":"2024-04-27T10:47:01.9003209Z"},"nsu=http://opcfoundation.org/UA/Plc/Applications;s=DipData":{"Value":58.778525229247322,"SourceTimestamp":"2024-04-27T10:47:01.8214132Z","ServerTimestamp":"2024-04-27T10:47:01.9003296Z"},"nsu=http://opcfoundation.org/UA/Plc/Applications;s=FastUIntScalar1":{"Value":113,"SourceTimestamp":"2024-04-27T10:47:01.7132736Z","ServerTimestamp":"2024-04-27T10:47:01.9003292Z"},"nsu=http://opcfoundation.org/UA/Plc/Applications;s=FastUIntScalar2":{"Value":113,"SourceTimestamp":"2024-04-27T10:47:01.713282Z","ServerTimestamp":"2024-04-27T10:47:01.9003234Z"},"nsu=http://opcfoundation.org/UA/Plc/Applications;s=FastUIntScalar3":{"Value":113,"SourceTimestamp":"2024-04-27T10:47:01.7132838Z","ServerTimestamp":"2024-04-27T10:47:01.9003323Z"},"nsu=http://opcfoundation.org/UA/Plc/Applications;s=FastRandomUIntScalar1":{"Value":1702419479,"SourceTimestamp":"2024-04-27T10:47:01.7132896Z","ServerTimestamp":"2024-04-27T10:47:01.9003181Z"},"nsu=http://opcfoundation.org/UA/Plc/Applications;s=FastRandomUIntScalar2":{"Value":963762605,"SourceTimestamp":"2024-04-27T10:47:01.713292Z","ServerTimestamp":"2024-04-27T10:47:01.90032Z"},"nsu=http://opcfoundation.org/UA/Plc/Applications;s=FastRandomUIntScalar3":{"Value":2224757617,"SourceTimestamp":"2024-04-27T10:47:01.7132932Z","ServerTimestamp":"2024-04-27T10:47:01.9003348Z"},"nsu=http://opcfoundation.org/UA/Plc/Applications;s=NegativeTrendData":{"Value":98.5,"SourceTimestamp":"2024-04-27T10:47:01.8214375Z","ServerTimestamp":"2024-04-27T10:47:01.9003357Z"},"nsu=http://opcfoundation.org/UA/Plc/Applications;s=PositiveTrendData":{"Value":101.5,"SourceTimestamp":"2024-04-27T10:47:01.8214208Z","ServerTimestamp":"2024-04-27T10:47:01.9003219Z"},"nsu=http://opcfoundation.org/UA/Plc/Applications;s=SlowUIntScalar1":{"Value":11,"SourceTimestamp":"2024-04-27T10:46:58.7081105Z","ServerTimestamp":"2024-04-27T10:47:01.9003268Z"},"nsu=http://opcfoundation.org/UA/Plc/Applications;s=SlowUIntScalar2":{"Value":11,"SourceTimestamp":"2024-04-27T10:46:58.7081173Z","ServerTimestamp":"2024-04-27T10:47:01.9003241Z"},"nsu=http://opcfoundation.org/UA/Plc/Applications;s=SlowUIntScalar3":{"Value":11,"SourceTimestamp":"2024-04-27T10:46:58.7081187Z","ServerTimestamp":"2024-04-27T10:47:01.900334Z"},"nsu=http://opcfoundation.org/UA/Plc/Applications;s=BadSlowUIntScalar1":{"Value":1,"SourceTimestamp":"2024-04-27T10:46:58.7081198Z","ServerTimestamp":"2024-04-27T10:47:01.9003288Z"},"nsu=http://opcfoundation.org/UA/Plc/Applications;s=SlowRandomUIntScalar1":{"Value":1272684248,"SourceTimestamp":"2024-04-27T10:46:58.7081195Z","ServerTimestamp":"2024-04-27T10:47:01.9003278Z"},"nsu=http://opcfoundation.org/UA/Plc/Applications;s=SlowRandomUIntScalar2":{"Value":2910210413,"SourceTimestamp":"2024-04-27T10:46:58.7081239Z","ServerTimestamp":"2024-04-27T10:47:01.9003315Z"},"nsu=http://opcfoundation.org/UA/Plc/Applications;s=SlowRandomUIntScalar3":{"Value":72990041,"SourceTimestamp":"2024-04-27T10:46:58.708125Z","ServerTimestamp":"2024-04-27T10:47:01.9003333Z"},"nsu=http://opcfoundation.org/UA/Plc/Applications;s=BadSlowRandomUIntScalar1":{"Value":1899319190,"SourceTimestamp":"2024-04-27T10:46:58.7081263Z","ServerTimestamp":"2024-04-27T10:47:01.9003258Z"},"nsu=http://opcfoundation.org/UA/Plc/Applications;s=SpikeData":{"Value":58.778525229247322,"SourceTimestamp":"2024-04-27T10:47:01.8214247Z","ServerTimestamp":"2024-04-27T10:47:01.9003192Z"},"ns=23;i=1259":{"Value":-0.872,"SourceTimestamp":"2024-04-27T10:45:09.875411Z","ServerTimestamp":"2024-04-27T10:47:01.9003014Z"}}}]}