{"MessageId":"efee1c26-7274-422f-ad5b-34ec3672ea73","MessageType":"ua-data","PublisherId":"DESKTOP-BGFJS91","DataSetWriterGroup":"<<UnknownWriterGroup>>","Messages":[{"SequenceNumber":113,"MetaDataVersion":{"MajorVersion":1},"Timestamp":"2024-04-27T10:47:02.8915547Z","MessageType":"ua-deltaframe","DataSetWriterName":"<<UnknownDataSet>>","Payload":{"i=2258":{"Value":"2024-04-27T10:47:02.8912246Z","SourceTimestamp":"2024-04-27T10:45:09.8753779Z","ServerTimestamp":"2024-04-27T10:47:02.8912233Z"},"nsu=http://opcfoundation.org/UA/Plc/Applications;s=StepUp":{"Value":1141,"SourceTimestamp":"2024-04-27T10:47:02.8117881Z","ServerTimestamp":"2024-04-27T10:47:02.8912613Z"},"nsu=http://opcfoundation.org/UA/Plc/Applications;s=AlternatingBoolean":{"Value":true,"SourceTimestamp":"2024-04-27T10:47:02.8117881Z","ServerTimestamp":"2024-04-27T10:47:02.8912693Z"},"nsu=http://opcfoundation.org/UA/Plc/Applications;s=RandomSignedInt32":{"Value":-657642989,"SourceTimestamp":"2024-04-27T10:47:02.8117977Z","ServerTimestamp":"2024-04-27T10:47:02.8912636Z"},"nsu=http://opcfoundation.org/UA/Plc/Applications;s=RandomUnsignedInt32":{"Value":745285066,"SourceTimestamp":"2024-04-27T10:47:02.8118032Z","ServerTimestamp":"2024-04-27T10:47:02.8912598Z"},"nsu=http://opcfoundation.org/UA/Plc/Applications;s=DipData":{"Value":95.10565162951535,"SourceTimestamp":"2024-04-27T10:47:02.8118186Z","ServerTimestamp":"2024-04-27T10:47:02.8912686Z"},"nsu=http://opcfoundation.org/UA/Plc/Applications;s=FastUIntScalar1":{"Value":114,"SourceTimestamp":"2024-04-27T10:47:02.7197305Z","ServerTimestamp":"2024-04-27T10:47:02.8912681Z"},"nsu=http://opcfoundation.org/UA/Plc/Applications;s=FastUIntScalar2":{"Value":114,"SourceTimestamp":"2024-04-27T10:47:02.7197365Z","ServerTimestamp":"2024-04-27T10:47:02.8912621Z"},"nsu=http://opcfoundation.org/UA/Plc/Applications;s=FastUIntScalar3":{"Value":114,"SourceTimestamp":"2024-04-27T10:47:02.719738Z","ServerTimestamp":"2024-04-27T10:47:02.8912711Z"},"nsu=http://opcfoundation.org/UA/Plc/Applications;s=FastRandomUIntScalar1":{"Value":1950968072,"SourceTimestamp":"2024-04-27T10:47:02.7197449Z","ServerTimestamp":"2024-04-27T10:47:02.8912565Z"},"nsu=http://opcfoundation.org/UA/Plc/Applications;s=FastRandomUIntScalar2":{"Value":2954202377,"SourceTimestamp":"2024-04-27T10:47:02.7197501Z","ServerTimestamp":"2024-04-27T10:47:02.8912589Z"},"nsu=http://opcfoundation.org/UA/Plc/Applications;s=FastRandomUIntScalar3":{"Value":3857368866,"SourceTimestamp":"2024-04-27T10:47:02.7197519Z","ServerTimestamp":"2024-04-27T10:47:02.8912746Z"},"nsu=http://opcfoundation.org/UA/Plc/Applications;s=NegativeTrendData":{"Value":98.5,"SourceTimestamp":"2024-04-27T10:47:02.8118123Z","ServerTimestamp":"2024-04-27T10:47:02.8912754Z"},"nsu=http://opcfoundation.org/UA/Plc/Applications;s=PositiveTrendData":{"Value":101.5,"SourceTimestamp":"2024-04-27T10:47:02.8118181Z","ServerTimestamp":"2024-04-27T10:47:02.8912606Z"},"nsu=http://opcfoundation.org/UA/Plc/Applications;s=SlowUIntScalar1":{"Value":11,"SourceTimestamp":"2024-04-27T10:46:58.7081105Z","ServerTimestamp":"2024-04-27T10:47:02.8912656Z"},"nsu=http://opcfoundation.org/UA/Plc/Applications;s=SlowUIntScalar2":{"Value":11,"SourceTimestamp":"2024-04-27T10:46:58.7081173Z","ServerTimestamp":"2024-04-27T10:47:02.8912628Z"},"nsu=http://opcfoundation.org/UA/Plc/Applications;s=SlowUIntScalar3":{"Value":11,"SourceTimestamp":"2024-04-27T10:46:58.7081187Z","ServerTimestamp":"2024-04-27T10:47:02.8912737Z"},"nsu=http://opcfoundation.org/UA/Plc/Applications;s=BadSlowUIntScalar1":{"Value":1,"SourceTimestamp":"2024-04-27T10:46:58.7081198Z","ServerTimestamp":"2024-04-27T10:47:02.8912676Z"},"nsu=http://opcfoundation.org/UA/Plc/Applications;s=SlowRandomUIntScalar1":{"Value":1272684248,"SourceTimestamp":"2024-04-27T10:46:58.7081195Z","ServerTimestamp":"2024-04-27T10:47:02.8912666Z"},"nsu=http://opcfoundation.org/UA/Plc/Applications;s=SlowRandomUIntScalar2":{"Value":2910210413,"SourceTimestamp":"2024-04-27T10:46:58.7081239Z","ServerTimestamp":"2024-04-27T10:47:02.8912705Z"},"nsu=http://opcfoundation.org/UA/Plc/Applications;s=SlowRandomUIntScalar3":{"Value":72990041,"SourceTimestamp":"2024-04-27T10:46:58.708125Z","ServerTimestamp":"2024-04-27T10:47:02.8912722Z"},"nsu=http://opcfoundation.org/UA/Plc/Applications;s=BadSlowRandomUIntScalar1":{"Value":1899319190,"SourceTimestamp":"2024-04-27T10:46:58.7081263Z","ServerTimestamp":"2024-04-27T10:47:02.8912645Z"},"nsu=http://opcfoundation.org/UA/Plc/Applications;s=SpikeData":{"Value":95.10565162951535,"SourceTimestamp":"2024-04-27T10:47:02.8118123Z","ServerTimestamp":"2024-04-27T10:47:02.8912576Z"},"ns=23;i=1259":{"Value":-0.90000000000000002,"SourceTimestamp":"2024-04-27T10:45:09.875411Z","ServerTimestamp":"2024-04-27T10:47:02.8912398Z"}}}]}