{"MessageId":"90b293ff-dc92-4c95-87f2-b88b16965396","MessageType":"ua-data","PublisherId":"DESKTOP-BGFJS91","DataSetWriterGroup":"<<UnknownWriterGroup>>","Messages":[{"SequenceNumber":114,"MetaDataVersion":{"MajorVersion":1},"Timestamp":"2024-04-27T10:47:03.8959563Z","MessageType":"ua-deltaframe","DataSetWriterName":"<<UnknownDataSet>>","Payload":{"i=2258":{"Value":"2024-04-27T10:47:03.8956637Z","SourceTimestamp":"2024-04-27T10:45:09.8753779Z","ServerTimestamp":"2024-04-27T10:47:03.8956623Z"},"nsu=http://opcfoundation.org/UA/Plc/Applications;s=StepUp":{"Value":1151,"SourceTimestamp":"2024-04-27T10:47:03.816189Z","ServerTimestamp":"2024-04-27T10:47:03.895699Z"},"nsu=http://opcfoundation.org/UA/Plc/Applications;s=AlternatingBoolean":{"Value":false,"SourceTimestamp":"2024-04-27T10:47:03.816201Z","ServerTimestamp":"2024-04-27T10:47:03.8957069Z"},"nsu=http://opcfoundation.org/UA/Plc/Applications;s=RandomSignedInt32":{"Value":1994706592,"SourceTimestamp":"2024-04-27T10:47:03.8162196Z","ServerTimestamp":"2024-04-27T10:47:03.8957015Z"},"nsu=http://opcfoundation.org/UA/Plc/Applications;s=RandomUnsignedInt32":{"Value":1059923313,"SourceTimestamp":"2024-04-27T10:47:03.8162126Z","ServerTimestamp":"2024-04-27T10:47:03.8956974Z"},"nsu=http://opcfoundation.org/UA/Plc/Applications;s=DipData":{"Value":6.4324905987065468E-14,"SourceTimestamp":"2024-04-27T10:47:03.8162197Z","ServerTimestamp":"2024-04-27T10:47:03.8957063Z"},"nsu=http://opcfoundation.org/UA/Plc/Applications;s=FastUIntScalar1":{"Value":115,"SourceTimestamp":"2024-04-27T10:47:03.70716Z","ServerTimestamp":"2024-04-27T10:47:03.8957058Z"},"nsu=http://opcfoundation.org/UA/Plc/Applications;s=FastUIntScalar2":{"Value":115,"SourceTimestamp":"2024-04-27T10:47:03.7071675Z","ServerTimestamp":"2024-04-27T10:47:03.8956998Z"},"nsu=http://opcfoundation.org/UA/Plc/Applications;s=FastUIntScalar3":{"Value":115,"SourceTimestamp":"2024-04-27T10:47:03.707171Z","ServerTimestamp":"2024-04-27T10:47:03.8957087Z"},"nsu=http://opcfoundation.org/UA/Plc/Applications;s=FastRandomUIntScalar1":{"Value":1045492236,"SourceTimestamp":"2024-04-27T10:47:03.7071662Z","ServerTimestamp":"2024-04-27T10:47:03.8956947Z"},"nsu=http://opcfoundation.org/UA/Plc/Applications;s=FastRandomUIntScalar2":{"Value":3435535668,"SourceTimestamp":"2024-04-27T10:47:03.7071702Z","ServerTimestamp":"2024-04-27T10:47:03.8956965Z"},"nsu=http://opcfoundation.org/UA/Plc/Applications;s=FastRandomUIntScalar3":{"Value":267662238,"SourceTimestamp":"2024-04-27T10:47:03.7071717Z","ServerTimestamp":"2024-04-27T10:47:03.8957112Z"},"nsu=http://opcfoundation.org/UA/Plc/Applications;s=NegativeTrendData":{"Value":98.400000000000006,"SourceTimestamp":"2024-04-27T10:47:03.8162251Z","ServerTimestamp":"2024-04-27T10:47:03.8957122Z"},"nsu=http://opcfoundation.org/UA/Plc/Applications;s=PositiveTrendData":{"Value":101.59999999999999,"SourceTimestamp":"2024-04-27T10:47:03.8162283Z","ServerTimestamp":"2024-04-27T10:47:03.8956983Z"},"nsu=http://opcfoundation.org/UA/Plc/Applications;s=SlowUIntScalar1":{"Value":11,"SourceTimestamp":"2024-04-27T10:46:58.7081105Z","ServerTimestamp":"2024-04-27T10:47:03.8957034Z"},"nsu=http://opcfoundation.org/UA/Plc/Applications;s=SlowUIntScalar2":{"Value":11,"SourceTimestamp":"2024-04-27T10:46:58.7081173Z","ServerTimestamp":"2024-04-27T10:47:03.8957007Z"},"nsu=http://opcfoundation.org/UA/Plc/Applications;s=SlowUIntScalar3":{"Value":11,"SourceTimestamp":"2024-04-27T10:46:58.7081187Z","ServerTimestamp":"2024-04-27T10:47:03.8957105Z"},"nsu=http://opcfoundation.org/UA/Plc/Applications;s=BadSlowUIntScalar1":{"Value":1,"SourceTimestamp":"2024-04-27T10:46:58.7081198Z","ServerTimestamp":"2024-04-27T10:47:03.8957054Z"},"nsu=http://opcfoundation.org/UA/Plc/Applications;s=SlowRandomUIntScalar1":{"Value":1272684248,"SourceTimestamp":"2024-04-27T10:46:58.7081195Z","ServerTimestamp":"2024-04-27T10:47:03.8957045Z"},"nsu=http://opcfoundation.org/UA/Plc/Applications;s=SlowRandomUIntScalar2":{"Value":2910210413,"SourceTimestamp":"2024-04-27T10:46:58.7081239Z","ServerTimestamp":"2024-04-27T10:47:03.8957081Z"},"nsu=http://opcfoundation.org/UA/Plc/Applications;s=SlowRandomUIntScalar3":{"Value":72990041,"SourceTimestamp":"2024-04-27T10:46:58.708125Z","ServerTimestamp":"2024-04-27T10:47:03.8957097Z"},"nsu=http://opcfoundation.org/UA/Plc/Applications;s=BadSlowRandomUIntScalar1":{"Value":1899319190,"SourceTimestamp":"2024-04-27T10:46:58.7081263Z","ServerTimestamp":"2024-04-27T10:47:03.8957024Z"},"nsu=http://opcfoundation.org/UA/Plc/Applications;s=SpikeData":{"Value":6.4324905987065468E-14,"SourceTimestamp":"2024-04-27T10:47:03.816234Z","ServerTimestamp":"2024-04-27T10:47:03.8956957Z"},"ns=23;i=1259":{"Value":-0,"SourceTimestamp":"2024-04-27T10:45:09.875411Z","ServerTimestamp":"2024-04-27T10:47:03.8956779Z"}}}]}