{"MessageId":"97aec970-542a-4beb-87a7-064841534cd0","MessageType":"ua-data","PublisherId":"DESKTOP-BGFJS91","DataSetWriterGroup":"<<UnknownWriterGroup>>","Messages":[{"SequenceNumber":115,"MetaDataVersion":{"MajorVersion":1},"Timestamp":"2024-04-27T10:47:04.8875386Z","MessageType":"ua-deltaframe","DataSetWriterName":"<<UnknownDataSet>>","Payload":{"i=2258":{"Value":"2024-04-27T10:47:04.8872737Z","SourceTimestamp":"2024-04-27T10:45:09.8753779Z","ServerTimestamp":"2024-04-27T10:47:04.8872727Z"},"nsu=http://opcfoundation.org/UA/Plc/Applications;s=StepUp":{"Value":1161,"SourceTimestamp":"2024-04-27T10:47:04.8078224Z","ServerTimestamp":"2024-04-27T10:47:04.887307Z"},"nsu=http://opcfoundation.org/UA/Plc/Applications;s=AlternatingBoolean":{"Value":false,"SourceTimestamp":"2024-04-27T10:47:04.8078309Z","ServerTimestamp":"2024-04-27T10:47:04.8873152Z"},"nsu=http://opcfoundation.org/UA/Plc/Applications;s=RandomSignedInt32":{"Value":1155898309,"SourceTimestamp":"2024-04-27T10:47:04.8078399Z","ServerTimestamp":"2024-04-27T10:47:04.8873095Z"},"nsu=http://opcfoundation.org/UA/Plc/Applications;s=RandomUnsignedInt32":{"Value":143699873,"SourceTimestamp":"2024-04-27T10:47:04.8078384Z","ServerTimestamp":"2024-04-27T10:47:04.8873055Z"},"nsu=http://opcfoundation.org/UA/Plc/Applications;s=DipData":{"Value":-95.105651629515364,"SourceTimestamp":"2024-04-27T10:47:04.8078464Z","ServerTimestamp":"2024-04-27T10:47:04.8873145Z"},"nsu=http://opcfoundation.org/UA/Plc/Applications;s=FastUIntScalar1":{"Value":116,"SourceTimestamp":"2024-04-27T10:47:04.7157206Z","ServerTimestamp":"2024-04-27T10:47:04.8873134Z"},"nsu=http://opcfoundation.org/UA/Plc/Applications;s=FastUIntScalar2":{"Value":116,"SourceTimestamp":"2024-04-27T10:47:04.715733Z","ServerTimestamp":"2024-04-27T10:47:04.8873078Z"},"nsu=http://opcfoundation.org/UA/Plc/Applications;s=FastUIntScalar3":{"Value":116,"SourceTimestamp":"2024-04-27T10:47:04.7157349Z","ServerTimestamp":"2024-04-27T10:47:04.8873169Z"},"nsu=http://opcfoundation.org/UA/Plc/Applications;s=FastRandomUIntScalar1":{"Value":3247057079,"SourceTimestamp":"2024-04-27T10:47:04.7157185Z","ServerTimestamp":"2024-04-27T10:47:04.8873026Z"},"nsu=http://opcfoundation.org/UA/Plc/Applications;s=FastRandomUIntScalar2":{"Value":3581582969,"SourceTimestamp":"2024-04-27T10:47:04.7157244Z","ServerTimestamp":"2024-04-27T10:47:04.8873047Z"},"nsu=http://opcfoundation.org/UA/Plc/Applications;s=FastRandomUIntScalar3":{"Value":356013602,"SourceTimestamp":"2024-04-27T10:47:04.7157261Z","ServerTimestamp":"2024-04-27T10:47:04.8873192Z"},"nsu=http://opcfoundation.org/UA/Plc/Applications;s=NegativeTrendData":{"Value":98.400000000000006,"SourceTimestamp":"2024-04-27T10:47:04.8078464Z","ServerTimestamp":"2024-04-27T10:47:04.88732Z"},"nsu=http://opcfoundation.org/UA/Plc/Applications;s=PositiveTrendData":{"Value":101.59999999999999,"SourceTimestamp":"2024-04-27T10:47:04.8078465Z","ServerTimestamp":"2024-04-27T10:47:04.8873063Z"},"nsu=http://opcfoundation.org/UA/Plc/Applications;s=SlowUIntScalar1":{"Value":11,"SourceTimestamp":"2024-04-27T10:46:58.7081105Z","ServerTimestamp":"2024-04-27T10:47:04.8873112Z"},"nsu=http://opcfoundation.org/UA/Plc/Applications;s=SlowUIntScalar2":{"Value":11,"SourceTimestamp":"2024-04-27T10:46:58.7081173Z","ServerTimestamp":"2024-04-27T10:47:04.8873088Z"},"nsu=http://opcfoundation.org/UA/Plc/Applications;s=SlowUIntScalar3":{"Value":11,"SourceTimestamp":"2024-04-27T10:46:58.7081187Z","ServerTimestamp":"2024-04-27T10:47:04.8873185Z"},"nsu=http://opcfoundation.org/UA/Plc/Applications;s=BadSlowUIntScalar1":{"Value":1,"SourceTimestamp":"2024-04-27T10:46:58.7081198Z","ServerTimestamp":"2024-04-27T10:47:04.887313Z"},"nsu=http://opcfoundation.org/UA/Plc/Applications;s=SlowRandomUIntScalar1":{"Value":1272684248,"SourceTimestamp":"2024-04-27T10:46:58.7081195Z","ServerTimestamp":"2024-04-27T10:47:04.8873122Z"},"nsu=http://opcfoundation.org/UA/Plc/Applications;s=SlowRandomUIntScalar2":{"Value":2910210413,"SourceTimestamp":"2024-04-27T10:46:58.7081239Z","ServerTimestamp":"2024-04-27T10:47:04.8873163Z"},"nsu=http://opcfoundation.org/UA/Plc/Applications;s=SlowRandomUIntScalar3":{"Value":72990041,"SourceTimestamp":"2024-04-27T10:46:58.708125Z","ServerTimestamp":"2024-04-27T10:47:04.8873179Z"},"nsu=http://opcfoundation.org/UA/Plc/Applications;s=BadSlowRandomUIntScalar1":{"Value":1899319190,"SourceTimestamp":"2024-04-27T10:46:58.7081263Z","ServerTimestamp":"2024-04-27T10:47:04.8873103Z"},"nsu=http://opcfoundation.org/UA/Plc/Applications;s=SpikeData":{"Value":-95.105651629515364,"SourceTimestamp":"2024-04-27T10:47:04.8078566Z","ServerTimestamp":"2024-04-27T10:47:04.8873036Z"},"ns=23;i=1259":{"Value":-0.20200000000000001,"SourceTimestamp":"2024-04-27T10:45:09.875411Z","ServerTimestamp":"2024-04-27T10:47:04.8872875Z"}}}]}