{"MessageId":"b6ebd69a-ac68-46ce-9cdb-70b477654b7d","MessageType":"ua-data","PublisherId":"DESKTOP-BGFJS91","DataSetWriterGroup":"<<UnknownWriterGroup>>","Messages":[{"SequenceNumber":13,"MetaDataVersion":{"MajorVersion":1},"Timestamp":"2024-04-27T10:45:22.8918297Z","MessageType":"ua-deltaframe","DataSetWriterName":"<<UnknownDataSet>>","Payload":{"i=2258":{"Value":"2024-04-27T10:45:22.891537Z","SourceTimestamp":"2024-04-27T10:45:09.8753779Z","ServerTimestamp":"2024-04-27T10:45:22.8915358Z"},"nsu=http://opcfoundation.org/UA/Plc/Applications;s=StepUp":{"Value":141,"SourceTimestamp":"2024-04-27T10:45:22.8129549Z","ServerTimestamp":"2024-04-27T10:45:22.8915724Z"},"nsu=http://opcfoundation.org/UA/Plc/Applications;s=AlternatingBoolean":{"Value":true,"SourceTimestamp":"2024-04-27T10:45:22.8129554Z","ServerTimestamp":"2024-04-27T10:45:22.8915798Z"},"nsu=http://opcfoundation.org/UA/Plc/Applications;s=RandomSignedInt32":{"Value":727172923,"SourceTimestamp":"2024-04-27T10:45:22.8129694Z","ServerTimestamp":"2024-04-27T10:45:22.8915746Z"},"nsu=http://opcfoundation.org/UA/Plc/Applications;s=RandomUnsignedInt32":{"Value":527625664,"SourceTimestamp":"2024-04-27T10:45:22.8129698Z","ServerTimestamp":"2024-04-27T10:45:22.891571Z"},"nsu=http://opcfoundation.org/UA/Plc/Applications;s=DipData":{"Value":95.10565162951535,"SourceTimestamp":"2024-04-27T10:45:22.8129839Z","ServerTimestamp":"2024-04-27T10:45:22.8915792Z"},"nsu=http://opcfoundation.org/UA/Plc/Applications;s=FastUIntScalar1":{"Value":14,"SourceTimestamp":"2024-04-27T10:45:22.7193505Z","ServerTimestamp":"2024-04-27T10:45:22.8915787Z"},"nsu=http://opcfoundation.org/UA/Plc/Applications;s=FastUIntScalar2":{"Value":14,"SourceTimestamp":"2024-04-27T10:45:22.7193556Z","ServerTimestamp":"2024-04-27T10:45:22.8915733Z"},"nsu=http://opcfoundation.org/UA/Plc/Applications;s=FastUIntScalar3":{"Value":14,"SourceTimestamp":"2024-04-27T10:45:22.7193567Z","ServerTimestamp":"2024-04-27T10:45:22.8915815Z"},"nsu=http://opcfoundation.org/UA/Plc/Applications;s=FastRandomUIntScalar1":{"Value":2829736275,"SourceTimestamp":"2024-04-27T10:45:22.719359Z","ServerTimestamp":"2024-04-27T10:45:22.8915685Z"},"nsu=http://opcfoundation.org/UA/Plc/Applications;s=FastRandomUIntScalar2":{"Value":1567539251,"SourceTimestamp":"2024-04-27T10:45:22.7193627Z","ServerTimestamp":"2024-04-27T10:45:22.8915702Z"},"nsu=http://opcfoundation.org/UA/Plc/Applications;s=FastRandomUIntScalar3":{"Value":3236303787,"SourceTimestamp":"2024-04-27T10:45:22.7193641Z","ServerTimestamp":"2024-04-27T10:45:22.8915838Z"},"nsu=http://opcfoundation.org/UA/Plc/Applications;s=NegativeTrendData":{"Value":100,"SourceTimestamp":"2024-04-27T10:45:22.8129738Z","ServerTimestamp":"2024-04-27T10:45:22.8915845Z"},"nsu=http://opcfoundation.org/UA/Plc/Applications;s=PositiveTrendData":{"Value":100,"SourceTimestamp":"2024-04-27T10:45:22.8129811Z","ServerTimestamp":"2024-04-27T10:45:22.8915718Z"},"nsu=http://opcfoundation.org/UA/Plc/Applications;s=SlowUIntScalar1":{"Value":1,"SourceTimestamp":"2024-04-27T10:45:18.7125058Z","ServerTimestamp":"2024-04-27T10:45:22.8915766Z"},"nsu=http://opcfoundation.org/UA/Plc/Applications;s=SlowUIntScalar2":{"Value":1,"SourceTimestamp":"2024-04-27T10:45:18.7125122Z","ServerTimestamp":"2024-04-27T10:45:22.8915739Z"},"nsu=http://opcfoundation.org/UA/Plc/Applications;s=SlowUIntScalar3":{"Value":1,"SourceTimestamp":"2024-04-27T10:45:18.7125137Z","ServerTimestamp":"2024-04-27T10:45:22.8915831Z"},"nsu=http://opcfoundation.org/UA/Plc/Applications;s=BadSlowUIntScalar1":{"Value":1,"SourceTimestamp":"2024-04-27T10:45:18.7125147Z","ServerTimestamp":"2024-04-27T10:45:22.8915784Z"},"nsu=http://opcfoundation.org/UA/Plc/Applications;s=SlowRandomUIntScalar1":{"Value":1488112949,"SourceTimestamp":"2024-04-27T10:45:18.7125184Z","ServerTimestamp":"2024-04-27T10:45:22.8915775Z"},"nsu=http://opcfoundation.org/UA/Plc/Applications;s=SlowRandomUIntScalar2":{"Value":3608346605,"SourceTimestamp":"2024-04-27T10:45:18.7125197Z","ServerTimestamp":"2024-04-27T10:45:22.8915809Z"},"nsu=http://opcfoundation.org/UA/Plc/Applications;s=SlowRandomUIntScalar3":{"Value":1717703416,"SourceTimestamp":"2024-04-27T10:45:18.7125337Z","ServerTimestamp":"2024-04-27T10:45:22.8915824Z"},"nsu=http://opcfoundation.org/UA/Plc/Applications;s=BadSlowRandomUIntScalar1":{"Value":2502758382,"SourceTimestamp":"2024-04-27T10:45:18.7125605Z","ServerTimestamp":"2024-04-27T10:45:22.8915754Z"},"nsu=http://opcfoundation.org/UA/Plc/Applications;s=SpikeData":{"Value":95.10565162951535,"SourceTimestamp":"2024-04-27T10:45:22.812984Z","ServerTimestamp":"2024-04-27T10:45:22.8915695Z"},"ns=23;i=1259":{"Value":1.8800000000000001,"SourceTimestamp":"2024-04-27T10:45:09.875411Z","ServerTimestamp":"2024-04-27T10:45:22.8915516Z"}}}]}