{"MessageId":"624a34c9-8a6e-4b5b-927b-a1752c99f2eb","MessageType":"ua-data","PublisherId":"DESKTOP-BGFJS91","DataSetWriterGroup":"<<UnknownWriterGroup>>","Messages":[{"SequenceNumber":15,"MetaDataVersion":{"MajorVersion":1},"Timestamp":"2024-04-27T10:45:24.8923057Z","MessageType":"ua-deltaframe","DataSetWriterName":"<<UnknownDataSet>>","Payload":{"i=2258":{"Value":"2024-04-27T10:45:24.8919415Z","SourceTimestamp":"2024-04-27T10:45:09.8753779Z","ServerTimestamp":"2024-04-27T10:45:24.8919403Z"},"nsu=http://opcfoundation.org/UA/Plc/Applications;s=StepUp":{"Value":161,"SourceTimestamp":"2024-04-27T10:45:24.8138641Z","ServerTimestamp":"2024-04-27T10:45:24.8919763Z"},"nsu=http://opcfoundation.org/UA/Plc/Applications;s=AlternatingBoolean":{"Value":false,"SourceTimestamp":"2024-04-27T10:45:24.8138859Z","ServerTimestamp":"2024-04-27T10:45:24.8919846Z"},"nsu=http://opcfoundation.org/UA/Plc/Applications;s=RandomSignedInt32":{"Value":690479544,"SourceTimestamp":"2024-04-27T10:45:24.8138892Z","ServerTimestamp":"2024-04-27T10:45:24.8919787Z"},"nsu=http://opcfoundation.org/UA/Plc/Applications;s=RandomUnsignedInt32":{"Value":570900928,"SourceTimestamp":"2024-04-27T10:45:24.8138991Z","ServerTimestamp":"2024-04-27T10:45:24.8919749Z"},"nsu=http://opcfoundation.org/UA/Plc/Applications;s=DipData":{"Value":-95.105651629515364,"SourceTimestamp":"2024-04-27T10:45:24.8139006Z","ServerTimestamp":"2024-04-27T10:45:24.891984Z"},"nsu=http://opcfoundation.org/UA/Plc/Applications;s=FastUIntScalar1":{"Value":16,"SourceTimestamp":"2024-04-27T10:45:24.7209155Z","ServerTimestamp":"2024-04-27T10:45:24.8919835Z"},"nsu=http://opcfoundation.org/UA/Plc/Applications;s=FastUIntScalar2":{"Value":16,"SourceTimestamp":"2024-04-27T10:45:24.7209217Z","ServerTimestamp":"2024-04-27T10:45:24.8919772Z"},"nsu=http://opcfoundation.org/UA/Plc/Applications;s=FastUIntScalar3":{"Value":16,"SourceTimestamp":"2024-04-27T10:45:24.7209249Z","ServerTimestamp":"2024-04-27T10:45:24.8919863Z"},"nsu=http://opcfoundation.org/UA/Plc/Applications;s=FastRandomUIntScalar1":{"Value":991153684,"SourceTimestamp":"2024-04-27T10:45:24.720919Z","ServerTimestamp":"2024-04-27T10:45:24.8919723Z"},"nsu=http://opcfoundation.org/UA/Plc/Applications;s=FastRandomUIntScalar2":{"Value":3750433682,"SourceTimestamp":"2024-04-27T10:45:24.7209244Z","ServerTimestamp":"2024-04-27T10:45:24.8919741Z"},"nsu=http://opcfoundation.org/UA/Plc/Applications;s=FastRandomUIntScalar3":{"Value":421305502,"SourceTimestamp":"2024-04-27T10:45:24.7209259Z","ServerTimestamp":"2024-04-27T10:45:24.8919886Z"},"nsu=http://opcfoundation.org/UA/Plc/Applications;s=NegativeTrendData":{"Value":100,"SourceTimestamp":"2024-04-27T10:45:24.8138944Z","ServerTimestamp":"2024-04-27T10:45:24.8919894Z"},"nsu=http://opcfoundation.org/UA/Plc/Applications;s=PositiveTrendData":{"Value":100,"SourceTimestamp":"2024-04-27T10:45:24.8138971Z","ServerTimestamp":"2024-04-27T10:45:24.8919757Z"},"nsu=http://opcfoundation.org/UA/Plc/Applications;s=SlowUIntScalar1":{"Value":1,"SourceTimestamp":"2024-04-27T10:45:18.7125058Z","ServerTimestamp":"2024-04-27T10:45:24.8919804Z"},"nsu=http://opcfoundation.org/UA/Plc/Applications;s=SlowUIntScalar2":{"Value":1,"SourceTimestamp":"2024-04-27T10:45:18.7125122Z","ServerTimestamp":"2024-04-27T10:45:24.891978Z"},"nsu=http://opcfoundation.org/UA/Plc/Applications;s=SlowUIntScalar3":{"Value":1,"SourceTimestamp":"2024-04-27T10:45:18.7125137Z","ServerTimestamp":"2024-04-27T10:45:24.8919879Z"},"nsu=http://opcfoundation.org/UA/Plc/Applications;s=BadSlowUIntScalar1":{"Value":1,"SourceTimestamp":"2024-04-27T10:45:18.7125147Z","ServerTimestamp":"2024-04-27T10:45:24.8919822Z"},"nsu=http://opcfoundation.org/UA/Plc/Applications;s=SlowRandomUIntScalar1":{"Value":1488112949,"SourceTimestamp":"2024-04-27T10:45:18.7125184Z","ServerTimestamp":"2024-04-27T10:45:24.8919814Z"},"nsu=http://opcfoundation.org/UA/Plc/Applications;s=SlowRandomUIntScalar2":{"Value":3608346605,"SourceTimestamp":"2024-04-27T10:45:18.7125197Z","ServerTimestamp":"2024-04-27T10:45:24.8919858Z"},"nsu=http://opcfoundation.org/UA/Plc/Applications;s=SlowRandomUIntScalar3":{"Value":1717703416,"SourceTimestamp":"2024-04-27T10:45:18.7125337Z","ServerTimestamp":"2024-04-27T10:45:24.8919873Z"},"nsu=http://opcfoundation.org/UA/Plc/Applications;s=BadSlowRandomUIntScalar1":{"Value":2502758382,"SourceTimestamp":"2024-04-27T10:45:18.7125605Z","ServerTimestamp":"2024-04-27T10:45:24.8919795Z"},"nsu=http://opcfoundation.org/UA/Plc/Applications;s=SpikeData":{"Value":-95.105651629515364,"SourceTimestamp":"2024-04-27T10:45:24.8139029Z","ServerTimestamp":"2024-04-27T10:45:24.8919733Z"},"ns=23;i=1259":{"Value":-0.90000000000000002,"SourceTimestamp":"2024-04-27T10:45:09.875411Z","ServerTimestamp":"2024-04-27T10:45:24.8919553Z"}}}]}