{"MessageId":"fc177e2d-4172-42d2-9d65-dfd0ade6fe78","MessageType":"ua-data","PublisherId":"DESKTOP-BGFJS91","DataSetWriterGroup":"<<UnknownWriterGroup>>","Messages":[{"SequenceNumber":16,"MetaDataVersion":{"MajorVersion":1},"Timestamp":"2024-04-27T10:45:25.8927057Z","MessageType":"ua-deltaframe","DataSetWriterName":"<<UnknownDataSet>>","Payload":{"i=2258":{"Value":"2024-04-27T10:45:25.8923974Z","SourceTimestamp":"2024-04-27T10:45:09.8753779Z","ServerTimestamp":"2024-04-27T10:45:25.8923963Z"},"nsu=http://opcfoundation.org/UA/Plc/Applications;s=StepUp":{"Value":171,"SourceTimestamp":"2024-04-27T10:45:25.8155218Z","ServerTimestamp":"2024-04-27T10:45:25.89245Z"},"nsu=http://opcfoundation.org/UA/Plc/Applications;s=AlternatingBoolean":{"Value":false,"SourceTimestamp":"2024-04-27T10:45:25.8155412Z","ServerTimestamp":"2024-04-27T10:45:25.8924587Z"},"nsu=http://opcfoundation.org/UA/Plc/Applications;s=RandomSignedInt32":{"Value":1993956101,"SourceTimestamp":"2024-04-27T10:45:25.8155495Z","ServerTimestamp":"2024-04-27T10:45:25.8924526Z"},"nsu=http://opcfoundation.org/UA/Plc/Applications;s=RandomUnsignedInt32":{"Value":688409236,"SourceTimestamp":"2024-04-27T10:45:25.8155692Z","ServerTimestamp":"2024-04-27T10:45:25.8924483Z"},"nsu=http://opcfoundation.org/UA/Plc/Applications;s=DipData":{"Value":-58.778525229247336,"SourceTimestamp":"2024-04-27T10:45:25.8155677Z","ServerTimestamp":"2024-04-27T10:45:25.8924577Z"},"nsu=http://opcfoundation.org/UA/Plc/Applications;s=FastUIntScalar1":{"Value":17,"SourceTimestamp":"2024-04-27T10:45:25.7078248Z","ServerTimestamp":"2024-04-27T10:45:25.892457Z"},"nsu=http://opcfoundation.org/UA/Plc/Applications;s=FastUIntScalar2":{"Value":17,"SourceTimestamp":"2024-04-27T10:45:25.7078319Z","ServerTimestamp":"2024-04-27T10:45:25.8924509Z"},"nsu=http://opcfoundation.org/UA/Plc/Applications;s=FastUIntScalar3":{"Value":17,"SourceTimestamp":"2024-04-27T10:45:25.7078341Z","ServerTimestamp":"2024-04-27T10:45:25.8924607Z"},"nsu=http://opcfoundation.org/UA/Plc/Applications;s=FastRandomUIntScalar1":{"Value":3779459492,"SourceTimestamp":"2024-04-27T10:45:25.7078254Z","ServerTimestamp":"2024-04-27T10:45:25.8924454Z"},"nsu=http://opcfoundation.org/UA/Plc/Applications;s=FastRandomUIntScalar2":{"Value":4108468702,"SourceTimestamp":"2024-04-27T10:45:25.7078328Z","ServerTimestamp":"2024-04-27T10:45:25.8924473Z"},"nsu=http://opcfoundation.org/UA/Plc/Applications;s=FastRandomUIntScalar3":{"Value":878102578,"SourceTimestamp":"2024-04-27T10:45:25.7078349Z","ServerTimestamp":"2024-04-27T10:45:25.8924634Z"},"nsu=http://opcfoundation.org/UA/Plc/Applications;s=NegativeTrendData":{"Value":100,"SourceTimestamp":"2024-04-27T10:45:25.8155573Z","ServerTimestamp":"2024-04-27T10:45:25.8924642Z"},"nsu=http://opcfoundation.org/UA/Plc/Applications;s=PositiveTrendData":{"Value":100,"SourceTimestamp":"2024-04-27T10:45:25.8155627Z","ServerTimestamp":"2024-04-27T10:45:25.8924493Z"},"nsu=http://opcfoundation.org/UA/Plc/Applications;s=SlowUIntScalar1":{"Value":1,"SourceTimestamp":"2024-04-27T10:45:18.7125058Z","ServerTimestamp":"2024-04-27T10:45:25.8924545Z"},"nsu=http://opcfoundation.org/UA/Plc/Applications;s=SlowUIntScalar2":{"Value":1,"SourceTimestamp":"2024-04-27T10:45:18.7125122Z","ServerTimestamp":"2024-04-27T10:45:25.8924518Z"},"nsu=http://opcfoundation.org/UA/Plc/Applications;s=SlowUIntScalar3":{"Value":1,"SourceTimestamp":"2024-04-27T10:45:18.7125137Z","ServerTimestamp":"2024-04-27T10:45:25.8924625Z"},"nsu=http://opcfoundation.org/UA/Plc/Applications;s=BadSlowUIntScalar1":{"Value":1,"SourceTimestamp":"2024-04-27T10:45:18.7125147Z","ServerTimestamp":"2024-04-27T10:45:25.8924566Z"},"nsu=http://opcfoundation.org/UA/Plc/Applications;s=SlowRandomUIntScalar1":{"Value":1488112949,"SourceTimestamp":"2024-04-27T10:45:18.7125184Z","ServerTimestamp":"2024-04-27T10:45:25.8924557Z"},"nsu=http://opcfoundation.org/UA/Plc/Applications;s=SlowRandomUIntScalar2":{"Value":3608346605,"SourceTimestamp":"2024-04-27T10:45:18.7125197Z","ServerTimestamp":"2024-04-27T10:45:25.89246Z"},"nsu=http://opcfoundation.org/UA/Plc/Applications;s=SlowRandomUIntScalar3":{"Value":1717703416,"SourceTimestamp":"2024-04-27T10:45:18.7125337Z","ServerTimestamp":"2024-04-27T10:45:25.8924618Z"},"nsu=http://opcfoundation.org/UA/Plc/Applications;s=BadSlowRandomUIntScalar1":{"Value":2502758382,"SourceTimestamp":"2024-04-27T10:45:18.7125605Z","ServerTimestamp":"2024-04-27T10:45:25.8924535Z"},"nsu=http://opcfoundation.org/UA/Plc/Applications;s=SpikeData":{"Value":-58.778525229247336,"SourceTimestamp":"2024-04-27T10:45:25.8155766Z","ServerTimestamp":"2024-04-27T10:45:25.8924465Z"},"ns=23;i=1259":{"Value":-0,"SourceTimestamp":"2024-04-27T10:45:09.875411Z","ServerTimestamp":"2024-04-27T10:45:25.8924127Z"}}}]}