{"MessageId":"799eb21d-0009-4b7a-8f19-383284da0a95","MessageType":"ua-data","PublisherId":"DESKTOP-BGFJS91","DataSetWriterGroup":"<<UnknownWriterGroup>>","Messages":[{"SequenceNumber":2,"MetaDataVersion":{"MajorVersion":1},"Timestamp":"2024-04-27T10:45:11.8910137Z","MessageType":"ua-deltaframe","DataSetWriterName":"<<UnknownDataSet>>","Payload":{"i=2258":{"Value":"2024-04-27T10:45:11.8907198Z","SourceTimestamp":"2024-04-27T10:45:09.8753779Z","ServerTimestamp":"2024-04-27T10:45:11.8907187Z"},"nsu=http://opcfoundation.org/UA/Plc/Applications;s=StepUp":{"Value":31,"SourceTimestamp":"2024-04-27T10:45:11.8118766Z","ServerTimestamp":"2024-04-27T10:45:11.8907568Z"},"nsu=http://opcfoundation.org/UA/Plc/Applications;s=AlternatingBoolean":{"Value":true,"SourceTimestamp":"2024-04-27T10:45:11.811884Z","ServerTimestamp":"2024-04-27T10:45:11.8907648Z"},"nsu=http://opcfoundation.org/UA/Plc/Applications;s=RandomSignedInt32":{"Value":1637281087,"SourceTimestamp":"2024-04-27T10:45:11.8118881Z","ServerTimestamp":"2024-04-27T10:45:11.8907593Z"},"nsu=http://opcfoundation.org/UA/Plc/Applications;s=RandomUnsignedInt32":{"Value":1671563887,"SourceTimestamp":"2024-04-27T10:45:11.8118904Z","ServerTimestamp":"2024-04-27T10:45:11.8907553Z"},"nsu=http://opcfoundation.org/UA/Plc/Applications;s=DipData":{"Value":58.778525229247322,"SourceTimestamp":"2024-04-27T10:45:11.8118982Z","ServerTimestamp":"2024-04-27T10:45:11.8907641Z"},"nsu=http://opcfoundation.org/UA/Plc/Applications;s=FastUIntScalar1":{"Value":3,"SourceTimestamp":"2024-04-27T10:45:11.7196304Z","ServerTimestamp":"2024-04-27T10:45:11.8907636Z"},"nsu=http://opcfoundation.org/UA/Plc/Applications;s=FastUIntScalar2":{"Value":3,"SourceTimestamp":"2024-04-27T10:45:11.7196359Z","ServerTimestamp":"2024-04-27T10:45:11.8907579Z"},"nsu=http://opcfoundation.org/UA/Plc/Applications;s=FastUIntScalar3":{"Value":3,"SourceTimestamp":"2024-04-27T10:45:11.7196396Z","ServerTimestamp":"2024-04-27T10:45:11.8907671Z"},"nsu=http://opcfoundation.org/UA/Plc/Applications;s=FastRandomUIntScalar1":{"Value":3363636955,"SourceTimestamp":"2024-04-27T10:45:11.7196347Z","ServerTimestamp":"2024-04-27T10:45:11.8907522Z"},"nsu=http://opcfoundation.org/UA/Plc/Applications;s=FastRandomUIntScalar2":{"Value":1162792271,"SourceTimestamp":"2024-04-27T10:45:11.719639Z","ServerTimestamp":"2024-04-27T10:45:11.8907542Z"},"nsu=http://opcfoundation.org/UA/Plc/Applications;s=FastRandomUIntScalar3":{"Value":864965452,"SourceTimestamp":"2024-04-27T10:45:11.7196406Z","ServerTimestamp":"2024-04-27T10:45:11.8907697Z"},"nsu=http://opcfoundation.org/UA/Plc/Applications;s=NegativeTrendData":{"Value":100,"SourceTimestamp":"2024-04-27T10:45:11.8118935Z","ServerTimestamp":"2024-04-27T10:45:11.8907706Z"},"nsu=http://opcfoundation.org/UA/Plc/Applications;s=PositiveTrendData":{"Value":100,"SourceTimestamp":"2024-04-27T10:45:11.8119007Z","ServerTimestamp":"2024-04-27T10:45:11.8907561Z"},"nsu=http://opcfoundation.org/UA/Plc/Applications;s=SlowUIntScalar1":{"Value":0,"SourceTimestamp":"2024-04-27T10:45:08.7065716Z","ServerTimestamp":"2024-04-27T10:45:11.8907611Z"},"nsu=http://opcfoundation.org/UA/Plc/Applications;s=SlowUIntScalar2":{"Value":0,"SourceTimestamp":"2024-04-27T10:45:08.7065724Z","ServerTimestamp":"2024-04-27T10:45:11.8907586Z"},"nsu=http://opcfoundation.org/UA/Plc/Applications;s=SlowUIntScalar3":{"Value":0,"SourceTimestamp":"2024-04-27T10:45:08.7065739Z","ServerTimestamp":"2024-04-27T10:45:11.8907689Z"},"nsu=http://opcfoundation.org/UA/Plc/Applications;s=BadSlowUIntScalar1":{"Value":0,"SourceTimestamp":"2024-04-27T10:45:08.7065757Z","ServerTimestamp":"2024-04-27T10:45:11.8907632Z"},"nsu=http://opcfoundation.org/UA/Plc/Applications;s=SlowRandomUIntScalar1":{"Value":0,"SourceTimestamp":"2024-04-27T10:45:08.7065819Z","ServerTimestamp":"2024-04-27T10:45:11.8907622Z"},"nsu=http://opcfoundation.org/UA/Plc/Applications;s=SlowRandomUIntScalar2":{"Value":0,"SourceTimestamp":"2024-04-27T10:45:08.7065824Z","ServerTimestamp":"2024-04-27T10:45:11.8907665Z"},"nsu=http://opcfoundation.org/UA/Plc/Applications;s=SlowRandomUIntScalar3":{"Value":0,"SourceTimestamp":"2024-04-27T10:45:08.7065828Z","ServerTimestamp":"2024-04-27T10:45:11.8907681Z"},"nsu=http://opcfoundation.org/UA/Plc/Applications;s=BadSlowRandomUIntScalar1":{"Value":0,"SourceTimestamp":"2024-04-27T10:45:08.7065845Z","ServerTimestamp":"2024-04-27T10:45:11.8907602Z"},"nsu=http://opcfoundation.org/UA/Plc/Applications;s=SpikeData":{"Value":58.778525229247322,"SourceTimestamp":"2024-04-27T10:45:11.8119004Z","ServerTimestamp":"2024-04-27T10:45:11.8907533Z"},"ns=23;i=1259":{"Value":0.043900000000000002,"SourceTimestamp":"2024-04-27T10:45:09.875411Z","ServerTimestamp":"2024-04-27T10:45:11.8907355Z"}}}]}