{"MessageId":"a73a7d9a-5209-43bf-a8c6-0a7eb40a138a","MessageType":"ua-data","PublisherId":"DESKTOP-BGFJS91","DataSetWriterGroup":"<<UnknownWriterGroup>>","Messages":[{"SequenceNumber":20,"MetaDataVersion":{"MajorVersion":1},"Timestamp":"2024-04-27T10:45:29.9017956Z","MessageType":"ua-deltaframe","DataSetWriterName":"<<UnknownDataSet>>","Payload":{"i=2258":{"Value":"2024-04-27T10:45:29.9014904Z","SourceTimestamp":"2024-04-27T10:45:09.8753779Z","ServerTimestamp":"2024-04-27T10:45:29.901489Z"},"nsu=http://opcfoundation.org/UA/Plc/Applications;s=StepUp":{"Value":211,"SourceTimestamp":"2024-04-27T10:45:29.8094118Z","ServerTimestamp":"2024-04-27T10:45:29.9015245Z"},"nsu=http://opcfoundation.org/UA/Plc/Applications;s=AlternatingBoolean":{"Value":true,"SourceTimestamp":"2024-04-27T10:45:29.8094117Z","ServerTimestamp":"2024-04-27T10:45:29.901532Z"},"nsu=http://opcfoundation.org/UA/Plc/Applications;s=RandomSignedInt32":{"Value":791956220,"SourceTimestamp":"2024-04-27T10:45:29.8094241Z","ServerTimestamp":"2024-04-27T10:45:29.9015267Z"},"nsu=http://opcfoundation.org/UA/Plc/Applications;s=RandomUnsignedInt32":{"Value":1268073124,"SourceTimestamp":"2024-04-27T10:45:29.8094214Z","ServerTimestamp":"2024-04-27T10:45:29.901523Z"},"nsu=http://opcfoundation.org/UA/Plc/Applications;s=DipData":{"Value":-95.105651629515364,"SourceTimestamp":"2024-04-27T10:45:29.8094321Z","ServerTimestamp":"2024-04-27T10:45:29.9015311Z"},"nsu=http://opcfoundation.org/UA/Plc/Applications;s=FastUIntScalar1":{"Value":21,"SourceTimestamp":"2024-04-27T10:45:29.7148117Z","ServerTimestamp":"2024-04-27T10:45:29.9015307Z"},"nsu=http://opcfoundation.org/UA/Plc/Applications;s=FastUIntScalar2":{"Value":21,"SourceTimestamp":"2024-04-27T10:45:29.7148177Z","ServerTimestamp":"2024-04-27T10:45:29.9015252Z"},"nsu=http://opcfoundation.org/UA/Plc/Applications;s=FastUIntScalar3":{"Value":21,"SourceTimestamp":"2024-04-27T10:45:29.7148192Z","ServerTimestamp":"2024-04-27T10:45:29.9015337Z"},"nsu=http://opcfoundation.org/UA/Plc/Applications;s=FastRandomUIntScalar1":{"Value":611355373,"SourceTimestamp":"2024-04-27T10:45:29.7148271Z","ServerTimestamp":"2024-04-27T10:45:29.9015202Z"},"nsu=http://opcfoundation.org/UA/Plc/Applications;s=FastRandomUIntScalar2":{"Value":1522431146,"SourceTimestamp":"2024-04-27T10:45:29.7148312Z","ServerTimestamp":"2024-04-27T10:45:29.901522Z"},"nsu=http://opcfoundation.org/UA/Plc/Applications;s=FastRandomUIntScalar3":{"Value":4054618376,"SourceTimestamp":"2024-04-27T10:45:29.7148341Z","ServerTimestamp":"2024-04-27T10:45:29.9015359Z"},"nsu=http://opcfoundation.org/UA/Plc/Applications;s=NegativeTrendData":{"Value":100,"SourceTimestamp":"2024-04-27T10:45:29.809426Z","ServerTimestamp":"2024-04-27T10:45:29.9015367Z"},"nsu=http://opcfoundation.org/UA/Plc/Applications;s=PositiveTrendData":{"Value":100,"SourceTimestamp":"2024-04-27T10:45:29.8094316Z","ServerTimestamp":"2024-04-27T10:45:29.9015238Z"},"nsu=http://opcfoundation.org/UA/Plc/Applications;s=SlowUIntScalar1":{"Value":2,"SourceTimestamp":"2024-04-27T10:45:28.7174101Z","ServerTimestamp":"2024-04-27T10:45:29.9015283Z"},"nsu=http://opcfoundation.org/UA/Plc/Applications;s=SlowUIntScalar2":{"Value":2,"SourceTimestamp":"2024-04-27T10:45:28.7174178Z","ServerTimestamp":"2024-04-27T10:45:29.9015259Z"},"nsu=http://opcfoundation.org/UA/Plc/Applications;s=SlowUIntScalar3":{"Value":2,"SourceTimestamp":"2024-04-27T10:45:28.7174216Z","ServerTimestamp":"2024-04-27T10:45:29.9015352Z"},"nsu=http://opcfoundation.org/UA/Plc/Applications;s=BadSlowUIntScalar1":{"Value":2,"SourceTimestamp":"2024-04-27T10:45:28.7174239Z","ServerTimestamp":"2024-04-27T10:45:29.9015302Z"},"nsu=http://opcfoundation.org/UA/Plc/Applications;s=SlowRandomUIntScalar1":{"Value":2763716391,"SourceTimestamp":"2024-04-27T10:45:28.7174156Z","ServerTimestamp":"2024-04-27T10:45:29.9015293Z"},"nsu=http://opcfoundation.org/UA/Plc/Applications;s=SlowRandomUIntScalar2":{"Value":2133787206,"SourceTimestamp":"2024-04-27T10:45:28.7174208Z","ServerTimestamp":"2024-04-27T10:45:29.9015332Z"},"nsu=http://opcfoundation.org/UA/Plc/Applications;s=SlowRandomUIntScalar3":{"Value":2421211715,"SourceTimestamp":"2024-04-27T10:45:28.7174226Z","ServerTimestamp":"2024-04-27T10:45:29.9015346Z"},"nsu=http://opcfoundation.org/UA/Plc/Applications;s=BadSlowRandomUIntScalar1":{"Value":3236717468,"SourceTimestamp":"2024-04-27T10:45:28.7174249Z","ServerTimestamp":"2024-04-27T10:45:29.9015275Z"},"nsu=http://opcfoundation.org/UA/Plc/Applications;s=SpikeData":{"Value":-95.105651629515364,"SourceTimestamp":"2024-04-27T10:45:29.8094343Z","ServerTimestamp":"2024-04-27T10:45:29.9015212Z"},"ns=23;i=1259":{"Value":0.27200000000000002,"SourceTimestamp":"2024-04-27T10:45:09.875411Z","ServerTimestamp":"2024-04-27T10:45:29.901505Z"}}}]}