{"MessageId":"c108b5c2-3728-4e84-9e3e-f4a29afe43bb","MessageType":"ua-data","PublisherId":"DESKTOP-BGFJS91","DataSetWriterGroup":"<<UnknownWriterGroup>>","Messages":[{"SequenceNumber":22,"MetaDataVersion":{"MajorVersion":1},"Timestamp":"2024-04-27T10:45:31.8987502Z","MessageType":"ua-deltaframe","DataSetWriterName":"<<UnknownDataSet>>","Payload":{"i=2258":{"Value":"2024-04-27T10:45:31.8984534Z","SourceTimestamp":"2024-04-27T10:45:09.8753779Z","ServerTimestamp":"2024-04-27T10:45:31.8984522Z"},"nsu=http://opcfoundation.org/UA/Plc/Applications;s=StepUp":{"Value":231,"SourceTimestamp":"2024-04-27T10:45:31.8193534Z","ServerTimestamp":"2024-04-27T10:45:31.8984888Z"},"nsu=http://opcfoundation.org/UA/Plc/Applications;s=AlternatingBoolean":{"Value":true,"SourceTimestamp":"2024-04-27T10:45:31.8193619Z","ServerTimestamp":"2024-04-27T10:45:31.8984967Z"},"nsu=http://opcfoundation.org/UA/Plc/Applications;s=RandomSignedInt32":{"Value":-1711693087,"SourceTimestamp":"2024-04-27T10:45:31.8193715Z","ServerTimestamp":"2024-04-27T10:45:31.8984916Z"},"nsu=http://opcfoundation.org/UA/Plc/Applications;s=RandomUnsignedInt32":{"Value":506252884,"SourceTimestamp":"2024-04-27T10:45:31.8193761Z","ServerTimestamp":"2024-04-27T10:45:31.8984874Z"},"nsu=http://opcfoundation.org/UA/Plc/Applications;s=DipData":{"Value":58.778525229247322,"SourceTimestamp":"2024-04-27T10:45:31.8193844Z","ServerTimestamp":"2024-04-27T10:45:31.8984961Z"},"nsu=http://opcfoundation.org/UA/Plc/Applications;s=FastUIntScalar1":{"Value":23,"SourceTimestamp":"2024-04-27T10:45:31.7111623Z","ServerTimestamp":"2024-04-27T10:45:31.8984956Z"},"nsu=http://opcfoundation.org/UA/Plc/Applications;s=FastUIntScalar2":{"Value":23,"SourceTimestamp":"2024-04-27T10:45:31.7111688Z","ServerTimestamp":"2024-04-27T10:45:31.8984896Z"},"nsu=http://opcfoundation.org/UA/Plc/Applications;s=FastUIntScalar3":{"Value":23,"SourceTimestamp":"2024-04-27T10:45:31.7111724Z","ServerTimestamp":"2024-04-27T10:45:31.8984984Z"},"nsu=http://opcfoundation.org/UA/Plc/Applications;s=FastRandomUIntScalar1":{"Value":4019035090,"SourceTimestamp":"2024-04-27T10:45:31.711165Z","ServerTimestamp":"2024-04-27T10:45:31.8984848Z"},"nsu=http://opcfoundation.org/UA/Plc/Applications;s=FastRandomUIntScalar2":{"Value":701498867,"SourceTimestamp":"2024-04-27T10:45:31.7111715Z","ServerTimestamp":"2024-04-27T10:45:31.8984865Z"},"nsu=http://opcfoundation.org/UA/Plc/Applications;s=FastRandomUIntScalar3":{"Value":2491987200,"SourceTimestamp":"2024-04-27T10:45:31.7111731Z","ServerTimestamp":"2024-04-27T10:45:31.8985007Z"},"nsu=http://opcfoundation.org/UA/Plc/Applications;s=NegativeTrendData":{"Value":100,"SourceTimestamp":"2024-04-27T10:45:31.8193852Z","ServerTimestamp":"2024-04-27T10:45:31.8985014Z"},"nsu=http://opcfoundation.org/UA/Plc/Applications;s=PositiveTrendData":{"Value":100,"SourceTimestamp":"2024-04-27T10:45:31.8193803Z","ServerTimestamp":"2024-04-27T10:45:31.8984881Z"},"nsu=http://opcfoundation.org/UA/Plc/Applications;s=SlowUIntScalar1":{"Value":2,"SourceTimestamp":"2024-04-27T10:45:28.7174101Z","ServerTimestamp":"2024-04-27T10:45:31.8984934Z"},"nsu=http://opcfoundation.org/UA/Plc/Applications;s=SlowUIntScalar2":{"Value":2,"SourceTimestamp":"2024-04-27T10:45:28.7174178Z","ServerTimestamp":"2024-04-27T10:45:31.8984907Z"},"nsu=http://opcfoundation.org/UA/Plc/Applications;s=SlowUIntScalar3":{"Value":2,"SourceTimestamp":"2024-04-27T10:45:28.7174216Z","ServerTimestamp":"2024-04-27T10:45:31.8985Z"},"nsu=http://opcfoundation.org/UA/Plc/Applications;s=BadSlowUIntScalar1":{"Value":2,"SourceTimestamp":"2024-04-27T10:45:28.7174239Z","ServerTimestamp":"2024-04-27T10:45:31.8984952Z"},"nsu=http://opcfoundation.org/UA/Plc/Applications;s=SlowRandomUIntScalar1":{"Value":2763716391,"SourceTimestamp":"2024-04-27T10:45:28.7174156Z","ServerTimestamp":"2024-04-27T10:45:31.8984944Z"},"nsu=http://opcfoundation.org/UA/Plc/Applications;s=SlowRandomUIntScalar2":{"Value":2133787206,"SourceTimestamp":"2024-04-27T10:45:28.7174208Z","ServerTimestamp":"2024-04-27T10:45:31.8984978Z"},"nsu=http://opcfoundation.org/UA/Plc/Applications;s=SlowRandomUIntScalar3":{"Value":2421211715,"SourceTimestamp":"2024-04-27T10:45:28.7174226Z","ServerTimestamp":"2024-04-27T10:45:31.8984993Z"},"nsu=http://opcfoundation.org/UA/Plc/Applications;s=BadSlowRandomUIntScalar1":{"Value":3236717468,"SourceTimestamp":"2024-04-27T10:45:28.7174249Z","ServerTimestamp":"2024-04-27T10:45:31.8984925Z"},"nsu=http://opcfoundation.org/UA/Plc/Applications;s=SpikeData":{"Value":58.778525229247322,"SourceTimestamp":"2024-04-27T10:45:31.8193843Z","ServerTimestamp":"2024-04-27T10:45:31.8984858Z"},"ns=23;i=1259":{"Value":-0.30599999999999999,"SourceTimestamp":"2024-04-27T10:45:09.875411Z","ServerTimestamp":"2024-04-27T10:45:31.8984677Z"}}}]}