{"MessageId":"d80dbc0e-74fb-4964-93e7-008354268a5b","MessageType":"ua-data","PublisherId":"DESKTOP-BGFJS91","DataSetWriterGroup":"<<UnknownWriterGroup>>","Messages":[{"SequenceNumber":26,"MetaDataVersion":{"MajorVersion":1},"Timestamp":"2024-04-27T10:45:35.8956034Z","MessageType":"ua-deltaframe","DataSetWriterName":"<<UnknownDataSet>>","Payload":{"i=2258":{"Value":"2024-04-27T10:45:35.8953307Z","SourceTimestamp":"2024-04-27T10:45:09.8753779Z","ServerTimestamp":"2024-04-27T10:45:35.8953296Z"},"nsu=http://opcfoundation.org/UA/Plc/Applications;s=StepUp":{"Value":271,"SourceTimestamp":"2024-04-27T10:45:35.8167888Z","ServerTimestamp":"2024-04-27T10:45:35.8953638Z"},"nsu=http://opcfoundation.org/UA/Plc/Applications;s=AlternatingBoolean":{"Value":false,"SourceTimestamp":"2024-04-27T10:45:35.8167916Z","ServerTimestamp":"2024-04-27T10:45:35.8953726Z"},"nsu=http://opcfoundation.org/UA/Plc/Applications;s=RandomSignedInt32":{"Value":-160194896,"SourceTimestamp":"2024-04-27T10:45:35.8168105Z","ServerTimestamp":"2024-04-27T10:45:35.8953666Z"},"nsu=http://opcfoundation.org/UA/Plc/Applications;s=RandomUnsignedInt32":{"Value":704537622,"SourceTimestamp":"2024-04-27T10:45:35.8168147Z","ServerTimestamp":"2024-04-27T10:45:35.8953624Z"},"nsu=http://opcfoundation.org/UA/Plc/Applications;s=DipData":{"Value":-58.778525229247336,"SourceTimestamp":"2024-04-27T10:45:35.8168254Z","ServerTimestamp":"2024-04-27T10:45:35.8953713Z"},"nsu=http://opcfoundation.org/UA/Plc/Applications;s=FastUIntScalar1":{"Value":27,"SourceTimestamp":"2024-04-27T10:45:35.708908Z","ServerTimestamp":"2024-04-27T10:45:35.8953708Z"},"nsu=http://opcfoundation.org/UA/Plc/Applications;s=FastUIntScalar2":{"Value":27,"SourceTimestamp":"2024-04-27T10:45:35.7089121Z","ServerTimestamp":"2024-04-27T10:45:35.8953646Z"},"nsu=http://opcfoundation.org/UA/Plc/Applications;s=FastUIntScalar3":{"Value":27,"SourceTimestamp":"2024-04-27T10:45:35.7089134Z","ServerTimestamp":"2024-04-27T10:45:35.8953744Z"},"nsu=http://opcfoundation.org/UA/Plc/Applications;s=FastRandomUIntScalar1":{"Value":3338410316,"SourceTimestamp":"2024-04-27T10:45:35.7089125Z","ServerTimestamp":"2024-04-27T10:45:35.8953595Z"},"nsu=http://opcfoundation.org/UA/Plc/Applications;s=FastRandomUIntScalar2":{"Value":1698802228,"SourceTimestamp":"2024-04-27T10:45:35.7089167Z","ServerTimestamp":"2024-04-27T10:45:35.8953613Z"},"nsu=http://opcfoundation.org/UA/Plc/Applications;s=FastRandomUIntScalar3":{"Value":2535234530,"SourceTimestamp":"2024-04-27T10:45:35.7089179Z","ServerTimestamp":"2024-04-27T10:45:35.8953767Z"},"nsu=http://opcfoundation.org/UA/Plc/Applications;s=NegativeTrendData":{"Value":100,"SourceTimestamp":"2024-04-27T10:45:35.8168222Z","ServerTimestamp":"2024-04-27T10:45:35.8953775Z"},"nsu=http://opcfoundation.org/UA/Plc/Applications;s=PositiveTrendData":{"Value":100,"SourceTimestamp":"2024-04-27T10:45:35.8168224Z","ServerTimestamp":"2024-04-27T10:45:35.8953632Z"},"nsu=http://opcfoundation.org/UA/Plc/Applications;s=SlowUIntScalar1":{"Value":2,"SourceTimestamp":"2024-04-27T10:45:28.7174101Z","ServerTimestamp":"2024-04-27T10:45:35.8953687Z"},"nsu=http://opcfoundation.org/UA/Plc/Applications;s=SlowUIntScalar2":{"Value":2,"SourceTimestamp":"2024-04-27T10:45:28.7174178Z","ServerTimestamp":"2024-04-27T10:45:35.8953655Z"},"nsu=http://opcfoundation.org/UA/Plc/Applications;s=SlowUIntScalar3":{"Value":2,"SourceTimestamp":"2024-04-27T10:45:28.7174216Z","ServerTimestamp":"2024-04-27T10:45:35.895376Z"},"nsu=http://opcfoundation.org/UA/Plc/Applications;s=BadSlowUIntScalar1":{"Value":2,"SourceTimestamp":"2024-04-27T10:45:28.7174239Z","ServerTimestamp":"2024-04-27T10:45:35.8953705Z"},"nsu=http://opcfoundation.org/UA/Plc/Applications;s=SlowRandomUIntScalar1":{"Value":2763716391,"SourceTimestamp":"2024-04-27T10:45:28.7174156Z","ServerTimestamp":"2024-04-27T10:45:35.8953696Z"},"nsu=http://opcfoundation.org/UA/Plc/Applications;s=SlowRandomUIntScalar2":{"Value":2133787206,"SourceTimestamp":"2024-04-27T10:45:28.7174208Z","ServerTimestamp":"2024-04-27T10:45:35.8953739Z"},"nsu=http://opcfoundation.org/UA/Plc/Applications;s=SlowRandomUIntScalar3":{"Value":2421211715,"SourceTimestamp":"2024-04-27T10:45:28.7174226Z","ServerTimestamp":"2024-04-27T10:45:35.8953754Z"},"nsu=http://opcfoundation.org/UA/Plc/Applications;s=BadSlowRandomUIntScalar1":{"Value":3236717468,"SourceTimestamp":"2024-04-27T10:45:28.7174249Z","ServerTimestamp":"2024-04-27T10:45:35.8953674Z"},"nsu=http://opcfoundation.org/UA/Plc/Applications;s=SpikeData":{"Value":-58.778525229247336,"SourceTimestamp":"2024-04-27T10:45:35.8168307Z","ServerTimestamp":"2024-04-27T10:45:35.8953606Z"},"ns=23;i=1259":{"Value":-1.52,"SourceTimestamp":"2024-04-27T10:45:09.875411Z","ServerTimestamp":"2024-04-27T10:45:35.8953444Z"}}}]}