{"MessageId":"afb4c49e-1ced-4e55-a9ef-575b4015788a","MessageType":"ua-data","PublisherId":"DESKTOP-BGFJS91","DataSetWriterGroup":"<<UnknownWriterGroup>>","Messages":[{"SequenceNumber":3,"MetaDataVersion":{"MajorVersion":1},"Timestamp":"2024-04-27T10:45:12.8988641Z","MessageType":"ua-deltaframe","DataSetWriterName":"<<UnknownDataSet>>","Payload":{"i=2258":{"Value":"2024-04-27T10:45:12.8985784Z","SourceTimestamp":"2024-04-27T10:45:09.8753779Z","ServerTimestamp":"2024-04-27T10:45:12.8985772Z"},"nsu=http://opcfoundation.org/UA/Plc/Applications;s=StepUp":{"Value":41,"SourceTimestamp":"2024-04-27T10:45:12.8206174Z","ServerTimestamp":"2024-04-27T10:45:12.8986139Z"},"nsu=http://opcfoundation.org/UA/Plc/Applications;s=AlternatingBoolean":{"Value":true,"SourceTimestamp":"2024-04-27T10:45:12.8206646Z","ServerTimestamp":"2024-04-27T10:45:12.8986217Z"},"nsu=http://opcfoundation.org/UA/Plc/Applications;s=RandomSignedInt32":{"Value":799281745,"SourceTimestamp":"2024-04-27T10:45:12.8206794Z","ServerTimestamp":"2024-04-27T10:45:12.8986163Z"},"nsu=http://opcfoundation.org/UA/Plc/Applications;s=RandomUnsignedInt32":{"Value":1769771785,"SourceTimestamp":"2024-04-27T10:45:12.8206583Z","ServerTimestamp":"2024-04-27T10:45:12.8986121Z"},"nsu=http://opcfoundation.org/UA/Plc/Applications;s=DipData":{"Value":95.10565162951535,"SourceTimestamp":"2024-04-27T10:45:12.8206726Z","ServerTimestamp":"2024-04-27T10:45:12.8986211Z"},"nsu=http://opcfoundation.org/UA/Plc/Applications;s=FastUIntScalar1":{"Value":4,"SourceTimestamp":"2024-04-27T10:45:12.7114097Z","ServerTimestamp":"2024-04-27T10:45:12.8986206Z"},"nsu=http://opcfoundation.org/UA/Plc/Applications;s=FastUIntScalar2":{"Value":4,"SourceTimestamp":"2024-04-27T10:45:12.7114156Z","ServerTimestamp":"2024-04-27T10:45:12.8986147Z"},"nsu=http://opcfoundation.org/UA/Plc/Applications;s=FastUIntScalar3":{"Value":4,"SourceTimestamp":"2024-04-27T10:45:12.711436Z","ServerTimestamp":"2024-04-27T10:45:12.8986243Z"},"nsu=http://opcfoundation.org/UA/Plc/Applications;s=FastRandomUIntScalar1":{"Value":2293408929,"SourceTimestamp":"2024-04-27T10:45:12.7114111Z","ServerTimestamp":"2024-04-27T10:45:12.8986093Z"},"nsu=http://opcfoundation.org/UA/Plc/Applications;s=FastRandomUIntScalar2":{"Value":870076887,"SourceTimestamp":"2024-04-27T10:45:12.7114263Z","ServerTimestamp":"2024-04-27T10:45:12.8986112Z"},"nsu=http://opcfoundation.org/UA/Plc/Applications;s=FastRandomUIntScalar3":{"Value":1499388797,"SourceTimestamp":"2024-04-27T10:45:12.711428Z","ServerTimestamp":"2024-04-27T10:45:12.8986271Z"},"nsu=http://opcfoundation.org/UA/Plc/Applications;s=NegativeTrendData":{"Value":100,"SourceTimestamp":"2024-04-27T10:45:12.8206779Z","ServerTimestamp":"2024-04-27T10:45:12.8986283Z"},"nsu=http://opcfoundation.org/UA/Plc/Applications;s=PositiveTrendData":{"Value":100,"SourceTimestamp":"2024-04-27T10:45:12.8206781Z","ServerTimestamp":"2024-04-27T10:45:12.898613Z"},"nsu=http://opcfoundation.org/UA/Plc/Applications;s=SlowUIntScalar1":{"Value":0,"SourceTimestamp":"2024-04-27T10:45:08.7065716Z","ServerTimestamp":"2024-04-27T10:45:12.8986182Z"},"nsu=http://opcfoundation.org/UA/Plc/Applications;s=SlowUIntScalar2":{"Value":0,"SourceTimestamp":"2024-04-27T10:45:08.7065724Z","ServerTimestamp":"2024-04-27T10:45:12.8986156Z"},"nsu=http://opcfoundation.org/UA/Plc/Applications;s=SlowUIntScalar3":{"Value":0,"SourceTimestamp":"2024-04-27T10:45:08.7065739Z","ServerTimestamp":"2024-04-27T10:45:12.8986264Z"},"nsu=http://opcfoundation.org/UA/Plc/Applications;s=BadSlowUIntScalar1":{"Value":0,"SourceTimestamp":"2024-04-27T10:45:08.7065757Z","ServerTimestamp":"2024-04-27T10:45:12.8986202Z"},"nsu=http://opcfoundation.org/UA/Plc/Applications;s=SlowRandomUIntScalar1":{"Value":0,"SourceTimestamp":"2024-04-27T10:45:08.7065819Z","ServerTimestamp":"2024-04-27T10:45:12.8986193Z"},"nsu=http://opcfoundation.org/UA/Plc/Applications;s=SlowRandomUIntScalar2":{"Value":0,"SourceTimestamp":"2024-04-27T10:45:08.7065824Z","ServerTimestamp":"2024-04-27T10:45:12.898623Z"},"nsu=http://opcfoundation.org/UA/Plc/Applications;s=SlowRandomUIntScalar3":{"Value":0,"SourceTimestamp":"2024-04-27T10:45:08.7065828Z","ServerTimestamp":"2024-04-27T10:45:12.8986254Z"},"nsu=http://opcfoundation.org/UA/Plc/Applications;s=BadSlowRandomUIntScalar1":{"Value":0,"SourceTimestamp":"2024-04-27T10:45:08.7065845Z","ServerTimestamp":"2024-04-27T10:45:12.8986172Z"},"nsu=http://opcfoundation.org/UA/Plc/Applications;s=SpikeData":{"Value":95.10565162951535,"SourceTimestamp":"2024-04-27T10:45:12.8206828Z","ServerTimestamp":"2024-04-27T10:45:12.8986103Z"},"ns=23;i=1259":{"Value":-0.096800000000000011,"SourceTimestamp":"2024-04-27T10:45:09.875411Z","ServerTimestamp":"2024-04-27T10:45:12.8985926Z"}}}]}