{"MessageId":"81b8740f-e5a1-4737-ba7e-cea3ebcce3c2","MessageType":"ua-data","PublisherId":"DESKTOP-BGFJS91","DataSetWriterGroup":"<<UnknownWriterGroup>>","Messages":[{"SequenceNumber":30,"MetaDataVersion":{"MajorVersion":1},"Timestamp":"2024-04-27T10:45:39.9005457Z","MessageType":"ua-deltaframe","DataSetWriterName":"<<UnknownDataSet>>","Payload":{"i=2258":{"Value":"2024-04-27T10:45:39.90025Z","SourceTimestamp":"2024-04-27T10:45:09.8753779Z","ServerTimestamp":"2024-04-27T10:45:39.9002487Z"},"nsu=http://opcfoundation.org/UA/Plc/Applications;s=StepUp":{"Value":311,"SourceTimestamp":"2024-04-27T10:45:39.8218948Z","ServerTimestamp":"2024-04-27T10:45:39.9002867Z"},"nsu=http://opcfoundation.org/UA/Plc/Applications;s=AlternatingBoolean":{"Value":true,"SourceTimestamp":"2024-04-27T10:45:39.8218958Z","ServerTimestamp":"2024-04-27T10:45:39.9002949Z"},"nsu=http://opcfoundation.org/UA/Plc/Applications;s=RandomSignedInt32":{"Value":344143075,"SourceTimestamp":"2024-04-27T10:45:39.821905Z","ServerTimestamp":"2024-04-27T10:45:39.9002892Z"},"nsu=http://opcfoundation.org/UA/Plc/Applications;s=RandomUnsignedInt32":{"Value":2143066576,"SourceTimestamp":"2024-04-27T10:45:39.8219112Z","ServerTimestamp":"2024-04-27T10:45:39.9002849Z"},"nsu=http://opcfoundation.org/UA/Plc/Applications;s=DipData":{"Value":-95.105651629515364,"SourceTimestamp":"2024-04-27T10:45:39.8219204Z","ServerTimestamp":"2024-04-27T10:45:39.9002942Z"},"nsu=http://opcfoundation.org/UA/Plc/Applications;s=FastUIntScalar1":{"Value":31,"SourceTimestamp":"2024-04-27T10:45:39.7127458Z","ServerTimestamp":"2024-04-27T10:45:39.9002937Z"},"nsu=http://opcfoundation.org/UA/Plc/Applications;s=FastUIntScalar2":{"Value":31,"SourceTimestamp":"2024-04-27T10:45:39.7127508Z","ServerTimestamp":"2024-04-27T10:45:39.9002877Z"},"nsu=http://opcfoundation.org/UA/Plc/Applications;s=FastUIntScalar3":{"Value":31,"SourceTimestamp":"2024-04-27T10:45:39.7127553Z","ServerTimestamp":"2024-04-27T10:45:39.9002969Z"},"nsu=http://opcfoundation.org/UA/Plc/Applications;s=FastRandomUIntScalar1":{"Value":2389163899,"SourceTimestamp":"2024-04-27T10:45:39.712746Z","ServerTimestamp":"2024-04-27T10:45:39.9002818Z"},"nsu=http://opcfoundation.org/UA/Plc/Applications;s=FastRandomUIntScalar2":{"Value":775304015,"SourceTimestamp":"2024-04-27T10:45:39.7127545Z","ServerTimestamp":"2024-04-27T10:45:39.9002839Z"},"nsu=http://opcfoundation.org/UA/Plc/Applications;s=FastRandomUIntScalar3":{"Value":1733807693,"SourceTimestamp":"2024-04-27T10:45:39.7127562Z","ServerTimestamp":"2024-04-27T10:45:39.9002996Z"},"nsu=http://opcfoundation.org/UA/Plc/Applications;s=NegativeTrendData":{"Value":100,"SourceTimestamp":"2024-04-27T10:45:39.8219125Z","ServerTimestamp":"2024-04-27T10:45:39.9003005Z"},"nsu=http://opcfoundation.org/UA/Plc/Applications;s=PositiveTrendData":{"Value":100,"SourceTimestamp":"2024-04-27T10:45:39.8219146Z","ServerTimestamp":"2024-04-27T10:45:39.9002859Z"},"nsu=http://opcfoundation.org/UA/Plc/Applications;s=SlowUIntScalar1":{"Value":3,"SourceTimestamp":"2024-04-27T10:45:38.7212119Z","ServerTimestamp":"2024-04-27T10:45:39.9002912Z"},"nsu=http://opcfoundation.org/UA/Plc/Applications;s=SlowUIntScalar2":{"Value":3,"SourceTimestamp":"2024-04-27T10:45:38.7212201Z","ServerTimestamp":"2024-04-27T10:45:39.9002884Z"},"nsu=http://opcfoundation.org/UA/Plc/Applications;s=SlowUIntScalar3":{"Value":3,"SourceTimestamp":"2024-04-27T10:45:38.7212214Z","ServerTimestamp":"2024-04-27T10:45:39.9002988Z"},"nsu=http://opcfoundation.org/UA/Plc/Applications;s=BadSlowUIntScalar1":{"Value":3,"SourceTimestamp":"2024-04-27T10:45:38.7212228Z","ServerTimestamp":"2024-04-27T10:45:39.9002933Z"},"nsu=http://opcfoundation.org/UA/Plc/Applications;s=SlowRandomUIntScalar1":{"Value":331692103,"SourceTimestamp":"2024-04-27T10:45:38.7212384Z","ServerTimestamp":"2024-04-27T10:45:39.9002923Z"},"nsu=http://opcfoundation.org/UA/Plc/Applications;s=SlowRandomUIntScalar2":{"Value":357911638,"SourceTimestamp":"2024-04-27T10:45:38.7212438Z","ServerTimestamp":"2024-04-27T10:45:39.9002962Z"},"nsu=http://opcfoundation.org/UA/Plc/Applications;s=SlowRandomUIntScalar3":{"Value":1443722130,"SourceTimestamp":"2024-04-27T10:45:38.7212451Z","ServerTimestamp":"2024-04-27T10:45:39.900298Z"},"nsu=http://opcfoundation.org/UA/Plc/Applications;s=BadSlowRandomUIntScalar1":{"Value":279675156,"SourceTimestamp":"2024-04-27T10:45:38.7212467Z","ServerTimestamp":"2024-04-27T10:45:39.9002901Z"},"nsu=http://opcfoundation.org/UA/Plc/Applications;s=SpikeData":{"Value":-95.105651629515364,"SourceTimestamp":"2024-04-27T10:45:39.8219282Z","ServerTimestamp":"2024-04-27T10:45:39.9002829Z"},"ns=23;i=1259":{"Value":-1.6100000000000001,"SourceTimestamp":"2024-04-27T10:45:09.875411Z","ServerTimestamp":"2024-04-27T10:45:39.9002639Z"}}}]}