{"MessageId":"01aaf899-9195-48f1-b96e-aa4400d46398","MessageType":"ua-data","PublisherId":"DESKTOP-BGFJS91","DataSetWriterGroup":"<<UnknownWriterGroup>>","Messages":[{"SequenceNumber":34,"MetaDataVersion":{"MajorVersion":1},"Timestamp":"2024-04-27T10:45:43.8945637Z","MessageType":"ua-deltaframe","DataSetWriterName":"<<UnknownDataSet>>","Payload":{"i=2258":{"Value":"2024-04-27T10:45:43.8942427Z","SourceTimestamp":"2024-04-27T10:45:09.8753779Z","ServerTimestamp":"2024-04-27T10:45:43.8942417Z"},"nsu=http://opcfoundation.org/UA/Plc/Applications;s=StepUp":{"Value":351,"SourceTimestamp":"2024-04-27T10:45:43.8170025Z","ServerTimestamp":"2024-04-27T10:45:43.8942772Z"},"nsu=http://opcfoundation.org/UA/Plc/Applications;s=AlternatingBoolean":{"Value":false,"SourceTimestamp":"2024-04-27T10:45:43.8170144Z","ServerTimestamp":"2024-04-27T10:45:43.8942853Z"},"nsu=http://opcfoundation.org/UA/Plc/Applications;s=RandomSignedInt32":{"Value":313708834,"SourceTimestamp":"2024-04-27T10:45:43.8170231Z","ServerTimestamp":"2024-04-27T10:45:43.8942798Z"},"nsu=http://opcfoundation.org/UA/Plc/Applications;s=RandomUnsignedInt32":{"Value":1540260830,"SourceTimestamp":"2024-04-27T10:45:43.8170213Z","ServerTimestamp":"2024-04-27T10:45:43.8942755Z"},"nsu=http://opcfoundation.org/UA/Plc/Applications;s=DipData":{"Value":6.4324905987065468E-14,"SourceTimestamp":"2024-04-27T10:45:43.8170235Z","ServerTimestamp":"2024-04-27T10:45:43.8942847Z"},"nsu=http://opcfoundation.org/UA/Plc/Applications;s=FastUIntScalar1":{"Value":35,"SourceTimestamp":"2024-04-27T10:45:43.7105753Z","ServerTimestamp":"2024-04-27T10:45:43.8942842Z"},"nsu=http://opcfoundation.org/UA/Plc/Applications;s=FastUIntScalar2":{"Value":35,"SourceTimestamp":"2024-04-27T10:45:43.7105828Z","ServerTimestamp":"2024-04-27T10:45:43.8942779Z"},"nsu=http://opcfoundation.org/UA/Plc/Applications;s=FastUIntScalar3":{"Value":35,"SourceTimestamp":"2024-04-27T10:45:43.7105846Z","ServerTimestamp":"2024-04-27T10:45:43.8942873Z"},"nsu=http://opcfoundation.org/UA/Plc/Applications;s=FastRandomUIntScalar1":{"Value":1397154556,"SourceTimestamp":"2024-04-27T10:45:43.7106066Z","ServerTimestamp":"2024-04-27T10:45:43.8942721Z"},"nsu=http://opcfoundation.org/UA/Plc/Applications;s=FastRandomUIntScalar2":{"Value":1388518942,"SourceTimestamp":"2024-04-27T10:45:43.7106167Z","ServerTimestamp":"2024-04-27T10:45:43.894274Z"},"nsu=http://opcfoundation.org/UA/Plc/Applications;s=FastRandomUIntScalar3":{"Value":3222451981,"SourceTimestamp":"2024-04-27T10:45:43.7106189Z","ServerTimestamp":"2024-04-27T10:45:43.8942897Z"},"nsu=http://opcfoundation.org/UA/Plc/Applications;s=NegativeTrendData":{"Value":100,"SourceTimestamp":"2024-04-27T10:45:43.8170284Z","ServerTimestamp":"2024-04-27T10:45:43.8942904Z"},"nsu=http://opcfoundation.org/UA/Plc/Applications;s=PositiveTrendData":{"Value":100,"SourceTimestamp":"2024-04-27T10:45:43.8170275Z","ServerTimestamp":"2024-04-27T10:45:43.8942763Z"},"nsu=http://opcfoundation.org/UA/Plc/Applications;s=SlowUIntScalar1":{"Value":3,"SourceTimestamp":"2024-04-27T10:45:38.7212119Z","ServerTimestamp":"2024-04-27T10:45:43.8942821Z"},"nsu=http://opcfoundation.org/UA/Plc/Applications;s=SlowUIntScalar2":{"Value":3,"SourceTimestamp":"2024-04-27T10:45:38.7212201Z","ServerTimestamp":"2024-04-27T10:45:43.8942788Z"},"nsu=http://opcfoundation.org/UA/Plc/Applications;s=SlowUIntScalar3":{"Value":3,"SourceTimestamp":"2024-04-27T10:45:38.7212214Z","ServerTimestamp":"2024-04-27T10:45:43.894289Z"},"nsu=http://opcfoundation.org/UA/Plc/Applications;s=BadSlowUIntScalar1":{"Value":3,"SourceTimestamp":"2024-04-27T10:45:38.7212228Z","ServerTimestamp":"2024-04-27T10:45:43.8942839Z"},"nsu=http://opcfoundation.org/UA/Plc/Applications;s=SlowRandomUIntScalar1":{"Value":331692103,"SourceTimestamp":"2024-04-27T10:45:38.7212384Z","ServerTimestamp":"2024-04-27T10:45:43.894283Z"},"nsu=http://opcfoundation.org/UA/Plc/Applications;s=SlowRandomUIntScalar2":{"Value":357911638,"SourceTimestamp":"2024-04-27T10:45:38.7212438Z","ServerTimestamp":"2024-04-27T10:45:43.8942868Z"},"nsu=http://opcfoundation.org/UA/Plc/Applications;s=SlowRandomUIntScalar3":{"Value":1443722130,"SourceTimestamp":"2024-04-27T10:45:38.7212451Z","ServerTimestamp":"2024-04-27T10:45:43.8942883Z"},"nsu=http://opcfoundation.org/UA/Plc/Applications;s=BadSlowRandomUIntScalar1":{"Value":279675156,"SourceTimestamp":"2024-04-27T10:45:38.7212467Z","ServerTimestamp":"2024-04-27T10:45:43.8942807Z"},"nsu=http://opcfoundation.org/UA/Plc/Applications;s=SpikeData":{"Value":6.4324905987065468E-14,"SourceTimestamp":"2024-04-27T10:45:43.8170421Z","ServerTimestamp":"2024-04-27T10:45:43.8942732Z"},"ns=23;i=1259":{"Value":1.6400000000000001,"SourceTimestamp":"2024-04-27T10:45:09.875411Z","ServerTimestamp":"2024-04-27T10:45:43.8942571Z"}}}]}