{"MessageId":"acce3bea-3fb3-4dec-be92-caf7ff071fb2","MessageType":"ua-data","PublisherId":"DESKTOP-BGFJS91","DataSetWriterGroup":"<<UnknownWriterGroup>>","Messages":[{"SequenceNumber":35,"MetaDataVersion":{"MajorVersion":1},"Timestamp":"2024-04-27T10:45:44.9018647Z","MessageType":"ua-deltaframe","DataSetWriterName":"<<UnknownDataSet>>","Payload":{"i=2258":{"Value":"2024-04-27T10:45:44.9015047Z","SourceTimestamp":"2024-04-27T10:45:09.8753779Z","ServerTimestamp":"2024-04-27T10:45:44.9015035Z"},"nsu=http://opcfoundation.org/UA/Plc/Applications;s=StepUp":{"Value":361,"SourceTimestamp":"2024-04-27T10:45:44.8081457Z","ServerTimestamp":"2024-04-27T10:45:44.9015474Z"},"nsu=http://opcfoundation.org/UA/Plc/Applications;s=AlternatingBoolean":{"Value":false,"SourceTimestamp":"2024-04-27T10:45:44.8081565Z","ServerTimestamp":"2024-04-27T10:45:44.901555Z"},"nsu=http://opcfoundation.org/UA/Plc/Applications;s=RandomSignedInt32":{"Value":-1704134160,"SourceTimestamp":"2024-04-27T10:45:44.8081569Z","ServerTimestamp":"2024-04-27T10:45:44.9015497Z"},"nsu=http://opcfoundation.org/UA/Plc/Applications;s=RandomUnsignedInt32":{"Value":1604985142,"SourceTimestamp":"2024-04-27T10:45:44.8081568Z","ServerTimestamp":"2024-04-27T10:45:44.9015456Z"},"nsu=http://opcfoundation.org/UA/Plc/Applications;s=DipData":{"Value":-95.105651629515364,"SourceTimestamp":"2024-04-27T10:45:44.8081662Z","ServerTimestamp":"2024-04-27T10:45:44.9015544Z"},"nsu=http://opcfoundation.org/UA/Plc/Applications;s=FastUIntScalar1":{"Value":36,"SourceTimestamp":"2024-04-27T10:45:44.7166336Z","ServerTimestamp":"2024-04-27T10:45:44.901554Z"},"nsu=http://opcfoundation.org/UA/Plc/Applications;s=FastUIntScalar2":{"Value":36,"SourceTimestamp":"2024-04-27T10:45:44.7166432Z","ServerTimestamp":"2024-04-27T10:45:44.9015482Z"},"nsu=http://opcfoundation.org/UA/Plc/Applications;s=FastUIntScalar3":{"Value":36,"SourceTimestamp":"2024-04-27T10:45:44.7166456Z","ServerTimestamp":"2024-04-27T10:45:44.9015571Z"},"nsu=http://opcfoundation.org/UA/Plc/Applications;s=FastRandomUIntScalar1":{"Value":3235865532,"SourceTimestamp":"2024-04-27T10:45:44.7166618Z","ServerTimestamp":"2024-04-27T10:45:44.901543Z"},"nsu=http://opcfoundation.org/UA/Plc/Applications;s=FastRandomUIntScalar2":{"Value":3561582800,"SourceTimestamp":"2024-04-27T10:45:44.7166705Z","ServerTimestamp":"2024-04-27T10:45:44.9015447Z"},"nsu=http://opcfoundation.org/UA/Plc/Applications;s=FastRandomUIntScalar3":{"Value":861345949,"SourceTimestamp":"2024-04-27T10:45:44.7166736Z","ServerTimestamp":"2024-04-27T10:45:44.9015596Z"},"nsu=http://opcfoundation.org/UA/Plc/Applications;s=NegativeTrendData":{"Value":100,"SourceTimestamp":"2024-04-27T10:45:44.8081801Z","ServerTimestamp":"2024-04-27T10:45:44.9015604Z"},"nsu=http://opcfoundation.org/UA/Plc/Applications;s=PositiveTrendData":{"Value":100,"SourceTimestamp":"2024-04-27T10:45:44.8081686Z","ServerTimestamp":"2024-04-27T10:45:44.9015466Z"},"nsu=http://opcfoundation.org/UA/Plc/Applications;s=SlowUIntScalar1":{"Value":3,"SourceTimestamp":"2024-04-27T10:45:38.7212119Z","ServerTimestamp":"2024-04-27T10:45:44.9015516Z"},"nsu=http://opcfoundation.org/UA/Plc/Applications;s=SlowUIntScalar2":{"Value":3,"SourceTimestamp":"2024-04-27T10:45:38.7212201Z","ServerTimestamp":"2024-04-27T10:45:44.901549Z"},"nsu=http://opcfoundation.org/UA/Plc/Applications;s=SlowUIntScalar3":{"Value":3,"SourceTimestamp":"2024-04-27T10:45:38.7212214Z","ServerTimestamp":"2024-04-27T10:45:44.9015589Z"},"nsu=http://opcfoundation.org/UA/Plc/Applications;s=BadSlowUIntScalar1":{"Value":3,"SourceTimestamp":"2024-04-27T10:45:38.7212228Z","ServerTimestamp":"2024-04-27T10:45:44.9015535Z"},"nsu=http://opcfoundation.org/UA/Plc/Applications;s=SlowRandomUIntScalar1":{"Value":331692103,"SourceTimestamp":"2024-04-27T10:45:38.7212384Z","ServerTimestamp":"2024-04-27T10:45:44.9015526Z"},"nsu=http://opcfoundation.org/UA/Plc/Applications;s=SlowRandomUIntScalar2":{"Value":357911638,"SourceTimestamp":"2024-04-27T10:45:38.7212438Z","ServerTimestamp":"2024-04-27T10:45:44.9015565Z"},"nsu=http://opcfoundation.org/UA/Plc/Applications;s=SlowRandomUIntScalar3":{"Value":1443722130,"SourceTimestamp":"2024-04-27T10:45:38.7212451Z","ServerTimestamp":"2024-04-27T10:45:44.9015582Z"},"nsu=http://opcfoundation.org/UA/Plc/Applications;s=BadSlowRandomUIntScalar1":{"Value":279675156,"SourceTimestamp":"2024-04-27T10:45:38.7212467Z","ServerTimestamp":"2024-04-27T10:45:44.9015505Z"},"nsu=http://opcfoundation.org/UA/Plc/Applications;s=SpikeData":{"Value":-95.105651629515364,"SourceTimestamp":"2024-04-27T10:45:44.8081697Z","ServerTimestamp":"2024-04-27T10:45:44.901544Z"},"ns=23;i=1259":{"Value":0.62,"SourceTimestamp":"2024-04-27T10:45:09.875411Z","ServerTimestamp":"2024-04-27T10:45:44.9015218Z"}}}]}