{"MessageId":"8dc28ad8-57b3-4fd1-ab5f-01a42070da12","MessageType":"ua-data","PublisherId":"DESKTOP-BGFJS91","DataSetWriterGroup":"<<UnknownWriterGroup>>","Messages":[{"SequenceNumber":38,"MetaDataVersion":{"MajorVersion":1},"Timestamp":"2024-04-27T10:45:47.8895635Z","MessageType":"ua-deltaframe","DataSetWriterName":"<<UnknownDataSet>>","Payload":{"i=2258":{"Value":"2024-04-27T10:45:47.8892763Z","SourceTimestamp":"2024-04-27T10:45:09.8753779Z","ServerTimestamp":"2024-04-27T10:45:47.8892751Z"},"nsu=http://opcfoundation.org/UA/Plc/Applications;s=StepUp":{"Value":391,"SourceTimestamp":"2024-04-27T10:45:47.8103807Z","ServerTimestamp":"2024-04-27T10:45:47.8893122Z"},"nsu=http://opcfoundation.org/UA/Plc/Applications;s=AlternatingBoolean":{"Value":false,"SourceTimestamp":"2024-04-27T10:45:47.8104217Z","ServerTimestamp":"2024-04-27T10:45:47.8893202Z"},"nsu=http://opcfoundation.org/UA/Plc/Applications;s=RandomSignedInt32":{"Value":1860636641,"SourceTimestamp":"2024-04-27T10:45:47.8104027Z","ServerTimestamp":"2024-04-27T10:45:47.8893147Z"},"nsu=http://opcfoundation.org/UA/Plc/Applications;s=RandomUnsignedInt32":{"Value":821681777,"SourceTimestamp":"2024-04-27T10:45:47.8104073Z","ServerTimestamp":"2024-04-27T10:45:47.8893107Z"},"nsu=http://opcfoundation.org/UA/Plc/Applications;s=DipData":{"Value":95.10565162951535,"SourceTimestamp":"2024-04-27T10:45:47.8104205Z","ServerTimestamp":"2024-04-27T10:45:47.8893195Z"},"nsu=http://opcfoundation.org/UA/Plc/Applications;s=FastUIntScalar1":{"Value":39,"SourceTimestamp":"2024-04-27T10:45:47.720501Z","ServerTimestamp":"2024-04-27T10:45:47.889319Z"},"nsu=http://opcfoundation.org/UA/Plc/Applications;s=FastUIntScalar2":{"Value":39,"SourceTimestamp":"2024-04-27T10:45:47.7205105Z","ServerTimestamp":"2024-04-27T10:45:47.889313Z"},"nsu=http://opcfoundation.org/UA/Plc/Applications;s=FastUIntScalar3":{"Value":39,"SourceTimestamp":"2024-04-27T10:45:47.7205133Z","ServerTimestamp":"2024-04-27T10:45:47.8893224Z"},"nsu=http://opcfoundation.org/UA/Plc/Applications;s=FastRandomUIntScalar1":{"Value":1525477213,"SourceTimestamp":"2024-04-27T10:45:47.7205313Z","ServerTimestamp":"2024-04-27T10:45:47.889308Z"},"nsu=http://opcfoundation.org/UA/Plc/Applications;s=FastRandomUIntScalar2":{"Value":36278928,"SourceTimestamp":"2024-04-27T10:45:47.7217937Z","ServerTimestamp":"2024-04-27T10:45:47.8893097Z"},"nsu=http://opcfoundation.org/UA/Plc/Applications;s=FastRandomUIntScalar3":{"Value":2142756589,"SourceTimestamp":"2024-04-27T10:45:47.7218005Z","ServerTimestamp":"2024-04-27T10:45:47.8893249Z"},"nsu=http://opcfoundation.org/UA/Plc/Applications;s=NegativeTrendData":{"Value":100,"SourceTimestamp":"2024-04-27T10:45:47.810427Z","ServerTimestamp":"2024-04-27T10:45:47.8893257Z"},"nsu=http://opcfoundation.org/UA/Plc/Applications;s=PositiveTrendData":{"Value":100,"SourceTimestamp":"2024-04-27T10:45:47.8104431Z","ServerTimestamp":"2024-04-27T10:45:47.8893115Z"},"nsu=http://opcfoundation.org/UA/Plc/Applications;s=SlowUIntScalar1":{"Value":3,"SourceTimestamp":"2024-04-27T10:45:38.7212119Z","ServerTimestamp":"2024-04-27T10:45:47.8893166Z"},"nsu=http://opcfoundation.org/UA/Plc/Applications;s=SlowUIntScalar2":{"Value":3,"SourceTimestamp":"2024-04-27T10:45:38.7212201Z","ServerTimestamp":"2024-04-27T10:45:47.8893139Z"},"nsu=http://opcfoundation.org/UA/Plc/Applications;s=SlowUIntScalar3":{"Value":3,"SourceTimestamp":"2024-04-27T10:45:38.7212214Z","ServerTimestamp":"2024-04-27T10:45:47.8893241Z"},"nsu=http://opcfoundation.org/UA/Plc/Applications;s=BadSlowUIntScalar1":{"Value":3,"SourceTimestamp":"2024-04-27T10:45:38.7212228Z","ServerTimestamp":"2024-04-27T10:45:47.8893186Z"},"nsu=http://opcfoundation.org/UA/Plc/Applications;s=SlowRandomUIntScalar1":{"Value":331692103,"SourceTimestamp":"2024-04-27T10:45:38.7212384Z","ServerTimestamp":"2024-04-27T10:45:47.8893177Z"},"nsu=http://opcfoundation.org/UA/Plc/Applications;s=SlowRandomUIntScalar2":{"Value":357911638,"SourceTimestamp":"2024-04-27T10:45:38.7212438Z","ServerTimestamp":"2024-04-27T10:45:47.8893214Z"},"nsu=http://opcfoundation.org/UA/Plc/Applications;s=SlowRandomUIntScalar3":{"Value":1443722130,"SourceTimestamp":"2024-04-27T10:45:38.7212451Z","ServerTimestamp":"2024-04-27T10:45:47.8893234Z"},"nsu=http://opcfoundation.org/UA/Plc/Applications;s=BadSlowRandomUIntScalar1":{"Value":279675156,"SourceTimestamp":"2024-04-27T10:45:38.7212467Z","ServerTimestamp":"2024-04-27T10:45:47.8893155Z"},"nsu=http://opcfoundation.org/UA/Plc/Applications;s=SpikeData":{"Value":95.10565162951535,"SourceTimestamp":"2024-04-27T10:45:47.8104354Z","ServerTimestamp":"2024-04-27T10:45:47.889309Z"},"ns=23;i=1259":{"Value":0.79800000000000004,"SourceTimestamp":"2024-04-27T10:45:09.875411Z","ServerTimestamp":"2024-04-27T10:45:47.8892909Z"}}}]}