{"MessageId":"1fe43c64-a222-429d-871a-d4ae63cc0cd4","MessageType":"ua-data","PublisherId":"DESKTOP-BGFJS91","DataSetWriterGroup":"<<UnknownWriterGroup>>","Messages":[{"SequenceNumber":39,"MetaDataVersion":{"MajorVersion":1},"Timestamp":"2024-04-27T10:45:48.8971571Z","MessageType":"ua-deltaframe","DataSetWriterName":"<<UnknownDataSet>>","Payload":{"i=2258":{"Value":"2024-04-27T10:45:48.8968408Z","SourceTimestamp":"2024-04-27T10:45:09.8753779Z","ServerTimestamp":"2024-04-27T10:45:48.8968397Z"},"nsu=http://opcfoundation.org/UA/Plc/Applications;s=StepUp":{"Value":401,"SourceTimestamp":"2024-04-27T10:45:48.8192657Z","ServerTimestamp":"2024-04-27T10:45:48.8968754Z"},"nsu=http://opcfoundation.org/UA/Plc/Applications;s=AlternatingBoolean":{"Value":true,"SourceTimestamp":"2024-04-27T10:45:48.8193241Z","ServerTimestamp":"2024-04-27T10:45:48.8968826Z"},"nsu=http://opcfoundation.org/UA/Plc/Applications;s=RandomSignedInt32":{"Value":-897435673,"SourceTimestamp":"2024-04-27T10:45:48.8193085Z","ServerTimestamp":"2024-04-27T10:45:48.8968775Z"},"nsu=http://opcfoundation.org/UA/Plc/Applications;s=RandomUnsignedInt32":{"Value":1273523527,"SourceTimestamp":"2024-04-27T10:45:48.8193152Z","ServerTimestamp":"2024-04-27T10:45:48.896874Z"},"nsu=http://opcfoundation.org/UA/Plc/Applications;s=DipData":{"Value":6.4324905987065468E-14,"SourceTimestamp":"2024-04-27T10:45:48.8193466Z","ServerTimestamp":"2024-04-27T10:45:48.8968819Z"},"nsu=http://opcfoundation.org/UA/Plc/Applications;s=FastUIntScalar1":{"Value":40,"SourceTimestamp":"2024-04-27T10:45:48.709627Z","ServerTimestamp":"2024-04-27T10:45:48.8968815Z"},"nsu=http://opcfoundation.org/UA/Plc/Applications;s=FastUIntScalar2":{"Value":40,"SourceTimestamp":"2024-04-27T10:45:48.7096297Z","ServerTimestamp":"2024-04-27T10:45:48.8968761Z"},"nsu=http://opcfoundation.org/UA/Plc/Applications;s=FastUIntScalar3":{"Value":40,"SourceTimestamp":"2024-04-27T10:45:48.709632Z","ServerTimestamp":"2024-04-27T10:45:48.8968845Z"},"nsu=http://opcfoundation.org/UA/Plc/Applications;s=FastRandomUIntScalar1":{"Value":4131512668,"SourceTimestamp":"2024-04-27T10:45:48.7096318Z","ServerTimestamp":"2024-04-27T10:45:48.8968714Z"},"nsu=http://opcfoundation.org/UA/Plc/Applications;s=FastRandomUIntScalar2":{"Value":498294550,"SourceTimestamp":"2024-04-27T10:45:48.7096345Z","ServerTimestamp":"2024-04-27T10:45:48.8968732Z"},"nsu=http://opcfoundation.org/UA/Plc/Applications;s=FastRandomUIntScalar3":{"Value":1966193797,"SourceTimestamp":"2024-04-27T10:45:48.7096376Z","ServerTimestamp":"2024-04-27T10:45:48.8968867Z"},"nsu=http://opcfoundation.org/UA/Plc/Applications;s=NegativeTrendData":{"Value":99.900000000000006,"SourceTimestamp":"2024-04-27T10:45:48.819327Z","ServerTimestamp":"2024-04-27T10:45:48.8968875Z"},"nsu=http://opcfoundation.org/UA/Plc/Applications;s=PositiveTrendData":{"Value":100.09999999999999,"SourceTimestamp":"2024-04-27T10:45:48.8193403Z","ServerTimestamp":"2024-04-27T10:45:48.8968747Z"},"nsu=http://opcfoundation.org/UA/Plc/Applications;s=SlowUIntScalar1":{"Value":4,"SourceTimestamp":"2024-04-27T10:45:48.7095918Z","ServerTimestamp":"2024-04-27T10:45:48.8968793Z"},"nsu=http://opcfoundation.org/UA/Plc/Applications;s=SlowUIntScalar2":{"Value":4,"SourceTimestamp":"2024-04-27T10:45:48.709602Z","ServerTimestamp":"2024-04-27T10:45:48.8968768Z"},"nsu=http://opcfoundation.org/UA/Plc/Applications;s=SlowUIntScalar3":{"Value":4,"SourceTimestamp":"2024-04-27T10:45:48.7096047Z","ServerTimestamp":"2024-04-27T10:45:48.8968861Z"},"nsu=http://opcfoundation.org/UA/Plc/Applications;s=BadSlowUIntScalar1":{"Value":4,"StatusCode":{"Symbol":"UncertainLastUsableValue","Code":1083179008},"SourceTimestamp":"2024-04-27T10:45:48.7096071Z","ServerTimestamp":"2024-04-27T10:45:48.8968811Z"},"nsu=http://opcfoundation.org/UA/Plc/Applications;s=SlowRandomUIntScalar1":{"Value":866235665,"SourceTimestamp":"2024-04-27T10:45:48.7096118Z","ServerTimestamp":"2024-04-27T10:45:48.8968803Z"},"nsu=http://opcfoundation.org/UA/Plc/Applications;s=SlowRandomUIntScalar2":{"Value":3550480639,"SourceTimestamp":"2024-04-27T10:45:48.7096211Z","ServerTimestamp":"2024-04-27T10:45:48.8968836Z"},"nsu=http://opcfoundation.org/UA/Plc/Applications;s=SlowRandomUIntScalar3":{"Value":2850427381,"SourceTimestamp":"2024-04-27T10:45:48.7096231Z","ServerTimestamp":"2024-04-27T10:45:48.8968854Z"},"nsu=http://opcfoundation.org/UA/Plc/Applications;s=BadSlowRandomUIntScalar1":{"Value":3171711926,"StatusCode":{"Symbol":"UncertainLastUsableValue","Code":1083179008},"SourceTimestamp":"2024-04-27T10:45:48.7096258Z","ServerTimestamp":"2024-04-27T10:45:48.8968782Z"},"nsu=http://opcfoundation.org/UA/Plc/Applications;s=SpikeData":{"Value":6.4324905987065468E-14,"SourceTimestamp":"2024-04-27T10:45:48.8193442Z","ServerTimestamp":"2024-04-27T10:45:48.8968725Z"},"ns=23;i=1259":{"Value":0.89900000000000002,"SourceTimestamp":"2024-04-27T10:45:09.875411Z","ServerTimestamp":"2024-04-27T10:45:48.8968559Z"}}}]}