{"MessageId":"6062805d-6e97-4d57-92f5-93c5f2fc514a","MessageType":"ua-data","PublisherId":"DESKTOP-BGFJS91","DataSetWriterGroup":"<<UnknownWriterGroup>>","Messages":[{"SequenceNumber":4,"MetaDataVersion":{"MajorVersion":1},"Timestamp":"2024-04-27T10:45:13.8953899Z","MessageType":"ua-deltaframe","DataSetWriterName":"<<UnknownDataSet>>","Payload":{"i=2258":{"Value":"2024-04-27T10:45:13.8950821Z","SourceTimestamp":"2024-04-27T10:45:09.8753779Z","ServerTimestamp":"2024-04-27T10:45:13.8950807Z"},"nsu=http://opcfoundation.org/UA/Plc/Applications;s=StepUp":{"Value":51,"SourceTimestamp":"2024-04-27T10:45:13.8132729Z","ServerTimestamp":"2024-04-27T10:45:13.8951206Z"},"nsu=http://opcfoundation.org/UA/Plc/Applications;s=AlternatingBoolean":{"Value":false,"SourceTimestamp":"2024-04-27T10:45:13.8133084Z","ServerTimestamp":"2024-04-27T10:45:13.8951282Z"},"nsu=http://opcfoundation.org/UA/Plc/Applications;s=RandomSignedInt32":{"Value":-635662531,"SourceTimestamp":"2024-04-27T10:45:13.8133247Z","ServerTimestamp":"2024-04-27T10:45:13.8951229Z"},"nsu=http://opcfoundation.org/UA/Plc/Applications;s=RandomUnsignedInt32":{"Value":1163017158,"SourceTimestamp":"2024-04-27T10:45:13.8133113Z","ServerTimestamp":"2024-04-27T10:45:13.8951189Z"},"nsu=http://opcfoundation.org/UA/Plc/Applications;s=DipData":{"Value":6.4324905987065468E-14,"SourceTimestamp":"2024-04-27T10:45:13.8133267Z","ServerTimestamp":"2024-04-27T10:45:13.8951275Z"},"nsu=http://opcfoundation.org/UA/Plc/Applications;s=FastUIntScalar1":{"Value":5,"SourceTimestamp":"2024-04-27T10:45:13.7209287Z","ServerTimestamp":"2024-04-27T10:45:13.8951271Z"},"nsu=http://opcfoundation.org/UA/Plc/Applications;s=FastUIntScalar2":{"Value":5,"SourceTimestamp":"2024-04-27T10:45:13.7209335Z","ServerTimestamp":"2024-04-27T10:45:13.8951214Z"},"nsu=http://opcfoundation.org/UA/Plc/Applications;s=FastUIntScalar3":{"Value":5,"SourceTimestamp":"2024-04-27T10:45:13.7209348Z","ServerTimestamp":"2024-04-27T10:45:13.8951301Z"},"nsu=http://opcfoundation.org/UA/Plc/Applications;s=FastRandomUIntScalar1":{"Value":577949370,"SourceTimestamp":"2024-04-27T10:45:13.720933Z","ServerTimestamp":"2024-04-27T10:45:13.8951147Z"},"nsu=http://opcfoundation.org/UA/Plc/Applications;s=FastRandomUIntScalar2":{"Value":3187453726,"SourceTimestamp":"2024-04-27T10:45:13.720951Z","ServerTimestamp":"2024-04-27T10:45:13.8951178Z"},"nsu=http://opcfoundation.org/UA/Plc/Applications;s=FastRandomUIntScalar3":{"Value":442479119,"SourceTimestamp":"2024-04-27T10:45:13.7209524Z","ServerTimestamp":"2024-04-27T10:45:13.8951326Z"},"nsu=http://opcfoundation.org/UA/Plc/Applications;s=NegativeTrendData":{"Value":100,"SourceTimestamp":"2024-04-27T10:45:13.8133242Z","ServerTimestamp":"2024-04-27T10:45:13.8951334Z"},"nsu=http://opcfoundation.org/UA/Plc/Applications;s=PositiveTrendData":{"Value":100,"SourceTimestamp":"2024-04-27T10:45:13.8133283Z","ServerTimestamp":"2024-04-27T10:45:13.8951199Z"},"nsu=http://opcfoundation.org/UA/Plc/Applications;s=SlowUIntScalar1":{"Value":0,"SourceTimestamp":"2024-04-27T10:45:08.7065716Z","ServerTimestamp":"2024-04-27T10:45:13.8951247Z"},"nsu=http://opcfoundation.org/UA/Plc/Applications;s=SlowUIntScalar2":{"Value":0,"SourceTimestamp":"2024-04-27T10:45:08.7065724Z","ServerTimestamp":"2024-04-27T10:45:13.8951222Z"},"nsu=http://opcfoundation.org/UA/Plc/Applications;s=SlowUIntScalar3":{"Value":0,"SourceTimestamp":"2024-04-27T10:45:08.7065739Z","ServerTimestamp":"2024-04-27T10:45:13.8951318Z"},"nsu=http://opcfoundation.org/UA/Plc/Applications;s=BadSlowUIntScalar1":{"Value":0,"SourceTimestamp":"2024-04-27T10:45:08.7065757Z","ServerTimestamp":"2024-04-27T10:45:13.8951267Z"},"nsu=http://opcfoundation.org/UA/Plc/Applications;s=SlowRandomUIntScalar1":{"Value":0,"SourceTimestamp":"2024-04-27T10:45:08.7065819Z","ServerTimestamp":"2024-04-27T10:45:13.8951258Z"},"nsu=http://opcfoundation.org/UA/Plc/Applications;s=SlowRandomUIntScalar2":{"Value":0,"SourceTimestamp":"2024-04-27T10:45:08.7065824Z","ServerTimestamp":"2024-04-27T10:45:13.8951294Z"},"nsu=http://opcfoundation.org/UA/Plc/Applications;s=SlowRandomUIntScalar3":{"Value":0,"SourceTimestamp":"2024-04-27T10:45:08.7065828Z","ServerTimestamp":"2024-04-27T10:45:13.8951311Z"},"nsu=http://opcfoundation.org/UA/Plc/Applications;s=BadSlowRandomUIntScalar1":{"Value":0,"SourceTimestamp":"2024-04-27T10:45:08.7065845Z","ServerTimestamp":"2024-04-27T10:45:13.8951238Z"},"nsu=http://opcfoundation.org/UA/Plc/Applications;s=SpikeData":{"Value":6.4324905987065468E-14,"SourceTimestamp":"2024-04-27T10:45:13.8133385Z","ServerTimestamp":"2024-04-27T10:45:13.895117Z"},"ns=23;i=1259":{"Value":-0.10200000000000001,"SourceTimestamp":"2024-04-27T10:45:09.875411Z","ServerTimestamp":"2024-04-27T10:45:13.8950973Z"}}}]}