{"MessageId":"8919881c-f8dc-4c48-93e5-bf776dbf3fc4","MessageType":"ua-data","PublisherId":"DESKTOP-BGFJS91","DataSetWriterGroup":"<<UnknownWriterGroup>>","Messages":[{"SequenceNumber":41,"MetaDataVersion":{"MajorVersion":1},"Timestamp":"2024-04-27T10:45:50.8915106Z","MessageType":"ua-deltaframe","DataSetWriterName":"<<UnknownDataSet>>","Payload":{"i=2258":{"Value":"2024-04-27T10:45:50.8911396Z","SourceTimestamp":"2024-04-27T10:45:09.8753779Z","ServerTimestamp":"2024-04-27T10:45:50.891138Z"},"nsu=http://opcfoundation.org/UA/Plc/Applications;s=StepUp":{"Value":421,"SourceTimestamp":"2024-04-27T10:45:50.8122593Z","ServerTimestamp":"2024-04-27T10:45:50.8911849Z"},"nsu=http://opcfoundation.org/UA/Plc/Applications;s=AlternatingBoolean":{"Value":true,"SourceTimestamp":"2024-04-27T10:45:50.8122594Z","ServerTimestamp":"2024-04-27T10:45:50.8911956Z"},"nsu=http://opcfoundation.org/UA/Plc/Applications;s=RandomSignedInt32":{"Value":2095115123,"SourceTimestamp":"2024-04-27T10:45:50.8122652Z","ServerTimestamp":"2024-04-27T10:45:50.8911879Z"},"nsu=http://opcfoundation.org/UA/Plc/Applications;s=RandomUnsignedInt32":{"Value":284807595,"SourceTimestamp":"2024-04-27T10:45:50.8122678Z","ServerTimestamp":"2024-04-27T10:45:50.8911826Z"},"nsu=http://opcfoundation.org/UA/Plc/Applications;s=DipData":{"Value":-58.778525229247336,"SourceTimestamp":"2024-04-27T10:45:50.8122822Z","ServerTimestamp":"2024-04-27T10:45:50.8911947Z"},"nsu=http://opcfoundation.org/UA/Plc/Applications;s=FastUIntScalar1":{"Value":42,"SourceTimestamp":"2024-04-27T10:45:50.7191859Z","ServerTimestamp":"2024-04-27T10:45:50.8911941Z"},"nsu=http://opcfoundation.org/UA/Plc/Applications;s=FastUIntScalar2":{"Value":42,"SourceTimestamp":"2024-04-27T10:45:50.7191957Z","ServerTimestamp":"2024-04-27T10:45:50.891186Z"},"nsu=http://opcfoundation.org/UA/Plc/Applications;s=FastUIntScalar3":{"Value":42,"SourceTimestamp":"2024-04-27T10:45:50.7191982Z","ServerTimestamp":"2024-04-27T10:45:50.891198Z"},"nsu=http://opcfoundation.org/UA/Plc/Applications;s=FastRandomUIntScalar1":{"Value":1671065924,"SourceTimestamp":"2024-04-27T10:45:50.7191707Z","ServerTimestamp":"2024-04-27T10:45:50.8911791Z"},"nsu=http://opcfoundation.org/UA/Plc/Applications;s=FastRandomUIntScalar2":{"Value":2623259623,"SourceTimestamp":"2024-04-27T10:45:50.7191801Z","ServerTimestamp":"2024-04-27T10:45:50.8911814Z"},"nsu=http://opcfoundation.org/UA/Plc/Applications;s=FastRandomUIntScalar3":{"Value":1101085495,"SourceTimestamp":"2024-04-27T10:45:50.7191831Z","ServerTimestamp":"2024-04-27T10:45:50.8912015Z"},"nsu=http://opcfoundation.org/UA/Plc/Applications;s=NegativeTrendData":{"Value":99.900000000000006,"SourceTimestamp":"2024-04-27T10:45:50.8122766Z","ServerTimestamp":"2024-04-27T10:45:50.8912026Z"},"nsu=http://opcfoundation.org/UA/Plc/Applications;s=PositiveTrendData":{"Value":100.09999999999999,"SourceTimestamp":"2024-04-27T10:45:50.8122764Z","ServerTimestamp":"2024-04-27T10:45:50.8911839Z"},"nsu=http://opcfoundation.org/UA/Plc/Applications;s=SlowUIntScalar1":{"Value":4,"SourceTimestamp":"2024-04-27T10:45:48.7095918Z","ServerTimestamp":"2024-04-27T10:45:50.8911908Z"},"nsu=http://opcfoundation.org/UA/Plc/Applications;s=SlowUIntScalar2":{"Value":4,"SourceTimestamp":"2024-04-27T10:45:48.709602Z","ServerTimestamp":"2024-04-27T10:45:50.8911869Z"},"nsu=http://opcfoundation.org/UA/Plc/Applications;s=SlowUIntScalar3":{"Value":4,"SourceTimestamp":"2024-04-27T10:45:48.7096047Z","ServerTimestamp":"2024-04-27T10:45:50.8912004Z"},"nsu=http://opcfoundation.org/UA/Plc/Applications;s=BadSlowUIntScalar1":{"Value":4,"StatusCode":{"Symbol":"UncertainLastUsableValue","Code":1083179008},"SourceTimestamp":"2024-04-27T10:45:48.7096071Z","ServerTimestamp":"2024-04-27T10:45:50.8911936Z"},"nsu=http://opcfoundation.org/UA/Plc/Applications;s=SlowRandomUIntScalar1":{"Value":866235665,"SourceTimestamp":"2024-04-27T10:45:48.7096118Z","ServerTimestamp":"2024-04-27T10:45:50.8911922Z"},"nsu=http://opcfoundation.org/UA/Plc/Applications;s=SlowRandomUIntScalar2":{"Value":3550480639,"SourceTimestamp":"2024-04-27T10:45:48.7096211Z","ServerTimestamp":"2024-04-27T10:45:50.8911972Z"},"nsu=http://opcfoundation.org/UA/Plc/Applications;s=SlowRandomUIntScalar3":{"Value":2850427381,"SourceTimestamp":"2024-04-27T10:45:48.7096231Z","ServerTimestamp":"2024-04-27T10:45:50.8911994Z"},"nsu=http://opcfoundation.org/UA/Plc/Applications;s=BadSlowRandomUIntScalar1":{"Value":3171711926,"StatusCode":{"Symbol":"UncertainLastUsableValue","Code":1083179008},"SourceTimestamp":"2024-04-27T10:45:48.7096258Z","ServerTimestamp":"2024-04-27T10:45:50.8911891Z"},"nsu=http://opcfoundation.org/UA/Plc/Applications;s=SpikeData":{"Value":-58.778525229247336,"SourceTimestamp":"2024-04-27T10:45:50.8122783Z","ServerTimestamp":"2024-04-27T10:45:50.8911803Z"},"ns=23;i=1259":{"Value":0.90100000000000002,"SourceTimestamp":"2024-04-27T10:45:09.875411Z","ServerTimestamp":"2024-04-27T10:45:50.8911577Z"}}}]}