{"MessageId":"5819e441-35a9-4339-8e3b-7529f6b180c7","MessageType":"ua-data","PublisherId":"DESKTOP-BGFJS91","DataSetWriterGroup":"<<UnknownWriterGroup>>","Messages":[{"SequenceNumber":44,"MetaDataVersion":{"MajorVersion":1},"Timestamp":"2024-04-27T10:45:53.8938014Z","MessageType":"ua-deltaframe","DataSetWriterName":"<<UnknownDataSet>>","Payload":{"i=2258":{"Value":"2024-04-27T10:45:53.8934684Z","SourceTimestamp":"2024-04-27T10:45:09.8753779Z","ServerTimestamp":"2024-04-27T10:45:53.8934672Z"},"nsu=http://opcfoundation.org/UA/Plc/Applications;s=StepUp":{"Value":451,"SourceTimestamp":"2024-04-27T10:45:53.8141535Z","ServerTimestamp":"2024-04-27T10:45:53.8935039Z"},"nsu=http://opcfoundation.org/UA/Plc/Applications;s=AlternatingBoolean":{"Value":false,"SourceTimestamp":"2024-04-27T10:45:53.8141672Z","ServerTimestamp":"2024-04-27T10:45:53.8935131Z"},"nsu=http://opcfoundation.org/UA/Plc/Applications;s=RandomSignedInt32":{"Value":1815109434,"SourceTimestamp":"2024-04-27T10:45:53.8141713Z","ServerTimestamp":"2024-04-27T10:45:53.8935062Z"},"nsu=http://opcfoundation.org/UA/Plc/Applications;s=RandomUnsignedInt32":{"Value":799527343,"SourceTimestamp":"2024-04-27T10:45:53.8141823Z","ServerTimestamp":"2024-04-27T10:45:53.8935024Z"},"nsu=http://opcfoundation.org/UA/Plc/Applications;s=DipData":{"Value":6.4324905987065468E-14,"SourceTimestamp":"2024-04-27T10:45:53.8141793Z","ServerTimestamp":"2024-04-27T10:45:53.8935117Z"},"nsu=http://opcfoundation.org/UA/Plc/Applications;s=FastUIntScalar1":{"Value":45,"SourceTimestamp":"2024-04-27T10:45:53.7074137Z","ServerTimestamp":"2024-04-27T10:45:53.8935113Z"},"nsu=http://opcfoundation.org/UA/Plc/Applications;s=FastUIntScalar2":{"Value":45,"SourceTimestamp":"2024-04-27T10:45:53.7074218Z","ServerTimestamp":"2024-04-27T10:45:53.8935047Z"},"nsu=http://opcfoundation.org/UA/Plc/Applications;s=FastUIntScalar3":{"Value":45,"SourceTimestamp":"2024-04-27T10:45:53.7074236Z","ServerTimestamp":"2024-04-27T10:45:53.893515Z"},"nsu=http://opcfoundation.org/UA/Plc/Applications;s=FastRandomUIntScalar1":{"Value":1906591645,"SourceTimestamp":"2024-04-27T10:45:53.7073985Z","ServerTimestamp":"2024-04-27T10:45:53.8934996Z"},"nsu=http://opcfoundation.org/UA/Plc/Applications;s=FastRandomUIntScalar2":{"Value":2671175374,"SourceTimestamp":"2024-04-27T10:45:53.7074077Z","ServerTimestamp":"2024-04-27T10:45:53.8935015Z"},"nsu=http://opcfoundation.org/UA/Plc/Applications;s=FastRandomUIntScalar3":{"Value":369124808,"SourceTimestamp":"2024-04-27T10:45:53.7074103Z","ServerTimestamp":"2024-04-27T10:45:53.8935179Z"},"nsu=http://opcfoundation.org/UA/Plc/Applications;s=NegativeTrendData":{"Value":99.799999999999997,"SourceTimestamp":"2024-04-27T10:45:53.8141774Z","ServerTimestamp":"2024-04-27T10:45:53.8935188Z"},"nsu=http://opcfoundation.org/UA/Plc/Applications;s=PositiveTrendData":{"Value":100.2,"SourceTimestamp":"2024-04-27T10:45:53.8141774Z","ServerTimestamp":"2024-04-27T10:45:53.8935032Z"},"nsu=http://opcfoundation.org/UA/Plc/Applications;s=SlowUIntScalar1":{"Value":4,"SourceTimestamp":"2024-04-27T10:45:48.7095918Z","ServerTimestamp":"2024-04-27T10:45:53.8935088Z"},"nsu=http://opcfoundation.org/UA/Plc/Applications;s=SlowUIntScalar2":{"Value":4,"SourceTimestamp":"2024-04-27T10:45:48.709602Z","ServerTimestamp":"2024-04-27T10:45:53.8935054Z"},"nsu=http://opcfoundation.org/UA/Plc/Applications;s=SlowUIntScalar3":{"Value":4,"SourceTimestamp":"2024-04-27T10:45:48.7096047Z","ServerTimestamp":"2024-04-27T10:45:53.8935171Z"},"nsu=http://opcfoundation.org/UA/Plc/Applications;s=BadSlowUIntScalar1":{"Value":4,"StatusCode":{"Symbol":"UncertainLastUsableValue","Code":1083179008},"SourceTimestamp":"2024-04-27T10:45:48.7096071Z","ServerTimestamp":"2024-04-27T10:45:53.8935109Z"},"nsu=http://opcfoundation.org/UA/Plc/Applications;s=SlowRandomUIntScalar1":{"Value":866235665,"SourceTimestamp":"2024-04-27T10:45:48.7096118Z","ServerTimestamp":"2024-04-27T10:45:53.8935099Z"},"nsu=http://opcfoundation.org/UA/Plc/Applications;s=SlowRandomUIntScalar2":{"Value":3550480639,"SourceTimestamp":"2024-04-27T10:45:48.7096211Z","ServerTimestamp":"2024-04-27T10:45:53.8935144Z"},"nsu=http://opcfoundation.org/UA/Plc/Applications;s=SlowRandomUIntScalar3":{"Value":2850427381,"SourceTimestamp":"2024-04-27T10:45:48.7096231Z","ServerTimestamp":"2024-04-27T10:45:53.8935163Z"},"nsu=http://opcfoundation.org/UA/Plc/Applications;s=BadSlowRandomUIntScalar1":{"Value":3171711926,"StatusCode":{"Symbol":"UncertainLastUsableValue","Code":1083179008},"SourceTimestamp":"2024-04-27T10:45:48.7096258Z","ServerTimestamp":"2024-04-27T10:45:53.8935071Z"},"nsu=http://opcfoundation.org/UA/Plc/Applications;s=SpikeData":{"Value":6.4324905987065468E-14,"SourceTimestamp":"2024-04-27T10:45:53.8141825Z","ServerTimestamp":"2024-04-27T10:45:53.8935007Z"},"ns=23;i=1259":{"Value":0.17699999999999999,"SourceTimestamp":"2024-04-27T10:45:09.875411Z","ServerTimestamp":"2024-04-27T10:45:53.8934824Z"}}}]}