{"MessageId":"95d7429d-6ebf-4540-b0b4-37f543cd7a05","MessageType":"ua-data","PublisherId":"DESKTOP-BGFJS91","DataSetWriterGroup":"<<UnknownWriterGroup>>","Messages":[{"SequenceNumber":50,"MetaDataVersion":{"MajorVersion":1},"Timestamp":"2024-04-27T10:45:59.8968992Z","MessageType":"ua-deltaframe","DataSetWriterName":"<<UnknownDataSet>>","Payload":{"i=2258":{"Value":"2024-04-27T10:45:59.8966043Z","SourceTimestamp":"2024-04-27T10:45:09.8753779Z","ServerTimestamp":"2024-04-27T10:45:59.8966027Z"},"nsu=http://opcfoundation.org/UA/Plc/Applications;s=StepUp":{"Value":511,"SourceTimestamp":"2024-04-27T10:45:59.8171205Z","ServerTimestamp":"2024-04-27T10:45:59.8966408Z"},"nsu=http://opcfoundation.org/UA/Plc/Applications;s=AlternatingBoolean":{"Value":true,"SourceTimestamp":"2024-04-27T10:45:59.8171441Z","ServerTimestamp":"2024-04-27T10:45:59.8966498Z"},"nsu=http://opcfoundation.org/UA/Plc/Applications;s=RandomSignedInt32":{"Value":-1318036521,"SourceTimestamp":"2024-04-27T10:45:59.8171479Z","ServerTimestamp":"2024-04-27T10:45:59.896644Z"},"nsu=http://opcfoundation.org/UA/Plc/Applications;s=RandomUnsignedInt32":{"Value":1603512582,"SourceTimestamp":"2024-04-27T10:45:59.817172Z","ServerTimestamp":"2024-04-27T10:45:59.8966393Z"},"nsu=http://opcfoundation.org/UA/Plc/Applications;s=DipData":{"Value":-95.105651629515364,"SourceTimestamp":"2024-04-27T10:45:59.8171695Z","ServerTimestamp":"2024-04-27T10:45:59.8966483Z"},"nsu=http://opcfoundation.org/UA/Plc/Applications;s=FastUIntScalar1":{"Value":51,"SourceTimestamp":"2024-04-27T10:45:59.7097417Z","ServerTimestamp":"2024-04-27T10:45:59.8966478Z"},"nsu=http://opcfoundation.org/UA/Plc/Applications;s=FastUIntScalar2":{"Value":51,"SourceTimestamp":"2024-04-27T10:45:59.7097488Z","ServerTimestamp":"2024-04-27T10:45:59.8966417Z"},"nsu=http://opcfoundation.org/UA/Plc/Applications;s=FastUIntScalar3":{"Value":51,"SourceTimestamp":"2024-04-27T10:45:59.7097506Z","ServerTimestamp":"2024-04-27T10:45:59.8966516Z"},"nsu=http://opcfoundation.org/UA/Plc/Applications;s=FastRandomUIntScalar1":{"Value":3796203378,"SourceTimestamp":"2024-04-27T10:45:59.7097565Z","ServerTimestamp":"2024-04-27T10:45:59.8966366Z"},"nsu=http://opcfoundation.org/UA/Plc/Applications;s=FastRandomUIntScalar2":{"Value":2151087975,"SourceTimestamp":"2024-04-27T10:45:59.7097582Z","ServerTimestamp":"2024-04-27T10:45:59.8966384Z"},"nsu=http://opcfoundation.org/UA/Plc/Applications;s=FastRandomUIntScalar3":{"Value":1957183283,"SourceTimestamp":"2024-04-27T10:45:59.7097595Z","ServerTimestamp":"2024-04-27T10:45:59.8966539Z"},"nsu=http://opcfoundation.org/UA/Plc/Applications;s=NegativeTrendData":{"Value":99.700000000000003,"SourceTimestamp":"2024-04-27T10:45:59.8171781Z","ServerTimestamp":"2024-04-27T10:45:59.8966547Z"},"nsu=http://opcfoundation.org/UA/Plc/Applications;s=PositiveTrendData":{"Value":100.3,"SourceTimestamp":"2024-04-27T10:45:59.8171788Z","ServerTimestamp":"2024-04-27T10:45:59.8966402Z"},"nsu=http://opcfoundation.org/UA/Plc/Applications;s=SlowUIntScalar1":{"Value":5,"SourceTimestamp":"2024-04-27T10:45:58.7199638Z","ServerTimestamp":"2024-04-27T10:45:59.8966457Z"},"nsu=http://opcfoundation.org/UA/Plc/Applications;s=SlowUIntScalar2":{"Value":5,"SourceTimestamp":"2024-04-27T10:45:58.7199695Z","ServerTimestamp":"2024-04-27T10:45:59.8966432Z"},"nsu=http://opcfoundation.org/UA/Plc/Applications;s=SlowUIntScalar3":{"Value":5,"SourceTimestamp":"2024-04-27T10:45:58.7199709Z","ServerTimestamp":"2024-04-27T10:45:59.8966532Z"},"nsu=http://opcfoundation.org/UA/Plc/Applications;s=BadSlowUIntScalar1":{"Value":5,"SourceTimestamp":"2024-04-27T10:45:58.7199725Z","ServerTimestamp":"2024-04-27T10:45:59.8966475Z"},"nsu=http://opcfoundation.org/UA/Plc/Applications;s=SlowRandomUIntScalar1":{"Value":106494414,"SourceTimestamp":"2024-04-27T10:45:58.7199773Z","ServerTimestamp":"2024-04-27T10:45:59.8966467Z"},"nsu=http://opcfoundation.org/UA/Plc/Applications;s=SlowRandomUIntScalar2":{"Value":420531031,"SourceTimestamp":"2024-04-27T10:45:58.7199822Z","ServerTimestamp":"2024-04-27T10:45:59.896651Z"},"nsu=http://opcfoundation.org/UA/Plc/Applications;s=SlowRandomUIntScalar3":{"Value":2907066612,"SourceTimestamp":"2024-04-27T10:45:58.7199838Z","ServerTimestamp":"2024-04-27T10:45:59.8966526Z"},"nsu=http://opcfoundation.org/UA/Plc/Applications;s=BadSlowRandomUIntScalar1":{"Value":1863614656,"SourceTimestamp":"2024-04-27T10:45:58.7199861Z","ServerTimestamp":"2024-04-27T10:45:59.8966448Z"},"nsu=http://opcfoundation.org/UA/Plc/Applications;s=SpikeData":{"Value":1000,"SourceTimestamp":"2024-04-27T10:45:59.8172022Z","ServerTimestamp":"2024-04-27T10:45:59.8966376Z"},"ns=23;i=1259":{"Value":-0.57200000000000006,"SourceTimestamp":"2024-04-27T10:45:09.875411Z","ServerTimestamp":"2024-04-27T10:45:59.8966194Z"}}}]}