{"MessageId":"b85484f3-2da5-48c4-b247-e1491bb35543","MessageType":"ua-data","PublisherId":"DESKTOP-BGFJS91","DataSetWriterGroup":"<<UnknownWriterGroup>>","Messages":[{"SequenceNumber":52,"MetaDataVersion":{"MajorVersion":1},"Timestamp":"2024-04-27T10:46:01.9003482Z","MessageType":"ua-deltaframe","DataSetWriterName":"<<UnknownDataSet>>","Payload":{"i=2258":{"Value":"2024-04-27T10:46:01.9000569Z","SourceTimestamp":"2024-04-27T10:45:09.8753779Z","ServerTimestamp":"2024-04-27T10:46:01.9000552Z"},"nsu=http://opcfoundation.org/UA/Plc/Applications;s=StepUp":{"Value":531,"SourceTimestamp":"2024-04-27T10:46:01.8219338Z","ServerTimestamp":"2024-04-27T10:46:01.9000937Z"},"nsu=http://opcfoundation.org/UA/Plc/Applications;s=AlternatingBoolean":{"Value":true,"SourceTimestamp":"2024-04-27T10:46:01.8219567Z","ServerTimestamp":"2024-04-27T10:46:01.9001025Z"},"nsu=http://opcfoundation.org/UA/Plc/Applications;s=RandomSignedInt32":{"Value":603743547,"SourceTimestamp":"2024-04-27T10:46:01.8219588Z","ServerTimestamp":"2024-04-27T10:46:01.9000961Z"},"nsu=http://opcfoundation.org/UA/Plc/Applications;s=RandomUnsignedInt32":{"Value":1491443901,"SourceTimestamp":"2024-04-27T10:46:01.8219599Z","ServerTimestamp":"2024-04-27T10:46:01.9000919Z"},"nsu=http://opcfoundation.org/UA/Plc/Applications;s=DipData":{"Value":58.778525229247322,"SourceTimestamp":"2024-04-27T10:46:01.8219812Z","ServerTimestamp":"2024-04-27T10:46:01.9001017Z"},"nsu=http://opcfoundation.org/UA/Plc/Applications;s=FastUIntScalar1":{"Value":53,"SourceTimestamp":"2024-04-27T10:46:01.7116727Z","ServerTimestamp":"2024-04-27T10:46:01.9001012Z"},"nsu=http://opcfoundation.org/UA/Plc/Applications;s=FastUIntScalar2":{"Value":53,"SourceTimestamp":"2024-04-27T10:46:01.7116796Z","ServerTimestamp":"2024-04-27T10:46:01.9000946Z"},"nsu=http://opcfoundation.org/UA/Plc/Applications;s=FastUIntScalar3":{"Value":53,"SourceTimestamp":"2024-04-27T10:46:01.7116833Z","ServerTimestamp":"2024-04-27T10:46:01.9001044Z"},"nsu=http://opcfoundation.org/UA/Plc/Applications;s=FastRandomUIntScalar1":{"Value":1521224876,"SourceTimestamp":"2024-04-27T10:46:01.7116772Z","ServerTimestamp":"2024-04-27T10:46:01.9000888Z"},"nsu=http://opcfoundation.org/UA/Plc/Applications;s=FastRandomUIntScalar2":{"Value":1548091611,"SourceTimestamp":"2024-04-27T10:46:01.7116824Z","ServerTimestamp":"2024-04-27T10:46:01.900091Z"},"nsu=http://opcfoundation.org/UA/Plc/Applications;s=FastRandomUIntScalar3":{"Value":585054694,"SourceTimestamp":"2024-04-27T10:46:01.711684Z","ServerTimestamp":"2024-04-27T10:46:01.900107Z"},"nsu=http://opcfoundation.org/UA/Plc/Applications;s=NegativeTrendData":{"Value":99.700000000000003,"SourceTimestamp":"2024-04-27T10:46:01.8219801Z","ServerTimestamp":"2024-04-27T10:46:01.9001079Z"},"nsu=http://opcfoundation.org/UA/Plc/Applications;s=PositiveTrendData":{"Value":100.3,"SourceTimestamp":"2024-04-27T10:46:01.8219868Z","ServerTimestamp":"2024-04-27T10:46:01.9000929Z"},"nsu=http://opcfoundation.org/UA/Plc/Applications;s=SlowUIntScalar1":{"Value":5,"SourceTimestamp":"2024-04-27T10:45:58.7199638Z","ServerTimestamp":"2024-04-27T10:46:01.9000979Z"},"nsu=http://opcfoundation.org/UA/Plc/Applications;s=SlowUIntScalar2":{"Value":5,"SourceTimestamp":"2024-04-27T10:45:58.7199695Z","ServerTimestamp":"2024-04-27T10:46:01.9000953Z"},"nsu=http://opcfoundation.org/UA/Plc/Applications;s=SlowUIntScalar3":{"Value":5,"SourceTimestamp":"2024-04-27T10:45:58.7199709Z","ServerTimestamp":"2024-04-27T10:46:01.9001062Z"},"nsu=http://opcfoundation.org/UA/Plc/Applications;s=BadSlowUIntScalar1":{"Value":5,"SourceTimestamp":"2024-04-27T10:45:58.7199725Z","ServerTimestamp":"2024-04-27T10:46:01.9001001Z"},"nsu=http://opcfoundation.org/UA/Plc/Applications;s=SlowRandomUIntScalar1":{"Value":106494414,"SourceTimestamp":"2024-04-27T10:45:58.7199773Z","ServerTimestamp":"2024-04-27T10:46:01.900099Z"},"nsu=http://opcfoundation.org/UA/Plc/Applications;s=SlowRandomUIntScalar2":{"Value":420531031,"SourceTimestamp":"2024-04-27T10:45:58.7199822Z","ServerTimestamp":"2024-04-27T10:46:01.9001037Z"},"nsu=http://opcfoundation.org/UA/Plc/Applications;s=SlowRandomUIntScalar3":{"Value":2907066612,"SourceTimestamp":"2024-04-27T10:45:58.7199838Z","ServerTimestamp":"2024-04-27T10:46:01.9001055Z"},"nsu=http://opcfoundation.org/UA/Plc/Applications;s=BadSlowRandomUIntScalar1":{"Value":1863614656,"SourceTimestamp":"2024-04-27T10:45:58.7199861Z","ServerTimestamp":"2024-04-27T10:46:01.9000969Z"},"nsu=http://opcfoundation.org/UA/Plc/Applications;s=SpikeData":{"Value":58.778525229247322,"SourceTimestamp":"2024-04-27T10:46:01.8219983Z","ServerTimestamp":"2024-04-27T10:46:01.9000902Z"},"ns=23;i=1259":{"Value":-1.6600000000000001,"SourceTimestamp":"2024-04-27T10:45:09.875411Z","ServerTimestamp":"2024-04-27T10:46:01.9000713Z"}}}]}