{"MessageId":"0c544501-ff30-4b51-9fdd-7247d0f2e01d","MessageType":"ua-data","PublisherId":"DESKTOP-BGFJS91","DataSetWriterGroup":"<<UnknownWriterGroup>>","Messages":[{"SequenceNumber":53,"MetaDataVersion":{"MajorVersion":1},"Timestamp":"2024-04-27T10:46:02.8883363Z","MessageType":"ua-deltaframe","DataSetWriterName":"<<UnknownDataSet>>","Payload":{"i=2258":{"Value":"2024-04-27T10:46:02.8880592Z","SourceTimestamp":"2024-04-27T10:45:09.8753779Z","ServerTimestamp":"2024-04-27T10:46:02.8880582Z"},"nsu=http://opcfoundation.org/UA/Plc/Applications;s=StepUp":{"Value":541,"SourceTimestamp":"2024-04-27T10:46:02.8119004Z","ServerTimestamp":"2024-04-27T10:46:02.8880942Z"},"nsu=http://opcfoundation.org/UA/Plc/Applications;s=AlternatingBoolean":{"Value":true,"SourceTimestamp":"2024-04-27T10:46:02.8119047Z","ServerTimestamp":"2024-04-27T10:46:02.8881015Z"},"nsu=http://opcfoundation.org/UA/Plc/Applications;s=RandomSignedInt32":{"Value":1730703259,"SourceTimestamp":"2024-04-27T10:46:02.8119134Z","ServerTimestamp":"2024-04-27T10:46:02.8880965Z"},"nsu=http://opcfoundation.org/UA/Plc/Applications;s=RandomUnsignedInt32":{"Value":2055352752,"SourceTimestamp":"2024-04-27T10:46:02.811921Z","ServerTimestamp":"2024-04-27T10:46:02.8880924Z"},"nsu=http://opcfoundation.org/UA/Plc/Applications;s=DipData":{"Value":95.10565162951535,"SourceTimestamp":"2024-04-27T10:46:02.8119283Z","ServerTimestamp":"2024-04-27T10:46:02.8881009Z"},"nsu=http://opcfoundation.org/UA/Plc/Applications;s=FastUIntScalar1":{"Value":54,"SourceTimestamp":"2024-04-27T10:46:02.71868Z","ServerTimestamp":"2024-04-27T10:46:02.8881004Z"},"nsu=http://opcfoundation.org/UA/Plc/Applications;s=FastUIntScalar2":{"Value":54,"SourceTimestamp":"2024-04-27T10:46:02.7186885Z","ServerTimestamp":"2024-04-27T10:46:02.8880951Z"},"nsu=http://opcfoundation.org/UA/Plc/Applications;s=FastUIntScalar3":{"Value":54,"SourceTimestamp":"2024-04-27T10:46:02.7186908Z","ServerTimestamp":"2024-04-27T10:46:02.8881034Z"},"nsu=http://opcfoundation.org/UA/Plc/Applications;s=FastRandomUIntScalar1":{"Value":3206506925,"SourceTimestamp":"2024-04-27T10:46:02.7186905Z","ServerTimestamp":"2024-04-27T10:46:02.8880899Z"},"nsu=http://opcfoundation.org/UA/Plc/Applications;s=FastRandomUIntScalar2":{"Value":2073365004,"SourceTimestamp":"2024-04-27T10:46:02.7187093Z","ServerTimestamp":"2024-04-27T10:46:02.8880916Z"},"nsu=http://opcfoundation.org/UA/Plc/Applications;s=FastRandomUIntScalar3":{"Value":1326222138,"SourceTimestamp":"2024-04-27T10:46:02.7187107Z","ServerTimestamp":"2024-04-27T10:46:02.8881057Z"},"nsu=http://opcfoundation.org/UA/Plc/Applications;s=NegativeTrendData":{"Value":99.700000000000003,"SourceTimestamp":"2024-04-27T10:46:02.8119284Z","ServerTimestamp":"2024-04-27T10:46:02.8881064Z"},"nsu=http://opcfoundation.org/UA/Plc/Applications;s=PositiveTrendData":{"Value":100.3,"SourceTimestamp":"2024-04-27T10:46:02.8119348Z","ServerTimestamp":"2024-04-27T10:46:02.8880932Z"},"nsu=http://opcfoundation.org/UA/Plc/Applications;s=SlowUIntScalar1":{"Value":5,"SourceTimestamp":"2024-04-27T10:45:58.7199638Z","ServerTimestamp":"2024-04-27T10:46:02.8880982Z"},"nsu=http://opcfoundation.org/UA/Plc/Applications;s=SlowUIntScalar2":{"Value":5,"SourceTimestamp":"2024-04-27T10:45:58.7199695Z","ServerTimestamp":"2024-04-27T10:46:02.8880958Z"},"nsu=http://opcfoundation.org/UA/Plc/Applications;s=SlowUIntScalar3":{"Value":5,"SourceTimestamp":"2024-04-27T10:45:58.7199709Z","ServerTimestamp":"2024-04-27T10:46:02.888105Z"},"nsu=http://opcfoundation.org/UA/Plc/Applications;s=BadSlowUIntScalar1":{"Value":5,"SourceTimestamp":"2024-04-27T10:45:58.7199725Z","ServerTimestamp":"2024-04-27T10:46:02.8881Z"},"nsu=http://opcfoundation.org/UA/Plc/Applications;s=SlowRandomUIntScalar1":{"Value":106494414,"SourceTimestamp":"2024-04-27T10:45:58.7199773Z","ServerTimestamp":"2024-04-27T10:46:02.8880992Z"},"nsu=http://opcfoundation.org/UA/Plc/Applications;s=SlowRandomUIntScalar2":{"Value":420531031,"SourceTimestamp":"2024-04-27T10:45:58.7199822Z","ServerTimestamp":"2024-04-27T10:46:02.8881028Z"},"nsu=http://opcfoundation.org/UA/Plc/Applications;s=SlowRandomUIntScalar3":{"Value":2907066612,"SourceTimestamp":"2024-04-27T10:45:58.7199838Z","ServerTimestamp":"2024-04-27T10:46:02.8881043Z"},"nsu=http://opcfoundation.org/UA/Plc/Applications;s=BadSlowRandomUIntScalar1":{"Value":1863614656,"SourceTimestamp":"2024-04-27T10:45:58.7199861Z","ServerTimestamp":"2024-04-27T10:46:02.8880973Z"},"nsu=http://opcfoundation.org/UA/Plc/Applications;s=SpikeData":{"Value":95.10565162951535,"SourceTimestamp":"2024-04-27T10:46:02.8119325Z","ServerTimestamp":"2024-04-27T10:46:02.8880908Z"},"ns=23;i=1259":{"Value":-0.60199999999999998,"SourceTimestamp":"2024-04-27T10:45:09.875411Z","ServerTimestamp":"2024-04-27T10:46:02.8880731Z"}}}]}