{"MessageId":"b599ea6f-e5f9-4916-a7f7-e6fc70e9b4c8","MessageType":"ua-data","PublisherId":"DESKTOP-BGFJS91","DataSetWriterGroup":"<<UnknownWriterGroup>>","Messages":[{"SequenceNumber":60,"MetaDataVersion":{"MajorVersion":1},"Timestamp":"2024-04-27T10:46:09.8967775Z","MessageType":"ua-deltaframe","DataSetWriterName":"<<UnknownDataSet>>","Payload":{"i=2258":{"Value":"2024-04-27T10:46:09.8964918Z","SourceTimestamp":"2024-04-27T10:45:09.8753779Z","ServerTimestamp":"2024-04-27T10:46:09.8964907Z"},"nsu=http://opcfoundation.org/UA/Plc/Applications;s=StepUp":{"Value":611,"SourceTimestamp":"2024-04-27T10:46:09.816228Z","ServerTimestamp":"2024-04-27T10:46:09.8965282Z"},"nsu=http://opcfoundation.org/UA/Plc/Applications;s=AlternatingBoolean":{"Value":true,"SourceTimestamp":"2024-04-27T10:46:09.8162286Z","ServerTimestamp":"2024-04-27T10:46:09.8965361Z"},"nsu=http://opcfoundation.org/UA/Plc/Applications;s=RandomSignedInt32":{"Value":477159812,"SourceTimestamp":"2024-04-27T10:46:09.8162415Z","ServerTimestamp":"2024-04-27T10:46:09.8965305Z"},"nsu=http://opcfoundation.org/UA/Plc/Applications;s=RandomUnsignedInt32":{"Value":271961254,"SourceTimestamp":"2024-04-27T10:46:09.8162533Z","ServerTimestamp":"2024-04-27T10:46:09.8965265Z"},"nsu=http://opcfoundation.org/UA/Plc/Applications;s=DipData":{"Value":-95.105651629515364,"SourceTimestamp":"2024-04-27T10:46:09.8162595Z","ServerTimestamp":"2024-04-27T10:46:09.8965355Z"},"nsu=http://opcfoundation.org/UA/Plc/Applications;s=FastUIntScalar1":{"Value":61,"SourceTimestamp":"2024-04-27T10:46:09.7076517Z","ServerTimestamp":"2024-04-27T10:46:09.896535Z"},"nsu=http://opcfoundation.org/UA/Plc/Applications;s=FastUIntScalar2":{"Value":61,"SourceTimestamp":"2024-04-27T10:46:09.7076585Z","ServerTimestamp":"2024-04-27T10:46:09.896529Z"},"nsu=http://opcfoundation.org/UA/Plc/Applications;s=FastUIntScalar3":{"Value":61,"SourceTimestamp":"2024-04-27T10:46:09.7076738Z","ServerTimestamp":"2024-04-27T10:46:09.8965381Z"},"nsu=http://opcfoundation.org/UA/Plc/Applications;s=FastRandomUIntScalar1":{"Value":3098804434,"SourceTimestamp":"2024-04-27T10:46:09.7076528Z","ServerTimestamp":"2024-04-27T10:46:09.8965237Z"},"nsu=http://opcfoundation.org/UA/Plc/Applications;s=FastRandomUIntScalar2":{"Value":4180415604,"SourceTimestamp":"2024-04-27T10:46:09.7076743Z","ServerTimestamp":"2024-04-27T10:46:09.8965256Z"},"nsu=http://opcfoundation.org/UA/Plc/Applications;s=FastRandomUIntScalar3":{"Value":798117903,"SourceTimestamp":"2024-04-27T10:46:09.707679Z","ServerTimestamp":"2024-04-27T10:46:09.8965407Z"},"nsu=http://opcfoundation.org/UA/Plc/Applications;s=NegativeTrendData":{"Value":99.5,"SourceTimestamp":"2024-04-27T10:46:09.8162595Z","ServerTimestamp":"2024-04-27T10:46:09.8965419Z"},"nsu=http://opcfoundation.org/UA/Plc/Applications;s=PositiveTrendData":{"Value":100.5,"SourceTimestamp":"2024-04-27T10:46:09.8162597Z","ServerTimestamp":"2024-04-27T10:46:09.8965275Z"},"nsu=http://opcfoundation.org/UA/Plc/Applications;s=SlowUIntScalar1":{"Value":6,"SourceTimestamp":"2024-04-27T10:46:08.7183736Z","ServerTimestamp":"2024-04-27T10:46:09.8965325Z"},"nsu=http://opcfoundation.org/UA/Plc/Applications;s=SlowUIntScalar2":{"Value":6,"SourceTimestamp":"2024-04-27T10:46:08.7183843Z","ServerTimestamp":"2024-04-27T10:46:09.8965297Z"},"nsu=http://opcfoundation.org/UA/Plc/Applications;s=SlowUIntScalar3":{"Value":6,"SourceTimestamp":"2024-04-27T10:46:08.7183917Z","ServerTimestamp":"2024-04-27T10:46:09.8965399Z"},"nsu=http://opcfoundation.org/UA/Plc/Applications;s=BadSlowUIntScalar1":{"Value":6,"SourceTimestamp":"2024-04-27T10:46:08.7183951Z","ServerTimestamp":"2024-04-27T10:46:09.8965346Z"},"nsu=http://opcfoundation.org/UA/Plc/Applications;s=SlowRandomUIntScalar1":{"Value":923234766,"SourceTimestamp":"2024-04-27T10:46:08.7183814Z","ServerTimestamp":"2024-04-27T10:46:09.8965336Z"},"nsu=http://opcfoundation.org/UA/Plc/Applications;s=SlowRandomUIntScalar2":{"Value":2320335862,"SourceTimestamp":"2024-04-27T10:46:08.7183904Z","ServerTimestamp":"2024-04-27T10:46:09.8965375Z"},"nsu=http://opcfoundation.org/UA/Plc/Applications;s=SlowRandomUIntScalar3":{"Value":3138369478,"SourceTimestamp":"2024-04-27T10:46:08.718393Z","ServerTimestamp":"2024-04-27T10:46:09.8965392Z"},"nsu=http://opcfoundation.org/UA/Plc/Applications;s=BadSlowRandomUIntScalar1":{"Value":2017834844,"SourceTimestamp":"2024-04-27T10:46:08.7183965Z","ServerTimestamp":"2024-04-27T10:46:09.8965313Z"},"nsu=http://opcfoundation.org/UA/Plc/Applications;s=SpikeData":{"Value":-95.105651629515364,"SourceTimestamp":"2024-04-27T10:46:09.8162657Z","ServerTimestamp":"2024-04-27T10:46:09.8965247Z"},"ns=23;i=1259":{"Value":-2,"SourceTimestamp":"2024-04-27T10:45:09.875411Z","ServerTimestamp":"2024-04-27T10:46:09.8965073Z"}}}]}