{"MessageId":"090e03cd-24fe-4cb4-8be4-9978da930832","MessageType":"ua-data","PublisherId":"DESKTOP-BGFJS91","DataSetWriterGroup":"<<UnknownWriterGroup>>","Messages":[{"SequenceNumber":64,"MetaDataVersion":{"MajorVersion":1},"Timestamp":"2024-04-27T10:46:13.9008313Z","MessageType":"ua-deltaframe","DataSetWriterName":"<<UnknownDataSet>>","Payload":{"i=2258":{"Value":"2024-04-27T10:46:13.9005136Z","SourceTimestamp":"2024-04-27T10:45:09.8753779Z","ServerTimestamp":"2024-04-27T10:46:13.9005124Z"},"nsu=http://opcfoundation.org/UA/Plc/Applications;s=StepUp":{"Value":651,"SourceTimestamp":"2024-04-27T10:46:13.821269Z","ServerTimestamp":"2024-04-27T10:46:13.9005484Z"},"nsu=http://opcfoundation.org/UA/Plc/Applications;s=AlternatingBoolean":{"Value":false,"SourceTimestamp":"2024-04-27T10:46:13.8212756Z","ServerTimestamp":"2024-04-27T10:46:13.9005576Z"},"nsu=http://opcfoundation.org/UA/Plc/Applications;s=RandomSignedInt32":{"Value":1070540562,"SourceTimestamp":"2024-04-27T10:46:13.8212818Z","ServerTimestamp":"2024-04-27T10:46:13.9005507Z"},"nsu=http://opcfoundation.org/UA/Plc/Applications;s=RandomUnsignedInt32":{"Value":869396773,"SourceTimestamp":"2024-04-27T10:46:13.8212852Z","ServerTimestamp":"2024-04-27T10:46:13.9005467Z"},"nsu=http://opcfoundation.org/UA/Plc/Applications;s=DipData":{"Value":6.4324905987065468E-14,"SourceTimestamp":"2024-04-27T10:46:13.8212927Z","ServerTimestamp":"2024-04-27T10:46:13.9005561Z"},"nsu=http://opcfoundation.org/UA/Plc/Applications;s=FastUIntScalar1":{"Value":65,"SourceTimestamp":"2024-04-27T10:46:13.7151271Z","ServerTimestamp":"2024-04-27T10:46:13.9005556Z"},"nsu=http://opcfoundation.org/UA/Plc/Applications;s=FastUIntScalar2":{"Value":65,"SourceTimestamp":"2024-04-27T10:46:13.7151343Z","ServerTimestamp":"2024-04-27T10:46:13.9005492Z"},"nsu=http://opcfoundation.org/UA/Plc/Applications;s=FastUIntScalar3":{"Value":65,"SourceTimestamp":"2024-04-27T10:46:13.7151386Z","ServerTimestamp":"2024-04-27T10:46:13.9005595Z"},"nsu=http://opcfoundation.org/UA/Plc/Applications;s=FastRandomUIntScalar1":{"Value":93521631,"SourceTimestamp":"2024-04-27T10:46:13.7151284Z","ServerTimestamp":"2024-04-27T10:46:13.9005441Z"},"nsu=http://opcfoundation.org/UA/Plc/Applications;s=FastRandomUIntScalar2":{"Value":1049568168,"SourceTimestamp":"2024-04-27T10:46:13.7151375Z","ServerTimestamp":"2024-04-27T10:46:13.9005458Z"},"nsu=http://opcfoundation.org/UA/Plc/Applications;s=FastRandomUIntScalar3":{"Value":3696828701,"SourceTimestamp":"2024-04-27T10:46:13.7151402Z","ServerTimestamp":"2024-04-27T10:46:13.900562Z"},"nsu=http://opcfoundation.org/UA/Plc/Applications;s=NegativeTrendData":{"Value":99.400000000000006,"SourceTimestamp":"2024-04-27T10:46:13.8212921Z","ServerTimestamp":"2024-04-27T10:46:13.9005629Z"},"nsu=http://opcfoundation.org/UA/Plc/Applications;s=PositiveTrendData":{"Value":100.59999999999999,"SourceTimestamp":"2024-04-27T10:46:13.8212921Z","ServerTimestamp":"2024-04-27T10:46:13.9005475Z"},"nsu=http://opcfoundation.org/UA/Plc/Applications;s=SlowUIntScalar1":{"Value":6,"SourceTimestamp":"2024-04-27T10:46:08.7183736Z","ServerTimestamp":"2024-04-27T10:46:13.900553Z"},"nsu=http://opcfoundation.org/UA/Plc/Applications;s=SlowUIntScalar2":{"Value":6,"SourceTimestamp":"2024-04-27T10:46:08.7183843Z","ServerTimestamp":"2024-04-27T10:46:13.9005499Z"},"nsu=http://opcfoundation.org/UA/Plc/Applications;s=SlowUIntScalar3":{"Value":6,"SourceTimestamp":"2024-04-27T10:46:08.7183917Z","ServerTimestamp":"2024-04-27T10:46:13.9005612Z"},"nsu=http://opcfoundation.org/UA/Plc/Applications;s=BadSlowUIntScalar1":{"Value":6,"SourceTimestamp":"2024-04-27T10:46:08.7183951Z","ServerTimestamp":"2024-04-27T10:46:13.900555Z"},"nsu=http://opcfoundation.org/UA/Plc/Applications;s=SlowRandomUIntScalar1":{"Value":923234766,"SourceTimestamp":"2024-04-27T10:46:08.7183814Z","ServerTimestamp":"2024-04-27T10:46:13.900554Z"},"nsu=http://opcfoundation.org/UA/Plc/Applications;s=SlowRandomUIntScalar2":{"Value":2320335862,"SourceTimestamp":"2024-04-27T10:46:08.7183904Z","ServerTimestamp":"2024-04-27T10:46:13.9005589Z"},"nsu=http://opcfoundation.org/UA/Plc/Applications;s=SlowRandomUIntScalar3":{"Value":3138369478,"SourceTimestamp":"2024-04-27T10:46:08.718393Z","ServerTimestamp":"2024-04-27T10:46:13.9005605Z"},"nsu=http://opcfoundation.org/UA/Plc/Applications;s=BadSlowRandomUIntScalar1":{"Value":2017834844,"SourceTimestamp":"2024-04-27T10:46:08.7183965Z","ServerTimestamp":"2024-04-27T10:46:13.9005518Z"},"nsu=http://opcfoundation.org/UA/Plc/Applications;s=SpikeData":{"Value":6.4324905987065468E-14,"SourceTimestamp":"2024-04-27T10:46:13.821291Z","ServerTimestamp":"2024-04-27T10:46:13.900545Z"},"ns=23;i=1259":{"Value":0.10400000000000001,"SourceTimestamp":"2024-04-27T10:45:09.875411Z","ServerTimestamp":"2024-04-27T10:46:13.900528Z"}}}]}