{"MessageId":"300ff862-5818-4228-b661-500eada0c090","MessageType":"ua-data","PublisherId":"DESKTOP-BGFJS91","DataSetWriterGroup":"<<UnknownWriterGroup>>","Messages":[{"SequenceNumber":67,"MetaDataVersion":{"MajorVersion":1},"Timestamp":"2024-04-27T10:46:16.8959719Z","MessageType":"ua-deltaframe","DataSetWriterName":"<<UnknownDataSet>>","Payload":{"i=2258":{"Value":"2024-04-27T10:46:16.895673Z","SourceTimestamp":"2024-04-27T10:45:09.8753779Z","ServerTimestamp":"2024-04-27T10:46:16.8956717Z"},"nsu=http://opcfoundation.org/UA/Plc/Applications;s=StepUp":{"Value":681,"SourceTimestamp":"2024-04-27T10:46:16.8172328Z","ServerTimestamp":"2024-04-27T10:46:16.8957086Z"},"nsu=http://opcfoundation.org/UA/Plc/Applications;s=AlternatingBoolean":{"Value":false,"SourceTimestamp":"2024-04-27T10:46:16.8172328Z","ServerTimestamp":"2024-04-27T10:46:16.8957159Z"},"nsu=http://opcfoundation.org/UA/Plc/Applications;s=RandomSignedInt32":{"Value":1221291349,"SourceTimestamp":"2024-04-27T10:46:16.8172503Z","ServerTimestamp":"2024-04-27T10:46:16.8957108Z"},"nsu=http://opcfoundation.org/UA/Plc/Applications;s=RandomUnsignedInt32":{"Value":4601218,"SourceTimestamp":"2024-04-27T10:46:16.8172442Z","ServerTimestamp":"2024-04-27T10:46:16.895707Z"},"nsu=http://opcfoundation.org/UA/Plc/Applications;s=DipData":{"Value":58.778525229247322,"SourceTimestamp":"2024-04-27T10:46:16.8172555Z","ServerTimestamp":"2024-04-27T10:46:16.8957153Z"},"nsu=http://opcfoundation.org/UA/Plc/Applications;s=FastUIntScalar1":{"Value":68,"SourceTimestamp":"2024-04-27T10:46:16.7111655Z","ServerTimestamp":"2024-04-27T10:46:16.8957148Z"},"nsu=http://opcfoundation.org/UA/Plc/Applications;s=FastUIntScalar2":{"Value":68,"SourceTimestamp":"2024-04-27T10:46:16.7111733Z","ServerTimestamp":"2024-04-27T10:46:16.8957093Z"},"nsu=http://opcfoundation.org/UA/Plc/Applications;s=FastUIntScalar3":{"Value":68,"SourceTimestamp":"2024-04-27T10:46:16.7111776Z","ServerTimestamp":"2024-04-27T10:46:16.8957181Z"},"nsu=http://opcfoundation.org/UA/Plc/Applications;s=FastRandomUIntScalar1":{"Value":3414688499,"SourceTimestamp":"2024-04-27T10:46:16.7111705Z","ServerTimestamp":"2024-04-27T10:46:16.895704Z"},"nsu=http://opcfoundation.org/UA/Plc/Applications;s=FastRandomUIntScalar2":{"Value":774599296,"SourceTimestamp":"2024-04-27T10:46:16.7111765Z","ServerTimestamp":"2024-04-27T10:46:16.8957059Z"},"nsu=http://opcfoundation.org/UA/Plc/Applications;s=FastRandomUIntScalar3":{"Value":2940906502,"SourceTimestamp":"2024-04-27T10:46:16.7111782Z","ServerTimestamp":"2024-04-27T10:46:16.8957213Z"},"nsu=http://opcfoundation.org/UA/Plc/Applications;s=NegativeTrendData":{"Value":99.400000000000006,"SourceTimestamp":"2024-04-27T10:46:16.8172553Z","ServerTimestamp":"2024-04-27T10:46:16.8957221Z"},"nsu=http://opcfoundation.org/UA/Plc/Applications;s=PositiveTrendData":{"Value":100.59999999999999,"SourceTimestamp":"2024-04-27T10:46:16.8172675Z","ServerTimestamp":"2024-04-27T10:46:16.8957078Z"},"nsu=http://opcfoundation.org/UA/Plc/Applications;s=SlowUIntScalar1":{"Value":6,"SourceTimestamp":"2024-04-27T10:46:08.7183736Z","ServerTimestamp":"2024-04-27T10:46:16.8957126Z"},"nsu=http://opcfoundation.org/UA/Plc/Applications;s=SlowUIntScalar2":{"Value":6,"SourceTimestamp":"2024-04-27T10:46:08.7183843Z","ServerTimestamp":"2024-04-27T10:46:16.89571Z"},"nsu=http://opcfoundation.org/UA/Plc/Applications;s=SlowUIntScalar3":{"Value":6,"SourceTimestamp":"2024-04-27T10:46:08.7183917Z","ServerTimestamp":"2024-04-27T10:46:16.8957204Z"},"nsu=http://opcfoundation.org/UA/Plc/Applications;s=BadSlowUIntScalar1":{"Value":6,"SourceTimestamp":"2024-04-27T10:46:08.7183951Z","ServerTimestamp":"2024-04-27T10:46:16.8957145Z"},"nsu=http://opcfoundation.org/UA/Plc/Applications;s=SlowRandomUIntScalar1":{"Value":923234766,"SourceTimestamp":"2024-04-27T10:46:08.7183814Z","ServerTimestamp":"2024-04-27T10:46:16.8957136Z"},"nsu=http://opcfoundation.org/UA/Plc/Applications;s=SlowRandomUIntScalar2":{"Value":2320335862,"SourceTimestamp":"2024-04-27T10:46:08.7183904Z","ServerTimestamp":"2024-04-27T10:46:16.8957172Z"},"nsu=http://opcfoundation.org/UA/Plc/Applications;s=SlowRandomUIntScalar3":{"Value":3138369478,"SourceTimestamp":"2024-04-27T10:46:08.718393Z","ServerTimestamp":"2024-04-27T10:46:16.895719Z"},"nsu=http://opcfoundation.org/UA/Plc/Applications;s=BadSlowRandomUIntScalar1":{"Value":2017834844,"SourceTimestamp":"2024-04-27T10:46:08.7183965Z","ServerTimestamp":"2024-04-27T10:46:16.8957116Z"},"nsu=http://opcfoundation.org/UA/Plc/Applications;s=SpikeData":{"Value":58.778525229247322,"SourceTimestamp":"2024-04-27T10:46:16.8172631Z","ServerTimestamp":"2024-04-27T10:46:16.8957052Z"},"ns=23;i=1259":{"Value":-0.42699999999999999,"SourceTimestamp":"2024-04-27T10:45:09.875411Z","ServerTimestamp":"2024-04-27T10:46:16.8956882Z"}}}]}