{"MessageId":"68ca2b87-0726-4f04-af54-a6278428fcf8","MessageType":"ua-data","PublisherId":"DESKTOP-BGFJS91","DataSetWriterGroup":"<<UnknownWriterGroup>>","Messages":[{"SequenceNumber":68,"MetaDataVersion":{"MajorVersion":1},"Timestamp":"2024-04-27T10:46:17.8990545Z","MessageType":"ua-deltaframe","DataSetWriterName":"<<UnknownDataSet>>","Payload":{"i=2258":{"Value":"2024-04-27T10:46:17.8987144Z","SourceTimestamp":"2024-04-27T10:45:09.8753779Z","ServerTimestamp":"2024-04-27T10:46:17.898713Z"},"nsu=http://opcfoundation.org/UA/Plc/Applications;s=StepUp":{"Value":691,"SourceTimestamp":"2024-04-27T10:46:17.8207507Z","ServerTimestamp":"2024-04-27T10:46:17.8987503Z"},"nsu=http://opcfoundation.org/UA/Plc/Applications;s=AlternatingBoolean":{"Value":false,"SourceTimestamp":"2024-04-27T10:46:17.8207506Z","ServerTimestamp":"2024-04-27T10:46:17.8987586Z"},"nsu=http://opcfoundation.org/UA/Plc/Applications;s=RandomSignedInt32":{"Value":-777928656,"SourceTimestamp":"2024-04-27T10:46:17.8207657Z","ServerTimestamp":"2024-04-27T10:46:17.8987527Z"},"nsu=http://opcfoundation.org/UA/Plc/Applications;s=RandomUnsignedInt32":{"Value":1141787263,"SourceTimestamp":"2024-04-27T10:46:17.8207634Z","ServerTimestamp":"2024-04-27T10:46:17.8987486Z"},"nsu=http://opcfoundation.org/UA/Plc/Applications;s=DipData":{"Value":95.10565162951535,"SourceTimestamp":"2024-04-27T10:46:17.8207713Z","ServerTimestamp":"2024-04-27T10:46:17.8987577Z"},"nsu=http://opcfoundation.org/UA/Plc/Applications;s=FastUIntScalar1":{"Value":69,"SourceTimestamp":"2024-04-27T10:46:17.7116587Z","ServerTimestamp":"2024-04-27T10:46:17.898757Z"},"nsu=http://opcfoundation.org/UA/Plc/Applications;s=FastUIntScalar2":{"Value":69,"SourceTimestamp":"2024-04-27T10:46:17.7116644Z","ServerTimestamp":"2024-04-27T10:46:17.8987512Z"},"nsu=http://opcfoundation.org/UA/Plc/Applications;s=FastUIntScalar3":{"Value":69,"SourceTimestamp":"2024-04-27T10:46:17.7116655Z","ServerTimestamp":"2024-04-27T10:46:17.8987604Z"},"nsu=http://opcfoundation.org/UA/Plc/Applications;s=FastRandomUIntScalar1":{"Value":630643287,"SourceTimestamp":"2024-04-27T10:46:17.7116743Z","ServerTimestamp":"2024-04-27T10:46:17.898746Z"},"nsu=http://opcfoundation.org/UA/Plc/Applications;s=FastRandomUIntScalar2":{"Value":2348432784,"SourceTimestamp":"2024-04-27T10:46:17.7116794Z","ServerTimestamp":"2024-04-27T10:46:17.8987477Z"},"nsu=http://opcfoundation.org/UA/Plc/Applications;s=FastRandomUIntScalar3":{"Value":4248929559,"SourceTimestamp":"2024-04-27T10:46:17.7116808Z","ServerTimestamp":"2024-04-27T10:46:17.8987629Z"},"nsu=http://opcfoundation.org/UA/Plc/Applications;s=NegativeTrendData":{"Value":99.400000000000006,"SourceTimestamp":"2024-04-27T10:46:17.8207714Z","ServerTimestamp":"2024-04-27T10:46:17.8987638Z"},"nsu=http://opcfoundation.org/UA/Plc/Applications;s=PositiveTrendData":{"Value":100.59999999999999,"SourceTimestamp":"2024-04-27T10:46:17.8207757Z","ServerTimestamp":"2024-04-27T10:46:17.8987496Z"},"nsu=http://opcfoundation.org/UA/Plc/Applications;s=SlowUIntScalar1":{"Value":6,"SourceTimestamp":"2024-04-27T10:46:08.7183736Z","ServerTimestamp":"2024-04-27T10:46:17.8987546Z"},"nsu=http://opcfoundation.org/UA/Plc/Applications;s=SlowUIntScalar2":{"Value":6,"SourceTimestamp":"2024-04-27T10:46:08.7183843Z","ServerTimestamp":"2024-04-27T10:46:17.8987519Z"},"nsu=http://opcfoundation.org/UA/Plc/Applications;s=SlowUIntScalar3":{"Value":6,"SourceTimestamp":"2024-04-27T10:46:08.7183917Z","ServerTimestamp":"2024-04-27T10:46:17.8987622Z"},"nsu=http://opcfoundation.org/UA/Plc/Applications;s=BadSlowUIntScalar1":{"Value":6,"SourceTimestamp":"2024-04-27T10:46:08.7183951Z","ServerTimestamp":"2024-04-27T10:46:17.8987566Z"},"nsu=http://opcfoundation.org/UA/Plc/Applications;s=SlowRandomUIntScalar1":{"Value":923234766,"SourceTimestamp":"2024-04-27T10:46:08.7183814Z","ServerTimestamp":"2024-04-27T10:46:17.8987557Z"},"nsu=http://opcfoundation.org/UA/Plc/Applications;s=SlowRandomUIntScalar2":{"Value":2320335862,"SourceTimestamp":"2024-04-27T10:46:08.7183904Z","ServerTimestamp":"2024-04-27T10:46:17.8987598Z"},"nsu=http://opcfoundation.org/UA/Plc/Applications;s=SlowRandomUIntScalar3":{"Value":3138369478,"SourceTimestamp":"2024-04-27T10:46:08.718393Z","ServerTimestamp":"2024-04-27T10:46:17.8987614Z"},"nsu=http://opcfoundation.org/UA/Plc/Applications;s=BadSlowRandomUIntScalar1":{"Value":2017834844,"SourceTimestamp":"2024-04-27T10:46:08.7183965Z","ServerTimestamp":"2024-04-27T10:46:17.8987536Z"},"nsu=http://opcfoundation.org/UA/Plc/Applications;s=SpikeData":{"Value":95.10565162951535,"SourceTimestamp":"2024-04-27T10:46:17.8207751Z","ServerTimestamp":"2024-04-27T10:46:17.898747Z"},"ns=23;i=1259":{"Value":-1.5,"SourceTimestamp":"2024-04-27T10:45:09.875411Z","ServerTimestamp":"2024-04-27T10:46:17.8987284Z"}}}]}