{"MessageId":"887bac15-e7b2-4aa7-ba58-ed3b08c9f457","MessageType":"ua-data","PublisherId":"DESKTOP-BGFJS91","DataSetWriterGroup":"<<UnknownWriterGroup>>","Messages":[{"SequenceNumber":7,"MetaDataVersion":{"MajorVersion":1},"Timestamp":"2024-04-27T10:45:16.9025281Z","MessageType":"ua-deltaframe","DataSetWriterName":"<<UnknownDataSet>>","Payload":{"i=2258":{"Value":"2024-04-27T10:45:16.9022407Z","SourceTimestamp":"2024-04-27T10:45:09.8753779Z","ServerTimestamp":"2024-04-27T10:45:16.9022395Z"},"nsu=http://opcfoundation.org/UA/Plc/Applications;s=StepUp":{"Value":81,"SourceTimestamp":"2024-04-27T10:45:16.8083778Z","ServerTimestamp":"2024-04-27T10:45:16.9022771Z"},"nsu=http://opcfoundation.org/UA/Plc/Applications;s=AlternatingBoolean":{"Value":false,"SourceTimestamp":"2024-04-27T10:45:16.8084192Z","ServerTimestamp":"2024-04-27T10:45:16.902285Z"},"nsu=http://opcfoundation.org/UA/Plc/Applications;s=RandomSignedInt32":{"Value":-1426563543,"SourceTimestamp":"2024-04-27T10:45:16.8084021Z","ServerTimestamp":"2024-04-27T10:45:16.9022794Z"},"nsu=http://opcfoundation.org/UA/Plc/Applications;s=RandomUnsignedInt32":{"Value":202926090,"SourceTimestamp":"2024-04-27T10:45:16.8084137Z","ServerTimestamp":"2024-04-27T10:45:16.9022744Z"},"nsu=http://opcfoundation.org/UA/Plc/Applications;s=DipData":{"Value":58.778525229247322,"SourceTimestamp":"2024-04-27T10:45:16.8084398Z","ServerTimestamp":"2024-04-27T10:45:16.9022841Z"},"nsu=http://opcfoundation.org/UA/Plc/Applications;s=FastUIntScalar1":{"Value":8,"SourceTimestamp":"2024-04-27T10:45:16.7162229Z","ServerTimestamp":"2024-04-27T10:45:16.9022836Z"},"nsu=http://opcfoundation.org/UA/Plc/Applications;s=FastUIntScalar2":{"Value":8,"SourceTimestamp":"2024-04-27T10:45:16.7162292Z","ServerTimestamp":"2024-04-27T10:45:16.9022779Z"},"nsu=http://opcfoundation.org/UA/Plc/Applications;s=FastUIntScalar3":{"Value":8,"SourceTimestamp":"2024-04-27T10:45:16.7162307Z","ServerTimestamp":"2024-04-27T10:45:16.902287Z"},"nsu=http://opcfoundation.org/UA/Plc/Applications;s=FastRandomUIntScalar1":{"Value":2562318569,"SourceTimestamp":"2024-04-27T10:45:16.7162173Z","ServerTimestamp":"2024-04-27T10:45:16.9022714Z"},"nsu=http://opcfoundation.org/UA/Plc/Applications;s=FastRandomUIntScalar2":{"Value":2439277756,"SourceTimestamp":"2024-04-27T10:45:16.716224Z","ServerTimestamp":"2024-04-27T10:45:16.9022735Z"},"nsu=http://opcfoundation.org/UA/Plc/Applications;s=FastRandomUIntScalar3":{"Value":3904059941,"SourceTimestamp":"2024-04-27T10:45:16.7162252Z","ServerTimestamp":"2024-04-27T10:45:16.9022896Z"},"nsu=http://opcfoundation.org/UA/Plc/Applications;s=NegativeTrendData":{"Value":100,"SourceTimestamp":"2024-04-27T10:45:16.8084189Z","ServerTimestamp":"2024-04-27T10:45:16.9022904Z"},"nsu=http://opcfoundation.org/UA/Plc/Applications;s=PositiveTrendData":{"Value":100,"SourceTimestamp":"2024-04-27T10:45:16.8084336Z","ServerTimestamp":"2024-04-27T10:45:16.9022763Z"},"nsu=http://opcfoundation.org/UA/Plc/Applications;s=SlowUIntScalar1":{"Value":0,"SourceTimestamp":"2024-04-27T10:45:08.7065716Z","ServerTimestamp":"2024-04-27T10:45:16.9022812Z"},"nsu=http://opcfoundation.org/UA/Plc/Applications;s=SlowUIntScalar2":{"Value":0,"SourceTimestamp":"2024-04-27T10:45:08.7065724Z","ServerTimestamp":"2024-04-27T10:45:16.9022787Z"},"nsu=http://opcfoundation.org/UA/Plc/Applications;s=SlowUIntScalar3":{"Value":0,"SourceTimestamp":"2024-04-27T10:45:08.7065739Z","ServerTimestamp":"2024-04-27T10:45:16.9022888Z"},"nsu=http://opcfoundation.org/UA/Plc/Applications;s=BadSlowUIntScalar1":{"Value":0,"SourceTimestamp":"2024-04-27T10:45:08.7065757Z","ServerTimestamp":"2024-04-27T10:45:16.9022832Z"},"nsu=http://opcfoundation.org/UA/Plc/Applications;s=SlowRandomUIntScalar1":{"Value":0,"SourceTimestamp":"2024-04-27T10:45:08.7065819Z","ServerTimestamp":"2024-04-27T10:45:16.9022823Z"},"nsu=http://opcfoundation.org/UA/Plc/Applications;s=SlowRandomUIntScalar2":{"Value":0,"SourceTimestamp":"2024-04-27T10:45:08.7065824Z","ServerTimestamp":"2024-04-27T10:45:16.9022862Z"},"nsu=http://opcfoundation.org/UA/Plc/Applications;s=SlowRandomUIntScalar3":{"Value":0,"SourceTimestamp":"2024-04-27T10:45:08.7065828Z","ServerTimestamp":"2024-04-27T10:45:16.9022881Z"},"nsu=http://opcfoundation.org/UA/Plc/Applications;s=BadSlowRandomUIntScalar1":{"Value":0,"SourceTimestamp":"2024-04-27T10:45:08.7065845Z","ServerTimestamp":"2024-04-27T10:45:16.9022803Z"},"nsu=http://opcfoundation.org/UA/Plc/Applications;s=SpikeData":{"Value":58.778525229247322,"SourceTimestamp":"2024-04-27T10:45:16.808449Z","ServerTimestamp":"2024-04-27T10:45:16.9022727Z"},"ns=23;i=1259":{"Value":0.39800000000000002,"SourceTimestamp":"2024-04-27T10:45:09.875411Z","ServerTimestamp":"2024-04-27T10:45:16.9022544Z"}}}]}