{"MessageId":"99e34b0a-4ca5-4a72-b6ae-77ea5e42f138","MessageType":"ua-data","PublisherId":"DESKTOP-BGFJS91","DataSetWriterGroup":"<<UnknownWriterGroup>>","Messages":[{"SequenceNumber":71,"MetaDataVersion":{"MajorVersion":1},"Timestamp":"2024-04-27T10:46:20.9010262Z","MessageType":"ua-deltaframe","DataSetWriterName":"<<UnknownDataSet>>","Payload":{"i=2258":{"Value":"2024-04-27T10:46:20.9007138Z","SourceTimestamp":"2024-04-27T10:45:09.8753779Z","ServerTimestamp":"2024-04-27T10:46:20.9007126Z"},"nsu=http://opcfoundation.org/UA/Plc/Applications;s=StepUp":{"Value":721,"SourceTimestamp":"2024-04-27T10:46:20.8068229Z","ServerTimestamp":"2024-04-27T10:46:20.9007496Z"},"nsu=http://opcfoundation.org/UA/Plc/Applications;s=AlternatingBoolean":{"Value":true,"SourceTimestamp":"2024-04-27T10:46:20.8068508Z","ServerTimestamp":"2024-04-27T10:46:20.9007581Z"},"nsu=http://opcfoundation.org/UA/Plc/Applications;s=RandomSignedInt32":{"Value":1736582652,"SourceTimestamp":"2024-04-27T10:46:20.8068614Z","ServerTimestamp":"2024-04-27T10:46:20.9007523Z"},"nsu=http://opcfoundation.org/UA/Plc/Applications;s=RandomUnsignedInt32":{"Value":926624842,"SourceTimestamp":"2024-04-27T10:46:20.8068596Z","ServerTimestamp":"2024-04-27T10:46:20.900748Z"},"nsu=http://opcfoundation.org/UA/Plc/Applications;s=DipData":{"Value":-58.778525229247336,"SourceTimestamp":"2024-04-27T10:46:20.8068668Z","ServerTimestamp":"2024-04-27T10:46:20.9007574Z"},"nsu=http://opcfoundation.org/UA/Plc/Applications;s=FastUIntScalar1":{"Value":72,"SourceTimestamp":"2024-04-27T10:46:20.7149205Z","ServerTimestamp":"2024-04-27T10:46:20.9007569Z"},"nsu=http://opcfoundation.org/UA/Plc/Applications;s=FastUIntScalar2":{"Value":72,"SourceTimestamp":"2024-04-27T10:46:20.7149249Z","ServerTimestamp":"2024-04-27T10:46:20.9007505Z"},"nsu=http://opcfoundation.org/UA/Plc/Applications;s=FastUIntScalar3":{"Value":72,"SourceTimestamp":"2024-04-27T10:46:20.7149261Z","ServerTimestamp":"2024-04-27T10:46:20.9007601Z"},"nsu=http://opcfoundation.org/UA/Plc/Applications;s=FastRandomUIntScalar1":{"Value":451097601,"SourceTimestamp":"2024-04-27T10:46:20.7149153Z","ServerTimestamp":"2024-04-27T10:46:20.900745Z"},"nsu=http://opcfoundation.org/UA/Plc/Applications;s=FastRandomUIntScalar2":{"Value":3118191795,"SourceTimestamp":"2024-04-27T10:46:20.7149202Z","ServerTimestamp":"2024-04-27T10:46:20.900747Z"},"nsu=http://opcfoundation.org/UA/Plc/Applications;s=FastRandomUIntScalar3":{"Value":602399323,"SourceTimestamp":"2024-04-27T10:46:20.7149215Z","ServerTimestamp":"2024-04-27T10:46:20.9007626Z"},"nsu=http://opcfoundation.org/UA/Plc/Applications;s=NegativeTrendData":{"Value":99.299999999999997,"SourceTimestamp":"2024-04-27T10:46:20.806867Z","ServerTimestamp":"2024-04-27T10:46:20.9007635Z"},"nsu=http://opcfoundation.org/UA/Plc/Applications;s=PositiveTrendData":{"Value":100.7,"SourceTimestamp":"2024-04-27T10:46:20.806867Z","ServerTimestamp":"2024-04-27T10:46:20.9007488Z"},"nsu=http://opcfoundation.org/UA/Plc/Applications;s=SlowUIntScalar1":{"Value":7,"SourceTimestamp":"2024-04-27T10:46:18.7164351Z","ServerTimestamp":"2024-04-27T10:46:20.9007545Z"},"nsu=http://opcfoundation.org/UA/Plc/Applications;s=SlowUIntScalar2":{"Value":7,"SourceTimestamp":"2024-04-27T10:46:18.7164455Z","ServerTimestamp":"2024-04-27T10:46:20.9007515Z"},"nsu=http://opcfoundation.org/UA/Plc/Applications;s=SlowUIntScalar3":{"Value":7,"SourceTimestamp":"2024-04-27T10:46:18.7164482Z","ServerTimestamp":"2024-04-27T10:46:20.9007619Z"},"nsu=http://opcfoundation.org/UA/Plc/Applications;s=BadSlowUIntScalar1":{"Value":7,"SourceTimestamp":"2024-04-27T10:46:18.7164508Z","ServerTimestamp":"2024-04-27T10:46:20.9007565Z"},"nsu=http://opcfoundation.org/UA/Plc/Applications;s=SlowRandomUIntScalar1":{"Value":2070831842,"SourceTimestamp":"2024-04-27T10:46:18.7164525Z","ServerTimestamp":"2024-04-27T10:46:20.9007556Z"},"nsu=http://opcfoundation.org/UA/Plc/Applications;s=SlowRandomUIntScalar2":{"Value":2399981692,"SourceTimestamp":"2024-04-27T10:46:18.7164612Z","ServerTimestamp":"2024-04-27T10:46:20.9007595Z"},"nsu=http://opcfoundation.org/UA/Plc/Applications;s=SlowRandomUIntScalar3":{"Value":1489768763,"SourceTimestamp":"2024-04-27T10:46:18.7164637Z","ServerTimestamp":"2024-04-27T10:46:20.9007611Z"},"nsu=http://opcfoundation.org/UA/Plc/Applications;s=BadSlowRandomUIntScalar1":{"Value":3702114660,"SourceTimestamp":"2024-04-27T10:46:18.7164665Z","ServerTimestamp":"2024-04-27T10:46:20.9007533Z"},"nsu=http://opcfoundation.org/UA/Plc/Applications;s=SpikeData":{"Value":-58.778525229247336,"SourceTimestamp":"2024-04-27T10:46:20.8068817Z","ServerTimestamp":"2024-04-27T10:46:20.9007462Z"},"ns=23;i=1259":{"Value":-0.48499999999999999,"SourceTimestamp":"2024-04-27T10:45:09.875411Z","ServerTimestamp":"2024-04-27T10:46:20.9007287Z"}}}]}