{"MessageId":"d94f9577-d2ec-4b64-90c5-4b6593ced544","MessageType":"ua-data","PublisherId":"DESKTOP-BGFJS91","DataSetWriterGroup":"<<UnknownWriterGroup>>","Messages":[{"SequenceNumber":72,"MetaDataVersion":{"MajorVersion":1},"Timestamp":"2024-04-27T10:46:21.892518Z","MessageType":"ua-deltaframe","DataSetWriterName":"<<UnknownDataSet>>","Payload":{"i=2258":{"Value":"2024-04-27T10:46:21.8922227Z","SourceTimestamp":"2024-04-27T10:45:09.8753779Z","ServerTimestamp":"2024-04-27T10:46:21.8922215Z"},"nsu=http://opcfoundation.org/UA/Plc/Applications;s=StepUp":{"Value":731,"SourceTimestamp":"2024-04-27T10:46:21.8138075Z","ServerTimestamp":"2024-04-27T10:46:21.8922583Z"},"nsu=http://opcfoundation.org/UA/Plc/Applications;s=AlternatingBoolean":{"Value":true,"SourceTimestamp":"2024-04-27T10:46:21.8138195Z","ServerTimestamp":"2024-04-27T10:46:21.8922666Z"},"nsu=http://opcfoundation.org/UA/Plc/Applications;s=RandomSignedInt32":{"Value":-392611138,"SourceTimestamp":"2024-04-27T10:46:21.8138319Z","ServerTimestamp":"2024-04-27T10:46:21.8922609Z"},"nsu=http://opcfoundation.org/UA/Plc/Applications;s=RandomUnsignedInt32":{"Value":45851861,"SourceTimestamp":"2024-04-27T10:46:21.8138509Z","ServerTimestamp":"2024-04-27T10:46:21.8922566Z"},"nsu=http://opcfoundation.org/UA/Plc/Applications;s=DipData":{"Value":58.778525229247322,"SourceTimestamp":"2024-04-27T10:46:21.8138471Z","ServerTimestamp":"2024-04-27T10:46:21.8922659Z"},"nsu=http://opcfoundation.org/UA/Plc/Applications;s=FastUIntScalar1":{"Value":73,"SourceTimestamp":"2024-04-27T10:46:21.7198318Z","ServerTimestamp":"2024-04-27T10:46:21.8922654Z"},"nsu=http://opcfoundation.org/UA/Plc/Applications;s=FastUIntScalar2":{"Value":73,"SourceTimestamp":"2024-04-27T10:46:21.7198377Z","ServerTimestamp":"2024-04-27T10:46:21.8922591Z"},"nsu=http://opcfoundation.org/UA/Plc/Applications;s=FastUIntScalar3":{"Value":73,"SourceTimestamp":"2024-04-27T10:46:21.7198392Z","ServerTimestamp":"2024-04-27T10:46:21.8922686Z"},"nsu=http://opcfoundation.org/UA/Plc/Applications;s=FastRandomUIntScalar1":{"Value":1322596161,"SourceTimestamp":"2024-04-27T10:46:21.7198416Z","ServerTimestamp":"2024-04-27T10:46:21.8922539Z"},"nsu=http://opcfoundation.org/UA/Plc/Applications;s=FastRandomUIntScalar2":{"Value":3743333010,"SourceTimestamp":"2024-04-27T10:46:21.7198432Z","ServerTimestamp":"2024-04-27T10:46:21.8922557Z"},"nsu=http://opcfoundation.org/UA/Plc/Applications;s=FastRandomUIntScalar3":{"Value":1613843294,"SourceTimestamp":"2024-04-27T10:46:21.7198442Z","ServerTimestamp":"2024-04-27T10:46:21.8922711Z"},"nsu=http://opcfoundation.org/UA/Plc/Applications;s=NegativeTrendData":{"Value":99.299999999999997,"SourceTimestamp":"2024-04-27T10:46:21.813844Z","ServerTimestamp":"2024-04-27T10:46:21.892272Z"},"nsu=http://opcfoundation.org/UA/Plc/Applications;s=PositiveTrendData":{"Value":100.7,"SourceTimestamp":"2024-04-27T10:46:21.8138484Z","ServerTimestamp":"2024-04-27T10:46:21.8922574Z"},"nsu=http://opcfoundation.org/UA/Plc/Applications;s=SlowUIntScalar1":{"Value":7,"SourceTimestamp":"2024-04-27T10:46:18.7164351Z","ServerTimestamp":"2024-04-27T10:46:21.8922631Z"},"nsu=http://opcfoundation.org/UA/Plc/Applications;s=SlowUIntScalar2":{"Value":7,"SourceTimestamp":"2024-04-27T10:46:18.7164455Z","ServerTimestamp":"2024-04-27T10:46:21.89226Z"},"nsu=http://opcfoundation.org/UA/Plc/Applications;s=SlowUIntScalar3":{"Value":7,"SourceTimestamp":"2024-04-27T10:46:18.7164482Z","ServerTimestamp":"2024-04-27T10:46:21.8922704Z"},"nsu=http://opcfoundation.org/UA/Plc/Applications;s=BadSlowUIntScalar1":{"Value":7,"SourceTimestamp":"2024-04-27T10:46:18.7164508Z","ServerTimestamp":"2024-04-27T10:46:21.892265Z"},"nsu=http://opcfoundation.org/UA/Plc/Applications;s=SlowRandomUIntScalar1":{"Value":2070831842,"SourceTimestamp":"2024-04-27T10:46:18.7164525Z","ServerTimestamp":"2024-04-27T10:46:21.8922641Z"},"nsu=http://opcfoundation.org/UA/Plc/Applications;s=SlowRandomUIntScalar2":{"Value":2399981692,"SourceTimestamp":"2024-04-27T10:46:18.7164612Z","ServerTimestamp":"2024-04-27T10:46:21.8922679Z"},"nsu=http://opcfoundation.org/UA/Plc/Applications;s=SlowRandomUIntScalar3":{"Value":1489768763,"SourceTimestamp":"2024-04-27T10:46:18.7164637Z","ServerTimestamp":"2024-04-27T10:46:21.8922696Z"},"nsu=http://opcfoundation.org/UA/Plc/Applications;s=BadSlowRandomUIntScalar1":{"Value":3702114660,"SourceTimestamp":"2024-04-27T10:46:18.7164665Z","ServerTimestamp":"2024-04-27T10:46:21.8922621Z"},"nsu=http://opcfoundation.org/UA/Plc/Applications;s=SpikeData":{"Value":58.778525229247322,"SourceTimestamp":"2024-04-27T10:46:21.8138543Z","ServerTimestamp":"2024-04-27T10:46:21.8922549Z"},"ns=23;i=1259":{"Value":0.499,"SourceTimestamp":"2024-04-27T10:45:09.875411Z","ServerTimestamp":"2024-04-27T10:46:21.8922367Z"}}}]}