{"MessageId":"b7baff16-8173-4f3c-9e63-a2f3d82a222a","MessageType":"ua-data","PublisherId":"DESKTOP-BGFJS91","DataSetWriterGroup":"<<UnknownWriterGroup>>","Messages":[{"SequenceNumber":83,"MetaDataVersion":{"MajorVersion":1},"Timestamp":"2024-04-27T10:46:32.8958922Z","MessageType":"ua-deltaframe","DataSetWriterName":"<<UnknownDataSet>>","Payload":{"i=2258":{"Value":"2024-04-27T10:46:32.8955912Z","SourceTimestamp":"2024-04-27T10:45:09.8753779Z","ServerTimestamp":"2024-04-27T10:46:32.89559Z"},"nsu=http://opcfoundation.org/UA/Plc/Applications;s=StepUp":{"Value":841,"SourceTimestamp":"2024-04-27T10:46:32.8180719Z","ServerTimestamp":"2024-04-27T10:46:32.8956299Z"},"nsu=http://opcfoundation.org/UA/Plc/Applications;s=AlternatingBoolean":{"Value":true,"SourceTimestamp":"2024-04-27T10:46:32.818077Z","ServerTimestamp":"2024-04-27T10:46:32.8956382Z"},"nsu=http://opcfoundation.org/UA/Plc/Applications;s=RandomSignedInt32":{"Value":-197726428,"SourceTimestamp":"2024-04-27T10:46:32.8180906Z","ServerTimestamp":"2024-04-27T10:46:32.8956324Z"},"nsu=http://opcfoundation.org/UA/Plc/Applications;s=RandomUnsignedInt32":{"Value":898476482,"SourceTimestamp":"2024-04-27T10:46:32.8181151Z","ServerTimestamp":"2024-04-27T10:46:32.8956284Z"},"nsu=http://opcfoundation.org/UA/Plc/Applications;s=DipData":{"Value":95.10565162951535,"SourceTimestamp":"2024-04-27T10:46:32.8181191Z","ServerTimestamp":"2024-04-27T10:46:32.8956376Z"},"nsu=http://opcfoundation.org/UA/Plc/Applications;s=FastUIntScalar1":{"Value":84,"SourceTimestamp":"2024-04-27T10:46:32.7101478Z","ServerTimestamp":"2024-04-27T10:46:32.8956371Z"},"nsu=http://opcfoundation.org/UA/Plc/Applications;s=FastUIntScalar2":{"Value":84,"SourceTimestamp":"2024-04-27T10:46:32.7101531Z","ServerTimestamp":"2024-04-27T10:46:32.8956309Z"},"nsu=http://opcfoundation.org/UA/Plc/Applications;s=FastUIntScalar3":{"Value":84,"SourceTimestamp":"2024-04-27T10:46:32.7101557Z","ServerTimestamp":"2024-04-27T10:46:32.8956403Z"},"nsu=http://opcfoundation.org/UA/Plc/Applications;s=FastRandomUIntScalar1":{"Value":2106449390,"SourceTimestamp":"2024-04-27T10:46:32.7101364Z","ServerTimestamp":"2024-04-27T10:46:32.8956256Z"},"nsu=http://opcfoundation.org/UA/Plc/Applications;s=FastRandomUIntScalar2":{"Value":2052997189,"SourceTimestamp":"2024-04-27T10:46:32.7101455Z","ServerTimestamp":"2024-04-27T10:46:32.8956275Z"},"nsu=http://opcfoundation.org/UA/Plc/Applications;s=FastRandomUIntScalar3":{"Value":308988799,"SourceTimestamp":"2024-04-27T10:46:32.710148Z","ServerTimestamp":"2024-04-27T10:46:32.8956429Z"},"nsu=http://opcfoundation.org/UA/Plc/Applications;s=NegativeTrendData":{"Value":99.099999999999994,"SourceTimestamp":"2024-04-27T10:46:32.8181168Z","ServerTimestamp":"2024-04-27T10:46:32.8956437Z"},"nsu=http://opcfoundation.org/UA/Plc/Applications;s=PositiveTrendData":{"Value":100.90000000000001,"SourceTimestamp":"2024-04-27T10:46:32.8181429Z","ServerTimestamp":"2024-04-27T10:46:32.8956292Z"},"nsu=http://opcfoundation.org/UA/Plc/Applications;s=SlowUIntScalar1":{"Value":8,"SourceTimestamp":"2024-04-27T10:46:28.7102939Z","ServerTimestamp":"2024-04-27T10:46:32.8956347Z"},"nsu=http://opcfoundation.org/UA/Plc/Applications;s=SlowUIntScalar2":{"Value":8,"SourceTimestamp":"2024-04-27T10:46:28.7103262Z","ServerTimestamp":"2024-04-27T10:46:32.8956315Z"},"nsu=http://opcfoundation.org/UA/Plc/Applications;s=SlowUIntScalar3":{"Value":8,"SourceTimestamp":"2024-04-27T10:46:28.7103297Z","ServerTimestamp":"2024-04-27T10:46:32.8956421Z"},"nsu=http://opcfoundation.org/UA/Plc/Applications;s=BadSlowUIntScalar1":{"Value":8,"StatusCode":{"Symbol":"UncertainLastUsableValue","Code":1083179008},"SourceTimestamp":"2024-04-27T10:46:28.7103327Z","ServerTimestamp":"2024-04-27T10:46:32.8956367Z"},"nsu=http://opcfoundation.org/UA/Plc/Applications;s=SlowRandomUIntScalar1":{"Value":2105107467,"SourceTimestamp":"2024-04-27T10:46:28.7102906Z","ServerTimestamp":"2024-04-27T10:46:32.8956358Z"},"nsu=http://opcfoundation.org/UA/Plc/Applications;s=SlowRandomUIntScalar2":{"Value":467969694,"SourceTimestamp":"2024-04-27T10:46:28.7102967Z","ServerTimestamp":"2024-04-27T10:46:32.8956397Z"},"nsu=http://opcfoundation.org/UA/Plc/Applications;s=SlowRandomUIntScalar3":{"Value":2031669898,"SourceTimestamp":"2024-04-27T10:46:28.7103437Z","ServerTimestamp":"2024-04-27T10:46:32.8956414Z"},"nsu=http://opcfoundation.org/UA/Plc/Applications;s=BadSlowRandomUIntScalar1":{"Value":619495355,"StatusCode":{"Symbol":"UncertainLastUsableValue","Code":1083179008},"SourceTimestamp":"2024-04-27T10:46:28.7103468Z","ServerTimestamp":"2024-04-27T10:46:32.8956333Z"},"nsu=http://opcfoundation.org/UA/Plc/Applications;s=SpikeData":{"Value":95.10565162951535,"SourceTimestamp":"2024-04-27T10:46:32.8181335Z","ServerTimestamp":"2024-04-27T10:46:32.8956266Z"},"ns=23;i=1259":{"Value":1.8800000000000001,"SourceTimestamp":"2024-04-27T10:45:09.875411Z","ServerTimestamp":"2024-04-27T10:46:32.8956078Z"}}}]}