{"MessageId":"9530e8c5-2948-4c9a-a9e8-6160d9223c7d","MessageType":"ua-data","PublisherId":"DESKTOP-BGFJS91","DataSetWriterGroup":"<<UnknownWriterGroup>>","Messages":[{"SequenceNumber":85,"MetaDataVersion":{"MajorVersion":1},"Timestamp":"2024-04-27T10:46:34.8982723Z","MessageType":"ua-deltaframe","DataSetWriterName":"<<UnknownDataSet>>","Payload":{"i=2258":{"Value":"2024-04-27T10:46:34.8979674Z","SourceTimestamp":"2024-04-27T10:45:09.8753779Z","ServerTimestamp":"2024-04-27T10:46:34.8979661Z"},"nsu=http://opcfoundation.org/UA/Plc/Applications;s=StepUp":{"Value":861,"SourceTimestamp":"2024-04-27T10:46:34.8181875Z","ServerTimestamp":"2024-04-27T10:46:34.898003Z"},"nsu=http://opcfoundation.org/UA/Plc/Applications;s=AlternatingBoolean":{"Value":false,"SourceTimestamp":"2024-04-27T10:46:34.8181999Z","ServerTimestamp":"2024-04-27T10:46:34.8980127Z"},"nsu=http://opcfoundation.org/UA/Plc/Applications;s=RandomSignedInt32":{"Value":-2061151548,"SourceTimestamp":"2024-04-27T10:46:34.8182098Z","ServerTimestamp":"2024-04-27T10:46:34.8980055Z"},"nsu=http://opcfoundation.org/UA/Plc/Applications;s=RandomUnsignedInt32":{"Value":493944930,"SourceTimestamp":"2024-04-27T10:46:34.8182139Z","ServerTimestamp":"2024-04-27T10:46:34.8980012Z"},"nsu=http://opcfoundation.org/UA/Plc/Applications;s=DipData":{"Value":-95.105651629515364,"SourceTimestamp":"2024-04-27T10:46:34.8182245Z","ServerTimestamp":"2024-04-27T10:46:34.898012Z"},"nsu=http://opcfoundation.org/UA/Plc/Applications;s=FastUIntScalar1":{"Value":86,"SourceTimestamp":"2024-04-27T10:46:34.7101672Z","ServerTimestamp":"2024-04-27T10:46:34.8980115Z"},"nsu=http://opcfoundation.org/UA/Plc/Applications;s=FastUIntScalar2":{"Value":86,"SourceTimestamp":"2024-04-27T10:46:34.7101737Z","ServerTimestamp":"2024-04-27T10:46:34.8980039Z"},"nsu=http://opcfoundation.org/UA/Plc/Applications;s=FastUIntScalar3":{"Value":86,"SourceTimestamp":"2024-04-27T10:46:34.7101775Z","ServerTimestamp":"2024-04-27T10:46:34.8980146Z"},"nsu=http://opcfoundation.org/UA/Plc/Applications;s=FastRandomUIntScalar1":{"Value":3139601024,"SourceTimestamp":"2024-04-27T10:46:34.7101676Z","ServerTimestamp":"2024-04-27T10:46:34.8979985Z"},"nsu=http://opcfoundation.org/UA/Plc/Applications;s=FastRandomUIntScalar2":{"Value":3849096837,"SourceTimestamp":"2024-04-27T10:46:34.7101767Z","ServerTimestamp":"2024-04-27T10:46:34.8980003Z"},"nsu=http://opcfoundation.org/UA/Plc/Applications;s=FastRandomUIntScalar3":{"Value":3688613891,"SourceTimestamp":"2024-04-27T10:46:34.7101783Z","ServerTimestamp":"2024-04-27T10:46:34.8980172Z"},"nsu=http://opcfoundation.org/UA/Plc/Applications;s=NegativeTrendData":{"Value":99,"SourceTimestamp":"2024-04-27T10:46:34.818228Z","ServerTimestamp":"2024-04-27T10:46:34.898018Z"},"nsu=http://opcfoundation.org/UA/Plc/Applications;s=PositiveTrendData":{"Value":101,"SourceTimestamp":"2024-04-27T10:46:34.8182464Z","ServerTimestamp":"2024-04-27T10:46:34.898002Z"},"nsu=http://opcfoundation.org/UA/Plc/Applications;s=SlowUIntScalar1":{"Value":8,"SourceTimestamp":"2024-04-27T10:46:28.7102939Z","ServerTimestamp":"2024-04-27T10:46:34.8980081Z"},"nsu=http://opcfoundation.org/UA/Plc/Applications;s=SlowUIntScalar2":{"Value":8,"SourceTimestamp":"2024-04-27T10:46:28.7103262Z","ServerTimestamp":"2024-04-27T10:46:34.8980047Z"},"nsu=http://opcfoundation.org/UA/Plc/Applications;s=SlowUIntScalar3":{"Value":8,"SourceTimestamp":"2024-04-27T10:46:28.7103297Z","ServerTimestamp":"2024-04-27T10:46:34.8980164Z"},"nsu=http://opcfoundation.org/UA/Plc/Applications;s=BadSlowUIntScalar1":{"Value":8,"StatusCode":{"Symbol":"UncertainLastUsableValue","Code":1083179008},"SourceTimestamp":"2024-04-27T10:46:28.7103327Z","ServerTimestamp":"2024-04-27T10:46:34.8980111Z"},"nsu=http://opcfoundation.org/UA/Plc/Applications;s=SlowRandomUIntScalar1":{"Value":2105107467,"SourceTimestamp":"2024-04-27T10:46:28.7102906Z","ServerTimestamp":"2024-04-27T10:46:34.89801Z"},"nsu=http://opcfoundation.org/UA/Plc/Applications;s=SlowRandomUIntScalar2":{"Value":467969694,"SourceTimestamp":"2024-04-27T10:46:28.7102967Z","ServerTimestamp":"2024-04-27T10:46:34.898014Z"},"nsu=http://opcfoundation.org/UA/Plc/Applications;s=SlowRandomUIntScalar3":{"Value":2031669898,"SourceTimestamp":"2024-04-27T10:46:28.7103437Z","ServerTimestamp":"2024-04-27T10:46:34.8980157Z"},"nsu=http://opcfoundation.org/UA/Plc/Applications;s=BadSlowRandomUIntScalar1":{"Value":619495355,"StatusCode":{"Symbol":"UncertainLastUsableValue","Code":1083179008},"SourceTimestamp":"2024-04-27T10:46:28.7103468Z","ServerTimestamp":"2024-04-27T10:46:34.8980066Z"},"nsu=http://opcfoundation.org/UA/Plc/Applications;s=SpikeData":{"Value":-95.105651629515364,"SourceTimestamp":"2024-04-27T10:46:34.8182298Z","ServerTimestamp":"2024-04-27T10:46:34.8979994Z"},"ns=23;i=1259":{"Value":1.9100000000000001,"SourceTimestamp":"2024-04-27T10:45:09.875411Z","ServerTimestamp":"2024-04-27T10:46:34.8979818Z"}}}]}