{"MessageId":"35f3a226-82a7-4a22-b225-6d7f29f34079","MessageType":"ua-data","PublisherId":"DESKTOP-BGFJS91","DataSetWriterGroup":"<<UnknownWriterGroup>>","Messages":[{"SequenceNumber":87,"MetaDataVersion":{"MajorVersion":1},"Timestamp":"2024-04-27T10:46:36.8935962Z","MessageType":"ua-deltaframe","DataSetWriterName":"<<UnknownDataSet>>","Payload":{"i=2258":{"Value":"2024-04-27T10:46:36.8932988Z","SourceTimestamp":"2024-04-27T10:45:09.8753779Z","ServerTimestamp":"2024-04-27T10:46:36.8932977Z"},"nsu=http://opcfoundation.org/UA/Plc/Applications;s=StepUp":{"Value":881,"SourceTimestamp":"2024-04-27T10:46:36.8149849Z","ServerTimestamp":"2024-04-27T10:46:36.8933338Z"},"nsu=http://opcfoundation.org/UA/Plc/Applications;s=AlternatingBoolean":{"Value":false,"SourceTimestamp":"2024-04-27T10:46:36.8149937Z","ServerTimestamp":"2024-04-27T10:46:36.8933426Z"},"nsu=http://opcfoundation.org/UA/Plc/Applications;s=RandomSignedInt32":{"Value":-781254737,"SourceTimestamp":"2024-04-27T10:46:36.8150013Z","ServerTimestamp":"2024-04-27T10:46:36.8933365Z"},"nsu=http://opcfoundation.org/UA/Plc/Applications;s=RandomUnsignedInt32":{"Value":1572043158,"SourceTimestamp":"2024-04-27T10:46:36.814998Z","ServerTimestamp":"2024-04-27T10:46:36.8933321Z"},"nsu=http://opcfoundation.org/UA/Plc/Applications;s=DipData":{"Value":58.778525229247322,"SourceTimestamp":"2024-04-27T10:46:36.8150131Z","ServerTimestamp":"2024-04-27T10:46:36.8933417Z"},"nsu=http://opcfoundation.org/UA/Plc/Applications;s=FastUIntScalar1":{"Value":88,"SourceTimestamp":"2024-04-27T10:46:36.7208042Z","ServerTimestamp":"2024-04-27T10:46:36.8933413Z"},"nsu=http://opcfoundation.org/UA/Plc/Applications;s=FastUIntScalar2":{"Value":88,"SourceTimestamp":"2024-04-27T10:46:36.7208124Z","ServerTimestamp":"2024-04-27T10:46:36.8933346Z"},"nsu=http://opcfoundation.org/UA/Plc/Applications;s=FastUIntScalar3":{"Value":88,"SourceTimestamp":"2024-04-27T10:46:36.7208145Z","ServerTimestamp":"2024-04-27T10:46:36.8933448Z"},"nsu=http://opcfoundation.org/UA/Plc/Applications;s=FastRandomUIntScalar1":{"Value":4293451715,"SourceTimestamp":"2024-04-27T10:46:36.7208209Z","ServerTimestamp":"2024-04-27T10:46:36.8933294Z"},"nsu=http://opcfoundation.org/UA/Plc/Applications;s=FastRandomUIntScalar2":{"Value":484928972,"SourceTimestamp":"2024-04-27T10:46:36.7208231Z","ServerTimestamp":"2024-04-27T10:46:36.8933312Z"},"nsu=http://opcfoundation.org/UA/Plc/Applications;s=FastRandomUIntScalar3":{"Value":2693596161,"SourceTimestamp":"2024-04-27T10:46:36.7208243Z","ServerTimestamp":"2024-04-27T10:46:36.8933474Z"},"nsu=http://opcfoundation.org/UA/Plc/Applications;s=NegativeTrendData":{"Value":99,"SourceTimestamp":"2024-04-27T10:46:36.8150126Z","ServerTimestamp":"2024-04-27T10:46:36.8933482Z"},"nsu=http://opcfoundation.org/UA/Plc/Applications;s=PositiveTrendData":{"Value":101,"SourceTimestamp":"2024-04-27T10:46:36.8150289Z","ServerTimestamp":"2024-04-27T10:46:36.893333Z"},"nsu=http://opcfoundation.org/UA/Plc/Applications;s=SlowUIntScalar1":{"Value":8,"SourceTimestamp":"2024-04-27T10:46:28.7102939Z","ServerTimestamp":"2024-04-27T10:46:36.8933388Z"},"nsu=http://opcfoundation.org/UA/Plc/Applications;s=SlowUIntScalar2":{"Value":8,"SourceTimestamp":"2024-04-27T10:46:28.7103262Z","ServerTimestamp":"2024-04-27T10:46:36.8933357Z"},"nsu=http://opcfoundation.org/UA/Plc/Applications;s=SlowUIntScalar3":{"Value":8,"SourceTimestamp":"2024-04-27T10:46:28.7103297Z","ServerTimestamp":"2024-04-27T10:46:36.8933466Z"},"nsu=http://opcfoundation.org/UA/Plc/Applications;s=BadSlowUIntScalar1":{"Value":8,"StatusCode":{"Symbol":"UncertainLastUsableValue","Code":1083179008},"SourceTimestamp":"2024-04-27T10:46:28.7103327Z","ServerTimestamp":"2024-04-27T10:46:36.8933409Z"},"nsu=http://opcfoundation.org/UA/Plc/Applications;s=SlowRandomUIntScalar1":{"Value":2105107467,"SourceTimestamp":"2024-04-27T10:46:28.7102906Z","ServerTimestamp":"2024-04-27T10:46:36.8933399Z"},"nsu=http://opcfoundation.org/UA/Plc/Applications;s=SlowRandomUIntScalar2":{"Value":467969694,"SourceTimestamp":"2024-04-27T10:46:28.7102967Z","ServerTimestamp":"2024-04-27T10:46:36.8933438Z"},"nsu=http://opcfoundation.org/UA/Plc/Applications;s=SlowRandomUIntScalar3":{"Value":2031669898,"SourceTimestamp":"2024-04-27T10:46:28.7103437Z","ServerTimestamp":"2024-04-27T10:46:36.8933458Z"},"nsu=http://opcfoundation.org/UA/Plc/Applications;s=BadSlowRandomUIntScalar1":{"Value":619495355,"StatusCode":{"Symbol":"UncertainLastUsableValue","Code":1083179008},"SourceTimestamp":"2024-04-27T10:46:28.7103468Z","ServerTimestamp":"2024-04-27T10:46:36.8933374Z"},"nsu=http://opcfoundation.org/UA/Plc/Applications;s=SpikeData":{"Value":1000,"SourceTimestamp":"2024-04-27T10:46:36.8150141Z","ServerTimestamp":"2024-04-27T10:46:36.8933304Z"},"ns=23;i=1259":{"Value":-1.8800000000000001,"SourceTimestamp":"2024-04-27T10:45:09.875411Z","ServerTimestamp":"2024-04-27T10:46:36.8933137Z"}}}]}