{"MessageId":"3238f77b-7192-4ab8-9a86-a810cc231978","MessageType":"ua-data","PublisherId":"DESKTOP-BGFJS91","DataSetWriterGroup":"<<UnknownWriterGroup>>","Messages":[{"SequenceNumber":93,"MetaDataVersion":{"MajorVersion":1},"Timestamp":"2024-04-27T10:46:42.9009562Z","MessageType":"ua-deltaframe","DataSetWriterName":"<<UnknownDataSet>>","Payload":{"i=2258":{"Value":"2024-04-27T10:46:42.9006846Z","SourceTimestamp":"2024-04-27T10:45:09.8753779Z","ServerTimestamp":"2024-04-27T10:46:42.9006836Z"},"nsu=http://opcfoundation.org/UA/Plc/Applications;s=StepUp":{"Value":941,"SourceTimestamp":"2024-04-27T10:46:42.8219671Z","ServerTimestamp":"2024-04-27T10:46:42.9007199Z"},"nsu=http://opcfoundation.org/UA/Plc/Applications;s=AlternatingBoolean":{"Value":true,"SourceTimestamp":"2024-04-27T10:46:42.8219737Z","ServerTimestamp":"2024-04-27T10:46:42.9007274Z"},"nsu=http://opcfoundation.org/UA/Plc/Applications;s=RandomSignedInt32":{"Value":1704188183,"SourceTimestamp":"2024-04-27T10:46:42.8219866Z","ServerTimestamp":"2024-04-27T10:46:42.9007221Z"},"nsu=http://opcfoundation.org/UA/Plc/Applications;s=RandomUnsignedInt32":{"Value":234541748,"SourceTimestamp":"2024-04-27T10:46:42.8219812Z","ServerTimestamp":"2024-04-27T10:46:42.9007184Z"},"nsu=http://opcfoundation.org/UA/Plc/Applications;s=DipData":{"Value":95.10565162951535,"SourceTimestamp":"2024-04-27T10:46:42.8219895Z","ServerTimestamp":"2024-04-27T10:46:42.9007267Z"},"nsu=http://opcfoundation.org/UA/Plc/Applications;s=FastUIntScalar1":{"Value":94,"SourceTimestamp":"2024-04-27T10:46:42.7120086Z","ServerTimestamp":"2024-04-27T10:46:42.9007263Z"},"nsu=http://opcfoundation.org/UA/Plc/Applications;s=FastUIntScalar2":{"Value":94,"SourceTimestamp":"2024-04-27T10:46:42.7120148Z","ServerTimestamp":"2024-04-27T10:46:42.9007207Z"},"nsu=http://opcfoundation.org/UA/Plc/Applications;s=FastUIntScalar3":{"Value":94,"SourceTimestamp":"2024-04-27T10:46:42.7120181Z","ServerTimestamp":"2024-04-27T10:46:42.9007292Z"},"nsu=http://opcfoundation.org/UA/Plc/Applications;s=FastRandomUIntScalar1":{"Value":1489056574,"SourceTimestamp":"2024-04-27T10:46:42.7120092Z","ServerTimestamp":"2024-04-27T10:46:42.900715Z"},"nsu=http://opcfoundation.org/UA/Plc/Applications;s=FastRandomUIntScalar2":{"Value":997520752,"SourceTimestamp":"2024-04-27T10:46:42.7120169Z","ServerTimestamp":"2024-04-27T10:46:42.9007175Z"},"nsu=http://opcfoundation.org/UA/Plc/Applications;s=FastRandomUIntScalar3":{"Value":1265925520,"SourceTimestamp":"2024-04-27T10:46:42.7120187Z","ServerTimestamp":"2024-04-27T10:46:42.9007316Z"},"nsu=http://opcfoundation.org/UA/Plc/Applications;s=NegativeTrendData":{"Value":98.900000000000006,"SourceTimestamp":"2024-04-27T10:46:42.8219943Z","ServerTimestamp":"2024-04-27T10:46:42.9007323Z"},"nsu=http://opcfoundation.org/UA/Plc/Applications;s=PositiveTrendData":{"Value":101.09999999999999,"SourceTimestamp":"2024-04-27T10:46:42.8219943Z","ServerTimestamp":"2024-04-27T10:46:42.9007191Z"},"nsu=http://opcfoundation.org/UA/Plc/Applications;s=SlowUIntScalar1":{"Value":9,"SourceTimestamp":"2024-04-27T10:46:38.7137797Z","ServerTimestamp":"2024-04-27T10:46:42.9007241Z"},"nsu=http://opcfoundation.org/UA/Plc/Applications;s=SlowUIntScalar2":{"Value":9,"SourceTimestamp":"2024-04-27T10:46:38.7137905Z","ServerTimestamp":"2024-04-27T10:46:42.9007214Z"},"nsu=http://opcfoundation.org/UA/Plc/Applications;s=SlowUIntScalar3":{"Value":9,"SourceTimestamp":"2024-04-27T10:46:38.7138004Z","ServerTimestamp":"2024-04-27T10:46:42.9007308Z"},"nsu=http://opcfoundation.org/UA/Plc/Applications;s=BadSlowUIntScalar1":{"Value":null,"StatusCode":{"Symbol":"BadDataLost","Code":2157772800},"SourceTimestamp":"2024-04-27T10:46:38.7138051Z","ServerTimestamp":"2024-04-27T10:46:42.9007259Z"},"nsu=http://opcfoundation.org/UA/Plc/Applications;s=SlowRandomUIntScalar1":{"Value":134254398,"SourceTimestamp":"2024-04-27T10:46:38.7137846Z","ServerTimestamp":"2024-04-27T10:46:42.9007251Z"},"nsu=http://opcfoundation.org/UA/Plc/Applications;s=SlowRandomUIntScalar2":{"Value":1274536252,"SourceTimestamp":"2024-04-27T10:46:38.7137985Z","ServerTimestamp":"2024-04-27T10:46:42.9007286Z"},"nsu=http://opcfoundation.org/UA/Plc/Applications;s=SlowRandomUIntScalar3":{"Value":3062748021,"SourceTimestamp":"2024-04-27T10:46:38.7138024Z","ServerTimestamp":"2024-04-27T10:46:42.9007301Z"},"nsu=http://opcfoundation.org/UA/Plc/Applications;s=BadSlowRandomUIntScalar1":{"Value":null,"StatusCode":{"Symbol":"BadDataLost","Code":2157772800},"SourceTimestamp":"2024-04-27T10:46:38.7138057Z","ServerTimestamp":"2024-04-27T10:46:42.9007229Z"},"nsu=http://opcfoundation.org/UA/Plc/Applications;s=SpikeData":{"Value":95.10565162951535,"SourceTimestamp":"2024-04-27T10:46:42.8219951Z","ServerTimestamp":"2024-04-27T10:46:42.9007168Z"},"ns=23;i=1259":{"Value":0.047,"SourceTimestamp":"2024-04-27T10:45:09.875411Z","ServerTimestamp":"2024-04-27T10:46:42.900699Z"}}}]}