{"NodeId":"i=2255","EndpointUrl":"opc.tcp://localhost:61457/UA/SampleServer","DisplayName":"i=2255","Value":{"Value":["http://opcfoundation.org/UA/","urn:desktop-bgfjs91:OPCFoundation:CoreSampleServer","http://test.org/UA/Data/","http://test.org/UA/Data//Instance","http://opcfoundation.org/UA/Boiler//Instance","urn:localhost:somecompany.com:VehiclesServer","http://opcfoundation.org/UA/Vehicles/Types","http://opcfoundation.org/UA/Vehicles/Instances","http://opcfoundation.org/ReferenceApplications","http://opcfoundation.org/HistoricalEvents","http://opcfoundation.org/HistoricalAccess","http://opcfoundation.org/UA/Views","http://opcfoundation.org/UA/Engineering","http://opcfoundation.org/UA/Operations","DataAccess","http://opcfoundation.org/AlarmCondition","http://opcfoundation.org/SimpleEvents","http://opcfoundation.org/UA/Plc/Applications","http://opcfoundation.org/UA/Plc","http://opcfoundation.org/UA/Plc/PlcInstance","http://opcfoundation.org/UA/Diagnostics","http://samples.org/UA/memorybuffer","http://samples.org/UA/memorybuffer/Instance","http://opcfoundation.org/UA/Boiler/"],"SourceTimestamp":"2024-04-27T08:56:54.1469783Z"}}