[{"SequenceNumber":102,"MetaDataVersion":{"MajorVersion":1},"Timestamp":"2024-04-27T15:51:11.8146268Z","MessageType":"ua-condition","DataSetWriterName":"<<UnknownDataSet>>|PendingAlarms","Payload":{"ConditionClassId":{"Value":{"Body":null},"SourceTimestamp":"2024-04-27T15:51:11.0512152Z"},"ConditionClassName":{"Value":{"Body":null},"SourceTimestamp":"2024-04-27T15:51:11.0512152Z"},"ConditionSubClassId":{"Value":{"Body":null},"SourceTimestamp":"2024-04-27T15:51:11.0512152Z"},"ConditionSubClassName":{"Value":{"Body":null},"SourceTimestamp":"2024-04-27T15:51:11.0512152Z"},"EventId":{"Value":{"Type":15,"Body":"CXYsfJZec0OMQKghA8ok6A=="},"SourceTimestamp":"2024-04-27T15:51:11.0512152Z"},"EventType":{"Value":{"Type":17,"Body":{"Id":9764}},"SourceTimestamp":"2024-04-27T15:51:11.0512152Z"},"LocalTime":{"Value":{"Type":22,"Body":{"TypeId":{"Id":15086},"Body":{"Offset":120,"DaylightSavingInOffset":true}}},"SourceTimestamp":"2024-04-27T15:51:11.0512152Z"},"Message":{"Value":{"Type":21,"Body":{"Text":"The alarm severity has increased."}},"SourceTimestamp":"2024-04-27T15:51:11.0512152Z"},"ReceiveTime":{"Value":{"Type":13,"Body":"2024-04-27T15:51:10.2144874Z"},"SourceTimestamp":"2024-04-27T15:51:11.0512152Z"},"Severity":{"Value":{"Type":5,"Body":900},"SourceTimestamp":"2024-04-27T15:51:11.0512152Z"},"SourceName":{"Value":{"Type":12,"Body":"WestTank"},"SourceTimestamp":"2024-04-27T15:51:11.0512152Z"},"SourceNode":{"Value":{"Type":17,"Body":{"IdType":1,"Id":"1:Metals/WestTank","Namespace":15}},"SourceTimestamp":"2024-04-27T15:51:11.0512152Z"},"Time":{"Value":{"Type":13,"Body":"2024-04-27T15:51:10.2144841Z"},"SourceTimestamp":"2024-04-27T15:51:11.0512152Z"}}}]