[{"SequenceNumber":107,"MetaDataVersion":{"MajorVersion":1},"Timestamp":"2024-04-27T15:51:21.8838348Z","MessageType":"ua-condition","DataSetWriterName":"<<UnknownDataSet>>|PendingAlarms","Payload":{"ConditionClassId":{"Value":{"Body":null},"SourceTimestamp":"2024-04-27T15:51:21.0198554Z"},"ConditionClassName":{"Value":{"Body":null},"SourceTimestamp":"2024-04-27T15:51:21.0198554Z"},"ConditionSubClassId":{"Value":{"Body":null},"SourceTimestamp":"2024-04-27T15:51:21.0198554Z"},"ConditionSubClassName":{"Value":{"Body":null},"SourceTimestamp":"2024-04-27T15:51:21.0198554Z"},"EventId":{"Value":{"Type":15,"Body":"Z45sSdxvr0qo8T3hUl623w=="},"SourceTimestamp":"2024-04-27T15:51:21.0198554Z"},"EventType":{"Value":{"Type":17,"Body":{"Id":10060}},"SourceTimestamp":"2024-04-27T15:51:21.0198554Z"},"LocalTime":{"Value":{"Type":22,"Body":{"TypeId":{"Id":15086},"Body":{"Offset":120,"DaylightSavingInOffset":true}}},"SourceTimestamp":"2024-04-27T15:51:21.0198554Z"},"Message":{"Value":{"Type":21,"Body":{"Text":"The alarm severity has increased."}},"SourceTimestamp":"2024-04-27T15:51:21.0198554Z"},"ReceiveTime":{"Value":{"Type":13,"Body":"2024-04-27T15:51:20.2055963Z"},"SourceTimestamp":"2024-04-27T15:51:21.0198554Z"},"Severity":{"Value":{"Type":5,"Body":900},"SourceTimestamp":"2024-04-27T15:51:21.0198554Z"},"SourceName":{"Value":{"Type":12,"Body":"WestTank"},"SourceTimestamp":"2024-04-27T15:51:21.0198554Z"},"SourceNode":{"Value":{"Type":17,"Body":{"IdType":1,"Id":"1:Metals/WestTank","Namespace":15}},"SourceTimestamp":"2024-04-27T15:51:21.0198554Z"},"Time":{"Value":{"Type":13,"Body":"2024-04-27T15:51:20.2054702Z"},"SourceTimestamp":"2024-04-27T15:51:21.0198554Z"}}}]