[{"SequenceNumber":113,"MetaDataVersion":{"MajorVersion":1},"Timestamp":"2024-04-27T15:51:21.8845642Z","MessageType":"ua-condition","DataSetWriterName":"<<UnknownDataSet>>|PendingAlarms","Payload":{"ConditionClassId":{"Value":{"Body":null},"SourceTimestamp":"2024-04-27T15:51:19.0313159Z"},"ConditionClassName":{"Value":{"Body":null},"SourceTimestamp":"2024-04-27T15:51:19.0313159Z"},"ConditionSubClassId":{"Value":{"Body":null},"SourceTimestamp":"2024-04-27T15:51:19.0313159Z"},"ConditionSubClassName":{"Value":{"Body":null},"SourceTimestamp":"2024-04-27T15:51:19.0313159Z"},"EventId":{"Value":{"Type":15,"Body":"P7b7zilGZkqqwLhb7adOWw=="},"SourceTimestamp":"2024-04-27T15:51:19.0313159Z"},"EventType":{"Value":{"Type":17,"Body":{"Id":10751}},"SourceTimestamp":"2024-04-27T15:51:19.0313159Z"},"LocalTime":{"Value":{"Type":22,"Body":{"TypeId":{"Id":15086},"Body":{"Offset":120,"DaylightSavingInOffset":true}}},"SourceTimestamp":"2024-04-27T15:51:19.0313159Z"},"Message":{"Value":{"Type":21,"Body":{"Text":"The alarm is active."}},"SourceTimestamp":"2024-04-27T15:51:19.0313159Z"},"ReceiveTime":{"Value":{"Type":13,"Body":"2024-04-27T15:51:18.2162275Z"},"SourceTimestamp":"2024-04-27T15:51:19.0313159Z"},"Severity":{"Value":{"Type":5,"Body":100},"SourceTimestamp":"2024-04-27T15:51:19.0313159Z"},"SourceName":{"Value":{"Type":12,"Body":"SouthMotor"},"SourceTimestamp":"2024-04-27T15:51:19.0313159Z"},"SourceNode":{"Value":{"Type":17,"Body":{"IdType":1,"Id":"1:Metals/SouthMotor","Namespace":15}},"SourceTimestamp":"2024-04-27T15:51:19.0313159Z"},"Time":{"Value":{"Type":13,"Body":"2024-04-27T15:51:18.2162243Z"},"SourceTimestamp":"2024-04-27T15:51:19.0313159Z"}}}]