[{"SequenceNumber":17,"MetaDataVersion":{"MajorVersion":1},"Timestamp":"2024-04-27T15:49:51.2274711Z","MessageType":"ua-condition","DataSetWriterName":"<<UnknownDataSet>>|PendingAlarms","Payload":{"ConditionClassId":{"Value":{"Body":null},"SourceTimestamp":"2024-04-27T15:49:51.0706547Z"},"ConditionClassName":{"Value":{"Body":null},"SourceTimestamp":"2024-04-27T15:49:51.0706547Z"},"ConditionSubClassId":{"Value":{"Body":null},"SourceTimestamp":"2024-04-27T15:49:51.0706547Z"},"ConditionSubClassName":{"Value":{"Body":null},"SourceTimestamp":"2024-04-27T15:49:51.0706547Z"},"EventId":{"Value":{"Type":15,"Body":"0Fn4UAQB2UOYbj/46t92HA=="},"SourceTimestamp":"2024-04-27T15:49:51.0706547Z"},"EventType":{"Value":{"Type":17,"Body":{"Id":10060}},"SourceTimestamp":"2024-04-27T15:49:51.0706547Z"},"LocalTime":{"Value":{"Type":22,"Body":{"TypeId":{"Id":15086},"Body":{"Offset":120,"DaylightSavingInOffset":true}}},"SourceTimestamp":"2024-04-27T15:49:51.0706547Z"},"Message":{"Value":{"Type":21,"Body":{"Text":"The alarm severity has increased."}},"SourceTimestamp":"2024-04-27T15:49:51.0706547Z"},"ReceiveTime":{"Value":{"Type":13,"Body":"2024-04-27T15:49:50.206307Z"},"SourceTimestamp":"2024-04-27T15:49:51.0706547Z"},"Severity":{"Value":{"Type":5,"Body":500},"SourceTimestamp":"2024-04-27T15:49:51.0706547Z"},"SourceName":{"Value":{"Type":12,"Body":"NorthMotor"},"SourceTimestamp":"2024-04-27T15:49:51.0706547Z"},"SourceNode":{"Value":{"Type":17,"Body":{"IdType":1,"Id":"1:Colours/NorthMotor","Namespace":15}},"SourceTimestamp":"2024-04-27T15:49:51.0706547Z"},"Time":{"Value":{"Type":13,"Body":"2024-04-27T15:49:50.206299Z"},"SourceTimestamp":"2024-04-27T15:49:51.0706547Z"}}}]