[{"SequenceNumber":2,"MetaDataVersion":{"MajorVersion":1},"Timestamp":"2024-04-27T15:49:41.1582218Z","MessageType":"ua-condition","DataSetWriterName":"<<UnknownDataSet>>|PendingAlarms","Payload":{"ConditionClassId":{"Value":{"Body":null},"SourceTimestamp":"2024-04-27T15:49:39.0480669Z"},"ConditionClassName":{"Value":{"Body":null},"SourceTimestamp":"2024-04-27T15:49:39.0480669Z"},"ConditionSubClassId":{"Value":{"Body":null},"SourceTimestamp":"2024-04-27T15:49:39.0480669Z"},"ConditionSubClassName":{"Value":{"Body":null},"SourceTimestamp":"2024-04-27T15:49:39.0480669Z"},"EventId":{"Value":{"Type":15,"Body":"uVRabK70ckOsE1f2/dYawg=="},"SourceTimestamp":"2024-04-27T15:49:39.0480669Z"},"EventType":{"Value":{"Type":17,"Body":{"Id":10751}},"SourceTimestamp":"2024-04-27T15:49:39.0480669Z"},"LocalTime":{"Value":{"Type":22,"Body":{"TypeId":{"Id":15086},"Body":{"Offset":120,"DaylightSavingInOffset":true}}},"SourceTimestamp":"2024-04-27T15:49:39.0480669Z"},"Message":{"Value":{"Type":21,"Body":{"Text":"The alarm severity has increased."}},"SourceTimestamp":"2024-04-27T15:49:39.0480669Z"},"ReceiveTime":{"Value":{"Type":13,"Body":"2024-04-27T15:49:38.2136652Z"},"SourceTimestamp":"2024-04-27T15:49:39.0480669Z"},"Severity":{"Value":{"Type":5,"Body":300},"SourceTimestamp":"2024-04-27T15:49:39.0480669Z"},"SourceName":{"Value":{"Type":12,"Body":"WestTank"},"SourceTimestamp":"2024-04-27T15:49:39.0480669Z"},"SourceNode":{"Value":{"Type":17,"Body":{"IdType":1,"Id":"1:Metals/WestTank","Namespace":15}},"SourceTimestamp":"2024-04-27T15:49:39.0480669Z"},"Time":{"Value":{"Type":13,"Body":"2024-04-27T15:49:38.2136597Z"},"SourceTimestamp":"2024-04-27T15:49:39.0480669Z"}}}]