[{"SequenceNumber":21,"MetaDataVersion":{"MajorVersion":1},"Timestamp":"2024-04-27T15:49:51.2279455Z","MessageType":"ua-condition","DataSetWriterName":"<<UnknownDataSet>>|PendingAlarms","Payload":{"ConditionClassId":{"Value":{"Body":null},"SourceTimestamp":"2024-04-27T15:49:42.0224151Z"},"ConditionClassName":{"Value":{"Body":null},"SourceTimestamp":"2024-04-27T15:49:42.0224151Z"},"ConditionSubClassId":{"Value":{"Body":null},"SourceTimestamp":"2024-04-27T15:49:42.0224151Z"},"ConditionSubClassName":{"Value":{"Body":null},"SourceTimestamp":"2024-04-27T15:49:42.0224151Z"},"EventId":{"Value":{"Type":15,"Body":"jAKlHMsKdki+CoKeDMvdBw=="},"SourceTimestamp":"2024-04-27T15:49:42.0224151Z"},"EventType":{"Value":{"Type":17,"Body":{"Id":9764}},"SourceTimestamp":"2024-04-27T15:49:42.0224151Z"},"LocalTime":{"Value":{"Type":22,"Body":{"TypeId":{"Id":15086},"Body":{"Offset":120,"DaylightSavingInOffset":true}}},"SourceTimestamp":"2024-04-27T15:49:42.0224151Z"},"Message":{"Value":{"Type":21,"Body":{"Text":"The alarm severity has increased."}},"SourceTimestamp":"2024-04-27T15:49:42.0224151Z"},"ReceiveTime":{"Value":{"Type":13,"Body":"2024-04-27T15:49:41.2144778Z"},"SourceTimestamp":"2024-04-27T15:49:42.0224151Z"},"Severity":{"Value":{"Type":5,"Body":300},"SourceTimestamp":"2024-04-27T15:49:42.0224151Z"},"SourceName":{"Value":{"Type":12,"Body":"SouthMotor"},"SourceTimestamp":"2024-04-27T15:49:42.0224151Z"},"SourceNode":{"Value":{"Type":17,"Body":{"IdType":1,"Id":"1:Metals/SouthMotor","Namespace":15}},"SourceTimestamp":"2024-04-27T15:49:42.0224151Z"},"Time":{"Value":{"Type":13,"Body":"2024-04-27T15:49:41.214475Z"},"SourceTimestamp":"2024-04-27T15:49:42.0224151Z"}}}]