[{"SequenceNumber":23,"MetaDataVersion":{"MajorVersion":1},"Timestamp":"2024-04-27T15:50:01.3104632Z","MessageType":"ua-condition","DataSetWriterName":"<<UnknownDataSet>>|PendingAlarms","Payload":{"ConditionClassId":{"Value":{"Body":null},"SourceTimestamp":"2024-04-27T15:49:55.041492Z"},"ConditionClassName":{"Value":{"Body":null},"SourceTimestamp":"2024-04-27T15:49:55.041492Z"},"ConditionSubClassId":{"Value":{"Body":null},"SourceTimestamp":"2024-04-27T15:49:55.041492Z"},"ConditionSubClassName":{"Value":{"Body":null},"SourceTimestamp":"2024-04-27T15:49:55.041492Z"},"EventId":{"Value":{"Type":15,"Body":"R1RZRNWxDEicrz7ZjVkobQ=="},"SourceTimestamp":"2024-04-27T15:49:55.041492Z"},"EventType":{"Value":{"Type":17,"Body":{"Id":10751}},"SourceTimestamp":"2024-04-27T15:49:55.041492Z"},"LocalTime":{"Value":{"Type":22,"Body":{"TypeId":{"Id":15086},"Body":{"Offset":120,"DaylightSavingInOffset":true}}},"SourceTimestamp":"2024-04-27T15:49:55.041492Z"},"Message":{"Value":{"Type":21,"Body":{"Text":"The alarm severity has increased."}},"SourceTimestamp":"2024-04-27T15:49:55.041492Z"},"ReceiveTime":{"Value":{"Type":13,"Body":"2024-04-27T15:49:54.2031483Z"},"SourceTimestamp":"2024-04-27T15:49:55.041492Z"},"Severity":{"Value":{"Type":5,"Body":700},"SourceTimestamp":"2024-04-27T15:49:55.041492Z"},"SourceName":{"Value":{"Type":12,"Body":"WestTank"},"SourceTimestamp":"2024-04-27T15:49:55.041492Z"},"SourceNode":{"Value":{"Type":17,"Body":{"IdType":1,"Id":"1:Metals/WestTank","Namespace":15}},"SourceTimestamp":"2024-04-27T15:49:55.041492Z"},"Time":{"Value":{"Type":13,"Body":"2024-04-27T15:49:54.2031424Z"},"SourceTimestamp":"2024-04-27T15:49:55.041492Z"}}}]