[{"SequenceNumber":29,"MetaDataVersion":{"MajorVersion":1},"Timestamp":"2024-04-27T15:50:01.3112202Z","MessageType":"ua-condition","DataSetWriterName":"<<UnknownDataSet>>|PendingAlarms","Payload":{"ConditionClassId":{"Value":{"Body":null},"SourceTimestamp":"2024-04-27T15:50:01.0475765Z"},"ConditionClassName":{"Value":{"Body":null},"SourceTimestamp":"2024-04-27T15:50:01.0475765Z"},"ConditionSubClassId":{"Value":{"Body":null},"SourceTimestamp":"2024-04-27T15:50:01.0475765Z"},"ConditionSubClassName":{"Value":{"Body":null},"SourceTimestamp":"2024-04-27T15:50:01.0475765Z"},"EventId":{"Value":{"Type":15,"Body":"xe0+ZnilnEyUbKGY/2PXyA=="},"SourceTimestamp":"2024-04-27T15:50:01.0475765Z"},"EventType":{"Value":{"Type":17,"Body":{"Id":10060}},"SourceTimestamp":"2024-04-27T15:50:01.0475765Z"},"LocalTime":{"Value":{"Type":22,"Body":{"TypeId":{"Id":15086},"Body":{"Offset":120,"DaylightSavingInOffset":true}}},"SourceTimestamp":"2024-04-27T15:50:01.0475765Z"},"Message":{"Value":{"Type":21,"Body":{"Text":"The alarm severity has increased."}},"SourceTimestamp":"2024-04-27T15:50:01.0475765Z"},"ReceiveTime":{"Value":{"Type":13,"Body":"2024-04-27T15:50:00.209367Z"},"SourceTimestamp":"2024-04-27T15:50:01.0475765Z"},"Severity":{"Value":{"Type":5,"Body":700},"SourceTimestamp":"2024-04-27T15:50:01.0475765Z"},"SourceName":{"Value":{"Type":12,"Body":"NorthMotor"},"SourceTimestamp":"2024-04-27T15:50:01.0475765Z"},"SourceNode":{"Value":{"Type":17,"Body":{"IdType":1,"Id":"1:Colours/NorthMotor","Namespace":15}},"SourceTimestamp":"2024-04-27T15:50:01.0475765Z"},"Time":{"Value":{"Type":13,"Body":"2024-04-27T15:50:00.2093601Z"},"SourceTimestamp":"2024-04-27T15:50:01.0475765Z"}}}]