[{"SequenceNumber":36,"MetaDataVersion":{"MajorVersion":1},"Timestamp":"2024-04-27T15:50:11.3826098Z","MessageType":"ua-condition","DataSetWriterName":"<<UnknownDataSet>>|PendingAlarms","Payload":{"ConditionClassId":{"Value":{"Body":null},"SourceTimestamp":"2024-04-27T15:50:07.0600888Z"},"ConditionClassName":{"Value":{"Body":null},"SourceTimestamp":"2024-04-27T15:50:07.0600888Z"},"ConditionSubClassId":{"Value":{"Body":null},"SourceTimestamp":"2024-04-27T15:50:07.0600888Z"},"ConditionSubClassName":{"Value":{"Body":null},"SourceTimestamp":"2024-04-27T15:50:07.0600888Z"},"EventId":{"Value":{"Type":15,"Body":"jWnEGV8g10i5FALZ4/1+2w=="},"SourceTimestamp":"2024-04-27T15:50:07.0600888Z"},"EventType":{"Value":{"Type":17,"Body":{"Id":9764}},"SourceTimestamp":"2024-04-27T15:50:07.0600888Z"},"LocalTime":{"Value":{"Type":22,"Body":{"TypeId":{"Id":15086},"Body":{"Offset":120,"DaylightSavingInOffset":true}}},"SourceTimestamp":"2024-04-27T15:50:07.0600888Z"},"Message":{"Value":{"Type":21,"Body":{"Text":"The alarm severity has increased."}},"SourceTimestamp":"2024-04-27T15:50:07.0600888Z"},"ReceiveTime":{"Value":{"Type":13,"Body":"2024-04-27T15:50:06.209244Z"},"SourceTimestamp":"2024-04-27T15:50:07.0600888Z"},"Severity":{"Value":{"Type":5,"Body":900},"SourceTimestamp":"2024-04-27T15:50:07.0600888Z"},"SourceName":{"Value":{"Type":12,"Body":"NorthMotor"},"SourceTimestamp":"2024-04-27T15:50:07.0600888Z"},"SourceNode":{"Value":{"Type":17,"Body":{"IdType":1,"Id":"1:Colours/NorthMotor","Namespace":15}},"SourceTimestamp":"2024-04-27T15:50:07.0600888Z"},"Time":{"Value":{"Type":13,"Body":"2024-04-27T15:50:06.2092377Z"},"SourceTimestamp":"2024-04-27T15:50:07.0600888Z"}}}]