[{"SequenceNumber":43,"MetaDataVersion":{"MajorVersion":1},"Timestamp":"2024-04-27T15:50:11.3836004Z","MessageType":"ua-condition","DataSetWriterName":"<<UnknownDataSet>>|PendingAlarms","Payload":{"ConditionClassId":{"Value":{"Body":null},"SourceTimestamp":"2024-04-27T15:50:04.0783628Z"},"ConditionClassName":{"Value":{"Body":null},"SourceTimestamp":"2024-04-27T15:50:04.0783628Z"},"ConditionSubClassId":{"Value":{"Body":null},"SourceTimestamp":"2024-04-27T15:50:04.0783628Z"},"ConditionSubClassName":{"Value":{"Body":null},"SourceTimestamp":"2024-04-27T15:50:04.0783628Z"},"EventId":{"Value":{"Type":15,"Body":"AL9neQjBiEuMF51hmdJXFA=="},"SourceTimestamp":"2024-04-27T15:50:04.0783628Z"},"EventType":{"Value":{"Type":17,"Body":{"Id":9764}},"SourceTimestamp":"2024-04-27T15:50:04.0783628Z"},"LocalTime":{"Value":{"Type":22,"Body":{"TypeId":{"Id":15086},"Body":{"Offset":120,"DaylightSavingInOffset":true}}},"SourceTimestamp":"2024-04-27T15:50:04.0783628Z"},"Message":{"Value":{"Type":21,"Body":{"Text":"The alarm severity has increased."}},"SourceTimestamp":"2024-04-27T15:50:04.0783628Z"},"ReceiveTime":{"Value":{"Type":13,"Body":"2024-04-27T15:50:03.2107036Z"},"SourceTimestamp":"2024-04-27T15:50:04.0783628Z"},"Severity":{"Value":{"Type":5,"Body":700},"SourceTimestamp":"2024-04-27T15:50:04.0783628Z"},"SourceName":{"Value":{"Type":12,"Body":"SouthMotor"},"SourceTimestamp":"2024-04-27T15:50:04.0783628Z"},"SourceNode":{"Value":{"Type":17,"Body":{"IdType":1,"Id":"1:Metals/SouthMotor","Namespace":15}},"SourceTimestamp":"2024-04-27T15:50:04.0783628Z"},"Time":{"Value":{"Type":13,"Body":"2024-04-27T15:50:03.2107004Z"},"SourceTimestamp":"2024-04-27T15:50:04.0783628Z"}}}]