[{"SequenceNumber":47,"MetaDataVersion":{"MajorVersion":1},"Timestamp":"2024-04-27T15:50:21.4482735Z","MessageType":"ua-condition","DataSetWriterName":"<<UnknownDataSet>>|PendingAlarms","Payload":{"ConditionClassId":{"Value":{"Body":null},"SourceTimestamp":"2024-04-27T15:50:19.0643717Z"},"ConditionClassName":{"Value":{"Body":null},"SourceTimestamp":"2024-04-27T15:50:19.0643717Z"},"ConditionSubClassId":{"Value":{"Body":null},"SourceTimestamp":"2024-04-27T15:50:19.0643717Z"},"ConditionSubClassName":{"Value":{"Body":null},"SourceTimestamp":"2024-04-27T15:50:19.0643717Z"},"EventId":{"Value":{"Type":15,"Body":"wMH0eWDKHE6aCNlaBB3EUg=="},"SourceTimestamp":"2024-04-27T15:50:19.0643717Z"},"EventType":{"Value":{"Type":17,"Body":{"Id":10751}},"SourceTimestamp":"2024-04-27T15:50:19.0643717Z"},"LocalTime":{"Value":{"Type":22,"Body":{"TypeId":{"Id":15086},"Body":{"Offset":120,"DaylightSavingInOffset":true}}},"SourceTimestamp":"2024-04-27T15:50:19.0643717Z"},"Message":{"Value":{"Type":21,"Body":{"Text":"The alarm is active."}},"SourceTimestamp":"2024-04-27T15:50:19.0643717Z"},"ReceiveTime":{"Value":{"Type":13,"Body":"2024-04-27T15:50:18.2151629Z"},"SourceTimestamp":"2024-04-27T15:50:19.0643717Z"},"Severity":{"Value":{"Type":5,"Body":100},"SourceTimestamp":"2024-04-27T15:50:19.0643717Z"},"SourceName":{"Value":{"Type":12,"Body":"WestTank"},"SourceTimestamp":"2024-04-27T15:50:19.0643717Z"},"SourceNode":{"Value":{"Type":17,"Body":{"IdType":1,"Id":"1:Metals/WestTank","Namespace":15}},"SourceTimestamp":"2024-04-27T15:50:19.0643717Z"},"Time":{"Value":{"Type":13,"Body":"2024-04-27T15:50:18.2151559Z"},"SourceTimestamp":"2024-04-27T15:50:19.0643717Z"}}}]