[{"SequenceNumber":49,"MetaDataVersion":{"MajorVersion":1},"Timestamp":"2024-04-27T15:50:21.4485295Z","MessageType":"ua-condition","DataSetWriterName":"<<UnknownDataSet>>|PendingAlarms","Payload":{"ConditionClassId":{"Value":{"Body":null},"SourceTimestamp":"2024-04-27T15:50:15.0574513Z"},"ConditionClassName":{"Value":{"Body":null},"SourceTimestamp":"2024-04-27T15:50:15.0574513Z"},"ConditionSubClassId":{"Value":{"Body":null},"SourceTimestamp":"2024-04-27T15:50:15.0574513Z"},"ConditionSubClassName":{"Value":{"Body":null},"SourceTimestamp":"2024-04-27T15:50:15.0574513Z"},"EventId":{"Value":{"Type":15,"Body":"zsoaE7DbK0i9acZHIwcBag=="},"SourceTimestamp":"2024-04-27T15:50:15.0574513Z"},"EventType":{"Value":{"Type":17,"Body":{"Id":10751}},"SourceTimestamp":"2024-04-27T15:50:15.0574513Z"},"LocalTime":{"Value":{"Type":22,"Body":{"TypeId":{"Id":15086},"Body":{"Offset":120,"DaylightSavingInOffset":true}}},"SourceTimestamp":"2024-04-27T15:50:15.0574513Z"},"Message":{"Value":{"Type":21,"Body":{"Text":"The alarm severity has increased."}},"SourceTimestamp":"2024-04-27T15:50:15.0574513Z"},"ReceiveTime":{"Value":{"Type":13,"Body":"2024-04-27T15:50:14.2019293Z"},"SourceTimestamp":"2024-04-27T15:50:15.0574513Z"},"Severity":{"Value":{"Type":5,"Body":900},"SourceTimestamp":"2024-04-27T15:50:15.0574513Z"},"SourceName":{"Value":{"Type":12,"Body":"NorthMotor"},"SourceTimestamp":"2024-04-27T15:50:15.0574513Z"},"SourceNode":{"Value":{"Type":17,"Body":{"IdType":1,"Id":"1:Colours/NorthMotor","Namespace":15}},"SourceTimestamp":"2024-04-27T15:50:15.0574513Z"},"Time":{"Value":{"Type":13,"Body":"2024-04-27T15:50:14.2019013Z"},"SourceTimestamp":"2024-04-27T15:50:15.0574513Z"}}}]