[{"SequenceNumber":57,"MetaDataVersion":{"MajorVersion":1},"Timestamp":"2024-04-27T15:50:31.534662Z","MessageType":"ua-condition","DataSetWriterName":"<<UnknownDataSet>>|PendingAlarms","Payload":{"ConditionClassId":{"Value":{"Body":null},"SourceTimestamp":"2024-04-27T15:50:25.0784158Z"},"ConditionClassName":{"Value":{"Body":null},"SourceTimestamp":"2024-04-27T15:50:25.0784158Z"},"ConditionSubClassId":{"Value":{"Body":null},"SourceTimestamp":"2024-04-27T15:50:25.0784158Z"},"ConditionSubClassName":{"Value":{"Body":null},"SourceTimestamp":"2024-04-27T15:50:25.0784158Z"},"EventId":{"Value":{"Type":15,"Body":"JMI1bbQREUKVv2OSyOweNQ=="},"SourceTimestamp":"2024-04-27T15:50:25.0784158Z"},"EventType":{"Value":{"Type":17,"Body":{"Id":10060}},"SourceTimestamp":"2024-04-27T15:50:25.0784158Z"},"LocalTime":{"Value":{"Type":22,"Body":{"TypeId":{"Id":15086},"Body":{"Offset":120,"DaylightSavingInOffset":true}}},"SourceTimestamp":"2024-04-27T15:50:25.0784158Z"},"Message":{"Value":{"Type":21,"Body":{"Text":"The alarm is active."}},"SourceTimestamp":"2024-04-27T15:50:25.0784158Z"},"ReceiveTime":{"Value":{"Type":13,"Body":"2024-04-27T15:50:24.2053054Z"},"SourceTimestamp":"2024-04-27T15:50:25.0784158Z"},"Severity":{"Value":{"Type":5,"Body":100},"SourceTimestamp":"2024-04-27T15:50:25.0784158Z"},"SourceName":{"Value":{"Type":12,"Body":"EastTank"},"SourceTimestamp":"2024-04-27T15:50:25.0784158Z"},"SourceNode":{"Value":{"Type":17,"Body":{"IdType":1,"Id":"1:Colours/EastTank","Namespace":15}},"SourceTimestamp":"2024-04-27T15:50:25.0784158Z"},"Time":{"Value":{"Type":13,"Body":"2024-04-27T15:50:24.2052893Z"},"SourceTimestamp":"2024-04-27T15:50:25.0784158Z"}}}]