[{"SequenceNumber":6,"MetaDataVersion":{"MajorVersion":1},"Timestamp":"2024-04-27T15:49:41.1589597Z","MessageType":"ua-condition","DataSetWriterName":"<<UnknownDataSet>>|PendingAlarms","Payload":{"ConditionClassId":{"Value":{"Body":null},"SourceTimestamp":"2024-04-27T15:49:40.0375798Z"},"ConditionClassName":{"Value":{"Body":null},"SourceTimestamp":"2024-04-27T15:49:40.0375798Z"},"ConditionSubClassId":{"Value":{"Body":null},"SourceTimestamp":"2024-04-27T15:49:40.0375798Z"},"ConditionSubClassName":{"Value":{"Body":null},"SourceTimestamp":"2024-04-27T15:49:40.0375798Z"},"EventId":{"Value":{"Type":15,"Body":"UMg39zApD0eB9P2mhFRmiQ=="},"SourceTimestamp":"2024-04-27T15:49:40.0375798Z"},"EventType":{"Value":{"Type":17,"Body":{"Id":10751}},"SourceTimestamp":"2024-04-27T15:49:40.0375798Z"},"LocalTime":{"Value":{"Type":22,"Body":{"TypeId":{"Id":15086},"Body":{"Offset":120,"DaylightSavingInOffset":true}}},"SourceTimestamp":"2024-04-27T15:49:40.0375798Z"},"Message":{"Value":{"Type":21,"Body":{"Text":"The alarm severity has increased."}},"SourceTimestamp":"2024-04-27T15:49:40.0375798Z"},"ReceiveTime":{"Value":{"Type":13,"Body":"2024-04-27T15:49:39.2035596Z"},"SourceTimestamp":"2024-04-27T15:49:40.0375798Z"},"Severity":{"Value":{"Type":5,"Body":300},"SourceTimestamp":"2024-04-27T15:49:40.0375798Z"},"SourceName":{"Value":{"Type":12,"Body":"SouthMotor"},"SourceTimestamp":"2024-04-27T15:49:40.0375798Z"},"SourceNode":{"Value":{"Type":17,"Body":{"IdType":1,"Id":"1:Metals/SouthMotor","Namespace":15}},"SourceTimestamp":"2024-04-27T15:49:40.0375798Z"},"Time":{"Value":{"Type":13,"Body":"2024-04-27T15:49:39.2035547Z"},"SourceTimestamp":"2024-04-27T15:49:40.0375798Z"}}}]