[{"SequenceNumber":63,"MetaDataVersion":{"MajorVersion":1},"Timestamp":"2024-04-27T15:50:41.6116295Z","MessageType":"ua-condition","DataSetWriterName":"<<UnknownDataSet>>|PendingAlarms","Payload":{"ConditionClassId":{"Value":{"Body":null},"SourceTimestamp":"2024-04-27T15:50:37.0722028Z"},"ConditionClassName":{"Value":{"Body":null},"SourceTimestamp":"2024-04-27T15:50:37.0722028Z"},"ConditionSubClassId":{"Value":{"Body":null},"SourceTimestamp":"2024-04-27T15:50:37.0722028Z"},"ConditionSubClassName":{"Value":{"Body":null},"SourceTimestamp":"2024-04-27T15:50:37.0722028Z"},"EventId":{"Value":{"Type":15,"Body":"qRypODXg+UOSXS5zXkOWnw=="},"SourceTimestamp":"2024-04-27T15:50:37.0722028Z"},"EventType":{"Value":{"Type":17,"Body":{"Id":10060}},"SourceTimestamp":"2024-04-27T15:50:37.0722028Z"},"LocalTime":{"Value":{"Type":22,"Body":{"TypeId":{"Id":15086},"Body":{"Offset":120,"DaylightSavingInOffset":true}}},"SourceTimestamp":"2024-04-27T15:50:37.0722028Z"},"Message":{"Value":{"Type":21,"Body":{"Text":"The alarm is active."}},"SourceTimestamp":"2024-04-27T15:50:37.0722028Z"},"ReceiveTime":{"Value":{"Type":13,"Body":"2024-04-27T15:50:36.2136576Z"},"SourceTimestamp":"2024-04-27T15:50:37.0722028Z"},"Severity":{"Value":{"Type":5,"Body":100},"SourceTimestamp":"2024-04-27T15:50:37.0722028Z"},"SourceName":{"Value":{"Type":12,"Body":"WestTank"},"SourceTimestamp":"2024-04-27T15:50:37.0722028Z"},"SourceNode":{"Value":{"Type":17,"Body":{"IdType":1,"Id":"1:Metals/WestTank","Namespace":15}},"SourceTimestamp":"2024-04-27T15:50:37.0722028Z"},"Time":{"Value":{"Type":13,"Body":"2024-04-27T15:50:36.2136515Z"},"SourceTimestamp":"2024-04-27T15:50:37.0722028Z"}}}]