[{"SequenceNumber":68,"MetaDataVersion":{"MajorVersion":1},"Timestamp":"2024-04-27T15:50:41.6122811Z","MessageType":"ua-condition","DataSetWriterName":"<<UnknownDataSet>>|PendingAlarms","Payload":{"ConditionClassId":{"Value":{"Body":null},"SourceTimestamp":"2024-04-27T15:50:34.0242001Z"},"ConditionClassName":{"Value":{"Body":null},"SourceTimestamp":"2024-04-27T15:50:34.0242001Z"},"ConditionSubClassId":{"Value":{"Body":null},"SourceTimestamp":"2024-04-27T15:50:34.0242001Z"},"ConditionSubClassName":{"Value":{"Body":null},"SourceTimestamp":"2024-04-27T15:50:34.0242001Z"},"EventId":{"Value":{"Type":15,"Body":"lEtdWRdbmkGWmIMsB5ujmw=="},"SourceTimestamp":"2024-04-27T15:50:34.0242001Z"},"EventType":{"Value":{"Type":17,"Body":{"Id":10751}},"SourceTimestamp":"2024-04-27T15:50:34.0242001Z"},"LocalTime":{"Value":{"Type":22,"Body":{"TypeId":{"Id":15086},"Body":{"Offset":120,"DaylightSavingInOffset":true}}},"SourceTimestamp":"2024-04-27T15:50:34.0242001Z"},"Message":{"Value":{"Type":21,"Body":{"Text":"The alarm severity has increased."}},"SourceTimestamp":"2024-04-27T15:50:34.0242001Z"},"ReceiveTime":{"Value":{"Type":13,"Body":"2024-04-27T15:50:33.2062171Z"},"SourceTimestamp":"2024-04-27T15:50:34.0242001Z"},"Severity":{"Value":{"Type":5,"Body":300},"SourceTimestamp":"2024-04-27T15:50:34.0242001Z"},"SourceName":{"Value":{"Type":12,"Body":"SouthMotor"},"SourceTimestamp":"2024-04-27T15:50:34.0242001Z"},"SourceNode":{"Value":{"Type":17,"Body":{"IdType":1,"Id":"1:Metals/SouthMotor","Namespace":15}},"SourceTimestamp":"2024-04-27T15:50:34.0242001Z"},"Time":{"Value":{"Type":13,"Body":"2024-04-27T15:50:33.2062138Z"},"SourceTimestamp":"2024-04-27T15:50:34.0242001Z"}}}]