[{"SequenceNumber":75,"MetaDataVersion":{"MajorVersion":1},"Timestamp":"2024-04-27T15:50:51.6783091Z","MessageType":"ua-condition","DataSetWriterName":"<<UnknownDataSet>>|PendingAlarms","Payload":{"ConditionClassId":{"Value":{"Body":null},"SourceTimestamp":"2024-04-27T15:50:48.0305501Z"},"ConditionClassName":{"Value":{"Body":null},"SourceTimestamp":"2024-04-27T15:50:48.0305501Z"},"ConditionSubClassId":{"Value":{"Body":null},"SourceTimestamp":"2024-04-27T15:50:48.0305501Z"},"ConditionSubClassName":{"Value":{"Body":null},"SourceTimestamp":"2024-04-27T15:50:48.0305501Z"},"EventId":{"Value":{"Type":15,"Body":"FUaRg0NaD0qcMcludEcHpw=="},"SourceTimestamp":"2024-04-27T15:50:48.0305501Z"},"EventType":{"Value":{"Type":17,"Body":{"Id":10060}},"SourceTimestamp":"2024-04-27T15:50:48.0305501Z"},"LocalTime":{"Value":{"Type":22,"Body":{"TypeId":{"Id":15086},"Body":{"Offset":120,"DaylightSavingInOffset":true}}},"SourceTimestamp":"2024-04-27T15:50:48.0305501Z"},"Message":{"Value":{"Type":21,"Body":{"Text":"The alarm severity has increased."}},"SourceTimestamp":"2024-04-27T15:50:48.0305501Z"},"ReceiveTime":{"Value":{"Type":13,"Body":"2024-04-27T15:50:47.2131031Z"},"SourceTimestamp":"2024-04-27T15:50:48.0305501Z"},"Severity":{"Value":{"Type":5,"Body":300},"SourceTimestamp":"2024-04-27T15:50:48.0305501Z"},"SourceName":{"Value":{"Type":12,"Body":"WestTank"},"SourceTimestamp":"2024-04-27T15:50:48.0305501Z"},"SourceNode":{"Value":{"Type":17,"Body":{"IdType":1,"Id":"1:Metals/WestTank","Namespace":15}},"SourceTimestamp":"2024-04-27T15:50:48.0305501Z"},"Time":{"Value":{"Type":13,"Body":"2024-04-27T15:50:47.2130871Z"},"SourceTimestamp":"2024-04-27T15:50:48.0305501Z"}}}]