[{"SequenceNumber":8,"MetaDataVersion":{"MajorVersion":1},"Timestamp":"2024-04-27T15:49:41.159318Z","MessageType":"ua-condition","DataSetWriterName":"<<UnknownDataSet>>|PendingAlarms","Payload":{"ConditionClassId":{"Value":{"Body":null},"SourceTimestamp":"2024-04-27T15:49:41.0297099Z"},"ConditionClassName":{"Value":{"Body":null},"SourceTimestamp":"2024-04-27T15:49:41.0297099Z"},"ConditionSubClassId":{"Value":{"Body":null},"SourceTimestamp":"2024-04-27T15:49:41.0297099Z"},"ConditionSubClassName":{"Value":{"Body":null},"SourceTimestamp":"2024-04-27T15:49:41.0297099Z"},"EventId":{"Value":{"Type":15,"Body":"q3hu7R8plUGm6akV9ecJVw=="},"SourceTimestamp":"2024-04-27T15:49:41.0297099Z"},"EventType":{"Value":{"Type":17,"Body":{"Id":10060}},"SourceTimestamp":"2024-04-27T15:49:41.0297099Z"},"LocalTime":{"Value":{"Type":22,"Body":{"TypeId":{"Id":15086},"Body":{"Offset":120,"DaylightSavingInOffset":true}}},"SourceTimestamp":"2024-04-27T15:49:41.0297099Z"},"Message":{"Value":{"Type":21,"Body":{"Text":"The alarm severity has increased."}},"SourceTimestamp":"2024-04-27T15:49:41.0297099Z"},"ReceiveTime":{"Value":{"Type":13,"Body":"2024-04-27T15:49:40.2070365Z"},"SourceTimestamp":"2024-04-27T15:49:41.0297099Z"},"Severity":{"Value":{"Type":5,"Body":300},"SourceTimestamp":"2024-04-27T15:49:41.0297099Z"},"SourceName":{"Value":{"Type":12,"Body":"NorthMotor"},"SourceTimestamp":"2024-04-27T15:49:41.0297099Z"},"SourceNode":{"Value":{"Type":17,"Body":{"IdType":1,"Id":"1:Colours/NorthMotor","Namespace":15}},"SourceTimestamp":"2024-04-27T15:49:41.0297099Z"},"Time":{"Value":{"Type":13,"Body":"2024-04-27T15:49:40.2070289Z"},"SourceTimestamp":"2024-04-27T15:49:41.0297099Z"}}}]