[{"SequenceNumber":83,"MetaDataVersion":{"MajorVersion":1},"Timestamp":"2024-04-27T15:50:51.6793786Z","MessageType":"ua-condition","DataSetWriterName":"<<UnknownDataSet>>|PendingAlarms","Payload":{"ConditionClassId":{"Value":{"Body":null},"SourceTimestamp":"2024-04-27T15:50:51.0608825Z"},"ConditionClassName":{"Value":{"Body":null},"SourceTimestamp":"2024-04-27T15:50:51.0608825Z"},"ConditionSubClassId":{"Value":{"Body":null},"SourceTimestamp":"2024-04-27T15:50:51.0608825Z"},"ConditionSubClassName":{"Value":{"Body":null},"SourceTimestamp":"2024-04-27T15:50:51.0608825Z"},"EventId":{"Value":{"Type":15,"Body":"u/raw+CmZUuKzyBV+0TXFw=="},"SourceTimestamp":"2024-04-27T15:50:51.0608825Z"},"EventType":{"Value":{"Type":17,"Body":{"Id":10060}},"SourceTimestamp":"2024-04-27T15:50:51.0608825Z"},"LocalTime":{"Value":{"Type":22,"Body":{"TypeId":{"Id":15086},"Body":{"Offset":120,"DaylightSavingInOffset":true}}},"SourceTimestamp":"2024-04-27T15:50:51.0608825Z"},"Message":{"Value":{"Type":21,"Body":{"Text":"The alarm severity has increased."}},"SourceTimestamp":"2024-04-27T15:50:51.0608825Z"},"ReceiveTime":{"Value":{"Type":13,"Body":"2024-04-27T15:50:50.216003Z"},"SourceTimestamp":"2024-04-27T15:50:51.0608825Z"},"Severity":{"Value":{"Type":5,"Body":500},"SourceTimestamp":"2024-04-27T15:50:51.0608825Z"},"SourceName":{"Value":{"Type":12,"Body":"NorthMotor"},"SourceTimestamp":"2024-04-27T15:50:51.0608825Z"},"SourceNode":{"Value":{"Type":17,"Body":{"IdType":1,"Id":"1:Colours/NorthMotor","Namespace":15}},"SourceTimestamp":"2024-04-27T15:50:51.0608825Z"},"Time":{"Value":{"Type":13,"Body":"2024-04-27T15:50:50.2159986Z"},"SourceTimestamp":"2024-04-27T15:50:51.0608825Z"}}}]