[{"SequenceNumber":86,"MetaDataVersion":{"MajorVersion":1},"Timestamp":"2024-04-27T15:51:01.7556275Z","MessageType":"ua-condition","DataSetWriterName":"<<UnknownDataSet>>|PendingAlarms","Payload":{"ConditionClassId":{"Value":{"Body":null},"SourceTimestamp":"2024-04-27T15:50:59.0342809Z"},"ConditionClassName":{"Value":{"Body":null},"SourceTimestamp":"2024-04-27T15:50:59.0342809Z"},"ConditionSubClassId":{"Value":{"Body":null},"SourceTimestamp":"2024-04-27T15:50:59.0342809Z"},"ConditionSubClassName":{"Value":{"Body":null},"SourceTimestamp":"2024-04-27T15:50:59.0342809Z"},"EventId":{"Value":{"Type":15,"Body":"OnjIRbvJvUy+pLu8vtAofw=="},"SourceTimestamp":"2024-04-27T15:50:59.0342809Z"},"EventType":{"Value":{"Type":17,"Body":{"Id":9764}},"SourceTimestamp":"2024-04-27T15:50:59.0342809Z"},"LocalTime":{"Value":{"Type":22,"Body":{"TypeId":{"Id":15086},"Body":{"Offset":120,"DaylightSavingInOffset":true}}},"SourceTimestamp":"2024-04-27T15:50:59.0342809Z"},"Message":{"Value":{"Type":21,"Body":{"Text":"The alarm was deactivated by the system."}},"SourceTimestamp":"2024-04-27T15:50:59.0342809Z"},"ReceiveTime":{"Value":{"Type":13,"Body":"2024-04-27T15:50:58.212395Z"},"SourceTimestamp":"2024-04-27T15:50:59.0342809Z"},"Severity":{"Value":{"Type":5,"Body":100},"SourceTimestamp":"2024-04-27T15:50:59.0342809Z"},"SourceName":{"Value":{"Type":12,"Body":"EastTank"},"SourceTimestamp":"2024-04-27T15:50:59.0342809Z"},"SourceNode":{"Value":{"Type":17,"Body":{"IdType":1,"Id":"1:Colours/EastTank","Namespace":15}},"SourceTimestamp":"2024-04-27T15:50:59.0342809Z"},"Time":{"Value":{"Type":13,"Body":"2024-04-27T15:50:58.2123798Z"},"SourceTimestamp":"2024-04-27T15:50:59.0342809Z"}}}]