[{"SequenceNumber":93,"MetaDataVersion":{"MajorVersion":1},"Timestamp":"2024-04-27T15:51:01.7570805Z","MessageType":"ua-condition","DataSetWriterName":"<<UnknownDataSet>>|PendingAlarms","Payload":{"ConditionClassId":{"Value":{"Body":null},"SourceTimestamp":"2024-04-27T15:51:01.0288844Z"},"ConditionClassName":{"Value":{"Body":null},"SourceTimestamp":"2024-04-27T15:51:01.0288844Z"},"ConditionSubClassId":{"Value":{"Body":null},"SourceTimestamp":"2024-04-27T15:51:01.0288844Z"},"ConditionSubClassName":{"Value":{"Body":null},"SourceTimestamp":"2024-04-27T15:51:01.0288844Z"},"EventId":{"Value":{"Type":15,"Body":"gtTyZw59AkmymVJTlyuZfQ=="},"SourceTimestamp":"2024-04-27T15:51:01.0288844Z"},"EventType":{"Value":{"Type":17,"Body":{"Id":10060}},"SourceTimestamp":"2024-04-27T15:51:01.0288844Z"},"LocalTime":{"Value":{"Type":22,"Body":{"TypeId":{"Id":15086},"Body":{"Offset":120,"DaylightSavingInOffset":true}}},"SourceTimestamp":"2024-04-27T15:51:01.0288844Z"},"Message":{"Value":{"Type":21,"Body":{"Text":"The alarm severity has increased."}},"SourceTimestamp":"2024-04-27T15:51:01.0288844Z"},"ReceiveTime":{"Value":{"Type":13,"Body":"2024-04-27T15:51:00.2074513Z"},"SourceTimestamp":"2024-04-27T15:51:01.0288844Z"},"Severity":{"Value":{"Type":5,"Body":700},"SourceTimestamp":"2024-04-27T15:51:01.0288844Z"},"SourceName":{"Value":{"Type":12,"Body":"NorthMotor"},"SourceTimestamp":"2024-04-27T15:51:01.0288844Z"},"SourceNode":{"Value":{"Type":17,"Body":{"IdType":1,"Id":"1:Colours/NorthMotor","Namespace":15}},"SourceTimestamp":"2024-04-27T15:51:01.0288844Z"},"Time":{"Value":{"Type":13,"Body":"2024-04-27T15:51:00.2073609Z"},"SourceTimestamp":"2024-04-27T15:51:01.0288844Z"}}}]