{"SequenceNumber":10,"MetaDataVersion":{"MajorVersion":1},"Timestamp":"2024-04-26T12:17:04.4643277Z","MessageType":"ua-deltaframe","DataSetWriterName":"<<UnknownDataSet>>","Payload":{"nsu=http://opcfoundation.org/UA/Plc/Applications;s=SlowRandomUIntScalar1":{"Value":{"Type":7,"Body":3009740259},"SourceTimestamp":"2024-04-26T12:17:02.6261115Z","ServerTimestamp":"2024-04-26T12:17:02.6261191Z"},"nsu=http://opcfoundation.org/UA/Plc/Applications;s=SlowRandomUIntScalar2":{"Value":{"Type":7,"Body":1723991289},"SourceTimestamp":"2024-04-26T12:17:02.6261211Z","ServerTimestamp":"2024-04-26T12:17:02.6261233Z"},"nsu=http://opcfoundation.org/UA/Plc/Applications;s=SlowRandomUIntScalar3":{"Value":{"Type":7,"Body":3378678067},"SourceTimestamp":"2024-04-26T12:17:02.6261247Z","ServerTimestamp":"2024-04-26T12:17:02.6261268Z"},"nsu=http://opcfoundation.org/UA/Plc/Applications;s=BadSlowRandomUIntScalar1":{"Value":{"Body":null},"StatusCode":2150694912,"SourceTimestamp":"2024-04-26T12:17:02.6261294Z","ServerTimestamp":"2024-04-26T12:17:02.6261295Z"}}}