{"SequenceNumber":3,"MetaDataVersion":{"MajorVersion":1},"Timestamp":"2024-04-26T12:15:54.471431Z","MessageType":"ua-deltaframe","DataSetWriterName":"<<UnknownDataSet>>","Payload":{"nsu=http://opcfoundation.org/UA/Plc/Applications;s=SlowRandomUIntScalar1":{"Value":{"Type":7,"Body":3208855700},"SourceTimestamp":"2024-04-26T12:15:52.6285557Z","ServerTimestamp":"2024-04-26T12:15:52.6285565Z"},"nsu=http://opcfoundation.org/UA/Plc/Applications;s=SlowRandomUIntScalar2":{"Value":{"Type":7,"Body":775308047},"SourceTimestamp":"2024-04-26T12:15:52.6285581Z","ServerTimestamp":"2024-04-26T12:15:52.6285589Z"},"nsu=http://opcfoundation.org/UA/Plc/Applications;s=SlowRandomUIntScalar3":{"Value":{"Type":7,"Body":2034264972},"SourceTimestamp":"2024-04-26T12:15:52.6285599Z","ServerTimestamp":"2024-04-26T12:15:52.6285662Z"},"nsu=http://opcfoundation.org/UA/Plc/Applications;s=BadSlowRandomUIntScalar1":{"Value":{"Type":7,"Body":2581893628},"SourceTimestamp":"2024-04-26T12:15:52.6285675Z","ServerTimestamp":"2024-04-26T12:15:52.6285679Z"}}}