{"SequenceNumber":5,"MetaDataVersion":{"MajorVersion":1},"Timestamp":"2024-04-26T12:16:14.4841859Z","MessageType":"ua-deltaframe","DataSetWriterName":"<<UnknownDataSet>>","Payload":{"nsu=http://opcfoundation.org/UA/Plc/Applications;s=SlowRandomUIntScalar1":{"Value":{"Type":7,"Body":1387797780},"SourceTimestamp":"2024-04-26T12:16:12.6296889Z","ServerTimestamp":"2024-04-26T12:16:12.6296923Z"},"nsu=http://opcfoundation.org/UA/Plc/Applications;s=SlowRandomUIntScalar2":{"Value":{"Type":7,"Body":3280467651},"SourceTimestamp":"2024-04-26T12:16:12.6296941Z","ServerTimestamp":"2024-04-26T12:16:12.6297015Z"},"nsu=http://opcfoundation.org/UA/Plc/Applications;s=SlowRandomUIntScalar3":{"Value":{"Type":7,"Body":3095882517},"SourceTimestamp":"2024-04-26T12:16:12.6297026Z","ServerTimestamp":"2024-04-26T12:16:12.6297035Z"},"nsu=http://opcfoundation.org/UA/Plc/Applications;s=BadSlowRandomUIntScalar1":{"Value":{"Type":7,"Body":1264950326},"SourceTimestamp":"2024-04-26T12:16:12.6297046Z","ServerTimestamp":"2024-04-26T12:16:12.6297051Z"}}}