[{"SequenceNumber":120,"MetaDataVersion":{"MajorVersion":1},"Timestamp":"2024-04-27T15:29:42.0218675Z","MessageType":"ua-deltaframe","DataSetWriterName":"<<UnknownDataSet>>","Payload":{"ns=23;i=1259":{"Value":{"Type":11,"Body":-1.3400000000000001},"SourceTimestamp":"2024-04-27T15:29:30.000573Z","ServerTimestamp":"2024-04-27T15:29:41.9755367Z"},"i=2258":{"Value":{"Type":13,"Body":"2024-04-27T15:29:42.0062517Z"},"SourceTimestamp":"2024-04-27T15:29:30.000536Z","ServerTimestamp":"2024-04-27T15:29:42.0062584Z"}}}]