[{"SequenceNumber":140,"MetaDataVersion":{"MajorVersion":1},"Timestamp":"2024-04-27T15:29:44.0041138Z","MessageType":"ua-deltaframe","DataSetWriterName":"<<UnknownDataSet>>","Payload":{"ns=23;i=1259":{"Value":{"Type":11,"Body":0.40000000000000002},"SourceTimestamp":"2024-04-27T15:29:30.000573Z","ServerTimestamp":"2024-04-27T15:29:43.9722814Z"},"i=2258":{"Value":{"Type":13,"Body":"2024-04-27T15:29:43.9101804Z"},"SourceTimestamp":"2024-04-27T15:29:30.000536Z","ServerTimestamp":"2024-04-27T15:29:43.9101897Z"}}}]