[{"SequenceNumber":151,"MetaDataVersion":{"MajorVersion":1},"Timestamp":"2024-04-27T15:29:45.1160431Z","MessageType":"ua-deltaframe","DataSetWriterName":"<<UnknownDataSet>>","Payload":{"ns=23;i=1259":{"Value":{"Type":11,"Body":-1.45},"SourceTimestamp":"2024-04-27T15:29:30.000573Z","ServerTimestamp":"2024-04-27T15:29:45.0683476Z"},"i=2258":{"Value":{"Type":13,"Body":"2024-04-27T15:29:45.1001472Z"},"SourceTimestamp":"2024-04-27T15:29:30.000536Z","ServerTimestamp":"2024-04-27T15:29:45.1001531Z"}}}]