[{"SequenceNumber":160,"MetaDataVersion":{"MajorVersion":1},"Timestamp":"2024-04-27T15:29:46.1099059Z","MessageType":"ua-deltaframe","DataSetWriterName":"<<UnknownDataSet>>","Payload":{"ns=23;i=1259":{"Value":{"Type":11,"Body":-0.53000000000000003},"SourceTimestamp":"2024-04-27T15:29:30.000573Z","ServerTimestamp":"2024-04-27T15:29:45.9825964Z"},"i=2258":{"Value":{"Type":13,"Body":"2024-04-27T15:29:46.0142173Z"},"SourceTimestamp":"2024-04-27T15:29:30.000536Z","ServerTimestamp":"2024-04-27T15:29:46.0142261Z"}}},{"SequenceNumber":161,"MetaDataVersion":{"MajorVersion":1},"Timestamp":"2024-04-27T15:29:46.1099059Z","MessageType":"ua-deltaframe","DataSetWriterName":"<<UnknownDataSet>>","Payload":{"ns=23;i=1259":{"Value":{"Type":11,"Body":-0.42999999999999999},"SourceTimestamp":"2024-04-27T15:29:30.000573Z","ServerTimestamp":"2024-04-27T15:29:46.0775367Z"}}}]