[{"SequenceNumber":170,"MetaDataVersion":{"MajorVersion":1},"Timestamp":"2024-04-27T15:29:47.0326476Z","MessageType":"ua-deltaframe","DataSetWriterName":"<<UnknownDataSet>>","Payload":{"ns=23;i=1259":{"Value":{"Type":11,"Body":0.59999999999999998},"SourceTimestamp":"2024-04-27T15:29:30.000573Z","ServerTimestamp":"2024-04-27T15:29:46.9713248Z"},"i=2258":{"Value":{"Type":13,"Body":"2024-04-27T15:29:46.109479Z"},"SourceTimestamp":"2024-04-27T15:29:30.000536Z","ServerTimestamp":"2024-04-27T15:29:46.1094901Z"}}},{"SequenceNumber":171,"MetaDataVersion":{"MajorVersion":1},"Timestamp":"2024-04-27T15:29:47.0326476Z","MessageType":"ua-deltaframe","DataSetWriterName":"<<UnknownDataSet>>","Payload":{"i=2258":{"Value":{"Type":13,"Body":"2024-04-27T15:29:47.0025205Z"},"SourceTimestamp":"2024-04-27T15:29:30.000536Z","ServerTimestamp":"2024-04-27T15:29:47.0025259Z"}}}]