[{"SequenceNumber":181,"MetaDataVersion":{"MajorVersion":1},"Timestamp":"2024-04-27T15:29:48.0272049Z","MessageType":"ua-deltaframe","DataSetWriterName":"<<UnknownDataSet>>","Payload":{"ns=23;i=1259":{"Value":{"Type":11,"Body":1.6899999999999999},"SourceTimestamp":"2024-04-27T15:29:30.000573Z","ServerTimestamp":"2024-04-27T15:29:47.9801541Z"},"i=2258":{"Value":{"Type":13,"Body":"2024-04-27T15:29:48.0108854Z"},"SourceTimestamp":"2024-04-27T15:29:30.000536Z","ServerTimestamp":"2024-04-27T15:29:48.0108917Z"}}}]