[{"SequenceNumber":212,"MetaDataVersion":{"MajorVersion":1},"Timestamp":"2024-04-27T15:29:51.1236108Z","MessageType":"ua-deltaframe","DataSetWriterName":"<<UnknownDataSet>>","Payload":{"ns=23;i=1259":{"Value":{"Type":11,"Body":0.69100000000000006},"SourceTimestamp":"2024-04-27T15:29:30.000573Z","ServerTimestamp":"2024-04-27T15:29:51.0768472Z"},"i=2258":{"Value":{"Type":13,"Body":"2024-04-27T15:29:50.0067274Z"},"SourceTimestamp":"2024-04-27T15:29:30.000536Z","ServerTimestamp":"2024-04-27T15:29:50.0067363Z"}}},{"SequenceNumber":213,"MetaDataVersion":{"MajorVersion":1},"Timestamp":"2024-04-27T15:29:51.1236108Z","MessageType":"ua-deltaframe","DataSetWriterName":"<<UnknownDataSet>>","Payload":{"i=2258":{"Value":{"Type":13,"Body":"2024-04-27T15:29:51.1072095Z"},"SourceTimestamp":"2024-04-27T15:29:30.000536Z","ServerTimestamp":"2024-04-27T15:29:51.1072395Z"}}}]