[{"SequenceNumber":303,"MetaDataVersion":{"MajorVersion":1},"Timestamp":"2024-04-27T15:30:00.0239975Z","MessageType":"ua-deltaframe","DataSetWriterName":"<<UnknownDataSet>>","Payload":{"ns=23;i=1259":{"Value":{"Type":11,"Body":0.039199999999999999},"SourceTimestamp":"2024-04-27T15:29:30.000573Z","ServerTimestamp":"2024-04-27T15:29:59.9779395Z"},"i=2258":{"Value":{"Type":13,"Body":"2024-04-27T15:30:00.0087021Z"},"SourceTimestamp":"2024-04-27T15:29:30.000536Z","ServerTimestamp":"2024-04-27T15:30:00.0087079Z"}}}]