[{"SequenceNumber":425,"MetaDataVersion":{"MajorVersion":1},"Timestamp":"2024-04-27T15:30:12.0309977Z","MessageType":"ua-deltaframe","DataSetWriterName":"<<UnknownDataSet>>","Payload":{"ns=23;i=1259":{"Value":{"Type":11,"Body":1.3900000000000001},"SourceTimestamp":"2024-04-27T15:29:30.000573Z","ServerTimestamp":"2024-04-27T15:30:11.9694537Z"},"i=2258":{"Value":{"Type":13,"Body":"2024-04-27T15:30:12.0005063Z"},"SourceTimestamp":"2024-04-27T15:29:30.000536Z","ServerTimestamp":"2024-04-27T15:30:12.000511Z"}}}]