[{"SequenceNumber":435,"MetaDataVersion":{"MajorVersion":1},"Timestamp":"2024-04-27T15:30:13.0298695Z","MessageType":"ua-deltaframe","DataSetWriterName":"<<UnknownDataSet>>","Payload":{"ns=23;i=1259":{"Value":{"Type":11,"Body":0.371},"SourceTimestamp":"2024-04-27T15:29:30.000573Z","ServerTimestamp":"2024-04-27T15:30:12.9819478Z"},"i=2258":{"Value":{"Type":13,"Body":"2024-04-27T15:30:13.0134465Z"},"SourceTimestamp":"2024-04-27T15:29:30.000536Z","ServerTimestamp":"2024-04-27T15:30:13.0134521Z"}}}]