[{"SequenceNumber":454,"MetaDataVersion":{"MajorVersion":1},"Timestamp":"2024-04-27T15:30:15.0063603Z","MessageType":"ua-deltaframe","DataSetWriterName":"<<UnknownDataSet>>","Payload":{"ns=23;i=1259":{"Value":{"Type":11,"Body":-0.66000000000000003},"SourceTimestamp":"2024-04-27T15:29:30.000573Z","ServerTimestamp":"2024-04-27T15:30:14.8826646Z"},"i=2258":{"Value":{"Type":13,"Body":"2024-04-27T15:30:15.0058991Z"},"SourceTimestamp":"2024-04-27T15:29:30.000536Z","ServerTimestamp":"2024-04-27T15:30:15.0059059Z"}}},{"SequenceNumber":455,"MetaDataVersion":{"MajorVersion":1},"Timestamp":"2024-04-27T15:30:15.0063603Z","MessageType":"ua-deltaframe","DataSetWriterName":"<<UnknownDataSet>>","Payload":{"ns=23;i=1259":{"Value":{"Type":11,"Body":-0.56000000000000005},"SourceTimestamp":"2024-04-27T15:29:30.000573Z","ServerTimestamp":"2024-04-27T15:30:14.9745018Z"}}}]