[{"SequenceNumber":9,"MetaDataVersion":{"MajorVersion":1},"Timestamp":"2024-04-27T15:29:30.9087683Z","MessageType":"ua-deltaframe","DataSetWriterName":"<<UnknownDataSet>>","Payload":{"ns=23;i=1259":{"Value":{"Type":11,"Body":-0.54900000000000004},"SourceTimestamp":"2024-04-27T15:29:30.000573Z","ServerTimestamp":"2024-04-27T15:29:30.7821253Z"}}},{"SequenceNumber":10,"MetaDataVersion":{"MajorVersion":1},"Timestamp":"2024-04-27T15:29:30.9087683Z","MessageType":"ua-deltaframe","DataSetWriterName":"<<UnknownDataSet>>","Payload":{"ns=23;i=1259":{"Value":{"Type":11,"Body":-0.44900000000000001},"SourceTimestamp":"2024-04-27T15:29:30.000573Z","ServerTimestamp":"2024-04-27T15:29:30.8763132Z"}}}]