{"NodeId":"nsu=http://opcfoundation.org/UA/Plc/Applications;s=RandomUnsignedInt32","EndpointUrl":"opc.tcp://localhost:61457/UA/SampleServer","ApplicationUri":"urn:desktop-bgfjs91:OPCFoundation:CoreSampleServer","DisplayName":"nsu=http://opcfoundation.org/UA/Plc/Applications;s=RandomUnsignedInt32","Timestamp":"2024-04-27T14:24:34.8919963Z","Value":{"Value":{"Type":7,"Body":828770893},"SourceTimestamp":"2024-04-27T14:24:34.8763996Z","ServerTimestamp":"2024-04-27T14:24:34.8764009Z"},"SequenceNumber":99,"ExtensionFields":{}}