{"NodeId":"nsu=http://opcfoundation.org/UA/Plc/Applications;s=FastUIntScalar3","EndpointUrl":"opc.tcp://localhost:61457/UA/SampleServer","ApplicationUri":"urn:desktop-bgfjs91:OPCFoundation:CoreSampleServer","DisplayName":"nsu=http://opcfoundation.org/UA/Plc/Applications;s=FastUIntScalar3","Timestamp":"2024-04-27T14:24:34.8919963Z","Value":{"Value":{"Type":7,"Body":11},"SourceTimestamp":"2024-04-27T14:24:34.0688219Z","ServerTimestamp":"2024-04-27T14:24:34.0688224Z"},"SequenceNumber":103,"ExtensionFields":{}}