{"NodeId":"nsu=http://opcfoundation.org/UA/Plc/Applications;s=FastRandomUIntScalar2","EndpointUrl":"opc.tcp://localhost:61457/UA/SampleServer","ApplicationUri":"urn:desktop-bgfjs91:OPCFoundation:CoreSampleServer","DisplayName":"nsu=http://opcfoundation.org/UA/Plc/Applications;s=FastRandomUIntScalar2","Timestamp":"2024-04-27T14:24:34.8919963Z","Value":{"Value":{"Type":7,"Body":31952078},"SourceTimestamp":"2024-04-27T14:24:34.0688313Z","ServerTimestamp":"2024-04-27T14:24:34.0688325Z"},"SequenceNumber":105,"ExtensionFields":{}}