{"NodeId":"nsu=http://opcfoundation.org/UA/Plc/Applications;s=RandomSignedInt32","EndpointUrl":"opc.tcp://localhost:61457/UA/SampleServer","ApplicationUri":"urn:desktop-bgfjs91:OPCFoundation:CoreSampleServer","DisplayName":"nsu=http://opcfoundation.org/UA/Plc/Applications;s=RandomSignedInt32","Timestamp":"2024-04-27T14:24:35.8837922Z","Value":{"Value":{"Type":6,"Body":227691676},"SourceTimestamp":"2024-04-27T14:24:35.8672229Z","ServerTimestamp":"2024-04-27T14:24:35.8672289Z"},"SequenceNumber":109,"ExtensionFields":{}}