{"NodeId":"nsu=http://opcfoundation.org/UA/Plc/Applications;s=RandomUnsignedInt32","EndpointUrl":"opc.tcp://localhost:61457/UA/SampleServer","ApplicationUri":"urn:desktop-bgfjs91:OPCFoundation:CoreSampleServer","DisplayName":"nsu=http://opcfoundation.org/UA/Plc/Applications;s=RandomUnsignedInt32","Timestamp":"2024-04-27T14:24:35.8837922Z","Value":{"Value":{"Type":7,"Body":1064595712},"SourceTimestamp":"2024-04-27T14:24:35.8672232Z","ServerTimestamp":"2024-04-27T14:24:35.8672338Z"},"SequenceNumber":110,"ExtensionFields":{}}