{"NodeId":"nsu=http://opcfoundation.org/UA/Plc/Applications;s=FastRandomUIntScalar1","EndpointUrl":"opc.tcp://localhost:61457/UA/SampleServer","ApplicationUri":"urn:desktop-bgfjs91:OPCFoundation:CoreSampleServer","DisplayName":"nsu=http://opcfoundation.org/UA/Plc/Applications;s=FastRandomUIntScalar1","Timestamp":"2024-04-27T14:24:35.8837922Z","Value":{"Value":{"Type":7,"Body":2169003169},"SourceTimestamp":"2024-04-27T14:24:35.0635245Z","ServerTimestamp":"2024-04-27T14:24:35.0635285Z"},"SequenceNumber":115,"ExtensionFields":{}}