{"NodeId":"nsu=http://opcfoundation.org/UA/Plc/Applications;s=RandomSignedInt32","EndpointUrl":"opc.tcp://localhost:61457/UA/SampleServer","ApplicationUri":"urn:desktop-bgfjs91:OPCFoundation:CoreSampleServer","DisplayName":"nsu=http://opcfoundation.org/UA/Plc/Applications;s=RandomSignedInt32","Timestamp":"2024-04-27T14:24:36.8686841Z","Value":{"Value":{"Type":6,"Body":-82243242},"SourceTimestamp":"2024-04-27T14:24:36.8682748Z","ServerTimestamp":"2024-04-27T14:24:36.8682775Z"},"SequenceNumber":120,"ExtensionFields":{}}