{"NodeId":"nsu=http://opcfoundation.org/UA/Plc/Applications;s=NegativeTrendData","EndpointUrl":"opc.tcp://localhost:61457/UA/SampleServer","ApplicationUri":"urn:desktop-bgfjs91:OPCFoundation:CoreSampleServer","DisplayName":"nsu=http://opcfoundation.org/UA/Plc/Applications;s=NegativeTrendData","Timestamp":"2024-04-27T14:24:24.8670257Z","Value":{"Value":{"Type":11,"Body":100},"SourceTimestamp":"2024-04-27T14:24:23.763375Z","ServerTimestamp":"2024-04-27T14:24:23.8499366Z"},"SequenceNumber":13,"ExtensionFields":{}}