{"NodeId":"nsu=http://opcfoundation.org/UA/Plc/Applications;s=FastUIntScalar1","EndpointUrl":"opc.tcp://localhost:61457/UA/SampleServer","ApplicationUri":"urn:desktop-bgfjs91:OPCFoundation:CoreSampleServer","DisplayName":"nsu=http://opcfoundation.org/UA/Plc/Applications;s=FastUIntScalar1","Timestamp":"2024-04-27T14:24:36.8686841Z","Value":{"Value":{"Type":7,"Body":13},"SourceTimestamp":"2024-04-27T14:24:36.065692Z","ServerTimestamp":"2024-04-27T14:24:36.0656931Z"},"SequenceNumber":123,"ExtensionFields":{}}