{"NodeId":"nsu=http://opcfoundation.org/UA/Plc/Applications;s=FastRandomUIntScalar2","EndpointUrl":"opc.tcp://localhost:61457/UA/SampleServer","ApplicationUri":"urn:desktop-bgfjs91:OPCFoundation:CoreSampleServer","DisplayName":"nsu=http://opcfoundation.org/UA/Plc/Applications;s=FastRandomUIntScalar2","Timestamp":"2024-04-27T14:24:36.8686841Z","Value":{"Value":{"Type":7,"Body":4069415586},"SourceTimestamp":"2024-04-27T14:24:36.0657054Z","ServerTimestamp":"2024-04-27T14:24:36.0657061Z"},"SequenceNumber":127,"ExtensionFields":{}}