{"NodeId":"nsu=http://opcfoundation.org/UA/Plc/Applications;s=RandomUnsignedInt32","EndpointUrl":"opc.tcp://localhost:61457/UA/SampleServer","ApplicationUri":"urn:desktop-bgfjs91:OPCFoundation:CoreSampleServer","DisplayName":"nsu=http://opcfoundation.org/UA/Plc/Applications;s=RandomUnsignedInt32","Timestamp":"2024-04-27T14:24:37.8629318Z","Value":{"Value":{"Type":7,"Body":145733871},"SourceTimestamp":"2024-04-27T14:24:37.7706712Z","ServerTimestamp":"2024-04-27T14:24:37.7706739Z"},"SequenceNumber":132,"ExtensionFields":{}}