{"NodeId":"nsu=http://opcfoundation.org/UA/Plc/Applications;s=AlternatingBoolean","EndpointUrl":"opc.tcp://localhost:61457/UA/SampleServer","ApplicationUri":"urn:desktop-bgfjs91:OPCFoundation:CoreSampleServer","DisplayName":"nsu=http://opcfoundation.org/UA/Plc/Applications;s=AlternatingBoolean","Timestamp":"2024-04-27T14:24:38.8611444Z","Value":{"Value":{"Type":1,"Body":false},"SourceTimestamp":"2024-04-27T14:24:38.172104Z","ServerTimestamp":"2024-04-27T14:24:38.1721048Z"},"SequenceNumber":142,"ExtensionFields":{}}