{"NodeId":"nsu=http://opcfoundation.org/UA/Plc/Applications;s=RandomSignedInt32","EndpointUrl":"opc.tcp://localhost:61457/UA/SampleServer","ApplicationUri":"urn:desktop-bgfjs91:OPCFoundation:CoreSampleServer","DisplayName":"nsu=http://opcfoundation.org/UA/Plc/Applications;s=RandomSignedInt32","Timestamp":"2024-04-27T14:24:39.8583641Z","Value":{"Value":{"Type":6,"Body":-2069823899},"SourceTimestamp":"2024-04-27T14:24:39.7640407Z","ServerTimestamp":"2024-04-27T14:24:39.7640439Z"},"SequenceNumber":155,"ExtensionFields":{}}