{"NodeId":"nsu=http://opcfoundation.org/UA/Plc/Applications;s=FastUIntScalar2","EndpointUrl":"opc.tcp://localhost:61457/UA/SampleServer","ApplicationUri":"urn:desktop-bgfjs91:OPCFoundation:CoreSampleServer","DisplayName":"nsu=http://opcfoundation.org/UA/Plc/Applications;s=FastUIntScalar2","Timestamp":"2024-04-27T14:24:39.8583641Z","Value":{"Value":{"Type":7,"Body":16},"SourceTimestamp":"2024-04-27T14:24:39.0769253Z","ServerTimestamp":"2024-04-27T14:24:39.0769319Z"},"SequenceNumber":159,"ExtensionFields":{}}