{"NodeId":"nsu=http://opcfoundation.org/UA/Plc/Applications;s=FastRandomUIntScalar3","EndpointUrl":"opc.tcp://localhost:61457/UA/SampleServer","ApplicationUri":"urn:desktop-bgfjs91:OPCFoundation:CoreSampleServer","DisplayName":"nsu=http://opcfoundation.org/UA/Plc/Applications;s=FastRandomUIntScalar3","Timestamp":"2024-04-27T14:24:39.8583641Z","Value":{"Value":{"Type":7,"Body":1788137464},"SourceTimestamp":"2024-04-27T14:24:39.0769347Z","ServerTimestamp":"2024-04-27T14:24:39.0769361Z"},"SequenceNumber":163,"ExtensionFields":{}}