{"NodeId":"nsu=http://opcfoundation.org/UA/Plc/Applications;s=SpikeData","EndpointUrl":"opc.tcp://localhost:61457/UA/SampleServer","ApplicationUri":"urn:desktop-bgfjs91:OPCFoundation:CoreSampleServer","DisplayName":"nsu=http://opcfoundation.org/UA/Plc/Applications;s=SpikeData","Timestamp":"2024-04-27T14:24:39.8583641Z","Value":{"Value":{"Type":11,"Body":-90.482705246601981},"SourceTimestamp":"2024-04-27T14:24:39.7640598Z","ServerTimestamp":"2024-04-27T14:24:39.7640761Z"},"SequenceNumber":164,"ExtensionFields":{}}