{"NodeId":"nsu=http://opcfoundation.org/UA/Plc/Applications;s=FastUIntScalar2","EndpointUrl":"opc.tcp://localhost:61457/UA/SampleServer","ApplicationUri":"urn:desktop-bgfjs91:OPCFoundation:CoreSampleServer","DisplayName":"nsu=http://opcfoundation.org/UA/Plc/Applications;s=FastUIntScalar2","Timestamp":"2024-04-27T14:24:40.8520968Z","Value":{"Value":{"Type":7,"Body":17},"SourceTimestamp":"2024-04-27T14:24:40.0748857Z","ServerTimestamp":"2024-04-27T14:24:40.074887Z"},"SequenceNumber":170,"ExtensionFields":{}}