{"NodeId":"nsu=http://opcfoundation.org/UA/Plc/Applications;s=FastRandomUIntScalar3","EndpointUrl":"opc.tcp://localhost:61457/UA/SampleServer","ApplicationUri":"urn:desktop-bgfjs91:OPCFoundation:CoreSampleServer","DisplayName":"nsu=http://opcfoundation.org/UA/Plc/Applications;s=FastRandomUIntScalar3","Timestamp":"2024-04-27T14:24:40.8520968Z","Value":{"Value":{"Type":7,"Body":3512527845},"SourceTimestamp":"2024-04-27T14:24:40.0748897Z","ServerTimestamp":"2024-04-27T14:24:40.0748907Z"},"SequenceNumber":174,"ExtensionFields":{}}