{"NodeId":"nsu=http://opcfoundation.org/UA/Plc/Applications;s=RandomSignedInt32","EndpointUrl":"opc.tcp://localhost:61457/UA/SampleServer","ApplicationUri":"urn:desktop-bgfjs91:OPCFoundation:CoreSampleServer","DisplayName":"nsu=http://opcfoundation.org/UA/Plc/Applications;s=RandomSignedInt32","Timestamp":"2024-04-27T14:24:42.8910277Z","Value":{"Value":{"Type":6,"Body":1835443480},"SourceTimestamp":"2024-04-27T14:24:42.8754615Z","ServerTimestamp":"2024-04-27T14:24:42.8754641Z"},"SequenceNumber":177,"ExtensionFields":{}}