{"NodeId":"nsu=http://opcfoundation.org/UA/Plc/Applications;s=FastRandomUIntScalar1","EndpointUrl":"opc.tcp://localhost:61457/UA/SampleServer","ApplicationUri":"urn:desktop-bgfjs91:OPCFoundation:CoreSampleServer","DisplayName":"nsu=http://opcfoundation.org/UA/Plc/Applications;s=FastRandomUIntScalar1","Timestamp":"2024-04-27T14:24:42.8910277Z","Value":{"Value":{"Type":7,"Body":517262435},"SourceTimestamp":"2024-04-27T14:24:42.0710857Z","ServerTimestamp":"2024-04-27T14:24:42.0710872Z"},"SequenceNumber":183,"ExtensionFields":{}}