{"NodeId":"nsu=http://opcfoundation.org/UA/Plc/Applications;s=FastUIntScalar1","EndpointUrl":"opc.tcp://localhost:61457/UA/SampleServer","ApplicationUri":"urn:desktop-bgfjs91:OPCFoundation:CoreSampleServer","DisplayName":"nsu=http://opcfoundation.org/UA/Plc/Applications;s=FastUIntScalar1","Timestamp":"2024-04-27T14:24:25.860853Z","Value":{"Value":{"Type":7,"Body":2},"SourceTimestamp":"2024-04-27T14:24:25.0679599Z","ServerTimestamp":"2024-04-27T14:24:25.0679627Z"},"SequenceNumber":20,"ExtensionFields":{}}