{"NodeId":"nsu=http://opcfoundation.org/UA/Plc/Applications;s=FastRandomUIntScalar2","EndpointUrl":"opc.tcp://localhost:61457/UA/SampleServer","ApplicationUri":"urn:desktop-bgfjs91:OPCFoundation:CoreSampleServer","DisplayName":"nsu=http://opcfoundation.org/UA/Plc/Applications;s=FastRandomUIntScalar2","Timestamp":"2024-04-27T14:24:43.877767Z","Value":{"Value":{"Type":7,"Body":2671392224},"SourceTimestamp":"2024-04-27T14:24:43.0741202Z","ServerTimestamp":"2024-04-27T14:24:43.0741218Z"},"SequenceNumber":196,"ExtensionFields":{}}