{"NodeId":"nsu=http://opcfoundation.org/UA/Plc/Applications;s=FastRandomUIntScalar3","EndpointUrl":"opc.tcp://localhost:61457/UA/SampleServer","ApplicationUri":"urn:desktop-bgfjs91:OPCFoundation:CoreSampleServer","DisplayName":"nsu=http://opcfoundation.org/UA/Plc/Applications;s=FastRandomUIntScalar3","Timestamp":"2024-04-27T14:24:43.877767Z","Value":{"Value":{"Type":7,"Body":3663163515},"SourceTimestamp":"2024-04-27T14:24:43.0741243Z","ServerTimestamp":"2024-04-27T14:24:43.0741366Z"},"SequenceNumber":197,"ExtensionFields":{}}