{"NodeId":"nsu=http://opcfoundation.org/UA/Plc/Applications;s=RandomSignedInt32","EndpointUrl":"opc.tcp://localhost:61457/UA/SampleServer","ApplicationUri":"urn:desktop-bgfjs91:OPCFoundation:CoreSampleServer","DisplayName":"nsu=http://opcfoundation.org/UA/Plc/Applications;s=RandomSignedInt32","Timestamp":"2024-04-27T14:24:44.8750548Z","Value":{"Value":{"Type":6,"Body":1571630504},"SourceTimestamp":"2024-04-27T14:24:44.7666586Z","ServerTimestamp":"2024-04-27T14:24:44.7666592Z"},"SequenceNumber":201,"ExtensionFields":{}}