{"NodeId":"nsu=http://opcfoundation.org/UA/Plc/Applications;s=FastUIntScalar1","EndpointUrl":"opc.tcp://localhost:61457/UA/SampleServer","ApplicationUri":"urn:desktop-bgfjs91:OPCFoundation:CoreSampleServer","DisplayName":"nsu=http://opcfoundation.org/UA/Plc/Applications;s=FastUIntScalar1","Timestamp":"2024-04-27T14:24:44.8750548Z","Value":{"Value":{"Type":7,"Body":21},"SourceTimestamp":"2024-04-27T14:24:44.0650558Z","ServerTimestamp":"2024-04-27T14:24:44.0650578Z"},"SequenceNumber":204,"ExtensionFields":{}}