{"NodeId":"nsu=http://opcfoundation.org/UA/Plc/Applications;s=FastRandomUIntScalar3","EndpointUrl":"opc.tcp://localhost:61457/UA/SampleServer","ApplicationUri":"urn:desktop-bgfjs91:OPCFoundation:CoreSampleServer","DisplayName":"nsu=http://opcfoundation.org/UA/Plc/Applications;s=FastRandomUIntScalar3","Timestamp":"2024-04-27T14:24:44.8750548Z","Value":{"Value":{"Type":7,"Body":535181327},"SourceTimestamp":"2024-04-27T14:24:44.0650729Z","ServerTimestamp":"2024-04-27T14:24:44.0650743Z"},"SequenceNumber":209,"ExtensionFields":{}}