{"NodeId":"nsu=http://opcfoundation.org/UA/Plc/Applications;s=RandomSignedInt32","EndpointUrl":"opc.tcp://localhost:61457/UA/SampleServer","ApplicationUri":"urn:desktop-bgfjs91:OPCFoundation:CoreSampleServer","DisplayName":"nsu=http://opcfoundation.org/UA/Plc/Applications;s=RandomSignedInt32","Timestamp":"2024-04-27T14:24:45.8700569Z","Value":{"Value":{"Type":6,"Body":-1267418159},"SourceTimestamp":"2024-04-27T14:24:45.7775967Z","ServerTimestamp":"2024-04-27T14:24:45.7775982Z"},"SequenceNumber":212,"ExtensionFields":{}}