{"NodeId":"nsu=http://opcfoundation.org/UA/Plc/Applications;s=FastUIntScalar2","EndpointUrl":"opc.tcp://localhost:61457/UA/SampleServer","ApplicationUri":"urn:desktop-bgfjs91:OPCFoundation:CoreSampleServer","DisplayName":"nsu=http://opcfoundation.org/UA/Plc/Applications;s=FastUIntScalar2","Timestamp":"2024-04-27T14:24:45.8700569Z","Value":{"Value":{"Type":7,"Body":22},"SourceTimestamp":"2024-04-27T14:24:45.0773955Z","ServerTimestamp":"2024-04-27T14:24:45.0773961Z"},"SequenceNumber":216,"ExtensionFields":{}}