{"NodeId":"nsu=http://opcfoundation.org/UA/Plc/Applications;s=FastRandomUIntScalar2","EndpointUrl":"opc.tcp://localhost:61457/UA/SampleServer","ApplicationUri":"urn:desktop-bgfjs91:OPCFoundation:CoreSampleServer","DisplayName":"nsu=http://opcfoundation.org/UA/Plc/Applications;s=FastRandomUIntScalar2","Timestamp":"2024-04-27T14:24:45.8700569Z","Value":{"Value":{"Type":7,"Body":2237682143},"SourceTimestamp":"2024-04-27T14:24:45.0773854Z","ServerTimestamp":"2024-04-27T14:24:45.0773977Z"},"SequenceNumber":219,"ExtensionFields":{}}