{"NodeId":"nsu=http://opcfoundation.org/UA/Plc/Applications;s=SpikeData","EndpointUrl":"opc.tcp://localhost:61457/UA/SampleServer","ApplicationUri":"urn:desktop-bgfjs91:OPCFoundation:CoreSampleServer","DisplayName":"nsu=http://opcfoundation.org/UA/Plc/Applications;s=SpikeData","Timestamp":"2024-04-27T14:24:45.8700569Z","Value":{"Value":{"Type":11,"Body":24.868988716485482},"SourceTimestamp":"2024-04-27T14:24:45.8694413Z","ServerTimestamp":"2024-04-27T14:24:45.8694454Z"},"SequenceNumber":221,"ExtensionFields":{}}