{"NodeId":"nsu=http://opcfoundation.org/UA/Plc/Applications;s=DipData","EndpointUrl":"opc.tcp://localhost:61457/UA/SampleServer","ApplicationUri":"urn:desktop-bgfjs91:OPCFoundation:CoreSampleServer","DisplayName":"nsu=http://opcfoundation.org/UA/Plc/Applications;s=DipData","Timestamp":"2024-04-27T14:24:46.8608327Z","Value":{"Value":{"Type":11,"Body":98.228725072868855},"SourceTimestamp":"2024-04-27T14:24:46.7674167Z","ServerTimestamp":"2024-04-27T14:24:46.767418Z"},"SequenceNumber":225,"ExtensionFields":{}}