{"NodeId":"nsu=http://opcfoundation.org/UA/Plc/Applications;s=FastRandomUIntScalar1","EndpointUrl":"opc.tcp://localhost:61457/UA/SampleServer","ApplicationUri":"urn:desktop-bgfjs91:OPCFoundation:CoreSampleServer","DisplayName":"nsu=http://opcfoundation.org/UA/Plc/Applications;s=FastRandomUIntScalar1","Timestamp":"2024-04-27T14:24:46.8608327Z","Value":{"Value":{"Type":7,"Body":3527237352},"SourceTimestamp":"2024-04-27T14:24:46.073775Z","ServerTimestamp":"2024-04-27T14:24:46.073776Z"},"SequenceNumber":229,"ExtensionFields":{}}