{"NodeId":"nsu=http://opcfoundation.org/UA/Plc/Applications;s=FastRandomUIntScalar2","EndpointUrl":"opc.tcp://localhost:61457/UA/SampleServer","ApplicationUri":"urn:desktop-bgfjs91:OPCFoundation:CoreSampleServer","DisplayName":"nsu=http://opcfoundation.org/UA/Plc/Applications;s=FastRandomUIntScalar2","Timestamp":"2024-04-27T14:24:46.8608327Z","Value":{"Value":{"Type":7,"Body":158637817},"SourceTimestamp":"2024-04-27T14:24:46.0737781Z","ServerTimestamp":"2024-04-27T14:24:46.073779Z"},"SequenceNumber":230,"ExtensionFields":{}}