{"NodeId":"nsu=http://opcfoundation.org/UA/Plc/Applications;s=FastRandomUIntScalar3","EndpointUrl":"opc.tcp://localhost:61457/UA/SampleServer","ApplicationUri":"urn:desktop-bgfjs91:OPCFoundation:CoreSampleServer","DisplayName":"nsu=http://opcfoundation.org/UA/Plc/Applications;s=FastRandomUIntScalar3","Timestamp":"2024-04-27T14:24:46.8608327Z","Value":{"Value":{"Type":7,"Body":3218619894},"SourceTimestamp":"2024-04-27T14:24:46.0737814Z","ServerTimestamp":"2024-04-27T14:24:46.0737825Z"},"SequenceNumber":231,"ExtensionFields":{}}