{"NodeId":"nsu=http://opcfoundation.org/UA/Plc/Applications;s=FastRandomUIntScalar3","EndpointUrl":"opc.tcp://localhost:61457/UA/SampleServer","ApplicationUri":"urn:desktop-bgfjs91:OPCFoundation:CoreSampleServer","DisplayName":"nsu=http://opcfoundation.org/UA/Plc/Applications;s=FastRandomUIntScalar3","Timestamp":"2024-04-27T14:24:25.860853Z","Value":{"Value":{"Type":7,"Body":1494384200},"SourceTimestamp":"2024-04-27T14:24:25.0679693Z","ServerTimestamp":"2024-04-27T14:24:25.0679708Z"},"SequenceNumber":25,"ExtensionFields":{}}