{"NodeId":"nsu=http://opcfoundation.org/UA/Plc/Applications;s=FastRandomUIntScalar2","EndpointUrl":"opc.tcp://localhost:61457/UA/SampleServer","ApplicationUri":"urn:desktop-bgfjs91:OPCFoundation:CoreSampleServer","DisplayName":"nsu=http://opcfoundation.org/UA/Plc/Applications;s=FastRandomUIntScalar2","Timestamp":"2024-04-27T14:24:47.8520553Z","Value":{"Value":{"Type":7,"Body":1128902347},"SourceTimestamp":"2024-04-27T14:24:47.0767119Z","ServerTimestamp":"2024-04-27T14:24:47.0767141Z"},"SequenceNumber":241,"ExtensionFields":{}}