{"NodeId":"nsu=http://opcfoundation.org/UA/Plc/Applications;s=PositiveTrendData","EndpointUrl":"opc.tcp://localhost:61457/UA/SampleServer","ApplicationUri":"urn:desktop-bgfjs91:OPCFoundation:CoreSampleServer","DisplayName":"nsu=http://opcfoundation.org/UA/Plc/Applications;s=PositiveTrendData","Timestamp":"2024-04-27T14:24:48.8401026Z","Value":{"Value":{"Type":11,"Body":100.5},"SourceTimestamp":"2024-04-27T14:24:48.1750046Z","ServerTimestamp":"2024-04-27T14:24:48.1750075Z"},"SequenceNumber":245,"ExtensionFields":{}}