{"NodeId":"nsu=http://opcfoundation.org/UA/Plc/Applications;s=RandomUnsignedInt32","EndpointUrl":"opc.tcp://localhost:61457/UA/SampleServer","ApplicationUri":"urn:desktop-bgfjs91:OPCFoundation:CoreSampleServer","DisplayName":"nsu=http://opcfoundation.org/UA/Plc/Applications;s=RandomUnsignedInt32","Timestamp":"2024-04-27T14:24:49.8956712Z","Value":{"Value":{"Type":7,"Body":1339600893},"SourceTimestamp":"2024-04-27T14:24:49.8636404Z","ServerTimestamp":"2024-04-27T14:24:49.8636411Z"},"SequenceNumber":248,"ExtensionFields":{}}