{"NodeId":"nsu=http://opcfoundation.org/UA/Plc/Applications;s=FastRandomUIntScalar1","EndpointUrl":"opc.tcp://localhost:61457/UA/SampleServer","ApplicationUri":"urn:desktop-bgfjs91:OPCFoundation:CoreSampleServer","DisplayName":"nsu=http://opcfoundation.org/UA/Plc/Applications;s=FastRandomUIntScalar1","Timestamp":"2024-04-27T14:24:49.8956712Z","Value":{"Value":{"Type":7,"Body":954917376},"SourceTimestamp":"2024-04-27T14:24:49.0744309Z","ServerTimestamp":"2024-04-27T14:24:49.0744344Z"},"SequenceNumber":253,"ExtensionFields":{}}