{"NodeId":"nsu=http://opcfoundation.org/UA/Plc/Applications;s=RandomSignedInt32","EndpointUrl":"opc.tcp://localhost:61457/UA/SampleServer","ApplicationUri":"urn:desktop-bgfjs91:OPCFoundation:CoreSampleServer","DisplayName":"nsu=http://opcfoundation.org/UA/Plc/Applications;s=RandomSignedInt32","Timestamp":"2024-04-27T14:24:50.8850625Z","Value":{"Value":{"Type":6,"Body":-1024185889},"SourceTimestamp":"2024-04-27T14:24:50.8684633Z","ServerTimestamp":"2024-04-27T14:24:50.8684691Z"},"SequenceNumber":258,"ExtensionFields":{}}