{"NodeId":"nsu=http://opcfoundation.org/UA/Plc/Applications;s=RandomUnsignedInt32","EndpointUrl":"opc.tcp://localhost:61457/UA/SampleServer","ApplicationUri":"urn:desktop-bgfjs91:OPCFoundation:CoreSampleServer","DisplayName":"nsu=http://opcfoundation.org/UA/Plc/Applications;s=RandomUnsignedInt32","Timestamp":"2024-04-27T14:24:50.8850625Z","Value":{"Value":{"Type":7,"Body":1178167456},"SourceTimestamp":"2024-04-27T14:24:50.868442Z","ServerTimestamp":"2024-04-27T14:24:50.8684636Z"},"SequenceNumber":259,"ExtensionFields":{}}