{"NodeId":"nsu=http://opcfoundation.org/UA/Plc/Applications;s=FastUIntScalar2","EndpointUrl":"opc.tcp://localhost:61457/UA/SampleServer","ApplicationUri":"urn:desktop-bgfjs91:OPCFoundation:CoreSampleServer","DisplayName":"nsu=http://opcfoundation.org/UA/Plc/Applications;s=FastUIntScalar2","Timestamp":"2024-04-27T14:24:50.8850625Z","Value":{"Value":{"Type":7,"Body":27},"SourceTimestamp":"2024-04-27T14:24:50.0638378Z","ServerTimestamp":"2024-04-27T14:24:50.0638386Z"},"SequenceNumber":262,"ExtensionFields":{}}