{"NodeId":"nsu=http://opcfoundation.org/UA/Plc/Applications;s=RandomSignedInt32","EndpointUrl":"opc.tcp://localhost:61457/UA/SampleServer","ApplicationUri":"urn:desktop-bgfjs91:OPCFoundation:CoreSampleServer","DisplayName":"nsu=http://opcfoundation.org/UA/Plc/Applications;s=RandomSignedInt32","Timestamp":"2024-04-27T14:24:27.834925Z","Value":{"Value":{"Type":6,"Body":1177302832},"SourceTimestamp":"2024-04-27T14:24:27.7716321Z","ServerTimestamp":"2024-04-27T14:24:27.7716341Z"},"SequenceNumber":28,"ExtensionFields":{}}