{"NodeId":"nsu=http://opcfoundation.org/UA/Plc/Applications;s=FastUIntScalar3","EndpointUrl":"opc.tcp://localhost:61457/UA/SampleServer","ApplicationUri":"urn:desktop-bgfjs91:OPCFoundation:CoreSampleServer","DisplayName":"nsu=http://opcfoundation.org/UA/Plc/Applications;s=FastUIntScalar3","Timestamp":"2024-04-27T14:24:51.8705765Z","Value":{"Value":{"Type":7,"Body":28},"SourceTimestamp":"2024-04-27T14:24:51.0682935Z","ServerTimestamp":"2024-04-27T14:24:51.0682941Z"},"SequenceNumber":274,"ExtensionFields":{}}