{"NodeId":"nsu=http://opcfoundation.org/UA/Plc/Applications;s=RandomSignedInt32","EndpointUrl":"opc.tcp://localhost:61457/UA/SampleServer","ApplicationUri":"urn:desktop-bgfjs91:OPCFoundation:CoreSampleServer","DisplayName":"nsu=http://opcfoundation.org/UA/Plc/Applications;s=RandomSignedInt32","Timestamp":"2024-04-27T14:24:52.8610653Z","Value":{"Value":{"Type":6,"Body":-1440374221},"SourceTimestamp":"2024-04-27T14:24:52.7670419Z","ServerTimestamp":"2024-04-27T14:24:52.7670512Z"},"SequenceNumber":280,"ExtensionFields":{}}