{"NodeId":"nsu=http://opcfoundation.org/UA/Plc/Applications;s=FastUIntScalar1","EndpointUrl":"opc.tcp://localhost:61457/UA/SampleServer","ApplicationUri":"urn:desktop-bgfjs91:OPCFoundation:CoreSampleServer","DisplayName":"nsu=http://opcfoundation.org/UA/Plc/Applications;s=FastUIntScalar1","Timestamp":"2024-04-27T14:24:52.8610653Z","Value":{"Value":{"Type":7,"Body":29},"SourceTimestamp":"2024-04-27T14:24:52.0718099Z","ServerTimestamp":"2024-04-27T14:24:52.0718117Z"},"SequenceNumber":283,"ExtensionFields":{}}