{"NodeId":"nsu=http://opcfoundation.org/UA/Plc/Applications;s=SlowUIntScalar2","EndpointUrl":"opc.tcp://localhost:61457/UA/SampleServer","ApplicationUri":"urn:desktop-bgfjs91:OPCFoundation:CoreSampleServer","DisplayName":"nsu=http://opcfoundation.org/UA/Plc/Applications;s=SlowUIntScalar2","Timestamp":"2024-04-27T14:24:53.9089589Z","Value":{"Value":{"Type":7,"Body":3},"SourceTimestamp":"2024-04-27T14:24:53.0775412Z","ServerTimestamp":"2024-04-27T14:24:53.0775424Z"},"SequenceNumber":18,"ExtensionFields":{}}