{"NodeId":"nsu=http://opcfoundation.org/UA/Plc/Applications;s=FastUIntScalar1","EndpointUrl":"opc.tcp://localhost:61457/UA/SampleServer","ApplicationUri":"urn:desktop-bgfjs91:OPCFoundation:CoreSampleServer","DisplayName":"nsu=http://opcfoundation.org/UA/Plc/Applications;s=FastUIntScalar1","Timestamp":"2024-04-27T14:24:27.834925Z","Value":{"Value":{"Type":7,"Body":4},"SourceTimestamp":"2024-04-27T14:24:27.0665568Z","ServerTimestamp":"2024-04-27T14:24:27.0665579Z"},"SequenceNumber":31,"ExtensionFields":{}}