{"NodeId":"nsu=http://opcfoundation.org/UA/Plc/Applications;s=RandomUnsignedInt32","EndpointUrl":"opc.tcp://localhost:61457/UA/SampleServer","ApplicationUri":"urn:desktop-bgfjs91:OPCFoundation:CoreSampleServer","DisplayName":"nsu=http://opcfoundation.org/UA/Plc/Applications;s=RandomUnsignedInt32","Timestamp":"2024-04-27T14:24:54.8409122Z","Value":{"Value":{"Type":7,"Body":1259360977},"SourceTimestamp":"2024-04-27T14:24:54.7633837Z","ServerTimestamp":"2024-04-27T14:24:54.7633921Z"},"SequenceNumber":294,"ExtensionFields":{}}