{"NodeId":"nsu=http://opcfoundation.org/UA/Plc/Applications;s=FastRandomUIntScalar3","EndpointUrl":"opc.tcp://localhost:61457/UA/SampleServer","ApplicationUri":"urn:desktop-bgfjs91:OPCFoundation:CoreSampleServer","DisplayName":"nsu=http://opcfoundation.org/UA/Plc/Applications;s=FastRandomUIntScalar3","Timestamp":"2024-04-27T14:24:54.8409122Z","Value":{"Value":{"Type":7,"Body":35888649},"SourceTimestamp":"2024-04-27T14:24:54.0640114Z","ServerTimestamp":"2024-04-27T14:24:54.0640122Z"},"SequenceNumber":301,"ExtensionFields":{}}