{"NodeId":"nsu=http://opcfoundation.org/UA/Plc/Applications;s=RandomSignedInt32","EndpointUrl":"opc.tcp://localhost:61457/UA/SampleServer","ApplicationUri":"urn:desktop-bgfjs91:OPCFoundation:CoreSampleServer","DisplayName":"nsu=http://opcfoundation.org/UA/Plc/Applications;s=RandomSignedInt32","Timestamp":"2024-04-27T14:24:55.8374051Z","Value":{"Value":{"Type":6,"Body":-13885877},"SourceTimestamp":"2024-04-27T14:24:55.775064Z","ServerTimestamp":"2024-04-27T14:24:55.7750677Z"},"SequenceNumber":304,"ExtensionFields":{}}