{"NodeId":"nsu=http://opcfoundation.org/UA/Plc/Applications;s=RandomUnsignedInt32","EndpointUrl":"opc.tcp://localhost:61457/UA/SampleServer","ApplicationUri":"urn:desktop-bgfjs91:OPCFoundation:CoreSampleServer","DisplayName":"nsu=http://opcfoundation.org/UA/Plc/Applications;s=RandomUnsignedInt32","Timestamp":"2024-04-27T14:24:55.8374051Z","Value":{"Value":{"Type":7,"Body":1833100341},"SourceTimestamp":"2024-04-27T14:24:55.7750684Z","ServerTimestamp":"2024-04-27T14:24:55.7750753Z"},"SequenceNumber":305,"ExtensionFields":{}}