{"NodeId":"nsu=http://opcfoundation.org/UA/Plc/Applications;s=FastUIntScalar3","EndpointUrl":"opc.tcp://localhost:61457/UA/SampleServer","ApplicationUri":"urn:desktop-bgfjs91:OPCFoundation:CoreSampleServer","DisplayName":"nsu=http://opcfoundation.org/UA/Plc/Applications;s=FastUIntScalar3","Timestamp":"2024-04-27T14:24:55.8374051Z","Value":{"Value":{"Type":7,"Body":32},"SourceTimestamp":"2024-04-27T14:24:55.073668Z","ServerTimestamp":"2024-04-27T14:24:55.0736747Z"},"SequenceNumber":309,"ExtensionFields":{}}