{"NodeId":"nsu=http://opcfoundation.org/UA/Plc/Applications;s=RandomSignedInt32","EndpointUrl":"opc.tcp://localhost:61457/UA/SampleServer","ApplicationUri":"urn:desktop-bgfjs91:OPCFoundation:CoreSampleServer","DisplayName":"nsu=http://opcfoundation.org/UA/Plc/Applications;s=RandomSignedInt32","Timestamp":"2024-04-27T14:24:56.8899615Z","Value":{"Value":{"Type":6,"Body":-1112828373},"SourceTimestamp":"2024-04-27T14:24:56.8750941Z","ServerTimestamp":"2024-04-27T14:24:56.875198Z"},"SequenceNumber":315,"ExtensionFields":{}}