{"NodeId":"nsu=http://opcfoundation.org/UA/Plc/Applications;s=FastRandomUIntScalar1","EndpointUrl":"opc.tcp://localhost:61457/UA/SampleServer","ApplicationUri":"urn:desktop-bgfjs91:OPCFoundation:CoreSampleServer","DisplayName":"nsu=http://opcfoundation.org/UA/Plc/Applications;s=FastRandomUIntScalar1","Timestamp":"2024-04-27T14:24:27.834925Z","Value":{"Value":{"Type":7,"Body":2712871635},"SourceTimestamp":"2024-04-27T14:24:27.0665777Z","ServerTimestamp":"2024-04-27T14:24:27.0665785Z"},"SequenceNumber":34,"ExtensionFields":{}}