{"NodeId":"nsu=http://opcfoundation.org/UA/Plc/Applications;s=RandomUnsignedInt32","EndpointUrl":"opc.tcp://localhost:61457/UA/SampleServer","ApplicationUri":"urn:desktop-bgfjs91:OPCFoundation:CoreSampleServer","DisplayName":"nsu=http://opcfoundation.org/UA/Plc/Applications;s=RandomUnsignedInt32","Timestamp":"2024-04-27T14:24:56.8899615Z","Value":{"Value":{"Type":7,"Body":897918563},"SourceTimestamp":"2024-04-27T14:24:56.8750879Z","ServerTimestamp":"2024-04-27T14:24:56.8750893Z"},"SequenceNumber":316,"ExtensionFields":{}}