{"NodeId":"nsu=http://opcfoundation.org/UA/Plc/Applications;s=FastRandomUIntScalar2","EndpointUrl":"opc.tcp://localhost:61457/UA/SampleServer","ApplicationUri":"urn:desktop-bgfjs91:OPCFoundation:CoreSampleServer","DisplayName":"nsu=http://opcfoundation.org/UA/Plc/Applications;s=FastRandomUIntScalar2","Timestamp":"2024-04-27T14:24:56.8899615Z","Value":{"Value":{"Type":7,"Body":834926937},"SourceTimestamp":"2024-04-27T14:24:56.0693159Z","ServerTimestamp":"2024-04-27T14:24:56.0693182Z"},"SequenceNumber":322,"ExtensionFields":{}}