{"NodeId":"nsu=http://opcfoundation.org/UA/Plc/Applications;s=FastUIntScalar1","EndpointUrl":"opc.tcp://localhost:61457/UA/SampleServer","ApplicationUri":"urn:desktop-bgfjs91:OPCFoundation:CoreSampleServer","DisplayName":"nsu=http://opcfoundation.org/UA/Plc/Applications;s=FastUIntScalar1","Timestamp":"2024-04-27T14:24:57.8678903Z","Value":{"Value":{"Type":7,"Body":34},"SourceTimestamp":"2024-04-27T14:24:57.0769604Z","ServerTimestamp":"2024-04-27T14:24:57.0769664Z"},"SequenceNumber":329,"ExtensionFields":{}}