{"NodeId":"nsu=http://opcfoundation.org/UA/Plc/Applications;s=FastUIntScalar1","EndpointUrl":"opc.tcp://localhost:61457/UA/SampleServer","ApplicationUri":"urn:desktop-bgfjs91:OPCFoundation:CoreSampleServer","DisplayName":"nsu=http://opcfoundation.org/UA/Plc/Applications;s=FastUIntScalar1","Timestamp":"2024-04-27T14:24:58.8591586Z","Value":{"Value":{"Type":7,"Body":35},"SourceTimestamp":"2024-04-27T14:24:58.0687896Z","ServerTimestamp":"2024-04-27T14:24:58.0687995Z"},"SequenceNumber":341,"ExtensionFields":{}}