{"NodeId":"nsu=http://opcfoundation.org/UA/Plc/Applications;s=FastRandomUIntScalar2","EndpointUrl":"opc.tcp://localhost:61457/UA/SampleServer","ApplicationUri":"urn:desktop-bgfjs91:OPCFoundation:CoreSampleServer","DisplayName":"nsu=http://opcfoundation.org/UA/Plc/Applications;s=FastRandomUIntScalar2","Timestamp":"2024-04-27T14:24:58.8591586Z","Value":{"Value":{"Type":7,"Body":1312782498},"SourceTimestamp":"2024-04-27T14:24:58.0687992Z","ServerTimestamp":"2024-04-27T14:24:58.0688462Z"},"SequenceNumber":345,"ExtensionFields":{}}