{"NodeId":"nsu=http://opcfoundation.org/UA/Plc/Applications;s=PositiveTrendData","EndpointUrl":"opc.tcp://localhost:61457/UA/SampleServer","ApplicationUri":"urn:desktop-bgfjs91:OPCFoundation:CoreSampleServer","DisplayName":"nsu=http://opcfoundation.org/UA/Plc/Applications;s=PositiveTrendData","Timestamp":"2024-04-27T14:24:58.8591586Z","Value":{"Value":{"Type":11,"Body":100.7},"SourceTimestamp":"2024-04-27T14:24:58.1775369Z","ServerTimestamp":"2024-04-27T14:24:58.1775403Z"},"SequenceNumber":347,"ExtensionFields":{}}