{"NodeId":"nsu=http://opcfoundation.org/UA/Plc/Applications;s=FastRandomUIntScalar1","EndpointUrl":"opc.tcp://localhost:61457/UA/SampleServer","ApplicationUri":"urn:desktop-bgfjs91:OPCFoundation:CoreSampleServer","DisplayName":"nsu=http://opcfoundation.org/UA/Plc/Applications;s=FastRandomUIntScalar1","Timestamp":"2024-04-27T14:24:59.8500828Z","Value":{"Value":{"Type":7,"Body":231150466},"SourceTimestamp":"2024-04-27T14:24:59.0763118Z","ServerTimestamp":"2024-04-27T14:24:59.0763152Z"},"SequenceNumber":356,"ExtensionFields":{}}