{"NodeId":"nsu=http://opcfoundation.org/UA/Plc/Applications;s=FastUIntScalar3","EndpointUrl":"opc.tcp://localhost:61457/UA/SampleServer","ApplicationUri":"urn:desktop-bgfjs91:OPCFoundation:CoreSampleServer","DisplayName":"nsu=http://opcfoundation.org/UA/Plc/Applications;s=FastUIntScalar3","Timestamp":"2024-04-27T14:25:01.8923695Z","Value":{"Value":{"Type":7,"Body":38},"SourceTimestamp":"2024-04-27T14:25:01.0743485Z","ServerTimestamp":"2024-04-27T14:25:01.0743495Z"},"SequenceNumber":366,"ExtensionFields":{}}