{"NodeId":"nsu=http://opcfoundation.org/UA/Plc/Applications;s=FastRandomUIntScalar3","EndpointUrl":"opc.tcp://localhost:61457/UA/SampleServer","ApplicationUri":"urn:desktop-bgfjs91:OPCFoundation:CoreSampleServer","DisplayName":"nsu=http://opcfoundation.org/UA/Plc/Applications;s=FastRandomUIntScalar3","Timestamp":"2024-04-27T14:25:01.8923695Z","Value":{"Value":{"Type":7,"Body":1659433380},"SourceTimestamp":"2024-04-27T14:25:01.074319Z","ServerTimestamp":"2024-04-27T14:25:01.0743197Z"},"SequenceNumber":369,"ExtensionFields":{}}