{"NodeId":"nsu=http://opcfoundation.org/UA/Plc/Applications;s=RandomSignedInt32","EndpointUrl":"opc.tcp://localhost:61457/UA/SampleServer","ApplicationUri":"urn:desktop-bgfjs91:OPCFoundation:CoreSampleServer","DisplayName":"nsu=http://opcfoundation.org/UA/Plc/Applications;s=RandomSignedInt32","Timestamp":"2024-04-27T14:24:28.8831329Z","Value":{"Value":{"Type":6,"Body":-990732939},"SourceTimestamp":"2024-04-27T14:24:28.8671558Z","ServerTimestamp":"2024-04-27T14:24:28.8671593Z"},"SequenceNumber":40,"ExtensionFields":{}}