{"NodeId":"nsu=http://opcfoundation.org/UA/Plc/Applications;s=FastRandomUIntScalar3","EndpointUrl":"opc.tcp://localhost:61457/UA/SampleServer","ApplicationUri":"urn:desktop-bgfjs91:OPCFoundation:CoreSampleServer","DisplayName":"nsu=http://opcfoundation.org/UA/Plc/Applications;s=FastRandomUIntScalar3","Timestamp":"2024-04-27T14:25:02.8780038Z","Value":{"Value":{"Type":7,"Body":477019949},"SourceTimestamp":"2024-04-27T14:25:02.0773622Z","ServerTimestamp":"2024-04-27T14:25:02.077363Z"},"SequenceNumber":380,"ExtensionFields":{}}