{"NodeId":"nsu=http://opcfoundation.org/UA/Plc/Applications;s=DipData","EndpointUrl":"opc.tcp://localhost:61457/UA/SampleServer","ApplicationUri":"urn:desktop-bgfjs91:OPCFoundation:CoreSampleServer","DisplayName":"nsu=http://opcfoundation.org/UA/Plc/Applications;s=DipData","Timestamp":"2024-04-27T14:25:03.8728781Z","Value":{"Value":{"Type":11,"Body":-68.454710592868821},"SourceTimestamp":"2024-04-27T14:25:03.7637755Z","ServerTimestamp":"2024-04-27T14:25:03.7637769Z"},"SequenceNumber":386,"ExtensionFields":{}}