{"NodeId":"nsu=http://opcfoundation.org/UA/Plc/Applications;s=FastRandomUIntScalar3","EndpointUrl":"opc.tcp://localhost:61457/UA/SampleServer","ApplicationUri":"urn:desktop-bgfjs91:OPCFoundation:CoreSampleServer","DisplayName":"nsu=http://opcfoundation.org/UA/Plc/Applications;s=FastRandomUIntScalar3","Timestamp":"2024-04-27T14:25:03.8728781Z","Value":{"Value":{"Type":7,"Body":2265419432},"SourceTimestamp":"2024-04-27T14:25:03.0628698Z","ServerTimestamp":"2024-04-27T14:25:03.0628725Z"},"SequenceNumber":392,"ExtensionFields":{}}