{"NodeId":"nsu=http://opcfoundation.org/UA/Plc/Applications;s=SlowRandomUIntScalar3","EndpointUrl":"opc.tcp://localhost:61457/UA/SampleServer","ApplicationUri":"urn:desktop-bgfjs91:OPCFoundation:CoreSampleServer","DisplayName":"nsu=http://opcfoundation.org/UA/Plc/Applications;s=SlowRandomUIntScalar3","Timestamp":"2024-04-27T14:25:03.9342601Z","Value":{"Value":{"Type":7,"Body":1692787701},"SourceTimestamp":"2024-04-27T14:25:03.0628471Z","ServerTimestamp":"2024-04-27T14:25:03.0628499Z"},"SequenceNumber":31,"ExtensionFields":{}}