{"NodeId":"nsu=http://opcfoundation.org/UA/Plc/Applications;s=BadSlowRandomUIntScalar1","EndpointUrl":"opc.tcp://localhost:61457/UA/SampleServer","ApplicationUri":"urn:desktop-bgfjs91:OPCFoundation:CoreSampleServer","DisplayName":"nsu=http://opcfoundation.org/UA/Plc/Applications;s=BadSlowRandomUIntScalar1","Timestamp":"2024-04-27T14:25:03.9342601Z","Value":{"Value":{"Type":7,"Body":709995885},"StatusCode":1083179008,"SourceTimestamp":"2024-04-27T14:25:03.0628523Z","ServerTimestamp":"2024-04-27T14:25:03.0628539Z"},"SequenceNumber":32,"ExtensionFields":{}}