{"NodeId":"nsu=http://opcfoundation.org/UA/Plc/Applications;s=FastUIntScalar3","EndpointUrl":"opc.tcp://localhost:61457/UA/SampleServer","ApplicationUri":"urn:desktop-bgfjs91:OPCFoundation:CoreSampleServer","DisplayName":"nsu=http://opcfoundation.org/UA/Plc/Applications;s=FastUIntScalar3","Timestamp":"2024-04-27T14:25:04.8609929Z","Value":{"Value":{"Type":7,"Body":41},"SourceTimestamp":"2024-04-27T14:25:04.0709326Z","ServerTimestamp":"2024-04-27T14:25:04.0709367Z"},"SequenceNumber":401,"ExtensionFields":{}}