{"NodeId":"nsu=http://opcfoundation.org/UA/Plc/Applications;s=RandomUnsignedInt32","EndpointUrl":"opc.tcp://localhost:61457/UA/SampleServer","ApplicationUri":"urn:desktop-bgfjs91:OPCFoundation:CoreSampleServer","DisplayName":"nsu=http://opcfoundation.org/UA/Plc/Applications;s=RandomUnsignedInt32","Timestamp":"2024-04-27T14:25:06.8352084Z","Value":{"Value":{"Type":7,"Body":960641412},"SourceTimestamp":"2024-04-27T14:25:06.7744086Z","ServerTimestamp":"2024-04-27T14:25:06.7744225Z"},"SequenceNumber":408,"ExtensionFields":{}}