{"NodeId":"nsu=http://opcfoundation.org/UA/Plc/Applications;s=RandomSignedInt32","EndpointUrl":"opc.tcp://localhost:61457/UA/SampleServer","ApplicationUri":"urn:desktop-bgfjs91:OPCFoundation:CoreSampleServer","DisplayName":"nsu=http://opcfoundation.org/UA/Plc/Applications;s=RandomSignedInt32","Timestamp":"2024-04-27T14:25:07.8939519Z","Value":{"Value":{"Type":6,"Body":-1540923995},"SourceTimestamp":"2024-04-27T14:25:07.8774547Z","ServerTimestamp":"2024-04-27T14:25:07.8774618Z"},"SequenceNumber":418,"ExtensionFields":{}}