{"NodeId":"nsu=http://opcfoundation.org/UA/Plc/Applications;s=RandomUnsignedInt32","EndpointUrl":"opc.tcp://localhost:61457/UA/SampleServer","ApplicationUri":"urn:desktop-bgfjs91:OPCFoundation:CoreSampleServer","DisplayName":"nsu=http://opcfoundation.org/UA/Plc/Applications;s=RandomUnsignedInt32","Timestamp":"2024-04-27T14:25:07.8939519Z","Value":{"Value":{"Type":7,"Body":486657987},"SourceTimestamp":"2024-04-27T14:25:07.8774406Z","ServerTimestamp":"2024-04-27T14:25:07.8774469Z"},"SequenceNumber":419,"ExtensionFields":{}}