{"NodeId":"nsu=http://opcfoundation.org/UA/Plc/Applications;s=DipData","EndpointUrl":"opc.tcp://localhost:61457/UA/SampleServer","ApplicationUri":"urn:desktop-bgfjs91:OPCFoundation:CoreSampleServer","DisplayName":"nsu=http://opcfoundation.org/UA/Plc/Applications;s=DipData","Timestamp":"2024-04-27T14:25:07.8939519Z","Value":{"Value":{"Type":11,"Body":36.812455268467801},"SourceTimestamp":"2024-04-27T14:25:07.8774401Z","ServerTimestamp":"2024-04-27T14:25:07.8774483Z"},"SequenceNumber":420,"ExtensionFields":{}}