{"NodeId":"nsu=http://opcfoundation.org/UA/Plc/Applications;s=FastUIntScalar1","EndpointUrl":"opc.tcp://localhost:61457/UA/SampleServer","ApplicationUri":"urn:desktop-bgfjs91:OPCFoundation:CoreSampleServer","DisplayName":"nsu=http://opcfoundation.org/UA/Plc/Applications;s=FastUIntScalar1","Timestamp":"2024-04-27T14:25:07.8939519Z","Value":{"Value":{"Type":7,"Body":44},"SourceTimestamp":"2024-04-27T14:25:07.0655519Z","ServerTimestamp":"2024-04-27T14:25:07.0655545Z"},"SequenceNumber":421,"ExtensionFields":{}}