{"NodeId":"nsu=http://opcfoundation.org/UA/Plc/Applications;s=FastRandomUIntScalar3","EndpointUrl":"opc.tcp://localhost:61457/UA/SampleServer","ApplicationUri":"urn:desktop-bgfjs91:OPCFoundation:CoreSampleServer","DisplayName":"nsu=http://opcfoundation.org/UA/Plc/Applications;s=FastRandomUIntScalar3","Timestamp":"2024-04-27T14:25:07.8939519Z","Value":{"Value":{"Type":7,"Body":2699356940},"SourceTimestamp":"2024-04-27T14:25:07.0655633Z","ServerTimestamp":"2024-04-27T14:25:07.0655643Z"},"SequenceNumber":426,"ExtensionFields":{}}