{"NodeId":"nsu=http://opcfoundation.org/UA/Plc/Applications;s=FastRandomUIntScalar1","EndpointUrl":"opc.tcp://localhost:61457/UA/SampleServer","ApplicationUri":"urn:desktop-bgfjs91:OPCFoundation:CoreSampleServer","DisplayName":"nsu=http://opcfoundation.org/UA/Plc/Applications;s=FastRandomUIntScalar1","Timestamp":"2024-04-27T14:24:28.8831329Z","Value":{"Value":{"Type":7,"Body":2747117899},"SourceTimestamp":"2024-04-27T14:24:28.0652435Z","ServerTimestamp":"2024-04-27T14:24:28.0652462Z"},"SequenceNumber":46,"ExtensionFields":{}}