{"NodeId":"nsu=http://opcfoundation.org/UA/Plc/Applications;s=FastUIntScalar2","EndpointUrl":"opc.tcp://localhost:61457/UA/SampleServer","ApplicationUri":"urn:desktop-bgfjs91:OPCFoundation:CoreSampleServer","DisplayName":"nsu=http://opcfoundation.org/UA/Plc/Applications;s=FastUIntScalar2","Timestamp":"2024-04-27T14:25:08.8857736Z","Value":{"Value":{"Type":7,"Body":45},"SourceTimestamp":"2024-04-27T14:25:08.0640246Z","ServerTimestamp":"2024-04-27T14:25:08.0640322Z"},"SequenceNumber":434,"ExtensionFields":{}}