{"NodeId":"nsu=http://opcfoundation.org/UA/Plc/Applications;s=FastUIntScalar2","EndpointUrl":"opc.tcp://localhost:61457/UA/SampleServer","ApplicationUri":"urn:desktop-bgfjs91:OPCFoundation:CoreSampleServer","DisplayName":"nsu=http://opcfoundation.org/UA/Plc/Applications;s=FastUIntScalar2","Timestamp":"2024-04-27T14:25:09.8782082Z","Value":{"Value":{"Type":7,"Body":46},"SourceTimestamp":"2024-04-27T14:25:09.07245Z","ServerTimestamp":"2024-04-27T14:25:09.0724516Z"},"SequenceNumber":446,"ExtensionFields":{}}