{"NodeId":"nsu=http://opcfoundation.org/UA/Plc/Applications;s=RandomSignedInt32","EndpointUrl":"opc.tcp://localhost:61457/UA/SampleServer","ApplicationUri":"urn:desktop-bgfjs91:OPCFoundation:CoreSampleServer","DisplayName":"nsu=http://opcfoundation.org/UA/Plc/Applications;s=RandomSignedInt32","Timestamp":"2024-04-27T14:25:10.8727702Z","Value":{"Value":{"Type":6,"Body":2133952895},"SourceTimestamp":"2024-04-27T14:25:10.7780094Z","ServerTimestamp":"2024-04-27T14:25:10.77801Z"},"SequenceNumber":453,"ExtensionFields":{}}