{"NodeId":"nsu=http://opcfoundation.org/UA/Plc/Applications;s=RandomSignedInt32","EndpointUrl":"opc.tcp://localhost:61457/UA/SampleServer","ApplicationUri":"urn:desktop-bgfjs91:OPCFoundation:CoreSampleServer","DisplayName":"nsu=http://opcfoundation.org/UA/Plc/Applications;s=RandomSignedInt32","Timestamp":"2024-04-27T14:25:11.868644Z","Value":{"Value":{"Type":6,"Body":694607282},"SourceTimestamp":"2024-04-27T14:25:11.7738202Z","ServerTimestamp":"2024-04-27T14:25:11.7738251Z"},"SequenceNumber":464,"ExtensionFields":{}}