{"NodeId":"nsu=http://opcfoundation.org/UA/Plc/Applications;s=FastUIntScalar1","EndpointUrl":"opc.tcp://localhost:61457/UA/SampleServer","ApplicationUri":"urn:desktop-bgfjs91:OPCFoundation:CoreSampleServer","DisplayName":"nsu=http://opcfoundation.org/UA/Plc/Applications;s=FastUIntScalar1","Timestamp":"2024-04-27T14:24:29.8733524Z","Value":{"Value":{"Type":7,"Body":6},"SourceTimestamp":"2024-04-27T14:24:29.0693181Z","ServerTimestamp":"2024-04-27T14:24:29.0693221Z"},"SequenceNumber":55,"ExtensionFields":{}}