{"NodeId":"nsu=http://opcfoundation.org/UA/Plc/Applications;s=FastRandomUIntScalar3","EndpointUrl":"opc.tcp://localhost:61457/UA/SampleServer","ApplicationUri":"urn:desktop-bgfjs91:OPCFoundation:CoreSampleServer","DisplayName":"nsu=http://opcfoundation.org/UA/Plc/Applications;s=FastRandomUIntScalar3","Timestamp":"2024-04-27T14:24:29.8733524Z","Value":{"Value":{"Type":7,"Body":2421843220},"SourceTimestamp":"2024-04-27T14:24:29.0693436Z","ServerTimestamp":"2024-04-27T14:24:29.0693442Z"},"SequenceNumber":60,"ExtensionFields":{}}