{"NodeId":"nsu=http://opcfoundation.org/UA/Plc/Applications;s=FastUIntScalar2","EndpointUrl":"opc.tcp://localhost:61457/UA/SampleServer","ApplicationUri":"urn:desktop-bgfjs91:OPCFoundation:CoreSampleServer","DisplayName":"nsu=http://opcfoundation.org/UA/Plc/Applications;s=FastUIntScalar2","Timestamp":"2024-04-27T14:24:30.8616141Z","Value":{"Value":{"Type":7,"Body":7},"SourceTimestamp":"2024-04-27T14:24:30.0759953Z","ServerTimestamp":"2024-04-27T14:24:30.0759969Z"},"SequenceNumber":67,"ExtensionFields":{}}