{"NodeId":"nsu=http://opcfoundation.org/UA/Plc/Applications;s=FastRandomUIntScalar1","EndpointUrl":"opc.tcp://localhost:61457/UA/SampleServer","ApplicationUri":"urn:desktop-bgfjs91:OPCFoundation:CoreSampleServer","DisplayName":"nsu=http://opcfoundation.org/UA/Plc/Applications;s=FastRandomUIntScalar1","Timestamp":"2024-04-27T14:24:30.8616141Z","Value":{"Value":{"Type":7,"Body":1823245207},"SourceTimestamp":"2024-04-27T14:24:30.0759904Z","ServerTimestamp":"2024-04-27T14:24:30.0759951Z"},"SequenceNumber":69,"ExtensionFields":{}}