{"NodeId":"nsu=http://opcfoundation.org/UA/Plc/Applications;s=RandomSignedInt32","EndpointUrl":"opc.tcp://localhost:61457/UA/SampleServer","ApplicationUri":"urn:desktop-bgfjs91:OPCFoundation:CoreSampleServer","DisplayName":"nsu=http://opcfoundation.org/UA/Plc/Applications;s=RandomSignedInt32","Timestamp":"2024-04-27T14:24:31.8509683Z","Value":{"Value":{"Type":6,"Body":1487540017},"SourceTimestamp":"2024-04-27T14:24:31.7744313Z","ServerTimestamp":"2024-04-27T14:24:31.7744326Z"},"SequenceNumber":74,"ExtensionFields":{}}