{"NodeId":"nsu=http://opcfoundation.org/UA/Plc/Applications;s=FastUIntScalar2","EndpointUrl":"opc.tcp://localhost:61457/UA/SampleServer","ApplicationUri":"urn:desktop-bgfjs91:OPCFoundation:CoreSampleServer","DisplayName":"nsu=http://opcfoundation.org/UA/Plc/Applications;s=FastUIntScalar2","Timestamp":"2024-04-27T14:24:31.8509683Z","Value":{"Value":{"Type":7,"Body":8},"SourceTimestamp":"2024-04-27T14:24:31.0761926Z","ServerTimestamp":"2024-04-27T14:24:31.0761939Z"},"SequenceNumber":78,"ExtensionFields":{}}