{"NodeId":"nsu=http://opcfoundation.org/UA/Plc/Applications;s=SpikeData","EndpointUrl":"opc.tcp://localhost:61457/UA/SampleServer","ApplicationUri":"urn:desktop-bgfjs91:OPCFoundation:CoreSampleServer","DisplayName":"nsu=http://opcfoundation.org/UA/Plc/Applications;s=SpikeData","Timestamp":"2024-04-27T14:24:31.8509683Z","Value":{"Value":{"Type":11,"Body":98.228725072868855},"SourceTimestamp":"2024-04-27T14:24:31.7743206Z","ServerTimestamp":"2024-04-27T14:24:31.7743311Z"},"SequenceNumber":83,"ExtensionFields":{}}