{"NodeId":"nsu=http://opcfoundation.org/UA/Plc/Applications;s=RandomUnsignedInt32","EndpointUrl":"opc.tcp://localhost:61457/UA/SampleServer","ApplicationUri":"urn:desktop-bgfjs91:OPCFoundation:CoreSampleServer","DisplayName":"nsu=http://opcfoundation.org/UA/Plc/Applications;s=RandomUnsignedInt32","Timestamp":"2024-04-27T14:24:33.8353188Z","Value":{"Value":{"Type":7,"Body":1313660833},"SourceTimestamp":"2024-04-27T14:24:33.7720692Z","ServerTimestamp":"2024-04-27T14:24:33.7720698Z"},"SequenceNumber":87,"ExtensionFields":{}}