{"NodeId":"nsu=http://opcfoundation.org/UA/Plc/Applications;s=SlowUIntScalar3","EndpointUrl":"opc.tcp://localhost:61457/UA/SampleServer","ApplicationUri":"urn:desktop-bgfjs91:OPCFoundation:CoreSampleServer","DisplayName":"nsu=http://opcfoundation.org/UA/Plc/Applications;s=SlowUIntScalar3","Timestamp":"2024-04-27T14:24:33.9598823Z","Value":{"Value":{"Type":7,"Body":1},"SourceTimestamp":"2024-04-27T14:24:33.0731793Z","ServerTimestamp":"2024-04-27T14:24:33.0731803Z"},"SequenceNumber":3,"ExtensionFields":{}}