[{"SequenceNumber":1,"MetaDataVersion":{"MajorVersion":1},"Timestamp":"2024-04-27T14:58:27.4847218Z","MessageType":"ua-event","DataSetWriterName":"<<UnknownDataSet>>","Payload":{"EventId":{"Value":"SjP6ockv70OwJTpEIPU+qA=="},"EventType":{"Value":{"IdType":1,"Id":"ReferenceChange"}},"SourceNode":{"Value":{"Id":84}},"Time":{"Value":"2024-04-27T14:58:27.4847161Z"},"Change":{"Value":{"ReferenceTypeId":{"Id":35},"IsForward":true,"NodeId":{"Id":85},"BrowseName":{"Name":"Objects"},"DisplayName":"Objects","NodeClass":"Object_1","TypeDefinition":{"Id":61}}}}}]