[{"SequenceNumber":103,"MetaDataVersion":{"MajorVersion":1},"Timestamp":"2024-04-27T14:58:27.6659521Z","MessageType":"ua-event","DataSetWriterName":"<<UnknownDataSet>>","Payload":{"EventId":{"Value":"Co6+zEaCak63E7M7uDc4NA=="},"EventType":{"Value":{"IdType":1,"Id":"ReferenceChange"}},"SourceNode":{"Value":{"Id":2253}},"Time":{"Value":"2024-04-27T14:58:27.6659512Z"},"Change":{"Value":{"ReferenceTypeId":{"Id":48},"IsForward":true,"NodeId":{"Id":10157,"Namespace":"http://test.org/UA/Data/"},"BrowseName":{"Name":"Data","Uri":"http://test.org/UA/Data/"},"DisplayName":"Data","NodeClass":"Object_1","TypeDefinition":{"Id":61}}}}}]