[{"SequenceNumber":105,"MetaDataVersion":{"MajorVersion":1},"Timestamp":"2024-04-27T14:58:27.668358Z","MessageType":"ua-event","DataSetWriterName":"<<UnknownDataSet>>","Payload":{"EventId":{"Value":"wXrKUtnipkGrOuKw6TYqiA=="},"EventType":{"Value":{"IdType":1,"Id":"ReferenceChange"}},"SourceNode":{"Value":{"Id":2253}},"Time":{"Value":"2024-04-27T14:58:27.6683563Z"},"Change":{"Value":{"ReferenceTypeId":{"Id":48},"IsForward":true,"NodeId":{"Id":1240,"Namespace":"http://opcfoundation.org/UA/Boiler/"},"BrowseName":{"Name":"Boilers","Uri":"http://opcfoundation.org/UA/Boiler/"},"DisplayName":"Boilers","NodeClass":"Object_1","TypeDefinition":{"Id":61}}}}}]