[{"SequenceNumber":113,"MetaDataVersion":{"MajorVersion":1},"Timestamp":"2024-04-27T14:58:27.6746486Z","MessageType":"ua-event","DataSetWriterName":"<<UnknownDataSet>>","Payload":{"EventId":{"Value":"KlEiGfbCZ0qZvB+wrJHKaw=="},"EventType":{"Value":{"IdType":1,"Id":"NodeChange"}},"SourceNode":{"Value":{"Id":32852}},"Time":{"Value":"2024-04-27T14:58:27.674647Z"},"Change":{"Value":{"NodeId":{"Id":32852},"NodeClass":"Variable_2","BrowseName":{"Name":"LastChange"},"DisplayName":"LastChange","RolePermissions":[],"UserRolePermissions":[],"References":[],"Value":null,"DataType":{"Id":20998},"ValueRank":-1,"ArrayDimensions":[],"AccessLevel":1,"UserAccessLevel":1,"AccessLevelEx":1}}}}]