[{"SequenceNumber":115,"MetaDataVersion":{"MajorVersion":1},"Timestamp":"2024-04-27T14:58:27.6759573Z","MessageType":"ua-event","DataSetWriterName":"<<UnknownDataSet>>","Payload":{"EventId":{"Value":"vA+9HmPX3keWxcHIsKPnWg=="},"EventType":{"Value":{"IdType":1,"Id":"NodeChange"}},"SourceNode":{"Value":{"Id":23479}},"Time":{"Value":"2024-04-27T14:58:27.6759554Z"},"Change":{"Value":{"NodeId":{"Id":23479},"NodeClass":"Object_1","BrowseName":{"Name":"TagVariables"},"DisplayName":"TagVariables","RolePermissions":[],"UserRolePermissions":[],"References":[]}}}}]