[{"SequenceNumber":122,"MetaDataVersion":{"MajorVersion":1},"Timestamp":"2024-04-27T14:58:27.6801413Z","MessageType":"ua-event","DataSetWriterName":"<<UnknownDataSet>>","Payload":{"EventId":{"Value":"lIPBSEeOlEu/C2yU+gaJVg=="},"EventType":{"Value":{"IdType":1,"Id":"ReferenceChange"}},"SourceNode":{"Value":{"Id":10157,"Namespace":"http://test.org/UA/Data/"}},"Time":{"Value":"2024-04-27T14:58:27.6801406Z"},"Change":{"Value":{"ReferenceTypeId":{"Id":47},"IsForward":true,"NodeId":{"Id":11383,"Namespace":"http://test.org/UA/Data/"},"BrowseName":{"Name":"Conditions","Uri":"http://test.org/UA/Data/"},"DisplayName":"Conditions","NodeClass":"Object_1","TypeDefinition":{"Id":61}}}}}]