[{"SequenceNumber":128,"MetaDataVersion":{"MajorVersion":1},"Timestamp":"2024-04-27T14:58:27.6855377Z","MessageType":"ua-event","DataSetWriterName":"<<UnknownDataSet>>","Payload":{"EventId":{"Value":"+/NYpFyZlkGre0Agx3oCCg=="},"EventType":{"Value":{"IdType":1,"Id":"ReferenceChange"}},"SourceNode":{"Value":{"Id":281,"Namespace":"http://opcfoundation.org/UA/Vehicles/Instances"}},"Time":{"Value":"2024-04-27T14:58:27.6855368Z"},"Change":{"Value":{"ReferenceTypeId":{"Id":47},"IsForward":true,"NodeId":{"Id":375,"Namespace":"http://opcfoundation.org/UA/Vehicles/Instances"},"BrowseName":{"Name":"DriverOfTheMonth","Uri":"http://opcfoundation.org/UA/Vehicles/Instances"},"DisplayName":"DriverOfTheMonth","NodeClass":"Object_1","TypeDefinition":{"Id":341,"Namespace":"http://opcfoundation.org/UA/Vehicles/Types"}}}}}]