[{"SequenceNumber":133,"MetaDataVersion":{"MajorVersion":1},"Timestamp":"2024-04-27T14:58:27.6896728Z","MessageType":"ua-event","DataSetWriterName":"<<UnknownDataSet>>","Payload":{"EventId":{"Value":"GYGqgxRa7USxmESqXRtIYw=="},"EventType":{"Value":{"IdType":1,"Id":"NodeChange"}},"SourceNode":{"Value":{"IdType":1,"Id":"Area51","Namespace":"http://opcfoundation.org/HistoricalEvents"}},"Time":{"Value":"2024-04-27T14:58:27.6896711Z"},"Change":{"Value":{"NodeId":{"IdType":1,"Id":"Area51","Namespace":"http://opcfoundation.org/HistoricalEvents"},"NodeClass":"Object_1","BrowseName":{"Name":"Area51","Uri":"http://opcfoundation.org/HistoricalEvents"},"DisplayName":"Area51","RolePermissions":[],"UserRolePermissions":[],"References":[],"EventNotifier":13}}}}]