[{"SequenceNumber":137,"MetaDataVersion":{"MajorVersion":1},"Timestamp":"2024-04-27T14:58:27.6927078Z","MessageType":"ua-event","DataSetWriterName":"<<UnknownDataSet>>","Payload":{"EventId":{"Value":"uJhfkTAYyE+IC2ytQP5MUw=="},"EventType":{"Value":{"IdType":1,"Id":"NodeChange"}},"SourceNode":{"Value":{"IdType":1,"Id":"0:Boiler #1","Namespace":"http://opcfoundation.org/UA/Views"}},"Time":{"Value":"2024-04-27T14:58:27.6927057Z"},"Change":{"Value":{"NodeId":{"IdType":1,"Id":"0:Boiler #1","Namespace":"http://opcfoundation.org/UA/Views"},"NodeClass":"Object_1","BrowseName":{"Name":"Boiler #1","Uri":"http://opcfoundation.org/UA/Views"},"DisplayName":"Boiler #1","RolePermissions":[],"UserRolePermissions":[],"References":[]}}}}]