[{"SequenceNumber":138,"MetaDataVersion":{"MajorVersion":1},"Timestamp":"2024-04-27T14:58:27.6928781Z","MessageType":"ua-event","DataSetWriterName":"<<UnknownDataSet>>","Payload":{"EventId":{"Value":"CBH0KMqXikOGHsEZ1Uap7w=="},"EventType":{"Value":{"IdType":1,"Id":"ReferenceChange"}},"SourceNode":{"Value":{"Id":442,"Namespace":"http://opcfoundation.org/UA/Views"}},"Time":{"Value":"2024-04-27T14:58:27.6928768Z"},"Change":{"Value":{"ReferenceTypeId":{"Id":35},"IsForward":true,"NodeId":{"IdType":1,"Id":"0:Boiler #2","Namespace":"http://opcfoundation.org/UA/Views"},"BrowseName":{"Name":"Boiler #2","Uri":"http://opcfoundation.org/UA/Views"},"DisplayName":"Boiler #2","NodeClass":"Object_1","TypeDefinition":{"Id":390,"Namespace":"http://opcfoundation.org/UA/Views"}}}}}]