[{"SequenceNumber":139,"MetaDataVersion":{"MajorVersion":1},"Timestamp":"2024-04-27T14:58:27.6942195Z","MessageType":"ua-event","DataSetWriterName":"<<UnknownDataSet>>","Payload":{"EventId":{"Value":"TjUZbJSVU0qZP9blNOWchQ=="},"EventType":{"Value":{"IdType":1,"Id":"NodeChange"}},"SourceNode":{"Value":{"IdType":1,"Id":"0:Boiler #2","Namespace":"http://opcfoundation.org/UA/Views"}},"Time":{"Value":"2024-04-27T14:58:27.6942177Z"},"Change":{"Value":{"NodeId":{"IdType":1,"Id":"0:Boiler #2","Namespace":"http://opcfoundation.org/UA/Views"},"NodeClass":"Object_1","BrowseName":{"Name":"Boiler #2","Uri":"http://opcfoundation.org/UA/Views"},"DisplayName":"Boiler #2","RolePermissions":[],"UserRolePermissions":[],"References":[]}}}}]