[{"SequenceNumber":149,"MetaDataVersion":{"MajorVersion":1},"Timestamp":"2024-04-27T14:58:27.7017206Z","MessageType":"ua-event","DataSetWriterName":"<<UnknownDataSet>>","Payload":{"EventId":{"Value":"ndPI4QsDQ02pM3ay5KT4ew=="},"EventType":{"Value":{"IdType":1,"Id":"NodeChange"}},"SourceNode":{"Value":{"Id":1,"Namespace":"http://opcfoundation.org/UA/Boiler//Instance"}},"Time":{"Value":"2024-04-27T14:58:27.7017186Z"},"Change":{"Value":{"NodeId":{"Id":1,"Namespace":"http://opcfoundation.org/UA/Boiler//Instance"},"NodeClass":"Object_1","BrowseName":{"Name":"Boiler #2","Uri":"http://opcfoundation.org/UA/Boiler//Instance"},"DisplayName":"Boiler #2","RolePermissions":[],"UserRolePermissions":[],"References":[],"EventNotifier":1}}}}]