[{"SequenceNumber":151,"MetaDataVersion":{"MajorVersion":1},"Timestamp":"2024-04-27T14:58:27.7031829Z","MessageType":"ua-event","DataSetWriterName":"<<UnknownDataSet>>","Payload":{"EventId":{"Value":"DcuF9UgAAkeftDcgm8kilA=="},"EventType":{"Value":{"IdType":1,"Id":"ReferenceChange"}},"SourceNode":{"Value":{"IdType":1,"Id":"CTT","Namespace":"http://opcfoundation.org/ReferenceApplications"}},"Time":{"Value":"2024-04-27T14:58:27.7031812Z"},"Change":{"Value":{"ReferenceTypeId":{"Id":35},"IsForward":true,"NodeId":{"IdType":1,"Id":"Scalar","Namespace":"http://opcfoundation.org/ReferenceApplications"},"BrowseName":{"Name":"Scalar","Uri":"http://opcfoundation.org/ReferenceApplications"},"DisplayName":"Scalar","NodeClass":"Object_1","TypeDefinition":{"Id":61}}}}}]