[{"SequenceNumber":165,"MetaDataVersion":{"MajorVersion":1},"Timestamp":"2024-04-27T14:58:27.7139906Z","MessageType":"ua-event","DataSetWriterName":"<<UnknownDataSet>>","Payload":{"EventId":{"Value":"boqlFHKcfU2ptz7GLkmeEw=="},"EventType":{"Value":{"IdType":1,"Id":"ReferenceChange"}},"SourceNode":{"Value":{"IdType":1,"Id":"CTT","Namespace":"http://opcfoundation.org/ReferenceApplications"}},"Time":{"Value":"2024-04-27T14:58:27.7139897Z"},"Change":{"Value":{"ReferenceTypeId":{"Id":35},"IsForward":true,"NodeId":{"IdType":1,"Id":"Locales","Namespace":"http://opcfoundation.org/ReferenceApplications"},"BrowseName":{"Name":"Locales","Uri":"http://opcfoundation.org/ReferenceApplications"},"DisplayName":"Locales","NodeClass":"Object_1","TypeDefinition":{"Id":61}}}}}]