[{"SequenceNumber":173,"MetaDataVersion":{"MajorVersion":1},"Timestamp":"2024-04-27T14:58:27.7198822Z","MessageType":"ua-event","DataSetWriterName":"<<UnknownDataSet>>","Payload":{"EventId":{"Value":"s0Hk+OPNQkemGQUiNXqcAg=="},"EventType":{"Value":{"IdType":1,"Id":"ReferenceChange"}},"SourceNode":{"Value":{"IdType":1,"Id":"0:Assets","Namespace":"DataAccess"}},"Time":{"Value":"2024-04-27T14:58:27.7198815Z"},"Change":{"Value":{"ReferenceTypeId":{"Id":35},"IsForward":true,"NodeId":{"IdType":1,"Id":"0:Assets/Sensors","Namespace":"DataAccess"},"BrowseName":{"Name":"Sensors","Uri":"DataAccess"},"DisplayName":"Sensors","NodeClass":"Object_1","TypeDefinition":{"Id":61}}}}}]