[{"SequenceNumber":182,"MetaDataVersion":{"MajorVersion":1},"Timestamp":"2024-04-27T14:58:27.7269836Z","MessageType":"ua-event","DataSetWriterName":"<<UnknownDataSet>>","Payload":{"EventId":{"Value":"DbLAO/Q6i0aSp6RJDqkFlg=="},"EventType":{"Value":{"IdType":1,"Id":"NodeChange"}},"SourceNode":{"Value":{"IdType":1,"Id":"0:TestData/Static","Namespace":"DataAccess"}},"Time":{"Value":"2024-04-27T14:58:27.7269817Z"},"Change":{"Value":{"NodeId":{"IdType":1,"Id":"0:TestData/Static","Namespace":"DataAccess"},"NodeClass":"Object_1","BrowseName":{"Name":"Static","Uri":"DataAccess"},"DisplayName":"Static","RolePermissions":[],"UserRolePermissions":[],"References":[]}}}}]