[{"SequenceNumber":190,"MetaDataVersion":{"MajorVersion":1},"Timestamp":"2024-04-27T14:58:27.7326771Z","MessageType":"ua-event","DataSetWriterName":"<<UnknownDataSet>>","Payload":{"EventId":{"Value":"eYlZWqM4XU617Lfm6hS/hg=="},"EventType":{"Value":{"IdType":1,"Id":"NodeChange"}},"SourceNode":{"Value":{"Id":58}},"Time":{"Value":"2024-04-27T14:58:27.7326756Z"},"Change":{"Value":{"NodeId":{"Id":58},"NodeClass":"ObjectType_8","BrowseName":{"Name":"BaseObjectType"},"DisplayName":"BaseObjectType","RolePermissions":[],"UserRolePermissions":[],"References":[]}}}}]