[{"SequenceNumber":194,"MetaDataVersion":{"MajorVersion":1},"Timestamp":"2024-04-27T14:58:27.7352335Z","MessageType":"ua-event","DataSetWriterName":"<<UnknownDataSet>>","Payload":{"EventId":{"Value":"pL5/JLg+Dk60ENYnXGMHcA=="},"EventType":{"Value":{"IdType":1,"Id":"NodeChange"}},"SourceNode":{"Value":{"Id":24}},"Time":{"Value":"2024-04-27T14:58:27.7352316Z"},"Change":{"Value":{"NodeId":{"Id":24},"NodeClass":"DataType_64","BrowseName":{"Name":"BaseDataType"},"DisplayName":"BaseDataType","RolePermissions":[],"UserRolePermissions":[],"References":[],"IsAbstract":true}}}}]