[{"SequenceNumber":198,"MetaDataVersion":{"MajorVersion":1},"Timestamp":"2024-04-27T14:58:27.7377614Z","MessageType":"ua-event","DataSetWriterName":"<<UnknownDataSet>>","Payload":{"EventId":{"Value":"ejAqpPjIVUezXkEvMjeJBA=="},"EventType":{"Value":{"IdType":1,"Id":"NodeChange"}},"SourceNode":{"Value":{"Id":93}},"Time":{"Value":"2024-04-27T14:58:27.7377599Z"},"Change":{"Value":{"NodeId":{"Id":93},"NodeClass":"Object_1","BrowseName":{"Name":"OPC Binary"},"DisplayName":"OPC Binary","Description":"A type system which uses OPC binary schema to describe the encoding of data types.","RolePermissions":[],"UserRolePermissions":[],"References":[]}}}}]