[{"SequenceNumber":204,"MetaDataVersion":{"MajorVersion":1},"Timestamp":"2024-04-27T14:58:27.741843Z","MessageType":"ua-event","DataSetWriterName":"<<UnknownDataSet>>","Payload":{"EventId":{"Value":"dn5GKRQ/HkCsQarNRFD7ng=="},"EventType":{"Value":{"IdType":1,"Id":"NodeChange"}},"SourceNode":{"Value":{"Id":17602}},"Time":{"Value":"2024-04-27T14:58:27.7418413Z"},"Change":{"Value":{"NodeId":{"Id":17602},"NodeClass":"ObjectType_8","BrowseName":{"Name":"BaseInterfaceType"},"DisplayName":"BaseInterfaceType","RolePermissions":[],"UserRolePermissions":[],"References":[],"IsAbstract":true}}}}]