[{"SequenceNumber":207,"MetaDataVersion":{"MajorVersion":1},"Timestamp":"2024-04-27T14:58:27.7433958Z","MessageType":"ua-event","DataSetWriterName":"<<UnknownDataSet>>","Payload":{"EventId":{"Value":"d+FRHaR6c0io3igubaHACg=="},"EventType":{"Value":{"IdType":1,"Id":"ReferenceChange"}},"SourceNode":{"Value":{"IdType":1,"Id":"Views_Operations","Namespace":"http://opcfoundation.org/ReferenceApplications"}},"Time":{"Value":"2024-04-27T14:58:27.7433949Z"},"Change":{"Value":{"ReferenceTypeId":{"Id":35},"IsForward":true,"NodeId":{"IdType":1,"Id":"Scalar_Static_Mass","Namespace":"http://opcfoundation.org/ReferenceApplications"},"BrowseName":{"Name":"Scalar_Static_Mass","Uri":"http://opcfoundation.org/ReferenceApplications"},"DisplayName":"Mass","NodeClass":"Object_1","TypeDefinition":{"Id":61}}}}}]