[{"SequenceNumber":208,"MetaDataVersion":{"MajorVersion":1},"Timestamp":"2024-04-27T14:58:27.7446498Z","MessageType":"ua-event","DataSetWriterName":"<<UnknownDataSet>>","Payload":{"EventId":{"Value":"7aBv9sYaY0WD2y0KaZjbfA=="},"EventType":{"Value":{"IdType":1,"Id":"NodeChange"}},"SourceNode":{"Value":{"IdType":1,"Id":"Scalar_Static_Mass","Namespace":"http://opcfoundation.org/ReferenceApplications"}},"Time":{"Value":"2024-04-27T14:58:27.7446482Z"},"Change":{"Value":{"NodeId":{"IdType":1,"Id":"Scalar_Static_Mass","Namespace":"http://opcfoundation.org/ReferenceApplications"},"NodeClass":"Object_1","BrowseName":{"Name":"Scalar_Static_Mass","Uri":"http://opcfoundation.org/ReferenceApplications"},"DisplayName":"Mass","RolePermissions":[],"UserRolePermissions":[],"References":[]}}}}]