[{"SequenceNumber":21,"MetaDataVersion":{"MajorVersion":1},"Timestamp":"2024-04-27T14:58:27.5499206Z","MessageType":"ua-event","DataSetWriterName":"<<UnknownDataSet>>","Payload":{"EventId":{"Value":"qePvv8q6aUqCt74lDp3rew=="},"EventType":{"Value":{"IdType":1,"Id":"ReferenceChange"}},"SourceNode":{"Value":{"Id":85}},"Time":{"Value":"2024-04-27T14:58:27.5499193Z"},"Change":{"Value":{"ReferenceTypeId":{"Id":35},"IsForward":true,"NodeId":{"Id":15070,"Namespace":"http://opcfoundation.org/UA/Plc"},"BrowseName":{"Name":"Plc #1","Uri":"http://opcfoundation.org/UA/Plc"},"DisplayName":"Plc #1","NodeClass":"Object_1","TypeDefinition":{"Id":15068,"Namespace":"http://opcfoundation.org/UA/Plc"}}}}}]