[{"SequenceNumber":213,"MetaDataVersion":{"MajorVersion":1},"Timestamp":"2024-04-27T14:58:27.7852566Z","MessageType":"ua-event","DataSetWriterName":"<<UnknownDataSet>>","Payload":{"EventId":{"Value":"H82IrcUovEi0f9/Vl7goPg=="},"EventType":{"Value":{"IdType":1,"Id":"ReferenceChange"}},"SourceNode":{"Value":{"Id":2256}},"Time":{"Value":"2024-04-27T14:58:27.7852557Z"},"Change":{"Value":{"ReferenceTypeId":{"Id":47},"IsForward":true,"NodeId":{"Id":2259},"BrowseName":{"Name":"State"},"DisplayName":"State","NodeClass":"Variable_2","TypeDefinition":{"Id":63}}}}}]