[{"SequenceNumber":217,"MetaDataVersion":{"MajorVersion":1},"Timestamp":"2024-04-27T14:58:27.7881298Z","MessageType":"ua-event","DataSetWriterName":"<<UnknownDataSet>>","Payload":{"EventId":{"Value":"Y/7fsktsDEySih5VxygIww=="},"EventType":{"Value":{"IdType":1,"Id":"ReferenceChange"}},"SourceNode":{"Value":{"Id":2256}},"Time":{"Value":"2024-04-27T14:58:27.788129Z"},"Change":{"Value":{"ReferenceTypeId":{"Id":47},"IsForward":true,"NodeId":{"Id":2992},"BrowseName":{"Name":"SecondsTillShutdown"},"DisplayName":"SecondsTillShutdown","NodeClass":"Variable_2","TypeDefinition":{"Id":63}}}}}]