[{"SequenceNumber":22,"MetaDataVersion":{"MajorVersion":1},"Timestamp":"2024-04-27T14:58:27.553706Z","MessageType":"ua-event","DataSetWriterName":"<<UnknownDataSet>>","Payload":{"EventId":{"Value":"yboLatlTsUiKjQwOLRSX5Q=="},"EventType":{"Value":{"IdType":1,"Id":"NodeChange"}},"SourceNode":{"Value":{"Id":15070,"Namespace":"http://opcfoundation.org/UA/Plc"}},"Time":{"Value":"2024-04-27T14:58:27.553603Z"},"Change":{"Value":{"NodeId":{"Id":15070,"Namespace":"http://opcfoundation.org/UA/Plc"},"NodeClass":"Object_1","BrowseName":{"Name":"Plc #1","Uri":"http://opcfoundation.org/UA/Plc"},"DisplayName":"Plc #1","Description":"A simple plc.","RolePermissions":[],"UserRolePermissions":[],"References":[],"EventNotifier":1}}}}]