[{"SequenceNumber":229,"MetaDataVersion":{"MajorVersion":1},"Timestamp":"2024-04-27T14:58:27.7968824Z","MessageType":"ua-event","DataSetWriterName":"<<UnknownDataSet>>","Payload":{"EventId":{"Value":"2/Wh3La7c0+awcG6LstkIg=="},"EventType":{"Value":{"IdType":1,"Id":"ReferenceChange"}},"SourceNode":{"Value":{"Id":2268}},"Time":{"Value":"2024-04-27T14:58:27.7968817Z"},"Change":{"Value":{"ReferenceTypeId":{"Id":46},"IsForward":true,"NodeId":{"Id":2736},"BrowseName":{"Name":"MaxQueryContinuationPoints"},"DisplayName":"MaxQueryContinuationPoints","NodeClass":"Variable_2","TypeDefinition":{"Id":68}}}}}]