[{"SequenceNumber":231,"MetaDataVersion":{"MajorVersion":1},"Timestamp":"2024-04-27T14:58:27.7982985Z","MessageType":"ua-event","DataSetWriterName":"<<UnknownDataSet>>","Payload":{"EventId":{"Value":"iEc1p6ABz0azYVJWuyNVzQ=="},"EventType":{"Value":{"IdType":1,"Id":"ReferenceChange"}},"SourceNode":{"Value":{"Id":2268}},"Time":{"Value":"2024-04-27T14:58:27.7982977Z"},"Change":{"Value":{"ReferenceTypeId":{"Id":46},"IsForward":true,"NodeId":{"Id":2737},"BrowseName":{"Name":"MaxHistoryContinuationPoints"},"DisplayName":"MaxHistoryContinuationPoints","NodeClass":"Variable_2","TypeDefinition":{"Id":68}}}}}]