[{"SequenceNumber":235,"MetaDataVersion":{"MajorVersion":1},"Timestamp":"2024-04-27T14:58:27.801132Z","MessageType":"ua-event","DataSetWriterName":"<<UnknownDataSet>>","Payload":{"EventId":{"Value":"bwfHVEXhO0KP/7GcSgyAJA=="},"EventType":{"Value":{"IdType":1,"Id":"ReferenceChange"}},"SourceNode":{"Value":{"Id":2268}},"Time":{"Value":"2024-04-27T14:58:27.8011312Z"},"Change":{"Value":{"ReferenceTypeId":{"Id":46},"IsForward":true,"NodeId":{"Id":11702},"BrowseName":{"Name":"MaxArrayLength"},"DisplayName":"MaxArrayLength","NodeClass":"Variable_2","TypeDefinition":{"Id":68}}}}}]