[{"SequenceNumber":236,"MetaDataVersion":{"MajorVersion":1},"Timestamp":"2024-04-27T14:58:27.8023666Z","MessageType":"ua-event","DataSetWriterName":"<<UnknownDataSet>>","Payload":{"EventId":{"Value":"4d3ZyjxPW0WCCCb6raK41A=="},"EventType":{"Value":{"IdType":1,"Id":"NodeChange"}},"SourceNode":{"Value":{"Id":11702}},"Time":{"Value":"2024-04-27T14:58:27.8023649Z"},"Change":{"Value":{"NodeId":{"Id":11702},"NodeClass":"Variable_2","BrowseName":{"Name":"MaxArrayLength"},"DisplayName":"MaxArrayLength","RolePermissions":[],"UserRolePermissions":[],"References":[],"Value":null,"DataType":{"Id":7},"ValueRank":-1,"ArrayDimensions":[],"AccessLevel":1,"UserAccessLevel":1,"AccessLevelEx":1}}}}]