[{"SequenceNumber":237,"MetaDataVersion":{"MajorVersion":1},"Timestamp":"2024-04-27T14:58:27.8025246Z","MessageType":"ua-event","DataSetWriterName":"<<UnknownDataSet>>","Payload":{"EventId":{"Value":"Ox6iWRTzv0moR6WGJFDKwA=="},"EventType":{"Value":{"IdType":1,"Id":"ReferenceChange"}},"SourceNode":{"Value":{"Id":2268}},"Time":{"Value":"2024-04-27T14:58:27.8025237Z"},"Change":{"Value":{"ReferenceTypeId":{"Id":46},"IsForward":true,"NodeId":{"Id":11703},"BrowseName":{"Name":"MaxStringLength"},"DisplayName":"MaxStringLength","NodeClass":"Variable_2","TypeDefinition":{"Id":68}}}}}]