[{"SequenceNumber":239,"MetaDataVersion":{"MajorVersion":1},"Timestamp":"2024-04-27T14:58:27.8039132Z","MessageType":"ua-event","DataSetWriterName":"<<UnknownDataSet>>","Payload":{"EventId":{"Value":"hfsfE5BWGkK8+5kV6y1gAQ=="},"EventType":{"Value":{"IdType":1,"Id":"ReferenceChange"}},"SourceNode":{"Value":{"Id":2268}},"Time":{"Value":"2024-04-27T14:58:27.8039123Z"},"Change":{"Value":{"ReferenceTypeId":{"Id":46},"IsForward":true,"NodeId":{"Id":12911},"BrowseName":{"Name":"MaxByteStringLength"},"DisplayName":"MaxByteStringLength","NodeClass":"Variable_2","TypeDefinition":{"Id":68}}}}}]