[{"SequenceNumber":24,"MetaDataVersion":{"MajorVersion":1},"Timestamp":"2024-04-27T14:58:27.5570226Z","MessageType":"ua-event","DataSetWriterName":"<<UnknownDataSet>>","Payload":{"EventId":{"Value":"/AC32FjyjU21w+H9bstb5A=="},"EventType":{"Value":{"IdType":1,"Id":"NodeChange"}},"SourceNode":{"Value":{"Id":1025,"Namespace":"http://samples.org/UA/memorybuffer"}},"Time":{"Value":"2024-04-27T14:58:27.5570196Z"},"Change":{"Value":{"NodeId":{"Id":1025,"Namespace":"http://samples.org/UA/memorybuffer"},"NodeClass":"Object_1","BrowseName":{"Name":"MemoryBuffers","Uri":"http://samples.org/UA/memorybuffer"},"DisplayName":"MemoryBuffers","RolePermissions":[],"UserRolePermissions":[],"References":[]}}}}]