[{"SequenceNumber":245,"MetaDataVersion":{"MajorVersion":1},"Timestamp":"2024-04-27T14:58:27.80804Z","MessageType":"ua-event","DataSetWriterName":"<<UnknownDataSet>>","Payload":{"EventId":{"Value":"dP+hcah1GEOjF1ZPsGl3Nw=="},"EventType":{"Value":{"IdType":1,"Id":"ReferenceChange"}},"SourceNode":{"Value":{"Id":2268}},"Time":{"Value":"2024-04-27T14:58:27.8080388Z"},"Change":{"Value":{"ReferenceTypeId":{"Id":47},"IsForward":true,"NodeId":{"Id":2997},"BrowseName":{"Name":"AggregateFunctions"},"DisplayName":"AggregateFunctions","NodeClass":"Object_1","TypeDefinition":{"Id":61}}}}}]