[{"SequenceNumber":251,"MetaDataVersion":{"MajorVersion":1},"Timestamp":"2024-04-27T14:58:27.8122699Z","MessageType":"ua-event","DataSetWriterName":"<<UnknownDataSet>>","Payload":{"EventId":{"Value":"aOCWWE96AESrPN/3yuU8WA=="},"EventType":{"Value":{"IdType":1,"Id":"ReferenceChange"}},"SourceNode":{"Value":{"Id":2268}},"Time":{"Value":"2024-04-27T14:58:27.8122687Z"},"Change":{"Value":{"ReferenceTypeId":{"Id":46},"IsForward":true,"NodeId":{"Id":24096},"BrowseName":{"Name":"MaxSubscriptions"},"DisplayName":"MaxSubscriptions","NodeClass":"Variable_2","TypeDefinition":{"Id":68}}}}}]