[{"SequenceNumber":255,"MetaDataVersion":{"MajorVersion":1},"Timestamp":"2024-04-27T14:58:27.8152343Z","MessageType":"ua-event","DataSetWriterName":"<<UnknownDataSet>>","Payload":{"EventId":{"Value":"ik4XB1Ibt0SzhMiEwE8DAA=="},"EventType":{"Value":{"IdType":1,"Id":"ReferenceChange"}},"SourceNode":{"Value":{"Id":2268}},"Time":{"Value":"2024-04-27T14:58:27.8152335Z"},"Change":{"Value":{"ReferenceTypeId":{"Id":46},"IsForward":true,"NodeId":{"Id":24098},"BrowseName":{"Name":"MaxSubscriptionsPerSession"},"DisplayName":"MaxSubscriptionsPerSession","NodeClass":"Variable_2","TypeDefinition":{"Id":68}}}}}]