[{"SequenceNumber":257,"MetaDataVersion":{"MajorVersion":1},"Timestamp":"2024-04-27T14:58:27.8166759Z","MessageType":"ua-event","DataSetWriterName":"<<UnknownDataSet>>","Payload":{"EventId":{"Value":"sidpQcTyCUuvAY+5Qqy9ug=="},"EventType":{"Value":{"IdType":1,"Id":"ReferenceChange"}},"SourceNode":{"Value":{"Id":2268}},"Time":{"Value":"2024-04-27T14:58:27.816675Z"},"Change":{"Value":{"ReferenceTypeId":{"Id":46},"IsForward":true,"NodeId":{"Id":24104},"BrowseName":{"Name":"MaxMonitoredItemsPerSubscription"},"DisplayName":"MaxMonitoredItemsPerSubscription","NodeClass":"Variable_2","TypeDefinition":{"Id":68}}}}}]