[{"SequenceNumber":263,"MetaDataVersion":{"MajorVersion":1},"Timestamp":"2024-04-27T14:58:27.8207438Z","MessageType":"ua-event","DataSetWriterName":"<<UnknownDataSet>>","Payload":{"EventId":{"Value":"9AWpNfiNAECCn5bT37VHSQ=="},"EventType":{"Value":{"IdType":1,"Id":"ReferenceChange"}},"SourceNode":{"Value":{"Id":2268}},"Time":{"Value":"2024-04-27T14:58:27.820743Z"},"Change":{"Value":{"ReferenceTypeId":{"Id":46},"IsForward":true,"NodeId":{"Id":31916},"BrowseName":{"Name":"MaxMonitoredItemsQueueSize"},"DisplayName":"MaxMonitoredItemsQueueSize","NodeClass":"Variable_2","TypeDefinition":{"Id":68}}}}}]