[{"SequenceNumber":266,"MetaDataVersion":{"MajorVersion":1},"Timestamp":"2024-04-27T14:58:27.8231539Z","MessageType":"ua-event","DataSetWriterName":"<<UnknownDataSet>>","Payload":{"EventId":{"Value":"mVIez1JLnkyHV8ta3G+7XA=="},"EventType":{"Value":{"IdType":1,"Id":"NodeChange"}},"SourceNode":{"Value":{"Id":24101}},"Time":{"Value":"2024-04-27T14:58:27.8231523Z"},"Change":{"Value":{"NodeId":{"Id":24101},"NodeClass":"Variable_2","BrowseName":{"Name":"ConformanceUnits"},"DisplayName":"ConformanceUnits","RolePermissions":[],"UserRolePermissions":[],"References":[],"Value":null,"DataType":{"Id":20},"ValueRank":1,"ArrayDimensions":[0],"AccessLevel":1,"UserAccessLevel":1,"AccessLevelEx":1}}}}]