[{"SequenceNumber":268,"MetaDataVersion":{"MajorVersion":1},"Timestamp":"2024-04-27T14:58:27.8246781Z","MessageType":"ua-event","DataSetWriterName":"<<UnknownDataSet>>","Payload":{"EventId":{"Value":"3wKQ4+eoTkqd2KamjAeHGQ=="},"EventType":{"Value":{"IdType":1,"Id":"NodeChange"}},"SourceNode":{"Value":{"Id":11192}},"Time":{"Value":"2024-04-27T14:58:27.8246761Z"},"Change":{"Value":{"NodeId":{"Id":11192},"NodeClass":"Object_1","BrowseName":{"Name":"HistoryServerCapabilities"},"DisplayName":"HistoryServerCapabilities","RolePermissions":[],"UserRolePermissions":[],"References":[]}}}}]