[{"SequenceNumber":277,"MetaDataVersion":{"MajorVersion":1},"Timestamp":"2024-04-27T14:58:27.8301124Z","MessageType":"ua-event","DataSetWriterName":"<<UnknownDataSet>>","Payload":{"EventId":{"Value":"CrGuesIjs0WibQxYGoj/cQ=="},"EventType":{"Value":{"IdType":1,"Id":"ReferenceChange"}},"SourceNode":{"Value":{"Id":11492}},"Time":{"Value":"2024-04-27T14:58:27.8301114Z"},"Change":{"Value":{"ReferenceTypeId":{"Id":46},"IsForward":true,"NodeId":{"Id":11493},"BrowseName":{"Name":"InputArguments"},"DisplayName":"InputArguments","NodeClass":"Variable_2","TypeDefinition":{"Id":68}}}}}]