[{"SequenceNumber":278,"MetaDataVersion":{"MajorVersion":1},"Timestamp":"2024-04-27T14:58:27.8312807Z","MessageType":"ua-event","DataSetWriterName":"<<UnknownDataSet>>","Payload":{"EventId":{"Value":"RYKiL9DEIEmzWrAGmpDqwQ=="},"EventType":{"Value":{"IdType":1,"Id":"NodeChange"}},"SourceNode":{"Value":{"Id":11493}},"Time":{"Value":"2024-04-27T14:58:27.8312791Z"},"Change":{"Value":{"NodeId":{"Id":11493},"NodeClass":"Variable_2","BrowseName":{"Name":"InputArguments"},"DisplayName":"InputArguments","RolePermissions":[],"UserRolePermissions":[],"References":[],"Value":null,"DataType":{"Id":296},"ValueRank":1,"ArrayDimensions":[1],"AccessLevel":1,"UserAccessLevel":1,"AccessLevelEx":1}}}}]