[{"SequenceNumber":279,"MetaDataVersion":{"MajorVersion":1},"Timestamp":"2024-04-27T14:58:27.831442Z","MessageType":"ua-event","DataSetWriterName":"<<UnknownDataSet>>","Payload":{"EventId":{"Value":"Y+kua1IXpEWpftPSK85Rtg=="},"EventType":{"Value":{"IdType":1,"Id":"ReferenceChange"}},"SourceNode":{"Value":{"Id":11492}},"Time":{"Value":"2024-04-27T14:58:27.8314412Z"},"Change":{"Value":{"ReferenceTypeId":{"Id":46},"IsForward":true,"NodeId":{"Id":11494},"BrowseName":{"Name":"OutputArguments"},"DisplayName":"OutputArguments","NodeClass":"Variable_2","TypeDefinition":{"Id":68}}}}}]