[{"SequenceNumber":284,"MetaDataVersion":{"MajorVersion":1},"Timestamp":"2024-04-27T14:58:27.8352358Z","MessageType":"ua-event","DataSetWriterName":"<<UnknownDataSet>>","Payload":{"EventId":{"Value":"ijyaYbE6PU+eojUNfxR11g=="},"EventType":{"Value":{"IdType":1,"Id":"NodeChange"}},"SourceNode":{"Value":{"Id":12887}},"Time":{"Value":"2024-04-27T14:58:27.8352343Z"},"Change":{"Value":{"NodeId":{"Id":12887},"NodeClass":"Variable_2","BrowseName":{"Name":"InputArguments"},"DisplayName":"InputArguments","RolePermissions":[],"UserRolePermissions":[],"References":[],"Value":null,"DataType":{"Id":296},"ValueRank":1,"ArrayDimensions":[5],"AccessLevel":1,"UserAccessLevel":1,"AccessLevelEx":1}}}}]