[{"SequenceNumber":288,"MetaDataVersion":{"MajorVersion":1},"Timestamp":"2024-04-27T14:58:27.837876Z","MessageType":"ua-event","DataSetWriterName":"<<UnknownDataSet>>","Payload":{"EventId":{"Value":"hFn86R8GQUmVGaqgDnXeQg=="},"EventType":{"Value":{"IdType":1,"Id":"NodeChange"}},"SourceNode":{"Value":{"Id":25706}},"Time":{"Value":"2024-04-27T14:58:27.8378745Z"},"Change":{"Value":{"NodeId":{"Id":25706},"NodeClass":"Variable_2","BrowseName":{"Name":"ApplicationUri"},"DisplayName":"ApplicationUri","RolePermissions":[],"UserRolePermissions":[],"References":[],"Value":null,"DataType":{"Id":23751},"ValueRank":-1,"ArrayDimensions":[],"AccessLevel":1,"UserAccessLevel":1,"AccessLevelEx":1}}}}]