[{"SequenceNumber":294,"MetaDataVersion":{"MajorVersion":1},"Timestamp":"2024-04-27T14:58:27.8422065Z","MessageType":"ua-event","DataSetWriterName":"<<UnknownDataSet>>","Payload":{"EventId":{"Value":"dubuNbEtfUO8mME6qysomQ=="},"EventType":{"Value":{"IdType":1,"Id":"NodeChange"}},"SourceNode":{"Value":{"Id":12710}},"Time":{"Value":"2024-04-27T14:58:27.8422044Z"},"Change":{"Value":{"NodeId":{"Id":12710},"NodeClass":"Variable_2","BrowseName":{"Name":"ServerCapabilities"},"DisplayName":"ServerCapabilities","RolePermissions":[],"UserRolePermissions":[],"References":[],"Value":null,"DataType":{"Id":12},"ValueRank":1,"ArrayDimensions":[0],"AccessLevel":1,"UserAccessLevel":1,"AccessLevelEx":1}}}}]