[{"SequenceNumber":297,"MetaDataVersion":{"MajorVersion":1},"Timestamp":"2024-04-27T14:58:27.843747Z","MessageType":"ua-event","DataSetWriterName":"<<UnknownDataSet>>","Payload":{"EventId":{"Value":"ck4ZFMgTRU+mEmJIp88m8Q=="},"EventType":{"Value":{"IdType":1,"Id":"ReferenceChange"}},"SourceNode":{"Value":{"Id":12637}},"Time":{"Value":"2024-04-27T14:58:27.8437462Z"},"Change":{"Value":{"ReferenceTypeId":{"Id":46},"IsForward":true,"NodeId":{"Id":12640},"BrowseName":{"Name":"MaxTrustListSize"},"DisplayName":"MaxTrustListSize","NodeClass":"Variable_2","TypeDefinition":{"Id":68}}}}}]