[{"SequenceNumber":298,"MetaDataVersion":{"MajorVersion":1},"Timestamp":"2024-04-27T14:58:27.8449262Z","MessageType":"ua-event","DataSetWriterName":"<<UnknownDataSet>>","Payload":{"EventId":{"Value":"TyFxr2TVE0WJEERI2Q0SiQ=="},"EventType":{"Value":{"IdType":1,"Id":"NodeChange"}},"SourceNode":{"Value":{"Id":12640}},"Time":{"Value":"2024-04-27T14:58:27.844923Z"},"Change":{"Value":{"NodeId":{"Id":12640},"NodeClass":"Variable_2","BrowseName":{"Name":"MaxTrustListSize"},"DisplayName":"MaxTrustListSize","RolePermissions":[],"UserRolePermissions":[],"References":[],"Value":null,"DataType":{"Id":7},"ValueRank":-1,"ArrayDimensions":[],"AccessLevel":1,"UserAccessLevel":1,"AccessLevelEx":1}}}}]