[{"SequenceNumber":299,"MetaDataVersion":{"MajorVersion":1},"Timestamp":"2024-04-27T14:58:27.8450866Z","MessageType":"ua-event","DataSetWriterName":"<<UnknownDataSet>>","Payload":{"EventId":{"Value":"2mOEvzbpdU+UP0/yLE959g=="},"EventType":{"Value":{"IdType":1,"Id":"ReferenceChange"}},"SourceNode":{"Value":{"Id":12637}},"Time":{"Value":"2024-04-27T14:58:27.8450857Z"},"Change":{"Value":{"ReferenceTypeId":{"Id":46},"IsForward":true,"NodeId":{"Id":12641},"BrowseName":{"Name":"MulticastDnsEnabled"},"DisplayName":"MulticastDnsEnabled","NodeClass":"Variable_2","TypeDefinition":{"Id":68}}}}}]