[{"SequenceNumber":301,"MetaDataVersion":{"MajorVersion":1},"Timestamp":"2024-04-27T14:58:27.8464Z","MessageType":"ua-event","DataSetWriterName":"<<UnknownDataSet>>","Payload":{"EventId":{"Value":"USsWMnMIQkWx37IQxmC06w=="},"EventType":{"Value":{"IdType":1,"Id":"ReferenceChange"}},"SourceNode":{"Value":{"Id":12637}},"Time":{"Value":"2024-04-27T14:58:27.8463993Z"},"Change":{"Value":{"ReferenceTypeId":{"Id":46},"IsForward":true,"NodeId":{"Id":23597},"BrowseName":{"Name":"HasSecureElement"},"DisplayName":"HasSecureElement","NodeClass":"Variable_2","TypeDefinition":{"Id":68}}}}}]