[{"SequenceNumber":302,"MetaDataVersion":{"MajorVersion":1},"Timestamp":"2024-04-27T14:58:27.847547Z","MessageType":"ua-event","DataSetWriterName":"<<UnknownDataSet>>","Payload":{"EventId":{"Value":"4iHV5sTtW0Sgp3ZUv/JbXA=="},"EventType":{"Value":{"IdType":1,"Id":"NodeChange"}},"SourceNode":{"Value":{"Id":23597}},"Time":{"Value":"2024-04-27T14:58:27.8475454Z"},"Change":{"Value":{"NodeId":{"Id":23597},"NodeClass":"Variable_2","BrowseName":{"Name":"HasSecureElement"},"DisplayName":"HasSecureElement","RolePermissions":[],"UserRolePermissions":[],"References":[],"Value":null,"DataType":{"Id":1},"ValueRank":-1,"ArrayDimensions":[],"AccessLevel":1,"UserAccessLevel":1,"AccessLevelEx":1}}}}]