[{"SequenceNumber":307,"MetaDataVersion":{"MajorVersion":1},"Timestamp":"2024-04-27T14:58:27.8501801Z","MessageType":"ua-event","DataSetWriterName":"<<UnknownDataSet>>","Payload":{"EventId":{"Value":"Z3gQSashBEadesgI6AQ6pA=="},"EventType":{"Value":{"IdType":1,"Id":"ReferenceChange"}},"SourceNode":{"Value":{"Id":12637}},"Time":{"Value":"2024-04-27T14:58:27.8501794Z"},"Change":{"Value":{"ReferenceTypeId":{"Id":47},"IsForward":true,"NodeId":{"Id":25708},"BrowseName":{"Name":"CancelChanges"},"DisplayName":"CancelChanges","NodeClass":"Method_4","TypeDefinition":{"Id":25698}}}}}]