[{"SequenceNumber":312,"MetaDataVersion":{"MajorVersion":1},"Timestamp":"2024-04-27T14:58:27.8539552Z","MessageType":"ua-event","DataSetWriterName":"<<UnknownDataSet>>","Payload":{"EventId":{"Value":"j/b//LDL8EmStiRqD8dMSA=="},"EventType":{"Value":{"IdType":1,"Id":"NodeChange"}},"SourceNode":{"Value":{"Id":12777}},"Time":{"Value":"2024-04-27T14:58:27.8539536Z"},"Change":{"Value":{"NodeId":{"Id":12777},"NodeClass":"Method_4","BrowseName":{"Name":"GetRejectedList"},"DisplayName":"GetRejectedList","RolePermissions":[],"UserRolePermissions":[],"References":[],"Executable":true,"UserExecutable":true}}}}]