[{"SequenceNumber":321,"MetaDataVersion":{"MajorVersion":1},"Timestamp":"2024-04-27T14:58:27.8595027Z","MessageType":"ua-event","DataSetWriterName":"<<UnknownDataSet>>","Payload":{"EventId":{"Value":"NgIA20wKh0OowkrzJXDzYQ=="},"EventType":{"Value":{"IdType":1,"Id":"ReferenceChange"}},"SourceNode":{"Value":{"Id":32637}},"Time":{"Value":"2024-04-27T14:58:27.8595018Z"},"Change":{"Value":{"ReferenceTypeId":{"Id":47},"IsForward":true,"NodeId":{"Id":32638},"BrowseName":{"Name":"AggregateConfiguration"},"DisplayName":"AggregateConfiguration","NodeClass":"Object_1","TypeDefinition":{"Id":11187}}}}}]