[{"SequenceNumber":327,"MetaDataVersion":{"MajorVersion":1},"Timestamp":"2024-04-27T14:58:27.863585Z","MessageType":"ua-event","DataSetWriterName":"<<UnknownDataSet>>","Payload":{"EventId":{"Value":"HbxQJRGL+Eiv+90SR9QyrQ=="},"EventType":{"Value":{"IdType":1,"Id":"ReferenceChange"}},"SourceNode":{"Value":{"Id":32637}},"Time":{"Value":"2024-04-27T14:58:27.8635842Z"},"Change":{"Value":{"ReferenceTypeId":{"Id":46},"IsForward":true,"NodeId":{"Id":32645},"BrowseName":{"Name":"Definition"},"DisplayName":"Definition","NodeClass":"Variable_2","TypeDefinition":{"Id":68}}}}}]