[{"SequenceNumber":330,"MetaDataVersion":{"MajorVersion":1},"Timestamp":"2024-04-27T14:58:27.8659253Z","MessageType":"ua-event","DataSetWriterName":"<<UnknownDataSet>>","Payload":{"EventId":{"Value":"sxhG2gXEX0eaab03Hoa1KA=="},"EventType":{"Value":{"IdType":1,"Id":"NodeChange"}},"SourceNode":{"Value":{"Id":32646}},"Time":{"Value":"2024-04-27T14:58:27.8659236Z"},"Change":{"Value":{"NodeId":{"Id":32646},"NodeClass":"Variable_2","BrowseName":{"Name":"MaxTimeInterval"},"DisplayName":"MaxTimeInterval","RolePermissions":[],"UserRolePermissions":[],"References":[],"Value":null,"DataType":{"Id":290},"ValueRank":-1,"ArrayDimensions":[],"AccessLevel":1,"UserAccessLevel":1,"AccessLevelEx":1}}}}]