[{"SequenceNumber":331,"MetaDataVersion":{"MajorVersion":1},"Timestamp":"2024-04-27T14:58:27.8660843Z","MessageType":"ua-event","DataSetWriterName":"<<UnknownDataSet>>","Payload":{"EventId":{"Value":"jzkgObEa9kOr9UUy8fJeRg=="},"EventType":{"Value":{"IdType":1,"Id":"ReferenceChange"}},"SourceNode":{"Value":{"Id":32637}},"Time":{"Value":"2024-04-27T14:58:27.8660834Z"},"Change":{"Value":{"ReferenceTypeId":{"Id":46},"IsForward":true,"NodeId":{"Id":32647},"BrowseName":{"Name":"MinTimeInterval"},"DisplayName":"MinTimeInterval","NodeClass":"Variable_2","TypeDefinition":{"Id":68}}}}}]