[{"SequenceNumber":333,"MetaDataVersion":{"MajorVersion":1},"Timestamp":"2024-04-27T14:58:27.8673438Z","MessageType":"ua-event","DataSetWriterName":"<<UnknownDataSet>>","Payload":{"EventId":{"Value":"hWojdwbgX0uqLILeIsnMSw=="},"EventType":{"Value":{"IdType":1,"Id":"ReferenceChange"}},"SourceNode":{"Value":{"Id":32637}},"Time":{"Value":"2024-04-27T14:58:27.8673429Z"},"Change":{"Value":{"ReferenceTypeId":{"Id":46},"IsForward":true,"NodeId":{"Id":32648},"BrowseName":{"Name":"ExceptionDeviation"},"DisplayName":"ExceptionDeviation","NodeClass":"Variable_2","TypeDefinition":{"Id":68}}}}}]