[{"SequenceNumber":337,"MetaDataVersion":{"MajorVersion":1},"Timestamp":"2024-04-27T14:58:27.8700185Z","MessageType":"ua-event","DataSetWriterName":"<<UnknownDataSet>>","Payload":{"EventId":{"Value":"DHIkhkx/YEmVNAz8VKY7rg=="},"EventType":{"Value":{"IdType":1,"Id":"ReferenceChange"}},"SourceNode":{"Value":{"Id":32637}},"Time":{"Value":"2024-04-27T14:58:27.8700177Z"},"Change":{"Value":{"ReferenceTypeId":{"Id":46},"IsForward":true,"NodeId":{"Id":32650},"BrowseName":{"Name":"StartOfArchive"},"DisplayName":"StartOfArchive","NodeClass":"Variable_2","TypeDefinition":{"Id":68}}}}}]