[{"SequenceNumber":344,"MetaDataVersion":{"MajorVersion":1},"Timestamp":"2024-04-27T14:58:27.8755418Z","MessageType":"ua-event","DataSetWriterName":"<<UnknownDataSet>>","Payload":{"EventId":{"Value":"cw6M3KUqUkS05qf+cV8pHA=="},"EventType":{"Value":{"IdType":1,"Id":"NodeChange"}},"SourceNode":{"Value":{"Id":32752}},"Time":{"Value":"2024-04-27T14:58:27.8755403Z"},"Change":{"Value":{"NodeId":{"Id":32752},"NodeClass":"Variable_2","BrowseName":{"Name":"MaxTimeStoredValues"},"DisplayName":"MaxTimeStoredValues","RolePermissions":[],"UserRolePermissions":[],"References":[],"Value":null,"DataType":{"Id":290},"ValueRank":-1,"ArrayDimensions":[],"AccessLevel":1,"UserAccessLevel":1,"AccessLevelEx":1}}}}]