[{"SequenceNumber":346,"MetaDataVersion":{"MajorVersion":1},"Timestamp":"2024-04-27T14:58:27.8769434Z","MessageType":"ua-event","DataSetWriterName":"<<UnknownDataSet>>","Payload":{"EventId":{"Value":"fPoTlulhiEaFSLkcWgmbxA=="},"EventType":{"Value":{"IdType":1,"Id":"NodeChange"}},"SourceNode":{"Value":{"Id":32753}},"Time":{"Value":"2024-04-27T14:58:27.8769419Z"},"Change":{"Value":{"NodeId":{"Id":32753},"NodeClass":"Variable_2","BrowseName":{"Name":"MaxCountStoredValues"},"DisplayName":"MaxCountStoredValues","RolePermissions":[],"UserRolePermissions":[],"References":[],"Value":null,"DataType":{"Id":7},"ValueRank":-1,"ArrayDimensions":[],"AccessLevel":1,"UserAccessLevel":1,"AccessLevelEx":1}}}}]