[{"SequenceNumber":347,"MetaDataVersion":{"MajorVersion":1},"Timestamp":"2024-04-27T14:58:27.877115Z","MessageType":"ua-event","DataSetWriterName":"<<UnknownDataSet>>","Payload":{"EventId":{"Value":"hv+Tqp+6J0y/HWbfcBLSJQ=="},"EventType":{"Value":{"IdType":1,"Id":"ReferenceChange"}},"SourceNode":{"Value":{"Id":32754}},"Time":{"Value":"2024-04-27T14:58:27.877114Z"},"Change":{"Value":{"ReferenceTypeId":{"Id":47},"IsForward":true,"NodeId":{"Id":32755},"BrowseName":{"Name":"EventTypes"},"DisplayName":"EventTypes","NodeClass":"Object_1","TypeDefinition":{"Id":61}}}}}]