[{"SequenceNumber":351,"MetaDataVersion":{"MajorVersion":1},"Timestamp":"2024-04-27T14:58:27.8798043Z","MessageType":"ua-event","DataSetWriterName":"<<UnknownDataSet>>","Payload":{"EventId":{"Value":"z5vxd65/PEaOmu8koKspGA=="},"EventType":{"Value":{"IdType":1,"Id":"ReferenceChange"}},"SourceNode":{"Value":{"Id":32754}},"Time":{"Value":"2024-04-27T14:58:27.8798035Z"},"Change":{"Value":{"ReferenceTypeId":{"Id":46},"IsForward":true,"NodeId":{"Id":32757},"BrowseName":{"Name":"StartOfOnlineArchive"},"DisplayName":"StartOfOnlineArchive","NodeClass":"Variable_2","TypeDefinition":{"Id":68}}}}}]