[{"SequenceNumber":356,"MetaDataVersion":{"MajorVersion":1},"Timestamp":"2024-04-27T14:58:27.8838051Z","MessageType":"ua-event","DataSetWriterName":"<<UnknownDataSet>>","Payload":{"EventId":{"Value":"VFzQJD1aq0eH1ni6HLK+vg=="},"EventType":{"Value":{"IdType":1,"Id":"NodeChange"}},"SourceNode":{"Value":{"Id":15440}},"Time":{"Value":"2024-04-27T14:58:27.8838032Z"},"Change":{"Value":{"NodeId":{"Id":15440},"NodeClass":"Method_4","BrowseName":{"Name":"GetSecurityGroup"},"DisplayName":"GetSecurityGroup","RolePermissions":[],"UserRolePermissions":[],"References":[],"Executable":true,"UserExecutable":true}}}}]