[{"SequenceNumber":36,"MetaDataVersion":{"MajorVersion":1},"Timestamp":"2024-04-27T14:58:27.573548Z","MessageType":"ua-event","DataSetWriterName":"<<UnknownDataSet>>","Payload":{"EventId":{"Value":"z8F3fE89CkGkSk1x3mC4sg=="},"EventType":{"Value":{"IdType":1,"Id":"NodeChange"}},"SourceNode":{"Value":{"IdType":1,"Id":"0:TestData","Namespace":"DataAccess"}},"Time":{"Value":"2024-04-27T14:58:27.5735426Z"},"Change":{"Value":{"NodeId":{"IdType":1,"Id":"0:TestData","Namespace":"DataAccess"},"NodeClass":"Object_1","BrowseName":{"Name":"TestData","Uri":"DataAccess"},"DisplayName":"TestData","RolePermissions":[],"UserRolePermissions":[],"References":[]}}}}]