[{"SequenceNumber":360,"MetaDataVersion":{"MajorVersion":1},"Timestamp":"2024-04-27T14:58:27.8866015Z","MessageType":"ua-event","DataSetWriterName":"<<UnknownDataSet>>","Payload":{"EventId":{"Value":"05ujt0JcM0imiGdNBoLAQA=="},"EventType":{"Value":{"IdType":1,"Id":"NodeChange"}},"SourceNode":{"Value":{"Id":25440}},"Time":{"Value":"2024-04-27T14:58:27.8865997Z"},"Change":{"Value":{"NodeId":{"Id":25440},"NodeClass":"Object_1","BrowseName":{"Name":"KeyPushTargets"},"DisplayName":"KeyPushTargets","RolePermissions":[],"UserRolePermissions":[],"References":[]}}}}]