[{"SequenceNumber":361,"MetaDataVersion":{"MajorVersion":1},"Timestamp":"2024-04-27T14:58:27.88676Z","MessageType":"ua-event","DataSetWriterName":"<<UnknownDataSet>>","Payload":{"EventId":{"Value":"fUN7J05nwUa9mLCwKFkTrA=="},"EventType":{"Value":{"IdType":1,"Id":"ReferenceChange"}},"SourceNode":{"Value":{"Id":14443}},"Time":{"Value":"2024-04-27T14:58:27.8867592Z"},"Change":{"Value":{"ReferenceTypeId":{"Id":47},"IsForward":true,"NodeId":{"Id":17364},"BrowseName":{"Name":"SetSecurityKeys"},"DisplayName":"SetSecurityKeys","NodeClass":"Method_4","TypeDefinition":{"Id":17296}}}}}]