[{"SequenceNumber":375,"MetaDataVersion":{"MajorVersion":1},"Timestamp":"2024-04-27T14:58:27.8970841Z","MessageType":"ua-event","DataSetWriterName":"<<UnknownDataSet>>","Payload":{"EventId":{"Value":"O4joPD8auEyjS7MYcDI5ZA=="},"EventType":{"Value":{"IdType":1,"Id":"ReferenceChange"}},"SourceNode":{"Value":{"Id":14443}},"Time":{"Value":"2024-04-27T14:58:27.8970817Z"},"Change":{"Value":{"ReferenceTypeId":{"Id":47},"IsForward":true,"NodeId":{"Id":17409},"BrowseName":{"Name":"Diagnostics"},"DisplayName":"Diagnostics","NodeClass":"Object_1","TypeDefinition":{"Id":19732}}}}}]