[{"SequenceNumber":380,"MetaDataVersion":{"MajorVersion":1},"Timestamp":"2024-04-27T14:58:27.9020515Z","MessageType":"ua-event","DataSetWriterName":"<<UnknownDataSet>>","Payload":{"EventId":{"Value":"NDySxzU7NECtoBotk44HGg=="},"EventType":{"Value":{"IdType":1,"Id":"NodeChange"}},"SourceNode":{"Value":{"Id":23685}},"Time":{"Value":"2024-04-27T14:58:27.9020487Z"},"Change":{"Value":{"NodeId":{"Id":23685},"NodeClass":"Object_1","BrowseName":{"Name":"DataSetClasses"},"DisplayName":"DataSetClasses","RolePermissions":[],"UserRolePermissions":[],"References":[]}}}}]