[{"SequenceNumber":381,"MetaDataVersion":{"MajorVersion":1},"Timestamp":"2024-04-27T14:58:27.9023394Z","MessageType":"ua-event","DataSetWriterName":"<<UnknownDataSet>>","Payload":{"EventId":{"Value":"NhPggncOTkmcWou1QGVC0w=="},"EventType":{"Value":{"IdType":1,"Id":"ReferenceChange"}},"SourceNode":{"Value":{"Id":14443}},"Time":{"Value":"2024-04-27T14:58:27.9023378Z"},"Change":{"Value":{"ReferenceTypeId":{"Id":46},"IsForward":true,"NodeId":{"Id":17481},"BrowseName":{"Name":"SupportedTransportProfiles"},"DisplayName":"SupportedTransportProfiles","NodeClass":"Variable_2","TypeDefinition":{"Id":68}}}}}]