[{"SequenceNumber":384,"MetaDataVersion":{"MajorVersion":1},"Timestamp":"2024-04-27T14:58:27.9054951Z","MessageType":"ua-event","DataSetWriterName":"<<UnknownDataSet>>","Payload":{"EventId":{"Value":"faN5tEthn0uvcTw/9kM3+A=="},"EventType":{"Value":{"IdType":1,"Id":"NodeChange"}},"SourceNode":{"Value":{"Id":25480}},"Time":{"Value":"2024-04-27T14:58:27.905493Z"},"Change":{"Value":{"NodeId":{"Id":25480},"NodeClass":"Variable_2","BrowseName":{"Name":"DefaultDatagramPublisherId"},"DisplayName":"DefaultDatagramPublisherId","RolePermissions":[],"UserRolePermissions":[],"References":[],"Value":null,"DataType":{"Id":9},"ValueRank":-1,"ArrayDimensions":[],"AccessLevel":1,"UserAccessLevel":1,"AccessLevelEx":1}}}}]