[{"SequenceNumber":385,"MetaDataVersion":{"MajorVersion":1},"Timestamp":"2024-04-27T14:58:27.9056966Z","MessageType":"ua-event","DataSetWriterName":"<<UnknownDataSet>>","Payload":{"EventId":{"Value":"KNbz28Z41EeQas/GsPwOVw=="},"EventType":{"Value":{"IdType":1,"Id":"ReferenceChange"}},"SourceNode":{"Value":{"Id":14443}},"Time":{"Value":"2024-04-27T14:58:27.9056957Z"},"Change":{"Value":{"ReferenceTypeId":{"Id":46},"IsForward":true,"NodeId":{"Id":25481},"BrowseName":{"Name":"ConfigurationVersion"},"DisplayName":"ConfigurationVersion","NodeClass":"Variable_2","TypeDefinition":{"Id":68}}}}}]