[{"SequenceNumber":391,"MetaDataVersion":{"MajorVersion":1},"Timestamp":"2024-04-27T14:58:27.9103521Z","MessageType":"ua-event","DataSetWriterName":"<<UnknownDataSet>>","Payload":{"EventId":{"Value":"VPgqIdDA1EiEKOQYtgb++A=="},"EventType":{"Value":{"IdType":1,"Id":"ReferenceChange"}},"SourceNode":{"Value":{"Id":24226}},"Time":{"Value":"2024-04-27T14:58:27.9103511Z"},"Change":{"Value":{"ReferenceTypeId":{"Id":35},"IsForward":true,"NodeId":{"Id":24227},"BrowseName":{"Name":"Communication"},"DisplayName":"Communication","NodeClass":"Object_1","TypeDefinition":{"Id":61}}}}}]