[{"SequenceNumber":392,"MetaDataVersion":{"MajorVersion":1},"Timestamp":"2024-04-27T14:58:27.9116515Z","MessageType":"ua-event","DataSetWriterName":"<<UnknownDataSet>>","Payload":{"EventId":{"Value":"MICfJYCc7EmISbrehrIjNw=="},"EventType":{"Value":{"IdType":1,"Id":"NodeChange"}},"SourceNode":{"Value":{"Id":24227}},"Time":{"Value":"2024-04-27T14:58:27.9116493Z"},"Change":{"Value":{"NodeId":{"Id":24227},"NodeClass":"Object_1","BrowseName":{"Name":"Communication"},"DisplayName":"Communication","RolePermissions":[],"UserRolePermissions":[],"References":[]}}}}]