[{"SequenceNumber":396,"MetaDataVersion":{"MajorVersion":1},"Timestamp":"2024-04-27T14:58:27.9151471Z","MessageType":"ua-event","DataSetWriterName":"<<UnknownDataSet>>","Payload":{"EventId":{"Value":"RgGokHESQEaUjimKvRCaAg=="},"EventType":{"Value":{"IdType":1,"Id":"NodeChange"}},"SourceNode":{"Value":{"IdType":1,"Id":"0:Green/East","Namespace":"http://opcfoundation.org/AlarmCondition"}},"Time":{"Value":"2024-04-27T14:58:27.9151441Z"},"Change":{"Value":{"NodeId":{"IdType":1,"Id":"0:Green/East","Namespace":"http://opcfoundation.org/AlarmCondition"},"NodeClass":"Object_1","BrowseName":{"Name":"East","Uri":"http://opcfoundation.org/AlarmCondition"},"DisplayName":"East","RolePermissions":[],"UserRolePermissions":[],"References":[],"EventNotifier":1}}}}]