[{"SequenceNumber":398,"MetaDataVersion":{"MajorVersion":1},"Timestamp":"2024-04-27T14:58:27.9168876Z","MessageType":"ua-event","DataSetWriterName":"<<UnknownDataSet>>","Payload":{"EventId":{"Value":"IAPoqpEwR0yVjYtIKsW/Yw=="},"EventType":{"Value":{"IdType":1,"Id":"NodeChange"}},"SourceNode":{"Value":{"IdType":1,"Id":"0:Yellow/West","Namespace":"http://opcfoundation.org/AlarmCondition"}},"Time":{"Value":"2024-04-27T14:58:27.9168853Z"},"Change":{"Value":{"NodeId":{"IdType":1,"Id":"0:Yellow/West","Namespace":"http://opcfoundation.org/AlarmCondition"},"NodeClass":"Object_1","BrowseName":{"Name":"West","Uri":"http://opcfoundation.org/AlarmCondition"},"DisplayName":"West","RolePermissions":[],"UserRolePermissions":[],"References":[],"EventNotifier":1}}}}]