[{"SequenceNumber":40,"MetaDataVersion":{"MajorVersion":1},"Timestamp":"2024-04-27T14:58:27.5860325Z","MessageType":"ua-event","DataSetWriterName":"<<UnknownDataSet>>","Payload":{"EventId":{"Value":"zXsmIOfx/UqCb1Gx334rBQ=="},"EventType":{"Value":{"IdType":1,"Id":"NodeChange"}},"SourceNode":{"Value":{"Id":88}},"Time":{"Value":"2024-04-27T14:58:27.58603Z"},"Change":{"Value":{"NodeId":{"Id":88},"NodeClass":"Object_1","BrowseName":{"Name":"ObjectTypes"},"DisplayName":"ObjectTypes","Description":"The browse entry point when looking for object types in the server address space.","RolePermissions":[],"UserRolePermissions":[],"References":[]}}}}]