[{"SequenceNumber":402,"MetaDataVersion":{"MajorVersion":1},"Timestamp":"2024-04-27T14:58:27.9201Z","MessageType":"ua-event","DataSetWriterName":"<<UnknownDataSet>>","Payload":{"EventId":{"Value":"aimKgQd/sk6zG9LiLn/C8g=="},"EventType":{"Value":{"IdType":1,"Id":"NodeChange"}},"SourceNode":{"Value":{"Id":23478}},"Time":{"Value":"2024-04-27T14:58:27.9200976Z"},"Change":{"Value":{"NodeId":{"Id":23478},"NodeClass":"Variable_2","BrowseName":{"Name":"OutputArguments"},"DisplayName":"OutputArguments","RolePermissions":[],"UserRolePermissions":[],"References":[],"Value":null,"DataType":{"Id":296},"ValueRank":1,"ArrayDimensions":[1],"AccessLevel":1,"UserAccessLevel":1,"AccessLevelEx":1}}}}]