[{"SequenceNumber":41,"MetaDataVersion":{"MajorVersion":1},"Timestamp":"2024-04-27T14:58:27.5862297Z","MessageType":"ua-event","DataSetWriterName":"<<UnknownDataSet>>","Payload":{"EventId":{"Value":"s1cgAlbqwECmj4wGHen8+Q=="},"EventType":{"Value":{"IdType":1,"Id":"ReferenceChange"}},"SourceNode":{"Value":{"Id":86}},"Time":{"Value":"2024-04-27T14:58:27.5862282Z"},"Change":{"Value":{"ReferenceTypeId":{"Id":35},"IsForward":true,"NodeId":{"Id":89},"BrowseName":{"Name":"VariableTypes"},"DisplayName":"VariableTypes","NodeClass":"Object_1","TypeDefinition":{"Id":61}}}}}]