[{"SequenceNumber":410,"MetaDataVersion":{"MajorVersion":1},"Timestamp":"2024-04-27T14:58:27.9263603Z","MessageType":"ua-event","DataSetWriterName":"<<UnknownDataSet>>","Payload":{"EventId":{"Value":"fSxT4ihNV0C6EBoE/X+DLQ=="},"EventType":{"Value":{"IdType":1,"Id":"NodeChange"}},"SourceNode":{"Value":{"Id":10243,"Namespace":"http://test.org/UA/Data/"}},"Time":{"Value":"2024-04-27T14:58:27.9263579Z"},"Change":{"Value":{"NodeId":{"Id":10243,"Namespace":"http://test.org/UA/Data/"},"NodeClass":"Object_1","BrowseName":{"Name":"Array","Uri":"http://test.org/UA/Data/"},"DisplayName":"Array","RolePermissions":[],"UserRolePermissions":[],"References":[]}}}}]