[{"SequenceNumber":413,"MetaDataVersion":{"MajorVersion":1},"Timestamp":"2024-04-27T14:58:27.9281624Z","MessageType":"ua-event","DataSetWriterName":"<<UnknownDataSet>>","Payload":{"EventId":{"Value":"kBK+HTe130e873tjxpCefQ=="},"EventType":{"Value":{"IdType":1,"Id":"ReferenceChange"}},"SourceNode":{"Value":{"Id":10158,"Namespace":"http://test.org/UA/Data/"}},"Time":{"Value":"2024-04-27T14:58:27.9281614Z"},"Change":{"Value":{"ReferenceTypeId":{"Id":47},"IsForward":true,"NodeId":{"Id":10406,"Namespace":"http://test.org/UA/Data/"},"BrowseName":{"Name":"UserArray","Uri":"http://test.org/UA/Data/"},"DisplayName":"UserArray","NodeClass":"Object_1","TypeDefinition":{"Id":10007,"Namespace":"http://test.org/UA/Data/"}}}}}]