[{"SequenceNumber":418,"MetaDataVersion":{"MajorVersion":1},"Timestamp":"2024-04-27T14:58:27.9326883Z","MessageType":"ua-event","DataSetWriterName":"<<UnknownDataSet>>","Payload":{"EventId":{"Value":"3U6f2fM/u0WttVZj++T6GQ=="},"EventType":{"Value":{"IdType":1,"Id":"NodeChange"}},"SourceNode":{"Value":{"Id":10620,"Namespace":"http://test.org/UA/Data/"}},"Time":{"Value":"2024-04-27T14:58:27.9326858Z"},"Change":{"Value":{"NodeId":{"Id":10620,"Namespace":"http://test.org/UA/Data/"},"NodeClass":"Object_1","BrowseName":{"Name":"AnalogArray","Uri":"http://test.org/UA/Data/"},"DisplayName":"AnalogArray","RolePermissions":[],"UserRolePermissions":[],"References":[]}}}}]