[{"SequenceNumber":420,"MetaDataVersion":{"MajorVersion":1},"Timestamp":"2024-04-27T14:58:27.9346838Z","MessageType":"ua-event","DataSetWriterName":"<<UnknownDataSet>>","Payload":{"EventId":{"Value":"/Yt2c/rbq0yqQFYBo/n8yA=="},"EventType":{"Value":{"IdType":1,"Id":"NodeChange"}},"SourceNode":{"Value":{"Id":10755,"Namespace":"http://test.org/UA/Data/"}},"Time":{"Value":"2024-04-27T14:58:27.9346808Z"},"Change":{"Value":{"NodeId":{"Id":10755,"Namespace":"http://test.org/UA/Data/"},"NodeClass":"Object_1","BrowseName":{"Name":"MethodTest","Uri":"http://test.org/UA/Data/"},"DisplayName":"MethodTest","RolePermissions":[],"UserRolePermissions":[],"References":[]}}}}]