[{"SequenceNumber":433,"MetaDataVersion":{"MajorVersion":1},"Timestamp":"2024-04-27T14:58:27.9456459Z","MessageType":"ua-event","DataSetWriterName":"<<UnknownDataSet>>","Payload":{"EventId":{"Value":"iVCdHIojxEWK6cTZkWORqg=="},"EventType":{"Value":{"IdType":1,"Id":"ReferenceChange"}},"SourceNode":{"Value":{"Id":10786,"Namespace":"http://test.org/UA/Data/"}},"Time":{"Value":"2024-04-27T14:58:27.9456447Z"},"Change":{"Value":{"ReferenceTypeId":{"Id":47},"IsForward":true,"NodeId":{"Id":11248,"Namespace":"http://test.org/UA/Data/"},"BrowseName":{"Name":"AnalogArray","Uri":"http://test.org/UA/Data/"},"DisplayName":"AnalogArray","NodeClass":"Object_1","TypeDefinition":{"Id":9763,"Namespace":"http://test.org/UA/Data/"}}}}}]