[{"SequenceNumber":437,"MetaDataVersion":{"MajorVersion":1},"Timestamp":"2024-04-27T14:58:27.9498616Z","MessageType":"ua-event","DataSetWriterName":"<<UnknownDataSet>>","Payload":{"EventId":{"Value":"nCW7mPt5kUes2e6cEhI5uw=="},"EventType":{"Value":{"IdType":1,"Id":"ReferenceChange"}},"SourceNode":{"Value":{"Id":11383,"Namespace":"http://test.org/UA/Data/"}},"Time":{"Value":"2024-04-27T14:58:27.9498595Z"},"Change":{"Value":{"ReferenceTypeId":{"Id":47},"IsForward":true,"NodeId":{"Id":11384,"Namespace":"http://test.org/UA/Data/"},"BrowseName":{"Name":"SystemStatus","Uri":"http://test.org/UA/Data/"},"DisplayName":"SystemStatus","NodeClass":"Object_1","TypeDefinition":{"Id":10123,"Namespace":"http://test.org/UA/Data/"}}}}}]