[{"SequenceNumber":453,"MetaDataVersion":{"MajorVersion":1},"Timestamp":"2024-04-27T14:58:27.9610369Z","MessageType":"ua-event","DataSetWriterName":"<<UnknownDataSet>>","Payload":{"EventId":{"Value":"T23nMhWjPESqT9M+F6deCA=="},"EventType":{"Value":{"IdType":1,"Id":"ReferenceChange"}},"SourceNode":{"Value":{"Id":11383,"Namespace":"http://test.org/UA/Data/"}},"Time":{"Value":"2024-04-27T14:58:27.9610356Z"},"Change":{"Value":{"ReferenceTypeId":{"Id":36},"IsForward":true,"NodeId":{"Id":10875,"Namespace":"http://test.org/UA/Data/"},"BrowseName":{"Name":"CycleComplete","Uri":"http://test.org/UA/Data/"},"DisplayName":"CycleComplete","NodeClass":"Object_1","TypeDefinition":{"Id":2881}}}}}]