[{"SequenceNumber":454,"MetaDataVersion":{"MajorVersion":1},"Timestamp":"2024-04-27T14:58:27.9623535Z","MessageType":"ua-event","DataSetWriterName":"<<UnknownDataSet>>","Payload":{"EventId":{"Value":"xRgWTXrHJUWDV0q31Ti3jg=="},"EventType":{"Value":{"IdType":1,"Id":"NodeChange"}},"SourceNode":{"Value":{"Id":10875,"Namespace":"http://test.org/UA/Data/"}},"Time":{"Value":"2024-04-27T14:58:27.9623515Z"},"Change":{"Value":{"NodeId":{"Id":10875,"Namespace":"http://test.org/UA/Data/"},"NodeClass":"Object_1","BrowseName":{"Name":"CycleComplete","Uri":"http://test.org/UA/Data/"},"DisplayName":"CycleComplete","RolePermissions":[],"UserRolePermissions":[],"References":[]}}}}]