[{"SequenceNumber":464,"MetaDataVersion":{"MajorVersion":1},"Timestamp":"2024-04-27T14:58:27.9701807Z","MessageType":"ua-event","DataSetWriterName":"<<UnknownDataSet>>","Payload":{"EventId":{"Value":"GTrM3sKT+EKP2V/REz6nww=="},"EventType":{"Value":{"IdType":1,"Id":"ReferenceChange"}},"SourceNode":{"Value":{"Id":375,"Namespace":"http://opcfoundation.org/UA/Vehicles/Instances"}},"Time":{"Value":"2024-04-27T14:58:27.9701787Z"},"Change":{"Value":{"ReferenceTypeId":{"Id":46},"IsForward":true,"NodeId":{"Id":376,"Namespace":"http://opcfoundation.org/UA/Vehicles/Instances"},"BrowseName":{"Name":"PrimaryVehicle","Uri":"http://opcfoundation.org/UA/Vehicles/Types"},"DisplayName":"PrimaryVehicle","NodeClass":"Variable_2","TypeDefinition":{"Id":68}}}}}]