[{"SequenceNumber":465,"MetaDataVersion":{"MajorVersion":1},"Timestamp":"2024-04-27T14:58:27.9715038Z","MessageType":"ua-event","DataSetWriterName":"<<UnknownDataSet>>","Payload":{"EventId":{"Value":"GrGMEy31M0WKw8/B+BKjDw=="},"EventType":{"Value":{"IdType":1,"Id":"NodeChange"}},"SourceNode":{"Value":{"Id":376,"Namespace":"http://opcfoundation.org/UA/Vehicles/Instances"}},"Time":{"Value":"2024-04-27T14:58:27.9715019Z"},"Change":{"Value":{"NodeId":{"Id":376,"Namespace":"http://opcfoundation.org/UA/Vehicles/Instances"},"NodeClass":"Variable_2","BrowseName":{"Name":"PrimaryVehicle","Uri":"http://opcfoundation.org/UA/Vehicles/Types"},"DisplayName":"PrimaryVehicle","RolePermissions":[],"UserRolePermissions":[],"References":[],"Value":null,"DataType":{"Id":314,"Namespace":"http://opcfoundation.org/UA/Vehicles/Types"},"ValueRank":-1,"ArrayDimensions":[],"AccessLevel":3,"UserAccessLevel":3,"AccessLevelEx":3}}}}]