[{"SequenceNumber":47,"MetaDataVersion":{"MajorVersion":1},"Timestamp":"2024-04-27T14:58:27.5995668Z","MessageType":"ua-event","DataSetWriterName":"<<UnknownDataSet>>","Payload":{"EventId":{"Value":"6cK5iZ1E4U+3/FgW/F2n9Q=="},"EventType":{"Value":{"IdType":1,"Id":"ReferenceChange"}},"SourceNode":{"Value":{"Id":86}},"Time":{"Value":"2024-04-27T14:58:27.5995655Z"},"Change":{"Value":{"ReferenceTypeId":{"Id":35},"IsForward":true,"NodeId":{"Id":3048},"BrowseName":{"Name":"EventTypes"},"DisplayName":"EventTypes","NodeClass":"Object_1","TypeDefinition":{"Id":61}}}}}]