[{"SequenceNumber":483,"MetaDataVersion":{"MajorVersion":1},"Timestamp":"2024-04-27T14:58:27.9853287Z","MessageType":"ua-event","DataSetWriterName":"<<UnknownDataSet>>","Payload":{"EventId":{"Value":"wfD16AJyWUiHNiZwDi17Qg=="},"EventType":{"Value":{"IdType":1,"Id":"NodeChange"}},"SourceNode":{"Value":{"IdType":1,"Id":"0:Boiler #2?WaterIn","Namespace":"http://opcfoundation.org/UA/Views"}},"Time":{"Value":"2024-04-27T14:58:27.9853268Z"},"Change":{"Value":{"NodeId":{"IdType":1,"Id":"0:Boiler #2?WaterIn","Namespace":"http://opcfoundation.org/UA/Views"},"NodeClass":"Object_1","BrowseName":{"Name":"WaterIn","Uri":"http://opcfoundation.org/UA/Views"},"DisplayName":"WaterIn","RolePermissions":[],"UserRolePermissions":[],"References":[]}}}}]