[{"SequenceNumber":491,"MetaDataVersion":{"MajorVersion":1},"Timestamp":"2024-04-27T14:58:27.9913056Z","MessageType":"ua-event","DataSetWriterName":"<<UnknownDataSet>>","Payload":{"EventId":{"Value":"n2j5nlMrCUagV2WUVR3Lmw=="},"EventType":{"Value":{"IdType":1,"Id":"NodeChange"}},"SourceNode":{"Value":{"Id":1004,"Namespace":"http://samples.org/UA/memorybuffer"}},"Time":{"Value":"2024-04-27T14:58:27.991304Z"},"Change":{"Value":{"NodeId":{"Id":1004,"Namespace":"http://samples.org/UA/memorybuffer"},"NodeClass":"Variable_2","BrowseName":{"Name":"SizeInBytes","Uri":"http://samples.org/UA/memorybuffer"},"DisplayName":"SizeInBytes","RolePermissions":[],"UserRolePermissions":[],"References":[],"Value":null,"DataType":{"Id":7},"ValueRank":-1,"ArrayDimensions":[],"AccessLevel":1,"UserAccessLevel":1,"AccessLevelEx":1}}}}]