[{"SequenceNumber":499,"MetaDataVersion":{"MajorVersion":1},"Timestamp":"2024-04-27T14:58:27.997715Z","MessageType":"ua-event","DataSetWriterName":"<<UnknownDataSet>>","Payload":{"EventId":{"Value":"x+j/9BOLN0anSHx5NVJNHg=="},"EventType":{"Value":{"IdType":1,"Id":"NodeChange"}},"SourceNode":{"Value":{"IdType":1,"Id":"UInt32[12]","Namespace":"http://samples.org/UA/memorybuffer/Instance"}},"Time":{"Value":"2024-04-27T14:58:27.997713Z"},"Change":{"Value":{"NodeId":{"IdType":1,"Id":"UInt32[12]","Namespace":"http://samples.org/UA/memorybuffer/Instance"},"NodeClass":"Variable_2","BrowseName":{"Name":"0000000C","Uri":"http://samples.org/UA/memorybuffer"},"DisplayName":"0000000C","RolePermissions":[],"UserRolePermissions":[],"References":[],"Value":null,"DataType":{"Id":7},"ValueRank":-1,"ArrayDimensions":[],"AccessLevel":3,"UserAccessLevel":3,"MinimumSamplingInterval":1000,"AccessLevelEx":3}}}}]