[{"SequenceNumber":54,"MetaDataVersion":{"MajorVersion":1},"Timestamp":"2024-04-27T14:58:27.6180022Z","MessageType":"ua-event","DataSetWriterName":"<<UnknownDataSet>>","Payload":{"EventId":{"Value":"atFsFfiJXEqxaWd2H5AGAA=="},"EventType":{"Value":{"IdType":1,"Id":"NodeChange"}},"SourceNode":{"Value":{"Id":441,"Namespace":"http://opcfoundation.org/UA/Views"}},"Time":{"Value":"2024-04-27T14:58:27.6179988Z"},"Change":{"Value":{"NodeId":{"Id":441,"Namespace":"http://opcfoundation.org/UA/Views"},"NodeClass":"View_128","BrowseName":{"Name":"Operations","Uri":"http://opcfoundation.org/UA/Views"},"DisplayName":"Operations","RolePermissions":[],"UserRolePermissions":[],"References":[]}}}}]