[{"SequenceNumber":55,"MetaDataVersion":{"MajorVersion":1},"Timestamp":"2024-04-27T14:58:27.6182567Z","MessageType":"ua-event","DataSetWriterName":"<<UnknownDataSet>>","Payload":{"EventId":{"Value":"V1tzD6jRYUa5K55dDyvFLg=="},"EventType":{"Value":{"IdType":1,"Id":"ReferenceChange"}},"SourceNode":{"Value":{"Id":87}},"Time":{"Value":"2024-04-27T14:58:27.6182549Z"},"Change":{"Value":{"ReferenceTypeId":{"Id":35},"IsForward":true,"NodeId":{"IdType":1,"Id":"Views_Engineering","Namespace":"http://opcfoundation.org/ReferenceApplications"},"BrowseName":{"Name":"Engineering","Uri":"http://opcfoundation.org/ReferenceApplications"},"DisplayName":"Engineering","NodeClass":"View_128"}}}}]