[{"SequenceNumber":57,"MetaDataVersion":{"MajorVersion":1},"Timestamp":"2024-04-27T14:58:27.6229294Z","MessageType":"ua-event","DataSetWriterName":"<<UnknownDataSet>>","Payload":{"EventId":{"Value":"kxaMkKpnNUWzeu1y37pO/A=="},"EventType":{"Value":{"IdType":1,"Id":"ReferenceChange"}},"SourceNode":{"Value":{"Id":87}},"Time":{"Value":"2024-04-27T14:58:27.6229277Z"},"Change":{"Value":{"ReferenceTypeId":{"Id":35},"IsForward":true,"NodeId":{"IdType":1,"Id":"Views_Operations","Namespace":"http://opcfoundation.org/ReferenceApplications"},"BrowseName":{"Name":"Operations","Uri":"http://opcfoundation.org/ReferenceApplications"},"DisplayName":"Operations","NodeClass":"View_128"}}}}]