[{"SequenceNumber":61,"MetaDataVersion":{"MajorVersion":1},"Timestamp":"2024-04-27T14:58:27.6365581Z","MessageType":"ua-event","DataSetWriterName":"<<UnknownDataSet>>","Payload":{"EventId":{"Value":"zMV1aVR12EiTYyETnfzm4A=="},"EventType":{"Value":{"IdType":1,"Id":"ReferenceChange"}},"SourceNode":{"Value":{"Id":2253}},"Time":{"Value":"2024-04-27T14:58:27.6365567Z"},"Change":{"Value":{"ReferenceTypeId":{"Id":46},"IsForward":true,"NodeId":{"Id":2255},"BrowseName":{"Name":"NamespaceArray"},"DisplayName":"NamespaceArray","NodeClass":"Variable_2","TypeDefinition":{"Id":68}}}}}]