[{"SequenceNumber":64,"MetaDataVersion":{"MajorVersion":1},"Timestamp":"2024-04-27T14:58:27.6391329Z","MessageType":"ua-event","DataSetWriterName":"<<UnknownDataSet>>","Payload":{"EventId":{"Value":"tiPMmTMq7kSlOqiSR+wgoQ=="},"EventType":{"Value":{"IdType":1,"Id":"NodeChange"}},"SourceNode":{"Value":{"Id":15004}},"Time":{"Value":"2024-04-27T14:58:27.6391309Z"},"Change":{"Value":{"NodeId":{"Id":15004},"NodeClass":"Variable_2","BrowseName":{"Name":"UrisVersion"},"DisplayName":"UrisVersion","RolePermissions":[],"UserRolePermissions":[],"References":[],"Value":null,"DataType":{"Id":20998},"ValueRank":-1,"ArrayDimensions":[],"AccessLevel":1,"UserAccessLevel":1,"MinimumSamplingInterval":1000,"AccessLevelEx":1}}}}]