[{"SequenceNumber":67,"MetaDataVersion":{"MajorVersion":1},"Timestamp":"2024-04-27T14:58:27.6406508Z","MessageType":"ua-event","DataSetWriterName":"<<UnknownDataSet>>","Payload":{"EventId":{"Value":"cqjDtruIzU6QLfHWRzxJMQ=="},"EventType":{"Value":{"IdType":1,"Id":"ReferenceChange"}},"SourceNode":{"Value":{"Id":2253}},"Time":{"Value":"2024-04-27T14:58:27.6406499Z"},"Change":{"Value":{"ReferenceTypeId":{"Id":46},"IsForward":true,"NodeId":{"Id":2267},"BrowseName":{"Name":"ServiceLevel"},"DisplayName":"ServiceLevel","NodeClass":"Variable_2","TypeDefinition":{"Id":68}}}}}]