[{"SequenceNumber":70,"MetaDataVersion":{"MajorVersion":1},"Timestamp":"2024-04-27T14:58:27.6431665Z","MessageType":"ua-event","DataSetWriterName":"<<UnknownDataSet>>","Payload":{"EventId":{"Value":"fB/crhX8xUOwIhGLoM5rSQ=="},"EventType":{"Value":{"IdType":1,"Id":"NodeChange"}},"SourceNode":{"Value":{"Id":12885}},"Time":{"Value":"2024-04-27T14:58:27.643165Z"},"Change":{"Value":{"NodeId":{"Id":12885},"NodeClass":"Variable_2","BrowseName":{"Name":"EstimatedReturnTime"},"DisplayName":"EstimatedReturnTime","RolePermissions":[],"UserRolePermissions":[],"References":[],"Value":null,"DataType":{"Id":13},"ValueRank":-1,"ArrayDimensions":[],"AccessLevel":1,"UserAccessLevel":1,"MinimumSamplingInterval":1000,"AccessLevelEx":1}}}}]