[{"SequenceNumber":74,"MetaDataVersion":{"MajorVersion":1},"Timestamp":"2024-04-27T14:58:27.645784Z","MessageType":"ua-event","DataSetWriterName":"<<UnknownDataSet>>","Payload":{"EventId":{"Value":"ZIuNygpSL02DZkOfZNlsEA=="},"EventType":{"Value":{"IdType":1,"Id":"NodeChange"}},"SourceNode":{"Value":{"Id":2268}},"Time":{"Value":"2024-04-27T14:58:27.6457826Z"},"Change":{"Value":{"NodeId":{"Id":2268},"NodeClass":"Object_1","BrowseName":{"Name":"ServerCapabilities"},"DisplayName":"ServerCapabilities","RolePermissions":[],"UserRolePermissions":[],"References":[]}}}}]