[{"SequenceNumber":80,"MetaDataVersion":{"MajorVersion":1},"Timestamp":"2024-04-27T14:58:27.6494476Z","MessageType":"ua-event","DataSetWriterName":"<<UnknownDataSet>>","Payload":{"EventId":{"Value":"9V48Td4ooUiAwF4oAtnfBw=="},"EventType":{"Value":{"IdType":1,"Id":"NodeChange"}},"SourceNode":{"Value":{"Id":2296}},"Time":{"Value":"2024-04-27T14:58:27.6494461Z"},"Change":{"Value":{"NodeId":{"Id":2296},"NodeClass":"Object_1","BrowseName":{"Name":"ServerRedundancy"},"DisplayName":"ServerRedundancy","RolePermissions":[],"UserRolePermissions":[],"References":[]}}}}]