[{"SequenceNumber":81,"MetaDataVersion":{"MajorVersion":1},"Timestamp":"2024-04-27T14:58:27.6495959Z","MessageType":"ua-event","DataSetWriterName":"<<UnknownDataSet>>","Payload":{"EventId":{"Value":"YmpONYVNk0ercF1sQl6ZKw=="},"EventType":{"Value":{"IdType":1,"Id":"ReferenceChange"}},"SourceNode":{"Value":{"Id":2253}},"Time":{"Value":"2024-04-27T14:58:27.649595Z"},"Change":{"Value":{"ReferenceTypeId":{"Id":47},"IsForward":true,"NodeId":{"Id":11715},"BrowseName":{"Name":"Namespaces"},"DisplayName":"Namespaces","NodeClass":"Object_1","TypeDefinition":{"Id":11645}}}}}]