[{"SequenceNumber":84,"MetaDataVersion":{"MajorVersion":1},"Timestamp":"2024-04-27T14:58:27.6518733Z","MessageType":"ua-event","DataSetWriterName":"<<UnknownDataSet>>","Payload":{"EventId":{"Value":"Ov5Ed4KA9kemKhIZFE7j2w=="},"EventType":{"Value":{"IdType":1,"Id":"NodeChange"}},"SourceNode":{"Value":{"Id":11492}},"Time":{"Value":"2024-04-27T14:58:27.651872Z"},"Change":{"Value":{"NodeId":{"Id":11492},"NodeClass":"Method_4","BrowseName":{"Name":"GetMonitoredItems"},"DisplayName":"GetMonitoredItems","RolePermissions":[],"UserRolePermissions":[],"References":[],"Executable":true,"UserExecutable":true}}}}]