[{"SequenceNumber":85,"MetaDataVersion":{"MajorVersion":1},"Timestamp":"2024-04-27T14:58:27.6520232Z","MessageType":"ua-event","DataSetWriterName":"<<UnknownDataSet>>","Payload":{"EventId":{"Value":"wIly5ntlCkmgPxeLY1DTDw=="},"EventType":{"Value":{"IdType":1,"Id":"ReferenceChange"}},"SourceNode":{"Value":{"Id":2253}},"Time":{"Value":"2024-04-27T14:58:27.6520224Z"},"Change":{"Value":{"ReferenceTypeId":{"Id":47},"IsForward":true,"NodeId":{"Id":12873},"BrowseName":{"Name":"ResendData"},"DisplayName":"ResendData","NodeClass":"Method_4","TypeDefinition":{"Id":12871}}}}}]