[{"SequenceNumber":88,"MetaDataVersion":{"MajorVersion":1},"Timestamp":"2024-04-27T14:58:27.6553667Z","MessageType":"ua-event","DataSetWriterName":"<<UnknownDataSet>>","Payload":{"EventId":{"Value":"ajzl4pG/HkyYqsNMVCeRrg=="},"EventType":{"Value":{"IdType":1,"Id":"NodeChange"}},"SourceNode":{"Value":{"Id":12886}},"Time":{"Value":"2024-04-27T14:58:27.6553621Z"},"Change":{"Value":{"NodeId":{"Id":12886},"NodeClass":"Method_4","BrowseName":{"Name":"RequestServerStateChange"},"DisplayName":"RequestServerStateChange","RolePermissions":[],"UserRolePermissions":[],"References":[],"Executable":true,"UserExecutable":true}}}}]