[{"SequenceNumber":89,"MetaDataVersion":{"MajorVersion":1},"Timestamp":"2024-04-27T14:58:27.6556931Z","MessageType":"ua-event","DataSetWriterName":"<<UnknownDataSet>>","Payload":{"EventId":{"Value":"iwMXJlD2J0ySPlB0ZkiPFg=="},"EventType":{"Value":{"IdType":1,"Id":"ReferenceChange"}},"SourceNode":{"Value":{"Id":2253}},"Time":{"Value":"2024-04-27T14:58:27.6556912Z"},"Change":{"Value":{"ReferenceTypeId":{"Id":47},"IsForward":true,"NodeId":{"Id":12637},"BrowseName":{"Name":"ServerConfiguration"},"DisplayName":"ServerConfiguration","NodeClass":"Object_1","TypeDefinition":{"Id":12581}}}}}]