[{"SequenceNumber":9,"MetaDataVersion":{"MajorVersion":1},"Timestamp":"2024-04-27T14:58:27.5352474Z","MessageType":"ua-event","DataSetWriterName":"<<UnknownDataSet>>","Payload":{"EventId":{"Value":"WjwSGeKpikeky4rRSCuV6g=="},"EventType":{"Value":{"IdType":1,"Id":"ReferenceChange"}},"SourceNode":{"Value":{"Id":85}},"Time":{"Value":"2024-04-27T14:58:27.5352451Z"},"Change":{"Value":{"ReferenceTypeId":{"Id":35},"IsForward":true,"NodeId":{"Id":23470},"BrowseName":{"Name":"Aliases"},"DisplayName":"Aliases","NodeClass":"Object_1","TypeDefinition":{"Id":23456}}}}}]