[{"SequenceNumber":90,"MetaDataVersion":{"MajorVersion":1},"Timestamp":"2024-04-27T14:58:27.6572033Z","MessageType":"ua-event","DataSetWriterName":"<<UnknownDataSet>>","Payload":{"EventId":{"Value":"0bvBilEOFE+WHf62eQN9jg=="},"EventType":{"Value":{"IdType":1,"Id":"NodeChange"}},"SourceNode":{"Value":{"Id":12637}},"Time":{"Value":"2024-04-27T14:58:27.6572002Z"},"Change":{"Value":{"NodeId":{"Id":12637},"NodeClass":"Object_1","BrowseName":{"Name":"ServerConfiguration"},"DisplayName":"ServerConfiguration","RolePermissions":[],"UserRolePermissions":[],"References":[]}}}}]