[{"SequenceNumber":92,"MetaDataVersion":{"MajorVersion":1},"Timestamp":"2024-04-27T14:58:27.658791Z","MessageType":"ua-event","DataSetWriterName":"<<UnknownDataSet>>","Payload":{"EventId":{"Value":"MHkkBrHUnUiVbMqItL8mjA=="},"EventType":{"Value":{"IdType":1,"Id":"NodeChange"}},"SourceNode":{"Value":{"Id":32530}},"Time":{"Value":"2024-04-27T14:58:27.6587888Z"},"Change":{"Value":{"NodeId":{"Id":32530},"NodeClass":"Object_1","BrowseName":{"Name":"Quantities"},"DisplayName":"Quantities","Description":"This Object is the entry point to quantities and their units managed in the Server.","RolePermissions":[],"UserRolePermissions":[],"References":[]}}}}]