[{"SequenceNumber":94,"MetaDataVersion":{"MajorVersion":1},"Timestamp":"2024-04-27T14:58:27.6602964Z","MessageType":"ua-event","DataSetWriterName":"<<UnknownDataSet>>","Payload":{"EventId":{"Value":"kjZ6Q13NLkSdqyUSg0y3Jw=="},"EventType":{"Value":{"IdType":1,"Id":"NodeChange"}},"SourceNode":{"Value":{"Id":32637}},"Time":{"Value":"2024-04-27T14:58:27.6602942Z"},"Change":{"Value":{"NodeId":{"Id":32637},"NodeClass":"Object_1","BrowseName":{"Name":"DefaultHAConfiguration"},"DisplayName":"DefaultHAConfiguration","RolePermissions":[],"UserRolePermissions":[],"References":[]}}}}]