[{"SequenceNumber":96,"MetaDataVersion":{"MajorVersion":1},"Timestamp":"2024-04-27T14:58:27.6616605Z","MessageType":"ua-event","DataSetWriterName":"<<UnknownDataSet>>","Payload":{"EventId":{"Value":"/C6KTJPZXEGY5wZYlKBROg=="},"EventType":{"Value":{"IdType":1,"Id":"NodeChange"}},"SourceNode":{"Value":{"Id":32754}},"Time":{"Value":"2024-04-27T14:58:27.6616583Z"},"Change":{"Value":{"NodeId":{"Id":32754},"NodeClass":"Object_1","BrowseName":{"Name":"DefaultHEConfiguration"},"DisplayName":"DefaultHEConfiguration","RolePermissions":[],"UserRolePermissions":[],"References":[]}}}}]