[{"SequenceNumber":97,"MetaDataVersion":{"MajorVersion":1},"Timestamp":"2024-04-27T14:58:27.661893Z","MessageType":"ua-event","DataSetWriterName":"<<UnknownDataSet>>","Payload":{"EventId":{"Value":"Cg5NRkpRA0a8/EHbY/UVwg=="},"EventType":{"Value":{"IdType":1,"Id":"ReferenceChange"}},"SourceNode":{"Value":{"Id":2253}},"Time":{"Value":"2024-04-27T14:58:27.6618915Z"},"Change":{"Value":{"ReferenceTypeId":{"Id":47},"IsForward":true,"NodeId":{"Id":14443},"BrowseName":{"Name":"PublishSubscribe"},"DisplayName":"PublishSubscribe","NodeClass":"Object_1","TypeDefinition":{"Id":14416}}}}}]