[{"SequenceNumber":99,"MetaDataVersion":{"MajorVersion":1},"Timestamp":"2024-04-27T14:58:27.6632979Z","MessageType":"ua-event","DataSetWriterName":"<<UnknownDataSet>>","Payload":{"EventId":{"Value":"uXRItjZizkW+nLJfWg5fVw=="},"EventType":{"Value":{"IdType":1,"Id":"ReferenceChange"}},"SourceNode":{"Value":{"Id":2253}},"Time":{"Value":"2024-04-27T14:58:27.6632967Z"},"Change":{"Value":{"ReferenceTypeId":{"Id":47},"IsForward":true,"NodeId":{"Id":17594},"BrowseName":{"Name":"Dictionaries"},"DisplayName":"Dictionaries","NodeClass":"Object_1","TypeDefinition":{"Id":17591}}}}}]