{"MessageId":"3f091940-01d3-45c4-a272-763aebd749d3","MessageType":"ua-data","PublisherId":"DESKTOP-BGFJS91","DataSetWriterGroup":"<<UnknownWriterGroup>>","Messages":[{"DataSetWriterId":13,"SequenceNumber":13,"MetaDataVersion":{"MajorVersion":1},"Timestamp":"2024-04-27T12:44:58.0430036Z","MessageType":"ua-deltaframe","DataSetWriterName":"Assembly","Payload":{"nsu=http://opcfoundation.org/UA/Plc/Applications;s=PositiveTrendData":{"Value":{"Type":11,"Body":101.2},"SourceTimestamp":"2024-04-27T12:44:57.7480948Z","ServerTimestamp":"2024-04-27T12:44:57.7481022Z"}}}]}