{"MessageId":"1266fe04-71d9-4fad-97c4-6e0c10d48ddd","MessageType":"ua-data","PublisherId":"DESKTOP-BGFJS91","DataSetWriterGroup":"<<UnknownWriterGroup>>","Messages":[{"DataSetWriterId":13,"SequenceNumber":3,"MetaDataVersion":{"MajorVersion":1},"Timestamp":"2024-04-27T12:44:08.0970361Z","MessageType":"ua-deltaframe","DataSetWriterName":"Assembly","Payload":{"nsu=http://opcfoundation.org/UA/Plc/Applications;s=PositiveTrendData":{"Value":{"Type":11,"Body":100.2},"SourceTimestamp":"2024-04-27T12:44:07.7531208Z","ServerTimestamp":"2024-04-27T12:44:07.7531414Z"}}}]}