{"MessageId":"0d602b4e-dcbe-481f-bac8-f47f5d2c838e","MessageType":"ua-data","PublisherId":"DESKTOP-BGFJS91","DataSetWriterGroup":"<<UnknownWriterGroup>>","Messages":[{"DataSetWriterId":13,"SequenceNumber":6,"MetaDataVersion":{"MajorVersion":1},"Timestamp":"2024-04-27T12:44:23.0807271Z","MessageType":"ua-deltaframe","DataSetWriterName":"Assembly","Payload":{"nsu=http://opcfoundation.org/UA/Plc/Applications;s=PositiveTrendData":{"Value":{"Type":11,"Body":100.5},"SourceTimestamp":"2024-04-27T12:44:22.7410377Z","ServerTimestamp":"2024-04-27T12:44:22.7410387Z"}}}]}