{"MessageId":"bc56aef0-7142-4d1f-9b44-fd6ab0a38b02","MessageType":"ua-data","PublisherId":"DESKTOP-BGFJS91","DataSetWriterGroup":"Assembly","Messages":[{"MetaDataVersion":{"MajorVersion":1},"MessageType":"ua-deltaframe","DataSetWriterName":"<<UnknownDataSet>>","Payload":{"nsu=http://opcfoundation.org/UA/Plc/Applications;s=NegativeTrendData":{"Value":{"Type":11,"Body":99.799999999999997},"SourceTimestamp":"2024-04-26T12:01:59.5352812Z"},"nsu=http://opcfoundation.org/UA/Plc/Applications;s=PositiveTrendData":{"Value":{"Type":11,"Body":100.8},"SourceTimestamp":"2024-04-26T12:01:59.5352774Z"}}}]}