{"MessageId":"cea16e9b-dfae-4c0f-8f25-585fd6d13553","MessageType":"ua-data","PublisherId":"DESKTOP-BGFJS91","DataSetWriterGroup":"Assembly","Messages":[{"MetaDataVersion":{"MajorVersion":1},"MessageType":"ua-deltaframe","DataSetWriterName":"<<UnknownDataSet>>","Payload":{"nsu=http://opcfoundation.org/UA/Plc/Applications;s=SlowUIntScalar1":{"Value":{"Type":7,"Body":4},"SourceTimestamp":"2024-04-26T12:01:59.4408577Z"},"nsu=http://opcfoundation.org/UA/Plc/Applications;s=SlowUIntScalar2":{"Value":{"Type":7,"Body":4},"SourceTimestamp":"2024-04-26T12:01:59.4408769Z"},"nsu=http://opcfoundation.org/UA/Plc/Applications;s=SlowUIntScalar3":{"Value":{"Type":7,"Body":4},"SourceTimestamp":"2024-04-26T12:01:59.4408787Z"},"nsu=http://opcfoundation.org/UA/Plc/Applications;s=BadSlowUIntScalar1":{"Value":{"Type":7,"Body":4},"StatusCode":1083179008,"SourceTimestamp":"2024-04-26T12:01:59.4408813Z"}}}]}