{"MessageId":"5cd756f6-5bce-4bf2-a24f-96a9670e62cc","MessageType":"ua-data","PublisherId":"DESKTOP-BGFJS91","DataSetWriterGroup":"Assembly","Messages":[{"MetaDataVersion":{"MajorVersion":1},"MessageType":"ua-deltaframe","DataSetWriterName":"<<UnknownDataSet>>","Payload":{"nsu=http://opcfoundation.org/UA/Plc/Applications;s=SlowUIntScalar1":{"Value":{"Type":7,"Body":7},"SourceTimestamp":"2024-04-26T12:02:29.4307091Z"},"nsu=http://opcfoundation.org/UA/Plc/Applications;s=SlowUIntScalar2":{"Value":{"Type":7,"Body":7},"SourceTimestamp":"2024-04-26T12:02:29.4307201Z"},"nsu=http://opcfoundation.org/UA/Plc/Applications;s=SlowUIntScalar3":{"Value":{"Type":7,"Body":7},"SourceTimestamp":"2024-04-26T12:02:29.4307217Z"},"nsu=http://opcfoundation.org/UA/Plc/Applications;s=BadSlowUIntScalar1":{"Value":{"Type":7,"Body":7},"SourceTimestamp":"2024-04-26T12:02:29.4307237Z"}}}]}