{"MessageId":"4ea81de9-9c35-45fb-b041-1f09c5e894a3","MessageType":"ua-data","PublisherId":"DESKTOP-BGFJS91","DataSetWriterGroup":"Assembly","Messages":[{"MetaDataVersion":{"MajorVersion":1},"MessageType":"ua-deltaframe","DataSetWriterName":"<<UnknownDataSet>>","Payload":{"nsu=http://opcfoundation.org/UA/Plc/Applications;s=SlowUIntScalar1":{"Value":{"Type":7,"Body":10},"SourceTimestamp":"2024-04-26T12:02:59.4320984Z"},"nsu=http://opcfoundation.org/UA/Plc/Applications;s=SlowUIntScalar2":{"Value":{"Type":7,"Body":10},"SourceTimestamp":"2024-04-26T12:02:59.432116Z"},"nsu=http://opcfoundation.org/UA/Plc/Applications;s=SlowUIntScalar3":{"Value":{"Type":7,"Body":10},"SourceTimestamp":"2024-04-26T12:02:59.4321179Z"},"nsu=http://opcfoundation.org/UA/Plc/Applications;s=BadSlowUIntScalar1":{"Value":{"Body":null},"StatusCode":2150694912,"SourceTimestamp":"2024-04-26T12:02:59.4321211Z"}}}]}