{"MessageId":"fc978e03-e426-4b8c-b0cf-ee19d56339cf","MessageType":"ua-data","PublisherId":"DESKTOP-BGFJS91","DataSetWriterGroup":"Assembly","Messages":[{"MetaDataVersion":{"MajorVersion":1},"MessageType":"ua-deltaframe","DataSetWriterName":"<<UnknownDataSet>>","Payload":{"nsu=http://opcfoundation.org/UA/Plc/Applications;s=NegativeTrendData":{"Value":{"Type":11,"Body":98.299999999999997},"SourceTimestamp":"2024-04-26T12:03:14.5291017Z"},"nsu=http://opcfoundation.org/UA/Plc/Applications;s=PositiveTrendData":{"Value":{"Type":11,"Body":102.3},"SourceTimestamp":"2024-04-26T12:03:14.529105Z"}}}]}