[{"EventId":{"Value":"Yu7tDqYYtkau5z20e0WYQw=="},"EventType":{"Value":{"IdType":1,"Id":"NodeChange"}},"SourceNode":{"Value":{"Id":11383,"Namespace":"http://test.org/UA/Data/"}},"Time":{"Value":"2024-04-27T19:02:57.5777958Z"},"Change":{"Value":{"NodeId":{"Id":11383,"Namespace":"http://test.org/UA/Data/"},"NodeClass":"Object_1","BrowseName":{"Name":"Conditions","Uri":"http://test.org/UA/Data/"},"DisplayName":"Conditions","RolePermissions":[],"UserRolePermissions":[],"References":[],"EventNotifier":1}}}]