[{"EventId":{"Value":"2B1nsO+g3UScHdDyv0YurA=="},"EventType":{"Value":{"IdType":1,"Id":"NodeChange"}},"SourceNode":{"Value":{"IdType":1,"Id":"Area51","Namespace":"http://opcfoundation.org/HistoricalEvents"}},"Time":{"Value":"2024-04-27T19:02:57.5859553Z"},"Change":{"Value":{"NodeId":{"IdType":1,"Id":"Area51","Namespace":"http://opcfoundation.org/HistoricalEvents"},"NodeClass":"Object_1","BrowseName":{"Name":"Area51","Uri":"http://opcfoundation.org/HistoricalEvents"},"DisplayName":"Area51","RolePermissions":[],"UserRolePermissions":[],"References":[],"EventNotifier":13}}}]