[{"EventId":{"Value":"qUsu2KBXUk68A5sW2+FUIQ=="},"EventType":{"Value":{"IdType":1,"Id":"ReferenceChange"}},"SourceNode":{"Value":{"Id":1025,"Namespace":"http://samples.org/UA/memorybuffer"}},"Time":{"Value":"2024-04-27T19:02:57.5937289Z"},"Change":{"Value":{"ReferenceTypeId":{"Id":47},"IsForward":true,"NodeId":{"IdType":1,"Id":"Double","Namespace":"http://samples.org/UA/memorybuffer/Instance"},"BrowseName":{"Name":"Double","Uri":"http://samples.org/UA/memorybuffer/Instance"},"DisplayName":"Double","NodeClass":"Object_1","TypeDefinition":{"Id":1000,"Namespace":"http://samples.org/UA/memorybuffer"}}}}]