[{"EventId":{"Value":"SZwBu08nT0KYQWKWuYPNnw=="},"EventType":{"Value":{"IdType":1,"Id":"ReferenceChange"}},"SourceNode":{"Value":{"IdType":1,"Id":"CTT","Namespace":"http://opcfoundation.org/ReferenceApplications"}},"Time":{"Value":"2024-04-27T19:02:57.6028969Z"},"Change":{"Value":{"ReferenceTypeId":{"Id":35},"IsForward":true,"NodeId":{"IdType":1,"Id":"References","Namespace":"http://opcfoundation.org/ReferenceApplications"},"BrowseName":{"Name":"References","Uri":"http://opcfoundation.org/ReferenceApplications"},"DisplayName":"References","NodeClass":"Object_1","TypeDefinition":{"Id":61}}}}]