[{"EventId":{"Value":"eAyIwHZmVE2UKcAI5fb+Pg=="},"EventType":{"Value":{"IdType":1,"Id":"ReferenceChange"}},"SourceNode":{"Value":{"IdType":1,"Id":"CTT","Namespace":"http://opcfoundation.org/ReferenceApplications"}},"Time":{"Value":"2024-04-27T19:02:57.606206Z"},"Change":{"Value":{"ReferenceTypeId":{"Id":35},"IsForward":true,"NodeId":{"IdType":1,"Id":"NodeIds","Namespace":"http://opcfoundation.org/ReferenceApplications"},"BrowseName":{"Name":"NodeIds","Uri":"http://opcfoundation.org/ReferenceApplications"},"DisplayName":"NodeIds","NodeClass":"Object_1","TypeDefinition":{"Id":61}}}}]