[{"EventId":{"Value":"6udS3s4dikKuKYIqCPvLXA=="},"EventType":{"Value":{"IdType":1,"Id":"ReferenceChange"}},"SourceNode":{"Value":{"IdType":1,"Id":"CTT","Namespace":"http://opcfoundation.org/ReferenceApplications"}},"Time":{"Value":"2024-04-27T19:02:57.607923Z"},"Change":{"Value":{"ReferenceTypeId":{"Id":35},"IsForward":true,"NodeId":{"IdType":1,"Id":"Methods","Namespace":"http://opcfoundation.org/ReferenceApplications"},"BrowseName":{"Name":"Methods","Uri":"http://opcfoundation.org/ReferenceApplications"},"DisplayName":"Methods","NodeClass":"Object_1","TypeDefinition":{"Id":61}}}}]