[{"EventId":{"Value":"VGJ7/kssrUe0WtPdJP8Q4Q=="},"EventType":{"Value":{"IdType":1,"Id":"ReferenceChange"}},"SourceNode":{"Value":{"IdType":1,"Id":"CTT","Namespace":"http://opcfoundation.org/ReferenceApplications"}},"Time":{"Value":"2024-04-27T19:02:57.6129944Z"},"Change":{"Value":{"ReferenceTypeId":{"Id":35},"IsForward":true,"NodeId":{"IdType":1,"Id":"Attributes","Namespace":"http://opcfoundation.org/ReferenceApplications"},"BrowseName":{"Name":"Attributes","Uri":"http://opcfoundation.org/ReferenceApplications"},"DisplayName":"Attributes","NodeClass":"Object_1","TypeDefinition":{"Id":61}}}}]