[{"EventId":{"Value":"T7hwQB18TUmqR1e/EZEw2g=="},"EventType":{"Value":{"IdType":1,"Id":"NodeChange"}},"SourceNode":{"Value":{"IdType":1,"Id":"Methods","Namespace":"http://opcfoundation.org/UA/Plc/Applications"}},"Time":{"Value":"2024-04-27T19:02:57.6420371Z"},"Change":{"Value":{"NodeId":{"IdType":1,"Id":"Methods","Namespace":"http://opcfoundation.org/UA/Plc/Applications"},"NodeClass":"Object_1","BrowseName":{"Name":"Methods","Uri":"http://opcfoundation.org/UA/Plc/Applications"},"DisplayName":"Methods","RolePermissions":[],"UserRolePermissions":[],"References":[]}}}]