[{"EventId":{"Value":"VbVpzqhEykqVKgp2FlYQaw=="},"EventType":{"Value":{"IdType":1,"Id":"NodeChange"}},"SourceNode":{"Value":{"Id":2260}},"Time":{"Value":"2024-04-27T19:02:57.7014602Z"},"Change":{"Value":{"NodeId":{"Id":2260},"NodeClass":"Variable_2","BrowseName":{"Name":"BuildInfo"},"DisplayName":"BuildInfo","RolePermissions":[],"UserRolePermissions":[],"References":[],"Value":null,"DataType":{"Id":338},"ValueRank":-1,"ArrayDimensions":[],"AccessLevel":1,"UserAccessLevel":1,"AccessLevelEx":1}}}]