[{"EventId":{"Value":"WH85hgxP/k6wY1V7jbK/fg=="},"EventType":{"Value":{"IdType":1,"Id":"NodeChange"}},"SourceNode":{"Value":{"Id":2735}},"Time":{"Value":"2024-04-27T19:02:57.7111007Z"},"Change":{"Value":{"NodeId":{"Id":2735},"NodeClass":"Variable_2","BrowseName":{"Name":"MaxBrowseContinuationPoints"},"DisplayName":"MaxBrowseContinuationPoints","RolePermissions":[],"UserRolePermissions":[],"References":[],"Value":null,"DataType":{"Id":5},"ValueRank":-1,"ArrayDimensions":[],"AccessLevel":1,"UserAccessLevel":1,"AccessLevelEx":1}}}]