[{"EventId":{"Value":"i8YQrLZKeEyX4N3y8czCiw=="},"EventType":{"Value":{"IdType":1,"Id":"NodeChange"}},"SourceNode":{"Value":{"Id":2737}},"Time":{"Value":"2024-04-27T19:02:57.7144648Z"},"Change":{"Value":{"NodeId":{"Id":2737},"NodeClass":"Variable_2","BrowseName":{"Name":"MaxHistoryContinuationPoints"},"DisplayName":"MaxHistoryContinuationPoints","RolePermissions":[],"UserRolePermissions":[],"References":[],"Value":null,"DataType":{"Id":5},"ValueRank":-1,"ArrayDimensions":[],"AccessLevel":1,"UserAccessLevel":1,"AccessLevelEx":1}}}]