[{"EventId":{"Value":"nnEa+pLHkkqx3+kcWd+/uw=="},"EventType":{"Value":{"IdType":1,"Id":"NodeChange"}},"SourceNode":{"Value":{"Id":11703}},"Time":{"Value":"2024-04-27T19:02:57.7190854Z"},"Change":{"Value":{"NodeId":{"Id":11703},"NodeClass":"Variable_2","BrowseName":{"Name":"MaxStringLength"},"DisplayName":"MaxStringLength","RolePermissions":[],"UserRolePermissions":[],"References":[],"Value":null,"DataType":{"Id":7},"ValueRank":-1,"ArrayDimensions":[],"AccessLevel":1,"UserAccessLevel":1,"AccessLevelEx":1}}}]