[{"EventId":{"Value":"G8ZxZIm+E0mBSHr9ORDYrA=="},"EventType":{"Value":{"IdType":1,"Id":"NodeChange"}},"SourceNode":{"Value":{"Id":24095}},"Time":{"Value":"2024-04-27T19:02:57.7278541Z"},"Change":{"Value":{"NodeId":{"Id":24095},"NodeClass":"Variable_2","BrowseName":{"Name":"MaxSessions"},"DisplayName":"MaxSessions","RolePermissions":[],"UserRolePermissions":[],"References":[],"Value":null,"DataType":{"Id":7},"ValueRank":-1,"ArrayDimensions":[],"AccessLevel":1,"UserAccessLevel":1,"AccessLevelEx":1}}}]