[{"EventId":{"Value":"VaySjvao80eLHaNo8Q4NVw=="},"EventType":{"Value":{"IdType":1,"Id":"NodeChange"}},"SourceNode":{"Value":{"Id":24096}},"Time":{"Value":"2024-04-27T19:02:57.7293126Z"},"Change":{"Value":{"NodeId":{"Id":24096},"NodeClass":"Variable_2","BrowseName":{"Name":"MaxSubscriptions"},"DisplayName":"MaxSubscriptions","RolePermissions":[],"UserRolePermissions":[],"References":[],"Value":null,"DataType":{"Id":7},"ValueRank":-1,"ArrayDimensions":[],"AccessLevel":1,"UserAccessLevel":1,"AccessLevelEx":1}}}]