[{"EventId":{"Value":"Jb3N2AGRNUuAKgtnkSCgNw=="},"EventType":{"Value":{"IdType":1,"Id":"NodeChange"}},"SourceNode":{"Value":{"Id":31916}},"Time":{"Value":"2024-04-27T19:02:57.737819Z"},"Change":{"Value":{"NodeId":{"Id":31916},"NodeClass":"Variable_2","BrowseName":{"Name":"MaxMonitoredItemsQueueSize"},"DisplayName":"MaxMonitoredItemsQueueSize","RolePermissions":[],"UserRolePermissions":[],"References":[],"Value":null,"DataType":{"Id":7},"ValueRank":-1,"ArrayDimensions":[],"AccessLevel":1,"UserAccessLevel":1,"AccessLevelEx":1}}}]