[{"EventId":{"Value":"K3O8a5foHkiv/Etmrp3+JA=="},"EventType":{"Value":{"IdType":1,"Id":"ReferenceChange"}},"SourceNode":{"Value":{"Id":85}},"Time":{"Value":"2024-04-27T19:02:57.4382754Z"},"Change":{"Value":{"ReferenceTypeId":{"Id":35},"IsForward":true,"NodeId":{"IdType":1,"Id":"CTT","Namespace":"http://opcfoundation.org/ReferenceApplications"},"BrowseName":{"Name":"CTT","Uri":"http://opcfoundation.org/ReferenceApplications"},"DisplayName":"CTT","NodeClass":"Object_1","TypeDefinition":{"Id":61}}}}]