[{"EventId":{"Value":"HSKXb1ziVkigbZtk/tGyOQ=="},"EventType":{"Value":{"IdType":1,"Id":"NodeChange"}},"SourceNode":{"Value":{"Id":11494}},"Time":{"Value":"2024-04-27T19:02:57.7505827Z"},"Change":{"Value":{"NodeId":{"Id":11494},"NodeClass":"Variable_2","BrowseName":{"Name":"OutputArguments"},"DisplayName":"OutputArguments","RolePermissions":[],"UserRolePermissions":[],"References":[],"Value":null,"DataType":{"Id":296},"ValueRank":1,"ArrayDimensions":[2],"AccessLevel":1,"UserAccessLevel":1,"AccessLevelEx":1}}}]