[{"EventId":{"Value":"iriPLrE+Akmf9wcXZLI/fQ=="},"EventType":{"Value":{"IdType":1,"Id":"NodeChange"}},"SourceNode":{"Value":{"Id":25725}},"Time":{"Value":"2024-04-27T19:02:57.7582934Z"},"Change":{"Value":{"NodeId":{"Id":25725},"NodeClass":"Variable_2","BrowseName":{"Name":"ProductUri"},"DisplayName":"ProductUri","RolePermissions":[],"UserRolePermissions":[],"References":[],"Value":null,"DataType":{"Id":23751},"ValueRank":-1,"ArrayDimensions":[],"AccessLevel":1,"UserAccessLevel":1,"AccessLevelEx":1}}}]