[{"EventId":{"Value":"R+S8N01okUeWCgKvVQ1o0Q=="},"EventType":{"Value":{"IdType":1,"Id":"NodeChange"}},"SourceNode":{"Value":{"Id":12710}},"Time":{"Value":"2024-04-27T19:02:57.7614798Z"},"Change":{"Value":{"NodeId":{"Id":12710},"NodeClass":"Variable_2","BrowseName":{"Name":"ServerCapabilities"},"DisplayName":"ServerCapabilities","RolePermissions":[],"UserRolePermissions":[],"References":[],"Value":null,"DataType":{"Id":12},"ValueRank":1,"ArrayDimensions":[0],"AccessLevel":1,"UserAccessLevel":1,"AccessLevelEx":1}}}]