[{"EventId":{"Value":"0SpNzNyZkkiwLDSNLgXvDQ=="},"EventType":{"Value":{"IdType":1,"Id":"NodeChange"}},"SourceNode":{"Value":{"Id":12639}},"Time":{"Value":"2024-04-27T19:02:57.7630427Z"},"Change":{"Value":{"NodeId":{"Id":12639},"NodeClass":"Variable_2","BrowseName":{"Name":"SupportedPrivateKeyFormats"},"DisplayName":"SupportedPrivateKeyFormats","RolePermissions":[],"UserRolePermissions":[],"References":[],"Value":null,"DataType":{"Id":12},"ValueRank":1,"ArrayDimensions":[0],"AccessLevel":1,"UserAccessLevel":1,"AccessLevelEx":1}}}]