[{"EventId":{"Value":"tvbQrMfBP0ecN7ZlFOWtPA=="},"EventType":{"Value":{"IdType":1,"Id":"NodeChange"}},"SourceNode":{"Value":{"Id":23597}},"Time":{"Value":"2024-04-27T19:02:57.7676905Z"},"Change":{"Value":{"NodeId":{"Id":23597},"NodeClass":"Variable_2","BrowseName":{"Name":"HasSecureElement"},"DisplayName":"HasSecureElement","RolePermissions":[],"UserRolePermissions":[],"References":[],"Value":null,"DataType":{"Id":1},"ValueRank":-1,"ArrayDimensions":[],"AccessLevel":1,"UserAccessLevel":1,"AccessLevelEx":1}}}]