[{"EventId":{"Value":"97ZS8HbRtU60m98eAbdLyA=="},"EventType":{"Value":{"IdType":1,"Id":"NodeChange"}},"SourceNode":{"Value":{"Id":32645}},"Time":{"Value":"2024-04-27T19:02:57.7875537Z"},"Change":{"Value":{"NodeId":{"Id":32645},"NodeClass":"Variable_2","BrowseName":{"Name":"Definition"},"DisplayName":"Definition","RolePermissions":[],"UserRolePermissions":[],"References":[],"Value":null,"DataType":{"Id":12},"ValueRank":-1,"ArrayDimensions":[],"AccessLevel":1,"UserAccessLevel":1,"AccessLevelEx":1}}}]