[{"EventId":{"Value":"G5JaaxKfdki7No4zkamAqg=="},"EventType":{"Value":{"IdType":1,"Id":"NodeChange"}},"SourceNode":{"Value":{"Id":32646}},"Time":{"Value":"2024-04-27T19:02:57.7890019Z"},"Change":{"Value":{"NodeId":{"Id":32646},"NodeClass":"Variable_2","BrowseName":{"Name":"MaxTimeInterval"},"DisplayName":"MaxTimeInterval","RolePermissions":[],"UserRolePermissions":[],"References":[],"Value":null,"DataType":{"Id":290},"ValueRank":-1,"ArrayDimensions":[],"AccessLevel":1,"UserAccessLevel":1,"AccessLevelEx":1}}}]