[{"EventId":{"Value":"O8w7BynDD0ahd8+C8g85BA=="},"EventType":{"Value":{"IdType":1,"Id":"NodeChange"}},"SourceNode":{"Value":{"Id":32647}},"Time":{"Value":"2024-04-27T19:02:57.7906099Z"},"Change":{"Value":{"NodeId":{"Id":32647},"NodeClass":"Variable_2","BrowseName":{"Name":"MinTimeInterval"},"DisplayName":"MinTimeInterval","RolePermissions":[],"UserRolePermissions":[],"References":[],"Value":null,"DataType":{"Id":290},"ValueRank":-1,"ArrayDimensions":[],"AccessLevel":1,"UserAccessLevel":1,"AccessLevelEx":1}}}]