[{"EventId":{"Value":"HicPN/UNNUWqyzr30SUuHg=="},"EventType":{"Value":{"IdType":1,"Id":"NodeChange"}},"SourceNode":{"Value":{"Id":32648}},"Time":{"Value":"2024-04-27T19:02:57.7921898Z"},"Change":{"Value":{"NodeId":{"Id":32648},"NodeClass":"Variable_2","BrowseName":{"Name":"ExceptionDeviation"},"DisplayName":"ExceptionDeviation","RolePermissions":[],"UserRolePermissions":[],"References":[],"Value":null,"DataType":{"Id":11},"ValueRank":-1,"ArrayDimensions":[],"AccessLevel":1,"UserAccessLevel":1,"AccessLevelEx":1}}}]