[{"EventId":{"Value":"AHCV4KjvKkijXzeI+LE/bw=="},"EventType":{"Value":{"IdType":1,"Id":"NodeChange"}},"SourceNode":{"Value":{"Id":32753}},"Time":{"Value":"2024-04-27T19:02:57.8012773Z"},"Change":{"Value":{"NodeId":{"Id":32753},"NodeClass":"Variable_2","BrowseName":{"Name":"MaxCountStoredValues"},"DisplayName":"MaxCountStoredValues","RolePermissions":[],"UserRolePermissions":[],"References":[],"Value":null,"DataType":{"Id":7},"ValueRank":-1,"ArrayDimensions":[],"AccessLevel":1,"UserAccessLevel":1,"AccessLevelEx":1}}}]