[{"EventId":{"Value":"ssgVQ243QkKEQ+PjpKVIhg=="},"EventType":{"Value":{"IdType":1,"Id":"NodeChange"}},"SourceNode":{"Value":{"Id":32756}},"Time":{"Value":"2024-04-27T19:02:57.8041179Z"},"Change":{"Value":{"NodeId":{"Id":32756},"NodeClass":"Variable_2","BrowseName":{"Name":"StartOfArchive"},"DisplayName":"StartOfArchive","RolePermissions":[],"UserRolePermissions":[],"References":[],"Value":null,"DataType":{"Id":294},"ValueRank":-1,"ArrayDimensions":[],"AccessLevel":1,"UserAccessLevel":1,"AccessLevelEx":1}}}]