[{"EventId":{"Value":"9+mAP7wq70qp69BwpTWpYA=="},"EventType":{"Value":{"IdType":1,"Id":"NodeChange"}},"SourceNode":{"Value":{"IdType":1,"Id":"0:Yellow/West","Namespace":"http://opcfoundation.org/AlarmCondition"}},"Time":{"Value":"2024-04-27T19:02:57.8390921Z"},"Change":{"Value":{"NodeId":{"IdType":1,"Id":"0:Yellow/West","Namespace":"http://opcfoundation.org/AlarmCondition"},"NodeClass":"Object_1","BrowseName":{"Name":"West","Uri":"http://opcfoundation.org/AlarmCondition"},"DisplayName":"West","RolePermissions":[],"UserRolePermissions":[],"References":[],"EventNotifier":1}}}]