[{"EventId":{"Value":"ninAxB38PUGBBi/L9oCURQ=="},"EventType":{"Value":{"IdType":1,"Id":"ReferenceChange"}},"SourceNode":{"Value":{"Id":375,"Namespace":"http://opcfoundation.org/UA/Vehicles/Instances"}},"Time":{"Value":"2024-04-27T19:02:57.8919016Z"},"Change":{"Value":{"ReferenceTypeId":{"Id":46},"IsForward":true,"NodeId":{"Id":377,"Namespace":"http://opcfoundation.org/UA/Vehicles/Instances"},"BrowseName":{"Name":"OwnedVehicles","Uri":"http://opcfoundation.org/UA/Vehicles/Types"},"DisplayName":"OwnedVehicles","NodeClass":"Variable_2","TypeDefinition":{"Id":68}}}}]