[{"EventId":{"Value":"RP3ienqtvUKXa/rhKWiVvg=="},"EventType":{"Value":{"IdType":1,"Id":"NodeChange"}},"SourceNode":{"Value":{"IdType":1,"Id":"Well_24412","Namespace":"http://opcfoundation.org/HistoricalEvents"}},"Time":{"Value":"2024-04-27T19:02:57.8953342Z"},"Change":{"Value":{"NodeId":{"IdType":1,"Id":"Well_24412","Namespace":"http://opcfoundation.org/HistoricalEvents"},"NodeClass":"Object_1","BrowseName":{"Name":"Jupiter","Uri":"http://opcfoundation.org/HistoricalEvents"},"DisplayName":"Jupiter","RolePermissions":[],"UserRolePermissions":[],"References":[],"EventNotifier":13}}}]