[{"EventId":{"Value":"tfBBSJ4npkKX3lCiULnTug=="},"EventType":{"Value":{"IdType":1,"Id":"NodeChange"}},"SourceNode":{"Value":{"IdType":1,"Id":"Well_48306","Namespace":"http://opcfoundation.org/HistoricalEvents"}},"Time":{"Value":"2024-04-27T19:02:57.8970214Z"},"Change":{"Value":{"NodeId":{"IdType":1,"Id":"Well_48306","Namespace":"http://opcfoundation.org/HistoricalEvents"},"NodeClass":"Object_1","BrowseName":{"Name":"Titan","Uri":"http://opcfoundation.org/HistoricalEvents"},"DisplayName":"Titan","RolePermissions":[],"UserRolePermissions":[],"References":[],"EventNotifier":13}}}]