[{"EventId":{"Value":"PszG6BezLk+n8S78AWL/CQ=="},"EventType":{"Value":{"IdType":1,"Id":"NodeChange"}},"SourceNode":{"Value":{"IdType":1,"Id":"0:Boiler #1?SteamOut","Namespace":"http://opcfoundation.org/UA/Views"}},"Time":{"Value":"2024-04-27T19:02:57.9036616Z"},"Change":{"Value":{"NodeId":{"IdType":1,"Id":"0:Boiler #1?SteamOut","Namespace":"http://opcfoundation.org/UA/Views"},"NodeClass":"Object_1","BrowseName":{"Name":"SteamOut","Uri":"http://opcfoundation.org/UA/Views"},"DisplayName":"SteamOut","RolePermissions":[],"UserRolePermissions":[],"References":[]}}}]