[{"EventId":{"Value":"coZU8ebZsECGppinMqzzLw=="},"EventType":{"Value":{"IdType":1,"Id":"ReferenceChange"}},"SourceNode":{"Value":{"IdType":1,"Id":"0:Boiler #2","Namespace":"http://opcfoundation.org/UA/Views"}},"Time":{"Value":"2024-04-27T19:02:57.908951Z"},"Change":{"Value":{"ReferenceTypeId":{"Id":47},"IsForward":true,"NodeId":{"IdType":1,"Id":"0:Boiler #2?Drum","Namespace":"http://opcfoundation.org/UA/Views"},"BrowseName":{"Name":"Drum","Uri":"http://opcfoundation.org/UA/Views"},"DisplayName":"Drum","NodeClass":"Object_1","TypeDefinition":{"Id":58}}}}]