[{"EventId":{"Value":"jDFd9YvkIUeEsfDGzU8slg=="},"EventType":{"Value":{"IdType":1,"Id":"NodeChange"}},"SourceNode":{"Value":{"IdType":1,"Id":"0:Boiler #2?Drum","Namespace":"http://opcfoundation.org/UA/Views"}},"Time":{"Value":"2024-04-27T19:02:57.9103945Z"},"Change":{"Value":{"NodeId":{"IdType":1,"Id":"0:Boiler #2?Drum","Namespace":"http://opcfoundation.org/UA/Views"},"NodeClass":"Object_1","BrowseName":{"Name":"Drum","Uri":"http://opcfoundation.org/UA/Views"},"DisplayName":"Drum","RolePermissions":[],"UserRolePermissions":[],"References":[]}}}]