[{"EventId":{"Value":"3CWVOkLVpEC4a23QOp76vA=="},"EventType":{"Value":{"IdType":1,"Id":"ReferenceChange"}},"SourceNode":{"Value":{"IdType":1,"Id":"UInt32","Namespace":"http://samples.org/UA/memorybuffer/Instance"}},"Time":{"Value":"2024-04-27T19:02:57.9122405Z"},"Change":{"Value":{"ReferenceTypeId":{"Id":46},"IsForward":true,"NodeId":{"Id":1004,"Namespace":"http://samples.org/UA/memorybuffer"},"BrowseName":{"Name":"SizeInBytes","Uri":"http://samples.org/UA/memorybuffer"},"DisplayName":"SizeInBytes","NodeClass":"Variable_2","TypeDefinition":{"Id":68}}}}]