[{"EventId":{"Value":"aCwhDipT00q+aiDkQLs2FQ=="},"EventType":{"Value":{"IdType":1,"Id":"ReferenceChange"}},"SourceNode":{"Value":{"IdType":1,"Id":"UInt32","Namespace":"http://samples.org/UA/memorybuffer/Instance"}},"Time":{"Value":"2024-04-27T19:02:57.9172806Z"},"Change":{"Value":{"ReferenceTypeId":{"Id":47},"IsForward":true,"NodeId":{"IdType":1,"Id":"UInt32[8]","Namespace":"http://samples.org/UA/memorybuffer/Instance"},"BrowseName":{"Name":"00000008","Uri":"http://samples.org/UA/memorybuffer"},"DisplayName":"00000008","NodeClass":"Variable_2","TypeDefinition":{"Id":1018,"Namespace":"http://samples.org/UA/memorybuffer"}}}}]