[{"EventId":{"Value":"qjYaWVkzD0aPH49NzeW0vg=="},"EventType":{"Value":{"IdType":1,"Id":"NodeChange"}},"SourceNode":{"Value":{"Id":2255}},"Time":{"Value":"2024-04-27T19:02:57.5193788Z"},"Change":{"Value":{"NodeId":{"Id":2255},"NodeClass":"Variable_2","BrowseName":{"Name":"NamespaceArray"},"DisplayName":"NamespaceArray","RolePermissions":[],"UserRolePermissions":[],"References":[],"Value":null,"DataType":{"Id":12},"ValueRank":1,"ArrayDimensions":[0],"AccessLevel":1,"UserAccessLevel":1,"MinimumSamplingInterval":1000,"AccessLevelEx":1}}}]