[{"EventId":{"Value":"IGObHWanI0mcnQ/95IcoIQ=="},"EventType":{"Value":{"IdType":1,"Id":"NodeChange"}},"SourceNode":{"Value":{"Id":2267}},"Time":{"Value":"2024-04-27T19:02:57.5338998Z"},"Change":{"Value":{"NodeId":{"Id":2267},"NodeClass":"Variable_2","BrowseName":{"Name":"ServiceLevel"},"DisplayName":"ServiceLevel","RolePermissions":[],"UserRolePermissions":[],"References":[],"Value":null,"DataType":{"Id":3},"ValueRank":-1,"ArrayDimensions":[],"AccessLevel":1,"UserAccessLevel":1,"MinimumSamplingInterval":1000,"AccessLevelEx":1}}}]