[{"EventId":{"Value":"sgk+gqyaAUWV8bKh1Jt/GA=="},"EventType":{"Value":{"IdType":1,"Id":"NodeChange"}},"SourceNode":{"Value":{"Id":12885}},"Time":{"Value":"2024-04-27T19:02:57.535572Z"},"Change":{"Value":{"NodeId":{"Id":12885},"NodeClass":"Variable_2","BrowseName":{"Name":"EstimatedReturnTime"},"DisplayName":"EstimatedReturnTime","RolePermissions":[],"UserRolePermissions":[],"References":[],"Value":null,"DataType":{"Id":13},"ValueRank":-1,"ArrayDimensions":[],"AccessLevel":1,"UserAccessLevel":1,"MinimumSamplingInterval":1000,"AccessLevelEx":1}}}]