{"NodeId":"nsu=http://opcfoundation.org/UA/Plc/Applications;s=FastUIntScalar3","EndpointUrl":"opc.tcp://localhost:61457/UA/SampleServer","ApplicationUri":"urn:desktop-bgfjs91:OPCFoundation:CoreSampleServer","DisplayName":"nsu=http://opcfoundation.org/UA/Plc/Applications;s=FastUIntScalar3","Timestamp":"2024-04-27T13:58:42.0392966Z","Value":{"Value":{"Type":7,"Body":6},"SourceTimestamp":"2024-04-27T13:58:41.1555834Z","ServerTimestamp":"2024-04-27T13:58:42.0390028Z"},"SequenceNumber":106,"ExtensionFields":{}}