{"NodeId":"nsu=http://opcfoundation.org/UA/Plc/Applications;s=FastRandomUIntScalar2","EndpointUrl":"opc.tcp://localhost:61457/UA/SampleServer","ApplicationUri":"urn:desktop-bgfjs91:OPCFoundation:CoreSampleServer","DisplayName":"nsu=http://opcfoundation.org/UA/Plc/Applications;s=FastRandomUIntScalar2","Timestamp":"2024-04-27T13:58:42.0392966Z","Value":{"Value":{"Type":7,"Body":398392071},"SourceTimestamp":"2024-04-27T13:58:41.1555819Z","ServerTimestamp":"2024-04-27T13:58:42.0390113Z"},"SequenceNumber":108,"ExtensionFields":{}}