{"NodeId":"nsu=http://opcfoundation.org/UA/Plc/Applications;s=FastRandomUIntScalar3","EndpointUrl":"opc.tcp://localhost:61457/UA/SampleServer","ApplicationUri":"urn:desktop-bgfjs91:OPCFoundation:CoreSampleServer","DisplayName":"nsu=http://opcfoundation.org/UA/Plc/Applications;s=FastRandomUIntScalar3","Timestamp":"2024-04-27T13:58:42.0392966Z","Value":{"Value":{"Type":7,"Body":1018215627},"SourceTimestamp":"2024-04-27T13:58:41.1555848Z","ServerTimestamp":"2024-04-27T13:58:42.0390068Z"},"SequenceNumber":109,"ExtensionFields":{}}