{"NodeId":"nsu=http://opcfoundation.org/UA/Plc/Applications;s=SlowUIntScalar1","EndpointUrl":"opc.tcp://localhost:61457/UA/SampleServer","ApplicationUri":"urn:desktop-bgfjs91:OPCFoundation:CoreSampleServer","DisplayName":"nsu=http://opcfoundation.org/UA/Plc/Applications;s=SlowUIntScalar1","Timestamp":"2024-04-27T13:58:42.0392966Z","Value":{"Value":{"Type":7,"Body":0},"SourceTimestamp":"2024-04-27T13:58:35.1537314Z","ServerTimestamp":"2024-04-27T13:58:42.0390037Z"},"SequenceNumber":112,"ExtensionFields":{}}