{"NodeId":"nsu=http://opcfoundation.org/UA/Plc/Applications;s=FastRandomUIntScalar2","EndpointUrl":"opc.tcp://localhost:61457/UA/SampleServer","ApplicationUri":"urn:desktop-bgfjs91:OPCFoundation:CoreSampleServer","DisplayName":"nsu=http://opcfoundation.org/UA/Plc/Applications;s=FastRandomUIntScalar2","Timestamp":"2024-04-27T13:58:38.0375759Z","Value":{"Value":{"Type":7,"Body":703788372},"SourceTimestamp":"2024-04-27T13:58:37.1663145Z","ServerTimestamp":"2024-04-27T13:58:38.0373225Z"},"SequenceNumber":12,"ExtensionFields":{}}