{"NodeId":"nsu=http://opcfoundation.org/UA/Plc/Applications;s=FastRandomUIntScalar3","EndpointUrl":"opc.tcp://localhost:61457/UA/SampleServer","ApplicationUri":"urn:desktop-bgfjs91:OPCFoundation:CoreSampleServer","DisplayName":"nsu=http://opcfoundation.org/UA/Plc/Applications;s=FastRandomUIntScalar3","Timestamp":"2024-04-27T13:58:43.0342203Z","Value":{"Value":{"Type":7,"Body":853498315},"SourceTimestamp":"2024-04-27T13:58:42.1597578Z","ServerTimestamp":"2024-04-27T13:58:43.0339613Z"},"SequenceNumber":133,"ExtensionFields":{}}