{"NodeId":"nsu=http://opcfoundation.org/UA/Plc/Applications;s=FastUIntScalar3","EndpointUrl":"opc.tcp://localhost:61457/UA/SampleServer","ApplicationUri":"urn:desktop-bgfjs91:OPCFoundation:CoreSampleServer","DisplayName":"nsu=http://opcfoundation.org/UA/Plc/Applications;s=FastUIntScalar3","Timestamp":"2024-04-27T13:58:44.0371319Z","Value":{"Value":{"Type":7,"Body":8},"SourceTimestamp":"2024-04-27T13:58:43.1566889Z","ServerTimestamp":"2024-04-27T13:58:44.0368608Z"},"SequenceNumber":154,"ExtensionFields":{}}