{"NodeId":"nsu=http://opcfoundation.org/UA/Plc/Applications;s=PositiveTrendData","EndpointUrl":"opc.tcp://localhost:61457/UA/SampleServer","ApplicationUri":"urn:desktop-bgfjs91:OPCFoundation:CoreSampleServer","DisplayName":"nsu=http://opcfoundation.org/UA/Plc/Applications;s=PositiveTrendData","Timestamp":"2024-04-27T13:58:44.0371319Z","Value":{"Value":{"Type":11,"Body":100},"SourceTimestamp":"2024-04-27T13:58:43.9584563Z","ServerTimestamp":"2024-04-27T13:58:44.0368704Z"},"SequenceNumber":159,"ExtensionFields":{}}