{"NodeId":"nsu=http://opcfoundation.org/UA/Plc/Applications;s=BadSlowRandomUIntScalar1","EndpointUrl":"opc.tcp://localhost:61457/UA/SampleServer","ApplicationUri":"urn:desktop-bgfjs91:OPCFoundation:CoreSampleServer","DisplayName":"nsu=http://opcfoundation.org/UA/Plc/Applications;s=BadSlowRandomUIntScalar1","Timestamp":"2024-04-27T13:58:44.0371319Z","Value":{"Value":{"Type":7,"Body":0},"SourceTimestamp":"2024-04-27T13:58:35.153744Z","ServerTimestamp":"2024-04-27T13:58:44.0368593Z"},"SequenceNumber":167,"ExtensionFields":{}}