{"NodeId":"nsu=http://opcfoundation.org/UA/Plc/Applications;s=AlternatingBoolean","EndpointUrl":"opc.tcp://localhost:61457/UA/SampleServer","ApplicationUri":"urn:desktop-bgfjs91:OPCFoundation:CoreSampleServer","DisplayName":"nsu=http://opcfoundation.org/UA/Plc/Applications;s=AlternatingBoolean","Timestamp":"2024-04-27T13:58:45.0262868Z","Value":{"Value":{"Type":1,"Body":false},"SourceTimestamp":"2024-04-27T13:58:44.9631773Z","ServerTimestamp":"2024-04-27T13:58:45.0260503Z"},"SequenceNumber":172,"ExtensionFields":{}}