{"NodeId":"nsu=http://opcfoundation.org/UA/Plc/Applications;s=RandomSignedInt32","EndpointUrl":"opc.tcp://localhost:61457/UA/SampleServer","ApplicationUri":"urn:desktop-bgfjs91:OPCFoundation:CoreSampleServer","DisplayName":"nsu=http://opcfoundation.org/UA/Plc/Applications;s=RandomSignedInt32","Timestamp":"2024-04-27T13:58:45.0262868Z","Value":{"Value":{"Type":6,"Body":-1006687005},"SourceTimestamp":"2024-04-27T13:58:44.9631926Z","ServerTimestamp":"2024-04-27T13:58:45.0260416Z"},"SequenceNumber":173,"ExtensionFields":{}}