{"NodeId":"nsu=http://opcfoundation.org/UA/Plc/Applications;s=FastRandomUIntScalar1","EndpointUrl":"opc.tcp://localhost:61457/UA/SampleServer","ApplicationUri":"urn:desktop-bgfjs91:OPCFoundation:CoreSampleServer","DisplayName":"nsu=http://opcfoundation.org/UA/Plc/Applications;s=FastRandomUIntScalar1","Timestamp":"2024-04-27T13:58:45.0262868Z","Value":{"Value":{"Type":7,"Body":3360238635},"SourceTimestamp":"2024-04-27T13:58:44.1582419Z","ServerTimestamp":"2024-04-27T13:58:45.0260444Z"},"SequenceNumber":179,"ExtensionFields":{}}