{"NodeId":"nsu=http://opcfoundation.org/UA/Plc/Applications;s=FastRandomUIntScalar2","EndpointUrl":"opc.tcp://localhost:61457/UA/SampleServer","ApplicationUri":"urn:desktop-bgfjs91:OPCFoundation:CoreSampleServer","DisplayName":"nsu=http://opcfoundation.org/UA/Plc/Applications;s=FastRandomUIntScalar2","Timestamp":"2024-04-27T13:58:45.0262868Z","Value":{"Value":{"Type":7,"Body":688368241},"SourceTimestamp":"2024-04-27T13:58:44.1582484Z","ServerTimestamp":"2024-04-27T13:58:45.0260466Z"},"SequenceNumber":180,"ExtensionFields":{}}