{"NodeId":"nsu=http://opcfoundation.org/UA/Plc/Applications;s=SlowRandomUIntScalar3","EndpointUrl":"opc.tcp://localhost:61457/UA/SampleServer","ApplicationUri":"urn:desktop-bgfjs91:OPCFoundation:CoreSampleServer","DisplayName":"nsu=http://opcfoundation.org/UA/Plc/Applications;s=SlowRandomUIntScalar3","Timestamp":"2024-04-27T13:58:45.0262868Z","Value":{"Value":{"Type":7,"Body":0},"SourceTimestamp":"2024-04-27T13:58:35.1537423Z","ServerTimestamp":"2024-04-27T13:58:45.0260497Z"},"SequenceNumber":190,"ExtensionFields":{}}