{"NodeId":"nsu=http://opcfoundation.org/UA/Plc/Applications;s=RandomSignedInt32","EndpointUrl":"opc.tcp://localhost:61457/UA/SampleServer","ApplicationUri":"urn:desktop-bgfjs91:OPCFoundation:CoreSampleServer","DisplayName":"nsu=http://opcfoundation.org/UA/Plc/Applications;s=RandomSignedInt32","Timestamp":"2024-04-27T13:58:46.039431Z","Value":{"Value":{"Type":6,"Body":-412218147},"SourceTimestamp":"2024-04-27T13:58:45.9590317Z","ServerTimestamp":"2024-04-27T13:58:46.0391419Z"},"SequenceNumber":197,"ExtensionFields":{}}