{"NodeId":"nsu=http://opcfoundation.org/UA/Plc/Applications;s=DipData","EndpointUrl":"opc.tcp://localhost:61457/UA/SampleServer","ApplicationUri":"urn:desktop-bgfjs91:OPCFoundation:CoreSampleServer","DisplayName":"nsu=http://opcfoundation.org/UA/Plc/Applications;s=DipData","Timestamp":"2024-04-27T13:58:46.039431Z","Value":{"Value":{"Type":11,"Body":-77.0513242775789},"SourceTimestamp":"2024-04-27T13:58:45.9590458Z","ServerTimestamp":"2024-04-27T13:58:46.0391409Z"},"SequenceNumber":199,"ExtensionFields":{}}