{"NodeId":"nsu=http://opcfoundation.org/UA/Plc/Applications;s=FastUIntScalar2","EndpointUrl":"opc.tcp://localhost:61457/UA/SampleServer","ApplicationUri":"urn:desktop-bgfjs91:OPCFoundation:CoreSampleServer","DisplayName":"nsu=http://opcfoundation.org/UA/Plc/Applications;s=FastUIntScalar2","Timestamp":"2024-04-27T13:58:46.039431Z","Value":{"Value":{"Type":7,"Body":10},"SourceTimestamp":"2024-04-27T13:58:45.1644483Z","ServerTimestamp":"2024-04-27T13:58:46.0391502Z"},"SequenceNumber":201,"ExtensionFields":{}}