{"NodeId":"nsu=http://opcfoundation.org/UA/Plc/Applications;s=AlternatingBoolean","EndpointUrl":"opc.tcp://localhost:61457/UA/SampleServer","ApplicationUri":"urn:desktop-bgfjs91:OPCFoundation:CoreSampleServer","DisplayName":"nsu=http://opcfoundation.org/UA/Plc/Applications;s=AlternatingBoolean","Timestamp":"2024-04-27T13:58:47.0275438Z","Value":{"Value":{"Type":1,"Body":true},"SourceTimestamp":"2024-04-27T13:58:46.964768Z","ServerTimestamp":"2024-04-27T13:58:47.0272921Z"},"SequenceNumber":220,"ExtensionFields":{}}