{"NodeId":"nsu=http://opcfoundation.org/UA/Plc/Applications;s=FastUIntScalar2","EndpointUrl":"opc.tcp://localhost:61457/UA/SampleServer","ApplicationUri":"urn:desktop-bgfjs91:OPCFoundation:CoreSampleServer","DisplayName":"nsu=http://opcfoundation.org/UA/Plc/Applications;s=FastUIntScalar2","Timestamp":"2024-04-27T13:58:47.0275438Z","Value":{"Value":{"Type":7,"Body":11},"SourceTimestamp":"2024-04-27T13:58:46.1598551Z","ServerTimestamp":"2024-04-27T13:58:47.0272905Z"},"SequenceNumber":225,"ExtensionFields":{}}