{"NodeId":"nsu=http://opcfoundation.org/UA/Plc/Applications;s=FastUIntScalar2","EndpointUrl":"opc.tcp://localhost:61457/UA/SampleServer","ApplicationUri":"urn:desktop-bgfjs91:OPCFoundation:CoreSampleServer","DisplayName":"nsu=http://opcfoundation.org/UA/Plc/Applications;s=FastUIntScalar2","Timestamp":"2024-04-27T13:58:48.033903Z","Value":{"Value":{"Type":7,"Body":12},"SourceTimestamp":"2024-04-27T13:58:47.1658069Z","ServerTimestamp":"2024-04-27T13:58:48.0336634Z"},"SequenceNumber":249,"ExtensionFields":{}}