{"NodeId":"nsu=http://opcfoundation.org/UA/Plc/Applications;s=FastRandomUIntScalar1","EndpointUrl":"opc.tcp://localhost:61457/UA/SampleServer","ApplicationUri":"urn:desktop-bgfjs91:OPCFoundation:CoreSampleServer","DisplayName":"nsu=http://opcfoundation.org/UA/Plc/Applications;s=FastRandomUIntScalar1","Timestamp":"2024-04-27T13:58:48.033903Z","Value":{"Value":{"Type":7,"Body":1245306496},"SourceTimestamp":"2024-04-27T13:58:47.1658101Z","ServerTimestamp":"2024-04-27T13:58:48.033659Z"},"SequenceNumber":251,"ExtensionFields":{}}