{"NodeId":"nsu=http://opcfoundation.org/UA/Plc/Applications;s=AlternatingBoolean","EndpointUrl":"opc.tcp://localhost:61457/UA/SampleServer","ApplicationUri":"urn:desktop-bgfjs91:OPCFoundation:CoreSampleServer","DisplayName":"nsu=http://opcfoundation.org/UA/Plc/Applications;s=AlternatingBoolean","Timestamp":"2024-04-27T13:58:49.0381674Z","Value":{"Value":{"Type":1,"Body":true},"SourceTimestamp":"2024-04-27T13:58:48.9569879Z","ServerTimestamp":"2024-04-27T13:58:49.0379202Z"},"SequenceNumber":268,"ExtensionFields":{}}