{"NodeId":"nsu=http://opcfoundation.org/UA/Plc/Applications;s=RandomSignedInt32","EndpointUrl":"opc.tcp://localhost:61457/UA/SampleServer","ApplicationUri":"urn:desktop-bgfjs91:OPCFoundation:CoreSampleServer","DisplayName":"nsu=http://opcfoundation.org/UA/Plc/Applications;s=RandomSignedInt32","Timestamp":"2024-04-27T13:58:49.0381674Z","Value":{"Value":{"Type":6,"Body":-2104845140},"SourceTimestamp":"2024-04-27T13:58:48.9570013Z","ServerTimestamp":"2024-04-27T13:58:49.0379111Z"},"SequenceNumber":269,"ExtensionFields":{}}