{"NodeId":"nsu=http://opcfoundation.org/UA/Plc/Applications;s=FastUIntScalar2","EndpointUrl":"opc.tcp://localhost:61457/UA/SampleServer","ApplicationUri":"urn:desktop-bgfjs91:OPCFoundation:CoreSampleServer","DisplayName":"nsu=http://opcfoundation.org/UA/Plc/Applications;s=FastUIntScalar2","Timestamp":"2024-04-27T13:58:49.0381674Z","Value":{"Value":{"Type":7,"Body":13},"SourceTimestamp":"2024-04-27T13:58:48.1586808Z","ServerTimestamp":"2024-04-27T13:58:49.0379188Z"},"SequenceNumber":273,"ExtensionFields":{}}