{"NodeId":"nsu=http://opcfoundation.org/UA/Plc/Applications;s=AlternatingBoolean","EndpointUrl":"opc.tcp://localhost:61457/UA/SampleServer","ApplicationUri":"urn:desktop-bgfjs91:OPCFoundation:CoreSampleServer","DisplayName":"nsu=http://opcfoundation.org/UA/Plc/Applications;s=AlternatingBoolean","Timestamp":"2024-04-27T13:58:39.034358Z","Value":{"Value":{"Type":1,"Body":true},"SourceTimestamp":"2024-04-27T13:58:38.9535467Z","ServerTimestamp":"2024-04-27T13:58:39.0341015Z"},"SequenceNumber":28,"ExtensionFields":{}}