{"NodeId":"nsu=http://opcfoundation.org/UA/Plc/Applications;s=SlowUIntScalar2","EndpointUrl":"opc.tcp://localhost:61457/UA/SampleServer","ApplicationUri":"urn:desktop-bgfjs91:OPCFoundation:CoreSampleServer","DisplayName":"nsu=http://opcfoundation.org/UA/Plc/Applications;s=SlowUIntScalar2","Timestamp":"2024-04-27T13:58:49.0381674Z","Value":{"Value":{"Type":7,"Body":1},"SourceTimestamp":"2024-04-27T13:58:45.1643533Z","ServerTimestamp":"2024-04-27T13:58:49.0379213Z"},"SequenceNumber":281,"ExtensionFields":{}}