{"NodeId":"nsu=http://opcfoundation.org/UA/Plc/Applications;s=FastUIntScalar1","EndpointUrl":"opc.tcp://localhost:61457/UA/SampleServer","ApplicationUri":"urn:desktop-bgfjs91:OPCFoundation:CoreSampleServer","DisplayName":"nsu=http://opcfoundation.org/UA/Plc/Applications;s=FastUIntScalar1","Timestamp":"2024-04-27T13:58:50.0366409Z","Value":{"Value":{"Type":7,"Body":14},"SourceTimestamp":"2024-04-27T13:58:49.1608639Z","ServerTimestamp":"2024-04-27T13:58:50.0363568Z"},"SequenceNumber":296,"ExtensionFields":{}}