{"NodeId":"nsu=http://opcfoundation.org/UA/Plc/Applications;s=FastUIntScalar3","EndpointUrl":"opc.tcp://localhost:61457/UA/SampleServer","ApplicationUri":"urn:desktop-bgfjs91:OPCFoundation:CoreSampleServer","DisplayName":"nsu=http://opcfoundation.org/UA/Plc/Applications;s=FastUIntScalar3","Timestamp":"2024-04-27T13:58:50.0366409Z","Value":{"Value":{"Type":7,"Body":14},"SourceTimestamp":"2024-04-27T13:58:49.1608791Z","ServerTimestamp":"2024-04-27T13:58:50.0363594Z"},"SequenceNumber":298,"ExtensionFields":{}}