{"NodeId":"nsu=http://opcfoundation.org/UA/Plc/Applications;s=SlowRandomUIntScalar1","EndpointUrl":"opc.tcp://localhost:61457/UA/SampleServer","ApplicationUri":"urn:desktop-bgfjs91:OPCFoundation:CoreSampleServer","DisplayName":"nsu=http://opcfoundation.org/UA/Plc/Applications;s=SlowRandomUIntScalar1","Timestamp":"2024-04-27T13:58:50.0366409Z","Value":{"Value":{"Type":7,"Body":68411983},"SourceTimestamp":"2024-04-27T13:58:45.1643693Z","ServerTimestamp":"2024-04-27T13:58:50.0363677Z"},"SequenceNumber":308,"ExtensionFields":{}}