{"NodeId":"nsu=http://opcfoundation.org/UA/Plc/Applications;s=SlowRandomUIntScalar3","EndpointUrl":"opc.tcp://localhost:61457/UA/SampleServer","ApplicationUri":"urn:desktop-bgfjs91:OPCFoundation:CoreSampleServer","DisplayName":"nsu=http://opcfoundation.org/UA/Plc/Applications;s=SlowRandomUIntScalar3","Timestamp":"2024-04-27T13:58:50.0366409Z","Value":{"Value":{"Type":7,"Body":3544173189},"SourceTimestamp":"2024-04-27T13:58:45.1643807Z","ServerTimestamp":"2024-04-27T13:58:50.0363706Z"},"SequenceNumber":310,"ExtensionFields":{}}