{"NodeId":"nsu=http://opcfoundation.org/UA/Plc/Applications;s=RandomSignedInt32","EndpointUrl":"opc.tcp://localhost:61457/UA/SampleServer","ApplicationUri":"urn:desktop-bgfjs91:OPCFoundation:CoreSampleServer","DisplayName":"nsu=http://opcfoundation.org/UA/Plc/Applications;s=RandomSignedInt32","Timestamp":"2024-04-27T13:58:51.0392281Z","Value":{"Value":{"Type":6,"Body":-926506551},"SourceTimestamp":"2024-04-27T13:58:50.9611362Z","ServerTimestamp":"2024-04-27T13:58:51.0389658Z"},"SequenceNumber":317,"ExtensionFields":{}}