{"NodeId":"nsu=http://opcfoundation.org/UA/Plc/Applications;s=FastRandomUIntScalar2","EndpointUrl":"opc.tcp://localhost:61457/UA/SampleServer","ApplicationUri":"urn:desktop-bgfjs91:OPCFoundation:CoreSampleServer","DisplayName":"nsu=http://opcfoundation.org/UA/Plc/Applications;s=FastRandomUIntScalar2","Timestamp":"2024-04-27T13:58:51.0392281Z","Value":{"Value":{"Type":7,"Body":368369919},"SourceTimestamp":"2024-04-27T13:58:50.1594005Z","ServerTimestamp":"2024-04-27T13:58:51.0389714Z"},"SequenceNumber":324,"ExtensionFields":{}}