{"NodeId":"nsu=http://opcfoundation.org/UA/Plc/Applications;s=NegativeTrendData","EndpointUrl":"opc.tcp://localhost:61457/UA/SampleServer","ApplicationUri":"urn:desktop-bgfjs91:OPCFoundation:CoreSampleServer","DisplayName":"nsu=http://opcfoundation.org/UA/Plc/Applications;s=NegativeTrendData","Timestamp":"2024-04-27T13:58:51.0392281Z","Value":{"Value":{"Type":11,"Body":100},"SourceTimestamp":"2024-04-27T13:58:50.9611419Z","ServerTimestamp":"2024-04-27T13:58:51.0389698Z"},"SequenceNumber":326,"ExtensionFields":{}}