{"NodeId":"nsu=http://opcfoundation.org/UA/Plc/Applications;s=SlowUIntScalar1","EndpointUrl":"opc.tcp://localhost:61457/UA/SampleServer","ApplicationUri":"urn:desktop-bgfjs91:OPCFoundation:CoreSampleServer","DisplayName":"nsu=http://opcfoundation.org/UA/Plc/Applications;s=SlowUIntScalar1","Timestamp":"2024-04-27T13:58:51.0392281Z","Value":{"Value":{"Type":7,"Body":1},"SourceTimestamp":"2024-04-27T13:58:45.1643421Z","ServerTimestamp":"2024-04-27T13:58:51.0389646Z"},"SequenceNumber":328,"ExtensionFields":{}}