{"NodeId":"nsu=http://opcfoundation.org/UA/Plc/Applications;s=SlowRandomUIntScalar2","EndpointUrl":"opc.tcp://localhost:61457/UA/SampleServer","ApplicationUri":"urn:desktop-bgfjs91:OPCFoundation:CoreSampleServer","DisplayName":"nsu=http://opcfoundation.org/UA/Plc/Applications;s=SlowRandomUIntScalar2","Timestamp":"2024-04-27T13:58:51.0392281Z","Value":{"Value":{"Type":7,"Body":3102869035},"SourceTimestamp":"2024-04-27T13:58:45.1643782Z","ServerTimestamp":"2024-04-27T13:58:51.0389706Z"},"SequenceNumber":333,"ExtensionFields":{}}