{"NodeId":"nsu=http://opcfoundation.org/UA/Plc/Applications;s=SpikeData","EndpointUrl":"opc.tcp://localhost:61457/UA/SampleServer","ApplicationUri":"urn:desktop-bgfjs91:OPCFoundation:CoreSampleServer","DisplayName":"nsu=http://opcfoundation.org/UA/Plc/Applications;s=SpikeData","Timestamp":"2024-04-27T13:58:51.0392281Z","Value":{"Value":{"Type":11,"Body":-77.0513242775789},"SourceTimestamp":"2024-04-27T13:58:50.9611521Z","ServerTimestamp":"2024-04-27T13:58:51.0389775Z"},"SequenceNumber":336,"ExtensionFields":{}}