{"NodeId":"nsu=http://opcfoundation.org/UA/Plc/Applications;s=FastUIntScalar3","EndpointUrl":"opc.tcp://localhost:61457/UA/SampleServer","ApplicationUri":"urn:desktop-bgfjs91:OPCFoundation:CoreSampleServer","DisplayName":"nsu=http://opcfoundation.org/UA/Plc/Applications;s=FastUIntScalar3","Timestamp":"2024-04-27T13:58:39.034358Z","Value":{"Value":{"Type":7,"Body":3},"SourceTimestamp":"2024-04-27T13:58:38.1629032Z","ServerTimestamp":"2024-04-27T13:58:39.0340907Z"},"SequenceNumber":34,"ExtensionFields":{}}