{"NodeId":"nsu=http://opcfoundation.org/UA/Plc/Applications;s=RandomUnsignedInt32","EndpointUrl":"opc.tcp://localhost:61457/UA/SampleServer","ApplicationUri":"urn:desktop-bgfjs91:OPCFoundation:CoreSampleServer","DisplayName":"nsu=http://opcfoundation.org/UA/Plc/Applications;s=RandomUnsignedInt32","Timestamp":"2024-04-27T13:58:52.0297926Z","Value":{"Value":{"Type":7,"Body":1298103837},"SourceTimestamp":"2024-04-27T13:58:51.9663744Z","ServerTimestamp":"2024-04-27T13:58:52.0295401Z"},"SequenceNumber":342,"ExtensionFields":{}}