{"NodeId":"nsu=http://opcfoundation.org/UA/Plc/Applications;s=FastRandomUIntScalar1","EndpointUrl":"opc.tcp://localhost:61457/UA/SampleServer","ApplicationUri":"urn:desktop-bgfjs91:OPCFoundation:CoreSampleServer","DisplayName":"nsu=http://opcfoundation.org/UA/Plc/Applications;s=FastRandomUIntScalar1","Timestamp":"2024-04-27T13:58:52.0297926Z","Value":{"Value":{"Type":7,"Body":3195701398},"SourceTimestamp":"2024-04-27T13:58:51.1599863Z","ServerTimestamp":"2024-04-27T13:58:52.0295405Z"},"SequenceNumber":347,"ExtensionFields":{}}