{"NodeId":"nsu=http://opcfoundation.org/UA/Plc/Applications;s=SlowUIntScalar3","EndpointUrl":"opc.tcp://localhost:61457/UA/SampleServer","ApplicationUri":"urn:desktop-bgfjs91:OPCFoundation:CoreSampleServer","DisplayName":"nsu=http://opcfoundation.org/UA/Plc/Applications;s=SlowUIntScalar3","Timestamp":"2024-04-27T13:58:52.0297926Z","Value":{"Value":{"Type":7,"Body":1},"SourceTimestamp":"2024-04-27T13:58:45.1643556Z","ServerTimestamp":"2024-04-27T13:58:52.0295384Z"},"SequenceNumber":354,"ExtensionFields":{}}