{"NodeId":"nsu=http://opcfoundation.org/UA/Plc/Applications;s=AlternatingBoolean","EndpointUrl":"opc.tcp://localhost:61457/UA/SampleServer","ApplicationUri":"urn:desktop-bgfjs91:OPCFoundation:CoreSampleServer","DisplayName":"nsu=http://opcfoundation.org/UA/Plc/Applications;s=AlternatingBoolean","Timestamp":"2024-04-27T13:58:53.0372793Z","Value":{"Value":{"Type":1,"Body":false},"SourceTimestamp":"2024-04-27T13:58:52.9587215Z","ServerTimestamp":"2024-04-27T13:58:53.037039Z"},"SequenceNumber":364,"ExtensionFields":{}}