{"NodeId":"nsu=http://opcfoundation.org/UA/Plc/Applications;s=RandomUnsignedInt32","EndpointUrl":"opc.tcp://localhost:61457/UA/SampleServer","ApplicationUri":"urn:desktop-bgfjs91:OPCFoundation:CoreSampleServer","DisplayName":"nsu=http://opcfoundation.org/UA/Plc/Applications;s=RandomUnsignedInt32","Timestamp":"2024-04-27T13:58:53.0372793Z","Value":{"Value":{"Type":7,"Body":1731383664},"SourceTimestamp":"2024-04-27T13:58:52.9587361Z","ServerTimestamp":"2024-04-27T13:58:53.0370316Z"},"SequenceNumber":366,"ExtensionFields":{}}