{"NodeId":"nsu=http://opcfoundation.org/UA/Plc/Applications;s=FastUIntScalar3","EndpointUrl":"opc.tcp://localhost:61457/UA/SampleServer","ApplicationUri":"urn:desktop-bgfjs91:OPCFoundation:CoreSampleServer","DisplayName":"nsu=http://opcfoundation.org/UA/Plc/Applications;s=FastUIntScalar3","Timestamp":"2024-04-27T13:58:53.0372793Z","Value":{"Value":{"Type":7,"Body":17},"SourceTimestamp":"2024-04-27T13:58:52.1522056Z","ServerTimestamp":"2024-04-27T13:58:53.0370268Z"},"SequenceNumber":370,"ExtensionFields":{}}