{"NodeId":"nsu=http://opcfoundation.org/UA/Plc/Applications;s=FastRandomUIntScalar2","EndpointUrl":"opc.tcp://localhost:61457/UA/SampleServer","ApplicationUri":"urn:desktop-bgfjs91:OPCFoundation:CoreSampleServer","DisplayName":"nsu=http://opcfoundation.org/UA/Plc/Applications;s=FastRandomUIntScalar2","Timestamp":"2024-04-27T13:58:53.0372793Z","Value":{"Value":{"Type":7,"Body":2896517461},"SourceTimestamp":"2024-04-27T13:58:52.1521996Z","ServerTimestamp":"2024-04-27T13:58:53.0370348Z"},"SequenceNumber":372,"ExtensionFields":{}}