{"NodeId":"nsu=http://opcfoundation.org/UA/Plc/Applications;s=SpikeData","EndpointUrl":"opc.tcp://localhost:61457/UA/SampleServer","ApplicationUri":"urn:desktop-bgfjs91:OPCFoundation:CoreSampleServer","DisplayName":"nsu=http://opcfoundation.org/UA/Plc/Applications;s=SpikeData","Timestamp":"2024-04-27T13:58:53.0372793Z","Value":{"Value":{"Type":11,"Body":24.868988716485482},"SourceTimestamp":"2024-04-27T13:58:52.9587732Z","ServerTimestamp":"2024-04-27T13:58:53.0370412Z"},"SequenceNumber":384,"ExtensionFields":{}}