{"NodeId":"nsu=http://opcfoundation.org/UA/Plc/Applications;s=AlternatingBoolean","EndpointUrl":"opc.tcp://localhost:61457/UA/SampleServer","ApplicationUri":"urn:desktop-bgfjs91:OPCFoundation:CoreSampleServer","DisplayName":"nsu=http://opcfoundation.org/UA/Plc/Applications;s=AlternatingBoolean","Timestamp":"2024-04-27T13:58:54.0331837Z","Value":{"Value":{"Type":1,"Body":false},"SourceTimestamp":"2024-04-27T13:58:53.9537111Z","ServerTimestamp":"2024-04-27T13:58:54.0329047Z"},"SequenceNumber":388,"ExtensionFields":{}}