{"NodeId":"nsu=http://opcfoundation.org/UA/Plc/Applications;s=RandomSignedInt32","EndpointUrl":"opc.tcp://localhost:61457/UA/SampleServer","ApplicationUri":"urn:desktop-bgfjs91:OPCFoundation:CoreSampleServer","DisplayName":"nsu=http://opcfoundation.org/UA/Plc/Applications;s=RandomSignedInt32","Timestamp":"2024-04-27T13:58:54.0331837Z","Value":{"Value":{"Type":6,"Body":-1332129880},"SourceTimestamp":"2024-04-27T13:58:53.9537436Z","ServerTimestamp":"2024-04-27T13:58:54.0328958Z"},"SequenceNumber":389,"ExtensionFields":{}}