{"NodeId":"nsu=http://opcfoundation.org/UA/Plc/Applications;s=PositiveTrendData","EndpointUrl":"opc.tcp://localhost:61457/UA/SampleServer","ApplicationUri":"urn:desktop-bgfjs91:OPCFoundation:CoreSampleServer","DisplayName":"nsu=http://opcfoundation.org/UA/Plc/Applications;s=PositiveTrendData","Timestamp":"2024-04-27T13:58:39.034358Z","Value":{"Value":{"Type":11,"Body":100},"SourceTimestamp":"2024-04-27T13:58:38.9535571Z","ServerTimestamp":"2024-04-27T13:58:39.0340993Z"},"SequenceNumber":39,"ExtensionFields":{}}