{"NodeId":"nsu=http://opcfoundation.org/UA/Plc/Applications;s=FastUIntScalar3","EndpointUrl":"opc.tcp://localhost:61457/UA/SampleServer","ApplicationUri":"urn:desktop-bgfjs91:OPCFoundation:CoreSampleServer","DisplayName":"nsu=http://opcfoundation.org/UA/Plc/Applications;s=FastUIntScalar3","Timestamp":"2024-04-27T13:58:54.0331837Z","Value":{"Value":{"Type":7,"Body":18},"SourceTimestamp":"2024-04-27T13:58:53.1622872Z","ServerTimestamp":"2024-04-27T13:58:54.0328938Z"},"SequenceNumber":394,"ExtensionFields":{}}