{"NodeId":"nsu=http://opcfoundation.org/UA/Plc/Applications;s=BadSlowUIntScalar1","EndpointUrl":"opc.tcp://localhost:61457/UA/SampleServer","ApplicationUri":"urn:desktop-bgfjs91:OPCFoundation:CoreSampleServer","DisplayName":"nsu=http://opcfoundation.org/UA/Plc/Applications;s=BadSlowUIntScalar1","Timestamp":"2024-04-27T13:58:54.0331837Z","Value":{"Value":{"Type":7,"Body":1},"SourceTimestamp":"2024-04-27T13:58:45.1643581Z","ServerTimestamp":"2024-04-27T13:58:54.0328907Z"},"SequenceNumber":403,"ExtensionFields":{}}