{"NodeId":"nsu=http://opcfoundation.org/UA/Plc/Applications;s=RandomSignedInt32","EndpointUrl":"opc.tcp://localhost:61457/UA/SampleServer","ApplicationUri":"urn:desktop-bgfjs91:OPCFoundation:CoreSampleServer","DisplayName":"nsu=http://opcfoundation.org/UA/Plc/Applications;s=RandomSignedInt32","Timestamp":"2024-04-27T13:58:55.02766Z","Value":{"Value":{"Type":6,"Body":927346666},"SourceTimestamp":"2024-04-27T13:58:54.9645236Z","ServerTimestamp":"2024-04-27T13:58:55.0273964Z"},"SequenceNumber":413,"ExtensionFields":{}}