{"NodeId":"nsu=http://opcfoundation.org/UA/Plc/Applications;s=RandomUnsignedInt32","EndpointUrl":"opc.tcp://localhost:61457/UA/SampleServer","ApplicationUri":"urn:desktop-bgfjs91:OPCFoundation:CoreSampleServer","DisplayName":"nsu=http://opcfoundation.org/UA/Plc/Applications;s=RandomUnsignedInt32","Timestamp":"2024-04-27T13:58:55.02766Z","Value":{"Value":{"Type":7,"Body":1912594877},"SourceTimestamp":"2024-04-27T13:58:54.9645177Z","ServerTimestamp":"2024-04-27T13:58:55.0273989Z"},"SequenceNumber":414,"ExtensionFields":{}}