{"NodeId":"nsu=http://opcfoundation.org/UA/Plc/Applications;s=FastUIntScalar2","EndpointUrl":"opc.tcp://localhost:61457/UA/SampleServer","ApplicationUri":"urn:desktop-bgfjs91:OPCFoundation:CoreSampleServer","DisplayName":"nsu=http://opcfoundation.org/UA/Plc/Applications;s=FastUIntScalar2","Timestamp":"2024-04-27T13:58:55.02766Z","Value":{"Value":{"Type":7,"Body":19},"SourceTimestamp":"2024-04-27T13:58:54.1576245Z","ServerTimestamp":"2024-04-27T13:58:55.0274047Z"},"SequenceNumber":417,"ExtensionFields":{}}