{"NodeId":"nsu=http://opcfoundation.org/UA/Plc/Applications;s=FastUIntScalar3","EndpointUrl":"opc.tcp://localhost:61457/UA/SampleServer","ApplicationUri":"urn:desktop-bgfjs91:OPCFoundation:CoreSampleServer","DisplayName":"nsu=http://opcfoundation.org/UA/Plc/Applications;s=FastUIntScalar3","Timestamp":"2024-04-27T13:58:55.02766Z","Value":{"Value":{"Type":7,"Body":19},"SourceTimestamp":"2024-04-27T13:58:54.157626Z","ServerTimestamp":"2024-04-27T13:58:55.0273945Z"},"SequenceNumber":418,"ExtensionFields":{}}