{"NodeId":"nsu=http://opcfoundation.org/UA/Plc/Applications;s=FastRandomUIntScalar3","EndpointUrl":"opc.tcp://localhost:61457/UA/SampleServer","ApplicationUri":"urn:desktop-bgfjs91:OPCFoundation:CoreSampleServer","DisplayName":"nsu=http://opcfoundation.org/UA/Plc/Applications;s=FastRandomUIntScalar3","Timestamp":"2024-04-27T13:58:55.02766Z","Value":{"Value":{"Type":7,"Body":1837432263},"SourceTimestamp":"2024-04-27T13:58:54.1576333Z","ServerTimestamp":"2024-04-27T13:58:55.0273982Z"},"SequenceNumber":421,"ExtensionFields":{}}