{"NodeId":"nsu=http://opcfoundation.org/UA/Plc/Applications;s=SlowRandomUIntScalar1","EndpointUrl":"opc.tcp://localhost:61457/UA/SampleServer","ApplicationUri":"urn:desktop-bgfjs91:OPCFoundation:CoreSampleServer","DisplayName":"nsu=http://opcfoundation.org/UA/Plc/Applications;s=SlowRandomUIntScalar1","Timestamp":"2024-04-27T13:58:56.0407848Z","Value":{"Value":{"Type":7,"Body":2962205254},"SourceTimestamp":"2024-04-27T13:58:55.1664582Z","ServerTimestamp":"2024-04-27T13:58:56.0404327Z"},"SequenceNumber":452,"ExtensionFields":{}}