{"NodeId":"nsu=http://opcfoundation.org/UA/Plc/Applications;s=BadSlowRandomUIntScalar1","EndpointUrl":"opc.tcp://localhost:61457/UA/SampleServer","ApplicationUri":"urn:desktop-bgfjs91:OPCFoundation:CoreSampleServer","DisplayName":"nsu=http://opcfoundation.org/UA/Plc/Applications;s=BadSlowRandomUIntScalar1","Timestamp":"2024-04-27T13:58:56.0407848Z","Value":{"Value":{"Type":7,"Body":4192285979},"SourceTimestamp":"2024-04-27T13:58:55.166472Z","ServerTimestamp":"2024-04-27T13:58:56.0404161Z"},"SequenceNumber":455,"ExtensionFields":{}}