{"NodeId":"nsu=http://opcfoundation.org/UA/Plc/Applications;s=RandomSignedInt32","EndpointUrl":"opc.tcp://localhost:61457/UA/SampleServer","ApplicationUri":"urn:desktop-bgfjs91:OPCFoundation:CoreSampleServer","DisplayName":"nsu=http://opcfoundation.org/UA/Plc/Applications;s=RandomSignedInt32","Timestamp":"2024-04-27T13:58:57.0383826Z","Value":{"Value":{"Type":6,"Body":-1464315748},"SourceTimestamp":"2024-04-27T13:58:56.9582022Z","ServerTimestamp":"2024-04-27T13:58:57.0381299Z"},"SequenceNumber":461,"ExtensionFields":{}}