{"NodeId":"nsu=http://opcfoundation.org/UA/Plc/Applications;s=RandomUnsignedInt32","EndpointUrl":"opc.tcp://localhost:61457/UA/SampleServer","ApplicationUri":"urn:desktop-bgfjs91:OPCFoundation:CoreSampleServer","DisplayName":"nsu=http://opcfoundation.org/UA/Plc/Applications;s=RandomUnsignedInt32","Timestamp":"2024-04-27T13:58:57.0383826Z","Value":{"Value":{"Type":7,"Body":1065213363},"SourceTimestamp":"2024-04-27T13:58:56.958211Z","ServerTimestamp":"2024-04-27T13:58:57.0381324Z"},"SequenceNumber":462,"ExtensionFields":{}}