{"NodeId":"nsu=http://opcfoundation.org/UA/Plc/Applications;s=FastUIntScalar2","EndpointUrl":"opc.tcp://localhost:61457/UA/SampleServer","ApplicationUri":"urn:desktop-bgfjs91:OPCFoundation:CoreSampleServer","DisplayName":"nsu=http://opcfoundation.org/UA/Plc/Applications;s=FastUIntScalar2","Timestamp":"2024-04-27T13:58:57.0383826Z","Value":{"Value":{"Type":7,"Body":21},"SourceTimestamp":"2024-04-27T13:58:56.1628085Z","ServerTimestamp":"2024-04-27T13:58:57.0381382Z"},"SequenceNumber":465,"ExtensionFields":{}}