{"NodeId":"nsu=http://opcfoundation.org/UA/Plc/Applications;s=SlowUIntScalar2","EndpointUrl":"opc.tcp://localhost:61457/UA/SampleServer","ApplicationUri":"urn:desktop-bgfjs91:OPCFoundation:CoreSampleServer","DisplayName":"nsu=http://opcfoundation.org/UA/Plc/Applications;s=SlowUIntScalar2","Timestamp":"2024-04-27T13:58:57.0383826Z","Value":{"Value":{"Type":7,"Body":2},"SourceTimestamp":"2024-04-27T13:58:55.1664697Z","ServerTimestamp":"2024-04-27T13:58:57.0381412Z"},"SequenceNumber":473,"ExtensionFields":{}}