{"NodeId":"nsu=http://opcfoundation.org/UA/Plc/Applications;s=BadSlowUIntScalar1","EndpointUrl":"opc.tcp://localhost:61457/UA/SampleServer","ApplicationUri":"urn:desktop-bgfjs91:OPCFoundation:CoreSampleServer","DisplayName":"nsu=http://opcfoundation.org/UA/Plc/Applications;s=BadSlowUIntScalar1","Timestamp":"2024-04-27T13:58:57.0383826Z","Value":{"Value":{"Type":7,"Body":2},"SourceTimestamp":"2024-04-27T13:58:55.1664727Z","ServerTimestamp":"2024-04-27T13:58:57.0381249Z"},"SequenceNumber":475,"ExtensionFields":{}}