{"NodeId":"nsu=http://opcfoundation.org/UA/Plc/Applications;s=FastUIntScalar3","EndpointUrl":"opc.tcp://localhost:61457/UA/SampleServer","ApplicationUri":"urn:desktop-bgfjs91:OPCFoundation:CoreSampleServer","DisplayName":"nsu=http://opcfoundation.org/UA/Plc/Applications;s=FastUIntScalar3","Timestamp":"2024-04-27T13:58:58.0391075Z","Value":{"Value":{"Type":7,"Body":22},"SourceTimestamp":"2024-04-27T13:58:57.1640357Z","ServerTimestamp":"2024-04-27T13:58:58.0388515Z"},"SequenceNumber":490,"ExtensionFields":{}}