{"NodeId":"nsu=http://opcfoundation.org/UA/Plc/Applications;s=FastRandomUIntScalar3","EndpointUrl":"opc.tcp://localhost:61457/UA/SampleServer","ApplicationUri":"urn:desktop-bgfjs91:OPCFoundation:CoreSampleServer","DisplayName":"nsu=http://opcfoundation.org/UA/Plc/Applications;s=FastRandomUIntScalar3","Timestamp":"2024-04-27T13:58:58.0391075Z","Value":{"Value":{"Type":7,"Body":281404995},"SourceTimestamp":"2024-04-27T13:58:57.1640368Z","ServerTimestamp":"2024-04-27T13:58:58.0388554Z"},"SequenceNumber":493,"ExtensionFields":{}}