{"NodeId":"nsu=http://opcfoundation.org/UA/Plc/Applications;s=RandomSignedInt32","EndpointUrl":"opc.tcp://localhost:61457/UA/SampleServer","ApplicationUri":"urn:desktop-bgfjs91:OPCFoundation:CoreSampleServer","DisplayName":"nsu=http://opcfoundation.org/UA/Plc/Applications;s=RandomSignedInt32","Timestamp":"2024-04-27T13:58:38.0375759Z","Value":{"Value":{"Type":6,"Body":29768739},"SourceTimestamp":"2024-04-27T13:58:37.9591243Z","ServerTimestamp":"2024-04-27T13:58:38.0373171Z"},"SequenceNumber":5,"ExtensionFields":{}}