{"NodeId":"nsu=http://opcfoundation.org/UA/Plc/Applications;s=FastUIntScalar1","EndpointUrl":"opc.tcp://localhost:61457/UA/SampleServer","ApplicationUri":"urn:desktop-bgfjs91:OPCFoundation:CoreSampleServer","DisplayName":"nsu=http://opcfoundation.org/UA/Plc/Applications;s=FastUIntScalar1","Timestamp":"2024-04-27T13:58:40.0278554Z","Value":{"Value":{"Type":7,"Body":4},"SourceTimestamp":"2024-04-27T13:58:39.1587753Z","ServerTimestamp":"2024-04-27T13:58:40.0276093Z"},"SequenceNumber":56,"ExtensionFields":{}}