{"NodeId":"nsu=http://opcfoundation.org/UA/Plc/Applications;s=RandomUnsignedInt32","EndpointUrl":"opc.tcp://localhost:61457/UA/SampleServer","ApplicationUri":"urn:desktop-bgfjs91:OPCFoundation:CoreSampleServer","DisplayName":"nsu=http://opcfoundation.org/UA/Plc/Applications;s=RandomUnsignedInt32","Timestamp":"2024-04-27T13:58:38.0375759Z","Value":{"Value":{"Type":7,"Body":1132608324},"SourceTimestamp":"2024-04-27T13:58:37.9591235Z","ServerTimestamp":"2024-04-27T13:58:38.0373196Z"},"SequenceNumber":6,"ExtensionFields":{}}