{"NodeId":"nsu=http://opcfoundation.org/UA/Plc/Applications;s=FastRandomUIntScalar2","EndpointUrl":"opc.tcp://localhost:61457/UA/SampleServer","ApplicationUri":"urn:desktop-bgfjs91:OPCFoundation:CoreSampleServer","DisplayName":"nsu=http://opcfoundation.org/UA/Plc/Applications;s=FastRandomUIntScalar2","Timestamp":"2024-04-27T13:58:41.03561Z","Value":{"Value":{"Type":7,"Body":106918271},"SourceTimestamp":"2024-04-27T13:58:40.1659497Z","ServerTimestamp":"2024-04-27T13:58:41.0353386Z"},"SequenceNumber":84,"ExtensionFields":{}}