{"MessageId":"c4d6b32a-ae81-4765-8032-d46c19bf2044","MessageType":"ua-data","PublisherId":"DESKTOP-BGFJS91","DataSetWriterGroup":"<<UnknownWriterGroup>>","Messages":[{"DataSetWriterId":20,"SequenceNumber":2,"MetaDataVersion":{"MajorVersion":1},"Timestamp":"2024-04-27T10:49:31.0359981Z","MessageType":"ua-deltaframe","DataSetWriterName":"Packaging","Payload":{"nsu=http://opcfoundation.org/UA/Plc/Applications;s=SlowRandomUIntScalar3":{"Value":2180016019,"SourceTimestamp":"2024-04-27T10:49:29.2262892Z","ServerTimestamp":"2024-04-27T10:49:29.22629Z"}}}]}