{"NodeId":"nsu=http://opcfoundation.org/UA/Plc/Applications;s=PositiveTrendData","EndpointUrl":"opc.tcp://localhost:61457/UA/SampleServer","ApplicationUri":"urn:desktop-bgfjs91:OPCFoundation:CoreSampleServer","DisplayName":"nsu=http://opcfoundation.org/UA/Plc/Applications;s=PositiveTrendData","Timestamp":"2024-04-27T14:03:35.9995767Z","Value":{"Value":{"Type":11,"Body":101},"SourceTimestamp":"2024-04-27T14:03:35.6731906Z","ServerTimestamp":"2024-04-27T14:03:35.6731977Z"},"SequenceNumber":11,"ExtensionFields":{}}