{"NodeId":"nsu=http://opcfoundation.org/UA/Plc/Applications;s=PositiveTrendData","EndpointUrl":"opc.tcp://localhost:61457/UA/SampleServer","ApplicationUri":"urn:desktop-bgfjs91:OPCFoundation:CoreSampleServer","DisplayName":"nsu=http://opcfoundation.org/UA/Plc/Applications;s=PositiveTrendData","Timestamp":"2024-04-27T14:04:11.0165031Z","Value":{"Value":{"Type":11,"Body":101.7},"SourceTimestamp":"2024-04-27T14:04:10.6742674Z","ServerTimestamp":"2024-04-27T14:04:10.6742682Z"},"SequenceNumber":18,"ExtensionFields":{}}