{"NodeId":"nsu=http://opcfoundation.org/UA/Plc/Applications;s=PositiveTrendData","EndpointUrl":"opc.tcp://localhost:61457/UA/SampleServer","ApplicationUri":"urn:desktop-bgfjs91:OPCFoundation:CoreSampleServer","DisplayName":"nsu=http://opcfoundation.org/UA/Plc/Applications;s=PositiveTrendData","Timestamp":"2024-04-27T14:04:16.0200329Z","Value":{"Value":{"Type":11,"Body":101.8},"SourceTimestamp":"2024-04-27T14:04:15.663476Z","ServerTimestamp":"2024-04-27T14:04:15.6634788Z"},"SequenceNumber":19,"ExtensionFields":{}}