{"NodeId":"nsu=http://opcfoundation.org/UA/Plc/Applications;s=PositiveTrendData","EndpointUrl":"opc.tcp://localhost:61457/UA/SampleServer","ApplicationUri":"urn:desktop-bgfjs91:OPCFoundation:CoreSampleServer","DisplayName":"nsu=http://opcfoundation.org/UA/Plc/Applications;s=PositiveTrendData","Timestamp":"2024-04-27T14:02:51.0578875Z","Value":{"Value":{"Type":11,"Body":100.09999999999999},"SourceTimestamp":"2024-04-27T14:02:50.6719379Z","ServerTimestamp":"2024-04-27T14:02:50.6719734Z"},"SequenceNumber":2,"ExtensionFields":{}}