{"NodeId":"nsu=http://opcfoundation.org/UA/Plc/Applications;s=PositiveTrendData","EndpointUrl":"opc.tcp://localhost:61457/UA/SampleServer","ApplicationUri":"urn:desktop-bgfjs91:OPCFoundation:CoreSampleServer","DisplayName":"nsu=http://opcfoundation.org/UA/Plc/Applications;s=PositiveTrendData","Timestamp":"2024-04-27T14:03:16.0222556Z","Value":{"Value":{"Type":11,"Body":100.59999999999999},"SourceTimestamp":"2024-04-27T14:03:15.667388Z","ServerTimestamp":"2024-04-27T14:03:15.6673913Z"},"SequenceNumber":7,"ExtensionFields":{}}