{"NodeId":"nsu=http://opcfoundation.org/UA/Plc/Applications;s=PositiveTrendData","EndpointUrl":"opc.tcp://localhost:61457/UA/SampleServer","ApplicationUri":"urn:desktop-bgfjs91:OPCFoundation:CoreSampleServer","DisplayName":"nsu=http://opcfoundation.org/UA/Plc/Applications;s=PositiveTrendData","Timestamp":"2024-04-27T14:03:21.017402Z","Value":{"Value":{"Type":11,"Body":100.7},"SourceTimestamp":"2024-04-27T14:03:20.6593162Z","ServerTimestamp":"2024-04-27T14:03:20.6593178Z"},"SequenceNumber":8,"ExtensionFields":{}}