{"DataSetWriterId":1,"SequenceNumber":32,"MetaDataVersion":{"MajorVersion":1},"Timestamp":"2024-04-27T17:05:21.2987819Z","MessageType":"ua-deltaframe","DataSetWriterName":"Test","Payload":{"nsu=http://opcfoundation.org/UA/Plc/Applications;s=FastUIntScalar2":{"Value":{"Type":7,"Body":36},"SourceTimestamp":"2024-04-27T17:05:20.9745859Z","ServerTimestamp":"2024-04-27T17:05:20.9745893Z"},"nsu=http://opcfoundation.org/UA/Plc/Applications;s=FastUIntScalar3":{"Value":{"Type":7,"Body":36},"SourceTimestamp":"2024-04-27T17:05:20.974593Z","ServerTimestamp":"2024-04-27T17:05:20.9745961Z"},"nsu=http://opcfoundation.org/UA/Plc/Applications;s=FastRandomUIntScalar1":{"Value":{"Type":7,"Body":286053946},"SourceTimestamp":"2024-04-27T17:05:20.9745555Z","ServerTimestamp":"2024-04-27T17:05:20.9745587Z"},"nsu=http://opcfoundation.org/UA/Plc/Applications;s=FastRandomUIntScalar2":{"Value":{"Type":7,"Body":2845010493},"SourceTimestamp":"2024-04-27T17:05:20.9745726Z","ServerTimestamp":"2024-04-27T17:05:20.9745861Z"},"nsu=http://opcfoundation.org/UA/Plc/Applications;s=FastRandomUIntScalar3":{"Value":{"Type":7,"Body":3220098086},"SourceTimestamp":"2024-04-27T17:05:20.9745889Z","ServerTimestamp":"2024-04-27T17:05:20.9745933Z"}}}