{"DataSetWriterId":1,"SequenceNumber":33,"MetaDataVersion":{"MajorVersion":1},"Timestamp":"2024-04-27T17:05:22.2923583Z","MessageType":"ua-deltaframe","DataSetWriterName":"Test","Payload":{"nsu=http://opcfoundation.org/UA/Plc/Applications;s=FastUIntScalar2":{"Value":{"Type":7,"Body":37},"SourceTimestamp":"2024-04-27T17:05:21.9818586Z","ServerTimestamp":"2024-04-27T17:05:21.9818608Z"},"nsu=http://opcfoundation.org/UA/Plc/Applications;s=FastUIntScalar3":{"Value":{"Type":7,"Body":37},"SourceTimestamp":"2024-04-27T17:05:21.9818668Z","ServerTimestamp":"2024-04-27T17:05:21.9818974Z"},"nsu=http://opcfoundation.org/UA/Plc/Applications;s=FastRandomUIntScalar1":{"Value":{"Type":7,"Body":3210998598},"SourceTimestamp":"2024-04-27T17:05:21.9818331Z","ServerTimestamp":"2024-04-27T17:05:21.9818353Z"},"nsu=http://opcfoundation.org/UA/Plc/Applications;s=FastRandomUIntScalar2":{"Value":{"Type":7,"Body":792378032},"SourceTimestamp":"2024-04-27T17:05:21.9818446Z","ServerTimestamp":"2024-04-27T17:05:21.9818452Z"},"nsu=http://opcfoundation.org/UA/Plc/Applications;s=FastRandomUIntScalar3":{"Value":{"Type":7,"Body":907673681},"SourceTimestamp":"2024-04-27T17:05:21.981846Z","ServerTimestamp":"2024-04-27T17:05:21.9818465Z"}}}