{"SequenceNumber":35,"MetaDataVersion":{"MajorVersion":1},"Timestamp":"2024-04-27T17:05:23.2236149Z","MessageType":"ua-deltaframe","DataSetWriterName":"MES","Payload":{"nsu=http://opcfoundation.org/UA/Plc/Applications;s=StepUp":{"Value":{"Type":7,"Body":382},"SourceTimestamp":"2024-04-27T17:05:23.1762243Z","ServerTimestamp":"2024-04-27T17:05:23.1762278Z"},"nsu=http://opcfoundation.org/UA/Plc/Applications;s=RandomSignedInt32":{"Value":{"Type":6,"Body":1278863451},"SourceTimestamp":"2024-04-27T17:05:23.1762426Z","ServerTimestamp":"2024-04-27T17:05:23.1762731Z"},"nsu=http://opcfoundation.org/UA/Plc/Applications;s=RandomUnsignedInt32":{"Value":{"Type":7,"Body":1246305342},"SourceTimestamp":"2024-04-27T17:05:23.1762456Z","ServerTimestamp":"2024-04-27T17:05:23.1762504Z"},"nsu=http://opcfoundation.org/UA/Plc/Applications;s=DipData":{"Value":{"Type":11,"Body":68.45471059286885},"SourceTimestamp":"2024-04-27T17:05:23.1762631Z","ServerTimestamp":"2024-04-27T17:05:23.1762645Z"},"nsu=http://opcfoundation.org/UA/Plc/Applications;s=FastUIntScalar1":{"Value":{"Type":7,"Body":38},"SourceTimestamp":"2024-04-27T17:05:22.9734029Z","ServerTimestamp":"2024-04-27T17:05:22.9734058Z"}}}