{"DataSetWriterId":1,"SequenceNumber":34,"MetaDataVersion":{"MajorVersion":1},"Timestamp":"2024-04-27T17:05:23.285519Z","MessageType":"ua-deltaframe","DataSetWriterName":"Test","Payload":{"nsu=http://opcfoundation.org/UA/Plc/Applications;s=FastUIntScalar2":{"Value":{"Type":7,"Body":38},"SourceTimestamp":"2024-04-27T17:05:22.9734147Z","ServerTimestamp":"2024-04-27T17:05:22.9734222Z"},"nsu=http://opcfoundation.org/UA/Plc/Applications;s=FastUIntScalar3":{"Value":{"Type":7,"Body":38},"SourceTimestamp":"2024-04-27T17:05:22.9734232Z","ServerTimestamp":"2024-04-27T17:05:22.973425Z"},"nsu=http://opcfoundation.org/UA/Plc/Applications;s=FastRandomUIntScalar1":{"Value":{"Type":7,"Body":2797878251},"SourceTimestamp":"2024-04-27T17:05:22.9734088Z","ServerTimestamp":"2024-04-27T17:05:22.9734153Z"},"nsu=http://opcfoundation.org/UA/Plc/Applications;s=FastRandomUIntScalar2":{"Value":{"Type":7,"Body":2319646922},"SourceTimestamp":"2024-04-27T17:05:22.9734225Z","ServerTimestamp":"2024-04-27T17:05:22.9734233Z"},"nsu=http://opcfoundation.org/UA/Plc/Applications;s=FastRandomUIntScalar3":{"Value":{"Type":7,"Body":3434734785},"SourceTimestamp":"2024-04-27T17:05:22.9734249Z","ServerTimestamp":"2024-04-27T17:05:22.9734268Z"}}}