{"DataSetWriterId":2,"SequenceNumber":4,"MetaDataVersion":{"MajorVersion":1},"Timestamp":"2024-04-27T17:05:25.3309606Z","MessageType":"ua-deltaframe","DataSetWriterName":"Assembly","Payload":{"nsu=http://opcfoundation.org/UA/Plc/Applications;s=NegativeTrendData":{"Value":{"Type":11,"Body":99.700000000000003},"SourceTimestamp":"2024-04-27T17:05:25.0839111Z","ServerTimestamp":"2024-04-27T17:05:25.0839129Z"},"nsu=http://opcfoundation.org/UA/Plc/Applications;s=PositiveTrendData":{"Value":{"Type":11,"Body":100.3},"SourceTimestamp":"2024-04-27T17:05:25.0838976Z","ServerTimestamp":"2024-04-27T17:05:25.0839032Z"}}}