{"DataSetWriterId":1,"SequenceNumber":37,"MetaDataVersion":{"MajorVersion":1},"Timestamp":"2024-04-27T17:05:27.3133886Z","MessageType":"ua-deltaframe","DataSetWriterName":"Test","Payload":{"nsu=http://opcfoundation.org/UA/Plc/Applications;s=FastUIntScalar2":{"Value":{"Type":7,"Body":42},"SourceTimestamp":"2024-04-27T17:05:26.9727991Z","ServerTimestamp":"2024-04-27T17:05:26.9728001Z"},"nsu=http://opcfoundation.org/UA/Plc/Applications;s=FastUIntScalar3":{"Value":{"Type":7,"Body":42},"SourceTimestamp":"2024-04-27T17:05:26.9728019Z","ServerTimestamp":"2024-04-27T17:05:26.9728029Z"},"nsu=http://opcfoundation.org/UA/Plc/Applications;s=FastRandomUIntScalar1":{"Value":{"Type":7,"Body":1016769455},"SourceTimestamp":"2024-04-27T17:05:26.9727818Z","ServerTimestamp":"2024-04-27T17:05:26.9727832Z"},"nsu=http://opcfoundation.org/UA/Plc/Applications;s=FastRandomUIntScalar2":{"Value":{"Type":7,"Body":967282432},"SourceTimestamp":"2024-04-27T17:05:26.9727855Z","ServerTimestamp":"2024-04-27T17:05:26.9727865Z"},"nsu=http://opcfoundation.org/UA/Plc/Applications;s=FastRandomUIntScalar3":{"Value":{"Type":7,"Body":4092728006},"SourceTimestamp":"2024-04-27T17:05:26.9727877Z","ServerTimestamp":"2024-04-27T17:05:26.9727884Z"}}}