{"SequenceNumber":47,"MetaDataVersion":{"MajorVersion":1},"Timestamp":"2024-04-27T17:05:36.2403272Z","MessageType":"ua-deltaframe","DataSetWriterName":"MES","Payload":{"nsu=http://opcfoundation.org/UA/Plc/Applications;s=StepUp":{"Value":{"Type":7,"Body":512},"SourceTimestamp":"2024-04-27T17:05:36.1770987Z","ServerTimestamp":"2024-04-27T17:05:36.1771005Z"},"nsu=http://opcfoundation.org/UA/Plc/Applications;s=RandomSignedInt32":{"Value":{"Type":6,"Body":490921937},"SourceTimestamp":"2024-04-27T17:05:36.1770989Z","ServerTimestamp":"2024-04-27T17:05:36.1771032Z"},"nsu=http://opcfoundation.org/UA/Plc/Applications;s=RandomUnsignedInt32":{"Value":{"Type":7,"Body":443313718},"SourceTimestamp":"2024-04-27T17:05:36.1770913Z","ServerTimestamp":"2024-04-27T17:05:36.1770926Z"},"nsu=http://opcfoundation.org/UA/Plc/Applications;s=DipData":{"Value":{"Type":11,"Body":-98.228725072868855},"SourceTimestamp":"2024-04-27T17:05:36.1770846Z","ServerTimestamp":"2024-04-27T17:05:36.1770858Z"},"nsu=http://opcfoundation.org/UA/Plc/Applications;s=FastUIntScalar1":{"Value":{"Type":7,"Body":51},"SourceTimestamp":"2024-04-27T17:05:35.9762258Z","ServerTimestamp":"2024-04-27T17:05:35.9762297Z"}}}