{"DataSetWriterId":1,"SequenceNumber":47,"MetaDataVersion":{"MajorVersion":1},"Timestamp":"2024-04-27T17:05:38.2873239Z","MessageType":"ua-deltaframe","DataSetWriterName":"Test","Payload":{"nsu=http://opcfoundation.org/UA/Plc/Applications;s=FastUIntScalar2":{"Value":{"Type":7,"Body":53},"SourceTimestamp":"2024-04-27T17:05:37.9782449Z","ServerTimestamp":"2024-04-27T17:05:37.9782507Z"},"nsu=http://opcfoundation.org/UA/Plc/Applications;s=FastUIntScalar3":{"Value":{"Type":7,"Body":53},"SourceTimestamp":"2024-04-27T17:05:37.9782525Z","ServerTimestamp":"2024-04-27T17:05:37.9782536Z"},"nsu=http://opcfoundation.org/UA/Plc/Applications;s=FastRandomUIntScalar1":{"Value":{"Type":7,"Body":924426808},"SourceTimestamp":"2024-04-27T17:05:37.9782392Z","ServerTimestamp":"2024-04-27T17:05:37.9782448Z"},"nsu=http://opcfoundation.org/UA/Plc/Applications;s=FastRandomUIntScalar2":{"Value":{"Type":7,"Body":2389958949},"SourceTimestamp":"2024-04-27T17:05:37.9782514Z","ServerTimestamp":"2024-04-27T17:05:37.9782527Z"},"nsu=http://opcfoundation.org/UA/Plc/Applications;s=FastRandomUIntScalar3":{"Value":{"Type":7,"Body":1464959795},"SourceTimestamp":"2024-04-27T17:05:37.9782537Z","ServerTimestamp":"2024-04-27T17:05:37.9782551Z"}}}