{"SequenceNumber":50,"MetaDataVersion":{"MajorVersion":1},"Timestamp":"2024-04-27T17:05:39.2133292Z","MessageType":"ua-deltaframe","DataSetWriterName":"MES","Payload":{"nsu=http://opcfoundation.org/UA/Plc/Applications;s=StepUp":{"Value":{"Type":7,"Body":542},"SourceTimestamp":"2024-04-27T17:05:39.1825837Z","ServerTimestamp":"2024-04-27T17:05:39.1825885Z"},"nsu=http://opcfoundation.org/UA/Plc/Applications;s=RandomSignedInt32":{"Value":{"Type":6,"Body":377336688},"SourceTimestamp":"2024-04-27T17:05:39.1826088Z","ServerTimestamp":"2024-04-27T17:05:39.1826229Z"},"nsu=http://opcfoundation.org/UA/Plc/Applications;s=RandomUnsignedInt32":{"Value":{"Type":7,"Body":449700385},"SourceTimestamp":"2024-04-27T17:05:39.182629Z","ServerTimestamp":"2024-04-27T17:05:39.1826314Z"},"nsu=http://opcfoundation.org/UA/Plc/Applications;s=DipData":{"Value":{"Type":11,"Body":90.482705246601952},"SourceTimestamp":"2024-04-27T17:05:39.1826359Z","ServerTimestamp":"2024-04-27T17:05:39.1826426Z"},"nsu=http://opcfoundation.org/UA/Plc/Applications;s=FastUIntScalar1":{"Value":{"Type":7,"Body":54},"SourceTimestamp":"2024-04-27T17:05:38.9833416Z","ServerTimestamp":"2024-04-27T17:05:38.9833434Z"}}}