{"DataSetWriterId":1,"SequenceNumber":48,"MetaDataVersion":{"MajorVersion":1},"Timestamp":"2024-04-27T17:05:39.2755606Z","MessageType":"ua-deltaframe","DataSetWriterName":"Test","Payload":{"nsu=http://opcfoundation.org/UA/Plc/Applications;s=FastUIntScalar2":{"Value":{"Type":7,"Body":54},"SourceTimestamp":"2024-04-27T17:05:38.9833521Z","ServerTimestamp":"2024-04-27T17:05:38.9833591Z"},"nsu=http://opcfoundation.org/UA/Plc/Applications;s=FastUIntScalar3":{"Value":{"Type":7,"Body":54},"SourceTimestamp":"2024-04-27T17:05:38.9833609Z","ServerTimestamp":"2024-04-27T17:05:38.9833626Z"},"nsu=http://opcfoundation.org/UA/Plc/Applications;s=FastRandomUIntScalar1":{"Value":{"Type":7,"Body":786197308},"SourceTimestamp":"2024-04-27T17:05:38.9833438Z","ServerTimestamp":"2024-04-27T17:05:38.9833526Z"},"nsu=http://opcfoundation.org/UA/Plc/Applications;s=FastRandomUIntScalar2":{"Value":{"Type":7,"Body":4197765561},"SourceTimestamp":"2024-04-27T17:05:38.9833591Z","ServerTimestamp":"2024-04-27T17:05:38.9833608Z"},"nsu=http://opcfoundation.org/UA/Plc/Applications;s=FastRandomUIntScalar3":{"Value":{"Type":7,"Body":1008004737},"SourceTimestamp":"2024-04-27T17:05:38.9833624Z","ServerTimestamp":"2024-04-27T17:05:38.9833641Z"}}}