{"DataSetWriterId":2,"SequenceNumber":7,"MetaDataVersion":{"MajorVersion":1},"Timestamp":"2024-04-27T17:05:40.3206435Z","MessageType":"ua-deltaframe","DataSetWriterName":"Assembly","Payload":{"nsu=http://opcfoundation.org/UA/Plc/Applications;s=NegativeTrendData":{"Value":{"Type":11,"Body":99.400000000000006},"SourceTimestamp":"2024-04-27T17:05:40.0750324Z","ServerTimestamp":"2024-04-27T17:05:40.0750331Z"},"nsu=http://opcfoundation.org/UA/Plc/Applications;s=PositiveTrendData":{"Value":{"Type":11,"Body":100.59999999999999},"SourceTimestamp":"2024-04-27T17:05:40.0750351Z","ServerTimestamp":"2024-04-27T17:05:40.0750592Z"}}}