{"DataSetWriterId":1,"SequenceNumber":50,"MetaDataVersion":{"MajorVersion":1},"Timestamp":"2024-04-27T17:05:41.3102587Z","MessageType":"ua-deltaframe","DataSetWriterName":"Test","Payload":{"nsu=http://opcfoundation.org/UA/Plc/Applications;s=FastUIntScalar2":{"Value":{"Type":7,"Body":56},"SourceTimestamp":"2024-04-27T17:05:40.9834389Z","ServerTimestamp":"2024-04-27T17:05:40.9834458Z"},"nsu=http://opcfoundation.org/UA/Plc/Applications;s=FastUIntScalar3":{"Value":{"Type":7,"Body":56},"SourceTimestamp":"2024-04-27T17:05:40.9834472Z","ServerTimestamp":"2024-04-27T17:05:40.9834486Z"},"nsu=http://opcfoundation.org/UA/Plc/Applications;s=FastRandomUIntScalar1":{"Value":{"Type":7,"Body":2774125634},"SourceTimestamp":"2024-04-27T17:05:40.9834317Z","ServerTimestamp":"2024-04-27T17:05:40.9834396Z"},"nsu=http://opcfoundation.org/UA/Plc/Applications;s=FastRandomUIntScalar2":{"Value":{"Type":7,"Body":2244271370},"SourceTimestamp":"2024-04-27T17:05:40.983446Z","ServerTimestamp":"2024-04-27T17:05:40.9834472Z"},"nsu=http://opcfoundation.org/UA/Plc/Applications;s=FastRandomUIntScalar3":{"Value":{"Type":7,"Body":3950872891},"SourceTimestamp":"2024-04-27T17:05:40.9834486Z","ServerTimestamp":"2024-04-27T17:05:40.983451Z"}}}