{"DataSetWriterId":1,"SequenceNumber":54,"MetaDataVersion":{"MajorVersion":1},"Timestamp":"2024-04-27T17:05:45.3311392Z","MessageType":"ua-deltaframe","DataSetWriterName":"Test","Payload":{"nsu=http://opcfoundation.org/UA/Plc/Applications;s=FastUIntScalar2":{"Value":{"Type":7,"Body":60},"SourceTimestamp":"2024-04-27T17:05:44.975137Z","ServerTimestamp":"2024-04-27T17:05:44.9751383Z"},"nsu=http://opcfoundation.org/UA/Plc/Applications;s=FastUIntScalar3":{"Value":{"Type":7,"Body":60},"SourceTimestamp":"2024-04-27T17:05:44.9751408Z","ServerTimestamp":"2024-04-27T17:05:44.9751418Z"},"nsu=http://opcfoundation.org/UA/Plc/Applications;s=FastRandomUIntScalar1":{"Value":{"Type":7,"Body":320632852},"SourceTimestamp":"2024-04-27T17:05:44.975151Z","ServerTimestamp":"2024-04-27T17:05:44.9751543Z"},"nsu=http://opcfoundation.org/UA/Plc/Applications;s=FastRandomUIntScalar2":{"Value":{"Type":7,"Body":137090790},"SourceTimestamp":"2024-04-27T17:05:44.9751642Z","ServerTimestamp":"2024-04-27T17:05:44.9751654Z"},"nsu=http://opcfoundation.org/UA/Plc/Applications;s=FastRandomUIntScalar3":{"Value":{"Type":7,"Body":880921964},"SourceTimestamp":"2024-04-27T17:05:44.9751678Z","ServerTimestamp":"2024-04-27T17:05:44.9751715Z"}}}