{"DataSetWriterId":1,"SequenceNumber":56,"MetaDataVersion":{"MajorVersion":1},"Timestamp":"2024-04-27T17:05:47.3142335Z","MessageType":"ua-deltaframe","DataSetWriterName":"Test","Payload":{"nsu=http://opcfoundation.org/UA/Plc/Applications;s=FastUIntScalar2":{"Value":{"Type":7,"Body":62},"SourceTimestamp":"2024-04-27T17:05:46.9716499Z","ServerTimestamp":"2024-04-27T17:05:46.9716511Z"},"nsu=http://opcfoundation.org/UA/Plc/Applications;s=FastUIntScalar3":{"Value":{"Type":7,"Body":62},"SourceTimestamp":"2024-04-27T17:05:46.9716537Z","ServerTimestamp":"2024-04-27T17:05:46.9716548Z"},"nsu=http://opcfoundation.org/UA/Plc/Applications;s=FastRandomUIntScalar1":{"Value":{"Type":7,"Body":1386922795},"SourceTimestamp":"2024-04-27T17:05:46.971653Z","ServerTimestamp":"2024-04-27T17:05:46.9716591Z"},"nsu=http://opcfoundation.org/UA/Plc/Applications;s=FastRandomUIntScalar2":{"Value":{"Type":7,"Body":4123998706},"SourceTimestamp":"2024-04-27T17:05:46.9716728Z","ServerTimestamp":"2024-04-27T17:05:46.9716794Z"},"nsu=http://opcfoundation.org/UA/Plc/Applications;s=FastRandomUIntScalar3":{"Value":{"Type":7,"Body":256538001},"SourceTimestamp":"2024-04-27T17:05:46.9716829Z","ServerTimestamp":"2024-04-27T17:05:46.9716872Z"}}}