{"SequenceNumber":59,"MetaDataVersion":{"MajorVersion":1},"Timestamp":"2024-04-27T17:05:48.1823905Z","MessageType":"ua-deltaframe","DataSetWriterName":"MES","Payload":{"nsu=http://opcfoundation.org/UA/Plc/Applications;s=StepUp":{"Value":{"Type":7,"Body":631},"SourceTimestamp":"2024-04-27T17:05:48.0727132Z","ServerTimestamp":"2024-04-27T17:05:48.0727319Z"},"nsu=http://opcfoundation.org/UA/Plc/Applications;s=RandomSignedInt32":{"Value":{"Type":6,"Body":708858728},"SourceTimestamp":"2024-04-27T17:05:48.0727474Z","ServerTimestamp":"2024-04-27T17:05:48.072751Z"},"nsu=http://opcfoundation.org/UA/Plc/Applications;s=RandomUnsignedInt32":{"Value":{"Type":7,"Body":1541085893},"SourceTimestamp":"2024-04-27T17:05:48.0727421Z","ServerTimestamp":"2024-04-27T17:05:48.0727434Z"},"nsu=http://opcfoundation.org/UA/Plc/Applications;s=DipData":{"Value":{"Type":11,"Body":58.778525229247322},"SourceTimestamp":"2024-04-27T17:05:48.0727601Z","ServerTimestamp":"2024-04-27T17:05:48.0727645Z"},"nsu=http://opcfoundation.org/UA/Plc/Applications;s=FastUIntScalar1":{"Value":{"Type":7,"Body":63},"SourceTimestamp":"2024-04-27T17:05:47.9781358Z","ServerTimestamp":"2024-04-27T17:05:47.9781385Z"}}}