{"DataSetWriterId":1,"SequenceNumber":6,"MetaDataVersion":{"MajorVersion":1},"Timestamp":"2024-04-27T17:04:53.3155152Z","MessageType":"ua-deltaframe","DataSetWriterName":"Test","Payload":{"nsu=http://opcfoundation.org/UA/Plc/Applications;s=FastUIntScalar2":{"Value":{"Type":7,"Body":8},"SourceTimestamp":"2024-04-27T17:04:52.977616Z","ServerTimestamp":"2024-04-27T17:04:52.9776173Z"},"nsu=http://opcfoundation.org/UA/Plc/Applications;s=FastUIntScalar3":{"Value":{"Type":7,"Body":8},"SourceTimestamp":"2024-04-27T17:04:52.9776192Z","ServerTimestamp":"2024-04-27T17:04:52.9776207Z"},"nsu=http://opcfoundation.org/UA/Plc/Applications;s=FastRandomUIntScalar1":{"Value":{"Type":7,"Body":2180220151},"SourceTimestamp":"2024-04-27T17:04:52.9775966Z","ServerTimestamp":"2024-04-27T17:04:52.9775994Z"},"nsu=http://opcfoundation.org/UA/Plc/Applications;s=FastRandomUIntScalar2":{"Value":{"Type":7,"Body":859338259},"SourceTimestamp":"2024-04-27T17:04:52.9776087Z","ServerTimestamp":"2024-04-27T17:04:52.9776159Z"},"nsu=http://opcfoundation.org/UA/Plc/Applications;s=FastRandomUIntScalar3":{"Value":{"Type":7,"Body":781746144},"SourceTimestamp":"2024-04-27T17:04:52.9776172Z","ServerTimestamp":"2024-04-27T17:04:52.9776191Z"}}}