{"DataSetWriterId":1,"SequenceNumber":58,"MetaDataVersion":{"MajorVersion":1},"Timestamp":"2024-04-27T17:05:49.2928559Z","MessageType":"ua-deltaframe","DataSetWriterName":"Test","Payload":{"nsu=http://opcfoundation.org/UA/Plc/Applications;s=FastUIntScalar2":{"Value":{"Type":7,"Body":64},"SourceTimestamp":"2024-04-27T17:05:48.983418Z","ServerTimestamp":"2024-04-27T17:05:48.9834267Z"},"nsu=http://opcfoundation.org/UA/Plc/Applications;s=FastUIntScalar3":{"Value":{"Type":7,"Body":64},"SourceTimestamp":"2024-04-27T17:05:48.9834283Z","ServerTimestamp":"2024-04-27T17:05:48.9834288Z"},"nsu=http://opcfoundation.org/UA/Plc/Applications;s=FastRandomUIntScalar1":{"Value":{"Type":7,"Body":471396356},"SourceTimestamp":"2024-04-27T17:05:48.9834109Z","ServerTimestamp":"2024-04-27T17:05:48.9834182Z"},"nsu=http://opcfoundation.org/UA/Plc/Applications;s=FastRandomUIntScalar2":{"Value":{"Type":7,"Body":794008639},"SourceTimestamp":"2024-04-27T17:05:48.9834234Z","ServerTimestamp":"2024-04-27T17:05:48.9834243Z"},"nsu=http://opcfoundation.org/UA/Plc/Applications;s=FastRandomUIntScalar3":{"Value":{"Type":7,"Body":1942699480},"SourceTimestamp":"2024-04-27T17:05:48.9834251Z","ServerTimestamp":"2024-04-27T17:05:48.9834257Z"}}}