{"SequenceNumber":62,"MetaDataVersion":{"MajorVersion":1},"Timestamp":"2024-04-27T17:05:52.1990808Z","MessageType":"ua-deltaframe","DataSetWriterName":"MES","Payload":{"nsu=http://opcfoundation.org/UA/Plc/Applications;s=StepUp":{"Value":{"Type":7,"Body":672},"SourceTimestamp":"2024-04-27T17:05:52.1833483Z","ServerTimestamp":"2024-04-27T17:05:52.1833514Z"},"nsu=http://opcfoundation.org/UA/Plc/Applications;s=RandomSignedInt32":{"Value":{"Type":6,"Body":-1849238115},"SourceTimestamp":"2024-04-27T17:05:52.1833866Z","ServerTimestamp":"2024-04-27T17:05:52.1833879Z"},"nsu=http://opcfoundation.org/UA/Plc/Applications;s=RandomUnsignedInt32":{"Value":{"Type":7,"Body":1155900608},"SourceTimestamp":"2024-04-27T17:05:52.1833799Z","ServerTimestamp":"2024-04-27T17:05:52.1833834Z"},"nsu=http://opcfoundation.org/UA/Plc/Applications;s=DipData":{"Value":{"Type":11,"Body":-48.175367410171539},"SourceTimestamp":"2024-04-27T17:05:52.1833913Z","ServerTimestamp":"2024-04-27T17:05:52.1833957Z"},"nsu=http://opcfoundation.org/UA/Plc/Applications;s=FastUIntScalar1":{"Value":{"Type":7,"Body":67},"SourceTimestamp":"2024-04-27T17:05:51.9808277Z","ServerTimestamp":"2024-04-27T17:05:51.9808341Z"}}}