{"SequenceNumber":64,"MetaDataVersion":{"MajorVersion":1},"Timestamp":"2024-04-27T17:05:54.239877Z","MessageType":"ua-deltaframe","DataSetWriterName":"MES","Payload":{"nsu=http://opcfoundation.org/UA/Plc/Applications;s=StepUp":{"Value":{"Type":7,"Body":692},"SourceTimestamp":"2024-04-27T17:05:54.177837Z","ServerTimestamp":"2024-04-27T17:05:54.177841Z"},"nsu=http://opcfoundation.org/UA/Plc/Applications;s=RandomSignedInt32":{"Value":{"Type":6,"Body":-548700830},"SourceTimestamp":"2024-04-27T17:05:54.1778781Z","ServerTimestamp":"2024-04-27T17:05:54.1778791Z"},"nsu=http://opcfoundation.org/UA/Plc/Applications;s=RandomUnsignedInt32":{"Value":{"Type":7,"Body":401521860},"SourceTimestamp":"2024-04-27T17:05:54.1778791Z","ServerTimestamp":"2024-04-27T17:05:54.1778827Z"},"nsu=http://opcfoundation.org/UA/Plc/Applications;s=DipData":{"Value":{"Type":11,"Body":90.482705246601952},"SourceTimestamp":"2024-04-27T17:05:54.1778942Z","ServerTimestamp":"2024-04-27T17:05:54.1778953Z"},"nsu=http://opcfoundation.org/UA/Plc/Applications;s=FastUIntScalar1":{"Value":{"Type":7,"Body":69},"SourceTimestamp":"2024-04-27T17:05:53.97817Z","ServerTimestamp":"2024-04-27T17:05:53.9781725Z"}}}