{"SequenceNumber":8,"MetaDataVersion":{"MajorVersion":1},"Timestamp":"2024-04-27T17:04:54.1841074Z","MessageType":"ua-deltaframe","DataSetWriterName":"MES","Payload":{"nsu=http://opcfoundation.org/UA/Plc/Applications;s=StepUp":{"Value":{"Type":7,"Body":91},"SourceTimestamp":"2024-04-27T17:04:54.0742666Z","ServerTimestamp":"2024-04-27T17:04:54.0742703Z"},"nsu=http://opcfoundation.org/UA/Plc/Applications;s=RandomSignedInt32":{"Value":{"Type":6,"Body":99026006},"SourceTimestamp":"2024-04-27T17:04:54.0742939Z","ServerTimestamp":"2024-04-27T17:04:54.074297Z"},"nsu=http://opcfoundation.org/UA/Plc/Applications;s=RandomUnsignedInt32":{"Value":{"Type":7,"Body":2132697549},"SourceTimestamp":"2024-04-27T17:04:54.0742964Z","ServerTimestamp":"2024-04-27T17:04:54.0743026Z"},"nsu=http://opcfoundation.org/UA/Plc/Applications;s=DipData":{"Value":{"Type":11,"Body":95.10565162951535},"SourceTimestamp":"2024-04-27T17:04:54.0743122Z","ServerTimestamp":"2024-04-27T17:04:54.0743146Z"},"nsu=http://opcfoundation.org/UA/Plc/Applications;s=FastUIntScalar1":{"Value":{"Type":7,"Body":9},"SourceTimestamp":"2024-04-27T17:04:53.9812937Z","ServerTimestamp":"2024-04-27T17:04:53.9812962Z"}}}