{"DataSetWriterId":4,"SequenceNumber":7,"MetaDataVersion":{"MajorVersion":1},"Timestamp":"2024-04-27T17:05:56.4073508Z","MessageType":"ua-deltaframe","DataSetWriterName":"Packaging","Payload":{"nsu=http://opcfoundation.org/UA/Plc/Applications;s=SlowRandomUIntScalar1":{"Value":{"Type":7,"Body":118297013},"SourceTimestamp":"2024-04-27T17:05:54.979501Z","ServerTimestamp":"2024-04-27T17:05:54.9795035Z"},"nsu=http://opcfoundation.org/UA/Plc/Applications;s=SlowRandomUIntScalar2":{"Value":{"Type":7,"Body":3622704433},"SourceTimestamp":"2024-04-27T17:05:54.9795114Z","ServerTimestamp":"2024-04-27T17:05:54.9795184Z"},"nsu=http://opcfoundation.org/UA/Plc/Applications;s=SlowRandomUIntScalar3":{"Value":{"Type":7,"Body":72067146},"SourceTimestamp":"2024-04-27T17:05:54.9795196Z","ServerTimestamp":"2024-04-27T17:05:54.9795501Z"},"nsu=http://opcfoundation.org/UA/Plc/Applications;s=BadSlowRandomUIntScalar1":{"Value":{"Type":7,"Body":3679289393},"SourceTimestamp":"2024-04-27T17:05:54.9795532Z","ServerTimestamp":"2024-04-27T17:05:54.9795541Z"}}}