{"SequenceNumber":67,"MetaDataVersion":{"MajorVersion":1},"Timestamp":"2024-04-27T17:05:58.1825501Z","MessageType":"ua-deltaframe","DataSetWriterName":"MES","Payload":{"nsu=http://opcfoundation.org/UA/Plc/Applications;s=StepUp":{"Value":{"Type":7,"Body":731},"SourceTimestamp":"2024-04-27T17:05:58.0728526Z","ServerTimestamp":"2024-04-27T17:05:58.0728574Z"},"nsu=http://opcfoundation.org/UA/Plc/Applications;s=RandomSignedInt32":{"Value":{"Type":6,"Body":-430161706},"SourceTimestamp":"2024-04-27T17:05:58.0728845Z","ServerTimestamp":"2024-04-27T17:05:58.0728878Z"},"nsu=http://opcfoundation.org/UA/Plc/Applications;s=RandomUnsignedInt32":{"Value":{"Type":7,"Body":628077200},"SourceTimestamp":"2024-04-27T17:05:58.0728914Z","ServerTimestamp":"2024-04-27T17:05:58.072901Z"},"nsu=http://opcfoundation.org/UA/Plc/Applications;s=DipData":{"Value":{"Type":11,"Body":58.778525229247322},"SourceTimestamp":"2024-04-27T17:05:58.0729346Z","ServerTimestamp":"2024-04-27T17:05:58.0729477Z"},"nsu=http://opcfoundation.org/UA/Plc/Applications;s=FastUIntScalar1":{"Value":{"Type":7,"Body":73},"SourceTimestamp":"2024-04-27T17:05:57.9803881Z","ServerTimestamp":"2024-04-27T17:05:57.9803914Z"}}}