{"DataSetWriterId":1,"SequenceNumber":65,"MetaDataVersion":{"MajorVersion":1},"Timestamp":"2024-04-27T17:05:58.3061983Z","MessageType":"ua-deltaframe","DataSetWriterName":"Test","Payload":{"nsu=http://opcfoundation.org/UA/Plc/Applications;s=FastUIntScalar2":{"Value":{"Type":7,"Body":73},"SourceTimestamp":"2024-04-27T17:05:57.9804036Z","ServerTimestamp":"2024-04-27T17:05:57.980416Z"},"nsu=http://opcfoundation.org/UA/Plc/Applications;s=FastUIntScalar3":{"Value":{"Type":7,"Body":73},"SourceTimestamp":"2024-04-27T17:05:57.9804183Z","ServerTimestamp":"2024-04-27T17:05:57.9804198Z"},"nsu=http://opcfoundation.org/UA/Plc/Applications;s=FastRandomUIntScalar1":{"Value":{"Type":7,"Body":344618405},"SourceTimestamp":"2024-04-27T17:05:57.9804019Z","ServerTimestamp":"2024-04-27T17:05:57.9804047Z"},"nsu=http://opcfoundation.org/UA/Plc/Applications;s=FastRandomUIntScalar2":{"Value":{"Type":7,"Body":1130104660},"SourceTimestamp":"2024-04-27T17:05:57.9804154Z","ServerTimestamp":"2024-04-27T17:05:57.9804184Z"},"nsu=http://opcfoundation.org/UA/Plc/Applications;s=FastRandomUIntScalar3":{"Value":{"Type":7,"Body":835671399},"SourceTimestamp":"2024-04-27T17:05:57.9804197Z","ServerTimestamp":"2024-04-27T17:05:57.9804212Z"}}}