{"SequenceNumber":68,"MetaDataVersion":{"MajorVersion":1},"Timestamp":"2024-04-27T17:05:59.2414901Z","MessageType":"ua-deltaframe","DataSetWriterName":"MES","Payload":{"nsu=http://opcfoundation.org/UA/Plc/Applications;s=StepUp":{"Value":{"Type":7,"Body":742},"SourceTimestamp":"2024-04-27T17:05:59.177335Z","ServerTimestamp":"2024-04-27T17:05:59.1773373Z"},"nsu=http://opcfoundation.org/UA/Plc/Applications;s=RandomSignedInt32":{"Value":{"Type":6,"Body":-1570241320},"SourceTimestamp":"2024-04-27T17:05:59.1773498Z","ServerTimestamp":"2024-04-27T17:05:59.1773544Z"},"nsu=http://opcfoundation.org/UA/Plc/Applications;s=RandomUnsignedInt32":{"Value":{"Type":7,"Body":507346031},"SourceTimestamp":"2024-04-27T17:05:59.1773606Z","ServerTimestamp":"2024-04-27T17:05:59.1773617Z"},"nsu=http://opcfoundation.org/UA/Plc/Applications;s=DipData":{"Value":{"Type":11,"Body":90.482705246601952},"SourceTimestamp":"2024-04-27T17:05:59.1773615Z","ServerTimestamp":"2024-04-27T17:05:59.1773671Z"},"nsu=http://opcfoundation.org/UA/Plc/Applications;s=FastUIntScalar1":{"Value":{"Type":7,"Body":74},"SourceTimestamp":"2024-04-27T17:05:58.9727887Z","ServerTimestamp":"2024-04-27T17:05:58.9727909Z"}}}