{"DataSetWriterId":2,"SequenceNumber":11,"MetaDataVersion":{"MajorVersion":1},"Timestamp":"2024-04-27T17:06:00.3609079Z","MessageType":"ua-deltaframe","DataSetWriterName":"Assembly","Payload":{"nsu=http://opcfoundation.org/UA/Plc/Applications;s=NegativeTrendData":{"Value":{"Type":11,"Body":99},"SourceTimestamp":"2024-04-27T17:06:00.0807021Z","ServerTimestamp":"2024-04-27T17:06:00.0807029Z"},"nsu=http://opcfoundation.org/UA/Plc/Applications;s=PositiveTrendData":{"Value":{"Type":11,"Body":101},"SourceTimestamp":"2024-04-27T17:06:00.0807063Z","ServerTimestamp":"2024-04-27T17:06:00.0807072Z"}}}