{"DataSetWriterId":1,"SequenceNumber":68,"MetaDataVersion":{"MajorVersion":1},"Timestamp":"2024-04-27T17:06:01.2931484Z","MessageType":"ua-deltaframe","DataSetWriterName":"Test","Payload":{"nsu=http://opcfoundation.org/UA/Plc/Applications;s=FastUIntScalar2":{"Value":{"Type":7,"Body":76},"SourceTimestamp":"2024-04-27T17:06:00.9803582Z","ServerTimestamp":"2024-04-27T17:06:00.9803775Z"},"nsu=http://opcfoundation.org/UA/Plc/Applications;s=FastUIntScalar3":{"Value":{"Type":7,"Body":76},"SourceTimestamp":"2024-04-27T17:06:00.9803787Z","ServerTimestamp":"2024-04-27T17:06:00.98038Z"},"nsu=http://opcfoundation.org/UA/Plc/Applications;s=FastRandomUIntScalar1":{"Value":{"Type":7,"Body":2943711816},"SourceTimestamp":"2024-04-27T17:06:00.9803439Z","ServerTimestamp":"2024-04-27T17:06:00.9803591Z"},"nsu=http://opcfoundation.org/UA/Plc/Applications;s=FastRandomUIntScalar2":{"Value":{"Type":7,"Body":10817472},"SourceTimestamp":"2024-04-27T17:06:00.9803776Z","ServerTimestamp":"2024-04-27T17:06:00.980379Z"},"nsu=http://opcfoundation.org/UA/Plc/Applications;s=FastRandomUIntScalar3":{"Value":{"Type":7,"Body":1507558165},"SourceTimestamp":"2024-04-27T17:06:00.9803799Z","ServerTimestamp":"2024-04-27T17:06:00.980381Z"}}}