{"DataSetWriterId":1,"SequenceNumber":69,"MetaDataVersion":{"MajorVersion":1},"Timestamp":"2024-04-27T17:06:02.2809877Z","MessageType":"ua-deltaframe","DataSetWriterName":"Test","Payload":{"nsu=http://opcfoundation.org/UA/Plc/Applications;s=FastUIntScalar2":{"Value":{"Type":7,"Body":77},"SourceTimestamp":"2024-04-27T17:06:01.9707732Z","ServerTimestamp":"2024-04-27T17:06:01.9707795Z"},"nsu=http://opcfoundation.org/UA/Plc/Applications;s=FastUIntScalar3":{"Value":{"Type":7,"Body":77},"SourceTimestamp":"2024-04-27T17:06:01.970781Z","ServerTimestamp":"2024-04-27T17:06:01.9707816Z"},"nsu=http://opcfoundation.org/UA/Plc/Applications;s=FastRandomUIntScalar1":{"Value":{"Type":7,"Body":3911589915},"SourceTimestamp":"2024-04-27T17:06:01.9707678Z","ServerTimestamp":"2024-04-27T17:06:01.9707736Z"},"nsu=http://opcfoundation.org/UA/Plc/Applications;s=FastRandomUIntScalar2":{"Value":{"Type":7,"Body":19401654},"SourceTimestamp":"2024-04-27T17:06:01.9707823Z","ServerTimestamp":"2024-04-27T17:06:01.970783Z"},"nsu=http://opcfoundation.org/UA/Plc/Applications;s=FastRandomUIntScalar3":{"Value":{"Type":7,"Body":3185878236},"SourceTimestamp":"2024-04-27T17:06:01.9707842Z","ServerTimestamp":"2024-04-27T17:06:01.970785Z"}}}