{"SequenceNumber":73,"MetaDataVersion":{"MajorVersion":1},"Timestamp":"2024-04-27T17:06:05.1841745Z","MessageType":"ua-deltaframe","DataSetWriterName":"MES","Payload":{"nsu=http://opcfoundation.org/UA/Plc/Applications;s=StepUp":{"Value":{"Type":7,"Body":801},"SourceTimestamp":"2024-04-27T17:06:05.0776836Z","ServerTimestamp":"2024-04-27T17:06:05.0776884Z"},"nsu=http://opcfoundation.org/UA/Plc/Applications;s=AlternatingBoolean":{"Value":{"Type":1,"Body":true},"SourceTimestamp":"2024-04-27T17:06:05.0776936Z","ServerTimestamp":"2024-04-27T17:06:05.0777048Z"},"nsu=http://opcfoundation.org/UA/Plc/Applications;s=RandomSignedInt32":{"Value":{"Type":6,"Body":-157682220},"SourceTimestamp":"2024-04-27T17:06:05.0776938Z","ServerTimestamp":"2024-04-27T17:06:05.0777181Z"},"nsu=http://opcfoundation.org/UA/Plc/Applications;s=RandomUnsignedInt32":{"Value":{"Type":7,"Body":1026973568},"SourceTimestamp":"2024-04-27T17:06:05.0777272Z","ServerTimestamp":"2024-04-27T17:06:05.0777321Z"},"nsu=http://opcfoundation.org/UA/Plc/Applications;s=DipData":{"Value":{"Type":11,"Body":6.4324905987065468E-14},"SourceTimestamp":"2024-04-27T17:06:05.0777163Z","ServerTimestamp":"2024-04-27T17:06:05.0777275Z"},"nsu=http://opcfoundation.org/UA/Plc/Applications;s=FastUIntScalar1":{"Value":{"Type":7,"Body":80},"SourceTimestamp":"2024-04-27T17:06:04.9847268Z","ServerTimestamp":"2024-04-27T17:06:04.9847351Z"}}}