{"SequenceNumber":75,"MetaDataVersion":{"MajorVersion":1},"Timestamp":"2024-04-27T17:06:07.2296427Z","MessageType":"ua-deltaframe","DataSetWriterName":"MES","Payload":{"nsu=http://opcfoundation.org/UA/Plc/Applications;s=StepUp":{"Value":{"Type":7,"Body":822},"SourceTimestamp":"2024-04-27T17:06:07.1836362Z","ServerTimestamp":"2024-04-27T17:06:07.1836417Z"},"nsu=http://opcfoundation.org/UA/Plc/Applications;s=RandomSignedInt32":{"Value":{"Type":6,"Body":2072336540},"SourceTimestamp":"2024-04-27T17:06:07.1836701Z","ServerTimestamp":"2024-04-27T17:06:07.183675Z"},"nsu=http://opcfoundation.org/UA/Plc/Applications;s=RandomUnsignedInt32":{"Value":{"Type":7,"Body":1205871606},"SourceTimestamp":"2024-04-27T17:06:07.1836797Z","ServerTimestamp":"2024-04-27T17:06:07.1836831Z"},"nsu=http://opcfoundation.org/UA/Plc/Applications;s=DipData":{"Value":{"Type":11,"Body":-48.175367410171539},"SourceTimestamp":"2024-04-27T17:06:07.1836928Z","ServerTimestamp":"2024-04-27T17:06:07.1837175Z"},"nsu=http://opcfoundation.org/UA/Plc/Applications;s=FastUIntScalar1":{"Value":{"Type":7,"Body":82},"SourceTimestamp":"2024-04-27T17:06:06.9828608Z","ServerTimestamp":"2024-04-27T17:06:06.9828643Z"}}}