{"SequenceNumber":76,"MetaDataVersion":{"MajorVersion":1},"Timestamp":"2024-04-27T17:06:08.2214277Z","MessageType":"ua-deltaframe","DataSetWriterName":"MES","Payload":{"nsu=http://opcfoundation.org/UA/Plc/Applications;s=StepUp":{"Value":{"Type":7,"Body":832},"SourceTimestamp":"2024-04-27T17:06:08.1744297Z","ServerTimestamp":"2024-04-27T17:06:08.1744312Z"},"nsu=http://opcfoundation.org/UA/Plc/Applications;s=RandomSignedInt32":{"Value":{"Type":6,"Body":-1261996356},"SourceTimestamp":"2024-04-27T17:06:08.174424Z","ServerTimestamp":"2024-04-27T17:06:08.1744251Z"},"nsu=http://opcfoundation.org/UA/Plc/Applications;s=RandomUnsignedInt32":{"Value":{"Type":7,"Body":1977206217},"SourceTimestamp":"2024-04-27T17:06:08.1744319Z","ServerTimestamp":"2024-04-27T17:06:08.1744377Z"},"nsu=http://opcfoundation.org/UA/Plc/Applications;s=DipData":{"Value":{"Type":11,"Body":68.45471059286885},"SourceTimestamp":"2024-04-27T17:06:08.1744143Z","ServerTimestamp":"2024-04-27T17:06:08.1744216Z"},"nsu=http://opcfoundation.org/UA/Plc/Applications;s=FastUIntScalar1":{"Value":{"Type":7,"Body":83},"SourceTimestamp":"2024-04-27T17:06:07.971326Z","ServerTimestamp":"2024-04-27T17:06:07.9713284Z"}}}