{"DataSetWriterId":1,"SequenceNumber":79,"MetaDataVersion":{"MajorVersion":1},"Timestamp":"2024-04-27T17:06:14.288134Z","MessageType":"ua-deltaframe","DataSetWriterName":"Test","Payload":{"nsu=http://opcfoundation.org/UA/Plc/Applications;s=FastUIntScalar2":{"Value":{"Type":7,"Body":89},"SourceTimestamp":"2024-04-27T17:06:13.9808203Z","ServerTimestamp":"2024-04-27T17:06:13.9808209Z"},"nsu=http://opcfoundation.org/UA/Plc/Applications;s=FastUIntScalar3":{"Value":{"Type":7,"Body":89},"SourceTimestamp":"2024-04-27T17:06:13.9808333Z","ServerTimestamp":"2024-04-27T17:06:13.9808405Z"},"nsu=http://opcfoundation.org/UA/Plc/Applications;s=FastRandomUIntScalar1":{"Value":{"Type":7,"Body":1539689188},"SourceTimestamp":"2024-04-27T17:06:13.980804Z","ServerTimestamp":"2024-04-27T17:06:13.9808511Z"},"nsu=http://opcfoundation.org/UA/Plc/Applications;s=FastRandomUIntScalar2":{"Value":{"Type":7,"Body":3183142818},"SourceTimestamp":"2024-04-27T17:06:13.9808594Z","ServerTimestamp":"2024-04-27T17:06:13.9808662Z"},"nsu=http://opcfoundation.org/UA/Plc/Applications;s=FastRandomUIntScalar3":{"Value":{"Type":7,"Body":801592489},"SourceTimestamp":"2024-04-27T17:06:13.9808704Z","ServerTimestamp":"2024-04-27T17:06:13.9808734Z"}}}