{"DataSetWriterId":1,"SequenceNumber":9,"MetaDataVersion":{"MajorVersion":1},"Timestamp":"2024-04-27T17:04:56.2901709Z","MessageType":"ua-deltaframe","DataSetWriterName":"Test","Payload":{"nsu=http://opcfoundation.org/UA/Plc/Applications;s=FastUIntScalar2":{"Value":{"Type":7,"Body":11},"SourceTimestamp":"2024-04-27T17:04:55.9801507Z","ServerTimestamp":"2024-04-27T17:04:55.9801566Z"},"nsu=http://opcfoundation.org/UA/Plc/Applications;s=FastUIntScalar3":{"Value":{"Type":7,"Body":11},"SourceTimestamp":"2024-04-27T17:04:55.9801585Z","ServerTimestamp":"2024-04-27T17:04:55.9801596Z"},"nsu=http://opcfoundation.org/UA/Plc/Applications;s=FastRandomUIntScalar1":{"Value":{"Type":7,"Body":3075550448},"SourceTimestamp":"2024-04-27T17:04:55.9801471Z","ServerTimestamp":"2024-04-27T17:04:55.9801506Z"},"nsu=http://opcfoundation.org/UA/Plc/Applications;s=FastRandomUIntScalar2":{"Value":{"Type":7,"Body":2551964364},"SourceTimestamp":"2024-04-27T17:04:55.9801566Z","ServerTimestamp":"2024-04-27T17:04:55.9801584Z"},"nsu=http://opcfoundation.org/UA/Plc/Applications;s=FastRandomUIntScalar3":{"Value":{"Type":7,"Body":678106987},"SourceTimestamp":"2024-04-27T17:04:55.9801596Z","ServerTimestamp":"2024-04-27T17:04:55.980161Z"}}}