{"DataSetWriterId":4,"SequenceNumber":9,"MetaDataVersion":{"MajorVersion":1},"Timestamp":"2024-04-27T17:06:16.3953609Z","MessageType":"ua-deltaframe","DataSetWriterName":"Packaging","Payload":{"nsu=http://opcfoundation.org/UA/Plc/Applications;s=SlowRandomUIntScalar1":{"Value":{"Type":7,"Body":3477069065},"SourceTimestamp":"2024-04-27T17:06:14.9840655Z","ServerTimestamp":"2024-04-27T17:06:14.9840675Z"},"nsu=http://opcfoundation.org/UA/Plc/Applications;s=SlowRandomUIntScalar2":{"Value":{"Type":7,"Body":1177018819},"SourceTimestamp":"2024-04-27T17:06:14.9840737Z","ServerTimestamp":"2024-04-27T17:06:14.9840743Z"},"nsu=http://opcfoundation.org/UA/Plc/Applications;s=SlowRandomUIntScalar3":{"Value":{"Type":7,"Body":3090156388},"SourceTimestamp":"2024-04-27T17:06:14.9840757Z","ServerTimestamp":"2024-04-27T17:06:14.9840762Z"},"nsu=http://opcfoundation.org/UA/Plc/Applications;s=BadSlowRandomUIntScalar1":{"Value":{"Body":null},"StatusCode":2157772800,"SourceTimestamp":"2024-04-27T17:06:14.9840785Z","ServerTimestamp":"2024-04-27T17:06:14.9840786Z"}}}