{"SequenceNumber":85,"MetaDataVersion":{"MajorVersion":1},"Timestamp":"2024-04-27T17:06:18.2337804Z","MessageType":"ua-deltaframe","DataSetWriterName":"MES","Payload":{"nsu=http://opcfoundation.org/UA/Plc/Applications;s=StepUp":{"Value":{"Type":7,"Body":932},"SourceTimestamp":"2024-04-27T17:06:18.1718575Z","ServerTimestamp":"2024-04-27T17:06:18.1718607Z"},"nsu=http://opcfoundation.org/UA/Plc/Applications;s=RandomSignedInt32":{"Value":{"Type":6,"Body":529188656},"SourceTimestamp":"2024-04-27T17:06:18.1718914Z","ServerTimestamp":"2024-04-27T17:06:18.1719518Z"},"nsu=http://opcfoundation.org/UA/Plc/Applications;s=RandomUnsignedInt32":{"Value":{"Type":7,"Body":1633677988},"SourceTimestamp":"2024-04-27T17:06:18.171902Z","ServerTimestamp":"2024-04-27T17:06:18.1719654Z"},"nsu=http://opcfoundation.org/UA/Plc/Applications;s=DipData":{"Value":{"Type":11,"Body":68.45471059286885},"SourceTimestamp":"2024-04-27T17:06:18.1719318Z","ServerTimestamp":"2024-04-27T17:06:18.1719385Z"},"nsu=http://opcfoundation.org/UA/Plc/Applications;s=FastUIntScalar1":{"Value":{"Type":7,"Body":93},"SourceTimestamp":"2024-04-27T17:06:17.9732749Z","ServerTimestamp":"2024-04-27T17:06:17.9732774Z"}}}