{"DataSetWriterId":1,"SequenceNumber":82,"MetaDataVersion":{"MajorVersion":1},"Timestamp":"2024-04-27T17:06:18.2952378Z","MessageType":"ua-deltaframe","DataSetWriterName":"Test","Payload":{"nsu=http://opcfoundation.org/UA/Plc/Applications;s=FastUIntScalar2":{"Value":{"Type":7,"Body":93},"SourceTimestamp":"2024-04-27T17:06:17.9732866Z","ServerTimestamp":"2024-04-27T17:06:17.9732922Z"},"nsu=http://opcfoundation.org/UA/Plc/Applications;s=FastUIntScalar3":{"Value":{"Type":7,"Body":93},"SourceTimestamp":"2024-04-27T17:06:17.9732935Z","ServerTimestamp":"2024-04-27T17:06:17.9732947Z"},"nsu=http://opcfoundation.org/UA/Plc/Applications;s=FastRandomUIntScalar1":{"Value":{"Type":7,"Body":2799793738},"SourceTimestamp":"2024-04-27T17:06:17.9732841Z","ServerTimestamp":"2024-04-27T17:06:17.9732868Z"},"nsu=http://opcfoundation.org/UA/Plc/Applications;s=FastRandomUIntScalar2":{"Value":{"Type":7,"Body":3034416797},"SourceTimestamp":"2024-04-27T17:06:17.9732922Z","ServerTimestamp":"2024-04-27T17:06:17.9732936Z"},"nsu=http://opcfoundation.org/UA/Plc/Applications;s=FastRandomUIntScalar3":{"Value":{"Type":7,"Body":2315543386},"SourceTimestamp":"2024-04-27T17:06:17.9732945Z","ServerTimestamp":"2024-04-27T17:06:17.9732958Z"}}}