{"SequenceNumber":86,"MetaDataVersion":{"MajorVersion":1},"Timestamp":"2024-04-27T17:06:19.2118194Z","MessageType":"ua-deltaframe","DataSetWriterName":"MES","Payload":{"nsu=http://opcfoundation.org/UA/Plc/Applications;s=StepUp":{"Value":{"Type":7,"Body":942},"SourceTimestamp":"2024-04-27T17:06:19.1804314Z","ServerTimestamp":"2024-04-27T17:06:19.1804684Z"},"nsu=http://opcfoundation.org/UA/Plc/Applications;s=RandomSignedInt32":{"Value":{"Type":6,"Body":-1573055418},"SourceTimestamp":"2024-04-27T17:06:19.1804314Z","ServerTimestamp":"2024-04-27T17:06:19.1804341Z"},"nsu=http://opcfoundation.org/UA/Plc/Applications;s=RandomUnsignedInt32":{"Value":{"Type":7,"Body":1599653905},"SourceTimestamp":"2024-04-27T17:06:19.1804341Z","ServerTimestamp":"2024-04-27T17:06:19.1804828Z"},"nsu=http://opcfoundation.org/UA/Plc/Applications;s=DipData":{"Value":{"Type":11,"Body":90.482705246601952},"SourceTimestamp":"2024-04-27T17:06:19.1804511Z","ServerTimestamp":"2024-04-27T17:06:19.1804998Z"},"nsu=http://opcfoundation.org/UA/Plc/Applications;s=FastUIntScalar1":{"Value":{"Type":7,"Body":94},"SourceTimestamp":"2024-04-27T17:06:18.9764575Z","ServerTimestamp":"2024-04-27T17:06:18.9764607Z"}}}