{"SequenceNumber":89,"MetaDataVersion":{"MajorVersion":1},"Timestamp":"2024-04-27T17:06:22.1928233Z","MessageType":"ua-deltaframe","DataSetWriterName":"MES","Payload":{"nsu=http://opcfoundation.org/UA/Plc/Applications;s=StepUp":{"Value":{"Type":7,"Body":972},"SourceTimestamp":"2024-04-27T17:06:22.1766347Z","ServerTimestamp":"2024-04-27T17:06:22.1766387Z"},"nsu=http://opcfoundation.org/UA/Plc/Applications;s=RandomSignedInt32":{"Value":{"Type":6,"Body":-1487861489},"SourceTimestamp":"2024-04-27T17:06:22.176675Z","ServerTimestamp":"2024-04-27T17:06:22.17668Z"},"nsu=http://opcfoundation.org/UA/Plc/Applications;s=RandomUnsignedInt32":{"Value":{"Type":7,"Body":113234490},"SourceTimestamp":"2024-04-27T17:06:22.1767016Z","ServerTimestamp":"2024-04-27T17:06:22.1767053Z"},"nsu=http://opcfoundation.org/UA/Plc/Applications;s=DipData":{"Value":{"Type":11,"Body":-48.175367410171539},"SourceTimestamp":"2024-04-27T17:06:22.1766919Z","ServerTimestamp":"2024-04-27T17:06:22.1766998Z"},"nsu=http://opcfoundation.org/UA/Plc/Applications;s=FastUIntScalar1":{"Value":{"Type":7,"Body":97},"SourceTimestamp":"2024-04-27T17:06:21.9748753Z","ServerTimestamp":"2024-04-27T17:06:21.9748779Z"}}}