{"DataSetWriterId":1,"SequenceNumber":85,"MetaDataVersion":{"MajorVersion":1},"Timestamp":"2024-04-27T17:06:22.3163421Z","MessageType":"ua-deltaframe","DataSetWriterName":"Test","Payload":{"nsu=http://opcfoundation.org/UA/Plc/Applications;s=FastUIntScalar2":{"Value":{"Type":7,"Body":97},"SourceTimestamp":"2024-04-27T17:06:21.9748876Z","ServerTimestamp":"2024-04-27T17:06:21.9748973Z"},"nsu=http://opcfoundation.org/UA/Plc/Applications;s=FastUIntScalar3":{"Value":{"Type":7,"Body":97},"SourceTimestamp":"2024-04-27T17:06:21.9748995Z","ServerTimestamp":"2024-04-27T17:06:21.9749002Z"},"nsu=http://opcfoundation.org/UA/Plc/Applications;s=FastRandomUIntScalar1":{"Value":{"Type":7,"Body":2831315009},"SourceTimestamp":"2024-04-27T17:06:21.9748833Z","ServerTimestamp":"2024-04-27T17:06:21.974888Z"},"nsu=http://opcfoundation.org/UA/Plc/Applications;s=FastRandomUIntScalar2":{"Value":{"Type":7,"Body":3090118697},"SourceTimestamp":"2024-04-27T17:06:21.9748947Z","ServerTimestamp":"2024-04-27T17:06:21.9748957Z"},"nsu=http://opcfoundation.org/UA/Plc/Applications;s=FastRandomUIntScalar3":{"Value":{"Type":7,"Body":286220690},"SourceTimestamp":"2024-04-27T17:06:21.9748971Z","ServerTimestamp":"2024-04-27T17:06:21.974899Z"}}}