{"SequenceNumber":91,"MetaDataVersion":{"MajorVersion":1},"Timestamp":"2024-04-27T17:06:24.2388386Z","MessageType":"ua-deltaframe","DataSetWriterName":"MES","Payload":{"nsu=http://opcfoundation.org/UA/Plc/Applications;s=StepUp":{"Value":{"Type":7,"Body":992},"SourceTimestamp":"2024-04-27T17:06:24.1772217Z","ServerTimestamp":"2024-04-27T17:06:24.1772254Z"},"nsu=http://opcfoundation.org/UA/Plc/Applications;s=RandomSignedInt32":{"Value":{"Type":6,"Body":106757013},"SourceTimestamp":"2024-04-27T17:06:24.1772825Z","ServerTimestamp":"2024-04-27T17:06:24.1772854Z"},"nsu=http://opcfoundation.org/UA/Plc/Applications;s=RandomUnsignedInt32":{"Value":{"Type":7,"Body":1494048136},"SourceTimestamp":"2024-04-27T17:06:24.1772575Z","ServerTimestamp":"2024-04-27T17:06:24.1772586Z"},"nsu=http://opcfoundation.org/UA/Plc/Applications;s=DipData":{"Value":{"Type":11,"Body":90.482705246601952},"SourceTimestamp":"2024-04-27T17:06:24.1772713Z","ServerTimestamp":"2024-04-27T17:06:24.1772756Z"},"nsu=http://opcfoundation.org/UA/Plc/Applications;s=FastUIntScalar1":{"Value":{"Type":7,"Body":99},"SourceTimestamp":"2024-04-27T17:06:23.9742515Z","ServerTimestamp":"2024-04-27T17:06:23.9742534Z"}}}