{"DataSetWriterId":1,"SequenceNumber":87,"MetaDataVersion":{"MajorVersion":1},"Timestamp":"2024-04-27T17:06:24.301299Z","MessageType":"ua-deltaframe","DataSetWriterName":"Test","Payload":{"nsu=http://opcfoundation.org/UA/Plc/Applications;s=FastUIntScalar2":{"Value":{"Type":7,"Body":99},"SourceTimestamp":"2024-04-27T17:06:23.9742805Z","ServerTimestamp":"2024-04-27T17:06:23.9743039Z"},"nsu=http://opcfoundation.org/UA/Plc/Applications;s=FastUIntScalar3":{"Value":{"Type":7,"Body":99},"SourceTimestamp":"2024-04-27T17:06:23.9743068Z","ServerTimestamp":"2024-04-27T17:06:23.9743077Z"},"nsu=http://opcfoundation.org/UA/Plc/Applications;s=FastRandomUIntScalar1":{"Value":{"Type":7,"Body":1682423582},"SourceTimestamp":"2024-04-27T17:06:23.9742582Z","ServerTimestamp":"2024-04-27T17:06:23.9742888Z"},"nsu=http://opcfoundation.org/UA/Plc/Applications;s=FastRandomUIntScalar2":{"Value":{"Type":7,"Body":4244366609},"SourceTimestamp":"2024-04-27T17:06:23.9743033Z","ServerTimestamp":"2024-04-27T17:06:23.9743062Z"},"nsu=http://opcfoundation.org/UA/Plc/Applications;s=FastRandomUIntScalar3":{"Value":{"Type":7,"Body":4278569057},"SourceTimestamp":"2024-04-27T17:06:23.9743078Z","ServerTimestamp":"2024-04-27T17:06:23.9743086Z"}}}