{"SequenceNumber":92,"MetaDataVersion":{"MajorVersion":1},"Timestamp":"2024-04-27T17:06:25.2282233Z","MessageType":"ua-deltaframe","DataSetWriterName":"MES","Payload":{"nsu=http://opcfoundation.org/UA/Plc/Applications;s=StepUp":{"Value":{"Type":7,"Body":1002},"SourceTimestamp":"2024-04-27T17:06:25.180784Z","ServerTimestamp":"2024-04-27T17:06:25.1807894Z"},"nsu=http://opcfoundation.org/UA/Plc/Applications;s=AlternatingBoolean":{"Value":{"Type":1,"Body":true},"SourceTimestamp":"2024-04-27T17:06:25.0724182Z","ServerTimestamp":"2024-04-27T17:06:25.0724255Z"},"nsu=http://opcfoundation.org/UA/Plc/Applications;s=RandomSignedInt32":{"Value":{"Type":6,"Body":978485431},"SourceTimestamp":"2024-04-27T17:06:25.1808329Z","ServerTimestamp":"2024-04-27T17:06:25.1808343Z"},"nsu=http://opcfoundation.org/UA/Plc/Applications;s=RandomUnsignedInt32":{"Value":{"Type":7,"Body":1506052794},"SourceTimestamp":"2024-04-27T17:06:25.1808413Z","ServerTimestamp":"2024-04-27T17:06:25.1808427Z"},"nsu=http://opcfoundation.org/UA/Plc/Applications;s=DipData":{"Value":{"Type":11,"Body":-12.533323356430378},"SourceTimestamp":"2024-04-27T17:06:25.180858Z","ServerTimestamp":"2024-04-27T17:06:25.1808617Z"},"nsu=http://opcfoundation.org/UA/Plc/Applications;s=FastUIntScalar1":{"Value":{"Type":7,"Body":100},"SourceTimestamp":"2024-04-27T17:06:24.9794394Z","ServerTimestamp":"2024-04-27T17:06:24.9794705Z"}}}