{"DataSetWriterId":2,"SequenceNumber":16,"MetaDataVersion":{"MajorVersion":1},"Timestamp":"2024-04-27T17:06:25.3516682Z","MessageType":"ua-deltaframe","DataSetWriterName":"Assembly","Payload":{"nsu=http://opcfoundation.org/UA/Plc/Applications;s=NegativeTrendData":{"Value":{"Type":11,"Body":98.5},"SourceTimestamp":"2024-04-27T17:06:25.0724427Z","ServerTimestamp":"2024-04-27T17:06:25.0724434Z"},"nsu=http://opcfoundation.org/UA/Plc/Applications;s=PositiveTrendData":{"Value":{"Type":11,"Body":101.5},"SourceTimestamp":"2024-04-27T17:06:25.0724427Z","ServerTimestamp":"2024-04-27T17:06:25.0724465Z"}}}