{"DataSetWriterId":1,"SequenceNumber":89,"MetaDataVersion":{"MajorVersion":1},"Timestamp":"2024-04-27T17:06:26.2855306Z","MessageType":"ua-deltaframe","DataSetWriterName":"Test","Payload":{"nsu=http://opcfoundation.org/UA/Plc/Applications;s=FastUIntScalar2":{"Value":{"Type":7,"Body":101},"SourceTimestamp":"2024-04-27T17:06:25.9731776Z","ServerTimestamp":"2024-04-27T17:06:25.9731842Z"},"nsu=http://opcfoundation.org/UA/Plc/Applications;s=FastUIntScalar3":{"Value":{"Type":7,"Body":101},"SourceTimestamp":"2024-04-27T17:06:25.9731856Z","ServerTimestamp":"2024-04-27T17:06:25.9731869Z"},"nsu=http://opcfoundation.org/UA/Plc/Applications;s=FastRandomUIntScalar1":{"Value":{"Type":7,"Body":3851382886},"SourceTimestamp":"2024-04-27T17:06:25.9731664Z","ServerTimestamp":"2024-04-27T17:06:25.973178Z"},"nsu=http://opcfoundation.org/UA/Plc/Applications;s=FastRandomUIntScalar2":{"Value":{"Type":7,"Body":2083922364},"SourceTimestamp":"2024-04-27T17:06:25.9731843Z","ServerTimestamp":"2024-04-27T17:06:25.9731857Z"},"nsu=http://opcfoundation.org/UA/Plc/Applications;s=FastRandomUIntScalar3":{"Value":{"Type":7,"Body":1933293899},"SourceTimestamp":"2024-04-27T17:06:25.9731868Z","ServerTimestamp":"2024-04-27T17:06:25.9731884Z"}}}