{"DataSetWriterId":1,"SequenceNumber":93,"MetaDataVersion":{"MajorVersion":1},"Timestamp":"2024-04-27T17:06:31.3170279Z","MessageType":"ua-deltaframe","DataSetWriterName":"Test","Payload":{"nsu=http://opcfoundation.org/UA/Plc/Applications;s=FastUIntScalar2":{"Value":{"Type":7,"Body":106},"SourceTimestamp":"2024-04-27T17:06:30.9706293Z","ServerTimestamp":"2024-04-27T17:06:30.9706327Z"},"nsu=http://opcfoundation.org/UA/Plc/Applications;s=FastUIntScalar3":{"Value":{"Type":7,"Body":106},"SourceTimestamp":"2024-04-27T17:06:30.9706342Z","ServerTimestamp":"2024-04-27T17:06:30.9706354Z"},"nsu=http://opcfoundation.org/UA/Plc/Applications;s=FastRandomUIntScalar1":{"Value":{"Type":7,"Body":1119340705},"SourceTimestamp":"2024-04-27T17:06:30.9706183Z","ServerTimestamp":"2024-04-27T17:06:30.9706303Z"},"nsu=http://opcfoundation.org/UA/Plc/Applications;s=FastRandomUIntScalar2":{"Value":{"Type":7,"Body":91003182},"SourceTimestamp":"2024-04-27T17:06:30.970633Z","ServerTimestamp":"2024-04-27T17:06:30.9706341Z"},"nsu=http://opcfoundation.org/UA/Plc/Applications;s=FastRandomUIntScalar3":{"Value":{"Type":7,"Body":1441230321},"SourceTimestamp":"2024-04-27T17:06:30.9706354Z","ServerTimestamp":"2024-04-27T17:06:30.970636Z"}}}