{"SequenceNumber":101,"MetaDataVersion":{"MajorVersion":1},"Timestamp":"2024-04-27T17:06:35.22069Z","MessageType":"ua-deltaframe","DataSetWriterName":"MES","Payload":{"nsu=http://opcfoundation.org/UA/Plc/Applications;s=StepUp":{"Value":{"Type":7,"Body":1102},"SourceTimestamp":"2024-04-27T17:06:35.1737353Z","ServerTimestamp":"2024-04-27T17:06:35.1738214Z"},"nsu=http://opcfoundation.org/UA/Plc/Applications;s=AlternatingBoolean":{"Value":{"Type":1,"Body":true},"SourceTimestamp":"2024-04-27T17:06:35.0810309Z","ServerTimestamp":"2024-04-27T17:06:35.0810841Z"},"nsu=http://opcfoundation.org/UA/Plc/Applications;s=RandomSignedInt32":{"Value":{"Type":6,"Body":-460940309},"SourceTimestamp":"2024-04-27T17:06:35.1737524Z","ServerTimestamp":"2024-04-27T17:06:35.1738651Z"},"nsu=http://opcfoundation.org/UA/Plc/Applications;s=RandomUnsignedInt32":{"Value":{"Type":7,"Body":2104523677},"SourceTimestamp":"2024-04-27T17:06:35.1737616Z","ServerTimestamp":"2024-04-27T17:06:35.1737729Z"},"nsu=http://opcfoundation.org/UA/Plc/Applications;s=DipData":{"Value":{"Type":11,"Body":-12.533323356430378},"SourceTimestamp":"2024-04-27T17:06:35.1737959Z","ServerTimestamp":"2024-04-27T17:06:35.1737986Z"},"nsu=http://opcfoundation.org/UA/Plc/Applications;s=FastUIntScalar1":{"Value":{"Type":7,"Body":110},"SourceTimestamp":"2024-04-27T17:06:34.972131Z","ServerTimestamp":"2024-04-27T17:06:34.9721319Z"}}}