{"DataSetWriterId":2,"SequenceNumber":18,"MetaDataVersion":{"MajorVersion":1},"Timestamp":"2024-04-27T17:06:35.3433912Z","MessageType":"ua-deltaframe","DataSetWriterName":"Assembly","Payload":{"nsu=http://opcfoundation.org/UA/Plc/Applications;s=NegativeTrendData":{"Value":{"Type":11,"Body":98.299999999999997},"SourceTimestamp":"2024-04-27T17:06:35.0810594Z","ServerTimestamp":"2024-04-27T17:06:35.0810664Z"},"nsu=http://opcfoundation.org/UA/Plc/Applications;s=PositiveTrendData":{"Value":{"Type":11,"Body":101.7},"SourceTimestamp":"2024-04-27T17:06:35.0810662Z","ServerTimestamp":"2024-04-27T17:06:35.0810691Z"}}}