{"DataSetWriterId":1,"SequenceNumber":98,"MetaDataVersion":{"MajorVersion":1},"Timestamp":"2024-04-27T17:06:37.3168907Z","MessageType":"ua-deltaframe","DataSetWriterName":"Test","Payload":{"nsu=http://opcfoundation.org/UA/Plc/Applications;s=FastUIntScalar2":{"Value":{"Type":7,"Body":112},"SourceTimestamp":"2024-04-27T17:06:36.9766039Z","ServerTimestamp":"2024-04-27T17:06:36.976605Z"},"nsu=http://opcfoundation.org/UA/Plc/Applications;s=FastUIntScalar3":{"Value":{"Type":7,"Body":112},"SourceTimestamp":"2024-04-27T17:06:36.9766078Z","ServerTimestamp":"2024-04-27T17:06:36.9766088Z"},"nsu=http://opcfoundation.org/UA/Plc/Applications;s=FastRandomUIntScalar1":{"Value":{"Type":7,"Body":1689767907},"SourceTimestamp":"2024-04-27T17:06:36.976616Z","ServerTimestamp":"2024-04-27T17:06:36.9766199Z"},"nsu=http://opcfoundation.org/UA/Plc/Applications;s=FastRandomUIntScalar2":{"Value":{"Type":7,"Body":664447687},"SourceTimestamp":"2024-04-27T17:06:36.9766327Z","ServerTimestamp":"2024-04-27T17:06:36.976634Z"},"nsu=http://opcfoundation.org/UA/Plc/Applications;s=FastRandomUIntScalar3":{"Value":{"Type":7,"Body":3656884302},"SourceTimestamp":"2024-04-27T17:06:36.9766362Z","ServerTimestamp":"2024-04-27T17:06:36.9766376Z"}}}