{"DataSetWriterId":1,"SequenceNumber":101,"MetaDataVersion":{"MajorVersion":1},"Timestamp":"2024-04-27T17:06:40.2943422Z","MessageType":"ua-deltaframe","DataSetWriterName":"Test","Payload":{"nsu=http://opcfoundation.org/UA/Plc/Applications;s=FastUIntScalar2":{"Value":{"Type":7,"Body":115},"SourceTimestamp":"2024-04-27T17:06:39.984122Z","ServerTimestamp":"2024-04-27T17:06:39.9841246Z"},"nsu=http://opcfoundation.org/UA/Plc/Applications;s=FastUIntScalar3":{"Value":{"Type":7,"Body":115},"SourceTimestamp":"2024-04-27T17:06:39.9841287Z","ServerTimestamp":"2024-04-27T17:06:39.9841295Z"},"nsu=http://opcfoundation.org/UA/Plc/Applications;s=FastRandomUIntScalar1":{"Value":{"Type":7,"Body":3083952819},"SourceTimestamp":"2024-04-27T17:06:39.9840726Z","ServerTimestamp":"2024-04-27T17:06:39.9840747Z"},"nsu=http://opcfoundation.org/UA/Plc/Applications;s=FastRandomUIntScalar2":{"Value":{"Type":7,"Body":1744408827},"SourceTimestamp":"2024-04-27T17:06:39.984083Z","ServerTimestamp":"2024-04-27T17:06:39.9841469Z"},"nsu=http://opcfoundation.org/UA/Plc/Applications;s=FastRandomUIntScalar3":{"Value":{"Type":7,"Body":1268299795},"SourceTimestamp":"2024-04-27T17:06:39.9841521Z","ServerTimestamp":"2024-04-27T17:06:39.9841532Z"}}}