{"DataSetWriterId":1,"SequenceNumber":102,"MetaDataVersion":{"MajorVersion":1},"Timestamp":"2024-04-27T17:06:41.2871697Z","MessageType":"ua-deltaframe","DataSetWriterName":"Test","Payload":{"nsu=http://opcfoundation.org/UA/Plc/Applications;s=FastUIntScalar2":{"Value":{"Type":7,"Body":116},"SourceTimestamp":"2024-04-27T17:06:40.977805Z","ServerTimestamp":"2024-04-27T17:06:40.9778062Z"},"nsu=http://opcfoundation.org/UA/Plc/Applications;s=FastUIntScalar3":{"Value":{"Type":7,"Body":116},"SourceTimestamp":"2024-04-27T17:06:40.9778085Z","ServerTimestamp":"2024-04-27T17:06:40.9778097Z"},"nsu=http://opcfoundation.org/UA/Plc/Applications;s=FastRandomUIntScalar1":{"Value":{"Type":7,"Body":449653588},"SourceTimestamp":"2024-04-27T17:06:40.9778143Z","ServerTimestamp":"2024-04-27T17:06:40.9778179Z"},"nsu=http://opcfoundation.org/UA/Plc/Applications;s=FastRandomUIntScalar2":{"Value":{"Type":7,"Body":2429256687},"SourceTimestamp":"2024-04-27T17:06:40.9778301Z","ServerTimestamp":"2024-04-27T17:06:40.9778313Z"},"nsu=http://opcfoundation.org/UA/Plc/Applications;s=FastRandomUIntScalar3":{"Value":{"Type":7,"Body":1887723895},"SourceTimestamp":"2024-04-27T17:06:40.9778335Z","ServerTimestamp":"2024-04-27T17:06:40.9778344Z"}}}