{"SequenceNumber":12,"MetaDataVersion":{"MajorVersion":1},"Timestamp":"2024-04-27T17:04:59.2015636Z","MessageType":"ua-deltaframe","DataSetWriterName":"MES","Payload":{"nsu=http://opcfoundation.org/UA/Plc/Applications;s=StepUp":{"Value":{"Type":7,"Body":142},"SourceTimestamp":"2024-04-27T17:04:59.1703098Z","ServerTimestamp":"2024-04-27T17:04:59.1703126Z"},"nsu=http://opcfoundation.org/UA/Plc/Applications;s=RandomSignedInt32":{"Value":{"Type":6,"Body":-2143998762},"SourceTimestamp":"2024-04-27T17:04:59.1703099Z","ServerTimestamp":"2024-04-27T17:04:59.1703747Z"},"nsu=http://opcfoundation.org/UA/Plc/Applications;s=RandomUnsignedInt32":{"Value":{"Type":7,"Body":1892024466},"SourceTimestamp":"2024-04-27T17:04:59.1703298Z","ServerTimestamp":"2024-04-27T17:04:59.1703317Z"},"nsu=http://opcfoundation.org/UA/Plc/Applications;s=DipData":{"Value":{"Type":11,"Body":90.482705246601952},"SourceTimestamp":"2024-04-27T17:04:59.1703345Z","ServerTimestamp":"2024-04-27T17:04:59.1703378Z"},"nsu=http://opcfoundation.org/UA/Plc/Applications;s=FastUIntScalar1":{"Value":{"Type":7,"Body":14},"SourceTimestamp":"2024-04-27T17:04:58.9830821Z","ServerTimestamp":"2024-04-27T17:04:58.9830901Z"}}}