{"DataSetWriterId":1,"SequenceNumber":12,"MetaDataVersion":{"MajorVersion":1},"Timestamp":"2024-04-27T17:05:00.325327Z","MessageType":"ua-deltaframe","DataSetWriterName":"Test","Payload":{"nsu=http://opcfoundation.org/UA/Plc/Applications;s=FastUIntScalar2":{"Value":{"Type":7,"Body":15},"SourceTimestamp":"2024-04-27T17:04:59.9784239Z","ServerTimestamp":"2024-04-27T17:04:59.9784316Z"},"nsu=http://opcfoundation.org/UA/Plc/Applications;s=FastUIntScalar3":{"Value":{"Type":7,"Body":15},"SourceTimestamp":"2024-04-27T17:04:59.9784336Z","ServerTimestamp":"2024-04-27T17:04:59.9784346Z"},"nsu=http://opcfoundation.org/UA/Plc/Applications;s=FastRandomUIntScalar1":{"Value":{"Type":7,"Body":1248032393},"SourceTimestamp":"2024-04-27T17:04:59.9784189Z","ServerTimestamp":"2024-04-27T17:04:59.9784244Z"},"nsu=http://opcfoundation.org/UA/Plc/Applications;s=FastRandomUIntScalar2":{"Value":{"Type":7,"Body":3855646541},"SourceTimestamp":"2024-04-27T17:04:59.9784312Z","ServerTimestamp":"2024-04-27T17:04:59.9784335Z"},"nsu=http://opcfoundation.org/UA/Plc/Applications;s=FastRandomUIntScalar3":{"Value":{"Type":7,"Body":4176616950},"SourceTimestamp":"2024-04-27T17:04:59.9784349Z","ServerTimestamp":"2024-04-27T17:04:59.9784357Z"}}}