{"DataSetWriterId":1,"SequenceNumber":1,"MetaDataVersion":{"MajorVersion":1},"Timestamp":"2024-04-27T17:04:47.3233755Z","MessageType":"ua-deltaframe","DataSetWriterName":"Test","Payload":{"nsu=http://opcfoundation.org/UA/Plc/Applications;s=FastUIntScalar2":{"Value":{"Type":7,"Body":2},"SourceTimestamp":"2024-04-27T17:04:46.9839421Z","ServerTimestamp":"2024-04-27T17:04:46.9839436Z"},"nsu=http://opcfoundation.org/UA/Plc/Applications;s=FastUIntScalar3":{"Value":{"Type":7,"Body":2},"SourceTimestamp":"2024-04-27T17:04:46.9839448Z","ServerTimestamp":"2024-04-27T17:04:46.9839458Z"},"nsu=http://opcfoundation.org/UA/Plc/Applications;s=FastRandomUIntScalar1":{"Value":{"Type":7,"Body":1425781341},"SourceTimestamp":"2024-04-27T17:04:46.9839229Z","ServerTimestamp":"2024-04-27T17:04:46.9839253Z"},"nsu=http://opcfoundation.org/UA/Plc/Applications;s=FastRandomUIntScalar2":{"Value":{"Type":7,"Body":1351494791},"SourceTimestamp":"2024-04-27T17:04:46.9839392Z","ServerTimestamp":"2024-04-27T17:04:46.983942Z"},"nsu=http://opcfoundation.org/UA/Plc/Applications;s=FastRandomUIntScalar3":{"Value":{"Type":7,"Body":284913897},"SourceTimestamp":"2024-04-27T17:04:46.9839436Z","ServerTimestamp":"2024-04-27T17:04:46.9839447Z"}}}