{"SequenceNumber":14,"MetaDataVersion":{"MajorVersion":1},"Timestamp":"2024-04-27T17:05:01.1923656Z","MessageType":"ua-deltaframe","DataSetWriterName":"MES","Payload":{"nsu=http://opcfoundation.org/UA/Plc/Applications;s=StepUp":{"Value":{"Type":7,"Body":162},"SourceTimestamp":"2024-04-27T17:05:01.1759927Z","ServerTimestamp":"2024-04-27T17:05:01.175996Z"},"nsu=http://opcfoundation.org/UA/Plc/Applications;s=RandomSignedInt32":{"Value":{"Type":6,"Body":1456097441},"SourceTimestamp":"2024-04-27T17:05:01.1759992Z","ServerTimestamp":"2024-04-27T17:05:01.1760531Z"},"nsu=http://opcfoundation.org/UA/Plc/Applications;s=RandomUnsignedInt32":{"Value":{"Type":7,"Body":238988624},"SourceTimestamp":"2024-04-27T17:05:01.176008Z","ServerTimestamp":"2024-04-27T17:05:01.1760094Z"},"nsu=http://opcfoundation.org/UA/Plc/Applications;s=DipData":{"Value":{"Type":11,"Body":-98.228725072868855},"SourceTimestamp":"2024-04-27T17:05:01.1760166Z","ServerTimestamp":"2024-04-27T17:05:01.1760232Z"},"nsu=http://opcfoundation.org/UA/Plc/Applications;s=FastUIntScalar1":{"Value":{"Type":7,"Body":16},"SourceTimestamp":"2024-04-27T17:05:00.9737185Z","ServerTimestamp":"2024-04-27T17:05:00.9737209Z"}}}