{"SequenceNumber":16,"MetaDataVersion":{"MajorVersion":1},"Timestamp":"2024-04-27T17:05:03.2365734Z","MessageType":"ua-deltaframe","DataSetWriterName":"MES","Payload":{"nsu=http://opcfoundation.org/UA/Plc/Applications;s=StepUp":{"Value":{"Type":7,"Body":182},"SourceTimestamp":"2024-04-27T17:05:03.1745508Z","ServerTimestamp":"2024-04-27T17:05:03.1745935Z"},"nsu=http://opcfoundation.org/UA/Plc/Applications;s=RandomSignedInt32":{"Value":{"Type":6,"Body":-1190373345},"SourceTimestamp":"2024-04-27T17:05:03.1745632Z","ServerTimestamp":"2024-04-27T17:05:03.1745646Z"},"nsu=http://opcfoundation.org/UA/Plc/Applications;s=RandomUnsignedInt32":{"Value":{"Type":7,"Body":478555152},"SourceTimestamp":"2024-04-27T17:05:03.1745627Z","ServerTimestamp":"2024-04-27T17:05:03.1745719Z"},"nsu=http://opcfoundation.org/UA/Plc/Applications;s=DipData":{"Value":{"Type":11,"Body":68.45471059286885},"SourceTimestamp":"2024-04-27T17:05:03.1745732Z","ServerTimestamp":"2024-04-27T17:05:03.1745769Z"},"nsu=http://opcfoundation.org/UA/Plc/Applications;s=FastUIntScalar1":{"Value":{"Type":7,"Body":18},"SourceTimestamp":"2024-04-27T17:05:02.9728032Z","ServerTimestamp":"2024-04-27T17:05:02.972807Z"}}}