{"DataSetWriterId":1,"SequenceNumber":16,"MetaDataVersion":{"MajorVersion":1},"Timestamp":"2024-04-27T17:05:04.2907264Z","MessageType":"ua-deltaframe","DataSetWriterName":"Test","Payload":{"nsu=http://opcfoundation.org/UA/Plc/Applications;s=FastUIntScalar2":{"Value":{"Type":7,"Body":19},"SourceTimestamp":"2024-04-27T17:05:03.9702029Z","ServerTimestamp":"2024-04-27T17:05:03.9702117Z"},"nsu=http://opcfoundation.org/UA/Plc/Applications;s=FastUIntScalar3":{"Value":{"Type":7,"Body":19},"SourceTimestamp":"2024-04-27T17:05:03.9702134Z","ServerTimestamp":"2024-04-27T17:05:03.9702197Z"},"nsu=http://opcfoundation.org/UA/Plc/Applications;s=FastRandomUIntScalar1":{"Value":{"Type":7,"Body":2645980103},"SourceTimestamp":"2024-04-27T17:05:03.9701945Z","ServerTimestamp":"2024-04-27T17:05:03.9702035Z"},"nsu=http://opcfoundation.org/UA/Plc/Applications;s=FastRandomUIntScalar2":{"Value":{"Type":7,"Body":1188066006},"SourceTimestamp":"2024-04-27T17:05:03.9702117Z","ServerTimestamp":"2024-04-27T17:05:03.9702134Z"},"nsu=http://opcfoundation.org/UA/Plc/Applications;s=FastRandomUIntScalar3":{"Value":{"Type":7,"Body":2106905494},"SourceTimestamp":"2024-04-27T17:05:03.9702148Z","ServerTimestamp":"2024-04-27T17:05:03.9702186Z"}}}