{"DataSetWriterId":1,"SequenceNumber":17,"MetaDataVersion":{"MajorVersion":1},"Timestamp":"2024-04-27T17:05:05.2823384Z","MessageType":"ua-deltaframe","DataSetWriterName":"Test","Payload":{"nsu=http://opcfoundation.org/UA/Plc/Applications;s=FastUIntScalar2":{"Value":{"Type":7,"Body":20},"SourceTimestamp":"2024-04-27T17:05:04.9744915Z","ServerTimestamp":"2024-04-27T17:05:04.9744943Z"},"nsu=http://opcfoundation.org/UA/Plc/Applications;s=FastUIntScalar3":{"Value":{"Type":7,"Body":20},"SourceTimestamp":"2024-04-27T17:05:04.9744969Z","ServerTimestamp":"2024-04-27T17:05:04.9744996Z"},"nsu=http://opcfoundation.org/UA/Plc/Applications;s=FastRandomUIntScalar1":{"Value":{"Type":7,"Body":2303501467},"SourceTimestamp":"2024-04-27T17:05:04.9744779Z","ServerTimestamp":"2024-04-27T17:05:04.9744793Z"},"nsu=http://opcfoundation.org/UA/Plc/Applications;s=FastRandomUIntScalar2":{"Value":{"Type":7,"Body":882419555},"SourceTimestamp":"2024-04-27T17:05:04.9744816Z","ServerTimestamp":"2024-04-27T17:05:04.9744919Z"},"nsu=http://opcfoundation.org/UA/Plc/Applications;s=FastRandomUIntScalar3":{"Value":{"Type":7,"Body":1760427549},"SourceTimestamp":"2024-04-27T17:05:04.9744947Z","ServerTimestamp":"2024-04-27T17:05:04.9744971Z"}}}