{"DataSetWriterId":1,"SequenceNumber":18,"MetaDataVersion":{"MajorVersion":1},"Timestamp":"2024-04-27T17:05:06.2771399Z","MessageType":"ua-deltaframe","DataSetWriterName":"Test","Payload":{"nsu=http://opcfoundation.org/UA/Plc/Applications;s=FastUIntScalar2":{"Value":{"Type":7,"Body":21},"SourceTimestamp":"2024-04-27T17:05:05.9814394Z","ServerTimestamp":"2024-04-27T17:05:05.9814424Z"},"nsu=http://opcfoundation.org/UA/Plc/Applications;s=FastUIntScalar3":{"Value":{"Type":7,"Body":21},"SourceTimestamp":"2024-04-27T17:05:05.9814437Z","ServerTimestamp":"2024-04-27T17:05:05.9814593Z"},"nsu=http://opcfoundation.org/UA/Plc/Applications;s=FastRandomUIntScalar1":{"Value":{"Type":7,"Body":2383784105},"SourceTimestamp":"2024-04-27T17:05:05.9814261Z","ServerTimestamp":"2024-04-27T17:05:05.9814398Z"},"nsu=http://opcfoundation.org/UA/Plc/Applications;s=FastRandomUIntScalar2":{"Value":{"Type":7,"Body":2446237129},"SourceTimestamp":"2024-04-27T17:05:05.9814421Z","ServerTimestamp":"2024-04-27T17:05:05.9814436Z"},"nsu=http://opcfoundation.org/UA/Plc/Applications;s=FastRandomUIntScalar3":{"Value":{"Type":7,"Body":844349518},"SourceTimestamp":"2024-04-27T17:05:05.9814728Z","ServerTimestamp":"2024-04-27T17:05:05.9814796Z"}}}