{"DataSetWriterId":4,"SequenceNumber":2,"MetaDataVersion":{"MajorVersion":1},"Timestamp":"2024-04-27T17:05:06.3850349Z","MessageType":"ua-deltaframe","DataSetWriterName":"Packaging","Payload":{"nsu=http://opcfoundation.org/UA/Plc/Applications;s=SlowRandomUIntScalar1":{"Value":{"Type":7,"Body":4056769141},"SourceTimestamp":"2024-04-27T17:05:04.9744474Z","ServerTimestamp":"2024-04-27T17:05:04.9744522Z"},"nsu=http://opcfoundation.org/UA/Plc/Applications;s=SlowRandomUIntScalar2":{"Value":{"Type":7,"Body":2062348059},"SourceTimestamp":"2024-04-27T17:05:04.9744627Z","ServerTimestamp":"2024-04-27T17:05:04.9744661Z"},"nsu=http://opcfoundation.org/UA/Plc/Applications;s=SlowRandomUIntScalar3":{"Value":{"Type":7,"Body":1454631798},"SourceTimestamp":"2024-04-27T17:05:04.9744677Z","ServerTimestamp":"2024-04-27T17:05:04.9744709Z"},"nsu=http://opcfoundation.org/UA/Plc/Applications;s=BadSlowRandomUIntScalar1":{"Value":{"Type":7,"Body":968980880},"SourceTimestamp":"2024-04-27T17:05:04.9744726Z","ServerTimestamp":"2024-04-27T17:05:04.9744734Z"}}}