{"DataSetWriterId":1,"SequenceNumber":2,"MetaDataVersion":{"MajorVersion":1},"Timestamp":"2024-04-27T17:04:48.3084023Z","MessageType":"ua-deltaframe","DataSetWriterName":"Test","Payload":{"nsu=http://opcfoundation.org/UA/Plc/Applications;s=FastUIntScalar2":{"Value":{"Type":7,"Body":3},"SourceTimestamp":"2024-04-27T17:04:47.9853127Z","ServerTimestamp":"2024-04-27T17:04:47.9853135Z"},"nsu=http://opcfoundation.org/UA/Plc/Applications;s=FastUIntScalar3":{"Value":{"Type":7,"Body":3},"SourceTimestamp":"2024-04-27T17:04:47.9853149Z","ServerTimestamp":"2024-04-27T17:04:47.9853156Z"},"nsu=http://opcfoundation.org/UA/Plc/Applications;s=FastRandomUIntScalar1":{"Value":{"Type":7,"Body":1516839629},"SourceTimestamp":"2024-04-27T17:04:47.9852916Z","ServerTimestamp":"2024-04-27T17:04:47.9853466Z"},"nsu=http://opcfoundation.org/UA/Plc/Applications;s=FastRandomUIntScalar2":{"Value":{"Type":7,"Body":857483870},"SourceTimestamp":"2024-04-27T17:04:47.9853541Z","ServerTimestamp":"2024-04-27T17:04:47.9853551Z"},"nsu=http://opcfoundation.org/UA/Plc/Applications;s=FastRandomUIntScalar3":{"Value":{"Type":7,"Body":1764404157},"SourceTimestamp":"2024-04-27T17:04:47.9853567Z","ServerTimestamp":"2024-04-27T17:04:47.9853638Z"}}}