{"SequenceNumber":24,"MetaDataVersion":{"MajorVersion":1},"Timestamp":"2024-04-27T17:05:11.202714Z","MessageType":"ua-deltaframe","DataSetWriterName":"MES","Payload":{"nsu=http://opcfoundation.org/UA/Plc/Applications;s=StepUp":{"Value":{"Type":7,"Body":262},"SourceTimestamp":"2024-04-27T17:05:11.1721393Z","ServerTimestamp":"2024-04-27T17:05:11.1721424Z"},"nsu=http://opcfoundation.org/UA/Plc/Applications;s=RandomSignedInt32":{"Value":{"Type":6,"Body":630564971},"SourceTimestamp":"2024-04-27T17:05:11.1721744Z","ServerTimestamp":"2024-04-27T17:05:11.1721901Z"},"nsu=http://opcfoundation.org/UA/Plc/Applications;s=RandomUnsignedInt32":{"Value":{"Type":7,"Body":1562136968},"SourceTimestamp":"2024-04-27T17:05:11.1721698Z","ServerTimestamp":"2024-04-27T17:05:11.1721704Z"},"nsu=http://opcfoundation.org/UA/Plc/Applications;s=DipData":{"Value":{"Type":11,"Body":-98.228725072868855},"SourceTimestamp":"2024-04-27T17:05:11.1721807Z","ServerTimestamp":"2024-04-27T17:05:11.1721815Z"},"nsu=http://opcfoundation.org/UA/Plc/Applications;s=FastUIntScalar1":{"Value":{"Type":7,"Body":26},"SourceTimestamp":"2024-04-27T17:05:10.9697673Z","ServerTimestamp":"2024-04-27T17:05:10.9697749Z"}}}