{"SequenceNumber":25,"MetaDataVersion":{"MajorVersion":1},"Timestamp":"2024-04-27T17:05:12.1964373Z","MessageType":"ua-deltaframe","DataSetWriterName":"MES","Payload":{"nsu=http://opcfoundation.org/UA/Plc/Applications;s=StepUp":{"Value":{"Type":7,"Body":272},"SourceTimestamp":"2024-04-27T17:05:12.179965Z","ServerTimestamp":"2024-04-27T17:05:12.179969Z"},"nsu=http://opcfoundation.org/UA/Plc/Applications;s=RandomSignedInt32":{"Value":{"Type":6,"Body":-104078752},"SourceTimestamp":"2024-04-27T17:05:12.1799869Z","ServerTimestamp":"2024-04-27T17:05:12.179999Z"},"nsu=http://opcfoundation.org/UA/Plc/Applications;s=RandomUnsignedInt32":{"Value":{"Type":7,"Body":1796749745},"SourceTimestamp":"2024-04-27T17:05:12.1799855Z","ServerTimestamp":"2024-04-27T17:05:12.179996Z"},"nsu=http://opcfoundation.org/UA/Plc/Applications;s=DipData":{"Value":{"Type":11,"Body":-48.175367410171539},"SourceTimestamp":"2024-04-27T17:05:12.1800073Z","ServerTimestamp":"2024-04-27T17:05:12.1800083Z"},"nsu=http://opcfoundation.org/UA/Plc/Applications;s=FastUIntScalar1":{"Value":{"Type":7,"Body":27},"SourceTimestamp":"2024-04-27T17:05:11.9787992Z","ServerTimestamp":"2024-04-27T17:05:11.9788024Z"}}}