{"SequenceNumber":27,"MetaDataVersion":{"MajorVersion":1},"Timestamp":"2024-04-27T17:05:14.2425164Z","MessageType":"ua-deltaframe","DataSetWriterName":"MES","Payload":{"nsu=http://opcfoundation.org/UA/Plc/Applications;s=StepUp":{"Value":{"Type":7,"Body":292},"SourceTimestamp":"2024-04-27T17:05:14.1793142Z","ServerTimestamp":"2024-04-27T17:05:14.1793178Z"},"nsu=http://opcfoundation.org/UA/Plc/Applications;s=RandomSignedInt32":{"Value":{"Type":6,"Body":-432588924},"SourceTimestamp":"2024-04-27T17:05:14.1793279Z","ServerTimestamp":"2024-04-27T17:05:14.1793293Z"},"nsu=http://opcfoundation.org/UA/Plc/Applications;s=RandomUnsignedInt32":{"Value":{"Type":7,"Body":1562125522},"SourceTimestamp":"2024-04-27T17:05:14.1793308Z","ServerTimestamp":"2024-04-27T17:05:14.1793407Z"},"nsu=http://opcfoundation.org/UA/Plc/Applications;s=DipData":{"Value":{"Type":11,"Body":90.482705246601952},"SourceTimestamp":"2024-04-27T17:05:14.1793409Z","ServerTimestamp":"2024-04-27T17:05:14.1793421Z"},"nsu=http://opcfoundation.org/UA/Plc/Applications;s=FastUIntScalar1":{"Value":{"Type":7,"Body":29},"SourceTimestamp":"2024-04-27T17:05:13.977743Z","ServerTimestamp":"2024-04-27T17:05:13.9777469Z"}}}