{"SequenceNumber":28,"MetaDataVersion":{"MajorVersion":1},"Timestamp":"2024-04-27T17:05:15.2317723Z","MessageType":"ua-deltaframe","DataSetWriterName":"MES","Payload":{"nsu=http://opcfoundation.org/UA/Plc/Applications;s=StepUp":{"Value":{"Type":7,"Body":302},"SourceTimestamp":"2024-04-27T17:05:15.1842971Z","ServerTimestamp":"2024-04-27T17:05:15.1843007Z"},"nsu=http://opcfoundation.org/UA/Plc/Applications;s=AlternatingBoolean":{"Value":{"Type":1,"Body":true},"SourceTimestamp":"2024-04-27T17:05:15.0752833Z","ServerTimestamp":"2024-04-27T17:05:15.0753742Z"},"nsu=http://opcfoundation.org/UA/Plc/Applications;s=RandomSignedInt32":{"Value":{"Type":6,"Body":301102799},"SourceTimestamp":"2024-04-27T17:05:15.184317Z","ServerTimestamp":"2024-04-27T17:05:15.1843204Z"},"nsu=http://opcfoundation.org/UA/Plc/Applications;s=RandomUnsignedInt32":{"Value":{"Type":7,"Body":1469507100},"SourceTimestamp":"2024-04-27T17:05:15.1843129Z","ServerTimestamp":"2024-04-27T17:05:15.1843187Z"},"nsu=http://opcfoundation.org/UA/Plc/Applications;s=DipData":{"Value":{"Type":11,"Body":-12.533323356430378},"SourceTimestamp":"2024-04-27T17:05:15.1843265Z","ServerTimestamp":"2024-04-27T17:05:15.1843575Z"},"nsu=http://opcfoundation.org/UA/Plc/Applications;s=FastUIntScalar1":{"Value":{"Type":7,"Body":30},"SourceTimestamp":"2024-04-27T17:05:14.983065Z","ServerTimestamp":"2024-04-27T17:05:14.9830661Z"}}}