{"DataSetWriterId":2,"SequenceNumber":2,"MetaDataVersion":{"MajorVersion":1},"Timestamp":"2024-04-27T17:05:15.3550327Z","MessageType":"ua-deltaframe","DataSetWriterName":"Assembly","Payload":{"nsu=http://opcfoundation.org/UA/Plc/Applications;s=NegativeTrendData":{"Value":{"Type":11,"Body":99.900000000000006},"SourceTimestamp":"2024-04-27T17:05:15.0753232Z","ServerTimestamp":"2024-04-27T17:05:15.0753315Z"},"nsu=http://opcfoundation.org/UA/Plc/Applications;s=PositiveTrendData":{"Value":{"Type":11,"Body":100.09999999999999},"SourceTimestamp":"2024-04-27T17:05:15.0753349Z","ServerTimestamp":"2024-04-27T17:05:15.0753423Z"}}}