{"DataSetWriterId":3,"SequenceNumber":3,"MetaDataVersion":{"MajorVersion":1},"Timestamp":"2024-04-27T17:05:16.3467057Z","MessageType":"ua-deltaframe","DataSetWriterName":"Assembly","Payload":{"nsu=http://opcfoundation.org/UA/Plc/Applications;s=SlowUIntScalar1":{"Value":{"Type":7,"Body":3},"SourceTimestamp":"2024-04-27T17:05:14.9830287Z","ServerTimestamp":"2024-04-27T17:05:14.9830317Z"},"nsu=http://opcfoundation.org/UA/Plc/Applications;s=SlowUIntScalar2":{"Value":{"Type":7,"Body":3},"SourceTimestamp":"2024-04-27T17:05:14.9830477Z","ServerTimestamp":"2024-04-27T17:05:14.9830544Z"},"nsu=http://opcfoundation.org/UA/Plc/Applications;s=SlowUIntScalar3":{"Value":{"Type":7,"Body":3},"SourceTimestamp":"2024-04-27T17:05:14.983056Z","ServerTimestamp":"2024-04-27T17:05:14.9830573Z"},"nsu=http://opcfoundation.org/UA/Plc/Applications;s=BadSlowUIntScalar1":{"Value":{"Type":7,"Body":3},"SourceTimestamp":"2024-04-27T17:05:14.983059Z","ServerTimestamp":"2024-04-27T17:05:14.9830601Z"}}}