{"DataSetWriterId":1,"SequenceNumber":3,"MetaDataVersion":{"MajorVersion":1},"Timestamp":"2024-04-27T17:04:49.293505Z","MessageType":"ua-deltaframe","DataSetWriterName":"Test","Payload":{"nsu=http://opcfoundation.org/UA/Plc/Applications;s=FastUIntScalar2":{"Value":{"Type":7,"Body":4},"SourceTimestamp":"2024-04-27T17:04:48.9693394Z","ServerTimestamp":"2024-04-27T17:04:48.969346Z"},"nsu=http://opcfoundation.org/UA/Plc/Applications;s=FastUIntScalar3":{"Value":{"Type":7,"Body":4},"SourceTimestamp":"2024-04-27T17:04:48.9693473Z","ServerTimestamp":"2024-04-27T17:04:48.9693489Z"},"nsu=http://opcfoundation.org/UA/Plc/Applications;s=FastRandomUIntScalar1":{"Value":{"Type":7,"Body":1840102593},"SourceTimestamp":"2024-04-27T17:04:48.9693356Z","ServerTimestamp":"2024-04-27T17:04:48.9693399Z"},"nsu=http://opcfoundation.org/UA/Plc/Applications;s=FastRandomUIntScalar2":{"Value":{"Type":7,"Body":3242278572},"SourceTimestamp":"2024-04-27T17:04:48.969346Z","ServerTimestamp":"2024-04-27T17:04:48.9693475Z"},"nsu=http://opcfoundation.org/UA/Plc/Applications;s=FastRandomUIntScalar3":{"Value":{"Type":7,"Body":757828875},"SourceTimestamp":"2024-04-27T17:04:48.9693488Z","ServerTimestamp":"2024-04-27T17:04:48.96935Z"}}}