{"SequenceNumber":32,"MetaDataVersion":{"MajorVersion":1},"Timestamp":"2024-04-27T17:05:20.1877256Z","MessageType":"ua-deltaframe","DataSetWriterName":"MES","Payload":{"nsu=http://opcfoundation.org/UA/Plc/Applications;s=StepUp":{"Value":{"Type":7,"Body":352},"SourceTimestamp":"2024-04-27T17:05:20.1713459Z","ServerTimestamp":"2024-04-27T17:05:20.1713867Z"},"nsu=http://opcfoundation.org/UA/Plc/Applications;s=AlternatingBoolean":{"Value":{"Type":1,"Body":false},"SourceTimestamp":"2024-04-27T17:05:20.0778402Z","ServerTimestamp":"2024-04-27T17:05:20.0778533Z"},"nsu=http://opcfoundation.org/UA/Plc/Applications;s=RandomSignedInt32":{"Value":{"Type":6,"Body":838591472},"SourceTimestamp":"2024-04-27T17:05:20.1713633Z","ServerTimestamp":"2024-04-27T17:05:20.1714073Z"},"nsu=http://opcfoundation.org/UA/Plc/Applications;s=RandomUnsignedInt32":{"Value":{"Type":7,"Body":1687271185},"SourceTimestamp":"2024-04-27T17:05:20.1713587Z","ServerTimestamp":"2024-04-27T17:05:20.1713662Z"},"nsu=http://opcfoundation.org/UA/Plc/Applications;s=DipData":{"Value":{"Type":11,"Body":-12.533323356430378},"SourceTimestamp":"2024-04-27T17:05:20.1713741Z","ServerTimestamp":"2024-04-27T17:05:20.1713749Z"},"nsu=http://opcfoundation.org/UA/Plc/Applications;s=FastUIntScalar1":{"Value":{"Type":7,"Body":35},"SourceTimestamp":"2024-04-27T17:05:19.9702121Z","ServerTimestamp":"2024-04-27T17:05:19.9702144Z"}}}