{"DataSetWriterId":1,"SequenceNumber":31,"MetaDataVersion":{"MajorVersion":1},"Timestamp":"2024-04-27T17:05:20.3113791Z","MessageType":"ua-deltaframe","DataSetWriterName":"Test","Payload":{"nsu=http://opcfoundation.org/UA/Plc/Applications;s=FastUIntScalar2":{"Value":{"Type":7,"Body":35},"SourceTimestamp":"2024-04-27T17:05:19.970228Z","ServerTimestamp":"2024-04-27T17:05:19.9702388Z"},"nsu=http://opcfoundation.org/UA/Plc/Applications;s=FastUIntScalar3":{"Value":{"Type":7,"Body":35},"SourceTimestamp":"2024-04-27T17:05:19.9702409Z","ServerTimestamp":"2024-04-27T17:05:19.9702422Z"},"nsu=http://opcfoundation.org/UA/Plc/Applications;s=FastRandomUIntScalar1":{"Value":{"Type":7,"Body":2719295393},"SourceTimestamp":"2024-04-27T17:05:19.9702181Z","ServerTimestamp":"2024-04-27T17:05:19.9702283Z"},"nsu=http://opcfoundation.org/UA/Plc/Applications;s=FastRandomUIntScalar2":{"Value":{"Type":7,"Body":1987020943},"SourceTimestamp":"2024-04-27T17:05:19.970236Z","ServerTimestamp":"2024-04-27T17:05:19.970237Z"},"nsu=http://opcfoundation.org/UA/Plc/Applications;s=FastRandomUIntScalar3":{"Value":{"Type":7,"Body":4155270230},"SourceTimestamp":"2024-04-27T17:05:19.970239Z","ServerTimestamp":"2024-04-27T17:05:19.9702409Z"}}}