{"NodeId":"nsu=http://opcfoundation.org/UA/Plc/Applications;s=BadFastRandomUIntScalar1","EndpointUrl":"opc.tcp://localhost:61457/UA/SampleServer","ApplicationUri":"urn:desktop-bgfjs91:OPCFoundation:CoreSampleServer","DisplayName":"nsu=http://opcfoundation.org/UA/Plc/Applications;s=BadFastRandomUIntScalar1","Timestamp":"2024-04-27T09:33:24.7630789Z","Value":{"Value":2008216453,"SourceTimestamp":"2024-04-27T09:33:23.9295324Z","ServerTimestamp":"2024-04-27T09:33:23.929545Z"},"SequenceNumber":146,"ExtensionFields":{}}