{"NodeId":"nsu=http://opcfoundation.org/UA/Plc/Applications;s=BadFastRandomUIntScalar1","EndpointUrl":"opc.tcp://localhost:61457/UA/SampleServer","ApplicationUri":"urn:desktop-bgfjs91:OPCFoundation:CoreSampleServer","DisplayName":"nsu=http://opcfoundation.org/UA/Plc/Applications;s=BadFastRandomUIntScalar1","Timestamp":"2024-04-27T09:33:39.7638679Z","Value":{"Value":1486036980,"SourceTimestamp":"2024-04-27T09:33:38.9223069Z","ServerTimestamp":"2024-04-27T09:33:38.9223164Z"},"SequenceNumber":247,"ExtensionFields":{}}