{"NodeId":"nsu=http://opcfoundation.org/UA/Plc/Applications;s=BadFastRandomUIntScalar1","EndpointUrl":"opc.tcp://localhost:61457/UA/SampleServer","ApplicationUri":"urn:desktop-bgfjs91:OPCFoundation:CoreSampleServer","DisplayName":"nsu=http://opcfoundation.org/UA/Plc/Applications;s=BadFastRandomUIntScalar1","Timestamp":"2024-04-27T09:33:44.7851985Z","Value":{"Value":505301044,"SourceTimestamp":"2024-04-27T09:33:43.9278249Z","ServerTimestamp":"2024-04-27T09:33:43.927829Z"},"SequenceNumber":279,"ExtensionFields":{}}