{"NodeId":"nsu=http://opcfoundation.org/UA/Plc/Applications;s=BadFastRandomUIntScalar1","EndpointUrl":"opc.tcp://localhost:61457/UA/SampleServer","ApplicationUri":"urn:desktop-bgfjs91:OPCFoundation:CoreSampleServer","DisplayName":"nsu=http://opcfoundation.org/UA/Plc/Applications;s=BadFastRandomUIntScalar1","Timestamp":"2024-04-27T09:33:45.7753673Z","Value":{"Value":2029724801,"SourceTimestamp":"2024-04-27T09:33:44.9206065Z","ServerTimestamp":"2024-04-27T09:33:44.920655Z"},"SequenceNumber":287,"ExtensionFields":{}}