{"NodeId":"nsu=http://opcfoundation.org/UA/Plc/Applications;s=BadFastRandomUIntScalar1","EndpointUrl":"opc.tcp://localhost:61457/UA/SampleServer","ApplicationUri":"urn:desktop-bgfjs91:OPCFoundation:CoreSampleServer","DisplayName":"nsu=http://opcfoundation.org/UA/Plc/Applications;s=BadFastRandomUIntScalar1","Timestamp":"2024-04-27T09:33:55.7700418Z","Value":{"Value":1192481958,"SourceTimestamp":"2024-04-27T09:33:54.916523Z","ServerTimestamp":"2024-04-27T09:33:54.9165284Z"},"SequenceNumber":356,"ExtensionFields":{}}