{"NodeId":"nsu=http://opcfoundation.org/UA/Plc/Applications;s=BadFastRandomUIntScalar1","EndpointUrl":"opc.tcp://localhost:61457/UA/SampleServer","ApplicationUri":"urn:desktop-bgfjs91:OPCFoundation:CoreSampleServer","DisplayName":"nsu=http://opcfoundation.org/UA/Plc/Applications;s=BadFastRandomUIntScalar1","Timestamp":"2024-04-27T09:33:08.751103Z","Value":{"Value":4095732023,"SourceTimestamp":"2024-04-27T09:33:07.9249928Z","ServerTimestamp":"2024-04-27T09:33:07.9250061Z"},"SequenceNumber":39,"ExtensionFields":{}}