{"NodeId":"nsu=http://opcfoundation.org/UA/Plc/Applications;s=Special_\"!§$%&/()=?`´\\+~*'#_-:.;,<>|@^°€µ{[]}","EndpointUrl":"opc.tcp://localhost:61457/UA/SampleServer","ApplicationUri":"urn:desktop-bgfjs91:OPCFoundation:CoreSampleServer","DisplayName":"nsu=http://opcfoundation.org/UA/Plc/Applications;s=Special_\"!§$%&/()=?`´\\+~*'#_-:.;,<>|@^°€µ{[]}","Timestamp":"2024-04-27T09:33:08.751103Z","Value":{"Value":6,"SourceTimestamp":"2024-04-27T09:33:07.9250123Z","ServerTimestamp":"2024-04-27T09:33:07.9250129Z"},"SequenceNumber":40,"ExtensionFields":{}}