{"NodeId":"nsu=http://opcfoundation.org/UA/Plc/Applications;s=BadFastRandomUIntScalar1","EndpointUrl":"opc.tcp://localhost:61457/UA/SampleServer","ApplicationUri":"urn:desktop-bgfjs91:OPCFoundation:CoreSampleServer","DisplayName":"nsu=http://opcfoundation.org/UA/Plc/Applications;s=BadFastRandomUIntScalar1","Timestamp":"2024-04-27T09:34:03.7746014Z","Value":{"Value":1594173525,"SourceTimestamp":"2024-04-27T09:34:02.9200286Z","ServerTimestamp":"2024-04-27T09:34:02.9200305Z"},"SequenceNumber":411,"ExtensionFields":{}}