{"NodeId":"nsu=http://opcfoundation.org/UA/Plc/Applications;s=BadFastRandomUIntScalar1","EndpointUrl":"opc.tcp://localhost:61457/UA/SampleServer","ApplicationUri":"urn:desktop-bgfjs91:OPCFoundation:CoreSampleServer","DisplayName":"nsu=http://opcfoundation.org/UA/Plc/Applications;s=BadFastRandomUIntScalar1","Timestamp":"2024-04-27T09:33:09.7341871Z","Value":{"Value":1998169856,"SourceTimestamp":"2024-04-27T09:33:08.916142Z","ServerTimestamp":"2024-04-27T09:33:08.9161466Z"},"SequenceNumber":42,"ExtensionFields":{}}