{"NodeId":"nsu=http://opcfoundation.org/UA/Plc/Applications;s=BadFastRandomUIntScalar1","EndpointUrl":"opc.tcp://localhost:61457/UA/SampleServer","ApplicationUri":"urn:desktop-bgfjs91:OPCFoundation:CoreSampleServer","DisplayName":"nsu=http://opcfoundation.org/UA/Plc/Applications;s=BadFastRandomUIntScalar1","Timestamp":"2024-04-27T09:34:09.7782266Z","Value":{"Value":1182544832,"SourceTimestamp":"2024-04-27T09:34:08.9195443Z","ServerTimestamp":"2024-04-27T09:34:08.9195466Z"},"SequenceNumber":451,"ExtensionFields":{}}