{"NodeId":"nsu=http://opcfoundation.org/UA/Plc/Applications;s=BadFastRandomUIntScalar1","EndpointUrl":"opc.tcp://localhost:61457/UA/SampleServer","ApplicationUri":"urn:desktop-bgfjs91:OPCFoundation:CoreSampleServer","DisplayName":"nsu=http://opcfoundation.org/UA/Plc/Applications;s=BadFastRandomUIntScalar1","Timestamp":"2024-04-27T09:34:15.7763442Z","Value":{"Value":84761879,"SourceTimestamp":"2024-04-27T09:34:14.9161159Z","ServerTimestamp":"2024-04-27T09:34:14.9161374Z"},"SequenceNumber":491,"ExtensionFields":{}}