{"MessageId":"1ee081c8-065c-4566-9190-d103f96446fe","MessageType":"ua-data","PublisherId":"DESKTOP-BGFJS91","DataSetWriterGroup":"<<UnknownWriterGroup>>","Messages":[{"DataSetWriterId":13,"SequenceNumber":15,"MetaDataVersion":{"MajorVersion":1},"Timestamp":"2024-04-27T10:50:19.8342938Z","MessageType":"ua-deltaframe","DataSetWriterName":"Assembly","Payload":{"nsu=http://opcfoundation.org/UA/Plc/Applications;s=PositiveTrendData":{"Value":101.40000000000001,"SourceTimestamp":"2024-04-27T10:50:19.3220916Z","ServerTimestamp":"2024-04-27T10:50:19.3221011Z"}}}]}