[{"DataSetWriterId":1,"SequenceNumber":4,"MetaDataVersion":{"MajorVersion":1},"Timestamp":"2024-04-26T12:10:02.857899Z","MessageType":"ua-deltaframe","DataSetWriterName":"<<UnknownDataSet>>","Payload":{"nsu=http://opcfoundation.org/UA/Plc/Applications;s=SlowUIntScalar1":{"Value":4,"SourceTimestamp":"2024-04-26T12:10:01.2448927Z","ServerTimestamp":"2024-04-26T12:10:01.244896Z"},"nsu=http://opcfoundation.org/UA/Plc/Applications;s=SlowUIntScalar2":{"Value":4,"SourceTimestamp":"2024-04-26T12:10:01.2449098Z","ServerTimestamp":"2024-04-26T12:10:01.2449105Z"},"nsu=http://opcfoundation.org/UA/Plc/Applications;s=SlowUIntScalar3":{"Value":4,"SourceTimestamp":"2024-04-26T12:10:01.2449119Z","ServerTimestamp":"2024-04-26T12:10:01.2449124Z"},"nsu=http://opcfoundation.org/UA/Plc/Applications;s=BadSlowUIntScalar1":{"Value":4,"StatusCode":{"Symbol":"UncertainLastUsableValue","Code":1083179008},"SourceTimestamp":"2024-04-26T12:10:01.2449139Z","ServerTimestamp":"2024-04-26T12:10:01.2449144Z"}}}]