[{"DataSetWriterId":1,"SequenceNumber":6,"MetaDataVersion":{"MajorVersion":1},"Timestamp":"2024-04-26T12:10:22.8927931Z","MessageType":"ua-deltaframe","DataSetWriterName":"<<UnknownDataSet>>","Payload":{"nsu=http://opcfoundation.org/UA/Plc/Applications;s=SlowUIntScalar1":{"Value":6,"SourceTimestamp":"2024-04-26T12:10:21.2499536Z","ServerTimestamp":"2024-04-26T12:10:21.2499565Z"},"nsu=http://opcfoundation.org/UA/Plc/Applications;s=SlowUIntScalar2":{"Value":6,"SourceTimestamp":"2024-04-26T12:10:21.2499632Z","ServerTimestamp":"2024-04-26T12:10:21.2499637Z"},"nsu=http://opcfoundation.org/UA/Plc/Applications;s=SlowUIntScalar3":{"Value":6,"SourceTimestamp":"2024-04-26T12:10:21.2499646Z","ServerTimestamp":"2024-04-26T12:10:21.2499649Z"},"nsu=http://opcfoundation.org/UA/Plc/Applications;s=BadSlowUIntScalar1":{"Value":6,"SourceTimestamp":"2024-04-26T12:10:21.249966Z","ServerTimestamp":"2024-04-26T12:10:21.2499661Z"}}}]