[{"SequenceNumber":12,"MetaDataVersion":{"MajorVersion":1},"Timestamp":"2024-04-26T12:10:31.7493131Z","MessageType":"ua-deltaframe","DataSetWriterName":"<<UnknownDataSet>>","Payload":{"nsu=http://opcfoundation.org/UA/Plc/Applications;s=NegativeTrendData":{"Value":99.5,"SourceTimestamp":"2024-04-26T12:10:31.3557575Z","ServerTimestamp":"2024-04-26T12:10:31.3557625Z"},"nsu=http://opcfoundation.org/UA/Plc/Applications;s=PositiveTrendData":{"Value":101.09999999999999,"SourceTimestamp":"2024-04-26T12:10:31.3557575Z","ServerTimestamp":"2024-04-26T12:10:31.3557585Z"}}}]