[{"DataSetWriterId":1,"SequenceNumber":2,"MetaDataVersion":{"MajorVersion":1},"Timestamp":"2024-04-26T12:09:42.8700974Z","MessageType":"ua-deltaframe","DataSetWriterName":"<<UnknownDataSet>>","Payload":{"nsu=http://opcfoundation.org/UA/Plc/Applications;s=SlowUIntScalar1":{"Value":2,"SourceTimestamp":"2024-04-26T12:09:41.2569547Z","ServerTimestamp":"2024-04-26T12:09:41.2569569Z"},"nsu=http://opcfoundation.org/UA/Plc/Applications;s=SlowUIntScalar2":{"Value":2,"SourceTimestamp":"2024-04-26T12:09:41.2569651Z","ServerTimestamp":"2024-04-26T12:09:41.2569657Z"},"nsu=http://opcfoundation.org/UA/Plc/Applications;s=SlowUIntScalar3":{"Value":2,"SourceTimestamp":"2024-04-26T12:09:41.2569671Z","ServerTimestamp":"2024-04-26T12:09:41.2569677Z"},"nsu=http://opcfoundation.org/UA/Plc/Applications;s=BadSlowUIntScalar1":{"Value":2,"SourceTimestamp":"2024-04-26T12:09:41.2569689Z","ServerTimestamp":"2024-04-26T12:09:41.2569695Z"}}}]