{"EventId":"QfL/+LeILEmxlGTUfJ/BRA==","EventType":{"IdType":1,"Id":"ReferenceChange"},"SourceNode":{"Id":281,"Namespace":"http://opcfoundation.org/UA/Vehicles/Instances"},"Time":"2024-04-28T09:43:05.3198459Z","Change":{"ReferenceTypeId":{"Id":47},"IsForward":true,"NodeId":{"Id":375,"Namespace":"http://opcfoundation.org/UA/Vehicles/Instances"},"BrowseName":{"Name":"DriverOfTheMonth","Uri":"http://opcfoundation.org/UA/Vehicles/Instances"},"DisplayName":"DriverOfTheMonth","NodeClass":"Object_1","TypeDefinition":{"Id":341,"Namespace":"http://opcfoundation.org/UA/Vehicles/Types"}}}