{"EventId":"GH67WilbbUK3EwLJdhu2bw==","EventType":{"IdType":1,"Id":"ReferenceChange"},"SourceNode":{"Id":442,"Namespace":"http://opcfoundation.org/UA/Views"},"Time":"2024-04-28T09:43:05.3264715Z","Change":{"ReferenceTypeId":{"Id":35},"IsForward":true,"NodeId":{"IdType":1,"Id":"0:Boiler #1","Namespace":"http://opcfoundation.org/UA/Views"},"BrowseName":{"Name":"Boiler #1","Uri":"http://opcfoundation.org/UA/Views"},"DisplayName":"Boiler #1","NodeClass":"Object_1","TypeDefinition":{"Id":390,"Namespace":"http://opcfoundation.org/UA/Views"}}}