{"EventId":"W8KhJ6QnWkGdkQUpLTlbYA==","EventType":{"IdType":1,"Id":"NodeChange"},"SourceNode":{"Id":15013,"Namespace":"http://opcfoundation.org/UA/Plc"},"Time":"2024-04-28T09:43:05.3310209Z","Change":{"NodeId":{"Id":15013,"Namespace":"http://opcfoundation.org/UA/Plc"},"NodeClass":"Variable_2","BrowseName":{"Name":"PlcStatus","Uri":"http://opcfoundation.org/UA/Plc"},"DisplayName":"PlcStatus","RolePermissions":[],"UserRolePermissions":[],"References":[],"Value":null,"DataType":{"Id":15032,"Namespace":"http://opcfoundation.org/UA/Plc"},"ValueRank":-1,"ArrayDimensions":[],"AccessLevel":1,"UserAccessLevel":1,"AccessLevelEx":1}}