{"EventId":"EEXgGohhik6AEPUCCwuV2Q==","EventType":{"IdType":1,"Id":"NodeChange"},"SourceNode":{"Id":1,"Namespace":"http://opcfoundation.org/UA/Boiler//Instance"},"Time":"2024-04-28T09:43:05.3371839Z","Change":{"NodeId":{"Id":1,"Namespace":"http://opcfoundation.org/UA/Boiler//Instance"},"NodeClass":"Object_1","BrowseName":{"Name":"Boiler #2","Uri":"http://opcfoundation.org/UA/Boiler//Instance"},"DisplayName":"Boiler #2","RolePermissions":[],"UserRolePermissions":[],"References":[],"EventNotifier":1}}