{"EventId":"jHUrBVQJ302uQvuG2AMD2A==","EventType":{"IdType":1,"Id":"ReferenceChange"},"SourceNode":{"Id":1240,"Namespace":"http://opcfoundation.org/UA/Boiler/"},"Time":"2024-04-28T09:43:05.3372929Z","Change":{"ReferenceTypeId":{"Id":48},"IsForward":true,"NodeId":{"Id":1241,"Namespace":"http://opcfoundation.org/UA/Boiler/"},"BrowseName":{"Name":"Boiler #1","Uri":"http://opcfoundation.org/UA/Boiler/"},"DisplayName":"Boiler #1","NodeClass":"Object_1","TypeDefinition":{"Id":1132,"Namespace":"http://opcfoundation.org/UA/Boiler/"}}}