{"EventId":"bxl70RvOJUa7e34rPgX2qg==","EventType":{"IdType":1,"Id":"NodeChange"},"SourceNode":{"IdType":1,"Id":"DataAccess","Namespace":"http://opcfoundation.org/ReferenceApplications"},"Time":"2024-04-28T09:43:05.3421057Z","Change":{"NodeId":{"IdType":1,"Id":"DataAccess","Namespace":"http://opcfoundation.org/ReferenceApplications"},"NodeClass":"Object_1","BrowseName":{"Name":"DataAccess","Uri":"http://opcfoundation.org/ReferenceApplications"},"DisplayName":"DataAccess","RolePermissions":[],"UserRolePermissions":[],"References":[]}}