{"EventId":"l+SQVPA6g0iFhc6KPFgUAw==","EventType":{"IdType":1,"Id":"ReferenceChange"},"SourceNode":{"IdType":1,"Id":"CTT","Namespace":"http://opcfoundation.org/ReferenceApplications"},"Time":"2024-04-28T09:43:05.342235Z","Change":{"ReferenceTypeId":{"Id":35},"IsForward":true,"NodeId":{"IdType":1,"Id":"References","Namespace":"http://opcfoundation.org/ReferenceApplications"},"BrowseName":{"Name":"References","Uri":"http://opcfoundation.org/ReferenceApplications"},"DisplayName":"References","NodeClass":"Object_1","TypeDefinition":{"Id":61}}}