{"EventId":"DXIq4wwwSUq/mevisRgHJw==","EventType":{"IdType":1,"Id":"NodeChange"},"SourceNode":{"IdType":1,"Id":"References","Namespace":"http://opcfoundation.org/ReferenceApplications"},"Time":"2024-04-28T09:43:05.3436485Z","Change":{"NodeId":{"IdType":1,"Id":"References","Namespace":"http://opcfoundation.org/ReferenceApplications"},"NodeClass":"Object_1","BrowseName":{"Name":"References","Uri":"http://opcfoundation.org/ReferenceApplications"},"DisplayName":"References","RolePermissions":[],"UserRolePermissions":[],"References":[]}}