{"EventId":"EF4qruBS2U+Hu8apL3sJdw==","EventType":{"IdType":1,"Id":"NodeChange"},"SourceNode":{"IdType":1,"Id":"NodeIds","Namespace":"http://opcfoundation.org/ReferenceApplications"},"Time":"2024-04-28T09:43:05.3467499Z","Change":{"NodeId":{"IdType":1,"Id":"NodeIds","Namespace":"http://opcfoundation.org/ReferenceApplications"},"NodeClass":"Object_1","BrowseName":{"Name":"NodeIds","Uri":"http://opcfoundation.org/ReferenceApplications"},"DisplayName":"NodeIds","RolePermissions":[],"UserRolePermissions":[],"References":[]}}