{"EventId":"keJEWvSYFEWcH8K4JvY8iw==","EventType":{"IdType":1,"Id":"NodeChange"},"SourceNode":{"IdType":1,"Id":"Views","Namespace":"http://opcfoundation.org/ReferenceApplications"},"Time":"2024-04-28T09:43:05.349891Z","Change":{"NodeId":{"IdType":1,"Id":"Views","Namespace":"http://opcfoundation.org/ReferenceApplications"},"NodeClass":"Object_1","BrowseName":{"Name":"Views","Uri":"http://opcfoundation.org/ReferenceApplications"},"DisplayName":"Views","RolePermissions":[],"UserRolePermissions":[],"References":[]}}