{"EventId":"K9+QVjfOmUuLZ0VNEEJHgg==","EventType":{"IdType":1,"Id":"NodeChange"},"SourceNode":{"IdType":1,"Id":"Attributes","Namespace":"http://opcfoundation.org/ReferenceApplications"},"Time":"2024-04-28T09:43:05.3529116Z","Change":{"NodeId":{"IdType":1,"Id":"Attributes","Namespace":"http://opcfoundation.org/ReferenceApplications"},"NodeClass":"Object_1","BrowseName":{"Name":"Attributes","Uri":"http://opcfoundation.org/ReferenceApplications"},"DisplayName":"Attributes","RolePermissions":[],"UserRolePermissions":[],"References":[]}}