{"EventId":"31pjjUPOQ0C3TxKaF5c9qw==","EventType":{"IdType":1,"Id":"NodeChange"},"SourceNode":{"IdType":1,"Id":"Sample","Namespace":"http://opcfoundation.org/HistoricalAccess"},"Time":"2024-04-28T09:43:05.3560702Z","Change":{"NodeId":{"IdType":1,"Id":"Sample","Namespace":"http://opcfoundation.org/HistoricalAccess"},"NodeClass":"Object_1","BrowseName":{"Name":"Sample","Uri":"http://opcfoundation.org/HistoricalAccess"},"DisplayName":"Sample","RolePermissions":[],"UserRolePermissions":[],"References":[]}}