{"EventId":"Unvbt6kzw0+uJ4sHqeEKDQ==","EventType":{"IdType":1,"Id":"NodeChange"},"SourceNode":{"IdType":1,"Id":"OpcPlc","Namespace":"http://opcfoundation.org/UA/Plc/Applications"},"Time":"2024-04-28T09:43:05.1907573Z","Change":{"NodeId":{"IdType":1,"Id":"OpcPlc","Namespace":"http://opcfoundation.org/UA/Plc/Applications"},"NodeClass":"Object_1","BrowseName":{"Name":"OpcPlc","Uri":"http://opcfoundation.org/UA/Plc/Applications"},"DisplayName":"OpcPlc","RolePermissions":[],"UserRolePermissions":[],"References":[],"EventNotifier":1}}