{"EventId":"aS5YeCmRF0WMGPv5ggn8QA==","EventType":{"IdType":1,"Id":"ReferenceChange"},"SourceNode":{"Id":375,"Namespace":"http://opcfoundation.org/UA/Vehicles/Instances"},"Time":"2024-04-28T09:43:05.6483804Z","Change":{"ReferenceTypeId":{"Id":46},"IsForward":true,"NodeId":{"Id":376,"Namespace":"http://opcfoundation.org/UA/Vehicles/Instances"},"BrowseName":{"Name":"PrimaryVehicle","Uri":"http://opcfoundation.org/UA/Vehicles/Types"},"DisplayName":"PrimaryVehicle","NodeClass":"Variable_2","TypeDefinition":{"Id":68}}}