{"EventId":"DC+bJ11UnU6nX9++Wi8gpg==","EventType":{"IdType":1,"Id":"NodeChange"},"SourceNode":{"IdType":1,"Id":"Well_91423","Namespace":"http://opcfoundation.org/HistoricalEvents"},"Time":"2024-04-28T09:43:05.6572603Z","Change":{"NodeId":{"IdType":1,"Id":"Well_91423","Namespace":"http://opcfoundation.org/HistoricalEvents"},"NodeClass":"Object_1","BrowseName":{"Name":"Mars","Uri":"http://opcfoundation.org/HistoricalEvents"},"DisplayName":"Mars","RolePermissions":[],"UserRolePermissions":[],"References":[],"EventNotifier":13}}