{"EventId":"Eu0LITrynEiYO37YqvOsog==","EventType":{"IdType":1,"Id":"ReferenceChange"},"SourceNode":{"IdType":1,"Id":"0:Boiler #1","Namespace":"http://opcfoundation.org/UA/Views"},"Time":"2024-04-28T09:43:05.6603269Z","Change":{"ReferenceTypeId":{"Id":47},"IsForward":true,"NodeId":{"IdType":1,"Id":"0:Boiler #1?Drum","Namespace":"http://opcfoundation.org/UA/Views"},"BrowseName":{"Name":"Drum","Uri":"http://opcfoundation.org/UA/Views"},"DisplayName":"Drum","NodeClass":"Object_1","TypeDefinition":{"Id":58}}}