{"EventId":"FWh9DG9iaU6IBxFJhOoDlw==","EventType":{"IdType":1,"Id":"NodeChange"},"SourceNode":{"IdType":1,"Id":"0:Boiler #2?WaterIn","Namespace":"http://opcfoundation.org/UA/Views"},"Time":"2024-04-28T09:43:05.6631395Z","Change":{"NodeId":{"IdType":1,"Id":"0:Boiler #2?WaterIn","Namespace":"http://opcfoundation.org/UA/Views"},"NodeClass":"Object_1","BrowseName":{"Name":"WaterIn","Uri":"http://opcfoundation.org/UA/Views"},"DisplayName":"WaterIn","RolePermissions":[],"UserRolePermissions":[],"References":[]}}