{"EventId":"ma/G6mOC9ka5HZm/Yc5/hQ==","EventType":{"IdType":1,"Id":"ReferenceChange"},"SourceNode":{"IdType":1,"Id":"0:Boiler #2","Namespace":"http://opcfoundation.org/UA/Views"},"Time":"2024-04-28T09:43:05.6648025Z","Change":{"ReferenceTypeId":{"Id":47},"IsForward":true,"NodeId":{"IdType":1,"Id":"0:Boiler #2?Drum","Namespace":"http://opcfoundation.org/UA/Views"},"BrowseName":{"Name":"Drum","Uri":"http://opcfoundation.org/UA/Views"},"DisplayName":"Drum","NodeClass":"Object_1","TypeDefinition":{"Id":58}}}