{"EventId":"TQ4qIOWmaEujLpCcnF+V/g==","EventType":{"IdType":1,"Id":"NodeChange"},"SourceNode":{"IdType":1,"Id":"Views_Engineering","Namespace":"http://opcfoundation.org/ReferenceApplications"},"Time":"2024-04-28T09:43:05.2198612Z","Change":{"NodeId":{"IdType":1,"Id":"Views_Engineering","Namespace":"http://opcfoundation.org/ReferenceApplications"},"NodeClass":"View_128","BrowseName":{"Name":"Engineering","Uri":"http://opcfoundation.org/ReferenceApplications"},"DisplayName":"Engineering","RolePermissions":[],"UserRolePermissions":[],"References":[],"ContainsNoLoops":true}}