{"MessageId":"0b72650b-c16c-402e-a9f1-3f8522d2aea8","MessageType":"ua-data","PublisherId":"DESKTOP-BGFJS91","DataSetWriterGroup":"Packaging","Messages":[{"MetaDataVersion":{"MajorVersion":1},"MessageType":"ua-deltaframe","DataSetWriterName":"<<UnknownDataSet>>","Payload":{"nsu=http://opcfoundation.org/UA/Plc/Applications;s=SlowRandomUIntScalar1":{"Value":{"Type":7,"Body":3070307521},"SourceTimestamp":"2024-04-26T12:01:59.4408925Z"},"nsu=http://opcfoundation.org/UA/Plc/Applications;s=SlowRandomUIntScalar2":{"Value":{"Type":7,"Body":3033131756},"SourceTimestamp":"2024-04-26T12:01:59.4409299Z"},"nsu=http://opcfoundation.org/UA/Plc/Applications;s=SlowRandomUIntScalar3":{"Value":{"Type":7,"Body":2063176810},"SourceTimestamp":"2024-04-26T12:01:59.4409322Z"},"nsu=http://opcfoundation.org/UA/Plc/Applications;s=BadSlowRandomUIntScalar1":{"Value":{"Type":7,"Body":1961544665},"StatusCode":1083179008,"SourceTimestamp":"2024-04-26T12:01:59.4409352Z"}}}]}