{"MessageId":"e5c5cccc-42ac-4259-b1f8-c06afbf94cd0","MessageType":"ua-data","PublisherId":"DESKTOP-BGFJS91","DataSetWriterGroup":"Packaging","Messages":[{"MetaDataVersion":{"MajorVersion":1},"MessageType":"ua-deltaframe","DataSetWriterName":"<<UnknownDataSet>>","Payload":{"nsu=http://opcfoundation.org/UA/Plc/Applications;s=SlowRandomUIntScalar1":{"Value":{"Type":7,"Body":1733892380},"SourceTimestamp":"2024-04-26T12:02:09.426858Z"},"nsu=http://opcfoundation.org/UA/Plc/Applications;s=SlowRandomUIntScalar2":{"Value":{"Type":7,"Body":1225469631},"SourceTimestamp":"2024-04-26T12:02:09.4268631Z"},"nsu=http://opcfoundation.org/UA/Plc/Applications;s=SlowRandomUIntScalar3":{"Value":{"Type":7,"Body":2911172084},"SourceTimestamp":"2024-04-26T12:02:09.4268646Z"},"nsu=http://opcfoundation.org/UA/Plc/Applications;s=BadSlowRandomUIntScalar1":{"Value":{"Type":7,"Body":3613599004},"SourceTimestamp":"2024-04-26T12:02:09.4268661Z"}}}]}