{"MessageId":"4dd0e032-03fb-4add-b308-11455730d686","MessageType":"ua-data","PublisherId":"DESKTOP-BGFJS91","DataSetWriterGroup":"Packaging","Messages":[{"MetaDataVersion":{"MajorVersion":1},"MessageType":"ua-deltaframe","DataSetWriterName":"<<UnknownDataSet>>","Payload":{"nsu=http://opcfoundation.org/UA/Plc/Applications;s=SlowRandomUIntScalar1":{"Value":{"Type":7,"Body":2876778201},"SourceTimestamp":"2024-04-26T12:02:39.4298587Z"},"nsu=http://opcfoundation.org/UA/Plc/Applications;s=SlowRandomUIntScalar2":{"Value":{"Type":7,"Body":3800504717},"SourceTimestamp":"2024-04-26T12:02:39.4298638Z"},"nsu=http://opcfoundation.org/UA/Plc/Applications;s=SlowRandomUIntScalar3":{"Value":{"Type":7,"Body":842873734},"SourceTimestamp":"2024-04-26T12:02:39.4298663Z"},"nsu=http://opcfoundation.org/UA/Plc/Applications;s=BadSlowRandomUIntScalar1":{"Value":{"Type":7,"Body":3614476152},"StatusCode":1083179008,"SourceTimestamp":"2024-04-26T12:02:39.4298681Z"}}}]}