{"MessageId":"6503c388-0495-4c5a-8051-ed5c986d68f7","MessageType":"ua-data","PublisherId":"DESKTOP-BGFJS91","DataSetWriterGroup":"Packaging","Messages":[{"MetaDataVersion":{"MajorVersion":1},"MessageType":"ua-deltaframe","DataSetWriterName":"<<UnknownDataSet>>","Payload":{"nsu=http://opcfoundation.org/UA/Plc/Applications;s=SlowRandomUIntScalar1":{"Value":{"Type":7,"Body":2723623954},"SourceTimestamp":"2024-04-26T12:01:29.4335597Z"},"nsu=http://opcfoundation.org/UA/Plc/Applications;s=SlowRandomUIntScalar2":{"Value":{"Type":7,"Body":1511558626},"SourceTimestamp":"2024-04-26T12:01:29.4335693Z"},"nsu=http://opcfoundation.org/UA/Plc/Applications;s=SlowRandomUIntScalar3":{"Value":{"Type":7,"Body":3365125083},"SourceTimestamp":"2024-04-26T12:01:29.4335715Z"},"nsu=http://opcfoundation.org/UA/Plc/Applications;s=BadSlowRandomUIntScalar1":{"Value":{"Type":7,"Body":1895476018},"SourceTimestamp":"2024-04-26T12:01:29.433573Z"}}}]}