{"SequenceNumber":97,"MetaDataVersion":{"MajorVersion":1},"Timestamp":"2024-04-27T17:08:34.0823727Z","MessageType":"ua-deltaframe","DataSetWriterName":"<<UnknownDataSet>>","Payload":{"nsu=http://opcfoundation.org/UA/Plc/Applications;s=StepUp":{"Value":{"Type":7,"Body":1088},"SourceTimestamp":"2024-04-27T17:08:34.0354501Z","ServerTimestamp":"2024-04-27T17:08:34.0354582Z"},"nsu=http://opcfoundation.org/UA/Plc/Applications;s=RandomSignedInt32":{"Value":{"Type":6,"Body":1845353082},"SourceTimestamp":"2024-04-27T17:08:34.0354785Z","ServerTimestamp":"2024-04-27T17:08:34.035484Z"},"nsu=http://opcfoundation.org/UA/Plc/Applications;s=RandomUnsignedInt32":{"Value":{"Type":7,"Body":1899757474},"SourceTimestamp":"2024-04-27T17:08:34.0354459Z","ServerTimestamp":"2024-04-27T17:08:34.0354483Z"},"nsu=http://opcfoundation.org/UA/Plc/Applications;s=DipData":{"Value":{"Type":11,"Body":-1000},"SourceTimestamp":"2024-04-27T17:08:34.0354676Z","ServerTimestamp":"2024-04-27T17:08:34.0354688Z"},"nsu=http://opcfoundation.org/UA/Plc/Applications;s=FastUIntScalar1":{"Value":{"Type":7,"Body":108},"SourceTimestamp":"2024-04-27T17:08:33.2290529Z","ServerTimestamp":"2024-04-27T17:08:33.2290549Z"},"nsu=http://opcfoundation.org/UA/Plc/Applications;s=FastUIntScalar2":{"Value":{"Type":7,"Body":108},"SourceTimestamp":"2024-04-27T17:08:33.2290621Z","ServerTimestamp":"2024-04-27T17:08:33.2290627Z"},"nsu=http://opcfoundation.org/UA/Plc/Applications;s=FastUIntScalar3":{"Value":{"Type":7,"Body":108},"SourceTimestamp":"2024-04-27T17:08:33.2290639Z","ServerTimestamp":"2024-04-27T17:08:33.2290647Z"},"nsu=http://opcfoundation.org/UA/Plc/Applications;s=FastRandomUIntScalar1":{"Value":{"Type":7,"Body":341187811},"SourceTimestamp":"2024-04-27T17:08:33.2290451Z","ServerTimestamp":"2024-04-27T17:08:33.2290462Z"},"nsu=http://opcfoundation.org/UA/Plc/Applications;s=FastRandomUIntScalar2":{"Value":{"Type":7,"Body":605060226},"SourceTimestamp":"2024-04-27T17:08:33.2290479Z","ServerTimestamp":"2024-04-27T17:08:33.2290485Z"},"nsu=http://opcfoundation.org/UA/Plc/Applications;s=FastRandomUIntScalar3":{"Value":{"Type":7,"Body":1566306188},"SourceTimestamp":"2024-04-27T17:08:33.2290496Z","ServerTimestamp":"2024-04-27T17:08:33.2290501Z"},"nsu=http://opcfoundation.org/UA/Plc/Applications;s=SpikeData":{"Value":{"Type":11,"Body":99.80267284282715},"SourceTimestamp":"2024-04-27T17:08:34.0354876Z","ServerTimestamp":"2024-04-27T17:08:34.035489Z"}}}