{"SequenceNumber":11,"MetaDataVersion":{"MajorVersion":1},"Timestamp":"2024-04-27T17:06:56.0624799Z","MessageType":"ua-deltaframe","DataSetWriterName":"<<UnknownDataSet>>","Payload":{"nsu=http://opcfoundation.org/UA/Plc/Applications;s=StepUp":{"Value":{"Type":7,"Body":108},"SourceTimestamp":"2024-04-27T17:06:56.0305197Z","ServerTimestamp":"2024-04-27T17:06:56.0305236Z"},"nsu=http://opcfoundation.org/UA/Plc/Applications;s=AlternatingBoolean":{"Value":{"Type":1,"Body":true},"SourceTimestamp":"2024-04-27T17:06:55.3323419Z","ServerTimestamp":"2024-04-27T17:06:55.3323454Z"},"nsu=http://opcfoundation.org/UA/Plc/Applications;s=RandomSignedInt32":{"Value":{"Type":6,"Body":-1521322921},"SourceTimestamp":"2024-04-27T17:06:56.0305574Z","ServerTimestamp":"2024-04-27T17:06:56.0305596Z"},"nsu=http://opcfoundation.org/UA/Plc/Applications;s=RandomUnsignedInt32":{"Value":{"Type":7,"Body":1454171147},"SourceTimestamp":"2024-04-27T17:06:56.0305027Z","ServerTimestamp":"2024-04-27T17:06:56.0305062Z"},"nsu=http://opcfoundation.org/UA/Plc/Applications;s=DipData":{"Value":{"Type":11,"Body":-77.0513242775789},"SourceTimestamp":"2024-04-27T17:06:56.0305427Z","ServerTimestamp":"2024-04-27T17:06:56.0305477Z"},"nsu=http://opcfoundation.org/UA/Plc/Applications;s=FastUIntScalar1":{"Value":{"Type":7,"Body":10},"SourceTimestamp":"2024-04-27T17:06:55.238679Z","ServerTimestamp":"2024-04-27T17:06:55.2386798Z"},"nsu=http://opcfoundation.org/UA/Plc/Applications;s=FastUIntScalar2":{"Value":{"Type":7,"Body":10},"SourceTimestamp":"2024-04-27T17:06:55.2386811Z","ServerTimestamp":"2024-04-27T17:06:55.2386825Z"},"nsu=http://opcfoundation.org/UA/Plc/Applications;s=FastUIntScalar3":{"Value":{"Type":7,"Body":10},"SourceTimestamp":"2024-04-27T17:06:55.238717Z","ServerTimestamp":"2024-04-27T17:06:55.2387193Z"},"nsu=http://opcfoundation.org/UA/Plc/Applications;s=FastRandomUIntScalar1":{"Value":{"Type":7,"Body":3220342995},"SourceTimestamp":"2024-04-27T17:06:55.2386852Z","ServerTimestamp":"2024-04-27T17:06:55.2387147Z"},"nsu=http://opcfoundation.org/UA/Plc/Applications;s=FastRandomUIntScalar2":{"Value":{"Type":7,"Body":1299765197},"SourceTimestamp":"2024-04-27T17:06:55.2387201Z","ServerTimestamp":"2024-04-27T17:06:55.2387222Z"},"nsu=http://opcfoundation.org/UA/Plc/Applications;s=FastRandomUIntScalar3":{"Value":{"Type":7,"Body":1016841164},"SourceTimestamp":"2024-04-27T17:06:55.2387235Z","ServerTimestamp":"2024-04-27T17:06:55.2387239Z"},"nsu=http://opcfoundation.org/UA/Plc/Applications;s=NegativeTrendData":{"Value":{"Type":11,"Body":99.799999999999997},"SourceTimestamp":"2024-04-27T17:06:55.3323659Z","ServerTimestamp":"2024-04-27T17:06:55.3323697Z"},"nsu=http://opcfoundation.org/UA/Plc/Applications;s=SpikeData":{"Value":{"Type":11,"Body":-77.0513242775789},"SourceTimestamp":"2024-04-27T17:06:56.0305453Z","ServerTimestamp":"2024-04-27T17:06:56.0305559Z"}}}