{"DataSetWriterId":1,"SequenceNumber":11,"MetaDataVersion":{"MajorVersion":1},"Timestamp":"2024-04-27T17:08:36.1277665Z","MessageType":"ua-deltaframe","DataSetWriterName":"<<UnknownDataSet>>","Payload":{"nsu=http://opcfoundation.org/UA/Plc/Applications;s=SlowUIntScalar1":{"Value":{"Type":7,"Body":11},"SourceTimestamp":"2024-04-27T17:08:35.2275729Z","ServerTimestamp":"2024-04-27T17:08:35.2275785Z"},"nsu=http://opcfoundation.org/UA/Plc/Applications;s=SlowUIntScalar2":{"Value":{"Type":7,"Body":11},"SourceTimestamp":"2024-04-27T17:08:35.2275943Z","ServerTimestamp":"2024-04-27T17:08:35.2275953Z"},"nsu=http://opcfoundation.org/UA/Plc/Applications;s=SlowUIntScalar3":{"Value":{"Type":7,"Body":11},"SourceTimestamp":"2024-04-27T17:08:35.2275975Z","ServerTimestamp":"2024-04-27T17:08:35.2275983Z"},"nsu=http://opcfoundation.org/UA/Plc/Applications;s=BadSlowUIntScalar1":{"Value":{"Type":7,"Body":1},"SourceTimestamp":"2024-04-27T17:08:35.2276008Z","ServerTimestamp":"2024-04-27T17:08:35.2276019Z"},"nsu=http://opcfoundation.org/UA/Plc/Applications;s=SlowRandomUIntScalar1":{"Value":{"Type":7,"Body":1990338277},"SourceTimestamp":"2024-04-27T17:08:35.227727Z","ServerTimestamp":"2024-04-27T17:08:35.2277352Z"},"nsu=http://opcfoundation.org/UA/Plc/Applications;s=SlowRandomUIntScalar2":{"Value":{"Type":7,"Body":1792315740},"SourceTimestamp":"2024-04-27T17:08:35.2277714Z","ServerTimestamp":"2024-04-27T17:08:35.2277761Z"},"nsu=http://opcfoundation.org/UA/Plc/Applications;s=SlowRandomUIntScalar3":{"Value":{"Type":7,"Body":1811556930},"SourceTimestamp":"2024-04-27T17:08:35.2277882Z","ServerTimestamp":"2024-04-27T17:08:35.2277897Z"},"nsu=http://opcfoundation.org/UA/Plc/Applications;s=BadSlowRandomUIntScalar1":{"Value":{"Type":7,"Body":4034790152},"SourceTimestamp":"2024-04-27T17:08:35.2277931Z","ServerTimestamp":"2024-04-27T17:08:35.2277977Z"}}}