{"SequenceNumber":102,"MetaDataVersion":{"MajorVersion":1},"Timestamp":"2024-04-27T17:08:40.0735738Z","MessageType":"ua-deltaframe","DataSetWriterName":"<<UnknownDataSet>>","Payload":{"nsu=http://opcfoundation.org/UA/Plc/Applications;s=StepUp":{"Value":{"Type":7,"Body":1148},"SourceTimestamp":"2024-04-27T17:08:40.0261434Z","ServerTimestamp":"2024-04-27T17:08:40.0261463Z"},"nsu=http://opcfoundation.org/UA/Plc/Applications;s=RandomSignedInt32":{"Value":{"Type":6,"Body":1969508683},"SourceTimestamp":"2024-04-27T17:08:40.0261719Z","ServerTimestamp":"2024-04-27T17:08:40.026173Z"},"nsu=http://opcfoundation.org/UA/Plc/Applications;s=RandomUnsignedInt32":{"Value":{"Type":7,"Body":572226990},"SourceTimestamp":"2024-04-27T17:08:40.0261589Z","ServerTimestamp":"2024-04-27T17:08:40.0261631Z"},"nsu=http://opcfoundation.org/UA/Plc/Applications;s=DipData":{"Value":{"Type":11,"Body":36.812455268467801},"SourceTimestamp":"2024-04-27T17:08:40.0261842Z","ServerTimestamp":"2024-04-27T17:08:40.0261854Z"},"nsu=http://opcfoundation.org/UA/Plc/Applications;s=FastUIntScalar1":{"Value":{"Type":7,"Body":114},"SourceTimestamp":"2024-04-27T17:08:39.2368857Z","ServerTimestamp":"2024-04-27T17:08:39.2368873Z"},"nsu=http://opcfoundation.org/UA/Plc/Applications;s=FastUIntScalar2":{"Value":{"Type":7,"Body":114},"SourceTimestamp":"2024-04-27T17:08:39.2368903Z","ServerTimestamp":"2024-04-27T17:08:39.2368912Z"},"nsu=http://opcfoundation.org/UA/Plc/Applications;s=FastUIntScalar3":{"Value":{"Type":7,"Body":114},"SourceTimestamp":"2024-04-27T17:08:39.2368932Z","ServerTimestamp":"2024-04-27T17:08:39.2368942Z"},"nsu=http://opcfoundation.org/UA/Plc/Applications;s=FastRandomUIntScalar1":{"Value":{"Type":7,"Body":3123348857},"SourceTimestamp":"2024-04-27T17:08:39.2369059Z","ServerTimestamp":"2024-04-27T17:08:39.2369082Z"},"nsu=http://opcfoundation.org/UA/Plc/Applications;s=FastRandomUIntScalar2":{"Value":{"Type":7,"Body":3740367504},"SourceTimestamp":"2024-04-27T17:08:39.2369157Z","ServerTimestamp":"2024-04-27T17:08:39.236917Z"},"nsu=http://opcfoundation.org/UA/Plc/Applications;s=FastRandomUIntScalar3":{"Value":{"Type":7,"Body":1097554360},"SourceTimestamp":"2024-04-27T17:08:39.2369191Z","ServerTimestamp":"2024-04-27T17:08:39.2369201Z"},"nsu=http://opcfoundation.org/UA/Plc/Applications;s=SpikeData":{"Value":{"Type":11,"Body":36.812455268467801},"SourceTimestamp":"2024-04-27T17:08:40.0261886Z","ServerTimestamp":"2024-04-27T17:08:40.02619Z"}}}