{"SequenceNumber":103,"MetaDataVersion":{"MajorVersion":1},"Timestamp":"2024-04-27T17:08:41.0668334Z","MessageType":"ua-deltaframe","DataSetWriterName":"<<UnknownDataSet>>","Payload":{"nsu=http://opcfoundation.org/UA/Plc/Applications;s=StepUp":{"Value":{"Type":7,"Body":1158},"SourceTimestamp":"2024-04-27T17:08:41.0356049Z","ServerTimestamp":"2024-04-27T17:08:41.0356076Z"},"nsu=http://opcfoundation.org/UA/Plc/Applications;s=AlternatingBoolean":{"Value":{"Type":1,"Body":false},"SourceTimestamp":"2024-04-27T17:08:40.3378686Z","ServerTimestamp":"2024-04-27T17:08:40.33787Z"},"nsu=http://opcfoundation.org/UA/Plc/Applications;s=RandomSignedInt32":{"Value":{"Type":6,"Body":-1172069443},"SourceTimestamp":"2024-04-27T17:08:41.0356272Z","ServerTimestamp":"2024-04-27T17:08:41.0356299Z"},"nsu=http://opcfoundation.org/UA/Plc/Applications;s=RandomUnsignedInt32":{"Value":{"Type":7,"Body":1631055154},"SourceTimestamp":"2024-04-27T17:08:41.0356129Z","ServerTimestamp":"2024-04-27T17:08:41.0356181Z"},"nsu=http://opcfoundation.org/UA/Plc/Applications;s=DipData":{"Value":{"Type":11,"Body":-77.0513242775789},"SourceTimestamp":"2024-04-27T17:08:41.0356381Z","ServerTimestamp":"2024-04-27T17:08:41.0356398Z"},"nsu=http://opcfoundation.org/UA/Plc/Applications;s=FastUIntScalar1":{"Value":{"Type":7,"Body":115},"SourceTimestamp":"2024-04-27T17:08:40.2292844Z","ServerTimestamp":"2024-04-27T17:08:40.2292979Z"},"nsu=http://opcfoundation.org/UA/Plc/Applications;s=FastUIntScalar2":{"Value":{"Type":7,"Body":115},"SourceTimestamp":"2024-04-27T17:08:40.2293013Z","ServerTimestamp":"2024-04-27T17:08:40.2293023Z"},"nsu=http://opcfoundation.org/UA/Plc/Applications;s=FastUIntScalar3":{"Value":{"Type":7,"Body":115},"SourceTimestamp":"2024-04-27T17:08:40.229304Z","ServerTimestamp":"2024-04-27T17:08:40.2293051Z"},"nsu=http://opcfoundation.org/UA/Plc/Applications;s=FastRandomUIntScalar1":{"Value":{"Type":7,"Body":122382831},"SourceTimestamp":"2024-04-27T17:08:40.2293157Z","ServerTimestamp":"2024-04-27T17:08:40.2293194Z"},"nsu=http://opcfoundation.org/UA/Plc/Applications;s=FastRandomUIntScalar2":{"Value":{"Type":7,"Body":2895743192},"SourceTimestamp":"2024-04-27T17:08:40.2293294Z","ServerTimestamp":"2024-04-27T17:08:40.2293307Z"},"nsu=http://opcfoundation.org/UA/Plc/Applications;s=FastRandomUIntScalar3":{"Value":{"Type":7,"Body":10628792},"SourceTimestamp":"2024-04-27T17:08:40.229333Z","ServerTimestamp":"2024-04-27T17:08:40.2293339Z"},"nsu=http://opcfoundation.org/UA/Plc/Applications;s=NegativeTrendData":{"Value":{"Type":11,"Body":97.700000000000003},"SourceTimestamp":"2024-04-27T17:08:40.3378741Z","ServerTimestamp":"2024-04-27T17:08:40.3378755Z"},"nsu=http://opcfoundation.org/UA/Plc/Applications;s=PositiveTrendData":{"Value":{"Type":11,"Body":101.8},"SourceTimestamp":"2024-04-27T17:08:40.3378784Z","ServerTimestamp":"2024-04-27T17:08:40.3378818Z"},"nsu=http://opcfoundation.org/UA/Plc/Applications;s=SpikeData":{"Value":{"Type":11,"Body":-77.0513242775789},"SourceTimestamp":"2024-04-27T17:08:41.0356422Z","ServerTimestamp":"2024-04-27T17:08:41.0356432Z"}}}