{"SequenceNumber":104,"MetaDataVersion":{"MajorVersion":1},"Timestamp":"2024-04-27T17:08:43.0448835Z","MessageType":"ua-deltaframe","DataSetWriterName":"<<UnknownDataSet>>","Payload":{"nsu=http://opcfoundation.org/UA/Plc/Applications;s=StepUp":{"Value":{"Type":7,"Body":1178},"SourceTimestamp":"2024-04-27T17:08:43.0288206Z","ServerTimestamp":"2024-04-27T17:08:43.0288263Z"},"nsu=http://opcfoundation.org/UA/Plc/Applications;s=RandomSignedInt32":{"Value":{"Type":6,"Body":996707269},"SourceTimestamp":"2024-04-27T17:08:43.02884Z","ServerTimestamp":"2024-04-27T17:08:43.0288486Z"},"nsu=http://opcfoundation.org/UA/Plc/Applications;s=RandomUnsignedInt32":{"Value":{"Type":7,"Body":57654856},"SourceTimestamp":"2024-04-27T17:08:43.0288265Z","ServerTimestamp":"2024-04-27T17:08:43.0288414Z"},"nsu=http://opcfoundation.org/UA/Plc/Applications;s=DipData":{"Value":{"Type":11,"Body":24.868988716485482},"SourceTimestamp":"2024-04-27T17:08:43.0288587Z","ServerTimestamp":"2024-04-27T17:08:43.0288668Z"},"nsu=http://opcfoundation.org/UA/Plc/Applications;s=FastUIntScalar1":{"Value":{"Type":7,"Body":117},"SourceTimestamp":"2024-04-27T17:08:42.2383772Z","ServerTimestamp":"2024-04-27T17:08:42.2384729Z"},"nsu=http://opcfoundation.org/UA/Plc/Applications;s=FastUIntScalar2":{"Value":{"Type":7,"Body":117},"SourceTimestamp":"2024-04-27T17:08:42.2384804Z","ServerTimestamp":"2024-04-27T17:08:42.2384829Z"},"nsu=http://opcfoundation.org/UA/Plc/Applications;s=FastUIntScalar3":{"Value":{"Type":7,"Body":117},"SourceTimestamp":"2024-04-27T17:08:42.2384897Z","ServerTimestamp":"2024-04-27T17:08:42.2384923Z"},"nsu=http://opcfoundation.org/UA/Plc/Applications;s=FastRandomUIntScalar1":{"Value":{"Type":7,"Body":3993009892},"SourceTimestamp":"2024-04-27T17:08:42.238384Z","ServerTimestamp":"2024-04-27T17:08:42.2384955Z"},"nsu=http://opcfoundation.org/UA/Plc/Applications;s=FastRandomUIntScalar2":{"Value":{"Type":7,"Body":1657882337},"SourceTimestamp":"2024-04-27T17:08:42.2385018Z","ServerTimestamp":"2024-04-27T17:08:42.2385065Z"},"nsu=http://opcfoundation.org/UA/Plc/Applications;s=FastRandomUIntScalar3":{"Value":{"Type":7,"Body":3874915638},"SourceTimestamp":"2024-04-27T17:08:42.2385113Z","ServerTimestamp":"2024-04-27T17:08:42.2385119Z"},"nsu=http://opcfoundation.org/UA/Plc/Applications;s=SpikeData":{"Value":{"Type":11,"Body":24.868988716485482},"SourceTimestamp":"2024-04-27T17:08:43.0288639Z","ServerTimestamp":"2024-04-27T17:08:43.0288709Z"}}}