{"SequenceNumber":24,"MetaDataVersion":{"MajorVersion":1},"Timestamp":"2024-04-27T17:07:11.066548Z","MessageType":"ua-deltaframe","DataSetWriterName":"<<UnknownDataSet>>","Payload":{"nsu=http://opcfoundation.org/UA/Plc/Applications;s=StepUp":{"Value":{"Type":7,"Body":258},"SourceTimestamp":"2024-04-27T17:07:11.0347531Z","ServerTimestamp":"2024-04-27T17:07:11.0347564Z"},"nsu=http://opcfoundation.org/UA/Plc/Applications;s=AlternatingBoolean":{"Value":{"Type":1,"Body":false},"SourceTimestamp":"2024-04-27T17:07:10.3362097Z","ServerTimestamp":"2024-04-27T17:07:10.3362108Z"},"nsu=http://opcfoundation.org/UA/Plc/Applications;s=RandomSignedInt32":{"Value":{"Type":6,"Body":858726617},"SourceTimestamp":"2024-04-27T17:07:11.0347753Z","ServerTimestamp":"2024-04-27T17:07:11.0347759Z"},"nsu=http://opcfoundation.org/UA/Plc/Applications;s=RandomUnsignedInt32":{"Value":{"Type":7,"Body":1509278053},"SourceTimestamp":"2024-04-27T17:07:11.0347792Z","ServerTimestamp":"2024-04-27T17:07:11.0347814Z"},"nsu=http://opcfoundation.org/UA/Plc/Applications;s=DipData":{"Value":{"Type":11,"Body":-77.0513242775789},"SourceTimestamp":"2024-04-27T17:07:11.0347861Z","ServerTimestamp":"2024-04-27T17:07:11.0347989Z"},"nsu=http://opcfoundation.org/UA/Plc/Applications;s=FastUIntScalar1":{"Value":{"Type":7,"Body":25},"SourceTimestamp":"2024-04-27T17:07:10.2275733Z","ServerTimestamp":"2024-04-27T17:07:10.2275741Z"},"nsu=http://opcfoundation.org/UA/Plc/Applications;s=FastUIntScalar2":{"Value":{"Type":7,"Body":25},"SourceTimestamp":"2024-04-27T17:07:10.2275762Z","ServerTimestamp":"2024-04-27T17:07:10.2275807Z"},"nsu=http://opcfoundation.org/UA/Plc/Applications;s=FastUIntScalar3":{"Value":{"Type":7,"Body":25},"SourceTimestamp":"2024-04-27T17:07:10.2275819Z","ServerTimestamp":"2024-04-27T17:07:10.2275834Z"},"nsu=http://opcfoundation.org/UA/Plc/Applications;s=FastRandomUIntScalar1":{"Value":{"Type":7,"Body":2274499987},"SourceTimestamp":"2024-04-27T17:07:10.2275733Z","ServerTimestamp":"2024-04-27T17:07:10.2275764Z"},"nsu=http://opcfoundation.org/UA/Plc/Applications;s=FastRandomUIntScalar2":{"Value":{"Type":7,"Body":2821218338},"SourceTimestamp":"2024-04-27T17:07:10.2275806Z","ServerTimestamp":"2024-04-27T17:07:10.227582Z"},"nsu=http://opcfoundation.org/UA/Plc/Applications;s=FastRandomUIntScalar3":{"Value":{"Type":7,"Body":1417506241},"SourceTimestamp":"2024-04-27T17:07:10.2275834Z","ServerTimestamp":"2024-04-27T17:07:10.2275848Z"},"nsu=http://opcfoundation.org/UA/Plc/Applications;s=NegativeTrendData":{"Value":{"Type":11,"Body":99.5},"SourceTimestamp":"2024-04-27T17:07:10.3362174Z","ServerTimestamp":"2024-04-27T17:07:10.3362304Z"},"nsu=http://opcfoundation.org/UA/Plc/Applications;s=SpikeData":{"Value":{"Type":11,"Body":-77.0513242775789},"SourceTimestamp":"2024-04-27T17:07:11.0347985Z","ServerTimestamp":"2024-04-27T17:07:11.0348074Z"}}}