{"SequenceNumber":25,"MetaDataVersion":{"MajorVersion":1},"Timestamp":"2024-04-27T17:07:12.0641824Z","MessageType":"ua-deltaframe","DataSetWriterName":"<<UnknownDataSet>>","Payload":{"nsu=http://opcfoundation.org/UA/Plc/Applications;s=StepUp":{"Value":{"Type":7,"Body":268},"SourceTimestamp":"2024-04-27T17:07:12.0331586Z","ServerTimestamp":"2024-04-27T17:07:12.0331619Z"},"nsu=http://opcfoundation.org/UA/Plc/Applications;s=RandomSignedInt32":{"Value":{"Type":6,"Body":987341424},"SourceTimestamp":"2024-04-27T17:07:12.0331795Z","ServerTimestamp":"2024-04-27T17:07:12.0331822Z"},"nsu=http://opcfoundation.org/UA/Plc/Applications;s=RandomUnsignedInt32":{"Value":{"Type":7,"Body":273908745},"SourceTimestamp":"2024-04-27T17:07:12.0331612Z","ServerTimestamp":"2024-04-27T17:07:12.0332273Z"},"nsu=http://opcfoundation.org/UA/Plc/Applications;s=DipData":{"Value":{"Type":11,"Body":-84.432792550201526},"SourceTimestamp":"2024-04-27T17:07:12.0331976Z","ServerTimestamp":"2024-04-27T17:07:12.0332129Z"},"nsu=http://opcfoundation.org/UA/Plc/Applications;s=FastUIntScalar1":{"Value":{"Type":7,"Body":26},"SourceTimestamp":"2024-04-27T17:07:11.2367757Z","ServerTimestamp":"2024-04-27T17:07:11.2367768Z"},"nsu=http://opcfoundation.org/UA/Plc/Applications;s=FastUIntScalar2":{"Value":{"Type":7,"Body":26},"SourceTimestamp":"2024-04-27T17:07:11.2367788Z","ServerTimestamp":"2024-04-27T17:07:11.2368064Z"},"nsu=http://opcfoundation.org/UA/Plc/Applications;s=FastUIntScalar3":{"Value":{"Type":7,"Body":26},"SourceTimestamp":"2024-04-27T17:07:11.2368088Z","ServerTimestamp":"2024-04-27T17:07:11.2368099Z"},"nsu=http://opcfoundation.org/UA/Plc/Applications;s=FastRandomUIntScalar1":{"Value":{"Type":7,"Body":3272198529},"SourceTimestamp":"2024-04-27T17:07:11.2367774Z","ServerTimestamp":"2024-04-27T17:07:11.2367793Z"},"nsu=http://opcfoundation.org/UA/Plc/Applications;s=FastRandomUIntScalar2":{"Value":{"Type":7,"Body":2655926200},"SourceTimestamp":"2024-04-27T17:07:11.23679Z","ServerTimestamp":"2024-04-27T17:07:11.2367958Z"},"nsu=http://opcfoundation.org/UA/Plc/Applications;s=FastRandomUIntScalar3":{"Value":{"Type":7,"Body":83884086},"SourceTimestamp":"2024-04-27T17:07:11.2368027Z","ServerTimestamp":"2024-04-27T17:07:11.2368033Z"},"nsu=http://opcfoundation.org/UA/Plc/Applications;s=SpikeData":{"Value":{"Type":11,"Body":-84.432792550201526},"SourceTimestamp":"2024-04-27T17:07:12.0331981Z","ServerTimestamp":"2024-04-27T17:07:12.0331988Z"}}}