{"SequenceNumber":27,"MetaDataVersion":{"MajorVersion":1},"Timestamp":"2024-04-27T17:07:15.0863908Z","MessageType":"ua-deltaframe","DataSetWriterName":"<<UnknownDataSet>>","Payload":{"nsu=http://opcfoundation.org/UA/Plc/Applications;s=StepUp":{"Value":{"Type":7,"Body":298},"SourceTimestamp":"2024-04-27T17:07:15.0398757Z","ServerTimestamp":"2024-04-27T17:07:15.0398797Z"},"nsu=http://opcfoundation.org/UA/Plc/Applications;s=RandomSignedInt32":{"Value":{"Type":6,"Body":-662188373},"SourceTimestamp":"2024-04-27T17:07:15.0399065Z","ServerTimestamp":"2024-04-27T17:07:15.0399125Z"},"nsu=http://opcfoundation.org/UA/Plc/Applications;s=RandomUnsignedInt32":{"Value":{"Type":7,"Body":1532080762},"SourceTimestamp":"2024-04-27T17:07:15.0398114Z","ServerTimestamp":"2024-04-27T17:07:15.0398151Z"},"nsu=http://opcfoundation.org/UA/Plc/Applications;s=DipData":{"Value":{"Type":11,"Body":36.812455268467801},"SourceTimestamp":"2024-04-27T17:07:15.0398658Z","ServerTimestamp":"2024-04-27T17:07:15.0398668Z"},"nsu=http://opcfoundation.org/UA/Plc/Applications;s=FastUIntScalar1":{"Value":{"Type":7,"Body":29},"SourceTimestamp":"2024-04-27T17:07:14.229424Z","ServerTimestamp":"2024-04-27T17:07:14.2294318Z"},"nsu=http://opcfoundation.org/UA/Plc/Applications;s=FastUIntScalar2":{"Value":{"Type":7,"Body":29},"SourceTimestamp":"2024-04-27T17:07:14.2294345Z","ServerTimestamp":"2024-04-27T17:07:14.2294354Z"},"nsu=http://opcfoundation.org/UA/Plc/Applications;s=FastUIntScalar3":{"Value":{"Type":7,"Body":29},"SourceTimestamp":"2024-04-27T17:07:14.2294373Z","ServerTimestamp":"2024-04-27T17:07:14.2294384Z"},"nsu=http://opcfoundation.org/UA/Plc/Applications;s=FastRandomUIntScalar1":{"Value":{"Type":7,"Body":1028930865},"SourceTimestamp":"2024-04-27T17:07:14.2294367Z","ServerTimestamp":"2024-04-27T17:07:14.229441Z"},"nsu=http://opcfoundation.org/UA/Plc/Applications;s=FastRandomUIntScalar2":{"Value":{"Type":7,"Body":2342679552},"SourceTimestamp":"2024-04-27T17:07:14.2294506Z","ServerTimestamp":"2024-04-27T17:07:14.2294628Z"},"nsu=http://opcfoundation.org/UA/Plc/Applications;s=FastRandomUIntScalar3":{"Value":{"Type":7,"Body":3183282513},"SourceTimestamp":"2024-04-27T17:07:14.2294654Z","ServerTimestamp":"2024-04-27T17:07:14.2294665Z"},"nsu=http://opcfoundation.org/UA/Plc/Applications;s=SpikeData":{"Value":{"Type":11,"Body":36.812455268467801},"SourceTimestamp":"2024-04-27T17:07:15.0398784Z","ServerTimestamp":"2024-04-27T17:07:15.0399168Z"}}}