{"SequenceNumber":28,"MetaDataVersion":{"MajorVersion":1},"Timestamp":"2024-04-27T17:07:16.0726871Z","MessageType":"ua-deltaframe","DataSetWriterName":"<<UnknownDataSet>>","Payload":{"nsu=http://opcfoundation.org/UA/Plc/Applications;s=StepUp":{"Value":{"Type":7,"Body":308},"SourceTimestamp":"2024-04-27T17:07:16.025878Z","ServerTimestamp":"2024-04-27T17:07:16.0258802Z"},"nsu=http://opcfoundation.org/UA/Plc/Applications;s=AlternatingBoolean":{"Value":{"Type":1,"Body":true},"SourceTimestamp":"2024-04-27T17:07:15.3324662Z","ServerTimestamp":"2024-04-27T17:07:15.3324701Z"},"nsu=http://opcfoundation.org/UA/Plc/Applications;s=RandomSignedInt32":{"Value":{"Type":6,"Body":2125821720},"SourceTimestamp":"2024-04-27T17:07:16.0259073Z","ServerTimestamp":"2024-04-27T17:07:16.0259111Z"},"nsu=http://opcfoundation.org/UA/Plc/Applications;s=RandomUnsignedInt32":{"Value":{"Type":7,"Body":1826684069},"SourceTimestamp":"2024-04-27T17:07:16.0258551Z","ServerTimestamp":"2024-04-27T17:07:16.0258588Z"},"nsu=http://opcfoundation.org/UA/Plc/Applications;s=DipData":{"Value":{"Type":11,"Body":-77.0513242775789},"SourceTimestamp":"2024-04-27T17:07:16.0258934Z","ServerTimestamp":"2024-04-27T17:07:16.0259073Z"},"nsu=http://opcfoundation.org/UA/Plc/Applications;s=FastUIntScalar1":{"Value":{"Type":7,"Body":30},"SourceTimestamp":"2024-04-27T17:07:15.2390484Z","ServerTimestamp":"2024-04-27T17:07:15.2390509Z"},"nsu=http://opcfoundation.org/UA/Plc/Applications;s=FastUIntScalar2":{"Value":{"Type":7,"Body":30},"SourceTimestamp":"2024-04-27T17:07:15.2390528Z","ServerTimestamp":"2024-04-27T17:07:15.2390547Z"},"nsu=http://opcfoundation.org/UA/Plc/Applications;s=FastUIntScalar3":{"Value":{"Type":7,"Body":30},"SourceTimestamp":"2024-04-27T17:07:15.2390558Z","ServerTimestamp":"2024-04-27T17:07:15.2390579Z"},"nsu=http://opcfoundation.org/UA/Plc/Applications;s=FastRandomUIntScalar1":{"Value":{"Type":7,"Body":3438713684},"SourceTimestamp":"2024-04-27T17:07:15.239061Z","ServerTimestamp":"2024-04-27T17:07:15.2390623Z"},"nsu=http://opcfoundation.org/UA/Plc/Applications;s=FastRandomUIntScalar2":{"Value":{"Type":7,"Body":3134556485},"SourceTimestamp":"2024-04-27T17:07:15.2390643Z","ServerTimestamp":"2024-04-27T17:07:15.2390657Z"},"nsu=http://opcfoundation.org/UA/Plc/Applications;s=FastRandomUIntScalar3":{"Value":{"Type":7,"Body":774201179},"SourceTimestamp":"2024-04-27T17:07:15.2390677Z","ServerTimestamp":"2024-04-27T17:07:15.2390684Z"},"nsu=http://opcfoundation.org/UA/Plc/Applications;s=NegativeTrendData":{"Value":{"Type":11,"Body":99.400000000000006},"SourceTimestamp":"2024-04-27T17:07:15.3324891Z","ServerTimestamp":"2024-04-27T17:07:15.3324919Z"},"nsu=http://opcfoundation.org/UA/Plc/Applications;s=PositiveTrendData":{"Value":{"Type":11,"Body":100.09999999999999},"SourceTimestamp":"2024-04-27T17:07:15.33247Z","ServerTimestamp":"2024-04-27T17:07:15.3324871Z"},"nsu=http://opcfoundation.org/UA/Plc/Applications;s=SpikeData":{"Value":{"Type":11,"Body":-77.0513242775789},"SourceTimestamp":"2024-04-27T17:07:16.025908Z","ServerTimestamp":"2024-04-27T17:07:16.0259484Z"}}}