{"DataSetWriterId":1,"SequenceNumber":3,"MetaDataVersion":{"MajorVersion":1},"Timestamp":"2024-04-27T17:07:16.1333898Z","MessageType":"ua-deltaframe","DataSetWriterName":"<<UnknownDataSet>>","Payload":{"nsu=http://opcfoundation.org/UA/Plc/Applications;s=SlowUIntScalar1":{"Value":{"Type":7,"Body":3},"SourceTimestamp":"2024-04-27T17:07:15.2389716Z","ServerTimestamp":"2024-04-27T17:07:15.2389752Z"},"nsu=http://opcfoundation.org/UA/Plc/Applications;s=SlowUIntScalar2":{"Value":{"Type":7,"Body":3},"SourceTimestamp":"2024-04-27T17:07:15.2389882Z","ServerTimestamp":"2024-04-27T17:07:15.2389892Z"},"nsu=http://opcfoundation.org/UA/Plc/Applications;s=SlowUIntScalar3":{"Value":{"Type":7,"Body":3},"SourceTimestamp":"2024-04-27T17:07:15.2389907Z","ServerTimestamp":"2024-04-27T17:07:15.2389914Z"},"nsu=http://opcfoundation.org/UA/Plc/Applications;s=BadSlowUIntScalar1":{"Value":{"Type":7,"Body":3},"SourceTimestamp":"2024-04-27T17:07:15.2389933Z","ServerTimestamp":"2024-04-27T17:07:15.2389941Z"},"nsu=http://opcfoundation.org/UA/Plc/Applications;s=SlowRandomUIntScalar1":{"Value":{"Type":7,"Body":2315385768},"SourceTimestamp":"2024-04-27T17:07:15.2390442Z","ServerTimestamp":"2024-04-27T17:07:15.2390453Z"},"nsu=http://opcfoundation.org/UA/Plc/Applications;s=SlowRandomUIntScalar2":{"Value":{"Type":7,"Body":3338448750},"SourceTimestamp":"2024-04-27T17:07:15.2390476Z","ServerTimestamp":"2024-04-27T17:07:15.2390489Z"},"nsu=http://opcfoundation.org/UA/Plc/Applications;s=SlowRandomUIntScalar3":{"Value":{"Type":7,"Body":1503963859},"SourceTimestamp":"2024-04-27T17:07:15.2390511Z","ServerTimestamp":"2024-04-27T17:07:15.2390528Z"},"nsu=http://opcfoundation.org/UA/Plc/Applications;s=BadSlowRandomUIntScalar1":{"Value":{"Type":7,"Body":3041492366},"SourceTimestamp":"2024-04-27T17:07:15.239055Z","ServerTimestamp":"2024-04-27T17:07:15.239056Z"}}}