{"SequenceNumber":30,"MetaDataVersion":{"MajorVersion":1},"Timestamp":"2024-04-27T17:07:19.0440579Z","MessageType":"ua-deltaframe","DataSetWriterName":"<<UnknownDataSet>>","Payload":{"nsu=http://opcfoundation.org/UA/Plc/Applications;s=StepUp":{"Value":{"Type":7,"Body":338},"SourceTimestamp":"2024-04-27T17:07:19.0282426Z","ServerTimestamp":"2024-04-27T17:07:19.0282461Z"},"nsu=http://opcfoundation.org/UA/Plc/Applications;s=RandomSignedInt32":{"Value":{"Type":6,"Body":500732411},"SourceTimestamp":"2024-04-27T17:07:19.02826Z","ServerTimestamp":"2024-04-27T17:07:19.0282885Z"},"nsu=http://opcfoundation.org/UA/Plc/Applications;s=RandomUnsignedInt32":{"Value":{"Type":7,"Body":705404347},"SourceTimestamp":"2024-04-27T17:07:19.0282644Z","ServerTimestamp":"2024-04-27T17:07:19.0282685Z"},"nsu=http://opcfoundation.org/UA/Plc/Applications;s=DipData":{"Value":{"Type":11,"Body":99.80267284282715},"SourceTimestamp":"2024-04-27T17:07:19.0282751Z","ServerTimestamp":"2024-04-27T17:07:19.0282827Z"},"nsu=http://opcfoundation.org/UA/Plc/Applications;s=FastUIntScalar1":{"Value":{"Type":7,"Body":33},"SourceTimestamp":"2024-04-27T17:07:18.2400678Z","ServerTimestamp":"2024-04-27T17:07:18.2400735Z"},"nsu=http://opcfoundation.org/UA/Plc/Applications;s=FastUIntScalar2":{"Value":{"Type":7,"Body":33},"SourceTimestamp":"2024-04-27T17:07:18.2400787Z","ServerTimestamp":"2024-04-27T17:07:18.2400794Z"},"nsu=http://opcfoundation.org/UA/Plc/Applications;s=FastUIntScalar3":{"Value":{"Type":7,"Body":33},"SourceTimestamp":"2024-04-27T17:07:18.2400809Z","ServerTimestamp":"2024-04-27T17:07:18.2400815Z"},"nsu=http://opcfoundation.org/UA/Plc/Applications;s=FastRandomUIntScalar1":{"Value":{"Type":7,"Body":1412159419},"SourceTimestamp":"2024-04-27T17:07:18.2400654Z","ServerTimestamp":"2024-04-27T17:07:18.2400686Z"},"nsu=http://opcfoundation.org/UA/Plc/Applications;s=FastRandomUIntScalar2":{"Value":{"Type":7,"Body":3536437010},"SourceTimestamp":"2024-04-27T17:07:18.24007Z","ServerTimestamp":"2024-04-27T17:07:18.2400784Z"},"nsu=http://opcfoundation.org/UA/Plc/Applications;s=FastRandomUIntScalar3":{"Value":{"Type":7,"Body":808644671},"SourceTimestamp":"2024-04-27T17:07:18.2400798Z","ServerTimestamp":"2024-04-27T17:07:18.2400806Z"},"nsu=http://opcfoundation.org/UA/Plc/Applications;s=SpikeData":{"Value":{"Type":11,"Body":99.80267284282715},"SourceTimestamp":"2024-04-27T17:07:19.028281Z","ServerTimestamp":"2024-04-27T17:07:19.0282938Z"}}}