{"SequenceNumber":43,"MetaDataVersion":{"MajorVersion":1},"Timestamp":"2024-04-27T17:07:34.0457232Z","MessageType":"ua-deltaframe","DataSetWriterName":"<<UnknownDataSet>>","Payload":{"nsu=http://opcfoundation.org/UA/Plc/Applications;s=StepUp":{"Value":{"Type":7,"Body":488},"SourceTimestamp":"2024-04-27T17:07:34.0294219Z","ServerTimestamp":"2024-04-27T17:07:34.0294254Z"},"nsu=http://opcfoundation.org/UA/Plc/Applications;s=RandomSignedInt32":{"Value":{"Type":6,"Body":-191706891},"SourceTimestamp":"2024-04-27T17:07:34.0294716Z","ServerTimestamp":"2024-04-27T17:07:34.0294753Z"},"nsu=http://opcfoundation.org/UA/Plc/Applications;s=RandomUnsignedInt32":{"Value":{"Type":7,"Body":2073537502},"SourceTimestamp":"2024-04-27T17:07:34.0294824Z","ServerTimestamp":"2024-04-27T17:07:34.0294883Z"},"nsu=http://opcfoundation.org/UA/Plc/Applications;s=DipData":{"Value":{"Type":11,"Body":99.80267284282715},"SourceTimestamp":"2024-04-27T17:07:34.0294591Z","ServerTimestamp":"2024-04-27T17:07:34.02946Z"},"nsu=http://opcfoundation.org/UA/Plc/Applications;s=FastUIntScalar1":{"Value":{"Type":7,"Body":48},"SourceTimestamp":"2024-04-27T17:07:33.2373872Z","ServerTimestamp":"2024-04-27T17:07:33.2373948Z"},"nsu=http://opcfoundation.org/UA/Plc/Applications;s=FastUIntScalar2":{"Value":{"Type":7,"Body":48},"SourceTimestamp":"2024-04-27T17:07:33.2373995Z","ServerTimestamp":"2024-04-27T17:07:33.237401Z"},"nsu=http://opcfoundation.org/UA/Plc/Applications;s=FastUIntScalar3":{"Value":{"Type":7,"Body":48},"SourceTimestamp":"2024-04-27T17:07:33.2374025Z","ServerTimestamp":"2024-04-27T17:07:33.2374033Z"},"nsu=http://opcfoundation.org/UA/Plc/Applications;s=FastRandomUIntScalar1":{"Value":{"Type":7,"Body":3760267869},"SourceTimestamp":"2024-04-27T17:07:33.2373889Z","ServerTimestamp":"2024-04-27T17:07:33.2373918Z"},"nsu=http://opcfoundation.org/UA/Plc/Applications;s=FastRandomUIntScalar2":{"Value":{"Type":7,"Body":3623434935},"SourceTimestamp":"2024-04-27T17:07:33.2373945Z","ServerTimestamp":"2024-04-27T17:07:33.2373995Z"},"nsu=http://opcfoundation.org/UA/Plc/Applications;s=FastRandomUIntScalar3":{"Value":{"Type":7,"Body":2315561038},"SourceTimestamp":"2024-04-27T17:07:33.2374009Z","ServerTimestamp":"2024-04-27T17:07:33.2374022Z"},"nsu=http://opcfoundation.org/UA/Plc/Applications;s=SpikeData":{"Value":{"Type":11,"Body":99.80267284282715},"SourceTimestamp":"2024-04-27T17:07:34.0294717Z","ServerTimestamp":"2024-04-27T17:07:34.0294722Z"}}}