{"SequenceNumber":49,"MetaDataVersion":{"MajorVersion":1},"Timestamp":"2024-04-27T17:07:40.06022Z","MessageType":"ua-deltaframe","DataSetWriterName":"<<UnknownDataSet>>","Payload":{"nsu=http://opcfoundation.org/UA/Plc/Applications;s=StepUp":{"Value":{"Type":7,"Body":548},"SourceTimestamp":"2024-04-27T17:07:40.0290341Z","ServerTimestamp":"2024-04-27T17:07:40.0290375Z"},"nsu=http://opcfoundation.org/UA/Plc/Applications;s=RandomSignedInt32":{"Value":{"Type":6,"Body":1436590633},"SourceTimestamp":"2024-04-27T17:07:40.0290989Z","ServerTimestamp":"2024-04-27T17:07:40.0291072Z"},"nsu=http://opcfoundation.org/UA/Plc/Applications;s=RandomUnsignedInt32":{"Value":{"Type":7,"Body":12887287},"SourceTimestamp":"2024-04-27T17:07:40.0290154Z","ServerTimestamp":"2024-04-27T17:07:40.0290196Z"},"nsu=http://opcfoundation.org/UA/Plc/Applications;s=DipData":{"Value":{"Type":11,"Body":36.812455268467801},"SourceTimestamp":"2024-04-27T17:07:40.0290635Z","ServerTimestamp":"2024-04-27T17:07:40.029086Z"},"nsu=http://opcfoundation.org/UA/Plc/Applications;s=FastUIntScalar1":{"Value":{"Type":7,"Body":54},"SourceTimestamp":"2024-04-27T17:07:39.2264596Z","ServerTimestamp":"2024-04-27T17:07:39.2264625Z"},"nsu=http://opcfoundation.org/UA/Plc/Applications;s=FastUIntScalar2":{"Value":{"Type":7,"Body":54},"SourceTimestamp":"2024-04-27T17:07:39.2264738Z","ServerTimestamp":"2024-04-27T17:07:39.2264806Z"},"nsu=http://opcfoundation.org/UA/Plc/Applications;s=FastUIntScalar3":{"Value":{"Type":7,"Body":54},"SourceTimestamp":"2024-04-27T17:07:39.2264822Z","ServerTimestamp":"2024-04-27T17:07:39.2264831Z"},"nsu=http://opcfoundation.org/UA/Plc/Applications;s=FastRandomUIntScalar1":{"Value":{"Type":7,"Body":1130888981},"SourceTimestamp":"2024-04-27T17:07:39.2264694Z","ServerTimestamp":"2024-04-27T17:07:39.2264743Z"},"nsu=http://opcfoundation.org/UA/Plc/Applications;s=FastRandomUIntScalar2":{"Value":{"Type":7,"Body":1559241989},"SourceTimestamp":"2024-04-27T17:07:39.2264805Z","ServerTimestamp":"2024-04-27T17:07:39.2264819Z"},"nsu=http://opcfoundation.org/UA/Plc/Applications;s=FastRandomUIntScalar3":{"Value":{"Type":7,"Body":1674669198},"SourceTimestamp":"2024-04-27T17:07:39.2264831Z","ServerTimestamp":"2024-04-27T17:07:39.2264845Z"},"nsu=http://opcfoundation.org/UA/Plc/Applications;s=SpikeData":{"Value":{"Type":11,"Body":36.812455268467801},"SourceTimestamp":"2024-04-27T17:07:40.0291112Z","ServerTimestamp":"2024-04-27T17:07:40.029114Z"}}}