{"SequenceNumber":51,"MetaDataVersion":{"MajorVersion":1},"Timestamp":"2024-04-27T17:07:43.0984439Z","MessageType":"ua-deltaframe","DataSetWriterName":"<<UnknownDataSet>>","Payload":{"nsu=http://opcfoundation.org/UA/Plc/Applications;s=StepUp":{"Value":{"Type":7,"Body":578},"SourceTimestamp":"2024-04-27T17:07:43.0350686Z","ServerTimestamp":"2024-04-27T17:07:43.0350713Z"},"nsu=http://opcfoundation.org/UA/Plc/Applications;s=RandomSignedInt32":{"Value":{"Type":6,"Body":335720609},"SourceTimestamp":"2024-04-27T17:07:43.035084Z","ServerTimestamp":"2024-04-27T17:07:43.0350888Z"},"nsu=http://opcfoundation.org/UA/Plc/Applications;s=RandomUnsignedInt32":{"Value":{"Type":7,"Body":225383108},"SourceTimestamp":"2024-04-27T17:07:43.0350794Z","ServerTimestamp":"2024-04-27T17:07:43.0350818Z"},"nsu=http://opcfoundation.org/UA/Plc/Applications;s=DipData":{"Value":{"Type":11,"Body":24.868988716485482},"SourceTimestamp":"2024-04-27T17:07:43.0351013Z","ServerTimestamp":"2024-04-27T17:07:43.0351036Z"},"nsu=http://opcfoundation.org/UA/Plc/Applications;s=FastUIntScalar1":{"Value":{"Type":7,"Body":57},"SourceTimestamp":"2024-04-27T17:07:42.2328691Z","ServerTimestamp":"2024-04-27T17:07:42.232877Z"},"nsu=http://opcfoundation.org/UA/Plc/Applications;s=FastUIntScalar2":{"Value":{"Type":7,"Body":57},"SourceTimestamp":"2024-04-27T17:07:42.2328797Z","ServerTimestamp":"2024-04-27T17:07:42.2328808Z"},"nsu=http://opcfoundation.org/UA/Plc/Applications;s=FastUIntScalar3":{"Value":{"Type":7,"Body":57},"SourceTimestamp":"2024-04-27T17:07:42.2328827Z","ServerTimestamp":"2024-04-27T17:07:42.2328841Z"},"nsu=http://opcfoundation.org/UA/Plc/Applications;s=FastRandomUIntScalar1":{"Value":{"Type":7,"Body":2138790859},"SourceTimestamp":"2024-04-27T17:07:42.2328855Z","ServerTimestamp":"2024-04-27T17:07:42.2328886Z"},"nsu=http://opcfoundation.org/UA/Plc/Applications;s=FastRandomUIntScalar2":{"Value":{"Type":7,"Body":326310090},"SourceTimestamp":"2024-04-27T17:07:42.2328973Z","ServerTimestamp":"2024-04-27T17:07:42.2328983Z"},"nsu=http://opcfoundation.org/UA/Plc/Applications;s=FastRandomUIntScalar3":{"Value":{"Type":7,"Body":2889764225},"SourceTimestamp":"2024-04-27T17:07:42.2329006Z","ServerTimestamp":"2024-04-27T17:07:42.2329015Z"},"nsu=http://opcfoundation.org/UA/Plc/Applications;s=SpikeData":{"Value":{"Type":11,"Body":24.868988716485482},"SourceTimestamp":"2024-04-27T17:07:43.0351013Z","ServerTimestamp":"2024-04-27T17:07:43.035102Z"}}}