{"DataSetWriterId":1,"SequenceNumber":6,"MetaDataVersion":{"MajorVersion":1},"Timestamp":"2024-04-27T17:07:46.1349052Z","MessageType":"ua-deltaframe","DataSetWriterName":"<<UnknownDataSet>>","Payload":{"nsu=http://opcfoundation.org/UA/Plc/Applications;s=SlowUIntScalar1":{"Value":{"Type":7,"Body":6},"SourceTimestamp":"2024-04-27T17:07:45.2393767Z","ServerTimestamp":"2024-04-27T17:07:45.239379Z"},"nsu=http://opcfoundation.org/UA/Plc/Applications;s=SlowUIntScalar2":{"Value":{"Type":7,"Body":6},"SourceTimestamp":"2024-04-27T17:07:45.2393872Z","ServerTimestamp":"2024-04-27T17:07:45.2393881Z"},"nsu=http://opcfoundation.org/UA/Plc/Applications;s=SlowUIntScalar3":{"Value":{"Type":7,"Body":6},"SourceTimestamp":"2024-04-27T17:07:45.239389Z","ServerTimestamp":"2024-04-27T17:07:45.2393894Z"},"nsu=http://opcfoundation.org/UA/Plc/Applications;s=BadSlowUIntScalar1":{"Value":{"Type":7,"Body":6},"SourceTimestamp":"2024-04-27T17:07:45.2393929Z","ServerTimestamp":"2024-04-27T17:07:45.2393936Z"},"nsu=http://opcfoundation.org/UA/Plc/Applications;s=SlowRandomUIntScalar1":{"Value":{"Type":7,"Body":3584232632},"SourceTimestamp":"2024-04-27T17:07:45.2393997Z","ServerTimestamp":"2024-04-27T17:07:45.2394012Z"},"nsu=http://opcfoundation.org/UA/Plc/Applications;s=SlowRandomUIntScalar2":{"Value":{"Type":7,"Body":981873645},"SourceTimestamp":"2024-04-27T17:07:45.2394048Z","ServerTimestamp":"2024-04-27T17:07:45.2394123Z"},"nsu=http://opcfoundation.org/UA/Plc/Applications;s=SlowRandomUIntScalar3":{"Value":{"Type":7,"Body":236958032},"SourceTimestamp":"2024-04-27T17:07:45.2394133Z","ServerTimestamp":"2024-04-27T17:07:45.2394142Z"},"nsu=http://opcfoundation.org/UA/Plc/Applications;s=BadSlowRandomUIntScalar1":{"Value":{"Type":7,"Body":448168455},"SourceTimestamp":"2024-04-27T17:07:45.2394152Z","ServerTimestamp":"2024-04-27T17:07:45.2394199Z"}}}