{"SequenceNumber":55,"MetaDataVersion":{"MajorVersion":1},"Timestamp":"2024-04-27T17:07:47.0609153Z","MessageType":"ua-deltaframe","DataSetWriterName":"<<UnknownDataSet>>","Payload":{"nsu=http://opcfoundation.org/UA/Plc/Applications;s=StepUp":{"Value":{"Type":7,"Body":618},"SourceTimestamp":"2024-04-27T17:07:47.0295421Z","ServerTimestamp":"2024-04-27T17:07:47.0295453Z"},"nsu=http://opcfoundation.org/UA/Plc/Applications;s=RandomSignedInt32":{"Value":{"Type":6,"Body":-1031995212},"SourceTimestamp":"2024-04-27T17:07:47.0295695Z","ServerTimestamp":"2024-04-27T17:07:47.0295718Z"},"nsu=http://opcfoundation.org/UA/Plc/Applications;s=RandomUnsignedInt32":{"Value":{"Type":7,"Body":713085253},"SourceTimestamp":"2024-04-27T17:07:47.029583Z","ServerTimestamp":"2024-04-27T17:07:47.029584Z"},"nsu=http://opcfoundation.org/UA/Plc/Applications;s=DipData":{"Value":{"Type":11,"Body":-84.432792550201526},"SourceTimestamp":"2024-04-27T17:07:47.0295817Z","ServerTimestamp":"2024-04-27T17:07:47.0295826Z"},"nsu=http://opcfoundation.org/UA/Plc/Applications;s=FastUIntScalar1":{"Value":{"Type":7,"Body":61},"SourceTimestamp":"2024-04-27T17:07:46.2277245Z","ServerTimestamp":"2024-04-27T17:07:46.2277255Z"},"nsu=http://opcfoundation.org/UA/Plc/Applications;s=FastUIntScalar2":{"Value":{"Type":7,"Body":61},"SourceTimestamp":"2024-04-27T17:07:46.2277288Z","ServerTimestamp":"2024-04-27T17:07:46.2277345Z"},"nsu=http://opcfoundation.org/UA/Plc/Applications;s=FastUIntScalar3":{"Value":{"Type":7,"Body":61},"SourceTimestamp":"2024-04-27T17:07:46.2277403Z","ServerTimestamp":"2024-04-27T17:07:46.2277412Z"},"nsu=http://opcfoundation.org/UA/Plc/Applications;s=FastRandomUIntScalar1":{"Value":{"Type":7,"Body":3978167466},"SourceTimestamp":"2024-04-27T17:07:46.227726Z","ServerTimestamp":"2024-04-27T17:07:46.2277289Z"},"nsu=http://opcfoundation.org/UA/Plc/Applications;s=FastRandomUIntScalar2":{"Value":{"Type":7,"Body":2611590295},"SourceTimestamp":"2024-04-27T17:07:46.227735Z","ServerTimestamp":"2024-04-27T17:07:46.227736Z"},"nsu=http://opcfoundation.org/UA/Plc/Applications;s=FastRandomUIntScalar3":{"Value":{"Type":7,"Body":519018903},"SourceTimestamp":"2024-04-27T17:07:46.2277372Z","ServerTimestamp":"2024-04-27T17:07:46.2277378Z"},"nsu=http://opcfoundation.org/UA/Plc/Applications;s=SpikeData":{"Value":{"Type":11,"Body":-84.432792550201526},"SourceTimestamp":"2024-04-27T17:07:47.0295604Z","ServerTimestamp":"2024-04-27T17:07:47.0295673Z"}}}