{"SequenceNumber":56,"MetaDataVersion":{"MajorVersion":1},"Timestamp":"2024-04-27T17:07:49.0997946Z","MessageType":"ua-deltaframe","DataSetWriterName":"<<UnknownDataSet>>","Payload":{"nsu=http://opcfoundation.org/UA/Plc/Applications;s=StepUp":{"Value":{"Type":7,"Body":638},"SourceTimestamp":"2024-04-27T17:07:49.0378067Z","ServerTimestamp":"2024-04-27T17:07:49.0378099Z"},"nsu=http://opcfoundation.org/UA/Plc/Applications;s=RandomSignedInt32":{"Value":{"Type":6,"Body":169756034},"SourceTimestamp":"2024-04-27T17:07:49.037838Z","ServerTimestamp":"2024-04-27T17:07:49.0378394Z"},"nsu=http://opcfoundation.org/UA/Plc/Applications;s=RandomUnsignedInt32":{"Value":{"Type":7,"Body":1829692534},"SourceTimestamp":"2024-04-27T17:07:49.037821Z","ServerTimestamp":"2024-04-27T17:07:49.0378232Z"},"nsu=http://opcfoundation.org/UA/Plc/Applications;s=DipData":{"Value":{"Type":11,"Body":99.80267284282715},"SourceTimestamp":"2024-04-27T17:07:49.0378464Z","ServerTimestamp":"2024-04-27T17:07:49.0378471Z"},"nsu=http://opcfoundation.org/UA/Plc/Applications;s=FastUIntScalar1":{"Value":{"Type":7,"Body":63},"SourceTimestamp":"2024-04-27T17:07:48.231965Z","ServerTimestamp":"2024-04-27T17:07:48.2319728Z"},"nsu=http://opcfoundation.org/UA/Plc/Applications;s=FastUIntScalar2":{"Value":{"Type":7,"Body":63},"SourceTimestamp":"2024-04-27T17:07:48.2319794Z","ServerTimestamp":"2024-04-27T17:07:48.232041Z"},"nsu=http://opcfoundation.org/UA/Plc/Applications;s=FastUIntScalar3":{"Value":{"Type":7,"Body":63},"SourceTimestamp":"2024-04-27T17:07:48.2320433Z","ServerTimestamp":"2024-04-27T17:07:48.232044Z"},"nsu=http://opcfoundation.org/UA/Plc/Applications;s=FastRandomUIntScalar1":{"Value":{"Type":7,"Body":744744286},"SourceTimestamp":"2024-04-27T17:07:48.2319615Z","ServerTimestamp":"2024-04-27T17:07:48.2319649Z"},"nsu=http://opcfoundation.org/UA/Plc/Applications;s=FastRandomUIntScalar2":{"Value":{"Type":7,"Body":3416137639},"SourceTimestamp":"2024-04-27T17:07:48.2319722Z","ServerTimestamp":"2024-04-27T17:07:48.2319794Z"},"nsu=http://opcfoundation.org/UA/Plc/Applications;s=FastRandomUIntScalar3":{"Value":{"Type":7,"Body":2948311662},"SourceTimestamp":"2024-04-27T17:07:48.2320046Z","ServerTimestamp":"2024-04-27T17:07:48.2320103Z"},"nsu=http://opcfoundation.org/UA/Plc/Applications;s=SpikeData":{"Value":{"Type":11,"Body":99.80267284282715},"SourceTimestamp":"2024-04-27T17:07:49.0378481Z","ServerTimestamp":"2024-04-27T17:07:49.0378487Z"}}}