{"SequenceNumber":58,"MetaDataVersion":{"MajorVersion":1},"Timestamp":"2024-04-27T17:07:51.0775172Z","MessageType":"ua-deltaframe","DataSetWriterName":"<<UnknownDataSet>>","Payload":{"nsu=http://opcfoundation.org/UA/Plc/Applications;s=StepUp":{"Value":{"Type":7,"Body":658},"SourceTimestamp":"2024-04-27T17:07:51.030351Z","ServerTimestamp":"2024-04-27T17:07:51.0303552Z"},"nsu=http://opcfoundation.org/UA/Plc/Applications;s=AlternatingBoolean":{"Value":{"Type":1,"Body":false},"SourceTimestamp":"2024-04-27T17:07:50.3367539Z","ServerTimestamp":"2024-04-27T17:07:50.3367564Z"},"nsu=http://opcfoundation.org/UA/Plc/Applications;s=RandomSignedInt32":{"Value":{"Type":6,"Body":-899929507},"SourceTimestamp":"2024-04-27T17:07:51.0304029Z","ServerTimestamp":"2024-04-27T17:07:51.0304087Z"},"nsu=http://opcfoundation.org/UA/Plc/Applications;s=RandomUnsignedInt32":{"Value":{"Type":7,"Body":619862257},"SourceTimestamp":"2024-04-27T17:07:51.0303963Z","ServerTimestamp":"2024-04-27T17:07:51.0303983Z"},"nsu=http://opcfoundation.org/UA/Plc/Applications;s=DipData":{"Value":{"Type":11,"Body":-77.0513242775789},"SourceTimestamp":"2024-04-27T17:07:51.0304141Z","ServerTimestamp":"2024-04-27T17:07:51.030415Z"},"nsu=http://opcfoundation.org/UA/Plc/Applications;s=FastUIntScalar1":{"Value":{"Type":7,"Body":65},"SourceTimestamp":"2024-04-27T17:07:50.2299103Z","ServerTimestamp":"2024-04-27T17:07:50.2299289Z"},"nsu=http://opcfoundation.org/UA/Plc/Applications;s=FastUIntScalar2":{"Value":{"Type":7,"Body":65},"SourceTimestamp":"2024-04-27T17:07:50.2299315Z","ServerTimestamp":"2024-04-27T17:07:50.2299323Z"},"nsu=http://opcfoundation.org/UA/Plc/Applications;s=FastUIntScalar3":{"Value":{"Type":7,"Body":65},"SourceTimestamp":"2024-04-27T17:07:50.2299336Z","ServerTimestamp":"2024-04-27T17:07:50.2299345Z"},"nsu=http://opcfoundation.org/UA/Plc/Applications;s=FastRandomUIntScalar1":{"Value":{"Type":7,"Body":172769219},"SourceTimestamp":"2024-04-27T17:07:50.2299207Z","ServerTimestamp":"2024-04-27T17:07:50.2299244Z"},"nsu=http://opcfoundation.org/UA/Plc/Applications;s=FastRandomUIntScalar2":{"Value":{"Type":7,"Body":806260475},"SourceTimestamp":"2024-04-27T17:07:50.2299286Z","ServerTimestamp":"2024-04-27T17:07:50.2299464Z"},"nsu=http://opcfoundation.org/UA/Plc/Applications;s=FastRandomUIntScalar3":{"Value":{"Type":7,"Body":2271863507},"SourceTimestamp":"2024-04-27T17:07:50.2299486Z","ServerTimestamp":"2024-04-27T17:07:50.2299492Z"},"nsu=http://opcfoundation.org/UA/Plc/Applications;s=NegativeTrendData":{"Value":{"Type":11,"Body":98.700000000000003},"SourceTimestamp":"2024-04-27T17:07:50.3367562Z","ServerTimestamp":"2024-04-27T17:07:50.3367697Z"},"nsu=http://opcfoundation.org/UA/Plc/Applications;s=PositiveTrendData":{"Value":{"Type":11,"Body":100.8},"SourceTimestamp":"2024-04-27T17:07:50.336782Z","ServerTimestamp":"2024-04-27T17:07:50.3367844Z"},"nsu=http://opcfoundation.org/UA/Plc/Applications;s=SpikeData":{"Value":{"Type":11,"Body":-77.0513242775789},"SourceTimestamp":"2024-04-27T17:07:51.0304167Z","ServerTimestamp":"2024-04-27T17:07:51.0304174Z"}}}