{"DataSetWriterId":1,"SequenceNumber":7,"MetaDataVersion":{"MajorVersion":1},"Timestamp":"2024-04-27T17:07:56.1485177Z","MessageType":"ua-deltaframe","DataSetWriterName":"<<UnknownDataSet>>","Payload":{"nsu=http://opcfoundation.org/UA/Plc/Applications;s=SlowUIntScalar1":{"Value":{"Type":7,"Body":7},"SourceTimestamp":"2024-04-27T17:07:55.2329871Z","ServerTimestamp":"2024-04-27T17:07:55.2329894Z"},"nsu=http://opcfoundation.org/UA/Plc/Applications;s=SlowUIntScalar2":{"Value":{"Type":7,"Body":7},"SourceTimestamp":"2024-04-27T17:07:55.2329996Z","ServerTimestamp":"2024-04-27T17:07:55.2330003Z"},"nsu=http://opcfoundation.org/UA/Plc/Applications;s=SlowUIntScalar3":{"Value":{"Type":7,"Body":7},"SourceTimestamp":"2024-04-27T17:07:55.2330017Z","ServerTimestamp":"2024-04-27T17:07:55.2330021Z"},"nsu=http://opcfoundation.org/UA/Plc/Applications;s=BadSlowUIntScalar1":{"Value":{"Type":7,"Body":7},"SourceTimestamp":"2024-04-27T17:07:55.2330141Z","ServerTimestamp":"2024-04-27T17:07:55.2330148Z"},"nsu=http://opcfoundation.org/UA/Plc/Applications;s=SlowRandomUIntScalar1":{"Value":{"Type":7,"Body":284172649},"SourceTimestamp":"2024-04-27T17:07:55.2330236Z","ServerTimestamp":"2024-04-27T17:07:55.2330242Z"},"nsu=http://opcfoundation.org/UA/Plc/Applications;s=SlowRandomUIntScalar2":{"Value":{"Type":7,"Body":832148401},"SourceTimestamp":"2024-04-27T17:07:55.2330255Z","ServerTimestamp":"2024-04-27T17:07:55.233039Z"},"nsu=http://opcfoundation.org/UA/Plc/Applications;s=SlowRandomUIntScalar3":{"Value":{"Type":7,"Body":3090072524},"SourceTimestamp":"2024-04-27T17:07:55.2330404Z","ServerTimestamp":"2024-04-27T17:07:55.2330417Z"},"nsu=http://opcfoundation.org/UA/Plc/Applications;s=BadSlowRandomUIntScalar1":{"Value":{"Type":7,"Body":874263737},"SourceTimestamp":"2024-04-27T17:07:55.2330436Z","ServerTimestamp":"2024-04-27T17:07:55.2330444Z"}}}