{"SequenceNumber":7,"MetaDataVersion":{"MajorVersion":1},"Timestamp":"2024-04-27T17:06:52.0976962Z","MessageType":"ua-deltaframe","DataSetWriterName":"<<UnknownDataSet>>","Payload":{"nsu=http://opcfoundation.org/UA/Plc/Applications;s=StepUp":{"Value":{"Type":7,"Body":68},"SourceTimestamp":"2024-04-27T17:06:52.0358626Z","ServerTimestamp":"2024-04-27T17:06:52.0358666Z"},"nsu=http://opcfoundation.org/UA/Plc/Applications;s=RandomSignedInt32":{"Value":{"Type":6,"Body":1728511070},"SourceTimestamp":"2024-04-27T17:06:52.0359368Z","ServerTimestamp":"2024-04-27T17:06:52.0359553Z"},"nsu=http://opcfoundation.org/UA/Plc/Applications;s=RandomUnsignedInt32":{"Value":{"Type":7,"Body":406572107},"SourceTimestamp":"2024-04-27T17:06:52.0358634Z","ServerTimestamp":"2024-04-27T17:06:52.0358812Z"},"nsu=http://opcfoundation.org/UA/Plc/Applications;s=DipData":{"Value":{"Type":11,"Body":-84.432792550201526},"SourceTimestamp":"2024-04-27T17:06:52.0358999Z","ServerTimestamp":"2024-04-27T17:06:52.0359028Z"},"nsu=http://opcfoundation.org/UA/Plc/Applications;s=FastUIntScalar1":{"Value":{"Type":7,"Body":6},"SourceTimestamp":"2024-04-27T17:06:51.233849Z","ServerTimestamp":"2024-04-27T17:06:51.2338573Z"},"nsu=http://opcfoundation.org/UA/Plc/Applications;s=FastUIntScalar2":{"Value":{"Type":7,"Body":6},"SourceTimestamp":"2024-04-27T17:06:51.2338658Z","ServerTimestamp":"2024-04-27T17:06:51.2338669Z"},"nsu=http://opcfoundation.org/UA/Plc/Applications;s=FastUIntScalar3":{"Value":{"Type":7,"Body":6},"SourceTimestamp":"2024-04-27T17:06:51.2338691Z","ServerTimestamp":"2024-04-27T17:06:51.2338702Z"},"nsu=http://opcfoundation.org/UA/Plc/Applications;s=FastRandomUIntScalar1":{"Value":{"Type":7,"Body":694042065},"SourceTimestamp":"2024-04-27T17:06:51.2338812Z","ServerTimestamp":"2024-04-27T17:06:51.2339058Z"},"nsu=http://opcfoundation.org/UA/Plc/Applications;s=FastRandomUIntScalar2":{"Value":{"Type":7,"Body":1614687365},"SourceTimestamp":"2024-04-27T17:06:51.2339161Z","ServerTimestamp":"2024-04-27T17:06:51.2339181Z"},"nsu=http://opcfoundation.org/UA/Plc/Applications;s=FastRandomUIntScalar3":{"Value":{"Type":7,"Body":1214053035},"SourceTimestamp":"2024-04-27T17:06:51.2339205Z","ServerTimestamp":"2024-04-27T17:06:51.2339216Z"},"nsu=http://opcfoundation.org/UA/Plc/Applications;s=SpikeData":{"Value":{"Type":11,"Body":-84.432792550201526},"SourceTimestamp":"2024-04-27T17:06:52.0359088Z","ServerTimestamp":"2024-04-27T17:06:52.0360048Z"}}}