{"SequenceNumber":64,"MetaDataVersion":{"MajorVersion":1},"Timestamp":"2024-04-27T17:07:58.0607925Z","MessageType":"ua-deltaframe","DataSetWriterName":"<<UnknownDataSet>>","Payload":{"nsu=http://opcfoundation.org/UA/Plc/Applications;s=StepUp":{"Value":{"Type":7,"Body":728},"SourceTimestamp":"2024-04-27T17:07:58.029468Z","ServerTimestamp":"2024-04-27T17:07:58.0294729Z"},"nsu=http://opcfoundation.org/UA/Plc/Applications;s=RandomSignedInt32":{"Value":{"Type":6,"Body":694190348},"SourceTimestamp":"2024-04-27T17:07:58.0295073Z","ServerTimestamp":"2024-04-27T17:07:58.0295129Z"},"nsu=http://opcfoundation.org/UA/Plc/Applications;s=RandomUnsignedInt32":{"Value":{"Type":7,"Body":1891919473},"SourceTimestamp":"2024-04-27T17:07:58.0294713Z","ServerTimestamp":"2024-04-27T17:07:58.0294904Z"},"nsu=http://opcfoundation.org/UA/Plc/Applications;s=DipData":{"Value":{"Type":11,"Body":24.868988716485482},"SourceTimestamp":"2024-04-27T17:07:58.0295509Z","ServerTimestamp":"2024-04-27T17:07:58.0295547Z"},"nsu=http://opcfoundation.org/UA/Plc/Applications;s=FastUIntScalar1":{"Value":{"Type":7,"Body":72},"SourceTimestamp":"2024-04-27T17:07:57.2372007Z","ServerTimestamp":"2024-04-27T17:07:57.2372305Z"},"nsu=http://opcfoundation.org/UA/Plc/Applications;s=FastUIntScalar2":{"Value":{"Type":7,"Body":72},"SourceTimestamp":"2024-04-27T17:07:57.2372382Z","ServerTimestamp":"2024-04-27T17:07:57.2372389Z"},"nsu=http://opcfoundation.org/UA/Plc/Applications;s=FastUIntScalar3":{"Value":{"Type":7,"Body":72},"SourceTimestamp":"2024-04-27T17:07:57.2372408Z","ServerTimestamp":"2024-04-27T17:07:57.2372452Z"},"nsu=http://opcfoundation.org/UA/Plc/Applications;s=FastRandomUIntScalar1":{"Value":{"Type":7,"Body":771970826},"SourceTimestamp":"2024-04-27T17:07:57.237193Z","ServerTimestamp":"2024-04-27T17:07:57.2371955Z"},"nsu=http://opcfoundation.org/UA/Plc/Applications;s=FastRandomUIntScalar2":{"Value":{"Type":7,"Body":2038457882},"SourceTimestamp":"2024-04-27T17:07:57.2372242Z","ServerTimestamp":"2024-04-27T17:07:57.2372251Z"},"nsu=http://opcfoundation.org/UA/Plc/Applications;s=FastRandomUIntScalar3":{"Value":{"Type":7,"Body":3893048452},"SourceTimestamp":"2024-04-27T17:07:57.237227Z","ServerTimestamp":"2024-04-27T17:07:57.2372275Z"},"nsu=http://opcfoundation.org/UA/Plc/Applications;s=SpikeData":{"Value":{"Type":11,"Body":24.868988716485482},"SourceTimestamp":"2024-04-27T17:07:58.0295323Z","ServerTimestamp":"2024-04-27T17:07:58.0295336Z"}}}