{"SequenceNumber":8,"MetaDataVersion":{"MajorVersion":1},"Timestamp":"2024-04-27T17:06:53.0904132Z","MessageType":"ua-deltaframe","DataSetWriterName":"<<UnknownDataSet>>","Payload":{"nsu=http://opcfoundation.org/UA/Plc/Applications;s=StepUp":{"Value":{"Type":7,"Body":78},"SourceTimestamp":"2024-04-27T17:06:53.0268485Z","ServerTimestamp":"2024-04-27T17:06:53.0268583Z"},"nsu=http://opcfoundation.org/UA/Plc/Applications;s=RandomSignedInt32":{"Value":{"Type":6,"Body":-2057696278},"SourceTimestamp":"2024-04-27T17:06:53.0268917Z","ServerTimestamp":"2024-04-27T17:06:53.0269091Z"},"nsu=http://opcfoundation.org/UA/Plc/Applications;s=RandomUnsignedInt32":{"Value":{"Type":7,"Body":1700622317},"SourceTimestamp":"2024-04-27T17:06:53.0268359Z","ServerTimestamp":"2024-04-27T17:06:53.02684Z"},"nsu=http://opcfoundation.org/UA/Plc/Applications;s=DipData":{"Value":{"Type":11,"Body":24.868988716485482},"SourceTimestamp":"2024-04-27T17:06:53.0268749Z","ServerTimestamp":"2024-04-27T17:06:53.0268771Z"},"nsu=http://opcfoundation.org/UA/Plc/Applications;s=FastUIntScalar1":{"Value":{"Type":7,"Body":7},"SourceTimestamp":"2024-04-27T17:06:52.2389944Z","ServerTimestamp":"2024-04-27T17:06:52.2390036Z"},"nsu=http://opcfoundation.org/UA/Plc/Applications;s=FastUIntScalar2":{"Value":{"Type":7,"Body":7},"SourceTimestamp":"2024-04-27T17:06:52.2390132Z","ServerTimestamp":"2024-04-27T17:06:52.2390925Z"},"nsu=http://opcfoundation.org/UA/Plc/Applications;s=FastUIntScalar3":{"Value":{"Type":7,"Body":7},"SourceTimestamp":"2024-04-27T17:06:52.2390994Z","ServerTimestamp":"2024-04-27T17:06:52.2391021Z"},"nsu=http://opcfoundation.org/UA/Plc/Applications;s=FastRandomUIntScalar1":{"Value":{"Type":7,"Body":2055201330},"SourceTimestamp":"2024-04-27T17:06:52.239008Z","ServerTimestamp":"2024-04-27T17:06:52.2390134Z"},"nsu=http://opcfoundation.org/UA/Plc/Applications;s=FastRandomUIntScalar2":{"Value":{"Type":7,"Body":3697625629},"SourceTimestamp":"2024-04-27T17:06:52.239066Z","ServerTimestamp":"2024-04-27T17:06:52.2390674Z"},"nsu=http://opcfoundation.org/UA/Plc/Applications;s=FastRandomUIntScalar3":{"Value":{"Type":7,"Body":711086323},"SourceTimestamp":"2024-04-27T17:06:52.2390703Z","ServerTimestamp":"2024-04-27T17:06:52.2390711Z"},"nsu=http://opcfoundation.org/UA/Plc/Applications;s=SpikeData":{"Value":{"Type":11,"Body":24.868988716485482},"SourceTimestamp":"2024-04-27T17:06:53.0268821Z","ServerTimestamp":"2024-04-27T17:06:53.0268875Z"}}}