{"SequenceNumber":73,"MetaDataVersion":{"MajorVersion":1},"Timestamp":"2024-04-27T17:08:08.0777503Z","MessageType":"ua-deltaframe","DataSetWriterName":"<<UnknownDataSet>>","Payload":{"nsu=http://opcfoundation.org/UA/Plc/Applications;s=StepUp":{"Value":{"Type":7,"Body":828},"SourceTimestamp":"2024-04-27T17:08:08.0298001Z","ServerTimestamp":"2024-04-27T17:08:08.0298033Z"},"nsu=http://opcfoundation.org/UA/Plc/Applications;s=RandomSignedInt32":{"Value":{"Type":6,"Body":-1675075708},"SourceTimestamp":"2024-04-27T17:08:08.0298255Z","ServerTimestamp":"2024-04-27T17:08:08.029831Z"},"nsu=http://opcfoundation.org/UA/Plc/Applications;s=RandomUnsignedInt32":{"Value":{"Type":7,"Body":59259201},"SourceTimestamp":"2024-04-27T17:08:08.0298175Z","ServerTimestamp":"2024-04-27T17:08:08.0298194Z"},"nsu=http://opcfoundation.org/UA/Plc/Applications;s=DipData":{"Value":{"Type":11,"Body":24.868988716485482},"SourceTimestamp":"2024-04-27T17:08:08.029837Z","ServerTimestamp":"2024-04-27T17:08:08.0298379Z"},"nsu=http://opcfoundation.org/UA/Plc/Applications;s=FastUIntScalar1":{"Value":{"Type":7,"Body":82},"SourceTimestamp":"2024-04-27T17:08:07.2338181Z","ServerTimestamp":"2024-04-27T17:08:07.23382Z"},"nsu=http://opcfoundation.org/UA/Plc/Applications;s=FastUIntScalar2":{"Value":{"Type":7,"Body":82},"SourceTimestamp":"2024-04-27T17:08:07.2338257Z","ServerTimestamp":"2024-04-27T17:08:07.2338495Z"},"nsu=http://opcfoundation.org/UA/Plc/Applications;s=FastUIntScalar3":{"Value":{"Type":7,"Body":82},"SourceTimestamp":"2024-04-27T17:08:07.2338536Z","ServerTimestamp":"2024-04-27T17:08:07.233868Z"},"nsu=http://opcfoundation.org/UA/Plc/Applications;s=FastRandomUIntScalar1":{"Value":{"Type":7,"Body":1461723523},"SourceTimestamp":"2024-04-27T17:08:07.2338183Z","ServerTimestamp":"2024-04-27T17:08:07.2338261Z"},"nsu=http://opcfoundation.org/UA/Plc/Applications;s=FastRandomUIntScalar2":{"Value":{"Type":7,"Body":670513670},"SourceTimestamp":"2024-04-27T17:08:07.2338288Z","ServerTimestamp":"2024-04-27T17:08:07.2338301Z"},"nsu=http://opcfoundation.org/UA/Plc/Applications;s=FastRandomUIntScalar3":{"Value":{"Type":7,"Body":3876694078},"SourceTimestamp":"2024-04-27T17:08:07.2338322Z","ServerTimestamp":"2024-04-27T17:08:07.2338328Z"},"nsu=http://opcfoundation.org/UA/Plc/Applications;s=SpikeData":{"Value":{"Type":11,"Body":24.868988716485482},"SourceTimestamp":"2024-04-27T17:08:08.0298372Z","ServerTimestamp":"2024-04-27T17:08:08.02984Z"}}}