{"SequenceNumber":74,"MetaDataVersion":{"MajorVersion":1},"Timestamp":"2024-04-27T17:08:09.0599771Z","MessageType":"ua-deltaframe","DataSetWriterName":"<<UnknownDataSet>>","Payload":{"nsu=http://opcfoundation.org/UA/Plc/Applications;s=StepUp":{"Value":{"Type":7,"Body":838},"SourceTimestamp":"2024-04-27T17:08:09.0301973Z","ServerTimestamp":"2024-04-27T17:08:09.0302224Z"},"nsu=http://opcfoundation.org/UA/Plc/Applications;s=RandomSignedInt32":{"Value":{"Type":6,"Body":1513741637},"SourceTimestamp":"2024-04-27T17:08:09.0302091Z","ServerTimestamp":"2024-04-27T17:08:09.0302181Z"},"nsu=http://opcfoundation.org/UA/Plc/Applications;s=RandomUnsignedInt32":{"Value":{"Type":7,"Body":118581936},"SourceTimestamp":"2024-04-27T17:08:09.0301841Z","ServerTimestamp":"2024-04-27T17:08:09.0301887Z"},"nsu=http://opcfoundation.org/UA/Plc/Applications;s=DipData":{"Value":{"Type":11,"Body":99.80267284282715},"SourceTimestamp":"2024-04-27T17:08:09.0302444Z","ServerTimestamp":"2024-04-27T17:08:09.0302472Z"},"nsu=http://opcfoundation.org/UA/Plc/Applications;s=FastUIntScalar1":{"Value":{"Type":7,"Body":83},"SourceTimestamp":"2024-04-27T17:08:08.2307805Z","ServerTimestamp":"2024-04-27T17:08:08.2307837Z"},"nsu=http://opcfoundation.org/UA/Plc/Applications;s=FastUIntScalar2":{"Value":{"Type":7,"Body":83},"SourceTimestamp":"2024-04-27T17:08:08.2307938Z","ServerTimestamp":"2024-04-27T17:08:08.2308059Z"},"nsu=http://opcfoundation.org/UA/Plc/Applications;s=FastUIntScalar3":{"Value":{"Type":7,"Body":83},"SourceTimestamp":"2024-04-27T17:08:08.2308079Z","ServerTimestamp":"2024-04-27T17:08:08.2308114Z"},"nsu=http://opcfoundation.org/UA/Plc/Applications;s=FastRandomUIntScalar1":{"Value":{"Type":7,"Body":2190908437},"SourceTimestamp":"2024-04-27T17:08:08.2307854Z","ServerTimestamp":"2024-04-27T17:08:08.2308031Z"},"nsu=http://opcfoundation.org/UA/Plc/Applications;s=FastRandomUIntScalar2":{"Value":{"Type":7,"Body":1154111606},"SourceTimestamp":"2024-04-27T17:08:08.2308062Z","ServerTimestamp":"2024-04-27T17:08:08.230808Z"},"nsu=http://opcfoundation.org/UA/Plc/Applications;s=FastRandomUIntScalar3":{"Value":{"Type":7,"Body":991651407},"SourceTimestamp":"2024-04-27T17:08:08.2308106Z","ServerTimestamp":"2024-04-27T17:08:08.2308145Z"},"nsu=http://opcfoundation.org/UA/Plc/Applications;s=SpikeData":{"Value":{"Type":11,"Body":99.80267284282715},"SourceTimestamp":"2024-04-27T17:08:09.030239Z","ServerTimestamp":"2024-04-27T17:08:09.0302404Z"}}}