{"SequenceNumber":75,"MetaDataVersion":{"MajorVersion":1},"Timestamp":"2024-04-27T17:08:11.0408486Z","MessageType":"ua-deltaframe","DataSetWriterName":"<<UnknownDataSet>>","Payload":{"nsu=http://opcfoundation.org/UA/Plc/Applications;s=StepUp":{"Value":{"Type":7,"Body":857},"SourceTimestamp":"2024-04-27T17:08:10.9314895Z","ServerTimestamp":"2024-04-27T17:08:10.9314916Z"},"nsu=http://opcfoundation.org/UA/Plc/Applications;s=AlternatingBoolean":{"Value":{"Type":1,"Body":false},"SourceTimestamp":"2024-04-27T17:08:10.3416769Z","ServerTimestamp":"2024-04-27T17:08:10.3416782Z"},"nsu=http://opcfoundation.org/UA/Plc/Applications;s=RandomSignedInt32":{"Value":{"Type":6,"Body":1649940307},"SourceTimestamp":"2024-04-27T17:08:10.9315238Z","ServerTimestamp":"2024-04-27T17:08:10.9315247Z"},"nsu=http://opcfoundation.org/UA/Plc/Applications;s=RandomUnsignedInt32":{"Value":{"Type":7,"Body":518391022},"SourceTimestamp":"2024-04-27T17:08:10.9314729Z","ServerTimestamp":"2024-04-27T17:08:10.931476Z"},"nsu=http://opcfoundation.org/UA/Plc/Applications;s=DipData":{"Value":{"Type":11,"Body":-68.454710592868821},"SourceTimestamp":"2024-04-27T17:08:10.9315068Z","ServerTimestamp":"2024-04-27T17:08:10.9315374Z"},"nsu=http://opcfoundation.org/UA/Plc/Applications;s=FastUIntScalar1":{"Value":{"Type":7,"Body":85},"SourceTimestamp":"2024-04-27T17:08:10.2335335Z","ServerTimestamp":"2024-04-27T17:08:10.2335436Z"},"nsu=http://opcfoundation.org/UA/Plc/Applications;s=FastUIntScalar2":{"Value":{"Type":7,"Body":85},"SourceTimestamp":"2024-04-27T17:08:10.233546Z","ServerTimestamp":"2024-04-27T17:08:10.2335467Z"},"nsu=http://opcfoundation.org/UA/Plc/Applications;s=FastUIntScalar3":{"Value":{"Type":7,"Body":85},"SourceTimestamp":"2024-04-27T17:08:10.2335478Z","ServerTimestamp":"2024-04-27T17:08:10.2335487Z"},"nsu=http://opcfoundation.org/UA/Plc/Applications;s=FastRandomUIntScalar1":{"Value":{"Type":7,"Body":1018022070},"SourceTimestamp":"2024-04-27T17:08:10.2335821Z","ServerTimestamp":"2024-04-27T17:08:10.2335858Z"},"nsu=http://opcfoundation.org/UA/Plc/Applications;s=FastRandomUIntScalar2":{"Value":{"Type":7,"Body":3355282396},"SourceTimestamp":"2024-04-27T17:08:10.2335964Z","ServerTimestamp":"2024-04-27T17:08:10.2335977Z"},"nsu=http://opcfoundation.org/UA/Plc/Applications;s=FastRandomUIntScalar3":{"Value":{"Type":7,"Body":3395096576},"SourceTimestamp":"2024-04-27T17:08:10.2335998Z","ServerTimestamp":"2024-04-27T17:08:10.2336082Z"},"nsu=http://opcfoundation.org/UA/Plc/Applications;s=NegativeTrendData":{"Value":{"Type":11,"Body":98.299999999999997},"SourceTimestamp":"2024-04-27T17:08:10.3416648Z","ServerTimestamp":"2024-04-27T17:08:10.3416691Z"},"nsu=http://opcfoundation.org/UA/Plc/Applications;s=PositiveTrendData":{"Value":{"Type":11,"Body":101.2},"SourceTimestamp":"2024-04-27T17:08:10.3416647Z","ServerTimestamp":"2024-04-27T17:08:10.3416656Z"},"nsu=http://opcfoundation.org/UA/Plc/Applications;s=SpikeData":{"Value":{"Type":11,"Body":-68.454710592868821},"SourceTimestamp":"2024-04-27T17:08:10.9315147Z","ServerTimestamp":"2024-04-27T17:08:10.9315218Z"}}}