{"SequenceNumber":76,"MetaDataVersion":{"MajorVersion":1},"Timestamp":"2024-04-27T17:08:12.0916751Z","MessageType":"ua-deltaframe","DataSetWriterName":"<<UnknownDataSet>>","Payload":{"nsu=http://opcfoundation.org/UA/Plc/Applications;s=StepUp":{"Value":{"Type":7,"Body":868},"SourceTimestamp":"2024-04-27T17:08:12.0285267Z","ServerTimestamp":"2024-04-27T17:08:12.0285343Z"},"nsu=http://opcfoundation.org/UA/Plc/Applications;s=RandomSignedInt32":{"Value":{"Type":6,"Body":-1733869745},"SourceTimestamp":"2024-04-27T17:08:12.0285806Z","ServerTimestamp":"2024-04-27T17:08:12.0285852Z"},"nsu=http://opcfoundation.org/UA/Plc/Applications;s=RandomUnsignedInt32":{"Value":{"Type":7,"Body":1227817033},"SourceTimestamp":"2024-04-27T17:08:12.0285417Z","ServerTimestamp":"2024-04-27T17:08:12.0285474Z"},"nsu=http://opcfoundation.org/UA/Plc/Applications;s=DipData":{"Value":{"Type":11,"Body":-84.432792550201526},"SourceTimestamp":"2024-04-27T17:08:12.0285679Z","ServerTimestamp":"2024-04-27T17:08:12.0285686Z"},"nsu=http://opcfoundation.org/UA/Plc/Applications;s=FastUIntScalar1":{"Value":{"Type":7,"Body":86},"SourceTimestamp":"2024-04-27T17:08:11.2254856Z","ServerTimestamp":"2024-04-27T17:08:11.2254879Z"},"nsu=http://opcfoundation.org/UA/Plc/Applications;s=FastUIntScalar2":{"Value":{"Type":7,"Body":86},"SourceTimestamp":"2024-04-27T17:08:11.2254897Z","ServerTimestamp":"2024-04-27T17:08:11.2254934Z"},"nsu=http://opcfoundation.org/UA/Plc/Applications;s=FastUIntScalar3":{"Value":{"Type":7,"Body":86},"SourceTimestamp":"2024-04-27T17:08:11.2254947Z","ServerTimestamp":"2024-04-27T17:08:11.2254964Z"},"nsu=http://opcfoundation.org/UA/Plc/Applications;s=FastRandomUIntScalar1":{"Value":{"Type":7,"Body":1261037924},"SourceTimestamp":"2024-04-27T17:08:11.2254877Z","ServerTimestamp":"2024-04-27T17:08:11.2254896Z"},"nsu=http://opcfoundation.org/UA/Plc/Applications;s=FastRandomUIntScalar2":{"Value":{"Type":7,"Body":58080244},"SourceTimestamp":"2024-04-27T17:08:11.2254934Z","ServerTimestamp":"2024-04-27T17:08:11.2254949Z"},"nsu=http://opcfoundation.org/UA/Plc/Applications;s=FastRandomUIntScalar3":{"Value":{"Type":7,"Body":451983612},"SourceTimestamp":"2024-04-27T17:08:11.2254962Z","ServerTimestamp":"2024-04-27T17:08:11.2254975Z"},"nsu=http://opcfoundation.org/UA/Plc/Applications;s=SpikeData":{"Value":{"Type":11,"Body":-84.432792550201526},"SourceTimestamp":"2024-04-27T17:08:12.0285726Z","ServerTimestamp":"2024-04-27T17:08:12.0285737Z"}}}