{"SequenceNumber":77,"MetaDataVersion":{"MajorVersion":1},"Timestamp":"2024-04-27T17:08:13.0825758Z","MessageType":"ua-deltaframe","DataSetWriterName":"<<UnknownDataSet>>","Payload":{"nsu=http://opcfoundation.org/UA/Plc/Applications;s=StepUp":{"Value":{"Type":7,"Body":878},"SourceTimestamp":"2024-04-27T17:08:13.0357407Z","ServerTimestamp":"2024-04-27T17:08:13.0357451Z"},"nsu=http://opcfoundation.org/UA/Plc/Applications;s=RandomSignedInt32":{"Value":{"Type":6,"Body":1751443812},"SourceTimestamp":"2024-04-27T17:08:13.0357692Z","ServerTimestamp":"2024-04-27T17:08:13.0357873Z"},"nsu=http://opcfoundation.org/UA/Plc/Applications;s=RandomUnsignedInt32":{"Value":{"Type":7,"Body":592601414},"SourceTimestamp":"2024-04-27T17:08:13.0357535Z","ServerTimestamp":"2024-04-27T17:08:13.0357628Z"},"nsu=http://opcfoundation.org/UA/Plc/Applications;s=DipData":{"Value":{"Type":11,"Body":24.868988716485482},"SourceTimestamp":"2024-04-27T17:08:13.0357937Z","ServerTimestamp":"2024-04-27T17:08:13.0357955Z"},"nsu=http://opcfoundation.org/UA/Plc/Applications;s=FastUIntScalar1":{"Value":{"Type":7,"Body":87},"SourceTimestamp":"2024-04-27T17:08:12.2294304Z","ServerTimestamp":"2024-04-27T17:08:12.2294367Z"},"nsu=http://opcfoundation.org/UA/Plc/Applications;s=FastUIntScalar2":{"Value":{"Type":7,"Body":87},"SourceTimestamp":"2024-04-27T17:08:12.2294439Z","ServerTimestamp":"2024-04-27T17:08:12.2294494Z"},"nsu=http://opcfoundation.org/UA/Plc/Applications;s=FastUIntScalar3":{"Value":{"Type":7,"Body":87},"SourceTimestamp":"2024-04-27T17:08:12.2294507Z","ServerTimestamp":"2024-04-27T17:08:12.2294518Z"},"nsu=http://opcfoundation.org/UA/Plc/Applications;s=FastRandomUIntScalar1":{"Value":{"Type":7,"Body":4205054253},"SourceTimestamp":"2024-04-27T17:08:12.2294412Z","ServerTimestamp":"2024-04-27T17:08:12.2294441Z"},"nsu=http://opcfoundation.org/UA/Plc/Applications;s=FastRandomUIntScalar2":{"Value":{"Type":7,"Body":3841106090},"SourceTimestamp":"2024-04-27T17:08:12.2294494Z","ServerTimestamp":"2024-04-27T17:08:12.2294505Z"},"nsu=http://opcfoundation.org/UA/Plc/Applications;s=FastRandomUIntScalar3":{"Value":{"Type":7,"Body":3224821876},"SourceTimestamp":"2024-04-27T17:08:12.2294518Z","ServerTimestamp":"2024-04-27T17:08:12.2294533Z"},"nsu=http://opcfoundation.org/UA/Plc/Applications;s=SpikeData":{"Value":{"Type":11,"Body":24.868988716485482},"SourceTimestamp":"2024-04-27T17:08:13.0358031Z","ServerTimestamp":"2024-04-27T17:08:13.0358253Z"}}}