{"SequenceNumber":79,"MetaDataVersion":{"MajorVersion":1},"Timestamp":"2024-04-27T17:08:15.0634799Z","MessageType":"ua-deltaframe","DataSetWriterName":"<<UnknownDataSet>>","Payload":{"nsu=http://opcfoundation.org/UA/Plc/Applications;s=StepUp":{"Value":{"Type":7,"Body":898},"SourceTimestamp":"2024-04-27T17:08:15.0315124Z","ServerTimestamp":"2024-04-27T17:08:15.0315171Z"},"nsu=http://opcfoundation.org/UA/Plc/Applications;s=RandomSignedInt32":{"Value":{"Type":6,"Body":-11763107},"SourceTimestamp":"2024-04-27T17:08:15.0315637Z","ServerTimestamp":"2024-04-27T17:08:15.0315907Z"},"nsu=http://opcfoundation.org/UA/Plc/Applications;s=RandomUnsignedInt32":{"Value":{"Type":7,"Body":1255128351},"SourceTimestamp":"2024-04-27T17:08:15.0314987Z","ServerTimestamp":"2024-04-27T17:08:15.0315026Z"},"nsu=http://opcfoundation.org/UA/Plc/Applications;s=DipData":{"Value":{"Type":11,"Body":36.812455268467801},"SourceTimestamp":"2024-04-27T17:08:15.0315406Z","ServerTimestamp":"2024-04-27T17:08:15.0315439Z"},"nsu=http://opcfoundation.org/UA/Plc/Applications;s=FastUIntScalar1":{"Value":{"Type":7,"Body":89},"SourceTimestamp":"2024-04-27T17:08:14.2255462Z","ServerTimestamp":"2024-04-27T17:08:14.2255482Z"},"nsu=http://opcfoundation.org/UA/Plc/Applications;s=FastUIntScalar2":{"Value":{"Type":7,"Body":89},"SourceTimestamp":"2024-04-27T17:08:14.225556Z","ServerTimestamp":"2024-04-27T17:08:14.225557Z"},"nsu=http://opcfoundation.org/UA/Plc/Applications;s=FastUIntScalar3":{"Value":{"Type":7,"Body":89},"SourceTimestamp":"2024-04-27T17:08:14.2255583Z","ServerTimestamp":"2024-04-27T17:08:14.2255589Z"},"nsu=http://opcfoundation.org/UA/Plc/Applications;s=FastRandomUIntScalar1":{"Value":{"Type":7,"Body":2178576442},"SourceTimestamp":"2024-04-27T17:08:14.2255504Z","ServerTimestamp":"2024-04-27T17:08:14.2255516Z"},"nsu=http://opcfoundation.org/UA/Plc/Applications;s=FastRandomUIntScalar2":{"Value":{"Type":7,"Body":121394461},"SourceTimestamp":"2024-04-27T17:08:14.2255539Z","ServerTimestamp":"2024-04-27T17:08:14.2255546Z"},"nsu=http://opcfoundation.org/UA/Plc/Applications;s=FastRandomUIntScalar3":{"Value":{"Type":7,"Body":4134796620},"SourceTimestamp":"2024-04-27T17:08:14.2255557Z","ServerTimestamp":"2024-04-27T17:08:14.2255561Z"},"nsu=http://opcfoundation.org/UA/Plc/Applications;s=SpikeData":{"Value":{"Type":11,"Body":36.812455268467801},"SourceTimestamp":"2024-04-27T17:08:15.0315583Z","ServerTimestamp":"2024-04-27T17:08:15.0315597Z"}}}