{"DataSetWriterId":1,"SequenceNumber":9,"MetaDataVersion":{"MajorVersion":1},"Timestamp":"2024-04-27T17:08:16.1254027Z","MessageType":"ua-deltaframe","DataSetWriterName":"<<UnknownDataSet>>","Payload":{"nsu=http://opcfoundation.org/UA/Plc/Applications;s=SlowUIntScalar1":{"Value":{"Type":7,"Body":9},"SourceTimestamp":"2024-04-27T17:08:15.2331801Z","ServerTimestamp":"2024-04-27T17:08:15.2331836Z"},"nsu=http://opcfoundation.org/UA/Plc/Applications;s=SlowUIntScalar2":{"Value":{"Type":7,"Body":9},"SourceTimestamp":"2024-04-27T17:08:15.233193Z","ServerTimestamp":"2024-04-27T17:08:15.2332358Z"},"nsu=http://opcfoundation.org/UA/Plc/Applications;s=SlowUIntScalar3":{"Value":{"Type":7,"Body":9},"SourceTimestamp":"2024-04-27T17:08:15.2332447Z","ServerTimestamp":"2024-04-27T17:08:15.2332457Z"},"nsu=http://opcfoundation.org/UA/Plc/Applications;s=BadSlowUIntScalar1":{"Value":{"Body":null},"StatusCode":2157772800,"SourceTimestamp":"2024-04-27T17:08:15.2332521Z","ServerTimestamp":"2024-04-27T17:08:15.2332521Z"},"nsu=http://opcfoundation.org/UA/Plc/Applications;s=SlowRandomUIntScalar1":{"Value":{"Type":7,"Body":2344937510},"SourceTimestamp":"2024-04-27T17:08:15.2332013Z","ServerTimestamp":"2024-04-27T17:08:15.2332049Z"},"nsu=http://opcfoundation.org/UA/Plc/Applications;s=SlowRandomUIntScalar2":{"Value":{"Type":7,"Body":2043337336},"SourceTimestamp":"2024-04-27T17:08:15.2332093Z","ServerTimestamp":"2024-04-27T17:08:15.2332198Z"},"nsu=http://opcfoundation.org/UA/Plc/Applications;s=SlowRandomUIntScalar3":{"Value":{"Type":7,"Body":2680921677},"SourceTimestamp":"2024-04-27T17:08:15.2332269Z","ServerTimestamp":"2024-04-27T17:08:15.2332277Z"},"nsu=http://opcfoundation.org/UA/Plc/Applications;s=BadSlowRandomUIntScalar1":{"Value":{"Body":null},"StatusCode":2157772800,"SourceTimestamp":"2024-04-27T17:08:15.2332308Z","ServerTimestamp":"2024-04-27T17:08:15.2332309Z"}}}