{"SequenceNumber":9,"MetaDataVersion":{"MajorVersion":1},"Timestamp":"2024-04-27T17:06:54.0799652Z","MessageType":"ua-deltaframe","DataSetWriterName":"<<UnknownDataSet>>","Payload":{"nsu=http://opcfoundation.org/UA/Plc/Applications;s=StepUp":{"Value":{"Type":7,"Body":88},"SourceTimestamp":"2024-04-27T17:06:54.0330036Z","ServerTimestamp":"2024-04-27T17:06:54.0330074Z"},"nsu=http://opcfoundation.org/UA/Plc/Applications;s=RandomSignedInt32":{"Value":{"Type":6,"Body":-1399321392},"SourceTimestamp":"2024-04-27T17:06:54.0330424Z","ServerTimestamp":"2024-04-27T17:06:54.0330457Z"},"nsu=http://opcfoundation.org/UA/Plc/Applications;s=RandomUnsignedInt32":{"Value":{"Type":7,"Body":415125404},"SourceTimestamp":"2024-04-27T17:06:54.0330297Z","ServerTimestamp":"2024-04-27T17:06:54.033033Z"},"nsu=http://opcfoundation.org/UA/Plc/Applications;s=DipData":{"Value":{"Type":11,"Body":99.80267284282715},"SourceTimestamp":"2024-04-27T17:06:54.0330585Z","ServerTimestamp":"2024-04-27T17:06:54.0330625Z"},"nsu=http://opcfoundation.org/UA/Plc/Applications;s=FastUIntScalar1":{"Value":{"Type":7,"Body":8},"SourceTimestamp":"2024-04-27T17:06:53.230171Z","ServerTimestamp":"2024-04-27T17:06:53.2302167Z"},"nsu=http://opcfoundation.org/UA/Plc/Applications;s=FastUIntScalar2":{"Value":{"Type":7,"Body":8},"SourceTimestamp":"2024-04-27T17:06:53.2302218Z","ServerTimestamp":"2024-04-27T17:06:53.2302226Z"},"nsu=http://opcfoundation.org/UA/Plc/Applications;s=FastUIntScalar3":{"Value":{"Type":7,"Body":8},"SourceTimestamp":"2024-04-27T17:06:53.230224Z","ServerTimestamp":"2024-04-27T17:06:53.2302296Z"},"nsu=http://opcfoundation.org/UA/Plc/Applications;s=FastRandomUIntScalar1":{"Value":{"Type":7,"Body":3562963640},"SourceTimestamp":"2024-04-27T17:06:53.2301773Z","ServerTimestamp":"2024-04-27T17:06:53.2301825Z"},"nsu=http://opcfoundation.org/UA/Plc/Applications;s=FastRandomUIntScalar2":{"Value":{"Type":7,"Body":2751251305},"SourceTimestamp":"2024-04-27T17:06:53.2301921Z","ServerTimestamp":"2024-04-27T17:06:53.230193Z"},"nsu=http://opcfoundation.org/UA/Plc/Applications;s=FastRandomUIntScalar3":{"Value":{"Type":7,"Body":1520785151},"SourceTimestamp":"2024-04-27T17:06:53.2301947Z","ServerTimestamp":"2024-04-27T17:06:53.2301954Z"},"nsu=http://opcfoundation.org/UA/Plc/Applications;s=SpikeData":{"Value":{"Type":11,"Body":99.80267284282715},"SourceTimestamp":"2024-04-27T17:06:54.0330721Z","ServerTimestamp":"2024-04-27T17:06:54.0330733Z"}}}