{"SequenceNumber":81,"MetaDataVersion":{"MajorVersion":1},"Timestamp":"2024-04-27T17:08:17.0970234Z","MessageType":"ua-deltaframe","DataSetWriterName":"<<UnknownDataSet>>","Payload":{"nsu=http://opcfoundation.org/UA/Plc/Applications;s=StepUp":{"Value":{"Type":7,"Body":918},"SourceTimestamp":"2024-04-27T17:08:17.0348012Z","ServerTimestamp":"2024-04-27T17:08:17.0348134Z"},"nsu=http://opcfoundation.org/UA/Plc/Applications;s=RandomSignedInt32":{"Value":{"Type":6,"Body":379912047},"SourceTimestamp":"2024-04-27T17:08:17.0348249Z","ServerTimestamp":"2024-04-27T17:08:17.0348303Z"},"nsu=http://opcfoundation.org/UA/Plc/Applications;s=RandomUnsignedInt32":{"Value":{"Type":7,"Body":1372256162},"SourceTimestamp":"2024-04-27T17:08:17.0347964Z","ServerTimestamp":"2024-04-27T17:08:17.0347998Z"},"nsu=http://opcfoundation.org/UA/Plc/Applications;s=DipData":{"Value":{"Type":11,"Body":-84.432792550201526},"SourceTimestamp":"2024-04-27T17:08:17.0348207Z","ServerTimestamp":"2024-04-27T17:08:17.0348258Z"},"nsu=http://opcfoundation.org/UA/Plc/Applications;s=FastUIntScalar1":{"Value":{"Type":7,"Body":91},"SourceTimestamp":"2024-04-27T17:08:16.2316437Z","ServerTimestamp":"2024-04-27T17:08:16.2316453Z"},"nsu=http://opcfoundation.org/UA/Plc/Applications;s=FastUIntScalar2":{"Value":{"Type":7,"Body":91},"SourceTimestamp":"2024-04-27T17:08:16.2316493Z","ServerTimestamp":"2024-04-27T17:08:16.2316502Z"},"nsu=http://opcfoundation.org/UA/Plc/Applications;s=FastUIntScalar3":{"Value":{"Type":7,"Body":91},"SourceTimestamp":"2024-04-27T17:08:16.2316522Z","ServerTimestamp":"2024-04-27T17:08:16.2316532Z"},"nsu=http://opcfoundation.org/UA/Plc/Applications;s=FastRandomUIntScalar1":{"Value":{"Type":7,"Body":2432119771},"SourceTimestamp":"2024-04-27T17:08:16.2316212Z","ServerTimestamp":"2024-04-27T17:08:16.2316247Z"},"nsu=http://opcfoundation.org/UA/Plc/Applications;s=FastRandomUIntScalar2":{"Value":{"Type":7,"Body":964587563},"SourceTimestamp":"2024-04-27T17:08:16.2316561Z","ServerTimestamp":"2024-04-27T17:08:16.2316572Z"},"nsu=http://opcfoundation.org/UA/Plc/Applications;s=FastRandomUIntScalar3":{"Value":{"Type":7,"Body":3419845963},"SourceTimestamp":"2024-04-27T17:08:16.2316595Z","ServerTimestamp":"2024-04-27T17:08:16.2316604Z"},"nsu=http://opcfoundation.org/UA/Plc/Applications;s=SpikeData":{"Value":{"Type":11,"Body":-84.432792550201526},"SourceTimestamp":"2024-04-27T17:08:17.03483Z","ServerTimestamp":"2024-04-27T17:08:17.0348326Z"}}}