{"SequenceNumber":84,"MetaDataVersion":{"MajorVersion":1},"Timestamp":"2024-04-27T17:08:20.0632498Z","MessageType":"ua-deltaframe","DataSetWriterName":"<<UnknownDataSet>>","Payload":{"nsu=http://opcfoundation.org/UA/Plc/Applications;s=StepUp":{"Value":{"Type":7,"Body":948},"SourceTimestamp":"2024-04-27T17:08:20.0308301Z","ServerTimestamp":"2024-04-27T17:08:20.0308332Z"},"nsu=http://opcfoundation.org/UA/Plc/Applications;s=RandomSignedInt32":{"Value":{"Type":6,"Body":1111054977},"SourceTimestamp":"2024-04-27T17:08:20.0308605Z","ServerTimestamp":"2024-04-27T17:08:20.0308625Z"},"nsu=http://opcfoundation.org/UA/Plc/Applications;s=RandomUnsignedInt32":{"Value":{"Type":7,"Body":539354538},"SourceTimestamp":"2024-04-27T17:08:20.0308804Z","ServerTimestamp":"2024-04-27T17:08:20.0308833Z"},"nsu=http://opcfoundation.org/UA/Plc/Applications;s=DipData":{"Value":{"Type":11,"Body":36.812455268467801},"SourceTimestamp":"2024-04-27T17:08:20.0308756Z","ServerTimestamp":"2024-04-27T17:08:20.030907Z"},"nsu=http://opcfoundation.org/UA/Plc/Applications;s=FastUIntScalar1":{"Value":{"Type":7,"Body":94},"SourceTimestamp":"2024-04-27T17:08:19.2293293Z","ServerTimestamp":"2024-04-27T17:08:19.2293309Z"},"nsu=http://opcfoundation.org/UA/Plc/Applications;s=FastUIntScalar2":{"Value":{"Type":7,"Body":94},"SourceTimestamp":"2024-04-27T17:08:19.229334Z","ServerTimestamp":"2024-04-27T17:08:19.2293351Z"},"nsu=http://opcfoundation.org/UA/Plc/Applications;s=FastUIntScalar3":{"Value":{"Type":7,"Body":94},"SourceTimestamp":"2024-04-27T17:08:19.229337Z","ServerTimestamp":"2024-04-27T17:08:19.2293384Z"},"nsu=http://opcfoundation.org/UA/Plc/Applications;s=FastRandomUIntScalar1":{"Value":{"Type":7,"Body":2029134965},"SourceTimestamp":"2024-04-27T17:08:19.2293459Z","ServerTimestamp":"2024-04-27T17:08:19.2293579Z"},"nsu=http://opcfoundation.org/UA/Plc/Applications;s=FastRandomUIntScalar2":{"Value":{"Type":7,"Body":1253122938},"SourceTimestamp":"2024-04-27T17:08:19.2293601Z","ServerTimestamp":"2024-04-27T17:08:19.2293827Z"},"nsu=http://opcfoundation.org/UA/Plc/Applications;s=FastRandomUIntScalar3":{"Value":{"Type":7,"Body":3113431041},"SourceTimestamp":"2024-04-27T17:08:19.2293854Z","ServerTimestamp":"2024-04-27T17:08:19.2293867Z"},"nsu=http://opcfoundation.org/UA/Plc/Applications;s=SpikeData":{"Value":{"Type":11,"Body":36.812455268467801},"SourceTimestamp":"2024-04-27T17:08:20.0308679Z","ServerTimestamp":"2024-04-27T17:08:20.0308698Z"}}}