{"SequenceNumber":87,"MetaDataVersion":{"MajorVersion":1},"Timestamp":"2024-04-27T17:08:23.0952485Z","MessageType":"ua-deltaframe","DataSetWriterName":"<<UnknownDataSet>>","Payload":{"nsu=http://opcfoundation.org/UA/Plc/Applications;s=StepUp":{"Value":{"Type":7,"Body":978},"SourceTimestamp":"2024-04-27T17:08:23.0331157Z","ServerTimestamp":"2024-04-27T17:08:23.0331264Z"},"nsu=http://opcfoundation.org/UA/Plc/Applications;s=RandomSignedInt32":{"Value":{"Type":6,"Body":79004801},"SourceTimestamp":"2024-04-27T17:08:23.0330513Z","ServerTimestamp":"2024-04-27T17:08:23.0330556Z"},"nsu=http://opcfoundation.org/UA/Plc/Applications;s=RandomUnsignedInt32":{"Value":{"Type":7,"Body":1220613362},"SourceTimestamp":"2024-04-27T17:08:23.0330553Z","ServerTimestamp":"2024-04-27T17:08:23.033114Z"},"nsu=http://opcfoundation.org/UA/Plc/Applications;s=DipData":{"Value":{"Type":11,"Body":24.868988716485482},"SourceTimestamp":"2024-04-27T17:08:23.0331172Z","ServerTimestamp":"2024-04-27T17:08:23.0331222Z"},"nsu=http://opcfoundation.org/UA/Plc/Applications;s=FastUIntScalar1":{"Value":{"Type":7,"Body":97},"SourceTimestamp":"2024-04-27T17:08:22.2398512Z","ServerTimestamp":"2024-04-27T17:08:22.2399305Z"},"nsu=http://opcfoundation.org/UA/Plc/Applications;s=FastUIntScalar2":{"Value":{"Type":7,"Body":97},"SourceTimestamp":"2024-04-27T17:08:22.2399368Z","ServerTimestamp":"2024-04-27T17:08:22.2399379Z"},"nsu=http://opcfoundation.org/UA/Plc/Applications;s=FastUIntScalar3":{"Value":{"Type":7,"Body":97},"SourceTimestamp":"2024-04-27T17:08:22.2399397Z","ServerTimestamp":"2024-04-27T17:08:22.2399447Z"},"nsu=http://opcfoundation.org/UA/Plc/Applications;s=FastRandomUIntScalar1":{"Value":{"Type":7,"Body":3464265436},"SourceTimestamp":"2024-04-27T17:08:22.2398526Z","ServerTimestamp":"2024-04-27T17:08:22.2398621Z"},"nsu=http://opcfoundation.org/UA/Plc/Applications;s=FastRandomUIntScalar2":{"Value":{"Type":7,"Body":394162183},"SourceTimestamp":"2024-04-27T17:08:22.2398711Z","ServerTimestamp":"2024-04-27T17:08:22.2398718Z"},"nsu=http://opcfoundation.org/UA/Plc/Applications;s=FastRandomUIntScalar3":{"Value":{"Type":7,"Body":2119630455},"SourceTimestamp":"2024-04-27T17:08:22.2398734Z","ServerTimestamp":"2024-04-27T17:08:22.2398739Z"},"nsu=http://opcfoundation.org/UA/Plc/Applications;s=SpikeData":{"Value":{"Type":11,"Body":24.868988716485482},"SourceTimestamp":"2024-04-27T17:08:23.0331289Z","ServerTimestamp":"2024-04-27T17:08:23.0331353Z"}}}