{"SequenceNumber":88,"MetaDataVersion":{"MajorVersion":1},"Timestamp":"2024-04-27T17:08:24.0851747Z","MessageType":"ua-deltaframe","DataSetWriterName":"<<UnknownDataSet>>","Payload":{"nsu=http://opcfoundation.org/UA/Plc/Applications;s=StepUp":{"Value":{"Type":7,"Body":988},"SourceTimestamp":"2024-04-27T17:08:24.038167Z","ServerTimestamp":"2024-04-27T17:08:24.0381714Z"},"nsu=http://opcfoundation.org/UA/Plc/Applications;s=RandomSignedInt32":{"Value":{"Type":6,"Body":1986162848},"SourceTimestamp":"2024-04-27T17:08:24.0382085Z","ServerTimestamp":"2024-04-27T17:08:24.0382371Z"},"nsu=http://opcfoundation.org/UA/Plc/Applications;s=RandomUnsignedInt32":{"Value":{"Type":7,"Body":98445146},"SourceTimestamp":"2024-04-27T17:08:24.0381881Z","ServerTimestamp":"2024-04-27T17:08:24.0381912Z"},"nsu=http://opcfoundation.org/UA/Plc/Applications;s=DipData":{"Value":{"Type":11,"Body":99.80267284282715},"SourceTimestamp":"2024-04-27T17:08:24.038233Z","ServerTimestamp":"2024-04-27T17:08:24.0382413Z"},"nsu=http://opcfoundation.org/UA/Plc/Applications;s=FastUIntScalar1":{"Value":{"Type":7,"Body":98},"SourceTimestamp":"2024-04-27T17:08:23.2324779Z","ServerTimestamp":"2024-04-27T17:08:23.2324794Z"},"nsu=http://opcfoundation.org/UA/Plc/Applications;s=FastUIntScalar2":{"Value":{"Type":7,"Body":98},"SourceTimestamp":"2024-04-27T17:08:23.2324963Z","ServerTimestamp":"2024-04-27T17:08:23.232497Z"},"nsu=http://opcfoundation.org/UA/Plc/Applications;s=FastUIntScalar3":{"Value":{"Type":7,"Body":98},"SourceTimestamp":"2024-04-27T17:08:23.2324983Z","ServerTimestamp":"2024-04-27T17:08:23.2324989Z"},"nsu=http://opcfoundation.org/UA/Plc/Applications;s=FastRandomUIntScalar1":{"Value":{"Type":7,"Body":1377367493},"SourceTimestamp":"2024-04-27T17:08:23.23248Z","ServerTimestamp":"2024-04-27T17:08:23.2325383Z"},"nsu=http://opcfoundation.org/UA/Plc/Applications;s=FastRandomUIntScalar2":{"Value":{"Type":7,"Body":1701125904},"SourceTimestamp":"2024-04-27T17:08:23.2325488Z","ServerTimestamp":"2024-04-27T17:08:23.2325552Z"},"nsu=http://opcfoundation.org/UA/Plc/Applications;s=FastRandomUIntScalar3":{"Value":{"Type":7,"Body":3093717958},"SourceTimestamp":"2024-04-27T17:08:23.2325564Z","ServerTimestamp":"2024-04-27T17:08:23.2325568Z"},"nsu=http://opcfoundation.org/UA/Plc/Applications;s=SpikeData":{"Value":{"Type":11,"Body":99.80267284282715},"SourceTimestamp":"2024-04-27T17:08:24.0382433Z","ServerTimestamp":"2024-04-27T17:08:24.0382693Z"}}}