[{"SequenceNumber":10,"MetaDataVersion":{"MajorVersion":1},"Timestamp":"2024-04-26T12:09:31.8700862Z","MessageType":"ua-deltaframe","DataSetWriterName":"<<UnknownDataSet>>","Payload":{"nsu=http://opcfoundation.org/UA/Plc/Applications;s=StepUp":{"Value":106,"SourceTimestamp":"2024-04-26T12:09:31.8540493Z","ServerTimestamp":"2024-04-26T12:09:31.8540612Z"},"nsu=http://opcfoundation.org/UA/Plc/Applications;s=AlternatingBoolean":{"Value":true,"SourceTimestamp":"2024-04-26T12:09:31.3506542Z","ServerTimestamp":"2024-04-26T12:09:31.3506588Z"},"nsu=http://opcfoundation.org/UA/Plc/Applications;s=RandomSignedInt32":{"Value":-341683765,"SourceTimestamp":"2024-04-26T12:09:31.8540685Z","ServerTimestamp":"2024-04-26T12:09:31.8540706Z"},"nsu=http://opcfoundation.org/UA/Plc/Applications;s=RandomUnsignedInt32":{"Value":1035933892,"SourceTimestamp":"2024-04-26T12:09:31.8540668Z","ServerTimestamp":"2024-04-26T12:09:31.8540679Z"},"nsu=http://opcfoundation.org/UA/Plc/Applications;s=DipData":{"Value":-58.778525229247258,"SourceTimestamp":"2024-04-26T12:09:31.8540786Z","ServerTimestamp":"2024-04-26T12:09:31.8540794Z"},"nsu=http://opcfoundation.org/UA/Plc/Applications;s=FastUIntScalar1":{"Value":10,"SourceTimestamp":"2024-04-26T12:09:31.2562595Z","ServerTimestamp":"2024-04-26T12:09:31.2562602Z"}}}]