[{"SequenceNumber":107,"MetaDataVersion":{"MajorVersion":1},"Timestamp":"2024-04-26T12:11:15.9015278Z","MessageType":"ua-deltaframe","DataSetWriterName":"<<UnknownDataSet>>","Payload":{"nsu=http://opcfoundation.org/UA/Plc/Applications;s=StepUp":{"Value":1146,"SourceTimestamp":"2024-04-26T12:11:15.8542687Z","ServerTimestamp":"2024-04-26T12:11:15.8542736Z"},"nsu=http://opcfoundation.org/UA/Plc/Applications;s=RandomSignedInt32":{"Value":-102730948,"SourceTimestamp":"2024-04-26T12:11:15.8543117Z","ServerTimestamp":"2024-04-26T12:11:15.854314Z"},"nsu=http://opcfoundation.org/UA/Plc/Applications;s=RandomUnsignedInt32":{"Value":1300371948,"SourceTimestamp":"2024-04-26T12:11:15.8543017Z","ServerTimestamp":"2024-04-26T12:11:15.8543028Z"},"nsu=http://opcfoundation.org/UA/Plc/Applications;s=DipData":{"Value":58.778525229247315,"SourceTimestamp":"2024-04-26T12:11:15.8543339Z","ServerTimestamp":"2024-04-26T12:11:15.8543352Z"},"nsu=http://opcfoundation.org/UA/Plc/Applications;s=FastUIntScalar1":{"Value":114,"SourceTimestamp":"2024-04-26T12:11:15.2572289Z","ServerTimestamp":"2024-04-26T12:11:15.2572312Z"}}}]