[{"SequenceNumber":109,"MetaDataVersion":{"MajorVersion":1},"Timestamp":"2024-04-26T12:11:17.8915794Z","MessageType":"ua-deltaframe","DataSetWriterName":"<<UnknownDataSet>>","Payload":{"nsu=http://opcfoundation.org/UA/Plc/Applications;s=StepUp":{"Value":1166,"SourceTimestamp":"2024-04-26T12:11:17.8593339Z","ServerTimestamp":"2024-04-26T12:11:17.8593367Z"},"nsu=http://opcfoundation.org/UA/Plc/Applications;s=RandomSignedInt32":{"Value":1979433773,"SourceTimestamp":"2024-04-26T12:11:17.8593412Z","ServerTimestamp":"2024-04-26T12:11:17.8593455Z"},"nsu=http://opcfoundation.org/UA/Plc/Applications;s=RandomUnsignedInt32":{"Value":971046621,"SourceTimestamp":"2024-04-26T12:11:17.8593508Z","ServerTimestamp":"2024-04-26T12:11:17.8593521Z"},"nsu=http://opcfoundation.org/UA/Plc/Applications;s=DipData":{"Value":-95.10565162951535,"SourceTimestamp":"2024-04-26T12:11:17.8593619Z","ServerTimestamp":"2024-04-26T12:11:17.8593661Z"},"nsu=http://opcfoundation.org/UA/Plc/Applications;s=FastUIntScalar1":{"Value":116,"SourceTimestamp":"2024-04-26T12:11:17.2470079Z","ServerTimestamp":"2024-04-26T12:11:17.2470146Z"}}}]