[{"SequenceNumber":110,"MetaDataVersion":{"MajorVersion":1},"Timestamp":"2024-04-26T12:11:18.8979097Z","MessageType":"ua-deltaframe","DataSetWriterName":"<<UnknownDataSet>>","Payload":{"nsu=http://opcfoundation.org/UA/Plc/Applications;s=StepUp":{"Value":1176,"SourceTimestamp":"2024-04-26T12:11:18.8498541Z","ServerTimestamp":"2024-04-26T12:11:18.8498564Z"},"nsu=http://opcfoundation.org/UA/Plc/Applications;s=RandomSignedInt32":{"Value":-969199481,"SourceTimestamp":"2024-04-26T12:11:18.849852Z","ServerTimestamp":"2024-04-26T12:11:18.8498722Z"},"nsu=http://opcfoundation.org/UA/Plc/Applications;s=RandomUnsignedInt32":{"Value":1395046827,"SourceTimestamp":"2024-04-26T12:11:18.8498506Z","ServerTimestamp":"2024-04-26T12:11:18.8498513Z"},"nsu=http://opcfoundation.org/UA/Plc/Applications;s=DipData":{"Value":-3.2162452993532734E-14,"SourceTimestamp":"2024-04-26T12:11:18.8498511Z","ServerTimestamp":"2024-04-26T12:11:18.8498537Z"},"nsu=http://opcfoundation.org/UA/Plc/Applications;s=FastUIntScalar1":{"Value":117,"SourceTimestamp":"2024-04-26T12:11:18.2518682Z","ServerTimestamp":"2024-04-26T12:11:18.2518711Z"}}}]