[{"SequenceNumber":13,"MetaDataVersion":{"MajorVersion":1},"Timestamp":"2024-04-26T12:09:34.8837828Z","MessageType":"ua-deltaframe","DataSetWriterName":"<<UnknownDataSet>>","Payload":{"nsu=http://opcfoundation.org/UA/Plc/Applications;s=StepUp":{"Value":136,"SourceTimestamp":"2024-04-26T12:09:34.852128Z","ServerTimestamp":"2024-04-26T12:09:34.8521316Z"},"nsu=http://opcfoundation.org/UA/Plc/Applications;s=RandomSignedInt32":{"Value":-1756941350,"SourceTimestamp":"2024-04-26T12:09:34.8521519Z","ServerTimestamp":"2024-04-26T12:09:34.8521529Z"},"nsu=http://opcfoundation.org/UA/Plc/Applications;s=RandomUnsignedInt32":{"Value":2013752592,"SourceTimestamp":"2024-04-26T12:09:34.8521486Z","ServerTimestamp":"2024-04-26T12:09:34.8521514Z"},"nsu=http://opcfoundation.org/UA/Plc/Applications;s=DipData":{"Value":95.10565162951535,"SourceTimestamp":"2024-04-26T12:09:34.8521672Z","ServerTimestamp":"2024-04-26T12:09:34.8521679Z"},"nsu=http://opcfoundation.org/UA/Plc/Applications;s=FastUIntScalar1":{"Value":13,"SourceTimestamp":"2024-04-26T12:09:34.2566717Z","ServerTimestamp":"2024-04-26T12:09:34.2566734Z"}}}]