[{"SequenceNumber":14,"MetaDataVersion":{"MajorVersion":1},"Timestamp":"2024-04-26T12:09:35.8898151Z","MessageType":"ua-deltaframe","DataSetWriterName":"<<UnknownDataSet>>","Payload":{"nsu=http://opcfoundation.org/UA/Plc/Applications;s=StepUp":{"Value":146,"SourceTimestamp":"2024-04-26T12:09:35.8578943Z","ServerTimestamp":"2024-04-26T12:09:35.8579323Z"},"nsu=http://opcfoundation.org/UA/Plc/Applications;s=RandomSignedInt32":{"Value":314444233,"SourceTimestamp":"2024-04-26T12:09:35.8578968Z","ServerTimestamp":"2024-04-26T12:09:35.8579138Z"},"nsu=http://opcfoundation.org/UA/Plc/Applications;s=RandomUnsignedInt32":{"Value":1386242901,"SourceTimestamp":"2024-04-26T12:09:35.857919Z","ServerTimestamp":"2024-04-26T12:09:35.8579211Z"},"nsu=http://opcfoundation.org/UA/Plc/Applications;s=DipData":{"Value":58.778525229247315,"SourceTimestamp":"2024-04-26T12:09:35.857929Z","ServerTimestamp":"2024-04-26T12:09:35.8579371Z"},"nsu=http://opcfoundation.org/UA/Plc/Applications;s=FastUIntScalar1":{"Value":14,"SourceTimestamp":"2024-04-26T12:09:35.2451302Z","ServerTimestamp":"2024-04-26T12:09:35.2451373Z"}}}]