[{"SequenceNumber":16,"MetaDataVersion":{"MajorVersion":1},"Timestamp":"2024-04-26T12:09:37.8469893Z","MessageType":"ua-deltaframe","DataSetWriterName":"<<UnknownDataSet>>","Payload":{"nsu=http://opcfoundation.org/UA/Plc/Applications;s=StepUp":{"Value":165,"SourceTimestamp":"2024-04-26T12:09:37.7524503Z","ServerTimestamp":"2024-04-26T12:09:37.7524535Z"},"nsu=http://opcfoundation.org/UA/Plc/Applications;s=RandomSignedInt32":{"Value":-1967272113,"SourceTimestamp":"2024-04-26T12:09:37.7524666Z","ServerTimestamp":"2024-04-26T12:09:37.7524686Z"},"nsu=http://opcfoundation.org/UA/Plc/Applications;s=RandomUnsignedInt32":{"Value":21243771,"SourceTimestamp":"2024-04-26T12:09:37.7524765Z","ServerTimestamp":"2024-04-26T12:09:37.7524781Z"},"nsu=http://opcfoundation.org/UA/Plc/Applications;s=DipData":{"Value":-98.228725072868869,"SourceTimestamp":"2024-04-26T12:09:37.7524785Z","ServerTimestamp":"2024-04-26T12:09:37.7524846Z"},"nsu=http://opcfoundation.org/UA/Plc/Applications;s=FastUIntScalar1":{"Value":16,"SourceTimestamp":"2024-04-26T12:09:37.2497969Z","ServerTimestamp":"2024-04-26T12:09:37.2498002Z"}}}]