[{"SequenceNumber":17,"MetaDataVersion":{"MajorVersion":1},"Timestamp":"2024-04-26T12:09:38.852694Z","MessageType":"ua-deltaframe","DataSetWriterName":"<<UnknownDataSet>>","Payload":{"nsu=http://opcfoundation.org/UA/Plc/Applications;s=StepUp":{"Value":175,"SourceTimestamp":"2024-04-26T12:09:38.7582483Z","ServerTimestamp":"2024-04-26T12:09:38.7582533Z"},"nsu=http://opcfoundation.org/UA/Plc/Applications;s=RandomSignedInt32":{"Value":176240209,"SourceTimestamp":"2024-04-26T12:09:38.7582906Z","ServerTimestamp":"2024-04-26T12:09:38.7583086Z"},"nsu=http://opcfoundation.org/UA/Plc/Applications;s=RandomUnsignedInt32":{"Value":997679611,"SourceTimestamp":"2024-04-26T12:09:38.7583185Z","ServerTimestamp":"2024-04-26T12:09:38.7583291Z"},"nsu=http://opcfoundation.org/UA/Plc/Applications;s=DipData":{"Value":-12.533323356430429,"SourceTimestamp":"2024-04-26T12:09:38.7583218Z","ServerTimestamp":"2024-04-26T12:09:38.7583233Z"},"nsu=http://opcfoundation.org/UA/Plc/Applications;s=FastUIntScalar1":{"Value":17,"SourceTimestamp":"2024-04-26T12:09:38.2545745Z","ServerTimestamp":"2024-04-26T12:09:38.2545783Z"}}}]