[{"SequenceNumber":24,"MetaDataVersion":{"MajorVersion":1},"Timestamp":"2024-04-26T12:09:45.8850524Z","MessageType":"ua-deltaframe","DataSetWriterName":"<<UnknownDataSet>>","Payload":{"nsu=http://opcfoundation.org/UA/Plc/Applications;s=StepUp":{"Value":246,"SourceTimestamp":"2024-04-26T12:09:45.8534156Z","ServerTimestamp":"2024-04-26T12:09:45.8534469Z"},"nsu=http://opcfoundation.org/UA/Plc/Applications;s=RandomSignedInt32":{"Value":-614586897,"SourceTimestamp":"2024-04-26T12:09:45.8534185Z","ServerTimestamp":"2024-04-26T12:09:45.8534277Z"},"nsu=http://opcfoundation.org/UA/Plc/Applications;s=RandomUnsignedInt32":{"Value":747932699,"SourceTimestamp":"2024-04-26T12:09:45.8534328Z","ServerTimestamp":"2024-04-26T12:09:45.8534335Z"},"nsu=http://opcfoundation.org/UA/Plc/Applications;s=DipData":{"Value":58.778525229247315,"SourceTimestamp":"2024-04-26T12:09:45.8534442Z","ServerTimestamp":"2024-04-26T12:09:45.8534538Z"},"nsu=http://opcfoundation.org/UA/Plc/Applications;s=FastUIntScalar1":{"Value":24,"SourceTimestamp":"2024-04-26T12:09:45.2561592Z","ServerTimestamp":"2024-04-26T12:09:45.2561618Z"}}}]