[{"SequenceNumber":31,"MetaDataVersion":{"MajorVersion":1},"Timestamp":"2024-04-26T12:09:53.8898387Z","MessageType":"ua-deltaframe","DataSetWriterName":"<<UnknownDataSet>>","Payload":{"nsu=http://opcfoundation.org/UA/Plc/Applications;s=StepUp":{"Value":326,"SourceTimestamp":"2024-04-26T12:09:53.8578399Z","ServerTimestamp":"2024-04-26T12:09:53.8578438Z"},"nsu=http://opcfoundation.org/UA/Plc/Applications;s=RandomSignedInt32":{"Value":-1073555848,"SourceTimestamp":"2024-04-26T12:09:53.8578734Z","ServerTimestamp":"2024-04-26T12:09:53.8578764Z"},"nsu=http://opcfoundation.org/UA/Plc/Applications;s=RandomUnsignedInt32":{"Value":2050475722,"SourceTimestamp":"2024-04-26T12:09:53.8578735Z","ServerTimestamp":"2024-04-26T12:09:53.8578744Z"},"nsu=http://opcfoundation.org/UA/Plc/Applications;s=DipData":{"Value":-3.2162452993532734E-14,"SourceTimestamp":"2024-04-26T12:09:53.8578829Z","ServerTimestamp":"2024-04-26T12:09:53.8578841Z"},"nsu=http://opcfoundation.org/UA/Plc/Applications;s=FastUIntScalar1":{"Value":32,"SourceTimestamp":"2024-04-26T12:09:53.2455489Z","ServerTimestamp":"2024-04-26T12:09:53.2455547Z"}}}]