[{"SequenceNumber":35,"MetaDataVersion":{"MajorVersion":1},"Timestamp":"2024-04-26T12:09:57.897425Z","MessageType":"ua-deltaframe","DataSetWriterName":"<<UnknownDataSet>>","Payload":{"nsu=http://opcfoundation.org/UA/Plc/Applications;s=StepUp":{"Value":366,"SourceTimestamp":"2024-04-26T12:09:57.8497335Z","ServerTimestamp":"2024-04-26T12:09:57.849744Z"},"nsu=http://opcfoundation.org/UA/Plc/Applications;s=RandomSignedInt32":{"Value":-1350336858,"SourceTimestamp":"2024-04-26T12:09:57.8497289Z","ServerTimestamp":"2024-04-26T12:09:57.8497328Z"},"nsu=http://opcfoundation.org/UA/Plc/Applications;s=RandomUnsignedInt32":{"Value":1711043576,"SourceTimestamp":"2024-04-26T12:09:57.8497271Z","ServerTimestamp":"2024-04-26T12:09:57.8497302Z"},"nsu=http://opcfoundation.org/UA/Plc/Applications;s=DipData":{"Value":-95.10565162951535,"SourceTimestamp":"2024-04-26T12:09:57.8497253Z","ServerTimestamp":"2024-04-26T12:09:57.8497269Z"},"nsu=http://opcfoundation.org/UA/Plc/Applications;s=FastUIntScalar1":{"Value":36,"SourceTimestamp":"2024-04-26T12:09:57.2537038Z","ServerTimestamp":"2024-04-26T12:09:57.2537117Z"}}}]