[{"SequenceNumber":39,"MetaDataVersion":{"MajorVersion":1},"Timestamp":"2024-04-26T12:10:02.8578831Z","MessageType":"ua-deltaframe","DataSetWriterName":"<<UnknownDataSet>>","Payload":{"nsu=http://opcfoundation.org/UA/Plc/Applications;s=StepUp":{"Value":415,"SourceTimestamp":"2024-04-26T12:10:02.7478091Z","ServerTimestamp":"2024-04-26T12:10:02.7478125Z"},"nsu=http://opcfoundation.org/UA/Plc/Applications;s=RandomSignedInt32":{"Value":-675849554,"SourceTimestamp":"2024-04-26T12:10:02.747818Z","ServerTimestamp":"2024-04-26T12:10:02.7478206Z"},"nsu=http://opcfoundation.org/UA/Plc/Applications;s=RandomUnsignedInt32":{"Value":862513053,"SourceTimestamp":"2024-04-26T12:10:02.7478331Z","ServerTimestamp":"2024-04-26T12:10:02.747841Z"},"nsu=http://opcfoundation.org/UA/Plc/Applications;s=DipData":{"Value":-98.228725072868869,"SourceTimestamp":"2024-04-26T12:10:02.7478364Z","ServerTimestamp":"2024-04-26T12:10:02.7478387Z"},"nsu=http://opcfoundation.org/UA/Plc/Applications;s=FastUIntScalar1":{"Value":41,"SourceTimestamp":"2024-04-26T12:10:02.2485384Z","ServerTimestamp":"2024-04-26T12:10:02.248561Z"}}}]