[{"SequenceNumber":4,"MetaDataVersion":{"MajorVersion":1},"Timestamp":"2024-04-26T12:09:25.903229Z","MessageType":"ua-deltaframe","DataSetWriterName":"<<UnknownDataSet>>","Payload":{"nsu=http://opcfoundation.org/UA/Plc/Applications;s=StepUp":{"Value":46,"SourceTimestamp":"2024-04-26T12:09:25.8560048Z","ServerTimestamp":"2024-04-26T12:09:25.8560088Z"},"nsu=http://opcfoundation.org/UA/Plc/Applications;s=RandomSignedInt32":{"Value":149857517,"SourceTimestamp":"2024-04-26T12:09:25.856024Z","ServerTimestamp":"2024-04-26T12:09:25.856027Z"},"nsu=http://opcfoundation.org/UA/Plc/Applications;s=RandomUnsignedInt32":{"Value":1288455809,"SourceTimestamp":"2024-04-26T12:09:25.8560335Z","ServerTimestamp":"2024-04-26T12:09:25.8560347Z"},"nsu=http://opcfoundation.org/UA/Plc/Applications;s=DipData":{"Value":58.778525229247315,"SourceTimestamp":"2024-04-26T12:09:25.8560359Z","ServerTimestamp":"2024-04-26T12:09:25.8560385Z"},"nsu=http://opcfoundation.org/UA/Plc/Applications;s=FastUIntScalar1":{"Value":4,"SourceTimestamp":"2024-04-26T12:09:25.2585697Z","ServerTimestamp":"2024-04-26T12:09:25.2585718Z"}}}]