[{"SequenceNumber":45,"MetaDataVersion":{"MajorVersion":1},"Timestamp":"2024-04-26T12:10:08.894284Z","MessageType":"ua-deltaframe","DataSetWriterName":"<<UnknownDataSet>>","Payload":{"nsu=http://opcfoundation.org/UA/Plc/Applications;s=StepUp":{"Value":476,"SourceTimestamp":"2024-04-26T12:10:08.8466435Z","ServerTimestamp":"2024-04-26T12:10:08.8466491Z"},"nsu=http://opcfoundation.org/UA/Plc/Applications;s=RandomSignedInt32":{"Value":2009233030,"SourceTimestamp":"2024-04-26T12:10:08.8467062Z","ServerTimestamp":"2024-04-26T12:10:08.8467105Z"},"nsu=http://opcfoundation.org/UA/Plc/Applications;s=RandomUnsignedInt32":{"Value":1286497685,"SourceTimestamp":"2024-04-26T12:10:08.8466719Z","ServerTimestamp":"2024-04-26T12:10:08.8466731Z"},"nsu=http://opcfoundation.org/UA/Plc/Applications;s=DipData":{"Value":-3.2162452993532734E-14,"SourceTimestamp":"2024-04-26T12:10:08.8466846Z","ServerTimestamp":"2024-04-26T12:10:08.8466929Z"},"nsu=http://opcfoundation.org/UA/Plc/Applications;s=FastUIntScalar1":{"Value":47,"SourceTimestamp":"2024-04-26T12:10:08.2538262Z","ServerTimestamp":"2024-04-26T12:10:08.2538309Z"}}}]