[{"SequenceNumber":50,"MetaDataVersion":{"MajorVersion":1},"Timestamp":"2024-04-26T12:10:14.8560836Z","MessageType":"ua-deltaframe","DataSetWriterName":"<<UnknownDataSet>>","Payload":{"nsu=http://opcfoundation.org/UA/Plc/Applications;s=StepUp":{"Value":535,"SourceTimestamp":"2024-04-26T12:10:14.7459222Z","ServerTimestamp":"2024-04-26T12:10:14.7459248Z"},"nsu=http://opcfoundation.org/UA/Plc/Applications;s=RandomSignedInt32":{"Value":-265210025,"SourceTimestamp":"2024-04-26T12:10:14.7459532Z","ServerTimestamp":"2024-04-26T12:10:14.7459546Z"},"nsu=http://opcfoundation.org/UA/Plc/Applications;s=RandomUnsignedInt32":{"Value":519859753,"SourceTimestamp":"2024-04-26T12:10:14.7459487Z","ServerTimestamp":"2024-04-26T12:10:14.7459528Z"},"nsu=http://opcfoundation.org/UA/Plc/Applications;s=DipData":{"Value":90.482705246601952,"SourceTimestamp":"2024-04-26T12:10:14.7459601Z","ServerTimestamp":"2024-04-26T12:10:14.745962Z"},"nsu=http://opcfoundation.org/UA/Plc/Applications;s=FastUIntScalar1":{"Value":53,"SourceTimestamp":"2024-04-26T12:10:14.2586273Z","ServerTimestamp":"2024-04-26T12:10:14.2586301Z"}}}]