[{"SequenceNumber":54,"MetaDataVersion":{"MajorVersion":1},"Timestamp":"2024-04-26T12:10:18.877936Z","MessageType":"ua-deltaframe","DataSetWriterName":"<<UnknownDataSet>>","Payload":{"nsu=http://opcfoundation.org/UA/Plc/Applications;s=StepUp":{"Value":576,"SourceTimestamp":"2024-04-26T12:10:18.8456248Z","ServerTimestamp":"2024-04-26T12:10:18.8456275Z"},"nsu=http://opcfoundation.org/UA/Plc/Applications;s=RandomSignedInt32":{"Value":-409026393,"SourceTimestamp":"2024-04-26T12:10:18.8456401Z","ServerTimestamp":"2024-04-26T12:10:18.8456552Z"},"nsu=http://opcfoundation.org/UA/Plc/Applications;s=RandomUnsignedInt32":{"Value":10569789,"SourceTimestamp":"2024-04-26T12:10:18.8456499Z","ServerTimestamp":"2024-04-26T12:10:18.8456514Z"},"nsu=http://opcfoundation.org/UA/Plc/Applications;s=DipData":{"Value":-3.2162452993532734E-14,"SourceTimestamp":"2024-04-26T12:10:18.8456731Z","ServerTimestamp":"2024-04-26T12:10:18.8456739Z"},"nsu=http://opcfoundation.org/UA/Plc/Applications;s=FastUIntScalar1":{"Value":57,"SourceTimestamp":"2024-04-26T12:10:18.2483178Z","ServerTimestamp":"2024-04-26T12:10:18.2483202Z"}}}]