[{"SequenceNumber":59,"MetaDataVersion":{"MajorVersion":1},"Timestamp":"2024-04-26T12:10:23.8993155Z","MessageType":"ua-deltaframe","DataSetWriterName":"<<UnknownDataSet>>","Payload":{"nsu=http://opcfoundation.org/UA/Plc/Applications;s=StepUp":{"Value":626,"SourceTimestamp":"2024-04-26T12:10:23.8521883Z","ServerTimestamp":"2024-04-26T12:10:23.852194Z"},"nsu=http://opcfoundation.org/UA/Plc/Applications;s=RandomSignedInt32":{"Value":-2105472701,"SourceTimestamp":"2024-04-26T12:10:23.8522388Z","ServerTimestamp":"2024-04-26T12:10:23.8522422Z"},"nsu=http://opcfoundation.org/UA/Plc/Applications;s=RandomUnsignedInt32":{"Value":421544127,"SourceTimestamp":"2024-04-26T12:10:23.8522279Z","ServerTimestamp":"2024-04-26T12:10:23.852229Z"},"nsu=http://opcfoundation.org/UA/Plc/Applications;s=DipData":{"Value":-3.2162452993532734E-14,"SourceTimestamp":"2024-04-26T12:10:23.852248Z","ServerTimestamp":"2024-04-26T12:10:23.8522518Z"},"nsu=http://opcfoundation.org/UA/Plc/Applications;s=FastUIntScalar1":{"Value":62,"SourceTimestamp":"2024-04-26T12:10:23.2549403Z","ServerTimestamp":"2024-04-26T12:10:23.2549437Z"}}}]