[{"SequenceNumber":62,"MetaDataVersion":{"MajorVersion":1},"Timestamp":"2024-04-26T12:10:27.8596043Z","MessageType":"ua-deltaframe","DataSetWriterName":"<<UnknownDataSet>>","Payload":{"nsu=http://opcfoundation.org/UA/Plc/Applications;s=StepUp":{"Value":666,"SourceTimestamp":"2024-04-26T12:10:27.8592166Z","ServerTimestamp":"2024-04-26T12:10:27.8592295Z"},"nsu=http://opcfoundation.org/UA/Plc/Applications;s=RandomSignedInt32":{"Value":-439402229,"SourceTimestamp":"2024-04-26T12:10:27.7492806Z","ServerTimestamp":"2024-04-26T12:10:27.7493392Z"},"nsu=http://opcfoundation.org/UA/Plc/Applications;s=RandomUnsignedInt32":{"Value":1347807387,"SourceTimestamp":"2024-04-26T12:10:27.749296Z","ServerTimestamp":"2024-04-26T12:10:27.7493007Z"},"nsu=http://opcfoundation.org/UA/Plc/Applications;s=DipData":{"Value":-98.228725072868869,"SourceTimestamp":"2024-04-26T12:10:27.7493169Z","ServerTimestamp":"2024-04-26T12:10:27.7493251Z"},"nsu=http://opcfoundation.org/UA/Plc/Applications;s=FastUIntScalar1":{"Value":66,"SourceTimestamp":"2024-04-26T12:10:27.2467694Z","ServerTimestamp":"2024-04-26T12:10:27.2467715Z"}}}]