[{"SequenceNumber":63,"MetaDataVersion":{"MajorVersion":1},"Timestamp":"2024-04-26T12:10:28.8606978Z","MessageType":"ua-deltaframe","DataSetWriterName":"<<UnknownDataSet>>","Payload":{"nsu=http://opcfoundation.org/UA/Plc/Applications;s=StepUp":{"Value":675,"SourceTimestamp":"2024-04-26T12:10:28.7501595Z","ServerTimestamp":"2024-04-26T12:10:28.7501639Z"},"nsu=http://opcfoundation.org/UA/Plc/Applications;s=RandomSignedInt32":{"Value":-1131115357,"SourceTimestamp":"2024-04-26T12:10:28.7501886Z","ServerTimestamp":"2024-04-26T12:10:28.7501899Z"},"nsu=http://opcfoundation.org/UA/Plc/Applications;s=RandomUnsignedInt32":{"Value":170653209,"SourceTimestamp":"2024-04-26T12:10:28.7501892Z","ServerTimestamp":"2024-04-26T12:10:28.7501938Z"},"nsu=http://opcfoundation.org/UA/Plc/Applications;s=DipData":{"Value":-12.533323356430429,"SourceTimestamp":"2024-04-26T12:10:28.7502065Z","ServerTimestamp":"2024-04-26T12:10:28.7502096Z"},"nsu=http://opcfoundation.org/UA/Plc/Applications;s=FastUIntScalar1":{"Value":67,"SourceTimestamp":"2024-04-26T12:10:28.2523017Z","ServerTimestamp":"2024-04-26T12:10:28.2523056Z"}}}]