[{"SequenceNumber":67,"MetaDataVersion":{"MajorVersion":1},"Timestamp":"2024-04-26T12:10:32.8802059Z","MessageType":"ua-deltaframe","DataSetWriterName":"<<UnknownDataSet>>","Payload":{"nsu=http://opcfoundation.org/UA/Plc/Applications;s=StepUp":{"Value":716,"SourceTimestamp":"2024-04-26T12:10:32.8487832Z","ServerTimestamp":"2024-04-26T12:10:32.8487968Z"},"nsu=http://opcfoundation.org/UA/Plc/Applications;s=RandomSignedInt32":{"Value":240448622,"SourceTimestamp":"2024-04-26T12:10:32.8487983Z","ServerTimestamp":"2024-04-26T12:10:32.8488032Z"},"nsu=http://opcfoundation.org/UA/Plc/Applications;s=RandomUnsignedInt32":{"Value":1112219224,"SourceTimestamp":"2024-04-26T12:10:32.8488021Z","ServerTimestamp":"2024-04-26T12:10:32.8488236Z"},"nsu=http://opcfoundation.org/UA/Plc/Applications;s=DipData":{"Value":-95.10565162951535,"SourceTimestamp":"2024-04-26T12:10:32.8488181Z","ServerTimestamp":"2024-04-26T12:10:32.8488195Z"},"nsu=http://opcfoundation.org/UA/Plc/Applications;s=FastUIntScalar1":{"Value":71,"SourceTimestamp":"2024-04-26T12:10:32.251846Z","ServerTimestamp":"2024-04-26T12:10:32.2518528Z"}}}]