[{"SequenceNumber":74,"MetaDataVersion":{"MajorVersion":1},"Timestamp":"2024-04-26T12:10:40.855344Z","MessageType":"ua-deltaframe","DataSetWriterName":"<<UnknownDataSet>>","Payload":{"nsu=http://opcfoundation.org/UA/Plc/Applications;s=StepUp":{"Value":796,"SourceTimestamp":"2024-04-26T12:10:40.8548563Z","ServerTimestamp":"2024-04-26T12:10:40.8548595Z"},"nsu=http://opcfoundation.org/UA/Plc/Applications;s=RandomSignedInt32":{"Value":95563503,"SourceTimestamp":"2024-04-26T12:10:40.8548792Z","ServerTimestamp":"2024-04-26T12:10:40.8548798Z"},"nsu=http://opcfoundation.org/UA/Plc/Applications;s=RandomUnsignedInt32":{"Value":894066262,"SourceTimestamp":"2024-04-26T12:10:40.7598318Z","ServerTimestamp":"2024-04-26T12:10:40.7598323Z"},"nsu=http://opcfoundation.org/UA/Plc/Applications;s=DipData":{"Value":68.454710592868878,"SourceTimestamp":"2024-04-26T12:10:40.7598529Z","ServerTimestamp":"2024-04-26T12:10:40.7598537Z"},"nsu=http://opcfoundation.org/UA/Plc/Applications;s=FastUIntScalar1":{"Value":79,"SourceTimestamp":"2024-04-26T12:10:40.2573234Z","ServerTimestamp":"2024-04-26T12:10:40.2573255Z"}}}]