[{"SequenceNumber":75,"MetaDataVersion":{"MajorVersion":1},"Timestamp":"2024-04-26T12:10:41.8606734Z","MessageType":"ua-deltaframe","DataSetWriterName":"<<UnknownDataSet>>","Payload":{"nsu=http://opcfoundation.org/UA/Plc/Applications;s=StepUp":{"Value":805,"SourceTimestamp":"2024-04-26T12:10:41.7503031Z","ServerTimestamp":"2024-04-26T12:10:41.7503055Z"},"nsu=http://opcfoundation.org/UA/Plc/Applications;s=AlternatingBoolean":{"Value":true,"SourceTimestamp":"2024-04-26T12:10:41.3573687Z","ServerTimestamp":"2024-04-26T12:10:41.3573697Z"},"nsu=http://opcfoundation.org/UA/Plc/Applications;s=RandomSignedInt32":{"Value":1956047265,"SourceTimestamp":"2024-04-26T12:10:41.7503193Z","ServerTimestamp":"2024-04-26T12:10:41.7503219Z"},"nsu=http://opcfoundation.org/UA/Plc/Applications;s=RandomUnsignedInt32":{"Value":851128435,"SourceTimestamp":"2024-04-26T12:10:41.7503217Z","ServerTimestamp":"2024-04-26T12:10:41.7503257Z"},"nsu=http://opcfoundation.org/UA/Plc/Applications;s=DipData":{"Value":-48.175367410171532,"SourceTimestamp":"2024-04-26T12:10:41.7503268Z","ServerTimestamp":"2024-04-26T12:10:41.7503278Z"},"nsu=http://opcfoundation.org/UA/Plc/Applications;s=FastUIntScalar1":{"Value":80,"SourceTimestamp":"2024-04-26T12:10:41.2477567Z","ServerTimestamp":"2024-04-26T12:10:41.2477577Z"}}}]