[{"SequenceNumber":77,"MetaDataVersion":{"MajorVersion":1},"Timestamp":"2024-04-26T12:10:43.8658651Z","MessageType":"ua-deltaframe","DataSetWriterName":"<<UnknownDataSet>>","Payload":{"nsu=http://opcfoundation.org/UA/Plc/Applications;s=StepUp":{"Value":826,"SourceTimestamp":"2024-04-26T12:10:43.8498207Z","ServerTimestamp":"2024-04-26T12:10:43.8498248Z"},"nsu=http://opcfoundation.org/UA/Plc/Applications;s=RandomSignedInt32":{"Value":692966164,"SourceTimestamp":"2024-04-26T12:10:43.8498489Z","ServerTimestamp":"2024-04-26T12:10:43.8498499Z"},"nsu=http://opcfoundation.org/UA/Plc/Applications;s=RandomUnsignedInt32":{"Value":167540145,"SourceTimestamp":"2024-04-26T12:10:43.8498548Z","ServerTimestamp":"2024-04-26T12:10:43.8498558Z"},"nsu=http://opcfoundation.org/UA/Plc/Applications;s=DipData":{"Value":-3.2162452993532734E-14,"SourceTimestamp":"2024-04-26T12:10:43.8498688Z","ServerTimestamp":"2024-04-26T12:10:43.8498703Z"},"nsu=http://opcfoundation.org/UA/Plc/Applications;s=FastUIntScalar1":{"Value":82,"SourceTimestamp":"2024-04-26T12:10:43.2520895Z","ServerTimestamp":"2024-04-26T12:10:43.2520957Z"}}}]