[{"SequenceNumber":78,"MetaDataVersion":{"MajorVersion":1},"Timestamp":"2024-04-26T12:10:44.8692347Z","MessageType":"ua-deltaframe","DataSetWriterName":"<<UnknownDataSet>>","Payload":{"nsu=http://opcfoundation.org/UA/Plc/Applications;s=StepUp":{"Value":836,"SourceTimestamp":"2024-04-26T12:10:44.8530468Z","ServerTimestamp":"2024-04-26T12:10:44.8530495Z"},"nsu=http://opcfoundation.org/UA/Plc/Applications;s=RandomSignedInt32":{"Value":-1830709563,"SourceTimestamp":"2024-04-26T12:10:44.8530567Z","ServerTimestamp":"2024-04-26T12:10:44.8530584Z"},"nsu=http://opcfoundation.org/UA/Plc/Applications;s=RandomUnsignedInt32":{"Value":1542636461,"SourceTimestamp":"2024-04-26T12:10:44.8530694Z","ServerTimestamp":"2024-04-26T12:10:44.853071Z"},"nsu=http://opcfoundation.org/UA/Plc/Applications;s=DipData":{"Value":95.10565162951535,"SourceTimestamp":"2024-04-26T12:10:44.8530725Z","ServerTimestamp":"2024-04-26T12:10:44.8531019Z"},"nsu=http://opcfoundation.org/UA/Plc/Applications;s=FastUIntScalar1":{"Value":83,"SourceTimestamp":"2024-04-26T12:10:44.2580652Z","ServerTimestamp":"2024-04-26T12:10:44.2580673Z"}}}]