[{"SequenceNumber":8,"MetaDataVersion":{"MajorVersion":1},"Timestamp":"2024-04-26T12:09:29.8620814Z","MessageType":"ua-deltaframe","DataSetWriterName":"<<UnknownDataSet>>","Payload":{"nsu=http://opcfoundation.org/UA/Plc/Applications;s=StepUp":{"Value":86,"SourceTimestamp":"2024-04-26T12:09:29.8459369Z","ServerTimestamp":"2024-04-26T12:09:29.8459402Z"},"nsu=http://opcfoundation.org/UA/Plc/Applications;s=RandomSignedInt32":{"Value":1532900551,"SourceTimestamp":"2024-04-26T12:09:29.8459588Z","ServerTimestamp":"2024-04-26T12:09:29.8459597Z"},"nsu=http://opcfoundation.org/UA/Plc/Applications;s=RandomUnsignedInt32":{"Value":848276483,"SourceTimestamp":"2024-04-26T12:09:29.8459594Z","ServerTimestamp":"2024-04-26T12:09:29.8459665Z"},"nsu=http://opcfoundation.org/UA/Plc/Applications;s=DipData":{"Value":95.10565162951535,"SourceTimestamp":"2024-04-26T12:09:29.8459703Z","ServerTimestamp":"2024-04-26T12:09:29.8459725Z"},"nsu=http://opcfoundation.org/UA/Plc/Applications;s=FastUIntScalar1":{"Value":8,"SourceTimestamp":"2024-04-26T12:09:29.249475Z","ServerTimestamp":"2024-04-26T12:09:29.2494769Z"}}}]