[{"SequenceNumber":80,"MetaDataVersion":{"MajorVersion":1},"Timestamp":"2024-04-26T12:10:46.8792686Z","MessageType":"ua-deltaframe","DataSetWriterName":"<<UnknownDataSet>>","Payload":{"nsu=http://opcfoundation.org/UA/Plc/Applications;s=StepUp":{"Value":856,"SourceTimestamp":"2024-04-26T12:10:46.84727Z","ServerTimestamp":"2024-04-26T12:10:46.8472716Z"},"nsu=http://opcfoundation.org/UA/Plc/Applications;s=AlternatingBoolean":{"Value":false,"SourceTimestamp":"2024-04-26T12:10:46.3565079Z","ServerTimestamp":"2024-04-26T12:10:46.3565187Z"},"nsu=http://opcfoundation.org/UA/Plc/Applications;s=RandomSignedInt32":{"Value":513517279,"SourceTimestamp":"2024-04-26T12:10:46.8472544Z","ServerTimestamp":"2024-04-26T12:10:46.8472675Z"},"nsu=http://opcfoundation.org/UA/Plc/Applications;s=RandomUnsignedInt32":{"Value":1651656315,"SourceTimestamp":"2024-04-26T12:10:46.8472549Z","ServerTimestamp":"2024-04-26T12:10:46.8472559Z"},"nsu=http://opcfoundation.org/UA/Plc/Applications;s=DipData":{"Value":-58.778525229247258,"SourceTimestamp":"2024-04-26T12:10:46.847259Z","ServerTimestamp":"2024-04-26T12:10:46.8472604Z"},"nsu=http://opcfoundation.org/UA/Plc/Applications;s=FastUIntScalar1":{"Value":85,"SourceTimestamp":"2024-04-26T12:10:46.2455134Z","ServerTimestamp":"2024-04-26T12:10:46.2455155Z"}}}]