[{"SequenceNumber":83,"MetaDataVersion":{"MajorVersion":1},"Timestamp":"2024-04-26T12:10:51.8671168Z","MessageType":"ua-deltaframe","DataSetWriterName":"<<UnknownDataSet>>","Payload":{"nsu=http://opcfoundation.org/UA/Plc/Applications;s=StepUp":{"Value":906,"SourceTimestamp":"2024-04-26T12:10:51.8503328Z","ServerTimestamp":"2024-04-26T12:10:51.8503354Z"},"nsu=http://opcfoundation.org/UA/Plc/Applications;s=AlternatingBoolean":{"Value":true,"SourceTimestamp":"2024-04-26T12:10:51.3519919Z","ServerTimestamp":"2024-04-26T12:10:51.3519941Z"},"nsu=http://opcfoundation.org/UA/Plc/Applications;s=RandomSignedInt32":{"Value":654333441,"SourceTimestamp":"2024-04-26T12:10:51.8503544Z","ServerTimestamp":"2024-04-26T12:10:51.8503561Z"},"nsu=http://opcfoundation.org/UA/Plc/Applications;s=RandomUnsignedInt32":{"Value":351084101,"SourceTimestamp":"2024-04-26T12:10:51.8503513Z","ServerTimestamp":"2024-04-26T12:10:51.8503518Z"},"nsu=http://opcfoundation.org/UA/Plc/Applications;s=DipData":{"Value":-58.778525229247258,"SourceTimestamp":"2024-04-26T12:10:51.8503586Z","ServerTimestamp":"2024-04-26T12:10:51.8503619Z"},"nsu=http://opcfoundation.org/UA/Plc/Applications;s=FastUIntScalar1":{"Value":90,"SourceTimestamp":"2024-04-26T12:10:51.2566047Z","ServerTimestamp":"2024-04-26T12:10:51.2566081Z"}}}]