[{"SequenceNumber":84,"MetaDataVersion":{"MajorVersion":1},"Timestamp":"2024-04-26T12:10:52.8642753Z","MessageType":"ua-deltaframe","DataSetWriterName":"<<UnknownDataSet>>","Payload":{"nsu=http://opcfoundation.org/UA/Plc/Applications;s=StepUp":{"Value":916,"SourceTimestamp":"2024-04-26T12:10:52.8479955Z","ServerTimestamp":"2024-04-26T12:10:52.8479991Z"},"nsu=http://opcfoundation.org/UA/Plc/Applications;s=RandomSignedInt32":{"Value":-1400719044,"SourceTimestamp":"2024-04-26T12:10:52.8480116Z","ServerTimestamp":"2024-04-26T12:10:52.8480135Z"},"nsu=http://opcfoundation.org/UA/Plc/Applications;s=RandomUnsignedInt32":{"Value":174506510,"SourceTimestamp":"2024-04-26T12:10:52.848021Z","ServerTimestamp":"2024-04-26T12:10:52.8480238Z"},"nsu=http://opcfoundation.org/UA/Plc/Applications;s=DipData":{"Value":-95.10565162951535,"SourceTimestamp":"2024-04-26T12:10:52.8480205Z","ServerTimestamp":"2024-04-26T12:10:52.8480265Z"},"nsu=http://opcfoundation.org/UA/Plc/Applications;s=FastUIntScalar1":{"Value":91,"SourceTimestamp":"2024-04-26T12:10:52.2493073Z","ServerTimestamp":"2024-04-26T12:10:52.2493113Z"}}}]