[{"SequenceNumber":88,"MetaDataVersion":{"MajorVersion":1},"Timestamp":"2024-04-26T12:10:56.8774002Z","MessageType":"ua-deltaframe","DataSetWriterName":"<<UnknownDataSet>>","Payload":{"nsu=http://opcfoundation.org/UA/Plc/Applications;s=StepUp":{"Value":956,"SourceTimestamp":"2024-04-26T12:10:56.8613899Z","ServerTimestamp":"2024-04-26T12:10:56.8613943Z"},"nsu=http://opcfoundation.org/UA/Plc/Applications;s=AlternatingBoolean":{"Value":false,"SourceTimestamp":"2024-04-26T12:10:56.3479247Z","ServerTimestamp":"2024-04-26T12:10:56.3479318Z"},"nsu=http://opcfoundation.org/UA/Plc/Applications;s=RandomSignedInt32":{"Value":-541562541,"SourceTimestamp":"2024-04-26T12:10:56.8614142Z","ServerTimestamp":"2024-04-26T12:10:56.8614161Z"},"nsu=http://opcfoundation.org/UA/Plc/Applications;s=RandomUnsignedInt32":{"Value":175195453,"SourceTimestamp":"2024-04-26T12:10:56.8614199Z","ServerTimestamp":"2024-04-26T12:10:56.8614229Z"},"nsu=http://opcfoundation.org/UA/Plc/Applications;s=DipData":{"Value":-58.778525229247258,"SourceTimestamp":"2024-04-26T12:10:56.8614331Z","ServerTimestamp":"2024-04-26T12:10:56.8614375Z"},"nsu=http://opcfoundation.org/UA/Plc/Applications;s=FastUIntScalar1":{"Value":95,"SourceTimestamp":"2024-04-26T12:10:56.2539066Z","ServerTimestamp":"2024-04-26T12:10:56.2539092Z"}}}]