[{"SequenceNumber":90,"MetaDataVersion":{"MajorVersion":1},"Timestamp":"2024-04-26T12:10:58.8901046Z","MessageType":"ua-deltaframe","DataSetWriterName":"<<UnknownDataSet>>","Payload":{"nsu=http://opcfoundation.org/UA/Plc/Applications;s=StepUp":{"Value":976,"SourceTimestamp":"2024-04-26T12:10:58.8580127Z","ServerTimestamp":"2024-04-26T12:10:58.8580163Z"},"nsu=http://opcfoundation.org/UA/Plc/Applications;s=RandomSignedInt32":{"Value":1809508434,"SourceTimestamp":"2024-04-26T12:10:58.8580332Z","ServerTimestamp":"2024-04-26T12:10:58.8580354Z"},"nsu=http://opcfoundation.org/UA/Plc/Applications;s=RandomUnsignedInt32":{"Value":1064491271,"SourceTimestamp":"2024-04-26T12:10:58.8580349Z","ServerTimestamp":"2024-04-26T12:10:58.85804Z"},"nsu=http://opcfoundation.org/UA/Plc/Applications;s=DipData":{"Value":-3.2162452993532734E-14,"SourceTimestamp":"2024-04-26T12:10:58.8580464Z","ServerTimestamp":"2024-04-26T12:10:58.8580775Z"},"nsu=http://opcfoundation.org/UA/Plc/Applications;s=FastUIntScalar1":{"Value":97,"SourceTimestamp":"2024-04-26T12:10:58.2448493Z","ServerTimestamp":"2024-04-26T12:10:58.2448544Z"}}}]