[{"SequenceNumber":98,"MetaDataVersion":{"MajorVersion":1},"Timestamp":"2024-04-26T12:11:06.8668312Z","MessageType":"ua-deltaframe","DataSetWriterName":"<<UnknownDataSet>>","Payload":{"nsu=http://opcfoundation.org/UA/Plc/Applications;s=StepUp":{"Value":1056,"SourceTimestamp":"2024-04-26T12:11:06.8504809Z","ServerTimestamp":"2024-04-26T12:11:06.8505124Z"},"nsu=http://opcfoundation.org/UA/Plc/Applications;s=AlternatingBoolean":{"Value":false,"SourceTimestamp":"2024-04-26T12:11:06.3484527Z","ServerTimestamp":"2024-04-26T12:11:06.3484551Z"},"nsu=http://opcfoundation.org/UA/Plc/Applications;s=RandomSignedInt32":{"Value":-1403440074,"SourceTimestamp":"2024-04-26T12:11:06.8505092Z","ServerTimestamp":"2024-04-26T12:11:06.8505622Z"},"nsu=http://opcfoundation.org/UA/Plc/Applications;s=RandomUnsignedInt32":{"Value":365520543,"SourceTimestamp":"2024-04-26T12:11:06.8505118Z","ServerTimestamp":"2024-04-26T12:11:06.8505245Z"},"nsu=http://opcfoundation.org/UA/Plc/Applications;s=DipData":{"Value":-58.778525229247258,"SourceTimestamp":"2024-04-26T12:11:06.8505465Z","ServerTimestamp":"2024-04-26T12:11:06.850554Z"},"nsu=http://opcfoundation.org/UA/Plc/Applications;s=FastUIntScalar1":{"Value":105,"SourceTimestamp":"2024-04-26T12:11:06.2546559Z","ServerTimestamp":"2024-04-26T12:11:06.2546599Z"}}}]