[{"SequenceNumber":1,"MetaDataVersion":{"MajorVersion":1},"Timestamp":"2024-04-27T15:17:29.8447439Z","MessageType":"ua-deltaframe","DataSetWriterName":"<<UnknownDataSet>>","Payload":{"nsu=http://opcfoundation.org/UA/Plc/Applications;s=StepUp":{"Value":22,"SourceTimestamp":"2024-04-27T15:17:29.8282417Z","ServerTimestamp":"2024-04-27T15:17:29.8282961Z"},"nsu=http://opcfoundation.org/UA/Plc/Applications;s=AlternatingBoolean":{"Value":true,"SourceTimestamp":"2024-04-27T15:17:28.8164856Z","ServerTimestamp":"2024-04-27T15:17:28.8339358Z"},"nsu=http://opcfoundation.org/UA/Plc/Applications;s=RandomSignedInt32":{"Value":1478508447,"SourceTimestamp":"2024-04-27T15:17:29.8282426Z","ServerTimestamp":"2024-04-27T15:17:29.8283088Z"},"nsu=http://opcfoundation.org/UA/Plc/Applications;s=RandomUnsignedInt32":{"Value":715981141,"SourceTimestamp":"2024-04-27T15:17:29.8282552Z","ServerTimestamp":"2024-04-27T15:17:29.8282613Z"},"nsu=http://opcfoundation.org/UA/Plc/Applications;s=DipData":{"Value":-48.175367410171539,"SourceTimestamp":"2024-04-27T15:17:29.828262Z","ServerTimestamp":"2024-04-27T15:17:29.8282731Z"},"nsu=http://opcfoundation.org/UA/Plc/Applications;s=FastUIntScalar1":{"Value":2,"SourceTimestamp":"2024-04-27T15:17:29.6285091Z","ServerTimestamp":"2024-04-27T15:17:29.6285113Z"},"nsu=http://opcfoundation.org/UA/Plc/Applications;s=FastUIntScalar2":{"Value":2,"SourceTimestamp":"2024-04-27T15:17:29.6285259Z","ServerTimestamp":"2024-04-27T15:17:29.6285267Z"},"nsu=http://opcfoundation.org/UA/Plc/Applications;s=FastUIntScalar3":{"Value":2,"SourceTimestamp":"2024-04-27T15:17:29.628528Z","ServerTimestamp":"2024-04-27T15:17:29.6285287Z"},"nsu=http://opcfoundation.org/UA/Plc/Applications;s=FastRandomUIntScalar1":{"Value":3624127955,"SourceTimestamp":"2024-04-27T15:17:29.6285108Z","ServerTimestamp":"2024-04-27T15:17:29.6285324Z"},"nsu=http://opcfoundation.org/UA/Plc/Applications;s=FastRandomUIntScalar2":{"Value":1388491008,"SourceTimestamp":"2024-04-27T15:17:29.6285384Z","ServerTimestamp":"2024-04-27T15:17:29.628539Z"},"nsu=http://opcfoundation.org/UA/Plc/Applications;s=FastRandomUIntScalar3":{"Value":2012945804,"SourceTimestamp":"2024-04-27T15:17:29.6285496Z","ServerTimestamp":"2024-04-27T15:17:29.6285549Z"},"nsu=http://opcfoundation.org/UA/Plc/Applications;s=NegativeTrendData":{"Value":100,"SourceTimestamp":"2024-04-27T15:17:28.816494Z","ServerTimestamp":"2024-04-27T15:17:28.8339498Z"},"nsu=http://opcfoundation.org/UA/Plc/Applications;s=PositiveTrendData":{"Value":100,"SourceTimestamp":"2024-04-27T15:17:28.816486Z","ServerTimestamp":"2024-04-27T15:17:28.8339579Z"},"nsu=http://opcfoundation.org/UA/Plc/Applications;s=SlowUIntScalar1":{"Value":0,"SourceTimestamp":"2024-04-27T15:17:27.6162909Z","ServerTimestamp":"2024-04-27T15:17:28.8339587Z"},"nsu=http://opcfoundation.org/UA/Plc/Applications;s=SlowUIntScalar2":{"Value":0,"SourceTimestamp":"2024-04-27T15:17:27.6162916Z","ServerTimestamp":"2024-04-27T15:17:28.8339594Z"},"nsu=http://opcfoundation.org/UA/Plc/Applications;s=SlowUIntScalar3":{"Value":0,"SourceTimestamp":"2024-04-27T15:17:27.6162941Z","ServerTimestamp":"2024-04-27T15:17:28.83396Z"},"nsu=http://opcfoundation.org/UA/Plc/Applications;s=BadSlowUIntScalar1":{"Value":0,"SourceTimestamp":"2024-04-27T15:17:27.6163017Z","ServerTimestamp":"2024-04-27T15:17:28.8339607Z"},"nsu=http://opcfoundation.org/UA/Plc/Applications;s=SlowRandomUIntScalar1":{"Value":0,"SourceTimestamp":"2024-04-27T15:17:27.6163072Z","ServerTimestamp":"2024-04-27T15:17:28.8339618Z"},"nsu=http://opcfoundation.org/UA/Plc/Applications;s=SlowRandomUIntScalar2":{"Value":0,"SourceTimestamp":"2024-04-27T15:17:27.6163077Z","ServerTimestamp":"2024-04-27T15:17:28.8339685Z"},"nsu=http://opcfoundation.org/UA/Plc/Applications;s=SlowRandomUIntScalar3":{"Value":0,"SourceTimestamp":"2024-04-27T15:17:27.6163136Z","ServerTimestamp":"2024-04-27T15:17:28.8339692Z"},"nsu=http://opcfoundation.org/UA/Plc/Applications;s=BadSlowRandomUIntScalar1":{"Value":0,"SourceTimestamp":"2024-04-27T15:17:27.6163152Z","ServerTimestamp":"2024-04-27T15:17:28.8339698Z"},"nsu=http://opcfoundation.org/UA/Plc/Applications;s=SpikeData":{"Value":-48.175367410171539,"SourceTimestamp":"2024-04-27T15:17:29.8282732Z","ServerTimestamp":"2024-04-27T15:17:29.8282799Z"}}}]