[{"SequenceNumber":102,"MetaDataVersion":{"MajorVersion":1},"Timestamp":"2024-04-27T15:19:23.8518067Z","MessageType":"ua-deltaframe","DataSetWriterName":"<<UnknownDataSet>>","Payload":{"nsu=http://opcfoundation.org/UA/Plc/Applications;s=StepUp":{"Value":1162,"SourceTimestamp":"2024-04-27T15:19:23.8206913Z","ServerTimestamp":"2024-04-27T15:19:23.8207109Z"},"nsu=http://opcfoundation.org/UA/Plc/Applications;s=RandomSignedInt32":{"Value":831782061,"SourceTimestamp":"2024-04-27T15:19:23.8207089Z","ServerTimestamp":"2024-04-27T15:19:23.8207254Z"},"nsu=http://opcfoundation.org/UA/Plc/Applications;s=RandomUnsignedInt32":{"Value":1913779530,"SourceTimestamp":"2024-04-27T15:19:23.8207347Z","ServerTimestamp":"2024-04-27T15:19:23.8207458Z"},"nsu=http://opcfoundation.org/UA/Plc/Applications;s=DipData":{"Value":-98.228725072868855,"SourceTimestamp":"2024-04-27T15:19:23.8207319Z","ServerTimestamp":"2024-04-27T15:19:23.8207333Z"},"nsu=http://opcfoundation.org/UA/Plc/Applications;s=FastUIntScalar1":{"Value":116,"SourceTimestamp":"2024-04-27T15:19:23.6182725Z","ServerTimestamp":"2024-04-27T15:19:23.6182747Z"},"nsu=http://opcfoundation.org/UA/Plc/Applications;s=FastUIntScalar2":{"Value":116,"SourceTimestamp":"2024-04-27T15:19:23.6182846Z","ServerTimestamp":"2024-04-27T15:19:23.618291Z"},"nsu=http://opcfoundation.org/UA/Plc/Applications;s=FastUIntScalar3":{"Value":116,"SourceTimestamp":"2024-04-27T15:19:23.6182928Z","ServerTimestamp":"2024-04-27T15:19:23.6182938Z"},"nsu=http://opcfoundation.org/UA/Plc/Applications;s=FastRandomUIntScalar1":{"Value":264083663,"SourceTimestamp":"2024-04-27T15:19:23.6182765Z","ServerTimestamp":"2024-04-27T15:19:23.6182849Z"},"nsu=http://opcfoundation.org/UA/Plc/Applications;s=FastRandomUIntScalar2":{"Value":1272136250,"SourceTimestamp":"2024-04-27T15:19:23.618291Z","ServerTimestamp":"2024-04-27T15:19:23.6182927Z"},"nsu=http://opcfoundation.org/UA/Plc/Applications;s=FastRandomUIntScalar3":{"Value":3061950778,"SourceTimestamp":"2024-04-27T15:19:23.6182938Z","ServerTimestamp":"2024-04-27T15:19:23.6182965Z"},"nsu=http://opcfoundation.org/UA/Plc/Applications;s=SpikeData":{"Value":-98.228725072868855,"SourceTimestamp":"2024-04-27T15:19:23.8207407Z","ServerTimestamp":"2024-04-27T15:19:23.8207422Z"}}}]