[{"SequenceNumber":104,"MetaDataVersion":{"MajorVersion":1},"Timestamp":"2024-04-27T15:19:25.8419442Z","MessageType":"ua-deltaframe","DataSetWriterName":"<<UnknownDataSet>>","Payload":{"nsu=http://opcfoundation.org/UA/Plc/Applications;s=StepUp":{"Value":1182,"SourceTimestamp":"2024-04-27T15:19:25.8254436Z","ServerTimestamp":"2024-04-27T15:19:25.825449Z"},"nsu=http://opcfoundation.org/UA/Plc/Applications;s=RandomSignedInt32":{"Value":1907641620,"SourceTimestamp":"2024-04-27T15:19:25.8254648Z","ServerTimestamp":"2024-04-27T15:19:25.8254666Z"},"nsu=http://opcfoundation.org/UA/Plc/Applications;s=RandomUnsignedInt32":{"Value":1010045195,"SourceTimestamp":"2024-04-27T15:19:25.8254839Z","ServerTimestamp":"2024-04-27T15:19:25.8254908Z"},"nsu=http://opcfoundation.org/UA/Plc/Applications;s=DipData":{"Value":68.45471059286885,"SourceTimestamp":"2024-04-27T15:19:25.825489Z","ServerTimestamp":"2024-04-27T15:19:25.825502Z"},"nsu=http://opcfoundation.org/UA/Plc/Applications;s=FastUIntScalar1":{"Value":118,"SourceTimestamp":"2024-04-27T15:19:25.6195383Z","ServerTimestamp":"2024-04-27T15:19:25.6195392Z"},"nsu=http://opcfoundation.org/UA/Plc/Applications;s=FastUIntScalar2":{"Value":118,"SourceTimestamp":"2024-04-27T15:19:25.6195416Z","ServerTimestamp":"2024-04-27T15:19:25.6195421Z"},"nsu=http://opcfoundation.org/UA/Plc/Applications;s=FastUIntScalar3":{"Value":118,"SourceTimestamp":"2024-04-27T15:19:25.6195433Z","ServerTimestamp":"2024-04-27T15:19:25.6195439Z"},"nsu=http://opcfoundation.org/UA/Plc/Applications;s=FastRandomUIntScalar1":{"Value":671138580,"SourceTimestamp":"2024-04-27T15:19:25.619525Z","ServerTimestamp":"2024-04-27T15:19:25.619526Z"},"nsu=http://opcfoundation.org/UA/Plc/Applications;s=FastRandomUIntScalar2":{"Value":1228994838,"SourceTimestamp":"2024-04-27T15:19:25.6195279Z","ServerTimestamp":"2024-04-27T15:19:25.6195285Z"},"nsu=http://opcfoundation.org/UA/Plc/Applications;s=FastRandomUIntScalar3":{"Value":2084565798,"SourceTimestamp":"2024-04-27T15:19:25.6195297Z","ServerTimestamp":"2024-04-27T15:19:25.6195303Z"},"nsu=http://opcfoundation.org/UA/Plc/Applications;s=SpikeData":{"Value":68.45471059286885,"SourceTimestamp":"2024-04-27T15:19:25.8255048Z","ServerTimestamp":"2024-04-27T15:19:25.8255068Z"}}}]