[{"SequenceNumber":16,"MetaDataVersion":{"MajorVersion":1},"Timestamp":"2024-04-27T15:17:47.8572231Z","MessageType":"ua-deltaframe","DataSetWriterName":"<<UnknownDataSet>>","Payload":{"nsu=http://opcfoundation.org/UA/Plc/Applications;s=StepUp":{"Value":202,"SourceTimestamp":"2024-04-27T15:17:47.826302Z","ServerTimestamp":"2024-04-27T15:17:47.8263058Z"},"nsu=http://opcfoundation.org/UA/Plc/Applications;s=AlternatingBoolean":{"Value":true,"SourceTimestamp":"2024-04-27T15:17:47.7192089Z","ServerTimestamp":"2024-04-27T15:17:47.7192176Z"},"nsu=http://opcfoundation.org/UA/Plc/Applications;s=RandomSignedInt32":{"Value":-1015428674,"SourceTimestamp":"2024-04-27T15:17:47.8263613Z","ServerTimestamp":"2024-04-27T15:17:47.8263913Z"},"nsu=http://opcfoundation.org/UA/Plc/Applications;s=RandomUnsignedInt32":{"Value":932600026,"SourceTimestamp":"2024-04-27T15:17:47.8263649Z","ServerTimestamp":"2024-04-27T15:17:47.8263712Z"},"nsu=http://opcfoundation.org/UA/Plc/Applications;s=DipData":{"Value":-12.533323356430378,"SourceTimestamp":"2024-04-27T15:17:47.82638Z","ServerTimestamp":"2024-04-27T15:17:47.8263808Z"},"nsu=http://opcfoundation.org/UA/Plc/Applications;s=FastUIntScalar1":{"Value":20,"SourceTimestamp":"2024-04-27T15:17:47.6261945Z","ServerTimestamp":"2024-04-27T15:17:47.6261954Z"},"nsu=http://opcfoundation.org/UA/Plc/Applications;s=FastUIntScalar2":{"Value":20,"SourceTimestamp":"2024-04-27T15:17:47.6261968Z","ServerTimestamp":"2024-04-27T15:17:47.6261978Z"},"nsu=http://opcfoundation.org/UA/Plc/Applications;s=FastUIntScalar3":{"Value":20,"SourceTimestamp":"2024-04-27T15:17:47.626199Z","ServerTimestamp":"2024-04-27T15:17:47.6261996Z"},"nsu=http://opcfoundation.org/UA/Plc/Applications;s=FastRandomUIntScalar1":{"Value":1442645749,"SourceTimestamp":"2024-04-27T15:17:47.6262132Z","ServerTimestamp":"2024-04-27T15:17:47.6262146Z"},"nsu=http://opcfoundation.org/UA/Plc/Applications;s=FastRandomUIntScalar2":{"Value":3973031185,"SourceTimestamp":"2024-04-27T15:17:47.6262194Z","ServerTimestamp":"2024-04-27T15:17:47.6262201Z"},"nsu=http://opcfoundation.org/UA/Plc/Applications;s=FastRandomUIntScalar3":{"Value":1878285417,"SourceTimestamp":"2024-04-27T15:17:47.6262213Z","ServerTimestamp":"2024-04-27T15:17:47.6262218Z"},"nsu=http://opcfoundation.org/UA/Plc/Applications;s=SlowUIntScalar1":{"Value":2,"SourceTimestamp":"2024-04-27T15:17:47.6260854Z","ServerTimestamp":"2024-04-27T15:17:47.6260887Z"},"nsu=http://opcfoundation.org/UA/Plc/Applications;s=SlowUIntScalar2":{"Value":2,"SourceTimestamp":"2024-04-27T15:17:47.6261013Z","ServerTimestamp":"2024-04-27T15:17:47.626102Z"},"nsu=http://opcfoundation.org/UA/Plc/Applications;s=SlowUIntScalar3":{"Value":2,"SourceTimestamp":"2024-04-27T15:17:47.6261038Z","ServerTimestamp":"2024-04-27T15:17:47.6261047Z"},"nsu=http://opcfoundation.org/UA/Plc/Applications;s=BadSlowUIntScalar1":{"Value":2,"SourceTimestamp":"2024-04-27T15:17:47.6261064Z","ServerTimestamp":"2024-04-27T15:17:47.6261071Z"},"nsu=http://opcfoundation.org/UA/Plc/Applications;s=SlowRandomUIntScalar1":{"Value":1247292314,"SourceTimestamp":"2024-04-27T15:17:47.6261436Z","ServerTimestamp":"2024-04-27T15:17:47.6261471Z"},"nsu=http://opcfoundation.org/UA/Plc/Applications;s=SlowRandomUIntScalar2":{"Value":3394312620,"SourceTimestamp":"2024-04-27T15:17:47.6261592Z","ServerTimestamp":"2024-04-27T15:17:47.626161Z"},"nsu=http://opcfoundation.org/UA/Plc/Applications;s=SlowRandomUIntScalar3":{"Value":3669731593,"SourceTimestamp":"2024-04-27T15:17:47.6261634Z","ServerTimestamp":"2024-04-27T15:17:47.6261643Z"},"nsu=http://opcfoundation.org/UA/Plc/Applications;s=BadSlowRandomUIntScalar1":{"Value":1487726016,"SourceTimestamp":"2024-04-27T15:17:47.626167Z","ServerTimestamp":"2024-04-27T15:17:47.626168Z"},"nsu=http://opcfoundation.org/UA/Plc/Applications;s=SpikeData":{"Value":-12.533323356430378,"SourceTimestamp":"2024-04-27T15:17:47.8263849Z","ServerTimestamp":"2024-04-27T15:17:47.8263858Z"}}}]