[{"SequenceNumber":17,"MetaDataVersion":{"MajorVersion":1},"Timestamp":"2024-04-27T15:17:48.8496564Z","MessageType":"ua-deltaframe","DataSetWriterName":"<<UnknownDataSet>>","Payload":{"nsu=http://opcfoundation.org/UA/Plc/Applications;s=StepUp":{"Value":212,"SourceTimestamp":"2024-04-27T15:17:48.818787Z","ServerTimestamp":"2024-04-27T15:17:48.8187948Z"},"nsu=http://opcfoundation.org/UA/Plc/Applications;s=RandomSignedInt32":{"Value":-1215351729,"SourceTimestamp":"2024-04-27T15:17:48.8187787Z","ServerTimestamp":"2024-04-27T15:17:48.818785Z"},"nsu=http://opcfoundation.org/UA/Plc/Applications;s=RandomUnsignedInt32":{"Value":1863918727,"SourceTimestamp":"2024-04-27T15:17:48.8187783Z","ServerTimestamp":"2024-04-27T15:17:48.8187805Z"},"nsu=http://opcfoundation.org/UA/Plc/Applications;s=DipData":{"Value":-98.228725072868855,"SourceTimestamp":"2024-04-27T15:17:48.8187979Z","ServerTimestamp":"2024-04-27T15:17:48.8188002Z"},"nsu=http://opcfoundation.org/UA/Plc/Applications;s=FastUIntScalar1":{"Value":21,"SourceTimestamp":"2024-04-27T15:17:48.6306573Z","ServerTimestamp":"2024-04-27T15:17:48.630668Z"},"nsu=http://opcfoundation.org/UA/Plc/Applications;s=FastUIntScalar2":{"Value":21,"SourceTimestamp":"2024-04-27T15:17:48.6306791Z","ServerTimestamp":"2024-04-27T15:17:48.6306831Z"},"nsu=http://opcfoundation.org/UA/Plc/Applications;s=FastUIntScalar3":{"Value":21,"SourceTimestamp":"2024-04-27T15:17:48.630685Z","ServerTimestamp":"2024-04-27T15:17:48.6306869Z"},"nsu=http://opcfoundation.org/UA/Plc/Applications;s=FastRandomUIntScalar1":{"Value":853825650,"SourceTimestamp":"2024-04-27T15:17:48.6306484Z","ServerTimestamp":"2024-04-27T15:17:48.630652Z"},"nsu=http://opcfoundation.org/UA/Plc/Applications;s=FastRandomUIntScalar2":{"Value":1420202905,"SourceTimestamp":"2024-04-27T15:17:48.6306668Z","ServerTimestamp":"2024-04-27T15:17:48.6306801Z"},"nsu=http://opcfoundation.org/UA/Plc/Applications;s=FastRandomUIntScalar3":{"Value":3788032237,"SourceTimestamp":"2024-04-27T15:17:48.6306826Z","ServerTimestamp":"2024-04-27T15:17:48.6306847Z"},"nsu=http://opcfoundation.org/UA/Plc/Applications;s=SpikeData":{"Value":-98.228725072868855,"SourceTimestamp":"2024-04-27T15:17:48.8187313Z","ServerTimestamp":"2024-04-27T15:17:48.8187596Z"}}}]