[{"SequenceNumber":18,"MetaDataVersion":{"MajorVersion":1},"Timestamp":"2024-04-27T15:17:49.839139Z","MessageType":"ua-deltaframe","DataSetWriterName":"<<UnknownDataSet>>","Payload":{"nsu=http://opcfoundation.org/UA/Plc/Applications;s=StepUp":{"Value":222,"SourceTimestamp":"2024-04-27T15:17:49.8229674Z","ServerTimestamp":"2024-04-27T15:17:49.8229714Z"},"nsu=http://opcfoundation.org/UA/Plc/Applications;s=RandomSignedInt32":{"Value":56356250,"SourceTimestamp":"2024-04-27T15:17:49.8230085Z","ServerTimestamp":"2024-04-27T15:17:49.8230096Z"},"nsu=http://opcfoundation.org/UA/Plc/Applications;s=RandomUnsignedInt32":{"Value":565910230,"SourceTimestamp":"2024-04-27T15:17:49.8230159Z","ServerTimestamp":"2024-04-27T15:17:49.8230168Z"},"nsu=http://opcfoundation.org/UA/Plc/Applications;s=DipData":{"Value":-48.175367410171539,"SourceTimestamp":"2024-04-27T15:17:49.8230854Z","ServerTimestamp":"2024-04-27T15:17:49.823088Z"},"nsu=http://opcfoundation.org/UA/Plc/Applications;s=FastUIntScalar1":{"Value":22,"SourceTimestamp":"2024-04-27T15:17:49.6222561Z","ServerTimestamp":"2024-04-27T15:17:49.6222581Z"},"nsu=http://opcfoundation.org/UA/Plc/Applications;s=FastUIntScalar2":{"Value":22,"SourceTimestamp":"2024-04-27T15:17:49.6222817Z","ServerTimestamp":"2024-04-27T15:17:49.6222825Z"},"nsu=http://opcfoundation.org/UA/Plc/Applications;s=FastUIntScalar3":{"Value":22,"SourceTimestamp":"2024-04-27T15:17:49.6222842Z","ServerTimestamp":"2024-04-27T15:17:49.6222851Z"},"nsu=http://opcfoundation.org/UA/Plc/Applications;s=FastRandomUIntScalar1":{"Value":186702236,"SourceTimestamp":"2024-04-27T15:17:49.6222595Z","ServerTimestamp":"2024-04-27T15:17:49.6222915Z"},"nsu=http://opcfoundation.org/UA/Plc/Applications;s=FastRandomUIntScalar2":{"Value":441270015,"SourceTimestamp":"2024-04-27T15:17:49.622302Z","ServerTimestamp":"2024-04-27T15:17:49.6223097Z"},"nsu=http://opcfoundation.org/UA/Plc/Applications;s=FastRandomUIntScalar3":{"Value":4273479281,"SourceTimestamp":"2024-04-27T15:17:49.6223108Z","ServerTimestamp":"2024-04-27T15:17:49.6223145Z"},"nsu=http://opcfoundation.org/UA/Plc/Applications;s=SpikeData":{"Value":-48.175367410171539,"SourceTimestamp":"2024-04-27T15:17:49.8230367Z","ServerTimestamp":"2024-04-27T15:17:49.8230376Z"}}}]