[{"SequenceNumber":19,"MetaDataVersion":{"MajorVersion":1},"Timestamp":"2024-04-27T15:17:51.8207249Z","MessageType":"ua-deltaframe","DataSetWriterName":"<<UnknownDataSet>>","Payload":{"nsu=http://opcfoundation.org/UA/Plc/Applications;s=StepUp":{"Value":241,"SourceTimestamp":"2024-04-27T15:17:51.7272585Z","ServerTimestamp":"2024-04-27T15:17:51.7272611Z"},"nsu=http://opcfoundation.org/UA/Plc/Applications;s=RandomSignedInt32":{"Value":-331754406,"SourceTimestamp":"2024-04-27T15:17:51.8203212Z","ServerTimestamp":"2024-04-27T15:17:51.8203233Z"},"nsu=http://opcfoundation.org/UA/Plc/Applications;s=RandomUnsignedInt32":{"Value":1770823694,"SourceTimestamp":"2024-04-27T15:17:51.7272882Z","ServerTimestamp":"2024-04-27T15:17:51.7272941Z"},"nsu=http://opcfoundation.org/UA/Plc/Applications;s=DipData":{"Value":95.10565162951535,"SourceTimestamp":"2024-04-27T15:17:51.727306Z","ServerTimestamp":"2024-04-27T15:17:51.7273074Z"},"nsu=http://opcfoundation.org/UA/Plc/Applications;s=FastUIntScalar1":{"Value":24,"SourceTimestamp":"2024-04-27T15:17:51.6188768Z","ServerTimestamp":"2024-04-27T15:17:51.6188801Z"},"nsu=http://opcfoundation.org/UA/Plc/Applications;s=FastUIntScalar2":{"Value":24,"SourceTimestamp":"2024-04-27T15:17:51.6188932Z","ServerTimestamp":"2024-04-27T15:17:51.6189067Z"},"nsu=http://opcfoundation.org/UA/Plc/Applications;s=FastUIntScalar3":{"Value":24,"SourceTimestamp":"2024-04-27T15:17:51.6189092Z","ServerTimestamp":"2024-04-27T15:17:51.6189116Z"},"nsu=http://opcfoundation.org/UA/Plc/Applications;s=FastRandomUIntScalar1":{"Value":3562877145,"SourceTimestamp":"2024-04-27T15:17:51.6188909Z","ServerTimestamp":"2024-04-27T15:17:51.6188944Z"},"nsu=http://opcfoundation.org/UA/Plc/Applications;s=FastRandomUIntScalar2":{"Value":43907197,"SourceTimestamp":"2024-04-27T15:17:51.6189065Z","ServerTimestamp":"2024-04-27T15:17:51.6189094Z"},"nsu=http://opcfoundation.org/UA/Plc/Applications;s=FastRandomUIntScalar3":{"Value":1795330198,"SourceTimestamp":"2024-04-27T15:17:51.6189118Z","ServerTimestamp":"2024-04-27T15:17:51.6189351Z"},"nsu=http://opcfoundation.org/UA/Plc/Applications;s=SpikeData":{"Value":95.10565162951535,"SourceTimestamp":"2024-04-27T15:17:51.7273054Z","ServerTimestamp":"2024-04-27T15:17:51.7273061Z"}}}]