[{"SequenceNumber":22,"MetaDataVersion":{"MajorVersion":1},"Timestamp":"2024-04-27T15:17:54.8728217Z","MessageType":"ua-deltaframe","DataSetWriterName":"<<UnknownDataSet>>","Payload":{"nsu=http://opcfoundation.org/UA/Plc/Applications;s=StepUp":{"Value":272,"SourceTimestamp":"2024-04-27T15:17:54.8267262Z","ServerTimestamp":"2024-04-27T15:17:54.8267901Z"},"nsu=http://opcfoundation.org/UA/Plc/Applications;s=RandomSignedInt32":{"Value":705206941,"SourceTimestamp":"2024-04-27T15:17:54.8267273Z","ServerTimestamp":"2024-04-27T15:17:54.8267744Z"},"nsu=http://opcfoundation.org/UA/Plc/Applications;s=RandomUnsignedInt32":{"Value":1198600980,"SourceTimestamp":"2024-04-27T15:17:54.8267377Z","ServerTimestamp":"2024-04-27T15:17:54.826805Z"},"nsu=http://opcfoundation.org/UA/Plc/Applications;s=DipData":{"Value":-48.175367410171539,"SourceTimestamp":"2024-04-27T15:17:54.8267485Z","ServerTimestamp":"2024-04-27T15:17:54.8268193Z"},"nsu=http://opcfoundation.org/UA/Plc/Applications;s=FastUIntScalar1":{"Value":27,"SourceTimestamp":"2024-04-27T15:17:54.6229834Z","ServerTimestamp":"2024-04-27T15:17:54.6229844Z"},"nsu=http://opcfoundation.org/UA/Plc/Applications;s=FastUIntScalar2":{"Value":27,"SourceTimestamp":"2024-04-27T15:17:54.622986Z","ServerTimestamp":"2024-04-27T15:17:54.6229881Z"},"nsu=http://opcfoundation.org/UA/Plc/Applications;s=FastUIntScalar3":{"Value":27,"SourceTimestamp":"2024-04-27T15:17:54.6229893Z","ServerTimestamp":"2024-04-27T15:17:54.6229909Z"},"nsu=http://opcfoundation.org/UA/Plc/Applications;s=FastRandomUIntScalar1":{"Value":3008202648,"SourceTimestamp":"2024-04-27T15:17:54.6229836Z","ServerTimestamp":"2024-04-27T15:17:54.622986Z"},"nsu=http://opcfoundation.org/UA/Plc/Applications;s=FastRandomUIntScalar2":{"Value":3865056089,"SourceTimestamp":"2024-04-27T15:17:54.6229881Z","ServerTimestamp":"2024-04-27T15:17:54.6229896Z"},"nsu=http://opcfoundation.org/UA/Plc/Applications;s=FastRandomUIntScalar3":{"Value":2526361825,"SourceTimestamp":"2024-04-27T15:17:54.6229909Z","ServerTimestamp":"2024-04-27T15:17:54.6229923Z"},"nsu=http://opcfoundation.org/UA/Plc/Applications;s=SpikeData":{"Value":-48.175367410171539,"SourceTimestamp":"2024-04-27T15:17:54.8267649Z","ServerTimestamp":"2024-04-27T15:17:54.8267658Z"}}}]