[{"SequenceNumber":26,"MetaDataVersion":{"MajorVersion":1},"Timestamp":"2024-04-27T15:17:58.8433773Z","MessageType":"ua-deltaframe","DataSetWriterName":"<<UnknownDataSet>>","Payload":{"nsu=http://opcfoundation.org/UA/Plc/Applications;s=StepUp":{"Value":312,"SourceTimestamp":"2024-04-27T15:17:58.8278987Z","ServerTimestamp":"2024-04-27T15:17:58.8279026Z"},"nsu=http://opcfoundation.org/UA/Plc/Applications;s=RandomSignedInt32":{"Value":-989581345,"SourceTimestamp":"2024-04-27T15:17:58.8279607Z","ServerTimestamp":"2024-04-27T15:17:58.8279684Z"},"nsu=http://opcfoundation.org/UA/Plc/Applications;s=RandomUnsignedInt32":{"Value":578951152,"SourceTimestamp":"2024-04-27T15:17:58.8279607Z","ServerTimestamp":"2024-04-27T15:17:58.8279625Z"},"nsu=http://opcfoundation.org/UA/Plc/Applications;s=DipData":{"Value":-98.228725072868855,"SourceTimestamp":"2024-04-27T15:17:58.8279552Z","ServerTimestamp":"2024-04-27T15:17:58.8279557Z"},"nsu=http://opcfoundation.org/UA/Plc/Applications;s=FastUIntScalar1":{"Value":31,"SourceTimestamp":"2024-04-27T15:17:58.6274105Z","ServerTimestamp":"2024-04-27T15:17:58.6274399Z"},"nsu=http://opcfoundation.org/UA/Plc/Applications;s=FastUIntScalar2":{"Value":31,"SourceTimestamp":"2024-04-27T15:17:58.6274637Z","ServerTimestamp":"2024-04-27T15:17:58.627467Z"},"nsu=http://opcfoundation.org/UA/Plc/Applications;s=FastUIntScalar3":{"Value":31,"SourceTimestamp":"2024-04-27T15:17:58.6274693Z","ServerTimestamp":"2024-04-27T15:17:58.6274712Z"},"nsu=http://opcfoundation.org/UA/Plc/Applications;s=FastRandomUIntScalar1":{"Value":1730093361,"SourceTimestamp":"2024-04-27T15:17:58.6274035Z","ServerTimestamp":"2024-04-27T15:17:58.627407Z"},"nsu=http://opcfoundation.org/UA/Plc/Applications;s=FastRandomUIntScalar2":{"Value":3339179571,"SourceTimestamp":"2024-04-27T15:17:58.6274397Z","ServerTimestamp":"2024-04-27T15:17:58.6274639Z"},"nsu=http://opcfoundation.org/UA/Plc/Applications;s=FastRandomUIntScalar3":{"Value":207144809,"SourceTimestamp":"2024-04-27T15:17:58.6274664Z","ServerTimestamp":"2024-04-27T15:17:58.6274693Z"},"nsu=http://opcfoundation.org/UA/Plc/Applications;s=SpikeData":{"Value":-98.228725072868855,"SourceTimestamp":"2024-04-27T15:17:58.8279585Z","ServerTimestamp":"2024-04-27T15:17:58.8279592Z"}}}]