[{"SequenceNumber":31,"MetaDataVersion":{"MajorVersion":1},"Timestamp":"2024-04-27T15:18:04.8361043Z","MessageType":"ua-deltaframe","DataSetWriterName":"<<UnknownDataSet>>","Payload":{"nsu=http://opcfoundation.org/UA/Plc/Applications;s=StepUp":{"Value":372,"SourceTimestamp":"2024-04-27T15:18:04.8208389Z","ServerTimestamp":"2024-04-27T15:18:04.8208874Z"},"nsu=http://opcfoundation.org/UA/Plc/Applications;s=RandomSignedInt32":{"Value":-2122043956,"SourceTimestamp":"2024-04-27T15:18:04.8208848Z","ServerTimestamp":"2024-04-27T15:18:04.8208967Z"},"nsu=http://opcfoundation.org/UA/Plc/Applications;s=RandomUnsignedInt32":{"Value":455609608,"SourceTimestamp":"2024-04-27T15:18:04.8208979Z","ServerTimestamp":"2024-04-27T15:18:04.820917Z"},"nsu=http://opcfoundation.org/UA/Plc/Applications;s=DipData":{"Value":-48.175367410171539,"SourceTimestamp":"2024-04-27T15:18:04.8209106Z","ServerTimestamp":"2024-04-27T15:18:04.8209131Z"},"nsu=http://opcfoundation.org/UA/Plc/Applications;s=FastUIntScalar1":{"Value":37,"SourceTimestamp":"2024-04-27T15:18:04.6207572Z","ServerTimestamp":"2024-04-27T15:18:04.6207595Z"},"nsu=http://opcfoundation.org/UA/Plc/Applications;s=FastUIntScalar2":{"Value":37,"SourceTimestamp":"2024-04-27T15:18:04.6207691Z","ServerTimestamp":"2024-04-27T15:18:04.6207757Z"},"nsu=http://opcfoundation.org/UA/Plc/Applications;s=FastUIntScalar3":{"Value":37,"SourceTimestamp":"2024-04-27T15:18:04.620777Z","ServerTimestamp":"2024-04-27T15:18:04.6207784Z"},"nsu=http://opcfoundation.org/UA/Plc/Applications;s=FastRandomUIntScalar1":{"Value":3819405419,"SourceTimestamp":"2024-04-27T15:18:04.6207598Z","ServerTimestamp":"2024-04-27T15:18:04.6207694Z"},"nsu=http://opcfoundation.org/UA/Plc/Applications;s=FastRandomUIntScalar2":{"Value":3299135283,"SourceTimestamp":"2024-04-27T15:18:04.6207754Z","ServerTimestamp":"2024-04-27T15:18:04.620777Z"},"nsu=http://opcfoundation.org/UA/Plc/Applications;s=FastRandomUIntScalar3":{"Value":3544397546,"SourceTimestamp":"2024-04-27T15:18:04.6207783Z","ServerTimestamp":"2024-04-27T15:18:04.6207795Z"},"nsu=http://opcfoundation.org/UA/Plc/Applications;s=SpikeData":{"Value":-48.175367410171539,"SourceTimestamp":"2024-04-27T15:18:04.8209224Z","ServerTimestamp":"2024-04-27T15:18:04.8209264Z"}}}]