[{"SequenceNumber":40,"MetaDataVersion":{"MajorVersion":1},"Timestamp":"2024-04-27T15:18:14.8752529Z","MessageType":"ua-deltaframe","DataSetWriterName":"<<UnknownDataSet>>","Payload":{"nsu=http://opcfoundation.org/UA/Plc/Applications;s=StepUp":{"Value":472,"SourceTimestamp":"2024-04-27T15:18:14.8288899Z","ServerTimestamp":"2024-04-27T15:18:14.8288937Z"},"nsu=http://opcfoundation.org/UA/Plc/Applications;s=RandomSignedInt32":{"Value":-1148794219,"SourceTimestamp":"2024-04-27T15:18:14.8289123Z","ServerTimestamp":"2024-04-27T15:18:14.8289368Z"},"nsu=http://opcfoundation.org/UA/Plc/Applications;s=RandomUnsignedInt32":{"Value":1741479858,"SourceTimestamp":"2024-04-27T15:18:14.8289178Z","ServerTimestamp":"2024-04-27T15:18:14.8289257Z"},"nsu=http://opcfoundation.org/UA/Plc/Applications;s=DipData":{"Value":-48.175367410171539,"SourceTimestamp":"2024-04-27T15:18:14.8289498Z","ServerTimestamp":"2024-04-27T15:18:14.8289632Z"},"nsu=http://opcfoundation.org/UA/Plc/Applications;s=FastUIntScalar1":{"Value":47,"SourceTimestamp":"2024-04-27T15:18:14.624706Z","ServerTimestamp":"2024-04-27T15:18:14.6247076Z"},"nsu=http://opcfoundation.org/UA/Plc/Applications;s=FastUIntScalar2":{"Value":47,"SourceTimestamp":"2024-04-27T15:18:14.6247236Z","ServerTimestamp":"2024-04-27T15:18:14.6247244Z"},"nsu=http://opcfoundation.org/UA/Plc/Applications;s=FastUIntScalar3":{"Value":47,"SourceTimestamp":"2024-04-27T15:18:14.6247252Z","ServerTimestamp":"2024-04-27T15:18:14.6247322Z"},"nsu=http://opcfoundation.org/UA/Plc/Applications;s=FastRandomUIntScalar1":{"Value":214761355,"SourceTimestamp":"2024-04-27T15:18:14.6247235Z","ServerTimestamp":"2024-04-27T15:18:14.6247258Z"},"nsu=http://opcfoundation.org/UA/Plc/Applications;s=FastRandomUIntScalar2":{"Value":1798044049,"SourceTimestamp":"2024-04-27T15:18:14.6247324Z","ServerTimestamp":"2024-04-27T15:18:14.6247334Z"},"nsu=http://opcfoundation.org/UA/Plc/Applications;s=FastRandomUIntScalar3":{"Value":2456555838,"SourceTimestamp":"2024-04-27T15:18:14.6247347Z","ServerTimestamp":"2024-04-27T15:18:14.6247352Z"},"nsu=http://opcfoundation.org/UA/Plc/Applications;s=SpikeData":{"Value":-48.175367410171539,"SourceTimestamp":"2024-04-27T15:18:14.8289751Z","ServerTimestamp":"2024-04-27T15:18:14.8289776Z"}}}]