[{"SequenceNumber":41,"MetaDataVersion":{"MajorVersion":1},"Timestamp":"2024-04-27T15:18:15.8654882Z","MessageType":"ua-deltaframe","DataSetWriterName":"<<UnknownDataSet>>","Payload":{"nsu=http://opcfoundation.org/UA/Plc/Applications;s=StepUp":{"Value":482,"SourceTimestamp":"2024-04-27T15:18:15.819178Z","ServerTimestamp":"2024-04-27T15:18:15.8191812Z"},"nsu=http://opcfoundation.org/UA/Plc/Applications;s=RandomSignedInt32":{"Value":1537487149,"SourceTimestamp":"2024-04-27T15:18:15.8192064Z","ServerTimestamp":"2024-04-27T15:18:15.8192073Z"},"nsu=http://opcfoundation.org/UA/Plc/Applications;s=RandomUnsignedInt32":{"Value":524690128,"SourceTimestamp":"2024-04-27T15:18:15.8192135Z","ServerTimestamp":"2024-04-27T15:18:15.8192143Z"},"nsu=http://opcfoundation.org/UA/Plc/Applications;s=DipData":{"Value":68.45471059286885,"SourceTimestamp":"2024-04-27T15:18:15.8192166Z","ServerTimestamp":"2024-04-27T15:18:15.8192173Z"},"nsu=http://opcfoundation.org/UA/Plc/Applications;s=FastUIntScalar1":{"Value":48,"SourceTimestamp":"2024-04-27T15:18:15.6173519Z","ServerTimestamp":"2024-04-27T15:18:15.6173594Z"},"nsu=http://opcfoundation.org/UA/Plc/Applications;s=FastUIntScalar2":{"Value":48,"SourceTimestamp":"2024-04-27T15:18:15.6173664Z","ServerTimestamp":"2024-04-27T15:18:15.6173682Z"},"nsu=http://opcfoundation.org/UA/Plc/Applications;s=FastUIntScalar3":{"Value":48,"SourceTimestamp":"2024-04-27T15:18:15.6173696Z","ServerTimestamp":"2024-04-27T15:18:15.6173712Z"},"nsu=http://opcfoundation.org/UA/Plc/Applications;s=FastRandomUIntScalar1":{"Value":2645276213,"SourceTimestamp":"2024-04-27T15:18:15.6173472Z","ServerTimestamp":"2024-04-27T15:18:15.6173498Z"},"nsu=http://opcfoundation.org/UA/Plc/Applications;s=FastRandomUIntScalar2":{"Value":1100414880,"SourceTimestamp":"2024-04-27T15:18:15.6173591Z","ServerTimestamp":"2024-04-27T15:18:15.6173663Z"},"nsu=http://opcfoundation.org/UA/Plc/Applications;s=FastRandomUIntScalar3":{"Value":3586388736,"SourceTimestamp":"2024-04-27T15:18:15.6173677Z","ServerTimestamp":"2024-04-27T15:18:15.6173697Z"},"nsu=http://opcfoundation.org/UA/Plc/Applications;s=SpikeData":{"Value":68.45471059286885,"SourceTimestamp":"2024-04-27T15:18:15.8192218Z","ServerTimestamp":"2024-04-27T15:18:15.8192227Z"}}}]