[{"SequenceNumber":5,"MetaDataVersion":{"MajorVersion":1},"Timestamp":"2024-04-27T15:17:34.8531285Z","MessageType":"ua-deltaframe","DataSetWriterName":"<<UnknownDataSet>>","Payload":{"nsu=http://opcfoundation.org/UA/Plc/Applications;s=StepUp":{"Value":72,"SourceTimestamp":"2024-04-27T15:17:34.8221258Z","ServerTimestamp":"2024-04-27T15:17:34.8221282Z"},"nsu=http://opcfoundation.org/UA/Plc/Applications;s=RandomSignedInt32":{"Value":-2140356266,"SourceTimestamp":"2024-04-27T15:17:34.8221547Z","ServerTimestamp":"2024-04-27T15:17:34.8221565Z"},"nsu=http://opcfoundation.org/UA/Plc/Applications;s=RandomUnsignedInt32":{"Value":666150969,"SourceTimestamp":"2024-04-27T15:17:34.8221527Z","ServerTimestamp":"2024-04-27T15:17:34.8221534Z"},"nsu=http://opcfoundation.org/UA/Plc/Applications;s=DipData":{"Value":-48.175367410171539,"SourceTimestamp":"2024-04-27T15:17:34.822165Z","ServerTimestamp":"2024-04-27T15:17:34.8221656Z"},"nsu=http://opcfoundation.org/UA/Plc/Applications;s=FastUIntScalar1":{"Value":7,"SourceTimestamp":"2024-04-27T15:17:34.6200574Z","ServerTimestamp":"2024-04-27T15:17:34.6200609Z"},"nsu=http://opcfoundation.org/UA/Plc/Applications;s=FastUIntScalar2":{"Value":7,"SourceTimestamp":"2024-04-27T15:17:34.620097Z","ServerTimestamp":"2024-04-27T15:17:34.6201112Z"},"nsu=http://opcfoundation.org/UA/Plc/Applications;s=FastUIntScalar3":{"Value":7,"SourceTimestamp":"2024-04-27T15:17:34.6201142Z","ServerTimestamp":"2024-04-27T15:17:34.6201177Z"},"nsu=http://opcfoundation.org/UA/Plc/Applications;s=FastRandomUIntScalar1":{"Value":3433850366,"SourceTimestamp":"2024-04-27T15:17:34.6200749Z","ServerTimestamp":"2024-04-27T15:17:34.6200977Z"},"nsu=http://opcfoundation.org/UA/Plc/Applications;s=FastRandomUIntScalar2":{"Value":680021333,"SourceTimestamp":"2024-04-27T15:17:34.6201113Z","ServerTimestamp":"2024-04-27T15:17:34.6201147Z"},"nsu=http://opcfoundation.org/UA/Plc/Applications;s=FastRandomUIntScalar3":{"Value":3026988775,"SourceTimestamp":"2024-04-27T15:17:34.6201174Z","ServerTimestamp":"2024-04-27T15:17:34.6201203Z"},"nsu=http://opcfoundation.org/UA/Plc/Applications;s=SpikeData":{"Value":-48.175367410171539,"SourceTimestamp":"2024-04-27T15:17:34.8221676Z","ServerTimestamp":"2024-04-27T15:17:34.8221707Z"}}}]