[{"SequenceNumber":50,"MetaDataVersion":{"MajorVersion":1},"Timestamp":"2024-04-27T15:18:25.8186379Z","MessageType":"ua-deltaframe","DataSetWriterName":"<<UnknownDataSet>>","Payload":{"nsu=http://opcfoundation.org/UA/Plc/Applications;s=StepUp":{"Value":581,"SourceTimestamp":"2024-04-27T15:18:25.7229902Z","ServerTimestamp":"2024-04-27T15:18:25.7229942Z"},"nsu=http://opcfoundation.org/UA/Plc/Applications;s=RandomSignedInt32":{"Value":-471338300,"SourceTimestamp":"2024-04-27T15:18:25.723045Z","ServerTimestamp":"2024-04-27T15:18:25.72305Z"},"nsu=http://opcfoundation.org/UA/Plc/Applications;s=RandomUnsignedInt32":{"Value":67528487,"SourceTimestamp":"2024-04-27T15:18:25.7230268Z","ServerTimestamp":"2024-04-27T15:18:25.7230275Z"},"nsu=http://opcfoundation.org/UA/Plc/Applications;s=DipData":{"Value":58.778525229247322,"SourceTimestamp":"2024-04-27T15:18:25.7230376Z","ServerTimestamp":"2024-04-27T15:18:25.7230387Z"},"nsu=http://opcfoundation.org/UA/Plc/Applications;s=FastUIntScalar1":{"Value":58,"SourceTimestamp":"2024-04-27T15:18:25.6153618Z","ServerTimestamp":"2024-04-27T15:18:25.6153654Z"},"nsu=http://opcfoundation.org/UA/Plc/Applications;s=FastUIntScalar2":{"Value":58,"SourceTimestamp":"2024-04-27T15:18:25.6153748Z","ServerTimestamp":"2024-04-27T15:18:25.6153816Z"},"nsu=http://opcfoundation.org/UA/Plc/Applications;s=FastUIntScalar3":{"Value":58,"SourceTimestamp":"2024-04-27T15:18:25.6153835Z","ServerTimestamp":"2024-04-27T15:18:25.6153845Z"},"nsu=http://opcfoundation.org/UA/Plc/Applications;s=FastRandomUIntScalar1":{"Value":4205830608,"SourceTimestamp":"2024-04-27T15:18:25.615363Z","ServerTimestamp":"2024-04-27T15:18:25.6153752Z"},"nsu=http://opcfoundation.org/UA/Plc/Applications;s=FastRandomUIntScalar2":{"Value":3254405346,"SourceTimestamp":"2024-04-27T15:18:25.6153814Z","ServerTimestamp":"2024-04-27T15:18:25.6153832Z"},"nsu=http://opcfoundation.org/UA/Plc/Applications;s=FastRandomUIntScalar3":{"Value":2273802812,"SourceTimestamp":"2024-04-27T15:18:25.6153842Z","ServerTimestamp":"2024-04-27T15:18:25.6153865Z"},"nsu=http://opcfoundation.org/UA/Plc/Applications;s=SpikeData":{"Value":58.778525229247322,"SourceTimestamp":"2024-04-27T15:18:25.723051Z","ServerTimestamp":"2024-04-27T15:18:25.7230612Z"}}}]