[{"SequenceNumber":53,"MetaDataVersion":{"MajorVersion":1},"Timestamp":"2024-04-27T15:18:28.8580816Z","MessageType":"ua-deltaframe","DataSetWriterName":"<<UnknownDataSet>>","Payload":{"nsu=http://opcfoundation.org/UA/Plc/Applications;s=StepUp":{"Value":612,"SourceTimestamp":"2024-04-27T15:18:28.8271017Z","ServerTimestamp":"2024-04-27T15:18:28.8271055Z"},"nsu=http://opcfoundation.org/UA/Plc/Applications;s=RandomSignedInt32":{"Value":-366617892,"SourceTimestamp":"2024-04-27T15:18:28.8271606Z","ServerTimestamp":"2024-04-27T15:18:28.8271636Z"},"nsu=http://opcfoundation.org/UA/Plc/Applications;s=RandomUnsignedInt32":{"Value":605424475,"SourceTimestamp":"2024-04-27T15:18:28.8271578Z","ServerTimestamp":"2024-04-27T15:18:28.8271588Z"},"nsu=http://opcfoundation.org/UA/Plc/Applications;s=DipData":{"Value":-98.228725072868855,"SourceTimestamp":"2024-04-27T15:18:28.8271716Z","ServerTimestamp":"2024-04-27T15:18:28.8271738Z"},"nsu=http://opcfoundation.org/UA/Plc/Applications;s=FastUIntScalar1":{"Value":61,"SourceTimestamp":"2024-04-27T15:18:28.6216555Z","ServerTimestamp":"2024-04-27T15:18:28.6216876Z"},"nsu=http://opcfoundation.org/UA/Plc/Applications;s=FastUIntScalar2":{"Value":61,"SourceTimestamp":"2024-04-27T15:18:28.6216924Z","ServerTimestamp":"2024-04-27T15:18:28.6216948Z"},"nsu=http://opcfoundation.org/UA/Plc/Applications;s=FastUIntScalar3":{"Value":61,"SourceTimestamp":"2024-04-27T15:18:28.6216958Z","ServerTimestamp":"2024-04-27T15:18:28.6216964Z"},"nsu=http://opcfoundation.org/UA/Plc/Applications;s=FastRandomUIntScalar1":{"Value":3566702852,"SourceTimestamp":"2024-04-27T15:18:28.6216515Z","ServerTimestamp":"2024-04-27T15:18:28.6216539Z"},"nsu=http://opcfoundation.org/UA/Plc/Applications;s=FastRandomUIntScalar2":{"Value":2747414795,"SourceTimestamp":"2024-04-27T15:18:28.6216732Z","ServerTimestamp":"2024-04-27T15:18:28.621674Z"},"nsu=http://opcfoundation.org/UA/Plc/Applications;s=FastRandomUIntScalar3":{"Value":3828238416,"SourceTimestamp":"2024-04-27T15:18:28.62168Z","ServerTimestamp":"2024-04-27T15:18:28.6216925Z"},"nsu=http://opcfoundation.org/UA/Plc/Applications;s=SpikeData":{"Value":-98.228725072868855,"SourceTimestamp":"2024-04-27T15:18:28.8272179Z","ServerTimestamp":"2024-04-27T15:18:28.8272208Z"}}}]