[{"SequenceNumber":57,"MetaDataVersion":{"MajorVersion":1},"Timestamp":"2024-04-27T15:18:33.8617845Z","MessageType":"ua-deltaframe","DataSetWriterName":"<<UnknownDataSet>>","Payload":{"nsu=http://opcfoundation.org/UA/Plc/Applications;s=StepUp":{"Value":662,"SourceTimestamp":"2024-04-27T15:18:33.8303379Z","ServerTimestamp":"2024-04-27T15:18:33.8303422Z"},"nsu=http://opcfoundation.org/UA/Plc/Applications;s=RandomSignedInt32":{"Value":-459677931,"SourceTimestamp":"2024-04-27T15:18:33.8303723Z","ServerTimestamp":"2024-04-27T15:18:33.8303749Z"},"nsu=http://opcfoundation.org/UA/Plc/Applications;s=RandomUnsignedInt32":{"Value":256614362,"SourceTimestamp":"2024-04-27T15:18:33.8303749Z","ServerTimestamp":"2024-04-27T15:18:33.8303852Z"},"nsu=http://opcfoundation.org/UA/Plc/Applications;s=DipData":{"Value":-98.228725072868855,"SourceTimestamp":"2024-04-27T15:18:33.8303888Z","ServerTimestamp":"2024-04-27T15:18:33.8303901Z"},"nsu=http://opcfoundation.org/UA/Plc/Applications;s=FastUIntScalar1":{"Value":66,"SourceTimestamp":"2024-04-27T15:18:33.6285973Z","ServerTimestamp":"2024-04-27T15:18:33.6286008Z"},"nsu=http://opcfoundation.org/UA/Plc/Applications;s=FastUIntScalar2":{"Value":66,"SourceTimestamp":"2024-04-27T15:18:33.6286383Z","ServerTimestamp":"2024-04-27T15:18:33.6286395Z"},"nsu=http://opcfoundation.org/UA/Plc/Applications;s=FastUIntScalar3":{"Value":66,"SourceTimestamp":"2024-04-27T15:18:33.6286418Z","ServerTimestamp":"2024-04-27T15:18:33.6286428Z"},"nsu=http://opcfoundation.org/UA/Plc/Applications;s=FastRandomUIntScalar1":{"Value":2895471063,"SourceTimestamp":"2024-04-27T15:18:33.6285985Z","ServerTimestamp":"2024-04-27T15:18:33.6286597Z"},"nsu=http://opcfoundation.org/UA/Plc/Applications;s=FastRandomUIntScalar2":{"Value":1906597984,"SourceTimestamp":"2024-04-27T15:18:33.6286694Z","ServerTimestamp":"2024-04-27T15:18:33.6286712Z"},"nsu=http://opcfoundation.org/UA/Plc/Applications;s=FastRandomUIntScalar3":{"Value":3957381953,"SourceTimestamp":"2024-04-27T15:18:33.6286742Z","ServerTimestamp":"2024-04-27T15:18:33.6286751Z"},"nsu=http://opcfoundation.org/UA/Plc/Applications;s=SpikeData":{"Value":-98.228725072868855,"SourceTimestamp":"2024-04-27T15:18:33.830398Z","ServerTimestamp":"2024-04-27T15:18:33.8303996Z"}}}]