[{"SequenceNumber":6,"MetaDataVersion":{"MajorVersion":1},"Timestamp":"2024-04-27T15:17:35.8461556Z","MessageType":"ua-deltaframe","DataSetWriterName":"<<UnknownDataSet>>","Payload":{"nsu=http://opcfoundation.org/UA/Plc/Applications;s=StepUp":{"Value":82,"SourceTimestamp":"2024-04-27T15:17:35.8304325Z","ServerTimestamp":"2024-04-27T15:17:35.8304648Z"},"nsu=http://opcfoundation.org/UA/Plc/Applications;s=RandomSignedInt32":{"Value":-1186655489,"SourceTimestamp":"2024-04-27T15:17:35.8304415Z","ServerTimestamp":"2024-04-27T15:17:35.8304469Z"},"nsu=http://opcfoundation.org/UA/Plc/Applications;s=RandomUnsignedInt32":{"Value":1192430270,"SourceTimestamp":"2024-04-27T15:17:35.8304542Z","ServerTimestamp":"2024-04-27T15:17:35.8304555Z"},"nsu=http://opcfoundation.org/UA/Plc/Applications;s=DipData":{"Value":68.45471059286885,"SourceTimestamp":"2024-04-27T15:17:35.8304675Z","ServerTimestamp":"2024-04-27T15:17:35.8304721Z"},"nsu=http://opcfoundation.org/UA/Plc/Applications;s=FastUIntScalar1":{"Value":8,"SourceTimestamp":"2024-04-27T15:17:35.628369Z","ServerTimestamp":"2024-04-27T15:17:35.6283715Z"},"nsu=http://opcfoundation.org/UA/Plc/Applications;s=FastUIntScalar2":{"Value":8,"SourceTimestamp":"2024-04-27T15:17:35.6283815Z","ServerTimestamp":"2024-04-27T15:17:35.6284114Z"},"nsu=http://opcfoundation.org/UA/Plc/Applications;s=FastUIntScalar3":{"Value":8,"SourceTimestamp":"2024-04-27T15:17:35.6284181Z","ServerTimestamp":"2024-04-27T15:17:35.6284194Z"},"nsu=http://opcfoundation.org/UA/Plc/Applications;s=FastRandomUIntScalar1":{"Value":3161575738,"SourceTimestamp":"2024-04-27T15:17:35.6283784Z","ServerTimestamp":"2024-04-27T15:17:35.6283819Z"},"nsu=http://opcfoundation.org/UA/Plc/Applications;s=FastRandomUIntScalar2":{"Value":4219152954,"SourceTimestamp":"2024-04-27T15:17:35.6283887Z","ServerTimestamp":"2024-04-27T15:17:35.6283895Z"},"nsu=http://opcfoundation.org/UA/Plc/Applications;s=FastRandomUIntScalar3":{"Value":627228631,"SourceTimestamp":"2024-04-27T15:17:35.628391Z","ServerTimestamp":"2024-04-27T15:17:35.6283915Z"},"nsu=http://opcfoundation.org/UA/Plc/Applications;s=SpikeData":{"Value":68.45471059286885,"SourceTimestamp":"2024-04-27T15:17:35.8304731Z","ServerTimestamp":"2024-04-27T15:17:35.8304778Z"}}}]