[{"SequenceNumber":64,"MetaDataVersion":{"MajorVersion":1},"Timestamp":"2024-04-27T15:18:40.8664128Z","MessageType":"ua-deltaframe","DataSetWriterName":"<<UnknownDataSet>>","Payload":{"nsu=http://opcfoundation.org/UA/Plc/Applications;s=StepUp":{"Value":732,"SourceTimestamp":"2024-04-27T15:18:40.8192698Z","ServerTimestamp":"2024-04-27T15:18:40.8192742Z"},"nsu=http://opcfoundation.org/UA/Plc/Applications;s=RandomSignedInt32":{"Value":-1925943295,"SourceTimestamp":"2024-04-27T15:18:40.8193124Z","ServerTimestamp":"2024-04-27T15:18:40.8193137Z"},"nsu=http://opcfoundation.org/UA/Plc/Applications;s=RandomUnsignedInt32":{"Value":1150067319,"SourceTimestamp":"2024-04-27T15:18:40.8193203Z","ServerTimestamp":"2024-04-27T15:18:40.8193213Z"},"nsu=http://opcfoundation.org/UA/Plc/Applications;s=DipData":{"Value":68.45471059286885,"SourceTimestamp":"2024-04-27T15:18:40.819337Z","ServerTimestamp":"2024-04-27T15:18:40.8193385Z"},"nsu=http://opcfoundation.org/UA/Plc/Applications;s=FastUIntScalar1":{"Value":73,"SourceTimestamp":"2024-04-27T15:18:40.6178842Z","ServerTimestamp":"2024-04-27T15:18:40.6178867Z"},"nsu=http://opcfoundation.org/UA/Plc/Applications;s=FastUIntScalar2":{"Value":73,"SourceTimestamp":"2024-04-27T15:18:40.6179075Z","ServerTimestamp":"2024-04-27T15:18:40.6179084Z"},"nsu=http://opcfoundation.org/UA/Plc/Applications;s=FastUIntScalar3":{"Value":73,"SourceTimestamp":"2024-04-27T15:18:40.61791Z","ServerTimestamp":"2024-04-27T15:18:40.6179108Z"},"nsu=http://opcfoundation.org/UA/Plc/Applications;s=FastRandomUIntScalar1":{"Value":4024535439,"SourceTimestamp":"2024-04-27T15:18:40.6178854Z","ServerTimestamp":"2024-04-27T15:18:40.6179147Z"},"nsu=http://opcfoundation.org/UA/Plc/Applications;s=FastRandomUIntScalar2":{"Value":3195873858,"SourceTimestamp":"2024-04-27T15:18:40.617925Z","ServerTimestamp":"2024-04-27T15:18:40.6179336Z"},"nsu=http://opcfoundation.org/UA/Plc/Applications;s=FastRandomUIntScalar3":{"Value":1041912841,"SourceTimestamp":"2024-04-27T15:18:40.6179352Z","ServerTimestamp":"2024-04-27T15:18:40.6179361Z"},"nsu=http://opcfoundation.org/UA/Plc/Applications;s=SpikeData":{"Value":68.45471059286885,"SourceTimestamp":"2024-04-27T15:18:40.8193458Z","ServerTimestamp":"2024-04-27T15:18:40.8193473Z"}}}]