[{"SequenceNumber":68,"MetaDataVersion":{"MajorVersion":1},"Timestamp":"2024-04-27T15:18:44.8384854Z","MessageType":"ua-deltaframe","DataSetWriterName":"<<UnknownDataSet>>","Payload":{"nsu=http://opcfoundation.org/UA/Plc/Applications;s=StepUp":{"Value":772,"SourceTimestamp":"2024-04-27T15:18:44.8227256Z","ServerTimestamp":"2024-04-27T15:18:44.8227305Z"},"nsu=http://opcfoundation.org/UA/Plc/Applications;s=RandomSignedInt32":{"Value":-190449828,"SourceTimestamp":"2024-04-27T15:18:44.8227693Z","ServerTimestamp":"2024-04-27T15:18:44.8227714Z"},"nsu=http://opcfoundation.org/UA/Plc/Applications;s=RandomUnsignedInt32":{"Value":794052646,"SourceTimestamp":"2024-04-27T15:18:44.8227736Z","ServerTimestamp":"2024-04-27T15:18:44.82278Z"},"nsu=http://opcfoundation.org/UA/Plc/Applications;s=DipData":{"Value":-48.175367410171539,"SourceTimestamp":"2024-04-27T15:18:44.8227849Z","ServerTimestamp":"2024-04-27T15:18:44.8227862Z"},"nsu=http://opcfoundation.org/UA/Plc/Applications;s=FastUIntScalar1":{"Value":77,"SourceTimestamp":"2024-04-27T15:18:44.6215169Z","ServerTimestamp":"2024-04-27T15:18:44.6215207Z"},"nsu=http://opcfoundation.org/UA/Plc/Applications;s=FastUIntScalar2":{"Value":77,"SourceTimestamp":"2024-04-27T15:18:44.621536Z","ServerTimestamp":"2024-04-27T15:18:44.6215509Z"},"nsu=http://opcfoundation.org/UA/Plc/Applications;s=FastUIntScalar3":{"Value":77,"SourceTimestamp":"2024-04-27T15:18:44.6215537Z","ServerTimestamp":"2024-04-27T15:18:44.6215567Z"},"nsu=http://opcfoundation.org/UA/Plc/Applications;s=FastRandomUIntScalar1":{"Value":3030066346,"SourceTimestamp":"2024-04-27T15:18:44.6215176Z","ServerTimestamp":"2024-04-27T15:18:44.6215365Z"},"nsu=http://opcfoundation.org/UA/Plc/Applications;s=FastRandomUIntScalar2":{"Value":1648380571,"SourceTimestamp":"2024-04-27T15:18:44.6215517Z","ServerTimestamp":"2024-04-27T15:18:44.6215537Z"},"nsu=http://opcfoundation.org/UA/Plc/Applications;s=FastRandomUIntScalar3":{"Value":50827642,"SourceTimestamp":"2024-04-27T15:18:44.6215563Z","ServerTimestamp":"2024-04-27T15:18:44.621559Z"},"nsu=http://opcfoundation.org/UA/Plc/Applications;s=SpikeData":{"Value":-48.175367410171539,"SourceTimestamp":"2024-04-27T15:18:44.8227954Z","ServerTimestamp":"2024-04-27T15:18:44.8227968Z"}}}]