[{"SequenceNumber":69,"MetaDataVersion":{"MajorVersion":1},"Timestamp":"2024-04-27T15:18:46.8227364Z","MessageType":"ua-deltaframe","DataSetWriterName":"<<UnknownDataSet>>","Payload":{"nsu=http://opcfoundation.org/UA/Plc/Applications;s=StepUp":{"Value":791,"SourceTimestamp":"2024-04-27T15:18:46.7293663Z","ServerTimestamp":"2024-04-27T15:18:46.7293692Z"},"nsu=http://opcfoundation.org/UA/Plc/Applications;s=RandomSignedInt32":{"Value":-280747755,"SourceTimestamp":"2024-04-27T15:18:46.7293663Z","ServerTimestamp":"2024-04-27T15:18:46.7293964Z"},"nsu=http://opcfoundation.org/UA/Plc/Applications;s=RandomUnsignedInt32":{"Value":1106658885,"SourceTimestamp":"2024-04-27T15:18:46.7293824Z","ServerTimestamp":"2024-04-27T15:18:46.729384Z"},"nsu=http://opcfoundation.org/UA/Plc/Applications;s=DipData":{"Value":95.10565162951535,"SourceTimestamp":"2024-04-27T15:18:46.7293991Z","ServerTimestamp":"2024-04-27T15:18:46.7294021Z"},"nsu=http://opcfoundation.org/UA/Plc/Applications;s=FastUIntScalar1":{"Value":79,"SourceTimestamp":"2024-04-27T15:18:46.619039Z","ServerTimestamp":"2024-04-27T15:18:46.6190493Z"},"nsu=http://opcfoundation.org/UA/Plc/Applications;s=FastUIntScalar2":{"Value":79,"SourceTimestamp":"2024-04-27T15:18:46.6190515Z","ServerTimestamp":"2024-04-27T15:18:46.619053Z"},"nsu=http://opcfoundation.org/UA/Plc/Applications;s=FastUIntScalar3":{"Value":79,"SourceTimestamp":"2024-04-27T15:18:46.619054Z","ServerTimestamp":"2024-04-27T15:18:46.6190549Z"},"nsu=http://opcfoundation.org/UA/Plc/Applications;s=FastRandomUIntScalar1":{"Value":2148889449,"SourceTimestamp":"2024-04-27T15:18:46.6190395Z","ServerTimestamp":"2024-04-27T15:18:46.6190409Z"},"nsu=http://opcfoundation.org/UA/Plc/Applications;s=FastRandomUIntScalar2":{"Value":1851622900,"SourceTimestamp":"2024-04-27T15:18:46.6190494Z","ServerTimestamp":"2024-04-27T15:18:46.6190516Z"},"nsu=http://opcfoundation.org/UA/Plc/Applications;s=FastRandomUIntScalar3":{"Value":3467406663,"SourceTimestamp":"2024-04-27T15:18:46.6190529Z","ServerTimestamp":"2024-04-27T15:18:46.6190541Z"},"nsu=http://opcfoundation.org/UA/Plc/Applications;s=SpikeData":{"Value":95.10565162951535,"SourceTimestamp":"2024-04-27T15:18:46.7293996Z","ServerTimestamp":"2024-04-27T15:18:46.7294061Z"}}}]