[{"SequenceNumber":75,"MetaDataVersion":{"MajorVersion":1},"Timestamp":"2024-04-27T15:18:52.8556303Z","MessageType":"ua-deltaframe","DataSetWriterName":"<<UnknownDataSet>>","Payload":{"nsu=http://opcfoundation.org/UA/Plc/Applications;s=StepUp":{"Value":852,"SourceTimestamp":"2024-04-27T15:18:52.8243107Z","ServerTimestamp":"2024-04-27T15:18:52.8243147Z"},"nsu=http://opcfoundation.org/UA/Plc/Applications;s=AlternatingBoolean":{"Value":false,"SourceTimestamp":"2024-04-27T15:18:52.716505Z","ServerTimestamp":"2024-04-27T15:18:52.7165106Z"},"nsu=http://opcfoundation.org/UA/Plc/Applications;s=RandomSignedInt32":{"Value":-1597738276,"SourceTimestamp":"2024-04-27T15:18:52.8243674Z","ServerTimestamp":"2024-04-27T15:18:52.8243702Z"},"nsu=http://opcfoundation.org/UA/Plc/Applications;s=RandomUnsignedInt32":{"Value":557313148,"SourceTimestamp":"2024-04-27T15:18:52.8243471Z","ServerTimestamp":"2024-04-27T15:18:52.8243495Z"},"nsu=http://opcfoundation.org/UA/Plc/Applications;s=DipData":{"Value":-12.533323356430378,"SourceTimestamp":"2024-04-27T15:18:52.8243618Z","ServerTimestamp":"2024-04-27T15:18:52.8243655Z"},"nsu=http://opcfoundation.org/UA/Plc/Applications;s=FastUIntScalar1":{"Value":85,"SourceTimestamp":"2024-04-27T15:18:52.6236926Z","ServerTimestamp":"2024-04-27T15:18:52.6236948Z"},"nsu=http://opcfoundation.org/UA/Plc/Applications;s=FastUIntScalar2":{"Value":85,"SourceTimestamp":"2024-04-27T15:18:52.6237048Z","ServerTimestamp":"2024-04-27T15:18:52.6237055Z"},"nsu=http://opcfoundation.org/UA/Plc/Applications;s=FastUIntScalar3":{"Value":85,"SourceTimestamp":"2024-04-27T15:18:52.6237062Z","ServerTimestamp":"2024-04-27T15:18:52.6237128Z"},"nsu=http://opcfoundation.org/UA/Plc/Applications;s=FastRandomUIntScalar1":{"Value":446492051,"SourceTimestamp":"2024-04-27T15:18:52.6236923Z","ServerTimestamp":"2024-04-27T15:18:52.6237068Z"},"nsu=http://opcfoundation.org/UA/Plc/Applications;s=FastRandomUIntScalar2":{"Value":940969410,"SourceTimestamp":"2024-04-27T15:18:52.6237129Z","ServerTimestamp":"2024-04-27T15:18:52.6237139Z"},"nsu=http://opcfoundation.org/UA/Plc/Applications;s=FastRandomUIntScalar3":{"Value":3811531183,"SourceTimestamp":"2024-04-27T15:18:52.6237153Z","ServerTimestamp":"2024-04-27T15:18:52.623716Z"},"nsu=http://opcfoundation.org/UA/Plc/Applications;s=NegativeTrendData":{"Value":99.200000000000003,"SourceTimestamp":"2024-04-27T15:18:52.7165346Z","ServerTimestamp":"2024-04-27T15:18:52.7165356Z"},"nsu=http://opcfoundation.org/UA/Plc/Applications;s=PositiveTrendData":{"Value":100.8,"SourceTimestamp":"2024-04-27T15:18:52.716532Z","ServerTimestamp":"2024-04-27T15:18:52.7165344Z"},"nsu=http://opcfoundation.org/UA/Plc/Applications;s=SpikeData":{"Value":-12.533323356430378,"SourceTimestamp":"2024-04-27T15:18:52.8243719Z","ServerTimestamp":"2024-04-27T15:18:52.8243903Z"}}}]