[{"SequenceNumber":82,"MetaDataVersion":{"MajorVersion":1},"Timestamp":"2024-04-27T15:19:00.8426522Z","MessageType":"ua-deltaframe","DataSetWriterName":"<<UnknownDataSet>>","Payload":{"nsu=http://opcfoundation.org/UA/Plc/Applications;s=StepUp":{"Value":932,"SourceTimestamp":"2024-04-27T15:19:00.8262659Z","ServerTimestamp":"2024-04-27T15:19:00.8262683Z"},"nsu=http://opcfoundation.org/UA/Plc/Applications;s=RandomSignedInt32":{"Value":-91079396,"SourceTimestamp":"2024-04-27T15:19:00.8262995Z","ServerTimestamp":"2024-04-27T15:19:00.8263089Z"},"nsu=http://opcfoundation.org/UA/Plc/Applications;s=RandomUnsignedInt32":{"Value":2116284427,"SourceTimestamp":"2024-04-27T15:19:00.8263131Z","ServerTimestamp":"2024-04-27T15:19:00.826314Z"},"nsu=http://opcfoundation.org/UA/Plc/Applications;s=DipData":{"Value":68.45471059286885,"SourceTimestamp":"2024-04-27T15:19:00.8263168Z","ServerTimestamp":"2024-04-27T15:19:00.8263335Z"},"nsu=http://opcfoundation.org/UA/Plc/Applications;s=FastUIntScalar1":{"Value":93,"SourceTimestamp":"2024-04-27T15:19:00.6255151Z","ServerTimestamp":"2024-04-27T15:19:00.6255209Z"},"nsu=http://opcfoundation.org/UA/Plc/Applications;s=FastUIntScalar2":{"Value":93,"SourceTimestamp":"2024-04-27T15:19:00.6255302Z","ServerTimestamp":"2024-04-27T15:19:00.6255371Z"},"nsu=http://opcfoundation.org/UA/Plc/Applications;s=FastUIntScalar3":{"Value":93,"SourceTimestamp":"2024-04-27T15:19:00.6255383Z","ServerTimestamp":"2024-04-27T15:19:00.6255395Z"},"nsu=http://opcfoundation.org/UA/Plc/Applications;s=FastRandomUIntScalar1":{"Value":2295099043,"SourceTimestamp":"2024-04-27T15:19:00.6255209Z","ServerTimestamp":"2024-04-27T15:19:00.6255308Z"},"nsu=http://opcfoundation.org/UA/Plc/Applications;s=FastRandomUIntScalar2":{"Value":4194930495,"SourceTimestamp":"2024-04-27T15:19:00.6255372Z","ServerTimestamp":"2024-04-27T15:19:00.6255383Z"},"nsu=http://opcfoundation.org/UA/Plc/Applications;s=FastRandomUIntScalar3":{"Value":4116965423,"SourceTimestamp":"2024-04-27T15:19:00.6255394Z","ServerTimestamp":"2024-04-27T15:19:00.6255408Z"},"nsu=http://opcfoundation.org/UA/Plc/Applications;s=SpikeData":{"Value":68.45471059286885,"SourceTimestamp":"2024-04-27T15:19:00.8263209Z","ServerTimestamp":"2024-04-27T15:19:00.8263219Z"}}}]