[{"SequenceNumber":9,"MetaDataVersion":{"MajorVersion":1},"Timestamp":"2024-04-27T15:17:39.8199472Z","MessageType":"ua-deltaframe","DataSetWriterName":"<<UnknownDataSet>>","Payload":{"nsu=http://opcfoundation.org/UA/Plc/Applications;s=StepUp":{"Value":121,"SourceTimestamp":"2024-04-27T15:17:39.7265413Z","ServerTimestamp":"2024-04-27T15:17:39.7265439Z"},"nsu=http://opcfoundation.org/UA/Plc/Applications;s=RandomSignedInt32":{"Value":222113971,"SourceTimestamp":"2024-04-27T15:17:39.7265609Z","ServerTimestamp":"2024-04-27T15:17:39.7265623Z"},"nsu=http://opcfoundation.org/UA/Plc/Applications;s=RandomUnsignedInt32":{"Value":67287212,"SourceTimestamp":"2024-04-27T15:17:39.7265735Z","ServerTimestamp":"2024-04-27T15:17:39.7265756Z"},"nsu=http://opcfoundation.org/UA/Plc/Applications;s=DipData":{"Value":-58.778525229247336,"SourceTimestamp":"2024-04-27T15:17:39.7265798Z","ServerTimestamp":"2024-04-27T15:17:39.7265821Z"},"nsu=http://opcfoundation.org/UA/Plc/Applications;s=FastUIntScalar1":{"Value":12,"SourceTimestamp":"2024-04-27T15:17:39.6169591Z","ServerTimestamp":"2024-04-27T15:17:39.6169629Z"},"nsu=http://opcfoundation.org/UA/Plc/Applications;s=FastUIntScalar2":{"Value":12,"SourceTimestamp":"2024-04-27T15:17:39.61698Z","ServerTimestamp":"2024-04-27T15:17:39.6169812Z"},"nsu=http://opcfoundation.org/UA/Plc/Applications;s=FastUIntScalar3":{"Value":12,"SourceTimestamp":"2024-04-27T15:17:39.6169836Z","ServerTimestamp":"2024-04-27T15:17:39.6169848Z"},"nsu=http://opcfoundation.org/UA/Plc/Applications;s=FastRandomUIntScalar1":{"Value":2930367607,"SourceTimestamp":"2024-04-27T15:17:39.6169836Z","ServerTimestamp":"2024-04-27T15:17:39.6169879Z"},"nsu=http://opcfoundation.org/UA/Plc/Applications;s=FastRandomUIntScalar2":{"Value":3710284641,"SourceTimestamp":"2024-04-27T15:17:39.6170013Z","ServerTimestamp":"2024-04-27T15:17:39.6170027Z"},"nsu=http://opcfoundation.org/UA/Plc/Applications;s=FastRandomUIntScalar3":{"Value":1050382472,"SourceTimestamp":"2024-04-27T15:17:39.6170052Z","ServerTimestamp":"2024-04-27T15:17:39.6170064Z"},"nsu=http://opcfoundation.org/UA/Plc/Applications;s=SpikeData":{"Value":-58.778525229247336,"SourceTimestamp":"2024-04-27T15:17:39.7265869Z","ServerTimestamp":"2024-04-27T15:17:39.7265876Z"}}}]