[{"SequenceNumber":96,"MetaDataVersion":{"MajorVersion":1},"Timestamp":"2024-04-27T15:19:16.86243Z","MessageType":"ua-deltaframe","DataSetWriterName":"<<UnknownDataSet>>","Payload":{"nsu=http://opcfoundation.org/UA/Plc/Applications;s=StepUp":{"Value":1092,"SourceTimestamp":"2024-04-27T15:19:16.8166037Z","ServerTimestamp":"2024-04-27T15:19:16.8166346Z"},"nsu=http://opcfoundation.org/UA/Plc/Applications;s=RandomSignedInt32":{"Value":-1960925181,"SourceTimestamp":"2024-04-27T15:19:16.8166238Z","ServerTimestamp":"2024-04-27T15:19:16.8166254Z"},"nsu=http://opcfoundation.org/UA/Plc/Applications;s=RandomUnsignedInt32":{"Value":51305731,"SourceTimestamp":"2024-04-27T15:19:16.8166336Z","ServerTimestamp":"2024-04-27T15:19:16.8166392Z"},"nsu=http://opcfoundation.org/UA/Plc/Applications;s=DipData":{"Value":90.482705246601952,"SourceTimestamp":"2024-04-27T15:19:16.816648Z","ServerTimestamp":"2024-04-27T15:19:16.8166579Z"},"nsu=http://opcfoundation.org/UA/Plc/Applications;s=FastUIntScalar1":{"Value":109,"SourceTimestamp":"2024-04-27T15:19:16.6157213Z","ServerTimestamp":"2024-04-27T15:19:16.6157239Z"},"nsu=http://opcfoundation.org/UA/Plc/Applications;s=FastUIntScalar2":{"Value":109,"SourceTimestamp":"2024-04-27T15:19:16.6157336Z","ServerTimestamp":"2024-04-27T15:19:16.6157343Z"},"nsu=http://opcfoundation.org/UA/Plc/Applications;s=FastUIntScalar3":{"Value":109,"SourceTimestamp":"2024-04-27T15:19:16.6157354Z","ServerTimestamp":"2024-04-27T15:19:16.6157426Z"},"nsu=http://opcfoundation.org/UA/Plc/Applications;s=FastRandomUIntScalar1":{"Value":3110881716,"SourceTimestamp":"2024-04-27T15:19:16.6157343Z","ServerTimestamp":"2024-04-27T15:19:16.6157362Z"},"nsu=http://opcfoundation.org/UA/Plc/Applications;s=FastRandomUIntScalar2":{"Value":3180825089,"SourceTimestamp":"2024-04-27T15:19:16.6157425Z","ServerTimestamp":"2024-04-27T15:19:16.6157447Z"},"nsu=http://opcfoundation.org/UA/Plc/Applications;s=FastRandomUIntScalar3":{"Value":125723420,"SourceTimestamp":"2024-04-27T15:19:16.6157469Z","ServerTimestamp":"2024-04-27T15:19:16.6157475Z"},"nsu=http://opcfoundation.org/UA/Plc/Applications;s=SpikeData":{"Value":90.482705246601952,"SourceTimestamp":"2024-04-27T15:19:16.8166472Z","ServerTimestamp":"2024-04-27T15:19:16.8166481Z"}}}]