[{"SequenceNumber":97,"MetaDataVersion":{"MajorVersion":1},"Timestamp":"2024-04-27T15:19:17.8520569Z","MessageType":"ua-deltaframe","DataSetWriterName":"<<UnknownDataSet>>","Payload":{"nsu=http://opcfoundation.org/UA/Plc/Applications;s=StepUp":{"Value":1102,"SourceTimestamp":"2024-04-27T15:19:17.8208773Z","ServerTimestamp":"2024-04-27T15:19:17.8208823Z"},"nsu=http://opcfoundation.org/UA/Plc/Applications;s=AlternatingBoolean":{"Value":true,"SourceTimestamp":"2024-04-27T15:19:17.7283642Z","ServerTimestamp":"2024-04-27T15:19:17.7283737Z"},"nsu=http://opcfoundation.org/UA/Plc/Applications;s=RandomSignedInt32":{"Value":-646341813,"SourceTimestamp":"2024-04-27T15:19:17.8209239Z","ServerTimestamp":"2024-04-27T15:19:17.8209431Z"},"nsu=http://opcfoundation.org/UA/Plc/Applications;s=RandomUnsignedInt32":{"Value":751930548,"SourceTimestamp":"2024-04-27T15:19:17.8209642Z","ServerTimestamp":"2024-04-27T15:19:17.8209718Z"},"nsu=http://opcfoundation.org/UA/Plc/Applications;s=DipData":{"Value":-12.533323356430378,"SourceTimestamp":"2024-04-27T15:19:17.8209564Z","ServerTimestamp":"2024-04-27T15:19:17.8209577Z"},"nsu=http://opcfoundation.org/UA/Plc/Applications;s=FastUIntScalar1":{"Value":110,"SourceTimestamp":"2024-04-27T15:19:17.6218929Z","ServerTimestamp":"2024-04-27T15:19:17.621894Z"},"nsu=http://opcfoundation.org/UA/Plc/Applications;s=FastUIntScalar2":{"Value":110,"SourceTimestamp":"2024-04-27T15:19:17.6218992Z","ServerTimestamp":"2024-04-27T15:19:17.6218999Z"},"nsu=http://opcfoundation.org/UA/Plc/Applications;s=FastUIntScalar3":{"Value":110,"SourceTimestamp":"2024-04-27T15:19:17.621901Z","ServerTimestamp":"2024-04-27T15:19:17.6219016Z"},"nsu=http://opcfoundation.org/UA/Plc/Applications;s=FastRandomUIntScalar1":{"Value":20177322,"SourceTimestamp":"2024-04-27T15:19:17.6219099Z","ServerTimestamp":"2024-04-27T15:19:17.6219121Z"},"nsu=http://opcfoundation.org/UA/Plc/Applications;s=FastRandomUIntScalar2":{"Value":134308269,"SourceTimestamp":"2024-04-27T15:19:17.6219163Z","ServerTimestamp":"2024-04-27T15:19:17.621917Z"},"nsu=http://opcfoundation.org/UA/Plc/Applications;s=FastRandomUIntScalar3":{"Value":2400669671,"SourceTimestamp":"2024-04-27T15:19:17.6219181Z","ServerTimestamp":"2024-04-27T15:19:17.6219187Z"},"nsu=http://opcfoundation.org/UA/Plc/Applications;s=NegativeTrendData":{"Value":98.700000000000003,"SourceTimestamp":"2024-04-27T15:19:17.7284038Z","ServerTimestamp":"2024-04-27T15:19:17.7284052Z"},"nsu=http://opcfoundation.org/UA/Plc/Applications;s=PositiveTrendData":{"Value":101.3,"SourceTimestamp":"2024-04-27T15:19:17.7284249Z","ServerTimestamp":"2024-04-27T15:19:17.7284284Z"},"nsu=http://opcfoundation.org/UA/Plc/Applications;s=SlowUIntScalar1":{"Value":11,"SourceTimestamp":"2024-04-27T15:19:17.6218602Z","ServerTimestamp":"2024-04-27T15:19:17.621868Z"},"nsu=http://opcfoundation.org/UA/Plc/Applications;s=SlowUIntScalar2":{"Value":11,"SourceTimestamp":"2024-04-27T15:19:17.6218749Z","ServerTimestamp":"2024-04-27T15:19:17.6218762Z"},"nsu=http://opcfoundation.org/UA/Plc/Applications;s=SlowUIntScalar3":{"Value":11,"SourceTimestamp":"2024-04-27T15:19:17.6218777Z","ServerTimestamp":"2024-04-27T15:19:17.6218789Z"},"nsu=http://opcfoundation.org/UA/Plc/Applications;s=BadSlowUIntScalar1":{"Value":1,"SourceTimestamp":"2024-04-27T15:19:17.6218804Z","ServerTimestamp":"2024-04-27T15:19:17.6218811Z"},"nsu=http://opcfoundation.org/UA/Plc/Applications;s=SlowRandomUIntScalar1":{"Value":26057176,"SourceTimestamp":"2024-04-27T15:19:17.6218539Z","ServerTimestamp":"2024-04-27T15:19:17.6218567Z"},"nsu=http://opcfoundation.org/UA/Plc/Applications;s=SlowRandomUIntScalar2":{"Value":587975809,"SourceTimestamp":"2024-04-27T15:19:17.6218675Z","ServerTimestamp":"2024-04-27T15:19:17.6218748Z"},"nsu=http://opcfoundation.org/UA/Plc/Applications;s=SlowRandomUIntScalar3":{"Value":34683397,"SourceTimestamp":"2024-04-27T15:19:17.6218759Z","ServerTimestamp":"2024-04-27T15:19:17.6218777Z"},"nsu=http://opcfoundation.org/UA/Plc/Applications;s=BadSlowRandomUIntScalar1":{"Value":1665199330,"SourceTimestamp":"2024-04-27T15:19:17.6218793Z","ServerTimestamp":"2024-04-27T15:19:17.6218803Z"},"nsu=http://opcfoundation.org/UA/Plc/Applications;s=SpikeData":{"Value":-12.533323356430378,"SourceTimestamp":"2024-04-27T15:19:17.8209655Z","ServerTimestamp":"2024-04-27T15:19:17.8209689Z"}}}]