{"MessageId":"781ffaaf-91d8-475c-a77a-cf2ec433eb16","MessageType":"ua-data","PublisherId":"DESKTOP-BGFJS91","DataSetWriterGroup":"<<UnknownWriterGroup>>","Messages":[{"SequenceNumber":17,"MetaDataVersion":{"MajorVersion":1},"Timestamp":"2024-04-27T12:42:15.253925Z","MessageType":"ua-deltaframe","DataSetWriterName":"<<UnknownDataSet>>","Payload":{"Output":{"Value":{"Type":11,"Body":-0.89800000000000002},"SourceTimestamp":"2024-04-27T12:41:23.2167558Z","ServerTimestamp":"2024-04-27T12:42:15.238055Z"}}}]}