{"MessageId":"2db92a8a-c8f3-49f7-80ee-b1b55ec46e15","MessageType":"ua-data","PublisherId":"DESKTOP-BGFJS91","DataSetWriterGroup":"<<UnknownWriterGroup>>","Messages":[{"SequenceNumber":29,"MetaDataVersion":{"MajorVersion":1},"Timestamp":"2024-04-27T12:42:47.2339389Z","MessageType":"ua-deltaframe","DataSetWriterName":"<<UnknownDataSet>>","Payload":{"Output":{"Value":{"Type":11,"Body":-0.33100000000000002},"SourceTimestamp":"2024-04-27T12:41:23.2167558Z","ServerTimestamp":"2024-04-27T12:42:47.1252634Z"}}}]}