{"MessageId":"6c5bc9de-7f2a-490b-a02a-0c6c0d52f122","MessageType":"ua-data","PublisherId":"DESKTOP-BGFJS91","DataSetWriterGroup":"<<UnknownWriterGroup>>","Messages":[{"SequenceNumber":32,"MetaDataVersion":{"MajorVersion":1},"Timestamp":"2024-04-27T12:42:55.2329144Z","MessageType":"ua-deltaframe","DataSetWriterName":"<<UnknownDataSet>>","Payload":{"Output":{"Value":{"Type":11,"Body":0.86099999999999999},"SourceTimestamp":"2024-04-27T12:41:23.2167558Z","ServerTimestamp":"2024-04-27T12:42:55.1251461Z"}}}]}