{"MessageId":"c5e8ba44-929f-4ecf-8341-3586d3e09ace","MessageType":"ua-data","PublisherId":"DESKTOP-BGFJS91","DataSetWriterGroup":"<<UnknownWriterGroup>>","Messages":[{"SequenceNumber":37,"MetaDataVersion":{"MajorVersion":1},"Timestamp":"2024-04-27T12:43:09.2369968Z","MessageType":"ua-deltaframe","DataSetWriterName":"<<UnknownDataSet>>","Payload":{"Output":{"Value":{"Type":11,"Body":-0.80000000000000004},"SourceTimestamp":"2024-04-27T12:41:23.2167558Z","ServerTimestamp":"2024-04-27T12:43:09.1285218Z"}}}]}