{"MessageId":"e6b06fe7-e1a4-4a99-89f4-ca0087167fcf","MessageType":"ua-data","PublisherId":"DESKTOP-BGFJS91","DataSetWriterGroup":"<<UnknownWriterGroup>>","Messages":[{"SequenceNumber":40,"MetaDataVersion":{"MajorVersion":1},"Timestamp":"2024-04-27T12:43:15.2360433Z","MessageType":"ua-deltaframe","DataSetWriterName":"<<UnknownDataSet>>","Payload":{"Output":{"Value":{"Type":11,"Body":-0.13100000000000001},"SourceTimestamp":"2024-04-27T12:41:23.2167558Z","ServerTimestamp":"2024-04-27T12:43:15.1280714Z"}}}]}