{"$schema":"http://json-schema.org/draft-07/schema#","type":"array","items":{"$ref":"#/definitions/org.github.microsoft.opcpublisher.TelemetryDataSetMessage"},"definitions":{"org.opcfoundation.UA.UInt32":{"$id":"http://opcfoundation.org/UA/#UInt32","title":"OPC UA built in type UInt32","type":"integer","minimum":0,"maximum":4294967295,"default":0,"format":"uint32"},"org.opcfoundation.UA.String":{"$id":"http://opcfoundation.org/UA/#String","title":"OPC UA built in type String","type":"string"},"org.opcfoundation.UA.StatusCode":{"$id":"http://opcfoundation.org/UA/#StatusCode","title":"OPC UA built in type StatusCode","type":"object","properties":{"Code":{"$ref":"#/definitions/org.opcfoundation.UA.UInt32"},"Symbol":{"$ref":"#/definitions/org.opcfoundation.UA.String"}},"additionalProperties":false},"org.opcfoundation.UA.DateTime":{"$id":"http://opcfoundation.org/UA/#DateTime","title":"OPC UA built in type DateTime","type":"string","format":"date-time"},"org.opcfoundation.UA.UInt16":{"$id":"http://opcfoundation.org/UA/#UInt16","title":"OPC UA built in type UInt16","type":"integer","minimum":0,"maximum":65535,"default":0,"format":"uint16"},"org.github.microsoft.opcpublisher.UInt32DataValue":{"$id":"http://github.org/microsoft/opcpublisher#UInt32DataValue","title":"Dataset Field of Type UInt32","type":"object","properties":{"Value":{"$ref":"#/definitions/org.opcfoundation.UA.UInt32"},"Status":{"$ref":"#/definitions/org.opcfoundation.UA.StatusCode"},"SourceTimestamp":{"$ref":"#/definitions/org.opcfoundation.UA.DateTime"},"SourcePicoSeconds":{"$ref":"#/definitions/org.opcfoundation.UA.UInt16"},"ServerTimestamp":{"$ref":"#/definitions/org.opcfoundation.UA.DateTime"},"ServerPicoSeconds":{"$ref":"#/definitions/org.opcfoundation.UA.UInt16"}},"additionalProperties":false},"org.opcfoundation.UA.Boolean":{"$id":"http://opcfoundation.org/UA/#Boolean","title":"OPC UA built in type Boolean","type":"boolean"},"org.github.microsoft.opcpublisher.BooleanDataValue":{"$id":"http://github.org/microsoft/opcpublisher#BooleanDataValue","title":"Dataset Field of Type Boolean","type":"object","properties":{"Value":{"$ref":"#/definitions/org.opcfoundation.UA.Boolean"},"Status":{"$ref":"#/definitions/org.opcfoundation.UA.StatusCode"},"SourceTimestamp":{"$ref":"#/definitions/org.opcfoundation.UA.DateTime"},"SourcePicoSeconds":{"$ref":"#/definitions/org.opcfoundation.UA.UInt16"},"ServerTimestamp":{"$ref":"#/definitions/org.opcfoundation.UA.DateTime"},"ServerPicoSeconds":{"$ref":"#/definitions/org.opcfoundation.UA.UInt16"}},"additionalProperties":false},"org.opcfoundation.UA.Double":{"$id":"http://opcfoundation.org/UA/#Double","title":"OPC UA built in type Double","type":"number","minimum":-1.7976931348623157E+308,"maximum":1.7976931348623157E+308,"default":0,"format":"double"},"org.github.microsoft.opcpublisher.DoubleDataValue":{"$id":"http://github.org/microsoft/opcpublisher#DoubleDataValue","title":"Dataset Field of Type Double","type":"object","properties":{"Value":{"$ref":"#/definitions/org.opcfoundation.UA.Double"},"Status":{"$ref":"#/definitions/org.opcfoundation.UA.StatusCode"},"SourceTimestamp":{"$ref":"#/definitions/org.opcfoundation.UA.DateTime"},"SourcePicoSeconds":{"$ref":"#/definitions/org.opcfoundation.UA.UInt16"},"ServerTimestamp":{"$ref":"#/definitions/org.opcfoundation.UA.DateTime"},"ServerPicoSeconds":{"$ref":"#/definitions/org.opcfoundation.UA.UInt16"}},"additionalProperties":false},"org.opcfoundation.UA.ByteString":{"$id":"http://opcfoundation.org/UA/#ByteString","title":"OPC UA built in type ByteString","type":"string","format":"byte"},"org.github.microsoft.opcpublisher.ByteStringDataValue":{"$id":"http://github.org/microsoft/opcpublisher#ByteStringDataValue","title":"Dataset Field of Type ByteString","type":"object","properties":{"Value":{"$ref":"#/definitions/org.opcfoundation.UA.ByteString"},"Status":{"$ref":"#/definitions/org.opcfoundation.UA.StatusCode"},"SourceTimestamp":{"$ref":"#/definitions/org.opcfoundation.UA.DateTime"},"SourcePicoSeconds":{"$ref":"#/definitions/org.opcfoundation.UA.UInt16"},"ServerTimestamp":{"$ref":"#/definitions/org.opcfoundation.UA.DateTime"},"ServerPicoSeconds":{"$ref":"#/definitions/org.opcfoundation.UA.UInt16"}},"additionalProperties":false},"org.github.microsoft.opcpublisher.StringDataValue":{"$id":"http://github.org/microsoft/opcpublisher#StringDataValue","title":"Dataset Field of Type String","type":"object","properties":{"Value":{"$ref":"#/definitions/org.opcfoundation.UA.String"},"Status":{"$ref":"#/definitions/org.opcfoundation.UA.StatusCode"},"SourceTimestamp":{"$ref":"#/definitions/org.opcfoundation.UA.DateTime"},"SourcePicoSeconds":{"$ref":"#/definitions/org.opcfoundation.UA.UInt16"},"ServerTimestamp":{"$ref":"#/definitions/org.opcfoundation.UA.DateTime"},"ServerPicoSeconds":{"$ref":"#/definitions/org.opcfoundation.UA.UInt16"}},"additionalProperties":false},"org.opcfoundation.UA.Int32":{"$id":"http://opcfoundation.org/UA/#Int32","title":"OPC UA built in type Int32","type":"integer","minimum":-2147483648,"maximum":2147483647,"default":0,"format":"int32"},"org.github.microsoft.opcpublisher.Int32DataValue":{"$id":"http://github.org/microsoft/opcpublisher#Int32DataValue","title":"Dataset Field of Type Int32","type":"object","properties":{"Value":{"$ref":"#/definitions/org.opcfoundation.UA.Int32"},"Status":{"$ref":"#/definitions/org.opcfoundation.UA.StatusCode"},"SourceTimestamp":{"$ref":"#/definitions/org.opcfoundation.UA.DateTime"},"SourcePicoSeconds":{"$ref":"#/definitions/org.opcfoundation.UA.UInt16"},"ServerTimestamp":{"$ref":"#/definitions/org.opcfoundation.UA.DateTime"},"ServerPicoSeconds":{"$ref":"#/definitions/org.opcfoundation.UA.UInt16"}},"additionalProperties":false},"org.github.microsoft.opcpublisher.Telemetry":{"$id":"http://github.org/microsoft/opcpublisher#Telemetry","title":"Telemetry","type":"object","properties":{"\u0022!\u00A7$%\u0026/()=?\u0060\u00B4\\\u002B~*\u0027#_-:.;,\u003C\u003E|@^\u00B0\u20AC\u00B5{[]}":{"$ref":"#/definitions/org.github.microsoft.opcpublisher.UInt32DataValue"},"AlternatingBoolean":{"$ref":"#/definitions/org.github.microsoft.opcpublisher.BooleanDataValue"},"BadFastRandomUIntScalar1":{"$ref":"#/definitions/org.github.microsoft.opcpublisher.UInt32DataValue"},"BadFastUIntScalar1":{"$ref":"#/definitions/org.github.microsoft.opcpublisher.UInt32DataValue"},"BadSlowRandomUIntScalar1":{"$ref":"#/definitions/org.github.microsoft.opcpublisher.UInt32DataValue"},"BadSlowUIntScalar1":{"$ref":"#/definitions/org.github.microsoft.opcpublisher.UInt32DataValue"},"DipData":{"$ref":"#/definitions/org.github.microsoft.opcpublisher.DoubleDataValue"},"FastRandomUIntScalar1":{"$ref":"#/definitions/org.github.microsoft.opcpublisher.UInt32DataValue"},"FastRandomUIntScalar2":{"$ref":"#/definitions/org.github.microsoft.opcpublisher.UInt32DataValue"},"FastRandomUIntScalar3":{"$ref":"#/definitions/org.github.microsoft.opcpublisher.UInt32DataValue"},"FastUIntScalar1":{"$ref":"#/definitions/org.github.microsoft.opcpublisher.UInt32DataValue"},"FastUIntScalar2":{"$ref":"#/definitions/org.github.microsoft.opcpublisher.UInt32DataValue"},"FastUIntScalar3":{"$ref":"#/definitions/org.github.microsoft.opcpublisher.UInt32DataValue"},"LongId3950":{"$ref":"#/definitions/org.github.microsoft.opcpublisher.UInt32DataValue"},"LongString100kB":{"$ref":"#/definitions/org.github.microsoft.opcpublisher.ByteStringDataValue"},"LongString10kB":{"$ref":"#/definitions/org.github.microsoft.opcpublisher.StringDataValue"},"LongString200kB":{"$ref":"#/definitions/org.github.microsoft.opcpublisher.ByteStringDataValue"},"LongString50kB":{"$ref":"#/definitions/org.github.microsoft.opcpublisher.StringDataValue"},"NegativeTrendData":{"$ref":"#/definitions/org.github.microsoft.opcpublisher.DoubleDataValue"},"PositiveTrendData":{"$ref":"#/definitions/org.github.microsoft.opcpublisher.DoubleDataValue"},"RandomSignedInt32":{"$ref":"#/definitions/org.github.microsoft.opcpublisher.Int32DataValue"},"RandomUnsignedInt32":{"$ref":"#/definitions/org.github.microsoft.opcpublisher.UInt32DataValue"},"SlowRandomUIntScalar1":{"$ref":"#/definitions/org.github.microsoft.opcpublisher.UInt32DataValue"},"SlowRandomUIntScalar2":{"$ref":"#/definitions/org.github.microsoft.opcpublisher.UInt32DataValue"},"SlowRandomUIntScalar3":{"$ref":"#/definitions/org.github.microsoft.opcpublisher.UInt32DataValue"},"SlowUIntScalar1":{"$ref":"#/definitions/org.github.microsoft.opcpublisher.UInt32DataValue"},"SlowUIntScalar2":{"$ref":"#/definitions/org.github.microsoft.opcpublisher.UInt32DataValue"},"SlowUIntScalar3":{"$ref":"#/definitions/org.github.microsoft.opcpublisher.UInt32DataValue"},"SpikeData":{"$ref":"#/definitions/org.github.microsoft.opcpublisher.DoubleDataValue"},"StepUp":{"$ref":"#/definitions/org.github.microsoft.opcpublisher.UInt32DataValue"},"cf0090e0-c3d7-9132-316a-d1fa133e4b86":{"$ref":"#/definitions/org.github.microsoft.opcpublisher.UInt32DataValue"}}},"org.opcfoundation.UA.i_x61_14593":{"$id":"http://opcfoundation.org/UA/#i%3d14593","type":"object","properties":{"MajorVersion":{"$ref":"#/definitions/org.opcfoundation.UA.UInt32"},"MinorVersion":{"$ref":"#/definitions/org.opcfoundation.UA.UInt32"}}},"org.github.microsoft.opcpublisher.TelemetryDataSetMessage":{"$id":"http://github.org/microsoft/opcpublisher#TelemetryDataSetMessage","type":"object","properties":{"DataSetWriterId":{"$ref":"#/definitions/org.opcfoundation.UA.String"},"SequenceNumber":{"$ref":"#/definitions/org.opcfoundation.UA.UInt32"},"MetaDataVersion":{"$ref":"#/definitions/org.opcfoundation.UA.i_x61_14593"},"Timestamp":{"$ref":"#/definitions/org.opcfoundation.UA.DateTime"},"MessageType":{"$ref":"#/definitions/org.opcfoundation.UA.String"},"Payload":{"$ref":"#/definitions/org.github.microsoft.opcpublisher.Telemetry"}},"required":["DataSetWriterId","SequenceNumber","MetaDataVersion","Timestamp","MessageType","Payload"],"additionalProperties":false}}}