{"nsu=http://opcfoundation.org/UA/Plc/Applications;s=SlowRandomUIntScalar1":{"Value":1391719792,"SourceTimestamp":"2024-04-26T12:23:54.637019Z","ServerTimestamp":"2024-04-26T12:23:54.6370513Z"},"nsu=http://opcfoundation.org/UA/Plc/Applications;s=SlowRandomUIntScalar2":{"Value":1273110040,"SourceTimestamp":"2024-04-26T12:23:54.6370559Z","ServerTimestamp":"2024-04-26T12:23:54.6370577Z"},"nsu=http://opcfoundation.org/UA/Plc/Applications;s=SlowRandomUIntScalar3":{"Value":2392132006,"SourceTimestamp":"2024-04-26T12:23:54.6370592Z","ServerTimestamp":"2024-04-26T12:23:54.6370633Z"},"nsu=http://opcfoundation.org/UA/Plc/Applications;s=BadSlowRandomUIntScalar1":{"Value":2138750888,"SourceTimestamp":"2024-04-26T12:23:54.6370652Z","ServerTimestamp":"2024-04-26T12:23:54.6370671Z"}}