{"nsu=http://opcfoundation.org/UA/Plc/Applications;s=SlowRandomUIntScalar1":{"Value":2337195029,"SourceTimestamp":"2024-04-26T12:24:54.631689Z","ServerTimestamp":"2024-04-26T12:24:54.6317308Z"},"nsu=http://opcfoundation.org/UA/Plc/Applications;s=SlowRandomUIntScalar2":{"Value":2535043237,"SourceTimestamp":"2024-04-26T12:24:54.6317463Z","ServerTimestamp":"2024-04-26T12:24:54.6317725Z"},"nsu=http://opcfoundation.org/UA/Plc/Applications;s=SlowRandomUIntScalar3":{"Value":3633802405,"SourceTimestamp":"2024-04-26T12:24:54.6317782Z","ServerTimestamp":"2024-04-26T12:24:54.6317794Z"},"nsu=http://opcfoundation.org/UA/Plc/Applications;s=BadSlowRandomUIntScalar1":{"Value":null,"StatusCode":{"Symbol":"BadDataLost","Code":2157772800},"SourceTimestamp":"2024-04-26T12:24:54.6317825Z","ServerTimestamp":"2024-04-26T12:24:54.6317825Z"}}