{"MessageId":"8b25bac9-27ad-446f-91f5-491f1d7c5ce2","MessageType":"ua-data","PublisherId":"DESKTOP-BGFJS91","DataSetWriterGroup":"<<UnknownWriterGroup>>","Messages":[{"MetaDataVersion":{"MajorVersion":1},"MessageType":"ua-keyframe","DataSetWriterName":"<<UnknownDataSet>>","Payload":{"CurrentTime":{"Value":"2024-04-26T14:33:32.8068402Z","SourceTimestamp":"2024-04-26T14:32:32.8011561Z"},"EngineeringUnits":{"Value":"mm/sec"},"AssetId":{"Value":"5"},"Important":{"Value":false},"Variance":{"Value":12.3465004}}}]}