{"MessageId":"9189b128-5432-4fc2-b45a-fc25cc77a65f","MessageType":"ua-data","PublisherId":"DESKTOP-BGFJS91","DataSetWriterGroup":"<<UnknownWriterGroup>>","Messages":[{"MetaDataVersion":{"MajorVersion":1},"MessageType":"ua-keyframe","DataSetWriterName":"<<UnknownDataSet>>","Payload":{"CurrentTime":{"Value":"2024-04-26T14:33:42.8108988Z","SourceTimestamp":"2024-04-26T14:32:32.8011561Z"},"EngineeringUnits":{"Value":"mm/sec"},"AssetId":{"Value":"5"},"Important":{"Value":false},"Variance":{"Value":12.3465004}}}]}