{"nsu=http://opcfoundation.org/UA/Plc/Applications;s=StepUp":{"Value":1015,"SourceTimestamp":"2024-04-26T12:25:06.1345828Z","ServerTimestamp":"2024-04-26T12:25:06.1345856Z"},"nsu=http://opcfoundation.org/UA/Plc/Applications;s=RandomSignedInt32":{"Value":-1333813636,"SourceTimestamp":"2024-04-26T12:25:06.1346012Z","ServerTimestamp":"2024-04-26T12:25:06.1346019Z"},"nsu=http://opcfoundation.org/UA/Plc/Applications;s=RandomUnsignedInt32":{"Value":1795152488,"SourceTimestamp":"2024-04-26T12:25:06.1346061Z","ServerTimestamp":"2024-04-26T12:25:06.1346147Z"},"nsu=http://opcfoundation.org/UA/Plc/Applications;s=DipData":{"Value":-98.228725072868869,"SourceTimestamp":"2024-04-26T12:25:06.1346037Z","ServerTimestamp":"2024-04-26T12:25:06.1346111Z"},"nsu=http://opcfoundation.org/UA/Plc/Applications;s=FastUIntScalar1":{"Value":101,"SourceTimestamp":"2024-04-26T12:25:05.6385142Z","ServerTimestamp":"2024-04-26T12:25:05.6385163Z"}}