{"nsu=http://opcfoundation.org/UA/Plc/Applications;s=StepUp":{"Value":1044,"SourceTimestamp":"2024-04-26T12:25:09.0275319Z","ServerTimestamp":"2024-04-26T12:25:09.0275391Z"},"nsu=http://opcfoundation.org/UA/Plc/Applications;s=RandomSignedInt32":{"Value":217204170,"SourceTimestamp":"2024-04-26T12:25:09.0275622Z","ServerTimestamp":"2024-04-26T12:25:09.0275631Z"},"nsu=http://opcfoundation.org/UA/Plc/Applications;s=RandomUnsignedInt32":{"Value":1558870335,"SourceTimestamp":"2024-04-26T12:25:09.0275581Z","ServerTimestamp":"2024-04-26T12:25:09.027559Z"},"nsu=http://opcfoundation.org/UA/Plc/Applications;s=DipData":{"Value":77.051324277578928,"SourceTimestamp":"2024-04-26T12:25:09.0275282Z","ServerTimestamp":"2024-04-26T12:25:09.0275311Z"},"nsu=http://opcfoundation.org/UA/Plc/Applications;s=FastUIntScalar1":{"Value":104,"SourceTimestamp":"2024-04-26T12:25:08.6343803Z","ServerTimestamp":"2024-04-26T12:25:08.6343825Z"}}