{"nsu=http://opcfoundation.org/UA/Plc/Applications;s=StepUp":{"Value":1065,"SourceTimestamp":"2024-04-26T12:25:11.1336143Z","ServerTimestamp":"2024-04-26T12:25:11.1336174Z"},"nsu=http://opcfoundation.org/UA/Plc/Applications;s=RandomSignedInt32":{"Value":-270235723,"SourceTimestamp":"2024-04-26T12:25:11.1336334Z","ServerTimestamp":"2024-04-26T12:25:11.1336387Z"},"nsu=http://opcfoundation.org/UA/Plc/Applications;s=RandomUnsignedInt32":{"Value":1311104329,"SourceTimestamp":"2024-04-26T12:25:11.1336408Z","ServerTimestamp":"2024-04-26T12:25:11.1336416Z"},"nsu=http://opcfoundation.org/UA/Plc/Applications;s=DipData":{"Value":-98.228725072868869,"SourceTimestamp":"2024-04-26T12:25:11.1336386Z","ServerTimestamp":"2024-04-26T12:25:11.1336441Z"},"nsu=http://opcfoundation.org/UA/Plc/Applications;s=FastUIntScalar1":{"Value":106,"SourceTimestamp":"2024-04-26T12:25:10.6381565Z","ServerTimestamp":"2024-04-26T12:25:10.6381589Z"}}