{"nsu=http://opcfoundation.org/UA/Plc/Applications;s=StepUp":{"Value":1094,"SourceTimestamp":"2024-04-26T12:25:14.0362032Z","ServerTimestamp":"2024-04-26T12:25:14.0362077Z"},"nsu=http://opcfoundation.org/UA/Plc/Applications;s=RandomSignedInt32":{"Value":-1968060572,"SourceTimestamp":"2024-04-26T12:25:14.0362358Z","ServerTimestamp":"2024-04-26T12:25:14.0362367Z"},"nsu=http://opcfoundation.org/UA/Plc/Applications;s=RandomUnsignedInt32":{"Value":2074805921,"SourceTimestamp":"2024-04-26T12:25:14.0362329Z","ServerTimestamp":"2024-04-26T12:25:14.0362336Z"},"nsu=http://opcfoundation.org/UA/Plc/Applications;s=DipData":{"Value":77.051324277578928,"SourceTimestamp":"2024-04-26T12:25:14.0362196Z","ServerTimestamp":"2024-04-26T12:25:14.0362456Z"},"nsu=http://opcfoundation.org/UA/Plc/Applications;s=FastUIntScalar1":{"Value":109,"SourceTimestamp":"2024-04-26T12:25:13.6364206Z","ServerTimestamp":"2024-04-26T12:25:13.6364243Z"}}