{"nsu=http://opcfoundation.org/UA/Plc/Applications;s=StepUp":{"Value":1114,"SourceTimestamp":"2024-04-26T12:25:16.0338055Z","ServerTimestamp":"2024-04-26T12:25:16.0338078Z"},"nsu=http://opcfoundation.org/UA/Plc/Applications;s=RandomSignedInt32":{"Value":-710624639,"SourceTimestamp":"2024-04-26T12:25:16.0338225Z","ServerTimestamp":"2024-04-26T12:25:16.033823Z"},"nsu=http://opcfoundation.org/UA/Plc/Applications;s=RandomUnsignedInt32":{"Value":1864159787,"SourceTimestamp":"2024-04-26T12:25:16.0338256Z","ServerTimestamp":"2024-04-26T12:25:16.0338262Z"},"nsu=http://opcfoundation.org/UA/Plc/Applications;s=DipData":{"Value":-99.80267284282715,"SourceTimestamp":"2024-04-26T12:25:15.9330021Z","ServerTimestamp":"2024-04-26T12:25:15.933009Z"},"nsu=http://opcfoundation.org/UA/Plc/Applications;s=FastUIntScalar1":{"Value":111,"SourceTimestamp":"2024-04-26T12:25:15.6332523Z","ServerTimestamp":"2024-04-26T12:25:15.6332545Z"}}