{"nsu=http://opcfoundation.org/UA/Plc/Applications;s=StepUp":{"Value":1194,"SourceTimestamp":"2024-04-26T12:25:24.0283475Z","ServerTimestamp":"2024-04-26T12:25:24.0283514Z"},"nsu=http://opcfoundation.org/UA/Plc/Applications;s=RandomSignedInt32":{"Value":661435184,"SourceTimestamp":"2024-04-26T12:25:24.0283693Z","ServerTimestamp":"2024-04-26T12:25:24.0283751Z"},"nsu=http://opcfoundation.org/UA/Plc/Applications;s=RandomUnsignedInt32":{"Value":2019524373,"SourceTimestamp":"2024-04-26T12:25:24.0283689Z","ServerTimestamp":"2024-04-26T12:25:24.0284074Z"},"nsu=http://opcfoundation.org/UA/Plc/Applications;s=DipData":{"Value":77.051324277578928,"SourceTimestamp":"2024-04-26T12:25:24.0283602Z","ServerTimestamp":"2024-04-26T12:25:24.0283901Z"},"nsu=http://opcfoundation.org/UA/Plc/Applications;s=FastUIntScalar1":{"Value":119,"SourceTimestamp":"2024-04-26T12:25:23.6279369Z","ServerTimestamp":"2024-04-26T12:25:23.6279391Z"}}