{"nsu=http://opcfoundation.org/UA/Plc/Applications;s=StepUp":{"Value":145,"SourceTimestamp":"2024-04-26T12:23:39.142012Z","ServerTimestamp":"2024-04-26T12:23:39.1420228Z"},"nsu=http://opcfoundation.org/UA/Plc/Applications;s=RandomSignedInt32":{"Value":8978995,"SourceTimestamp":"2024-04-26T12:23:39.1420343Z","ServerTimestamp":"2024-04-26T12:23:39.1420384Z"},"nsu=http://opcfoundation.org/UA/Plc/Applications;s=RandomUnsignedInt32":{"Value":2079476513,"SourceTimestamp":"2024-04-26T12:23:39.1420395Z","ServerTimestamp":"2024-04-26T12:23:39.1420403Z"},"nsu=http://opcfoundation.org/UA/Plc/Applications;s=DipData":{"Value":68.454710592868878,"SourceTimestamp":"2024-04-26T12:23:39.1420124Z","ServerTimestamp":"2024-04-26T12:23:39.1420155Z"},"nsu=http://opcfoundation.org/UA/Plc/Applications;s=FastUIntScalar1":{"Value":14,"SourceTimestamp":"2024-04-26T12:23:38.6312607Z","ServerTimestamp":"2024-04-26T12:23:38.6312631Z"}}