{"nsu=http://opcfoundation.org/UA/Plc/Applications;s=StepUp":{"Value":165,"SourceTimestamp":"2024-04-26T12:23:41.1381769Z","ServerTimestamp":"2024-04-26T12:23:41.1381803Z"},"nsu=http://opcfoundation.org/UA/Plc/Applications;s=RandomSignedInt32":{"Value":1401151166,"SourceTimestamp":"2024-04-26T12:23:41.138197Z","ServerTimestamp":"2024-04-26T12:23:41.1382035Z"},"nsu=http://opcfoundation.org/UA/Plc/Applications;s=RandomUnsignedInt32":{"Value":715698944,"SourceTimestamp":"2024-04-26T12:23:41.1381969Z","ServerTimestamp":"2024-04-26T12:23:41.1381976Z"},"nsu=http://opcfoundation.org/UA/Plc/Applications;s=DipData":{"Value":-98.228725072868869,"SourceTimestamp":"2024-04-26T12:23:41.1381836Z","ServerTimestamp":"2024-04-26T12:23:41.1381998Z"},"nsu=http://opcfoundation.org/UA/Plc/Applications;s=FastUIntScalar1":{"Value":16,"SourceTimestamp":"2024-04-26T12:23:40.6367539Z","ServerTimestamp":"2024-04-26T12:23:40.6367569Z"}}