{"nsu=http://opcfoundation.org/UA/Plc/Applications;s=StepUp":{"Value":195,"SourceTimestamp":"2024-04-26T12:23:44.1300711Z","ServerTimestamp":"2024-04-26T12:23:44.1300747Z"},"nsu=http://opcfoundation.org/UA/Plc/Applications;s=RandomSignedInt32":{"Value":81455539,"SourceTimestamp":"2024-04-26T12:23:44.1300925Z","ServerTimestamp":"2024-04-26T12:23:44.1300951Z"},"nsu=http://opcfoundation.org/UA/Plc/Applications;s=RandomUnsignedInt32":{"Value":753490562,"SourceTimestamp":"2024-04-26T12:23:44.1300896Z","ServerTimestamp":"2024-04-26T12:23:44.1300919Z"},"nsu=http://opcfoundation.org/UA/Plc/Applications;s=DipData":{"Value":68.454710592868878,"SourceTimestamp":"2024-04-26T12:23:44.1300765Z","ServerTimestamp":"2024-04-26T12:23:44.1300823Z"},"nsu=http://opcfoundation.org/UA/Plc/Applications;s=FastUIntScalar1":{"Value":19,"SourceTimestamp":"2024-04-26T12:23:43.6355469Z","ServerTimestamp":"2024-04-26T12:23:43.6355499Z"}}