{"nsu=http://opcfoundation.org/UA/Plc/Applications;s=StepUp":{"Value":255,"SourceTimestamp":"2024-04-26T12:23:50.1339052Z","ServerTimestamp":"2024-04-26T12:23:50.1339073Z"},"nsu=http://opcfoundation.org/UA/Plc/Applications;s=AlternatingBoolean":{"Value":false,"SourceTimestamp":"2024-04-26T12:23:49.7271767Z","ServerTimestamp":"2024-04-26T12:23:49.7271773Z"},"nsu=http://opcfoundation.org/UA/Plc/Applications;s=RandomSignedInt32":{"Value":-1011096784,"SourceTimestamp":"2024-04-26T12:23:50.1339305Z","ServerTimestamp":"2024-04-26T12:23:50.1339334Z"},"nsu=http://opcfoundation.org/UA/Plc/Applications;s=RandomUnsignedInt32":{"Value":1789462982,"SourceTimestamp":"2024-04-26T12:23:50.1339309Z","ServerTimestamp":"2024-04-26T12:23:50.1339316Z"},"nsu=http://opcfoundation.org/UA/Plc/Applications;s=DipData":{"Value":-48.175367410171532,"SourceTimestamp":"2024-04-26T12:23:50.1338949Z","ServerTimestamp":"2024-04-26T12:23:50.1338982Z"},"nsu=http://opcfoundation.org/UA/Plc/Applications;s=FastUIntScalar1":{"Value":25,"SourceTimestamp":"2024-04-26T12:23:49.6338292Z","ServerTimestamp":"2024-04-26T12:23:49.6338325Z"}}