{"nsu=http://opcfoundation.org/UA/Plc/Applications;s=StepUp":{"Value":275,"SourceTimestamp":"2024-04-26T12:23:52.1317666Z","ServerTimestamp":"2024-04-26T12:23:52.1317698Z"},"nsu=http://opcfoundation.org/UA/Plc/Applications;s=RandomSignedInt32":{"Value":1801454734,"SourceTimestamp":"2024-04-26T12:23:52.1317827Z","ServerTimestamp":"2024-04-26T12:23:52.1317901Z"},"nsu=http://opcfoundation.org/UA/Plc/Applications;s=RandomUnsignedInt32":{"Value":189402358,"SourceTimestamp":"2024-04-26T12:23:52.1317873Z","ServerTimestamp":"2024-04-26T12:23:52.1317922Z"},"nsu=http://opcfoundation.org/UA/Plc/Applications;s=DipData":{"Value":-12.533323356430429,"SourceTimestamp":"2024-04-26T12:23:52.1317729Z","ServerTimestamp":"2024-04-26T12:23:52.1317773Z"},"nsu=http://opcfoundation.org/UA/Plc/Applications;s=FastUIntScalar1":{"Value":27,"SourceTimestamp":"2024-04-26T12:23:51.6363442Z","ServerTimestamp":"2024-04-26T12:23:51.6363472Z"}}