{"nsu=http://opcfoundation.org/UA/Plc/Applications;s=StepUp":{"Value":315,"SourceTimestamp":"2024-04-26T12:23:56.1292606Z","ServerTimestamp":"2024-04-26T12:23:56.1292628Z"},"nsu=http://opcfoundation.org/UA/Plc/Applications;s=RandomSignedInt32":{"Value":-2144883823,"SourceTimestamp":"2024-04-26T12:23:56.1292745Z","ServerTimestamp":"2024-04-26T12:23:56.1292754Z"},"nsu=http://opcfoundation.org/UA/Plc/Applications;s=RandomUnsignedInt32":{"Value":1700830361,"SourceTimestamp":"2024-04-26T12:23:56.1292852Z","ServerTimestamp":"2024-04-26T12:23:56.1292957Z"},"nsu=http://opcfoundation.org/UA/Plc/Applications;s=DipData":{"Value":-98.228725072868869,"SourceTimestamp":"2024-04-26T12:23:56.1292743Z","ServerTimestamp":"2024-04-26T12:23:56.1292777Z"},"nsu=http://opcfoundation.org/UA/Plc/Applications;s=FastUIntScalar1":{"Value":31,"SourceTimestamp":"2024-04-26T12:23:55.6361657Z","ServerTimestamp":"2024-04-26T12:23:55.6361687Z"}}