{"nsu=http://opcfoundation.org/UA/Plc/Applications;s=StepUp":{"Value":325,"SourceTimestamp":"2024-04-26T12:23:57.1331511Z","ServerTimestamp":"2024-04-26T12:23:57.1331544Z"},"nsu=http://opcfoundation.org/UA/Plc/Applications;s=RandomSignedInt32":{"Value":735211417,"SourceTimestamp":"2024-04-26T12:23:57.1331798Z","ServerTimestamp":"2024-04-26T12:23:57.1331818Z"},"nsu=http://opcfoundation.org/UA/Plc/Applications;s=RandomUnsignedInt32":{"Value":497584353,"SourceTimestamp":"2024-04-26T12:23:57.1331811Z","ServerTimestamp":"2024-04-26T12:23:57.133188Z"},"nsu=http://opcfoundation.org/UA/Plc/Applications;s=DipData":{"Value":-12.533323356430429,"SourceTimestamp":"2024-04-26T12:23:57.1331587Z","ServerTimestamp":"2024-04-26T12:23:57.1331767Z"},"nsu=http://opcfoundation.org/UA/Plc/Applications;s=FastUIntScalar1":{"Value":32,"SourceTimestamp":"2024-04-26T12:23:56.6378567Z","ServerTimestamp":"2024-04-26T12:23:56.6378594Z"}}