{"nsu=http://opcfoundation.org/UA/Plc/Applications;s=StepUp":{"Value":334,"SourceTimestamp":"2024-04-26T12:23:58.0362944Z","ServerTimestamp":"2024-04-26T12:23:58.0362981Z"},"nsu=http://opcfoundation.org/UA/Plc/Applications;s=RandomSignedInt32":{"Value":-1848380913,"SourceTimestamp":"2024-04-26T12:23:58.0363164Z","ServerTimestamp":"2024-04-26T12:23:58.036317Z"},"nsu=http://opcfoundation.org/UA/Plc/Applications;s=RandomUnsignedInt32":{"Value":1088320731,"SourceTimestamp":"2024-04-26T12:23:58.0363215Z","ServerTimestamp":"2024-04-26T12:23:58.0363473Z"},"nsu=http://opcfoundation.org/UA/Plc/Applications;s=DipData":{"Value":84.432792550201498,"SourceTimestamp":"2024-04-26T12:23:58.0363168Z","ServerTimestamp":"2024-04-26T12:23:58.0363214Z"},"nsu=http://opcfoundation.org/UA/Plc/Applications;s=FastUIntScalar1":{"Value":33,"SourceTimestamp":"2024-04-26T12:23:57.6271541Z","ServerTimestamp":"2024-04-26T12:23:57.6271574Z"}}