{"nsu=http://opcfoundation.org/UA/Plc/Applications;s=StepUp":{"Value":425,"SourceTimestamp":"2024-04-26T12:24:07.1292667Z","ServerTimestamp":"2024-04-26T12:24:07.1292695Z"},"nsu=http://opcfoundation.org/UA/Plc/Applications;s=RandomSignedInt32":{"Value":-1671312754,"SourceTimestamp":"2024-04-26T12:24:07.0279954Z","ServerTimestamp":"2024-04-26T12:24:07.0279962Z"},"nsu=http://opcfoundation.org/UA/Plc/Applications;s=RandomUnsignedInt32":{"Value":200814802,"SourceTimestamp":"2024-04-26T12:24:07.1292902Z","ServerTimestamp":"2024-04-26T12:24:07.1292947Z"},"nsu=http://opcfoundation.org/UA/Plc/Applications;s=DipData":{"Value":-12.533323356430429,"SourceTimestamp":"2024-04-26T12:24:07.1292892Z","ServerTimestamp":"2024-04-26T12:24:07.1292909Z"},"nsu=http://opcfoundation.org/UA/Plc/Applications;s=FastUIntScalar1":{"Value":42,"SourceTimestamp":"2024-04-26T12:24:06.6338559Z","ServerTimestamp":"2024-04-26T12:24:06.6338587Z"}}