{"nsu=http://opcfoundation.org/UA/Plc/Applications;s=StepUp":{"Value":434,"SourceTimestamp":"2024-04-26T12:24:08.0318494Z","ServerTimestamp":"2024-04-26T12:24:08.0318523Z"},"nsu=http://opcfoundation.org/UA/Plc/Applications;s=RandomSignedInt32":{"Value":-1474857103,"SourceTimestamp":"2024-04-26T12:24:08.0318759Z","ServerTimestamp":"2024-04-26T12:24:08.0318779Z"},"nsu=http://opcfoundation.org/UA/Plc/Applications;s=RandomUnsignedInt32":{"Value":446664991,"SourceTimestamp":"2024-04-26T12:24:08.0318801Z","ServerTimestamp":"2024-04-26T12:24:08.0318856Z"},"nsu=http://opcfoundation.org/UA/Plc/Applications;s=DipData":{"Value":84.432792550201498,"SourceTimestamp":"2024-04-26T12:24:08.031852Z","ServerTimestamp":"2024-04-26T12:24:08.0318823Z"},"nsu=http://opcfoundation.org/UA/Plc/Applications;s=FastUIntScalar1":{"Value":43,"SourceTimestamp":"2024-04-26T12:24:07.6311595Z","ServerTimestamp":"2024-04-26T12:24:07.6311629Z"}}