{"nsu=http://opcfoundation.org/UA/Plc/Applications;s=StepUp":{"Value":454,"SourceTimestamp":"2024-04-26T12:24:10.0346918Z","ServerTimestamp":"2024-04-26T12:24:10.0346941Z"},"nsu=http://opcfoundation.org/UA/Plc/Applications;s=AlternatingBoolean":{"Value":false,"SourceTimestamp":"2024-04-26T12:24:09.7298958Z","ServerTimestamp":"2024-04-26T12:24:09.7299101Z"},"nsu=http://opcfoundation.org/UA/Plc/Applications;s=RandomSignedInt32":{"Value":570146342,"SourceTimestamp":"2024-04-26T12:24:10.0347028Z","ServerTimestamp":"2024-04-26T12:24:10.0347033Z"},"nsu=http://opcfoundation.org/UA/Plc/Applications;s=RandomUnsignedInt32":{"Value":243248129,"SourceTimestamp":"2024-04-26T12:24:10.0347064Z","ServerTimestamp":"2024-04-26T12:24:10.0347072Z"},"nsu=http://opcfoundation.org/UA/Plc/Applications;s=DipData":{"Value":-36.812455268467787,"SourceTimestamp":"2024-04-26T12:24:10.0346837Z","ServerTimestamp":"2024-04-26T12:24:10.0346868Z"},"nsu=http://opcfoundation.org/UA/Plc/Applications;s=FastUIntScalar1":{"Value":45,"SourceTimestamp":"2024-04-26T12:24:09.6346018Z","ServerTimestamp":"2024-04-26T12:24:09.6346048Z"}}