{"nsu=http://opcfoundation.org/UA/Plc/Applications;s=StepUp":{"Value":464,"SourceTimestamp":"2024-04-26T12:24:11.0389097Z","ServerTimestamp":"2024-04-26T12:24:11.0389143Z"},"nsu=http://opcfoundation.org/UA/Plc/Applications;s=RandomSignedInt32":{"Value":1630142501,"SourceTimestamp":"2024-04-26T12:24:11.0389705Z","ServerTimestamp":"2024-04-26T12:24:11.0389745Z"},"nsu=http://opcfoundation.org/UA/Plc/Applications;s=RandomUnsignedInt32":{"Value":697411664,"SourceTimestamp":"2024-04-26T12:24:11.0389528Z","ServerTimestamp":"2024-04-26T12:24:11.0389542Z"},"nsu=http://opcfoundation.org/UA/Plc/Applications;s=DipData":{"Value":-99.80267284282715,"SourceTimestamp":"2024-04-26T12:24:10.9282291Z","ServerTimestamp":"2024-04-26T12:24:10.9282316Z"},"nsu=http://opcfoundation.org/UA/Plc/Applications;s=FastUIntScalar1":{"Value":46,"SourceTimestamp":"2024-04-26T12:24:10.6380388Z","ServerTimestamp":"2024-04-26T12:24:10.6380414Z"}}