{"nsu=http://opcfoundation.org/UA/Plc/Applications;s=StepUp":{"Value":474,"SourceTimestamp":"2024-04-26T12:24:12.0271965Z","ServerTimestamp":"2024-04-26T12:24:12.0271999Z"},"nsu=http://opcfoundation.org/UA/Plc/Applications;s=RandomSignedInt32":{"Value":-335451625,"SourceTimestamp":"2024-04-26T12:24:12.0272364Z","ServerTimestamp":"2024-04-26T12:24:12.027302Z"},"nsu=http://opcfoundation.org/UA/Plc/Applications;s=RandomUnsignedInt32":{"Value":1969362011,"SourceTimestamp":"2024-04-26T12:24:12.0272415Z","ServerTimestamp":"2024-04-26T12:24:12.0272447Z"},"nsu=http://opcfoundation.org/UA/Plc/Applications;s=DipData":{"Value":-24.8689887164855,"SourceTimestamp":"2024-04-26T12:24:12.0272023Z","ServerTimestamp":"2024-04-26T12:24:12.0272765Z"},"nsu=http://opcfoundation.org/UA/Plc/Applications;s=FastUIntScalar1":{"Value":47,"SourceTimestamp":"2024-04-26T12:24:11.6269131Z","ServerTimestamp":"2024-04-26T12:24:11.6269159Z"}}