{"nsu=http://opcfoundation.org/UA/Plc/Applications;s=StepUp":{"Value":54,"SourceTimestamp":"2024-04-26T12:23:30.0394873Z","ServerTimestamp":"2024-04-26T12:23:30.0394899Z"},"nsu=http://opcfoundation.org/UA/Plc/Applications;s=AlternatingBoolean":{"Value":false,"SourceTimestamp":"2024-04-26T12:23:29.7337366Z","ServerTimestamp":"2024-04-26T12:23:29.7337379Z"},"nsu=http://opcfoundation.org/UA/Plc/Applications;s=RandomSignedInt32":{"Value":-1725209445,"SourceTimestamp":"2024-04-26T12:23:30.0395163Z","ServerTimestamp":"2024-04-26T12:23:30.039518Z"},"nsu=http://opcfoundation.org/UA/Plc/Applications;s=RandomUnsignedInt32":{"Value":1319403815,"SourceTimestamp":"2024-04-26T12:23:30.0395209Z","ServerTimestamp":"2024-04-26T12:23:30.0395252Z"},"nsu=http://opcfoundation.org/UA/Plc/Applications;s=DipData":{"Value":-36.812455268467787,"SourceTimestamp":"2024-04-26T12:23:30.0394881Z","ServerTimestamp":"2024-04-26T12:23:30.0395231Z"},"nsu=http://opcfoundation.org/UA/Plc/Applications;s=FastUIntScalar1":{"Value":5,"SourceTimestamp":"2024-04-26T12:23:29.6394264Z","ServerTimestamp":"2024-04-26T12:23:29.6394289Z"}}