{"nsu=http://opcfoundation.org/UA/Plc/Applications;s=StepUp":{"Value":514,"SourceTimestamp":"2024-04-26T12:24:16.0364397Z","ServerTimestamp":"2024-04-26T12:24:16.0364419Z"},"nsu=http://opcfoundation.org/UA/Plc/Applications;s=RandomSignedInt32":{"Value":1194173389,"SourceTimestamp":"2024-04-26T12:24:16.0364632Z","ServerTimestamp":"2024-04-26T12:24:16.0364638Z"},"nsu=http://opcfoundation.org/UA/Plc/Applications;s=RandomUnsignedInt32":{"Value":1609465817,"SourceTimestamp":"2024-04-26T12:24:16.0364647Z","ServerTimestamp":"2024-04-26T12:24:16.0364662Z"},"nsu=http://opcfoundation.org/UA/Plc/Applications;s=DipData":{"Value":-99.80267284282715,"SourceTimestamp":"2024-04-26T12:24:15.9424139Z","ServerTimestamp":"2024-04-26T12:24:15.9424147Z"},"nsu=http://opcfoundation.org/UA/Plc/Applications;s=FastUIntScalar1":{"Value":51,"SourceTimestamp":"2024-04-26T12:24:15.6422187Z","ServerTimestamp":"2024-04-26T12:24:15.6422217Z"}}