{"nsu=http://opcfoundation.org/UA/Plc/Applications;s=StepUp":{"Value":524,"SourceTimestamp":"2024-04-26T12:24:17.0399057Z","ServerTimestamp":"2024-04-26T12:24:17.0399097Z"},"nsu=http://opcfoundation.org/UA/Plc/Applications;s=RandomSignedInt32":{"Value":-798838730,"SourceTimestamp":"2024-04-26T12:24:17.0399218Z","ServerTimestamp":"2024-04-26T12:24:17.0399242Z"},"nsu=http://opcfoundation.org/UA/Plc/Applications;s=RandomUnsignedInt32":{"Value":565724459,"SourceTimestamp":"2024-04-26T12:24:17.0399248Z","ServerTimestamp":"2024-04-26T12:24:17.0399285Z"},"nsu=http://opcfoundation.org/UA/Plc/Applications;s=DipData":{"Value":-24.8689887164855,"SourceTimestamp":"2024-04-26T12:24:17.0399128Z","ServerTimestamp":"2024-04-26T12:24:17.0399413Z"},"nsu=http://opcfoundation.org/UA/Plc/Applications;s=FastUIntScalar1":{"Value":52,"SourceTimestamp":"2024-04-26T12:24:16.6394958Z","ServerTimestamp":"2024-04-26T12:24:16.6394992Z"}}