{"nsu=http://opcfoundation.org/UA/Plc/Applications;s=StepUp":{"Value":574,"SourceTimestamp":"2024-04-26T12:24:22.0376684Z","ServerTimestamp":"2024-04-26T12:24:22.0376714Z"},"nsu=http://opcfoundation.org/UA/Plc/Applications;s=RandomSignedInt32":{"Value":194019048,"SourceTimestamp":"2024-04-26T12:24:22.0376869Z","ServerTimestamp":"2024-04-26T12:24:22.0376876Z"},"nsu=http://opcfoundation.org/UA/Plc/Applications;s=RandomUnsignedInt32":{"Value":870113218,"SourceTimestamp":"2024-04-26T12:24:22.0376916Z","ServerTimestamp":"2024-04-26T12:24:22.0376968Z"},"nsu=http://opcfoundation.org/UA/Plc/Applications;s=DipData":{"Value":-24.8689887164855,"SourceTimestamp":"2024-04-26T12:24:22.0376932Z","ServerTimestamp":"2024-04-26T12:24:22.037698Z"},"nsu=http://opcfoundation.org/UA/Plc/Applications;s=FastUIntScalar1":{"Value":57,"SourceTimestamp":"2024-04-26T12:24:21.6375167Z","ServerTimestamp":"2024-04-26T12:24:21.6375205Z"}}