{"nsu=http://opcfoundation.org/UA/Plc/Applications;s=StepUp":{"Value":654,"SourceTimestamp":"2024-04-26T12:24:30.0406865Z","ServerTimestamp":"2024-04-26T12:24:30.0406892Z"},"nsu=http://opcfoundation.org/UA/Plc/Applications;s=AlternatingBoolean":{"Value":false,"SourceTimestamp":"2024-04-26T12:24:29.7350186Z","ServerTimestamp":"2024-04-26T12:24:29.7350201Z"},"nsu=http://opcfoundation.org/UA/Plc/Applications;s=RandomSignedInt32":{"Value":253427982,"SourceTimestamp":"2024-04-26T12:24:30.0407073Z","ServerTimestamp":"2024-04-26T12:24:30.0407105Z"},"nsu=http://opcfoundation.org/UA/Plc/Applications;s=RandomUnsignedInt32":{"Value":1468687974,"SourceTimestamp":"2024-04-26T12:24:30.0407046Z","ServerTimestamp":"2024-04-26T12:24:30.040706Z"},"nsu=http://opcfoundation.org/UA/Plc/Applications;s=DipData":{"Value":-36.812455268467787,"SourceTimestamp":"2024-04-26T12:24:30.0406992Z","ServerTimestamp":"2024-04-26T12:24:30.0407035Z"},"nsu=http://opcfoundation.org/UA/Plc/Applications;s=FastUIntScalar1":{"Value":65,"SourceTimestamp":"2024-04-26T12:24:29.6410282Z","ServerTimestamp":"2024-04-26T12:24:29.6410311Z"}}