{"nsu=http://opcfoundation.org/UA/Plc/Applications;s=StepUp":{"Value":685,"SourceTimestamp":"2024-04-26T12:24:33.1349439Z","ServerTimestamp":"2024-04-26T12:24:33.1349482Z"},"nsu=http://opcfoundation.org/UA/Plc/Applications;s=RandomSignedInt32":{"Value":610979725,"SourceTimestamp":"2024-04-26T12:24:33.134963Z","ServerTimestamp":"2024-04-26T12:24:33.1349643Z"},"nsu=http://opcfoundation.org/UA/Plc/Applications;s=RandomUnsignedInt32":{"Value":1931175525,"SourceTimestamp":"2024-04-26T12:24:33.1349659Z","ServerTimestamp":"2024-04-26T12:24:33.1349726Z"},"nsu=http://opcfoundation.org/UA/Plc/Applications;s=DipData":{"Value":90.482705246601952,"SourceTimestamp":"2024-04-26T12:24:33.134953Z","ServerTimestamp":"2024-04-26T12:24:33.1349589Z"},"nsu=http://opcfoundation.org/UA/Plc/Applications;s=FastUIntScalar1":{"Value":68,"SourceTimestamp":"2024-04-26T12:24:32.6399592Z","ServerTimestamp":"2024-04-26T12:24:32.6399624Z"}}