{"nsu=http://opcfoundation.org/UA/Plc/Applications;s=StepUp":{"Value":705,"SourceTimestamp":"2024-04-26T12:24:35.1320816Z","ServerTimestamp":"2024-04-26T12:24:35.1320849Z"},"nsu=http://opcfoundation.org/UA/Plc/Applications;s=AlternatingBoolean":{"Value":true,"SourceTimestamp":"2024-04-26T12:24:34.7387788Z","ServerTimestamp":"2024-04-26T12:24:34.7387924Z"},"nsu=http://opcfoundation.org/UA/Plc/Applications;s=RandomSignedInt32":{"Value":986821854,"SourceTimestamp":"2024-04-26T12:24:35.1321106Z","ServerTimestamp":"2024-04-26T12:24:35.1321139Z"},"nsu=http://opcfoundation.org/UA/Plc/Applications;s=RandomUnsignedInt32":{"Value":1818485540,"SourceTimestamp":"2024-04-26T12:24:35.1321115Z","ServerTimestamp":"2024-04-26T12:24:35.1321124Z"},"nsu=http://opcfoundation.org/UA/Plc/Applications;s=DipData":{"Value":-48.175367410171532,"SourceTimestamp":"2024-04-26T12:24:35.1320853Z","ServerTimestamp":"2024-04-26T12:24:35.1320937Z"},"nsu=http://opcfoundation.org/UA/Plc/Applications;s=FastUIntScalar1":{"Value":70,"SourceTimestamp":"2024-04-26T12:24:34.6364413Z","ServerTimestamp":"2024-04-26T12:24:34.6364432Z"}}