{"nsu=http://opcfoundation.org/UA/Plc/Applications;s=StepUp":{"Value":775,"SourceTimestamp":"2024-04-26T12:24:42.1348687Z","ServerTimestamp":"2024-04-26T12:24:42.1348709Z"},"nsu=http://opcfoundation.org/UA/Plc/Applications;s=RandomSignedInt32":{"Value":-140918627,"SourceTimestamp":"2024-04-26T12:24:42.134879Z","ServerTimestamp":"2024-04-26T12:24:42.1348923Z"},"nsu=http://opcfoundation.org/UA/Plc/Applications;s=RandomUnsignedInt32":{"Value":1148738536,"SourceTimestamp":"2024-04-26T12:24:42.0325912Z","ServerTimestamp":"2024-04-26T12:24:42.0325942Z"},"nsu=http://opcfoundation.org/UA/Plc/Applications;s=DipData":{"Value":-12.533323356430429,"SourceTimestamp":"2024-04-26T12:24:42.1348412Z","ServerTimestamp":"2024-04-26T12:24:42.1348445Z"},"nsu=http://opcfoundation.org/UA/Plc/Applications;s=FastUIntScalar1":{"Value":77,"SourceTimestamp":"2024-04-26T12:24:41.6390133Z","ServerTimestamp":"2024-04-26T12:24:41.6390228Z"}}