{"nsu=http://opcfoundation.org/UA/Plc/Applications;s=StepUp":{"Value":784,"SourceTimestamp":"2024-04-26T12:24:43.0355776Z","ServerTimestamp":"2024-04-26T12:24:43.0355818Z"},"nsu=http://opcfoundation.org/UA/Plc/Applications;s=RandomSignedInt32":{"Value":1230369348,"SourceTimestamp":"2024-04-26T12:24:43.0356085Z","ServerTimestamp":"2024-04-26T12:24:43.0356119Z"},"nsu=http://opcfoundation.org/UA/Plc/Applications;s=RandomUnsignedInt32":{"Value":1773821061,"SourceTimestamp":"2024-04-26T12:24:43.0355986Z","ServerTimestamp":"2024-04-26T12:24:43.0356011Z"},"nsu=http://opcfoundation.org/UA/Plc/Applications;s=DipData":{"Value":84.432792550201498,"SourceTimestamp":"2024-04-26T12:24:43.0355876Z","ServerTimestamp":"2024-04-26T12:24:43.0355909Z"},"nsu=http://opcfoundation.org/UA/Plc/Applications;s=FastUIntScalar1":{"Value":78,"SourceTimestamp":"2024-04-26T12:24:42.6276458Z","ServerTimestamp":"2024-04-26T12:24:42.6276483Z"}}