{"nsu=http://opcfoundation.org/UA/Plc/Applications;s=StepUp":{"Value":814,"SourceTimestamp":"2024-04-26T12:24:46.0327511Z","ServerTimestamp":"2024-04-26T12:24:46.0327534Z"},"nsu=http://opcfoundation.org/UA/Plc/Applications;s=RandomSignedInt32":{"Value":1627227319,"SourceTimestamp":"2024-04-26T12:24:46.0327638Z","ServerTimestamp":"2024-04-26T12:24:46.0327646Z"},"nsu=http://opcfoundation.org/UA/Plc/Applications;s=RandomUnsignedInt32":{"Value":1463376149,"SourceTimestamp":"2024-04-26T12:24:46.0327664Z","ServerTimestamp":"2024-04-26T12:24:46.0327701Z"},"nsu=http://opcfoundation.org/UA/Plc/Applications;s=DipData":{"Value":-99.80267284282715,"SourceTimestamp":"2024-04-26T12:24:45.9385089Z","ServerTimestamp":"2024-04-26T12:24:45.9385141Z"},"nsu=http://opcfoundation.org/UA/Plc/Applications;s=FastUIntScalar1":{"Value":81,"SourceTimestamp":"2024-04-26T12:24:45.6317328Z","ServerTimestamp":"2024-04-26T12:24:45.6317356Z"}}