{"nsu=http://opcfoundation.org/UA/Plc/Applications;s=StepUp":{"Value":864,"SourceTimestamp":"2024-04-26T12:24:51.0328316Z","ServerTimestamp":"2024-04-26T12:24:51.0328352Z"},"nsu=http://opcfoundation.org/UA/Plc/Applications;s=RandomSignedInt32":{"Value":-799358799,"SourceTimestamp":"2024-04-26T12:24:51.0328539Z","ServerTimestamp":"2024-04-26T12:24:51.0328557Z"},"nsu=http://opcfoundation.org/UA/Plc/Applications;s=RandomUnsignedInt32":{"Value":88036681,"SourceTimestamp":"2024-04-26T12:24:51.0328642Z","ServerTimestamp":"2024-04-26T12:24:51.0328661Z"},"nsu=http://opcfoundation.org/UA/Plc/Applications;s=DipData":{"Value":-99.80267284282715,"SourceTimestamp":"2024-04-26T12:24:50.9390367Z","ServerTimestamp":"2024-04-26T12:24:50.9390596Z"},"nsu=http://opcfoundation.org/UA/Plc/Applications;s=FastUIntScalar1":{"Value":86,"SourceTimestamp":"2024-04-26T12:24:50.6391164Z","ServerTimestamp":"2024-04-26T12:24:50.6391196Z"}}