{"nsu=http://opcfoundation.org/UA/Plc/Applications;s=StepUp":{"Value":94,"SourceTimestamp":"2024-04-26T12:23:34.0351921Z","ServerTimestamp":"2024-04-26T12:23:34.035202Z"},"nsu=http://opcfoundation.org/UA/Plc/Applications;s=RandomSignedInt32":{"Value":2122285024,"SourceTimestamp":"2024-04-26T12:23:34.0352159Z","ServerTimestamp":"2024-04-26T12:23:34.035217Z"},"nsu=http://opcfoundation.org/UA/Plc/Applications;s=RandomUnsignedInt32":{"Value":570051230,"SourceTimestamp":"2024-04-26T12:23:34.0352185Z","ServerTimestamp":"2024-04-26T12:23:34.0352196Z"},"nsu=http://opcfoundation.org/UA/Plc/Applications;s=DipData":{"Value":77.051324277578928,"SourceTimestamp":"2024-04-26T12:23:34.0351894Z","ServerTimestamp":"2024-04-26T12:23:34.0351927Z"},"nsu=http://opcfoundation.org/UA/Plc/Applications;s=FastUIntScalar1":{"Value":9,"SourceTimestamp":"2024-04-26T12:23:33.6349889Z","ServerTimestamp":"2024-04-26T12:23:33.6349912Z"}}