{"nsu=http://opcfoundation.org/UA/Plc/Applications;s=StepUp":{"Value":945,"SourceTimestamp":"2024-04-26T12:24:59.1291981Z","ServerTimestamp":"2024-04-26T12:24:59.1292108Z"},"nsu=http://opcfoundation.org/UA/Plc/Applications;s=RandomSignedInt32":{"Value":638794546,"SourceTimestamp":"2024-04-26T12:24:59.1292221Z","ServerTimestamp":"2024-04-26T12:24:59.1292233Z"},"nsu=http://opcfoundation.org/UA/Plc/Applications;s=RandomUnsignedInt32":{"Value":1928455372,"SourceTimestamp":"2024-04-26T12:24:59.1292232Z","ServerTimestamp":"2024-04-26T12:24:59.1292384Z"},"nsu=http://opcfoundation.org/UA/Plc/Applications;s=DipData":{"Value":68.454710592868878,"SourceTimestamp":"2024-04-26T12:24:59.1291965Z","ServerTimestamp":"2024-04-26T12:24:59.1291998Z"},"nsu=http://opcfoundation.org/UA/Plc/Applications;s=FastUIntScalar1":{"Value":94,"SourceTimestamp":"2024-04-26T12:24:58.6342949Z","ServerTimestamp":"2024-04-26T12:24:58.6343025Z"}}