{"nsu=http://opcfoundation.org/UA/Plc/Applications;s=StepUp":{"Value":965,"SourceTimestamp":"2024-04-26T12:25:01.1336132Z","ServerTimestamp":"2024-04-26T12:25:01.133616Z"},"nsu=http://opcfoundation.org/UA/Plc/Applications;s=RandomSignedInt32":{"Value":1719871363,"SourceTimestamp":"2024-04-26T12:25:01.1336259Z","ServerTimestamp":"2024-04-26T12:25:01.1336266Z"},"nsu=http://opcfoundation.org/UA/Plc/Applications;s=RandomUnsignedInt32":{"Value":971779583,"SourceTimestamp":"2024-04-26T12:25:01.1336296Z","ServerTimestamp":"2024-04-26T12:25:01.133641Z"},"nsu=http://opcfoundation.org/UA/Plc/Applications;s=DipData":{"Value":-98.228725072868869,"SourceTimestamp":"2024-04-26T12:25:01.1336266Z","ServerTimestamp":"2024-04-26T12:25:01.1336354Z"},"nsu=http://opcfoundation.org/UA/Plc/Applications;s=FastUIntScalar1":{"Value":96,"SourceTimestamp":"2024-04-26T12:25:00.6380072Z","ServerTimestamp":"2024-04-26T12:25:00.6380104Z"}}