{"nsu=http://opcfoundation.org/UA/Plc/Applications;s=StepUp":{"Value":975,"SourceTimestamp":"2024-04-26T12:25:02.1331023Z","ServerTimestamp":"2024-04-26T12:25:02.1331065Z"},"nsu=http://opcfoundation.org/UA/Plc/Applications;s=RandomSignedInt32":{"Value":86973736,"SourceTimestamp":"2024-04-26T12:25:02.1331155Z","ServerTimestamp":"2024-04-26T12:25:02.1331302Z"},"nsu=http://opcfoundation.org/UA/Plc/Applications;s=RandomUnsignedInt32":{"Value":297245533,"SourceTimestamp":"2024-04-26T12:25:02.1331225Z","ServerTimestamp":"2024-04-26T12:25:02.1331248Z"},"nsu=http://opcfoundation.org/UA/Plc/Applications;s=DipData":{"Value":-12.533323356430429,"SourceTimestamp":"2024-04-26T12:25:02.1331197Z","ServerTimestamp":"2024-04-26T12:25:02.1331222Z"},"nsu=http://opcfoundation.org/UA/Plc/Applications;s=FastUIntScalar1":{"Value":97,"SourceTimestamp":"2024-04-26T12:25:01.6397636Z","ServerTimestamp":"2024-04-26T12:25:01.6397735Z"}}