{"nsu=http://opcfoundation.org/UA/Plc/Applications;s=StepUp":{"Value":985,"SourceTimestamp":"2024-04-26T12:25:03.1350863Z","ServerTimestamp":"2024-04-26T12:25:03.135089Z"},"nsu=http://opcfoundation.org/UA/Plc/Applications;s=RandomSignedInt32":{"Value":597638882,"SourceTimestamp":"2024-04-26T12:25:03.1351331Z","ServerTimestamp":"2024-04-26T12:25:03.1351339Z"},"nsu=http://opcfoundation.org/UA/Plc/Applications;s=RandomUnsignedInt32":{"Value":2061836639,"SourceTimestamp":"2024-04-26T12:25:03.1351433Z","ServerTimestamp":"2024-04-26T12:25:03.1351466Z"},"nsu=http://opcfoundation.org/UA/Plc/Applications;s=DipData":{"Value":90.482705246601952,"SourceTimestamp":"2024-04-26T12:25:03.1351234Z","ServerTimestamp":"2024-04-26T12:25:03.1351242Z"},"nsu=http://opcfoundation.org/UA/Plc/Applications;s=FastUIntScalar1":{"Value":98,"SourceTimestamp":"2024-04-26T12:25:02.628163Z","ServerTimestamp":"2024-04-26T12:25:02.6281651Z"}}