[{"SequenceNumber":1,"MetaDataVersion":{"MajorVersion":1},"Timestamp":"2024-04-27T15:57:33.026578Z","MessageType":"ua-deltaframe","DataSetWriterName":"<<UnknownDataSet>>","Payload":{"nsu=http://opcfoundation.org/UA/Plc/Applications;s=StepUp":{"Value":{"Type":7,"Body":19},"SourceTimestamp":"2024-04-27T15:57:32.97993Z","ServerTimestamp":"2024-04-27T15:57:32.9799336Z"},"nsu=http://opcfoundation.org/UA/Plc/Applications;s=AlternatingBoolean":{"Value":{"Type":1,"Body":true},"SourceTimestamp":"2024-04-27T15:57:31.9664298Z","ServerTimestamp":"2024-04-27T15:57:31.9944716Z"},"nsu=http://opcfoundation.org/UA/Plc/Applications;s=RandomSignedInt32":{"Value":{"Type":6,"Body":-1336143988},"SourceTimestamp":"2024-04-27T15:57:32.9799398Z","ServerTimestamp":"2024-04-27T15:57:32.9799665Z"},"nsu=http://opcfoundation.org/UA/Plc/Applications;s=RandomUnsignedInt32":{"Value":{"Type":7,"Body":1058629383},"SourceTimestamp":"2024-04-27T15:57:32.9799534Z","ServerTimestamp":"2024-04-27T15:57:32.9799634Z"},"nsu=http://opcfoundation.org/UA/Plc/Applications;s=DipData":{"Value":{"Type":11,"Body":-77.051324277578942},"SourceTimestamp":"2024-04-27T15:57:32.9799846Z","ServerTimestamp":"2024-04-27T15:57:32.9799908Z"},"nsu=http://opcfoundation.org/UA/Plc/Applications;s=FastUIntScalar1":{"Value":{"Type":7,"Body":1},"SourceTimestamp":"2024-04-27T15:57:32.0673706Z","ServerTimestamp":"2024-04-27T15:57:32.0673724Z"},"nsu=http://opcfoundation.org/UA/Plc/Applications;s=FastUIntScalar2":{"Value":{"Type":7,"Body":1},"SourceTimestamp":"2024-04-27T15:57:32.0673793Z","ServerTimestamp":"2024-04-27T15:57:32.0673848Z"},"nsu=http://opcfoundation.org/UA/Plc/Applications;s=FastUIntScalar3":{"Value":{"Type":7,"Body":1},"SourceTimestamp":"2024-04-27T15:57:32.0673857Z","ServerTimestamp":"2024-04-27T15:57:32.067387Z"},"nsu=http://opcfoundation.org/UA/Plc/Applications;s=FastRandomUIntScalar1":{"Value":{"Type":7,"Body":1061109014},"SourceTimestamp":"2024-04-27T15:57:32.0673753Z","ServerTimestamp":"2024-04-27T15:57:32.0673799Z"},"nsu=http://opcfoundation.org/UA/Plc/Applications;s=FastRandomUIntScalar2":{"Value":{"Type":7,"Body":4055061719},"SourceTimestamp":"2024-04-27T15:57:32.0673852Z","ServerTimestamp":"2024-04-27T15:57:32.0673858Z"},"nsu=http://opcfoundation.org/UA/Plc/Applications;s=FastRandomUIntScalar3":{"Value":{"Type":7,"Body":4058581788},"SourceTimestamp":"2024-04-27T15:57:32.0673869Z","ServerTimestamp":"2024-04-27T15:57:32.0673878Z"},"nsu=http://opcfoundation.org/UA/Plc/Applications;s=NegativeTrendData":{"Value":{"Type":11,"Body":100},"SourceTimestamp":"2024-04-27T15:57:31.9664472Z","ServerTimestamp":"2024-04-27T15:57:31.9944846Z"},"nsu=http://opcfoundation.org/UA/Plc/Applications;s=PositiveTrendData":{"Value":{"Type":11,"Body":100},"SourceTimestamp":"2024-04-27T15:57:31.9664429Z","ServerTimestamp":"2024-04-27T15:57:31.9944854Z"},"nsu=http://opcfoundation.org/UA/Plc/Applications;s=SlowUIntScalar1":{"Value":{"Type":7,"Body":0},"SourceTimestamp":"2024-04-27T15:57:31.0649835Z","ServerTimestamp":"2024-04-27T15:57:31.9944862Z"},"nsu=http://opcfoundation.org/UA/Plc/Applications;s=SlowUIntScalar2":{"Value":{"Type":7,"Body":0},"SourceTimestamp":"2024-04-27T15:57:31.0649843Z","ServerTimestamp":"2024-04-27T15:57:31.9944868Z"},"nsu=http://opcfoundation.org/UA/Plc/Applications;s=SlowUIntScalar3":{"Value":{"Type":7,"Body":0},"SourceTimestamp":"2024-04-27T15:57:31.0649889Z","ServerTimestamp":"2024-04-27T15:57:31.9944878Z"},"nsu=http://opcfoundation.org/UA/Plc/Applications;s=BadSlowUIntScalar1":{"Value":{"Type":7,"Body":0},"SourceTimestamp":"2024-04-27T15:57:31.0649907Z","ServerTimestamp":"2024-04-27T15:57:31.9944884Z"},"nsu=http://opcfoundation.org/UA/Plc/Applications;s=SlowRandomUIntScalar1":{"Value":{"Type":7,"Body":0},"SourceTimestamp":"2024-04-27T15:57:31.0649998Z","ServerTimestamp":"2024-04-27T15:57:31.9944905Z"},"nsu=http://opcfoundation.org/UA/Plc/Applications;s=SlowRandomUIntScalar2":{"Value":{"Type":7,"Body":0},"SourceTimestamp":"2024-04-27T15:57:31.0650003Z","ServerTimestamp":"2024-04-27T15:57:31.9944917Z"},"nsu=http://opcfoundation.org/UA/Plc/Applications;s=SlowRandomUIntScalar3":{"Value":{"Type":7,"Body":0},"SourceTimestamp":"2024-04-27T15:57:31.0650008Z","ServerTimestamp":"2024-04-27T15:57:31.9944923Z"},"nsu=http://opcfoundation.org/UA/Plc/Applications;s=BadSlowRandomUIntScalar1":{"Value":{"Type":7,"Body":0},"SourceTimestamp":"2024-04-27T15:57:31.0650024Z","ServerTimestamp":"2024-04-27T15:57:31.9944934Z"},"nsu=http://opcfoundation.org/UA/Plc/Applications;s=SpikeData":{"Value":{"Type":11,"Body":1000},"SourceTimestamp":"2024-04-27T15:57:32.9799852Z","ServerTimestamp":"2024-04-27T15:57:32.9799867Z"}}}]