[{"SequenceNumber":105,"MetaDataVersion":{"MajorVersion":1},"Timestamp":"2024-04-27T15:59:28.9827702Z","MessageType":"ua-deltaframe","DataSetWriterName":"<<UnknownDataSet>>","Payload":{"nsu=http://opcfoundation.org/UA/Plc/Applications;s=StepUp":{"Value":{"Type":7,"Body":1179},"SourceTimestamp":"2024-04-27T15:59:28.9673993Z","ServerTimestamp":"2024-04-27T15:59:28.9674021Z"},"nsu=http://opcfoundation.org/UA/Plc/Applications;s=RandomSignedInt32":{"Value":{"Type":6,"Body":-151735682},"SourceTimestamp":"2024-04-27T15:59:28.9674114Z","ServerTimestamp":"2024-04-27T15:59:28.9674205Z"},"nsu=http://opcfoundation.org/UA/Plc/Applications;s=RandomUnsignedInt32":{"Value":{"Type":7,"Body":2026136712},"SourceTimestamp":"2024-04-27T15:59:28.9674289Z","ServerTimestamp":"2024-04-27T15:59:28.9674322Z"},"nsu=http://opcfoundation.org/UA/Plc/Applications;s=DipData":{"Value":{"Type":11,"Body":36.812455268467772},"SourceTimestamp":"2024-04-27T15:59:28.9674292Z","ServerTimestamp":"2024-04-27T15:59:28.9674301Z"},"nsu=http://opcfoundation.org/UA/Plc/Applications;s=FastUIntScalar1":{"Value":{"Type":7,"Body":117},"SourceTimestamp":"2024-04-27T15:59:28.0655667Z","ServerTimestamp":"2024-04-27T15:59:28.0655689Z"},"nsu=http://opcfoundation.org/UA/Plc/Applications;s=FastUIntScalar2":{"Value":{"Type":7,"Body":117},"SourceTimestamp":"2024-04-27T15:59:28.0655773Z","ServerTimestamp":"2024-04-27T15:59:28.0655852Z"},"nsu=http://opcfoundation.org/UA/Plc/Applications;s=FastUIntScalar3":{"Value":{"Type":7,"Body":117},"SourceTimestamp":"2024-04-27T15:59:28.0655868Z","ServerTimestamp":"2024-04-27T15:59:28.0655884Z"},"nsu=http://opcfoundation.org/UA/Plc/Applications;s=FastRandomUIntScalar1":{"Value":{"Type":7,"Body":1450748227},"SourceTimestamp":"2024-04-27T15:59:28.0655694Z","ServerTimestamp":"2024-04-27T15:59:28.065578Z"},"nsu=http://opcfoundation.org/UA/Plc/Applications;s=FastRandomUIntScalar2":{"Value":{"Type":7,"Body":212630465},"SourceTimestamp":"2024-04-27T15:59:28.0655852Z","ServerTimestamp":"2024-04-27T15:59:28.0655868Z"},"nsu=http://opcfoundation.org/UA/Plc/Applications;s=FastRandomUIntScalar3":{"Value":{"Type":7,"Body":3258214701},"SourceTimestamp":"2024-04-27T15:59:28.0655881Z","ServerTimestamp":"2024-04-27T15:59:28.0655898Z"},"nsu=http://opcfoundation.org/UA/Plc/Applications;s=SpikeData":{"Value":{"Type":11,"Body":36.812455268467772},"SourceTimestamp":"2024-04-27T15:59:28.9674333Z","ServerTimestamp":"2024-04-27T15:59:28.9674407Z"}}}]