[{"SequenceNumber":11,"MetaDataVersion":{"MajorVersion":1},"Timestamp":"2024-04-27T15:57:44.0269257Z","MessageType":"ua-deltaframe","DataSetWriterName":"<<UnknownDataSet>>","Payload":{"nsu=http://opcfoundation.org/UA/Plc/Applications;s=StepUp":{"Value":{"Type":7,"Body":129},"SourceTimestamp":"2024-04-27T15:57:43.9786878Z","ServerTimestamp":"2024-04-27T15:57:43.9786907Z"},"nsu=http://opcfoundation.org/UA/Plc/Applications;s=RandomSignedInt32":{"Value":{"Type":6,"Body":253548444},"SourceTimestamp":"2024-04-27T15:57:43.9786948Z","ServerTimestamp":"2024-04-27T15:57:43.9787424Z"},"nsu=http://opcfoundation.org/UA/Plc/Applications;s=RandomUnsignedInt32":{"Value":{"Type":7,"Body":989298352},"SourceTimestamp":"2024-04-27T15:57:43.9787113Z","ServerTimestamp":"2024-04-27T15:57:43.9787179Z"},"nsu=http://opcfoundation.org/UA/Plc/Applications;s=DipData":{"Value":{"Type":11,"Body":36.812455268467772},"SourceTimestamp":"2024-04-27T15:57:43.9787209Z","ServerTimestamp":"2024-04-27T15:57:43.9787305Z"},"nsu=http://opcfoundation.org/UA/Plc/Applications;s=FastUIntScalar1":{"Value":{"Type":7,"Body":12},"SourceTimestamp":"2024-04-27T15:57:43.0788633Z","ServerTimestamp":"2024-04-27T15:57:43.0788939Z"},"nsu=http://opcfoundation.org/UA/Plc/Applications;s=FastUIntScalar2":{"Value":{"Type":7,"Body":12},"SourceTimestamp":"2024-04-27T15:57:43.0789078Z","ServerTimestamp":"2024-04-27T15:57:43.078916Z"},"nsu=http://opcfoundation.org/UA/Plc/Applications;s=FastUIntScalar3":{"Value":{"Type":7,"Body":12},"SourceTimestamp":"2024-04-27T15:57:43.0789189Z","ServerTimestamp":"2024-04-27T15:57:43.0789226Z"},"nsu=http://opcfoundation.org/UA/Plc/Applications;s=FastRandomUIntScalar1":{"Value":{"Type":7,"Body":3810953896},"SourceTimestamp":"2024-04-27T15:57:43.0788591Z","ServerTimestamp":"2024-04-27T15:57:43.0788625Z"},"nsu=http://opcfoundation.org/UA/Plc/Applications;s=FastRandomUIntScalar2":{"Value":{"Type":7,"Body":2946970446},"SourceTimestamp":"2024-04-27T15:57:43.078875Z","ServerTimestamp":"2024-04-27T15:57:43.0788759Z"},"nsu=http://opcfoundation.org/UA/Plc/Applications;s=FastRandomUIntScalar3":{"Value":{"Type":7,"Body":94754671},"SourceTimestamp":"2024-04-27T15:57:43.0788773Z","ServerTimestamp":"2024-04-27T15:57:43.0788781Z"},"nsu=http://opcfoundation.org/UA/Plc/Applications;s=SpikeData":{"Value":{"Type":11,"Body":36.812455268467772},"SourceTimestamp":"2024-04-27T15:57:43.9787349Z","ServerTimestamp":"2024-04-27T15:57:43.9787357Z"}}}]