[{"SequenceNumber":13,"MetaDataVersion":{"MajorVersion":1},"Timestamp":"2024-04-27T15:57:46.0071647Z","MessageType":"ua-deltaframe","DataSetWriterName":"<<UnknownDataSet>>","Payload":{"nsu=http://opcfoundation.org/UA/Plc/Applications;s=StepUp":{"Value":{"Type":7,"Body":149},"SourceTimestamp":"2024-04-27T15:57:45.9764364Z","ServerTimestamp":"2024-04-27T15:57:45.9764464Z"},"nsu=http://opcfoundation.org/UA/Plc/Applications;s=RandomSignedInt32":{"Value":{"Type":6,"Body":-760858677},"SourceTimestamp":"2024-04-27T15:57:45.9764565Z","ServerTimestamp":"2024-04-27T15:57:45.9764588Z"},"nsu=http://opcfoundation.org/UA/Plc/Applications;s=RandomUnsignedInt32":{"Value":{"Type":7,"Body":294913744},"SourceTimestamp":"2024-04-27T15:57:45.9764676Z","ServerTimestamp":"2024-04-27T15:57:45.9764732Z"},"nsu=http://opcfoundation.org/UA/Plc/Applications;s=DipData":{"Value":{"Type":11,"Body":24.868988716485479},"SourceTimestamp":"2024-04-27T15:57:45.9764681Z","ServerTimestamp":"2024-04-27T15:57:45.9764711Z"},"nsu=http://opcfoundation.org/UA/Plc/Applications;s=FastUIntScalar1":{"Value":{"Type":7,"Body":14},"SourceTimestamp":"2024-04-27T15:57:45.0802323Z","ServerTimestamp":"2024-04-27T15:57:45.0802361Z"},"nsu=http://opcfoundation.org/UA/Plc/Applications;s=FastUIntScalar2":{"Value":{"Type":7,"Body":14},"SourceTimestamp":"2024-04-27T15:57:45.0802506Z","ServerTimestamp":"2024-04-27T15:57:45.0802516Z"},"nsu=http://opcfoundation.org/UA/Plc/Applications;s=FastUIntScalar3":{"Value":{"Type":7,"Body":14},"SourceTimestamp":"2024-04-27T15:57:45.0802539Z","ServerTimestamp":"2024-04-27T15:57:45.080255Z"},"nsu=http://opcfoundation.org/UA/Plc/Applications;s=FastRandomUIntScalar1":{"Value":{"Type":7,"Body":1259309480},"SourceTimestamp":"2024-04-27T15:57:45.0802547Z","ServerTimestamp":"2024-04-27T15:57:45.0802578Z"},"nsu=http://opcfoundation.org/UA/Plc/Applications;s=FastRandomUIntScalar2":{"Value":{"Type":7,"Body":569354646},"SourceTimestamp":"2024-04-27T15:57:45.0802712Z","ServerTimestamp":"2024-04-27T15:57:45.0802723Z"},"nsu=http://opcfoundation.org/UA/Plc/Applications;s=FastRandomUIntScalar3":{"Value":{"Type":7,"Body":3315988668},"SourceTimestamp":"2024-04-27T15:57:45.0802745Z","ServerTimestamp":"2024-04-27T15:57:45.0802756Z"},"nsu=http://opcfoundation.org/UA/Plc/Applications;s=SpikeData":{"Value":{"Type":11,"Body":24.868988716485479},"SourceTimestamp":"2024-04-27T15:57:45.9764761Z","ServerTimestamp":"2024-04-27T15:57:45.976478Z"}}}]