[{"SequenceNumber":15,"MetaDataVersion":{"MajorVersion":1},"Timestamp":"2024-04-27T15:57:49.03848Z","MessageType":"ua-deltaframe","DataSetWriterName":"<<UnknownDataSet>>","Payload":{"nsu=http://opcfoundation.org/UA/Plc/Applications;s=StepUp":{"Value":{"Type":7,"Body":179},"SourceTimestamp":"2024-04-27T15:57:48.9761438Z","ServerTimestamp":"2024-04-27T15:57:48.976147Z"},"nsu=http://opcfoundation.org/UA/Plc/Applications;s=RandomSignedInt32":{"Value":{"Type":6,"Body":-1742114728},"SourceTimestamp":"2024-04-27T15:57:48.9761621Z","ServerTimestamp":"2024-04-27T15:57:48.9761633Z"},"nsu=http://opcfoundation.org/UA/Plc/Applications;s=RandomUnsignedInt32":{"Value":{"Type":7,"Body":978576058},"SourceTimestamp":"2024-04-27T15:57:48.9761677Z","ServerTimestamp":"2024-04-27T15:57:48.9761759Z"},"nsu=http://opcfoundation.org/UA/Plc/Applications;s=DipData":{"Value":{"Type":11,"Body":36.812455268467772},"SourceTimestamp":"2024-04-27T15:57:48.9761875Z","ServerTimestamp":"2024-04-27T15:57:48.9761891Z"},"nsu=http://opcfoundation.org/UA/Plc/Applications;s=FastUIntScalar1":{"Value":{"Type":7,"Body":17},"SourceTimestamp":"2024-04-27T15:57:48.0776622Z","ServerTimestamp":"2024-04-27T15:57:48.0776671Z"},"nsu=http://opcfoundation.org/UA/Plc/Applications;s=FastUIntScalar2":{"Value":{"Type":7,"Body":17},"SourceTimestamp":"2024-04-27T15:57:48.0776812Z","ServerTimestamp":"2024-04-27T15:57:48.0776955Z"},"nsu=http://opcfoundation.org/UA/Plc/Applications;s=FastUIntScalar3":{"Value":{"Type":7,"Body":17},"SourceTimestamp":"2024-04-27T15:57:48.0776988Z","ServerTimestamp":"2024-04-27T15:57:48.0777023Z"},"nsu=http://opcfoundation.org/UA/Plc/Applications;s=FastRandomUIntScalar1":{"Value":{"Type":7,"Body":3026176473},"SourceTimestamp":"2024-04-27T15:57:48.0776667Z","ServerTimestamp":"2024-04-27T15:57:48.0776826Z"},"nsu=http://opcfoundation.org/UA/Plc/Applications;s=FastRandomUIntScalar2":{"Value":{"Type":7,"Body":116797858},"SourceTimestamp":"2024-04-27T15:57:48.0776957Z","ServerTimestamp":"2024-04-27T15:57:48.0776995Z"},"nsu=http://opcfoundation.org/UA/Plc/Applications;s=FastRandomUIntScalar3":{"Value":{"Type":7,"Body":1755446054},"SourceTimestamp":"2024-04-27T15:57:48.0777018Z","ServerTimestamp":"2024-04-27T15:57:48.0777054Z"},"nsu=http://opcfoundation.org/UA/Plc/Applications;s=SpikeData":{"Value":{"Type":11,"Body":36.812455268467772},"SourceTimestamp":"2024-04-27T15:57:48.9761921Z","ServerTimestamp":"2024-04-27T15:57:48.9761933Z"}}}]