[{"SequenceNumber":16,"MetaDataVersion":{"MajorVersion":1},"Timestamp":"2024-04-27T15:57:50.0298552Z","MessageType":"ua-deltaframe","DataSetWriterName":"<<UnknownDataSet>>","Payload":{"nsu=http://opcfoundation.org/UA/Plc/Applications;s=StepUp":{"Value":{"Type":7,"Body":189},"SourceTimestamp":"2024-04-27T15:57:49.9671416Z","ServerTimestamp":"2024-04-27T15:57:49.9671601Z"},"nsu=http://opcfoundation.org/UA/Plc/Applications;s=RandomSignedInt32":{"Value":{"Type":6,"Body":1949772717},"SourceTimestamp":"2024-04-27T15:57:49.9671835Z","ServerTimestamp":"2024-04-27T15:57:49.967188Z"},"nsu=http://opcfoundation.org/UA/Plc/Applications;s=RandomUnsignedInt32":{"Value":{"Type":7,"Body":743864221},"SourceTimestamp":"2024-04-27T15:57:49.9671731Z","ServerTimestamp":"2024-04-27T15:57:49.9671744Z"},"nsu=http://opcfoundation.org/UA/Plc/Applications;s=DipData":{"Value":{"Type":11,"Body":99.80267284282715},"SourceTimestamp":"2024-04-27T15:57:49.8736289Z","ServerTimestamp":"2024-04-27T15:57:49.8736369Z"},"nsu=http://opcfoundation.org/UA/Plc/Applications;s=FastUIntScalar1":{"Value":{"Type":7,"Body":18},"SourceTimestamp":"2024-04-27T15:57:49.0690386Z","ServerTimestamp":"2024-04-27T15:57:49.0690449Z"},"nsu=http://opcfoundation.org/UA/Plc/Applications;s=FastUIntScalar2":{"Value":{"Type":7,"Body":18},"SourceTimestamp":"2024-04-27T15:57:49.0690803Z","ServerTimestamp":"2024-04-27T15:57:49.069081Z"},"nsu=http://opcfoundation.org/UA/Plc/Applications;s=FastUIntScalar3":{"Value":{"Type":7,"Body":18},"SourceTimestamp":"2024-04-27T15:57:49.0691021Z","ServerTimestamp":"2024-04-27T15:57:49.0691049Z"},"nsu=http://opcfoundation.org/UA/Plc/Applications;s=FastRandomUIntScalar1":{"Value":{"Type":7,"Body":936448945},"SourceTimestamp":"2024-04-27T15:57:49.0690234Z","ServerTimestamp":"2024-04-27T15:57:49.0690274Z"},"nsu=http://opcfoundation.org/UA/Plc/Applications;s=FastRandomUIntScalar2":{"Value":{"Type":7,"Body":940515216},"SourceTimestamp":"2024-04-27T15:57:49.0690401Z","ServerTimestamp":"2024-04-27T15:57:49.0690414Z"},"nsu=http://opcfoundation.org/UA/Plc/Applications;s=FastRandomUIntScalar3":{"Value":{"Type":7,"Body":2877601320},"SourceTimestamp":"2024-04-27T15:57:49.0690435Z","ServerTimestamp":"2024-04-27T15:57:49.0690798Z"},"nsu=http://opcfoundation.org/UA/Plc/Applications;s=SpikeData":{"Value":{"Type":11,"Body":99.80267284282715},"SourceTimestamp":"2024-04-27T15:57:49.8736466Z","ServerTimestamp":"2024-04-27T15:57:49.8737412Z"}}}]