[{"SequenceNumber":21,"MetaDataVersion":{"MajorVersion":1},"Timestamp":"2024-04-27T15:57:56.0222398Z","MessageType":"ua-deltaframe","DataSetWriterName":"<<UnknownDataSet>>","Payload":{"nsu=http://opcfoundation.org/UA/Plc/Applications;s=StepUp":{"Value":{"Type":7,"Body":249},"SourceTimestamp":"2024-04-27T15:57:55.9754029Z","ServerTimestamp":"2024-04-27T15:57:55.9754066Z"},"nsu=http://opcfoundation.org/UA/Plc/Applications;s=RandomSignedInt32":{"Value":{"Type":6,"Body":537504540},"SourceTimestamp":"2024-04-27T15:57:55.9754422Z","ServerTimestamp":"2024-04-27T15:57:55.9754463Z"},"nsu=http://opcfoundation.org/UA/Plc/Applications;s=RandomUnsignedInt32":{"Value":{"Type":7,"Body":1462146113},"SourceTimestamp":"2024-04-27T15:57:55.9754328Z","ServerTimestamp":"2024-04-27T15:57:55.9754338Z"},"nsu=http://opcfoundation.org/UA/Plc/Applications;s=DipData":{"Value":{"Type":11,"Body":24.868988716485479},"SourceTimestamp":"2024-04-27T15:57:55.9754469Z","ServerTimestamp":"2024-04-27T15:57:55.9754674Z"},"nsu=http://opcfoundation.org/UA/Plc/Applications;s=FastUIntScalar1":{"Value":{"Type":7,"Body":24},"SourceTimestamp":"2024-04-27T15:57:55.0666629Z","ServerTimestamp":"2024-04-27T15:57:55.0666659Z"},"nsu=http://opcfoundation.org/UA/Plc/Applications;s=FastUIntScalar2":{"Value":{"Type":7,"Body":24},"SourceTimestamp":"2024-04-27T15:57:55.0666782Z","ServerTimestamp":"2024-04-27T15:57:55.0666842Z"},"nsu=http://opcfoundation.org/UA/Plc/Applications;s=FastUIntScalar3":{"Value":{"Type":7,"Body":24},"SourceTimestamp":"2024-04-27T15:57:55.0666864Z","ServerTimestamp":"2024-04-27T15:57:55.0666888Z"},"nsu=http://opcfoundation.org/UA/Plc/Applications;s=FastRandomUIntScalar1":{"Value":{"Type":7,"Body":2250421165},"SourceTimestamp":"2024-04-27T15:57:55.0666644Z","ServerTimestamp":"2024-04-27T15:57:55.0666793Z"},"nsu=http://opcfoundation.org/UA/Plc/Applications;s=FastRandomUIntScalar2":{"Value":{"Type":7,"Body":2908742147},"SourceTimestamp":"2024-04-27T15:57:55.0666842Z","ServerTimestamp":"2024-04-27T15:57:55.0666867Z"},"nsu=http://opcfoundation.org/UA/Plc/Applications;s=FastRandomUIntScalar3":{"Value":{"Type":7,"Body":1031081486},"SourceTimestamp":"2024-04-27T15:57:55.0666888Z","ServerTimestamp":"2024-04-27T15:57:55.066692Z"},"nsu=http://opcfoundation.org/UA/Plc/Applications;s=SpikeData":{"Value":{"Type":11,"Body":24.868988716485479},"SourceTimestamp":"2024-04-27T15:57:55.9754709Z","ServerTimestamp":"2024-04-27T15:57:55.9754714Z"}}}]