[{"SequenceNumber":26,"MetaDataVersion":{"MajorVersion":1},"Timestamp":"2024-04-27T15:58:02.0193916Z","MessageType":"ua-deltaframe","DataSetWriterName":"<<UnknownDataSet>>","Payload":{"nsu=http://opcfoundation.org/UA/Plc/Applications;s=StepUp":{"Value":{"Type":7,"Body":309},"SourceTimestamp":"2024-04-27T15:58:01.9709794Z","ServerTimestamp":"2024-04-27T15:58:01.970983Z"},"nsu=http://opcfoundation.org/UA/Plc/Applications;s=AlternatingBoolean":{"Value":{"Type":1,"Body":true},"SourceTimestamp":"2024-04-27T15:58:01.1669945Z","ServerTimestamp":"2024-04-27T15:58:01.1669981Z"},"nsu=http://opcfoundation.org/UA/Plc/Applications;s=RandomSignedInt32":{"Value":{"Type":6,"Body":26114676},"SourceTimestamp":"2024-04-27T15:58:01.971045Z","ServerTimestamp":"2024-04-27T15:58:01.9710473Z"},"nsu=http://opcfoundation.org/UA/Plc/Applications;s=RandomUnsignedInt32":{"Value":{"Type":7,"Body":623798032},"SourceTimestamp":"2024-04-27T15:58:01.9710151Z","ServerTimestamp":"2024-04-27T15:58:01.9710161Z"},"nsu=http://opcfoundation.org/UA/Plc/Applications;s=DipData":{"Value":{"Type":11,"Body":-84.432792550201498},"SourceTimestamp":"2024-04-27T15:58:01.9710286Z","ServerTimestamp":"2024-04-27T15:58:01.9710356Z"},"nsu=http://opcfoundation.org/UA/Plc/Applications;s=FastUIntScalar1":{"Value":{"Type":7,"Body":30},"SourceTimestamp":"2024-04-27T15:58:01.0733821Z","ServerTimestamp":"2024-04-27T15:58:01.0733828Z"},"nsu=http://opcfoundation.org/UA/Plc/Applications;s=FastUIntScalar2":{"Value":{"Type":7,"Body":30},"SourceTimestamp":"2024-04-27T15:58:01.0733836Z","ServerTimestamp":"2024-04-27T15:58:01.073384Z"},"nsu=http://opcfoundation.org/UA/Plc/Applications;s=FastUIntScalar3":{"Value":{"Type":7,"Body":30},"SourceTimestamp":"2024-04-27T15:58:01.0733845Z","ServerTimestamp":"2024-04-27T15:58:01.073385Z"},"nsu=http://opcfoundation.org/UA/Plc/Applications;s=FastRandomUIntScalar1":{"Value":{"Type":7,"Body":737267873},"SourceTimestamp":"2024-04-27T15:58:01.0733852Z","ServerTimestamp":"2024-04-27T15:58:01.0733864Z"},"nsu=http://opcfoundation.org/UA/Plc/Applications;s=FastRandomUIntScalar2":{"Value":{"Type":7,"Body":2266350075},"SourceTimestamp":"2024-04-27T15:58:01.0733921Z","ServerTimestamp":"2024-04-27T15:58:01.0733928Z"},"nsu=http://opcfoundation.org/UA/Plc/Applications;s=FastRandomUIntScalar3":{"Value":{"Type":7,"Body":2423239046},"SourceTimestamp":"2024-04-27T15:58:01.0733952Z","ServerTimestamp":"2024-04-27T15:58:01.0733959Z"},"nsu=http://opcfoundation.org/UA/Plc/Applications;s=NegativeTrendData":{"Value":{"Type":11,"Body":99.799999999999997},"SourceTimestamp":"2024-04-27T15:58:01.1670292Z","ServerTimestamp":"2024-04-27T15:58:01.1670393Z"},"nsu=http://opcfoundation.org/UA/Plc/Applications;s=PositiveTrendData":{"Value":{"Type":11,"Body":100.2},"SourceTimestamp":"2024-04-27T15:58:01.1670521Z","ServerTimestamp":"2024-04-27T15:58:01.1670554Z"},"nsu=http://opcfoundation.org/UA/Plc/Applications;s=SlowUIntScalar1":{"Value":{"Type":7,"Body":3},"SourceTimestamp":"2024-04-27T15:58:01.0733441Z","ServerTimestamp":"2024-04-27T15:58:01.0733466Z"},"nsu=http://opcfoundation.org/UA/Plc/Applications;s=SlowUIntScalar2":{"Value":{"Type":7,"Body":3},"SourceTimestamp":"2024-04-27T15:58:01.0733561Z","ServerTimestamp":"2024-04-27T15:58:01.0733569Z"},"nsu=http://opcfoundation.org/UA/Plc/Applications;s=SlowUIntScalar3":{"Value":{"Type":7,"Body":3},"SourceTimestamp":"2024-04-27T15:58:01.0733582Z","ServerTimestamp":"2024-04-27T15:58:01.0733587Z"},"nsu=http://opcfoundation.org/UA/Plc/Applications;s=BadSlowUIntScalar1":{"Value":{"Type":7,"Body":3},"SourceTimestamp":"2024-04-27T15:58:01.0733596Z","ServerTimestamp":"2024-04-27T15:58:01.07336Z"},"nsu=http://opcfoundation.org/UA/Plc/Applications;s=SlowRandomUIntScalar1":{"Value":{"Type":7,"Body":2940859923},"SourceTimestamp":"2024-04-27T15:58:01.0733703Z","ServerTimestamp":"2024-04-27T15:58:01.073371Z"},"nsu=http://opcfoundation.org/UA/Plc/Applications;s=SlowRandomUIntScalar2":{"Value":{"Type":7,"Body":1590507669},"SourceTimestamp":"2024-04-27T15:58:01.0733719Z","ServerTimestamp":"2024-04-27T15:58:01.0733724Z"},"nsu=http://opcfoundation.org/UA/Plc/Applications;s=SlowRandomUIntScalar3":{"Value":{"Type":7,"Body":802475744},"SourceTimestamp":"2024-04-27T15:58:01.0733733Z","ServerTimestamp":"2024-04-27T15:58:01.0733736Z"},"nsu=http://opcfoundation.org/UA/Plc/Applications;s=BadSlowRandomUIntScalar1":{"Value":{"Type":7,"Body":257258865},"SourceTimestamp":"2024-04-27T15:58:01.0733743Z","ServerTimestamp":"2024-04-27T15:58:01.0733745Z"},"nsu=http://opcfoundation.org/UA/Plc/Applications;s=SpikeData":{"Value":{"Type":11,"Body":-84.432792550201498},"SourceTimestamp":"2024-04-27T15:58:01.971047Z","ServerTimestamp":"2024-04-27T15:58:01.971061Z"}}}]