[{"SequenceNumber":27,"MetaDataVersion":{"MajorVersion":1},"Timestamp":"2024-04-27T15:58:03.0034234Z","MessageType":"ua-deltaframe","DataSetWriterName":"<<UnknownDataSet>>","Payload":{"nsu=http://opcfoundation.org/UA/Plc/Applications;s=StepUp":{"Value":{"Type":7,"Body":319},"SourceTimestamp":"2024-04-27T15:58:02.9732549Z","ServerTimestamp":"2024-04-27T15:58:02.9732581Z"},"nsu=http://opcfoundation.org/UA/Plc/Applications;s=RandomSignedInt32":{"Value":{"Type":6,"Body":-255888431},"SourceTimestamp":"2024-04-27T15:58:02.9732725Z","ServerTimestamp":"2024-04-27T15:58:02.9732744Z"},"nsu=http://opcfoundation.org/UA/Plc/Applications;s=RandomUnsignedInt32":{"Value":{"Type":7,"Body":371101929},"SourceTimestamp":"2024-04-27T15:58:02.9732723Z","ServerTimestamp":"2024-04-27T15:58:02.9732732Z"},"nsu=http://opcfoundation.org/UA/Plc/Applications;s=DipData":{"Value":{"Type":11,"Body":-77.051324277578942},"SourceTimestamp":"2024-04-27T15:58:02.9732835Z","ServerTimestamp":"2024-04-27T15:58:02.9732864Z"},"nsu=http://opcfoundation.org/UA/Plc/Applications;s=FastUIntScalar1":{"Value":{"Type":7,"Body":31},"SourceTimestamp":"2024-04-27T15:58:02.0791755Z","ServerTimestamp":"2024-04-27T15:58:02.079178Z"},"nsu=http://opcfoundation.org/UA/Plc/Applications;s=FastUIntScalar2":{"Value":{"Type":7,"Body":31},"SourceTimestamp":"2024-04-27T15:58:02.0792059Z","ServerTimestamp":"2024-04-27T15:58:02.0792069Z"},"nsu=http://opcfoundation.org/UA/Plc/Applications;s=FastUIntScalar3":{"Value":{"Type":7,"Body":31},"SourceTimestamp":"2024-04-27T15:58:02.0792084Z","ServerTimestamp":"2024-04-27T15:58:02.0792093Z"},"nsu=http://opcfoundation.org/UA/Plc/Applications;s=FastRandomUIntScalar1":{"Value":{"Type":7,"Body":2927111872},"SourceTimestamp":"2024-04-27T15:58:02.0791797Z","ServerTimestamp":"2024-04-27T15:58:02.0792116Z"},"nsu=http://opcfoundation.org/UA/Plc/Applications;s=FastRandomUIntScalar2":{"Value":{"Type":7,"Body":881816322},"SourceTimestamp":"2024-04-27T15:58:02.0792203Z","ServerTimestamp":"2024-04-27T15:58:02.0792285Z"},"nsu=http://opcfoundation.org/UA/Plc/Applications;s=FastRandomUIntScalar3":{"Value":{"Type":7,"Body":3024214398},"SourceTimestamp":"2024-04-27T15:58:02.0792327Z","ServerTimestamp":"2024-04-27T15:58:02.079237Z"},"nsu=http://opcfoundation.org/UA/Plc/Applications;s=SpikeData":{"Value":{"Type":11,"Body":-77.051324277578942},"SourceTimestamp":"2024-04-27T15:58:02.9732922Z","ServerTimestamp":"2024-04-27T15:58:02.9732929Z"}}}]