[{"SequenceNumber":30,"MetaDataVersion":{"MajorVersion":1},"Timestamp":"2024-04-27T15:58:07.0189039Z","MessageType":"ua-deltaframe","DataSetWriterName":"<<UnknownDataSet>>","Payload":{"nsu=http://opcfoundation.org/UA/Plc/Applications;s=StepUp":{"Value":{"Type":7,"Body":359},"SourceTimestamp":"2024-04-27T15:58:06.9724115Z","ServerTimestamp":"2024-04-27T15:58:06.9724152Z"},"nsu=http://opcfoundation.org/UA/Plc/Applications;s=AlternatingBoolean":{"Value":{"Type":1,"Body":false},"SourceTimestamp":"2024-04-27T15:58:06.1654223Z","ServerTimestamp":"2024-04-27T15:58:06.1654274Z"},"nsu=http://opcfoundation.org/UA/Plc/Applications;s=RandomSignedInt32":{"Value":{"Type":6,"Body":-1912062265},"SourceTimestamp":"2024-04-27T15:58:06.9724327Z","ServerTimestamp":"2024-04-27T15:58:06.9724524Z"},"nsu=http://opcfoundation.org/UA/Plc/Applications;s=RandomUnsignedInt32":{"Value":{"Type":7,"Body":2031197229},"SourceTimestamp":"2024-04-27T15:58:06.9724617Z","ServerTimestamp":"2024-04-27T15:58:06.9724633Z"},"nsu=http://opcfoundation.org/UA/Plc/Applications;s=DipData":{"Value":{"Type":11,"Body":-84.432792550201498},"SourceTimestamp":"2024-04-27T15:58:06.9724607Z","ServerTimestamp":"2024-04-27T15:58:06.9724614Z"},"nsu=http://opcfoundation.org/UA/Plc/Applications;s=FastUIntScalar1":{"Value":{"Type":7,"Body":35},"SourceTimestamp":"2024-04-27T15:58:06.0728929Z","ServerTimestamp":"2024-04-27T15:58:06.0728959Z"},"nsu=http://opcfoundation.org/UA/Plc/Applications;s=FastUIntScalar2":{"Value":{"Type":7,"Body":35},"SourceTimestamp":"2024-04-27T15:58:06.0729093Z","ServerTimestamp":"2024-04-27T15:58:06.0729149Z"},"nsu=http://opcfoundation.org/UA/Plc/Applications;s=FastUIntScalar3":{"Value":{"Type":7,"Body":35},"SourceTimestamp":"2024-04-27T15:58:06.0729173Z","ServerTimestamp":"2024-04-27T15:58:06.0729209Z"},"nsu=http://opcfoundation.org/UA/Plc/Applications;s=FastRandomUIntScalar1":{"Value":{"Type":7,"Body":3462171878},"SourceTimestamp":"2024-04-27T15:58:06.072903Z","ServerTimestamp":"2024-04-27T15:58:06.0729096Z"},"nsu=http://opcfoundation.org/UA/Plc/Applications;s=FastRandomUIntScalar2":{"Value":{"Type":7,"Body":751488242},"SourceTimestamp":"2024-04-27T15:58:06.0729145Z","ServerTimestamp":"2024-04-27T15:58:06.072918Z"},"nsu=http://opcfoundation.org/UA/Plc/Applications;s=FastRandomUIntScalar3":{"Value":{"Type":7,"Body":3973918802},"SourceTimestamp":"2024-04-27T15:58:06.0729204Z","ServerTimestamp":"2024-04-27T15:58:06.0729236Z"},"nsu=http://opcfoundation.org/UA/Plc/Applications;s=NegativeTrendData":{"Value":{"Type":11,"Body":99.700000000000003},"SourceTimestamp":"2024-04-27T15:58:06.165439Z","ServerTimestamp":"2024-04-27T15:58:06.1654414Z"},"nsu=http://opcfoundation.org/UA/Plc/Applications;s=PositiveTrendData":{"Value":{"Type":11,"Body":100.3},"SourceTimestamp":"2024-04-27T15:58:06.1654494Z","ServerTimestamp":"2024-04-27T15:58:06.1654504Z"},"nsu=http://opcfoundation.org/UA/Plc/Applications;s=SpikeData":{"Value":{"Type":11,"Body":-84.432792550201498},"SourceTimestamp":"2024-04-27T15:58:06.9724856Z","ServerTimestamp":"2024-04-27T15:58:06.972487Z"}}}]