[{"SequenceNumber":32,"MetaDataVersion":{"MajorVersion":1},"Timestamp":"2024-04-27T15:58:09.0014875Z","MessageType":"ua-deltaframe","DataSetWriterName":"<<UnknownDataSet>>","Payload":{"nsu=http://opcfoundation.org/UA/Plc/Applications;s=StepUp":{"Value":{"Type":7,"Body":379},"SourceTimestamp":"2024-04-27T15:58:08.96949Z","ServerTimestamp":"2024-04-27T15:58:08.9694928Z"},"nsu=http://opcfoundation.org/UA/Plc/Applications;s=RandomSignedInt32":{"Value":{"Type":6,"Body":-1965008702},"SourceTimestamp":"2024-04-27T15:58:08.9694934Z","ServerTimestamp":"2024-04-27T15:58:08.9695026Z"},"nsu=http://opcfoundation.org/UA/Plc/Applications;s=RandomUnsignedInt32":{"Value":{"Type":7,"Body":521089789},"SourceTimestamp":"2024-04-27T15:58:08.969513Z","ServerTimestamp":"2024-04-27T15:58:08.9695144Z"},"nsu=http://opcfoundation.org/UA/Plc/Applications;s=DipData":{"Value":{"Type":11,"Body":36.812455268467772},"SourceTimestamp":"2024-04-27T15:58:08.969511Z","ServerTimestamp":"2024-04-27T15:58:08.9695122Z"},"nsu=http://opcfoundation.org/UA/Plc/Applications;s=FastUIntScalar1":{"Value":{"Type":7,"Body":37},"SourceTimestamp":"2024-04-27T15:58:08.0746548Z","ServerTimestamp":"2024-04-27T15:58:08.0746574Z"},"nsu=http://opcfoundation.org/UA/Plc/Applications;s=FastUIntScalar2":{"Value":{"Type":7,"Body":37},"SourceTimestamp":"2024-04-27T15:58:08.0746668Z","ServerTimestamp":"2024-04-27T15:58:08.0746673Z"},"nsu=http://opcfoundation.org/UA/Plc/Applications;s=FastUIntScalar3":{"Value":{"Type":7,"Body":37},"SourceTimestamp":"2024-04-27T15:58:08.0746687Z","ServerTimestamp":"2024-04-27T15:58:08.0746761Z"},"nsu=http://opcfoundation.org/UA/Plc/Applications;s=FastRandomUIntScalar1":{"Value":{"Type":7,"Body":3550953931},"SourceTimestamp":"2024-04-27T15:58:08.0746675Z","ServerTimestamp":"2024-04-27T15:58:08.0746695Z"},"nsu=http://opcfoundation.org/UA/Plc/Applications;s=FastRandomUIntScalar2":{"Value":{"Type":7,"Body":2002198481},"SourceTimestamp":"2024-04-27T15:58:08.074676Z","ServerTimestamp":"2024-04-27T15:58:08.0746777Z"},"nsu=http://opcfoundation.org/UA/Plc/Applications;s=FastRandomUIntScalar3":{"Value":{"Type":7,"Body":779498517},"SourceTimestamp":"2024-04-27T15:58:08.0746788Z","ServerTimestamp":"2024-04-27T15:58:08.0747172Z"},"nsu=http://opcfoundation.org/UA/Plc/Applications;s=SpikeData":{"Value":{"Type":11,"Body":36.812455268467772},"SourceTimestamp":"2024-04-27T15:58:08.9695242Z","ServerTimestamp":"2024-04-27T15:58:08.9695248Z"}}}]