[{"SequenceNumber":36,"MetaDataVersion":{"MajorVersion":1},"Timestamp":"2024-04-27T15:58:14.0169931Z","MessageType":"ua-deltaframe","DataSetWriterName":"<<UnknownDataSet>>","Payload":{"nsu=http://opcfoundation.org/UA/Plc/Applications;s=StepUp":{"Value":{"Type":7,"Body":429},"SourceTimestamp":"2024-04-27T15:58:13.9705541Z","ServerTimestamp":"2024-04-27T15:58:13.9705568Z"},"nsu=http://opcfoundation.org/UA/Plc/Applications;s=RandomSignedInt32":{"Value":{"Type":6,"Body":37609411},"SourceTimestamp":"2024-04-27T15:58:13.9705711Z","ServerTimestamp":"2024-04-27T15:58:13.970575Z"},"nsu=http://opcfoundation.org/UA/Plc/Applications;s=RandomUnsignedInt32":{"Value":{"Type":7,"Body":806623820},"SourceTimestamp":"2024-04-27T15:58:13.9705745Z","ServerTimestamp":"2024-04-27T15:58:13.970578Z"},"nsu=http://opcfoundation.org/UA/Plc/Applications;s=DipData":{"Value":{"Type":11,"Body":36.812455268467772},"SourceTimestamp":"2024-04-27T15:58:13.9705877Z","ServerTimestamp":"2024-04-27T15:58:13.9705895Z"},"nsu=http://opcfoundation.org/UA/Plc/Applications;s=FastUIntScalar1":{"Value":{"Type":7,"Body":42},"SourceTimestamp":"2024-04-27T15:58:13.0739289Z","ServerTimestamp":"2024-04-27T15:58:13.0739324Z"},"nsu=http://opcfoundation.org/UA/Plc/Applications;s=FastUIntScalar2":{"Value":{"Type":7,"Body":42},"SourceTimestamp":"2024-04-27T15:58:13.073946Z","ServerTimestamp":"2024-04-27T15:58:13.0739585Z"},"nsu=http://opcfoundation.org/UA/Plc/Applications;s=FastUIntScalar3":{"Value":{"Type":7,"Body":42},"SourceTimestamp":"2024-04-27T15:58:13.07396Z","ServerTimestamp":"2024-04-27T15:58:13.0739624Z"},"nsu=http://opcfoundation.org/UA/Plc/Applications;s=FastRandomUIntScalar1":{"Value":{"Type":7,"Body":2301356974},"SourceTimestamp":"2024-04-27T15:58:13.0739442Z","ServerTimestamp":"2024-04-27T15:58:13.0739469Z"},"nsu=http://opcfoundation.org/UA/Plc/Applications;s=FastRandomUIntScalar2":{"Value":{"Type":7,"Body":975297026},"SourceTimestamp":"2024-04-27T15:58:13.0739585Z","ServerTimestamp":"2024-04-27T15:58:13.0739602Z"},"nsu=http://opcfoundation.org/UA/Plc/Applications;s=FastRandomUIntScalar3":{"Value":{"Type":7,"Body":1535643059},"SourceTimestamp":"2024-04-27T15:58:13.0739617Z","ServerTimestamp":"2024-04-27T15:58:13.0739641Z"},"nsu=http://opcfoundation.org/UA/Plc/Applications;s=SpikeData":{"Value":{"Type":11,"Body":36.812455268467772},"SourceTimestamp":"2024-04-27T15:58:13.9705873Z","ServerTimestamp":"2024-04-27T15:58:13.970588Z"}}}]