[{"SequenceNumber":39,"MetaDataVersion":{"MajorVersion":1},"Timestamp":"2024-04-27T15:58:17.0349282Z","MessageType":"ua-deltaframe","DataSetWriterName":"<<UnknownDataSet>>","Payload":{"nsu=http://opcfoundation.org/UA/Plc/Applications;s=StepUp":{"Value":{"Type":7,"Body":459},"SourceTimestamp":"2024-04-27T15:58:16.9722702Z","ServerTimestamp":"2024-04-27T15:58:16.9722727Z"},"nsu=http://opcfoundation.org/UA/Plc/Applications;s=AlternatingBoolean":{"Value":{"Type":1,"Body":false},"SourceTimestamp":"2024-04-27T15:58:16.1664072Z","ServerTimestamp":"2024-04-27T15:58:16.1664091Z"},"nsu=http://opcfoundation.org/UA/Plc/Applications;s=RandomSignedInt32":{"Value":{"Type":6,"Body":993793362},"SourceTimestamp":"2024-04-27T15:58:16.9723132Z","ServerTimestamp":"2024-04-27T15:58:16.9723151Z"},"nsu=http://opcfoundation.org/UA/Plc/Applications;s=RandomUnsignedInt32":{"Value":{"Type":7,"Body":1591272119},"SourceTimestamp":"2024-04-27T15:58:16.9723048Z","ServerTimestamp":"2024-04-27T15:58:16.9723055Z"},"nsu=http://opcfoundation.org/UA/Plc/Applications;s=DipData":{"Value":{"Type":11,"Body":-84.432792550201498},"SourceTimestamp":"2024-04-27T15:58:16.9723156Z","ServerTimestamp":"2024-04-27T15:58:16.9723225Z"},"nsu=http://opcfoundation.org/UA/Plc/Applications;s=FastUIntScalar1":{"Value":{"Type":7,"Body":45},"SourceTimestamp":"2024-04-27T15:58:16.0747934Z","ServerTimestamp":"2024-04-27T15:58:16.0748125Z"},"nsu=http://opcfoundation.org/UA/Plc/Applications;s=FastUIntScalar2":{"Value":{"Type":7,"Body":45},"SourceTimestamp":"2024-04-27T15:58:16.0748251Z","ServerTimestamp":"2024-04-27T15:58:16.0748293Z"},"nsu=http://opcfoundation.org/UA/Plc/Applications;s=FastUIntScalar3":{"Value":{"Type":7,"Body":45},"SourceTimestamp":"2024-04-27T15:58:16.0748324Z","ServerTimestamp":"2024-04-27T15:58:16.0748347Z"},"nsu=http://opcfoundation.org/UA/Plc/Applications;s=FastRandomUIntScalar1":{"Value":{"Type":7,"Body":3172101874},"SourceTimestamp":"2024-04-27T15:58:16.0747936Z","ServerTimestamp":"2024-04-27T15:58:16.0747977Z"},"nsu=http://opcfoundation.org/UA/Plc/Applications;s=FastRandomUIntScalar2":{"Value":{"Type":7,"Body":3911716339},"SourceTimestamp":"2024-04-27T15:58:16.0748112Z","ServerTimestamp":"2024-04-27T15:58:16.0748258Z"},"nsu=http://opcfoundation.org/UA/Plc/Applications;s=FastRandomUIntScalar3":{"Value":{"Type":7,"Body":4206704033},"SourceTimestamp":"2024-04-27T15:58:16.0748285Z","ServerTimestamp":"2024-04-27T15:58:16.0748322Z"},"nsu=http://opcfoundation.org/UA/Plc/Applications;s=NegativeTrendData":{"Value":{"Type":11,"Body":99.5},"SourceTimestamp":"2024-04-27T15:58:16.1664264Z","ServerTimestamp":"2024-04-27T15:58:16.1664274Z"},"nsu=http://opcfoundation.org/UA/Plc/Applications;s=PositiveTrendData":{"Value":{"Type":11,"Body":100.5},"SourceTimestamp":"2024-04-27T15:58:16.1664251Z","ServerTimestamp":"2024-04-27T15:58:16.1664259Z"},"nsu=http://opcfoundation.org/UA/Plc/Applications;s=SpikeData":{"Value":{"Type":11,"Body":-84.432792550201498},"SourceTimestamp":"2024-04-27T15:58:16.9723268Z","ServerTimestamp":"2024-04-27T15:58:16.972332Z"}}}]