[{"SequenceNumber":4,"MetaDataVersion":{"MajorVersion":1},"Timestamp":"2024-04-27T15:57:36.9808548Z","MessageType":"ua-deltaframe","DataSetWriterName":"<<UnknownDataSet>>","Payload":{"nsu=http://opcfoundation.org/UA/Plc/Applications;s=StepUp":{"Value":{"Type":7,"Body":59},"SourceTimestamp":"2024-04-27T15:57:36.9650096Z","ServerTimestamp":"2024-04-27T15:57:36.965104Z"},"nsu=http://opcfoundation.org/UA/Plc/Applications;s=AlternatingBoolean":{"Value":{"Type":1,"Body":false},"SourceTimestamp":"2024-04-27T15:57:36.1653511Z","ServerTimestamp":"2024-04-27T15:57:36.1654085Z"},"nsu=http://opcfoundation.org/UA/Plc/Applications;s=RandomSignedInt32":{"Value":{"Type":6,"Body":1087959391},"SourceTimestamp":"2024-04-27T15:57:36.9650353Z","ServerTimestamp":"2024-04-27T15:57:36.9650472Z"},"nsu=http://opcfoundation.org/UA/Plc/Applications;s=RandomUnsignedInt32":{"Value":{"Type":7,"Body":1935786470},"SourceTimestamp":"2024-04-27T15:57:36.9650672Z","ServerTimestamp":"2024-04-27T15:57:36.9650695Z"},"nsu=http://opcfoundation.org/UA/Plc/Applications;s=DipData":{"Value":{"Type":11,"Body":-84.432792550201498},"SourceTimestamp":"2024-04-27T15:57:36.9650846Z","ServerTimestamp":"2024-04-27T15:57:36.9650863Z"},"nsu=http://opcfoundation.org/UA/Plc/Applications;s=FastUIntScalar1":{"Value":{"Type":7,"Body":5},"SourceTimestamp":"2024-04-27T15:57:36.0710791Z","ServerTimestamp":"2024-04-27T15:57:36.0711004Z"},"nsu=http://opcfoundation.org/UA/Plc/Applications;s=FastUIntScalar2":{"Value":{"Type":7,"Body":5},"SourceTimestamp":"2024-04-27T15:57:36.071109Z","ServerTimestamp":"2024-04-27T15:57:36.0711106Z"},"nsu=http://opcfoundation.org/UA/Plc/Applications;s=FastUIntScalar3":{"Value":{"Type":7,"Body":5},"SourceTimestamp":"2024-04-27T15:57:36.0711174Z","ServerTimestamp":"2024-04-27T15:57:36.0711181Z"},"nsu=http://opcfoundation.org/UA/Plc/Applications;s=FastRandomUIntScalar1":{"Value":{"Type":7,"Body":779955151},"SourceTimestamp":"2024-04-27T15:57:36.0710712Z","ServerTimestamp":"2024-04-27T15:57:36.0710738Z"},"nsu=http://opcfoundation.org/UA/Plc/Applications;s=FastRandomUIntScalar2":{"Value":{"Type":7,"Body":1176581252},"SourceTimestamp":"2024-04-27T15:57:36.0710952Z","ServerTimestamp":"2024-04-27T15:57:36.0710959Z"},"nsu=http://opcfoundation.org/UA/Plc/Applications;s=FastRandomUIntScalar3":{"Value":{"Type":7,"Body":416098043},"SourceTimestamp":"2024-04-27T15:57:36.0710973Z","ServerTimestamp":"2024-04-27T15:57:36.0710978Z"},"nsu=http://opcfoundation.org/UA/Plc/Applications;s=SpikeData":{"Value":{"Type":11,"Body":-84.432792550201498},"SourceTimestamp":"2024-04-27T15:57:36.9650901Z","ServerTimestamp":"2024-04-27T15:57:36.9651257Z"}}}]