[{"SequenceNumber":41,"MetaDataVersion":{"MajorVersion":1},"Timestamp":"2024-04-27T15:58:19.0143072Z","MessageType":"ua-deltaframe","DataSetWriterName":"<<UnknownDataSet>>","Payload":{"nsu=http://opcfoundation.org/UA/Plc/Applications;s=StepUp":{"Value":{"Type":7,"Body":479},"SourceTimestamp":"2024-04-27T15:58:18.9657808Z","ServerTimestamp":"2024-04-27T15:58:18.9657854Z"},"nsu=http://opcfoundation.org/UA/Plc/Applications;s=RandomSignedInt32":{"Value":{"Type":6,"Body":-282337886},"SourceTimestamp":"2024-04-27T15:58:18.9658267Z","ServerTimestamp":"2024-04-27T15:58:18.9658278Z"},"nsu=http://opcfoundation.org/UA/Plc/Applications;s=RandomUnsignedInt32":{"Value":{"Type":7,"Body":1787813507},"SourceTimestamp":"2024-04-27T15:58:18.9658337Z","ServerTimestamp":"2024-04-27T15:58:18.9658806Z"},"nsu=http://opcfoundation.org/UA/Plc/Applications;s=DipData":{"Value":{"Type":11,"Body":36.812455268467772},"SourceTimestamp":"2024-04-27T15:58:18.9658854Z","ServerTimestamp":"2024-04-27T15:58:18.9658914Z"},"nsu=http://opcfoundation.org/UA/Plc/Applications;s=FastUIntScalar1":{"Value":{"Type":7,"Body":47},"SourceTimestamp":"2024-04-27T15:58:18.0718944Z","ServerTimestamp":"2024-04-27T15:58:18.0718977Z"},"nsu=http://opcfoundation.org/UA/Plc/Applications;s=FastUIntScalar2":{"Value":{"Type":7,"Body":47},"SourceTimestamp":"2024-04-27T15:58:18.071911Z","ServerTimestamp":"2024-04-27T15:58:18.0719121Z"},"nsu=http://opcfoundation.org/UA/Plc/Applications;s=FastUIntScalar3":{"Value":{"Type":7,"Body":47},"SourceTimestamp":"2024-04-27T15:58:18.0719141Z","ServerTimestamp":"2024-04-27T15:58:18.0719151Z"},"nsu=http://opcfoundation.org/UA/Plc/Applications;s=FastRandomUIntScalar1":{"Value":{"Type":7,"Body":1525884711},"SourceTimestamp":"2024-04-27T15:58:18.0719259Z","ServerTimestamp":"2024-04-27T15:58:18.0719296Z"},"nsu=http://opcfoundation.org/UA/Plc/Applications;s=FastRandomUIntScalar2":{"Value":{"Type":7,"Body":1874776668},"SourceTimestamp":"2024-04-27T15:58:18.0719425Z","ServerTimestamp":"2024-04-27T15:58:18.0719436Z"},"nsu=http://opcfoundation.org/UA/Plc/Applications;s=FastRandomUIntScalar3":{"Value":{"Type":7,"Body":725162734},"SourceTimestamp":"2024-04-27T15:58:18.0719454Z","ServerTimestamp":"2024-04-27T15:58:18.0719465Z"},"nsu=http://opcfoundation.org/UA/Plc/Applications;s=SpikeData":{"Value":{"Type":11,"Body":36.812455268467772},"SourceTimestamp":"2024-04-27T15:58:18.9658827Z","ServerTimestamp":"2024-04-27T15:58:18.965885Z"}}}]