[{"SequenceNumber":42,"MetaDataVersion":{"MajorVersion":1},"Timestamp":"2024-04-27T15:58:20.0027881Z","MessageType":"ua-deltaframe","DataSetWriterName":"<<UnknownDataSet>>","Payload":{"nsu=http://opcfoundation.org/UA/Plc/Applications;s=StepUp":{"Value":{"Type":7,"Body":489},"SourceTimestamp":"2024-04-27T15:58:19.9729262Z","ServerTimestamp":"2024-04-27T15:58:19.9729305Z"},"nsu=http://opcfoundation.org/UA/Plc/Applications;s=RandomSignedInt32":{"Value":{"Type":6,"Body":587175766},"SourceTimestamp":"2024-04-27T15:58:19.9729733Z","ServerTimestamp":"2024-04-27T15:58:19.9729749Z"},"nsu=http://opcfoundation.org/UA/Plc/Applications;s=RandomUnsignedInt32":{"Value":{"Type":7,"Body":1083702965},"SourceTimestamp":"2024-04-27T15:58:19.9729825Z","ServerTimestamp":"2024-04-27T15:58:19.9729949Z"},"nsu=http://opcfoundation.org/UA/Plc/Applications;s=DipData":{"Value":{"Type":11,"Body":99.80267284282715},"SourceTimestamp":"2024-04-27T15:58:19.8786518Z","ServerTimestamp":"2024-04-27T15:58:19.8786594Z"},"nsu=http://opcfoundation.org/UA/Plc/Applications;s=FastUIntScalar1":{"Value":{"Type":7,"Body":48},"SourceTimestamp":"2024-04-27T15:58:19.076723Z","ServerTimestamp":"2024-04-27T15:58:19.076725Z"},"nsu=http://opcfoundation.org/UA/Plc/Applications;s=FastUIntScalar2":{"Value":{"Type":7,"Body":48},"SourceTimestamp":"2024-04-27T15:58:19.0767338Z","ServerTimestamp":"2024-04-27T15:58:19.0767414Z"},"nsu=http://opcfoundation.org/UA/Plc/Applications;s=FastUIntScalar3":{"Value":{"Type":7,"Body":48},"SourceTimestamp":"2024-04-27T15:58:19.0767442Z","ServerTimestamp":"2024-04-27T15:58:19.0767458Z"},"nsu=http://opcfoundation.org/UA/Plc/Applications;s=FastRandomUIntScalar1":{"Value":{"Type":7,"Body":1450279180},"SourceTimestamp":"2024-04-27T15:58:19.0767264Z","ServerTimestamp":"2024-04-27T15:58:19.0767347Z"},"nsu=http://opcfoundation.org/UA/Plc/Applications;s=FastRandomUIntScalar2":{"Value":{"Type":7,"Body":2400291247},"SourceTimestamp":"2024-04-27T15:58:19.0767414Z","ServerTimestamp":"2024-04-27T15:58:19.0767443Z"},"nsu=http://opcfoundation.org/UA/Plc/Applications;s=FastRandomUIntScalar3":{"Value":{"Type":7,"Body":2870259272},"SourceTimestamp":"2024-04-27T15:58:19.0767455Z","ServerTimestamp":"2024-04-27T15:58:19.076747Z"},"nsu=http://opcfoundation.org/UA/Plc/Applications;s=SpikeData":{"Value":{"Type":11,"Body":99.80267284282715},"SourceTimestamp":"2024-04-27T15:58:19.8786785Z","ServerTimestamp":"2024-04-27T15:58:19.8786843Z"}}}]