[{"SequenceNumber":43,"MetaDataVersion":{"MajorVersion":1},"Timestamp":"2024-04-27T15:58:20.9955952Z","MessageType":"ua-deltaframe","DataSetWriterName":"<<UnknownDataSet>>","Payload":{"nsu=http://opcfoundation.org/UA/Plc/Applications;s=StepUp":{"Value":{"Type":7,"Body":499},"SourceTimestamp":"2024-04-27T15:58:20.9644168Z","ServerTimestamp":"2024-04-27T15:58:20.9644204Z"},"nsu=http://opcfoundation.org/UA/Plc/Applications;s=RandomSignedInt32":{"Value":{"Type":6,"Body":1695639308},"SourceTimestamp":"2024-04-27T15:58:20.9644486Z","ServerTimestamp":"2024-04-27T15:58:20.9644508Z"},"nsu=http://opcfoundation.org/UA/Plc/Applications;s=RandomUnsignedInt32":{"Value":{"Type":7,"Body":531681799},"SourceTimestamp":"2024-04-27T15:58:20.9644746Z","ServerTimestamp":"2024-04-27T15:58:20.964476Z"},"nsu=http://opcfoundation.org/UA/Plc/Applications;s=DipData":{"Value":{"Type":11,"Body":24.868988716485479},"SourceTimestamp":"2024-04-27T15:58:20.9644664Z","ServerTimestamp":"2024-04-27T15:58:20.9644677Z"},"nsu=http://opcfoundation.org/UA/Plc/Applications;s=FastUIntScalar1":{"Value":{"Type":7,"Body":49},"SourceTimestamp":"2024-04-27T15:58:20.065339Z","ServerTimestamp":"2024-04-27T15:58:20.0653413Z"},"nsu=http://opcfoundation.org/UA/Plc/Applications;s=FastUIntScalar2":{"Value":{"Type":7,"Body":49},"SourceTimestamp":"2024-04-27T15:58:20.0653618Z","ServerTimestamp":"2024-04-27T15:58:20.0653625Z"},"nsu=http://opcfoundation.org/UA/Plc/Applications;s=FastUIntScalar3":{"Value":{"Type":7,"Body":49},"SourceTimestamp":"2024-04-27T15:58:20.0653639Z","ServerTimestamp":"2024-04-27T15:58:20.0653645Z"},"nsu=http://opcfoundation.org/UA/Plc/Applications;s=FastRandomUIntScalar1":{"Value":{"Type":7,"Body":349701549},"SourceTimestamp":"2024-04-27T15:58:20.0653401Z","ServerTimestamp":"2024-04-27T15:58:20.0653705Z"},"nsu=http://opcfoundation.org/UA/Plc/Applications;s=FastRandomUIntScalar2":{"Value":{"Type":7,"Body":1619247753},"SourceTimestamp":"2024-04-27T15:58:20.0653742Z","ServerTimestamp":"2024-04-27T15:58:20.0653834Z"},"nsu=http://opcfoundation.org/UA/Plc/Applications;s=FastRandomUIntScalar3":{"Value":{"Type":7,"Body":1478331497},"SourceTimestamp":"2024-04-27T15:58:20.065387Z","ServerTimestamp":"2024-04-27T15:58:20.0653881Z"},"nsu=http://opcfoundation.org/UA/Plc/Applications;s=SpikeData":{"Value":{"Type":11,"Body":24.868988716485479},"SourceTimestamp":"2024-04-27T15:58:20.9644728Z","ServerTimestamp":"2024-04-27T15:58:20.9644738Z"}}}]