[{"SequenceNumber":51,"MetaDataVersion":{"MajorVersion":1},"Timestamp":"2024-04-27T15:58:29.0286167Z","MessageType":"ua-deltaframe","DataSetWriterName":"<<UnknownDataSet>>","Payload":{"nsu=http://opcfoundation.org/UA/Plc/Applications;s=StepUp":{"Value":{"Type":7,"Body":579},"SourceTimestamp":"2024-04-27T15:58:28.9669351Z","ServerTimestamp":"2024-04-27T15:58:28.966938Z"},"nsu=http://opcfoundation.org/UA/Plc/Applications;s=RandomSignedInt32":{"Value":{"Type":6,"Body":-1202207217},"SourceTimestamp":"2024-04-27T15:58:28.9669631Z","ServerTimestamp":"2024-04-27T15:58:28.9669648Z"},"nsu=http://opcfoundation.org/UA/Plc/Applications;s=RandomUnsignedInt32":{"Value":{"Type":7,"Body":1342659740},"SourceTimestamp":"2024-04-27T15:58:28.9669584Z","ServerTimestamp":"2024-04-27T15:58:28.9669594Z"},"nsu=http://opcfoundation.org/UA/Plc/Applications;s=DipData":{"Value":{"Type":11,"Body":36.812455268467772},"SourceTimestamp":"2024-04-27T15:58:28.9669794Z","ServerTimestamp":"2024-04-27T15:58:28.9669944Z"},"nsu=http://opcfoundation.org/UA/Plc/Applications;s=FastUIntScalar1":{"Value":{"Type":7,"Body":57},"SourceTimestamp":"2024-04-27T15:58:28.072782Z","ServerTimestamp":"2024-04-27T15:58:28.072785Z"},"nsu=http://opcfoundation.org/UA/Plc/Applications;s=FastUIntScalar2":{"Value":{"Type":7,"Body":57},"SourceTimestamp":"2024-04-27T15:58:28.0727955Z","ServerTimestamp":"2024-04-27T15:58:28.0727961Z"},"nsu=http://opcfoundation.org/UA/Plc/Applications;s=FastUIntScalar3":{"Value":{"Type":7,"Body":57},"SourceTimestamp":"2024-04-27T15:58:28.0727977Z","ServerTimestamp":"2024-04-27T15:58:28.0727983Z"},"nsu=http://opcfoundation.org/UA/Plc/Applications;s=FastRandomUIntScalar1":{"Value":{"Type":7,"Body":3295068707},"SourceTimestamp":"2024-04-27T15:58:28.0727979Z","ServerTimestamp":"2024-04-27T15:58:28.0728Z"},"nsu=http://opcfoundation.org/UA/Plc/Applications;s=FastRandomUIntScalar2":{"Value":{"Type":7,"Body":3992492217},"SourceTimestamp":"2024-04-27T15:58:28.0728072Z","ServerTimestamp":"2024-04-27T15:58:28.0728098Z"},"nsu=http://opcfoundation.org/UA/Plc/Applications;s=FastRandomUIntScalar3":{"Value":{"Type":7,"Body":3002034328},"SourceTimestamp":"2024-04-27T15:58:28.0728111Z","ServerTimestamp":"2024-04-27T15:58:28.0728116Z"},"nsu=http://opcfoundation.org/UA/Plc/Applications;s=SpikeData":{"Value":{"Type":11,"Body":36.812455268467772},"SourceTimestamp":"2024-04-27T15:58:28.9669799Z","ServerTimestamp":"2024-04-27T15:58:28.9670248Z"}}}]