[{"SequenceNumber":52,"MetaDataVersion":{"MajorVersion":1},"Timestamp":"2024-04-27T15:58:30.0167669Z","MessageType":"ua-deltaframe","DataSetWriterName":"<<UnknownDataSet>>","Payload":{"nsu=http://opcfoundation.org/UA/Plc/Applications;s=StepUp":{"Value":{"Type":7,"Body":589},"SourceTimestamp":"2024-04-27T15:58:29.9686964Z","ServerTimestamp":"2024-04-27T15:58:29.9687005Z"},"nsu=http://opcfoundation.org/UA/Plc/Applications;s=RandomSignedInt32":{"Value":{"Type":6,"Body":2008935421},"SourceTimestamp":"2024-04-27T15:58:29.9687524Z","ServerTimestamp":"2024-04-27T15:58:29.9687544Z"},"nsu=http://opcfoundation.org/UA/Plc/Applications;s=RandomUnsignedInt32":{"Value":{"Type":7,"Body":297964933},"SourceTimestamp":"2024-04-27T15:58:29.9687423Z","ServerTimestamp":"2024-04-27T15:58:29.9687441Z"},"nsu=http://opcfoundation.org/UA/Plc/Applications;s=DipData":{"Value":{"Type":11,"Body":99.80267284282715},"SourceTimestamp":"2024-04-27T15:58:29.8764305Z","ServerTimestamp":"2024-04-27T15:58:29.8764414Z"},"nsu=http://opcfoundation.org/UA/Plc/Applications;s=FastUIntScalar1":{"Value":{"Type":7,"Body":58},"SourceTimestamp":"2024-04-27T15:58:29.07412Z","ServerTimestamp":"2024-04-27T15:58:29.0741222Z"},"nsu=http://opcfoundation.org/UA/Plc/Applications;s=FastUIntScalar2":{"Value":{"Type":7,"Body":58},"SourceTimestamp":"2024-04-27T15:58:29.0741315Z","ServerTimestamp":"2024-04-27T15:58:29.0741339Z"},"nsu=http://opcfoundation.org/UA/Plc/Applications;s=FastUIntScalar3":{"Value":{"Type":7,"Body":58},"SourceTimestamp":"2024-04-27T15:58:29.0741352Z","ServerTimestamp":"2024-04-27T15:58:29.0741365Z"},"nsu=http://opcfoundation.org/UA/Plc/Applications;s=FastRandomUIntScalar1":{"Value":{"Type":7,"Body":3072322505},"SourceTimestamp":"2024-04-27T15:58:29.0741273Z","ServerTimestamp":"2024-04-27T15:58:29.0741317Z"},"nsu=http://opcfoundation.org/UA/Plc/Applications;s=FastRandomUIntScalar2":{"Value":{"Type":7,"Body":2228548413},"SourceTimestamp":"2024-04-27T15:58:29.074134Z","ServerTimestamp":"2024-04-27T15:58:29.0741353Z"},"nsu=http://opcfoundation.org/UA/Plc/Applications;s=FastRandomUIntScalar3":{"Value":{"Type":7,"Body":558756484},"SourceTimestamp":"2024-04-27T15:58:29.0741364Z","ServerTimestamp":"2024-04-27T15:58:29.0741372Z"},"nsu=http://opcfoundation.org/UA/Plc/Applications;s=SpikeData":{"Value":{"Type":11,"Body":99.80267284282715},"SourceTimestamp":"2024-04-27T15:58:29.8764337Z","ServerTimestamp":"2024-04-27T15:58:29.8764347Z"}}}]