[{"SequenceNumber":6,"MetaDataVersion":{"MajorVersion":1},"Timestamp":"2024-04-27T15:57:39.0226304Z","MessageType":"ua-deltaframe","DataSetWriterName":"<<UnknownDataSet>>","Payload":{"nsu=http://opcfoundation.org/UA/Plc/Applications;s=StepUp":{"Value":{"Type":7,"Body":79},"SourceTimestamp":"2024-04-27T15:57:38.9759418Z","ServerTimestamp":"2024-04-27T15:57:38.9759453Z"},"nsu=http://opcfoundation.org/UA/Plc/Applications;s=RandomSignedInt32":{"Value":{"Type":6,"Body":881497800},"SourceTimestamp":"2024-04-27T15:57:38.9759946Z","ServerTimestamp":"2024-04-27T15:57:38.9760003Z"},"nsu=http://opcfoundation.org/UA/Plc/Applications;s=RandomUnsignedInt32":{"Value":{"Type":7,"Body":997762521},"SourceTimestamp":"2024-04-27T15:57:38.9759789Z","ServerTimestamp":"2024-04-27T15:57:38.9759798Z"},"nsu=http://opcfoundation.org/UA/Plc/Applications;s=DipData":{"Value":{"Type":11,"Body":-1000},"SourceTimestamp":"2024-04-27T15:57:38.9759954Z","ServerTimestamp":"2024-04-27T15:57:38.97601Z"},"nsu=http://opcfoundation.org/UA/Plc/Applications;s=FastUIntScalar1":{"Value":{"Type":7,"Body":7},"SourceTimestamp":"2024-04-27T15:57:38.0692901Z","ServerTimestamp":"2024-04-27T15:57:38.0692921Z"},"nsu=http://opcfoundation.org/UA/Plc/Applications;s=FastUIntScalar2":{"Value":{"Type":7,"Body":7},"SourceTimestamp":"2024-04-27T15:57:38.0693017Z","ServerTimestamp":"2024-04-27T15:57:38.0693081Z"},"nsu=http://opcfoundation.org/UA/Plc/Applications;s=FastUIntScalar3":{"Value":{"Type":7,"Body":7},"SourceTimestamp":"2024-04-27T15:57:38.069309Z","ServerTimestamp":"2024-04-27T15:57:38.0693104Z"},"nsu=http://opcfoundation.org/UA/Plc/Applications;s=FastRandomUIntScalar1":{"Value":{"Type":7,"Body":361801422},"SourceTimestamp":"2024-04-27T15:57:38.069292Z","ServerTimestamp":"2024-04-27T15:57:38.069302Z"},"nsu=http://opcfoundation.org/UA/Plc/Applications;s=FastRandomUIntScalar2":{"Value":{"Type":7,"Body":3749776840},"SourceTimestamp":"2024-04-27T15:57:38.0693082Z","ServerTimestamp":"2024-04-27T15:57:38.069309Z"},"nsu=http://opcfoundation.org/UA/Plc/Applications;s=FastRandomUIntScalar3":{"Value":{"Type":7,"Body":1142159403},"SourceTimestamp":"2024-04-27T15:57:38.0693102Z","ServerTimestamp":"2024-04-27T15:57:38.0693118Z"},"nsu=http://opcfoundation.org/UA/Plc/Applications;s=SpikeData":{"Value":{"Type":11,"Body":36.812455268467772},"SourceTimestamp":"2024-04-27T15:57:38.9760207Z","ServerTimestamp":"2024-04-27T15:57:38.976022Z"}}}]