[{"SequenceNumber":68,"MetaDataVersion":{"MajorVersion":1},"Timestamp":"2024-04-27T15:58:46.9871375Z","MessageType":"ua-deltaframe","DataSetWriterName":"<<UnknownDataSet>>","Payload":{"nsu=http://opcfoundation.org/UA/Plc/Applications;s=AlternatingBoolean":{"Value":{"Type":1,"Body":false},"SourceTimestamp":"2024-04-27T15:58:46.1692443Z","ServerTimestamp":"2024-04-27T15:58:46.16928Z"},"nsu=http://opcfoundation.org/UA/Plc/Applications;s=NegativeTrendData":{"Value":{"Type":11,"Body":98.900000000000006},"SourceTimestamp":"2024-04-27T15:58:46.1692902Z","ServerTimestamp":"2024-04-27T15:58:46.1692914Z"},"nsu=http://opcfoundation.org/UA/Plc/Applications;s=PositiveTrendData":{"Value":{"Type":11,"Body":101.09999999999999},"SourceTimestamp":"2024-04-27T15:58:46.1692956Z","ServerTimestamp":"2024-04-27T15:58:46.1692968Z"}}}]