[{"SequenceNumber":69,"MetaDataVersion":{"MajorVersion":1},"Timestamp":"2024-04-27T15:58:48.0375415Z","MessageType":"ua-deltaframe","DataSetWriterName":"<<UnknownDataSet>>","Payload":{"nsu=http://opcfoundation.org/UA/Plc/Applications;s=StepUp":{"Value":{"Type":7,"Body":769},"SourceTimestamp":"2024-04-27T15:58:47.9751286Z","ServerTimestamp":"2024-04-27T15:58:47.9751321Z"},"nsu=http://opcfoundation.org/UA/Plc/Applications;s=RandomSignedInt32":{"Value":{"Type":6,"Body":-322308516},"SourceTimestamp":"2024-04-27T15:58:47.9751932Z","ServerTimestamp":"2024-04-27T15:58:47.9751964Z"},"nsu=http://opcfoundation.org/UA/Plc/Applications;s=RandomUnsignedInt32":{"Value":{"Type":7,"Body":1899588623},"SourceTimestamp":"2024-04-27T15:58:47.9751817Z","ServerTimestamp":"2024-04-27T15:58:47.9751829Z"},"nsu=http://opcfoundation.org/UA/Plc/Applications;s=DipData":{"Value":{"Type":11,"Body":-77.051324277578942},"SourceTimestamp":"2024-04-27T15:58:47.9751987Z","ServerTimestamp":"2024-04-27T15:58:47.9752064Z"},"nsu=http://opcfoundation.org/UA/Plc/Applications;s=FastUIntScalar1":{"Value":{"Type":7,"Body":76},"SourceTimestamp":"2024-04-27T15:58:47.0786959Z","ServerTimestamp":"2024-04-27T15:58:47.0786989Z"},"nsu=http://opcfoundation.org/UA/Plc/Applications;s=FastUIntScalar2":{"Value":{"Type":7,"Body":76},"SourceTimestamp":"2024-04-27T15:58:47.078711Z","ServerTimestamp":"2024-04-27T15:58:47.0787119Z"},"nsu=http://opcfoundation.org/UA/Plc/Applications;s=FastUIntScalar3":{"Value":{"Type":7,"Body":76},"SourceTimestamp":"2024-04-27T15:58:47.0787136Z","ServerTimestamp":"2024-04-27T15:58:47.0787146Z"},"nsu=http://opcfoundation.org/UA/Plc/Applications;s=FastRandomUIntScalar1":{"Value":{"Type":7,"Body":1591133874},"SourceTimestamp":"2024-04-27T15:58:47.0786764Z","ServerTimestamp":"2024-04-27T15:58:47.0786797Z"},"nsu=http://opcfoundation.org/UA/Plc/Applications;s=FastRandomUIntScalar2":{"Value":{"Type":7,"Body":321167621},"SourceTimestamp":"2024-04-27T15:58:47.0786927Z","ServerTimestamp":"2024-04-27T15:58:47.0786938Z"},"nsu=http://opcfoundation.org/UA/Plc/Applications;s=FastRandomUIntScalar3":{"Value":{"Type":7,"Body":2605902203},"SourceTimestamp":"2024-04-27T15:58:47.0786955Z","ServerTimestamp":"2024-04-27T15:58:47.0786962Z"},"nsu=http://opcfoundation.org/UA/Plc/Applications;s=SpikeData":{"Value":{"Type":11,"Body":-77.051324277578942},"SourceTimestamp":"2024-04-27T15:58:47.9752405Z","ServerTimestamp":"2024-04-27T15:58:47.9752433Z"}}}]