[{"SequenceNumber":70,"MetaDataVersion":{"MajorVersion":1},"Timestamp":"2024-04-27T15:58:49.0302111Z","MessageType":"ua-deltaframe","DataSetWriterName":"<<UnknownDataSet>>","Payload":{"nsu=http://opcfoundation.org/UA/Plc/Applications;s=StepUp":{"Value":{"Type":7,"Body":779},"SourceTimestamp":"2024-04-27T15:58:48.9682296Z","ServerTimestamp":"2024-04-27T15:58:48.968235Z"},"nsu=http://opcfoundation.org/UA/Plc/Applications;s=RandomSignedInt32":{"Value":{"Type":6,"Body":-1857880200},"SourceTimestamp":"2024-04-27T15:58:48.9682855Z","ServerTimestamp":"2024-04-27T15:58:48.9682866Z"},"nsu=http://opcfoundation.org/UA/Plc/Applications;s=RandomUnsignedInt32":{"Value":{"Type":7,"Body":2138141568},"SourceTimestamp":"2024-04-27T15:58:48.9682928Z","ServerTimestamp":"2024-04-27T15:58:48.9682937Z"},"nsu=http://opcfoundation.org/UA/Plc/Applications;s=DipData":{"Value":{"Type":11,"Body":36.812455268467772},"SourceTimestamp":"2024-04-27T15:58:48.9683072Z","ServerTimestamp":"2024-04-27T15:58:48.968312Z"},"nsu=http://opcfoundation.org/UA/Plc/Applications;s=FastUIntScalar1":{"Value":{"Type":7,"Body":77},"SourceTimestamp":"2024-04-27T15:58:48.0684101Z","ServerTimestamp":"2024-04-27T15:58:48.0684109Z"},"nsu=http://opcfoundation.org/UA/Plc/Applications;s=FastUIntScalar2":{"Value":{"Type":7,"Body":77},"SourceTimestamp":"2024-04-27T15:58:48.0684123Z","ServerTimestamp":"2024-04-27T15:58:48.0684141Z"},"nsu=http://opcfoundation.org/UA/Plc/Applications;s=FastUIntScalar3":{"Value":{"Type":7,"Body":77},"SourceTimestamp":"2024-04-27T15:58:48.0684155Z","ServerTimestamp":"2024-04-27T15:58:48.0684161Z"},"nsu=http://opcfoundation.org/UA/Plc/Applications;s=FastRandomUIntScalar1":{"Value":{"Type":7,"Body":3314420792},"SourceTimestamp":"2024-04-27T15:58:48.0684103Z","ServerTimestamp":"2024-04-27T15:58:48.0684123Z"},"nsu=http://opcfoundation.org/UA/Plc/Applications;s=FastRandomUIntScalar2":{"Value":{"Type":7,"Body":2941743362},"SourceTimestamp":"2024-04-27T15:58:48.0684143Z","ServerTimestamp":"2024-04-27T15:58:48.0684151Z"},"nsu=http://opcfoundation.org/UA/Plc/Applications;s=FastRandomUIntScalar3":{"Value":{"Type":7,"Body":4275172969},"SourceTimestamp":"2024-04-27T15:58:48.0684164Z","ServerTimestamp":"2024-04-27T15:58:48.068417Z"},"nsu=http://opcfoundation.org/UA/Plc/Applications;s=SpikeData":{"Value":{"Type":11,"Body":36.812455268467772},"SourceTimestamp":"2024-04-27T15:58:48.9683171Z","ServerTimestamp":"2024-04-27T15:58:48.9683181Z"}}}]