[{"SequenceNumber":71,"MetaDataVersion":{"MajorVersion":1},"Timestamp":"2024-04-27T15:58:50.0156765Z","MessageType":"ua-deltaframe","DataSetWriterName":"<<UnknownDataSet>>","Payload":{"nsu=http://opcfoundation.org/UA/Plc/Applications;s=StepUp":{"Value":{"Type":7,"Body":789},"SourceTimestamp":"2024-04-27T15:58:49.9693732Z","ServerTimestamp":"2024-04-27T15:58:49.9693778Z"},"nsu=http://opcfoundation.org/UA/Plc/Applications;s=RandomSignedInt32":{"Value":{"Type":6,"Body":-485033177},"SourceTimestamp":"2024-04-27T15:58:49.9694253Z","ServerTimestamp":"2024-04-27T15:58:49.9694462Z"},"nsu=http://opcfoundation.org/UA/Plc/Applications;s=RandomUnsignedInt32":{"Value":{"Type":7,"Body":1909177447},"SourceTimestamp":"2024-04-27T15:58:49.9694038Z","ServerTimestamp":"2024-04-27T15:58:49.9694051Z"},"nsu=http://opcfoundation.org/UA/Plc/Applications;s=DipData":{"Value":{"Type":11,"Body":99.80267284282715},"SourceTimestamp":"2024-04-27T15:58:49.877513Z","ServerTimestamp":"2024-04-27T15:58:49.8775138Z"},"nsu=http://opcfoundation.org/UA/Plc/Applications;s=FastUIntScalar1":{"Value":{"Type":7,"Body":78},"SourceTimestamp":"2024-04-27T15:58:49.076216Z","ServerTimestamp":"2024-04-27T15:58:49.0762196Z"},"nsu=http://opcfoundation.org/UA/Plc/Applications;s=FastUIntScalar2":{"Value":{"Type":7,"Body":78},"SourceTimestamp":"2024-04-27T15:58:49.0762326Z","ServerTimestamp":"2024-04-27T15:58:49.076247Z"},"nsu=http://opcfoundation.org/UA/Plc/Applications;s=FastUIntScalar3":{"Value":{"Type":7,"Body":78},"SourceTimestamp":"2024-04-27T15:58:49.0762488Z","ServerTimestamp":"2024-04-27T15:58:49.0762524Z"},"nsu=http://opcfoundation.org/UA/Plc/Applications;s=FastRandomUIntScalar1":{"Value":{"Type":7,"Body":2921925530},"SourceTimestamp":"2024-04-27T15:58:49.0762245Z","ServerTimestamp":"2024-04-27T15:58:49.0762344Z"},"nsu=http://opcfoundation.org/UA/Plc/Applications;s=FastRandomUIntScalar2":{"Value":{"Type":7,"Body":3934360641},"SourceTimestamp":"2024-04-27T15:58:49.0762471Z","ServerTimestamp":"2024-04-27T15:58:49.0762491Z"},"nsu=http://opcfoundation.org/UA/Plc/Applications;s=FastRandomUIntScalar3":{"Value":{"Type":7,"Body":2131089809},"SourceTimestamp":"2024-04-27T15:58:49.076252Z","ServerTimestamp":"2024-04-27T15:58:49.0762544Z"},"nsu=http://opcfoundation.org/UA/Plc/Applications;s=SpikeData":{"Value":{"Type":11,"Body":99.80267284282715},"SourceTimestamp":"2024-04-27T15:58:49.8775192Z","ServerTimestamp":"2024-04-27T15:58:49.8775222Z"}}}]