[{"SequenceNumber":76,"MetaDataVersion":{"MajorVersion":1},"Timestamp":"2024-04-27T15:58:55.0254949Z","MessageType":"ua-deltaframe","DataSetWriterName":"<<UnknownDataSet>>","Payload":{"nsu=http://opcfoundation.org/UA/Plc/Applications;s=StepUp":{"Value":{"Type":7,"Body":839},"SourceTimestamp":"2024-04-27T15:58:54.9779959Z","ServerTimestamp":"2024-04-27T15:58:54.9779998Z"},"nsu=http://opcfoundation.org/UA/Plc/Applications;s=RandomSignedInt32":{"Value":{"Type":6,"Body":-1875025502},"SourceTimestamp":"2024-04-27T15:58:54.9780408Z","ServerTimestamp":"2024-04-27T15:58:54.9780419Z"},"nsu=http://opcfoundation.org/UA/Plc/Applications;s=RandomUnsignedInt32":{"Value":{"Type":7,"Body":326602145},"SourceTimestamp":"2024-04-27T15:58:54.9780474Z","ServerTimestamp":"2024-04-27T15:58:54.9780483Z"},"nsu=http://opcfoundation.org/UA/Plc/Applications;s=DipData":{"Value":{"Type":11,"Body":99.80267284282715},"SourceTimestamp":"2024-04-27T15:58:54.8683187Z","ServerTimestamp":"2024-04-27T15:58:54.8683221Z"},"nsu=http://opcfoundation.org/UA/Plc/Applications;s=FastUIntScalar1":{"Value":{"Type":7,"Body":83},"SourceTimestamp":"2024-04-27T15:58:54.0754483Z","ServerTimestamp":"2024-04-27T15:58:54.075451Z"},"nsu=http://opcfoundation.org/UA/Plc/Applications;s=FastUIntScalar2":{"Value":{"Type":7,"Body":83},"SourceTimestamp":"2024-04-27T15:58:54.0754621Z","ServerTimestamp":"2024-04-27T15:58:54.075463Z"},"nsu=http://opcfoundation.org/UA/Plc/Applications;s=FastUIntScalar3":{"Value":{"Type":7,"Body":83},"SourceTimestamp":"2024-04-27T15:58:54.0754649Z","ServerTimestamp":"2024-04-27T15:58:54.0754718Z"},"nsu=http://opcfoundation.org/UA/Plc/Applications;s=FastRandomUIntScalar1":{"Value":{"Type":7,"Body":1827059324},"SourceTimestamp":"2024-04-27T15:58:54.0754553Z","ServerTimestamp":"2024-04-27T15:58:54.075465Z"},"nsu=http://opcfoundation.org/UA/Plc/Applications;s=FastRandomUIntScalar2":{"Value":{"Type":7,"Body":1780559484},"SourceTimestamp":"2024-04-27T15:58:54.0754716Z","ServerTimestamp":"2024-04-27T15:58:54.075473Z"},"nsu=http://opcfoundation.org/UA/Plc/Applications;s=FastRandomUIntScalar3":{"Value":{"Type":7,"Body":2557114270},"SourceTimestamp":"2024-04-27T15:58:54.0754739Z","ServerTimestamp":"2024-04-27T15:58:54.0754743Z"},"nsu=http://opcfoundation.org/UA/Plc/Applications;s=SpikeData":{"Value":{"Type":11,"Body":99.80267284282715},"SourceTimestamp":"2024-04-27T15:58:54.8682962Z","ServerTimestamp":"2024-04-27T15:58:54.8683158Z"}}}]