[{"SequenceNumber":78,"MetaDataVersion":{"MajorVersion":1},"Timestamp":"2024-04-27T15:58:57.0044413Z","MessageType":"ua-deltaframe","DataSetWriterName":"<<UnknownDataSet>>","Payload":{"nsu=http://opcfoundation.org/UA/Plc/Applications;s=StepUp":{"Value":{"Type":7,"Body":859},"SourceTimestamp":"2024-04-27T15:58:56.9723309Z","ServerTimestamp":"2024-04-27T15:58:56.9723584Z"},"nsu=http://opcfoundation.org/UA/Plc/Applications;s=AlternatingBoolean":{"Value":{"Type":1,"Body":false},"SourceTimestamp":"2024-04-27T15:58:56.1664334Z","ServerTimestamp":"2024-04-27T15:58:56.1664375Z"},"nsu=http://opcfoundation.org/UA/Plc/Applications;s=RandomSignedInt32":{"Value":{"Type":6,"Body":1250084740},"SourceTimestamp":"2024-04-27T15:58:56.9723753Z","ServerTimestamp":"2024-04-27T15:58:56.9723775Z"},"nsu=http://opcfoundation.org/UA/Plc/Applications;s=RandomUnsignedInt32":{"Value":{"Type":7,"Body":1934643374},"SourceTimestamp":"2024-04-27T15:58:56.9723872Z","ServerTimestamp":"2024-04-27T15:58:56.9724041Z"},"nsu=http://opcfoundation.org/UA/Plc/Applications;s=DipData":{"Value":{"Type":11,"Body":-84.432792550201498},"SourceTimestamp":"2024-04-27T15:58:56.9723824Z","ServerTimestamp":"2024-04-27T15:58:56.9723883Z"},"nsu=http://opcfoundation.org/UA/Plc/Applications;s=FastUIntScalar1":{"Value":{"Type":7,"Body":85},"SourceTimestamp":"2024-04-27T15:58:56.0754501Z","ServerTimestamp":"2024-04-27T15:58:56.075454Z"},"nsu=http://opcfoundation.org/UA/Plc/Applications;s=FastUIntScalar2":{"Value":{"Type":7,"Body":85},"SourceTimestamp":"2024-04-27T15:58:56.0754685Z","ServerTimestamp":"2024-04-27T15:58:56.0754747Z"},"nsu=http://opcfoundation.org/UA/Plc/Applications;s=FastUIntScalar3":{"Value":{"Type":7,"Body":85},"SourceTimestamp":"2024-04-27T15:58:56.0754773Z","ServerTimestamp":"2024-04-27T15:58:56.0754806Z"},"nsu=http://opcfoundation.org/UA/Plc/Applications;s=FastRandomUIntScalar1":{"Value":{"Type":7,"Body":2270848815},"SourceTimestamp":"2024-04-27T15:58:56.0754595Z","ServerTimestamp":"2024-04-27T15:58:56.0754692Z"},"nsu=http://opcfoundation.org/UA/Plc/Applications;s=FastRandomUIntScalar2":{"Value":{"Type":7,"Body":2032287782},"SourceTimestamp":"2024-04-27T15:58:56.0754744Z","ServerTimestamp":"2024-04-27T15:58:56.0754779Z"},"nsu=http://opcfoundation.org/UA/Plc/Applications;s=FastRandomUIntScalar3":{"Value":{"Type":7,"Body":205324425},"SourceTimestamp":"2024-04-27T15:58:56.07548Z","ServerTimestamp":"2024-04-27T15:58:56.0754822Z"},"nsu=http://opcfoundation.org/UA/Plc/Applications;s=NegativeTrendData":{"Value":{"Type":11,"Body":98.700000000000003},"SourceTimestamp":"2024-04-27T15:58:56.1664694Z","ServerTimestamp":"2024-04-27T15:58:56.1664792Z"},"nsu=http://opcfoundation.org/UA/Plc/Applications;s=PositiveTrendData":{"Value":{"Type":11,"Body":101.3},"SourceTimestamp":"2024-04-27T15:58:56.1664733Z","ServerTimestamp":"2024-04-27T15:58:56.1664835Z"},"nsu=http://opcfoundation.org/UA/Plc/Applications;s=SpikeData":{"Value":{"Type":11,"Body":-84.432792550201498},"SourceTimestamp":"2024-04-27T15:58:56.9724036Z","ServerTimestamp":"2024-04-27T15:58:56.9724082Z"}}}]