[{"SequenceNumber":83,"MetaDataVersion":{"MajorVersion":1},"Timestamp":"2024-04-27T15:59:01.9962791Z","MessageType":"ua-deltaframe","DataSetWriterName":"<<UnknownDataSet>>","Payload":{"nsu=http://opcfoundation.org/UA/Plc/Applications;s=StepUp":{"Value":{"Type":7,"Body":909},"SourceTimestamp":"2024-04-27T15:59:01.9646094Z","ServerTimestamp":"2024-04-27T15:59:01.9646177Z"},"nsu=http://opcfoundation.org/UA/Plc/Applications;s=AlternatingBoolean":{"Value":{"Type":1,"Body":true},"SourceTimestamp":"2024-04-27T15:59:01.1734462Z","ServerTimestamp":"2024-04-27T15:59:01.1734556Z"},"nsu=http://opcfoundation.org/UA/Plc/Applications;s=RandomSignedInt32":{"Value":{"Type":6,"Body":-140369915},"SourceTimestamp":"2024-04-27T15:59:01.9646501Z","ServerTimestamp":"2024-04-27T15:59:01.9646512Z"},"nsu=http://opcfoundation.org/UA/Plc/Applications;s=RandomUnsignedInt32":{"Value":{"Type":7,"Body":1603021883},"SourceTimestamp":"2024-04-27T15:59:01.9646494Z","ServerTimestamp":"2024-04-27T15:59:01.96465Z"},"nsu=http://opcfoundation.org/UA/Plc/Applications;s=DipData":{"Value":{"Type":11,"Body":-84.432792550201498},"SourceTimestamp":"2024-04-27T15:59:01.9646578Z","ServerTimestamp":"2024-04-27T15:59:01.9646597Z"},"nsu=http://opcfoundation.org/UA/Plc/Applications;s=FastUIntScalar1":{"Value":{"Type":7,"Body":90},"SourceTimestamp":"2024-04-27T15:59:01.0656069Z","ServerTimestamp":"2024-04-27T15:59:01.0656253Z"},"nsu=http://opcfoundation.org/UA/Plc/Applications;s=FastUIntScalar2":{"Value":{"Type":7,"Body":90},"SourceTimestamp":"2024-04-27T15:59:01.0656304Z","ServerTimestamp":"2024-04-27T15:59:01.0656329Z"},"nsu=http://opcfoundation.org/UA/Plc/Applications;s=FastUIntScalar3":{"Value":{"Type":7,"Body":90},"SourceTimestamp":"2024-04-27T15:59:01.0656354Z","ServerTimestamp":"2024-04-27T15:59:01.0656378Z"},"nsu=http://opcfoundation.org/UA/Plc/Applications;s=FastRandomUIntScalar1":{"Value":{"Type":7,"Body":2169687226},"SourceTimestamp":"2024-04-27T15:59:01.0656113Z","ServerTimestamp":"2024-04-27T15:59:01.0656169Z"},"nsu=http://opcfoundation.org/UA/Plc/Applications;s=FastRandomUIntScalar2":{"Value":{"Type":7,"Body":3085032571},"SourceTimestamp":"2024-04-27T15:59:01.0656253Z","ServerTimestamp":"2024-04-27T15:59:01.0656431Z"},"nsu=http://opcfoundation.org/UA/Plc/Applications;s=FastRandomUIntScalar3":{"Value":{"Type":7,"Body":1720207502},"SourceTimestamp":"2024-04-27T15:59:01.0656456Z","ServerTimestamp":"2024-04-27T15:59:01.0656466Z"},"nsu=http://opcfoundation.org/UA/Plc/Applications;s=NegativeTrendData":{"Value":{"Type":11,"Body":98.599999999999994},"SourceTimestamp":"2024-04-27T15:59:01.1734697Z","ServerTimestamp":"2024-04-27T15:59:01.173472Z"},"nsu=http://opcfoundation.org/UA/Plc/Applications;s=PositiveTrendData":{"Value":{"Type":11,"Body":101.40000000000001},"SourceTimestamp":"2024-04-27T15:59:01.1734655Z","ServerTimestamp":"2024-04-27T15:59:01.1734665Z"},"nsu=http://opcfoundation.org/UA/Plc/Applications;s=SlowUIntScalar1":{"Value":{"Type":7,"Body":9},"SourceTimestamp":"2024-04-27T15:59:01.0655393Z","ServerTimestamp":"2024-04-27T15:59:01.0655428Z"},"nsu=http://opcfoundation.org/UA/Plc/Applications;s=SlowUIntScalar2":{"Value":{"Type":7,"Body":9},"SourceTimestamp":"2024-04-27T15:59:01.0655554Z","ServerTimestamp":"2024-04-27T15:59:01.0655563Z"},"nsu=http://opcfoundation.org/UA/Plc/Applications;s=SlowUIntScalar3":{"Value":{"Type":7,"Body":9},"SourceTimestamp":"2024-04-27T15:59:01.0655578Z","ServerTimestamp":"2024-04-27T15:59:01.0655586Z"},"nsu=http://opcfoundation.org/UA/Plc/Applications;s=BadSlowUIntScalar1":{"Value":{"Body":null},"StatusCode":2157772800,"SourceTimestamp":"2024-04-27T15:59:01.0655625Z","ServerTimestamp":"2024-04-27T15:59:01.0655626Z"},"nsu=http://opcfoundation.org/UA/Plc/Applications;s=SlowRandomUIntScalar1":{"Value":{"Type":7,"Body":2208104575},"SourceTimestamp":"2024-04-27T15:59:01.0656006Z","ServerTimestamp":"2024-04-27T15:59:01.0656042Z"},"nsu=http://opcfoundation.org/UA/Plc/Applications;s=SlowRandomUIntScalar2":{"Value":{"Type":7,"Body":381344295},"SourceTimestamp":"2024-04-27T15:59:01.0656172Z","ServerTimestamp":"2024-04-27T15:59:01.0656302Z"},"nsu=http://opcfoundation.org/UA/Plc/Applications;s=SlowRandomUIntScalar3":{"Value":{"Type":7,"Body":2617207505},"SourceTimestamp":"2024-04-27T15:59:01.0656331Z","ServerTimestamp":"2024-04-27T15:59:01.0656355Z"},"nsu=http://opcfoundation.org/UA/Plc/Applications;s=BadSlowRandomUIntScalar1":{"Value":{"Body":null},"StatusCode":2157772800,"SourceTimestamp":"2024-04-27T15:59:01.0656417Z","ServerTimestamp":"2024-04-27T15:59:01.0656418Z"},"nsu=http://opcfoundation.org/UA/Plc/Applications;s=SpikeData":{"Value":{"Type":11,"Body":-84.432792550201498},"SourceTimestamp":"2024-04-27T15:59:01.9646697Z","ServerTimestamp":"2024-04-27T15:59:01.9646711Z"}}}]