[{"SequenceNumber":85,"MetaDataVersion":{"MajorVersion":1},"Timestamp":"2024-04-27T15:59:05.0289804Z","MessageType":"ua-deltaframe","DataSetWriterName":"<<UnknownDataSet>>","Payload":{"nsu=http://opcfoundation.org/UA/Plc/Applications;s=StepUp":{"Value":{"Type":7,"Body":939},"SourceTimestamp":"2024-04-27T15:59:04.9665511Z","ServerTimestamp":"2024-04-27T15:59:04.9665552Z"},"nsu=http://opcfoundation.org/UA/Plc/Applications;s=RandomSignedInt32":{"Value":{"Type":6,"Body":736239863},"SourceTimestamp":"2024-04-27T15:59:04.9665999Z","ServerTimestamp":"2024-04-27T15:59:04.9666044Z"},"nsu=http://opcfoundation.org/UA/Plc/Applications;s=RandomUnsignedInt32":{"Value":{"Type":7,"Body":1094738632},"SourceTimestamp":"2024-04-27T15:59:04.9666031Z","ServerTimestamp":"2024-04-27T15:59:04.9666287Z"},"nsu=http://opcfoundation.org/UA/Plc/Applications;s=DipData":{"Value":{"Type":11,"Body":99.80267284282715},"SourceTimestamp":"2024-04-27T15:59:04.8733342Z","ServerTimestamp":"2024-04-27T15:59:04.8733357Z"},"nsu=http://opcfoundation.org/UA/Plc/Applications;s=FastUIntScalar1":{"Value":{"Type":7,"Body":93},"SourceTimestamp":"2024-04-27T15:59:04.0670122Z","ServerTimestamp":"2024-04-27T15:59:04.0670404Z"},"nsu=http://opcfoundation.org/UA/Plc/Applications;s=FastUIntScalar2":{"Value":{"Type":7,"Body":93},"SourceTimestamp":"2024-04-27T15:59:04.0670489Z","ServerTimestamp":"2024-04-27T15:59:04.0670503Z"},"nsu=http://opcfoundation.org/UA/Plc/Applications;s=FastUIntScalar3":{"Value":{"Type":7,"Body":93},"SourceTimestamp":"2024-04-27T15:59:04.0670525Z","ServerTimestamp":"2024-04-27T15:59:04.0670535Z"},"nsu=http://opcfoundation.org/UA/Plc/Applications;s=FastRandomUIntScalar1":{"Value":{"Type":7,"Body":3927523761},"SourceTimestamp":"2024-04-27T15:59:04.0670099Z","ServerTimestamp":"2024-04-27T15:59:04.067011Z"},"nsu=http://opcfoundation.org/UA/Plc/Applications;s=FastRandomUIntScalar2":{"Value":{"Type":7,"Body":1769857948},"SourceTimestamp":"2024-04-27T15:59:04.0670129Z","ServerTimestamp":"2024-04-27T15:59:04.0670134Z"},"nsu=http://opcfoundation.org/UA/Plc/Applications;s=FastRandomUIntScalar3":{"Value":{"Type":7,"Body":2035529533},"SourceTimestamp":"2024-04-27T15:59:04.0670146Z","ServerTimestamp":"2024-04-27T15:59:04.0670169Z"},"nsu=http://opcfoundation.org/UA/Plc/Applications;s=SpikeData":{"Value":{"Type":11,"Body":99.80267284282715},"SourceTimestamp":"2024-04-27T15:59:04.8733329Z","ServerTimestamp":"2024-04-27T15:59:04.8733336Z"}}}]