[{"SequenceNumber":9,"MetaDataVersion":{"MajorVersion":1},"Timestamp":"2024-04-27T15:57:41.9865083Z","MessageType":"ua-deltaframe","DataSetWriterName":"<<UnknownDataSet>>","Payload":{"nsu=http://opcfoundation.org/UA/Plc/Applications;s=AlternatingBoolean":{"Value":{"Type":1,"Body":true},"SourceTimestamp":"2024-04-27T15:57:41.1789549Z","ServerTimestamp":"2024-04-27T15:57:41.178957Z"},"nsu=http://opcfoundation.org/UA/Plc/Applications;s=SlowUIntScalar1":{"Value":{"Type":7,"Body":1},"SourceTimestamp":"2024-04-27T15:57:41.0725423Z","ServerTimestamp":"2024-04-27T15:57:41.0725445Z"},"nsu=http://opcfoundation.org/UA/Plc/Applications;s=SlowUIntScalar2":{"Value":{"Type":7,"Body":1},"SourceTimestamp":"2024-04-27T15:57:41.0725532Z","ServerTimestamp":"2024-04-27T15:57:41.072554Z"},"nsu=http://opcfoundation.org/UA/Plc/Applications;s=SlowUIntScalar3":{"Value":{"Type":7,"Body":1},"SourceTimestamp":"2024-04-27T15:57:41.0725557Z","ServerTimestamp":"2024-04-27T15:57:41.0725562Z"},"nsu=http://opcfoundation.org/UA/Plc/Applications;s=BadSlowUIntScalar1":{"Value":{"Type":7,"Body":1},"SourceTimestamp":"2024-04-27T15:57:41.0725578Z","ServerTimestamp":"2024-04-27T15:57:41.0725583Z"},"nsu=http://opcfoundation.org/UA/Plc/Applications;s=SlowRandomUIntScalar1":{"Value":{"Type":7,"Body":2476478832},"SourceTimestamp":"2024-04-27T15:57:41.0725776Z","ServerTimestamp":"2024-04-27T15:57:41.0725793Z"},"nsu=http://opcfoundation.org/UA/Plc/Applications;s=SlowRandomUIntScalar2":{"Value":{"Type":7,"Body":2777715663},"SourceTimestamp":"2024-04-27T15:57:41.0725858Z","ServerTimestamp":"2024-04-27T15:57:41.0725904Z"},"nsu=http://opcfoundation.org/UA/Plc/Applications;s=SlowRandomUIntScalar3":{"Value":{"Type":7,"Body":1859938042},"SourceTimestamp":"2024-04-27T15:57:41.0725916Z","ServerTimestamp":"2024-04-27T15:57:41.0725928Z"},"nsu=http://opcfoundation.org/UA/Plc/Applications;s=BadSlowRandomUIntScalar1":{"Value":{"Type":7,"Body":1623876028},"SourceTimestamp":"2024-04-27T15:57:41.0725947Z","ServerTimestamp":"2024-04-27T15:57:41.0725997Z"}}}]