[{"SequenceNumber":90,"MetaDataVersion":{"MajorVersion":1},"Timestamp":"2024-04-27T15:59:11.0326146Z","MessageType":"ua-deltaframe","DataSetWriterName":"<<UnknownDataSet>>","Payload":{"nsu=http://opcfoundation.org/UA/Plc/Applications;s=StepUp":{"Value":{"Type":7,"Body":999},"SourceTimestamp":"2024-04-27T15:59:10.9703313Z","ServerTimestamp":"2024-04-27T15:59:10.9703339Z"},"nsu=http://opcfoundation.org/UA/Plc/Applications;s=RandomSignedInt32":{"Value":{"Type":6,"Body":-434529106},"SourceTimestamp":"2024-04-27T15:59:10.9703476Z","ServerTimestamp":"2024-04-27T15:59:10.9703522Z"},"nsu=http://opcfoundation.org/UA/Plc/Applications;s=RandomUnsignedInt32":{"Value":{"Type":7,"Body":525512141},"SourceTimestamp":"2024-04-27T15:59:10.9703613Z","ServerTimestamp":"2024-04-27T15:59:10.9703699Z"},"nsu=http://opcfoundation.org/UA/Plc/Applications;s=DipData":{"Value":{"Type":11,"Body":24.868988716485479},"SourceTimestamp":"2024-04-27T15:59:10.9703615Z","ServerTimestamp":"2024-04-27T15:59:10.9703623Z"},"nsu=http://opcfoundation.org/UA/Plc/Applications;s=FastUIntScalar1":{"Value":{"Type":7,"Body":99},"SourceTimestamp":"2024-04-27T15:59:10.0751964Z","ServerTimestamp":"2024-04-27T15:59:10.0752Z"},"nsu=http://opcfoundation.org/UA/Plc/Applications;s=FastUIntScalar2":{"Value":{"Type":7,"Body":99},"SourceTimestamp":"2024-04-27T15:59:10.0752142Z","ServerTimestamp":"2024-04-27T15:59:10.0752285Z"},"nsu=http://opcfoundation.org/UA/Plc/Applications;s=FastUIntScalar3":{"Value":{"Type":7,"Body":99},"SourceTimestamp":"2024-04-27T15:59:10.0752313Z","ServerTimestamp":"2024-04-27T15:59:10.0752333Z"},"nsu=http://opcfoundation.org/UA/Plc/Applications;s=FastRandomUIntScalar1":{"Value":{"Type":7,"Body":3473963470},"SourceTimestamp":"2024-04-27T15:59:10.075199Z","ServerTimestamp":"2024-04-27T15:59:10.0752159Z"},"nsu=http://opcfoundation.org/UA/Plc/Applications;s=FastRandomUIntScalar2":{"Value":{"Type":7,"Body":1555512353},"SourceTimestamp":"2024-04-27T15:59:10.0752283Z","ServerTimestamp":"2024-04-27T15:59:10.075231Z"},"nsu=http://opcfoundation.org/UA/Plc/Applications;s=FastRandomUIntScalar3":{"Value":{"Type":7,"Body":1609054150},"SourceTimestamp":"2024-04-27T15:59:10.0752333Z","ServerTimestamp":"2024-04-27T15:59:10.0752355Z"},"nsu=http://opcfoundation.org/UA/Plc/Applications;s=SpikeData":{"Value":{"Type":11,"Body":24.868988716485479},"SourceTimestamp":"2024-04-27T15:59:10.9703787Z","ServerTimestamp":"2024-04-27T15:59:10.9703795Z"}}}]