[{"SequenceNumber":93,"MetaDataVersion":{"MajorVersion":1},"Timestamp":"2024-04-27T15:59:14.0192592Z","MessageType":"ua-deltaframe","DataSetWriterName":"<<UnknownDataSet>>","Payload":{"nsu=http://opcfoundation.org/UA/Plc/Applications;s=StepUp":{"Value":{"Type":7,"Body":1029},"SourceTimestamp":"2024-04-27T15:59:13.9698988Z","ServerTimestamp":"2024-04-27T15:59:13.9699023Z"},"nsu=http://opcfoundation.org/UA/Plc/Applications;s=RandomSignedInt32":{"Value":{"Type":6,"Body":663660004},"SourceTimestamp":"2024-04-27T15:59:13.9699157Z","ServerTimestamp":"2024-04-27T15:59:13.9699171Z"},"nsu=http://opcfoundation.org/UA/Plc/Applications;s=RandomUnsignedInt32":{"Value":{"Type":7,"Body":1521237537},"SourceTimestamp":"2024-04-27T15:59:13.9699311Z","ServerTimestamp":"2024-04-27T15:59:13.9699325Z"},"nsu=http://opcfoundation.org/UA/Plc/Applications;s=DipData":{"Value":{"Type":11,"Body":36.812455268467772},"SourceTimestamp":"2024-04-27T15:59:13.9699384Z","ServerTimestamp":"2024-04-27T15:59:13.9699393Z"},"nsu=http://opcfoundation.org/UA/Plc/Applications;s=FastUIntScalar1":{"Value":{"Type":7,"Body":102},"SourceTimestamp":"2024-04-27T15:59:13.079568Z","ServerTimestamp":"2024-04-27T15:59:13.0795754Z"},"nsu=http://opcfoundation.org/UA/Plc/Applications;s=FastUIntScalar2":{"Value":{"Type":7,"Body":102},"SourceTimestamp":"2024-04-27T15:59:13.0795817Z","ServerTimestamp":"2024-04-27T15:59:13.0795896Z"},"nsu=http://opcfoundation.org/UA/Plc/Applications;s=FastUIntScalar3":{"Value":{"Type":7,"Body":102},"SourceTimestamp":"2024-04-27T15:59:13.0795912Z","ServerTimestamp":"2024-04-27T15:59:13.079592Z"},"nsu=http://opcfoundation.org/UA/Plc/Applications;s=FastRandomUIntScalar1":{"Value":{"Type":7,"Body":20556152},"SourceTimestamp":"2024-04-27T15:59:13.0795629Z","ServerTimestamp":"2024-04-27T15:59:13.0795654Z"},"nsu=http://opcfoundation.org/UA/Plc/Applications;s=FastRandomUIntScalar2":{"Value":{"Type":7,"Body":19486879},"SourceTimestamp":"2024-04-27T15:59:13.0795749Z","ServerTimestamp":"2024-04-27T15:59:13.0795819Z"},"nsu=http://opcfoundation.org/UA/Plc/Applications;s=FastRandomUIntScalar3":{"Value":{"Type":7,"Body":3384921714},"SourceTimestamp":"2024-04-27T15:59:13.0795835Z","ServerTimestamp":"2024-04-27T15:59:13.0795843Z"},"nsu=http://opcfoundation.org/UA/Plc/Applications;s=SpikeData":{"Value":{"Type":11,"Body":36.812455268467772},"SourceTimestamp":"2024-04-27T15:59:13.969942Z","ServerTimestamp":"2024-04-27T15:59:13.9699577Z"}}}]