{"MessageId":"415bbfcb-c5e5-4aa4-ba71-db78259f4ddf","MessageType":"ua-data","PublisherId":"DESKTOP-BGFJS91","DataSetWriterGroup":"<<UnknownWriterGroup>>","Messages":[{"MetaDataVersion":{"MajorVersion":1},"MessageType":"ua-deltaframe","DataSetWriterName":"<<UnknownDataSet>>","Payload":{"i=2271":{"Value":["en-US"],"SourceTimestamp":"2024-04-27T10:18:03.3831533Z"},"i=2254":{"Value":["urn:desktop-bgfjs91:OPCFoundation:CoreSampleServer"],"SourceTimestamp":"2024-04-27T10:18:03.0898416Z"},"i=2255":{"Value":["http://opcfoundation.org/UA/","urn:desktop-bgfjs91:OPCFoundation:CoreSampleServer","http://test.org/UA/Data/","http://test.org/UA/Data//Instance","http://opcfoundation.org/UA/Boiler//Instance","urn:localhost:somecompany.com:VehiclesServer","http://opcfoundation.org/UA/Vehicles/Types","http://opcfoundation.org/UA/Vehicles/Instances","http://opcfoundation.org/ReferenceApplications","http://opcfoundation.org/HistoricalEvents","http://opcfoundation.org/HistoricalAccess","http://opcfoundation.org/UA/Views","http://opcfoundation.org/UA/Engineering","http://opcfoundation.org/UA/Operations","DataAccess","http://opcfoundation.org/AlarmCondition","http://opcfoundation.org/SimpleEvents","http://opcfoundation.org/UA/Plc/Applications","http://opcfoundation.org/UA/Plc","http://opcfoundation.org/UA/Plc/PlcInstance","http://opcfoundation.org/UA/Diagnostics","http://samples.org/UA/memorybuffer","http://samples.org/UA/memorybuffer/Instance","http://opcfoundation.org/UA/Boiler/"],"SourceTimestamp":"2024-04-27T10:18:03.0898308Z"},"i=11702":{"Value":65535,"SourceTimestamp":"2024-04-27T10:18:03.2185197Z"},"i=11703":{"Value":130816,"SourceTimestamp":"2024-04-27T10:18:03.2186196Z"}}}]}