{"MessageId":"dac5785d-ea6d-43bb-a299-5e2e7b243576","MessageType":"ua-data","PublisherId":"DESKTOP-BGFJS91","DataSetWriterGroup":"<<UnknownWriterGroup>>","Messages":[{"DataSetWriterId":17,"SequenceNumber":10,"MetaDataVersion":{"MajorVersion":1},"Timestamp":"2024-04-27T12:45:04.1844173Z","MessageType":"ua-deltaframe","DataSetWriterName":"Assembly","Payload":{"nsu=http://opcfoundation.org/UA/Plc/Applications;s=BadSlowUIntScalar1":{"Value":{"Body":null},"StatusCode":2150694912,"SourceTimestamp":"2024-04-27T12:45:02.6497056Z","ServerTimestamp":"2024-04-27T12:45:02.6497058Z"}}}]}