[{"DataSetWriterId":1,"SequenceNumber":5,"MetaDataVersion":{"MajorVersion":1},"Timestamp":"2024-04-26T12:12:13.4114794Z","MessageType":"ua-deltaframe","DataSetWriterName":"<<UnknownDataSet>>","Payload":{"nsu=http://opcfoundation.org/UA/Plc/Applications;s=SlowUIntScalar1":{"Value":{"Type":7,"Body":5},"SourceTimestamp":"2024-04-26T12:12:11.7408825Z","ServerTimestamp":"2024-04-26T12:12:11.7408853Z"},"nsu=http://opcfoundation.org/UA/Plc/Applications;s=SlowUIntScalar2":{"Value":{"Type":7,"Body":5},"SourceTimestamp":"2024-04-26T12:12:11.7408915Z","ServerTimestamp":"2024-04-26T12:12:11.740892Z"},"nsu=http://opcfoundation.org/UA/Plc/Applications;s=SlowUIntScalar3":{"Value":{"Type":7,"Body":5},"SourceTimestamp":"2024-04-26T12:12:11.7408929Z","ServerTimestamp":"2024-04-26T12:12:11.7408933Z"},"nsu=http://opcfoundation.org/UA/Plc/Applications;s=BadSlowUIntScalar1":{"Value":{"Type":7,"Body":5},"SourceTimestamp":"2024-04-26T12:12:11.7408944Z","ServerTimestamp":"2024-04-26T12:12:11.7408946Z"}}}]