[{"SequenceNumber":12,"MetaDataVersion":{"MajorVersion":1},"Timestamp":"2024-04-26T12:12:22.26584Z","MessageType":"ua-deltaframe","DataSetWriterName":"<<UnknownDataSet>>","Payload":{"nsu=http://opcfoundation.org/UA/Plc/Applications;s=NegativeTrendData":{"Value":{"Type":11,"Body":98.900000000000006},"SourceTimestamp":"2024-04-26T12:12:21.8306911Z","ServerTimestamp":"2024-04-26T12:12:21.8306967Z"},"nsu=http://opcfoundation.org/UA/Plc/Applications;s=PositiveTrendData":{"Value":{"Type":11,"Body":100.40000000000001},"SourceTimestamp":"2024-04-26T12:12:21.8307012Z","ServerTimestamp":"2024-04-26T12:12:21.8307032Z"}}}]