[{"DataSetWriterId":1,"SequenceNumber":7,"MetaDataVersion":{"MajorVersion":1},"Timestamp":"2024-04-26T12:12:33.4353748Z","MessageType":"ua-deltaframe","DataSetWriterName":"<<UnknownDataSet>>","Payload":{"nsu=http://opcfoundation.org/UA/Plc/Applications;s=SlowUIntScalar1":{"Value":{"Type":7,"Body":7},"SourceTimestamp":"2024-04-26T12:12:31.7284487Z","ServerTimestamp":"2024-04-26T12:12:31.7284519Z"},"nsu=http://opcfoundation.org/UA/Plc/Applications;s=SlowUIntScalar2":{"Value":{"Type":7,"Body":7},"SourceTimestamp":"2024-04-26T12:12:31.7284693Z","ServerTimestamp":"2024-04-26T12:12:31.7284764Z"},"nsu=http://opcfoundation.org/UA/Plc/Applications;s=SlowUIntScalar3":{"Value":{"Type":7,"Body":7},"SourceTimestamp":"2024-04-26T12:12:31.7284776Z","ServerTimestamp":"2024-04-26T12:12:31.7284832Z"},"nsu=http://opcfoundation.org/UA/Plc/Applications;s=BadSlowUIntScalar1":{"Value":{"Type":7,"Body":7},"SourceTimestamp":"2024-04-26T12:12:31.7284849Z","ServerTimestamp":"2024-04-26T12:12:31.7284854Z"}}}]