[{"SequenceNumber":15,"MetaDataVersion":{"MajorVersion":1},"Timestamp":"2024-04-26T12:12:37.26496Z","MessageType":"ua-deltaframe","DataSetWriterName":"<<UnknownDataSet>>","Payload":{"nsu=http://opcfoundation.org/UA/Plc/Applications;s=NegativeTrendData":{"Value":{"Type":11,"Body":98.599999999999994},"SourceTimestamp":"2024-04-26T12:12:36.8289132Z","ServerTimestamp":"2024-04-26T12:12:36.8289142Z"},"nsu=http://opcfoundation.org/UA/Plc/Applications;s=PositiveTrendData":{"Value":{"Type":11,"Body":100.7},"SourceTimestamp":"2024-04-26T12:12:36.8289174Z","ServerTimestamp":"2024-04-26T12:12:36.8289204Z"}}}]