[{"SequenceNumber":16,"MetaDataVersion":{"MajorVersion":1},"Timestamp":"2024-04-26T12:12:42.2907084Z","MessageType":"ua-deltaframe","DataSetWriterName":"<<UnknownDataSet>>","Payload":{"nsu=http://opcfoundation.org/UA/Plc/Applications;s=NegativeTrendData":{"Value":{"Type":11,"Body":98.5},"SourceTimestamp":"2024-04-26T12:12:41.8363523Z","ServerTimestamp":"2024-04-26T12:12:41.8363547Z"},"nsu=http://opcfoundation.org/UA/Plc/Applications;s=PositiveTrendData":{"Value":{"Type":11,"Body":100.8},"SourceTimestamp":"2024-04-26T12:12:41.8363428Z","ServerTimestamp":"2024-04-26T12:12:41.8363441Z"}}}]