[{"SequenceNumber":18,"MetaDataVersion":{"MajorVersion":1},"Timestamp":"2024-04-26T12:12:52.273008Z","MessageType":"ua-deltaframe","DataSetWriterName":"<<UnknownDataSet>>","Payload":{"nsu=http://opcfoundation.org/UA/Plc/Applications;s=NegativeTrendData":{"Value":{"Type":11,"Body":98.299999999999997},"SourceTimestamp":"2024-04-26T12:12:51.832122Z","ServerTimestamp":"2024-04-26T12:12:51.8321243Z"},"nsu=http://opcfoundation.org/UA/Plc/Applications;s=PositiveTrendData":{"Value":{"Type":11,"Body":101},"SourceTimestamp":"2024-04-26T12:12:51.832122Z","ServerTimestamp":"2024-04-26T12:12:51.8321226Z"}}}]