[{"DataSetWriterId":1,"SequenceNumber":1,"MetaDataVersion":{"MajorVersion":1},"Timestamp":"2024-04-26T12:11:33.4064241Z","MessageType":"ua-deltaframe","DataSetWriterName":"<<UnknownDataSet>>","Payload":{"nsu=http://opcfoundation.org/UA/Plc/Applications;s=SlowUIntScalar1":{"Value":{"Type":7,"Body":1},"SourceTimestamp":"2024-04-26T12:11:31.7284083Z","ServerTimestamp":"2024-04-26T12:11:31.7284113Z"},"nsu=http://opcfoundation.org/UA/Plc/Applications;s=SlowUIntScalar2":{"Value":{"Type":7,"Body":1},"SourceTimestamp":"2024-04-26T12:11:31.7284249Z","ServerTimestamp":"2024-04-26T12:11:31.7284257Z"},"nsu=http://opcfoundation.org/UA/Plc/Applications;s=SlowUIntScalar3":{"Value":{"Type":7,"Body":1},"SourceTimestamp":"2024-04-26T12:11:31.7284271Z","ServerTimestamp":"2024-04-26T12:11:31.7284284Z"},"nsu=http://opcfoundation.org/UA/Plc/Applications;s=BadSlowUIntScalar1":{"Value":{"Type":7,"Body":1},"SourceTimestamp":"2024-04-26T12:11:31.7284295Z","ServerTimestamp":"2024-04-26T12:11:31.7284306Z"}}}]