{"SequenceNumber":10,"MetaDataVersion":{"MajorVersion":1},"Timestamp":"2024-04-27T17:11:06.6923187Z","MessageType":"ua-condition","DataSetWriterName":"<<UnknownDataSet>>|PendingAlarms","Payload":{"ConditionClassId":{"Value":{"Body":null},"SourceTimestamp":"2024-04-27T17:11:02.4884323Z"},"ConditionClassName":{"Value":{"Body":null},"SourceTimestamp":"2024-04-27T17:11:02.4884323Z"},"ConditionSubClassId":{"Value":{"Body":null},"SourceTimestamp":"2024-04-27T17:11:02.4884323Z"},"ConditionSubClassName":{"Value":{"Body":null},"SourceTimestamp":"2024-04-27T17:11:02.4884323Z"},"EventId":{"Value":{"Type":15,"Body":"rVhd8v9bb0isHY1lvuVTKw=="},"SourceTimestamp":"2024-04-27T17:11:02.4884323Z"},"EventType":{"Value":{"Type":17,"Body":{"Id":9764}},"SourceTimestamp":"2024-04-27T17:11:02.4884323Z"},"LocalTime":{"Value":{"Type":22,"Body":{"TypeId":{"Id":15086},"Body":{"Offset":120,"DaylightSavingInOffset":true}}},"SourceTimestamp":"2024-04-27T17:11:02.4884323Z"},"Message":{"Value":{"Type":21,"Body":{"Text":"The alarm severity has increased."}},"SourceTimestamp":"2024-04-27T17:11:02.4884323Z"},"ReceiveTime":{"Value":{"Type":13,"Body":"2024-04-27T17:11:01.631478Z"},"SourceTimestamp":"2024-04-27T17:11:02.4884323Z"},"Severity":{"Value":{"Type":5,"Body":500},"SourceTimestamp":"2024-04-27T17:11:02.4884323Z"},"SourceName":{"Value":{"Type":12,"Body":"EastTank"},"SourceTimestamp":"2024-04-27T17:11:02.4884323Z"},"SourceNode":{"Value":{"Type":17,"Body":{"IdType":1,"Id":"1:Colours/EastTank","Namespace":15}},"SourceTimestamp":"2024-04-27T17:11:02.4884323Z"},"Time":{"Value":{"Type":13,"Body":"2024-04-27T17:11:01.6314636Z"},"SourceTimestamp":"2024-04-27T17:11:02.4884323Z"}}}