{"SequenceNumber":101,"MetaDataVersion":{"MajorVersion":1},"Timestamp":"2024-04-27T17:12:27.2169819Z","MessageType":"ua-condition","DataSetWriterName":"<<UnknownDataSet>>|PendingAlarms","Payload":{"ConditionClassId":{"Value":{"Body":null},"SourceTimestamp":"2024-04-27T17:12:22.4654149Z"},"ConditionClassName":{"Value":{"Body":null},"SourceTimestamp":"2024-04-27T17:12:22.4654149Z"},"ConditionSubClassId":{"Value":{"Body":null},"SourceTimestamp":"2024-04-27T17:12:22.4654149Z"},"ConditionSubClassName":{"Value":{"Body":null},"SourceTimestamp":"2024-04-27T17:12:22.4654149Z"},"EventId":{"Value":{"Type":15,"Body":"ESWIM+2CbUasjhTyuX6MaA=="},"SourceTimestamp":"2024-04-27T17:12:22.4654149Z"},"EventType":{"Value":{"Type":17,"Body":{"Id":10060}},"SourceTimestamp":"2024-04-27T17:12:22.4654149Z"},"LocalTime":{"Value":{"Type":22,"Body":{"TypeId":{"Id":15086},"Body":{"Offset":120,"DaylightSavingInOffset":true}}},"SourceTimestamp":"2024-04-27T17:12:22.4654149Z"},"Message":{"Value":{"Type":21,"Body":{"Text":"The alarm is active."}},"SourceTimestamp":"2024-04-27T17:12:22.4654149Z"},"ReceiveTime":{"Value":{"Type":13,"Body":"2024-04-27T17:12:21.6446581Z"},"SourceTimestamp":"2024-04-27T17:12:22.4654149Z"},"Severity":{"Value":{"Type":5,"Body":100},"SourceTimestamp":"2024-04-27T17:12:22.4654149Z"},"SourceName":{"Value":{"Type":12,"Body":"SouthMotor"},"SourceTimestamp":"2024-04-27T17:12:22.4654149Z"},"SourceNode":{"Value":{"Type":17,"Body":{"IdType":1,"Id":"1:Metals/SouthMotor","Namespace":15}},"SourceTimestamp":"2024-04-27T17:12:22.4654149Z"},"Time":{"Value":{"Type":13,"Body":"2024-04-27T17:12:21.6446535Z"},"SourceTimestamp":"2024-04-27T17:12:22.4654149Z"}}}