{"SequenceNumber":102,"MetaDataVersion":{"MajorVersion":1},"Timestamp":"2024-04-27T17:12:27.2171307Z","MessageType":"ua-condition","DataSetWriterName":"<<UnknownDataSet>>|PendingAlarms","Payload":{"ConditionClassId":{"Value":{"Body":null},"SourceTimestamp":"2024-04-27T17:12:26.4871807Z"},"ConditionClassName":{"Value":{"Body":null},"SourceTimestamp":"2024-04-27T17:12:26.4871807Z"},"ConditionSubClassId":{"Value":{"Body":null},"SourceTimestamp":"2024-04-27T17:12:26.4871807Z"},"ConditionSubClassName":{"Value":{"Body":null},"SourceTimestamp":"2024-04-27T17:12:26.4871807Z"},"EventId":{"Value":{"Type":15,"Body":"7DiudrEpgkuEk2gH4STTsA=="},"SourceTimestamp":"2024-04-27T17:12:26.4871807Z"},"EventType":{"Value":{"Type":17,"Body":{"Id":9764}},"SourceTimestamp":"2024-04-27T17:12:26.4871807Z"},"LocalTime":{"Value":{"Type":22,"Body":{"TypeId":{"Id":15086},"Body":{"Offset":120,"DaylightSavingInOffset":true}}},"SourceTimestamp":"2024-04-27T17:12:26.4871807Z"},"Message":{"Value":{"Type":21,"Body":{"Text":"The alarm severity has increased."}},"SourceTimestamp":"2024-04-27T17:12:26.4871807Z"},"ReceiveTime":{"Value":{"Type":13,"Body":"2024-04-27T17:12:25.6351745Z"},"SourceTimestamp":"2024-04-27T17:12:26.4871807Z"},"Severity":{"Value":{"Type":5,"Body":900},"SourceTimestamp":"2024-04-27T17:12:26.4871807Z"},"SourceName":{"Value":{"Type":12,"Body":"WestTank"},"SourceTimestamp":"2024-04-27T17:12:26.4871807Z"},"SourceNode":{"Value":{"Type":17,"Body":{"IdType":1,"Id":"1:Metals/WestTank","Namespace":15}},"SourceTimestamp":"2024-04-27T17:12:26.4871807Z"},"Time":{"Value":{"Type":13,"Body":"2024-04-27T17:12:25.6351706Z"},"SourceTimestamp":"2024-04-27T17:12:26.4871807Z"}}}