{"SequenceNumber":107,"MetaDataVersion":{"MajorVersion":1},"Timestamp":"2024-04-27T17:12:37.2860359Z","MessageType":"ua-condition","DataSetWriterName":"<<UnknownDataSet>>|PendingAlarms","Payload":{"ConditionClassId":{"Value":{"Body":null},"SourceTimestamp":"2024-04-27T17:12:36.4626194Z"},"ConditionClassName":{"Value":{"Body":null},"SourceTimestamp":"2024-04-27T17:12:36.4626194Z"},"ConditionSubClassId":{"Value":{"Body":null},"SourceTimestamp":"2024-04-27T17:12:36.4626194Z"},"ConditionSubClassName":{"Value":{"Body":null},"SourceTimestamp":"2024-04-27T17:12:36.4626194Z"},"EventId":{"Value":{"Type":15,"Body":"nU7rcyrOQE+/a9abOkUi+Q=="},"SourceTimestamp":"2024-04-27T17:12:36.4626194Z"},"EventType":{"Value":{"Type":17,"Body":{"Id":10060}},"SourceTimestamp":"2024-04-27T17:12:36.4626194Z"},"LocalTime":{"Value":{"Type":22,"Body":{"TypeId":{"Id":15086},"Body":{"Offset":120,"DaylightSavingInOffset":true}}},"SourceTimestamp":"2024-04-27T17:12:36.4626194Z"},"Message":{"Value":{"Type":21,"Body":{"Text":"The alarm severity has increased."}},"SourceTimestamp":"2024-04-27T17:12:36.4626194Z"},"ReceiveTime":{"Value":{"Type":13,"Body":"2024-04-27T17:12:35.6346693Z"},"SourceTimestamp":"2024-04-27T17:12:36.4626194Z"},"Severity":{"Value":{"Type":5,"Body":900},"SourceTimestamp":"2024-04-27T17:12:36.4626194Z"},"SourceName":{"Value":{"Type":12,"Body":"WestTank"},"SourceTimestamp":"2024-04-27T17:12:36.4626194Z"},"SourceNode":{"Value":{"Type":17,"Body":{"IdType":1,"Id":"1:Metals/WestTank","Namespace":15}},"SourceTimestamp":"2024-04-27T17:12:36.4626194Z"},"Time":{"Value":{"Type":13,"Body":"2024-04-27T17:12:35.6345891Z"},"SourceTimestamp":"2024-04-27T17:12:36.4626194Z"}}}