{"SequenceNumber":110,"MetaDataVersion":{"MajorVersion":1},"Timestamp":"2024-04-27T17:12:37.2864135Z","MessageType":"ua-condition","DataSetWriterName":"<<UnknownDataSet>>|PendingAlarms","Payload":{"ConditionClassId":{"Value":{"Body":null},"SourceTimestamp":"2024-04-27T17:12:34.4748908Z"},"ConditionClassName":{"Value":{"Body":null},"SourceTimestamp":"2024-04-27T17:12:34.4748908Z"},"ConditionSubClassId":{"Value":{"Body":null},"SourceTimestamp":"2024-04-27T17:12:34.4748908Z"},"ConditionSubClassName":{"Value":{"Body":null},"SourceTimestamp":"2024-04-27T17:12:34.4748908Z"},"EventId":{"Value":{"Type":15,"Body":"loIIAHRi2E2FP6cuBwiBDQ=="},"SourceTimestamp":"2024-04-27T17:12:34.4748908Z"},"EventType":{"Value":{"Type":17,"Body":{"Id":9764}},"SourceTimestamp":"2024-04-27T17:12:34.4748908Z"},"LocalTime":{"Value":{"Type":22,"Body":{"TypeId":{"Id":15086},"Body":{"Offset":120,"DaylightSavingInOffset":true}}},"SourceTimestamp":"2024-04-27T17:12:34.4748908Z"},"Message":{"Value":{"Type":21,"Body":{"Text":"The alarm is active."}},"SourceTimestamp":"2024-04-27T17:12:34.4748908Z"},"ReceiveTime":{"Value":{"Type":13,"Body":"2024-04-27T17:12:33.6373092Z"},"SourceTimestamp":"2024-04-27T17:12:34.4748908Z"},"Severity":{"Value":{"Type":5,"Body":100},"SourceTimestamp":"2024-04-27T17:12:34.4748908Z"},"SourceName":{"Value":{"Type":12,"Body":"NorthMotor"},"SourceTimestamp":"2024-04-27T17:12:34.4748908Z"},"SourceNode":{"Value":{"Type":17,"Body":{"IdType":1,"Id":"1:Colours/NorthMotor","Namespace":15}},"SourceTimestamp":"2024-04-27T17:12:34.4748908Z"},"Time":{"Value":{"Type":13,"Body":"2024-04-27T17:12:33.6372957Z"},"SourceTimestamp":"2024-04-27T17:12:34.4748908Z"}}}