{"SequenceNumber":111,"MetaDataVersion":{"MajorVersion":1},"Timestamp":"2024-04-27T17:12:37.2865185Z","MessageType":"ua-condition","DataSetWriterName":"<<UnknownDataSet>>|PendingAlarms","Payload":{"ConditionClassId":{"Value":{"Body":null},"SourceTimestamp":"2024-04-27T17:12:30.5126311Z"},"ConditionClassName":{"Value":{"Body":null},"SourceTimestamp":"2024-04-27T17:12:30.5126311Z"},"ConditionSubClassId":{"Value":{"Body":null},"SourceTimestamp":"2024-04-27T17:12:30.5126311Z"},"ConditionSubClassName":{"Value":{"Body":null},"SourceTimestamp":"2024-04-27T17:12:30.5126311Z"},"EventId":{"Value":{"Type":15,"Body":"vQ2iViELy0a6eoRDakGWGg=="},"SourceTimestamp":"2024-04-27T17:12:30.5126311Z"},"EventType":{"Value":{"Type":17,"Body":{"Id":10060}},"SourceTimestamp":"2024-04-27T17:12:30.5126311Z"},"LocalTime":{"Value":{"Type":22,"Body":{"TypeId":{"Id":15086},"Body":{"Offset":120,"DaylightSavingInOffset":true}}},"SourceTimestamp":"2024-04-27T17:12:30.5126311Z"},"Message":{"Value":{"Type":21,"Body":{"Text":"The alarm severity has increased."}},"SourceTimestamp":"2024-04-27T17:12:30.5126311Z"},"ReceiveTime":{"Value":{"Type":13,"Body":"2024-04-27T17:12:29.6386054Z"},"SourceTimestamp":"2024-04-27T17:12:30.5126311Z"},"Severity":{"Value":{"Type":5,"Body":300},"SourceTimestamp":"2024-04-27T17:12:30.5126311Z"},"SourceName":{"Value":{"Type":12,"Body":"SouthMotor"},"SourceTimestamp":"2024-04-27T17:12:30.5126311Z"},"SourceNode":{"Value":{"Type":17,"Body":{"IdType":1,"Id":"1:Metals/SouthMotor","Namespace":15}},"SourceTimestamp":"2024-04-27T17:12:30.5126311Z"},"Time":{"Value":{"Type":13,"Body":"2024-04-27T17:12:29.6385998Z"},"SourceTimestamp":"2024-04-27T17:12:30.5126311Z"}}}