{"SequenceNumber":114,"MetaDataVersion":{"MajorVersion":1},"Timestamp":"2024-04-27T17:12:37.2868525Z","MessageType":"ua-condition","DataSetWriterName":"<<UnknownDataSet>>|PendingAlarms","Payload":{"ConditionClassId":{"Value":{"Body":null},"SourceTimestamp":"2024-04-27T17:12:36.4626194Z"},"ConditionClassName":{"Value":{"Body":null},"SourceTimestamp":"2024-04-27T17:12:36.4626194Z"},"ConditionSubClassId":{"Value":{"Body":null},"SourceTimestamp":"2024-04-27T17:12:36.4626194Z"},"ConditionSubClassName":{"Value":{"Body":null},"SourceTimestamp":"2024-04-27T17:12:36.4626194Z"},"EventId":{"Value":{"Type":15,"Body":"tDGXEKiQW0GKhsBwHxQzBg=="},"SourceTimestamp":"2024-04-27T17:12:36.4626194Z"},"EventType":{"Value":{"Type":17,"Body":{"Id":9764}},"SourceTimestamp":"2024-04-27T17:12:36.4626194Z"},"LocalTime":{"Value":{"Type":22,"Body":{"TypeId":{"Id":15086},"Body":{"Offset":120,"DaylightSavingInOffset":true}}},"SourceTimestamp":"2024-04-27T17:12:36.4626194Z"},"Message":{"Value":{"Type":21,"Body":{"Text":"The alarm was deactivated by the system."}},"SourceTimestamp":"2024-04-27T17:12:36.4626194Z"},"ReceiveTime":{"Value":{"Type":13,"Body":"2024-04-27T17:12:35.6345921Z"},"SourceTimestamp":"2024-04-27T17:12:36.4626194Z"},"Severity":{"Value":{"Type":5,"Body":100},"SourceTimestamp":"2024-04-27T17:12:36.4626194Z"},"SourceName":{"Value":{"Type":12,"Body":"WestTank"},"SourceTimestamp":"2024-04-27T17:12:36.4626194Z"},"SourceNode":{"Value":{"Type":17,"Body":{"IdType":1,"Id":"1:Metals/WestTank","Namespace":15}},"SourceTimestamp":"2024-04-27T17:12:36.4626194Z"},"Time":{"Value":{"Type":13,"Body":"2024-04-27T17:12:35.6345876Z"},"SourceTimestamp":"2024-04-27T17:12:36.4626194Z"}}}