{"SequenceNumber":14,"MetaDataVersion":{"MajorVersion":1},"Timestamp":"2024-04-27T17:11:06.6932062Z","MessageType":"ua-condition","DataSetWriterName":"<<UnknownDataSet>>|PendingAlarms","Payload":{"ConditionClassId":{"Value":{"Body":null},"SourceTimestamp":"2024-04-27T17:11:04.4740021Z"},"ConditionClassName":{"Value":{"Body":null},"SourceTimestamp":"2024-04-27T17:11:04.4740021Z"},"ConditionSubClassId":{"Value":{"Body":null},"SourceTimestamp":"2024-04-27T17:11:04.4740021Z"},"ConditionSubClassName":{"Value":{"Body":null},"SourceTimestamp":"2024-04-27T17:11:04.4740021Z"},"EventId":{"Value":{"Type":15,"Body":"H5aEPPARG0ycRrjdoWawFA=="},"SourceTimestamp":"2024-04-27T17:11:04.4740021Z"},"EventType":{"Value":{"Type":17,"Body":{"Id":9764}},"SourceTimestamp":"2024-04-27T17:11:04.4740021Z"},"LocalTime":{"Value":{"Type":22,"Body":{"TypeId":{"Id":15086},"Body":{"Offset":120,"DaylightSavingInOffset":true}}},"SourceTimestamp":"2024-04-27T17:11:04.4740021Z"},"Message":{"Value":{"Type":21,"Body":{"Text":"The alarm severity has increased."}},"SourceTimestamp":"2024-04-27T17:11:04.4740021Z"},"ReceiveTime":{"Value":{"Type":13,"Body":"2024-04-27T17:11:03.6394195Z"},"SourceTimestamp":"2024-04-27T17:11:04.4740021Z"},"Severity":{"Value":{"Type":5,"Body":500},"SourceTimestamp":"2024-04-27T17:11:04.4740021Z"},"SourceName":{"Value":{"Type":12,"Body":"NorthMotor"},"SourceTimestamp":"2024-04-27T17:11:04.4740021Z"},"SourceNode":{"Value":{"Type":17,"Body":{"IdType":1,"Id":"1:Colours/NorthMotor","Namespace":15}},"SourceTimestamp":"2024-04-27T17:11:04.4740021Z"},"Time":{"Value":{"Type":13,"Body":"2024-04-27T17:11:03.6394129Z"},"SourceTimestamp":"2024-04-27T17:11:04.4740021Z"}}}