{"SequenceNumber":18,"MetaDataVersion":{"MajorVersion":1},"Timestamp":"2024-04-27T17:11:06.6937369Z","MessageType":"ua-condition","DataSetWriterName":"<<UnknownDataSet>>|PendingAlarms","Payload":{"ConditionClassId":{"Value":{"Body":null},"SourceTimestamp":"2024-04-27T17:11:06.521417Z"},"ConditionClassName":{"Value":{"Body":null},"SourceTimestamp":"2024-04-27T17:11:06.521417Z"},"ConditionSubClassId":{"Value":{"Body":null},"SourceTimestamp":"2024-04-27T17:11:06.521417Z"},"ConditionSubClassName":{"Value":{"Body":null},"SourceTimestamp":"2024-04-27T17:11:06.521417Z"},"EventId":{"Value":{"Type":15,"Body":"QLKE9w4z1UWp1S3gb8UWWQ=="},"SourceTimestamp":"2024-04-27T17:11:06.521417Z"},"EventType":{"Value":{"Type":17,"Body":{"Id":9764}},"SourceTimestamp":"2024-04-27T17:11:06.521417Z"},"LocalTime":{"Value":{"Type":22,"Body":{"TypeId":{"Id":15086},"Body":{"Offset":120,"DaylightSavingInOffset":true}}},"SourceTimestamp":"2024-04-27T17:11:06.521417Z"},"Message":{"Value":{"Type":21,"Body":{"Text":"The alarm severity has increased."}},"SourceTimestamp":"2024-04-27T17:11:06.521417Z"},"ReceiveTime":{"Value":{"Type":13,"Body":"2024-04-27T17:11:05.635873Z"},"SourceTimestamp":"2024-04-27T17:11:06.521417Z"},"Severity":{"Value":{"Type":5,"Body":500},"SourceTimestamp":"2024-04-27T17:11:06.521417Z"},"SourceName":{"Value":{"Type":12,"Body":"WestTank"},"SourceTimestamp":"2024-04-27T17:11:06.521417Z"},"SourceNode":{"Value":{"Type":17,"Body":{"IdType":1,"Id":"1:Metals/WestTank","Namespace":15}},"SourceTimestamp":"2024-04-27T17:11:06.521417Z"},"Time":{"Value":{"Type":13,"Body":"2024-04-27T17:11:05.6358689Z"},"SourceTimestamp":"2024-04-27T17:11:06.521417Z"}}}