{"SequenceNumber":21,"MetaDataVersion":{"MajorVersion":1},"Timestamp":"2024-04-27T17:11:06.6941105Z","MessageType":"ua-condition","DataSetWriterName":"<<UnknownDataSet>>|PendingAlarms","Payload":{"ConditionClassId":{"Value":{"Body":null},"SourceTimestamp":"2024-04-27T17:10:57.4730228Z"},"ConditionClassName":{"Value":{"Body":null},"SourceTimestamp":"2024-04-27T17:10:57.4730228Z"},"ConditionSubClassId":{"Value":{"Body":null},"SourceTimestamp":"2024-04-27T17:10:57.4730228Z"},"ConditionSubClassName":{"Value":{"Body":null},"SourceTimestamp":"2024-04-27T17:10:57.4730228Z"},"EventId":{"Value":{"Type":15,"Body":"+jdXzG6zuU+fB2wqxfJtuQ=="},"SourceTimestamp":"2024-04-27T17:10:57.4730228Z"},"EventType":{"Value":{"Type":17,"Body":{"Id":9764}},"SourceTimestamp":"2024-04-27T17:10:57.4730228Z"},"LocalTime":{"Value":{"Type":22,"Body":{"TypeId":{"Id":15086},"Body":{"Offset":120,"DaylightSavingInOffset":true}}},"SourceTimestamp":"2024-04-27T17:10:57.4730228Z"},"Message":{"Value":{"Type":21,"Body":{"Text":"The alarm severity has increased."}},"SourceTimestamp":"2024-04-27T17:10:57.4730228Z"},"ReceiveTime":{"Value":{"Type":13,"Body":"2024-04-27T17:10:56.6394768Z"},"SourceTimestamp":"2024-04-27T17:10:57.4730228Z"},"Severity":{"Value":{"Type":5,"Body":300},"SourceTimestamp":"2024-04-27T17:10:57.4730228Z"},"SourceName":{"Value":{"Type":12,"Body":"SouthMotor"},"SourceTimestamp":"2024-04-27T17:10:57.4730228Z"},"SourceNode":{"Value":{"Type":17,"Body":{"IdType":1,"Id":"1:Metals/SouthMotor","Namespace":15}},"SourceTimestamp":"2024-04-27T17:10:57.4730228Z"},"Time":{"Value":{"Type":13,"Body":"2024-04-27T17:10:56.6394731Z"},"SourceTimestamp":"2024-04-27T17:10:57.4730228Z"}}}