{"SequenceNumber":23,"MetaDataVersion":{"MajorVersion":1},"Timestamp":"2024-04-27T17:11:16.7668509Z","MessageType":"ua-condition","DataSetWriterName":"<<UnknownDataSet>>|PendingAlarms","Payload":{"ConditionClassId":{"Value":{"Body":null},"SourceTimestamp":"2024-04-27T17:11:10.4924014Z"},"ConditionClassName":{"Value":{"Body":null},"SourceTimestamp":"2024-04-27T17:11:10.4924014Z"},"ConditionSubClassId":{"Value":{"Body":null},"SourceTimestamp":"2024-04-27T17:11:10.4924014Z"},"ConditionSubClassName":{"Value":{"Body":null},"SourceTimestamp":"2024-04-27T17:11:10.4924014Z"},"EventId":{"Value":{"Type":15,"Body":"6xF2Catg5UyAv5D3b1ZTjw=="},"SourceTimestamp":"2024-04-27T17:11:10.4924014Z"},"EventType":{"Value":{"Type":17,"Body":{"Id":10751}},"SourceTimestamp":"2024-04-27T17:11:10.4924014Z"},"LocalTime":{"Value":{"Type":22,"Body":{"TypeId":{"Id":15086},"Body":{"Offset":120,"DaylightSavingInOffset":true}}},"SourceTimestamp":"2024-04-27T17:11:10.4924014Z"},"Message":{"Value":{"Type":21,"Body":{"Text":"The alarm severity has increased."}},"SourceTimestamp":"2024-04-27T17:11:10.4924014Z"},"ReceiveTime":{"Value":{"Type":13,"Body":"2024-04-27T17:11:09.6426064Z"},"SourceTimestamp":"2024-04-27T17:11:10.4924014Z"},"Severity":{"Value":{"Type":5,"Body":700},"SourceTimestamp":"2024-04-27T17:11:10.4924014Z"},"SourceName":{"Value":{"Type":12,"Body":"WestTank"},"SourceTimestamp":"2024-04-27T17:11:10.4924014Z"},"SourceNode":{"Value":{"Type":17,"Body":{"IdType":1,"Id":"1:Metals/WestTank","Namespace":15}},"SourceTimestamp":"2024-04-27T17:11:10.4924014Z"},"Time":{"Value":{"Type":13,"Body":"2024-04-27T17:11:09.6426011Z"},"SourceTimestamp":"2024-04-27T17:11:10.4924014Z"}}}