{"SequenceNumber":29,"MetaDataVersion":{"MajorVersion":1},"Timestamp":"2024-04-27T17:11:16.7681284Z","MessageType":"ua-condition","DataSetWriterName":"<<UnknownDataSet>>|PendingAlarms","Payload":{"ConditionClassId":{"Value":{"Body":null},"SourceTimestamp":"2024-04-27T17:11:16.4884603Z"},"ConditionClassName":{"Value":{"Body":null},"SourceTimestamp":"2024-04-27T17:11:16.4884603Z"},"ConditionSubClassId":{"Value":{"Body":null},"SourceTimestamp":"2024-04-27T17:11:16.4884603Z"},"ConditionSubClassName":{"Value":{"Body":null},"SourceTimestamp":"2024-04-27T17:11:16.4884603Z"},"EventId":{"Value":{"Type":15,"Body":"6ep0Qe2ZgUG92GzpydQWTQ=="},"SourceTimestamp":"2024-04-27T17:11:16.4884603Z"},"EventType":{"Value":{"Type":17,"Body":{"Id":10060}},"SourceTimestamp":"2024-04-27T17:11:16.4884603Z"},"LocalTime":{"Value":{"Type":22,"Body":{"TypeId":{"Id":15086},"Body":{"Offset":120,"DaylightSavingInOffset":true}}},"SourceTimestamp":"2024-04-27T17:11:16.4884603Z"},"Message":{"Value":{"Type":21,"Body":{"Text":"The alarm severity has increased."}},"SourceTimestamp":"2024-04-27T17:11:16.4884603Z"},"ReceiveTime":{"Value":{"Type":13,"Body":"2024-04-27T17:11:15.6345282Z"},"SourceTimestamp":"2024-04-27T17:11:16.4884603Z"},"Severity":{"Value":{"Type":5,"Body":700},"SourceTimestamp":"2024-04-27T17:11:16.4884603Z"},"SourceName":{"Value":{"Type":12,"Body":"NorthMotor"},"SourceTimestamp":"2024-04-27T17:11:16.4884603Z"},"SourceNode":{"Value":{"Type":17,"Body":{"IdType":1,"Id":"1:Colours/NorthMotor","Namespace":15}},"SourceTimestamp":"2024-04-27T17:11:16.4884603Z"},"Time":{"Value":{"Type":13,"Body":"2024-04-27T17:11:15.634522Z"},"SourceTimestamp":"2024-04-27T17:11:16.4884603Z"}}}