{"SequenceNumber":3,"MetaDataVersion":{"MajorVersion":1},"Timestamp":"2024-04-27T17:10:56.6147413Z","MessageType":"ua-condition","DataSetWriterName":"<<UnknownDataSet>>|PendingAlarms","Payload":{"ConditionClassId":{"Value":{"Body":null},"SourceTimestamp":"2024-04-27T17:10:54.5012884Z"},"ConditionClassName":{"Value":{"Body":null},"SourceTimestamp":"2024-04-27T17:10:54.5012884Z"},"ConditionSubClassId":{"Value":{"Body":null},"SourceTimestamp":"2024-04-27T17:10:54.5012884Z"},"ConditionSubClassName":{"Value":{"Body":null},"SourceTimestamp":"2024-04-27T17:10:54.5012884Z"},"EventId":{"Value":{"Type":15,"Body":"HkoJyjwnAEW2YZ4DnXTMtQ=="},"SourceTimestamp":"2024-04-27T17:10:54.5012884Z"},"EventType":{"Value":{"Type":17,"Body":{"Id":10060}},"SourceTimestamp":"2024-04-27T17:10:54.5012884Z"},"LocalTime":{"Value":{"Type":22,"Body":{"TypeId":{"Id":15086},"Body":{"Offset":120,"DaylightSavingInOffset":true}}},"SourceTimestamp":"2024-04-27T17:10:54.5012884Z"},"Message":{"Value":{"Type":21,"Body":{"Text":"The alarm severity has increased."}},"SourceTimestamp":"2024-04-27T17:10:54.5012884Z"},"ReceiveTime":{"Value":{"Type":13,"Body":"2024-04-27T17:10:53.6346507Z"},"SourceTimestamp":"2024-04-27T17:10:54.5012884Z"},"Severity":{"Value":{"Type":5,"Body":300},"SourceTimestamp":"2024-04-27T17:10:54.5012884Z"},"SourceName":{"Value":{"Type":12,"Body":"SouthMotor"},"SourceTimestamp":"2024-04-27T17:10:54.5012884Z"},"SourceNode":{"Value":{"Type":17,"Body":{"IdType":1,"Id":"1:Metals/SouthMotor","Namespace":15}},"SourceTimestamp":"2024-04-27T17:10:54.5012884Z"},"Time":{"Value":{"Type":13,"Body":"2024-04-27T17:10:53.6346472Z"},"SourceTimestamp":"2024-04-27T17:10:54.5012884Z"}}}