{"SequenceNumber":32,"MetaDataVersion":{"MajorVersion":1},"Timestamp":"2024-04-27T17:11:16.7685525Z","MessageType":"ua-condition","DataSetWriterName":"<<UnknownDataSet>>|PendingAlarms","Payload":{"ConditionClassId":{"Value":{"Body":null},"SourceTimestamp":"2024-04-27T17:11:08.5072387Z"},"ConditionClassName":{"Value":{"Body":null},"SourceTimestamp":"2024-04-27T17:11:08.5072387Z"},"ConditionSubClassId":{"Value":{"Body":null},"SourceTimestamp":"2024-04-27T17:11:08.5072387Z"},"ConditionSubClassName":{"Value":{"Body":null},"SourceTimestamp":"2024-04-27T17:11:08.5072387Z"},"EventId":{"Value":{"Type":15,"Body":"XbLQdccjQEmLW2gkll1hEg=="},"SourceTimestamp":"2024-04-27T17:11:08.5072387Z"},"EventType":{"Value":{"Type":17,"Body":{"Id":10060}},"SourceTimestamp":"2024-04-27T17:11:08.5072387Z"},"LocalTime":{"Value":{"Type":22,"Body":{"TypeId":{"Id":15086},"Body":{"Offset":120,"DaylightSavingInOffset":true}}},"SourceTimestamp":"2024-04-27T17:11:08.5072387Z"},"Message":{"Value":{"Type":21,"Body":{"Text":"The alarm severity has increased."}},"SourceTimestamp":"2024-04-27T17:11:08.5072387Z"},"ReceiveTime":{"Value":{"Type":13,"Body":"2024-04-27T17:11:07.6367853Z"},"SourceTimestamp":"2024-04-27T17:11:08.5072387Z"},"Severity":{"Value":{"Type":5,"Body":500},"SourceTimestamp":"2024-04-27T17:11:08.5072387Z"},"SourceName":{"Value":{"Type":12,"Body":"WestTank"},"SourceTimestamp":"2024-04-27T17:11:08.5072387Z"},"SourceNode":{"Value":{"Type":17,"Body":{"IdType":1,"Id":"1:Metals/WestTank","Namespace":15}},"SourceTimestamp":"2024-04-27T17:11:08.5072387Z"},"Time":{"Value":{"Type":13,"Body":"2024-04-27T17:11:07.6367778Z"},"SourceTimestamp":"2024-04-27T17:11:08.5072387Z"}}}