{"SequenceNumber":38,"MetaDataVersion":{"MajorVersion":1},"Timestamp":"2024-04-27T17:11:26.8271832Z","MessageType":"ua-condition","DataSetWriterName":"<<UnknownDataSet>>|PendingAlarms","Payload":{"ConditionClassId":{"Value":{"Body":null},"SourceTimestamp":"2024-04-27T17:11:26.514232Z"},"ConditionClassName":{"Value":{"Body":null},"SourceTimestamp":"2024-04-27T17:11:26.514232Z"},"ConditionSubClassId":{"Value":{"Body":null},"SourceTimestamp":"2024-04-27T17:11:26.514232Z"},"ConditionSubClassName":{"Value":{"Body":null},"SourceTimestamp":"2024-04-27T17:11:26.514232Z"},"EventId":{"Value":{"Type":15,"Body":"fXSCiuseN0qvxQtSc5+L/w=="},"SourceTimestamp":"2024-04-27T17:11:26.514232Z"},"EventType":{"Value":{"Type":17,"Body":{"Id":10751}},"SourceTimestamp":"2024-04-27T17:11:26.514232Z"},"LocalTime":{"Value":{"Type":22,"Body":{"TypeId":{"Id":15086},"Body":{"Offset":120,"DaylightSavingInOffset":true}}},"SourceTimestamp":"2024-04-27T17:11:26.514232Z"},"Message":{"Value":{"Type":21,"Body":{"Text":"The alarm severity has increased."}},"SourceTimestamp":"2024-04-27T17:11:26.514232Z"},"ReceiveTime":{"Value":{"Type":13,"Body":"2024-04-27T17:11:25.638981Z"},"SourceTimestamp":"2024-04-27T17:11:26.514232Z"},"Severity":{"Value":{"Type":5,"Body":900},"SourceTimestamp":"2024-04-27T17:11:26.514232Z"},"SourceName":{"Value":{"Type":12,"Body":"EastTank"},"SourceTimestamp":"2024-04-27T17:11:26.514232Z"},"SourceNode":{"Value":{"Type":17,"Body":{"IdType":1,"Id":"1:Colours/EastTank","Namespace":15}},"SourceTimestamp":"2024-04-27T17:11:26.514232Z"},"Time":{"Value":{"Type":13,"Body":"2024-04-27T17:11:25.6387236Z"},"SourceTimestamp":"2024-04-27T17:11:26.514232Z"}}}