{"SequenceNumber":39,"MetaDataVersion":{"MajorVersion":1},"Timestamp":"2024-04-27T17:11:26.8273167Z","MessageType":"ua-condition","DataSetWriterName":"<<UnknownDataSet>>|PendingAlarms","Payload":{"ConditionClassId":{"Value":{"Body":null},"SourceTimestamp":"2024-04-27T17:11:26.514232Z"},"ConditionClassName":{"Value":{"Body":null},"SourceTimestamp":"2024-04-27T17:11:26.514232Z"},"ConditionSubClassId":{"Value":{"Body":null},"SourceTimestamp":"2024-04-27T17:11:26.514232Z"},"ConditionSubClassName":{"Value":{"Body":null},"SourceTimestamp":"2024-04-27T17:11:26.514232Z"},"EventId":{"Value":{"Type":15,"Body":"7vW78TKDEES2OwxGWn5ICw=="},"SourceTimestamp":"2024-04-27T17:11:26.514232Z"},"EventType":{"Value":{"Type":17,"Body":{"Id":10060}},"SourceTimestamp":"2024-04-27T17:11:26.514232Z"},"LocalTime":{"Value":{"Type":22,"Body":{"TypeId":{"Id":15086},"Body":{"Offset":120,"DaylightSavingInOffset":true}}},"SourceTimestamp":"2024-04-27T17:11:26.514232Z"},"Message":{"Value":{"Type":21,"Body":{"Text":"The alarm severity has increased."}},"SourceTimestamp":"2024-04-27T17:11:26.514232Z"},"ReceiveTime":{"Value":{"Type":13,"Body":"2024-04-27T17:11:25.6390607Z"},"SourceTimestamp":"2024-04-27T17:11:26.514232Z"},"Severity":{"Value":{"Type":5,"Body":900},"SourceTimestamp":"2024-04-27T17:11:26.514232Z"},"SourceName":{"Value":{"Type":12,"Body":"NorthMotor"},"SourceTimestamp":"2024-04-27T17:11:26.514232Z"},"SourceNode":{"Value":{"Type":17,"Body":{"IdType":1,"Id":"1:Colours/NorthMotor","Namespace":15}},"SourceTimestamp":"2024-04-27T17:11:26.514232Z"},"Time":{"Value":{"Type":13,"Body":"2024-04-27T17:11:25.6390574Z"},"SourceTimestamp":"2024-04-27T17:11:26.514232Z"}}}