{"SequenceNumber":45,"MetaDataVersion":{"MajorVersion":1},"Timestamp":"2024-04-27T17:11:36.910102Z","MessageType":"ua-condition","DataSetWriterName":"<<UnknownDataSet>>|PendingAlarms","Payload":{"ConditionClassId":{"Value":{"Body":null},"SourceTimestamp":"2024-04-27T17:11:34.4987292Z"},"ConditionClassName":{"Value":{"Body":null},"SourceTimestamp":"2024-04-27T17:11:34.4987292Z"},"ConditionSubClassId":{"Value":{"Body":null},"SourceTimestamp":"2024-04-27T17:11:34.4987292Z"},"ConditionSubClassName":{"Value":{"Body":null},"SourceTimestamp":"2024-04-27T17:11:34.4987292Z"},"EventId":{"Value":{"Type":15,"Body":"EIaB14aHuEmXny+ky/+9YQ=="},"SourceTimestamp":"2024-04-27T17:11:34.4987292Z"},"EventType":{"Value":{"Type":17,"Body":{"Id":10060}},"SourceTimestamp":"2024-04-27T17:11:34.4987292Z"},"LocalTime":{"Value":{"Type":22,"Body":{"TypeId":{"Id":15086},"Body":{"Offset":120,"DaylightSavingInOffset":true}}},"SourceTimestamp":"2024-04-27T17:11:34.4987292Z"},"Message":{"Value":{"Type":21,"Body":{"Text":"The alarm is active."}},"SourceTimestamp":"2024-04-27T17:11:34.4987292Z"},"ReceiveTime":{"Value":{"Type":13,"Body":"2024-04-27T17:11:33.6353164Z"},"SourceTimestamp":"2024-04-27T17:11:34.4987292Z"},"Severity":{"Value":{"Type":5,"Body":100},"SourceTimestamp":"2024-04-27T17:11:34.4987292Z"},"SourceName":{"Value":{"Type":12,"Body":"SouthMotor"},"SourceTimestamp":"2024-04-27T17:11:34.4987292Z"},"SourceNode":{"Value":{"Type":17,"Body":{"IdType":1,"Id":"1:Metals/SouthMotor","Namespace":15}},"SourceTimestamp":"2024-04-27T17:11:34.4987292Z"},"Time":{"Value":{"Type":13,"Body":"2024-04-27T17:11:33.6353131Z"},"SourceTimestamp":"2024-04-27T17:11:34.4987292Z"}}}