{"SequenceNumber":56,"MetaDataVersion":{"MajorVersion":1},"Timestamp":"2024-04-27T17:11:46.9598013Z","MessageType":"ua-condition","DataSetWriterName":"<<UnknownDataSet>>|PendingAlarms","Payload":{"ConditionClassId":{"Value":{"Body":null},"SourceTimestamp":"2024-04-27T17:11:40.5022706Z"},"ConditionClassName":{"Value":{"Body":null},"SourceTimestamp":"2024-04-27T17:11:40.5022706Z"},"ConditionSubClassId":{"Value":{"Body":null},"SourceTimestamp":"2024-04-27T17:11:40.5022706Z"},"ConditionSubClassName":{"Value":{"Body":null},"SourceTimestamp":"2024-04-27T17:11:40.5022706Z"},"EventId":{"Value":{"Type":15,"Body":"wRLVONYBy0efTTaWb4u63A=="},"SourceTimestamp":"2024-04-27T17:11:40.5022706Z"},"EventType":{"Value":{"Type":17,"Body":{"Id":10751}},"SourceTimestamp":"2024-04-27T17:11:40.5022706Z"},"LocalTime":{"Value":{"Type":22,"Body":{"TypeId":{"Id":15086},"Body":{"Offset":120,"DaylightSavingInOffset":true}}},"SourceTimestamp":"2024-04-27T17:11:40.5022706Z"},"Message":{"Value":{"Type":21,"Body":{"Text":"The alarm is active."}},"SourceTimestamp":"2024-04-27T17:11:40.5022706Z"},"ReceiveTime":{"Value":{"Type":13,"Body":"2024-04-27T17:11:39.635886Z"},"SourceTimestamp":"2024-04-27T17:11:40.5022706Z"},"Severity":{"Value":{"Type":5,"Body":100},"SourceTimestamp":"2024-04-27T17:11:40.5022706Z"},"SourceName":{"Value":{"Type":12,"Body":"SouthMotor"},"SourceTimestamp":"2024-04-27T17:11:40.5022706Z"},"SourceNode":{"Value":{"Type":17,"Body":{"IdType":1,"Id":"1:Metals/SouthMotor","Namespace":15}},"SourceTimestamp":"2024-04-27T17:11:40.5022706Z"},"Time":{"Value":{"Type":13,"Body":"2024-04-27T17:11:39.6358821Z"},"SourceTimestamp":"2024-04-27T17:11:40.5022706Z"}}}