{"SequenceNumber":62,"MetaDataVersion":{"MajorVersion":1},"Timestamp":"2024-04-27T17:11:57.0272128Z","MessageType":"ua-condition","DataSetWriterName":"<<UnknownDataSet>>|PendingAlarms","Payload":{"ConditionClassId":{"Value":{"Body":null},"SourceTimestamp":"2024-04-27T17:11:50.4715859Z"},"ConditionClassName":{"Value":{"Body":null},"SourceTimestamp":"2024-04-27T17:11:50.4715859Z"},"ConditionSubClassId":{"Value":{"Body":null},"SourceTimestamp":"2024-04-27T17:11:50.4715859Z"},"ConditionSubClassName":{"Value":{"Body":null},"SourceTimestamp":"2024-04-27T17:11:50.4715859Z"},"EventId":{"Value":{"Type":15,"Body":"fq5MsrbaEUStxeDXLYeTRQ=="},"SourceTimestamp":"2024-04-27T17:11:50.4715859Z"},"EventType":{"Value":{"Type":17,"Body":{"Id":9764}},"SourceTimestamp":"2024-04-27T17:11:50.4715859Z"},"LocalTime":{"Value":{"Type":22,"Body":{"TypeId":{"Id":15086},"Body":{"Offset":120,"DaylightSavingInOffset":true}}},"SourceTimestamp":"2024-04-27T17:11:50.4715859Z"},"Message":{"Value":{"Type":21,"Body":{"Text":"The alarm severity has increased."}},"SourceTimestamp":"2024-04-27T17:11:50.4715859Z"},"ReceiveTime":{"Value":{"Type":13,"Body":"2024-04-27T17:11:49.6387191Z"},"SourceTimestamp":"2024-04-27T17:11:50.4715859Z"},"Severity":{"Value":{"Type":5,"Body":500},"SourceTimestamp":"2024-04-27T17:11:50.4715859Z"},"SourceName":{"Value":{"Type":12,"Body":"EastTank"},"SourceTimestamp":"2024-04-27T17:11:50.4715859Z"},"SourceNode":{"Value":{"Type":17,"Body":{"IdType":1,"Id":"1:Colours/EastTank","Namespace":15}},"SourceTimestamp":"2024-04-27T17:11:50.4715859Z"},"Time":{"Value":{"Type":13,"Body":"2024-04-27T17:11:49.6387057Z"},"SourceTimestamp":"2024-04-27T17:11:50.4715859Z"}}}