{"SequenceNumber":66,"MetaDataVersion":{"MajorVersion":1},"Timestamp":"2024-04-27T17:11:57.0279447Z","MessageType":"ua-condition","DataSetWriterName":"<<UnknownDataSet>>|PendingAlarms","Payload":{"ConditionClassId":{"Value":{"Body":null},"SourceTimestamp":"2024-04-27T17:11:49.4660426Z"},"ConditionClassName":{"Value":{"Body":null},"SourceTimestamp":"2024-04-27T17:11:49.4660426Z"},"ConditionSubClassId":{"Value":{"Body":null},"SourceTimestamp":"2024-04-27T17:11:49.4660426Z"},"ConditionSubClassName":{"Value":{"Body":null},"SourceTimestamp":"2024-04-27T17:11:49.4660426Z"},"EventId":{"Value":{"Type":15,"Body":"p4Icsl7LhUOu3SUX6yFHeA=="},"SourceTimestamp":"2024-04-27T17:11:49.4660426Z"},"EventType":{"Value":{"Type":17,"Body":{"Id":9764}},"SourceTimestamp":"2024-04-27T17:11:49.4660426Z"},"LocalTime":{"Value":{"Type":22,"Body":{"TypeId":{"Id":15086},"Body":{"Offset":120,"DaylightSavingInOffset":true}}},"SourceTimestamp":"2024-04-27T17:11:49.4660426Z"},"Message":{"Value":{"Type":21,"Body":{"Text":"The alarm severity has increased."}},"SourceTimestamp":"2024-04-27T17:11:49.4660426Z"},"ReceiveTime":{"Value":{"Type":13,"Body":"2024-04-27T17:11:48.6438937Z"},"SourceTimestamp":"2024-04-27T17:11:49.4660426Z"},"Severity":{"Value":{"Type":5,"Body":300},"SourceTimestamp":"2024-04-27T17:11:49.4660426Z"},"SourceName":{"Value":{"Type":12,"Body":"NorthMotor"},"SourceTimestamp":"2024-04-27T17:11:49.4660426Z"},"SourceNode":{"Value":{"Type":17,"Body":{"IdType":1,"Id":"1:Colours/NorthMotor","Namespace":15}},"SourceTimestamp":"2024-04-27T17:11:49.4660426Z"},"Time":{"Value":{"Type":13,"Body":"2024-04-27T17:11:48.6438888Z"},"SourceTimestamp":"2024-04-27T17:11:49.4660426Z"}}}