{"SequenceNumber":69,"MetaDataVersion":{"MajorVersion":1},"Timestamp":"2024-04-27T17:11:57.0283215Z","MessageType":"ua-condition","DataSetWriterName":"<<UnknownDataSet>>|PendingAlarms","Payload":{"ConditionClassId":{"Value":{"Body":null},"SourceTimestamp":"2024-04-27T17:11:49.4660426Z"},"ConditionClassName":{"Value":{"Body":null},"SourceTimestamp":"2024-04-27T17:11:49.4660426Z"},"ConditionSubClassId":{"Value":{"Body":null},"SourceTimestamp":"2024-04-27T17:11:49.4660426Z"},"ConditionSubClassName":{"Value":{"Body":null},"SourceTimestamp":"2024-04-27T17:11:49.4660426Z"},"EventId":{"Value":{"Type":15,"Body":"pnZ5xYRtlkWh+fi5oZVkwg=="},"SourceTimestamp":"2024-04-27T17:11:49.4660426Z"},"EventType":{"Value":{"Type":17,"Body":{"Id":10060}},"SourceTimestamp":"2024-04-27T17:11:49.4660426Z"},"LocalTime":{"Value":{"Type":22,"Body":{"TypeId":{"Id":15086},"Body":{"Offset":120,"DaylightSavingInOffset":true}}},"SourceTimestamp":"2024-04-27T17:11:49.4660426Z"},"Message":{"Value":{"Type":21,"Body":{"Text":"The alarm severity has increased."}},"SourceTimestamp":"2024-04-27T17:11:49.4660426Z"},"ReceiveTime":{"Value":{"Type":13,"Body":"2024-04-27T17:11:48.6436772Z"},"SourceTimestamp":"2024-04-27T17:11:49.4660426Z"},"Severity":{"Value":{"Type":5,"Body":300},"SourceTimestamp":"2024-04-27T17:11:49.4660426Z"},"SourceName":{"Value":{"Type":12,"Body":"EastTank"},"SourceTimestamp":"2024-04-27T17:11:49.4660426Z"},"SourceNode":{"Value":{"Type":17,"Body":{"IdType":1,"Id":"1:Colours/EastTank","Namespace":15}},"SourceTimestamp":"2024-04-27T17:11:49.4660426Z"},"Time":{"Value":{"Type":13,"Body":"2024-04-27T17:11:48.6436588Z"},"SourceTimestamp":"2024-04-27T17:11:49.4660426Z"}}}