{"SequenceNumber":7,"MetaDataVersion":{"MajorVersion":1},"Timestamp":"2024-04-27T17:10:56.615325Z","MessageType":"ua-condition","DataSetWriterName":"<<UnknownDataSet>>|PendingAlarms","Payload":{"ConditionClassId":{"Value":{"Body":null},"SourceTimestamp":"2024-04-27T17:10:56.4874917Z"},"ConditionClassName":{"Value":{"Body":null},"SourceTimestamp":"2024-04-27T17:10:56.4874917Z"},"ConditionSubClassId":{"Value":{"Body":null},"SourceTimestamp":"2024-04-27T17:10:56.4874917Z"},"ConditionSubClassName":{"Value":{"Body":null},"SourceTimestamp":"2024-04-27T17:10:56.4874917Z"},"EventId":{"Value":{"Type":15,"Body":"SqLMz86cQEq92n1LGxRUyg=="},"SourceTimestamp":"2024-04-27T17:10:56.4874917Z"},"EventType":{"Value":{"Type":17,"Body":{"Id":10751}},"SourceTimestamp":"2024-04-27T17:10:56.4874917Z"},"LocalTime":{"Value":{"Type":22,"Body":{"TypeId":{"Id":15086},"Body":{"Offset":120,"DaylightSavingInOffset":true}}},"SourceTimestamp":"2024-04-27T17:10:56.4874917Z"},"Message":{"Value":{"Type":21,"Body":{"Text":"The alarm severity has increased."}},"SourceTimestamp":"2024-04-27T17:10:56.4874917Z"},"ReceiveTime":{"Value":{"Type":13,"Body":"2024-04-27T17:10:55.6340762Z"},"SourceTimestamp":"2024-04-27T17:10:56.4874917Z"},"Severity":{"Value":{"Type":5,"Body":300},"SourceTimestamp":"2024-04-27T17:10:56.4874917Z"},"SourceName":{"Value":{"Type":12,"Body":"EastTank"},"SourceTimestamp":"2024-04-27T17:10:56.4874917Z"},"SourceNode":{"Value":{"Type":17,"Body":{"IdType":1,"Id":"1:Colours/EastTank","Namespace":15}},"SourceTimestamp":"2024-04-27T17:10:56.4874917Z"},"Time":{"Value":{"Type":13,"Body":"2024-04-27T17:10:55.6340565Z"},"SourceTimestamp":"2024-04-27T17:10:56.4874917Z"}}}