{"SequenceNumber":70,"MetaDataVersion":{"MajorVersion":1},"Timestamp":"2024-04-27T17:11:57.0284468Z","MessageType":"ua-condition","DataSetWriterName":"<<UnknownDataSet>>|PendingAlarms","Payload":{"ConditionClassId":{"Value":{"Body":null},"SourceTimestamp":"2024-04-27T17:11:56.5161156Z"},"ConditionClassName":{"Value":{"Body":null},"SourceTimestamp":"2024-04-27T17:11:56.5161156Z"},"ConditionSubClassId":{"Value":{"Body":null},"SourceTimestamp":"2024-04-27T17:11:56.5161156Z"},"ConditionSubClassName":{"Value":{"Body":null},"SourceTimestamp":"2024-04-27T17:11:56.5161156Z"},"EventId":{"Value":{"Type":15,"Body":"z9FedRWF5k+nMx1nk9yrAg=="},"SourceTimestamp":"2024-04-27T17:11:56.5161156Z"},"EventType":{"Value":{"Type":17,"Body":{"Id":9764}},"SourceTimestamp":"2024-04-27T17:11:56.5161156Z"},"LocalTime":{"Value":{"Type":22,"Body":{"TypeId":{"Id":15086},"Body":{"Offset":120,"DaylightSavingInOffset":true}}},"SourceTimestamp":"2024-04-27T17:11:56.5161156Z"},"Message":{"Value":{"Type":21,"Body":{"Text":"The alarm severity has increased."}},"SourceTimestamp":"2024-04-27T17:11:56.5161156Z"},"ReceiveTime":{"Value":{"Type":13,"Body":"2024-04-27T17:11:55.6315616Z"},"SourceTimestamp":"2024-04-27T17:11:56.5161156Z"},"Severity":{"Value":{"Type":5,"Body":300},"SourceTimestamp":"2024-04-27T17:11:56.5161156Z"},"SourceName":{"Value":{"Type":12,"Body":"WestTank"},"SourceTimestamp":"2024-04-27T17:11:56.5161156Z"},"SourceNode":{"Value":{"Type":17,"Body":{"IdType":1,"Id":"1:Metals/WestTank","Namespace":15}},"SourceTimestamp":"2024-04-27T17:11:56.5161156Z"},"Time":{"Value":{"Type":13,"Body":"2024-04-27T17:11:55.6315579Z"},"SourceTimestamp":"2024-04-27T17:11:56.5161156Z"}}}