{"SequenceNumber":75,"MetaDataVersion":{"MajorVersion":1},"Timestamp":"2024-04-27T17:12:07.0898366Z","MessageType":"ua-condition","DataSetWriterName":"<<UnknownDataSet>>|PendingAlarms","Payload":{"ConditionClassId":{"Value":{"Body":null},"SourceTimestamp":"2024-04-27T17:12:03.5032232Z"},"ConditionClassName":{"Value":{"Body":null},"SourceTimestamp":"2024-04-27T17:12:03.5032232Z"},"ConditionSubClassId":{"Value":{"Body":null},"SourceTimestamp":"2024-04-27T17:12:03.5032232Z"},"ConditionSubClassName":{"Value":{"Body":null},"SourceTimestamp":"2024-04-27T17:12:03.5032232Z"},"EventId":{"Value":{"Type":15,"Body":"yoRfj9K7REG0xyfvNvq5vA=="},"SourceTimestamp":"2024-04-27T17:12:03.5032232Z"},"EventType":{"Value":{"Type":17,"Body":{"Id":10060}},"SourceTimestamp":"2024-04-27T17:12:03.5032232Z"},"LocalTime":{"Value":{"Type":22,"Body":{"TypeId":{"Id":15086},"Body":{"Offset":120,"DaylightSavingInOffset":true}}},"SourceTimestamp":"2024-04-27T17:12:03.5032232Z"},"Message":{"Value":{"Type":21,"Body":{"Text":"The alarm severity has increased."}},"SourceTimestamp":"2024-04-27T17:12:03.5032232Z"},"ReceiveTime":{"Value":{"Type":13,"Body":"2024-04-27T17:12:02.6357196Z"},"SourceTimestamp":"2024-04-27T17:12:03.5032232Z"},"Severity":{"Value":{"Type":5,"Body":300},"SourceTimestamp":"2024-04-27T17:12:03.5032232Z"},"SourceName":{"Value":{"Type":12,"Body":"WestTank"},"SourceTimestamp":"2024-04-27T17:12:03.5032232Z"},"SourceNode":{"Value":{"Type":17,"Body":{"IdType":1,"Id":"1:Metals/WestTank","Namespace":15}},"SourceTimestamp":"2024-04-27T17:12:03.5032232Z"},"Time":{"Value":{"Type":13,"Body":"2024-04-27T17:12:02.6357126Z"},"SourceTimestamp":"2024-04-27T17:12:03.5032232Z"}}}