{"SequenceNumber":80,"MetaDataVersion":{"MajorVersion":1},"Timestamp":"2024-04-27T17:12:07.0905619Z","MessageType":"ua-condition","DataSetWriterName":"<<UnknownDataSet>>|PendingAlarms","Payload":{"ConditionClassId":{"Value":{"Body":null},"SourceTimestamp":"2024-04-27T17:11:58.4807521Z"},"ConditionClassName":{"Value":{"Body":null},"SourceTimestamp":"2024-04-27T17:11:58.4807521Z"},"ConditionSubClassId":{"Value":{"Body":null},"SourceTimestamp":"2024-04-27T17:11:58.4807521Z"},"ConditionSubClassName":{"Value":{"Body":null},"SourceTimestamp":"2024-04-27T17:11:58.4807521Z"},"EventId":{"Value":{"Type":15,"Body":"eZuYe9KqR0ass/fvDqDFEg=="},"SourceTimestamp":"2024-04-27T17:11:58.4807521Z"},"EventType":{"Value":{"Type":17,"Body":{"Id":10751}},"SourceTimestamp":"2024-04-27T17:11:58.4807521Z"},"LocalTime":{"Value":{"Type":22,"Body":{"TypeId":{"Id":15086},"Body":{"Offset":120,"DaylightSavingInOffset":true}}},"SourceTimestamp":"2024-04-27T17:11:58.4807521Z"},"Message":{"Value":{"Type":21,"Body":{"Text":"The alarm severity has increased."}},"SourceTimestamp":"2024-04-27T17:11:58.4807521Z"},"ReceiveTime":{"Value":{"Type":13,"Body":"2024-04-27T17:11:57.6327538Z"},"SourceTimestamp":"2024-04-27T17:11:58.4807521Z"},"Severity":{"Value":{"Type":5,"Body":500},"SourceTimestamp":"2024-04-27T17:11:58.4807521Z"},"SourceName":{"Value":{"Type":12,"Body":"SouthMotor"},"SourceTimestamp":"2024-04-27T17:11:58.4807521Z"},"SourceNode":{"Value":{"Type":17,"Body":{"IdType":1,"Id":"1:Metals/SouthMotor","Namespace":15}},"SourceTimestamp":"2024-04-27T17:11:58.4807521Z"},"Time":{"Value":{"Type":13,"Body":"2024-04-27T17:11:57.6326649Z"},"SourceTimestamp":"2024-04-27T17:11:58.4807521Z"}}}