{"SequenceNumber":82,"MetaDataVersion":{"MajorVersion":1},"Timestamp":"2024-04-27T17:12:07.0907947Z","MessageType":"ua-condition","DataSetWriterName":"<<UnknownDataSet>>|PendingAlarms","Payload":{"ConditionClassId":{"Value":{"Body":null},"SourceTimestamp":"2024-04-27T17:12:06.4859351Z"},"ConditionClassName":{"Value":{"Body":null},"SourceTimestamp":"2024-04-27T17:12:06.4859351Z"},"ConditionSubClassId":{"Value":{"Body":null},"SourceTimestamp":"2024-04-27T17:12:06.4859351Z"},"ConditionSubClassName":{"Value":{"Body":null},"SourceTimestamp":"2024-04-27T17:12:06.4859351Z"},"EventId":{"Value":{"Type":15,"Body":"ny6V1wNF2UeiOAX+664fTA=="},"SourceTimestamp":"2024-04-27T17:12:06.4859351Z"},"EventType":{"Value":{"Type":17,"Body":{"Id":9764}},"SourceTimestamp":"2024-04-27T17:12:06.4859351Z"},"LocalTime":{"Value":{"Type":22,"Body":{"TypeId":{"Id":15086},"Body":{"Offset":120,"DaylightSavingInOffset":true}}},"SourceTimestamp":"2024-04-27T17:12:06.4859351Z"},"Message":{"Value":{"Type":21,"Body":{"Text":"The alarm severity has increased."}},"SourceTimestamp":"2024-04-27T17:12:06.4859351Z"},"ReceiveTime":{"Value":{"Type":13,"Body":"2024-04-27T17:12:05.6331678Z"},"SourceTimestamp":"2024-04-27T17:12:06.4859351Z"},"Severity":{"Value":{"Type":5,"Body":500},"SourceTimestamp":"2024-04-27T17:12:06.4859351Z"},"SourceName":{"Value":{"Type":12,"Body":"WestTank"},"SourceTimestamp":"2024-04-27T17:12:06.4859351Z"},"SourceNode":{"Value":{"Type":17,"Body":{"IdType":1,"Id":"1:Metals/WestTank","Namespace":15}},"SourceTimestamp":"2024-04-27T17:12:06.4859351Z"},"Time":{"Value":{"Type":13,"Body":"2024-04-27T17:12:05.6331641Z"},"SourceTimestamp":"2024-04-27T17:12:06.4859351Z"}}}