{"SequenceNumber":87,"MetaDataVersion":{"MajorVersion":1},"Timestamp":"2024-04-27T17:12:17.1480534Z","MessageType":"ua-condition","DataSetWriterName":"<<UnknownDataSet>>|PendingAlarms","Payload":{"ConditionClassId":{"Value":{"Body":null},"SourceTimestamp":"2024-04-27T17:12:14.4757015Z"},"ConditionClassName":{"Value":{"Body":null},"SourceTimestamp":"2024-04-27T17:12:14.4757015Z"},"ConditionSubClassId":{"Value":{"Body":null},"SourceTimestamp":"2024-04-27T17:12:14.4757015Z"},"ConditionSubClassName":{"Value":{"Body":null},"SourceTimestamp":"2024-04-27T17:12:14.4757015Z"},"EventId":{"Value":{"Type":15,"Body":"hnL3wgl4JkaJZye71vvR1g=="},"SourceTimestamp":"2024-04-27T17:12:14.4757015Z"},"EventType":{"Value":{"Type":17,"Body":{"Id":10060}},"SourceTimestamp":"2024-04-27T17:12:14.4757015Z"},"LocalTime":{"Value":{"Type":22,"Body":{"TypeId":{"Id":15086},"Body":{"Offset":120,"DaylightSavingInOffset":true}}},"SourceTimestamp":"2024-04-27T17:12:14.4757015Z"},"Message":{"Value":{"Type":21,"Body":{"Text":"The alarm severity has increased."}},"SourceTimestamp":"2024-04-27T17:12:14.4757015Z"},"ReceiveTime":{"Value":{"Type":13,"Body":"2024-04-27T17:12:13.6395918Z"},"SourceTimestamp":"2024-04-27T17:12:14.4757015Z"},"Severity":{"Value":{"Type":5,"Body":500},"SourceTimestamp":"2024-04-27T17:12:14.4757015Z"},"SourceName":{"Value":{"Type":12,"Body":"WestTank"},"SourceTimestamp":"2024-04-27T17:12:14.4757015Z"},"SourceNode":{"Value":{"Type":17,"Body":{"IdType":1,"Id":"1:Metals/WestTank","Namespace":15}},"SourceTimestamp":"2024-04-27T17:12:14.4757015Z"},"Time":{"Value":{"Type":13,"Body":"2024-04-27T17:12:13.6395866Z"},"SourceTimestamp":"2024-04-27T17:12:14.4757015Z"}}}