{"SequenceNumber":91,"MetaDataVersion":{"MajorVersion":1},"Timestamp":"2024-04-27T17:12:17.1485932Z","MessageType":"ua-condition","DataSetWriterName":"<<UnknownDataSet>>|PendingAlarms","Payload":{"ConditionClassId":{"Value":{"Body":null},"SourceTimestamp":"2024-04-27T17:12:16.5084279Z"},"ConditionClassName":{"Value":{"Body":null},"SourceTimestamp":"2024-04-27T17:12:16.5084279Z"},"ConditionSubClassId":{"Value":{"Body":null},"SourceTimestamp":"2024-04-27T17:12:16.5084279Z"},"ConditionSubClassName":{"Value":{"Body":null},"SourceTimestamp":"2024-04-27T17:12:16.5084279Z"},"EventId":{"Value":{"Type":15,"Body":"BtbHHyG2Sk26w/Xj17QkGg=="},"SourceTimestamp":"2024-04-27T17:12:16.5084279Z"},"EventType":{"Value":{"Type":17,"Body":{"Id":10060}},"SourceTimestamp":"2024-04-27T17:12:16.5084279Z"},"LocalTime":{"Value":{"Type":22,"Body":{"TypeId":{"Id":15086},"Body":{"Offset":120,"DaylightSavingInOffset":true}}},"SourceTimestamp":"2024-04-27T17:12:16.5084279Z"},"Message":{"Value":{"Type":21,"Body":{"Text":"The alarm severity has increased."}},"SourceTimestamp":"2024-04-27T17:12:16.5084279Z"},"ReceiveTime":{"Value":{"Type":13,"Body":"2024-04-27T17:12:15.6469536Z"},"SourceTimestamp":"2024-04-27T17:12:16.5084279Z"},"Severity":{"Value":{"Type":5,"Body":900},"SourceTimestamp":"2024-04-27T17:12:16.5084279Z"},"SourceName":{"Value":{"Type":12,"Body":"EastTank"},"SourceTimestamp":"2024-04-27T17:12:16.5084279Z"},"SourceNode":{"Value":{"Type":17,"Body":{"IdType":1,"Id":"1:Colours/EastTank","Namespace":15}},"SourceTimestamp":"2024-04-27T17:12:16.5084279Z"},"Time":{"Value":{"Type":13,"Body":"2024-04-27T17:12:15.6469289Z"},"SourceTimestamp":"2024-04-27T17:12:16.5084279Z"}}}