{"MessageId":"ecc7f3cd-b8b5-4a0b-a1bd-e025535d2f89","MessageType":"ua-data","PublisherId":"DESKTOP-BGFJS91","DataSetWriterGroup":"<<UnknownWriterGroup>>","Messages":[{"DataSetWriterId":2,"SequenceNumber":22,"MetaDataVersion":{"MajorVersion":1},"Timestamp":"2024-04-27T12:45:08.6409861Z","MessageType":"ua-deltaframe","DataSetWriterName":"MES","Payload":{"nsu=http://opcfoundation.org/UA/Plc/Applications;s=AlternatingBoolean":{"Value":{"Type":1,"Body":false},"SourceTimestamp":"2024-04-27T12:45:07.7414967Z","ServerTimestamp":"2024-04-27T12:45:07.7414986Z"}}}]}