{"MessageId":"8d68269e-680a-4a41-8087-239d01e06276","MessageType":"ua-data","PublisherId":"DESKTOP-BGFJS91","DataSetWriterGroup":"<<UnknownWriterGroup>>","Messages":[{"DataSetWriterId":2,"SequenceNumber":6,"MetaDataVersion":{"MajorVersion":1},"Timestamp":"2024-04-27T12:43:48.6368847Z","MessageType":"ua-deltaframe","DataSetWriterName":"MES","Payload":{"nsu=http://opcfoundation.org/UA/Plc/Applications;s=AlternatingBoolean":{"Value":{"Type":1,"Body":false},"SourceTimestamp":"2024-04-27T12:43:47.7414559Z","ServerTimestamp":"2024-04-27T12:43:47.741486Z"}}}]}