{"nsu=http://opcfoundation.org/UA/Plc/Applications;s=SlowUIntScalar1":{"Value":7,"SourceTimestamp":"2024-04-26T12:24:34.6363853Z","ServerTimestamp":"2024-04-26T12:24:34.6363878Z"},"nsu=http://opcfoundation.org/UA/Plc/Applications;s=SlowUIntScalar2":{"Value":7,"SourceTimestamp":"2024-04-26T12:24:34.6363955Z","ServerTimestamp":"2024-04-26T12:24:34.6363961Z"},"nsu=http://opcfoundation.org/UA/Plc/Applications;s=SlowUIntScalar3":{"Value":7,"SourceTimestamp":"2024-04-26T12:24:34.636397Z","ServerTimestamp":"2024-04-26T12:24:34.6363974Z"},"nsu=http://opcfoundation.org/UA/Plc/Applications;s=BadSlowUIntScalar1":{"Value":7,"SourceTimestamp":"2024-04-26T12:24:34.6363982Z","ServerTimestamp":"2024-04-26T12:24:34.6363986Z"}}