{"nsu=http://opcfoundation.org/UA/Plc/Applications;s=SlowUIntScalar1":{"Value":9,"SourceTimestamp":"2024-04-26T12:24:54.6316554Z","ServerTimestamp":"2024-04-26T12:24:54.6316572Z"},"nsu=http://opcfoundation.org/UA/Plc/Applications;s=SlowUIntScalar2":{"Value":9,"SourceTimestamp":"2024-04-26T12:24:54.6316629Z","ServerTimestamp":"2024-04-26T12:24:54.6316635Z"},"nsu=http://opcfoundation.org/UA/Plc/Applications;s=SlowUIntScalar3":{"Value":9,"SourceTimestamp":"2024-04-26T12:24:54.6316645Z","ServerTimestamp":"2024-04-26T12:24:54.6316649Z"},"nsu=http://opcfoundation.org/UA/Plc/Applications;s=BadSlowUIntScalar1":{"Value":null,"StatusCode":{"Symbol":"BadDataLost","Code":2157772800},"SourceTimestamp":"2024-04-26T12:24:54.6316676Z","ServerTimestamp":"2024-04-26T12:24:54.6316677Z"}}