{"nsu=http://opcfoundation.org/UA/Plc/Applications;s=SlowUIntScalar1":{"Value":11,"SourceTimestamp":"2024-04-26T12:25:14.6419759Z","ServerTimestamp":"2024-04-26T12:25:14.6419782Z"},"nsu=http://opcfoundation.org/UA/Plc/Applications;s=SlowUIntScalar2":{"Value":11,"SourceTimestamp":"2024-04-26T12:25:14.6419858Z","ServerTimestamp":"2024-04-26T12:25:14.6419865Z"},"nsu=http://opcfoundation.org/UA/Plc/Applications;s=SlowUIntScalar3":{"Value":11,"SourceTimestamp":"2024-04-26T12:25:14.6419877Z","ServerTimestamp":"2024-04-26T12:25:14.6419881Z"},"nsu=http://opcfoundation.org/UA/Plc/Applications;s=BadSlowUIntScalar1":{"Value":1,"SourceTimestamp":"2024-04-26T12:25:14.6419918Z","ServerTimestamp":"2024-04-26T12:25:14.6419923Z"}}