{"nsu=http://opcfoundation.org/UA/Plc/Applications;s=SlowUIntScalar1":{"Value":3,"SourceTimestamp":"2024-04-26T12:23:54.6369725Z","ServerTimestamp":"2024-04-26T12:23:54.636975Z"},"nsu=http://opcfoundation.org/UA/Plc/Applications;s=SlowUIntScalar2":{"Value":3,"SourceTimestamp":"2024-04-26T12:23:54.6369816Z","ServerTimestamp":"2024-04-26T12:23:54.6369822Z"},"nsu=http://opcfoundation.org/UA/Plc/Applications;s=SlowUIntScalar3":{"Value":3,"SourceTimestamp":"2024-04-26T12:23:54.6369834Z","ServerTimestamp":"2024-04-26T12:23:54.6369838Z"},"nsu=http://opcfoundation.org/UA/Plc/Applications;s=BadSlowUIntScalar1":{"Value":3,"SourceTimestamp":"2024-04-26T12:23:54.6369853Z","ServerTimestamp":"2024-04-26T12:23:54.6369858Z"}}