{"$schema":"http://json-schema.org/draft-07/schema#","$ref":"#/definitions/org.github.microsoft.opcpublisher.DataSets","definitions":{"org.opcfoundation.UA.Double":{"$id":"http://opcfoundation.org/UA/#Double","title":"OPC UA built in type Double","type":"number","minimum":-1.7976931348623157E+308,"maximum":1.7976931348623157E+308,"default":0,"format":"double"},"org.opcfoundation.UA.UInt32":{"$id":"http://opcfoundation.org/UA/#UInt32","title":"OPC UA built in type UInt32","type":"integer","minimum":0,"maximum":4294967295,"default":0,"format":"uint32"},"org.opcfoundation.UA.String":{"$id":"http://opcfoundation.org/UA/#String","title":"OPC UA built in type String","type":"string"},"org.opcfoundation.UA.StatusCode":{"$id":"http://opcfoundation.org/UA/#StatusCode","title":"OPC UA built in type StatusCode","type":"object","properties":{"Code":{"$ref":"#/definitions/org.opcfoundation.UA.UInt32"},"Symbol":{"$ref":"#/definitions/org.opcfoundation.UA.String"}},"additionalProperties":false},"org.opcfoundation.UA.DateTime":{"$id":"http://opcfoundation.org/UA/#DateTime","title":"OPC UA built in type DateTime","type":"string","format":"date-time"},"org.opcfoundation.UA.UInt16":{"$id":"http://opcfoundation.org/UA/#UInt16","title":"OPC UA built in type UInt16","type":"integer","minimum":0,"maximum":65535,"default":0,"format":"uint16"},"org.github.microsoft.opcpublisher.DoubleDataValue":{"$id":"http://github.org/microsoft/opcpublisher#DoubleDataValue","title":"Dataset Field of Type Double","type":"object","properties":{"Value":{"$ref":"#/definitions/org.opcfoundation.UA.Double"},"Status":{"$ref":"#/definitions/org.opcfoundation.UA.StatusCode"},"SourceTimestamp":{"$ref":"#/definitions/org.opcfoundation.UA.DateTime"},"SourcePicoSeconds":{"$ref":"#/definitions/org.opcfoundation.UA.UInt16"},"ServerTimestamp":{"$ref":"#/definitions/org.opcfoundation.UA.DateTime"},"ServerPicoSeconds":{"$ref":"#/definitions/org.opcfoundation.UA.UInt16"}},"additionalProperties":false},"org.github.microsoft.opcpublisher.DataSet":{"$id":"http://github.org/microsoft/opcpublisher#DataSet","title":"DataSet","type":"object","properties":{"nsu=http://opcfoundation.org/UA/Plc/Applications;s=NegativeTrendData":{"$ref":"#/definitions/org.github.microsoft.opcpublisher.DoubleDataValue"},"nsu=http://opcfoundation.org/UA/Plc/Applications;s=PositiveTrendData":{"$ref":"#/definitions/org.github.microsoft.opcpublisher.DoubleDataValue"}}},"org.github.microsoft.opcpublisher.UInt32DataValue":{"$id":"http://github.org/microsoft/opcpublisher#UInt32DataValue","title":"Dataset Field of Type UInt32","type":"object","properties":{"Value":{"$ref":"#/definitions/org.opcfoundation.UA.UInt32"},"Status":{"$ref":"#/definitions/org.opcfoundation.UA.StatusCode"},"SourceTimestamp":{"$ref":"#/definitions/org.opcfoundation.UA.DateTime"},"SourcePicoSeconds":{"$ref":"#/definitions/org.opcfoundation.UA.UInt16"},"ServerTimestamp":{"$ref":"#/definitions/org.opcfoundation.UA.DateTime"},"ServerPicoSeconds":{"$ref":"#/definitions/org.opcfoundation.UA.UInt16"}},"additionalProperties":false},"org.github.microsoft.opcpublisher.DataSet1":{"$id":"http://github.org/microsoft/opcpublisher#DataSet1","title":"DataSet1","type":"object","properties":{"nsu=http://opcfoundation.org/UA/Plc/Applications;s=SlowUIntScalar1":{"$ref":"#/definitions/org.github.microsoft.opcpublisher.UInt32DataValue"},"nsu=http://opcfoundation.org/UA/Plc/Applications;s=SlowUIntScalar2":{"$ref":"#/definitions/org.github.microsoft.opcpublisher.UInt32DataValue"},"nsu=http://opcfoundation.org/UA/Plc/Applications;s=SlowUIntScalar3":{"$ref":"#/definitions/org.github.microsoft.opcpublisher.UInt32DataValue"},"nsu=http://opcfoundation.org/UA/Plc/Applications;s=BadSlowUIntScalar1":{"$ref":"#/definitions/org.github.microsoft.opcpublisher.UInt32DataValue"}}},"org.github.microsoft.opcpublisher.DataSets":{"$id":"http://github.org/microsoft/opcpublisher#DataSets","type":"object","oneOf":[{"$ref":"#/definitions/org.github.microsoft.opcpublisher.DataSet"},{"$ref":"#/definitions/org.github.microsoft.opcpublisher.DataSet1"}]}}}