[{"SequenceNumber":100,"MetaDataVersion":{"MajorVersion":1},"Timestamp":"2024-04-27T15:11:08.5696816Z","MessageType":"ua-condition","DataSetWriterName":"<<UnknownDataSet>>|PendingAlarms","Payload":{"ConditionClassId":{"Value":null,"SourceTimestamp":"2024-04-27T15:11:06.8384046Z"},"ConditionClassName":{"Value":null,"SourceTimestamp":"2024-04-27T15:11:06.8384046Z"},"ConditionSubClassId":{"Value":null,"SourceTimestamp":"2024-04-27T15:11:06.8384046Z"},"ConditionSubClassName":{"Value":null,"SourceTimestamp":"2024-04-27T15:11:06.8384046Z"},"EventId":{"Value":"cibHL8isL0arP2tSH19hMw==","SourceTimestamp":"2024-04-27T15:11:06.8384046Z"},"EventType":{"Value":{"Id":9764},"SourceTimestamp":"2024-04-27T15:11:06.8384046Z"},"LocalTime":{"Value":{"Offset":120,"DaylightSavingInOffset":true},"SourceTimestamp":"2024-04-27T15:11:06.8384046Z"},"Message":{"Value":"The alarm was deactivated by the system.","SourceTimestamp":"2024-04-27T15:11:06.8384046Z"},"ReceiveTime":{"Value":"2024-04-27T15:11:05.8922234Z","SourceTimestamp":"2024-04-27T15:11:06.8384046Z"},"Severity":{"Value":100,"SourceTimestamp":"2024-04-27T15:11:06.8384046Z"},"SourceName":{"Value":"NorthMotor","SourceTimestamp":"2024-04-27T15:11:06.8384046Z"},"SourceNode":{"Value":{"IdType":1,"Id":"1:Colours/NorthMotor","Namespace":"http://opcfoundation.org/AlarmCondition"},"SourceTimestamp":"2024-04-27T15:11:06.8384046Z"},"Time":{"Value":"2024-04-27T15:11:05.8922108Z","SourceTimestamp":"2024-04-27T15:11:06.8384046Z"}}}]