[{"SequenceNumber":102,"MetaDataVersion":{"MajorVersion":1},"Timestamp":"2024-04-27T15:11:08.5699454Z","MessageType":"ua-condition","DataSetWriterName":"<<UnknownDataSet>>|PendingAlarms","Payload":{"ConditionClassId":{"Value":null,"SourceTimestamp":"2024-04-27T15:11:07.8277932Z"},"ConditionClassName":{"Value":null,"SourceTimestamp":"2024-04-27T15:11:07.8277932Z"},"ConditionSubClassId":{"Value":null,"SourceTimestamp":"2024-04-27T15:11:07.8277932Z"},"ConditionSubClassName":{"Value":null,"SourceTimestamp":"2024-04-27T15:11:07.8277932Z"},"EventId":{"Value":"9lMfzBXd0kCffLUr47Varw==","SourceTimestamp":"2024-04-27T15:11:07.8277932Z"},"EventType":{"Value":{"Id":9764},"SourceTimestamp":"2024-04-27T15:11:07.8277932Z"},"LocalTime":{"Value":{"Offset":120,"DaylightSavingInOffset":true},"SourceTimestamp":"2024-04-27T15:11:07.8277932Z"},"Message":{"Value":"The alarm severity has increased.","SourceTimestamp":"2024-04-27T15:11:07.8277932Z"},"ReceiveTime":{"Value":"2024-04-27T15:11:06.9020923Z","SourceTimestamp":"2024-04-27T15:11:07.8277932Z"},"Severity":{"Value":900,"SourceTimestamp":"2024-04-27T15:11:07.8277932Z"},"SourceName":{"Value":"WestTank","SourceTimestamp":"2024-04-27T15:11:07.8277932Z"},"SourceNode":{"Value":{"IdType":1,"Id":"1:Metals/WestTank","Namespace":"http://opcfoundation.org/AlarmCondition"},"SourceTimestamp":"2024-04-27T15:11:07.8277932Z"},"Time":{"Value":"2024-04-27T15:11:06.9020893Z","SourceTimestamp":"2024-04-27T15:11:07.8277932Z"}}}]