[{"SequenceNumber":106,"MetaDataVersion":{"MajorVersion":1},"Timestamp":"2024-04-27T15:11:18.6506284Z","MessageType":"ua-condition","DataSetWriterName":"<<UnknownDataSet>>|PendingAlarms","Payload":{"ConditionClassId":{"Value":null,"SourceTimestamp":"2024-04-27T15:11:11.8463885Z"},"ConditionClassName":{"Value":null,"SourceTimestamp":"2024-04-27T15:11:11.8463885Z"},"ConditionSubClassId":{"Value":null,"SourceTimestamp":"2024-04-27T15:11:11.8463885Z"},"ConditionSubClassName":{"Value":null,"SourceTimestamp":"2024-04-27T15:11:11.8463885Z"},"EventId":{"Value":"OxKHINZtUEqR5fUDWVQu3w==","SourceTimestamp":"2024-04-27T15:11:11.8463885Z"},"EventType":{"Value":{"Id":9764},"SourceTimestamp":"2024-04-27T15:11:11.8463885Z"},"LocalTime":{"Value":{"Offset":120,"DaylightSavingInOffset":true},"SourceTimestamp":"2024-04-27T15:11:11.8463885Z"},"Message":{"Value":"The alarm severity has increased.","SourceTimestamp":"2024-04-27T15:11:11.8463885Z"},"ReceiveTime":{"Value":"2024-04-27T15:11:10.8913369Z","SourceTimestamp":"2024-04-27T15:11:11.8463885Z"},"Severity":{"Value":300,"SourceTimestamp":"2024-04-27T15:11:11.8463885Z"},"SourceName":{"Value":"EastTank","SourceTimestamp":"2024-04-27T15:11:11.8463885Z"},"SourceNode":{"Value":{"IdType":1,"Id":"1:Colours/EastTank","Namespace":"http://opcfoundation.org/AlarmCondition"},"SourceTimestamp":"2024-04-27T15:11:11.8463885Z"},"Time":{"Value":"2024-04-27T15:11:10.8913139Z","SourceTimestamp":"2024-04-27T15:11:11.8463885Z"}}}]