[{"SequenceNumber":107,"MetaDataVersion":{"MajorVersion":1},"Timestamp":"2024-04-27T15:11:18.651014Z","MessageType":"ua-condition","DataSetWriterName":"<<UnknownDataSet>>|PendingAlarms","Payload":{"ConditionClassId":{"Value":null,"SourceTimestamp":"2024-04-27T15:11:17.8624756Z"},"ConditionClassName":{"Value":null,"SourceTimestamp":"2024-04-27T15:11:17.8624756Z"},"ConditionSubClassId":{"Value":null,"SourceTimestamp":"2024-04-27T15:11:17.8624756Z"},"ConditionSubClassName":{"Value":null,"SourceTimestamp":"2024-04-27T15:11:17.8624756Z"},"EventId":{"Value":"rje5rkAizU6iHRtAH8P3RA==","SourceTimestamp":"2024-04-27T15:11:17.8624756Z"},"EventType":{"Value":{"Id":10060},"SourceTimestamp":"2024-04-27T15:11:17.8624756Z"},"LocalTime":{"Value":{"Offset":120,"DaylightSavingInOffset":true},"SourceTimestamp":"2024-04-27T15:11:17.8624756Z"},"Message":{"Value":"The alarm severity has increased.","SourceTimestamp":"2024-04-27T15:11:17.8624756Z"},"ReceiveTime":{"Value":"2024-04-27T15:11:16.900128Z","SourceTimestamp":"2024-04-27T15:11:17.8624756Z"},"Severity":{"Value":900,"SourceTimestamp":"2024-04-27T15:11:17.8624756Z"},"SourceName":{"Value":"WestTank","SourceTimestamp":"2024-04-27T15:11:17.8624756Z"},"SourceNode":{"Value":{"IdType":1,"Id":"1:Metals/WestTank","Namespace":"http://opcfoundation.org/AlarmCondition"},"SourceTimestamp":"2024-04-27T15:11:17.8624756Z"},"Time":{"Value":"2024-04-27T15:11:16.9000422Z","SourceTimestamp":"2024-04-27T15:11:17.8624756Z"}}}]