[{"SequenceNumber":11,"MetaDataVersion":{"MajorVersion":1},"Timestamp":"2024-04-27T15:09:48.0134894Z","MessageType":"ua-condition","DataSetWriterName":"<<UnknownDataSet>>|PendingAlarms","Payload":{"ConditionClassId":{"Value":null,"SourceTimestamp":"2024-04-27T15:09:43.8456047Z"},"ConditionClassName":{"Value":null,"SourceTimestamp":"2024-04-27T15:09:43.8456047Z"},"ConditionSubClassId":{"Value":null,"SourceTimestamp":"2024-04-27T15:09:43.8456047Z"},"ConditionSubClassName":{"Value":null,"SourceTimestamp":"2024-04-27T15:09:43.8456047Z"},"EventId":{"Value":"1S9kcl/Q1kyI1HZcWb33dg==","SourceTimestamp":"2024-04-27T15:09:43.8456047Z"},"EventType":{"Value":{"Id":10751},"SourceTimestamp":"2024-04-27T15:09:43.8456047Z"},"LocalTime":{"Value":{"Offset":120,"DaylightSavingInOffset":true},"SourceTimestamp":"2024-04-27T15:09:43.8456047Z"},"Message":{"Value":"The alarm severity has increased.","SourceTimestamp":"2024-04-27T15:09:43.8456047Z"},"ReceiveTime":{"Value":"2024-04-27T15:09:42.9032485Z","SourceTimestamp":"2024-04-27T15:09:43.8456047Z"},"Severity":{"Value":500,"SourceTimestamp":"2024-04-27T15:09:43.8456047Z"},"SourceName":{"Value":"WestTank","SourceTimestamp":"2024-04-27T15:09:43.8456047Z"},"SourceNode":{"Value":{"IdType":1,"Id":"1:Metals/WestTank","Namespace":"http://opcfoundation.org/AlarmCondition"},"SourceTimestamp":"2024-04-27T15:09:43.8456047Z"},"Time":{"Value":"2024-04-27T15:09:42.9032421Z","SourceTimestamp":"2024-04-27T15:09:43.8456047Z"}}}]