[{"SequenceNumber":113,"MetaDataVersion":{"MajorVersion":1},"Timestamp":"2024-04-27T15:11:18.6518883Z","MessageType":"ua-condition","DataSetWriterName":"<<UnknownDataSet>>|PendingAlarms","Payload":{"ConditionClassId":{"Value":null,"SourceTimestamp":"2024-04-27T15:11:15.8162041Z"},"ConditionClassName":{"Value":null,"SourceTimestamp":"2024-04-27T15:11:15.8162041Z"},"ConditionSubClassId":{"Value":null,"SourceTimestamp":"2024-04-27T15:11:15.8162041Z"},"ConditionSubClassName":{"Value":null,"SourceTimestamp":"2024-04-27T15:11:15.8162041Z"},"EventId":{"Value":"r/J1balyTkSoXh5LpCYl+A==","SourceTimestamp":"2024-04-27T15:11:15.8162041Z"},"EventType":{"Value":{"Id":10751},"SourceTimestamp":"2024-04-27T15:11:15.8162041Z"},"LocalTime":{"Value":{"Offset":120,"DaylightSavingInOffset":true},"SourceTimestamp":"2024-04-27T15:11:15.8162041Z"},"Message":{"Value":"The alarm is active.","SourceTimestamp":"2024-04-27T15:11:15.8162041Z"},"ReceiveTime":{"Value":"2024-04-27T15:11:14.8977646Z","SourceTimestamp":"2024-04-27T15:11:15.8162041Z"},"Severity":{"Value":100,"SourceTimestamp":"2024-04-27T15:11:15.8162041Z"},"SourceName":{"Value":"SouthMotor","SourceTimestamp":"2024-04-27T15:11:15.8162041Z"},"SourceNode":{"Value":{"IdType":1,"Id":"1:Metals/SouthMotor","Namespace":"http://opcfoundation.org/AlarmCondition"},"SourceTimestamp":"2024-04-27T15:11:15.8162041Z"},"Time":{"Value":"2024-04-27T15:11:14.8977609Z","SourceTimestamp":"2024-04-27T15:11:15.8162041Z"}}}]