[{"SequenceNumber":15,"MetaDataVersion":{"MajorVersion":1},"Timestamp":"2024-04-27T15:09:48.0141228Z","MessageType":"ua-condition","DataSetWriterName":"<<UnknownDataSet>>|PendingAlarms","Payload":{"ConditionClassId":{"Value":null,"SourceTimestamp":"2024-04-27T15:09:45.8290922Z"},"ConditionClassName":{"Value":null,"SourceTimestamp":"2024-04-27T15:09:45.8290922Z"},"ConditionSubClassId":{"Value":null,"SourceTimestamp":"2024-04-27T15:09:45.8290922Z"},"ConditionSubClassName":{"Value":null,"SourceTimestamp":"2024-04-27T15:09:45.8290922Z"},"EventId":{"Value":"UGbCL0FG1EiXJ9Ma93DAvw==","SourceTimestamp":"2024-04-27T15:09:45.8290922Z"},"EventType":{"Value":{"Id":10751},"SourceTimestamp":"2024-04-27T15:09:45.8290922Z"},"LocalTime":{"Value":{"Offset":120,"DaylightSavingInOffset":true},"SourceTimestamp":"2024-04-27T15:09:45.8290922Z"},"Message":{"Value":"The alarm severity has increased.","SourceTimestamp":"2024-04-27T15:09:45.8290922Z"},"ReceiveTime":{"Value":"2024-04-27T15:09:44.8973584Z","SourceTimestamp":"2024-04-27T15:09:45.8290922Z"},"Severity":{"Value":500,"SourceTimestamp":"2024-04-27T15:09:45.8290922Z"},"SourceName":{"Value":"SouthMotor","SourceTimestamp":"2024-04-27T15:09:45.8290922Z"},"SourceNode":{"Value":{"IdType":1,"Id":"1:Metals/SouthMotor","Namespace":"http://opcfoundation.org/AlarmCondition"},"SourceTimestamp":"2024-04-27T15:09:45.8290922Z"},"Time":{"Value":"2024-04-27T15:09:44.8973556Z","SourceTimestamp":"2024-04-27T15:09:45.8290922Z"}}}]