[{"SequenceNumber":17,"MetaDataVersion":{"MajorVersion":1},"Timestamp":"2024-04-27T15:09:48.0143823Z","MessageType":"ua-condition","DataSetWriterName":"<<UnknownDataSet>>|PendingAlarms","Payload":{"ConditionClassId":{"Value":null,"SourceTimestamp":"2024-04-27T15:09:47.8130298Z"},"ConditionClassName":{"Value":null,"SourceTimestamp":"2024-04-27T15:09:47.8130298Z"},"ConditionSubClassId":{"Value":null,"SourceTimestamp":"2024-04-27T15:09:47.8130298Z"},"ConditionSubClassName":{"Value":null,"SourceTimestamp":"2024-04-27T15:09:47.8130298Z"},"EventId":{"Value":"0PIYr0ael0CuPgCEPKGuZQ==","SourceTimestamp":"2024-04-27T15:09:47.8130298Z"},"EventType":{"Value":{"Id":10060},"SourceTimestamp":"2024-04-27T15:09:47.8130298Z"},"LocalTime":{"Value":{"Offset":120,"DaylightSavingInOffset":true},"SourceTimestamp":"2024-04-27T15:09:47.8130298Z"},"Message":{"Value":"The alarm severity has increased.","SourceTimestamp":"2024-04-27T15:09:47.8130298Z"},"ReceiveTime":{"Value":"2024-04-27T15:09:46.9010852Z","SourceTimestamp":"2024-04-27T15:09:47.8130298Z"},"Severity":{"Value":500,"SourceTimestamp":"2024-04-27T15:09:47.8130298Z"},"SourceName":{"Value":"NorthMotor","SourceTimestamp":"2024-04-27T15:09:47.8130298Z"},"SourceNode":{"Value":{"IdType":1,"Id":"1:Colours/NorthMotor","Namespace":"http://opcfoundation.org/AlarmCondition"},"SourceTimestamp":"2024-04-27T15:09:47.8130298Z"},"Time":{"Value":"2024-04-27T15:09:46.9010775Z","SourceTimestamp":"2024-04-27T15:09:47.8130298Z"}}}]