[{"SequenceNumber":27,"MetaDataVersion":{"MajorVersion":1},"Timestamp":"2024-04-27T15:09:58.0936951Z","MessageType":"ua-condition","DataSetWriterName":"<<UnknownDataSet>>|PendingAlarms","Payload":{"ConditionClassId":{"Value":null,"SourceTimestamp":"2024-04-27T15:09:54.8681834Z"},"ConditionClassName":{"Value":null,"SourceTimestamp":"2024-04-27T15:09:54.8681834Z"},"ConditionSubClassId":{"Value":null,"SourceTimestamp":"2024-04-27T15:09:54.8681834Z"},"ConditionSubClassName":{"Value":null,"SourceTimestamp":"2024-04-27T15:09:54.8681834Z"},"EventId":{"Value":"dD0KHdkvIEO1vqamu1mFAQ==","SourceTimestamp":"2024-04-27T15:09:54.8681834Z"},"EventType":{"Value":{"Id":10751},"SourceTimestamp":"2024-04-27T15:09:54.8681834Z"},"LocalTime":{"Value":{"Offset":120,"DaylightSavingInOffset":true},"SourceTimestamp":"2024-04-27T15:09:54.8681834Z"},"Message":{"Value":"The alarm severity has increased.","SourceTimestamp":"2024-04-27T15:09:54.8681834Z"},"ReceiveTime":{"Value":"2024-04-27T15:09:53.8970888Z","SourceTimestamp":"2024-04-27T15:09:54.8681834Z"},"Severity":{"Value":700,"SourceTimestamp":"2024-04-27T15:09:54.8681834Z"},"SourceName":{"Value":"SouthMotor","SourceTimestamp":"2024-04-27T15:09:54.8681834Z"},"SourceNode":{"Value":{"IdType":1,"Id":"1:Metals/SouthMotor","Namespace":"http://opcfoundation.org/AlarmCondition"},"SourceTimestamp":"2024-04-27T15:09:54.8681834Z"},"Time":{"Value":"2024-04-27T15:09:53.8970857Z","SourceTimestamp":"2024-04-27T15:09:54.8681834Z"}}}]