[{"SequenceNumber":3,"MetaDataVersion":{"MajorVersion":1},"Timestamp":"2024-04-27T15:09:37.9446127Z","MessageType":"ua-condition","DataSetWriterName":"<<UnknownDataSet>>|PendingAlarms","Payload":{"ConditionClassId":{"Value":null,"SourceTimestamp":"2024-04-27T15:09:35.8386203Z"},"ConditionClassName":{"Value":null,"SourceTimestamp":"2024-04-27T15:09:35.8386203Z"},"ConditionSubClassId":{"Value":null,"SourceTimestamp":"2024-04-27T15:09:35.8386203Z"},"ConditionSubClassName":{"Value":null,"SourceTimestamp":"2024-04-27T15:09:35.8386203Z"},"EventId":{"Value":"L9dUmq16RE26DcZ0SsHW/Q==","SourceTimestamp":"2024-04-27T15:09:35.8386203Z"},"EventType":{"Value":{"Id":10060},"SourceTimestamp":"2024-04-27T15:09:35.8386203Z"},"LocalTime":{"Value":{"Offset":120,"DaylightSavingInOffset":true},"SourceTimestamp":"2024-04-27T15:09:35.8386203Z"},"Message":{"Value":"The alarm severity has increased.","SourceTimestamp":"2024-04-27T15:09:35.8386203Z"},"ReceiveTime":{"Value":"2024-04-27T15:09:34.8975118Z","SourceTimestamp":"2024-04-27T15:09:35.8386203Z"},"Severity":{"Value":300,"SourceTimestamp":"2024-04-27T15:09:35.8386203Z"},"SourceName":{"Value":"SouthMotor","SourceTimestamp":"2024-04-27T15:09:35.8386203Z"},"SourceNode":{"Value":{"IdType":1,"Id":"1:Metals/SouthMotor","Namespace":"http://opcfoundation.org/AlarmCondition"},"SourceTimestamp":"2024-04-27T15:09:35.8386203Z"},"Time":{"Value":"2024-04-27T15:09:34.8975069Z","SourceTimestamp":"2024-04-27T15:09:35.8386203Z"}}}]