[{"SequenceNumber":30,"MetaDataVersion":{"MajorVersion":1},"Timestamp":"2024-04-27T15:09:58.0940806Z","MessageType":"ua-condition","DataSetWriterName":"<<UnknownDataSet>>|PendingAlarms","Payload":{"ConditionClassId":{"Value":null,"SourceTimestamp":"2024-04-27T15:09:57.8454805Z"},"ConditionClassName":{"Value":null,"SourceTimestamp":"2024-04-27T15:09:57.8454805Z"},"ConditionSubClassId":{"Value":null,"SourceTimestamp":"2024-04-27T15:09:57.8454805Z"},"ConditionSubClassName":{"Value":null,"SourceTimestamp":"2024-04-27T15:09:57.8454805Z"},"EventId":{"Value":"NqzZvCXZPEmWFlRX3S1ZQA==","SourceTimestamp":"2024-04-27T15:09:57.8454805Z"},"EventType":{"Value":{"Id":9764},"SourceTimestamp":"2024-04-27T15:09:57.8454805Z"},"LocalTime":{"Value":{"Offset":120,"DaylightSavingInOffset":true},"SourceTimestamp":"2024-04-27T15:09:57.8454805Z"},"Message":{"Value":"The alarm severity has increased.","SourceTimestamp":"2024-04-27T15:09:57.8454805Z"},"ReceiveTime":{"Value":"2024-04-27T15:09:56.9041909Z","SourceTimestamp":"2024-04-27T15:09:57.8454805Z"},"Severity":{"Value":700,"SourceTimestamp":"2024-04-27T15:09:57.8454805Z"},"SourceName":{"Value":"WestTank","SourceTimestamp":"2024-04-27T15:09:57.8454805Z"},"SourceNode":{"Value":{"IdType":1,"Id":"1:Metals/WestTank","Namespace":"http://opcfoundation.org/AlarmCondition"},"SourceTimestamp":"2024-04-27T15:09:57.8454805Z"},"Time":{"Value":"2024-04-27T15:09:56.9041856Z","SourceTimestamp":"2024-04-27T15:09:57.8454805Z"}}}]