[{"SequenceNumber":33,"MetaDataVersion":{"MajorVersion":1},"Timestamp":"2024-04-27T15:09:58.0944618Z","MessageType":"ua-condition","DataSetWriterName":"<<UnknownDataSet>>|PendingAlarms","Payload":{"ConditionClassId":{"Value":null,"SourceTimestamp":"2024-04-27T15:09:49.8562887Z"},"ConditionClassName":{"Value":null,"SourceTimestamp":"2024-04-27T15:09:49.8562887Z"},"ConditionSubClassId":{"Value":null,"SourceTimestamp":"2024-04-27T15:09:49.8562887Z"},"ConditionSubClassName":{"Value":null,"SourceTimestamp":"2024-04-27T15:09:49.8562887Z"},"EventId":{"Value":"7v8lPQWyR02slGJOH1lkSg==","SourceTimestamp":"2024-04-27T15:09:49.8562887Z"},"EventType":{"Value":{"Id":9764},"SourceTimestamp":"2024-04-27T15:09:49.8562887Z"},"LocalTime":{"Value":{"Offset":120,"DaylightSavingInOffset":true},"SourceTimestamp":"2024-04-27T15:09:49.8562887Z"},"Message":{"Value":"The alarm severity has increased.","SourceTimestamp":"2024-04-27T15:09:49.8562887Z"},"ReceiveTime":{"Value":"2024-04-27T15:09:48.8982449Z","SourceTimestamp":"2024-04-27T15:09:49.8562887Z"},"Severity":{"Value":500,"SourceTimestamp":"2024-04-27T15:09:49.8562887Z"},"SourceName":{"Value":"SouthMotor","SourceTimestamp":"2024-04-27T15:09:49.8562887Z"},"SourceNode":{"Value":{"IdType":1,"Id":"1:Metals/SouthMotor","Namespace":"http://opcfoundation.org/AlarmCondition"},"SourceTimestamp":"2024-04-27T15:09:49.8562887Z"},"Time":{"Value":"2024-04-27T15:09:48.8982409Z","SourceTimestamp":"2024-04-27T15:09:49.8562887Z"}}}]