[{"SequenceNumber":40,"MetaDataVersion":{"MajorVersion":1},"Timestamp":"2024-04-27T15:10:08.1758745Z","MessageType":"ua-condition","DataSetWriterName":"<<UnknownDataSet>>|PendingAlarms","Payload":{"ConditionClassId":{"Value":null,"SourceTimestamp":"2024-04-27T15:10:07.836658Z"},"ConditionClassName":{"Value":null,"SourceTimestamp":"2024-04-27T15:10:07.836658Z"},"ConditionSubClassId":{"Value":null,"SourceTimestamp":"2024-04-27T15:10:07.836658Z"},"ConditionSubClassName":{"Value":null,"SourceTimestamp":"2024-04-27T15:10:07.836658Z"},"EventId":{"Value":"espgy7CgEESgInu7AK27Pg==","SourceTimestamp":"2024-04-27T15:10:07.836658Z"},"EventType":{"Value":{"Id":9764},"SourceTimestamp":"2024-04-27T15:10:07.836658Z"},"LocalTime":{"Value":{"Offset":120,"DaylightSavingInOffset":true},"SourceTimestamp":"2024-04-27T15:10:07.836658Z"},"Message":{"Value":"The alarm severity has increased.","SourceTimestamp":"2024-04-27T15:10:07.836658Z"},"ReceiveTime":{"Value":"2024-04-27T15:10:06.9019808Z","SourceTimestamp":"2024-04-27T15:10:07.836658Z"},"Severity":{"Value":900,"SourceTimestamp":"2024-04-27T15:10:07.836658Z"},"SourceName":{"Value":"WestTank","SourceTimestamp":"2024-04-27T15:10:07.836658Z"},"SourceNode":{"Value":{"IdType":1,"Id":"1:Metals/WestTank","Namespace":"http://opcfoundation.org/AlarmCondition"},"SourceTimestamp":"2024-04-27T15:10:07.836658Z"},"Time":{"Value":"2024-04-27T15:10:06.9019754Z","SourceTimestamp":"2024-04-27T15:10:07.836658Z"}}}]