[{"SequenceNumber":45,"MetaDataVersion":{"MajorVersion":1},"Timestamp":"2024-04-27T15:10:18.2343777Z","MessageType":"ua-condition","DataSetWriterName":"<<UnknownDataSet>>|PendingAlarms","Payload":{"ConditionClassId":{"Value":null,"SourceTimestamp":"2024-04-27T15:10:15.8190634Z"},"ConditionClassName":{"Value":null,"SourceTimestamp":"2024-04-27T15:10:15.8190634Z"},"ConditionSubClassId":{"Value":null,"SourceTimestamp":"2024-04-27T15:10:15.8190634Z"},"ConditionSubClassName":{"Value":null,"SourceTimestamp":"2024-04-27T15:10:15.8190634Z"},"EventId":{"Value":"qMIrUiZoAUKcxUGTYEWhmw==","SourceTimestamp":"2024-04-27T15:10:15.8190634Z"},"EventType":{"Value":{"Id":10060},"SourceTimestamp":"2024-04-27T15:10:15.8190634Z"},"LocalTime":{"Value":{"Offset":120,"DaylightSavingInOffset":true},"SourceTimestamp":"2024-04-27T15:10:15.8190634Z"},"Message":{"Value":"The alarm is active.","SourceTimestamp":"2024-04-27T15:10:15.8190634Z"},"ReceiveTime":{"Value":"2024-04-27T15:10:14.90523Z","SourceTimestamp":"2024-04-27T15:10:15.8190634Z"},"Severity":{"Value":100,"SourceTimestamp":"2024-04-27T15:10:15.8190634Z"},"SourceName":{"Value":"SouthMotor","SourceTimestamp":"2024-04-27T15:10:15.8190634Z"},"SourceNode":{"Value":{"IdType":1,"Id":"1:Metals/SouthMotor","Namespace":"http://opcfoundation.org/AlarmCondition"},"SourceTimestamp":"2024-04-27T15:10:15.8190634Z"},"Time":{"Value":"2024-04-27T15:10:14.9052242Z","SourceTimestamp":"2024-04-27T15:10:15.8190634Z"}}}]