[{"SequenceNumber":46,"MetaDataVersion":{"MajorVersion":1},"Timestamp":"2024-04-27T15:10:18.2346088Z","MessageType":"ua-condition","DataSetWriterName":"<<UnknownDataSet>>|PendingAlarms","Payload":{"ConditionClassId":{"Value":null,"SourceTimestamp":"2024-04-27T15:10:12.8553403Z"},"ConditionClassName":{"Value":null,"SourceTimestamp":"2024-04-27T15:10:12.8553403Z"},"ConditionSubClassId":{"Value":null,"SourceTimestamp":"2024-04-27T15:10:12.8553403Z"},"ConditionSubClassName":{"Value":null,"SourceTimestamp":"2024-04-27T15:10:12.8553403Z"},"EventId":{"Value":"9U/Z4tjr9UabAT332x0DmA==","SourceTimestamp":"2024-04-27T15:10:12.8553403Z"},"EventType":{"Value":{"Id":9764},"SourceTimestamp":"2024-04-27T15:10:12.8553403Z"},"LocalTime":{"Value":{"Offset":120,"DaylightSavingInOffset":true},"SourceTimestamp":"2024-04-27T15:10:12.8553403Z"},"Message":{"Value":"The alarm was deactivated by the system.","SourceTimestamp":"2024-04-27T15:10:12.8553403Z"},"ReceiveTime":{"Value":"2024-04-27T15:10:11.8914137Z","SourceTimestamp":"2024-04-27T15:10:12.8553403Z"},"Severity":{"Value":100,"SourceTimestamp":"2024-04-27T15:10:12.8553403Z"},"SourceName":{"Value":"NorthMotor","SourceTimestamp":"2024-04-27T15:10:12.8553403Z"},"SourceNode":{"Value":{"IdType":1,"Id":"1:Colours/NorthMotor","Namespace":"http://opcfoundation.org/AlarmCondition"},"SourceTimestamp":"2024-04-27T15:10:12.8553403Z"},"Time":{"Value":"2024-04-27T15:10:11.8914088Z","SourceTimestamp":"2024-04-27T15:10:12.8553403Z"}}}]