[{"SequenceNumber":48,"MetaDataVersion":{"MajorVersion":1},"Timestamp":"2024-04-27T15:10:18.2349901Z","MessageType":"ua-condition","DataSetWriterName":"<<UnknownDataSet>>|PendingAlarms","Payload":{"ConditionClassId":{"Value":null,"SourceTimestamp":"2024-04-27T15:10:17.8646109Z"},"ConditionClassName":{"Value":null,"SourceTimestamp":"2024-04-27T15:10:17.8646109Z"},"ConditionSubClassId":{"Value":null,"SourceTimestamp":"2024-04-27T15:10:17.8646109Z"},"ConditionSubClassName":{"Value":null,"SourceTimestamp":"2024-04-27T15:10:17.8646109Z"},"EventId":{"Value":"zYKdpMXHvUir5jK3n6ZGaQ==","SourceTimestamp":"2024-04-27T15:10:17.8646109Z"},"EventType":{"Value":{"Id":9764},"SourceTimestamp":"2024-04-27T15:10:17.8646109Z"},"LocalTime":{"Value":{"Offset":120,"DaylightSavingInOffset":true},"SourceTimestamp":"2024-04-27T15:10:17.8646109Z"},"Message":{"Value":"The alarm was deactivated by the system.","SourceTimestamp":"2024-04-27T15:10:17.8646109Z"},"ReceiveTime":{"Value":"2024-04-27T15:10:16.9028514Z","SourceTimestamp":"2024-04-27T15:10:17.8646109Z"},"Severity":{"Value":100,"SourceTimestamp":"2024-04-27T15:10:17.8646109Z"},"SourceName":{"Value":"WestTank","SourceTimestamp":"2024-04-27T15:10:17.8646109Z"},"SourceNode":{"Value":{"IdType":1,"Id":"1:Metals/WestTank","Namespace":"http://opcfoundation.org/AlarmCondition"},"SourceTimestamp":"2024-04-27T15:10:17.8646109Z"},"Time":{"Value":"2024-04-27T15:10:16.9028465Z","SourceTimestamp":"2024-04-27T15:10:17.8646109Z"}}}]