[{"SequenceNumber":49,"MetaDataVersion":{"MajorVersion":1},"Timestamp":"2024-04-27T15:10:18.2351284Z","MessageType":"ua-condition","DataSetWriterName":"<<UnknownDataSet>>|PendingAlarms","Payload":{"ConditionClassId":{"Value":null,"SourceTimestamp":"2024-04-27T15:10:11.8601041Z"},"ConditionClassName":{"Value":null,"SourceTimestamp":"2024-04-27T15:10:11.8601041Z"},"ConditionSubClassId":{"Value":null,"SourceTimestamp":"2024-04-27T15:10:11.8601041Z"},"ConditionSubClassName":{"Value":null,"SourceTimestamp":"2024-04-27T15:10:11.8601041Z"},"EventId":{"Value":"2JzhP9VXFEKFIK0SSeN9ow==","SourceTimestamp":"2024-04-27T15:10:11.8601041Z"},"EventType":{"Value":{"Id":10751},"SourceTimestamp":"2024-04-27T15:10:11.8601041Z"},"LocalTime":{"Value":{"Offset":120,"DaylightSavingInOffset":true},"SourceTimestamp":"2024-04-27T15:10:11.8601041Z"},"Message":{"Value":"The alarm severity has increased.","SourceTimestamp":"2024-04-27T15:10:11.8601041Z"},"ReceiveTime":{"Value":"2024-04-27T15:10:10.8977365Z","SourceTimestamp":"2024-04-27T15:10:11.8601041Z"},"Severity":{"Value":900,"SourceTimestamp":"2024-04-27T15:10:11.8601041Z"},"SourceName":{"Value":"NorthMotor","SourceTimestamp":"2024-04-27T15:10:11.8601041Z"},"SourceNode":{"Value":{"IdType":1,"Id":"1:Colours/NorthMotor","Namespace":"http://opcfoundation.org/AlarmCondition"},"SourceTimestamp":"2024-04-27T15:10:11.8601041Z"},"Time":{"Value":"2024-04-27T15:10:10.8977193Z","SourceTimestamp":"2024-04-27T15:10:11.8601041Z"}}}]