[{"SequenceNumber":50,"MetaDataVersion":{"MajorVersion":1},"Timestamp":"2024-04-27T15:10:18.2352541Z","MessageType":"ua-condition","DataSetWriterName":"<<UnknownDataSet>>|PendingAlarms","Payload":{"ConditionClassId":{"Value":null,"SourceTimestamp":"2024-04-27T15:10:11.8601041Z"},"ConditionClassName":{"Value":null,"SourceTimestamp":"2024-04-27T15:10:11.8601041Z"},"ConditionSubClassId":{"Value":null,"SourceTimestamp":"2024-04-27T15:10:11.8601041Z"},"ConditionSubClassName":{"Value":null,"SourceTimestamp":"2024-04-27T15:10:11.8601041Z"},"EventId":{"Value":"UJK0Ijw0b0+e6kC2HRSd3g==","SourceTimestamp":"2024-04-27T15:10:11.8601041Z"},"EventType":{"Value":{"Id":10060},"SourceTimestamp":"2024-04-27T15:10:11.8601041Z"},"LocalTime":{"Value":{"Offset":120,"DaylightSavingInOffset":true},"SourceTimestamp":"2024-04-27T15:10:11.8601041Z"},"Message":{"Value":"The alarm severity has increased.","SourceTimestamp":"2024-04-27T15:10:11.8601041Z"},"ReceiveTime":{"Value":"2024-04-27T15:10:10.8979653Z","SourceTimestamp":"2024-04-27T15:10:11.8601041Z"},"Severity":{"Value":900,"SourceTimestamp":"2024-04-27T15:10:11.8601041Z"},"SourceName":{"Value":"WestTank","SourceTimestamp":"2024-04-27T15:10:11.8601041Z"},"SourceNode":{"Value":{"IdType":1,"Id":"1:Metals/WestTank","Namespace":"http://opcfoundation.org/AlarmCondition"},"SourceTimestamp":"2024-04-27T15:10:11.8601041Z"},"Time":{"Value":"2024-04-27T15:10:10.8979607Z","SourceTimestamp":"2024-04-27T15:10:11.8601041Z"}}}]