[{"SequenceNumber":55,"MetaDataVersion":{"MajorVersion":1},"Timestamp":"2024-04-27T15:10:28.3059288Z","MessageType":"ua-condition","DataSetWriterName":"<<UnknownDataSet>>|PendingAlarms","Payload":{"ConditionClassId":{"Value":null,"SourceTimestamp":"2024-04-27T15:10:23.8126053Z"},"ConditionClassName":{"Value":null,"SourceTimestamp":"2024-04-27T15:10:23.8126053Z"},"ConditionSubClassId":{"Value":null,"SourceTimestamp":"2024-04-27T15:10:23.8126053Z"},"ConditionSubClassName":{"Value":null,"SourceTimestamp":"2024-04-27T15:10:23.8126053Z"},"EventId":{"Value":"JkwI1K+S9Ey6UoJEptmSpQ==","SourceTimestamp":"2024-04-27T15:10:23.8126053Z"},"EventType":{"Value":{"Id":10751},"SourceTimestamp":"2024-04-27T15:10:23.8126053Z"},"LocalTime":{"Value":{"Offset":120,"DaylightSavingInOffset":true},"SourceTimestamp":"2024-04-27T15:10:23.8126053Z"},"Message":{"Value":"The alarm severity has increased.","SourceTimestamp":"2024-04-27T15:10:23.8126053Z"},"ReceiveTime":{"Value":"2024-04-27T15:10:22.9002864Z","SourceTimestamp":"2024-04-27T15:10:23.8126053Z"},"Severity":{"Value":300,"SourceTimestamp":"2024-04-27T15:10:23.8126053Z"},"SourceName":{"Value":"WestTank","SourceTimestamp":"2024-04-27T15:10:23.8126053Z"},"SourceNode":{"Value":{"IdType":1,"Id":"1:Metals/WestTank","Namespace":"http://opcfoundation.org/AlarmCondition"},"SourceTimestamp":"2024-04-27T15:10:23.8126053Z"},"Time":{"Value":"2024-04-27T15:10:22.9002808Z","SourceTimestamp":"2024-04-27T15:10:23.8126053Z"}}}]