[{"SequenceNumber":57,"MetaDataVersion":{"MajorVersion":1},"Timestamp":"2024-04-27T15:10:28.3062227Z","MessageType":"ua-condition","DataSetWriterName":"<<UnknownDataSet>>|PendingAlarms","Payload":{"ConditionClassId":{"Value":null,"SourceTimestamp":"2024-04-27T15:10:21.8324876Z"},"ConditionClassName":{"Value":null,"SourceTimestamp":"2024-04-27T15:10:21.8324876Z"},"ConditionSubClassId":{"Value":null,"SourceTimestamp":"2024-04-27T15:10:21.8324876Z"},"ConditionSubClassName":{"Value":null,"SourceTimestamp":"2024-04-27T15:10:21.8324876Z"},"EventId":{"Value":"fa2qS0hAqkWS9acXHmJBiQ==","SourceTimestamp":"2024-04-27T15:10:21.8324876Z"},"EventType":{"Value":{"Id":10060},"SourceTimestamp":"2024-04-27T15:10:21.8324876Z"},"LocalTime":{"Value":{"Offset":120,"DaylightSavingInOffset":true},"SourceTimestamp":"2024-04-27T15:10:21.8324876Z"},"Message":{"Value":"The alarm is active.","SourceTimestamp":"2024-04-27T15:10:21.8324876Z"},"ReceiveTime":{"Value":"2024-04-27T15:10:20.9015373Z","SourceTimestamp":"2024-04-27T15:10:21.8324876Z"},"Severity":{"Value":100,"SourceTimestamp":"2024-04-27T15:10:21.8324876Z"},"SourceName":{"Value":"EastTank","SourceTimestamp":"2024-04-27T15:10:21.8324876Z"},"SourceNode":{"Value":{"IdType":1,"Id":"1:Colours/EastTank","Namespace":"http://opcfoundation.org/AlarmCondition"},"SourceTimestamp":"2024-04-27T15:10:21.8324876Z"},"Time":{"Value":"2024-04-27T15:10:20.901517Z","SourceTimestamp":"2024-04-27T15:10:21.8324876Z"}}}]