[{"SequenceNumber":68,"MetaDataVersion":{"MajorVersion":1},"Timestamp":"2024-04-27T15:10:38.3665602Z","MessageType":"ua-condition","DataSetWriterName":"<<UnknownDataSet>>|PendingAlarms","Payload":{"ConditionClassId":{"Value":null,"SourceTimestamp":"2024-04-27T15:10:30.8709418Z"},"ConditionClassName":{"Value":null,"SourceTimestamp":"2024-04-27T15:10:30.8709418Z"},"ConditionSubClassId":{"Value":null,"SourceTimestamp":"2024-04-27T15:10:30.8709418Z"},"ConditionSubClassName":{"Value":null,"SourceTimestamp":"2024-04-27T15:10:30.8709418Z"},"EventId":{"Value":"bPZhqFaD/EmN99XjjCvxzQ==","SourceTimestamp":"2024-04-27T15:10:30.8709418Z"},"EventType":{"Value":{"Id":10751},"SourceTimestamp":"2024-04-27T15:10:30.8709418Z"},"LocalTime":{"Value":{"Offset":120,"DaylightSavingInOffset":true},"SourceTimestamp":"2024-04-27T15:10:30.8709418Z"},"Message":{"Value":"The alarm severity has increased.","SourceTimestamp":"2024-04-27T15:10:30.8709418Z"},"ReceiveTime":{"Value":"2024-04-27T15:10:29.9023117Z","SourceTimestamp":"2024-04-27T15:10:30.8709418Z"},"Severity":{"Value":300,"SourceTimestamp":"2024-04-27T15:10:30.8709418Z"},"SourceName":{"Value":"SouthMotor","SourceTimestamp":"2024-04-27T15:10:30.8709418Z"},"SourceNode":{"Value":{"IdType":1,"Id":"1:Metals/SouthMotor","Namespace":"http://opcfoundation.org/AlarmCondition"},"SourceTimestamp":"2024-04-27T15:10:30.8709418Z"},"Time":{"Value":"2024-04-27T15:10:29.9023083Z","SourceTimestamp":"2024-04-27T15:10:30.8709418Z"}}}]