[{"SequenceNumber":7,"MetaDataVersion":{"MajorVersion":1},"Timestamp":"2024-04-27T15:09:37.94538Z","MessageType":"ua-condition","DataSetWriterName":"<<UnknownDataSet>>|PendingAlarms","Payload":{"ConditionClassId":{"Value":null,"SourceTimestamp":"2024-04-27T15:09:37.8293246Z"},"ConditionClassName":{"Value":null,"SourceTimestamp":"2024-04-27T15:09:37.8293246Z"},"ConditionSubClassId":{"Value":null,"SourceTimestamp":"2024-04-27T15:09:37.8293246Z"},"ConditionSubClassName":{"Value":null,"SourceTimestamp":"2024-04-27T15:09:37.8293246Z"},"EventId":{"Value":"izJUqNHFUUO5427Q+sWKzA==","SourceTimestamp":"2024-04-27T15:09:37.8293246Z"},"EventType":{"Value":{"Id":10751},"SourceTimestamp":"2024-04-27T15:09:37.8293246Z"},"LocalTime":{"Value":{"Offset":120,"DaylightSavingInOffset":true},"SourceTimestamp":"2024-04-27T15:09:37.8293246Z"},"Message":{"Value":"The alarm severity has increased.","SourceTimestamp":"2024-04-27T15:09:37.8293246Z"},"ReceiveTime":{"Value":"2024-04-27T15:09:36.8939249Z","SourceTimestamp":"2024-04-27T15:09:37.8293246Z"},"Severity":{"Value":300,"SourceTimestamp":"2024-04-27T15:09:37.8293246Z"},"SourceName":{"Value":"EastTank","SourceTimestamp":"2024-04-27T15:09:37.8293246Z"},"SourceNode":{"Value":{"IdType":1,"Id":"1:Colours/EastTank","Namespace":"http://opcfoundation.org/AlarmCondition"},"SourceTimestamp":"2024-04-27T15:09:37.8293246Z"},"Time":{"Value":"2024-04-27T15:09:36.8939109Z","SourceTimestamp":"2024-04-27T15:09:37.8293246Z"}}}]