[{"SequenceNumber":85,"MetaDataVersion":{"MajorVersion":1},"Timestamp":"2024-04-27T15:10:48.445432Z","MessageType":"ua-condition","DataSetWriterName":"<<UnknownDataSet>>|PendingAlarms","Payload":{"ConditionClassId":{"Value":null,"SourceTimestamp":"2024-04-27T15:10:44.86062Z"},"ConditionClassName":{"Value":null,"SourceTimestamp":"2024-04-27T15:10:44.86062Z"},"ConditionSubClassId":{"Value":null,"SourceTimestamp":"2024-04-27T15:10:44.86062Z"},"ConditionSubClassName":{"Value":null,"SourceTimestamp":"2024-04-27T15:10:44.86062Z"},"EventId":{"Value":"3nNX632GTUi5dcwGYY4ypA==","SourceTimestamp":"2024-04-27T15:10:44.86062Z"},"EventType":{"Value":{"Id":9764},"SourceTimestamp":"2024-04-27T15:10:44.86062Z"},"LocalTime":{"Value":{"Offset":120,"DaylightSavingInOffset":true},"SourceTimestamp":"2024-04-27T15:10:44.86062Z"},"Message":{"Value":"The alarm severity has increased.","SourceTimestamp":"2024-04-27T15:10:44.86062Z"},"ReceiveTime":{"Value":"2024-04-27T15:10:43.9022737Z","SourceTimestamp":"2024-04-27T15:10:44.86062Z"},"Severity":{"Value":300,"SourceTimestamp":"2024-04-27T15:10:44.86062Z"},"SourceName":{"Value":"SouthMotor","SourceTimestamp":"2024-04-27T15:10:44.86062Z"},"SourceNode":{"Value":{"IdType":1,"Id":"1:Metals/SouthMotor","Namespace":"http://opcfoundation.org/AlarmCondition"},"SourceTimestamp":"2024-04-27T15:10:44.86062Z"},"Time":{"Value":"2024-04-27T15:10:43.9022683Z","SourceTimestamp":"2024-04-27T15:10:44.86062Z"}}}]