[{"SequenceNumber":86,"MetaDataVersion":{"MajorVersion":1},"Timestamp":"2024-04-27T15:10:58.4898558Z","MessageType":"ua-condition","DataSetWriterName":"<<UnknownDataSet>>|PendingAlarms","Payload":{"ConditionClassId":{"Value":null,"SourceTimestamp":"2024-04-27T15:10:55.8173136Z"},"ConditionClassName":{"Value":null,"SourceTimestamp":"2024-04-27T15:10:55.8173136Z"},"ConditionSubClassId":{"Value":null,"SourceTimestamp":"2024-04-27T15:10:55.8173136Z"},"ConditionSubClassName":{"Value":null,"SourceTimestamp":"2024-04-27T15:10:55.8173136Z"},"EventId":{"Value":"NdA7EhkVwE+XnNMFLDLJ3w==","SourceTimestamp":"2024-04-27T15:10:55.8173136Z"},"EventType":{"Value":{"Id":9764},"SourceTimestamp":"2024-04-27T15:10:55.8173136Z"},"LocalTime":{"Value":{"Offset":120,"DaylightSavingInOffset":true},"SourceTimestamp":"2024-04-27T15:10:55.8173136Z"},"Message":{"Value":"The alarm was deactivated by the system.","SourceTimestamp":"2024-04-27T15:10:55.8173136Z"},"ReceiveTime":{"Value":"2024-04-27T15:10:54.9049204Z","SourceTimestamp":"2024-04-27T15:10:55.8173136Z"},"Severity":{"Value":100,"SourceTimestamp":"2024-04-27T15:10:55.8173136Z"},"SourceName":{"Value":"EastTank","SourceTimestamp":"2024-04-27T15:10:55.8173136Z"},"SourceNode":{"Value":{"IdType":1,"Id":"1:Colours/EastTank","Namespace":"http://opcfoundation.org/AlarmCondition"},"SourceTimestamp":"2024-04-27T15:10:55.8173136Z"},"Time":{"Value":"2024-04-27T15:10:54.9048717Z","SourceTimestamp":"2024-04-27T15:10:55.8173136Z"}}}]