[{"SequenceNumber":90,"MetaDataVersion":{"MajorVersion":1},"Timestamp":"2024-04-27T15:10:58.4909722Z","MessageType":"ua-condition","DataSetWriterName":"<<UnknownDataSet>>|PendingAlarms","Payload":{"ConditionClassId":{"Value":null,"SourceTimestamp":"2024-04-27T15:10:57.8397596Z"},"ConditionClassName":{"Value":null,"SourceTimestamp":"2024-04-27T15:10:57.8397596Z"},"ConditionSubClassId":{"Value":null,"SourceTimestamp":"2024-04-27T15:10:57.8397596Z"},"ConditionSubClassName":{"Value":null,"SourceTimestamp":"2024-04-27T15:10:57.8397596Z"},"EventId":{"Value":"uAzUle1BMUKN0FdfRnNKwg==","SourceTimestamp":"2024-04-27T15:10:57.8397596Z"},"EventType":{"Value":{"Id":10751},"SourceTimestamp":"2024-04-27T15:10:57.8397596Z"},"LocalTime":{"Value":{"Offset":120,"DaylightSavingInOffset":true},"SourceTimestamp":"2024-04-27T15:10:57.8397596Z"},"Message":{"Value":"The alarm severity has increased.","SourceTimestamp":"2024-04-27T15:10:57.8397596Z"},"ReceiveTime":{"Value":"2024-04-27T15:10:56.904897Z","SourceTimestamp":"2024-04-27T15:10:57.8397596Z"},"Severity":{"Value":900,"SourceTimestamp":"2024-04-27T15:10:57.8397596Z"},"SourceName":{"Value":"SouthMotor","SourceTimestamp":"2024-04-27T15:10:57.8397596Z"},"SourceNode":{"Value":{"IdType":1,"Id":"1:Metals/SouthMotor","Namespace":"http://opcfoundation.org/AlarmCondition"},"SourceTimestamp":"2024-04-27T15:10:57.8397596Z"},"Time":{"Value":"2024-04-27T15:10:56.9048938Z","SourceTimestamp":"2024-04-27T15:10:57.8397596Z"}}}]