[{"SequenceNumber":96,"MetaDataVersion":{"MajorVersion":1},"Timestamp":"2024-04-27T15:11:08.5687583Z","MessageType":"ua-condition","DataSetWriterName":"<<UnknownDataSet>>|PendingAlarms","Payload":{"ConditionClassId":{"Value":null,"SourceTimestamp":"2024-04-27T15:11:03.8481899Z"},"ConditionClassName":{"Value":null,"SourceTimestamp":"2024-04-27T15:11:03.8481899Z"},"ConditionSubClassId":{"Value":null,"SourceTimestamp":"2024-04-27T15:11:03.8481899Z"},"ConditionSubClassName":{"Value":null,"SourceTimestamp":"2024-04-27T15:11:03.8481899Z"},"EventId":{"Value":"tLh8qtSoyEuE+14NvSKNEQ==","SourceTimestamp":"2024-04-27T15:11:03.8481899Z"},"EventType":{"Value":{"Id":9764},"SourceTimestamp":"2024-04-27T15:11:03.8481899Z"},"LocalTime":{"Value":{"Offset":120,"DaylightSavingInOffset":true},"SourceTimestamp":"2024-04-27T15:11:03.8481899Z"},"Message":{"Value":"The alarm is active.","SourceTimestamp":"2024-04-27T15:11:03.8481899Z"},"ReceiveTime":{"Value":"2024-04-27T15:11:02.9038337Z","SourceTimestamp":"2024-04-27T15:11:03.8481899Z"},"Severity":{"Value":100,"SourceTimestamp":"2024-04-27T15:11:03.8481899Z"},"SourceName":{"Value":"EastTank","SourceTimestamp":"2024-04-27T15:11:03.8481899Z"},"SourceNode":{"Value":{"IdType":1,"Id":"1:Colours/EastTank","Namespace":"http://opcfoundation.org/AlarmCondition"},"SourceTimestamp":"2024-04-27T15:11:03.8481899Z"},"Time":{"Value":"2024-04-27T15:11:02.9038011Z","SourceTimestamp":"2024-04-27T15:11:03.8481899Z"}}}]