[{"SequenceNumber":98,"MetaDataVersion":{"MajorVersion":1},"Timestamp":"2024-04-27T15:11:08.5694125Z","MessageType":"ua-condition","DataSetWriterName":"<<UnknownDataSet>>|PendingAlarms","Payload":{"ConditionClassId":{"Value":null,"SourceTimestamp":"2024-04-27T15:11:06.8384046Z"},"ConditionClassName":{"Value":null,"SourceTimestamp":"2024-04-27T15:11:06.8384046Z"},"ConditionSubClassId":{"Value":null,"SourceTimestamp":"2024-04-27T15:11:06.8384046Z"},"ConditionSubClassName":{"Value":null,"SourceTimestamp":"2024-04-27T15:11:06.8384046Z"},"EventId":{"Value":"vGMvVgaLrECjpPE39VV7jQ==","SourceTimestamp":"2024-04-27T15:11:06.8384046Z"},"EventType":{"Value":{"Id":10751},"SourceTimestamp":"2024-04-27T15:11:06.8384046Z"},"LocalTime":{"Value":{"Offset":120,"DaylightSavingInOffset":true},"SourceTimestamp":"2024-04-27T15:11:06.8384046Z"},"Message":{"Value":"The alarm severity has increased.","SourceTimestamp":"2024-04-27T15:11:06.8384046Z"},"ReceiveTime":{"Value":"2024-04-27T15:11:05.8923215Z","SourceTimestamp":"2024-04-27T15:11:06.8384046Z"},"Severity":{"Value":700,"SourceTimestamp":"2024-04-27T15:11:06.8384046Z"},"SourceName":{"Value":"NorthMotor","SourceTimestamp":"2024-04-27T15:11:06.8384046Z"},"SourceNode":{"Value":{"IdType":1,"Id":"1:Colours/NorthMotor","Namespace":"http://opcfoundation.org/AlarmCondition"},"SourceTimestamp":"2024-04-27T15:11:06.8384046Z"},"Time":{"Value":"2024-04-27T15:11:05.8922168Z","SourceTimestamp":"2024-04-27T15:11:06.8384046Z"}}}]