[{"i=2258":"2024-04-28T08:42:52.9557366Z","nsu=http://opcfoundation.org/UA/Plc/Applications;s=StepUp":109,"nsu=http://opcfoundation.org/UA/Plc/Applications;s=AlternatingBoolean":true,"nsu=http://opcfoundation.org/UA/Plc/Applications;s=RandomSignedInt32":185578045,"nsu=http://opcfoundation.org/UA/Plc/Applications;s=RandomUnsignedInt32":1482217747,"nsu=http://opcfoundation.org/UA/Plc/Applications;s=DipData":-84.432792550201498,"nsu=http://opcfoundation.org/UA/Plc/Applications;s=FastUIntScalar1":10,"nsu=http://opcfoundation.org/UA/Plc/Applications;s=FastUIntScalar2":10,"nsu=http://opcfoundation.org/UA/Plc/Applications;s=FastUIntScalar3":10,"nsu=http://opcfoundation.org/UA/Plc/Applications;s=FastRandomUIntScalar1":992186250,"nsu=http://opcfoundation.org/UA/Plc/Applications;s=FastRandomUIntScalar2":2765446318,"nsu=http://opcfoundation.org/UA/Plc/Applications;s=FastRandomUIntScalar3":157176663,"nsu=http://opcfoundation.org/UA/Plc/Applications;s=NegativeTrendData":100,"nsu=http://opcfoundation.org/UA/Plc/Applications;s=PositiveTrendData":100,"nsu=http://opcfoundation.org/UA/Plc/Applications;s=SlowUIntScalar1":1,"nsu=http://opcfoundation.org/UA/Plc/Applications;s=SlowUIntScalar2":1,"nsu=http://opcfoundation.org/UA/Plc/Applications;s=SlowUIntScalar3":1,"nsu=http://opcfoundation.org/UA/Plc/Applications;s=BadSlowUIntScalar1":1,"nsu=http://opcfoundation.org/UA/Plc/Applications;s=SlowRandomUIntScalar1":4289295959,"nsu=http://opcfoundation.org/UA/Plc/Applications;s=SlowRandomUIntScalar2":3332982437,"nsu=http://opcfoundation.org/UA/Plc/Applications;s=SlowRandomUIntScalar3":3589336439,"nsu=http://opcfoundation.org/UA/Plc/Applications;s=BadSlowRandomUIntScalar1":2985525594,"nsu=http://opcfoundation.org/UA/Plc/Applications;s=SpikeData":-84.432792550201498,"ns=23;i=1259":-1.7}]