[{"i=2258":"2024-04-28T08:44:23.9541587Z","nsu=http://opcfoundation.org/UA/Plc/Applications;s=StepUp":1019,"nsu=http://opcfoundation.org/UA/Plc/Applications;s=AlternatingBoolean":true,"nsu=http://opcfoundation.org/UA/Plc/Applications;s=RandomSignedInt32":-1185987137,"nsu=http://opcfoundation.org/UA/Plc/Applications;s=RandomUnsignedInt32":453259561,"nsu=http://opcfoundation.org/UA/Plc/Applications;s=DipData":-77.051324277578942,"nsu=http://opcfoundation.org/UA/Plc/Applications;s=FastUIntScalar1":101,"nsu=http://opcfoundation.org/UA/Plc/Applications;s=FastUIntScalar2":101,"nsu=http://opcfoundation.org/UA/Plc/Applications;s=FastUIntScalar3":101,"nsu=http://opcfoundation.org/UA/Plc/Applications;s=FastRandomUIntScalar1":1177323176,"nsu=http://opcfoundation.org/UA/Plc/Applications;s=FastRandomUIntScalar2":3499457814,"nsu=http://opcfoundation.org/UA/Plc/Applications;s=FastRandomUIntScalar3":1426711100,"nsu=http://opcfoundation.org/UA/Plc/Applications;s=NegativeTrendData":98.299999999999997,"nsu=http://opcfoundation.org/UA/Plc/Applications;s=PositiveTrendData":101.3,"nsu=http://opcfoundation.org/UA/Plc/Applications;s=SlowUIntScalar1":10,"nsu=http://opcfoundation.org/UA/Plc/Applications;s=SlowUIntScalar2":10,"nsu=http://opcfoundation.org/UA/Plc/Applications;s=SlowUIntScalar3":10,"nsu=http://opcfoundation.org/UA/Plc/Applications;s=BadSlowUIntScalar1":null,"nsu=http://opcfoundation.org/UA/Plc/Applications;s=SlowRandomUIntScalar1":129866070,"nsu=http://opcfoundation.org/UA/Plc/Applications;s=SlowRandomUIntScalar2":2272171061,"nsu=http://opcfoundation.org/UA/Plc/Applications;s=SlowRandomUIntScalar3":3161891401,"nsu=http://opcfoundation.org/UA/Plc/Applications;s=BadSlowRandomUIntScalar1":null,"nsu=http://opcfoundation.org/UA/Plc/Applications;s=SpikeData":-77.051324277578942,"ns=23;i=1259":-1.3}]