[{"i=2258":"2024-04-28T08:44:28.9596494Z","nsu=http://opcfoundation.org/UA/Plc/Applications;s=StepUp":1069,"nsu=http://opcfoundation.org/UA/Plc/Applications;s=AlternatingBoolean":false,"nsu=http://opcfoundation.org/UA/Plc/Applications;s=RandomSignedInt32":345437663,"nsu=http://opcfoundation.org/UA/Plc/Applications;s=RandomUnsignedInt32":1949122113,"nsu=http://opcfoundation.org/UA/Plc/Applications;s=DipData":-77.051324277578942,"nsu=http://opcfoundation.org/UA/Plc/Applications;s=FastUIntScalar1":106,"nsu=http://opcfoundation.org/UA/Plc/Applications;s=FastUIntScalar2":106,"nsu=http://opcfoundation.org/UA/Plc/Applications;s=FastUIntScalar3":106,"nsu=http://opcfoundation.org/UA/Plc/Applications;s=FastRandomUIntScalar1":3365186767,"nsu=http://opcfoundation.org/UA/Plc/Applications;s=FastRandomUIntScalar2":4237209624,"nsu=http://opcfoundation.org/UA/Plc/Applications;s=FastRandomUIntScalar3":8274073,"nsu=http://opcfoundation.org/UA/Plc/Applications;s=NegativeTrendData":98.200000000000003,"nsu=http://opcfoundation.org/UA/Plc/Applications;s=PositiveTrendData":101.40000000000001,"nsu=http://opcfoundation.org/UA/Plc/Applications;s=SlowUIntScalar1":10,"nsu=http://opcfoundation.org/UA/Plc/Applications;s=SlowUIntScalar2":10,"nsu=http://opcfoundation.org/UA/Plc/Applications;s=SlowUIntScalar3":10,"nsu=http://opcfoundation.org/UA/Plc/Applications;s=BadSlowUIntScalar1":null,"nsu=http://opcfoundation.org/UA/Plc/Applications;s=SlowRandomUIntScalar1":129866070,"nsu=http://opcfoundation.org/UA/Plc/Applications;s=SlowRandomUIntScalar2":2272171061,"nsu=http://opcfoundation.org/UA/Plc/Applications;s=SlowRandomUIntScalar3":3161891401,"nsu=http://opcfoundation.org/UA/Plc/Applications;s=BadSlowRandomUIntScalar1":null,"nsu=http://opcfoundation.org/UA/Plc/Applications;s=SpikeData":-77.051324277578942,"ns=23;i=1259":0.39500000000000002}]