[{"i=2258":"2024-04-28T08:44:31.9552009Z","nsu=http://opcfoundation.org/UA/Plc/Applications;s=StepUp":1099,"nsu=http://opcfoundation.org/UA/Plc/Applications;s=AlternatingBoolean":false,"nsu=http://opcfoundation.org/UA/Plc/Applications;s=RandomSignedInt32":1008119852,"nsu=http://opcfoundation.org/UA/Plc/Applications;s=RandomUnsignedInt32":1723244494,"nsu=http://opcfoundation.org/UA/Plc/Applications;s=DipData":24.868988716485479,"nsu=http://opcfoundation.org/UA/Plc/Applications;s=FastUIntScalar1":109,"nsu=http://opcfoundation.org/UA/Plc/Applications;s=FastUIntScalar2":109,"nsu=http://opcfoundation.org/UA/Plc/Applications;s=FastUIntScalar3":109,"nsu=http://opcfoundation.org/UA/Plc/Applications;s=FastRandomUIntScalar1":2023674253,"nsu=http://opcfoundation.org/UA/Plc/Applications;s=FastRandomUIntScalar2":2002654891,"nsu=http://opcfoundation.org/UA/Plc/Applications;s=FastRandomUIntScalar3":1653423517,"nsu=http://opcfoundation.org/UA/Plc/Applications;s=NegativeTrendData":98.200000000000003,"nsu=http://opcfoundation.org/UA/Plc/Applications;s=PositiveTrendData":101.40000000000001,"nsu=http://opcfoundation.org/UA/Plc/Applications;s=SlowUIntScalar1":10,"nsu=http://opcfoundation.org/UA/Plc/Applications;s=SlowUIntScalar2":10,"nsu=http://opcfoundation.org/UA/Plc/Applications;s=SlowUIntScalar3":10,"nsu=http://opcfoundation.org/UA/Plc/Applications;s=BadSlowUIntScalar1":null,"nsu=http://opcfoundation.org/UA/Plc/Applications;s=SlowRandomUIntScalar1":129866070,"nsu=http://opcfoundation.org/UA/Plc/Applications;s=SlowRandomUIntScalar2":2272171061,"nsu=http://opcfoundation.org/UA/Plc/Applications;s=SlowRandomUIntScalar3":3161891401,"nsu=http://opcfoundation.org/UA/Plc/Applications;s=BadSlowRandomUIntScalar1":null,"nsu=http://opcfoundation.org/UA/Plc/Applications;s=SpikeData":24.868988716485479,"ns=23;i=1259":-1.6899999999999999}]