[{"i=2258":"2024-04-28T08:44:35.9597213Z","nsu=http://opcfoundation.org/UA/Plc/Applications;s=StepUp":1139,"nsu=http://opcfoundation.org/UA/Plc/Applications;s=AlternatingBoolean":true,"nsu=http://opcfoundation.org/UA/Plc/Applications;s=RandomSignedInt32":-773661934,"nsu=http://opcfoundation.org/UA/Plc/Applications;s=RandomUnsignedInt32":260963293,"nsu=http://opcfoundation.org/UA/Plc/Applications;s=DipData":99.80267284282715,"nsu=http://opcfoundation.org/UA/Plc/Applications;s=FastUIntScalar1":113,"nsu=http://opcfoundation.org/UA/Plc/Applications;s=FastUIntScalar2":113,"nsu=http://opcfoundation.org/UA/Plc/Applications;s=FastUIntScalar3":113,"nsu=http://opcfoundation.org/UA/Plc/Applications;s=FastRandomUIntScalar1":84210996,"nsu=http://opcfoundation.org/UA/Plc/Applications;s=FastRandomUIntScalar2":1382563793,"nsu=http://opcfoundation.org/UA/Plc/Applications;s=FastRandomUIntScalar3":1898324765,"nsu=http://opcfoundation.org/UA/Plc/Applications;s=NegativeTrendData":98.099999999999994,"nsu=http://opcfoundation.org/UA/Plc/Applications;s=PositiveTrendData":101.5,"nsu=http://opcfoundation.org/UA/Plc/Applications;s=SlowUIntScalar1":11,"nsu=http://opcfoundation.org/UA/Plc/Applications;s=SlowUIntScalar2":11,"nsu=http://opcfoundation.org/UA/Plc/Applications;s=SlowUIntScalar3":11,"nsu=http://opcfoundation.org/UA/Plc/Applications;s=BadSlowUIntScalar1":1,"nsu=http://opcfoundation.org/UA/Plc/Applications;s=SlowRandomUIntScalar1":4008260394,"nsu=http://opcfoundation.org/UA/Plc/Applications;s=SlowRandomUIntScalar2":3720985971,"nsu=http://opcfoundation.org/UA/Plc/Applications;s=SlowRandomUIntScalar3":1852830956,"nsu=http://opcfoundation.org/UA/Plc/Applications;s=BadSlowRandomUIntScalar1":2319164902,"nsu=http://opcfoundation.org/UA/Plc/Applications;s=SpikeData":99.80267284282715,"ns=23;i=1259":0.89800000000000002}]