[{"i=2258":"2024-04-28T08:44:37.9661893Z","nsu=http://opcfoundation.org/UA/Plc/Applications;s=StepUp":1159,"nsu=http://opcfoundation.org/UA/Plc/Applications;s=AlternatingBoolean":false,"nsu=http://opcfoundation.org/UA/Plc/Applications;s=RandomSignedInt32":-244360917,"nsu=http://opcfoundation.org/UA/Plc/Applications;s=RandomUnsignedInt32":1980812445,"nsu=http://opcfoundation.org/UA/Plc/Applications;s=DipData":-84.432792550201498,"nsu=http://opcfoundation.org/UA/Plc/Applications;s=FastUIntScalar1":115,"nsu=http://opcfoundation.org/UA/Plc/Applications;s=FastUIntScalar2":115,"nsu=http://opcfoundation.org/UA/Plc/Applications;s=FastUIntScalar3":115,"nsu=http://opcfoundation.org/UA/Plc/Applications;s=FastRandomUIntScalar1":2723676798,"nsu=http://opcfoundation.org/UA/Plc/Applications;s=FastRandomUIntScalar2":878701163,"nsu=http://opcfoundation.org/UA/Plc/Applications;s=FastRandomUIntScalar3":3630533576,"nsu=http://opcfoundation.org/UA/Plc/Applications;s=NegativeTrendData":98,"nsu=http://opcfoundation.org/UA/Plc/Applications;s=PositiveTrendData":101.59999999999999,"nsu=http://opcfoundation.org/UA/Plc/Applications;s=SlowUIntScalar1":11,"nsu=http://opcfoundation.org/UA/Plc/Applications;s=SlowUIntScalar2":11,"nsu=http://opcfoundation.org/UA/Plc/Applications;s=SlowUIntScalar3":11,"nsu=http://opcfoundation.org/UA/Plc/Applications;s=BadSlowUIntScalar1":1,"nsu=http://opcfoundation.org/UA/Plc/Applications;s=SlowRandomUIntScalar1":4008260394,"nsu=http://opcfoundation.org/UA/Plc/Applications;s=SlowRandomUIntScalar2":3720985971,"nsu=http://opcfoundation.org/UA/Plc/Applications;s=SlowRandomUIntScalar3":1852830956,"nsu=http://opcfoundation.org/UA/Plc/Applications;s=BadSlowRandomUIntScalar1":2319164902,"nsu=http://opcfoundation.org/UA/Plc/Applications;s=SpikeData":-84.432792550201498,"ns=23;i=1259":1}]