[{"i=2258":"2024-04-28T08:42:55.9587176Z","nsu=http://opcfoundation.org/UA/Plc/Applications;s=StepUp":139,"nsu=http://opcfoundation.org/UA/Plc/Applications;s=AlternatingBoolean":true,"nsu=http://opcfoundation.org/UA/Plc/Applications;s=RandomSignedInt32":-1093318181,"nsu=http://opcfoundation.org/UA/Plc/Applications;s=RandomUnsignedInt32":1977085715,"nsu=http://opcfoundation.org/UA/Plc/Applications;s=DipData":99.80267284282715,"nsu=http://opcfoundation.org/UA/Plc/Applications;s=FastUIntScalar1":13,"nsu=http://opcfoundation.org/UA/Plc/Applications;s=FastUIntScalar2":13,"nsu=http://opcfoundation.org/UA/Plc/Applications;s=FastUIntScalar3":13,"nsu=http://opcfoundation.org/UA/Plc/Applications;s=FastRandomUIntScalar1":830438099,"nsu=http://opcfoundation.org/UA/Plc/Applications;s=FastRandomUIntScalar2":1404479397,"nsu=http://opcfoundation.org/UA/Plc/Applications;s=FastRandomUIntScalar3":3679875879,"nsu=http://opcfoundation.org/UA/Plc/Applications;s=NegativeTrendData":100,"nsu=http://opcfoundation.org/UA/Plc/Applications;s=PositiveTrendData":100,"nsu=http://opcfoundation.org/UA/Plc/Applications;s=SlowUIntScalar1":1,"nsu=http://opcfoundation.org/UA/Plc/Applications;s=SlowUIntScalar2":1,"nsu=http://opcfoundation.org/UA/Plc/Applications;s=SlowUIntScalar3":1,"nsu=http://opcfoundation.org/UA/Plc/Applications;s=BadSlowUIntScalar1":1,"nsu=http://opcfoundation.org/UA/Plc/Applications;s=SlowRandomUIntScalar1":4289295959,"nsu=http://opcfoundation.org/UA/Plc/Applications;s=SlowRandomUIntScalar2":3332982437,"nsu=http://opcfoundation.org/UA/Plc/Applications;s=SlowRandomUIntScalar3":3589336439,"nsu=http://opcfoundation.org/UA/Plc/Applications;s=BadSlowRandomUIntScalar1":2985525594,"nsu=http://opcfoundation.org/UA/Plc/Applications;s=SpikeData":99.80267284282715,"ns=23;i=1259":0.69900000000000007}]