[{"i=2258":"2024-04-28T08:43:06.9566464Z","nsu=http://opcfoundation.org/UA/Plc/Applications;s=StepUp":249,"nsu=http://opcfoundation.org/UA/Plc/Applications;s=AlternatingBoolean":true,"nsu=http://opcfoundation.org/UA/Plc/Applications;s=RandomSignedInt32":-594779349,"nsu=http://opcfoundation.org/UA/Plc/Applications;s=RandomUnsignedInt32":558487845,"nsu=http://opcfoundation.org/UA/Plc/Applications;s=DipData":24.868988716485479,"nsu=http://opcfoundation.org/UA/Plc/Applications;s=FastUIntScalar1":24,"nsu=http://opcfoundation.org/UA/Plc/Applications;s=FastUIntScalar2":24,"nsu=http://opcfoundation.org/UA/Plc/Applications;s=FastUIntScalar3":24,"nsu=http://opcfoundation.org/UA/Plc/Applications;s=FastRandomUIntScalar1":2398499585,"nsu=http://opcfoundation.org/UA/Plc/Applications;s=FastRandomUIntScalar2":660879032,"nsu=http://opcfoundation.org/UA/Plc/Applications;s=FastRandomUIntScalar3":3380411849,"nsu=http://opcfoundation.org/UA/Plc/Applications;s=NegativeTrendData":99.900000000000006,"nsu=http://opcfoundation.org/UA/Plc/Applications;s=PositiveTrendData":100,"nsu=http://opcfoundation.org/UA/Plc/Applications;s=SlowUIntScalar1":2,"nsu=http://opcfoundation.org/UA/Plc/Applications;s=SlowUIntScalar2":2,"nsu=http://opcfoundation.org/UA/Plc/Applications;s=SlowUIntScalar3":2,"nsu=http://opcfoundation.org/UA/Plc/Applications;s=BadSlowUIntScalar1":2,"nsu=http://opcfoundation.org/UA/Plc/Applications;s=SlowRandomUIntScalar1":3899896296,"nsu=http://opcfoundation.org/UA/Plc/Applications;s=SlowRandomUIntScalar2":3240453867,"nsu=http://opcfoundation.org/UA/Plc/Applications;s=SlowRandomUIntScalar3":697411303,"nsu=http://opcfoundation.org/UA/Plc/Applications;s=BadSlowRandomUIntScalar1":1299744455,"nsu=http://opcfoundation.org/UA/Plc/Applications;s=SpikeData":24.868988716485479,"ns=23;i=1259":-0.13900000000000001}]