[{"i=2258":"2024-04-28T08:43:08.9657648Z","nsu=http://opcfoundation.org/UA/Plc/Applications;s=StepUp":269,"nsu=http://opcfoundation.org/UA/Plc/Applications;s=AlternatingBoolean":false,"nsu=http://opcfoundation.org/UA/Plc/Applications;s=RandomSignedInt32":201779532,"nsu=http://opcfoundation.org/UA/Plc/Applications;s=RandomUnsignedInt32":1150551257,"nsu=http://opcfoundation.org/UA/Plc/Applications;s=DipData":-77.051324277578942,"nsu=http://opcfoundation.org/UA/Plc/Applications;s=FastUIntScalar1":26,"nsu=http://opcfoundation.org/UA/Plc/Applications;s=FastUIntScalar2":26,"nsu=http://opcfoundation.org/UA/Plc/Applications;s=FastUIntScalar3":26,"nsu=http://opcfoundation.org/UA/Plc/Applications;s=FastRandomUIntScalar1":3527988240,"nsu=http://opcfoundation.org/UA/Plc/Applications;s=FastRandomUIntScalar2":1340074200,"nsu=http://opcfoundation.org/UA/Plc/Applications;s=FastRandomUIntScalar3":3533890233,"nsu=http://opcfoundation.org/UA/Plc/Applications;s=NegativeTrendData":99.799999999999997,"nsu=http://opcfoundation.org/UA/Plc/Applications;s=PositiveTrendData":100,"nsu=http://opcfoundation.org/UA/Plc/Applications;s=SlowUIntScalar1":2,"nsu=http://opcfoundation.org/UA/Plc/Applications;s=SlowUIntScalar2":2,"nsu=http://opcfoundation.org/UA/Plc/Applications;s=SlowUIntScalar3":2,"nsu=http://opcfoundation.org/UA/Plc/Applications;s=BadSlowUIntScalar1":2,"nsu=http://opcfoundation.org/UA/Plc/Applications;s=SlowRandomUIntScalar1":3899896296,"nsu=http://opcfoundation.org/UA/Plc/Applications;s=SlowRandomUIntScalar2":3240453867,"nsu=http://opcfoundation.org/UA/Plc/Applications;s=SlowRandomUIntScalar3":697411303,"nsu=http://opcfoundation.org/UA/Plc/Applications;s=BadSlowRandomUIntScalar1":1299744455,"nsu=http://opcfoundation.org/UA/Plc/Applications;s=SpikeData":-77.051324277578942,"ns=23;i=1259":0.19600000000000001}]