[{"i=2258":"2024-04-28T08:43:11.9594252Z","nsu=http://opcfoundation.org/UA/Plc/Applications;s=StepUp":299,"nsu=http://opcfoundation.org/UA/Plc/Applications;s=AlternatingBoolean":false,"nsu=http://opcfoundation.org/UA/Plc/Applications;s=RandomSignedInt32":-777893556,"nsu=http://opcfoundation.org/UA/Plc/Applications;s=RandomUnsignedInt32":1536926630,"nsu=http://opcfoundation.org/UA/Plc/Applications;s=DipData":24.868988716485479,"nsu=http://opcfoundation.org/UA/Plc/Applications;s=FastUIntScalar1":29,"nsu=http://opcfoundation.org/UA/Plc/Applications;s=FastUIntScalar2":29,"nsu=http://opcfoundation.org/UA/Plc/Applications;s=FastUIntScalar3":29,"nsu=http://opcfoundation.org/UA/Plc/Applications;s=FastRandomUIntScalar1":2526559041,"nsu=http://opcfoundation.org/UA/Plc/Applications;s=FastRandomUIntScalar2":1873135392,"nsu=http://opcfoundation.org/UA/Plc/Applications;s=FastRandomUIntScalar3":3298985806,"nsu=http://opcfoundation.org/UA/Plc/Applications;s=NegativeTrendData":99.799999999999997,"nsu=http://opcfoundation.org/UA/Plc/Applications;s=PositiveTrendData":100,"nsu=http://opcfoundation.org/UA/Plc/Applications;s=SlowUIntScalar1":2,"nsu=http://opcfoundation.org/UA/Plc/Applications;s=SlowUIntScalar2":2,"nsu=http://opcfoundation.org/UA/Plc/Applications;s=SlowUIntScalar3":2,"nsu=http://opcfoundation.org/UA/Plc/Applications;s=BadSlowUIntScalar1":2,"nsu=http://opcfoundation.org/UA/Plc/Applications;s=SlowRandomUIntScalar1":3899896296,"nsu=http://opcfoundation.org/UA/Plc/Applications;s=SlowRandomUIntScalar2":3240453867,"nsu=http://opcfoundation.org/UA/Plc/Applications;s=SlowRandomUIntScalar3":697411303,"nsu=http://opcfoundation.org/UA/Plc/Applications;s=BadSlowRandomUIntScalar1":1299744455,"nsu=http://opcfoundation.org/UA/Plc/Applications;s=SpikeData":24.868988716485479,"ns=23;i=1259":0.20000000000000001}]