[{"i=2258":"2024-04-28T08:43:19.9568434Z","nsu=http://opcfoundation.org/UA/Plc/Applications;s=StepUp":379,"nsu=http://opcfoundation.org/UA/Plc/Applications;s=AlternatingBoolean":false,"nsu=http://opcfoundation.org/UA/Plc/Applications;s=RandomSignedInt32":-1160019294,"nsu=http://opcfoundation.org/UA/Plc/Applications;s=RandomUnsignedInt32":2039892973,"nsu=http://opcfoundation.org/UA/Plc/Applications;s=DipData":36.812455268467772,"nsu=http://opcfoundation.org/UA/Plc/Applications;s=FastUIntScalar1":37,"nsu=http://opcfoundation.org/UA/Plc/Applications;s=FastUIntScalar2":37,"nsu=http://opcfoundation.org/UA/Plc/Applications;s=FastUIntScalar3":37,"nsu=http://opcfoundation.org/UA/Plc/Applications;s=FastRandomUIntScalar1":1327078992,"nsu=http://opcfoundation.org/UA/Plc/Applications;s=FastRandomUIntScalar2":1998576272,"nsu=http://opcfoundation.org/UA/Plc/Applications;s=FastRandomUIntScalar3":3486397564,"nsu=http://opcfoundation.org/UA/Plc/Applications;s=NegativeTrendData":99.599999999999994,"nsu=http://opcfoundation.org/UA/Plc/Applications;s=PositiveTrendData":100,"nsu=http://opcfoundation.org/UA/Plc/Applications;s=SlowUIntScalar1":3,"nsu=http://opcfoundation.org/UA/Plc/Applications;s=SlowUIntScalar2":3,"nsu=http://opcfoundation.org/UA/Plc/Applications;s=SlowUIntScalar3":3,"nsu=http://opcfoundation.org/UA/Plc/Applications;s=BadSlowUIntScalar1":3,"nsu=http://opcfoundation.org/UA/Plc/Applications;s=SlowRandomUIntScalar1":2732475071,"nsu=http://opcfoundation.org/UA/Plc/Applications;s=SlowRandomUIntScalar2":2095275624,"nsu=http://opcfoundation.org/UA/Plc/Applications;s=SlowRandomUIntScalar3":348801562,"nsu=http://opcfoundation.org/UA/Plc/Applications;s=BadSlowRandomUIntScalar1":1903378564,"nsu=http://opcfoundation.org/UA/Plc/Applications;s=SpikeData":36.812455268467772,"ns=23;i=1259":0.371}]