[{"i=2258":"2024-04-28T08:42:46.9535653Z","nsu=http://opcfoundation.org/UA/Plc/Applications;s=StepUp":49,"nsu=http://opcfoundation.org/UA/Plc/Applications;s=AlternatingBoolean":true,"nsu=http://opcfoundation.org/UA/Plc/Applications;s=RandomSignedInt32":1015173452,"nsu=http://opcfoundation.org/UA/Plc/Applications;s=RandomUnsignedInt32":1830667112,"nsu=http://opcfoundation.org/UA/Plc/Applications;s=DipData":24.868988716485479,"nsu=http://opcfoundation.org/UA/Plc/Applications;s=FastUIntScalar1":4,"nsu=http://opcfoundation.org/UA/Plc/Applications;s=FastUIntScalar2":4,"nsu=http://opcfoundation.org/UA/Plc/Applications;s=FastUIntScalar3":4,"nsu=http://opcfoundation.org/UA/Plc/Applications;s=FastRandomUIntScalar1":4181283916,"nsu=http://opcfoundation.org/UA/Plc/Applications;s=FastRandomUIntScalar2":2450473721,"nsu=http://opcfoundation.org/UA/Plc/Applications;s=FastRandomUIntScalar3":2074664760,"nsu=http://opcfoundation.org/UA/Plc/Applications;s=NegativeTrendData":100,"nsu=http://opcfoundation.org/UA/Plc/Applications;s=PositiveTrendData":100,"nsu=http://opcfoundation.org/UA/Plc/Applications;s=SlowUIntScalar1":0,"nsu=http://opcfoundation.org/UA/Plc/Applications;s=SlowUIntScalar2":0,"nsu=http://opcfoundation.org/UA/Plc/Applications;s=SlowUIntScalar3":0,"nsu=http://opcfoundation.org/UA/Plc/Applications;s=BadSlowUIntScalar1":0,"nsu=http://opcfoundation.org/UA/Plc/Applications;s=SlowRandomUIntScalar1":0,"nsu=http://opcfoundation.org/UA/Plc/Applications;s=SlowRandomUIntScalar2":0,"nsu=http://opcfoundation.org/UA/Plc/Applications;s=SlowRandomUIntScalar3":0,"nsu=http://opcfoundation.org/UA/Plc/Applications;s=BadSlowRandomUIntScalar1":0,"nsu=http://opcfoundation.org/UA/Plc/Applications;s=SpikeData":24.868988716485479,"ns=23;i=1259":0.40300000000000002}]