[{"i=2258":"2024-04-28T08:43:24.9636489Z","nsu=http://opcfoundation.org/UA/Plc/Applications;s=StepUp":429,"nsu=http://opcfoundation.org/UA/Plc/Applications;s=AlternatingBoolean":true,"nsu=http://opcfoundation.org/UA/Plc/Applications;s=RandomSignedInt32":-864493386,"nsu=http://opcfoundation.org/UA/Plc/Applications;s=RandomUnsignedInt32":130272147,"nsu=http://opcfoundation.org/UA/Plc/Applications;s=DipData":36.812455268467772,"nsu=http://opcfoundation.org/UA/Plc/Applications;s=FastUIntScalar1":42,"nsu=http://opcfoundation.org/UA/Plc/Applications;s=FastUIntScalar2":42,"nsu=http://opcfoundation.org/UA/Plc/Applications;s=FastUIntScalar3":42,"nsu=http://opcfoundation.org/UA/Plc/Applications;s=FastRandomUIntScalar1":1291816919,"nsu=http://opcfoundation.org/UA/Plc/Applications;s=FastRandomUIntScalar2":1413388657,"nsu=http://opcfoundation.org/UA/Plc/Applications;s=FastRandomUIntScalar3":474344235,"nsu=http://opcfoundation.org/UA/Plc/Applications;s=NegativeTrendData":99.5,"nsu=http://opcfoundation.org/UA/Plc/Applications;s=PositiveTrendData":100.09999999999999,"nsu=http://opcfoundation.org/UA/Plc/Applications;s=SlowUIntScalar1":4,"nsu=http://opcfoundation.org/UA/Plc/Applications;s=SlowUIntScalar2":4,"nsu=http://opcfoundation.org/UA/Plc/Applications;s=SlowUIntScalar3":4,"nsu=http://opcfoundation.org/UA/Plc/Applications;s=BadSlowUIntScalar1":4,"nsu=http://opcfoundation.org/UA/Plc/Applications;s=SlowRandomUIntScalar1":608923992,"nsu=http://opcfoundation.org/UA/Plc/Applications;s=SlowRandomUIntScalar2":2969311530,"nsu=http://opcfoundation.org/UA/Plc/Applications;s=SlowRandomUIntScalar3":289669381,"nsu=http://opcfoundation.org/UA/Plc/Applications;s=BadSlowRandomUIntScalar1":591374372,"nsu=http://opcfoundation.org/UA/Plc/Applications;s=SpikeData":36.812455268467772,"ns=23;i=1259":-0.40300000000000002}]