[{"i=2258":"2024-04-28T08:43:25.9643643Z","nsu=http://opcfoundation.org/UA/Plc/Applications;s=StepUp":439,"nsu=http://opcfoundation.org/UA/Plc/Applications;s=AlternatingBoolean":true,"nsu=http://opcfoundation.org/UA/Plc/Applications;s=RandomSignedInt32":-1949796377,"nsu=http://opcfoundation.org/UA/Plc/Applications;s=RandomUnsignedInt32":262787270,"nsu=http://opcfoundation.org/UA/Plc/Applications;s=DipData":99.80267284282715,"nsu=http://opcfoundation.org/UA/Plc/Applications;s=FastUIntScalar1":43,"nsu=http://opcfoundation.org/UA/Plc/Applications;s=FastUIntScalar2":43,"nsu=http://opcfoundation.org/UA/Plc/Applications;s=FastUIntScalar3":43,"nsu=http://opcfoundation.org/UA/Plc/Applications;s=FastRandomUIntScalar1":2735674978,"nsu=http://opcfoundation.org/UA/Plc/Applications;s=FastRandomUIntScalar2":986969246,"nsu=http://opcfoundation.org/UA/Plc/Applications;s=FastRandomUIntScalar3":172153082,"nsu=http://opcfoundation.org/UA/Plc/Applications;s=NegativeTrendData":99.5,"nsu=http://opcfoundation.org/UA/Plc/Applications;s=PositiveTrendData":100.09999999999999,"nsu=http://opcfoundation.org/UA/Plc/Applications;s=SlowUIntScalar1":4,"nsu=http://opcfoundation.org/UA/Plc/Applications;s=SlowUIntScalar2":4,"nsu=http://opcfoundation.org/UA/Plc/Applications;s=SlowUIntScalar3":4,"nsu=http://opcfoundation.org/UA/Plc/Applications;s=BadSlowUIntScalar1":4,"nsu=http://opcfoundation.org/UA/Plc/Applications;s=SlowRandomUIntScalar1":608923992,"nsu=http://opcfoundation.org/UA/Plc/Applications;s=SlowRandomUIntScalar2":2969311530,"nsu=http://opcfoundation.org/UA/Plc/Applications;s=SlowRandomUIntScalar3":289669381,"nsu=http://opcfoundation.org/UA/Plc/Applications;s=BadSlowRandomUIntScalar1":591374372,"nsu=http://opcfoundation.org/UA/Plc/Applications;s=SpikeData":99.80267284282715,"ns=23;i=1259":0.5}]