[{"i=2258":"2024-04-28T08:43:26.9669104Z","nsu=http://opcfoundation.org/UA/Plc/Applications;s=StepUp":449,"nsu=http://opcfoundation.org/UA/Plc/Applications;s=AlternatingBoolean":true,"nsu=http://opcfoundation.org/UA/Plc/Applications;s=RandomSignedInt32":-2113367264,"nsu=http://opcfoundation.org/UA/Plc/Applications;s=RandomUnsignedInt32":1641299177,"nsu=http://opcfoundation.org/UA/Plc/Applications;s=DipData":24.868988716485479,"nsu=http://opcfoundation.org/UA/Plc/Applications;s=FastUIntScalar1":44,"nsu=http://opcfoundation.org/UA/Plc/Applications;s=FastUIntScalar2":44,"nsu=http://opcfoundation.org/UA/Plc/Applications;s=FastUIntScalar3":44,"nsu=http://opcfoundation.org/UA/Plc/Applications;s=FastRandomUIntScalar1":1137927440,"nsu=http://opcfoundation.org/UA/Plc/Applications;s=FastRandomUIntScalar2":2609822864,"nsu=http://opcfoundation.org/UA/Plc/Applications;s=FastRandomUIntScalar3":894688615,"nsu=http://opcfoundation.org/UA/Plc/Applications;s=NegativeTrendData":99.5,"nsu=http://opcfoundation.org/UA/Plc/Applications;s=PositiveTrendData":100.09999999999999,"nsu=http://opcfoundation.org/UA/Plc/Applications;s=SlowUIntScalar1":4,"nsu=http://opcfoundation.org/UA/Plc/Applications;s=SlowUIntScalar2":4,"nsu=http://opcfoundation.org/UA/Plc/Applications;s=SlowUIntScalar3":4,"nsu=http://opcfoundation.org/UA/Plc/Applications;s=BadSlowUIntScalar1":4,"nsu=http://opcfoundation.org/UA/Plc/Applications;s=SlowRandomUIntScalar1":608923992,"nsu=http://opcfoundation.org/UA/Plc/Applications;s=SlowRandomUIntScalar2":2969311530,"nsu=http://opcfoundation.org/UA/Plc/Applications;s=SlowRandomUIntScalar3":289669381,"nsu=http://opcfoundation.org/UA/Plc/Applications;s=BadSlowRandomUIntScalar1":591374372,"nsu=http://opcfoundation.org/UA/Plc/Applications;s=SpikeData":24.868988716485479,"ns=23;i=1259":1.7}]