[{"i=2258":"2024-04-28T08:43:28.9665804Z","nsu=http://opcfoundation.org/UA/Plc/Applications;s=StepUp":469,"nsu=http://opcfoundation.org/UA/Plc/Applications;s=AlternatingBoolean":false,"nsu=http://opcfoundation.org/UA/Plc/Applications;s=RandomSignedInt32":1325384499,"nsu=http://opcfoundation.org/UA/Plc/Applications;s=RandomUnsignedInt32":216807937,"nsu=http://opcfoundation.org/UA/Plc/Applications;s=DipData":-77.051324277578942,"nsu=http://opcfoundation.org/UA/Plc/Applications;s=FastUIntScalar1":46,"nsu=http://opcfoundation.org/UA/Plc/Applications;s=FastUIntScalar2":46,"nsu=http://opcfoundation.org/UA/Plc/Applications;s=FastUIntScalar3":46,"nsu=http://opcfoundation.org/UA/Plc/Applications;s=FastRandomUIntScalar1":1797492777,"nsu=http://opcfoundation.org/UA/Plc/Applications;s=FastRandomUIntScalar2":3615989588,"nsu=http://opcfoundation.org/UA/Plc/Applications;s=FastRandomUIntScalar3":87754611,"nsu=http://opcfoundation.org/UA/Plc/Applications;s=NegativeTrendData":99.400000000000006,"nsu=http://opcfoundation.org/UA/Plc/Applications;s=PositiveTrendData":100.2,"nsu=http://opcfoundation.org/UA/Plc/Applications;s=SlowUIntScalar1":4,"nsu=http://opcfoundation.org/UA/Plc/Applications;s=SlowUIntScalar2":4,"nsu=http://opcfoundation.org/UA/Plc/Applications;s=SlowUIntScalar3":4,"nsu=http://opcfoundation.org/UA/Plc/Applications;s=BadSlowUIntScalar1":4,"nsu=http://opcfoundation.org/UA/Plc/Applications;s=SlowRandomUIntScalar1":608923992,"nsu=http://opcfoundation.org/UA/Plc/Applications;s=SlowRandomUIntScalar2":2969311530,"nsu=http://opcfoundation.org/UA/Plc/Applications;s=SlowRandomUIntScalar3":289669381,"nsu=http://opcfoundation.org/UA/Plc/Applications;s=BadSlowRandomUIntScalar1":591374372,"nsu=http://opcfoundation.org/UA/Plc/Applications;s=SpikeData":-77.051324277578942,"ns=23;i=1259":-1.7}]