[{"i=2258":"2024-04-28T08:43:30.9528904Z","nsu=http://opcfoundation.org/UA/Plc/Applications;s=StepUp":489,"nsu=http://opcfoundation.org/UA/Plc/Applications;s=AlternatingBoolean":false,"nsu=http://opcfoundation.org/UA/Plc/Applications;s=RandomSignedInt32":1547131589,"nsu=http://opcfoundation.org/UA/Plc/Applications;s=RandomUnsignedInt32":277815136,"nsu=http://opcfoundation.org/UA/Plc/Applications;s=DipData":99.80267284282715,"nsu=http://opcfoundation.org/UA/Plc/Applications;s=FastUIntScalar1":48,"nsu=http://opcfoundation.org/UA/Plc/Applications;s=FastUIntScalar2":48,"nsu=http://opcfoundation.org/UA/Plc/Applications;s=FastUIntScalar3":48,"nsu=http://opcfoundation.org/UA/Plc/Applications;s=FastRandomUIntScalar1":2985410214,"nsu=http://opcfoundation.org/UA/Plc/Applications;s=FastRandomUIntScalar2":3853610282,"nsu=http://opcfoundation.org/UA/Plc/Applications;s=FastRandomUIntScalar3":4112641620,"nsu=http://opcfoundation.org/UA/Plc/Applications;s=NegativeTrendData":99.400000000000006,"nsu=http://opcfoundation.org/UA/Plc/Applications;s=PositiveTrendData":100.2,"nsu=http://opcfoundation.org/UA/Plc/Applications;s=SlowUIntScalar1":4,"nsu=http://opcfoundation.org/UA/Plc/Applications;s=SlowUIntScalar2":4,"nsu=http://opcfoundation.org/UA/Plc/Applications;s=SlowUIntScalar3":4,"nsu=http://opcfoundation.org/UA/Plc/Applications;s=BadSlowUIntScalar1":4,"nsu=http://opcfoundation.org/UA/Plc/Applications;s=SlowRandomUIntScalar1":608923992,"nsu=http://opcfoundation.org/UA/Plc/Applications;s=SlowRandomUIntScalar2":2969311530,"nsu=http://opcfoundation.org/UA/Plc/Applications;s=SlowRandomUIntScalar3":289669381,"nsu=http://opcfoundation.org/UA/Plc/Applications;s=BadSlowRandomUIntScalar1":591374372,"nsu=http://opcfoundation.org/UA/Plc/Applications;s=SpikeData":99.80267284282715,"ns=23;i=1259":1.8100000000000001}]