[{"i=2258":"2024-04-28T08:43:32.961913Z","nsu=http://opcfoundation.org/UA/Plc/Applications;s=StepUp":509,"nsu=http://opcfoundation.org/UA/Plc/Applications;s=AlternatingBoolean":true,"nsu=http://opcfoundation.org/UA/Plc/Applications;s=RandomSignedInt32":1862552261,"nsu=http://opcfoundation.org/UA/Plc/Applications;s=RandomUnsignedInt32":820754240,"nsu=http://opcfoundation.org/UA/Plc/Applications;s=DipData":-84.432792550201498,"nsu=http://opcfoundation.org/UA/Plc/Applications;s=FastUIntScalar1":50,"nsu=http://opcfoundation.org/UA/Plc/Applications;s=FastUIntScalar2":50,"nsu=http://opcfoundation.org/UA/Plc/Applications;s=FastUIntScalar3":50,"nsu=http://opcfoundation.org/UA/Plc/Applications;s=FastRandomUIntScalar1":657929242,"nsu=http://opcfoundation.org/UA/Plc/Applications;s=FastRandomUIntScalar2":2595446222,"nsu=http://opcfoundation.org/UA/Plc/Applications;s=FastRandomUIntScalar3":2225833283,"nsu=http://opcfoundation.org/UA/Plc/Applications;s=NegativeTrendData":99.299999999999997,"nsu=http://opcfoundation.org/UA/Plc/Applications;s=PositiveTrendData":100.3,"nsu=http://opcfoundation.org/UA/Plc/Applications;s=SlowUIntScalar1":5,"nsu=http://opcfoundation.org/UA/Plc/Applications;s=SlowUIntScalar2":5,"nsu=http://opcfoundation.org/UA/Plc/Applications;s=SlowUIntScalar3":5,"nsu=http://opcfoundation.org/UA/Plc/Applications;s=BadSlowUIntScalar1":5,"nsu=http://opcfoundation.org/UA/Plc/Applications;s=SlowRandomUIntScalar1":3660142622,"nsu=http://opcfoundation.org/UA/Plc/Applications;s=SlowRandomUIntScalar2":598110903,"nsu=http://opcfoundation.org/UA/Plc/Applications;s=SlowRandomUIntScalar3":1019124234,"nsu=http://opcfoundation.org/UA/Plc/Applications;s=BadSlowRandomUIntScalar1":817731537,"nsu=http://opcfoundation.org/UA/Plc/Applications;s=SpikeData":-84.432792550201498,"ns=23;i=1259":1.8800000000000001}]