[{"i=2258":"2024-04-28T08:43:37.9562839Z","nsu=http://opcfoundation.org/UA/Plc/Applications;s=StepUp":559,"nsu=http://opcfoundation.org/UA/Plc/Applications;s=AlternatingBoolean":false,"nsu=http://opcfoundation.org/UA/Plc/Applications;s=RandomSignedInt32":-810213874,"nsu=http://opcfoundation.org/UA/Plc/Applications;s=RandomUnsignedInt32":1094256745,"nsu=http://opcfoundation.org/UA/Plc/Applications;s=DipData":-84.432792550201498,"nsu=http://opcfoundation.org/UA/Plc/Applications;s=FastUIntScalar1":55,"nsu=http://opcfoundation.org/UA/Plc/Applications;s=FastUIntScalar2":55,"nsu=http://opcfoundation.org/UA/Plc/Applications;s=FastUIntScalar3":55,"nsu=http://opcfoundation.org/UA/Plc/Applications;s=FastRandomUIntScalar1":4085261684,"nsu=http://opcfoundation.org/UA/Plc/Applications;s=FastRandomUIntScalar2":690619100,"nsu=http://opcfoundation.org/UA/Plc/Applications;s=FastRandomUIntScalar3":2930706547,"nsu=http://opcfoundation.org/UA/Plc/Applications;s=NegativeTrendData":99.200000000000003,"nsu=http://opcfoundation.org/UA/Plc/Applications;s=PositiveTrendData":100.40000000000001,"nsu=http://opcfoundation.org/UA/Plc/Applications;s=SlowUIntScalar1":5,"nsu=http://opcfoundation.org/UA/Plc/Applications;s=SlowUIntScalar2":5,"nsu=http://opcfoundation.org/UA/Plc/Applications;s=SlowUIntScalar3":5,"nsu=http://opcfoundation.org/UA/Plc/Applications;s=BadSlowUIntScalar1":5,"nsu=http://opcfoundation.org/UA/Plc/Applications;s=SlowRandomUIntScalar1":3660142622,"nsu=http://opcfoundation.org/UA/Plc/Applications;s=SlowRandomUIntScalar2":598110903,"nsu=http://opcfoundation.org/UA/Plc/Applications;s=SlowRandomUIntScalar3":1019124234,"nsu=http://opcfoundation.org/UA/Plc/Applications;s=BadSlowRandomUIntScalar1":817731537,"nsu=http://opcfoundation.org/UA/Plc/Applications;s=SpikeData":-84.432792550201498,"ns=23;i=1259":0.0030200000000000001}]