[{"i=2258":"2024-04-28T08:43:38.959083Z","nsu=http://opcfoundation.org/UA/Plc/Applications;s=StepUp":569,"nsu=http://opcfoundation.org/UA/Plc/Applications;s=AlternatingBoolean":false,"nsu=http://opcfoundation.org/UA/Plc/Applications;s=RandomSignedInt32":-955231730,"nsu=http://opcfoundation.org/UA/Plc/Applications;s=RandomUnsignedInt32":729094827,"nsu=http://opcfoundation.org/UA/Plc/Applications;s=DipData":-77.051324277578942,"nsu=http://opcfoundation.org/UA/Plc/Applications;s=FastUIntScalar1":56,"nsu=http://opcfoundation.org/UA/Plc/Applications;s=FastUIntScalar2":56,"nsu=http://opcfoundation.org/UA/Plc/Applications;s=FastUIntScalar3":56,"nsu=http://opcfoundation.org/UA/Plc/Applications;s=FastRandomUIntScalar1":4279743514,"nsu=http://opcfoundation.org/UA/Plc/Applications;s=FastRandomUIntScalar2":1240747783,"nsu=http://opcfoundation.org/UA/Plc/Applications;s=FastRandomUIntScalar3":1913734127,"nsu=http://opcfoundation.org/UA/Plc/Applications;s=NegativeTrendData":99.200000000000003,"nsu=http://opcfoundation.org/UA/Plc/Applications;s=PositiveTrendData":100.40000000000001,"nsu=http://opcfoundation.org/UA/Plc/Applications;s=SlowUIntScalar1":5,"nsu=http://opcfoundation.org/UA/Plc/Applications;s=SlowUIntScalar2":5,"nsu=http://opcfoundation.org/UA/Plc/Applications;s=SlowUIntScalar3":5,"nsu=http://opcfoundation.org/UA/Plc/Applications;s=BadSlowUIntScalar1":5,"nsu=http://opcfoundation.org/UA/Plc/Applications;s=SlowRandomUIntScalar1":3660142622,"nsu=http://opcfoundation.org/UA/Plc/Applications;s=SlowRandomUIntScalar2":598110903,"nsu=http://opcfoundation.org/UA/Plc/Applications;s=SlowRandomUIntScalar3":1019124234,"nsu=http://opcfoundation.org/UA/Plc/Applications;s=BadSlowRandomUIntScalar1":817731537,"nsu=http://opcfoundation.org/UA/Plc/Applications;s=SpikeData":-77.051324277578942,"ns=23;i=1259":0.10000000000000001}]