[{"i=2258":"2024-04-28T08:43:42.9571518Z","nsu=http://opcfoundation.org/UA/Plc/Applications;s=StepUp":609,"nsu=http://opcfoundation.org/UA/Plc/Applications;s=AlternatingBoolean":true,"nsu=http://opcfoundation.org/UA/Plc/Applications;s=RandomSignedInt32":-625783340,"nsu=http://opcfoundation.org/UA/Plc/Applications;s=RandomUnsignedInt32":718860424,"nsu=http://opcfoundation.org/UA/Plc/Applications;s=DipData":-84.432792550201498,"nsu=http://opcfoundation.org/UA/Plc/Applications;s=FastUIntScalar1":60,"nsu=http://opcfoundation.org/UA/Plc/Applications;s=FastUIntScalar2":60,"nsu=http://opcfoundation.org/UA/Plc/Applications;s=FastUIntScalar3":60,"nsu=http://opcfoundation.org/UA/Plc/Applications;s=FastRandomUIntScalar1":4021648693,"nsu=http://opcfoundation.org/UA/Plc/Applications;s=FastRandomUIntScalar2":3761089730,"nsu=http://opcfoundation.org/UA/Plc/Applications;s=FastRandomUIntScalar3":3109894060,"nsu=http://opcfoundation.org/UA/Plc/Applications;s=NegativeTrendData":99.099999999999994,"nsu=http://opcfoundation.org/UA/Plc/Applications;s=PositiveTrendData":100.5,"nsu=http://opcfoundation.org/UA/Plc/Applications;s=SlowUIntScalar1":6,"nsu=http://opcfoundation.org/UA/Plc/Applications;s=SlowUIntScalar2":6,"nsu=http://opcfoundation.org/UA/Plc/Applications;s=SlowUIntScalar3":6,"nsu=http://opcfoundation.org/UA/Plc/Applications;s=BadSlowUIntScalar1":6,"nsu=http://opcfoundation.org/UA/Plc/Applications;s=SlowRandomUIntScalar1":1615819740,"nsu=http://opcfoundation.org/UA/Plc/Applications;s=SlowRandomUIntScalar2":2477438234,"nsu=http://opcfoundation.org/UA/Plc/Applications;s=SlowRandomUIntScalar3":1174011490,"nsu=http://opcfoundation.org/UA/Plc/Applications;s=BadSlowRandomUIntScalar1":524098622,"nsu=http://opcfoundation.org/UA/Plc/Applications;s=SpikeData":-84.432792550201498,"ns=23;i=1259":1.1100000000000001}]