[{"i=2258":"2024-04-28T08:43:46.9666683Z","nsu=http://opcfoundation.org/UA/Plc/Applications;s=StepUp":649,"nsu=http://opcfoundation.org/UA/Plc/Applications;s=AlternatingBoolean":true,"nsu=http://opcfoundation.org/UA/Plc/Applications;s=RandomSignedInt32":1877559590,"nsu=http://opcfoundation.org/UA/Plc/Applications;s=RandomUnsignedInt32":1867046003,"nsu=http://opcfoundation.org/UA/Plc/Applications;s=DipData":24.868988716485479,"nsu=http://opcfoundation.org/UA/Plc/Applications;s=FastUIntScalar1":64,"nsu=http://opcfoundation.org/UA/Plc/Applications;s=FastUIntScalar2":64,"nsu=http://opcfoundation.org/UA/Plc/Applications;s=FastUIntScalar3":64,"nsu=http://opcfoundation.org/UA/Plc/Applications;s=FastRandomUIntScalar1":661962598,"nsu=http://opcfoundation.org/UA/Plc/Applications;s=FastRandomUIntScalar2":3635583109,"nsu=http://opcfoundation.org/UA/Plc/Applications;s=FastRandomUIntScalar3":3940725504,"nsu=http://opcfoundation.org/UA/Plc/Applications;s=NegativeTrendData":99.099999999999994,"nsu=http://opcfoundation.org/UA/Plc/Applications;s=PositiveTrendData":100.5,"nsu=http://opcfoundation.org/UA/Plc/Applications;s=SlowUIntScalar1":6,"nsu=http://opcfoundation.org/UA/Plc/Applications;s=SlowUIntScalar2":6,"nsu=http://opcfoundation.org/UA/Plc/Applications;s=SlowUIntScalar3":6,"nsu=http://opcfoundation.org/UA/Plc/Applications;s=BadSlowUIntScalar1":6,"nsu=http://opcfoundation.org/UA/Plc/Applications;s=SlowRandomUIntScalar1":1615819740,"nsu=http://opcfoundation.org/UA/Plc/Applications;s=SlowRandomUIntScalar2":2477438234,"nsu=http://opcfoundation.org/UA/Plc/Applications;s=SlowRandomUIntScalar3":1174011490,"nsu=http://opcfoundation.org/UA/Plc/Applications;s=BadSlowRandomUIntScalar1":524098622,"nsu=http://opcfoundation.org/UA/Plc/Applications;s=SpikeData":24.868988716485479,"ns=23;i=1259":0.53200000000000003}]