[{"i=2258":"2024-04-28T08:43:49.9638075Z","nsu=http://opcfoundation.org/UA/Plc/Applications;s=StepUp":679,"nsu=http://opcfoundation.org/UA/Plc/Applications;s=AlternatingBoolean":false,"nsu=http://opcfoundation.org/UA/Plc/Applications;s=RandomSignedInt32":-1559096410,"nsu=http://opcfoundation.org/UA/Plc/Applications;s=RandomUnsignedInt32":1163185179,"nsu=http://opcfoundation.org/UA/Plc/Applications;s=DipData":36.812455268467772,"nsu=http://opcfoundation.org/UA/Plc/Applications;s=FastUIntScalar1":67,"nsu=http://opcfoundation.org/UA/Plc/Applications;s=FastUIntScalar2":67,"nsu=http://opcfoundation.org/UA/Plc/Applications;s=FastUIntScalar3":67,"nsu=http://opcfoundation.org/UA/Plc/Applications;s=FastRandomUIntScalar1":1050430594,"nsu=http://opcfoundation.org/UA/Plc/Applications;s=FastRandomUIntScalar2":893409201,"nsu=http://opcfoundation.org/UA/Plc/Applications;s=FastRandomUIntScalar3":3468823407,"nsu=http://opcfoundation.org/UA/Plc/Applications;s=NegativeTrendData":99,"nsu=http://opcfoundation.org/UA/Plc/Applications;s=PositiveTrendData":100.59999999999999,"nsu=http://opcfoundation.org/UA/Plc/Applications;s=SlowUIntScalar1":6,"nsu=http://opcfoundation.org/UA/Plc/Applications;s=SlowUIntScalar2":6,"nsu=http://opcfoundation.org/UA/Plc/Applications;s=SlowUIntScalar3":6,"nsu=http://opcfoundation.org/UA/Plc/Applications;s=BadSlowUIntScalar1":6,"nsu=http://opcfoundation.org/UA/Plc/Applications;s=SlowRandomUIntScalar1":1615819740,"nsu=http://opcfoundation.org/UA/Plc/Applications;s=SlowRandomUIntScalar2":2477438234,"nsu=http://opcfoundation.org/UA/Plc/Applications;s=SlowRandomUIntScalar3":1174011490,"nsu=http://opcfoundation.org/UA/Plc/Applications;s=BadSlowRandomUIntScalar1":524098622,"nsu=http://opcfoundation.org/UA/Plc/Applications;s=SpikeData":36.812455268467772,"ns=23;i=1259":-2}]