[{"i=2258":"2024-04-28T08:43:53.9656052Z","nsu=http://opcfoundation.org/UA/Plc/Applications;s=StepUp":719,"nsu=http://opcfoundation.org/UA/Plc/Applications;s=AlternatingBoolean":true,"nsu=http://opcfoundation.org/UA/Plc/Applications;s=RandomSignedInt32":-1022556412,"nsu=http://opcfoundation.org/UA/Plc/Applications;s=RandomUnsignedInt32":120297586,"nsu=http://opcfoundation.org/UA/Plc/Applications;s=DipData":-77.051324277578942,"nsu=http://opcfoundation.org/UA/Plc/Applications;s=FastUIntScalar1":71,"nsu=http://opcfoundation.org/UA/Plc/Applications;s=FastUIntScalar2":71,"nsu=http://opcfoundation.org/UA/Plc/Applications;s=FastUIntScalar3":71,"nsu=http://opcfoundation.org/UA/Plc/Applications;s=FastRandomUIntScalar1":1537744374,"nsu=http://opcfoundation.org/UA/Plc/Applications;s=FastRandomUIntScalar2":796973997,"nsu=http://opcfoundation.org/UA/Plc/Applications;s=FastRandomUIntScalar3":2926536244,"nsu=http://opcfoundation.org/UA/Plc/Applications;s=NegativeTrendData":98.900000000000006,"nsu=http://opcfoundation.org/UA/Plc/Applications;s=PositiveTrendData":100.7,"nsu=http://opcfoundation.org/UA/Plc/Applications;s=SlowUIntScalar1":7,"nsu=http://opcfoundation.org/UA/Plc/Applications;s=SlowUIntScalar2":7,"nsu=http://opcfoundation.org/UA/Plc/Applications;s=SlowUIntScalar3":7,"nsu=http://opcfoundation.org/UA/Plc/Applications;s=BadSlowUIntScalar1":7,"nsu=http://opcfoundation.org/UA/Plc/Applications;s=SlowRandomUIntScalar1":3991980903,"nsu=http://opcfoundation.org/UA/Plc/Applications;s=SlowRandomUIntScalar2":477220488,"nsu=http://opcfoundation.org/UA/Plc/Applications;s=SlowRandomUIntScalar3":4090767457,"nsu=http://opcfoundation.org/UA/Plc/Applications;s=BadSlowRandomUIntScalar1":2801955697,"nsu=http://opcfoundation.org/UA/Plc/Applications;s=SpikeData":-77.051324277578942,"ns=23;i=1259":0.097799999999999998}]