[{"i=2258":"2024-04-28T08:43:54.9559505Z","nsu=http://opcfoundation.org/UA/Plc/Applications;s=StepUp":729,"nsu=http://opcfoundation.org/UA/Plc/Applications;s=AlternatingBoolean":true,"nsu=http://opcfoundation.org/UA/Plc/Applications;s=RandomSignedInt32":700079100,"nsu=http://opcfoundation.org/UA/Plc/Applications;s=RandomUnsignedInt32":1116385606,"nsu=http://opcfoundation.org/UA/Plc/Applications;s=DipData":36.812455268467772,"nsu=http://opcfoundation.org/UA/Plc/Applications;s=FastUIntScalar1":72,"nsu=http://opcfoundation.org/UA/Plc/Applications;s=FastUIntScalar2":72,"nsu=http://opcfoundation.org/UA/Plc/Applications;s=FastUIntScalar3":72,"nsu=http://opcfoundation.org/UA/Plc/Applications;s=FastRandomUIntScalar1":720469369,"nsu=http://opcfoundation.org/UA/Plc/Applications;s=FastRandomUIntScalar2":1344877978,"nsu=http://opcfoundation.org/UA/Plc/Applications;s=FastRandomUIntScalar3":2856901371,"nsu=http://opcfoundation.org/UA/Plc/Applications;s=NegativeTrendData":98.900000000000006,"nsu=http://opcfoundation.org/UA/Plc/Applications;s=PositiveTrendData":100.7,"nsu=http://opcfoundation.org/UA/Plc/Applications;s=SlowUIntScalar1":7,"nsu=http://opcfoundation.org/UA/Plc/Applications;s=SlowUIntScalar2":7,"nsu=http://opcfoundation.org/UA/Plc/Applications;s=SlowUIntScalar3":7,"nsu=http://opcfoundation.org/UA/Plc/Applications;s=BadSlowUIntScalar1":7,"nsu=http://opcfoundation.org/UA/Plc/Applications;s=SlowRandomUIntScalar1":3991980903,"nsu=http://opcfoundation.org/UA/Plc/Applications;s=SlowRandomUIntScalar2":477220488,"nsu=http://opcfoundation.org/UA/Plc/Applications;s=SlowRandomUIntScalar3":4090767457,"nsu=http://opcfoundation.org/UA/Plc/Applications;s=BadSlowRandomUIntScalar1":2801955697,"nsu=http://opcfoundation.org/UA/Plc/Applications;s=SpikeData":36.812455268467772,"ns=23;i=1259":1.1500000000000001}]