[{"i=2258":"2024-04-28T08:43:57.9592233Z","nsu=http://opcfoundation.org/UA/Plc/Applications;s=StepUp":759,"nsu=http://opcfoundation.org/UA/Plc/Applications;s=AlternatingBoolean":false,"nsu=http://opcfoundation.org/UA/Plc/Applications;s=RandomSignedInt32":-839069625,"nsu=http://opcfoundation.org/UA/Plc/Applications;s=RandomUnsignedInt32":1553534749,"nsu=http://opcfoundation.org/UA/Plc/Applications;s=DipData":-84.432792550201498,"nsu=http://opcfoundation.org/UA/Plc/Applications;s=FastUIntScalar1":75,"nsu=http://opcfoundation.org/UA/Plc/Applications;s=FastUIntScalar2":75,"nsu=http://opcfoundation.org/UA/Plc/Applications;s=FastUIntScalar3":75,"nsu=http://opcfoundation.org/UA/Plc/Applications;s=FastRandomUIntScalar1":4123248545,"nsu=http://opcfoundation.org/UA/Plc/Applications;s=FastRandomUIntScalar2":4129532618,"nsu=http://opcfoundation.org/UA/Plc/Applications;s=FastRandomUIntScalar3":376156762,"nsu=http://opcfoundation.org/UA/Plc/Applications;s=NegativeTrendData":98.799999999999997,"nsu=http://opcfoundation.org/UA/Plc/Applications;s=PositiveTrendData":100.8,"nsu=http://opcfoundation.org/UA/Plc/Applications;s=SlowUIntScalar1":7,"nsu=http://opcfoundation.org/UA/Plc/Applications;s=SlowUIntScalar2":7,"nsu=http://opcfoundation.org/UA/Plc/Applications;s=SlowUIntScalar3":7,"nsu=http://opcfoundation.org/UA/Plc/Applications;s=BadSlowUIntScalar1":7,"nsu=http://opcfoundation.org/UA/Plc/Applications;s=SlowRandomUIntScalar1":3991980903,"nsu=http://opcfoundation.org/UA/Plc/Applications;s=SlowRandomUIntScalar2":477220488,"nsu=http://opcfoundation.org/UA/Plc/Applications;s=SlowRandomUIntScalar3":4090767457,"nsu=http://opcfoundation.org/UA/Plc/Applications;s=BadSlowRandomUIntScalar1":2801955697,"nsu=http://opcfoundation.org/UA/Plc/Applications;s=SpikeData":-84.432792550201498,"ns=23;i=1259":-0.17000000000000001}]