[{"i=2258":"2024-04-28T08:42:50.9530981Z","nsu=http://opcfoundation.org/UA/Plc/Applications;s=StepUp":89,"nsu=http://opcfoundation.org/UA/Plc/Applications;s=AlternatingBoolean":false,"nsu=http://opcfoundation.org/UA/Plc/Applications;s=RandomSignedInt32":-298638201,"nsu=http://opcfoundation.org/UA/Plc/Applications;s=RandomUnsignedInt32":303525298,"nsu=http://opcfoundation.org/UA/Plc/Applications;s=DipData":-1000,"nsu=http://opcfoundation.org/UA/Plc/Applications;s=FastUIntScalar1":8,"nsu=http://opcfoundation.org/UA/Plc/Applications;s=FastUIntScalar2":8,"nsu=http://opcfoundation.org/UA/Plc/Applications;s=FastUIntScalar3":8,"nsu=http://opcfoundation.org/UA/Plc/Applications;s=FastRandomUIntScalar1":926700029,"nsu=http://opcfoundation.org/UA/Plc/Applications;s=FastRandomUIntScalar2":696496564,"nsu=http://opcfoundation.org/UA/Plc/Applications;s=FastRandomUIntScalar3":2036751384,"nsu=http://opcfoundation.org/UA/Plc/Applications;s=NegativeTrendData":100,"nsu=http://opcfoundation.org/UA/Plc/Applications;s=PositiveTrendData":100,"nsu=http://opcfoundation.org/UA/Plc/Applications;s=SlowUIntScalar1":0,"nsu=http://opcfoundation.org/UA/Plc/Applications;s=SlowUIntScalar2":0,"nsu=http://opcfoundation.org/UA/Plc/Applications;s=SlowUIntScalar3":0,"nsu=http://opcfoundation.org/UA/Plc/Applications;s=BadSlowUIntScalar1":0,"nsu=http://opcfoundation.org/UA/Plc/Applications;s=SlowRandomUIntScalar1":0,"nsu=http://opcfoundation.org/UA/Plc/Applications;s=SlowRandomUIntScalar2":0,"nsu=http://opcfoundation.org/UA/Plc/Applications;s=SlowRandomUIntScalar3":0,"nsu=http://opcfoundation.org/UA/Plc/Applications;s=BadSlowRandomUIntScalar1":0,"nsu=http://opcfoundation.org/UA/Plc/Applications;s=SpikeData":99.80267284282715,"ns=23;i=1259":-1.7}]