[{"i=2258":"2024-04-28T08:44:04.9598673Z","nsu=http://opcfoundation.org/UA/Plc/Applications;s=StepUp":829,"nsu=http://opcfoundation.org/UA/Plc/Applications;s=AlternatingBoolean":true,"nsu=http://opcfoundation.org/UA/Plc/Applications;s=RandomSignedInt32":761543948,"nsu=http://opcfoundation.org/UA/Plc/Applications;s=RandomUnsignedInt32":1044846105,"nsu=http://opcfoundation.org/UA/Plc/Applications;s=DipData":36.812455268467772,"nsu=http://opcfoundation.org/UA/Plc/Applications;s=FastUIntScalar1":82,"nsu=http://opcfoundation.org/UA/Plc/Applications;s=FastUIntScalar2":82,"nsu=http://opcfoundation.org/UA/Plc/Applications;s=FastUIntScalar3":82,"nsu=http://opcfoundation.org/UA/Plc/Applications;s=FastRandomUIntScalar1":4168947517,"nsu=http://opcfoundation.org/UA/Plc/Applications;s=FastRandomUIntScalar2":115298643,"nsu=http://opcfoundation.org/UA/Plc/Applications;s=FastRandomUIntScalar3":1736848679,"nsu=http://opcfoundation.org/UA/Plc/Applications;s=NegativeTrendData":98.700000000000003,"nsu=http://opcfoundation.org/UA/Plc/Applications;s=PositiveTrendData":100.90000000000001,"nsu=http://opcfoundation.org/UA/Plc/Applications;s=SlowUIntScalar1":8,"nsu=http://opcfoundation.org/UA/Plc/Applications;s=SlowUIntScalar2":8,"nsu=http://opcfoundation.org/UA/Plc/Applications;s=SlowUIntScalar3":8,"nsu=http://opcfoundation.org/UA/Plc/Applications;s=BadSlowUIntScalar1":8,"nsu=http://opcfoundation.org/UA/Plc/Applications;s=SlowRandomUIntScalar1":2828620119,"nsu=http://opcfoundation.org/UA/Plc/Applications;s=SlowRandomUIntScalar2":1637928023,"nsu=http://opcfoundation.org/UA/Plc/Applications;s=SlowRandomUIntScalar3":1433041537,"nsu=http://opcfoundation.org/UA/Plc/Applications;s=BadSlowRandomUIntScalar1":3655424808,"nsu=http://opcfoundation.org/UA/Plc/Applications;s=SpikeData":36.812455268467772,"ns=23;i=1259":0.47500000000000003}]