[{"i=2258":"2024-04-28T08:44:06.9622313Z","nsu=http://opcfoundation.org/UA/Plc/Applications;s=StepUp":849,"nsu=http://opcfoundation.org/UA/Plc/Applications;s=AlternatingBoolean":true,"nsu=http://opcfoundation.org/UA/Plc/Applications;s=RandomSignedInt32":114948184,"nsu=http://opcfoundation.org/UA/Plc/Applications;s=RandomUnsignedInt32":45830224,"nsu=http://opcfoundation.org/UA/Plc/Applications;s=DipData":24.868988716485479,"nsu=http://opcfoundation.org/UA/Plc/Applications;s=FastUIntScalar1":84,"nsu=http://opcfoundation.org/UA/Plc/Applications;s=FastUIntScalar2":84,"nsu=http://opcfoundation.org/UA/Plc/Applications;s=FastUIntScalar3":84,"nsu=http://opcfoundation.org/UA/Plc/Applications;s=FastRandomUIntScalar1":2534595012,"nsu=http://opcfoundation.org/UA/Plc/Applications;s=FastRandomUIntScalar2":3696035328,"nsu=http://opcfoundation.org/UA/Plc/Applications;s=FastRandomUIntScalar3":1053631952,"nsu=http://opcfoundation.org/UA/Plc/Applications;s=NegativeTrendData":98.700000000000003,"nsu=http://opcfoundation.org/UA/Plc/Applications;s=PositiveTrendData":100.90000000000001,"nsu=http://opcfoundation.org/UA/Plc/Applications;s=SlowUIntScalar1":8,"nsu=http://opcfoundation.org/UA/Plc/Applications;s=SlowUIntScalar2":8,"nsu=http://opcfoundation.org/UA/Plc/Applications;s=SlowUIntScalar3":8,"nsu=http://opcfoundation.org/UA/Plc/Applications;s=BadSlowUIntScalar1":8,"nsu=http://opcfoundation.org/UA/Plc/Applications;s=SlowRandomUIntScalar1":2828620119,"nsu=http://opcfoundation.org/UA/Plc/Applications;s=SlowRandomUIntScalar2":1637928023,"nsu=http://opcfoundation.org/UA/Plc/Applications;s=SlowRandomUIntScalar3":1433041537,"nsu=http://opcfoundation.org/UA/Plc/Applications;s=BadSlowRandomUIntScalar1":3655424808,"nsu=http://opcfoundation.org/UA/Plc/Applications;s=SpikeData":24.868988716485479,"ns=23;i=1259":-0.48499999999999999}]