[{"i=2258":"2024-04-28T08:44:07.9657593Z","nsu=http://opcfoundation.org/UA/Plc/Applications;s=StepUp":859,"nsu=http://opcfoundation.org/UA/Plc/Applications;s=AlternatingBoolean":false,"nsu=http://opcfoundation.org/UA/Plc/Applications;s=RandomSignedInt32":-1687026697,"nsu=http://opcfoundation.org/UA/Plc/Applications;s=RandomUnsignedInt32":1330404289,"nsu=http://opcfoundation.org/UA/Plc/Applications;s=DipData":-84.432792550201498,"nsu=http://opcfoundation.org/UA/Plc/Applications;s=FastUIntScalar1":85,"nsu=http://opcfoundation.org/UA/Plc/Applications;s=FastUIntScalar2":85,"nsu=http://opcfoundation.org/UA/Plc/Applications;s=FastUIntScalar3":85,"nsu=http://opcfoundation.org/UA/Plc/Applications;s=FastRandomUIntScalar1":1084551467,"nsu=http://opcfoundation.org/UA/Plc/Applications;s=FastRandomUIntScalar2":2255551638,"nsu=http://opcfoundation.org/UA/Plc/Applications;s=FastRandomUIntScalar3":307758426,"nsu=http://opcfoundation.org/UA/Plc/Applications;s=NegativeTrendData":98.599999999999994,"nsu=http://opcfoundation.org/UA/Plc/Applications;s=PositiveTrendData":101,"nsu=http://opcfoundation.org/UA/Plc/Applications;s=SlowUIntScalar1":8,"nsu=http://opcfoundation.org/UA/Plc/Applications;s=SlowUIntScalar2":8,"nsu=http://opcfoundation.org/UA/Plc/Applications;s=SlowUIntScalar3":8,"nsu=http://opcfoundation.org/UA/Plc/Applications;s=BadSlowUIntScalar1":8,"nsu=http://opcfoundation.org/UA/Plc/Applications;s=SlowRandomUIntScalar1":2828620119,"nsu=http://opcfoundation.org/UA/Plc/Applications;s=SlowRandomUIntScalar2":1637928023,"nsu=http://opcfoundation.org/UA/Plc/Applications;s=SlowRandomUIntScalar3":1433041537,"nsu=http://opcfoundation.org/UA/Plc/Applications;s=BadSlowRandomUIntScalar1":3655424808,"nsu=http://opcfoundation.org/UA/Plc/Applications;s=SpikeData":-84.432792550201498,"ns=23;i=1259":0.501}]