[{"i=2258":"2024-04-28T08:44:09.9609629Z","nsu=http://opcfoundation.org/UA/Plc/Applications;s=StepUp":879,"nsu=http://opcfoundation.org/UA/Plc/Applications;s=AlternatingBoolean":false,"nsu=http://opcfoundation.org/UA/Plc/Applications;s=RandomSignedInt32":1899477941,"nsu=http://opcfoundation.org/UA/Plc/Applications;s=RandomUnsignedInt32":722832535,"nsu=http://opcfoundation.org/UA/Plc/Applications;s=DipData":36.812455268467772,"nsu=http://opcfoundation.org/UA/Plc/Applications;s=FastUIntScalar1":87,"nsu=http://opcfoundation.org/UA/Plc/Applications;s=FastUIntScalar2":87,"nsu=http://opcfoundation.org/UA/Plc/Applications;s=FastUIntScalar3":87,"nsu=http://opcfoundation.org/UA/Plc/Applications;s=FastRandomUIntScalar1":401509876,"nsu=http://opcfoundation.org/UA/Plc/Applications;s=FastRandomUIntScalar2":431734973,"nsu=http://opcfoundation.org/UA/Plc/Applications;s=FastRandomUIntScalar3":1197858901,"nsu=http://opcfoundation.org/UA/Plc/Applications;s=NegativeTrendData":98.599999999999994,"nsu=http://opcfoundation.org/UA/Plc/Applications;s=PositiveTrendData":101,"nsu=http://opcfoundation.org/UA/Plc/Applications;s=SlowUIntScalar1":8,"nsu=http://opcfoundation.org/UA/Plc/Applications;s=SlowUIntScalar2":8,"nsu=http://opcfoundation.org/UA/Plc/Applications;s=SlowUIntScalar3":8,"nsu=http://opcfoundation.org/UA/Plc/Applications;s=BadSlowUIntScalar1":8,"nsu=http://opcfoundation.org/UA/Plc/Applications;s=SlowRandomUIntScalar1":2828620119,"nsu=http://opcfoundation.org/UA/Plc/Applications;s=SlowRandomUIntScalar2":1637928023,"nsu=http://opcfoundation.org/UA/Plc/Applications;s=SlowRandomUIntScalar3":1433041537,"nsu=http://opcfoundation.org/UA/Plc/Applications;s=BadSlowRandomUIntScalar1":3655424808,"nsu=http://opcfoundation.org/UA/Plc/Applications;s=SpikeData":36.812455268467772,"ns=23;i=1259":-0.61099999999999999}]