[{"i=2258":"2024-04-28T08:44:14.9635067Z","nsu=http://opcfoundation.org/UA/Plc/Applications;s=StepUp":929,"nsu=http://opcfoundation.org/UA/Plc/Applications;s=AlternatingBoolean":true,"nsu=http://opcfoundation.org/UA/Plc/Applications;s=RandomSignedInt32":-893510494,"nsu=http://opcfoundation.org/UA/Plc/Applications;s=RandomUnsignedInt32":1088768200,"nsu=http://opcfoundation.org/UA/Plc/Applications;s=DipData":36.812455268467772,"nsu=http://opcfoundation.org/UA/Plc/Applications;s=FastUIntScalar1":92,"nsu=http://opcfoundation.org/UA/Plc/Applications;s=FastUIntScalar2":92,"nsu=http://opcfoundation.org/UA/Plc/Applications;s=FastUIntScalar3":92,"nsu=http://opcfoundation.org/UA/Plc/Applications;s=FastRandomUIntScalar1":4132668444,"nsu=http://opcfoundation.org/UA/Plc/Applications;s=FastRandomUIntScalar2":3251208397,"nsu=http://opcfoundation.org/UA/Plc/Applications;s=FastRandomUIntScalar3":603022614,"nsu=http://opcfoundation.org/UA/Plc/Applications;s=NegativeTrendData":98.5,"nsu=http://opcfoundation.org/UA/Plc/Applications;s=PositiveTrendData":101.09999999999999,"nsu=http://opcfoundation.org/UA/Plc/Applications;s=SlowUIntScalar1":9,"nsu=http://opcfoundation.org/UA/Plc/Applications;s=SlowUIntScalar2":9,"nsu=http://opcfoundation.org/UA/Plc/Applications;s=SlowUIntScalar3":9,"nsu=http://opcfoundation.org/UA/Plc/Applications;s=BadSlowUIntScalar1":null,"nsu=http://opcfoundation.org/UA/Plc/Applications;s=SlowRandomUIntScalar1":2947777931,"nsu=http://opcfoundation.org/UA/Plc/Applications;s=SlowRandomUIntScalar2":2074069677,"nsu=http://opcfoundation.org/UA/Plc/Applications;s=SlowRandomUIntScalar3":1407003173,"nsu=http://opcfoundation.org/UA/Plc/Applications;s=BadSlowRandomUIntScalar1":null,"nsu=http://opcfoundation.org/UA/Plc/Applications;s=SpikeData":36.812455268467772,"ns=23;i=1259":-0.70100000000000007}]