[{"i=2258":"2024-04-28T08:44:15.9544197Z","nsu=http://opcfoundation.org/UA/Plc/Applications;s=StepUp":939,"nsu=http://opcfoundation.org/UA/Plc/Applications;s=AlternatingBoolean":true,"nsu=http://opcfoundation.org/UA/Plc/Applications;s=RandomSignedInt32":-1276870693,"nsu=http://opcfoundation.org/UA/Plc/Applications;s=RandomUnsignedInt32":12456654,"nsu=http://opcfoundation.org/UA/Plc/Applications;s=DipData":99.80267284282715,"nsu=http://opcfoundation.org/UA/Plc/Applications;s=FastUIntScalar1":93,"nsu=http://opcfoundation.org/UA/Plc/Applications;s=FastUIntScalar2":93,"nsu=http://opcfoundation.org/UA/Plc/Applications;s=FastUIntScalar3":93,"nsu=http://opcfoundation.org/UA/Plc/Applications;s=FastRandomUIntScalar1":2303004673,"nsu=http://opcfoundation.org/UA/Plc/Applications;s=FastRandomUIntScalar2":1515716461,"nsu=http://opcfoundation.org/UA/Plc/Applications;s=FastRandomUIntScalar3":3436101828,"nsu=http://opcfoundation.org/UA/Plc/Applications;s=NegativeTrendData":98.5,"nsu=http://opcfoundation.org/UA/Plc/Applications;s=PositiveTrendData":101.09999999999999,"nsu=http://opcfoundation.org/UA/Plc/Applications;s=SlowUIntScalar1":9,"nsu=http://opcfoundation.org/UA/Plc/Applications;s=SlowUIntScalar2":9,"nsu=http://opcfoundation.org/UA/Plc/Applications;s=SlowUIntScalar3":9,"nsu=http://opcfoundation.org/UA/Plc/Applications;s=BadSlowUIntScalar1":null,"nsu=http://opcfoundation.org/UA/Plc/Applications;s=SlowRandomUIntScalar1":2947777931,"nsu=http://opcfoundation.org/UA/Plc/Applications;s=SlowRandomUIntScalar2":2074069677,"nsu=http://opcfoundation.org/UA/Plc/Applications;s=SlowRandomUIntScalar3":1407003173,"nsu=http://opcfoundation.org/UA/Plc/Applications;s=BadSlowRandomUIntScalar1":null,"nsu=http://opcfoundation.org/UA/Plc/Applications;s=SpikeData":99.80267284282715,"ns=23;i=1259":-0.89900000000000002}]