{"MessageId":"56fb9417-3048-41c3-9df2-9a79746a44f0","MessageType":"ua-data","PublisherId":"DESKTOP-BGFJS91","DataSetWriterGroup":"<<UnknownWriterGroup>>","Messages":[{"DataSetWriterId":1,"SequenceNumber":12,"MetaDataVersion":{"MajorVersion":1},"Timestamp":"2024-04-27T10:49:25.2768603Z","MessageType":"ua-deltaframe","DataSetWriterName":"MES","Payload":{"nsu=http://opcfoundation.org/UA/Plc/Applications;s=StepUp":{"Value":160,"SourceTimestamp":"2024-04-27T10:49:25.2296935Z","ServerTimestamp":"2024-04-27T10:49:25.2297107Z"}}}]}