{"MessageId":"d5fdcb8f-6f43-4da6-bf93-4887a914bb88","MessageType":"ua-data","PublisherId":"DESKTOP-BGFJS91","DataSetWriterGroup":"<<UnknownWriterGroup>>","Messages":[{"DataSetWriterId":1,"SequenceNumber":14,"MetaDataVersion":{"MajorVersion":1},"Timestamp":"2024-04-27T10:49:27.3185654Z","MessageType":"ua-deltaframe","DataSetWriterName":"MES","Payload":{"nsu=http://opcfoundation.org/UA/Plc/Applications;s=StepUp":{"Value":180,"SourceTimestamp":"2024-04-27T10:49:27.2241154Z","ServerTimestamp":"2024-04-27T10:49:27.2241174Z"}}}]}