{"MessageId":"f8b3d37b-ebfb-4d0f-97d1-a07f4e701f0b","MessageType":"ua-data","PublisherId":"DESKTOP-BGFJS91","DataSetWriterGroup":"<<UnknownWriterGroup>>","Messages":[{"DataSetWriterId":1,"SequenceNumber":15,"MetaDataVersion":{"MajorVersion":1},"Timestamp":"2024-04-27T10:49:28.3098638Z","MessageType":"ua-deltaframe","DataSetWriterName":"MES","Payload":{"nsu=http://opcfoundation.org/UA/Plc/Applications;s=StepUp":{"Value":190,"SourceTimestamp":"2024-04-27T10:49:28.2163799Z","ServerTimestamp":"2024-04-27T10:49:28.2163825Z"}}}]}