{"MessageId":"6ef20503-2a65-438f-810c-be3cd6a30a1e","MessageType":"ua-data","PublisherId":"DESKTOP-BGFJS91","DataSetWriterGroup":"<<UnknownWriterGroup>>","Messages":[{"DataSetWriterId":1,"SequenceNumber":2,"MetaDataVersion":{"MajorVersion":1},"Timestamp":"2024-04-27T10:49:13.2801696Z","MessageType":"ua-deltaframe","DataSetWriterName":"MES","Payload":{"nsu=http://opcfoundation.org/UA/Plc/Applications;s=StepUp":{"Value":40,"SourceTimestamp":"2024-04-27T10:49:13.2179211Z","ServerTimestamp":"2024-04-27T10:49:13.2179377Z"}}}]}