{"MessageId":"7b5a135d-ae47-45c5-8b07-09dfcf03dc61","MessageType":"ua-data","PublisherId":"DESKTOP-BGFJS91","DataSetWriterGroup":"<<UnknownWriterGroup>>","Messages":[{"DataSetWriterId":1,"SequenceNumber":21,"MetaDataVersion":{"MajorVersion":1},"Timestamp":"2024-04-27T10:49:35.2996302Z","MessageType":"ua-deltaframe","DataSetWriterName":"MES","Payload":{"nsu=http://opcfoundation.org/UA/Plc/Applications;s=StepUp":{"Value":260,"SourceTimestamp":"2024-04-27T10:49:35.2215682Z","ServerTimestamp":"2024-04-27T10:49:35.2215699Z"}}}]}