{"MessageId":"bfc41335-9926-47d2-8cdd-5aa903f55d3f","MessageType":"ua-data","PublisherId":"DESKTOP-BGFJS91","DataSetWriterGroup":"<<UnknownWriterGroup>>","Messages":[{"DataSetWriterId":1,"SequenceNumber":22,"MetaDataVersion":{"MajorVersion":1},"Timestamp":"2024-04-27T10:49:37.2716819Z","MessageType":"ua-deltaframe","DataSetWriterName":"MES","Payload":{"nsu=http://opcfoundation.org/UA/Plc/Applications;s=StepUp":{"Value":280,"SourceTimestamp":"2024-04-27T10:49:37.2258999Z","ServerTimestamp":"2024-04-27T10:49:37.2259023Z"}}}]}