{"MessageId":"5d78015f-3a02-4aaf-90d7-aebf56869c0c","MessageType":"ua-data","PublisherId":"DESKTOP-BGFJS91","DataSetWriterGroup":"<<UnknownWriterGroup>>","Messages":[{"DataSetWriterId":1,"SequenceNumber":23,"MetaDataVersion":{"MajorVersion":1},"Timestamp":"2024-04-27T10:49:38.3264563Z","MessageType":"ua-deltaframe","DataSetWriterName":"MES","Payload":{"nsu=http://opcfoundation.org/UA/Plc/Applications;s=StepUp":{"Value":290,"SourceTimestamp":"2024-04-27T10:49:38.2186929Z","ServerTimestamp":"2024-04-27T10:49:38.218694Z"}}}]}