{"MessageId":"915b2776-e006-4478-a805-ee614526ee0f","MessageType":"ua-data","PublisherId":"DESKTOP-BGFJS91","DataSetWriterGroup":"<<UnknownWriterGroup>>","Messages":[{"DataSetWriterId":1,"SequenceNumber":24,"MetaDataVersion":{"MajorVersion":1},"Timestamp":"2024-04-27T10:49:39.3159438Z","MessageType":"ua-deltaframe","DataSetWriterName":"MES","Payload":{"nsu=http://opcfoundation.org/UA/Plc/Applications;s=StepUp":{"Value":300,"SourceTimestamp":"2024-04-27T10:49:39.222508Z","ServerTimestamp":"2024-04-27T10:49:39.2225098Z"}}}]}