{"MessageId":"3e3c5549-14e2-4ec2-88eb-66407876e3ea","MessageType":"ua-data","PublisherId":"DESKTOP-BGFJS91","DataSetWriterGroup":"<<UnknownWriterGroup>>","Messages":[{"DataSetWriterId":1,"SequenceNumber":29,"MetaDataVersion":{"MajorVersion":1},"Timestamp":"2024-04-27T10:49:46.2779256Z","MessageType":"ua-deltaframe","DataSetWriterName":"MES","Payload":{"nsu=http://opcfoundation.org/UA/Plc/Applications;s=StepUp":{"Value":370,"SourceTimestamp":"2024-04-27T10:49:46.2160962Z","ServerTimestamp":"2024-04-27T10:49:46.2160985Z"}}}]}