{"MessageId":"79ea7059-0502-4577-b8e7-2e666de5e32a","MessageType":"ua-data","PublisherId":"DESKTOP-BGFJS91","DataSetWriterGroup":"<<UnknownWriterGroup>>","Messages":[{"DataSetWriterId":1,"SequenceNumber":36,"MetaDataVersion":{"MajorVersion":1},"Timestamp":"2024-04-27T10:49:54.3133607Z","MessageType":"ua-deltaframe","DataSetWriterName":"MES","Payload":{"nsu=http://opcfoundation.org/UA/Plc/Applications;s=StepUp":{"Value":450,"SourceTimestamp":"2024-04-27T10:49:54.2184484Z","ServerTimestamp":"2024-04-27T10:49:54.2184523Z"}}}]}