{"MessageId":"43c39eea-d35f-4e16-9063-b9f57b2fc21f","MessageType":"ua-data","PublisherId":"DESKTOP-BGFJS91","DataSetWriterGroup":"<<UnknownWriterGroup>>","Messages":[{"DataSetWriterId":1,"SequenceNumber":37,"MetaDataVersion":{"MajorVersion":1},"Timestamp":"2024-04-27T10:49:55.3007692Z","MessageType":"ua-deltaframe","DataSetWriterName":"MES","Payload":{"nsu=http://opcfoundation.org/UA/Plc/Applications;s=StepUp":{"Value":460,"SourceTimestamp":"2024-04-27T10:49:55.2239853Z","ServerTimestamp":"2024-04-27T10:49:55.22399Z"}}}]}