{"MessageId":"0246d3e9-e95a-4d3f-8b15-92ab7e690adf","MessageType":"ua-data","PublisherId":"DESKTOP-BGFJS91","DataSetWriterGroup":"<<UnknownWriterGroup>>","Messages":[{"DataSetWriterId":1,"SequenceNumber":44,"MetaDataVersion":{"MajorVersion":1},"Timestamp":"2024-04-27T10:50:04.294808Z","MessageType":"ua-deltaframe","DataSetWriterName":"MES","Payload":{"nsu=http://opcfoundation.org/UA/Plc/Applications;s=StepUp":{"Value":550,"SourceTimestamp":"2024-04-27T10:50:04.2170256Z","ServerTimestamp":"2024-04-27T10:50:04.2170292Z"}}}]}