{"MessageId":"dba1e1ee-2256-4f98-9545-54d77e4c19ac","MessageType":"ua-data","PublisherId":"DESKTOP-BGFJS91","DataSetWriterGroup":"<<UnknownWriterGroup>>","Messages":[{"DataSetWriterId":1,"SequenceNumber":52,"MetaDataVersion":{"MajorVersion":1},"Timestamp":"2024-04-27T10:50:14.3279836Z","MessageType":"ua-deltaframe","DataSetWriterName":"MES","Payload":{"nsu=http://opcfoundation.org/UA/Plc/Applications;s=StepUp":{"Value":650,"SourceTimestamp":"2024-04-27T10:50:14.2203507Z","ServerTimestamp":"2024-04-27T10:50:14.2203536Z"}}}]}