{"MessageId":"1be5789b-89e7-48d3-a874-a5ed45bbc8c5","MessageType":"ua-data","PublisherId":"DESKTOP-BGFJS91","DataSetWriterGroup":"<<UnknownWriterGroup>>","Messages":[{"DataSetWriterId":1,"SequenceNumber":53,"MetaDataVersion":{"MajorVersion":1},"Timestamp":"2024-04-27T10:50:15.3189821Z","MessageType":"ua-deltaframe","DataSetWriterName":"MES","Payload":{"nsu=http://opcfoundation.org/UA/Plc/Applications;s=StepUp":{"Value":660,"SourceTimestamp":"2024-04-27T10:50:15.2256272Z","ServerTimestamp":"2024-04-27T10:50:15.2256371Z"}}}]}