{"MessageId":"fc3806fa-177e-4349-8652-1efa845a1ba0","MessageType":"ua-data","PublisherId":"DESKTOP-BGFJS91","DataSetWriterGroup":"<<UnknownWriterGroup>>","Messages":[{"DataSetWriterId":1,"SequenceNumber":54,"MetaDataVersion":{"MajorVersion":1},"Timestamp":"2024-04-27T10:50:16.3065768Z","MessageType":"ua-deltaframe","DataSetWriterName":"MES","Payload":{"nsu=http://opcfoundation.org/UA/Plc/Applications;s=StepUp":{"Value":670,"SourceTimestamp":"2024-04-27T10:50:16.2292472Z","ServerTimestamp":"2024-04-27T10:50:16.2292478Z"}}}]}