{"MessageId":"cfbd344a-bd82-48e3-8a0c-49695f2d748f","MessageType":"ua-data","PublisherId":"DESKTOP-BGFJS91","DataSetWriterGroup":"<<UnknownWriterGroup>>","Messages":[{"DataSetWriterId":1,"SequenceNumber":56,"MetaDataVersion":{"MajorVersion":1},"Timestamp":"2024-04-27T10:50:19.2761761Z","MessageType":"ua-deltaframe","DataSetWriterName":"MES","Payload":{"nsu=http://opcfoundation.org/UA/Plc/Applications;s=StepUp":{"Value":700,"SourceTimestamp":"2024-04-27T10:50:19.2289334Z","ServerTimestamp":"2024-04-27T10:50:19.229012Z"}}}]}