{"MessageId":"40a9e3bb-9163-4b8b-8944-683f4e0b81fc","MessageType":"ua-data","PublisherId":"DESKTOP-BGFJS91","DataSetWriterGroup":"<<UnknownWriterGroup>>","Messages":[{"DataSetWriterId":1,"SequenceNumber":6,"MetaDataVersion":{"MajorVersion":1},"Timestamp":"2024-04-27T10:49:17.2950334Z","MessageType":"ua-deltaframe","DataSetWriterName":"MES","Payload":{"nsu=http://opcfoundation.org/UA/Plc/Applications;s=StepUp":{"Value":80,"SourceTimestamp":"2024-04-27T10:49:17.2172072Z","ServerTimestamp":"2024-04-27T10:49:17.2172115Z"}}}]}