{"MessageId":"7bf7084b-69d4-4585-9f54-3ea259a38faa","MessageType":"ua-data","PublisherId":"DESKTOP-BGFJS91","DataSetWriterGroup":"<<UnknownWriterGroup>>","Messages":[{"DataSetWriterId":1,"SequenceNumber":62,"MetaDataVersion":{"MajorVersion":1},"Timestamp":"2024-04-27T10:50:25.2961963Z","MessageType":"ua-deltaframe","DataSetWriterName":"MES","Payload":{"nsu=http://opcfoundation.org/UA/Plc/Applications;s=StepUp":{"Value":760,"SourceTimestamp":"2024-04-27T10:50:25.2186007Z","ServerTimestamp":"2024-04-27T10:50:25.2186058Z"}}}]}