{"MessageId":"6c191080-066b-4f21-9a09-e3e81c471c9a","MessageType":"ua-data","PublisherId":"DESKTOP-BGFJS91","DataSetWriterGroup":"<<UnknownWriterGroup>>","Messages":[{"DataSetWriterId":1,"SequenceNumber":64,"MetaDataVersion":{"MajorVersion":1},"Timestamp":"2024-04-27T10:50:28.2739993Z","MessageType":"ua-deltaframe","DataSetWriterName":"MES","Payload":{"nsu=http://opcfoundation.org/UA/Plc/Applications;s=StepUp":{"Value":790,"SourceTimestamp":"2024-04-27T10:50:28.2277372Z","ServerTimestamp":"2024-04-27T10:50:28.2277404Z"}}}]}