{"MessageId":"3ea07a06-4a89-4861-9a26-c0127cf9de47","MessageType":"ua-data","PublisherId":"DESKTOP-BGFJS91","DataSetWriterGroup":"<<UnknownWriterGroup>>","Messages":[{"DataSetWriterId":1,"SequenceNumber":66,"MetaDataVersion":{"MajorVersion":1},"Timestamp":"2024-04-27T10:50:30.3144963Z","MessageType":"ua-deltaframe","DataSetWriterName":"MES","Payload":{"nsu=http://opcfoundation.org/UA/Plc/Applications;s=StepUp":{"Value":810,"SourceTimestamp":"2024-04-27T10:50:30.2215129Z","ServerTimestamp":"2024-04-27T10:50:30.2215147Z"}}}]}