{"MessageId":"a18ef893-1d6a-424c-8384-02fc1f4f5139","MessageType":"ua-data","PublisherId":"DESKTOP-BGFJS91","DataSetWriterGroup":"<<UnknownWriterGroup>>","Messages":[{"DataSetWriterId":1,"SequenceNumber":74,"MetaDataVersion":{"MajorVersion":1},"Timestamp":"2024-04-27T10:50:40.3258371Z","MessageType":"ua-deltaframe","DataSetWriterName":"MES","Payload":{"nsu=http://opcfoundation.org/UA/Plc/Applications;s=StepUp":{"Value":910,"SourceTimestamp":"2024-04-27T10:50:40.2180994Z","ServerTimestamp":"2024-04-27T10:50:40.218102Z"}}}]}