{"MessageId":"e7b98fc6-9295-4c77-af13-aff501884f51","MessageType":"ua-data","PublisherId":"DESKTOP-BGFJS91","DataSetWriterGroup":"<<UnknownWriterGroup>>","Messages":[{"DataSetWriterId":1,"SequenceNumber":76,"MetaDataVersion":{"MajorVersion":1},"Timestamp":"2024-04-27T10:50:42.2977321Z","MessageType":"ua-deltaframe","DataSetWriterName":"MES","Payload":{"nsu=http://opcfoundation.org/UA/Plc/Applications;s=StepUp":{"Value":930,"SourceTimestamp":"2024-04-27T10:50:42.2204935Z","ServerTimestamp":"2024-04-27T10:50:42.2204969Z"}}}]}