{"MessageId":"51a36801-e451-4d20-ae26-354c9b449626","MessageType":"ua-data","PublisherId":"DESKTOP-BGFJS91","DataSetWriterGroup":"<<UnknownWriterGroup>>","Messages":[{"DataSetWriterId":1,"SequenceNumber":80,"MetaDataVersion":{"MajorVersion":1},"Timestamp":"2024-04-27T10:50:47.3192269Z","MessageType":"ua-deltaframe","DataSetWriterName":"MES","Payload":{"nsu=http://opcfoundation.org/UA/Plc/Applications;s=StepUp":{"Value":980,"SourceTimestamp":"2024-04-27T10:50:47.2252705Z","ServerTimestamp":"2024-04-27T10:50:47.2252786Z"}}}]}