{"MessageId":"696cab8c-d789-4ba1-9193-3ba06ab7416d","MessageType":"ua-data","PublisherId":"DESKTOP-BGFJS91","DataSetWriterGroup":"<<UnknownWriterGroup>>","Messages":[{"DataSetWriterId":1,"SequenceNumber":84,"MetaDataVersion":{"MajorVersion":1},"Timestamp":"2024-04-27T10:50:52.325287Z","MessageType":"ua-deltaframe","DataSetWriterName":"MES","Payload":{"nsu=http://opcfoundation.org/UA/Plc/Applications;s=StepUp":{"Value":1030,"SourceTimestamp":"2024-04-27T10:50:52.215914Z","ServerTimestamp":"2024-04-27T10:50:52.2159173Z"}}}]}