{"MessageId":"3517afec-87d2-4a44-8afd-fc3826bee983","MessageType":"ua-data","PublisherId":"DESKTOP-BGFJS91","DataSetWriterGroup":"<<UnknownWriterGroup>>","Messages":[{"DataSetWriterId":1,"SequenceNumber":86,"MetaDataVersion":{"MajorVersion":1},"Timestamp":"2024-04-27T10:50:54.3000811Z","MessageType":"ua-deltaframe","DataSetWriterName":"MES","Payload":{"nsu=http://opcfoundation.org/UA/Plc/Applications;s=StepUp":{"Value":1050,"SourceTimestamp":"2024-04-27T10:50:54.2225126Z","ServerTimestamp":"2024-04-27T10:50:54.2225149Z"}}}]}