{"MessageId":"6789af63-74dd-4db6-8096-a2e33ea4ff71","MessageType":"ua-data","PublisherId":"DESKTOP-BGFJS91","DataSetWriterGroup":"<<UnknownWriterGroup>>","Messages":[{"DataSetWriterId":1,"SequenceNumber":87,"MetaDataVersion":{"MajorVersion":1},"Timestamp":"2024-04-27T10:50:56.2794395Z","MessageType":"ua-deltaframe","DataSetWriterName":"MES","Payload":{"nsu=http://opcfoundation.org/UA/Plc/Applications;s=StepUp":{"Value":1070,"SourceTimestamp":"2024-04-27T10:50:56.216113Z","ServerTimestamp":"2024-04-27T10:50:56.216121Z"}}}]}