{"MessageId":"1aa743b6-5b25-465e-9b6e-51629ba4120b","MessageType":"ua-data","PublisherId":"DESKTOP-BGFJS91","DataSetWriterGroup":"<<UnknownWriterGroup>>","Messages":[{"DataSetWriterId":1,"SequenceNumber":89,"MetaDataVersion":{"MajorVersion":1},"Timestamp":"2024-04-27T10:50:58.3199563Z","MessageType":"ua-deltaframe","DataSetWriterName":"MES","Payload":{"nsu=http://opcfoundation.org/UA/Plc/Applications;s=StepUp":{"Value":1090,"SourceTimestamp":"2024-04-27T10:50:58.2259371Z","ServerTimestamp":"2024-04-27T10:50:58.225938Z"}}}]}