[{"ConditionClassId":{"Value":null,"SourceTimestamp":"2024-04-27T17:53:26.2497223Z"},"ConditionClassName":{"Value":null,"SourceTimestamp":"2024-04-27T17:53:26.2497223Z"},"ConditionSubClassId":{"Value":null,"SourceTimestamp":"2024-04-27T17:53:26.2497223Z"},"ConditionSubClassName":{"Value":null,"SourceTimestamp":"2024-04-27T17:53:26.2497223Z"},"EventId":{"Value":"263bvxcpoEC83q3Ioaor8A==","SourceTimestamp":"2024-04-27T17:53:26.2497223Z"},"EventType":{"Value":{"Id":10060},"SourceTimestamp":"2024-04-27T17:53:26.2497223Z"},"LocalTime":{"Value":{"Offset":120,"DaylightSavingInOffset":true},"SourceTimestamp":"2024-04-27T17:53:26.2497223Z"},"Message":{"Value":"The alarm is active.","SourceTimestamp":"2024-04-27T17:53:26.2497223Z"},"ReceiveTime":{"Value":"2024-04-27T17:53:25.3125047Z","SourceTimestamp":"2024-04-27T17:53:26.2497223Z"},"Severity":{"Value":100,"SourceTimestamp":"2024-04-27T17:53:26.2497223Z"},"SourceName":{"Value":"SouthMotor","SourceTimestamp":"2024-04-27T17:53:26.2497223Z"},"SourceNode":{"Value":{"IdType":1,"Id":"1:Metals/SouthMotor","Namespace":"http://opcfoundation.org/AlarmCondition"},"SourceTimestamp":"2024-04-27T17:53:26.2497223Z"},"Time":{"Value":"2024-04-27T17:53:25.3124998Z","SourceTimestamp":"2024-04-27T17:53:26.2497223Z"}}]