[{"ConditionClassId":{"Value":null,"SourceTimestamp":"2024-04-27T17:53:30.2796125Z"},"ConditionClassName":{"Value":null,"SourceTimestamp":"2024-04-27T17:53:30.2796125Z"},"ConditionSubClassId":{"Value":null,"SourceTimestamp":"2024-04-27T17:53:30.2796125Z"},"ConditionSubClassName":{"Value":null,"SourceTimestamp":"2024-04-27T17:53:30.2796125Z"},"EventId":{"Value":"Y1XiUXERUUWH56SVtUUhhQ==","SourceTimestamp":"2024-04-27T17:53:30.2796125Z"},"EventType":{"Value":{"Id":10751},"SourceTimestamp":"2024-04-27T17:53:30.2796125Z"},"LocalTime":{"Value":{"Offset":120,"DaylightSavingInOffset":true},"SourceTimestamp":"2024-04-27T17:53:30.2796125Z"},"Message":{"Value":"The alarm severity has increased.","SourceTimestamp":"2024-04-27T17:53:30.2796125Z"},"ReceiveTime":{"Value":"2024-04-27T17:53:29.3222276Z","SourceTimestamp":"2024-04-27T17:53:30.2796125Z"},"Severity":{"Value":900,"SourceTimestamp":"2024-04-27T17:53:30.2796125Z"},"SourceName":{"Value":"EastTank","SourceTimestamp":"2024-04-27T17:53:30.2796125Z"},"SourceNode":{"Value":{"IdType":1,"Id":"1:Colours/EastTank","Namespace":"http://opcfoundation.org/AlarmCondition"},"SourceTimestamp":"2024-04-27T17:53:30.2796125Z"},"Time":{"Value":"2024-04-27T17:53:29.3222039Z","SourceTimestamp":"2024-04-27T17:53:30.2796125Z"}}]