[{"ConditionClassId":{"Value":null,"SourceTimestamp":"2024-04-27T17:53:40.2486011Z"},"ConditionClassName":{"Value":null,"SourceTimestamp":"2024-04-27T17:53:40.2486011Z"},"ConditionSubClassId":{"Value":null,"SourceTimestamp":"2024-04-27T17:53:40.2486011Z"},"ConditionSubClassName":{"Value":null,"SourceTimestamp":"2024-04-27T17:53:40.2486011Z"},"EventId":{"Value":"OPED3kzKIUyWYc9aWYhbkQ==","SourceTimestamp":"2024-04-27T17:53:40.2486011Z"},"EventType":{"Value":{"Id":10060},"SourceTimestamp":"2024-04-27T17:53:40.2486011Z"},"LocalTime":{"Value":{"Offset":120,"DaylightSavingInOffset":true},"SourceTimestamp":"2024-04-27T17:53:40.2486011Z"},"Message":{"Value":"The alarm severity has increased.","SourceTimestamp":"2024-04-27T17:53:40.2486011Z"},"ReceiveTime":{"Value":"2024-04-27T17:53:39.3199154Z","SourceTimestamp":"2024-04-27T17:53:40.2486011Z"},"Severity":{"Value":900,"SourceTimestamp":"2024-04-27T17:53:40.2486011Z"},"SourceName":{"Value":"WestTank","SourceTimestamp":"2024-04-27T17:53:40.2486011Z"},"SourceNode":{"Value":{"IdType":1,"Id":"1:Metals/WestTank","Namespace":"http://opcfoundation.org/AlarmCondition"},"SourceTimestamp":"2024-04-27T17:53:40.2486011Z"},"Time":{"Value":"2024-04-27T17:53:39.3198359Z","SourceTimestamp":"2024-04-27T17:53:40.2486011Z"}}]