[{"ConditionClassId":{"Value":null,"SourceTimestamp":"2024-04-27T17:53:38.2706518Z"},"ConditionClassName":{"Value":null,"SourceTimestamp":"2024-04-27T17:53:38.2706518Z"},"ConditionSubClassId":{"Value":null,"SourceTimestamp":"2024-04-27T17:53:38.2706518Z"},"ConditionSubClassName":{"Value":null,"SourceTimestamp":"2024-04-27T17:53:38.2706518Z"},"EventId":{"Value":"FmqnbYT70k2cwmMzN/9WzQ==","SourceTimestamp":"2024-04-27T17:53:38.2706518Z"},"EventType":{"Value":{"Id":10060},"SourceTimestamp":"2024-04-27T17:53:38.2706518Z"},"LocalTime":{"Value":{"Offset":120,"DaylightSavingInOffset":true},"SourceTimestamp":"2024-04-27T17:53:38.2706518Z"},"Message":{"Value":"The alarm is active.","SourceTimestamp":"2024-04-27T17:53:38.2706518Z"},"ReceiveTime":{"Value":"2024-04-27T17:53:37.3116414Z","SourceTimestamp":"2024-04-27T17:53:38.2706518Z"},"Severity":{"Value":100,"SourceTimestamp":"2024-04-27T17:53:38.2706518Z"},"SourceName":{"Value":"EastTank","SourceTimestamp":"2024-04-27T17:53:38.2706518Z"},"SourceNode":{"Value":{"IdType":1,"Id":"1:Colours/EastTank","Namespace":"http://opcfoundation.org/AlarmCondition"},"SourceTimestamp":"2024-04-27T17:53:38.2706518Z"},"Time":{"Value":"2024-04-27T17:53:37.3116259Z","SourceTimestamp":"2024-04-27T17:53:38.2706518Z"}}]