[{"ConditionClassId":{"Value":null,"SourceTimestamp":"2024-04-27T17:52:08.2615524Z"},"ConditionClassName":{"Value":null,"SourceTimestamp":"2024-04-27T17:52:08.2615524Z"},"ConditionSubClassId":{"Value":null,"SourceTimestamp":"2024-04-27T17:52:08.2615524Z"},"ConditionSubClassName":{"Value":null,"SourceTimestamp":"2024-04-27T17:52:08.2615524Z"},"EventId":{"Value":"PR6c6YPvQkuTkeK5SA9cRg==","SourceTimestamp":"2024-04-27T17:52:08.2615524Z"},"EventType":{"Value":{"Id":10060},"SourceTimestamp":"2024-04-27T17:52:08.2615524Z"},"LocalTime":{"Value":{"Offset":120,"DaylightSavingInOffset":true},"SourceTimestamp":"2024-04-27T17:52:08.2615524Z"},"Message":{"Value":"The alarm severity has increased.","SourceTimestamp":"2024-04-27T17:52:08.2615524Z"},"ReceiveTime":{"Value":"2024-04-27T17:52:07.3119986Z","SourceTimestamp":"2024-04-27T17:52:08.2615524Z"},"Severity":{"Value":500,"SourceTimestamp":"2024-04-27T17:52:08.2615524Z"},"SourceName":{"Value":"EastTank","SourceTimestamp":"2024-04-27T17:52:08.2615524Z"},"SourceNode":{"Value":{"IdType":1,"Id":"1:Colours/EastTank","Namespace":"http://opcfoundation.org/AlarmCondition"},"SourceTimestamp":"2024-04-27T17:52:08.2615524Z"},"Time":{"Value":"2024-04-27T17:52:07.3119732Z","SourceTimestamp":"2024-04-27T17:52:08.2615524Z"}}]