[{"ConditionClassId":{"Value":null,"SourceTimestamp":"2024-04-27T17:52:10.2510045Z"},"ConditionClassName":{"Value":null,"SourceTimestamp":"2024-04-27T17:52:10.2510045Z"},"ConditionSubClassId":{"Value":null,"SourceTimestamp":"2024-04-27T17:52:10.2510045Z"},"ConditionSubClassName":{"Value":null,"SourceTimestamp":"2024-04-27T17:52:10.2510045Z"},"EventId":{"Value":"pa/1/rYhA0umhHcDK3v0xg==","SourceTimestamp":"2024-04-27T17:52:10.2510045Z"},"EventType":{"Value":{"Id":9764},"SourceTimestamp":"2024-04-27T17:52:10.2510045Z"},"LocalTime":{"Value":{"Offset":120,"DaylightSavingInOffset":true},"SourceTimestamp":"2024-04-27T17:52:10.2510045Z"},"Message":{"Value":"The alarm severity has increased.","SourceTimestamp":"2024-04-27T17:52:10.2510045Z"},"ReceiveTime":{"Value":"2024-04-27T17:52:09.3129908Z","SourceTimestamp":"2024-04-27T17:52:10.2510045Z"},"Severity":{"Value":500,"SourceTimestamp":"2024-04-27T17:52:10.2510045Z"},"SourceName":{"Value":"WestTank","SourceTimestamp":"2024-04-27T17:52:10.2510045Z"},"SourceNode":{"Value":{"IdType":1,"Id":"1:Metals/WestTank","Namespace":"http://opcfoundation.org/AlarmCondition"},"SourceTimestamp":"2024-04-27T17:52:10.2510045Z"},"Time":{"Value":"2024-04-27T17:52:09.3129867Z","SourceTimestamp":"2024-04-27T17:52:10.2510045Z"}}]