[{"ConditionClassId":{"Value":null,"SourceTimestamp":"2024-04-27T17:52:01.238113Z"},"ConditionClassName":{"Value":null,"SourceTimestamp":"2024-04-27T17:52:01.238113Z"},"ConditionSubClassId":{"Value":null,"SourceTimestamp":"2024-04-27T17:52:01.238113Z"},"ConditionSubClassName":{"Value":null,"SourceTimestamp":"2024-04-27T17:52:01.238113Z"},"EventId":{"Value":"jmzPQMjj9kyjSWFVG68OPw==","SourceTimestamp":"2024-04-27T17:52:01.238113Z"},"EventType":{"Value":{"Id":10060},"SourceTimestamp":"2024-04-27T17:52:01.238113Z"},"LocalTime":{"Value":{"Offset":120,"DaylightSavingInOffset":true},"SourceTimestamp":"2024-04-27T17:52:01.238113Z"},"Message":{"Value":"The alarm severity has increased.","SourceTimestamp":"2024-04-27T17:52:01.238113Z"},"ReceiveTime":{"Value":"2024-04-27T17:52:00.3214376Z","SourceTimestamp":"2024-04-27T17:52:01.238113Z"},"Severity":{"Value":300,"SourceTimestamp":"2024-04-27T17:52:01.238113Z"},"SourceName":{"Value":"WestTank","SourceTimestamp":"2024-04-27T17:52:01.238113Z"},"SourceNode":{"Value":{"IdType":1,"Id":"1:Metals/WestTank","Namespace":"http://opcfoundation.org/AlarmCondition"},"SourceTimestamp":"2024-04-27T17:52:01.238113Z"},"Time":{"Value":"2024-04-27T17:52:00.3214305Z","SourceTimestamp":"2024-04-27T17:52:01.238113Z"}}]