[{"ConditionClassId":{"Value":null,"SourceTimestamp":"2024-04-27T17:51:58.2521493Z"},"ConditionClassName":{"Value":null,"SourceTimestamp":"2024-04-27T17:51:58.2521493Z"},"ConditionSubClassId":{"Value":null,"SourceTimestamp":"2024-04-27T17:51:58.2521493Z"},"ConditionSubClassName":{"Value":null,"SourceTimestamp":"2024-04-27T17:51:58.2521493Z"},"EventId":{"Value":"JJfriwtwDkyyjoBUW6uT+A==","SourceTimestamp":"2024-04-27T17:51:58.2521493Z"},"EventType":{"Value":{"Id":10060},"SourceTimestamp":"2024-04-27T17:51:58.2521493Z"},"LocalTime":{"Value":{"Offset":120,"DaylightSavingInOffset":true},"SourceTimestamp":"2024-04-27T17:51:58.2521493Z"},"Message":{"Value":"The alarm severity has increased.","SourceTimestamp":"2024-04-27T17:51:58.2521493Z"},"ReceiveTime":{"Value":"2024-04-27T17:51:57.3188521Z","SourceTimestamp":"2024-04-27T17:51:58.2521493Z"},"Severity":{"Value":300,"SourceTimestamp":"2024-04-27T17:51:58.2521493Z"},"SourceName":{"Value":"SouthMotor","SourceTimestamp":"2024-04-27T17:51:58.2521493Z"},"SourceNode":{"Value":{"IdType":1,"Id":"1:Metals/SouthMotor","Namespace":"http://opcfoundation.org/AlarmCondition"},"SourceTimestamp":"2024-04-27T17:51:58.2521493Z"},"Time":{"Value":"2024-04-27T17:51:57.3188485Z","SourceTimestamp":"2024-04-27T17:51:58.2521493Z"}}]