[{"ConditionClassId":{"Value":null,"SourceTimestamp":"2024-04-27T17:52:20.2688034Z"},"ConditionClassName":{"Value":null,"SourceTimestamp":"2024-04-27T17:52:20.2688034Z"},"ConditionSubClassId":{"Value":null,"SourceTimestamp":"2024-04-27T17:52:20.2688034Z"},"ConditionSubClassName":{"Value":null,"SourceTimestamp":"2024-04-27T17:52:20.2688034Z"},"EventId":{"Value":"1lw8Xo5se0S87tBjFRqIPg==","SourceTimestamp":"2024-04-27T17:52:20.2688034Z"},"EventType":{"Value":{"Id":9764},"SourceTimestamp":"2024-04-27T17:52:20.2688034Z"},"LocalTime":{"Value":{"Offset":120,"DaylightSavingInOffset":true},"SourceTimestamp":"2024-04-27T17:52:20.2688034Z"},"Message":{"Value":"The alarm severity has increased.","SourceTimestamp":"2024-04-27T17:52:20.2688034Z"},"ReceiveTime":{"Value":"2024-04-27T17:52:19.3161345Z","SourceTimestamp":"2024-04-27T17:52:20.2688034Z"},"Severity":{"Value":700,"SourceTimestamp":"2024-04-27T17:52:20.2688034Z"},"SourceName":{"Value":"WestTank","SourceTimestamp":"2024-04-27T17:52:20.2688034Z"},"SourceNode":{"Value":{"IdType":1,"Id":"1:Metals/WestTank","Namespace":"http://opcfoundation.org/AlarmCondition"},"SourceTimestamp":"2024-04-27T17:52:20.2688034Z"},"Time":{"Value":"2024-04-27T17:52:19.3161309Z","SourceTimestamp":"2024-04-27T17:52:20.2688034Z"}}]