[{"ConditionClassId":{"Value":null,"SourceTimestamp":"2024-04-27T17:52:12.2382006Z"},"ConditionClassName":{"Value":null,"SourceTimestamp":"2024-04-27T17:52:12.2382006Z"},"ConditionSubClassId":{"Value":null,"SourceTimestamp":"2024-04-27T17:52:12.2382006Z"},"ConditionSubClassName":{"Value":null,"SourceTimestamp":"2024-04-27T17:52:12.2382006Z"},"EventId":{"Value":"a1gmcBAnnU2RcX6xnILyfA==","SourceTimestamp":"2024-04-27T17:52:12.2382006Z"},"EventType":{"Value":{"Id":10751},"SourceTimestamp":"2024-04-27T17:52:12.2382006Z"},"LocalTime":{"Value":{"Offset":120,"DaylightSavingInOffset":true},"SourceTimestamp":"2024-04-27T17:52:12.2382006Z"},"Message":{"Value":"The alarm severity has increased.","SourceTimestamp":"2024-04-27T17:52:12.2382006Z"},"ReceiveTime":{"Value":"2024-04-27T17:52:11.3236557Z","SourceTimestamp":"2024-04-27T17:52:12.2382006Z"},"Severity":{"Value":500,"SourceTimestamp":"2024-04-27T17:52:12.2382006Z"},"SourceName":{"Value":"NorthMotor","SourceTimestamp":"2024-04-27T17:52:12.2382006Z"},"SourceNode":{"Value":{"IdType":1,"Id":"1:Colours/NorthMotor","Namespace":"http://opcfoundation.org/AlarmCondition"},"SourceTimestamp":"2024-04-27T17:52:12.2382006Z"},"Time":{"Value":"2024-04-27T17:52:11.3236407Z","SourceTimestamp":"2024-04-27T17:52:12.2382006Z"}}]