[{"ConditionClassId":{"Value":null,"SourceTimestamp":"2024-04-27T17:52:26.2772432Z"},"ConditionClassName":{"Value":null,"SourceTimestamp":"2024-04-27T17:52:26.2772432Z"},"ConditionSubClassId":{"Value":null,"SourceTimestamp":"2024-04-27T17:52:26.2772432Z"},"ConditionSubClassName":{"Value":null,"SourceTimestamp":"2024-04-27T17:52:26.2772432Z"},"EventId":{"Value":"tbL/7KjPVEy1mOmzHZOJ7w==","SourceTimestamp":"2024-04-27T17:52:26.2772432Z"},"EventType":{"Value":{"Id":10060},"SourceTimestamp":"2024-04-27T17:52:26.2772432Z"},"LocalTime":{"Value":{"Offset":120,"DaylightSavingInOffset":true},"SourceTimestamp":"2024-04-27T17:52:26.2772432Z"},"Message":{"Value":"The alarm severity has increased.","SourceTimestamp":"2024-04-27T17:52:26.2772432Z"},"ReceiveTime":{"Value":"2024-04-27T17:52:25.31802Z","SourceTimestamp":"2024-04-27T17:52:26.2772432Z"},"Severity":{"Value":900,"SourceTimestamp":"2024-04-27T17:52:26.2772432Z"},"SourceName":{"Value":"EastTank","SourceTimestamp":"2024-04-27T17:52:26.2772432Z"},"SourceNode":{"Value":{"IdType":1,"Id":"1:Colours/EastTank","Namespace":"http://opcfoundation.org/AlarmCondition"},"SourceTimestamp":"2024-04-27T17:52:26.2772432Z"},"Time":{"Value":"2024-04-27T17:52:25.3180062Z","SourceTimestamp":"2024-04-27T17:52:26.2772432Z"}}]