[{"ConditionClassId":{"Value":null,"SourceTimestamp":"2024-04-27T17:52:30.2429951Z"},"ConditionClassName":{"Value":null,"SourceTimestamp":"2024-04-27T17:52:30.2429951Z"},"ConditionSubClassId":{"Value":null,"SourceTimestamp":"2024-04-27T17:52:30.2429951Z"},"ConditionSubClassName":{"Value":null,"SourceTimestamp":"2024-04-27T17:52:30.2429951Z"},"EventId":{"Value":"0ZZD61+840+iulKrLBiknA==","SourceTimestamp":"2024-04-27T17:52:30.2429951Z"},"EventType":{"Value":{"Id":10751},"SourceTimestamp":"2024-04-27T17:52:30.2429951Z"},"LocalTime":{"Value":{"Offset":120,"DaylightSavingInOffset":true},"SourceTimestamp":"2024-04-27T17:52:30.2429951Z"},"Message":{"Value":"The alarm severity has increased.","SourceTimestamp":"2024-04-27T17:52:30.2429951Z"},"ReceiveTime":{"Value":"2024-04-27T17:52:29.3118272Z","SourceTimestamp":"2024-04-27T17:52:30.2429951Z"},"Severity":{"Value":900,"SourceTimestamp":"2024-04-27T17:52:30.2429951Z"},"SourceName":{"Value":"EastTank","SourceTimestamp":"2024-04-27T17:52:30.2429951Z"},"SourceNode":{"Value":{"IdType":1,"Id":"1:Colours/EastTank","Namespace":"http://opcfoundation.org/AlarmCondition"},"SourceTimestamp":"2024-04-27T17:52:30.2429951Z"},"Time":{"Value":"2024-04-27T17:52:29.3115813Z","SourceTimestamp":"2024-04-27T17:52:30.2429951Z"}}]