[{"ConditionClassId":{"Value":null,"SourceTimestamp":"2024-04-27T17:52:30.2429951Z"},"ConditionClassName":{"Value":null,"SourceTimestamp":"2024-04-27T17:52:30.2429951Z"},"ConditionSubClassId":{"Value":null,"SourceTimestamp":"2024-04-27T17:52:30.2429951Z"},"ConditionSubClassName":{"Value":null,"SourceTimestamp":"2024-04-27T17:52:30.2429951Z"},"EventId":{"Value":"UtgCX+OIeUm4kMpFCjoJVQ==","SourceTimestamp":"2024-04-27T17:52:30.2429951Z"},"EventType":{"Value":{"Id":10060},"SourceTimestamp":"2024-04-27T17:52:30.2429951Z"},"LocalTime":{"Value":{"Offset":120,"DaylightSavingInOffset":true},"SourceTimestamp":"2024-04-27T17:52:30.2429951Z"},"Message":{"Value":"The alarm severity has increased.","SourceTimestamp":"2024-04-27T17:52:30.2429951Z"},"ReceiveTime":{"Value":"2024-04-27T17:52:29.3119091Z","SourceTimestamp":"2024-04-27T17:52:30.2429951Z"},"Severity":{"Value":900,"SourceTimestamp":"2024-04-27T17:52:30.2429951Z"},"SourceName":{"Value":"NorthMotor","SourceTimestamp":"2024-04-27T17:52:30.2429951Z"},"SourceNode":{"Value":{"IdType":1,"Id":"1:Colours/NorthMotor","Namespace":"http://opcfoundation.org/AlarmCondition"},"SourceTimestamp":"2024-04-27T17:52:30.2429951Z"},"Time":{"Value":"2024-04-27T17:52:29.3119048Z","SourceTimestamp":"2024-04-27T17:52:30.2429951Z"}}]