[{"ConditionClassId":{"Value":null,"SourceTimestamp":"2024-04-27T17:52:38.2705063Z"},"ConditionClassName":{"Value":null,"SourceTimestamp":"2024-04-27T17:52:38.2705063Z"},"ConditionSubClassId":{"Value":null,"SourceTimestamp":"2024-04-27T17:52:38.2705063Z"},"ConditionSubClassName":{"Value":null,"SourceTimestamp":"2024-04-27T17:52:38.2705063Z"},"EventId":{"Value":"08JixmGYhUqvUuHYoogGlQ==","SourceTimestamp":"2024-04-27T17:52:38.2705063Z"},"EventType":{"Value":{"Id":10060},"SourceTimestamp":"2024-04-27T17:52:38.2705063Z"},"LocalTime":{"Value":{"Offset":120,"DaylightSavingInOffset":true},"SourceTimestamp":"2024-04-27T17:52:38.2705063Z"},"Message":{"Value":"The alarm is active.","SourceTimestamp":"2024-04-27T17:52:38.2705063Z"},"ReceiveTime":{"Value":"2024-04-27T17:52:37.3209156Z","SourceTimestamp":"2024-04-27T17:52:38.2705063Z"},"Severity":{"Value":100,"SourceTimestamp":"2024-04-27T17:52:38.2705063Z"},"SourceName":{"Value":"SouthMotor","SourceTimestamp":"2024-04-27T17:52:38.2705063Z"},"SourceNode":{"Value":{"IdType":1,"Id":"1:Metals/SouthMotor","Namespace":"http://opcfoundation.org/AlarmCondition"},"SourceTimestamp":"2024-04-27T17:52:38.2705063Z"},"Time":{"Value":"2024-04-27T17:52:37.3209126Z","SourceTimestamp":"2024-04-27T17:52:38.2705063Z"}}]