[{"ConditionClassId":{"Value":null,"SourceTimestamp":"2024-04-27T17:52:44.2869151Z"},"ConditionClassName":{"Value":null,"SourceTimestamp":"2024-04-27T17:52:44.2869151Z"},"ConditionSubClassId":{"Value":null,"SourceTimestamp":"2024-04-27T17:52:44.2869151Z"},"ConditionSubClassName":{"Value":null,"SourceTimestamp":"2024-04-27T17:52:44.2869151Z"},"EventId":{"Value":"cvCqTLgwyEKX7+9+LsrgMQ==","SourceTimestamp":"2024-04-27T17:52:44.2869151Z"},"EventType":{"Value":{"Id":10060},"SourceTimestamp":"2024-04-27T17:52:44.2869151Z"},"LocalTime":{"Value":{"Offset":120,"DaylightSavingInOffset":true},"SourceTimestamp":"2024-04-27T17:52:44.2869151Z"},"Message":{"Value":"The alarm is active.","SourceTimestamp":"2024-04-27T17:52:44.2869151Z"},"ReceiveTime":{"Value":"2024-04-27T17:52:43.3095558Z","SourceTimestamp":"2024-04-27T17:52:44.2869151Z"},"Severity":{"Value":100,"SourceTimestamp":"2024-04-27T17:52:44.2869151Z"},"SourceName":{"Value":"EastTank","SourceTimestamp":"2024-04-27T17:52:44.2869151Z"},"SourceNode":{"Value":{"IdType":1,"Id":"1:Colours/EastTank","Namespace":"http://opcfoundation.org/AlarmCondition"},"SourceTimestamp":"2024-04-27T17:52:44.2869151Z"},"Time":{"Value":"2024-04-27T17:52:43.3095416Z","SourceTimestamp":"2024-04-27T17:52:44.2869151Z"}}]