[{"ConditionClassId":{"Value":null,"SourceTimestamp":"2024-04-27T17:52:50.2842627Z"},"ConditionClassName":{"Value":null,"SourceTimestamp":"2024-04-27T17:52:50.2842627Z"},"ConditionSubClassId":{"Value":null,"SourceTimestamp":"2024-04-27T17:52:50.2842627Z"},"ConditionSubClassName":{"Value":null,"SourceTimestamp":"2024-04-27T17:52:50.2842627Z"},"EventId":{"Value":"8xOP/YyJtUazkV5RzAcF1g==","SourceTimestamp":"2024-04-27T17:52:50.2842627Z"},"EventType":{"Value":{"Id":10060},"SourceTimestamp":"2024-04-27T17:52:50.2842627Z"},"LocalTime":{"Value":{"Offset":120,"DaylightSavingInOffset":true},"SourceTimestamp":"2024-04-27T17:52:50.2842627Z"},"Message":{"Value":"The alarm is active.","SourceTimestamp":"2024-04-27T17:52:50.2842627Z"},"ReceiveTime":{"Value":"2024-04-27T17:52:49.3129525Z","SourceTimestamp":"2024-04-27T17:52:50.2842627Z"},"Severity":{"Value":100,"SourceTimestamp":"2024-04-27T17:52:50.2842627Z"},"SourceName":{"Value":"NorthMotor","SourceTimestamp":"2024-04-27T17:52:50.2842627Z"},"SourceNode":{"Value":{"IdType":1,"Id":"1:Colours/NorthMotor","Namespace":"http://opcfoundation.org/AlarmCondition"},"SourceTimestamp":"2024-04-27T17:52:50.2842627Z"},"Time":{"Value":"2024-04-27T17:52:49.3129457Z","SourceTimestamp":"2024-04-27T17:52:50.2842627Z"}}]