[{"ConditionClassId":{"Value":null,"SourceTimestamp":"2024-04-27T17:51:59.2488935Z"},"ConditionClassName":{"Value":null,"SourceTimestamp":"2024-04-27T17:51:59.2488935Z"},"ConditionSubClassId":{"Value":null,"SourceTimestamp":"2024-04-27T17:51:59.2488935Z"},"ConditionSubClassName":{"Value":null,"SourceTimestamp":"2024-04-27T17:51:59.2488935Z"},"EventId":{"Value":"bMEXqQOUmUSNgPm8drBntg==","SourceTimestamp":"2024-04-27T17:51:59.2488935Z"},"EventType":{"Value":{"Id":10751},"SourceTimestamp":"2024-04-27T17:51:59.2488935Z"},"LocalTime":{"Value":{"Offset":120,"DaylightSavingInOffset":true},"SourceTimestamp":"2024-04-27T17:51:59.2488935Z"},"Message":{"Value":"The alarm severity has increased.","SourceTimestamp":"2024-04-27T17:51:59.2488935Z"},"ReceiveTime":{"Value":"2024-04-27T17:51:58.3151325Z","SourceTimestamp":"2024-04-27T17:51:59.2488935Z"},"Severity":{"Value":300,"SourceTimestamp":"2024-04-27T17:51:59.2488935Z"},"SourceName":{"Value":"SouthMotor","SourceTimestamp":"2024-04-27T17:51:59.2488935Z"},"SourceNode":{"Value":{"IdType":1,"Id":"1:Metals/SouthMotor","Namespace":"http://opcfoundation.org/AlarmCondition"},"SourceTimestamp":"2024-04-27T17:51:59.2488935Z"},"Time":{"Value":"2024-04-27T17:51:58.3151271Z","SourceTimestamp":"2024-04-27T17:51:59.2488935Z"}}]