[{"ConditionClassId":{"Value":null,"SourceTimestamp":"2024-04-27T17:52:54.247163Z"},"ConditionClassName":{"Value":null,"SourceTimestamp":"2024-04-27T17:52:54.247163Z"},"ConditionSubClassId":{"Value":null,"SourceTimestamp":"2024-04-27T17:52:54.247163Z"},"ConditionSubClassName":{"Value":null,"SourceTimestamp":"2024-04-27T17:52:54.247163Z"},"EventId":{"Value":"zvKMP1/MikKSLfSZoUhmWA==","SourceTimestamp":"2024-04-27T17:52:54.247163Z"},"EventType":{"Value":{"Id":10751},"SourceTimestamp":"2024-04-27T17:52:54.247163Z"},"LocalTime":{"Value":{"Offset":120,"DaylightSavingInOffset":true},"SourceTimestamp":"2024-04-27T17:52:54.247163Z"},"Message":{"Value":"The alarm severity has increased.","SourceTimestamp":"2024-04-27T17:52:54.247163Z"},"ReceiveTime":{"Value":"2024-04-27T17:52:53.3146304Z","SourceTimestamp":"2024-04-27T17:52:54.247163Z"},"Severity":{"Value":500,"SourceTimestamp":"2024-04-27T17:52:54.247163Z"},"SourceName":{"Value":"WestTank","SourceTimestamp":"2024-04-27T17:52:54.247163Z"},"SourceNode":{"Value":{"IdType":1,"Id":"1:Metals/WestTank","Namespace":"http://opcfoundation.org/AlarmCondition"},"SourceTimestamp":"2024-04-27T17:52:54.247163Z"},"Time":{"Value":"2024-04-27T17:52:53.3146251Z","SourceTimestamp":"2024-04-27T17:52:54.247163Z"}}]