[{"ConditionClassId":{"Value":null,"SourceTimestamp":"2024-04-27T17:52:53.2523281Z"},"ConditionClassName":{"Value":null,"SourceTimestamp":"2024-04-27T17:52:53.2523281Z"},"ConditionSubClassId":{"Value":null,"SourceTimestamp":"2024-04-27T17:52:53.2523281Z"},"ConditionSubClassName":{"Value":null,"SourceTimestamp":"2024-04-27T17:52:53.2523281Z"},"EventId":{"Value":"SuA4gIiAhUiKR4q9ffbfyw==","SourceTimestamp":"2024-04-27T17:52:53.2523281Z"},"EventType":{"Value":{"Id":10751},"SourceTimestamp":"2024-04-27T17:52:53.2523281Z"},"LocalTime":{"Value":{"Offset":120,"DaylightSavingInOffset":true},"SourceTimestamp":"2024-04-27T17:52:53.2523281Z"},"Message":{"Value":"The alarm severity has increased.","SourceTimestamp":"2024-04-27T17:52:53.2523281Z"},"ReceiveTime":{"Value":"2024-04-27T17:52:52.3164527Z","SourceTimestamp":"2024-04-27T17:52:53.2523281Z"},"Severity":{"Value":300,"SourceTimestamp":"2024-04-27T17:52:53.2523281Z"},"SourceName":{"Value":"SouthMotor","SourceTimestamp":"2024-04-27T17:52:53.2523281Z"},"SourceNode":{"Value":{"IdType":1,"Id":"1:Metals/SouthMotor","Namespace":"http://opcfoundation.org/AlarmCondition"},"SourceTimestamp":"2024-04-27T17:52:53.2523281Z"},"Time":{"Value":"2024-04-27T17:52:52.3164455Z","SourceTimestamp":"2024-04-27T17:52:53.2523281Z"}}]