[{"ConditionClassId":{"Value":null,"SourceTimestamp":"2024-04-27T17:52:56.2950845Z"},"ConditionClassName":{"Value":null,"SourceTimestamp":"2024-04-27T17:52:56.2950845Z"},"ConditionSubClassId":{"Value":null,"SourceTimestamp":"2024-04-27T17:52:56.2950845Z"},"ConditionSubClassName":{"Value":null,"SourceTimestamp":"2024-04-27T17:52:56.2950845Z"},"EventId":{"Value":"QWSJl1cKqECdZSmSphf5tA==","SourceTimestamp":"2024-04-27T17:52:56.2950845Z"},"EventType":{"Value":{"Id":9764},"SourceTimestamp":"2024-04-27T17:52:56.2950845Z"},"LocalTime":{"Value":{"Offset":120,"DaylightSavingInOffset":true},"SourceTimestamp":"2024-04-27T17:52:56.2950845Z"},"Message":{"Value":"The alarm is active.","SourceTimestamp":"2024-04-27T17:52:56.2950845Z"},"ReceiveTime":{"Value":"2024-04-27T17:52:55.3178258Z","SourceTimestamp":"2024-04-27T17:52:56.2950845Z"},"Severity":{"Value":100,"SourceTimestamp":"2024-04-27T17:52:56.2950845Z"},"SourceName":{"Value":"SouthMotor","SourceTimestamp":"2024-04-27T17:52:56.2950845Z"},"SourceNode":{"Value":{"IdType":1,"Id":"1:Metals/SouthMotor","Namespace":"http://opcfoundation.org/AlarmCondition"},"SourceTimestamp":"2024-04-27T17:52:56.2950845Z"},"Time":{"Value":"2024-04-27T17:52:55.3178198Z","SourceTimestamp":"2024-04-27T17:52:56.2950845Z"}}]