[{"ConditionClassId":{"Value":null,"SourceTimestamp":"2024-04-27T17:53:10.27982Z"},"ConditionClassName":{"Value":null,"SourceTimestamp":"2024-04-27T17:53:10.27982Z"},"ConditionSubClassId":{"Value":null,"SourceTimestamp":"2024-04-27T17:53:10.27982Z"},"ConditionSubClassName":{"Value":null,"SourceTimestamp":"2024-04-27T17:53:10.27982Z"},"EventId":{"Value":"uS50PndVXUqLtaglr44/3w==","SourceTimestamp":"2024-04-27T17:53:10.27982Z"},"EventType":{"Value":{"Id":9764},"SourceTimestamp":"2024-04-27T17:53:10.27982Z"},"LocalTime":{"Value":{"Offset":120,"DaylightSavingInOffset":true},"SourceTimestamp":"2024-04-27T17:53:10.27982Z"},"Message":{"Value":"The alarm severity has increased.","SourceTimestamp":"2024-04-27T17:53:10.27982Z"},"ReceiveTime":{"Value":"2024-04-27T17:53:09.3157451Z","SourceTimestamp":"2024-04-27T17:53:10.27982Z"},"Severity":{"Value":900,"SourceTimestamp":"2024-04-27T17:53:10.27982Z"},"SourceName":{"Value":"EastTank","SourceTimestamp":"2024-04-27T17:53:10.27982Z"},"SourceNode":{"Value":{"IdType":1,"Id":"1:Colours/EastTank","Namespace":"http://opcfoundation.org/AlarmCondition"},"SourceTimestamp":"2024-04-27T17:53:10.27982Z"},"Time":{"Value":"2024-04-27T17:53:09.3157328Z","SourceTimestamp":"2024-04-27T17:53:10.27982Z"}}]