[{"ConditionClassId":{"Value":null,"SourceTimestamp":"2024-04-27T17:53:10.27982Z"},"ConditionClassName":{"Value":null,"SourceTimestamp":"2024-04-27T17:53:10.27982Z"},"ConditionSubClassId":{"Value":null,"SourceTimestamp":"2024-04-27T17:53:10.27982Z"},"ConditionSubClassName":{"Value":null,"SourceTimestamp":"2024-04-27T17:53:10.27982Z"},"EventId":{"Value":"qwdt3kw0okWwm6Mg87ABYQ==","SourceTimestamp":"2024-04-27T17:53:10.27982Z"},"EventType":{"Value":{"Id":9764},"SourceTimestamp":"2024-04-27T17:53:10.27982Z"},"LocalTime":{"Value":{"Offset":120,"DaylightSavingInOffset":true},"SourceTimestamp":"2024-04-27T17:53:10.27982Z"},"Message":{"Value":"The alarm severity has increased.","SourceTimestamp":"2024-04-27T17:53:10.27982Z"},"ReceiveTime":{"Value":"2024-04-27T17:53:09.3162324Z","SourceTimestamp":"2024-04-27T17:53:10.27982Z"},"Severity":{"Value":500,"SourceTimestamp":"2024-04-27T17:53:10.27982Z"},"SourceName":{"Value":"WestTank","SourceTimestamp":"2024-04-27T17:53:10.27982Z"},"SourceNode":{"Value":{"IdType":1,"Id":"1:Metals/WestTank","Namespace":"http://opcfoundation.org/AlarmCondition"},"SourceTimestamp":"2024-04-27T17:53:10.27982Z"},"Time":{"Value":"2024-04-27T17:53:09.316228Z","SourceTimestamp":"2024-04-27T17:53:10.27982Z"}}]