[{"ConditionClassId":{"Value":null,"SourceTimestamp":"2024-04-27T17:53:10.27982Z"},"ConditionClassName":{"Value":null,"SourceTimestamp":"2024-04-27T17:53:10.27982Z"},"ConditionSubClassId":{"Value":null,"SourceTimestamp":"2024-04-27T17:53:10.27982Z"},"ConditionSubClassName":{"Value":null,"SourceTimestamp":"2024-04-27T17:53:10.27982Z"},"EventId":{"Value":"KsrDlriRU0+xF6f3KBVGuA==","SourceTimestamp":"2024-04-27T17:53:10.27982Z"},"EventType":{"Value":{"Id":10751},"SourceTimestamp":"2024-04-27T17:53:10.27982Z"},"LocalTime":{"Value":{"Offset":120,"DaylightSavingInOffset":true},"SourceTimestamp":"2024-04-27T17:53:10.27982Z"},"Message":{"Value":"The alarm severity has increased.","SourceTimestamp":"2024-04-27T17:53:10.27982Z"},"ReceiveTime":{"Value":"2024-04-27T17:53:09.3160377Z","SourceTimestamp":"2024-04-27T17:53:10.27982Z"},"Severity":{"Value":500,"SourceTimestamp":"2024-04-27T17:53:10.27982Z"},"SourceName":{"Value":"EastTank","SourceTimestamp":"2024-04-27T17:53:10.27982Z"},"SourceNode":{"Value":{"IdType":1,"Id":"1:Colours/EastTank","Namespace":"http://opcfoundation.org/AlarmCondition"},"SourceTimestamp":"2024-04-27T17:53:10.27982Z"},"Time":{"Value":"2024-04-27T17:53:09.315736Z","SourceTimestamp":"2024-04-27T17:53:10.27982Z"}}]