[{"ConditionClassId":{"Value":null,"SourceTimestamp":"2024-04-27T17:53:20.2515454Z"},"ConditionClassName":{"Value":null,"SourceTimestamp":"2024-04-27T17:53:20.2515454Z"},"ConditionSubClassId":{"Value":null,"SourceTimestamp":"2024-04-27T17:53:20.2515454Z"},"ConditionSubClassName":{"Value":null,"SourceTimestamp":"2024-04-27T17:53:20.2515454Z"},"EventId":{"Value":"9p8pyBEDx0KZBGVrWRNYLQ==","SourceTimestamp":"2024-04-27T17:53:20.2515454Z"},"EventType":{"Value":{"Id":10751},"SourceTimestamp":"2024-04-27T17:53:20.2515454Z"},"LocalTime":{"Value":{"Offset":120,"DaylightSavingInOffset":true},"SourceTimestamp":"2024-04-27T17:53:20.2515454Z"},"Message":{"Value":"The alarm severity has increased.","SourceTimestamp":"2024-04-27T17:53:20.2515454Z"},"ReceiveTime":{"Value":"2024-04-27T17:53:19.3097622Z","SourceTimestamp":"2024-04-27T17:53:20.2515454Z"},"Severity":{"Value":900,"SourceTimestamp":"2024-04-27T17:53:20.2515454Z"},"SourceName":{"Value":"SouthMotor","SourceTimestamp":"2024-04-27T17:53:20.2515454Z"},"SourceNode":{"Value":{"IdType":1,"Id":"1:Metals/SouthMotor","Namespace":"http://opcfoundation.org/AlarmCondition"},"SourceTimestamp":"2024-04-27T17:53:20.2515454Z"},"Time":{"Value":"2024-04-27T17:53:19.3097591Z","SourceTimestamp":"2024-04-27T17:53:20.2515454Z"}}]