[{"ConditionClassId":{"Value":null,"SourceTimestamp":"2024-04-27T17:53:20.2515454Z"},"ConditionClassName":{"Value":null,"SourceTimestamp":"2024-04-27T17:53:20.2515454Z"},"ConditionSubClassId":{"Value":null,"SourceTimestamp":"2024-04-27T17:53:20.2515454Z"},"ConditionSubClassName":{"Value":null,"SourceTimestamp":"2024-04-27T17:53:20.2515454Z"},"EventId":{"Value":"KKXkVC2VZUugvnHEGaK6dw==","SourceTimestamp":"2024-04-27T17:53:20.2515454Z"},"EventType":{"Value":{"Id":10751},"SourceTimestamp":"2024-04-27T17:53:20.2515454Z"},"LocalTime":{"Value":{"Offset":120,"DaylightSavingInOffset":true},"SourceTimestamp":"2024-04-27T17:53:20.2515454Z"},"Message":{"Value":"The alarm severity has increased.","SourceTimestamp":"2024-04-27T17:53:20.2515454Z"},"ReceiveTime":{"Value":"2024-04-27T17:53:19.309358Z","SourceTimestamp":"2024-04-27T17:53:20.2515454Z"},"Severity":{"Value":700,"SourceTimestamp":"2024-04-27T17:53:20.2515454Z"},"SourceName":{"Value":"EastTank","SourceTimestamp":"2024-04-27T17:53:20.2515454Z"},"SourceNode":{"Value":{"IdType":1,"Id":"1:Colours/EastTank","Namespace":"http://opcfoundation.org/AlarmCondition"},"SourceTimestamp":"2024-04-27T17:53:20.2515454Z"},"Time":{"Value":"2024-04-27T17:53:19.3086965Z","SourceTimestamp":"2024-04-27T17:53:20.2515454Z"}}]