[{"ConditionClassId":{"Value":null,"SourceTimestamp":"2024-04-27T17:53:29.290863Z"},"ConditionClassName":{"Value":null,"SourceTimestamp":"2024-04-27T17:53:29.290863Z"},"ConditionSubClassId":{"Value":null,"SourceTimestamp":"2024-04-27T17:53:29.290863Z"},"ConditionSubClassName":{"Value":null,"SourceTimestamp":"2024-04-27T17:53:29.290863Z"},"EventId":{"Value":"BCjNwVuKY0aQcKmvpwQhxw==","SourceTimestamp":"2024-04-27T17:53:29.290863Z"},"EventType":{"Value":{"Id":10751},"SourceTimestamp":"2024-04-27T17:53:29.290863Z"},"LocalTime":{"Value":{"Offset":120,"DaylightSavingInOffset":true},"SourceTimestamp":"2024-04-27T17:53:29.290863Z"},"Message":{"Value":"The alarm severity has increased.","SourceTimestamp":"2024-04-27T17:53:29.290863Z"},"ReceiveTime":{"Value":"2024-04-27T17:53:28.3141187Z","SourceTimestamp":"2024-04-27T17:53:29.290863Z"},"Severity":{"Value":700,"SourceTimestamp":"2024-04-27T17:53:29.290863Z"},"SourceName":{"Value":"NorthMotor","SourceTimestamp":"2024-04-27T17:53:29.290863Z"},"SourceNode":{"Value":{"IdType":1,"Id":"1:Colours/NorthMotor","Namespace":"http://opcfoundation.org/AlarmCondition"},"SourceTimestamp":"2024-04-27T17:53:29.290863Z"},"Time":{"Value":"2024-04-27T17:53:28.3140082Z","SourceTimestamp":"2024-04-27T17:53:29.290863Z"}}]