{"NodeId":"nsu=http://opcfoundation.org/UA/Plc/Applications;s=SlowRandomUIntScalar3","EndpointUrl":"opc.tcp://localhost:61457/UA/SampleServer","ApplicationUri":"urn:desktop-bgfjs91:OPCFoundation:CoreSampleServer","DisplayName":"nsu=http://opcfoundation.org/UA/Plc/Applications;s=SlowRandomUIntScalar3","Timestamp":"2024-04-27T09:58:10.8377255Z","Value":{"Value":439765583,"SourceTimestamp":"2024-04-27T09:58:09.9586465Z","ServerTimestamp":"2024-04-27T09:58:09.9586471Z"},"SequenceNumber":7,"ExtensionFields":{}}