{"NodeId":"nsu=http://opcfoundation.org/UA/Plc/Applications;s=RandomSignedInt32","EndpointUrl":"opc.tcp://localhost:61457/UA/SampleServer","ApplicationUri":"urn:desktop-bgfjs91:OPCFoundation:CoreSampleServer","DisplayName":"nsu=http://opcfoundation.org/UA/Plc/Applications;s=RandomSignedInt32","Timestamp":"2024-04-27T09:58:11.8237209Z","Value":{"Value":-46258743,"SourceTimestamp":"2024-04-27T09:58:11.7611777Z","ServerTimestamp":"2024-04-27T09:58:11.7611786Z"},"SequenceNumber":96,"ExtensionFields":{}}