{"NodeId":"nsu=http://opcfoundation.org/UA/Plc/Applications;s=FastRandomUIntScalar2","EndpointUrl":"opc.tcp://localhost:61457/UA/SampleServer","ApplicationUri":"urn:desktop-bgfjs91:OPCFoundation:CoreSampleServer","DisplayName":"nsu=http://opcfoundation.org/UA/Plc/Applications;s=FastRandomUIntScalar2","Timestamp":"2024-04-27T09:58:01.7834457Z","Value":{"Value":126014947,"SourceTimestamp":"2024-04-27T09:58:00.9588681Z","ServerTimestamp":"2024-04-27T09:58:00.9588706Z"},"SequenceNumber":11,"ExtensionFields":{}}