{"NodeId":"nsu=http://opcfoundation.org/UA/Plc/Applications;s=FastRandomUIntScalar1","EndpointUrl":"opc.tcp://localhost:61457/UA/SampleServer","ApplicationUri":"urn:desktop-bgfjs91:OPCFoundation:CoreSampleServer","DisplayName":"nsu=http://opcfoundation.org/UA/Plc/Applications;s=FastRandomUIntScalar1","Timestamp":"2024-04-27T09:58:11.8237209Z","Value":{"Value":3966661378,"SourceTimestamp":"2024-04-27T09:58:10.9591001Z","ServerTimestamp":"2024-04-27T09:58:10.9591008Z"},"SequenceNumber":102,"ExtensionFields":{}}