{"NodeId":"nsu=http://opcfoundation.org/UA/Plc/Applications;s=FastRandomUIntScalar3","EndpointUrl":"opc.tcp://localhost:61457/UA/SampleServer","ApplicationUri":"urn:desktop-bgfjs91:OPCFoundation:CoreSampleServer","DisplayName":"nsu=http://opcfoundation.org/UA/Plc/Applications;s=FastRandomUIntScalar3","Timestamp":"2024-04-27T09:58:11.8237209Z","Value":{"Value":3356832018,"SourceTimestamp":"2024-04-27T09:58:10.9591047Z","ServerTimestamp":"2024-04-27T09:58:10.9591054Z"},"SequenceNumber":104,"ExtensionFields":{}}