{"NodeId":"nsu=http://opcfoundation.org/UA/Plc/Applications;s=FastRandomUIntScalar1","EndpointUrl":"opc.tcp://localhost:61457/UA/SampleServer","ApplicationUri":"urn:desktop-bgfjs91:OPCFoundation:CoreSampleServer","DisplayName":"nsu=http://opcfoundation.org/UA/Plc/Applications;s=FastRandomUIntScalar1","Timestamp":"2024-04-27T09:58:12.8171431Z","Value":{"Value":1858765148,"SourceTimestamp":"2024-04-27T09:58:11.9624183Z","ServerTimestamp":"2024-04-27T09:58:11.9624257Z"},"SequenceNumber":113,"ExtensionFields":{}}