{"NodeId":"nsu=http://opcfoundation.org/UA/Plc/Applications;s=FastRandomUIntScalar3","EndpointUrl":"opc.tcp://localhost:61457/UA/SampleServer","ApplicationUri":"urn:desktop-bgfjs91:OPCFoundation:CoreSampleServer","DisplayName":"nsu=http://opcfoundation.org/UA/Plc/Applications;s=FastRandomUIntScalar3","Timestamp":"2024-04-27T09:58:12.8171431Z","Value":{"Value":1635672663,"SourceTimestamp":"2024-04-27T09:58:11.9624351Z","ServerTimestamp":"2024-04-27T09:58:11.9624402Z"},"SequenceNumber":115,"ExtensionFields":{}}