{"NodeId":"nsu=http://opcfoundation.org/UA/Plc/Applications;s=RandomUnsignedInt32","EndpointUrl":"opc.tcp://localhost:61457/UA/SampleServer","ApplicationUri":"urn:desktop-bgfjs91:OPCFoundation:CoreSampleServer","DisplayName":"nsu=http://opcfoundation.org/UA/Plc/Applications;s=RandomUnsignedInt32","Timestamp":"2024-04-27T09:58:14.7939976Z","Value":{"Value":400066882,"SourceTimestamp":"2024-04-27T09:58:14.7631164Z","ServerTimestamp":"2024-04-27T09:58:14.7631178Z"},"SequenceNumber":130,"ExtensionFields":{}}