{"NodeId":"nsu=http://opcfoundation.org/UA/Plc/Applications;s=FastRandomUIntScalar3","EndpointUrl":"opc.tcp://localhost:61457/UA/SampleServer","ApplicationUri":"urn:desktop-bgfjs91:OPCFoundation:CoreSampleServer","DisplayName":"nsu=http://opcfoundation.org/UA/Plc/Applications;s=FastRandomUIntScalar3","Timestamp":"2024-04-27T09:58:14.7939976Z","Value":{"Value":3080799989,"SourceTimestamp":"2024-04-27T09:58:13.9594066Z","ServerTimestamp":"2024-04-27T09:58:13.9594081Z"},"SequenceNumber":137,"ExtensionFields":{}}