{"NodeId":"nsu=http://opcfoundation.org/UA/Plc/Applications;s=RandomSignedInt32","EndpointUrl":"opc.tcp://localhost:61457/UA/SampleServer","ApplicationUri":"urn:desktop-bgfjs91:OPCFoundation:CoreSampleServer","DisplayName":"nsu=http://opcfoundation.org/UA/Plc/Applications;s=RandomSignedInt32","Timestamp":"2024-04-27T09:58:15.7845408Z","Value":{"Value":-1536758113,"SourceTimestamp":"2024-04-27T09:58:15.7679413Z","ServerTimestamp":"2024-04-27T09:58:15.7679669Z"},"SequenceNumber":141,"ExtensionFields":{}}