{"NodeId":"nsu=http://opcfoundation.org/UA/Plc/Applications;s=FastRandomUIntScalar1","EndpointUrl":"opc.tcp://localhost:61457/UA/SampleServer","ApplicationUri":"urn:desktop-bgfjs91:OPCFoundation:CoreSampleServer","DisplayName":"nsu=http://opcfoundation.org/UA/Plc/Applications;s=FastRandomUIntScalar1","Timestamp":"2024-04-27T09:58:15.7845408Z","Value":{"Value":343021570,"SourceTimestamp":"2024-04-27T09:58:14.9626457Z","ServerTimestamp":"2024-04-27T09:58:14.9626602Z"},"SequenceNumber":147,"ExtensionFields":{}}