{"NodeId":"nsu=http://opcfoundation.org/UA/Plc/Applications;s=NegativeTrendData","EndpointUrl":"opc.tcp://localhost:61457/UA/SampleServer","ApplicationUri":"urn:desktop-bgfjs91:OPCFoundation:CoreSampleServer","DisplayName":"nsu=http://opcfoundation.org/UA/Plc/Applications;s=NegativeTrendData","Timestamp":"2024-04-27T09:58:15.7845408Z","Value":{"Value":99.900000000000006,"SourceTimestamp":"2024-04-27T09:58:15.0702972Z","ServerTimestamp":"2024-04-27T09:58:15.0703387Z"},"SequenceNumber":150,"ExtensionFields":{}}