{"NodeId":"nsu=http://opcfoundation.org/UA/Plc/Applications;s=RandomSignedInt32","EndpointUrl":"opc.tcp://localhost:61457/UA/SampleServer","ApplicationUri":"urn:desktop-bgfjs91:OPCFoundation:CoreSampleServer","DisplayName":"nsu=http://opcfoundation.org/UA/Plc/Applications;s=RandomSignedInt32","Timestamp":"2024-04-27T09:58:17.7649574Z","Value":{"Value":-1168004274,"SourceTimestamp":"2024-04-27T09:58:17.6704935Z","ServerTimestamp":"2024-04-27T09:58:17.6704963Z"},"SequenceNumber":153,"ExtensionFields":{}}