{"NodeId":"nsu=http://opcfoundation.org/UA/Plc/Applications;s=RandomUnsignedInt32","EndpointUrl":"opc.tcp://localhost:61457/UA/SampleServer","ApplicationUri":"urn:desktop-bgfjs91:OPCFoundation:CoreSampleServer","DisplayName":"nsu=http://opcfoundation.org/UA/Plc/Applications;s=RandomUnsignedInt32","Timestamp":"2024-04-27T09:58:17.7649574Z","Value":{"Value":131964293,"SourceTimestamp":"2024-04-27T09:58:17.6705054Z","ServerTimestamp":"2024-04-27T09:58:17.6705063Z"},"SequenceNumber":154,"ExtensionFields":{}}