{"NodeId":"nsu=http://opcfoundation.org/UA/Plc/Applications;s=FastRandomUIntScalar1","EndpointUrl":"opc.tcp://localhost:61457/UA/SampleServer","ApplicationUri":"urn:desktop-bgfjs91:OPCFoundation:CoreSampleServer","DisplayName":"nsu=http://opcfoundation.org/UA/Plc/Applications;s=FastRandomUIntScalar1","Timestamp":"2024-04-27T09:58:17.7649574Z","Value":{"Value":3861889826,"SourceTimestamp":"2024-04-27T09:58:16.9726325Z","ServerTimestamp":"2024-04-27T09:58:16.9726771Z"},"SequenceNumber":159,"ExtensionFields":{}}