{"NodeId":"nsu=http://opcfoundation.org/UA/Plc/Applications;s=RandomSignedInt32","EndpointUrl":"opc.tcp://localhost:61457/UA/SampleServer","ApplicationUri":"urn:desktop-bgfjs91:OPCFoundation:CoreSampleServer","DisplayName":"nsu=http://opcfoundation.org/UA/Plc/Applications;s=RandomSignedInt32","Timestamp":"2024-04-27T09:58:18.8136356Z","Value":{"Value":-1709130166,"SourceTimestamp":"2024-04-27T09:58:18.7663281Z","ServerTimestamp":"2024-04-27T09:58:18.7663567Z"},"SequenceNumber":164,"ExtensionFields":{}}