{"NodeId":"nsu=http://opcfoundation.org/UA/Plc/Applications;s=RandomUnsignedInt32","EndpointUrl":"opc.tcp://localhost:61457/UA/SampleServer","ApplicationUri":"urn:desktop-bgfjs91:OPCFoundation:CoreSampleServer","DisplayName":"nsu=http://opcfoundation.org/UA/Plc/Applications;s=RandomUnsignedInt32","Timestamp":"2024-04-27T09:58:18.8136356Z","Value":{"Value":1132691292,"SourceTimestamp":"2024-04-27T09:58:18.7663167Z","ServerTimestamp":"2024-04-27T09:58:18.7663179Z"},"SequenceNumber":165,"ExtensionFields":{}}