{"NodeId":"nsu=http://opcfoundation.org/UA/Plc/Applications;s=FastRandomUIntScalar1","EndpointUrl":"opc.tcp://localhost:61457/UA/SampleServer","ApplicationUri":"urn:desktop-bgfjs91:OPCFoundation:CoreSampleServer","DisplayName":"nsu=http://opcfoundation.org/UA/Plc/Applications;s=FastRandomUIntScalar1","Timestamp":"2024-04-27T09:58:18.8136356Z","Value":{"Value":2704037186,"SourceTimestamp":"2024-04-27T09:58:17.965151Z","ServerTimestamp":"2024-04-27T09:58:17.9651644Z"},"SequenceNumber":170,"ExtensionFields":{}}