{"NodeId":"nsu=http://opcfoundation.org/UA/Plc/Applications;s=FastRandomUIntScalar2","EndpointUrl":"opc.tcp://localhost:61457/UA/SampleServer","ApplicationUri":"urn:desktop-bgfjs91:OPCFoundation:CoreSampleServer","DisplayName":"nsu=http://opcfoundation.org/UA/Plc/Applications;s=FastRandomUIntScalar2","Timestamp":"2024-04-27T09:58:18.8136356Z","Value":{"Value":3105205894,"SourceTimestamp":"2024-04-27T09:58:17.9651679Z","ServerTimestamp":"2024-04-27T09:58:17.9651684Z"},"SequenceNumber":171,"ExtensionFields":{}}