{"NodeId":"nsu=http://opcfoundation.org/UA/Plc/Applications;s=RandomUnsignedInt32","EndpointUrl":"opc.tcp://localhost:61457/UA/SampleServer","ApplicationUri":"urn:desktop-bgfjs91:OPCFoundation:CoreSampleServer","DisplayName":"nsu=http://opcfoundation.org/UA/Plc/Applications;s=RandomUnsignedInt32","Timestamp":"2024-04-27T09:58:19.7988942Z","Value":{"Value":947530659,"SourceTimestamp":"2024-04-27T09:58:19.7668021Z","ServerTimestamp":"2024-04-27T09:58:19.7668046Z"},"SequenceNumber":176,"ExtensionFields":{}}