{"NodeId":"nsu=http://opcfoundation.org/UA/Plc/Applications;s=FastRandomUIntScalar3","EndpointUrl":"opc.tcp://localhost:61457/UA/SampleServer","ApplicationUri":"urn:desktop-bgfjs91:OPCFoundation:CoreSampleServer","DisplayName":"nsu=http://opcfoundation.org/UA/Plc/Applications;s=FastRandomUIntScalar3","Timestamp":"2024-04-27T09:58:19.7988942Z","Value":{"Value":1205848202,"SourceTimestamp":"2024-04-27T09:58:18.9672284Z","ServerTimestamp":"2024-04-27T09:58:18.9672298Z"},"SequenceNumber":183,"ExtensionFields":{}}