{"NodeId":"nsu=http://opcfoundation.org/UA/Plc/Applications;s=RandomUnsignedInt32","EndpointUrl":"opc.tcp://localhost:61457/UA/SampleServer","ApplicationUri":"urn:desktop-bgfjs91:OPCFoundation:CoreSampleServer","DisplayName":"nsu=http://opcfoundation.org/UA/Plc/Applications;s=RandomUnsignedInt32","Timestamp":"2024-04-27T09:58:20.7918255Z","Value":{"Value":1760918685,"SourceTimestamp":"2024-04-27T09:58:20.760829Z","ServerTimestamp":"2024-04-27T09:58:20.7608302Z"},"SequenceNumber":188,"ExtensionFields":{}}