{"NodeId":"nsu=http://opcfoundation.org/UA/Plc/Applications;s=PositiveTrendData","EndpointUrl":"opc.tcp://localhost:61457/UA/SampleServer","ApplicationUri":"urn:desktop-bgfjs91:OPCFoundation:CoreSampleServer","DisplayName":"nsu=http://opcfoundation.org/UA/Plc/Applications;s=PositiveTrendData","Timestamp":"2024-04-27T09:58:20.7918255Z","Value":{"Value":100.09999999999999,"SourceTimestamp":"2024-04-27T09:58:20.0614696Z","ServerTimestamp":"2024-04-27T09:58:20.0614736Z"},"SequenceNumber":197,"ExtensionFields":{}}