{"NodeId":"nsu=http://opcfoundation.org/UA/Plc/Applications;s=RandomSignedInt32","EndpointUrl":"opc.tcp://localhost:61457/UA/SampleServer","ApplicationUri":"urn:desktop-bgfjs91:OPCFoundation:CoreSampleServer","DisplayName":"nsu=http://opcfoundation.org/UA/Plc/Applications;s=RandomSignedInt32","Timestamp":"2024-04-27T09:58:21.7814319Z","Value":{"Value":-1996310749,"SourceTimestamp":"2024-04-27T09:58:21.7655474Z","ServerTimestamp":"2024-04-27T09:58:21.7655831Z"},"SequenceNumber":200,"ExtensionFields":{}}