{"NodeId":"nsu=http://opcfoundation.org/UA/Plc/Applications;s=RandomUnsignedInt32","EndpointUrl":"opc.tcp://localhost:61457/UA/SampleServer","ApplicationUri":"urn:desktop-bgfjs91:OPCFoundation:CoreSampleServer","DisplayName":"nsu=http://opcfoundation.org/UA/Plc/Applications;s=RandomUnsignedInt32","Timestamp":"2024-04-27T09:58:21.7814319Z","Value":{"Value":628789524,"SourceTimestamp":"2024-04-27T09:58:21.7655546Z","ServerTimestamp":"2024-04-27T09:58:21.7655626Z"},"SequenceNumber":201,"ExtensionFields":{}}