{"NodeId":"nsu=http://opcfoundation.org/UA/Plc/Applications;s=FastRandomUIntScalar1","EndpointUrl":"opc.tcp://localhost:61457/UA/SampleServer","ApplicationUri":"urn:desktop-bgfjs91:OPCFoundation:CoreSampleServer","DisplayName":"nsu=http://opcfoundation.org/UA/Plc/Applications;s=FastRandomUIntScalar1","Timestamp":"2024-04-27T09:58:21.7814319Z","Value":{"Value":619582515,"SourceTimestamp":"2024-04-27T09:58:20.9606428Z","ServerTimestamp":"2024-04-27T09:58:20.9606438Z"},"SequenceNumber":206,"ExtensionFields":{}}