{"NodeId":"nsu=http://opcfoundation.org/UA/Plc/Applications;s=RandomSignedInt32","EndpointUrl":"opc.tcp://localhost:61457/UA/SampleServer","ApplicationUri":"urn:desktop-bgfjs91:OPCFoundation:CoreSampleServer","DisplayName":"nsu=http://opcfoundation.org/UA/Plc/Applications;s=RandomSignedInt32","Timestamp":"2024-04-27T09:58:23.7691354Z","Value":{"Value":-1760286079,"SourceTimestamp":"2024-04-27T09:58:23.6606006Z","ServerTimestamp":"2024-04-27T09:58:23.6606076Z"},"SequenceNumber":211,"ExtensionFields":{}}