{"NodeId":"nsu=http://opcfoundation.org/UA/Plc/Applications;s=RandomUnsignedInt32","EndpointUrl":"opc.tcp://localhost:61457/UA/SampleServer","ApplicationUri":"urn:desktop-bgfjs91:OPCFoundation:CoreSampleServer","DisplayName":"nsu=http://opcfoundation.org/UA/Plc/Applications;s=RandomUnsignedInt32","Timestamp":"2024-04-27T09:58:23.7691354Z","Value":{"Value":139032930,"SourceTimestamp":"2024-04-27T09:58:23.6606018Z","ServerTimestamp":"2024-04-27T09:58:23.6606028Z"},"SequenceNumber":212,"ExtensionFields":{}}