{"NodeId":"nsu=http://opcfoundation.org/UA/Plc/Applications;s=FastRandomUIntScalar2","EndpointUrl":"opc.tcp://localhost:61457/UA/SampleServer","ApplicationUri":"urn:desktop-bgfjs91:OPCFoundation:CoreSampleServer","DisplayName":"nsu=http://opcfoundation.org/UA/Plc/Applications;s=FastRandomUIntScalar2","Timestamp":"2024-04-27T09:58:23.7691354Z","Value":{"Value":2754355064,"SourceTimestamp":"2024-04-27T09:58:22.9608092Z","ServerTimestamp":"2024-04-27T09:58:22.9608097Z"},"SequenceNumber":218,"ExtensionFields":{}}