{"NodeId":"nsu=http://opcfoundation.org/UA/Plc/Applications;s=RandomUnsignedInt32","EndpointUrl":"opc.tcp://localhost:61457/UA/SampleServer","ApplicationUri":"urn:desktop-bgfjs91:OPCFoundation:CoreSampleServer","DisplayName":"nsu=http://opcfoundation.org/UA/Plc/Applications;s=RandomUnsignedInt32","Timestamp":"2024-04-27T09:58:24.8177549Z","Value":{"Value":305733412,"SourceTimestamp":"2024-04-27T09:58:24.7724066Z","ServerTimestamp":"2024-04-27T09:58:24.7724082Z"},"SequenceNumber":223,"ExtensionFields":{}}