{"NodeId":"nsu=http://opcfoundation.org/UA/Plc/Applications;s=FastRandomUIntScalar1","EndpointUrl":"opc.tcp://localhost:61457/UA/SampleServer","ApplicationUri":"urn:desktop-bgfjs91:OPCFoundation:CoreSampleServer","DisplayName":"nsu=http://opcfoundation.org/UA/Plc/Applications;s=FastRandomUIntScalar1","Timestamp":"2024-04-27T09:58:24.8177549Z","Value":{"Value":4189397793,"SourceTimestamp":"2024-04-27T09:58:23.9709815Z","ServerTimestamp":"2024-04-27T09:58:23.9710671Z"},"SequenceNumber":228,"ExtensionFields":{}}