{"NodeId":"nsu=http://opcfoundation.org/UA/Plc/Applications;s=FastRandomUIntScalar2","EndpointUrl":"opc.tcp://localhost:61457/UA/SampleServer","ApplicationUri":"urn:desktop-bgfjs91:OPCFoundation:CoreSampleServer","DisplayName":"nsu=http://opcfoundation.org/UA/Plc/Applications;s=FastRandomUIntScalar2","Timestamp":"2024-04-27T09:58:24.8177549Z","Value":{"Value":3666728391,"SourceTimestamp":"2024-04-27T09:58:23.9710726Z","ServerTimestamp":"2024-04-27T09:58:23.9710738Z"},"SequenceNumber":229,"ExtensionFields":{}}