{"NodeId":"nsu=http://opcfoundation.org/UA/Plc/Applications;s=FastRandomUIntScalar3","EndpointUrl":"opc.tcp://localhost:61457/UA/SampleServer","ApplicationUri":"urn:desktop-bgfjs91:OPCFoundation:CoreSampleServer","DisplayName":"nsu=http://opcfoundation.org/UA/Plc/Applications;s=FastRandomUIntScalar3","Timestamp":"2024-04-27T09:58:25.8064507Z","Value":{"Value":2475316885,"SourceTimestamp":"2024-04-27T09:58:24.9696038Z","ServerTimestamp":"2024-04-27T09:58:24.9696044Z"},"SequenceNumber":242,"ExtensionFields":{}}