{"NodeId":"nsu=http://opcfoundation.org/UA/Plc/Applications;s=RandomSignedInt32","EndpointUrl":"opc.tcp://localhost:61457/UA/SampleServer","ApplicationUri":"urn:desktop-bgfjs91:OPCFoundation:CoreSampleServer","DisplayName":"nsu=http://opcfoundation.org/UA/Plc/Applications;s=RandomSignedInt32","Timestamp":"2024-04-27T09:58:26.7949529Z","Value":{"Value":-753337393,"SourceTimestamp":"2024-04-27T09:58:26.7644452Z","ServerTimestamp":"2024-04-27T09:58:26.7644585Z"},"SequenceNumber":247,"ExtensionFields":{}}