{"NodeId":"nsu=http://opcfoundation.org/UA/Plc/Applications;s=RandomUnsignedInt32","EndpointUrl":"opc.tcp://localhost:61457/UA/SampleServer","ApplicationUri":"urn:desktop-bgfjs91:OPCFoundation:CoreSampleServer","DisplayName":"nsu=http://opcfoundation.org/UA/Plc/Applications;s=RandomUnsignedInt32","Timestamp":"2024-04-27T09:58:26.7949529Z","Value":{"Value":1479903260,"SourceTimestamp":"2024-04-27T09:58:26.7644478Z","ServerTimestamp":"2024-04-27T09:58:26.7644556Z"},"SequenceNumber":248,"ExtensionFields":{}}