{"NodeId":"nsu=http://opcfoundation.org/UA/Plc/Applications;s=FastRandomUIntScalar2","EndpointUrl":"opc.tcp://localhost:61457/UA/SampleServer","ApplicationUri":"urn:desktop-bgfjs91:OPCFoundation:CoreSampleServer","DisplayName":"nsu=http://opcfoundation.org/UA/Plc/Applications;s=FastRandomUIntScalar2","Timestamp":"2024-04-27T09:58:26.7949529Z","Value":{"Value":4201132255,"SourceTimestamp":"2024-04-27T09:58:25.961342Z","ServerTimestamp":"2024-04-27T09:58:25.9613429Z"},"SequenceNumber":254,"ExtensionFields":{}}