{"NodeId":"nsu=http://opcfoundation.org/UA/Plc/Applications;s=FastRandomUIntScalar3","EndpointUrl":"opc.tcp://localhost:61457/UA/SampleServer","ApplicationUri":"urn:desktop-bgfjs91:OPCFoundation:CoreSampleServer","DisplayName":"nsu=http://opcfoundation.org/UA/Plc/Applications;s=FastRandomUIntScalar3","Timestamp":"2024-04-27T09:58:29.8095122Z","Value":{"Value":3344279894,"SourceTimestamp":"2024-04-27T09:58:28.9660875Z","ServerTimestamp":"2024-04-27T09:58:28.9660945Z"},"SequenceNumber":277,"ExtensionFields":{}}