{"NodeId":"nsu=http://opcfoundation.org/UA/Plc/Applications;s=RandomSignedInt32","EndpointUrl":"opc.tcp://localhost:61457/UA/SampleServer","ApplicationUri":"urn:desktop-bgfjs91:OPCFoundation:CoreSampleServer","DisplayName":"nsu=http://opcfoundation.org/UA/Plc/Applications;s=RandomSignedInt32","Timestamp":"2024-04-27T09:58:30.8036622Z","Value":{"Value":2020828109,"SourceTimestamp":"2024-04-27T09:58:30.7712547Z","ServerTimestamp":"2024-04-27T09:58:30.7712671Z"},"SequenceNumber":281,"ExtensionFields":{}}