{"NodeId":"nsu=http://opcfoundation.org/UA/Plc/Applications;s=FastRandomUIntScalar1","EndpointUrl":"opc.tcp://localhost:61457/UA/SampleServer","ApplicationUri":"urn:desktop-bgfjs91:OPCFoundation:CoreSampleServer","DisplayName":"nsu=http://opcfoundation.org/UA/Plc/Applications;s=FastRandomUIntScalar1","Timestamp":"2024-04-27T09:58:30.8036622Z","Value":{"Value":1238279679,"SourceTimestamp":"2024-04-27T09:58:29.962786Z","ServerTimestamp":"2024-04-27T09:58:29.9627874Z"},"SequenceNumber":287,"ExtensionFields":{}}