{"NodeId":"nsu=http://opcfoundation.org/UA/Plc/Applications;s=PositiveTrendData","EndpointUrl":"opc.tcp://localhost:61457/UA/SampleServer","ApplicationUri":"urn:desktop-bgfjs91:OPCFoundation:CoreSampleServer","DisplayName":"nsu=http://opcfoundation.org/UA/Plc/Applications;s=PositiveTrendData","Timestamp":"2024-04-27T09:58:30.8036622Z","Value":{"Value":100.3,"SourceTimestamp":"2024-04-27T09:58:30.0708028Z","ServerTimestamp":"2024-04-27T09:58:30.070804Z"},"SequenceNumber":291,"ExtensionFields":{}}