{"NodeId":"nsu=http://opcfoundation.org/UA/Plc/Applications;s=BadSlowRandomUIntScalar1","EndpointUrl":"opc.tcp://localhost:61457/UA/SampleServer","ApplicationUri":"urn:desktop-bgfjs91:OPCFoundation:CoreSampleServer","DisplayName":"nsu=http://opcfoundation.org/UA/Plc/Applications;s=BadSlowRandomUIntScalar1","Timestamp":"2024-04-27T09:58:30.8654283Z","Value":{"Value":1415076786,"SourceTimestamp":"2024-04-27T09:58:29.9628514Z","ServerTimestamp":"2024-04-27T09:58:29.9628519Z"},"SequenceNumber":24,"ExtensionFields":{}}