{"NodeId":"nsu=http://opcfoundation.org/UA/Plc/Applications;s=FastRandomUIntScalar1","EndpointUrl":"opc.tcp://localhost:61457/UA/SampleServer","ApplicationUri":"urn:desktop-bgfjs91:OPCFoundation:CoreSampleServer","DisplayName":"nsu=http://opcfoundation.org/UA/Plc/Applications;s=FastRandomUIntScalar1","Timestamp":"2024-04-27T09:58:31.7947375Z","Value":{"Value":2051416780,"SourceTimestamp":"2024-04-27T09:58:30.9581442Z","ServerTimestamp":"2024-04-27T09:58:30.9581477Z"},"SequenceNumber":300,"ExtensionFields":{}}