{"NodeId":"nsu=http://opcfoundation.org/UA/Plc/Applications;s=FastRandomUIntScalar2","EndpointUrl":"opc.tcp://localhost:61457/UA/SampleServer","ApplicationUri":"urn:desktop-bgfjs91:OPCFoundation:CoreSampleServer","DisplayName":"nsu=http://opcfoundation.org/UA/Plc/Applications;s=FastRandomUIntScalar2","Timestamp":"2024-04-27T09:58:31.7947375Z","Value":{"Value":1748460028,"SourceTimestamp":"2024-04-27T09:58:30.9581691Z","ServerTimestamp":"2024-04-27T09:58:30.95817Z"},"SequenceNumber":301,"ExtensionFields":{}}