{"NodeId":"nsu=http://opcfoundation.org/UA/Plc/Applications;s=RandomSignedInt32","EndpointUrl":"opc.tcp://localhost:61457/UA/SampleServer","ApplicationUri":"urn:desktop-bgfjs91:OPCFoundation:CoreSampleServer","DisplayName":"nsu=http://opcfoundation.org/UA/Plc/Applications;s=RandomSignedInt32","Timestamp":"2024-04-27T09:58:32.7834291Z","Value":{"Value":-895280563,"SourceTimestamp":"2024-04-27T09:58:32.7675315Z","ServerTimestamp":"2024-04-27T09:58:32.7675321Z"},"SequenceNumber":305,"ExtensionFields":{}}