{"NodeId":"nsu=http://opcfoundation.org/UA/Plc/Applications;s=FastRandomUIntScalar1","EndpointUrl":"opc.tcp://localhost:61457/UA/SampleServer","ApplicationUri":"urn:desktop-bgfjs91:OPCFoundation:CoreSampleServer","DisplayName":"nsu=http://opcfoundation.org/UA/Plc/Applications;s=FastRandomUIntScalar1","Timestamp":"2024-04-27T09:58:04.8243679Z","Value":{"Value":1812695715,"SourceTimestamp":"2024-04-27T09:58:03.96473Z","ServerTimestamp":"2024-04-27T09:58:03.9647364Z"},"SequenceNumber":34,"ExtensionFields":{}}