{"NodeId":"nsu=http://opcfoundation.org/UA/Plc/Applications;s=RandomSignedInt32","EndpointUrl":"opc.tcp://localhost:61457/UA/SampleServer","ApplicationUri":"urn:desktop-bgfjs91:OPCFoundation:CoreSampleServer","DisplayName":"nsu=http://opcfoundation.org/UA/Plc/Applications;s=RandomSignedInt32","Timestamp":"2024-04-27T09:58:34.8194911Z","Value":{"Value":-1235952946,"SourceTimestamp":"2024-04-27T09:58:34.7577244Z","ServerTimestamp":"2024-04-27T09:58:34.7577251Z"},"SequenceNumber":316,"ExtensionFields":{}}