{"NodeId":"nsu=http://opcfoundation.org/UA/Plc/Applications;s=FastRandomUIntScalar3","EndpointUrl":"opc.tcp://localhost:61457/UA/SampleServer","ApplicationUri":"urn:desktop-bgfjs91:OPCFoundation:CoreSampleServer","DisplayName":"nsu=http://opcfoundation.org/UA/Plc/Applications;s=FastRandomUIntScalar3","Timestamp":"2024-04-27T09:58:34.8194911Z","Value":{"Value":2962503593,"SourceTimestamp":"2024-04-27T09:58:33.9707163Z","ServerTimestamp":"2024-04-27T09:58:33.9707171Z"},"SequenceNumber":324,"ExtensionFields":{}}