{"NodeId":"nsu=http://opcfoundation.org/UA/Plc/Applications;s=FastRandomUIntScalar3","EndpointUrl":"opc.tcp://localhost:61457/UA/SampleServer","ApplicationUri":"urn:desktop-bgfjs91:OPCFoundation:CoreSampleServer","DisplayName":"nsu=http://opcfoundation.org/UA/Plc/Applications;s=FastRandomUIntScalar3","Timestamp":"2024-04-27T09:58:04.8243679Z","Value":{"Value":3368845306,"SourceTimestamp":"2024-04-27T09:58:03.9647432Z","ServerTimestamp":"2024-04-27T09:58:03.9647491Z"},"SequenceNumber":36,"ExtensionFields":{}}