{"NodeId":"nsu=http://opcfoundation.org/UA/Plc/Applications;s=NegativeTrendData","EndpointUrl":"opc.tcp://localhost:61457/UA/SampleServer","ApplicationUri":"urn:desktop-bgfjs91:OPCFoundation:CoreSampleServer","DisplayName":"nsu=http://opcfoundation.org/UA/Plc/Applications;s=NegativeTrendData","Timestamp":"2024-04-27T09:58:35.8107535Z","Value":{"Value":99.5,"SourceTimestamp":"2024-04-27T09:58:35.0671045Z","ServerTimestamp":"2024-04-27T09:58:35.0671079Z"},"SequenceNumber":337,"ExtensionFields":{}}