{"NodeId":"nsu=http://opcfoundation.org/UA/Plc/Applications;s=RandomSignedInt32","EndpointUrl":"opc.tcp://localhost:61457/UA/SampleServer","ApplicationUri":"urn:desktop-bgfjs91:OPCFoundation:CoreSampleServer","DisplayName":"nsu=http://opcfoundation.org/UA/Plc/Applications;s=RandomSignedInt32","Timestamp":"2024-04-27T09:58:36.7981148Z","Value":{"Value":-532943354,"SourceTimestamp":"2024-04-27T09:58:36.7659946Z","ServerTimestamp":"2024-04-27T09:58:36.7659966Z"},"SequenceNumber":341,"ExtensionFields":{}}