{"NodeId":"nsu=http://opcfoundation.org/UA/Plc/Applications;s=FastRandomUIntScalar2","EndpointUrl":"opc.tcp://localhost:61457/UA/SampleServer","ApplicationUri":"urn:desktop-bgfjs91:OPCFoundation:CoreSampleServer","DisplayName":"nsu=http://opcfoundation.org/UA/Plc/Applications;s=FastRandomUIntScalar2","Timestamp":"2024-04-27T09:58:36.7981148Z","Value":{"Value":3707039311,"SourceTimestamp":"2024-04-27T09:58:35.9634773Z","ServerTimestamp":"2024-04-27T09:58:35.9634785Z"},"SequenceNumber":348,"ExtensionFields":{}}