{"NodeId":"nsu=http://opcfoundation.org/UA/Plc/Applications;s=RandomUnsignedInt32","EndpointUrl":"opc.tcp://localhost:61457/UA/SampleServer","ApplicationUri":"urn:desktop-bgfjs91:OPCFoundation:CoreSampleServer","DisplayName":"nsu=http://opcfoundation.org/UA/Plc/Applications;s=RandomUnsignedInt32","Timestamp":"2024-04-27T09:58:37.7957873Z","Value":{"Value":1047274847,"SourceTimestamp":"2024-04-27T09:58:37.7644721Z","ServerTimestamp":"2024-04-27T09:58:37.7644764Z"},"SequenceNumber":353,"ExtensionFields":{}}