{"NodeId":"nsu=http://opcfoundation.org/UA/Plc/Applications;s=FastRandomUIntScalar2","EndpointUrl":"opc.tcp://localhost:61457/UA/SampleServer","ApplicationUri":"urn:desktop-bgfjs91:OPCFoundation:CoreSampleServer","DisplayName":"nsu=http://opcfoundation.org/UA/Plc/Applications;s=FastRandomUIntScalar2","Timestamp":"2024-04-27T09:58:37.7957873Z","Value":{"Value":1214780044,"SourceTimestamp":"2024-04-27T09:58:36.9703159Z","ServerTimestamp":"2024-04-27T09:58:36.970328Z"},"SequenceNumber":359,"ExtensionFields":{}}