{"NodeId":"nsu=http://opcfoundation.org/UA/Plc/Applications;s=RandomUnsignedInt32","EndpointUrl":"opc.tcp://localhost:61457/UA/SampleServer","ApplicationUri":"urn:desktop-bgfjs91:OPCFoundation:CoreSampleServer","DisplayName":"nsu=http://opcfoundation.org/UA/Plc/Applications;s=RandomUnsignedInt32","Timestamp":"2024-04-27T09:58:38.7868375Z","Value":{"Value":681268341,"SourceTimestamp":"2024-04-27T09:58:38.7709963Z","ServerTimestamp":"2024-04-27T09:58:38.7710035Z"},"SequenceNumber":364,"ExtensionFields":{}}