{"NodeId":"nsu=http://opcfoundation.org/UA/Plc/Applications;s=FastRandomUIntScalar3","EndpointUrl":"opc.tcp://localhost:61457/UA/SampleServer","ApplicationUri":"urn:desktop-bgfjs91:OPCFoundation:CoreSampleServer","DisplayName":"nsu=http://opcfoundation.org/UA/Plc/Applications;s=FastRandomUIntScalar3","Timestamp":"2024-04-27T09:58:38.7868375Z","Value":{"Value":2254139657,"SourceTimestamp":"2024-04-27T09:58:37.9675163Z","ServerTimestamp":"2024-04-27T09:58:37.9675168Z"},"SequenceNumber":371,"ExtensionFields":{}}