{"NodeId":"nsu=http://opcfoundation.org/UA/Plc/Applications;s=RandomSignedInt32","EndpointUrl":"opc.tcp://localhost:61457/UA/SampleServer","ApplicationUri":"urn:desktop-bgfjs91:OPCFoundation:CoreSampleServer","DisplayName":"nsu=http://opcfoundation.org/UA/Plc/Applications;s=RandomSignedInt32","Timestamp":"2024-04-27T09:58:01.7834457Z","Value":{"Value":-1539686088,"SourceTimestamp":"2024-04-27T09:58:01.7676296Z","ServerTimestamp":"2024-04-27T09:58:01.7676329Z"},"SequenceNumber":4,"ExtensionFields":{}}