{"NodeId":"nsu=http://opcfoundation.org/UA/Plc/Applications;s=FastRandomUIntScalar1","EndpointUrl":"opc.tcp://localhost:61457/UA/SampleServer","ApplicationUri":"urn:desktop-bgfjs91:OPCFoundation:CoreSampleServer","DisplayName":"nsu=http://opcfoundation.org/UA/Plc/Applications;s=FastRandomUIntScalar1","Timestamp":"2024-04-27T09:58:40.7657748Z","Value":{"Value":2012187476,"SourceTimestamp":"2024-04-27T09:58:39.9634453Z","ServerTimestamp":"2024-04-27T09:58:39.9634638Z"},"SequenceNumber":381,"ExtensionFields":{}}