{"NodeId":"nsu=http://opcfoundation.org/UA/Plc/Applications;s=FastRandomUIntScalar3","EndpointUrl":"opc.tcp://localhost:61457/UA/SampleServer","ApplicationUri":"urn:desktop-bgfjs91:OPCFoundation:CoreSampleServer","DisplayName":"nsu=http://opcfoundation.org/UA/Plc/Applications;s=FastRandomUIntScalar3","Timestamp":"2024-04-27T09:58:40.7657748Z","Value":{"Value":2203191681,"SourceTimestamp":"2024-04-27T09:58:39.9634882Z","ServerTimestamp":"2024-04-27T09:58:39.9634898Z"},"SequenceNumber":383,"ExtensionFields":{}}