{"NodeId":"nsu=http://opcfoundation.org/UA/Plc/Applications;s=NegativeTrendData","EndpointUrl":"opc.tcp://localhost:61457/UA/SampleServer","ApplicationUri":"urn:desktop-bgfjs91:OPCFoundation:CoreSampleServer","DisplayName":"nsu=http://opcfoundation.org/UA/Plc/Applications;s=NegativeTrendData","Timestamp":"2024-04-27T09:58:40.7657748Z","Value":{"Value":99.400000000000006,"SourceTimestamp":"2024-04-27T09:58:40.0699683Z","ServerTimestamp":"2024-04-27T09:58:40.06998Z"},"SequenceNumber":384,"ExtensionFields":{}}