{"NodeId":"nsu=http://opcfoundation.org/UA/Plc/Applications;s=SlowRandomUIntScalar2","EndpointUrl":"opc.tcp://localhost:61457/UA/SampleServer","ApplicationUri":"urn:desktop-bgfjs91:OPCFoundation:CoreSampleServer","DisplayName":"nsu=http://opcfoundation.org/UA/Plc/Applications;s=SlowRandomUIntScalar2","Timestamp":"2024-04-27T09:58:40.8917138Z","Value":{"Value":3706012631,"SourceTimestamp":"2024-04-27T09:58:39.9635282Z","ServerTimestamp":"2024-04-27T09:58:39.9635342Z"},"SequenceNumber":30,"ExtensionFields":{}}