{"NodeId":"nsu=http://opcfoundation.org/UA/Plc/Applications;s=SlowRandomUIntScalar3","EndpointUrl":"opc.tcp://localhost:61457/UA/SampleServer","ApplicationUri":"urn:desktop-bgfjs91:OPCFoundation:CoreSampleServer","DisplayName":"nsu=http://opcfoundation.org/UA/Plc/Applications;s=SlowRandomUIntScalar3","Timestamp":"2024-04-27T09:58:40.8917138Z","Value":{"Value":2431381101,"SourceTimestamp":"2024-04-27T09:58:39.9635443Z","ServerTimestamp":"2024-04-27T09:58:39.9635458Z"},"SequenceNumber":31,"ExtensionFields":{}}