{"NodeId":"nsu=http://opcfoundation.org/UA/Plc/Applications;s=RandomSignedInt32","EndpointUrl":"opc.tcp://localhost:61457/UA/SampleServer","ApplicationUri":"urn:desktop-bgfjs91:OPCFoundation:CoreSampleServer","DisplayName":"nsu=http://opcfoundation.org/UA/Plc/Applications;s=RandomSignedInt32","Timestamp":"2024-04-27T09:58:41.8209482Z","Value":{"Value":-1873008282,"SourceTimestamp":"2024-04-27T09:58:41.7592683Z","ServerTimestamp":"2024-04-27T09:58:41.7592693Z"},"SequenceNumber":388,"ExtensionFields":{}}