{"NodeId":"nsu=http://opcfoundation.org/UA/Plc/Applications;s=FastRandomUIntScalar3","EndpointUrl":"opc.tcp://localhost:61457/UA/SampleServer","ApplicationUri":"urn:desktop-bgfjs91:OPCFoundation:CoreSampleServer","DisplayName":"nsu=http://opcfoundation.org/UA/Plc/Applications;s=FastRandomUIntScalar3","Timestamp":"2024-04-27T09:58:42.8118376Z","Value":{"Value":2327518281,"SourceTimestamp":"2024-04-27T09:58:41.9605955Z","ServerTimestamp":"2024-04-27T09:58:41.9606159Z"},"SequenceNumber":407,"ExtensionFields":{}}