{"NodeId":"nsu=http://opcfoundation.org/UA/Plc/Applications;s=RandomUnsignedInt32","EndpointUrl":"opc.tcp://localhost:61457/UA/SampleServer","ApplicationUri":"urn:desktop-bgfjs91:OPCFoundation:CoreSampleServer","DisplayName":"nsu=http://opcfoundation.org/UA/Plc/Applications;s=RandomUnsignedInt32","Timestamp":"2024-04-27T09:58:44.7897234Z","Value":{"Value":699314726,"SourceTimestamp":"2024-04-27T09:58:44.7589224Z","ServerTimestamp":"2024-04-27T09:58:44.7589251Z"},"SequenceNumber":422,"ExtensionFields":{}}