{"NodeId":"nsu=http://opcfoundation.org/UA/Plc/Applications;s=AlternatingBoolean","EndpointUrl":"opc.tcp://localhost:61457/UA/SampleServer","ApplicationUri":"urn:desktop-bgfjs91:OPCFoundation:CoreSampleServer","DisplayName":"nsu=http://opcfoundation.org/UA/Plc/Applications;s=AlternatingBoolean","Timestamp":"2024-04-27T09:58:45.7836827Z","Value":{"Value":false,"SourceTimestamp":"2024-04-27T09:58:45.0686777Z","ServerTimestamp":"2024-04-27T09:58:45.068679Z"},"SequenceNumber":432,"ExtensionFields":{}}