{"NodeId":"nsu=http://opcfoundation.org/UA/Plc/Applications;s=RandomSignedInt32","EndpointUrl":"opc.tcp://localhost:61457/UA/SampleServer","ApplicationUri":"urn:desktop-bgfjs91:OPCFoundation:CoreSampleServer","DisplayName":"nsu=http://opcfoundation.org/UA/Plc/Applications;s=RandomSignedInt32","Timestamp":"2024-04-27T09:58:45.7836827Z","Value":{"Value":-2015552934,"SourceTimestamp":"2024-04-27T09:58:45.7679262Z","ServerTimestamp":"2024-04-27T09:58:45.7679322Z"},"SequenceNumber":433,"ExtensionFields":{}}