{"NodeId":"nsu=http://opcfoundation.org/UA/Plc/Applications;s=FastRandomUIntScalar1","EndpointUrl":"opc.tcp://localhost:61457/UA/SampleServer","ApplicationUri":"urn:desktop-bgfjs91:OPCFoundation:CoreSampleServer","DisplayName":"nsu=http://opcfoundation.org/UA/Plc/Applications;s=FastRandomUIntScalar1","Timestamp":"2024-04-27T09:58:45.7836827Z","Value":{"Value":3229665612,"SourceTimestamp":"2024-04-27T09:58:44.9597178Z","ServerTimestamp":"2024-04-27T09:58:44.9597187Z"},"SequenceNumber":439,"ExtensionFields":{}}