{"NodeId":"nsu=http://opcfoundation.org/UA/Plc/Applications;s=FastRandomUIntScalar2","EndpointUrl":"opc.tcp://localhost:61457/UA/SampleServer","ApplicationUri":"urn:desktop-bgfjs91:OPCFoundation:CoreSampleServer","DisplayName":"nsu=http://opcfoundation.org/UA/Plc/Applications;s=FastRandomUIntScalar2","Timestamp":"2024-04-27T09:58:45.7836827Z","Value":{"Value":1475400133,"SourceTimestamp":"2024-04-27T09:58:44.9597201Z","ServerTimestamp":"2024-04-27T09:58:44.9597212Z"},"SequenceNumber":440,"ExtensionFields":{}}