{"NodeId":"nsu=http://opcfoundation.org/UA/Plc/Applications;s=NegativeTrendData","EndpointUrl":"opc.tcp://localhost:61457/UA/SampleServer","ApplicationUri":"urn:desktop-bgfjs91:OPCFoundation:CoreSampleServer","DisplayName":"nsu=http://opcfoundation.org/UA/Plc/Applications;s=NegativeTrendData","Timestamp":"2024-04-27T09:58:45.7836827Z","Value":{"Value":99.299999999999997,"SourceTimestamp":"2024-04-27T09:58:45.0686523Z","ServerTimestamp":"2024-04-27T09:58:45.0686623Z"},"SequenceNumber":442,"ExtensionFields":{}}