{"NodeId":"nsu=http://opcfoundation.org/UA/Plc/Applications;s=PositiveTrendData","EndpointUrl":"opc.tcp://localhost:61457/UA/SampleServer","ApplicationUri":"urn:desktop-bgfjs91:OPCFoundation:CoreSampleServer","DisplayName":"nsu=http://opcfoundation.org/UA/Plc/Applications;s=PositiveTrendData","Timestamp":"2024-04-27T09:58:45.7836827Z","Value":{"Value":100.59999999999999,"SourceTimestamp":"2024-04-27T09:58:45.0686585Z","ServerTimestamp":"2024-04-27T09:58:45.0687048Z"},"SequenceNumber":443,"ExtensionFields":{}}