{"NodeId":"nsu=http://opcfoundation.org/UA/Plc/Applications;s=RandomSignedInt32","EndpointUrl":"opc.tcp://localhost:61457/UA/SampleServer","ApplicationUri":"urn:desktop-bgfjs91:OPCFoundation:CoreSampleServer","DisplayName":"nsu=http://opcfoundation.org/UA/Plc/Applications;s=RandomSignedInt32","Timestamp":"2024-04-27T09:58:48.8127082Z","Value":{"Value":1466520503,"SourceTimestamp":"2024-04-27T09:58:48.7655577Z","ServerTimestamp":"2024-04-27T09:58:48.7655598Z"},"SequenceNumber":457,"ExtensionFields":{}}