{"NodeId":"nsu=http://opcfoundation.org/UA/Plc/Applications;s=FastRandomUIntScalar1","EndpointUrl":"opc.tcp://localhost:61457/UA/SampleServer","ApplicationUri":"urn:desktop-bgfjs91:OPCFoundation:CoreSampleServer","DisplayName":"nsu=http://opcfoundation.org/UA/Plc/Applications;s=FastRandomUIntScalar1","Timestamp":"2024-04-27T09:58:48.8127082Z","Value":{"Value":1722317652,"SourceTimestamp":"2024-04-27T09:58:47.9596158Z","ServerTimestamp":"2024-04-27T09:58:47.9596214Z"},"SequenceNumber":463,"ExtensionFields":{}}