{"NodeId":"nsu=http://opcfoundation.org/UA/Plc/Applications;s=FastRandomUIntScalar3","EndpointUrl":"opc.tcp://localhost:61457/UA/SampleServer","ApplicationUri":"urn:desktop-bgfjs91:OPCFoundation:CoreSampleServer","DisplayName":"nsu=http://opcfoundation.org/UA/Plc/Applications;s=FastRandomUIntScalar3","Timestamp":"2024-04-27T09:58:48.8127082Z","Value":{"Value":2186354978,"SourceTimestamp":"2024-04-27T09:58:47.9596318Z","ServerTimestamp":"2024-04-27T09:58:47.9596332Z"},"SequenceNumber":465,"ExtensionFields":{}}