{"NodeId":"nsu=http://opcfoundation.org/UA/Plc/Applications;s=RandomSignedInt32","EndpointUrl":"opc.tcp://localhost:61457/UA/SampleServer","ApplicationUri":"urn:desktop-bgfjs91:OPCFoundation:CoreSampleServer","DisplayName":"nsu=http://opcfoundation.org/UA/Plc/Applications;s=RandomSignedInt32","Timestamp":"2024-04-27T09:58:49.7990174Z","Value":{"Value":-537065759,"SourceTimestamp":"2024-04-27T09:58:49.7686698Z","ServerTimestamp":"2024-04-27T09:58:49.7686775Z"},"SequenceNumber":468,"ExtensionFields":{}}