{"NodeId":"nsu=http://opcfoundation.org/UA/Plc/Applications;s=RandomSignedInt32","EndpointUrl":"opc.tcp://localhost:61457/UA/SampleServer","ApplicationUri":"urn:desktop-bgfjs91:OPCFoundation:CoreSampleServer","DisplayName":"nsu=http://opcfoundation.org/UA/Plc/Applications;s=RandomSignedInt32","Timestamp":"2024-04-27T09:58:06.8155246Z","Value":{"Value":-822915775,"SourceTimestamp":"2024-04-27T09:58:06.7684566Z","ServerTimestamp":"2024-04-27T09:58:06.7684572Z"},"SequenceNumber":51,"ExtensionFields":{}}