{"NodeId":"nsu=http://opcfoundation.org/UA/Plc/Applications;s=FastRandomUIntScalar2","EndpointUrl":"opc.tcp://localhost:61457/UA/SampleServer","ApplicationUri":"urn:desktop-bgfjs91:OPCFoundation:CoreSampleServer","DisplayName":"nsu=http://opcfoundation.org/UA/Plc/Applications;s=FastRandomUIntScalar2","Timestamp":"2024-04-27T09:58:06.8155246Z","Value":{"Value":2273386909,"SourceTimestamp":"2024-04-27T09:58:05.961397Z","ServerTimestamp":"2024-04-27T09:58:05.9613975Z"},"SequenceNumber":58,"ExtensionFields":{}}