{"NodeId":"nsu=http://opcfoundation.org/UA/Plc/Applications;s=FastRandomUIntScalar3","EndpointUrl":"opc.tcp://localhost:61457/UA/SampleServer","ApplicationUri":"urn:desktop-bgfjs91:OPCFoundation:CoreSampleServer","DisplayName":"nsu=http://opcfoundation.org/UA/Plc/Applications;s=FastRandomUIntScalar3","Timestamp":"2024-04-27T09:58:06.8155246Z","Value":{"Value":1219933909,"SourceTimestamp":"2024-04-27T09:58:05.9613987Z","ServerTimestamp":"2024-04-27T09:58:05.9613994Z"},"SequenceNumber":59,"ExtensionFields":{}}