{"NodeId":"nsu=http://opcfoundation.org/UA/Plc/Applications;s=FastRandomUIntScalar3","EndpointUrl":"opc.tcp://localhost:61457/UA/SampleServer","ApplicationUri":"urn:desktop-bgfjs91:OPCFoundation:CoreSampleServer","DisplayName":"nsu=http://opcfoundation.org/UA/Plc/Applications;s=FastRandomUIntScalar3","Timestamp":"2024-04-27T09:58:08.7978091Z","Value":{"Value":108990764,"SourceTimestamp":"2024-04-27T09:58:07.9647844Z","ServerTimestamp":"2024-04-27T09:58:07.9647857Z"},"SequenceNumber":81,"ExtensionFields":{}}