{"NodeId":"nsu=http://opcfoundation.org/UA/Plc/Applications;s=RandomSignedInt32","EndpointUrl":"opc.tcp://localhost:61457/UA/SampleServer","ApplicationUri":"urn:desktop-bgfjs91:OPCFoundation:CoreSampleServer","DisplayName":"nsu=http://opcfoundation.org/UA/Plc/Applications;s=RandomSignedInt32","Timestamp":"2024-04-27T09:58:09.7889859Z","Value":{"Value":-407801832,"SourceTimestamp":"2024-04-27T09:58:09.7732496Z","ServerTimestamp":"2024-04-27T09:58:09.7732509Z"},"SequenceNumber":84,"ExtensionFields":{}}