{"NodeId":"nsu=http://opcfoundation.org/UA/Plc/Applications;s=RandomUnsignedInt32","EndpointUrl":"opc.tcp://localhost:61457/UA/SampleServer","ApplicationUri":"urn:desktop-bgfjs91:OPCFoundation:CoreSampleServer","DisplayName":"nsu=http://opcfoundation.org/UA/Plc/Applications;s=RandomUnsignedInt32","Timestamp":"2024-04-27T09:58:09.7889859Z","Value":{"Value":347887120,"SourceTimestamp":"2024-04-27T09:58:09.7732816Z","ServerTimestamp":"2024-04-27T09:58:09.7732987Z"},"SequenceNumber":85,"ExtensionFields":{}}