{"MessageId":"6b0710f6-9e57-4bca-9126-2c324622083f","MessageType":"ua-data","PublisherId":"DESKTOP-BGFJS91","DataSetWriterGroup":"<<UnknownWriterGroup>>","Messages":[{"MetaDataVersion":{"MajorVersion":1},"MessageType":"ua-deltaframe","DataSetWriterName":"<<UnknownDataSet>>","Payload":{"ns=23;i=1259":{"Value":1.7,"SourceTimestamp":"2024-04-27T10:16:03.0213706Z"},"i=2258":{"Value":"2024-04-27T10:16:17.0291357Z","SourceTimestamp":"2024-04-27T10:16:03.0212281Z"}}},{"MetaDataVersion":{"MajorVersion":1},"MessageType":"ua-deltaframe","DataSetWriterName":"<<UnknownDataSet>>","Payload":{"i=2258":{"Value":"2024-04-27T10:16:18.1278538Z","SourceTimestamp":"2024-04-27T10:16:03.0212281Z"}}}]}