{"MessageId":"dddfaa10-7f49-4f72-86f1-924c84bde5c7","MessageType":"ua-data","PublisherId":"DESKTOP-BGFJS91","DataSetWriterGroup":"<<UnknownWriterGroup>>","Messages":[{"MetaDataVersion":{"MajorVersion":1},"MessageType":"ua-deltaframe","DataSetWriterName":"<<UnknownDataSet>>","Payload":{"ns=23;i=1259":{"Value":0.30099999999999999,"SourceTimestamp":"2024-04-27T10:16:03.0213706Z"},"i=2258":{"Value":"2024-04-27T10:16:36.0350352Z","SourceTimestamp":"2024-04-27T10:16:03.0212281Z"}}},{"MetaDataVersion":{"MajorVersion":1},"MessageType":"ua-deltaframe","DataSetWriterName":"<<UnknownDataSet>>","Payload":{"ns=23;i=1259":{"Value":0.20200000000000001,"SourceTimestamp":"2024-04-27T10:16:03.0213706Z"}}}]}