{"MessageId":"7c3848df-cceb-4f07-b01c-dc992cb7f0ac","MessageType":"ua-data","PublisherId":"DESKTOP-BGFJS91","DataSetWriterGroup":"<<UnknownWriterGroup>>","Messages":[{"MetaDataVersion":{"MajorVersion":1},"MessageType":"ua-deltaframe","DataSetWriterName":"<<UnknownDataSet>>","Payload":{"ns=23;i=1259":{"Value":-0.443,"SourceTimestamp":"2024-04-27T10:16:03.0213706Z"}}},{"MetaDataVersion":{"MajorVersion":1},"MessageType":"ua-deltaframe","DataSetWriterName":"<<UnknownDataSet>>","Payload":{"ns=23;i=1259":{"Value":-0.34100000000000003,"SourceTimestamp":"2024-04-27T10:16:03.0213706Z"}}}]}