{"MessageId":"d707c1ec-1137-4687-825a-ec8a4138fb80","MessageType":"ua-data","PublisherId":"DESKTOP-BGFJS91","DataSetWriterGroup":"<<UnknownWriterGroup>>","Messages":[{"MetaDataVersion":{"MajorVersion":1},"MessageType":"ua-deltaframe","DataSetWriterName":"<<UnknownDataSet>>","Payload":{"ns=23;i=1259":{"Value":-0.30399999999999999,"SourceTimestamp":"2024-04-27T10:16:03.0213706Z"}}},{"MetaDataVersion":{"MajorVersion":1},"MessageType":"ua-deltaframe","DataSetWriterName":"<<UnknownDataSet>>","Payload":{"ns=23;i=1259":{"Value":-0.20600000000000002,"SourceTimestamp":"2024-04-27T10:16:03.0213706Z"}}}]}