{"MessageId":"01c6c195-c091-4229-a8c2-77c169cacda4","MessageType":"ua-data","PublisherId":"DESKTOP-BGFJS91","DataSetWriterGroup":"<<UnknownWriterGroup>>","Messages":[{"MetaDataVersion":{"MajorVersion":1},"MessageType":"ua-deltaframe","DataSetWriterName":"<<UnknownDataSet>>","Payload":{"ns=23;i=1259":{"Value":1.1799999999999999,"SourceTimestamp":"2024-04-27T10:16:03.0213706Z"}}},{"MetaDataVersion":{"MajorVersion":1},"MessageType":"ua-deltaframe","DataSetWriterName":"<<UnknownDataSet>>","Payload":{"ns=23;i=1259":{"Value":1.0700000000000001,"SourceTimestamp":"2024-04-27T10:16:03.0213706Z"}}}]}