{"MessageId":"04ea233a-762d-4efd-acb9-5ff9241a41e2","MessageType":"ua-data","PublisherId":"DESKTOP-BGFJS91","DataSetWriterGroup":"<<UnknownWriterGroup>>","Messages":[{"MetaDataVersion":{"MajorVersion":1},"MessageType":"ua-deltaframe","DataSetWriterName":"<<UnknownDataSet>>","Payload":{"ns=23;i=1259":{"Value":1.4099999999999999,"SourceTimestamp":"2024-04-27T10:16:03.0213706Z"},"i=2258":{"Value":"2024-04-27T10:16:55.0364842Z","SourceTimestamp":"2024-04-27T10:16:03.0212281Z"}}},{"MetaDataVersion":{"MajorVersion":1},"MessageType":"ua-deltaframe","DataSetWriterName":"<<UnknownDataSet>>","Payload":{"ns=23;i=1259":{"Value":1.3300000000000001,"SourceTimestamp":"2024-04-27T10:16:03.0213706Z"}}}]}