{"MessageId":"5352a3dc-b326-4f9e-ab6b-ad4ce6993024","MessageType":"ua-data","PublisherId":"DESKTOP-BGFJS91","DataSetWriterGroup":"<<UnknownWriterGroup>>","Messages":[{"MetaDataVersion":{"MajorVersion":1},"MessageType":"ua-deltaframe","DataSetWriterName":"<<UnknownDataSet>>","Payload":{"ns=23;i=1259":{"Value":-0.83899999999999997,"SourceTimestamp":"2024-04-27T10:16:03.0213706Z"},"i=2258":{"Value":"2024-04-27T10:17:02.0305631Z","SourceTimestamp":"2024-04-27T10:16:03.0212281Z"}}},{"MetaDataVersion":{"MajorVersion":1},"MessageType":"ua-deltaframe","DataSetWriterName":"<<UnknownDataSet>>","Payload":{"ns=23;i=1259":{"Value":-0.73799999999999999,"SourceTimestamp":"2024-04-27T10:16:03.0213706Z"}}}]}