{"MessageId":"66c2e6a1-d91c-441d-842f-24fa016f6d7b","MessageType":"ua-data","PublisherId":"DESKTOP-BGFJS91","DataSetWriterGroup":"<<UnknownWriterGroup>>","Messages":[{"MetaDataVersion":{"MajorVersion":1},"MessageType":"ua-deltaframe","DataSetWriterName":"<<UnknownDataSet>>","Payload":{"ns=23;i=1259":{"Value":-0.19900000000000001,"SourceTimestamp":"2024-04-27T10:16:03.0213706Z"},"i=2258":{"Value":"2024-04-27T10:17:10.0333323Z","SourceTimestamp":"2024-04-27T10:16:03.0212281Z"}}},{"MetaDataVersion":{"MajorVersion":1},"MessageType":"ua-deltaframe","DataSetWriterName":"<<UnknownDataSet>>","Payload":{"i=2258":{"Value":"2024-04-27T10:17:10.9316648Z","SourceTimestamp":"2024-04-27T10:16:03.0212281Z"}}}]}