{"MessageId":"5668662b-7d19-4036-ab81-27b3e396c7f7","MessageType":"ua-data","PublisherId":"DESKTOP-BGFJS91","DataSetWriterGroup":"<<UnknownWriterGroup>>","Messages":[{"MetaDataVersion":{"MajorVersion":1},"MessageType":"ua-deltaframe","DataSetWriterName":"<<UnknownDataSet>>","Payload":{"ns=23;i=1259":{"Value":-0.39700000000000002,"SourceTimestamp":"2024-04-27T10:16:03.0213706Z"}}},{"MetaDataVersion":{"MajorVersion":1},"MessageType":"ua-deltaframe","DataSetWriterName":"<<UnknownDataSet>>","Payload":{"ns=23;i=1259":{"Value":-0.29699999999999999,"SourceTimestamp":"2024-04-27T10:16:03.0213706Z"}}}]}