{"MessageId":"4452489e-12c1-46f7-9db5-955ca0c9791f","MessageType":"ua-data","PublisherId":"DESKTOP-BGFJS91","DataSetWriterGroup":"<<UnknownWriterGroup>>","Messages":[{"MetaDataVersion":{"MajorVersion":1},"MessageType":"ua-deltaframe","DataSetWriterName":"<<UnknownDataSet>>","Payload":{"ns=23;i=1259":{"Value":-0.094899999999999998,"SourceTimestamp":"2024-04-27T10:16:03.0213706Z"}}},{"MetaDataVersion":{"MajorVersion":1},"MessageType":"ua-deltaframe","DataSetWriterName":"<<UnknownDataSet>>","Payload":{"ns=23;i=1259":{"Value":1,"SourceTimestamp":"2024-04-27T10:16:03.0213706Z"}}}]}