{"NodeId":"i=2253","EndpointUrl":"opc.tcp://localhost:61457/UA/SampleServer","DisplayName":"PendingAlarms","Value":{"Type":22,"Body":{"TypeId":{"IdType":1,"Id":"EncodeableDictionary_Encoding_DefaultJson"},"Body":{"EventId":{"Value":{"Type":15,"Body":"9Q0rmUmOc0eJhRHSa5pmuQ=="},"SourceTimestamp":"2024-04-27T13:48:42.9288554Z"},"EventType":{"Value":{"Type":17,"Body":{"Id":9764}},"SourceTimestamp":"2024-04-27T13:48:42.9288554Z"},"LocalTime":{"Value":{"Type":22,"Body":{"TypeId":{"Id":15086},"Body":{"Offset":120,"DaylightSavingInOffset":true}}},"SourceTimestamp":"2024-04-27T13:48:42.9288554Z"},"Message":{"Value":{"Type":21,"Body":{"Text":"The alarm severity has increased."}},"SourceTimestamp":"2024-04-27T13:48:42.9288554Z"},"ReceiveTime":{"Value":{"Type":13,"Body":"2024-04-27T13:48:42.1538083Z"},"SourceTimestamp":"2024-04-27T13:48:42.9288554Z"},"Severity":{"Value":{"Type":5,"Body":300},"SourceTimestamp":"2024-04-27T13:48:42.9288554Z"},"SourceName":{"Value":{"Type":12,"Body":"EastTank"},"SourceTimestamp":"2024-04-27T13:48:42.9288554Z"},"SourceNode":{"Value":{"Type":17,"Body":{"IdType":1,"Id":"1:Colours/EastTank","Namespace":15}},"SourceTimestamp":"2024-04-27T13:48:42.9288554Z"},"Time":{"Value":{"Type":13,"Body":"2024-04-27T13:48:42.1537966Z"},"SourceTimestamp":"2024-04-27T13:48:42.9288554Z"}}}}}