{"NodeId":"i=2253","EndpointUrl":"opc.tcp://localhost:61457/UA/SampleServer","DisplayName":"PendingAlarms","Value":{"Type":22,"Body":{"TypeId":{"IdType":1,"Id":"EncodeableDictionary_Encoding_DefaultJson"},"Body":{"EventId":{"Value":{"Type":15,"Body":"QvcsAv5yrEif/tgjQd3Ysw=="},"SourceTimestamp":"2024-04-27T13:50:22.9360981Z"},"EventType":{"Value":{"Type":17,"Body":{"Id":9764}},"SourceTimestamp":"2024-04-27T13:50:22.9360981Z"},"LocalTime":{"Value":{"Type":22,"Body":{"TypeId":{"Id":15086},"Body":{"Offset":120,"DaylightSavingInOffset":true}}},"SourceTimestamp":"2024-04-27T13:50:22.9360981Z"},"Message":{"Value":{"Type":21,"Body":{"Text":"The alarm is active."}},"SourceTimestamp":"2024-04-27T13:50:22.9360981Z"},"ReceiveTime":{"Value":{"Type":13,"Body":"2024-04-27T13:50:22.1601218Z"},"SourceTimestamp":"2024-04-27T13:50:22.9360981Z"},"Severity":{"Value":{"Type":5,"Body":100},"SourceTimestamp":"2024-04-27T13:50:22.9360981Z"},"SourceName":{"Value":{"Type":12,"Body":"NorthMotor"},"SourceTimestamp":"2024-04-27T13:50:22.9360981Z"},"SourceNode":{"Value":{"Type":17,"Body":{"IdType":1,"Id":"1:Colours/NorthMotor","Namespace":15}},"SourceTimestamp":"2024-04-27T13:50:22.9360981Z"},"Time":{"Value":{"Type":13,"Body":"2024-04-27T13:50:22.1601147Z"},"SourceTimestamp":"2024-04-27T13:50:22.9360981Z"}}}}}