{"NodeId":"i=2253","EndpointUrl":"opc.tcp://localhost:61457/UA/SampleServer","DisplayName":"PendingAlarms","Value":{"Type":22,"Body":{"TypeId":{"IdType":1,"Id":"EncodeableDictionary_Encoding_DefaultJson"},"Body":{"EventId":{"Value":{"Type":15,"Body":"wvi9Uhp5akq+pM1psjBexw=="},"SourceTimestamp":"2024-04-27T13:50:24.9744012Z"},"EventType":{"Value":{"Type":17,"Body":{"Id":9764}},"SourceTimestamp":"2024-04-27T13:50:24.9744012Z"},"LocalTime":{"Value":{"Type":22,"Body":{"TypeId":{"Id":15086},"Body":{"Offset":120,"DaylightSavingInOffset":true}}},"SourceTimestamp":"2024-04-27T13:50:24.9744012Z"},"Message":{"Value":{"Type":21,"Body":{"Text":"The alarm was deactivated by the system."}},"SourceTimestamp":"2024-04-27T13:50:24.9744012Z"},"ReceiveTime":{"Value":{"Type":13,"Body":"2024-04-27T13:50:24.1576872Z"},"SourceTimestamp":"2024-04-27T13:50:24.9744012Z"},"Severity":{"Value":{"Type":5,"Body":100},"SourceTimestamp":"2024-04-27T13:50:24.9744012Z"},"SourceName":{"Value":{"Type":12,"Body":"WestTank"},"SourceTimestamp":"2024-04-27T13:50:24.9744012Z"},"SourceNode":{"Value":{"Type":17,"Body":{"IdType":1,"Id":"1:Metals/WestTank","Namespace":15}},"SourceTimestamp":"2024-04-27T13:50:24.9744012Z"},"Time":{"Value":{"Type":13,"Body":"2024-04-27T13:50:24.1576833Z"},"SourceTimestamp":"2024-04-27T13:50:24.9744012Z"}}}}}