{"NodeId":"i=2253","EndpointUrl":"opc.tcp://localhost:61457/UA/SampleServer","DisplayName":"PendingAlarms","Value":{"Type":22,"Body":{"TypeId":{"IdType":1,"Id":"EncodeableDictionary_Encoding_DefaultJson"},"Body":{"EventId":{"Value":{"Type":15,"Body":"Q9IfOsiaQ0mkM4PYCQ7C7g=="},"SourceTimestamp":"2024-04-27T13:48:52.961368Z"},"EventType":{"Value":{"Type":17,"Body":{"Id":9764}},"SourceTimestamp":"2024-04-27T13:48:52.961368Z"},"LocalTime":{"Value":{"Type":22,"Body":{"TypeId":{"Id":15086},"Body":{"Offset":120,"DaylightSavingInOffset":true}}},"SourceTimestamp":"2024-04-27T13:48:52.961368Z"},"Message":{"Value":{"Type":21,"Body":{"Text":"The alarm severity has increased."}},"SourceTimestamp":"2024-04-27T13:48:52.961368Z"},"ReceiveTime":{"Value":{"Type":13,"Body":"2024-04-27T13:48:52.1580839Z"},"SourceTimestamp":"2024-04-27T13:48:52.961368Z"},"Severity":{"Value":{"Type":5,"Body":500},"SourceTimestamp":"2024-04-27T13:48:52.961368Z"},"SourceName":{"Value":{"Type":12,"Body":"NorthMotor"},"SourceTimestamp":"2024-04-27T13:48:52.961368Z"},"SourceNode":{"Value":{"Type":17,"Body":{"IdType":1,"Id":"1:Colours/NorthMotor","Namespace":15}},"SourceTimestamp":"2024-04-27T13:48:52.961368Z"},"Time":{"Value":{"Type":13,"Body":"2024-04-27T13:48:52.1580773Z"},"SourceTimestamp":"2024-04-27T13:48:52.961368Z"}}}}}