{"NodeId":"i=2253","EndpointUrl":"opc.tcp://localhost:61457/UA/SampleServer","DisplayName":"PendingAlarms","Value":{"Type":22,"Body":{"TypeId":{"IdType":1,"Id":"EncodeableDictionary_Encoding_DefaultJson"},"Body":{"EventId":{"Value":{"Type":15,"Body":"sC2r9MAz20KFiP26sHWf0A=="},"SourceTimestamp":"2024-04-27T13:48:45.9583574Z"},"EventType":{"Value":{"Type":17,"Body":{"Id":9764}},"SourceTimestamp":"2024-04-27T13:48:45.9583574Z"},"LocalTime":{"Value":{"Type":22,"Body":{"TypeId":{"Id":15086},"Body":{"Offset":120,"DaylightSavingInOffset":true}}},"SourceTimestamp":"2024-04-27T13:48:45.9583574Z"},"Message":{"Value":{"Type":21,"Body":{"Text":"The alarm severity has increased."}},"SourceTimestamp":"2024-04-27T13:48:45.9583574Z"},"ReceiveTime":{"Value":{"Type":13,"Body":"2024-04-27T13:48:45.1552064Z"},"SourceTimestamp":"2024-04-27T13:48:45.9583574Z"},"Severity":{"Value":{"Type":5,"Body":300},"SourceTimestamp":"2024-04-27T13:48:45.9583574Z"},"SourceName":{"Value":{"Type":12,"Body":"SouthMotor"},"SourceTimestamp":"2024-04-27T13:48:45.9583574Z"},"SourceNode":{"Value":{"Type":17,"Body":{"IdType":1,"Id":"1:Metals/SouthMotor","Namespace":15}},"SourceTimestamp":"2024-04-27T13:48:45.9583574Z"},"Time":{"Value":{"Type":13,"Body":"2024-04-27T13:48:45.1552032Z"},"SourceTimestamp":"2024-04-27T13:48:45.9583574Z"}}}}}