{"NodeId":"i=2253","EndpointUrl":"opc.tcp://localhost:61457/UA/SampleServer","DisplayName":"PendingAlarms","Value":{"Type":22,"Body":{"TypeId":{"IdType":1,"Id":"EncodeableDictionary_Encoding_DefaultJson"},"Body":{"EventId":{"Value":{"Type":15,"Body":"spuhXX8tdk6gc+f/vRp6gg=="},"SourceTimestamp":"2024-04-27T13:48:58.9353914Z"},"EventType":{"Value":{"Type":17,"Body":{"Id":10751}},"SourceTimestamp":"2024-04-27T13:48:58.9353914Z"},"LocalTime":{"Value":{"Type":22,"Body":{"TypeId":{"Id":15086},"Body":{"Offset":120,"DaylightSavingInOffset":true}}},"SourceTimestamp":"2024-04-27T13:48:58.9353914Z"},"Message":{"Value":{"Type":21,"Body":{"Text":"The alarm severity has increased."}},"SourceTimestamp":"2024-04-27T13:48:58.9353914Z"},"ReceiveTime":{"Value":{"Type":13,"Body":"2024-04-27T13:48:58.1561046Z"},"SourceTimestamp":"2024-04-27T13:48:58.9353914Z"},"Severity":{"Value":{"Type":5,"Body":700},"SourceTimestamp":"2024-04-27T13:48:58.9353914Z"},"SourceName":{"Value":{"Type":12,"Body":"WestTank"},"SourceTimestamp":"2024-04-27T13:48:58.9353914Z"},"SourceNode":{"Value":{"Type":17,"Body":{"IdType":1,"Id":"1:Metals/WestTank","Namespace":15}},"SourceTimestamp":"2024-04-27T13:48:58.9353914Z"},"Time":{"Value":{"Type":13,"Body":"2024-04-27T13:48:58.1560991Z"},"SourceTimestamp":"2024-04-27T13:48:58.9353914Z"}}}}}