{"NodeId":"i=2253","EndpointUrl":"opc.tcp://localhost:61457/UA/SampleServer","DisplayName":"PendingAlarms","Value":{"Type":22,"Body":{"TypeId":{"IdType":1,"Id":"EncodeableDictionary_Encoding_DefaultJson"},"Body":{"EventId":{"Value":{"Type":15,"Body":"GWXvdFjkIkmomZkZruwpgg=="},"SourceTimestamp":"2024-04-27T13:49:14.9689481Z"},"EventType":{"Value":{"Type":17,"Body":{"Id":9764}},"SourceTimestamp":"2024-04-27T13:49:14.9689481Z"},"LocalTime":{"Value":{"Type":22,"Body":{"TypeId":{"Id":15086},"Body":{"Offset":120,"DaylightSavingInOffset":true}}},"SourceTimestamp":"2024-04-27T13:49:14.9689481Z"},"Message":{"Value":{"Type":21,"Body":{"Text":"The alarm severity has increased."}},"SourceTimestamp":"2024-04-27T13:49:14.9689481Z"},"ReceiveTime":{"Value":{"Type":13,"Body":"2024-04-27T13:49:14.1628889Z"},"SourceTimestamp":"2024-04-27T13:49:14.9689481Z"},"Severity":{"Value":{"Type":5,"Body":900},"SourceTimestamp":"2024-04-27T13:49:14.9689481Z"},"SourceName":{"Value":{"Type":12,"Body":"WestTank"},"SourceTimestamp":"2024-04-27T13:49:14.9689481Z"},"SourceNode":{"Value":{"Type":17,"Body":{"IdType":1,"Id":"1:Metals/WestTank","Namespace":15}},"SourceTimestamp":"2024-04-27T13:49:14.9689481Z"},"Time":{"Value":{"Type":13,"Body":"2024-04-27T13:49:14.1628818Z"},"SourceTimestamp":"2024-04-27T13:49:14.9689481Z"}}}}}