{"NodeId":"i=2253","EndpointUrl":"opc.tcp://localhost:61457/UA/SampleServer","DisplayName":"PendingAlarms","Value":{"Type":22,"Body":{"TypeId":{"IdType":1,"Id":"EncodeableDictionary_Encoding_DefaultJson"},"Body":{"EventId":{"Value":{"Type":15,"Body":"ae/qf10cXE+Nud2wcqmrww=="},"SourceTimestamp":"2024-04-27T13:49:18.9194691Z"},"EventType":{"Value":{"Type":17,"Body":{"Id":10751}},"SourceTimestamp":"2024-04-27T13:49:18.9194691Z"},"LocalTime":{"Value":{"Type":22,"Body":{"TypeId":{"Id":15086},"Body":{"Offset":120,"DaylightSavingInOffset":true}}},"SourceTimestamp":"2024-04-27T13:49:18.9194691Z"},"Message":{"Value":{"Type":21,"Body":{"Text":"The alarm severity has increased."}},"SourceTimestamp":"2024-04-27T13:49:18.9194691Z"},"ReceiveTime":{"Value":{"Type":13,"Body":"2024-04-27T13:49:18.1511588Z"},"SourceTimestamp":"2024-04-27T13:49:18.9194691Z"},"Severity":{"Value":{"Type":5,"Body":900},"SourceTimestamp":"2024-04-27T13:49:18.9194691Z"},"SourceName":{"Value":{"Type":12,"Body":"NorthMotor"},"SourceTimestamp":"2024-04-27T13:49:18.9194691Z"},"SourceNode":{"Value":{"Type":17,"Body":{"IdType":1,"Id":"1:Colours/NorthMotor","Namespace":15}},"SourceTimestamp":"2024-04-27T13:49:18.9194691Z"},"Time":{"Value":{"Type":13,"Body":"2024-04-27T13:49:18.1511441Z"},"SourceTimestamp":"2024-04-27T13:49:18.9194691Z"}}}}}