{"NodeId":"i=2253","EndpointUrl":"opc.tcp://localhost:61457/UA/SampleServer","DisplayName":"PendingAlarms","Value":{"Type":22,"Body":{"TypeId":{"IdType":1,"Id":"EncodeableDictionary_Encoding_DefaultJson"},"Body":{"EventId":{"Value":{"Type":15,"Body":"k8DJ3viykUOTljHaf5PkNA=="},"SourceTimestamp":"2024-04-27T13:49:30.9226505Z"},"EventType":{"Value":{"Type":17,"Body":{"Id":10751}},"SourceTimestamp":"2024-04-27T13:49:30.9226505Z"},"LocalTime":{"Value":{"Type":22,"Body":{"TypeId":{"Id":15086},"Body":{"Offset":120,"DaylightSavingInOffset":true}}},"SourceTimestamp":"2024-04-27T13:49:30.9226505Z"},"Message":{"Value":{"Type":21,"Body":{"Text":"The alarm severity has increased."}},"SourceTimestamp":"2024-04-27T13:49:30.9226505Z"},"ReceiveTime":{"Value":{"Type":13,"Body":"2024-04-27T13:49:30.1507622Z"},"SourceTimestamp":"2024-04-27T13:49:30.9226505Z"},"Severity":{"Value":{"Type":5,"Body":300},"SourceTimestamp":"2024-04-27T13:49:30.9226505Z"},"SourceName":{"Value":{"Type":12,"Body":"WestTank"},"SourceTimestamp":"2024-04-27T13:49:30.9226505Z"},"SourceNode":{"Value":{"Type":17,"Body":{"IdType":1,"Id":"1:Metals/WestTank","Namespace":15}},"SourceTimestamp":"2024-04-27T13:49:30.9226505Z"},"Time":{"Value":{"Type":13,"Body":"2024-04-27T13:49:30.1507566Z"},"SourceTimestamp":"2024-04-27T13:49:30.9226505Z"}}}}}