{"NodeId":"i=2253","EndpointUrl":"opc.tcp://localhost:61457/UA/SampleServer","DisplayName":"PendingAlarms","Value":{"Type":22,"Body":{"TypeId":{"IdType":1,"Id":"EncodeableDictionary_Encoding_DefaultJson"},"Body":{"EventId":{"Value":{"Type":15,"Body":"VkMkCLJn5EGaH6aOfLjbpg=="},"SourceTimestamp":"2024-04-27T13:49:28.9419788Z"},"EventType":{"Value":{"Type":17,"Body":{"Id":10751}},"SourceTimestamp":"2024-04-27T13:49:28.9419788Z"},"LocalTime":{"Value":{"Type":22,"Body":{"TypeId":{"Id":15086},"Body":{"Offset":120,"DaylightSavingInOffset":true}}},"SourceTimestamp":"2024-04-27T13:49:28.9419788Z"},"Message":{"Value":{"Type":21,"Body":{"Text":"The alarm is active."}},"SourceTimestamp":"2024-04-27T13:49:28.9419788Z"},"ReceiveTime":{"Value":{"Type":13,"Body":"2024-04-27T13:49:28.1553736Z"},"SourceTimestamp":"2024-04-27T13:49:28.9419788Z"},"Severity":{"Value":{"Type":5,"Body":100},"SourceTimestamp":"2024-04-27T13:49:28.9419788Z"},"SourceName":{"Value":{"Type":12,"Body":"SouthMotor"},"SourceTimestamp":"2024-04-27T13:49:28.9419788Z"},"SourceNode":{"Value":{"Type":17,"Body":{"IdType":1,"Id":"1:Metals/SouthMotor","Namespace":15}},"SourceTimestamp":"2024-04-27T13:49:28.9419788Z"},"Time":{"Value":{"Type":13,"Body":"2024-04-27T13:49:28.1553706Z"},"SourceTimestamp":"2024-04-27T13:49:28.9419788Z"}}}}}