{"NodeId":"i=2253","EndpointUrl":"opc.tcp://localhost:61457/UA/SampleServer","DisplayName":"PendingAlarms","Value":{"Type":22,"Body":{"TypeId":{"IdType":1,"Id":"EncodeableDictionary_Encoding_DefaultJson"},"Body":{"EventId":{"Value":{"Type":15,"Body":"wayHwVcXmkyf6wqf6txdlA=="},"SourceTimestamp":"2024-04-27T13:49:38.9175643Z"},"EventType":{"Value":{"Type":17,"Body":{"Id":10060}},"SourceTimestamp":"2024-04-27T13:49:38.9175643Z"},"LocalTime":{"Value":{"Type":22,"Body":{"TypeId":{"Id":15086},"Body":{"Offset":120,"DaylightSavingInOffset":true}}},"SourceTimestamp":"2024-04-27T13:49:38.9175643Z"},"Message":{"Value":{"Type":21,"Body":{"Text":"The alarm severity has increased."}},"SourceTimestamp":"2024-04-27T13:49:38.9175643Z"},"ReceiveTime":{"Value":{"Type":13,"Body":"2024-04-27T13:49:38.1592297Z"},"SourceTimestamp":"2024-04-27T13:49:38.9175643Z"},"Severity":{"Value":{"Type":5,"Body":500},"SourceTimestamp":"2024-04-27T13:49:38.9175643Z"},"SourceName":{"Value":{"Type":12,"Body":"SouthMotor"},"SourceTimestamp":"2024-04-27T13:49:38.9175643Z"},"SourceNode":{"Value":{"Type":17,"Body":{"IdType":1,"Id":"1:Metals/SouthMotor","Namespace":15}},"SourceTimestamp":"2024-04-27T13:49:38.9175643Z"},"Time":{"Value":{"Type":13,"Body":"2024-04-27T13:49:38.1592261Z"},"SourceTimestamp":"2024-04-27T13:49:38.9175643Z"}}}}}