{"NodeId":"i=2253","EndpointUrl":"opc.tcp://localhost:61457/UA/SampleServer","DisplayName":"PendingAlarms","Value":{"Type":22,"Body":{"TypeId":{"IdType":1,"Id":"EncodeableDictionary_Encoding_DefaultJson"},"Body":{"EventId":{"Value":{"Type":15,"Body":"nhAO13pup0q1rhtPbLJUZA=="},"SourceTimestamp":"2024-04-27T13:49:44.928957Z"},"EventType":{"Value":{"Type":17,"Body":{"Id":10060}},"SourceTimestamp":"2024-04-27T13:49:44.928957Z"},"LocalTime":{"Value":{"Type":22,"Body":{"TypeId":{"Id":15086},"Body":{"Offset":120,"DaylightSavingInOffset":true}}},"SourceTimestamp":"2024-04-27T13:49:44.928957Z"},"Message":{"Value":{"Type":21,"Body":{"Text":"The alarm severity has increased."}},"SourceTimestamp":"2024-04-27T13:49:44.928957Z"},"ReceiveTime":{"Value":{"Type":13,"Body":"2024-04-27T13:49:44.153234Z"},"SourceTimestamp":"2024-04-27T13:49:44.928957Z"},"Severity":{"Value":{"Type":5,"Body":300},"SourceTimestamp":"2024-04-27T13:49:44.928957Z"},"SourceName":{"Value":{"Type":12,"Body":"NorthMotor"},"SourceTimestamp":"2024-04-27T13:49:44.928957Z"},"SourceNode":{"Value":{"Type":17,"Body":{"IdType":1,"Id":"1:Colours/NorthMotor","Namespace":15}},"SourceTimestamp":"2024-04-27T13:49:44.928957Z"},"Time":{"Value":{"Type":13,"Body":"2024-04-27T13:49:44.1532288Z"},"SourceTimestamp":"2024-04-27T13:49:44.928957Z"}}}}}