{"NodeId":"i=2253","EndpointUrl":"opc.tcp://localhost:61457/UA/SampleServer","DisplayName":"PendingAlarms","Value":{"Type":22,"Body":{"TypeId":{"IdType":1,"Id":"EncodeableDictionary_Encoding_DefaultJson"},"Body":{"EventId":{"Value":{"Type":15,"Body":"WY8jq6fvf0qiRMmUR5FurQ=="},"SourceTimestamp":"2024-04-27T13:49:54.9671377Z"},"EventType":{"Value":{"Type":17,"Body":{"Id":10060}},"SourceTimestamp":"2024-04-27T13:49:54.9671377Z"},"LocalTime":{"Value":{"Type":22,"Body":{"TypeId":{"Id":15086},"Body":{"Offset":120,"DaylightSavingInOffset":true}}},"SourceTimestamp":"2024-04-27T13:49:54.9671377Z"},"Message":{"Value":{"Type":21,"Body":{"Text":"The alarm severity has increased."}},"SourceTimestamp":"2024-04-27T13:49:54.9671377Z"},"ReceiveTime":{"Value":{"Type":13,"Body":"2024-04-27T13:49:54.163094Z"},"SourceTimestamp":"2024-04-27T13:49:54.9671377Z"},"Severity":{"Value":{"Type":5,"Body":900},"SourceTimestamp":"2024-04-27T13:49:54.9671377Z"},"SourceName":{"Value":{"Type":12,"Body":"SouthMotor"},"SourceTimestamp":"2024-04-27T13:49:54.9671377Z"},"SourceNode":{"Value":{"Type":17,"Body":{"IdType":1,"Id":"1:Metals/SouthMotor","Namespace":15}},"SourceTimestamp":"2024-04-27T13:49:54.9671377Z"},"Time":{"Value":{"Type":13,"Body":"2024-04-27T13:49:54.1630899Z"},"SourceTimestamp":"2024-04-27T13:49:54.9671377Z"}}}}}