{"NodeId":"i=2253","EndpointUrl":"opc.tcp://localhost:61457/UA/SampleServer","DisplayName":"PendingAlarms","Value":{"Type":22,"Body":{"TypeId":{"IdType":1,"Id":"EncodeableDictionary_Encoding_DefaultJson"},"Body":{"EventId":{"Value":{"Type":15,"Body":"NRky0TNAZEyEE3YrXXL/yg=="},"SourceTimestamp":"2024-04-27T13:50:04.9360638Z"},"EventType":{"Value":{"Type":17,"Body":{"Id":9764}},"SourceTimestamp":"2024-04-27T13:50:04.9360638Z"},"LocalTime":{"Value":{"Type":22,"Body":{"TypeId":{"Id":15086},"Body":{"Offset":120,"DaylightSavingInOffset":true}}},"SourceTimestamp":"2024-04-27T13:50:04.9360638Z"},"Message":{"Value":{"Type":21,"Body":{"Text":"The alarm severity has increased."}},"SourceTimestamp":"2024-04-27T13:50:04.9360638Z"},"ReceiveTime":{"Value":{"Type":13,"Body":"2024-04-27T13:50:04.1602735Z"},"SourceTimestamp":"2024-04-27T13:50:04.9360638Z"},"Severity":{"Value":{"Type":5,"Body":700},"SourceTimestamp":"2024-04-27T13:50:04.9360638Z"},"SourceName":{"Value":{"Type":12,"Body":"WestTank"},"SourceTimestamp":"2024-04-27T13:50:04.9360638Z"},"SourceNode":{"Value":{"Type":17,"Body":{"IdType":1,"Id":"1:Metals/WestTank","Namespace":15}},"SourceTimestamp":"2024-04-27T13:50:04.9360638Z"},"Time":{"Value":{"Type":13,"Body":"2024-04-27T13:50:04.1602705Z"},"SourceTimestamp":"2024-04-27T13:50:04.9360638Z"}}}}}