{"NodeId":"i=2253","EndpointUrl":"opc.tcp://localhost:61457/UA/SampleServer","DisplayName":"PendingAlarms","Value":{"Type":22,"Body":{"TypeId":{"IdType":1,"Id":"EncodeableDictionary_Encoding_DefaultJson"},"Body":{"EventId":{"Value":{"Type":15,"Body":"v8eAmCVF9USse0zKUSm/zQ=="},"SourceTimestamp":"2024-04-27T13:50:02.9509651Z"},"EventType":{"Value":{"Type":17,"Body":{"Id":9764}},"SourceTimestamp":"2024-04-27T13:50:02.9509651Z"},"LocalTime":{"Value":{"Type":22,"Body":{"TypeId":{"Id":15086},"Body":{"Offset":120,"DaylightSavingInOffset":true}}},"SourceTimestamp":"2024-04-27T13:50:02.9509651Z"},"Message":{"Value":{"Type":21,"Body":{"Text":"The alarm severity has increased."}},"SourceTimestamp":"2024-04-27T13:50:02.9509651Z"},"ReceiveTime":{"Value":{"Type":13,"Body":"2024-04-27T13:50:02.1648712Z"},"SourceTimestamp":"2024-04-27T13:50:02.9509651Z"},"Severity":{"Value":{"Type":5,"Body":500},"SourceTimestamp":"2024-04-27T13:50:02.9509651Z"},"SourceName":{"Value":{"Type":12,"Body":"SouthMotor"},"SourceTimestamp":"2024-04-27T13:50:02.9509651Z"},"SourceNode":{"Value":{"Type":17,"Body":{"IdType":1,"Id":"1:Metals/SouthMotor","Namespace":15}},"SourceTimestamp":"2024-04-27T13:50:02.9509651Z"},"Time":{"Value":{"Type":13,"Body":"2024-04-27T13:50:02.1648669Z"},"SourceTimestamp":"2024-04-27T13:50:02.9509651Z"}}}}}