{"NodeId":"i=2253","EndpointUrl":"opc.tcp://localhost:61457/UA/SampleServer","DisplayName":"PendingAlarms","Value":{"Type":22,"Body":{"TypeId":{"IdType":1,"Id":"EncodeableDictionary_Encoding_DefaultJson"},"Body":{"EventId":{"Value":{"Type":15,"Body":"LzMWDcI2U0udzIXqa/eCIg=="},"SourceTimestamp":"2024-04-27T13:50:13.9157153Z"},"EventType":{"Value":{"Type":17,"Body":{"Id":10060}},"SourceTimestamp":"2024-04-27T13:50:13.9157153Z"},"LocalTime":{"Value":{"Type":22,"Body":{"TypeId":{"Id":15086},"Body":{"Offset":120,"DaylightSavingInOffset":true}}},"SourceTimestamp":"2024-04-27T13:50:13.9157153Z"},"Message":{"Value":{"Type":21,"Body":{"Text":"The alarm severity has increased."}},"SourceTimestamp":"2024-04-27T13:50:13.9157153Z"},"ReceiveTime":{"Value":{"Type":13,"Body":"2024-04-27T13:50:13.1583073Z"},"SourceTimestamp":"2024-04-27T13:50:13.9157153Z"},"Severity":{"Value":{"Type":5,"Body":700},"SourceTimestamp":"2024-04-27T13:50:13.9157153Z"},"SourceName":{"Value":{"Type":12,"Body":"WestTank"},"SourceTimestamp":"2024-04-27T13:50:13.9157153Z"},"SourceNode":{"Value":{"Type":17,"Body":{"IdType":1,"Id":"1:Metals/WestTank","Namespace":15}},"SourceTimestamp":"2024-04-27T13:50:13.9157153Z"},"Time":{"Value":{"Type":13,"Body":"2024-04-27T13:50:13.1583044Z"},"SourceTimestamp":"2024-04-27T13:50:13.9157153Z"}}}}}