{"NodeId":"i=2253","EndpointUrl":"opc.tcp://localhost:61457/UA/SampleServer","DisplayName":"PendingAlarms","Value":{"Type":22,"Body":{"TypeId":{"IdType":1,"Id":"EncodeableDictionary_Encoding_DefaultJson"},"Body":{"EventId":{"Value":{"Type":15,"Body":"lf9rTwf4JkuooQsCd4SpqA=="},"SourceTimestamp":"2024-04-27T13:50:10.9375598Z"},"EventType":{"Value":{"Type":17,"Body":{"Id":10751}},"SourceTimestamp":"2024-04-27T13:50:10.9375598Z"},"LocalTime":{"Value":{"Type":22,"Body":{"TypeId":{"Id":15086},"Body":{"Offset":120,"DaylightSavingInOffset":true}}},"SourceTimestamp":"2024-04-27T13:50:10.9375598Z"},"Message":{"Value":{"Type":21,"Body":{"Text":"The alarm is active."}},"SourceTimestamp":"2024-04-27T13:50:10.9375598Z"},"ReceiveTime":{"Value":{"Type":13,"Body":"2024-04-27T13:50:10.1648165Z"},"SourceTimestamp":"2024-04-27T13:50:10.9375598Z"},"Severity":{"Value":{"Type":5,"Body":100},"SourceTimestamp":"2024-04-27T13:50:10.9375598Z"},"SourceName":{"Value":{"Type":12,"Body":"WestTank"},"SourceTimestamp":"2024-04-27T13:50:10.9375598Z"},"SourceNode":{"Value":{"Type":17,"Body":{"IdType":1,"Id":"1:Metals/WestTank","Namespace":15}},"SourceTimestamp":"2024-04-27T13:50:10.9375598Z"},"Time":{"Value":{"Type":13,"Body":"2024-04-27T13:50:10.1648032Z"},"SourceTimestamp":"2024-04-27T13:50:10.9375598Z"}}}}}