{"NodeId":"i=2253","EndpointUrl":"opc.tcp://localhost:61457/UA/SampleServer","ApplicationUri":"urn:desktop-bgfjs91:OPCFoundation:CoreSampleServer","DisplayName":"<<UnknownDataSet>>","Timestamp":"2024-04-27T09:45:04.2877127Z","Value":{"EventId":"wnLeoadtMkeYHQC3LEMTtA==","EventType":{"IdType":1,"Id":"ReferenceChange"},"SourceNode":{"Id":84},"Time":"2024-04-27T09:45:04.2869435Z","Change":{"ReferenceTypeId":{"Id":35},"IsForward":true,"NodeId":{"Id":85},"BrowseName":{"Name":"Objects"},"DisplayName":"Objects","NodeClass":"Object_1","TypeDefinition":{"Id":61}}},"SequenceNumber":1,"ExtensionFields":{}}