{"NodeId":"i=2253","EndpointUrl":"opc.tcp://localhost:61457/UA/SampleServer","ApplicationUri":"urn:desktop-bgfjs91:OPCFoundation:CoreSampleServer","DisplayName":"<<UnknownDataSet>>","Timestamp":"2024-04-27T09:45:04.4463096Z","Value":{"EventId":"N8hVp3f8R0eTKXEeCfd6ew==","EventType":{"IdType":1,"Id":"NodeChange"},"SourceNode":{"Id":17594},"Time":"2024-04-27T09:45:04.446308Z","Change":{"NodeId":{"Id":17594},"NodeClass":"Object_1","BrowseName":{"Name":"Dictionaries"},"DisplayName":"Dictionaries","RolePermissions":[],"UserRolePermissions":[],"References":[]}},"SequenceNumber":100,"ExtensionFields":{}}