{"NodeId":"i=2253","EndpointUrl":"opc.tcp://localhost:61457/UA/SampleServer","ApplicationUri":"urn:desktop-bgfjs91:OPCFoundation:CoreSampleServer","DisplayName":"<<UnknownDataSet>>","Timestamp":"2024-04-27T09:45:04.4515328Z","Value":{"EventId":"ahpgoju9rk2tLlj0c83WZg==","EventType":{"IdType":1,"Id":"NodeChange"},"SourceNode":{"IdType":1,"Id":"0:/Green","Namespace":"http://opcfoundation.org/AlarmCondition"},"Time":"2024-04-27T09:45:04.45153Z","Change":{"NodeId":{"IdType":1,"Id":"0:/Green","Namespace":"http://opcfoundation.org/AlarmCondition"},"NodeClass":"Object_1","BrowseName":{"Name":"Green","Uri":"http://opcfoundation.org/AlarmCondition"},"DisplayName":"Green","RolePermissions":[],"UserRolePermissions":[],"References":[],"EventNotifier":1}},"SequenceNumber":107,"ExtensionFields":{}}