{"NodeId":"i=2253","EndpointUrl":"opc.tcp://localhost:61457/UA/SampleServer","ApplicationUri":"urn:desktop-bgfjs91:OPCFoundation:CoreSampleServer","DisplayName":"<<UnknownDataSet>>","Timestamp":"2024-04-27T09:45:04.4584841Z","Value":{"EventId":"AOcaaPsgGU6txIn2Xf1gWA==","EventType":{"IdType":1,"Id":"ReferenceChange"},"SourceNode":{"Id":10157,"Namespace":"http://test.org/UA/Data/"},"Time":"2024-04-27T09:45:04.4584828Z","Change":{"ReferenceTypeId":{"Id":47},"IsForward":true,"NodeId":{"Id":10786,"Namespace":"http://test.org/UA/Data/"},"BrowseName":{"Name":"Dynamic","Uri":"http://test.org/UA/Data/"},"DisplayName":"Dynamic","NodeClass":"Object_1","TypeDefinition":{"Id":61}}},"SequenceNumber":120,"ExtensionFields":{}}