{"NodeId":"i=2253","EndpointUrl":"opc.tcp://localhost:61457/UA/SampleServer","ApplicationUri":"urn:desktop-bgfjs91:OPCFoundation:CoreSampleServer","DisplayName":"<<UnknownDataSet>>","Timestamp":"2024-04-27T09:45:04.4598875Z","Value":{"EventId":"+l9MF6z1H0K3gUD9WVW8Zw==","EventType":{"IdType":1,"Id":"NodeChange"},"SourceNode":{"Id":10786,"Namespace":"http://test.org/UA/Data/"},"Time":"2024-04-27T09:45:04.4598834Z","Change":{"NodeId":{"Id":10786,"Namespace":"http://test.org/UA/Data/"},"NodeClass":"Object_1","BrowseName":{"Name":"Dynamic","Uri":"http://test.org/UA/Data/"},"DisplayName":"Dynamic","RolePermissions":[],"UserRolePermissions":[],"References":[],"EventNotifier":1}},"SequenceNumber":121,"ExtensionFields":{}}