{"NodeId":"i=2253","EndpointUrl":"opc.tcp://localhost:61457/UA/SampleServer","ApplicationUri":"urn:desktop-bgfjs91:OPCFoundation:CoreSampleServer","DisplayName":"<<UnknownDataSet>>","Timestamp":"2024-04-27T09:45:04.4600344Z","Value":{"EventId":"ccOujmcJD0mFNoBUnaiF0Q==","EventType":{"IdType":1,"Id":"ReferenceChange"},"SourceNode":{"Id":10157,"Namespace":"http://test.org/UA/Data/"},"Time":"2024-04-27T09:45:04.4600332Z","Change":{"ReferenceTypeId":{"Id":47},"IsForward":true,"NodeId":{"Id":11383,"Namespace":"http://test.org/UA/Data/"},"BrowseName":{"Name":"Conditions","Uri":"http://test.org/UA/Data/"},"DisplayName":"Conditions","NodeClass":"Object_1","TypeDefinition":{"Id":61}}},"SequenceNumber":122,"ExtensionFields":{}}