{"NodeId":"i=2253","EndpointUrl":"opc.tcp://localhost:61457/UA/SampleServer","ApplicationUri":"urn:desktop-bgfjs91:OPCFoundation:CoreSampleServer","DisplayName":"<<UnknownDataSet>>","Timestamp":"2024-04-27T09:45:04.4634118Z","Value":{"EventId":"yYfypqT3Z0uzWfHGfKXTwg==","EventType":{"IdType":1,"Id":"ReferenceChange"},"SourceNode":{"Id":281,"Namespace":"http://opcfoundation.org/UA/Vehicles/Instances"},"Time":"2024-04-27T09:45:04.4634099Z","Change":{"ReferenceTypeId":{"Id":46},"IsForward":true,"NodeId":{"Id":380,"Namespace":"http://opcfoundation.org/UA/Vehicles/Instances"},"BrowseName":{"Name":"LotType","Uri":"http://opcfoundation.org/UA/Vehicles/Instances"},"DisplayName":"LotType","NodeClass":"Variable_2","TypeDefinition":{"Id":68}}},"SequenceNumber":126,"ExtensionFields":{}}