{"NodeId":"i=2253","EndpointUrl":"opc.tcp://localhost:61457/UA/SampleServer","ApplicationUri":"urn:desktop-bgfjs91:OPCFoundation:CoreSampleServer","DisplayName":"<<UnknownDataSet>>","Timestamp":"2024-04-27T09:45:04.467899Z","Value":{"EventId":"DBrF5bIp9EWr7ohB4endFw==","EventType":{"IdType":1,"Id":"ReferenceChange"},"SourceNode":{"Id":303,"Namespace":"http://opcfoundation.org/HistoricalEvents"},"Time":"2024-04-27T09:45:04.4678983Z","Change":{"ReferenceTypeId":{"Id":48},"IsForward":true,"NodeId":{"IdType":1,"Id":"Area99","Namespace":"http://opcfoundation.org/HistoricalEvents"},"BrowseName":{"Name":"Area99","Uri":"http://opcfoundation.org/HistoricalEvents"},"DisplayName":"Area99","NodeClass":"Object_1","TypeDefinition":{"Id":61}}},"SequenceNumber":134,"ExtensionFields":{}}