{"NodeId":"i=2253","EndpointUrl":"opc.tcp://localhost:61457/UA/SampleServer","ApplicationUri":"urn:desktop-bgfjs91:OPCFoundation:CoreSampleServer","DisplayName":"<<UnknownDataSet>>","Timestamp":"2024-04-27T09:45:04.4712593Z","Value":{"EventId":"OWbBKiDwwUqKJf0HAvZAWw==","EventType":{"IdType":1,"Id":"NodeChange"},"SourceNode":{"IdType":1,"Id":"0:Boiler #2","Namespace":"http://opcfoundation.org/UA/Views"},"Time":"2024-04-27T09:45:04.4712575Z","Change":{"NodeId":{"IdType":1,"Id":"0:Boiler #2","Namespace":"http://opcfoundation.org/UA/Views"},"NodeClass":"Object_1","BrowseName":{"Name":"Boiler #2","Uri":"http://opcfoundation.org/UA/Views"},"DisplayName":"Boiler #2","RolePermissions":[],"UserRolePermissions":[],"References":[]}},"SequenceNumber":139,"ExtensionFields":{}}