{"NodeId":"i=2253","EndpointUrl":"opc.tcp://localhost:61457/UA/SampleServer","ApplicationUri":"urn:desktop-bgfjs91:OPCFoundation:CoreSampleServer","DisplayName":"<<UnknownDataSet>>","Timestamp":"2024-04-27T09:45:04.4724362Z","Value":{"EventId":"5OCgL5Tf6Ein3DQAd+7huQ==","EventType":{"IdType":1,"Id":"NodeChange"},"SourceNode":{"Id":15013,"Namespace":"http://opcfoundation.org/UA/Plc"},"Time":"2024-04-27T09:45:04.4724345Z","Change":{"NodeId":{"Id":15013,"Namespace":"http://opcfoundation.org/UA/Plc"},"NodeClass":"Variable_2","BrowseName":{"Name":"PlcStatus","Uri":"http://opcfoundation.org/UA/Plc"},"DisplayName":"PlcStatus","RolePermissions":[],"UserRolePermissions":[],"References":[],"Value":null,"DataType":{"Id":15032,"Namespace":"http://opcfoundation.org/UA/Plc"},"ValueRank":-1,"ArrayDimensions":[],"AccessLevel":1,"UserAccessLevel":1,"AccessLevelEx":1}},"SequenceNumber":141,"ExtensionFields":{}}