{"NodeId":"i=2253","EndpointUrl":"opc.tcp://localhost:61457/UA/SampleServer","ApplicationUri":"urn:desktop-bgfjs91:OPCFoundation:CoreSampleServer","DisplayName":"<<UnknownDataSet>>","Timestamp":"2024-04-27T09:45:04.4725078Z","Value":{"EventId":"LSmqLLOZ/UG//ztD62FbNg==","EventType":{"IdType":1,"Id":"ReferenceChange"},"SourceNode":{"Id":1025,"Namespace":"http://samples.org/UA/memorybuffer"},"Time":"2024-04-27T09:45:04.4725071Z","Change":{"ReferenceTypeId":{"Id":47},"IsForward":true,"NodeId":{"IdType":1,"Id":"UInt32","Namespace":"http://samples.org/UA/memorybuffer/Instance"},"BrowseName":{"Name":"UInt32","Uri":"http://samples.org/UA/memorybuffer/Instance"},"DisplayName":"UInt32","NodeClass":"Object_1","TypeDefinition":{"Id":1000,"Namespace":"http://samples.org/UA/memorybuffer"}}},"SequenceNumber":142,"ExtensionFields":{}}