{"NodeId":"i=2253","EndpointUrl":"opc.tcp://localhost:61457/UA/SampleServer","ApplicationUri":"urn:desktop-bgfjs91:OPCFoundation:CoreSampleServer","DisplayName":"<<UnknownDataSet>>","Timestamp":"2024-04-27T09:45:04.4760188Z","Value":{"EventId":"e9/047YQKEOLJzX4HNPq/g==","EventType":{"IdType":1,"Id":"ReferenceChange"},"SourceNode":{"Id":1240,"Namespace":"http://opcfoundation.org/UA/Boiler/"},"Time":"2024-04-27T09:45:04.4760182Z","Change":{"ReferenceTypeId":{"Id":35},"IsForward":true,"NodeId":{"Id":1,"Namespace":"http://opcfoundation.org/UA/Boiler//Instance"},"BrowseName":{"Name":"Boiler #2","Uri":"http://opcfoundation.org/UA/Boiler//Instance"},"DisplayName":"Boiler #2","NodeClass":"Object_1","TypeDefinition":{"Id":1132,"Namespace":"http://opcfoundation.org/UA/Boiler/"}}},"SequenceNumber":148,"ExtensionFields":{}}