{"NodeId":"i=2253","EndpointUrl":"opc.tcp://localhost:61457/UA/SampleServer","ApplicationUri":"urn:desktop-bgfjs91:OPCFoundation:CoreSampleServer","DisplayName":"<<UnknownDataSet>>","Timestamp":"2024-04-27T09:45:04.3357391Z","Value":{"EventId":"9P/2dXlnwEOxJTsd4j2ucg==","EventType":{"IdType":1,"Id":"ReferenceChange"},"SourceNode":{"Id":85},"Time":"2024-04-27T09:45:04.3357382Z","Change":{"ReferenceTypeId":{"Id":35},"IsForward":true,"NodeId":{"Id":281,"Namespace":"http://opcfoundation.org/UA/Vehicles/Instances"},"BrowseName":{"Name":"ParkingLot","Uri":"http://opcfoundation.org/UA/Vehicles/Instances"},"DisplayName":"ParkingLot","NodeClass":"Object_1","TypeDefinition":{"Id":58}}},"SequenceNumber":15,"ExtensionFields":{}}