{"NodeId":"i=2253","EndpointUrl":"opc.tcp://localhost:61457/UA/SampleServer","ApplicationUri":"urn:desktop-bgfjs91:OPCFoundation:CoreSampleServer","DisplayName":"<<UnknownDataSet>>","Timestamp":"2024-04-27T09:45:04.4808014Z","Value":{"EventId":"Q/cg/FuWdUevIokJesq7Xg==","EventType":{"IdType":1,"Id":"NodeChange"},"SourceNode":{"IdType":1,"Id":"DataAccess","Namespace":"http://opcfoundation.org/ReferenceApplications"},"Time":"2024-04-27T09:45:04.4807995Z","Change":{"NodeId":{"IdType":1,"Id":"DataAccess","Namespace":"http://opcfoundation.org/ReferenceApplications"},"NodeClass":"Object_1","BrowseName":{"Name":"DataAccess","Uri":"http://opcfoundation.org/ReferenceApplications"},"DisplayName":"DataAccess","RolePermissions":[],"UserRolePermissions":[],"References":[]}},"SequenceNumber":154,"ExtensionFields":{}}