{"NodeId":"i=2253","EndpointUrl":"opc.tcp://localhost:61457/UA/SampleServer","ApplicationUri":"urn:desktop-bgfjs91:OPCFoundation:CoreSampleServer","DisplayName":"<<UnknownDataSet>>","Timestamp":"2024-04-27T09:45:04.4834465Z","Value":{"EventId":"mcf/jtw2E0Gm8m9wStvnpA==","EventType":{"IdType":1,"Id":"ReferenceChange"},"SourceNode":{"IdType":1,"Id":"CTT","Namespace":"http://opcfoundation.org/ReferenceApplications"},"Time":"2024-04-27T09:45:04.4834459Z","Change":{"ReferenceTypeId":{"Id":35},"IsForward":true,"NodeId":{"IdType":1,"Id":"NodeIds","Namespace":"http://opcfoundation.org/ReferenceApplications"},"BrowseName":{"Name":"NodeIds","Uri":"http://opcfoundation.org/ReferenceApplications"},"DisplayName":"NodeIds","NodeClass":"Object_1","TypeDefinition":{"Id":61}}},"SequenceNumber":159,"ExtensionFields":{}}