{"NodeId":"i=2253","EndpointUrl":"opc.tcp://localhost:61457/UA/SampleServer","ApplicationUri":"urn:desktop-bgfjs91:OPCFoundation:CoreSampleServer","DisplayName":"<<UnknownDataSet>>","Timestamp":"2024-04-27T09:45:04.4927048Z","Value":{"EventId":"rrjC5VAPokexfR37Ri6y0g==","EventType":{"IdType":1,"Id":"ReferenceChange"},"SourceNode":{"IdType":1,"Id":"0:Assets","Namespace":"DataAccess"},"Time":"2024-04-27T09:45:04.4927041Z","Change":{"ReferenceTypeId":{"Id":35},"IsForward":true,"NodeId":{"IdType":1,"Id":"0:Assets/Sensors","Namespace":"DataAccess"},"BrowseName":{"Name":"Sensors","Uri":"DataAccess"},"DisplayName":"Sensors","NodeClass":"Object_1","TypeDefinition":{"Id":61}}},"SequenceNumber":173,"ExtensionFields":{}}