{"NodeId":"i=2253","EndpointUrl":"opc.tcp://localhost:61457/UA/SampleServer","ApplicationUri":"urn:desktop-bgfjs91:OPCFoundation:CoreSampleServer","DisplayName":"<<UnknownDataSet>>","Timestamp":"2024-04-27T09:45:04.3382757Z","Value":{"EventId":"nMpf9yjH0kaQQauHLpu3ww==","EventType":{"IdType":1,"Id":"NodeChange"},"SourceNode":{"Id":303,"Namespace":"http://opcfoundation.org/HistoricalEvents"},"Time":"2024-04-27T09:45:04.338274Z","Change":{"NodeId":{"Id":303,"Namespace":"http://opcfoundation.org/HistoricalEvents"},"NodeClass":"Object_1","BrowseName":{"Name":"Plaforms","Uri":"http://opcfoundation.org/HistoricalEvents"},"DisplayName":"Plaforms","RolePermissions":[],"UserRolePermissions":[],"References":[],"EventNotifier":13}},"SequenceNumber":18,"ExtensionFields":{}}