{"NodeId":"i=2253","EndpointUrl":"opc.tcp://localhost:61457/UA/SampleServer","ApplicationUri":"urn:desktop-bgfjs91:OPCFoundation:CoreSampleServer","DisplayName":"<<UnknownDataSet>>","Timestamp":"2024-04-27T09:45:04.501097Z","Value":{"EventId":"DhyTREfhoEepjhHWqs4f+w==","EventType":{"IdType":1,"Id":"NodeChange"},"SourceNode":{"IdType":1,"Id":"Methods","Namespace":"http://opcfoundation.org/UA/Plc/Applications"},"Time":"2024-04-27T09:45:04.5010954Z","Change":{"NodeId":{"IdType":1,"Id":"Methods","Namespace":"http://opcfoundation.org/UA/Plc/Applications"},"NodeClass":"Object_1","BrowseName":{"Name":"Methods","Uri":"http://opcfoundation.org/UA/Plc/Applications"},"DisplayName":"Methods","RolePermissions":[],"UserRolePermissions":[],"References":[]}},"SequenceNumber":186,"ExtensionFields":{}}