{"NodeId":"i=2253","EndpointUrl":"opc.tcp://localhost:61457/UA/SampleServer","ApplicationUri":"urn:desktop-bgfjs91:OPCFoundation:CoreSampleServer","DisplayName":"<<UnknownDataSet>>","Timestamp":"2024-04-27T09:45:04.3393699Z","Value":{"EventId":"fM0d70qkMEioxYl/KEMsRw==","EventType":{"IdType":1,"Id":"NodeChange"},"SourceNode":{"Id":442,"Namespace":"http://opcfoundation.org/UA/Views"},"Time":"2024-04-27T09:45:04.3393681Z","Change":{"NodeId":{"Id":442,"Namespace":"http://opcfoundation.org/UA/Views"},"NodeClass":"Object_1","BrowseName":{"Name":"Plant","Uri":"http://opcfoundation.org/UA/Views"},"DisplayName":"Plant","RolePermissions":[],"UserRolePermissions":[],"References":[]}},"SequenceNumber":20,"ExtensionFields":{}}