{"NodeId":"i=2253","EndpointUrl":"opc.tcp://localhost:61457/UA/SampleServer","ApplicationUri":"urn:desktop-bgfjs91:OPCFoundation:CoreSampleServer","DisplayName":"<<UnknownDataSet>>","Timestamp":"2024-04-27T09:45:04.5091527Z","Value":{"EventId":"0qn7b/IhG0Cjr3CSFcIh6A==","EventType":{"IdType":1,"Id":"ReferenceChange"},"SourceNode":{"Id":3048},"Time":"2024-04-27T09:45:04.5091521Z","Change":{"ReferenceTypeId":{"Id":35},"IsForward":true,"NodeId":{"Id":2041},"BrowseName":{"Name":"BaseEventType"},"DisplayName":"BaseEventType","NodeClass":"ObjectType_8"}},"SequenceNumber":201,"ExtensionFields":{}}