{"NodeId":"i=2253","EndpointUrl":"opc.tcp://localhost:61457/UA/SampleServer","ApplicationUri":"urn:desktop-bgfjs91:OPCFoundation:CoreSampleServer","DisplayName":"<<UnknownDataSet>>","Timestamp":"2024-04-27T09:45:04.5136524Z","Value":{"EventId":"aJZ1TkGlM0aXjUuXiC2tug==","EventType":{"IdType":1,"Id":"NodeChange"},"SourceNode":{"IdType":1,"Id":"Scalar_Static_Mass","Namespace":"http://opcfoundation.org/ReferenceApplications"},"Time":"2024-04-27T09:45:04.5136509Z","Change":{"NodeId":{"IdType":1,"Id":"Scalar_Static_Mass","Namespace":"http://opcfoundation.org/ReferenceApplications"},"NodeClass":"Object_1","BrowseName":{"Name":"Scalar_Static_Mass","Uri":"http://opcfoundation.org/ReferenceApplications"},"DisplayName":"Mass","RolePermissions":[],"UserRolePermissions":[],"References":[]}},"SequenceNumber":208,"ExtensionFields":{}}