{"NodeId":"i=2253","EndpointUrl":"opc.tcp://localhost:61457/UA/SampleServer","ApplicationUri":"urn:desktop-bgfjs91:OPCFoundation:CoreSampleServer","DisplayName":"<<UnknownDataSet>>","Timestamp":"2024-04-27T09:45:04.5543128Z","Value":{"EventId":"SGahxVpmi0Cu7uR+D1wW0A==","EventType":{"IdType":1,"Id":"ReferenceChange"},"SourceNode":{"Id":2256},"Time":"2024-04-27T09:45:04.5543106Z","Change":{"ReferenceTypeId":{"Id":47},"IsForward":true,"NodeId":{"Id":2992},"BrowseName":{"Name":"SecondsTillShutdown"},"DisplayName":"SecondsTillShutdown","NodeClass":"Variable_2","TypeDefinition":{"Id":63}}},"SequenceNumber":217,"ExtensionFields":{}}