{"NodeId":"i=2253","EndpointUrl":"opc.tcp://localhost:61457/UA/SampleServer","ApplicationUri":"urn:desktop-bgfjs91:OPCFoundation:CoreSampleServer","DisplayName":"<<UnknownDataSet>>","Timestamp":"2024-04-27T09:45:04.5555556Z","Value":{"EventId":"kzszDY4ve0yypvRBDpC5LA==","EventType":{"IdType":1,"Id":"NodeChange"},"SourceNode":{"Id":2992},"Time":"2024-04-27T09:45:04.5555524Z","Change":{"NodeId":{"Id":2992},"NodeClass":"Variable_2","BrowseName":{"Name":"SecondsTillShutdown"},"DisplayName":"SecondsTillShutdown","RolePermissions":[],"UserRolePermissions":[],"References":[],"Value":null,"DataType":{"Id":7},"ValueRank":-1,"ArrayDimensions":[],"AccessLevel":1,"UserAccessLevel":1,"AccessLevelEx":1}},"SequenceNumber":218,"ExtensionFields":{}}