{"NodeId":"i=2253","EndpointUrl":"opc.tcp://localhost:61457/UA/SampleServer","ApplicationUri":"urn:desktop-bgfjs91:OPCFoundation:CoreSampleServer","DisplayName":"<<UnknownDataSet>>","Timestamp":"2024-04-27T09:45:04.3413608Z","Value":{"EventId":"RP4io77sbU+gVUrclB5BXA==","EventType":{"IdType":1,"Id":"NodeChange"},"SourceNode":{"Id":15070,"Namespace":"http://opcfoundation.org/UA/Plc"},"Time":"2024-04-27T09:45:04.3413586Z","Change":{"NodeId":{"Id":15070,"Namespace":"http://opcfoundation.org/UA/Plc"},"NodeClass":"Object_1","BrowseName":{"Name":"Plc #1","Uri":"http://opcfoundation.org/UA/Plc"},"DisplayName":"Plc #1","Description":"A simple plc.","RolePermissions":[],"UserRolePermissions":[],"References":[],"EventNotifier":1}},"SequenceNumber":22,"ExtensionFields":{}}