{"NodeId":"i=2253","EndpointUrl":"opc.tcp://localhost:61457/UA/SampleServer","ApplicationUri":"urn:desktop-bgfjs91:OPCFoundation:CoreSampleServer","DisplayName":"<<UnknownDataSet>>","Timestamp":"2024-04-27T09:45:04.5817833Z","Value":{"EventId":"49ffXW20dEmMBaqrhXlvog==","EventType":{"IdType":1,"Id":"ReferenceChange"},"SourceNode":{"Id":2268},"Time":"2024-04-27T09:45:04.5817814Z","Change":{"ReferenceTypeId":{"Id":46},"IsForward":true,"NodeId":{"Id":2272},"BrowseName":{"Name":"MinSupportedSampleRate"},"DisplayName":"MinSupportedSampleRate","NodeClass":"Variable_2","TypeDefinition":{"Id":68}}},"SequenceNumber":225,"ExtensionFields":{}}