{"NodeId":"i=2253","EndpointUrl":"opc.tcp://localhost:61457/UA/SampleServer","ApplicationUri":"urn:desktop-bgfjs91:OPCFoundation:CoreSampleServer","DisplayName":"<<UnknownDataSet>>","Timestamp":"2024-04-27T09:45:04.5841177Z","Value":{"EventId":"G9NVt247GkiXBwTzO0JQjg==","EventType":{"IdType":1,"Id":"ReferenceChange"},"SourceNode":{"Id":2268},"Time":"2024-04-27T09:45:04.5841169Z","Change":{"ReferenceTypeId":{"Id":46},"IsForward":true,"NodeId":{"Id":2736},"BrowseName":{"Name":"MaxQueryContinuationPoints"},"DisplayName":"MaxQueryContinuationPoints","NodeClass":"Variable_2","TypeDefinition":{"Id":68}}},"SequenceNumber":229,"ExtensionFields":{}}