{"NodeId":"i=2253","EndpointUrl":"opc.tcp://localhost:61457/UA/SampleServer","ApplicationUri":"urn:desktop-bgfjs91:OPCFoundation:CoreSampleServer","DisplayName":"<<UnknownDataSet>>","Timestamp":"2024-04-27T09:45:04.3414328Z","Value":{"EventId":"DbuhSvuSlUm11Xyo6pMQMg==","EventType":{"IdType":1,"Id":"ReferenceChange"},"SourceNode":{"Id":85},"Time":"2024-04-27T09:45:04.3414321Z","Change":{"ReferenceTypeId":{"Id":35},"IsForward":true,"NodeId":{"Id":1025,"Namespace":"http://samples.org/UA/memorybuffer"},"BrowseName":{"Name":"MemoryBuffers","Uri":"http://samples.org/UA/memorybuffer"},"DisplayName":"MemoryBuffers","NodeClass":"Object_1","TypeDefinition":{"Id":61}}},"SequenceNumber":23,"ExtensionFields":{}}