{"NodeId":"i=2253","EndpointUrl":"opc.tcp://localhost:61457/UA/SampleServer","ApplicationUri":"urn:desktop-bgfjs91:OPCFoundation:CoreSampleServer","DisplayName":"<<UnknownDataSet>>","Timestamp":"2024-04-27T09:45:04.5863744Z","Value":{"EventId":"zGA6DY7WF0ema3VcqI9wug==","EventType":{"IdType":1,"Id":"ReferenceChange"},"SourceNode":{"Id":2268},"Time":"2024-04-27T09:45:04.5863737Z","Change":{"ReferenceTypeId":{"Id":46},"IsForward":true,"NodeId":{"Id":3704},"BrowseName":{"Name":"SoftwareCertificates"},"DisplayName":"SoftwareCertificates","NodeClass":"Variable_2","TypeDefinition":{"Id":68}}},"SequenceNumber":233,"ExtensionFields":{}}