{"NodeId":"i=2253","EndpointUrl":"opc.tcp://localhost:61457/UA/SampleServer","ApplicationUri":"urn:desktop-bgfjs91:OPCFoundation:CoreSampleServer","DisplayName":"<<UnknownDataSet>>","Timestamp":"2024-04-27T09:45:04.5886308Z","Value":{"EventId":"xVyFmXwVi0eaMC9iQa01tg==","EventType":{"IdType":1,"Id":"NodeChange"},"SourceNode":{"Id":11702},"Time":"2024-04-27T09:45:04.5886292Z","Change":{"NodeId":{"Id":11702},"NodeClass":"Variable_2","BrowseName":{"Name":"MaxArrayLength"},"DisplayName":"MaxArrayLength","RolePermissions":[],"UserRolePermissions":[],"References":[],"Value":null,"DataType":{"Id":7},"ValueRank":-1,"ArrayDimensions":[],"AccessLevel":1,"UserAccessLevel":1,"AccessLevelEx":1}},"SequenceNumber":236,"ExtensionFields":{}}