{"NodeId":"i=2253","EndpointUrl":"opc.tcp://localhost:61457/UA/SampleServer","ApplicationUri":"urn:desktop-bgfjs91:OPCFoundation:CoreSampleServer","DisplayName":"<<UnknownDataSet>>","Timestamp":"2024-04-27T09:45:04.5909246Z","Value":{"EventId":"O4r+9YQ7DkKt4ngzW09Puw==","EventType":{"IdType":1,"Id":"NodeChange"},"SourceNode":{"Id":12911},"Time":"2024-04-27T09:45:04.590923Z","Change":{"NodeId":{"Id":12911},"NodeClass":"Variable_2","BrowseName":{"Name":"MaxByteStringLength"},"DisplayName":"MaxByteStringLength","RolePermissions":[],"UserRolePermissions":[],"References":[],"Value":null,"DataType":{"Id":7},"ValueRank":-1,"ArrayDimensions":[],"AccessLevel":1,"UserAccessLevel":1,"AccessLevelEx":1}},"SequenceNumber":240,"ExtensionFields":{}}