{"NodeId":"i=2253","EndpointUrl":"opc.tcp://localhost:61457/UA/SampleServer","ApplicationUri":"urn:desktop-bgfjs91:OPCFoundation:CoreSampleServer","DisplayName":"<<UnknownDataSet>>","Timestamp":"2024-04-27T09:45:04.5910025Z","Value":{"EventId":"+L+n8TR/VEutgZSFAordKQ==","EventType":{"IdType":1,"Id":"ReferenceChange"},"SourceNode":{"Id":2268},"Time":"2024-04-27T09:45:04.5910018Z","Change":{"ReferenceTypeId":{"Id":47},"IsForward":true,"NodeId":{"Id":11704},"BrowseName":{"Name":"OperationLimits"},"DisplayName":"OperationLimits","NodeClass":"Object_1","TypeDefinition":{"Id":11564}}},"SequenceNumber":241,"ExtensionFields":{}}