{"NodeId":"i=2253","EndpointUrl":"opc.tcp://localhost:61457/UA/SampleServer","ApplicationUri":"urn:desktop-bgfjs91:OPCFoundation:CoreSampleServer","DisplayName":"<<UnknownDataSet>>","Timestamp":"2024-04-27T09:45:04.5943401Z","Value":{"EventId":"0DRBpt3v/0SaXsWZ1br0iA==","EventType":{"IdType":1,"Id":"ReferenceChange"},"SourceNode":{"Id":2268},"Time":"2024-04-27T09:45:04.5943393Z","Change":{"ReferenceTypeId":{"Id":47},"IsForward":true,"NodeId":{"Id":15606},"BrowseName":{"Name":"RoleSet"},"DisplayName":"RoleSet","NodeClass":"Object_1","TypeDefinition":{"Id":15607}}},"SequenceNumber":247,"ExtensionFields":{}}