{"NodeId":"i=2253","EndpointUrl":"opc.tcp://localhost:61457/UA/SampleServer","ApplicationUri":"urn:desktop-bgfjs91:OPCFoundation:CoreSampleServer","DisplayName":"<<UnknownDataSet>>","Timestamp":"2024-04-27T09:45:04.5966177Z","Value":{"EventId":"JarrRhvLSUi6foEMvNSgLA==","EventType":{"IdType":1,"Id":"NodeChange"},"SourceNode":{"Id":24095},"Time":"2024-04-27T09:45:04.596616Z","Change":{"NodeId":{"Id":24095},"NodeClass":"Variable_2","BrowseName":{"Name":"MaxSessions"},"DisplayName":"MaxSessions","RolePermissions":[],"UserRolePermissions":[],"References":[],"Value":null,"DataType":{"Id":7},"ValueRank":-1,"ArrayDimensions":[],"AccessLevel":1,"UserAccessLevel":1,"AccessLevelEx":1}},"SequenceNumber":250,"ExtensionFields":{}}