{"NodeId":"i=2253","EndpointUrl":"opc.tcp://localhost:61457/UA/SampleServer","ApplicationUri":"urn:desktop-bgfjs91:OPCFoundation:CoreSampleServer","DisplayName":"<<UnknownDataSet>>","Timestamp":"2024-04-27T09:45:04.6001165Z","Value":{"EventId":"ttWtGak6fU20S0FV6Ho38A==","EventType":{"IdType":1,"Id":"ReferenceChange"},"SourceNode":{"Id":2268},"Time":"2024-04-27T09:45:04.6001157Z","Change":{"ReferenceTypeId":{"Id":46},"IsForward":true,"NodeId":{"Id":24104},"BrowseName":{"Name":"MaxMonitoredItemsPerSubscription"},"DisplayName":"MaxMonitoredItemsPerSubscription","NodeClass":"Variable_2","TypeDefinition":{"Id":68}}},"SequenceNumber":257,"ExtensionFields":{}}