{"NodeId":"i=2253","EndpointUrl":"opc.tcp://localhost:61457/UA/SampleServer","ApplicationUri":"urn:desktop-bgfjs91:OPCFoundation:CoreSampleServer","DisplayName":"<<UnknownDataSet>>","Timestamp":"2024-04-27T09:45:04.601118Z","Value":{"EventId":"Fu7s8Ent+UmmOg7s8PDLLw==","EventType":{"IdType":1,"Id":"NodeChange"},"SourceNode":{"Id":24104},"Time":"2024-04-27T09:45:04.6011147Z","Change":{"NodeId":{"Id":24104},"NodeClass":"Variable_2","BrowseName":{"Name":"MaxMonitoredItemsPerSubscription"},"DisplayName":"MaxMonitoredItemsPerSubscription","RolePermissions":[],"UserRolePermissions":[],"References":[],"Value":null,"DataType":{"Id":7},"ValueRank":-1,"ArrayDimensions":[],"AccessLevel":1,"UserAccessLevel":1,"AccessLevelEx":1}},"SequenceNumber":258,"ExtensionFields":{}}