{"NodeId":"i=2253","EndpointUrl":"opc.tcp://localhost:61457/UA/SampleServer","ApplicationUri":"urn:desktop-bgfjs91:OPCFoundation:CoreSampleServer","DisplayName":"<<UnknownDataSet>>","Timestamp":"2024-04-27T09:45:04.3439031Z","Value":{"EventId":"DnxiVhtX80i0g2DPY0AqQg==","EventType":{"IdType":1,"Id":"NodeChange"},"SourceNode":{"Id":1240,"Namespace":"http://opcfoundation.org/UA/Boiler/"},"Time":"2024-04-27T09:45:04.3439016Z","Change":{"NodeId":{"Id":1240,"Namespace":"http://opcfoundation.org/UA/Boiler/"},"NodeClass":"Object_1","BrowseName":{"Name":"Boilers","Uri":"http://opcfoundation.org/UA/Boiler/"},"DisplayName":"Boilers","RolePermissions":[],"UserRolePermissions":[],"References":[],"EventNotifier":1}},"SequenceNumber":26,"ExtensionFields":{}}