{"NodeId":"i=2253","EndpointUrl":"opc.tcp://localhost:61457/UA/SampleServer","ApplicationUri":"urn:desktop-bgfjs91:OPCFoundation:CoreSampleServer","DisplayName":"<<UnknownDataSet>>","Timestamp":"2024-04-27T09:45:04.6023508Z","Value":{"EventId":"/UKBrAW520GLTWdTjHSd7w==","EventType":{"IdType":1,"Id":"ReferenceChange"},"SourceNode":{"Id":2268},"Time":"2024-04-27T09:45:04.6023501Z","Change":{"ReferenceTypeId":{"Id":46},"IsForward":true,"NodeId":{"Id":24100},"BrowseName":{"Name":"MaxWhereClauseParameters"},"DisplayName":"MaxWhereClauseParameters","NodeClass":"Variable_2","TypeDefinition":{"Id":68}}},"SequenceNumber":261,"ExtensionFields":{}}