{"NodeId":"i=2253","EndpointUrl":"opc.tcp://localhost:61457/UA/SampleServer","ApplicationUri":"urn:desktop-bgfjs91:OPCFoundation:CoreSampleServer","DisplayName":"<<UnknownDataSet>>","Timestamp":"2024-04-27T09:45:04.6035196Z","Value":{"EventId":"vrM/xitx3kefwtE5OQ//Iw==","EventType":{"IdType":1,"Id":"ReferenceChange"},"SourceNode":{"Id":2268},"Time":"2024-04-27T09:45:04.6035189Z","Change":{"ReferenceTypeId":{"Id":46},"IsForward":true,"NodeId":{"Id":31916},"BrowseName":{"Name":"MaxMonitoredItemsQueueSize"},"DisplayName":"MaxMonitoredItemsQueueSize","NodeClass":"Variable_2","TypeDefinition":{"Id":68}}},"SequenceNumber":263,"ExtensionFields":{}}