{"NodeId":"i=2253","EndpointUrl":"opc.tcp://localhost:61457/UA/SampleServer","ApplicationUri":"urn:desktop-bgfjs91:OPCFoundation:CoreSampleServer","DisplayName":"<<UnknownDataSet>>","Timestamp":"2024-04-27T09:45:04.6045845Z","Value":{"EventId":"8AqREoEgG0aN09GlmAxusg==","EventType":{"IdType":1,"Id":"NodeChange"},"SourceNode":{"Id":31916},"Time":"2024-04-27T09:45:04.6045828Z","Change":{"NodeId":{"Id":31916},"NodeClass":"Variable_2","BrowseName":{"Name":"MaxMonitoredItemsQueueSize"},"DisplayName":"MaxMonitoredItemsQueueSize","RolePermissions":[],"UserRolePermissions":[],"References":[],"Value":null,"DataType":{"Id":7},"ValueRank":-1,"ArrayDimensions":[],"AccessLevel":1,"UserAccessLevel":1,"AccessLevelEx":1}},"SequenceNumber":264,"ExtensionFields":{}}