{"NodeId":"i=2253","EndpointUrl":"opc.tcp://localhost:61457/UA/SampleServer","ApplicationUri":"urn:desktop-bgfjs91:OPCFoundation:CoreSampleServer","DisplayName":"<<UnknownDataSet>>","Timestamp":"2024-04-27T09:45:04.6068338Z","Value":{"EventId":"riJJKnERNEuGEdyEidmf9w==","EventType":{"IdType":1,"Id":"NodeChange"},"SourceNode":{"Id":11192},"Time":"2024-04-27T09:45:04.6068321Z","Change":{"NodeId":{"Id":11192},"NodeClass":"Object_1","BrowseName":{"Name":"HistoryServerCapabilities"},"DisplayName":"HistoryServerCapabilities","RolePermissions":[],"UserRolePermissions":[],"References":[]}},"SequenceNumber":268,"ExtensionFields":{}}