{"NodeId":"i=2253","EndpointUrl":"opc.tcp://localhost:61457/UA/SampleServer","ApplicationUri":"urn:desktop-bgfjs91:OPCFoundation:CoreSampleServer","DisplayName":"<<UnknownDataSet>>","Timestamp":"2024-04-27T09:45:04.6079855Z","Value":{"EventId":"h1K8V/whi06WNB7KlcqH0A==","EventType":{"IdType":1,"Id":"NodeChange"},"SourceNode":{"Id":3706},"Time":"2024-04-27T09:45:04.6079839Z","Change":{"NodeId":{"Id":3706},"NodeClass":"Object_1","BrowseName":{"Name":"SessionsDiagnosticsSummary"},"DisplayName":"SessionsDiagnosticsSummary","RolePermissions":[],"UserRolePermissions":[],"References":[]}},"SequenceNumber":270,"ExtensionFields":{}}