{"NodeId":"i=2253","EndpointUrl":"opc.tcp://localhost:61457/UA/SampleServer","ApplicationUri":"urn:desktop-bgfjs91:OPCFoundation:CoreSampleServer","DisplayName":"<<UnknownDataSet>>","Timestamp":"2024-04-27T09:45:04.6091628Z","Value":{"EventId":"9toSVPNNPUWZow22oGLcVg==","EventType":{"IdType":1,"Id":"ReferenceChange"},"SourceNode":{"Id":2296},"Time":"2024-04-27T09:45:04.6091621Z","Change":{"ReferenceTypeId":{"Id":46},"IsForward":true,"NodeId":{"Id":3709},"BrowseName":{"Name":"RedundancySupport"},"DisplayName":"RedundancySupport","NodeClass":"Variable_2","TypeDefinition":{"Id":68}}},"SequenceNumber":273,"ExtensionFields":{}}