{"NodeId":"i=2253","EndpointUrl":"opc.tcp://localhost:61457/UA/SampleServer","ApplicationUri":"urn:desktop-bgfjs91:OPCFoundation:CoreSampleServer","DisplayName":"<<UnknownDataSet>>","Timestamp":"2024-04-27T09:45:04.6125582Z","Value":{"EventId":"iY1a84Uys0qdHsCK3oTxbg==","EventType":{"IdType":1,"Id":"ReferenceChange"},"SourceNode":{"Id":11492},"Time":"2024-04-27T09:45:04.6125573Z","Change":{"ReferenceTypeId":{"Id":46},"IsForward":true,"NodeId":{"Id":11494},"BrowseName":{"Name":"OutputArguments"},"DisplayName":"OutputArguments","NodeClass":"Variable_2","TypeDefinition":{"Id":68}}},"SequenceNumber":279,"ExtensionFields":{}}