{"NodeId":"i=2253","EndpointUrl":"opc.tcp://localhost:61457/UA/SampleServer","ApplicationUri":"urn:desktop-bgfjs91:OPCFoundation:CoreSampleServer","DisplayName":"<<UnknownDataSet>>","Timestamp":"2024-04-27T09:45:04.6149141Z","Value":{"EventId":"V0k04KAkR0ihLp7wnN6c/g==","EventType":{"IdType":1,"Id":"NodeChange"},"SourceNode":{"Id":12874},"Time":"2024-04-27T09:45:04.6149122Z","Change":{"NodeId":{"Id":12874},"NodeClass":"Variable_2","BrowseName":{"Name":"InputArguments"},"DisplayName":"InputArguments","RolePermissions":[],"UserRolePermissions":[],"References":[],"Value":null,"DataType":{"Id":296},"ValueRank":1,"ArrayDimensions":[1],"AccessLevel":1,"UserAccessLevel":1,"AccessLevelEx":1}},"SequenceNumber":282,"ExtensionFields":{}}