{"NodeId":"i=2253","EndpointUrl":"opc.tcp://localhost:61457/UA/SampleServer","ApplicationUri":"urn:desktop-bgfjs91:OPCFoundation:CoreSampleServer","DisplayName":"<<UnknownDataSet>>","Timestamp":"2024-04-27T09:45:04.617306Z","Value":{"EventId":"3pshak8sJkisq3zPxlatZw==","EventType":{"IdType":1,"Id":"NodeChange"},"SourceNode":{"Id":14053},"Time":"2024-04-27T09:45:04.6173043Z","Change":{"NodeId":{"Id":14053},"NodeClass":"Object_1","BrowseName":{"Name":"CertificateGroups"},"DisplayName":"CertificateGroups","RolePermissions":[],"UserRolePermissions":[],"References":[]}},"SequenceNumber":286,"ExtensionFields":{}}