{"NodeId":"i=2253","EndpointUrl":"opc.tcp://localhost:61457/UA/SampleServer","ApplicationUri":"urn:desktop-bgfjs91:OPCFoundation:CoreSampleServer","DisplayName":"<<UnknownDataSet>>","Timestamp":"2024-04-27T09:45:04.6222675Z","Value":{"EventId":"eSTy7A9Dp0K+0JWjsOqikQ==","EventType":{"IdType":1,"Id":"NodeChange"},"SourceNode":{"Id":12710},"Time":"2024-04-27T09:45:04.6222656Z","Change":{"NodeId":{"Id":12710},"NodeClass":"Variable_2","BrowseName":{"Name":"ServerCapabilities"},"DisplayName":"ServerCapabilities","RolePermissions":[],"UserRolePermissions":[],"References":[],"Value":null,"DataType":{"Id":12},"ValueRank":1,"ArrayDimensions":[0],"AccessLevel":1,"UserAccessLevel":1,"AccessLevelEx":1}},"SequenceNumber":294,"ExtensionFields":{}}