{"NodeId":"i=2253","EndpointUrl":"opc.tcp://localhost:61457/UA/SampleServer","ApplicationUri":"urn:desktop-bgfjs91:OPCFoundation:CoreSampleServer","DisplayName":"<<UnknownDataSet>>","Timestamp":"2024-04-27T09:45:04.6282216Z","Value":{"EventId":"ytQuYn7hv0qHtTYatMG5dA==","EventType":{"IdType":1,"Id":"NodeChange"},"SourceNode":{"Id":13737},"Time":"2024-04-27T09:45:04.6282199Z","Change":{"NodeId":{"Id":13737},"NodeClass":"Method_4","BrowseName":{"Name":"UpdateCertificate"},"DisplayName":"UpdateCertificate","RolePermissions":[],"UserRolePermissions":[],"References":[],"Executable":true,"UserExecutable":true}},"SequenceNumber":304,"ExtensionFields":{}}