{"NodeId":"i=2253","EndpointUrl":"opc.tcp://localhost:61457/UA/SampleServer","ApplicationUri":"urn:desktop-bgfjs91:OPCFoundation:CoreSampleServer","DisplayName":"<<UnknownDataSet>>","Timestamp":"2024-04-27T09:45:04.6283263Z","Value":{"EventId":"PTvxGD88l0amKo9P5kvOMg==","EventType":{"IdType":1,"Id":"ReferenceChange"},"SourceNode":{"Id":12637},"Time":"2024-04-27T09:45:04.628325Z","Change":{"ReferenceTypeId":{"Id":47},"IsForward":true,"NodeId":{"Id":12740},"BrowseName":{"Name":"ApplyChanges"},"DisplayName":"ApplyChanges","NodeClass":"Method_4","TypeDefinition":{"Id":12734}}},"SequenceNumber":305,"ExtensionFields":{}}