{"NodeId":"i=2253","EndpointUrl":"opc.tcp://localhost:61457/UA/SampleServer","ApplicationUri":"urn:desktop-bgfjs91:OPCFoundation:CoreSampleServer","DisplayName":"<<UnknownDataSet>>","Timestamp":"2024-04-27T09:45:04.6295809Z","Value":{"EventId":"8c4kV1cwrUidAuld9K+G4A==","EventType":{"IdType":1,"Id":"NodeChange"},"SourceNode":{"Id":12740},"Time":"2024-04-27T09:45:04.6295789Z","Change":{"NodeId":{"Id":12740},"NodeClass":"Method_4","BrowseName":{"Name":"ApplyChanges"},"DisplayName":"ApplyChanges","RolePermissions":[],"UserRolePermissions":[],"References":[],"Executable":true,"UserExecutable":true}},"SequenceNumber":306,"ExtensionFields":{}}