{"NodeId":"i=2253","EndpointUrl":"opc.tcp://localhost:61457/UA/SampleServer","ApplicationUri":"urn:desktop-bgfjs91:OPCFoundation:CoreSampleServer","DisplayName":"<<UnknownDataSet>>","Timestamp":"2024-04-27T09:45:04.6319243Z","Value":{"EventId":"lTzG7J1NN0eXJAbnKfzsmw==","EventType":{"IdType":1,"Id":"NodeChange"},"SourceNode":{"Id":12737},"Time":"2024-04-27T09:45:04.6319227Z","Change":{"NodeId":{"Id":12737},"NodeClass":"Method_4","BrowseName":{"Name":"CreateSigningRequest"},"DisplayName":"CreateSigningRequest","RolePermissions":[],"UserRolePermissions":[],"References":[],"Executable":true,"UserExecutable":true}},"SequenceNumber":310,"ExtensionFields":{}}