{"NodeId":"i=2253","EndpointUrl":"opc.tcp://localhost:61457/UA/SampleServer","ApplicationUri":"urn:desktop-bgfjs91:OPCFoundation:CoreSampleServer","DisplayName":"<<UnknownDataSet>>","Timestamp":"2024-04-27T09:45:04.6341631Z","Value":{"EventId":"4Ajql/4wrk2Yr5ssyCUigw==","EventType":{"IdType":1,"Id":"NodeChange"},"SourceNode":{"Id":25709},"Time":"2024-04-27T09:45:04.6341613Z","Change":{"NodeId":{"Id":25709},"NodeClass":"Method_4","BrowseName":{"Name":"ResetToServerDefaults"},"DisplayName":"ResetToServerDefaults","RolePermissions":[],"UserRolePermissions":[],"References":[],"Executable":true,"UserExecutable":true}},"SequenceNumber":314,"ExtensionFields":{}}