{"NodeId":"i=2253","EndpointUrl":"opc.tcp://localhost:61457/UA/SampleServer","ApplicationUri":"urn:desktop-bgfjs91:OPCFoundation:CoreSampleServer","DisplayName":"<<UnknownDataSet>>","Timestamp":"2024-04-27T09:45:04.6354109Z","Value":{"EventId":"JBOB47PakU61EB3yPwcc3g==","EventType":{"IdType":1,"Id":"ReferenceChange"},"SourceNode":{"Id":12637},"Time":"2024-04-27T09:45:04.6354102Z","Change":{"ReferenceTypeId":{"Id":47},"IsForward":true,"NodeId":{"Id":18155},"BrowseName":{"Name":"KeyCredentialConfiguration"},"DisplayName":"KeyCredentialConfiguration","NodeClass":"Object_1","TypeDefinition":{"Id":17496}}},"SequenceNumber":317,"ExtensionFields":{}}