{"NodeId":"i=2253","EndpointUrl":"opc.tcp://localhost:61457/UA/SampleServer","ApplicationUri":"urn:desktop-bgfjs91:OPCFoundation:CoreSampleServer","DisplayName":"<<UnknownDataSet>>","Timestamp":"2024-04-27T09:45:04.6387892Z","Value":{"EventId":"m8Plr505q0ikUHZh9zWgdw==","EventType":{"IdType":1,"Id":"ReferenceChange"},"SourceNode":{"Id":32637},"Time":"2024-04-27T09:45:04.6387884Z","Change":{"ReferenceTypeId":{"Id":47},"IsForward":true,"NodeId":{"Id":32643},"BrowseName":{"Name":"AggregateFunctions"},"DisplayName":"AggregateFunctions","NodeClass":"Object_1","TypeDefinition":{"Id":61}}},"SequenceNumber":323,"ExtensionFields":{}}