{"NodeId":"i=2253","EndpointUrl":"opc.tcp://localhost:61457/UA/SampleServer","ApplicationUri":"urn:desktop-bgfjs91:OPCFoundation:CoreSampleServer","DisplayName":"<<UnknownDataSet>>","Timestamp":"2024-04-27T09:45:04.6398635Z","Value":{"EventId":"AfK7NghTdUSb4DU4NKew+Q==","EventType":{"IdType":1,"Id":"ReferenceChange"},"SourceNode":{"Id":32637},"Time":"2024-04-27T09:45:04.6398628Z","Change":{"ReferenceTypeId":{"Id":46},"IsForward":true,"NodeId":{"Id":32644},"BrowseName":{"Name":"Stepped"},"DisplayName":"Stepped","NodeClass":"Variable_2","TypeDefinition":{"Id":68}}},"SequenceNumber":325,"ExtensionFields":{}}