{"NodeId":"i=2253","EndpointUrl":"opc.tcp://localhost:61457/UA/SampleServer","ApplicationUri":"urn:desktop-bgfjs91:OPCFoundation:CoreSampleServer","DisplayName":"<<UnknownDataSet>>","Timestamp":"2024-04-27T09:45:04.6409364Z","Value":{"EventId":"ZomsjCDIxE64XKa3bu7E7w==","EventType":{"IdType":1,"Id":"ReferenceChange"},"SourceNode":{"Id":32637},"Time":"2024-04-27T09:45:04.6409349Z","Change":{"ReferenceTypeId":{"Id":46},"IsForward":true,"NodeId":{"Id":32645},"BrowseName":{"Name":"Definition"},"DisplayName":"Definition","NodeClass":"Variable_2","TypeDefinition":{"Id":68}}},"SequenceNumber":327,"ExtensionFields":{}}