{"NodeId":"i=2253","EndpointUrl":"opc.tcp://localhost:61457/UA/SampleServer","ApplicationUri":"urn:desktop-bgfjs91:OPCFoundation:CoreSampleServer","DisplayName":"<<UnknownDataSet>>","Timestamp":"2024-04-27T09:45:04.6469017Z","Value":{"EventId":"YAd3BtEap0mwXk2SbTQSKg==","EventType":{"IdType":1,"Id":"NodeChange"},"SourceNode":{"Id":32649},"Time":"2024-04-27T09:45:04.6468998Z","Change":{"NodeId":{"Id":32649},"NodeClass":"Variable_2","BrowseName":{"Name":"ExceptionDeviationFormat"},"DisplayName":"ExceptionDeviationFormat","RolePermissions":[],"UserRolePermissions":[],"References":[],"Value":null,"DataType":{"Id":890},"ValueRank":-1,"ArrayDimensions":[],"AccessLevel":1,"UserAccessLevel":1,"AccessLevelEx":1}},"SequenceNumber":336,"ExtensionFields":{}}