{"NodeId":"i=2253","EndpointUrl":"opc.tcp://localhost:61457/UA/SampleServer","ApplicationUri":"urn:desktop-bgfjs91:OPCFoundation:CoreSampleServer","DisplayName":"<<UnknownDataSet>>","Timestamp":"2024-04-27T09:45:04.3524373Z","Value":{"EventId":"wrRKzcNLZk6yxcqlBK4A4Q==","EventType":{"IdType":1,"Id":"NodeChange"},"SourceNode":{"IdType":1,"Id":"0:Factory","Namespace":"DataAccess"},"Time":"2024-04-27T09:45:04.3524343Z","Change":{"NodeId":{"IdType":1,"Id":"0:Factory","Namespace":"DataAccess"},"NodeClass":"Object_1","BrowseName":{"Name":"Factory","Uri":"DataAccess"},"DisplayName":"Factory","RolePermissions":[],"UserRolePermissions":[],"References":[]}},"SequenceNumber":34,"ExtensionFields":{}}