{"NodeId":"i=2253","EndpointUrl":"opc.tcp://localhost:61457/UA/SampleServer","ApplicationUri":"urn:desktop-bgfjs91:OPCFoundation:CoreSampleServer","DisplayName":"<<UnknownDataSet>>","Timestamp":"2024-04-27T09:45:04.3532502Z","Value":{"EventId":"j3lM038iZ0SSmUN0KzYi6g==","EventType":{"IdType":1,"Id":"ReferenceChange"},"SourceNode":{"Id":85},"Time":"2024-04-27T09:45:04.3532483Z","Change":{"ReferenceTypeId":{"Id":35},"IsForward":true,"NodeId":{"IdType":1,"Id":"0:TestData","Namespace":"DataAccess"},"BrowseName":{"Name":"TestData","Uri":"DataAccess"},"DisplayName":"TestData","NodeClass":"Object_1","TypeDefinition":{"Id":61}}},"SequenceNumber":35,"ExtensionFields":{}}