{"NodeId":"i=2253","EndpointUrl":"opc.tcp://localhost:61457/UA/SampleServer","ApplicationUri":"urn:desktop-bgfjs91:OPCFoundation:CoreSampleServer","DisplayName":"<<UnknownDataSet>>","Timestamp":"2024-04-27T09:45:04.6549658Z","Value":{"EventId":"A2XbggYrhU6FC+3oJuE6QA==","EventType":{"IdType":1,"Id":"NodeChange"},"SourceNode":{"Id":32756},"Time":"2024-04-27T09:45:04.6549641Z","Change":{"NodeId":{"Id":32756},"NodeClass":"Variable_2","BrowseName":{"Name":"StartOfArchive"},"DisplayName":"StartOfArchive","RolePermissions":[],"UserRolePermissions":[],"References":[],"Value":null,"DataType":{"Id":294},"ValueRank":-1,"ArrayDimensions":[],"AccessLevel":1,"UserAccessLevel":1,"AccessLevelEx":1}},"SequenceNumber":350,"ExtensionFields":{}}