{"NodeId":"i=2253","EndpointUrl":"opc.tcp://localhost:61457/UA/SampleServer","ApplicationUri":"urn:desktop-bgfjs91:OPCFoundation:CoreSampleServer","DisplayName":"<<UnknownDataSet>>","Timestamp":"2024-04-27T09:45:04.6584919Z","Value":{"EventId":"O3OtHwS59Ea0n9WkJtxaOQ==","EventType":{"IdType":1,"Id":"ReferenceChange"},"SourceNode":{"Id":14443},"Time":"2024-04-27T09:45:04.6584913Z","Change":{"ReferenceTypeId":{"Id":47},"IsForward":true,"NodeId":{"Id":15443},"BrowseName":{"Name":"SecurityGroups"},"DisplayName":"SecurityGroups","NodeClass":"Object_1","TypeDefinition":{"Id":15452}}},"SequenceNumber":357,"ExtensionFields":{}}