{"NodeId":"i=2253","EndpointUrl":"opc.tcp://localhost:61457/UA/SampleServer","ApplicationUri":"urn:desktop-bgfjs91:OPCFoundation:CoreSampleServer","DisplayName":"<<UnknownDataSet>>","Timestamp":"2024-04-27T09:45:04.6608094Z","Value":{"EventId":"1pji6R6Fhkm2qSfEKtz4Ow==","EventType":{"IdType":1,"Id":"NodeChange"},"SourceNode":{"Id":25440},"Time":"2024-04-27T09:45:04.6608077Z","Change":{"NodeId":{"Id":25440},"NodeClass":"Object_1","BrowseName":{"Name":"KeyPushTargets"},"DisplayName":"KeyPushTargets","RolePermissions":[],"UserRolePermissions":[],"References":[]}},"SequenceNumber":360,"ExtensionFields":{}}