{"NodeId":"i=2253","EndpointUrl":"opc.tcp://localhost:61457/UA/SampleServer","ApplicationUri":"urn:desktop-bgfjs91:OPCFoundation:CoreSampleServer","DisplayName":"<<UnknownDataSet>>","Timestamp":"2024-04-27T09:45:04.6608973Z","Value":{"EventId":"IU647IblDUKdWnmHD8pEsw==","EventType":{"IdType":1,"Id":"ReferenceChange"},"SourceNode":{"Id":14443},"Time":"2024-04-27T09:45:04.6608966Z","Change":{"ReferenceTypeId":{"Id":47},"IsForward":true,"NodeId":{"Id":17364},"BrowseName":{"Name":"SetSecurityKeys"},"DisplayName":"SetSecurityKeys","NodeClass":"Method_4","TypeDefinition":{"Id":17296}}},"SequenceNumber":361,"ExtensionFields":{}}