{"NodeId":"i=2253","EndpointUrl":"opc.tcp://localhost:61457/UA/SampleServer","ApplicationUri":"urn:desktop-bgfjs91:OPCFoundation:CoreSampleServer","DisplayName":"<<UnknownDataSet>>","Timestamp":"2024-04-27T09:45:04.6620411Z","Value":{"EventId":"Zr7ZCazlwE2fcbINRuUWQg==","EventType":{"IdType":1,"Id":"ReferenceChange"},"SourceNode":{"Id":14443},"Time":"2024-04-27T09:45:04.6620404Z","Change":{"ReferenceTypeId":{"Id":47},"IsForward":true,"NodeId":{"Id":17366},"BrowseName":{"Name":"AddConnection"},"DisplayName":"AddConnection","NodeClass":"Method_4","TypeDefinition":{"Id":16598}}},"SequenceNumber":363,"ExtensionFields":{}}