{"NodeId":"i=2253","EndpointUrl":"opc.tcp://localhost:61457/UA/SampleServer","ApplicationUri":"urn:desktop-bgfjs91:OPCFoundation:CoreSampleServer","DisplayName":"<<UnknownDataSet>>","Timestamp":"2024-04-27T09:45:04.6678468Z","Value":{"EventId":"oUiuwQyxvkuLAIvROGRXQQ==","EventType":{"IdType":1,"Id":"ReferenceChange"},"SourceNode":{"Id":14443},"Time":"2024-04-27T09:45:04.6678461Z","Change":{"ReferenceTypeId":{"Id":47},"IsForward":true,"NodeId":{"Id":17405},"BrowseName":{"Name":"Status"},"DisplayName":"Status","NodeClass":"Object_1","TypeDefinition":{"Id":14643}}},"SequenceNumber":373,"ExtensionFields":{}}