{"NodeId":"i=2253","EndpointUrl":"opc.tcp://localhost:61457/UA/SampleServer","ApplicationUri":"urn:desktop-bgfjs91:OPCFoundation:CoreSampleServer","DisplayName":"<<UnknownDataSet>>","Timestamp":"2024-04-27T09:45:04.670069Z","Value":{"EventId":"88DGwJl9rUe3QoWFI71jLQ==","EventType":{"IdType":1,"Id":"ReferenceChange"},"SourceNode":{"Id":14443},"Time":"2024-04-27T09:45:04.6700684Z","Change":{"ReferenceTypeId":{"Id":47},"IsForward":true,"NodeId":{"Id":23678},"BrowseName":{"Name":"PubSubCapablities"},"DisplayName":"PubSubCapabilities","NodeClass":"Object_1","TypeDefinition":{"Id":23832}}},"SequenceNumber":377,"ExtensionFields":{}}