{"NodeId":"i=2253","EndpointUrl":"opc.tcp://localhost:61457/UA/SampleServer","ApplicationUri":"urn:desktop-bgfjs91:OPCFoundation:CoreSampleServer","DisplayName":"<<UnknownDataSet>>","Timestamp":"2024-04-27T09:45:04.6724305Z","Value":{"EventId":"Snti9/hzxESBxmCfo7vrjg==","EventType":{"IdType":1,"Id":"NodeChange"},"SourceNode":{"Id":23685},"Time":"2024-04-27T09:45:04.672429Z","Change":{"NodeId":{"Id":23685},"NodeClass":"Object_1","BrowseName":{"Name":"DataSetClasses"},"DisplayName":"DataSetClasses","RolePermissions":[],"UserRolePermissions":[],"References":[]}},"SequenceNumber":380,"ExtensionFields":{}}