{"NodeId":"i=2253","EndpointUrl":"opc.tcp://localhost:61457/UA/SampleServer","ApplicationUri":"urn:desktop-bgfjs91:OPCFoundation:CoreSampleServer","DisplayName":"<<UnknownDataSet>>","Timestamp":"2024-04-27T09:45:04.6748896Z","Value":{"EventId":"0CPBGILPX0ijuvZT4aWrNA==","EventType":{"IdType":1,"Id":"ReferenceChange"},"SourceNode":{"Id":14443},"Time":"2024-04-27T09:45:04.6748888Z","Change":{"ReferenceTypeId":{"Id":46},"IsForward":true,"NodeId":{"Id":25481},"BrowseName":{"Name":"ConfigurationVersion"},"DisplayName":"ConfigurationVersion","NodeClass":"Variable_2","TypeDefinition":{"Id":68}}},"SequenceNumber":385,"ExtensionFields":{}}