{"NodeId":"i=2253","EndpointUrl":"opc.tcp://localhost:61457/UA/SampleServer","ApplicationUri":"urn:desktop-bgfjs91:OPCFoundation:CoreSampleServer","DisplayName":"<<UnknownDataSet>>","Timestamp":"2024-04-27T09:45:04.3598309Z","Value":{"EventId":"WA4wVpfuyE6+FQkO80WoRw==","EventType":{"IdType":1,"Id":"ReferenceChange"},"SourceNode":{"Id":86},"Time":"2024-04-27T09:45:04.3598301Z","Change":{"ReferenceTypeId":{"Id":35},"IsForward":true,"NodeId":{"Id":88},"BrowseName":{"Name":"ObjectTypes"},"DisplayName":"ObjectTypes","NodeClass":"Object_1","TypeDefinition":{"Id":61}}},"SequenceNumber":39,"ExtensionFields":{}}