{"NodeId":"i=2253","EndpointUrl":"opc.tcp://localhost:61457/UA/SampleServer","ApplicationUri":"urn:desktop-bgfjs91:OPCFoundation:CoreSampleServer","DisplayName":"<<UnknownDataSet>>","Timestamp":"2024-04-27T09:45:04.6788121Z","Value":{"EventId":"QBASmA9DCk2Dq+V9ALK8Vg==","EventType":{"IdType":1,"Id":"ReferenceChange"},"SourceNode":{"Id":24226},"Time":"2024-04-27T09:45:04.6788114Z","Change":{"ReferenceTypeId":{"Id":35},"IsForward":true,"NodeId":{"Id":24227},"BrowseName":{"Name":"Communication"},"DisplayName":"Communication","NodeClass":"Object_1","TypeDefinition":{"Id":61}}},"SequenceNumber":391,"ExtensionFields":{}}