{"NodeId":"i=2253","EndpointUrl":"opc.tcp://localhost:61457/UA/SampleServer","ApplicationUri":"urn:desktop-bgfjs91:OPCFoundation:CoreSampleServer","DisplayName":"<<UnknownDataSet>>","Timestamp":"2024-04-27T09:45:04.304071Z","Value":{"EventId":"TcWWfVTIYUG+zDKZ3mFOnw==","EventType":{"IdType":1,"Id":"NodeChange"},"SourceNode":{"Id":86},"Time":"2024-04-27T09:45:04.3040677Z","Change":{"NodeId":{"Id":86},"NodeClass":"Object_1","BrowseName":{"Name":"Types"},"DisplayName":"Types","Description":"The browse entry point when looking for types in the server address space.","RolePermissions":[],"UserRolePermissions":[],"References":[]}},"SequenceNumber":4,"ExtensionFields":{}}