{"NodeId":"i=2253","EndpointUrl":"opc.tcp://localhost:61457/UA/SampleServer","ApplicationUri":"urn:desktop-bgfjs91:OPCFoundation:CoreSampleServer","DisplayName":"<<UnknownDataSet>>","Timestamp":"2024-04-27T09:45:04.6852605Z","Value":{"EventId":"JfGnXUG11kG6aj6yVt0D6g==","EventType":{"IdType":1,"Id":"ReferenceChange"},"SourceNode":{"Id":23476},"Time":"2024-04-27T09:45:04.6852593Z","Change":{"ReferenceTypeId":{"Id":46},"IsForward":true,"NodeId":{"Id":23478},"BrowseName":{"Name":"OutputArguments"},"DisplayName":"OutputArguments","NodeClass":"Variable_2","TypeDefinition":{"Id":68}}},"SequenceNumber":401,"ExtensionFields":{}}