{"NodeId":"i=2253","EndpointUrl":"opc.tcp://localhost:61457/UA/SampleServer","ApplicationUri":"urn:desktop-bgfjs91:OPCFoundation:CoreSampleServer","DisplayName":"<<UnknownDataSet>>","Timestamp":"2024-04-27T09:45:04.6877475Z","Value":{"EventId":"Hmcwct0Oz0SaMuYJUlWCYA==","EventType":{"IdType":1,"Id":"ReferenceChange"},"SourceNode":{"Id":23488},"Time":"2024-04-27T09:45:04.6877466Z","Change":{"ReferenceTypeId":{"Id":47},"IsForward":true,"NodeId":{"Id":23494},"BrowseName":{"Name":"FindAlias"},"DisplayName":"FindAlias","NodeClass":"Method_4","TypeDefinition":{"Id":23462}}},"SequenceNumber":405,"ExtensionFields":{}}