{"NodeId":"i=2253","EndpointUrl":"opc.tcp://localhost:61457/UA/SampleServer","ApplicationUri":"urn:desktop-bgfjs91:OPCFoundation:CoreSampleServer","DisplayName":"<<UnknownDataSet>>","Timestamp":"2024-04-27T09:45:04.6887939Z","Value":{"EventId":"I4zuFImTHky+6SXRq2jhlw==","EventType":{"IdType":1,"Id":"NodeChange"},"SourceNode":{"Id":23494},"Time":"2024-04-27T09:45:04.6887924Z","Change":{"NodeId":{"Id":23494},"NodeClass":"Method_4","BrowseName":{"Name":"FindAlias"},"DisplayName":"FindAlias","RolePermissions":[],"UserRolePermissions":[],"References":[],"Executable":true,"UserExecutable":true}},"SequenceNumber":406,"ExtensionFields":{}}