{"NodeId":"i=2253","EndpointUrl":"opc.tcp://localhost:61457/UA/SampleServer","ApplicationUri":"urn:desktop-bgfjs91:OPCFoundation:CoreSampleServer","DisplayName":"<<UnknownDataSet>>","Timestamp":"2024-04-27T09:45:04.6900923Z","Value":{"EventId":"/SOqBXoNgEmOyVf6xfRb6w==","EventType":{"IdType":1,"Id":"ReferenceChange"},"SourceNode":{"Id":10158,"Namespace":"http://test.org/UA/Data/"},"Time":"2024-04-27T09:45:04.6900916Z","Change":{"ReferenceTypeId":{"Id":47},"IsForward":true,"NodeId":{"Id":10243,"Namespace":"http://test.org/UA/Data/"},"BrowseName":{"Name":"Array","Uri":"http://test.org/UA/Data/"},"DisplayName":"Array","NodeClass":"Object_1","TypeDefinition":{"Id":9679,"Namespace":"http://test.org/UA/Data/"}}},"SequenceNumber":409,"ExtensionFields":{}}