{"NodeId":"i=2253","EndpointUrl":"opc.tcp://localhost:61457/UA/SampleServer","ApplicationUri":"urn:desktop-bgfjs91:OPCFoundation:CoreSampleServer","DisplayName":"<<UnknownDataSet>>","Timestamp":"2024-04-27T09:45:04.6911703Z","Value":{"EventId":"w4SN1SWDtU65/xelylsaRg==","EventType":{"IdType":1,"Id":"NodeChange"},"SourceNode":{"Id":10243,"Namespace":"http://test.org/UA/Data/"},"Time":"2024-04-27T09:45:04.6911685Z","Change":{"NodeId":{"Id":10243,"Namespace":"http://test.org/UA/Data/"},"NodeClass":"Object_1","BrowseName":{"Name":"Array","Uri":"http://test.org/UA/Data/"},"DisplayName":"Array","RolePermissions":[],"UserRolePermissions":[],"References":[]}},"SequenceNumber":410,"ExtensionFields":{}}