{"NodeId":"i=2253","EndpointUrl":"opc.tcp://localhost:61457/UA/SampleServer","ApplicationUri":"urn:desktop-bgfjs91:OPCFoundation:CoreSampleServer","DisplayName":"<<UnknownDataSet>>","Timestamp":"2024-04-27T09:45:04.6925773Z","Value":{"EventId":"DqdAVeVKJU2tWirmSIRN2A==","EventType":{"IdType":1,"Id":"ReferenceChange"},"SourceNode":{"Id":10158,"Namespace":"http://test.org/UA/Data/"},"Time":"2024-04-27T09:45:04.6925762Z","Change":{"ReferenceTypeId":{"Id":47},"IsForward":true,"NodeId":{"Id":10406,"Namespace":"http://test.org/UA/Data/"},"BrowseName":{"Name":"UserArray","Uri":"http://test.org/UA/Data/"},"DisplayName":"UserArray","NodeClass":"Object_1","TypeDefinition":{"Id":10007,"Namespace":"http://test.org/UA/Data/"}}},"SequenceNumber":413,"ExtensionFields":{}}