{"NodeId":"i=2253","EndpointUrl":"opc.tcp://localhost:61457/UA/SampleServer","ApplicationUri":"urn:desktop-bgfjs91:OPCFoundation:CoreSampleServer","DisplayName":"<<UnknownDataSet>>","Timestamp":"2024-04-27T09:45:04.6964104Z","Value":{"EventId":"SbmYWtdQ3061QK+btch95w==","EventType":{"IdType":1,"Id":"NodeChange"},"SourceNode":{"Id":10620,"Namespace":"http://test.org/UA/Data/"},"Time":"2024-04-27T09:45:04.6964084Z","Change":{"NodeId":{"Id":10620,"Namespace":"http://test.org/UA/Data/"},"NodeClass":"Object_1","BrowseName":{"Name":"AnalogArray","Uri":"http://test.org/UA/Data/"},"DisplayName":"AnalogArray","RolePermissions":[],"UserRolePermissions":[],"References":[]}},"SequenceNumber":418,"ExtensionFields":{}}