{"NodeId":"i=2253","EndpointUrl":"opc.tcp://localhost:61457/UA/SampleServer","ApplicationUri":"urn:desktop-bgfjs91:OPCFoundation:CoreSampleServer","DisplayName":"<<UnknownDataSet>>","Timestamp":"2024-04-27T09:45:04.6965258Z","Value":{"EventId":"Zv8vSPlUxUOOHijhzXhFLA==","EventType":{"IdType":1,"Id":"ReferenceChange"},"SourceNode":{"Id":10158,"Namespace":"http://test.org/UA/Data/"},"Time":"2024-04-27T09:45:04.6965244Z","Change":{"ReferenceTypeId":{"Id":47},"IsForward":true,"NodeId":{"Id":10755,"Namespace":"http://test.org/UA/Data/"},"BrowseName":{"Name":"MethodTest","Uri":"http://test.org/UA/Data/"},"DisplayName":"MethodTest","NodeClass":"Object_1","TypeDefinition":{"Id":10092,"Namespace":"http://test.org/UA/Data/"}}},"SequenceNumber":419,"ExtensionFields":{}}