{"NodeId":"i=2253","EndpointUrl":"opc.tcp://localhost:61457/UA/SampleServer","ApplicationUri":"urn:desktop-bgfjs91:OPCFoundation:CoreSampleServer","DisplayName":"<<UnknownDataSet>>","Timestamp":"2024-04-27T09:45:04.6977073Z","Value":{"EventId":"AfTiUyqaeU+ipCdKTScDTQ==","EventType":{"IdType":1,"Id":"NodeChange"},"SourceNode":{"Id":10755,"Namespace":"http://test.org/UA/Data/"},"Time":"2024-04-27T09:45:04.6977052Z","Change":{"NodeId":{"Id":10755,"Namespace":"http://test.org/UA/Data/"},"NodeClass":"Object_1","BrowseName":{"Name":"MethodTest","Uri":"http://test.org/UA/Data/"},"DisplayName":"MethodTest","RolePermissions":[],"UserRolePermissions":[],"References":[]}},"SequenceNumber":420,"ExtensionFields":{}}