{"NodeId":"i=2253","EndpointUrl":"opc.tcp://localhost:61457/UA/SampleServer","ApplicationUri":"urn:desktop-bgfjs91:OPCFoundation:CoreSampleServer","DisplayName":"<<UnknownDataSet>>","Timestamp":"2024-04-27T09:45:04.697805Z","Value":{"EventId":"Hg2EBuvlykKueBUN5EpZ0g==","EventType":{"IdType":1,"Id":"ReferenceChange"},"SourceNode":{"Id":10158,"Namespace":"http://test.org/UA/Data/"},"Time":"2024-04-27T09:45:04.697804Z","Change":{"ReferenceTypeId":{"Id":36},"IsForward":true,"NodeId":{"Id":10159,"Namespace":"http://test.org/UA/Data/"},"BrowseName":{"Name":"Scalar","Uri":"http://test.org/UA/Data/"},"DisplayName":"Scalar","NodeClass":"Object_1","TypeDefinition":{"Id":9450,"Namespace":"http://test.org/UA/Data/"}}},"SequenceNumber":421,"ExtensionFields":{}}