{"NodeId":"i=2253","EndpointUrl":"opc.tcp://localhost:61457/UA/SampleServer","ApplicationUri":"urn:desktop-bgfjs91:OPCFoundation:CoreSampleServer","DisplayName":"<<UnknownDataSet>>","Timestamp":"2024-04-27T09:45:04.6989818Z","Value":{"EventId":"fEzfQPs49Uuz33i4HfPxiA==","EventType":{"IdType":1,"Id":"ReferenceChange"},"SourceNode":{"Id":10158,"Namespace":"http://test.org/UA/Data/"},"Time":"2024-04-27T09:45:04.6989794Z","Change":{"ReferenceTypeId":{"Id":36},"IsForward":true,"NodeId":{"Id":10243,"Namespace":"http://test.org/UA/Data/"},"BrowseName":{"Name":"Array","Uri":"http://test.org/UA/Data/"},"DisplayName":"Array","NodeClass":"Object_1","TypeDefinition":{"Id":9679,"Namespace":"http://test.org/UA/Data/"}}},"SequenceNumber":422,"ExtensionFields":{}}