{"NodeId":"i=2253","EndpointUrl":"opc.tcp://localhost:61457/UA/SampleServer","ApplicationUri":"urn:desktop-bgfjs91:OPCFoundation:CoreSampleServer","DisplayName":"<<UnknownDataSet>>","Timestamp":"2024-04-27T09:45:04.7052534Z","Value":{"EventId":"gUObkLJ/QUKIVThbumlhZg==","EventType":{"IdType":1,"Id":"NodeChange"},"SourceNode":{"Id":11034,"Namespace":"http://test.org/UA/Data/"},"Time":"2024-04-27T09:45:04.7052513Z","Change":{"NodeId":{"Id":11034,"Namespace":"http://test.org/UA/Data/"},"NodeClass":"Object_1","BrowseName":{"Name":"UserArray","Uri":"http://test.org/UA/Data/"},"DisplayName":"UserArray","RolePermissions":[],"UserRolePermissions":[],"References":[]}},"SequenceNumber":430,"ExtensionFields":{}}