{"NodeId":"i=2253","EndpointUrl":"opc.tcp://localhost:61457/UA/SampleServer","ApplicationUri":"urn:desktop-bgfjs91:OPCFoundation:CoreSampleServer","DisplayName":"<<UnknownDataSet>>","Timestamp":"2024-04-27T09:45:04.7078376Z","Value":{"EventId":"WaKrz0VsR0KxUAjYSCVIHQ==","EventType":{"IdType":1,"Id":"ReferenceChange"},"SourceNode":{"Id":10786,"Namespace":"http://test.org/UA/Data/"},"Time":"2024-04-27T09:45:04.7078368Z","Change":{"ReferenceTypeId":{"Id":36},"IsForward":true,"NodeId":{"Id":10787,"Namespace":"http://test.org/UA/Data/"},"BrowseName":{"Name":"Scalar","Uri":"http://test.org/UA/Data/"},"DisplayName":"Scalar","NodeClass":"Object_1","TypeDefinition":{"Id":9450,"Namespace":"http://test.org/UA/Data/"}}},"SequenceNumber":435,"ExtensionFields":{}}