{"NodeId":"i=2253","EndpointUrl":"opc.tcp://localhost:61457/UA/SampleServer","ApplicationUri":"urn:desktop-bgfjs91:OPCFoundation:CoreSampleServer","DisplayName":"<<UnknownDataSet>>","Timestamp":"2024-04-27T09:45:04.708994Z","Value":{"EventId":"lGCdUqldTEuVlMdM1DSKUQ==","EventType":{"IdType":1,"Id":"ReferenceChange"},"SourceNode":{"Id":10786,"Namespace":"http://test.org/UA/Data/"},"Time":"2024-04-27T09:45:04.7089921Z","Change":{"ReferenceTypeId":{"Id":36},"IsForward":true,"NodeId":{"Id":10871,"Namespace":"http://test.org/UA/Data/"},"BrowseName":{"Name":"Array","Uri":"http://test.org/UA/Data/"},"DisplayName":"Array","NodeClass":"Object_1","TypeDefinition":{"Id":9679,"Namespace":"http://test.org/UA/Data/"}}},"SequenceNumber":436,"ExtensionFields":{}}