{"NodeId":"i=2253","EndpointUrl":"opc.tcp://localhost:61457/UA/SampleServer","ApplicationUri":"urn:desktop-bgfjs91:OPCFoundation:CoreSampleServer","DisplayName":"<<UnknownDataSet>>","Timestamp":"2024-04-27T09:45:04.7115643Z","Value":{"EventId":"fJx/6VrvbkaUDMW98HFRiw==","EventType":{"IdType":1,"Id":"ReferenceChange"},"SourceNode":{"Id":11383,"Namespace":"http://test.org/UA/Data/"},"Time":"2024-04-27T09:45:04.7115635Z","Change":{"ReferenceTypeId":{"Id":36},"IsForward":true,"NodeId":{"Id":10163,"Namespace":"http://test.org/UA/Data/"},"BrowseName":{"Name":"CycleComplete","Uri":"http://test.org/UA/Data/"},"DisplayName":"CycleComplete","NodeClass":"Object_1","TypeDefinition":{"Id":2881}}},"SequenceNumber":439,"ExtensionFields":{}}