{"NodeId":"i=2253","EndpointUrl":"opc.tcp://localhost:61457/UA/SampleServer","ApplicationUri":"urn:desktop-bgfjs91:OPCFoundation:CoreSampleServer","DisplayName":"<<UnknownDataSet>>","Timestamp":"2024-04-27T09:45:04.7203971Z","Value":{"EventId":"LM/tS0842UinVVq+ugRDgQ==","EventType":{"IdType":1,"Id":"NodeChange"},"SourceNode":{"Id":10791,"Namespace":"http://test.org/UA/Data/"},"Time":"2024-04-27T09:45:04.7203947Z","Change":{"NodeId":{"Id":10791,"Namespace":"http://test.org/UA/Data/"},"NodeClass":"Object_1","BrowseName":{"Name":"CycleComplete","Uri":"http://test.org/UA/Data/"},"DisplayName":"CycleComplete","RolePermissions":[],"UserRolePermissions":[],"References":[]}},"SequenceNumber":452,"ExtensionFields":{}}