{"NodeId":"i=2253","EndpointUrl":"opc.tcp://localhost:61457/UA/SampleServer","ApplicationUri":"urn:desktop-bgfjs91:OPCFoundation:CoreSampleServer","DisplayName":"<<UnknownDataSet>>","Timestamp":"2024-04-27T09:45:04.7251474Z","Value":{"EventId":"R4DWmppGU0yXcGulCNrmzA==","EventType":{"IdType":1,"Id":"ReferenceChange"},"SourceNode":{"Id":11383,"Namespace":"http://test.org/UA/Data/"},"Time":"2024-04-27T09:45:04.7251464Z","Change":{"ReferenceTypeId":{"Id":36},"IsForward":true,"NodeId":{"Id":11117,"Namespace":"http://test.org/UA/Data/"},"BrowseName":{"Name":"CycleComplete","Uri":"http://test.org/UA/Data/"},"DisplayName":"CycleComplete","NodeClass":"Object_1","TypeDefinition":{"Id":2881}}},"SequenceNumber":459,"ExtensionFields":{}}