{"NodeId":"i=2253","EndpointUrl":"opc.tcp://localhost:61457/UA/SampleServer","ApplicationUri":"urn:desktop-bgfjs91:OPCFoundation:CoreSampleServer","DisplayName":"<<UnknownDataSet>>","Timestamp":"2024-04-27T09:45:04.3655877Z","Value":{"EventId":"yrimPH3ynE+Jo6VaQzSXIA==","EventType":{"IdType":1,"Id":"NodeChange"},"SourceNode":{"Id":91},"Time":"2024-04-27T09:45:04.3655857Z","Change":{"NodeId":{"Id":91},"NodeClass":"Object_1","BrowseName":{"Name":"ReferenceTypes"},"DisplayName":"ReferenceTypes","Description":"The browse entry point when looking for reference types in the server address space.","RolePermissions":[],"UserRolePermissions":[],"References":[]}},"SequenceNumber":46,"ExtensionFields":{}}