{"NodeId":"i=2253","EndpointUrl":"opc.tcp://localhost:61457/UA/SampleServer","ApplicationUri":"urn:desktop-bgfjs91:OPCFoundation:CoreSampleServer","DisplayName":"<<UnknownDataSet>>","Timestamp":"2024-04-27T09:45:04.7379309Z","Value":{"EventId":"jOkSKPrTpk+vot9q8UcB0w==","EventType":{"IdType":1,"Id":"NodeChange"},"SourceNode":{"IdType":1,"Id":"0:Boiler #1?SteamOut","Namespace":"http://opcfoundation.org/UA/Views"},"Time":"2024-04-27T09:45:04.7379293Z","Change":{"NodeId":{"IdType":1,"Id":"0:Boiler #1?SteamOut","Namespace":"http://opcfoundation.org/UA/Views"},"NodeClass":"Object_1","BrowseName":{"Name":"SteamOut","Uri":"http://opcfoundation.org/UA/Views"},"DisplayName":"SteamOut","RolePermissions":[],"UserRolePermissions":[],"References":[]}},"SequenceNumber":479,"ExtensionFields":{}}