{"NodeId":"i=2253","EndpointUrl":"opc.tcp://localhost:61457/UA/SampleServer","ApplicationUri":"urn:desktop-bgfjs91:OPCFoundation:CoreSampleServer","DisplayName":"<<UnknownDataSet>>","Timestamp":"2024-04-27T09:45:04.3679532Z","Value":{"EventId":"pbeNEwMe0kCoDGk+50V2TA==","EventType":{"IdType":1,"Id":"ReferenceChange"},"SourceNode":{"Id":86},"Time":"2024-04-27T09:45:04.3679524Z","Change":{"ReferenceTypeId":{"Id":35},"IsForward":true,"NodeId":{"Id":17708},"BrowseName":{"Name":"InterfaceTypes"},"DisplayName":"InterfaceTypes","NodeClass":"Object_1","TypeDefinition":{"Id":61}}},"SequenceNumber":49,"ExtensionFields":{}}