{"NodeId":"i=2253","EndpointUrl":"opc.tcp://localhost:61457/UA/SampleServer","ApplicationUri":"urn:desktop-bgfjs91:OPCFoundation:CoreSampleServer","DisplayName":"<<UnknownDataSet>>","Timestamp":"2024-04-27T09:45:04.7481373Z","Value":{"EventId":"F1nm8rmTIECyvcewJVzj1Q==","EventType":{"IdType":1,"Id":"NodeChange"},"SourceNode":{"IdType":1,"Id":"UInt32[4]","Namespace":"http://samples.org/UA/memorybuffer/Instance"},"Time":"2024-04-27T09:45:04.7481329Z","Change":{"NodeId":{"IdType":1,"Id":"UInt32[4]","Namespace":"http://samples.org/UA/memorybuffer/Instance"},"NodeClass":"Variable_2","BrowseName":{"Name":"00000004","Uri":"http://samples.org/UA/memorybuffer"},"DisplayName":"00000004","RolePermissions":[],"UserRolePermissions":[],"References":[],"Value":null,"DataType":{"Id":7},"ValueRank":-1,"ArrayDimensions":[],"AccessLevel":3,"UserAccessLevel":3,"MinimumSamplingInterval":1000,"AccessLevelEx":3}},"SequenceNumber":495,"ExtensionFields":{}}