{"NodeId":"i=2253","EndpointUrl":"opc.tcp://localhost:61457/UA/SampleServer","ApplicationUri":"urn:desktop-bgfjs91:OPCFoundation:CoreSampleServer","DisplayName":"<<UnknownDataSet>>","Timestamp":"2024-04-27T09:45:04.3693221Z","Value":{"EventId":"pKCYmab1FEO7dmFW2+a1WA==","EventType":{"IdType":1,"Id":"ReferenceChange"},"SourceNode":{"Id":87},"Time":"2024-04-27T09:45:04.3693205Z","Change":{"ReferenceTypeId":{"Id":35},"IsForward":true,"NodeId":{"Id":439,"Namespace":"http://opcfoundation.org/UA/Views"},"BrowseName":{"Name":"Engineering","Uri":"http://opcfoundation.org/UA/Views"},"DisplayName":"Engineering","NodeClass":"View_128"}},"SequenceNumber":51,"ExtensionFields":{}}