{"NodeId":"i=2253","EndpointUrl":"opc.tcp://localhost:61457/UA/SampleServer","ApplicationUri":"urn:desktop-bgfjs91:OPCFoundation:CoreSampleServer","DisplayName":"<<UnknownDataSet>>","Timestamp":"2024-04-27T09:45:04.371076Z","Value":{"EventId":"xP0Tb/Nalkyj5va+D4zFwQ==","EventType":{"IdType":1,"Id":"NodeChange"},"SourceNode":{"Id":439,"Namespace":"http://opcfoundation.org/UA/Views"},"Time":"2024-04-27T09:45:04.3710739Z","Change":{"NodeId":{"Id":439,"Namespace":"http://opcfoundation.org/UA/Views"},"NodeClass":"View_128","BrowseName":{"Name":"Engineering","Uri":"http://opcfoundation.org/UA/Views"},"DisplayName":"Engineering","RolePermissions":[],"UserRolePermissions":[],"References":[]}},"SequenceNumber":52,"ExtensionFields":{}}