{"NodeId":"i=2253","EndpointUrl":"opc.tcp://localhost:61457/UA/SampleServer","ApplicationUri":"urn:desktop-bgfjs91:OPCFoundation:CoreSampleServer","DisplayName":"<<UnknownDataSet>>","Timestamp":"2024-04-27T09:45:04.3840272Z","Value":{"EventId":"zxh7RD5LzU6ykha1ze97EA==","EventType":{"IdType":1,"Id":"NodeChange"},"SourceNode":{"IdType":1,"Id":"Views_Operations","Namespace":"http://opcfoundation.org/ReferenceApplications"},"Time":"2024-04-27T09:45:04.384024Z","Change":{"NodeId":{"IdType":1,"Id":"Views_Operations","Namespace":"http://opcfoundation.org/ReferenceApplications"},"NodeClass":"View_128","BrowseName":{"Name":"Operations","Uri":"http://opcfoundation.org/ReferenceApplications"},"DisplayName":"Operations","RolePermissions":[],"UserRolePermissions":[],"References":[],"ContainsNoLoops":true}},"SequenceNumber":58,"ExtensionFields":{}}