{"NodeId":"i=2253","EndpointUrl":"opc.tcp://localhost:61457/UA/SampleServer","ApplicationUri":"urn:desktop-bgfjs91:OPCFoundation:CoreSampleServer","DisplayName":"<<UnknownDataSet>>","Timestamp":"2024-04-27T09:45:04.3892346Z","Value":{"EventId":"ABE3G8/1wku6B/QroZ79Sw==","EventType":{"IdType":1,"Id":"ReferenceChange"},"SourceNode":{"Id":2253},"Time":"2024-04-27T09:45:04.3892336Z","Change":{"ReferenceTypeId":{"Id":46},"IsForward":true,"NodeId":{"Id":2255},"BrowseName":{"Name":"NamespaceArray"},"DisplayName":"NamespaceArray","NodeClass":"Variable_2","TypeDefinition":{"Id":68}}},"SequenceNumber":61,"ExtensionFields":{}}