{"NodeId":"i=2253","EndpointUrl":"opc.tcp://localhost:61457/UA/SampleServer","ApplicationUri":"urn:desktop-bgfjs91:OPCFoundation:CoreSampleServer","DisplayName":"<<UnknownDataSet>>","Timestamp":"2024-04-27T09:45:04.394523Z","Value":{"EventId":"5TMtbnVpl0S0169fxv6Deg==","EventType":{"IdType":1,"Id":"NodeChange"},"SourceNode":{"Id":15004},"Time":"2024-04-27T09:45:04.3945207Z","Change":{"NodeId":{"Id":15004},"NodeClass":"Variable_2","BrowseName":{"Name":"UrisVersion"},"DisplayName":"UrisVersion","RolePermissions":[],"UserRolePermissions":[],"References":[],"Value":null,"DataType":{"Id":20998},"ValueRank":-1,"ArrayDimensions":[],"AccessLevel":1,"UserAccessLevel":1,"MinimumSamplingInterval":1000,"AccessLevelEx":1}},"SequenceNumber":64,"ExtensionFields":{}}