{"NodeId":"i=2253","EndpointUrl":"opc.tcp://localhost:61457/UA/SampleServer","ApplicationUri":"urn:desktop-bgfjs91:OPCFoundation:CoreSampleServer","DisplayName":"<<UnknownDataSet>>","Timestamp":"2024-04-27T09:45:04.3998609Z","Value":{"EventId":"ARapsCVS9UiSntIfJey/hw==","EventType":{"IdType":1,"Id":"NodeChange"},"SourceNode":{"Id":2267},"Time":"2024-04-27T09:45:04.399858Z","Change":{"NodeId":{"Id":2267},"NodeClass":"Variable_2","BrowseName":{"Name":"ServiceLevel"},"DisplayName":"ServiceLevel","RolePermissions":[],"UserRolePermissions":[],"References":[],"Value":null,"DataType":{"Id":3},"ValueRank":-1,"ArrayDimensions":[],"AccessLevel":1,"UserAccessLevel":1,"MinimumSamplingInterval":1000,"AccessLevelEx":1}},"SequenceNumber":68,"ExtensionFields":{}}