{"NodeId":"i=2253","EndpointUrl":"opc.tcp://localhost:61457/UA/SampleServer","ApplicationUri":"urn:desktop-bgfjs91:OPCFoundation:CoreSampleServer","DisplayName":"<<UnknownDataSet>>","Timestamp":"2024-04-27T09:45:04.3296266Z","Value":{"EventId":"IaAPkWZkbkCaZRnWQQ3k4w==","EventType":{"IdType":1,"Id":"ReferenceChange"},"SourceNode":{"Id":85},"Time":"2024-04-27T09:45:04.3296215Z","Change":{"ReferenceTypeId":{"Id":35},"IsForward":true,"NodeId":{"Id":2253},"BrowseName":{"Name":"Server"},"DisplayName":"Server","NodeClass":"Object_1","TypeDefinition":{"Id":2004}}},"SequenceNumber":7,"ExtensionFields":{}}