{"NodeId":"i=2253","EndpointUrl":"opc.tcp://localhost:61457/UA/SampleServer","ApplicationUri":"urn:desktop-bgfjs91:OPCFoundation:CoreSampleServer","DisplayName":"<<UnknownDataSet>>","Timestamp":"2024-04-27T09:45:04.405042Z","Value":{"EventId":"uc7YqjotdE2bMaHxdUjALQ==","EventType":{"IdType":1,"Id":"NodeChange"},"SourceNode":{"Id":17634},"Time":"2024-04-27T09:45:04.4050396Z","Change":{"NodeId":{"Id":17634},"NodeClass":"Variable_2","BrowseName":{"Name":"LocalTime"},"DisplayName":"LocalTime","RolePermissions":[],"UserRolePermissions":[],"References":[],"Value":null,"DataType":{"Id":8912},"ValueRank":-1,"ArrayDimensions":[],"AccessLevel":1,"UserAccessLevel":1,"MinimumSamplingInterval":1000,"AccessLevelEx":1}},"SequenceNumber":72,"ExtensionFields":{}}