{"NodeId":"i=2253","EndpointUrl":"opc.tcp://localhost:61457/UA/SampleServer","ApplicationUri":"urn:desktop-bgfjs91:OPCFoundation:CoreSampleServer","DisplayName":"<<UnknownDataSet>>","Timestamp":"2024-04-27T09:45:04.4062415Z","Value":{"EventId":"TN2hklylLUaeiUALM88g+g==","EventType":{"IdType":1,"Id":"ReferenceChange"},"SourceNode":{"Id":2253},"Time":"2024-04-27T09:45:04.4062409Z","Change":{"ReferenceTypeId":{"Id":47},"IsForward":true,"NodeId":{"Id":2274},"BrowseName":{"Name":"ServerDiagnostics"},"DisplayName":"ServerDiagnostics","NodeClass":"Object_1","TypeDefinition":{"Id":2020}}},"SequenceNumber":75,"ExtensionFields":{}}