{"NodeId":"i=2253","EndpointUrl":"opc.tcp://localhost:61457/UA/SampleServer","ApplicationUri":"urn:desktop-bgfjs91:OPCFoundation:CoreSampleServer","DisplayName":"<<UnknownDataSet>>","Timestamp":"2024-04-27T09:45:04.331123Z","Value":{"EventId":"yxLVKOPrXkym7wnA5YUDcQ==","EventType":{"IdType":1,"Id":"NodeChange"},"SourceNode":{"Id":2253},"Time":"2024-04-27T09:45:04.3311189Z","Change":{"NodeId":{"Id":2253},"NodeClass":"Object_1","BrowseName":{"Name":"Server"},"DisplayName":"Server","RolePermissions":[],"UserRolePermissions":[],"References":[],"EventNotifier":1}},"SequenceNumber":9,"ExtensionFields":{}}