{"NodeId":"i=2253","EndpointUrl":"opc.tcp://localhost:61457/UA/SampleServer","ApplicationUri":"urn:desktop-bgfjs91:OPCFoundation:CoreSampleServer","DisplayName":"<<UnknownDataSet>>","Timestamp":"2024-04-27T09:45:04.4266427Z","Value":{"EventId":"wiuYsa5c/EWoinAIbdUA/w==","EventType":{"IdType":1,"Id":"NodeChange"},"SourceNode":{"Id":11492},"Time":"2024-04-27T09:45:04.4266369Z","Change":{"NodeId":{"Id":11492},"NodeClass":"Method_4","BrowseName":{"Name":"GetMonitoredItems"},"DisplayName":"GetMonitoredItems","RolePermissions":[],"UserRolePermissions":[],"References":[],"Executable":true,"UserExecutable":true}},"SequenceNumber":84,"ExtensionFields":{}}