{"NodeId":"i=2253","EndpointUrl":"opc.tcp://localhost:61457/UA/SampleServer","ApplicationUri":"urn:desktop-bgfjs91:OPCFoundation:CoreSampleServer","DisplayName":"<<UnknownDataSet>>","Timestamp":"2024-04-27T09:45:04.4307211Z","Value":{"EventId":"iA7J7FHVV0Gzc+L3OkIUIg==","EventType":{"IdType":1,"Id":"NodeChange"},"SourceNode":{"Id":12873},"Time":"2024-04-27T09:45:04.4307181Z","Change":{"NodeId":{"Id":12873},"NodeClass":"Method_4","BrowseName":{"Name":"ResendData"},"DisplayName":"ResendData","RolePermissions":[],"UserRolePermissions":[],"References":[],"Executable":true,"UserExecutable":true}},"SequenceNumber":86,"ExtensionFields":{}}