{"NodeId":"i=2253","EndpointUrl":"opc.tcp://localhost:61457/UA/SampleServer","ApplicationUri":"urn:desktop-bgfjs91:OPCFoundation:CoreSampleServer","DisplayName":"<<UnknownDataSet>>","Timestamp":"2024-04-27T09:45:04.4308236Z","Value":{"EventId":"94UZl/l5ikW2cSSIjg4Yug==","EventType":{"IdType":1,"Id":"ReferenceChange"},"SourceNode":{"Id":2253},"Time":"2024-04-27T09:45:04.4308226Z","Change":{"ReferenceTypeId":{"Id":47},"IsForward":true,"NodeId":{"Id":12886},"BrowseName":{"Name":"RequestServerStateChange"},"DisplayName":"RequestServerStateChange","NodeClass":"Method_4","TypeDefinition":{"Id":12883}}},"SequenceNumber":87,"ExtensionFields":{}}