{"NodeId":"i=2253","EndpointUrl":"opc.tcp://localhost:61457/UA/SampleServer","ApplicationUri":"urn:desktop-bgfjs91:OPCFoundation:CoreSampleServer","DisplayName":"<<UnknownDataSet>>","Timestamp":"2024-04-27T09:45:04.4347859Z","Value":{"EventId":"gc6DPhvesECvg0TmrQuVzQ==","EventType":{"IdType":1,"Id":"NodeChange"},"SourceNode":{"Id":12886},"Time":"2024-04-27T09:45:04.4347831Z","Change":{"NodeId":{"Id":12886},"NodeClass":"Method_4","BrowseName":{"Name":"RequestServerStateChange"},"DisplayName":"RequestServerStateChange","RolePermissions":[],"UserRolePermissions":[],"References":[],"Executable":true,"UserExecutable":true}},"SequenceNumber":88,"ExtensionFields":{}}