{"NodeId":"i=2253","EndpointUrl":"opc.tcp://localhost:61457/UA/SampleServer","ApplicationUri":"urn:desktop-bgfjs91:OPCFoundation:CoreSampleServer","DisplayName":"<<UnknownDataSet>>","Timestamp":"2024-04-27T09:45:04.3312794Z","Value":{"EventId":"RJMblUNOB0e7u0Z3AgQsdg==","EventType":{"IdType":1,"Id":"ReferenceChange"},"SourceNode":{"Id":85},"Time":"2024-04-27T09:45:04.3312781Z","Change":{"ReferenceTypeId":{"Id":35},"IsForward":true,"NodeId":{"Id":23470},"BrowseName":{"Name":"Aliases"},"DisplayName":"Aliases","NodeClass":"Object_1","TypeDefinition":{"Id":23456}}},"SequenceNumber":8,"ExtensionFields":{}}