{"NodeId":"i=2253","EndpointUrl":"opc.tcp://localhost:61457/UA/SampleServer","ApplicationUri":"urn:desktop-bgfjs91:OPCFoundation:CoreSampleServer","DisplayName":"<<UnknownDataSet>>","Timestamp":"2024-04-27T09:45:04.442113Z","Value":{"EventId":"xjTIzQkgGE2ledv+aXthsg==","EventType":{"IdType":1,"Id":"NodeChange"},"SourceNode":{"Id":32530},"Time":"2024-04-27T09:45:04.4421102Z","Change":{"NodeId":{"Id":32530},"NodeClass":"Object_1","BrowseName":{"Name":"Quantities"},"DisplayName":"Quantities","Description":"This Object is the entry point to quantities and their units managed in the Server.","RolePermissions":[],"UserRolePermissions":[],"References":[]}},"SequenceNumber":92,"ExtensionFields":{}}