{"NodeId":"i=2253","EndpointUrl":"opc.tcp://localhost:61457/UA/SampleServer","ApplicationUri":"urn:desktop-bgfjs91:OPCFoundation:CoreSampleServer","DisplayName":"<<UnknownDataSet>>","Timestamp":"2024-04-27T09:45:04.443264Z","Value":{"EventId":"fv5mRrjypE+mv3b8jTNIdQ==","EventType":{"IdType":1,"Id":"ReferenceChange"},"SourceNode":{"Id":2253},"Time":"2024-04-27T09:45:04.4432634Z","Change":{"ReferenceTypeId":{"Id":35},"IsForward":true,"NodeId":{"Id":32754},"BrowseName":{"Name":"DefaultHEConfiguration"},"DisplayName":"DefaultHEConfiguration","NodeClass":"Object_1","TypeDefinition":{"Id":32621}}},"SequenceNumber":95,"ExtensionFields":{}}