{"NodeId":"nsu=http://opcfoundation.org/UA/Plc/Applications;s=FastRandomUIntScalar2","EndpointUrl":"opc.tcp://localhost:61457/UA/SampleServer","ApplicationUri":"urn:desktop-bgfjs91:OPCFoundation:CoreSampleServer","DisplayName":"nsu=http://opcfoundation.org/UA/Plc/Applications;s=FastRandomUIntScalar2","Timestamp":"2024-04-27T14:36:26.0007653Z","Value":{"Value":{"Type":7,"Body":1414240126},"SourceTimestamp":"2024-04-27T14:36:25.1938222Z","ServerTimestamp":"2024-04-27T14:36:25.1938258Z"},"SequenceNumber":10,"ExtensionFields":{}}