{"NodeId":"nsu=http://opcfoundation.org/UA/Plc/Applications;s=RandomSignedInt32","EndpointUrl":"opc.tcp://localhost:61457/UA/SampleServer","ApplicationUri":"urn:desktop-bgfjs91:OPCFoundation:CoreSampleServer","DisplayName":"nsu=http://opcfoundation.org/UA/Plc/Applications;s=RandomSignedInt32","Timestamp":"2024-04-27T14:36:35.0034028Z","Value":{"Value":{"Type":6,"Body":-1776298346},"SourceTimestamp":"2024-04-27T14:36:34.9877784Z","ServerTimestamp":"2024-04-27T14:36:34.9877867Z"},"SequenceNumber":103,"ExtensionFields":{}}