{"NodeId":"nsu=http://opcfoundation.org/UA/Plc/Applications;s=RandomUnsignedInt32","EndpointUrl":"opc.tcp://localhost:61457/UA/SampleServer","ApplicationUri":"urn:desktop-bgfjs91:OPCFoundation:CoreSampleServer","DisplayName":"nsu=http://opcfoundation.org/UA/Plc/Applications;s=RandomUnsignedInt32","Timestamp":"2024-04-27T14:36:35.0034028Z","Value":{"Value":{"Type":7,"Body":504514742},"SourceTimestamp":"2024-04-27T14:36:34.9879131Z","ServerTimestamp":"2024-04-27T14:36:34.9879142Z"},"SequenceNumber":104,"ExtensionFields":{}}