{"NodeId":"nsu=http://opcfoundation.org/UA/Plc/Applications;s=SlowUIntScalar3","EndpointUrl":"opc.tcp://localhost:61457/UA/SampleServer","ApplicationUri":"urn:desktop-bgfjs91:OPCFoundation:CoreSampleServer","DisplayName":"nsu=http://opcfoundation.org/UA/Plc/Applications;s=SlowUIntScalar3","Timestamp":"2024-04-27T14:36:35.0034028Z","Value":{"Value":{"Type":7,"Body":1},"SourceTimestamp":"2024-04-27T14:36:34.1934924Z","ServerTimestamp":"2024-04-27T14:36:34.1934929Z"},"SequenceNumber":114,"ExtensionFields":{}}