{"NodeId":"nsu=http://opcfoundation.org/UA/Plc/Applications;s=RandomSignedInt32","EndpointUrl":"opc.tcp://localhost:61457/UA/SampleServer","ApplicationUri":"urn:desktop-bgfjs91:OPCFoundation:CoreSampleServer","DisplayName":"nsu=http://opcfoundation.org/UA/Plc/Applications;s=RandomSignedInt32","Timestamp":"2024-04-27T14:36:36.9986993Z","Value":{"Value":{"Type":6,"Body":-1795113782},"SourceTimestamp":"2024-04-27T14:36:36.9828739Z","ServerTimestamp":"2024-04-27T14:36:36.9828847Z"},"SequenceNumber":133,"ExtensionFields":{}}