{"NodeId":"nsu=http://opcfoundation.org/UA/Plc/Applications;s=RandomUnsignedInt32","EndpointUrl":"opc.tcp://localhost:61457/UA/SampleServer","ApplicationUri":"urn:desktop-bgfjs91:OPCFoundation:CoreSampleServer","DisplayName":"nsu=http://opcfoundation.org/UA/Plc/Applications;s=RandomUnsignedInt32","Timestamp":"2024-04-27T14:36:36.9986993Z","Value":{"Value":{"Type":7,"Body":355566761},"SourceTimestamp":"2024-04-27T14:36:36.9828669Z","ServerTimestamp":"2024-04-27T14:36:36.9828676Z"},"SequenceNumber":134,"ExtensionFields":{}}