{"NodeId":"nsu=http://opcfoundation.org/UA/Plc/Applications;s=FastRandomUIntScalar2","EndpointUrl":"opc.tcp://localhost:61457/UA/SampleServer","ApplicationUri":"urn:desktop-bgfjs91:OPCFoundation:CoreSampleServer","DisplayName":"nsu=http://opcfoundation.org/UA/Plc/Applications;s=FastRandomUIntScalar2","Timestamp":"2024-04-27T14:36:36.9986993Z","Value":{"Value":{"Type":7,"Body":2314353119},"SourceTimestamp":"2024-04-27T14:36:36.1898408Z","ServerTimestamp":"2024-04-27T14:36:36.1898422Z"},"SequenceNumber":140,"ExtensionFields":{}}