{"NodeId":"nsu=http://opcfoundation.org/UA/Plc/Applications;s=FastUIntScalar3","EndpointUrl":"opc.tcp://localhost:61457/UA/SampleServer","ApplicationUri":"urn:desktop-bgfjs91:OPCFoundation:CoreSampleServer","DisplayName":"nsu=http://opcfoundation.org/UA/Plc/Applications;s=FastUIntScalar3","Timestamp":"2024-04-27T14:36:38.9924885Z","Value":{"Value":{"Type":7,"Body":14},"SourceTimestamp":"2024-04-27T14:36:38.181664Z","ServerTimestamp":"2024-04-27T14:36:38.1816653Z"},"SequenceNumber":149,"ExtensionFields":{}}