{"NodeId":"nsu=http://opcfoundation.org/UA/Plc/Applications;s=FastRandomUIntScalar1","EndpointUrl":"opc.tcp://localhost:61457/UA/SampleServer","ApplicationUri":"urn:desktop-bgfjs91:OPCFoundation:CoreSampleServer","DisplayName":"nsu=http://opcfoundation.org/UA/Plc/Applications;s=FastRandomUIntScalar1","Timestamp":"2024-04-27T14:36:38.9924885Z","Value":{"Value":{"Type":7,"Body":3172893367},"SourceTimestamp":"2024-04-27T14:36:38.1816444Z","ServerTimestamp":"2024-04-27T14:36:38.1816567Z"},"SequenceNumber":150,"ExtensionFields":{}}