{"NodeId":"nsu=http://opcfoundation.org/UA/Plc/Applications;s=AlternatingBoolean","EndpointUrl":"opc.tcp://localhost:61457/UA/SampleServer","ApplicationUri":"urn:desktop-bgfjs91:OPCFoundation:CoreSampleServer","DisplayName":"nsu=http://opcfoundation.org/UA/Plc/Applications;s=AlternatingBoolean","Timestamp":"2024-04-27T14:36:39.988678Z","Value":{"Value":{"Type":1,"Body":false},"SourceTimestamp":"2024-04-27T14:36:39.2875641Z","ServerTimestamp":"2024-04-27T14:36:39.2875701Z"},"SequenceNumber":155,"ExtensionFields":{}}