{"NodeId":"nsu=http://opcfoundation.org/UA/Plc/Applications;s=SlowUIntScalar3","EndpointUrl":"opc.tcp://localhost:61457/UA/SampleServer","ApplicationUri":"urn:desktop-bgfjs91:OPCFoundation:CoreSampleServer","DisplayName":"nsu=http://opcfoundation.org/UA/Plc/Applications;s=SlowUIntScalar3","Timestamp":"2024-04-27T14:36:26.0007653Z","Value":{"Value":{"Type":7,"Body":0},"SourceTimestamp":"2024-04-27T14:36:24.1801071Z","ServerTimestamp":"2024-04-27T14:36:24.9969839Z"},"SequenceNumber":16,"ExtensionFields":{}}