{"NodeId":"nsu=http://opcfoundation.org/UA/Plc/Applications;s=FastUIntScalar2","EndpointUrl":"opc.tcp://localhost:61457/UA/SampleServer","ApplicationUri":"urn:desktop-bgfjs91:OPCFoundation:CoreSampleServer","DisplayName":"nsu=http://opcfoundation.org/UA/Plc/Applications;s=FastUIntScalar2","Timestamp":"2024-04-27T14:36:39.988678Z","Value":{"Value":{"Type":7,"Body":15},"SourceTimestamp":"2024-04-27T14:36:39.1804075Z","ServerTimestamp":"2024-04-27T14:36:39.1804135Z"},"SequenceNumber":160,"ExtensionFields":{}}