{"NodeId":"nsu=http://opcfoundation.org/UA/Plc/Applications;s=FastUIntScalar3","EndpointUrl":"opc.tcp://localhost:61457/UA/SampleServer","ApplicationUri":"urn:desktop-bgfjs91:OPCFoundation:CoreSampleServer","DisplayName":"nsu=http://opcfoundation.org/UA/Plc/Applications;s=FastUIntScalar3","Timestamp":"2024-04-27T14:36:39.988678Z","Value":{"Value":{"Type":7,"Body":15},"SourceTimestamp":"2024-04-27T14:36:39.1804151Z","ServerTimestamp":"2024-04-27T14:36:39.1804169Z"},"SequenceNumber":161,"ExtensionFields":{}}