{"NodeId":"nsu=http://opcfoundation.org/UA/Plc/Applications;s=RandomUnsignedInt32","EndpointUrl":"opc.tcp://localhost:61457/UA/SampleServer","ApplicationUri":"urn:desktop-bgfjs91:OPCFoundation:CoreSampleServer","DisplayName":"nsu=http://opcfoundation.org/UA/Plc/Applications;s=RandomUnsignedInt32","Timestamp":"2024-04-27T14:36:40.984425Z","Value":{"Value":{"Type":7,"Body":1627986981},"SourceTimestamp":"2024-04-27T14:36:40.8917228Z","ServerTimestamp":"2024-04-27T14:36:40.8917235Z"},"SequenceNumber":168,"ExtensionFields":{}}