{"NodeId":"nsu=http://opcfoundation.org/UA/Plc/Applications;s=FastUIntScalar2","EndpointUrl":"opc.tcp://localhost:61457/UA/SampleServer","ApplicationUri":"urn:desktop-bgfjs91:OPCFoundation:CoreSampleServer","DisplayName":"nsu=http://opcfoundation.org/UA/Plc/Applications;s=FastUIntScalar2","Timestamp":"2024-04-27T14:36:40.984425Z","Value":{"Value":{"Type":7,"Body":16},"SourceTimestamp":"2024-04-27T14:36:40.1902948Z","ServerTimestamp":"2024-04-27T14:36:40.1903205Z"},"SequenceNumber":171,"ExtensionFields":{}}