{"NodeId":"nsu=http://opcfoundation.org/UA/Plc/Applications;s=FastRandomUIntScalar2","EndpointUrl":"opc.tcp://localhost:61457/UA/SampleServer","ApplicationUri":"urn:desktop-bgfjs91:OPCFoundation:CoreSampleServer","DisplayName":"nsu=http://opcfoundation.org/UA/Plc/Applications;s=FastRandomUIntScalar2","Timestamp":"2024-04-27T14:36:40.984425Z","Value":{"Value":{"Type":7,"Body":4132109163},"SourceTimestamp":"2024-04-27T14:36:40.1902821Z","ServerTimestamp":"2024-04-27T14:36:40.1902828Z"},"SequenceNumber":174,"ExtensionFields":{}}