{"NodeId":"nsu=http://opcfoundation.org/UA/Plc/Applications;s=FastUIntScalar3","EndpointUrl":"opc.tcp://localhost:61457/UA/SampleServer","ApplicationUri":"urn:desktop-bgfjs91:OPCFoundation:CoreSampleServer","DisplayName":"nsu=http://opcfoundation.org/UA/Plc/Applications;s=FastUIntScalar3","Timestamp":"2024-04-27T14:36:41.9791571Z","Value":{"Value":{"Type":7,"Body":17},"SourceTimestamp":"2024-04-27T14:36:41.1882016Z","ServerTimestamp":"2024-04-27T14:36:41.1882021Z"},"SequenceNumber":183,"ExtensionFields":{}}