{"NodeId":"nsu=http://opcfoundation.org/UA/Plc/Applications;s=RandomUnsignedInt32","EndpointUrl":"opc.tcp://localhost:61457/UA/SampleServer","ApplicationUri":"urn:desktop-bgfjs91:OPCFoundation:CoreSampleServer","DisplayName":"nsu=http://opcfoundation.org/UA/Plc/Applications;s=RandomUnsignedInt32","Timestamp":"2024-04-27T14:36:42.9886568Z","Value":{"Value":{"Type":7,"Body":1891716942},"SourceTimestamp":"2024-04-27T14:36:42.892845Z","ServerTimestamp":"2024-04-27T14:36:42.8928457Z"},"SequenceNumber":190,"ExtensionFields":{}}