{"NodeId":"nsu=http://opcfoundation.org/UA/Plc/Applications;s=FastUIntScalar1","EndpointUrl":"opc.tcp://localhost:61457/UA/SampleServer","ApplicationUri":"urn:desktop-bgfjs91:OPCFoundation:CoreSampleServer","DisplayName":"nsu=http://opcfoundation.org/UA/Plc/Applications;s=FastUIntScalar1","Timestamp":"2024-04-27T14:36:42.9886568Z","Value":{"Value":{"Type":7,"Body":18},"SourceTimestamp":"2024-04-27T14:36:42.1807905Z","ServerTimestamp":"2024-04-27T14:36:42.180792Z"},"SequenceNumber":192,"ExtensionFields":{}}