{"NodeId":"nsu=http://opcfoundation.org/UA/Plc/Applications;s=FastUIntScalar3","EndpointUrl":"opc.tcp://localhost:61457/UA/SampleServer","ApplicationUri":"urn:desktop-bgfjs91:OPCFoundation:CoreSampleServer","DisplayName":"nsu=http://opcfoundation.org/UA/Plc/Applications;s=FastUIntScalar3","Timestamp":"2024-04-27T14:36:42.9886568Z","Value":{"Value":{"Type":7,"Body":18},"SourceTimestamp":"2024-04-27T14:36:42.1808097Z","ServerTimestamp":"2024-04-27T14:36:42.1808106Z"},"SequenceNumber":194,"ExtensionFields":{}}