{"NodeId":"nsu=http://opcfoundation.org/UA/Plc/Applications;s=RandomSignedInt32","EndpointUrl":"opc.tcp://localhost:61457/UA/SampleServer","ApplicationUri":"urn:desktop-bgfjs91:OPCFoundation:CoreSampleServer","DisplayName":"nsu=http://opcfoundation.org/UA/Plc/Applications;s=RandomSignedInt32","Timestamp":"2024-04-27T14:36:43.9993133Z","Value":{"Value":{"Type":6,"Body":-1676610580},"SourceTimestamp":"2024-04-27T14:36:43.9828932Z","ServerTimestamp":"2024-04-27T14:36:43.9828948Z"},"SequenceNumber":200,"ExtensionFields":{}}