{"NodeId":"nsu=http://opcfoundation.org/UA/Plc/Applications;s=FastRandomUIntScalar1","EndpointUrl":"opc.tcp://localhost:61457/UA/SampleServer","ApplicationUri":"urn:desktop-bgfjs91:OPCFoundation:CoreSampleServer","DisplayName":"nsu=http://opcfoundation.org/UA/Plc/Applications;s=FastRandomUIntScalar1","Timestamp":"2024-04-27T14:36:43.9993133Z","Value":{"Value":{"Type":7,"Body":623514700},"SourceTimestamp":"2024-04-27T14:36:43.1942695Z","ServerTimestamp":"2024-04-27T14:36:43.1942737Z"},"SequenceNumber":206,"ExtensionFields":{}}