{"NodeId":"nsu=http://opcfoundation.org/UA/Plc/Applications;s=RandomSignedInt32","EndpointUrl":"opc.tcp://localhost:61457/UA/SampleServer","ApplicationUri":"urn:desktop-bgfjs91:OPCFoundation:CoreSampleServer","DisplayName":"nsu=http://opcfoundation.org/UA/Plc/Applications;s=RandomSignedInt32","Timestamp":"2024-04-27T14:36:45.0046879Z","Value":{"Value":{"Type":6,"Body":929202216},"SourceTimestamp":"2024-04-27T14:36:44.988267Z","ServerTimestamp":"2024-04-27T14:36:44.9882678Z"},"SequenceNumber":212,"ExtensionFields":{}}