{"NodeId":"nsu=http://opcfoundation.org/UA/Plc/Applications;s=FastRandomUIntScalar2","EndpointUrl":"opc.tcp://localhost:61457/UA/SampleServer","ApplicationUri":"urn:desktop-bgfjs91:OPCFoundation:CoreSampleServer","DisplayName":"nsu=http://opcfoundation.org/UA/Plc/Applications;s=FastRandomUIntScalar2","Timestamp":"2024-04-27T14:36:45.0046879Z","Value":{"Value":{"Type":7,"Body":4093626809},"SourceTimestamp":"2024-04-27T14:36:44.1861974Z","ServerTimestamp":"2024-04-27T14:36:44.1862003Z"},"SequenceNumber":219,"ExtensionFields":{}}