{"NodeId":"nsu=http://opcfoundation.org/UA/Plc/Applications;s=SlowUIntScalar2","EndpointUrl":"opc.tcp://localhost:61457/UA/SampleServer","ApplicationUri":"urn:desktop-bgfjs91:OPCFoundation:CoreSampleServer","DisplayName":"nsu=http://opcfoundation.org/UA/Plc/Applications;s=SlowUIntScalar2","Timestamp":"2024-04-27T14:36:45.0046879Z","Value":{"Value":{"Type":7,"Body":2},"SourceTimestamp":"2024-04-27T14:36:44.1862115Z","ServerTimestamp":"2024-04-27T14:36:44.1862125Z"},"SequenceNumber":222,"ExtensionFields":{}}