{"NodeId":"nsu=http://opcfoundation.org/UA/Plc/Applications;s=FastUIntScalar1","EndpointUrl":"opc.tcp://localhost:61457/UA/SampleServer","ApplicationUri":"urn:desktop-bgfjs91:OPCFoundation:CoreSampleServer","DisplayName":"nsu=http://opcfoundation.org/UA/Plc/Applications;s=FastUIntScalar1","Timestamp":"2024-04-27T14:36:46.0104349Z","Value":{"Value":{"Type":7,"Body":21},"SourceTimestamp":"2024-04-27T14:36:45.1916636Z","ServerTimestamp":"2024-04-27T14:36:45.1916768Z"},"SequenceNumber":234,"ExtensionFields":{}}