{"NodeId":"nsu=http://opcfoundation.org/UA/Plc/Applications;s=FastRandomUIntScalar2","EndpointUrl":"opc.tcp://localhost:61457/UA/SampleServer","ApplicationUri":"urn:desktop-bgfjs91:OPCFoundation:CoreSampleServer","DisplayName":"nsu=http://opcfoundation.org/UA/Plc/Applications;s=FastRandomUIntScalar2","Timestamp":"2024-04-27T14:36:46.0104349Z","Value":{"Value":{"Type":7,"Body":2183304012},"SourceTimestamp":"2024-04-27T14:36:45.1916758Z","ServerTimestamp":"2024-04-27T14:36:45.1916789Z"},"SequenceNumber":238,"ExtensionFields":{}}