{"NodeId":"nsu=http://opcfoundation.org/UA/Plc/Applications;s=FastUIntScalar2","EndpointUrl":"opc.tcp://localhost:61457/UA/SampleServer","ApplicationUri":"urn:desktop-bgfjs91:OPCFoundation:CoreSampleServer","DisplayName":"nsu=http://opcfoundation.org/UA/Plc/Applications;s=FastUIntScalar2","Timestamp":"2024-04-27T14:36:47.0250881Z","Value":{"Value":{"Type":7,"Body":22},"SourceTimestamp":"2024-04-27T14:36:46.1851807Z","ServerTimestamp":"2024-04-27T14:36:46.1851813Z"},"SequenceNumber":246,"ExtensionFields":{}}