{"NodeId":"nsu=http://opcfoundation.org/UA/Plc/Applications;s=FastRandomUIntScalar3","EndpointUrl":"opc.tcp://localhost:61457/UA/SampleServer","ApplicationUri":"urn:desktop-bgfjs91:OPCFoundation:CoreSampleServer","DisplayName":"nsu=http://opcfoundation.org/UA/Plc/Applications;s=FastRandomUIntScalar3","Timestamp":"2024-04-27T14:36:47.0250881Z","Value":{"Value":{"Type":7,"Body":2361784606},"SourceTimestamp":"2024-04-27T14:36:46.1851947Z","ServerTimestamp":"2024-04-27T14:36:46.1851954Z"},"SequenceNumber":250,"ExtensionFields":{}}