{"NodeId":"nsu=http://opcfoundation.org/UA/Plc/Applications;s=FastUIntScalar1","EndpointUrl":"opc.tcp://localhost:61457/UA/SampleServer","ApplicationUri":"urn:desktop-bgfjs91:OPCFoundation:CoreSampleServer","DisplayName":"nsu=http://opcfoundation.org/UA/Plc/Applications;s=FastUIntScalar1","Timestamp":"2024-04-27T14:36:48.0325194Z","Value":{"Value":{"Type":7,"Body":23},"SourceTimestamp":"2024-04-27T14:36:47.1799011Z","ServerTimestamp":"2024-04-27T14:36:47.1799035Z"},"SequenceNumber":256,"ExtensionFields":{}}