{"NodeId":"nsu=http://opcfoundation.org/UA/Plc/Applications;s=FastRandomUIntScalar1","EndpointUrl":"opc.tcp://localhost:61457/UA/SampleServer","ApplicationUri":"urn:desktop-bgfjs91:OPCFoundation:CoreSampleServer","DisplayName":"nsu=http://opcfoundation.org/UA/Plc/Applications;s=FastRandomUIntScalar1","Timestamp":"2024-04-27T14:36:49.029299Z","Value":{"Value":{"Type":7,"Body":3372950282},"SourceTimestamp":"2024-04-27T14:36:48.1868387Z","ServerTimestamp":"2024-04-27T14:36:48.1868509Z"},"SequenceNumber":270,"ExtensionFields":{}}