{"NodeId":"nsu=http://opcfoundation.org/UA/Plc/Applications;s=SpikeData","EndpointUrl":"opc.tcp://localhost:61457/UA/SampleServer","ApplicationUri":"urn:desktop-bgfjs91:OPCFoundation:CoreSampleServer","DisplayName":"nsu=http://opcfoundation.org/UA/Plc/Applications;s=SpikeData","Timestamp":"2024-04-27T14:36:49.029299Z","Value":{"Value":{"Type":11,"Body":36.812455268467801},"SourceTimestamp":"2024-04-27T14:36:48.9813643Z","ServerTimestamp":"2024-04-27T14:36:48.9814163Z"},"SequenceNumber":273,"ExtensionFields":{}}