{"NodeId":"nsu=http://opcfoundation.org/UA/Plc/Applications;s=FastUIntScalar2","EndpointUrl":"opc.tcp://localhost:61457/UA/SampleServer","ApplicationUri":"urn:desktop-bgfjs91:OPCFoundation:CoreSampleServer","DisplayName":"nsu=http://opcfoundation.org/UA/Plc/Applications;s=FastUIntScalar2","Timestamp":"2024-04-27T14:36:27.9858331Z","Value":{"Value":{"Type":7,"Body":3},"SourceTimestamp":"2024-04-27T14:36:27.1909903Z","ServerTimestamp":"2024-04-27T14:36:27.1909909Z"},"SequenceNumber":28,"ExtensionFields":{}}