{"NodeId":"nsu=http://opcfoundation.org/UA/Plc/Applications;s=FastRandomUIntScalar3","EndpointUrl":"opc.tcp://localhost:61457/UA/SampleServer","ApplicationUri":"urn:desktop-bgfjs91:OPCFoundation:CoreSampleServer","DisplayName":"nsu=http://opcfoundation.org/UA/Plc/Applications;s=FastRandomUIntScalar3","Timestamp":"2024-04-27T14:36:50.0314675Z","Value":{"Value":{"Type":7,"Body":1561988413},"SourceTimestamp":"2024-04-27T14:36:49.1879538Z","ServerTimestamp":"2024-04-27T14:36:49.187955Z"},"SequenceNumber":284,"ExtensionFields":{}}