{"NodeId":"nsu=http://opcfoundation.org/UA/Plc/Applications;s=RandomSignedInt32","EndpointUrl":"opc.tcp://localhost:61457/UA/SampleServer","ApplicationUri":"urn:desktop-bgfjs91:OPCFoundation:CoreSampleServer","DisplayName":"nsu=http://opcfoundation.org/UA/Plc/Applications;s=RandomSignedInt32","Timestamp":"2024-04-27T14:36:51.0357097Z","Value":{"Value":{"Type":6,"Body":-390291497},"SourceTimestamp":"2024-04-27T14:36:50.9880679Z","ServerTimestamp":"2024-04-27T14:36:50.9880686Z"},"SequenceNumber":287,"ExtensionFields":{}}