{"NodeId":"nsu=http://opcfoundation.org/UA/Plc/Applications;s=RandomUnsignedInt32","EndpointUrl":"opc.tcp://localhost:61457/UA/SampleServer","ApplicationUri":"urn:desktop-bgfjs91:OPCFoundation:CoreSampleServer","DisplayName":"nsu=http://opcfoundation.org/UA/Plc/Applications;s=RandomUnsignedInt32","Timestamp":"2024-04-27T14:36:51.0357097Z","Value":{"Value":{"Type":7,"Body":98717472},"SourceTimestamp":"2024-04-27T14:36:50.988062Z","ServerTimestamp":"2024-04-27T14:36:50.9880653Z"},"SequenceNumber":288,"ExtensionFields":{}}