{"NodeId":"nsu=http://opcfoundation.org/UA/Plc/Applications;s=FastUIntScalar1","EndpointUrl":"opc.tcp://localhost:61457/UA/SampleServer","ApplicationUri":"urn:desktop-bgfjs91:OPCFoundation:CoreSampleServer","DisplayName":"nsu=http://opcfoundation.org/UA/Plc/Applications;s=FastUIntScalar1","Timestamp":"2024-04-27T14:36:51.0357097Z","Value":{"Value":{"Type":7,"Body":26},"SourceTimestamp":"2024-04-27T14:36:50.1865679Z","ServerTimestamp":"2024-04-27T14:36:50.1865704Z"},"SequenceNumber":290,"ExtensionFields":{}}