{"NodeId":"nsu=http://opcfoundation.org/UA/Plc/Applications;s=FastRandomUIntScalar1","EndpointUrl":"opc.tcp://localhost:61457/UA/SampleServer","ApplicationUri":"urn:desktop-bgfjs91:OPCFoundation:CoreSampleServer","DisplayName":"nsu=http://opcfoundation.org/UA/Plc/Applications;s=FastRandomUIntScalar1","Timestamp":"2024-04-27T14:36:52.0310803Z","Value":{"Value":{"Type":7,"Body":407782094},"SourceTimestamp":"2024-04-27T14:36:51.1912601Z","ServerTimestamp":"2024-04-27T14:36:51.1912912Z"},"SequenceNumber":304,"ExtensionFields":{}}