{"NodeId":"nsu=http://opcfoundation.org/UA/Plc/Applications;s=FastRandomUIntScalar1","EndpointUrl":"opc.tcp://localhost:61457/UA/SampleServer","ApplicationUri":"urn:desktop-bgfjs91:OPCFoundation:CoreSampleServer","DisplayName":"nsu=http://opcfoundation.org/UA/Plc/Applications;s=FastRandomUIntScalar1","Timestamp":"2024-04-27T14:36:53.0267796Z","Value":{"Value":{"Type":7,"Body":129061498},"SourceTimestamp":"2024-04-27T14:36:52.1849274Z","ServerTimestamp":"2024-04-27T14:36:52.1849292Z"},"SequenceNumber":315,"ExtensionFields":{}}