{"NodeId":"nsu=http://opcfoundation.org/UA/Plc/Applications;s=FastRandomUIntScalar3","EndpointUrl":"opc.tcp://localhost:61457/UA/SampleServer","ApplicationUri":"urn:desktop-bgfjs91:OPCFoundation:CoreSampleServer","DisplayName":"nsu=http://opcfoundation.org/UA/Plc/Applications;s=FastRandomUIntScalar3","Timestamp":"2024-04-27T14:36:53.0267796Z","Value":{"Value":{"Type":7,"Body":1471352782},"SourceTimestamp":"2024-04-27T14:36:52.1849433Z","ServerTimestamp":"2024-04-27T14:36:52.1849448Z"},"SequenceNumber":317,"ExtensionFields":{}}