{"NodeId":"nsu=http://opcfoundation.org/UA/Plc/Applications;s=RandomSignedInt32","EndpointUrl":"opc.tcp://localhost:61457/UA/SampleServer","ApplicationUri":"urn:desktop-bgfjs91:OPCFoundation:CoreSampleServer","DisplayName":"nsu=http://opcfoundation.org/UA/Plc/Applications;s=RandomSignedInt32","Timestamp":"2024-04-27T14:36:54.021276Z","Value":{"Value":{"Type":6,"Body":-2076505621},"SourceTimestamp":"2024-04-27T14:36:53.9892786Z","ServerTimestamp":"2024-04-27T14:36:53.9892805Z"},"SequenceNumber":320,"ExtensionFields":{}}