{"NodeId":"nsu=http://opcfoundation.org/UA/Plc/Applications;s=FastUIntScalar3","EndpointUrl":"opc.tcp://localhost:61457/UA/SampleServer","ApplicationUri":"urn:desktop-bgfjs91:OPCFoundation:CoreSampleServer","DisplayName":"nsu=http://opcfoundation.org/UA/Plc/Applications;s=FastUIntScalar3","Timestamp":"2024-04-27T14:36:54.021276Z","Value":{"Value":{"Type":7,"Body":29},"SourceTimestamp":"2024-04-27T14:36:53.1819063Z","ServerTimestamp":"2024-04-27T14:36:53.1819088Z"},"SequenceNumber":325,"ExtensionFields":{}}