{"NodeId":"nsu=http://opcfoundation.org/UA/Plc/Applications;s=FastRandomUIntScalar3","EndpointUrl":"opc.tcp://localhost:61457/UA/SampleServer","ApplicationUri":"urn:desktop-bgfjs91:OPCFoundation:CoreSampleServer","DisplayName":"nsu=http://opcfoundation.org/UA/Plc/Applications;s=FastRandomUIntScalar3","Timestamp":"2024-04-27T14:36:54.021276Z","Value":{"Value":{"Type":7,"Body":568879450},"SourceTimestamp":"2024-04-27T14:36:53.1819162Z","ServerTimestamp":"2024-04-27T14:36:53.1819237Z"},"SequenceNumber":328,"ExtensionFields":{}}