{"NodeId":"nsu=http://opcfoundation.org/UA/Plc/Applications;s=SpikeData","EndpointUrl":"opc.tcp://localhost:61457/UA/SampleServer","ApplicationUri":"urn:desktop-bgfjs91:OPCFoundation:CoreSampleServer","DisplayName":"nsu=http://opcfoundation.org/UA/Plc/Applications;s=SpikeData","Timestamp":"2024-04-27T14:36:27.9858331Z","Value":{"Value":{"Type":11,"Body":99.80267284282715},"SourceTimestamp":"2024-04-27T14:36:27.9854297Z","ServerTimestamp":"2024-04-27T14:36:27.9854325Z"},"SequenceNumber":33,"ExtensionFields":{}}