{"NodeId":"nsu=http://opcfoundation.org/UA/Plc/Applications;s=AlternatingBoolean","EndpointUrl":"opc.tcp://localhost:61457/UA/SampleServer","ApplicationUri":"urn:desktop-bgfjs91:OPCFoundation:CoreSampleServer","DisplayName":"nsu=http://opcfoundation.org/UA/Plc/Applications;s=AlternatingBoolean","Timestamp":"2024-04-27T14:36:55.0176345Z","Value":{"Value":{"Type":1,"Body":true},"SourceTimestamp":"2024-04-27T14:36:54.2829885Z","ServerTimestamp":"2024-04-27T14:36:54.2829914Z"},"SequenceNumber":331,"ExtensionFields":{}}