{"NodeId":"nsu=http://opcfoundation.org/UA/Plc/Applications;s=DipData","EndpointUrl":"opc.tcp://localhost:61457/UA/SampleServer","ApplicationUri":"urn:desktop-bgfjs91:OPCFoundation:CoreSampleServer","DisplayName":"nsu=http://opcfoundation.org/UA/Plc/Applications;s=DipData","Timestamp":"2024-04-27T14:36:55.0176345Z","Value":{"Value":{"Type":11,"Body":-77.0513242775789},"SourceTimestamp":"2024-04-27T14:36:54.9854795Z","ServerTimestamp":"2024-04-27T14:36:54.9854816Z"},"SequenceNumber":334,"ExtensionFields":{}}