{"NodeId":"nsu=http://opcfoundation.org/UA/Plc/Applications;s=SlowUIntScalar3","EndpointUrl":"opc.tcp://localhost:61457/UA/SampleServer","ApplicationUri":"urn:desktop-bgfjs91:OPCFoundation:CoreSampleServer","DisplayName":"nsu=http://opcfoundation.org/UA/Plc/Applications;s=SlowUIntScalar3","Timestamp":"2024-04-27T14:36:55.0176345Z","Value":{"Value":{"Type":7,"Body":3},"SourceTimestamp":"2024-04-27T14:36:54.1915487Z","ServerTimestamp":"2024-04-27T14:36:54.1915629Z"},"SequenceNumber":343,"ExtensionFields":{}}