{"NodeId":"nsu=http://opcfoundation.org/UA/Plc/Applications;s=FastRandomUIntScalar1","EndpointUrl":"opc.tcp://localhost:61457/UA/SampleServer","ApplicationUri":"urn:desktop-bgfjs91:OPCFoundation:CoreSampleServer","DisplayName":"nsu=http://opcfoundation.org/UA/Plc/Applications;s=FastRandomUIntScalar1","Timestamp":"2024-04-27T14:36:56.0141707Z","Value":{"Value":{"Type":7,"Body":2937524950},"SourceTimestamp":"2024-04-27T14:36:55.1913444Z","ServerTimestamp":"2024-04-27T14:36:55.1913466Z"},"SequenceNumber":357,"ExtensionFields":{}}