{"NodeId":"nsu=http://opcfoundation.org/UA/Plc/Applications;s=FastRandomUIntScalar3","EndpointUrl":"opc.tcp://localhost:61457/UA/SampleServer","ApplicationUri":"urn:desktop-bgfjs91:OPCFoundation:CoreSampleServer","DisplayName":"nsu=http://opcfoundation.org/UA/Plc/Applications;s=FastRandomUIntScalar3","Timestamp":"2024-04-27T14:36:56.0141707Z","Value":{"Value":{"Type":7,"Body":3413165372},"SourceTimestamp":"2024-04-27T14:36:55.191363Z","ServerTimestamp":"2024-04-27T14:36:55.1914206Z"},"SequenceNumber":359,"ExtensionFields":{}}