{"NodeId":"nsu=http://opcfoundation.org/UA/Plc/Applications;s=RandomSignedInt32","EndpointUrl":"opc.tcp://localhost:61457/UA/SampleServer","ApplicationUri":"urn:desktop-bgfjs91:OPCFoundation:CoreSampleServer","DisplayName":"nsu=http://opcfoundation.org/UA/Plc/Applications;s=RandomSignedInt32","Timestamp":"2024-04-27T14:36:57.0142995Z","Value":{"Value":{"Type":6,"Body":1929411200},"SourceTimestamp":"2024-04-27T14:36:56.9819099Z","ServerTimestamp":"2024-04-27T14:36:56.981914Z"},"SequenceNumber":362,"ExtensionFields":{}}