{"NodeId":"nsu=http://opcfoundation.org/UA/Plc/Applications;s=FastUIntScalar1","EndpointUrl":"opc.tcp://localhost:61457/UA/SampleServer","ApplicationUri":"urn:desktop-bgfjs91:OPCFoundation:CoreSampleServer","DisplayName":"nsu=http://opcfoundation.org/UA/Plc/Applications;s=FastUIntScalar1","Timestamp":"2024-04-27T14:36:29.0386414Z","Value":{"Value":{"Type":7,"Body":4},"SourceTimestamp":"2024-04-27T14:36:28.1854337Z","ServerTimestamp":"2024-04-27T14:36:28.1854363Z"},"SequenceNumber":38,"ExtensionFields":{}}