{"NodeId":"nsu=http://opcfoundation.org/UA/Plc/Applications;s=RandomSignedInt32","EndpointUrl":"opc.tcp://localhost:61457/UA/SampleServer","ApplicationUri":"urn:desktop-bgfjs91:OPCFoundation:CoreSampleServer","DisplayName":"nsu=http://opcfoundation.org/UA/Plc/Applications;s=RandomSignedInt32","Timestamp":"2024-04-27T14:36:59.9905614Z","Value":{"Value":{"Type":6,"Body":110659441},"SourceTimestamp":"2024-04-27T14:36:59.8800051Z","ServerTimestamp":"2024-04-27T14:36:59.8800058Z"},"SequenceNumber":385,"ExtensionFields":{}}