{"NodeId":"nsu=http://opcfoundation.org/UA/Plc/Applications;s=FastUIntScalar2","EndpointUrl":"opc.tcp://localhost:61457/UA/SampleServer","ApplicationUri":"urn:desktop-bgfjs91:OPCFoundation:CoreSampleServer","DisplayName":"nsu=http://opcfoundation.org/UA/Plc/Applications;s=FastUIntScalar2","Timestamp":"2024-04-27T14:36:59.9905614Z","Value":{"Value":{"Type":7,"Body":35},"SourceTimestamp":"2024-04-27T14:36:59.1881398Z","ServerTimestamp":"2024-04-27T14:36:59.1881409Z"},"SequenceNumber":389,"ExtensionFields":{}}