{"NodeId":"nsu=http://opcfoundation.org/UA/Plc/Applications;s=FastRandomUIntScalar3","EndpointUrl":"opc.tcp://localhost:61457/UA/SampleServer","ApplicationUri":"urn:desktop-bgfjs91:OPCFoundation:CoreSampleServer","DisplayName":"nsu=http://opcfoundation.org/UA/Plc/Applications;s=FastRandomUIntScalar3","Timestamp":"2024-04-27T14:36:59.9905614Z","Value":{"Value":{"Type":7,"Body":2094206021},"SourceTimestamp":"2024-04-27T14:36:59.1881051Z","ServerTimestamp":"2024-04-27T14:36:59.1881434Z"},"SequenceNumber":393,"ExtensionFields":{}}