{"NodeId":"nsu=http://opcfoundation.org/UA/Plc/Applications;s=RandomUnsignedInt32","EndpointUrl":"opc.tcp://localhost:61457/UA/SampleServer","ApplicationUri":"urn:desktop-bgfjs91:OPCFoundation:CoreSampleServer","DisplayName":"nsu=http://opcfoundation.org/UA/Plc/Applications;s=RandomUnsignedInt32","Timestamp":"2024-04-27T14:36:26.0007653Z","Value":{"Value":{"Type":7,"Body":1759923546},"SourceTimestamp":"2024-04-27T14:36:25.9856309Z","ServerTimestamp":"2024-04-27T14:36:25.9856348Z"},"SequenceNumber":4,"ExtensionFields":{}}