{"NodeId":"nsu=http://opcfoundation.org/UA/Plc/Applications;s=FastUIntScalar2","EndpointUrl":"opc.tcp://localhost:61457/UA/SampleServer","ApplicationUri":"urn:desktop-bgfjs91:OPCFoundation:CoreSampleServer","DisplayName":"nsu=http://opcfoundation.org/UA/Plc/Applications;s=FastUIntScalar2","Timestamp":"2024-04-27T14:37:01.0001185Z","Value":{"Value":{"Type":7,"Body":36},"SourceTimestamp":"2024-04-27T14:37:00.1815264Z","ServerTimestamp":"2024-04-27T14:37:00.181533Z"},"SequenceNumber":400,"ExtensionFields":{}}