{"NodeId":"nsu=http://opcfoundation.org/UA/Plc/Applications;s=FastUIntScalar3","EndpointUrl":"opc.tcp://localhost:61457/UA/SampleServer","ApplicationUri":"urn:desktop-bgfjs91:OPCFoundation:CoreSampleServer","DisplayName":"nsu=http://opcfoundation.org/UA/Plc/Applications;s=FastUIntScalar3","Timestamp":"2024-04-27T14:37:02.9923323Z","Value":{"Value":{"Type":7,"Body":38},"SourceTimestamp":"2024-04-27T14:37:02.1803387Z","ServerTimestamp":"2024-04-27T14:37:02.1803396Z"},"SequenceNumber":412,"ExtensionFields":{}}