{"NodeId":"nsu=http://opcfoundation.org/UA/Plc/Applications;s=FastRandomUIntScalar2","EndpointUrl":"opc.tcp://localhost:61457/UA/SampleServer","ApplicationUri":"urn:desktop-bgfjs91:OPCFoundation:CoreSampleServer","DisplayName":"nsu=http://opcfoundation.org/UA/Plc/Applications;s=FastRandomUIntScalar2","Timestamp":"2024-04-27T14:37:02.9923323Z","Value":{"Value":{"Type":7,"Body":2052659887},"SourceTimestamp":"2024-04-27T14:37:02.1803369Z","ServerTimestamp":"2024-04-27T14:37:02.1803385Z"},"SequenceNumber":414,"ExtensionFields":{}}