{"NodeId":"nsu=http://opcfoundation.org/UA/Plc/Applications;s=RandomSignedInt32","EndpointUrl":"opc.tcp://localhost:61457/UA/SampleServer","ApplicationUri":"urn:desktop-bgfjs91:OPCFoundation:CoreSampleServer","DisplayName":"nsu=http://opcfoundation.org/UA/Plc/Applications;s=RandomSignedInt32","Timestamp":"2024-04-27T14:37:03.9896125Z","Value":{"Value":{"Type":6,"Body":597186541},"SourceTimestamp":"2024-04-27T14:37:03.8939021Z","ServerTimestamp":"2024-04-27T14:37:03.8939027Z"},"SequenceNumber":418,"ExtensionFields":{}}