{"NodeId":"nsu=http://opcfoundation.org/UA/Plc/Applications;s=FastRandomUIntScalar2","EndpointUrl":"opc.tcp://localhost:61457/UA/SampleServer","ApplicationUri":"urn:desktop-bgfjs91:OPCFoundation:CoreSampleServer","DisplayName":"nsu=http://opcfoundation.org/UA/Plc/Applications;s=FastRandomUIntScalar2","Timestamp":"2024-04-27T14:36:29.0386414Z","Value":{"Value":{"Type":7,"Body":1670326368},"SourceTimestamp":"2024-04-27T14:36:28.1854581Z","ServerTimestamp":"2024-04-27T14:36:28.1854598Z"},"SequenceNumber":42,"ExtensionFields":{}}