{"NodeId":"nsu=http://opcfoundation.org/UA/Plc/Applications;s=FastRandomUIntScalar2","EndpointUrl":"opc.tcp://localhost:61457/UA/SampleServer","ApplicationUri":"urn:desktop-bgfjs91:OPCFoundation:CoreSampleServer","DisplayName":"nsu=http://opcfoundation.org/UA/Plc/Applications;s=FastRandomUIntScalar2","Timestamp":"2024-04-27T14:37:03.9896125Z","Value":{"Value":{"Type":7,"Body":2982730089},"SourceTimestamp":"2024-04-27T14:37:03.1903539Z","ServerTimestamp":"2024-04-27T14:37:03.1903545Z"},"SequenceNumber":425,"ExtensionFields":{}}