{"NodeId":"nsu=http://opcfoundation.org/UA/Plc/Applications;s=SpikeData","EndpointUrl":"opc.tcp://localhost:61457/UA/SampleServer","ApplicationUri":"urn:desktop-bgfjs91:OPCFoundation:CoreSampleServer","DisplayName":"nsu=http://opcfoundation.org/UA/Plc/Applications;s=SpikeData","Timestamp":"2024-04-27T14:37:03.9896125Z","Value":{"Value":{"Type":11,"Body":48.175367410171532},"SourceTimestamp":"2024-04-27T14:37:03.8938814Z","ServerTimestamp":"2024-04-27T14:37:03.893888Z"},"SequenceNumber":427,"ExtensionFields":{}}