{"NodeId":"nsu=http://opcfoundation.org/UA/Plc/Applications;s=RandomSignedInt32","EndpointUrl":"opc.tcp://localhost:61457/UA/SampleServer","ApplicationUri":"urn:desktop-bgfjs91:OPCFoundation:CoreSampleServer","DisplayName":"nsu=http://opcfoundation.org/UA/Plc/Applications;s=RandomSignedInt32","Timestamp":"2024-04-27T14:37:04.9915147Z","Value":{"Value":{"Type":6,"Body":-222074867},"SourceTimestamp":"2024-04-27T14:37:04.991044Z","ServerTimestamp":"2024-04-27T14:37:04.9910765Z"},"SequenceNumber":430,"ExtensionFields":{}}