{"NodeId":"nsu=http://opcfoundation.org/UA/Plc/Applications;s=RandomUnsignedInt32","EndpointUrl":"opc.tcp://localhost:61457/UA/SampleServer","ApplicationUri":"urn:desktop-bgfjs91:OPCFoundation:CoreSampleServer","DisplayName":"nsu=http://opcfoundation.org/UA/Plc/Applications;s=RandomUnsignedInt32","Timestamp":"2024-04-27T14:37:04.9915147Z","Value":{"Value":{"Type":7,"Body":297619240},"SourceTimestamp":"2024-04-27T14:37:04.9910392Z","ServerTimestamp":"2024-04-27T14:37:04.99104Z"},"SequenceNumber":431,"ExtensionFields":{}}