{"NodeId":"nsu=http://opcfoundation.org/UA/Plc/Applications;s=FastRandomUIntScalar2","EndpointUrl":"opc.tcp://localhost:61457/UA/SampleServer","ApplicationUri":"urn:desktop-bgfjs91:OPCFoundation:CoreSampleServer","DisplayName":"nsu=http://opcfoundation.org/UA/Plc/Applications;s=FastRandomUIntScalar2","Timestamp":"2024-04-27T14:37:04.9915147Z","Value":{"Value":{"Type":7,"Body":2734598640},"SourceTimestamp":"2024-04-27T14:37:04.1944096Z","ServerTimestamp":"2024-04-27T14:37:04.1944109Z"},"SequenceNumber":437,"ExtensionFields":{}}