{"NodeId":"nsu=http://opcfoundation.org/UA/Plc/Applications;s=BadSlowUIntScalar1","EndpointUrl":"opc.tcp://localhost:61457/UA/SampleServer","ApplicationUri":"urn:desktop-bgfjs91:OPCFoundation:CoreSampleServer","DisplayName":"nsu=http://opcfoundation.org/UA/Plc/Applications;s=BadSlowUIntScalar1","Timestamp":"2024-04-27T14:37:04.9915147Z","Value":{"Value":{"Type":7,"Body":4},"StatusCode":1083179008,"SourceTimestamp":"2024-04-27T14:37:04.1943747Z","ServerTimestamp":"2024-04-27T14:37:04.1943978Z"},"SequenceNumber":442,"ExtensionFields":{}}