{"NodeId":"nsu=http://opcfoundation.org/UA/Plc/Applications;s=SlowRandomUIntScalar1","EndpointUrl":"opc.tcp://localhost:61457/UA/SampleServer","ApplicationUri":"urn:desktop-bgfjs91:OPCFoundation:CoreSampleServer","DisplayName":"nsu=http://opcfoundation.org/UA/Plc/Applications;s=SlowRandomUIntScalar1","Timestamp":"2024-04-27T14:37:04.9915147Z","Value":{"Value":{"Type":7,"Body":73954052},"SourceTimestamp":"2024-04-27T14:37:04.1943724Z","ServerTimestamp":"2024-04-27T14:37:04.1943747Z"},"SequenceNumber":443,"ExtensionFields":{}}