{"NodeId":"nsu=http://opcfoundation.org/UA/Plc/Applications;s=RandomSignedInt32","EndpointUrl":"opc.tcp://localhost:61457/UA/SampleServer","ApplicationUri":"urn:desktop-bgfjs91:OPCFoundation:CoreSampleServer","DisplayName":"nsu=http://opcfoundation.org/UA/Plc/Applications;s=RandomSignedInt32","Timestamp":"2024-04-27T14:37:05.9931035Z","Value":{"Value":{"Type":6,"Body":359028760},"SourceTimestamp":"2024-04-27T14:37:05.8858035Z","ServerTimestamp":"2024-04-27T14:37:05.8858073Z"},"SequenceNumber":449,"ExtensionFields":{}}