{"NodeId":"nsu=http://opcfoundation.org/UA/Plc/Applications;s=FastRandomUIntScalar1","EndpointUrl":"opc.tcp://localhost:61457/UA/SampleServer","ApplicationUri":"urn:desktop-bgfjs91:OPCFoundation:CoreSampleServer","DisplayName":"nsu=http://opcfoundation.org/UA/Plc/Applications;s=FastRandomUIntScalar1","Timestamp":"2024-04-27T14:37:05.9931035Z","Value":{"Value":{"Type":7,"Body":957250713},"SourceTimestamp":"2024-04-27T14:37:05.181819Z","ServerTimestamp":"2024-04-27T14:37:05.1818213Z"},"SequenceNumber":455,"ExtensionFields":{}}