{"NodeId":"nsu=http://opcfoundation.org/UA/Plc/Applications;s=FastRandomUIntScalar2","EndpointUrl":"opc.tcp://localhost:61457/UA/SampleServer","ApplicationUri":"urn:desktop-bgfjs91:OPCFoundation:CoreSampleServer","DisplayName":"nsu=http://opcfoundation.org/UA/Plc/Applications;s=FastRandomUIntScalar2","Timestamp":"2024-04-27T14:37:05.9931035Z","Value":{"Value":{"Type":7,"Body":3285005474},"SourceTimestamp":"2024-04-27T14:37:05.1818292Z","ServerTimestamp":"2024-04-27T14:37:05.181836Z"},"SequenceNumber":456,"ExtensionFields":{}}