{"NodeId":"nsu=http://opcfoundation.org/UA/Plc/Applications;s=RandomSignedInt32","EndpointUrl":"opc.tcp://localhost:61457/UA/SampleServer","ApplicationUri":"urn:desktop-bgfjs91:OPCFoundation:CoreSampleServer","DisplayName":"nsu=http://opcfoundation.org/UA/Plc/Applications;s=RandomSignedInt32","Timestamp":"2024-04-27T14:37:06.989132Z","Value":{"Value":{"Type":6,"Body":-1241118173},"SourceTimestamp":"2024-04-27T14:37:06.987928Z","ServerTimestamp":"2024-04-27T14:37:06.9879288Z"},"SequenceNumber":460,"ExtensionFields":{}}