{"NodeId":"nsu=http://opcfoundation.org/UA/Plc/Applications;s=RandomUnsignedInt32","EndpointUrl":"opc.tcp://localhost:61457/UA/SampleServer","ApplicationUri":"urn:desktop-bgfjs91:OPCFoundation:CoreSampleServer","DisplayName":"nsu=http://opcfoundation.org/UA/Plc/Applications;s=RandomUnsignedInt32","Timestamp":"2024-04-27T14:37:06.989132Z","Value":{"Value":{"Type":7,"Body":850340352},"SourceTimestamp":"2024-04-27T14:37:06.9879242Z","ServerTimestamp":"2024-04-27T14:37:06.9879248Z"},"SequenceNumber":461,"ExtensionFields":{}}