{"NodeId":"nsu=http://opcfoundation.org/UA/Plc/Applications;s=FastRandomUIntScalar1","EndpointUrl":"opc.tcp://localhost:61457/UA/SampleServer","ApplicationUri":"urn:desktop-bgfjs91:OPCFoundation:CoreSampleServer","DisplayName":"nsu=http://opcfoundation.org/UA/Plc/Applications;s=FastRandomUIntScalar1","Timestamp":"2024-04-27T14:37:06.989132Z","Value":{"Value":{"Type":7,"Body":2437968014},"SourceTimestamp":"2024-04-27T14:37:06.1801968Z","ServerTimestamp":"2024-04-27T14:37:06.1801991Z"},"SequenceNumber":466,"ExtensionFields":{}}