{"NodeId":"nsu=http://opcfoundation.org/UA/Plc/Applications;s=FastRandomUIntScalar2","EndpointUrl":"opc.tcp://localhost:61457/UA/SampleServer","ApplicationUri":"urn:desktop-bgfjs91:OPCFoundation:CoreSampleServer","DisplayName":"nsu=http://opcfoundation.org/UA/Plc/Applications;s=FastRandomUIntScalar2","Timestamp":"2024-04-27T14:37:07.9888499Z","Value":{"Value":{"Type":7,"Body":572307714},"SourceTimestamp":"2024-04-27T14:37:07.1918792Z","ServerTimestamp":"2024-04-27T14:37:07.1918806Z"},"SequenceNumber":478,"ExtensionFields":{}}