{"NodeId":"nsu=http://opcfoundation.org/UA/Plc/Applications;s=RandomUnsignedInt32","EndpointUrl":"opc.tcp://localhost:61457/UA/SampleServer","ApplicationUri":"urn:desktop-bgfjs91:OPCFoundation:CoreSampleServer","DisplayName":"nsu=http://opcfoundation.org/UA/Plc/Applications;s=RandomUnsignedInt32","Timestamp":"2024-04-27T14:36:30.03511Z","Value":{"Value":{"Type":7,"Body":1077130426},"SourceTimestamp":"2024-04-27T14:36:29.9887689Z","ServerTimestamp":"2024-04-27T14:36:29.98877Z"},"SequenceNumber":48,"ExtensionFields":{}}