{"NodeId":"nsu=http://opcfoundation.org/UA/Plc/Applications;s=DipData","EndpointUrl":"opc.tcp://localhost:61457/UA/SampleServer","ApplicationUri":"urn:desktop-bgfjs91:OPCFoundation:CoreSampleServer","DisplayName":"nsu=http://opcfoundation.org/UA/Plc/Applications;s=DipData","Timestamp":"2024-04-27T14:37:08.9877312Z","Value":{"Value":{"Type":11,"Body":48.175367410171532},"SourceTimestamp":"2024-04-27T14:37:08.8942041Z","ServerTimestamp":"2024-04-27T14:37:08.8942069Z"},"SequenceNumber":484,"ExtensionFields":{}}