{"NodeId":"nsu=http://opcfoundation.org/UA/Plc/Applications;s=FastUIntScalar2","EndpointUrl":"opc.tcp://localhost:61457/UA/SampleServer","ApplicationUri":"urn:desktop-bgfjs91:OPCFoundation:CoreSampleServer","DisplayName":"nsu=http://opcfoundation.org/UA/Plc/Applications;s=FastUIntScalar2","Timestamp":"2024-04-27T14:37:08.9877312Z","Value":{"Value":{"Type":7,"Body":44},"SourceTimestamp":"2024-04-27T14:37:08.1891441Z","ServerTimestamp":"2024-04-27T14:37:08.1891507Z"},"SequenceNumber":486,"ExtensionFields":{}}