{"NodeId":"nsu=http://opcfoundation.org/UA/Plc/Applications;s=FastRandomUIntScalar3","EndpointUrl":"opc.tcp://localhost:61457/UA/SampleServer","ApplicationUri":"urn:desktop-bgfjs91:OPCFoundation:CoreSampleServer","DisplayName":"nsu=http://opcfoundation.org/UA/Plc/Applications;s=FastRandomUIntScalar3","Timestamp":"2024-04-27T14:37:08.9877312Z","Value":{"Value":{"Type":7,"Body":2775882837},"SourceTimestamp":"2024-04-27T14:37:08.1891536Z","ServerTimestamp":"2024-04-27T14:37:08.1891548Z"},"SequenceNumber":490,"ExtensionFields":{}}