{"NodeId":"nsu=http://opcfoundation.org/UA/Plc/Applications;s=FastUIntScalar1","EndpointUrl":"opc.tcp://localhost:61457/UA/SampleServer","ApplicationUri":"urn:desktop-bgfjs91:OPCFoundation:CoreSampleServer","DisplayName":"nsu=http://opcfoundation.org/UA/Plc/Applications;s=FastUIntScalar1","Timestamp":"2024-04-27T14:37:09.984431Z","Value":{"Value":{"Type":7,"Body":45},"SourceTimestamp":"2024-04-27T14:37:09.1911537Z","ServerTimestamp":"2024-04-27T14:37:09.1911556Z"},"SequenceNumber":497,"ExtensionFields":{}}