{"NodeId":"nsu=http://opcfoundation.org/UA/Plc/Applications;s=FastUIntScalar3","EndpointUrl":"opc.tcp://localhost:61457/UA/SampleServer","ApplicationUri":"urn:desktop-bgfjs91:OPCFoundation:CoreSampleServer","DisplayName":"nsu=http://opcfoundation.org/UA/Plc/Applications;s=FastUIntScalar3","Timestamp":"2024-04-27T14:36:30.03511Z","Value":{"Value":{"Type":7,"Body":5},"SourceTimestamp":"2024-04-27T14:36:29.1797397Z","ServerTimestamp":"2024-04-27T14:36:29.179746Z"},"SequenceNumber":52,"ExtensionFields":{}}