{"NodeId":"nsu=http://opcfoundation.org/UA/Plc/Applications;s=FastUIntScalar2","EndpointUrl":"opc.tcp://localhost:61457/UA/SampleServer","ApplicationUri":"urn:desktop-bgfjs91:OPCFoundation:CoreSampleServer","DisplayName":"nsu=http://opcfoundation.org/UA/Plc/Applications;s=FastUIntScalar2","Timestamp":"2024-04-27T14:36:31.0305579Z","Value":{"Value":{"Type":7,"Body":6},"SourceTimestamp":"2024-04-27T14:36:30.1889437Z","ServerTimestamp":"2024-04-27T14:36:30.1889496Z"},"SequenceNumber":62,"ExtensionFields":{}}