{"NodeId":"nsu=http://opcfoundation.org/UA/Plc/Applications;s=FastRandomUIntScalar3","EndpointUrl":"opc.tcp://localhost:61457/UA/SampleServer","ApplicationUri":"urn:desktop-bgfjs91:OPCFoundation:CoreSampleServer","DisplayName":"nsu=http://opcfoundation.org/UA/Plc/Applications;s=FastRandomUIntScalar3","Timestamp":"2024-04-27T14:36:31.0305579Z","Value":{"Value":{"Type":7,"Body":1155109659},"SourceTimestamp":"2024-04-27T14:36:30.1889517Z","ServerTimestamp":"2024-04-27T14:36:30.1889524Z"},"SequenceNumber":66,"ExtensionFields":{}}