{"NodeId":"nsu=http://opcfoundation.org/UA/Plc/Applications;s=FastUIntScalar1","EndpointUrl":"opc.tcp://localhost:61457/UA/SampleServer","ApplicationUri":"urn:desktop-bgfjs91:OPCFoundation:CoreSampleServer","DisplayName":"nsu=http://opcfoundation.org/UA/Plc/Applications;s=FastUIntScalar1","Timestamp":"2024-04-27T14:36:32.0192345Z","Value":{"Value":{"Type":7,"Body":7},"SourceTimestamp":"2024-04-27T14:36:31.1873219Z","ServerTimestamp":"2024-04-27T14:36:31.187323Z"},"SequenceNumber":72,"ExtensionFields":{}}