{"NodeId":"nsu=http://opcfoundation.org/UA/Plc/Applications;s=SpikeData","EndpointUrl":"opc.tcp://localhost:61457/UA/SampleServer","ApplicationUri":"urn:desktop-bgfjs91:OPCFoundation:CoreSampleServer","DisplayName":"nsu=http://opcfoundation.org/UA/Plc/Applications;s=SpikeData","Timestamp":"2024-04-27T14:36:32.0192345Z","Value":{"Value":{"Type":11,"Body":24.868988716485482},"SourceTimestamp":"2024-04-27T14:36:31.9881886Z","ServerTimestamp":"2024-04-27T14:36:31.988195Z"},"SequenceNumber":78,"ExtensionFields":{}}