{"NodeId":"nsu=http://opcfoundation.org/UA/Plc/Applications;s=RandomSignedInt32","EndpointUrl":"opc.tcp://localhost:61457/UA/SampleServer","ApplicationUri":"urn:desktop-bgfjs91:OPCFoundation:CoreSampleServer","DisplayName":"nsu=http://opcfoundation.org/UA/Plc/Applications;s=RandomSignedInt32","Timestamp":"2024-04-27T14:36:34.0076376Z","Value":{"Value":{"Type":6,"Body":89433203},"SourceTimestamp":"2024-04-27T14:36:33.9921306Z","ServerTimestamp":"2024-04-27T14:36:33.9921324Z"},"SequenceNumber":91,"ExtensionFields":{}}