{"NodeId":"nsu=http://opcfoundation.org/UA/Plc/Applications;s=FastRandomUIntScalar3","EndpointUrl":"opc.tcp://localhost:61457/UA/SampleServer","ApplicationUri":"urn:desktop-bgfjs91:OPCFoundation:CoreSampleServer","DisplayName":"nsu=http://opcfoundation.org/UA/Plc/Applications;s=FastRandomUIntScalar3","Timestamp":"2024-04-27T14:36:34.0076376Z","Value":{"Value":{"Type":7,"Body":2284067687},"SourceTimestamp":"2024-04-27T14:36:33.1819601Z","ServerTimestamp":"2024-04-27T14:36:33.1819614Z"},"SequenceNumber":99,"ExtensionFields":{}}