{"MessageId":"77f74163-2d80-4e3f-9bbf-4655c750368b","MessageType":"ua-data","PublisherId":"DESKTOP-BGFJS91","DataSetWriterGroup":"<<UnknownWriterGroup>>","Messages":[{"MetaDataVersion":{"MajorVersion":1},"MessageType":"ua-deltaframe","DataSetWriterName":"<<UnknownDataSet>>","Payload":{"nsu=http://opcfoundation.org/UA/Plc/Applications;s=StepUp":{"Value":1138,"SourceTimestamp":"2024-04-27T10:39:01.6772001Z"},"nsu=http://opcfoundation.org/UA/Plc/Applications;s=RandomSignedInt32":{"Value":896359440,"SourceTimestamp":"2024-04-27T10:39:01.677232Z"},"nsu=http://opcfoundation.org/UA/Plc/Applications;s=RandomUnsignedInt32":{"Value":1538107513,"SourceTimestamp":"2024-04-27T10:39:01.6772561Z"},"nsu=http://opcfoundation.org/UA/Plc/Applications;s=DipData":{"Value":99.80267284282715,"SourceTimestamp":"2024-04-27T10:39:01.6772817Z"},"nsu=http://opcfoundation.org/UA/Plc/Applications;s=FastUIntScalar1":{"Value":113,"SourceTimestamp":"2024-04-27T10:39:00.8680557Z"},"nsu=http://opcfoundation.org/UA/Plc/Applications;s=FastUIntScalar2":{"Value":113,"SourceTimestamp":"2024-04-27T10:39:00.8681122Z"},"nsu=http://opcfoundation.org/UA/Plc/Applications;s=FastUIntScalar3":{"Value":113,"SourceTimestamp":"2024-04-27T10:39:00.8681165Z"},"nsu=http://opcfoundation.org/UA/Plc/Applications;s=FastRandomUIntScalar1":{"Value":2434158773,"SourceTimestamp":"2024-04-27T10:39:00.8680745Z"},"nsu=http://opcfoundation.org/UA/Plc/Applications;s=FastRandomUIntScalar2":{"Value":1173557559,"SourceTimestamp":"2024-04-27T10:39:00.868087Z"},"nsu=http://opcfoundation.org/UA/Plc/Applications;s=FastRandomUIntScalar3":{"Value":2338891454,"SourceTimestamp":"2024-04-27T10:39:00.86809Z"},"nsu=http://opcfoundation.org/UA/Plc/Applications;s=SpikeData":{"Value":99.80267284282715,"SourceTimestamp":"2024-04-27T10:39:01.6772855Z"}}}]}