{"MessageId":"03f25b21-b0f4-41a8-ad81-c497029d6717","MessageType":"ua-data","PublisherId":"DESKTOP-BGFJS91","DataSetWriterGroup":"<<UnknownWriterGroup>>","Messages":[{"MetaDataVersion":{"MajorVersion":1},"MessageType":"ua-deltaframe","DataSetWriterName":"<<UnknownDataSet>>","Payload":{"nsu=http://opcfoundation.org/UA/Plc/Applications;s=StepUp":{"Value":138,"SourceTimestamp":"2024-04-27T10:37:21.6765564Z"},"nsu=http://opcfoundation.org/UA/Plc/Applications;s=RandomSignedInt32":{"Value":1325858320,"SourceTimestamp":"2024-04-27T10:37:21.6765779Z"},"nsu=http://opcfoundation.org/UA/Plc/Applications;s=RandomUnsignedInt32":{"Value":577392106,"SourceTimestamp":"2024-04-27T10:37:21.6765909Z"},"nsu=http://opcfoundation.org/UA/Plc/Applications;s=DipData":{"Value":-1000,"SourceTimestamp":"2024-04-27T10:37:21.676606Z"},"nsu=http://opcfoundation.org/UA/Plc/Applications;s=FastUIntScalar1":{"Value":13,"SourceTimestamp":"2024-04-27T10:37:20.8714261Z"},"nsu=http://opcfoundation.org/UA/Plc/Applications;s=FastUIntScalar2":{"Value":13,"SourceTimestamp":"2024-04-27T10:37:20.8714599Z"},"nsu=http://opcfoundation.org/UA/Plc/Applications;s=FastUIntScalar3":{"Value":13,"SourceTimestamp":"2024-04-27T10:37:20.8714691Z"},"nsu=http://opcfoundation.org/UA/Plc/Applications;s=FastRandomUIntScalar1":{"Value":4275863434,"SourceTimestamp":"2024-04-27T10:37:20.8714234Z"},"nsu=http://opcfoundation.org/UA/Plc/Applications;s=FastRandomUIntScalar2":{"Value":1013083741,"SourceTimestamp":"2024-04-27T10:37:20.8714487Z"},"nsu=http://opcfoundation.org/UA/Plc/Applications;s=FastRandomUIntScalar3":{"Value":1262175077,"SourceTimestamp":"2024-04-27T10:37:20.8714503Z"},"nsu=http://opcfoundation.org/UA/Plc/Applications;s=SpikeData":{"Value":99.80267284282715,"SourceTimestamp":"2024-04-27T10:37:21.6766163Z"}}}]}