{"MessageId":"bf8db6f3-40d1-4312-9997-7732381c5bef","MessageType":"ua-data","PublisherId":"DESKTOP-BGFJS91","DataSetWriterGroup":"<<UnknownWriterGroup>>","Messages":[{"MetaDataVersion":{"MajorVersion":1},"MessageType":"ua-deltaframe","DataSetWriterName":"<<UnknownDataSet>>","Payload":{"nsu=http://opcfoundation.org/UA/Plc/Applications;s=StepUp":{"Value":208,"SourceTimestamp":"2024-04-27T10:37:28.6677895Z"},"nsu=http://opcfoundation.org/UA/Plc/Applications;s=AlternatingBoolean":{"Value":true,"SourceTimestamp":"2024-04-27T10:37:27.9743629Z"},"nsu=http://opcfoundation.org/UA/Plc/Applications;s=RandomSignedInt32":{"Value":102538733,"SourceTimestamp":"2024-04-27T10:37:28.6677656Z"},"nsu=http://opcfoundation.org/UA/Plc/Applications;s=RandomUnsignedInt32":{"Value":684962327,"SourceTimestamp":"2024-04-27T10:37:28.6678005Z"},"nsu=http://opcfoundation.org/UA/Plc/Applications;s=DipData":{"Value":-77.0513242775789,"SourceTimestamp":"2024-04-27T10:37:28.6678114Z"},"nsu=http://opcfoundation.org/UA/Plc/Applications;s=FastUIntScalar1":{"Value":20,"SourceTimestamp":"2024-04-27T10:37:27.8658781Z"},"nsu=http://opcfoundation.org/UA/Plc/Applications;s=FastUIntScalar2":{"Value":20,"SourceTimestamp":"2024-04-27T10:37:27.8658867Z"},"nsu=http://opcfoundation.org/UA/Plc/Applications;s=FastUIntScalar3":{"Value":20,"SourceTimestamp":"2024-04-27T10:37:27.8658896Z"},"nsu=http://opcfoundation.org/UA/Plc/Applications;s=FastRandomUIntScalar1":{"Value":2186623823,"SourceTimestamp":"2024-04-27T10:37:27.8658882Z"},"nsu=http://opcfoundation.org/UA/Plc/Applications;s=FastRandomUIntScalar2":{"Value":1318077042,"SourceTimestamp":"2024-04-27T10:37:27.8658916Z"},"nsu=http://opcfoundation.org/UA/Plc/Applications;s=FastRandomUIntScalar3":{"Value":2241422492,"SourceTimestamp":"2024-04-27T10:37:27.8658974Z"},"nsu=http://opcfoundation.org/UA/Plc/Applications;s=NegativeTrendData":{"Value":99.599999999999994,"SourceTimestamp":"2024-04-27T10:37:27.9743683Z"},"nsu=http://opcfoundation.org/UA/Plc/Applications;s=PositiveTrendData":{"Value":100.3,"SourceTimestamp":"2024-04-27T10:37:27.9743726Z"},"nsu=http://opcfoundation.org/UA/Plc/Applications;s=SpikeData":{"Value":-77.0513242775789,"SourceTimestamp":"2024-04-27T10:37:28.667815Z"}}}]}