{"MessageId":"8246e6cb-a90b-47de-aac0-dcd55cdf2127","MessageType":"ua-data","PublisherId":"DESKTOP-BGFJS91","DataSetWriterGroup":"<<UnknownWriterGroup>>","Messages":[{"MetaDataVersion":{"MajorVersion":1},"MessageType":"ua-deltaframe","DataSetWriterName":"<<UnknownDataSet>>","Payload":{"nsu=http://opcfoundation.org/UA/Plc/Applications;s=StepUp":{"Value":38,"SourceTimestamp":"2024-04-27T10:37:11.6699702Z"},"nsu=http://opcfoundation.org/UA/Plc/Applications;s=RandomSignedInt32":{"Value":-698617991,"SourceTimestamp":"2024-04-27T10:37:11.6699486Z"},"nsu=http://opcfoundation.org/UA/Plc/Applications;s=RandomUnsignedInt32":{"Value":2091406615,"SourceTimestamp":"2024-04-27T10:37:11.6699754Z"},"nsu=http://opcfoundation.org/UA/Plc/Applications;s=DipData":{"Value":99.80267284282715,"SourceTimestamp":"2024-04-27T10:37:11.6699816Z"},"nsu=http://opcfoundation.org/UA/Plc/Applications;s=FastUIntScalar1":{"Value":3,"SourceTimestamp":"2024-04-27T10:37:10.8711304Z"},"nsu=http://opcfoundation.org/UA/Plc/Applications;s=FastUIntScalar2":{"Value":3,"SourceTimestamp":"2024-04-27T10:37:10.8712043Z"},"nsu=http://opcfoundation.org/UA/Plc/Applications;s=FastUIntScalar3":{"Value":3,"SourceTimestamp":"2024-04-27T10:37:10.8712094Z"},"nsu=http://opcfoundation.org/UA/Plc/Applications;s=FastRandomUIntScalar1":{"Value":221830870,"SourceTimestamp":"2024-04-27T10:37:10.8711298Z"},"nsu=http://opcfoundation.org/UA/Plc/Applications;s=FastRandomUIntScalar2":{"Value":1733807438,"SourceTimestamp":"2024-04-27T10:37:10.8711518Z"},"nsu=http://opcfoundation.org/UA/Plc/Applications;s=FastRandomUIntScalar3":{"Value":4100003763,"SourceTimestamp":"2024-04-27T10:37:10.8711656Z"},"nsu=http://opcfoundation.org/UA/Plc/Applications;s=SpikeData":{"Value":99.80267284282715,"SourceTimestamp":"2024-04-27T10:37:11.6699863Z"}}}]}