{"MessageId":"a1427328-ecd9-462a-b787-69395b72e238","MessageType":"ua-data","PublisherId":"DESKTOP-BGFJS91","DataSetWriterGroup":"<<UnknownWriterGroup>>","Messages":[{"MetaDataVersion":{"MajorVersion":1},"MessageType":"ua-deltaframe","DataSetWriterName":"<<UnknownDataSet>>","Payload":{"nsu=http://opcfoundation.org/UA/Plc/Applications;s=StepUp":{"Value":478,"SourceTimestamp":"2024-04-27T10:37:55.6718745Z"},"nsu=http://opcfoundation.org/UA/Plc/Applications;s=RandomSignedInt32":{"Value":529988199,"SourceTimestamp":"2024-04-27T10:37:55.6718319Z"},"nsu=http://opcfoundation.org/UA/Plc/Applications;s=RandomUnsignedInt32":{"Value":794679995,"SourceTimestamp":"2024-04-27T10:37:55.6718412Z"},"nsu=http://opcfoundation.org/UA/Plc/Applications;s=DipData":{"Value":24.868988716485482,"SourceTimestamp":"2024-04-27T10:37:55.6718639Z"},"nsu=http://opcfoundation.org/UA/Plc/Applications;s=FastUIntScalar1":{"Value":47,"SourceTimestamp":"2024-04-27T10:37:54.8658761Z"},"nsu=http://opcfoundation.org/UA/Plc/Applications;s=FastUIntScalar2":{"Value":47,"SourceTimestamp":"2024-04-27T10:37:54.8659065Z"},"nsu=http://opcfoundation.org/UA/Plc/Applications;s=FastUIntScalar3":{"Value":47,"SourceTimestamp":"2024-04-27T10:37:54.8659095Z"},"nsu=http://opcfoundation.org/UA/Plc/Applications;s=FastRandomUIntScalar1":{"Value":2788664462,"SourceTimestamp":"2024-04-27T10:37:54.865884Z"},"nsu=http://opcfoundation.org/UA/Plc/Applications;s=FastRandomUIntScalar2":{"Value":740097163,"SourceTimestamp":"2024-04-27T10:37:54.865894Z"},"nsu=http://opcfoundation.org/UA/Plc/Applications;s=FastRandomUIntScalar3":{"Value":3120296160,"SourceTimestamp":"2024-04-27T10:37:54.8658956Z"},"nsu=http://opcfoundation.org/UA/Plc/Applications;s=SpikeData":{"Value":24.868988716485482,"SourceTimestamp":"2024-04-27T10:37:55.6718647Z"}}}]}