{"MessageId":"77632091-c81b-4816-9d4d-bc11ec8b8a3a","MessageType":"ua-data","PublisherId":"DESKTOP-BGFJS91","DataSetWriterGroup":"<<UnknownWriterGroup>>","Messages":[{"MetaDataVersion":{"MajorVersion":1},"MessageType":"ua-deltaframe","DataSetWriterName":"<<UnknownDataSet>>","Payload":{"nsu=http://opcfoundation.org/UA/Plc/Applications;s=StepUp":{"Value":578,"SourceTimestamp":"2024-04-27T10:38:05.6731572Z"},"nsu=http://opcfoundation.org/UA/Plc/Applications;s=RandomSignedInt32":{"Value":423375235,"SourceTimestamp":"2024-04-27T10:38:05.6731692Z"},"nsu=http://opcfoundation.org/UA/Plc/Applications;s=RandomUnsignedInt32":{"Value":408186430,"SourceTimestamp":"2024-04-27T10:38:05.6731746Z"},"nsu=http://opcfoundation.org/UA/Plc/Applications;s=DipData":{"Value":24.868988716485482,"SourceTimestamp":"2024-04-27T10:38:05.6731933Z"},"nsu=http://opcfoundation.org/UA/Plc/Applications;s=FastUIntScalar1":{"Value":57,"SourceTimestamp":"2024-04-27T10:38:04.8679363Z"},"nsu=http://opcfoundation.org/UA/Plc/Applications;s=FastUIntScalar2":{"Value":57,"SourceTimestamp":"2024-04-27T10:38:04.8679688Z"},"nsu=http://opcfoundation.org/UA/Plc/Applications;s=FastUIntScalar3":{"Value":57,"SourceTimestamp":"2024-04-27T10:38:04.8679826Z"},"nsu=http://opcfoundation.org/UA/Plc/Applications;s=FastRandomUIntScalar1":{"Value":1573812987,"SourceTimestamp":"2024-04-27T10:38:04.8679595Z"},"nsu=http://opcfoundation.org/UA/Plc/Applications;s=FastRandomUIntScalar2":{"Value":3568397608,"SourceTimestamp":"2024-04-27T10:38:04.867981Z"},"nsu=http://opcfoundation.org/UA/Plc/Applications;s=FastRandomUIntScalar3":{"Value":1632053421,"SourceTimestamp":"2024-04-27T10:38:04.867985Z"},"nsu=http://opcfoundation.org/UA/Plc/Applications;s=SpikeData":{"Value":24.868988716485482,"SourceTimestamp":"2024-04-27T10:38:05.6731914Z"}}}]}