{"MessageId":"1485c7aa-2f48-4538-b52b-20a09abff09b","MessageType":"ua-data","PublisherId":"DESKTOP-BGFJS91","DataSetWriterGroup":"<<UnknownWriterGroup>>","Messages":[{"MetaDataVersion":{"MajorVersion":1},"MessageType":"ua-deltaframe","DataSetWriterName":"<<UnknownDataSet>>","Payload":{"nsu=http://opcfoundation.org/UA/Plc/Applications;s=StepUp":{"Value":748,"SourceTimestamp":"2024-04-27T10:38:22.6693759Z"},"nsu=http://opcfoundation.org/UA/Plc/Applications;s=RandomSignedInt32":{"Value":294910853,"SourceTimestamp":"2024-04-27T10:38:22.669334Z"},"nsu=http://opcfoundation.org/UA/Plc/Applications;s=RandomUnsignedInt32":{"Value":1824586091,"SourceTimestamp":"2024-04-27T10:38:22.6693507Z"},"nsu=http://opcfoundation.org/UA/Plc/Applications;s=DipData":{"Value":36.812455268467801,"SourceTimestamp":"2024-04-27T10:38:22.669374Z"},"nsu=http://opcfoundation.org/UA/Plc/Applications;s=FastUIntScalar1":{"Value":74,"SourceTimestamp":"2024-04-27T10:38:21.8766999Z"},"nsu=http://opcfoundation.org/UA/Plc/Applications;s=FastUIntScalar2":{"Value":74,"SourceTimestamp":"2024-04-27T10:38:21.8767164Z"},"nsu=http://opcfoundation.org/UA/Plc/Applications;s=FastUIntScalar3":{"Value":74,"SourceTimestamp":"2024-04-27T10:38:21.8767187Z"},"nsu=http://opcfoundation.org/UA/Plc/Applications;s=FastRandomUIntScalar1":{"Value":2318502698,"SourceTimestamp":"2024-04-27T10:38:21.8766925Z"},"nsu=http://opcfoundation.org/UA/Plc/Applications;s=FastRandomUIntScalar2":{"Value":4080085524,"SourceTimestamp":"2024-04-27T10:38:21.8766999Z"},"nsu=http://opcfoundation.org/UA/Plc/Applications;s=FastRandomUIntScalar3":{"Value":2541268321,"SourceTimestamp":"2024-04-27T10:38:21.8767372Z"},"nsu=http://opcfoundation.org/UA/Plc/Applications;s=SpikeData":{"Value":36.812455268467801,"SourceTimestamp":"2024-04-27T10:38:22.669374Z"}}}]}