{"MessageId":"5f1f3b84-3073-43a3-bde6-60e7d685bf7b","MessageType":"ua-data","PublisherId":"DESKTOP-BGFJS91","DataSetWriterGroup":"<<UnknownWriterGroup>>","Messages":[{"SequenceNumber":1,"MetaDataVersion":{"MajorVersion":1},"Timestamp":"2024-04-27T11:05:12.4737771Z","MessageType":"ua-event","DataSetWriterName":"<<UnknownDataSet>>","Payload":{"EventId":{"Value":"rdrkRXtyeE2geQ+XBUPpuw=="},"EventType":{"Value":{"IdType":1,"Id":"ReferenceChange"}},"SourceNode":{"Value":{"Id":84}},"Time":{"Value":"2024-04-27T11:05:12.4737722Z"},"Change":{"Value":{"ReferenceTypeId":{"Id":35},"IsForward":true,"NodeId":{"Id":85},"BrowseName":{"Name":"Objects"},"DisplayName":"Objects","NodeClass":"Object_1","TypeDefinition":{"Id":61}}}}}]}