{"MessageId":"299a670e-2164-429e-ba9e-d5dd0cd92c3f","MessageType":"ua-data","PublisherId":"DESKTOP-BGFJS91","DataSetWriterGroup":"<<UnknownWriterGroup>>","Messages":[{"SequenceNumber":10,"MetaDataVersion":{"MajorVersion":1},"Timestamp":"2024-04-27T11:05:12.5351028Z","MessageType":"ua-event","DataSetWriterName":"<<UnknownDataSet>>","Payload":{"EventId":{"Value":"Mi9sTAVB2UGMhauKDDa/1Q=="},"EventType":{"Value":{"IdType":1,"Id":"NodeChange"}},"SourceNode":{"Value":{"Id":23470}},"Time":{"Value":"2024-04-27T11:05:12.5351004Z"},"Change":{"Value":{"NodeId":{"Id":23470},"NodeClass":"Object_1","BrowseName":{"Name":"Aliases"},"DisplayName":"Aliases","RolePermissions":[],"UserRolePermissions":[],"References":[]}}}}]}