{"MessageId":"9f34506b-54b6-4699-be2b-4a97e52d0243","MessageType":"ua-data","PublisherId":"DESKTOP-BGFJS91","DataSetWriterGroup":"<<UnknownWriterGroup>>","Messages":[{"SequenceNumber":103,"MetaDataVersion":{"MajorVersion":1},"Timestamp":"2024-04-27T11:05:12.667873Z","MessageType":"ua-event","DataSetWriterName":"<<UnknownDataSet>>","Payload":{"EventId":{"Value":"j2YisRZn706k5Hkr2v6CTg=="},"EventType":{"Value":{"IdType":1,"Id":"ReferenceChange"}},"SourceNode":{"Value":{"Id":2253}},"Time":{"Value":"2024-04-27T11:05:12.667872Z"},"Change":{"Value":{"ReferenceTypeId":{"Id":48},"IsForward":true,"NodeId":{"Id":10157,"Namespace":"http://test.org/UA/Data/"},"BrowseName":{"Name":"Data","Uri":"http://test.org/UA/Data/"},"DisplayName":"Data","NodeClass":"Object_1","TypeDefinition":{"Id":61}}}}}]}