{"MessageId":"e6ef8ce5-7c77-47cc-8c39-b03af7ada5c9","MessageType":"ua-data","PublisherId":"DESKTOP-BGFJS91","DataSetWriterGroup":"<<UnknownWriterGroup>>","Messages":[{"SequenceNumber":106,"MetaDataVersion":{"MajorVersion":1},"Timestamp":"2024-04-27T11:05:12.6716907Z","MessageType":"ua-event","DataSetWriterName":"<<UnknownDataSet>>","Payload":{"EventId":{"Value":"QE9tlY61YUmhVML5ozMi7A=="},"EventType":{"Value":{"IdType":1,"Id":"ReferenceChange"}},"SourceNode":{"Value":{"Id":2253}},"Time":{"Value":"2024-04-27T11:05:12.671689Z"},"Change":{"Value":{"ReferenceTypeId":{"Id":48},"IsForward":true,"NodeId":{"IdType":1,"Id":"0:/Green","Namespace":"http://opcfoundation.org/AlarmCondition"},"BrowseName":{"Name":"Green","Uri":"http://opcfoundation.org/AlarmCondition"},"DisplayName":"Green","NodeClass":"Object_1","TypeDefinition":{"Id":61}}}}}]}