{"MessageId":"efe812d8-da6e-482b-96af-84135b5d57ea","MessageType":"ua-data","PublisherId":"DESKTOP-BGFJS91","DataSetWriterGroup":"<<UnknownWriterGroup>>","Messages":[{"SequenceNumber":11,"MetaDataVersion":{"MajorVersion":1},"Timestamp":"2024-04-27T11:05:12.5360235Z","MessageType":"ua-event","DataSetWriterName":"<<UnknownDataSet>>","Payload":{"EventId":{"Value":"kW90dxtJbUqm/zDq3lGp9Q=="},"EventType":{"Value":{"IdType":1,"Id":"ReferenceChange"}},"SourceNode":{"Value":{"Id":85}},"Time":{"Value":"2024-04-27T11:05:12.5360217Z"},"Change":{"Value":{"ReferenceTypeId":{"Id":35},"IsForward":true,"NodeId":{"Id":31915},"BrowseName":{"Name":"Locations"},"DisplayName":"Locations","NodeClass":"Object_1","TypeDefinition":{"Id":61}}}}}]}