{"MessageId":"77c778a9-b631-4aaf-b3b8-f228be87b6bf","MessageType":"ua-data","PublisherId":"DESKTOP-BGFJS91","DataSetWriterGroup":"<<UnknownWriterGroup>>","Messages":[{"SequenceNumber":117,"MetaDataVersion":{"MajorVersion":1},"Timestamp":"2024-04-27T11:05:12.6796977Z","MessageType":"ua-event","DataSetWriterName":"<<UnknownDataSet>>","Payload":{"EventId":{"Value":"ri2mCtmmrkS4Y3HXPEG96g=="},"EventType":{"Value":{"IdType":1,"Id":"NodeChange"}},"SourceNode":{"Value":{"Id":23488}},"Time":{"Value":"2024-04-27T11:05:12.6796961Z"},"Change":{"Value":{"NodeId":{"Id":23488},"NodeClass":"Object_1","BrowseName":{"Name":"Topics"},"DisplayName":"Topics","RolePermissions":[],"UserRolePermissions":[],"References":[]}}}}]}