{"MessageId":"e7c401f6-94eb-4c38-b9d9-406101254db5","MessageType":"ua-data","PublisherId":"DESKTOP-BGFJS91","DataSetWriterGroup":"<<UnknownWriterGroup>>","Messages":[{"SequenceNumber":121,"MetaDataVersion":{"MajorVersion":1},"Timestamp":"2024-04-27T11:05:12.6824562Z","MessageType":"ua-event","DataSetWriterName":"<<UnknownDataSet>>","Payload":{"EventId":{"Value":"RU++SVDAvEeXL5r22P35rQ=="},"EventType":{"Value":{"IdType":1,"Id":"NodeChange"}},"SourceNode":{"Value":{"Id":10786,"Namespace":"http://test.org/UA/Data/"}},"Time":{"Value":"2024-04-27T11:05:12.6824543Z"},"Change":{"Value":{"NodeId":{"Id":10786,"Namespace":"http://test.org/UA/Data/"},"NodeClass":"Object_1","BrowseName":{"Name":"Dynamic","Uri":"http://test.org/UA/Data/"},"DisplayName":"Dynamic","RolePermissions":[],"UserRolePermissions":[],"References":[],"EventNotifier":1}}}}]}