{"MessageId":"d67de41a-750c-4b8b-9bb6-66e157e5ccca","MessageType":"ua-data","PublisherId":"DESKTOP-BGFJS91","DataSetWriterGroup":"<<UnknownWriterGroup>>","Messages":[{"SequenceNumber":122,"MetaDataVersion":{"MajorVersion":1},"Timestamp":"2024-04-27T11:05:12.6826336Z","MessageType":"ua-event","DataSetWriterName":"<<UnknownDataSet>>","Payload":{"EventId":{"Value":"WdWYXLBHrUW3moKuES4NQw=="},"EventType":{"Value":{"IdType":1,"Id":"ReferenceChange"}},"SourceNode":{"Value":{"Id":10157,"Namespace":"http://test.org/UA/Data/"}},"Time":{"Value":"2024-04-27T11:05:12.6826326Z"},"Change":{"Value":{"ReferenceTypeId":{"Id":47},"IsForward":true,"NodeId":{"Id":11383,"Namespace":"http://test.org/UA/Data/"},"BrowseName":{"Name":"Conditions","Uri":"http://test.org/UA/Data/"},"DisplayName":"Conditions","NodeClass":"Object_1","TypeDefinition":{"Id":61}}}}}]}