{"MessageId":"0795267d-2d28-43bd-b054-29fda14b6afd","MessageType":"ua-data","PublisherId":"DESKTOP-BGFJS91","DataSetWriterGroup":"<<UnknownWriterGroup>>","Messages":[{"SequenceNumber":124,"MetaDataVersion":{"MajorVersion":1},"Timestamp":"2024-04-27T11:05:12.6842335Z","MessageType":"ua-event","DataSetWriterName":"<<UnknownDataSet>>","Payload":{"EventId":{"Value":"blBwaKB26kKLN2fc8Ot8rw=="},"EventType":{"Value":{"IdType":1,"Id":"ReferenceChange"}},"SourceNode":{"Value":{"Id":10157,"Namespace":"http://test.org/UA/Data/"}},"Time":{"Value":"2024-04-27T11:05:12.6842324Z"},"Change":{"Value":{"ReferenceTypeId":{"Id":48},"IsForward":true,"NodeId":{"Id":10158,"Namespace":"http://test.org/UA/Data/"},"BrowseName":{"Name":"Static","Uri":"http://test.org/UA/Data/"},"DisplayName":"Static","NodeClass":"Object_1","TypeDefinition":{"Id":61}}}}}]}