{"MessageId":"2532f256-b0a1-4865-a337-28a58d806642","MessageType":"ua-data","PublisherId":"DESKTOP-BGFJS91","DataSetWriterGroup":"<<UnknownWriterGroup>>","Messages":[{"SequenceNumber":127,"MetaDataVersion":{"MajorVersion":1},"Timestamp":"2024-04-27T11:05:12.6880787Z","MessageType":"ua-event","DataSetWriterName":"<<UnknownDataSet>>","Payload":{"EventId":{"Value":"eQKSbUt9GkGSWLFlPsqThQ=="},"EventType":{"Value":{"IdType":1,"Id":"NodeChange"}},"SourceNode":{"Value":{"Id":380,"Namespace":"http://opcfoundation.org/UA/Vehicles/Instances"}},"Time":{"Value":"2024-04-27T11:05:12.6880768Z"},"Change":{"Value":{"NodeId":{"Id":380,"Namespace":"http://opcfoundation.org/UA/Vehicles/Instances"},"NodeClass":"Variable_2","BrowseName":{"Name":"LotType","Uri":"http://opcfoundation.org/UA/Vehicles/Instances"},"DisplayName":"LotType","RolePermissions":[],"UserRolePermissions":[],"References":[],"Value":null,"DataType":{"Id":378,"Namespace":"http://opcfoundation.org/UA/Vehicles/Instances"},"ValueRank":-1,"ArrayDimensions":[],"AccessLevel":3,"UserAccessLevel":3,"AccessLevelEx":3}}}}]}