{"MessageId":"cb70fdc1-9759-417f-8330-602fe4e2d4fd","MessageType":"ua-data","PublisherId":"DESKTOP-BGFJS91","DataSetWriterGroup":"<<UnknownWriterGroup>>","Messages":[{"SequenceNumber":128,"MetaDataVersion":{"MajorVersion":1},"Timestamp":"2024-04-27T11:05:12.6882566Z","MessageType":"ua-event","DataSetWriterName":"<<UnknownDataSet>>","Payload":{"EventId":{"Value":"BT+Hsa6wzU+Gez8TWL0iqA=="},"EventType":{"Value":{"IdType":1,"Id":"ReferenceChange"}},"SourceNode":{"Value":{"Id":281,"Namespace":"http://opcfoundation.org/UA/Vehicles/Instances"}},"Time":{"Value":"2024-04-27T11:05:12.6882557Z"},"Change":{"Value":{"ReferenceTypeId":{"Id":47},"IsForward":true,"NodeId":{"Id":375,"Namespace":"http://opcfoundation.org/UA/Vehicles/Instances"},"BrowseName":{"Name":"DriverOfTheMonth","Uri":"http://opcfoundation.org/UA/Vehicles/Instances"},"DisplayName":"DriverOfTheMonth","NodeClass":"Object_1","TypeDefinition":{"Id":341,"Namespace":"http://opcfoundation.org/UA/Vehicles/Types"}}}}}]}