{"MessageId":"5829d46a-099a-4e19-9835-3ecccf08f932","MessageType":"ua-data","PublisherId":"DESKTOP-BGFJS91","DataSetWriterGroup":"<<UnknownWriterGroup>>","Messages":[{"SequenceNumber":131,"MetaDataVersion":{"MajorVersion":1},"Timestamp":"2024-04-27T11:05:12.6907659Z","MessageType":"ua-event","DataSetWriterName":"<<UnknownDataSet>>","Payload":{"EventId":{"Value":"mNTdlaEj00SLZzZxloNwmA=="},"EventType":{"Value":{"IdType":1,"Id":"NodeChange"}},"SourceNode":{"Value":{"Id":283,"Namespace":"http://opcfoundation.org/UA/Vehicles/Instances"}},"Time":{"Value":"2024-04-27T11:05:12.6907643Z"},"Change":{"Value":{"NodeId":{"Id":283,"Namespace":"http://opcfoundation.org/UA/Vehicles/Instances"},"NodeClass":"Variable_2","BrowseName":{"Name":"VehiclesInLot","Uri":"http://opcfoundation.org/UA/Vehicles/Instances"},"DisplayName":"VehiclesInLot","RolePermissions":[],"UserRolePermissions":[],"References":[],"Value":null,"DataType":{"Id":314,"Namespace":"http://opcfoundation.org/UA/Vehicles/Types"},"ValueRank":1,"ArrayDimensions":[0],"AccessLevel":3,"UserAccessLevel":3,"AccessLevelEx":3}}}}]}