{"MessageId":"faf57588-815e-4ac2-b40d-652424acc617","MessageType":"ua-data","PublisherId":"DESKTOP-BGFJS91","DataSetWriterGroup":"<<UnknownWriterGroup>>","Messages":[{"SequenceNumber":132,"MetaDataVersion":{"MajorVersion":1},"Timestamp":"2024-04-27T11:05:12.6909485Z","MessageType":"ua-event","DataSetWriterName":"<<UnknownDataSet>>","Payload":{"EventId":{"Value":"3XKTsPEhyU+UWev/FlZk0A=="},"EventType":{"Value":{"IdType":1,"Id":"ReferenceChange"}},"SourceNode":{"Value":{"Id":303,"Namespace":"http://opcfoundation.org/HistoricalEvents"}},"Time":{"Value":"2024-04-27T11:05:12.6909476Z"},"Change":{"Value":{"ReferenceTypeId":{"Id":48},"IsForward":true,"NodeId":{"IdType":1,"Id":"Area51","Namespace":"http://opcfoundation.org/HistoricalEvents"},"BrowseName":{"Name":"Area51","Uri":"http://opcfoundation.org/HistoricalEvents"},"DisplayName":"Area51","NodeClass":"Object_1","TypeDefinition":{"Id":61}}}}}]}