{"MessageId":"74774481-9c73-41ea-a848-cb30199b1001","MessageType":"ua-data","PublisherId":"DESKTOP-BGFJS91","DataSetWriterGroup":"<<UnknownWriterGroup>>","Messages":[{"SequenceNumber":140,"MetaDataVersion":{"MajorVersion":1},"Timestamp":"2024-04-27T11:05:12.6968729Z","MessageType":"ua-event","DataSetWriterName":"<<UnknownDataSet>>","Payload":{"EventId":{"Value":"FO9HobUbyESLUgcpMhuVGA=="},"EventType":{"Value":{"IdType":1,"Id":"ReferenceChange"}},"SourceNode":{"Value":{"Id":15070,"Namespace":"http://opcfoundation.org/UA/Plc"}},"Time":{"Value":"2024-04-27T11:05:12.6968717Z"},"Change":{"Value":{"ReferenceTypeId":{"Id":47},"IsForward":true,"NodeId":{"Id":15013,"Namespace":"http://opcfoundation.org/UA/Plc"},"BrowseName":{"Name":"PlcStatus","Uri":"http://opcfoundation.org/UA/Plc"},"DisplayName":"PlcStatus","NodeClass":"Variable_2","TypeDefinition":{"Id":63}}}}}]}