{"MessageId":"c7f5f8bd-e4b2-4dce-ad2a-40ea592237d3","MessageType":"ua-data","PublisherId":"DESKTOP-BGFJS91","DataSetWriterGroup":"<<UnknownWriterGroup>>","Messages":[{"SequenceNumber":143,"MetaDataVersion":{"MajorVersion":1},"Timestamp":"2024-04-27T11:05:12.6998618Z","MessageType":"ua-event","DataSetWriterName":"<<UnknownDataSet>>","Payload":{"EventId":{"Value":"GKbjPT08OEKRYlJuaKUAog=="},"EventType":{"Value":{"IdType":1,"Id":"NodeChange"}},"SourceNode":{"Value":{"IdType":1,"Id":"UInt32","Namespace":"http://samples.org/UA/memorybuffer/Instance"}},"Time":{"Value":"2024-04-27T11:05:12.6998597Z"},"Change":{"Value":{"NodeId":{"IdType":1,"Id":"UInt32","Namespace":"http://samples.org/UA/memorybuffer/Instance"},"NodeClass":"Object_1","BrowseName":{"Name":"UInt32","Uri":"http://samples.org/UA/memorybuffer/Instance"},"DisplayName":"UInt32","RolePermissions":[],"UserRolePermissions":[],"References":[]}}}}]}