{"MessageId":"f8194fda-20a5-48f5-ac1a-23da273bbb62","MessageType":"ua-data","PublisherId":"DESKTOP-BGFJS91","DataSetWriterGroup":"<<UnknownWriterGroup>>","Messages":[{"SequenceNumber":151,"MetaDataVersion":{"MajorVersion":1},"Timestamp":"2024-04-27T11:05:12.705807Z","MessageType":"ua-event","DataSetWriterName":"<<UnknownDataSet>>","Payload":{"EventId":{"Value":"8TIq0K9aGE+17skakycn8w=="},"EventType":{"Value":{"IdType":1,"Id":"ReferenceChange"}},"SourceNode":{"Value":{"IdType":1,"Id":"CTT","Namespace":"http://opcfoundation.org/ReferenceApplications"}},"Time":{"Value":"2024-04-27T11:05:12.7058054Z"},"Change":{"Value":{"ReferenceTypeId":{"Id":35},"IsForward":true,"NodeId":{"IdType":1,"Id":"Scalar","Namespace":"http://opcfoundation.org/ReferenceApplications"},"BrowseName":{"Name":"Scalar","Uri":"http://opcfoundation.org/ReferenceApplications"},"DisplayName":"Scalar","NodeClass":"Object_1","TypeDefinition":{"Id":61}}}}}]}