{"MessageId":"a933e7b1-b120-45ad-8abc-9b10ae323de3","MessageType":"ua-data","PublisherId":"DESKTOP-BGFJS91","DataSetWriterGroup":"<<UnknownWriterGroup>>","Messages":[{"SequenceNumber":160,"MetaDataVersion":{"MajorVersion":1},"Timestamp":"2024-04-27T11:05:12.7136215Z","MessageType":"ua-event","DataSetWriterName":"<<UnknownDataSet>>","Payload":{"EventId":{"Value":"xmRL0IafVk2tbz6cyJ+7HA=="},"EventType":{"Value":{"IdType":1,"Id":"NodeChange"}},"SourceNode":{"Value":{"IdType":1,"Id":"NodeIds","Namespace":"http://opcfoundation.org/ReferenceApplications"}},"Time":{"Value":"2024-04-27T11:05:12.7136192Z"},"Change":{"Value":{"NodeId":{"IdType":1,"Id":"NodeIds","Namespace":"http://opcfoundation.org/ReferenceApplications"},"NodeClass":"Object_1","BrowseName":{"Name":"NodeIds","Uri":"http://opcfoundation.org/ReferenceApplications"},"DisplayName":"NodeIds","RolePermissions":[],"UserRolePermissions":[],"References":[]}}}}]}