{"MessageId":"f141497a-330a-4067-adb5-049e1be8d25e","MessageType":"ua-data","PublisherId":"DESKTOP-BGFJS91","DataSetWriterGroup":"<<UnknownWriterGroup>>","Messages":[{"SequenceNumber":161,"MetaDataVersion":{"MajorVersion":1},"Timestamp":"2024-04-27T11:05:12.713825Z","MessageType":"ua-event","DataSetWriterName":"<<UnknownDataSet>>","Payload":{"EventId":{"Value":"VqzFhbJLAkqQjTAlDm4W0Q=="},"EventType":{"Value":{"IdType":1,"Id":"ReferenceChange"}},"SourceNode":{"Value":{"IdType":1,"Id":"CTT","Namespace":"http://opcfoundation.org/ReferenceApplications"}},"Time":{"Value":"2024-04-27T11:05:12.7138241Z"},"Change":{"Value":{"ReferenceTypeId":{"Id":35},"IsForward":true,"NodeId":{"IdType":1,"Id":"Methods","Namespace":"http://opcfoundation.org/ReferenceApplications"},"BrowseName":{"Name":"Methods","Uri":"http://opcfoundation.org/ReferenceApplications"},"DisplayName":"Methods","NodeClass":"Object_1","TypeDefinition":{"Id":61}}}}}]}