{"MessageId":"878dce53-49ee-4b4c-9719-4c3f20b0b141","MessageType":"ua-data","PublisherId":"DESKTOP-BGFJS91","DataSetWriterGroup":"<<UnknownWriterGroup>>","Messages":[{"SequenceNumber":168,"MetaDataVersion":{"MajorVersion":1},"Timestamp":"2024-04-27T11:05:12.7203576Z","MessageType":"ua-event","DataSetWriterName":"<<UnknownDataSet>>","Payload":{"EventId":{"Value":"OvBI7PsWBE2DZVozzPYIxA=="},"EventType":{"Value":{"IdType":1,"Id":"NodeChange"}},"SourceNode":{"Value":{"IdType":1,"Id":"Attributes","Namespace":"http://opcfoundation.org/ReferenceApplications"}},"Time":{"Value":"2024-04-27T11:05:12.7203555Z"},"Change":{"Value":{"NodeId":{"IdType":1,"Id":"Attributes","Namespace":"http://opcfoundation.org/ReferenceApplications"},"NodeClass":"Object_1","BrowseName":{"Name":"Attributes","Uri":"http://opcfoundation.org/ReferenceApplications"},"DisplayName":"Attributes","RolePermissions":[],"UserRolePermissions":[],"References":[]}}}}]}