{"MessageId":"a23d2cd7-505f-479c-89cd-67d0428ed768","MessageType":"ua-data","PublisherId":"DESKTOP-BGFJS91","DataSetWriterGroup":"<<UnknownWriterGroup>>","Messages":[{"SequenceNumber":173,"MetaDataVersion":{"MajorVersion":1},"Timestamp":"2024-04-27T11:05:12.7237858Z","MessageType":"ua-event","DataSetWriterName":"<<UnknownDataSet>>","Payload":{"EventId":{"Value":"gkY+P+BwyUyCoXHFtuoDUg=="},"EventType":{"Value":{"IdType":1,"Id":"ReferenceChange"}},"SourceNode":{"Value":{"IdType":1,"Id":"0:Assets","Namespace":"DataAccess"}},"Time":{"Value":"2024-04-27T11:05:12.7237845Z"},"Change":{"Value":{"ReferenceTypeId":{"Id":35},"IsForward":true,"NodeId":{"IdType":1,"Id":"0:Assets/Sensors","Namespace":"DataAccess"},"BrowseName":{"Name":"Sensors","Uri":"DataAccess"},"DisplayName":"Sensors","NodeClass":"Object_1","TypeDefinition":{"Id":61}}}}}]}