{"MessageId":"96eca330-13f9-4c55-a68a-dfe1772b2b1a","MessageType":"ua-data","PublisherId":"DESKTOP-BGFJS91","DataSetWriterGroup":"<<UnknownWriterGroup>>","Messages":[{"SequenceNumber":177,"MetaDataVersion":{"MajorVersion":1},"Timestamp":"2024-04-27T11:05:12.7268457Z","MessageType":"ua-event","DataSetWriterName":"<<UnknownDataSet>>","Payload":{"EventId":{"Value":"dbRFkgzAekOUOUB5ZZcVFA=="},"EventType":{"Value":{"IdType":1,"Id":"ReferenceChange"}},"SourceNode":{"Value":{"IdType":1,"Id":"0:Factory","Namespace":"DataAccess"}},"Time":{"Value":"2024-04-27T11:05:12.7268447Z"},"Change":{"Value":{"ReferenceTypeId":{"Id":35},"IsForward":true,"NodeId":{"IdType":1,"Id":"0:Factory/East","Namespace":"DataAccess"},"BrowseName":{"Name":"East","Uri":"DataAccess"},"DisplayName":"East","NodeClass":"Object_1","TypeDefinition":{"Id":61}}}}}]}