{"MessageId":"56269641-bcb9-4e5a-9209-82eff40c711e","MessageType":"ua-data","PublisherId":"DESKTOP-BGFJS91","DataSetWriterGroup":"<<UnknownWriterGroup>>","Messages":[{"SequenceNumber":178,"MetaDataVersion":{"MajorVersion":1},"Timestamp":"2024-04-27T11:05:12.7282279Z","MessageType":"ua-event","DataSetWriterName":"<<UnknownDataSet>>","Payload":{"EventId":{"Value":"NWMeu9IvZEaqY1i5T+XtqQ=="},"EventType":{"Value":{"IdType":1,"Id":"NodeChange"}},"SourceNode":{"Value":{"IdType":1,"Id":"0:Factory/East","Namespace":"DataAccess"}},"Time":{"Value":"2024-04-27T11:05:12.7282253Z"},"Change":{"Value":{"NodeId":{"IdType":1,"Id":"0:Factory/East","Namespace":"DataAccess"},"NodeClass":"Object_1","BrowseName":{"Name":"East","Uri":"DataAccess"},"DisplayName":"East","RolePermissions":[],"UserRolePermissions":[],"References":[]}}}}]}