{"MessageId":"8c51151f-3d1f-4362-921c-26382cb0b74c","MessageType":"ua-data","PublisherId":"DESKTOP-BGFJS91","DataSetWriterGroup":"<<UnknownWriterGroup>>","Messages":[{"SequenceNumber":179,"MetaDataVersion":{"MajorVersion":1},"Timestamp":"2024-04-27T11:05:12.7284289Z","MessageType":"ua-event","DataSetWriterName":"<<UnknownDataSet>>","Payload":{"EventId":{"Value":"/6xMSdxBwU60jIe2TURW5w=="},"EventType":{"Value":{"IdType":1,"Id":"ReferenceChange"}},"SourceNode":{"Value":{"IdType":1,"Id":"0:Factory","Namespace":"DataAccess"}},"Time":{"Value":"2024-04-27T11:05:12.7284279Z"},"Change":{"Value":{"ReferenceTypeId":{"Id":35},"IsForward":true,"NodeId":{"IdType":1,"Id":"0:Factory/West","Namespace":"DataAccess"},"BrowseName":{"Name":"West","Uri":"DataAccess"},"DisplayName":"West","NodeClass":"Object_1","TypeDefinition":{"Id":61}}}}}]}