{"MessageId":"818f4d02-ec59-4488-b146-d600d965f9e6","MessageType":"ua-data","PublisherId":"DESKTOP-BGFJS91","DataSetWriterGroup":"<<UnknownWriterGroup>>","Messages":[{"SequenceNumber":180,"MetaDataVersion":{"MajorVersion":1},"Timestamp":"2024-04-27T11:05:12.7296854Z","MessageType":"ua-event","DataSetWriterName":"<<UnknownDataSet>>","Payload":{"EventId":{"Value":"tf8D4ZYCMESpHYu1VNOhEQ=="},"EventType":{"Value":{"IdType":1,"Id":"NodeChange"}},"SourceNode":{"Value":{"IdType":1,"Id":"0:Factory/West","Namespace":"DataAccess"}},"Time":{"Value":"2024-04-27T11:05:12.7296836Z"},"Change":{"Value":{"NodeId":{"IdType":1,"Id":"0:Factory/West","Namespace":"DataAccess"},"NodeClass":"Object_1","BrowseName":{"Name":"West","Uri":"DataAccess"},"DisplayName":"West","RolePermissions":[],"UserRolePermissions":[],"References":[]}}}}]}