{"MessageId":"1323f5f1-2e73-47af-aadd-37c61a186b9d","MessageType":"ua-data","PublisherId":"DESKTOP-BGFJS91","DataSetWriterGroup":"<<UnknownWriterGroup>>","Messages":[{"SequenceNumber":182,"MetaDataVersion":{"MajorVersion":1},"Timestamp":"2024-04-27T11:05:12.7311573Z","MessageType":"ua-event","DataSetWriterName":"<<UnknownDataSet>>","Payload":{"EventId":{"Value":"qSjhIoM2cUOoBCEVkKy0GQ=="},"EventType":{"Value":{"IdType":1,"Id":"NodeChange"}},"SourceNode":{"Value":{"IdType":1,"Id":"0:TestData/Static","Namespace":"DataAccess"}},"Time":{"Value":"2024-04-27T11:05:12.7311555Z"},"Change":{"Value":{"NodeId":{"IdType":1,"Id":"0:TestData/Static","Namespace":"DataAccess"},"NodeClass":"Object_1","BrowseName":{"Name":"Static","Uri":"DataAccess"},"DisplayName":"Static","RolePermissions":[],"UserRolePermissions":[],"References":[]}}}}]}