{"MessageId":"1baae01f-94da-4a9e-b8e7-b695f2bb3f4d","MessageType":"ua-data","PublisherId":"DESKTOP-BGFJS91","DataSetWriterGroup":"<<UnknownWriterGroup>>","Messages":[{"SequenceNumber":186,"MetaDataVersion":{"MajorVersion":1},"Timestamp":"2024-04-27T11:05:12.734178Z","MessageType":"ua-event","DataSetWriterName":"<<UnknownDataSet>>","Payload":{"EventId":{"Value":"QQqlGPLr+kOY7DevF34Mhw=="},"EventType":{"Value":{"IdType":1,"Id":"NodeChange"}},"SourceNode":{"Value":{"IdType":1,"Id":"Methods","Namespace":"http://opcfoundation.org/UA/Plc/Applications"}},"Time":{"Value":"2024-04-27T11:05:12.7341762Z"},"Change":{"Value":{"NodeId":{"IdType":1,"Id":"Methods","Namespace":"http://opcfoundation.org/UA/Plc/Applications"},"NodeClass":"Object_1","BrowseName":{"Name":"Methods","Uri":"http://opcfoundation.org/UA/Plc/Applications"},"DisplayName":"Methods","RolePermissions":[],"UserRolePermissions":[],"References":[]}}}}]}