{"MessageId":"6290eeee-6a8a-44b0-a30e-777f873624aa","MessageType":"ua-data","PublisherId":"DESKTOP-BGFJS91","DataSetWriterGroup":"<<UnknownWriterGroup>>","Messages":[{"SequenceNumber":187,"MetaDataVersion":{"MajorVersion":1},"Timestamp":"2024-04-27T11:05:12.7343539Z","MessageType":"ua-event","DataSetWriterName":"<<UnknownDataSet>>","Payload":{"EventId":{"Value":"rHRnWBx5GEavloLF/T0+zw=="},"EventType":{"Value":{"IdType":1,"Id":"ReferenceChange"}},"SourceNode":{"Value":{"IdType":1,"Id":"OpcPlc","Namespace":"http://opcfoundation.org/UA/Plc/Applications"}},"Time":{"Value":"2024-04-27T11:05:12.7343531Z"},"Change":{"Value":{"ReferenceTypeId":{"Id":35},"IsForward":true,"NodeId":{"IdType":1,"Id":"SimulatorConfiguration","Namespace":"http://opcfoundation.org/UA/Plc/Applications"},"BrowseName":{"Name":"SimulatorConfiguration","Uri":"http://opcfoundation.org/UA/Plc/Applications"},"DisplayName":"SimulatorConfiguration","NodeClass":"Object_1","TypeDefinition":{"Id":61}}}}}]}