{"MessageId":"aee4515d-2c21-4055-a1ae-9ae6a86f23ab","MessageType":"ua-data","PublisherId":"DESKTOP-BGFJS91","DataSetWriterGroup":"<<UnknownWriterGroup>>","Messages":[{"SequenceNumber":189,"MetaDataVersion":{"MajorVersion":1},"Timestamp":"2024-04-27T11:05:12.7358251Z","MessageType":"ua-event","DataSetWriterName":"<<UnknownDataSet>>","Payload":{"EventId":{"Value":"VMJhRODpPEmU+IDqvhY7Hg=="},"EventType":{"Value":{"IdType":1,"Id":"ReferenceChange"}},"SourceNode":{"Value":{"Id":88}},"Time":{"Value":"2024-04-27T11:05:12.7358241Z"},"Change":{"Value":{"ReferenceTypeId":{"Id":35},"IsForward":true,"NodeId":{"Id":58},"BrowseName":{"Name":"BaseObjectType"},"DisplayName":"BaseObjectType","NodeClass":"ObjectType_8"}}}}]}