{"MessageId":"3bac27d1-6d8a-4a14-9280-83290e89febb","MessageType":"ua-data","PublisherId":"DESKTOP-BGFJS91","DataSetWriterGroup":"<<UnknownWriterGroup>>","Messages":[{"SequenceNumber":190,"MetaDataVersion":{"MajorVersion":1},"Timestamp":"2024-04-27T11:05:12.7370045Z","MessageType":"ua-event","DataSetWriterName":"<<UnknownDataSet>>","Payload":{"EventId":{"Value":"Pfaj0RAF/ECgtI1KDQuHWQ=="},"EventType":{"Value":{"IdType":1,"Id":"NodeChange"}},"SourceNode":{"Value":{"Id":58}},"Time":{"Value":"2024-04-27T11:05:12.7370029Z"},"Change":{"Value":{"NodeId":{"Id":58},"NodeClass":"ObjectType_8","BrowseName":{"Name":"BaseObjectType"},"DisplayName":"BaseObjectType","RolePermissions":[],"UserRolePermissions":[],"References":[]}}}}]}