{"MessageId":"ce8facc3-7b52-4859-9ccb-9ccd46d19857","MessageType":"ua-data","PublisherId":"DESKTOP-BGFJS91","DataSetWriterGroup":"<<UnknownWriterGroup>>","Messages":[{"SequenceNumber":193,"MetaDataVersion":{"MajorVersion":1},"Timestamp":"2024-04-27T11:05:12.7385469Z","MessageType":"ua-event","DataSetWriterName":"<<UnknownDataSet>>","Payload":{"EventId":{"Value":"xayYcsfRmkKrtXSxdXvFFA=="},"EventType":{"Value":{"IdType":1,"Id":"ReferenceChange"}},"SourceNode":{"Value":{"Id":90}},"Time":{"Value":"2024-04-27T11:05:12.7385459Z"},"Change":{"Value":{"ReferenceTypeId":{"Id":35},"IsForward":true,"NodeId":{"Id":24},"BrowseName":{"Name":"BaseDataType"},"DisplayName":"BaseDataType","NodeClass":"DataType_64"}}}}]}