{"MessageId":"9f155060-9c79-41bb-8389-c23fb162e17d","MessageType":"ua-data","PublisherId":"DESKTOP-BGFJS91","DataSetWriterGroup":"<<UnknownWriterGroup>>","Messages":[{"SequenceNumber":203,"MetaDataVersion":{"MajorVersion":1},"Timestamp":"2024-04-27T11:05:12.7451387Z","MessageType":"ua-event","DataSetWriterName":"<<UnknownDataSet>>","Payload":{"EventId":{"Value":"+uOeZNbjAEqSL5T2JhwOAQ=="},"EventType":{"Value":{"IdType":1,"Id":"ReferenceChange"}},"SourceNode":{"Value":{"Id":17708}},"Time":{"Value":"2024-04-27T11:05:12.7451377Z"},"Change":{"Value":{"ReferenceTypeId":{"Id":35},"IsForward":true,"NodeId":{"Id":17602},"BrowseName":{"Name":"BaseInterfaceType"},"DisplayName":"BaseInterfaceType","NodeClass":"ObjectType_8"}}}}]}