{"MessageId":"8f058d07-e8ec-40f5-a0c0-1de19479e943","MessageType":"ua-data","PublisherId":"DESKTOP-BGFJS91","DataSetWriterGroup":"<<UnknownWriterGroup>>","Messages":[{"SequenceNumber":204,"MetaDataVersion":{"MajorVersion":1},"Timestamp":"2024-04-27T11:05:12.7462286Z","MessageType":"ua-event","DataSetWriterName":"<<UnknownDataSet>>","Payload":{"EventId":{"Value":"oo41KNchgkqgbxtgBtKO6w=="},"EventType":{"Value":{"IdType":1,"Id":"NodeChange"}},"SourceNode":{"Value":{"Id":17602}},"Time":{"Value":"2024-04-27T11:05:12.746227Z"},"Change":{"Value":{"NodeId":{"Id":17602},"NodeClass":"ObjectType_8","BrowseName":{"Name":"BaseInterfaceType"},"DisplayName":"BaseInterfaceType","RolePermissions":[],"UserRolePermissions":[],"References":[],"IsAbstract":true}}}}]}