{"MessageId":"746a0cd3-a18b-4e8d-8662-b980ab357759","MessageType":"ua-data","PublisherId":"DESKTOP-BGFJS91","DataSetWriterGroup":"<<UnknownWriterGroup>>","Messages":[{"SequenceNumber":205,"MetaDataVersion":{"MajorVersion":1},"Timestamp":"2024-04-27T11:05:12.7464058Z","MessageType":"ua-event","DataSetWriterName":"<<UnknownDataSet>>","Payload":{"EventId":{"Value":"NmpghC14Ck2LabbDTM3LzA=="},"EventType":{"Value":{"IdType":1,"Id":"ReferenceChange"}},"SourceNode":{"Value":{"IdType":1,"Id":"Views_Engineering","Namespace":"http://opcfoundation.org/ReferenceApplications"}},"Time":{"Value":"2024-04-27T11:05:12.7464044Z"},"Change":{"Value":{"ReferenceTypeId":{"Id":35},"IsForward":true,"NodeId":{"IdType":1,"Id":"Scalar_Simulation","Namespace":"http://opcfoundation.org/ReferenceApplications"},"BrowseName":{"Name":"Scalar_Simulation","Uri":"http://opcfoundation.org/ReferenceApplications"},"DisplayName":"Simulation","NodeClass":"Object_1","TypeDefinition":{"Id":61}}}}}]}