{"MessageId":"55e4dafd-8183-41a5-8920-6aed936c2671","MessageType":"ua-data","PublisherId":"DESKTOP-BGFJS91","DataSetWriterGroup":"<<UnknownWriterGroup>>","Messages":[{"SequenceNumber":212,"MetaDataVersion":{"MajorVersion":1},"Timestamp":"2024-04-27T11:05:12.8301805Z","MessageType":"ua-event","DataSetWriterName":"<<UnknownDataSet>>","Payload":{"EventId":{"Value":"+DRXe0nZ0UiTD9R3N+HWLw=="},"EventType":{"Value":{"IdType":1,"Id":"NodeChange"}},"SourceNode":{"Value":{"Id":2258}},"Time":{"Value":"2024-04-27T11:05:12.8301773Z"},"Change":{"Value":{"NodeId":{"Id":2258},"NodeClass":"Variable_2","BrowseName":{"Name":"CurrentTime"},"DisplayName":"CurrentTime","RolePermissions":[],"UserRolePermissions":[],"References":[],"Value":null,"DataType":{"Id":294},"ValueRank":-1,"ArrayDimensions":[],"AccessLevel":1,"UserAccessLevel":1,"MinimumSamplingInterval":1000,"AccessLevelEx":1}}}}]}