{"MessageId":"75fe6a27-5944-438b-a832-ba685c801311","MessageType":"ua-data","PublisherId":"DESKTOP-BGFJS91","DataSetWriterGroup":"<<UnknownWriterGroup>>","Messages":[{"SequenceNumber":222,"MetaDataVersion":{"MajorVersion":1},"Timestamp":"2024-04-27T11:05:12.8388664Z","MessageType":"ua-event","DataSetWriterName":"<<UnknownDataSet>>","Payload":{"EventId":{"Value":"yhU4QZrlIUS6L6fGk9cPFw=="},"EventType":{"Value":{"IdType":1,"Id":"NodeChange"}},"SourceNode":{"Value":{"Id":2269}},"Time":{"Value":"2024-04-27T11:05:12.8388642Z"},"Change":{"Value":{"NodeId":{"Id":2269},"NodeClass":"Variable_2","BrowseName":{"Name":"ServerProfileArray"},"DisplayName":"ServerProfileArray","RolePermissions":[],"UserRolePermissions":[],"References":[],"Value":null,"DataType":{"Id":12},"ValueRank":1,"ArrayDimensions":[0],"AccessLevel":1,"UserAccessLevel":1,"AccessLevelEx":1}}}}]}