{"MessageId":"03150611-2528-4d64-9a92-12b5c185c55e","MessageType":"ua-data","PublisherId":"DESKTOP-BGFJS91","DataSetWriterGroup":"<<UnknownWriterGroup>>","Messages":[{"SequenceNumber":227,"MetaDataVersion":{"MajorVersion":1},"Timestamp":"2024-04-27T11:05:12.8421182Z","MessageType":"ua-event","DataSetWriterName":"<<UnknownDataSet>>","Payload":{"EventId":{"Value":"VJsDYQVUPkCObHxW7Jhinw=="},"EventType":{"Value":{"IdType":1,"Id":"ReferenceChange"}},"SourceNode":{"Value":{"Id":2268}},"Time":{"Value":"2024-04-27T11:05:12.8421173Z"},"Change":{"Value":{"ReferenceTypeId":{"Id":46},"IsForward":true,"NodeId":{"Id":2735},"BrowseName":{"Name":"MaxBrowseContinuationPoints"},"DisplayName":"MaxBrowseContinuationPoints","NodeClass":"Variable_2","TypeDefinition":{"Id":68}}}}}]}