{"MessageId":"8a5d3579-4d97-46f9-a482-c935cf66420c","MessageType":"ua-data","PublisherId":"DESKTOP-BGFJS91","DataSetWriterGroup":"<<UnknownWriterGroup>>","Messages":[{"SequenceNumber":228,"MetaDataVersion":{"MajorVersion":1},"Timestamp":"2024-04-27T11:05:12.8433552Z","MessageType":"ua-event","DataSetWriterName":"<<UnknownDataSet>>","Payload":{"EventId":{"Value":"Ubs660l8/06Ev1PI9PdGDg=="},"EventType":{"Value":{"IdType":1,"Id":"NodeChange"}},"SourceNode":{"Value":{"Id":2735}},"Time":{"Value":"2024-04-27T11:05:12.8433533Z"},"Change":{"Value":{"NodeId":{"Id":2735},"NodeClass":"Variable_2","BrowseName":{"Name":"MaxBrowseContinuationPoints"},"DisplayName":"MaxBrowseContinuationPoints","RolePermissions":[],"UserRolePermissions":[],"References":[],"Value":null,"DataType":{"Id":5},"ValueRank":-1,"ArrayDimensions":[],"AccessLevel":1,"UserAccessLevel":1,"AccessLevelEx":1}}}}]}