{"MessageId":"b5a68655-8824-4bc5-9835-45244dab4ae3","MessageType":"ua-data","PublisherId":"DESKTOP-BGFJS91","DataSetWriterGroup":"<<UnknownWriterGroup>>","Messages":[{"SequenceNumber":233,"MetaDataVersion":{"MajorVersion":1},"Timestamp":"2024-04-27T11:05:12.8464052Z","MessageType":"ua-event","DataSetWriterName":"<<UnknownDataSet>>","Payload":{"EventId":{"Value":"Q2sWHhj55EOjvtYFuF+N6A=="},"EventType":{"Value":{"IdType":1,"Id":"ReferenceChange"}},"SourceNode":{"Value":{"Id":2268}},"Time":{"Value":"2024-04-27T11:05:12.8464042Z"},"Change":{"Value":{"ReferenceTypeId":{"Id":46},"IsForward":true,"NodeId":{"Id":3704},"BrowseName":{"Name":"SoftwareCertificates"},"DisplayName":"SoftwareCertificates","NodeClass":"Variable_2","TypeDefinition":{"Id":68}}}}}]}