{"MessageId":"78297f21-cd3a-4c4a-86c4-139e95c55cf1","MessageType":"ua-data","PublisherId":"DESKTOP-BGFJS91","DataSetWriterGroup":"<<UnknownWriterGroup>>","Messages":[{"SequenceNumber":237,"MetaDataVersion":{"MajorVersion":1},"Timestamp":"2024-04-27T11:05:12.8492633Z","MessageType":"ua-event","DataSetWriterName":"<<UnknownDataSet>>","Payload":{"EventId":{"Value":"9Sy1v7ItLUmkbeLsRZ4bKQ=="},"EventType":{"Value":{"IdType":1,"Id":"ReferenceChange"}},"SourceNode":{"Value":{"Id":2268}},"Time":{"Value":"2024-04-27T11:05:12.8492624Z"},"Change":{"Value":{"ReferenceTypeId":{"Id":46},"IsForward":true,"NodeId":{"Id":11703},"BrowseName":{"Name":"MaxStringLength"},"DisplayName":"MaxStringLength","NodeClass":"Variable_2","TypeDefinition":{"Id":68}}}}}]}