{"MessageId":"e32256a6-bfb2-42b2-862b-7c0f37f670b1","MessageType":"ua-data","PublisherId":"DESKTOP-BGFJS91","DataSetWriterGroup":"<<UnknownWriterGroup>>","Messages":[{"SequenceNumber":238,"MetaDataVersion":{"MajorVersion":1},"Timestamp":"2024-04-27T11:05:12.8504529Z","MessageType":"ua-event","DataSetWriterName":"<<UnknownDataSet>>","Payload":{"EventId":{"Value":"ZGMwUPzp8Eea0cZT3FWLgw=="},"EventType":{"Value":{"IdType":1,"Id":"NodeChange"}},"SourceNode":{"Value":{"Id":11703}},"Time":{"Value":"2024-04-27T11:05:12.8504513Z"},"Change":{"Value":{"NodeId":{"Id":11703},"NodeClass":"Variable_2","BrowseName":{"Name":"MaxStringLength"},"DisplayName":"MaxStringLength","RolePermissions":[],"UserRolePermissions":[],"References":[],"Value":null,"DataType":{"Id":7},"ValueRank":-1,"ArrayDimensions":[],"AccessLevel":1,"UserAccessLevel":1,"AccessLevelEx":1}}}}]}