{"MessageId":"969a2f08-7f2b-453e-a426-b98fef722d96","MessageType":"ua-data","PublisherId":"DESKTOP-BGFJS91","DataSetWriterGroup":"<<UnknownWriterGroup>>","Messages":[{"SequenceNumber":241,"MetaDataVersion":{"MajorVersion":1},"Timestamp":"2024-04-27T11:05:12.8519816Z","MessageType":"ua-event","DataSetWriterName":"<<UnknownDataSet>>","Payload":{"EventId":{"Value":"eGtTfR9qHUC6OmG0g+IJ8Q=="},"EventType":{"Value":{"IdType":1,"Id":"ReferenceChange"}},"SourceNode":{"Value":{"Id":2268}},"Time":{"Value":"2024-04-27T11:05:12.8519807Z"},"Change":{"Value":{"ReferenceTypeId":{"Id":47},"IsForward":true,"NodeId":{"Id":11704},"BrowseName":{"Name":"OperationLimits"},"DisplayName":"OperationLimits","NodeClass":"Object_1","TypeDefinition":{"Id":11564}}}}}]}