{"MessageId":"78c392ca-8fe2-4fd9-9edb-f16b023a9c87","MessageType":"ua-data","PublisherId":"DESKTOP-BGFJS91","DataSetWriterGroup":"<<UnknownWriterGroup>>","Messages":[{"SequenceNumber":243,"MetaDataVersion":{"MajorVersion":1},"Timestamp":"2024-04-27T11:05:12.8533932Z","MessageType":"ua-event","DataSetWriterName":"<<UnknownDataSet>>","Payload":{"EventId":{"Value":"JCpKqajy9Ei+/UhJVjVrCw=="},"EventType":{"Value":{"IdType":1,"Id":"ReferenceChange"}},"SourceNode":{"Value":{"Id":2268}},"Time":{"Value":"2024-04-27T11:05:12.8533923Z"},"Change":{"Value":{"ReferenceTypeId":{"Id":47},"IsForward":true,"NodeId":{"Id":2996},"BrowseName":{"Name":"ModellingRules"},"DisplayName":"ModellingRules","NodeClass":"Object_1","TypeDefinition":{"Id":61}}}}}]}