{"MessageId":"5ce4ac5d-5166-4d4b-901e-880c8815432f","MessageType":"ua-data","PublisherId":"DESKTOP-BGFJS91","DataSetWriterGroup":"<<UnknownWriterGroup>>","Messages":[{"SequenceNumber":245,"MetaDataVersion":{"MajorVersion":1},"Timestamp":"2024-04-27T11:05:12.8548616Z","MessageType":"ua-event","DataSetWriterName":"<<UnknownDataSet>>","Payload":{"EventId":{"Value":"pQSa+DtdiEusx+EW0hrexQ=="},"EventType":{"Value":{"IdType":1,"Id":"ReferenceChange"}},"SourceNode":{"Value":{"Id":2268}},"Time":{"Value":"2024-04-27T11:05:12.8548602Z"},"Change":{"Value":{"ReferenceTypeId":{"Id":47},"IsForward":true,"NodeId":{"Id":2997},"BrowseName":{"Name":"AggregateFunctions"},"DisplayName":"AggregateFunctions","NodeClass":"Object_1","TypeDefinition":{"Id":61}}}}}]}