{"MessageId":"2bdc3b2b-f331-4933-934e-f2248f01dea6","MessageType":"ua-data","PublisherId":"DESKTOP-BGFJS91","DataSetWriterGroup":"<<UnknownWriterGroup>>","Messages":[{"SequenceNumber":253,"MetaDataVersion":{"MajorVersion":1},"Timestamp":"2024-04-27T11:05:12.8605256Z","MessageType":"ua-event","DataSetWriterName":"<<UnknownDataSet>>","Payload":{"EventId":{"Value":"tN7ov7sIpEafXYDcffAw3Q=="},"EventType":{"Value":{"IdType":1,"Id":"ReferenceChange"}},"SourceNode":{"Value":{"Id":2268}},"Time":{"Value":"2024-04-27T11:05:12.8605247Z"},"Change":{"Value":{"ReferenceTypeId":{"Id":46},"IsForward":true,"NodeId":{"Id":24097},"BrowseName":{"Name":"MaxMonitoredItems"},"DisplayName":"MaxMonitoredItems","NodeClass":"Variable_2","TypeDefinition":{"Id":68}}}}}]}