{"MessageId":"2df2b96d-1f71-459a-8532-667aa16d6310","MessageType":"ua-data","PublisherId":"DESKTOP-BGFJS91","DataSetWriterGroup":"<<UnknownWriterGroup>>","Messages":[{"SequenceNumber":254,"MetaDataVersion":{"MajorVersion":1},"Timestamp":"2024-04-27T11:05:12.8617821Z","MessageType":"ua-event","DataSetWriterName":"<<UnknownDataSet>>","Payload":{"EventId":{"Value":"4YXzJig74U6+yR69AvSjJg=="},"EventType":{"Value":{"IdType":1,"Id":"NodeChange"}},"SourceNode":{"Value":{"Id":24097}},"Time":{"Value":"2024-04-27T11:05:12.8617804Z"},"Change":{"Value":{"NodeId":{"Id":24097},"NodeClass":"Variable_2","BrowseName":{"Name":"MaxMonitoredItems"},"DisplayName":"MaxMonitoredItems","RolePermissions":[],"UserRolePermissions":[],"References":[],"Value":null,"DataType":{"Id":7},"ValueRank":-1,"ArrayDimensions":[],"AccessLevel":1,"UserAccessLevel":1,"AccessLevelEx":1}}}}]}