{"MessageId":"695e3e89-477d-4401-b1fb-59dbe6b9c15e","MessageType":"ua-data","PublisherId":"DESKTOP-BGFJS91","DataSetWriterGroup":"<<UnknownWriterGroup>>","Messages":[{"SequenceNumber":257,"MetaDataVersion":{"MajorVersion":1},"Timestamp":"2024-04-27T11:05:12.8635196Z","MessageType":"ua-event","DataSetWriterName":"<<UnknownDataSet>>","Payload":{"EventId":{"Value":"O2JPrGkW3EeLB+aKq5AuZQ=="},"EventType":{"Value":{"IdType":1,"Id":"ReferenceChange"}},"SourceNode":{"Value":{"Id":2268}},"Time":{"Value":"2024-04-27T11:05:12.8635187Z"},"Change":{"Value":{"ReferenceTypeId":{"Id":46},"IsForward":true,"NodeId":{"Id":24104},"BrowseName":{"Name":"MaxMonitoredItemsPerSubscription"},"DisplayName":"MaxMonitoredItemsPerSubscription","NodeClass":"Variable_2","TypeDefinition":{"Id":68}}}}}]}