{"MessageId":"7d8289ad-971c-4056-bf66-c1fe05bbcdba","MessageType":"ua-data","PublisherId":"DESKTOP-BGFJS91","DataSetWriterGroup":"<<UnknownWriterGroup>>","Messages":[{"SequenceNumber":259,"MetaDataVersion":{"MajorVersion":1},"Timestamp":"2024-04-27T11:05:12.8649498Z","MessageType":"ua-event","DataSetWriterName":"<<UnknownDataSet>>","Payload":{"EventId":{"Value":"yfJUvpGGdE6SjBE9FjBVyA=="},"EventType":{"Value":{"IdType":1,"Id":"ReferenceChange"}},"SourceNode":{"Value":{"Id":2268}},"Time":{"Value":"2024-04-27T11:05:12.8649487Z"},"Change":{"Value":{"ReferenceTypeId":{"Id":46},"IsForward":true,"NodeId":{"Id":24099},"BrowseName":{"Name":"MaxSelectClauseParameters"},"DisplayName":"MaxSelectClauseParameters","NodeClass":"Variable_2","TypeDefinition":{"Id":68}}}}}]}