{"MessageId":"70cb5031-85ca-40a3-863d-4c1fb6e87261","MessageType":"ua-data","PublisherId":"DESKTOP-BGFJS91","DataSetWriterGroup":"<<UnknownWriterGroup>>","Messages":[{"SequenceNumber":26,"MetaDataVersion":{"MajorVersion":1},"Timestamp":"2024-04-27T11:05:12.5584824Z","MessageType":"ua-event","DataSetWriterName":"<<UnknownDataSet>>","Payload":{"EventId":{"Value":"8GoLmaGYtkK62ntv5Hu53g=="},"EventType":{"Value":{"IdType":1,"Id":"NodeChange"}},"SourceNode":{"Value":{"Id":1240,"Namespace":"http://opcfoundation.org/UA/Boiler/"}},"Time":{"Value":"2024-04-27T11:05:12.558479Z"},"Change":{"Value":{"NodeId":{"Id":1240,"Namespace":"http://opcfoundation.org/UA/Boiler/"},"NodeClass":"Object_1","BrowseName":{"Name":"Boilers","Uri":"http://opcfoundation.org/UA/Boiler/"},"DisplayName":"Boilers","RolePermissions":[],"UserRolePermissions":[],"References":[],"EventNotifier":1}}}}]}