{"MessageId":"caf29144-01d8-4fc5-87c1-f90405327cc5","MessageType":"ua-data","PublisherId":"DESKTOP-BGFJS91","DataSetWriterGroup":"<<UnknownWriterGroup>>","Messages":[{"SequenceNumber":261,"MetaDataVersion":{"MajorVersion":1},"Timestamp":"2024-04-27T11:05:12.8663907Z","MessageType":"ua-event","DataSetWriterName":"<<UnknownDataSet>>","Payload":{"EventId":{"Value":"aIwwgwOe0EieUJ9WHdsBuA=="},"EventType":{"Value":{"IdType":1,"Id":"ReferenceChange"}},"SourceNode":{"Value":{"Id":2268}},"Time":{"Value":"2024-04-27T11:05:12.8663898Z"},"Change":{"Value":{"ReferenceTypeId":{"Id":46},"IsForward":true,"NodeId":{"Id":24100},"BrowseName":{"Name":"MaxWhereClauseParameters"},"DisplayName":"MaxWhereClauseParameters","NodeClass":"Variable_2","TypeDefinition":{"Id":68}}}}}]}