{"MessageId":"d1707948-3e1f-421a-8982-6458f30dc5d7","MessageType":"ua-data","PublisherId":"DESKTOP-BGFJS91","DataSetWriterGroup":"<<UnknownWriterGroup>>","Messages":[{"SequenceNumber":264,"MetaDataVersion":{"MajorVersion":1},"Timestamp":"2024-04-27T11:05:12.8689917Z","MessageType":"ua-event","DataSetWriterName":"<<UnknownDataSet>>","Payload":{"EventId":{"Value":"gZhA2AzO30iLm88KS4JnSw=="},"EventType":{"Value":{"IdType":1,"Id":"NodeChange"}},"SourceNode":{"Value":{"Id":31916}},"Time":{"Value":"2024-04-27T11:05:12.8689902Z"},"Change":{"Value":{"NodeId":{"Id":31916},"NodeClass":"Variable_2","BrowseName":{"Name":"MaxMonitoredItemsQueueSize"},"DisplayName":"MaxMonitoredItemsQueueSize","RolePermissions":[],"UserRolePermissions":[],"References":[],"Value":null,"DataType":{"Id":7},"ValueRank":-1,"ArrayDimensions":[],"AccessLevel":1,"UserAccessLevel":1,"AccessLevelEx":1}}}}]}