{"MessageId":"34025624-ee73-4ec1-9904-5767750e91ed","MessageType":"ua-data","PublisherId":"DESKTOP-BGFJS91","DataSetWriterGroup":"<<UnknownWriterGroup>>","Messages":[{"SequenceNumber":265,"MetaDataVersion":{"MajorVersion":1},"Timestamp":"2024-04-27T11:05:12.8691597Z","MessageType":"ua-event","DataSetWriterName":"<<UnknownDataSet>>","Payload":{"EventId":{"Value":"cgHpn+Mtb0+VvpUH5ORwjQ=="},"EventType":{"Value":{"IdType":1,"Id":"ReferenceChange"}},"SourceNode":{"Value":{"Id":2268}},"Time":{"Value":"2024-04-27T11:05:12.8691588Z"},"Change":{"Value":{"ReferenceTypeId":{"Id":46},"IsForward":true,"NodeId":{"Id":24101},"BrowseName":{"Name":"ConformanceUnits"},"DisplayName":"ConformanceUnits","NodeClass":"Variable_2","TypeDefinition":{"Id":68}}}}}]}