{"MessageId":"11703d60-43d7-4a6f-980a-7fcb3d7fa42c","MessageType":"ua-data","PublisherId":"DESKTOP-BGFJS91","DataSetWriterGroup":"<<UnknownWriterGroup>>","Messages":[{"SequenceNumber":269,"MetaDataVersion":{"MajorVersion":1},"Timestamp":"2024-04-27T11:05:12.8720788Z","MessageType":"ua-event","DataSetWriterName":"<<UnknownDataSet>>","Payload":{"EventId":{"Value":"8HPiDRhWc0OengTSdYi7QA=="},"EventType":{"Value":{"IdType":1,"Id":"ReferenceChange"}},"SourceNode":{"Value":{"Id":2274}},"Time":{"Value":"2024-04-27T11:05:12.8720779Z"},"Change":{"Value":{"ReferenceTypeId":{"Id":47},"IsForward":true,"NodeId":{"Id":3706},"BrowseName":{"Name":"SessionsDiagnosticsSummary"},"DisplayName":"SessionsDiagnosticsSummary","NodeClass":"Object_1","TypeDefinition":{"Id":2026}}}}}]}