{"MessageId":"05baa887-8912-42eb-9cde-1422db3104dc","MessageType":"ua-data","PublisherId":"DESKTOP-BGFJS91","DataSetWriterGroup":"<<UnknownWriterGroup>>","Messages":[{"SequenceNumber":273,"MetaDataVersion":{"MajorVersion":1},"Timestamp":"2024-04-27T11:05:12.8748411Z","MessageType":"ua-event","DataSetWriterName":"<<UnknownDataSet>>","Payload":{"EventId":{"Value":"KZsw5+6Rnku736cSYdxzLA=="},"EventType":{"Value":{"IdType":1,"Id":"ReferenceChange"}},"SourceNode":{"Value":{"Id":2296}},"Time":{"Value":"2024-04-27T11:05:12.8748403Z"},"Change":{"Value":{"ReferenceTypeId":{"Id":46},"IsForward":true,"NodeId":{"Id":3709},"BrowseName":{"Name":"RedundancySupport"},"DisplayName":"RedundancySupport","NodeClass":"Variable_2","TypeDefinition":{"Id":68}}}}}]}