{"MessageId":"5bb7b599-a860-4c5b-aa3b-dd799555a86c","MessageType":"ua-data","PublisherId":"DESKTOP-BGFJS91","DataSetWriterGroup":"<<UnknownWriterGroup>>","Messages":[{"SequenceNumber":278,"MetaDataVersion":{"MajorVersion":1},"Timestamp":"2024-04-27T11:05:12.8787775Z","MessageType":"ua-event","DataSetWriterName":"<<UnknownDataSet>>","Payload":{"EventId":{"Value":"VDEfRqI+I06YBEiY3fdpcg=="},"EventType":{"Value":{"IdType":1,"Id":"NodeChange"}},"SourceNode":{"Value":{"Id":11493}},"Time":{"Value":"2024-04-27T11:05:12.8787759Z"},"Change":{"Value":{"NodeId":{"Id":11493},"NodeClass":"Variable_2","BrowseName":{"Name":"InputArguments"},"DisplayName":"InputArguments","RolePermissions":[],"UserRolePermissions":[],"References":[],"Value":null,"DataType":{"Id":296},"ValueRank":1,"ArrayDimensions":[1],"AccessLevel":1,"UserAccessLevel":1,"AccessLevelEx":1}}}}]}