{"MessageId":"a1dd4ab5-04b1-4b50-b178-15d6f9c63dcb","MessageType":"ua-data","PublisherId":"DESKTOP-BGFJS91","DataSetWriterGroup":"<<UnknownWriterGroup>>","Messages":[{"SequenceNumber":279,"MetaDataVersion":{"MajorVersion":1},"Timestamp":"2024-04-27T11:05:12.8789414Z","MessageType":"ua-event","DataSetWriterName":"<<UnknownDataSet>>","Payload":{"EventId":{"Value":"G4suU5rkjEe8pWieeGb2mg=="},"EventType":{"Value":{"IdType":1,"Id":"ReferenceChange"}},"SourceNode":{"Value":{"Id":11492}},"Time":{"Value":"2024-04-27T11:05:12.8789405Z"},"Change":{"Value":{"ReferenceTypeId":{"Id":46},"IsForward":true,"NodeId":{"Id":11494},"BrowseName":{"Name":"OutputArguments"},"DisplayName":"OutputArguments","NodeClass":"Variable_2","TypeDefinition":{"Id":68}}}}}]}