{"MessageId":"e6941602-4ddc-4715-a617-7c249c10f90f","MessageType":"ua-data","PublisherId":"DESKTOP-BGFJS91","DataSetWriterGroup":"<<UnknownWriterGroup>>","Messages":[{"SequenceNumber":289,"MetaDataVersion":{"MajorVersion":1},"Timestamp":"2024-04-27T11:05:12.8855859Z","MessageType":"ua-event","DataSetWriterName":"<<UnknownDataSet>>","Payload":{"EventId":{"Value":"6fiQXR+5pE60tPJUYhvoQg=="},"EventType":{"Value":{"IdType":1,"Id":"ReferenceChange"}},"SourceNode":{"Value":{"Id":12637}},"Time":{"Value":"2024-04-27T11:05:12.885585Z"},"Change":{"Value":{"ReferenceTypeId":{"Id":46},"IsForward":true,"NodeId":{"Id":25725},"BrowseName":{"Name":"ProductUri"},"DisplayName":"ProductUri","NodeClass":"Variable_2","TypeDefinition":{"Id":68}}}}}]}