{"MessageId":"3d0b8628-3255-4b41-8606-11cd056d6305","MessageType":"ua-data","PublisherId":"DESKTOP-BGFJS91","DataSetWriterGroup":"<<UnknownWriterGroup>>","Messages":[{"SequenceNumber":296,"MetaDataVersion":{"MajorVersion":1},"Timestamp":"2024-04-27T11:05:12.8909525Z","MessageType":"ua-event","DataSetWriterName":"<<UnknownDataSet>>","Payload":{"EventId":{"Value":"WRNdzG3lzEG55ReyE+GVyA=="},"EventType":{"Value":{"IdType":1,"Id":"NodeChange"}},"SourceNode":{"Value":{"Id":12639}},"Time":{"Value":"2024-04-27T11:05:12.890951Z"},"Change":{"Value":{"NodeId":{"Id":12639},"NodeClass":"Variable_2","BrowseName":{"Name":"SupportedPrivateKeyFormats"},"DisplayName":"SupportedPrivateKeyFormats","RolePermissions":[],"UserRolePermissions":[],"References":[],"Value":null,"DataType":{"Id":12},"ValueRank":1,"ArrayDimensions":[0],"AccessLevel":1,"UserAccessLevel":1,"AccessLevelEx":1}}}}]}