{"MessageId":"27e4f76b-718a-4cf5-95cb-4c0b6a616d4a","MessageType":"ua-data","PublisherId":"DESKTOP-BGFJS91","DataSetWriterGroup":"<<UnknownWriterGroup>>","Messages":[{"SequenceNumber":310,"MetaDataVersion":{"MajorVersion":1},"Timestamp":"2024-04-27T11:05:12.9002133Z","MessageType":"ua-event","DataSetWriterName":"<<UnknownDataSet>>","Payload":{"EventId":{"Value":"4RUHOVTMO0uOOtbYJQVcPg=="},"EventType":{"Value":{"IdType":1,"Id":"NodeChange"}},"SourceNode":{"Value":{"Id":12737}},"Time":{"Value":"2024-04-27T11:05:12.9002115Z"},"Change":{"Value":{"NodeId":{"Id":12737},"NodeClass":"Method_4","BrowseName":{"Name":"CreateSigningRequest"},"DisplayName":"CreateSigningRequest","RolePermissions":[],"UserRolePermissions":[],"References":[],"Executable":true,"UserExecutable":true}}}}]}