{"MessageId":"d426d684-5187-4dd6-8bbc-9548991b707b","MessageType":"ua-data","PublisherId":"DESKTOP-BGFJS91","DataSetWriterGroup":"<<UnknownWriterGroup>>","Messages":[{"SequenceNumber":311,"MetaDataVersion":{"MajorVersion":1},"Timestamp":"2024-04-27T11:05:12.9003875Z","MessageType":"ua-event","DataSetWriterName":"<<UnknownDataSet>>","Payload":{"EventId":{"Value":"CYo3TP+KPUK+0txoQdrkyw=="},"EventType":{"Value":{"IdType":1,"Id":"ReferenceChange"}},"SourceNode":{"Value":{"Id":12637}},"Time":{"Value":"2024-04-27T11:05:12.9003865Z"},"Change":{"Value":{"ReferenceTypeId":{"Id":47},"IsForward":true,"NodeId":{"Id":12777},"BrowseName":{"Name":"GetRejectedList"},"DisplayName":"GetRejectedList","NodeClass":"Method_4","TypeDefinition":{"Id":12775}}}}}]}