{"MessageId":"8d5b8929-2626-4357-8bb8-8e31c363e477","MessageType":"ua-data","PublisherId":"DESKTOP-BGFJS91","DataSetWriterGroup":"<<UnknownWriterGroup>>","Messages":[{"SequenceNumber":316,"MetaDataVersion":{"MajorVersion":1},"Timestamp":"2024-04-27T11:05:12.90419Z","MessageType":"ua-event","DataSetWriterName":"<<UnknownDataSet>>","Payload":{"EventId":{"Value":"rZm7kWZDWUuFuEWCUpALCg=="},"EventType":{"Value":{"IdType":1,"Id":"NodeChange"}},"SourceNode":{"Value":{"Id":17732}},"Time":{"Value":"2024-04-27T11:05:12.9041884Z"},"Change":{"Value":{"NodeId":{"Id":17732},"NodeClass":"Object_1","BrowseName":{"Name":"AuthorizationServices"},"DisplayName":"AuthorizationServices","RolePermissions":[],"UserRolePermissions":[],"References":[]}}}}]}