{"MessageId":"006cb119-8834-4cc8-bea8-2e2d0ad0dd6e","MessageType":"ua-data","PublisherId":"DESKTOP-BGFJS91","DataSetWriterGroup":"<<UnknownWriterGroup>>","Messages":[{"SequenceNumber":320,"MetaDataVersion":{"MajorVersion":1},"Timestamp":"2024-04-27T11:05:12.9066944Z","MessageType":"ua-event","DataSetWriterName":"<<UnknownDataSet>>","Payload":{"EventId":{"Value":"J148+5RRw0WNWCZGfGIraQ=="},"EventType":{"Value":{"IdType":1,"Id":"NodeChange"}},"SourceNode":{"Value":{"Id":24290}},"Time":{"Value":"2024-04-27T11:05:12.9066929Z"},"Change":{"Value":{"NodeId":{"Id":24290},"NodeClass":"Object_1","BrowseName":{"Name":"UserManagement"},"DisplayName":"UserManagement","RolePermissions":[],"UserRolePermissions":[],"References":[]}}}}]}