{"MessageId":"10cb108d-97c9-4a8d-8013-2f1f72687699","MessageType":"ua-data","PublisherId":"DESKTOP-BGFJS91","DataSetWriterGroup":"<<UnknownWriterGroup>>","Messages":[{"SequenceNumber":324,"MetaDataVersion":{"MajorVersion":1},"Timestamp":"2024-04-27T11:05:12.9094673Z","MessageType":"ua-event","DataSetWriterName":"<<UnknownDataSet>>","Payload":{"EventId":{"Value":"9otaTNtvi0yIAnTrpvuYMg=="},"EventType":{"Value":{"IdType":1,"Id":"NodeChange"}},"SourceNode":{"Value":{"Id":32643}},"Time":{"Value":"2024-04-27T11:05:12.9094656Z"},"Change":{"Value":{"NodeId":{"Id":32643},"NodeClass":"Object_1","BrowseName":{"Name":"AggregateFunctions"},"DisplayName":"AggregateFunctions","RolePermissions":[],"UserRolePermissions":[],"References":[]}}}}]}