{"MessageId":"0efad2bb-9c08-4e92-a792-532fd19b86e2","MessageType":"ua-data","PublisherId":"DESKTOP-BGFJS91","DataSetWriterGroup":"<<UnknownWriterGroup>>","Messages":[{"SequenceNumber":337,"MetaDataVersion":{"MajorVersion":1},"Timestamp":"2024-04-27T11:05:12.9174525Z","MessageType":"ua-event","DataSetWriterName":"<<UnknownDataSet>>","Payload":{"EventId":{"Value":"o0RxytYyi0iHac3RkR5AnQ=="},"EventType":{"Value":{"IdType":1,"Id":"ReferenceChange"}},"SourceNode":{"Value":{"Id":32637}},"Time":{"Value":"2024-04-27T11:05:12.9174516Z"},"Change":{"Value":{"ReferenceTypeId":{"Id":46},"IsForward":true,"NodeId":{"Id":32650},"BrowseName":{"Name":"StartOfArchive"},"DisplayName":"StartOfArchive","NodeClass":"Variable_2","TypeDefinition":{"Id":68}}}}}]}