{"MessageId":"101c4a56-0f22-4a4f-94a8-07e795f7f9de","MessageType":"ua-data","PublisherId":"DESKTOP-BGFJS91","DataSetWriterGroup":"<<UnknownWriterGroup>>","Messages":[{"SequenceNumber":34,"MetaDataVersion":{"MajorVersion":1},"Timestamp":"2024-04-27T11:05:12.5799841Z","MessageType":"ua-event","DataSetWriterName":"<<UnknownDataSet>>","Payload":{"EventId":{"Value":"1fkGiW6GyEy/J8MmPB+KCg=="},"EventType":{"Value":{"IdType":1,"Id":"NodeChange"}},"SourceNode":{"Value":{"IdType":1,"Id":"0:Factory","Namespace":"DataAccess"}},"Time":{"Value":"2024-04-27T11:05:12.5799806Z"},"Change":{"Value":{"NodeId":{"IdType":1,"Id":"0:Factory","Namespace":"DataAccess"},"NodeClass":"Object_1","BrowseName":{"Name":"Factory","Uri":"DataAccess"},"DisplayName":"Factory","RolePermissions":[],"UserRolePermissions":[],"References":[]}}}}]}