{"MessageId":"686d2f83-ee31-45c5-b00c-760ebcc59d3f","MessageType":"ua-data","PublisherId":"DESKTOP-BGFJS91","DataSetWriterGroup":"<<UnknownWriterGroup>>","Messages":[{"SequenceNumber":348,"MetaDataVersion":{"MajorVersion":1},"Timestamp":"2024-04-27T11:05:12.9258757Z","MessageType":"ua-event","DataSetWriterName":"<<UnknownDataSet>>","Payload":{"EventId":{"Value":"FWQj6Gxpi0eNKkiqMpdkig=="},"EventType":{"Value":{"IdType":1,"Id":"NodeChange"}},"SourceNode":{"Value":{"Id":32755}},"Time":{"Value":"2024-04-27T11:05:12.9258741Z"},"Change":{"Value":{"NodeId":{"Id":32755},"NodeClass":"Object_1","BrowseName":{"Name":"EventTypes"},"DisplayName":"EventTypes","RolePermissions":[],"UserRolePermissions":[],"References":[]}}}}]}