{"MessageId":"74ab45a8-c859-4f05-89c1-d7c47272e7ba","MessageType":"ua-data","PublisherId":"DESKTOP-BGFJS91","DataSetWriterGroup":"<<UnknownWriterGroup>>","Messages":[{"SequenceNumber":349,"MetaDataVersion":{"MajorVersion":1},"Timestamp":"2024-04-27T11:05:12.9260456Z","MessageType":"ua-event","DataSetWriterName":"<<UnknownDataSet>>","Payload":{"EventId":{"Value":"pVxAWi/HUEqt6Q2f3sQAfA=="},"EventType":{"Value":{"IdType":1,"Id":"ReferenceChange"}},"SourceNode":{"Value":{"Id":32754}},"Time":{"Value":"2024-04-27T11:05:12.9260448Z"},"Change":{"Value":{"ReferenceTypeId":{"Id":46},"IsForward":true,"NodeId":{"Id":32756},"BrowseName":{"Name":"StartOfArchive"},"DisplayName":"StartOfArchive","NodeClass":"Variable_2","TypeDefinition":{"Id":68}}}}}]}