{"MessageId":"f640cd74-93f7-42fa-b652-08e81e2d5a7a","MessageType":"ua-data","PublisherId":"DESKTOP-BGFJS91","DataSetWriterGroup":"<<UnknownWriterGroup>>","Messages":[{"SequenceNumber":35,"MetaDataVersion":{"MajorVersion":1},"Timestamp":"2024-04-27T11:05:12.5802423Z","MessageType":"ua-event","DataSetWriterName":"<<UnknownDataSet>>","Payload":{"EventId":{"Value":"uLH2pBqaFUKj4vxy1RK0FA=="},"EventType":{"Value":{"IdType":1,"Id":"ReferenceChange"}},"SourceNode":{"Value":{"Id":85}},"Time":{"Value":"2024-04-27T11:05:12.5802411Z"},"Change":{"Value":{"ReferenceTypeId":{"Id":35},"IsForward":true,"NodeId":{"IdType":1,"Id":"0:TestData","Namespace":"DataAccess"},"BrowseName":{"Name":"TestData","Uri":"DataAccess"},"DisplayName":"TestData","NodeClass":"Object_1","TypeDefinition":{"Id":61}}}}}]}