{"MessageId":"b153580e-7c91-406b-8a6c-cd3057ea6c76","MessageType":"ua-data","PublisherId":"DESKTOP-BGFJS91","DataSetWriterGroup":"<<UnknownWriterGroup>>","Messages":[{"SequenceNumber":354,"MetaDataVersion":{"MajorVersion":1},"Timestamp":"2024-04-27T11:05:12.930083Z","MessageType":"ua-event","DataSetWriterName":"<<UnknownDataSet>>","Payload":{"EventId":{"Value":"CSzcOi4yBUCFNAMQt6Hh+Q=="},"EventType":{"Value":{"IdType":1,"Id":"NodeChange"}},"SourceNode":{"Value":{"Id":15215}},"Time":{"Value":"2024-04-27T11:05:12.9300814Z"},"Change":{"Value":{"NodeId":{"Id":15215},"NodeClass":"Method_4","BrowseName":{"Name":"GetSecurityKeys"},"DisplayName":"GetSecurityKeys","RolePermissions":[],"UserRolePermissions":[],"References":[],"Executable":true,"UserExecutable":true}}}}]}