{"MessageId":"2b79c8a3-96f6-4353-86e4-eb49d04e1820","MessageType":"ua-data","PublisherId":"DESKTOP-BGFJS91","DataSetWriterGroup":"<<UnknownWriterGroup>>","Messages":[{"SequenceNumber":359,"MetaDataVersion":{"MajorVersion":1},"Timestamp":"2024-04-27T11:05:12.9329463Z","MessageType":"ua-event","DataSetWriterName":"<<UnknownDataSet>>","Payload":{"EventId":{"Value":"Lv9c6D2TjUWI95PCpB1Elw=="},"EventType":{"Value":{"IdType":1,"Id":"ReferenceChange"}},"SourceNode":{"Value":{"Id":14443}},"Time":{"Value":"2024-04-27T11:05:12.9329455Z"},"Change":{"Value":{"ReferenceTypeId":{"Id":47},"IsForward":true,"NodeId":{"Id":25440},"BrowseName":{"Name":"KeyPushTargets"},"DisplayName":"KeyPushTargets","NodeClass":"Object_1","TypeDefinition":{"Id":25346}}}}}]}