{"MessageId":"9f2daa4b-5f7d-4132-97da-c26880d06336","MessageType":"ua-data","PublisherId":"DESKTOP-BGFJS91","DataSetWriterGroup":"<<UnknownWriterGroup>>","Messages":[{"SequenceNumber":360,"MetaDataVersion":{"MajorVersion":1},"Timestamp":"2024-04-27T11:05:12.9340982Z","MessageType":"ua-event","DataSetWriterName":"<<UnknownDataSet>>","Payload":{"EventId":{"Value":"qoNtVUk2q0GE4ae43NRN4g=="},"EventType":{"Value":{"IdType":1,"Id":"NodeChange"}},"SourceNode":{"Value":{"Id":25440}},"Time":{"Value":"2024-04-27T11:05:12.9340966Z"},"Change":{"Value":{"NodeId":{"Id":25440},"NodeClass":"Object_1","BrowseName":{"Name":"KeyPushTargets"},"DisplayName":"KeyPushTargets","RolePermissions":[],"UserRolePermissions":[],"References":[]}}}}]}