{"MessageId":"cae31173-5f4d-4279-bb89-f0f789b87884","MessageType":"ua-data","PublisherId":"DESKTOP-BGFJS91","DataSetWriterGroup":"<<UnknownWriterGroup>>","Messages":[{"SequenceNumber":362,"MetaDataVersion":{"MajorVersion":1},"Timestamp":"2024-04-27T11:05:12.9359481Z","MessageType":"ua-event","DataSetWriterName":"<<UnknownDataSet>>","Payload":{"EventId":{"Value":"W9LlBTVoGkSdxsmx4KnZvg=="},"EventType":{"Value":{"IdType":1,"Id":"NodeChange"}},"SourceNode":{"Value":{"Id":17364}},"Time":{"Value":"2024-04-27T11:05:12.9359459Z"},"Change":{"Value":{"NodeId":{"Id":17364},"NodeClass":"Method_4","BrowseName":{"Name":"SetSecurityKeys"},"DisplayName":"SetSecurityKeys","RolePermissions":[],"UserRolePermissions":[],"References":[],"Executable":true,"UserExecutable":true}}}}]}