{"MessageId":"eeeab519-67a9-466b-9e34-a779008e8ee4","MessageType":"ua-data","PublisherId":"DESKTOP-BGFJS91","DataSetWriterGroup":"<<UnknownWriterGroup>>","Messages":[{"SequenceNumber":369,"MetaDataVersion":{"MajorVersion":1},"Timestamp":"2024-04-27T11:05:12.9405531Z","MessageType":"ua-event","DataSetWriterName":"<<UnknownDataSet>>","Payload":{"EventId":{"Value":"PolhDI4mFkaiELZEl3H6+w=="},"EventType":{"Value":{"IdType":1,"Id":"ReferenceChange"}},"SourceNode":{"Value":{"Id":14443}},"Time":{"Value":"2024-04-27T11:05:12.9405521Z"},"Change":{"Value":{"ReferenceTypeId":{"Id":47},"IsForward":true,"NodeId":{"Id":23658},"BrowseName":{"Name":"SubscribedDataSets"},"DisplayName":"SubscribedDataSets","NodeClass":"Object_1","TypeDefinition":{"Id":23795}}}}}]}