{"MessageId":"c0de1501-d90c-4b83-bf6c-1a3e9c2bfdc1","MessageType":"ua-data","PublisherId":"DESKTOP-BGFJS91","DataSetWriterGroup":"<<UnknownWriterGroup>>","Messages":[{"SequenceNumber":370,"MetaDataVersion":{"MajorVersion":1},"Timestamp":"2024-04-27T11:05:12.9417473Z","MessageType":"ua-event","DataSetWriterName":"<<UnknownDataSet>>","Payload":{"EventId":{"Value":"QU58sKyBAUiFRUf2ZgVdew=="},"EventType":{"Value":{"IdType":1,"Id":"NodeChange"}},"SourceNode":{"Value":{"Id":23658}},"Time":{"Value":"2024-04-27T11:05:12.9417457Z"},"Change":{"Value":{"NodeId":{"Id":23658},"NodeClass":"Object_1","BrowseName":{"Name":"SubscribedDataSets"},"DisplayName":"SubscribedDataSets","RolePermissions":[],"UserRolePermissions":[],"References":[]}}}}]}