{"MessageId":"32b2ff13-7bad-4c74-8fee-9ad3296ab54a","MessageType":"ua-data","PublisherId":"DESKTOP-BGFJS91","DataSetWriterGroup":"<<UnknownWriterGroup>>","Messages":[{"SequenceNumber":372,"MetaDataVersion":{"MajorVersion":1},"Timestamp":"2024-04-27T11:05:12.9431267Z","MessageType":"ua-event","DataSetWriterName":"<<UnknownDataSet>>","Payload":{"EventId":{"Value":"5W+IbkVmI0+jt5GY1eqoRg=="},"EventType":{"Value":{"IdType":1,"Id":"NodeChange"}},"SourceNode":{"Value":{"Id":25451}},"Time":{"Value":"2024-04-27T11:05:12.943125Z"},"Change":{"Value":{"NodeId":{"Id":25451},"NodeClass":"Object_1","BrowseName":{"Name":"PubSubConfiguration"},"DisplayName":"PubSubConfiguration","RolePermissions":[],"UserRolePermissions":[],"References":[]}}}}]}