{"MessageId":"4853f170-7cbe-4dba-994e-2d4c67c5bfa0","MessageType":"ua-data","PublisherId":"DESKTOP-BGFJS91","DataSetWriterGroup":"<<UnknownWriterGroup>>","Messages":[{"SequenceNumber":378,"MetaDataVersion":{"MajorVersion":1},"Timestamp":"2024-04-27T11:05:12.9472513Z","MessageType":"ua-event","DataSetWriterName":"<<UnknownDataSet>>","Payload":{"EventId":{"Value":"tAgjHutBzUmH+mctpwqdnA=="},"EventType":{"Value":{"IdType":1,"Id":"NodeChange"}},"SourceNode":{"Value":{"Id":23678}},"Time":{"Value":"2024-04-27T11:05:12.9472495Z"},"Change":{"Value":{"NodeId":{"Id":23678},"NodeClass":"Object_1","BrowseName":{"Name":"PubSubCapablities"},"DisplayName":"PubSubCapabilities","RolePermissions":[],"UserRolePermissions":[],"References":[]}}}}]}