{"MessageId":"1cc60bd7-0433-425d-adcc-e377a712e9d1","MessageType":"ua-data","PublisherId":"DESKTOP-BGFJS91","DataSetWriterGroup":"<<UnknownWriterGroup>>","Messages":[{"SequenceNumber":380,"MetaDataVersion":{"MajorVersion":1},"Timestamp":"2024-04-27T11:05:12.9487304Z","MessageType":"ua-event","DataSetWriterName":"<<UnknownDataSet>>","Payload":{"EventId":{"Value":"mls+bDCa902Pe+1Kc1FtCA=="},"EventType":{"Value":{"IdType":1,"Id":"NodeChange"}},"SourceNode":{"Value":{"Id":23685}},"Time":{"Value":"2024-04-27T11:05:12.9487288Z"},"Change":{"Value":{"NodeId":{"Id":23685},"NodeClass":"Object_1","BrowseName":{"Name":"DataSetClasses"},"DisplayName":"DataSetClasses","RolePermissions":[],"UserRolePermissions":[],"References":[]}}}}]}