{"MessageId":"1a08299d-a6eb-4a6c-81bd-3b3e46d5905e","MessageType":"ua-data","PublisherId":"DESKTOP-BGFJS91","DataSetWriterGroup":"<<UnknownWriterGroup>>","Messages":[{"SequenceNumber":387,"MetaDataVersion":{"MajorVersion":1},"Timestamp":"2024-04-27T11:05:12.9532613Z","MessageType":"ua-event","DataSetWriterName":"<<UnknownDataSet>>","Payload":{"EventId":{"Value":"qKYCp2/wwkqU01tzLMZong=="},"EventType":{"Value":{"IdType":1,"Id":"ReferenceChange"}},"SourceNode":{"Value":{"Id":14443}},"Time":{"Value":"2024-04-27T11:05:12.9532603Z"},"Change":{"Value":{"ReferenceTypeId":{"Id":46},"IsForward":true,"NodeId":{"Id":32403},"BrowseName":{"Name":"DefaultSecurityKeyServices"},"DisplayName":"DefaultSecurityKeyServices","NodeClass":"Variable_2","TypeDefinition":{"Id":68}}}}}]}