{"MessageId":"f9cd4abc-6b47-4f1d-a3cf-5a26aa480f61","MessageType":"ua-data","PublisherId":"DESKTOP-BGFJS91","DataSetWriterGroup":"<<UnknownWriterGroup>>","Messages":[{"SequenceNumber":390,"MetaDataVersion":{"MajorVersion":1},"Timestamp":"2024-04-27T11:05:12.955868Z","MessageType":"ua-event","DataSetWriterName":"<<UnknownDataSet>>","Payload":{"EventId":{"Value":"IwbUXXmKOkOYw6n9amUt+w=="},"EventType":{"Value":{"IdType":1,"Id":"NodeChange"}},"SourceNode":{"Value":{"Id":32404}},"Time":{"Value":"2024-04-27T11:05:12.9558663Z"},"Change":{"Value":{"NodeId":{"Id":32404},"NodeClass":"Variable_2","BrowseName":{"Name":"ConfigurationProperties"},"DisplayName":"ConfigurationProperties","RolePermissions":[],"UserRolePermissions":[],"References":[],"Value":null,"DataType":{"Id":14533},"ValueRank":1,"ArrayDimensions":[0],"AccessLevel":1,"UserAccessLevel":1,"AccessLevelEx":1}}}}]}