{"MessageId":"015d1b31-88f5-404d-9f85-ab3aaba1297d","MessageType":"ua-data","PublisherId":"DESKTOP-BGFJS91","DataSetWriterGroup":"<<UnknownWriterGroup>>","Messages":[{"SequenceNumber":391,"MetaDataVersion":{"MajorVersion":1},"Timestamp":"2024-04-27T11:05:12.9561135Z","MessageType":"ua-event","DataSetWriterName":"<<UnknownDataSet>>","Payload":{"EventId":{"Value":"zg4mWxtZIkmf/IzoSJ61Qw=="},"EventType":{"Value":{"IdType":1,"Id":"ReferenceChange"}},"SourceNode":{"Value":{"Id":24226}},"Time":{"Value":"2024-04-27T11:05:12.9561121Z"},"Change":{"Value":{"ReferenceTypeId":{"Id":35},"IsForward":true,"NodeId":{"Id":24227},"BrowseName":{"Name":"Communication"},"DisplayName":"Communication","NodeClass":"Object_1","TypeDefinition":{"Id":61}}}}}]}