{"MessageId":"a8a1eab4-4b7d-4729-8592-362344a2b57f","MessageType":"ua-data","PublisherId":"DESKTOP-BGFJS91","DataSetWriterGroup":"<<UnknownWriterGroup>>","Messages":[{"SequenceNumber":397,"MetaDataVersion":{"MajorVersion":1},"Timestamp":"2024-04-27T11:05:12.9608203Z","MessageType":"ua-event","DataSetWriterName":"<<UnknownDataSet>>","Payload":{"EventId":{"Value":"DUmRfBQO+kqaQFMi2sVUVA=="},"EventType":{"Value":{"IdType":1,"Id":"ReferenceChange"}},"SourceNode":{"Value":{"IdType":1,"Id":"0:/Yellow","Namespace":"http://opcfoundation.org/AlarmCondition"}},"Time":{"Value":"2024-04-27T11:05:12.9608194Z"},"Change":{"Value":{"ReferenceTypeId":{"Id":48},"IsForward":true,"NodeId":{"IdType":1,"Id":"0:Yellow/West","Namespace":"http://opcfoundation.org/AlarmCondition"},"BrowseName":{"Name":"West","Uri":"http://opcfoundation.org/AlarmCondition"},"DisplayName":"West","NodeClass":"Object_1","TypeDefinition":{"Id":61}}}}}]}