{"MessageId":"8de8888d-49b8-456b-b956-f1278ddb60b7","MessageType":"ua-data","PublisherId":"DESKTOP-BGFJS91","DataSetWriterGroup":"<<UnknownWriterGroup>>","Messages":[{"SequenceNumber":399,"MetaDataVersion":{"MajorVersion":1},"Timestamp":"2024-04-27T11:05:12.9623361Z","MessageType":"ua-event","DataSetWriterName":"<<UnknownDataSet>>","Payload":{"EventId":{"Value":"gl4q7msvQE2tO+2gVIJotA=="},"EventType":{"Value":{"IdType":1,"Id":"ReferenceChange"}},"SourceNode":{"Value":{"Id":23476}},"Time":{"Value":"2024-04-27T11:05:12.962335Z"},"Change":{"Value":{"ReferenceTypeId":{"Id":46},"IsForward":true,"NodeId":{"Id":23477},"BrowseName":{"Name":"InputArguments"},"DisplayName":"InputArguments","NodeClass":"Variable_2","TypeDefinition":{"Id":68}}}}}]}