{"MessageId":"95b7e60a-d598-4d53-a3bf-07c7e1f46dbf","MessageType":"ua-data","PublisherId":"DESKTOP-BGFJS91","DataSetWriterGroup":"<<UnknownWriterGroup>>","Messages":[{"SequenceNumber":4,"MetaDataVersion":{"MajorVersion":1},"Timestamp":"2024-04-27T11:05:12.5228681Z","MessageType":"ua-event","DataSetWriterName":"<<UnknownDataSet>>","Payload":{"EventId":{"Value":"s2Pfj/AYKUWkpzpqiR9rEg=="},"EventType":{"Value":{"IdType":1,"Id":"NodeChange"}},"SourceNode":{"Value":{"Id":86}},"Time":{"Value":"2024-04-27T11:05:12.5228632Z"},"Change":{"Value":{"NodeId":{"Id":86},"NodeClass":"Object_1","BrowseName":{"Name":"Types"},"DisplayName":"Types","Description":"The browse entry point when looking for types in the server address space.","RolePermissions":[],"UserRolePermissions":[],"References":[]}}}}]}