{"MessageId":"c4b7b737-7d7a-4b59-8cb0-88136a1877f3","MessageType":"ua-data","PublisherId":"DESKTOP-BGFJS91","DataSetWriterGroup":"<<UnknownWriterGroup>>","Messages":[{"SequenceNumber":400,"MetaDataVersion":{"MajorVersion":1},"Timestamp":"2024-04-27T11:05:12.9636878Z","MessageType":"ua-event","DataSetWriterName":"<<UnknownDataSet>>","Payload":{"EventId":{"Value":"sYAR9qZlrUOXkFqw+rGVbQ=="},"EventType":{"Value":{"IdType":1,"Id":"NodeChange"}},"SourceNode":{"Value":{"Id":23477}},"Time":{"Value":"2024-04-27T11:05:12.9636854Z"},"Change":{"Value":{"NodeId":{"Id":23477},"NodeClass":"Variable_2","BrowseName":{"Name":"InputArguments"},"DisplayName":"InputArguments","RolePermissions":[],"UserRolePermissions":[],"References":[],"Value":null,"DataType":{"Id":296},"ValueRank":1,"ArrayDimensions":[2],"AccessLevel":1,"UserAccessLevel":1,"AccessLevelEx":1}}}}]}