{"MessageId":"8ac7ea9a-55ce-4ba2-8d66-3acad0b2f206","MessageType":"ua-data","PublisherId":"DESKTOP-BGFJS91","DataSetWriterGroup":"<<UnknownWriterGroup>>","Messages":[{"SequenceNumber":402,"MetaDataVersion":{"MajorVersion":1},"Timestamp":"2024-04-27T11:05:12.9652181Z","MessageType":"ua-event","DataSetWriterName":"<<UnknownDataSet>>","Payload":{"EventId":{"Value":"6fVLxBekLUuv5GZJARxhAw=="},"EventType":{"Value":{"IdType":1,"Id":"NodeChange"}},"SourceNode":{"Value":{"Id":23478}},"Time":{"Value":"2024-04-27T11:05:12.9652116Z"},"Change":{"Value":{"NodeId":{"Id":23478},"NodeClass":"Variable_2","BrowseName":{"Name":"OutputArguments"},"DisplayName":"OutputArguments","RolePermissions":[],"UserRolePermissions":[],"References":[],"Value":null,"DataType":{"Id":296},"ValueRank":1,"ArrayDimensions":[1],"AccessLevel":1,"UserAccessLevel":1,"AccessLevelEx":1}}}}]}