{"MessageId":"97c94f96-d6b5-4da8-8af0-45046282e9ac","MessageType":"ua-data","PublisherId":"DESKTOP-BGFJS91","DataSetWriterGroup":"<<UnknownWriterGroup>>","Messages":[{"SequenceNumber":405,"MetaDataVersion":{"MajorVersion":1},"Timestamp":"2024-04-27T11:05:12.9670288Z","MessageType":"ua-event","DataSetWriterName":"<<UnknownDataSet>>","Payload":{"EventId":{"Value":"3O9/ua0oMUG0rDw0YEKkYQ=="},"EventType":{"Value":{"IdType":1,"Id":"ReferenceChange"}},"SourceNode":{"Value":{"Id":23488}},"Time":{"Value":"2024-04-27T11:05:12.9670275Z"},"Change":{"Value":{"ReferenceTypeId":{"Id":47},"IsForward":true,"NodeId":{"Id":23494},"BrowseName":{"Name":"FindAlias"},"DisplayName":"FindAlias","NodeClass":"Method_4","TypeDefinition":{"Id":23462}}}}}]}