{"MessageId":"8ebe6e72-cbbc-4b5f-a455-52d47c5399f3","MessageType":"ua-data","PublisherId":"DESKTOP-BGFJS91","DataSetWriterGroup":"<<UnknownWriterGroup>>","Messages":[{"SequenceNumber":408,"MetaDataVersion":{"MajorVersion":1},"Timestamp":"2024-04-27T11:05:12.9698695Z","MessageType":"ua-event","DataSetWriterName":"<<UnknownDataSet>>","Payload":{"EventId":{"Value":"+eS67IcXQkiuXBuU0KdJKQ=="},"EventType":{"Value":{"IdType":1,"Id":"NodeChange"}},"SourceNode":{"Value":{"Id":10159,"Namespace":"http://test.org/UA/Data/"}},"Time":{"Value":"2024-04-27T11:05:12.9698677Z"},"Change":{"Value":{"NodeId":{"Id":10159,"Namespace":"http://test.org/UA/Data/"},"NodeClass":"Object_1","BrowseName":{"Name":"Scalar","Uri":"http://test.org/UA/Data/"},"DisplayName":"Scalar","RolePermissions":[],"UserRolePermissions":[],"References":[]}}}}]}