{"MessageId":"1e404dd5-5810-4818-b77e-eb4563c3212c","MessageType":"ua-data","PublisherId":"DESKTOP-BGFJS91","DataSetWriterGroup":"<<UnknownWriterGroup>>","Messages":[{"SequenceNumber":41,"MetaDataVersion":{"MajorVersion":1},"Timestamp":"2024-04-27T11:05:12.5950163Z","MessageType":"ua-event","DataSetWriterName":"<<UnknownDataSet>>","Payload":{"EventId":{"Value":"eqto++cR3U+f2wY7qnqCUw=="},"EventType":{"Value":{"IdType":1,"Id":"ReferenceChange"}},"SourceNode":{"Value":{"Id":86}},"Time":{"Value":"2024-04-27T11:05:12.5950151Z"},"Change":{"Value":{"ReferenceTypeId":{"Id":35},"IsForward":true,"NodeId":{"Id":89},"BrowseName":{"Name":"VariableTypes"},"DisplayName":"VariableTypes","NodeClass":"Object_1","TypeDefinition":{"Id":61}}}}}]}