{"MessageId":"fdcd85c2-626d-4e35-a223-31e4da75c7be","MessageType":"ua-data","PublisherId":"DESKTOP-BGFJS91","DataSetWriterGroup":"<<UnknownWriterGroup>>","Messages":[{"SequenceNumber":411,"MetaDataVersion":{"MajorVersion":1},"Timestamp":"2024-04-27T11:05:12.971496Z","MessageType":"ua-event","DataSetWriterName":"<<UnknownDataSet>>","Payload":{"EventId":{"Value":"jegzz4/WVEaA4wLxcF452A=="},"EventType":{"Value":{"IdType":1,"Id":"ReferenceChange"}},"SourceNode":{"Value":{"Id":10158,"Namespace":"http://test.org/UA/Data/"}},"Time":{"Value":"2024-04-27T11:05:12.971495Z"},"Change":{"Value":{"ReferenceTypeId":{"Id":47},"IsForward":true,"NodeId":{"Id":10327,"Namespace":"http://test.org/UA/Data/"},"BrowseName":{"Name":"UserScalar","Uri":"http://test.org/UA/Data/"},"DisplayName":"UserScalar","NodeClass":"Object_1","TypeDefinition":{"Id":9921,"Namespace":"http://test.org/UA/Data/"}}}}}]}