{"MessageId":"4e9a502a-5640-4c7b-8ec5-3775652ae358","MessageType":"ua-data","PublisherId":"DESKTOP-BGFJS91","DataSetWriterGroup":"<<UnknownWriterGroup>>","Messages":[{"SequenceNumber":416,"MetaDataVersion":{"MajorVersion":1},"Timestamp":"2024-04-27T11:05:12.9756346Z","MessageType":"ua-event","DataSetWriterName":"<<UnknownDataSet>>","Payload":{"EventId":{"Value":"Hdjc0G9+20GZXSdAtcRegA=="},"EventType":{"Value":{"IdType":1,"Id":"NodeChange"}},"SourceNode":{"Value":{"Id":10485,"Namespace":"http://test.org/UA/Data/"}},"Time":{"Value":"2024-04-27T11:05:12.975633Z"},"Change":{"Value":{"NodeId":{"Id":10485,"Namespace":"http://test.org/UA/Data/"},"NodeClass":"Object_1","BrowseName":{"Name":"AnalogScalar","Uri":"http://test.org/UA/Data/"},"DisplayName":"AnalogScalar","RolePermissions":[],"UserRolePermissions":[],"References":[]}}}}]}