{"MessageId":"4afe7563-76b6-4855-bfb1-dd25a549363e","MessageType":"ua-data","PublisherId":"DESKTOP-BGFJS91","DataSetWriterGroup":"<<UnknownWriterGroup>>","Messages":[{"SequenceNumber":418,"MetaDataVersion":{"MajorVersion":1},"Timestamp":"2024-04-27T11:05:12.9769639Z","MessageType":"ua-event","DataSetWriterName":"<<UnknownDataSet>>","Payload":{"EventId":{"Value":"loqpIQkUG0ysmv+OJ1fl+g=="},"EventType":{"Value":{"IdType":1,"Id":"NodeChange"}},"SourceNode":{"Value":{"Id":10620,"Namespace":"http://test.org/UA/Data/"}},"Time":{"Value":"2024-04-27T11:05:12.9769623Z"},"Change":{"Value":{"NodeId":{"Id":10620,"Namespace":"http://test.org/UA/Data/"},"NodeClass":"Object_1","BrowseName":{"Name":"AnalogArray","Uri":"http://test.org/UA/Data/"},"DisplayName":"AnalogArray","RolePermissions":[],"UserRolePermissions":[],"References":[]}}}}]}