{"MessageId":"6ff290a4-9346-45fd-9bea-848a70ee61b0","MessageType":"ua-data","PublisherId":"DESKTOP-BGFJS91","DataSetWriterGroup":"<<UnknownWriterGroup>>","Messages":[{"SequenceNumber":420,"MetaDataVersion":{"MajorVersion":1},"Timestamp":"2024-04-27T11:05:12.9783235Z","MessageType":"ua-event","DataSetWriterName":"<<UnknownDataSet>>","Payload":{"EventId":{"Value":"m7YyAkEenke0dkjG4bXBtA=="},"EventType":{"Value":{"IdType":1,"Id":"NodeChange"}},"SourceNode":{"Value":{"Id":10755,"Namespace":"http://test.org/UA/Data/"}},"Time":{"Value":"2024-04-27T11:05:12.9783219Z"},"Change":{"Value":{"NodeId":{"Id":10755,"Namespace":"http://test.org/UA/Data/"},"NodeClass":"Object_1","BrowseName":{"Name":"MethodTest","Uri":"http://test.org/UA/Data/"},"DisplayName":"MethodTest","RolePermissions":[],"UserRolePermissions":[],"References":[]}}}}]}