{"MessageId":"6c412b41-8843-4cf9-8854-b3cfb7e5d666","MessageType":"ua-data","PublisherId":"DESKTOP-BGFJS91","DataSetWriterGroup":"<<UnknownWriterGroup>>","Messages":[{"SequenceNumber":443,"MetaDataVersion":{"MajorVersion":1},"Timestamp":"2024-04-27T11:05:12.9965022Z","MessageType":"ua-event","DataSetWriterName":"<<UnknownDataSet>>","Payload":{"EventId":{"Value":"snhJcAKxV0K9ADxiJHQzOA=="},"EventType":{"Value":{"IdType":1,"Id":"ReferenceChange"}},"SourceNode":{"Value":{"Id":11383,"Namespace":"http://test.org/UA/Data/"}},"Time":{"Value":"2024-04-27T11:05:12.996501Z"},"Change":{"Value":{"ReferenceTypeId":{"Id":36},"IsForward":true,"NodeId":{"Id":10331,"Namespace":"http://test.org/UA/Data/"},"BrowseName":{"Name":"CycleComplete","Uri":"http://test.org/UA/Data/"},"DisplayName":"CycleComplete","NodeClass":"Object_1","TypeDefinition":{"Id":2881}}}}}]}