{"MessageId":"c55a6b1d-bcb8-485e-aa92-a9596e651b90","MessageType":"ua-data","PublisherId":"DESKTOP-BGFJS91","DataSetWriterGroup":"<<UnknownWriterGroup>>","Messages":[{"SequenceNumber":444,"MetaDataVersion":{"MajorVersion":1},"Timestamp":"2024-04-27T11:05:12.9977212Z","MessageType":"ua-event","DataSetWriterName":"<<UnknownDataSet>>","Payload":{"EventId":{"Value":"5XQ62yjFrkugkWMXFC9FHA=="},"EventType":{"Value":{"IdType":1,"Id":"NodeChange"}},"SourceNode":{"Value":{"Id":10331,"Namespace":"http://test.org/UA/Data/"}},"Time":{"Value":"2024-04-27T11:05:12.9977195Z"},"Change":{"Value":{"NodeId":{"Id":10331,"Namespace":"http://test.org/UA/Data/"},"NodeClass":"Object_1","BrowseName":{"Name":"CycleComplete","Uri":"http://test.org/UA/Data/"},"DisplayName":"CycleComplete","RolePermissions":[],"UserRolePermissions":[],"References":[]}}}}]}