{"MessageId":"e4770410-d4b1-4964-b134-e13af4c75b98","MessageType":"ua-data","PublisherId":"DESKTOP-BGFJS91","DataSetWriterGroup":"<<UnknownWriterGroup>>","Messages":[{"SequenceNumber":454,"MetaDataVersion":{"MajorVersion":1},"Timestamp":"2024-04-27T11:05:13.0042241Z","MessageType":"ua-event","DataSetWriterName":"<<UnknownDataSet>>","Payload":{"EventId":{"Value":"jnoNhNZ+QkGM2OgNylVbjg=="},"EventType":{"Value":{"IdType":1,"Id":"NodeChange"}},"SourceNode":{"Value":{"Id":10875,"Namespace":"http://test.org/UA/Data/"}},"Time":{"Value":"2024-04-27T11:05:13.0042226Z"},"Change":{"Value":{"NodeId":{"Id":10875,"Namespace":"http://test.org/UA/Data/"},"NodeClass":"Object_1","BrowseName":{"Name":"CycleComplete","Uri":"http://test.org/UA/Data/"},"DisplayName":"CycleComplete","RolePermissions":[],"UserRolePermissions":[],"References":[]}}}}]}