{"MessageId":"ed1735e2-e7b4-4677-a1b6-fe726368c90f","MessageType":"ua-data","PublisherId":"DESKTOP-BGFJS91","DataSetWriterGroup":"<<UnknownWriterGroup>>","Messages":[{"SequenceNumber":458,"MetaDataVersion":{"MajorVersion":1},"Timestamp":"2024-04-27T11:05:13.0068477Z","MessageType":"ua-event","DataSetWriterName":"<<UnknownDataSet>>","Payload":{"EventId":{"Value":"538Ay7OE6UK/s1xBJUcL2g=="},"EventType":{"Value":{"IdType":1,"Id":"NodeChange"}},"SourceNode":{"Value":{"Id":11038,"Namespace":"http://test.org/UA/Data/"}},"Time":{"Value":"2024-04-27T11:05:13.0068461Z"},"Change":{"Value":{"NodeId":{"Id":11038,"Namespace":"http://test.org/UA/Data/"},"NodeClass":"Object_1","BrowseName":{"Name":"CycleComplete","Uri":"http://test.org/UA/Data/"},"DisplayName":"CycleComplete","RolePermissions":[],"UserRolePermissions":[],"References":[]}}}}]}