{"MessageId":"f0d4386d-9be5-4dce-89ef-af68505271c1","MessageType":"ua-data","PublisherId":"DESKTOP-BGFJS91","DataSetWriterGroup":"<<UnknownWriterGroup>>","Messages":[{"SequenceNumber":460,"MetaDataVersion":{"MajorVersion":1},"Timestamp":"2024-04-27T11:05:13.0081142Z","MessageType":"ua-event","DataSetWriterName":"<<UnknownDataSet>>","Payload":{"EventId":{"Value":"ExsXdrlExEubBkfgzfqrgQ=="},"EventType":{"Value":{"IdType":1,"Id":"NodeChange"}},"SourceNode":{"Value":{"Id":11117,"Namespace":"http://test.org/UA/Data/"}},"Time":{"Value":"2024-04-27T11:05:13.0081114Z"},"Change":{"Value":{"NodeId":{"Id":11117,"Namespace":"http://test.org/UA/Data/"},"NodeClass":"Object_1","BrowseName":{"Name":"CycleComplete","Uri":"http://test.org/UA/Data/"},"DisplayName":"CycleComplete","RolePermissions":[],"UserRolePermissions":[],"References":[]}}}}]}