{"MessageId":"5bae58ab-d9d9-4852-bb2b-4d3fe6d71f3c","MessageType":"ua-data","PublisherId":"DESKTOP-BGFJS91","DataSetWriterGroup":"<<UnknownWriterGroup>>","Messages":[{"SequenceNumber":462,"MetaDataVersion":{"MajorVersion":1},"Timestamp":"2024-04-27T11:05:13.0093863Z","MessageType":"ua-event","DataSetWriterName":"<<UnknownDataSet>>","Payload":{"EventId":{"Value":"kEDwogllM0i3mfdT9zgFfQ=="},"EventType":{"Value":{"IdType":1,"Id":"NodeChange"}},"SourceNode":{"Value":{"Id":11252,"Namespace":"http://test.org/UA/Data/"}},"Time":{"Value":"2024-04-27T11:05:13.0093846Z"},"Change":{"Value":{"NodeId":{"Id":11252,"Namespace":"http://test.org/UA/Data/"},"NodeClass":"Object_1","BrowseName":{"Name":"CycleComplete","Uri":"http://test.org/UA/Data/"},"DisplayName":"CycleComplete","RolePermissions":[],"UserRolePermissions":[],"References":[]}}}}]}