{"MessageId":"41110fe4-0c0b-4c2b-84f1-1bf474f2e2d1","MessageType":"ua-data","PublisherId":"DESKTOP-BGFJS91","DataSetWriterGroup":"<<UnknownWriterGroup>>","Messages":[{"SequenceNumber":466,"MetaDataVersion":{"MajorVersion":1},"Timestamp":"2024-04-27T11:05:13.012382Z","MessageType":"ua-event","DataSetWriterName":"<<UnknownDataSet>>","Payload":{"EventId":{"Value":"k8yaU8vuMkaWKWGkcMYSyw=="},"EventType":{"Value":{"IdType":1,"Id":"ReferenceChange"}},"SourceNode":{"Value":{"Id":375,"Namespace":"http://opcfoundation.org/UA/Vehicles/Instances"}},"Time":{"Value":"2024-04-27T11:05:13.012381Z"},"Change":{"Value":{"ReferenceTypeId":{"Id":46},"IsForward":true,"NodeId":{"Id":377,"Namespace":"http://opcfoundation.org/UA/Vehicles/Instances"},"BrowseName":{"Name":"OwnedVehicles","Uri":"http://opcfoundation.org/UA/Vehicles/Types"},"DisplayName":"OwnedVehicles","NodeClass":"Variable_2","TypeDefinition":{"Id":68}}}}}]}