{"MessageId":"f7abee9a-f5c7-453d-bfd2-98c0cbc7075e","MessageType":"ua-data","PublisherId":"DESKTOP-BGFJS91","DataSetWriterGroup":"<<UnknownWriterGroup>>","Messages":[{"SequenceNumber":470,"MetaDataVersion":{"MajorVersion":1},"Timestamp":"2024-04-27T11:05:13.0152479Z","MessageType":"ua-event","DataSetWriterName":"<<UnknownDataSet>>","Payload":{"EventId":{"Value":"9dynyY+XB0GVEI86dxb4wQ=="},"EventType":{"Value":{"IdType":1,"Id":"ReferenceChange"}},"SourceNode":{"Value":{"IdType":1,"Id":"Area51","Namespace":"http://opcfoundation.org/HistoricalEvents"}},"Time":{"Value":"2024-04-27T11:05:13.015247Z"},"Change":{"Value":{"ReferenceTypeId":{"Id":48},"IsForward":true,"NodeId":{"IdType":1,"Id":"Well_48306","Namespace":"http://opcfoundation.org/HistoricalEvents"},"BrowseName":{"Name":"Titan","Uri":"http://opcfoundation.org/HistoricalEvents"},"DisplayName":"Titan","NodeClass":"Object_1","TypeDefinition":{"Id":308,"Namespace":"http://opcfoundation.org/HistoricalEvents"}}}}}]}