{"MessageId":"66009b8f-0aca-4316-9ec7-a7dcf498289c","MessageType":"ua-data","PublisherId":"DESKTOP-BGFJS91","DataSetWriterGroup":"<<UnknownWriterGroup>>","Messages":[{"SequenceNumber":472,"MetaDataVersion":{"MajorVersion":1},"Timestamp":"2024-04-27T11:05:13.0166538Z","MessageType":"ua-event","DataSetWriterName":"<<UnknownDataSet>>","Payload":{"EventId":{"Value":"+H8uWoDEiEuff5Ia+EboTw=="},"EventType":{"Value":{"IdType":1,"Id":"ReferenceChange"}},"SourceNode":{"Value":{"IdType":1,"Id":"Area99","Namespace":"http://opcfoundation.org/HistoricalEvents"}},"Time":{"Value":"2024-04-27T11:05:13.0166529Z"},"Change":{"Value":{"ReferenceTypeId":{"Id":48},"IsForward":true,"NodeId":{"IdType":1,"Id":"Well_86234","Namespace":"http://opcfoundation.org/HistoricalEvents"},"BrowseName":{"Name":"Saturn","Uri":"http://opcfoundation.org/HistoricalEvents"},"DisplayName":"Saturn","NodeClass":"Object_1","TypeDefinition":{"Id":308,"Namespace":"http://opcfoundation.org/HistoricalEvents"}}}}}]}