{"MessageId":"32eaea92-fa87-4a55-95ca-5a0f4f75e429","MessageType":"ua-data","PublisherId":"DESKTOP-BGFJS91","DataSetWriterGroup":"<<UnknownWriterGroup>>","Messages":[{"SequenceNumber":473,"MetaDataVersion":{"MajorVersion":1},"Timestamp":"2024-04-27T11:05:13.017843Z","MessageType":"ua-event","DataSetWriterName":"<<UnknownDataSet>>","Payload":{"EventId":{"Value":"OWBG3NB2okKWR8ZK269xTA=="},"EventType":{"Value":{"IdType":1,"Id":"NodeChange"}},"SourceNode":{"Value":{"IdType":1,"Id":"Well_86234","Namespace":"http://opcfoundation.org/HistoricalEvents"}},"Time":{"Value":"2024-04-27T11:05:13.0178414Z"},"Change":{"Value":{"NodeId":{"IdType":1,"Id":"Well_86234","Namespace":"http://opcfoundation.org/HistoricalEvents"},"NodeClass":"Object_1","BrowseName":{"Name":"Saturn","Uri":"http://opcfoundation.org/HistoricalEvents"},"DisplayName":"Saturn","RolePermissions":[],"UserRolePermissions":[],"References":[],"EventNotifier":13}}}}]}