{"MessageId":"a1ebe7b8-4291-4919-8d2b-ae3664b72565","MessageType":"ua-data","PublisherId":"DESKTOP-BGFJS91","DataSetWriterGroup":"<<UnknownWriterGroup>>","Messages":[{"SequenceNumber":475,"MetaDataVersion":{"MajorVersion":1},"Timestamp":"2024-04-27T11:05:13.0192647Z","MessageType":"ua-event","DataSetWriterName":"<<UnknownDataSet>>","Payload":{"EventId":{"Value":"30d/v+ZdBEyYCV9ASvJpOw=="},"EventType":{"Value":{"IdType":1,"Id":"NodeChange"}},"SourceNode":{"Value":{"IdType":1,"Id":"Well_91423","Namespace":"http://opcfoundation.org/HistoricalEvents"}},"Time":{"Value":"2024-04-27T11:05:13.0192631Z"},"Change":{"Value":{"NodeId":{"IdType":1,"Id":"Well_91423","Namespace":"http://opcfoundation.org/HistoricalEvents"},"NodeClass":"Object_1","BrowseName":{"Name":"Mars","Uri":"http://opcfoundation.org/HistoricalEvents"},"DisplayName":"Mars","RolePermissions":[],"UserRolePermissions":[],"References":[],"EventNotifier":13}}}}]}