{"MessageId":"63f41e23-7ea7-4374-a3b9-5003d282b61b","MessageType":"ua-data","PublisherId":"DESKTOP-BGFJS91","DataSetWriterGroup":"<<UnknownWriterGroup>>","Messages":[{"SequenceNumber":476,"MetaDataVersion":{"MajorVersion":1},"Timestamp":"2024-04-27T11:05:13.0194422Z","MessageType":"ua-event","DataSetWriterName":"<<UnknownDataSet>>","Payload":{"EventId":{"Value":"7oWZBtWeDkK/tudm3Zo80w=="},"EventType":{"Value":{"IdType":1,"Id":"ReferenceChange"}},"SourceNode":{"Value":{"IdType":1,"Id":"0:Boiler #1","Namespace":"http://opcfoundation.org/UA/Views"}},"Time":{"Value":"2024-04-27T11:05:13.0194412Z"},"Change":{"Value":{"ReferenceTypeId":{"Id":47},"IsForward":true,"NodeId":{"IdType":1,"Id":"0:Boiler #1?WaterIn","Namespace":"http://opcfoundation.org/UA/Views"},"BrowseName":{"Name":"WaterIn","Uri":"http://opcfoundation.org/UA/Views"},"DisplayName":"WaterIn","NodeClass":"Object_1","TypeDefinition":{"Id":58}}}}}]}