{"MessageId":"110d9ae6-2aa6-4ee8-bc38-7296d5731e54","MessageType":"ua-data","PublisherId":"DESKTOP-BGFJS91","DataSetWriterGroup":"<<UnknownWriterGroup>>","Messages":[{"SequenceNumber":483,"MetaDataVersion":{"MajorVersion":1},"Timestamp":"2024-04-27T11:05:13.0249707Z","MessageType":"ua-event","DataSetWriterName":"<<UnknownDataSet>>","Payload":{"EventId":{"Value":"HVwRbw/mC02HaMJByGo7gQ=="},"EventType":{"Value":{"IdType":1,"Id":"NodeChange"}},"SourceNode":{"Value":{"IdType":1,"Id":"0:Boiler #2?WaterIn","Namespace":"http://opcfoundation.org/UA/Views"}},"Time":{"Value":"2024-04-27T11:05:13.0249693Z"},"Change":{"Value":{"NodeId":{"IdType":1,"Id":"0:Boiler #2?WaterIn","Namespace":"http://opcfoundation.org/UA/Views"},"NodeClass":"Object_1","BrowseName":{"Name":"WaterIn","Uri":"http://opcfoundation.org/UA/Views"},"DisplayName":"WaterIn","RolePermissions":[],"UserRolePermissions":[],"References":[]}}}}]}