{"MessageId":"db8b0356-7b86-457d-9439-299662281a0c","MessageType":"ua-data","PublisherId":"DESKTOP-BGFJS91","DataSetWriterGroup":"<<UnknownWriterGroup>>","Messages":[{"SequenceNumber":489,"MetaDataVersion":{"MajorVersion":1},"Timestamp":"2024-04-27T11:05:13.0293451Z","MessageType":"ua-event","DataSetWriterName":"<<UnknownDataSet>>","Payload":{"EventId":{"Value":"ZpY60fNq3E+hiK/V7Hez8Q=="},"EventType":{"Value":{"IdType":1,"Id":"NodeChange"}},"SourceNode":{"Value":{"Id":1003,"Namespace":"http://samples.org/UA/memorybuffer"}},"Time":{"Value":"2024-04-27T11:05:13.0293437Z"},"Change":{"Value":{"NodeId":{"Id":1003,"Namespace":"http://samples.org/UA/memorybuffer"},"NodeClass":"Variable_2","BrowseName":{"Name":"StartAddress","Uri":"http://samples.org/UA/memorybuffer"},"DisplayName":"StartAddress","RolePermissions":[],"UserRolePermissions":[],"References":[],"Value":null,"DataType":{"Id":7},"ValueRank":-1,"ArrayDimensions":[],"AccessLevel":1,"UserAccessLevel":1,"AccessLevelEx":1}}}}]}