{"MessageId":"781a06ee-3fb0-44ea-ab39-0b43f5554d22","MessageType":"ua-data","PublisherId":"DESKTOP-BGFJS91","DataSetWriterGroup":"<<UnknownWriterGroup>>","Messages":[{"SequenceNumber":495,"MetaDataVersion":{"MajorVersion":1},"Timestamp":"2024-04-27T11:05:13.033699Z","MessageType":"ua-event","DataSetWriterName":"<<UnknownDataSet>>","Payload":{"EventId":{"Value":"SH8uKyh4H0qL1i/WstXOag=="},"EventType":{"Value":{"IdType":1,"Id":"NodeChange"}},"SourceNode":{"Value":{"IdType":1,"Id":"UInt32[4]","Namespace":"http://samples.org/UA/memorybuffer/Instance"}},"Time":{"Value":"2024-04-27T11:05:13.0336974Z"},"Change":{"Value":{"NodeId":{"IdType":1,"Id":"UInt32[4]","Namespace":"http://samples.org/UA/memorybuffer/Instance"},"NodeClass":"Variable_2","BrowseName":{"Name":"00000004","Uri":"http://samples.org/UA/memorybuffer"},"DisplayName":"00000004","RolePermissions":[],"UserRolePermissions":[],"References":[],"Value":null,"DataType":{"Id":7},"ValueRank":-1,"ArrayDimensions":[],"AccessLevel":3,"UserAccessLevel":3,"MinimumSamplingInterval":1000,"AccessLevelEx":3}}}}]}