{"MessageId":"64c967fa-e789-4d4a-b5e5-53e4aa552a76","MessageType":"ua-data","PublisherId":"DESKTOP-BGFJS91","DataSetWriterGroup":"<<UnknownWriterGroup>>","Messages":[{"SequenceNumber":5,"MetaDataVersion":{"MajorVersion":1},"Timestamp":"2024-04-27T11:05:12.5237661Z","MessageType":"ua-event","DataSetWriterName":"<<UnknownDataSet>>","Payload":{"EventId":{"Value":"JDQWKUEwU0iDmKX9seZAnA=="},"EventType":{"Value":{"IdType":1,"Id":"ReferenceChange"}},"SourceNode":{"Value":{"Id":84}},"Time":{"Value":"2024-04-27T11:05:12.5237638Z"},"Change":{"Value":{"ReferenceTypeId":{"Id":35},"IsForward":true,"NodeId":{"Id":87},"BrowseName":{"Name":"Views"},"DisplayName":"Views","NodeClass":"Object_1","TypeDefinition":{"Id":61}}}}}]}