{"MessageId":"1a9614a5-119c-48f4-b6f9-b0cce79d1184","MessageType":"ua-data","PublisherId":"DESKTOP-BGFJS91","DataSetWriterGroup":"<<UnknownWriterGroup>>","Messages":[{"SequenceNumber":52,"MetaDataVersion":{"MajorVersion":1},"Timestamp":"2024-04-27T11:05:12.6192807Z","MessageType":"ua-event","DataSetWriterName":"<<UnknownDataSet>>","Payload":{"EventId":{"Value":"51DAt+rKNEeCnlqJQKu2ZA=="},"EventType":{"Value":{"IdType":1,"Id":"NodeChange"}},"SourceNode":{"Value":{"Id":439,"Namespace":"http://opcfoundation.org/UA/Views"}},"Time":{"Value":"2024-04-27T11:05:12.6192786Z"},"Change":{"Value":{"NodeId":{"Id":439,"Namespace":"http://opcfoundation.org/UA/Views"},"NodeClass":"View_128","BrowseName":{"Name":"Engineering","Uri":"http://opcfoundation.org/UA/Views"},"DisplayName":"Engineering","RolePermissions":[],"UserRolePermissions":[],"References":[]}}}}]}