{"MessageId":"7b5566f5-3abb-4268-a412-8a9e3cab5a96","MessageType":"ua-data","PublisherId":"DESKTOP-BGFJS91","DataSetWriterGroup":"<<UnknownWriterGroup>>","Messages":[{"SequenceNumber":59,"MetaDataVersion":{"MajorVersion":1},"Timestamp":"2024-04-27T11:05:12.6366281Z","MessageType":"ua-event","DataSetWriterName":"<<UnknownDataSet>>","Payload":{"EventId":{"Value":"X7asWYhdhE22qgc3g3cJ2w=="},"EventType":{"Value":{"IdType":1,"Id":"ReferenceChange"}},"SourceNode":{"Value":{"Id":2253}},"Time":{"Value":"2024-04-27T11:05:12.6366244Z"},"Change":{"Value":{"ReferenceTypeId":{"Id":46},"IsForward":true,"NodeId":{"Id":2254},"BrowseName":{"Name":"ServerArray"},"DisplayName":"ServerArray","NodeClass":"Variable_2","TypeDefinition":{"Id":68}}}}}]}