{"MessageId":"b1f4c521-2ef5-4d3f-8d2e-ab1bf6205107","MessageType":"ua-data","PublisherId":"DESKTOP-BGFJS91","DataSetWriterGroup":"<<UnknownWriterGroup>>","Messages":[{"SequenceNumber":64,"MetaDataVersion":{"MajorVersion":1},"Timestamp":"2024-04-27T11:05:12.6409301Z","MessageType":"ua-event","DataSetWriterName":"<<UnknownDataSet>>","Payload":{"EventId":{"Value":"MJLVJBuCm0Cy8tTKMW3CTw=="},"EventType":{"Value":{"IdType":1,"Id":"NodeChange"}},"SourceNode":{"Value":{"Id":15004}},"Time":{"Value":"2024-04-27T11:05:12.6409285Z"},"Change":{"Value":{"NodeId":{"Id":15004},"NodeClass":"Variable_2","BrowseName":{"Name":"UrisVersion"},"DisplayName":"UrisVersion","RolePermissions":[],"UserRolePermissions":[],"References":[],"Value":null,"DataType":{"Id":20998},"ValueRank":-1,"ArrayDimensions":[],"AccessLevel":1,"UserAccessLevel":1,"MinimumSamplingInterval":1000,"AccessLevelEx":1}}}}]}