{"MessageId":"be1b06fd-2e69-4737-a7e6-4062d54e3eda","MessageType":"ua-data","PublisherId":"DESKTOP-BGFJS91","DataSetWriterGroup":"<<UnknownWriterGroup>>","Messages":[{"SequenceNumber":72,"MetaDataVersion":{"MajorVersion":1},"Timestamp":"2024-04-27T11:05:12.6463525Z","MessageType":"ua-event","DataSetWriterName":"<<UnknownDataSet>>","Payload":{"EventId":{"Value":"wo6WeQJ68kCOasTefC7Ing=="},"EventType":{"Value":{"IdType":1,"Id":"NodeChange"}},"SourceNode":{"Value":{"Id":17634}},"Time":{"Value":"2024-04-27T11:05:12.6463434Z"},"Change":{"Value":{"NodeId":{"Id":17634},"NodeClass":"Variable_2","BrowseName":{"Name":"LocalTime"},"DisplayName":"LocalTime","RolePermissions":[],"UserRolePermissions":[],"References":[],"Value":null,"DataType":{"Id":8912},"ValueRank":-1,"ArrayDimensions":[],"AccessLevel":1,"UserAccessLevel":1,"MinimumSamplingInterval":1000,"AccessLevelEx":1}}}}]}