{"MessageId":"584832e1-dddc-429e-895b-af7e01e971dd","MessageType":"ua-data","PublisherId":"DESKTOP-BGFJS91","DataSetWriterGroup":"<<UnknownWriterGroup>>","Messages":[{"SequenceNumber":78,"MetaDataVersion":{"MajorVersion":1},"Timestamp":"2024-04-27T11:05:12.6501523Z","MessageType":"ua-event","DataSetWriterName":"<<UnknownDataSet>>","Payload":{"EventId":{"Value":"c2vKevF2G0OHaYmYFu5yXA=="},"EventType":{"Value":{"IdType":1,"Id":"NodeChange"}},"SourceNode":{"Value":{"Id":2295}},"Time":{"Value":"2024-04-27T11:05:12.6501507Z"},"Change":{"Value":{"NodeId":{"Id":2295},"NodeClass":"Object_1","BrowseName":{"Name":"VendorServerInfo"},"DisplayName":"VendorServerInfo","RolePermissions":[],"UserRolePermissions":[],"References":[]}}}}]}