{"MessageId":"78ded3ab-56cd-4b0c-aefb-b338be12b6c8","MessageType":"ua-data","PublisherId":"DESKTOP-BGFJS91","DataSetWriterGroup":"<<UnknownWriterGroup>>","Messages":[{"SequenceNumber":79,"MetaDataVersion":{"MajorVersion":1},"Timestamp":"2024-04-27T11:05:12.6503103Z","MessageType":"ua-event","DataSetWriterName":"<<UnknownDataSet>>","Payload":{"EventId":{"Value":"cy8rg4J66Eym6sEXkCWfcw=="},"EventType":{"Value":{"IdType":1,"Id":"ReferenceChange"}},"SourceNode":{"Value":{"Id":2253}},"Time":{"Value":"2024-04-27T11:05:12.6503095Z"},"Change":{"Value":{"ReferenceTypeId":{"Id":47},"IsForward":true,"NodeId":{"Id":2296},"BrowseName":{"Name":"ServerRedundancy"},"DisplayName":"ServerRedundancy","NodeClass":"Object_1","TypeDefinition":{"Id":2034}}}}}]}