{"MessageId":"dc9a9a8e-b935-41da-8a0e-b5b412c4313a","MessageType":"ua-data","PublisherId":"DESKTOP-BGFJS91","DataSetWriterGroup":"<<UnknownWriterGroup>>","Messages":[{"SequenceNumber":82,"MetaDataVersion":{"MajorVersion":1},"Timestamp":"2024-04-27T11:05:12.6528134Z","MessageType":"ua-event","DataSetWriterName":"<<UnknownDataSet>>","Payload":{"EventId":{"Value":"vXmeNrJWkEmytMUm1WsWNw=="},"EventType":{"Value":{"IdType":1,"Id":"NodeChange"}},"SourceNode":{"Value":{"Id":11715}},"Time":{"Value":"2024-04-27T11:05:12.6528067Z"},"Change":{"Value":{"NodeId":{"Id":11715},"NodeClass":"Object_1","BrowseName":{"Name":"Namespaces"},"DisplayName":"Namespaces","RolePermissions":[],"UserRolePermissions":[],"References":[]}}}}]}