{"MessageId":"743fd878-409d-4054-bc3e-864c82809636","MessageType":"ua-data","PublisherId":"DESKTOP-BGFJS91","DataSetWriterGroup":"<<UnknownWriterGroup>>","Messages":[{"SequenceNumber":9,"MetaDataVersion":{"MajorVersion":1},"Timestamp":"2024-04-27T11:05:12.5337001Z","MessageType":"ua-event","DataSetWriterName":"<<UnknownDataSet>>","Payload":{"EventId":{"Value":"HttBIdU4F0a5PK/G0SAB/w=="},"EventType":{"Value":{"IdType":1,"Id":"ReferenceChange"}},"SourceNode":{"Value":{"Id":85}},"Time":{"Value":"2024-04-27T11:05:12.5336967Z"},"Change":{"Value":{"ReferenceTypeId":{"Id":35},"IsForward":true,"NodeId":{"Id":23470},"BrowseName":{"Name":"Aliases"},"DisplayName":"Aliases","NodeClass":"Object_1","TypeDefinition":{"Id":23456}}}}}]}