{"MessageId":"9696fa82-2a79-49d0-966d-d271b7f2556e","MessageType":"ua-data","PublisherId":"DESKTOP-BGFJS91","DataSetWriterGroup":"<<UnknownWriterGroup>>","Messages":[{"SequenceNumber":91,"MetaDataVersion":{"MajorVersion":1},"Timestamp":"2024-04-27T11:05:12.6596837Z","MessageType":"ua-event","DataSetWriterName":"<<UnknownDataSet>>","Payload":{"EventId":{"Value":"HlYWP7YcQkCXCVmW21aCqw=="},"EventType":{"Value":{"IdType":1,"Id":"ReferenceChange"}},"SourceNode":{"Value":{"Id":2253}},"Time":{"Value":"2024-04-27T11:05:12.6596824Z"},"Change":{"Value":{"ReferenceTypeId":{"Id":35},"IsForward":true,"NodeId":{"Id":32530},"BrowseName":{"Name":"Quantities"},"DisplayName":"Quantities","NodeClass":"Object_1","TypeDefinition":{"Id":32502}}}}}]}