{"MessageId":"90695062-fa35-4336-8853-2ef4f862d96c","MessageType":"ua-data","PublisherId":"DESKTOP-BGFJS91","DataSetWriterGroup":"<<UnknownWriterGroup>>","Messages":[{"SequenceNumber":96,"MetaDataVersion":{"MajorVersion":1},"Timestamp":"2024-04-27T11:05:12.6635421Z","MessageType":"ua-event","DataSetWriterName":"<<UnknownDataSet>>","Payload":{"EventId":{"Value":"suDojV/Ep0SnJHKLJ+zvnw=="},"EventType":{"Value":{"IdType":1,"Id":"NodeChange"}},"SourceNode":{"Value":{"Id":32754}},"Time":{"Value":"2024-04-27T11:05:12.6635405Z"},"Change":{"Value":{"NodeId":{"Id":32754},"NodeClass":"Object_1","BrowseName":{"Name":"DefaultHEConfiguration"},"DisplayName":"DefaultHEConfiguration","RolePermissions":[],"UserRolePermissions":[],"References":[]}}}}]}