{"MessageId":"c0fd4591-c2ae-46d0-a0c1-7d7acd4c699f","MessageType":"ua-data","PublisherId":"DESKTOP-BGFJS91","DataSetWriterGroup":"<<UnknownWriterGroup>>","Messages":[{"SequenceNumber":98,"MetaDataVersion":{"MajorVersion":1},"Timestamp":"2024-04-27T11:05:12.6648867Z","MessageType":"ua-event","DataSetWriterName":"<<UnknownDataSet>>","Payload":{"EventId":{"Value":"avWHvtog3kCzRdoVYGPNxg=="},"EventType":{"Value":{"IdType":1,"Id":"NodeChange"}},"SourceNode":{"Value":{"Id":14443}},"Time":{"Value":"2024-04-27T11:05:12.6648847Z"},"Change":{"Value":{"NodeId":{"Id":14443},"NodeClass":"Object_1","BrowseName":{"Name":"PublishSubscribe"},"DisplayName":"PublishSubscribe","RolePermissions":[],"UserRolePermissions":[],"References":[]}}}}]}