{"MessageId":"26b9d064-4e27-4e02-bcc4-cb37a32f24f7","MessageType":"ua-data","PublisherId":"DESKTOP-BGFJS91","DataSetWriterGroup":"Assembly","Messages":[{"DataSetWriterId":1,"SequenceNumber":1,"MetaDataVersion":{"MajorVersion":1},"Timestamp":"2024-04-26T12:03:31.5494015Z","MessageType":"ua-deltaframe","DataSetWriterName":"<<UnknownDataSet>>","Payload":{"nsu=http://opcfoundation.org/UA/Plc/Applications;s=SlowUIntScalar1":{"Value":{"Type":7,"Body":1},"SourceTimestamp":"2024-04-26T12:03:29.8898392Z","ServerTimestamp":"2024-04-26T12:03:29.8898426Z"},"nsu=http://opcfoundation.org/UA/Plc/Applications;s=SlowUIntScalar2":{"Value":{"Type":7,"Body":1},"SourceTimestamp":"2024-04-26T12:03:29.8898517Z","ServerTimestamp":"2024-04-26T12:03:29.8898523Z"},"nsu=http://opcfoundation.org/UA/Plc/Applications;s=SlowUIntScalar3":{"Value":{"Type":7,"Body":1},"SourceTimestamp":"2024-04-26T12:03:29.8898533Z","ServerTimestamp":"2024-04-26T12:03:29.8898538Z"},"nsu=http://opcfoundation.org/UA/Plc/Applications;s=BadSlowUIntScalar1":{"Value":{"Type":7,"Body":1},"SourceTimestamp":"2024-04-26T12:03:29.889855Z","ServerTimestamp":"2024-04-26T12:03:29.8898554Z"}}}]}