{"MessageId":"f6c45f73-819f-4691-9515-e9b9f6121d19","MessageType":"ua-data","PublisherId":"DESKTOP-BGFJS91","DataSetWriterGroup":"Assembly","Messages":[{"SequenceNumber":15,"MetaDataVersion":{"MajorVersion":1},"Timestamp":"2024-04-26T12:04:40.4251078Z","MessageType":"ua-deltaframe","DataSetWriterName":"<<UnknownDataSet>>","Payload":{"nsu=http://opcfoundation.org/UA/Plc/Applications;s=NegativeTrendData":{"Value":{"Type":11,"Body":98.599999999999994},"SourceTimestamp":"2024-04-26T12:04:39.9857005Z","ServerTimestamp":"2024-04-26T12:04:39.9857011Z"},"nsu=http://opcfoundation.org/UA/Plc/Applications;s=PositiveTrendData":{"Value":{"Type":11,"Body":100.7},"SourceTimestamp":"2024-04-26T12:04:39.9857019Z","ServerTimestamp":"2024-04-26T12:04:39.9857038Z"}}}]}