{"MessageId":"26a4d811-3370-4ba5-9d0a-d75a920ee62e","MessageType":"ua-data","PublisherId":"DESKTOP-BGFJS91","DataSetWriterGroup":"Assembly","Messages":[{"DataSetWriterId":1,"SequenceNumber":8,"MetaDataVersion":{"MajorVersion":1},"Timestamp":"2024-04-26T12:04:41.5562275Z","MessageType":"ua-deltaframe","DataSetWriterName":"<<UnknownDataSet>>","Payload":{"nsu=http://opcfoundation.org/UA/Plc/Applications;s=SlowUIntScalar1":{"Value":{"Type":7,"Body":8},"SourceTimestamp":"2024-04-26T12:04:39.8914524Z","ServerTimestamp":"2024-04-26T12:04:39.8914552Z"},"nsu=http://opcfoundation.org/UA/Plc/Applications;s=SlowUIntScalar2":{"Value":{"Type":7,"Body":8},"SourceTimestamp":"2024-04-26T12:04:39.8914625Z","ServerTimestamp":"2024-04-26T12:04:39.8914631Z"},"nsu=http://opcfoundation.org/UA/Plc/Applications;s=SlowUIntScalar3":{"Value":{"Type":7,"Body":8},"SourceTimestamp":"2024-04-26T12:04:39.8914646Z","ServerTimestamp":"2024-04-26T12:04:39.8914651Z"},"nsu=http://opcfoundation.org/UA/Plc/Applications;s=BadSlowUIntScalar1":{"Value":{"Type":7,"Body":8},"StatusCode":1083179008,"SourceTimestamp":"2024-04-26T12:04:39.8914668Z","ServerTimestamp":"2024-04-26T12:04:39.8914677Z"}}}]}