{"MessageId":"4fb218e0-d4a2-4f17-a800-373be8524bc4","MessageType":"ua-data","PublisherId":"DESKTOP-BGFJS91","DataSetWriterGroup":"Assembly","Messages":[{"DataSetWriterId":1,"SequenceNumber":9,"MetaDataVersion":{"MajorVersion":1},"Timestamp":"2024-04-26T12:04:51.5986815Z","MessageType":"ua-deltaframe","DataSetWriterName":"<<UnknownDataSet>>","Payload":{"nsu=http://opcfoundation.org/UA/Plc/Applications;s=SlowUIntScalar1":{"Value":{"Type":7,"Body":9},"SourceTimestamp":"2024-04-26T12:04:49.8855293Z","ServerTimestamp":"2024-04-26T12:04:49.8855327Z"},"nsu=http://opcfoundation.org/UA/Plc/Applications;s=SlowUIntScalar2":{"Value":{"Type":7,"Body":9},"SourceTimestamp":"2024-04-26T12:04:49.8855411Z","ServerTimestamp":"2024-04-26T12:04:49.8855421Z"},"nsu=http://opcfoundation.org/UA/Plc/Applications;s=SlowUIntScalar3":{"Value":{"Type":7,"Body":9},"SourceTimestamp":"2024-04-26T12:04:49.8855433Z","ServerTimestamp":"2024-04-26T12:04:49.8855439Z"},"nsu=http://opcfoundation.org/UA/Plc/Applications;s=BadSlowUIntScalar1":{"Value":{"Body":null},"StatusCode":2157772800,"SourceTimestamp":"2024-04-26T12:04:49.8855465Z","ServerTimestamp":"2024-04-26T12:04:49.8855465Z"}}}]}