{"MessageId":"0112b8f1-7e33-4d68-8510-70f162243212","MessageType":"ua-data","PublisherId":"DESKTOP-BGFJS91","DataSetWriterGroup":"Assembly","Messages":[{"SequenceNumber":18,"MetaDataVersion":{"MajorVersion":1},"Timestamp":"2024-04-26T12:04:55.4217263Z","MessageType":"ua-deltaframe","DataSetWriterName":"<<UnknownDataSet>>","Payload":{"nsu=http://opcfoundation.org/UA/Plc/Applications;s=NegativeTrendData":{"Value":{"Type":11,"Body":98.299999999999997},"SourceTimestamp":"2024-04-26T12:04:54.990099Z","ServerTimestamp":"2024-04-26T12:04:54.9901027Z"},"nsu=http://opcfoundation.org/UA/Plc/Applications;s=PositiveTrendData":{"Value":{"Type":11,"Body":101},"SourceTimestamp":"2024-04-26T12:04:54.9901024Z","ServerTimestamp":"2024-04-26T12:04:54.9901086Z"}}}]}