{"MessageId":"f1d29f9c-33e1-4ee3-8b0c-2128e929bda8","MessageType":"ua-data","PublisherId":"DESKTOP-BGFJS91","DataSetWriterGroup":"Assembly","Messages":[{"DataSetWriterId":1,"SequenceNumber":10,"MetaDataVersion":{"MajorVersion":1},"Timestamp":"2024-04-26T12:05:01.5778218Z","MessageType":"ua-deltaframe","DataSetWriterName":"<<UnknownDataSet>>","Payload":{"nsu=http://opcfoundation.org/UA/Plc/Applications;s=SlowUIntScalar1":{"Value":{"Type":7,"Body":10},"SourceTimestamp":"2024-04-26T12:04:59.8853775Z","ServerTimestamp":"2024-04-26T12:04:59.8853804Z"},"nsu=http://opcfoundation.org/UA/Plc/Applications;s=SlowUIntScalar2":{"Value":{"Type":7,"Body":10},"SourceTimestamp":"2024-04-26T12:04:59.88539Z","ServerTimestamp":"2024-04-26T12:04:59.8853905Z"},"nsu=http://opcfoundation.org/UA/Plc/Applications;s=SlowUIntScalar3":{"Value":{"Type":7,"Body":10},"SourceTimestamp":"2024-04-26T12:04:59.8853919Z","ServerTimestamp":"2024-04-26T12:04:59.8853925Z"},"nsu=http://opcfoundation.org/UA/Plc/Applications;s=BadSlowUIntScalar1":{"Value":{"Body":null},"StatusCode":2150694912,"SourceTimestamp":"2024-04-26T12:04:59.885395Z","ServerTimestamp":"2024-04-26T12:04:59.8853951Z"}}}]}