{"MessageId":"01e1749c-d671-454d-880a-7fd5854ae67e","MessageType":"ua-data","PublisherId":"DESKTOP-BGFJS91","DataSetWriterGroup":"Assembly","Messages":[{"DataSetWriterId":1,"SequenceNumber":11,"MetaDataVersion":{"MajorVersion":1},"Timestamp":"2024-04-26T12:05:11.5586282Z","MessageType":"ua-deltaframe","DataSetWriterName":"<<UnknownDataSet>>","Payload":{"nsu=http://opcfoundation.org/UA/Plc/Applications;s=SlowUIntScalar1":{"Value":{"Type":7,"Body":11},"SourceTimestamp":"2024-04-26T12:05:09.8766088Z","ServerTimestamp":"2024-04-26T12:05:09.8766116Z"},"nsu=http://opcfoundation.org/UA/Plc/Applications;s=SlowUIntScalar2":{"Value":{"Type":7,"Body":11},"SourceTimestamp":"2024-04-26T12:05:09.8766193Z","ServerTimestamp":"2024-04-26T12:05:09.8766209Z"},"nsu=http://opcfoundation.org/UA/Plc/Applications;s=SlowUIntScalar3":{"Value":{"Type":7,"Body":11},"SourceTimestamp":"2024-04-26T12:05:09.8766218Z","ServerTimestamp":"2024-04-26T12:05:09.8766222Z"},"nsu=http://opcfoundation.org/UA/Plc/Applications;s=BadSlowUIntScalar1":{"Value":{"Type":7,"Body":1},"SourceTimestamp":"2024-04-26T12:05:09.8766231Z","ServerTimestamp":"2024-04-26T12:05:09.8766235Z"}}}]}