{"DataSetWriterId":1,"SequenceNumber":30,"MetaDataVersion":{"MajorVersion":1},"Timestamp":"2024-04-27T16:24:49.6236743Z","MessageType":"ua-deltaframe","DataSetWriterName":"Test","Payload":{"nsu=http://opcfoundation.org/UA/Plc/Applications;s=FastUIntScalar2":{"Value":34,"SourceTimestamp":"2024-04-27T16:24:48.6761411Z","ServerTimestamp":"2024-04-27T16:24:48.6761432Z"},"nsu=http://opcfoundation.org/UA/Plc/Applications;s=FastUIntScalar3":{"Value":34,"SourceTimestamp":"2024-04-27T16:24:48.6761444Z","ServerTimestamp":"2024-04-27T16:24:48.6761453Z"},"nsu=http://opcfoundation.org/UA/Plc/Applications;s=FastRandomUIntScalar1":{"Value":842681255,"SourceTimestamp":"2024-04-27T16:24:48.6761356Z","ServerTimestamp":"2024-04-27T16:24:48.676141Z"},"nsu=http://opcfoundation.org/UA/Plc/Applications;s=FastRandomUIntScalar2":{"Value":3423188691,"SourceTimestamp":"2024-04-27T16:24:48.6761432Z","ServerTimestamp":"2024-04-27T16:24:48.6761443Z"},"nsu=http://opcfoundation.org/UA/Plc/Applications;s=FastRandomUIntScalar3":{"Value":4142327525,"SourceTimestamp":"2024-04-27T16:24:48.6761454Z","ServerTimestamp":"2024-04-27T16:24:48.6761463Z"}}}