{"SequenceNumber":34,"MetaDataVersion":{"MajorVersion":1},"Timestamp":"2024-04-27T16:24:53.5759915Z","MessageType":"ua-deltaframe","DataSetWriterName":"MES","Payload":{"nsu=http://opcfoundation.org/UA/Plc/Applications;s=StepUp":{"Value":388,"SourceTimestamp":"2024-04-27T16:24:53.484234Z","ServerTimestamp":"2024-04-27T16:24:53.4842424Z"},"nsu=http://opcfoundation.org/UA/Plc/Applications;s=RandomSignedInt32":{"Value":1265673978,"SourceTimestamp":"2024-04-27T16:24:53.4842308Z","ServerTimestamp":"2024-04-27T16:24:53.4842382Z"},"nsu=http://opcfoundation.org/UA/Plc/Applications;s=RandomUnsignedInt32":{"Value":122641094,"SourceTimestamp":"2024-04-27T16:24:53.4842205Z","ServerTimestamp":"2024-04-27T16:24:53.4842348Z"},"nsu=http://opcfoundation.org/UA/Plc/Applications;s=DipData":{"Value":99.80267284282715,"SourceTimestamp":"2024-04-27T16:24:53.4842206Z","ServerTimestamp":"2024-04-27T16:24:53.4842294Z"},"nsu=http://opcfoundation.org/UA/Plc/Applications;s=FastUIntScalar1":{"Value":38,"SourceTimestamp":"2024-04-27T16:24:52.6851723Z","ServerTimestamp":"2024-04-27T16:24:52.6851744Z"}}}