{"DataSetWriterId":1,"SequenceNumber":33,"MetaDataVersion":{"MajorVersion":1},"Timestamp":"2024-04-27T16:24:53.6370223Z","MessageType":"ua-deltaframe","DataSetWriterName":"Test","Payload":{"nsu=http://opcfoundation.org/UA/Plc/Applications;s=FastUIntScalar2":{"Value":38,"SourceTimestamp":"2024-04-27T16:24:52.685186Z","ServerTimestamp":"2024-04-27T16:24:52.6851932Z"},"nsu=http://opcfoundation.org/UA/Plc/Applications;s=FastUIntScalar3":{"Value":38,"SourceTimestamp":"2024-04-27T16:24:52.685195Z","ServerTimestamp":"2024-04-27T16:24:52.6851968Z"},"nsu=http://opcfoundation.org/UA/Plc/Applications;s=FastRandomUIntScalar1":{"Value":1502466595,"SourceTimestamp":"2024-04-27T16:24:52.6851736Z","ServerTimestamp":"2024-04-27T16:24:52.6851868Z"},"nsu=http://opcfoundation.org/UA/Plc/Applications;s=FastRandomUIntScalar2":{"Value":1098250434,"SourceTimestamp":"2024-04-27T16:24:52.6851933Z","ServerTimestamp":"2024-04-27T16:24:52.685195Z"},"nsu=http://opcfoundation.org/UA/Plc/Applications;s=FastRandomUIntScalar3":{"Value":1572605786,"SourceTimestamp":"2024-04-27T16:24:52.6851969Z","ServerTimestamp":"2024-04-27T16:24:52.685198Z"}}}