{"DataSetWriterId":1,"SequenceNumber":34,"MetaDataVersion":{"MajorVersion":1},"Timestamp":"2024-04-27T16:24:54.6255846Z","MessageType":"ua-deltaframe","DataSetWriterName":"Test","Payload":{"nsu=http://opcfoundation.org/UA/Plc/Applications;s=FastUIntScalar2":{"Value":39,"SourceTimestamp":"2024-04-27T16:24:53.6835762Z","ServerTimestamp":"2024-04-27T16:24:53.6835768Z"},"nsu=http://opcfoundation.org/UA/Plc/Applications;s=FastUIntScalar3":{"Value":39,"SourceTimestamp":"2024-04-27T16:24:53.6835783Z","ServerTimestamp":"2024-04-27T16:24:53.6835789Z"},"nsu=http://opcfoundation.org/UA/Plc/Applications;s=FastRandomUIntScalar1":{"Value":3345199229,"SourceTimestamp":"2024-04-27T16:24:53.6835834Z","ServerTimestamp":"2024-04-27T16:24:53.6835854Z"},"nsu=http://opcfoundation.org/UA/Plc/Applications;s=FastRandomUIntScalar2":{"Value":2347207432,"SourceTimestamp":"2024-04-27T16:24:53.6835912Z","ServerTimestamp":"2024-04-27T16:24:53.6835919Z"},"nsu=http://opcfoundation.org/UA/Plc/Applications;s=FastRandomUIntScalar3":{"Value":2848341405,"SourceTimestamp":"2024-04-27T16:24:53.6835929Z","ServerTimestamp":"2024-04-27T16:24:53.6835933Z"}}}