{"DataSetWriterId":4,"SequenceNumber":4,"MetaDataVersion":{"MajorVersion":1},"Timestamp":"2024-04-27T16:24:55.7381538Z","MessageType":"ua-deltaframe","DataSetWriterName":"Packaging","Payload":{"nsu=http://opcfoundation.org/UA/Plc/Applications;s=SlowRandomUIntScalar1":{"Value":970942669,"SourceTimestamp":"2024-04-27T16:24:54.6867302Z","ServerTimestamp":"2024-04-27T16:24:54.6867569Z"},"nsu=http://opcfoundation.org/UA/Plc/Applications;s=SlowRandomUIntScalar2":{"Value":2759568007,"SourceTimestamp":"2024-04-27T16:24:54.6867603Z","ServerTimestamp":"2024-04-27T16:24:54.6867608Z"},"nsu=http://opcfoundation.org/UA/Plc/Applications;s=SlowRandomUIntScalar3":{"Value":3277577631,"SourceTimestamp":"2024-04-27T16:24:54.6867625Z","ServerTimestamp":"2024-04-27T16:24:54.6867635Z"},"nsu=http://opcfoundation.org/UA/Plc/Applications;s=BadSlowRandomUIntScalar1":{"Value":2903123006,"StatusCode":{"Symbol":"UncertainLastUsableValue","Code":1083179008},"SourceTimestamp":"2024-04-27T16:24:54.6867647Z","ServerTimestamp":"2024-04-27T16:24:54.6867721Z"}}}