{"DataSetWriterId":1,"SequenceNumber":36,"MetaDataVersion":{"MajorVersion":1},"Timestamp":"2024-04-27T16:24:56.6521867Z","MessageType":"ua-deltaframe","DataSetWriterName":"Test","Payload":{"nsu=http://opcfoundation.org/UA/Plc/Applications;s=FastUIntScalar2":{"Value":41,"SourceTimestamp":"2024-04-27T16:24:55.6758974Z","ServerTimestamp":"2024-04-27T16:24:55.6758988Z"},"nsu=http://opcfoundation.org/UA/Plc/Applications;s=FastUIntScalar3":{"Value":41,"SourceTimestamp":"2024-04-27T16:24:55.6759003Z","ServerTimestamp":"2024-04-27T16:24:55.6759012Z"},"nsu=http://opcfoundation.org/UA/Plc/Applications;s=FastRandomUIntScalar1":{"Value":4288018608,"SourceTimestamp":"2024-04-27T16:24:55.675881Z","ServerTimestamp":"2024-04-27T16:24:55.675883Z"},"nsu=http://opcfoundation.org/UA/Plc/Applications;s=FastRandomUIntScalar2":{"Value":3959379397,"SourceTimestamp":"2024-04-27T16:24:55.6758913Z","ServerTimestamp":"2024-04-27T16:24:55.6758973Z"},"nsu=http://opcfoundation.org/UA/Plc/Applications;s=FastRandomUIntScalar3":{"Value":4185678667,"SourceTimestamp":"2024-04-27T16:24:55.6758987Z","ServerTimestamp":"2024-04-27T16:24:55.6759002Z"}}}