{"DataSetWriterId":1,"SequenceNumber":4,"MetaDataVersion":{"MajorVersion":1},"Timestamp":"2024-04-27T16:24:20.6311181Z","MessageType":"ua-deltaframe","DataSetWriterName":"Test","Payload":{"nsu=http://opcfoundation.org/UA/Plc/Applications;s=FastUIntScalar2":{"Value":5,"SourceTimestamp":"2024-04-27T16:24:19.6886179Z","ServerTimestamp":"2024-04-27T16:24:19.6886307Z"},"nsu=http://opcfoundation.org/UA/Plc/Applications;s=FastUIntScalar3":{"Value":5,"SourceTimestamp":"2024-04-27T16:24:19.6886336Z","ServerTimestamp":"2024-04-27T16:24:19.6886362Z"},"nsu=http://opcfoundation.org/UA/Plc/Applications;s=FastRandomUIntScalar1":{"Value":4283546024,"SourceTimestamp":"2024-04-27T16:24:19.6885869Z","ServerTimestamp":"2024-04-27T16:24:19.6886181Z"},"nsu=http://opcfoundation.org/UA/Plc/Applications;s=FastRandomUIntScalar2":{"Value":938590342,"SourceTimestamp":"2024-04-27T16:24:19.6886297Z","ServerTimestamp":"2024-04-27T16:24:19.6886341Z"},"nsu=http://opcfoundation.org/UA/Plc/Applications;s=FastRandomUIntScalar3":{"Value":3481457097,"SourceTimestamp":"2024-04-27T16:24:19.6886357Z","ServerTimestamp":"2024-04-27T16:24:19.6886388Z"}}}