{"SequenceNumber":44,"MetaDataVersion":{"MajorVersion":1},"Timestamp":"2024-04-27T16:25:04.5607618Z","MessageType":"ua-deltaframe","DataSetWriterName":"MES","Payload":{"nsu=http://opcfoundation.org/UA/Plc/Applications;s=StepUp":{"Value":498,"SourceTimestamp":"2024-04-27T16:25:04.484572Z","ServerTimestamp":"2024-04-27T16:25:04.4845798Z"},"nsu=http://opcfoundation.org/UA/Plc/Applications;s=RandomSignedInt32":{"Value":-967717455,"SourceTimestamp":"2024-04-27T16:25:04.4845588Z","ServerTimestamp":"2024-04-27T16:25:04.4845701Z"},"nsu=http://opcfoundation.org/UA/Plc/Applications;s=RandomUnsignedInt32":{"Value":1024566718,"SourceTimestamp":"2024-04-27T16:25:04.48456Z","ServerTimestamp":"2024-04-27T16:25:04.4845645Z"},"nsu=http://opcfoundation.org/UA/Plc/Applications;s=DipData":{"Value":36.812455268467801,"SourceTimestamp":"2024-04-27T16:25:04.4845718Z","ServerTimestamp":"2024-04-27T16:25:04.4845825Z"},"nsu=http://opcfoundation.org/UA/Plc/Applications;s=FastUIntScalar1":{"Value":49,"SourceTimestamp":"2024-04-27T16:25:03.6809537Z","ServerTimestamp":"2024-04-27T16:25:03.6809586Z"}}}