{"DataSetWriterId":1,"SequenceNumber":44,"MetaDataVersion":{"MajorVersion":1},"Timestamp":"2024-04-27T16:25:05.6150146Z","MessageType":"ua-deltaframe","DataSetWriterName":"Test","Payload":{"nsu=http://opcfoundation.org/UA/Plc/Applications;s=FastUIntScalar2":{"Value":50,"SourceTimestamp":"2024-04-27T16:25:04.6845644Z","ServerTimestamp":"2024-04-27T16:25:04.6845672Z"},"nsu=http://opcfoundation.org/UA/Plc/Applications;s=FastUIntScalar3":{"Value":50,"SourceTimestamp":"2024-04-27T16:25:04.6845692Z","ServerTimestamp":"2024-04-27T16:25:04.6845721Z"},"nsu=http://opcfoundation.org/UA/Plc/Applications;s=FastRandomUIntScalar1":{"Value":4246512764,"SourceTimestamp":"2024-04-27T16:25:04.6845614Z","ServerTimestamp":"2024-04-27T16:25:04.6845643Z"},"nsu=http://opcfoundation.org/UA/Plc/Applications;s=FastRandomUIntScalar2":{"Value":646374467,"SourceTimestamp":"2024-04-27T16:25:04.6845669Z","ServerTimestamp":"2024-04-27T16:25:04.6845696Z"},"nsu=http://opcfoundation.org/UA/Plc/Applications;s=FastRandomUIntScalar3":{"Value":501096326,"SourceTimestamp":"2024-04-27T16:25:04.6845716Z","ServerTimestamp":"2024-04-27T16:25:04.6845743Z"}}}