{"SequenceNumber":46,"MetaDataVersion":{"MajorVersion":1},"Timestamp":"2024-04-27T16:25:06.5393099Z","MessageType":"ua-deltaframe","DataSetWriterName":"MES","Payload":{"nsu=http://opcfoundation.org/UA/Plc/Applications;s=StepUp":{"Value":518,"SourceTimestamp":"2024-04-27T16:25:06.4774617Z","ServerTimestamp":"2024-04-27T16:25:06.4774662Z"},"nsu=http://opcfoundation.org/UA/Plc/Applications;s=RandomSignedInt32":{"Value":-14202456,"SourceTimestamp":"2024-04-27T16:25:06.47745Z","ServerTimestamp":"2024-04-27T16:25:06.4774588Z"},"nsu=http://opcfoundation.org/UA/Plc/Applications;s=RandomUnsignedInt32":{"Value":1909230007,"SourceTimestamp":"2024-04-27T16:25:06.4774494Z","ServerTimestamp":"2024-04-27T16:25:06.4774621Z"},"nsu=http://opcfoundation.org/UA/Plc/Applications;s=DipData":{"Value":-84.432792550201526,"SourceTimestamp":"2024-04-27T16:25:06.477444Z","ServerTimestamp":"2024-04-27T16:25:06.4774451Z"},"nsu=http://opcfoundation.org/UA/Plc/Applications;s=FastUIntScalar1":{"Value":51,"SourceTimestamp":"2024-04-27T16:25:05.6764359Z","ServerTimestamp":"2024-04-27T16:25:05.6764392Z"}}}