{"SequenceNumber":48,"MetaDataVersion":{"MajorVersion":1},"Timestamp":"2024-04-27T16:25:09.5703557Z","MessageType":"ua-deltaframe","DataSetWriterName":"MES","Payload":{"nsu=http://opcfoundation.org/UA/Plc/Applications;s=StepUp":{"Value":548,"SourceTimestamp":"2024-04-27T16:25:09.47729Z","ServerTimestamp":"2024-04-27T16:25:09.4772938Z"},"nsu=http://opcfoundation.org/UA/Plc/Applications;s=RandomSignedInt32":{"Value":-1259320547,"SourceTimestamp":"2024-04-27T16:25:09.4772974Z","ServerTimestamp":"2024-04-27T16:25:09.4772986Z"},"nsu=http://opcfoundation.org/UA/Plc/Applications;s=RandomUnsignedInt32":{"Value":1559613425,"SourceTimestamp":"2024-04-27T16:25:09.4772834Z","ServerTimestamp":"2024-04-27T16:25:09.4772888Z"},"nsu=http://opcfoundation.org/UA/Plc/Applications;s=DipData":{"Value":36.812455268467801,"SourceTimestamp":"2024-04-27T16:25:09.4772833Z","ServerTimestamp":"2024-04-27T16:25:09.4772867Z"},"nsu=http://opcfoundation.org/UA/Plc/Applications;s=FastUIntScalar1":{"Value":54,"SourceTimestamp":"2024-04-27T16:25:08.6879317Z","ServerTimestamp":"2024-04-27T16:25:08.6879353Z"}}}