{"DataSetWriterId":1,"SequenceNumber":48,"MetaDataVersion":{"MajorVersion":1},"Timestamp":"2024-04-27T16:25:09.6332269Z","MessageType":"ua-deltaframe","DataSetWriterName":"Test","Payload":{"nsu=http://opcfoundation.org/UA/Plc/Applications;s=FastUIntScalar2":{"Value":54,"SourceTimestamp":"2024-04-27T16:25:08.6879512Z","ServerTimestamp":"2024-04-27T16:25:08.6879656Z"},"nsu=http://opcfoundation.org/UA/Plc/Applications;s=FastUIntScalar3":{"Value":54,"SourceTimestamp":"2024-04-27T16:25:08.6879684Z","ServerTimestamp":"2024-04-27T16:25:08.6879723Z"},"nsu=http://opcfoundation.org/UA/Plc/Applications;s=FastRandomUIntScalar1":{"Value":2231124645,"SourceTimestamp":"2024-04-27T16:25:08.6879388Z","ServerTimestamp":"2024-04-27T16:25:08.6879526Z"},"nsu=http://opcfoundation.org/UA/Plc/Applications;s=FastRandomUIntScalar2":{"Value":602729989,"SourceTimestamp":"2024-04-27T16:25:08.6879656Z","ServerTimestamp":"2024-04-27T16:25:08.6879691Z"},"nsu=http://opcfoundation.org/UA/Plc/Applications;s=FastRandomUIntScalar3":{"Value":1894283542,"SourceTimestamp":"2024-04-27T16:25:08.6879714Z","ServerTimestamp":"2024-04-27T16:25:08.6879755Z"}}}