{"SequenceNumber":49,"MetaDataVersion":{"MajorVersion":1},"Timestamp":"2024-04-27T16:25:10.5603377Z","MessageType":"ua-deltaframe","DataSetWriterName":"MES","Payload":{"nsu=http://opcfoundation.org/UA/Plc/Applications;s=StepUp":{"Value":558,"SourceTimestamp":"2024-04-27T16:25:10.4822476Z","ServerTimestamp":"2024-04-27T16:25:10.4822522Z"},"nsu=http://opcfoundation.org/UA/Plc/Applications;s=AlternatingBoolean":{"Value":false,"SourceTimestamp":"2024-04-27T16:25:09.7882147Z","ServerTimestamp":"2024-04-27T16:25:09.7882175Z"},"nsu=http://opcfoundation.org/UA/Plc/Applications;s=RandomSignedInt32":{"Value":-2033579552,"SourceTimestamp":"2024-04-27T16:25:10.4822179Z","ServerTimestamp":"2024-04-27T16:25:10.4822895Z"},"nsu=http://opcfoundation.org/UA/Plc/Applications;s=RandomUnsignedInt32":{"Value":1709257522,"SourceTimestamp":"2024-04-27T16:25:10.4822144Z","ServerTimestamp":"2024-04-27T16:25:10.4822477Z"},"nsu=http://opcfoundation.org/UA/Plc/Applications;s=DipData":{"Value":-77.0513242775789,"SourceTimestamp":"2024-04-27T16:25:10.4822173Z","ServerTimestamp":"2024-04-27T16:25:10.4822669Z"},"nsu=http://opcfoundation.org/UA/Plc/Applications;s=FastUIntScalar1":{"Value":55,"SourceTimestamp":"2024-04-27T16:25:09.6791651Z","ServerTimestamp":"2024-04-27T16:25:09.6791662Z"}}}