{"SequenceNumber":51,"MetaDataVersion":{"MajorVersion":1},"Timestamp":"2024-04-27T16:25:12.5373247Z","MessageType":"ua-deltaframe","DataSetWriterName":"MES","Payload":{"nsu=http://opcfoundation.org/UA/Plc/Applications;s=StepUp":{"Value":578,"SourceTimestamp":"2024-04-27T16:25:12.4893021Z","ServerTimestamp":"2024-04-27T16:25:12.4893096Z"},"nsu=http://opcfoundation.org/UA/Plc/Applications;s=RandomSignedInt32":{"Value":1160238148,"SourceTimestamp":"2024-04-27T16:25:12.4892922Z","ServerTimestamp":"2024-04-27T16:25:12.4893067Z"},"nsu=http://opcfoundation.org/UA/Plc/Applications;s=RandomUnsignedInt32":{"Value":1813354836,"SourceTimestamp":"2024-04-27T16:25:12.4892981Z","ServerTimestamp":"2024-04-27T16:25:12.4893017Z"},"nsu=http://opcfoundation.org/UA/Plc/Applications;s=DipData":{"Value":24.868988716485482,"SourceTimestamp":"2024-04-27T16:25:12.4892877Z","ServerTimestamp":"2024-04-27T16:25:12.4892895Z"},"nsu=http://opcfoundation.org/UA/Plc/Applications;s=FastUIntScalar1":{"Value":57,"SourceTimestamp":"2024-04-27T16:25:11.6874448Z","ServerTimestamp":"2024-04-27T16:25:11.6874469Z"}}}