{"DataSetWriterId":1,"SequenceNumber":51,"MetaDataVersion":{"MajorVersion":1},"Timestamp":"2024-04-27T16:25:13.6521957Z","MessageType":"ua-deltaframe","DataSetWriterName":"Test","Payload":{"nsu=http://opcfoundation.org/UA/Plc/Applications;s=FastUIntScalar2":{"Value":58,"SourceTimestamp":"2024-04-27T16:25:12.6754168Z","ServerTimestamp":"2024-04-27T16:25:12.6754175Z"},"nsu=http://opcfoundation.org/UA/Plc/Applications;s=FastUIntScalar3":{"Value":58,"SourceTimestamp":"2024-04-27T16:25:12.6754191Z","ServerTimestamp":"2024-04-27T16:25:12.6754197Z"},"nsu=http://opcfoundation.org/UA/Plc/Applications;s=FastRandomUIntScalar1":{"Value":132145228,"SourceTimestamp":"2024-04-27T16:25:12.6754207Z","ServerTimestamp":"2024-04-27T16:25:12.6754222Z"},"nsu=http://opcfoundation.org/UA/Plc/Applications;s=FastRandomUIntScalar2":{"Value":3611411323,"SourceTimestamp":"2024-04-27T16:25:12.6754281Z","ServerTimestamp":"2024-04-27T16:25:12.6754286Z"},"nsu=http://opcfoundation.org/UA/Plc/Applications;s=FastRandomUIntScalar3":{"Value":3492722607,"SourceTimestamp":"2024-04-27T16:25:12.6754299Z","ServerTimestamp":"2024-04-27T16:25:12.6754303Z"}}}