{"SequenceNumber":53,"MetaDataVersion":{"MajorVersion":1},"Timestamp":"2024-04-27T16:25:15.574025Z","MessageType":"ua-deltaframe","DataSetWriterName":"MES","Payload":{"nsu=http://opcfoundation.org/UA/Plc/Applications;s=StepUp":{"Value":608,"SourceTimestamp":"2024-04-27T16:25:15.4814375Z","ServerTimestamp":"2024-04-27T16:25:15.4814395Z"},"nsu=http://opcfoundation.org/UA/Plc/Applications;s=AlternatingBoolean":{"Value":true,"SourceTimestamp":"2024-04-27T16:25:14.7843899Z","ServerTimestamp":"2024-04-27T16:25:14.7844015Z"},"nsu=http://opcfoundation.org/UA/Plc/Applications;s=RandomSignedInt32":{"Value":356347830,"SourceTimestamp":"2024-04-27T16:25:15.4814312Z","ServerTimestamp":"2024-04-27T16:25:15.4814408Z"},"nsu=http://opcfoundation.org/UA/Plc/Applications;s=RandomUnsignedInt32":{"Value":554669739,"SourceTimestamp":"2024-04-27T16:25:15.4814255Z","ServerTimestamp":"2024-04-27T16:25:15.481432Z"},"nsu=http://opcfoundation.org/UA/Plc/Applications;s=DipData":{"Value":-77.0513242775789,"SourceTimestamp":"2024-04-27T16:25:15.4814306Z","ServerTimestamp":"2024-04-27T16:25:15.4814356Z"},"nsu=http://opcfoundation.org/UA/Plc/Applications;s=FastUIntScalar1":{"Value":60,"SourceTimestamp":"2024-04-27T16:25:14.6766359Z","ServerTimestamp":"2024-04-27T16:25:14.6766366Z"}}}