{"DataSetWriterId":4,"SequenceNumber":6,"MetaDataVersion":{"MajorVersion":1},"Timestamp":"2024-04-27T16:25:15.7616614Z","MessageType":"ua-deltaframe","DataSetWriterName":"Packaging","Payload":{"nsu=http://opcfoundation.org/UA/Plc/Applications;s=SlowRandomUIntScalar1":{"Value":4034300332,"SourceTimestamp":"2024-04-27T16:25:14.6766007Z","ServerTimestamp":"2024-04-27T16:25:14.676603Z"},"nsu=http://opcfoundation.org/UA/Plc/Applications;s=SlowRandomUIntScalar2":{"Value":4038027067,"SourceTimestamp":"2024-04-27T16:25:14.6766084Z","ServerTimestamp":"2024-04-27T16:25:14.6766103Z"},"nsu=http://opcfoundation.org/UA/Plc/Applications;s=SlowRandomUIntScalar3":{"Value":2129974184,"SourceTimestamp":"2024-04-27T16:25:14.6766119Z","ServerTimestamp":"2024-04-27T16:25:14.676613Z"},"nsu=http://opcfoundation.org/UA/Plc/Applications;s=BadSlowRandomUIntScalar1":{"Value":4292472830,"SourceTimestamp":"2024-04-27T16:25:14.676634Z","ServerTimestamp":"2024-04-27T16:25:14.6766344Z"}}}