{"SequenceNumber":57,"MetaDataVersion":{"MajorVersion":1},"Timestamp":"2024-04-27T16:25:19.5415725Z","MessageType":"ua-deltaframe","DataSetWriterName":"MES","Payload":{"nsu=http://opcfoundation.org/UA/Plc/Applications;s=StepUp":{"Value":648,"SourceTimestamp":"2024-04-27T16:25:19.4790721Z","ServerTimestamp":"2024-04-27T16:25:19.4790891Z"},"nsu=http://opcfoundation.org/UA/Plc/Applications;s=RandomSignedInt32":{"Value":1528207154,"SourceTimestamp":"2024-04-27T16:25:19.47905Z","ServerTimestamp":"2024-04-27T16:25:19.4790843Z"},"nsu=http://opcfoundation.org/UA/Plc/Applications;s=RandomUnsignedInt32":{"Value":1897245387,"SourceTimestamp":"2024-04-27T16:25:19.4790385Z","ServerTimestamp":"2024-04-27T16:25:19.4790461Z"},"nsu=http://opcfoundation.org/UA/Plc/Applications;s=DipData":{"Value":36.812455268467801,"SourceTimestamp":"2024-04-27T16:25:19.479049Z","ServerTimestamp":"2024-04-27T16:25:19.4790747Z"},"nsu=http://opcfoundation.org/UA/Plc/Applications;s=FastUIntScalar1":{"Value":64,"SourceTimestamp":"2024-04-27T16:25:18.6863528Z","ServerTimestamp":"2024-04-27T16:25:18.6863612Z"}}}