{"DataSetWriterId":1,"SequenceNumber":56,"MetaDataVersion":{"MajorVersion":1},"Timestamp":"2024-04-27T16:25:19.6031362Z","MessageType":"ua-deltaframe","DataSetWriterName":"Test","Payload":{"nsu=http://opcfoundation.org/UA/Plc/Applications;s=FastUIntScalar2":{"Value":64,"SourceTimestamp":"2024-04-27T16:25:18.6863672Z","ServerTimestamp":"2024-04-27T16:25:18.6863691Z"},"nsu=http://opcfoundation.org/UA/Plc/Applications;s=FastUIntScalar3":{"Value":64,"SourceTimestamp":"2024-04-27T16:25:18.6863706Z","ServerTimestamp":"2024-04-27T16:25:18.6863718Z"},"nsu=http://opcfoundation.org/UA/Plc/Applications;s=FastRandomUIntScalar1":{"Value":974096864,"SourceTimestamp":"2024-04-27T16:25:18.6863496Z","ServerTimestamp":"2024-04-27T16:25:18.6863521Z"},"nsu=http://opcfoundation.org/UA/Plc/Applications;s=FastRandomUIntScalar2":{"Value":2759947187,"SourceTimestamp":"2024-04-27T16:25:18.6863608Z","ServerTimestamp":"2024-04-27T16:25:18.6863673Z"},"nsu=http://opcfoundation.org/UA/Plc/Applications;s=FastRandomUIntScalar3":{"Value":2744544819,"SourceTimestamp":"2024-04-27T16:25:18.6863686Z","ServerTimestamp":"2024-04-27T16:25:18.6863705Z"}}}