{"SequenceNumber":61,"MetaDataVersion":{"MajorVersion":1},"Timestamp":"2024-04-27T16:25:24.5637537Z","MessageType":"ua-deltaframe","DataSetWriterName":"MES","Payload":{"nsu=http://opcfoundation.org/UA/Plc/Applications;s=StepUp":{"Value":698,"SourceTimestamp":"2024-04-27T16:25:24.4851205Z","ServerTimestamp":"2024-04-27T16:25:24.4851267Z"},"nsu=http://opcfoundation.org/UA/Plc/Applications;s=RandomSignedInt32":{"Value":2039749651,"SourceTimestamp":"2024-04-27T16:25:24.4851083Z","ServerTimestamp":"2024-04-27T16:25:24.4851127Z"},"nsu=http://opcfoundation.org/UA/Plc/Applications;s=RandomUnsignedInt32":{"Value":1076226799,"SourceTimestamp":"2024-04-27T16:25:24.4850941Z","ServerTimestamp":"2024-04-27T16:25:24.4851881Z"},"nsu=http://opcfoundation.org/UA/Plc/Applications;s=DipData":{"Value":36.812455268467801,"SourceTimestamp":"2024-04-27T16:25:24.4851145Z","ServerTimestamp":"2024-04-27T16:25:24.485118Z"},"nsu=http://opcfoundation.org/UA/Plc/Applications;s=FastUIntScalar1":{"Value":69,"SourceTimestamp":"2024-04-27T16:25:23.6836036Z","ServerTimestamp":"2024-04-27T16:25:23.6836074Z"}}}