{"DataSetWriterId":4,"SequenceNumber":7,"MetaDataVersion":{"MajorVersion":1},"Timestamp":"2024-04-27T16:25:25.7281323Z","MessageType":"ua-deltaframe","DataSetWriterName":"Packaging","Payload":{"nsu=http://opcfoundation.org/UA/Plc/Applications;s=SlowRandomUIntScalar1":{"Value":90317570,"SourceTimestamp":"2024-04-27T16:25:24.6869224Z","ServerTimestamp":"2024-04-27T16:25:24.6869244Z"},"nsu=http://opcfoundation.org/UA/Plc/Applications;s=SlowRandomUIntScalar2":{"Value":973467460,"SourceTimestamp":"2024-04-27T16:25:24.6869349Z","ServerTimestamp":"2024-04-27T16:25:24.686942Z"},"nsu=http://opcfoundation.org/UA/Plc/Applications;s=SlowRandomUIntScalar3":{"Value":2619004236,"SourceTimestamp":"2024-04-27T16:25:24.6869435Z","ServerTimestamp":"2024-04-27T16:25:24.6869449Z"},"nsu=http://opcfoundation.org/UA/Plc/Applications;s=BadSlowRandomUIntScalar1":{"Value":2393524201,"SourceTimestamp":"2024-04-27T16:25:24.6869465Z","ServerTimestamp":"2024-04-27T16:25:24.6869473Z"}}}