{"SequenceNumber":65,"MetaDataVersion":{"MajorVersion":1},"Timestamp":"2024-04-27T16:25:29.5756829Z","MessageType":"ua-deltaframe","DataSetWriterName":"MES","Payload":{"nsu=http://opcfoundation.org/UA/Plc/Applications;s=StepUp":{"Value":748,"SourceTimestamp":"2024-04-27T16:25:29.4820691Z","ServerTimestamp":"2024-04-27T16:25:29.4820753Z"},"nsu=http://opcfoundation.org/UA/Plc/Applications;s=RandomSignedInt32":{"Value":-158038518,"SourceTimestamp":"2024-04-27T16:25:29.4820582Z","ServerTimestamp":"2024-04-27T16:25:29.4820639Z"},"nsu=http://opcfoundation.org/UA/Plc/Applications;s=RandomUnsignedInt32":{"Value":1815656703,"SourceTimestamp":"2024-04-27T16:25:29.4820565Z","ServerTimestamp":"2024-04-27T16:25:29.4820579Z"},"nsu=http://opcfoundation.org/UA/Plc/Applications;s=DipData":{"Value":36.812455268467801,"SourceTimestamp":"2024-04-27T16:25:29.4820523Z","ServerTimestamp":"2024-04-27T16:25:29.4820534Z"},"nsu=http://opcfoundation.org/UA/Plc/Applications;s=FastUIntScalar1":{"Value":74,"SourceTimestamp":"2024-04-27T16:25:28.6894715Z","ServerTimestamp":"2024-04-27T16:25:28.6894739Z"}}}