{"DataSetWriterId":1,"SequenceNumber":7,"MetaDataVersion":{"MajorVersion":1},"Timestamp":"2024-04-27T16:24:23.6597954Z","MessageType":"ua-deltaframe","DataSetWriterName":"Test","Payload":{"nsu=http://opcfoundation.org/UA/Plc/Applications;s=FastUIntScalar2":{"Value":8,"SourceTimestamp":"2024-04-27T16:24:22.6893422Z","ServerTimestamp":"2024-04-27T16:24:22.6893466Z"},"nsu=http://opcfoundation.org/UA/Plc/Applications;s=FastUIntScalar3":{"Value":8,"SourceTimestamp":"2024-04-27T16:24:22.6893526Z","ServerTimestamp":"2024-04-27T16:24:22.6894078Z"},"nsu=http://opcfoundation.org/UA/Plc/Applications;s=FastRandomUIntScalar1":{"Value":2138481058,"SourceTimestamp":"2024-04-27T16:24:22.6893122Z","ServerTimestamp":"2024-04-27T16:24:22.6893142Z"},"nsu=http://opcfoundation.org/UA/Plc/Applications;s=FastRandomUIntScalar2":{"Value":1248468610,"SourceTimestamp":"2024-04-27T16:24:22.689325Z","ServerTimestamp":"2024-04-27T16:24:22.689391Z"},"nsu=http://opcfoundation.org/UA/Plc/Applications;s=FastRandomUIntScalar3":{"Value":2769422013,"SourceTimestamp":"2024-04-27T16:24:22.6894012Z","ServerTimestamp":"2024-04-27T16:24:22.6894024Z"}}}