{"SequenceNumber":66,"MetaDataVersion":{"MajorVersion":1},"Timestamp":"2024-04-27T16:25:30.5641467Z","MessageType":"ua-deltaframe","DataSetWriterName":"MES","Payload":{"nsu=http://opcfoundation.org/UA/Plc/Applications;s=StepUp":{"Value":758,"SourceTimestamp":"2024-04-27T16:25:30.4865246Z","ServerTimestamp":"2024-04-27T16:25:30.4865261Z"},"nsu=http://opcfoundation.org/UA/Plc/Applications;s=AlternatingBoolean":{"Value":false,"SourceTimestamp":"2024-04-27T16:25:29.7764625Z","ServerTimestamp":"2024-04-27T16:25:29.7764679Z"},"nsu=http://opcfoundation.org/UA/Plc/Applications;s=RandomSignedInt32":{"Value":1445239712,"SourceTimestamp":"2024-04-27T16:25:30.4865106Z","ServerTimestamp":"2024-04-27T16:25:30.486515Z"},"nsu=http://opcfoundation.org/UA/Plc/Applications;s=RandomUnsignedInt32":{"Value":1796361680,"SourceTimestamp":"2024-04-27T16:25:30.4865108Z","ServerTimestamp":"2024-04-27T16:25:30.4865123Z"},"nsu=http://opcfoundation.org/UA/Plc/Applications;s=DipData":{"Value":-77.0513242775789,"SourceTimestamp":"2024-04-27T16:25:30.4865118Z","ServerTimestamp":"2024-04-27T16:25:30.486518Z"},"nsu=http://opcfoundation.org/UA/Plc/Applications;s=FastUIntScalar1":{"Value":75,"SourceTimestamp":"2024-04-27T16:25:29.6849488Z","ServerTimestamp":"2024-04-27T16:25:29.6849518Z"}}}