{"SequenceNumber":68,"MetaDataVersion":{"MajorVersion":1},"Timestamp":"2024-04-27T16:25:32.542289Z","MessageType":"ua-deltaframe","DataSetWriterName":"MES","Payload":{"nsu=http://opcfoundation.org/UA/Plc/Applications;s=StepUp":{"Value":778,"SourceTimestamp":"2024-04-27T16:25:32.480993Z","ServerTimestamp":"2024-04-27T16:25:32.4809941Z"},"nsu=http://opcfoundation.org/UA/Plc/Applications;s=RandomSignedInt32":{"Value":-2076196852,"SourceTimestamp":"2024-04-27T16:25:32.4809794Z","ServerTimestamp":"2024-04-27T16:25:32.4809848Z"},"nsu=http://opcfoundation.org/UA/Plc/Applications;s=RandomUnsignedInt32":{"Value":2081655419,"SourceTimestamp":"2024-04-27T16:25:32.4809735Z","ServerTimestamp":"2024-04-27T16:25:32.4809803Z"},"nsu=http://opcfoundation.org/UA/Plc/Applications;s=DipData":{"Value":24.868988716485482,"SourceTimestamp":"2024-04-27T16:25:32.4809854Z","ServerTimestamp":"2024-04-27T16:25:32.4809875Z"},"nsu=http://opcfoundation.org/UA/Plc/Applications;s=FastUIntScalar1":{"Value":77,"SourceTimestamp":"2024-04-27T16:25:31.6801239Z","ServerTimestamp":"2024-04-27T16:25:31.6801287Z"}}}