{"DataSetWriterId":1,"SequenceNumber":68,"MetaDataVersion":{"MajorVersion":1},"Timestamp":"2024-04-27T16:25:33.6527111Z","MessageType":"ua-deltaframe","DataSetWriterName":"Test","Payload":{"nsu=http://opcfoundation.org/UA/Plc/Applications;s=FastUIntScalar2":{"Value":78,"SourceTimestamp":"2024-04-27T16:25:32.6797905Z","ServerTimestamp":"2024-04-27T16:25:32.6797916Z"},"nsu=http://opcfoundation.org/UA/Plc/Applications;s=FastUIntScalar3":{"Value":78,"SourceTimestamp":"2024-04-27T16:25:32.6797938Z","ServerTimestamp":"2024-04-27T16:25:32.679807Z"},"nsu=http://opcfoundation.org/UA/Plc/Applications;s=FastRandomUIntScalar1":{"Value":16764804,"SourceTimestamp":"2024-04-27T16:25:32.6797922Z","ServerTimestamp":"2024-04-27T16:25:32.6797956Z"},"nsu=http://opcfoundation.org/UA/Plc/Applications;s=FastRandomUIntScalar2":{"Value":2540583236,"SourceTimestamp":"2024-04-27T16:25:32.679807Z","ServerTimestamp":"2024-04-27T16:25:32.6798083Z"},"nsu=http://opcfoundation.org/UA/Plc/Applications;s=FastRandomUIntScalar3":{"Value":3668489397,"SourceTimestamp":"2024-04-27T16:25:32.6798102Z","ServerTimestamp":"2024-04-27T16:25:32.6798111Z"}}}