{"DataSetWriterId":1,"SequenceNumber":69,"MetaDataVersion":{"MajorVersion":1},"Timestamp":"2024-04-27T16:25:34.6524435Z","MessageType":"ua-deltaframe","DataSetWriterName":"Test","Payload":{"nsu=http://opcfoundation.org/UA/Plc/Applications;s=FastUIntScalar2":{"Value":79,"SourceTimestamp":"2024-04-27T16:25:33.6843955Z","ServerTimestamp":"2024-04-27T16:25:33.6843962Z"},"nsu=http://opcfoundation.org/UA/Plc/Applications;s=FastUIntScalar3":{"Value":79,"SourceTimestamp":"2024-04-27T16:25:33.6843976Z","ServerTimestamp":"2024-04-27T16:25:33.6843984Z"},"nsu=http://opcfoundation.org/UA/Plc/Applications;s=FastRandomUIntScalar1":{"Value":638650264,"SourceTimestamp":"2024-04-27T16:25:33.6844039Z","ServerTimestamp":"2024-04-27T16:25:33.6844058Z"},"nsu=http://opcfoundation.org/UA/Plc/Applications;s=FastRandomUIntScalar2":{"Value":2942371963,"SourceTimestamp":"2024-04-27T16:25:33.6844124Z","ServerTimestamp":"2024-04-27T16:25:33.6844131Z"},"nsu=http://opcfoundation.org/UA/Plc/Applications;s=FastRandomUIntScalar3":{"Value":2090549441,"SourceTimestamp":"2024-04-27T16:25:33.6844143Z","ServerTimestamp":"2024-04-27T16:25:33.6844149Z"}}}