{"DataSetWriterId":2,"SequenceNumber":15,"MetaDataVersion":{"MajorVersion":1},"Timestamp":"2024-04-27T16:25:35.6378714Z","MessageType":"ua-deltaframe","DataSetWriterName":"Assembly","Payload":{"nsu=http://opcfoundation.org/UA/Plc/Applications;s=NegativeTrendData":{"Value":98.599999999999994,"SourceTimestamp":"2024-04-27T16:25:34.7882545Z","ServerTimestamp":"2024-04-27T16:25:34.7883027Z"},"nsu=http://opcfoundation.org/UA/Plc/Applications;s=PositiveTrendData":{"Value":101.2,"SourceTimestamp":"2024-04-27T16:25:34.7882546Z","ServerTimestamp":"2024-04-27T16:25:34.7882591Z"}}}