{"DataSetWriterId":1,"SequenceNumber":70,"MetaDataVersion":{"MajorVersion":1},"Timestamp":"2024-04-27T16:25:35.6378136Z","MessageType":"ua-deltaframe","DataSetWriterName":"Test","Payload":{"nsu=http://opcfoundation.org/UA/Plc/Applications;s=FastUIntScalar2":{"Value":80,"SourceTimestamp":"2024-04-27T16:25:34.6820107Z","ServerTimestamp":"2024-04-27T16:25:34.6820117Z"},"nsu=http://opcfoundation.org/UA/Plc/Applications;s=FastUIntScalar3":{"Value":80,"SourceTimestamp":"2024-04-27T16:25:34.6820131Z","ServerTimestamp":"2024-04-27T16:25:34.6820137Z"},"nsu=http://opcfoundation.org/UA/Plc/Applications;s=FastRandomUIntScalar1":{"Value":1198530190,"SourceTimestamp":"2024-04-27T16:25:34.682019Z","ServerTimestamp":"2024-04-27T16:25:34.6820199Z"},"nsu=http://opcfoundation.org/UA/Plc/Applications;s=FastRandomUIntScalar2":{"Value":1813815838,"SourceTimestamp":"2024-04-27T16:25:34.6820232Z","ServerTimestamp":"2024-04-27T16:25:34.6820237Z"},"nsu=http://opcfoundation.org/UA/Plc/Applications;s=FastRandomUIntScalar3":{"Value":2608379010,"SourceTimestamp":"2024-04-27T16:25:34.6820244Z","ServerTimestamp":"2024-04-27T16:25:34.682025Z"}}}