{"DataSetWriterId":2,"SequenceNumber":16,"MetaDataVersion":{"MajorVersion":1},"Timestamp":"2024-04-27T16:25:40.6596142Z","MessageType":"ua-deltaframe","DataSetWriterName":"Assembly","Payload":{"nsu=http://opcfoundation.org/UA/Plc/Applications;s=NegativeTrendData":{"Value":98.5,"SourceTimestamp":"2024-04-27T16:25:39.7754648Z","ServerTimestamp":"2024-04-27T16:25:39.7754659Z"},"nsu=http://opcfoundation.org/UA/Plc/Applications;s=PositiveTrendData":{"Value":101.3,"SourceTimestamp":"2024-04-27T16:25:39.7754688Z","ServerTimestamp":"2024-04-27T16:25:39.7754729Z"}}}