{"DataSetWriterId":2,"SequenceNumber":17,"MetaDataVersion":{"MajorVersion":1},"Timestamp":"2024-04-27T16:25:45.66829Z","MessageType":"ua-deltaframe","DataSetWriterName":"Assembly","Payload":{"nsu=http://opcfoundation.org/UA/Plc/Applications;s=NegativeTrendData":{"Value":98.400000000000006,"SourceTimestamp":"2024-04-27T16:25:44.7878215Z","ServerTimestamp":"2024-04-27T16:25:44.787827Z"},"nsu=http://opcfoundation.org/UA/Plc/Applications;s=PositiveTrendData":{"Value":101.40000000000001,"SourceTimestamp":"2024-04-27T16:25:44.7878095Z","ServerTimestamp":"2024-04-27T16:25:44.7878106Z"}}}