{"SequenceNumber":85,"MetaDataVersion":{"MajorVersion":1},"Timestamp":"2024-04-27T16:25:53.5794501Z","MessageType":"ua-deltaframe","DataSetWriterName":"MES","Payload":{"nsu=http://opcfoundation.org/UA/Plc/Applications;s=StepUp":{"Value":988,"SourceTimestamp":"2024-04-27T16:25:53.4843349Z","ServerTimestamp":"2024-04-27T16:25:53.4843365Z"},"nsu=http://opcfoundation.org/UA/Plc/Applications;s=RandomSignedInt32":{"Value":710490496,"SourceTimestamp":"2024-04-27T16:25:53.484325Z","ServerTimestamp":"2024-04-27T16:25:53.4843292Z"},"nsu=http://opcfoundation.org/UA/Plc/Applications;s=RandomUnsignedInt32":{"Value":859764667,"SourceTimestamp":"2024-04-27T16:25:53.4843231Z","ServerTimestamp":"2024-04-27T16:25:53.4843243Z"},"nsu=http://opcfoundation.org/UA/Plc/Applications;s=DipData":{"Value":99.80267284282715,"SourceTimestamp":"2024-04-27T16:25:53.4843521Z","ServerTimestamp":"2024-04-27T16:25:53.4843554Z"},"nsu=http://opcfoundation.org/UA/Plc/Applications;s=FastUIntScalar1":{"Value":98,"SourceTimestamp":"2024-04-27T16:25:52.6837911Z","ServerTimestamp":"2024-04-27T16:25:52.6838063Z"}}}