{"SequenceNumber":86,"MetaDataVersion":{"MajorVersion":1},"Timestamp":"2024-04-27T16:25:54.5705142Z","MessageType":"ua-deltaframe","DataSetWriterName":"MES","Payload":{"nsu=http://opcfoundation.org/UA/Plc/Applications;s=StepUp":{"Value":998,"SourceTimestamp":"2024-04-27T16:25:54.4786376Z","ServerTimestamp":"2024-04-27T16:25:54.4786412Z"},"nsu=http://opcfoundation.org/UA/Plc/Applications;s=RandomSignedInt32":{"Value":-516220687,"SourceTimestamp":"2024-04-27T16:25:54.4786314Z","ServerTimestamp":"2024-04-27T16:25:54.4786367Z"},"nsu=http://opcfoundation.org/UA/Plc/Applications;s=RandomUnsignedInt32":{"Value":1942176337,"SourceTimestamp":"2024-04-27T16:25:54.4786291Z","ServerTimestamp":"2024-04-27T16:25:54.4786306Z"},"nsu=http://opcfoundation.org/UA/Plc/Applications;s=DipData":{"Value":36.812455268467801,"SourceTimestamp":"2024-04-27T16:25:54.4786168Z","ServerTimestamp":"2024-04-27T16:25:54.4786251Z"},"nsu=http://opcfoundation.org/UA/Plc/Applications;s=FastUIntScalar1":{"Value":99,"SourceTimestamp":"2024-04-27T16:25:53.6873167Z","ServerTimestamp":"2024-04-27T16:25:53.6873191Z"}}}