{"DataSetWriterId":1,"SequenceNumber":87,"MetaDataVersion":{"MajorVersion":1},"Timestamp":"2024-04-27T16:25:55.6267028Z","MessageType":"ua-deltaframe","DataSetWriterName":"Test","Payload":{"nsu=http://opcfoundation.org/UA/Plc/Applications;s=FastUIntScalar2":{"Value":100,"SourceTimestamp":"2024-04-27T16:25:54.6778805Z","ServerTimestamp":"2024-04-27T16:25:54.6778921Z"},"nsu=http://opcfoundation.org/UA/Plc/Applications;s=FastUIntScalar3":{"Value":100,"SourceTimestamp":"2024-04-27T16:25:54.677896Z","ServerTimestamp":"2024-04-27T16:25:54.6779035Z"},"nsu=http://opcfoundation.org/UA/Plc/Applications;s=FastRandomUIntScalar1":{"Value":1606375120,"SourceTimestamp":"2024-04-27T16:25:54.6778664Z","ServerTimestamp":"2024-04-27T16:25:54.6778815Z"},"nsu=http://opcfoundation.org/UA/Plc/Applications;s=FastRandomUIntScalar2":{"Value":1471558429,"SourceTimestamp":"2024-04-27T16:25:54.6778916Z","ServerTimestamp":"2024-04-27T16:25:54.6778959Z"},"nsu=http://opcfoundation.org/UA/Plc/Applications;s=FastRandomUIntScalar3":{"Value":3998121123,"SourceTimestamp":"2024-04-27T16:25:54.6779031Z","ServerTimestamp":"2024-04-27T16:25:54.6779065Z"}}}