{"DataSetWriterId":3,"SequenceNumber":10,"MetaDataVersion":{"MajorVersion":1},"Timestamp":"2024-04-27T16:25:55.6885853Z","MessageType":"ua-deltaframe","DataSetWriterName":"Assembly","Payload":{"nsu=http://opcfoundation.org/UA/Plc/Applications;s=SlowUIntScalar1":{"Value":10,"SourceTimestamp":"2024-04-27T16:25:54.6777645Z","ServerTimestamp":"2024-04-27T16:25:54.6777687Z"},"nsu=http://opcfoundation.org/UA/Plc/Applications;s=SlowUIntScalar2":{"Value":10,"SourceTimestamp":"2024-04-27T16:25:54.6777839Z","ServerTimestamp":"2024-04-27T16:25:54.6777849Z"},"nsu=http://opcfoundation.org/UA/Plc/Applications;s=SlowUIntScalar3":{"Value":10,"SourceTimestamp":"2024-04-27T16:25:54.6777875Z","ServerTimestamp":"2024-04-27T16:25:54.6777927Z"},"nsu=http://opcfoundation.org/UA/Plc/Applications;s=BadSlowUIntScalar1":{"Value":null,"StatusCode":{"Symbol":"BadNoCommunication","Code":2150694912},"SourceTimestamp":"2024-04-27T16:25:54.6777982Z","ServerTimestamp":"2024-04-27T16:25:54.6777983Z"}}}