{"SequenceNumber":88,"MetaDataVersion":{"MajorVersion":1},"Timestamp":"2024-04-27T16:25:56.562893Z","MessageType":"ua-deltaframe","DataSetWriterName":"MES","Payload":{"nsu=http://opcfoundation.org/UA/Plc/Applications;s=StepUp":{"Value":1018,"SourceTimestamp":"2024-04-27T16:25:56.4841442Z","ServerTimestamp":"2024-04-27T16:25:56.4841449Z"},"nsu=http://opcfoundation.org/UA/Plc/Applications;s=RandomSignedInt32":{"Value":606046846,"SourceTimestamp":"2024-04-27T16:25:56.4841397Z","ServerTimestamp":"2024-04-27T16:25:56.4841966Z"},"nsu=http://opcfoundation.org/UA/Plc/Applications;s=RandomUnsignedInt32":{"Value":459578364,"SourceTimestamp":"2024-04-27T16:25:56.4841378Z","ServerTimestamp":"2024-04-27T16:25:56.4841393Z"},"nsu=http://opcfoundation.org/UA/Plc/Applications;s=DipData":{"Value":-84.432792550201526,"SourceTimestamp":"2024-04-27T16:25:56.4841227Z","ServerTimestamp":"2024-04-27T16:25:56.4841617Z"},"nsu=http://opcfoundation.org/UA/Plc/Applications;s=FastUIntScalar1":{"Value":101,"SourceTimestamp":"2024-04-27T16:25:55.6881927Z","ServerTimestamp":"2024-04-27T16:25:55.6881969Z"}}}