{"SequenceNumber":89,"MetaDataVersion":{"MajorVersion":1},"Timestamp":"2024-04-27T16:25:57.5557724Z","MessageType":"ua-deltaframe","DataSetWriterName":"MES","Payload":{"nsu=http://opcfoundation.org/UA/Plc/Applications;s=StepUp":{"Value":1028,"SourceTimestamp":"2024-04-27T16:25:57.4769056Z","ServerTimestamp":"2024-04-27T16:25:57.476913Z"},"nsu=http://opcfoundation.org/UA/Plc/Applications;s=RandomSignedInt32":{"Value":1255535564,"SourceTimestamp":"2024-04-27T16:25:57.4768965Z","ServerTimestamp":"2024-04-27T16:25:57.4768986Z"},"nsu=http://opcfoundation.org/UA/Plc/Applications;s=RandomUnsignedInt32":{"Value":1104890269,"SourceTimestamp":"2024-04-27T16:25:57.4768938Z","ServerTimestamp":"2024-04-27T16:25:57.4769029Z"},"nsu=http://opcfoundation.org/UA/Plc/Applications;s=DipData":{"Value":24.868988716485482,"SourceTimestamp":"2024-04-27T16:25:57.4768933Z","ServerTimestamp":"2024-04-27T16:25:57.4768948Z"},"nsu=http://opcfoundation.org/UA/Plc/Applications;s=FastUIntScalar1":{"Value":102,"SourceTimestamp":"2024-04-27T16:25:56.6860827Z","ServerTimestamp":"2024-04-27T16:25:56.6860973Z"}}}