{"SequenceNumber":90,"MetaDataVersion":{"MajorVersion":1},"Timestamp":"2024-04-27T16:25:58.5519433Z","MessageType":"ua-deltaframe","DataSetWriterName":"MES","Payload":{"nsu=http://opcfoundation.org/UA/Plc/Applications;s=StepUp":{"Value":1038,"SourceTimestamp":"2024-04-27T16:25:58.4896976Z","ServerTimestamp":"2024-04-27T16:25:58.4897328Z"},"nsu=http://opcfoundation.org/UA/Plc/Applications;s=RandomSignedInt32":{"Value":128370031,"SourceTimestamp":"2024-04-27T16:25:58.4896919Z","ServerTimestamp":"2024-04-27T16:25:58.4896941Z"},"nsu=http://opcfoundation.org/UA/Plc/Applications;s=RandomUnsignedInt32":{"Value":1769424655,"SourceTimestamp":"2024-04-27T16:25:58.4896902Z","ServerTimestamp":"2024-04-27T16:25:58.489691Z"},"nsu=http://opcfoundation.org/UA/Plc/Applications;s=DipData":{"Value":-1000,"SourceTimestamp":"2024-04-27T16:25:58.4896868Z","ServerTimestamp":"2024-04-27T16:25:58.4896881Z"},"nsu=http://opcfoundation.org/UA/Plc/Applications;s=FastUIntScalar1":{"Value":103,"SourceTimestamp":"2024-04-27T16:25:57.6789286Z","ServerTimestamp":"2024-04-27T16:25:57.6789309Z"}}}