{"DataSetWriterId":1,"SequenceNumber":10,"MetaDataVersion":{"MajorVersion":1},"Timestamp":"2024-04-27T16:24:26.6287227Z","MessageType":"ua-deltaframe","DataSetWriterName":"Test","Payload":{"nsu=http://opcfoundation.org/UA/Plc/Applications;s=FastUIntScalar2":{"Value":11,"SourceTimestamp":"2024-04-27T16:24:25.6874169Z","ServerTimestamp":"2024-04-27T16:24:25.6874176Z"},"nsu=http://opcfoundation.org/UA/Plc/Applications;s=FastUIntScalar3":{"Value":11,"SourceTimestamp":"2024-04-27T16:24:25.6874193Z","ServerTimestamp":"2024-04-27T16:24:25.6874199Z"},"nsu=http://opcfoundation.org/UA/Plc/Applications;s=FastRandomUIntScalar1":{"Value":1235731484,"SourceTimestamp":"2024-04-27T16:24:25.6873933Z","ServerTimestamp":"2024-04-27T16:24:25.6873957Z"},"nsu=http://opcfoundation.org/UA/Plc/Applications;s=FastRandomUIntScalar2":{"Value":649103715,"SourceTimestamp":"2024-04-27T16:24:25.6874089Z","ServerTimestamp":"2024-04-27T16:24:25.6874231Z"},"nsu=http://opcfoundation.org/UA/Plc/Applications;s=FastRandomUIntScalar3":{"Value":3369503732,"SourceTimestamp":"2024-04-27T16:24:25.6874243Z","ServerTimestamp":"2024-04-27T16:24:25.6874248Z"}}}