{"SequenceNumber":94,"MetaDataVersion":{"MajorVersion":1},"Timestamp":"2024-04-27T16:26:02.5378504Z","MessageType":"ua-deltaframe","DataSetWriterName":"MES","Payload":{"nsu=http://opcfoundation.org/UA/Plc/Applications;s=StepUp":{"Value":1078,"SourceTimestamp":"2024-04-27T16:26:02.4750858Z","ServerTimestamp":"2024-04-27T16:26:02.4750869Z"},"nsu=http://opcfoundation.org/UA/Plc/Applications;s=RandomSignedInt32":{"Value":-934909095,"SourceTimestamp":"2024-04-27T16:26:02.4750761Z","ServerTimestamp":"2024-04-27T16:26:02.4750808Z"},"nsu=http://opcfoundation.org/UA/Plc/Applications;s=RandomUnsignedInt32":{"Value":1876117955,"SourceTimestamp":"2024-04-27T16:26:02.4750755Z","ServerTimestamp":"2024-04-27T16:26:02.4750763Z"},"nsu=http://opcfoundation.org/UA/Plc/Applications;s=DipData":{"Value":24.868988716485482,"SourceTimestamp":"2024-04-27T16:26:02.4750738Z","ServerTimestamp":"2024-04-27T16:26:02.4750744Z"},"nsu=http://opcfoundation.org/UA/Plc/Applications;s=FastUIntScalar1":{"Value":107,"SourceTimestamp":"2024-04-27T16:26:01.6766944Z","ServerTimestamp":"2024-04-27T16:26:01.6766957Z"}}}