{"DataSetWriterId":3,"SequenceNumber":11,"MetaDataVersion":{"MajorVersion":1},"Timestamp":"2024-04-27T16:26:05.724354Z","MessageType":"ua-deltaframe","DataSetWriterName":"Assembly","Payload":{"nsu=http://opcfoundation.org/UA/Plc/Applications;s=SlowUIntScalar1":{"Value":11,"SourceTimestamp":"2024-04-27T16:26:04.6794608Z","ServerTimestamp":"2024-04-27T16:26:04.6794643Z"},"nsu=http://opcfoundation.org/UA/Plc/Applications;s=SlowUIntScalar2":{"Value":11,"SourceTimestamp":"2024-04-27T16:26:04.6794807Z","ServerTimestamp":"2024-04-27T16:26:04.6794813Z"},"nsu=http://opcfoundation.org/UA/Plc/Applications;s=SlowUIntScalar3":{"Value":11,"SourceTimestamp":"2024-04-27T16:26:04.6794827Z","ServerTimestamp":"2024-04-27T16:26:04.6794834Z"},"nsu=http://opcfoundation.org/UA/Plc/Applications;s=BadSlowUIntScalar1":{"Value":1,"SourceTimestamp":"2024-04-27T16:26:04.6794847Z","ServerTimestamp":"2024-04-27T16:26:04.6794853Z"}}}