{"SequenceNumber":11,"MetaDataVersion":{"MajorVersion":1},"Timestamp":"2024-04-27T16:24:27.5556024Z","MessageType":"ua-deltaframe","DataSetWriterName":"MES","Payload":{"nsu=http://opcfoundation.org/UA/Plc/Applications;s=StepUp":{"Value":128,"SourceTimestamp":"2024-04-27T16:24:27.4777691Z","ServerTimestamp":"2024-04-27T16:24:27.4777785Z"},"nsu=http://opcfoundation.org/UA/Plc/Applications;s=RandomSignedInt32":{"Value":1394973205,"SourceTimestamp":"2024-04-27T16:24:27.4777495Z","ServerTimestamp":"2024-04-27T16:24:27.4777737Z"},"nsu=http://opcfoundation.org/UA/Plc/Applications;s=RandomUnsignedInt32":{"Value":134124146,"SourceTimestamp":"2024-04-27T16:24:27.4777638Z","ServerTimestamp":"2024-04-27T16:24:27.4777668Z"},"nsu=http://opcfoundation.org/UA/Plc/Applications;s=DipData":{"Value":24.868988716485482,"SourceTimestamp":"2024-04-27T16:24:27.4777532Z","ServerTimestamp":"2024-04-27T16:24:27.4777575Z"},"nsu=http://opcfoundation.org/UA/Plc/Applications;s=FastUIntScalar1":{"Value":12,"SourceTimestamp":"2024-04-27T16:24:26.6752175Z","ServerTimestamp":"2024-04-27T16:24:26.6752207Z"}}}