{"SequenceNumber":101,"MetaDataVersion":{"MajorVersion":1},"Timestamp":"2024-04-27T16:26:10.5712912Z","MessageType":"ua-deltaframe","DataSetWriterName":"MES","Payload":{"nsu=http://opcfoundation.org/UA/Plc/Applications;s=StepUp":{"Value":1158,"SourceTimestamp":"2024-04-27T16:26:10.4764198Z","ServerTimestamp":"2024-04-27T16:26:10.4764255Z"},"nsu=http://opcfoundation.org/UA/Plc/Applications;s=AlternatingBoolean":{"Value":false,"SourceTimestamp":"2024-04-27T16:26:09.7755034Z","ServerTimestamp":"2024-04-27T16:26:09.7755088Z"},"nsu=http://opcfoundation.org/UA/Plc/Applications;s=RandomSignedInt32":{"Value":-2120399791,"SourceTimestamp":"2024-04-27T16:26:10.4764152Z","ServerTimestamp":"2024-04-27T16:26:10.4764234Z"},"nsu=http://opcfoundation.org/UA/Plc/Applications;s=RandomUnsignedInt32":{"Value":478816195,"SourceTimestamp":"2024-04-27T16:26:10.4764146Z","ServerTimestamp":"2024-04-27T16:26:10.4764152Z"},"nsu=http://opcfoundation.org/UA/Plc/Applications;s=DipData":{"Value":-77.0513242775789,"SourceTimestamp":"2024-04-27T16:26:10.4764177Z","ServerTimestamp":"2024-04-27T16:26:10.4764193Z"},"nsu=http://opcfoundation.org/UA/Plc/Applications;s=FastUIntScalar1":{"Value":115,"SourceTimestamp":"2024-04-27T16:26:09.6822527Z","ServerTimestamp":"2024-04-27T16:26:09.6822555Z"}}}