{"DataSetWriterId":1,"SequenceNumber":12,"MetaDataVersion":{"MajorVersion":1},"Timestamp":"2024-04-27T16:24:29.664027Z","MessageType":"ua-deltaframe","DataSetWriterName":"Test","Payload":{"nsu=http://opcfoundation.org/UA/Plc/Applications;s=FastUIntScalar2":{"Value":14,"SourceTimestamp":"2024-04-27T16:24:28.6836215Z","ServerTimestamp":"2024-04-27T16:24:28.6836311Z"},"nsu=http://opcfoundation.org/UA/Plc/Applications;s=FastUIntScalar3":{"Value":14,"SourceTimestamp":"2024-04-27T16:24:28.6836329Z","ServerTimestamp":"2024-04-27T16:24:28.6836378Z"},"nsu=http://opcfoundation.org/UA/Plc/Applications;s=FastRandomUIntScalar1":{"Value":246490835,"SourceTimestamp":"2024-04-27T16:24:28.6835979Z","ServerTimestamp":"2024-04-27T16:24:28.6836334Z"},"nsu=http://opcfoundation.org/UA/Plc/Applications;s=FastRandomUIntScalar2":{"Value":301706303,"SourceTimestamp":"2024-04-27T16:24:28.6836365Z","ServerTimestamp":"2024-04-27T16:24:28.683644Z"},"nsu=http://opcfoundation.org/UA/Plc/Applications;s=FastRandomUIntScalar3":{"Value":1750576852,"SourceTimestamp":"2024-04-27T16:24:28.6836452Z","ServerTimestamp":"2024-04-27T16:24:28.6836473Z"}}}