{"SequenceNumber":16,"MetaDataVersion":{"MajorVersion":1},"Timestamp":"2024-04-27T16:24:32.5733151Z","MessageType":"ua-deltaframe","DataSetWriterName":"MES","Payload":{"nsu=http://opcfoundation.org/UA/Plc/Applications;s=StepUp":{"Value":178,"SourceTimestamp":"2024-04-27T16:24:32.4804946Z","ServerTimestamp":"2024-04-27T16:24:32.4804952Z"},"nsu=http://opcfoundation.org/UA/Plc/Applications;s=RandomSignedInt32":{"Value":-551922972,"SourceTimestamp":"2024-04-27T16:24:32.4804848Z","ServerTimestamp":"2024-04-27T16:24:32.4804903Z"},"nsu=http://opcfoundation.org/UA/Plc/Applications;s=RandomUnsignedInt32":{"Value":1661520186,"SourceTimestamp":"2024-04-27T16:24:32.4804835Z","ServerTimestamp":"2024-04-27T16:24:32.4805352Z"},"nsu=http://opcfoundation.org/UA/Plc/Applications;s=DipData":{"Value":24.868988716485482,"SourceTimestamp":"2024-04-27T16:24:32.4804807Z","ServerTimestamp":"2024-04-27T16:24:32.4804817Z"},"nsu=http://opcfoundation.org/UA/Plc/Applications;s=FastUIntScalar1":{"Value":17,"SourceTimestamp":"2024-04-27T16:24:31.6764622Z","ServerTimestamp":"2024-04-27T16:24:31.676464Z"}}}