{"DataSetWriterId":1,"SequenceNumber":15,"MetaDataVersion":{"MajorVersion":1},"Timestamp":"2024-04-27T16:24:32.6332773Z","MessageType":"ua-deltaframe","DataSetWriterName":"Test","Payload":{"nsu=http://opcfoundation.org/UA/Plc/Applications;s=FastUIntScalar2":{"Value":17,"SourceTimestamp":"2024-04-27T16:24:31.6764714Z","ServerTimestamp":"2024-04-27T16:24:31.6764778Z"},"nsu=http://opcfoundation.org/UA/Plc/Applications;s=FastUIntScalar3":{"Value":17,"SourceTimestamp":"2024-04-27T16:24:31.6764787Z","ServerTimestamp":"2024-04-27T16:24:31.6764801Z"},"nsu=http://opcfoundation.org/UA/Plc/Applications;s=FastRandomUIntScalar1":{"Value":3914001349,"SourceTimestamp":"2024-04-27T16:24:31.6764667Z","ServerTimestamp":"2024-04-27T16:24:31.676472Z"},"nsu=http://opcfoundation.org/UA/Plc/Applications;s=FastRandomUIntScalar2":{"Value":524206592,"SourceTimestamp":"2024-04-27T16:24:31.6764777Z","ServerTimestamp":"2024-04-27T16:24:31.6764789Z"},"nsu=http://opcfoundation.org/UA/Plc/Applications;s=FastRandomUIntScalar3":{"Value":727253124,"SourceTimestamp":"2024-04-27T16:24:31.6764801Z","ServerTimestamp":"2024-04-27T16:24:31.6764807Z"}}}