{"SequenceNumber":18,"MetaDataVersion":{"MajorVersion":1},"Timestamp":"2024-04-27T16:24:34.549044Z","MessageType":"ua-deltaframe","DataSetWriterName":"MES","Payload":{"nsu=http://opcfoundation.org/UA/Plc/Applications;s=StepUp":{"Value":198,"SourceTimestamp":"2024-04-27T16:24:34.4870999Z","ServerTimestamp":"2024-04-27T16:24:34.4871279Z"},"nsu=http://opcfoundation.org/UA/Plc/Applications;s=RandomSignedInt32":{"Value":2011670090,"SourceTimestamp":"2024-04-27T16:24:34.4870899Z","ServerTimestamp":"2024-04-27T16:24:34.4870994Z"},"nsu=http://opcfoundation.org/UA/Plc/Applications;s=RandomUnsignedInt32":{"Value":1229097240,"SourceTimestamp":"2024-04-27T16:24:34.4870876Z","ServerTimestamp":"2024-04-27T16:24:34.4870927Z"},"nsu=http://opcfoundation.org/UA/Plc/Applications;s=DipData":{"Value":36.812455268467801,"SourceTimestamp":"2024-04-27T16:24:34.4870944Z","ServerTimestamp":"2024-04-27T16:24:34.4871109Z"},"nsu=http://opcfoundation.org/UA/Plc/Applications;s=FastUIntScalar1":{"Value":19,"SourceTimestamp":"2024-04-27T16:24:33.6845133Z","ServerTimestamp":"2024-04-27T16:24:33.6845217Z"}}}