{"SequenceNumber":3,"MetaDataVersion":{"MajorVersion":1},"Timestamp":"2024-04-27T16:24:17.5393406Z","MessageType":"ua-deltaframe","DataSetWriterName":"MES","Payload":{"nsu=http://opcfoundation.org/UA/Plc/Applications;s=StepUp":{"Value":28,"SourceTimestamp":"2024-04-27T16:24:17.4775776Z","ServerTimestamp":"2024-04-27T16:24:17.4775827Z"},"nsu=http://opcfoundation.org/UA/Plc/Applications;s=RandomSignedInt32":{"Value":1087406825,"SourceTimestamp":"2024-04-27T16:24:17.477567Z","ServerTimestamp":"2024-04-27T16:24:17.4775867Z"},"nsu=http://opcfoundation.org/UA/Plc/Applications;s=RandomUnsignedInt32":{"Value":331178873,"SourceTimestamp":"2024-04-27T16:24:17.4775735Z","ServerTimestamp":"2024-04-27T16:24:17.4775754Z"},"nsu=http://opcfoundation.org/UA/Plc/Applications;s=DipData":{"Value":24.868988716485482,"SourceTimestamp":"2024-04-27T16:24:17.4775534Z","ServerTimestamp":"2024-04-27T16:24:17.4775633Z"},"nsu=http://opcfoundation.org/UA/Plc/Applications;s=FastUIntScalar1":{"Value":2,"SourceTimestamp":"2024-04-27T16:24:16.6761589Z","ServerTimestamp":"2024-04-27T16:24:16.6761663Z"}}}