{"SequenceNumber":21,"MetaDataVersion":{"MajorVersion":1},"Timestamp":"2024-04-27T16:24:38.5236591Z","MessageType":"ua-deltaframe","DataSetWriterName":"MES","Payload":{"nsu=http://opcfoundation.org/UA/Plc/Applications;s=StepUp":{"Value":238,"SourceTimestamp":"2024-04-27T16:24:38.4762474Z","ServerTimestamp":"2024-04-27T16:24:38.4762758Z"},"nsu=http://opcfoundation.org/UA/Plc/Applications;s=RandomSignedInt32":{"Value":1382054443,"SourceTimestamp":"2024-04-27T16:24:38.4762421Z","ServerTimestamp":"2024-04-27T16:24:38.4762428Z"},"nsu=http://opcfoundation.org/UA/Plc/Applications;s=RandomUnsignedInt32":{"Value":578420693,"SourceTimestamp":"2024-04-27T16:24:38.4762386Z","ServerTimestamp":"2024-04-27T16:24:38.4762396Z"},"nsu=http://opcfoundation.org/UA/Plc/Applications;s=DipData":{"Value":99.80267284282715,"SourceTimestamp":"2024-04-27T16:24:38.4762487Z","ServerTimestamp":"2024-04-27T16:24:38.4762502Z"},"nsu=http://opcfoundation.org/UA/Plc/Applications;s=FastUIntScalar1":{"Value":23,"SourceTimestamp":"2024-04-27T16:24:37.6836669Z","ServerTimestamp":"2024-04-27T16:24:37.6836691Z"}}}