{"DataSetWriterId":2,"SequenceNumber":4,"MetaDataVersion":{"MajorVersion":1},"Timestamp":"2024-04-27T16:24:40.6877126Z","MessageType":"ua-deltaframe","DataSetWriterName":"Assembly","Payload":{"nsu=http://opcfoundation.org/UA/Plc/Applications;s=NegativeTrendData":{"Value":99.700000000000003,"SourceTimestamp":"2024-04-27T16:24:39.7746341Z","ServerTimestamp":"2024-04-27T16:24:39.7746901Z"},"nsu=http://opcfoundation.org/UA/Plc/Applications;s=PositiveTrendData":{"Value":100.09999999999999,"SourceTimestamp":"2024-04-27T16:24:39.7746325Z","ServerTimestamp":"2024-04-27T16:24:39.7747044Z"}}}