{"DataSetWriterId":1,"SequenceNumber":25,"MetaDataVersion":{"MajorVersion":1},"Timestamp":"2024-04-27T16:24:44.6487154Z","MessageType":"ua-deltaframe","DataSetWriterName":"Test","Payload":{"nsu=http://opcfoundation.org/UA/Plc/Applications;s=FastUIntScalar2":{"Value":29,"SourceTimestamp":"2024-04-27T16:24:43.6878836Z","ServerTimestamp":"2024-04-27T16:24:43.6878857Z"},"nsu=http://opcfoundation.org/UA/Plc/Applications;s=FastUIntScalar3":{"Value":29,"SourceTimestamp":"2024-04-27T16:24:43.687887Z","ServerTimestamp":"2024-04-27T16:24:43.6878878Z"},"nsu=http://opcfoundation.org/UA/Plc/Applications;s=FastRandomUIntScalar1":{"Value":2960328129,"SourceTimestamp":"2024-04-27T16:24:43.6878791Z","ServerTimestamp":"2024-04-27T16:24:43.6878836Z"},"nsu=http://opcfoundation.org/UA/Plc/Applications;s=FastRandomUIntScalar2":{"Value":1384843114,"SourceTimestamp":"2024-04-27T16:24:43.6878858Z","ServerTimestamp":"2024-04-27T16:24:43.687887Z"},"nsu=http://opcfoundation.org/UA/Plc/Applications;s=FastRandomUIntScalar3":{"Value":1625939461,"SourceTimestamp":"2024-04-27T16:24:43.687888Z","ServerTimestamp":"2024-04-27T16:24:43.687889Z"}}}