{"SequenceNumber":27,"MetaDataVersion":{"MajorVersion":1},"Timestamp":"2024-04-27T16:24:45.5227844Z","MessageType":"ua-deltaframe","DataSetWriterName":"MES","Payload":{"nsu=http://opcfoundation.org/UA/Plc/Applications;s=StepUp":{"Value":308,"SourceTimestamp":"2024-04-27T16:24:45.4751748Z","ServerTimestamp":"2024-04-27T16:24:45.4751832Z"},"nsu=http://opcfoundation.org/UA/Plc/Applications;s=AlternatingBoolean":{"Value":true,"SourceTimestamp":"2024-04-27T16:24:44.7889898Z","ServerTimestamp":"2024-04-27T16:24:44.7889915Z"},"nsu=http://opcfoundation.org/UA/Plc/Applications;s=RandomSignedInt32":{"Value":-1284224458,"SourceTimestamp":"2024-04-27T16:24:45.4751726Z","ServerTimestamp":"2024-04-27T16:24:45.4751739Z"},"nsu=http://opcfoundation.org/UA/Plc/Applications;s=RandomUnsignedInt32":{"Value":1621790498,"SourceTimestamp":"2024-04-27T16:24:45.4751694Z","ServerTimestamp":"2024-04-27T16:24:45.4751708Z"},"nsu=http://opcfoundation.org/UA/Plc/Applications;s=DipData":{"Value":-77.0513242775789,"SourceTimestamp":"2024-04-27T16:24:45.4751687Z","ServerTimestamp":"2024-04-27T16:24:45.4751693Z"},"nsu=http://opcfoundation.org/UA/Plc/Applications;s=FastUIntScalar1":{"Value":30,"SourceTimestamp":"2024-04-27T16:24:44.6794085Z","ServerTimestamp":"2024-04-27T16:24:44.6794099Z"}}}