{"DataSetWriterId":1,"SequenceNumber":26,"MetaDataVersion":{"MajorVersion":1},"Timestamp":"2024-04-27T16:24:45.6474286Z","MessageType":"ua-deltaframe","DataSetWriterName":"Test","Payload":{"nsu=http://opcfoundation.org/UA/Plc/Applications;s=FastUIntScalar2":{"Value":30,"SourceTimestamp":"2024-04-27T16:24:44.6794124Z","ServerTimestamp":"2024-04-27T16:24:44.6794136Z"},"nsu=http://opcfoundation.org/UA/Plc/Applications;s=FastUIntScalar3":{"Value":30,"SourceTimestamp":"2024-04-27T16:24:44.679416Z","ServerTimestamp":"2024-04-27T16:24:44.6794171Z"},"nsu=http://opcfoundation.org/UA/Plc/Applications;s=FastRandomUIntScalar1":{"Value":652215472,"SourceTimestamp":"2024-04-27T16:24:44.6793876Z","ServerTimestamp":"2024-04-27T16:24:44.6793889Z"},"nsu=http://opcfoundation.org/UA/Plc/Applications;s=FastRandomUIntScalar2":{"Value":3214257490,"SourceTimestamp":"2024-04-27T16:24:44.6793914Z","ServerTimestamp":"2024-04-27T16:24:44.6793924Z"},"nsu=http://opcfoundation.org/UA/Plc/Applications;s=FastRandomUIntScalar3":{"Value":258064677,"SourceTimestamp":"2024-04-27T16:24:44.6793946Z","ServerTimestamp":"2024-04-27T16:24:44.6793952Z"}}}