{"DataSetWriterId":4,"SequenceNumber":3,"MetaDataVersion":{"MajorVersion":1},"Timestamp":"2024-04-27T16:24:45.7717425Z","MessageType":"ua-deltaframe","DataSetWriterName":"Packaging","Payload":{"nsu=http://opcfoundation.org/UA/Plc/Applications;s=SlowRandomUIntScalar1":{"Value":1206193564,"SourceTimestamp":"2024-04-27T16:24:44.6793314Z","ServerTimestamp":"2024-04-27T16:24:44.6793357Z"},"nsu=http://opcfoundation.org/UA/Plc/Applications;s=SlowRandomUIntScalar2":{"Value":2216807630,"SourceTimestamp":"2024-04-27T16:24:44.67935Z","ServerTimestamp":"2024-04-27T16:24:44.6793644Z"},"nsu=http://opcfoundation.org/UA/Plc/Applications;s=SlowRandomUIntScalar3":{"Value":3865618573,"SourceTimestamp":"2024-04-27T16:24:44.6793679Z","ServerTimestamp":"2024-04-27T16:24:44.679369Z"},"nsu=http://opcfoundation.org/UA/Plc/Applications;s=BadSlowRandomUIntScalar1":{"Value":710137800,"SourceTimestamp":"2024-04-27T16:24:44.6793719Z","ServerTimestamp":"2024-04-27T16:24:44.6793727Z"}}}