{"DataSetWriterId":1,"SequenceNumber":27,"MetaDataVersion":{"MajorVersion":1},"Timestamp":"2024-04-27T16:24:46.6349009Z","MessageType":"ua-deltaframe","DataSetWriterName":"Test","Payload":{"nsu=http://opcfoundation.org/UA/Plc/Applications;s=FastUIntScalar2":{"Value":31,"SourceTimestamp":"2024-04-27T16:24:45.6777851Z","ServerTimestamp":"2024-04-27T16:24:45.6778002Z"},"nsu=http://opcfoundation.org/UA/Plc/Applications;s=FastUIntScalar3":{"Value":31,"SourceTimestamp":"2024-04-27T16:24:45.6778013Z","ServerTimestamp":"2024-04-27T16:24:45.6778018Z"},"nsu=http://opcfoundation.org/UA/Plc/Applications;s=FastRandomUIntScalar1":{"Value":40119784,"SourceTimestamp":"2024-04-27T16:24:45.6777777Z","ServerTimestamp":"2024-04-27T16:24:45.6777852Z"},"nsu=http://opcfoundation.org/UA/Plc/Applications;s=FastRandomUIntScalar2":{"Value":810962642,"SourceTimestamp":"2024-04-27T16:24:45.6777909Z","ServerTimestamp":"2024-04-27T16:24:45.6777916Z"},"nsu=http://opcfoundation.org/UA/Plc/Applications;s=FastRandomUIntScalar3":{"Value":2625335919,"SourceTimestamp":"2024-04-27T16:24:45.6777928Z","ServerTimestamp":"2024-04-27T16:24:45.6777931Z"}}}