{"DataSetWriterId":1,"SequenceNumber":29,"MetaDataVersion":{"MajorVersion":1},"Timestamp":"2024-04-27T16:24:48.6291995Z","MessageType":"ua-deltaframe","DataSetWriterName":"Test","Payload":{"nsu=http://opcfoundation.org/UA/Plc/Applications;s=FastUIntScalar2":{"Value":33,"SourceTimestamp":"2024-04-27T16:24:47.6793401Z","ServerTimestamp":"2024-04-27T16:24:47.679341Z"},"nsu=http://opcfoundation.org/UA/Plc/Applications;s=FastUIntScalar3":{"Value":33,"SourceTimestamp":"2024-04-27T16:24:47.6793425Z","ServerTimestamp":"2024-04-27T16:24:47.679343Z"},"nsu=http://opcfoundation.org/UA/Plc/Applications;s=FastRandomUIntScalar1":{"Value":1795643207,"SourceTimestamp":"2024-04-27T16:24:47.6793089Z","ServerTimestamp":"2024-04-27T16:24:47.679311Z"},"nsu=http://opcfoundation.org/UA/Plc/Applications;s=FastRandomUIntScalar2":{"Value":182871335,"SourceTimestamp":"2024-04-27T16:24:47.6793271Z","ServerTimestamp":"2024-04-27T16:24:47.6793279Z"},"nsu=http://opcfoundation.org/UA/Plc/Applications;s=FastRandomUIntScalar3":{"Value":140730135,"SourceTimestamp":"2024-04-27T16:24:47.6793293Z","ServerTimestamp":"2024-04-27T16:24:47.67933Z"}}}