{"NodeId":"nsu=http://opcfoundation.org/UA/Plc/Applications;s=FastRandomUIntScalar1","EndpointUrl":"opc.tcp://localhost:61457/UA/SampleServer","ApplicationUri":"urn:desktop-bgfjs91:OPCFoundation:CoreSampleServer","DisplayName":"nsu=http://opcfoundation.org/UA/Plc/Applications;s=FastRandomUIntScalar1","Timestamp":"2024-04-27T09:50:00.8651922Z","Value":{"Value":1008942973,"SourceTimestamp":"2024-04-27T09:50:00.849105Z","ServerTimestamp":"2024-04-27T09:50:00.8491242Z"},"SequenceNumber":3,"ExtensionFields":{}}