{"NodeId":"nsu=http://opcfoundation.org/UA/Plc/Applications;s=BadSlowRandomUIntScalar1","EndpointUrl":"opc.tcp://localhost:61457/UA/SampleServer","ApplicationUri":"urn:desktop-bgfjs91:OPCFoundation:CoreSampleServer","DisplayName":"nsu=http://opcfoundation.org/UA/Plc/Applications;s=BadSlowRandomUIntScalar1","Timestamp":"2024-04-27T09:50:09.9461175Z","Value":{"Value":3869370361,"SourceTimestamp":"2024-04-27T09:50:08.8499036Z","ServerTimestamp":"2024-04-27T09:50:08.8499051Z"},"SequenceNumber":4,"ExtensionFields":{}}