{"NodeId":"nsu=http://opcfoundation.org/UA/Plc/Applications;s=RandomSignedInt32","EndpointUrl":"opc.tcp://localhost:61457/UA/SampleServer","ApplicationUri":"urn:desktop-bgfjs91:OPCFoundation:CoreSampleServer","DisplayName":"nsu=http://opcfoundation.org/UA/Plc/Applications;s=RandomSignedInt32","Timestamp":"2024-04-27T09:50:11.8013001Z","Value":{"Value":358415116,"SourceTimestamp":"2024-04-27T09:50:11.7533695Z","ServerTimestamp":"2024-04-27T09:50:11.7533727Z"},"SequenceNumber":51,"ExtensionFields":{}}