{"NodeId":"nsu=http://opcfoundation.org/UA/Plc/Applications;s=RandomUnsignedInt32","EndpointUrl":"opc.tcp://localhost:61457/UA/SampleServer","ApplicationUri":"urn:desktop-bgfjs91:OPCFoundation:CoreSampleServer","DisplayName":"nsu=http://opcfoundation.org/UA/Plc/Applications;s=RandomUnsignedInt32","Timestamp":"2024-04-27T09:50:11.8013001Z","Value":{"Value":498602963,"SourceTimestamp":"2024-04-27T09:50:11.7533612Z","ServerTimestamp":"2024-04-27T09:50:11.7533637Z"},"SequenceNumber":52,"ExtensionFields":{}}