{"NodeId":"nsu=http://opcfoundation.org/UA/Plc/Applications;s=FastRandomUIntScalar3","EndpointUrl":"opc.tcp://localhost:61457/UA/SampleServer","ApplicationUri":"urn:desktop-bgfjs91:OPCFoundation:CoreSampleServer","DisplayName":"nsu=http://opcfoundation.org/UA/Plc/Applications;s=FastRandomUIntScalar3","Timestamp":"2024-04-27T09:50:00.8651922Z","Value":{"Value":2968887966,"SourceTimestamp":"2024-04-27T09:50:00.8491383Z","ServerTimestamp":"2024-04-27T09:50:00.8491392Z"},"SequenceNumber":5,"ExtensionFields":{}}