{"NodeId":"nsu=http://opcfoundation.org/UA/Plc/Applications;s=RandomSignedInt32","EndpointUrl":"opc.tcp://localhost:61457/UA/SampleServer","ApplicationUri":"urn:desktop-bgfjs91:OPCFoundation:CoreSampleServer","DisplayName":"nsu=http://opcfoundation.org/UA/Plc/Applications;s=RandomSignedInt32","Timestamp":"2024-04-27T09:50:12.7883304Z","Value":{"Value":-963512084,"SourceTimestamp":"2024-04-27T09:50:12.7410464Z","ServerTimestamp":"2024-04-27T09:50:12.7410519Z"},"SequenceNumber":56,"ExtensionFields":{}}