{"NodeId":"nsu=http://opcfoundation.org/UA/Plc/Applications;s=RandomSignedInt32","EndpointUrl":"opc.tcp://localhost:61457/UA/SampleServer","ApplicationUri":"urn:desktop-bgfjs91:OPCFoundation:CoreSampleServer","DisplayName":"nsu=http://opcfoundation.org/UA/Plc/Applications;s=RandomSignedInt32","Timestamp":"2024-04-27T09:50:14.7578043Z","Value":{"Value":2097597039,"SourceTimestamp":"2024-04-27T09:50:14.7428164Z","ServerTimestamp":"2024-04-27T09:50:14.7428337Z"},"SequenceNumber":67,"ExtensionFields":{}}