{"NodeId":"nsu=http://opcfoundation.org/UA/Plc/Applications;s=FastRandomUIntScalar1","EndpointUrl":"opc.tcp://localhost:61457/UA/SampleServer","ApplicationUri":"urn:desktop-bgfjs91:OPCFoundation:CoreSampleServer","DisplayName":"nsu=http://opcfoundation.org/UA/Plc/Applications;s=FastRandomUIntScalar1","Timestamp":"2024-04-27T09:50:15.8136984Z","Value":{"Value":1436149293,"SourceTimestamp":"2024-04-27T09:50:14.8514212Z","ServerTimestamp":"2024-04-27T09:50:14.8514341Z"},"SequenceNumber":63,"ExtensionFields":{}}