{"NodeId":"nsu=http://opcfoundation.org/UA/Plc/Applications;s=FastRandomUIntScalar1","EndpointUrl":"opc.tcp://localhost:61457/UA/SampleServer","ApplicationUri":"urn:desktop-bgfjs91:OPCFoundation:CoreSampleServer","DisplayName":"nsu=http://opcfoundation.org/UA/Plc/Applications;s=FastRandomUIntScalar1","Timestamp":"2024-04-27T09:50:17.8596666Z","Value":{"Value":55796916,"SourceTimestamp":"2024-04-27T09:50:17.8437679Z","ServerTimestamp":"2024-04-27T09:50:17.843776Z"},"SequenceNumber":68,"ExtensionFields":{}}