{"NodeId":"nsu=http://opcfoundation.org/UA/Plc/Applications;s=RandomSignedInt32","EndpointUrl":"opc.tcp://localhost:61457/UA/SampleServer","ApplicationUri":"urn:desktop-bgfjs91:OPCFoundation:CoreSampleServer","DisplayName":"nsu=http://opcfoundation.org/UA/Plc/Applications;s=RandomSignedInt32","Timestamp":"2024-04-27T09:50:18.7907223Z","Value":{"Value":-575546009,"SourceTimestamp":"2024-04-27T09:50:18.7452608Z","ServerTimestamp":"2024-04-27T09:50:18.7452676Z"},"SequenceNumber":82,"ExtensionFields":{}}