{"NodeId":"nsu=http://opcfoundation.org/UA/Plc/Applications;s=RandomUnsignedInt32","EndpointUrl":"opc.tcp://localhost:61457/UA/SampleServer","ApplicationUri":"urn:desktop-bgfjs91:OPCFoundation:CoreSampleServer","DisplayName":"nsu=http://opcfoundation.org/UA/Plc/Applications;s=RandomUnsignedInt32","Timestamp":"2024-04-27T09:50:18.7907223Z","Value":{"Value":519219868,"SourceTimestamp":"2024-04-27T09:50:18.7452597Z","ServerTimestamp":"2024-04-27T09:50:18.7452616Z"},"SequenceNumber":83,"ExtensionFields":{}}