{"NodeId":"nsu=http://opcfoundation.org/UA/Plc/Applications;s=FastRandomUIntScalar3","EndpointUrl":"opc.tcp://localhost:61457/UA/SampleServer","ApplicationUri":"urn:desktop-bgfjs91:OPCFoundation:CoreSampleServer","DisplayName":"nsu=http://opcfoundation.org/UA/Plc/Applications;s=FastRandomUIntScalar3","Timestamp":"2024-04-27T09:50:19.8458844Z","Value":{"Value":1226668740,"SourceTimestamp":"2024-04-27T09:50:18.851431Z","ServerTimestamp":"2024-04-27T09:50:18.8514342Z"},"SequenceNumber":75,"ExtensionFields":{}}