{"NodeId":"nsu=http://opcfoundation.org/UA/Plc/Applications;s=SlowRandomUIntScalar2","EndpointUrl":"opc.tcp://localhost:61457/UA/SampleServer","ApplicationUri":"urn:desktop-bgfjs91:OPCFoundation:CoreSampleServer","DisplayName":"nsu=http://opcfoundation.org/UA/Plc/Applications;s=SlowRandomUIntScalar2","Timestamp":"2024-04-27T09:50:19.9717897Z","Value":{"Value":2108045009,"SourceTimestamp":"2024-04-27T09:50:18.85141Z","ServerTimestamp":"2024-04-27T09:50:18.8514106Z"},"SequenceNumber":6,"ExtensionFields":{}}