{"NodeId":"nsu=http://opcfoundation.org/UA/Plc/Applications;s=BadSlowRandomUIntScalar1","EndpointUrl":"opc.tcp://localhost:61457/UA/SampleServer","ApplicationUri":"urn:desktop-bgfjs91:OPCFoundation:CoreSampleServer","DisplayName":"nsu=http://opcfoundation.org/UA/Plc/Applications;s=BadSlowRandomUIntScalar1","Timestamp":"2024-04-27T09:50:19.9717897Z","Value":{"Value":3572431314,"SourceTimestamp":"2024-04-27T09:50:18.8514198Z","ServerTimestamp":"2024-04-27T09:50:18.8514203Z"},"SequenceNumber":8,"ExtensionFields":{}}