{"NodeId":"nsu=http://opcfoundation.org/UA/Plc/Applications;s=RandomSignedInt32","EndpointUrl":"opc.tcp://localhost:61457/UA/SampleServer","ApplicationUri":"urn:desktop-bgfjs91:OPCFoundation:CoreSampleServer","DisplayName":"nsu=http://opcfoundation.org/UA/Plc/Applications;s=RandomSignedInt32","Timestamp":"2024-04-27T09:50:22.7523945Z","Value":{"Value":846623741,"SourceTimestamp":"2024-04-27T09:50:22.6439014Z","ServerTimestamp":"2024-04-27T09:50:22.6439082Z"},"SequenceNumber":103,"ExtensionFields":{}}