{"NodeId":"nsu=http://opcfoundation.org/UA/Plc/Applications;s=FastRandomUIntScalar1","EndpointUrl":"opc.tcp://localhost:61457/UA/SampleServer","ApplicationUri":"urn:desktop-bgfjs91:OPCFoundation:CoreSampleServer","DisplayName":"nsu=http://opcfoundation.org/UA/Plc/Applications;s=FastRandomUIntScalar1","Timestamp":"2024-04-27T09:50:22.8147347Z","Value":{"Value":1692466148,"SourceTimestamp":"2024-04-27T09:50:21.8402211Z","ServerTimestamp":"2024-04-27T09:50:21.8402383Z"},"SequenceNumber":88,"ExtensionFields":{}}