{"NodeId":"nsu=http://opcfoundation.org/UA/Plc/Applications;s=FastRandomUIntScalar1","EndpointUrl":"opc.tcp://localhost:61457/UA/SampleServer","ApplicationUri":"urn:desktop-bgfjs91:OPCFoundation:CoreSampleServer","DisplayName":"nsu=http://opcfoundation.org/UA/Plc/Applications;s=FastRandomUIntScalar1","Timestamp":"2024-04-27T09:50:24.8542761Z","Value":{"Value":2215002215,"SourceTimestamp":"2024-04-27T09:50:24.8384063Z","ServerTimestamp":"2024-04-27T09:50:24.8384089Z"},"SequenceNumber":98,"ExtensionFields":{}}