{"NodeId":"nsu=http://opcfoundation.org/UA/Plc/Applications;s=FastRandomUIntScalar3","EndpointUrl":"opc.tcp://localhost:61457/UA/SampleServer","ApplicationUri":"urn:desktop-bgfjs91:OPCFoundation:CoreSampleServer","DisplayName":"nsu=http://opcfoundation.org/UA/Plc/Applications;s=FastRandomUIntScalar3","Timestamp":"2024-04-27T09:50:24.8542761Z","Value":{"Value":3150517922,"SourceTimestamp":"2024-04-27T09:50:24.8384149Z","ServerTimestamp":"2024-04-27T09:50:24.8384155Z"},"SequenceNumber":100,"ExtensionFields":{}}