{"NodeId":"nsu=http://opcfoundation.org/UA/Plc/Applications;s=RandomUnsignedInt32","EndpointUrl":"opc.tcp://localhost:61457/UA/SampleServer","ApplicationUri":"urn:desktop-bgfjs91:OPCFoundation:CoreSampleServer","DisplayName":"nsu=http://opcfoundation.org/UA/Plc/Applications;s=RandomUnsignedInt32","Timestamp":"2024-04-27T09:50:26.772596Z","Value":{"Value":163441529,"SourceTimestamp":"2024-04-27T09:50:26.7411791Z","ServerTimestamp":"2024-04-27T09:50:26.7411828Z"},"SequenceNumber":120,"ExtensionFields":{}}