{"NodeId":"nsu=http://opcfoundation.org/UA/Plc/Applications;s=FastRandomUIntScalar3","EndpointUrl":"opc.tcp://localhost:61457/UA/SampleServer","ApplicationUri":"urn:desktop-bgfjs91:OPCFoundation:CoreSampleServer","DisplayName":"nsu=http://opcfoundation.org/UA/Plc/Applications;s=FastRandomUIntScalar3","Timestamp":"2024-04-27T09:50:26.8327575Z","Value":{"Value":2555258230,"SourceTimestamp":"2024-04-27T09:50:25.847406Z","ServerTimestamp":"2024-04-27T09:50:25.8474065Z"},"SequenceNumber":105,"ExtensionFields":{}}