{"NodeId":"nsu=http://opcfoundation.org/UA/Plc/Applications;s=RandomUnsignedInt32","EndpointUrl":"opc.tcp://localhost:61457/UA/SampleServer","ApplicationUri":"urn:desktop-bgfjs91:OPCFoundation:CoreSampleServer","DisplayName":"nsu=http://opcfoundation.org/UA/Plc/Applications;s=RandomUnsignedInt32","Timestamp":"2024-04-27T09:50:27.7629787Z","Value":{"Value":483594085,"SourceTimestamp":"2024-04-27T09:50:27.7467685Z","ServerTimestamp":"2024-04-27T09:50:27.746819Z"},"SequenceNumber":125,"ExtensionFields":{}}