{"NodeId":"nsu=http://opcfoundation.org/UA/Plc/Applications;s=FastRandomUIntScalar2","EndpointUrl":"opc.tcp://localhost:61457/UA/SampleServer","ApplicationUri":"urn:desktop-bgfjs91:OPCFoundation:CoreSampleServer","DisplayName":"nsu=http://opcfoundation.org/UA/Plc/Applications;s=FastRandomUIntScalar2","Timestamp":"2024-04-27T09:50:27.8269496Z","Value":{"Value":1332000368,"SourceTimestamp":"2024-04-27T09:50:26.8486275Z","ServerTimestamp":"2024-04-27T09:50:26.8486286Z"},"SequenceNumber":109,"ExtensionFields":{}}