{"NodeId":"nsu=http://opcfoundation.org/UA/Plc/Applications;s=RandomSignedInt32","EndpointUrl":"opc.tcp://localhost:61457/UA/SampleServer","ApplicationUri":"urn:desktop-bgfjs91:OPCFoundation:CoreSampleServer","DisplayName":"nsu=http://opcfoundation.org/UA/Plc/Applications;s=RandomSignedInt32","Timestamp":"2024-04-27T09:50:28.7526549Z","Value":{"Value":-2015591412,"SourceTimestamp":"2024-04-27T09:50:28.6433563Z","ServerTimestamp":"2024-04-27T09:50:28.6433608Z"},"SequenceNumber":129,"ExtensionFields":{}}