{"NodeId":"nsu=http://opcfoundation.org/UA/Plc/Applications;s=FastRandomUIntScalar1","EndpointUrl":"opc.tcp://localhost:61457/UA/SampleServer","ApplicationUri":"urn:desktop-bgfjs91:OPCFoundation:CoreSampleServer","DisplayName":"nsu=http://opcfoundation.org/UA/Plc/Applications;s=FastRandomUIntScalar1","Timestamp":"2024-04-27T09:50:02.8433604Z","Value":{"Value":2173666544,"SourceTimestamp":"2024-04-27T09:50:01.8528037Z","ServerTimestamp":"2024-04-27T09:50:01.852818Z"},"SequenceNumber":8,"ExtensionFields":{}}