{"NodeId":"nsu=http://opcfoundation.org/UA/Plc/Applications;s=FastRandomUIntScalar3","EndpointUrl":"opc.tcp://localhost:61457/UA/SampleServer","ApplicationUri":"urn:desktop-bgfjs91:OPCFoundation:CoreSampleServer","DisplayName":"nsu=http://opcfoundation.org/UA/Plc/Applications;s=FastRandomUIntScalar3","Timestamp":"2024-04-27T09:50:28.8136678Z","Value":{"Value":3255042705,"SourceTimestamp":"2024-04-27T09:50:27.8400897Z","ServerTimestamp":"2024-04-27T09:50:27.8400912Z"},"SequenceNumber":115,"ExtensionFields":{}}