{"NodeId":"nsu=http://opcfoundation.org/UA/Plc/Applications;s=RandomSignedInt32","EndpointUrl":"opc.tcp://localhost:61457/UA/SampleServer","ApplicationUri":"urn:desktop-bgfjs91:OPCFoundation:CoreSampleServer","DisplayName":"nsu=http://opcfoundation.org/UA/Plc/Applications;s=RandomSignedInt32","Timestamp":"2024-04-27T09:50:29.7986127Z","Value":{"Value":-293706099,"SourceTimestamp":"2024-04-27T09:50:29.7526108Z","ServerTimestamp":"2024-04-27T09:50:29.7526167Z"},"SequenceNumber":135,"ExtensionFields":{}}