{"NodeId":"nsu=http://opcfoundation.org/UA/Plc/Applications;s=AlternatingBoolean","EndpointUrl":"opc.tcp://localhost:61457/UA/SampleServer","ApplicationUri":"urn:desktop-bgfjs91:OPCFoundation:CoreSampleServer","DisplayName":"nsu=http://opcfoundation.org/UA/Plc/Applications;s=AlternatingBoolean","Timestamp":"2024-04-27T09:50:00.8022321Z","Value":{"Value":true,"SourceTimestamp":"2024-04-27T09:49:59.7440606Z","ServerTimestamp":"2024-04-27T09:49:59.7493649Z"},"SequenceNumber":3,"ExtensionFields":{}}