{"NodeId":"nsu=http://opcfoundation.org/UA/Plc/Applications;s=FastRandomUIntScalar2","EndpointUrl":"opc.tcp://localhost:61457/UA/SampleServer","ApplicationUri":"urn:desktop-bgfjs91:OPCFoundation:CoreSampleServer","DisplayName":"nsu=http://opcfoundation.org/UA/Plc/Applications;s=FastRandomUIntScalar2","Timestamp":"2024-04-27T09:50:02.8433604Z","Value":{"Value":1066275482,"SourceTimestamp":"2024-04-27T09:50:01.8528299Z","ServerTimestamp":"2024-04-27T09:50:01.852831Z"},"SequenceNumber":9,"ExtensionFields":{}}