{"NodeId":"nsu=http://opcfoundation.org/UA/Plc/Applications;s=FastRandomUIntScalar1","EndpointUrl":"opc.tcp://localhost:61457/UA/SampleServer","ApplicationUri":"urn:desktop-bgfjs91:OPCFoundation:CoreSampleServer","DisplayName":"nsu=http://opcfoundation.org/UA/Plc/Applications;s=FastRandomUIntScalar1","Timestamp":"2024-04-27T09:50:29.8595574Z","Value":{"Value":1781133091,"SourceTimestamp":"2024-04-27T09:50:29.844031Z","ServerTimestamp":"2024-04-27T09:50:29.8440345Z"},"SequenceNumber":118,"ExtensionFields":{}}