{"NodeId":"nsu=http://opcfoundation.org/UA/Plc/Applications;s=FastRandomUIntScalar3","EndpointUrl":"opc.tcp://localhost:61457/UA/SampleServer","ApplicationUri":"urn:desktop-bgfjs91:OPCFoundation:CoreSampleServer","DisplayName":"nsu=http://opcfoundation.org/UA/Plc/Applications;s=FastRandomUIntScalar3","Timestamp":"2024-04-27T09:50:29.8595574Z","Value":{"Value":2488424917,"SourceTimestamp":"2024-04-27T09:50:29.8440508Z","ServerTimestamp":"2024-04-27T09:50:29.8440531Z"},"SequenceNumber":120,"ExtensionFields":{}}