{"NodeId":"nsu=http://opcfoundation.org/UA/Plc/Applications;s=RandomUnsignedInt32","EndpointUrl":"opc.tcp://localhost:61457/UA/SampleServer","ApplicationUri":"urn:desktop-bgfjs91:OPCFoundation:CoreSampleServer","DisplayName":"nsu=http://opcfoundation.org/UA/Plc/Applications;s=RandomUnsignedInt32","Timestamp":"2024-04-27T09:50:30.7904442Z","Value":{"Value":861987353,"SourceTimestamp":"2024-04-27T09:50:30.7442712Z","ServerTimestamp":"2024-04-27T09:50:30.7442741Z"},"SequenceNumber":141,"ExtensionFields":{}}