{"NodeId":"nsu=http://opcfoundation.org/UA/Plc/Applications;s=RandomUnsignedInt32","EndpointUrl":"opc.tcp://localhost:61457/UA/SampleServer","ApplicationUri":"urn:desktop-bgfjs91:OPCFoundation:CoreSampleServer","DisplayName":"nsu=http://opcfoundation.org/UA/Plc/Applications;s=RandomUnsignedInt32","Timestamp":"2024-04-27T09:50:31.7814937Z","Value":{"Value":1659924504,"SourceTimestamp":"2024-04-27T09:50:31.7504711Z","ServerTimestamp":"2024-04-27T09:50:31.7505243Z"},"SequenceNumber":146,"ExtensionFields":{}}