{"NodeId":"nsu=http://opcfoundation.org/UA/Plc/Applications;s=FastRandomUIntScalar1","EndpointUrl":"opc.tcp://localhost:61457/UA/SampleServer","ApplicationUri":"urn:desktop-bgfjs91:OPCFoundation:CoreSampleServer","DisplayName":"nsu=http://opcfoundation.org/UA/Plc/Applications;s=FastRandomUIntScalar1","Timestamp":"2024-04-27T09:50:31.8436635Z","Value":{"Value":4155284860,"SourceTimestamp":"2024-04-27T09:50:30.8525856Z","ServerTimestamp":"2024-04-27T09:50:30.8525957Z"},"SequenceNumber":123,"ExtensionFields":{}}