{"NodeId":"nsu=http://opcfoundation.org/UA/Plc/Applications;s=FastRandomUIntScalar2","EndpointUrl":"opc.tcp://localhost:61457/UA/SampleServer","ApplicationUri":"urn:desktop-bgfjs91:OPCFoundation:CoreSampleServer","DisplayName":"nsu=http://opcfoundation.org/UA/Plc/Applications;s=FastRandomUIntScalar2","Timestamp":"2024-04-27T09:50:31.8436635Z","Value":{"Value":3648479575,"SourceTimestamp":"2024-04-27T09:50:30.8526069Z","ServerTimestamp":"2024-04-27T09:50:30.8526108Z"},"SequenceNumber":124,"ExtensionFields":{}}