{"NodeId":"nsu=http://opcfoundation.org/UA/Plc/Applications;s=FastRandomUIntScalar3","EndpointUrl":"opc.tcp://localhost:61457/UA/SampleServer","ApplicationUri":"urn:desktop-bgfjs91:OPCFoundation:CoreSampleServer","DisplayName":"nsu=http://opcfoundation.org/UA/Plc/Applications;s=FastRandomUIntScalar3","Timestamp":"2024-04-27T09:50:31.8436635Z","Value":{"Value":3615179987,"SourceTimestamp":"2024-04-27T09:50:30.8526139Z","ServerTimestamp":"2024-04-27T09:50:30.8526161Z"},"SequenceNumber":125,"ExtensionFields":{}}