{"NodeId":"nsu=http://opcfoundation.org/UA/Plc/Applications;s=RandomSignedInt32","EndpointUrl":"opc.tcp://localhost:61457/UA/SampleServer","ApplicationUri":"urn:desktop-bgfjs91:OPCFoundation:CoreSampleServer","DisplayName":"nsu=http://opcfoundation.org/UA/Plc/Applications;s=RandomSignedInt32","Timestamp":"2024-04-27T09:50:32.7723755Z","Value":{"Value":-1901109902,"SourceTimestamp":"2024-04-27T09:50:32.7405931Z","ServerTimestamp":"2024-04-27T09:50:32.7405938Z"},"SequenceNumber":150,"ExtensionFields":{}}