{"NodeId":"nsu=http://opcfoundation.org/UA/Plc/Applications;s=RandomSignedInt32","EndpointUrl":"opc.tcp://localhost:61457/UA/SampleServer","ApplicationUri":"urn:desktop-bgfjs91:OPCFoundation:CoreSampleServer","DisplayName":"nsu=http://opcfoundation.org/UA/Plc/Applications;s=RandomSignedInt32","Timestamp":"2024-04-27T09:50:03.7663582Z","Value":{"Value":-258853801,"SourceTimestamp":"2024-04-27T09:50:03.7499812Z","ServerTimestamp":"2024-04-27T09:50:03.7500658Z"},"SequenceNumber":19,"ExtensionFields":{}}