{"NodeId":"nsu=http://opcfoundation.org/UA/Plc/Applications;s=FastRandomUIntScalar1","EndpointUrl":"opc.tcp://localhost:61457/UA/SampleServer","ApplicationUri":"urn:desktop-bgfjs91:OPCFoundation:CoreSampleServer","DisplayName":"nsu=http://opcfoundation.org/UA/Plc/Applications;s=FastRandomUIntScalar1","Timestamp":"2024-04-27T09:50:32.833576Z","Value":{"Value":3037715860,"SourceTimestamp":"2024-04-27T09:50:31.8434384Z","ServerTimestamp":"2024-04-27T09:50:31.8434518Z"},"SequenceNumber":128,"ExtensionFields":{}}