{"NodeId":"nsu=http://opcfoundation.org/UA/Plc/Applications;s=RandomSignedInt32","EndpointUrl":"opc.tcp://localhost:61457/UA/SampleServer","ApplicationUri":"urn:desktop-bgfjs91:OPCFoundation:CoreSampleServer","DisplayName":"nsu=http://opcfoundation.org/UA/Plc/Applications;s=RandomSignedInt32","Timestamp":"2024-04-27T09:50:33.7631514Z","Value":{"Value":-1371553507,"SourceTimestamp":"2024-04-27T09:50:33.7469625Z","ServerTimestamp":"2024-04-27T09:50:33.7469807Z"},"SequenceNumber":155,"ExtensionFields":{}}