{"NodeId":"nsu=http://opcfoundation.org/UA/Plc/Applications;s=SpikeData","EndpointUrl":"opc.tcp://localhost:61457/UA/SampleServer","ApplicationUri":"urn:desktop-bgfjs91:OPCFoundation:CoreSampleServer","DisplayName":"nsu=http://opcfoundation.org/UA/Plc/Applications;s=SpikeData","Timestamp":"2024-04-27T09:50:34.0132611Z","Value":{"Value":6.4324905987065468E-14,"SourceTimestamp":"2024-04-27T09:50:33.951109Z","ServerTimestamp":"2024-04-27T09:50:33.9511117Z"},"SequenceNumber":29,"ExtensionFields":{}}