{"NodeId":"nsu=http://opcfoundation.org/UA/Plc/Applications;s=RandomSignedInt32","EndpointUrl":"opc.tcp://localhost:61457/UA/SampleServer","ApplicationUri":"urn:desktop-bgfjs91:OPCFoundation:CoreSampleServer","DisplayName":"nsu=http://opcfoundation.org/UA/Plc/Applications;s=RandomSignedInt32","Timestamp":"2024-04-27T09:50:34.752817Z","Value":{"Value":-122785969,"SourceTimestamp":"2024-04-27T09:50:34.6438445Z","ServerTimestamp":"2024-04-27T09:50:34.6439073Z"},"SequenceNumber":161,"ExtensionFields":{}}