{"NodeId":"nsu=http://opcfoundation.org/UA/Plc/Applications;s=FastRandomUIntScalar1","EndpointUrl":"opc.tcp://localhost:61457/UA/SampleServer","ApplicationUri":"urn:desktop-bgfjs91:OPCFoundation:CoreSampleServer","DisplayName":"nsu=http://opcfoundation.org/UA/Plc/Applications;s=FastRandomUIntScalar1","Timestamp":"2024-04-27T09:50:34.8153052Z","Value":{"Value":582594665,"SourceTimestamp":"2024-04-27T09:50:33.8414574Z","ServerTimestamp":"2024-04-27T09:50:33.8414609Z"},"SequenceNumber":138,"ExtensionFields":{}}