{"NodeId":"nsu=http://opcfoundation.org/UA/Plc/Applications;s=PositiveTrendData","EndpointUrl":"opc.tcp://localhost:61457/UA/SampleServer","ApplicationUri":"urn:desktop-bgfjs91:OPCFoundation:CoreSampleServer","DisplayName":"nsu=http://opcfoundation.org/UA/Plc/Applications;s=PositiveTrendData","Timestamp":"2024-04-27T09:50:34.8775015Z","Value":{"Value":100.40000000000001,"SourceTimestamp":"2024-04-27T09:50:33.9511104Z","ServerTimestamp":"2024-04-27T09:50:33.9511432Z"},"SequenceNumber":10,"ExtensionFields":{}}