{"NodeId":"nsu=http://opcfoundation.org/UA/Plc/Applications;s=FastRandomUIntScalar2","EndpointUrl":"opc.tcp://localhost:61457/UA/SampleServer","ApplicationUri":"urn:desktop-bgfjs91:OPCFoundation:CoreSampleServer","DisplayName":"nsu=http://opcfoundation.org/UA/Plc/Applications;s=FastRandomUIntScalar2","Timestamp":"2024-04-27T09:50:35.8654518Z","Value":{"Value":572376804,"SourceTimestamp":"2024-04-27T09:50:35.8498486Z","ServerTimestamp":"2024-04-27T09:50:35.8498517Z"},"SequenceNumber":144,"ExtensionFields":{}}