{"NodeId":"nsu=http://opcfoundation.org/UA/Plc/Applications;s=FastRandomUIntScalar3","EndpointUrl":"opc.tcp://localhost:61457/UA/SampleServer","ApplicationUri":"urn:desktop-bgfjs91:OPCFoundation:CoreSampleServer","DisplayName":"nsu=http://opcfoundation.org/UA/Plc/Applications;s=FastRandomUIntScalar3","Timestamp":"2024-04-27T09:50:35.8654518Z","Value":{"Value":392988320,"SourceTimestamp":"2024-04-27T09:50:35.8498544Z","ServerTimestamp":"2024-04-27T09:50:35.8498567Z"},"SequenceNumber":145,"ExtensionFields":{}}