{"NodeId":"nsu=http://opcfoundation.org/UA/Plc/Applications;s=RandomUnsignedInt32","EndpointUrl":"opc.tcp://localhost:61457/UA/SampleServer","ApplicationUri":"urn:desktop-bgfjs91:OPCFoundation:CoreSampleServer","DisplayName":"nsu=http://opcfoundation.org/UA/Plc/Applications;s=RandomUnsignedInt32","Timestamp":"2024-04-27T09:50:37.7849721Z","Value":{"Value":901447963,"SourceTimestamp":"2024-04-27T09:50:37.753509Z","ServerTimestamp":"2024-04-27T09:50:37.7535122Z"},"SequenceNumber":172,"ExtensionFields":{}}