{"NodeId":"nsu=http://opcfoundation.org/UA/Plc/Applications;s=FastRandomUIntScalar3","EndpointUrl":"opc.tcp://localhost:61457/UA/SampleServer","ApplicationUri":"urn:desktop-bgfjs91:OPCFoundation:CoreSampleServer","DisplayName":"nsu=http://opcfoundation.org/UA/Plc/Applications;s=FastRandomUIntScalar3","Timestamp":"2024-04-27T09:50:37.847421Z","Value":{"Value":3137396966,"SourceTimestamp":"2024-04-27T09:50:36.8517137Z","ServerTimestamp":"2024-04-27T09:50:36.8517146Z"},"SequenceNumber":150,"ExtensionFields":{}}