{"NodeId":"nsu=http://opcfoundation.org/UA/Plc/Applications;s=FastRandomUIntScalar2","EndpointUrl":"opc.tcp://localhost:61457/UA/SampleServer","ApplicationUri":"urn:desktop-bgfjs91:OPCFoundation:CoreSampleServer","DisplayName":"nsu=http://opcfoundation.org/UA/Plc/Applications;s=FastRandomUIntScalar2","Timestamp":"2024-04-27T09:50:38.8360848Z","Value":{"Value":1102310942,"SourceTimestamp":"2024-04-27T09:50:37.8471337Z","ServerTimestamp":"2024-04-27T09:50:37.8471348Z"},"SequenceNumber":154,"ExtensionFields":{}}