{"NodeId":"nsu=http://opcfoundation.org/UA/Plc/Applications;s=RandomSignedInt32","EndpointUrl":"opc.tcp://localhost:61457/UA/SampleServer","ApplicationUri":"urn:desktop-bgfjs91:OPCFoundation:CoreSampleServer","DisplayName":"nsu=http://opcfoundation.org/UA/Plc/Applications;s=RandomSignedInt32","Timestamp":"2024-04-27T09:50:39.7632298Z","Value":{"Value":1484842570,"SourceTimestamp":"2024-04-27T09:50:39.7478081Z","ServerTimestamp":"2024-04-27T09:50:39.7478159Z"},"SequenceNumber":182,"ExtensionFields":{}}