{"NodeId":"nsu=http://opcfoundation.org/UA/Plc/Applications;s=PositiveTrendData","EndpointUrl":"opc.tcp://localhost:61457/UA/SampleServer","ApplicationUri":"urn:desktop-bgfjs91:OPCFoundation:CoreSampleServer","DisplayName":"nsu=http://opcfoundation.org/UA/Plc/Applications;s=PositiveTrendData","Timestamp":"2024-04-27T09:50:39.8877828Z","Value":{"Value":100.5,"SourceTimestamp":"2024-04-27T09:50:38.9445529Z","ServerTimestamp":"2024-04-27T09:50:38.9445578Z"},"SequenceNumber":12,"ExtensionFields":{}}