{"NodeId":"nsu=http://opcfoundation.org/UA/Plc/Applications;s=FastRandomUIntScalar1","EndpointUrl":"opc.tcp://localhost:61457/UA/SampleServer","ApplicationUri":"urn:desktop-bgfjs91:OPCFoundation:CoreSampleServer","DisplayName":"nsu=http://opcfoundation.org/UA/Plc/Applications;s=FastRandomUIntScalar1","Timestamp":"2024-04-27T09:50:40.8181204Z","Value":{"Value":3713297805,"SourceTimestamp":"2024-04-27T09:50:39.8410519Z","ServerTimestamp":"2024-04-27T09:50:39.8410535Z"},"SequenceNumber":163,"ExtensionFields":{}}