{"NodeId":"nsu=http://opcfoundation.org/UA/Plc/Applications;s=RandomSignedInt32","EndpointUrl":"opc.tcp://localhost:61457/UA/SampleServer","ApplicationUri":"urn:desktop-bgfjs91:OPCFoundation:CoreSampleServer","DisplayName":"nsu=http://opcfoundation.org/UA/Plc/Applications;s=RandomSignedInt32","Timestamp":"2024-04-27T09:50:41.7556066Z","Value":{"Value":-1689502145,"SourceTimestamp":"2024-04-27T09:50:41.7397219Z","ServerTimestamp":"2024-04-27T09:50:41.7397876Z"},"SequenceNumber":192,"ExtensionFields":{}}