{"NodeId":"nsu=http://opcfoundation.org/UA/Plc/Applications;s=FastRandomUIntScalar1","EndpointUrl":"opc.tcp://localhost:61457/UA/SampleServer","ApplicationUri":"urn:desktop-bgfjs91:OPCFoundation:CoreSampleServer","DisplayName":"nsu=http://opcfoundation.org/UA/Plc/Applications;s=FastRandomUIntScalar1","Timestamp":"2024-04-27T09:50:41.8174613Z","Value":{"Value":2102733747,"SourceTimestamp":"2024-04-27T09:50:40.8480351Z","ServerTimestamp":"2024-04-27T09:50:40.8480381Z"},"SequenceNumber":168,"ExtensionFields":{}}