{"NodeId":"nsu=http://opcfoundation.org/UA/Plc/Applications;s=FastRandomUIntScalar2","EndpointUrl":"opc.tcp://localhost:61457/UA/SampleServer","ApplicationUri":"urn:desktop-bgfjs91:OPCFoundation:CoreSampleServer","DisplayName":"nsu=http://opcfoundation.org/UA/Plc/Applications;s=FastRandomUIntScalar2","Timestamp":"2024-04-27T09:50:41.8174613Z","Value":{"Value":2810242465,"SourceTimestamp":"2024-04-27T09:50:40.8480507Z","ServerTimestamp":"2024-04-27T09:50:40.8480642Z"},"SequenceNumber":169,"ExtensionFields":{}}