{"NodeId":"nsu=http://opcfoundation.org/UA/Plc/Applications;s=FastRandomUIntScalar3","EndpointUrl":"opc.tcp://localhost:61457/UA/SampleServer","ApplicationUri":"urn:desktop-bgfjs91:OPCFoundation:CoreSampleServer","DisplayName":"nsu=http://opcfoundation.org/UA/Plc/Applications;s=FastRandomUIntScalar3","Timestamp":"2024-04-27T09:50:41.8174613Z","Value":{"Value":3962730403,"SourceTimestamp":"2024-04-27T09:50:40.8480671Z","ServerTimestamp":"2024-04-27T09:50:40.8480696Z"},"SequenceNumber":170,"ExtensionFields":{}}