{"NodeId":"nsu=http://opcfoundation.org/UA/Plc/Applications;s=RandomUnsignedInt32","EndpointUrl":"opc.tcp://localhost:61457/UA/SampleServer","ApplicationUri":"urn:desktop-bgfjs91:OPCFoundation:CoreSampleServer","DisplayName":"nsu=http://opcfoundation.org/UA/Plc/Applications;s=RandomUnsignedInt32","Timestamp":"2024-04-27T09:50:43.7972135Z","Value":{"Value":2115942824,"SourceTimestamp":"2024-04-27T09:50:43.7517281Z","ServerTimestamp":"2024-04-27T09:50:43.7517288Z"},"SequenceNumber":198,"ExtensionFields":{}}