{"NodeId":"nsu=http://opcfoundation.org/UA/Plc/Applications;s=RandomSignedInt32","EndpointUrl":"opc.tcp://localhost:61457/UA/SampleServer","ApplicationUri":"urn:desktop-bgfjs91:OPCFoundation:CoreSampleServer","DisplayName":"nsu=http://opcfoundation.org/UA/Plc/Applications;s=RandomSignedInt32","Timestamp":"2024-04-27T09:50:04.7556571Z","Value":{"Value":-524796496,"SourceTimestamp":"2024-04-27T09:50:04.7397797Z","ServerTimestamp":"2024-04-27T09:50:04.7398508Z"},"SequenceNumber":25,"ExtensionFields":{}}