{"NodeId":"nsu=http://opcfoundation.org/UA/Plc/Applications;s=FastRandomUIntScalar2","EndpointUrl":"opc.tcp://localhost:61457/UA/SampleServer","ApplicationUri":"urn:desktop-bgfjs91:OPCFoundation:CoreSampleServer","DisplayName":"nsu=http://opcfoundation.org/UA/Plc/Applications;s=FastRandomUIntScalar2","Timestamp":"2024-04-27T09:50:43.8586743Z","Value":{"Value":4138708360,"SourceTimestamp":"2024-04-27T09:50:43.8432304Z","ServerTimestamp":"2024-04-27T09:50:43.8432313Z"},"SequenceNumber":174,"ExtensionFields":{}}