{"NodeId":"nsu=http://opcfoundation.org/UA/Plc/Applications;s=RandomUnsignedInt32","EndpointUrl":"opc.tcp://localhost:61457/UA/SampleServer","ApplicationUri":"urn:desktop-bgfjs91:OPCFoundation:CoreSampleServer","DisplayName":"nsu=http://opcfoundation.org/UA/Plc/Applications;s=RandomUnsignedInt32","Timestamp":"2024-04-27T09:50:04.7556571Z","Value":{"Value":2047542340,"SourceTimestamp":"2024-04-27T09:50:04.739772Z","ServerTimestamp":"2024-04-27T09:50:04.739776Z"},"SequenceNumber":26,"ExtensionFields":{}}