{"NodeId":"nsu=http://opcfoundation.org/UA/Plc/Applications;s=RandomSignedInt32","EndpointUrl":"opc.tcp://localhost:61457/UA/SampleServer","ApplicationUri":"urn:desktop-bgfjs91:OPCFoundation:CoreSampleServer","DisplayName":"nsu=http://opcfoundation.org/UA/Plc/Applications;s=RandomSignedInt32","Timestamp":"2024-04-27T09:50:44.7927071Z","Value":{"Value":485652229,"SourceTimestamp":"2024-04-27T09:50:44.7453037Z","ServerTimestamp":"2024-04-27T09:50:44.7453045Z"},"SequenceNumber":203,"ExtensionFields":{}}