{"NodeId":"nsu=http://opcfoundation.org/UA/Plc/Applications;s=RandomSignedInt32","EndpointUrl":"opc.tcp://localhost:61457/UA/SampleServer","ApplicationUri":"urn:desktop-bgfjs91:OPCFoundation:CoreSampleServer","DisplayName":"nsu=http://opcfoundation.org/UA/Plc/Applications;s=RandomSignedInt32","Timestamp":"2024-04-27T09:50:46.7722008Z","Value":{"Value":-188894415,"SourceTimestamp":"2024-04-27T09:50:46.7410775Z","ServerTimestamp":"2024-04-27T09:50:46.7410924Z"},"SequenceNumber":213,"ExtensionFields":{}}