{"NodeId":"nsu=http://opcfoundation.org/UA/Plc/Applications;s=RandomUnsignedInt32","EndpointUrl":"opc.tcp://localhost:61457/UA/SampleServer","ApplicationUri":"urn:desktop-bgfjs91:OPCFoundation:CoreSampleServer","DisplayName":"nsu=http://opcfoundation.org/UA/Plc/Applications;s=RandomUnsignedInt32","Timestamp":"2024-04-27T09:50:46.7722008Z","Value":{"Value":2008711232,"SourceTimestamp":"2024-04-27T09:50:46.7410777Z","ServerTimestamp":"2024-04-27T09:50:46.741083Z"},"SequenceNumber":214,"ExtensionFields":{}}