{"NodeId":"nsu=http://opcfoundation.org/UA/Plc/Applications;s=FastRandomUIntScalar1","EndpointUrl":"opc.tcp://localhost:61457/UA/SampleServer","ApplicationUri":"urn:desktop-bgfjs91:OPCFoundation:CoreSampleServer","DisplayName":"nsu=http://opcfoundation.org/UA/Plc/Applications;s=FastRandomUIntScalar1","Timestamp":"2024-04-27T09:50:47.8235884Z","Value":{"Value":358764783,"SourceTimestamp":"2024-04-27T09:50:46.8490982Z","ServerTimestamp":"2024-04-27T09:50:46.8490999Z"},"SequenceNumber":188,"ExtensionFields":{}}