{"NodeId":"nsu=http://opcfoundation.org/UA/Plc/Applications;s=FastRandomUIntScalar3","EndpointUrl":"opc.tcp://localhost:61457/UA/SampleServer","ApplicationUri":"urn:desktop-bgfjs91:OPCFoundation:CoreSampleServer","DisplayName":"nsu=http://opcfoundation.org/UA/Plc/Applications;s=FastRandomUIntScalar3","Timestamp":"2024-04-27T09:50:06.8583289Z","Value":{"Value":3371887831,"SourceTimestamp":"2024-04-27T09:50:06.8431217Z","ServerTimestamp":"2024-04-27T09:50:06.8431239Z"},"SequenceNumber":30,"ExtensionFields":{}}