{"NodeId":"nsu=http://opcfoundation.org/UA/Plc/Applications;s=RandomSignedInt32","EndpointUrl":"opc.tcp://localhost:61457/UA/SampleServer","ApplicationUri":"urn:desktop-bgfjs91:OPCFoundation:CoreSampleServer","DisplayName":"nsu=http://opcfoundation.org/UA/Plc/Applications;s=RandomSignedInt32","Timestamp":"2024-04-27T09:50:09.759663Z","Value":{"Value":-327804516,"SourceTimestamp":"2024-04-27T09:50:09.7433261Z","ServerTimestamp":"2024-04-27T09:50:09.7433468Z"},"SequenceNumber":46,"ExtensionFields":{}}