{"NodeId":"nsu=http://opcfoundation.org/UA/Plc/Applications;s=FastRandomUIntScalar1","EndpointUrl":"opc.tcp://localhost:61457/UA/SampleServer","ApplicationUri":"urn:desktop-bgfjs91:OPCFoundation:CoreSampleServer","DisplayName":"nsu=http://opcfoundation.org/UA/Plc/Applications;s=FastRandomUIntScalar1","Timestamp":"2024-04-27T09:50:09.8216841Z","Value":{"Value":1724090423,"SourceTimestamp":"2024-04-27T09:50:08.8499233Z","ServerTimestamp":"2024-04-27T09:50:08.8499244Z"},"SequenceNumber":38,"ExtensionFields":{}}