{"NodeId":"nsu=http://opcfoundation.org/UA/Plc/Applications;s=FastRandomUIntScalar3","EndpointUrl":"opc.tcp://localhost:61457/UA/SampleServer","ApplicationUri":"urn:desktop-bgfjs91:OPCFoundation:CoreSampleServer","DisplayName":"nsu=http://opcfoundation.org/UA/Plc/Applications;s=FastRandomUIntScalar3","Timestamp":"2024-04-27T09:50:09.8216841Z","Value":{"Value":512214583,"SourceTimestamp":"2024-04-27T09:50:08.8499326Z","ServerTimestamp":"2024-04-27T09:50:08.850013Z"},"SequenceNumber":40,"ExtensionFields":{}}