{"MessageId":"df94c5fc-f48e-47e9-a2e7-1edd6d8e762b","MessageType":"ua-data","PublisherId":"DESKTOP-BGFJS91","DataSetWriterGroup":"<<UnknownWriterGroup>>","Messages":[{"SequenceNumber":34,"MetaDataVersion":{"MajorVersion":1},"Timestamp":"2024-04-27T13:04:29.8062852Z","MessageType":"ua-deltaframe","DataSetWriterName":"MES","Payload":{"nsu=http://opcfoundation.org/UA/Plc/Applications;s=StepUp":{"Value":{"Type":7,"Body":362},"SourceTimestamp":"2024-04-27T13:04:29.7598243Z","ServerTimestamp":"2024-04-27T13:04:29.7598268Z"},"nsu=http://opcfoundation.org/UA/Plc/Applications;s=RandomSignedInt32":{"Value":{"Type":6,"Body":158903076},"SourceTimestamp":"2024-04-27T13:04:29.7598321Z","ServerTimestamp":"2024-04-27T13:04:29.759838Z"},"nsu=http://opcfoundation.org/UA/Plc/Applications;s=RandomUnsignedInt32":{"Value":{"Type":7,"Body":1455538823},"SourceTimestamp":"2024-04-27T13:04:29.7598432Z","ServerTimestamp":"2024-04-27T13:04:29.7598462Z"},"nsu=http://opcfoundation.org/UA/Plc/Applications;s=DipData":{"Value":{"Type":11,"Body":-98.228725072868855},"SourceTimestamp":"2024-04-27T13:04:29.7598464Z","ServerTimestamp":"2024-04-27T13:04:29.7598512Z"},"nsu=http://opcfoundation.org/UA/Plc/Applications;s=FastUIntScalar1":{"Value":{"Type":7,"Body":36},"SourceTimestamp":"2024-04-27T13:04:29.5583972Z","ServerTimestamp":"2024-04-27T13:04:29.5584007Z"}}}]}