{"MessageId":"fa5a9776-8a26-427c-a62d-6ace510b2190","MessageType":"ua-data","PublisherId":"DESKTOP-BGFJS91","DataSetWriterGroup":"<<UnknownWriterGroup>>","Messages":[{"SequenceNumber":35,"MetaDataVersion":{"MajorVersion":1},"Timestamp":"2024-04-27T13:04:30.8018134Z","MessageType":"ua-deltaframe","DataSetWriterName":"MES","Payload":{"nsu=http://opcfoundation.org/UA/Plc/Applications;s=StepUp":{"Value":{"Type":7,"Body":372},"SourceTimestamp":"2024-04-27T13:04:30.7697365Z","ServerTimestamp":"2024-04-27T13:04:30.7697391Z"},"nsu=http://opcfoundation.org/UA/Plc/Applications;s=RandomSignedInt32":{"Value":{"Type":6,"Body":-271055777},"SourceTimestamp":"2024-04-27T13:04:30.7697449Z","ServerTimestamp":"2024-04-27T13:04:30.7697504Z"},"nsu=http://opcfoundation.org/UA/Plc/Applications;s=RandomUnsignedInt32":{"Value":{"Type":7,"Body":697207555},"SourceTimestamp":"2024-04-27T13:04:30.7697518Z","ServerTimestamp":"2024-04-27T13:04:30.7697576Z"},"nsu=http://opcfoundation.org/UA/Plc/Applications;s=DipData":{"Value":{"Type":11,"Body":-48.175367410171539},"SourceTimestamp":"2024-04-27T13:04:30.7697599Z","ServerTimestamp":"2024-04-27T13:04:30.7697626Z"},"nsu=http://opcfoundation.org/UA/Plc/Applications;s=FastUIntScalar1":{"Value":{"Type":7,"Body":37},"SourceTimestamp":"2024-04-27T13:04:30.5679954Z","ServerTimestamp":"2024-04-27T13:04:30.5679985Z"}}}]}