{"MessageId":"b4b0bd48-3887-4ea5-a02c-b0669856777f","MessageType":"ua-data","PublisherId":"DESKTOP-BGFJS91","DataSetWriterGroup":"<<UnknownWriterGroup>>","Messages":[{"SequenceNumber":39,"MetaDataVersion":{"MajorVersion":1},"Timestamp":"2024-04-27T13:04:34.8240383Z","MessageType":"ua-deltaframe","DataSetWriterName":"MES","Payload":{"nsu=http://opcfoundation.org/UA/Plc/Applications;s=StepUp":{"Value":{"Type":7,"Body":412},"SourceTimestamp":"2024-04-27T13:04:34.7616339Z","ServerTimestamp":"2024-04-27T13:04:34.7616591Z"},"nsu=http://opcfoundation.org/UA/Plc/Applications;s=RandomSignedInt32":{"Value":{"Type":6,"Body":1560291174},"SourceTimestamp":"2024-04-27T13:04:34.7616265Z","ServerTimestamp":"2024-04-27T13:04:34.7616315Z"},"nsu=http://opcfoundation.org/UA/Plc/Applications;s=RandomUnsignedInt32":{"Value":{"Type":7,"Body":702083662},"SourceTimestamp":"2024-04-27T13:04:34.7616501Z","ServerTimestamp":"2024-04-27T13:04:34.7616788Z"},"nsu=http://opcfoundation.org/UA/Plc/Applications;s=DipData":{"Value":{"Type":11,"Body":-98.228725072868855},"SourceTimestamp":"2024-04-27T13:04:34.7616876Z","ServerTimestamp":"2024-04-27T13:04:34.7617178Z"},"nsu=http://opcfoundation.org/UA/Plc/Applications;s=FastUIntScalar1":{"Value":{"Type":7,"Body":41},"SourceTimestamp":"2024-04-27T13:04:34.5615251Z","ServerTimestamp":"2024-04-27T13:04:34.5615279Z"}}}]}