{"MessageId":"55da5dfe-10e0-4baf-bb88-ba00bbd74648","MessageType":"ua-data","PublisherId":"DESKTOP-BGFJS91","DataSetWriterGroup":"<<UnknownWriterGroup>>","Messages":[{"DataSetWriterId":5,"SequenceNumber":36,"MetaDataVersion":{"MajorVersion":1},"Timestamp":"2024-04-27T13:04:36.0019636Z","MessageType":"ua-deltaframe","DataSetWriterName":"Packaging","Payload":{"nsu=http://opcfoundation.org/UA/Plc/Applications;s=SpikeData":{"Value":{"Type":11,"Body":-24.8689887164855},"SourceTimestamp":"2024-04-27T13:04:35.9709609Z","ServerTimestamp":"2024-04-27T13:04:35.9709645Z"}}}]}