{"MessageId":"54151690-71a3-4cf6-a0bd-d93eb7dee930","MessageType":"ua-data","PublisherId":"DESKTOP-BGFJS91","DataSetWriterGroup":"<<UnknownWriterGroup>>","Messages":[{"SequenceNumber":42,"MetaDataVersion":{"MajorVersion":1},"Timestamp":"2024-04-27T13:04:37.795949Z","MessageType":"ua-deltaframe","DataSetWriterName":"MES","Payload":{"nsu=http://opcfoundation.org/UA/Plc/Applications;s=StepUp":{"Value":{"Type":7,"Body":442},"SourceTimestamp":"2024-04-27T13:04:37.7635319Z","ServerTimestamp":"2024-04-27T13:04:37.7635349Z"},"nsu=http://opcfoundation.org/UA/Plc/Applications;s=RandomSignedInt32":{"Value":{"Type":6,"Body":1818145979},"SourceTimestamp":"2024-04-27T13:04:37.7635414Z","ServerTimestamp":"2024-04-27T13:04:37.7635478Z"},"nsu=http://opcfoundation.org/UA/Plc/Applications;s=RandomUnsignedInt32":{"Value":{"Type":7,"Body":2096031289},"SourceTimestamp":"2024-04-27T13:04:37.7635433Z","ServerTimestamp":"2024-04-27T13:04:37.7635959Z"},"nsu=http://opcfoundation.org/UA/Plc/Applications;s=DipData":{"Value":{"Type":11,"Body":90.482705246601952},"SourceTimestamp":"2024-04-27T13:04:37.7635574Z","ServerTimestamp":"2024-04-27T13:04:37.7635587Z"},"nsu=http://opcfoundation.org/UA/Plc/Applications;s=FastUIntScalar1":{"Value":{"Type":7,"Body":44},"SourceTimestamp":"2024-04-27T13:04:37.561313Z","ServerTimestamp":"2024-04-27T13:04:37.5613165Z"}}}]}