{"MessageId":"b304ee8d-d191-4386-9e96-58772529dce7","MessageType":"ua-data","PublisherId":"DESKTOP-BGFJS91","DataSetWriterGroup":"<<UnknownWriterGroup>>","Messages":[{"SequenceNumber":43,"MetaDataVersion":{"MajorVersion":1},"Timestamp":"2024-04-27T13:04:38.7859842Z","MessageType":"ua-deltaframe","DataSetWriterName":"MES","Payload":{"nsu=http://opcfoundation.org/UA/Plc/Applications;s=StepUp":{"Value":{"Type":7,"Body":452},"SourceTimestamp":"2024-04-27T13:04:38.7706189Z","ServerTimestamp":"2024-04-27T13:04:38.7706232Z"},"nsu=http://opcfoundation.org/UA/Plc/Applications;s=AlternatingBoolean":{"Value":{"Type":1,"Body":false},"SourceTimestamp":"2024-04-27T13:04:38.6630395Z","ServerTimestamp":"2024-04-27T13:04:38.6630439Z"},"nsu=http://opcfoundation.org/UA/Plc/Applications;s=RandomSignedInt32":{"Value":{"Type":6,"Body":1750292131},"SourceTimestamp":"2024-04-27T13:04:38.7706627Z","ServerTimestamp":"2024-04-27T13:04:38.7706697Z"},"nsu=http://opcfoundation.org/UA/Plc/Applications;s=RandomUnsignedInt32":{"Value":{"Type":7,"Body":1495255556},"SourceTimestamp":"2024-04-27T13:04:38.7706405Z","ServerTimestamp":"2024-04-27T13:04:38.7706455Z"},"nsu=http://opcfoundation.org/UA/Plc/Applications;s=DipData":{"Value":{"Type":11,"Body":-12.533323356430378},"SourceTimestamp":"2024-04-27T13:04:38.7706566Z","ServerTimestamp":"2024-04-27T13:04:38.7706581Z"},"nsu=http://opcfoundation.org/UA/Plc/Applications;s=FastUIntScalar1":{"Value":{"Type":7,"Body":45},"SourceTimestamp":"2024-04-27T13:04:38.569671Z","ServerTimestamp":"2024-04-27T13:04:38.5696728Z"}}}]}