{"MessageId":"a9ea63e4-d23b-4695-868f-c5514609debe","MessageType":"ua-data","PublisherId":"DESKTOP-BGFJS91","DataSetWriterGroup":"<<UnknownWriterGroup>>","Messages":[{"SequenceNumber":45,"MetaDataVersion":{"MajorVersion":1},"Timestamp":"2024-04-27T13:04:40.7717586Z","MessageType":"ua-deltaframe","DataSetWriterName":"MES","Payload":{"nsu=http://opcfoundation.org/UA/Plc/Applications;s=StepUp":{"Value":{"Type":7,"Body":471},"SourceTimestamp":"2024-04-27T13:04:40.6615591Z","ServerTimestamp":"2024-04-27T13:04:40.6615622Z"},"nsu=http://opcfoundation.org/UA/Plc/Applications;s=RandomSignedInt32":{"Value":{"Type":6,"Body":-554192184},"SourceTimestamp":"2024-04-27T13:04:40.6615708Z","ServerTimestamp":"2024-04-27T13:04:40.6615743Z"},"nsu=http://opcfoundation.org/UA/Plc/Applications;s=RandomUnsignedInt32":{"Value":{"Type":7,"Body":730801590},"SourceTimestamp":"2024-04-27T13:04:40.6615758Z","ServerTimestamp":"2024-04-27T13:04:40.6615823Z"},"nsu=http://opcfoundation.org/UA/Plc/Applications;s=DipData":{"Value":{"Type":11,"Body":-58.778525229247336},"SourceTimestamp":"2024-04-27T13:04:40.6615972Z","ServerTimestamp":"2024-04-27T13:04:40.6616055Z"},"nsu=http://opcfoundation.org/UA/Plc/Applications;s=FastUIntScalar1":{"Value":{"Type":7,"Body":47},"SourceTimestamp":"2024-04-27T13:04:40.5687863Z","ServerTimestamp":"2024-04-27T13:04:40.5687885Z"}}}]}