{"MessageId":"384c6bbe-0a8b-4b6e-93c0-8666b03947e3","MessageType":"ua-data","PublisherId":"DESKTOP-BGFJS91","DataSetWriterGroup":"<<UnknownWriterGroup>>","Messages":[{"SequenceNumber":46,"MetaDataVersion":{"MajorVersion":1},"Timestamp":"2024-04-27T13:04:41.8242132Z","MessageType":"ua-deltaframe","DataSetWriterName":"MES","Payload":{"nsu=http://opcfoundation.org/UA/Plc/Applications;s=StepUp":{"Value":{"Type":7,"Body":482},"SourceTimestamp":"2024-04-27T13:04:41.7616632Z","ServerTimestamp":"2024-04-27T13:04:41.7616671Z"},"nsu=http://opcfoundation.org/UA/Plc/Applications;s=RandomSignedInt32":{"Value":{"Type":6,"Body":1265577314},"SourceTimestamp":"2024-04-27T13:04:41.7616531Z","ServerTimestamp":"2024-04-27T13:04:41.7616586Z"},"nsu=http://opcfoundation.org/UA/Plc/Applications;s=RandomUnsignedInt32":{"Value":{"Type":7,"Body":961394231},"SourceTimestamp":"2024-04-27T13:04:41.7616504Z","ServerTimestamp":"2024-04-27T13:04:41.7616529Z"},"nsu=http://opcfoundation.org/UA/Plc/Applications;s=DipData":{"Value":{"Type":11,"Body":68.45471059286885},"SourceTimestamp":"2024-04-27T13:04:41.7616473Z","ServerTimestamp":"2024-04-27T13:04:41.7616513Z"},"nsu=http://opcfoundation.org/UA/Plc/Applications;s=FastUIntScalar1":{"Value":{"Type":7,"Body":48},"SourceTimestamp":"2024-04-27T13:04:41.5593663Z","ServerTimestamp":"2024-04-27T13:04:41.5593686Z"}}}]}