{"MessageId":"b2c18615-c982-4e9c-b872-9a69f2d0a75f","MessageType":"ua-data","PublisherId":"DESKTOP-BGFJS91","DataSetWriterGroup":"<<UnknownWriterGroup>>","Messages":[{"DataSetWriterId":5,"SequenceNumber":4,"MetaDataVersion":{"MajorVersion":1},"Timestamp":"2024-04-27T13:03:58.9964534Z","MessageType":"ua-deltaframe","DataSetWriterName":"Packaging","Payload":{"nsu=http://opcfoundation.org/UA/Plc/Applications;s=SpikeData":{"Value":{"Type":11,"Body":-36.812455268467787},"SourceTimestamp":"2024-04-27T13:03:58.9655393Z","ServerTimestamp":"2024-04-27T13:03:58.9655449Z"}}}]}