{"MessageId":"ef42ac09-adb3-4e17-b40d-bb1997473403","MessageType":"ua-data","PublisherId":"DESKTOP-BGFJS91","DataSetWriterGroup":"<<UnknownWriterGroup>>","Messages":[{"DataSetWriterId":1,"SequenceNumber":42,"MetaDataVersion":{"MajorVersion":1},"Timestamp":"2024-04-27T13:04:42.8765888Z","MessageType":"ua-deltaframe","DataSetWriterName":"Test","Payload":{"nsu=http://opcfoundation.org/UA/Plc/Applications;s=FastUIntScalar2":{"Value":{"Type":7,"Body":49},"SourceTimestamp":"2024-04-27T13:04:42.5665865Z","ServerTimestamp":"2024-04-27T13:04:42.5665877Z"},"nsu=http://opcfoundation.org/UA/Plc/Applications;s=FastUIntScalar3":{"Value":{"Type":7,"Body":49},"SourceTimestamp":"2024-04-27T13:04:42.5665886Z","ServerTimestamp":"2024-04-27T13:04:42.5665891Z"},"nsu=http://opcfoundation.org/UA/Plc/Applications;s=FastRandomUIntScalar1":{"Value":{"Type":7,"Body":3078202435},"SourceTimestamp":"2024-04-27T13:04:42.5665469Z","ServerTimestamp":"2024-04-27T13:04:42.5665497Z"},"nsu=http://opcfoundation.org/UA/Plc/Applications;s=FastRandomUIntScalar2":{"Value":{"Type":7,"Body":3732185169},"SourceTimestamp":"2024-04-27T13:04:42.566561Z","ServerTimestamp":"2024-04-27T13:04:42.5665619Z"},"nsu=http://opcfoundation.org/UA/Plc/Applications;s=FastRandomUIntScalar3":{"Value":{"Type":7,"Body":3220235272},"SourceTimestamp":"2024-04-27T13:04:42.5665638Z","ServerTimestamp":"2024-04-27T13:04:42.5665646Z"}}}]}