{"MessageId":"148be49a-bdd9-44b6-ba5e-361bd7e40401","MessageType":"ua-data","PublisherId":"DESKTOP-BGFJS91","DataSetWriterGroup":"<<UnknownWriterGroup>>","Messages":[{"SequenceNumber":48,"MetaDataVersion":{"MajorVersion":1},"Timestamp":"2024-04-27T13:04:43.8050476Z","MessageType":"ua-deltaframe","DataSetWriterName":"MES","Payload":{"nsu=http://opcfoundation.org/UA/Plc/Applications;s=StepUp":{"Value":{"Type":7,"Body":502},"SourceTimestamp":"2024-04-27T13:04:43.758579Z","ServerTimestamp":"2024-04-27T13:04:43.7586116Z"},"nsu=http://opcfoundation.org/UA/Plc/Applications;s=AlternatingBoolean":{"Value":{"Type":1,"Body":true},"SourceTimestamp":"2024-04-27T13:04:43.665385Z","ServerTimestamp":"2024-04-27T13:04:43.6654734Z"},"nsu=http://opcfoundation.org/UA/Plc/Applications;s=RandomSignedInt32":{"Value":{"Type":6,"Body":-390644454},"SourceTimestamp":"2024-04-27T13:04:43.7585878Z","ServerTimestamp":"2024-04-27T13:04:43.7585925Z"},"nsu=http://opcfoundation.org/UA/Plc/Applications;s=RandomUnsignedInt32":{"Value":{"Type":7,"Body":1393733283},"SourceTimestamp":"2024-04-27T13:04:43.7586041Z","ServerTimestamp":"2024-04-27T13:04:43.7586048Z"},"nsu=http://opcfoundation.org/UA/Plc/Applications;s=DipData":{"Value":{"Type":11,"Body":-12.533323356430378},"SourceTimestamp":"2024-04-27T13:04:43.7586201Z","ServerTimestamp":"2024-04-27T13:04:43.75863Z"},"nsu=http://opcfoundation.org/UA/Plc/Applications;s=FastUIntScalar1":{"Value":{"Type":7,"Body":50},"SourceTimestamp":"2024-04-27T13:04:43.5728877Z","ServerTimestamp":"2024-04-27T13:04:43.5728887Z"}}}]}