{"MessageId":"28cb452a-6f5e-42da-afd6-70cbbc36419a","MessageType":"ua-data","PublisherId":"DESKTOP-BGFJS91","DataSetWriterGroup":"<<UnknownWriterGroup>>","Messages":[{"DataSetWriterId":1,"SequenceNumber":45,"MetaDataVersion":{"MajorVersion":1},"Timestamp":"2024-04-27T13:04:45.8448004Z","MessageType":"ua-deltaframe","DataSetWriterName":"Test","Payload":{"nsu=http://opcfoundation.org/UA/Plc/Applications;s=FastUIntScalar2":{"Value":{"Type":7,"Body":52},"SourceTimestamp":"2024-04-27T13:04:45.5679208Z","ServerTimestamp":"2024-04-27T13:04:45.5679281Z"},"nsu=http://opcfoundation.org/UA/Plc/Applications;s=FastUIntScalar3":{"Value":{"Type":7,"Body":52},"SourceTimestamp":"2024-04-27T13:04:45.5679457Z","ServerTimestamp":"2024-04-27T13:04:45.5679513Z"},"nsu=http://opcfoundation.org/UA/Plc/Applications;s=FastRandomUIntScalar1":{"Value":{"Type":7,"Body":1592246331},"SourceTimestamp":"2024-04-27T13:04:45.5679118Z","ServerTimestamp":"2024-04-27T13:04:45.5679214Z"},"nsu=http://opcfoundation.org/UA/Plc/Applications;s=FastRandomUIntScalar2":{"Value":{"Type":7,"Body":2679465222},"SourceTimestamp":"2024-04-27T13:04:45.5679279Z","ServerTimestamp":"2024-04-27T13:04:45.5679298Z"},"nsu=http://opcfoundation.org/UA/Plc/Applications;s=FastRandomUIntScalar3":{"Value":{"Type":7,"Body":2504768212},"SourceTimestamp":"2024-04-27T13:04:45.5679311Z","ServerTimestamp":"2024-04-27T13:04:45.5679317Z"}}}]}