{"MessageId":"5004f35a-6c99-4de2-9d00-efdfdd490c55","MessageType":"ua-data","PublisherId":"DESKTOP-BGFJS91","DataSetWriterGroup":"<<UnknownWriterGroup>>","Messages":[{"DataSetWriterId":5,"SequenceNumber":44,"MetaDataVersion":{"MajorVersion":1},"Timestamp":"2024-04-27T13:04:45.9677177Z","MessageType":"ua-deltaframe","DataSetWriterName":"Packaging","Payload":{"nsu=http://opcfoundation.org/UA/Plc/Applications;s=SpikeData":{"Value":{"Type":11,"Body":-36.812455268467829},"SourceTimestamp":"2024-04-27T13:04:45.860068Z","ServerTimestamp":"2024-04-27T13:04:45.8600694Z"}}}]}