{"MessageId":"c5fb2631-4153-4dc4-bb83-6a1c1a57b6cf","MessageType":"ua-data","PublisherId":"DESKTOP-BGFJS91","DataSetWriterGroup":"<<UnknownWriterGroup>>","Messages":[{"DataSetWriterId":1,"SequenceNumber":5,"MetaDataVersion":{"MajorVersion":1},"Timestamp":"2024-04-27T13:03:59.8634484Z","MessageType":"ua-deltaframe","DataSetWriterName":"Test","Payload":{"nsu=http://opcfoundation.org/UA/Plc/Applications;s=FastUIntScalar2":{"Value":{"Type":7,"Body":6},"SourceTimestamp":"2024-04-27T13:03:59.5675907Z","ServerTimestamp":"2024-04-27T13:03:59.5675924Z"},"nsu=http://opcfoundation.org/UA/Plc/Applications;s=FastUIntScalar3":{"Value":{"Type":7,"Body":6},"SourceTimestamp":"2024-04-27T13:03:59.5675933Z","ServerTimestamp":"2024-04-27T13:03:59.5675947Z"},"nsu=http://opcfoundation.org/UA/Plc/Applications;s=FastRandomUIntScalar1":{"Value":{"Type":7,"Body":1702332494},"SourceTimestamp":"2024-04-27T13:03:59.567571Z","ServerTimestamp":"2024-04-27T13:03:59.5675732Z"},"nsu=http://opcfoundation.org/UA/Plc/Applications;s=FastRandomUIntScalar2":{"Value":{"Type":7,"Body":1291843879},"SourceTimestamp":"2024-04-27T13:03:59.5675841Z","ServerTimestamp":"2024-04-27T13:03:59.5675907Z"},"nsu=http://opcfoundation.org/UA/Plc/Applications;s=FastRandomUIntScalar3":{"Value":{"Type":7,"Body":1672517036},"SourceTimestamp":"2024-04-27T13:03:59.5675923Z","ServerTimestamp":"2024-04-27T13:03:59.5675935Z"}}}]}