{"MessageId":"7a39ab28-db6a-4e7a-b3b0-1faf5c9b4499","MessageType":"ua-data","PublisherId":"DESKTOP-BGFJS91","DataSetWriterGroup":"<<UnknownWriterGroup>>","Messages":[{"DataSetWriterId":1,"SequenceNumber":52,"MetaDataVersion":{"MajorVersion":1},"Timestamp":"2024-04-27T13:04:53.8737178Z","MessageType":"ua-deltaframe","DataSetWriterName":"Test","Payload":{"nsu=http://opcfoundation.org/UA/Plc/Applications;s=FastUIntScalar2":{"Value":{"Type":7,"Body":60},"SourceTimestamp":"2024-04-27T13:04:53.5633412Z","ServerTimestamp":"2024-04-27T13:04:53.5633465Z"},"nsu=http://opcfoundation.org/UA/Plc/Applications;s=FastUIntScalar3":{"Value":{"Type":7,"Body":60},"SourceTimestamp":"2024-04-27T13:04:53.5633478Z","ServerTimestamp":"2024-04-27T13:04:53.5633488Z"},"nsu=http://opcfoundation.org/UA/Plc/Applications;s=FastRandomUIntScalar1":{"Value":{"Type":7,"Body":2235425943},"SourceTimestamp":"2024-04-27T13:04:53.5633398Z","ServerTimestamp":"2024-04-27T13:04:53.563345Z"},"nsu=http://opcfoundation.org/UA/Plc/Applications;s=FastRandomUIntScalar2":{"Value":{"Type":7,"Body":3325370909},"SourceTimestamp":"2024-04-27T13:04:53.5633466Z","ServerTimestamp":"2024-04-27T13:04:53.5633478Z"},"nsu=http://opcfoundation.org/UA/Plc/Applications;s=FastRandomUIntScalar3":{"Value":{"Type":7,"Body":3425469336},"SourceTimestamp":"2024-04-27T13:04:53.563349Z","ServerTimestamp":"2024-04-27T13:04:53.5633499Z"}}}]}