{"MessageId":"af068e2e-e2c9-42d2-9806-97794dbc5d0f","MessageType":"ua-data","PublisherId":"DESKTOP-BGFJS91","DataSetWriterGroup":"<<UnknownWriterGroup>>","Messages":[{"SequenceNumber":58,"MetaDataVersion":{"MajorVersion":1},"Timestamp":"2024-04-27T13:04:54.8004228Z","MessageType":"ua-deltaframe","DataSetWriterName":"MES","Payload":{"nsu=http://opcfoundation.org/UA/Plc/Applications;s=StepUp":{"Value":{"Type":7,"Body":612},"SourceTimestamp":"2024-04-27T13:04:54.7681972Z","ServerTimestamp":"2024-04-27T13:04:54.7682013Z"},"nsu=http://opcfoundation.org/UA/Plc/Applications;s=RandomSignedInt32":{"Value":{"Type":6,"Body":-692134558},"SourceTimestamp":"2024-04-27T13:04:54.7682294Z","ServerTimestamp":"2024-04-27T13:04:54.7682372Z"},"nsu=http://opcfoundation.org/UA/Plc/Applications;s=RandomUnsignedInt32":{"Value":{"Type":7,"Body":1643150749},"SourceTimestamp":"2024-04-27T13:04:54.7682606Z","ServerTimestamp":"2024-04-27T13:04:54.7682633Z"},"nsu=http://opcfoundation.org/UA/Plc/Applications;s=DipData":{"Value":{"Type":11,"Body":-98.228725072868855},"SourceTimestamp":"2024-04-27T13:04:54.7682516Z","ServerTimestamp":"2024-04-27T13:04:54.7682532Z"},"nsu=http://opcfoundation.org/UA/Plc/Applications;s=FastUIntScalar1":{"Value":{"Type":7,"Body":61},"SourceTimestamp":"2024-04-27T13:04:54.5669149Z","ServerTimestamp":"2024-04-27T13:04:54.5669183Z"}}}]}