{"MessageId":"24e4a38b-6c27-4b55-8b61-09b30546ed63","MessageType":"ua-data","PublisherId":"DESKTOP-BGFJS91","DataSetWriterGroup":"<<UnknownWriterGroup>>","Messages":[{"SequenceNumber":7,"MetaDataVersion":{"MajorVersion":1},"Timestamp":"2024-04-27T13:04:00.8019041Z","MessageType":"ua-deltaframe","DataSetWriterName":"MES","Payload":{"nsu=http://opcfoundation.org/UA/Plc/Applications;s=StepUp":{"Value":{"Type":7,"Body":72},"SourceTimestamp":"2024-04-27T13:04:00.7702683Z","ServerTimestamp":"2024-04-27T13:04:00.7702714Z"},"nsu=http://opcfoundation.org/UA/Plc/Applications;s=RandomSignedInt32":{"Value":{"Type":6,"Body":-248429044},"SourceTimestamp":"2024-04-27T13:04:00.7702896Z","ServerTimestamp":"2024-04-27T13:04:00.7702905Z"},"nsu=http://opcfoundation.org/UA/Plc/Applications;s=RandomUnsignedInt32":{"Value":{"Type":7,"Body":1042249661},"SourceTimestamp":"2024-04-27T13:04:00.7702988Z","ServerTimestamp":"2024-04-27T13:04:00.7703121Z"},"nsu=http://opcfoundation.org/UA/Plc/Applications;s=DipData":{"Value":{"Type":11,"Body":-1000},"SourceTimestamp":"2024-04-27T13:04:00.7703024Z","ServerTimestamp":"2024-04-27T13:04:00.7703076Z"},"nsu=http://opcfoundation.org/UA/Plc/Applications;s=FastUIntScalar1":{"Value":{"Type":7,"Body":7},"SourceTimestamp":"2024-04-27T13:04:00.5669949Z","ServerTimestamp":"2024-04-27T13:04:00.5669971Z"}}}]}