{"MessageId":"7a7bbd0d-af6b-431d-a090-c964938245e0","MessageType":"ua-data","PublisherId":"DESKTOP-BGFJS91","DataSetWriterGroup":"<<UnknownWriterGroup>>","Messages":[{"DataSetWriterId":1,"SequenceNumber":55,"MetaDataVersion":{"MajorVersion":1},"Timestamp":"2024-04-27T13:04:56.8437413Z","MessageType":"ua-deltaframe","DataSetWriterName":"Test","Payload":{"nsu=http://opcfoundation.org/UA/Plc/Applications;s=FastUIntScalar2":{"Value":{"Type":7,"Body":63},"SourceTimestamp":"2024-04-27T13:04:56.5618472Z","ServerTimestamp":"2024-04-27T13:04:56.5618484Z"},"nsu=http://opcfoundation.org/UA/Plc/Applications;s=FastUIntScalar3":{"Value":{"Type":7,"Body":63},"SourceTimestamp":"2024-04-27T13:04:56.5618503Z","ServerTimestamp":"2024-04-27T13:04:56.561852Z"},"nsu=http://opcfoundation.org/UA/Plc/Applications;s=FastRandomUIntScalar1":{"Value":{"Type":7,"Body":698163413},"SourceTimestamp":"2024-04-27T13:04:56.5618292Z","ServerTimestamp":"2024-04-27T13:04:56.5618313Z"},"nsu=http://opcfoundation.org/UA/Plc/Applications;s=FastRandomUIntScalar2":{"Value":{"Type":7,"Body":3128117818},"SourceTimestamp":"2024-04-27T13:04:56.5618401Z","ServerTimestamp":"2024-04-27T13:04:56.5618471Z"},"nsu=http://opcfoundation.org/UA/Plc/Applications;s=FastRandomUIntScalar3":{"Value":{"Type":7,"Body":2985562782},"SourceTimestamp":"2024-04-27T13:04:56.5618486Z","ServerTimestamp":"2024-04-27T13:04:56.5618503Z"}}}]}