{"MessageId":"35757a8f-8726-43a6-bb80-ebe8e3ed0849","MessageType":"ua-data","PublisherId":"DESKTOP-BGFJS91","DataSetWriterGroup":"<<UnknownWriterGroup>>","Messages":[{"DataSetWriterId":5,"SequenceNumber":54,"MetaDataVersion":{"MajorVersion":1},"Timestamp":"2024-04-27T13:04:58.0214145Z","MessageType":"ua-deltaframe","DataSetWriterName":"Packaging","Payload":{"nsu=http://opcfoundation.org/UA/Plc/Applications;s=SpikeData":{"Value":{"Type":11,"Body":77.051324277578928},"SourceTimestamp":"2024-04-27T13:04:57.9731795Z","ServerTimestamp":"2024-04-27T13:04:57.9731829Z"}}}]}