{"MessageId":"fbb42ac5-5c55-4c9f-a762-9fbe9e399d4f","MessageType":"ua-data","PublisherId":"DESKTOP-BGFJS91","DataSetWriterGroup":"<<UnknownWriterGroup>>","Messages":[{"SequenceNumber":64,"MetaDataVersion":{"MajorVersion":1},"Timestamp":"2024-04-27T13:05:00.8178416Z","MessageType":"ua-deltaframe","DataSetWriterName":"MES","Payload":{"nsu=http://opcfoundation.org/UA/Plc/Applications;s=StepUp":{"Value":{"Type":7,"Body":672},"SourceTimestamp":"2024-04-27T13:05:00.7704046Z","ServerTimestamp":"2024-04-27T13:05:00.7705033Z"},"nsu=http://opcfoundation.org/UA/Plc/Applications;s=RandomSignedInt32":{"Value":{"Type":6,"Body":-415568234},"SourceTimestamp":"2024-04-27T13:05:00.7704333Z","ServerTimestamp":"2024-04-27T13:05:00.7704444Z"},"nsu=http://opcfoundation.org/UA/Plc/Applications;s=RandomUnsignedInt32":{"Value":{"Type":7,"Body":1557699473},"SourceTimestamp":"2024-04-27T13:05:00.7704269Z","ServerTimestamp":"2024-04-27T13:05:00.7704571Z"},"nsu=http://opcfoundation.org/UA/Plc/Applications;s=DipData":{"Value":{"Type":11,"Body":-48.175367410171539},"SourceTimestamp":"2024-04-27T13:05:00.7704708Z","ServerTimestamp":"2024-04-27T13:05:00.7704774Z"},"nsu=http://opcfoundation.org/UA/Plc/Applications;s=FastUIntScalar1":{"Value":{"Type":7,"Body":67},"SourceTimestamp":"2024-04-27T13:05:00.5686389Z","ServerTimestamp":"2024-04-27T13:05:00.5686422Z"}}}]}