{"MessageId":"aaf6a8bf-f1f0-4ae5-8f81-3e01f91bb0aa","MessageType":"ua-data","PublisherId":"DESKTOP-BGFJS91","DataSetWriterGroup":"<<UnknownWriterGroup>>","Messages":[{"DataSetWriterId":1,"SequenceNumber":59,"MetaDataVersion":{"MajorVersion":1},"Timestamp":"2024-04-27T13:05:00.8795999Z","MessageType":"ua-deltaframe","DataSetWriterName":"Test","Payload":{"nsu=http://opcfoundation.org/UA/Plc/Applications;s=FastUIntScalar2":{"Value":{"Type":7,"Body":67},"SourceTimestamp":"2024-04-27T13:05:00.5686546Z","ServerTimestamp":"2024-04-27T13:05:00.5686559Z"},"nsu=http://opcfoundation.org/UA/Plc/Applications;s=FastUIntScalar3":{"Value":{"Type":7,"Body":67},"SourceTimestamp":"2024-04-27T13:05:00.5686577Z","ServerTimestamp":"2024-04-27T13:05:00.5686585Z"},"nsu=http://opcfoundation.org/UA/Plc/Applications;s=FastRandomUIntScalar1":{"Value":{"Type":7,"Body":328194013},"SourceTimestamp":"2024-04-27T13:05:00.5686662Z","ServerTimestamp":"2024-04-27T13:05:00.5686698Z"},"nsu=http://opcfoundation.org/UA/Plc/Applications;s=FastRandomUIntScalar2":{"Value":{"Type":7,"Body":3635875349},"SourceTimestamp":"2024-04-27T13:05:00.5686826Z","ServerTimestamp":"2024-04-27T13:05:00.5686838Z"},"nsu=http://opcfoundation.org/UA/Plc/Applications;s=FastRandomUIntScalar3":{"Value":{"Type":7,"Body":1920018491},"SourceTimestamp":"2024-04-27T13:05:00.5686869Z","ServerTimestamp":"2024-04-27T13:05:00.568688Z"}}}]}