{"MessageId":"82b523d1-1fc2-4f91-aec9-6b960d8576f8","MessageType":"ua-data","PublisherId":"DESKTOP-BGFJS91","DataSetWriterGroup":"<<UnknownWriterGroup>>","Messages":[{"SequenceNumber":65,"MetaDataVersion":{"MajorVersion":1},"Timestamp":"2024-04-27T13:05:01.8079094Z","MessageType":"ua-deltaframe","DataSetWriterName":"MES","Payload":{"nsu=http://opcfoundation.org/UA/Plc/Applications;s=StepUp":{"Value":{"Type":7,"Body":682},"SourceTimestamp":"2024-04-27T13:05:01.7604709Z","ServerTimestamp":"2024-04-27T13:05:01.7604934Z"},"nsu=http://opcfoundation.org/UA/Plc/Applications;s=RandomSignedInt32":{"Value":{"Type":6,"Body":-1687906494},"SourceTimestamp":"2024-04-27T13:05:01.760484Z","ServerTimestamp":"2024-04-27T13:05:01.7604855Z"},"nsu=http://opcfoundation.org/UA/Plc/Applications;s=RandomUnsignedInt32":{"Value":{"Type":7,"Body":1184997231},"SourceTimestamp":"2024-04-27T13:05:01.7604989Z","ServerTimestamp":"2024-04-27T13:05:01.7605036Z"},"nsu=http://opcfoundation.org/UA/Plc/Applications;s=DipData":{"Value":{"Type":11,"Body":68.45471059286885},"SourceTimestamp":"2024-04-27T13:05:01.7604984Z","ServerTimestamp":"2024-04-27T13:05:01.7604992Z"},"nsu=http://opcfoundation.org/UA/Plc/Applications;s=FastUIntScalar1":{"Value":{"Type":7,"Body":68},"SourceTimestamp":"2024-04-27T13:05:01.5599186Z","ServerTimestamp":"2024-04-27T13:05:01.5599223Z"}}}]}