{"MessageId":"cac093a3-fa63-4445-bff4-9645cf9ad91f","MessageType":"ua-data","PublisherId":"DESKTOP-BGFJS91","DataSetWriterGroup":"<<UnknownWriterGroup>>","Messages":[{"DataSetWriterId":1,"SequenceNumber":60,"MetaDataVersion":{"MajorVersion":1},"Timestamp":"2024-04-27T13:05:01.8693578Z","MessageType":"ua-deltaframe","DataSetWriterName":"Test","Payload":{"nsu=http://opcfoundation.org/UA/Plc/Applications;s=FastUIntScalar2":{"Value":{"Type":7,"Body":68},"SourceTimestamp":"2024-04-27T13:05:01.5599363Z","ServerTimestamp":"2024-04-27T13:05:01.5599378Z"},"nsu=http://opcfoundation.org/UA/Plc/Applications;s=FastUIntScalar3":{"Value":{"Type":7,"Body":68},"SourceTimestamp":"2024-04-27T13:05:01.5599405Z","ServerTimestamp":"2024-04-27T13:05:01.5599415Z"},"nsu=http://opcfoundation.org/UA/Plc/Applications;s=FastRandomUIntScalar1":{"Value":{"Type":7,"Body":1974058035},"SourceTimestamp":"2024-04-27T13:05:01.5599656Z","ServerTimestamp":"2024-04-27T13:05:01.559969Z"},"nsu=http://opcfoundation.org/UA/Plc/Applications;s=FastRandomUIntScalar2":{"Value":{"Type":7,"Body":2084020268},"SourceTimestamp":"2024-04-27T13:05:01.5599807Z","ServerTimestamp":"2024-04-27T13:05:01.5599814Z"},"nsu=http://opcfoundation.org/UA/Plc/Applications;s=FastRandomUIntScalar3":{"Value":{"Type":7,"Body":88242100},"SourceTimestamp":"2024-04-27T13:05:01.559983Z","ServerTimestamp":"2024-04-27T13:05:01.5599839Z"}}}]}