{"MessageId":"601b0b54-c8b6-409e-9f51-23da305aa845","MessageType":"ua-data","PublisherId":"DESKTOP-BGFJS91","DataSetWriterGroup":"<<UnknownWriterGroup>>","Messages":[{"SequenceNumber":68,"MetaDataVersion":{"MajorVersion":1},"Timestamp":"2024-04-27T13:05:04.7887986Z","MessageType":"ua-deltaframe","DataSetWriterName":"MES","Payload":{"nsu=http://opcfoundation.org/UA/Plc/Applications;s=StepUp":{"Value":{"Type":7,"Body":712},"SourceTimestamp":"2024-04-27T13:05:04.7727105Z","ServerTimestamp":"2024-04-27T13:05:04.7727136Z"},"nsu=http://opcfoundation.org/UA/Plc/Applications;s=RandomSignedInt32":{"Value":{"Type":6,"Body":1813818409},"SourceTimestamp":"2024-04-27T13:05:04.7727278Z","ServerTimestamp":"2024-04-27T13:05:04.7727345Z"},"nsu=http://opcfoundation.org/UA/Plc/Applications;s=RandomUnsignedInt32":{"Value":{"Type":7,"Body":1224270395},"SourceTimestamp":"2024-04-27T13:05:04.7727358Z","ServerTimestamp":"2024-04-27T13:05:04.7727779Z"},"nsu=http://opcfoundation.org/UA/Plc/Applications;s=DipData":{"Value":{"Type":11,"Body":-98.228725072868855},"SourceTimestamp":"2024-04-27T13:05:04.7727539Z","ServerTimestamp":"2024-04-27T13:05:04.7727551Z"},"nsu=http://opcfoundation.org/UA/Plc/Applications;s=FastUIntScalar1":{"Value":{"Type":7,"Body":71},"SourceTimestamp":"2024-04-27T13:05:04.56951Z","ServerTimestamp":"2024-04-27T13:05:04.5695122Z"}}}]}