{"MessageId":"c4efe6fe-ee74-486e-a978-6ec16f802ba3","MessageType":"ua-data","PublisherId":"DESKTOP-BGFJS91","DataSetWriterGroup":"<<UnknownWriterGroup>>","Messages":[{"SequenceNumber":69,"MetaDataVersion":{"MajorVersion":1},"Timestamp":"2024-04-27T13:05:05.7788352Z","MessageType":"ua-deltaframe","DataSetWriterName":"MES","Payload":{"nsu=http://opcfoundation.org/UA/Plc/Applications;s=StepUp":{"Value":{"Type":7,"Body":722},"SourceTimestamp":"2024-04-27T13:05:05.7630236Z","ServerTimestamp":"2024-04-27T13:05:05.7631079Z"},"nsu=http://opcfoundation.org/UA/Plc/Applications;s=RandomSignedInt32":{"Value":{"Type":6,"Body":-97745068},"SourceTimestamp":"2024-04-27T13:05:05.7630244Z","ServerTimestamp":"2024-04-27T13:05:05.7630446Z"},"nsu=http://opcfoundation.org/UA/Plc/Applications;s=RandomUnsignedInt32":{"Value":{"Type":7,"Body":517729184},"SourceTimestamp":"2024-04-27T13:05:05.7630562Z","ServerTimestamp":"2024-04-27T13:05:05.7630945Z"},"nsu=http://opcfoundation.org/UA/Plc/Applications;s=DipData":{"Value":{"Type":11,"Body":-48.175367410171539},"SourceTimestamp":"2024-04-27T13:05:05.7630564Z","ServerTimestamp":"2024-04-27T13:05:05.7630582Z"},"nsu=http://opcfoundation.org/UA/Plc/Applications;s=FastUIntScalar1":{"Value":{"Type":7,"Body":72},"SourceTimestamp":"2024-04-27T13:05:05.562746Z","ServerTimestamp":"2024-04-27T13:05:05.562772Z"}}}]}