{"MessageId":"d3aeec08-0b9e-4f94-bad0-dabc79b0fdf9","MessageType":"ua-data","PublisherId":"DESKTOP-BGFJS91","DataSetWriterGroup":"<<UnknownWriterGroup>>","Messages":[{"DataSetWriterId":5,"SequenceNumber":61,"MetaDataVersion":{"MajorVersion":1},"Timestamp":"2024-04-27T13:05:05.9659338Z","MessageType":"ua-deltaframe","DataSetWriterName":"Packaging","Payload":{"nsu=http://opcfoundation.org/UA/Plc/Applications;s=SpikeData":{"Value":{"Type":11,"Body":-36.812455268467829},"SourceTimestamp":"2024-04-27T13:05:05.8719426Z","ServerTimestamp":"2024-04-27T13:05:05.871944Z"}}}]}