{"MessageId":"c5b8b7c3-de86-4ff2-a1f6-3b4fe05c7767","MessageType":"ua-data","PublisherId":"DESKTOP-BGFJS91","DataSetWriterGroup":"<<UnknownWriterGroup>>","Messages":[{"DataSetWriterId":5,"SequenceNumber":62,"MetaDataVersion":{"MajorVersion":1},"Timestamp":"2024-04-27T13:05:07.0188905Z","MessageType":"ua-deltaframe","DataSetWriterName":"Packaging","Payload":{"nsu=http://opcfoundation.org/UA/Plc/Applications;s=SpikeData":{"Value":{"Type":11,"Body":84.432792550201498},"SourceTimestamp":"2024-04-27T13:05:06.9576168Z","ServerTimestamp":"2024-04-27T13:05:06.9576404Z"}}}]}