{"MessageId":"d979fe78-9255-4069-b68a-64c4e33d1249","MessageType":"ua-data","PublisherId":"DESKTOP-BGFJS91","DataSetWriterGroup":"<<UnknownWriterGroup>>","Messages":[{"DataSetWriterId":1,"SequenceNumber":65,"MetaDataVersion":{"MajorVersion":1},"Timestamp":"2024-04-27T13:05:07.8844643Z","MessageType":"ua-deltaframe","DataSetWriterName":"Test","Payload":{"nsu=http://opcfoundation.org/UA/Plc/Applications;s=FastUIntScalar2":{"Value":{"Type":7,"Body":74},"SourceTimestamp":"2024-04-27T13:05:07.5600629Z","ServerTimestamp":"2024-04-27T13:05:07.5600646Z"},"nsu=http://opcfoundation.org/UA/Plc/Applications;s=FastUIntScalar3":{"Value":{"Type":7,"Body":74},"SourceTimestamp":"2024-04-27T13:05:07.5600671Z","ServerTimestamp":"2024-04-27T13:05:07.5600682Z"},"nsu=http://opcfoundation.org/UA/Plc/Applications;s=FastRandomUIntScalar1":{"Value":{"Type":7,"Body":323259359},"SourceTimestamp":"2024-04-27T13:05:07.5600699Z","ServerTimestamp":"2024-04-27T13:05:07.5600747Z"},"nsu=http://opcfoundation.org/UA/Plc/Applications;s=FastRandomUIntScalar2":{"Value":{"Type":7,"Body":2950385647},"SourceTimestamp":"2024-04-27T13:05:07.5600878Z","ServerTimestamp":"2024-04-27T13:05:07.5600891Z"},"nsu=http://opcfoundation.org/UA/Plc/Applications;s=FastRandomUIntScalar3":{"Value":{"Type":7,"Body":111017512},"SourceTimestamp":"2024-04-27T13:05:07.5600914Z","ServerTimestamp":"2024-04-27T13:05:07.5601119Z"}}}]}