{"MessageId":"6c86e39d-103f-4f66-9166-8d3b7eb4b11b","MessageType":"ua-data","PublisherId":"DESKTOP-BGFJS91","DataSetWriterGroup":"<<UnknownWriterGroup>>","Messages":[{"DataSetWriterId":2,"SequenceNumber":9,"MetaDataVersion":{"MajorVersion":1},"Timestamp":"2024-04-27T13:05:08.8769583Z","MessageType":"ua-deltaframe","DataSetWriterName":"Assembly","Payload":{"nsu=http://opcfoundation.org/UA/Plc/Applications;s=NegativeTrendData":{"Value":{"Type":11,"Body":99.400000000000006},"SourceTimestamp":"2024-04-27T13:05:08.6578362Z","ServerTimestamp":"2024-04-27T13:05:08.6578755Z"},"nsu=http://opcfoundation.org/UA/Plc/Applications;s=PositiveTrendData":{"Value":{"Type":11,"Body":100.8},"SourceTimestamp":"2024-04-27T13:05:08.6578362Z","ServerTimestamp":"2024-04-27T13:05:08.6578393Z"}}}]}