{"MessageId":"10cd69ea-82bb-4754-b846-48046bd78719","MessageType":"ua-data","PublisherId":"DESKTOP-BGFJS91","DataSetWriterGroup":"<<UnknownWriterGroup>>","Messages":[{"DataSetWriterId":1,"SequenceNumber":67,"MetaDataVersion":{"MajorVersion":1},"Timestamp":"2024-04-27T13:05:09.8754399Z","MessageType":"ua-deltaframe","DataSetWriterName":"Test","Payload":{"nsu=http://opcfoundation.org/UA/Plc/Applications;s=FastUIntScalar2":{"Value":{"Type":7,"Body":76},"SourceTimestamp":"2024-04-27T13:05:09.5637341Z","ServerTimestamp":"2024-04-27T13:05:09.5637407Z"},"nsu=http://opcfoundation.org/UA/Plc/Applications;s=FastUIntScalar3":{"Value":{"Type":7,"Body":76},"SourceTimestamp":"2024-04-27T13:05:09.5637422Z","ServerTimestamp":"2024-04-27T13:05:09.5637428Z"},"nsu=http://opcfoundation.org/UA/Plc/Applications;s=FastRandomUIntScalar1":{"Value":{"Type":7,"Body":2020477629},"SourceTimestamp":"2024-04-27T13:05:09.563731Z","ServerTimestamp":"2024-04-27T13:05:09.563734Z"},"nsu=http://opcfoundation.org/UA/Plc/Applications;s=FastRandomUIntScalar2":{"Value":{"Type":7,"Body":1897749715},"SourceTimestamp":"2024-04-27T13:05:09.5637403Z","ServerTimestamp":"2024-04-27T13:05:09.5637419Z"},"nsu=http://opcfoundation.org/UA/Plc/Applications;s=FastRandomUIntScalar3":{"Value":{"Type":7,"Body":1019497174},"SourceTimestamp":"2024-04-27T13:05:09.5637427Z","ServerTimestamp":"2024-04-27T13:05:09.5637438Z"}}}]}