{"MessageId":"bbba814a-038c-4b64-912d-4dea47066f02","MessageType":"ua-data","PublisherId":"DESKTOP-BGFJS91","DataSetWriterGroup":"<<UnknownWriterGroup>>","Messages":[{"SequenceNumber":74,"MetaDataVersion":{"MajorVersion":1},"Timestamp":"2024-04-27T13:05:11.7966244Z","MessageType":"ua-deltaframe","DataSetWriterName":"MES","Payload":{"nsu=http://opcfoundation.org/UA/Plc/Applications;s=StepUp":{"Value":{"Type":7,"Body":782},"SourceTimestamp":"2024-04-27T13:05:11.7640517Z","ServerTimestamp":"2024-04-27T13:05:11.7640554Z"},"nsu=http://opcfoundation.org/UA/Plc/Applications;s=RandomSignedInt32":{"Value":{"Type":6,"Body":-48272781},"SourceTimestamp":"2024-04-27T13:05:11.7640805Z","ServerTimestamp":"2024-04-27T13:05:11.7640816Z"},"nsu=http://opcfoundation.org/UA/Plc/Applications;s=RandomUnsignedInt32":{"Value":{"Type":7,"Body":1827229165},"SourceTimestamp":"2024-04-27T13:05:11.7640968Z","ServerTimestamp":"2024-04-27T13:05:11.7641032Z"},"nsu=http://opcfoundation.org/UA/Plc/Applications;s=DipData":{"Value":{"Type":11,"Body":68.45471059286885},"SourceTimestamp":"2024-04-27T13:05:11.7640977Z","ServerTimestamp":"2024-04-27T13:05:11.7640992Z"},"nsu=http://opcfoundation.org/UA/Plc/Applications;s=FastUIntScalar1":{"Value":{"Type":7,"Body":78},"SourceTimestamp":"2024-04-27T13:05:11.5644174Z","ServerTimestamp":"2024-04-27T13:05:11.5644212Z"}}}]}