{"MessageId":"6b2a4b7c-1ff1-4928-8076-b9b6936cf78e","MessageType":"ua-data","PublisherId":"DESKTOP-BGFJS91","DataSetWriterGroup":"<<UnknownWriterGroup>>","Messages":[{"SequenceNumber":76,"MetaDataVersion":{"MajorVersion":1},"Timestamp":"2024-04-27T13:05:13.7742427Z","MessageType":"ua-deltaframe","DataSetWriterName":"MES","Payload":{"nsu=http://opcfoundation.org/UA/Plc/Applications;s=StepUp":{"Value":{"Type":7,"Body":802},"SourceTimestamp":"2024-04-27T13:05:13.7585382Z","ServerTimestamp":"2024-04-27T13:05:13.7585568Z"},"nsu=http://opcfoundation.org/UA/Plc/Applications;s=AlternatingBoolean":{"Value":{"Type":1,"Body":true},"SourceTimestamp":"2024-04-27T13:05:13.6659748Z","ServerTimestamp":"2024-04-27T13:05:13.6659781Z"},"nsu=http://opcfoundation.org/UA/Plc/Applications;s=RandomSignedInt32":{"Value":{"Type":6,"Body":582965460},"SourceTimestamp":"2024-04-27T13:05:13.7585666Z","ServerTimestamp":"2024-04-27T13:05:13.7586263Z"},"nsu=http://opcfoundation.org/UA/Plc/Applications;s=RandomUnsignedInt32":{"Value":{"Type":7,"Body":55741961},"SourceTimestamp":"2024-04-27T13:05:13.7585653Z","ServerTimestamp":"2024-04-27T13:05:13.7585718Z"},"nsu=http://opcfoundation.org/UA/Plc/Applications;s=DipData":{"Value":{"Type":11,"Body":-12.533323356430378},"SourceTimestamp":"2024-04-27T13:05:13.7585861Z","ServerTimestamp":"2024-04-27T13:05:13.7585939Z"},"nsu=http://opcfoundation.org/UA/Plc/Applications;s=FastUIntScalar1":{"Value":{"Type":7,"Body":80},"SourceTimestamp":"2024-04-27T13:05:13.5596135Z","ServerTimestamp":"2024-04-27T13:05:13.5596146Z"}}}]}