{"MessageId":"d2649c41-c072-4d9e-812b-383b1976bb59","MessageType":"ua-data","PublisherId":"DESKTOP-BGFJS91","DataSetWriterGroup":"<<UnknownWriterGroup>>","Messages":[{"DataSetWriterId":1,"SequenceNumber":75,"MetaDataVersion":{"MajorVersion":1},"Timestamp":"2024-04-27T13:05:18.8578683Z","MessageType":"ua-deltaframe","DataSetWriterName":"Test","Payload":{"nsu=http://opcfoundation.org/UA/Plc/Applications;s=FastUIntScalar2":{"Value":{"Type":7,"Body":85},"SourceTimestamp":"2024-04-27T13:05:18.5601731Z","ServerTimestamp":"2024-04-27T13:05:18.5601803Z"},"nsu=http://opcfoundation.org/UA/Plc/Applications;s=FastUIntScalar3":{"Value":{"Type":7,"Body":85},"SourceTimestamp":"2024-04-27T13:05:18.5601817Z","ServerTimestamp":"2024-04-27T13:05:18.5601834Z"},"nsu=http://opcfoundation.org/UA/Plc/Applications;s=FastRandomUIntScalar1":{"Value":{"Type":7,"Body":1217142371},"SourceTimestamp":"2024-04-27T13:05:18.5601707Z","ServerTimestamp":"2024-04-27T13:05:18.5601734Z"},"nsu=http://opcfoundation.org/UA/Plc/Applications;s=FastRandomUIntScalar2":{"Value":{"Type":7,"Body":2695258055},"SourceTimestamp":"2024-04-27T13:05:18.5601803Z","ServerTimestamp":"2024-04-27T13:05:18.5601817Z"},"nsu=http://opcfoundation.org/UA/Plc/Applications;s=FastRandomUIntScalar3":{"Value":{"Type":7,"Body":4086335329},"SourceTimestamp":"2024-04-27T13:05:18.5601832Z","ServerTimestamp":"2024-04-27T13:05:18.5601847Z"}}}]}