{"MessageId":"61439d6f-bda5-445e-a2dc-f2062d515315","MessageType":"ua-data","PublisherId":"DESKTOP-BGFJS91","DataSetWriterGroup":"<<UnknownWriterGroup>>","Messages":[{"DataSetWriterId":2,"SequenceNumber":11,"MetaDataVersion":{"MajorVersion":1},"Timestamp":"2024-04-27T13:05:18.9189301Z","MessageType":"ua-deltaframe","DataSetWriterName":"Assembly","Payload":{"nsu=http://opcfoundation.org/UA/Plc/Applications;s=NegativeTrendData":{"Value":{"Type":11,"Body":99.200000000000003},"SourceTimestamp":"2024-04-27T13:05:18.6712305Z","ServerTimestamp":"2024-04-27T13:05:18.6713215Z"},"nsu=http://opcfoundation.org/UA/Plc/Applications;s=PositiveTrendData":{"Value":{"Type":11,"Body":101},"SourceTimestamp":"2024-04-27T13:05:18.6712319Z","ServerTimestamp":"2024-04-27T13:05:18.6712468Z"}}}]}