{"MessageId":"58eb17c3-153f-4074-97e7-0e2611aa7b78","MessageType":"ua-data","PublisherId":"DESKTOP-BGFJS91","DataSetWriterGroup":"<<UnknownWriterGroup>>","Messages":[{"DataSetWriterId":5,"SequenceNumber":77,"MetaDataVersion":{"MajorVersion":1},"Timestamp":"2024-04-27T13:05:23.9899421Z","MessageType":"ua-deltaframe","DataSetWriterName":"Packaging","Payload":{"nsu=http://opcfoundation.org/UA/Plc/Applications;s=SpikeData":{"Value":{"Type":11,"Body":-36.812455268467787},"SourceTimestamp":"2024-04-27T13:05:23.9582452Z","ServerTimestamp":"2024-04-27T13:05:23.9582482Z"}}}]}