{"MessageId":"c65f5784-17cb-4d1e-98fd-94f983d91b65","MessageType":"ua-data","PublisherId":"DESKTOP-BGFJS91","DataSetWriterGroup":"<<UnknownWriterGroup>>","Messages":[{"SequenceNumber":10,"MetaDataVersion":{"MajorVersion":1},"Timestamp":"2024-04-27T13:04:03.7948326Z","MessageType":"ua-deltaframe","DataSetWriterName":"MES","Payload":{"nsu=http://opcfoundation.org/UA/Plc/Applications;s=StepUp":{"Value":{"Type":7,"Body":102},"SourceTimestamp":"2024-04-27T13:04:03.7641272Z","ServerTimestamp":"2024-04-27T13:04:03.7641301Z"},"nsu=http://opcfoundation.org/UA/Plc/Applications;s=AlternatingBoolean":{"Value":{"Type":1,"Body":true},"SourceTimestamp":"2024-04-27T13:04:03.6692726Z","ServerTimestamp":"2024-04-27T13:04:03.6692747Z"},"nsu=http://opcfoundation.org/UA/Plc/Applications;s=RandomSignedInt32":{"Value":{"Type":6,"Body":-95679712},"SourceTimestamp":"2024-04-27T13:04:03.7641479Z","ServerTimestamp":"2024-04-27T13:04:03.7641485Z"},"nsu=http://opcfoundation.org/UA/Plc/Applications;s=RandomUnsignedInt32":{"Value":{"Type":7,"Body":855917430},"SourceTimestamp":"2024-04-27T13:04:03.7641523Z","ServerTimestamp":"2024-04-27T13:04:03.764153Z"},"nsu=http://opcfoundation.org/UA/Plc/Applications;s=DipData":{"Value":{"Type":11,"Body":-12.533323356430378},"SourceTimestamp":"2024-04-27T13:04:03.7641636Z","ServerTimestamp":"2024-04-27T13:04:03.7641653Z"},"nsu=http://opcfoundation.org/UA/Plc/Applications;s=FastUIntScalar1":{"Value":{"Type":7,"Body":10},"SourceTimestamp":"2024-04-27T13:04:03.5610533Z","ServerTimestamp":"2024-04-27T13:04:03.5610543Z"}}}]}