{"MessageId":"854ff7ee-63fe-4316-be81-f53bf1a57b07","MessageType":"ua-data","PublisherId":"DESKTOP-BGFJS91","DataSetWriterGroup":"<<UnknownWriterGroup>>","Messages":[{"DataSetWriterId":4,"SequenceNumber":9,"MetaDataVersion":{"MajorVersion":1},"Timestamp":"2024-04-27T13:05:24.9674716Z","MessageType":"ua-deltaframe","DataSetWriterName":"Packaging","Payload":{"nsu=http://opcfoundation.org/UA/Plc/Applications;s=SlowRandomUIntScalar1":{"Value":{"Type":7,"Body":754779795},"SourceTimestamp":"2024-04-27T13:05:23.5577749Z","ServerTimestamp":"2024-04-27T13:05:23.5577781Z"},"nsu=http://opcfoundation.org/UA/Plc/Applications;s=SlowRandomUIntScalar2":{"Value":{"Type":7,"Body":3628616147},"SourceTimestamp":"2024-04-27T13:05:23.5578016Z","ServerTimestamp":"2024-04-27T13:05:23.5578023Z"},"nsu=http://opcfoundation.org/UA/Plc/Applications;s=SlowRandomUIntScalar3":{"Value":{"Type":7,"Body":573912698},"SourceTimestamp":"2024-04-27T13:05:23.5578035Z","ServerTimestamp":"2024-04-27T13:05:23.557804Z"},"nsu=http://opcfoundation.org/UA/Plc/Applications;s=BadSlowRandomUIntScalar1":{"Value":{"Body":null},"StatusCode":2157772800,"SourceTimestamp":"2024-04-27T13:05:23.5578057Z","ServerTimestamp":"2024-04-27T13:05:23.5578057Z"}}}]}