{"MessageId":"c8a07265-f8d7-4fec-9110-185edf4e28c1","MessageType":"ua-data","PublisherId":"DESKTOP-BGFJS91","DataSetWriterGroup":"<<UnknownWriterGroup>>","Messages":[{"DataSetWriterId":5,"SequenceNumber":78,"MetaDataVersion":{"MajorVersion":1},"Timestamp":"2024-04-27T13:05:26.0189541Z","MessageType":"ua-deltaframe","DataSetWriterName":"Packaging","Payload":{"nsu=http://opcfoundation.org/UA/Plc/Applications;s=SpikeData":{"Value":{"Type":11,"Body":-24.8689887164855},"SourceTimestamp":"2024-04-27T13:05:25.9723563Z","ServerTimestamp":"2024-04-27T13:05:25.9723786Z"}}}]}