{"MessageId":"92377fb9-9a0a-4157-9d96-c850169dc38e","MessageType":"ua-data","PublisherId":"DESKTOP-BGFJS91","DataSetWriterGroup":"<<UnknownWriterGroup>>","Messages":[{"DataSetWriterId":1,"SequenceNumber":9,"MetaDataVersion":{"MajorVersion":1},"Timestamp":"2024-04-27T13:04:03.8570989Z","MessageType":"ua-deltaframe","DataSetWriterName":"Test","Payload":{"nsu=http://opcfoundation.org/UA/Plc/Applications;s=FastUIntScalar2":{"Value":{"Type":7,"Body":10},"SourceTimestamp":"2024-04-27T13:04:03.5610587Z","ServerTimestamp":"2024-04-27T13:04:03.5610599Z"},"nsu=http://opcfoundation.org/UA/Plc/Applications;s=FastUIntScalar3":{"Value":{"Type":7,"Body":10},"SourceTimestamp":"2024-04-27T13:04:03.5610611Z","ServerTimestamp":"2024-04-27T13:04:03.561062Z"},"nsu=http://opcfoundation.org/UA/Plc/Applications;s=FastRandomUIntScalar1":{"Value":{"Type":7,"Body":4041611430},"SourceTimestamp":"2024-04-27T13:04:03.5610545Z","ServerTimestamp":"2024-04-27T13:04:03.5610587Z"},"nsu=http://opcfoundation.org/UA/Plc/Applications;s=FastRandomUIntScalar2":{"Value":{"Type":7,"Body":4242724445},"SourceTimestamp":"2024-04-27T13:04:03.5610599Z","ServerTimestamp":"2024-04-27T13:04:03.5610609Z"},"nsu=http://opcfoundation.org/UA/Plc/Applications;s=FastRandomUIntScalar3":{"Value":{"Type":7,"Body":2107138395},"SourceTimestamp":"2024-04-27T13:04:03.5610622Z","ServerTimestamp":"2024-04-27T13:04:03.5610631Z"}}}]}