{"MessageId":"c6c16484-b682-4036-ad7c-7e9af5e97cad","MessageType":"ua-data","PublisherId":"DESKTOP-BGFJS91","DataSetWriterGroup":"<<UnknownWriterGroup>>","Messages":[{"SequenceNumber":89,"MetaDataVersion":{"MajorVersion":1},"Timestamp":"2024-04-27T13:05:28.8047211Z","MessageType":"ua-deltaframe","DataSetWriterName":"MES","Payload":{"nsu=http://opcfoundation.org/UA/Plc/Applications;s=StepUp":{"Value":{"Type":7,"Body":952},"SourceTimestamp":"2024-04-27T13:05:28.7723033Z","ServerTimestamp":"2024-04-27T13:05:28.7723225Z"},"nsu=http://opcfoundation.org/UA/Plc/Applications;s=AlternatingBoolean":{"Value":{"Type":1,"Body":false},"SourceTimestamp":"2024-04-27T13:05:28.6634774Z","ServerTimestamp":"2024-04-27T13:05:28.6634888Z"},"nsu=http://opcfoundation.org/UA/Plc/Applications;s=RandomSignedInt32":{"Value":{"Type":6,"Body":1719641633},"SourceTimestamp":"2024-04-27T13:05:28.7723567Z","ServerTimestamp":"2024-04-27T13:05:28.7723605Z"},"nsu=http://opcfoundation.org/UA/Plc/Applications;s=RandomUnsignedInt32":{"Value":{"Type":7,"Body":1372363609},"SourceTimestamp":"2024-04-27T13:05:28.7723341Z","ServerTimestamp":"2024-04-27T13:05:28.7723354Z"},"nsu=http://opcfoundation.org/UA/Plc/Applications;s=DipData":{"Value":{"Type":11,"Body":-12.533323356430378},"SourceTimestamp":"2024-04-27T13:05:28.772344Z","ServerTimestamp":"2024-04-27T13:05:28.7723453Z"},"nsu=http://opcfoundation.org/UA/Plc/Applications;s=FastUIntScalar1":{"Value":{"Type":7,"Body":95},"SourceTimestamp":"2024-04-27T13:05:28.5714023Z","ServerTimestamp":"2024-04-27T13:05:28.5714041Z"}}}]}