{"MessageId":"803511d1-477d-4495-85eb-77342183f80b","MessageType":"ua-data","PublisherId":"DESKTOP-BGFJS91","DataSetWriterGroup":"<<UnknownWriterGroup>>","Messages":[{"DataSetWriterId":1,"SequenceNumber":88,"MetaDataVersion":{"MajorVersion":1},"Timestamp":"2024-04-27T13:05:31.8450823Z","MessageType":"ua-deltaframe","DataSetWriterName":"Test","Payload":{"nsu=http://opcfoundation.org/UA/Plc/Applications;s=FastUIntScalar2":{"Value":{"Type":7,"Body":98},"SourceTimestamp":"2024-04-27T13:05:31.5653952Z","ServerTimestamp":"2024-04-27T13:05:31.5654023Z"},"nsu=http://opcfoundation.org/UA/Plc/Applications;s=FastUIntScalar3":{"Value":{"Type":7,"Body":98},"SourceTimestamp":"2024-04-27T13:05:31.5654041Z","ServerTimestamp":"2024-04-27T13:05:31.5654051Z"},"nsu=http://opcfoundation.org/UA/Plc/Applications;s=FastRandomUIntScalar1":{"Value":{"Type":7,"Body":3496054489},"SourceTimestamp":"2024-04-27T13:05:31.565387Z","ServerTimestamp":"2024-04-27T13:05:31.5653956Z"},"nsu=http://opcfoundation.org/UA/Plc/Applications;s=FastRandomUIntScalar2":{"Value":{"Type":7,"Body":1954525428},"SourceTimestamp":"2024-04-27T13:05:31.5654017Z","ServerTimestamp":"2024-04-27T13:05:31.5654037Z"},"nsu=http://opcfoundation.org/UA/Plc/Applications;s=FastRandomUIntScalar3":{"Value":{"Type":7,"Body":2988816502},"SourceTimestamp":"2024-04-27T13:05:31.5654049Z","ServerTimestamp":"2024-04-27T13:05:31.5654066Z"}}}]}