{"MessageId":"5964bc40-f49b-441e-8023-5377a3367b92","MessageType":"ua-data","PublisherId":"DESKTOP-BGFJS91","DataSetWriterGroup":"<<UnknownWriterGroup>>","Messages":[{"DataSetWriterId":5,"SequenceNumber":83,"MetaDataVersion":{"MajorVersion":1},"Timestamp":"2024-04-27T13:05:31.9687438Z","MessageType":"ua-deltaframe","DataSetWriterName":"Packaging","Payload":{"nsu=http://opcfoundation.org/UA/Plc/Applications;s=SpikeData":{"Value":{"Type":11,"Body":77.051324277578928},"SourceTimestamp":"2024-04-27T13:05:31.8601886Z","ServerTimestamp":"2024-04-27T13:05:31.8601892Z"}}}]}