{"MessageId":"d0c71208-987b-4d85-8d7f-5f4c6345231a","MessageType":"ua-data","PublisherId":"DESKTOP-BGFJS91","DataSetWriterGroup":"<<UnknownWriterGroup>>","Messages":[{"SequenceNumber":93,"MetaDataVersion":{"MajorVersion":1},"Timestamp":"2024-04-27T13:05:32.7698127Z","MessageType":"ua-deltaframe","DataSetWriterName":"MES","Payload":{"nsu=http://opcfoundation.org/UA/Plc/Applications;s=StepUp":{"Value":{"Type":7,"Body":992},"SourceTimestamp":"2024-04-27T13:05:32.7693984Z","ServerTimestamp":"2024-04-27T13:05:32.7694011Z"},"nsu=http://opcfoundation.org/UA/Plc/Applications;s=RandomSignedInt32":{"Value":{"Type":6,"Body":762935745},"SourceTimestamp":"2024-04-27T13:05:32.66052Z","ServerTimestamp":"2024-04-27T13:05:32.6605223Z"},"nsu=http://opcfoundation.org/UA/Plc/Applications;s=RandomUnsignedInt32":{"Value":{"Type":7,"Body":802990387},"SourceTimestamp":"2024-04-27T13:05:32.6605358Z","ServerTimestamp":"2024-04-27T13:05:32.6605382Z"},"nsu=http://opcfoundation.org/UA/Plc/Applications;s=DipData":{"Value":{"Type":11,"Body":95.10565162951535},"SourceTimestamp":"2024-04-27T13:05:32.6605367Z","ServerTimestamp":"2024-04-27T13:05:32.6605547Z"},"nsu=http://opcfoundation.org/UA/Plc/Applications;s=FastUIntScalar1":{"Value":{"Type":7,"Body":99},"SourceTimestamp":"2024-04-27T13:05:32.5688437Z","ServerTimestamp":"2024-04-27T13:05:32.5688458Z"}}}]}