{"MessageId":"988dcc8d-e5f5-42f5-b56e-c652d1ba2113","MessageType":"ua-data","PublisherId":"DESKTOP-BGFJS91","DataSetWriterGroup":"<<UnknownWriterGroup>>","Messages":[{"SequenceNumber":11,"MetaDataVersion":{"MajorVersion":1},"Timestamp":"2024-04-27T13:04:04.7885322Z","MessageType":"ua-deltaframe","DataSetWriterName":"MES","Payload":{"nsu=http://opcfoundation.org/UA/Plc/Applications;s=StepUp":{"Value":{"Type":7,"Body":112},"SourceTimestamp":"2024-04-27T13:04:04.7721795Z","ServerTimestamp":"2024-04-27T13:04:04.7721831Z"},"nsu=http://opcfoundation.org/UA/Plc/Applications;s=RandomSignedInt32":{"Value":{"Type":6,"Body":-715713192},"SourceTimestamp":"2024-04-27T13:04:04.7721987Z","ServerTimestamp":"2024-04-27T13:04:04.7722105Z"},"nsu=http://opcfoundation.org/UA/Plc/Applications;s=RandomUnsignedInt32":{"Value":{"Type":7,"Body":433129225},"SourceTimestamp":"2024-04-27T13:04:04.7722047Z","ServerTimestamp":"2024-04-27T13:04:04.7722175Z"},"nsu=http://opcfoundation.org/UA/Plc/Applications;s=DipData":{"Value":{"Type":11,"Body":-98.228725072868855},"SourceTimestamp":"2024-04-27T13:04:04.7722413Z","ServerTimestamp":"2024-04-27T13:04:04.7722442Z"},"nsu=http://opcfoundation.org/UA/Plc/Applications;s=FastUIntScalar1":{"Value":{"Type":7,"Body":11},"SourceTimestamp":"2024-04-27T13:04:04.5705748Z","ServerTimestamp":"2024-04-27T13:04:04.5705784Z"}}}]}