{"MessageId":"33b2e55b-7d83-4cab-bff7-a51433f40f0a","MessageType":"ua-data","PublisherId":"DESKTOP-BGFJS91","DataSetWriterGroup":"<<UnknownWriterGroup>>","Messages":[{"DataSetWriterId":5,"SequenceNumber":86,"MetaDataVersion":{"MajorVersion":1},"Timestamp":"2024-04-27T13:05:34.9995958Z","MessageType":"ua-deltaframe","DataSetWriterName":"Packaging","Payload":{"nsu=http://opcfoundation.org/UA/Plc/Applications;s=SpikeData":{"Value":{"Type":11,"Body":-99.80267284282715},"SourceTimestamp":"2024-04-27T13:05:34.8622434Z","ServerTimestamp":"2024-04-27T13:05:34.8622451Z"}}}]}