{"MessageId":"7d28e359-c9c1-466f-9b8e-d0b9f3f59376","MessageType":"ua-data","PublisherId":"DESKTOP-BGFJS91","DataSetWriterGroup":"<<UnknownWriterGroup>>","Messages":[{"DataSetWriterId":1,"SequenceNumber":92,"MetaDataVersion":{"MajorVersion":1},"Timestamp":"2024-04-27T13:05:35.8711944Z","MessageType":"ua-deltaframe","DataSetWriterName":"Test","Payload":{"nsu=http://opcfoundation.org/UA/Plc/Applications;s=FastUIntScalar2":{"Value":{"Type":7,"Body":102},"SourceTimestamp":"2024-04-27T13:05:35.5607946Z","ServerTimestamp":"2024-04-27T13:05:35.5608089Z"},"nsu=http://opcfoundation.org/UA/Plc/Applications;s=FastUIntScalar3":{"Value":{"Type":7,"Body":102},"SourceTimestamp":"2024-04-27T13:05:35.560811Z","ServerTimestamp":"2024-04-27T13:05:35.5608124Z"},"nsu=http://opcfoundation.org/UA/Plc/Applications;s=FastRandomUIntScalar1":{"Value":{"Type":7,"Body":386076036},"SourceTimestamp":"2024-04-27T13:05:35.560783Z","ServerTimestamp":"2024-04-27T13:05:35.5607952Z"},"nsu=http://opcfoundation.org/UA/Plc/Applications;s=FastRandomUIntScalar2":{"Value":{"Type":7,"Body":3669975320},"SourceTimestamp":"2024-04-27T13:05:35.5608087Z","ServerTimestamp":"2024-04-27T13:05:35.5608107Z"},"nsu=http://opcfoundation.org/UA/Plc/Applications;s=FastRandomUIntScalar3":{"Value":{"Type":7,"Body":2933879211},"SourceTimestamp":"2024-04-27T13:05:35.5608121Z","ServerTimestamp":"2024-04-27T13:05:35.5608138Z"}}}]}