{"MessageId":"8b0f8c20-8b92-4885-93a6-b1423dd778f0","MessageType":"ua-data","PublisherId":"DESKTOP-BGFJS91","DataSetWriterGroup":"<<UnknownWriterGroup>>","Messages":[{"DataSetWriterId":5,"SequenceNumber":87,"MetaDataVersion":{"MajorVersion":1},"Timestamp":"2024-04-27T13:05:35.9949987Z","MessageType":"ua-deltaframe","DataSetWriterName":"Packaging","Payload":{"nsu=http://opcfoundation.org/UA/Plc/Applications;s=SpikeData":{"Value":{"Type":11,"Body":-24.8689887164855},"SourceTimestamp":"2024-04-27T13:05:35.9635248Z","ServerTimestamp":"2024-04-27T13:05:35.9635265Z"}}}]}