{"MessageId":"8afdca20-cfc1-4994-a281-6e3b2be0af50","MessageType":"ua-data","PublisherId":"DESKTOP-BGFJS91","DataSetWriterGroup":"<<UnknownWriterGroup>>","Messages":[{"DataSetWriterId":1,"SequenceNumber":93,"MetaDataVersion":{"MajorVersion":1},"Timestamp":"2024-04-27T13:05:36.8637125Z","MessageType":"ua-deltaframe","DataSetWriterName":"Test","Payload":{"nsu=http://opcfoundation.org/UA/Plc/Applications;s=FastUIntScalar2":{"Value":{"Type":7,"Body":103},"SourceTimestamp":"2024-04-27T13:05:36.567519Z","ServerTimestamp":"2024-04-27T13:05:36.5675204Z"},"nsu=http://opcfoundation.org/UA/Plc/Applications;s=FastUIntScalar3":{"Value":{"Type":7,"Body":103},"SourceTimestamp":"2024-04-27T13:05:36.5675228Z","ServerTimestamp":"2024-04-27T13:05:36.5675239Z"},"nsu=http://opcfoundation.org/UA/Plc/Applications;s=FastRandomUIntScalar1":{"Value":{"Type":7,"Body":1319053378},"SourceTimestamp":"2024-04-27T13:05:36.5674854Z","ServerTimestamp":"2024-04-27T13:05:36.5674893Z"},"nsu=http://opcfoundation.org/UA/Plc/Applications;s=FastRandomUIntScalar2":{"Value":{"Type":7,"Body":905537240},"SourceTimestamp":"2024-04-27T13:05:36.5675043Z","ServerTimestamp":"2024-04-27T13:05:36.5675322Z"},"nsu=http://opcfoundation.org/UA/Plc/Applications;s=FastRandomUIntScalar3":{"Value":{"Type":7,"Body":2131614820},"SourceTimestamp":"2024-04-27T13:05:36.567535Z","ServerTimestamp":"2024-04-27T13:05:36.5675361Z"}}}]}