{"MessageId":"e0e68145-0251-49ca-a3b3-d602764e8645","MessageType":"ua-data","PublisherId":"DESKTOP-BGFJS91","DataSetWriterGroup":"<<UnknownWriterGroup>>","Messages":[{"DataSetWriterId":1,"SequenceNumber":95,"MetaDataVersion":{"MajorVersion":1},"Timestamp":"2024-04-27T13:05:38.8459266Z","MessageType":"ua-deltaframe","DataSetWriterName":"Test","Payload":{"nsu=http://opcfoundation.org/UA/Plc/Applications;s=FastUIntScalar2":{"Value":{"Type":7,"Body":105},"SourceTimestamp":"2024-04-27T13:05:38.5648223Z","ServerTimestamp":"2024-04-27T13:05:38.5648287Z"},"nsu=http://opcfoundation.org/UA/Plc/Applications;s=FastUIntScalar3":{"Value":{"Type":7,"Body":105},"SourceTimestamp":"2024-04-27T13:05:38.5648303Z","ServerTimestamp":"2024-04-27T13:05:38.5648312Z"},"nsu=http://opcfoundation.org/UA/Plc/Applications;s=FastRandomUIntScalar1":{"Value":{"Type":7,"Body":2189870845},"SourceTimestamp":"2024-04-27T13:05:38.5648159Z","ServerTimestamp":"2024-04-27T13:05:38.5648227Z"},"nsu=http://opcfoundation.org/UA/Plc/Applications;s=FastRandomUIntScalar2":{"Value":{"Type":7,"Body":1983531595},"SourceTimestamp":"2024-04-27T13:05:38.5648282Z","ServerTimestamp":"2024-04-27T13:05:38.5648303Z"},"nsu=http://opcfoundation.org/UA/Plc/Applications;s=FastRandomUIntScalar3":{"Value":{"Type":7,"Body":1234047610},"SourceTimestamp":"2024-04-27T13:05:38.5648311Z","ServerTimestamp":"2024-04-27T13:05:38.5648324Z"}}}]}