{"MessageId":"0c7d7767-dfc5-4849-816e-841ce900924b","MessageType":"ua-data","PublisherId":"DESKTOP-BGFJS91","DataSetWriterGroup":"<<UnknownWriterGroup>>","Messages":[{"DataSetWriterId":1,"SequenceNumber":96,"MetaDataVersion":{"MajorVersion":1},"Timestamp":"2024-04-27T13:05:40.8379709Z","MessageType":"ua-deltaframe","DataSetWriterName":"Test","Payload":{"nsu=http://opcfoundation.org/UA/Plc/Applications;s=FastUIntScalar2":{"Value":{"Type":7,"Body":107},"SourceTimestamp":"2024-04-27T13:05:40.5725434Z","ServerTimestamp":"2024-04-27T13:05:40.5725574Z"},"nsu=http://opcfoundation.org/UA/Plc/Applications;s=FastUIntScalar3":{"Value":{"Type":7,"Body":107},"SourceTimestamp":"2024-04-27T13:05:40.5725592Z","ServerTimestamp":"2024-04-27T13:05:40.5725623Z"},"nsu=http://opcfoundation.org/UA/Plc/Applications;s=FastRandomUIntScalar1":{"Value":{"Type":7,"Body":70910508},"SourceTimestamp":"2024-04-27T13:05:40.5725193Z","ServerTimestamp":"2024-04-27T13:05:40.5725449Z"},"nsu=http://opcfoundation.org/UA/Plc/Applications;s=FastRandomUIntScalar2":{"Value":{"Type":7,"Body":3074855144},"SourceTimestamp":"2024-04-27T13:05:40.5725572Z","ServerTimestamp":"2024-04-27T13:05:40.5725595Z"},"nsu=http://opcfoundation.org/UA/Plc/Applications;s=FastRandomUIntScalar3":{"Value":{"Type":7,"Body":3521604630},"SourceTimestamp":"2024-04-27T13:05:40.5725626Z","ServerTimestamp":"2024-04-27T13:05:40.5725641Z"}}}]}