{"MessageId":"d3516eca-4b19-44f2-a537-74bed1fe6d4c","MessageType":"ua-data","PublisherId":"DESKTOP-BGFJS91","DataSetWriterGroup":"<<UnknownWriterGroup>>","Messages":[{"SequenceNumber":102,"MetaDataVersion":{"MajorVersion":1},"Timestamp":"2024-04-27T13:05:42.8198405Z","MessageType":"ua-deltaframe","DataSetWriterName":"MES","Payload":{"nsu=http://opcfoundation.org/UA/Plc/Applications;s=StepUp":{"Value":{"Type":7,"Body":1092},"SourceTimestamp":"2024-04-27T13:05:42.7580911Z","ServerTimestamp":"2024-04-27T13:05:42.7580939Z"},"nsu=http://opcfoundation.org/UA/Plc/Applications;s=RandomSignedInt32":{"Value":{"Type":6,"Body":-758901645},"SourceTimestamp":"2024-04-27T13:05:42.7581201Z","ServerTimestamp":"2024-04-27T13:05:42.7581214Z"},"nsu=http://opcfoundation.org/UA/Plc/Applications;s=RandomUnsignedInt32":{"Value":{"Type":7,"Body":2024380499},"SourceTimestamp":"2024-04-27T13:05:42.7581169Z","ServerTimestamp":"2024-04-27T13:05:42.7581176Z"},"nsu=http://opcfoundation.org/UA/Plc/Applications;s=DipData":{"Value":{"Type":11,"Body":90.482705246601952},"SourceTimestamp":"2024-04-27T13:05:42.7581245Z","ServerTimestamp":"2024-04-27T13:05:42.7581286Z"},"nsu=http://opcfoundation.org/UA/Plc/Applications;s=FastUIntScalar1":{"Value":{"Type":7,"Body":109},"SourceTimestamp":"2024-04-27T13:05:42.5574538Z","ServerTimestamp":"2024-04-27T13:05:42.5574657Z"}}}]}