{"MessageId":"375e8a1f-9763-4bb1-9653-da6273d77fc7","MessageType":"ua-data","PublisherId":"DESKTOP-BGFJS91","DataSetWriterGroup":"<<UnknownWriterGroup>>","Messages":[{"DataSetWriterId":1,"SequenceNumber":99,"MetaDataVersion":{"MajorVersion":1},"Timestamp":"2024-04-27T13:05:43.8705157Z","MessageType":"ua-deltaframe","DataSetWriterName":"Test","Payload":{"nsu=http://opcfoundation.org/UA/Plc/Applications;s=FastUIntScalar2":{"Value":{"Type":7,"Body":110},"SourceTimestamp":"2024-04-27T13:05:43.5614654Z","ServerTimestamp":"2024-04-27T13:05:43.5614721Z"},"nsu=http://opcfoundation.org/UA/Plc/Applications;s=FastUIntScalar3":{"Value":{"Type":7,"Body":110},"SourceTimestamp":"2024-04-27T13:05:43.5614736Z","ServerTimestamp":"2024-04-27T13:05:43.5614742Z"},"nsu=http://opcfoundation.org/UA/Plc/Applications;s=FastRandomUIntScalar1":{"Value":{"Type":7,"Body":3831002864},"SourceTimestamp":"2024-04-27T13:05:43.5614655Z","ServerTimestamp":"2024-04-27T13:05:43.5614662Z"},"nsu=http://opcfoundation.org/UA/Plc/Applications;s=FastRandomUIntScalar2":{"Value":{"Type":7,"Body":1629199055},"SourceTimestamp":"2024-04-27T13:05:43.5614682Z","ServerTimestamp":"2024-04-27T13:05:43.5614688Z"},"nsu=http://opcfoundation.org/UA/Plc/Applications;s=FastRandomUIntScalar3":{"Value":{"Type":7,"Body":182828706},"SourceTimestamp":"2024-04-27T13:05:43.5614703Z","ServerTimestamp":"2024-04-27T13:05:43.5614709Z"}}}]}