{"MessageId":"4cdcf5bf-7629-4724-a2ae-0a6ae8fcd6bd","MessageType":"ua-data","PublisherId":"DESKTOP-BGFJS91","DataSetWriterGroup":"<<UnknownWriterGroup>>","Messages":[{"DataSetWriterId":2,"SequenceNumber":16,"MetaDataVersion":{"MajorVersion":1},"Timestamp":"2024-04-27T13:05:43.8705839Z","MessageType":"ua-deltaframe","DataSetWriterName":"Assembly","Payload":{"nsu=http://opcfoundation.org/UA/Plc/Applications;s=NegativeTrendData":{"Value":{"Type":11,"Body":98.700000000000003},"SourceTimestamp":"2024-04-27T13:05:43.6681329Z","ServerTimestamp":"2024-04-27T13:05:43.6681355Z"},"nsu=http://opcfoundation.org/UA/Plc/Applications;s=PositiveTrendData":{"Value":{"Type":11,"Body":101.5},"SourceTimestamp":"2024-04-27T13:05:43.6681367Z","ServerTimestamp":"2024-04-27T13:05:43.6681384Z"}}}]}