{"MessageId":"ef8dc0bf-b858-4377-b06f-38353e2c0d9a","MessageType":"ua-data","PublisherId":"DESKTOP-BGFJS91","DataSetWriterGroup":"<<UnknownWriterGroup>>","Messages":[{"DataSetWriterId":1,"SequenceNumber":101,"MetaDataVersion":{"MajorVersion":1},"Timestamp":"2024-04-27T13:05:45.8537879Z","MessageType":"ua-deltaframe","DataSetWriterName":"Test","Payload":{"nsu=http://opcfoundation.org/UA/Plc/Applications;s=FastUIntScalar2":{"Value":{"Type":7,"Body":112},"SourceTimestamp":"2024-04-27T13:05:45.5590376Z","ServerTimestamp":"2024-04-27T13:05:45.5591329Z"},"nsu=http://opcfoundation.org/UA/Plc/Applications;s=FastUIntScalar3":{"Value":{"Type":7,"Body":112},"SourceTimestamp":"2024-04-27T13:05:45.5591491Z","ServerTimestamp":"2024-04-27T13:05:45.5591527Z"},"nsu=http://opcfoundation.org/UA/Plc/Applications;s=FastRandomUIntScalar1":{"Value":{"Type":7,"Body":386012145},"SourceTimestamp":"2024-04-27T13:05:45.5590239Z","ServerTimestamp":"2024-04-27T13:05:45.5590383Z"},"nsu=http://opcfoundation.org/UA/Plc/Applications;s=FastRandomUIntScalar2":{"Value":{"Type":7,"Body":3165265440},"SourceTimestamp":"2024-04-27T13:05:45.5591059Z","ServerTimestamp":"2024-04-27T13:05:45.5591073Z"},"nsu=http://opcfoundation.org/UA/Plc/Applications;s=FastRandomUIntScalar3":{"Value":{"Type":7,"Body":236374055},"SourceTimestamp":"2024-04-27T13:05:45.5591103Z","ServerTimestamp":"2024-04-27T13:05:45.5591114Z"}}}]}