{"MessageId":"32602e12-fd07-42af-9854-f4fb1feb9964","MessageType":"ua-data","PublisherId":"DESKTOP-BGFJS91","DataSetWriterGroup":"<<UnknownWriterGroup>>","Messages":[{"SequenceNumber":12,"MetaDataVersion":{"MajorVersion":1},"Timestamp":"2024-04-27T13:04:05.7765174Z","MessageType":"ua-deltaframe","DataSetWriterName":"MES","Payload":{"nsu=http://opcfoundation.org/UA/Plc/Applications;s=StepUp":{"Value":{"Type":7,"Body":122},"SourceTimestamp":"2024-04-27T13:04:05.7610524Z","ServerTimestamp":"2024-04-27T13:04:05.7610577Z"},"nsu=http://opcfoundation.org/UA/Plc/Applications;s=RandomSignedInt32":{"Value":{"Type":6,"Body":-1984961358},"SourceTimestamp":"2024-04-27T13:04:05.7610746Z","ServerTimestamp":"2024-04-27T13:04:05.7610779Z"},"nsu=http://opcfoundation.org/UA/Plc/Applications;s=RandomUnsignedInt32":{"Value":{"Type":7,"Body":222671346},"SourceTimestamp":"2024-04-27T13:04:05.7610889Z","ServerTimestamp":"2024-04-27T13:04:05.7610913Z"},"nsu=http://opcfoundation.org/UA/Plc/Applications;s=DipData":{"Value":{"Type":11,"Body":-48.175367410171539},"SourceTimestamp":"2024-04-27T13:04:05.7611085Z","ServerTimestamp":"2024-04-27T13:04:05.761112Z"},"nsu=http://opcfoundation.org/UA/Plc/Applications;s=FastUIntScalar1":{"Value":{"Type":7,"Body":12},"SourceTimestamp":"2024-04-27T13:04:05.560801Z","ServerTimestamp":"2024-04-27T13:04:05.5608031Z"}}}]}