{"MessageId":"f7335d87-03d0-424a-bdde-463c1666f22b","MessageType":"ua-data","PublisherId":"DESKTOP-BGFJS91","DataSetWriterGroup":"<<UnknownWriterGroup>>","Messages":[{"DataSetWriterId":1,"SequenceNumber":103,"MetaDataVersion":{"MajorVersion":1},"Timestamp":"2024-04-27T13:05:48.8833162Z","MessageType":"ua-deltaframe","DataSetWriterName":"Test","Payload":{"nsu=http://opcfoundation.org/UA/Plc/Applications;s=FastUIntScalar2":{"Value":{"Type":7,"Body":115},"SourceTimestamp":"2024-04-27T13:05:48.5718006Z","ServerTimestamp":"2024-04-27T13:05:48.5718086Z"},"nsu=http://opcfoundation.org/UA/Plc/Applications;s=FastUIntScalar3":{"Value":{"Type":7,"Body":115},"SourceTimestamp":"2024-04-27T13:05:48.57181Z","ServerTimestamp":"2024-04-27T13:05:48.5718111Z"},"nsu=http://opcfoundation.org/UA/Plc/Applications;s=FastRandomUIntScalar1":{"Value":{"Type":7,"Body":201496639},"SourceTimestamp":"2024-04-27T13:05:48.5717731Z","ServerTimestamp":"2024-04-27T13:05:48.571802Z"},"nsu=http://opcfoundation.org/UA/Plc/Applications;s=FastRandomUIntScalar2":{"Value":{"Type":7,"Body":4279787188},"SourceTimestamp":"2024-04-27T13:05:48.5718088Z","ServerTimestamp":"2024-04-27T13:05:48.5718099Z"},"nsu=http://opcfoundation.org/UA/Plc/Applications;s=FastRandomUIntScalar3":{"Value":{"Type":7,"Body":1977650673},"SourceTimestamp":"2024-04-27T13:05:48.571811Z","ServerTimestamp":"2024-04-27T13:05:48.5718124Z"}}}]}