{"MessageId":"92ab6e58-0293-43c8-8fb8-1ab6fcbfc3d4","MessageType":"ua-data","PublisherId":"DESKTOP-BGFJS91","DataSetWriterGroup":"<<UnknownWriterGroup>>","Messages":[{"DataSetWriterId":5,"SequenceNumber":98,"MetaDataVersion":{"MajorVersion":1},"Timestamp":"2024-04-27T13:05:49.0086711Z","MessageType":"ua-deltaframe","DataSetWriterName":"Packaging","Payload":{"nsu=http://opcfoundation.org/UA/Plc/Applications;s=SpikeData":{"Value":{"Type":11,"Body":-36.812455268467787},"SourceTimestamp":"2024-04-27T13:05:48.9613316Z","ServerTimestamp":"2024-04-27T13:05:48.9613336Z"}}}]}