{"MessageId":"2c4bd79c-d983-42e3-9e83-32b6928968d9","MessageType":"ua-data","PublisherId":"DESKTOP-BGFJS91","DataSetWriterGroup":"<<UnknownWriterGroup>>","Messages":[{"SequenceNumber":109,"MetaDataVersion":{"MajorVersion":1},"Timestamp":"2024-04-27T13:05:50.804355Z","MessageType":"ua-deltaframe","DataSetWriterName":"MES","Payload":{"nsu=http://opcfoundation.org/UA/Plc/Applications;s=StepUp":{"Value":{"Type":7,"Body":1172},"SourceTimestamp":"2024-04-27T13:05:50.7723416Z","ServerTimestamp":"2024-04-27T13:05:50.7723462Z"},"nsu=http://opcfoundation.org/UA/Plc/Applications;s=RandomSignedInt32":{"Value":{"Type":6,"Body":1259044840},"SourceTimestamp":"2024-04-27T13:05:50.7723777Z","ServerTimestamp":"2024-04-27T13:05:50.772389Z"},"nsu=http://opcfoundation.org/UA/Plc/Applications;s=RandomUnsignedInt32":{"Value":{"Type":7,"Body":278444919},"SourceTimestamp":"2024-04-27T13:05:50.7725101Z","ServerTimestamp":"2024-04-27T13:05:50.772513Z"},"nsu=http://opcfoundation.org/UA/Plc/Applications;s=DipData":{"Value":{"Type":11,"Body":-48.175367410171539},"SourceTimestamp":"2024-04-27T13:05:50.7724036Z","ServerTimestamp":"2024-04-27T13:05:50.7724051Z"},"nsu=http://opcfoundation.org/UA/Plc/Applications;s=FastUIntScalar1":{"Value":{"Type":7,"Body":117},"SourceTimestamp":"2024-04-27T13:05:50.5714199Z","ServerTimestamp":"2024-04-27T13:05:50.5714293Z"}}}]}