{"MessageId":"d0b150af-e580-4286-b3b3-da1ed7862021","MessageType":"ua-data","PublisherId":"DESKTOP-BGFJS91","DataSetWriterGroup":"<<UnknownWriterGroup>>","Messages":[{"SequenceNumber":111,"MetaDataVersion":{"MajorVersion":1},"Timestamp":"2024-04-27T13:05:52.7789656Z","MessageType":"ua-deltaframe","DataSetWriterName":"MES","Payload":{"nsu=http://opcfoundation.org/UA/Plc/Applications;s=StepUp":{"Value":{"Type":7,"Body":1192},"SourceTimestamp":"2024-04-27T13:05:52.7626208Z","ServerTimestamp":"2024-04-27T13:05:52.7626241Z"},"nsu=http://opcfoundation.org/UA/Plc/Applications;s=RandomSignedInt32":{"Value":{"Type":6,"Body":1426579171},"SourceTimestamp":"2024-04-27T13:05:52.7626436Z","ServerTimestamp":"2024-04-27T13:05:52.7626473Z"},"nsu=http://opcfoundation.org/UA/Plc/Applications;s=RandomUnsignedInt32":{"Value":{"Type":7,"Body":1638062353},"SourceTimestamp":"2024-04-27T13:05:52.7626496Z","ServerTimestamp":"2024-04-27T13:05:52.7626504Z"},"nsu=http://opcfoundation.org/UA/Plc/Applications;s=DipData":{"Value":{"Type":11,"Body":90.482705246601952},"SourceTimestamp":"2024-04-27T13:05:52.762656Z","ServerTimestamp":"2024-04-27T13:05:52.7626568Z"},"nsu=http://opcfoundation.org/UA/Plc/Applications;s=FastUIntScalar1":{"Value":{"Type":7,"Body":119},"SourceTimestamp":"2024-04-27T13:05:52.5631625Z","ServerTimestamp":"2024-04-27T13:05:52.5631666Z"}}}]}