{"MessageId":"26547ff9-fd39-46e1-9bb5-47df6d52361b","MessageType":"ua-data","PublisherId":"DESKTOP-BGFJS91","DataSetWriterGroup":"<<UnknownWriterGroup>>","Messages":[{"SequenceNumber":14,"MetaDataVersion":{"MajorVersion":1},"Timestamp":"2024-04-27T13:04:07.81689Z","MessageType":"ua-deltaframe","DataSetWriterName":"MES","Payload":{"nsu=http://opcfoundation.org/UA/Plc/Applications;s=StepUp":{"Value":{"Type":7,"Body":142},"SourceTimestamp":"2024-04-27T13:04:07.7707672Z","ServerTimestamp":"2024-04-27T13:04:07.770772Z"},"nsu=http://opcfoundation.org/UA/Plc/Applications;s=RandomSignedInt32":{"Value":{"Type":6,"Body":709639343},"SourceTimestamp":"2024-04-27T13:04:07.7707809Z","ServerTimestamp":"2024-04-27T13:04:07.7707898Z"},"nsu=http://opcfoundation.org/UA/Plc/Applications;s=RandomUnsignedInt32":{"Value":{"Type":7,"Body":1907756502},"SourceTimestamp":"2024-04-27T13:04:07.7707922Z","ServerTimestamp":"2024-04-27T13:04:07.7708156Z"},"nsu=http://opcfoundation.org/UA/Plc/Applications;s=DipData":{"Value":{"Type":11,"Body":90.482705246601952},"SourceTimestamp":"2024-04-27T13:04:07.7708181Z","ServerTimestamp":"2024-04-27T13:04:07.7708261Z"},"nsu=http://opcfoundation.org/UA/Plc/Applications;s=FastUIntScalar1":{"Value":{"Type":7,"Body":14},"SourceTimestamp":"2024-04-27T13:04:07.5665425Z","ServerTimestamp":"2024-04-27T13:04:07.566546Z"}}}]}