{"MessageId":"b367b664-f805-4542-9cab-c48f54088c2c","MessageType":"ua-data","PublisherId":"DESKTOP-BGFJS91","DataSetWriterGroup":"<<UnknownWriterGroup>>","Messages":[{"DataSetWriterId":1,"SequenceNumber":12,"MetaDataVersion":{"MajorVersion":1},"Timestamp":"2024-04-27T13:04:07.8776209Z","MessageType":"ua-deltaframe","DataSetWriterName":"Test","Payload":{"nsu=http://opcfoundation.org/UA/Plc/Applications;s=FastUIntScalar2":{"Value":{"Type":7,"Body":14},"SourceTimestamp":"2024-04-27T13:04:07.5665595Z","ServerTimestamp":"2024-04-27T13:04:07.5665722Z"},"nsu=http://opcfoundation.org/UA/Plc/Applications;s=FastUIntScalar3":{"Value":{"Type":7,"Body":14},"SourceTimestamp":"2024-04-27T13:04:07.5665742Z","ServerTimestamp":"2024-04-27T13:04:07.5665762Z"},"nsu=http://opcfoundation.org/UA/Plc/Applications;s=FastRandomUIntScalar1":{"Value":{"Type":7,"Body":697955614},"SourceTimestamp":"2024-04-27T13:04:07.5665466Z","ServerTimestamp":"2024-04-27T13:04:07.5665602Z"},"nsu=http://opcfoundation.org/UA/Plc/Applications;s=FastRandomUIntScalar2":{"Value":{"Type":7,"Body":2576066044},"SourceTimestamp":"2024-04-27T13:04:07.5665715Z","ServerTimestamp":"2024-04-27T13:04:07.5665745Z"},"nsu=http://opcfoundation.org/UA/Plc/Applications;s=FastRandomUIntScalar3":{"Value":{"Type":7,"Body":861652128},"SourceTimestamp":"2024-04-27T13:04:07.5665761Z","ServerTimestamp":"2024-04-27T13:04:07.5665775Z"}}}]}