{"MessageId":"62840bc0-bfe0-4c8f-82bc-08d40f605f93","MessageType":"ua-data","PublisherId":"DESKTOP-BGFJS91","DataSetWriterGroup":"<<UnknownWriterGroup>>","Messages":[{"DataSetWriterId":1,"SequenceNumber":13,"MetaDataVersion":{"MajorVersion":1},"Timestamp":"2024-04-27T13:04:08.8678897Z","MessageType":"ua-deltaframe","DataSetWriterName":"Test","Payload":{"nsu=http://opcfoundation.org/UA/Plc/Applications;s=FastUIntScalar2":{"Value":{"Type":7,"Body":15},"SourceTimestamp":"2024-04-27T13:04:08.5580438Z","ServerTimestamp":"2024-04-27T13:04:08.5580999Z"},"nsu=http://opcfoundation.org/UA/Plc/Applications;s=FastUIntScalar3":{"Value":{"Type":7,"Body":15},"SourceTimestamp":"2024-04-27T13:04:08.558103Z","ServerTimestamp":"2024-04-27T13:04:08.5581067Z"},"nsu=http://opcfoundation.org/UA/Plc/Applications;s=FastRandomUIntScalar1":{"Value":{"Type":7,"Body":318549245},"SourceTimestamp":"2024-04-27T13:04:08.5580278Z","ServerTimestamp":"2024-04-27T13:04:08.5580443Z"},"nsu=http://opcfoundation.org/UA/Plc/Applications;s=FastRandomUIntScalar2":{"Value":{"Type":7,"Body":3753038498},"SourceTimestamp":"2024-04-27T13:04:08.5580924Z","ServerTimestamp":"2024-04-27T13:04:08.5580939Z"},"nsu=http://opcfoundation.org/UA/Plc/Applications;s=FastRandomUIntScalar3":{"Value":{"Type":7,"Body":235078125},"SourceTimestamp":"2024-04-27T13:04:08.5580989Z","ServerTimestamp":"2024-04-27T13:04:08.5581037Z"}}}]}