{"MessageId":"4b92caae-5cea-4960-804e-ed1b369aa4e8","MessageType":"ua-data","PublisherId":"DESKTOP-BGFJS91","DataSetWriterGroup":"<<UnknownWriterGroup>>","Messages":[{"SequenceNumber":16,"MetaDataVersion":{"MajorVersion":1},"Timestamp":"2024-04-27T13:04:09.7978012Z","MessageType":"ua-deltaframe","DataSetWriterName":"MES","Payload":{"nsu=http://opcfoundation.org/UA/Plc/Applications;s=StepUp":{"Value":{"Type":7,"Body":162},"SourceTimestamp":"2024-04-27T13:04:09.7657136Z","ServerTimestamp":"2024-04-27T13:04:09.7657164Z"},"nsu=http://opcfoundation.org/UA/Plc/Applications;s=RandomSignedInt32":{"Value":{"Type":6,"Body":-1770391566},"SourceTimestamp":"2024-04-27T13:04:09.7657331Z","ServerTimestamp":"2024-04-27T13:04:09.7657352Z"},"nsu=http://opcfoundation.org/UA/Plc/Applications;s=RandomUnsignedInt32":{"Value":{"Type":7,"Body":582572154},"SourceTimestamp":"2024-04-27T13:04:09.7657322Z","ServerTimestamp":"2024-04-27T13:04:09.7657338Z"},"nsu=http://opcfoundation.org/UA/Plc/Applications;s=DipData":{"Value":{"Type":11,"Body":-98.228725072868855},"SourceTimestamp":"2024-04-27T13:04:09.7657428Z","ServerTimestamp":"2024-04-27T13:04:09.765744Z"},"nsu=http://opcfoundation.org/UA/Plc/Applications;s=FastUIntScalar1":{"Value":{"Type":7,"Body":16},"SourceTimestamp":"2024-04-27T13:04:09.5626291Z","ServerTimestamp":"2024-04-27T13:04:09.5626361Z"}}}]}