{"MessageId":"b82d3083-7b5c-4398-8b9c-560f5615b5b2","MessageType":"ua-data","PublisherId":"DESKTOP-BGFJS91","DataSetWriterGroup":"<<UnknownWriterGroup>>","Messages":[{"SequenceNumber":18,"MetaDataVersion":{"MajorVersion":1},"Timestamp":"2024-04-27T13:04:11.7826986Z","MessageType":"ua-deltaframe","DataSetWriterName":"MES","Payload":{"nsu=http://opcfoundation.org/UA/Plc/Applications;s=StepUp":{"Value":{"Type":7,"Body":182},"SourceTimestamp":"2024-04-27T13:04:11.7664355Z","ServerTimestamp":"2024-04-27T13:04:11.7664405Z"},"nsu=http://opcfoundation.org/UA/Plc/Applications;s=RandomSignedInt32":{"Value":{"Type":6,"Body":-769735017},"SourceTimestamp":"2024-04-27T13:04:11.7664695Z","ServerTimestamp":"2024-04-27T13:04:11.7664708Z"},"nsu=http://opcfoundation.org/UA/Plc/Applications;s=RandomUnsignedInt32":{"Value":{"Type":7,"Body":1705919198},"SourceTimestamp":"2024-04-27T13:04:11.7664774Z","ServerTimestamp":"2024-04-27T13:04:11.7664783Z"},"nsu=http://opcfoundation.org/UA/Plc/Applications;s=DipData":{"Value":{"Type":11,"Body":68.45471059286885},"SourceTimestamp":"2024-04-27T13:04:11.7665058Z","ServerTimestamp":"2024-04-27T13:04:11.7665096Z"},"nsu=http://opcfoundation.org/UA/Plc/Applications;s=FastUIntScalar1":{"Value":{"Type":7,"Body":18},"SourceTimestamp":"2024-04-27T13:04:11.565998Z","ServerTimestamp":"2024-04-27T13:04:11.5659998Z"}}}]}