{"MessageId":"6038080b-3b9c-4fe3-9ca7-a9e4fdbc208c","MessageType":"ua-data","PublisherId":"DESKTOP-BGFJS91","DataSetWriterGroup":"<<UnknownWriterGroup>>","Messages":[{"SequenceNumber":19,"MetaDataVersion":{"MajorVersion":1},"Timestamp":"2024-04-27T13:04:12.7728275Z","MessageType":"ua-deltaframe","DataSetWriterName":"MES","Payload":{"nsu=http://opcfoundation.org/UA/Plc/Applications;s=StepUp":{"Value":{"Type":7,"Body":191},"SourceTimestamp":"2024-04-27T13:04:12.6641311Z","ServerTimestamp":"2024-04-27T13:04:12.6641354Z"},"nsu=http://opcfoundation.org/UA/Plc/Applications;s=RandomSignedInt32":{"Value":{"Type":6,"Body":1858594317},"SourceTimestamp":"2024-04-27T13:04:12.6641912Z","ServerTimestamp":"2024-04-27T13:04:12.664196Z"},"nsu=http://opcfoundation.org/UA/Plc/Applications;s=RandomUnsignedInt32":{"Value":{"Type":7,"Body":294502766},"SourceTimestamp":"2024-04-27T13:04:12.6641745Z","ServerTimestamp":"2024-04-27T13:04:12.6641756Z"},"nsu=http://opcfoundation.org/UA/Plc/Applications;s=DipData":{"Value":{"Type":11,"Body":95.10565162951535},"SourceTimestamp":"2024-04-27T13:04:12.6641909Z","ServerTimestamp":"2024-04-27T13:04:12.6641925Z"},"nsu=http://opcfoundation.org/UA/Plc/Applications;s=FastUIntScalar1":{"Value":{"Type":7,"Body":19},"SourceTimestamp":"2024-04-27T13:04:12.5720118Z","ServerTimestamp":"2024-04-27T13:04:12.5720139Z"}}}]}