{"MessageId":"43b44d27-c8a6-4ef6-92eb-a4711f7f779d","MessageType":"ua-data","PublisherId":"DESKTOP-BGFJS91","DataSetWriterGroup":"<<UnknownWriterGroup>>","Messages":[{"DataSetWriterId":5,"SequenceNumber":16,"MetaDataVersion":{"MajorVersion":1},"Timestamp":"2024-04-27T13:04:12.9608756Z","MessageType":"ua-deltaframe","DataSetWriterName":"Packaging","Payload":{"nsu=http://opcfoundation.org/UA/Plc/Applications;s=SpikeData":{"Value":{"Type":11,"Body":84.432792550201512},"SourceTimestamp":"2024-04-27T13:04:12.8669074Z","ServerTimestamp":"2024-04-27T13:04:12.866918Z"}}}]}