{"MessageId":"9301a8f1-ec79-48ee-b0a6-8ce52ab3343e","MessageType":"ua-data","PublisherId":"DESKTOP-BGFJS91","DataSetWriterGroup":"<<UnknownWriterGroup>>","Messages":[{"SequenceNumber":21,"MetaDataVersion":{"MajorVersion":1},"Timestamp":"2024-04-27T13:04:14.8101085Z","MessageType":"ua-deltaframe","DataSetWriterName":"MES","Payload":{"nsu=http://opcfoundation.org/UA/Plc/Applications;s=StepUp":{"Value":{"Type":7,"Body":212},"SourceTimestamp":"2024-04-27T13:04:14.7578995Z","ServerTimestamp":"2024-04-27T13:04:14.7579033Z"},"nsu=http://opcfoundation.org/UA/Plc/Applications;s=RandomSignedInt32":{"Value":{"Type":6,"Body":-558155143},"SourceTimestamp":"2024-04-27T13:04:14.7579214Z","ServerTimestamp":"2024-04-27T13:04:14.7579231Z"},"nsu=http://opcfoundation.org/UA/Plc/Applications;s=RandomUnsignedInt32":{"Value":{"Type":7,"Body":1566041974},"SourceTimestamp":"2024-04-27T13:04:14.7579296Z","ServerTimestamp":"2024-04-27T13:04:14.7579306Z"},"nsu=http://opcfoundation.org/UA/Plc/Applications;s=DipData":{"Value":{"Type":11,"Body":-98.228725072868855},"SourceTimestamp":"2024-04-27T13:04:14.757945Z","ServerTimestamp":"2024-04-27T13:04:14.7579465Z"},"nsu=http://opcfoundation.org/UA/Plc/Applications;s=FastUIntScalar1":{"Value":{"Type":7,"Body":21},"SourceTimestamp":"2024-04-27T13:04:14.5712878Z","ServerTimestamp":"2024-04-27T13:04:14.5713171Z"}}}]}