{"MessageId":"3c1c538d-1e06-4766-92c7-cb785f092b64","MessageType":"ua-data","PublisherId":"DESKTOP-BGFJS91","DataSetWriterGroup":"<<UnknownWriterGroup>>","Messages":[{"SequenceNumber":22,"MetaDataVersion":{"MajorVersion":1},"Timestamp":"2024-04-27T13:04:15.7910428Z","MessageType":"ua-deltaframe","DataSetWriterName":"MES","Payload":{"nsu=http://opcfoundation.org/UA/Plc/Applications;s=StepUp":{"Value":{"Type":7,"Body":222},"SourceTimestamp":"2024-04-27T13:04:15.7586059Z","ServerTimestamp":"2024-04-27T13:04:15.7586092Z"},"nsu=http://opcfoundation.org/UA/Plc/Applications;s=RandomSignedInt32":{"Value":{"Type":6,"Body":-496818932},"SourceTimestamp":"2024-04-27T13:04:15.7586288Z","ServerTimestamp":"2024-04-27T13:04:15.75863Z"},"nsu=http://opcfoundation.org/UA/Plc/Applications;s=RandomUnsignedInt32":{"Value":{"Type":7,"Body":1491051203},"SourceTimestamp":"2024-04-27T13:04:15.758642Z","ServerTimestamp":"2024-04-27T13:04:15.7586478Z"},"nsu=http://opcfoundation.org/UA/Plc/Applications;s=DipData":{"Value":{"Type":11,"Body":-48.175367410171539},"SourceTimestamp":"2024-04-27T13:04:15.7586557Z","ServerTimestamp":"2024-04-27T13:04:15.758665Z"},"nsu=http://opcfoundation.org/UA/Plc/Applications;s=FastUIntScalar1":{"Value":{"Type":7,"Body":22},"SourceTimestamp":"2024-04-27T13:04:15.5703826Z","ServerTimestamp":"2024-04-27T13:04:15.5703851Z"}}}]}