{"MessageId":"2e88ae79-fe68-4ee9-a1df-4a67e0179161","MessageType":"ua-data","PublisherId":"DESKTOP-BGFJS91","DataSetWriterGroup":"<<UnknownWriterGroup>>","Messages":[{"DataSetWriterId":5,"SequenceNumber":20,"MetaDataVersion":{"MajorVersion":1},"Timestamp":"2024-04-27T13:04:17.9657869Z","MessageType":"ua-deltaframe","DataSetWriterName":"Packaging","Payload":{"nsu=http://opcfoundation.org/UA/Plc/Applications;s=SpikeData":{"Value":{"Type":11,"Body":84.432792550201512},"SourceTimestamp":"2024-04-27T13:04:17.8713436Z","ServerTimestamp":"2024-04-27T13:04:17.8713443Z"}}}]}