{"MessageId":"12b14cf2-e732-4c1f-b612-3823a779ec72","MessageType":"ua-data","PublisherId":"DESKTOP-BGFJS91","DataSetWriterGroup":"<<UnknownWriterGroup>>","Messages":[{"SequenceNumber":25,"MetaDataVersion":{"MajorVersion":1},"Timestamp":"2024-04-27T13:04:18.7812266Z","MessageType":"ua-deltaframe","DataSetWriterName":"MES","Payload":{"nsu=http://opcfoundation.org/UA/Plc/Applications;s=StepUp":{"Value":{"Type":7,"Body":252},"SourceTimestamp":"2024-04-27T13:04:18.7651472Z","ServerTimestamp":"2024-04-27T13:04:18.7651504Z"},"nsu=http://opcfoundation.org/UA/Plc/Applications;s=AlternatingBoolean":{"Value":{"Type":1,"Body":false},"SourceTimestamp":"2024-04-27T13:04:18.6590347Z","ServerTimestamp":"2024-04-27T13:04:18.6590408Z"},"nsu=http://opcfoundation.org/UA/Plc/Applications;s=RandomSignedInt32":{"Value":{"Type":6,"Body":-1650915281},"SourceTimestamp":"2024-04-27T13:04:18.7651688Z","ServerTimestamp":"2024-04-27T13:04:18.7651703Z"},"nsu=http://opcfoundation.org/UA/Plc/Applications;s=RandomUnsignedInt32":{"Value":{"Type":7,"Body":1414457714},"SourceTimestamp":"2024-04-27T13:04:18.7651783Z","ServerTimestamp":"2024-04-27T13:04:18.7651888Z"},"nsu=http://opcfoundation.org/UA/Plc/Applications;s=DipData":{"Value":{"Type":11,"Body":-12.533323356430378},"SourceTimestamp":"2024-04-27T13:04:18.7651819Z","ServerTimestamp":"2024-04-27T13:04:18.765185Z"},"nsu=http://opcfoundation.org/UA/Plc/Applications;s=FastUIntScalar1":{"Value":{"Type":7,"Body":25},"SourceTimestamp":"2024-04-27T13:04:18.5643466Z","ServerTimestamp":"2024-04-27T13:04:18.5643689Z"}}}]}