{"MessageId":"506276b2-9360-4c89-8025-9ed3fc083580","MessageType":"ua-data","PublisherId":"DESKTOP-BGFJS91","DataSetWriterGroup":"<<UnknownWriterGroup>>","Messages":[{"DataSetWriterId":5,"SequenceNumber":21,"MetaDataVersion":{"MajorVersion":1},"Timestamp":"2024-04-27T13:04:18.9697675Z","MessageType":"ua-deltaframe","DataSetWriterName":"Packaging","Payload":{"nsu=http://opcfoundation.org/UA/Plc/Applications;s=SpikeData":{"Value":{"Type":11,"Body":-24.86898871648545},"SourceTimestamp":"2024-04-27T13:04:18.8601627Z","ServerTimestamp":"2024-04-27T13:04:18.8601752Z"}}}]}