{"MessageId":"8c60a985-ef27-48ac-8685-f6afc4273bbb","MessageType":"ua-data","PublisherId":"DESKTOP-BGFJS91","DataSetWriterGroup":"<<UnknownWriterGroup>>","Messages":[{"DataSetWriterId":5,"SequenceNumber":2,"MetaDataVersion":{"MajorVersion":1},"Timestamp":"2024-04-27T13:03:57.0073841Z","MessageType":"ua-deltaframe","DataSetWriterName":"Packaging","Payload":{"nsu=http://opcfoundation.org/UA/Plc/Applications;s=SpikeData":{"Value":{"Type":11,"Body":84.432792550201498},"SourceTimestamp":"2024-04-27T13:03:56.9606284Z","ServerTimestamp":"2024-04-27T13:03:56.9606784Z"}}}]}