{"MessageId":"038ba064-04e1-40e0-a76b-b62f28e532ec","MessageType":"ua-data","PublisherId":"DESKTOP-BGFJS91","DataSetWriterGroup":"<<UnknownWriterGroup>>","Messages":[{"DataSetWriterId":1,"SequenceNumber":25,"MetaDataVersion":{"MajorVersion":1},"Timestamp":"2024-04-27T13:04:22.8680527Z","MessageType":"ua-deltaframe","DataSetWriterName":"Test","Payload":{"nsu=http://opcfoundation.org/UA/Plc/Applications;s=FastUIntScalar2":{"Value":{"Type":7,"Body":29},"SourceTimestamp":"2024-04-27T13:04:22.5606185Z","ServerTimestamp":"2024-04-27T13:04:22.5606261Z"},"nsu=http://opcfoundation.org/UA/Plc/Applications;s=FastUIntScalar3":{"Value":{"Type":7,"Body":29},"SourceTimestamp":"2024-04-27T13:04:22.5606276Z","ServerTimestamp":"2024-04-27T13:04:22.5606289Z"},"nsu=http://opcfoundation.org/UA/Plc/Applications;s=FastRandomUIntScalar1":{"Value":{"Type":7,"Body":4293108833},"SourceTimestamp":"2024-04-27T13:04:22.5606133Z","ServerTimestamp":"2024-04-27T13:04:22.5606192Z"},"nsu=http://opcfoundation.org/UA/Plc/Applications;s=FastRandomUIntScalar2":{"Value":{"Type":7,"Body":2316100954},"SourceTimestamp":"2024-04-27T13:04:22.5606259Z","ServerTimestamp":"2024-04-27T13:04:22.5606276Z"},"nsu=http://opcfoundation.org/UA/Plc/Applications;s=FastRandomUIntScalar3":{"Value":{"Type":7,"Body":1692706249},"SourceTimestamp":"2024-04-27T13:04:22.5606288Z","ServerTimestamp":"2024-04-27T13:04:22.5606869Z"}}}]}