{"MessageId":"92191b69-6bbe-45e6-8ee2-76b75f77a076","MessageType":"ua-data","PublisherId":"DESKTOP-BGFJS91","DataSetWriterGroup":"<<UnknownWriterGroup>>","Messages":[{"DataSetWriterId":5,"SequenceNumber":25,"MetaDataVersion":{"MajorVersion":1},"Timestamp":"2024-04-27T13:04:22.9905681Z","MessageType":"ua-deltaframe","DataSetWriterName":"Packaging","Payload":{"nsu=http://opcfoundation.org/UA/Plc/Applications;s=SpikeData":{"Value":{"Type":11,"Body":77.051324277578928},"SourceTimestamp":"2024-04-27T13:04:22.9593349Z","ServerTimestamp":"2024-04-27T13:04:22.9593357Z"}}}]}