{"MessageId":"3bbb7c26-d081-4236-917c-8ec5c8e9aeb6","MessageType":"ua-data","PublisherId":"DESKTOP-BGFJS91","DataSetWriterGroup":"<<UnknownWriterGroup>>","Messages":[{"SequenceNumber":29,"MetaDataVersion":{"MajorVersion":1},"Timestamp":"2024-04-27T13:04:23.7950305Z","MessageType":"ua-deltaframe","DataSetWriterName":"MES","Payload":{"nsu=http://opcfoundation.org/UA/Plc/Applications;s=StepUp":{"Value":{"Type":7,"Body":302},"SourceTimestamp":"2024-04-27T13:04:23.7636635Z","ServerTimestamp":"2024-04-27T13:04:23.7636678Z"},"nsu=http://opcfoundation.org/UA/Plc/Applications;s=AlternatingBoolean":{"Value":{"Type":1,"Body":true},"SourceTimestamp":"2024-04-27T13:04:23.6692852Z","ServerTimestamp":"2024-04-27T13:04:23.6693179Z"},"nsu=http://opcfoundation.org/UA/Plc/Applications;s=RandomSignedInt32":{"Value":{"Type":6,"Body":-1391868110},"SourceTimestamp":"2024-04-27T13:04:23.7636835Z","ServerTimestamp":"2024-04-27T13:04:23.7637059Z"},"nsu=http://opcfoundation.org/UA/Plc/Applications;s=RandomUnsignedInt32":{"Value":{"Type":7,"Body":1707627554},"SourceTimestamp":"2024-04-27T13:04:23.7637046Z","ServerTimestamp":"2024-04-27T13:04:23.7637353Z"},"nsu=http://opcfoundation.org/UA/Plc/Applications;s=DipData":{"Value":{"Type":11,"Body":-12.533323356430378},"SourceTimestamp":"2024-04-27T13:04:23.7637102Z","ServerTimestamp":"2024-04-27T13:04:23.7637213Z"},"nsu=http://opcfoundation.org/UA/Plc/Applications;s=FastUIntScalar1":{"Value":{"Type":7,"Body":30},"SourceTimestamp":"2024-04-27T13:04:23.5618354Z","ServerTimestamp":"2024-04-27T13:04:23.5618753Z"}}}]}