{"MessageId":"73a20e05-cf81-4895-a410-2556217a8ad0","MessageType":"ua-data","PublisherId":"DESKTOP-BGFJS91","DataSetWriterGroup":"<<UnknownWriterGroup>>","Messages":[{"DataSetWriterId":1,"SequenceNumber":26,"MetaDataVersion":{"MajorVersion":1},"Timestamp":"2024-04-27T13:04:23.858065Z","MessageType":"ua-deltaframe","DataSetWriterName":"Test","Payload":{"nsu=http://opcfoundation.org/UA/Plc/Applications;s=FastUIntScalar2":{"Value":{"Type":7,"Body":30},"SourceTimestamp":"2024-04-27T13:04:23.5618801Z","ServerTimestamp":"2024-04-27T13:04:23.5618838Z"},"nsu=http://opcfoundation.org/UA/Plc/Applications;s=FastUIntScalar3":{"Value":{"Type":7,"Body":30},"SourceTimestamp":"2024-04-27T13:04:23.5618849Z","ServerTimestamp":"2024-04-27T13:04:23.5618924Z"},"nsu=http://opcfoundation.org/UA/Plc/Applications;s=FastRandomUIntScalar1":{"Value":{"Type":7,"Body":2811769712},"SourceTimestamp":"2024-04-27T13:04:23.5618423Z","ServerTimestamp":"2024-04-27T13:04:23.5618431Z"},"nsu=http://opcfoundation.org/UA/Plc/Applications;s=FastRandomUIntScalar2":{"Value":{"Type":7,"Body":2264048908},"SourceTimestamp":"2024-04-27T13:04:23.5618446Z","ServerTimestamp":"2024-04-27T13:04:23.56185Z"},"nsu=http://opcfoundation.org/UA/Plc/Applications;s=FastRandomUIntScalar3":{"Value":{"Type":7,"Body":3781907754},"SourceTimestamp":"2024-04-27T13:04:23.5618511Z","ServerTimestamp":"2024-04-27T13:04:23.5618523Z"}}}]}