{"MessageId":"11671c19-d879-4b88-9c05-b46c099c2c0e","MessageType":"ua-data","PublisherId":"DESKTOP-BGFJS91","DataSetWriterGroup":"<<UnknownWriterGroup>>","Messages":[{"SequenceNumber":30,"MetaDataVersion":{"MajorVersion":1},"Timestamp":"2024-04-27T13:04:24.7901248Z","MessageType":"ua-deltaframe","DataSetWriterName":"MES","Payload":{"nsu=http://opcfoundation.org/UA/Plc/Applications;s=StepUp":{"Value":{"Type":7,"Body":312},"SourceTimestamp":"2024-04-27T13:04:24.7593854Z","ServerTimestamp":"2024-04-27T13:04:24.7593895Z"},"nsu=http://opcfoundation.org/UA/Plc/Applications;s=RandomSignedInt32":{"Value":{"Type":6,"Body":-126857995},"SourceTimestamp":"2024-04-27T13:04:24.7594134Z","ServerTimestamp":"2024-04-27T13:04:24.7594148Z"},"nsu=http://opcfoundation.org/UA/Plc/Applications;s=RandomUnsignedInt32":{"Value":{"Type":7,"Body":45918325},"SourceTimestamp":"2024-04-27T13:04:24.7594373Z","ServerTimestamp":"2024-04-27T13:04:24.759462Z"},"nsu=http://opcfoundation.org/UA/Plc/Applications;s=DipData":{"Value":{"Type":11,"Body":-98.228725072868855},"SourceTimestamp":"2024-04-27T13:04:24.759431Z","ServerTimestamp":"2024-04-27T13:04:24.7594327Z"},"nsu=http://opcfoundation.org/UA/Plc/Applications;s=FastUIntScalar1":{"Value":{"Type":7,"Body":31},"SourceTimestamp":"2024-04-27T13:04:24.5596354Z","ServerTimestamp":"2024-04-27T13:04:24.5596396Z"}}}]}