{"MessageId":"f40e6623-737a-4bfe-90a2-f397e5ea0be2","MessageType":"ua-data","PublisherId":"DESKTOP-BGFJS91","DataSetWriterGroup":"<<UnknownWriterGroup>>","Messages":[{"DataSetWriterId":1,"SequenceNumber":27,"MetaDataVersion":{"MajorVersion":1},"Timestamp":"2024-04-27T13:04:24.8515245Z","MessageType":"ua-deltaframe","DataSetWriterName":"Test","Payload":{"nsu=http://opcfoundation.org/UA/Plc/Applications;s=FastUIntScalar2":{"Value":{"Type":7,"Body":31},"SourceTimestamp":"2024-04-27T13:04:24.5596549Z","ServerTimestamp":"2024-04-27T13:04:24.5596621Z"},"nsu=http://opcfoundation.org/UA/Plc/Applications;s=FastUIntScalar3":{"Value":{"Type":7,"Body":31},"SourceTimestamp":"2024-04-27T13:04:24.5596647Z","ServerTimestamp":"2024-04-27T13:04:24.5596678Z"},"nsu=http://opcfoundation.org/UA/Plc/Applications;s=FastRandomUIntScalar1":{"Value":{"Type":7,"Body":3999904601},"SourceTimestamp":"2024-04-27T13:04:24.5596421Z","ServerTimestamp":"2024-04-27T13:04:24.5596559Z"},"nsu=http://opcfoundation.org/UA/Plc/Applications;s=FastRandomUIntScalar2":{"Value":{"Type":7,"Body":2522014585},"SourceTimestamp":"2024-04-27T13:04:24.5596621Z","ServerTimestamp":"2024-04-27T13:04:24.5596655Z"},"nsu=http://opcfoundation.org/UA/Plc/Applications;s=FastRandomUIntScalar3":{"Value":{"Type":7,"Body":2206479672},"SourceTimestamp":"2024-04-27T13:04:24.5596676Z","ServerTimestamp":"2024-04-27T13:04:24.5596697Z"}}}]}