{"MessageId":"d33bbefd-5fa8-46b0-b19a-d025ce274c94","MessageType":"ua-data","PublisherId":"DESKTOP-BGFJS91","DataSetWriterGroup":"<<UnknownWriterGroup>>","Messages":[{"DataSetWriterId":4,"SequenceNumber":3,"MetaDataVersion":{"MajorVersion":1},"Timestamp":"2024-04-27T13:04:24.9735796Z","MessageType":"ua-deltaframe","DataSetWriterName":"Packaging","Payload":{"nsu=http://opcfoundation.org/UA/Plc/Applications;s=SlowRandomUIntScalar1":{"Value":{"Type":7,"Body":1999930958},"SourceTimestamp":"2024-04-27T13:04:23.5618177Z","ServerTimestamp":"2024-04-27T13:04:23.5618205Z"},"nsu=http://opcfoundation.org/UA/Plc/Applications;s=SlowRandomUIntScalar2":{"Value":{"Type":7,"Body":1682601869},"SourceTimestamp":"2024-04-27T13:04:23.5618428Z","ServerTimestamp":"2024-04-27T13:04:23.5618455Z"},"nsu=http://opcfoundation.org/UA/Plc/Applications;s=SlowRandomUIntScalar3":{"Value":{"Type":7,"Body":3030190835},"SourceTimestamp":"2024-04-27T13:04:23.56185Z","ServerTimestamp":"2024-04-27T13:04:23.5618509Z"},"nsu=http://opcfoundation.org/UA/Plc/Applications;s=BadSlowRandomUIntScalar1":{"Value":{"Type":7,"Body":1237700982},"SourceTimestamp":"2024-04-27T13:04:23.5618525Z","ServerTimestamp":"2024-04-27T13:04:23.5618534Z"}}}]}