{"MessageId":"ecfec322-b5e5-457a-a888-e03627617aab","MessageType":"ua-data","PublisherId":"DESKTOP-BGFJS91","DataSetWriterGroup":"<<UnknownWriterGroup>>","Messages":[{"DataSetWriterId":1,"SequenceNumber":28,"MetaDataVersion":{"MajorVersion":1},"Timestamp":"2024-04-27T13:04:26.8921446Z","MessageType":"ua-deltaframe","DataSetWriterName":"Test","Payload":{"nsu=http://opcfoundation.org/UA/Plc/Applications;s=FastUIntScalar2":{"Value":{"Type":7,"Body":33},"SourceTimestamp":"2024-04-27T13:04:26.5681025Z","ServerTimestamp":"2024-04-27T13:04:26.5681179Z"},"nsu=http://opcfoundation.org/UA/Plc/Applications;s=FastUIntScalar3":{"Value":{"Type":7,"Body":33},"SourceTimestamp":"2024-04-27T13:04:26.5681214Z","ServerTimestamp":"2024-04-27T13:04:26.5681243Z"},"nsu=http://opcfoundation.org/UA/Plc/Applications;s=FastRandomUIntScalar1":{"Value":{"Type":7,"Body":2257660467},"SourceTimestamp":"2024-04-27T13:04:26.568075Z","ServerTimestamp":"2024-04-27T13:04:26.5681038Z"},"nsu=http://opcfoundation.org/UA/Plc/Applications;s=FastRandomUIntScalar2":{"Value":{"Type":7,"Body":670054995},"SourceTimestamp":"2024-04-27T13:04:26.5681178Z","ServerTimestamp":"2024-04-27T13:04:26.5681219Z"},"nsu=http://opcfoundation.org/UA/Plc/Applications;s=FastRandomUIntScalar3":{"Value":{"Type":7,"Body":1237998318},"SourceTimestamp":"2024-04-27T13:04:26.5681242Z","ServerTimestamp":"2024-04-27T13:04:26.5681271Z"}}}]}