{"nsu=http://opcfoundation.org/UA/Plc/Applications;s=StepUp":{"Value":1039,"SourceTimestamp":"2024-04-27T19:53:04.7276215Z","ServerTimestamp":"2024-04-27T19:53:04.7276403Z"},"nsu=http://opcfoundation.org/UA/Plc/Applications;s=RandomSignedInt32":{"Value":176705251,"SourceTimestamp":"2024-04-27T19:53:04.7276564Z","ServerTimestamp":"2024-04-27T19:53:04.7276635Z"},"nsu=http://opcfoundation.org/UA/Plc/Applications;s=RandomUnsignedInt32":{"Value":53956212,"SourceTimestamp":"2024-04-27T19:53:04.7276573Z","ServerTimestamp":"2024-04-27T19:53:04.7276582Z"},"nsu=http://opcfoundation.org/UA/Plc/Applications;s=DipData":{"Value":99.80267284282715,"SourceTimestamp":"2024-04-27T19:53:04.6186485Z","ServerTimestamp":"2024-04-27T19:53:04.6186507Z"},"nsu=http://opcfoundation.org/UA/Plc/Applications;s=FastUIntScalar1":{"Value":103,"SourceTimestamp":"2024-04-27T19:53:03.8317327Z","ServerTimestamp":"2024-04-27T19:53:03.8317343Z"},"nsu=http://opcfoundation.org/UA/Plc/Applications;s=FastUIntScalar2":{"Value":103,"SourceTimestamp":"2024-04-27T19:53:03.8317425Z","ServerTimestamp":"2024-04-27T19:53:03.8317498Z"},"nsu=http://opcfoundation.org/UA/Plc/Applications;s=FastUIntScalar3":{"Value":103,"SourceTimestamp":"2024-04-27T19:53:03.8317507Z","ServerTimestamp":"2024-04-27T19:53:03.8317578Z"},"nsu=http://opcfoundation.org/UA/Plc/Applications;s=FastRandomUIntScalar1":{"Value":1414962698,"SourceTimestamp":"2024-04-27T19:53:03.8317416Z","ServerTimestamp":"2024-04-27T19:53:03.8317434Z"},"nsu=http://opcfoundation.org/UA/Plc/Applications;s=FastRandomUIntScalar2":{"Value":4029551369,"SourceTimestamp":"2024-04-27T19:53:03.83175Z","ServerTimestamp":"2024-04-27T19:53:03.8317507Z"},"nsu=http://opcfoundation.org/UA/Plc/Applications;s=FastRandomUIntScalar3":{"Value":2125398225,"SourceTimestamp":"2024-04-27T19:53:03.8317579Z","ServerTimestamp":"2024-04-27T19:53:03.8317586Z"},"nsu=http://opcfoundation.org/UA/Plc/Applications;s=SpikeData":{"Value":1000,"SourceTimestamp":"2024-04-27T19:53:04.7276823Z","ServerTimestamp":"2024-04-27T19:53:04.7276836Z"}}