{"nsu=http://opcfoundation.org/UA/Plc/Applications;s=StepUp":{"Value":1068,"SourceTimestamp":"2024-04-27T19:53:07.6328921Z","ServerTimestamp":"2024-04-27T19:53:07.6328948Z"},"nsu=http://opcfoundation.org/UA/Plc/Applications;s=RandomSignedInt32":{"Value":-42258105,"SourceTimestamp":"2024-04-27T19:53:07.6328937Z","ServerTimestamp":"2024-04-27T19:53:07.6329292Z"},"nsu=http://opcfoundation.org/UA/Plc/Applications;s=RandomUnsignedInt32":{"Value":1608338136,"SourceTimestamp":"2024-04-27T19:53:07.6329106Z","ServerTimestamp":"2024-04-27T19:53:07.6329134Z"},"nsu=http://opcfoundation.org/UA/Plc/Applications;s=DipData":{"Value":-84.432792550201526,"SourceTimestamp":"2024-04-27T19:53:07.6329235Z","ServerTimestamp":"2024-04-27T19:53:07.6329243Z"},"nsu=http://opcfoundation.org/UA/Plc/Applications;s=FastUIntScalar1":{"Value":106,"SourceTimestamp":"2024-04-27T19:53:06.8185529Z","ServerTimestamp":"2024-04-27T19:53:06.8185553Z"},"nsu=http://opcfoundation.org/UA/Plc/Applications;s=FastUIntScalar2":{"Value":106,"SourceTimestamp":"2024-04-27T19:53:06.8185652Z","ServerTimestamp":"2024-04-27T19:53:06.8185714Z"},"nsu=http://opcfoundation.org/UA/Plc/Applications;s=FastUIntScalar3":{"Value":106,"SourceTimestamp":"2024-04-27T19:53:06.818573Z","ServerTimestamp":"2024-04-27T19:53:06.8185736Z"},"nsu=http://opcfoundation.org/UA/Plc/Applications;s=FastRandomUIntScalar1":{"Value":3136380732,"SourceTimestamp":"2024-04-27T19:53:06.8185604Z","ServerTimestamp":"2024-04-27T19:53:06.8185654Z"},"nsu=http://opcfoundation.org/UA/Plc/Applications;s=FastRandomUIntScalar2":{"Value":612433138,"SourceTimestamp":"2024-04-27T19:53:06.8185713Z","ServerTimestamp":"2024-04-27T19:53:06.8185808Z"},"nsu=http://opcfoundation.org/UA/Plc/Applications;s=FastRandomUIntScalar3":{"Value":1962370795,"SourceTimestamp":"2024-04-27T19:53:06.8185822Z","ServerTimestamp":"2024-04-27T19:53:06.8185829Z"},"nsu=http://opcfoundation.org/UA/Plc/Applications;s=SpikeData":{"Value":-84.432792550201526,"SourceTimestamp":"2024-04-27T19:53:07.632929Z","ServerTimestamp":"2024-04-27T19:53:07.6329343Z"}}