{"nsu=http://opcfoundation.org/UA/Plc/Applications;s=SlowUIntScalar1":{"Value":11,"SourceTimestamp":"2024-04-27T19:53:10.8231771Z","ServerTimestamp":"2024-04-27T19:53:10.8231798Z"},"nsu=http://opcfoundation.org/UA/Plc/Applications;s=SlowUIntScalar2":{"Value":11,"SourceTimestamp":"2024-04-27T19:53:10.8231888Z","ServerTimestamp":"2024-04-27T19:53:10.8231893Z"},"nsu=http://opcfoundation.org/UA/Plc/Applications;s=SlowUIntScalar3":{"Value":11,"SourceTimestamp":"2024-04-27T19:53:10.82319Z","ServerTimestamp":"2024-04-27T19:53:10.8231904Z"},"nsu=http://opcfoundation.org/UA/Plc/Applications;s=BadSlowUIntScalar1":{"Value":1,"SourceTimestamp":"2024-04-27T19:53:10.8231912Z","ServerTimestamp":"2024-04-27T19:53:10.8231916Z"},"nsu=http://opcfoundation.org/UA/Plc/Applications;s=SlowRandomUIntScalar1":{"Value":1854307005,"SourceTimestamp":"2024-04-27T19:53:10.8231928Z","ServerTimestamp":"2024-04-27T19:53:10.8231947Z"},"nsu=http://opcfoundation.org/UA/Plc/Applications;s=SlowRandomUIntScalar2":{"Value":3018157603,"SourceTimestamp":"2024-04-27T19:53:10.8232009Z","ServerTimestamp":"2024-04-27T19:53:10.82321Z"},"nsu=http://opcfoundation.org/UA/Plc/Applications;s=SlowRandomUIntScalar3":{"Value":3238425951,"SourceTimestamp":"2024-04-27T19:53:10.8232111Z","ServerTimestamp":"2024-04-27T19:53:10.8232115Z"},"nsu=http://opcfoundation.org/UA/Plc/Applications;s=BadSlowRandomUIntScalar1":{"Value":1644842877,"SourceTimestamp":"2024-04-27T19:53:10.8232125Z","ServerTimestamp":"2024-04-27T19:53:10.823213Z"}}