{"nsu=http://opcfoundation.org/UA/Plc/Applications;s=StepUp":{"Value":1148,"SourceTimestamp":"2024-04-27T19:53:15.6217451Z","ServerTimestamp":"2024-04-27T19:53:15.6217936Z"},"nsu=http://opcfoundation.org/UA/Plc/Applications;s=RandomSignedInt32":{"Value":-26949513,"SourceTimestamp":"2024-04-27T19:53:15.6217536Z","ServerTimestamp":"2024-04-27T19:53:15.6217601Z"},"nsu=http://opcfoundation.org/UA/Plc/Applications;s=RandomUnsignedInt32":{"Value":472693385,"SourceTimestamp":"2024-04-27T19:53:15.6217676Z","ServerTimestamp":"2024-04-27T19:53:15.621775Z"},"nsu=http://opcfoundation.org/UA/Plc/Applications;s=DipData":{"Value":36.812455268467801,"SourceTimestamp":"2024-04-27T19:53:15.621785Z","ServerTimestamp":"2024-04-27T19:53:15.6218037Z"},"nsu=http://opcfoundation.org/UA/Plc/Applications;s=FastUIntScalar1":{"Value":114,"SourceTimestamp":"2024-04-27T19:53:14.8328597Z","ServerTimestamp":"2024-04-27T19:53:14.8328618Z"},"nsu=http://opcfoundation.org/UA/Plc/Applications;s=FastUIntScalar2":{"Value":114,"SourceTimestamp":"2024-04-27T19:53:14.8328728Z","ServerTimestamp":"2024-04-27T19:53:14.8328734Z"},"nsu=http://opcfoundation.org/UA/Plc/Applications;s=FastUIntScalar3":{"Value":114,"SourceTimestamp":"2024-04-27T19:53:14.8328837Z","ServerTimestamp":"2024-04-27T19:53:14.832886Z"},"nsu=http://opcfoundation.org/UA/Plc/Applications;s=FastRandomUIntScalar1":{"Value":2649362697,"SourceTimestamp":"2024-04-27T19:53:14.8328596Z","ServerTimestamp":"2024-04-27T19:53:14.8328754Z"},"nsu=http://opcfoundation.org/UA/Plc/Applications;s=FastRandomUIntScalar2":{"Value":3538299909,"SourceTimestamp":"2024-04-27T19:53:14.8328827Z","ServerTimestamp":"2024-04-27T19:53:14.8328836Z"},"nsu=http://opcfoundation.org/UA/Plc/Applications;s=FastRandomUIntScalar3":{"Value":3323915056,"SourceTimestamp":"2024-04-27T19:53:14.8328852Z","ServerTimestamp":"2024-04-27T19:53:14.8329214Z"},"nsu=http://opcfoundation.org/UA/Plc/Applications;s=SpikeData":{"Value":36.812455268467801,"SourceTimestamp":"2024-04-27T19:53:15.6217934Z","ServerTimestamp":"2024-04-27T19:53:15.621797Z"}}