{"nsu=http://opcfoundation.org/UA/Plc/Applications;s=StepUp":{"Value":1169,"SourceTimestamp":"2024-04-27T19:53:17.7257537Z","ServerTimestamp":"2024-04-27T19:53:17.725757Z"},"nsu=http://opcfoundation.org/UA/Plc/Applications;s=RandomSignedInt32":{"Value":997382934,"SourceTimestamp":"2024-04-27T19:53:17.7257722Z","ServerTimestamp":"2024-04-27T19:53:17.7257801Z"},"nsu=http://opcfoundation.org/UA/Plc/Applications;s=RandomUnsignedInt32":{"Value":1820766585,"SourceTimestamp":"2024-04-27T19:53:17.7257859Z","ServerTimestamp":"2024-04-27T19:53:17.7257875Z"},"nsu=http://opcfoundation.org/UA/Plc/Applications;s=DipData":{"Value":-77.051324277578942,"SourceTimestamp":"2024-04-27T19:53:17.7257926Z","ServerTimestamp":"2024-04-27T19:53:17.7258124Z"},"nsu=http://opcfoundation.org/UA/Plc/Applications;s=FastUIntScalar1":{"Value":116,"SourceTimestamp":"2024-04-27T19:53:16.8314278Z","ServerTimestamp":"2024-04-27T19:53:16.8314316Z"},"nsu=http://opcfoundation.org/UA/Plc/Applications;s=FastUIntScalar2":{"Value":116,"SourceTimestamp":"2024-04-27T19:53:16.8314459Z","ServerTimestamp":"2024-04-27T19:53:16.8314614Z"},"nsu=http://opcfoundation.org/UA/Plc/Applications;s=FastUIntScalar3":{"Value":116,"SourceTimestamp":"2024-04-27T19:53:16.8314642Z","ServerTimestamp":"2024-04-27T19:53:16.8314693Z"},"nsu=http://opcfoundation.org/UA/Plc/Applications;s=FastRandomUIntScalar1":{"Value":603304143,"SourceTimestamp":"2024-04-27T19:53:16.8314339Z","ServerTimestamp":"2024-04-27T19:53:16.8314475Z"},"nsu=http://opcfoundation.org/UA/Plc/Applications;s=FastRandomUIntScalar2":{"Value":4040598832,"SourceTimestamp":"2024-04-27T19:53:16.8314614Z","ServerTimestamp":"2024-04-27T19:53:16.8314652Z"},"nsu=http://opcfoundation.org/UA/Plc/Applications;s=FastRandomUIntScalar3":{"Value":780184132,"SourceTimestamp":"2024-04-27T19:53:16.8314671Z","ServerTimestamp":"2024-04-27T19:53:16.8314681Z"},"nsu=http://opcfoundation.org/UA/Plc/Applications;s=SpikeData":{"Value":-77.051324277578942,"SourceTimestamp":"2024-04-27T19:53:17.7257976Z","ServerTimestamp":"2024-04-27T19:53:17.7258285Z"}}