{"nsu=http://opcfoundation.org/UA/Plc/Applications;s=StepUp":{"Value":119,"SourceTimestamp":"2024-04-27T19:51:32.732253Z","ServerTimestamp":"2024-04-27T19:51:32.7322579Z"},"nsu=http://opcfoundation.org/UA/Plc/Applications;s=RandomSignedInt32":{"Value":1518874228,"SourceTimestamp":"2024-04-27T19:51:32.732328Z","ServerTimestamp":"2024-04-27T19:51:32.7323317Z"},"nsu=http://opcfoundation.org/UA/Plc/Applications;s=RandomUnsignedInt32":{"Value":349473123,"SourceTimestamp":"2024-04-27T19:51:32.7322815Z","ServerTimestamp":"2024-04-27T19:51:32.7322912Z"},"nsu=http://opcfoundation.org/UA/Plc/Applications;s=DipData":{"Value":-77.051324277578942,"SourceTimestamp":"2024-04-27T19:51:32.7323048Z","ServerTimestamp":"2024-04-27T19:51:32.7323149Z"},"nsu=http://opcfoundation.org/UA/Plc/Applications;s=FastUIntScalar1":{"Value":11,"SourceTimestamp":"2024-04-27T19:51:31.8239736Z","ServerTimestamp":"2024-04-27T19:51:31.8239759Z"},"nsu=http://opcfoundation.org/UA/Plc/Applications;s=FastUIntScalar2":{"Value":11,"SourceTimestamp":"2024-04-27T19:51:31.8240151Z","ServerTimestamp":"2024-04-27T19:51:31.8240177Z"},"nsu=http://opcfoundation.org/UA/Plc/Applications;s=FastUIntScalar3":{"Value":11,"SourceTimestamp":"2024-04-27T19:51:31.8240245Z","ServerTimestamp":"2024-04-27T19:51:31.8240305Z"},"nsu=http://opcfoundation.org/UA/Plc/Applications;s=FastRandomUIntScalar1":{"Value":4009108440,"SourceTimestamp":"2024-04-27T19:51:31.8239736Z","ServerTimestamp":"2024-04-27T19:51:31.8239903Z"},"nsu=http://opcfoundation.org/UA/Plc/Applications;s=FastRandomUIntScalar2":{"Value":240735706,"SourceTimestamp":"2024-04-27T19:51:31.8239918Z","ServerTimestamp":"2024-04-27T19:51:31.8239925Z"},"nsu=http://opcfoundation.org/UA/Plc/Applications;s=FastRandomUIntScalar3":{"Value":1266384166,"SourceTimestamp":"2024-04-27T19:51:31.8239939Z","ServerTimestamp":"2024-04-27T19:51:31.8239943Z"},"nsu=http://opcfoundation.org/UA/Plc/Applications;s=SpikeData":{"Value":-77.051324277578942,"SourceTimestamp":"2024-04-27T19:51:32.7323252Z","ServerTimestamp":"2024-04-27T19:51:32.7323262Z"}}