{"nsu=http://opcfoundation.org/UA/Plc/Applications;s=StepUp":{"Value":158,"SourceTimestamp":"2024-04-27T19:51:36.6222658Z","ServerTimestamp":"2024-04-27T19:51:36.6223052Z"},"nsu=http://opcfoundation.org/UA/Plc/Applications;s=AlternatingBoolean":{"Value":false,"SourceTimestamp":"2024-04-27T19:51:35.9205966Z","ServerTimestamp":"2024-04-27T19:51:35.9206005Z"},"nsu=http://opcfoundation.org/UA/Plc/Applications;s=RandomSignedInt32":{"Value":1875075947,"SourceTimestamp":"2024-04-27T19:51:36.6222714Z","ServerTimestamp":"2024-04-27T19:51:36.6222801Z"},"nsu=http://opcfoundation.org/UA/Plc/Applications;s=RandomUnsignedInt32":{"Value":1596846284,"SourceTimestamp":"2024-04-27T19:51:36.6222843Z","ServerTimestamp":"2024-04-27T19:51:36.6222873Z"},"nsu=http://opcfoundation.org/UA/Plc/Applications;s=DipData":{"Value":-1000,"SourceTimestamp":"2024-04-27T19:51:36.6222965Z","ServerTimestamp":"2024-04-27T19:51:36.6222972Z"},"nsu=http://opcfoundation.org/UA/Plc/Applications;s=FastUIntScalar1":{"Value":15,"SourceTimestamp":"2024-04-27T19:51:35.8278023Z","ServerTimestamp":"2024-04-27T19:51:35.8278054Z"},"nsu=http://opcfoundation.org/UA/Plc/Applications;s=FastUIntScalar2":{"Value":15,"SourceTimestamp":"2024-04-27T19:51:35.8278122Z","ServerTimestamp":"2024-04-27T19:51:35.8278134Z"},"nsu=http://opcfoundation.org/UA/Plc/Applications;s=FastUIntScalar3":{"Value":15,"SourceTimestamp":"2024-04-27T19:51:35.8278148Z","ServerTimestamp":"2024-04-27T19:51:35.8278158Z"},"nsu=http://opcfoundation.org/UA/Plc/Applications;s=FastRandomUIntScalar1":{"Value":4175379837,"SourceTimestamp":"2024-04-27T19:51:35.8277942Z","ServerTimestamp":"2024-04-27T19:51:35.8277963Z"},"nsu=http://opcfoundation.org/UA/Plc/Applications;s=FastRandomUIntScalar2":{"Value":3853453149,"SourceTimestamp":"2024-04-27T19:51:35.8278049Z","ServerTimestamp":"2024-04-27T19:51:35.8278119Z"},"nsu=http://opcfoundation.org/UA/Plc/Applications;s=FastRandomUIntScalar3":{"Value":4156505119,"SourceTimestamp":"2024-04-27T19:51:35.8278134Z","ServerTimestamp":"2024-04-27T19:51:35.8278148Z"},"nsu=http://opcfoundation.org/UA/Plc/Applications;s=SpikeData":{"Value":-77.0513242775789,"SourceTimestamp":"2024-04-27T19:51:36.6223027Z","ServerTimestamp":"2024-04-27T19:51:36.6223034Z"}}