{"nsu=http://opcfoundation.org/UA/Plc/Applications;s=StepUp":{"Value":179,"SourceTimestamp":"2024-04-27T19:51:38.7186913Z","ServerTimestamp":"2024-04-27T19:51:38.7187118Z"},"nsu=http://opcfoundation.org/UA/Plc/Applications;s=RandomSignedInt32":{"Value":-1790175772,"SourceTimestamp":"2024-04-27T19:51:38.7186924Z","ServerTimestamp":"2024-04-27T19:51:38.7187316Z"},"nsu=http://opcfoundation.org/UA/Plc/Applications;s=RandomUnsignedInt32":{"Value":1514893960,"SourceTimestamp":"2024-04-27T19:51:38.7187162Z","ServerTimestamp":"2024-04-27T19:51:38.7187985Z"},"nsu=http://opcfoundation.org/UA/Plc/Applications;s=DipData":{"Value":36.812455268467772,"SourceTimestamp":"2024-04-27T19:51:38.7187312Z","ServerTimestamp":"2024-04-27T19:51:38.7187601Z"},"nsu=http://opcfoundation.org/UA/Plc/Applications;s=FastUIntScalar1":{"Value":17,"SourceTimestamp":"2024-04-27T19:51:37.8278987Z","ServerTimestamp":"2024-04-27T19:51:37.8279006Z"},"nsu=http://opcfoundation.org/UA/Plc/Applications;s=FastUIntScalar2":{"Value":17,"SourceTimestamp":"2024-04-27T19:51:37.8279084Z","ServerTimestamp":"2024-04-27T19:51:37.8279105Z"},"nsu=http://opcfoundation.org/UA/Plc/Applications;s=FastUIntScalar3":{"Value":17,"SourceTimestamp":"2024-04-27T19:51:37.8279119Z","ServerTimestamp":"2024-04-27T19:51:37.8279129Z"},"nsu=http://opcfoundation.org/UA/Plc/Applications;s=FastRandomUIntScalar1":{"Value":3446790507,"SourceTimestamp":"2024-04-27T19:51:37.8278987Z","ServerTimestamp":"2024-04-27T19:51:37.8279086Z"},"nsu=http://opcfoundation.org/UA/Plc/Applications;s=FastRandomUIntScalar2":{"Value":419949757,"SourceTimestamp":"2024-04-27T19:51:37.8279105Z","ServerTimestamp":"2024-04-27T19:51:37.8279118Z"},"nsu=http://opcfoundation.org/UA/Plc/Applications;s=FastRandomUIntScalar3":{"Value":3187873467,"SourceTimestamp":"2024-04-27T19:51:37.8279131Z","ServerTimestamp":"2024-04-27T19:51:37.8279136Z"},"nsu=http://opcfoundation.org/UA/Plc/Applications;s=SpikeData":{"Value":36.812455268467772,"SourceTimestamp":"2024-04-27T19:51:38.7187405Z","ServerTimestamp":"2024-04-27T19:51:38.7187455Z"}}