{"nsu=http://opcfoundation.org/UA/Plc/Applications;s=StepUp":{"Value":189,"SourceTimestamp":"2024-04-27T19:51:39.7225956Z","ServerTimestamp":"2024-04-27T19:51:39.7225984Z"},"nsu=http://opcfoundation.org/UA/Plc/Applications;s=RandomSignedInt32":{"Value":1123768291,"SourceTimestamp":"2024-04-27T19:51:39.7226165Z","ServerTimestamp":"2024-04-27T19:51:39.7226233Z"},"nsu=http://opcfoundation.org/UA/Plc/Applications;s=RandomUnsignedInt32":{"Value":751710218,"SourceTimestamp":"2024-04-27T19:51:39.7226291Z","ServerTimestamp":"2024-04-27T19:51:39.7226374Z"},"nsu=http://opcfoundation.org/UA/Plc/Applications;s=DipData":{"Value":99.80267284282715,"SourceTimestamp":"2024-04-27T19:51:39.6320249Z","ServerTimestamp":"2024-04-27T19:51:39.6320611Z"},"nsu=http://opcfoundation.org/UA/Plc/Applications;s=FastUIntScalar1":{"Value":18,"SourceTimestamp":"2024-04-27T19:51:38.8261516Z","ServerTimestamp":"2024-04-27T19:51:38.8261573Z"},"nsu=http://opcfoundation.org/UA/Plc/Applications;s=FastUIntScalar2":{"Value":18,"SourceTimestamp":"2024-04-27T19:51:38.8261648Z","ServerTimestamp":"2024-04-27T19:51:38.8261657Z"},"nsu=http://opcfoundation.org/UA/Plc/Applications;s=FastUIntScalar3":{"Value":18,"SourceTimestamp":"2024-04-27T19:51:38.8261679Z","ServerTimestamp":"2024-04-27T19:51:38.8261705Z"},"nsu=http://opcfoundation.org/UA/Plc/Applications;s=FastRandomUIntScalar1":{"Value":3589713314,"SourceTimestamp":"2024-04-27T19:51:38.8261381Z","ServerTimestamp":"2024-04-27T19:51:38.8261403Z"},"nsu=http://opcfoundation.org/UA/Plc/Applications;s=FastRandomUIntScalar2":{"Value":4064475188,"SourceTimestamp":"2024-04-27T19:51:38.8261486Z","ServerTimestamp":"2024-04-27T19:51:38.8261491Z"},"nsu=http://opcfoundation.org/UA/Plc/Applications;s=FastRandomUIntScalar3":{"Value":170065406,"SourceTimestamp":"2024-04-27T19:51:38.8261567Z","ServerTimestamp":"2024-04-27T19:51:38.8261645Z"},"nsu=http://opcfoundation.org/UA/Plc/Applications;s=SpikeData":{"Value":99.80267284282715,"SourceTimestamp":"2024-04-27T19:51:39.6320309Z","ServerTimestamp":"2024-04-27T19:51:39.632032Z"}}