{"nsu=http://opcfoundation.org/UA/Plc/Applications;s=StepUp":{"Value":208,"SourceTimestamp":"2024-04-27T19:51:41.6192107Z","ServerTimestamp":"2024-04-27T19:51:41.6192142Z"},"nsu=http://opcfoundation.org/UA/Plc/Applications;s=AlternatingBoolean":{"Value":true,"SourceTimestamp":"2024-04-27T19:51:40.9211621Z","ServerTimestamp":"2024-04-27T19:51:40.9211737Z"},"nsu=http://opcfoundation.org/UA/Plc/Applications;s=RandomSignedInt32":{"Value":938988631,"SourceTimestamp":"2024-04-27T19:51:41.619242Z","ServerTimestamp":"2024-04-27T19:51:41.6192435Z"},"nsu=http://opcfoundation.org/UA/Plc/Applications;s=RandomUnsignedInt32":{"Value":1789130162,"SourceTimestamp":"2024-04-27T19:51:41.6192387Z","ServerTimestamp":"2024-04-27T19:51:41.6192392Z"},"nsu=http://opcfoundation.org/UA/Plc/Applications;s=DipData":{"Value":-77.0513242775789,"SourceTimestamp":"2024-04-27T19:51:41.6192496Z","ServerTimestamp":"2024-04-27T19:51:41.6192646Z"},"nsu=http://opcfoundation.org/UA/Plc/Applications;s=FastUIntScalar1":{"Value":20,"SourceTimestamp":"2024-04-27T19:51:40.8287356Z","ServerTimestamp":"2024-04-27T19:51:40.8287378Z"},"nsu=http://opcfoundation.org/UA/Plc/Applications;s=FastUIntScalar2":{"Value":20,"SourceTimestamp":"2024-04-27T19:51:40.8287456Z","ServerTimestamp":"2024-04-27T19:51:40.8287486Z"},"nsu=http://opcfoundation.org/UA/Plc/Applications;s=FastUIntScalar3":{"Value":20,"SourceTimestamp":"2024-04-27T19:51:40.8287506Z","ServerTimestamp":"2024-04-27T19:51:40.8287525Z"},"nsu=http://opcfoundation.org/UA/Plc/Applications;s=FastRandomUIntScalar1":{"Value":356753975,"SourceTimestamp":"2024-04-27T19:51:40.8287375Z","ServerTimestamp":"2024-04-27T19:51:40.8287457Z"},"nsu=http://opcfoundation.org/UA/Plc/Applications;s=FastRandomUIntScalar2":{"Value":2099300547,"SourceTimestamp":"2024-04-27T19:51:40.8287488Z","ServerTimestamp":"2024-04-27T19:51:40.8287502Z"},"nsu=http://opcfoundation.org/UA/Plc/Applications;s=FastRandomUIntScalar3":{"Value":183923652,"SourceTimestamp":"2024-04-27T19:51:40.8287523Z","ServerTimestamp":"2024-04-27T19:51:40.8287541Z"},"nsu=http://opcfoundation.org/UA/Plc/Applications;s=SpikeData":{"Value":-77.0513242775789,"SourceTimestamp":"2024-04-27T19:51:41.6192591Z","ServerTimestamp":"2024-04-27T19:51:41.6192632Z"}}