{"nsu=http://opcfoundation.org/UA/Plc/Applications;s=StepUp":{"Value":228,"SourceTimestamp":"2024-04-27T19:51:43.6285193Z","ServerTimestamp":"2024-04-27T19:51:43.6285527Z"},"nsu=http://opcfoundation.org/UA/Plc/Applications;s=RandomSignedInt32":{"Value":1402408580,"SourceTimestamp":"2024-04-27T19:51:43.628528Z","ServerTimestamp":"2024-04-27T19:51:43.6285333Z"},"nsu=http://opcfoundation.org/UA/Plc/Applications;s=RandomUnsignedInt32":{"Value":281281317,"SourceTimestamp":"2024-04-27T19:51:43.6285442Z","ServerTimestamp":"2024-04-27T19:51:43.628546Z"},"nsu=http://opcfoundation.org/UA/Plc/Applications;s=DipData":{"Value":24.868988716485482,"SourceTimestamp":"2024-04-27T19:51:43.6285545Z","ServerTimestamp":"2024-04-27T19:51:43.6285561Z"},"nsu=http://opcfoundation.org/UA/Plc/Applications;s=FastUIntScalar1":{"Value":22,"SourceTimestamp":"2024-04-27T19:51:42.82463Z","ServerTimestamp":"2024-04-27T19:51:42.8246831Z"},"nsu=http://opcfoundation.org/UA/Plc/Applications;s=FastUIntScalar2":{"Value":22,"SourceTimestamp":"2024-04-27T19:51:42.8246884Z","ServerTimestamp":"2024-04-27T19:51:42.8246898Z"},"nsu=http://opcfoundation.org/UA/Plc/Applications;s=FastUIntScalar3":{"Value":22,"SourceTimestamp":"2024-04-27T19:51:42.8246912Z","ServerTimestamp":"2024-04-27T19:51:42.8246916Z"},"nsu=http://opcfoundation.org/UA/Plc/Applications;s=FastRandomUIntScalar1":{"Value":2386193151,"SourceTimestamp":"2024-04-27T19:51:42.8246253Z","ServerTimestamp":"2024-04-27T19:51:42.8246278Z"},"nsu=http://opcfoundation.org/UA/Plc/Applications;s=FastRandomUIntScalar2":{"Value":2640935180,"SourceTimestamp":"2024-04-27T19:51:42.8246487Z","ServerTimestamp":"2024-04-27T19:51:42.8246493Z"},"nsu=http://opcfoundation.org/UA/Plc/Applications;s=FastRandomUIntScalar3":{"Value":1839113448,"SourceTimestamp":"2024-04-27T19:51:42.8246508Z","ServerTimestamp":"2024-04-27T19:51:42.8246515Z"},"nsu=http://opcfoundation.org/UA/Plc/Applications;s=SpikeData":{"Value":24.868988716485482,"SourceTimestamp":"2024-04-27T19:51:43.6285574Z","ServerTimestamp":"2024-04-27T19:51:43.6285642Z"}}