{"nsu=http://opcfoundation.org/UA/Plc/Applications;s=StepUp":{"Value":249,"SourceTimestamp":"2024-04-27T19:51:45.7318937Z","ServerTimestamp":"2024-04-27T19:51:45.731923Z"},"nsu=http://opcfoundation.org/UA/Plc/Applications;s=RandomSignedInt32":{"Value":-841858513,"SourceTimestamp":"2024-04-27T19:51:45.7319066Z","ServerTimestamp":"2024-04-27T19:51:45.7319085Z"},"nsu=http://opcfoundation.org/UA/Plc/Applications;s=RandomUnsignedInt32":{"Value":163228276,"SourceTimestamp":"2024-04-27T19:51:45.7319107Z","ServerTimestamp":"2024-04-27T19:51:45.7319159Z"},"nsu=http://opcfoundation.org/UA/Plc/Applications;s=DipData":{"Value":24.868988716485479,"SourceTimestamp":"2024-04-27T19:51:45.7319274Z","ServerTimestamp":"2024-04-27T19:51:45.7319284Z"},"nsu=http://opcfoundation.org/UA/Plc/Applications;s=FastUIntScalar1":{"Value":24,"SourceTimestamp":"2024-04-27T19:51:44.8213618Z","ServerTimestamp":"2024-04-27T19:51:44.8213652Z"},"nsu=http://opcfoundation.org/UA/Plc/Applications;s=FastUIntScalar2":{"Value":24,"SourceTimestamp":"2024-04-27T19:51:44.8213773Z","ServerTimestamp":"2024-04-27T19:51:44.8213781Z"},"nsu=http://opcfoundation.org/UA/Plc/Applications;s=FastUIntScalar3":{"Value":24,"SourceTimestamp":"2024-04-27T19:51:44.8213797Z","ServerTimestamp":"2024-04-27T19:51:44.8213805Z"},"nsu=http://opcfoundation.org/UA/Plc/Applications;s=FastRandomUIntScalar1":{"Value":196907276,"SourceTimestamp":"2024-04-27T19:51:44.8213782Z","ServerTimestamp":"2024-04-27T19:51:44.8213832Z"},"nsu=http://opcfoundation.org/UA/Plc/Applications;s=FastRandomUIntScalar2":{"Value":1428907827,"SourceTimestamp":"2024-04-27T19:51:44.8213969Z","ServerTimestamp":"2024-04-27T19:51:44.821398Z"},"nsu=http://opcfoundation.org/UA/Plc/Applications;s=FastRandomUIntScalar3":{"Value":2246254133,"SourceTimestamp":"2024-04-27T19:51:44.8214004Z","ServerTimestamp":"2024-04-27T19:51:44.8214014Z"},"nsu=http://opcfoundation.org/UA/Plc/Applications;s=SpikeData":{"Value":24.868988716485479,"SourceTimestamp":"2024-04-27T19:51:45.7319261Z","ServerTimestamp":"2024-04-27T19:51:45.7319272Z"}}