{"nsu=http://opcfoundation.org/UA/Plc/Applications;s=StepUp":{"Value":288,"SourceTimestamp":"2024-04-27T19:51:49.6279367Z","ServerTimestamp":"2024-04-27T19:51:49.6279557Z"},"nsu=http://opcfoundation.org/UA/Plc/Applications;s=RandomSignedInt32":{"Value":-2056010748,"SourceTimestamp":"2024-04-27T19:51:49.627975Z","ServerTimestamp":"2024-04-27T19:51:49.6279778Z"},"nsu=http://opcfoundation.org/UA/Plc/Applications;s=RandomUnsignedInt32":{"Value":1212009301,"SourceTimestamp":"2024-04-27T19:51:49.6279588Z","ServerTimestamp":"2024-04-27T19:51:49.6279691Z"},"nsu=http://opcfoundation.org/UA/Plc/Applications;s=DipData":{"Value":99.80267284282715,"SourceTimestamp":"2024-04-27T19:51:49.6279986Z","ServerTimestamp":"2024-04-27T19:51:49.6280027Z"},"nsu=http://opcfoundation.org/UA/Plc/Applications;s=FastUIntScalar1":{"Value":28,"SourceTimestamp":"2024-04-27T19:51:48.8267665Z","ServerTimestamp":"2024-04-27T19:51:48.8267756Z"},"nsu=http://opcfoundation.org/UA/Plc/Applications;s=FastUIntScalar2":{"Value":28,"SourceTimestamp":"2024-04-27T19:51:48.8267825Z","ServerTimestamp":"2024-04-27T19:51:48.8267837Z"},"nsu=http://opcfoundation.org/UA/Plc/Applications;s=FastUIntScalar3":{"Value":28,"SourceTimestamp":"2024-04-27T19:51:48.826785Z","ServerTimestamp":"2024-04-27T19:51:48.8267872Z"},"nsu=http://opcfoundation.org/UA/Plc/Applications;s=FastRandomUIntScalar1":{"Value":2912359941,"SourceTimestamp":"2024-04-27T19:51:48.8267615Z","ServerTimestamp":"2024-04-27T19:51:48.826764Z"},"nsu=http://opcfoundation.org/UA/Plc/Applications;s=FastRandomUIntScalar2":{"Value":2478000142,"SourceTimestamp":"2024-04-27T19:51:48.8267752Z","ServerTimestamp":"2024-04-27T19:51:48.8267823Z"},"nsu=http://opcfoundation.org/UA/Plc/Applications;s=FastRandomUIntScalar3":{"Value":1093032632,"SourceTimestamp":"2024-04-27T19:51:48.8267837Z","ServerTimestamp":"2024-04-27T19:51:48.8267852Z"},"nsu=http://opcfoundation.org/UA/Plc/Applications;s=SpikeData":{"Value":99.80267284282715,"SourceTimestamp":"2024-04-27T19:51:49.6279985Z","ServerTimestamp":"2024-04-27T19:51:49.6279996Z"}}