{"nsu=http://opcfoundation.org/UA/Plc/Applications;s=StepUp":{"Value":299,"SourceTimestamp":"2024-04-27T19:51:50.7188778Z","ServerTimestamp":"2024-04-27T19:51:50.7188821Z"},"nsu=http://opcfoundation.org/UA/Plc/Applications;s=RandomSignedInt32":{"Value":-1118467404,"SourceTimestamp":"2024-04-27T19:51:50.7189337Z","ServerTimestamp":"2024-04-27T19:51:50.7189496Z"},"nsu=http://opcfoundation.org/UA/Plc/Applications;s=RandomUnsignedInt32":{"Value":753103126,"SourceTimestamp":"2024-04-27T19:51:50.7189423Z","ServerTimestamp":"2024-04-27T19:51:50.7189636Z"},"nsu=http://opcfoundation.org/UA/Plc/Applications;s=DipData":{"Value":24.868988716485479,"SourceTimestamp":"2024-04-27T19:51:50.7189701Z","ServerTimestamp":"2024-04-27T19:51:50.7189731Z"},"nsu=http://opcfoundation.org/UA/Plc/Applications;s=FastUIntScalar1":{"Value":29,"SourceTimestamp":"2024-04-27T19:51:49.8180725Z","ServerTimestamp":"2024-04-27T19:51:49.818075Z"},"nsu=http://opcfoundation.org/UA/Plc/Applications;s=FastUIntScalar2":{"Value":29,"SourceTimestamp":"2024-04-27T19:51:49.8180861Z","ServerTimestamp":"2024-04-27T19:51:49.8180921Z"},"nsu=http://opcfoundation.org/UA/Plc/Applications;s=FastUIntScalar3":{"Value":29,"SourceTimestamp":"2024-04-27T19:51:49.8180938Z","ServerTimestamp":"2024-04-27T19:51:49.8180952Z"},"nsu=http://opcfoundation.org/UA/Plc/Applications;s=FastRandomUIntScalar1":{"Value":2543886861,"SourceTimestamp":"2024-04-27T19:51:49.8180785Z","ServerTimestamp":"2024-04-27T19:51:49.8180863Z"},"nsu=http://opcfoundation.org/UA/Plc/Applications;s=FastRandomUIntScalar2":{"Value":298607396,"SourceTimestamp":"2024-04-27T19:51:49.8180921Z","ServerTimestamp":"2024-04-27T19:51:49.8180937Z"},"nsu=http://opcfoundation.org/UA/Plc/Applications;s=FastRandomUIntScalar3":{"Value":4161269146,"SourceTimestamp":"2024-04-27T19:51:49.8180951Z","ServerTimestamp":"2024-04-27T19:51:49.8180969Z"},"nsu=http://opcfoundation.org/UA/Plc/Applications;s=SpikeData":{"Value":24.868988716485479,"SourceTimestamp":"2024-04-27T19:51:50.7189691Z","ServerTimestamp":"2024-04-27T19:51:50.7189702Z"}}