{"nsu=http://opcfoundation.org/UA/Plc/Applications;s=SlowUIntScalar1":{"Value":3,"SourceTimestamp":"2024-04-27T19:51:50.8276092Z","ServerTimestamp":"2024-04-27T19:51:50.827613Z"},"nsu=http://opcfoundation.org/UA/Plc/Applications;s=SlowUIntScalar2":{"Value":3,"SourceTimestamp":"2024-04-27T19:51:50.8276461Z","ServerTimestamp":"2024-04-27T19:51:50.8276473Z"},"nsu=http://opcfoundation.org/UA/Plc/Applications;s=SlowUIntScalar3":{"Value":3,"SourceTimestamp":"2024-04-27T19:51:50.8276498Z","ServerTimestamp":"2024-04-27T19:51:50.8276636Z"},"nsu=http://opcfoundation.org/UA/Plc/Applications;s=BadSlowUIntScalar1":{"Value":3,"SourceTimestamp":"2024-04-27T19:51:50.8276665Z","ServerTimestamp":"2024-04-27T19:51:50.8276688Z"},"nsu=http://opcfoundation.org/UA/Plc/Applications;s=SlowRandomUIntScalar1":{"Value":3295377120,"SourceTimestamp":"2024-04-27T19:51:50.8276462Z","ServerTimestamp":"2024-04-27T19:51:50.8276508Z"},"nsu=http://opcfoundation.org/UA/Plc/Applications;s=SlowRandomUIntScalar2":{"Value":693169463,"SourceTimestamp":"2024-04-27T19:51:50.8276638Z","ServerTimestamp":"2024-04-27T19:51:50.8276661Z"},"nsu=http://opcfoundation.org/UA/Plc/Applications;s=SlowRandomUIntScalar3":{"Value":434768940,"SourceTimestamp":"2024-04-27T19:51:50.827669Z","ServerTimestamp":"2024-04-27T19:51:50.8276711Z"},"nsu=http://opcfoundation.org/UA/Plc/Applications;s=BadSlowRandomUIntScalar1":{"Value":4006733548,"SourceTimestamp":"2024-04-27T19:51:50.8276739Z","ServerTimestamp":"2024-04-27T19:51:50.8276747Z"}}