{"nsu=http://opcfoundation.org/UA/Plc/Applications;s=StepUp":{"Value":319,"SourceTimestamp":"2024-04-27T19:51:52.7283797Z","ServerTimestamp":"2024-04-27T19:51:52.7283829Z"},"nsu=http://opcfoundation.org/UA/Plc/Applications;s=RandomSignedInt32":{"Value":1830917067,"SourceTimestamp":"2024-04-27T19:51:52.7283991Z","ServerTimestamp":"2024-04-27T19:51:52.7284006Z"},"nsu=http://opcfoundation.org/UA/Plc/Applications;s=RandomUnsignedInt32":{"Value":1987301456,"SourceTimestamp":"2024-04-27T19:51:52.7284032Z","ServerTimestamp":"2024-04-27T19:51:52.7284056Z"},"nsu=http://opcfoundation.org/UA/Plc/Applications;s=DipData":{"Value":-77.051324277578942,"SourceTimestamp":"2024-04-27T19:51:52.7284129Z","ServerTimestamp":"2024-04-27T19:51:52.7284358Z"},"nsu=http://opcfoundation.org/UA/Plc/Applications;s=FastUIntScalar1":{"Value":31,"SourceTimestamp":"2024-04-27T19:51:51.817823Z","ServerTimestamp":"2024-04-27T19:51:51.8178275Z"},"nsu=http://opcfoundation.org/UA/Plc/Applications;s=FastUIntScalar2":{"Value":31,"SourceTimestamp":"2024-04-27T19:51:51.8178336Z","ServerTimestamp":"2024-04-27T19:51:51.8178345Z"},"nsu=http://opcfoundation.org/UA/Plc/Applications;s=FastUIntScalar3":{"Value":31,"SourceTimestamp":"2024-04-27T19:51:51.8178366Z","ServerTimestamp":"2024-04-27T19:51:51.8178379Z"},"nsu=http://opcfoundation.org/UA/Plc/Applications;s=FastRandomUIntScalar1":{"Value":405521253,"SourceTimestamp":"2024-04-27T19:51:51.8178174Z","ServerTimestamp":"2024-04-27T19:51:51.8178192Z"},"nsu=http://opcfoundation.org/UA/Plc/Applications;s=FastRandomUIntScalar2":{"Value":2679593480,"SourceTimestamp":"2024-04-27T19:51:51.8178278Z","ServerTimestamp":"2024-04-27T19:51:51.8178329Z"},"nsu=http://opcfoundation.org/UA/Plc/Applications;s=FastRandomUIntScalar3":{"Value":1998297982,"SourceTimestamp":"2024-04-27T19:51:51.8178344Z","ServerTimestamp":"2024-04-27T19:51:51.8178365Z"},"nsu=http://opcfoundation.org/UA/Plc/Applications;s=SpikeData":{"Value":-77.051324277578942,"SourceTimestamp":"2024-04-27T19:51:52.7284163Z","ServerTimestamp":"2024-04-27T19:51:52.7284234Z"}}