{"nsu=http://opcfoundation.org/UA/Plc/Applications;s=StepUp":{"Value":329,"SourceTimestamp":"2024-04-27T19:51:53.7196276Z","ServerTimestamp":"2024-04-27T19:51:53.7196316Z"},"nsu=http://opcfoundation.org/UA/Plc/Applications;s=RandomSignedInt32":{"Value":1600535717,"SourceTimestamp":"2024-04-27T19:51:53.7196509Z","ServerTimestamp":"2024-04-27T19:51:53.7196661Z"},"nsu=http://opcfoundation.org/UA/Plc/Applications;s=RandomUnsignedInt32":{"Value":1605485896,"SourceTimestamp":"2024-04-27T19:51:53.7196508Z","ServerTimestamp":"2024-04-27T19:51:53.7196627Z"},"nsu=http://opcfoundation.org/UA/Plc/Applications;s=DipData":{"Value":36.812455268467772,"SourceTimestamp":"2024-04-27T19:51:53.7196764Z","ServerTimestamp":"2024-04-27T19:51:53.7196802Z"},"nsu=http://opcfoundation.org/UA/Plc/Applications;s=FastUIntScalar1":{"Value":32,"SourceTimestamp":"2024-04-27T19:51:52.8235413Z","ServerTimestamp":"2024-04-27T19:51:52.8235439Z"},"nsu=http://opcfoundation.org/UA/Plc/Applications;s=FastUIntScalar2":{"Value":32,"SourceTimestamp":"2024-04-27T19:51:52.8235537Z","ServerTimestamp":"2024-04-27T19:51:52.8235604Z"},"nsu=http://opcfoundation.org/UA/Plc/Applications;s=FastUIntScalar3":{"Value":32,"SourceTimestamp":"2024-04-27T19:51:52.8235617Z","ServerTimestamp":"2024-04-27T19:51:52.8235628Z"},"nsu=http://opcfoundation.org/UA/Plc/Applications;s=FastRandomUIntScalar1":{"Value":1335251762,"SourceTimestamp":"2024-04-27T19:51:52.823547Z","ServerTimestamp":"2024-04-27T19:51:52.8235538Z"},"nsu=http://opcfoundation.org/UA/Plc/Applications;s=FastRandomUIntScalar2":{"Value":547539874,"SourceTimestamp":"2024-04-27T19:51:52.8235607Z","ServerTimestamp":"2024-04-27T19:51:52.8235616Z"},"nsu=http://opcfoundation.org/UA/Plc/Applications;s=FastRandomUIntScalar3":{"Value":2602736283,"SourceTimestamp":"2024-04-27T19:51:52.8235629Z","ServerTimestamp":"2024-04-27T19:51:52.8235642Z"},"nsu=http://opcfoundation.org/UA/Plc/Applications;s=SpikeData":{"Value":36.812455268467772,"SourceTimestamp":"2024-04-27T19:51:53.7196884Z","ServerTimestamp":"2024-04-27T19:51:53.7196939Z"}}