{"nsu=http://opcfoundation.org/UA/Plc/Applications;s=StepUp":{"Value":408,"SourceTimestamp":"2024-04-27T19:52:01.6273804Z","ServerTimestamp":"2024-04-27T19:52:01.6273841Z"},"nsu=http://opcfoundation.org/UA/Plc/Applications;s=AlternatingBoolean":{"Value":true,"SourceTimestamp":"2024-04-27T19:52:00.9262228Z","ServerTimestamp":"2024-04-27T19:52:00.9262298Z"},"nsu=http://opcfoundation.org/UA/Plc/Applications;s=RandomSignedInt32":{"Value":139013197,"SourceTimestamp":"2024-04-27T19:52:01.6273978Z","ServerTimestamp":"2024-04-27T19:52:01.6273995Z"},"nsu=http://opcfoundation.org/UA/Plc/Applications;s=RandomUnsignedInt32":{"Value":441095017,"SourceTimestamp":"2024-04-27T19:52:01.62741Z","ServerTimestamp":"2024-04-27T19:52:01.6274137Z"},"nsu=http://opcfoundation.org/UA/Plc/Applications;s=DipData":{"Value":-77.0513242775789,"SourceTimestamp":"2024-04-27T19:52:01.6274172Z","ServerTimestamp":"2024-04-27T19:52:01.6274182Z"},"nsu=http://opcfoundation.org/UA/Plc/Applications;s=FastUIntScalar1":{"Value":40,"SourceTimestamp":"2024-04-27T19:52:00.8184764Z","ServerTimestamp":"2024-04-27T19:52:00.8184774Z"},"nsu=http://opcfoundation.org/UA/Plc/Applications;s=FastUIntScalar2":{"Value":40,"SourceTimestamp":"2024-04-27T19:52:00.8184799Z","ServerTimestamp":"2024-04-27T19:52:00.8184805Z"},"nsu=http://opcfoundation.org/UA/Plc/Applications;s=FastUIntScalar3":{"Value":40,"SourceTimestamp":"2024-04-27T19:52:00.8184817Z","ServerTimestamp":"2024-04-27T19:52:00.8184823Z"},"nsu=http://opcfoundation.org/UA/Plc/Applications;s=FastRandomUIntScalar1":{"Value":4241728361,"SourceTimestamp":"2024-04-27T19:52:00.8184872Z","ServerTimestamp":"2024-04-27T19:52:00.8184883Z"},"nsu=http://opcfoundation.org/UA/Plc/Applications;s=FastRandomUIntScalar2":{"Value":1819282658,"SourceTimestamp":"2024-04-27T19:52:00.8185021Z","ServerTimestamp":"2024-04-27T19:52:00.8185033Z"},"nsu=http://opcfoundation.org/UA/Plc/Applications;s=FastRandomUIntScalar3":{"Value":2989342613,"SourceTimestamp":"2024-04-27T19:52:00.8185054Z","ServerTimestamp":"2024-04-27T19:52:00.8185061Z"},"nsu=http://opcfoundation.org/UA/Plc/Applications;s=NegativeTrendData":{"Value":99.700000000000003,"SourceTimestamp":"2024-04-27T19:52:00.9262463Z","ServerTimestamp":"2024-04-27T19:52:00.9262495Z"},"nsu=http://opcfoundation.org/UA/Plc/Applications;s=PositiveTrendData":{"Value":100.40000000000001,"SourceTimestamp":"2024-04-27T19:52:00.9262532Z","ServerTimestamp":"2024-04-27T19:52:00.9262544Z"},"nsu=http://opcfoundation.org/UA/Plc/Applications;s=SpikeData":{"Value":-77.0513242775789,"SourceTimestamp":"2024-04-27T19:52:01.6274218Z","ServerTimestamp":"2024-04-27T19:52:01.6274224Z"}}