{"nsu=http://opcfoundation.org/UA/Plc/Applications;s=StepUp":{"Value":39,"SourceTimestamp":"2024-04-27T19:51:24.7261456Z","ServerTimestamp":"2024-04-27T19:51:24.7261506Z"},"nsu=http://opcfoundation.org/UA/Plc/Applications;s=RandomSignedInt32":{"Value":-825298366,"SourceTimestamp":"2024-04-27T19:51:24.7261661Z","ServerTimestamp":"2024-04-27T19:51:24.7261799Z"},"nsu=http://opcfoundation.org/UA/Plc/Applications;s=RandomUnsignedInt32":{"Value":2132364446,"SourceTimestamp":"2024-04-27T19:51:24.7261891Z","ServerTimestamp":"2024-04-27T19:51:24.7261902Z"},"nsu=http://opcfoundation.org/UA/Plc/Applications;s=DipData":{"Value":99.80267284282715,"SourceTimestamp":"2024-04-27T19:51:24.618561Z","ServerTimestamp":"2024-04-27T19:51:24.6185807Z"},"nsu=http://opcfoundation.org/UA/Plc/Applications;s=FastUIntScalar1":{"Value":3,"SourceTimestamp":"2024-04-27T19:51:23.8305082Z","ServerTimestamp":"2024-04-27T19:51:23.8305113Z"},"nsu=http://opcfoundation.org/UA/Plc/Applications;s=FastUIntScalar2":{"Value":3,"SourceTimestamp":"2024-04-27T19:51:23.8305238Z","ServerTimestamp":"2024-04-27T19:51:23.8305247Z"},"nsu=http://opcfoundation.org/UA/Plc/Applications;s=FastUIntScalar3":{"Value":3,"SourceTimestamp":"2024-04-27T19:51:23.8305421Z","ServerTimestamp":"2024-04-27T19:51:23.8305492Z"},"nsu=http://opcfoundation.org/UA/Plc/Applications;s=FastRandomUIntScalar1":{"Value":3742317171,"SourceTimestamp":"2024-04-27T19:51:23.8305111Z","ServerTimestamp":"2024-04-27T19:51:23.8305686Z"},"nsu=http://opcfoundation.org/UA/Plc/Applications;s=FastRandomUIntScalar2":{"Value":1830438954,"SourceTimestamp":"2024-04-27T19:51:23.8305715Z","ServerTimestamp":"2024-04-27T19:51:23.8305935Z"},"nsu=http://opcfoundation.org/UA/Plc/Applications;s=FastRandomUIntScalar3":{"Value":1285389766,"SourceTimestamp":"2024-04-27T19:51:23.8305953Z","ServerTimestamp":"2024-04-27T19:51:23.830596Z"},"nsu=http://opcfoundation.org/UA/Plc/Applications;s=SpikeData":{"Value":99.80267284282715,"SourceTimestamp":"2024-04-27T19:51:24.6185938Z","ServerTimestamp":"2024-04-27T19:51:24.6185959Z"}}