{"nsu=http://opcfoundation.org/UA/Plc/Applications;s=StepUp":{"Value":439,"SourceTimestamp":"2024-04-27T19:52:04.7188488Z","ServerTimestamp":"2024-04-27T19:52:04.7188524Z"},"nsu=http://opcfoundation.org/UA/Plc/Applications;s=RandomSignedInt32":{"Value":-364065935,"SourceTimestamp":"2024-04-27T19:52:04.7188599Z","ServerTimestamp":"2024-04-27T19:52:04.7188648Z"},"nsu=http://opcfoundation.org/UA/Plc/Applications;s=RandomUnsignedInt32":{"Value":1164595128,"SourceTimestamp":"2024-04-27T19:52:04.7188791Z","ServerTimestamp":"2024-04-27T19:52:04.7188806Z"},"nsu=http://opcfoundation.org/UA/Plc/Applications;s=DipData":{"Value":-1000,"SourceTimestamp":"2024-04-27T19:52:04.7188884Z","ServerTimestamp":"2024-04-27T19:52:04.7188891Z"},"nsu=http://opcfoundation.org/UA/Plc/Applications;s=FastUIntScalar1":{"Value":43,"SourceTimestamp":"2024-04-27T19:52:03.8289139Z","ServerTimestamp":"2024-04-27T19:52:03.8289163Z"},"nsu=http://opcfoundation.org/UA/Plc/Applications;s=FastUIntScalar2":{"Value":43,"SourceTimestamp":"2024-04-27T19:52:03.828935Z","ServerTimestamp":"2024-04-27T19:52:03.8289356Z"},"nsu=http://opcfoundation.org/UA/Plc/Applications;s=FastUIntScalar3":{"Value":43,"SourceTimestamp":"2024-04-27T19:52:03.8289373Z","ServerTimestamp":"2024-04-27T19:52:03.8289378Z"},"nsu=http://opcfoundation.org/UA/Plc/Applications;s=FastRandomUIntScalar1":{"Value":1491151610,"SourceTimestamp":"2024-04-27T19:52:03.8289157Z","ServerTimestamp":"2024-04-27T19:52:03.8289416Z"},"nsu=http://opcfoundation.org/UA/Plc/Applications;s=FastRandomUIntScalar2":{"Value":1183091805,"SourceTimestamp":"2024-04-27T19:52:03.8289497Z","ServerTimestamp":"2024-04-27T19:52:03.828955Z"},"nsu=http://opcfoundation.org/UA/Plc/Applications;s=FastRandomUIntScalar3":{"Value":4173254194,"SourceTimestamp":"2024-04-27T19:52:03.8289564Z","ServerTimestamp":"2024-04-27T19:52:03.8289917Z"},"nsu=http://opcfoundation.org/UA/Plc/Applications;s=SpikeData":{"Value":99.80267284282715,"SourceTimestamp":"2024-04-27T19:52:04.6260202Z","ServerTimestamp":"2024-04-27T19:52:04.6260276Z"}}