{"nsu=http://opcfoundation.org/UA/Plc/Applications;s=StepUp":{"Value":469,"SourceTimestamp":"2024-04-27T19:52:07.7239794Z","ServerTimestamp":"2024-04-27T19:52:07.723983Z"},"nsu=http://opcfoundation.org/UA/Plc/Applications;s=RandomSignedInt32":{"Value":254512742,"SourceTimestamp":"2024-04-27T19:52:07.7239975Z","ServerTimestamp":"2024-04-27T19:52:07.7239991Z"},"nsu=http://opcfoundation.org/UA/Plc/Applications;s=RandomUnsignedInt32":{"Value":741562652,"SourceTimestamp":"2024-04-27T19:52:07.7240075Z","ServerTimestamp":"2024-04-27T19:52:07.7240144Z"},"nsu=http://opcfoundation.org/UA/Plc/Applications;s=DipData":{"Value":-77.051324277578942,"SourceTimestamp":"2024-04-27T19:52:07.724018Z","ServerTimestamp":"2024-04-27T19:52:07.7240189Z"},"nsu=http://opcfoundation.org/UA/Plc/Applications;s=FastUIntScalar1":{"Value":46,"SourceTimestamp":"2024-04-27T19:52:06.8284758Z","ServerTimestamp":"2024-04-27T19:52:06.8284784Z"},"nsu=http://opcfoundation.org/UA/Plc/Applications;s=FastUIntScalar2":{"Value":46,"SourceTimestamp":"2024-04-27T19:52:06.82849Z","ServerTimestamp":"2024-04-27T19:52:06.8284971Z"},"nsu=http://opcfoundation.org/UA/Plc/Applications;s=FastUIntScalar3":{"Value":46,"SourceTimestamp":"2024-04-27T19:52:06.8284986Z","ServerTimestamp":"2024-04-27T19:52:06.8285004Z"},"nsu=http://opcfoundation.org/UA/Plc/Applications;s=FastRandomUIntScalar1":{"Value":4125421692,"SourceTimestamp":"2024-04-27T19:52:06.8284775Z","ServerTimestamp":"2024-04-27T19:52:06.8284907Z"},"nsu=http://opcfoundation.org/UA/Plc/Applications;s=FastRandomUIntScalar2":{"Value":2986714624,"SourceTimestamp":"2024-04-27T19:52:06.828497Z","ServerTimestamp":"2024-04-27T19:52:06.8284986Z"},"nsu=http://opcfoundation.org/UA/Plc/Applications;s=FastRandomUIntScalar3":{"Value":104642143,"SourceTimestamp":"2024-04-27T19:52:06.8285008Z","ServerTimestamp":"2024-04-27T19:52:06.8285023Z"},"nsu=http://opcfoundation.org/UA/Plc/Applications;s=SpikeData":{"Value":-77.051324277578942,"SourceTimestamp":"2024-04-27T19:52:07.7240231Z","ServerTimestamp":"2024-04-27T19:52:07.7240239Z"}}