{"nsu=http://opcfoundation.org/UA/Plc/Applications;s=StepUp":{"Value":519,"SourceTimestamp":"2024-04-27T19:52:12.7300739Z","ServerTimestamp":"2024-04-27T19:52:12.7300765Z"},"nsu=http://opcfoundation.org/UA/Plc/Applications;s=RandomSignedInt32":{"Value":-723528173,"SourceTimestamp":"2024-04-27T19:52:12.7300859Z","ServerTimestamp":"2024-04-27T19:52:12.7300971Z"},"nsu=http://opcfoundation.org/UA/Plc/Applications;s=RandomUnsignedInt32":{"Value":1527252704,"SourceTimestamp":"2024-04-27T19:52:12.7300987Z","ServerTimestamp":"2024-04-27T19:52:12.7301057Z"},"nsu=http://opcfoundation.org/UA/Plc/Applications;s=DipData":{"Value":-77.051324277578942,"SourceTimestamp":"2024-04-27T19:52:12.7301061Z","ServerTimestamp":"2024-04-27T19:52:12.7301468Z"},"nsu=http://opcfoundation.org/UA/Plc/Applications;s=FastUIntScalar1":{"Value":51,"SourceTimestamp":"2024-04-27T19:52:11.8321583Z","ServerTimestamp":"2024-04-27T19:52:11.8321606Z"},"nsu=http://opcfoundation.org/UA/Plc/Applications;s=FastUIntScalar2":{"Value":51,"SourceTimestamp":"2024-04-27T19:52:11.8321697Z","ServerTimestamp":"2024-04-27T19:52:11.8321763Z"},"nsu=http://opcfoundation.org/UA/Plc/Applications;s=FastUIntScalar3":{"Value":51,"SourceTimestamp":"2024-04-27T19:52:11.8321776Z","ServerTimestamp":"2024-04-27T19:52:11.8321796Z"},"nsu=http://opcfoundation.org/UA/Plc/Applications;s=FastRandomUIntScalar1":{"Value":388891620,"SourceTimestamp":"2024-04-27T19:52:11.8321614Z","ServerTimestamp":"2024-04-27T19:52:11.8321701Z"},"nsu=http://opcfoundation.org/UA/Plc/Applications;s=FastRandomUIntScalar2":{"Value":1207333245,"SourceTimestamp":"2024-04-27T19:52:11.8321769Z","ServerTimestamp":"2024-04-27T19:52:11.8321779Z"},"nsu=http://opcfoundation.org/UA/Plc/Applications;s=FastRandomUIntScalar3":{"Value":9318761,"SourceTimestamp":"2024-04-27T19:52:11.8321798Z","ServerTimestamp":"2024-04-27T19:52:11.8321813Z"},"nsu=http://opcfoundation.org/UA/Plc/Applications;s=SpikeData":{"Value":-77.051324277578942,"SourceTimestamp":"2024-04-27T19:52:12.7301196Z","ServerTimestamp":"2024-04-27T19:52:12.730121Z"}}