{"nsu=http://opcfoundation.org/UA/Plc/Applications;s=StepUp":{"Value":549,"SourceTimestamp":"2024-04-27T19:52:15.7236225Z","ServerTimestamp":"2024-04-27T19:52:15.7236263Z"},"nsu=http://opcfoundation.org/UA/Plc/Applications;s=RandomSignedInt32":{"Value":2055748306,"SourceTimestamp":"2024-04-27T19:52:15.7236596Z","ServerTimestamp":"2024-04-27T19:52:15.7236611Z"},"nsu=http://opcfoundation.org/UA/Plc/Applications;s=RandomUnsignedInt32":{"Value":1949230318,"SourceTimestamp":"2024-04-27T19:52:15.7236533Z","ServerTimestamp":"2024-04-27T19:52:15.7236541Z"},"nsu=http://opcfoundation.org/UA/Plc/Applications;s=DipData":{"Value":24.868988716485479,"SourceTimestamp":"2024-04-27T19:52:15.7236614Z","ServerTimestamp":"2024-04-27T19:52:15.72367Z"},"nsu=http://opcfoundation.org/UA/Plc/Applications;s=FastUIntScalar1":{"Value":54,"SourceTimestamp":"2024-04-27T19:52:14.8207817Z","ServerTimestamp":"2024-04-27T19:52:14.820785Z"},"nsu=http://opcfoundation.org/UA/Plc/Applications;s=FastUIntScalar2":{"Value":54,"SourceTimestamp":"2024-04-27T19:52:14.8208009Z","ServerTimestamp":"2024-04-27T19:52:14.820802Z"},"nsu=http://opcfoundation.org/UA/Plc/Applications;s=FastUIntScalar3":{"Value":54,"SourceTimestamp":"2024-04-27T19:52:14.8208043Z","ServerTimestamp":"2024-04-27T19:52:14.8208058Z"},"nsu=http://opcfoundation.org/UA/Plc/Applications;s=FastRandomUIntScalar1":{"Value":135250531,"SourceTimestamp":"2024-04-27T19:52:14.8208099Z","ServerTimestamp":"2024-04-27T19:52:14.8208128Z"},"nsu=http://opcfoundation.org/UA/Plc/Applications;s=FastRandomUIntScalar2":{"Value":2723199625,"SourceTimestamp":"2024-04-27T19:52:14.8208245Z","ServerTimestamp":"2024-04-27T19:52:14.8208254Z"},"nsu=http://opcfoundation.org/UA/Plc/Applications;s=FastRandomUIntScalar3":{"Value":2469441737,"SourceTimestamp":"2024-04-27T19:52:14.8208271Z","ServerTimestamp":"2024-04-27T19:52:14.820828Z"},"nsu=http://opcfoundation.org/UA/Plc/Applications;s=SpikeData":{"Value":24.868988716485479,"SourceTimestamp":"2024-04-27T19:52:15.7236774Z","ServerTimestamp":"2024-04-27T19:52:15.7236786Z"}}