{"nsu=http://opcfoundation.org/UA/Plc/Applications;s=StepUp":{"Value":619,"SourceTimestamp":"2024-04-27T19:52:22.7279024Z","ServerTimestamp":"2024-04-27T19:52:22.7279052Z"},"nsu=http://opcfoundation.org/UA/Plc/Applications;s=RandomSignedInt32":{"Value":47523651,"SourceTimestamp":"2024-04-27T19:52:22.7279101Z","ServerTimestamp":"2024-04-27T19:52:22.7279143Z"},"nsu=http://opcfoundation.org/UA/Plc/Applications;s=RandomUnsignedInt32":{"Value":1670480519,"SourceTimestamp":"2024-04-27T19:52:22.7279251Z","ServerTimestamp":"2024-04-27T19:52:22.727926Z"},"nsu=http://opcfoundation.org/UA/Plc/Applications;s=DipData":{"Value":-84.432792550201526,"SourceTimestamp":"2024-04-27T19:52:22.6186233Z","ServerTimestamp":"2024-04-27T19:52:22.6186337Z"},"nsu=http://opcfoundation.org/UA/Plc/Applications;s=FastUIntScalar1":{"Value":61,"SourceTimestamp":"2024-04-27T19:52:21.8266691Z","ServerTimestamp":"2024-04-27T19:52:21.8266711Z"},"nsu=http://opcfoundation.org/UA/Plc/Applications;s=FastUIntScalar2":{"Value":61,"SourceTimestamp":"2024-04-27T19:52:21.8266905Z","ServerTimestamp":"2024-04-27T19:52:21.826691Z"},"nsu=http://opcfoundation.org/UA/Plc/Applications;s=FastUIntScalar3":{"Value":61,"SourceTimestamp":"2024-04-27T19:52:21.8266925Z","ServerTimestamp":"2024-04-27T19:52:21.826693Z"},"nsu=http://opcfoundation.org/UA/Plc/Applications;s=FastRandomUIntScalar1":{"Value":1215659796,"SourceTimestamp":"2024-04-27T19:52:21.8266704Z","ServerTimestamp":"2024-04-27T19:52:21.8266954Z"},"nsu=http://opcfoundation.org/UA/Plc/Applications;s=FastRandomUIntScalar2":{"Value":639411059,"SourceTimestamp":"2024-04-27T19:52:21.8266982Z","ServerTimestamp":"2024-04-27T19:52:21.8266989Z"},"nsu=http://opcfoundation.org/UA/Plc/Applications;s=FastRandomUIntScalar3":{"Value":439106815,"SourceTimestamp":"2024-04-27T19:52:21.8266999Z","ServerTimestamp":"2024-04-27T19:52:21.826702Z"},"nsu=http://opcfoundation.org/UA/Plc/Applications;s=SpikeData":{"Value":-77.051324277578942,"SourceTimestamp":"2024-04-27T19:52:22.7279322Z","ServerTimestamp":"2024-04-27T19:52:22.7279329Z"}}