{"nsu=http://opcfoundation.org/UA/Plc/Applications;s=StepUp":{"Value":649,"SourceTimestamp":"2024-04-27T19:52:25.7301678Z","ServerTimestamp":"2024-04-27T19:52:25.730173Z"},"nsu=http://opcfoundation.org/UA/Plc/Applications;s=RandomSignedInt32":{"Value":-868571994,"SourceTimestamp":"2024-04-27T19:52:25.7302176Z","ServerTimestamp":"2024-04-27T19:52:25.7302267Z"},"nsu=http://opcfoundation.org/UA/Plc/Applications;s=RandomUnsignedInt32":{"Value":1427802459,"SourceTimestamp":"2024-04-27T19:52:25.7302192Z","ServerTimestamp":"2024-04-27T19:52:25.7302375Z"},"nsu=http://opcfoundation.org/UA/Plc/Applications;s=DipData":{"Value":24.868988716485479,"SourceTimestamp":"2024-04-27T19:52:25.7302406Z","ServerTimestamp":"2024-04-27T19:52:25.7302421Z"},"nsu=http://opcfoundation.org/UA/Plc/Applications;s=FastUIntScalar1":{"Value":64,"SourceTimestamp":"2024-04-27T19:52:24.8172858Z","ServerTimestamp":"2024-04-27T19:52:24.8172879Z"},"nsu=http://opcfoundation.org/UA/Plc/Applications;s=FastUIntScalar2":{"Value":64,"SourceTimestamp":"2024-04-27T19:52:24.8172973Z","ServerTimestamp":"2024-04-27T19:52:24.8173044Z"},"nsu=http://opcfoundation.org/UA/Plc/Applications;s=FastUIntScalar3":{"Value":64,"SourceTimestamp":"2024-04-27T19:52:24.8173059Z","ServerTimestamp":"2024-04-27T19:52:24.8173078Z"},"nsu=http://opcfoundation.org/UA/Plc/Applications;s=FastRandomUIntScalar1":{"Value":3125919889,"SourceTimestamp":"2024-04-27T19:52:24.817292Z","ServerTimestamp":"2024-04-27T19:52:24.8172974Z"},"nsu=http://opcfoundation.org/UA/Plc/Applications;s=FastRandomUIntScalar2":{"Value":2220842282,"SourceTimestamp":"2024-04-27T19:52:24.8173027Z","ServerTimestamp":"2024-04-27T19:52:24.8173059Z"},"nsu=http://opcfoundation.org/UA/Plc/Applications;s=FastRandomUIntScalar3":{"Value":2875904591,"SourceTimestamp":"2024-04-27T19:52:24.8173078Z","ServerTimestamp":"2024-04-27T19:52:24.8173091Z"},"nsu=http://opcfoundation.org/UA/Plc/Applications;s=SpikeData":{"Value":24.868988716485479,"SourceTimestamp":"2024-04-27T19:52:25.7302501Z","ServerTimestamp":"2024-04-27T19:52:25.7302549Z"}}