{"nsu=http://opcfoundation.org/UA/Plc/Applications;s=StepUp":{"Value":669,"SourceTimestamp":"2024-04-27T19:52:27.7287295Z","ServerTimestamp":"2024-04-27T19:52:27.7287323Z"},"nsu=http://opcfoundation.org/UA/Plc/Applications;s=RandomSignedInt32":{"Value":-1192679600,"SourceTimestamp":"2024-04-27T19:52:27.7287409Z","ServerTimestamp":"2024-04-27T19:52:27.7287437Z"},"nsu=http://opcfoundation.org/UA/Plc/Applications;s=RandomUnsignedInt32":{"Value":463198242,"SourceTimestamp":"2024-04-27T19:52:27.728754Z","ServerTimestamp":"2024-04-27T19:52:27.7287548Z"},"nsu=http://opcfoundation.org/UA/Plc/Applications;s=DipData":{"Value":-77.051324277578942,"SourceTimestamp":"2024-04-27T19:52:27.7287649Z","ServerTimestamp":"2024-04-27T19:52:27.7287708Z"},"nsu=http://opcfoundation.org/UA/Plc/Applications;s=FastUIntScalar1":{"Value":66,"SourceTimestamp":"2024-04-27T19:52:26.8312129Z","ServerTimestamp":"2024-04-27T19:52:26.8312181Z"},"nsu=http://opcfoundation.org/UA/Plc/Applications;s=FastUIntScalar2":{"Value":66,"SourceTimestamp":"2024-04-27T19:52:26.8312249Z","ServerTimestamp":"2024-04-27T19:52:26.8312263Z"},"nsu=http://opcfoundation.org/UA/Plc/Applications;s=FastUIntScalar3":{"Value":66,"SourceTimestamp":"2024-04-27T19:52:26.8312277Z","ServerTimestamp":"2024-04-27T19:52:26.8312293Z"},"nsu=http://opcfoundation.org/UA/Plc/Applications;s=FastRandomUIntScalar1":{"Value":3203422987,"SourceTimestamp":"2024-04-27T19:52:26.8312064Z","ServerTimestamp":"2024-04-27T19:52:26.8312085Z"},"nsu=http://opcfoundation.org/UA/Plc/Applications;s=FastRandomUIntScalar2":{"Value":710537440,"SourceTimestamp":"2024-04-27T19:52:26.8312177Z","ServerTimestamp":"2024-04-27T19:52:26.8312248Z"},"nsu=http://opcfoundation.org/UA/Plc/Applications;s=FastRandomUIntScalar3":{"Value":283798500,"SourceTimestamp":"2024-04-27T19:52:26.8312263Z","ServerTimestamp":"2024-04-27T19:52:26.8312279Z"},"nsu=http://opcfoundation.org/UA/Plc/Applications;s=SpikeData":{"Value":-77.051324277578942,"SourceTimestamp":"2024-04-27T19:52:27.7287763Z","ServerTimestamp":"2024-04-27T19:52:27.7287772Z"}}