{"nsu=http://opcfoundation.org/UA/Plc/Applications;s=StepUp":{"Value":718,"SourceTimestamp":"2024-04-27T19:52:32.6327193Z","ServerTimestamp":"2024-04-27T19:52:32.6327318Z"},"nsu=http://opcfoundation.org/UA/Plc/Applications;s=RandomSignedInt32":{"Value":334768032,"SourceTimestamp":"2024-04-27T19:52:32.6327424Z","ServerTimestamp":"2024-04-27T19:52:32.6327455Z"},"nsu=http://opcfoundation.org/UA/Plc/Applications;s=RandomUnsignedInt32":{"Value":1606897651,"SourceTimestamp":"2024-04-27T19:52:32.6327343Z","ServerTimestamp":"2024-04-27T19:52:32.6327548Z"},"nsu=http://opcfoundation.org/UA/Plc/Applications;s=DipData":{"Value":-84.432792550201526,"SourceTimestamp":"2024-04-27T19:52:32.6327584Z","ServerTimestamp":"2024-04-27T19:52:32.6327597Z"},"nsu=http://opcfoundation.org/UA/Plc/Applications;s=FastUIntScalar1":{"Value":71,"SourceTimestamp":"2024-04-27T19:52:31.8225164Z","ServerTimestamp":"2024-04-27T19:52:31.8225204Z"},"nsu=http://opcfoundation.org/UA/Plc/Applications;s=FastUIntScalar2":{"Value":71,"SourceTimestamp":"2024-04-27T19:52:31.8225264Z","ServerTimestamp":"2024-04-27T19:52:31.8225297Z"},"nsu=http://opcfoundation.org/UA/Plc/Applications;s=FastUIntScalar3":{"Value":71,"SourceTimestamp":"2024-04-27T19:52:31.8225326Z","ServerTimestamp":"2024-04-27T19:52:31.8225348Z"},"nsu=http://opcfoundation.org/UA/Plc/Applications;s=FastRandomUIntScalar1":{"Value":655920242,"SourceTimestamp":"2024-04-27T19:52:31.8225137Z","ServerTimestamp":"2024-04-27T19:52:31.8225175Z"},"nsu=http://opcfoundation.org/UA/Plc/Applications;s=FastRandomUIntScalar2":{"Value":2909696457,"SourceTimestamp":"2024-04-27T19:52:31.822521Z","ServerTimestamp":"2024-04-27T19:52:31.8225266Z"},"nsu=http://opcfoundation.org/UA/Plc/Applications;s=FastRandomUIntScalar3":{"Value":1331631590,"SourceTimestamp":"2024-04-27T19:52:31.822529Z","ServerTimestamp":"2024-04-27T19:52:31.8225324Z"},"nsu=http://opcfoundation.org/UA/Plc/Applications;s=SpikeData":{"Value":-84.432792550201526,"SourceTimestamp":"2024-04-27T19:52:32.6327936Z","ServerTimestamp":"2024-04-27T19:52:32.6328003Z"}}