{"nsu=http://opcfoundation.org/UA/Plc/Applications;s=StepUp":{"Value":758,"SourceTimestamp":"2024-04-27T19:52:36.6246415Z","ServerTimestamp":"2024-04-27T19:52:36.6246493Z"},"nsu=http://opcfoundation.org/UA/Plc/Applications;s=AlternatingBoolean":{"Value":false,"SourceTimestamp":"2024-04-27T19:52:35.9256076Z","ServerTimestamp":"2024-04-27T19:52:35.9256126Z"},"nsu=http://opcfoundation.org/UA/Plc/Applications;s=RandomSignedInt32":{"Value":588194302,"SourceTimestamp":"2024-04-27T19:52:36.6246438Z","ServerTimestamp":"2024-04-27T19:52:36.6246725Z"},"nsu=http://opcfoundation.org/UA/Plc/Applications;s=RandomUnsignedInt32":{"Value":34529663,"SourceTimestamp":"2024-04-27T19:52:36.6246602Z","ServerTimestamp":"2024-04-27T19:52:36.6246615Z"},"nsu=http://opcfoundation.org/UA/Plc/Applications;s=DipData":{"Value":-77.0513242775789,"SourceTimestamp":"2024-04-27T19:52:36.6246691Z","ServerTimestamp":"2024-04-27T19:52:36.6246699Z"},"nsu=http://opcfoundation.org/UA/Plc/Applications;s=FastUIntScalar1":{"Value":75,"SourceTimestamp":"2024-04-27T19:52:35.8178643Z","ServerTimestamp":"2024-04-27T19:52:35.8178677Z"},"nsu=http://opcfoundation.org/UA/Plc/Applications;s=FastUIntScalar2":{"Value":75,"SourceTimestamp":"2024-04-27T19:52:35.8178739Z","ServerTimestamp":"2024-04-27T19:52:35.8178752Z"},"nsu=http://opcfoundation.org/UA/Plc/Applications;s=FastUIntScalar3":{"Value":75,"SourceTimestamp":"2024-04-27T19:52:35.8178766Z","ServerTimestamp":"2024-04-27T19:52:35.817878Z"},"nsu=http://opcfoundation.org/UA/Plc/Applications;s=FastRandomUIntScalar1":{"Value":3394185131,"SourceTimestamp":"2024-04-27T19:52:35.8178555Z","ServerTimestamp":"2024-04-27T19:52:35.8178575Z"},"nsu=http://opcfoundation.org/UA/Plc/Applications;s=FastRandomUIntScalar2":{"Value":1565711750,"SourceTimestamp":"2024-04-27T19:52:35.8178674Z","ServerTimestamp":"2024-04-27T19:52:35.8178738Z"},"nsu=http://opcfoundation.org/UA/Plc/Applications;s=FastRandomUIntScalar3":{"Value":1162349364,"SourceTimestamp":"2024-04-27T19:52:35.8178753Z","ServerTimestamp":"2024-04-27T19:52:35.8178765Z"},"nsu=http://opcfoundation.org/UA/Plc/Applications;s=NegativeTrendData":{"Value":99,"SourceTimestamp":"2024-04-27T19:52:35.9256301Z","ServerTimestamp":"2024-04-27T19:52:35.925634Z"},"nsu=http://opcfoundation.org/UA/Plc/Applications;s=PositiveTrendData":{"Value":101.09999999999999,"SourceTimestamp":"2024-04-27T19:52:35.9256301Z","ServerTimestamp":"2024-04-27T19:52:35.9256308Z"},"nsu=http://opcfoundation.org/UA/Plc/Applications;s=SpikeData":{"Value":-77.0513242775789,"SourceTimestamp":"2024-04-27T19:52:36.6246722Z","ServerTimestamp":"2024-04-27T19:52:36.6246763Z"}}