{"nsu=http://opcfoundation.org/UA/Plc/Applications;s=StepUp":{"Value":839,"SourceTimestamp":"2024-04-27T19:52:44.7278905Z","ServerTimestamp":"2024-04-27T19:52:44.7278978Z"},"nsu=http://opcfoundation.org/UA/Plc/Applications;s=RandomSignedInt32":{"Value":788604640,"SourceTimestamp":"2024-04-27T19:52:44.7279095Z","ServerTimestamp":"2024-04-27T19:52:44.7279113Z"},"nsu=http://opcfoundation.org/UA/Plc/Applications;s=RandomUnsignedInt32":{"Value":1249352331,"SourceTimestamp":"2024-04-27T19:52:44.7279257Z","ServerTimestamp":"2024-04-27T19:52:44.7279275Z"},"nsu=http://opcfoundation.org/UA/Plc/Applications;s=DipData":{"Value":99.80267284282715,"SourceTimestamp":"2024-04-27T19:52:44.6198941Z","ServerTimestamp":"2024-04-27T19:52:44.619902Z"},"nsu=http://opcfoundation.org/UA/Plc/Applications;s=FastUIntScalar1":{"Value":83,"SourceTimestamp":"2024-04-27T19:52:43.8266574Z","ServerTimestamp":"2024-04-27T19:52:43.8266767Z"},"nsu=http://opcfoundation.org/UA/Plc/Applications;s=FastUIntScalar2":{"Value":83,"SourceTimestamp":"2024-04-27T19:52:43.8266878Z","ServerTimestamp":"2024-04-27T19:52:43.8266908Z"},"nsu=http://opcfoundation.org/UA/Plc/Applications;s=FastUIntScalar3":{"Value":83,"SourceTimestamp":"2024-04-27T19:52:43.8266923Z","ServerTimestamp":"2024-04-27T19:52:43.8266948Z"},"nsu=http://opcfoundation.org/UA/Plc/Applications;s=FastRandomUIntScalar1":{"Value":2580747930,"SourceTimestamp":"2024-04-27T19:52:43.8266575Z","ServerTimestamp":"2024-04-27T19:52:43.8266608Z"},"nsu=http://opcfoundation.org/UA/Plc/Applications;s=FastRandomUIntScalar2":{"Value":877074847,"SourceTimestamp":"2024-04-27T19:52:43.8266764Z","ServerTimestamp":"2024-04-27T19:52:43.8266879Z"},"nsu=http://opcfoundation.org/UA/Plc/Applications;s=FastRandomUIntScalar3":{"Value":1442542070,"SourceTimestamp":"2024-04-27T19:52:43.8266905Z","ServerTimestamp":"2024-04-27T19:52:43.8266925Z"},"nsu=http://opcfoundation.org/UA/Plc/Applications;s=SpikeData":{"Value":99.80267284282715,"SourceTimestamp":"2024-04-27T19:52:44.6199125Z","ServerTimestamp":"2024-04-27T19:52:44.619914Z"}}