{"nsu=http://opcfoundation.org/UA/Plc/Applications;s=StepUp":{"Value":848,"SourceTimestamp":"2024-04-27T19:52:45.6263065Z","ServerTimestamp":"2024-04-27T19:52:45.6263099Z"},"nsu=http://opcfoundation.org/UA/Plc/Applications;s=RandomSignedInt32":{"Value":-1328851488,"SourceTimestamp":"2024-04-27T19:52:45.626323Z","ServerTimestamp":"2024-04-27T19:52:45.6263235Z"},"nsu=http://opcfoundation.org/UA/Plc/Applications;s=RandomUnsignedInt32":{"Value":1627560176,"SourceTimestamp":"2024-04-27T19:52:45.6263247Z","ServerTimestamp":"2024-04-27T19:52:45.6263669Z"},"nsu=http://opcfoundation.org/UA/Plc/Applications;s=DipData":{"Value":36.812455268467801,"SourceTimestamp":"2024-04-27T19:52:45.6263332Z","ServerTimestamp":"2024-04-27T19:52:45.6263853Z"},"nsu=http://opcfoundation.org/UA/Plc/Applications;s=FastUIntScalar1":{"Value":84,"SourceTimestamp":"2024-04-27T19:52:44.8204932Z","ServerTimestamp":"2024-04-27T19:52:44.8204975Z"},"nsu=http://opcfoundation.org/UA/Plc/Applications;s=FastUIntScalar2":{"Value":84,"SourceTimestamp":"2024-04-27T19:52:44.820513Z","ServerTimestamp":"2024-04-27T19:52:44.8205278Z"},"nsu=http://opcfoundation.org/UA/Plc/Applications;s=FastUIntScalar3":{"Value":84,"SourceTimestamp":"2024-04-27T19:52:44.8205303Z","ServerTimestamp":"2024-04-27T19:52:44.8205339Z"},"nsu=http://opcfoundation.org/UA/Plc/Applications;s=FastRandomUIntScalar1":{"Value":4017018325,"SourceTimestamp":"2024-04-27T19:52:44.8204974Z","ServerTimestamp":"2024-04-27T19:52:44.820514Z"},"nsu=http://opcfoundation.org/UA/Plc/Applications;s=FastRandomUIntScalar2":{"Value":3739665886,"SourceTimestamp":"2024-04-27T19:52:44.8205279Z","ServerTimestamp":"2024-04-27T19:52:44.8205307Z"},"nsu=http://opcfoundation.org/UA/Plc/Applications;s=FastRandomUIntScalar3":{"Value":1536987717,"SourceTimestamp":"2024-04-27T19:52:44.8205336Z","ServerTimestamp":"2024-04-27T19:52:44.8205366Z"},"nsu=http://opcfoundation.org/UA/Plc/Applications;s=SpikeData":{"Value":36.812455268467801,"SourceTimestamp":"2024-04-27T19:52:45.6263494Z","ServerTimestamp":"2024-04-27T19:52:45.6263527Z"}}