{"nsu=http://opcfoundation.org/UA/Plc/Applications;s=StepUp":{"Value":899,"SourceTimestamp":"2024-04-27T19:52:50.7309416Z","ServerTimestamp":"2024-04-27T19:52:50.7309444Z"},"nsu=http://opcfoundation.org/UA/Plc/Applications;s=RandomSignedInt32":{"Value":1825766336,"SourceTimestamp":"2024-04-27T19:52:50.7309512Z","ServerTimestamp":"2024-04-27T19:52:50.7309876Z"},"nsu=http://opcfoundation.org/UA/Plc/Applications;s=RandomUnsignedInt32":{"Value":2080981021,"SourceTimestamp":"2024-04-27T19:52:50.7309578Z","ServerTimestamp":"2024-04-27T19:52:50.7309641Z"},"nsu=http://opcfoundation.org/UA/Plc/Applications;s=DipData":{"Value":24.868988716485479,"SourceTimestamp":"2024-04-27T19:52:50.7309777Z","ServerTimestamp":"2024-04-27T19:52:50.7309789Z"},"nsu=http://opcfoundation.org/UA/Plc/Applications;s=FastUIntScalar1":{"Value":89,"SourceTimestamp":"2024-04-27T19:52:49.8315661Z","ServerTimestamp":"2024-04-27T19:52:49.8315691Z"},"nsu=http://opcfoundation.org/UA/Plc/Applications;s=FastUIntScalar2":{"Value":89,"SourceTimestamp":"2024-04-27T19:52:49.8315809Z","ServerTimestamp":"2024-04-27T19:52:49.8315894Z"},"nsu=http://opcfoundation.org/UA/Plc/Applications;s=FastUIntScalar3":{"Value":89,"SourceTimestamp":"2024-04-27T19:52:49.8315913Z","ServerTimestamp":"2024-04-27T19:52:49.8315921Z"},"nsu=http://opcfoundation.org/UA/Plc/Applications;s=FastRandomUIntScalar1":{"Value":2316769212,"SourceTimestamp":"2024-04-27T19:52:49.831572Z","ServerTimestamp":"2024-04-27T19:52:49.8315814Z"},"nsu=http://opcfoundation.org/UA/Plc/Applications;s=FastRandomUIntScalar2":{"Value":2544286284,"SourceTimestamp":"2024-04-27T19:52:49.8315896Z","ServerTimestamp":"2024-04-27T19:52:49.8315908Z"},"nsu=http://opcfoundation.org/UA/Plc/Applications;s=FastRandomUIntScalar3":{"Value":390028206,"SourceTimestamp":"2024-04-27T19:52:49.8315921Z","ServerTimestamp":"2024-04-27T19:52:49.831597Z"},"nsu=http://opcfoundation.org/UA/Plc/Applications;s=SpikeData":{"Value":24.868988716485479,"SourceTimestamp":"2024-04-27T19:52:50.7309813Z","ServerTimestamp":"2024-04-27T19:52:50.7309833Z"}}