{"nsu=http://opcfoundation.org/UA/Plc/Applications;s=SlowUIntScalar1":{"Value":9,"SourceTimestamp":"2024-04-27T19:52:50.8253194Z","ServerTimestamp":"2024-04-27T19:52:50.8253249Z"},"nsu=http://opcfoundation.org/UA/Plc/Applications;s=SlowUIntScalar2":{"Value":9,"SourceTimestamp":"2024-04-27T19:52:50.8253405Z","ServerTimestamp":"2024-04-27T19:52:50.8253415Z"},"nsu=http://opcfoundation.org/UA/Plc/Applications;s=SlowUIntScalar3":{"Value":9,"SourceTimestamp":"2024-04-27T19:52:50.8253444Z","ServerTimestamp":"2024-04-27T19:52:50.8253456Z"},"nsu=http://opcfoundation.org/UA/Plc/Applications;s=BadSlowUIntScalar1":{"Value":null,"StatusCode":{"Symbol":"BadDataLost","Code":2157772800},"SourceTimestamp":"2024-04-27T19:52:50.8253508Z","ServerTimestamp":"2024-04-27T19:52:50.8253509Z"},"nsu=http://opcfoundation.org/UA/Plc/Applications;s=SlowRandomUIntScalar1":{"Value":1405259912,"SourceTimestamp":"2024-04-27T19:52:50.8253623Z","ServerTimestamp":"2024-04-27T19:52:50.825366Z"},"nsu=http://opcfoundation.org/UA/Plc/Applications;s=SlowRandomUIntScalar2":{"Value":2789044265,"SourceTimestamp":"2024-04-27T19:52:50.8253793Z","ServerTimestamp":"2024-04-27T19:52:50.8253803Z"},"nsu=http://opcfoundation.org/UA/Plc/Applications;s=SlowRandomUIntScalar3":{"Value":1367826651,"SourceTimestamp":"2024-04-27T19:52:50.8254026Z","ServerTimestamp":"2024-04-27T19:52:50.8254035Z"},"nsu=http://opcfoundation.org/UA/Plc/Applications;s=BadSlowRandomUIntScalar1":{"Value":null,"StatusCode":{"Symbol":"BadDataLost","Code":2157772800},"SourceTimestamp":"2024-04-27T19:52:50.8254141Z","ServerTimestamp":"2024-04-27T19:52:50.8254142Z"}}