{"nsu=http://opcfoundation.org/UA/Plc/Applications;s=StepUp":{"Value":928,"SourceTimestamp":"2024-04-27T19:52:53.6313455Z","ServerTimestamp":"2024-04-27T19:52:53.6314137Z"},"nsu=http://opcfoundation.org/UA/Plc/Applications;s=RandomSignedInt32":{"Value":-1861242648,"SourceTimestamp":"2024-04-27T19:52:53.6313471Z","ServerTimestamp":"2024-04-27T19:52:53.6313951Z"},"nsu=http://opcfoundation.org/UA/Plc/Applications;s=RandomUnsignedInt32":{"Value":1488741695,"SourceTimestamp":"2024-04-27T19:52:53.631346Z","ServerTimestamp":"2024-04-27T19:52:53.6313621Z"},"nsu=http://opcfoundation.org/UA/Plc/Applications;s=DipData":{"Value":24.868988716485482,"SourceTimestamp":"2024-04-27T19:52:53.6313609Z","ServerTimestamp":"2024-04-27T19:52:53.6313671Z"},"nsu=http://opcfoundation.org/UA/Plc/Applications;s=FastUIntScalar1":{"Value":92,"SourceTimestamp":"2024-04-27T19:52:52.8316167Z","ServerTimestamp":"2024-04-27T19:52:52.8316211Z"},"nsu=http://opcfoundation.org/UA/Plc/Applications;s=FastUIntScalar2":{"Value":92,"SourceTimestamp":"2024-04-27T19:52:52.8316753Z","ServerTimestamp":"2024-04-27T19:52:52.8316769Z"},"nsu=http://opcfoundation.org/UA/Plc/Applications;s=FastUIntScalar3":{"Value":92,"SourceTimestamp":"2024-04-27T19:52:52.8316797Z","ServerTimestamp":"2024-04-27T19:52:52.8316807Z"},"nsu=http://opcfoundation.org/UA/Plc/Applications;s=FastRandomUIntScalar1":{"Value":3182744237,"SourceTimestamp":"2024-04-27T19:52:52.8316184Z","ServerTimestamp":"2024-04-27T19:52:52.8316987Z"},"nsu=http://opcfoundation.org/UA/Plc/Applications;s=FastRandomUIntScalar2":{"Value":2898744187,"SourceTimestamp":"2024-04-27T19:52:52.8317128Z","ServerTimestamp":"2024-04-27T19:52:52.8317261Z"},"nsu=http://opcfoundation.org/UA/Plc/Applications;s=FastRandomUIntScalar3":{"Value":2085815433,"SourceTimestamp":"2024-04-27T19:52:52.8317286Z","ServerTimestamp":"2024-04-27T19:52:52.831748Z"},"nsu=http://opcfoundation.org/UA/Plc/Applications;s=SpikeData":{"Value":24.868988716485482,"SourceTimestamp":"2024-04-27T19:52:53.6313664Z","ServerTimestamp":"2024-04-27T19:52:53.6314282Z"}}