{"nsu=http://opcfoundation.org/UA/Plc/Applications;s=StepUp":{"Value":959,"SourceTimestamp":"2024-04-27T19:52:56.724238Z","ServerTimestamp":"2024-04-27T19:52:56.7242412Z"},"nsu=http://opcfoundation.org/UA/Plc/Applications;s=AlternatingBoolean":{"Value":false,"SourceTimestamp":"2024-04-27T19:52:55.9211867Z","ServerTimestamp":"2024-04-27T19:52:55.9211906Z"},"nsu=http://opcfoundation.org/UA/Plc/Applications;s=RandomSignedInt32":{"Value":1180485591,"SourceTimestamp":"2024-04-27T19:52:56.7242513Z","ServerTimestamp":"2024-04-27T19:52:56.7242591Z"},"nsu=http://opcfoundation.org/UA/Plc/Applications;s=RandomUnsignedInt32":{"Value":783580129,"SourceTimestamp":"2024-04-27T19:52:56.7242681Z","ServerTimestamp":"2024-04-27T19:52:56.7242693Z"},"nsu=http://opcfoundation.org/UA/Plc/Applications;s=DipData":{"Value":-84.432792550201498,"SourceTimestamp":"2024-04-27T19:52:56.7242691Z","ServerTimestamp":"2024-04-27T19:52:56.7242736Z"},"nsu=http://opcfoundation.org/UA/Plc/Applications;s=FastUIntScalar1":{"Value":95,"SourceTimestamp":"2024-04-27T19:52:55.8294632Z","ServerTimestamp":"2024-04-27T19:52:55.8294662Z"},"nsu=http://opcfoundation.org/UA/Plc/Applications;s=FastUIntScalar2":{"Value":95,"SourceTimestamp":"2024-04-27T19:52:55.8294793Z","ServerTimestamp":"2024-04-27T19:52:55.8294953Z"},"nsu=http://opcfoundation.org/UA/Plc/Applications;s=FastUIntScalar3":{"Value":95,"SourceTimestamp":"2024-04-27T19:52:55.829498Z","ServerTimestamp":"2024-04-27T19:52:55.8295018Z"},"nsu=http://opcfoundation.org/UA/Plc/Applications;s=FastRandomUIntScalar1":{"Value":820178180,"SourceTimestamp":"2024-04-27T19:52:55.8294775Z","ServerTimestamp":"2024-04-27T19:52:55.8294814Z"},"nsu=http://opcfoundation.org/UA/Plc/Applications;s=FastRandomUIntScalar2":{"Value":100721270,"SourceTimestamp":"2024-04-27T19:52:55.8294946Z","ServerTimestamp":"2024-04-27T19:52:55.8294989Z"},"nsu=http://opcfoundation.org/UA/Plc/Applications;s=FastRandomUIntScalar3":{"Value":3156096198,"SourceTimestamp":"2024-04-27T19:52:55.8295019Z","ServerTimestamp":"2024-04-27T19:52:55.8295041Z"},"nsu=http://opcfoundation.org/UA/Plc/Applications;s=NegativeTrendData":{"Value":98.599999999999994,"SourceTimestamp":"2024-04-27T19:52:55.921234Z","ServerTimestamp":"2024-04-27T19:52:55.9212354Z"},"nsu=http://opcfoundation.org/UA/Plc/Applications;s=PositiveTrendData":{"Value":101.5,"SourceTimestamp":"2024-04-27T19:52:55.9212274Z","ServerTimestamp":"2024-04-27T19:52:55.9212287Z"},"nsu=http://opcfoundation.org/UA/Plc/Applications;s=SpikeData":{"Value":-84.432792550201498,"SourceTimestamp":"2024-04-27T19:52:56.7242855Z","ServerTimestamp":"2024-04-27T19:52:56.7242868Z"}}