{"nsu=http://opcfoundation.org/UA/Plc/Applications;s=StepUp":{"Value":969,"SourceTimestamp":"2024-04-27T19:52:57.7214482Z","ServerTimestamp":"2024-04-27T19:52:57.7214524Z"},"nsu=http://opcfoundation.org/UA/Plc/Applications;s=RandomSignedInt32":{"Value":897980943,"SourceTimestamp":"2024-04-27T19:52:57.7214885Z","ServerTimestamp":"2024-04-27T19:52:57.7214922Z"},"nsu=http://opcfoundation.org/UA/Plc/Applications;s=RandomUnsignedInt32":{"Value":140137981,"SourceTimestamp":"2024-04-27T19:52:57.7214931Z","ServerTimestamp":"2024-04-27T19:52:57.7215032Z"},"nsu=http://opcfoundation.org/UA/Plc/Applications;s=DipData":{"Value":-77.051324277578942,"SourceTimestamp":"2024-04-27T19:52:57.7215052Z","ServerTimestamp":"2024-04-27T19:52:57.7215063Z"},"nsu=http://opcfoundation.org/UA/Plc/Applications;s=FastUIntScalar1":{"Value":96,"SourceTimestamp":"2024-04-27T19:52:56.8180779Z","ServerTimestamp":"2024-04-27T19:52:56.8180797Z"},"nsu=http://opcfoundation.org/UA/Plc/Applications;s=FastUIntScalar2":{"Value":96,"SourceTimestamp":"2024-04-27T19:52:56.8180892Z","ServerTimestamp":"2024-04-27T19:52:56.8180954Z"},"nsu=http://opcfoundation.org/UA/Plc/Applications;s=FastUIntScalar3":{"Value":96,"SourceTimestamp":"2024-04-27T19:52:56.8180968Z","ServerTimestamp":"2024-04-27T19:52:56.8180985Z"},"nsu=http://opcfoundation.org/UA/Plc/Applications;s=FastRandomUIntScalar1":{"Value":2691816670,"SourceTimestamp":"2024-04-27T19:52:56.8180867Z","ServerTimestamp":"2024-04-27T19:52:56.8180893Z"},"nsu=http://opcfoundation.org/UA/Plc/Applications;s=FastRandomUIntScalar2":{"Value":1063027238,"SourceTimestamp":"2024-04-27T19:52:56.8180954Z","ServerTimestamp":"2024-04-27T19:52:56.8180968Z"},"nsu=http://opcfoundation.org/UA/Plc/Applications;s=FastRandomUIntScalar3":{"Value":1453500404,"SourceTimestamp":"2024-04-27T19:52:56.8180984Z","ServerTimestamp":"2024-04-27T19:52:56.8181004Z"},"nsu=http://opcfoundation.org/UA/Plc/Applications;s=SpikeData":{"Value":-77.051324277578942,"SourceTimestamp":"2024-04-27T19:52:57.721513Z","ServerTimestamp":"2024-04-27T19:52:57.7215139Z"}}