{"nsu=http://opcfoundation.org/UA/Plc/Applications;s=StepUp":{"Value":989,"SourceTimestamp":"2024-04-27T19:52:59.7178215Z","ServerTimestamp":"2024-04-27T19:52:59.7178249Z"},"nsu=http://opcfoundation.org/UA/Plc/Applications;s=RandomSignedInt32":{"Value":-1290201860,"SourceTimestamp":"2024-04-27T19:52:59.717843Z","ServerTimestamp":"2024-04-27T19:52:59.7178452Z"},"nsu=http://opcfoundation.org/UA/Plc/Applications;s=RandomUnsignedInt32":{"Value":2074920120,"SourceTimestamp":"2024-04-27T19:52:59.7178411Z","ServerTimestamp":"2024-04-27T19:52:59.7178416Z"},"nsu=http://opcfoundation.org/UA/Plc/Applications;s=DipData":{"Value":99.80267284282715,"SourceTimestamp":"2024-04-27T19:52:59.6263622Z","ServerTimestamp":"2024-04-27T19:52:59.626367Z"},"nsu=http://opcfoundation.org/UA/Plc/Applications;s=FastUIntScalar1":{"Value":98,"SourceTimestamp":"2024-04-27T19:52:58.8188548Z","ServerTimestamp":"2024-04-27T19:52:58.8188574Z"},"nsu=http://opcfoundation.org/UA/Plc/Applications;s=FastUIntScalar2":{"Value":98,"SourceTimestamp":"2024-04-27T19:52:58.8188674Z","ServerTimestamp":"2024-04-27T19:52:58.8188868Z"},"nsu=http://opcfoundation.org/UA/Plc/Applications;s=FastUIntScalar3":{"Value":98,"SourceTimestamp":"2024-04-27T19:52:58.8188929Z","ServerTimestamp":"2024-04-27T19:52:58.8189006Z"},"nsu=http://opcfoundation.org/UA/Plc/Applications;s=FastRandomUIntScalar1":{"Value":970171964,"SourceTimestamp":"2024-04-27T19:52:58.818863Z","ServerTimestamp":"2024-04-27T19:52:58.8188679Z"},"nsu=http://opcfoundation.org/UA/Plc/Applications;s=FastRandomUIntScalar2":{"Value":4087969682,"SourceTimestamp":"2024-04-27T19:52:58.8188751Z","ServerTimestamp":"2024-04-27T19:52:58.818876Z"},"nsu=http://opcfoundation.org/UA/Plc/Applications;s=FastRandomUIntScalar3":{"Value":2514135886,"SourceTimestamp":"2024-04-27T19:52:58.8188779Z","ServerTimestamp":"2024-04-27T19:52:58.8188788Z"},"nsu=http://opcfoundation.org/UA/Plc/Applications;s=SpikeData":{"Value":99.80267284282715,"SourceTimestamp":"2024-04-27T19:52:59.6263737Z","ServerTimestamp":"2024-04-27T19:52:59.626403Z"}}