{"nsu=http://opcfoundation.org/UA/Plc/Applications;s=StepUp":{"Value":999,"SourceTimestamp":"2024-04-27T19:53:00.7172272Z","ServerTimestamp":"2024-04-27T19:53:00.7172317Z"},"nsu=http://opcfoundation.org/UA/Plc/Applications;s=RandomSignedInt32":{"Value":54730908,"SourceTimestamp":"2024-04-27T19:53:00.7172541Z","ServerTimestamp":"2024-04-27T19:53:00.7172622Z"},"nsu=http://opcfoundation.org/UA/Plc/Applications;s=RandomUnsignedInt32":{"Value":358070803,"SourceTimestamp":"2024-04-27T19:53:00.717265Z","ServerTimestamp":"2024-04-27T19:53:00.7172672Z"},"nsu=http://opcfoundation.org/UA/Plc/Applications;s=DipData":{"Value":24.868988716485479,"SourceTimestamp":"2024-04-27T19:53:00.7172798Z","ServerTimestamp":"2024-04-27T19:53:00.7172812Z"},"nsu=http://opcfoundation.org/UA/Plc/Applications;s=FastUIntScalar1":{"Value":99,"SourceTimestamp":"2024-04-27T19:52:59.82676Z","ServerTimestamp":"2024-04-27T19:52:59.8267634Z"},"nsu=http://opcfoundation.org/UA/Plc/Applications;s=FastUIntScalar2":{"Value":99,"SourceTimestamp":"2024-04-27T19:52:59.8267767Z","ServerTimestamp":"2024-04-27T19:52:59.8267775Z"},"nsu=http://opcfoundation.org/UA/Plc/Applications;s=FastUIntScalar3":{"Value":99,"SourceTimestamp":"2024-04-27T19:52:59.8267791Z","ServerTimestamp":"2024-04-27T19:52:59.8267936Z"},"nsu=http://opcfoundation.org/UA/Plc/Applications;s=FastRandomUIntScalar1":{"Value":3489485984,"SourceTimestamp":"2024-04-27T19:52:59.8267695Z","ServerTimestamp":"2024-04-27T19:52:59.8267802Z"},"nsu=http://opcfoundation.org/UA/Plc/Applications;s=FastRandomUIntScalar2":{"Value":677110171,"SourceTimestamp":"2024-04-27T19:52:59.8267934Z","ServerTimestamp":"2024-04-27T19:52:59.8267952Z"},"nsu=http://opcfoundation.org/UA/Plc/Applications;s=FastRandomUIntScalar3":{"Value":4108757968,"SourceTimestamp":"2024-04-27T19:52:59.8267984Z","ServerTimestamp":"2024-04-27T19:52:59.8267998Z"},"nsu=http://opcfoundation.org/UA/Plc/Applications;s=SpikeData":{"Value":24.868988716485479,"SourceTimestamp":"2024-04-27T19:53:00.7173086Z","ServerTimestamp":"2024-04-27T19:53:00.7173119Z"}}