[{"nsu=http://opcfoundation.org/UA/Plc/Applications;s=StepUp":{"Value":1018,"SourceTimestamp":"2024-04-27T17:55:31.3108142Z","ServerTimestamp":"2024-04-27T17:55:31.3108412Z"},"nsu=http://opcfoundation.org/UA/Plc/Applications;s=RandomSignedInt32":{"Value":390642067,"SourceTimestamp":"2024-04-27T17:55:31.3108073Z","ServerTimestamp":"2024-04-27T17:55:31.3108094Z"},"nsu=http://opcfoundation.org/UA/Plc/Applications;s=RandomUnsignedInt32":{"Value":1664159526,"SourceTimestamp":"2024-04-27T17:55:31.3108104Z","ServerTimestamp":"2024-04-27T17:55:31.3108162Z"},"nsu=http://opcfoundation.org/UA/Plc/Applications;s=DipData":{"Value":-84.432792550201526,"SourceTimestamp":"2024-04-27T17:55:31.3108244Z","ServerTimestamp":"2024-04-27T17:55:31.3108263Z"},"nsu=http://opcfoundation.org/UA/Plc/Applications;s=FastUIntScalar1":{"Value":101,"SourceTimestamp":"2024-04-27T17:55:30.5167042Z","ServerTimestamp":"2024-04-27T17:55:30.5167078Z"},"nsu=http://opcfoundation.org/UA/Plc/Applications;s=FastUIntScalar2":{"Value":101,"SourceTimestamp":"2024-04-27T17:55:30.5167111Z","ServerTimestamp":"2024-04-27T17:55:30.5167118Z"},"nsu=http://opcfoundation.org/UA/Plc/Applications;s=FastUIntScalar3":{"Value":101,"SourceTimestamp":"2024-04-27T17:55:30.5167132Z","ServerTimestamp":"2024-04-27T17:55:30.5167139Z"},"nsu=http://opcfoundation.org/UA/Plc/Applications;s=FastRandomUIntScalar1":{"Value":1897160259,"SourceTimestamp":"2024-04-27T17:55:30.5167046Z","ServerTimestamp":"2024-04-27T17:55:30.5167244Z"},"nsu=http://opcfoundation.org/UA/Plc/Applications;s=FastRandomUIntScalar2":{"Value":1750002558,"SourceTimestamp":"2024-04-27T17:55:30.5167323Z","ServerTimestamp":"2024-04-27T17:55:30.5167334Z"},"nsu=http://opcfoundation.org/UA/Plc/Applications;s=FastRandomUIntScalar3":{"Value":2278364514,"SourceTimestamp":"2024-04-27T17:55:30.5167352Z","ServerTimestamp":"2024-04-27T17:55:30.5167369Z"},"nsu=http://opcfoundation.org/UA/Plc/Applications;s=SpikeData":{"Value":-84.432792550201526,"SourceTimestamp":"2024-04-27T17:55:31.3108355Z","ServerTimestamp":"2024-04-27T17:55:31.3108362Z"}}]