[{"nsu=http://opcfoundation.org/UA/Plc/Applications;s=StepUp":{"Value":1038,"SourceTimestamp":"2024-04-27T17:55:33.3155544Z","ServerTimestamp":"2024-04-27T17:55:33.3155569Z"},"nsu=http://opcfoundation.org/UA/Plc/Applications;s=RandomSignedInt32":{"Value":-1886282360,"SourceTimestamp":"2024-04-27T17:55:33.4070501Z","ServerTimestamp":"2024-04-27T17:55:33.407052Z"},"nsu=http://opcfoundation.org/UA/Plc/Applications;s=RandomUnsignedInt32":{"Value":1027815219,"SourceTimestamp":"2024-04-27T17:55:33.4070754Z","ServerTimestamp":"2024-04-27T17:55:33.407076Z"},"nsu=http://opcfoundation.org/UA/Plc/Applications;s=DipData":{"Value":99.80267284282715,"SourceTimestamp":"2024-04-27T17:55:33.3155286Z","ServerTimestamp":"2024-04-27T17:55:33.3155962Z"},"nsu=http://opcfoundation.org/UA/Plc/Applications;s=FastUIntScalar1":{"Value":103,"SourceTimestamp":"2024-04-27T17:55:32.5129172Z","ServerTimestamp":"2024-04-27T17:55:32.5129189Z"},"nsu=http://opcfoundation.org/UA/Plc/Applications;s=FastUIntScalar2":{"Value":103,"SourceTimestamp":"2024-04-27T17:55:32.5129204Z","ServerTimestamp":"2024-04-27T17:55:32.5129209Z"},"nsu=http://opcfoundation.org/UA/Plc/Applications;s=FastUIntScalar3":{"Value":103,"SourceTimestamp":"2024-04-27T17:55:32.512922Z","ServerTimestamp":"2024-04-27T17:55:32.5129264Z"},"nsu=http://opcfoundation.org/UA/Plc/Applications;s=FastRandomUIntScalar1":{"Value":2983627579,"SourceTimestamp":"2024-04-27T17:55:32.512921Z","ServerTimestamp":"2024-04-27T17:55:32.5129221Z"},"nsu=http://opcfoundation.org/UA/Plc/Applications;s=FastRandomUIntScalar2":{"Value":1142889276,"SourceTimestamp":"2024-04-27T17:55:32.5129266Z","ServerTimestamp":"2024-04-27T17:55:32.5129273Z"},"nsu=http://opcfoundation.org/UA/Plc/Applications;s=FastRandomUIntScalar3":{"Value":3171443721,"SourceTimestamp":"2024-04-27T17:55:32.5129284Z","ServerTimestamp":"2024-04-27T17:55:32.5129289Z"},"nsu=http://opcfoundation.org/UA/Plc/Applications;s=SpikeData":{"Value":99.80267284282715,"SourceTimestamp":"2024-04-27T17:55:33.3155541Z","ServerTimestamp":"2024-04-27T17:55:33.3155549Z"}}]