[{"nsu=http://opcfoundation.org/UA/Plc/Applications;s=StepUp":{"Value":1098,"SourceTimestamp":"2024-04-27T17:55:39.3195892Z","ServerTimestamp":"2024-04-27T17:55:39.3195913Z"},"nsu=http://opcfoundation.org/UA/Plc/Applications;s=RandomSignedInt32":{"Value":-1279519887,"SourceTimestamp":"2024-04-27T17:55:39.3195848Z","ServerTimestamp":"2024-04-27T17:55:39.3196111Z"},"nsu=http://opcfoundation.org/UA/Plc/Applications;s=RandomUnsignedInt32":{"Value":1438363549,"SourceTimestamp":"2024-04-27T17:55:39.3196Z","ServerTimestamp":"2024-04-27T17:55:39.3196014Z"},"nsu=http://opcfoundation.org/UA/Plc/Applications;s=DipData":{"Value":36.812455268467801,"SourceTimestamp":"2024-04-27T17:55:39.3196104Z","ServerTimestamp":"2024-04-27T17:55:39.3196603Z"},"nsu=http://opcfoundation.org/UA/Plc/Applications;s=FastUIntScalar1":{"Value":109,"SourceTimestamp":"2024-04-27T17:55:38.5057254Z","ServerTimestamp":"2024-04-27T17:55:38.5057289Z"},"nsu=http://opcfoundation.org/UA/Plc/Applications;s=FastUIntScalar2":{"Value":109,"SourceTimestamp":"2024-04-27T17:55:38.5057318Z","ServerTimestamp":"2024-04-27T17:55:38.5057328Z"},"nsu=http://opcfoundation.org/UA/Plc/Applications;s=FastUIntScalar3":{"Value":109,"SourceTimestamp":"2024-04-27T17:55:38.5057342Z","ServerTimestamp":"2024-04-27T17:55:38.5057348Z"},"nsu=http://opcfoundation.org/UA/Plc/Applications;s=FastRandomUIntScalar1":{"Value":2437329887,"SourceTimestamp":"2024-04-27T17:55:38.5057372Z","ServerTimestamp":"2024-04-27T17:55:38.5057387Z"},"nsu=http://opcfoundation.org/UA/Plc/Applications;s=FastRandomUIntScalar2":{"Value":2470472364,"SourceTimestamp":"2024-04-27T17:55:38.5057432Z","ServerTimestamp":"2024-04-27T17:55:38.5057457Z"},"nsu=http://opcfoundation.org/UA/Plc/Applications;s=FastRandomUIntScalar3":{"Value":1175673556,"SourceTimestamp":"2024-04-27T17:55:38.505747Z","ServerTimestamp":"2024-04-27T17:55:38.5057475Z"},"nsu=http://opcfoundation.org/UA/Plc/Applications;s=SpikeData":{"Value":36.812455268467801,"SourceTimestamp":"2024-04-27T17:55:39.3196106Z","ServerTimestamp":"2024-04-27T17:55:39.3196718Z"}}]