[{"nsu=http://opcfoundation.org/UA/Plc/Applications;s=SlowUIntScalar1":{"Value":11,"SourceTimestamp":"2024-04-27T17:55:39.5065876Z","ServerTimestamp":"2024-04-27T17:55:39.5065928Z"},"nsu=http://opcfoundation.org/UA/Plc/Applications;s=SlowUIntScalar2":{"Value":11,"SourceTimestamp":"2024-04-27T17:55:39.506609Z","ServerTimestamp":"2024-04-27T17:55:39.5066107Z"},"nsu=http://opcfoundation.org/UA/Plc/Applications;s=SlowUIntScalar3":{"Value":11,"SourceTimestamp":"2024-04-27T17:55:39.5066128Z","ServerTimestamp":"2024-04-27T17:55:39.5066142Z"},"nsu=http://opcfoundation.org/UA/Plc/Applications;s=BadSlowUIntScalar1":{"Value":1,"SourceTimestamp":"2024-04-27T17:55:39.5066169Z","ServerTimestamp":"2024-04-27T17:55:39.5066179Z"},"nsu=http://opcfoundation.org/UA/Plc/Applications;s=SlowRandomUIntScalar1":{"Value":3783639489,"SourceTimestamp":"2024-04-27T17:55:39.5067068Z","ServerTimestamp":"2024-04-27T17:55:39.5067279Z"},"nsu=http://opcfoundation.org/UA/Plc/Applications;s=SlowRandomUIntScalar2":{"Value":1310920009,"SourceTimestamp":"2024-04-27T17:55:39.506731Z","ServerTimestamp":"2024-04-27T17:55:39.506733Z"},"nsu=http://opcfoundation.org/UA/Plc/Applications;s=SlowRandomUIntScalar3":{"Value":2566745256,"SourceTimestamp":"2024-04-27T17:55:39.5067357Z","ServerTimestamp":"2024-04-27T17:55:39.5067404Z"},"nsu=http://opcfoundation.org/UA/Plc/Applications;s=BadSlowRandomUIntScalar1":{"Value":3855154914,"SourceTimestamp":"2024-04-27T17:55:39.5067427Z","ServerTimestamp":"2024-04-27T17:55:39.5067472Z"}}]