[{"nsu=http://opcfoundation.org/UA/Plc/Applications;s=StepUp":{"Value":118,"SourceTimestamp":"2024-04-27T17:54:01.310867Z","ServerTimestamp":"2024-04-27T17:54:01.3108719Z"},"nsu=http://opcfoundation.org/UA/Plc/Applications;s=RandomSignedInt32":{"Value":1037076070,"SourceTimestamp":"2024-04-27T17:54:01.4196658Z","ServerTimestamp":"2024-04-27T17:54:01.4196682Z"},"nsu=http://opcfoundation.org/UA/Plc/Applications;s=RandomUnsignedInt32":{"Value":830649249,"SourceTimestamp":"2024-04-27T17:54:01.3108779Z","ServerTimestamp":"2024-04-27T17:54:01.3108859Z"},"nsu=http://opcfoundation.org/UA/Plc/Applications;s=DipData":{"Value":-84.432792550201526,"SourceTimestamp":"2024-04-27T17:54:01.3108895Z","ServerTimestamp":"2024-04-27T17:54:01.310892Z"},"nsu=http://opcfoundation.org/UA/Plc/Applications;s=FastUIntScalar1":{"Value":11,"SourceTimestamp":"2024-04-27T17:54:00.519766Z","ServerTimestamp":"2024-04-27T17:54:00.5197717Z"},"nsu=http://opcfoundation.org/UA/Plc/Applications;s=FastUIntScalar2":{"Value":11,"SourceTimestamp":"2024-04-27T17:54:00.5197776Z","ServerTimestamp":"2024-04-27T17:54:00.5197782Z"},"nsu=http://opcfoundation.org/UA/Plc/Applications;s=FastUIntScalar3":{"Value":11,"SourceTimestamp":"2024-04-27T17:54:00.5197797Z","ServerTimestamp":"2024-04-27T17:54:00.5197806Z"},"nsu=http://opcfoundation.org/UA/Plc/Applications;s=FastRandomUIntScalar1":{"Value":3572475454,"SourceTimestamp":"2024-04-27T17:54:00.5197606Z","ServerTimestamp":"2024-04-27T17:54:00.5197625Z"},"nsu=http://opcfoundation.org/UA/Plc/Applications;s=FastRandomUIntScalar2":{"Value":572615340,"SourceTimestamp":"2024-04-27T17:54:00.5197713Z","ServerTimestamp":"2024-04-27T17:54:00.5197772Z"},"nsu=http://opcfoundation.org/UA/Plc/Applications;s=FastRandomUIntScalar3":{"Value":3762459724,"SourceTimestamp":"2024-04-27T17:54:00.5197784Z","ServerTimestamp":"2024-04-27T17:54:00.5197799Z"},"nsu=http://opcfoundation.org/UA/Plc/Applications;s=SpikeData":{"Value":-84.432792550201526,"SourceTimestamp":"2024-04-27T17:54:01.3108976Z","ServerTimestamp":"2024-04-27T17:54:01.3108997Z"}}]