[{"nsu=http://opcfoundation.org/UA/Plc/Applications;s=StepUp":{"Value":138,"SourceTimestamp":"2024-04-27T17:54:03.3156262Z","ServerTimestamp":"2024-04-27T17:54:03.3156317Z"},"nsu=http://opcfoundation.org/UA/Plc/Applications;s=RandomSignedInt32":{"Value":-519148137,"SourceTimestamp":"2024-04-27T17:54:03.31562Z","ServerTimestamp":"2024-04-27T17:54:03.315622Z"},"nsu=http://opcfoundation.org/UA/Plc/Applications;s=RandomUnsignedInt32":{"Value":490393002,"SourceTimestamp":"2024-04-27T17:54:03.3156315Z","ServerTimestamp":"2024-04-27T17:54:03.315635Z"},"nsu=http://opcfoundation.org/UA/Plc/Applications;s=DipData":{"Value":99.80267284282715,"SourceTimestamp":"2024-04-27T17:54:03.3156447Z","ServerTimestamp":"2024-04-27T17:54:03.3156456Z"},"nsu=http://opcfoundation.org/UA/Plc/Applications;s=FastUIntScalar1":{"Value":13,"SourceTimestamp":"2024-04-27T17:54:02.5186885Z","ServerTimestamp":"2024-04-27T17:54:02.5187027Z"},"nsu=http://opcfoundation.org/UA/Plc/Applications;s=FastUIntScalar2":{"Value":13,"SourceTimestamp":"2024-04-27T17:54:02.5187059Z","ServerTimestamp":"2024-04-27T17:54:02.5187246Z"},"nsu=http://opcfoundation.org/UA/Plc/Applications;s=FastUIntScalar3":{"Value":13,"SourceTimestamp":"2024-04-27T17:54:02.518726Z","ServerTimestamp":"2024-04-27T17:54:02.5187273Z"},"nsu=http://opcfoundation.org/UA/Plc/Applications;s=FastRandomUIntScalar1":{"Value":4001291099,"SourceTimestamp":"2024-04-27T17:54:02.518701Z","ServerTimestamp":"2024-04-27T17:54:02.5187063Z"},"nsu=http://opcfoundation.org/UA/Plc/Applications;s=FastRandomUIntScalar2":{"Value":823222076,"SourceTimestamp":"2024-04-27T17:54:02.5187247Z","ServerTimestamp":"2024-04-27T17:54:02.518726Z"},"nsu=http://opcfoundation.org/UA/Plc/Applications;s=FastRandomUIntScalar3":{"Value":2712877435,"SourceTimestamp":"2024-04-27T17:54:02.5187273Z","ServerTimestamp":"2024-04-27T17:54:02.5187363Z"},"nsu=http://opcfoundation.org/UA/Plc/Applications;s=SpikeData":{"Value":99.80267284282715,"SourceTimestamp":"2024-04-27T17:54:03.3156467Z","ServerTimestamp":"2024-04-27T17:54:03.3156479Z"}}]