[{"nsu=http://opcfoundation.org/UA/Plc/Applications;s=StepUp":{"Value":238,"SourceTimestamp":"2024-04-27T17:54:13.3100372Z","ServerTimestamp":"2024-04-27T17:54:13.3100385Z"},"nsu=http://opcfoundation.org/UA/Plc/Applications;s=RandomSignedInt32":{"Value":1966671130,"SourceTimestamp":"2024-04-27T17:54:13.3100688Z","ServerTimestamp":"2024-04-27T17:54:13.3100699Z"},"nsu=http://opcfoundation.org/UA/Plc/Applications;s=RandomUnsignedInt32":{"Value":1617849571,"SourceTimestamp":"2024-04-27T17:54:13.3100699Z","ServerTimestamp":"2024-04-27T17:54:13.3100747Z"},"nsu=http://opcfoundation.org/UA/Plc/Applications;s=DipData":{"Value":99.80267284282715,"SourceTimestamp":"2024-04-27T17:54:13.3100847Z","ServerTimestamp":"2024-04-27T17:54:13.3100886Z"},"nsu=http://opcfoundation.org/UA/Plc/Applications;s=FastUIntScalar1":{"Value":23,"SourceTimestamp":"2024-04-27T17:54:12.5081986Z","ServerTimestamp":"2024-04-27T17:54:12.5082024Z"},"nsu=http://opcfoundation.org/UA/Plc/Applications;s=FastUIntScalar2":{"Value":23,"SourceTimestamp":"2024-04-27T17:54:12.5082047Z","ServerTimestamp":"2024-04-27T17:54:12.5082055Z"},"nsu=http://opcfoundation.org/UA/Plc/Applications;s=FastUIntScalar3":{"Value":23,"SourceTimestamp":"2024-04-27T17:54:12.5082067Z","ServerTimestamp":"2024-04-27T17:54:12.5082077Z"},"nsu=http://opcfoundation.org/UA/Plc/Applications;s=FastRandomUIntScalar1":{"Value":431315289,"SourceTimestamp":"2024-04-27T17:54:12.5081988Z","ServerTimestamp":"2024-04-27T17:54:12.5082Z"},"nsu=http://opcfoundation.org/UA/Plc/Applications;s=FastRandomUIntScalar2":{"Value":2689441644,"SourceTimestamp":"2024-04-27T17:54:12.5082026Z","ServerTimestamp":"2024-04-27T17:54:12.5082045Z"},"nsu=http://opcfoundation.org/UA/Plc/Applications;s=FastRandomUIntScalar3":{"Value":2498786594,"SourceTimestamp":"2024-04-27T17:54:12.5082056Z","ServerTimestamp":"2024-04-27T17:54:12.5082069Z"},"nsu=http://opcfoundation.org/UA/Plc/Applications;s=SpikeData":{"Value":99.80267284282715,"SourceTimestamp":"2024-04-27T17:54:13.3100942Z","ServerTimestamp":"2024-04-27T17:54:13.3101051Z"}}]