[{"nsu=http://opcfoundation.org/UA/Plc/Applications;s=StepUp":{"Value":269,"SourceTimestamp":"2024-04-27T17:54:16.4147854Z","ServerTimestamp":"2024-04-27T17:54:16.4147859Z"},"nsu=http://opcfoundation.org/UA/Plc/Applications;s=RandomSignedInt32":{"Value":-874854694,"SourceTimestamp":"2024-04-27T17:54:16.4147263Z","ServerTimestamp":"2024-04-27T17:54:16.4147297Z"},"nsu=http://opcfoundation.org/UA/Plc/Applications;s=RandomUnsignedInt32":{"Value":403199939,"SourceTimestamp":"2024-04-27T17:54:16.4147486Z","ServerTimestamp":"2024-04-27T17:54:16.4147492Z"},"nsu=http://opcfoundation.org/UA/Plc/Applications;s=DipData":{"Value":-77.051324277578942,"SourceTimestamp":"2024-04-27T17:54:16.4147995Z","ServerTimestamp":"2024-04-27T17:54:16.4148002Z"},"nsu=http://opcfoundation.org/UA/Plc/Applications;s=FastUIntScalar1":{"Value":26,"SourceTimestamp":"2024-04-27T17:54:15.5167249Z","ServerTimestamp":"2024-04-27T17:54:15.5167291Z"},"nsu=http://opcfoundation.org/UA/Plc/Applications;s=FastUIntScalar2":{"Value":26,"SourceTimestamp":"2024-04-27T17:54:15.5167387Z","ServerTimestamp":"2024-04-27T17:54:15.5167395Z"},"nsu=http://opcfoundation.org/UA/Plc/Applications;s=FastUIntScalar3":{"Value":26,"SourceTimestamp":"2024-04-27T17:54:15.5167419Z","ServerTimestamp":"2024-04-27T17:54:15.5167435Z"},"nsu=http://opcfoundation.org/UA/Plc/Applications;s=FastRandomUIntScalar1":{"Value":3790753627,"SourceTimestamp":"2024-04-27T17:54:15.5167208Z","ServerTimestamp":"2024-04-27T17:54:15.5167509Z"},"nsu=http://opcfoundation.org/UA/Plc/Applications;s=FastRandomUIntScalar2":{"Value":443168020,"SourceTimestamp":"2024-04-27T17:54:15.5167556Z","ServerTimestamp":"2024-04-27T17:54:15.5167568Z"},"nsu=http://opcfoundation.org/UA/Plc/Applications;s=FastRandomUIntScalar3":{"Value":1401062526,"SourceTimestamp":"2024-04-27T17:54:15.5167576Z","ServerTimestamp":"2024-04-27T17:54:15.5167605Z"},"nsu=http://opcfoundation.org/UA/Plc/Applications;s=SpikeData":{"Value":-77.051324277578942,"SourceTimestamp":"2024-04-27T17:54:16.4147819Z","ServerTimestamp":"2024-04-27T17:54:16.4147826Z"}}]