[{"nsu=http://opcfoundation.org/UA/Plc/Applications;s=StepUp":{"Value":28,"SourceTimestamp":"2024-04-27T17:53:52.3186283Z","ServerTimestamp":"2024-04-27T17:53:52.31863Z"},"nsu=http://opcfoundation.org/UA/Plc/Applications;s=RandomSignedInt32":{"Value":-1219356036,"SourceTimestamp":"2024-04-27T17:53:52.3186203Z","ServerTimestamp":"2024-04-27T17:53:52.3186223Z"},"nsu=http://opcfoundation.org/UA/Plc/Applications;s=RandomUnsignedInt32":{"Value":1575746711,"SourceTimestamp":"2024-04-27T17:53:52.3186327Z","ServerTimestamp":"2024-04-27T17:53:52.3186363Z"},"nsu=http://opcfoundation.org/UA/Plc/Applications;s=DipData":{"Value":24.868988716485482,"SourceTimestamp":"2024-04-27T17:53:52.3186476Z","ServerTimestamp":"2024-04-27T17:53:52.3186498Z"},"nsu=http://opcfoundation.org/UA/Plc/Applications;s=FastUIntScalar1":{"Value":2,"SourceTimestamp":"2024-04-27T17:53:51.5135475Z","ServerTimestamp":"2024-04-27T17:53:51.5135483Z"},"nsu=http://opcfoundation.org/UA/Plc/Applications;s=FastUIntScalar2":{"Value":2,"SourceTimestamp":"2024-04-27T17:53:51.5135519Z","ServerTimestamp":"2024-04-27T17:53:51.5135523Z"},"nsu=http://opcfoundation.org/UA/Plc/Applications;s=FastUIntScalar3":{"Value":2,"SourceTimestamp":"2024-04-27T17:53:51.5135533Z","ServerTimestamp":"2024-04-27T17:53:51.5135811Z"},"nsu=http://opcfoundation.org/UA/Plc/Applications;s=FastRandomUIntScalar1":{"Value":4271474969,"SourceTimestamp":"2024-04-27T17:53:51.5135589Z","ServerTimestamp":"2024-04-27T17:53:51.5135603Z"},"nsu=http://opcfoundation.org/UA/Plc/Applications;s=FastRandomUIntScalar2":{"Value":807731058,"SourceTimestamp":"2024-04-27T17:53:51.5135687Z","ServerTimestamp":"2024-04-27T17:53:51.5135694Z"},"nsu=http://opcfoundation.org/UA/Plc/Applications;s=FastRandomUIntScalar3":{"Value":3453267200,"SourceTimestamp":"2024-04-27T17:53:51.5135708Z","ServerTimestamp":"2024-04-27T17:53:51.5135718Z"},"nsu=http://opcfoundation.org/UA/Plc/Applications;s=SpikeData":{"Value":24.868988716485482,"SourceTimestamp":"2024-04-27T17:53:52.3186476Z","ServerTimestamp":"2024-04-27T17:53:52.3186484Z"}}]