[{"nsu=http://opcfoundation.org/UA/Plc/Applications;s=StepUp":{"Value":368,"SourceTimestamp":"2024-04-27T17:54:26.3165532Z","ServerTimestamp":"2024-04-27T17:54:26.3165603Z"},"nsu=http://opcfoundation.org/UA/Plc/Applications;s=RandomSignedInt32":{"Value":1685991564,"SourceTimestamp":"2024-04-27T17:54:26.316551Z","ServerTimestamp":"2024-04-27T17:54:26.3165531Z"},"nsu=http://opcfoundation.org/UA/Plc/Applications;s=RandomUnsignedInt32":{"Value":1472126565,"SourceTimestamp":"2024-04-27T17:54:26.3165627Z","ServerTimestamp":"2024-04-27T17:54:26.316564Z"},"nsu=http://opcfoundation.org/UA/Plc/Applications;s=DipData":{"Value":-84.432792550201526,"SourceTimestamp":"2024-04-27T17:54:26.3165715Z","ServerTimestamp":"2024-04-27T17:54:26.3165722Z"},"nsu=http://opcfoundation.org/UA/Plc/Applications;s=FastUIntScalar1":{"Value":36,"SourceTimestamp":"2024-04-27T17:54:25.5081984Z","ServerTimestamp":"2024-04-27T17:54:25.5082254Z"},"nsu=http://opcfoundation.org/UA/Plc/Applications;s=FastUIntScalar2":{"Value":36,"SourceTimestamp":"2024-04-27T17:54:25.5082374Z","ServerTimestamp":"2024-04-27T17:54:25.508238Z"},"nsu=http://opcfoundation.org/UA/Plc/Applications;s=FastUIntScalar3":{"Value":36,"SourceTimestamp":"2024-04-27T17:54:25.5082394Z","ServerTimestamp":"2024-04-27T17:54:25.5082408Z"},"nsu=http://opcfoundation.org/UA/Plc/Applications;s=FastRandomUIntScalar1":{"Value":1697313037,"SourceTimestamp":"2024-04-27T17:54:25.5082024Z","ServerTimestamp":"2024-04-27T17:54:25.5082499Z"},"nsu=http://opcfoundation.org/UA/Plc/Applications;s=FastRandomUIntScalar2":{"Value":3197788594,"SourceTimestamp":"2024-04-27T17:54:25.5082672Z","ServerTimestamp":"2024-04-27T17:54:25.5082692Z"},"nsu=http://opcfoundation.org/UA/Plc/Applications;s=FastRandomUIntScalar3":{"Value":415262393,"SourceTimestamp":"2024-04-27T17:54:25.5082714Z","ServerTimestamp":"2024-04-27T17:54:25.508275Z"},"nsu=http://opcfoundation.org/UA/Plc/Applications;s=SpikeData":{"Value":-84.432792550201526,"SourceTimestamp":"2024-04-27T17:54:26.3165876Z","ServerTimestamp":"2024-04-27T17:54:26.3165892Z"}}]