[{"nsu=http://opcfoundation.org/UA/Plc/Applications;s=StepUp":{"Value":378,"SourceTimestamp":"2024-04-27T17:54:27.3058521Z","ServerTimestamp":"2024-04-27T17:54:27.3058527Z"},"nsu=http://opcfoundation.org/UA/Plc/Applications;s=RandomSignedInt32":{"Value":-317271455,"SourceTimestamp":"2024-04-27T17:54:27.3058387Z","ServerTimestamp":"2024-04-27T17:54:27.3058408Z"},"nsu=http://opcfoundation.org/UA/Plc/Applications;s=RandomUnsignedInt32":{"Value":598403764,"SourceTimestamp":"2024-04-27T17:54:27.3058675Z","ServerTimestamp":"2024-04-27T17:54:27.3058734Z"},"nsu=http://opcfoundation.org/UA/Plc/Applications;s=DipData":{"Value":24.868988716485482,"SourceTimestamp":"2024-04-27T17:54:27.3058663Z","ServerTimestamp":"2024-04-27T17:54:27.3058671Z"},"nsu=http://opcfoundation.org/UA/Plc/Applications;s=FastUIntScalar1":{"Value":37,"SourceTimestamp":"2024-04-27T17:54:26.5174159Z","ServerTimestamp":"2024-04-27T17:54:26.5174204Z"},"nsu=http://opcfoundation.org/UA/Plc/Applications;s=FastUIntScalar2":{"Value":37,"SourceTimestamp":"2024-04-27T17:54:26.5174269Z","ServerTimestamp":"2024-04-27T17:54:26.5174308Z"},"nsu=http://opcfoundation.org/UA/Plc/Applications;s=FastUIntScalar3":{"Value":37,"SourceTimestamp":"2024-04-27T17:54:26.5174319Z","ServerTimestamp":"2024-04-27T17:54:26.5174394Z"},"nsu=http://opcfoundation.org/UA/Plc/Applications;s=FastRandomUIntScalar1":{"Value":1208281791,"SourceTimestamp":"2024-04-27T17:54:26.5174218Z","ServerTimestamp":"2024-04-27T17:54:26.5174269Z"},"nsu=http://opcfoundation.org/UA/Plc/Applications;s=FastRandomUIntScalar2":{"Value":1067261204,"SourceTimestamp":"2024-04-27T17:54:26.5174309Z","ServerTimestamp":"2024-04-27T17:54:26.5174411Z"},"nsu=http://opcfoundation.org/UA/Plc/Applications;s=FastRandomUIntScalar3":{"Value":2431665583,"SourceTimestamp":"2024-04-27T17:54:26.5174427Z","ServerTimestamp":"2024-04-27T17:54:26.5174436Z"},"nsu=http://opcfoundation.org/UA/Plc/Applications;s=SpikeData":{"Value":24.868988716485482,"SourceTimestamp":"2024-04-27T17:54:27.3058682Z","ServerTimestamp":"2024-04-27T17:54:27.3058699Z"}}]