[{"nsu=http://opcfoundation.org/UA/Plc/Applications;s=StepUp":{"Value":418,"SourceTimestamp":"2024-04-27T17:54:31.3074549Z","ServerTimestamp":"2024-04-27T17:54:31.3074678Z"},"nsu=http://opcfoundation.org/UA/Plc/Applications;s=RandomSignedInt32":{"Value":768986617,"SourceTimestamp":"2024-04-27T17:54:31.3074093Z","ServerTimestamp":"2024-04-27T17:54:31.3074122Z"},"nsu=http://opcfoundation.org/UA/Plc/Applications;s=RandomUnsignedInt32":{"Value":437223644,"SourceTimestamp":"2024-04-27T17:54:31.307415Z","ServerTimestamp":"2024-04-27T17:54:31.3074567Z"},"nsu=http://opcfoundation.org/UA/Plc/Applications;s=DipData":{"Value":-84.432792550201526,"SourceTimestamp":"2024-04-27T17:54:31.3074259Z","ServerTimestamp":"2024-04-27T17:54:31.3074912Z"},"nsu=http://opcfoundation.org/UA/Plc/Applications;s=FastUIntScalar1":{"Value":41,"SourceTimestamp":"2024-04-27T17:54:30.514121Z","ServerTimestamp":"2024-04-27T17:54:30.5141342Z"},"nsu=http://opcfoundation.org/UA/Plc/Applications;s=FastUIntScalar2":{"Value":41,"SourceTimestamp":"2024-04-27T17:54:30.5141447Z","ServerTimestamp":"2024-04-27T17:54:30.514146Z"},"nsu=http://opcfoundation.org/UA/Plc/Applications;s=FastUIntScalar3":{"Value":41,"SourceTimestamp":"2024-04-27T17:54:30.5141482Z","ServerTimestamp":"2024-04-27T17:54:30.5141492Z"},"nsu=http://opcfoundation.org/UA/Plc/Applications;s=FastRandomUIntScalar1":{"Value":2528632555,"SourceTimestamp":"2024-04-27T17:54:30.5141558Z","ServerTimestamp":"2024-04-27T17:54:30.5141584Z"},"nsu=http://opcfoundation.org/UA/Plc/Applications;s=FastRandomUIntScalar2":{"Value":3177404438,"SourceTimestamp":"2024-04-27T17:54:30.5141691Z","ServerTimestamp":"2024-04-27T17:54:30.5141728Z"},"nsu=http://opcfoundation.org/UA/Plc/Applications;s=FastRandomUIntScalar3":{"Value":850721434,"SourceTimestamp":"2024-04-27T17:54:30.5141764Z","ServerTimestamp":"2024-04-27T17:54:30.514179Z"},"nsu=http://opcfoundation.org/UA/Plc/Applications;s=SpikeData":{"Value":-84.432792550201526,"SourceTimestamp":"2024-04-27T17:54:31.3074456Z","ServerTimestamp":"2024-04-27T17:54:31.3074463Z"}}]