[{"nsu=http://opcfoundation.org/UA/Plc/Applications;s=StepUp":{"Value":458,"SourceTimestamp":"2024-04-27T17:54:35.3081769Z","ServerTimestamp":"2024-04-27T17:54:35.3081851Z"},"nsu=http://opcfoundation.org/UA/Plc/Applications;s=AlternatingBoolean":{"Value":false,"SourceTimestamp":"2024-04-27T17:54:34.6068947Z","ServerTimestamp":"2024-04-27T17:54:34.6069557Z"},"nsu=http://opcfoundation.org/UA/Plc/Applications;s=RandomSignedInt32":{"Value":810422039,"SourceTimestamp":"2024-04-27T17:54:35.3081665Z","ServerTimestamp":"2024-04-27T17:54:35.3081778Z"},"nsu=http://opcfoundation.org/UA/Plc/Applications;s=RandomUnsignedInt32":{"Value":854237474,"SourceTimestamp":"2024-04-27T17:54:35.3081907Z","ServerTimestamp":"2024-04-27T17:54:35.3082224Z"},"nsu=http://opcfoundation.org/UA/Plc/Applications;s=DipData":{"Value":-77.0513242775789,"SourceTimestamp":"2024-04-27T17:54:35.3081946Z","ServerTimestamp":"2024-04-27T17:54:35.3082332Z"},"nsu=http://opcfoundation.org/UA/Plc/Applications;s=FastUIntScalar1":{"Value":45,"SourceTimestamp":"2024-04-27T17:54:34.513208Z","ServerTimestamp":"2024-04-27T17:54:34.5132136Z"},"nsu=http://opcfoundation.org/UA/Plc/Applications;s=FastUIntScalar2":{"Value":45,"SourceTimestamp":"2024-04-27T17:54:34.513223Z","ServerTimestamp":"2024-04-27T17:54:34.5132235Z"},"nsu=http://opcfoundation.org/UA/Plc/Applications;s=FastUIntScalar3":{"Value":45,"SourceTimestamp":"2024-04-27T17:54:34.5132329Z","ServerTimestamp":"2024-04-27T17:54:34.5132334Z"},"nsu=http://opcfoundation.org/UA/Plc/Applications;s=FastRandomUIntScalar1":{"Value":3338861760,"SourceTimestamp":"2024-04-27T17:54:34.5132095Z","ServerTimestamp":"2024-04-27T17:54:34.5132438Z"},"nsu=http://opcfoundation.org/UA/Plc/Applications;s=FastRandomUIntScalar2":{"Value":3059032441,"SourceTimestamp":"2024-04-27T17:54:34.5132572Z","ServerTimestamp":"2024-04-27T17:54:34.5132633Z"},"nsu=http://opcfoundation.org/UA/Plc/Applications;s=FastRandomUIntScalar3":{"Value":3668078609,"SourceTimestamp":"2024-04-27T17:54:34.5132645Z","ServerTimestamp":"2024-04-27T17:54:34.5132656Z"},"nsu=http://opcfoundation.org/UA/Plc/Applications;s=NegativeTrendData":{"Value":99.299999999999997,"SourceTimestamp":"2024-04-27T17:54:34.6069322Z","ServerTimestamp":"2024-04-27T17:54:34.606933Z"},"nsu=http://opcfoundation.org/UA/Plc/Applications;s=PositiveTrendData":{"Value":100.2,"SourceTimestamp":"2024-04-27T17:54:34.6069421Z","ServerTimestamp":"2024-04-27T17:54:34.6069434Z"},"nsu=http://opcfoundation.org/UA/Plc/Applications;s=SpikeData":{"Value":1000,"SourceTimestamp":"2024-04-27T17:54:35.3082338Z","ServerTimestamp":"2024-04-27T17:54:35.30824Z"}}]