[{"nsu=http://opcfoundation.org/UA/Plc/Applications;s=StepUp":{"Value":468,"SourceTimestamp":"2024-04-27T17:54:36.314802Z","ServerTimestamp":"2024-04-27T17:54:36.3148057Z"},"nsu=http://opcfoundation.org/UA/Plc/Applications;s=RandomSignedInt32":{"Value":2045846363,"SourceTimestamp":"2024-04-27T17:54:36.3147973Z","ServerTimestamp":"2024-04-27T17:54:36.3147991Z"},"nsu=http://opcfoundation.org/UA/Plc/Applications;s=RandomUnsignedInt32":{"Value":1759336957,"SourceTimestamp":"2024-04-27T17:54:36.3148144Z","ServerTimestamp":"2024-04-27T17:54:36.314818Z"},"nsu=http://opcfoundation.org/UA/Plc/Applications;s=DipData":{"Value":-84.432792550201526,"SourceTimestamp":"2024-04-27T17:54:36.3148146Z","ServerTimestamp":"2024-04-27T17:54:36.3148151Z"},"nsu=http://opcfoundation.org/UA/Plc/Applications;s=FastUIntScalar1":{"Value":46,"SourceTimestamp":"2024-04-27T17:54:35.5098331Z","ServerTimestamp":"2024-04-27T17:54:35.5098449Z"},"nsu=http://opcfoundation.org/UA/Plc/Applications;s=FastUIntScalar2":{"Value":46,"SourceTimestamp":"2024-04-27T17:54:35.5098479Z","ServerTimestamp":"2024-04-27T17:54:35.5098489Z"},"nsu=http://opcfoundation.org/UA/Plc/Applications;s=FastUIntScalar3":{"Value":46,"SourceTimestamp":"2024-04-27T17:54:35.5098504Z","ServerTimestamp":"2024-04-27T17:54:35.5098517Z"},"nsu=http://opcfoundation.org/UA/Plc/Applications;s=FastRandomUIntScalar1":{"Value":134899522,"SourceTimestamp":"2024-04-27T17:54:35.5098336Z","ServerTimestamp":"2024-04-27T17:54:35.5098389Z"},"nsu=http://opcfoundation.org/UA/Plc/Applications;s=FastRandomUIntScalar2":{"Value":503701492,"SourceTimestamp":"2024-04-27T17:54:35.5098443Z","ServerTimestamp":"2024-04-27T17:54:35.5098478Z"},"nsu=http://opcfoundation.org/UA/Plc/Applications;s=FastRandomUIntScalar3":{"Value":3191635744,"SourceTimestamp":"2024-04-27T17:54:35.5098489Z","ServerTimestamp":"2024-04-27T17:54:35.5098507Z"},"nsu=http://opcfoundation.org/UA/Plc/Applications;s=SpikeData":{"Value":-84.432792550201526,"SourceTimestamp":"2024-04-27T17:54:36.3148181Z","ServerTimestamp":"2024-04-27T17:54:36.3148213Z"}}]