[{"nsu=http://opcfoundation.org/UA/Plc/Applications;s=StepUp":{"Value":478,"SourceTimestamp":"2024-04-27T17:54:37.3070441Z","ServerTimestamp":"2024-04-27T17:54:37.3070447Z"},"nsu=http://opcfoundation.org/UA/Plc/Applications;s=RandomSignedInt32":{"Value":1478612021,"SourceTimestamp":"2024-04-27T17:54:37.3070123Z","ServerTimestamp":"2024-04-27T17:54:37.3070153Z"},"nsu=http://opcfoundation.org/UA/Plc/Applications;s=RandomUnsignedInt32":{"Value":890553092,"SourceTimestamp":"2024-04-27T17:54:37.3070286Z","ServerTimestamp":"2024-04-27T17:54:37.3070328Z"},"nsu=http://opcfoundation.org/UA/Plc/Applications;s=DipData":{"Value":24.868988716485482,"SourceTimestamp":"2024-04-27T17:54:37.3070424Z","ServerTimestamp":"2024-04-27T17:54:37.307052Z"},"nsu=http://opcfoundation.org/UA/Plc/Applications;s=FastUIntScalar1":{"Value":47,"SourceTimestamp":"2024-04-27T17:54:36.5188111Z","ServerTimestamp":"2024-04-27T17:54:36.5188197Z"},"nsu=http://opcfoundation.org/UA/Plc/Applications;s=FastUIntScalar2":{"Value":47,"SourceTimestamp":"2024-04-27T17:54:36.5188244Z","ServerTimestamp":"2024-04-27T17:54:36.5188289Z"},"nsu=http://opcfoundation.org/UA/Plc/Applications;s=FastUIntScalar3":{"Value":47,"SourceTimestamp":"2024-04-27T17:54:36.5188305Z","ServerTimestamp":"2024-04-27T17:54:36.5188327Z"},"nsu=http://opcfoundation.org/UA/Plc/Applications;s=FastRandomUIntScalar1":{"Value":4181502446,"SourceTimestamp":"2024-04-27T17:54:36.5188064Z","ServerTimestamp":"2024-04-27T17:54:36.5188145Z"},"nsu=http://opcfoundation.org/UA/Plc/Applications;s=FastRandomUIntScalar2":{"Value":2786051807,"SourceTimestamp":"2024-04-27T17:54:36.5188197Z","ServerTimestamp":"2024-04-27T17:54:36.5188243Z"},"nsu=http://opcfoundation.org/UA/Plc/Applications;s=FastRandomUIntScalar3":{"Value":3514123111,"SourceTimestamp":"2024-04-27T17:54:36.5188263Z","ServerTimestamp":"2024-04-27T17:54:36.5188306Z"},"nsu=http://opcfoundation.org/UA/Plc/Applications;s=SpikeData":{"Value":24.868988716485482,"SourceTimestamp":"2024-04-27T17:54:37.3070423Z","ServerTimestamp":"2024-04-27T17:54:37.3070466Z"}}]