[{"nsu=http://opcfoundation.org/UA/Plc/Applications;s=StepUp":{"Value":518,"SourceTimestamp":"2024-04-27T17:54:41.3167146Z","ServerTimestamp":"2024-04-27T17:54:41.3167199Z"},"nsu=http://opcfoundation.org/UA/Plc/Applications;s=RandomSignedInt32":{"Value":-1236334771,"SourceTimestamp":"2024-04-27T17:54:41.409537Z","ServerTimestamp":"2024-04-27T17:54:41.409541Z"},"nsu=http://opcfoundation.org/UA/Plc/Applications;s=RandomUnsignedInt32":{"Value":2015385107,"SourceTimestamp":"2024-04-27T17:54:41.3167208Z","ServerTimestamp":"2024-04-27T17:54:41.3167294Z"},"nsu=http://opcfoundation.org/UA/Plc/Applications;s=DipData":{"Value":-84.432792550201526,"SourceTimestamp":"2024-04-27T17:54:41.3167291Z","ServerTimestamp":"2024-04-27T17:54:41.316742Z"},"nsu=http://opcfoundation.org/UA/Plc/Applications;s=FastUIntScalar1":{"Value":51,"SourceTimestamp":"2024-04-27T17:54:40.5103049Z","ServerTimestamp":"2024-04-27T17:54:40.5103083Z"},"nsu=http://opcfoundation.org/UA/Plc/Applications;s=FastUIntScalar2":{"Value":51,"SourceTimestamp":"2024-04-27T17:54:40.5103207Z","ServerTimestamp":"2024-04-27T17:54:40.5103349Z"},"nsu=http://opcfoundation.org/UA/Plc/Applications;s=FastUIntScalar3":{"Value":51,"SourceTimestamp":"2024-04-27T17:54:40.5103377Z","ServerTimestamp":"2024-04-27T17:54:40.51034Z"},"nsu=http://opcfoundation.org/UA/Plc/Applications;s=FastRandomUIntScalar1":{"Value":2981296483,"SourceTimestamp":"2024-04-27T17:54:40.5103085Z","ServerTimestamp":"2024-04-27T17:54:40.5103317Z"},"nsu=http://opcfoundation.org/UA/Plc/Applications;s=FastRandomUIntScalar2":{"Value":907339533,"SourceTimestamp":"2024-04-27T17:54:40.5103347Z","ServerTimestamp":"2024-04-27T17:54:40.510338Z"},"nsu=http://opcfoundation.org/UA/Plc/Applications;s=FastRandomUIntScalar3":{"Value":3016732920,"SourceTimestamp":"2024-04-27T17:54:40.5103401Z","ServerTimestamp":"2024-04-27T17:54:40.5103422Z"},"nsu=http://opcfoundation.org/UA/Plc/Applications;s=SpikeData":{"Value":-84.432792550201526,"SourceTimestamp":"2024-04-27T17:54:41.316736Z","ServerTimestamp":"2024-04-27T17:54:41.3167367Z"}}]