[{"nsu=http://opcfoundation.org/UA/Plc/Applications;s=StepUp":{"Value":598,"SourceTimestamp":"2024-04-27T17:54:49.3056158Z","ServerTimestamp":"2024-04-27T17:54:49.3056204Z"},"nsu=http://opcfoundation.org/UA/Plc/Applications;s=RandomSignedInt32":{"Value":-1410280641,"SourceTimestamp":"2024-04-27T17:54:49.305666Z","ServerTimestamp":"2024-04-27T17:54:49.3056706Z"},"nsu=http://opcfoundation.org/UA/Plc/Applications;s=RandomUnsignedInt32":{"Value":90890598,"SourceTimestamp":"2024-04-27T17:54:49.3057105Z","ServerTimestamp":"2024-04-27T17:54:49.3057137Z"},"nsu=http://opcfoundation.org/UA/Plc/Applications;s=DipData":{"Value":36.812455268467801,"SourceTimestamp":"2024-04-27T17:54:49.3056844Z","ServerTimestamp":"2024-04-27T17:54:49.3056859Z"},"nsu=http://opcfoundation.org/UA/Plc/Applications;s=FastUIntScalar1":{"Value":59,"SourceTimestamp":"2024-04-27T17:54:48.5191072Z","ServerTimestamp":"2024-04-27T17:54:48.5191311Z"},"nsu=http://opcfoundation.org/UA/Plc/Applications;s=FastUIntScalar2":{"Value":59,"SourceTimestamp":"2024-04-27T17:54:48.5191462Z","ServerTimestamp":"2024-04-27T17:54:48.519162Z"},"nsu=http://opcfoundation.org/UA/Plc/Applications;s=FastUIntScalar3":{"Value":59,"SourceTimestamp":"2024-04-27T17:54:48.5191648Z","ServerTimestamp":"2024-04-27T17:54:48.5191689Z"},"nsu=http://opcfoundation.org/UA/Plc/Applications;s=FastRandomUIntScalar1":{"Value":3717616648,"SourceTimestamp":"2024-04-27T17:54:48.5191382Z","ServerTimestamp":"2024-04-27T17:54:48.5191475Z"},"nsu=http://opcfoundation.org/UA/Plc/Applications;s=FastRandomUIntScalar2":{"Value":2023207949,"SourceTimestamp":"2024-04-27T17:54:48.5191621Z","ServerTimestamp":"2024-04-27T17:54:48.5191655Z"},"nsu=http://opcfoundation.org/UA/Plc/Applications;s=FastRandomUIntScalar3":{"Value":1383533016,"SourceTimestamp":"2024-04-27T17:54:48.5191682Z","ServerTimestamp":"2024-04-27T17:54:48.5191719Z"},"nsu=http://opcfoundation.org/UA/Plc/Applications;s=SpikeData":{"Value":36.812455268467801,"SourceTimestamp":"2024-04-27T17:54:49.3057004Z","ServerTimestamp":"2024-04-27T17:54:49.3057077Z"}}]