[{"nsu=http://opcfoundation.org/UA/Plc/Applications;s=StepUp":{"Value":628,"SourceTimestamp":"2024-04-27T17:54:52.3076692Z","ServerTimestamp":"2024-04-27T17:54:52.3076708Z"},"nsu=http://opcfoundation.org/UA/Plc/Applications;s=RandomSignedInt32":{"Value":1937402458,"SourceTimestamp":"2024-04-27T17:54:52.3076591Z","ServerTimestamp":"2024-04-27T17:54:52.3076615Z"},"nsu=http://opcfoundation.org/UA/Plc/Applications;s=RandomUnsignedInt32":{"Value":2138134669,"SourceTimestamp":"2024-04-27T17:54:52.3076715Z","ServerTimestamp":"2024-04-27T17:54:52.3076945Z"},"nsu=http://opcfoundation.org/UA/Plc/Applications;s=DipData":{"Value":24.868988716485482,"SourceTimestamp":"2024-04-27T17:54:52.3076877Z","ServerTimestamp":"2024-04-27T17:54:52.3076885Z"},"nsu=http://opcfoundation.org/UA/Plc/Applications;s=FastUIntScalar1":{"Value":62,"SourceTimestamp":"2024-04-27T17:54:51.5135183Z","ServerTimestamp":"2024-04-27T17:54:51.513519Z"},"nsu=http://opcfoundation.org/UA/Plc/Applications;s=FastUIntScalar2":{"Value":62,"SourceTimestamp":"2024-04-27T17:54:51.5135206Z","ServerTimestamp":"2024-04-27T17:54:51.5135211Z"},"nsu=http://opcfoundation.org/UA/Plc/Applications;s=FastUIntScalar3":{"Value":62,"SourceTimestamp":"2024-04-27T17:54:51.513522Z","ServerTimestamp":"2024-04-27T17:54:51.513529Z"},"nsu=http://opcfoundation.org/UA/Plc/Applications;s=FastRandomUIntScalar1":{"Value":1741523749,"SourceTimestamp":"2024-04-27T17:54:51.5135212Z","ServerTimestamp":"2024-04-27T17:54:51.5135228Z"},"nsu=http://opcfoundation.org/UA/Plc/Applications;s=FastRandomUIntScalar2":{"Value":2742094384,"SourceTimestamp":"2024-04-27T17:54:51.5135291Z","ServerTimestamp":"2024-04-27T17:54:51.5135331Z"},"nsu=http://opcfoundation.org/UA/Plc/Applications;s=FastRandomUIntScalar3":{"Value":564530593,"SourceTimestamp":"2024-04-27T17:54:51.5135341Z","ServerTimestamp":"2024-04-27T17:54:51.5135351Z"},"nsu=http://opcfoundation.org/UA/Plc/Applications;s=SpikeData":{"Value":24.868988716485482,"SourceTimestamp":"2024-04-27T17:54:52.3077008Z","ServerTimestamp":"2024-04-27T17:54:52.3077019Z"}}]