[{"nsu=http://opcfoundation.org/UA/Plc/Applications;s=StepUp":{"Value":778,"SourceTimestamp":"2024-04-27T17:55:07.3154811Z","ServerTimestamp":"2024-04-27T17:55:07.315488Z"},"nsu=http://opcfoundation.org/UA/Plc/Applications;s=RandomSignedInt32":{"Value":-1463712085,"SourceTimestamp":"2024-04-27T17:55:07.3154783Z","ServerTimestamp":"2024-04-27T17:55:07.3154805Z"},"nsu=http://opcfoundation.org/UA/Plc/Applications;s=RandomUnsignedInt32":{"Value":1491493402,"SourceTimestamp":"2024-04-27T17:55:07.3154955Z","ServerTimestamp":"2024-04-27T17:55:07.3154967Z"},"nsu=http://opcfoundation.org/UA/Plc/Applications;s=DipData":{"Value":24.868988716485482,"SourceTimestamp":"2024-04-27T17:55:07.3155044Z","ServerTimestamp":"2024-04-27T17:55:07.3155062Z"},"nsu=http://opcfoundation.org/UA/Plc/Applications;s=FastUIntScalar1":{"Value":77,"SourceTimestamp":"2024-04-27T17:55:06.5113523Z","ServerTimestamp":"2024-04-27T17:55:06.5113705Z"},"nsu=http://opcfoundation.org/UA/Plc/Applications;s=FastUIntScalar2":{"Value":77,"SourceTimestamp":"2024-04-27T17:55:06.5113755Z","ServerTimestamp":"2024-04-27T17:55:06.5113762Z"},"nsu=http://opcfoundation.org/UA/Plc/Applications;s=FastUIntScalar3":{"Value":77,"SourceTimestamp":"2024-04-27T17:55:06.5113774Z","ServerTimestamp":"2024-04-27T17:55:06.5113783Z"},"nsu=http://opcfoundation.org/UA/Plc/Applications;s=FastRandomUIntScalar1":{"Value":2737010702,"SourceTimestamp":"2024-04-27T17:55:06.5113528Z","ServerTimestamp":"2024-04-27T17:55:06.5113634Z"},"nsu=http://opcfoundation.org/UA/Plc/Applications;s=FastRandomUIntScalar2":{"Value":1024776375,"SourceTimestamp":"2024-04-27T17:55:06.5113662Z","ServerTimestamp":"2024-04-27T17:55:06.5113668Z"},"nsu=http://opcfoundation.org/UA/Plc/Applications;s=FastRandomUIntScalar3":{"Value":1736931443,"SourceTimestamp":"2024-04-27T17:55:06.511368Z","ServerTimestamp":"2024-04-27T17:55:06.5113686Z"},"nsu=http://opcfoundation.org/UA/Plc/Applications;s=SpikeData":{"Value":24.868988716485482,"SourceTimestamp":"2024-04-27T17:55:07.3155092Z","ServerTimestamp":"2024-04-27T17:55:07.3155102Z"}}]