[{"nsu=http://opcfoundation.org/UA/Plc/Applications;s=StepUp":{"Value":78,"SourceTimestamp":"2024-04-27T17:53:57.3095935Z","ServerTimestamp":"2024-04-27T17:53:57.3096096Z"},"nsu=http://opcfoundation.org/UA/Plc/Applications;s=RandomSignedInt32":{"Value":-1684814522,"SourceTimestamp":"2024-04-27T17:53:57.3095675Z","ServerTimestamp":"2024-04-27T17:53:57.3095709Z"},"nsu=http://opcfoundation.org/UA/Plc/Applications;s=RandomUnsignedInt32":{"Value":498093375,"SourceTimestamp":"2024-04-27T17:53:57.3095914Z","ServerTimestamp":"2024-04-27T17:53:57.3095925Z"},"nsu=http://opcfoundation.org/UA/Plc/Applications;s=DipData":{"Value":24.868988716485482,"SourceTimestamp":"2024-04-27T17:53:57.3096137Z","ServerTimestamp":"2024-04-27T17:53:57.3096145Z"},"nsu=http://opcfoundation.org/UA/Plc/Applications;s=FastUIntScalar1":{"Value":7,"SourceTimestamp":"2024-04-27T17:53:56.5071012Z","ServerTimestamp":"2024-04-27T17:53:56.5071048Z"},"nsu=http://opcfoundation.org/UA/Plc/Applications;s=FastUIntScalar2":{"Value":7,"SourceTimestamp":"2024-04-27T17:53:56.5071146Z","ServerTimestamp":"2024-04-27T17:53:56.5071159Z"},"nsu=http://opcfoundation.org/UA/Plc/Applications;s=FastUIntScalar3":{"Value":7,"SourceTimestamp":"2024-04-27T17:53:56.5071186Z","ServerTimestamp":"2024-04-27T17:53:56.5071196Z"},"nsu=http://opcfoundation.org/UA/Plc/Applications;s=FastRandomUIntScalar1":{"Value":22132423,"SourceTimestamp":"2024-04-27T17:53:56.5070829Z","ServerTimestamp":"2024-04-27T17:53:56.5070858Z"},"nsu=http://opcfoundation.org/UA/Plc/Applications;s=FastRandomUIntScalar2":{"Value":2516185076,"SourceTimestamp":"2024-04-27T17:53:56.5070977Z","ServerTimestamp":"2024-04-27T17:53:56.5070986Z"},"nsu=http://opcfoundation.org/UA/Plc/Applications;s=FastRandomUIntScalar3":{"Value":4289952135,"SourceTimestamp":"2024-04-27T17:53:56.5071001Z","ServerTimestamp":"2024-04-27T17:53:56.5071013Z"},"nsu=http://opcfoundation.org/UA/Plc/Applications;s=SpikeData":{"Value":24.868988716485482,"SourceTimestamp":"2024-04-27T17:53:57.3096215Z","ServerTimestamp":"2024-04-27T17:53:57.3096234Z"}}]