[{"nsu=http://opcfoundation.org/UA/Plc/Applications;s=SlowUIntScalar1":{"Value":8,"SourceTimestamp":"2024-04-27T17:55:09.5111885Z","ServerTimestamp":"2024-04-27T17:55:09.5111903Z"},"nsu=http://opcfoundation.org/UA/Plc/Applications;s=SlowUIntScalar2":{"Value":8,"SourceTimestamp":"2024-04-27T17:55:09.5111984Z","ServerTimestamp":"2024-04-27T17:55:09.511199Z"},"nsu=http://opcfoundation.org/UA/Plc/Applications;s=SlowUIntScalar3":{"Value":8,"SourceTimestamp":"2024-04-27T17:55:09.5111999Z","ServerTimestamp":"2024-04-27T17:55:09.5112003Z"},"nsu=http://opcfoundation.org/UA/Plc/Applications;s=BadSlowUIntScalar1":{"Value":8,"StatusCode":{"Symbol":"UncertainLastUsableValue","Code":1083179008},"SourceTimestamp":"2024-04-27T17:55:09.5112015Z","ServerTimestamp":"2024-04-27T17:55:09.5112022Z"},"nsu=http://opcfoundation.org/UA/Plc/Applications;s=SlowRandomUIntScalar1":{"Value":863046599,"SourceTimestamp":"2024-04-27T17:55:09.5112198Z","ServerTimestamp":"2024-04-27T17:55:09.5112234Z"},"nsu=http://opcfoundation.org/UA/Plc/Applications;s=SlowRandomUIntScalar2":{"Value":3421990735,"SourceTimestamp":"2024-04-27T17:55:09.511225Z","ServerTimestamp":"2024-04-27T17:55:09.5112255Z"},"nsu=http://opcfoundation.org/UA/Plc/Applications;s=SlowRandomUIntScalar3":{"Value":3571013296,"SourceTimestamp":"2024-04-27T17:55:09.5112267Z","ServerTimestamp":"2024-04-27T17:55:09.5112273Z"},"nsu=http://opcfoundation.org/UA/Plc/Applications;s=BadSlowRandomUIntScalar1":{"Value":3378862920,"StatusCode":{"Symbol":"UncertainLastUsableValue","Code":1083179008},"SourceTimestamp":"2024-04-27T17:55:09.5112287Z","ServerTimestamp":"2024-04-27T17:55:09.5112332Z"}}]