[{"nsu=http://opcfoundation.org/UA/Plc/Applications;s=StepUp":{"Value":899,"SourceTimestamp":"2024-04-27T17:55:19.4092875Z","ServerTimestamp":"2024-04-27T17:55:19.4092895Z"},"nsu=http://opcfoundation.org/UA/Plc/Applications;s=RandomSignedInt32":{"Value":1082667612,"SourceTimestamp":"2024-04-27T17:55:19.4092633Z","ServerTimestamp":"2024-04-27T17:55:19.409298Z"},"nsu=http://opcfoundation.org/UA/Plc/Applications;s=RandomUnsignedInt32":{"Value":2011259400,"SourceTimestamp":"2024-04-27T17:55:19.4092944Z","ServerTimestamp":"2024-04-27T17:55:19.4093014Z"},"nsu=http://opcfoundation.org/UA/Plc/Applications;s=DipData":{"Value":24.868988716485479,"SourceTimestamp":"2024-04-27T17:55:19.4093106Z","ServerTimestamp":"2024-04-27T17:55:19.4093137Z"},"nsu=http://opcfoundation.org/UA/Plc/Applications;s=FastUIntScalar1":{"Value":89,"SourceTimestamp":"2024-04-27T17:55:18.5097921Z","ServerTimestamp":"2024-04-27T17:55:18.5097949Z"},"nsu=http://opcfoundation.org/UA/Plc/Applications;s=FastUIntScalar2":{"Value":89,"SourceTimestamp":"2024-04-27T17:55:18.5098058Z","ServerTimestamp":"2024-04-27T17:55:18.5098063Z"},"nsu=http://opcfoundation.org/UA/Plc/Applications;s=FastUIntScalar3":{"Value":89,"SourceTimestamp":"2024-04-27T17:55:18.5098073Z","ServerTimestamp":"2024-04-27T17:55:18.5098177Z"},"nsu=http://opcfoundation.org/UA/Plc/Applications;s=FastRandomUIntScalar1":{"Value":530999622,"SourceTimestamp":"2024-04-27T17:55:18.5098056Z","ServerTimestamp":"2024-04-27T17:55:18.509808Z"},"nsu=http://opcfoundation.org/UA/Plc/Applications;s=FastRandomUIntScalar2":{"Value":76315787,"SourceTimestamp":"2024-04-27T17:55:18.5098148Z","ServerTimestamp":"2024-04-27T17:55:18.5098154Z"},"nsu=http://opcfoundation.org/UA/Plc/Applications;s=FastRandomUIntScalar3":{"Value":164154877,"SourceTimestamp":"2024-04-27T17:55:18.5098167Z","ServerTimestamp":"2024-04-27T17:55:18.5098236Z"},"nsu=http://opcfoundation.org/UA/Plc/Applications;s=SpikeData":{"Value":24.868988716485479,"SourceTimestamp":"2024-04-27T17:55:19.4093118Z","ServerTimestamp":"2024-04-27T17:55:19.4093466Z"}}]