[{"nsu=http://opcfoundation.org/UA/Plc/Applications;s=StepUp":{"Value":908,"SourceTimestamp":"2024-04-27T17:55:20.3197362Z","ServerTimestamp":"2024-04-27T17:55:20.3197368Z"},"nsu=http://opcfoundation.org/UA/Plc/Applications;s=AlternatingBoolean":{"Value":true,"SourceTimestamp":"2024-04-27T17:55:19.6122934Z","ServerTimestamp":"2024-04-27T17:55:19.6123173Z"},"nsu=http://opcfoundation.org/UA/Plc/Applications;s=RandomSignedInt32":{"Value":767070224,"SourceTimestamp":"2024-04-27T17:55:20.3196897Z","ServerTimestamp":"2024-04-27T17:55:20.3196929Z"},"nsu=http://opcfoundation.org/UA/Plc/Applications;s=RandomUnsignedInt32":{"Value":1137786647,"SourceTimestamp":"2024-04-27T17:55:20.3197132Z","ServerTimestamp":"2024-04-27T17:55:20.31972Z"},"nsu=http://opcfoundation.org/UA/Plc/Applications;s=DipData":{"Value":-77.0513242775789,"SourceTimestamp":"2024-04-27T17:55:20.3197397Z","ServerTimestamp":"2024-04-27T17:55:20.3197425Z"},"nsu=http://opcfoundation.org/UA/Plc/Applications;s=FastUIntScalar1":{"Value":90,"SourceTimestamp":"2024-04-27T17:55:19.5187399Z","ServerTimestamp":"2024-04-27T17:55:19.518742Z"},"nsu=http://opcfoundation.org/UA/Plc/Applications;s=FastUIntScalar2":{"Value":90,"SourceTimestamp":"2024-04-27T17:55:19.5187441Z","ServerTimestamp":"2024-04-27T17:55:19.5187452Z"},"nsu=http://opcfoundation.org/UA/Plc/Applications;s=FastUIntScalar3":{"Value":90,"SourceTimestamp":"2024-04-27T17:55:19.5187467Z","ServerTimestamp":"2024-04-27T17:55:19.5187475Z"},"nsu=http://opcfoundation.org/UA/Plc/Applications;s=FastRandomUIntScalar1":{"Value":895538531,"SourceTimestamp":"2024-04-27T17:55:19.5187347Z","ServerTimestamp":"2024-04-27T17:55:19.5187603Z"},"nsu=http://opcfoundation.org/UA/Plc/Applications;s=FastRandomUIntScalar2":{"Value":3053708194,"SourceTimestamp":"2024-04-27T17:55:19.5187631Z","ServerTimestamp":"2024-04-27T17:55:19.5187643Z"},"nsu=http://opcfoundation.org/UA/Plc/Applications;s=FastRandomUIntScalar3":{"Value":3291894084,"SourceTimestamp":"2024-04-27T17:55:19.518766Z","ServerTimestamp":"2024-04-27T17:55:19.5187696Z"},"nsu=http://opcfoundation.org/UA/Plc/Applications;s=NegativeTrendData":{"Value":98.400000000000006,"SourceTimestamp":"2024-04-27T17:55:19.6123266Z","ServerTimestamp":"2024-04-27T17:55:19.6123307Z"},"nsu=http://opcfoundation.org/UA/Plc/Applications;s=PositiveTrendData":{"Value":101.09999999999999,"SourceTimestamp":"2024-04-27T17:55:19.6123266Z","ServerTimestamp":"2024-04-27T17:55:19.6123324Z"},"nsu=http://opcfoundation.org/UA/Plc/Applications;s=SpikeData":{"Value":-77.0513242775789,"SourceTimestamp":"2024-04-27T17:55:20.3197389Z","ServerTimestamp":"2024-04-27T17:55:20.31974Z"}}]