[{"nsu=http://opcfoundation.org/UA/Plc/Applications;s=StepUp":{"Value":949,"SourceTimestamp":"2024-04-27T17:55:24.416237Z","ServerTimestamp":"2024-04-27T17:55:24.416239Z"},"nsu=http://opcfoundation.org/UA/Plc/Applications;s=RandomSignedInt32":{"Value":1758136747,"SourceTimestamp":"2024-04-27T17:55:24.4162208Z","ServerTimestamp":"2024-04-27T17:55:24.416225Z"},"nsu=http://opcfoundation.org/UA/Plc/Applications;s=RandomUnsignedInt32":{"Value":1512520192,"SourceTimestamp":"2024-04-27T17:55:24.4162351Z","ServerTimestamp":"2024-04-27T17:55:24.4162461Z"},"nsu=http://opcfoundation.org/UA/Plc/Applications;s=DipData":{"Value":24.868988716485479,"SourceTimestamp":"2024-04-27T17:55:24.4162533Z","ServerTimestamp":"2024-04-27T17:55:24.4162546Z"},"nsu=http://opcfoundation.org/UA/Plc/Applications;s=FastUIntScalar1":{"Value":94,"SourceTimestamp":"2024-04-27T17:55:23.5072434Z","ServerTimestamp":"2024-04-27T17:55:23.5072474Z"},"nsu=http://opcfoundation.org/UA/Plc/Applications;s=FastUIntScalar2":{"Value":94,"SourceTimestamp":"2024-04-27T17:55:23.5072495Z","ServerTimestamp":"2024-04-27T17:55:23.5072538Z"},"nsu=http://opcfoundation.org/UA/Plc/Applications;s=FastUIntScalar3":{"Value":94,"SourceTimestamp":"2024-04-27T17:55:23.5072546Z","ServerTimestamp":"2024-04-27T17:55:23.5072559Z"},"nsu=http://opcfoundation.org/UA/Plc/Applications;s=FastRandomUIntScalar1":{"Value":2951439604,"SourceTimestamp":"2024-04-27T17:55:23.5072444Z","ServerTimestamp":"2024-04-27T17:55:23.5072497Z"},"nsu=http://opcfoundation.org/UA/Plc/Applications;s=FastRandomUIntScalar2":{"Value":2049946008,"SourceTimestamp":"2024-04-27T17:55:23.5072539Z","ServerTimestamp":"2024-04-27T17:55:23.5072546Z"},"nsu=http://opcfoundation.org/UA/Plc/Applications;s=FastRandomUIntScalar3":{"Value":2198316713,"SourceTimestamp":"2024-04-27T17:55:23.5072559Z","ServerTimestamp":"2024-04-27T17:55:23.5072568Z"},"nsu=http://opcfoundation.org/UA/Plc/Applications;s=SpikeData":{"Value":24.868988716485479,"SourceTimestamp":"2024-04-27T17:55:24.4162929Z","ServerTimestamp":"2024-04-27T17:55:24.4162949Z"}}]