[{"nsu=http://opcfoundation.org/UA/Plc/Applications;s=StepUp":{"Value":968,"SourceTimestamp":"2024-04-27T17:55:26.3076208Z","ServerTimestamp":"2024-04-27T17:55:26.3076237Z"},"nsu=http://opcfoundation.org/UA/Plc/Applications;s=RandomSignedInt32":{"Value":340030395,"SourceTimestamp":"2024-04-27T17:55:26.3075841Z","ServerTimestamp":"2024-04-27T17:55:26.3075886Z"},"nsu=http://opcfoundation.org/UA/Plc/Applications;s=RandomUnsignedInt32":{"Value":1121547731,"SourceTimestamp":"2024-04-27T17:55:26.3076058Z","ServerTimestamp":"2024-04-27T17:55:26.3076067Z"},"nsu=http://opcfoundation.org/UA/Plc/Applications;s=DipData":{"Value":-84.432792550201526,"SourceTimestamp":"2024-04-27T17:55:26.3076226Z","ServerTimestamp":"2024-04-27T17:55:26.3076388Z"},"nsu=http://opcfoundation.org/UA/Plc/Applications;s=FastUIntScalar1":{"Value":96,"SourceTimestamp":"2024-04-27T17:55:25.5140804Z","ServerTimestamp":"2024-04-27T17:55:25.5141047Z"},"nsu=http://opcfoundation.org/UA/Plc/Applications;s=FastUIntScalar2":{"Value":96,"SourceTimestamp":"2024-04-27T17:55:25.5141102Z","ServerTimestamp":"2024-04-27T17:55:25.5141126Z"},"nsu=http://opcfoundation.org/UA/Plc/Applications;s=FastUIntScalar3":{"Value":96,"SourceTimestamp":"2024-04-27T17:55:25.51412Z","ServerTimestamp":"2024-04-27T17:55:25.5141224Z"},"nsu=http://opcfoundation.org/UA/Plc/Applications;s=FastRandomUIntScalar1":{"Value":2495810909,"SourceTimestamp":"2024-04-27T17:55:25.5140879Z","ServerTimestamp":"2024-04-27T17:55:25.5140944Z"},"nsu=http://opcfoundation.org/UA/Plc/Applications;s=FastRandomUIntScalar2":{"Value":194531218,"SourceTimestamp":"2024-04-27T17:55:25.5141043Z","ServerTimestamp":"2024-04-27T17:55:25.5141101Z"},"nsu=http://opcfoundation.org/UA/Plc/Applications;s=FastRandomUIntScalar3":{"Value":2373036026,"SourceTimestamp":"2024-04-27T17:55:25.514113Z","ServerTimestamp":"2024-04-27T17:55:25.5141204Z"},"nsu=http://opcfoundation.org/UA/Plc/Applications;s=SpikeData":{"Value":-84.432792550201526,"SourceTimestamp":"2024-04-27T17:55:26.3076461Z","ServerTimestamp":"2024-04-27T17:55:26.3076472Z"}}]