{"$schema":"http://json-schema.org/draft-07/schema#","type":"array","items":{"$ref":"#/definitions/org.github.microsoft.opcpublisher.DataSet"},"definitions":{"org.opcfoundation.UA.Number":{"$id":"http://opcfoundation.org/UA/#Number","title":"OPC UA built in type Number","type":"number"},"org.github.microsoft.opcpublisher.DataSet":{"$id":"http://github.org/microsoft/opcpublisher#DataSet","title":"DataSet","type":"object","properties":{"Output":{"$ref":"#/definitions/org.opcfoundation.UA.Number"}}}}}