[{"nsu=http://opcfoundation.org/UA/Plc/Applications;s=SlowUIntScalar1":{"Value":4,"SourceTimestamp":"2024-04-26T12:22:04.0961653Z","ServerTimestamp":"2024-04-26T12:22:04.096168Z"},"nsu=http://opcfoundation.org/UA/Plc/Applications;s=SlowUIntScalar2":{"Value":4,"SourceTimestamp":"2024-04-26T12:22:04.0961755Z","ServerTimestamp":"2024-04-26T12:22:04.0961896Z"},"nsu=http://opcfoundation.org/UA/Plc/Applications;s=SlowUIntScalar3":{"Value":4,"SourceTimestamp":"2024-04-26T12:22:04.0961951Z","ServerTimestamp":"2024-04-26T12:22:04.0961968Z"},"nsu=http://opcfoundation.org/UA/Plc/Applications;s=BadSlowUIntScalar1":{"Value":4,"StatusCode":{"Symbol":"UncertainLastUsableValue","Code":1083179008},"SourceTimestamp":"2024-04-26T12:22:04.0962004Z","ServerTimestamp":"2024-04-26T12:22:04.096201Z"}}]