[{"nsu=http://opcfoundation.org/UA/Plc/Applications;s=SlowUIntScalar1":{"Value":9,"SourceTimestamp":"2024-04-26T12:22:54.0947321Z","ServerTimestamp":"2024-04-26T12:22:54.0947349Z"},"nsu=http://opcfoundation.org/UA/Plc/Applications;s=SlowUIntScalar2":{"Value":9,"SourceTimestamp":"2024-04-26T12:22:54.0947419Z","ServerTimestamp":"2024-04-26T12:22:54.0947425Z"},"nsu=http://opcfoundation.org/UA/Plc/Applications;s=SlowUIntScalar3":{"Value":9,"SourceTimestamp":"2024-04-26T12:22:54.0947437Z","ServerTimestamp":"2024-04-26T12:22:54.0947442Z"},"nsu=http://opcfoundation.org/UA/Plc/Applications;s=BadSlowUIntScalar1":{"Value":null,"StatusCode":{"Symbol":"BadDataLost","Code":2157772800},"SourceTimestamp":"2024-04-26T12:22:54.0947463Z","ServerTimestamp":"2024-04-26T12:22:54.0947464Z"}}]