[{"nsu=http://opcfoundation.org/UA/Plc/Applications;s=SlowUIntScalar1":{"Value":3,"SourceTimestamp":"2024-04-26T12:21:54.0968728Z","ServerTimestamp":"2024-04-26T12:21:54.0968753Z"},"nsu=http://opcfoundation.org/UA/Plc/Applications;s=SlowUIntScalar2":{"Value":3,"SourceTimestamp":"2024-04-26T12:21:54.0968821Z","ServerTimestamp":"2024-04-26T12:21:54.0968828Z"},"nsu=http://opcfoundation.org/UA/Plc/Applications;s=SlowUIntScalar3":{"Value":3,"SourceTimestamp":"2024-04-26T12:21:54.0968839Z","ServerTimestamp":"2024-04-26T12:21:54.0968846Z"},"nsu=http://opcfoundation.org/UA/Plc/Applications;s=BadSlowUIntScalar1":{"Value":3,"SourceTimestamp":"2024-04-26T12:21:54.0968869Z","ServerTimestamp":"2024-04-26T12:21:54.0968873Z"}}]