{"SequenceNumber":101,"MetaDataVersion":{"MajorVersion":1},"Timestamp":"2024-04-26T12:15:03.6903909Z","MessageType":"ua-deltaframe","DataSetWriterName":"<<UnknownDataSet>>","Payload":{"nsu=http://opcfoundation.org/UA/Plc/Applications;s=StepUp":{"Value":1015,"SourceTimestamp":"2024-04-26T12:15:03.6587646Z","ServerTimestamp":"2024-04-26T12:15:03.6587681Z"},"nsu=http://opcfoundation.org/UA/Plc/Applications;s=RandomSignedInt32":{"Value":-1521562735,"SourceTimestamp":"2024-04-26T12:15:03.6587647Z","ServerTimestamp":"2024-04-26T12:15:03.6587964Z"},"nsu=http://opcfoundation.org/UA/Plc/Applications;s=RandomUnsignedInt32":{"Value":1544212746,"SourceTimestamp":"2024-04-26T12:15:03.658795Z","ServerTimestamp":"2024-04-26T12:15:03.6588015Z"},"nsu=http://opcfoundation.org/UA/Plc/Applications;s=DipData":{"Value":-98.228725072868869,"SourceTimestamp":"2024-04-26T12:15:03.6588012Z","ServerTimestamp":"2024-04-26T12:15:03.6588417Z"},"nsu=http://opcfoundation.org/UA/Plc/Applications;s=FastUIntScalar1":{"Value":101,"SourceTimestamp":"2024-04-26T12:15:03.1602252Z","ServerTimestamp":"2024-04-26T12:15:03.1602288Z"}}}