{"SequenceNumber":106,"MetaDataVersion":{"MajorVersion":1},"Timestamp":"2024-04-26T12:15:08.6879938Z","MessageType":"ua-deltaframe","DataSetWriterName":"<<UnknownDataSet>>","Payload":{"nsu=http://opcfoundation.org/UA/Plc/Applications;s=StepUp":{"Value":1065,"SourceTimestamp":"2024-04-26T12:15:08.6717152Z","ServerTimestamp":"2024-04-26T12:15:08.6717187Z"},"nsu=http://opcfoundation.org/UA/Plc/Applications;s=RandomSignedInt32":{"Value":62120332,"SourceTimestamp":"2024-04-26T12:15:08.6717284Z","ServerTimestamp":"2024-04-26T12:15:08.6717361Z"},"nsu=http://opcfoundation.org/UA/Plc/Applications;s=RandomUnsignedInt32":{"Value":1393726695,"SourceTimestamp":"2024-04-26T12:15:08.6717372Z","ServerTimestamp":"2024-04-26T12:15:08.6717713Z"},"nsu=http://opcfoundation.org/UA/Plc/Applications;s=DipData":{"Value":-98.228725072868869,"SourceTimestamp":"2024-04-26T12:15:08.6717498Z","ServerTimestamp":"2024-04-26T12:15:08.6717548Z"},"nsu=http://opcfoundation.org/UA/Plc/Applications;s=FastUIntScalar1":{"Value":106,"SourceTimestamp":"2024-04-26T12:15:08.1637015Z","ServerTimestamp":"2024-04-26T12:15:08.1637182Z"}}}