{"SequenceNumber":108,"MetaDataVersion":{"MajorVersion":1},"Timestamp":"2024-04-26T12:15:10.632788Z","MessageType":"ua-deltaframe","DataSetWriterName":"<<UnknownDataSet>>","Payload":{"nsu=http://opcfoundation.org/UA/Plc/Applications;s=StepUp":{"Value":1084,"SourceTimestamp":"2024-04-26T12:15:10.5699633Z","ServerTimestamp":"2024-04-26T12:15:10.5699665Z"},"nsu=http://opcfoundation.org/UA/Plc/Applications;s=RandomSignedInt32":{"Value":-1368178671,"SourceTimestamp":"2024-04-26T12:15:10.5699721Z","ServerTimestamp":"2024-04-26T12:15:10.5699766Z"},"nsu=http://opcfoundation.org/UA/Plc/Applications;s=RandomUnsignedInt32":{"Value":1410374593,"SourceTimestamp":"2024-04-26T12:15:10.5699815Z","ServerTimestamp":"2024-04-26T12:15:10.569982Z"},"nsu=http://opcfoundation.org/UA/Plc/Applications;s=DipData":{"Value":84.432792550201498,"SourceTimestamp":"2024-04-26T12:15:10.5699903Z","ServerTimestamp":"2024-04-26T12:15:10.5699926Z"},"nsu=http://opcfoundation.org/UA/Plc/Applications;s=FastUIntScalar1":{"Value":108,"SourceTimestamp":"2024-04-26T12:15:10.1623366Z","ServerTimestamp":"2024-04-26T12:15:10.1623382Z"}}}