{"SequenceNumber":109,"MetaDataVersion":{"MajorVersion":1},"Timestamp":"2024-04-26T12:15:11.6389361Z","MessageType":"ua-deltaframe","DataSetWriterName":"<<UnknownDataSet>>","Payload":{"nsu=http://opcfoundation.org/UA/Plc/Applications;s=StepUp":{"Value":1094,"SourceTimestamp":"2024-04-26T12:15:11.5602451Z","ServerTimestamp":"2024-04-26T12:15:11.5602479Z"},"nsu=http://opcfoundation.org/UA/Plc/Applications;s=RandomSignedInt32":{"Value":-2041696937,"SourceTimestamp":"2024-04-26T12:15:11.5602563Z","ServerTimestamp":"2024-04-26T12:15:11.5602581Z"},"nsu=http://opcfoundation.org/UA/Plc/Applications;s=RandomUnsignedInt32":{"Value":1973951795,"SourceTimestamp":"2024-04-26T12:15:11.5602618Z","ServerTimestamp":"2024-04-26T12:15:11.5602639Z"},"nsu=http://opcfoundation.org/UA/Plc/Applications;s=DipData":{"Value":77.051324277578928,"SourceTimestamp":"2024-04-26T12:15:11.5602718Z","ServerTimestamp":"2024-04-26T12:15:11.5602743Z"},"nsu=http://opcfoundation.org/UA/Plc/Applications;s=FastUIntScalar1":{"Value":109,"SourceTimestamp":"2024-04-26T12:15:11.1677319Z","ServerTimestamp":"2024-04-26T12:15:11.1677342Z"}}}