{"SequenceNumber":112,"MetaDataVersion":{"MajorVersion":1},"Timestamp":"2024-04-26T12:15:14.6427593Z","MessageType":"ua-deltaframe","DataSetWriterName":"<<UnknownDataSet>>","Payload":{"nsu=http://opcfoundation.org/UA/Plc/Applications;s=StepUp":{"Value":1124,"SourceTimestamp":"2024-04-26T12:15:14.5640464Z","ServerTimestamp":"2024-04-26T12:15:14.5640837Z"},"nsu=http://opcfoundation.org/UA/Plc/Applications;s=RandomSignedInt32":{"Value":-550366186,"SourceTimestamp":"2024-04-26T12:15:14.5640455Z","ServerTimestamp":"2024-04-26T12:15:14.5640494Z"},"nsu=http://opcfoundation.org/UA/Plc/Applications;s=RandomUnsignedInt32":{"Value":405611950,"SourceTimestamp":"2024-04-26T12:15:14.5640471Z","ServerTimestamp":"2024-04-26T12:15:14.5640612Z"},"nsu=http://opcfoundation.org/UA/Plc/Applications;s=DipData":{"Value":-24.8689887164855,"SourceTimestamp":"2024-04-26T12:15:14.5640707Z","ServerTimestamp":"2024-04-26T12:15:14.564072Z"},"nsu=http://opcfoundation.org/UA/Plc/Applications;s=FastUIntScalar1":{"Value":112,"SourceTimestamp":"2024-04-26T12:15:14.1721277Z","ServerTimestamp":"2024-04-26T12:15:14.1721359Z"}}}