{"SequenceNumber":114,"MetaDataVersion":{"MajorVersion":1},"Timestamp":"2024-04-26T12:15:16.6536475Z","MessageType":"ua-deltaframe","DataSetWriterName":"<<UnknownDataSet>>","Payload":{"nsu=http://opcfoundation.org/UA/Plc/Applications;s=StepUp":{"Value":1144,"SourceTimestamp":"2024-04-26T12:15:16.5590915Z","ServerTimestamp":"2024-04-26T12:15:16.5591211Z"},"nsu=http://opcfoundation.org/UA/Plc/Applications;s=RandomSignedInt32":{"Value":1819951016,"SourceTimestamp":"2024-04-26T12:15:16.5590876Z","ServerTimestamp":"2024-04-26T12:15:16.5590984Z"},"nsu=http://opcfoundation.org/UA/Plc/Applications;s=RandomUnsignedInt32":{"Value":387474748,"SourceTimestamp":"2024-04-26T12:15:16.5590952Z","ServerTimestamp":"2024-04-26T12:15:16.5591445Z"},"nsu=http://opcfoundation.org/UA/Plc/Applications;s=DipData":{"Value":77.051324277578928,"SourceTimestamp":"2024-04-26T12:15:16.5591137Z","ServerTimestamp":"2024-04-26T12:15:16.5591153Z"},"nsu=http://opcfoundation.org/UA/Plc/Applications;s=FastUIntScalar1":{"Value":114,"SourceTimestamp":"2024-04-26T12:15:16.165894Z","ServerTimestamp":"2024-04-26T12:15:16.1658975Z"}}}