{"SequenceNumber":119,"MetaDataVersion":{"MajorVersion":1},"Timestamp":"2024-04-26T12:15:21.6788767Z","MessageType":"ua-deltaframe","DataSetWriterName":"<<UnknownDataSet>>","Payload":{"nsu=http://opcfoundation.org/UA/Plc/Applications;s=StepUp":{"Value":1195,"SourceTimestamp":"2024-04-26T12:15:21.6626148Z","ServerTimestamp":"2024-04-26T12:15:21.6626174Z"},"nsu=http://opcfoundation.org/UA/Plc/Applications;s=RandomSignedInt32":{"Value":-340159293,"SourceTimestamp":"2024-04-26T12:15:21.6626283Z","ServerTimestamp":"2024-04-26T12:15:21.6626302Z"},"nsu=http://opcfoundation.org/UA/Plc/Applications;s=RandomUnsignedInt32":{"Value":1697279140,"SourceTimestamp":"2024-04-26T12:15:21.6626316Z","ServerTimestamp":"2024-04-26T12:15:21.6626357Z"},"nsu=http://opcfoundation.org/UA/Plc/Applications;s=DipData":{"Value":68.454710592868878,"SourceTimestamp":"2024-04-26T12:15:21.6626443Z","ServerTimestamp":"2024-04-26T12:15:21.6626487Z"},"nsu=http://opcfoundation.org/UA/Plc/Applications;s=FastUIntScalar1":{"Value":119,"SourceTimestamp":"2024-04-26T12:15:21.1585764Z","ServerTimestamp":"2024-04-26T12:15:21.1585792Z"}}}