{"SequenceNumber":14,"MetaDataVersion":{"MajorVersion":1},"Timestamp":"2024-04-26T12:13:36.6796004Z","MessageType":"ua-deltaframe","DataSetWriterName":"<<UnknownDataSet>>","Payload":{"nsu=http://opcfoundation.org/UA/Plc/Applications;s=StepUp":{"Value":145,"SourceTimestamp":"2024-04-26T12:13:36.6636962Z","ServerTimestamp":"2024-04-26T12:13:36.6636995Z"},"nsu=http://opcfoundation.org/UA/Plc/Applications;s=RandomSignedInt32":{"Value":756659353,"SourceTimestamp":"2024-04-26T12:13:36.6637054Z","ServerTimestamp":"2024-04-26T12:13:36.6637089Z"},"nsu=http://opcfoundation.org/UA/Plc/Applications;s=RandomUnsignedInt32":{"Value":569301363,"SourceTimestamp":"2024-04-26T12:13:36.6637251Z","ServerTimestamp":"2024-04-26T12:13:36.6637271Z"},"nsu=http://opcfoundation.org/UA/Plc/Applications;s=DipData":{"Value":68.454710592868878,"SourceTimestamp":"2024-04-26T12:13:36.6637243Z","ServerTimestamp":"2024-04-26T12:13:36.663732Z"},"nsu=http://opcfoundation.org/UA/Plc/Applications;s=FastUIntScalar1":{"Value":14,"SourceTimestamp":"2024-04-26T12:13:36.1596169Z","ServerTimestamp":"2024-04-26T12:13:36.1596308Z"}}}