{"SequenceNumber":18,"MetaDataVersion":{"MajorVersion":1},"Timestamp":"2024-04-26T12:13:40.6314229Z","MessageType":"ua-deltaframe","DataSetWriterName":"<<UnknownDataSet>>","Payload":{"nsu=http://opcfoundation.org/UA/Plc/Applications;s=StepUp":{"Value":184,"SourceTimestamp":"2024-04-26T12:13:40.5683Z","ServerTimestamp":"2024-04-26T12:13:40.5683125Z"},"nsu=http://opcfoundation.org/UA/Plc/Applications;s=RandomSignedInt32":{"Value":1971713972,"SourceTimestamp":"2024-04-26T12:13:40.5683Z","ServerTimestamp":"2024-04-26T12:13:40.568303Z"},"nsu=http://opcfoundation.org/UA/Plc/Applications;s=RandomUnsignedInt32":{"Value":952605489,"SourceTimestamp":"2024-04-26T12:13:40.5683089Z","ServerTimestamp":"2024-04-26T12:13:40.5683167Z"},"nsu=http://opcfoundation.org/UA/Plc/Applications;s=DipData":{"Value":84.432792550201498,"SourceTimestamp":"2024-04-26T12:13:40.5683327Z","ServerTimestamp":"2024-04-26T12:13:40.5683367Z"},"nsu=http://opcfoundation.org/UA/Plc/Applications;s=FastUIntScalar1":{"Value":18,"SourceTimestamp":"2024-04-26T12:13:40.1596492Z","ServerTimestamp":"2024-04-26T12:13:40.1596631Z"}}}