{"SequenceNumber":20,"MetaDataVersion":{"MajorVersion":1},"Timestamp":"2024-04-26T12:13:42.6435454Z","MessageType":"ua-deltaframe","DataSetWriterName":"<<UnknownDataSet>>","Payload":{"nsu=http://opcfoundation.org/UA/Plc/Applications;s=StepUp":{"Value":204,"SourceTimestamp":"2024-04-26T12:13:42.564634Z","ServerTimestamp":"2024-04-26T12:13:42.5646365Z"},"nsu=http://opcfoundation.org/UA/Plc/Applications;s=AlternatingBoolean":{"Value":true,"SourceTimestamp":"2024-04-26T12:13:42.2656547Z","ServerTimestamp":"2024-04-26T12:13:42.2656566Z"},"nsu=http://opcfoundation.org/UA/Plc/Applications;s=RandomSignedInt32":{"Value":-716574229,"SourceTimestamp":"2024-04-26T12:13:42.5646297Z","ServerTimestamp":"2024-04-26T12:13:42.5646406Z"},"nsu=http://opcfoundation.org/UA/Plc/Applications;s=RandomUnsignedInt32":{"Value":2140945103,"SourceTimestamp":"2024-04-26T12:13:42.5646513Z","ServerTimestamp":"2024-04-26T12:13:42.5646534Z"},"nsu=http://opcfoundation.org/UA/Plc/Applications;s=DipData":{"Value":-36.812455268467787,"SourceTimestamp":"2024-04-26T12:13:42.5646506Z","ServerTimestamp":"2024-04-26T12:13:42.5646865Z"},"nsu=http://opcfoundation.org/UA/Plc/Applications;s=FastUIntScalar1":{"Value":20,"SourceTimestamp":"2024-04-26T12:13:42.1712982Z","ServerTimestamp":"2024-04-26T12:13:42.1713001Z"}}}