{"SequenceNumber":23,"MetaDataVersion":{"MajorVersion":1},"Timestamp":"2024-04-26T12:13:45.6571444Z","MessageType":"ua-deltaframe","DataSetWriterName":"<<UnknownDataSet>>","Payload":{"nsu=http://opcfoundation.org/UA/Plc/Applications;s=StepUp":{"Value":234,"SourceTimestamp":"2024-04-26T12:13:45.5622069Z","ServerTimestamp":"2024-04-26T12:13:45.5622094Z"},"nsu=http://opcfoundation.org/UA/Plc/Applications;s=RandomSignedInt32":{"Value":957468868,"SourceTimestamp":"2024-04-26T12:13:45.5622148Z","ServerTimestamp":"2024-04-26T12:13:45.5622242Z"},"nsu=http://opcfoundation.org/UA/Plc/Applications;s=RandomUnsignedInt32":{"Value":1558544748,"SourceTimestamp":"2024-04-26T12:13:45.5622374Z","ServerTimestamp":"2024-04-26T12:13:45.5622393Z"},"nsu=http://opcfoundation.org/UA/Plc/Applications;s=DipData":{"Value":84.432792550201498,"SourceTimestamp":"2024-04-26T12:13:45.5622434Z","ServerTimestamp":"2024-04-26T12:13:45.5622664Z"},"nsu=http://opcfoundation.org/UA/Plc/Applications;s=FastUIntScalar1":{"Value":23,"SourceTimestamp":"2024-04-26T12:13:45.1583121Z","ServerTimestamp":"2024-04-26T12:13:45.1583131Z"}}}