{"SequenceNumber":24,"MetaDataVersion":{"MajorVersion":1},"Timestamp":"2024-04-26T12:13:46.6614578Z","MessageType":"ua-deltaframe","DataSetWriterName":"<<UnknownDataSet>>","Payload":{"nsu=http://opcfoundation.org/UA/Plc/Applications;s=StepUp":{"Value":245,"SourceTimestamp":"2024-04-26T12:13:46.6611098Z","ServerTimestamp":"2024-04-26T12:13:46.6611125Z"},"nsu=http://opcfoundation.org/UA/Plc/Applications;s=RandomSignedInt32":{"Value":-281697816,"SourceTimestamp":"2024-04-26T12:13:46.5671097Z","ServerTimestamp":"2024-04-26T12:13:46.5671114Z"},"nsu=http://opcfoundation.org/UA/Plc/Applications;s=RandomUnsignedInt32":{"Value":633236758,"SourceTimestamp":"2024-04-26T12:13:46.567119Z","ServerTimestamp":"2024-04-26T12:13:46.5671197Z"},"nsu=http://opcfoundation.org/UA/Plc/Applications;s=DipData":{"Value":77.051324277578928,"SourceTimestamp":"2024-04-26T12:13:46.5671266Z","ServerTimestamp":"2024-04-26T12:13:46.5671273Z"},"nsu=http://opcfoundation.org/UA/Plc/Applications;s=FastUIntScalar1":{"Value":24,"SourceTimestamp":"2024-04-26T12:13:46.1589162Z","ServerTimestamp":"2024-04-26T12:13:46.1589518Z"}}}