{"SequenceNumber":28,"MetaDataVersion":{"MajorVersion":1},"Timestamp":"2024-04-26T12:13:50.6864125Z","MessageType":"ua-deltaframe","DataSetWriterName":"<<UnknownDataSet>>","Payload":{"nsu=http://opcfoundation.org/UA/Plc/Applications;s=StepUp":{"Value":285,"SourceTimestamp":"2024-04-26T12:13:50.6704252Z","ServerTimestamp":"2024-04-26T12:13:50.6704288Z"},"nsu=http://opcfoundation.org/UA/Plc/Applications;s=RandomSignedInt32":{"Value":1185462050,"SourceTimestamp":"2024-04-26T12:13:50.6704253Z","ServerTimestamp":"2024-04-26T12:13:50.6704402Z"},"nsu=http://opcfoundation.org/UA/Plc/Applications;s=RandomUnsignedInt32":{"Value":1089643461,"SourceTimestamp":"2024-04-26T12:13:50.6704481Z","ServerTimestamp":"2024-04-26T12:13:50.670453Z"},"nsu=http://opcfoundation.org/UA/Plc/Applications;s=DipData":{"Value":90.482705246601952,"SourceTimestamp":"2024-04-26T12:13:50.6704581Z","ServerTimestamp":"2024-04-26T12:13:50.6704587Z"},"nsu=http://opcfoundation.org/UA/Plc/Applications;s=FastUIntScalar1":{"Value":28,"SourceTimestamp":"2024-04-26T12:13:50.1669118Z","ServerTimestamp":"2024-04-26T12:13:50.1669129Z"}}}