{"SequenceNumber":34,"MetaDataVersion":{"MajorVersion":1},"Timestamp":"2024-04-26T12:13:56.6498134Z","MessageType":"ua-deltaframe","DataSetWriterName":"<<UnknownDataSet>>","Payload":{"nsu=http://opcfoundation.org/UA/Plc/Applications;s=StepUp":{"Value":344,"SourceTimestamp":"2024-04-26T12:13:56.5712022Z","ServerTimestamp":"2024-04-26T12:13:56.571213Z"},"nsu=http://opcfoundation.org/UA/Plc/Applications;s=RandomSignedInt32":{"Value":-56398367,"SourceTimestamp":"2024-04-26T12:13:56.5712072Z","ServerTimestamp":"2024-04-26T12:13:56.5712371Z"},"nsu=http://opcfoundation.org/UA/Plc/Applications;s=RandomUnsignedInt32":{"Value":1656593338,"SourceTimestamp":"2024-04-26T12:13:56.57123Z","ServerTimestamp":"2024-04-26T12:13:56.5712316Z"},"nsu=http://opcfoundation.org/UA/Plc/Applications;s=DipData":{"Value":77.051324277578928,"SourceTimestamp":"2024-04-26T12:13:56.5712383Z","ServerTimestamp":"2024-04-26T12:13:56.5712464Z"},"nsu=http://opcfoundation.org/UA/Plc/Applications;s=FastUIntScalar1":{"Value":34,"SourceTimestamp":"2024-04-26T12:13:56.1619828Z","ServerTimestamp":"2024-04-26T12:13:56.1619865Z"}}}