{"SequenceNumber":38,"MetaDataVersion":{"MajorVersion":1},"Timestamp":"2024-04-26T12:14:00.6697111Z","MessageType":"ua-deltaframe","DataSetWriterName":"<<UnknownDataSet>>","Payload":{"nsu=http://opcfoundation.org/UA/Plc/Applications;s=StepUp":{"Value":384,"SourceTimestamp":"2024-04-26T12:14:00.5598677Z","ServerTimestamp":"2024-04-26T12:14:00.5598713Z"},"nsu=http://opcfoundation.org/UA/Plc/Applications;s=RandomSignedInt32":{"Value":-1186192889,"SourceTimestamp":"2024-04-26T12:14:00.5598692Z","ServerTimestamp":"2024-04-26T12:14:00.5599104Z"},"nsu=http://opcfoundation.org/UA/Plc/Applications;s=RandomUnsignedInt32":{"Value":834528024,"SourceTimestamp":"2024-04-26T12:14:00.5598819Z","ServerTimestamp":"2024-04-26T12:14:00.5598872Z"},"nsu=http://opcfoundation.org/UA/Plc/Applications;s=DipData":{"Value":84.432792550201498,"SourceTimestamp":"2024-04-26T12:14:00.5598967Z","ServerTimestamp":"2024-04-26T12:14:00.5598997Z"},"nsu=http://opcfoundation.org/UA/Plc/Applications;s=FastUIntScalar1":{"Value":38,"SourceTimestamp":"2024-04-26T12:14:00.1676375Z","ServerTimestamp":"2024-04-26T12:14:00.1676452Z"}}}