{"SequenceNumber":39,"MetaDataVersion":{"MajorVersion":1},"Timestamp":"2024-04-26T12:14:01.6749735Z","MessageType":"ua-deltaframe","DataSetWriterName":"<<UnknownDataSet>>","Payload":{"nsu=http://opcfoundation.org/UA/Plc/Applications;s=StepUp":{"Value":395,"SourceTimestamp":"2024-04-26T12:14:01.6589408Z","ServerTimestamp":"2024-04-26T12:14:01.6589495Z"},"nsu=http://opcfoundation.org/UA/Plc/Applications;s=RandomSignedInt32":{"Value":-1812966320,"SourceTimestamp":"2024-04-26T12:14:01.6589364Z","ServerTimestamp":"2024-04-26T12:14:01.6589407Z"},"nsu=http://opcfoundation.org/UA/Plc/Applications;s=RandomUnsignedInt32":{"Value":1500922411,"SourceTimestamp":"2024-04-26T12:14:01.6589628Z","ServerTimestamp":"2024-04-26T12:14:01.6589656Z"},"nsu=http://opcfoundation.org/UA/Plc/Applications;s=DipData":{"Value":68.454710592868878,"SourceTimestamp":"2024-04-26T12:14:01.6589689Z","ServerTimestamp":"2024-04-26T12:14:01.658972Z"},"nsu=http://opcfoundation.org/UA/Plc/Applications;s=FastUIntScalar1":{"Value":39,"SourceTimestamp":"2024-04-26T12:14:01.1717103Z","ServerTimestamp":"2024-04-26T12:14:01.1717357Z"}}}