{"SequenceNumber":42,"MetaDataVersion":{"MajorVersion":1},"Timestamp":"2024-04-26T12:14:04.6915985Z","MessageType":"ua-deltaframe","DataSetWriterName":"<<UnknownDataSet>>","Payload":{"nsu=http://opcfoundation.org/UA/Plc/Applications;s=StepUp":{"Value":425,"SourceTimestamp":"2024-04-26T12:14:04.6597836Z","ServerTimestamp":"2024-04-26T12:14:04.6597978Z"},"nsu=http://opcfoundation.org/UA/Plc/Applications;s=RandomSignedInt32":{"Value":520582072,"SourceTimestamp":"2024-04-26T12:14:04.6597851Z","ServerTimestamp":"2024-04-26T12:14:04.6597872Z"},"nsu=http://opcfoundation.org/UA/Plc/Applications;s=RandomUnsignedInt32":{"Value":1588550877,"SourceTimestamp":"2024-04-26T12:14:04.6597978Z","ServerTimestamp":"2024-04-26T12:14:04.6598091Z"},"nsu=http://opcfoundation.org/UA/Plc/Applications;s=DipData":{"Value":-12.533323356430429,"SourceTimestamp":"2024-04-26T12:14:04.6598122Z","ServerTimestamp":"2024-04-26T12:14:04.659823Z"},"nsu=http://opcfoundation.org/UA/Plc/Applications;s=FastUIntScalar1":{"Value":42,"SourceTimestamp":"2024-04-26T12:14:04.1567643Z","ServerTimestamp":"2024-04-26T12:14:04.1567679Z"}}}