{"SequenceNumber":45,"MetaDataVersion":{"MajorVersion":1},"Timestamp":"2024-04-26T12:14:07.6390171Z","MessageType":"ua-deltaframe","DataSetWriterName":"<<UnknownDataSet>>","Payload":{"nsu=http://opcfoundation.org/UA/Plc/Applications;s=StepUp":{"Value":454,"SourceTimestamp":"2024-04-26T12:14:07.5599049Z","ServerTimestamp":"2024-04-26T12:14:07.5599088Z"},"nsu=http://opcfoundation.org/UA/Plc/Applications;s=AlternatingBoolean":{"Value":false,"SourceTimestamp":"2024-04-26T12:14:07.2614814Z","ServerTimestamp":"2024-04-26T12:14:07.2614837Z"},"nsu=http://opcfoundation.org/UA/Plc/Applications;s=RandomSignedInt32":{"Value":558161881,"SourceTimestamp":"2024-04-26T12:14:07.5599179Z","ServerTimestamp":"2024-04-26T12:14:07.5599201Z"},"nsu=http://opcfoundation.org/UA/Plc/Applications;s=RandomUnsignedInt32":{"Value":1186355101,"SourceTimestamp":"2024-04-26T12:14:07.5599296Z","ServerTimestamp":"2024-04-26T12:14:07.5599304Z"},"nsu=http://opcfoundation.org/UA/Plc/Applications;s=DipData":{"Value":-36.812455268467787,"SourceTimestamp":"2024-04-26T12:14:07.5599387Z","ServerTimestamp":"2024-04-26T12:14:07.5599393Z"},"nsu=http://opcfoundation.org/UA/Plc/Applications;s=FastUIntScalar1":{"Value":45,"SourceTimestamp":"2024-04-26T12:14:07.1672839Z","ServerTimestamp":"2024-04-26T12:14:07.1672909Z"}}}