{"SequenceNumber":46,"MetaDataVersion":{"MajorVersion":1},"Timestamp":"2024-04-26T12:14:08.6454406Z","MessageType":"ua-deltaframe","DataSetWriterName":"<<UnknownDataSet>>","Payload":{"nsu=http://opcfoundation.org/UA/Plc/Applications;s=StepUp":{"Value":464,"SourceTimestamp":"2024-04-26T12:14:08.5669714Z","ServerTimestamp":"2024-04-26T12:14:08.5669745Z"},"nsu=http://opcfoundation.org/UA/Plc/Applications;s=RandomSignedInt32":{"Value":1851729659,"SourceTimestamp":"2024-04-26T12:14:08.5669451Z","ServerTimestamp":"2024-04-26T12:14:08.5669485Z"},"nsu=http://opcfoundation.org/UA/Plc/Applications;s=RandomUnsignedInt32":{"Value":1235528915,"SourceTimestamp":"2024-04-26T12:14:08.566966Z","ServerTimestamp":"2024-04-26T12:14:08.5669687Z"},"nsu=http://opcfoundation.org/UA/Plc/Applications;s=DipData":{"Value":-99.80267284282715,"SourceTimestamp":"2024-04-26T12:14:08.4723087Z","ServerTimestamp":"2024-04-26T12:14:08.4723392Z"},"nsu=http://opcfoundation.org/UA/Plc/Applications;s=FastUIntScalar1":{"Value":46,"SourceTimestamp":"2024-04-26T12:14:08.1577612Z","ServerTimestamp":"2024-04-26T12:14:08.1577724Z"}}}