{"SequenceNumber":48,"MetaDataVersion":{"MajorVersion":1},"Timestamp":"2024-04-26T12:14:10.6549841Z","MessageType":"ua-deltaframe","DataSetWriterName":"<<UnknownDataSet>>","Payload":{"nsu=http://opcfoundation.org/UA/Plc/Applications;s=StepUp":{"Value":484,"SourceTimestamp":"2024-04-26T12:14:10.5603747Z","ServerTimestamp":"2024-04-26T12:14:10.5603781Z"},"nsu=http://opcfoundation.org/UA/Plc/Applications;s=RandomSignedInt32":{"Value":1679274825,"SourceTimestamp":"2024-04-26T12:14:10.5604027Z","ServerTimestamp":"2024-04-26T12:14:10.560405Z"},"nsu=http://opcfoundation.org/UA/Plc/Applications;s=RandomUnsignedInt32":{"Value":683498825,"SourceTimestamp":"2024-04-26T12:14:10.5604071Z","ServerTimestamp":"2024-04-26T12:14:10.5604424Z"},"nsu=http://opcfoundation.org/UA/Plc/Applications;s=DipData":{"Value":84.432792550201498,"SourceTimestamp":"2024-04-26T12:14:10.5604109Z","ServerTimestamp":"2024-04-26T12:14:10.560457Z"},"nsu=http://opcfoundation.org/UA/Plc/Applications;s=FastUIntScalar1":{"Value":48,"SourceTimestamp":"2024-04-26T12:14:10.1681614Z","ServerTimestamp":"2024-04-26T12:14:10.1681636Z"}}}