{"SequenceNumber":49,"MetaDataVersion":{"MajorVersion":1},"Timestamp":"2024-04-26T12:14:11.6556473Z","MessageType":"ua-deltaframe","DataSetWriterName":"<<UnknownDataSet>>","Payload":{"nsu=http://opcfoundation.org/UA/Plc/Applications;s=StepUp":{"Value":494,"SourceTimestamp":"2024-04-26T12:14:11.560569Z","ServerTimestamp":"2024-04-26T12:14:11.5605733Z"},"nsu=http://opcfoundation.org/UA/Plc/Applications;s=RandomSignedInt32":{"Value":-266369296,"SourceTimestamp":"2024-04-26T12:14:11.560577Z","ServerTimestamp":"2024-04-26T12:14:11.560583Z"},"nsu=http://opcfoundation.org/UA/Plc/Applications;s=RandomUnsignedInt32":{"Value":674524527,"SourceTimestamp":"2024-04-26T12:14:11.5605939Z","ServerTimestamp":"2024-04-26T12:14:11.5605955Z"},"nsu=http://opcfoundation.org/UA/Plc/Applications;s=DipData":{"Value":77.051324277578928,"SourceTimestamp":"2024-04-26T12:14:11.5606025Z","ServerTimestamp":"2024-04-26T12:14:11.5606042Z"},"nsu=http://opcfoundation.org/UA/Plc/Applications;s=FastUIntScalar1":{"Value":49,"SourceTimestamp":"2024-04-26T12:14:11.1576939Z","ServerTimestamp":"2024-04-26T12:14:11.1577001Z"}}}