{"SequenceNumber":55,"MetaDataVersion":{"MajorVersion":1},"Timestamp":"2024-04-26T12:14:17.6381334Z","MessageType":"ua-deltaframe","DataSetWriterName":"<<UnknownDataSet>>","Payload":{"nsu=http://opcfoundation.org/UA/Plc/Applications;s=StepUp":{"Value":554,"SourceTimestamp":"2024-04-26T12:14:17.5595721Z","ServerTimestamp":"2024-04-26T12:14:17.5596052Z"},"nsu=http://opcfoundation.org/UA/Plc/Applications;s=AlternatingBoolean":{"Value":false,"SourceTimestamp":"2024-04-26T12:14:17.2613654Z","ServerTimestamp":"2024-04-26T12:14:17.2613725Z"},"nsu=http://opcfoundation.org/UA/Plc/Applications;s=RandomSignedInt32":{"Value":581430096,"SourceTimestamp":"2024-04-26T12:14:17.5595604Z","ServerTimestamp":"2024-04-26T12:14:17.5595646Z"},"nsu=http://opcfoundation.org/UA/Plc/Applications;s=RandomUnsignedInt32":{"Value":949312652,"SourceTimestamp":"2024-04-26T12:14:17.5595697Z","ServerTimestamp":"2024-04-26T12:14:17.5595854Z"},"nsu=http://opcfoundation.org/UA/Plc/Applications;s=DipData":{"Value":-36.812455268467787,"SourceTimestamp":"2024-04-26T12:14:17.5595897Z","ServerTimestamp":"2024-04-26T12:14:17.5595916Z"},"nsu=http://opcfoundation.org/UA/Plc/Applications;s=FastUIntScalar1":{"Value":55,"SourceTimestamp":"2024-04-26T12:14:17.1674248Z","ServerTimestamp":"2024-04-26T12:14:17.1674261Z"}}}