{"SequenceNumber":59,"MetaDataVersion":{"MajorVersion":1},"Timestamp":"2024-04-26T12:14:21.654354Z","MessageType":"ua-deltaframe","DataSetWriterName":"<<UnknownDataSet>>","Payload":{"nsu=http://opcfoundation.org/UA/Plc/Applications;s=StepUp":{"Value":594,"SourceTimestamp":"2024-04-26T12:14:21.55999Z","ServerTimestamp":"2024-04-26T12:14:21.5599927Z"},"nsu=http://opcfoundation.org/UA/Plc/Applications;s=RandomSignedInt32":{"Value":-1564823732,"SourceTimestamp":"2024-04-26T12:14:21.559997Z","ServerTimestamp":"2024-04-26T12:14:21.5600022Z"},"nsu=http://opcfoundation.org/UA/Plc/Applications;s=RandomUnsignedInt32":{"Value":393574237,"SourceTimestamp":"2024-04-26T12:14:21.5600228Z","ServerTimestamp":"2024-04-26T12:14:21.5600244Z"},"nsu=http://opcfoundation.org/UA/Plc/Applications;s=DipData":{"Value":77.051324277578928,"SourceTimestamp":"2024-04-26T12:14:21.5600182Z","ServerTimestamp":"2024-04-26T12:14:21.5600193Z"},"nsu=http://opcfoundation.org/UA/Plc/Applications;s=FastUIntScalar1":{"Value":59,"SourceTimestamp":"2024-04-26T12:14:21.1663467Z","ServerTimestamp":"2024-04-26T12:14:21.1663507Z"}}}