{"SequenceNumber":66,"MetaDataVersion":{"MajorVersion":1},"Timestamp":"2024-04-26T12:14:28.628509Z","MessageType":"ua-deltaframe","DataSetWriterName":"<<UnknownDataSet>>","Payload":{"nsu=http://opcfoundation.org/UA/Plc/Applications;s=StepUp":{"Value":664,"SourceTimestamp":"2024-04-26T12:14:28.5650607Z","ServerTimestamp":"2024-04-26T12:14:28.5650638Z"},"nsu=http://opcfoundation.org/UA/Plc/Applications;s=RandomSignedInt32":{"Value":-2016796997,"SourceTimestamp":"2024-04-26T12:14:28.565101Z","ServerTimestamp":"2024-04-26T12:14:28.5651021Z"},"nsu=http://opcfoundation.org/UA/Plc/Applications;s=RandomUnsignedInt32":{"Value":445488889,"SourceTimestamp":"2024-04-26T12:14:28.5651089Z","ServerTimestamp":"2024-04-26T12:14:28.5651106Z"},"nsu=http://opcfoundation.org/UA/Plc/Applications;s=DipData":{"Value":-99.80267284282715,"SourceTimestamp":"2024-04-26T12:14:28.470967Z","ServerTimestamp":"2024-04-26T12:14:28.4709903Z"},"nsu=http://opcfoundation.org/UA/Plc/Applications;s=FastUIntScalar1":{"Value":66,"SourceTimestamp":"2024-04-26T12:14:28.1569992Z","ServerTimestamp":"2024-04-26T12:14:28.1570001Z"}}}