{"SequenceNumber":67,"MetaDataVersion":{"MajorVersion":1},"Timestamp":"2024-04-26T12:14:29.6329612Z","MessageType":"ua-deltaframe","DataSetWriterName":"<<UnknownDataSet>>","Payload":{"nsu=http://opcfoundation.org/UA/Plc/Applications;s=StepUp":{"Value":674,"SourceTimestamp":"2024-04-26T12:14:29.5689637Z","ServerTimestamp":"2024-04-26T12:14:29.5689778Z"},"nsu=http://opcfoundation.org/UA/Plc/Applications;s=RandomSignedInt32":{"Value":-2113808982,"SourceTimestamp":"2024-04-26T12:14:29.5689663Z","ServerTimestamp":"2024-04-26T12:14:29.5689999Z"},"nsu=http://opcfoundation.org/UA/Plc/Applications;s=RandomUnsignedInt32":{"Value":546587076,"SourceTimestamp":"2024-04-26T12:14:29.5689878Z","ServerTimestamp":"2024-04-26T12:14:29.5689893Z"},"nsu=http://opcfoundation.org/UA/Plc/Applications;s=DipData":{"Value":-24.8689887164855,"SourceTimestamp":"2024-04-26T12:14:29.5690105Z","ServerTimestamp":"2024-04-26T12:14:29.5690112Z"},"nsu=http://opcfoundation.org/UA/Plc/Applications;s=FastUIntScalar1":{"Value":67,"SourceTimestamp":"2024-04-26T12:14:29.1616024Z","ServerTimestamp":"2024-04-26T12:14:29.1616077Z"}}}