{"SequenceNumber":69,"MetaDataVersion":{"MajorVersion":1},"Timestamp":"2024-04-26T12:14:31.6376198Z","MessageType":"ua-deltaframe","DataSetWriterName":"<<UnknownDataSet>>","Payload":{"nsu=http://opcfoundation.org/UA/Plc/Applications;s=StepUp":{"Value":694,"SourceTimestamp":"2024-04-26T12:14:31.5585758Z","ServerTimestamp":"2024-04-26T12:14:31.5585797Z"},"nsu=http://opcfoundation.org/UA/Plc/Applications;s=RandomSignedInt32":{"Value":-516640145,"SourceTimestamp":"2024-04-26T12:14:31.5585759Z","ServerTimestamp":"2024-04-26T12:14:31.5586001Z"},"nsu=http://opcfoundation.org/UA/Plc/Applications;s=RandomUnsignedInt32":{"Value":1144718917,"SourceTimestamp":"2024-04-26T12:14:31.5586004Z","ServerTimestamp":"2024-04-26T12:14:31.5586043Z"},"nsu=http://opcfoundation.org/UA/Plc/Applications;s=DipData":{"Value":77.051324277578928,"SourceTimestamp":"2024-04-26T12:14:31.558607Z","ServerTimestamp":"2024-04-26T12:14:31.5586084Z"},"nsu=http://opcfoundation.org/UA/Plc/Applications;s=FastUIntScalar1":{"Value":69,"SourceTimestamp":"2024-04-26T12:14:31.1712968Z","ServerTimestamp":"2024-04-26T12:14:31.1712995Z"}}}