{"SequenceNumber":72,"MetaDataVersion":{"MajorVersion":1},"Timestamp":"2024-04-26T12:14:34.6689967Z","MessageType":"ua-deltaframe","DataSetWriterName":"<<UnknownDataSet>>","Payload":{"nsu=http://opcfoundation.org/UA/Plc/Applications;s=StepUp":{"Value":724,"SourceTimestamp":"2024-04-26T12:14:34.5583862Z","ServerTimestamp":"2024-04-26T12:14:34.5583898Z"},"nsu=http://opcfoundation.org/UA/Plc/Applications;s=RandomSignedInt32":{"Value":-1302207898,"SourceTimestamp":"2024-04-26T12:14:34.5583862Z","ServerTimestamp":"2024-04-26T12:14:34.5584628Z"},"nsu=http://opcfoundation.org/UA/Plc/Applications;s=RandomUnsignedInt32":{"Value":2097557088,"SourceTimestamp":"2024-04-26T12:14:34.5584082Z","ServerTimestamp":"2024-04-26T12:14:34.5584108Z"},"nsu=http://opcfoundation.org/UA/Plc/Applications;s=DipData":{"Value":-24.8689887164855,"SourceTimestamp":"2024-04-26T12:14:34.5584215Z","ServerTimestamp":"2024-04-26T12:14:34.5584264Z"},"nsu=http://opcfoundation.org/UA/Plc/Applications;s=FastUIntScalar1":{"Value":72,"SourceTimestamp":"2024-04-26T12:14:34.1645381Z","ServerTimestamp":"2024-04-26T12:14:34.1645415Z"}}}