{"SequenceNumber":73,"MetaDataVersion":{"MajorVersion":1},"Timestamp":"2024-04-26T12:14:35.6752326Z","MessageType":"ua-deltaframe","DataSetWriterName":"<<UnknownDataSet>>","Payload":{"nsu=http://opcfoundation.org/UA/Plc/Applications;s=StepUp":{"Value":735,"SourceTimestamp":"2024-04-26T12:14:35.6592486Z","ServerTimestamp":"2024-04-26T12:14:35.6592521Z"},"nsu=http://opcfoundation.org/UA/Plc/Applications;s=RandomSignedInt32":{"Value":-187921202,"SourceTimestamp":"2024-04-26T12:14:35.6592521Z","ServerTimestamp":"2024-04-26T12:14:35.6592601Z"},"nsu=http://opcfoundation.org/UA/Plc/Applications;s=RandomUnsignedInt32":{"Value":2005941235,"SourceTimestamp":"2024-04-26T12:14:35.6592759Z","ServerTimestamp":"2024-04-26T12:14:35.6592902Z"},"nsu=http://opcfoundation.org/UA/Plc/Applications;s=DipData":{"Value":90.482705246601952,"SourceTimestamp":"2024-04-26T12:14:35.659276Z","ServerTimestamp":"2024-04-26T12:14:35.6592842Z"},"nsu=http://opcfoundation.org/UA/Plc/Applications;s=FastUIntScalar1":{"Value":73,"SourceTimestamp":"2024-04-26T12:14:35.1714769Z","ServerTimestamp":"2024-04-26T12:14:35.1714782Z"}}}