{"SequenceNumber":78,"MetaDataVersion":{"MajorVersion":1},"Timestamp":"2024-04-26T12:14:40.6362818Z","MessageType":"ua-deltaframe","DataSetWriterName":"<<UnknownDataSet>>","Payload":{"nsu=http://opcfoundation.org/UA/Plc/Applications;s=StepUp":{"Value":784,"SourceTimestamp":"2024-04-26T12:14:40.5728837Z","ServerTimestamp":"2024-04-26T12:14:40.5729406Z"},"nsu=http://opcfoundation.org/UA/Plc/Applications;s=RandomSignedInt32":{"Value":-880915542,"SourceTimestamp":"2024-04-26T12:14:40.5728837Z","ServerTimestamp":"2024-04-26T12:14:40.5728861Z"},"nsu=http://opcfoundation.org/UA/Plc/Applications;s=RandomUnsignedInt32":{"Value":2146600325,"SourceTimestamp":"2024-04-26T12:14:40.5729043Z","ServerTimestamp":"2024-04-26T12:14:40.5729073Z"},"nsu=http://opcfoundation.org/UA/Plc/Applications;s=DipData":{"Value":84.432792550201498,"SourceTimestamp":"2024-04-26T12:14:40.5729172Z","ServerTimestamp":"2024-04-26T12:14:40.5729181Z"},"nsu=http://opcfoundation.org/UA/Plc/Applications;s=FastUIntScalar1":{"Value":78,"SourceTimestamp":"2024-04-26T12:14:40.1633483Z","ServerTimestamp":"2024-04-26T12:14:40.1633496Z"}}}