{"SequenceNumber":8,"MetaDataVersion":{"MajorVersion":1},"Timestamp":"2024-04-26T12:13:30.6560866Z","MessageType":"ua-deltaframe","DataSetWriterName":"<<UnknownDataSet>>","Payload":{"nsu=http://opcfoundation.org/UA/Plc/Applications;s=StepUp":{"Value":84,"SourceTimestamp":"2024-04-26T12:13:30.561758Z","ServerTimestamp":"2024-04-26T12:13:30.5617601Z"},"nsu=http://opcfoundation.org/UA/Plc/Applications;s=RandomSignedInt32":{"Value":620580138,"SourceTimestamp":"2024-04-26T12:13:30.5617438Z","ServerTimestamp":"2024-04-26T12:13:30.5617471Z"},"nsu=http://opcfoundation.org/UA/Plc/Applications;s=RandomUnsignedInt32":{"Value":375912307,"SourceTimestamp":"2024-04-26T12:13:30.5617593Z","ServerTimestamp":"2024-04-26T12:13:30.561766Z"},"nsu=http://opcfoundation.org/UA/Plc/Applications;s=DipData":{"Value":84.432792550201498,"SourceTimestamp":"2024-04-26T12:13:30.561775Z","ServerTimestamp":"2024-04-26T12:13:30.5617791Z"},"nsu=http://opcfoundation.org/UA/Plc/Applications;s=FastUIntScalar1":{"Value":8,"SourceTimestamp":"2024-04-26T12:13:30.167848Z","ServerTimestamp":"2024-04-26T12:13:30.1678556Z"}}}