{"SequenceNumber":81,"MetaDataVersion":{"MajorVersion":1},"Timestamp":"2024-04-26T12:14:43.6535759Z","MessageType":"ua-deltaframe","DataSetWriterName":"<<UnknownDataSet>>","Payload":{"nsu=http://opcfoundation.org/UA/Plc/Applications;s=StepUp":{"Value":814,"SourceTimestamp":"2024-04-26T12:14:43.559071Z","ServerTimestamp":"2024-04-26T12:14:43.5590741Z"},"nsu=http://opcfoundation.org/UA/Plc/Applications;s=RandomSignedInt32":{"Value":336379959,"SourceTimestamp":"2024-04-26T12:14:43.559071Z","ServerTimestamp":"2024-04-26T12:14:43.5590832Z"},"nsu=http://opcfoundation.org/UA/Plc/Applications;s=RandomUnsignedInt32":{"Value":2145925233,"SourceTimestamp":"2024-04-26T12:14:43.559089Z","ServerTimestamp":"2024-04-26T12:14:43.5590898Z"},"nsu=http://opcfoundation.org/UA/Plc/Applications;s=DipData":{"Value":-99.80267284282715,"SourceTimestamp":"2024-04-26T12:14:43.4644699Z","ServerTimestamp":"2024-04-26T12:14:43.464503Z"},"nsu=http://opcfoundation.org/UA/Plc/Applications;s=FastUIntScalar1":{"Value":81,"SourceTimestamp":"2024-04-26T12:14:43.1655811Z","ServerTimestamp":"2024-04-26T12:14:43.1655837Z"}}}