{"SequenceNumber":83,"MetaDataVersion":{"MajorVersion":1},"Timestamp":"2024-04-26T12:14:45.6617264Z","MessageType":"ua-deltaframe","DataSetWriterName":"<<UnknownDataSet>>","Payload":{"nsu=http://opcfoundation.org/UA/Plc/Applications;s=StepUp":{"Value":835,"SourceTimestamp":"2024-04-26T12:14:45.6613045Z","ServerTimestamp":"2024-04-26T12:14:45.6613076Z"},"nsu=http://opcfoundation.org/UA/Plc/Applications;s=RandomSignedInt32":{"Value":-745414967,"SourceTimestamp":"2024-04-26T12:14:45.6613181Z","ServerTimestamp":"2024-04-26T12:14:45.6613201Z"},"nsu=http://opcfoundation.org/UA/Plc/Applications;s=RandomUnsignedInt32":{"Value":1229593955,"SourceTimestamp":"2024-04-26T12:14:45.6613287Z","ServerTimestamp":"2024-04-26T12:14:45.6613328Z"},"nsu=http://opcfoundation.org/UA/Plc/Applications;s=DipData":{"Value":90.482705246601952,"SourceTimestamp":"2024-04-26T12:14:45.6613377Z","ServerTimestamp":"2024-04-26T12:14:45.6613384Z"},"nsu=http://opcfoundation.org/UA/Plc/Applications;s=FastUIntScalar1":{"Value":83,"SourceTimestamp":"2024-04-26T12:14:45.1612877Z","ServerTimestamp":"2024-04-26T12:14:45.1613018Z"}}}