{"SequenceNumber":86,"MetaDataVersion":{"MajorVersion":1},"Timestamp":"2024-04-26T12:14:48.6804862Z","MessageType":"ua-deltaframe","DataSetWriterName":"<<UnknownDataSet>>","Payload":{"nsu=http://opcfoundation.org/UA/Plc/Applications;s=StepUp":{"Value":865,"SourceTimestamp":"2024-04-26T12:14:48.6645558Z","ServerTimestamp":"2024-04-26T12:14:48.6645588Z"},"nsu=http://opcfoundation.org/UA/Plc/Applications;s=RandomSignedInt32":{"Value":497980598,"SourceTimestamp":"2024-04-26T12:14:48.6645628Z","ServerTimestamp":"2024-04-26T12:14:48.6645695Z"},"nsu=http://opcfoundation.org/UA/Plc/Applications;s=RandomUnsignedInt32":{"Value":1166218670,"SourceTimestamp":"2024-04-26T12:14:48.6645792Z","ServerTimestamp":"2024-04-26T12:14:48.6645838Z"},"nsu=http://opcfoundation.org/UA/Plc/Applications;s=DipData":{"Value":-98.228725072868869,"SourceTimestamp":"2024-04-26T12:14:48.6645899Z","ServerTimestamp":"2024-04-26T12:14:48.6645907Z"},"nsu=http://opcfoundation.org/UA/Plc/Applications;s=FastUIntScalar1":{"Value":86,"SourceTimestamp":"2024-04-26T12:14:48.1607975Z","ServerTimestamp":"2024-04-26T12:14:48.1608Z"}}}