{"SequenceNumber":88,"MetaDataVersion":{"MajorVersion":1},"Timestamp":"2024-04-26T12:14:50.6289149Z","MessageType":"ua-deltaframe","DataSetWriterName":"<<UnknownDataSet>>","Payload":{"nsu=http://opcfoundation.org/UA/Plc/Applications;s=StepUp":{"Value":884,"SourceTimestamp":"2024-04-26T12:14:50.5659725Z","ServerTimestamp":"2024-04-26T12:14:50.5659765Z"},"nsu=http://opcfoundation.org/UA/Plc/Applications;s=RandomSignedInt32":{"Value":-79410408,"SourceTimestamp":"2024-04-26T12:14:50.5660051Z","ServerTimestamp":"2024-04-26T12:14:50.5660088Z"},"nsu=http://opcfoundation.org/UA/Plc/Applications;s=RandomUnsignedInt32":{"Value":610460729,"SourceTimestamp":"2024-04-26T12:14:50.5660039Z","ServerTimestamp":"2024-04-26T12:14:50.566005Z"},"nsu=http://opcfoundation.org/UA/Plc/Applications;s=DipData":{"Value":84.432792550201498,"SourceTimestamp":"2024-04-26T12:14:50.5660112Z","ServerTimestamp":"2024-04-26T12:14:50.5660138Z"},"nsu=http://opcfoundation.org/UA/Plc/Applications;s=FastUIntScalar1":{"Value":88,"SourceTimestamp":"2024-04-26T12:14:50.1584686Z","ServerTimestamp":"2024-04-26T12:14:50.1584772Z"}}}