{"SequenceNumber":89,"MetaDataVersion":{"MajorVersion":1},"Timestamp":"2024-04-26T12:14:51.633507Z","MessageType":"ua-deltaframe","DataSetWriterName":"<<UnknownDataSet>>","Payload":{"nsu=http://opcfoundation.org/UA/Plc/Applications;s=StepUp":{"Value":894,"SourceTimestamp":"2024-04-26T12:14:51.570295Z","ServerTimestamp":"2024-04-26T12:14:51.5703093Z"},"nsu=http://opcfoundation.org/UA/Plc/Applications;s=RandomSignedInt32":{"Value":1875837197,"SourceTimestamp":"2024-04-26T12:14:51.5702951Z","ServerTimestamp":"2024-04-26T12:14:51.5702984Z"},"nsu=http://opcfoundation.org/UA/Plc/Applications;s=RandomUnsignedInt32":{"Value":530117434,"SourceTimestamp":"2024-04-26T12:14:51.5703205Z","ServerTimestamp":"2024-04-26T12:14:51.5703226Z"},"nsu=http://opcfoundation.org/UA/Plc/Applications;s=DipData":{"Value":77.051324277578928,"SourceTimestamp":"2024-04-26T12:14:51.5703315Z","ServerTimestamp":"2024-04-26T12:14:51.5703347Z"},"nsu=http://opcfoundation.org/UA/Plc/Applications;s=FastUIntScalar1":{"Value":89,"SourceTimestamp":"2024-04-26T12:14:51.1649855Z","ServerTimestamp":"2024-04-26T12:14:51.1650091Z"}}}