{"SequenceNumber":92,"MetaDataVersion":{"MajorVersion":1},"Timestamp":"2024-04-26T12:14:54.6495977Z","MessageType":"ua-deltaframe","DataSetWriterName":"<<UnknownDataSet>>","Payload":{"nsu=http://opcfoundation.org/UA/Plc/Applications;s=StepUp":{"Value":924,"SourceTimestamp":"2024-04-26T12:14:54.5707152Z","ServerTimestamp":"2024-04-26T12:14:54.5707191Z"},"nsu=http://opcfoundation.org/UA/Plc/Applications;s=RandomSignedInt32":{"Value":-1643692569,"SourceTimestamp":"2024-04-26T12:14:54.5707459Z","ServerTimestamp":"2024-04-26T12:14:54.5707516Z"},"nsu=http://opcfoundation.org/UA/Plc/Applications;s=RandomUnsignedInt32":{"Value":1153964725,"SourceTimestamp":"2024-04-26T12:14:54.5707797Z","ServerTimestamp":"2024-04-26T12:14:54.5707824Z"},"nsu=http://opcfoundation.org/UA/Plc/Applications;s=DipData":{"Value":-24.8689887164855,"SourceTimestamp":"2024-04-26T12:14:54.5707693Z","ServerTimestamp":"2024-04-26T12:14:54.57077Z"},"nsu=http://opcfoundation.org/UA/Plc/Applications;s=FastUIntScalar1":{"Value":92,"SourceTimestamp":"2024-04-26T12:14:54.1614927Z","ServerTimestamp":"2024-04-26T12:14:54.1615048Z"}}}