{"SequenceNumber":95,"MetaDataVersion":{"MajorVersion":1},"Timestamp":"2024-04-26T12:14:57.6607568Z","MessageType":"ua-deltaframe","DataSetWriterName":"<<UnknownDataSet>>","Payload":{"nsu=http://opcfoundation.org/UA/Plc/Applications;s=StepUp":{"Value":954,"SourceTimestamp":"2024-04-26T12:14:57.5659216Z","ServerTimestamp":"2024-04-26T12:14:57.5659243Z"},"nsu=http://opcfoundation.org/UA/Plc/Applications;s=AlternatingBoolean":{"Value":false,"SourceTimestamp":"2024-04-26T12:14:57.2588982Z","ServerTimestamp":"2024-04-26T12:14:57.2589021Z"},"nsu=http://opcfoundation.org/UA/Plc/Applications;s=RandomSignedInt32":{"Value":1606640837,"SourceTimestamp":"2024-04-26T12:14:57.5659318Z","ServerTimestamp":"2024-04-26T12:14:57.5659334Z"},"nsu=http://opcfoundation.org/UA/Plc/Applications;s=RandomUnsignedInt32":{"Value":1072187019,"SourceTimestamp":"2024-04-26T12:14:57.5659418Z","ServerTimestamp":"2024-04-26T12:14:57.5659431Z"},"nsu=http://opcfoundation.org/UA/Plc/Applications;s=DipData":{"Value":-36.812455268467787,"SourceTimestamp":"2024-04-26T12:14:57.5659547Z","ServerTimestamp":"2024-04-26T12:14:57.5659597Z"},"nsu=http://opcfoundation.org/UA/Plc/Applications;s=FastUIntScalar1":{"Value":95,"SourceTimestamp":"2024-04-26T12:14:57.1650208Z","ServerTimestamp":"2024-04-26T12:14:57.1650332Z"}}}