{"SequenceNumber":98,"MetaDataVersion":{"MajorVersion":1},"Timestamp":"2024-04-26T12:15:00.6814459Z","MessageType":"ua-deltaframe","DataSetWriterName":"<<UnknownDataSet>>","Payload":{"nsu=http://opcfoundation.org/UA/Plc/Applications;s=StepUp":{"Value":985,"SourceTimestamp":"2024-04-26T12:15:00.6654988Z","ServerTimestamp":"2024-04-26T12:15:00.6655018Z"},"nsu=http://opcfoundation.org/UA/Plc/Applications;s=RandomSignedInt32":{"Value":-829628446,"SourceTimestamp":"2024-04-26T12:15:00.6655155Z","ServerTimestamp":"2024-04-26T12:15:00.6655176Z"},"nsu=http://opcfoundation.org/UA/Plc/Applications;s=RandomUnsignedInt32":{"Value":3899837,"SourceTimestamp":"2024-04-26T12:15:00.6655226Z","ServerTimestamp":"2024-04-26T12:15:00.6655652Z"},"nsu=http://opcfoundation.org/UA/Plc/Applications;s=DipData":{"Value":90.482705246601952,"SourceTimestamp":"2024-04-26T12:15:00.6655405Z","ServerTimestamp":"2024-04-26T12:15:00.6655428Z"},"nsu=http://opcfoundation.org/UA/Plc/Applications;s=FastUIntScalar1":{"Value":98,"SourceTimestamp":"2024-04-26T12:15:00.1597426Z","ServerTimestamp":"2024-04-26T12:15:00.1597661Z"}}}