{"i=2258":{"Value":"2024-04-27T19:27:02.592116Z","SourceTimestamp":"2024-04-27T19:25:20.5699463Z","ServerTimestamp":"2024-04-27T19:27:02.5921147Z"},"nsu=http://opcfoundation.org/UA/Plc/Applications;s=StepUp":{"Value":1029,"SourceTimestamp":"2024-04-27T19:27:02.5598799Z","ServerTimestamp":"2024-04-27T19:27:02.5921597Z"},"nsu=http://opcfoundation.org/UA/Plc/Applications;s=AlternatingBoolean":{"Value":true,"SourceTimestamp":"2024-04-27T19:27:02.5598927Z","ServerTimestamp":"2024-04-27T19:27:02.5921567Z"},"nsu=http://opcfoundation.org/UA/Plc/Applications;s=RandomSignedInt32":{"Value":1759781761,"SourceTimestamp":"2024-04-27T19:27:02.5598907Z","ServerTimestamp":"2024-04-27T19:27:02.5921534Z"},"nsu=http://opcfoundation.org/UA/Plc/Applications;s=RandomUnsignedInt32":{"Value":1522477499,"SourceTimestamp":"2024-04-27T19:27:02.5598904Z","ServerTimestamp":"2024-04-27T19:27:02.592162Z"},"nsu=http://opcfoundation.org/UA/Plc/Applications;s=DipData":{"Value":36.812455268467772,"SourceTimestamp":"2024-04-27T19:27:02.5598866Z","ServerTimestamp":"2024-04-27T19:27:02.5921476Z"},"nsu=http://opcfoundation.org/UA/Plc/Applications;s=FastUIntScalar1":{"Value":102,"SourceTimestamp":"2024-04-27T19:27:01.6649007Z","ServerTimestamp":"2024-04-27T19:27:02.5921624Z"},"nsu=http://opcfoundation.org/UA/Plc/Applications;s=FastUIntScalar2":{"Value":102,"SourceTimestamp":"2024-04-27T19:27:01.6649088Z","ServerTimestamp":"2024-04-27T19:27:02.5921612Z"},"nsu=http://opcfoundation.org/UA/Plc/Applications;s=FastUIntScalar3":{"Value":102,"SourceTimestamp":"2024-04-27T19:27:01.6649113Z","ServerTimestamp":"2024-04-27T19:27:02.5921517Z"},"nsu=http://opcfoundation.org/UA/Plc/Applications;s=FastRandomUIntScalar1":{"Value":1977324233,"SourceTimestamp":"2024-04-27T19:27:01.6649049Z","ServerTimestamp":"2024-04-27T19:27:02.5921584Z"},"nsu=http://opcfoundation.org/UA/Plc/Applications;s=FastRandomUIntScalar2":{"Value":3787377481,"SourceTimestamp":"2024-04-27T19:27:01.6649105Z","ServerTimestamp":"2024-04-27T19:27:02.592159Z"},"nsu=http://opcfoundation.org/UA/Plc/Applications;s=FastRandomUIntScalar3":{"Value":1014695140,"SourceTimestamp":"2024-04-27T19:27:01.6649119Z","ServerTimestamp":"2024-04-27T19:27:02.5921486Z"},"nsu=http://opcfoundation.org/UA/Plc/Applications;s=NegativeTrendData":{"Value":98,"SourceTimestamp":"2024-04-27T19:27:02.5598913Z","ServerTimestamp":"2024-04-27T19:27:02.592147Z"},"nsu=http://opcfoundation.org/UA/Plc/Applications;s=PositiveTrendData":{"Value":101.3,"SourceTimestamp":"2024-04-27T19:27:02.5598829Z","ServerTimestamp":"2024-04-27T19:27:02.5921449Z"},"nsu=http://opcfoundation.org/UA/Plc/Applications;s=SlowUIntScalar1":{"Value":10,"SourceTimestamp":"2024-04-27T19:26:59.6638889Z","ServerTimestamp":"2024-04-27T19:27:02.5921559Z"},"nsu=http://opcfoundation.org/UA/Plc/Applications;s=SlowUIntScalar2":{"Value":10,"SourceTimestamp":"2024-04-27T19:26:59.6639036Z","ServerTimestamp":"2024-04-27T19:27:02.5921629Z"},"nsu=http://opcfoundation.org/UA/Plc/Applications;s=SlowUIntScalar3":{"Value":10,"SourceTimestamp":"2024-04-27T19:26:59.6639064Z","ServerTimestamp":"2024-04-27T19:27:02.5921604Z"},"nsu=http://opcfoundation.org/UA/Plc/Applications;s=BadSlowUIntScalar1":{"Value":null,"StatusCode":{"Symbol":"BadNoCommunication","Code":2150694912},"SourceTimestamp":"2024-04-27T19:26:59.6639099Z","ServerTimestamp":"2024-04-27T19:27:02.5921496Z"},"nsu=http://opcfoundation.org/UA/Plc/Applications;s=SlowRandomUIntScalar1":{"Value":3911527621,"SourceTimestamp":"2024-04-27T19:26:59.663935Z","ServerTimestamp":"2024-04-27T19:27:02.5921543Z"},"nsu=http://opcfoundation.org/UA/Plc/Applications;s=SlowRandomUIntScalar2":{"Value":2938905848,"SourceTimestamp":"2024-04-27T19:26:59.6639422Z","ServerTimestamp":"2024-04-27T19:27:02.5921459Z"},"nsu=http://opcfoundation.org/UA/Plc/Applications;s=SlowRandomUIntScalar3":{"Value":2973486680,"SourceTimestamp":"2024-04-27T19:26:59.6639451Z","ServerTimestamp":"2024-04-27T19:27:02.5921527Z"},"nsu=http://opcfoundation.org/UA/Plc/Applications;s=BadSlowRandomUIntScalar1":{"Value":null,"StatusCode":{"Symbol":"BadNoCommunication","Code":2150694912},"SourceTimestamp":"2024-04-27T19:26:59.6639479Z","ServerTimestamp":"2024-04-27T19:27:02.5921579Z"},"nsu=http://opcfoundation.org/UA/Plc/Applications;s=SpikeData":{"Value":36.812455268467772,"SourceTimestamp":"2024-04-27T19:27:02.5598753Z","ServerTimestamp":"2024-04-27T19:27:02.5921551Z"},"ns=23;i=1259":{"Value":-1.22,"SourceTimestamp":"2024-04-27T19:25:20.56998Z","ServerTimestamp":"2024-04-27T19:27:02.59213Z"}}