{"i=2258":{"Value":"2024-04-27T19:27:08.5839669Z","SourceTimestamp":"2024-04-27T19:25:20.5699463Z","ServerTimestamp":"2024-04-27T19:27:08.5839657Z"},"nsu=http://opcfoundation.org/UA/Plc/Applications;s=StepUp":{"Value":1089,"SourceTimestamp":"2024-04-27T19:27:08.5678136Z","ServerTimestamp":"2024-04-27T19:27:08.5840126Z"},"nsu=http://opcfoundation.org/UA/Plc/Applications;s=AlternatingBoolean":{"Value":false,"SourceTimestamp":"2024-04-27T19:27:08.5678351Z","ServerTimestamp":"2024-04-27T19:27:08.5840091Z"},"nsu=http://opcfoundation.org/UA/Plc/Applications;s=RandomSignedInt32":{"Value":959877178,"SourceTimestamp":"2024-04-27T19:27:08.5678338Z","ServerTimestamp":"2024-04-27T19:27:08.5840043Z"},"nsu=http://opcfoundation.org/UA/Plc/Applications;s=RandomUnsignedInt32":{"Value":12772144,"SourceTimestamp":"2024-04-27T19:27:08.5678316Z","ServerTimestamp":"2024-04-27T19:27:08.5840151Z"},"nsu=http://opcfoundation.org/UA/Plc/Applications;s=DipData":{"Value":99.80267284282715,"SourceTimestamp":"2024-04-27T19:27:08.5678299Z","ServerTimestamp":"2024-04-27T19:27:08.5839992Z"},"nsu=http://opcfoundation.org/UA/Plc/Applications;s=FastUIntScalar1":{"Value":108,"SourceTimestamp":"2024-04-27T19:27:07.6574187Z","ServerTimestamp":"2024-04-27T19:27:08.5840155Z"},"nsu=http://opcfoundation.org/UA/Plc/Applications;s=FastUIntScalar2":{"Value":108,"SourceTimestamp":"2024-04-27T19:27:07.6574233Z","ServerTimestamp":"2024-04-27T19:27:08.5840143Z"},"nsu=http://opcfoundation.org/UA/Plc/Applications;s=FastUIntScalar3":{"Value":108,"SourceTimestamp":"2024-04-27T19:27:07.6574248Z","ServerTimestamp":"2024-04-27T19:27:08.5840024Z"},"nsu=http://opcfoundation.org/UA/Plc/Applications;s=FastRandomUIntScalar1":{"Value":1380017585,"SourceTimestamp":"2024-04-27T19:27:07.6574282Z","ServerTimestamp":"2024-04-27T19:27:08.5840112Z"},"nsu=http://opcfoundation.org/UA/Plc/Applications;s=FastRandomUIntScalar2":{"Value":4288715376,"SourceTimestamp":"2024-04-27T19:27:07.65743Z","ServerTimestamp":"2024-04-27T19:27:08.584012Z"},"nsu=http://opcfoundation.org/UA/Plc/Applications;s=FastRandomUIntScalar3":{"Value":64291794,"SourceTimestamp":"2024-04-27T19:27:07.6574318Z","ServerTimestamp":"2024-04-27T19:27:08.5840001Z"},"nsu=http://opcfoundation.org/UA/Plc/Applications;s=NegativeTrendData":{"Value":97.900000000000006,"SourceTimestamp":"2024-04-27T19:27:08.5678361Z","ServerTimestamp":"2024-04-27T19:27:08.5839986Z"},"nsu=http://opcfoundation.org/UA/Plc/Applications;s=PositiveTrendData":{"Value":101.40000000000001,"SourceTimestamp":"2024-04-27T19:27:08.5678222Z","ServerTimestamp":"2024-04-27T19:27:08.5839963Z"},"nsu=http://opcfoundation.org/UA/Plc/Applications;s=SlowUIntScalar1":{"Value":10,"SourceTimestamp":"2024-04-27T19:26:59.6638889Z","ServerTimestamp":"2024-04-27T19:27:08.5840083Z"},"nsu=http://opcfoundation.org/UA/Plc/Applications;s=SlowUIntScalar2":{"Value":10,"SourceTimestamp":"2024-04-27T19:26:59.6639036Z","ServerTimestamp":"2024-04-27T19:27:08.5840161Z"},"nsu=http://opcfoundation.org/UA/Plc/Applications;s=SlowUIntScalar3":{"Value":10,"SourceTimestamp":"2024-04-27T19:26:59.6639064Z","ServerTimestamp":"2024-04-27T19:27:08.5840134Z"},"nsu=http://opcfoundation.org/UA/Plc/Applications;s=BadSlowUIntScalar1":{"Value":null,"StatusCode":{"Symbol":"BadNoCommunication","Code":2150694912},"SourceTimestamp":"2024-04-27T19:26:59.6639099Z","ServerTimestamp":"2024-04-27T19:27:08.5840012Z"},"nsu=http://opcfoundation.org/UA/Plc/Applications;s=SlowRandomUIntScalar1":{"Value":3911527621,"SourceTimestamp":"2024-04-27T19:26:59.663935Z","ServerTimestamp":"2024-04-27T19:27:08.5840054Z"},"nsu=http://opcfoundation.org/UA/Plc/Applications;s=SlowRandomUIntScalar2":{"Value":2938905848,"SourceTimestamp":"2024-04-27T19:26:59.6639422Z","ServerTimestamp":"2024-04-27T19:27:08.5839972Z"},"nsu=http://opcfoundation.org/UA/Plc/Applications;s=SlowRandomUIntScalar3":{"Value":2973486680,"SourceTimestamp":"2024-04-27T19:26:59.6639451Z","ServerTimestamp":"2024-04-27T19:27:08.5840035Z"},"nsu=http://opcfoundation.org/UA/Plc/Applications;s=BadSlowRandomUIntScalar1":{"Value":null,"StatusCode":{"Symbol":"BadNoCommunication","Code":2150694912},"SourceTimestamp":"2024-04-27T19:26:59.6639479Z","ServerTimestamp":"2024-04-27T19:27:08.5840107Z"},"nsu=http://opcfoundation.org/UA/Plc/Applications;s=SpikeData":{"Value":99.80267284282715,"SourceTimestamp":"2024-04-27T19:27:08.5678169Z","ServerTimestamp":"2024-04-27T19:27:08.5840073Z"},"ns=23;i=1259":{"Value":-0.69900000000000007,"SourceTimestamp":"2024-04-27T19:25:20.56998Z","ServerTimestamp":"2024-04-27T19:27:08.5839808Z"}}