{"i=2258":{"Value":"2024-04-27T19:27:11.5878329Z","SourceTimestamp":"2024-04-27T19:25:20.5699463Z","ServerTimestamp":"2024-04-27T19:27:11.5878318Z"},"nsu=http://opcfoundation.org/UA/Plc/Applications;s=StepUp":{"Value":1119,"SourceTimestamp":"2024-04-27T19:27:11.5563413Z","ServerTimestamp":"2024-04-27T19:27:11.5878782Z"},"nsu=http://opcfoundation.org/UA/Plc/Applications;s=AlternatingBoolean":{"Value":true,"SourceTimestamp":"2024-04-27T19:27:11.5563619Z","ServerTimestamp":"2024-04-27T19:27:11.587875Z"},"nsu=http://opcfoundation.org/UA/Plc/Applications;s=RandomSignedInt32":{"Value":1313745775,"SourceTimestamp":"2024-04-27T19:27:11.5563606Z","ServerTimestamp":"2024-04-27T19:27:11.58787Z"},"nsu=http://opcfoundation.org/UA/Plc/Applications;s=RandomUnsignedInt32":{"Value":883188315,"SourceTimestamp":"2024-04-27T19:27:11.5563608Z","ServerTimestamp":"2024-04-27T19:27:11.587881Z"},"nsu=http://opcfoundation.org/UA/Plc/Applications;s=DipData":{"Value":-77.051324277578942,"SourceTimestamp":"2024-04-27T19:27:11.5563592Z","ServerTimestamp":"2024-04-27T19:27:11.5878652Z"},"nsu=http://opcfoundation.org/UA/Plc/Applications;s=FastUIntScalar1":{"Value":111,"SourceTimestamp":"2024-04-27T19:27:10.6564281Z","ServerTimestamp":"2024-04-27T19:27:11.5878814Z"},"nsu=http://opcfoundation.org/UA/Plc/Applications;s=FastUIntScalar2":{"Value":111,"SourceTimestamp":"2024-04-27T19:27:10.6564298Z","ServerTimestamp":"2024-04-27T19:27:11.5878799Z"},"nsu=http://opcfoundation.org/UA/Plc/Applications;s=FastUIntScalar3":{"Value":111,"SourceTimestamp":"2024-04-27T19:27:10.6564342Z","ServerTimestamp":"2024-04-27T19:27:11.5878681Z"},"nsu=http://opcfoundation.org/UA/Plc/Applications;s=FastRandomUIntScalar1":{"Value":510635322,"SourceTimestamp":"2024-04-27T19:27:10.6564287Z","ServerTimestamp":"2024-04-27T19:27:11.5878768Z"},"nsu=http://opcfoundation.org/UA/Plc/Applications;s=FastRandomUIntScalar2":{"Value":837443111,"SourceTimestamp":"2024-04-27T19:27:10.6564331Z","ServerTimestamp":"2024-04-27T19:27:11.5878775Z"},"nsu=http://opcfoundation.org/UA/Plc/Applications;s=FastRandomUIntScalar3":{"Value":4265201036,"SourceTimestamp":"2024-04-27T19:27:10.6564348Z","ServerTimestamp":"2024-04-27T19:27:11.5878661Z"},"nsu=http://opcfoundation.org/UA/Plc/Applications;s=NegativeTrendData":{"Value":97.799999999999997,"SourceTimestamp":"2024-04-27T19:27:11.5563642Z","ServerTimestamp":"2024-04-27T19:27:11.5878647Z"},"nsu=http://opcfoundation.org/UA/Plc/Applications;s=PositiveTrendData":{"Value":101.5,"SourceTimestamp":"2024-04-27T19:27:11.5563488Z","ServerTimestamp":"2024-04-27T19:27:11.5878626Z"},"nsu=http://opcfoundation.org/UA/Plc/Applications;s=SlowUIntScalar1":{"Value":11,"SourceTimestamp":"2024-04-27T19:27:09.6544099Z","ServerTimestamp":"2024-04-27T19:27:11.5878743Z"},"nsu=http://opcfoundation.org/UA/Plc/Applications;s=SlowUIntScalar2":{"Value":11,"SourceTimestamp":"2024-04-27T19:27:09.6544166Z","ServerTimestamp":"2024-04-27T19:27:11.587882Z"},"nsu=http://opcfoundation.org/UA/Plc/Applications;s=SlowUIntScalar3":{"Value":11,"SourceTimestamp":"2024-04-27T19:27:09.6544183Z","ServerTimestamp":"2024-04-27T19:27:11.5878791Z"},"nsu=http://opcfoundation.org/UA/Plc/Applications;s=BadSlowUIntScalar1":{"Value":1,"SourceTimestamp":"2024-04-27T19:27:09.6544198Z","ServerTimestamp":"2024-04-27T19:27:11.5878672Z"},"nsu=http://opcfoundation.org/UA/Plc/Applications;s=SlowRandomUIntScalar1":{"Value":1251887844,"SourceTimestamp":"2024-04-27T19:27:09.6544496Z","ServerTimestamp":"2024-04-27T19:27:11.5878711Z"},"nsu=http://opcfoundation.org/UA/Plc/Applications;s=SlowRandomUIntScalar2":{"Value":25430798,"SourceTimestamp":"2024-04-27T19:27:09.654453Z","ServerTimestamp":"2024-04-27T19:27:11.5878636Z"},"nsu=http://opcfoundation.org/UA/Plc/Applications;s=SlowRandomUIntScalar3":{"Value":1589629101,"SourceTimestamp":"2024-04-27T19:27:09.6544557Z","ServerTimestamp":"2024-04-27T19:27:11.5878693Z"},"nsu=http://opcfoundation.org/UA/Plc/Applications;s=BadSlowRandomUIntScalar1":{"Value":3746772123,"SourceTimestamp":"2024-04-27T19:27:09.6544572Z","ServerTimestamp":"2024-04-27T19:27:11.5878762Z"},"nsu=http://opcfoundation.org/UA/Plc/Applications;s=SpikeData":{"Value":-77.051324277578942,"SourceTimestamp":"2024-04-27T19:27:11.5563412Z","ServerTimestamp":"2024-04-27T19:27:11.5878732Z"},"ns=23;i=1259":{"Value":-1.9000000000000001,"SourceTimestamp":"2024-04-27T19:25:20.56998Z","ServerTimestamp":"2024-04-27T19:27:11.5878468Z"}}