{"i=2258":{"Value":"2024-04-27T19:27:14.5958586Z","SourceTimestamp":"2024-04-27T19:25:20.5699463Z","ServerTimestamp":"2024-04-27T19:27:14.5958574Z"},"nsu=http://opcfoundation.org/UA/Plc/Applications;s=StepUp":{"Value":1149,"SourceTimestamp":"2024-04-27T19:27:14.5636621Z","ServerTimestamp":"2024-04-27T19:27:14.595903Z"},"nsu=http://opcfoundation.org/UA/Plc/Applications;s=AlternatingBoolean":{"Value":true,"SourceTimestamp":"2024-04-27T19:27:14.5636894Z","ServerTimestamp":"2024-04-27T19:27:14.5958993Z"},"nsu=http://opcfoundation.org/UA/Plc/Applications;s=RandomSignedInt32":{"Value":547464029,"SourceTimestamp":"2024-04-27T19:27:14.5636864Z","ServerTimestamp":"2024-04-27T19:27:14.5958957Z"},"nsu=http://opcfoundation.org/UA/Plc/Applications;s=RandomUnsignedInt32":{"Value":114697965,"SourceTimestamp":"2024-04-27T19:27:14.5636882Z","ServerTimestamp":"2024-04-27T19:27:14.5959056Z"},"nsu=http://opcfoundation.org/UA/Plc/Applications;s=DipData":{"Value":24.868988716485479,"SourceTimestamp":"2024-04-27T19:27:14.5636874Z","ServerTimestamp":"2024-04-27T19:27:14.5958912Z"},"nsu=http://opcfoundation.org/UA/Plc/Applications;s=FastUIntScalar1":{"Value":114,"SourceTimestamp":"2024-04-27T19:27:13.6639178Z","ServerTimestamp":"2024-04-27T19:27:14.595906Z"},"nsu=http://opcfoundation.org/UA/Plc/Applications;s=FastUIntScalar2":{"Value":114,"SourceTimestamp":"2024-04-27T19:27:13.6639343Z","ServerTimestamp":"2024-04-27T19:27:14.5959047Z"},"nsu=http://opcfoundation.org/UA/Plc/Applications;s=FastUIntScalar3":{"Value":114,"SourceTimestamp":"2024-04-27T19:27:13.6639424Z","ServerTimestamp":"2024-04-27T19:27:14.5958939Z"},"nsu=http://opcfoundation.org/UA/Plc/Applications;s=FastRandomUIntScalar1":{"Value":1329641001,"SourceTimestamp":"2024-04-27T19:27:13.6639316Z","ServerTimestamp":"2024-04-27T19:27:14.5959016Z"},"nsu=http://opcfoundation.org/UA/Plc/Applications;s=FastRandomUIntScalar2":{"Value":4077880585,"SourceTimestamp":"2024-04-27T19:27:13.6639399Z","ServerTimestamp":"2024-04-27T19:27:14.5959023Z"},"nsu=http://opcfoundation.org/UA/Plc/Applications;s=FastRandomUIntScalar3":{"Value":2786727084,"SourceTimestamp":"2024-04-27T19:27:13.6639435Z","ServerTimestamp":"2024-04-27T19:27:14.5958921Z"},"nsu=http://opcfoundation.org/UA/Plc/Applications;s=NegativeTrendData":{"Value":97.799999999999997,"SourceTimestamp":"2024-04-27T19:27:14.5636956Z","ServerTimestamp":"2024-04-27T19:27:14.5958904Z"},"nsu=http://opcfoundation.org/UA/Plc/Applications;s=PositiveTrendData":{"Value":101.5,"SourceTimestamp":"2024-04-27T19:27:14.563679Z","ServerTimestamp":"2024-04-27T19:27:14.5958885Z"},"nsu=http://opcfoundation.org/UA/Plc/Applications;s=SlowUIntScalar1":{"Value":11,"SourceTimestamp":"2024-04-27T19:27:09.6544099Z","ServerTimestamp":"2024-04-27T19:27:14.5958987Z"},"nsu=http://opcfoundation.org/UA/Plc/Applications;s=SlowUIntScalar2":{"Value":11,"SourceTimestamp":"2024-04-27T19:27:09.6544166Z","ServerTimestamp":"2024-04-27T19:27:14.5959066Z"},"nsu=http://opcfoundation.org/UA/Plc/Applications;s=SlowUIntScalar3":{"Value":11,"SourceTimestamp":"2024-04-27T19:27:09.6544183Z","ServerTimestamp":"2024-04-27T19:27:14.5959039Z"},"nsu=http://opcfoundation.org/UA/Plc/Applications;s=BadSlowUIntScalar1":{"Value":1,"SourceTimestamp":"2024-04-27T19:27:09.6544198Z","ServerTimestamp":"2024-04-27T19:27:14.5958931Z"},"nsu=http://opcfoundation.org/UA/Plc/Applications;s=SlowRandomUIntScalar1":{"Value":1251887844,"SourceTimestamp":"2024-04-27T19:27:09.6544496Z","ServerTimestamp":"2024-04-27T19:27:14.5958968Z"},"nsu=http://opcfoundation.org/UA/Plc/Applications;s=SlowRandomUIntScalar2":{"Value":25430798,"SourceTimestamp":"2024-04-27T19:27:09.654453Z","ServerTimestamp":"2024-04-27T19:27:14.5958894Z"},"nsu=http://opcfoundation.org/UA/Plc/Applications;s=SlowRandomUIntScalar3":{"Value":1589629101,"SourceTimestamp":"2024-04-27T19:27:09.6544557Z","ServerTimestamp":"2024-04-27T19:27:14.5958951Z"},"nsu=http://opcfoundation.org/UA/Plc/Applications;s=BadSlowRandomUIntScalar1":{"Value":3746772123,"SourceTimestamp":"2024-04-27T19:27:09.6544572Z","ServerTimestamp":"2024-04-27T19:27:14.595901Z"},"nsu=http://opcfoundation.org/UA/Plc/Applications;s=SpikeData":{"Value":24.868988716485479,"SourceTimestamp":"2024-04-27T19:27:14.5636695Z","ServerTimestamp":"2024-04-27T19:27:14.5958977Z"},"ns=23;i=1259":{"Value":-1.9100000000000001,"SourceTimestamp":"2024-04-27T19:25:20.56998Z","ServerTimestamp":"2024-04-27T19:27:14.5958723Z"}}