{"i=2258":{"Value":"2024-04-27T19:27:17.5831059Z","SourceTimestamp":"2024-04-27T19:25:20.5699463Z","ServerTimestamp":"2024-04-27T19:27:17.5831048Z"},"nsu=http://opcfoundation.org/UA/Plc/Applications;s=StepUp":{"Value":1179,"SourceTimestamp":"2024-04-27T19:27:17.5670192Z","ServerTimestamp":"2024-04-27T19:27:17.5831495Z"},"nsu=http://opcfoundation.org/UA/Plc/Applications;s=AlternatingBoolean":{"Value":false,"SourceTimestamp":"2024-04-27T19:27:17.5670544Z","ServerTimestamp":"2024-04-27T19:27:17.5831463Z"},"nsu=http://opcfoundation.org/UA/Plc/Applications;s=RandomSignedInt32":{"Value":1235141670,"SourceTimestamp":"2024-04-27T19:27:17.5670515Z","ServerTimestamp":"2024-04-27T19:27:17.5831428Z"},"nsu=http://opcfoundation.org/UA/Plc/Applications;s=RandomUnsignedInt32":{"Value":551787029,"SourceTimestamp":"2024-04-27T19:27:17.567046Z","ServerTimestamp":"2024-04-27T19:27:17.5831518Z"},"nsu=http://opcfoundation.org/UA/Plc/Applications;s=DipData":{"Value":36.812455268467772,"SourceTimestamp":"2024-04-27T19:27:17.5670487Z","ServerTimestamp":"2024-04-27T19:27:17.5831382Z"},"nsu=http://opcfoundation.org/UA/Plc/Applications;s=FastUIntScalar1":{"Value":117,"SourceTimestamp":"2024-04-27T19:27:16.6649018Z","ServerTimestamp":"2024-04-27T19:27:17.5831521Z"},"nsu=http://opcfoundation.org/UA/Plc/Applications;s=FastUIntScalar2":{"Value":117,"SourceTimestamp":"2024-04-27T19:27:16.6649106Z","ServerTimestamp":"2024-04-27T19:27:17.583151Z"},"nsu=http://opcfoundation.org/UA/Plc/Applications;s=FastUIntScalar3":{"Value":117,"SourceTimestamp":"2024-04-27T19:27:16.6649142Z","ServerTimestamp":"2024-04-27T19:27:17.5831409Z"},"nsu=http://opcfoundation.org/UA/Plc/Applications;s=FastRandomUIntScalar1":{"Value":142112626,"SourceTimestamp":"2024-04-27T19:27:16.6649047Z","ServerTimestamp":"2024-04-27T19:27:17.5831483Z"},"nsu=http://opcfoundation.org/UA/Plc/Applications;s=FastRandomUIntScalar2":{"Value":599369255,"SourceTimestamp":"2024-04-27T19:27:16.664913Z","ServerTimestamp":"2024-04-27T19:27:17.5831489Z"},"nsu=http://opcfoundation.org/UA/Plc/Applications;s=FastRandomUIntScalar3":{"Value":2313634293,"SourceTimestamp":"2024-04-27T19:27:16.6649158Z","ServerTimestamp":"2024-04-27T19:27:17.583139Z"},"nsu=http://opcfoundation.org/UA/Plc/Applications;s=NegativeTrendData":{"Value":97.700000000000003,"SourceTimestamp":"2024-04-27T19:27:17.5670593Z","ServerTimestamp":"2024-04-27T19:27:17.5831376Z"},"nsu=http://opcfoundation.org/UA/Plc/Applications;s=PositiveTrendData":{"Value":101.59999999999999,"SourceTimestamp":"2024-04-27T19:27:17.5670367Z","ServerTimestamp":"2024-04-27T19:27:17.5831357Z"},"nsu=http://opcfoundation.org/UA/Plc/Applications;s=SlowUIntScalar1":{"Value":11,"SourceTimestamp":"2024-04-27T19:27:09.6544099Z","ServerTimestamp":"2024-04-27T19:27:17.5831454Z"},"nsu=http://opcfoundation.org/UA/Plc/Applications;s=SlowUIntScalar2":{"Value":11,"SourceTimestamp":"2024-04-27T19:27:09.6544166Z","ServerTimestamp":"2024-04-27T19:27:17.5831527Z"},"nsu=http://opcfoundation.org/UA/Plc/Applications;s=SlowUIntScalar3":{"Value":11,"SourceTimestamp":"2024-04-27T19:27:09.6544183Z","ServerTimestamp":"2024-04-27T19:27:17.5831502Z"},"nsu=http://opcfoundation.org/UA/Plc/Applications;s=BadSlowUIntScalar1":{"Value":1,"SourceTimestamp":"2024-04-27T19:27:09.6544198Z","ServerTimestamp":"2024-04-27T19:27:17.5831401Z"},"nsu=http://opcfoundation.org/UA/Plc/Applications;s=SlowRandomUIntScalar1":{"Value":1251887844,"SourceTimestamp":"2024-04-27T19:27:09.6544496Z","ServerTimestamp":"2024-04-27T19:27:17.5831437Z"},"nsu=http://opcfoundation.org/UA/Plc/Applications;s=SlowRandomUIntScalar2":{"Value":25430798,"SourceTimestamp":"2024-04-27T19:27:09.654453Z","ServerTimestamp":"2024-04-27T19:27:17.5831367Z"},"nsu=http://opcfoundation.org/UA/Plc/Applications;s=SlowRandomUIntScalar3":{"Value":1589629101,"SourceTimestamp":"2024-04-27T19:27:09.6544557Z","ServerTimestamp":"2024-04-27T19:27:17.5831422Z"},"nsu=http://opcfoundation.org/UA/Plc/Applications;s=BadSlowRandomUIntScalar1":{"Value":3746772123,"SourceTimestamp":"2024-04-27T19:27:09.6544572Z","ServerTimestamp":"2024-04-27T19:27:17.5831475Z"},"nsu=http://opcfoundation.org/UA/Plc/Applications;s=SpikeData":{"Value":36.812455268467772,"SourceTimestamp":"2024-04-27T19:27:17.5670191Z","ServerTimestamp":"2024-04-27T19:27:17.5831444Z"},"ns=23;i=1259":{"Value":0.098000000000000004,"SourceTimestamp":"2024-04-27T19:25:20.56998Z","ServerTimestamp":"2024-04-27T19:27:17.5831197Z"}}