{"i=2258":{"Value":"2024-04-27T19:25:35.5928483Z","SourceTimestamp":"2024-04-27T19:25:20.5699463Z","ServerTimestamp":"2024-04-27T19:25:35.5928471Z"},"nsu=http://opcfoundation.org/UA/Plc/Applications;s=StepUp":{"Value":159,"SourceTimestamp":"2024-04-27T19:25:35.5613009Z","ServerTimestamp":"2024-04-27T19:25:35.5928923Z"},"nsu=http://opcfoundation.org/UA/Plc/Applications;s=AlternatingBoolean":{"Value":false,"SourceTimestamp":"2024-04-27T19:25:35.5613032Z","ServerTimestamp":"2024-04-27T19:25:35.5928879Z"},"nsu=http://opcfoundation.org/UA/Plc/Applications;s=RandomSignedInt32":{"Value":-1019244876,"SourceTimestamp":"2024-04-27T19:25:35.561324Z","ServerTimestamp":"2024-04-27T19:25:35.5928846Z"},"nsu=http://opcfoundation.org/UA/Plc/Applications;s=RandomUnsignedInt32":{"Value":596631870,"SourceTimestamp":"2024-04-27T19:25:35.5613002Z","ServerTimestamp":"2024-04-27T19:25:35.5928947Z"},"nsu=http://opcfoundation.org/UA/Plc/Applications;s=DipData":{"Value":-84.432792550201498,"SourceTimestamp":"2024-04-27T19:25:35.5612946Z","ServerTimestamp":"2024-04-27T19:25:35.5928806Z"},"nsu=http://opcfoundation.org/UA/Plc/Applications;s=FastUIntScalar1":{"Value":15,"SourceTimestamp":"2024-04-27T19:25:34.6640329Z","ServerTimestamp":"2024-04-27T19:25:35.592895Z"},"nsu=http://opcfoundation.org/UA/Plc/Applications;s=FastUIntScalar2":{"Value":15,"SourceTimestamp":"2024-04-27T19:25:34.6640388Z","ServerTimestamp":"2024-04-27T19:25:35.5928938Z"},"nsu=http://opcfoundation.org/UA/Plc/Applications;s=FastUIntScalar3":{"Value":15,"SourceTimestamp":"2024-04-27T19:25:34.664043Z","ServerTimestamp":"2024-04-27T19:25:35.5928829Z"},"nsu=http://opcfoundation.org/UA/Plc/Applications;s=FastRandomUIntScalar1":{"Value":16776997,"SourceTimestamp":"2024-04-27T19:25:34.66405Z","ServerTimestamp":"2024-04-27T19:25:35.59289Z"},"nsu=http://opcfoundation.org/UA/Plc/Applications;s=FastRandomUIntScalar2":{"Value":399212838,"SourceTimestamp":"2024-04-27T19:25:34.6640542Z","ServerTimestamp":"2024-04-27T19:25:35.5928917Z"},"nsu=http://opcfoundation.org/UA/Plc/Applications;s=FastRandomUIntScalar3":{"Value":388175423,"SourceTimestamp":"2024-04-27T19:25:34.6640561Z","ServerTimestamp":"2024-04-27T19:25:35.5928813Z"},"nsu=http://opcfoundation.org/UA/Plc/Applications;s=NegativeTrendData":{"Value":99.700000000000003,"SourceTimestamp":"2024-04-27T19:25:35.5612972Z","ServerTimestamp":"2024-04-27T19:25:35.59288Z"},"nsu=http://opcfoundation.org/UA/Plc/Applications;s=PositiveTrendData":{"Value":100,"SourceTimestamp":"2024-04-27T19:25:35.5612758Z","ServerTimestamp":"2024-04-27T19:25:35.5928779Z"},"nsu=http://opcfoundation.org/UA/Plc/Applications;s=SlowUIntScalar1":{"Value":1,"SourceTimestamp":"2024-04-27T19:25:29.66179Z","ServerTimestamp":"2024-04-27T19:25:35.5928872Z"},"nsu=http://opcfoundation.org/UA/Plc/Applications;s=SlowUIntScalar2":{"Value":1,"SourceTimestamp":"2024-04-27T19:25:29.6618001Z","ServerTimestamp":"2024-04-27T19:25:35.5928957Z"},"nsu=http://opcfoundation.org/UA/Plc/Applications;s=SlowUIntScalar3":{"Value":1,"SourceTimestamp":"2024-04-27T19:25:29.6618019Z","ServerTimestamp":"2024-04-27T19:25:35.5928931Z"},"nsu=http://opcfoundation.org/UA/Plc/Applications;s=BadSlowUIntScalar1":{"Value":1,"SourceTimestamp":"2024-04-27T19:25:29.6618033Z","ServerTimestamp":"2024-04-27T19:25:35.5928823Z"},"nsu=http://opcfoundation.org/UA/Plc/Applications;s=SlowRandomUIntScalar1":{"Value":456104576,"SourceTimestamp":"2024-04-27T19:25:29.6618252Z","ServerTimestamp":"2024-04-27T19:25:35.5928856Z"},"nsu=http://opcfoundation.org/UA/Plc/Applications;s=SlowRandomUIntScalar2":{"Value":1645122407,"SourceTimestamp":"2024-04-27T19:25:29.6618286Z","ServerTimestamp":"2024-04-27T19:25:35.5928788Z"},"nsu=http://opcfoundation.org/UA/Plc/Applications;s=SlowRandomUIntScalar3":{"Value":2793007354,"SourceTimestamp":"2024-04-27T19:25:29.6618297Z","ServerTimestamp":"2024-04-27T19:25:35.5928839Z"},"nsu=http://opcfoundation.org/UA/Plc/Applications;s=BadSlowRandomUIntScalar1":{"Value":2633453786,"SourceTimestamp":"2024-04-27T19:25:29.6618312Z","ServerTimestamp":"2024-04-27T19:25:35.5928895Z"},"nsu=http://opcfoundation.org/UA/Plc/Applications;s=SpikeData":{"Value":-84.432792550201498,"SourceTimestamp":"2024-04-27T19:25:35.5612561Z","ServerTimestamp":"2024-04-27T19:25:35.5928863Z"},"ns=23;i=1259":{"Value":0.90000000000000002,"SourceTimestamp":"2024-04-27T19:25:20.56998Z","ServerTimestamp":"2024-04-27T19:25:35.5928626Z"}}