{"i=2258":{"Value":"2024-04-27T19:25:36.596338Z","SourceTimestamp":"2024-04-27T19:25:20.5699463Z","ServerTimestamp":"2024-04-27T19:25:36.5963368Z"},"nsu=http://opcfoundation.org/UA/Plc/Applications;s=StepUp":{"Value":169,"SourceTimestamp":"2024-04-27T19:25:36.5650591Z","ServerTimestamp":"2024-04-27T19:25:36.5963812Z"},"nsu=http://opcfoundation.org/UA/Plc/Applications;s=AlternatingBoolean":{"Value":false,"SourceTimestamp":"2024-04-27T19:25:36.5650969Z","ServerTimestamp":"2024-04-27T19:25:36.5963779Z"},"nsu=http://opcfoundation.org/UA/Plc/Applications;s=RandomSignedInt32":{"Value":781235663,"SourceTimestamp":"2024-04-27T19:25:36.5650981Z","ServerTimestamp":"2024-04-27T19:25:36.5963742Z"},"nsu=http://opcfoundation.org/UA/Plc/Applications;s=RandomUnsignedInt32":{"Value":1880025039,"SourceTimestamp":"2024-04-27T19:25:36.5650786Z","ServerTimestamp":"2024-04-27T19:25:36.5963838Z"},"nsu=http://opcfoundation.org/UA/Plc/Applications;s=DipData":{"Value":-77.051324277578942,"SourceTimestamp":"2024-04-27T19:25:36.5650971Z","ServerTimestamp":"2024-04-27T19:25:36.5963698Z"},"nsu=http://opcfoundation.org/UA/Plc/Applications;s=FastUIntScalar1":{"Value":16,"SourceTimestamp":"2024-04-27T19:25:35.6678554Z","ServerTimestamp":"2024-04-27T19:25:36.5963841Z"},"nsu=http://opcfoundation.org/UA/Plc/Applications;s=FastUIntScalar2":{"Value":16,"SourceTimestamp":"2024-04-27T19:25:35.6678609Z","ServerTimestamp":"2024-04-27T19:25:36.5963829Z"},"nsu=http://opcfoundation.org/UA/Plc/Applications;s=FastUIntScalar3":{"Value":16,"SourceTimestamp":"2024-04-27T19:25:35.6678628Z","ServerTimestamp":"2024-04-27T19:25:36.5963722Z"},"nsu=http://opcfoundation.org/UA/Plc/Applications;s=FastRandomUIntScalar1":{"Value":3200025040,"SourceTimestamp":"2024-04-27T19:25:35.6678435Z","ServerTimestamp":"2024-04-27T19:25:36.5963799Z"},"nsu=http://opcfoundation.org/UA/Plc/Applications;s=FastRandomUIntScalar2":{"Value":3711721304,"SourceTimestamp":"2024-04-27T19:25:35.6678453Z","ServerTimestamp":"2024-04-27T19:25:36.5963805Z"},"nsu=http://opcfoundation.org/UA/Plc/Applications;s=FastRandomUIntScalar3":{"Value":2580729299,"SourceTimestamp":"2024-04-27T19:25:35.6678467Z","ServerTimestamp":"2024-04-27T19:25:36.5963706Z"},"nsu=http://opcfoundation.org/UA/Plc/Applications;s=NegativeTrendData":{"Value":99.700000000000003,"SourceTimestamp":"2024-04-27T19:25:36.5650741Z","ServerTimestamp":"2024-04-27T19:25:36.5963693Z"},"nsu=http://opcfoundation.org/UA/Plc/Applications;s=PositiveTrendData":{"Value":100,"SourceTimestamp":"2024-04-27T19:25:36.5650755Z","ServerTimestamp":"2024-04-27T19:25:36.5963674Z"},"nsu=http://opcfoundation.org/UA/Plc/Applications;s=SlowUIntScalar1":{"Value":1,"SourceTimestamp":"2024-04-27T19:25:29.66179Z","ServerTimestamp":"2024-04-27T19:25:36.5963772Z"},"nsu=http://opcfoundation.org/UA/Plc/Applications;s=SlowUIntScalar2":{"Value":1,"SourceTimestamp":"2024-04-27T19:25:29.6618001Z","ServerTimestamp":"2024-04-27T19:25:36.5963848Z"},"nsu=http://opcfoundation.org/UA/Plc/Applications;s=SlowUIntScalar3":{"Value":1,"SourceTimestamp":"2024-04-27T19:25:29.6618019Z","ServerTimestamp":"2024-04-27T19:25:36.5963822Z"},"nsu=http://opcfoundation.org/UA/Plc/Applications;s=BadSlowUIntScalar1":{"Value":1,"SourceTimestamp":"2024-04-27T19:25:29.6618033Z","ServerTimestamp":"2024-04-27T19:25:36.5963716Z"},"nsu=http://opcfoundation.org/UA/Plc/Applications;s=SlowRandomUIntScalar1":{"Value":456104576,"SourceTimestamp":"2024-04-27T19:25:29.6618252Z","ServerTimestamp":"2024-04-27T19:25:36.5963755Z"},"nsu=http://opcfoundation.org/UA/Plc/Applications;s=SlowRandomUIntScalar2":{"Value":1645122407,"SourceTimestamp":"2024-04-27T19:25:29.6618286Z","ServerTimestamp":"2024-04-27T19:25:36.5963683Z"},"nsu=http://opcfoundation.org/UA/Plc/Applications;s=SlowRandomUIntScalar3":{"Value":2793007354,"SourceTimestamp":"2024-04-27T19:25:29.6618297Z","ServerTimestamp":"2024-04-27T19:25:36.5963733Z"},"nsu=http://opcfoundation.org/UA/Plc/Applications;s=BadSlowRandomUIntScalar1":{"Value":2633453786,"SourceTimestamp":"2024-04-27T19:25:29.6618312Z","ServerTimestamp":"2024-04-27T19:25:36.5963793Z"},"nsu=http://opcfoundation.org/UA/Plc/Applications;s=SpikeData":{"Value":-77.051324277578942,"SourceTimestamp":"2024-04-27T19:25:36.5650746Z","ServerTimestamp":"2024-04-27T19:25:36.5963762Z"},"ns=23;i=1259":{"Value":-1.79,"SourceTimestamp":"2024-04-27T19:25:20.56998Z","ServerTimestamp":"2024-04-27T19:25:36.5963517Z"}}