{"i=2258":{"Value":"2024-04-27T19:25:38.5823844Z","SourceTimestamp":"2024-04-27T19:25:20.5699463Z","ServerTimestamp":"2024-04-27T19:25:38.5823828Z"},"nsu=http://opcfoundation.org/UA/Plc/Applications;s=StepUp":{"Value":189,"SourceTimestamp":"2024-04-27T19:25:38.5651966Z","ServerTimestamp":"2024-04-27T19:25:38.5824288Z"},"nsu=http://opcfoundation.org/UA/Plc/Applications;s=AlternatingBoolean":{"Value":false,"SourceTimestamp":"2024-04-27T19:25:38.5652309Z","ServerTimestamp":"2024-04-27T19:25:38.5824256Z"},"nsu=http://opcfoundation.org/UA/Plc/Applications;s=RandomSignedInt32":{"Value":1924825139,"SourceTimestamp":"2024-04-27T19:25:38.5652313Z","ServerTimestamp":"2024-04-27T19:25:38.5824222Z"},"nsu=http://opcfoundation.org/UA/Plc/Applications;s=RandomUnsignedInt32":{"Value":1931698712,"SourceTimestamp":"2024-04-27T19:25:38.5652382Z","ServerTimestamp":"2024-04-27T19:25:38.5824319Z"},"nsu=http://opcfoundation.org/UA/Plc/Applications;s=DipData":{"Value":99.80267284282715,"SourceTimestamp":"2024-04-27T19:25:38.5652284Z","ServerTimestamp":"2024-04-27T19:25:38.5824177Z"},"nsu=http://opcfoundation.org/UA/Plc/Applications;s=FastUIntScalar1":{"Value":18,"SourceTimestamp":"2024-04-27T19:25:37.6547945Z","ServerTimestamp":"2024-04-27T19:25:38.5824323Z"},"nsu=http://opcfoundation.org/UA/Plc/Applications;s=FastUIntScalar2":{"Value":18,"SourceTimestamp":"2024-04-27T19:25:37.6548041Z","ServerTimestamp":"2024-04-27T19:25:38.5824311Z"},"nsu=http://opcfoundation.org/UA/Plc/Applications;s=FastUIntScalar3":{"Value":18,"SourceTimestamp":"2024-04-27T19:25:37.6548063Z","ServerTimestamp":"2024-04-27T19:25:38.5824204Z"},"nsu=http://opcfoundation.org/UA/Plc/Applications;s=FastRandomUIntScalar1":{"Value":3115751613,"SourceTimestamp":"2024-04-27T19:25:37.6547856Z","ServerTimestamp":"2024-04-27T19:25:38.5824275Z"},"nsu=http://opcfoundation.org/UA/Plc/Applications;s=FastRandomUIntScalar2":{"Value":3036628250,"SourceTimestamp":"2024-04-27T19:25:37.654789Z","ServerTimestamp":"2024-04-27T19:25:38.5824282Z"},"nsu=http://opcfoundation.org/UA/Plc/Applications;s=FastRandomUIntScalar3":{"Value":3284092338,"SourceTimestamp":"2024-04-27T19:25:37.6547916Z","ServerTimestamp":"2024-04-27T19:25:38.5824188Z"},"nsu=http://opcfoundation.org/UA/Plc/Applications;s=NegativeTrendData":{"Value":99.700000000000003,"SourceTimestamp":"2024-04-27T19:25:38.5652256Z","ServerTimestamp":"2024-04-27T19:25:38.5824171Z"},"nsu=http://opcfoundation.org/UA/Plc/Applications;s=PositiveTrendData":{"Value":100,"SourceTimestamp":"2024-04-27T19:25:38.5652246Z","ServerTimestamp":"2024-04-27T19:25:38.5824148Z"},"nsu=http://opcfoundation.org/UA/Plc/Applications;s=SlowUIntScalar1":{"Value":1,"SourceTimestamp":"2024-04-27T19:25:29.66179Z","ServerTimestamp":"2024-04-27T19:25:38.5824248Z"},"nsu=http://opcfoundation.org/UA/Plc/Applications;s=SlowUIntScalar2":{"Value":1,"SourceTimestamp":"2024-04-27T19:25:29.6618001Z","ServerTimestamp":"2024-04-27T19:25:38.582433Z"},"nsu=http://opcfoundation.org/UA/Plc/Applications;s=SlowUIntScalar3":{"Value":1,"SourceTimestamp":"2024-04-27T19:25:29.6618019Z","ServerTimestamp":"2024-04-27T19:25:38.5824303Z"},"nsu=http://opcfoundation.org/UA/Plc/Applications;s=BadSlowUIntScalar1":{"Value":1,"SourceTimestamp":"2024-04-27T19:25:29.6618033Z","ServerTimestamp":"2024-04-27T19:25:38.5824197Z"},"nsu=http://opcfoundation.org/UA/Plc/Applications;s=SlowRandomUIntScalar1":{"Value":456104576,"SourceTimestamp":"2024-04-27T19:25:29.6618252Z","ServerTimestamp":"2024-04-27T19:25:38.5824232Z"},"nsu=http://opcfoundation.org/UA/Plc/Applications;s=SlowRandomUIntScalar2":{"Value":1645122407,"SourceTimestamp":"2024-04-27T19:25:29.6618286Z","ServerTimestamp":"2024-04-27T19:25:38.5824157Z"},"nsu=http://opcfoundation.org/UA/Plc/Applications;s=SlowRandomUIntScalar3":{"Value":2793007354,"SourceTimestamp":"2024-04-27T19:25:29.6618297Z","ServerTimestamp":"2024-04-27T19:25:38.5824216Z"},"nsu=http://opcfoundation.org/UA/Plc/Applications;s=BadSlowRandomUIntScalar1":{"Value":2633453786,"SourceTimestamp":"2024-04-27T19:25:29.6618312Z","ServerTimestamp":"2024-04-27T19:25:38.5824269Z"},"nsu=http://opcfoundation.org/UA/Plc/Applications;s=SpikeData":{"Value":99.80267284282715,"SourceTimestamp":"2024-04-27T19:25:38.5652213Z","ServerTimestamp":"2024-04-27T19:25:38.582424Z"},"ns=23;i=1259":{"Value":-0,"SourceTimestamp":"2024-04-27T19:25:20.56998Z","ServerTimestamp":"2024-04-27T19:25:38.5823993Z"}}