{"i=2258":{"Value":"2024-04-27T19:25:22.5857632Z","SourceTimestamp":"2024-04-27T19:25:20.5699463Z","ServerTimestamp":"2024-04-27T19:25:22.5857618Z"},"nsu=http://opcfoundation.org/UA/Plc/Applications;s=StepUp":{"Value":29,"SourceTimestamp":"2024-04-27T19:25:22.5687654Z","ServerTimestamp":"2024-04-27T19:25:22.585807Z"},"nsu=http://opcfoundation.org/UA/Plc/Applications;s=AlternatingBoolean":{"Value":true,"SourceTimestamp":"2024-04-27T19:25:22.5687933Z","ServerTimestamp":"2024-04-27T19:25:22.5858034Z"},"nsu=http://opcfoundation.org/UA/Plc/Applications;s=RandomSignedInt32":{"Value":2140930731,"SourceTimestamp":"2024-04-27T19:25:22.5688223Z","ServerTimestamp":"2024-04-27T19:25:22.5857997Z"},"nsu=http://opcfoundation.org/UA/Plc/Applications;s=RandomUnsignedInt32":{"Value":966489000,"SourceTimestamp":"2024-04-27T19:25:22.5688036Z","ServerTimestamp":"2024-04-27T19:25:22.5858092Z"},"nsu=http://opcfoundation.org/UA/Plc/Applications;s=DipData":{"Value":36.812455268467772,"SourceTimestamp":"2024-04-27T19:25:22.5687999Z","ServerTimestamp":"2024-04-27T19:25:22.5857952Z"},"nsu=http://opcfoundation.org/UA/Plc/Applications;s=FastUIntScalar1":{"Value":2,"SourceTimestamp":"2024-04-27T19:25:21.6634372Z","ServerTimestamp":"2024-04-27T19:25:22.5858096Z"},"nsu=http://opcfoundation.org/UA/Plc/Applications;s=FastUIntScalar2":{"Value":2,"SourceTimestamp":"2024-04-27T19:25:21.6634438Z","ServerTimestamp":"2024-04-27T19:25:22.5858084Z"},"nsu=http://opcfoundation.org/UA/Plc/Applications;s=FastUIntScalar3":{"Value":2,"SourceTimestamp":"2024-04-27T19:25:21.6634501Z","ServerTimestamp":"2024-04-27T19:25:22.5857978Z"},"nsu=http://opcfoundation.org/UA/Plc/Applications;s=FastRandomUIntScalar1":{"Value":79221963,"SourceTimestamp":"2024-04-27T19:25:21.6634463Z","ServerTimestamp":"2024-04-27T19:25:22.5858053Z"},"nsu=http://opcfoundation.org/UA/Plc/Applications;s=FastRandomUIntScalar2":{"Value":785326150,"SourceTimestamp":"2024-04-27T19:25:21.6634493Z","ServerTimestamp":"2024-04-27T19:25:22.585806Z"},"nsu=http://opcfoundation.org/UA/Plc/Applications;s=FastRandomUIntScalar3":{"Value":106613800,"SourceTimestamp":"2024-04-27T19:25:21.6634509Z","ServerTimestamp":"2024-04-27T19:25:22.5857961Z"},"nsu=http://opcfoundation.org/UA/Plc/Applications;s=NegativeTrendData":{"Value":100,"SourceTimestamp":"2024-04-27T19:25:22.5687853Z","ServerTimestamp":"2024-04-27T19:25:22.5857948Z"},"nsu=http://opcfoundation.org/UA/Plc/Applications;s=PositiveTrendData":{"Value":100,"SourceTimestamp":"2024-04-27T19:25:22.5687801Z","ServerTimestamp":"2024-04-27T19:25:22.585793Z"},"nsu=http://opcfoundation.org/UA/Plc/Applications;s=SlowUIntScalar1":{"Value":0,"SourceTimestamp":"2024-04-27T19:25:19.6543761Z","ServerTimestamp":"2024-04-27T19:25:22.5858029Z"},"nsu=http://opcfoundation.org/UA/Plc/Applications;s=SlowUIntScalar2":{"Value":0,"SourceTimestamp":"2024-04-27T19:25:19.6543769Z","ServerTimestamp":"2024-04-27T19:25:22.5858102Z"},"nsu=http://opcfoundation.org/UA/Plc/Applications;s=SlowUIntScalar3":{"Value":0,"SourceTimestamp":"2024-04-27T19:25:19.6543797Z","ServerTimestamp":"2024-04-27T19:25:22.5858077Z"},"nsu=http://opcfoundation.org/UA/Plc/Applications;s=BadSlowUIntScalar1":{"Value":0,"SourceTimestamp":"2024-04-27T19:25:19.6543817Z","ServerTimestamp":"2024-04-27T19:25:22.5857972Z"},"nsu=http://opcfoundation.org/UA/Plc/Applications;s=SlowRandomUIntScalar1":{"Value":0,"SourceTimestamp":"2024-04-27T19:25:19.6543884Z","ServerTimestamp":"2024-04-27T19:25:22.5858012Z"},"nsu=http://opcfoundation.org/UA/Plc/Applications;s=SlowRandomUIntScalar2":{"Value":0,"SourceTimestamp":"2024-04-27T19:25:19.6543889Z","ServerTimestamp":"2024-04-27T19:25:22.5857939Z"},"nsu=http://opcfoundation.org/UA/Plc/Applications;s=SlowRandomUIntScalar3":{"Value":0,"SourceTimestamp":"2024-04-27T19:25:19.6543894Z","ServerTimestamp":"2024-04-27T19:25:22.5857987Z"},"nsu=http://opcfoundation.org/UA/Plc/Applications;s=BadSlowRandomUIntScalar1":{"Value":0,"SourceTimestamp":"2024-04-27T19:25:19.654391Z","ServerTimestamp":"2024-04-27T19:25:22.5858048Z"},"nsu=http://opcfoundation.org/UA/Plc/Applications;s=SpikeData":{"Value":36.812455268467772,"SourceTimestamp":"2024-04-27T19:25:22.568786Z","ServerTimestamp":"2024-04-27T19:25:22.5858019Z"},"ns=23;i=1259":{"Value":0.19600000000000001,"SourceTimestamp":"2024-04-27T19:25:20.56998Z","ServerTimestamp":"2024-04-27T19:25:22.585777Z"}}