{"i=2258":{"Value":"2024-04-27T19:25:45.5919325Z","SourceTimestamp":"2024-04-27T19:25:20.5699463Z","ServerTimestamp":"2024-04-27T19:25:45.5919312Z"},"nsu=http://opcfoundation.org/UA/Plc/Applications;s=StepUp":{"Value":259,"SourceTimestamp":"2024-04-27T19:25:45.5600366Z","ServerTimestamp":"2024-04-27T19:25:45.5919818Z"},"nsu=http://opcfoundation.org/UA/Plc/Applications;s=AlternatingBoolean":{"Value":false,"SourceTimestamp":"2024-04-27T19:25:45.560086Z","ServerTimestamp":"2024-04-27T19:25:45.5919782Z"},"nsu=http://opcfoundation.org/UA/Plc/Applications;s=RandomSignedInt32":{"Value":-654755446,"SourceTimestamp":"2024-04-27T19:25:45.5600844Z","ServerTimestamp":"2024-04-27T19:25:45.5919747Z"},"nsu=http://opcfoundation.org/UA/Plc/Applications;s=RandomUnsignedInt32":{"Value":624716464,"SourceTimestamp":"2024-04-27T19:25:45.5600812Z","ServerTimestamp":"2024-04-27T19:25:45.5919844Z"},"nsu=http://opcfoundation.org/UA/Plc/Applications;s=DipData":{"Value":-84.432792550201498,"SourceTimestamp":"2024-04-27T19:25:45.5601086Z","ServerTimestamp":"2024-04-27T19:25:45.5919696Z"},"nsu=http://opcfoundation.org/UA/Plc/Applications;s=FastUIntScalar1":{"Value":25,"SourceTimestamp":"2024-04-27T19:25:44.6533727Z","ServerTimestamp":"2024-04-27T19:25:45.5919848Z"},"nsu=http://opcfoundation.org/UA/Plc/Applications;s=FastUIntScalar2":{"Value":25,"SourceTimestamp":"2024-04-27T19:25:44.6533812Z","ServerTimestamp":"2024-04-27T19:25:45.5919835Z"},"nsu=http://opcfoundation.org/UA/Plc/Applications;s=FastUIntScalar3":{"Value":25,"SourceTimestamp":"2024-04-27T19:25:44.6533845Z","ServerTimestamp":"2024-04-27T19:25:45.5919728Z"},"nsu=http://opcfoundation.org/UA/Plc/Applications;s=FastRandomUIntScalar1":{"Value":2434191629,"SourceTimestamp":"2024-04-27T19:25:44.6533726Z","ServerTimestamp":"2024-04-27T19:25:45.5919803Z"},"nsu=http://opcfoundation.org/UA/Plc/Applications;s=FastRandomUIntScalar2":{"Value":3714038340,"SourceTimestamp":"2024-04-27T19:25:44.6533745Z","ServerTimestamp":"2024-04-27T19:25:45.5919811Z"},"nsu=http://opcfoundation.org/UA/Plc/Applications;s=FastRandomUIntScalar3":{"Value":3494062413,"SourceTimestamp":"2024-04-27T19:25:44.6533815Z","ServerTimestamp":"2024-04-27T19:25:45.5919707Z"},"nsu=http://opcfoundation.org/UA/Plc/Applications;s=NegativeTrendData":{"Value":99.5,"SourceTimestamp":"2024-04-27T19:25:45.560076Z","ServerTimestamp":"2024-04-27T19:25:45.5919691Z"},"nsu=http://opcfoundation.org/UA/Plc/Applications;s=PositiveTrendData":{"Value":100,"SourceTimestamp":"2024-04-27T19:25:45.5600645Z","ServerTimestamp":"2024-04-27T19:25:45.591966Z"},"nsu=http://opcfoundation.org/UA/Plc/Applications;s=SlowUIntScalar1":{"Value":2,"SourceTimestamp":"2024-04-27T19:25:39.6672017Z","ServerTimestamp":"2024-04-27T19:25:45.5919776Z"},"nsu=http://opcfoundation.org/UA/Plc/Applications;s=SlowUIntScalar2":{"Value":2,"SourceTimestamp":"2024-04-27T19:25:39.6672083Z","ServerTimestamp":"2024-04-27T19:25:45.5919855Z"},"nsu=http://opcfoundation.org/UA/Plc/Applications;s=SlowUIntScalar3":{"Value":2,"SourceTimestamp":"2024-04-27T19:25:39.6672099Z","ServerTimestamp":"2024-04-27T19:25:45.5919826Z"},"nsu=http://opcfoundation.org/UA/Plc/Applications;s=BadSlowUIntScalar1":{"Value":2,"SourceTimestamp":"2024-04-27T19:25:39.6672112Z","ServerTimestamp":"2024-04-27T19:25:45.5919718Z"},"nsu=http://opcfoundation.org/UA/Plc/Applications;s=SlowRandomUIntScalar1":{"Value":1867722554,"SourceTimestamp":"2024-04-27T19:25:39.6672336Z","ServerTimestamp":"2024-04-27T19:25:45.5919758Z"},"nsu=http://opcfoundation.org/UA/Plc/Applications;s=SlowRandomUIntScalar2":{"Value":1549297376,"SourceTimestamp":"2024-04-27T19:25:39.6672352Z","ServerTimestamp":"2024-04-27T19:25:45.591967Z"},"nsu=http://opcfoundation.org/UA/Plc/Applications;s=SlowRandomUIntScalar3":{"Value":1951541550,"SourceTimestamp":"2024-04-27T19:25:39.6672362Z","ServerTimestamp":"2024-04-27T19:25:45.591974Z"},"nsu=http://opcfoundation.org/UA/Plc/Applications;s=BadSlowRandomUIntScalar1":{"Value":1566089662,"SourceTimestamp":"2024-04-27T19:25:39.6672379Z","ServerTimestamp":"2024-04-27T19:25:45.5919797Z"},"nsu=http://opcfoundation.org/UA/Plc/Applications;s=SpikeData":{"Value":-84.432792550201498,"SourceTimestamp":"2024-04-27T19:25:45.5600765Z","ServerTimestamp":"2024-04-27T19:25:45.5919766Z"},"ns=23;i=1259":{"Value":1.1799999999999999,"SourceTimestamp":"2024-04-27T19:25:20.56998Z","ServerTimestamp":"2024-04-27T19:25:45.5919489Z"}}