{"i=2258":{"Value":"2024-04-27T19:25:48.5885861Z","SourceTimestamp":"2024-04-27T19:25:20.5699463Z","ServerTimestamp":"2024-04-27T19:25:48.5885845Z"},"nsu=http://opcfoundation.org/UA/Plc/Applications;s=StepUp":{"Value":289,"SourceTimestamp":"2024-04-27T19:25:48.5555249Z","ServerTimestamp":"2024-04-27T19:25:48.5886329Z"},"nsu=http://opcfoundation.org/UA/Plc/Applications;s=AlternatingBoolean":{"Value":false,"SourceTimestamp":"2024-04-27T19:25:48.5556002Z","ServerTimestamp":"2024-04-27T19:25:48.5886294Z"},"nsu=http://opcfoundation.org/UA/Plc/Applications;s=RandomSignedInt32":{"Value":1759079883,"SourceTimestamp":"2024-04-27T19:25:48.5555598Z","ServerTimestamp":"2024-04-27T19:25:48.5886258Z"},"nsu=http://opcfoundation.org/UA/Plc/Applications;s=RandomUnsignedInt32":{"Value":600513189,"SourceTimestamp":"2024-04-27T19:25:48.5555595Z","ServerTimestamp":"2024-04-27T19:25:48.5886354Z"},"nsu=http://opcfoundation.org/UA/Plc/Applications;s=DipData":{"Value":99.80267284282715,"SourceTimestamp":"2024-04-27T19:25:48.5555668Z","ServerTimestamp":"2024-04-27T19:25:48.5886198Z"},"nsu=http://opcfoundation.org/UA/Plc/Applications;s=FastUIntScalar1":{"Value":28,"SourceTimestamp":"2024-04-27T19:25:47.6553287Z","ServerTimestamp":"2024-04-27T19:25:48.5886357Z"},"nsu=http://opcfoundation.org/UA/Plc/Applications;s=FastUIntScalar2":{"Value":28,"SourceTimestamp":"2024-04-27T19:25:47.6553333Z","ServerTimestamp":"2024-04-27T19:25:48.5886345Z"},"nsu=http://opcfoundation.org/UA/Plc/Applications;s=FastUIntScalar3":{"Value":28,"SourceTimestamp":"2024-04-27T19:25:47.6553357Z","ServerTimestamp":"2024-04-27T19:25:48.5886239Z"},"nsu=http://opcfoundation.org/UA/Plc/Applications;s=FastRandomUIntScalar1":{"Value":2569570244,"SourceTimestamp":"2024-04-27T19:25:47.6553257Z","ServerTimestamp":"2024-04-27T19:25:48.5886314Z"},"nsu=http://opcfoundation.org/UA/Plc/Applications;s=FastRandomUIntScalar2":{"Value":2854005883,"SourceTimestamp":"2024-04-27T19:25:47.6553306Z","ServerTimestamp":"2024-04-27T19:25:48.5886321Z"},"nsu=http://opcfoundation.org/UA/Plc/Applications;s=FastRandomUIntScalar3":{"Value":653261313,"SourceTimestamp":"2024-04-27T19:25:47.6553342Z","ServerTimestamp":"2024-04-27T19:25:48.5886209Z"},"nsu=http://opcfoundation.org/UA/Plc/Applications;s=NegativeTrendData":{"Value":99.5,"SourceTimestamp":"2024-04-27T19:25:48.5555528Z","ServerTimestamp":"2024-04-27T19:25:48.5886193Z"},"nsu=http://opcfoundation.org/UA/Plc/Applications;s=PositiveTrendData":{"Value":100,"SourceTimestamp":"2024-04-27T19:25:48.5555468Z","ServerTimestamp":"2024-04-27T19:25:48.5886167Z"},"nsu=http://opcfoundation.org/UA/Plc/Applications;s=SlowUIntScalar1":{"Value":2,"SourceTimestamp":"2024-04-27T19:25:39.6672017Z","ServerTimestamp":"2024-04-27T19:25:48.5886288Z"},"nsu=http://opcfoundation.org/UA/Plc/Applications;s=SlowUIntScalar2":{"Value":2,"SourceTimestamp":"2024-04-27T19:25:39.6672083Z","ServerTimestamp":"2024-04-27T19:25:48.5886364Z"},"nsu=http://opcfoundation.org/UA/Plc/Applications;s=SlowUIntScalar3":{"Value":2,"SourceTimestamp":"2024-04-27T19:25:39.6672099Z","ServerTimestamp":"2024-04-27T19:25:48.5886337Z"},"nsu=http://opcfoundation.org/UA/Plc/Applications;s=BadSlowUIntScalar1":{"Value":2,"SourceTimestamp":"2024-04-27T19:25:39.6672112Z","ServerTimestamp":"2024-04-27T19:25:48.588622Z"},"nsu=http://opcfoundation.org/UA/Plc/Applications;s=SlowRandomUIntScalar1":{"Value":1867722554,"SourceTimestamp":"2024-04-27T19:25:39.6672336Z","ServerTimestamp":"2024-04-27T19:25:48.5886271Z"},"nsu=http://opcfoundation.org/UA/Plc/Applications;s=SlowRandomUIntScalar2":{"Value":1549297376,"SourceTimestamp":"2024-04-27T19:25:39.6672352Z","ServerTimestamp":"2024-04-27T19:25:48.588618Z"},"nsu=http://opcfoundation.org/UA/Plc/Applications;s=SlowRandomUIntScalar3":{"Value":1951541550,"SourceTimestamp":"2024-04-27T19:25:39.6672362Z","ServerTimestamp":"2024-04-27T19:25:48.5886252Z"},"nsu=http://opcfoundation.org/UA/Plc/Applications;s=BadSlowRandomUIntScalar1":{"Value":1566089662,"SourceTimestamp":"2024-04-27T19:25:39.6672379Z","ServerTimestamp":"2024-04-27T19:25:48.5886308Z"},"nsu=http://opcfoundation.org/UA/Plc/Applications;s=SpikeData":{"Value":99.80267284282715,"SourceTimestamp":"2024-04-27T19:25:48.5555358Z","ServerTimestamp":"2024-04-27T19:25:48.5886279Z"},"ns=23;i=1259":{"Value":0.26500000000000001,"SourceTimestamp":"2024-04-27T19:25:20.56998Z","ServerTimestamp":"2024-04-27T19:25:48.5886005Z"}}