{"i=2258":{"Value":"2024-04-27T19:25:23.5920545Z","SourceTimestamp":"2024-04-27T19:25:20.5699463Z","ServerTimestamp":"2024-04-27T19:25:23.592053Z"},"nsu=http://opcfoundation.org/UA/Plc/Applications;s=StepUp":{"Value":39,"SourceTimestamp":"2024-04-27T19:25:23.5598563Z","ServerTimestamp":"2024-04-27T19:25:23.5920991Z"},"nsu=http://opcfoundation.org/UA/Plc/Applications;s=AlternatingBoolean":{"Value":true,"SourceTimestamp":"2024-04-27T19:25:23.5598813Z","ServerTimestamp":"2024-04-27T19:25:23.5920956Z"},"nsu=http://opcfoundation.org/UA/Plc/Applications;s=RandomSignedInt32":{"Value":1603540607,"SourceTimestamp":"2024-04-27T19:25:23.5598814Z","ServerTimestamp":"2024-04-27T19:25:23.5920921Z"},"nsu=http://opcfoundation.org/UA/Plc/Applications;s=RandomUnsignedInt32":{"Value":537419324,"SourceTimestamp":"2024-04-27T19:25:23.5598767Z","ServerTimestamp":"2024-04-27T19:25:23.5921016Z"},"nsu=http://opcfoundation.org/UA/Plc/Applications;s=DipData":{"Value":99.80267284282715,"SourceTimestamp":"2024-04-27T19:25:23.559874Z","ServerTimestamp":"2024-04-27T19:25:23.5920877Z"},"nsu=http://opcfoundation.org/UA/Plc/Applications;s=FastUIntScalar1":{"Value":3,"SourceTimestamp":"2024-04-27T19:25:22.6610947Z","ServerTimestamp":"2024-04-27T19:25:23.5921021Z"},"nsu=http://opcfoundation.org/UA/Plc/Applications;s=FastUIntScalar2":{"Value":3,"SourceTimestamp":"2024-04-27T19:25:22.6611029Z","ServerTimestamp":"2024-04-27T19:25:23.5921007Z"},"nsu=http://opcfoundation.org/UA/Plc/Applications;s=FastUIntScalar3":{"Value":3,"SourceTimestamp":"2024-04-27T19:25:22.6611061Z","ServerTimestamp":"2024-04-27T19:25:23.5920903Z"},"nsu=http://opcfoundation.org/UA/Plc/Applications;s=FastRandomUIntScalar1":{"Value":1485131304,"SourceTimestamp":"2024-04-27T19:25:22.6610969Z","ServerTimestamp":"2024-04-27T19:25:23.5920977Z"},"nsu=http://opcfoundation.org/UA/Plc/Applications;s=FastRandomUIntScalar2":{"Value":484657583,"SourceTimestamp":"2024-04-27T19:25:22.6611044Z","ServerTimestamp":"2024-04-27T19:25:23.5920984Z"},"nsu=http://opcfoundation.org/UA/Plc/Applications;s=FastRandomUIntScalar3":{"Value":110516094,"SourceTimestamp":"2024-04-27T19:25:22.6611069Z","ServerTimestamp":"2024-04-27T19:25:23.5920886Z"},"nsu=http://opcfoundation.org/UA/Plc/Applications;s=NegativeTrendData":{"Value":100,"SourceTimestamp":"2024-04-27T19:25:23.5598777Z","ServerTimestamp":"2024-04-27T19:25:23.5920871Z"},"nsu=http://opcfoundation.org/UA/Plc/Applications;s=PositiveTrendData":{"Value":100,"SourceTimestamp":"2024-04-27T19:25:23.5598672Z","ServerTimestamp":"2024-04-27T19:25:23.5920853Z"},"nsu=http://opcfoundation.org/UA/Plc/Applications;s=SlowUIntScalar1":{"Value":0,"SourceTimestamp":"2024-04-27T19:25:19.6543761Z","ServerTimestamp":"2024-04-27T19:25:23.592095Z"},"nsu=http://opcfoundation.org/UA/Plc/Applications;s=SlowUIntScalar2":{"Value":0,"SourceTimestamp":"2024-04-27T19:25:19.6543769Z","ServerTimestamp":"2024-04-27T19:25:23.5921028Z"},"nsu=http://opcfoundation.org/UA/Plc/Applications;s=SlowUIntScalar3":{"Value":0,"SourceTimestamp":"2024-04-27T19:25:19.6543797Z","ServerTimestamp":"2024-04-27T19:25:23.5920999Z"},"nsu=http://opcfoundation.org/UA/Plc/Applications;s=BadSlowUIntScalar1":{"Value":0,"SourceTimestamp":"2024-04-27T19:25:19.6543817Z","ServerTimestamp":"2024-04-27T19:25:23.5920896Z"},"nsu=http://opcfoundation.org/UA/Plc/Applications;s=SlowRandomUIntScalar1":{"Value":0,"SourceTimestamp":"2024-04-27T19:25:19.6543884Z","ServerTimestamp":"2024-04-27T19:25:23.5920933Z"},"nsu=http://opcfoundation.org/UA/Plc/Applications;s=SlowRandomUIntScalar2":{"Value":0,"SourceTimestamp":"2024-04-27T19:25:19.6543889Z","ServerTimestamp":"2024-04-27T19:25:23.5920862Z"},"nsu=http://opcfoundation.org/UA/Plc/Applications;s=SlowRandomUIntScalar3":{"Value":0,"SourceTimestamp":"2024-04-27T19:25:19.6543894Z","ServerTimestamp":"2024-04-27T19:25:23.5920914Z"},"nsu=http://opcfoundation.org/UA/Plc/Applications;s=BadSlowRandomUIntScalar1":{"Value":0,"SourceTimestamp":"2024-04-27T19:25:19.654391Z","ServerTimestamp":"2024-04-27T19:25:23.5920971Z"},"nsu=http://opcfoundation.org/UA/Plc/Applications;s=SpikeData":{"Value":99.80267284282715,"SourceTimestamp":"2024-04-27T19:25:23.5598746Z","ServerTimestamp":"2024-04-27T19:25:23.5920941Z"},"ns=23;i=1259":{"Value":-0.20000000000000001,"SourceTimestamp":"2024-04-27T19:25:20.56998Z","ServerTimestamp":"2024-04-27T19:25:23.5920698Z"}}