{"i=2258":{"Value":"2024-04-27T19:25:50.5935169Z","SourceTimestamp":"2024-04-27T19:25:20.5699463Z","ServerTimestamp":"2024-04-27T19:25:50.5935156Z"},"nsu=http://opcfoundation.org/UA/Plc/Applications;s=StepUp":{"Value":309,"SourceTimestamp":"2024-04-27T19:25:50.561753Z","ServerTimestamp":"2024-04-27T19:25:50.5935644Z"},"nsu=http://opcfoundation.org/UA/Plc/Applications;s=AlternatingBoolean":{"Value":true,"SourceTimestamp":"2024-04-27T19:25:50.5618445Z","ServerTimestamp":"2024-04-27T19:25:50.5935608Z"},"nsu=http://opcfoundation.org/UA/Plc/Applications;s=RandomSignedInt32":{"Value":-2128337089,"SourceTimestamp":"2024-04-27T19:25:50.5618399Z","ServerTimestamp":"2024-04-27T19:25:50.593557Z"},"nsu=http://opcfoundation.org/UA/Plc/Applications;s=RandomUnsignedInt32":{"Value":1209205415,"SourceTimestamp":"2024-04-27T19:25:50.5618354Z","ServerTimestamp":"2024-04-27T19:25:50.5935671Z"},"nsu=http://opcfoundation.org/UA/Plc/Applications;s=DipData":{"Value":-84.432792550201498,"SourceTimestamp":"2024-04-27T19:25:50.5618298Z","ServerTimestamp":"2024-04-27T19:25:50.5935523Z"},"nsu=http://opcfoundation.org/UA/Plc/Applications;s=FastUIntScalar1":{"Value":30,"SourceTimestamp":"2024-04-27T19:25:49.6540279Z","ServerTimestamp":"2024-04-27T19:25:50.5935675Z"},"nsu=http://opcfoundation.org/UA/Plc/Applications;s=FastUIntScalar2":{"Value":30,"SourceTimestamp":"2024-04-27T19:25:49.6540293Z","ServerTimestamp":"2024-04-27T19:25:50.5935661Z"},"nsu=http://opcfoundation.org/UA/Plc/Applications;s=FastUIntScalar3":{"Value":30,"SourceTimestamp":"2024-04-27T19:25:49.6540308Z","ServerTimestamp":"2024-04-27T19:25:50.5935552Z"},"nsu=http://opcfoundation.org/UA/Plc/Applications;s=FastRandomUIntScalar1":{"Value":3741966568,"SourceTimestamp":"2024-04-27T19:25:49.6540326Z","ServerTimestamp":"2024-04-27T19:25:50.5935629Z"},"nsu=http://opcfoundation.org/UA/Plc/Applications;s=FastRandomUIntScalar2":{"Value":3998952063,"SourceTimestamp":"2024-04-27T19:25:49.6540367Z","ServerTimestamp":"2024-04-27T19:25:50.5935636Z"},"nsu=http://opcfoundation.org/UA/Plc/Applications;s=FastRandomUIntScalar3":{"Value":3430938481,"SourceTimestamp":"2024-04-27T19:25:49.6540382Z","ServerTimestamp":"2024-04-27T19:25:50.5935533Z"},"nsu=http://opcfoundation.org/UA/Plc/Applications;s=NegativeTrendData":{"Value":99.400000000000006,"SourceTimestamp":"2024-04-27T19:25:50.5618251Z","ServerTimestamp":"2024-04-27T19:25:50.5935518Z"},"nsu=http://opcfoundation.org/UA/Plc/Applications;s=PositiveTrendData":{"Value":100,"SourceTimestamp":"2024-04-27T19:25:50.5618186Z","ServerTimestamp":"2024-04-27T19:25:50.5935497Z"},"nsu=http://opcfoundation.org/UA/Plc/Applications;s=SlowUIntScalar1":{"Value":3,"SourceTimestamp":"2024-04-27T19:25:49.6539909Z","ServerTimestamp":"2024-04-27T19:25:50.5935601Z"},"nsu=http://opcfoundation.org/UA/Plc/Applications;s=SlowUIntScalar2":{"Value":3,"SourceTimestamp":"2024-04-27T19:25:49.6540115Z","ServerTimestamp":"2024-04-27T19:25:50.5935683Z"},"nsu=http://opcfoundation.org/UA/Plc/Applications;s=SlowUIntScalar3":{"Value":3,"SourceTimestamp":"2024-04-27T19:25:49.6540129Z","ServerTimestamp":"2024-04-27T19:25:50.5935652Z"},"nsu=http://opcfoundation.org/UA/Plc/Applications;s=BadSlowUIntScalar1":{"Value":3,"SourceTimestamp":"2024-04-27T19:25:49.6540206Z","ServerTimestamp":"2024-04-27T19:25:50.5935543Z"},"nsu=http://opcfoundation.org/UA/Plc/Applications;s=SlowRandomUIntScalar1":{"Value":2146680727,"SourceTimestamp":"2024-04-27T19:25:49.6540248Z","ServerTimestamp":"2024-04-27T19:25:50.5935581Z"},"nsu=http://opcfoundation.org/UA/Plc/Applications;s=SlowRandomUIntScalar2":{"Value":2094805350,"SourceTimestamp":"2024-04-27T19:25:49.6540273Z","ServerTimestamp":"2024-04-27T19:25:50.5935507Z"},"nsu=http://opcfoundation.org/UA/Plc/Applications;s=SlowRandomUIntScalar3":{"Value":1935978662,"SourceTimestamp":"2024-04-27T19:25:49.6540285Z","ServerTimestamp":"2024-04-27T19:25:50.5935563Z"},"nsu=http://opcfoundation.org/UA/Plc/Applications;s=BadSlowRandomUIntScalar1":{"Value":3033923479,"SourceTimestamp":"2024-04-27T19:25:49.65403Z","ServerTimestamp":"2024-04-27T19:25:50.5935623Z"},"nsu=http://opcfoundation.org/UA/Plc/Applications;s=SpikeData":{"Value":-84.432792550201498,"SourceTimestamp":"2024-04-27T19:25:50.5618117Z","ServerTimestamp":"2024-04-27T19:25:50.5935589Z"},"ns=23;i=1259":{"Value":1.3200000000000001,"SourceTimestamp":"2024-04-27T19:25:20.56998Z","ServerTimestamp":"2024-04-27T19:25:50.5935331Z"}}