{"i=2258":{"Value":"2024-04-27T19:25:51.5860417Z","SourceTimestamp":"2024-04-27T19:25:20.5699463Z","ServerTimestamp":"2024-04-27T19:25:51.5860405Z"},"nsu=http://opcfoundation.org/UA/Plc/Applications;s=StepUp":{"Value":319,"SourceTimestamp":"2024-04-27T19:25:51.5690807Z","ServerTimestamp":"2024-04-27T19:25:51.5860864Z"},"nsu=http://opcfoundation.org/UA/Plc/Applications;s=AlternatingBoolean":{"Value":true,"SourceTimestamp":"2024-04-27T19:25:51.5690848Z","ServerTimestamp":"2024-04-27T19:25:51.5860831Z"},"nsu=http://opcfoundation.org/UA/Plc/Applications;s=RandomSignedInt32":{"Value":1602922520,"SourceTimestamp":"2024-04-27T19:25:51.5690992Z","ServerTimestamp":"2024-04-27T19:25:51.5860799Z"},"nsu=http://opcfoundation.org/UA/Plc/Applications;s=RandomUnsignedInt32":{"Value":2101705471,"SourceTimestamp":"2024-04-27T19:25:51.5690829Z","ServerTimestamp":"2024-04-27T19:25:51.5860888Z"},"nsu=http://opcfoundation.org/UA/Plc/Applications;s=DipData":{"Value":-77.051324277578942,"SourceTimestamp":"2024-04-27T19:25:51.5690812Z","ServerTimestamp":"2024-04-27T19:25:51.586074Z"},"nsu=http://opcfoundation.org/UA/Plc/Applications;s=FastUIntScalar1":{"Value":31,"SourceTimestamp":"2024-04-27T19:25:50.6538467Z","ServerTimestamp":"2024-04-27T19:25:51.5860892Z"},"nsu=http://opcfoundation.org/UA/Plc/Applications;s=FastUIntScalar2":{"Value":31,"SourceTimestamp":"2024-04-27T19:25:50.6538549Z","ServerTimestamp":"2024-04-27T19:25:51.586088Z"},"nsu=http://opcfoundation.org/UA/Plc/Applications;s=FastUIntScalar3":{"Value":31,"SourceTimestamp":"2024-04-27T19:25:50.6538649Z","ServerTimestamp":"2024-04-27T19:25:51.5860778Z"},"nsu=http://opcfoundation.org/UA/Plc/Applications;s=FastRandomUIntScalar1":{"Value":2337258390,"SourceTimestamp":"2024-04-27T19:25:50.6538693Z","ServerTimestamp":"2024-04-27T19:25:51.5860851Z"},"nsu=http://opcfoundation.org/UA/Plc/Applications;s=FastRandomUIntScalar2":{"Value":3412296580,"SourceTimestamp":"2024-04-27T19:25:50.6538864Z","ServerTimestamp":"2024-04-27T19:25:51.5860858Z"},"nsu=http://opcfoundation.org/UA/Plc/Applications;s=FastRandomUIntScalar3":{"Value":1833993970,"SourceTimestamp":"2024-04-27T19:25:50.6538881Z","ServerTimestamp":"2024-04-27T19:25:51.5860749Z"},"nsu=http://opcfoundation.org/UA/Plc/Applications;s=NegativeTrendData":{"Value":99.400000000000006,"SourceTimestamp":"2024-04-27T19:25:51.5690729Z","ServerTimestamp":"2024-04-27T19:25:51.5860735Z"},"nsu=http://opcfoundation.org/UA/Plc/Applications;s=PositiveTrendData":{"Value":100,"SourceTimestamp":"2024-04-27T19:25:51.5690747Z","ServerTimestamp":"2024-04-27T19:25:51.5860718Z"},"nsu=http://opcfoundation.org/UA/Plc/Applications;s=SlowUIntScalar1":{"Value":3,"SourceTimestamp":"2024-04-27T19:25:49.6539909Z","ServerTimestamp":"2024-04-27T19:25:51.5860825Z"},"nsu=http://opcfoundation.org/UA/Plc/Applications;s=SlowUIntScalar2":{"Value":3,"SourceTimestamp":"2024-04-27T19:25:49.6540115Z","ServerTimestamp":"2024-04-27T19:25:51.5860898Z"},"nsu=http://opcfoundation.org/UA/Plc/Applications;s=SlowUIntScalar3":{"Value":3,"SourceTimestamp":"2024-04-27T19:25:49.6540129Z","ServerTimestamp":"2024-04-27T19:25:51.5860872Z"},"nsu=http://opcfoundation.org/UA/Plc/Applications;s=BadSlowUIntScalar1":{"Value":3,"SourceTimestamp":"2024-04-27T19:25:49.6540206Z","ServerTimestamp":"2024-04-27T19:25:51.5860759Z"},"nsu=http://opcfoundation.org/UA/Plc/Applications;s=SlowRandomUIntScalar1":{"Value":2146680727,"SourceTimestamp":"2024-04-27T19:25:49.6540248Z","ServerTimestamp":"2024-04-27T19:25:51.5860809Z"},"nsu=http://opcfoundation.org/UA/Plc/Applications;s=SlowRandomUIntScalar2":{"Value":2094805350,"SourceTimestamp":"2024-04-27T19:25:49.6540273Z","ServerTimestamp":"2024-04-27T19:25:51.5860726Z"},"nsu=http://opcfoundation.org/UA/Plc/Applications;s=SlowRandomUIntScalar3":{"Value":1935978662,"SourceTimestamp":"2024-04-27T19:25:49.6540285Z","ServerTimestamp":"2024-04-27T19:25:51.5860793Z"},"nsu=http://opcfoundation.org/UA/Plc/Applications;s=BadSlowRandomUIntScalar1":{"Value":3033923479,"SourceTimestamp":"2024-04-27T19:25:49.65403Z","ServerTimestamp":"2024-04-27T19:25:51.5860845Z"},"nsu=http://opcfoundation.org/UA/Plc/Applications;s=SpikeData":{"Value":-77.051324277578942,"SourceTimestamp":"2024-04-27T19:25:51.5690439Z","ServerTimestamp":"2024-04-27T19:25:51.5860816Z"},"ns=23;i=1259":{"Value":0.36099999999999999,"SourceTimestamp":"2024-04-27T19:25:20.56998Z","ServerTimestamp":"2024-04-27T19:25:51.586056Z"}}