{"i=2258":{"Value":"2024-04-27T19:25:52.5828144Z","SourceTimestamp":"2024-04-27T19:25:20.5699463Z","ServerTimestamp":"2024-04-27T19:25:52.5828132Z"},"nsu=http://opcfoundation.org/UA/Plc/Applications;s=StepUp":{"Value":329,"SourceTimestamp":"2024-04-27T19:25:52.5657524Z","ServerTimestamp":"2024-04-27T19:25:52.5828621Z"},"nsu=http://opcfoundation.org/UA/Plc/Applications;s=AlternatingBoolean":{"Value":true,"SourceTimestamp":"2024-04-27T19:25:52.565833Z","ServerTimestamp":"2024-04-27T19:25:52.5828586Z"},"nsu=http://opcfoundation.org/UA/Plc/Applications;s=RandomSignedInt32":{"Value":1582914431,"SourceTimestamp":"2024-04-27T19:25:52.5658277Z","ServerTimestamp":"2024-04-27T19:25:52.5828551Z"},"nsu=http://opcfoundation.org/UA/Plc/Applications;s=RandomUnsignedInt32":{"Value":1637353167,"SourceTimestamp":"2024-04-27T19:25:52.5658222Z","ServerTimestamp":"2024-04-27T19:25:52.5828647Z"},"nsu=http://opcfoundation.org/UA/Plc/Applications;s=DipData":{"Value":36.812455268467772,"SourceTimestamp":"2024-04-27T19:25:52.5658496Z","ServerTimestamp":"2024-04-27T19:25:52.58285Z"},"nsu=http://opcfoundation.org/UA/Plc/Applications;s=FastUIntScalar1":{"Value":32,"SourceTimestamp":"2024-04-27T19:25:51.6638189Z","ServerTimestamp":"2024-04-27T19:25:52.582865Z"},"nsu=http://opcfoundation.org/UA/Plc/Applications;s=FastUIntScalar2":{"Value":32,"SourceTimestamp":"2024-04-27T19:25:51.6638288Z","ServerTimestamp":"2024-04-27T19:25:52.5828637Z"},"nsu=http://opcfoundation.org/UA/Plc/Applications;s=FastUIntScalar3":{"Value":32,"SourceTimestamp":"2024-04-27T19:25:51.6638364Z","ServerTimestamp":"2024-04-27T19:25:52.5828532Z"},"nsu=http://opcfoundation.org/UA/Plc/Applications;s=FastRandomUIntScalar1":{"Value":566340295,"SourceTimestamp":"2024-04-27T19:25:51.6638206Z","ServerTimestamp":"2024-04-27T19:25:52.5828607Z"},"nsu=http://opcfoundation.org/UA/Plc/Applications;s=FastRandomUIntScalar2":{"Value":2467184768,"SourceTimestamp":"2024-04-27T19:25:51.6638402Z","ServerTimestamp":"2024-04-27T19:25:52.5828614Z"},"nsu=http://opcfoundation.org/UA/Plc/Applications;s=FastRandomUIntScalar3":{"Value":187136555,"SourceTimestamp":"2024-04-27T19:25:51.663843Z","ServerTimestamp":"2024-04-27T19:25:52.582851Z"},"nsu=http://opcfoundation.org/UA/Plc/Applications;s=NegativeTrendData":{"Value":99.400000000000006,"SourceTimestamp":"2024-04-27T19:25:52.5658283Z","ServerTimestamp":"2024-04-27T19:25:52.5828494Z"},"nsu=http://opcfoundation.org/UA/Plc/Applications;s=PositiveTrendData":{"Value":100,"SourceTimestamp":"2024-04-27T19:25:52.5658154Z","ServerTimestamp":"2024-04-27T19:25:52.5828472Z"},"nsu=http://opcfoundation.org/UA/Plc/Applications;s=SlowUIntScalar1":{"Value":3,"SourceTimestamp":"2024-04-27T19:25:49.6539909Z","ServerTimestamp":"2024-04-27T19:25:52.582858Z"},"nsu=http://opcfoundation.org/UA/Plc/Applications;s=SlowUIntScalar2":{"Value":3,"SourceTimestamp":"2024-04-27T19:25:49.6540115Z","ServerTimestamp":"2024-04-27T19:25:52.5828657Z"},"nsu=http://opcfoundation.org/UA/Plc/Applications;s=SlowUIntScalar3":{"Value":3,"SourceTimestamp":"2024-04-27T19:25:49.6540129Z","ServerTimestamp":"2024-04-27T19:25:52.5828629Z"},"nsu=http://opcfoundation.org/UA/Plc/Applications;s=BadSlowUIntScalar1":{"Value":3,"SourceTimestamp":"2024-04-27T19:25:49.6540206Z","ServerTimestamp":"2024-04-27T19:25:52.5828521Z"},"nsu=http://opcfoundation.org/UA/Plc/Applications;s=SlowRandomUIntScalar1":{"Value":2146680727,"SourceTimestamp":"2024-04-27T19:25:49.6540248Z","ServerTimestamp":"2024-04-27T19:25:52.5828562Z"},"nsu=http://opcfoundation.org/UA/Plc/Applications;s=SlowRandomUIntScalar2":{"Value":2094805350,"SourceTimestamp":"2024-04-27T19:25:49.6540273Z","ServerTimestamp":"2024-04-27T19:25:52.5828482Z"},"nsu=http://opcfoundation.org/UA/Plc/Applications;s=SlowRandomUIntScalar3":{"Value":1935978662,"SourceTimestamp":"2024-04-27T19:25:49.6540285Z","ServerTimestamp":"2024-04-27T19:25:52.5828544Z"},"nsu=http://opcfoundation.org/UA/Plc/Applications;s=BadSlowRandomUIntScalar1":{"Value":3033923479,"SourceTimestamp":"2024-04-27T19:25:49.65403Z","ServerTimestamp":"2024-04-27T19:25:52.58286Z"},"nsu=http://opcfoundation.org/UA/Plc/Applications;s=SpikeData":{"Value":36.812455268467772,"SourceTimestamp":"2024-04-27T19:25:52.5658297Z","ServerTimestamp":"2024-04-27T19:25:52.582857Z"},"ns=23;i=1259":{"Value":1.3700000000000001,"SourceTimestamp":"2024-04-27T19:25:20.56998Z","ServerTimestamp":"2024-04-27T19:25:52.5828299Z"}}