{"i=2258":{"Value":"2024-04-27T19:26:02.582744Z","SourceTimestamp":"2024-04-27T19:25:20.5699463Z","ServerTimestamp":"2024-04-27T19:26:02.5827426Z"},"nsu=http://opcfoundation.org/UA/Plc/Applications;s=StepUp":{"Value":429,"SourceTimestamp":"2024-04-27T19:26:02.5662812Z","ServerTimestamp":"2024-04-27T19:26:02.5827921Z"},"nsu=http://opcfoundation.org/UA/Plc/Applications;s=AlternatingBoolean":{"Value":true,"SourceTimestamp":"2024-04-27T19:26:02.5663168Z","ServerTimestamp":"2024-04-27T19:26:02.5827888Z"},"nsu=http://opcfoundation.org/UA/Plc/Applications;s=RandomSignedInt32":{"Value":1269155933,"SourceTimestamp":"2024-04-27T19:26:02.566319Z","ServerTimestamp":"2024-04-27T19:26:02.5827851Z"},"nsu=http://opcfoundation.org/UA/Plc/Applications;s=RandomUnsignedInt32":{"Value":1815496185,"SourceTimestamp":"2024-04-27T19:26:02.5663157Z","ServerTimestamp":"2024-04-27T19:26:02.5827945Z"},"nsu=http://opcfoundation.org/UA/Plc/Applications;s=DipData":{"Value":36.812455268467772,"SourceTimestamp":"2024-04-27T19:26:02.5663104Z","ServerTimestamp":"2024-04-27T19:26:02.5827795Z"},"nsu=http://opcfoundation.org/UA/Plc/Applications;s=FastUIntScalar1":{"Value":42,"SourceTimestamp":"2024-04-27T19:26:01.6668354Z","ServerTimestamp":"2024-04-27T19:26:02.582795Z"},"nsu=http://opcfoundation.org/UA/Plc/Applications;s=FastUIntScalar2":{"Value":42,"SourceTimestamp":"2024-04-27T19:26:01.6668449Z","ServerTimestamp":"2024-04-27T19:26:02.5827936Z"},"nsu=http://opcfoundation.org/UA/Plc/Applications;s=FastUIntScalar3":{"Value":42,"SourceTimestamp":"2024-04-27T19:26:01.6668478Z","ServerTimestamp":"2024-04-27T19:26:02.5827827Z"},"nsu=http://opcfoundation.org/UA/Plc/Applications;s=FastRandomUIntScalar1":{"Value":198083442,"SourceTimestamp":"2024-04-27T19:26:01.6668549Z","ServerTimestamp":"2024-04-27T19:26:02.5827907Z"},"nsu=http://opcfoundation.org/UA/Plc/Applications;s=FastRandomUIntScalar2":{"Value":2027652278,"SourceTimestamp":"2024-04-27T19:26:01.6668579Z","ServerTimestamp":"2024-04-27T19:26:02.5827914Z"},"nsu=http://opcfoundation.org/UA/Plc/Applications;s=FastRandomUIntScalar3":{"Value":463700694,"SourceTimestamp":"2024-04-27T19:26:01.6668591Z","ServerTimestamp":"2024-04-27T19:26:02.5827804Z"},"nsu=http://opcfoundation.org/UA/Plc/Applications;s=NegativeTrendData":{"Value":99.200000000000003,"SourceTimestamp":"2024-04-27T19:26:02.5663229Z","ServerTimestamp":"2024-04-27T19:26:02.582779Z"},"nsu=http://opcfoundation.org/UA/Plc/Applications;s=PositiveTrendData":{"Value":100.09999999999999,"SourceTimestamp":"2024-04-27T19:26:02.5662985Z","ServerTimestamp":"2024-04-27T19:26:02.5827768Z"},"nsu=http://opcfoundation.org/UA/Plc/Applications;s=SlowUIntScalar1":{"Value":4,"SourceTimestamp":"2024-04-27T19:25:59.6567478Z","ServerTimestamp":"2024-04-27T19:26:02.5827882Z"},"nsu=http://opcfoundation.org/UA/Plc/Applications;s=SlowUIntScalar2":{"Value":4,"SourceTimestamp":"2024-04-27T19:25:59.6567569Z","ServerTimestamp":"2024-04-27T19:26:02.5827957Z"},"nsu=http://opcfoundation.org/UA/Plc/Applications;s=SlowUIntScalar3":{"Value":4,"SourceTimestamp":"2024-04-27T19:25:59.6567584Z","ServerTimestamp":"2024-04-27T19:26:02.5827928Z"},"nsu=http://opcfoundation.org/UA/Plc/Applications;s=BadSlowUIntScalar1":{"Value":4,"StatusCode":{"Symbol":"UncertainLastUsableValue","Code":1083179008},"SourceTimestamp":"2024-04-27T19:25:59.6567602Z","ServerTimestamp":"2024-04-27T19:26:02.5827815Z"},"nsu=http://opcfoundation.org/UA/Plc/Applications;s=SlowRandomUIntScalar1":{"Value":2728121297,"SourceTimestamp":"2024-04-27T19:25:59.6567914Z","ServerTimestamp":"2024-04-27T19:26:02.5827862Z"},"nsu=http://opcfoundation.org/UA/Plc/Applications;s=SlowRandomUIntScalar2":{"Value":4100251726,"SourceTimestamp":"2024-04-27T19:25:59.6567948Z","ServerTimestamp":"2024-04-27T19:26:02.582778Z"},"nsu=http://opcfoundation.org/UA/Plc/Applications;s=SlowRandomUIntScalar3":{"Value":3384366038,"SourceTimestamp":"2024-04-27T19:25:59.6568163Z","ServerTimestamp":"2024-04-27T19:26:02.5827845Z"},"nsu=http://opcfoundation.org/UA/Plc/Applications;s=BadSlowRandomUIntScalar1":{"Value":2474678652,"StatusCode":{"Symbol":"UncertainLastUsableValue","Code":1083179008},"SourceTimestamp":"2024-04-27T19:25:59.6568389Z","ServerTimestamp":"2024-04-27T19:26:02.5827901Z"},"nsu=http://opcfoundation.org/UA/Plc/Applications;s=SpikeData":{"Value":36.812455268467772,"SourceTimestamp":"2024-04-27T19:26:02.5662942Z","ServerTimestamp":"2024-04-27T19:26:02.5827873Z"},"ns=23;i=1259":{"Value":0.89400000000000002,"SourceTimestamp":"2024-04-27T19:25:20.56998Z","ServerTimestamp":"2024-04-27T19:26:02.5827605Z"}}