{"i=2258":{"Value":"2024-04-27T19:26:05.5877058Z","SourceTimestamp":"2024-04-27T19:25:20.5699463Z","ServerTimestamp":"2024-04-27T19:26:05.5877043Z"},"nsu=http://opcfoundation.org/UA/Plc/Applications;s=StepUp":{"Value":459,"SourceTimestamp":"2024-04-27T19:26:05.555327Z","ServerTimestamp":"2024-04-27T19:26:05.5877542Z"},"nsu=http://opcfoundation.org/UA/Plc/Applications;s=AlternatingBoolean":{"Value":false,"SourceTimestamp":"2024-04-27T19:26:05.5553838Z","ServerTimestamp":"2024-04-27T19:26:05.5877498Z"},"nsu=http://opcfoundation.org/UA/Plc/Applications;s=RandomSignedInt32":{"Value":-635345613,"SourceTimestamp":"2024-04-27T19:26:05.5553853Z","ServerTimestamp":"2024-04-27T19:26:05.5877462Z"},"nsu=http://opcfoundation.org/UA/Plc/Applications;s=RandomUnsignedInt32":{"Value":830764650,"SourceTimestamp":"2024-04-27T19:26:05.5553738Z","ServerTimestamp":"2024-04-27T19:26:05.5877567Z"},"nsu=http://opcfoundation.org/UA/Plc/Applications;s=DipData":{"Value":-84.432792550201498,"SourceTimestamp":"2024-04-27T19:26:05.5554179Z","ServerTimestamp":"2024-04-27T19:26:05.5877402Z"},"nsu=http://opcfoundation.org/UA/Plc/Applications;s=FastUIntScalar1":{"Value":45,"SourceTimestamp":"2024-04-27T19:26:04.6578844Z","ServerTimestamp":"2024-04-27T19:26:05.5877571Z"},"nsu=http://opcfoundation.org/UA/Plc/Applications;s=FastUIntScalar2":{"Value":45,"SourceTimestamp":"2024-04-27T19:26:04.6578907Z","ServerTimestamp":"2024-04-27T19:26:05.5877558Z"},"nsu=http://opcfoundation.org/UA/Plc/Applications;s=FastUIntScalar3":{"Value":45,"SourceTimestamp":"2024-04-27T19:26:04.6578967Z","ServerTimestamp":"2024-04-27T19:26:05.5877434Z"},"nsu=http://opcfoundation.org/UA/Plc/Applications;s=FastRandomUIntScalar1":{"Value":2676616729,"SourceTimestamp":"2024-04-27T19:26:04.6578925Z","ServerTimestamp":"2024-04-27T19:26:05.5877525Z"},"nsu=http://opcfoundation.org/UA/Plc/Applications;s=FastRandomUIntScalar2":{"Value":1259854125,"SourceTimestamp":"2024-04-27T19:26:04.6578959Z","ServerTimestamp":"2024-04-27T19:26:05.5877532Z"},"nsu=http://opcfoundation.org/UA/Plc/Applications;s=FastRandomUIntScalar3":{"Value":2124742822,"SourceTimestamp":"2024-04-27T19:26:04.6578981Z","ServerTimestamp":"2024-04-27T19:26:05.5877412Z"},"nsu=http://opcfoundation.org/UA/Plc/Applications;s=NegativeTrendData":{"Value":99.099999999999994,"SourceTimestamp":"2024-04-27T19:26:05.5553681Z","ServerTimestamp":"2024-04-27T19:26:05.5877395Z"},"nsu=http://opcfoundation.org/UA/Plc/Applications;s=PositiveTrendData":{"Value":100.2,"SourceTimestamp":"2024-04-27T19:26:05.5553717Z","ServerTimestamp":"2024-04-27T19:26:05.5877373Z"},"nsu=http://opcfoundation.org/UA/Plc/Applications;s=SlowUIntScalar1":{"Value":4,"SourceTimestamp":"2024-04-27T19:25:59.6567478Z","ServerTimestamp":"2024-04-27T19:26:05.5877491Z"},"nsu=http://opcfoundation.org/UA/Plc/Applications;s=SlowUIntScalar2":{"Value":4,"SourceTimestamp":"2024-04-27T19:25:59.6567569Z","ServerTimestamp":"2024-04-27T19:26:05.5877578Z"},"nsu=http://opcfoundation.org/UA/Plc/Applications;s=SlowUIntScalar3":{"Value":4,"SourceTimestamp":"2024-04-27T19:25:59.6567584Z","ServerTimestamp":"2024-04-27T19:26:05.587755Z"},"nsu=http://opcfoundation.org/UA/Plc/Applications;s=BadSlowUIntScalar1":{"Value":4,"StatusCode":{"Symbol":"UncertainLastUsableValue","Code":1083179008},"SourceTimestamp":"2024-04-27T19:25:59.6567602Z","ServerTimestamp":"2024-04-27T19:26:05.5877422Z"},"nsu=http://opcfoundation.org/UA/Plc/Applications;s=SlowRandomUIntScalar1":{"Value":2728121297,"SourceTimestamp":"2024-04-27T19:25:59.6567914Z","ServerTimestamp":"2024-04-27T19:26:05.5877473Z"},"nsu=http://opcfoundation.org/UA/Plc/Applications;s=SlowRandomUIntScalar2":{"Value":4100251726,"SourceTimestamp":"2024-04-27T19:25:59.6567948Z","ServerTimestamp":"2024-04-27T19:26:05.5877384Z"},"nsu=http://opcfoundation.org/UA/Plc/Applications;s=SlowRandomUIntScalar3":{"Value":3384366038,"SourceTimestamp":"2024-04-27T19:25:59.6568163Z","ServerTimestamp":"2024-04-27T19:26:05.5877446Z"},"nsu=http://opcfoundation.org/UA/Plc/Applications;s=BadSlowRandomUIntScalar1":{"Value":2474678652,"StatusCode":{"Symbol":"UncertainLastUsableValue","Code":1083179008},"SourceTimestamp":"2024-04-27T19:25:59.6568389Z","ServerTimestamp":"2024-04-27T19:26:05.5877518Z"},"nsu=http://opcfoundation.org/UA/Plc/Applications;s=SpikeData":{"Value":-84.432792550201498,"SourceTimestamp":"2024-04-27T19:26:05.5553538Z","ServerTimestamp":"2024-04-27T19:26:05.5877481Z"},"ns=23;i=1259":{"Value":-0,"SourceTimestamp":"2024-04-27T19:25:20.56998Z","ServerTimestamp":"2024-04-27T19:26:05.5877208Z"}}