{"i=2258":{"Value":"2024-04-27T19:26:07.5962571Z","SourceTimestamp":"2024-04-27T19:25:20.5699463Z","ServerTimestamp":"2024-04-27T19:26:07.596256Z"},"nsu=http://opcfoundation.org/UA/Plc/Applications;s=StepUp":{"Value":479,"SourceTimestamp":"2024-04-27T19:26:07.5637953Z","ServerTimestamp":"2024-04-27T19:26:07.5963039Z"},"nsu=http://opcfoundation.org/UA/Plc/Applications;s=AlternatingBoolean":{"Value":false,"SourceTimestamp":"2024-04-27T19:26:07.5638313Z","ServerTimestamp":"2024-04-27T19:26:07.5962997Z"},"nsu=http://opcfoundation.org/UA/Plc/Applications;s=RandomSignedInt32":{"Value":211298718,"SourceTimestamp":"2024-04-27T19:26:07.5638265Z","ServerTimestamp":"2024-04-27T19:26:07.5962963Z"},"nsu=http://opcfoundation.org/UA/Plc/Applications;s=RandomUnsignedInt32":{"Value":934457634,"SourceTimestamp":"2024-04-27T19:26:07.5638215Z","ServerTimestamp":"2024-04-27T19:26:07.5963064Z"},"nsu=http://opcfoundation.org/UA/Plc/Applications;s=DipData":{"Value":36.812455268467772,"SourceTimestamp":"2024-04-27T19:26:07.5638406Z","ServerTimestamp":"2024-04-27T19:26:07.5962911Z"},"nsu=http://opcfoundation.org/UA/Plc/Applications;s=FastUIntScalar1":{"Value":47,"SourceTimestamp":"2024-04-27T19:26:06.6676393Z","ServerTimestamp":"2024-04-27T19:26:07.5963068Z"},"nsu=http://opcfoundation.org/UA/Plc/Applications;s=FastUIntScalar2":{"Value":47,"SourceTimestamp":"2024-04-27T19:26:06.6676469Z","ServerTimestamp":"2024-04-27T19:26:07.5963055Z"},"nsu=http://opcfoundation.org/UA/Plc/Applications;s=FastUIntScalar3":{"Value":47,"SourceTimestamp":"2024-04-27T19:26:06.6676488Z","ServerTimestamp":"2024-04-27T19:26:07.5962945Z"},"nsu=http://opcfoundation.org/UA/Plc/Applications;s=FastRandomUIntScalar1":{"Value":3800595865,"SourceTimestamp":"2024-04-27T19:26:06.6676582Z","ServerTimestamp":"2024-04-27T19:26:07.5963019Z"},"nsu=http://opcfoundation.org/UA/Plc/Applications;s=FastRandomUIntScalar2":{"Value":1580576428,"SourceTimestamp":"2024-04-27T19:26:06.667666Z","ServerTimestamp":"2024-04-27T19:26:07.5963028Z"},"nsu=http://opcfoundation.org/UA/Plc/Applications;s=FastRandomUIntScalar3":{"Value":2315986922,"SourceTimestamp":"2024-04-27T19:26:06.6676686Z","ServerTimestamp":"2024-04-27T19:26:07.5962921Z"},"nsu=http://opcfoundation.org/UA/Plc/Applications;s=NegativeTrendData":{"Value":99.099999999999994,"SourceTimestamp":"2024-04-27T19:26:07.563842Z","ServerTimestamp":"2024-04-27T19:26:07.5962906Z"},"nsu=http://opcfoundation.org/UA/Plc/Applications;s=PositiveTrendData":{"Value":100.2,"SourceTimestamp":"2024-04-27T19:26:07.5638158Z","ServerTimestamp":"2024-04-27T19:26:07.5962885Z"},"nsu=http://opcfoundation.org/UA/Plc/Applications;s=SlowUIntScalar1":{"Value":4,"SourceTimestamp":"2024-04-27T19:25:59.6567478Z","ServerTimestamp":"2024-04-27T19:26:07.5962991Z"},"nsu=http://opcfoundation.org/UA/Plc/Applications;s=SlowUIntScalar2":{"Value":4,"SourceTimestamp":"2024-04-27T19:25:59.6567569Z","ServerTimestamp":"2024-04-27T19:26:07.5963075Z"},"nsu=http://opcfoundation.org/UA/Plc/Applications;s=SlowUIntScalar3":{"Value":4,"SourceTimestamp":"2024-04-27T19:25:59.6567584Z","ServerTimestamp":"2024-04-27T19:26:07.5963047Z"},"nsu=http://opcfoundation.org/UA/Plc/Applications;s=BadSlowUIntScalar1":{"Value":4,"StatusCode":{"Symbol":"UncertainLastUsableValue","Code":1083179008},"SourceTimestamp":"2024-04-27T19:25:59.6567602Z","ServerTimestamp":"2024-04-27T19:26:07.5962932Z"},"nsu=http://opcfoundation.org/UA/Plc/Applications;s=SlowRandomUIntScalar1":{"Value":2728121297,"SourceTimestamp":"2024-04-27T19:25:59.6567914Z","ServerTimestamp":"2024-04-27T19:26:07.5962973Z"},"nsu=http://opcfoundation.org/UA/Plc/Applications;s=SlowRandomUIntScalar2":{"Value":4100251726,"SourceTimestamp":"2024-04-27T19:25:59.6567948Z","ServerTimestamp":"2024-04-27T19:26:07.5962895Z"},"nsu=http://opcfoundation.org/UA/Plc/Applications;s=SlowRandomUIntScalar3":{"Value":3384366038,"SourceTimestamp":"2024-04-27T19:25:59.6568163Z","ServerTimestamp":"2024-04-27T19:26:07.5962956Z"},"nsu=http://opcfoundation.org/UA/Plc/Applications;s=BadSlowRandomUIntScalar1":{"Value":2474678652,"StatusCode":{"Symbol":"UncertainLastUsableValue","Code":1083179008},"SourceTimestamp":"2024-04-27T19:25:59.6568389Z","ServerTimestamp":"2024-04-27T19:26:07.5963013Z"},"nsu=http://opcfoundation.org/UA/Plc/Applications;s=SpikeData":{"Value":36.812455268467772,"SourceTimestamp":"2024-04-27T19:26:07.5637859Z","ServerTimestamp":"2024-04-27T19:26:07.5962981Z"},"ns=23;i=1259":{"Value":0.19400000000000001,"SourceTimestamp":"2024-04-27T19:25:20.56998Z","ServerTimestamp":"2024-04-27T19:26:07.5962726Z"}}