{"i=2258":{"Value":"2024-04-27T19:26:08.5967681Z","SourceTimestamp":"2024-04-27T19:25:20.5699463Z","ServerTimestamp":"2024-04-27T19:26:08.5967668Z"},"nsu=http://opcfoundation.org/UA/Plc/Applications;s=StepUp":{"Value":489,"SourceTimestamp":"2024-04-27T19:26:08.5636523Z","ServerTimestamp":"2024-04-27T19:26:08.5968123Z"},"nsu=http://opcfoundation.org/UA/Plc/Applications;s=AlternatingBoolean":{"Value":false,"SourceTimestamp":"2024-04-27T19:26:08.5636756Z","ServerTimestamp":"2024-04-27T19:26:08.5968089Z"},"nsu=http://opcfoundation.org/UA/Plc/Applications;s=RandomSignedInt32":{"Value":1664874754,"SourceTimestamp":"2024-04-27T19:26:08.5636731Z","ServerTimestamp":"2024-04-27T19:26:08.5968057Z"},"nsu=http://opcfoundation.org/UA/Plc/Applications;s=RandomUnsignedInt32":{"Value":991071772,"SourceTimestamp":"2024-04-27T19:26:08.5636721Z","ServerTimestamp":"2024-04-27T19:26:08.5968146Z"},"nsu=http://opcfoundation.org/UA/Plc/Applications;s=DipData":{"Value":99.80267284282715,"SourceTimestamp":"2024-04-27T19:26:08.5636693Z","ServerTimestamp":"2024-04-27T19:26:08.5968002Z"},"nsu=http://opcfoundation.org/UA/Plc/Applications;s=FastUIntScalar1":{"Value":48,"SourceTimestamp":"2024-04-27T19:26:07.6558054Z","ServerTimestamp":"2024-04-27T19:26:08.596815Z"},"nsu=http://opcfoundation.org/UA/Plc/Applications;s=FastUIntScalar2":{"Value":48,"SourceTimestamp":"2024-04-27T19:26:07.6558135Z","ServerTimestamp":"2024-04-27T19:26:08.5968138Z"},"nsu=http://opcfoundation.org/UA/Plc/Applications;s=FastUIntScalar3":{"Value":48,"SourceTimestamp":"2024-04-27T19:26:07.6558376Z","ServerTimestamp":"2024-04-27T19:26:08.5968032Z"},"nsu=http://opcfoundation.org/UA/Plc/Applications;s=FastRandomUIntScalar1":{"Value":600282071,"SourceTimestamp":"2024-04-27T19:26:07.6558251Z","ServerTimestamp":"2024-04-27T19:26:08.596811Z"},"nsu=http://opcfoundation.org/UA/Plc/Applications;s=FastRandomUIntScalar2":{"Value":1565344995,"SourceTimestamp":"2024-04-27T19:26:07.6558305Z","ServerTimestamp":"2024-04-27T19:26:08.5968117Z"},"nsu=http://opcfoundation.org/UA/Plc/Applications;s=FastRandomUIntScalar3":{"Value":3567838662,"SourceTimestamp":"2024-04-27T19:26:07.655833Z","ServerTimestamp":"2024-04-27T19:26:08.5968012Z"},"nsu=http://opcfoundation.org/UA/Plc/Applications;s=NegativeTrendData":{"Value":99.099999999999994,"SourceTimestamp":"2024-04-27T19:26:08.5636782Z","ServerTimestamp":"2024-04-27T19:26:08.5967997Z"},"nsu=http://opcfoundation.org/UA/Plc/Applications;s=PositiveTrendData":{"Value":100.2,"SourceTimestamp":"2024-04-27T19:26:08.5636628Z","ServerTimestamp":"2024-04-27T19:26:08.5967976Z"},"nsu=http://opcfoundation.org/UA/Plc/Applications;s=SlowUIntScalar1":{"Value":4,"SourceTimestamp":"2024-04-27T19:25:59.6567478Z","ServerTimestamp":"2024-04-27T19:26:08.5968083Z"},"nsu=http://opcfoundation.org/UA/Plc/Applications;s=SlowUIntScalar2":{"Value":4,"SourceTimestamp":"2024-04-27T19:25:59.6567569Z","ServerTimestamp":"2024-04-27T19:26:08.5968156Z"},"nsu=http://opcfoundation.org/UA/Plc/Applications;s=SlowUIntScalar3":{"Value":4,"SourceTimestamp":"2024-04-27T19:25:59.6567584Z","ServerTimestamp":"2024-04-27T19:26:08.5968131Z"},"nsu=http://opcfoundation.org/UA/Plc/Applications;s=BadSlowUIntScalar1":{"Value":4,"StatusCode":{"Symbol":"UncertainLastUsableValue","Code":1083179008},"SourceTimestamp":"2024-04-27T19:25:59.6567602Z","ServerTimestamp":"2024-04-27T19:26:08.5968021Z"},"nsu=http://opcfoundation.org/UA/Plc/Applications;s=SlowRandomUIntScalar1":{"Value":2728121297,"SourceTimestamp":"2024-04-27T19:25:59.6567914Z","ServerTimestamp":"2024-04-27T19:26:08.5968067Z"},"nsu=http://opcfoundation.org/UA/Plc/Applications;s=SlowRandomUIntScalar2":{"Value":4100251726,"SourceTimestamp":"2024-04-27T19:25:59.6567948Z","ServerTimestamp":"2024-04-27T19:26:08.5967986Z"},"nsu=http://opcfoundation.org/UA/Plc/Applications;s=SlowRandomUIntScalar3":{"Value":3384366038,"SourceTimestamp":"2024-04-27T19:25:59.6568163Z","ServerTimestamp":"2024-04-27T19:26:08.5968043Z"},"nsu=http://opcfoundation.org/UA/Plc/Applications;s=BadSlowRandomUIntScalar1":{"Value":2474678652,"StatusCode":{"Symbol":"UncertainLastUsableValue","Code":1083179008},"SourceTimestamp":"2024-04-27T19:25:59.6568389Z","ServerTimestamp":"2024-04-27T19:26:08.5968105Z"},"nsu=http://opcfoundation.org/UA/Plc/Applications;s=SpikeData":{"Value":99.80267284282715,"SourceTimestamp":"2024-04-27T19:26:08.563658Z","ServerTimestamp":"2024-04-27T19:26:08.5968075Z"},"ns=23;i=1259":{"Value":0.19600000000000001,"SourceTimestamp":"2024-04-27T19:25:20.56998Z","ServerTimestamp":"2024-04-27T19:26:08.5967819Z"}}