{"i=2258":{"Value":"2024-04-27T19:26:10.5858032Z","SourceTimestamp":"2024-04-27T19:25:20.5699463Z","ServerTimestamp":"2024-04-27T19:26:10.5858019Z"},"nsu=http://opcfoundation.org/UA/Plc/Applications;s=StepUp":{"Value":509,"SourceTimestamp":"2024-04-27T19:26:10.5534895Z","ServerTimestamp":"2024-04-27T19:26:10.5858507Z"},"nsu=http://opcfoundation.org/UA/Plc/Applications;s=AlternatingBoolean":{"Value":true,"SourceTimestamp":"2024-04-27T19:26:10.5535034Z","ServerTimestamp":"2024-04-27T19:26:10.5858466Z"},"nsu=http://opcfoundation.org/UA/Plc/Applications;s=RandomSignedInt32":{"Value":1998591186,"SourceTimestamp":"2024-04-27T19:26:10.5535019Z","ServerTimestamp":"2024-04-27T19:26:10.585843Z"},"nsu=http://opcfoundation.org/UA/Plc/Applications;s=RandomUnsignedInt32":{"Value":1000057282,"SourceTimestamp":"2024-04-27T19:26:10.5535Z","ServerTimestamp":"2024-04-27T19:26:10.5858532Z"},"nsu=http://opcfoundation.org/UA/Plc/Applications;s=DipData":{"Value":-84.432792550201498,"SourceTimestamp":"2024-04-27T19:26:10.5535127Z","ServerTimestamp":"2024-04-27T19:26:10.5858384Z"},"nsu=http://opcfoundation.org/UA/Plc/Applications;s=FastUIntScalar1":{"Value":50,"SourceTimestamp":"2024-04-27T19:26:09.6536064Z","ServerTimestamp":"2024-04-27T19:26:10.5858536Z"},"nsu=http://opcfoundation.org/UA/Plc/Applications;s=FastUIntScalar2":{"Value":50,"SourceTimestamp":"2024-04-27T19:26:09.6536143Z","ServerTimestamp":"2024-04-27T19:26:10.5858523Z"},"nsu=http://opcfoundation.org/UA/Plc/Applications;s=FastUIntScalar3":{"Value":50,"SourceTimestamp":"2024-04-27T19:26:09.653617Z","ServerTimestamp":"2024-04-27T19:26:10.5858411Z"},"nsu=http://opcfoundation.org/UA/Plc/Applications;s=FastRandomUIntScalar1":{"Value":1724161331,"SourceTimestamp":"2024-04-27T19:26:09.6536222Z","ServerTimestamp":"2024-04-27T19:26:10.585849Z"},"nsu=http://opcfoundation.org/UA/Plc/Applications;s=FastRandomUIntScalar2":{"Value":803628129,"SourceTimestamp":"2024-04-27T19:26:09.6536297Z","ServerTimestamp":"2024-04-27T19:26:10.58585Z"},"nsu=http://opcfoundation.org/UA/Plc/Applications;s=FastRandomUIntScalar3":{"Value":2915802285,"SourceTimestamp":"2024-04-27T19:26:09.6536328Z","ServerTimestamp":"2024-04-27T19:26:10.5858394Z"},"nsu=http://opcfoundation.org/UA/Plc/Applications;s=NegativeTrendData":{"Value":99,"SourceTimestamp":"2024-04-27T19:26:10.5534962Z","ServerTimestamp":"2024-04-27T19:26:10.5858379Z"},"nsu=http://opcfoundation.org/UA/Plc/Applications;s=PositiveTrendData":{"Value":100.3,"SourceTimestamp":"2024-04-27T19:26:10.55349Z","ServerTimestamp":"2024-04-27T19:26:10.5858358Z"},"nsu=http://opcfoundation.org/UA/Plc/Applications;s=SlowUIntScalar1":{"Value":5,"SourceTimestamp":"2024-04-27T19:26:09.6535422Z","ServerTimestamp":"2024-04-27T19:26:10.5858459Z"},"nsu=http://opcfoundation.org/UA/Plc/Applications;s=SlowUIntScalar2":{"Value":5,"SourceTimestamp":"2024-04-27T19:26:09.653553Z","ServerTimestamp":"2024-04-27T19:26:10.5858543Z"},"nsu=http://opcfoundation.org/UA/Plc/Applications;s=SlowUIntScalar3":{"Value":5,"SourceTimestamp":"2024-04-27T19:26:09.653555Z","ServerTimestamp":"2024-04-27T19:26:10.5858515Z"},"nsu=http://opcfoundation.org/UA/Plc/Applications;s=BadSlowUIntScalar1":{"Value":5,"SourceTimestamp":"2024-04-27T19:26:09.6535748Z","ServerTimestamp":"2024-04-27T19:26:10.5858404Z"},"nsu=http://opcfoundation.org/UA/Plc/Applications;s=SlowRandomUIntScalar1":{"Value":3596734116,"SourceTimestamp":"2024-04-27T19:26:09.6535947Z","ServerTimestamp":"2024-04-27T19:26:10.5858441Z"},"nsu=http://opcfoundation.org/UA/Plc/Applications;s=SlowRandomUIntScalar2":{"Value":2835323421,"SourceTimestamp":"2024-04-27T19:26:09.6535971Z","ServerTimestamp":"2024-04-27T19:26:10.5858368Z"},"nsu=http://opcfoundation.org/UA/Plc/Applications;s=SlowRandomUIntScalar3":{"Value":783495395,"SourceTimestamp":"2024-04-27T19:26:09.6535992Z","ServerTimestamp":"2024-04-27T19:26:10.5858423Z"},"nsu=http://opcfoundation.org/UA/Plc/Applications;s=BadSlowRandomUIntScalar1":{"Value":1678786546,"SourceTimestamp":"2024-04-27T19:26:09.6536019Z","ServerTimestamp":"2024-04-27T19:26:10.5858482Z"},"nsu=http://opcfoundation.org/UA/Plc/Applications;s=SpikeData":{"Value":-84.432792550201498,"SourceTimestamp":"2024-04-27T19:26:10.5534866Z","ServerTimestamp":"2024-04-27T19:26:10.5858449Z"},"ns=23;i=1259":{"Value":0.41100000000000003,"SourceTimestamp":"2024-04-27T19:25:20.56998Z","ServerTimestamp":"2024-04-27T19:26:10.5858193Z"}}