{"i=2258":{"Value":"2024-04-27T19:26:11.5811486Z","SourceTimestamp":"2024-04-27T19:25:20.5699463Z","ServerTimestamp":"2024-04-27T19:26:11.5811471Z"},"nsu=http://opcfoundation.org/UA/Plc/Applications;s=StepUp":{"Value":519,"SourceTimestamp":"2024-04-27T19:26:11.5644756Z","ServerTimestamp":"2024-04-27T19:26:11.5812107Z"},"nsu=http://opcfoundation.org/UA/Plc/Applications;s=AlternatingBoolean":{"Value":true,"SourceTimestamp":"2024-04-27T19:26:11.5644965Z","ServerTimestamp":"2024-04-27T19:26:11.5812058Z"},"nsu=http://opcfoundation.org/UA/Plc/Applications;s=RandomSignedInt32":{"Value":295083109,"SourceTimestamp":"2024-04-27T19:26:11.5644945Z","ServerTimestamp":"2024-04-27T19:26:11.5812006Z"},"nsu=http://opcfoundation.org/UA/Plc/Applications;s=RandomUnsignedInt32":{"Value":1453217100,"SourceTimestamp":"2024-04-27T19:26:11.5644934Z","ServerTimestamp":"2024-04-27T19:26:11.5812144Z"},"nsu=http://opcfoundation.org/UA/Plc/Applications;s=DipData":{"Value":-77.051324277578942,"SourceTimestamp":"2024-04-27T19:26:11.5644911Z","ServerTimestamp":"2024-04-27T19:26:11.5811931Z"},"nsu=http://opcfoundation.org/UA/Plc/Applications;s=FastUIntScalar1":{"Value":51,"SourceTimestamp":"2024-04-27T19:26:10.6620096Z","ServerTimestamp":"2024-04-27T19:26:11.581215Z"},"nsu=http://opcfoundation.org/UA/Plc/Applications;s=FastUIntScalar2":{"Value":51,"SourceTimestamp":"2024-04-27T19:26:10.6620151Z","ServerTimestamp":"2024-04-27T19:26:11.5812132Z"},"nsu=http://opcfoundation.org/UA/Plc/Applications;s=FastUIntScalar3":{"Value":51,"SourceTimestamp":"2024-04-27T19:26:10.6620166Z","ServerTimestamp":"2024-04-27T19:26:11.5811971Z"},"nsu=http://opcfoundation.org/UA/Plc/Applications;s=FastRandomUIntScalar1":{"Value":2787982322,"SourceTimestamp":"2024-04-27T19:26:10.6620148Z","ServerTimestamp":"2024-04-27T19:26:11.5812086Z"},"nsu=http://opcfoundation.org/UA/Plc/Applications;s=FastRandomUIntScalar2":{"Value":1971653624,"SourceTimestamp":"2024-04-27T19:26:10.6620191Z","ServerTimestamp":"2024-04-27T19:26:11.5812097Z"},"nsu=http://opcfoundation.org/UA/Plc/Applications;s=FastRandomUIntScalar3":{"Value":2687663523,"SourceTimestamp":"2024-04-27T19:26:10.6620206Z","ServerTimestamp":"2024-04-27T19:26:11.5811946Z"},"nsu=http://opcfoundation.org/UA/Plc/Applications;s=NegativeTrendData":{"Value":99,"SourceTimestamp":"2024-04-27T19:26:11.5644982Z","ServerTimestamp":"2024-04-27T19:26:11.5811923Z"},"nsu=http://opcfoundation.org/UA/Plc/Applications;s=PositiveTrendData":{"Value":100.3,"SourceTimestamp":"2024-04-27T19:26:11.5644876Z","ServerTimestamp":"2024-04-27T19:26:11.5811895Z"},"nsu=http://opcfoundation.org/UA/Plc/Applications;s=SlowUIntScalar1":{"Value":5,"SourceTimestamp":"2024-04-27T19:26:09.6535422Z","ServerTimestamp":"2024-04-27T19:26:11.5812048Z"},"nsu=http://opcfoundation.org/UA/Plc/Applications;s=SlowUIntScalar2":{"Value":5,"SourceTimestamp":"2024-04-27T19:26:09.653553Z","ServerTimestamp":"2024-04-27T19:26:11.581216Z"},"nsu=http://opcfoundation.org/UA/Plc/Applications;s=SlowUIntScalar3":{"Value":5,"SourceTimestamp":"2024-04-27T19:26:09.653555Z","ServerTimestamp":"2024-04-27T19:26:11.5812119Z"},"nsu=http://opcfoundation.org/UA/Plc/Applications;s=BadSlowUIntScalar1":{"Value":5,"SourceTimestamp":"2024-04-27T19:26:09.6535748Z","ServerTimestamp":"2024-04-27T19:26:11.5811961Z"},"nsu=http://opcfoundation.org/UA/Plc/Applications;s=SlowRandomUIntScalar1":{"Value":3596734116,"SourceTimestamp":"2024-04-27T19:26:09.6535947Z","ServerTimestamp":"2024-04-27T19:26:11.5812024Z"},"nsu=http://opcfoundation.org/UA/Plc/Applications;s=SlowRandomUIntScalar2":{"Value":2835323421,"SourceTimestamp":"2024-04-27T19:26:09.6535971Z","ServerTimestamp":"2024-04-27T19:26:11.5811909Z"},"nsu=http://opcfoundation.org/UA/Plc/Applications;s=SlowRandomUIntScalar3":{"Value":783495395,"SourceTimestamp":"2024-04-27T19:26:09.6535992Z","ServerTimestamp":"2024-04-27T19:26:11.5811996Z"},"nsu=http://opcfoundation.org/UA/Plc/Applications;s=BadSlowRandomUIntScalar1":{"Value":1678786546,"SourceTimestamp":"2024-04-27T19:26:09.6536019Z","ServerTimestamp":"2024-04-27T19:26:11.5812077Z"},"nsu=http://opcfoundation.org/UA/Plc/Applications;s=SpikeData":{"Value":-77.051324277578942,"SourceTimestamp":"2024-04-27T19:26:11.5644762Z","ServerTimestamp":"2024-04-27T19:26:11.5812036Z"},"ns=23;i=1259":{"Value":0.501,"SourceTimestamp":"2024-04-27T19:25:20.56998Z","ServerTimestamp":"2024-04-27T19:26:11.5811676Z"}}