{"i=2258":{"Value":"2024-04-27T19:26:12.5867123Z","SourceTimestamp":"2024-04-27T19:25:20.5699463Z","ServerTimestamp":"2024-04-27T19:26:12.586711Z"},"nsu=http://opcfoundation.org/UA/Plc/Applications;s=StepUp":{"Value":529,"SourceTimestamp":"2024-04-27T19:26:12.5543019Z","ServerTimestamp":"2024-04-27T19:26:12.5867735Z"},"nsu=http://opcfoundation.org/UA/Plc/Applications;s=AlternatingBoolean":{"Value":true,"SourceTimestamp":"2024-04-27T19:26:12.5543254Z","ServerTimestamp":"2024-04-27T19:26:12.5867699Z"},"nsu=http://opcfoundation.org/UA/Plc/Applications;s=RandomSignedInt32":{"Value":-558639360,"SourceTimestamp":"2024-04-27T19:26:12.5543259Z","ServerTimestamp":"2024-04-27T19:26:12.5867662Z"},"nsu=http://opcfoundation.org/UA/Plc/Applications;s=RandomUnsignedInt32":{"Value":1642020564,"SourceTimestamp":"2024-04-27T19:26:12.5543284Z","ServerTimestamp":"2024-04-27T19:26:12.586776Z"},"nsu=http://opcfoundation.org/UA/Plc/Applications;s=DipData":{"Value":36.812455268467772,"SourceTimestamp":"2024-04-27T19:26:12.5543218Z","ServerTimestamp":"2024-04-27T19:26:12.5867615Z"},"nsu=http://opcfoundation.org/UA/Plc/Applications;s=FastUIntScalar1":{"Value":52,"SourceTimestamp":"2024-04-27T19:26:11.6581729Z","ServerTimestamp":"2024-04-27T19:26:12.5867765Z"},"nsu=http://opcfoundation.org/UA/Plc/Applications;s=FastUIntScalar2":{"Value":52,"SourceTimestamp":"2024-04-27T19:26:11.6581769Z","ServerTimestamp":"2024-04-27T19:26:12.5867751Z"},"nsu=http://opcfoundation.org/UA/Plc/Applications;s=FastUIntScalar3":{"Value":52,"SourceTimestamp":"2024-04-27T19:26:11.6581792Z","ServerTimestamp":"2024-04-27T19:26:12.5867643Z"},"nsu=http://opcfoundation.org/UA/Plc/Applications;s=FastRandomUIntScalar1":{"Value":1401192994,"SourceTimestamp":"2024-04-27T19:26:11.6581836Z","ServerTimestamp":"2024-04-27T19:26:12.5867721Z"},"nsu=http://opcfoundation.org/UA/Plc/Applications;s=FastRandomUIntScalar2":{"Value":3695240845,"SourceTimestamp":"2024-04-27T19:26:11.6581932Z","ServerTimestamp":"2024-04-27T19:26:12.5867728Z"},"nsu=http://opcfoundation.org/UA/Plc/Applications;s=FastRandomUIntScalar3":{"Value":2443638372,"SourceTimestamp":"2024-04-27T19:26:11.6581959Z","ServerTimestamp":"2024-04-27T19:26:12.5867623Z"},"nsu=http://opcfoundation.org/UA/Plc/Applications;s=NegativeTrendData":{"Value":99,"SourceTimestamp":"2024-04-27T19:26:12.5543252Z","ServerTimestamp":"2024-04-27T19:26:12.5867607Z"},"nsu=http://opcfoundation.org/UA/Plc/Applications;s=PositiveTrendData":{"Value":100.3,"SourceTimestamp":"2024-04-27T19:26:12.5543197Z","ServerTimestamp":"2024-04-27T19:26:12.5867585Z"},"nsu=http://opcfoundation.org/UA/Plc/Applications;s=SlowUIntScalar1":{"Value":5,"SourceTimestamp":"2024-04-27T19:26:09.6535422Z","ServerTimestamp":"2024-04-27T19:26:12.5867692Z"},"nsu=http://opcfoundation.org/UA/Plc/Applications;s=SlowUIntScalar2":{"Value":5,"SourceTimestamp":"2024-04-27T19:26:09.653553Z","ServerTimestamp":"2024-04-27T19:26:12.5867772Z"},"nsu=http://opcfoundation.org/UA/Plc/Applications;s=SlowUIntScalar3":{"Value":5,"SourceTimestamp":"2024-04-27T19:26:09.653555Z","ServerTimestamp":"2024-04-27T19:26:12.5867743Z"},"nsu=http://opcfoundation.org/UA/Plc/Applications;s=BadSlowUIntScalar1":{"Value":5,"SourceTimestamp":"2024-04-27T19:26:09.6535748Z","ServerTimestamp":"2024-04-27T19:26:12.5867634Z"},"nsu=http://opcfoundation.org/UA/Plc/Applications;s=SlowRandomUIntScalar1":{"Value":3596734116,"SourceTimestamp":"2024-04-27T19:26:09.6535947Z","ServerTimestamp":"2024-04-27T19:26:12.5867674Z"},"nsu=http://opcfoundation.org/UA/Plc/Applications;s=SlowRandomUIntScalar2":{"Value":2835323421,"SourceTimestamp":"2024-04-27T19:26:09.6535971Z","ServerTimestamp":"2024-04-27T19:26:12.5867595Z"},"nsu=http://opcfoundation.org/UA/Plc/Applications;s=SlowRandomUIntScalar3":{"Value":783495395,"SourceTimestamp":"2024-04-27T19:26:09.6535992Z","ServerTimestamp":"2024-04-27T19:26:12.5867655Z"},"nsu=http://opcfoundation.org/UA/Plc/Applications;s=BadSlowRandomUIntScalar1":{"Value":1678786546,"SourceTimestamp":"2024-04-27T19:26:09.6536019Z","ServerTimestamp":"2024-04-27T19:26:12.5867715Z"},"nsu=http://opcfoundation.org/UA/Plc/Applications;s=SpikeData":{"Value":36.812455268467772,"SourceTimestamp":"2024-04-27T19:26:12.5543154Z","ServerTimestamp":"2024-04-27T19:26:12.5867682Z"},"ns=23;i=1259":{"Value":0.59799999999999998,"SourceTimestamp":"2024-04-27T19:25:20.56998Z","ServerTimestamp":"2024-04-27T19:26:12.5867281Z"}}