{"i=2258":{"Value":"2024-04-27T19:26:14.5961227Z","SourceTimestamp":"2024-04-27T19:25:20.5699463Z","ServerTimestamp":"2024-04-27T19:26:14.5961215Z"},"nsu=http://opcfoundation.org/UA/Plc/Applications;s=StepUp":{"Value":549,"SourceTimestamp":"2024-04-27T19:26:14.5634898Z","ServerTimestamp":"2024-04-27T19:26:14.5961679Z"},"nsu=http://opcfoundation.org/UA/Plc/Applications;s=AlternatingBoolean":{"Value":true,"SourceTimestamp":"2024-04-27T19:26:14.5635188Z","ServerTimestamp":"2024-04-27T19:26:14.5961643Z"},"nsu=http://opcfoundation.org/UA/Plc/Applications;s=RandomSignedInt32":{"Value":-1491027374,"SourceTimestamp":"2024-04-27T19:26:14.5635263Z","ServerTimestamp":"2024-04-27T19:26:14.5961601Z"},"nsu=http://opcfoundation.org/UA/Plc/Applications;s=RandomUnsignedInt32":{"Value":68817932,"SourceTimestamp":"2024-04-27T19:26:14.5635238Z","ServerTimestamp":"2024-04-27T19:26:14.5961706Z"},"nsu=http://opcfoundation.org/UA/Plc/Applications;s=DipData":{"Value":24.868988716485479,"SourceTimestamp":"2024-04-27T19:26:14.5635288Z","ServerTimestamp":"2024-04-27T19:26:14.5961551Z"},"nsu=http://opcfoundation.org/UA/Plc/Applications;s=FastUIntScalar1":{"Value":54,"SourceTimestamp":"2024-04-27T19:26:13.6639988Z","ServerTimestamp":"2024-04-27T19:26:14.5961712Z"},"nsu=http://opcfoundation.org/UA/Plc/Applications;s=FastUIntScalar2":{"Value":54,"SourceTimestamp":"2024-04-27T19:26:13.6640071Z","ServerTimestamp":"2024-04-27T19:26:14.5961697Z"},"nsu=http://opcfoundation.org/UA/Plc/Applications;s=FastUIntScalar3":{"Value":54,"SourceTimestamp":"2024-04-27T19:26:13.6640098Z","ServerTimestamp":"2024-04-27T19:26:14.5961581Z"},"nsu=http://opcfoundation.org/UA/Plc/Applications;s=FastRandomUIntScalar1":{"Value":1861604713,"SourceTimestamp":"2024-04-27T19:26:13.6639836Z","ServerTimestamp":"2024-04-27T19:26:14.5961664Z"},"nsu=http://opcfoundation.org/UA/Plc/Applications;s=FastRandomUIntScalar2":{"Value":1310980353,"SourceTimestamp":"2024-04-27T19:26:13.6639928Z","ServerTimestamp":"2024-04-27T19:26:14.5961671Z"},"nsu=http://opcfoundation.org/UA/Plc/Applications;s=FastRandomUIntScalar3":{"Value":3019147671,"SourceTimestamp":"2024-04-27T19:26:13.6639952Z","ServerTimestamp":"2024-04-27T19:26:14.5961564Z"},"nsu=http://opcfoundation.org/UA/Plc/Applications;s=NegativeTrendData":{"Value":99,"SourceTimestamp":"2024-04-27T19:26:14.5635157Z","ServerTimestamp":"2024-04-27T19:26:14.5961545Z"},"nsu=http://opcfoundation.org/UA/Plc/Applications;s=PositiveTrendData":{"Value":100.3,"SourceTimestamp":"2024-04-27T19:26:14.5635118Z","ServerTimestamp":"2024-04-27T19:26:14.5961525Z"},"nsu=http://opcfoundation.org/UA/Plc/Applications;s=SlowUIntScalar1":{"Value":5,"SourceTimestamp":"2024-04-27T19:26:09.6535422Z","ServerTimestamp":"2024-04-27T19:26:14.5961637Z"},"nsu=http://opcfoundation.org/UA/Plc/Applications;s=SlowUIntScalar2":{"Value":5,"SourceTimestamp":"2024-04-27T19:26:09.653553Z","ServerTimestamp":"2024-04-27T19:26:14.5961719Z"},"nsu=http://opcfoundation.org/UA/Plc/Applications;s=SlowUIntScalar3":{"Value":5,"SourceTimestamp":"2024-04-27T19:26:09.653555Z","ServerTimestamp":"2024-04-27T19:26:14.5961689Z"},"nsu=http://opcfoundation.org/UA/Plc/Applications;s=BadSlowUIntScalar1":{"Value":5,"SourceTimestamp":"2024-04-27T19:26:09.6535748Z","ServerTimestamp":"2024-04-27T19:26:14.5961574Z"},"nsu=http://opcfoundation.org/UA/Plc/Applications;s=SlowRandomUIntScalar1":{"Value":3596734116,"SourceTimestamp":"2024-04-27T19:26:09.6535947Z","ServerTimestamp":"2024-04-27T19:26:14.5961612Z"},"nsu=http://opcfoundation.org/UA/Plc/Applications;s=SlowRandomUIntScalar2":{"Value":2835323421,"SourceTimestamp":"2024-04-27T19:26:09.6535971Z","ServerTimestamp":"2024-04-27T19:26:14.5961534Z"},"nsu=http://opcfoundation.org/UA/Plc/Applications;s=SlowRandomUIntScalar3":{"Value":783495395,"SourceTimestamp":"2024-04-27T19:26:09.6535992Z","ServerTimestamp":"2024-04-27T19:26:14.5961594Z"},"nsu=http://opcfoundation.org/UA/Plc/Applications;s=BadSlowRandomUIntScalar1":{"Value":1678786546,"SourceTimestamp":"2024-04-27T19:26:09.6536019Z","ServerTimestamp":"2024-04-27T19:26:14.5961658Z"},"nsu=http://opcfoundation.org/UA/Plc/Applications;s=SpikeData":{"Value":24.868988716485479,"SourceTimestamp":"2024-04-27T19:26:14.563508Z","ServerTimestamp":"2024-04-27T19:26:14.596162Z"},"ns=23;i=1259":{"Value":0.70200000000000007,"SourceTimestamp":"2024-04-27T19:25:20.56998Z","ServerTimestamp":"2024-04-27T19:26:14.5961374Z"}}