{"i=2258":{"Value":"2024-04-27T19:26:15.5887544Z","SourceTimestamp":"2024-04-27T19:25:20.5699463Z","ServerTimestamp":"2024-04-27T19:26:15.5887527Z"},"nsu=http://opcfoundation.org/UA/Plc/Applications;s=StepUp":{"Value":559,"SourceTimestamp":"2024-04-27T19:26:15.5565328Z","ServerTimestamp":"2024-04-27T19:26:15.5888098Z"},"nsu=http://opcfoundation.org/UA/Plc/Applications;s=AlternatingBoolean":{"Value":false,"SourceTimestamp":"2024-04-27T19:26:15.5565841Z","ServerTimestamp":"2024-04-27T19:26:15.588806Z"},"nsu=http://opcfoundation.org/UA/Plc/Applications;s=RandomSignedInt32":{"Value":2063234722,"SourceTimestamp":"2024-04-27T19:26:15.5565827Z","ServerTimestamp":"2024-04-27T19:26:15.5888026Z"},"nsu=http://opcfoundation.org/UA/Plc/Applications;s=RandomUnsignedInt32":{"Value":467819514,"SourceTimestamp":"2024-04-27T19:26:15.5565802Z","ServerTimestamp":"2024-04-27T19:26:15.5888124Z"},"nsu=http://opcfoundation.org/UA/Plc/Applications;s=DipData":{"Value":-84.432792550201498,"SourceTimestamp":"2024-04-27T19:26:15.5565749Z","ServerTimestamp":"2024-04-27T19:26:15.5887981Z"},"nsu=http://opcfoundation.org/UA/Plc/Applications;s=FastUIntScalar1":{"Value":55,"SourceTimestamp":"2024-04-27T19:26:14.6558925Z","ServerTimestamp":"2024-04-27T19:26:15.5888128Z"},"nsu=http://opcfoundation.org/UA/Plc/Applications;s=FastUIntScalar2":{"Value":55,"SourceTimestamp":"2024-04-27T19:26:14.6558964Z","ServerTimestamp":"2024-04-27T19:26:15.5888115Z"},"nsu=http://opcfoundation.org/UA/Plc/Applications;s=FastUIntScalar3":{"Value":55,"SourceTimestamp":"2024-04-27T19:26:14.655898Z","ServerTimestamp":"2024-04-27T19:26:15.5888008Z"},"nsu=http://opcfoundation.org/UA/Plc/Applications;s=FastRandomUIntScalar1":{"Value":555128189,"SourceTimestamp":"2024-04-27T19:26:14.6558879Z","ServerTimestamp":"2024-04-27T19:26:15.5888081Z"},"nsu=http://opcfoundation.org/UA/Plc/Applications;s=FastRandomUIntScalar2":{"Value":3500526866,"SourceTimestamp":"2024-04-27T19:26:14.6558925Z","ServerTimestamp":"2024-04-27T19:26:15.5888091Z"},"nsu=http://opcfoundation.org/UA/Plc/Applications;s=FastRandomUIntScalar3":{"Value":3681048256,"SourceTimestamp":"2024-04-27T19:26:14.6558947Z","ServerTimestamp":"2024-04-27T19:26:15.5887989Z"},"nsu=http://opcfoundation.org/UA/Plc/Applications;s=NegativeTrendData":{"Value":98.900000000000006,"SourceTimestamp":"2024-04-27T19:26:15.5565698Z","ServerTimestamp":"2024-04-27T19:26:15.5887975Z"},"nsu=http://opcfoundation.org/UA/Plc/Applications;s=PositiveTrendData":{"Value":100.40000000000001,"SourceTimestamp":"2024-04-27T19:26:15.5565747Z","ServerTimestamp":"2024-04-27T19:26:15.5887953Z"},"nsu=http://opcfoundation.org/UA/Plc/Applications;s=SlowUIntScalar1":{"Value":5,"SourceTimestamp":"2024-04-27T19:26:09.6535422Z","ServerTimestamp":"2024-04-27T19:26:15.5888054Z"},"nsu=http://opcfoundation.org/UA/Plc/Applications;s=SlowUIntScalar2":{"Value":5,"SourceTimestamp":"2024-04-27T19:26:09.653553Z","ServerTimestamp":"2024-04-27T19:26:15.5888134Z"},"nsu=http://opcfoundation.org/UA/Plc/Applications;s=SlowUIntScalar3":{"Value":5,"SourceTimestamp":"2024-04-27T19:26:09.653555Z","ServerTimestamp":"2024-04-27T19:26:15.5888107Z"},"nsu=http://opcfoundation.org/UA/Plc/Applications;s=BadSlowUIntScalar1":{"Value":5,"SourceTimestamp":"2024-04-27T19:26:09.6535748Z","ServerTimestamp":"2024-04-27T19:26:15.5888001Z"},"nsu=http://opcfoundation.org/UA/Plc/Applications;s=SlowRandomUIntScalar1":{"Value":3596734116,"SourceTimestamp":"2024-04-27T19:26:09.6535947Z","ServerTimestamp":"2024-04-27T19:26:15.5888037Z"},"nsu=http://opcfoundation.org/UA/Plc/Applications;s=SlowRandomUIntScalar2":{"Value":2835323421,"SourceTimestamp":"2024-04-27T19:26:09.6535971Z","ServerTimestamp":"2024-04-27T19:26:15.5887963Z"},"nsu=http://opcfoundation.org/UA/Plc/Applications;s=SlowRandomUIntScalar3":{"Value":783495395,"SourceTimestamp":"2024-04-27T19:26:09.6535992Z","ServerTimestamp":"2024-04-27T19:26:15.5888019Z"},"nsu=http://opcfoundation.org/UA/Plc/Applications;s=BadSlowRandomUIntScalar1":{"Value":1678786546,"SourceTimestamp":"2024-04-27T19:26:09.6536019Z","ServerTimestamp":"2024-04-27T19:26:15.5888075Z"},"nsu=http://opcfoundation.org/UA/Plc/Applications;s=SpikeData":{"Value":-84.432792550201498,"SourceTimestamp":"2024-04-27T19:26:15.5565552Z","ServerTimestamp":"2024-04-27T19:26:15.5888045Z"},"ns=23;i=1259":{"Value":0.90200000000000002,"SourceTimestamp":"2024-04-27T19:25:20.56998Z","ServerTimestamp":"2024-04-27T19:26:15.5887691Z"}}