{"i=2258":{"Value":"2024-04-27T19:26:18.5840767Z","SourceTimestamp":"2024-04-27T19:25:20.5699463Z","ServerTimestamp":"2024-04-27T19:26:18.5840756Z"},"nsu=http://opcfoundation.org/UA/Plc/Applications;s=StepUp":{"Value":589,"SourceTimestamp":"2024-04-27T19:26:18.5679261Z","ServerTimestamp":"2024-04-27T19:26:18.5841229Z"},"nsu=http://opcfoundation.org/UA/Plc/Applications;s=AlternatingBoolean":{"Value":false,"SourceTimestamp":"2024-04-27T19:26:18.5679831Z","ServerTimestamp":"2024-04-27T19:26:18.5841196Z"},"nsu=http://opcfoundation.org/UA/Plc/Applications;s=RandomSignedInt32":{"Value":-753713275,"SourceTimestamp":"2024-04-27T19:26:18.5679833Z","ServerTimestamp":"2024-04-27T19:26:18.584116Z"},"nsu=http://opcfoundation.org/UA/Plc/Applications;s=RandomUnsignedInt32":{"Value":871464627,"SourceTimestamp":"2024-04-27T19:26:18.5680189Z","ServerTimestamp":"2024-04-27T19:26:18.5841257Z"},"nsu=http://opcfoundation.org/UA/Plc/Applications;s=DipData":{"Value":99.80267284282715,"SourceTimestamp":"2024-04-27T19:26:18.5679768Z","ServerTimestamp":"2024-04-27T19:26:18.5841116Z"},"nsu=http://opcfoundation.org/UA/Plc/Applications;s=FastUIntScalar1":{"Value":58,"SourceTimestamp":"2024-04-27T19:26:17.6683269Z","ServerTimestamp":"2024-04-27T19:26:18.5841261Z"},"nsu=http://opcfoundation.org/UA/Plc/Applications;s=FastUIntScalar2":{"Value":58,"SourceTimestamp":"2024-04-27T19:26:17.6683327Z","ServerTimestamp":"2024-04-27T19:26:18.5841248Z"},"nsu=http://opcfoundation.org/UA/Plc/Applications;s=FastUIntScalar3":{"Value":58,"SourceTimestamp":"2024-04-27T19:26:17.6683342Z","ServerTimestamp":"2024-04-27T19:26:18.5841141Z"},"nsu=http://opcfoundation.org/UA/Plc/Applications;s=FastRandomUIntScalar1":{"Value":2588088217,"SourceTimestamp":"2024-04-27T19:26:17.668327Z","ServerTimestamp":"2024-04-27T19:26:18.5841214Z"},"nsu=http://opcfoundation.org/UA/Plc/Applications;s=FastRandomUIntScalar2":{"Value":2943948641,"SourceTimestamp":"2024-04-27T19:26:17.6683295Z","ServerTimestamp":"2024-04-27T19:26:18.5841222Z"},"nsu=http://opcfoundation.org/UA/Plc/Applications;s=FastRandomUIntScalar3":{"Value":2978350210,"SourceTimestamp":"2024-04-27T19:26:17.6683332Z","ServerTimestamp":"2024-04-27T19:26:18.5841124Z"},"nsu=http://opcfoundation.org/UA/Plc/Applications;s=NegativeTrendData":{"Value":98.900000000000006,"SourceTimestamp":"2024-04-27T19:26:18.5679703Z","ServerTimestamp":"2024-04-27T19:26:18.5841111Z"},"nsu=http://opcfoundation.org/UA/Plc/Applications;s=PositiveTrendData":{"Value":100.40000000000001,"SourceTimestamp":"2024-04-27T19:26:18.5679708Z","ServerTimestamp":"2024-04-27T19:26:18.5841088Z"},"nsu=http://opcfoundation.org/UA/Plc/Applications;s=SlowUIntScalar1":{"Value":5,"SourceTimestamp":"2024-04-27T19:26:09.6535422Z","ServerTimestamp":"2024-04-27T19:26:18.584119Z"},"nsu=http://opcfoundation.org/UA/Plc/Applications;s=SlowUIntScalar2":{"Value":5,"SourceTimestamp":"2024-04-27T19:26:09.653553Z","ServerTimestamp":"2024-04-27T19:26:18.5841268Z"},"nsu=http://opcfoundation.org/UA/Plc/Applications;s=SlowUIntScalar3":{"Value":5,"SourceTimestamp":"2024-04-27T19:26:09.653555Z","ServerTimestamp":"2024-04-27T19:26:18.584124Z"},"nsu=http://opcfoundation.org/UA/Plc/Applications;s=BadSlowUIntScalar1":{"Value":5,"SourceTimestamp":"2024-04-27T19:26:09.6535748Z","ServerTimestamp":"2024-04-27T19:26:18.5841134Z"},"nsu=http://opcfoundation.org/UA/Plc/Applications;s=SlowRandomUIntScalar1":{"Value":3596734116,"SourceTimestamp":"2024-04-27T19:26:09.6535947Z","ServerTimestamp":"2024-04-27T19:26:18.5841171Z"},"nsu=http://opcfoundation.org/UA/Plc/Applications;s=SlowRandomUIntScalar2":{"Value":2835323421,"SourceTimestamp":"2024-04-27T19:26:09.6535971Z","ServerTimestamp":"2024-04-27T19:26:18.5841099Z"},"nsu=http://opcfoundation.org/UA/Plc/Applications;s=SlowRandomUIntScalar3":{"Value":783495395,"SourceTimestamp":"2024-04-27T19:26:09.6535992Z","ServerTimestamp":"2024-04-27T19:26:18.5841152Z"},"nsu=http://opcfoundation.org/UA/Plc/Applications;s=BadSlowRandomUIntScalar1":{"Value":1678786546,"SourceTimestamp":"2024-04-27T19:26:09.6536019Z","ServerTimestamp":"2024-04-27T19:26:18.5841209Z"},"nsu=http://opcfoundation.org/UA/Plc/Applications;s=SpikeData":{"Value":99.80267284282715,"SourceTimestamp":"2024-04-27T19:26:18.5679538Z","ServerTimestamp":"2024-04-27T19:26:18.5841179Z"},"ns=23;i=1259":{"Value":-0,"SourceTimestamp":"2024-04-27T19:25:20.56998Z","ServerTimestamp":"2024-04-27T19:26:18.5840925Z"}}