{"i=2258":{"Value":"2024-04-27T19:25:26.5828831Z","SourceTimestamp":"2024-04-27T19:25:20.5699463Z","ServerTimestamp":"2024-04-27T19:25:26.5828819Z"},"nsu=http://opcfoundation.org/UA/Plc/Applications;s=StepUp":{"Value":69,"SourceTimestamp":"2024-04-27T19:25:26.5656731Z","ServerTimestamp":"2024-04-27T19:25:26.5829296Z"},"nsu=http://opcfoundation.org/UA/Plc/Applications;s=AlternatingBoolean":{"Value":false,"SourceTimestamp":"2024-04-27T19:25:26.5657309Z","ServerTimestamp":"2024-04-27T19:25:26.5829264Z"},"nsu=http://opcfoundation.org/UA/Plc/Applications;s=RandomSignedInt32":{"Value":-1712512961,"SourceTimestamp":"2024-04-27T19:25:26.5657077Z","ServerTimestamp":"2024-04-27T19:25:26.582923Z"},"nsu=http://opcfoundation.org/UA/Plc/Applications;s=RandomUnsignedInt32":{"Value":1085692417,"SourceTimestamp":"2024-04-27T19:25:26.5657022Z","ServerTimestamp":"2024-04-27T19:25:26.5829322Z"},"nsu=http://opcfoundation.org/UA/Plc/Applications;s=DipData":{"Value":-77.051324277578942,"SourceTimestamp":"2024-04-27T19:25:26.5657028Z","ServerTimestamp":"2024-04-27T19:25:26.5829186Z"},"nsu=http://opcfoundation.org/UA/Plc/Applications;s=FastUIntScalar1":{"Value":6,"SourceTimestamp":"2024-04-27T19:25:25.6684686Z","ServerTimestamp":"2024-04-27T19:25:26.5829326Z"},"nsu=http://opcfoundation.org/UA/Plc/Applications;s=FastUIntScalar2":{"Value":6,"SourceTimestamp":"2024-04-27T19:25:25.6684749Z","ServerTimestamp":"2024-04-27T19:25:26.5829313Z"},"nsu=http://opcfoundation.org/UA/Plc/Applications;s=FastUIntScalar3":{"Value":6,"SourceTimestamp":"2024-04-27T19:25:25.668479Z","ServerTimestamp":"2024-04-27T19:25:26.5829213Z"},"nsu=http://opcfoundation.org/UA/Plc/Applications;s=FastRandomUIntScalar1":{"Value":3075900091,"SourceTimestamp":"2024-04-27T19:25:25.6684723Z","ServerTimestamp":"2024-04-27T19:25:26.5829282Z"},"nsu=http://opcfoundation.org/UA/Plc/Applications;s=FastRandomUIntScalar2":{"Value":3470943712,"SourceTimestamp":"2024-04-27T19:25:25.6684839Z","ServerTimestamp":"2024-04-27T19:25:26.5829289Z"},"nsu=http://opcfoundation.org/UA/Plc/Applications;s=FastRandomUIntScalar3":{"Value":790418269,"SourceTimestamp":"2024-04-27T19:25:25.6684854Z","ServerTimestamp":"2024-04-27T19:25:26.5829194Z"},"nsu=http://opcfoundation.org/UA/Plc/Applications;s=NegativeTrendData":{"Value":99.900000000000006,"SourceTimestamp":"2024-04-27T19:25:26.5656964Z","ServerTimestamp":"2024-04-27T19:25:26.5829182Z"},"nsu=http://opcfoundation.org/UA/Plc/Applications;s=PositiveTrendData":{"Value":100,"SourceTimestamp":"2024-04-27T19:25:26.5657118Z","ServerTimestamp":"2024-04-27T19:25:26.5829165Z"},"nsu=http://opcfoundation.org/UA/Plc/Applications;s=SlowUIntScalar1":{"Value":0,"SourceTimestamp":"2024-04-27T19:25:19.6543761Z","ServerTimestamp":"2024-04-27T19:25:26.5829258Z"},"nsu=http://opcfoundation.org/UA/Plc/Applications;s=SlowUIntScalar2":{"Value":0,"SourceTimestamp":"2024-04-27T19:25:19.6543769Z","ServerTimestamp":"2024-04-27T19:25:26.5829333Z"},"nsu=http://opcfoundation.org/UA/Plc/Applications;s=SlowUIntScalar3":{"Value":0,"SourceTimestamp":"2024-04-27T19:25:19.6543797Z","ServerTimestamp":"2024-04-27T19:25:26.5829305Z"},"nsu=http://opcfoundation.org/UA/Plc/Applications;s=BadSlowUIntScalar1":{"Value":0,"SourceTimestamp":"2024-04-27T19:25:19.6543817Z","ServerTimestamp":"2024-04-27T19:25:26.5829206Z"},"nsu=http://opcfoundation.org/UA/Plc/Applications;s=SlowRandomUIntScalar1":{"Value":0,"SourceTimestamp":"2024-04-27T19:25:19.6543884Z","ServerTimestamp":"2024-04-27T19:25:26.5829241Z"},"nsu=http://opcfoundation.org/UA/Plc/Applications;s=SlowRandomUIntScalar2":{"Value":0,"SourceTimestamp":"2024-04-27T19:25:19.6543889Z","ServerTimestamp":"2024-04-27T19:25:26.5829173Z"},"nsu=http://opcfoundation.org/UA/Plc/Applications;s=SlowRandomUIntScalar3":{"Value":0,"SourceTimestamp":"2024-04-27T19:25:19.6543894Z","ServerTimestamp":"2024-04-27T19:25:26.5829224Z"},"nsu=http://opcfoundation.org/UA/Plc/Applications;s=BadSlowRandomUIntScalar1":{"Value":0,"SourceTimestamp":"2024-04-27T19:25:19.654391Z","ServerTimestamp":"2024-04-27T19:25:26.5829276Z"},"nsu=http://opcfoundation.org/UA/Plc/Applications;s=SpikeData":{"Value":1000,"SourceTimestamp":"2024-04-27T19:25:26.5656858Z","ServerTimestamp":"2024-04-27T19:25:26.5829249Z"},"ns=23;i=1259":{"Value":0.29999999999999999,"SourceTimestamp":"2024-04-27T19:25:20.56998Z","ServerTimestamp":"2024-04-27T19:25:26.5829002Z"}}