{"i=2258":{"Value":"2024-04-27T19:26:24.5877484Z","SourceTimestamp":"2024-04-27T19:25:20.5699463Z","ServerTimestamp":"2024-04-27T19:26:24.5877474Z"},"nsu=http://opcfoundation.org/UA/Plc/Applications;s=StepUp":{"Value":649,"SourceTimestamp":"2024-04-27T19:26:24.555411Z","ServerTimestamp":"2024-04-27T19:26:24.587792Z"},"nsu=http://opcfoundation.org/UA/Plc/Applications;s=AlternatingBoolean":{"Value":true,"SourceTimestamp":"2024-04-27T19:26:24.5554407Z","ServerTimestamp":"2024-04-27T19:26:24.5877888Z"},"nsu=http://opcfoundation.org/UA/Plc/Applications;s=RandomSignedInt32":{"Value":-818939006,"SourceTimestamp":"2024-04-27T19:26:24.5554403Z","ServerTimestamp":"2024-04-27T19:26:24.5877852Z"},"nsu=http://opcfoundation.org/UA/Plc/Applications;s=RandomUnsignedInt32":{"Value":1668194205,"SourceTimestamp":"2024-04-27T19:26:24.5554379Z","ServerTimestamp":"2024-04-27T19:26:24.5877948Z"},"nsu=http://opcfoundation.org/UA/Plc/Applications;s=DipData":{"Value":24.868988716485479,"SourceTimestamp":"2024-04-27T19:26:24.5554412Z","ServerTimestamp":"2024-04-27T19:26:24.5877804Z"},"nsu=http://opcfoundation.org/UA/Plc/Applications;s=FastUIntScalar1":{"Value":64,"SourceTimestamp":"2024-04-27T19:26:23.6612703Z","ServerTimestamp":"2024-04-27T19:26:24.5877952Z"},"nsu=http://opcfoundation.org/UA/Plc/Applications;s=FastUIntScalar2":{"Value":64,"SourceTimestamp":"2024-04-27T19:26:23.6612759Z","ServerTimestamp":"2024-04-27T19:26:24.5877937Z"},"nsu=http://opcfoundation.org/UA/Plc/Applications;s=FastUIntScalar3":{"Value":64,"SourceTimestamp":"2024-04-27T19:26:23.6612808Z","ServerTimestamp":"2024-04-27T19:26:24.5877831Z"},"nsu=http://opcfoundation.org/UA/Plc/Applications;s=FastRandomUIntScalar1":{"Value":3491831954,"SourceTimestamp":"2024-04-27T19:26:23.661271Z","ServerTimestamp":"2024-04-27T19:26:24.5877907Z"},"nsu=http://opcfoundation.org/UA/Plc/Applications;s=FastRandomUIntScalar2":{"Value":3622694246,"SourceTimestamp":"2024-04-27T19:26:23.6612793Z","ServerTimestamp":"2024-04-27T19:26:24.5877914Z"},"nsu=http://opcfoundation.org/UA/Plc/Applications;s=FastRandomUIntScalar3":{"Value":1127999749,"SourceTimestamp":"2024-04-27T19:26:23.6612838Z","ServerTimestamp":"2024-04-27T19:26:24.5877813Z"},"nsu=http://opcfoundation.org/UA/Plc/Applications;s=NegativeTrendData":{"Value":98.799999999999997,"SourceTimestamp":"2024-04-27T19:26:24.5554342Z","ServerTimestamp":"2024-04-27T19:26:24.5877798Z"},"nsu=http://opcfoundation.org/UA/Plc/Applications;s=PositiveTrendData":{"Value":100.5,"SourceTimestamp":"2024-04-27T19:26:24.5554359Z","ServerTimestamp":"2024-04-27T19:26:24.5877777Z"},"nsu=http://opcfoundation.org/UA/Plc/Applications;s=SlowUIntScalar1":{"Value":6,"SourceTimestamp":"2024-04-27T19:26:19.6642933Z","ServerTimestamp":"2024-04-27T19:26:24.5877882Z"},"nsu=http://opcfoundation.org/UA/Plc/Applications;s=SlowUIntScalar2":{"Value":6,"SourceTimestamp":"2024-04-27T19:26:19.6643Z","ServerTimestamp":"2024-04-27T19:26:24.5877958Z"},"nsu=http://opcfoundation.org/UA/Plc/Applications;s=SlowUIntScalar3":{"Value":6,"SourceTimestamp":"2024-04-27T19:26:19.6643011Z","ServerTimestamp":"2024-04-27T19:26:24.5877929Z"},"nsu=http://opcfoundation.org/UA/Plc/Applications;s=BadSlowUIntScalar1":{"Value":6,"SourceTimestamp":"2024-04-27T19:26:19.6643027Z","ServerTimestamp":"2024-04-27T19:26:24.5877824Z"},"nsu=http://opcfoundation.org/UA/Plc/Applications;s=SlowRandomUIntScalar1":{"Value":1468053394,"SourceTimestamp":"2024-04-27T19:26:19.6643207Z","ServerTimestamp":"2024-04-27T19:26:24.5877863Z"},"nsu=http://opcfoundation.org/UA/Plc/Applications;s=SlowRandomUIntScalar2":{"Value":3202165445,"SourceTimestamp":"2024-04-27T19:26:19.6643249Z","ServerTimestamp":"2024-04-27T19:26:24.5877786Z"},"nsu=http://opcfoundation.org/UA/Plc/Applications;s=SlowRandomUIntScalar3":{"Value":3381578951,"SourceTimestamp":"2024-04-27T19:26:19.6643336Z","ServerTimestamp":"2024-04-27T19:26:24.5877845Z"},"nsu=http://opcfoundation.org/UA/Plc/Applications;s=BadSlowRandomUIntScalar1":{"Value":3556962044,"SourceTimestamp":"2024-04-27T19:26:19.6643352Z","ServerTimestamp":"2024-04-27T19:26:24.5877901Z"},"nsu=http://opcfoundation.org/UA/Plc/Applications;s=SpikeData":{"Value":24.868988716485479,"SourceTimestamp":"2024-04-27T19:26:24.5554256Z","ServerTimestamp":"2024-04-27T19:26:24.5877872Z"},"ns=23;i=1259":{"Value":1.1599999999999999,"SourceTimestamp":"2024-04-27T19:25:20.56998Z","ServerTimestamp":"2024-04-27T19:26:24.5877625Z"}}