{"i=2258":{"Value":"2024-04-27T19:25:27.5932838Z","SourceTimestamp":"2024-04-27T19:25:20.5699463Z","ServerTimestamp":"2024-04-27T19:25:27.5932824Z"},"nsu=http://opcfoundation.org/UA/Plc/Applications;s=StepUp":{"Value":79,"SourceTimestamp":"2024-04-27T19:25:27.5613286Z","ServerTimestamp":"2024-04-27T19:25:27.5933306Z"},"nsu=http://opcfoundation.org/UA/Plc/Applications;s=AlternatingBoolean":{"Value":false,"SourceTimestamp":"2024-04-27T19:25:27.5613735Z","ServerTimestamp":"2024-04-27T19:25:27.593327Z"},"nsu=http://opcfoundation.org/UA/Plc/Applications;s=RandomSignedInt32":{"Value":-1516427343,"SourceTimestamp":"2024-04-27T19:25:27.5613626Z","ServerTimestamp":"2024-04-27T19:25:27.5933227Z"},"nsu=http://opcfoundation.org/UA/Plc/Applications;s=RandomUnsignedInt32":{"Value":2114941033,"SourceTimestamp":"2024-04-27T19:25:27.5613659Z","ServerTimestamp":"2024-04-27T19:25:27.5933332Z"},"nsu=http://opcfoundation.org/UA/Plc/Applications;s=DipData":{"Value":36.812455268467772,"SourceTimestamp":"2024-04-27T19:25:27.5613603Z","ServerTimestamp":"2024-04-27T19:25:27.593318Z"},"nsu=http://opcfoundation.org/UA/Plc/Applications;s=FastUIntScalar1":{"Value":7,"SourceTimestamp":"2024-04-27T19:25:26.658176Z","ServerTimestamp":"2024-04-27T19:25:27.5933337Z"},"nsu=http://opcfoundation.org/UA/Plc/Applications;s=FastUIntScalar2":{"Value":7,"SourceTimestamp":"2024-04-27T19:25:26.6581829Z","ServerTimestamp":"2024-04-27T19:25:27.5933322Z"},"nsu=http://opcfoundation.org/UA/Plc/Applications;s=FastUIntScalar3":{"Value":7,"SourceTimestamp":"2024-04-27T19:25:26.6581873Z","ServerTimestamp":"2024-04-27T19:25:27.5933208Z"},"nsu=http://opcfoundation.org/UA/Plc/Applications;s=FastRandomUIntScalar1":{"Value":1584623659,"SourceTimestamp":"2024-04-27T19:25:26.6581881Z","ServerTimestamp":"2024-04-27T19:25:27.5933292Z"},"nsu=http://opcfoundation.org/UA/Plc/Applications;s=FastRandomUIntScalar2":{"Value":3057683243,"SourceTimestamp":"2024-04-27T19:25:26.6581899Z","ServerTimestamp":"2024-04-27T19:25:27.5933299Z"},"nsu=http://opcfoundation.org/UA/Plc/Applications;s=FastRandomUIntScalar3":{"Value":3226477662,"SourceTimestamp":"2024-04-27T19:25:26.6581909Z","ServerTimestamp":"2024-04-27T19:25:27.5933189Z"},"nsu=http://opcfoundation.org/UA/Plc/Applications;s=NegativeTrendData":{"Value":99.900000000000006,"SourceTimestamp":"2024-04-27T19:25:27.5613649Z","ServerTimestamp":"2024-04-27T19:25:27.5933174Z"},"nsu=http://opcfoundation.org/UA/Plc/Applications;s=PositiveTrendData":{"Value":100,"SourceTimestamp":"2024-04-27T19:25:27.5613547Z","ServerTimestamp":"2024-04-27T19:25:27.5933152Z"},"nsu=http://opcfoundation.org/UA/Plc/Applications;s=SlowUIntScalar1":{"Value":0,"SourceTimestamp":"2024-04-27T19:25:19.6543761Z","ServerTimestamp":"2024-04-27T19:25:27.5933263Z"},"nsu=http://opcfoundation.org/UA/Plc/Applications;s=SlowUIntScalar2":{"Value":0,"SourceTimestamp":"2024-04-27T19:25:19.6543769Z","ServerTimestamp":"2024-04-27T19:25:27.5933344Z"},"nsu=http://opcfoundation.org/UA/Plc/Applications;s=SlowUIntScalar3":{"Value":0,"SourceTimestamp":"2024-04-27T19:25:19.6543797Z","ServerTimestamp":"2024-04-27T19:25:27.5933314Z"},"nsu=http://opcfoundation.org/UA/Plc/Applications;s=BadSlowUIntScalar1":{"Value":0,"SourceTimestamp":"2024-04-27T19:25:19.6543817Z","ServerTimestamp":"2024-04-27T19:25:27.5933201Z"},"nsu=http://opcfoundation.org/UA/Plc/Applications;s=SlowRandomUIntScalar1":{"Value":0,"SourceTimestamp":"2024-04-27T19:25:19.6543884Z","ServerTimestamp":"2024-04-27T19:25:27.5933238Z"},"nsu=http://opcfoundation.org/UA/Plc/Applications;s=SlowRandomUIntScalar2":{"Value":0,"SourceTimestamp":"2024-04-27T19:25:19.6543889Z","ServerTimestamp":"2024-04-27T19:25:27.5933163Z"},"nsu=http://opcfoundation.org/UA/Plc/Applications;s=SlowRandomUIntScalar3":{"Value":0,"SourceTimestamp":"2024-04-27T19:25:19.6543894Z","ServerTimestamp":"2024-04-27T19:25:27.5933221Z"},"nsu=http://opcfoundation.org/UA/Plc/Applications;s=BadSlowRandomUIntScalar1":{"Value":0,"SourceTimestamp":"2024-04-27T19:25:19.654391Z","ServerTimestamp":"2024-04-27T19:25:27.5933287Z"},"nsu=http://opcfoundation.org/UA/Plc/Applications;s=SpikeData":{"Value":36.812455268467772,"SourceTimestamp":"2024-04-27T19:25:27.5613605Z","ServerTimestamp":"2024-04-27T19:25:27.5933247Z"},"ns=23;i=1259":{"Value":-1.3100000000000001,"SourceTimestamp":"2024-04-27T19:25:20.56998Z","ServerTimestamp":"2024-04-27T19:25:27.5932988Z"}}