{"i=2258":{"Value":"2024-04-27T19:26:36.5837727Z","SourceTimestamp":"2024-04-27T19:25:20.5699463Z","ServerTimestamp":"2024-04-27T19:26:36.5837716Z"},"nsu=http://opcfoundation.org/UA/Plc/Applications;s=StepUp":{"Value":769,"SourceTimestamp":"2024-04-27T19:26:36.5561366Z","ServerTimestamp":"2024-04-27T19:26:36.5838162Z"},"nsu=http://opcfoundation.org/UA/Plc/Applications;s=AlternatingBoolean":{"Value":false,"SourceTimestamp":"2024-04-27T19:26:36.5561556Z","ServerTimestamp":"2024-04-27T19:26:36.5838131Z"},"nsu=http://opcfoundation.org/UA/Plc/Applications;s=RandomSignedInt32":{"Value":2064897542,"SourceTimestamp":"2024-04-27T19:26:36.5561566Z","ServerTimestamp":"2024-04-27T19:26:36.5838096Z"},"nsu=http://opcfoundation.org/UA/Plc/Applications;s=RandomUnsignedInt32":{"Value":1714363383,"SourceTimestamp":"2024-04-27T19:26:36.5561532Z","ServerTimestamp":"2024-04-27T19:26:36.5838188Z"},"nsu=http://opcfoundation.org/UA/Plc/Applications;s=DipData":{"Value":-77.051324277578942,"SourceTimestamp":"2024-04-27T19:26:36.5561615Z","ServerTimestamp":"2024-04-27T19:26:36.583805Z"},"nsu=http://opcfoundation.org/UA/Plc/Applications;s=FastUIntScalar1":{"Value":76,"SourceTimestamp":"2024-04-27T19:26:35.6552222Z","ServerTimestamp":"2024-04-27T19:26:36.5838191Z"},"nsu=http://opcfoundation.org/UA/Plc/Applications;s=FastUIntScalar2":{"Value":76,"SourceTimestamp":"2024-04-27T19:26:35.6552376Z","ServerTimestamp":"2024-04-27T19:26:36.5838179Z"},"nsu=http://opcfoundation.org/UA/Plc/Applications;s=FastUIntScalar3":{"Value":76,"SourceTimestamp":"2024-04-27T19:26:35.655239Z","ServerTimestamp":"2024-04-27T19:26:36.583808Z"},"nsu=http://opcfoundation.org/UA/Plc/Applications;s=FastRandomUIntScalar1":{"Value":4007269373,"SourceTimestamp":"2024-04-27T19:26:35.6552269Z","ServerTimestamp":"2024-04-27T19:26:36.5838148Z"},"nsu=http://opcfoundation.org/UA/Plc/Applications;s=FastRandomUIntScalar2":{"Value":2904122670,"SourceTimestamp":"2024-04-27T19:26:35.6552396Z","ServerTimestamp":"2024-04-27T19:26:36.5838155Z"},"nsu=http://opcfoundation.org/UA/Plc/Applications;s=FastRandomUIntScalar3":{"Value":2852890702,"SourceTimestamp":"2024-04-27T19:26:35.6552408Z","ServerTimestamp":"2024-04-27T19:26:36.5838061Z"},"nsu=http://opcfoundation.org/UA/Plc/Applications;s=NegativeTrendData":{"Value":98.5,"SourceTimestamp":"2024-04-27T19:26:36.55615Z","ServerTimestamp":"2024-04-27T19:26:36.5838045Z"},"nsu=http://opcfoundation.org/UA/Plc/Applications;s=PositiveTrendData":{"Value":100.8,"SourceTimestamp":"2024-04-27T19:26:36.5561499Z","ServerTimestamp":"2024-04-27T19:26:36.5838025Z"},"nsu=http://opcfoundation.org/UA/Plc/Applications;s=SlowUIntScalar1":{"Value":7,"SourceTimestamp":"2024-04-27T19:26:29.6582532Z","ServerTimestamp":"2024-04-27T19:26:36.5838124Z"},"nsu=http://opcfoundation.org/UA/Plc/Applications;s=SlowUIntScalar2":{"Value":7,"SourceTimestamp":"2024-04-27T19:26:29.6582609Z","ServerTimestamp":"2024-04-27T19:26:36.5838197Z"},"nsu=http://opcfoundation.org/UA/Plc/Applications;s=SlowUIntScalar3":{"Value":7,"SourceTimestamp":"2024-04-27T19:26:29.6582623Z","ServerTimestamp":"2024-04-27T19:26:36.583817Z"},"nsu=http://opcfoundation.org/UA/Plc/Applications;s=BadSlowUIntScalar1":{"Value":7,"SourceTimestamp":"2024-04-27T19:26:29.6582638Z","ServerTimestamp":"2024-04-27T19:26:36.5838071Z"},"nsu=http://opcfoundation.org/UA/Plc/Applications;s=SlowRandomUIntScalar1":{"Value":183219117,"SourceTimestamp":"2024-04-27T19:26:29.6582852Z","ServerTimestamp":"2024-04-27T19:26:36.5838107Z"},"nsu=http://opcfoundation.org/UA/Plc/Applications;s=SlowRandomUIntScalar2":{"Value":2162228460,"SourceTimestamp":"2024-04-27T19:26:29.6582874Z","ServerTimestamp":"2024-04-27T19:26:36.5838034Z"},"nsu=http://opcfoundation.org/UA/Plc/Applications;s=SlowRandomUIntScalar3":{"Value":1595436984,"SourceTimestamp":"2024-04-27T19:26:29.6582885Z","ServerTimestamp":"2024-04-27T19:26:36.5838091Z"},"nsu=http://opcfoundation.org/UA/Plc/Applications;s=BadSlowRandomUIntScalar1":{"Value":1119520208,"SourceTimestamp":"2024-04-27T19:26:29.658303Z","ServerTimestamp":"2024-04-27T19:26:36.5838142Z"},"nsu=http://opcfoundation.org/UA/Plc/Applications;s=SpikeData":{"Value":-77.051324277578942,"SourceTimestamp":"2024-04-27T19:26:36.5561346Z","ServerTimestamp":"2024-04-27T19:26:36.5838115Z"},"ns=23;i=1259":{"Value":1.6799999999999999,"SourceTimestamp":"2024-04-27T19:25:20.56998Z","ServerTimestamp":"2024-04-27T19:26:36.5837862Z"}}