{"i=2258":{"Value":"2024-04-27T19:26:38.5948195Z","SourceTimestamp":"2024-04-27T19:25:20.5699463Z","ServerTimestamp":"2024-04-27T19:26:38.5948182Z"},"nsu=http://opcfoundation.org/UA/Plc/Applications;s=StepUp":{"Value":789,"SourceTimestamp":"2024-04-27T19:26:38.5617944Z","ServerTimestamp":"2024-04-27T19:26:38.5948645Z"},"nsu=http://opcfoundation.org/UA/Plc/Applications;s=AlternatingBoolean":{"Value":false,"SourceTimestamp":"2024-04-27T19:26:38.5618Z","ServerTimestamp":"2024-04-27T19:26:38.5948612Z"},"nsu=http://opcfoundation.org/UA/Plc/Applications;s=RandomSignedInt32":{"Value":1959544918,"SourceTimestamp":"2024-04-27T19:26:38.5617952Z","ServerTimestamp":"2024-04-27T19:26:38.5948566Z"},"nsu=http://opcfoundation.org/UA/Plc/Applications;s=RandomUnsignedInt32":{"Value":864169719,"SourceTimestamp":"2024-04-27T19:26:38.5617897Z","ServerTimestamp":"2024-04-27T19:26:38.5948671Z"},"nsu=http://opcfoundation.org/UA/Plc/Applications;s=DipData":{"Value":99.80267284282715,"SourceTimestamp":"2024-04-27T19:26:38.5618475Z","ServerTimestamp":"2024-04-27T19:26:38.5948517Z"},"nsu=http://opcfoundation.org/UA/Plc/Applications;s=FastUIntScalar1":{"Value":78,"SourceTimestamp":"2024-04-27T19:26:37.6582721Z","ServerTimestamp":"2024-04-27T19:26:38.5948675Z"},"nsu=http://opcfoundation.org/UA/Plc/Applications;s=FastUIntScalar2":{"Value":78,"SourceTimestamp":"2024-04-27T19:26:37.6582764Z","ServerTimestamp":"2024-04-27T19:26:38.5948662Z"},"nsu=http://opcfoundation.org/UA/Plc/Applications;s=FastUIntScalar3":{"Value":78,"SourceTimestamp":"2024-04-27T19:26:37.6582776Z","ServerTimestamp":"2024-04-27T19:26:38.5948546Z"},"nsu=http://opcfoundation.org/UA/Plc/Applications;s=FastRandomUIntScalar1":{"Value":565989477,"SourceTimestamp":"2024-04-27T19:26:37.65827Z","ServerTimestamp":"2024-04-27T19:26:38.5948632Z"},"nsu=http://opcfoundation.org/UA/Plc/Applications;s=FastRandomUIntScalar2":{"Value":1039951843,"SourceTimestamp":"2024-04-27T19:26:37.6582744Z","ServerTimestamp":"2024-04-27T19:26:38.5948639Z"},"nsu=http://opcfoundation.org/UA/Plc/Applications;s=FastRandomUIntScalar3":{"Value":3209336490,"SourceTimestamp":"2024-04-27T19:26:37.6582772Z","ServerTimestamp":"2024-04-27T19:26:38.5948526Z"},"nsu=http://opcfoundation.org/UA/Plc/Applications;s=NegativeTrendData":{"Value":98.5,"SourceTimestamp":"2024-04-27T19:26:38.5617833Z","ServerTimestamp":"2024-04-27T19:26:38.5948512Z"},"nsu=http://opcfoundation.org/UA/Plc/Applications;s=PositiveTrendData":{"Value":100.8,"SourceTimestamp":"2024-04-27T19:26:38.5617778Z","ServerTimestamp":"2024-04-27T19:26:38.5948486Z"},"nsu=http://opcfoundation.org/UA/Plc/Applications;s=SlowUIntScalar1":{"Value":7,"SourceTimestamp":"2024-04-27T19:26:29.6582532Z","ServerTimestamp":"2024-04-27T19:26:38.5948605Z"},"nsu=http://opcfoundation.org/UA/Plc/Applications;s=SlowUIntScalar2":{"Value":7,"SourceTimestamp":"2024-04-27T19:26:29.6582609Z","ServerTimestamp":"2024-04-27T19:26:38.5948681Z"},"nsu=http://opcfoundation.org/UA/Plc/Applications;s=SlowUIntScalar3":{"Value":7,"SourceTimestamp":"2024-04-27T19:26:29.6582623Z","ServerTimestamp":"2024-04-27T19:26:38.5948653Z"},"nsu=http://opcfoundation.org/UA/Plc/Applications;s=BadSlowUIntScalar1":{"Value":7,"SourceTimestamp":"2024-04-27T19:26:29.6582638Z","ServerTimestamp":"2024-04-27T19:26:38.5948537Z"},"nsu=http://opcfoundation.org/UA/Plc/Applications;s=SlowRandomUIntScalar1":{"Value":183219117,"SourceTimestamp":"2024-04-27T19:26:29.6582852Z","ServerTimestamp":"2024-04-27T19:26:38.5948577Z"},"nsu=http://opcfoundation.org/UA/Plc/Applications;s=SlowRandomUIntScalar2":{"Value":2162228460,"SourceTimestamp":"2024-04-27T19:26:29.6582874Z","ServerTimestamp":"2024-04-27T19:26:38.5948498Z"},"nsu=http://opcfoundation.org/UA/Plc/Applications;s=SlowRandomUIntScalar3":{"Value":1595436984,"SourceTimestamp":"2024-04-27T19:26:29.6582885Z","ServerTimestamp":"2024-04-27T19:26:38.5948559Z"},"nsu=http://opcfoundation.org/UA/Plc/Applications;s=BadSlowRandomUIntScalar1":{"Value":1119520208,"SourceTimestamp":"2024-04-27T19:26:29.658303Z","ServerTimestamp":"2024-04-27T19:26:38.5948626Z"},"nsu=http://opcfoundation.org/UA/Plc/Applications;s=SpikeData":{"Value":99.80267284282715,"SourceTimestamp":"2024-04-27T19:26:38.561738Z","ServerTimestamp":"2024-04-27T19:26:38.5948585Z"},"ns=23;i=1259":{"Value":0.59799999999999998,"SourceTimestamp":"2024-04-27T19:25:20.56998Z","ServerTimestamp":"2024-04-27T19:26:38.5948334Z"}}