{"i=2258":{"Value":"2024-04-27T19:26:50.5836042Z","SourceTimestamp":"2024-04-27T19:25:20.5699463Z","ServerTimestamp":"2024-04-27T19:26:50.5836031Z"},"nsu=http://opcfoundation.org/UA/Plc/Applications;s=StepUp":{"Value":909,"SourceTimestamp":"2024-04-27T19:26:50.5664956Z","ServerTimestamp":"2024-04-27T19:26:50.5836458Z"},"nsu=http://opcfoundation.org/UA/Plc/Applications;s=AlternatingBoolean":{"Value":true,"SourceTimestamp":"2024-04-27T19:26:50.5665322Z","ServerTimestamp":"2024-04-27T19:26:50.5836428Z"},"nsu=http://opcfoundation.org/UA/Plc/Applications;s=RandomSignedInt32":{"Value":1161649504,"SourceTimestamp":"2024-04-27T19:26:50.5665331Z","ServerTimestamp":"2024-04-27T19:26:50.5836393Z"},"nsu=http://opcfoundation.org/UA/Plc/Applications;s=RandomUnsignedInt32":{"Value":838373719,"SourceTimestamp":"2024-04-27T19:26:50.5665482Z","ServerTimestamp":"2024-04-27T19:26:50.5836481Z"},"nsu=http://opcfoundation.org/UA/Plc/Applications;s=DipData":{"Value":-84.432792550201498,"SourceTimestamp":"2024-04-27T19:26:50.5665281Z","ServerTimestamp":"2024-04-27T19:26:50.5836341Z"},"nsu=http://opcfoundation.org/UA/Plc/Applications;s=FastUIntScalar1":{"Value":90,"SourceTimestamp":"2024-04-27T19:26:49.6542699Z","ServerTimestamp":"2024-04-27T19:26:50.5836487Z"},"nsu=http://opcfoundation.org/UA/Plc/Applications;s=FastUIntScalar2":{"Value":90,"SourceTimestamp":"2024-04-27T19:26:49.6542723Z","ServerTimestamp":"2024-04-27T19:26:50.5836473Z"},"nsu=http://opcfoundation.org/UA/Plc/Applications;s=FastUIntScalar3":{"Value":90,"SourceTimestamp":"2024-04-27T19:26:49.6542737Z","ServerTimestamp":"2024-04-27T19:26:50.5836375Z"},"nsu=http://opcfoundation.org/UA/Plc/Applications;s=FastRandomUIntScalar1":{"Value":1232095963,"SourceTimestamp":"2024-04-27T19:26:49.6542732Z","ServerTimestamp":"2024-04-27T19:26:50.5836446Z"},"nsu=http://opcfoundation.org/UA/Plc/Applications;s=FastRandomUIntScalar2":{"Value":2956457929,"SourceTimestamp":"2024-04-27T19:26:49.6542744Z","ServerTimestamp":"2024-04-27T19:26:50.5836452Z"},"nsu=http://opcfoundation.org/UA/Plc/Applications;s=FastRandomUIntScalar3":{"Value":2193429040,"SourceTimestamp":"2024-04-27T19:26:49.6542752Z","ServerTimestamp":"2024-04-27T19:26:50.5836349Z"},"nsu=http://opcfoundation.org/UA/Plc/Applications;s=NegativeTrendData":{"Value":98.200000000000003,"SourceTimestamp":"2024-04-27T19:26:50.5665257Z","ServerTimestamp":"2024-04-27T19:26:50.5836333Z"},"nsu=http://opcfoundation.org/UA/Plc/Applications;s=PositiveTrendData":{"Value":101.09999999999999,"SourceTimestamp":"2024-04-27T19:26:50.5665079Z","ServerTimestamp":"2024-04-27T19:26:50.5836313Z"},"nsu=http://opcfoundation.org/UA/Plc/Applications;s=SlowUIntScalar1":{"Value":9,"SourceTimestamp":"2024-04-27T19:26:49.6542395Z","ServerTimestamp":"2024-04-27T19:26:50.5836422Z"},"nsu=http://opcfoundation.org/UA/Plc/Applications;s=SlowUIntScalar2":{"Value":9,"SourceTimestamp":"2024-04-27T19:26:49.6542452Z","ServerTimestamp":"2024-04-27T19:26:50.5836492Z"},"nsu=http://opcfoundation.org/UA/Plc/Applications;s=SlowUIntScalar3":{"Value":9,"SourceTimestamp":"2024-04-27T19:26:49.6542469Z","ServerTimestamp":"2024-04-27T19:26:50.5836465Z"},"nsu=http://opcfoundation.org/UA/Plc/Applications;s=BadSlowUIntScalar1":{"Value":null,"StatusCode":{"Symbol":"BadDataLost","Code":2157772800},"SourceTimestamp":"2024-04-27T19:26:49.6542488Z","ServerTimestamp":"2024-04-27T19:26:50.5836358Z"},"nsu=http://opcfoundation.org/UA/Plc/Applications;s=SlowRandomUIntScalar1":{"Value":572338311,"SourceTimestamp":"2024-04-27T19:26:49.6542657Z","ServerTimestamp":"2024-04-27T19:26:50.5836403Z"},"nsu=http://opcfoundation.org/UA/Plc/Applications;s=SlowRandomUIntScalar2":{"Value":3650121152,"SourceTimestamp":"2024-04-27T19:26:49.6542675Z","ServerTimestamp":"2024-04-27T19:26:50.5836321Z"},"nsu=http://opcfoundation.org/UA/Plc/Applications;s=SlowRandomUIntScalar3":{"Value":337659418,"SourceTimestamp":"2024-04-27T19:26:49.6542687Z","ServerTimestamp":"2024-04-27T19:26:50.5836387Z"},"nsu=http://opcfoundation.org/UA/Plc/Applications;s=BadSlowRandomUIntScalar1":{"Value":null,"StatusCode":{"Symbol":"BadDataLost","Code":2157772800},"SourceTimestamp":"2024-04-27T19:26:49.6542701Z","ServerTimestamp":"2024-04-27T19:26:50.583644Z"},"nsu=http://opcfoundation.org/UA/Plc/Applications;s=SpikeData":{"Value":-84.432792550201498,"SourceTimestamp":"2024-04-27T19:26:50.5665004Z","ServerTimestamp":"2024-04-27T19:26:50.5836411Z"},"ns=23;i=1259":{"Value":-0.30299999999999999,"SourceTimestamp":"2024-04-27T19:25:20.56998Z","ServerTimestamp":"2024-04-27T19:26:50.5836173Z"}}