{"i=2258":{"Value":"2024-04-27T19:26:52.5815859Z","SourceTimestamp":"2024-04-27T19:25:20.5699463Z","ServerTimestamp":"2024-04-27T19:26:52.5815847Z"},"nsu=http://opcfoundation.org/UA/Plc/Applications;s=StepUp":{"Value":929,"SourceTimestamp":"2024-04-27T19:26:52.5649395Z","ServerTimestamp":"2024-04-27T19:26:52.5816326Z"},"nsu=http://opcfoundation.org/UA/Plc/Applications;s=AlternatingBoolean":{"Value":true,"SourceTimestamp":"2024-04-27T19:26:52.5649216Z","ServerTimestamp":"2024-04-27T19:26:52.5816292Z"},"nsu=http://opcfoundation.org/UA/Plc/Applications;s=RandomSignedInt32":{"Value":1036909702,"SourceTimestamp":"2024-04-27T19:26:52.5649176Z","ServerTimestamp":"2024-04-27T19:26:52.581625Z"},"nsu=http://opcfoundation.org/UA/Plc/Applications;s=RandomUnsignedInt32":{"Value":1922572557,"SourceTimestamp":"2024-04-27T19:26:52.5649123Z","ServerTimestamp":"2024-04-27T19:26:52.5816352Z"},"nsu=http://opcfoundation.org/UA/Plc/Applications;s=DipData":{"Value":36.812455268467772,"SourceTimestamp":"2024-04-27T19:26:52.5649074Z","ServerTimestamp":"2024-04-27T19:26:52.5816201Z"},"nsu=http://opcfoundation.org/UA/Plc/Applications;s=FastUIntScalar1":{"Value":92,"SourceTimestamp":"2024-04-27T19:26:51.6683056Z","ServerTimestamp":"2024-04-27T19:26:52.5816356Z"},"nsu=http://opcfoundation.org/UA/Plc/Applications;s=FastUIntScalar2":{"Value":92,"SourceTimestamp":"2024-04-27T19:26:51.6683103Z","ServerTimestamp":"2024-04-27T19:26:52.5816342Z"},"nsu=http://opcfoundation.org/UA/Plc/Applications;s=FastUIntScalar3":{"Value":92,"SourceTimestamp":"2024-04-27T19:26:51.6683117Z","ServerTimestamp":"2024-04-27T19:26:52.5816232Z"},"nsu=http://opcfoundation.org/UA/Plc/Applications;s=FastRandomUIntScalar1":{"Value":2292932150,"SourceTimestamp":"2024-04-27T19:26:51.6683051Z","ServerTimestamp":"2024-04-27T19:26:52.5816312Z"},"nsu=http://opcfoundation.org/UA/Plc/Applications;s=FastRandomUIntScalar2":{"Value":435146102,"SourceTimestamp":"2024-04-27T19:26:51.6683091Z","ServerTimestamp":"2024-04-27T19:26:52.5816319Z"},"nsu=http://opcfoundation.org/UA/Plc/Applications;s=FastRandomUIntScalar3":{"Value":3616493360,"SourceTimestamp":"2024-04-27T19:26:51.6683111Z","ServerTimestamp":"2024-04-27T19:26:52.581621Z"},"nsu=http://opcfoundation.org/UA/Plc/Applications;s=NegativeTrendData":{"Value":98.200000000000003,"SourceTimestamp":"2024-04-27T19:26:52.5649027Z","ServerTimestamp":"2024-04-27T19:26:52.5816196Z"},"nsu=http://opcfoundation.org/UA/Plc/Applications;s=PositiveTrendData":{"Value":101.09999999999999,"SourceTimestamp":"2024-04-27T19:26:52.5648975Z","ServerTimestamp":"2024-04-27T19:26:52.5816168Z"},"nsu=http://opcfoundation.org/UA/Plc/Applications;s=SlowUIntScalar1":{"Value":9,"SourceTimestamp":"2024-04-27T19:26:49.6542395Z","ServerTimestamp":"2024-04-27T19:26:52.5816278Z"},"nsu=http://opcfoundation.org/UA/Plc/Applications;s=SlowUIntScalar2":{"Value":9,"SourceTimestamp":"2024-04-27T19:26:49.6542452Z","ServerTimestamp":"2024-04-27T19:26:52.5816362Z"},"nsu=http://opcfoundation.org/UA/Plc/Applications;s=SlowUIntScalar3":{"Value":9,"SourceTimestamp":"2024-04-27T19:26:49.6542469Z","ServerTimestamp":"2024-04-27T19:26:52.5816334Z"},"nsu=http://opcfoundation.org/UA/Plc/Applications;s=BadSlowUIntScalar1":{"Value":null,"StatusCode":{"Symbol":"BadDataLost","Code":2157772800},"SourceTimestamp":"2024-04-27T19:26:49.6542488Z","ServerTimestamp":"2024-04-27T19:26:52.5816222Z"},"nsu=http://opcfoundation.org/UA/Plc/Applications;s=SlowRandomUIntScalar1":{"Value":572338311,"SourceTimestamp":"2024-04-27T19:26:49.6542657Z","ServerTimestamp":"2024-04-27T19:26:52.5816261Z"},"nsu=http://opcfoundation.org/UA/Plc/Applications;s=SlowRandomUIntScalar2":{"Value":3650121152,"SourceTimestamp":"2024-04-27T19:26:49.6542675Z","ServerTimestamp":"2024-04-27T19:26:52.5816181Z"},"nsu=http://opcfoundation.org/UA/Plc/Applications;s=SlowRandomUIntScalar3":{"Value":337659418,"SourceTimestamp":"2024-04-27T19:26:49.6542687Z","ServerTimestamp":"2024-04-27T19:26:52.5816243Z"},"nsu=http://opcfoundation.org/UA/Plc/Applications;s=BadSlowRandomUIntScalar1":{"Value":null,"StatusCode":{"Symbol":"BadDataLost","Code":2157772800},"SourceTimestamp":"2024-04-27T19:26:49.6542701Z","ServerTimestamp":"2024-04-27T19:26:52.5816306Z"},"nsu=http://opcfoundation.org/UA/Plc/Applications;s=SpikeData":{"Value":36.812455268467772,"SourceTimestamp":"2024-04-27T19:26:52.5648524Z","ServerTimestamp":"2024-04-27T19:26:52.5816269Z"},"ns=23;i=1259":{"Value":-0.42099999999999999,"SourceTimestamp":"2024-04-27T19:25:20.56998Z","ServerTimestamp":"2024-04-27T19:26:52.5816006Z"}}