{"i=2258":{"Value":"2024-04-27T19:26:55.5869215Z","SourceTimestamp":"2024-04-27T19:25:20.5699463Z","ServerTimestamp":"2024-04-27T19:26:55.5869202Z"},"nsu=http://opcfoundation.org/UA/Plc/Applications;s=StepUp":{"Value":959,"SourceTimestamp":"2024-04-27T19:26:55.5551163Z","ServerTimestamp":"2024-04-27T19:26:55.5869726Z"},"nsu=http://opcfoundation.org/UA/Plc/Applications;s=AlternatingBoolean":{"Value":false,"SourceTimestamp":"2024-04-27T19:26:55.5551413Z","ServerTimestamp":"2024-04-27T19:26:55.5869693Z"},"nsu=http://opcfoundation.org/UA/Plc/Applications;s=RandomSignedInt32":{"Value":503557075,"SourceTimestamp":"2024-04-27T19:26:55.555141Z","ServerTimestamp":"2024-04-27T19:26:55.5869559Z"},"nsu=http://opcfoundation.org/UA/Plc/Applications;s=RandomUnsignedInt32":{"Value":1614037647,"SourceTimestamp":"2024-04-27T19:26:55.5551382Z","ServerTimestamp":"2024-04-27T19:26:55.586975Z"},"nsu=http://opcfoundation.org/UA/Plc/Applications;s=DipData":{"Value":-84.432792550201498,"SourceTimestamp":"2024-04-27T19:26:55.555138Z","ServerTimestamp":"2024-04-27T19:26:55.5869516Z"},"nsu=http://opcfoundation.org/UA/Plc/Applications;s=FastUIntScalar1":{"Value":95,"SourceTimestamp":"2024-04-27T19:26:54.6542418Z","ServerTimestamp":"2024-04-27T19:26:55.5869753Z"},"nsu=http://opcfoundation.org/UA/Plc/Applications;s=FastUIntScalar2":{"Value":95,"SourceTimestamp":"2024-04-27T19:26:54.6542562Z","ServerTimestamp":"2024-04-27T19:26:55.5869741Z"},"nsu=http://opcfoundation.org/UA/Plc/Applications;s=FastUIntScalar3":{"Value":95,"SourceTimestamp":"2024-04-27T19:26:54.6542576Z","ServerTimestamp":"2024-04-27T19:26:55.5869542Z"},"nsu=http://opcfoundation.org/UA/Plc/Applications;s=FastRandomUIntScalar1":{"Value":567615063,"SourceTimestamp":"2024-04-27T19:26:54.6542518Z","ServerTimestamp":"2024-04-27T19:26:55.5869714Z"},"nsu=http://opcfoundation.org/UA/Plc/Applications;s=FastRandomUIntScalar2":{"Value":734129938,"SourceTimestamp":"2024-04-27T19:26:54.654257Z","ServerTimestamp":"2024-04-27T19:26:55.586972Z"},"nsu=http://opcfoundation.org/UA/Plc/Applications;s=FastRandomUIntScalar3":{"Value":81982760,"SourceTimestamp":"2024-04-27T19:26:54.6542584Z","ServerTimestamp":"2024-04-27T19:26:55.5869524Z"},"nsu=http://opcfoundation.org/UA/Plc/Applications;s=NegativeTrendData":{"Value":98.099999999999994,"SourceTimestamp":"2024-04-27T19:26:55.5551317Z","ServerTimestamp":"2024-04-27T19:26:55.5869512Z"},"nsu=http://opcfoundation.org/UA/Plc/Applications;s=PositiveTrendData":{"Value":101.2,"SourceTimestamp":"2024-04-27T19:26:55.5551426Z","ServerTimestamp":"2024-04-27T19:26:55.5869489Z"},"nsu=http://opcfoundation.org/UA/Plc/Applications;s=SlowUIntScalar1":{"Value":9,"SourceTimestamp":"2024-04-27T19:26:49.6542395Z","ServerTimestamp":"2024-04-27T19:26:55.5869585Z"},"nsu=http://opcfoundation.org/UA/Plc/Applications;s=SlowUIntScalar2":{"Value":9,"SourceTimestamp":"2024-04-27T19:26:49.6542452Z","ServerTimestamp":"2024-04-27T19:26:55.5869759Z"},"nsu=http://opcfoundation.org/UA/Plc/Applications;s=SlowUIntScalar3":{"Value":9,"SourceTimestamp":"2024-04-27T19:26:49.6542469Z","ServerTimestamp":"2024-04-27T19:26:55.5869732Z"},"nsu=http://opcfoundation.org/UA/Plc/Applications;s=BadSlowUIntScalar1":{"Value":null,"StatusCode":{"Symbol":"BadDataLost","Code":2157772800},"SourceTimestamp":"2024-04-27T19:26:49.6542488Z","ServerTimestamp":"2024-04-27T19:26:55.5869533Z"},"nsu=http://opcfoundation.org/UA/Plc/Applications;s=SlowRandomUIntScalar1":{"Value":572338311,"SourceTimestamp":"2024-04-27T19:26:49.6542657Z","ServerTimestamp":"2024-04-27T19:26:55.5869569Z"},"nsu=http://opcfoundation.org/UA/Plc/Applications;s=SlowRandomUIntScalar2":{"Value":3650121152,"SourceTimestamp":"2024-04-27T19:26:49.6542675Z","ServerTimestamp":"2024-04-27T19:26:55.5869499Z"},"nsu=http://opcfoundation.org/UA/Plc/Applications;s=SlowRandomUIntScalar3":{"Value":337659418,"SourceTimestamp":"2024-04-27T19:26:49.6542687Z","ServerTimestamp":"2024-04-27T19:26:55.5869553Z"},"nsu=http://opcfoundation.org/UA/Plc/Applications;s=BadSlowRandomUIntScalar1":{"Value":null,"StatusCode":{"Symbol":"BadDataLost","Code":2157772800},"SourceTimestamp":"2024-04-27T19:26:49.6542701Z","ServerTimestamp":"2024-04-27T19:26:55.5869708Z"},"nsu=http://opcfoundation.org/UA/Plc/Applications;s=SpikeData":{"Value":-84.432792550201498,"SourceTimestamp":"2024-04-27T19:26:55.5551297Z","ServerTimestamp":"2024-04-27T19:26:55.5869577Z"},"ns=23;i=1259":{"Value":-0.69900000000000007,"SourceTimestamp":"2024-04-27T19:25:20.56998Z","ServerTimestamp":"2024-04-27T19:26:55.5869345Z"}}