{"i=2258":{"Value":"2024-04-27T19:26:56.5946761Z","SourceTimestamp":"2024-04-27T19:25:20.5699463Z","ServerTimestamp":"2024-04-27T19:26:56.5946747Z"},"nsu=http://opcfoundation.org/UA/Plc/Applications;s=StepUp":{"Value":969,"SourceTimestamp":"2024-04-27T19:26:56.5626584Z","ServerTimestamp":"2024-04-27T19:26:56.5947192Z"},"nsu=http://opcfoundation.org/UA/Plc/Applications;s=AlternatingBoolean":{"Value":false,"SourceTimestamp":"2024-04-27T19:26:56.5627522Z","ServerTimestamp":"2024-04-27T19:26:56.5947162Z"},"nsu=http://opcfoundation.org/UA/Plc/Applications;s=RandomSignedInt32":{"Value":613844142,"SourceTimestamp":"2024-04-27T19:26:56.5627485Z","ServerTimestamp":"2024-04-27T19:26:56.5947124Z"},"nsu=http://opcfoundation.org/UA/Plc/Applications;s=RandomUnsignedInt32":{"Value":537914718,"SourceTimestamp":"2024-04-27T19:26:56.562712Z","ServerTimestamp":"2024-04-27T19:26:56.5947214Z"},"nsu=http://opcfoundation.org/UA/Plc/Applications;s=DipData":{"Value":-77.051324277578942,"SourceTimestamp":"2024-04-27T19:26:56.5627089Z","ServerTimestamp":"2024-04-27T19:26:56.594708Z"},"nsu=http://opcfoundation.org/UA/Plc/Applications;s=FastUIntScalar1":{"Value":96,"SourceTimestamp":"2024-04-27T19:26:55.6629644Z","ServerTimestamp":"2024-04-27T19:26:56.5947219Z"},"nsu=http://opcfoundation.org/UA/Plc/Applications;s=FastUIntScalar2":{"Value":96,"SourceTimestamp":"2024-04-27T19:26:55.6629725Z","ServerTimestamp":"2024-04-27T19:26:56.5947206Z"},"nsu=http://opcfoundation.org/UA/Plc/Applications;s=FastUIntScalar3":{"Value":96,"SourceTimestamp":"2024-04-27T19:26:55.6629752Z","ServerTimestamp":"2024-04-27T19:26:56.5947107Z"},"nsu=http://opcfoundation.org/UA/Plc/Applications;s=FastRandomUIntScalar1":{"Value":1278971403,"SourceTimestamp":"2024-04-27T19:26:55.6629596Z","ServerTimestamp":"2024-04-27T19:26:56.5947179Z"},"nsu=http://opcfoundation.org/UA/Plc/Applications;s=FastRandomUIntScalar2":{"Value":871337720,"SourceTimestamp":"2024-04-27T19:26:55.6629746Z","ServerTimestamp":"2024-04-27T19:26:56.5947186Z"},"nsu=http://opcfoundation.org/UA/Plc/Applications;s=FastRandomUIntScalar3":{"Value":4216901838,"SourceTimestamp":"2024-04-27T19:26:55.662976Z","ServerTimestamp":"2024-04-27T19:26:56.5947088Z"},"nsu=http://opcfoundation.org/UA/Plc/Applications;s=NegativeTrendData":{"Value":98.099999999999994,"SourceTimestamp":"2024-04-27T19:26:56.5627038Z","ServerTimestamp":"2024-04-27T19:26:56.5947075Z"},"nsu=http://opcfoundation.org/UA/Plc/Applications;s=PositiveTrendData":{"Value":101.2,"SourceTimestamp":"2024-04-27T19:26:56.5626997Z","ServerTimestamp":"2024-04-27T19:26:56.5947055Z"},"nsu=http://opcfoundation.org/UA/Plc/Applications;s=SlowUIntScalar1":{"Value":9,"SourceTimestamp":"2024-04-27T19:26:49.6542395Z","ServerTimestamp":"2024-04-27T19:26:56.5947153Z"},"nsu=http://opcfoundation.org/UA/Plc/Applications;s=SlowUIntScalar2":{"Value":9,"SourceTimestamp":"2024-04-27T19:26:49.6542452Z","ServerTimestamp":"2024-04-27T19:26:56.5947225Z"},"nsu=http://opcfoundation.org/UA/Plc/Applications;s=SlowUIntScalar3":{"Value":9,"SourceTimestamp":"2024-04-27T19:26:49.6542469Z","ServerTimestamp":"2024-04-27T19:26:56.5947199Z"},"nsu=http://opcfoundation.org/UA/Plc/Applications;s=BadSlowUIntScalar1":{"Value":null,"StatusCode":{"Symbol":"BadDataLost","Code":2157772800},"SourceTimestamp":"2024-04-27T19:26:49.6542488Z","ServerTimestamp":"2024-04-27T19:26:56.5947098Z"},"nsu=http://opcfoundation.org/UA/Plc/Applications;s=SlowRandomUIntScalar1":{"Value":572338311,"SourceTimestamp":"2024-04-27T19:26:49.6542657Z","ServerTimestamp":"2024-04-27T19:26:56.5947136Z"},"nsu=http://opcfoundation.org/UA/Plc/Applications;s=SlowRandomUIntScalar2":{"Value":3650121152,"SourceTimestamp":"2024-04-27T19:26:49.6542675Z","ServerTimestamp":"2024-04-27T19:26:56.5947065Z"},"nsu=http://opcfoundation.org/UA/Plc/Applications;s=SlowRandomUIntScalar3":{"Value":337659418,"SourceTimestamp":"2024-04-27T19:26:49.6542687Z","ServerTimestamp":"2024-04-27T19:26:56.5947118Z"},"nsu=http://opcfoundation.org/UA/Plc/Applications;s=BadSlowRandomUIntScalar1":{"Value":null,"StatusCode":{"Symbol":"BadDataLost","Code":2157772800},"SourceTimestamp":"2024-04-27T19:26:49.6542701Z","ServerTimestamp":"2024-04-27T19:26:56.5947174Z"},"nsu=http://opcfoundation.org/UA/Plc/Applications;s=SpikeData":{"Value":1000,"SourceTimestamp":"2024-04-27T19:26:56.5627025Z","ServerTimestamp":"2024-04-27T19:26:56.5947144Z"},"ns=23;i=1259":{"Value":-1.8300000000000001,"SourceTimestamp":"2024-04-27T19:25:20.56998Z","ServerTimestamp":"2024-04-27T19:26:56.5946897Z"}}