{"NodeId":"nsu=http://opcfoundation.org/UA/Plc/Applications;s=SlowRandomUIntScalar3","EndpointUrl":"opc.tcp://localhost:61457/UA/SampleServer","ApplicationUri":"urn:desktop-bgfjs91:OPCFoundation:CoreSampleServer","DisplayName":"nsu=http://opcfoundation.org/UA/Plc/Applications;s=SlowRandomUIntScalar3","Timestamp":"2024-04-27T09:52:10.0525133Z","Value":{"Value":1012225242,"SourceTimestamp":"2024-04-27T09:52:09.1662325Z","ServerTimestamp":"2024-04-27T09:52:09.1662332Z"},"SequenceNumber":7,"ExtensionFields":{}}