{"NodeId":"nsu=http://opcfoundation.org/UA/Plc/Applications;s=RandomSignedInt32","EndpointUrl":"opc.tcp://localhost:61457/UA/SampleServer","ApplicationUri":"urn:desktop-bgfjs91:OPCFoundation:CoreSampleServer","DisplayName":"nsu=http://opcfoundation.org/UA/Plc/Applications;s=RandomSignedInt32","Timestamp":"2024-04-27T09:52:11.0397789Z","Value":{"Value":874303290,"SourceTimestamp":"2024-04-27T09:52:10.9617095Z","ServerTimestamp":"2024-04-27T09:52:10.9617147Z"},"SequenceNumber":98,"ExtensionFields":{}}