{"NodeId":"nsu=http://opcfoundation.org/UA/Plc/Applications;s=FastRandomUIntScalar2","EndpointUrl":"opc.tcp://localhost:61457/UA/SampleServer","ApplicationUri":"urn:desktop-bgfjs91:OPCFoundation:CoreSampleServer","DisplayName":"nsu=http://opcfoundation.org/UA/Plc/Applications;s=FastRandomUIntScalar2","Timestamp":"2024-04-27T09:52:12.0215644Z","Value":{"Value":1449783462,"SourceTimestamp":"2024-04-27T09:52:11.161924Z","ServerTimestamp":"2024-04-27T09:52:11.1619263Z"},"SequenceNumber":116,"ExtensionFields":{}}