{"NodeId":"nsu=http://opcfoundation.org/UA/Plc/Applications;s=RandomUnsignedInt32","EndpointUrl":"opc.tcp://localhost:61457/UA/SampleServer","ApplicationUri":"urn:desktop-bgfjs91:OPCFoundation:CoreSampleServer","DisplayName":"nsu=http://opcfoundation.org/UA/Plc/Applications;s=RandomUnsignedInt32","Timestamp":"2024-04-27T09:52:13.0138942Z","Value":{"Value":1491269675,"SourceTimestamp":"2024-04-27T09:52:12.9672025Z","ServerTimestamp":"2024-04-27T09:52:12.96721Z"},"SequenceNumber":121,"ExtensionFields":{}}