{"NodeId":"nsu=http://opcfoundation.org/UA/Plc/Applications;s=FastRandomUIntScalar1","EndpointUrl":"opc.tcp://localhost:61457/UA/SampleServer","ApplicationUri":"urn:desktop-bgfjs91:OPCFoundation:CoreSampleServer","DisplayName":"nsu=http://opcfoundation.org/UA/Plc/Applications;s=FastRandomUIntScalar1","Timestamp":"2024-04-27T09:52:13.0138942Z","Value":{"Value":3260328987,"SourceTimestamp":"2024-04-27T09:52:12.1594622Z","ServerTimestamp":"2024-04-27T09:52:12.1594788Z"},"SequenceNumber":126,"ExtensionFields":{}}