{"NodeId":"nsu=http://opcfoundation.org/UA/Plc/Applications;s=RandomUnsignedInt32","EndpointUrl":"opc.tcp://localhost:61457/UA/SampleServer","ApplicationUri":"urn:desktop-bgfjs91:OPCFoundation:CoreSampleServer","DisplayName":"nsu=http://opcfoundation.org/UA/Plc/Applications;s=RandomUnsignedInt32","Timestamp":"2024-04-27T09:52:14.98687Z","Value":{"Value":415879110,"SourceTimestamp":"2024-04-27T09:52:14.9554602Z","ServerTimestamp":"2024-04-27T09:52:14.9554617Z"},"SequenceNumber":133,"ExtensionFields":{}}