{"NodeId":"nsu=http://opcfoundation.org/UA/Plc/Applications;s=FastRandomUIntScalar1","EndpointUrl":"opc.tcp://localhost:61457/UA/SampleServer","ApplicationUri":"urn:desktop-bgfjs91:OPCFoundation:CoreSampleServer","DisplayName":"nsu=http://opcfoundation.org/UA/Plc/Applications;s=FastRandomUIntScalar1","Timestamp":"2024-04-27T09:52:14.98687Z","Value":{"Value":1794101907,"SourceTimestamp":"2024-04-27T09:52:14.1541858Z","ServerTimestamp":"2024-04-27T09:52:14.1541874Z"},"SequenceNumber":138,"ExtensionFields":{}}