{"NodeId":"nsu=http://opcfoundation.org/UA/Plc/Applications;s=RandomSignedInt32","EndpointUrl":"opc.tcp://localhost:61457/UA/SampleServer","ApplicationUri":"urn:desktop-bgfjs91:OPCFoundation:CoreSampleServer","DisplayName":"nsu=http://opcfoundation.org/UA/Plc/Applications;s=RandomSignedInt32","Timestamp":"2024-04-27T09:52:16.0442818Z","Value":{"Value":786067893,"SourceTimestamp":"2024-04-27T09:52:15.9653961Z","ServerTimestamp":"2024-04-27T09:52:15.9653991Z"},"SequenceNumber":145,"ExtensionFields":{}}