{"NodeId":"nsu=http://opcfoundation.org/UA/Plc/Applications;s=FastRandomUIntScalar2","EndpointUrl":"opc.tcp://localhost:61457/UA/SampleServer","ApplicationUri":"urn:desktop-bgfjs91:OPCFoundation:CoreSampleServer","DisplayName":"nsu=http://opcfoundation.org/UA/Plc/Applications;s=FastRandomUIntScalar2","Timestamp":"2024-04-27T09:52:16.0442818Z","Value":{"Value":784578253,"SourceTimestamp":"2024-04-27T09:52:15.1567859Z","ServerTimestamp":"2024-04-27T09:52:15.1567877Z"},"SequenceNumber":152,"ExtensionFields":{}}