{"NodeId":"nsu=http://opcfoundation.org/UA/Plc/Applications;s=FastRandomUIntScalar2","EndpointUrl":"opc.tcp://localhost:61457/UA/SampleServer","ApplicationUri":"urn:desktop-bgfjs91:OPCFoundation:CoreSampleServer","DisplayName":"nsu=http://opcfoundation.org/UA/Plc/Applications;s=FastRandomUIntScalar2","Timestamp":"2024-04-27T09:52:17.0302443Z","Value":{"Value":4008204480,"SourceTimestamp":"2024-04-27T09:52:16.1529052Z","ServerTimestamp":"2024-04-27T09:52:16.1529058Z"},"SequenceNumber":163,"ExtensionFields":{}}