{"NodeId":"nsu=http://opcfoundation.org/UA/Plc/Applications;s=RandomSignedInt32","EndpointUrl":"opc.tcp://localhost:61457/UA/SampleServer","ApplicationUri":"urn:desktop-bgfjs91:OPCFoundation:CoreSampleServer","DisplayName":"nsu=http://opcfoundation.org/UA/Plc/Applications;s=RandomSignedInt32","Timestamp":"2024-04-27T09:52:18.0214761Z","Value":{"Value":-681951332,"SourceTimestamp":"2024-04-27T09:52:17.9570383Z","ServerTimestamp":"2024-04-27T09:52:17.9570864Z"},"SequenceNumber":167,"ExtensionFields":{}}