{"NodeId":"nsu=http://opcfoundation.org/UA/Plc/Applications;s=FastRandomUIntScalar2","EndpointUrl":"opc.tcp://localhost:61457/UA/SampleServer","ApplicationUri":"urn:desktop-bgfjs91:OPCFoundation:CoreSampleServer","DisplayName":"nsu=http://opcfoundation.org/UA/Plc/Applications;s=FastRandomUIntScalar2","Timestamp":"2024-04-27T09:52:18.0214761Z","Value":{"Value":4291120487,"SourceTimestamp":"2024-04-27T09:52:17.1667063Z","ServerTimestamp":"2024-04-27T09:52:17.1667136Z"},"SequenceNumber":174,"ExtensionFields":{}}