{"NodeId":"nsu=http://opcfoundation.org/UA/Plc/Applications;s=FastRandomUIntScalar3","EndpointUrl":"opc.tcp://localhost:61457/UA/SampleServer","ApplicationUri":"urn:desktop-bgfjs91:OPCFoundation:CoreSampleServer","DisplayName":"nsu=http://opcfoundation.org/UA/Plc/Applications;s=FastRandomUIntScalar3","Timestamp":"2024-04-27T09:52:18.0214761Z","Value":{"Value":613166307,"SourceTimestamp":"2024-04-27T09:52:17.1667286Z","ServerTimestamp":"2024-04-27T09:52:17.1667312Z"},"SequenceNumber":175,"ExtensionFields":{}}