{"NodeId":"nsu=http://opcfoundation.org/UA/Plc/Applications;s=NegativeTrendData","EndpointUrl":"opc.tcp://localhost:61457/UA/SampleServer","ApplicationUri":"urn:desktop-bgfjs91:OPCFoundation:CoreSampleServer","DisplayName":"nsu=http://opcfoundation.org/UA/Plc/Applications;s=NegativeTrendData","Timestamp":"2024-04-27T09:52:19.9997624Z","Value":{"Value":99.799999999999997,"SourceTimestamp":"2024-04-27T09:52:19.262617Z","ServerTimestamp":"2024-04-27T09:52:19.2626183Z"},"SequenceNumber":189,"ExtensionFields":{}}