{"NodeId":"nsu=http://opcfoundation.org/UA/Plc/Applications;s=SlowRandomUIntScalar1","EndpointUrl":"opc.tcp://localhost:61457/UA/SampleServer","ApplicationUri":"urn:desktop-bgfjs91:OPCFoundation:CoreSampleServer","DisplayName":"nsu=http://opcfoundation.org/UA/Plc/Applications;s=SlowRandomUIntScalar1","Timestamp":"2024-04-27T09:52:20.0617089Z","Value":{"Value":1775023616,"SourceTimestamp":"2024-04-27T09:52:19.1533697Z","ServerTimestamp":"2024-04-27T09:52:19.1533986Z"},"SequenceNumber":13,"ExtensionFields":{}}