{"NodeId":"nsu=http://opcfoundation.org/UA/Plc/Applications;s=SlowRandomUIntScalar2","EndpointUrl":"opc.tcp://localhost:61457/UA/SampleServer","ApplicationUri":"urn:desktop-bgfjs91:OPCFoundation:CoreSampleServer","DisplayName":"nsu=http://opcfoundation.org/UA/Plc/Applications;s=SlowRandomUIntScalar2","Timestamp":"2024-04-27T09:52:20.0617089Z","Value":{"Value":3276402158,"SourceTimestamp":"2024-04-27T09:52:19.1534077Z","ServerTimestamp":"2024-04-27T09:52:19.1534085Z"},"SequenceNumber":14,"ExtensionFields":{}}