{"NodeId":"nsu=http://opcfoundation.org/UA/Plc/Applications;s=RandomSignedInt32","EndpointUrl":"opc.tcp://localhost:61457/UA/SampleServer","ApplicationUri":"urn:desktop-bgfjs91:OPCFoundation:CoreSampleServer","DisplayName":"nsu=http://opcfoundation.org/UA/Plc/Applications;s=RandomSignedInt32","Timestamp":"2024-04-27T09:52:20.9931507Z","Value":{"Value":-613890524,"SourceTimestamp":"2024-04-27T09:52:20.961031Z","ServerTimestamp":"2024-04-27T09:52:20.9610342Z"},"SequenceNumber":192,"ExtensionFields":{}}