{"NodeId":"nsu=http://opcfoundation.org/UA/Plc/Applications;s=FastRandomUIntScalar2","EndpointUrl":"opc.tcp://localhost:61457/UA/SampleServer","ApplicationUri":"urn:desktop-bgfjs91:OPCFoundation:CoreSampleServer","DisplayName":"nsu=http://opcfoundation.org/UA/Plc/Applications;s=FastRandomUIntScalar2","Timestamp":"2024-04-27T09:52:20.9931507Z","Value":{"Value":2956505079,"SourceTimestamp":"2024-04-27T09:52:20.1558726Z","ServerTimestamp":"2024-04-27T09:52:20.1558737Z"},"SequenceNumber":199,"ExtensionFields":{}}