{"NodeId":"nsu=http://opcfoundation.org/UA/Plc/Applications;s=RandomUnsignedInt32","EndpointUrl":"opc.tcp://localhost:61457/UA/SampleServer","ApplicationUri":"urn:desktop-bgfjs91:OPCFoundation:CoreSampleServer","DisplayName":"nsu=http://opcfoundation.org/UA/Plc/Applications;s=RandomUnsignedInt32","Timestamp":"2024-04-27T09:52:22.0443251Z","Value":{"Value":1009451812,"SourceTimestamp":"2024-04-27T09:52:21.9650425Z","ServerTimestamp":"2024-04-27T09:52:21.9650453Z"},"SequenceNumber":204,"ExtensionFields":{}}