{"NodeId":"nsu=http://opcfoundation.org/UA/Plc/Applications;s=FastRandomUIntScalar2","EndpointUrl":"opc.tcp://localhost:61457/UA/SampleServer","ApplicationUri":"urn:desktop-bgfjs91:OPCFoundation:CoreSampleServer","DisplayName":"nsu=http://opcfoundation.org/UA/Plc/Applications;s=FastRandomUIntScalar2","Timestamp":"2024-04-27T09:52:22.0443251Z","Value":{"Value":2873590580,"SourceTimestamp":"2024-04-27T09:52:21.1629745Z","ServerTimestamp":"2024-04-27T09:52:21.1629811Z"},"SequenceNumber":210,"ExtensionFields":{}}