{"NodeId":"nsu=http://opcfoundation.org/UA/Plc/Applications;s=FastRandomUIntScalar1","EndpointUrl":"opc.tcp://localhost:61457/UA/SampleServer","ApplicationUri":"urn:desktop-bgfjs91:OPCFoundation:CoreSampleServer","DisplayName":"nsu=http://opcfoundation.org/UA/Plc/Applications;s=FastRandomUIntScalar1","Timestamp":"2024-04-27T09:52:23.0347265Z","Value":{"Value":205404687,"SourceTimestamp":"2024-04-27T09:52:22.1674677Z","ServerTimestamp":"2024-04-27T09:52:22.1674714Z"},"SequenceNumber":220,"ExtensionFields":{}}