{"NodeId":"nsu=http://opcfoundation.org/UA/Plc/Applications;s=RandomSignedInt32","EndpointUrl":"opc.tcp://localhost:61457/UA/SampleServer","ApplicationUri":"urn:desktop-bgfjs91:OPCFoundation:CoreSampleServer","DisplayName":"nsu=http://opcfoundation.org/UA/Plc/Applications;s=RandomSignedInt32","Timestamp":"2024-04-27T09:52:24.0073639Z","Value":{"Value":-1301577920,"SourceTimestamp":"2024-04-27T09:52:23.9608303Z","ServerTimestamp":"2024-04-27T09:52:23.9608349Z"},"SequenceNumber":225,"ExtensionFields":{}}