{"NodeId":"nsu=http://opcfoundation.org/UA/Plc/Applications;s=PositiveTrendData","EndpointUrl":"opc.tcp://localhost:61457/UA/SampleServer","ApplicationUri":"urn:desktop-bgfjs91:OPCFoundation:CoreSampleServer","DisplayName":"nsu=http://opcfoundation.org/UA/Plc/Applications;s=PositiveTrendData","Timestamp":"2024-04-27T09:52:24.9983478Z","Value":{"Value":100.5,"SourceTimestamp":"2024-04-27T09:52:24.2538521Z","ServerTimestamp":"2024-04-27T09:52:24.2538545Z"},"SequenceNumber":237,"ExtensionFields":{}}