{"NodeId":"nsu=http://opcfoundation.org/UA/Plc/Applications;s=FastRandomUIntScalar1","EndpointUrl":"opc.tcp://localhost:61457/UA/SampleServer","ApplicationUri":"urn:desktop-bgfjs91:OPCFoundation:CoreSampleServer","DisplayName":"nsu=http://opcfoundation.org/UA/Plc/Applications;s=FastRandomUIntScalar1","Timestamp":"2024-04-27T09:52:25.9909437Z","Value":{"Value":1874360169,"SourceTimestamp":"2024-04-27T09:52:25.1679697Z","ServerTimestamp":"2024-04-27T09:52:25.168023Z"},"SequenceNumber":245,"ExtensionFields":{}}