{"NodeId":"nsu=http://opcfoundation.org/UA/Plc/Applications;s=FastRandomUIntScalar1","EndpointUrl":"opc.tcp://localhost:61457/UA/SampleServer","ApplicationUri":"urn:desktop-bgfjs91:OPCFoundation:CoreSampleServer","DisplayName":"nsu=http://opcfoundation.org/UA/Plc/Applications;s=FastRandomUIntScalar1","Timestamp":"2024-04-27T09:52:27.0382366Z","Value":{"Value":3862031044,"SourceTimestamp":"2024-04-27T09:52:26.1589988Z","ServerTimestamp":"2024-04-27T09:52:26.1590062Z"},"SequenceNumber":256,"ExtensionFields":{}}