{"NodeId":"nsu=http://opcfoundation.org/UA/Plc/Applications;s=AlternatingBoolean","EndpointUrl":"opc.tcp://localhost:61457/UA/SampleServer","ApplicationUri":"urn:desktop-bgfjs91:OPCFoundation:CoreSampleServer","DisplayName":"nsu=http://opcfoundation.org/UA/Plc/Applications;s=AlternatingBoolean","Timestamp":"2024-04-27T09:52:01.0174311Z","Value":{"Value":true,"SourceTimestamp":"2024-04-27T09:51:59.9549357Z","ServerTimestamp":"2024-04-27T09:52:00.0041895Z"},"SequenceNumber":3,"ExtensionFields":{}}