{"NodeId":"nsu=http://opcfoundation.org/UA/Plc/Applications;s=SlowRandomUIntScalar1","EndpointUrl":"opc.tcp://localhost:61457/UA/SampleServer","ApplicationUri":"urn:desktop-bgfjs91:OPCFoundation:CoreSampleServer","DisplayName":"nsu=http://opcfoundation.org/UA/Plc/Applications;s=SlowRandomUIntScalar1","Timestamp":"2024-04-27T09:52:30.0715055Z","Value":{"Value":2072452879,"SourceTimestamp":"2024-04-27T09:52:29.1568026Z","ServerTimestamp":"2024-04-27T09:52:29.1568059Z"},"SequenceNumber":21,"ExtensionFields":{}}