{"NodeId":"nsu=http://opcfoundation.org/UA/Plc/Applications;s=SlowRandomUIntScalar3","EndpointUrl":"opc.tcp://localhost:61457/UA/SampleServer","ApplicationUri":"urn:desktop-bgfjs91:OPCFoundation:CoreSampleServer","DisplayName":"nsu=http://opcfoundation.org/UA/Plc/Applications;s=SlowRandomUIntScalar3","Timestamp":"2024-04-27T09:52:30.0715055Z","Value":{"Value":2529010590,"SourceTimestamp":"2024-04-27T09:52:29.1568203Z","ServerTimestamp":"2024-04-27T09:52:29.1568212Z"},"SequenceNumber":23,"ExtensionFields":{}}