{"NodeId":"nsu=http://opcfoundation.org/UA/Plc/Applications;s=FastRandomUIntScalar1","EndpointUrl":"opc.tcp://localhost:61457/UA/SampleServer","ApplicationUri":"urn:desktop-bgfjs91:OPCFoundation:CoreSampleServer","DisplayName":"nsu=http://opcfoundation.org/UA/Plc/Applications;s=FastRandomUIntScalar1","Timestamp":"2024-04-27T09:52:31.9967698Z","Value":{"Value":1381853975,"SourceTimestamp":"2024-04-27T09:52:31.156074Z","ServerTimestamp":"2024-04-27T09:52:31.1560788Z"},"SequenceNumber":303,"ExtensionFields":{}}