{"NodeId":"nsu=http://opcfoundation.org/UA/Plc/Applications;s=FastRandomUIntScalar3","EndpointUrl":"opc.tcp://localhost:61457/UA/SampleServer","ApplicationUri":"urn:desktop-bgfjs91:OPCFoundation:CoreSampleServer","DisplayName":"nsu=http://opcfoundation.org/UA/Plc/Applications;s=FastRandomUIntScalar3","Timestamp":"2024-04-27T09:52:33.0428829Z","Value":{"Value":3315532535,"SourceTimestamp":"2024-04-27T09:52:32.1664602Z","ServerTimestamp":"2024-04-27T09:52:32.1664613Z"},"SequenceNumber":316,"ExtensionFields":{}}