{"NodeId":"nsu=http://opcfoundation.org/UA/Plc/Applications;s=RandomUnsignedInt32","EndpointUrl":"opc.tcp://localhost:61457/UA/SampleServer","ApplicationUri":"urn:desktop-bgfjs91:OPCFoundation:CoreSampleServer","DisplayName":"nsu=http://opcfoundation.org/UA/Plc/Applications;s=RandomUnsignedInt32","Timestamp":"2024-04-27T09:52:34.0347647Z","Value":{"Value":1233327959,"SourceTimestamp":"2024-04-27T09:52:33.9579188Z","ServerTimestamp":"2024-04-27T09:52:33.9579229Z"},"SequenceNumber":320,"ExtensionFields":{}}