{"NodeId":"nsu=http://opcfoundation.org/UA/Plc/Applications;s=FastRandomUIntScalar1","EndpointUrl":"opc.tcp://localhost:61457/UA/SampleServer","ApplicationUri":"urn:desktop-bgfjs91:OPCFoundation:CoreSampleServer","DisplayName":"nsu=http://opcfoundation.org/UA/Plc/Applications;s=FastRandomUIntScalar1","Timestamp":"2024-04-27T09:52:34.0347647Z","Value":{"Value":3856264079,"SourceTimestamp":"2024-04-27T09:52:33.1665521Z","ServerTimestamp":"2024-04-27T09:52:33.1665579Z"},"SequenceNumber":325,"ExtensionFields":{}}