{"NodeId":"nsu=http://opcfoundation.org/UA/Plc/Applications;s=FastRandomUIntScalar3","EndpointUrl":"opc.tcp://localhost:61457/UA/SampleServer","ApplicationUri":"urn:desktop-bgfjs91:OPCFoundation:CoreSampleServer","DisplayName":"nsu=http://opcfoundation.org/UA/Plc/Applications;s=FastRandomUIntScalar3","Timestamp":"2024-04-27T09:52:34.0347647Z","Value":{"Value":2797870845,"SourceTimestamp":"2024-04-27T09:52:33.1665665Z","ServerTimestamp":"2024-04-27T09:52:33.1665686Z"},"SequenceNumber":327,"ExtensionFields":{}}