{"NodeId":"nsu=http://opcfoundation.org/UA/Plc/Applications;s=RandomUnsignedInt32","EndpointUrl":"opc.tcp://localhost:61457/UA/SampleServer","ApplicationUri":"urn:desktop-bgfjs91:OPCFoundation:CoreSampleServer","DisplayName":"nsu=http://opcfoundation.org/UA/Plc/Applications;s=RandomUnsignedInt32","Timestamp":"2024-04-27T09:52:35.022257Z","Value":{"Value":879437868,"SourceTimestamp":"2024-04-27T09:52:34.9595459Z","ServerTimestamp":"2024-04-27T09:52:34.9595649Z"},"SequenceNumber":332,"ExtensionFields":{}}