{"NodeId":"nsu=http://opcfoundation.org/UA/Plc/Applications;s=FastRandomUIntScalar3","EndpointUrl":"opc.tcp://localhost:61457/UA/SampleServer","ApplicationUri":"urn:desktop-bgfjs91:OPCFoundation:CoreSampleServer","DisplayName":"nsu=http://opcfoundation.org/UA/Plc/Applications;s=FastRandomUIntScalar3","Timestamp":"2024-04-27T09:52:04.0459198Z","Value":{"Value":305469263,"SourceTimestamp":"2024-04-27T09:52:03.1681195Z","ServerTimestamp":"2024-04-27T09:52:03.1681204Z"},"SequenceNumber":36,"ExtensionFields":{}}