{"NodeId":"nsu=http://opcfoundation.org/UA/Plc/Applications;s=FastRandomUIntScalar2","EndpointUrl":"opc.tcp://localhost:61457/UA/SampleServer","ApplicationUri":"urn:desktop-bgfjs91:OPCFoundation:CoreSampleServer","DisplayName":"nsu=http://opcfoundation.org/UA/Plc/Applications;s=FastRandomUIntScalar2","Timestamp":"2024-04-27T09:52:35.022257Z","Value":{"Value":1567898409,"SourceTimestamp":"2024-04-27T09:52:34.1580437Z","ServerTimestamp":"2024-04-27T09:52:34.1580561Z"},"SequenceNumber":338,"ExtensionFields":{}}