{"NodeId":"nsu=http://opcfoundation.org/UA/Plc/Applications;s=RandomUnsignedInt32","EndpointUrl":"opc.tcp://localhost:61457/UA/SampleServer","ApplicationUri":"urn:desktop-bgfjs91:OPCFoundation:CoreSampleServer","DisplayName":"nsu=http://opcfoundation.org/UA/Plc/Applications;s=RandomUnsignedInt32","Timestamp":"2024-04-27T09:52:36.0116216Z","Value":{"Value":2071765813,"SourceTimestamp":"2024-04-27T09:52:35.9630974Z","ServerTimestamp":"2024-04-27T09:52:35.9631018Z"},"SequenceNumber":345,"ExtensionFields":{}}