{"NodeId":"nsu=http://opcfoundation.org/UA/Plc/Applications;s=FastRandomUIntScalar3","EndpointUrl":"opc.tcp://localhost:61457/UA/SampleServer","ApplicationUri":"urn:desktop-bgfjs91:OPCFoundation:CoreSampleServer","DisplayName":"nsu=http://opcfoundation.org/UA/Plc/Applications;s=FastRandomUIntScalar3","Timestamp":"2024-04-27T09:52:36.0116216Z","Value":{"Value":4128653522,"SourceTimestamp":"2024-04-27T09:52:35.1581413Z","ServerTimestamp":"2024-04-27T09:52:35.158142Z"},"SequenceNumber":352,"ExtensionFields":{}}