{"NodeId":"nsu=http://opcfoundation.org/UA/Plc/Applications;s=RandomUnsignedInt32","EndpointUrl":"opc.tcp://localhost:61457/UA/SampleServer","ApplicationUri":"urn:desktop-bgfjs91:OPCFoundation:CoreSampleServer","DisplayName":"nsu=http://opcfoundation.org/UA/Plc/Applications;s=RandomUnsignedInt32","Timestamp":"2024-04-27T09:52:39.0375445Z","Value":{"Value":779311327,"SourceTimestamp":"2024-04-27T09:52:38.9593029Z","ServerTimestamp":"2024-04-27T09:52:38.959304Z"},"SequenceNumber":367,"ExtensionFields":{}}