{"NodeId":"nsu=http://opcfoundation.org/UA/Plc/Applications;s=AlternatingBoolean","EndpointUrl":"opc.tcp://localhost:61457/UA/SampleServer","ApplicationUri":"urn:desktop-bgfjs91:OPCFoundation:CoreSampleServer","DisplayName":"nsu=http://opcfoundation.org/UA/Plc/Applications;s=AlternatingBoolean","Timestamp":"2024-04-27T09:52:40.0276585Z","Value":{"Value":true,"SourceTimestamp":"2024-04-27T09:52:39.2676787Z","ServerTimestamp":"2024-04-27T09:52:39.2677084Z"},"SequenceNumber":377,"ExtensionFields":{}}