{"NodeId":"nsu=http://opcfoundation.org/UA/Plc/Applications;s=FastRandomUIntScalar2","EndpointUrl":"opc.tcp://localhost:61457/UA/SampleServer","ApplicationUri":"urn:desktop-bgfjs91:OPCFoundation:CoreSampleServer","DisplayName":"nsu=http://opcfoundation.org/UA/Plc/Applications;s=FastRandomUIntScalar2","Timestamp":"2024-04-27T09:52:40.0276585Z","Value":{"Value":467729636,"SourceTimestamp":"2024-04-27T09:52:39.1613577Z","ServerTimestamp":"2024-04-27T09:52:39.1613586Z"},"SequenceNumber":385,"ExtensionFields":{}}