{"NodeId":"nsu=http://opcfoundation.org/UA/Plc/Applications;s=FastRandomUIntScalar3","EndpointUrl":"opc.tcp://localhost:61457/UA/SampleServer","ApplicationUri":"urn:desktop-bgfjs91:OPCFoundation:CoreSampleServer","DisplayName":"nsu=http://opcfoundation.org/UA/Plc/Applications;s=FastRandomUIntScalar3","Timestamp":"2024-04-27T09:52:40.0276585Z","Value":{"Value":3945518609,"SourceTimestamp":"2024-04-27T09:52:39.1613593Z","ServerTimestamp":"2024-04-27T09:52:39.1613596Z"},"SequenceNumber":386,"ExtensionFields":{}}