{"NodeId":"nsu=http://opcfoundation.org/UA/Plc/Applications;s=RandomSignedInt32","EndpointUrl":"opc.tcp://localhost:61457/UA/SampleServer","ApplicationUri":"urn:desktop-bgfjs91:OPCFoundation:CoreSampleServer","DisplayName":"nsu=http://opcfoundation.org/UA/Plc/Applications;s=RandomSignedInt32","Timestamp":"2024-04-27T09:52:41.0164538Z","Value":{"Value":70568186,"SourceTimestamp":"2024-04-27T09:52:40.9542974Z","ServerTimestamp":"2024-04-27T09:52:40.9543026Z"},"SequenceNumber":391,"ExtensionFields":{}}