{"NodeId":"nsu=http://opcfoundation.org/UA/Plc/Applications;s=FastRandomUIntScalar1","EndpointUrl":"opc.tcp://localhost:61457/UA/SampleServer","ApplicationUri":"urn:desktop-bgfjs91:OPCFoundation:CoreSampleServer","DisplayName":"nsu=http://opcfoundation.org/UA/Plc/Applications;s=FastRandomUIntScalar1","Timestamp":"2024-04-27T09:52:42.005298Z","Value":{"Value":1823981279,"SourceTimestamp":"2024-04-27T09:52:41.1550649Z","ServerTimestamp":"2024-04-27T09:52:41.1550682Z"},"SequenceNumber":408,"ExtensionFields":{}}