{"NodeId":"nsu=http://opcfoundation.org/UA/Plc/Applications;s=FastRandomUIntScalar2","EndpointUrl":"opc.tcp://localhost:61457/UA/SampleServer","ApplicationUri":"urn:desktop-bgfjs91:OPCFoundation:CoreSampleServer","DisplayName":"nsu=http://opcfoundation.org/UA/Plc/Applications;s=FastRandomUIntScalar2","Timestamp":"2024-04-27T09:52:44.0453364Z","Value":{"Value":1225740720,"SourceTimestamp":"2024-04-27T09:52:43.1653398Z","ServerTimestamp":"2024-04-27T09:52:43.1653411Z"},"SequenceNumber":420,"ExtensionFields":{}}