{"NodeId":"nsu=http://opcfoundation.org/UA/Plc/Applications;s=FastRandomUIntScalar2","EndpointUrl":"opc.tcp://localhost:61457/UA/SampleServer","ApplicationUri":"urn:desktop-bgfjs91:OPCFoundation:CoreSampleServer","DisplayName":"nsu=http://opcfoundation.org/UA/Plc/Applications;s=FastRandomUIntScalar2","Timestamp":"2024-04-27T09:52:45.0394426Z","Value":{"Value":654214332,"SourceTimestamp":"2024-04-27T09:52:44.1536331Z","ServerTimestamp":"2024-04-27T09:52:44.1536338Z"},"SequenceNumber":432,"ExtensionFields":{}}