{"NodeId":"nsu=http://opcfoundation.org/UA/Plc/Applications;s=RandomUnsignedInt32","EndpointUrl":"opc.tcp://localhost:61457/UA/SampleServer","ApplicationUri":"urn:desktop-bgfjs91:OPCFoundation:CoreSampleServer","DisplayName":"nsu=http://opcfoundation.org/UA/Plc/Applications;s=RandomUnsignedInt32","Timestamp":"2024-04-27T09:52:46.0167723Z","Value":{"Value":623589707,"SourceTimestamp":"2024-04-27T09:52:45.9560822Z","ServerTimestamp":"2024-04-27T09:52:45.9560868Z"},"SequenceNumber":439,"ExtensionFields":{}}