{"NodeId":"nsu=http://opcfoundation.org/UA/Plc/Applications;s=FastRandomUIntScalar1","EndpointUrl":"opc.tcp://localhost:61457/UA/SampleServer","ApplicationUri":"urn:desktop-bgfjs91:OPCFoundation:CoreSampleServer","DisplayName":"nsu=http://opcfoundation.org/UA/Plc/Applications;s=FastRandomUIntScalar1","Timestamp":"2024-04-27T09:52:46.0167723Z","Value":{"Value":668182584,"SourceTimestamp":"2024-04-27T09:52:45.1596997Z","ServerTimestamp":"2024-04-27T09:52:45.1597111Z"},"SequenceNumber":444,"ExtensionFields":{}}