{"NodeId":"nsu=http://opcfoundation.org/UA/Plc/Applications;s=FastRandomUIntScalar2","EndpointUrl":"opc.tcp://localhost:61457/UA/SampleServer","ApplicationUri":"urn:desktop-bgfjs91:OPCFoundation:CoreSampleServer","DisplayName":"nsu=http://opcfoundation.org/UA/Plc/Applications;s=FastRandomUIntScalar2","Timestamp":"2024-04-27T09:52:46.0167723Z","Value":{"Value":4117821414,"SourceTimestamp":"2024-04-27T09:52:45.1597176Z","ServerTimestamp":"2024-04-27T09:52:45.1597196Z"},"SequenceNumber":445,"ExtensionFields":{}}