{"NodeId":"nsu=http://opcfoundation.org/UA/Plc/Applications;s=FastRandomUIntScalar1","EndpointUrl":"opc.tcp://localhost:61457/UA/SampleServer","ApplicationUri":"urn:desktop-bgfjs91:OPCFoundation:CoreSampleServer","DisplayName":"nsu=http://opcfoundation.org/UA/Plc/Applications;s=FastRandomUIntScalar1","Timestamp":"2024-04-27T09:52:47.0058885Z","Value":{"Value":2383969803,"SourceTimestamp":"2024-04-27T09:52:46.1542532Z","ServerTimestamp":"2024-04-27T09:52:46.1542564Z"},"SequenceNumber":455,"ExtensionFields":{}}