{"NodeId":"nsu=http://opcfoundation.org/UA/Plc/Applications;s=FastRandomUIntScalar2","EndpointUrl":"opc.tcp://localhost:61457/UA/SampleServer","ApplicationUri":"urn:desktop-bgfjs91:OPCFoundation:CoreSampleServer","DisplayName":"nsu=http://opcfoundation.org/UA/Plc/Applications;s=FastRandomUIntScalar2","Timestamp":"2024-04-27T09:52:47.0058885Z","Value":{"Value":2990488642,"SourceTimestamp":"2024-04-27T09:52:46.154268Z","ServerTimestamp":"2024-04-27T09:52:46.1542689Z"},"SequenceNumber":456,"ExtensionFields":{}}