{"NodeId":"nsu=http://opcfoundation.org/UA/Plc/Applications;s=RandomSignedInt32","EndpointUrl":"opc.tcp://localhost:61457/UA/SampleServer","ApplicationUri":"urn:desktop-bgfjs91:OPCFoundation:CoreSampleServer","DisplayName":"nsu=http://opcfoundation.org/UA/Plc/Applications;s=RandomSignedInt32","Timestamp":"2024-04-27T09:52:48.9885407Z","Value":{"Value":-988270634,"SourceTimestamp":"2024-04-27T09:52:48.9583881Z","ServerTimestamp":"2024-04-27T09:52:48.9583963Z"},"SequenceNumber":460,"ExtensionFields":{}}