{"NodeId":"nsu=http://opcfoundation.org/UA/Plc/Applications;s=FastRandomUIntScalar2","EndpointUrl":"opc.tcp://localhost:61457/UA/SampleServer","ApplicationUri":"urn:desktop-bgfjs91:OPCFoundation:CoreSampleServer","DisplayName":"nsu=http://opcfoundation.org/UA/Plc/Applications;s=FastRandomUIntScalar2","Timestamp":"2024-04-27T09:52:48.9885407Z","Value":{"Value":3969262654,"SourceTimestamp":"2024-04-27T09:52:48.1523758Z","ServerTimestamp":"2024-04-27T09:52:48.1523767Z"},"SequenceNumber":467,"ExtensionFields":{}}