{"NodeId":"nsu=http://opcfoundation.org/UA/Plc/Applications;s=FastRandomUIntScalar3","EndpointUrl":"opc.tcp://localhost:61457/UA/SampleServer","ApplicationUri":"urn:desktop-bgfjs91:OPCFoundation:CoreSampleServer","DisplayName":"nsu=http://opcfoundation.org/UA/Plc/Applications;s=FastRandomUIntScalar3","Timestamp":"2024-04-27T09:52:07.0163043Z","Value":{"Value":1331387181,"SourceTimestamp":"2024-04-27T09:52:06.165741Z","ServerTimestamp":"2024-04-27T09:52:06.1657435Z"},"SequenceNumber":71,"ExtensionFields":{}}