{"NodeId":"nsu=http://opcfoundation.org/UA/Plc/Applications;s=RandomUnsignedInt32","EndpointUrl":"opc.tcp://localhost:61457/UA/SampleServer","ApplicationUri":"urn:desktop-bgfjs91:OPCFoundation:CoreSampleServer","DisplayName":"nsu=http://opcfoundation.org/UA/Plc/Applications;s=RandomUnsignedInt32","Timestamp":"2024-04-27T09:52:08.0089891Z","Value":{"Value":1422733861,"SourceTimestamp":"2024-04-27T09:52:07.9625925Z","ServerTimestamp":"2024-04-27T09:52:07.9625957Z"},"SequenceNumber":75,"ExtensionFields":{}}