{"NodeId":"nsu=http://opcfoundation.org/UA/Plc/Applications;s=FastRandomUIntScalar1","EndpointUrl":"opc.tcp://localhost:61457/UA/SampleServer","ApplicationUri":"urn:desktop-bgfjs91:OPCFoundation:CoreSampleServer","DisplayName":"nsu=http://opcfoundation.org/UA/Plc/Applications;s=FastRandomUIntScalar1","Timestamp":"2024-04-27T09:52:08.0089891Z","Value":{"Value":2258252869,"SourceTimestamp":"2024-04-27T09:52:07.1535386Z","ServerTimestamp":"2024-04-27T09:52:07.1535542Z"},"SequenceNumber":80,"ExtensionFields":{}}