{"NodeId":"nsu=http://opcfoundation.org/UA/Plc/Applications;s=RandomSignedInt32","EndpointUrl":"opc.tcp://localhost:61457/UA/SampleServer","ApplicationUri":"urn:desktop-bgfjs91:OPCFoundation:CoreSampleServer","DisplayName":"nsu=http://opcfoundation.org/UA/Plc/Applications;s=RandomSignedInt32","Timestamp":"2024-04-27T09:52:09.9912413Z","Value":{"Value":1122661450,"SourceTimestamp":"2024-04-27T09:52:09.9602544Z","ServerTimestamp":"2024-04-27T09:52:09.9602578Z"},"SequenceNumber":86,"ExtensionFields":{}}