{"NodeId":"nsu=http://opcfoundation.org/UA/Plc/Applications;s=FastRandomUIntScalar1","EndpointUrl":"opc.tcp://localhost:61457/UA/SampleServer","ApplicationUri":"urn:desktop-bgfjs91:OPCFoundation:CoreSampleServer","DisplayName":"nsu=http://opcfoundation.org/UA/Plc/Applications;s=FastRandomUIntScalar1","Timestamp":"2024-04-27T09:52:09.9912413Z","Value":{"Value":334508875,"SourceTimestamp":"2024-04-27T09:52:09.1662665Z","ServerTimestamp":"2024-04-27T09:52:09.1662673Z"},"SequenceNumber":92,"ExtensionFields":{}}