{"NodeId":"nsu=http://opcfoundation.org/UA/Plc/Applications;s=FastRandomUIntScalar3","EndpointUrl":"opc.tcp://localhost:61457/UA/SampleServer","ApplicationUri":"urn:desktop-bgfjs91:OPCFoundation:CoreSampleServer","DisplayName":"nsu=http://opcfoundation.org/UA/Plc/Applications;s=FastRandomUIntScalar3","Timestamp":"2024-04-27T09:52:09.9912413Z","Value":{"Value":3347116054,"SourceTimestamp":"2024-04-27T09:52:09.1662714Z","ServerTimestamp":"2024-04-27T09:52:09.1662716Z"},"SequenceNumber":94,"ExtensionFields":{}}