{"MessageId":"52865bb9-6fc2-4e75-9f06-0cde59bb2b46","MessageType":"ua-data","PublisherId":"DESKTOP-BGFJS91","DataSetWriterGroup":"<<UnknownWriterGroup>>","Messages":[{"DataSetWriterId":2,"SequenceNumber":13,"MetaDataVersion":{"MajorVersion":1},"Timestamp":"2024-04-27T10:50:09.3734531Z","MessageType":"ua-deltaframe","DataSetWriterName":"MES","Payload":{"nsu=http://opcfoundation.org/UA/Plc/Applications;s=AlternatingBoolean":{"Value":true,"SourceTimestamp":"2024-04-27T10:50:09.3258558Z","ServerTimestamp":"2024-04-27T10:50:09.3258587Z"}}}]}