{"MessageId":"32326374-d98f-4ce9-87f2-0a96461c43dd","MessageType":"ua-data","PublisherId":"DESKTOP-BGFJS91","DataSetWriterGroup":"<<UnknownWriterGroup>>","Messages":[{"DataSetWriterId":15,"SequenceNumber":11,"MetaDataVersion":{"MajorVersion":1},"Timestamp":"2024-04-27T12:45:14.1210669Z","MessageType":"ua-deltaframe","DataSetWriterName":"Assembly","Payload":{"nsu=http://opcfoundation.org/UA/Plc/Applications;s=SlowUIntScalar2":{"Value":{"Type":7,"Body":11},"SourceTimestamp":"2024-04-27T12:45:12.6431091Z","ServerTimestamp":"2024-04-27T12:45:12.6431096Z"}}}]}