{"MessageId":"5e91bd2a-d3f5-47dd-b07a-97113600231e","MessageType":"ua-data","PublisherId":"DESKTOP-BGFJS91","DataSetWriterGroup":"<<UnknownWriterGroup>>","Messages":[{"DataSetWriterId":15,"SequenceNumber":3,"MetaDataVersion":{"MajorVersion":1},"Timestamp":"2024-04-27T12:43:54.1464646Z","MessageType":"ua-deltaframe","DataSetWriterName":"Assembly","Payload":{"nsu=http://opcfoundation.org/UA/Plc/Applications;s=SlowUIntScalar2":{"Value":{"Type":7,"Body":3},"SourceTimestamp":"2024-04-27T12:43:52.644236Z","ServerTimestamp":"2024-04-27T12:43:52.6442366Z"}}}]}