{"SequenceNumber":1,"MetaDataVersion":{"MajorVersion":1},"Timestamp":"2024-04-26T12:13:33.6049046Z","MessageType":"ua-deltaframe","DataSetWriterName":"<<UnknownDataSet>>","Payload":{"nsu=http://opcfoundation.org/UA/Plc/Applications;s=SlowRandomUIntScalar1":{"Value":3991437829,"SourceTimestamp":"2024-04-26T12:13:32.1589969Z","ServerTimestamp":"2024-04-26T12:13:32.1590014Z"},"nsu=http://opcfoundation.org/UA/Plc/Applications;s=SlowRandomUIntScalar2":{"Value":2125214119,"SourceTimestamp":"2024-04-26T12:13:32.1590026Z","ServerTimestamp":"2024-04-26T12:13:32.1590031Z"},"nsu=http://opcfoundation.org/UA/Plc/Applications;s=SlowRandomUIntScalar3":{"Value":2074577449,"SourceTimestamp":"2024-04-26T12:13:32.159004Z","ServerTimestamp":"2024-04-26T12:13:32.1590045Z"},"nsu=http://opcfoundation.org/UA/Plc/Applications;s=BadSlowRandomUIntScalar1":{"Value":487029015,"SourceTimestamp":"2024-04-26T12:13:32.1590063Z","ServerTimestamp":"2024-04-26T12:13:32.1590067Z"}}}