{"SequenceNumber":3,"MetaDataVersion":{"MajorVersion":1},"Timestamp":"2024-04-26T12:13:53.6364327Z","MessageType":"ua-deltaframe","DataSetWriterName":"<<UnknownDataSet>>","Payload":{"nsu=http://opcfoundation.org/UA/Plc/Applications;s=SlowRandomUIntScalar1":{"Value":2000780408,"SourceTimestamp":"2024-04-26T12:13:52.1584681Z","ServerTimestamp":"2024-04-26T12:13:52.1584687Z"},"nsu=http://opcfoundation.org/UA/Plc/Applications;s=SlowRandomUIntScalar2":{"Value":2287261861,"SourceTimestamp":"2024-04-26T12:13:52.1584702Z","ServerTimestamp":"2024-04-26T12:13:52.1584764Z"},"nsu=http://opcfoundation.org/UA/Plc/Applications;s=SlowRandomUIntScalar3":{"Value":490212075,"SourceTimestamp":"2024-04-26T12:13:52.1584781Z","ServerTimestamp":"2024-04-26T12:13:52.1584786Z"},"nsu=http://opcfoundation.org/UA/Plc/Applications;s=BadSlowRandomUIntScalar1":{"Value":153787813,"SourceTimestamp":"2024-04-26T12:13:52.1584798Z","ServerTimestamp":"2024-04-26T12:13:52.1584838Z"}}}