{"SequenceNumber":5,"MetaDataVersion":{"MajorVersion":1},"Timestamp":"2024-04-26T12:14:13.6144745Z","MessageType":"ua-deltaframe","DataSetWriterName":"<<UnknownDataSet>>","Payload":{"nsu=http://opcfoundation.org/UA/Plc/Applications;s=SlowRandomUIntScalar1":{"Value":1452947123,"SourceTimestamp":"2024-04-26T12:14:12.1588545Z","ServerTimestamp":"2024-04-26T12:14:12.1588555Z"},"nsu=http://opcfoundation.org/UA/Plc/Applications;s=SlowRandomUIntScalar2":{"Value":3330818753,"SourceTimestamp":"2024-04-26T12:14:12.1588567Z","ServerTimestamp":"2024-04-26T12:14:12.1588572Z"},"nsu=http://opcfoundation.org/UA/Plc/Applications;s=SlowRandomUIntScalar3":{"Value":2173554859,"SourceTimestamp":"2024-04-26T12:14:12.1588582Z","ServerTimestamp":"2024-04-26T12:14:12.1588587Z"},"nsu=http://opcfoundation.org/UA/Plc/Applications;s=BadSlowRandomUIntScalar1":{"Value":208959873,"SourceTimestamp":"2024-04-26T12:14:12.1588601Z","ServerTimestamp":"2024-04-26T12:14:12.1588606Z"}}}