{"SequenceNumber":6,"MetaDataVersion":{"MajorVersion":1},"Timestamp":"2024-04-26T12:14:23.6060686Z","MessageType":"ua-deltaframe","DataSetWriterName":"<<UnknownDataSet>>","Payload":{"nsu=http://opcfoundation.org/UA/Plc/Applications;s=SlowRandomUIntScalar1":{"Value":2007690218,"SourceTimestamp":"2024-04-26T12:14:22.1574155Z","ServerTimestamp":"2024-04-26T12:14:22.157418Z"},"nsu=http://opcfoundation.org/UA/Plc/Applications;s=SlowRandomUIntScalar2":{"Value":2075429245,"SourceTimestamp":"2024-04-26T12:14:22.1574229Z","ServerTimestamp":"2024-04-26T12:14:22.1574292Z"},"nsu=http://opcfoundation.org/UA/Plc/Applications;s=SlowRandomUIntScalar3":{"Value":4025628344,"SourceTimestamp":"2024-04-26T12:14:22.1574306Z","ServerTimestamp":"2024-04-26T12:14:22.1574342Z"},"nsu=http://opcfoundation.org/UA/Plc/Applications;s=BadSlowRandomUIntScalar1":{"Value":3536046115,"SourceTimestamp":"2024-04-26T12:14:22.1574358Z","ServerTimestamp":"2024-04-26T12:14:22.1574408Z"}}}