{"SequenceNumber":8,"MetaDataVersion":{"MajorVersion":1},"Timestamp":"2024-04-26T12:14:43.5908306Z","MessageType":"ua-deltaframe","DataSetWriterName":"<<UnknownDataSet>>","Payload":{"nsu=http://opcfoundation.org/UA/Plc/Applications;s=SlowRandomUIntScalar1":{"Value":813749242,"SourceTimestamp":"2024-04-26T12:14:42.1621553Z","ServerTimestamp":"2024-04-26T12:14:42.1621581Z"},"nsu=http://opcfoundation.org/UA/Plc/Applications;s=SlowRandomUIntScalar2":{"Value":1688990508,"SourceTimestamp":"2024-04-26T12:14:42.162161Z","ServerTimestamp":"2024-04-26T12:14:42.1621632Z"},"nsu=http://opcfoundation.org/UA/Plc/Applications;s=SlowRandomUIntScalar3":{"Value":1597301181,"SourceTimestamp":"2024-04-26T12:14:42.1621644Z","ServerTimestamp":"2024-04-26T12:14:42.1621654Z"},"nsu=http://opcfoundation.org/UA/Plc/Applications;s=BadSlowRandomUIntScalar1":{"Value":303459336,"StatusCode":{"Symbol":"UncertainLastUsableValue","Code":1083179008},"SourceTimestamp":"2024-04-26T12:14:42.1621667Z","ServerTimestamp":"2024-04-26T12:14:42.1621673Z"}}}