{"NodeId":"nsu=http://opcfoundation.org/UA/Plc/Applications;s=SpikeData","EndpointUrl":"opc.tcp://localhost:61457/UA/SampleServer","ApplicationUri":"urn:desktop-bgfjs91:OPCFoundation:CoreSampleServer","DisplayName":"nsu=http://opcfoundation.org/UA/Plc/Applications;s=SpikeData","Timestamp":"2024-04-26T11:56:42.0079617Z","Value":{"Value":99.80267284282715,"SourceTimestamp":"2024-04-26T11:56:41.911972Z","ServerTimestamp":"2024-04-26T11:56:41.9119728Z"},"SequenceNumber":70,"ExtensionFields":{"WriterGroupId":"Packaging"}}