{"NodeId":"nsu=http://opcfoundation.org/UA/Plc/Applications;s=SpikeData","EndpointUrl":"opc.tcp://localhost:61457/UA/SampleServer","ApplicationUri":"urn:desktop-bgfjs91:OPCFoundation:CoreSampleServer","DisplayName":"nsu=http://opcfoundation.org/UA/Plc/Applications;s=SpikeData","Timestamp":"2024-04-26T11:56:45.016734Z","Value":{"Value":-84.432792550201526,"SourceTimestamp":"2024-04-26T11:56:44.922113Z","ServerTimestamp":"2024-04-26T11:56:44.9221146Z"},"SequenceNumber":73,"ExtensionFields":{"WriterGroupId":"Packaging"}}