{"NodeId":"nsu=http://opcfoundation.org/UA/Plc/Applications;s=BadSlowRandomUIntScalar1","EndpointUrl":"opc.tcp://localhost:61457/UA/SampleServer","ApplicationUri":"urn:desktop-bgfjs91:OPCFoundation:CoreSampleServer","DisplayName":"nsu=http://opcfoundation.org/UA/Plc/Applications;s=BadSlowRandomUIntScalar1","Timestamp":"2024-04-26T11:56:49.8477787Z","Value":{"StatusCode":{"Symbol":"BadDataLost","Code":2157772800},"SourceTimestamp":"2024-04-26T11:56:48.1097758Z","ServerTimestamp":"2024-04-26T11:56:48.1097759Z"},"SequenceNumber":36,"ExtensionFields":{"WriterGroupId":"Packaging"}}