{"NodeId":"nsu=http://opcfoundation.org/UA/Plc/Applications;s=BadSlowRandomUIntScalar1","EndpointUrl":"opc.tcp://localhost:61457/UA/SampleServer","ApplicationUri":"urn:desktop-bgfjs91:OPCFoundation:CoreSampleServer","DisplayName":"nsu=http://opcfoundation.org/UA/Plc/Applications;s=BadSlowRandomUIntScalar1","Timestamp":"2024-04-26T11:55:29.8514338Z","Value":{"Value":637927462,"SourceTimestamp":"2024-04-26T11:55:28.115371Z","ServerTimestamp":"2024-04-26T11:55:28.1153764Z"},"SequenceNumber":4,"ExtensionFields":{"WriterGroupId":"Packaging"}}