{"NodeId":"nsu=http://opcfoundation.org/UA/Plc/Applications;s=SlowRandomUIntScalar2","EndpointUrl":"opc.tcp://localhost:61457/UA/SampleServer","ApplicationUri":"urn:desktop-bgfjs91:OPCFoundation:CoreSampleServer","DisplayName":"nsu=http://opcfoundation.org/UA/Plc/Applications;s=SlowRandomUIntScalar2","Timestamp":"2024-04-26T11:56:59.8266367Z","Value":{"Value":524848135,"SourceTimestamp":"2024-04-26T11:56:58.1205458Z","ServerTimestamp":"2024-04-26T11:56:58.1205471Z"},"SequenceNumber":38,"ExtensionFields":{"WriterGroupId":"Packaging"}}