{"NodeId":"nsu=http://opcfoundation.org/UA/Plc/Applications;s=SpikeData","EndpointUrl":"opc.tcp://localhost:61457/UA/SampleServer","ApplicationUri":"urn:desktop-bgfjs91:OPCFoundation:CoreSampleServer","DisplayName":"nsu=http://opcfoundation.org/UA/Plc/Applications;s=SpikeData","Timestamp":"2024-04-26T11:57:02.0269815Z","Value":{"Value":99.80267284282715,"SourceTimestamp":"2024-04-26T11:57:01.9162555Z","ServerTimestamp":"2024-04-26T11:57:01.9162585Z"},"SequenceNumber":89,"ExtensionFields":{"WriterGroupId":"Packaging"}}