{"NodeId":"nsu=http://opcfoundation.org/UA/Plc/Applications;s=SpikeData","EndpointUrl":"opc.tcp://localhost:61457/UA/SampleServer","ApplicationUri":"urn:desktop-bgfjs91:OPCFoundation:CoreSampleServer","DisplayName":"nsu=http://opcfoundation.org/UA/Plc/Applications;s=SpikeData","Timestamp":"2024-04-26T11:55:31.0077425Z","Value":{"Value":24.868988716485482,"SourceTimestamp":"2024-04-26T11:55:30.9163976Z","ServerTimestamp":"2024-04-26T11:55:30.9164012Z"},"SequenceNumber":9,"ExtensionFields":{"WriterGroupId":"Packaging"}}