{"NodeId":"nsu=http://opcfoundation.org/UA/Plc/Applications;s=SpikeData","EndpointUrl":"opc.tcp://localhost:61457/UA/SampleServer","ApplicationUri":"urn:desktop-bgfjs91:OPCFoundation:CoreSampleServer","DisplayName":"nsu=http://opcfoundation.org/UA/Plc/Applications;s=SpikeData","Timestamp":"2024-04-26T11:57:04.9727054Z","Value":{"Value":-84.432792550201526,"SourceTimestamp":"2024-04-26T11:57:04.90956Z","ServerTimestamp":"2024-04-26T11:57:04.9095632Z"},"SequenceNumber":91,"ExtensionFields":{"WriterGroupId":"Packaging"}}