{"NodeId":"nsu=http://opcfoundation.org/UA/Plc/Applications;s=SpikeData","EndpointUrl":"opc.tcp://localhost:61457/UA/SampleServer","ApplicationUri":"urn:desktop-bgfjs91:OPCFoundation:CoreSampleServer","DisplayName":"nsu=http://opcfoundation.org/UA/Plc/Applications;s=SpikeData","Timestamp":"2024-04-26T11:57:05.9775454Z","Value":{"Value":24.868988716485482,"SourceTimestamp":"2024-04-26T11:57:05.9143221Z","ServerTimestamp":"2024-04-26T11:57:05.9143235Z"},"SequenceNumber":92,"ExtensionFields":{"WriterGroupId":"Packaging"}}