{"NodeId":"nsu=http://opcfoundation.org/UA/Plc/Applications;s=SpikeData","EndpointUrl":"opc.tcp://localhost:61457/UA/SampleServer","ApplicationUri":"urn:desktop-bgfjs91:OPCFoundation:CoreSampleServer","DisplayName":"nsu=http://opcfoundation.org/UA/Plc/Applications;s=SpikeData","Timestamp":"2024-04-26T11:57:08.9871214Z","Value":{"Value":-77.0513242775789,"SourceTimestamp":"2024-04-26T11:57:08.9083105Z","ServerTimestamp":"2024-04-26T11:57:08.9083138Z"},"SequenceNumber":95,"ExtensionFields":{"WriterGroupId":"Packaging"}}