{"NodeId":"nsu=http://opcfoundation.org/UA/Plc/Applications;s=SlowRandomUIntScalar1","EndpointUrl":"opc.tcp://localhost:61457/UA/SampleServer","ApplicationUri":"urn:desktop-bgfjs91:OPCFoundation:CoreSampleServer","DisplayName":"nsu=http://opcfoundation.org/UA/Plc/Applications;s=SlowRandomUIntScalar1","Timestamp":"2024-04-26T11:57:09.8659703Z","Value":{"Value":127248340,"SourceTimestamp":"2024-04-26T11:57:08.1075877Z","ServerTimestamp":"2024-04-26T11:57:08.1075885Z"},"SequenceNumber":41,"ExtensionFields":{"WriterGroupId":"Packaging"}}