{"NodeId":"nsu=http://opcfoundation.org/UA/Plc/Applications;s=SpikeData","EndpointUrl":"opc.tcp://localhost:61457/UA/SampleServer","ApplicationUri":"urn:desktop-bgfjs91:OPCFoundation:CoreSampleServer","DisplayName":"nsu=http://opcfoundation.org/UA/Plc/Applications;s=SpikeData","Timestamp":"2024-04-26T11:55:21.9957992Z","Value":{"Value":99.80267284282715,"SourceTimestamp":"2024-04-26T11:55:21.9173296Z","ServerTimestamp":"2024-04-26T11:55:21.9173309Z"},"SequenceNumber":2,"ExtensionFields":{"WriterGroupId":"Packaging"}}