{"NodeId":"nsu=http://opcfoundation.org/UA/Plc/Applications;s=BadSlowRandomUIntScalar1","EndpointUrl":"opc.tcp://localhost:61457/UA/SampleServer","ApplicationUri":"urn:desktop-bgfjs91:OPCFoundation:CoreSampleServer","DisplayName":"nsu=http://opcfoundation.org/UA/Plc/Applications;s=BadSlowRandomUIntScalar1","Timestamp":"2024-04-26T11:55:39.8600472Z","Value":{"Value":4212751724,"SourceTimestamp":"2024-04-26T11:55:38.1201866Z","ServerTimestamp":"2024-04-26T11:55:38.1201873Z"},"SequenceNumber":8,"ExtensionFields":{"WriterGroupId":"Packaging"}}