{"NodeId":"nsu=http://opcfoundation.org/UA/Plc/Applications;s=SpikeData","EndpointUrl":"opc.tcp://localhost:61457/UA/SampleServer","ApplicationUri":"urn:desktop-bgfjs91:OPCFoundation:CoreSampleServer","DisplayName":"nsu=http://opcfoundation.org/UA/Plc/Applications;s=SpikeData","Timestamp":"2024-04-26T11:55:47.0250878Z","Value":{"Value":99.80267284282715,"SourceTimestamp":"2024-04-26T11:55:46.9154968Z","ServerTimestamp":"2024-04-26T11:55:46.9154983Z"},"SequenceNumber":23,"ExtensionFields":{"WriterGroupId":"Packaging"}}