{"NodeId":"nsu=http://opcfoundation.org/UA/Plc/Applications;s=SlowRandomUIntScalar2","EndpointUrl":"opc.tcp://localhost:61457/UA/SampleServer","ApplicationUri":"urn:desktop-bgfjs91:OPCFoundation:CoreSampleServer","DisplayName":"nsu=http://opcfoundation.org/UA/Plc/Applications;s=SlowRandomUIntScalar2","Timestamp":"2024-04-26T11:55:49.8449526Z","Value":{"Value":2482436948,"SourceTimestamp":"2024-04-26T11:55:48.1085581Z","ServerTimestamp":"2024-04-26T11:55:48.1085586Z"},"SequenceNumber":10,"ExtensionFields":{"WriterGroupId":"Packaging"}}