{"NodeId":"nsu=http://opcfoundation.org/UA/Plc/Applications;s=SpikeData","EndpointUrl":"opc.tcp://localhost:61457/UA/SampleServer","ApplicationUri":"urn:desktop-bgfjs91:OPCFoundation:CoreSampleServer","DisplayName":"nsu=http://opcfoundation.org/UA/Plc/Applications;s=SpikeData","Timestamp":"2024-04-26T11:55:24.0066754Z","Value":{"Value":-77.0513242775789,"SourceTimestamp":"2024-04-26T11:55:23.9122324Z","ServerTimestamp":"2024-04-26T11:55:23.9122337Z"},"SequenceNumber":4,"ExtensionFields":{"WriterGroupId":"Packaging"}}