{"NodeId":"nsu=http://opcfoundation.org/UA/Plc/Applications;s=SpikeData","EndpointUrl":"opc.tcp://localhost:61457/UA/SampleServer","ApplicationUri":"urn:desktop-bgfjs91:OPCFoundation:CoreSampleServer","DisplayName":"nsu=http://opcfoundation.org/UA/Plc/Applications;s=SpikeData","Timestamp":"2024-04-26T11:55:56.001286Z","Value":{"Value":24.868988716485482,"SourceTimestamp":"2024-04-26T11:55:55.9224197Z","ServerTimestamp":"2024-04-26T11:55:55.9224243Z"},"SequenceNumber":29,"ExtensionFields":{"WriterGroupId":"Packaging"}}