{"NodeId":"nsu=http://opcfoundation.org/UA/Plc/Applications;s=SpikeData","EndpointUrl":"opc.tcp://localhost:61457/UA/SampleServer","ApplicationUri":"urn:desktop-bgfjs91:OPCFoundation:CoreSampleServer","DisplayName":"nsu=http://opcfoundation.org/UA/Plc/Applications;s=SpikeData","Timestamp":"2024-04-26T11:55:58.0128004Z","Value":{"Value":36.812455268467801,"SourceTimestamp":"2024-04-26T11:55:57.9184755Z","ServerTimestamp":"2024-04-26T11:55:57.9184763Z"},"SequenceNumber":31,"ExtensionFields":{"WriterGroupId":"Packaging"}}