{"NodeId":"nsu=http://opcfoundation.org/UA/Plc/Applications;s=SpikeData","EndpointUrl":"opc.tcp://localhost:61457/UA/SampleServer","ApplicationUri":"urn:desktop-bgfjs91:OPCFoundation:CoreSampleServer","DisplayName":"nsu=http://opcfoundation.org/UA/Plc/Applications;s=SpikeData","Timestamp":"2024-04-26T11:56:05.9797028Z","Value":{"Value":24.868988716485482,"SourceTimestamp":"2024-04-26T11:56:05.9165411Z","ServerTimestamp":"2024-04-26T11:56:05.9165418Z"},"SequenceNumber":38,"ExtensionFields":{"WriterGroupId":"Packaging"}}