{"NodeId":"nsu=http://opcfoundation.org/UA/Plc/Applications;s=SlowRandomUIntScalar3","EndpointUrl":"opc.tcp://localhost:61457/UA/SampleServer","ApplicationUri":"urn:desktop-bgfjs91:OPCFoundation:CoreSampleServer","DisplayName":"nsu=http://opcfoundation.org/UA/Plc/Applications;s=SlowRandomUIntScalar3","Timestamp":"2024-04-26T11:56:09.8663433Z","Value":{"Value":55081801,"SourceTimestamp":"2024-04-26T11:56:08.1119033Z","ServerTimestamp":"2024-04-26T11:56:08.111904Z"},"SequenceNumber":19,"ExtensionFields":{"WriterGroupId":"Packaging"}}