{"NodeId":"nsu=http://opcfoundation.org/UA/Plc/Applications;s=SpikeData","EndpointUrl":"opc.tcp://localhost:61457/UA/SampleServer","ApplicationUri":"urn:desktop-bgfjs91:OPCFoundation:CoreSampleServer","DisplayName":"nsu=http://opcfoundation.org/UA/Plc/Applications;s=SpikeData","Timestamp":"2024-04-26T11:56:13.0024847Z","Value":{"Value":36.812455268467801,"SourceTimestamp":"2024-04-26T11:56:12.9082695Z","ServerTimestamp":"2024-04-26T11:56:12.9082723Z"},"SequenceNumber":45,"ExtensionFields":{"WriterGroupId":"Packaging"}}