{"NodeId":"nsu=http://opcfoundation.org/UA/Plc/Applications;s=SpikeData","EndpointUrl":"opc.tcp://localhost:61457/UA/SampleServer","ApplicationUri":"urn:desktop-bgfjs91:OPCFoundation:CoreSampleServer","DisplayName":"nsu=http://opcfoundation.org/UA/Plc/Applications;s=SpikeData","Timestamp":"2024-04-26T11:56:14.0086679Z","Value":{"Value":-77.0513242775789,"SourceTimestamp":"2024-04-26T11:56:13.9141067Z","ServerTimestamp":"2024-04-26T11:56:13.9141104Z"},"SequenceNumber":46,"ExtensionFields":{"WriterGroupId":"Packaging"}}