{"NodeId":"nsu=http://opcfoundation.org/UA/Plc/Applications;s=SpikeData","EndpointUrl":"opc.tcp://localhost:61457/UA/SampleServer","ApplicationUri":"urn:desktop-bgfjs91:OPCFoundation:CoreSampleServer","DisplayName":"nsu=http://opcfoundation.org/UA/Plc/Applications;s=SpikeData","Timestamp":"2024-04-26T11:56:32.9951215Z","Value":{"Value":36.812455268467801,"SourceTimestamp":"2024-04-26T11:56:32.9114616Z","ServerTimestamp":"2024-04-26T11:56:32.9114628Z"},"SequenceNumber":63,"ExtensionFields":{"WriterGroupId":"Packaging"}}