{"NodeId":"nsu=http://opcfoundation.org/UA/Plc/Applications;s=SpikeData","EndpointUrl":"opc.tcp://localhost:61457/UA/SampleServer","ApplicationUri":"urn:desktop-bgfjs91:OPCFoundation:CoreSampleServer","DisplayName":"nsu=http://opcfoundation.org/UA/Plc/Applications;s=SpikeData","Timestamp":"2024-04-26T11:56:35.0085574Z","Value":{"Value":-84.432792550201526,"SourceTimestamp":"2024-04-26T11:56:34.9136845Z","ServerTimestamp":"2024-04-26T11:56:34.9136866Z"},"SequenceNumber":64,"ExtensionFields":{"WriterGroupId":"Packaging"}}