{"NodeId":"nsu=http://opcfoundation.org/UA/Plc/Applications;s=SpikeData","EndpointUrl":"opc.tcp://localhost:61457/UA/SampleServer","ApplicationUri":"urn:desktop-bgfjs91:OPCFoundation:CoreSampleServer","DisplayName":"nsu=http://opcfoundation.org/UA/Plc/Applications;s=SpikeData","Timestamp":"2024-04-26T11:56:39.0099209Z","Value":{"Value":-77.0513242775789,"SourceTimestamp":"2024-04-26T11:56:38.9159711Z","ServerTimestamp":"2024-04-26T11:56:38.915975Z"},"SequenceNumber":67,"ExtensionFields":{"WriterGroupId":"Packaging"}}