{"NodeId":"nsu=http://opcfoundation.org/UA/Plc/Applications;s=SlowRandomUIntScalar1","EndpointUrl":"opc.tcp://localhost:61457/UA/SampleServer","ApplicationUri":"urn:desktop-bgfjs91:OPCFoundation:CoreSampleServer","DisplayName":"nsu=http://opcfoundation.org/UA/Plc/Applications;s=SlowRandomUIntScalar1","Timestamp":"2024-04-26T11:56:39.8297648Z","Value":{"Value":1161732735,"SourceTimestamp":"2024-04-26T11:56:38.1086774Z","ServerTimestamp":"2024-04-26T11:56:38.1086794Z"},"SequenceNumber":29,"ExtensionFields":{"WriterGroupId":"Packaging"}}