{"NodeId":"nsu=http://opcfoundation.org/UA/Plc/Applications;s=SlowRandomUIntScalar3","EndpointUrl":"opc.tcp://localhost:61457/UA/SampleServer","ApplicationUri":"urn:desktop-bgfjs91:OPCFoundation:CoreSampleServer","DisplayName":"nsu=http://opcfoundation.org/UA/Plc/Applications;s=SlowRandomUIntScalar3","Timestamp":"2024-04-26T11:56:39.8297648Z","Value":{"Value":2509268640,"SourceTimestamp":"2024-04-26T11:56:38.1086873Z","ServerTimestamp":"2024-04-26T11:56:38.1086929Z"},"SequenceNumber":31,"ExtensionFields":{"WriterGroupId":"Packaging"}}