{"NodeId":"nsu=http://opcfoundation.org/UA/Plc/Applications;s=BadSlowRandomUIntScalar1","EndpointUrl":"opc.tcp://localhost:61457/UA/SampleServer","ApplicationUri":"urn:desktop-bgfjs91:OPCFoundation:CoreSampleServer","DisplayName":"nsu=http://opcfoundation.org/UA/Plc/Applications;s=BadSlowRandomUIntScalar1","Timestamp":"2024-04-26T11:56:39.8297648Z","Value":{"Value":3994004009,"StatusCode":{"Symbol":"UncertainLastUsableValue","Code":1083179008},"SourceTimestamp":"2024-04-26T11:56:38.1086939Z","ServerTimestamp":"2024-04-26T11:56:38.1086967Z"},"SequenceNumber":32,"ExtensionFields":{"WriterGroupId":"Packaging"}}