[{"nsu=http://opcfoundation.org/UA/Plc/Applications;s=StepUp":{"Value":368,"SourceTimestamp":"2024-04-27T17:46:25.4314385Z","ServerTimestamp":"2024-04-27T17:46:25.4314414Z"},"nsu=http://opcfoundation.org/UA/Plc/Applications;s=RandomSignedInt32":{"Value":1720496478,"SourceTimestamp":"2024-04-27T17:46:25.4314231Z","ServerTimestamp":"2024-04-27T17:46:25.431425Z"},"nsu=http://opcfoundation.org/UA/Plc/Applications;s=RandomUnsignedInt32":{"Value":1908107676,"SourceTimestamp":"2024-04-27T17:46:25.431428Z","ServerTimestamp":"2024-04-27T17:46:25.4314326Z"},"nsu=http://opcfoundation.org/UA/Plc/Applications;s=DipData":{"Value":-84.432792550201526,"SourceTimestamp":"2024-04-27T17:46:25.4314126Z","ServerTimestamp":"2024-04-27T17:46:25.4314137Z"},"nsu=http://opcfoundation.org/UA/Plc/Applications;s=FastUIntScalar1":{"Value":36,"SourceTimestamp":"2024-04-27T17:46:24.6315463Z","ServerTimestamp":"2024-04-27T17:46:24.6315488Z"}}]