[{"nsu=http://opcfoundation.org/UA/Plc/Applications;s=FastUIntScalar2":{"Value":37,"SourceTimestamp":"2024-04-27T17:46:25.632912Z","ServerTimestamp":"2024-04-27T17:46:25.6329247Z"},"nsu=http://opcfoundation.org/UA/Plc/Applications;s=FastUIntScalar3":{"Value":37,"SourceTimestamp":"2024-04-27T17:46:25.6329263Z","ServerTimestamp":"2024-04-27T17:46:25.632928Z"},"nsu=http://opcfoundation.org/UA/Plc/Applications;s=FastRandomUIntScalar1":{"Value":3917521784,"SourceTimestamp":"2024-04-27T17:46:25.6328867Z","ServerTimestamp":"2024-04-27T17:46:25.6329134Z"},"nsu=http://opcfoundation.org/UA/Plc/Applications;s=FastRandomUIntScalar2":{"Value":360960841,"SourceTimestamp":"2024-04-27T17:46:25.6329248Z","ServerTimestamp":"2024-04-27T17:46:25.6329264Z"},"nsu=http://opcfoundation.org/UA/Plc/Applications;s=FastRandomUIntScalar3":{"Value":2434167703,"SourceTimestamp":"2024-04-27T17:46:25.6329279Z","ServerTimestamp":"2024-04-27T17:46:25.6329294Z"}}]