[{"nsu=http://opcfoundation.org/UA/Plc/Applications;s=FastUIntScalar2":{"Value":39,"SourceTimestamp":"2024-04-27T17:46:27.6428095Z","ServerTimestamp":"2024-04-27T17:46:27.6428575Z"},"nsu=http://opcfoundation.org/UA/Plc/Applications;s=FastUIntScalar3":{"Value":39,"SourceTimestamp":"2024-04-27T17:46:27.6428612Z","ServerTimestamp":"2024-04-27T17:46:27.6428622Z"},"nsu=http://opcfoundation.org/UA/Plc/Applications;s=FastRandomUIntScalar1":{"Value":480999509,"SourceTimestamp":"2024-04-27T17:46:27.6427994Z","ServerTimestamp":"2024-04-27T17:46:27.6428103Z"},"nsu=http://opcfoundation.org/UA/Plc/Applications;s=FastRandomUIntScalar2":{"Value":153751248,"SourceTimestamp":"2024-04-27T17:46:27.6428725Z","ServerTimestamp":"2024-04-27T17:46:27.6428745Z"},"nsu=http://opcfoundation.org/UA/Plc/Applications;s=FastRandomUIntScalar3":{"Value":2622061428,"SourceTimestamp":"2024-04-27T17:46:27.6428812Z","ServerTimestamp":"2024-04-27T17:46:27.6428822Z"}}]