[{"nsu=http://opcfoundation.org/UA/Plc/Applications;s=StepUp":{"Value":49,"SourceTimestamp":"2024-04-27T17:45:53.5357189Z","ServerTimestamp":"2024-04-27T17:45:53.535727Z"},"nsu=http://opcfoundation.org/UA/Plc/Applications;s=RandomSignedInt32":{"Value":1663704485,"SourceTimestamp":"2024-04-27T17:45:53.5357115Z","ServerTimestamp":"2024-04-27T17:45:53.5357128Z"},"nsu=http://opcfoundation.org/UA/Plc/Applications;s=RandomUnsignedInt32":{"Value":682886746,"SourceTimestamp":"2024-04-27T17:45:53.5357014Z","ServerTimestamp":"2024-04-27T17:45:53.5357033Z"},"nsu=http://opcfoundation.org/UA/Plc/Applications;s=DipData":{"Value":24.868988716485479,"SourceTimestamp":"2024-04-27T17:45:53.5357265Z","ServerTimestamp":"2024-04-27T17:45:53.5357294Z"},"nsu=http://opcfoundation.org/UA/Plc/Applications;s=FastUIntScalar1":{"Value":4,"SourceTimestamp":"2024-04-27T17:45:52.6366Z","ServerTimestamp":"2024-04-27T17:45:52.6366036Z"}}]