[{"nsu=http://opcfoundation.org/UA/Plc/Applications;s=StepUp":{"Value":418,"SourceTimestamp":"2024-04-27T17:46:30.4300022Z","ServerTimestamp":"2024-04-27T17:46:30.4300035Z"},"nsu=http://opcfoundation.org/UA/Plc/Applications;s=RandomSignedInt32":{"Value":1316360110,"SourceTimestamp":"2024-04-27T17:46:30.4299915Z","ServerTimestamp":"2024-04-27T17:46:30.4299933Z"},"nsu=http://opcfoundation.org/UA/Plc/Applications;s=RandomUnsignedInt32":{"Value":1503434856,"SourceTimestamp":"2024-04-27T17:46:30.4299815Z","ServerTimestamp":"2024-04-27T17:46:30.4299872Z"},"nsu=http://opcfoundation.org/UA/Plc/Applications;s=DipData":{"Value":-84.432792550201526,"SourceTimestamp":"2024-04-27T17:46:30.4299967Z","ServerTimestamp":"2024-04-27T17:46:30.4300081Z"},"nsu=http://opcfoundation.org/UA/Plc/Applications;s=FastUIntScalar1":{"Value":41,"SourceTimestamp":"2024-04-27T17:46:29.6419201Z","ServerTimestamp":"2024-04-27T17:46:29.6419245Z"}}]