[{"nsu=http://opcfoundation.org/UA/Plc/Applications;s=StepUp":{"Value":428,"SourceTimestamp":"2024-04-27T17:46:31.4393044Z","ServerTimestamp":"2024-04-27T17:46:31.4393073Z"},"nsu=http://opcfoundation.org/UA/Plc/Applications;s=RandomSignedInt32":{"Value":-182215433,"SourceTimestamp":"2024-04-27T17:46:31.4392979Z","ServerTimestamp":"2024-04-27T17:46:31.4393113Z"},"nsu=http://opcfoundation.org/UA/Plc/Applications;s=RandomUnsignedInt32":{"Value":596159294,"SourceTimestamp":"2024-04-27T17:46:31.4392944Z","ServerTimestamp":"2024-04-27T17:46:31.4392963Z"},"nsu=http://opcfoundation.org/UA/Plc/Applications;s=DipData":{"Value":24.868988716485482,"SourceTimestamp":"2024-04-27T17:46:31.439286Z","ServerTimestamp":"2024-04-27T17:46:31.4393384Z"},"nsu=http://opcfoundation.org/UA/Plc/Applications;s=FastUIntScalar1":{"Value":42,"SourceTimestamp":"2024-04-27T17:46:30.6347828Z","ServerTimestamp":"2024-04-27T17:46:30.6347851Z"}}]