[{"nsu=http://opcfoundation.org/UA/Plc/Applications;s=StepUp":{"Value":469,"SourceTimestamp":"2024-04-27T17:46:35.5291913Z","ServerTimestamp":"2024-04-27T17:46:35.5291942Z"},"nsu=http://opcfoundation.org/UA/Plc/Applications;s=RandomSignedInt32":{"Value":1506290576,"SourceTimestamp":"2024-04-27T17:46:35.5291948Z","ServerTimestamp":"2024-04-27T17:46:35.5292484Z"},"nsu=http://opcfoundation.org/UA/Plc/Applications;s=RandomUnsignedInt32":{"Value":1429012773,"SourceTimestamp":"2024-04-27T17:46:35.5291836Z","ServerTimestamp":"2024-04-27T17:46:35.5291873Z"},"nsu=http://opcfoundation.org/UA/Plc/Applications;s=DipData":{"Value":-77.051324277578942,"SourceTimestamp":"2024-04-27T17:46:35.5291853Z","ServerTimestamp":"2024-04-27T17:46:35.5291906Z"},"nsu=http://opcfoundation.org/UA/Plc/Applications;s=FastUIntScalar1":{"Value":46,"SourceTimestamp":"2024-04-27T17:46:34.6431709Z","ServerTimestamp":"2024-04-27T17:46:34.6431728Z"}}]