[{"nsu=http://opcfoundation.org/UA/Plc/Applications;s=FastUIntScalar2":{"Value":47,"SourceTimestamp":"2024-04-27T17:46:35.6373194Z","ServerTimestamp":"2024-04-27T17:46:35.6373324Z"},"nsu=http://opcfoundation.org/UA/Plc/Applications;s=FastUIntScalar3":{"Value":47,"SourceTimestamp":"2024-04-27T17:46:35.6373349Z","ServerTimestamp":"2024-04-27T17:46:35.6373381Z"},"nsu=http://opcfoundation.org/UA/Plc/Applications;s=FastRandomUIntScalar1":{"Value":1074549399,"SourceTimestamp":"2024-04-27T17:46:35.637308Z","ServerTimestamp":"2024-04-27T17:46:35.6373205Z"},"nsu=http://opcfoundation.org/UA/Plc/Applications;s=FastRandomUIntScalar2":{"Value":801521565,"SourceTimestamp":"2024-04-27T17:46:35.6373325Z","ServerTimestamp":"2024-04-27T17:46:35.637335Z"},"nsu=http://opcfoundation.org/UA/Plc/Applications;s=FastRandomUIntScalar3":{"Value":263518515,"SourceTimestamp":"2024-04-27T17:46:35.6373374Z","ServerTimestamp":"2024-04-27T17:46:35.6373406Z"}}]