[{"nsu=http://opcfoundation.org/UA/Plc/Applications;s=SlowRandomUIntScalar1":{"Value":2288636726,"SourceTimestamp":"2024-04-27T17:46:38.630674Z","ServerTimestamp":"2024-04-27T17:46:38.6306754Z"},"nsu=http://opcfoundation.org/UA/Plc/Applications;s=SlowRandomUIntScalar2":{"Value":3709790670,"SourceTimestamp":"2024-04-27T17:46:38.6306812Z","ServerTimestamp":"2024-04-27T17:46:38.6306822Z"},"nsu=http://opcfoundation.org/UA/Plc/Applications;s=SlowRandomUIntScalar3":{"Value":907636355,"SourceTimestamp":"2024-04-27T17:46:38.6306833Z","ServerTimestamp":"2024-04-27T17:46:38.6306842Z"},"nsu=http://opcfoundation.org/UA/Plc/Applications;s=BadSlowRandomUIntScalar1":{"Value":2772044130,"SourceTimestamp":"2024-04-27T17:46:38.6306853Z","ServerTimestamp":"2024-04-27T17:46:38.6306861Z"}}]