[{"nsu=http://opcfoundation.org/UA/Plc/Applications;s=FastUIntScalar2":{"Value":53,"SourceTimestamp":"2024-04-27T17:46:41.6363591Z","ServerTimestamp":"2024-04-27T17:46:41.6363596Z"},"nsu=http://opcfoundation.org/UA/Plc/Applications;s=FastUIntScalar3":{"Value":53,"SourceTimestamp":"2024-04-27T17:46:41.6363605Z","ServerTimestamp":"2024-04-27T17:46:41.6363609Z"},"nsu=http://opcfoundation.org/UA/Plc/Applications;s=FastRandomUIntScalar1":{"Value":3199229229,"SourceTimestamp":"2024-04-27T17:46:41.6363667Z","ServerTimestamp":"2024-04-27T17:46:41.6363685Z"},"nsu=http://opcfoundation.org/UA/Plc/Applications;s=FastRandomUIntScalar2":{"Value":3162149588,"SourceTimestamp":"2024-04-27T17:46:41.6363778Z","ServerTimestamp":"2024-04-27T17:46:41.6363784Z"},"nsu=http://opcfoundation.org/UA/Plc/Applications;s=FastRandomUIntScalar3":{"Value":3112970542,"SourceTimestamp":"2024-04-27T17:46:41.6363797Z","ServerTimestamp":"2024-04-27T17:46:41.6363819Z"}}]