[{"nsu=http://opcfoundation.org/UA/Plc/Applications;s=StepUp":{"Value":548,"SourceTimestamp":"2024-04-27T17:46:43.4333961Z","ServerTimestamp":"2024-04-27T17:46:43.4334083Z"},"nsu=http://opcfoundation.org/UA/Plc/Applications;s=RandomSignedInt32":{"Value":685069017,"SourceTimestamp":"2024-04-27T17:46:43.4333987Z","ServerTimestamp":"2024-04-27T17:46:43.4334024Z"},"nsu=http://opcfoundation.org/UA/Plc/Applications;s=RandomUnsignedInt32":{"Value":2039716841,"SourceTimestamp":"2024-04-27T17:46:43.4333904Z","ServerTimestamp":"2024-04-27T17:46:43.4333913Z"},"nsu=http://opcfoundation.org/UA/Plc/Applications;s=DipData":{"Value":36.812455268467801,"SourceTimestamp":"2024-04-27T17:46:43.4333734Z","ServerTimestamp":"2024-04-27T17:46:43.4334346Z"},"nsu=http://opcfoundation.org/UA/Plc/Applications;s=FastUIntScalar1":{"Value":54,"SourceTimestamp":"2024-04-27T17:46:42.6414793Z","ServerTimestamp":"2024-04-27T17:46:42.6414832Z"}}]