[{"nsu=http://opcfoundation.org/UA/Plc/Applications;s=FastUIntScalar2":{"Value":54,"SourceTimestamp":"2024-04-27T17:46:42.6414986Z","ServerTimestamp":"2024-04-27T17:46:42.6414996Z"},"nsu=http://opcfoundation.org/UA/Plc/Applications;s=FastUIntScalar3":{"Value":54,"SourceTimestamp":"2024-04-27T17:46:42.6415021Z","ServerTimestamp":"2024-04-27T17:46:42.6415032Z"},"nsu=http://opcfoundation.org/UA/Plc/Applications;s=FastRandomUIntScalar1":{"Value":1987090494,"SourceTimestamp":"2024-04-27T17:46:42.6415042Z","ServerTimestamp":"2024-04-27T17:46:42.641507Z"},"nsu=http://opcfoundation.org/UA/Plc/Applications;s=FastRandomUIntScalar2":{"Value":2034191518,"SourceTimestamp":"2024-04-27T17:46:42.6415175Z","ServerTimestamp":"2024-04-27T17:46:42.6415187Z"},"nsu=http://opcfoundation.org/UA/Plc/Applications;s=FastRandomUIntScalar3":{"Value":1569359787,"SourceTimestamp":"2024-04-27T17:46:42.6415202Z","ServerTimestamp":"2024-04-27T17:46:42.6415211Z"}}]