[{"nsu=http://opcfoundation.org/UA/Plc/Applications;s=StepUp":{"Value":558,"SourceTimestamp":"2024-04-27T17:46:44.4422658Z","ServerTimestamp":"2024-04-27T17:46:44.4422709Z"},"nsu=http://opcfoundation.org/UA/Plc/Applications;s=AlternatingBoolean":{"Value":false,"SourceTimestamp":"2024-04-27T17:46:43.7300228Z","ServerTimestamp":"2024-04-27T17:46:43.7300241Z"},"nsu=http://opcfoundation.org/UA/Plc/Applications;s=RandomSignedInt32":{"Value":154554028,"SourceTimestamp":"2024-04-27T17:46:44.4422596Z","ServerTimestamp":"2024-04-27T17:46:44.4422639Z"},"nsu=http://opcfoundation.org/UA/Plc/Applications;s=RandomUnsignedInt32":{"Value":224427810,"SourceTimestamp":"2024-04-27T17:46:44.442263Z","ServerTimestamp":"2024-04-27T17:46:44.4422664Z"},"nsu=http://opcfoundation.org/UA/Plc/Applications;s=DipData":{"Value":-77.0513242775789,"SourceTimestamp":"2024-04-27T17:46:44.4422532Z","ServerTimestamp":"2024-04-27T17:46:44.4422581Z"},"nsu=http://opcfoundation.org/UA/Plc/Applications;s=FastUIntScalar1":{"Value":55,"SourceTimestamp":"2024-04-27T17:46:43.6374385Z","ServerTimestamp":"2024-04-27T17:46:43.6374398Z"}}]