[{"nsu=http://opcfoundation.org/UA/Plc/Applications;s=FastUIntScalar2":{"Value":58,"SourceTimestamp":"2024-04-27T17:46:46.6311079Z","ServerTimestamp":"2024-04-27T17:46:46.6311088Z"},"nsu=http://opcfoundation.org/UA/Plc/Applications;s=FastUIntScalar3":{"Value":58,"SourceTimestamp":"2024-04-27T17:46:46.6311098Z","ServerTimestamp":"2024-04-27T17:46:46.6311102Z"},"nsu=http://opcfoundation.org/UA/Plc/Applications;s=FastRandomUIntScalar1":{"Value":1988404227,"SourceTimestamp":"2024-04-27T17:46:46.6311091Z","ServerTimestamp":"2024-04-27T17:46:46.6311115Z"},"nsu=http://opcfoundation.org/UA/Plc/Applications;s=FastRandomUIntScalar2":{"Value":1798604020,"SourceTimestamp":"2024-04-27T17:46:46.6311178Z","ServerTimestamp":"2024-04-27T17:46:46.6311185Z"},"nsu=http://opcfoundation.org/UA/Plc/Applications;s=FastRandomUIntScalar3":{"Value":2180190587,"SourceTimestamp":"2024-04-27T17:46:46.6311196Z","ServerTimestamp":"2024-04-27T17:46:46.6311202Z"}}]