[{"nsu=http://opcfoundation.org/UA/Plc/Applications;s=StepUp":{"Value":598,"SourceTimestamp":"2024-04-27T17:46:48.4371502Z","ServerTimestamp":"2024-04-27T17:46:48.437161Z"},"nsu=http://opcfoundation.org/UA/Plc/Applications;s=RandomSignedInt32":{"Value":-2015420370,"SourceTimestamp":"2024-04-27T17:46:48.4371484Z","ServerTimestamp":"2024-04-27T17:46:48.4371494Z"},"nsu=http://opcfoundation.org/UA/Plc/Applications;s=RandomUnsignedInt32":{"Value":1323268922,"SourceTimestamp":"2024-04-27T17:46:48.4371431Z","ServerTimestamp":"2024-04-27T17:46:48.4371455Z"},"nsu=http://opcfoundation.org/UA/Plc/Applications;s=DipData":{"Value":36.812455268467801,"SourceTimestamp":"2024-04-27T17:46:48.4371486Z","ServerTimestamp":"2024-04-27T17:46:48.4371525Z"},"nsu=http://opcfoundation.org/UA/Plc/Applications;s=FastUIntScalar1":{"Value":59,"SourceTimestamp":"2024-04-27T17:46:47.6429882Z","ServerTimestamp":"2024-04-27T17:46:47.6429905Z"}}]