[{"nsu=http://opcfoundation.org/UA/Plc/Applications;s=FastUIntScalar2":{"Value":59,"SourceTimestamp":"2024-04-27T17:46:47.6429979Z","ServerTimestamp":"2024-04-27T17:46:47.6430032Z"},"nsu=http://opcfoundation.org/UA/Plc/Applications;s=FastUIntScalar3":{"Value":59,"SourceTimestamp":"2024-04-27T17:46:47.6430041Z","ServerTimestamp":"2024-04-27T17:46:47.6430054Z"},"nsu=http://opcfoundation.org/UA/Plc/Applications;s=FastRandomUIntScalar1":{"Value":526473690,"SourceTimestamp":"2024-04-27T17:46:47.6429922Z","ServerTimestamp":"2024-04-27T17:46:47.6429978Z"},"nsu=http://opcfoundation.org/UA/Plc/Applications;s=FastRandomUIntScalar2":{"Value":3312604693,"SourceTimestamp":"2024-04-27T17:46:47.6430034Z","ServerTimestamp":"2024-04-27T17:46:47.6430041Z"},"nsu=http://opcfoundation.org/UA/Plc/Applications;s=FastRandomUIntScalar3":{"Value":259111006,"SourceTimestamp":"2024-04-27T17:46:47.6430057Z","ServerTimestamp":"2024-04-27T17:46:47.6430066Z"}}]