[{"nsu=http://opcfoundation.org/UA/Plc/Applications;s=StepUp":{"Value":639,"SourceTimestamp":"2024-04-27T17:46:52.5327659Z","ServerTimestamp":"2024-04-27T17:46:52.5327713Z"},"nsu=http://opcfoundation.org/UA/Plc/Applications;s=RandomSignedInt32":{"Value":843348069,"SourceTimestamp":"2024-04-27T17:46:52.5327812Z","ServerTimestamp":"2024-04-27T17:46:52.5328021Z"},"nsu=http://opcfoundation.org/UA/Plc/Applications;s=RandomUnsignedInt32":{"Value":104553933,"SourceTimestamp":"2024-04-27T17:46:52.5327927Z","ServerTimestamp":"2024-04-27T17:46:52.5328101Z"},"nsu=http://opcfoundation.org/UA/Plc/Applications;s=DipData":{"Value":-1000,"SourceTimestamp":"2024-04-27T17:46:52.5328265Z","ServerTimestamp":"2024-04-27T17:46:52.5328304Z"},"nsu=http://opcfoundation.org/UA/Plc/Applications;s=FastUIntScalar1":{"Value":63,"SourceTimestamp":"2024-04-27T17:46:51.6318098Z","ServerTimestamp":"2024-04-27T17:46:51.6318126Z"}}]