[{"nsu=http://opcfoundation.org/UA/Plc/Applications;s=FastUIntScalar2":{"Value":63,"SourceTimestamp":"2024-04-27T17:46:51.6318207Z","ServerTimestamp":"2024-04-27T17:46:51.6318254Z"},"nsu=http://opcfoundation.org/UA/Plc/Applications;s=FastUIntScalar3":{"Value":63,"SourceTimestamp":"2024-04-27T17:46:51.6318348Z","ServerTimestamp":"2024-04-27T17:46:51.6318352Z"},"nsu=http://opcfoundation.org/UA/Plc/Applications;s=FastRandomUIntScalar1":{"Value":3309319069,"SourceTimestamp":"2024-04-27T17:46:51.631819Z","ServerTimestamp":"2024-04-27T17:46:51.6318207Z"},"nsu=http://opcfoundation.org/UA/Plc/Applications;s=FastRandomUIntScalar2":{"Value":3914422397,"SourceTimestamp":"2024-04-27T17:46:51.6318255Z","ServerTimestamp":"2024-04-27T17:46:51.6318268Z"},"nsu=http://opcfoundation.org/UA/Plc/Applications;s=FastRandomUIntScalar3":{"Value":2628609256,"SourceTimestamp":"2024-04-27T17:46:51.6318281Z","ServerTimestamp":"2024-04-27T17:46:51.6318283Z"}}]