[{"nsu=http://opcfoundation.org/UA/Plc/Applications;s=StepUp":{"Value":649,"SourceTimestamp":"2024-04-27T17:46:53.5411072Z","ServerTimestamp":"2024-04-27T17:46:53.541108Z"},"nsu=http://opcfoundation.org/UA/Plc/Applications;s=RandomSignedInt32":{"Value":-986370696,"SourceTimestamp":"2024-04-27T17:46:53.5411088Z","ServerTimestamp":"2024-04-27T17:46:53.5411104Z"},"nsu=http://opcfoundation.org/UA/Plc/Applications;s=RandomUnsignedInt32":{"Value":66593784,"SourceTimestamp":"2024-04-27T17:46:53.5410949Z","ServerTimestamp":"2024-04-27T17:46:53.5410957Z"},"nsu=http://opcfoundation.org/UA/Plc/Applications;s=DipData":{"Value":24.868988716485479,"SourceTimestamp":"2024-04-27T17:46:53.5410947Z","ServerTimestamp":"2024-04-27T17:46:53.5411344Z"},"nsu=http://opcfoundation.org/UA/Plc/Applications;s=FastUIntScalar1":{"Value":64,"SourceTimestamp":"2024-04-27T17:46:52.6427386Z","ServerTimestamp":"2024-04-27T17:46:52.6427413Z"}}]