[{"nsu=http://opcfoundation.org/UA/Plc/Applications;s=StepUp":{"Value":659,"SourceTimestamp":"2024-04-27T17:46:54.5344491Z","ServerTimestamp":"2024-04-27T17:46:54.5344504Z"},"nsu=http://opcfoundation.org/UA/Plc/Applications;s=AlternatingBoolean":{"Value":false,"SourceTimestamp":"2024-04-27T17:46:53.7410865Z","ServerTimestamp":"2024-04-27T17:46:53.7410915Z"},"nsu=http://opcfoundation.org/UA/Plc/Applications;s=RandomSignedInt32":{"Value":541450049,"SourceTimestamp":"2024-04-27T17:46:54.5344554Z","ServerTimestamp":"2024-04-27T17:46:54.5344568Z"},"nsu=http://opcfoundation.org/UA/Plc/Applications;s=RandomUnsignedInt32":{"Value":380112467,"SourceTimestamp":"2024-04-27T17:46:54.5344398Z","ServerTimestamp":"2024-04-27T17:46:54.5344477Z"},"nsu=http://opcfoundation.org/UA/Plc/Applications;s=DipData":{"Value":-84.432792550201498,"SourceTimestamp":"2024-04-27T17:46:54.5344378Z","ServerTimestamp":"2024-04-27T17:46:54.5344438Z"},"nsu=http://opcfoundation.org/UA/Plc/Applications;s=FastUIntScalar1":{"Value":65,"SourceTimestamp":"2024-04-27T17:46:53.6345764Z","ServerTimestamp":"2024-04-27T17:46:53.6345786Z"}}]