[{"nsu=http://opcfoundation.org/UA/Plc/Applications;s=StepUp":{"Value":18,"SourceTimestamp":"2024-04-27T17:45:50.4351778Z","ServerTimestamp":"2024-04-27T17:45:50.4351835Z"},"nsu=http://opcfoundation.org/UA/Plc/Applications;s=AlternatingBoolean":{"Value":true,"SourceTimestamp":"2024-04-27T17:45:49.4309637Z","ServerTimestamp":"2024-04-27T17:45:49.5154042Z"},"nsu=http://opcfoundation.org/UA/Plc/Applications;s=RandomSignedInt32":{"Value":934080815,"SourceTimestamp":"2024-04-27T17:45:50.4351624Z","ServerTimestamp":"2024-04-27T17:45:50.435164Z"},"nsu=http://opcfoundation.org/UA/Plc/Applications;s=RandomUnsignedInt32":{"Value":1772560322,"SourceTimestamp":"2024-04-27T17:45:50.4351628Z","ServerTimestamp":"2024-04-27T17:45:50.4351699Z"},"nsu=http://opcfoundation.org/UA/Plc/Applications;s=DipData":{"Value":-84.432792550201526,"SourceTimestamp":"2024-04-27T17:45:50.4351831Z","ServerTimestamp":"2024-04-27T17:45:50.4351862Z"},"nsu=http://opcfoundation.org/UA/Plc/Applications;s=FastUIntScalar1":{"Value":1,"SourceTimestamp":"2024-04-27T17:45:49.6341452Z","ServerTimestamp":"2024-04-27T17:45:49.6341496Z"}}]