[{"nsu=http://opcfoundation.org/UA/Plc/Applications;s=StepUp":{"Value":678,"SourceTimestamp":"2024-04-27T17:46:56.4385402Z","ServerTimestamp":"2024-04-27T17:46:56.4385973Z"},"nsu=http://opcfoundation.org/UA/Plc/Applications;s=RandomSignedInt32":{"Value":-1415377519,"SourceTimestamp":"2024-04-27T17:46:56.4385245Z","ServerTimestamp":"2024-04-27T17:46:56.4385849Z"},"nsu=http://opcfoundation.org/UA/Plc/Applications;s=RandomUnsignedInt32":{"Value":1478565381,"SourceTimestamp":"2024-04-27T17:46:56.4385303Z","ServerTimestamp":"2024-04-27T17:46:56.4385389Z"},"nsu=http://opcfoundation.org/UA/Plc/Applications;s=DipData":{"Value":24.868988716485482,"SourceTimestamp":"2024-04-27T17:46:56.438516Z","ServerTimestamp":"2024-04-27T17:46:56.4385219Z"},"nsu=http://opcfoundation.org/UA/Plc/Applications;s=FastUIntScalar1":{"Value":67,"SourceTimestamp":"2024-04-27T17:46:55.6369896Z","ServerTimestamp":"2024-04-27T17:46:55.6369926Z"}}]