[{"nsu=http://opcfoundation.org/UA/Plc/Applications;s=StepUp":{"Value":709,"SourceTimestamp":"2024-04-27T17:46:59.5363606Z","ServerTimestamp":"2024-04-27T17:46:59.5363768Z"},"nsu=http://opcfoundation.org/UA/Plc/Applications;s=AlternatingBoolean":{"Value":true,"SourceTimestamp":"2024-04-27T17:46:58.7305738Z","ServerTimestamp":"2024-04-27T17:46:58.7305962Z"},"nsu=http://opcfoundation.org/UA/Plc/Applications;s=RandomSignedInt32":{"Value":646832602,"SourceTimestamp":"2024-04-27T17:46:59.5363503Z","ServerTimestamp":"2024-04-27T17:46:59.5363588Z"},"nsu=http://opcfoundation.org/UA/Plc/Applications;s=RandomUnsignedInt32":{"Value":1594073730,"SourceTimestamp":"2024-04-27T17:46:59.5363632Z","ServerTimestamp":"2024-04-27T17:46:59.5363671Z"},"nsu=http://opcfoundation.org/UA/Plc/Applications;s=DipData":{"Value":-84.432792550201498,"SourceTimestamp":"2024-04-27T17:46:59.5363406Z","ServerTimestamp":"2024-04-27T17:46:59.5363559Z"},"nsu=http://opcfoundation.org/UA/Plc/Applications;s=FastUIntScalar1":{"Value":70,"SourceTimestamp":"2024-04-27T17:46:58.6361393Z","ServerTimestamp":"2024-04-27T17:46:58.6361428Z"}}]