[{"nsu=http://opcfoundation.org/UA/Plc/Applications;s=SlowRandomUIntScalar1":{"Value":3614333532,"SourceTimestamp":"2024-04-27T17:46:58.6361357Z","ServerTimestamp":"2024-04-27T17:46:58.6361373Z"},"nsu=http://opcfoundation.org/UA/Plc/Applications;s=SlowRandomUIntScalar2":{"Value":3135512438,"SourceTimestamp":"2024-04-27T17:46:58.6361431Z","ServerTimestamp":"2024-04-27T17:46:58.6361461Z"},"nsu=http://opcfoundation.org/UA/Plc/Applications;s=SlowRandomUIntScalar3":{"Value":2950341991,"SourceTimestamp":"2024-04-27T17:46:58.6361472Z","ServerTimestamp":"2024-04-27T17:46:58.6361505Z"},"nsu=http://opcfoundation.org/UA/Plc/Applications;s=BadSlowRandomUIntScalar1":{"Value":3565692723,"SourceTimestamp":"2024-04-27T17:46:58.6361517Z","ServerTimestamp":"2024-04-27T17:46:58.6361523Z"}}]