[{"nsu=http://opcfoundation.org/UA/Plc/Applications;s=FastUIntScalar2":{"Value":74,"SourceTimestamp":"2024-04-27T17:47:02.6401283Z","ServerTimestamp":"2024-04-27T17:47:02.640135Z"},"nsu=http://opcfoundation.org/UA/Plc/Applications;s=FastUIntScalar3":{"Value":74,"SourceTimestamp":"2024-04-27T17:47:02.6401365Z","ServerTimestamp":"2024-04-27T17:47:02.6401377Z"},"nsu=http://opcfoundation.org/UA/Plc/Applications;s=FastRandomUIntScalar1":{"Value":81104603,"SourceTimestamp":"2024-04-27T17:47:02.640114Z","ServerTimestamp":"2024-04-27T17:47:02.6401288Z"},"nsu=http://opcfoundation.org/UA/Plc/Applications;s=FastRandomUIntScalar2":{"Value":3571528258,"SourceTimestamp":"2024-04-27T17:47:02.6401357Z","ServerTimestamp":"2024-04-27T17:47:02.6401365Z"},"nsu=http://opcfoundation.org/UA/Plc/Applications;s=FastRandomUIntScalar3":{"Value":722711153,"SourceTimestamp":"2024-04-27T17:47:02.6401376Z","ServerTimestamp":"2024-04-27T17:47:02.6401386Z"}}]