[{"nsu=http://opcfoundation.org/UA/Plc/Applications;s=StepUp":{"Value":778,"SourceTimestamp":"2024-04-27T17:47:06.437363Z","ServerTimestamp":"2024-04-27T17:47:06.4373649Z"},"nsu=http://opcfoundation.org/UA/Plc/Applications;s=RandomSignedInt32":{"Value":453517458,"SourceTimestamp":"2024-04-27T17:47:06.4373559Z","ServerTimestamp":"2024-04-27T17:47:06.437361Z"},"nsu=http://opcfoundation.org/UA/Plc/Applications;s=RandomUnsignedInt32":{"Value":1315015250,"SourceTimestamp":"2024-04-27T17:47:06.4373546Z","ServerTimestamp":"2024-04-27T17:47:06.4373558Z"},"nsu=http://opcfoundation.org/UA/Plc/Applications;s=DipData":{"Value":24.868988716485482,"SourceTimestamp":"2024-04-27T17:47:06.4373473Z","ServerTimestamp":"2024-04-27T17:47:06.4373498Z"},"nsu=http://opcfoundation.org/UA/Plc/Applications;s=FastUIntScalar1":{"Value":77,"SourceTimestamp":"2024-04-27T17:47:05.6334802Z","ServerTimestamp":"2024-04-27T17:47:05.6334822Z"}}]