[{"nsu=http://opcfoundation.org/UA/Plc/Applications;s=FastUIntScalar2":{"Value":79,"SourceTimestamp":"2024-04-27T17:47:07.6440508Z","ServerTimestamp":"2024-04-27T17:47:07.6440645Z"},"nsu=http://opcfoundation.org/UA/Plc/Applications;s=FastUIntScalar3":{"Value":79,"SourceTimestamp":"2024-04-27T17:47:07.644067Z","ServerTimestamp":"2024-04-27T17:47:07.6440703Z"},"nsu=http://opcfoundation.org/UA/Plc/Applications;s=FastRandomUIntScalar1":{"Value":3201731952,"SourceTimestamp":"2024-04-27T17:47:07.6440398Z","ServerTimestamp":"2024-04-27T17:47:07.6440518Z"},"nsu=http://opcfoundation.org/UA/Plc/Applications;s=FastRandomUIntScalar2":{"Value":3492425155,"SourceTimestamp":"2024-04-27T17:47:07.6440643Z","ServerTimestamp":"2024-04-27T17:47:07.6440676Z"},"nsu=http://opcfoundation.org/UA/Plc/Applications;s=FastRandomUIntScalar3":{"Value":814206382,"SourceTimestamp":"2024-04-27T17:47:07.6440698Z","ServerTimestamp":"2024-04-27T17:47:07.6440731Z"}}]