[{"nsu=http://opcfoundation.org/UA/Plc/Applications;s=StepUp":{"Value":808,"SourceTimestamp":"2024-04-27T17:47:09.433471Z","ServerTimestamp":"2024-04-27T17:47:09.4334776Z"},"nsu=http://opcfoundation.org/UA/Plc/Applications;s=AlternatingBoolean":{"Value":true,"SourceTimestamp":"2024-04-27T17:47:08.7413829Z","ServerTimestamp":"2024-04-27T17:47:08.7414297Z"},"nsu=http://opcfoundation.org/UA/Plc/Applications;s=RandomSignedInt32":{"Value":1093886236,"SourceTimestamp":"2024-04-27T17:47:09.4334604Z","ServerTimestamp":"2024-04-27T17:47:09.4335398Z"},"nsu=http://opcfoundation.org/UA/Plc/Applications;s=RandomUnsignedInt32":{"Value":1095965607,"SourceTimestamp":"2024-04-27T17:47:09.4334659Z","ServerTimestamp":"2024-04-27T17:47:09.433483Z"},"nsu=http://opcfoundation.org/UA/Plc/Applications;s=DipData":{"Value":-77.0513242775789,"SourceTimestamp":"2024-04-27T17:47:09.4334617Z","ServerTimestamp":"2024-04-27T17:47:09.4334689Z"},"nsu=http://opcfoundation.org/UA/Plc/Applications;s=FastUIntScalar1":{"Value":80,"SourceTimestamp":"2024-04-27T17:47:08.6315039Z","ServerTimestamp":"2024-04-27T17:47:08.6315234Z"}}]