[{"nsu=http://opcfoundation.org/UA/Plc/Applications;s=FastUIntScalar2":{"Value":80,"SourceTimestamp":"2024-04-27T17:47:08.6315332Z","ServerTimestamp":"2024-04-27T17:47:08.6315337Z"},"nsu=http://opcfoundation.org/UA/Plc/Applications;s=FastUIntScalar3":{"Value":80,"SourceTimestamp":"2024-04-27T17:47:08.631535Z","ServerTimestamp":"2024-04-27T17:47:08.6315354Z"},"nsu=http://opcfoundation.org/UA/Plc/Applications;s=FastRandomUIntScalar1":{"Value":1925943316,"SourceTimestamp":"2024-04-27T17:47:08.6315058Z","ServerTimestamp":"2024-04-27T17:47:08.6315375Z"},"nsu=http://opcfoundation.org/UA/Plc/Applications;s=FastRandomUIntScalar2":{"Value":2600364579,"SourceTimestamp":"2024-04-27T17:47:08.6315416Z","ServerTimestamp":"2024-04-27T17:47:08.6315437Z"},"nsu=http://opcfoundation.org/UA/Plc/Applications;s=FastRandomUIntScalar3":{"Value":1071162825,"SourceTimestamp":"2024-04-27T17:47:08.6315452Z","ServerTimestamp":"2024-04-27T17:47:08.6315474Z"}}]