[{"nsu=http://opcfoundation.org/UA/Plc/Applications;s=StepUp":{"Value":99,"SourceTimestamp":"2024-04-27T17:45:58.5364918Z","ServerTimestamp":"2024-04-27T17:45:58.5364936Z"},"nsu=http://opcfoundation.org/UA/Plc/Applications;s=RandomSignedInt32":{"Value":602354451,"SourceTimestamp":"2024-04-27T17:45:58.5364803Z","ServerTimestamp":"2024-04-27T17:45:58.5364887Z"},"nsu=http://opcfoundation.org/UA/Plc/Applications;s=RandomUnsignedInt32":{"Value":520993062,"SourceTimestamp":"2024-04-27T17:45:58.5364829Z","ServerTimestamp":"2024-04-27T17:45:58.5365189Z"},"nsu=http://opcfoundation.org/UA/Plc/Applications;s=DipData":{"Value":24.868988716485479,"SourceTimestamp":"2024-04-27T17:45:58.5364714Z","ServerTimestamp":"2024-04-27T17:45:58.5364765Z"},"nsu=http://opcfoundation.org/UA/Plc/Applications;s=FastUIntScalar1":{"Value":9,"SourceTimestamp":"2024-04-27T17:45:57.6304105Z","ServerTimestamp":"2024-04-27T17:45:57.6304123Z"}}]