[{"nsu=http://opcfoundation.org/UA/Plc/Applications;s=StepUp":{"Value":828,"SourceTimestamp":"2024-04-27T17:47:11.4314263Z","ServerTimestamp":"2024-04-27T17:47:11.431432Z"},"nsu=http://opcfoundation.org/UA/Plc/Applications;s=RandomSignedInt32":{"Value":-1251849627,"SourceTimestamp":"2024-04-27T17:47:11.4314232Z","ServerTimestamp":"2024-04-27T17:47:11.4314239Z"},"nsu=http://opcfoundation.org/UA/Plc/Applications;s=RandomUnsignedInt32":{"Value":1164538866,"SourceTimestamp":"2024-04-27T17:47:11.4314266Z","ServerTimestamp":"2024-04-27T17:47:11.4314351Z"},"nsu=http://opcfoundation.org/UA/Plc/Applications;s=DipData":{"Value":24.868988716485482,"SourceTimestamp":"2024-04-27T17:47:11.4314041Z","ServerTimestamp":"2024-04-27T17:47:11.4314098Z"},"nsu=http://opcfoundation.org/UA/Plc/Applications;s=FastUIntScalar1":{"Value":82,"SourceTimestamp":"2024-04-27T17:47:10.6411353Z","ServerTimestamp":"2024-04-27T17:47:10.6411387Z"}}]