[{"nsu=http://opcfoundation.org/UA/Plc/Applications;s=StepUp":{"Value":849,"SourceTimestamp":"2024-04-27T17:47:13.5315541Z","ServerTimestamp":"2024-04-27T17:47:13.5315611Z"},"nsu=http://opcfoundation.org/UA/Plc/Applications;s=RandomSignedInt32":{"Value":1256615030,"SourceTimestamp":"2024-04-27T17:47:13.5315507Z","ServerTimestamp":"2024-04-27T17:47:13.5315587Z"},"nsu=http://opcfoundation.org/UA/Plc/Applications;s=RandomUnsignedInt32":{"Value":1766182780,"SourceTimestamp":"2024-04-27T17:47:13.5315455Z","ServerTimestamp":"2024-04-27T17:47:13.5315526Z"},"nsu=http://opcfoundation.org/UA/Plc/Applications;s=DipData":{"Value":24.868988716485479,"SourceTimestamp":"2024-04-27T17:47:13.5315443Z","ServerTimestamp":"2024-04-27T17:47:13.5315485Z"},"nsu=http://opcfoundation.org/UA/Plc/Applications;s=FastUIntScalar1":{"Value":84,"SourceTimestamp":"2024-04-27T17:47:12.6389235Z","ServerTimestamp":"2024-04-27T17:47:12.638927Z"}}]