[{"nsu=http://opcfoundation.org/UA/Plc/Applications;s=FastUIntScalar2":{"Value":85,"SourceTimestamp":"2024-04-27T17:47:13.6406959Z","ServerTimestamp":"2024-04-27T17:47:13.6406967Z"},"nsu=http://opcfoundation.org/UA/Plc/Applications;s=FastUIntScalar3":{"Value":85,"SourceTimestamp":"2024-04-27T17:47:13.6406987Z","ServerTimestamp":"2024-04-27T17:47:13.6406999Z"},"nsu=http://opcfoundation.org/UA/Plc/Applications;s=FastRandomUIntScalar1":{"Value":49932962,"SourceTimestamp":"2024-04-27T17:47:13.6407372Z","ServerTimestamp":"2024-04-27T17:47:13.6407382Z"},"nsu=http://opcfoundation.org/UA/Plc/Applications;s=FastRandomUIntScalar2":{"Value":55162374,"SourceTimestamp":"2024-04-27T17:47:13.6407412Z","ServerTimestamp":"2024-04-27T17:47:13.6407424Z"},"nsu=http://opcfoundation.org/UA/Plc/Applications;s=FastRandomUIntScalar3":{"Value":1461207765,"SourceTimestamp":"2024-04-27T17:47:13.6407442Z","ServerTimestamp":"2024-04-27T17:47:13.6407454Z"}}]