[{"nsu=http://opcfoundation.org/UA/Plc/Applications;s=FastUIntScalar2":{"Value":86,"SourceTimestamp":"2024-04-27T17:47:14.6361662Z","ServerTimestamp":"2024-04-27T17:47:14.6361719Z"},"nsu=http://opcfoundation.org/UA/Plc/Applications;s=FastUIntScalar3":{"Value":86,"SourceTimestamp":"2024-04-27T17:47:14.6361749Z","ServerTimestamp":"2024-04-27T17:47:14.6361768Z"},"nsu=http://opcfoundation.org/UA/Plc/Applications;s=FastRandomUIntScalar1":{"Value":601533787,"SourceTimestamp":"2024-04-27T17:47:14.6361583Z","ServerTimestamp":"2024-04-27T17:47:14.6361664Z"},"nsu=http://opcfoundation.org/UA/Plc/Applications;s=FastRandomUIntScalar2":{"Value":881783040,"SourceTimestamp":"2024-04-27T17:47:14.6361718Z","ServerTimestamp":"2024-04-27T17:47:14.6361748Z"},"nsu=http://opcfoundation.org/UA/Plc/Applications;s=FastRandomUIntScalar3":{"Value":2190919422,"SourceTimestamp":"2024-04-27T17:47:14.6361769Z","ServerTimestamp":"2024-04-27T17:47:14.6361787Z"}}]