[{"nsu=http://opcfoundation.org/UA/Plc/Applications;s=StepUp":{"Value":909,"SourceTimestamp":"2024-04-27T17:47:19.5420099Z","ServerTimestamp":"2024-04-27T17:47:19.5420123Z"},"nsu=http://opcfoundation.org/UA/Plc/Applications;s=AlternatingBoolean":{"Value":true,"SourceTimestamp":"2024-04-27T17:47:18.7380502Z","ServerTimestamp":"2024-04-27T17:47:18.738052Z"},"nsu=http://opcfoundation.org/UA/Plc/Applications;s=RandomSignedInt32":{"Value":-1980726783,"SourceTimestamp":"2024-04-27T17:47:19.5419822Z","ServerTimestamp":"2024-04-27T17:47:19.5419935Z"},"nsu=http://opcfoundation.org/UA/Plc/Applications;s=RandomUnsignedInt32":{"Value":836209463,"SourceTimestamp":"2024-04-27T17:47:19.5419785Z","ServerTimestamp":"2024-04-27T17:47:19.5419799Z"},"nsu=http://opcfoundation.org/UA/Plc/Applications;s=DipData":{"Value":-84.432792550201498,"SourceTimestamp":"2024-04-27T17:47:19.5419742Z","ServerTimestamp":"2024-04-27T17:47:19.5419756Z"},"nsu=http://opcfoundation.org/UA/Plc/Applications;s=FastUIntScalar1":{"Value":90,"SourceTimestamp":"2024-04-27T17:47:18.6316852Z","ServerTimestamp":"2024-04-27T17:47:18.6316892Z"}}]