[{"nsu=http://opcfoundation.org/UA/Plc/Applications;s=FastUIntScalar2":{"Value":90,"SourceTimestamp":"2024-04-27T17:47:18.6317095Z","ServerTimestamp":"2024-04-27T17:47:18.6317122Z"},"nsu=http://opcfoundation.org/UA/Plc/Applications;s=FastUIntScalar3":{"Value":90,"SourceTimestamp":"2024-04-27T17:47:18.6317248Z","ServerTimestamp":"2024-04-27T17:47:18.6317254Z"},"nsu=http://opcfoundation.org/UA/Plc/Applications;s=FastRandomUIntScalar1":{"Value":2986266769,"SourceTimestamp":"2024-04-27T17:47:18.6316019Z","ServerTimestamp":"2024-04-27T17:47:18.6316028Z"},"nsu=http://opcfoundation.org/UA/Plc/Applications;s=FastRandomUIntScalar2":{"Value":2508554591,"SourceTimestamp":"2024-04-27T17:47:18.6316045Z","ServerTimestamp":"2024-04-27T17:47:18.6316049Z"},"nsu=http://opcfoundation.org/UA/Plc/Applications;s=FastRandomUIntScalar3":{"Value":2696593404,"SourceTimestamp":"2024-04-27T17:47:18.631606Z","ServerTimestamp":"2024-04-27T17:47:18.6316065Z"}}]