[{"nsu=http://opcfoundation.org/UA/Plc/Applications;s=StepUp":{"Value":919,"SourceTimestamp":"2024-04-27T17:47:20.5362873Z","ServerTimestamp":"2024-04-27T17:47:20.5362979Z"},"nsu=http://opcfoundation.org/UA/Plc/Applications;s=RandomSignedInt32":{"Value":1952351886,"SourceTimestamp":"2024-04-27T17:47:20.5362838Z","ServerTimestamp":"2024-04-27T17:47:20.5362862Z"},"nsu=http://opcfoundation.org/UA/Plc/Applications;s=RandomUnsignedInt32":{"Value":303143968,"SourceTimestamp":"2024-04-27T17:47:20.5362833Z","ServerTimestamp":"2024-04-27T17:47:20.536284Z"},"nsu=http://opcfoundation.org/UA/Plc/Applications;s=DipData":{"Value":-77.051324277578942,"SourceTimestamp":"2024-04-27T17:47:20.5362777Z","ServerTimestamp":"2024-04-27T17:47:20.5362801Z"},"nsu=http://opcfoundation.org/UA/Plc/Applications;s=FastUIntScalar1":{"Value":91,"SourceTimestamp":"2024-04-27T17:47:19.6352101Z","ServerTimestamp":"2024-04-27T17:47:19.6352123Z"}}]