[{"nsu=http://opcfoundation.org/UA/Plc/Applications;s=StepUp":{"Value":948,"SourceTimestamp":"2024-04-27T17:47:23.4385585Z","ServerTimestamp":"2024-04-27T17:47:23.4385607Z"},"nsu=http://opcfoundation.org/UA/Plc/Applications;s=RandomSignedInt32":{"Value":-995998733,"SourceTimestamp":"2024-04-27T17:47:23.4385381Z","ServerTimestamp":"2024-04-27T17:47:23.4385688Z"},"nsu=http://opcfoundation.org/UA/Plc/Applications;s=RandomUnsignedInt32":{"Value":1163649627,"SourceTimestamp":"2024-04-27T17:47:23.4385348Z","ServerTimestamp":"2024-04-27T17:47:23.4385358Z"},"nsu=http://opcfoundation.org/UA/Plc/Applications;s=DipData":{"Value":36.812455268467801,"SourceTimestamp":"2024-04-27T17:47:23.4385492Z","ServerTimestamp":"2024-04-27T17:47:23.4385543Z"},"nsu=http://opcfoundation.org/UA/Plc/Applications;s=FastUIntScalar1":{"Value":94,"SourceTimestamp":"2024-04-27T17:47:22.6430873Z","ServerTimestamp":"2024-04-27T17:47:22.6430909Z"}}]