[{"nsu=http://opcfoundation.org/UA/Plc/Applications;s=FastUIntScalar2":{"Value":94,"SourceTimestamp":"2024-04-27T17:47:22.6431262Z","ServerTimestamp":"2024-04-27T17:47:22.6431325Z"},"nsu=http://opcfoundation.org/UA/Plc/Applications;s=FastUIntScalar3":{"Value":94,"SourceTimestamp":"2024-04-27T17:47:22.6431355Z","ServerTimestamp":"2024-04-27T17:47:22.6431369Z"},"nsu=http://opcfoundation.org/UA/Plc/Applications;s=FastRandomUIntScalar1":{"Value":3250521630,"SourceTimestamp":"2024-04-27T17:47:22.6431191Z","ServerTimestamp":"2024-04-27T17:47:22.6431263Z"},"nsu=http://opcfoundation.org/UA/Plc/Applications;s=FastRandomUIntScalar2":{"Value":3112048821,"SourceTimestamp":"2024-04-27T17:47:22.6431321Z","ServerTimestamp":"2024-04-27T17:47:22.6431349Z"},"nsu=http://opcfoundation.org/UA/Plc/Applications;s=FastRandomUIntScalar3":{"Value":921363235,"SourceTimestamp":"2024-04-27T17:47:22.643137Z","ServerTimestamp":"2024-04-27T17:47:22.6431566Z"}}]