[{"nsu=http://opcfoundation.org/UA/Plc/Applications;s=FastUIntScalar2":{"Value":95,"SourceTimestamp":"2024-04-27T17:47:23.6378954Z","ServerTimestamp":"2024-04-27T17:47:23.637896Z"},"nsu=http://opcfoundation.org/UA/Plc/Applications;s=FastUIntScalar3":{"Value":95,"SourceTimestamp":"2024-04-27T17:47:23.6378976Z","ServerTimestamp":"2024-04-27T17:47:23.6378981Z"},"nsu=http://opcfoundation.org/UA/Plc/Applications;s=FastRandomUIntScalar1":{"Value":309900605,"SourceTimestamp":"2024-04-27T17:47:23.6379111Z","ServerTimestamp":"2024-04-27T17:47:23.6379149Z"},"nsu=http://opcfoundation.org/UA/Plc/Applications;s=FastRandomUIntScalar2":{"Value":1925113419,"SourceTimestamp":"2024-04-27T17:47:23.6379275Z","ServerTimestamp":"2024-04-27T17:47:23.6379286Z"},"nsu=http://opcfoundation.org/UA/Plc/Applications;s=FastRandomUIntScalar3":{"Value":2468184778,"SourceTimestamp":"2024-04-27T17:47:23.6379307Z","ServerTimestamp":"2024-04-27T17:47:23.637932Z"}}]