[{"nsu=http://opcfoundation.org/UA/Plc/Applications;s=StepUp":{"Value":998,"SourceTimestamp":"2024-04-27T17:47:28.4433585Z","ServerTimestamp":"2024-04-27T17:47:28.4433606Z"},"nsu=http://opcfoundation.org/UA/Plc/Applications;s=RandomSignedInt32":{"Value":1329735595,"SourceTimestamp":"2024-04-27T17:47:28.4433524Z","ServerTimestamp":"2024-04-27T17:47:28.4433567Z"},"nsu=http://opcfoundation.org/UA/Plc/Applications;s=RandomUnsignedInt32":{"Value":1444707540,"SourceTimestamp":"2024-04-27T17:47:28.4433502Z","ServerTimestamp":"2024-04-27T17:47:28.4433518Z"},"nsu=http://opcfoundation.org/UA/Plc/Applications;s=DipData":{"Value":36.812455268467801,"SourceTimestamp":"2024-04-27T17:47:28.443342Z","ServerTimestamp":"2024-04-27T17:47:28.4433456Z"},"nsu=http://opcfoundation.org/UA/Plc/Applications;s=FastUIntScalar1":{"Value":99,"SourceTimestamp":"2024-04-27T17:47:27.6387581Z","ServerTimestamp":"2024-04-27T17:47:27.638762Z"}}]