[{"nsu=http://opcfoundation.org/UA/Plc/Applications;s=FastUIntScalar2":{"Value":99,"SourceTimestamp":"2024-04-27T17:47:27.6387962Z","ServerTimestamp":"2024-04-27T17:47:27.6388313Z"},"nsu=http://opcfoundation.org/UA/Plc/Applications;s=FastUIntScalar3":{"Value":99,"SourceTimestamp":"2024-04-27T17:47:27.6388349Z","ServerTimestamp":"2024-04-27T17:47:27.6388382Z"},"nsu=http://opcfoundation.org/UA/Plc/Applications;s=FastRandomUIntScalar1":{"Value":1397426569,"SourceTimestamp":"2024-04-27T17:47:27.6387725Z","ServerTimestamp":"2024-04-27T17:47:27.6387961Z"},"nsu=http://opcfoundation.org/UA/Plc/Applications;s=FastRandomUIntScalar2":{"Value":1614062225,"SourceTimestamp":"2024-04-27T17:47:27.6388246Z","ServerTimestamp":"2024-04-27T17:47:27.6388353Z"},"nsu=http://opcfoundation.org/UA/Plc/Applications;s=FastRandomUIntScalar3":{"Value":3057895861,"SourceTimestamp":"2024-04-27T17:47:27.6388375Z","ServerTimestamp":"2024-04-27T17:47:27.6388413Z"}}]