[{"nsu=http://opcfoundation.org/UA/Plc/Applications;s=StepUp":{"Value":1029,"SourceTimestamp":"2024-04-27T17:47:31.529908Z","ServerTimestamp":"2024-04-27T17:47:31.5299385Z"},"nsu=http://opcfoundation.org/UA/Plc/Applications;s=RandomSignedInt32":{"Value":1056995278,"SourceTimestamp":"2024-04-27T17:47:31.5299027Z","ServerTimestamp":"2024-04-27T17:47:31.529904Z"},"nsu=http://opcfoundation.org/UA/Plc/Applications;s=RandomUnsignedInt32":{"Value":166630804,"SourceTimestamp":"2024-04-27T17:47:31.5299107Z","ServerTimestamp":"2024-04-27T17:47:31.529919Z"},"nsu=http://opcfoundation.org/UA/Plc/Applications;s=DipData":{"Value":36.812455268467772,"SourceTimestamp":"2024-04-27T17:47:31.5299073Z","ServerTimestamp":"2024-04-27T17:47:31.5299803Z"},"nsu=http://opcfoundation.org/UA/Plc/Applications;s=FastUIntScalar1":{"Value":102,"SourceTimestamp":"2024-04-27T17:47:30.6312102Z","ServerTimestamp":"2024-04-27T17:47:30.6312197Z"}}]