[{"nsu=http://opcfoundation.org/UA/Plc/Applications;s=FastUIntScalar2":{"Value":102,"SourceTimestamp":"2024-04-27T17:47:30.6312265Z","ServerTimestamp":"2024-04-27T17:47:30.6312277Z"},"nsu=http://opcfoundation.org/UA/Plc/Applications;s=FastUIntScalar3":{"Value":102,"SourceTimestamp":"2024-04-27T17:47:30.631229Z","ServerTimestamp":"2024-04-27T17:47:30.6312301Z"},"nsu=http://opcfoundation.org/UA/Plc/Applications;s=FastRandomUIntScalar1":{"Value":1225213552,"SourceTimestamp":"2024-04-27T17:47:30.6312084Z","ServerTimestamp":"2024-04-27T17:47:30.6312105Z"},"nsu=http://opcfoundation.org/UA/Plc/Applications;s=FastRandomUIntScalar2":{"Value":604961278,"SourceTimestamp":"2024-04-27T17:47:30.6312194Z","ServerTimestamp":"2024-04-27T17:47:30.6312263Z"},"nsu=http://opcfoundation.org/UA/Plc/Applications;s=FastRandomUIntScalar3":{"Value":2019039279,"SourceTimestamp":"2024-04-27T17:47:30.6312279Z","ServerTimestamp":"2024-04-27T17:47:30.6312289Z"}}]