[{"nsu=http://opcfoundation.org/UA/Plc/Applications;s=StepUp":{"Value":1039,"SourceTimestamp":"2024-04-27T17:47:32.536329Z","ServerTimestamp":"2024-04-27T17:47:32.5363302Z"},"nsu=http://opcfoundation.org/UA/Plc/Applications;s=RandomSignedInt32":{"Value":-773939571,"SourceTimestamp":"2024-04-27T17:47:32.5363155Z","ServerTimestamp":"2024-04-27T17:47:32.5363238Z"},"nsu=http://opcfoundation.org/UA/Plc/Applications;s=RandomUnsignedInt32":{"Value":110285049,"SourceTimestamp":"2024-04-27T17:47:32.5363131Z","ServerTimestamp":"2024-04-27T17:47:32.5363138Z"},"nsu=http://opcfoundation.org/UA/Plc/Applications;s=DipData":{"Value":99.80267284282715,"SourceTimestamp":"2024-04-27T17:47:32.443662Z","ServerTimestamp":"2024-04-27T17:47:32.4437624Z"},"nsu=http://opcfoundation.org/UA/Plc/Applications;s=FastUIntScalar1":{"Value":103,"SourceTimestamp":"2024-04-27T17:47:31.6379354Z","ServerTimestamp":"2024-04-27T17:47:31.6379382Z"}}]