[{"nsu=http://opcfoundation.org/UA/Plc/Applications;s=FastUIntScalar2":{"Value":107,"SourceTimestamp":"2024-04-27T17:47:35.6309113Z","ServerTimestamp":"2024-04-27T17:47:35.6309131Z"},"nsu=http://opcfoundation.org/UA/Plc/Applications;s=FastUIntScalar3":{"Value":107,"SourceTimestamp":"2024-04-27T17:47:35.6309153Z","ServerTimestamp":"2024-04-27T17:47:35.6309161Z"},"nsu=http://opcfoundation.org/UA/Plc/Applications;s=FastRandomUIntScalar1":{"Value":899995183,"SourceTimestamp":"2024-04-27T17:47:35.6308341Z","ServerTimestamp":"2024-04-27T17:47:35.6308374Z"},"nsu=http://opcfoundation.org/UA/Plc/Applications;s=FastRandomUIntScalar2":{"Value":1537594133,"SourceTimestamp":"2024-04-27T17:47:35.6308768Z","ServerTimestamp":"2024-04-27T17:47:35.6308778Z"},"nsu=http://opcfoundation.org/UA/Plc/Applications;s=FastRandomUIntScalar3":{"Value":3990367105,"SourceTimestamp":"2024-04-27T17:47:35.6308803Z","ServerTimestamp":"2024-04-27T17:47:35.630911Z"}}]