[{"nsu=http://opcfoundation.org/UA/Plc/Applications;s=FastUIntScalar2":{"Value":108,"SourceTimestamp":"2024-04-27T17:47:36.6339029Z","ServerTimestamp":"2024-04-27T17:47:36.6339084Z"},"nsu=http://opcfoundation.org/UA/Plc/Applications;s=FastUIntScalar3":{"Value":108,"SourceTimestamp":"2024-04-27T17:47:36.6339095Z","ServerTimestamp":"2024-04-27T17:47:36.6339106Z"},"nsu=http://opcfoundation.org/UA/Plc/Applications;s=FastRandomUIntScalar1":{"Value":3567591239,"SourceTimestamp":"2024-04-27T17:47:36.6338941Z","ServerTimestamp":"2024-04-27T17:47:36.6339032Z"},"nsu=http://opcfoundation.org/UA/Plc/Applications;s=FastRandomUIntScalar2":{"Value":2748450494,"SourceTimestamp":"2024-04-27T17:47:36.6339086Z","ServerTimestamp":"2024-04-27T17:47:36.6339094Z"},"nsu=http://opcfoundation.org/UA/Plc/Applications;s=FastRandomUIntScalar3":{"Value":1909030165,"SourceTimestamp":"2024-04-27T17:47:36.6339107Z","ServerTimestamp":"2024-04-27T17:47:36.6339116Z"}}]