[{"nsu=http://opcfoundation.org/UA/Plc/Applications;s=StepUp":{"Value":1099,"SourceTimestamp":"2024-04-27T17:47:38.5342127Z","ServerTimestamp":"2024-04-27T17:47:38.5342164Z"},"nsu=http://opcfoundation.org/UA/Plc/Applications;s=RandomSignedInt32":{"Value":-990451143,"SourceTimestamp":"2024-04-27T17:47:38.534208Z","ServerTimestamp":"2024-04-27T17:47:38.5342138Z"},"nsu=http://opcfoundation.org/UA/Plc/Applications;s=RandomUnsignedInt32":{"Value":549821838,"SourceTimestamp":"2024-04-27T17:47:38.5342071Z","ServerTimestamp":"2024-04-27T17:47:38.5342249Z"},"nsu=http://opcfoundation.org/UA/Plc/Applications;s=DipData":{"Value":24.868988716485479,"SourceTimestamp":"2024-04-27T17:47:38.5342054Z","ServerTimestamp":"2024-04-27T17:47:38.5342069Z"},"nsu=http://opcfoundation.org/UA/Plc/Applications;s=FastUIntScalar1":{"Value":109,"SourceTimestamp":"2024-04-27T17:47:37.6361931Z","ServerTimestamp":"2024-04-27T17:47:37.6361958Z"}}]