[{"nsu=http://opcfoundation.org/UA/Plc/Applications;s=FastUIntScalar2":{"Value":109,"SourceTimestamp":"2024-04-27T17:47:37.6362058Z","ServerTimestamp":"2024-04-27T17:47:37.6362126Z"},"nsu=http://opcfoundation.org/UA/Plc/Applications;s=FastUIntScalar3":{"Value":109,"SourceTimestamp":"2024-04-27T17:47:37.6362142Z","ServerTimestamp":"2024-04-27T17:47:37.6362152Z"},"nsu=http://opcfoundation.org/UA/Plc/Applications;s=FastRandomUIntScalar1":{"Value":3609726748,"SourceTimestamp":"2024-04-27T17:47:37.636198Z","ServerTimestamp":"2024-04-27T17:47:37.6362061Z"},"nsu=http://opcfoundation.org/UA/Plc/Applications;s=FastRandomUIntScalar2":{"Value":1241416080,"SourceTimestamp":"2024-04-27T17:47:37.6362127Z","ServerTimestamp":"2024-04-27T17:47:37.6362141Z"},"nsu=http://opcfoundation.org/UA/Plc/Applications;s=FastRandomUIntScalar3":{"Value":122243809,"SourceTimestamp":"2024-04-27T17:47:37.6362152Z","ServerTimestamp":"2024-04-27T17:47:37.6362198Z"}}]