[{"nsu=http://opcfoundation.org/UA/Plc/Applications;s=SlowRandomUIntScalar1":{"Value":3394329524,"SourceTimestamp":"2024-04-27T17:47:38.6433286Z","ServerTimestamp":"2024-04-27T17:47:38.6433296Z"},"nsu=http://opcfoundation.org/UA/Plc/Applications;s=SlowRandomUIntScalar2":{"Value":598845542,"SourceTimestamp":"2024-04-27T17:47:38.6433313Z","ServerTimestamp":"2024-04-27T17:47:38.6433318Z"},"nsu=http://opcfoundation.org/UA/Plc/Applications;s=SlowRandomUIntScalar3":{"Value":3777059893,"SourceTimestamp":"2024-04-27T17:47:38.6433329Z","ServerTimestamp":"2024-04-27T17:47:38.6433723Z"},"nsu=http://opcfoundation.org/UA/Plc/Applications;s=BadSlowRandomUIntScalar1":{"Value":1956153110,"SourceTimestamp":"2024-04-27T17:47:38.6433748Z","ServerTimestamp":"2024-04-27T17:47:38.6433754Z"}}]