[{"nsu=http://opcfoundation.org/UA/Plc/Applications;s=StepUp":{"Value":1128,"SourceTimestamp":"2024-04-27T17:47:41.4413326Z","ServerTimestamp":"2024-04-27T17:47:41.4413341Z"},"nsu=http://opcfoundation.org/UA/Plc/Applications;s=RandomSignedInt32":{"Value":-1105999787,"SourceTimestamp":"2024-04-27T17:47:41.4413133Z","ServerTimestamp":"2024-04-27T17:47:41.4413193Z"},"nsu=http://opcfoundation.org/UA/Plc/Applications;s=RandomUnsignedInt32":{"Value":822782737,"SourceTimestamp":"2024-04-27T17:47:41.4413127Z","ServerTimestamp":"2024-04-27T17:47:41.4413574Z"},"nsu=http://opcfoundation.org/UA/Plc/Applications;s=DipData":{"Value":24.868988716485482,"SourceTimestamp":"2024-04-27T17:47:41.4413124Z","ServerTimestamp":"2024-04-27T17:47:41.4413419Z"},"nsu=http://opcfoundation.org/UA/Plc/Applications;s=FastUIntScalar1":{"Value":112,"SourceTimestamp":"2024-04-27T17:47:40.6361345Z","ServerTimestamp":"2024-04-27T17:47:40.636138Z"}}]