[{"nsu=http://opcfoundation.org/UA/Plc/Applications;s=FastUIntScalar2":{"Value":112,"SourceTimestamp":"2024-04-27T17:47:40.6361524Z","ServerTimestamp":"2024-04-27T17:47:40.6361652Z"},"nsu=http://opcfoundation.org/UA/Plc/Applications;s=FastUIntScalar3":{"Value":112,"SourceTimestamp":"2024-04-27T17:47:40.6361681Z","ServerTimestamp":"2024-04-27T17:47:40.6361902Z"},"nsu=http://opcfoundation.org/UA/Plc/Applications;s=FastRandomUIntScalar1":{"Value":733881717,"SourceTimestamp":"2024-04-27T17:47:40.6361448Z","ServerTimestamp":"2024-04-27T17:47:40.636153Z"},"nsu=http://opcfoundation.org/UA/Plc/Applications;s=FastRandomUIntScalar2":{"Value":4212927033,"SourceTimestamp":"2024-04-27T17:47:40.6361655Z","ServerTimestamp":"2024-04-27T17:47:40.6361682Z"},"nsu=http://opcfoundation.org/UA/Plc/Applications;s=FastRandomUIntScalar3":{"Value":2822552883,"SourceTimestamp":"2024-04-27T17:47:40.6361705Z","ServerTimestamp":"2024-04-27T17:47:40.6361717Z"}}]