[{"nsu=http://opcfoundation.org/UA/Plc/Applications;s=FastUIntScalar2":{"Value":116,"SourceTimestamp":"2024-04-27T17:47:44.6389043Z","ServerTimestamp":"2024-04-27T17:47:44.6389165Z"},"nsu=http://opcfoundation.org/UA/Plc/Applications;s=FastUIntScalar3":{"Value":116,"SourceTimestamp":"2024-04-27T17:47:44.6389195Z","ServerTimestamp":"2024-04-27T17:47:44.638921Z"},"nsu=http://opcfoundation.org/UA/Plc/Applications;s=FastRandomUIntScalar1":{"Value":925815583,"SourceTimestamp":"2024-04-27T17:47:44.6388932Z","ServerTimestamp":"2024-04-27T17:47:44.6389047Z"},"nsu=http://opcfoundation.org/UA/Plc/Applications;s=FastRandomUIntScalar2":{"Value":114302781,"SourceTimestamp":"2024-04-27T17:47:44.638916Z","ServerTimestamp":"2024-04-27T17:47:44.6389354Z"},"nsu=http://opcfoundation.org/UA/Plc/Applications;s=FastRandomUIntScalar3":{"Value":4059258803,"SourceTimestamp":"2024-04-27T17:47:44.6389371Z","ServerTimestamp":"2024-04-27T17:47:44.6389381Z"}}]