[{"nsu=http://opcfoundation.org/UA/Plc/Applications;s=FastUIntScalar2":{"Value":118,"SourceTimestamp":"2024-04-27T17:47:46.6358111Z","ServerTimestamp":"2024-04-27T17:47:46.6358385Z"},"nsu=http://opcfoundation.org/UA/Plc/Applications;s=FastUIntScalar3":{"Value":118,"SourceTimestamp":"2024-04-27T17:47:46.6358419Z","ServerTimestamp":"2024-04-27T17:47:46.635846Z"},"nsu=http://opcfoundation.org/UA/Plc/Applications;s=FastRandomUIntScalar1":{"Value":1828690359,"SourceTimestamp":"2024-04-27T17:47:46.6357788Z","ServerTimestamp":"2024-04-27T17:47:46.6357831Z"},"nsu=http://opcfoundation.org/UA/Plc/Applications;s=FastRandomUIntScalar2":{"Value":3722876673,"SourceTimestamp":"2024-04-27T17:47:46.6357973Z","ServerTimestamp":"2024-04-27T17:47:46.6358115Z"},"nsu=http://opcfoundation.org/UA/Plc/Applications;s=FastRandomUIntScalar3":{"Value":3302188951,"SourceTimestamp":"2024-04-27T17:47:46.6358139Z","ServerTimestamp":"2024-04-27T17:47:46.6358152Z"}}]