[{"nsu=http://opcfoundation.org/UA/Plc/Applications;s=StepUp":{"Value":128,"SourceTimestamp":"2024-04-27T17:46:01.4435729Z","ServerTimestamp":"2024-04-27T17:46:01.4435743Z"},"nsu=http://opcfoundation.org/UA/Plc/Applications;s=RandomSignedInt32":{"Value":1980935626,"SourceTimestamp":"2024-04-27T17:46:01.4435657Z","ServerTimestamp":"2024-04-27T17:46:01.4435665Z"},"nsu=http://opcfoundation.org/UA/Plc/Applications;s=RandomUnsignedInt32":{"Value":1512739414,"SourceTimestamp":"2024-04-27T17:46:01.443566Z","ServerTimestamp":"2024-04-27T17:46:01.4435695Z"},"nsu=http://opcfoundation.org/UA/Plc/Applications;s=DipData":{"Value":24.868988716485482,"SourceTimestamp":"2024-04-27T17:46:01.4435798Z","ServerTimestamp":"2024-04-27T17:46:01.4435818Z"},"nsu=http://opcfoundation.org/UA/Plc/Applications;s=FastUIntScalar1":{"Value":12,"SourceTimestamp":"2024-04-27T17:46:00.6391365Z","ServerTimestamp":"2024-04-27T17:46:00.6391448Z"}}]