[{"nsu=http://opcfoundation.org/UA/Plc/Applications;s=FastUIntScalar2":{"Value":14,"SourceTimestamp":"2024-04-27T17:46:02.6425257Z","ServerTimestamp":"2024-04-27T17:46:02.6425313Z"},"nsu=http://opcfoundation.org/UA/Plc/Applications;s=FastUIntScalar3":{"Value":14,"SourceTimestamp":"2024-04-27T17:46:02.6425328Z","ServerTimestamp":"2024-04-27T17:46:02.6425341Z"},"nsu=http://opcfoundation.org/UA/Plc/Applications;s=FastRandomUIntScalar1":{"Value":1118886992,"SourceTimestamp":"2024-04-27T17:46:02.6425175Z","ServerTimestamp":"2024-04-27T17:46:02.6425258Z"},"nsu=http://opcfoundation.org/UA/Plc/Applications;s=FastRandomUIntScalar2":{"Value":2202087844,"SourceTimestamp":"2024-04-27T17:46:02.6425314Z","ServerTimestamp":"2024-04-27T17:46:02.6425329Z"},"nsu=http://opcfoundation.org/UA/Plc/Applications;s=FastRandomUIntScalar3":{"Value":1228825317,"SourceTimestamp":"2024-04-27T17:46:02.6425341Z","ServerTimestamp":"2024-04-27T17:46:02.642535Z"}}]