[{"nsu=http://opcfoundation.org/UA/Plc/Applications;s=StepUp":{"Value":169,"SourceTimestamp":"2024-04-27T17:46:05.5427244Z","ServerTimestamp":"2024-04-27T17:46:05.5427337Z"},"nsu=http://opcfoundation.org/UA/Plc/Applications;s=RandomSignedInt32":{"Value":-1555159857,"SourceTimestamp":"2024-04-27T17:46:05.5427205Z","ServerTimestamp":"2024-04-27T17:46:05.5427248Z"},"nsu=http://opcfoundation.org/UA/Plc/Applications;s=RandomUnsignedInt32":{"Value":1306380974,"SourceTimestamp":"2024-04-27T17:46:05.5427264Z","ServerTimestamp":"2024-04-27T17:46:05.542728Z"},"nsu=http://opcfoundation.org/UA/Plc/Applications;s=DipData":{"Value":-77.051324277578942,"SourceTimestamp":"2024-04-27T17:46:05.5427139Z","ServerTimestamp":"2024-04-27T17:46:05.542718Z"},"nsu=http://opcfoundation.org/UA/Plc/Applications;s=FastUIntScalar1":{"Value":16,"SourceTimestamp":"2024-04-27T17:46:04.6381214Z","ServerTimestamp":"2024-04-27T17:46:04.6381244Z"}}]