[{"nsu=http://opcfoundation.org/UA/Plc/Applications;s=FastUIntScalar2":{"Value":16,"SourceTimestamp":"2024-04-27T17:46:04.6381364Z","ServerTimestamp":"2024-04-27T17:46:04.6381374Z"},"nsu=http://opcfoundation.org/UA/Plc/Applications;s=FastUIntScalar3":{"Value":16,"SourceTimestamp":"2024-04-27T17:46:04.6381398Z","ServerTimestamp":"2024-04-27T17:46:04.6381407Z"},"nsu=http://opcfoundation.org/UA/Plc/Applications;s=FastRandomUIntScalar1":{"Value":1620445893,"SourceTimestamp":"2024-04-27T17:46:04.6381497Z","ServerTimestamp":"2024-04-27T17:46:04.638153Z"},"nsu=http://opcfoundation.org/UA/Plc/Applications;s=FastRandomUIntScalar2":{"Value":3842662932,"SourceTimestamp":"2024-04-27T17:46:04.6381646Z","ServerTimestamp":"2024-04-27T17:46:04.6381658Z"},"nsu=http://opcfoundation.org/UA/Plc/Applications;s=FastRandomUIntScalar3":{"Value":4124096060,"SourceTimestamp":"2024-04-27T17:46:04.6381686Z","ServerTimestamp":"2024-04-27T17:46:04.6381697Z"}}]