[{"nsu=http://opcfoundation.org/UA/Plc/Applications;s=StepUp":{"Value":179,"SourceTimestamp":"2024-04-27T17:46:06.53688Z","ServerTimestamp":"2024-04-27T17:46:06.536903Z"},"nsu=http://opcfoundation.org/UA/Plc/Applications;s=RandomSignedInt32":{"Value":1521394760,"SourceTimestamp":"2024-04-27T17:46:06.5368896Z","ServerTimestamp":"2024-04-27T17:46:06.5369148Z"},"nsu=http://opcfoundation.org/UA/Plc/Applications;s=RandomUnsignedInt32":{"Value":412447901,"SourceTimestamp":"2024-04-27T17:46:06.5368708Z","ServerTimestamp":"2024-04-27T17:46:06.5368722Z"},"nsu=http://opcfoundation.org/UA/Plc/Applications;s=DipData":{"Value":36.812455268467772,"SourceTimestamp":"2024-04-27T17:46:06.5368588Z","ServerTimestamp":"2024-04-27T17:46:06.5368656Z"},"nsu=http://opcfoundation.org/UA/Plc/Applications;s=FastUIntScalar1":{"Value":17,"SourceTimestamp":"2024-04-27T17:46:05.6346032Z","ServerTimestamp":"2024-04-27T17:46:05.6346109Z"}}]