[{"nsu=http://opcfoundation.org/UA/Plc/Applications;s=StepUp":{"Value":188,"SourceTimestamp":"2024-04-27T17:46:07.4352273Z","ServerTimestamp":"2024-04-27T17:46:07.4352281Z"},"nsu=http://opcfoundation.org/UA/Plc/Applications;s=RandomSignedInt32":{"Value":690244496,"SourceTimestamp":"2024-04-27T17:46:07.4352171Z","ServerTimestamp":"2024-04-27T17:46:07.4352222Z"},"nsu=http://opcfoundation.org/UA/Plc/Applications;s=RandomUnsignedInt32":{"Value":2038935512,"SourceTimestamp":"2024-04-27T17:46:07.4352131Z","ServerTimestamp":"2024-04-27T17:46:07.4352369Z"},"nsu=http://opcfoundation.org/UA/Plc/Applications;s=DipData":{"Value":99.80267284282715,"SourceTimestamp":"2024-04-27T17:46:07.4352116Z","ServerTimestamp":"2024-04-27T17:46:07.4352124Z"},"nsu=http://opcfoundation.org/UA/Plc/Applications;s=FastUIntScalar1":{"Value":18,"SourceTimestamp":"2024-04-27T17:46:06.6444324Z","ServerTimestamp":"2024-04-27T17:46:06.6444359Z"}}]