[{"nsu=http://opcfoundation.org/UA/Plc/Applications;s=FastUIntScalar2":{"Value":18,"SourceTimestamp":"2024-04-27T17:46:06.6444491Z","ServerTimestamp":"2024-04-27T17:46:06.6444504Z"},"nsu=http://opcfoundation.org/UA/Plc/Applications;s=FastUIntScalar3":{"Value":18,"SourceTimestamp":"2024-04-27T17:46:06.644453Z","ServerTimestamp":"2024-04-27T17:46:06.644454Z"},"nsu=http://opcfoundation.org/UA/Plc/Applications;s=FastRandomUIntScalar1":{"Value":3931310019,"SourceTimestamp":"2024-04-27T17:46:06.6444716Z","ServerTimestamp":"2024-04-27T17:46:06.6444751Z"},"nsu=http://opcfoundation.org/UA/Plc/Applications;s=FastRandomUIntScalar2":{"Value":2500964814,"SourceTimestamp":"2024-04-27T17:46:06.6444868Z","ServerTimestamp":"2024-04-27T17:46:06.644488Z"},"nsu=http://opcfoundation.org/UA/Plc/Applications;s=FastRandomUIntScalar3":{"Value":408860642,"SourceTimestamp":"2024-04-27T17:46:06.64449Z","ServerTimestamp":"2024-04-27T17:46:06.644491Z"}}]