[{"nsu=http://opcfoundation.org/UA/Plc/Applications;s=StepUp":{"Value":198,"SourceTimestamp":"2024-04-27T17:46:08.4416214Z","ServerTimestamp":"2024-04-27T17:46:08.4416362Z"},"nsu=http://opcfoundation.org/UA/Plc/Applications;s=RandomSignedInt32":{"Value":-532818531,"SourceTimestamp":"2024-04-27T17:46:08.4415844Z","ServerTimestamp":"2024-04-27T17:46:08.4416694Z"},"nsu=http://opcfoundation.org/UA/Plc/Applications;s=RandomUnsignedInt32":{"Value":2099231717,"SourceTimestamp":"2024-04-27T17:46:08.4415819Z","ServerTimestamp":"2024-04-27T17:46:08.4415833Z"},"nsu=http://opcfoundation.org/UA/Plc/Applications;s=DipData":{"Value":36.812455268467801,"SourceTimestamp":"2024-04-27T17:46:08.441572Z","ServerTimestamp":"2024-04-27T17:46:08.4415772Z"},"nsu=http://opcfoundation.org/UA/Plc/Applications;s=FastUIntScalar1":{"Value":19,"SourceTimestamp":"2024-04-27T17:46:07.6365733Z","ServerTimestamp":"2024-04-27T17:46:07.6365765Z"}}]