[{"nsu=http://opcfoundation.org/UA/Plc/Applications;s=FastUIntScalar2":{"Value":20,"SourceTimestamp":"2024-04-27T17:46:08.6406433Z","ServerTimestamp":"2024-04-27T17:46:08.6406453Z"},"nsu=http://opcfoundation.org/UA/Plc/Applications;s=FastUIntScalar3":{"Value":20,"SourceTimestamp":"2024-04-27T17:46:08.6406472Z","ServerTimestamp":"2024-04-27T17:46:08.6406492Z"},"nsu=http://opcfoundation.org/UA/Plc/Applications;s=FastRandomUIntScalar1":{"Value":3888158541,"SourceTimestamp":"2024-04-27T17:46:08.6406341Z","ServerTimestamp":"2024-04-27T17:46:08.6406351Z"},"nsu=http://opcfoundation.org/UA/Plc/Applications;s=FastRandomUIntScalar2":{"Value":3328583796,"SourceTimestamp":"2024-04-27T17:46:08.6406372Z","ServerTimestamp":"2024-04-27T17:46:08.6406436Z"},"nsu=http://opcfoundation.org/UA/Plc/Applications;s=FastRandomUIntScalar3":{"Value":1229223128,"SourceTimestamp":"2024-04-27T17:46:08.6406453Z","ServerTimestamp":"2024-04-27T17:46:08.6406474Z"}}]