[{"nsu=http://opcfoundation.org/UA/Plc/Applications;s=SlowUIntScalar1":{"Value":2,"SourceTimestamp":"2024-04-27T17:46:08.6405876Z","ServerTimestamp":"2024-04-27T17:46:08.6405915Z"},"nsu=http://opcfoundation.org/UA/Plc/Applications;s=SlowUIntScalar2":{"Value":2,"SourceTimestamp":"2024-04-27T17:46:08.6406068Z","ServerTimestamp":"2024-04-27T17:46:08.6406185Z"},"nsu=http://opcfoundation.org/UA/Plc/Applications;s=SlowUIntScalar3":{"Value":2,"SourceTimestamp":"2024-04-27T17:46:08.6406212Z","ServerTimestamp":"2024-04-27T17:46:08.6406236Z"},"nsu=http://opcfoundation.org/UA/Plc/Applications;s=BadSlowUIntScalar1":{"Value":2,"SourceTimestamp":"2024-04-27T17:46:08.6406262Z","ServerTimestamp":"2024-04-27T17:46:08.6406276Z"}}]