[{"nsu=http://opcfoundation.org/UA/Plc/Applications;s=StepUp":{"Value":218,"SourceTimestamp":"2024-04-27T17:46:10.4334742Z","ServerTimestamp":"2024-04-27T17:46:10.4334755Z"},"nsu=http://opcfoundation.org/UA/Plc/Applications;s=RandomSignedInt32":{"Value":364516637,"SourceTimestamp":"2024-04-27T17:46:10.4334696Z","ServerTimestamp":"2024-04-27T17:46:10.4334704Z"},"nsu=http://opcfoundation.org/UA/Plc/Applications;s=RandomUnsignedInt32":{"Value":1823713528,"SourceTimestamp":"2024-04-27T17:46:10.43347Z","ServerTimestamp":"2024-04-27T17:46:10.433473Z"},"nsu=http://opcfoundation.org/UA/Plc/Applications;s=DipData":{"Value":-84.432792550201526,"SourceTimestamp":"2024-04-27T17:46:10.4334732Z","ServerTimestamp":"2024-04-27T17:46:10.4334774Z"},"nsu=http://opcfoundation.org/UA/Plc/Applications;s=FastUIntScalar1":{"Value":21,"SourceTimestamp":"2024-04-27T17:46:09.6424117Z","ServerTimestamp":"2024-04-27T17:46:09.6424133Z"}}]