[{"nsu=http://opcfoundation.org/UA/Plc/Applications;s=FastUIntScalar2":{"Value":22,"SourceTimestamp":"2024-04-27T17:46:10.6350947Z","ServerTimestamp":"2024-04-27T17:46:10.6351016Z"},"nsu=http://opcfoundation.org/UA/Plc/Applications;s=FastUIntScalar3":{"Value":22,"SourceTimestamp":"2024-04-27T17:46:10.6351044Z","ServerTimestamp":"2024-04-27T17:46:10.6351059Z"},"nsu=http://opcfoundation.org/UA/Plc/Applications;s=FastRandomUIntScalar1":{"Value":730177541,"SourceTimestamp":"2024-04-27T17:46:10.6350903Z","ServerTimestamp":"2024-04-27T17:46:10.6350957Z"},"nsu=http://opcfoundation.org/UA/Plc/Applications;s=FastRandomUIntScalar2":{"Value":1889884351,"SourceTimestamp":"2024-04-27T17:46:10.6351012Z","ServerTimestamp":"2024-04-27T17:46:10.6351039Z"},"nsu=http://opcfoundation.org/UA/Plc/Applications;s=FastRandomUIntScalar3":{"Value":2161191758,"SourceTimestamp":"2024-04-27T17:46:10.6351062Z","ServerTimestamp":"2024-04-27T17:46:10.6351079Z"}}]