[{"nsu=http://opcfoundation.org/UA/Plc/Applications;s=FastUIntScalar2":{"Value":23,"SourceTimestamp":"2024-04-27T17:46:11.6355541Z","ServerTimestamp":"2024-04-27T17:46:11.6355547Z"},"nsu=http://opcfoundation.org/UA/Plc/Applications;s=FastUIntScalar3":{"Value":23,"SourceTimestamp":"2024-04-27T17:46:11.6355564Z","ServerTimestamp":"2024-04-27T17:46:11.6355569Z"},"nsu=http://opcfoundation.org/UA/Plc/Applications;s=FastRandomUIntScalar1":{"Value":358231740,"SourceTimestamp":"2024-04-27T17:46:11.6355552Z","ServerTimestamp":"2024-04-27T17:46:11.6355583Z"},"nsu=http://opcfoundation.org/UA/Plc/Applications;s=FastRandomUIntScalar2":{"Value":771289903,"SourceTimestamp":"2024-04-27T17:46:11.6355722Z","ServerTimestamp":"2024-04-27T17:46:11.6355728Z"},"nsu=http://opcfoundation.org/UA/Plc/Applications;s=FastRandomUIntScalar3":{"Value":1782436481,"SourceTimestamp":"2024-04-27T17:46:11.6355739Z","ServerTimestamp":"2024-04-27T17:46:11.6355744Z"}}]