[{"nsu=http://opcfoundation.org/UA/Plc/Applications;s=FastUIntScalar2":{"Value":25,"SourceTimestamp":"2024-04-27T17:46:13.6309235Z","ServerTimestamp":"2024-04-27T17:46:13.6309295Z"},"nsu=http://opcfoundation.org/UA/Plc/Applications;s=FastUIntScalar3":{"Value":25,"SourceTimestamp":"2024-04-27T17:46:13.6309309Z","ServerTimestamp":"2024-04-27T17:46:13.6309319Z"},"nsu=http://opcfoundation.org/UA/Plc/Applications;s=FastRandomUIntScalar1":{"Value":910259456,"SourceTimestamp":"2024-04-27T17:46:13.630918Z","ServerTimestamp":"2024-04-27T17:46:13.6309238Z"},"nsu=http://opcfoundation.org/UA/Plc/Applications;s=FastRandomUIntScalar2":{"Value":1898086668,"SourceTimestamp":"2024-04-27T17:46:13.6309297Z","ServerTimestamp":"2024-04-27T17:46:13.6309309Z"},"nsu=http://opcfoundation.org/UA/Plc/Applications;s=FastRandomUIntScalar3":{"Value":1367039712,"SourceTimestamp":"2024-04-27T17:46:13.630932Z","ServerTimestamp":"2024-04-27T17:46:13.6309329Z"}}]