[{"nsu=http://opcfoundation.org/UA/Plc/Applications;s=StepUp":{"Value":269,"SourceTimestamp":"2024-04-27T17:46:15.5424809Z","ServerTimestamp":"2024-04-27T17:46:15.5424847Z"},"nsu=http://opcfoundation.org/UA/Plc/Applications;s=RandomSignedInt32":{"Value":682685736,"SourceTimestamp":"2024-04-27T17:46:15.5424768Z","ServerTimestamp":"2024-04-27T17:46:15.5424825Z"},"nsu=http://opcfoundation.org/UA/Plc/Applications;s=RandomUnsignedInt32":{"Value":1401337115,"SourceTimestamp":"2024-04-27T17:46:15.5424749Z","ServerTimestamp":"2024-04-27T17:46:15.5424765Z"},"nsu=http://opcfoundation.org/UA/Plc/Applications;s=DipData":{"Value":-77.051324277578942,"SourceTimestamp":"2024-04-27T17:46:15.5424746Z","ServerTimestamp":"2024-04-27T17:46:15.5424888Z"},"nsu=http://opcfoundation.org/UA/Plc/Applications;s=FastUIntScalar1":{"Value":26,"SourceTimestamp":"2024-04-27T17:46:14.6399597Z","ServerTimestamp":"2024-04-27T17:46:14.6399707Z"}}]