[{"nsu=http://opcfoundation.org/UA/Plc/Applications;s=FastUIntScalar2":{"Value":29,"SourceTimestamp":"2024-04-27T17:46:17.635911Z","ServerTimestamp":"2024-04-27T17:46:17.6359124Z"},"nsu=http://opcfoundation.org/UA/Plc/Applications;s=FastUIntScalar3":{"Value":29,"SourceTimestamp":"2024-04-27T17:46:17.6359142Z","ServerTimestamp":"2024-04-27T17:46:17.6359149Z"},"nsu=http://opcfoundation.org/UA/Plc/Applications;s=FastRandomUIntScalar1":{"Value":2589077779,"SourceTimestamp":"2024-04-27T17:46:17.6358944Z","ServerTimestamp":"2024-04-27T17:46:17.6358962Z"},"nsu=http://opcfoundation.org/UA/Plc/Applications;s=FastRandomUIntScalar2":{"Value":2540544610,"SourceTimestamp":"2024-04-27T17:46:17.6359043Z","ServerTimestamp":"2024-04-27T17:46:17.6359111Z"},"nsu=http://opcfoundation.org/UA/Plc/Applications;s=FastRandomUIntScalar3":{"Value":66499929,"SourceTimestamp":"2024-04-27T17:46:17.6359123Z","ServerTimestamp":"2024-04-27T17:46:17.6359141Z"}}]