[{"nsu=http://opcfoundation.org/UA/Plc/Applications;s=SlowRandomUIntScalar1":{"Value":3149930407,"SourceTimestamp":"2024-04-27T17:46:18.6312081Z","ServerTimestamp":"2024-04-27T17:46:18.6312097Z"},"nsu=http://opcfoundation.org/UA/Plc/Applications;s=SlowRandomUIntScalar2":{"Value":1430682941,"SourceTimestamp":"2024-04-27T17:46:18.6312152Z","ServerTimestamp":"2024-04-27T17:46:18.6312158Z"},"nsu=http://opcfoundation.org/UA/Plc/Applications;s=SlowRandomUIntScalar3":{"Value":4119212430,"SourceTimestamp":"2024-04-27T17:46:18.6312172Z","ServerTimestamp":"2024-04-27T17:46:18.6312177Z"},"nsu=http://opcfoundation.org/UA/Plc/Applications;s=BadSlowRandomUIntScalar1":{"Value":3947128300,"SourceTimestamp":"2024-04-27T17:46:18.6312187Z","ServerTimestamp":"2024-04-27T17:46:18.6312188Z"}}]