{"NodeId":"nsu=http://opcfoundation.org/UA/Plc/Applications;s=NegativeTrendData","EndpointUrl":"opc.tcp://localhost:61457/UA/SampleServer","ApplicationUri":"urn:desktop-bgfjs91:OPCFoundation:CoreSampleServer","DisplayName":"nsu=http://opcfoundation.org/UA/Plc/Applications;s=NegativeTrendData","Timestamp":"2024-04-26T12:07:23.209179Z","Value":{"Value":{"Type":11,"Body":100},"SourceTimestamp":"2024-04-26T12:07:22.1881586Z","ServerTimestamp":"2024-04-26T12:07:22.229136Z"},"SequenceNumber":1,"ExtensionFields":{"WriterGroupId":"Assembly"}}