{"NodeId":"nsu=http://opcfoundation.org/UA/Plc/Applications;s=BadSlowUIntScalar1","EndpointUrl":"opc.tcp://localhost:61457/UA/SampleServer","ApplicationUri":"urn:desktop-bgfjs91:OPCFoundation:CoreSampleServer","DisplayName":"nsu=http://opcfoundation.org/UA/Plc/Applications;s=BadSlowUIntScalar1","Timestamp":"2024-04-26T12:07:42.3859256Z","Value":{"Value":{"Type":7,"Body":2},"SourceTimestamp":"2024-04-26T12:07:40.7747589Z","ServerTimestamp":"2024-04-26T12:07:40.7747595Z"},"SequenceNumber":8,"ExtensionFields":{"WriterGroupId":"Assembly"}}