{"NodeId":"nsu=http://opcfoundation.org/UA/Plc/Applications;s=PositiveTrendData","EndpointUrl":"opc.tcp://localhost:61457/UA/SampleServer","ApplicationUri":"urn:desktop-bgfjs91:OPCFoundation:CoreSampleServer","DisplayName":"nsu=http://opcfoundation.org/UA/Plc/Applications;s=PositiveTrendData","Timestamp":"2024-04-26T12:07:51.1735258Z","Value":{"Value":{"Type":11,"Body":100.09999999999999},"SourceTimestamp":"2024-04-26T12:07:50.8903893Z","ServerTimestamp":"2024-04-26T12:07:50.8903899Z"},"SequenceNumber":8,"ExtensionFields":{"WriterGroupId":"Assembly"}}