{"NodeId":"nsu=http://opcfoundation.org/UA/Plc/Applications;s=SlowUIntScalar1","EndpointUrl":"opc.tcp://localhost:61457/UA/SampleServer","ApplicationUri":"urn:desktop-bgfjs91:OPCFoundation:CoreSampleServer","DisplayName":"nsu=http://opcfoundation.org/UA/Plc/Applications;s=SlowUIntScalar1","Timestamp":"2024-04-26T12:07:52.374526Z","Value":{"Value":{"Type":7,"Body":3},"SourceTimestamp":"2024-04-26T12:07:50.7807254Z","ServerTimestamp":"2024-04-26T12:07:50.7807291Z"},"SequenceNumber":9,"ExtensionFields":{"WriterGroupId":"Assembly"}}