{"NodeId":"nsu=http://opcfoundation.org/UA/Plc/Applications;s=SlowUIntScalar3","EndpointUrl":"opc.tcp://localhost:61457/UA/SampleServer","ApplicationUri":"urn:desktop-bgfjs91:OPCFoundation:CoreSampleServer","DisplayName":"nsu=http://opcfoundation.org/UA/Plc/Applications;s=SlowUIntScalar3","Timestamp":"2024-04-26T12:08:02.3541508Z","Value":{"Value":{"Type":7,"Body":4},"SourceTimestamp":"2024-04-26T12:08:00.7900654Z","ServerTimestamp":"2024-04-26T12:08:00.7900659Z"},"SequenceNumber":15,"ExtensionFields":{"WriterGroupId":"Assembly"}}