{"NodeId":"nsu=http://opcfoundation.org/UA/Plc/Applications;s=PositiveTrendData","EndpointUrl":"opc.tcp://localhost:61457/UA/SampleServer","ApplicationUri":"urn:desktop-bgfjs91:OPCFoundation:CoreSampleServer","DisplayName":"nsu=http://opcfoundation.org/UA/Plc/Applications;s=PositiveTrendData","Timestamp":"2024-04-26T12:08:06.1853331Z","Value":{"Value":{"Type":11,"Body":100.40000000000001},"SourceTimestamp":"2024-04-26T12:08:05.8876466Z","ServerTimestamp":"2024-04-26T12:08:05.8876694Z"},"SequenceNumber":14,"ExtensionFields":{"WriterGroupId":"Assembly"}}