{"NodeId":"nsu=http://opcfoundation.org/UA/Plc/Applications;s=SlowUIntScalar3","EndpointUrl":"opc.tcp://localhost:61457/UA/SampleServer","ApplicationUri":"urn:desktop-bgfjs91:OPCFoundation:CoreSampleServer","DisplayName":"nsu=http://opcfoundation.org/UA/Plc/Applications;s=SlowUIntScalar3","Timestamp":"2024-04-26T12:08:12.3922458Z","Value":{"Value":{"Type":7,"Body":5},"SourceTimestamp":"2024-04-26T12:08:10.7800491Z","ServerTimestamp":"2024-04-26T12:08:10.7800497Z"},"SequenceNumber":19,"ExtensionFields":{"WriterGroupId":"Assembly"}}