{"NodeId":"nsu=http://opcfoundation.org/UA/Plc/Applications;s=NegativeTrendData","EndpointUrl":"opc.tcp://localhost:61457/UA/SampleServer","ApplicationUri":"urn:desktop-bgfjs91:OPCFoundation:CoreSampleServer","DisplayName":"nsu=http://opcfoundation.org/UA/Plc/Applications;s=NegativeTrendData","Timestamp":"2024-04-26T12:08:16.2217417Z","Value":{"Value":{"Type":11,"Body":99},"SourceTimestamp":"2024-04-26T12:08:15.8816086Z","ServerTimestamp":"2024-04-26T12:08:15.8816098Z"},"SequenceNumber":17,"ExtensionFields":{"WriterGroupId":"Assembly"}}