{"NodeId":"nsu=http://opcfoundation.org/UA/Plc/Applications;s=SlowUIntScalar1","EndpointUrl":"opc.tcp://localhost:61457/UA/SampleServer","ApplicationUri":"urn:desktop-bgfjs91:OPCFoundation:CoreSampleServer","DisplayName":"nsu=http://opcfoundation.org/UA/Plc/Applications;s=SlowUIntScalar1","Timestamp":"2024-04-26T12:07:32.3589507Z","Value":{"Value":{"Type":7,"Body":1},"SourceTimestamp":"2024-04-26T12:07:30.7882666Z","ServerTimestamp":"2024-04-26T12:07:30.7882708Z"},"SequenceNumber":1,"ExtensionFields":{"WriterGroupId":"Assembly"}}