{"NodeId":"nsu=http://opcfoundation.org/UA/Plc/Applications;s=NegativeTrendData","EndpointUrl":"opc.tcp://localhost:61457/UA/SampleServer","ApplicationUri":"urn:desktop-bgfjs91:OPCFoundation:CoreSampleServer","DisplayName":"nsu=http://opcfoundation.org/UA/Plc/Applications;s=NegativeTrendData","Timestamp":"2024-04-26T12:08:31.2127909Z","Value":{"Value":{"Type":11,"Body":98.700000000000003},"SourceTimestamp":"2024-04-26T12:08:30.8827134Z","ServerTimestamp":"2024-04-26T12:08:30.8827179Z"},"SequenceNumber":23,"ExtensionFields":{"WriterGroupId":"Assembly"}}