{"NodeId":"nsu=http://opcfoundation.org/UA/Plc/Applications;s=SlowUIntScalar3","EndpointUrl":"opc.tcp://localhost:61457/UA/SampleServer","ApplicationUri":"urn:desktop-bgfjs91:OPCFoundation:CoreSampleServer","DisplayName":"nsu=http://opcfoundation.org/UA/Plc/Applications;s=SlowUIntScalar3","Timestamp":"2024-04-26T12:08:32.33622Z","Value":{"Value":{"Type":7,"Body":7},"SourceTimestamp":"2024-04-26T12:08:30.7882525Z","ServerTimestamp":"2024-04-26T12:08:30.7882531Z"},"SequenceNumber":27,"ExtensionFields":{"WriterGroupId":"Assembly"}}