{"NodeId":"nsu=http://opcfoundation.org/UA/Plc/Applications;s=PositiveTrendData","EndpointUrl":"opc.tcp://localhost:61457/UA/SampleServer","ApplicationUri":"urn:desktop-bgfjs91:OPCFoundation:CoreSampleServer","DisplayName":"nsu=http://opcfoundation.org/UA/Plc/Applications;s=PositiveTrendData","Timestamp":"2024-04-26T12:08:36.2268105Z","Value":{"Value":{"Type":11,"Body":101},"SourceTimestamp":"2024-04-26T12:08:35.8864972Z","ServerTimestamp":"2024-04-26T12:08:35.886498Z"},"SequenceNumber":26,"ExtensionFields":{"WriterGroupId":"Assembly"}}