{"NodeId":"nsu=http://opcfoundation.org/UA/Plc/Applications;s=SlowUIntScalar3","EndpointUrl":"opc.tcp://localhost:61457/UA/SampleServer","ApplicationUri":"urn:desktop-bgfjs91:OPCFoundation:CoreSampleServer","DisplayName":"nsu=http://opcfoundation.org/UA/Plc/Applications;s=SlowUIntScalar3","Timestamp":"2024-04-26T12:08:42.3757716Z","Value":{"Value":{"Type":7,"Body":8},"SourceTimestamp":"2024-04-26T12:08:40.7792271Z","ServerTimestamp":"2024-04-26T12:08:40.7792276Z"},"SequenceNumber":31,"ExtensionFields":{"WriterGroupId":"Assembly"}}