{"NodeId":"nsu=http://opcfoundation.org/UA/Plc/Applications;s=SlowUIntScalar3","EndpointUrl":"opc.tcp://localhost:61457/UA/SampleServer","ApplicationUri":"urn:desktop-bgfjs91:OPCFoundation:CoreSampleServer","DisplayName":"nsu=http://opcfoundation.org/UA/Plc/Applications;s=SlowUIntScalar3","Timestamp":"2024-04-26T12:07:32.3589507Z","Value":{"Value":{"Type":7,"Body":1},"SourceTimestamp":"2024-04-26T12:07:30.7883143Z","ServerTimestamp":"2024-04-26T12:07:30.788315Z"},"SequenceNumber":3,"ExtensionFields":{"WriterGroupId":"Assembly"}}