{"NodeId":"nsu=http://opcfoundation.org/UA/Plc/Applications;s=SlowUIntScalar3","EndpointUrl":"opc.tcp://localhost:61457/UA/SampleServer","ApplicationUri":"urn:desktop-bgfjs91:OPCFoundation:CoreSampleServer","DisplayName":"nsu=http://opcfoundation.org/UA/Plc/Applications;s=SlowUIntScalar3","Timestamp":"2024-04-26T12:08:52.362059Z","Value":{"Value":{"Type":7,"Body":9},"SourceTimestamp":"2024-04-26T12:08:50.7762456Z","ServerTimestamp":"2024-04-26T12:08:50.7762462Z"},"SequenceNumber":35,"ExtensionFields":{"WriterGroupId":"Assembly"}}