{"NodeId":"nsu=http://opcfoundation.org/UA/Plc/Applications;s=PositiveTrendData","EndpointUrl":"opc.tcp://localhost:61457/UA/SampleServer","ApplicationUri":"urn:desktop-bgfjs91:OPCFoundation:CoreSampleServer","DisplayName":"nsu=http://opcfoundation.org/UA/Plc/Applications;s=PositiveTrendData","Timestamp":"2024-04-26T12:09:01.1993928Z","Value":{"Value":{"Type":11,"Body":101.5},"SourceTimestamp":"2024-04-26T12:09:00.8848779Z","ServerTimestamp":"2024-04-26T12:09:00.884879Z"},"SequenceNumber":36,"ExtensionFields":{"WriterGroupId":"Assembly"}}