{"NodeId":"nsu=http://opcfoundation.org/UA/Plc/Applications;s=SlowUIntScalar2","EndpointUrl":"opc.tcp://localhost:61457/UA/SampleServer","ApplicationUri":"urn:desktop-bgfjs91:OPCFoundation:CoreSampleServer","DisplayName":"nsu=http://opcfoundation.org/UA/Plc/Applications;s=SlowUIntScalar2","Timestamp":"2024-04-26T12:09:02.3897664Z","Value":{"Value":{"Type":7,"Body":10},"SourceTimestamp":"2024-04-26T12:09:00.7750283Z","ServerTimestamp":"2024-04-26T12:09:00.775029Z"},"SequenceNumber":38,"ExtensionFields":{"WriterGroupId":"Assembly"}}