{"NodeId":"nsu=http://opcfoundation.org/UA/Plc/Applications;s=NegativeTrendData","EndpointUrl":"opc.tcp://localhost:61457/UA/SampleServer","ApplicationUri":"urn:desktop-bgfjs91:OPCFoundation:CoreSampleServer","DisplayName":"nsu=http://opcfoundation.org/UA/Plc/Applications;s=NegativeTrendData","Timestamp":"2024-04-26T12:07:36.1864823Z","Value":{"Value":{"Type":11,"Body":99.799999999999997},"SourceTimestamp":"2024-04-26T12:07:35.8786577Z","ServerTimestamp":"2024-04-26T12:07:35.8786595Z"},"SequenceNumber":4,"ExtensionFields":{"WriterGroupId":"Assembly"}}