{"ConditionClassId":{"Value":null,"SourceTimestamp":"2024-04-27T18:34:32.883384Z"},"ConditionClassName":{"Value":null,"SourceTimestamp":"2024-04-27T18:34:32.883384Z"},"ConditionSubClassId":{"Value":null,"SourceTimestamp":"2024-04-27T18:34:32.883384Z"},"ConditionSubClassName":{"Value":null,"SourceTimestamp":"2024-04-27T18:34:32.883384Z"},"EventId":{"Value":"5TitjijivUSKNNoaiea8sg==","SourceTimestamp":"2024-04-27T18:34:32.883384Z"},"EventType":{"Value":{"Id":10060},"SourceTimestamp":"2024-04-27T18:34:32.883384Z"},"LocalTime":{"Value":{"Offset":120,"DaylightSavingInOffset":true},"SourceTimestamp":"2024-04-27T18:34:32.883384Z"},"Message":{"Value":"The alarm severity has increased.","SourceTimestamp":"2024-04-27T18:34:32.883384Z"},"ReceiveTime":{"Value":"2024-04-27T18:34:32.6350226Z","SourceTimestamp":"2024-04-27T18:34:32.883384Z"},"Severity":{"Value":900,"SourceTimestamp":"2024-04-27T18:34:32.883384Z"},"SourceName":{"Value":"NorthMotor","SourceTimestamp":"2024-04-27T18:34:32.883384Z"},"SourceNode":{"Value":{"IdType":1,"Id":"1:Colours/NorthMotor","Namespace":"http://opcfoundation.org/AlarmCondition"},"SourceTimestamp":"2024-04-27T18:34:32.883384Z"},"Time":{"Value":"2024-04-27T18:34:32.6350161Z","SourceTimestamp":"2024-04-27T18:34:32.883384Z"}}