{"ConditionClassId":{"Value":null,"SourceTimestamp":"2024-04-27T18:34:31.8906071Z"},"ConditionClassName":{"Value":null,"SourceTimestamp":"2024-04-27T18:34:31.8906071Z"},"ConditionSubClassId":{"Value":null,"SourceTimestamp":"2024-04-27T18:34:31.8906071Z"},"ConditionSubClassName":{"Value":null,"SourceTimestamp":"2024-04-27T18:34:31.8906071Z"},"EventId":{"Value":"gEqZkfwC1U2gL98Qroh7Xw==","SourceTimestamp":"2024-04-27T18:34:31.8906071Z"},"EventType":{"Value":{"Id":9764},"SourceTimestamp":"2024-04-27T18:34:31.8906071Z"},"LocalTime":{"Value":{"Offset":120,"DaylightSavingInOffset":true},"SourceTimestamp":"2024-04-27T18:34:31.8906071Z"},"Message":{"Value":"The alarm severity has increased.","SourceTimestamp":"2024-04-27T18:34:31.8906071Z"},"ReceiveTime":{"Value":"2024-04-27T18:34:31.6430605Z","SourceTimestamp":"2024-04-27T18:34:31.8906071Z"},"Severity":{"Value":700,"SourceTimestamp":"2024-04-27T18:34:31.8906071Z"},"SourceName":{"Value":"SouthMotor","SourceTimestamp":"2024-04-27T18:34:31.8906071Z"},"SourceNode":{"Value":{"IdType":1,"Id":"1:Metals/SouthMotor","Namespace":"http://opcfoundation.org/AlarmCondition"},"SourceTimestamp":"2024-04-27T18:34:31.8906071Z"},"Time":{"Value":"2024-04-27T18:34:31.6430551Z","SourceTimestamp":"2024-04-27T18:34:31.8906071Z"}}