{"ConditionClassId":{"Value":null,"SourceTimestamp":"2024-04-27T18:33:03.8894288Z"},"ConditionClassName":{"Value":null,"SourceTimestamp":"2024-04-27T18:33:03.8894288Z"},"ConditionSubClassId":{"Value":null,"SourceTimestamp":"2024-04-27T18:33:03.8894288Z"},"ConditionSubClassName":{"Value":null,"SourceTimestamp":"2024-04-27T18:33:03.8894288Z"},"EventId":{"Value":"vDf9Z3BTFEWNTiraoHeDfA==","SourceTimestamp":"2024-04-27T18:33:03.8894288Z"},"EventType":{"Value":{"Id":10060},"SourceTimestamp":"2024-04-27T18:33:03.8894288Z"},"LocalTime":{"Value":{"Offset":120,"DaylightSavingInOffset":true},"SourceTimestamp":"2024-04-27T18:33:03.8894288Z"},"Message":{"Value":"The alarm severity has increased.","SourceTimestamp":"2024-04-27T18:33:03.8894288Z"},"ReceiveTime":{"Value":"2024-04-27T18:33:03.6437841Z","SourceTimestamp":"2024-04-27T18:33:03.8894288Z"},"Severity":{"Value":300,"SourceTimestamp":"2024-04-27T18:33:03.8894288Z"},"SourceName":{"Value":"WestTank","SourceTimestamp":"2024-04-27T18:33:03.8894288Z"},"SourceNode":{"Value":{"IdType":1,"Id":"1:Metals/WestTank","Namespace":"http://opcfoundation.org/AlarmCondition"},"SourceTimestamp":"2024-04-27T18:33:03.8894288Z"},"Time":{"Value":"2024-04-27T18:33:03.6437796Z","SourceTimestamp":"2024-04-27T18:33:03.8894288Z"}}