{"ConditionClassId":{"Value":null,"SourceTimestamp":"2024-04-27T18:34:40.8973034Z"},"ConditionClassName":{"Value":null,"SourceTimestamp":"2024-04-27T18:34:40.8973034Z"},"ConditionSubClassId":{"Value":null,"SourceTimestamp":"2024-04-27T18:34:40.8973034Z"},"ConditionSubClassName":{"Value":null,"SourceTimestamp":"2024-04-27T18:34:40.8973034Z"},"EventId":{"Value":"vKLL07AJa0SXPLIjaYrAyw==","SourceTimestamp":"2024-04-27T18:34:40.8973034Z"},"EventType":{"Value":{"Id":10060},"SourceTimestamp":"2024-04-27T18:34:40.8973034Z"},"LocalTime":{"Value":{"Offset":120,"DaylightSavingInOffset":true},"SourceTimestamp":"2024-04-27T18:34:40.8973034Z"},"Message":{"Value":"The alarm is active.","SourceTimestamp":"2024-04-27T18:34:40.8973034Z"},"ReceiveTime":{"Value":"2024-04-27T18:34:40.6471389Z","SourceTimestamp":"2024-04-27T18:34:40.8973034Z"},"Severity":{"Value":100,"SourceTimestamp":"2024-04-27T18:34:40.8973034Z"},"SourceName":{"Value":"EastTank","SourceTimestamp":"2024-04-27T18:34:40.8973034Z"},"SourceNode":{"Value":{"IdType":1,"Id":"1:Colours/EastTank","Namespace":"http://opcfoundation.org/AlarmCondition"},"SourceTimestamp":"2024-04-27T18:34:40.8973034Z"},"Time":{"Value":"2024-04-27T18:34:40.6471074Z","SourceTimestamp":"2024-04-27T18:34:40.8973034Z"}}