{"ConditionClassId":{"Value":null,"SourceTimestamp":"2024-04-27T18:33:08.896753Z"},"ConditionClassName":{"Value":null,"SourceTimestamp":"2024-04-27T18:33:08.896753Z"},"ConditionSubClassId":{"Value":null,"SourceTimestamp":"2024-04-27T18:33:08.896753Z"},"ConditionSubClassName":{"Value":null,"SourceTimestamp":"2024-04-27T18:33:08.896753Z"},"EventId":{"Value":"L8O08Rnu2kePOzC6qpRdag==","SourceTimestamp":"2024-04-27T18:33:08.896753Z"},"EventType":{"Value":{"Id":10751},"SourceTimestamp":"2024-04-27T18:33:08.896753Z"},"LocalTime":{"Value":{"Offset":120,"DaylightSavingInOffset":true},"SourceTimestamp":"2024-04-27T18:33:08.896753Z"},"Message":{"Value":"The alarm severity has increased.","SourceTimestamp":"2024-04-27T18:33:08.896753Z"},"ReceiveTime":{"Value":"2024-04-27T18:33:08.6351348Z","SourceTimestamp":"2024-04-27T18:33:08.896753Z"},"Severity":{"Value":500,"SourceTimestamp":"2024-04-27T18:33:08.896753Z"},"SourceName":{"Value":"WestTank","SourceTimestamp":"2024-04-27T18:33:08.896753Z"},"SourceNode":{"Value":{"IdType":1,"Id":"1:Metals/WestTank","Namespace":"http://opcfoundation.org/AlarmCondition"},"SourceTimestamp":"2024-04-27T18:33:08.896753Z"},"Time":{"Value":"2024-04-27T18:33:08.6351231Z","SourceTimestamp":"2024-04-27T18:33:08.896753Z"}}