{"ConditionClassId":{"Value":null,"SourceTimestamp":"2024-04-27T18:33:10.8845591Z"},"ConditionClassName":{"Value":null,"SourceTimestamp":"2024-04-27T18:33:10.8845591Z"},"ConditionSubClassId":{"Value":null,"SourceTimestamp":"2024-04-27T18:33:10.8845591Z"},"ConditionSubClassName":{"Value":null,"SourceTimestamp":"2024-04-27T18:33:10.8845591Z"},"EventId":{"Value":"LVVwdCRnC0q7lHRTNcUhiw==","SourceTimestamp":"2024-04-27T18:33:10.8845591Z"},"EventType":{"Value":{"Id":10060},"SourceTimestamp":"2024-04-27T18:33:10.8845591Z"},"LocalTime":{"Value":{"Offset":120,"DaylightSavingInOffset":true},"SourceTimestamp":"2024-04-27T18:33:10.8845591Z"},"Message":{"Value":"The alarm severity has increased.","SourceTimestamp":"2024-04-27T18:33:10.8845591Z"},"ReceiveTime":{"Value":"2024-04-27T18:33:10.6351077Z","SourceTimestamp":"2024-04-27T18:33:10.8845591Z"},"Severity":{"Value":500,"SourceTimestamp":"2024-04-27T18:33:10.8845591Z"},"SourceName":{"Value":"EastTank","SourceTimestamp":"2024-04-27T18:33:10.8845591Z"},"SourceNode":{"Value":{"IdType":1,"Id":"1:Colours/EastTank","Namespace":"http://opcfoundation.org/AlarmCondition"},"SourceTimestamp":"2024-04-27T18:33:10.8845591Z"},"Time":{"Value":"2024-04-27T18:33:10.6350809Z","SourceTimestamp":"2024-04-27T18:33:10.8845591Z"}}