{"ConditionClassId":{"Value":null,"SourceTimestamp":"2024-04-27T18:33:00.9075726Z"},"ConditionClassName":{"Value":null,"SourceTimestamp":"2024-04-27T18:33:00.9075726Z"},"ConditionSubClassId":{"Value":null,"SourceTimestamp":"2024-04-27T18:33:00.9075726Z"},"ConditionSubClassName":{"Value":null,"SourceTimestamp":"2024-04-27T18:33:00.9075726Z"},"EventId":{"Value":"yN+Ha85Z2EGusyD7SUDK4w==","SourceTimestamp":"2024-04-27T18:33:00.9075726Z"},"EventType":{"Value":{"Id":10751},"SourceTimestamp":"2024-04-27T18:33:00.9075726Z"},"LocalTime":{"Value":{"Offset":120,"DaylightSavingInOffset":true},"SourceTimestamp":"2024-04-27T18:33:00.9075726Z"},"Message":{"Value":"The alarm severity has increased.","SourceTimestamp":"2024-04-27T18:33:00.9075726Z"},"ReceiveTime":{"Value":"2024-04-27T18:33:00.6425594Z","SourceTimestamp":"2024-04-27T18:33:00.9075726Z"},"Severity":{"Value":300,"SourceTimestamp":"2024-04-27T18:33:00.9075726Z"},"SourceName":{"Value":"WestTank","SourceTimestamp":"2024-04-27T18:33:00.9075726Z"},"SourceNode":{"Value":{"IdType":1,"Id":"1:Metals/WestTank","Namespace":"http://opcfoundation.org/AlarmCondition"},"SourceTimestamp":"2024-04-27T18:33:00.9075726Z"},"Time":{"Value":"2024-04-27T18:33:00.6425461Z","SourceTimestamp":"2024-04-27T18:33:00.9075726Z"}}