{"ConditionClassId":{"Value":null,"SourceTimestamp":"2024-04-27T18:33:16.8980635Z"},"ConditionClassName":{"Value":null,"SourceTimestamp":"2024-04-27T18:33:16.8980635Z"},"ConditionSubClassId":{"Value":null,"SourceTimestamp":"2024-04-27T18:33:16.8980635Z"},"ConditionSubClassName":{"Value":null,"SourceTimestamp":"2024-04-27T18:33:16.8980635Z"},"EventId":{"Value":"iyDHALywTUaP+r17jZPQYg==","SourceTimestamp":"2024-04-27T18:33:16.8980635Z"},"EventType":{"Value":{"Id":9764},"SourceTimestamp":"2024-04-27T18:33:16.8980635Z"},"LocalTime":{"Value":{"Offset":120,"DaylightSavingInOffset":true},"SourceTimestamp":"2024-04-27T18:33:16.8980635Z"},"Message":{"Value":"The alarm severity has increased.","SourceTimestamp":"2024-04-27T18:33:16.8980635Z"},"ReceiveTime":{"Value":"2024-04-27T18:33:16.6481429Z","SourceTimestamp":"2024-04-27T18:33:16.8980635Z"},"Severity":{"Value":700,"SourceTimestamp":"2024-04-27T18:33:16.8980635Z"},"SourceName":{"Value":"EastTank","SourceTimestamp":"2024-04-27T18:33:16.8980635Z"},"SourceNode":{"Value":{"IdType":1,"Id":"1:Colours/EastTank","Namespace":"http://opcfoundation.org/AlarmCondition"},"SourceTimestamp":"2024-04-27T18:33:16.8980635Z"},"Time":{"Value":"2024-04-27T18:33:16.6481297Z","SourceTimestamp":"2024-04-27T18:33:16.8980635Z"}}