{"ConditionClassId":{"Value":null,"SourceTimestamp":"2024-04-27T18:33:19.941433Z"},"ConditionClassName":{"Value":null,"SourceTimestamp":"2024-04-27T18:33:19.941433Z"},"ConditionSubClassId":{"Value":null,"SourceTimestamp":"2024-04-27T18:33:19.941433Z"},"ConditionSubClassName":{"Value":null,"SourceTimestamp":"2024-04-27T18:33:19.941433Z"},"EventId":{"Value":"wLzY2od8LUGhE37TORjrJg==","SourceTimestamp":"2024-04-27T18:33:19.941433Z"},"EventType":{"Value":{"Id":9764},"SourceTimestamp":"2024-04-27T18:33:19.941433Z"},"LocalTime":{"Value":{"Offset":120,"DaylightSavingInOffset":true},"SourceTimestamp":"2024-04-27T18:33:19.941433Z"},"Message":{"Value":"The alarm severity has increased.","SourceTimestamp":"2024-04-27T18:33:19.941433Z"},"ReceiveTime":{"Value":"2024-04-27T18:33:19.6448151Z","SourceTimestamp":"2024-04-27T18:33:19.941433Z"},"Severity":{"Value":700,"SourceTimestamp":"2024-04-27T18:33:19.941433Z"},"SourceName":{"Value":"NorthMotor","SourceTimestamp":"2024-04-27T18:33:19.941433Z"},"SourceNode":{"Value":{"IdType":1,"Id":"1:Colours/NorthMotor","Namespace":"http://opcfoundation.org/AlarmCondition"},"SourceTimestamp":"2024-04-27T18:33:19.941433Z"},"Time":{"Value":"2024-04-27T18:33:19.6448069Z","SourceTimestamp":"2024-04-27T18:33:19.941433Z"}}