{"ConditionClassId":{"Value":null,"SourceTimestamp":"2024-04-27T18:33:22.9143002Z"},"ConditionClassName":{"Value":null,"SourceTimestamp":"2024-04-27T18:33:22.9143002Z"},"ConditionSubClassId":{"Value":null,"SourceTimestamp":"2024-04-27T18:33:22.9143002Z"},"ConditionSubClassName":{"Value":null,"SourceTimestamp":"2024-04-27T18:33:22.9143002Z"},"EventId":{"Value":"39PpNGUhXkGULWIOphA0kQ==","SourceTimestamp":"2024-04-27T18:33:22.9143002Z"},"EventType":{"Value":{"Id":10751},"SourceTimestamp":"2024-04-27T18:33:22.9143002Z"},"LocalTime":{"Value":{"Offset":120,"DaylightSavingInOffset":true},"SourceTimestamp":"2024-04-27T18:33:22.9143002Z"},"Message":{"Value":"The alarm severity has increased.","SourceTimestamp":"2024-04-27T18:33:22.9143002Z"},"ReceiveTime":{"Value":"2024-04-27T18:33:22.6377944Z","SourceTimestamp":"2024-04-27T18:33:22.9143002Z"},"Severity":{"Value":700,"SourceTimestamp":"2024-04-27T18:33:22.9143002Z"},"SourceName":{"Value":"EastTank","SourceTimestamp":"2024-04-27T18:33:22.9143002Z"},"SourceNode":{"Value":{"IdType":1,"Id":"1:Colours/EastTank","Namespace":"http://opcfoundation.org/AlarmCondition"},"SourceTimestamp":"2024-04-27T18:33:22.9143002Z"},"Time":{"Value":"2024-04-27T18:33:22.6377718Z","SourceTimestamp":"2024-04-27T18:33:22.9143002Z"}}