{"ConditionClassId":{"Value":null,"SourceTimestamp":"2024-04-27T18:33:14.9001739Z"},"ConditionClassName":{"Value":null,"SourceTimestamp":"2024-04-27T18:33:14.9001739Z"},"ConditionSubClassId":{"Value":null,"SourceTimestamp":"2024-04-27T18:33:14.9001739Z"},"ConditionSubClassName":{"Value":null,"SourceTimestamp":"2024-04-27T18:33:14.9001739Z"},"EventId":{"Value":"+6X/A6uh802J2eQDVzG7Eg==","SourceTimestamp":"2024-04-27T18:33:14.9001739Z"},"EventType":{"Value":{"Id":9764},"SourceTimestamp":"2024-04-27T18:33:14.9001739Z"},"LocalTime":{"Value":{"Offset":120,"DaylightSavingInOffset":true},"SourceTimestamp":"2024-04-27T18:33:14.9001739Z"},"Message":{"Value":"The alarm severity has increased.","SourceTimestamp":"2024-04-27T18:33:14.9001739Z"},"ReceiveTime":{"Value":"2024-04-27T18:33:14.6381649Z","SourceTimestamp":"2024-04-27T18:33:14.9001739Z"},"Severity":{"Value":500,"SourceTimestamp":"2024-04-27T18:33:14.9001739Z"},"SourceName":{"Value":"SouthMotor","SourceTimestamp":"2024-04-27T18:33:14.9001739Z"},"SourceNode":{"Value":{"IdType":1,"Id":"1:Metals/SouthMotor","Namespace":"http://opcfoundation.org/AlarmCondition"},"SourceTimestamp":"2024-04-27T18:33:14.9001739Z"},"Time":{"Value":"2024-04-27T18:33:14.6381615Z","SourceTimestamp":"2024-04-27T18:33:14.9001739Z"}}