{"ConditionClassId":{"Value":null,"SourceTimestamp":"2024-04-27T18:33:01.9037779Z"},"ConditionClassName":{"Value":null,"SourceTimestamp":"2024-04-27T18:33:01.9037779Z"},"ConditionSubClassId":{"Value":null,"SourceTimestamp":"2024-04-27T18:33:01.9037779Z"},"ConditionSubClassName":{"Value":null,"SourceTimestamp":"2024-04-27T18:33:01.9037779Z"},"EventId":{"Value":"tFv3DjK49Eij1ZJK9lQcig==","SourceTimestamp":"2024-04-27T18:33:01.9037779Z"},"EventType":{"Value":{"Id":10060},"SourceTimestamp":"2024-04-27T18:33:01.9037779Z"},"LocalTime":{"Value":{"Offset":120,"DaylightSavingInOffset":true},"SourceTimestamp":"2024-04-27T18:33:01.9037779Z"},"Message":{"Value":"The alarm severity has increased.","SourceTimestamp":"2024-04-27T18:33:01.9037779Z"},"ReceiveTime":{"Value":"2024-04-27T18:33:01.6392492Z","SourceTimestamp":"2024-04-27T18:33:01.9037779Z"},"Severity":{"Value":300,"SourceTimestamp":"2024-04-27T18:33:01.9037779Z"},"SourceName":{"Value":"EastTank","SourceTimestamp":"2024-04-27T18:33:01.9037779Z"},"SourceNode":{"Value":{"IdType":1,"Id":"1:Colours/EastTank","Namespace":"http://opcfoundation.org/AlarmCondition"},"SourceTimestamp":"2024-04-27T18:33:01.9037779Z"},"Time":{"Value":"2024-04-27T18:33:01.6392186Z","SourceTimestamp":"2024-04-27T18:33:01.9037779Z"}}