{"ConditionClassId":{"Value":null,"SourceTimestamp":"2024-04-27T18:33:32.9026593Z"},"ConditionClassName":{"Value":null,"SourceTimestamp":"2024-04-27T18:33:32.9026593Z"},"ConditionSubClassId":{"Value":null,"SourceTimestamp":"2024-04-27T18:33:32.9026593Z"},"ConditionSubClassName":{"Value":null,"SourceTimestamp":"2024-04-27T18:33:32.9026593Z"},"EventId":{"Value":"wYJ7k7nGXUq5uvAu/uiFuw==","SourceTimestamp":"2024-04-27T18:33:32.9026593Z"},"EventType":{"Value":{"Id":9764},"SourceTimestamp":"2024-04-27T18:33:32.9026593Z"},"LocalTime":{"Value":{"Offset":120,"DaylightSavingInOffset":true},"SourceTimestamp":"2024-04-27T18:33:32.9026593Z"},"Message":{"Value":"The alarm severity has increased.","SourceTimestamp":"2024-04-27T18:33:32.9026593Z"},"ReceiveTime":{"Value":"2024-04-27T18:33:32.6391752Z","SourceTimestamp":"2024-04-27T18:33:32.9026593Z"},"Severity":{"Value":900,"SourceTimestamp":"2024-04-27T18:33:32.9026593Z"},"SourceName":{"Value":"WestTank","SourceTimestamp":"2024-04-27T18:33:32.9026593Z"},"SourceNode":{"Value":{"IdType":1,"Id":"1:Metals/WestTank","Namespace":"http://opcfoundation.org/AlarmCondition"},"SourceTimestamp":"2024-04-27T18:33:32.9026593Z"},"Time":{"Value":"2024-04-27T18:33:32.6391696Z","SourceTimestamp":"2024-04-27T18:33:32.9026593Z"}}