{"ConditionClassId":{"Value":null,"SourceTimestamp":"2024-04-27T18:33:25.8983508Z"},"ConditionClassName":{"Value":null,"SourceTimestamp":"2024-04-27T18:33:25.8983508Z"},"ConditionSubClassId":{"Value":null,"SourceTimestamp":"2024-04-27T18:33:25.8983508Z"},"ConditionSubClassName":{"Value":null,"SourceTimestamp":"2024-04-27T18:33:25.8983508Z"},"EventId":{"Value":"2QMAxB1C4kic9YyA9ksc+g==","SourceTimestamp":"2024-04-27T18:33:25.8983508Z"},"EventType":{"Value":{"Id":10751},"SourceTimestamp":"2024-04-27T18:33:25.8983508Z"},"LocalTime":{"Value":{"Offset":120,"DaylightSavingInOffset":true},"SourceTimestamp":"2024-04-27T18:33:25.8983508Z"},"Message":{"Value":"The alarm severity has increased.","SourceTimestamp":"2024-04-27T18:33:25.8983508Z"},"ReceiveTime":{"Value":"2024-04-27T18:33:25.6357623Z","SourceTimestamp":"2024-04-27T18:33:25.8983508Z"},"Severity":{"Value":700,"SourceTimestamp":"2024-04-27T18:33:25.8983508Z"},"SourceName":{"Value":"NorthMotor","SourceTimestamp":"2024-04-27T18:33:25.8983508Z"},"SourceNode":{"Value":{"IdType":1,"Id":"1:Colours/NorthMotor","Namespace":"http://opcfoundation.org/AlarmCondition"},"SourceTimestamp":"2024-04-27T18:33:25.8983508Z"},"Time":{"Value":"2024-04-27T18:33:25.6357485Z","SourceTimestamp":"2024-04-27T18:33:25.8983508Z"}}