{"ConditionClassId":{"Value":null,"SourceTimestamp":"2024-04-27T18:33:40.8980764Z"},"ConditionClassName":{"Value":null,"SourceTimestamp":"2024-04-27T18:33:40.8980764Z"},"ConditionSubClassId":{"Value":null,"SourceTimestamp":"2024-04-27T18:33:40.8980764Z"},"ConditionSubClassName":{"Value":null,"SourceTimestamp":"2024-04-27T18:33:40.8980764Z"},"EventId":{"Value":"eMQN/byyUky95eEpD9G8pQ==","SourceTimestamp":"2024-04-27T18:33:40.8980764Z"},"EventType":{"Value":{"Id":10060},"SourceTimestamp":"2024-04-27T18:33:40.8980764Z"},"LocalTime":{"Value":{"Offset":120,"DaylightSavingInOffset":true},"SourceTimestamp":"2024-04-27T18:33:40.8980764Z"},"Message":{"Value":"The alarm is active.","SourceTimestamp":"2024-04-27T18:33:40.8980764Z"},"ReceiveTime":{"Value":"2024-04-27T18:33:40.6337765Z","SourceTimestamp":"2024-04-27T18:33:40.8980764Z"},"Severity":{"Value":100,"SourceTimestamp":"2024-04-27T18:33:40.8980764Z"},"SourceName":{"Value":"SouthMotor","SourceTimestamp":"2024-04-27T18:33:40.8980764Z"},"SourceNode":{"Value":{"IdType":1,"Id":"1:Metals/SouthMotor","Namespace":"http://opcfoundation.org/AlarmCondition"},"SourceTimestamp":"2024-04-27T18:33:40.8980764Z"},"Time":{"Value":"2024-04-27T18:33:40.633773Z","SourceTimestamp":"2024-04-27T18:33:40.8980764Z"}}