{"ConditionClassId":{"Value":null,"SourceTimestamp":"2024-04-27T18:33:42.8809299Z"},"ConditionClassName":{"Value":null,"SourceTimestamp":"2024-04-27T18:33:42.8809299Z"},"ConditionSubClassId":{"Value":null,"SourceTimestamp":"2024-04-27T18:33:42.8809299Z"},"ConditionSubClassName":{"Value":null,"SourceTimestamp":"2024-04-27T18:33:42.8809299Z"},"EventId":{"Value":"99qbxoflbEeW8ilM7FdmGw==","SourceTimestamp":"2024-04-27T18:33:42.8809299Z"},"EventType":{"Value":{"Id":9764},"SourceTimestamp":"2024-04-27T18:33:42.8809299Z"},"LocalTime":{"Value":{"Offset":120,"DaylightSavingInOffset":true},"SourceTimestamp":"2024-04-27T18:33:42.8809299Z"},"Message":{"Value":"The alarm was deactivated by the system.","SourceTimestamp":"2024-04-27T18:33:42.8809299Z"},"ReceiveTime":{"Value":"2024-04-27T18:33:42.6345053Z","SourceTimestamp":"2024-04-27T18:33:42.8809299Z"},"Severity":{"Value":100,"SourceTimestamp":"2024-04-27T18:33:42.8809299Z"},"SourceName":{"Value":"WestTank","SourceTimestamp":"2024-04-27T18:33:42.8809299Z"},"SourceNode":{"Value":{"IdType":1,"Id":"1:Metals/WestTank","Namespace":"http://opcfoundation.org/AlarmCondition"},"SourceTimestamp":"2024-04-27T18:33:42.8809299Z"},"Time":{"Value":"2024-04-27T18:33:42.6345018Z","SourceTimestamp":"2024-04-27T18:33:42.8809299Z"}}