{"ConditionClassId":{"Value":null,"SourceTimestamp":"2024-04-27T18:33:36.9308587Z"},"ConditionClassName":{"Value":null,"SourceTimestamp":"2024-04-27T18:33:36.9308587Z"},"ConditionSubClassId":{"Value":null,"SourceTimestamp":"2024-04-27T18:33:36.9308587Z"},"ConditionSubClassName":{"Value":null,"SourceTimestamp":"2024-04-27T18:33:36.9308587Z"},"EventId":{"Value":"CW5jM05UzEmDEmQxpOAHqA==","SourceTimestamp":"2024-04-27T18:33:36.9308587Z"},"EventType":{"Value":{"Id":10060},"SourceTimestamp":"2024-04-27T18:33:36.9308587Z"},"LocalTime":{"Value":{"Offset":120,"DaylightSavingInOffset":true},"SourceTimestamp":"2024-04-27T18:33:36.9308587Z"},"Message":{"Value":"The alarm severity has increased.","SourceTimestamp":"2024-04-27T18:33:36.9308587Z"},"ReceiveTime":{"Value":"2024-04-27T18:33:36.6367216Z","SourceTimestamp":"2024-04-27T18:33:36.9308587Z"},"Severity":{"Value":900,"SourceTimestamp":"2024-04-27T18:33:36.9308587Z"},"SourceName":{"Value":"WestTank","SourceTimestamp":"2024-04-27T18:33:36.9308587Z"},"SourceNode":{"Value":{"IdType":1,"Id":"1:Metals/WestTank","Namespace":"http://opcfoundation.org/AlarmCondition"},"SourceTimestamp":"2024-04-27T18:33:36.9308587Z"},"Time":{"Value":"2024-04-27T18:33:36.6367145Z","SourceTimestamp":"2024-04-27T18:33:36.9308587Z"}}