{"ConditionClassId":{"Value":null,"SourceTimestamp":"2024-04-27T18:33:48.8843446Z"},"ConditionClassName":{"Value":null,"SourceTimestamp":"2024-04-27T18:33:48.8843446Z"},"ConditionSubClassId":{"Value":null,"SourceTimestamp":"2024-04-27T18:33:48.8843446Z"},"ConditionSubClassName":{"Value":null,"SourceTimestamp":"2024-04-27T18:33:48.8843446Z"},"EventId":{"Value":"OIdBOKJTlky4dX0v8gFktw==","SourceTimestamp":"2024-04-27T18:33:48.8843446Z"},"EventType":{"Value":{"Id":9764},"SourceTimestamp":"2024-04-27T18:33:48.8843446Z"},"LocalTime":{"Value":{"Offset":120,"DaylightSavingInOffset":true},"SourceTimestamp":"2024-04-27T18:33:48.8843446Z"},"Message":{"Value":"The alarm severity has increased.","SourceTimestamp":"2024-04-27T18:33:48.8843446Z"},"ReceiveTime":{"Value":"2024-04-27T18:33:48.6491569Z","SourceTimestamp":"2024-04-27T18:33:48.8843446Z"},"Severity":{"Value":300,"SourceTimestamp":"2024-04-27T18:33:48.8843446Z"},"SourceName":{"Value":"EastTank","SourceTimestamp":"2024-04-27T18:33:48.8843446Z"},"SourceNode":{"Value":{"IdType":1,"Id":"1:Colours/EastTank","Namespace":"http://opcfoundation.org/AlarmCondition"},"SourceTimestamp":"2024-04-27T18:33:48.8843446Z"},"Time":{"Value":"2024-04-27T18:33:48.6491413Z","SourceTimestamp":"2024-04-27T18:33:48.8843446Z"}}