{"ConditionClassId":{"Value":null,"SourceTimestamp":"2024-04-27T18:33:46.9035563Z"},"ConditionClassName":{"Value":null,"SourceTimestamp":"2024-04-27T18:33:46.9035563Z"},"ConditionSubClassId":{"Value":null,"SourceTimestamp":"2024-04-27T18:33:46.9035563Z"},"ConditionSubClassName":{"Value":null,"SourceTimestamp":"2024-04-27T18:33:46.9035563Z"},"EventId":{"Value":"8YkD+X8E/EWDze1KQ0FCIQ==","SourceTimestamp":"2024-04-27T18:33:46.9035563Z"},"EventType":{"Value":{"Id":9764},"SourceTimestamp":"2024-04-27T18:33:46.9035563Z"},"LocalTime":{"Value":{"Offset":120,"DaylightSavingInOffset":true},"SourceTimestamp":"2024-04-27T18:33:46.9035563Z"},"Message":{"Value":"The alarm is active.","SourceTimestamp":"2024-04-27T18:33:46.9035563Z"},"ReceiveTime":{"Value":"2024-04-27T18:33:46.639866Z","SourceTimestamp":"2024-04-27T18:33:46.9035563Z"},"Severity":{"Value":100,"SourceTimestamp":"2024-04-27T18:33:46.9035563Z"},"SourceName":{"Value":"NorthMotor","SourceTimestamp":"2024-04-27T18:33:46.9035563Z"},"SourceNode":{"Value":{"IdType":1,"Id":"1:Colours/NorthMotor","Namespace":"http://opcfoundation.org/AlarmCondition"},"SourceTimestamp":"2024-04-27T18:33:46.9035563Z"},"Time":{"Value":"2024-04-27T18:33:46.6398615Z","SourceTimestamp":"2024-04-27T18:33:46.9035563Z"}}