{"ConditionClassId":{"Value":null,"SourceTimestamp":"2024-04-27T18:33:46.9035563Z"},"ConditionClassName":{"Value":null,"SourceTimestamp":"2024-04-27T18:33:46.9035563Z"},"ConditionSubClassId":{"Value":null,"SourceTimestamp":"2024-04-27T18:33:46.9035563Z"},"ConditionSubClassName":{"Value":null,"SourceTimestamp":"2024-04-27T18:33:46.9035563Z"},"EventId":{"Value":"Rju3PK2p7EKEoRiR8ejoQQ==","SourceTimestamp":"2024-04-27T18:33:46.9035563Z"},"EventType":{"Value":{"Id":10060},"SourceTimestamp":"2024-04-27T18:33:46.9035563Z"},"LocalTime":{"Value":{"Offset":120,"DaylightSavingInOffset":true},"SourceTimestamp":"2024-04-27T18:33:46.9035563Z"},"Message":{"Value":"The alarm is active.","SourceTimestamp":"2024-04-27T18:33:46.9035563Z"},"ReceiveTime":{"Value":"2024-04-27T18:33:46.639413Z","SourceTimestamp":"2024-04-27T18:33:46.9035563Z"},"Severity":{"Value":100,"SourceTimestamp":"2024-04-27T18:33:46.9035563Z"},"SourceName":{"Value":"EastTank","SourceTimestamp":"2024-04-27T18:33:46.9035563Z"},"SourceNode":{"Value":{"IdType":1,"Id":"1:Colours/EastTank","Namespace":"http://opcfoundation.org/AlarmCondition"},"SourceTimestamp":"2024-04-27T18:33:46.9035563Z"},"Time":{"Value":"2024-04-27T18:33:46.6393878Z","SourceTimestamp":"2024-04-27T18:33:46.9035563Z"}}