{"ConditionClassId":{"Value":null,"SourceTimestamp":"2024-04-27T18:33:52.9120424Z"},"ConditionClassName":{"Value":null,"SourceTimestamp":"2024-04-27T18:33:52.9120424Z"},"ConditionSubClassId":{"Value":null,"SourceTimestamp":"2024-04-27T18:33:52.9120424Z"},"ConditionSubClassName":{"Value":null,"SourceTimestamp":"2024-04-27T18:33:52.9120424Z"},"EventId":{"Value":"cgAFarQ9qUGqGTCC+DYkaQ==","SourceTimestamp":"2024-04-27T18:33:52.9120424Z"},"EventType":{"Value":{"Id":9764},"SourceTimestamp":"2024-04-27T18:33:52.9120424Z"},"LocalTime":{"Value":{"Offset":120,"DaylightSavingInOffset":true},"SourceTimestamp":"2024-04-27T18:33:52.9120424Z"},"Message":{"Value":"The alarm is active.","SourceTimestamp":"2024-04-27T18:33:52.9120424Z"},"ReceiveTime":{"Value":"2024-04-27T18:33:52.6475079Z","SourceTimestamp":"2024-04-27T18:33:52.9120424Z"},"Severity":{"Value":100,"SourceTimestamp":"2024-04-27T18:33:52.9120424Z"},"SourceName":{"Value":"WestTank","SourceTimestamp":"2024-04-27T18:33:52.9120424Z"},"SourceNode":{"Value":{"IdType":1,"Id":"1:Metals/WestTank","Namespace":"http://opcfoundation.org/AlarmCondition"},"SourceTimestamp":"2024-04-27T18:33:52.9120424Z"},"Time":{"Value":"2024-04-27T18:33:52.6475038Z","SourceTimestamp":"2024-04-27T18:33:52.9120424Z"}}