{"ConditionClassId":{"Value":null,"SourceTimestamp":"2024-04-27T18:33:56.9360565Z"},"ConditionClassName":{"Value":null,"SourceTimestamp":"2024-04-27T18:33:56.9360565Z"},"ConditionSubClassId":{"Value":null,"SourceTimestamp":"2024-04-27T18:33:56.9360565Z"},"ConditionSubClassName":{"Value":null,"SourceTimestamp":"2024-04-27T18:33:56.9360565Z"},"EventId":{"Value":"j+G5dtGVIUOUSR+HFdEFoA==","SourceTimestamp":"2024-04-27T18:33:56.9360565Z"},"EventType":{"Value":{"Id":9764},"SourceTimestamp":"2024-04-27T18:33:56.9360565Z"},"LocalTime":{"Value":{"Offset":120,"DaylightSavingInOffset":true},"SourceTimestamp":"2024-04-27T18:33:56.9360565Z"},"Message":{"Value":"The alarm severity has increased.","SourceTimestamp":"2024-04-27T18:33:56.9360565Z"},"ReceiveTime":{"Value":"2024-04-27T18:33:56.6445868Z","SourceTimestamp":"2024-04-27T18:33:56.9360565Z"},"Severity":{"Value":500,"SourceTimestamp":"2024-04-27T18:33:56.9360565Z"},"SourceName":{"Value":"EastTank","SourceTimestamp":"2024-04-27T18:33:56.9360565Z"},"SourceNode":{"Value":{"IdType":1,"Id":"1:Colours/EastTank","Namespace":"http://opcfoundation.org/AlarmCondition"},"SourceTimestamp":"2024-04-27T18:33:56.9360565Z"},"Time":{"Value":"2024-04-27T18:33:56.6445474Z","SourceTimestamp":"2024-04-27T18:33:56.9360565Z"}}