{"ConditionClassId":{"Value":null,"SourceTimestamp":"2024-04-27T18:33:58.9093762Z"},"ConditionClassName":{"Value":null,"SourceTimestamp":"2024-04-27T18:33:58.9093762Z"},"ConditionSubClassId":{"Value":null,"SourceTimestamp":"2024-04-27T18:33:58.9093762Z"},"ConditionSubClassName":{"Value":null,"SourceTimestamp":"2024-04-27T18:33:58.9093762Z"},"EventId":{"Value":"dL2xilwbR0iSEkjFEs8OMg==","SourceTimestamp":"2024-04-27T18:33:58.9093762Z"},"EventType":{"Value":{"Id":10060},"SourceTimestamp":"2024-04-27T18:33:58.9093762Z"},"LocalTime":{"Value":{"Offset":120,"DaylightSavingInOffset":true},"SourceTimestamp":"2024-04-27T18:33:58.9093762Z"},"Message":{"Value":"The alarm is active.","SourceTimestamp":"2024-04-27T18:33:58.9093762Z"},"ReceiveTime":{"Value":"2024-04-27T18:33:58.6473598Z","SourceTimestamp":"2024-04-27T18:33:58.9093762Z"},"Severity":{"Value":100,"SourceTimestamp":"2024-04-27T18:33:58.9093762Z"},"SourceName":{"Value":"WestTank","SourceTimestamp":"2024-04-27T18:33:58.9093762Z"},"SourceNode":{"Value":{"IdType":1,"Id":"1:Metals/WestTank","Namespace":"http://opcfoundation.org/AlarmCondition"},"SourceTimestamp":"2024-04-27T18:33:58.9093762Z"},"Time":{"Value":"2024-04-27T18:33:58.6473455Z","SourceTimestamp":"2024-04-27T18:33:58.9093762Z"}}