{"ConditionClassId":{"Value":null,"SourceTimestamp":"2024-04-27T18:33:58.9093762Z"},"ConditionClassName":{"Value":null,"SourceTimestamp":"2024-04-27T18:33:58.9093762Z"},"ConditionSubClassId":{"Value":null,"SourceTimestamp":"2024-04-27T18:33:58.9093762Z"},"ConditionSubClassName":{"Value":null,"SourceTimestamp":"2024-04-27T18:33:58.9093762Z"},"EventId":{"Value":"liTo5E+zukGYwdirVmXAsQ==","SourceTimestamp":"2024-04-27T18:33:58.9093762Z"},"EventType":{"Value":{"Id":10751},"SourceTimestamp":"2024-04-27T18:33:58.9093762Z"},"LocalTime":{"Value":{"Offset":120,"DaylightSavingInOffset":true},"SourceTimestamp":"2024-04-27T18:33:58.9093762Z"},"Message":{"Value":"The alarm is active.","SourceTimestamp":"2024-04-27T18:33:58.9093762Z"},"ReceiveTime":{"Value":"2024-04-27T18:33:58.6468477Z","SourceTimestamp":"2024-04-27T18:33:58.9093762Z"},"Severity":{"Value":100,"SourceTimestamp":"2024-04-27T18:33:58.9093762Z"},"SourceName":{"Value":"NorthMotor","SourceTimestamp":"2024-04-27T18:33:58.9093762Z"},"SourceNode":{"Value":{"IdType":1,"Id":"1:Colours/NorthMotor","Namespace":"http://opcfoundation.org/AlarmCondition"},"SourceTimestamp":"2024-04-27T18:33:58.9093762Z"},"Time":{"Value":"2024-04-27T18:33:58.6468193Z","SourceTimestamp":"2024-04-27T18:33:58.9093762Z"}}