{"ConditionClassId":{"Value":null,"SourceTimestamp":"2024-04-27T18:34:02.9380262Z"},"ConditionClassName":{"Value":null,"SourceTimestamp":"2024-04-27T18:34:02.9380262Z"},"ConditionSubClassId":{"Value":null,"SourceTimestamp":"2024-04-27T18:34:02.9380262Z"},"ConditionSubClassName":{"Value":null,"SourceTimestamp":"2024-04-27T18:34:02.9380262Z"},"EventId":{"Value":"YGEnNCiziEGu+SVxzfc7yg==","SourceTimestamp":"2024-04-27T18:34:02.9380262Z"},"EventType":{"Value":{"Id":10751},"SourceTimestamp":"2024-04-27T18:34:02.9380262Z"},"LocalTime":{"Value":{"Offset":120,"DaylightSavingInOffset":true},"SourceTimestamp":"2024-04-27T18:34:02.9380262Z"},"Message":{"Value":"The alarm severity has increased.","SourceTimestamp":"2024-04-27T18:34:02.9380262Z"},"ReceiveTime":{"Value":"2024-04-27T18:34:02.6475186Z","SourceTimestamp":"2024-04-27T18:34:02.9380262Z"},"Severity":{"Value":300,"SourceTimestamp":"2024-04-27T18:34:02.9380262Z"},"SourceName":{"Value":"EastTank","SourceTimestamp":"2024-04-27T18:34:02.9380262Z"},"SourceNode":{"Value":{"IdType":1,"Id":"1:Colours/EastTank","Namespace":"http://opcfoundation.org/AlarmCondition"},"SourceTimestamp":"2024-04-27T18:34:02.9380262Z"},"Time":{"Value":"2024-04-27T18:34:02.6475068Z","SourceTimestamp":"2024-04-27T18:34:02.9380262Z"}}