{"ConditionClassId":{"Value":null,"SourceTimestamp":"2024-04-27T18:34:09.9269745Z"},"ConditionClassName":{"Value":null,"SourceTimestamp":"2024-04-27T18:34:09.9269745Z"},"ConditionSubClassId":{"Value":null,"SourceTimestamp":"2024-04-27T18:34:09.9269745Z"},"ConditionSubClassName":{"Value":null,"SourceTimestamp":"2024-04-27T18:34:09.9269745Z"},"EventId":{"Value":"lQuuCxFrMk2YfD9KmZqllg==","SourceTimestamp":"2024-04-27T18:34:09.9269745Z"},"EventType":{"Value":{"Id":10060},"SourceTimestamp":"2024-04-27T18:34:09.9269745Z"},"LocalTime":{"Value":{"Offset":120,"DaylightSavingInOffset":true},"SourceTimestamp":"2024-04-27T18:34:09.9269745Z"},"Message":{"Value":"The alarm severity has increased.","SourceTimestamp":"2024-04-27T18:34:09.9269745Z"},"ReceiveTime":{"Value":"2024-04-27T18:34:09.6378539Z","SourceTimestamp":"2024-04-27T18:34:09.9269745Z"},"Severity":{"Value":300,"SourceTimestamp":"2024-04-27T18:34:09.9269745Z"},"SourceName":{"Value":"WestTank","SourceTimestamp":"2024-04-27T18:34:09.9269745Z"},"SourceNode":{"Value":{"IdType":1,"Id":"1:Metals/WestTank","Namespace":"http://opcfoundation.org/AlarmCondition"},"SourceTimestamp":"2024-04-27T18:34:09.9269745Z"},"Time":{"Value":"2024-04-27T18:34:09.6378483Z","SourceTimestamp":"2024-04-27T18:34:09.9269745Z"}}