{"ConditionClassId":{"Value":null,"SourceTimestamp":"2024-04-27T18:33:02.8987399Z"},"ConditionClassName":{"Value":null,"SourceTimestamp":"2024-04-27T18:33:02.8987399Z"},"ConditionSubClassId":{"Value":null,"SourceTimestamp":"2024-04-27T18:33:02.8987399Z"},"ConditionSubClassName":{"Value":null,"SourceTimestamp":"2024-04-27T18:33:02.8987399Z"},"EventId":{"Value":"Y7dMsEmQk0+tsdo4O79SfA==","SourceTimestamp":"2024-04-27T18:33:02.8987399Z"},"EventType":{"Value":{"Id":9764},"SourceTimestamp":"2024-04-27T18:33:02.8987399Z"},"LocalTime":{"Value":{"Offset":120,"DaylightSavingInOffset":true},"SourceTimestamp":"2024-04-27T18:33:02.8987399Z"},"Message":{"Value":"The alarm severity has increased.","SourceTimestamp":"2024-04-27T18:33:02.8987399Z"},"ReceiveTime":{"Value":"2024-04-27T18:33:02.6340757Z","SourceTimestamp":"2024-04-27T18:33:02.8987399Z"},"Severity":{"Value":300,"SourceTimestamp":"2024-04-27T18:33:02.8987399Z"},"SourceName":{"Value":"WestTank","SourceTimestamp":"2024-04-27T18:33:02.8987399Z"},"SourceNode":{"Value":{"IdType":1,"Id":"1:Metals/WestTank","Namespace":"http://opcfoundation.org/AlarmCondition"},"SourceTimestamp":"2024-04-27T18:33:02.8987399Z"},"Time":{"Value":"2024-04-27T18:33:02.6340721Z","SourceTimestamp":"2024-04-27T18:33:02.8987399Z"}}