{"ConditionClassId":{"Value":null,"SourceTimestamp":"2024-04-27T18:34:20.9079457Z"},"ConditionClassName":{"Value":null,"SourceTimestamp":"2024-04-27T18:34:20.9079457Z"},"ConditionSubClassId":{"Value":null,"SourceTimestamp":"2024-04-27T18:34:20.9079457Z"},"ConditionSubClassName":{"Value":null,"SourceTimestamp":"2024-04-27T18:34:20.9079457Z"},"EventId":{"Value":"ReD6aVxU1US9NwIEPqpl7A==","SourceTimestamp":"2024-04-27T18:34:20.9079457Z"},"EventType":{"Value":{"Id":10751},"SourceTimestamp":"2024-04-27T18:34:20.9079457Z"},"LocalTime":{"Value":{"Offset":120,"DaylightSavingInOffset":true},"SourceTimestamp":"2024-04-27T18:34:20.9079457Z"},"Message":{"Value":"The alarm severity has increased.","SourceTimestamp":"2024-04-27T18:34:20.9079457Z"},"ReceiveTime":{"Value":"2024-04-27T18:34:20.6455828Z","SourceTimestamp":"2024-04-27T18:34:20.9079457Z"},"Severity":{"Value":500,"SourceTimestamp":"2024-04-27T18:34:20.9079457Z"},"SourceName":{"Value":"NorthMotor","SourceTimestamp":"2024-04-27T18:34:20.9079457Z"},"SourceNode":{"Value":{"IdType":1,"Id":"1:Colours/NorthMotor","Namespace":"http://opcfoundation.org/AlarmCondition"},"SourceTimestamp":"2024-04-27T18:34:20.9079457Z"},"Time":{"Value":"2024-04-27T18:34:20.6455753Z","SourceTimestamp":"2024-04-27T18:34:20.9079457Z"}}