{"ConditionClassId":{"Value":null,"SourceTimestamp":"2024-04-27T18:34:22.9001224Z"},"ConditionClassName":{"Value":null,"SourceTimestamp":"2024-04-27T18:34:22.9001224Z"},"ConditionSubClassId":{"Value":null,"SourceTimestamp":"2024-04-27T18:34:22.9001224Z"},"ConditionSubClassName":{"Value":null,"SourceTimestamp":"2024-04-27T18:34:22.9001224Z"},"EventId":{"Value":"0N8uCOtGp0SWwRo7zm44aw==","SourceTimestamp":"2024-04-27T18:34:22.9001224Z"},"EventType":{"Value":{"Id":9764},"SourceTimestamp":"2024-04-27T18:34:22.9001224Z"},"LocalTime":{"Value":{"Offset":120,"DaylightSavingInOffset":true},"SourceTimestamp":"2024-04-27T18:34:22.9001224Z"},"Message":{"Value":"The alarm severity has increased.","SourceTimestamp":"2024-04-27T18:34:22.9001224Z"},"ReceiveTime":{"Value":"2024-04-27T18:34:22.633765Z","SourceTimestamp":"2024-04-27T18:34:22.9001224Z"},"Severity":{"Value":900,"SourceTimestamp":"2024-04-27T18:34:22.9001224Z"},"SourceName":{"Value":"NorthMotor","SourceTimestamp":"2024-04-27T18:34:22.9001224Z"},"SourceNode":{"Value":{"IdType":1,"Id":"1:Colours/NorthMotor","Namespace":"http://opcfoundation.org/AlarmCondition"},"SourceTimestamp":"2024-04-27T18:34:22.9001224Z"},"Time":{"Value":"2024-04-27T18:34:22.6337608Z","SourceTimestamp":"2024-04-27T18:34:22.9001224Z"}}