{"NodeId":"i=2258","EndpointUrl":"opc.tcp://localhost:61457/UA/SampleServer","ApplicationUri":"urn:desktop-bgfjs91:OPCFoundation:CoreSampleServer","DisplayName":"CurrentTime","Timestamp":"2024-04-26T14:44:19.4491075Z","Value":{"Value":{"Type":13,"Body":"2024-04-26T14:44:19.3549807Z"},"SourceTimestamp":"2024-04-26T14:42:33.4461205Z","ServerTimestamp":"2024-04-26T14:44:19.3549851Z"},"SequenceNumber":151,"ExtensionFields":{"EngineeringUnits":"mm/sec","AssetId":"5","Important":"False","Variance":"12.3465"}}