{"NodeId":"i=2258","EndpointUrl":"opc.tcp://localhost:61457/UA/SampleServer","ApplicationUri":"urn:desktop-bgfjs91:OPCFoundation:CoreSampleServer","DisplayName":"CurrentTime","Timestamp":"2024-04-26T14:42:34.5569702Z","Value":{"Value":{"Type":13,"Body":"2024-04-26T14:42:34.4472354Z"},"SourceTimestamp":"2024-04-26T14:42:33.4461205Z","ServerTimestamp":"2024-04-26T14:42:34.4472413Z"},"SequenceNumber":6,"ExtensionFields":{"EngineeringUnits":"mm/sec","AssetId":"5","Important":"False","Variance":"12.3465"}}