{"MessageId":"73f8205e-df6c-4b61-a315-228de5865e63","MessageType":"ua-data","PublisherId":"DESKTOP-BGFJS91","DataSetWriterGroup":"<<UnknownWriterGroup>>","Messages":[{"MetaDataVersion":{"MajorVersion":1},"MessageType":"ua-deltaframe","DataSetWriterName":"<<UnknownDataSet>>","Payload":{"nsu=http://opcfoundation.org/UA/Plc/Applications;s=StepUp":{"Value":{"Type":7,"Body":1030},"SourceTimestamp":"2024-04-27T12:33:04.4536973Z"},"nsu=http://opcfoundation.org/UA/Plc/Applications;s=RandomSignedInt32":{"Value":{"Type":6,"Body":-1114819368},"SourceTimestamp":"2024-04-27T12:33:04.453674Z"},"nsu=http://opcfoundation.org/UA/Plc/Applications;s=RandomUnsignedInt32":{"Value":{"Type":7,"Body":1761448170},"SourceTimestamp":"2024-04-27T12:33:04.4536452Z"},"nsu=http://opcfoundation.org/UA/Plc/Applications;s=DipData":{"Value":{"Type":11,"Body":48.175367410171518},"SourceTimestamp":"2024-04-27T12:33:04.4536482Z"},"nsu=http://opcfoundation.org/UA/Plc/Applications;s=FastUIntScalar1":{"Value":{"Type":7,"Body":103},"SourceTimestamp":"2024-04-27T12:33:04.4535347Z"},"nsu=http://opcfoundation.org/UA/Plc/Applications;s=FastUIntScalar2":{"Value":{"Type":7,"Body":103},"SourceTimestamp":"2024-04-27T12:33:04.4535494Z"},"nsu=http://opcfoundation.org/UA/Plc/Applications;s=FastUIntScalar3":{"Value":{"Type":7,"Body":103},"SourceTimestamp":"2024-04-27T12:33:04.4535516Z"},"nsu=http://opcfoundation.org/UA/Plc/Applications;s=FastRandomUIntScalar1":{"Value":{"Type":7,"Body":558075356},"SourceTimestamp":"2024-04-27T12:33:04.4535498Z"},"nsu=http://opcfoundation.org/UA/Plc/Applications;s=FastRandomUIntScalar2":{"Value":{"Type":7,"Body":1074002783},"SourceTimestamp":"2024-04-27T12:33:04.4535678Z"},"nsu=http://opcfoundation.org/UA/Plc/Applications;s=FastRandomUIntScalar3":{"Value":{"Type":7,"Body":4281499661},"SourceTimestamp":"2024-04-27T12:33:04.4535717Z"},"nsu=http://opcfoundation.org/UA/Plc/Applications;s=SpikeData":{"Value":{"Type":11,"Body":48.175367410171518},"SourceTimestamp":"2024-04-27T12:33:04.453635Z"}}}]}