{"MessageId":"29efd762-af8a-45a4-997b-4973ca02e352","MessageType":"ua-data","PublisherId":"DESKTOP-BGFJS91","DataSetWriterGroup":"<<UnknownWriterGroup>>","Messages":[{"MetaDataVersion":{"MajorVersion":1},"MessageType":"ua-deltaframe","DataSetWriterName":"<<UnknownDataSet>>","Payload":{"nsu=http://opcfoundation.org/UA/Plc/Applications;s=StepUp":{"Value":{"Type":7,"Body":1081},"SourceTimestamp":"2024-04-27T12:33:09.5517112Z"},"nsu=http://opcfoundation.org/UA/Plc/Applications;s=RandomSignedInt32":{"Value":{"Type":6,"Body":522684413},"SourceTimestamp":"2024-04-27T12:33:09.5516643Z"},"nsu=http://opcfoundation.org/UA/Plc/Applications;s=RandomUnsignedInt32":{"Value":{"Type":7,"Body":1647181413},"SourceTimestamp":"2024-04-27T12:33:09.5516557Z"},"nsu=http://opcfoundation.org/UA/Plc/Applications;s=DipData":{"Value":{"Type":11,"Body":58.778525229247322},"SourceTimestamp":"2024-04-27T12:33:09.5516597Z"},"nsu=http://opcfoundation.org/UA/Plc/Applications;s=FastUIntScalar1":{"Value":{"Type":7,"Body":108},"SourceTimestamp":"2024-04-27T12:33:09.4566973Z"},"nsu=http://opcfoundation.org/UA/Plc/Applications;s=FastUIntScalar2":{"Value":{"Type":7,"Body":108},"SourceTimestamp":"2024-04-27T12:33:09.4567285Z"},"nsu=http://opcfoundation.org/UA/Plc/Applications;s=FastUIntScalar3":{"Value":{"Type":7,"Body":108},"SourceTimestamp":"2024-04-27T12:33:09.4567338Z"},"nsu=http://opcfoundation.org/UA/Plc/Applications;s=FastRandomUIntScalar1":{"Value":{"Type":7,"Body":2651620809},"SourceTimestamp":"2024-04-27T12:33:09.4566804Z"},"nsu=http://opcfoundation.org/UA/Plc/Applications;s=FastRandomUIntScalar2":{"Value":{"Type":7,"Body":2696433489},"SourceTimestamp":"2024-04-27T12:33:09.4567146Z"},"nsu=http://opcfoundation.org/UA/Plc/Applications;s=FastRandomUIntScalar3":{"Value":{"Type":7,"Body":1287772953},"SourceTimestamp":"2024-04-27T12:33:09.4567307Z"},"nsu=http://opcfoundation.org/UA/Plc/Applications;s=SpikeData":{"Value":{"Type":11,"Body":58.778525229247322},"SourceTimestamp":"2024-04-27T12:33:09.5516194Z"}}}]}