{"MessageId":"927b4297-4a8e-441e-a9fd-e2f22847a94d","MessageType":"ua-data","PublisherId":"DESKTOP-BGFJS91","DataSetWriterGroup":"<<UnknownWriterGroup>>","Messages":[{"MetaDataVersion":{"MajorVersion":1},"MessageType":"ua-deltaframe","DataSetWriterName":"<<UnknownDataSet>>","Payload":{"nsu=http://opcfoundation.org/UA/Plc/Applications;s=StepUp":{"Value":{"Type":7,"Body":190},"SourceTimestamp":"2024-04-27T12:31:40.4625178Z"},"nsu=http://opcfoundation.org/UA/Plc/Applications;s=RandomSignedInt32":{"Value":{"Type":6,"Body":1241871911},"SourceTimestamp":"2024-04-27T12:31:40.4625162Z"},"nsu=http://opcfoundation.org/UA/Plc/Applications;s=RandomUnsignedInt32":{"Value":{"Type":7,"Body":587536338},"SourceTimestamp":"2024-04-27T12:31:40.4625101Z"},"nsu=http://opcfoundation.org/UA/Plc/Applications;s=DipData":{"Value":{"Type":11,"Body":98.228725072868869},"SourceTimestamp":"2024-04-27T12:31:40.4625136Z"},"nsu=http://opcfoundation.org/UA/Plc/Applications;s=FastUIntScalar1":{"Value":{"Type":7,"Body":19},"SourceTimestamp":"2024-04-27T12:31:40.4624721Z"},"nsu=http://opcfoundation.org/UA/Plc/Applications;s=FastUIntScalar2":{"Value":{"Type":7,"Body":19},"SourceTimestamp":"2024-04-27T12:31:40.4624854Z"},"nsu=http://opcfoundation.org/UA/Plc/Applications;s=FastUIntScalar3":{"Value":{"Type":7,"Body":19},"SourceTimestamp":"2024-04-27T12:31:40.4624872Z"},"nsu=http://opcfoundation.org/UA/Plc/Applications;s=FastRandomUIntScalar1":{"Value":{"Type":7,"Body":3293857292},"SourceTimestamp":"2024-04-27T12:31:40.4624774Z"},"nsu=http://opcfoundation.org/UA/Plc/Applications;s=FastRandomUIntScalar2":{"Value":{"Type":7,"Body":3944212018},"SourceTimestamp":"2024-04-27T12:31:40.4625008Z"},"nsu=http://opcfoundation.org/UA/Plc/Applications;s=FastRandomUIntScalar3":{"Value":{"Type":7,"Body":3353727209},"SourceTimestamp":"2024-04-27T12:31:40.4625032Z"},"nsu=http://opcfoundation.org/UA/Plc/Applications;s=SpikeData":{"Value":{"Type":11,"Body":98.228725072868869},"SourceTimestamp":"2024-04-27T12:31:40.4625078Z"}}}]}