{"MessageId":"c262d943-9af4-4863-994b-b7f5c8a89110","MessageType":"ua-data","PublisherId":"DESKTOP-BGFJS91","DataSetWriterGroup":"<<UnknownWriterGroup>>","Messages":[{"MetaDataVersion":{"MajorVersion":1},"MessageType":"ua-deltaframe","DataSetWriterName":"<<UnknownDataSet>>","Payload":{"nsu=http://opcfoundation.org/UA/Plc/Applications;s=StepUp":{"Value":{"Type":7,"Body":301},"SourceTimestamp":"2024-04-27T12:31:51.5576968Z"},"nsu=http://opcfoundation.org/UA/Plc/Applications;s=AlternatingBoolean":{"Value":{"Type":1,"Body":true},"SourceTimestamp":"2024-04-27T12:31:51.5576906Z"},"nsu=http://opcfoundation.org/UA/Plc/Applications;s=RandomSignedInt32":{"Value":{"Type":6,"Body":2047714277},"SourceTimestamp":"2024-04-27T12:31:51.5576686Z"},"nsu=http://opcfoundation.org/UA/Plc/Applications;s=RandomUnsignedInt32":{"Value":{"Type":7,"Body":453963387},"SourceTimestamp":"2024-04-27T12:31:51.5576677Z"},"nsu=http://opcfoundation.org/UA/Plc/Applications;s=DipData":{"Value":{"Type":11,"Body":6.4324905987065468E-14},"SourceTimestamp":"2024-04-27T12:31:51.5576616Z"},"nsu=http://opcfoundation.org/UA/Plc/Applications;s=FastUIntScalar1":{"Value":{"Type":7,"Body":30},"SourceTimestamp":"2024-04-27T12:31:51.4502238Z"},"nsu=http://opcfoundation.org/UA/Plc/Applications;s=FastUIntScalar2":{"Value":{"Type":7,"Body":30},"SourceTimestamp":"2024-04-27T12:31:51.4502377Z"},"nsu=http://opcfoundation.org/UA/Plc/Applications;s=FastUIntScalar3":{"Value":{"Type":7,"Body":30},"SourceTimestamp":"2024-04-27T12:31:51.4502437Z"},"nsu=http://opcfoundation.org/UA/Plc/Applications;s=FastRandomUIntScalar1":{"Value":{"Type":7,"Body":3077102934},"SourceTimestamp":"2024-04-27T12:31:51.4502241Z"},"nsu=http://opcfoundation.org/UA/Plc/Applications;s=FastRandomUIntScalar2":{"Value":{"Type":7,"Body":309280677},"SourceTimestamp":"2024-04-27T12:31:51.450228Z"},"nsu=http://opcfoundation.org/UA/Plc/Applications;s=FastRandomUIntScalar3":{"Value":{"Type":7,"Body":1292850681},"SourceTimestamp":"2024-04-27T12:31:51.4502398Z"},"nsu=http://opcfoundation.org/UA/Plc/Applications;s=SpikeData":{"Value":{"Type":11,"Body":6.4324905987065468E-14},"SourceTimestamp":"2024-04-27T12:31:51.5576155Z"}}}]}