{"MessageId":"9a9caca2-9805-4cef-b279-25d12649e4f8","MessageType":"ua-data","PublisherId":"DESKTOP-BGFJS91","DataSetWriterGroup":"<<UnknownWriterGroup>>","Messages":[{"MetaDataVersion":{"MajorVersion":1},"MessageType":"ua-deltaframe","DataSetWriterName":"<<UnknownDataSet>>","Payload":{"nsu=http://opcfoundation.org/UA/Plc/Applications;s=StepUp":{"Value":{"Type":7,"Body":361},"SourceTimestamp":"2024-04-27T12:31:57.5585091Z"},"nsu=http://opcfoundation.org/UA/Plc/Applications;s=RandomSignedInt32":{"Value":{"Type":6,"Body":-1940437302},"SourceTimestamp":"2024-04-27T12:31:57.5584789Z"},"nsu=http://opcfoundation.org/UA/Plc/Applications;s=RandomUnsignedInt32":{"Value":{"Type":7,"Body":544841662},"SourceTimestamp":"2024-04-27T12:31:57.5584721Z"},"nsu=http://opcfoundation.org/UA/Plc/Applications;s=DipData":{"Value":{"Type":11,"Body":-95.105651629515364},"SourceTimestamp":"2024-04-27T12:31:57.5584786Z"},"nsu=http://opcfoundation.org/UA/Plc/Applications;s=FastUIntScalar1":{"Value":{"Type":7,"Body":36},"SourceTimestamp":"2024-04-27T12:31:57.4647195Z"},"nsu=http://opcfoundation.org/UA/Plc/Applications;s=FastUIntScalar2":{"Value":{"Type":7,"Body":36},"SourceTimestamp":"2024-04-27T12:31:57.4647505Z"},"nsu=http://opcfoundation.org/UA/Plc/Applications;s=FastUIntScalar3":{"Value":{"Type":7,"Body":36},"SourceTimestamp":"2024-04-27T12:31:57.4647542Z"},"nsu=http://opcfoundation.org/UA/Plc/Applications;s=FastRandomUIntScalar1":{"Value":{"Type":7,"Body":2717645411},"SourceTimestamp":"2024-04-27T12:31:57.4647197Z"},"nsu=http://opcfoundation.org/UA/Plc/Applications;s=FastRandomUIntScalar2":{"Value":{"Type":7,"Body":1822778609},"SourceTimestamp":"2024-04-27T12:31:57.4647312Z"},"nsu=http://opcfoundation.org/UA/Plc/Applications;s=FastRandomUIntScalar3":{"Value":{"Type":7,"Body":2062914485},"SourceTimestamp":"2024-04-27T12:31:57.4647329Z"},"nsu=http://opcfoundation.org/UA/Plc/Applications;s=SpikeData":{"Value":{"Type":11,"Body":-95.105651629515364},"SourceTimestamp":"2024-04-27T12:31:57.5584293Z"}}}]}