{"MessageId":"d01a46eb-551d-4e4d-9c5e-2bd533a2fdca","MessageType":"ua-data","PublisherId":"DESKTOP-BGFJS91","DataSetWriterGroup":"<<UnknownWriterGroup>>","Messages":[{"MetaDataVersion":{"MajorVersion":1},"MessageType":"ua-deltaframe","DataSetWriterName":"<<UnknownDataSet>>","Payload":{"nsu=http://opcfoundation.org/UA/Plc/Applications;s=StepUp":{"Value":{"Type":7,"Body":390},"SourceTimestamp":"2024-04-27T12:32:00.454744Z"},"nsu=http://opcfoundation.org/UA/Plc/Applications;s=RandomSignedInt32":{"Value":{"Type":6,"Body":408703978},"SourceTimestamp":"2024-04-27T12:32:00.4547451Z"},"nsu=http://opcfoundation.org/UA/Plc/Applications;s=RandomUnsignedInt32":{"Value":{"Type":7,"Body":955203579},"SourceTimestamp":"2024-04-27T12:32:00.4547387Z"},"nsu=http://opcfoundation.org/UA/Plc/Applications;s=DipData":{"Value":{"Type":11,"Body":98.228725072868869},"SourceTimestamp":"2024-04-27T12:32:00.4547354Z"},"nsu=http://opcfoundation.org/UA/Plc/Applications;s=FastUIntScalar1":{"Value":{"Type":7,"Body":39},"SourceTimestamp":"2024-04-27T12:32:00.4546965Z"},"nsu=http://opcfoundation.org/UA/Plc/Applications;s=FastUIntScalar2":{"Value":{"Type":7,"Body":39},"SourceTimestamp":"2024-04-27T12:32:00.454724Z"},"nsu=http://opcfoundation.org/UA/Plc/Applications;s=FastUIntScalar3":{"Value":{"Type":7,"Body":39},"SourceTimestamp":"2024-04-27T12:32:00.4547263Z"},"nsu=http://opcfoundation.org/UA/Plc/Applications;s=FastRandomUIntScalar1":{"Value":{"Type":7,"Body":1529670312},"SourceTimestamp":"2024-04-27T12:32:00.4546927Z"},"nsu=http://opcfoundation.org/UA/Plc/Applications;s=FastRandomUIntScalar2":{"Value":{"Type":7,"Body":463297320},"SourceTimestamp":"2024-04-27T12:32:00.4547048Z"},"nsu=http://opcfoundation.org/UA/Plc/Applications;s=FastRandomUIntScalar3":{"Value":{"Type":7,"Body":1652736698},"SourceTimestamp":"2024-04-27T12:32:00.4547769Z"},"nsu=http://opcfoundation.org/UA/Plc/Applications;s=SpikeData":{"Value":{"Type":11,"Body":98.228725072868869},"SourceTimestamp":"2024-04-27T12:32:00.4547327Z"}}}]}