{"MessageId":"73b65281-a00f-46e1-a6ea-b12cf3c047a4","MessageType":"ua-data","PublisherId":"DESKTOP-BGFJS91","DataSetWriterGroup":"<<UnknownWriterGroup>>","Messages":[{"MetaDataVersion":{"MajorVersion":1},"MessageType":"ua-deltaframe","DataSetWriterName":"<<UnknownDataSet>>","Payload":{"nsu=http://opcfoundation.org/UA/Plc/Applications;s=StepUp":{"Value":{"Type":7,"Body":421},"SourceTimestamp":"2024-04-27T12:32:03.5638273Z"},"nsu=http://opcfoundation.org/UA/Plc/Applications;s=RandomSignedInt32":{"Value":{"Type":6,"Body":63371438},"SourceTimestamp":"2024-04-27T12:32:03.5638265Z"},"nsu=http://opcfoundation.org/UA/Plc/Applications;s=RandomUnsignedInt32":{"Value":{"Type":7,"Body":1760102177},"SourceTimestamp":"2024-04-27T12:32:03.5638174Z"},"nsu=http://opcfoundation.org/UA/Plc/Applications;s=DipData":{"Value":{"Type":11,"Body":-58.778525229247336},"SourceTimestamp":"2024-04-27T12:32:03.5638191Z"},"nsu=http://opcfoundation.org/UA/Plc/Applications;s=FastUIntScalar1":{"Value":{"Type":7,"Body":42},"SourceTimestamp":"2024-04-27T12:32:03.4548062Z"},"nsu=http://opcfoundation.org/UA/Plc/Applications;s=FastUIntScalar2":{"Value":{"Type":7,"Body":42},"SourceTimestamp":"2024-04-27T12:32:03.4548236Z"},"nsu=http://opcfoundation.org/UA/Plc/Applications;s=FastUIntScalar3":{"Value":{"Type":7,"Body":42},"SourceTimestamp":"2024-04-27T12:32:03.45484Z"},"nsu=http://opcfoundation.org/UA/Plc/Applications;s=FastRandomUIntScalar1":{"Value":{"Type":7,"Body":4022153683},"SourceTimestamp":"2024-04-27T12:32:03.454816Z"},"nsu=http://opcfoundation.org/UA/Plc/Applications;s=FastRandomUIntScalar2":{"Value":{"Type":7,"Body":1078662468},"SourceTimestamp":"2024-04-27T12:32:03.454838Z"},"nsu=http://opcfoundation.org/UA/Plc/Applications;s=FastRandomUIntScalar3":{"Value":{"Type":7,"Body":2812815273},"SourceTimestamp":"2024-04-27T12:32:03.4548429Z"},"nsu=http://opcfoundation.org/UA/Plc/Applications;s=SpikeData":{"Value":{"Type":11,"Body":-58.778525229247336},"SourceTimestamp":"2024-04-27T12:32:03.5637848Z"}}}]}