{"MessageId":"15cb99ac-b580-4e74-b98e-1c1fd71cf878","MessageType":"ua-data","PublisherId":"DESKTOP-BGFJS91","DataSetWriterGroup":"<<UnknownWriterGroup>>","Messages":[{"MetaDataVersion":{"MajorVersion":1},"MessageType":"ua-deltaframe","DataSetWriterName":"<<UnknownDataSet>>","Payload":{"nsu=http://opcfoundation.org/UA/Plc/Applications;s=StepUp":{"Value":{"Type":7,"Body":491},"SourceTimestamp":"2024-04-27T12:32:10.554476Z"},"nsu=http://opcfoundation.org/UA/Plc/Applications;s=RandomSignedInt32":{"Value":{"Type":6,"Body":2005642301},"SourceTimestamp":"2024-04-27T12:32:10.5544762Z"},"nsu=http://opcfoundation.org/UA/Plc/Applications;s=RandomUnsignedInt32":{"Value":{"Type":7,"Body":1993047006},"SourceTimestamp":"2024-04-27T12:32:10.5544721Z"},"nsu=http://opcfoundation.org/UA/Plc/Applications;s=DipData":{"Value":{"Type":11,"Body":95.10565162951535},"SourceTimestamp":"2024-04-27T12:32:10.5544694Z"},"nsu=http://opcfoundation.org/UA/Plc/Applications;s=FastUIntScalar1":{"Value":{"Type":7,"Body":49},"SourceTimestamp":"2024-04-27T12:32:10.4621442Z"},"nsu=http://opcfoundation.org/UA/Plc/Applications;s=FastUIntScalar2":{"Value":{"Type":7,"Body":49},"SourceTimestamp":"2024-04-27T12:32:10.4621634Z"},"nsu=http://opcfoundation.org/UA/Plc/Applications;s=FastUIntScalar3":{"Value":{"Type":7,"Body":49},"SourceTimestamp":"2024-04-27T12:32:10.462166Z"},"nsu=http://opcfoundation.org/UA/Plc/Applications;s=FastRandomUIntScalar1":{"Value":{"Type":7,"Body":3361257043},"SourceTimestamp":"2024-04-27T12:32:10.4621503Z"},"nsu=http://opcfoundation.org/UA/Plc/Applications;s=FastRandomUIntScalar2":{"Value":{"Type":7,"Body":3287014807},"SourceTimestamp":"2024-04-27T12:32:10.4621609Z"},"nsu=http://opcfoundation.org/UA/Plc/Applications;s=FastRandomUIntScalar3":{"Value":{"Type":7,"Body":2160984656},"SourceTimestamp":"2024-04-27T12:32:10.4621629Z"},"nsu=http://opcfoundation.org/UA/Plc/Applications;s=SpikeData":{"Value":{"Type":11,"Body":95.10565162951535},"SourceTimestamp":"2024-04-27T12:32:10.5544571Z"}}}]}