{"MessageId":"16f8da73-b4f6-4395-9b0d-ac76316e1a60","MessageType":"ua-data","PublisherId":"DESKTOP-BGFJS91","DataSetWriterGroup":"<<UnknownWriterGroup>>","Messages":[{"MetaDataVersion":{"MajorVersion":1},"MessageType":"ua-deltaframe","DataSetWriterName":"<<UnknownDataSet>>","Payload":{"nsu=http://opcfoundation.org/UA/Plc/Applications;s=StepUp":{"Value":{"Type":7,"Body":81},"SourceTimestamp":"2024-04-27T12:31:29.5567909Z"},"nsu=http://opcfoundation.org/UA/Plc/Applications;s=RandomSignedInt32":{"Value":{"Type":6,"Body":-753645408},"SourceTimestamp":"2024-04-27T12:31:29.5567786Z"},"nsu=http://opcfoundation.org/UA/Plc/Applications;s=RandomUnsignedInt32":{"Value":{"Type":7,"Body":1874580357},"SourceTimestamp":"2024-04-27T12:31:29.5567687Z"},"nsu=http://opcfoundation.org/UA/Plc/Applications;s=DipData":{"Value":{"Type":11,"Body":58.778525229247322},"SourceTimestamp":"2024-04-27T12:31:29.5567779Z"},"nsu=http://opcfoundation.org/UA/Plc/Applications;s=FastUIntScalar1":{"Value":{"Type":7,"Body":8},"SourceTimestamp":"2024-04-27T12:31:29.4630001Z"},"nsu=http://opcfoundation.org/UA/Plc/Applications;s=FastUIntScalar2":{"Value":{"Type":7,"Body":8},"SourceTimestamp":"2024-04-27T12:31:29.4630214Z"},"nsu=http://opcfoundation.org/UA/Plc/Applications;s=FastUIntScalar3":{"Value":{"Type":7,"Body":8},"SourceTimestamp":"2024-04-27T12:31:29.4630253Z"},"nsu=http://opcfoundation.org/UA/Plc/Applications;s=FastRandomUIntScalar1":{"Value":{"Type":7,"Body":3177066036},"SourceTimestamp":"2024-04-27T12:31:29.4630005Z"},"nsu=http://opcfoundation.org/UA/Plc/Applications;s=FastRandomUIntScalar2":{"Value":{"Type":7,"Body":3061062805},"SourceTimestamp":"2024-04-27T12:31:29.4630161Z"},"nsu=http://opcfoundation.org/UA/Plc/Applications;s=FastRandomUIntScalar3":{"Value":{"Type":7,"Body":3678774970},"SourceTimestamp":"2024-04-27T12:31:29.4630232Z"},"nsu=http://opcfoundation.org/UA/Plc/Applications;s=SpikeData":{"Value":{"Type":11,"Body":58.778525229247322},"SourceTimestamp":"2024-04-27T12:31:29.5567357Z"}}}]}