{"MessageId":"e4a2cffc-6246-4947-baf8-8fb74072e58b","MessageType":"ua-data","PublisherId":"DESKTOP-BGFJS91","DataSetWriterGroup":"<<UnknownWriterGroup>>","Messages":[{"MetaDataVersion":{"MajorVersion":1},"MessageType":"ua-deltaframe","DataSetWriterName":"<<UnknownDataSet>>","Payload":{"nsu=http://opcfoundation.org/UA/Plc/Applications;s=StepUp":{"Value":{"Type":7,"Body":721},"SourceTimestamp":"2024-04-27T12:32:33.5540935Z"},"nsu=http://opcfoundation.org/UA/Plc/Applications;s=RandomSignedInt32":{"Value":{"Type":6,"Body":-155713559},"SourceTimestamp":"2024-04-27T12:32:33.5541003Z"},"nsu=http://opcfoundation.org/UA/Plc/Applications;s=RandomUnsignedInt32":{"Value":{"Type":7,"Body":666771679},"SourceTimestamp":"2024-04-27T12:32:33.5540918Z"},"nsu=http://opcfoundation.org/UA/Plc/Applications;s=DipData":{"Value":{"Type":11,"Body":-58.778525229247336},"SourceTimestamp":"2024-04-27T12:32:33.55409Z"},"nsu=http://opcfoundation.org/UA/Plc/Applications;s=FastUIntScalar1":{"Value":{"Type":7,"Body":72},"SourceTimestamp":"2024-04-27T12:32:33.4613472Z"},"nsu=http://opcfoundation.org/UA/Plc/Applications;s=FastUIntScalar2":{"Value":{"Type":7,"Body":72},"SourceTimestamp":"2024-04-27T12:32:33.4613571Z"},"nsu=http://opcfoundation.org/UA/Plc/Applications;s=FastUIntScalar3":{"Value":{"Type":7,"Body":72},"SourceTimestamp":"2024-04-27T12:32:33.4613649Z"},"nsu=http://opcfoundation.org/UA/Plc/Applications;s=FastRandomUIntScalar1":{"Value":{"Type":7,"Body":4116184830},"SourceTimestamp":"2024-04-27T12:32:33.4613497Z"},"nsu=http://opcfoundation.org/UA/Plc/Applications;s=FastRandomUIntScalar2":{"Value":{"Type":7,"Body":2483328829},"SourceTimestamp":"2024-04-27T12:32:33.461364Z"},"nsu=http://opcfoundation.org/UA/Plc/Applications;s=FastRandomUIntScalar3":{"Value":{"Type":7,"Body":2589256689},"SourceTimestamp":"2024-04-27T12:32:33.461366Z"},"nsu=http://opcfoundation.org/UA/Plc/Applications;s=SpikeData":{"Value":{"Type":11,"Body":-58.778525229247336},"SourceTimestamp":"2024-04-27T12:32:33.5540712Z"}}}]}