{"MessageId":"a83543d4-97da-4c40-b34c-90df6b87238b","MessageType":"ua-data","PublisherId":"DESKTOP-BGFJS91","DataSetWriterGroup":"<<UnknownWriterGroup>>","Messages":[{"MetaDataVersion":{"MajorVersion":1},"MessageType":"ua-deltaframe","DataSetWriterName":"<<UnknownDataSet>>","Payload":{"nsu=http://opcfoundation.org/UA/Plc/Applications;s=StepUp":{"Value":{"Type":7,"Body":740},"SourceTimestamp":"2024-04-27T12:32:35.462687Z"},"nsu=http://opcfoundation.org/UA/Plc/Applications;s=RandomSignedInt32":{"Value":{"Type":6,"Body":-442071547},"SourceTimestamp":"2024-04-27T12:32:35.4626843Z"},"nsu=http://opcfoundation.org/UA/Plc/Applications;s=RandomUnsignedInt32":{"Value":{"Type":7,"Body":32583029},"SourceTimestamp":"2024-04-27T12:32:35.4626836Z"},"nsu=http://opcfoundation.org/UA/Plc/Applications;s=DipData":{"Value":{"Type":11,"Body":98.228725072868869},"SourceTimestamp":"2024-04-27T12:32:35.4626581Z"},"nsu=http://opcfoundation.org/UA/Plc/Applications;s=FastUIntScalar1":{"Value":{"Type":7,"Body":74},"SourceTimestamp":"2024-04-27T12:32:35.4625942Z"},"nsu=http://opcfoundation.org/UA/Plc/Applications;s=FastUIntScalar2":{"Value":{"Type":7,"Body":74},"SourceTimestamp":"2024-04-27T12:32:35.4626099Z"},"nsu=http://opcfoundation.org/UA/Plc/Applications;s=FastUIntScalar3":{"Value":{"Type":7,"Body":74},"SourceTimestamp":"2024-04-27T12:32:35.4626257Z"},"nsu=http://opcfoundation.org/UA/Plc/Applications;s=FastRandomUIntScalar1":{"Value":{"Type":7,"Body":1446612247},"SourceTimestamp":"2024-04-27T12:32:35.4626062Z"},"nsu=http://opcfoundation.org/UA/Plc/Applications;s=FastRandomUIntScalar2":{"Value":{"Type":7,"Body":62876860},"SourceTimestamp":"2024-04-27T12:32:35.462623Z"},"nsu=http://opcfoundation.org/UA/Plc/Applications;s=FastRandomUIntScalar3":{"Value":{"Type":7,"Body":2142526661},"SourceTimestamp":"2024-04-27T12:32:35.4626281Z"},"nsu=http://opcfoundation.org/UA/Plc/Applications;s=SpikeData":{"Value":{"Type":11,"Body":95.10565162951535},"SourceTimestamp":"2024-04-27T12:32:35.5556561Z"}}}]}