{"MessageId":"b4719e26-d6c1-4520-9e3c-89319c71fe06","MessageType":"ua-data","PublisherId":"DESKTOP-BGFJS91","DataSetWriterGroup":"<<UnknownWriterGroup>>","Messages":[{"MetaDataVersion":{"MajorVersion":1},"MessageType":"ua-deltaframe","DataSetWriterName":"<<UnknownDataSet>>","Payload":{"nsu=http://opcfoundation.org/UA/Plc/Applications;s=StepUp":{"Value":{"Type":7,"Body":781},"SourceTimestamp":"2024-04-27T12:32:39.5555603Z"},"nsu=http://opcfoundation.org/UA/Plc/Applications;s=RandomSignedInt32":{"Value":{"Type":6,"Body":-595343082},"SourceTimestamp":"2024-04-27T12:32:39.5555462Z"},"nsu=http://opcfoundation.org/UA/Plc/Applications;s=RandomUnsignedInt32":{"Value":{"Type":7,"Body":993733354},"SourceTimestamp":"2024-04-27T12:32:39.555537Z"},"nsu=http://opcfoundation.org/UA/Plc/Applications;s=DipData":{"Value":{"Type":11,"Body":58.778525229247322},"SourceTimestamp":"2024-04-27T12:32:39.5555409Z"},"nsu=http://opcfoundation.org/UA/Plc/Applications;s=FastUIntScalar1":{"Value":{"Type":7,"Body":78},"SourceTimestamp":"2024-04-27T12:32:39.4613389Z"},"nsu=http://opcfoundation.org/UA/Plc/Applications;s=FastUIntScalar2":{"Value":{"Type":7,"Body":78},"SourceTimestamp":"2024-04-27T12:32:39.4613555Z"},"nsu=http://opcfoundation.org/UA/Plc/Applications;s=FastUIntScalar3":{"Value":{"Type":7,"Body":78},"SourceTimestamp":"2024-04-27T12:32:39.4613587Z"},"nsu=http://opcfoundation.org/UA/Plc/Applications;s=FastRandomUIntScalar1":{"Value":{"Type":7,"Body":3535904190},"SourceTimestamp":"2024-04-27T12:32:39.4613435Z"},"nsu=http://opcfoundation.org/UA/Plc/Applications;s=FastRandomUIntScalar2":{"Value":{"Type":7,"Body":3591363814},"SourceTimestamp":"2024-04-27T12:32:39.4613868Z"},"nsu=http://opcfoundation.org/UA/Plc/Applications;s=FastRandomUIntScalar3":{"Value":{"Type":7,"Body":1166125751},"SourceTimestamp":"2024-04-27T12:32:39.4613908Z"},"nsu=http://opcfoundation.org/UA/Plc/Applications;s=SpikeData":{"Value":{"Type":11,"Body":58.778525229247322},"SourceTimestamp":"2024-04-27T12:32:39.5555129Z"}}}]}