{"MessageId":"44817fbe-56e8-46da-a959-bd25f692469f","MessageType":"ua-data","PublisherId":"DESKTOP-BGFJS91","DataSetWriterGroup":"<<UnknownWriterGroup>>","Messages":[{"MetaDataVersion":{"MajorVersion":1},"MessageType":"ua-deltaframe","DataSetWriterName":"<<UnknownDataSet>>","Payload":{"nsu=http://opcfoundation.org/UA/Plc/Applications;s=StepUp":{"Value":{"Type":7,"Body":840},"SourceTimestamp":"2024-04-27T12:32:45.4577868Z"},"nsu=http://opcfoundation.org/UA/Plc/Applications;s=RandomSignedInt32":{"Value":{"Type":6,"Body":-93395657},"SourceTimestamp":"2024-04-27T12:32:45.4577853Z"},"nsu=http://opcfoundation.org/UA/Plc/Applications;s=RandomUnsignedInt32":{"Value":{"Type":7,"Body":189969397},"SourceTimestamp":"2024-04-27T12:32:45.4577817Z"},"nsu=http://opcfoundation.org/UA/Plc/Applications;s=DipData":{"Value":{"Type":11,"Body":98.228725072868869},"SourceTimestamp":"2024-04-27T12:32:45.4577902Z"},"nsu=http://opcfoundation.org/UA/Plc/Applications;s=FastUIntScalar1":{"Value":{"Type":7,"Body":84},"SourceTimestamp":"2024-04-27T12:32:45.4577337Z"},"nsu=http://opcfoundation.org/UA/Plc/Applications;s=FastUIntScalar2":{"Value":{"Type":7,"Body":84},"SourceTimestamp":"2024-04-27T12:32:45.4577469Z"},"nsu=http://opcfoundation.org/UA/Plc/Applications;s=FastUIntScalar3":{"Value":{"Type":7,"Body":84},"SourceTimestamp":"2024-04-27T12:32:45.4577485Z"},"nsu=http://opcfoundation.org/UA/Plc/Applications;s=FastRandomUIntScalar1":{"Value":{"Type":7,"Body":947953683},"SourceTimestamp":"2024-04-27T12:32:45.4577432Z"},"nsu=http://opcfoundation.org/UA/Plc/Applications;s=FastRandomUIntScalar2":{"Value":{"Type":7,"Body":94872211},"SourceTimestamp":"2024-04-27T12:32:45.4577603Z"},"nsu=http://opcfoundation.org/UA/Plc/Applications;s=FastRandomUIntScalar3":{"Value":{"Type":7,"Body":4250831301},"SourceTimestamp":"2024-04-27T12:32:45.4577658Z"},"nsu=http://opcfoundation.org/UA/Plc/Applications;s=SpikeData":{"Value":{"Type":11,"Body":98.228725072868869},"SourceTimestamp":"2024-04-27T12:32:45.457777Z"}}}]}