{"MessageId":"e82fa18d-e79b-46c6-b8cb-d1799c4be459","MessageType":"ua-data","PublisherId":"DESKTOP-BGFJS91","DataSetWriterGroup":"<<UnknownWriterGroup>>","Messages":[{"MetaDataVersion":{"MajorVersion":1},"MessageType":"ua-deltaframe","DataSetWriterName":"<<UnknownDataSet>>","Payload":{"nsu=http://opcfoundation.org/UA/Plc/Applications;s=StepUp":{"Value":{"Type":7,"Body":881},"SourceTimestamp":"2024-04-27T12:32:49.5573659Z"},"nsu=http://opcfoundation.org/UA/Plc/Applications;s=RandomSignedInt32":{"Value":{"Type":6,"Body":-1039276916},"SourceTimestamp":"2024-04-27T12:32:49.5573708Z"},"nsu=http://opcfoundation.org/UA/Plc/Applications;s=RandomUnsignedInt32":{"Value":{"Type":7,"Body":1647372868},"SourceTimestamp":"2024-04-27T12:32:49.5573621Z"},"nsu=http://opcfoundation.org/UA/Plc/Applications;s=DipData":{"Value":{"Type":11,"Body":58.778525229247322},"SourceTimestamp":"2024-04-27T12:32:49.557355Z"},"nsu=http://opcfoundation.org/UA/Plc/Applications;s=FastUIntScalar1":{"Value":{"Type":7,"Body":88},"SourceTimestamp":"2024-04-27T12:32:49.4508226Z"},"nsu=http://opcfoundation.org/UA/Plc/Applications;s=FastUIntScalar2":{"Value":{"Type":7,"Body":88},"SourceTimestamp":"2024-04-27T12:32:49.4508314Z"},"nsu=http://opcfoundation.org/UA/Plc/Applications;s=FastUIntScalar3":{"Value":{"Type":7,"Body":88},"SourceTimestamp":"2024-04-27T12:32:49.4508384Z"},"nsu=http://opcfoundation.org/UA/Plc/Applications;s=FastRandomUIntScalar1":{"Value":{"Type":7,"Body":3834192736},"SourceTimestamp":"2024-04-27T12:32:49.4508243Z"},"nsu=http://opcfoundation.org/UA/Plc/Applications;s=FastRandomUIntScalar2":{"Value":{"Type":7,"Body":618123876},"SourceTimestamp":"2024-04-27T12:32:49.4508378Z"},"nsu=http://opcfoundation.org/UA/Plc/Applications;s=FastRandomUIntScalar3":{"Value":{"Type":7,"Body":836085295},"SourceTimestamp":"2024-04-27T12:32:49.4508398Z"},"nsu=http://opcfoundation.org/UA/Plc/Applications;s=SpikeData":{"Value":{"Type":11,"Body":58.778525229247322},"SourceTimestamp":"2024-04-27T12:32:49.557338Z"}}}]}