{"MessageId":"66db86f2-768c-46be-b657-da6b3880ff21","MessageType":"ua-data","PublisherId":"DESKTOP-BGFJS91","DataSetWriterGroup":"<<UnknownWriterGroup>>","Messages":[{"MetaDataVersion":{"MajorVersion":1},"MessageType":"ua-deltaframe","DataSetWriterName":"<<UnknownDataSet>>","Payload":{"nsu=http://opcfoundation.org/UA/Plc/Applications;s=StepUp":{"Value":{"Type":7,"Body":1010},"SourceTimestamp":"2024-04-27T12:33:02.4507513Z"},"nsu=http://opcfoundation.org/UA/Plc/Applications;s=RandomSignedInt32":{"Value":{"Type":6,"Body":749536109},"SourceTimestamp":"2024-04-27T12:33:02.4507534Z"},"nsu=http://opcfoundation.org/UA/Plc/Applications;s=RandomUnsignedInt32":{"Value":{"Type":7,"Body":825261803},"SourceTimestamp":"2024-04-27T12:33:02.4507472Z"},"nsu=http://opcfoundation.org/UA/Plc/Applications;s=DipData":{"Value":{"Type":11,"Body":-90.482705246601952},"SourceTimestamp":"2024-04-27T12:33:02.4507476Z"},"nsu=http://opcfoundation.org/UA/Plc/Applications;s=FastUIntScalar1":{"Value":{"Type":7,"Body":101},"SourceTimestamp":"2024-04-27T12:33:02.4507048Z"},"nsu=http://opcfoundation.org/UA/Plc/Applications;s=FastUIntScalar2":{"Value":{"Type":7,"Body":101},"SourceTimestamp":"2024-04-27T12:33:02.4507276Z"},"nsu=http://opcfoundation.org/UA/Plc/Applications;s=FastUIntScalar3":{"Value":{"Type":7,"Body":101},"SourceTimestamp":"2024-04-27T12:33:02.4507364Z"},"nsu=http://opcfoundation.org/UA/Plc/Applications;s=FastRandomUIntScalar1":{"Value":{"Type":7,"Body":337688431},"SourceTimestamp":"2024-04-27T12:33:02.4507266Z"},"nsu=http://opcfoundation.org/UA/Plc/Applications;s=FastRandomUIntScalar2":{"Value":{"Type":7,"Body":1103788819},"SourceTimestamp":"2024-04-27T12:33:02.4507349Z"},"nsu=http://opcfoundation.org/UA/Plc/Applications;s=FastRandomUIntScalar3":{"Value":{"Type":7,"Body":1880730611},"SourceTimestamp":"2024-04-27T12:33:02.4507378Z"},"nsu=http://opcfoundation.org/UA/Plc/Applications;s=SpikeData":{"Value":{"Type":11,"Body":-90.482705246601952},"SourceTimestamp":"2024-04-27T12:33:02.4507387Z"}}}]}