{"MessageId":"2bfc4028-5ad8-4f79-bac6-238a3579501f","MessageType":"ua-data","PublisherId":"DESKTOP-BGFJS91","DataSetWriterGroup":"<<UnknownWriterGroup>>","Messages":[{"MetaDataVersion":{"MajorVersion":1},"MessageType":"ua-deltaframe","DataSetWriterName":"<<UnknownDataSet>>","Payload":{"ns=23;i=1259":{"Value":{"Type":11,"Body":-0.79900000000000004},"SourceTimestamp":"2024-04-27T12:10:32.0846612Z"},"i=2258":{"Value":{"Type":13,"Body":"2024-04-27T12:10:44.0954592Z"},"SourceTimestamp":"2024-04-27T12:10:32.0844936Z"}}}]}