{"MessageId":"0814abff-1361-4767-9cb5-8eb7d163ef64","MessageType":"ua-data","PublisherId":"DESKTOP-BGFJS91","DataSetWriterGroup":"<<UnknownWriterGroup>>","Messages":[{"MetaDataVersion":{"MajorVersion":1},"MessageType":"ua-deltaframe","DataSetWriterName":"<<UnknownDataSet>>","Payload":{"i=2258":{"Value":{"Type":13,"Body":"2024-04-27T12:10:49.0973463Z"},"SourceTimestamp":"2024-04-27T12:10:32.0844936Z"}}},{"MetaDataVersion":{"MajorVersion":1},"MessageType":"ua-deltaframe","DataSetWriterName":"<<UnknownDataSet>>","Payload":{"i=2258":{"Value":{"Type":13,"Body":"2024-04-27T12:10:50.0871597Z"},"SourceTimestamp":"2024-04-27T12:10:32.0844936Z"}}}]}