{"MessageId":"7fbf069a-9062-4ea6-9920-60293e1e723b","MessageType":"ua-data","PublisherId":"DESKTOP-BGFJS91","DataSetWriterGroup":"<<UnknownWriterGroup>>","Messages":[{"MetaDataVersion":{"MajorVersion":1},"MessageType":"ua-deltaframe","DataSetWriterName":"<<UnknownDataSet>>","Payload":{"ns=23;i=1259":{"Value":{"Type":11,"Body":0.30199999999999999},"SourceTimestamp":"2024-04-27T12:10:32.0846612Z"},"i=2258":{"Value":{"Type":13,"Body":"2024-04-27T12:10:34.1854031Z"},"SourceTimestamp":"2024-04-27T12:10:32.0844936Z"}}}]}