{"MessageId":"dd7fdca4-b767-4ec5-a844-ac3f2b15d31e","MessageType":"ua-data","PublisherId":"DESKTOP-BGFJS91","DataSetWriterGroup":"<<UnknownWriterGroup>>","Messages":[{"MetaDataVersion":{"MajorVersion":1},"MessageType":"ua-deltaframe","DataSetWriterName":"<<UnknownDataSet>>","Payload":{"ns=23;i=1259":{"Value":{"Type":11,"Body":0.83000000000000007},"SourceTimestamp":"2024-04-27T12:10:32.0846612Z"},"i=2258":{"Value":{"Type":13,"Body":"2024-04-27T12:11:09.0984564Z"},"SourceTimestamp":"2024-04-27T12:10:32.0844936Z"}}}]}