{"MessageId":"983ae149-d8ae-480c-ab40-f4d9e87cc5b1","MessageType":"ua-data","PublisherId":"DESKTOP-BGFJS91","DataSetWriterGroup":"<<UnknownWriterGroup>>","Messages":[{"MetaDataVersion":{"MajorVersion":1},"MessageType":"ua-deltaframe","DataSetWriterName":"<<UnknownDataSet>>","Payload":{"ns=23;i=1259":{"Value":{"Type":11,"Body":0.59799999999999998},"SourceTimestamp":"2024-04-27T12:10:32.0846612Z"},"i=2258":{"Value":{"Type":13,"Body":"2024-04-27T12:11:20.9894486Z"},"SourceTimestamp":"2024-04-27T12:10:32.0844936Z"}}}]}