{"MessageId":"450d67f1-9999-4bd5-8056-91389174edec","MessageType":"ua-data","PublisherId":"DESKTOP-BGFJS91","DataSetWriterGroup":"<<UnknownWriterGroup>>","Messages":[{"MetaDataVersion":{"MajorVersion":1},"MessageType":"ua-deltaframe","DataSetWriterName":"<<UnknownDataSet>>","Payload":{"ns=23;i=1259":{"Value":{"Type":11,"Body":1.1400000000000001},"SourceTimestamp":"2024-04-27T12:10:32.0846612Z"}}},{"MetaDataVersion":{"MajorVersion":1},"MessageType":"ua-deltaframe","DataSetWriterName":"<<UnknownDataSet>>","Payload":{"ns=23;i=1259":{"Value":{"Type":11,"Body":1.05},"SourceTimestamp":"2024-04-27T12:10:32.0846612Z"}}}]}