{"MessageId":"c93ead55-e19d-4af2-b91b-63b7728d01eb","MessageType":"ua-data","PublisherId":"DESKTOP-BGFJS91","DataSetWriterGroup":"<<UnknownWriterGroup>>","Messages":[{"MetaDataVersion":{"MajorVersion":1},"MessageType":"ua-deltaframe","DataSetWriterName":"<<UnknownDataSet>>","Payload":{"ns=23;i=1259":{"Value":{"Type":11,"Body":-0},"SourceTimestamp":"2024-04-27T12:10:32.0846612Z"},"i=2258":{"Value":{"Type":13,"Body":"2024-04-27T12:11:25.0882001Z"},"SourceTimestamp":"2024-04-27T12:10:32.0844936Z"}}}]}