[{"EventId":"8mMnxQSbhEKphZcw3ykcHA==","EventType":{"IdType":1,"Id":"ReferenceChange"},"SourceNode":{"Id":281,"Namespace":"http://opcfoundation.org/UA/Vehicles/Instances"},"Time":"2024-04-28T10:22:55.4043642Z","Change":{"ReferenceTypeId":{"Id":47},"IsForward":true,"NodeId":{"Id":375,"Namespace":"http://opcfoundation.org/UA/Vehicles/Instances"},"BrowseName":{"Name":"DriverOfTheMonth","Uri":"http://opcfoundation.org/UA/Vehicles/Instances"},"DisplayName":"DriverOfTheMonth","NodeClass":"Object_1","TypeDefinition":{"Id":341,"Namespace":"http://opcfoundation.org/UA/Vehicles/Types"}}}]