[{"EventId":"+39Lb0q5NUGbA6eHBOkBLQ==","EventType":{"IdType":1,"Id":"NodeChange"},"SourceNode":{"Id":283,"Namespace":"http://opcfoundation.org/UA/Vehicles/Instances"},"Time":"2024-04-28T10:22:55.4073088Z","Change":{"NodeId":{"Id":283,"Namespace":"http://opcfoundation.org/UA/Vehicles/Instances"},"NodeClass":"Variable_2","BrowseName":{"Name":"VehiclesInLot","Uri":"http://opcfoundation.org/UA/Vehicles/Instances"},"DisplayName":"VehiclesInLot","RolePermissions":[],"UserRolePermissions":[],"References":[],"Value":null,"DataType":{"Id":314,"Namespace":"http://opcfoundation.org/UA/Vehicles/Types"},"ValueRank":1,"ArrayDimensions":[0],"AccessLevel":3,"UserAccessLevel":3,"AccessLevelEx":3}}]