[{"EventId":"QZGCrTXcGEWiWMRI59TEiQ==","EventType":{"IdType":1,"Id":"NodeChange"},"SourceNode":{"IdType":1,"Id":"Area51","Namespace":"http://opcfoundation.org/HistoricalEvents"},"Time":"2024-04-28T10:22:55.4088205Z","Change":{"NodeId":{"IdType":1,"Id":"Area51","Namespace":"http://opcfoundation.org/HistoricalEvents"},"NodeClass":"Object_1","BrowseName":{"Name":"Area51","Uri":"http://opcfoundation.org/HistoricalEvents"},"DisplayName":"Area51","RolePermissions":[],"UserRolePermissions":[],"References":[],"EventNotifier":13}}]