[{"EventId":"p0pqtaWFxUGriiTWy5t04w==","EventType":{"IdType":1,"Id":"NodeChange"},"SourceNode":{"IdType":1,"Id":"UInt32","Namespace":"http://samples.org/UA/memorybuffer/Instance"},"Time":"2024-04-28T10:22:55.4166852Z","Change":{"NodeId":{"IdType":1,"Id":"UInt32","Namespace":"http://samples.org/UA/memorybuffer/Instance"},"NodeClass":"Object_1","BrowseName":{"Name":"UInt32","Uri":"http://samples.org/UA/memorybuffer/Instance"},"DisplayName":"UInt32","RolePermissions":[],"UserRolePermissions":[],"References":[]}}]