[{"EventId":"tgzAPKqBHEiFq4XxHeeBFQ==","EventType":{"IdType":1,"Id":"NodeChange"},"SourceNode":{"IdType":1,"Id":"Double","Namespace":"http://samples.org/UA/memorybuffer/Instance"},"Time":"2024-04-28T10:22:55.4181417Z","Change":{"NodeId":{"IdType":1,"Id":"Double","Namespace":"http://samples.org/UA/memorybuffer/Instance"},"NodeClass":"Object_1","BrowseName":{"Name":"Double","Uri":"http://samples.org/UA/memorybuffer/Instance"},"DisplayName":"Double","RolePermissions":[],"UserRolePermissions":[],"References":[]}}]