[{"EventId":"ZJtk3Vd0a0qJ5fmiFfmLoA==","EventType":{"IdType":1,"Id":"NodeChange"},"SourceNode":{"Id":281,"Namespace":"http://opcfoundation.org/UA/Vehicles/Instances"},"Time":"2024-04-28T10:22:55.2357907Z","Change":{"NodeId":{"Id":281,"Namespace":"http://opcfoundation.org/UA/Vehicles/Instances"},"NodeClass":"Object_1","BrowseName":{"Name":"ParkingLot","Uri":"http://opcfoundation.org/UA/Vehicles/Instances"},"DisplayName":"ParkingLot","RolePermissions":[],"UserRolePermissions":[],"References":[]}}]