[{"EventId":"RkR/a8rd90iUYKEJ0+hG9A==","EventType":{"IdType":1,"Id":"NodeChange"},"SourceNode":{"IdType":1,"Id":"Views","Namespace":"http://opcfoundation.org/ReferenceApplications"},"Time":"2024-04-28T10:22:55.4336516Z","Change":{"NodeId":{"IdType":1,"Id":"Views","Namespace":"http://opcfoundation.org/ReferenceApplications"},"NodeClass":"Object_1","BrowseName":{"Name":"Views","Uri":"http://opcfoundation.org/ReferenceApplications"},"DisplayName":"Views","RolePermissions":[],"UserRolePermissions":[],"References":[]}}]