[{"EventId":"fW4xin5XJ0+3OWMwNAnmYQ==","EventType":{"IdType":1,"Id":"NodeChange"},"SourceNode":{"IdType":1,"Id":"Locales","Namespace":"http://opcfoundation.org/ReferenceApplications"},"Time":"2024-04-28T10:22:55.435272Z","Change":{"NodeId":{"IdType":1,"Id":"Locales","Namespace":"http://opcfoundation.org/ReferenceApplications"},"NodeClass":"Object_1","BrowseName":{"Name":"Locales","Uri":"http://opcfoundation.org/ReferenceApplications"},"DisplayName":"Locales","RolePermissions":[],"UserRolePermissions":[],"References":[]}}]