[{"EventId":"cWKsUDnEAkWXTum+T+MD1g==","EventType":{"IdType":1,"Id":"NodeChange"},"SourceNode":{"IdType":1,"Id":"Sample","Namespace":"http://opcfoundation.org/HistoricalAccess"},"Time":"2024-04-28T10:22:55.4399526Z","Change":{"NodeId":{"IdType":1,"Id":"Sample","Namespace":"http://opcfoundation.org/HistoricalAccess"},"NodeClass":"Object_1","BrowseName":{"Name":"Sample","Uri":"http://opcfoundation.org/HistoricalAccess"},"DisplayName":"Sample","RolePermissions":[],"UserRolePermissions":[],"References":[]}}]