[{"EventId":"YlpFC8lsN02yMfl825YC2A==","EventType":{"IdType":1,"Id":"ReferenceChange"},"SourceNode":{"IdType":1,"Id":"OpcPlc","Namespace":"http://opcfoundation.org/UA/Plc/Applications"},"Time":"2024-04-28T10:22:55.4476385Z","Change":{"ReferenceTypeId":{"Id":35},"IsForward":true,"NodeId":{"IdType":1,"Id":"Telemetry","Namespace":"http://opcfoundation.org/UA/Plc/Applications"},"BrowseName":{"Name":"Telemetry","Uri":"http://opcfoundation.org/UA/Plc/Applications"},"DisplayName":"Telemetry","NodeClass":"Object_1","TypeDefinition":{"Id":61}}}]