[{"EventId":"UaW/Or54ZUiFg5eX/a2new==","EventType":{"IdType":1,"Id":"NodeChange"},"SourceNode":{"IdType":1,"Id":"Telemetry","Namespace":"http://opcfoundation.org/UA/Plc/Applications"},"Time":"2024-04-28T10:22:55.4490691Z","Change":{"NodeId":{"IdType":1,"Id":"Telemetry","Namespace":"http://opcfoundation.org/UA/Plc/Applications"},"NodeClass":"Object_1","BrowseName":{"Name":"Telemetry","Uri":"http://opcfoundation.org/UA/Plc/Applications"},"DisplayName":"Telemetry","RolePermissions":[],"UserRolePermissions":[],"References":[]}}]