[{"EventId":"tTSx/Ehkm0qXWMnsawZ7Gg==","EventType":{"IdType":1,"Id":"ReferenceChange"},"SourceNode":{"IdType":1,"Id":"Views_Engineering","Namespace":"http://opcfoundation.org/ReferenceApplications"},"Time":"2024-04-28T10:22:55.4638967Z","Change":{"ReferenceTypeId":{"Id":35},"IsForward":true,"NodeId":{"IdType":1,"Id":"Scalar_Simulation","Namespace":"http://opcfoundation.org/ReferenceApplications"},"BrowseName":{"Name":"Scalar_Simulation","Uri":"http://opcfoundation.org/ReferenceApplications"},"DisplayName":"Simulation","NodeClass":"Object_1","TypeDefinition":{"Id":61}}}]