[{"EventId":"cGWHUk4/2kGHQj+1RYeRDw==","EventType":{"IdType":1,"Id":"ReferenceChange"},"SourceNode":{"IdType":1,"Id":"Views_Operations","Namespace":"http://opcfoundation.org/ReferenceApplications"},"Time":"2024-04-28T10:22:55.4655187Z","Change":{"ReferenceTypeId":{"Id":35},"IsForward":true,"NodeId":{"IdType":1,"Id":"Scalar_Static_Mass","Namespace":"http://opcfoundation.org/ReferenceApplications"},"BrowseName":{"Name":"Scalar_Static_Mass","Uri":"http://opcfoundation.org/ReferenceApplications"},"DisplayName":"Mass","NodeClass":"Object_1","TypeDefinition":{"Id":61}}}]