[{"EventId":"6HZuPrGcRE6mNiDYq4w2ZA==","EventType":{"IdType":1,"Id":"ReferenceChange"},"SourceNode":{"Id":375,"Namespace":"http://opcfoundation.org/UA/Vehicles/Instances"},"Time":"2024-04-28T10:22:55.6981564Z","Change":{"ReferenceTypeId":{"Id":46},"IsForward":true,"NodeId":{"Id":377,"Namespace":"http://opcfoundation.org/UA/Vehicles/Instances"},"BrowseName":{"Name":"OwnedVehicles","Uri":"http://opcfoundation.org/UA/Vehicles/Types"},"DisplayName":"OwnedVehicles","NodeClass":"Variable_2","TypeDefinition":{"Id":68}}}]