[{"EventId":"9W3M6Y3HzkSK4zh1LIvHnQ==","EventType":{"IdType":1,"Id":"NodeChange"},"SourceNode":{"Id":377,"Namespace":"http://opcfoundation.org/UA/Vehicles/Instances"},"Time":"2024-04-28T10:22:55.6994901Z","Change":{"NodeId":{"Id":377,"Namespace":"http://opcfoundation.org/UA/Vehicles/Instances"},"NodeClass":"Variable_2","BrowseName":{"Name":"OwnedVehicles","Uri":"http://opcfoundation.org/UA/Vehicles/Types"},"DisplayName":"OwnedVehicles","RolePermissions":[],"UserRolePermissions":[],"References":[],"Value":null,"DataType":{"Id":314,"Namespace":"http://opcfoundation.org/UA/Vehicles/Types"},"ValueRank":1,"ArrayDimensions":[0],"AccessLevel":3,"UserAccessLevel":3,"AccessLevelEx":3}}]