[{"EventId":"XuCWs2gXUUqOiO233C2bjw==","EventType":{"IdType":1,"Id":"NodeChange"},"SourceNode":{"IdType":1,"Id":"Well_24412","Namespace":"http://opcfoundation.org/HistoricalEvents"},"Time":"2024-04-28T10:22:55.7009305Z","Change":{"NodeId":{"IdType":1,"Id":"Well_24412","Namespace":"http://opcfoundation.org/HistoricalEvents"},"NodeClass":"Object_1","BrowseName":{"Name":"Jupiter","Uri":"http://opcfoundation.org/HistoricalEvents"},"DisplayName":"Jupiter","RolePermissions":[],"UserRolePermissions":[],"References":[],"EventNotifier":13}}]