[{"EventId":"GWzzxNDKn0KW4D07vyvSIg==","EventType":{"IdType":1,"Id":"NodeChange"},"SourceNode":{"IdType":1,"Id":"0:Boiler #1?SteamOut","Namespace":"http://opcfoundation.org/UA/Views"},"Time":"2024-04-28T10:22:55.7085426Z","Change":{"NodeId":{"IdType":1,"Id":"0:Boiler #1?SteamOut","Namespace":"http://opcfoundation.org/UA/Views"},"NodeClass":"Object_1","BrowseName":{"Name":"SteamOut","Uri":"http://opcfoundation.org/UA/Views"},"DisplayName":"SteamOut","RolePermissions":[],"UserRolePermissions":[],"References":[]}}]