[{"EventId":"j4yiSPLYeU6x+HBfm6xmOQ==","EventType":{"IdType":1,"Id":"NodeChange"},"SourceNode":{"IdType":1,"Id":"0:Boiler #1?Drum","Namespace":"http://opcfoundation.org/UA/Views"},"Time":"2024-04-28T10:22:55.7100309Z","Change":{"NodeId":{"IdType":1,"Id":"0:Boiler #1?Drum","Namespace":"http://opcfoundation.org/UA/Views"},"NodeClass":"Object_1","BrowseName":{"Name":"Drum","Uri":"http://opcfoundation.org/UA/Views"},"DisplayName":"Drum","RolePermissions":[],"UserRolePermissions":[],"References":[]}}]