[{"EventId":"hNJlqqN9xU6g243sOXK2VQ==","EventType":{"IdType":1,"Id":"NodeChange"},"SourceNode":{"IdType":1,"Id":"0:Boiler #2?Drum","Namespace":"http://opcfoundation.org/UA/Views"},"Time":"2024-04-28T10:22:55.7146563Z","Change":{"NodeId":{"IdType":1,"Id":"0:Boiler #2?Drum","Namespace":"http://opcfoundation.org/UA/Views"},"NodeClass":"Object_1","BrowseName":{"Name":"Drum","Uri":"http://opcfoundation.org/UA/Views"},"DisplayName":"Drum","RolePermissions":[],"UserRolePermissions":[],"References":[]}}]