[{"EventId":"ZAl2sttttUirN08dAJCdQQ==","EventType":{"IdType":1,"Id":"ReferenceChange"},"SourceNode":{"IdType":1,"Id":"UInt32","Namespace":"http://samples.org/UA/memorybuffer/Instance"},"Time":"2024-04-28T10:22:55.7179371Z","Change":{"ReferenceTypeId":{"Id":47},"IsForward":true,"NodeId":{"IdType":1,"Id":"UInt32[0]","Namespace":"http://samples.org/UA/memorybuffer/Instance"},"BrowseName":{"Name":"00000000","Uri":"http://samples.org/UA/memorybuffer"},"DisplayName":"00000000","NodeClass":"Variable_2","TypeDefinition":{"Id":1018,"Namespace":"http://samples.org/UA/memorybuffer"}}}]