[{"SequenceNumber":10,"MetaDataVersion":{"MajorVersion":1},"Timestamp":"2024-04-27T14:38:35.4706224Z","MessageType":"ua-deltaframe","DataSetWriterName":"<<UnknownDataSet>>","Payload":{"i=2258":{"Value":"2024-04-27T14:38:35.4703152Z","SourceTimestamp":"2024-04-27T14:38:25.4550052Z","ServerTimestamp":"2024-04-27T14:38:35.4703138Z"},"nsu=http://opcfoundation.org/UA/Plc/Applications;s=StepUp":{"Value":109,"SourceTimestamp":"2024-04-27T14:38:35.4646894Z","ServerTimestamp":"2024-04-27T14:38:35.470349Z"},"nsu=http://opcfoundation.org/UA/Plc/Applications;s=AlternatingBoolean":{"Value":true,"SourceTimestamp":"2024-04-27T14:38:35.464687Z","ServerTimestamp":"2024-04-27T14:38:35.4703557Z"},"nsu=http://opcfoundation.org/UA/Plc/Applications;s=RandomSignedInt32":{"Value":-1232469122,"SourceTimestamp":"2024-04-27T14:38:35.4646837Z","ServerTimestamp":"2024-04-27T14:38:35.4703503Z"},"nsu=http://opcfoundation.org/UA/Plc/Applications;s=RandomUnsignedInt32":{"Value":500874070,"SourceTimestamp":"2024-04-27T14:38:35.4646806Z","ServerTimestamp":"2024-04-27T14:38:35.4703483Z"},"nsu=http://opcfoundation.org/UA/Plc/Applications;s=DipData":{"Value":-84.432792550201498,"SourceTimestamp":"2024-04-27T14:38:35.4646754Z","ServerTimestamp":"2024-04-27T14:38:35.4703542Z"},"nsu=http://opcfoundation.org/UA/Plc/Applications;s=FastUIntScalar1":{"Value":10,"SourceTimestamp":"2024-04-27T14:38:34.5681532Z","ServerTimestamp":"2024-04-27T14:38:35.4703579Z"},"nsu=http://opcfoundation.org/UA/Plc/Applications;s=FastUIntScalar2":{"Value":10,"SourceTimestamp":"2024-04-27T14:38:34.5681557Z","ServerTimestamp":"2024-04-27T14:38:35.4703457Z"},"nsu=http://opcfoundation.org/UA/Plc/Applications;s=FastUIntScalar3":{"Value":10,"SourceTimestamp":"2024-04-27T14:38:34.5681567Z","ServerTimestamp":"2024-04-27T14:38:35.4703519Z"},"nsu=http://opcfoundation.org/UA/Plc/Applications;s=FastRandomUIntScalar1":{"Value":23802498,"SourceTimestamp":"2024-04-27T14:38:34.5681602Z","ServerTimestamp":"2024-04-27T14:38:35.4703568Z"},"nsu=http://opcfoundation.org/UA/Plc/Applications;s=FastRandomUIntScalar2":{"Value":4134748339,"SourceTimestamp":"2024-04-27T14:38:34.5681615Z","ServerTimestamp":"2024-04-27T14:38:35.47036Z"},"nsu=http://opcfoundation.org/UA/Plc/Applications;s=FastRandomUIntScalar3":{"Value":3790543439,"SourceTimestamp":"2024-04-27T14:38:34.5681625Z","ServerTimestamp":"2024-04-27T14:38:35.4703614Z"},"nsu=http://opcfoundation.org/UA/Plc/Applications;s=NegativeTrendData":{"Value":100,"SourceTimestamp":"2024-04-27T14:38:35.464602Z","ServerTimestamp":"2024-04-27T14:38:35.4703575Z"},"nsu=http://opcfoundation.org/UA/Plc/Applications;s=PositiveTrendData":{"Value":100.2,"SourceTimestamp":"2024-04-27T14:38:35.4646921Z","ServerTimestamp":"2024-04-27T14:38:35.4703607Z"},"nsu=http://opcfoundation.org/UA/Plc/Applications;s=SlowUIntScalar1":{"Value":1,"SourceTimestamp":"2024-04-27T14:38:34.5677301Z","ServerTimestamp":"2024-04-27T14:38:35.4703476Z"},"nsu=http://opcfoundation.org/UA/Plc/Applications;s=SlowUIntScalar2":{"Value":1,"SourceTimestamp":"2024-04-27T14:38:34.567734Z","ServerTimestamp":"2024-04-27T14:38:35.4703467Z"},"nsu=http://opcfoundation.org/UA/Plc/Applications;s=SlowUIntScalar3":{"Value":1,"SourceTimestamp":"2024-04-27T14:38:34.5677354Z","ServerTimestamp":"2024-04-27T14:38:35.4703593Z"},"nsu=http://opcfoundation.org/UA/Plc/Applications;s=BadSlowUIntScalar1":{"Value":1,"SourceTimestamp":"2024-04-27T14:38:34.5677365Z","ServerTimestamp":"2024-04-27T14:38:35.4703512Z"},"nsu=http://opcfoundation.org/UA/Plc/Applications;s=SlowRandomUIntScalar1":{"Value":3505265183,"SourceTimestamp":"2024-04-27T14:38:34.5681457Z","ServerTimestamp":"2024-04-27T14:38:35.4703537Z"},"nsu=http://opcfoundation.org/UA/Plc/Applications;s=SlowRandomUIntScalar2":{"Value":3228138553,"SourceTimestamp":"2024-04-27T14:38:34.5681475Z","ServerTimestamp":"2024-04-27T14:38:35.4703497Z"},"nsu=http://opcfoundation.org/UA/Plc/Applications;s=SlowRandomUIntScalar3":{"Value":562499572,"SourceTimestamp":"2024-04-27T14:38:34.5681486Z","ServerTimestamp":"2024-04-27T14:38:35.4703528Z"},"nsu=http://opcfoundation.org/UA/Plc/Applications;s=BadSlowRandomUIntScalar1":{"Value":635802529,"SourceTimestamp":"2024-04-27T14:38:34.5681495Z","ServerTimestamp":"2024-04-27T14:38:35.4703552Z"},"nsu=http://opcfoundation.org/UA/Plc/Applications;s=SpikeData":{"Value":-84.432792550201498,"SourceTimestamp":"2024-04-27T14:38:35.4646949Z","ServerTimestamp":"2024-04-27T14:38:35.4703586Z"},"ns=23;i=1259":{"Value":-0,"SourceTimestamp":"2024-04-27T14:38:25.4550417Z","ServerTimestamp":"2024-04-27T14:38:35.4703299Z"}}}]