[{"SequenceNumber":104,"MetaDataVersion":{"MajorVersion":1},"Timestamp":"2024-04-27T14:40:09.4610913Z","MessageType":"ua-deltaframe","DataSetWriterName":"<<UnknownDataSet>>","Payload":{"i=2258":{"Value":"2024-04-27T14:40:09.4606675Z","SourceTimestamp":"2024-04-27T14:38:25.4550052Z","ServerTimestamp":"2024-04-27T14:40:09.4606661Z"},"nsu=http://opcfoundation.org/UA/Plc/Applications;s=StepUp":{"Value":1049,"SourceTimestamp":"2024-04-27T14:40:09.4596433Z","ServerTimestamp":"2024-04-27T14:40:09.460716Z"},"nsu=http://opcfoundation.org/UA/Plc/Applications;s=AlternatingBoolean":{"Value":true,"SourceTimestamp":"2024-04-27T14:40:09.459641Z","ServerTimestamp":"2024-04-27T14:40:09.4607285Z"},"nsu=http://opcfoundation.org/UA/Plc/Applications;s=RandomSignedInt32":{"Value":-202728407,"SourceTimestamp":"2024-04-27T14:40:09.4596387Z","ServerTimestamp":"2024-04-27T14:40:09.4607186Z"},"nsu=http://opcfoundation.org/UA/Plc/Applications;s=RandomUnsignedInt32":{"Value":1881159143,"SourceTimestamp":"2024-04-27T14:40:09.459637Z","ServerTimestamp":"2024-04-27T14:40:09.4607148Z"},"nsu=http://opcfoundation.org/UA/Plc/Applications;s=DipData":{"Value":24.868988716485479,"SourceTimestamp":"2024-04-27T14:40:09.4596435Z","ServerTimestamp":"2024-04-27T14:40:09.4607261Z"},"nsu=http://opcfoundation.org/UA/Plc/Applications;s=FastUIntScalar1":{"Value":104,"SourceTimestamp":"2024-04-27T14:40:08.5640883Z","ServerTimestamp":"2024-04-27T14:40:09.4607324Z"},"nsu=http://opcfoundation.org/UA/Plc/Applications;s=FastUIntScalar2":{"Value":104,"SourceTimestamp":"2024-04-27T14:40:08.5640958Z","ServerTimestamp":"2024-04-27T14:40:09.4607099Z"},"nsu=http://opcfoundation.org/UA/Plc/Applications;s=FastUIntScalar3":{"Value":104,"SourceTimestamp":"2024-04-27T14:40:08.564097Z","ServerTimestamp":"2024-04-27T14:40:09.4607219Z"},"nsu=http://opcfoundation.org/UA/Plc/Applications;s=FastRandomUIntScalar1":{"Value":1712781733,"SourceTimestamp":"2024-04-27T14:40:08.5641687Z","ServerTimestamp":"2024-04-27T14:40:09.46073Z"},"nsu=http://opcfoundation.org/UA/Plc/Applications;s=FastRandomUIntScalar2":{"Value":2061037824,"SourceTimestamp":"2024-04-27T14:40:08.5641708Z","ServerTimestamp":"2024-04-27T14:40:09.460737Z"},"nsu=http://opcfoundation.org/UA/Plc/Applications;s=FastRandomUIntScalar3":{"Value":379170518,"SourceTimestamp":"2024-04-27T14:40:08.564172Z","ServerTimestamp":"2024-04-27T14:40:09.4607397Z"},"nsu=http://opcfoundation.org/UA/Plc/Applications;s=NegativeTrendData":{"Value":98.700000000000003,"SourceTimestamp":"2024-04-27T14:40:09.459606Z","ServerTimestamp":"2024-04-27T14:40:09.4607316Z"},"nsu=http://opcfoundation.org/UA/Plc/Applications;s=PositiveTrendData":{"Value":102,"SourceTimestamp":"2024-04-27T14:40:09.4596291Z","ServerTimestamp":"2024-04-27T14:40:09.4607383Z"},"nsu=http://opcfoundation.org/UA/Plc/Applications;s=SlowUIntScalar1":{"Value":10,"SourceTimestamp":"2024-04-27T14:40:04.5693805Z","ServerTimestamp":"2024-04-27T14:40:09.4607133Z"},"nsu=http://opcfoundation.org/UA/Plc/Applications;s=SlowUIntScalar2":{"Value":10,"SourceTimestamp":"2024-04-27T14:40:04.5693862Z","ServerTimestamp":"2024-04-27T14:40:09.4607114Z"},"nsu=http://opcfoundation.org/UA/Plc/Applications;s=SlowUIntScalar3":{"Value":10,"SourceTimestamp":"2024-04-27T14:40:04.5693878Z","ServerTimestamp":"2024-04-27T14:40:09.4607359Z"},"nsu=http://opcfoundation.org/UA/Plc/Applications;s=BadSlowUIntScalar1":{"Value":null,"StatusCode":{"Symbol":"BadNoCommunication","Code":2150694912},"SourceTimestamp":"2024-04-27T14:40:04.5693891Z","ServerTimestamp":"2024-04-27T14:40:09.4607202Z"},"nsu=http://opcfoundation.org/UA/Plc/Applications;s=SlowRandomUIntScalar1":{"Value":649396234,"SourceTimestamp":"2024-04-27T14:40:04.5694201Z","ServerTimestamp":"2024-04-27T14:40:09.4607253Z"},"nsu=http://opcfoundation.org/UA/Plc/Applications;s=SlowRandomUIntScalar2":{"Value":1497920271,"SourceTimestamp":"2024-04-27T14:40:04.5694241Z","ServerTimestamp":"2024-04-27T14:40:09.4607174Z"},"nsu=http://opcfoundation.org/UA/Plc/Applications;s=SlowRandomUIntScalar3":{"Value":3445071718,"SourceTimestamp":"2024-04-27T14:40:04.5694268Z","ServerTimestamp":"2024-04-27T14:40:09.4607236Z"},"nsu=http://opcfoundation.org/UA/Plc/Applications;s=BadSlowRandomUIntScalar1":{"Value":null,"StatusCode":{"Symbol":"BadNoCommunication","Code":2150694912},"SourceTimestamp":"2024-04-27T14:40:04.5694288Z","ServerTimestamp":"2024-04-27T14:40:09.4607276Z"},"nsu=http://opcfoundation.org/UA/Plc/Applications;s=SpikeData":{"Value":24.868988716485479,"SourceTimestamp":"2024-04-27T14:40:09.459642Z","ServerTimestamp":"2024-04-27T14:40:09.4607336Z"},"ns=23;i=1259":{"Value":-0.443,"SourceTimestamp":"2024-04-27T14:38:25.4550417Z","ServerTimestamp":"2024-04-27T14:40:09.4606883Z"}}}]