[{"SequenceNumber":105,"MetaDataVersion":{"MajorVersion":1},"Timestamp":"2024-04-27T14:40:10.4674918Z","MessageType":"ua-deltaframe","DataSetWriterName":"<<UnknownDataSet>>","Payload":{"i=2258":{"Value":"2024-04-27T14:40:10.4671987Z","SourceTimestamp":"2024-04-27T14:38:25.4550052Z","ServerTimestamp":"2024-04-27T14:40:10.4671974Z"},"nsu=http://opcfoundation.org/UA/Plc/Applications;s=StepUp":{"Value":1059,"SourceTimestamp":"2024-04-27T14:40:10.4663211Z","ServerTimestamp":"2024-04-27T14:40:10.467234Z"},"nsu=http://opcfoundation.org/UA/Plc/Applications;s=AlternatingBoolean":{"Value":false,"SourceTimestamp":"2024-04-27T14:40:10.4663212Z","ServerTimestamp":"2024-04-27T14:40:10.4672409Z"},"nsu=http://opcfoundation.org/UA/Plc/Applications;s=RandomSignedInt32":{"Value":176693078,"SourceTimestamp":"2024-04-27T14:40:10.4663149Z","ServerTimestamp":"2024-04-27T14:40:10.4672357Z"},"nsu=http://opcfoundation.org/UA/Plc/Applications;s=RandomUnsignedInt32":{"Value":844828704,"SourceTimestamp":"2024-04-27T14:40:10.4663185Z","ServerTimestamp":"2024-04-27T14:40:10.4672333Z"},"nsu=http://opcfoundation.org/UA/Plc/Applications;s=DipData":{"Value":-84.432792550201498,"SourceTimestamp":"2024-04-27T14:40:10.4663085Z","ServerTimestamp":"2024-04-27T14:40:10.4672398Z"},"nsu=http://opcfoundation.org/UA/Plc/Applications;s=FastUIntScalar1":{"Value":105,"SourceTimestamp":"2024-04-27T14:40:09.5686553Z","ServerTimestamp":"2024-04-27T14:40:10.4672431Z"},"nsu=http://opcfoundation.org/UA/Plc/Applications;s=FastUIntScalar2":{"Value":105,"SourceTimestamp":"2024-04-27T14:40:09.5686691Z","ServerTimestamp":"2024-04-27T14:40:10.4672306Z"},"nsu=http://opcfoundation.org/UA/Plc/Applications;s=FastUIntScalar3":{"Value":105,"SourceTimestamp":"2024-04-27T14:40:09.5686713Z","ServerTimestamp":"2024-04-27T14:40:10.4672374Z"},"nsu=http://opcfoundation.org/UA/Plc/Applications;s=FastRandomUIntScalar1":{"Value":3992111965,"SourceTimestamp":"2024-04-27T14:40:09.5686934Z","ServerTimestamp":"2024-04-27T14:40:10.467242Z"},"nsu=http://opcfoundation.org/UA/Plc/Applications;s=FastRandomUIntScalar2":{"Value":2698624211,"SourceTimestamp":"2024-04-27T14:40:09.5686962Z","ServerTimestamp":"2024-04-27T14:40:10.4672452Z"},"nsu=http://opcfoundation.org/UA/Plc/Applications;s=FastRandomUIntScalar3":{"Value":1588276406,"SourceTimestamp":"2024-04-27T14:40:09.5686985Z","ServerTimestamp":"2024-04-27T14:40:10.4672465Z"},"nsu=http://opcfoundation.org/UA/Plc/Applications;s=NegativeTrendData":{"Value":98.599999999999994,"SourceTimestamp":"2024-04-27T14:40:10.4663203Z","ServerTimestamp":"2024-04-27T14:40:10.4672428Z"},"nsu=http://opcfoundation.org/UA/Plc/Applications;s=PositiveTrendData":{"Value":102.09999999999999,"SourceTimestamp":"2024-04-27T14:40:10.466298Z","ServerTimestamp":"2024-04-27T14:40:10.4672458Z"},"nsu=http://opcfoundation.org/UA/Plc/Applications;s=SlowUIntScalar1":{"Value":10,"SourceTimestamp":"2024-04-27T14:40:04.5693805Z","ServerTimestamp":"2024-04-27T14:40:10.4672326Z"},"nsu=http://opcfoundation.org/UA/Plc/Applications;s=SlowUIntScalar2":{"Value":10,"SourceTimestamp":"2024-04-27T14:40:04.5693862Z","ServerTimestamp":"2024-04-27T14:40:10.4672315Z"},"nsu=http://opcfoundation.org/UA/Plc/Applications;s=SlowUIntScalar3":{"Value":10,"SourceTimestamp":"2024-04-27T14:40:04.5693878Z","ServerTimestamp":"2024-04-27T14:40:10.4672445Z"},"nsu=http://opcfoundation.org/UA/Plc/Applications;s=BadSlowUIntScalar1":{"Value":null,"StatusCode":{"Symbol":"BadNoCommunication","Code":2150694912},"SourceTimestamp":"2024-04-27T14:40:04.5693891Z","ServerTimestamp":"2024-04-27T14:40:10.4672366Z"},"nsu=http://opcfoundation.org/UA/Plc/Applications;s=SlowRandomUIntScalar1":{"Value":649396234,"SourceTimestamp":"2024-04-27T14:40:04.5694201Z","ServerTimestamp":"2024-04-27T14:40:10.4672393Z"},"nsu=http://opcfoundation.org/UA/Plc/Applications;s=SlowRandomUIntScalar2":{"Value":1497920271,"SourceTimestamp":"2024-04-27T14:40:04.5694241Z","ServerTimestamp":"2024-04-27T14:40:10.4672349Z"},"nsu=http://opcfoundation.org/UA/Plc/Applications;s=SlowRandomUIntScalar3":{"Value":3445071718,"SourceTimestamp":"2024-04-27T14:40:04.5694268Z","ServerTimestamp":"2024-04-27T14:40:10.4672384Z"},"nsu=http://opcfoundation.org/UA/Plc/Applications;s=BadSlowRandomUIntScalar1":{"Value":null,"StatusCode":{"Symbol":"BadNoCommunication","Code":2150694912},"SourceTimestamp":"2024-04-27T14:40:04.5694288Z","ServerTimestamp":"2024-04-27T14:40:10.4672405Z"},"nsu=http://opcfoundation.org/UA/Plc/Applications;s=SpikeData":{"Value":-84.432792550201498,"SourceTimestamp":"2024-04-27T14:40:10.4662739Z","ServerTimestamp":"2024-04-27T14:40:10.4672438Z"},"ns=23;i=1259":{"Value":-0.497,"SourceTimestamp":"2024-04-27T14:38:25.4550417Z","ServerTimestamp":"2024-04-27T14:40:10.467214Z"}}}]