[{"SequenceNumber":106,"MetaDataVersion":{"MajorVersion":1},"Timestamp":"2024-04-27T14:40:11.4626482Z","MessageType":"ua-deltaframe","DataSetWriterName":"<<UnknownDataSet>>","Payload":{"i=2258":{"Value":"2024-04-27T14:40:11.4623068Z","SourceTimestamp":"2024-04-27T14:38:25.4550052Z","ServerTimestamp":"2024-04-27T14:40:11.4623057Z"},"nsu=http://opcfoundation.org/UA/Plc/Applications;s=StepUp":{"Value":1069,"SourceTimestamp":"2024-04-27T14:40:11.4613895Z","ServerTimestamp":"2024-04-27T14:40:11.4623472Z"},"nsu=http://opcfoundation.org/UA/Plc/Applications;s=AlternatingBoolean":{"Value":false,"SourceTimestamp":"2024-04-27T14:40:11.4613866Z","ServerTimestamp":"2024-04-27T14:40:11.4623574Z"},"nsu=http://opcfoundation.org/UA/Plc/Applications;s=RandomSignedInt32":{"Value":1773031497,"SourceTimestamp":"2024-04-27T14:40:11.4613835Z","ServerTimestamp":"2024-04-27T14:40:11.4623495Z"},"nsu=http://opcfoundation.org/UA/Plc/Applications;s=RandomUnsignedInt32":{"Value":959342267,"SourceTimestamp":"2024-04-27T14:40:11.4613876Z","ServerTimestamp":"2024-04-27T14:40:11.4623463Z"},"nsu=http://opcfoundation.org/UA/Plc/Applications;s=DipData":{"Value":-77.051324277578942,"SourceTimestamp":"2024-04-27T14:40:11.4613793Z","ServerTimestamp":"2024-04-27T14:40:11.4623555Z"},"nsu=http://opcfoundation.org/UA/Plc/Applications;s=FastUIntScalar1":{"Value":106,"SourceTimestamp":"2024-04-27T14:40:10.5589216Z","ServerTimestamp":"2024-04-27T14:40:11.4623608Z"},"nsu=http://opcfoundation.org/UA/Plc/Applications;s=FastUIntScalar2":{"Value":106,"SourceTimestamp":"2024-04-27T14:40:10.5589301Z","ServerTimestamp":"2024-04-27T14:40:11.4623425Z"},"nsu=http://opcfoundation.org/UA/Plc/Applications;s=FastUIntScalar3":{"Value":106,"SourceTimestamp":"2024-04-27T14:40:10.5589318Z","ServerTimestamp":"2024-04-27T14:40:11.462352Z"},"nsu=http://opcfoundation.org/UA/Plc/Applications;s=FastRandomUIntScalar1":{"Value":1861698370,"SourceTimestamp":"2024-04-27T14:40:10.5589596Z","ServerTimestamp":"2024-04-27T14:40:11.462359Z"},"nsu=http://opcfoundation.org/UA/Plc/Applications;s=FastRandomUIntScalar2":{"Value":2232281150,"SourceTimestamp":"2024-04-27T14:40:10.5589625Z","ServerTimestamp":"2024-04-27T14:40:11.4623638Z"},"nsu=http://opcfoundation.org/UA/Plc/Applications;s=FastRandomUIntScalar3":{"Value":2860579816,"SourceTimestamp":"2024-04-27T14:40:10.5589651Z","ServerTimestamp":"2024-04-27T14:40:11.4623661Z"},"nsu=http://opcfoundation.org/UA/Plc/Applications;s=NegativeTrendData":{"Value":98.599999999999994,"SourceTimestamp":"2024-04-27T14:40:11.46136Z","ServerTimestamp":"2024-04-27T14:40:11.4623601Z"},"nsu=http://opcfoundation.org/UA/Plc/Applications;s=PositiveTrendData":{"Value":102.09999999999999,"SourceTimestamp":"2024-04-27T14:40:11.4613993Z","ServerTimestamp":"2024-04-27T14:40:11.4623649Z"},"nsu=http://opcfoundation.org/UA/Plc/Applications;s=SlowUIntScalar1":{"Value":10,"SourceTimestamp":"2024-04-27T14:40:04.5693805Z","ServerTimestamp":"2024-04-27T14:40:11.462345Z"},"nsu=http://opcfoundation.org/UA/Plc/Applications;s=SlowUIntScalar2":{"Value":10,"SourceTimestamp":"2024-04-27T14:40:04.5693862Z","ServerTimestamp":"2024-04-27T14:40:11.4623436Z"},"nsu=http://opcfoundation.org/UA/Plc/Applications;s=SlowUIntScalar3":{"Value":10,"SourceTimestamp":"2024-04-27T14:40:04.5693878Z","ServerTimestamp":"2024-04-27T14:40:11.4623629Z"},"nsu=http://opcfoundation.org/UA/Plc/Applications;s=BadSlowUIntScalar1":{"Value":null,"StatusCode":{"Symbol":"BadNoCommunication","Code":2150694912},"SourceTimestamp":"2024-04-27T14:40:04.5693891Z","ServerTimestamp":"2024-04-27T14:40:11.4623508Z"},"nsu=http://opcfoundation.org/UA/Plc/Applications;s=SlowRandomUIntScalar1":{"Value":649396234,"SourceTimestamp":"2024-04-27T14:40:04.5694201Z","ServerTimestamp":"2024-04-27T14:40:11.4623549Z"},"nsu=http://opcfoundation.org/UA/Plc/Applications;s=SlowRandomUIntScalar2":{"Value":1497920271,"SourceTimestamp":"2024-04-27T14:40:04.5694241Z","ServerTimestamp":"2024-04-27T14:40:11.4623485Z"},"nsu=http://opcfoundation.org/UA/Plc/Applications;s=SlowRandomUIntScalar3":{"Value":3445071718,"SourceTimestamp":"2024-04-27T14:40:04.5694268Z","ServerTimestamp":"2024-04-27T14:40:11.4623534Z"},"nsu=http://opcfoundation.org/UA/Plc/Applications;s=BadSlowRandomUIntScalar1":{"Value":null,"StatusCode":{"Symbol":"BadNoCommunication","Code":2150694912},"SourceTimestamp":"2024-04-27T14:40:04.5694288Z","ServerTimestamp":"2024-04-27T14:40:11.4623566Z"},"nsu=http://opcfoundation.org/UA/Plc/Applications;s=SpikeData":{"Value":-77.051324277578942,"SourceTimestamp":"2024-04-27T14:40:11.461396Z","ServerTimestamp":"2024-04-27T14:40:11.4623619Z"},"ns=23;i=1259":{"Value":1.5700000000000001,"SourceTimestamp":"2024-04-27T14:38:25.4550417Z","ServerTimestamp":"2024-04-27T14:40:11.4623228Z"}}}]