[{"SequenceNumber":107,"MetaDataVersion":{"MajorVersion":1},"Timestamp":"2024-04-27T14:40:12.4597709Z","MessageType":"ua-deltaframe","DataSetWriterName":"<<UnknownDataSet>>","Payload":{"i=2258":{"Value":"2024-04-27T14:40:12.4594633Z","SourceTimestamp":"2024-04-27T14:38:25.4550052Z","ServerTimestamp":"2024-04-27T14:40:12.4594619Z"},"nsu=http://opcfoundation.org/UA/Plc/Applications;s=StepUp":{"Value":1079,"SourceTimestamp":"2024-04-27T14:40:12.4585866Z","ServerTimestamp":"2024-04-27T14:40:12.459498Z"},"nsu=http://opcfoundation.org/UA/Plc/Applications;s=AlternatingBoolean":{"Value":false,"SourceTimestamp":"2024-04-27T14:40:12.4585953Z","ServerTimestamp":"2024-04-27T14:40:12.459505Z"},"nsu=http://opcfoundation.org/UA/Plc/Applications;s=RandomSignedInt32":{"Value":-964251171,"SourceTimestamp":"2024-04-27T14:40:12.4585855Z","ServerTimestamp":"2024-04-27T14:40:12.4594996Z"},"nsu=http://opcfoundation.org/UA/Plc/Applications;s=RandomUnsignedInt32":{"Value":168389483,"SourceTimestamp":"2024-04-27T14:40:12.4585824Z","ServerTimestamp":"2024-04-27T14:40:12.4594972Z"},"nsu=http://opcfoundation.org/UA/Plc/Applications;s=DipData":{"Value":36.812455268467772,"SourceTimestamp":"2024-04-27T14:40:12.4585815Z","ServerTimestamp":"2024-04-27T14:40:12.4595038Z"},"nsu=http://opcfoundation.org/UA/Plc/Applications;s=FastUIntScalar1":{"Value":107,"SourceTimestamp":"2024-04-27T14:40:11.5563544Z","ServerTimestamp":"2024-04-27T14:40:12.4595077Z"},"nsu=http://opcfoundation.org/UA/Plc/Applications;s=FastUIntScalar2":{"Value":107,"SourceTimestamp":"2024-04-27T14:40:11.5563682Z","ServerTimestamp":"2024-04-27T14:40:12.4594944Z"},"nsu=http://opcfoundation.org/UA/Plc/Applications;s=FastUIntScalar3":{"Value":107,"SourceTimestamp":"2024-04-27T14:40:11.5563699Z","ServerTimestamp":"2024-04-27T14:40:12.4595015Z"},"nsu=http://opcfoundation.org/UA/Plc/Applications;s=FastRandomUIntScalar1":{"Value":504715942,"SourceTimestamp":"2024-04-27T14:40:11.5563899Z","ServerTimestamp":"2024-04-27T14:40:12.4595063Z"},"nsu=http://opcfoundation.org/UA/Plc/Applications;s=FastRandomUIntScalar2":{"Value":518829451,"SourceTimestamp":"2024-04-27T14:40:11.556393Z","ServerTimestamp":"2024-04-27T14:40:12.4595104Z"},"nsu=http://opcfoundation.org/UA/Plc/Applications;s=FastRandomUIntScalar3":{"Value":545408364,"SourceTimestamp":"2024-04-27T14:40:11.5564004Z","ServerTimestamp":"2024-04-27T14:40:12.4595118Z"},"nsu=http://opcfoundation.org/UA/Plc/Applications;s=NegativeTrendData":{"Value":98.599999999999994,"SourceTimestamp":"2024-04-27T14:40:12.4585592Z","ServerTimestamp":"2024-04-27T14:40:12.4595073Z"},"nsu=http://opcfoundation.org/UA/Plc/Applications;s=PositiveTrendData":{"Value":102.09999999999999,"SourceTimestamp":"2024-04-27T14:40:12.4585713Z","ServerTimestamp":"2024-04-27T14:40:12.459511Z"},"nsu=http://opcfoundation.org/UA/Plc/Applications;s=SlowUIntScalar1":{"Value":10,"SourceTimestamp":"2024-04-27T14:40:04.5693805Z","ServerTimestamp":"2024-04-27T14:40:12.4594964Z"},"nsu=http://opcfoundation.org/UA/Plc/Applications;s=SlowUIntScalar2":{"Value":10,"SourceTimestamp":"2024-04-27T14:40:04.5693862Z","ServerTimestamp":"2024-04-27T14:40:12.4594954Z"},"nsu=http://opcfoundation.org/UA/Plc/Applications;s=SlowUIntScalar3":{"Value":10,"SourceTimestamp":"2024-04-27T14:40:04.5693878Z","ServerTimestamp":"2024-04-27T14:40:12.4595097Z"},"nsu=http://opcfoundation.org/UA/Plc/Applications;s=BadSlowUIntScalar1":{"Value":null,"StatusCode":{"Symbol":"BadNoCommunication","Code":2150694912},"SourceTimestamp":"2024-04-27T14:40:04.5693891Z","ServerTimestamp":"2024-04-27T14:40:12.4595006Z"},"nsu=http://opcfoundation.org/UA/Plc/Applications;s=SlowRandomUIntScalar1":{"Value":649396234,"SourceTimestamp":"2024-04-27T14:40:04.5694201Z","ServerTimestamp":"2024-04-27T14:40:12.4595034Z"},"nsu=http://opcfoundation.org/UA/Plc/Applications;s=SlowRandomUIntScalar2":{"Value":1497920271,"SourceTimestamp":"2024-04-27T14:40:04.5694241Z","ServerTimestamp":"2024-04-27T14:40:12.4594988Z"},"nsu=http://opcfoundation.org/UA/Plc/Applications;s=SlowRandomUIntScalar3":{"Value":3445071718,"SourceTimestamp":"2024-04-27T14:40:04.5694268Z","ServerTimestamp":"2024-04-27T14:40:12.4595025Z"},"nsu=http://opcfoundation.org/UA/Plc/Applications;s=BadSlowRandomUIntScalar1":{"Value":null,"StatusCode":{"Symbol":"BadNoCommunication","Code":2150694912},"SourceTimestamp":"2024-04-27T14:40:04.5694288Z","ServerTimestamp":"2024-04-27T14:40:12.4595045Z"},"nsu=http://opcfoundation.org/UA/Plc/Applications;s=SpikeData":{"Value":36.812455268467772,"SourceTimestamp":"2024-04-27T14:40:12.4585782Z","ServerTimestamp":"2024-04-27T14:40:12.4595084Z"},"ns=23;i=1259":{"Value":0.70200000000000007,"SourceTimestamp":"2024-04-27T14:38:25.4550417Z","ServerTimestamp":"2024-04-27T14:40:12.4594778Z"}}}]