[{"SequenceNumber":109,"MetaDataVersion":{"MajorVersion":1},"Timestamp":"2024-04-27T14:40:14.4610733Z","MessageType":"ua-deltaframe","DataSetWriterName":"<<UnknownDataSet>>","Payload":{"i=2258":{"Value":"2024-04-27T14:40:14.4607808Z","SourceTimestamp":"2024-04-27T14:38:25.4550052Z","ServerTimestamp":"2024-04-27T14:40:14.4607795Z"},"nsu=http://opcfoundation.org/UA/Plc/Applications;s=StepUp":{"Value":1099,"SourceTimestamp":"2024-04-27T14:40:14.4599856Z","ServerTimestamp":"2024-04-27T14:40:14.4608135Z"},"nsu=http://opcfoundation.org/UA/Plc/Applications;s=AlternatingBoolean":{"Value":false,"SourceTimestamp":"2024-04-27T14:40:14.4599824Z","ServerTimestamp":"2024-04-27T14:40:14.4608204Z"},"nsu=http://opcfoundation.org/UA/Plc/Applications;s=RandomSignedInt32":{"Value":-1405332750,"SourceTimestamp":"2024-04-27T14:40:14.4599897Z","ServerTimestamp":"2024-04-27T14:40:14.460815Z"},"nsu=http://opcfoundation.org/UA/Plc/Applications;s=RandomUnsignedInt32":{"Value":160586651,"SourceTimestamp":"2024-04-27T14:40:14.4599769Z","ServerTimestamp":"2024-04-27T14:40:14.4608128Z"},"nsu=http://opcfoundation.org/UA/Plc/Applications;s=DipData":{"Value":24.868988716485479,"SourceTimestamp":"2024-04-27T14:40:14.4599872Z","ServerTimestamp":"2024-04-27T14:40:14.4608192Z"},"nsu=http://opcfoundation.org/UA/Plc/Applications;s=FastUIntScalar1":{"Value":109,"SourceTimestamp":"2024-04-27T14:40:13.5690708Z","ServerTimestamp":"2024-04-27T14:40:14.4608227Z"},"nsu=http://opcfoundation.org/UA/Plc/Applications;s=FastUIntScalar2":{"Value":109,"SourceTimestamp":"2024-04-27T14:40:13.5690776Z","ServerTimestamp":"2024-04-27T14:40:14.4608102Z"},"nsu=http://opcfoundation.org/UA/Plc/Applications;s=FastUIntScalar3":{"Value":109,"SourceTimestamp":"2024-04-27T14:40:13.5690792Z","ServerTimestamp":"2024-04-27T14:40:14.4608167Z"},"nsu=http://opcfoundation.org/UA/Plc/Applications;s=FastRandomUIntScalar1":{"Value":3329569265,"SourceTimestamp":"2024-04-27T14:40:13.5691034Z","ServerTimestamp":"2024-04-27T14:40:14.4608214Z"},"nsu=http://opcfoundation.org/UA/Plc/Applications;s=FastRandomUIntScalar2":{"Value":2796902556,"SourceTimestamp":"2024-04-27T14:40:13.5691068Z","ServerTimestamp":"2024-04-27T14:40:14.4608248Z"},"nsu=http://opcfoundation.org/UA/Plc/Applications;s=FastRandomUIntScalar3":{"Value":2242260400,"SourceTimestamp":"2024-04-27T14:40:13.5691084Z","ServerTimestamp":"2024-04-27T14:40:14.4608261Z"},"nsu=http://opcfoundation.org/UA/Plc/Applications;s=NegativeTrendData":{"Value":98.599999999999994,"SourceTimestamp":"2024-04-27T14:40:14.4599432Z","ServerTimestamp":"2024-04-27T14:40:14.4608223Z"},"nsu=http://opcfoundation.org/UA/Plc/Applications;s=PositiveTrendData":{"Value":102.09999999999999,"SourceTimestamp":"2024-04-27T14:40:14.4599748Z","ServerTimestamp":"2024-04-27T14:40:14.4608254Z"},"nsu=http://opcfoundation.org/UA/Plc/Applications;s=SlowUIntScalar1":{"Value":10,"SourceTimestamp":"2024-04-27T14:40:04.5693805Z","ServerTimestamp":"2024-04-27T14:40:14.460812Z"},"nsu=http://opcfoundation.org/UA/Plc/Applications;s=SlowUIntScalar2":{"Value":10,"SourceTimestamp":"2024-04-27T14:40:04.5693862Z","ServerTimestamp":"2024-04-27T14:40:14.460811Z"},"nsu=http://opcfoundation.org/UA/Plc/Applications;s=SlowUIntScalar3":{"Value":10,"SourceTimestamp":"2024-04-27T14:40:04.5693878Z","ServerTimestamp":"2024-04-27T14:40:14.4608241Z"},"nsu=http://opcfoundation.org/UA/Plc/Applications;s=BadSlowUIntScalar1":{"Value":null,"StatusCode":{"Symbol":"BadNoCommunication","Code":2150694912},"SourceTimestamp":"2024-04-27T14:40:04.5693891Z","ServerTimestamp":"2024-04-27T14:40:14.4608159Z"},"nsu=http://opcfoundation.org/UA/Plc/Applications;s=SlowRandomUIntScalar1":{"Value":649396234,"SourceTimestamp":"2024-04-27T14:40:04.5694201Z","ServerTimestamp":"2024-04-27T14:40:14.4608185Z"},"nsu=http://opcfoundation.org/UA/Plc/Applications;s=SlowRandomUIntScalar2":{"Value":1497920271,"SourceTimestamp":"2024-04-27T14:40:04.5694241Z","ServerTimestamp":"2024-04-27T14:40:14.4608142Z"},"nsu=http://opcfoundation.org/UA/Plc/Applications;s=SlowRandomUIntScalar3":{"Value":3445071718,"SourceTimestamp":"2024-04-27T14:40:04.5694268Z","ServerTimestamp":"2024-04-27T14:40:14.4608176Z"},"nsu=http://opcfoundation.org/UA/Plc/Applications;s=BadSlowRandomUIntScalar1":{"Value":null,"StatusCode":{"Symbol":"BadNoCommunication","Code":2150694912},"SourceTimestamp":"2024-04-27T14:40:04.5694288Z","ServerTimestamp":"2024-04-27T14:40:14.46082Z"},"nsu=http://opcfoundation.org/UA/Plc/Applications;s=SpikeData":{"Value":24.868988716485479,"SourceTimestamp":"2024-04-27T14:40:14.4599709Z","ServerTimestamp":"2024-04-27T14:40:14.4608235Z"},"ns=23;i=1259":{"Value":1.6100000000000001,"SourceTimestamp":"2024-04-27T14:38:25.4550417Z","ServerTimestamp":"2024-04-27T14:40:14.4607951Z"}}}]