[{"SequenceNumber":11,"MetaDataVersion":{"MajorVersion":1},"Timestamp":"2024-04-27T14:38:36.4695114Z","MessageType":"ua-deltaframe","DataSetWriterName":"<<UnknownDataSet>>","Payload":{"i=2258":{"Value":"2024-04-27T14:38:36.4692499Z","SourceTimestamp":"2024-04-27T14:38:25.4550052Z","ServerTimestamp":"2024-04-27T14:38:36.4692487Z"},"nsu=http://opcfoundation.org/UA/Plc/Applications;s=StepUp":{"Value":119,"SourceTimestamp":"2024-04-27T14:38:36.4683476Z","ServerTimestamp":"2024-04-27T14:38:36.4692835Z"},"nsu=http://opcfoundation.org/UA/Plc/Applications;s=AlternatingBoolean":{"Value":true,"SourceTimestamp":"2024-04-27T14:38:36.4683438Z","ServerTimestamp":"2024-04-27T14:38:36.4692904Z"},"nsu=http://opcfoundation.org/UA/Plc/Applications;s=RandomSignedInt32":{"Value":-1136201002,"SourceTimestamp":"2024-04-27T14:38:36.4683502Z","ServerTimestamp":"2024-04-27T14:38:36.469285Z"},"nsu=http://opcfoundation.org/UA/Plc/Applications;s=RandomUnsignedInt32":{"Value":431919501,"SourceTimestamp":"2024-04-27T14:38:36.4683521Z","ServerTimestamp":"2024-04-27T14:38:36.4692825Z"},"nsu=http://opcfoundation.org/UA/Plc/Applications;s=DipData":{"Value":-77.051324277578942,"SourceTimestamp":"2024-04-27T14:38:36.4683403Z","ServerTimestamp":"2024-04-27T14:38:36.4692891Z"},"nsu=http://opcfoundation.org/UA/Plc/Applications;s=FastUIntScalar1":{"Value":11,"SourceTimestamp":"2024-04-27T14:38:35.5575723Z","ServerTimestamp":"2024-04-27T14:38:36.4692925Z"},"nsu=http://opcfoundation.org/UA/Plc/Applications;s=FastUIntScalar2":{"Value":11,"SourceTimestamp":"2024-04-27T14:38:35.5575824Z","ServerTimestamp":"2024-04-27T14:38:36.4692797Z"},"nsu=http://opcfoundation.org/UA/Plc/Applications;s=FastUIntScalar3":{"Value":11,"SourceTimestamp":"2024-04-27T14:38:35.5575838Z","ServerTimestamp":"2024-04-27T14:38:36.4692868Z"},"nsu=http://opcfoundation.org/UA/Plc/Applications;s=FastRandomUIntScalar1":{"Value":2208465848,"SourceTimestamp":"2024-04-27T14:38:35.5576557Z","ServerTimestamp":"2024-04-27T14:38:36.4692913Z"},"nsu=http://opcfoundation.org/UA/Plc/Applications;s=FastRandomUIntScalar2":{"Value":414869269,"SourceTimestamp":"2024-04-27T14:38:35.5576574Z","ServerTimestamp":"2024-04-27T14:38:36.4692952Z"},"nsu=http://opcfoundation.org/UA/Plc/Applications;s=FastRandomUIntScalar3":{"Value":3234057997,"SourceTimestamp":"2024-04-27T14:38:35.5576603Z","ServerTimestamp":"2024-04-27T14:38:36.4692966Z"},"nsu=http://opcfoundation.org/UA/Plc/Applications;s=NegativeTrendData":{"Value":100,"SourceTimestamp":"2024-04-27T14:38:36.4683022Z","ServerTimestamp":"2024-04-27T14:38:36.4692921Z"},"nsu=http://opcfoundation.org/UA/Plc/Applications;s=PositiveTrendData":{"Value":100.2,"SourceTimestamp":"2024-04-27T14:38:36.4683358Z","ServerTimestamp":"2024-04-27T14:38:36.4692959Z"},"nsu=http://opcfoundation.org/UA/Plc/Applications;s=SlowUIntScalar1":{"Value":1,"SourceTimestamp":"2024-04-27T14:38:34.5677301Z","ServerTimestamp":"2024-04-27T14:38:36.4692816Z"},"nsu=http://opcfoundation.org/UA/Plc/Applications;s=SlowUIntScalar2":{"Value":1,"SourceTimestamp":"2024-04-27T14:38:34.567734Z","ServerTimestamp":"2024-04-27T14:38:36.4692805Z"},"nsu=http://opcfoundation.org/UA/Plc/Applications;s=SlowUIntScalar3":{"Value":1,"SourceTimestamp":"2024-04-27T14:38:34.5677354Z","ServerTimestamp":"2024-04-27T14:38:36.4692939Z"},"nsu=http://opcfoundation.org/UA/Plc/Applications;s=BadSlowUIntScalar1":{"Value":1,"SourceTimestamp":"2024-04-27T14:38:34.5677365Z","ServerTimestamp":"2024-04-27T14:38:36.4692861Z"},"nsu=http://opcfoundation.org/UA/Plc/Applications;s=SlowRandomUIntScalar1":{"Value":3505265183,"SourceTimestamp":"2024-04-27T14:38:34.5681457Z","ServerTimestamp":"2024-04-27T14:38:36.4692887Z"},"nsu=http://opcfoundation.org/UA/Plc/Applications;s=SlowRandomUIntScalar2":{"Value":3228138553,"SourceTimestamp":"2024-04-27T14:38:34.5681475Z","ServerTimestamp":"2024-04-27T14:38:36.4692843Z"},"nsu=http://opcfoundation.org/UA/Plc/Applications;s=SlowRandomUIntScalar3":{"Value":562499572,"SourceTimestamp":"2024-04-27T14:38:34.5681486Z","ServerTimestamp":"2024-04-27T14:38:36.4692878Z"},"nsu=http://opcfoundation.org/UA/Plc/Applications;s=BadSlowRandomUIntScalar1":{"Value":635802529,"SourceTimestamp":"2024-04-27T14:38:34.5681495Z","ServerTimestamp":"2024-04-27T14:38:36.4692899Z"},"nsu=http://opcfoundation.org/UA/Plc/Applications;s=SpikeData":{"Value":-77.051324277578942,"SourceTimestamp":"2024-04-27T14:38:36.4683397Z","ServerTimestamp":"2024-04-27T14:38:36.4692933Z"},"ns=23;i=1259":{"Value":0.10100000000000001,"SourceTimestamp":"2024-04-27T14:38:25.4550417Z","ServerTimestamp":"2024-04-27T14:38:36.4692649Z"}}}]