[{"SequenceNumber":15,"MetaDataVersion":{"MajorVersion":1},"Timestamp":"2024-04-27T14:38:40.4735184Z","MessageType":"ua-deltaframe","DataSetWriterName":"<<UnknownDataSet>>","Payload":{"i=2258":{"Value":"2024-04-27T14:38:40.4732208Z","SourceTimestamp":"2024-04-27T14:38:25.4550052Z","ServerTimestamp":"2024-04-27T14:38:40.4732195Z"},"nsu=http://opcfoundation.org/UA/Plc/Applications;s=StepUp":{"Value":159,"SourceTimestamp":"2024-04-27T14:38:40.4554203Z","ServerTimestamp":"2024-04-27T14:38:40.4732554Z"},"nsu=http://opcfoundation.org/UA/Plc/Applications;s=AlternatingBoolean":{"Value":false,"SourceTimestamp":"2024-04-27T14:38:40.4554164Z","ServerTimestamp":"2024-04-27T14:38:40.4732623Z"},"nsu=http://opcfoundation.org/UA/Plc/Applications;s=RandomSignedInt32":{"Value":702967273,"SourceTimestamp":"2024-04-27T14:38:40.4554245Z","ServerTimestamp":"2024-04-27T14:38:40.473257Z"},"nsu=http://opcfoundation.org/UA/Plc/Applications;s=RandomUnsignedInt32":{"Value":144583022,"SourceTimestamp":"2024-04-27T14:38:40.4554148Z","ServerTimestamp":"2024-04-27T14:38:40.473254Z"},"nsu=http://opcfoundation.org/UA/Plc/Applications;s=DipData":{"Value":-84.432792550201498,"SourceTimestamp":"2024-04-27T14:38:40.4554127Z","ServerTimestamp":"2024-04-27T14:38:40.473261Z"},"nsu=http://opcfoundation.org/UA/Plc/Applications;s=FastUIntScalar1":{"Value":15,"SourceTimestamp":"2024-04-27T14:38:39.5599701Z","ServerTimestamp":"2024-04-27T14:38:40.4732648Z"},"nsu=http://opcfoundation.org/UA/Plc/Applications;s=FastUIntScalar2":{"Value":15,"SourceTimestamp":"2024-04-27T14:38:39.5599766Z","ServerTimestamp":"2024-04-27T14:38:40.4732513Z"},"nsu=http://opcfoundation.org/UA/Plc/Applications;s=FastUIntScalar3":{"Value":15,"SourceTimestamp":"2024-04-27T14:38:39.5599779Z","ServerTimestamp":"2024-04-27T14:38:40.4732586Z"},"nsu=http://opcfoundation.org/UA/Plc/Applications;s=FastRandomUIntScalar1":{"Value":2250645083,"SourceTimestamp":"2024-04-27T14:38:39.5600101Z","ServerTimestamp":"2024-04-27T14:38:40.4732634Z"},"nsu=http://opcfoundation.org/UA/Plc/Applications;s=FastRandomUIntScalar2":{"Value":1680911331,"SourceTimestamp":"2024-04-27T14:38:39.5600145Z","ServerTimestamp":"2024-04-27T14:38:40.4732669Z"},"nsu=http://opcfoundation.org/UA/Plc/Applications;s=FastRandomUIntScalar3":{"Value":2786702481,"SourceTimestamp":"2024-04-27T14:38:39.5600174Z","ServerTimestamp":"2024-04-27T14:38:40.4732682Z"},"nsu=http://opcfoundation.org/UA/Plc/Applications;s=NegativeTrendData":{"Value":100,"SourceTimestamp":"2024-04-27T14:38:40.455389Z","ServerTimestamp":"2024-04-27T14:38:40.4732642Z"},"nsu=http://opcfoundation.org/UA/Plc/Applications;s=PositiveTrendData":{"Value":100.3,"SourceTimestamp":"2024-04-27T14:38:40.4554054Z","ServerTimestamp":"2024-04-27T14:38:40.4732675Z"},"nsu=http://opcfoundation.org/UA/Plc/Applications;s=SlowUIntScalar1":{"Value":1,"SourceTimestamp":"2024-04-27T14:38:34.5677301Z","ServerTimestamp":"2024-04-27T14:38:40.4732532Z"},"nsu=http://opcfoundation.org/UA/Plc/Applications;s=SlowUIntScalar2":{"Value":1,"SourceTimestamp":"2024-04-27T14:38:34.567734Z","ServerTimestamp":"2024-04-27T14:38:40.4732521Z"},"nsu=http://opcfoundation.org/UA/Plc/Applications;s=SlowUIntScalar3":{"Value":1,"SourceTimestamp":"2024-04-27T14:38:34.5677354Z","ServerTimestamp":"2024-04-27T14:38:40.4732662Z"},"nsu=http://opcfoundation.org/UA/Plc/Applications;s=BadSlowUIntScalar1":{"Value":1,"SourceTimestamp":"2024-04-27T14:38:34.5677365Z","ServerTimestamp":"2024-04-27T14:38:40.473258Z"},"nsu=http://opcfoundation.org/UA/Plc/Applications;s=SlowRandomUIntScalar1":{"Value":3505265183,"SourceTimestamp":"2024-04-27T14:38:34.5681457Z","ServerTimestamp":"2024-04-27T14:38:40.4732605Z"},"nsu=http://opcfoundation.org/UA/Plc/Applications;s=SlowRandomUIntScalar2":{"Value":3228138553,"SourceTimestamp":"2024-04-27T14:38:34.5681475Z","ServerTimestamp":"2024-04-27T14:38:40.4732564Z"},"nsu=http://opcfoundation.org/UA/Plc/Applications;s=SlowRandomUIntScalar3":{"Value":562499572,"SourceTimestamp":"2024-04-27T14:38:34.5681486Z","ServerTimestamp":"2024-04-27T14:38:40.4732596Z"},"nsu=http://opcfoundation.org/UA/Plc/Applications;s=BadSlowRandomUIntScalar1":{"Value":635802529,"SourceTimestamp":"2024-04-27T14:38:34.5681495Z","ServerTimestamp":"2024-04-27T14:38:40.4732618Z"},"nsu=http://opcfoundation.org/UA/Plc/Applications;s=SpikeData":{"Value":-84.432792550201498,"SourceTimestamp":"2024-04-27T14:38:40.4554129Z","ServerTimestamp":"2024-04-27T14:38:40.4732655Z"},"ns=23;i=1259":{"Value":1.3200000000000001,"SourceTimestamp":"2024-04-27T14:38:25.4550417Z","ServerTimestamp":"2024-04-27T14:38:40.4732349Z"}}}]