[{"SequenceNumber":2,"MetaDataVersion":{"MajorVersion":1},"Timestamp":"2024-04-27T14:38:27.4628216Z","MessageType":"ua-deltaframe","DataSetWriterName":"<<UnknownDataSet>>","Payload":{"i=2258":{"Value":"2024-04-27T14:38:27.4624629Z","SourceTimestamp":"2024-04-27T14:38:25.4550052Z","ServerTimestamp":"2024-04-27T14:38:27.4624618Z"},"nsu=http://opcfoundation.org/UA/Plc/Applications;s=StepUp":{"Value":29,"SourceTimestamp":"2024-04-27T14:38:27.4614771Z","ServerTimestamp":"2024-04-27T14:38:27.4624963Z"},"nsu=http://opcfoundation.org/UA/Plc/Applications;s=AlternatingBoolean":{"Value":true,"SourceTimestamp":"2024-04-27T14:38:27.4614759Z","ServerTimestamp":"2024-04-27T14:38:27.4625043Z"},"nsu=http://opcfoundation.org/UA/Plc/Applications;s=RandomSignedInt32":{"Value":-1083560502,"SourceTimestamp":"2024-04-27T14:38:27.4614727Z","ServerTimestamp":"2024-04-27T14:38:27.462498Z"},"nsu=http://opcfoundation.org/UA/Plc/Applications;s=RandomUnsignedInt32":{"Value":1844203017,"SourceTimestamp":"2024-04-27T14:38:27.461473Z","ServerTimestamp":"2024-04-27T14:38:27.4624956Z"},"nsu=http://opcfoundation.org/UA/Plc/Applications;s=DipData":{"Value":36.812455268467772,"SourceTimestamp":"2024-04-27T14:38:27.4614365Z","ServerTimestamp":"2024-04-27T14:38:27.4625021Z"},"nsu=http://opcfoundation.org/UA/Plc/Applications;s=FastUIntScalar1":{"Value":2,"SourceTimestamp":"2024-04-27T14:38:26.5685812Z","ServerTimestamp":"2024-04-27T14:38:27.4625067Z"},"nsu=http://opcfoundation.org/UA/Plc/Applications;s=FastUIntScalar2":{"Value":2,"SourceTimestamp":"2024-04-27T14:38:26.5685877Z","ServerTimestamp":"2024-04-27T14:38:27.462493Z"},"nsu=http://opcfoundation.org/UA/Plc/Applications;s=FastUIntScalar3":{"Value":2,"SourceTimestamp":"2024-04-27T14:38:26.5685891Z","ServerTimestamp":"2024-04-27T14:38:27.4624998Z"},"nsu=http://opcfoundation.org/UA/Plc/Applications;s=FastRandomUIntScalar1":{"Value":2425360738,"SourceTimestamp":"2024-04-27T14:38:26.5686205Z","ServerTimestamp":"2024-04-27T14:38:27.4625055Z"},"nsu=http://opcfoundation.org/UA/Plc/Applications;s=FastRandomUIntScalar2":{"Value":2758410813,"SourceTimestamp":"2024-04-27T14:38:26.5686233Z","ServerTimestamp":"2024-04-27T14:38:27.4625087Z"},"nsu=http://opcfoundation.org/UA/Plc/Applications;s=FastRandomUIntScalar3":{"Value":3529639157,"SourceTimestamp":"2024-04-27T14:38:26.5686247Z","ServerTimestamp":"2024-04-27T14:38:27.4625101Z"},"nsu=http://opcfoundation.org/UA/Plc/Applications;s=NegativeTrendData":{"Value":100,"SourceTimestamp":"2024-04-27T14:38:27.4614227Z","ServerTimestamp":"2024-04-27T14:38:27.4625063Z"},"nsu=http://opcfoundation.org/UA/Plc/Applications;s=PositiveTrendData":{"Value":100,"SourceTimestamp":"2024-04-27T14:38:27.4614658Z","ServerTimestamp":"2024-04-27T14:38:27.4625093Z"},"nsu=http://opcfoundation.org/UA/Plc/Applications;s=SlowUIntScalar1":{"Value":0,"SourceTimestamp":"2024-04-27T14:38:24.5556226Z","ServerTimestamp":"2024-04-27T14:38:27.4624948Z"},"nsu=http://opcfoundation.org/UA/Plc/Applications;s=SlowUIntScalar2":{"Value":0,"SourceTimestamp":"2024-04-27T14:38:24.555624Z","ServerTimestamp":"2024-04-27T14:38:27.462494Z"},"nsu=http://opcfoundation.org/UA/Plc/Applications;s=SlowUIntScalar3":{"Value":0,"SourceTimestamp":"2024-04-27T14:38:24.5556291Z","ServerTimestamp":"2024-04-27T14:38:27.4625081Z"},"nsu=http://opcfoundation.org/UA/Plc/Applications;s=BadSlowUIntScalar1":{"Value":0,"SourceTimestamp":"2024-04-27T14:38:24.5556319Z","ServerTimestamp":"2024-04-27T14:38:27.4624991Z"},"nsu=http://opcfoundation.org/UA/Plc/Applications;s=SlowRandomUIntScalar1":{"Value":0,"SourceTimestamp":"2024-04-27T14:38:24.5556399Z","ServerTimestamp":"2024-04-27T14:38:27.4625016Z"},"nsu=http://opcfoundation.org/UA/Plc/Applications;s=SlowRandomUIntScalar2":{"Value":0,"SourceTimestamp":"2024-04-27T14:38:24.5556406Z","ServerTimestamp":"2024-04-27T14:38:27.4624974Z"},"nsu=http://opcfoundation.org/UA/Plc/Applications;s=SlowRandomUIntScalar3":{"Value":0,"SourceTimestamp":"2024-04-27T14:38:24.5556413Z","ServerTimestamp":"2024-04-27T14:38:27.4625007Z"},"nsu=http://opcfoundation.org/UA/Plc/Applications;s=BadSlowRandomUIntScalar1":{"Value":0,"SourceTimestamp":"2024-04-27T14:38:24.5556437Z","ServerTimestamp":"2024-04-27T14:38:27.4625037Z"},"nsu=http://opcfoundation.org/UA/Plc/Applications;s=SpikeData":{"Value":36.812455268467772,"SourceTimestamp":"2024-04-27T14:38:27.4614683Z","ServerTimestamp":"2024-04-27T14:38:27.4625074Z"},"ns=23;i=1259":{"Value":0.10400000000000001,"SourceTimestamp":"2024-04-27T14:38:25.4550417Z","ServerTimestamp":"2024-04-27T14:38:27.4624778Z"}}}]