[{"SequenceNumber":25,"MetaDataVersion":{"MajorVersion":1},"Timestamp":"2024-04-27T14:38:50.463354Z","MessageType":"ua-deltaframe","DataSetWriterName":"<<UnknownDataSet>>","Payload":{"i=2258":{"Value":"2024-04-27T14:38:50.4629761Z","SourceTimestamp":"2024-04-27T14:38:25.4550052Z","ServerTimestamp":"2024-04-27T14:38:50.4629749Z"},"nsu=http://opcfoundation.org/UA/Plc/Applications;s=StepUp":{"Value":259,"SourceTimestamp":"2024-04-27T14:38:50.4619716Z","ServerTimestamp":"2024-04-27T14:38:50.4630185Z"},"nsu=http://opcfoundation.org/UA/Plc/Applications;s=AlternatingBoolean":{"Value":false,"SourceTimestamp":"2024-04-27T14:38:50.4619691Z","ServerTimestamp":"2024-04-27T14:38:50.4630288Z"},"nsu=http://opcfoundation.org/UA/Plc/Applications;s=RandomSignedInt32":{"Value":1855984007,"SourceTimestamp":"2024-04-27T14:38:50.4619663Z","ServerTimestamp":"2024-04-27T14:38:50.4630203Z"},"nsu=http://opcfoundation.org/UA/Plc/Applications;s=RandomUnsignedInt32":{"Value":1760897659,"SourceTimestamp":"2024-04-27T14:38:50.4619624Z","ServerTimestamp":"2024-04-27T14:38:50.4630174Z"},"nsu=http://opcfoundation.org/UA/Plc/Applications;s=DipData":{"Value":-84.432792550201498,"SourceTimestamp":"2024-04-27T14:38:50.4619581Z","ServerTimestamp":"2024-04-27T14:38:50.4630268Z"},"nsu=http://opcfoundation.org/UA/Plc/Applications;s=FastUIntScalar1":{"Value":25,"SourceTimestamp":"2024-04-27T14:38:49.5641501Z","ServerTimestamp":"2024-04-27T14:38:50.4630317Z"},"nsu=http://opcfoundation.org/UA/Plc/Applications;s=FastUIntScalar2":{"Value":25,"SourceTimestamp":"2024-04-27T14:38:49.5641545Z","ServerTimestamp":"2024-04-27T14:38:50.4630127Z"},"nsu=http://opcfoundation.org/UA/Plc/Applications;s=FastUIntScalar3":{"Value":25,"SourceTimestamp":"2024-04-27T14:38:49.5641557Z","ServerTimestamp":"2024-04-27T14:38:50.4630231Z"},"nsu=http://opcfoundation.org/UA/Plc/Applications;s=FastRandomUIntScalar1":{"Value":3042404281,"SourceTimestamp":"2024-04-27T14:38:49.5642776Z","ServerTimestamp":"2024-04-27T14:38:50.4630301Z"},"nsu=http://opcfoundation.org/UA/Plc/Applications;s=FastRandomUIntScalar2":{"Value":1807065307,"SourceTimestamp":"2024-04-27T14:38:49.5642795Z","ServerTimestamp":"2024-04-27T14:38:50.4630356Z"},"nsu=http://opcfoundation.org/UA/Plc/Applications;s=FastRandomUIntScalar3":{"Value":3311510247,"SourceTimestamp":"2024-04-27T14:38:49.5642811Z","ServerTimestamp":"2024-04-27T14:38:50.463038Z"},"nsu=http://opcfoundation.org/UA/Plc/Applications;s=NegativeTrendData":{"Value":100,"SourceTimestamp":"2024-04-27T14:38:50.4618802Z","ServerTimestamp":"2024-04-27T14:38:50.4630313Z"},"nsu=http://opcfoundation.org/UA/Plc/Applications;s=PositiveTrendData":{"Value":100.5,"SourceTimestamp":"2024-04-27T14:38:50.4619473Z","ServerTimestamp":"2024-04-27T14:38:50.4630369Z"},"nsu=http://opcfoundation.org/UA/Plc/Applications;s=SlowUIntScalar1":{"Value":2,"SourceTimestamp":"2024-04-27T14:38:44.5658937Z","ServerTimestamp":"2024-04-27T14:38:50.4630157Z"},"nsu=http://opcfoundation.org/UA/Plc/Applications;s=SlowUIntScalar2":{"Value":2,"SourceTimestamp":"2024-04-27T14:38:44.5659019Z","ServerTimestamp":"2024-04-27T14:38:50.4630139Z"},"nsu=http://opcfoundation.org/UA/Plc/Applications;s=SlowUIntScalar3":{"Value":2,"SourceTimestamp":"2024-04-27T14:38:44.5659036Z","ServerTimestamp":"2024-04-27T14:38:50.4630347Z"},"nsu=http://opcfoundation.org/UA/Plc/Applications;s=BadSlowUIntScalar1":{"Value":2,"SourceTimestamp":"2024-04-27T14:38:44.5659048Z","ServerTimestamp":"2024-04-27T14:38:50.4630221Z"},"nsu=http://opcfoundation.org/UA/Plc/Applications;s=SlowRandomUIntScalar1":{"Value":1073093617,"SourceTimestamp":"2024-04-27T14:38:44.5660002Z","ServerTimestamp":"2024-04-27T14:38:50.4630262Z"},"nsu=http://opcfoundation.org/UA/Plc/Applications;s=SlowRandomUIntScalar2":{"Value":3493555076,"SourceTimestamp":"2024-04-27T14:38:44.5660016Z","ServerTimestamp":"2024-04-27T14:38:50.4630195Z"},"nsu=http://opcfoundation.org/UA/Plc/Applications;s=SlowRandomUIntScalar3":{"Value":1320310600,"SourceTimestamp":"2024-04-27T14:38:44.5660035Z","ServerTimestamp":"2024-04-27T14:38:50.4630247Z"},"nsu=http://opcfoundation.org/UA/Plc/Applications;s=BadSlowRandomUIntScalar1":{"Value":550166973,"SourceTimestamp":"2024-04-27T14:38:44.5660052Z","ServerTimestamp":"2024-04-27T14:38:50.4630278Z"},"nsu=http://opcfoundation.org/UA/Plc/Applications;s=SpikeData":{"Value":-84.432792550201498,"SourceTimestamp":"2024-04-27T14:38:50.4620017Z","ServerTimestamp":"2024-04-27T14:38:50.4630328Z"},"ns=23;i=1259":{"Value":-0.432,"SourceTimestamp":"2024-04-27T14:38:25.4550417Z","ServerTimestamp":"2024-04-27T14:38:50.4629935Z"}}}]