[{"SequenceNumber":28,"MetaDataVersion":{"MajorVersion":1},"Timestamp":"2024-04-27T14:38:53.4638206Z","MessageType":"ua-deltaframe","DataSetWriterName":"<<UnknownDataSet>>","Payload":{"i=2258":{"Value":"2024-04-27T14:38:53.4634411Z","SourceTimestamp":"2024-04-27T14:38:25.4550052Z","ServerTimestamp":"2024-04-27T14:38:53.4634395Z"},"nsu=http://opcfoundation.org/UA/Plc/Applications;s=StepUp":{"Value":289,"SourceTimestamp":"2024-04-27T14:38:53.4624962Z","ServerTimestamp":"2024-04-27T14:38:53.4634839Z"},"nsu=http://opcfoundation.org/UA/Plc/Applications;s=AlternatingBoolean":{"Value":false,"SourceTimestamp":"2024-04-27T14:38:53.4624925Z","ServerTimestamp":"2024-04-27T14:38:53.4634935Z"},"nsu=http://opcfoundation.org/UA/Plc/Applications;s=RandomSignedInt32":{"Value":1921494355,"SourceTimestamp":"2024-04-27T14:38:53.4624922Z","ServerTimestamp":"2024-04-27T14:38:53.4634859Z"},"nsu=http://opcfoundation.org/UA/Plc/Applications;s=RandomUnsignedInt32":{"Value":2110776969,"SourceTimestamp":"2024-04-27T14:38:53.4625084Z","ServerTimestamp":"2024-04-27T14:38:53.4634831Z"},"nsu=http://opcfoundation.org/UA/Plc/Applications;s=DipData":{"Value":99.80267284282715,"SourceTimestamp":"2024-04-27T14:38:53.4624949Z","ServerTimestamp":"2024-04-27T14:38:53.4634917Z"},"nsu=http://opcfoundation.org/UA/Plc/Applications;s=FastUIntScalar1":{"Value":28,"SourceTimestamp":"2024-04-27T14:38:52.5618016Z","ServerTimestamp":"2024-04-27T14:38:53.4634963Z"},"nsu=http://opcfoundation.org/UA/Plc/Applications;s=FastUIntScalar2":{"Value":28,"SourceTimestamp":"2024-04-27T14:38:52.5618056Z","ServerTimestamp":"2024-04-27T14:38:53.4634794Z"},"nsu=http://opcfoundation.org/UA/Plc/Applications;s=FastUIntScalar3":{"Value":28,"SourceTimestamp":"2024-04-27T14:38:52.5618067Z","ServerTimestamp":"2024-04-27T14:38:53.4634883Z"},"nsu=http://opcfoundation.org/UA/Plc/Applications;s=FastRandomUIntScalar1":{"Value":1754296057,"SourceTimestamp":"2024-04-27T14:38:52.561851Z","ServerTimestamp":"2024-04-27T14:38:53.4634948Z"},"nsu=http://opcfoundation.org/UA/Plc/Applications;s=FastRandomUIntScalar2":{"Value":3896737651,"SourceTimestamp":"2024-04-27T14:38:52.5618649Z","ServerTimestamp":"2024-04-27T14:38:53.4634992Z"},"nsu=http://opcfoundation.org/UA/Plc/Applications;s=FastRandomUIntScalar3":{"Value":854579475,"SourceTimestamp":"2024-04-27T14:38:52.5618664Z","ServerTimestamp":"2024-04-27T14:38:53.4635012Z"},"nsu=http://opcfoundation.org/UA/Plc/Applications;s=NegativeTrendData":{"Value":100,"SourceTimestamp":"2024-04-27T14:38:53.4624461Z","ServerTimestamp":"2024-04-27T14:38:53.4634959Z"},"nsu=http://opcfoundation.org/UA/Plc/Applications;s=PositiveTrendData":{"Value":100.5,"SourceTimestamp":"2024-04-27T14:38:53.4624853Z","ServerTimestamp":"2024-04-27T14:38:53.4635001Z"},"nsu=http://opcfoundation.org/UA/Plc/Applications;s=SlowUIntScalar1":{"Value":2,"SourceTimestamp":"2024-04-27T14:38:44.5658937Z","ServerTimestamp":"2024-04-27T14:38:53.4634819Z"},"nsu=http://opcfoundation.org/UA/Plc/Applications;s=SlowUIntScalar2":{"Value":2,"SourceTimestamp":"2024-04-27T14:38:44.5659019Z","ServerTimestamp":"2024-04-27T14:38:53.4634805Z"},"nsu=http://opcfoundation.org/UA/Plc/Applications;s=SlowUIntScalar3":{"Value":2,"SourceTimestamp":"2024-04-27T14:38:44.5659036Z","ServerTimestamp":"2024-04-27T14:38:53.4634983Z"},"nsu=http://opcfoundation.org/UA/Plc/Applications;s=BadSlowUIntScalar1":{"Value":2,"SourceTimestamp":"2024-04-27T14:38:44.5659048Z","ServerTimestamp":"2024-04-27T14:38:53.4634873Z"},"nsu=http://opcfoundation.org/UA/Plc/Applications;s=SlowRandomUIntScalar1":{"Value":1073093617,"SourceTimestamp":"2024-04-27T14:38:44.5660002Z","ServerTimestamp":"2024-04-27T14:38:53.4634911Z"},"nsu=http://opcfoundation.org/UA/Plc/Applications;s=SlowRandomUIntScalar2":{"Value":3493555076,"SourceTimestamp":"2024-04-27T14:38:44.5660016Z","ServerTimestamp":"2024-04-27T14:38:53.463485Z"},"nsu=http://opcfoundation.org/UA/Plc/Applications;s=SlowRandomUIntScalar3":{"Value":1320310600,"SourceTimestamp":"2024-04-27T14:38:44.5660035Z","ServerTimestamp":"2024-04-27T14:38:53.4634897Z"},"nsu=http://opcfoundation.org/UA/Plc/Applications;s=BadSlowRandomUIntScalar1":{"Value":550166973,"SourceTimestamp":"2024-04-27T14:38:44.5660052Z","ServerTimestamp":"2024-04-27T14:38:53.4634928Z"},"nsu=http://opcfoundation.org/UA/Plc/Applications;s=SpikeData":{"Value":99.80267284282715,"SourceTimestamp":"2024-04-27T14:38:53.4624859Z","ServerTimestamp":"2024-04-27T14:38:53.4634974Z"},"ns=23;i=1259":{"Value":-0.499,"SourceTimestamp":"2024-04-27T14:38:25.4550417Z","ServerTimestamp":"2024-04-27T14:38:53.4634599Z"}}}]