[{"SequenceNumber":33,"MetaDataVersion":{"MajorVersion":1},"Timestamp":"2024-04-27T14:38:58.4672981Z","MessageType":"ua-deltaframe","DataSetWriterName":"<<UnknownDataSet>>","Payload":{"i=2258":{"Value":"2024-04-27T14:38:58.4670137Z","SourceTimestamp":"2024-04-27T14:38:25.4550052Z","ServerTimestamp":"2024-04-27T14:38:58.4670127Z"},"nsu=http://opcfoundation.org/UA/Plc/Applications;s=StepUp":{"Value":339,"SourceTimestamp":"2024-04-27T14:38:58.4661824Z","ServerTimestamp":"2024-04-27T14:38:58.4670457Z"},"nsu=http://opcfoundation.org/UA/Plc/Applications;s=AlternatingBoolean":{"Value":true,"SourceTimestamp":"2024-04-27T14:38:58.4661817Z","ServerTimestamp":"2024-04-27T14:38:58.4670533Z"},"nsu=http://opcfoundation.org/UA/Plc/Applications;s=RandomSignedInt32":{"Value":646791374,"SourceTimestamp":"2024-04-27T14:38:58.4661781Z","ServerTimestamp":"2024-04-27T14:38:58.4670474Z"},"nsu=http://opcfoundation.org/UA/Plc/Applications;s=RandomUnsignedInt32":{"Value":1600376019,"SourceTimestamp":"2024-04-27T14:38:58.4661765Z","ServerTimestamp":"2024-04-27T14:38:58.467045Z"},"nsu=http://opcfoundation.org/UA/Plc/Applications;s=DipData":{"Value":99.80267284282715,"SourceTimestamp":"2024-04-27T14:38:58.4661763Z","ServerTimestamp":"2024-04-27T14:38:58.4670512Z"},"nsu=http://opcfoundation.org/UA/Plc/Applications;s=FastUIntScalar1":{"Value":33,"SourceTimestamp":"2024-04-27T14:38:57.5664127Z","ServerTimestamp":"2024-04-27T14:38:58.4670552Z"},"nsu=http://opcfoundation.org/UA/Plc/Applications;s=FastUIntScalar2":{"Value":33,"SourceTimestamp":"2024-04-27T14:38:57.5664201Z","ServerTimestamp":"2024-04-27T14:38:58.4670424Z"},"nsu=http://opcfoundation.org/UA/Plc/Applications;s=FastUIntScalar3":{"Value":33,"SourceTimestamp":"2024-04-27T14:38:57.5664215Z","ServerTimestamp":"2024-04-27T14:38:58.4670489Z"},"nsu=http://opcfoundation.org/UA/Plc/Applications;s=FastRandomUIntScalar1":{"Value":844048989,"SourceTimestamp":"2024-04-27T14:38:57.5664763Z","ServerTimestamp":"2024-04-27T14:38:58.467054Z"},"nsu=http://opcfoundation.org/UA/Plc/Applications;s=FastRandomUIntScalar2":{"Value":1114402837,"SourceTimestamp":"2024-04-27T14:38:57.5664802Z","ServerTimestamp":"2024-04-27T14:38:58.4670574Z"},"nsu=http://opcfoundation.org/UA/Plc/Applications;s=FastRandomUIntScalar3":{"Value":638590915,"SourceTimestamp":"2024-04-27T14:38:57.5664823Z","ServerTimestamp":"2024-04-27T14:38:58.4670588Z"},"nsu=http://opcfoundation.org/UA/Plc/Applications;s=NegativeTrendData":{"Value":100,"SourceTimestamp":"2024-04-27T14:38:58.4661696Z","ServerTimestamp":"2024-04-27T14:38:58.4670549Z"},"nsu=http://opcfoundation.org/UA/Plc/Applications;s=PositiveTrendData":{"Value":100.59999999999999,"SourceTimestamp":"2024-04-27T14:38:58.4661867Z","ServerTimestamp":"2024-04-27T14:38:58.4670581Z"},"nsu=http://opcfoundation.org/UA/Plc/Applications;s=SlowUIntScalar1":{"Value":3,"SourceTimestamp":"2024-04-27T14:38:54.5671423Z","ServerTimestamp":"2024-04-27T14:38:58.4670442Z"},"nsu=http://opcfoundation.org/UA/Plc/Applications;s=SlowUIntScalar2":{"Value":3,"SourceTimestamp":"2024-04-27T14:38:54.5671654Z","ServerTimestamp":"2024-04-27T14:38:58.4670433Z"},"nsu=http://opcfoundation.org/UA/Plc/Applications;s=SlowUIntScalar3":{"Value":3,"SourceTimestamp":"2024-04-27T14:38:54.5671705Z","ServerTimestamp":"2024-04-27T14:38:58.4670566Z"},"nsu=http://opcfoundation.org/UA/Plc/Applications;s=BadSlowUIntScalar1":{"Value":3,"SourceTimestamp":"2024-04-27T14:38:54.5671721Z","ServerTimestamp":"2024-04-27T14:38:58.4670482Z"},"nsu=http://opcfoundation.org/UA/Plc/Applications;s=SlowRandomUIntScalar1":{"Value":3990194516,"SourceTimestamp":"2024-04-27T14:38:54.5672102Z","ServerTimestamp":"2024-04-27T14:38:58.4670508Z"},"nsu=http://opcfoundation.org/UA/Plc/Applications;s=SlowRandomUIntScalar2":{"Value":3691813698,"SourceTimestamp":"2024-04-27T14:38:54.5672132Z","ServerTimestamp":"2024-04-27T14:38:58.4670464Z"},"nsu=http://opcfoundation.org/UA/Plc/Applications;s=SlowRandomUIntScalar3":{"Value":1266628783,"SourceTimestamp":"2024-04-27T14:38:54.5672148Z","ServerTimestamp":"2024-04-27T14:38:58.4670499Z"},"nsu=http://opcfoundation.org/UA/Plc/Applications;s=BadSlowRandomUIntScalar1":{"Value":2432335570,"SourceTimestamp":"2024-04-27T14:38:54.5672166Z","ServerTimestamp":"2024-04-27T14:38:58.467052Z"},"nsu=http://opcfoundation.org/UA/Plc/Applications;s=SpikeData":{"Value":99.80267284282715,"SourceTimestamp":"2024-04-27T14:38:58.4661871Z","ServerTimestamp":"2024-04-27T14:38:58.4670559Z"},"ns=23;i=1259":{"Value":-1.6799999999999999,"SourceTimestamp":"2024-04-27T14:38:25.4550417Z","ServerTimestamp":"2024-04-27T14:38:58.4670272Z"}}}]