[{"SequenceNumber":34,"MetaDataVersion":{"MajorVersion":1},"Timestamp":"2024-04-27T14:38:59.4723851Z","MessageType":"ua-deltaframe","DataSetWriterName":"<<UnknownDataSet>>","Payload":{"i=2258":{"Value":"2024-04-27T14:38:59.4720999Z","SourceTimestamp":"2024-04-27T14:38:25.4550052Z","ServerTimestamp":"2024-04-27T14:38:59.4720987Z"},"nsu=http://opcfoundation.org/UA/Plc/Applications;s=StepUp":{"Value":349,"SourceTimestamp":"2024-04-27T14:38:59.4555202Z","ServerTimestamp":"2024-04-27T14:38:59.4721346Z"},"nsu=http://opcfoundation.org/UA/Plc/Applications;s=AlternatingBoolean":{"Value":true,"SourceTimestamp":"2024-04-27T14:38:59.4555179Z","ServerTimestamp":"2024-04-27T14:38:59.4721423Z"},"nsu=http://opcfoundation.org/UA/Plc/Applications;s=RandomSignedInt32":{"Value":1488872866,"SourceTimestamp":"2024-04-27T14:38:59.4555203Z","ServerTimestamp":"2024-04-27T14:38:59.4721363Z"},"nsu=http://opcfoundation.org/UA/Plc/Applications;s=RandomUnsignedInt32":{"Value":669612110,"SourceTimestamp":"2024-04-27T14:38:59.4555073Z","ServerTimestamp":"2024-04-27T14:38:59.4721339Z"},"nsu=http://opcfoundation.org/UA/Plc/Applications;s=DipData":{"Value":24.868988716485479,"SourceTimestamp":"2024-04-27T14:38:59.4555137Z","ServerTimestamp":"2024-04-27T14:38:59.472141Z"},"nsu=http://opcfoundation.org/UA/Plc/Applications;s=FastUIntScalar1":{"Value":34,"SourceTimestamp":"2024-04-27T14:38:58.560963Z","ServerTimestamp":"2024-04-27T14:38:59.4721446Z"},"nsu=http://opcfoundation.org/UA/Plc/Applications;s=FastUIntScalar2":{"Value":34,"SourceTimestamp":"2024-04-27T14:38:58.5609693Z","ServerTimestamp":"2024-04-27T14:38:59.4721311Z"},"nsu=http://opcfoundation.org/UA/Plc/Applications;s=FastUIntScalar3":{"Value":34,"SourceTimestamp":"2024-04-27T14:38:58.5609705Z","ServerTimestamp":"2024-04-27T14:38:59.4721384Z"},"nsu=http://opcfoundation.org/UA/Plc/Applications;s=FastRandomUIntScalar1":{"Value":2915895363,"SourceTimestamp":"2024-04-27T14:38:58.5610109Z","ServerTimestamp":"2024-04-27T14:38:59.4721435Z"},"nsu=http://opcfoundation.org/UA/Plc/Applications;s=FastRandomUIntScalar2":{"Value":2195837712,"SourceTimestamp":"2024-04-27T14:38:58.5610126Z","ServerTimestamp":"2024-04-27T14:38:59.4721471Z"},"nsu=http://opcfoundation.org/UA/Plc/Applications;s=FastRandomUIntScalar3":{"Value":1956619956,"SourceTimestamp":"2024-04-27T14:38:58.5610138Z","ServerTimestamp":"2024-04-27T14:38:59.4721485Z"},"nsu=http://opcfoundation.org/UA/Plc/Applications;s=NegativeTrendData":{"Value":100,"SourceTimestamp":"2024-04-27T14:38:59.455507Z","ServerTimestamp":"2024-04-27T14:38:59.4721443Z"},"nsu=http://opcfoundation.org/UA/Plc/Applications;s=PositiveTrendData":{"Value":100.59999999999999,"SourceTimestamp":"2024-04-27T14:38:59.4555337Z","ServerTimestamp":"2024-04-27T14:38:59.4721477Z"},"nsu=http://opcfoundation.org/UA/Plc/Applications;s=SlowUIntScalar1":{"Value":3,"SourceTimestamp":"2024-04-27T14:38:54.5671423Z","ServerTimestamp":"2024-04-27T14:38:59.472133Z"},"nsu=http://opcfoundation.org/UA/Plc/Applications;s=SlowUIntScalar2":{"Value":3,"SourceTimestamp":"2024-04-27T14:38:54.5671654Z","ServerTimestamp":"2024-04-27T14:38:59.472132Z"},"nsu=http://opcfoundation.org/UA/Plc/Applications;s=SlowUIntScalar3":{"Value":3,"SourceTimestamp":"2024-04-27T14:38:54.5671705Z","ServerTimestamp":"2024-04-27T14:38:59.4721463Z"},"nsu=http://opcfoundation.org/UA/Plc/Applications;s=BadSlowUIntScalar1":{"Value":3,"SourceTimestamp":"2024-04-27T14:38:54.5671721Z","ServerTimestamp":"2024-04-27T14:38:59.4721377Z"},"nsu=http://opcfoundation.org/UA/Plc/Applications;s=SlowRandomUIntScalar1":{"Value":3990194516,"SourceTimestamp":"2024-04-27T14:38:54.5672102Z","ServerTimestamp":"2024-04-27T14:38:59.4721405Z"},"nsu=http://opcfoundation.org/UA/Plc/Applications;s=SlowRandomUIntScalar2":{"Value":3691813698,"SourceTimestamp":"2024-04-27T14:38:54.5672132Z","ServerTimestamp":"2024-04-27T14:38:59.4721354Z"},"nsu=http://opcfoundation.org/UA/Plc/Applications;s=SlowRandomUIntScalar3":{"Value":1266628783,"SourceTimestamp":"2024-04-27T14:38:54.5672148Z","ServerTimestamp":"2024-04-27T14:38:59.4721396Z"},"nsu=http://opcfoundation.org/UA/Plc/Applications;s=BadSlowRandomUIntScalar1":{"Value":2432335570,"SourceTimestamp":"2024-04-27T14:38:54.5672166Z","ServerTimestamp":"2024-04-27T14:38:59.4721417Z"},"nsu=http://opcfoundation.org/UA/Plc/Applications;s=SpikeData":{"Value":24.868988716485479,"SourceTimestamp":"2024-04-27T14:38:59.4555304Z","ServerTimestamp":"2024-04-27T14:38:59.4721454Z"},"ns=23;i=1259":{"Value":-0.628,"SourceTimestamp":"2024-04-27T14:38:25.4550417Z","ServerTimestamp":"2024-04-27T14:38:59.4721137Z"}}}]