[{"SequenceNumber":38,"MetaDataVersion":{"MajorVersion":1},"Timestamp":"2024-04-27T14:39:03.4589186Z","MessageType":"ua-deltaframe","DataSetWriterName":"<<UnknownDataSet>>","Payload":{"i=2258":{"Value":"2024-04-27T14:39:03.4586371Z","SourceTimestamp":"2024-04-27T14:38:25.4550052Z","ServerTimestamp":"2024-04-27T14:39:03.458636Z"},"nsu=http://opcfoundation.org/UA/Plc/Applications;s=StepUp":{"Value":389,"SourceTimestamp":"2024-04-27T14:39:03.4577729Z","ServerTimestamp":"2024-04-27T14:39:03.4586718Z"},"nsu=http://opcfoundation.org/UA/Plc/Applications;s=AlternatingBoolean":{"Value":false,"SourceTimestamp":"2024-04-27T14:39:03.457763Z","ServerTimestamp":"2024-04-27T14:39:03.4586789Z"},"nsu=http://opcfoundation.org/UA/Plc/Applications;s=RandomSignedInt32":{"Value":-886059106,"SourceTimestamp":"2024-04-27T14:39:03.4577669Z","ServerTimestamp":"2024-04-27T14:39:03.4586734Z"},"nsu=http://opcfoundation.org/UA/Plc/Applications;s=RandomUnsignedInt32":{"Value":899823713,"SourceTimestamp":"2024-04-27T14:39:03.4577597Z","ServerTimestamp":"2024-04-27T14:39:03.4586711Z"},"nsu=http://opcfoundation.org/UA/Plc/Applications;s=DipData":{"Value":99.80267284282715,"SourceTimestamp":"2024-04-27T14:39:03.4577558Z","ServerTimestamp":"2024-04-27T14:39:03.4586776Z"},"nsu=http://opcfoundation.org/UA/Plc/Applications;s=FastUIntScalar1":{"Value":38,"SourceTimestamp":"2024-04-27T14:39:02.5631479Z","ServerTimestamp":"2024-04-27T14:39:03.4586809Z"},"nsu=http://opcfoundation.org/UA/Plc/Applications;s=FastUIntScalar2":{"Value":38,"SourceTimestamp":"2024-04-27T14:39:02.5631544Z","ServerTimestamp":"2024-04-27T14:39:03.4586683Z"},"nsu=http://opcfoundation.org/UA/Plc/Applications;s=FastUIntScalar3":{"Value":38,"SourceTimestamp":"2024-04-27T14:39:02.5631557Z","ServerTimestamp":"2024-04-27T14:39:03.4586752Z"},"nsu=http://opcfoundation.org/UA/Plc/Applications;s=FastRandomUIntScalar1":{"Value":2667053910,"SourceTimestamp":"2024-04-27T14:39:02.5631726Z","ServerTimestamp":"2024-04-27T14:39:03.4586798Z"},"nsu=http://opcfoundation.org/UA/Plc/Applications;s=FastRandomUIntScalar2":{"Value":4291204294,"SourceTimestamp":"2024-04-27T14:39:02.5631744Z","ServerTimestamp":"2024-04-27T14:39:03.458683Z"},"nsu=http://opcfoundation.org/UA/Plc/Applications;s=FastRandomUIntScalar3":{"Value":1677352595,"SourceTimestamp":"2024-04-27T14:39:02.563176Z","ServerTimestamp":"2024-04-27T14:39:03.4586845Z"},"nsu=http://opcfoundation.org/UA/Plc/Applications;s=NegativeTrendData":{"Value":100,"SourceTimestamp":"2024-04-27T14:39:03.4577369Z","ServerTimestamp":"2024-04-27T14:39:03.4586806Z"},"nsu=http://opcfoundation.org/UA/Plc/Applications;s=PositiveTrendData":{"Value":100.7,"SourceTimestamp":"2024-04-27T14:39:03.4577464Z","ServerTimestamp":"2024-04-27T14:39:03.4586836Z"},"nsu=http://opcfoundation.org/UA/Plc/Applications;s=SlowUIntScalar1":{"Value":3,"SourceTimestamp":"2024-04-27T14:38:54.5671423Z","ServerTimestamp":"2024-04-27T14:39:03.4586702Z"},"nsu=http://opcfoundation.org/UA/Plc/Applications;s=SlowUIntScalar2":{"Value":3,"SourceTimestamp":"2024-04-27T14:38:54.5671654Z","ServerTimestamp":"2024-04-27T14:39:03.4586692Z"},"nsu=http://opcfoundation.org/UA/Plc/Applications;s=SlowUIntScalar3":{"Value":3,"SourceTimestamp":"2024-04-27T14:38:54.5671705Z","ServerTimestamp":"2024-04-27T14:39:03.4586823Z"},"nsu=http://opcfoundation.org/UA/Plc/Applications;s=BadSlowUIntScalar1":{"Value":3,"SourceTimestamp":"2024-04-27T14:38:54.5671721Z","ServerTimestamp":"2024-04-27T14:39:03.4586746Z"},"nsu=http://opcfoundation.org/UA/Plc/Applications;s=SlowRandomUIntScalar1":{"Value":3990194516,"SourceTimestamp":"2024-04-27T14:38:54.5672102Z","ServerTimestamp":"2024-04-27T14:39:03.4586771Z"},"nsu=http://opcfoundation.org/UA/Plc/Applications;s=SlowRandomUIntScalar2":{"Value":3691813698,"SourceTimestamp":"2024-04-27T14:38:54.5672132Z","ServerTimestamp":"2024-04-27T14:39:03.4586726Z"},"nsu=http://opcfoundation.org/UA/Plc/Applications;s=SlowRandomUIntScalar3":{"Value":1266628783,"SourceTimestamp":"2024-04-27T14:38:54.5672148Z","ServerTimestamp":"2024-04-27T14:39:03.4586762Z"},"nsu=http://opcfoundation.org/UA/Plc/Applications;s=BadSlowRandomUIntScalar1":{"Value":2432335570,"SourceTimestamp":"2024-04-27T14:38:54.5672166Z","ServerTimestamp":"2024-04-27T14:39:03.4586784Z"},"nsu=http://opcfoundation.org/UA/Plc/Applications;s=SpikeData":{"Value":99.80267284282715,"SourceTimestamp":"2024-04-27T14:39:03.4577523Z","ServerTimestamp":"2024-04-27T14:39:03.4586817Z"},"ns=23;i=1259":{"Value":-1.8900000000000001,"SourceTimestamp":"2024-04-27T14:38:25.4550417Z","ServerTimestamp":"2024-04-27T14:39:03.4586511Z"}}}]