[{"SequenceNumber":50,"MetaDataVersion":{"MajorVersion":1},"Timestamp":"2024-04-27T14:39:15.4655652Z","MessageType":"ua-deltaframe","DataSetWriterName":"<<UnknownDataSet>>","Payload":{"i=2258":{"Value":"2024-04-27T14:39:15.4652425Z","SourceTimestamp":"2024-04-27T14:38:25.4550052Z","ServerTimestamp":"2024-04-27T14:39:15.4652413Z"},"nsu=http://opcfoundation.org/UA/Plc/Applications;s=StepUp":{"Value":509,"SourceTimestamp":"2024-04-27T14:39:15.4643109Z","ServerTimestamp":"2024-04-27T14:39:15.4652759Z"},"nsu=http://opcfoundation.org/UA/Plc/Applications;s=AlternatingBoolean":{"Value":true,"SourceTimestamp":"2024-04-27T14:39:15.4643133Z","ServerTimestamp":"2024-04-27T14:39:15.4652823Z"},"nsu=http://opcfoundation.org/UA/Plc/Applications;s=RandomSignedInt32":{"Value":-308251284,"SourceTimestamp":"2024-04-27T14:39:15.4643079Z","ServerTimestamp":"2024-04-27T14:39:15.4652772Z"},"nsu=http://opcfoundation.org/UA/Plc/Applications;s=RandomUnsignedInt32":{"Value":1750995323,"SourceTimestamp":"2024-04-27T14:39:15.4643039Z","ServerTimestamp":"2024-04-27T14:39:15.4652753Z"},"nsu=http://opcfoundation.org/UA/Plc/Applications;s=DipData":{"Value":-1000,"SourceTimestamp":"2024-04-27T14:39:15.4642993Z","ServerTimestamp":"2024-04-27T14:39:15.4652811Z"},"nsu=http://opcfoundation.org/UA/Plc/Applications;s=FastUIntScalar1":{"Value":50,"SourceTimestamp":"2024-04-27T14:39:14.5556665Z","ServerTimestamp":"2024-04-27T14:39:15.4652847Z"},"nsu=http://opcfoundation.org/UA/Plc/Applications;s=FastUIntScalar2":{"Value":50,"SourceTimestamp":"2024-04-27T14:39:14.5556707Z","ServerTimestamp":"2024-04-27T14:39:15.4652724Z"},"nsu=http://opcfoundation.org/UA/Plc/Applications;s=FastUIntScalar3":{"Value":50,"SourceTimestamp":"2024-04-27T14:39:14.5556732Z","ServerTimestamp":"2024-04-27T14:39:15.4652788Z"},"nsu=http://opcfoundation.org/UA/Plc/Applications;s=FastRandomUIntScalar1":{"Value":3788903791,"SourceTimestamp":"2024-04-27T14:39:14.5556662Z","ServerTimestamp":"2024-04-27T14:39:15.4652834Z"},"nsu=http://opcfoundation.org/UA/Plc/Applications;s=FastRandomUIntScalar2":{"Value":1306975558,"SourceTimestamp":"2024-04-27T14:39:14.5556689Z","ServerTimestamp":"2024-04-27T14:39:15.4652868Z"},"nsu=http://opcfoundation.org/UA/Plc/Applications;s=FastRandomUIntScalar3":{"Value":156655455,"SourceTimestamp":"2024-04-27T14:39:14.5556716Z","ServerTimestamp":"2024-04-27T14:39:15.4652882Z"},"nsu=http://opcfoundation.org/UA/Plc/Applications;s=NegativeTrendData":{"Value":99.700000000000003,"SourceTimestamp":"2024-04-27T14:39:15.4642639Z","ServerTimestamp":"2024-04-27T14:39:15.4652842Z"},"nsu=http://opcfoundation.org/UA/Plc/Applications;s=PositiveTrendData":{"Value":101,"SourceTimestamp":"2024-04-27T14:39:15.4642885Z","ServerTimestamp":"2024-04-27T14:39:15.4652874Z"},"nsu=http://opcfoundation.org/UA/Plc/Applications;s=SlowUIntScalar1":{"Value":5,"SourceTimestamp":"2024-04-27T14:39:14.5555585Z","ServerTimestamp":"2024-04-27T14:39:15.4652742Z"},"nsu=http://opcfoundation.org/UA/Plc/Applications;s=SlowUIntScalar2":{"Value":5,"SourceTimestamp":"2024-04-27T14:39:14.5555697Z","ServerTimestamp":"2024-04-27T14:39:15.4652733Z"},"nsu=http://opcfoundation.org/UA/Plc/Applications;s=SlowUIntScalar3":{"Value":5,"SourceTimestamp":"2024-04-27T14:39:14.5555721Z","ServerTimestamp":"2024-04-27T14:39:15.4652861Z"},"nsu=http://opcfoundation.org/UA/Plc/Applications;s=BadSlowUIntScalar1":{"Value":5,"SourceTimestamp":"2024-04-27T14:39:14.5555746Z","ServerTimestamp":"2024-04-27T14:39:15.4652781Z"},"nsu=http://opcfoundation.org/UA/Plc/Applications;s=SlowRandomUIntScalar1":{"Value":1893226866,"SourceTimestamp":"2024-04-27T14:39:14.5556843Z","ServerTimestamp":"2024-04-27T14:39:15.4652806Z"},"nsu=http://opcfoundation.org/UA/Plc/Applications;s=SlowRandomUIntScalar2":{"Value":784032727,"SourceTimestamp":"2024-04-27T14:39:14.5556922Z","ServerTimestamp":"2024-04-27T14:39:15.4652766Z"},"nsu=http://opcfoundation.org/UA/Plc/Applications;s=SlowRandomUIntScalar3":{"Value":3194296657,"SourceTimestamp":"2024-04-27T14:39:14.555695Z","ServerTimestamp":"2024-04-27T14:39:15.4652797Z"},"nsu=http://opcfoundation.org/UA/Plc/Applications;s=BadSlowRandomUIntScalar1":{"Value":1552105599,"SourceTimestamp":"2024-04-27T14:39:14.5556977Z","ServerTimestamp":"2024-04-27T14:39:15.4652818Z"},"nsu=http://opcfoundation.org/UA/Plc/Applications;s=SpikeData":{"Value":1000,"SourceTimestamp":"2024-04-27T14:39:15.4643243Z","ServerTimestamp":"2024-04-27T14:39:15.4652854Z"},"ns=23;i=1259":{"Value":0.107,"SourceTimestamp":"2024-04-27T14:38:25.4550417Z","ServerTimestamp":"2024-04-27T14:39:15.4652576Z"}}}]