[{"SequenceNumber":52,"MetaDataVersion":{"MajorVersion":1},"Timestamp":"2024-04-27T14:39:17.4631448Z","MessageType":"ua-deltaframe","DataSetWriterName":"<<UnknownDataSet>>","Payload":{"i=2258":{"Value":"2024-04-27T14:39:17.4627405Z","SourceTimestamp":"2024-04-27T14:38:25.4550052Z","ServerTimestamp":"2024-04-27T14:39:17.4627392Z"},"nsu=http://opcfoundation.org/UA/Plc/Applications;s=StepUp":{"Value":529,"SourceTimestamp":"2024-04-27T14:39:17.46176Z","ServerTimestamp":"2024-04-27T14:39:17.462797Z"},"nsu=http://opcfoundation.org/UA/Plc/Applications;s=AlternatingBoolean":{"Value":true,"SourceTimestamp":"2024-04-27T14:39:17.4617581Z","ServerTimestamp":"2024-04-27T14:39:17.462808Z"},"nsu=http://opcfoundation.org/UA/Plc/Applications;s=RandomSignedInt32":{"Value":-397790844,"SourceTimestamp":"2024-04-27T14:39:17.4617568Z","ServerTimestamp":"2024-04-27T14:39:17.4627993Z"},"nsu=http://opcfoundation.org/UA/Plc/Applications;s=RandomUnsignedInt32":{"Value":224589424,"SourceTimestamp":"2024-04-27T14:39:17.4617521Z","ServerTimestamp":"2024-04-27T14:39:17.4627959Z"},"nsu=http://opcfoundation.org/UA/Plc/Applications;s=DipData":{"Value":36.812455268467772,"SourceTimestamp":"2024-04-27T14:39:17.46176Z","ServerTimestamp":"2024-04-27T14:39:17.4628059Z"},"nsu=http://opcfoundation.org/UA/Plc/Applications;s=FastUIntScalar1":{"Value":52,"SourceTimestamp":"2024-04-27T14:39:16.563008Z","ServerTimestamp":"2024-04-27T14:39:17.4628117Z"},"nsu=http://opcfoundation.org/UA/Plc/Applications;s=FastUIntScalar2":{"Value":52,"SourceTimestamp":"2024-04-27T14:39:16.5630145Z","ServerTimestamp":"2024-04-27T14:39:17.4627917Z"},"nsu=http://opcfoundation.org/UA/Plc/Applications;s=FastUIntScalar3":{"Value":52,"SourceTimestamp":"2024-04-27T14:39:16.5630157Z","ServerTimestamp":"2024-04-27T14:39:17.462802Z"},"nsu=http://opcfoundation.org/UA/Plc/Applications;s=FastRandomUIntScalar1":{"Value":1049547729,"SourceTimestamp":"2024-04-27T14:39:16.5630398Z","ServerTimestamp":"2024-04-27T14:39:17.4628094Z"},"nsu=http://opcfoundation.org/UA/Plc/Applications;s=FastRandomUIntScalar2":{"Value":1411246015,"SourceTimestamp":"2024-04-27T14:39:16.5630446Z","ServerTimestamp":"2024-04-27T14:39:17.4628152Z"},"nsu=http://opcfoundation.org/UA/Plc/Applications;s=FastRandomUIntScalar3":{"Value":1346355768,"SourceTimestamp":"2024-04-27T14:39:16.5630461Z","ServerTimestamp":"2024-04-27T14:39:17.4628182Z"},"nsu=http://opcfoundation.org/UA/Plc/Applications;s=NegativeTrendData":{"Value":99.700000000000003,"SourceTimestamp":"2024-04-27T14:39:17.4617268Z","ServerTimestamp":"2024-04-27T14:39:17.4628111Z"},"nsu=http://opcfoundation.org/UA/Plc/Applications;s=PositiveTrendData":{"Value":101,"SourceTimestamp":"2024-04-27T14:39:17.4617498Z","ServerTimestamp":"2024-04-27T14:39:17.4628162Z"},"nsu=http://opcfoundation.org/UA/Plc/Applications;s=SlowUIntScalar1":{"Value":5,"SourceTimestamp":"2024-04-27T14:39:14.5555585Z","ServerTimestamp":"2024-04-27T14:39:17.4627945Z"},"nsu=http://opcfoundation.org/UA/Plc/Applications;s=SlowUIntScalar2":{"Value":5,"SourceTimestamp":"2024-04-27T14:39:14.5555697Z","ServerTimestamp":"2024-04-27T14:39:17.462793Z"},"nsu=http://opcfoundation.org/UA/Plc/Applications;s=SlowUIntScalar3":{"Value":5,"SourceTimestamp":"2024-04-27T14:39:14.5555721Z","ServerTimestamp":"2024-04-27T14:39:17.4628141Z"},"nsu=http://opcfoundation.org/UA/Plc/Applications;s=BadSlowUIntScalar1":{"Value":5,"SourceTimestamp":"2024-04-27T14:39:14.5555746Z","ServerTimestamp":"2024-04-27T14:39:17.4628009Z"},"nsu=http://opcfoundation.org/UA/Plc/Applications;s=SlowRandomUIntScalar1":{"Value":1893226866,"SourceTimestamp":"2024-04-27T14:39:14.5556843Z","ServerTimestamp":"2024-04-27T14:39:17.4628053Z"},"nsu=http://opcfoundation.org/UA/Plc/Applications;s=SlowRandomUIntScalar2":{"Value":784032727,"SourceTimestamp":"2024-04-27T14:39:14.5556922Z","ServerTimestamp":"2024-04-27T14:39:17.4627981Z"},"nsu=http://opcfoundation.org/UA/Plc/Applications;s=SlowRandomUIntScalar3":{"Value":3194296657,"SourceTimestamp":"2024-04-27T14:39:14.555695Z","ServerTimestamp":"2024-04-27T14:39:17.4628036Z"},"nsu=http://opcfoundation.org/UA/Plc/Applications;s=BadSlowRandomUIntScalar1":{"Value":1552105599,"SourceTimestamp":"2024-04-27T14:39:14.5556977Z","ServerTimestamp":"2024-04-27T14:39:17.4628071Z"},"nsu=http://opcfoundation.org/UA/Plc/Applications;s=SpikeData":{"Value":36.812455268467772,"SourceTimestamp":"2024-04-27T14:39:17.4617519Z","ServerTimestamp":"2024-04-27T14:39:17.4628131Z"},"ns=23;i=1259":{"Value":1.3600000000000001,"SourceTimestamp":"2024-04-27T14:38:25.4550417Z","ServerTimestamp":"2024-04-27T14:39:17.4627707Z"}}}]