[{"SequenceNumber":55,"MetaDataVersion":{"MajorVersion":1},"Timestamp":"2024-04-27T14:39:20.461206Z","MessageType":"ua-deltaframe","DataSetWriterName":"<<UnknownDataSet>>","Payload":{"i=2258":{"Value":"2024-04-27T14:39:20.4609117Z","SourceTimestamp":"2024-04-27T14:38:25.4550052Z","ServerTimestamp":"2024-04-27T14:39:20.4609105Z"},"nsu=http://opcfoundation.org/UA/Plc/Applications;s=StepUp":{"Value":559,"SourceTimestamp":"2024-04-27T14:39:20.4599126Z","ServerTimestamp":"2024-04-27T14:39:20.4609472Z"},"nsu=http://opcfoundation.org/UA/Plc/Applications;s=AlternatingBoolean":{"Value":false,"SourceTimestamp":"2024-04-27T14:39:20.4599092Z","ServerTimestamp":"2024-04-27T14:39:20.4609546Z"},"nsu=http://opcfoundation.org/UA/Plc/Applications;s=RandomSignedInt32":{"Value":289634979,"SourceTimestamp":"2024-04-27T14:39:20.459905Z","ServerTimestamp":"2024-04-27T14:39:20.4609489Z"},"nsu=http://opcfoundation.org/UA/Plc/Applications;s=RandomUnsignedInt32":{"Value":269959691,"SourceTimestamp":"2024-04-27T14:39:20.4598998Z","ServerTimestamp":"2024-04-27T14:39:20.4609465Z"},"nsu=http://opcfoundation.org/UA/Plc/Applications;s=DipData":{"Value":-84.432792550201498,"SourceTimestamp":"2024-04-27T14:39:20.4599163Z","ServerTimestamp":"2024-04-27T14:39:20.4609531Z"},"nsu=http://opcfoundation.org/UA/Plc/Applications;s=FastUIntScalar1":{"Value":55,"SourceTimestamp":"2024-04-27T14:39:19.5694773Z","ServerTimestamp":"2024-04-27T14:39:20.460957Z"},"nsu=http://opcfoundation.org/UA/Plc/Applications;s=FastUIntScalar2":{"Value":55,"SourceTimestamp":"2024-04-27T14:39:19.5694827Z","ServerTimestamp":"2024-04-27T14:39:20.4609431Z"},"nsu=http://opcfoundation.org/UA/Plc/Applications;s=FastUIntScalar3":{"Value":55,"SourceTimestamp":"2024-04-27T14:39:19.5694857Z","ServerTimestamp":"2024-04-27T14:39:20.4609506Z"},"nsu=http://opcfoundation.org/UA/Plc/Applications;s=FastRandomUIntScalar1":{"Value":3812346893,"SourceTimestamp":"2024-04-27T14:39:19.5694993Z","ServerTimestamp":"2024-04-27T14:39:20.4609555Z"},"nsu=http://opcfoundation.org/UA/Plc/Applications;s=FastRandomUIntScalar2":{"Value":26632222,"SourceTimestamp":"2024-04-27T14:39:19.5695019Z","ServerTimestamp":"2024-04-27T14:39:20.4609592Z"},"nsu=http://opcfoundation.org/UA/Plc/Applications;s=FastRandomUIntScalar3":{"Value":556013963,"SourceTimestamp":"2024-04-27T14:39:19.5695034Z","ServerTimestamp":"2024-04-27T14:39:20.4609607Z"},"nsu=http://opcfoundation.org/UA/Plc/Applications;s=NegativeTrendData":{"Value":99.599999999999994,"SourceTimestamp":"2024-04-27T14:39:20.4598545Z","ServerTimestamp":"2024-04-27T14:39:20.4609566Z"},"nsu=http://opcfoundation.org/UA/Plc/Applications;s=PositiveTrendData":{"Value":101.09999999999999,"SourceTimestamp":"2024-04-27T14:39:20.4599159Z","ServerTimestamp":"2024-04-27T14:39:20.4609599Z"},"nsu=http://opcfoundation.org/UA/Plc/Applications;s=SlowUIntScalar1":{"Value":5,"SourceTimestamp":"2024-04-27T14:39:14.5555585Z","ServerTimestamp":"2024-04-27T14:39:20.4609456Z"},"nsu=http://opcfoundation.org/UA/Plc/Applications;s=SlowUIntScalar2":{"Value":5,"SourceTimestamp":"2024-04-27T14:39:14.5555697Z","ServerTimestamp":"2024-04-27T14:39:20.4609441Z"},"nsu=http://opcfoundation.org/UA/Plc/Applications;s=SlowUIntScalar3":{"Value":5,"SourceTimestamp":"2024-04-27T14:39:14.5555721Z","ServerTimestamp":"2024-04-27T14:39:20.4609585Z"},"nsu=http://opcfoundation.org/UA/Plc/Applications;s=BadSlowUIntScalar1":{"Value":5,"SourceTimestamp":"2024-04-27T14:39:14.5555746Z","ServerTimestamp":"2024-04-27T14:39:20.4609499Z"},"nsu=http://opcfoundation.org/UA/Plc/Applications;s=SlowRandomUIntScalar1":{"Value":1893226866,"SourceTimestamp":"2024-04-27T14:39:14.5556843Z","ServerTimestamp":"2024-04-27T14:39:20.4609526Z"},"nsu=http://opcfoundation.org/UA/Plc/Applications;s=SlowRandomUIntScalar2":{"Value":784032727,"SourceTimestamp":"2024-04-27T14:39:14.5556922Z","ServerTimestamp":"2024-04-27T14:39:20.4609481Z"},"nsu=http://opcfoundation.org/UA/Plc/Applications;s=SlowRandomUIntScalar3":{"Value":3194296657,"SourceTimestamp":"2024-04-27T14:39:14.555695Z","ServerTimestamp":"2024-04-27T14:39:20.4609516Z"},"nsu=http://opcfoundation.org/UA/Plc/Applications;s=BadSlowRandomUIntScalar1":{"Value":1552105599,"SourceTimestamp":"2024-04-27T14:39:14.5556977Z","ServerTimestamp":"2024-04-27T14:39:20.4609541Z"},"nsu=http://opcfoundation.org/UA/Plc/Applications;s=SpikeData":{"Value":-84.432792550201498,"SourceTimestamp":"2024-04-27T14:39:20.4599502Z","ServerTimestamp":"2024-04-27T14:39:20.4609577Z"},"ns=23;i=1259":{"Value":0.60099999999999998,"SourceTimestamp":"2024-04-27T14:38:25.4550417Z","ServerTimestamp":"2024-04-27T14:39:20.4609273Z"}}}]