[{"SequenceNumber":57,"MetaDataVersion":{"MajorVersion":1},"Timestamp":"2024-04-27T14:39:22.4623958Z","MessageType":"ua-deltaframe","DataSetWriterName":"<<UnknownDataSet>>","Payload":{"i=2258":{"Value":"2024-04-27T14:39:22.4620577Z","SourceTimestamp":"2024-04-27T14:38:25.4550052Z","ServerTimestamp":"2024-04-27T14:39:22.4620566Z"},"nsu=http://opcfoundation.org/UA/Plc/Applications;s=StepUp":{"Value":579,"SourceTimestamp":"2024-04-27T14:39:22.460842Z","ServerTimestamp":"2024-04-27T14:39:22.462093Z"},"nsu=http://opcfoundation.org/UA/Plc/Applications;s=AlternatingBoolean":{"Value":false,"SourceTimestamp":"2024-04-27T14:39:22.4608261Z","ServerTimestamp":"2024-04-27T14:39:22.4621002Z"},"nsu=http://opcfoundation.org/UA/Plc/Applications;s=RandomSignedInt32":{"Value":-1304399051,"SourceTimestamp":"2024-04-27T14:39:22.4608179Z","ServerTimestamp":"2024-04-27T14:39:22.4620947Z"},"nsu=http://opcfoundation.org/UA/Plc/Applications;s=RandomUnsignedInt32":{"Value":1226231431,"SourceTimestamp":"2024-04-27T14:39:22.4608127Z","ServerTimestamp":"2024-04-27T14:39:22.4620923Z"},"nsu=http://opcfoundation.org/UA/Plc/Applications;s=DipData":{"Value":36.812455268467772,"SourceTimestamp":"2024-04-27T14:39:22.4607466Z","ServerTimestamp":"2024-04-27T14:39:22.4620989Z"},"nsu=http://opcfoundation.org/UA/Plc/Applications;s=FastUIntScalar1":{"Value":57,"SourceTimestamp":"2024-04-27T14:39:21.561956Z","ServerTimestamp":"2024-04-27T14:39:22.4621026Z"},"nsu=http://opcfoundation.org/UA/Plc/Applications;s=FastUIntScalar2":{"Value":57,"SourceTimestamp":"2024-04-27T14:39:21.5619656Z","ServerTimestamp":"2024-04-27T14:39:22.4620891Z"},"nsu=http://opcfoundation.org/UA/Plc/Applications;s=FastUIntScalar3":{"Value":57,"SourceTimestamp":"2024-04-27T14:39:21.5619684Z","ServerTimestamp":"2024-04-27T14:39:22.4620963Z"},"nsu=http://opcfoundation.org/UA/Plc/Applications;s=FastRandomUIntScalar1":{"Value":4066452270,"SourceTimestamp":"2024-04-27T14:39:21.5620239Z","ServerTimestamp":"2024-04-27T14:39:22.4621012Z"},"nsu=http://opcfoundation.org/UA/Plc/Applications;s=FastRandomUIntScalar2":{"Value":3420531721,"SourceTimestamp":"2024-04-27T14:39:21.5620269Z","ServerTimestamp":"2024-04-27T14:39:22.4621049Z"},"nsu=http://opcfoundation.org/UA/Plc/Applications;s=FastRandomUIntScalar3":{"Value":1935514648,"SourceTimestamp":"2024-04-27T14:39:21.5620334Z","ServerTimestamp":"2024-04-27T14:39:22.4621064Z"},"nsu=http://opcfoundation.org/UA/Plc/Applications;s=NegativeTrendData":{"Value":99.599999999999994,"SourceTimestamp":"2024-04-27T14:39:22.4608123Z","ServerTimestamp":"2024-04-27T14:39:22.4621022Z"},"nsu=http://opcfoundation.org/UA/Plc/Applications;s=PositiveTrendData":{"Value":101.09999999999999,"SourceTimestamp":"2024-04-27T14:39:22.4608322Z","ServerTimestamp":"2024-04-27T14:39:22.4621056Z"},"nsu=http://opcfoundation.org/UA/Plc/Applications;s=SlowUIntScalar1":{"Value":5,"SourceTimestamp":"2024-04-27T14:39:14.5555585Z","ServerTimestamp":"2024-04-27T14:39:22.4620914Z"},"nsu=http://opcfoundation.org/UA/Plc/Applications;s=SlowUIntScalar2":{"Value":5,"SourceTimestamp":"2024-04-27T14:39:14.5555697Z","ServerTimestamp":"2024-04-27T14:39:22.4620904Z"},"nsu=http://opcfoundation.org/UA/Plc/Applications;s=SlowUIntScalar3":{"Value":5,"SourceTimestamp":"2024-04-27T14:39:14.5555721Z","ServerTimestamp":"2024-04-27T14:39:22.4621042Z"},"nsu=http://opcfoundation.org/UA/Plc/Applications;s=BadSlowUIntScalar1":{"Value":5,"SourceTimestamp":"2024-04-27T14:39:14.5555746Z","ServerTimestamp":"2024-04-27T14:39:22.4620956Z"},"nsu=http://opcfoundation.org/UA/Plc/Applications;s=SlowRandomUIntScalar1":{"Value":1893226866,"SourceTimestamp":"2024-04-27T14:39:14.5556843Z","ServerTimestamp":"2024-04-27T14:39:22.4620984Z"},"nsu=http://opcfoundation.org/UA/Plc/Applications;s=SlowRandomUIntScalar2":{"Value":784032727,"SourceTimestamp":"2024-04-27T14:39:14.5556922Z","ServerTimestamp":"2024-04-27T14:39:22.4620938Z"},"nsu=http://opcfoundation.org/UA/Plc/Applications;s=SlowRandomUIntScalar3":{"Value":3194296657,"SourceTimestamp":"2024-04-27T14:39:14.555695Z","ServerTimestamp":"2024-04-27T14:39:22.4620973Z"},"nsu=http://opcfoundation.org/UA/Plc/Applications;s=BadSlowRandomUIntScalar1":{"Value":1552105599,"SourceTimestamp":"2024-04-27T14:39:14.5556977Z","ServerTimestamp":"2024-04-27T14:39:22.4620996Z"},"nsu=http://opcfoundation.org/UA/Plc/Applications;s=SpikeData":{"Value":36.812455268467772,"SourceTimestamp":"2024-04-27T14:39:22.4608406Z","ServerTimestamp":"2024-04-27T14:39:22.4621034Z"},"ns=23;i=1259":{"Value":0.62,"SourceTimestamp":"2024-04-27T14:38:25.4550417Z","ServerTimestamp":"2024-04-27T14:39:22.4620728Z"}}}]