[{"SequenceNumber":58,"MetaDataVersion":{"MajorVersion":1},"Timestamp":"2024-04-27T14:39:23.4701493Z","MessageType":"ua-deltaframe","DataSetWriterName":"<<UnknownDataSet>>","Payload":{"i=2258":{"Value":"2024-04-27T14:39:23.4698686Z","SourceTimestamp":"2024-04-27T14:38:25.4550052Z","ServerTimestamp":"2024-04-27T14:39:23.4698675Z"},"nsu=http://opcfoundation.org/UA/Plc/Applications;s=StepUp":{"Value":589,"SourceTimestamp":"2024-04-27T14:39:23.468977Z","ServerTimestamp":"2024-04-27T14:39:23.4699026Z"},"nsu=http://opcfoundation.org/UA/Plc/Applications;s=AlternatingBoolean":{"Value":false,"SourceTimestamp":"2024-04-27T14:39:23.4689666Z","ServerTimestamp":"2024-04-27T14:39:23.4699095Z"},"nsu=http://opcfoundation.org/UA/Plc/Applications;s=RandomSignedInt32":{"Value":1144126000,"SourceTimestamp":"2024-04-27T14:39:23.4689639Z","ServerTimestamp":"2024-04-27T14:39:23.4699043Z"},"nsu=http://opcfoundation.org/UA/Plc/Applications;s=RandomUnsignedInt32":{"Value":1476801319,"SourceTimestamp":"2024-04-27T14:39:23.4689608Z","ServerTimestamp":"2024-04-27T14:39:23.469902Z"},"nsu=http://opcfoundation.org/UA/Plc/Applications;s=DipData":{"Value":99.80267284282715,"SourceTimestamp":"2024-04-27T14:39:23.4689406Z","ServerTimestamp":"2024-04-27T14:39:23.4699083Z"},"nsu=http://opcfoundation.org/UA/Plc/Applications;s=FastUIntScalar1":{"Value":58,"SourceTimestamp":"2024-04-27T14:39:22.5554164Z","ServerTimestamp":"2024-04-27T14:39:23.4699119Z"},"nsu=http://opcfoundation.org/UA/Plc/Applications;s=FastUIntScalar2":{"Value":58,"SourceTimestamp":"2024-04-27T14:39:22.5554233Z","ServerTimestamp":"2024-04-27T14:39:23.4698993Z"},"nsu=http://opcfoundation.org/UA/Plc/Applications;s=FastUIntScalar3":{"Value":58,"SourceTimestamp":"2024-04-27T14:39:22.5554247Z","ServerTimestamp":"2024-04-27T14:39:23.469906Z"},"nsu=http://opcfoundation.org/UA/Plc/Applications;s=FastRandomUIntScalar1":{"Value":28090607,"SourceTimestamp":"2024-04-27T14:39:22.5554499Z","ServerTimestamp":"2024-04-27T14:39:23.4699108Z"},"nsu=http://opcfoundation.org/UA/Plc/Applications;s=FastRandomUIntScalar2":{"Value":367265628,"SourceTimestamp":"2024-04-27T14:39:22.5554513Z","ServerTimestamp":"2024-04-27T14:39:23.4699139Z"},"nsu=http://opcfoundation.org/UA/Plc/Applications;s=FastRandomUIntScalar3":{"Value":2590219162,"SourceTimestamp":"2024-04-27T14:39:22.5554529Z","ServerTimestamp":"2024-04-27T14:39:23.4699153Z"},"nsu=http://opcfoundation.org/UA/Plc/Applications;s=NegativeTrendData":{"Value":99.599999999999994,"SourceTimestamp":"2024-04-27T14:39:23.4689528Z","ServerTimestamp":"2024-04-27T14:39:23.4699115Z"},"nsu=http://opcfoundation.org/UA/Plc/Applications;s=PositiveTrendData":{"Value":101.09999999999999,"SourceTimestamp":"2024-04-27T14:39:23.4689836Z","ServerTimestamp":"2024-04-27T14:39:23.4699146Z"},"nsu=http://opcfoundation.org/UA/Plc/Applications;s=SlowUIntScalar1":{"Value":5,"SourceTimestamp":"2024-04-27T14:39:14.5555585Z","ServerTimestamp":"2024-04-27T14:39:23.4699011Z"},"nsu=http://opcfoundation.org/UA/Plc/Applications;s=SlowUIntScalar2":{"Value":5,"SourceTimestamp":"2024-04-27T14:39:14.5555697Z","ServerTimestamp":"2024-04-27T14:39:23.4699002Z"},"nsu=http://opcfoundation.org/UA/Plc/Applications;s=SlowUIntScalar3":{"Value":5,"SourceTimestamp":"2024-04-27T14:39:14.5555721Z","ServerTimestamp":"2024-04-27T14:39:23.4699133Z"},"nsu=http://opcfoundation.org/UA/Plc/Applications;s=BadSlowUIntScalar1":{"Value":5,"SourceTimestamp":"2024-04-27T14:39:14.5555746Z","ServerTimestamp":"2024-04-27T14:39:23.4699052Z"},"nsu=http://opcfoundation.org/UA/Plc/Applications;s=SlowRandomUIntScalar1":{"Value":1893226866,"SourceTimestamp":"2024-04-27T14:39:14.5556843Z","ServerTimestamp":"2024-04-27T14:39:23.4699078Z"},"nsu=http://opcfoundation.org/UA/Plc/Applications;s=SlowRandomUIntScalar2":{"Value":784032727,"SourceTimestamp":"2024-04-27T14:39:14.5556922Z","ServerTimestamp":"2024-04-27T14:39:23.4699033Z"},"nsu=http://opcfoundation.org/UA/Plc/Applications;s=SlowRandomUIntScalar3":{"Value":3194296657,"SourceTimestamp":"2024-04-27T14:39:14.555695Z","ServerTimestamp":"2024-04-27T14:39:23.4699069Z"},"nsu=http://opcfoundation.org/UA/Plc/Applications;s=BadSlowRandomUIntScalar1":{"Value":1552105599,"SourceTimestamp":"2024-04-27T14:39:14.5556977Z","ServerTimestamp":"2024-04-27T14:39:23.469909Z"},"nsu=http://opcfoundation.org/UA/Plc/Applications;s=SpikeData":{"Value":99.80267284282715,"SourceTimestamp":"2024-04-27T14:39:23.4689842Z","ServerTimestamp":"2024-04-27T14:39:23.4699126Z"},"ns=23;i=1259":{"Value":-1.77,"SourceTimestamp":"2024-04-27T14:38:25.4550417Z","ServerTimestamp":"2024-04-27T14:39:23.4698843Z"}}}]