[{"SequenceNumber":6,"MetaDataVersion":{"MajorVersion":1},"Timestamp":"2024-04-27T14:38:31.4605775Z","MessageType":"ua-deltaframe","DataSetWriterName":"<<UnknownDataSet>>","Payload":{"i=2258":{"Value":"2024-04-27T14:38:31.4602927Z","SourceTimestamp":"2024-04-27T14:38:25.4550052Z","ServerTimestamp":"2024-04-27T14:38:31.4602914Z"},"nsu=http://opcfoundation.org/UA/Plc/Applications;s=StepUp":{"Value":69,"SourceTimestamp":"2024-04-27T14:38:31.459398Z","ServerTimestamp":"2024-04-27T14:38:31.4603249Z"},"nsu=http://opcfoundation.org/UA/Plc/Applications;s=AlternatingBoolean":{"Value":false,"SourceTimestamp":"2024-04-27T14:38:31.459397Z","ServerTimestamp":"2024-04-27T14:38:31.4603314Z"},"nsu=http://opcfoundation.org/UA/Plc/Applications;s=RandomSignedInt32":{"Value":-1980456593,"SourceTimestamp":"2024-04-27T14:38:31.4593973Z","ServerTimestamp":"2024-04-27T14:38:31.4603262Z"},"nsu=http://opcfoundation.org/UA/Plc/Applications;s=RandomUnsignedInt32":{"Value":1819149985,"SourceTimestamp":"2024-04-27T14:38:31.4594032Z","ServerTimestamp":"2024-04-27T14:38:31.4603242Z"},"nsu=http://opcfoundation.org/UA/Plc/Applications;s=DipData":{"Value":-77.051324277578942,"SourceTimestamp":"2024-04-27T14:38:31.4593941Z","ServerTimestamp":"2024-04-27T14:38:31.4603301Z"},"nsu=http://opcfoundation.org/UA/Plc/Applications;s=FastUIntScalar1":{"Value":6,"SourceTimestamp":"2024-04-27T14:38:30.570599Z","ServerTimestamp":"2024-04-27T14:38:31.4603337Z"},"nsu=http://opcfoundation.org/UA/Plc/Applications;s=FastUIntScalar2":{"Value":6,"SourceTimestamp":"2024-04-27T14:38:30.5706031Z","ServerTimestamp":"2024-04-27T14:38:31.4603215Z"},"nsu=http://opcfoundation.org/UA/Plc/Applications;s=FastUIntScalar3":{"Value":6,"SourceTimestamp":"2024-04-27T14:38:30.5706043Z","ServerTimestamp":"2024-04-27T14:38:31.4603278Z"},"nsu=http://opcfoundation.org/UA/Plc/Applications;s=FastRandomUIntScalar1":{"Value":4003692839,"SourceTimestamp":"2024-04-27T14:38:30.5706898Z","ServerTimestamp":"2024-04-27T14:38:31.4603324Z"},"nsu=http://opcfoundation.org/UA/Plc/Applications;s=FastRandomUIntScalar2":{"Value":4222605668,"SourceTimestamp":"2024-04-27T14:38:30.5706912Z","ServerTimestamp":"2024-04-27T14:38:31.4603357Z"},"nsu=http://opcfoundation.org/UA/Plc/Applications;s=FastRandomUIntScalar3":{"Value":31405607,"SourceTimestamp":"2024-04-27T14:38:30.5706925Z","ServerTimestamp":"2024-04-27T14:38:31.4603372Z"},"nsu=http://opcfoundation.org/UA/Plc/Applications;s=NegativeTrendData":{"Value":100,"SourceTimestamp":"2024-04-27T14:38:31.4593402Z","ServerTimestamp":"2024-04-27T14:38:31.4603333Z"},"nsu=http://opcfoundation.org/UA/Plc/Applications;s=PositiveTrendData":{"Value":100.09999999999999,"SourceTimestamp":"2024-04-27T14:38:31.4593904Z","ServerTimestamp":"2024-04-27T14:38:31.4603363Z"},"nsu=http://opcfoundation.org/UA/Plc/Applications;s=SlowUIntScalar1":{"Value":0,"SourceTimestamp":"2024-04-27T14:38:24.5556226Z","ServerTimestamp":"2024-04-27T14:38:31.4603234Z"},"nsu=http://opcfoundation.org/UA/Plc/Applications;s=SlowUIntScalar2":{"Value":0,"SourceTimestamp":"2024-04-27T14:38:24.555624Z","ServerTimestamp":"2024-04-27T14:38:31.4603225Z"},"nsu=http://opcfoundation.org/UA/Plc/Applications;s=SlowUIntScalar3":{"Value":0,"SourceTimestamp":"2024-04-27T14:38:24.5556291Z","ServerTimestamp":"2024-04-27T14:38:31.460335Z"},"nsu=http://opcfoundation.org/UA/Plc/Applications;s=BadSlowUIntScalar1":{"Value":0,"SourceTimestamp":"2024-04-27T14:38:24.5556319Z","ServerTimestamp":"2024-04-27T14:38:31.4603272Z"},"nsu=http://opcfoundation.org/UA/Plc/Applications;s=SlowRandomUIntScalar1":{"Value":0,"SourceTimestamp":"2024-04-27T14:38:24.5556399Z","ServerTimestamp":"2024-04-27T14:38:31.4603297Z"},"nsu=http://opcfoundation.org/UA/Plc/Applications;s=SlowRandomUIntScalar2":{"Value":0,"SourceTimestamp":"2024-04-27T14:38:24.5556406Z","ServerTimestamp":"2024-04-27T14:38:31.4603256Z"},"nsu=http://opcfoundation.org/UA/Plc/Applications;s=SlowRandomUIntScalar3":{"Value":0,"SourceTimestamp":"2024-04-27T14:38:24.5556413Z","ServerTimestamp":"2024-04-27T14:38:31.4603287Z"},"nsu=http://opcfoundation.org/UA/Plc/Applications;s=BadSlowRandomUIntScalar1":{"Value":0,"SourceTimestamp":"2024-04-27T14:38:24.5556437Z","ServerTimestamp":"2024-04-27T14:38:31.4603308Z"},"nsu=http://opcfoundation.org/UA/Plc/Applications;s=SpikeData":{"Value":-77.051324277578942,"SourceTimestamp":"2024-04-27T14:38:31.4593898Z","ServerTimestamp":"2024-04-27T14:38:31.4603344Z"},"ns=23;i=1259":{"Value":-0.502,"SourceTimestamp":"2024-04-27T14:38:25.4550417Z","ServerTimestamp":"2024-04-27T14:38:31.4603059Z"}}}]