[{"SequenceNumber":61,"MetaDataVersion":{"MajorVersion":1},"Timestamp":"2024-04-27T14:39:26.4594803Z","MessageType":"ua-deltaframe","DataSetWriterName":"<<UnknownDataSet>>","Payload":{"i=2258":{"Value":"2024-04-27T14:39:26.4591876Z","SourceTimestamp":"2024-04-27T14:38:25.4550052Z","ServerTimestamp":"2024-04-27T14:39:26.4591864Z"},"nsu=http://opcfoundation.org/UA/Plc/Applications;s=StepUp":{"Value":619,"SourceTimestamp":"2024-04-27T14:39:26.4582418Z","ServerTimestamp":"2024-04-27T14:39:26.4592223Z"},"nsu=http://opcfoundation.org/UA/Plc/Applications;s=AlternatingBoolean":{"Value":true,"SourceTimestamp":"2024-04-27T14:39:26.4582388Z","ServerTimestamp":"2024-04-27T14:39:26.4592288Z"},"nsu=http://opcfoundation.org/UA/Plc/Applications;s=RandomSignedInt32":{"Value":-483185768,"SourceTimestamp":"2024-04-27T14:39:26.4582482Z","ServerTimestamp":"2024-04-27T14:39:26.4592238Z"},"nsu=http://opcfoundation.org/UA/Plc/Applications;s=RandomUnsignedInt32":{"Value":1383961129,"SourceTimestamp":"2024-04-27T14:39:26.4582393Z","ServerTimestamp":"2024-04-27T14:39:26.4592217Z"},"nsu=http://opcfoundation.org/UA/Plc/Applications;s=DipData":{"Value":-77.051324277578942,"SourceTimestamp":"2024-04-27T14:39:26.4582361Z","ServerTimestamp":"2024-04-27T14:39:26.4592275Z"},"nsu=http://opcfoundation.org/UA/Plc/Applications;s=FastUIntScalar1":{"Value":61,"SourceTimestamp":"2024-04-27T14:39:25.562512Z","ServerTimestamp":"2024-04-27T14:39:26.4592309Z"},"nsu=http://opcfoundation.org/UA/Plc/Applications;s=FastUIntScalar2":{"Value":61,"SourceTimestamp":"2024-04-27T14:39:25.5625293Z","ServerTimestamp":"2024-04-27T14:39:26.4592191Z"},"nsu=http://opcfoundation.org/UA/Plc/Applications;s=FastUIntScalar3":{"Value":61,"SourceTimestamp":"2024-04-27T14:39:25.5625306Z","ServerTimestamp":"2024-04-27T14:39:26.4592253Z"},"nsu=http://opcfoundation.org/UA/Plc/Applications;s=FastRandomUIntScalar1":{"Value":3426560957,"SourceTimestamp":"2024-04-27T14:39:25.5625453Z","ServerTimestamp":"2024-04-27T14:39:26.4592298Z"},"nsu=http://opcfoundation.org/UA/Plc/Applications;s=FastRandomUIntScalar2":{"Value":1292245865,"SourceTimestamp":"2024-04-27T14:39:25.5625476Z","ServerTimestamp":"2024-04-27T14:39:26.4592329Z"},"nsu=http://opcfoundation.org/UA/Plc/Applications;s=FastRandomUIntScalar3":{"Value":1807162592,"SourceTimestamp":"2024-04-27T14:39:25.5625489Z","ServerTimestamp":"2024-04-27T14:39:26.4592345Z"},"nsu=http://opcfoundation.org/UA/Plc/Applications;s=NegativeTrendData":{"Value":99.5,"SourceTimestamp":"2024-04-27T14:39:26.4582191Z","ServerTimestamp":"2024-04-27T14:39:26.4592306Z"},"nsu=http://opcfoundation.org/UA/Plc/Applications;s=PositiveTrendData":{"Value":101.2,"SourceTimestamp":"2024-04-27T14:39:26.4582386Z","ServerTimestamp":"2024-04-27T14:39:26.4592336Z"},"nsu=http://opcfoundation.org/UA/Plc/Applications;s=SlowUIntScalar1":{"Value":6,"SourceTimestamp":"2024-04-27T14:39:24.5689259Z","ServerTimestamp":"2024-04-27T14:39:26.4592209Z"},"nsu=http://opcfoundation.org/UA/Plc/Applications;s=SlowUIntScalar2":{"Value":6,"SourceTimestamp":"2024-04-27T14:39:24.5689331Z","ServerTimestamp":"2024-04-27T14:39:26.45922Z"},"nsu=http://opcfoundation.org/UA/Plc/Applications;s=SlowUIntScalar3":{"Value":6,"SourceTimestamp":"2024-04-27T14:39:24.5689352Z","ServerTimestamp":"2024-04-27T14:39:26.4592323Z"},"nsu=http://opcfoundation.org/UA/Plc/Applications;s=BadSlowUIntScalar1":{"Value":6,"SourceTimestamp":"2024-04-27T14:39:24.5689365Z","ServerTimestamp":"2024-04-27T14:39:26.4592247Z"},"nsu=http://opcfoundation.org/UA/Plc/Applications;s=SlowRandomUIntScalar1":{"Value":3588769382,"SourceTimestamp":"2024-04-27T14:39:24.5689507Z","ServerTimestamp":"2024-04-27T14:39:26.4592271Z"},"nsu=http://opcfoundation.org/UA/Plc/Applications;s=SlowRandomUIntScalar2":{"Value":1438473272,"SourceTimestamp":"2024-04-27T14:39:24.5689548Z","ServerTimestamp":"2024-04-27T14:39:26.4592232Z"},"nsu=http://opcfoundation.org/UA/Plc/Applications;s=SlowRandomUIntScalar3":{"Value":3627678415,"SourceTimestamp":"2024-04-27T14:39:24.568956Z","ServerTimestamp":"2024-04-27T14:39:26.4592262Z"},"nsu=http://opcfoundation.org/UA/Plc/Applications;s=BadSlowRandomUIntScalar1":{"Value":2536770542,"SourceTimestamp":"2024-04-27T14:39:24.5689575Z","ServerTimestamp":"2024-04-27T14:39:26.4592283Z"},"nsu=http://opcfoundation.org/UA/Plc/Applications;s=SpikeData":{"Value":-77.051324277578942,"SourceTimestamp":"2024-04-27T14:39:26.4582325Z","ServerTimestamp":"2024-04-27T14:39:26.4592317Z"},"ns=23;i=1259":{"Value":-0.83000000000000007,"SourceTimestamp":"2024-04-27T14:38:25.4550417Z","ServerTimestamp":"2024-04-27T14:39:26.4592027Z"}}}]