[{"SequenceNumber":64,"MetaDataVersion":{"MajorVersion":1},"Timestamp":"2024-04-27T14:39:29.4585034Z","MessageType":"ua-deltaframe","DataSetWriterName":"<<UnknownDataSet>>","Payload":{"i=2258":{"Value":"2024-04-27T14:39:29.4582116Z","SourceTimestamp":"2024-04-27T14:38:25.4550052Z","ServerTimestamp":"2024-04-27T14:39:29.4582103Z"},"nsu=http://opcfoundation.org/UA/Plc/Applications;s=StepUp":{"Value":649,"SourceTimestamp":"2024-04-27T14:39:29.4573123Z","ServerTimestamp":"2024-04-27T14:39:29.4582451Z"},"nsu=http://opcfoundation.org/UA/Plc/Applications;s=AlternatingBoolean":{"Value":true,"SourceTimestamp":"2024-04-27T14:39:29.4573092Z","ServerTimestamp":"2024-04-27T14:39:29.4582517Z"},"nsu=http://opcfoundation.org/UA/Plc/Applications;s=RandomSignedInt32":{"Value":-1168794729,"SourceTimestamp":"2024-04-27T14:39:29.4573053Z","ServerTimestamp":"2024-04-27T14:39:29.4582465Z"},"nsu=http://opcfoundation.org/UA/Plc/Applications;s=RandomUnsignedInt32":{"Value":764030712,"SourceTimestamp":"2024-04-27T14:39:29.4573126Z","ServerTimestamp":"2024-04-27T14:39:29.4582437Z"},"nsu=http://opcfoundation.org/UA/Plc/Applications;s=DipData":{"Value":24.868988716485479,"SourceTimestamp":"2024-04-27T14:39:29.4573085Z","ServerTimestamp":"2024-04-27T14:39:29.4582503Z"},"nsu=http://opcfoundation.org/UA/Plc/Applications;s=FastUIntScalar1":{"Value":64,"SourceTimestamp":"2024-04-27T14:39:28.5661366Z","ServerTimestamp":"2024-04-27T14:39:29.4582542Z"},"nsu=http://opcfoundation.org/UA/Plc/Applications;s=FastUIntScalar2":{"Value":64,"SourceTimestamp":"2024-04-27T14:39:28.5661436Z","ServerTimestamp":"2024-04-27T14:39:29.4582412Z"},"nsu=http://opcfoundation.org/UA/Plc/Applications;s=FastUIntScalar3":{"Value":64,"SourceTimestamp":"2024-04-27T14:39:28.5661453Z","ServerTimestamp":"2024-04-27T14:39:29.458248Z"},"nsu=http://opcfoundation.org/UA/Plc/Applications;s=FastRandomUIntScalar1":{"Value":1359163902,"SourceTimestamp":"2024-04-27T14:39:28.5661747Z","ServerTimestamp":"2024-04-27T14:39:29.458253Z"},"nsu=http://opcfoundation.org/UA/Plc/Applications;s=FastRandomUIntScalar2":{"Value":1148505023,"SourceTimestamp":"2024-04-27T14:39:28.5661761Z","ServerTimestamp":"2024-04-27T14:39:29.4582562Z"},"nsu=http://opcfoundation.org/UA/Plc/Applications;s=FastRandomUIntScalar3":{"Value":1404112354,"SourceTimestamp":"2024-04-27T14:39:28.5661773Z","ServerTimestamp":"2024-04-27T14:39:29.4582576Z"},"nsu=http://opcfoundation.org/UA/Plc/Applications;s=NegativeTrendData":{"Value":99.5,"SourceTimestamp":"2024-04-27T14:39:29.4572937Z","ServerTimestamp":"2024-04-27T14:39:29.4582538Z"},"nsu=http://opcfoundation.org/UA/Plc/Applications;s=PositiveTrendData":{"Value":101.2,"SourceTimestamp":"2024-04-27T14:39:29.4573163Z","ServerTimestamp":"2024-04-27T14:39:29.4582568Z"},"nsu=http://opcfoundation.org/UA/Plc/Applications;s=SlowUIntScalar1":{"Value":6,"SourceTimestamp":"2024-04-27T14:39:24.5689259Z","ServerTimestamp":"2024-04-27T14:39:29.4582429Z"},"nsu=http://opcfoundation.org/UA/Plc/Applications;s=SlowUIntScalar2":{"Value":6,"SourceTimestamp":"2024-04-27T14:39:24.5689331Z","ServerTimestamp":"2024-04-27T14:39:29.458242Z"},"nsu=http://opcfoundation.org/UA/Plc/Applications;s=SlowUIntScalar3":{"Value":6,"SourceTimestamp":"2024-04-27T14:39:24.5689352Z","ServerTimestamp":"2024-04-27T14:39:29.4582556Z"},"nsu=http://opcfoundation.org/UA/Plc/Applications;s=BadSlowUIntScalar1":{"Value":6,"SourceTimestamp":"2024-04-27T14:39:24.5689365Z","ServerTimestamp":"2024-04-27T14:39:29.4582474Z"},"nsu=http://opcfoundation.org/UA/Plc/Applications;s=SlowRandomUIntScalar1":{"Value":3588769382,"SourceTimestamp":"2024-04-27T14:39:24.5689507Z","ServerTimestamp":"2024-04-27T14:39:29.4582498Z"},"nsu=http://opcfoundation.org/UA/Plc/Applications;s=SlowRandomUIntScalar2":{"Value":1438473272,"SourceTimestamp":"2024-04-27T14:39:24.5689548Z","ServerTimestamp":"2024-04-27T14:39:29.4582459Z"},"nsu=http://opcfoundation.org/UA/Plc/Applications;s=SlowRandomUIntScalar3":{"Value":3627678415,"SourceTimestamp":"2024-04-27T14:39:24.568956Z","ServerTimestamp":"2024-04-27T14:39:29.458249Z"},"nsu=http://opcfoundation.org/UA/Plc/Applications;s=BadSlowRandomUIntScalar1":{"Value":2536770542,"SourceTimestamp":"2024-04-27T14:39:24.5689575Z","ServerTimestamp":"2024-04-27T14:39:29.4582511Z"},"nsu=http://opcfoundation.org/UA/Plc/Applications;s=SpikeData":{"Value":24.868988716485479,"SourceTimestamp":"2024-04-27T14:39:29.4573296Z","ServerTimestamp":"2024-04-27T14:39:29.4582549Z"},"ns=23;i=1259":{"Value":-1,"SourceTimestamp":"2024-04-27T14:38:25.4550417Z","ServerTimestamp":"2024-04-27T14:39:29.458226Z"}}}]