[{"SequenceNumber":65,"MetaDataVersion":{"MajorVersion":1},"Timestamp":"2024-04-27T14:39:30.4654311Z","MessageType":"ua-deltaframe","DataSetWriterName":"<<UnknownDataSet>>","Payload":{"i=2258":{"Value":"2024-04-27T14:39:30.4650597Z","SourceTimestamp":"2024-04-27T14:38:25.4550052Z","ServerTimestamp":"2024-04-27T14:39:30.4650584Z"},"nsu=http://opcfoundation.org/UA/Plc/Applications;s=StepUp":{"Value":659,"SourceTimestamp":"2024-04-27T14:39:30.4640883Z","ServerTimestamp":"2024-04-27T14:39:30.465106Z"},"nsu=http://opcfoundation.org/UA/Plc/Applications;s=AlternatingBoolean":{"Value":false,"SourceTimestamp":"2024-04-27T14:39:30.4640855Z","ServerTimestamp":"2024-04-27T14:39:30.465117Z"},"nsu=http://opcfoundation.org/UA/Plc/Applications;s=RandomSignedInt32":{"Value":-1975985603,"SourceTimestamp":"2024-04-27T14:39:30.4640869Z","ServerTimestamp":"2024-04-27T14:39:30.4651081Z"},"nsu=http://opcfoundation.org/UA/Plc/Applications;s=RandomUnsignedInt32":{"Value":175081493,"SourceTimestamp":"2024-04-27T14:39:30.4640818Z","ServerTimestamp":"2024-04-27T14:39:30.4651047Z"},"nsu=http://opcfoundation.org/UA/Plc/Applications;s=DipData":{"Value":-84.432792550201498,"SourceTimestamp":"2024-04-27T14:39:30.4640893Z","ServerTimestamp":"2024-04-27T14:39:30.4651146Z"},"nsu=http://opcfoundation.org/UA/Plc/Applications;s=FastUIntScalar1":{"Value":65,"SourceTimestamp":"2024-04-27T14:39:29.5697359Z","ServerTimestamp":"2024-04-27T14:39:30.4651206Z"},"nsu=http://opcfoundation.org/UA/Plc/Applications;s=FastUIntScalar2":{"Value":65,"SourceTimestamp":"2024-04-27T14:39:29.5697423Z","ServerTimestamp":"2024-04-27T14:39:30.4651Z"},"nsu=http://opcfoundation.org/UA/Plc/Applications;s=FastUIntScalar3":{"Value":65,"SourceTimestamp":"2024-04-27T14:39:29.5697437Z","ServerTimestamp":"2024-04-27T14:39:30.4651107Z"},"nsu=http://opcfoundation.org/UA/Plc/Applications;s=FastRandomUIntScalar1":{"Value":1165236509,"SourceTimestamp":"2024-04-27T14:39:29.5697752Z","ServerTimestamp":"2024-04-27T14:39:30.4651186Z"},"nsu=http://opcfoundation.org/UA/Plc/Applications;s=FastRandomUIntScalar2":{"Value":1622431054,"SourceTimestamp":"2024-04-27T14:39:29.5697766Z","ServerTimestamp":"2024-04-27T14:39:30.4651242Z"},"nsu=http://opcfoundation.org/UA/Plc/Applications;s=FastRandomUIntScalar3":{"Value":3284604541,"SourceTimestamp":"2024-04-27T14:39:29.5697793Z","ServerTimestamp":"2024-04-27T14:39:30.4651267Z"},"nsu=http://opcfoundation.org/UA/Plc/Applications;s=NegativeTrendData":{"Value":99.400000000000006,"SourceTimestamp":"2024-04-27T14:39:30.4640508Z","ServerTimestamp":"2024-04-27T14:39:30.4651199Z"},"nsu=http://opcfoundation.org/UA/Plc/Applications;s=PositiveTrendData":{"Value":101.3,"SourceTimestamp":"2024-04-27T14:39:30.4640696Z","ServerTimestamp":"2024-04-27T14:39:30.4651253Z"},"nsu=http://opcfoundation.org/UA/Plc/Applications;s=SlowUIntScalar1":{"Value":6,"SourceTimestamp":"2024-04-27T14:39:24.5689259Z","ServerTimestamp":"2024-04-27T14:39:30.4651032Z"},"nsu=http://opcfoundation.org/UA/Plc/Applications;s=SlowUIntScalar2":{"Value":6,"SourceTimestamp":"2024-04-27T14:39:24.5689331Z","ServerTimestamp":"2024-04-27T14:39:30.4651015Z"},"nsu=http://opcfoundation.org/UA/Plc/Applications;s=SlowUIntScalar3":{"Value":6,"SourceTimestamp":"2024-04-27T14:39:24.5689352Z","ServerTimestamp":"2024-04-27T14:39:30.4651231Z"},"nsu=http://opcfoundation.org/UA/Plc/Applications;s=BadSlowUIntScalar1":{"Value":6,"SourceTimestamp":"2024-04-27T14:39:24.5689365Z","ServerTimestamp":"2024-04-27T14:39:30.4651096Z"},"nsu=http://opcfoundation.org/UA/Plc/Applications;s=SlowRandomUIntScalar1":{"Value":3588769382,"SourceTimestamp":"2024-04-27T14:39:24.5689507Z","ServerTimestamp":"2024-04-27T14:39:30.4651139Z"},"nsu=http://opcfoundation.org/UA/Plc/Applications;s=SlowRandomUIntScalar2":{"Value":1438473272,"SourceTimestamp":"2024-04-27T14:39:24.5689548Z","ServerTimestamp":"2024-04-27T14:39:30.4651071Z"},"nsu=http://opcfoundation.org/UA/Plc/Applications;s=SlowRandomUIntScalar3":{"Value":3627678415,"SourceTimestamp":"2024-04-27T14:39:24.568956Z","ServerTimestamp":"2024-04-27T14:39:30.4651123Z"},"nsu=http://opcfoundation.org/UA/Plc/Applications;s=BadSlowRandomUIntScalar1":{"Value":2536770542,"SourceTimestamp":"2024-04-27T14:39:24.5689575Z","ServerTimestamp":"2024-04-27T14:39:30.465116Z"},"nsu=http://opcfoundation.org/UA/Plc/Applications;s=SpikeData":{"Value":-84.432792550201498,"SourceTimestamp":"2024-04-27T14:39:30.4640767Z","ServerTimestamp":"2024-04-27T14:39:30.4651218Z"},"ns=23;i=1259":{"Value":-1.8900000000000001,"SourceTimestamp":"2024-04-27T14:38:25.4550417Z","ServerTimestamp":"2024-04-27T14:39:30.4650775Z"}}}]