[{"SequenceNumber":7,"MetaDataVersion":{"MajorVersion":1},"Timestamp":"2024-04-27T14:38:32.47332Z","MessageType":"ua-deltaframe","DataSetWriterName":"<<UnknownDataSet>>","Payload":{"i=2258":{"Value":"2024-04-27T14:38:32.473001Z","SourceTimestamp":"2024-04-27T14:38:25.4550052Z","ServerTimestamp":"2024-04-27T14:38:32.4729997Z"},"nsu=http://opcfoundation.org/UA/Plc/Applications;s=StepUp":{"Value":79,"SourceTimestamp":"2024-04-27T14:38:32.4720795Z","ServerTimestamp":"2024-04-27T14:38:32.4730388Z"},"nsu=http://opcfoundation.org/UA/Plc/Applications;s=AlternatingBoolean":{"Value":false,"SourceTimestamp":"2024-04-27T14:38:32.4720787Z","ServerTimestamp":"2024-04-27T14:38:32.4730454Z"},"nsu=http://opcfoundation.org/UA/Plc/Applications;s=RandomSignedInt32":{"Value":1226373557,"SourceTimestamp":"2024-04-27T14:38:32.4720765Z","ServerTimestamp":"2024-04-27T14:38:32.4730403Z"},"nsu=http://opcfoundation.org/UA/Plc/Applications;s=RandomUnsignedInt32":{"Value":365413694,"SourceTimestamp":"2024-04-27T14:38:32.4720792Z","ServerTimestamp":"2024-04-27T14:38:32.4730381Z"},"nsu=http://opcfoundation.org/UA/Plc/Applications;s=DipData":{"Value":36.812455268467772,"SourceTimestamp":"2024-04-27T14:38:32.4720721Z","ServerTimestamp":"2024-04-27T14:38:32.4730441Z"},"nsu=http://opcfoundation.org/UA/Plc/Applications;s=FastUIntScalar1":{"Value":7,"SourceTimestamp":"2024-04-27T14:38:31.5653945Z","ServerTimestamp":"2024-04-27T14:38:32.4730476Z"},"nsu=http://opcfoundation.org/UA/Plc/Applications;s=FastUIntScalar2":{"Value":7,"SourceTimestamp":"2024-04-27T14:38:31.5654019Z","ServerTimestamp":"2024-04-27T14:38:32.4730348Z"},"nsu=http://opcfoundation.org/UA/Plc/Applications;s=FastUIntScalar3":{"Value":7,"SourceTimestamp":"2024-04-27T14:38:31.5654033Z","ServerTimestamp":"2024-04-27T14:38:32.4730418Z"},"nsu=http://opcfoundation.org/UA/Plc/Applications;s=FastRandomUIntScalar1":{"Value":2524935872,"SourceTimestamp":"2024-04-27T14:38:31.5654439Z","ServerTimestamp":"2024-04-27T14:38:32.4730463Z"},"nsu=http://opcfoundation.org/UA/Plc/Applications;s=FastRandomUIntScalar2":{"Value":490831027,"SourceTimestamp":"2024-04-27T14:38:31.5654493Z","ServerTimestamp":"2024-04-27T14:38:32.4730496Z"},"nsu=http://opcfoundation.org/UA/Plc/Applications;s=FastRandomUIntScalar3":{"Value":1089067713,"SourceTimestamp":"2024-04-27T14:38:31.5654508Z","ServerTimestamp":"2024-04-27T14:38:32.4730511Z"},"nsu=http://opcfoundation.org/UA/Plc/Applications;s=NegativeTrendData":{"Value":100,"SourceTimestamp":"2024-04-27T14:38:32.4720564Z","ServerTimestamp":"2024-04-27T14:38:32.4730471Z"},"nsu=http://opcfoundation.org/UA/Plc/Applications;s=PositiveTrendData":{"Value":100.09999999999999,"SourceTimestamp":"2024-04-27T14:38:32.4720926Z","ServerTimestamp":"2024-04-27T14:38:32.4730502Z"},"nsu=http://opcfoundation.org/UA/Plc/Applications;s=SlowUIntScalar1":{"Value":0,"SourceTimestamp":"2024-04-27T14:38:24.5556226Z","ServerTimestamp":"2024-04-27T14:38:32.4730369Z"},"nsu=http://opcfoundation.org/UA/Plc/Applications;s=SlowUIntScalar2":{"Value":0,"SourceTimestamp":"2024-04-27T14:38:24.555624Z","ServerTimestamp":"2024-04-27T14:38:32.4730358Z"},"nsu=http://opcfoundation.org/UA/Plc/Applications;s=SlowUIntScalar3":{"Value":0,"SourceTimestamp":"2024-04-27T14:38:24.5556291Z","ServerTimestamp":"2024-04-27T14:38:32.473049Z"},"nsu=http://opcfoundation.org/UA/Plc/Applications;s=BadSlowUIntScalar1":{"Value":0,"SourceTimestamp":"2024-04-27T14:38:24.5556319Z","ServerTimestamp":"2024-04-27T14:38:32.4730412Z"},"nsu=http://opcfoundation.org/UA/Plc/Applications;s=SlowRandomUIntScalar1":{"Value":0,"SourceTimestamp":"2024-04-27T14:38:24.5556399Z","ServerTimestamp":"2024-04-27T14:38:32.4730437Z"},"nsu=http://opcfoundation.org/UA/Plc/Applications;s=SlowRandomUIntScalar2":{"Value":0,"SourceTimestamp":"2024-04-27T14:38:24.5556406Z","ServerTimestamp":"2024-04-27T14:38:32.4730397Z"},"nsu=http://opcfoundation.org/UA/Plc/Applications;s=SlowRandomUIntScalar3":{"Value":0,"SourceTimestamp":"2024-04-27T14:38:24.5556413Z","ServerTimestamp":"2024-04-27T14:38:32.4730428Z"},"nsu=http://opcfoundation.org/UA/Plc/Applications;s=BadSlowRandomUIntScalar1":{"Value":0,"SourceTimestamp":"2024-04-27T14:38:24.5556437Z","ServerTimestamp":"2024-04-27T14:38:32.4730449Z"},"nsu=http://opcfoundation.org/UA/Plc/Applications;s=SpikeData":{"Value":36.812455268467772,"SourceTimestamp":"2024-04-27T14:38:32.472087Z","ServerTimestamp":"2024-04-27T14:38:32.4730483Z"},"ns=23;i=1259":{"Value":-0.60399999999999998,"SourceTimestamp":"2024-04-27T14:38:25.4550417Z","ServerTimestamp":"2024-04-27T14:38:32.4730176Z"}}}]