[{"SequenceNumber":72,"MetaDataVersion":{"MajorVersion":1},"Timestamp":"2024-04-27T14:39:37.4607785Z","MessageType":"ua-deltaframe","DataSetWriterName":"<<UnknownDataSet>>","Payload":{"i=2258":{"Value":"2024-04-27T14:39:37.4604431Z","SourceTimestamp":"2024-04-27T14:38:25.4550052Z","ServerTimestamp":"2024-04-27T14:39:37.4604417Z"},"nsu=http://opcfoundation.org/UA/Plc/Applications;s=StepUp":{"Value":729,"SourceTimestamp":"2024-04-27T14:39:37.4594774Z","ServerTimestamp":"2024-04-27T14:39:37.4604808Z"},"nsu=http://opcfoundation.org/UA/Plc/Applications;s=AlternatingBoolean":{"Value":true,"SourceTimestamp":"2024-04-27T14:39:37.4594744Z","ServerTimestamp":"2024-04-27T14:39:37.4604887Z"},"nsu=http://opcfoundation.org/UA/Plc/Applications;s=RandomSignedInt32":{"Value":969869795,"SourceTimestamp":"2024-04-27T14:39:37.4594755Z","ServerTimestamp":"2024-04-27T14:39:37.4604826Z"},"nsu=http://opcfoundation.org/UA/Plc/Applications;s=RandomUnsignedInt32":{"Value":1205371752,"SourceTimestamp":"2024-04-27T14:39:37.4594708Z","ServerTimestamp":"2024-04-27T14:39:37.4604801Z"},"nsu=http://opcfoundation.org/UA/Plc/Applications;s=DipData":{"Value":36.812455268467772,"SourceTimestamp":"2024-04-27T14:39:37.4594431Z","ServerTimestamp":"2024-04-27T14:39:37.4604873Z"},"nsu=http://opcfoundation.org/UA/Plc/Applications;s=FastUIntScalar1":{"Value":72,"SourceTimestamp":"2024-04-27T14:39:36.559969Z","ServerTimestamp":"2024-04-27T14:39:37.4604914Z"},"nsu=http://opcfoundation.org/UA/Plc/Applications;s=FastUIntScalar2":{"Value":72,"SourceTimestamp":"2024-04-27T14:39:36.5599769Z","ServerTimestamp":"2024-04-27T14:39:37.4604768Z"},"nsu=http://opcfoundation.org/UA/Plc/Applications;s=FastUIntScalar3":{"Value":72,"SourceTimestamp":"2024-04-27T14:39:36.5599785Z","ServerTimestamp":"2024-04-27T14:39:37.4604846Z"},"nsu=http://opcfoundation.org/UA/Plc/Applications;s=FastRandomUIntScalar1":{"Value":735760233,"SourceTimestamp":"2024-04-27T14:39:36.5600158Z","ServerTimestamp":"2024-04-27T14:39:37.4604899Z"},"nsu=http://opcfoundation.org/UA/Plc/Applications;s=FastRandomUIntScalar2":{"Value":1972475173,"SourceTimestamp":"2024-04-27T14:39:36.5600488Z","ServerTimestamp":"2024-04-27T14:39:37.4604937Z"},"nsu=http://opcfoundation.org/UA/Plc/Applications;s=FastRandomUIntScalar3":{"Value":1237664731,"SourceTimestamp":"2024-04-27T14:39:36.5600505Z","ServerTimestamp":"2024-04-27T14:39:37.4604955Z"},"nsu=http://opcfoundation.org/UA/Plc/Applications;s=NegativeTrendData":{"Value":99.299999999999997,"SourceTimestamp":"2024-04-27T14:39:37.4594609Z","ServerTimestamp":"2024-04-27T14:39:37.460491Z"},"nsu=http://opcfoundation.org/UA/Plc/Applications;s=PositiveTrendData":{"Value":101.40000000000001,"SourceTimestamp":"2024-04-27T14:39:37.4594796Z","ServerTimestamp":"2024-04-27T14:39:37.4604947Z"},"nsu=http://opcfoundation.org/UA/Plc/Applications;s=SlowUIntScalar1":{"Value":7,"SourceTimestamp":"2024-04-27T14:39:34.5583613Z","ServerTimestamp":"2024-04-27T14:39:37.4604789Z"},"nsu=http://opcfoundation.org/UA/Plc/Applications;s=SlowUIntScalar2":{"Value":7,"SourceTimestamp":"2024-04-27T14:39:34.5583683Z","ServerTimestamp":"2024-04-27T14:39:37.4604778Z"},"nsu=http://opcfoundation.org/UA/Plc/Applications;s=SlowUIntScalar3":{"Value":7,"SourceTimestamp":"2024-04-27T14:39:34.5583695Z","ServerTimestamp":"2024-04-27T14:39:37.460493Z"},"nsu=http://opcfoundation.org/UA/Plc/Applications;s=BadSlowUIntScalar1":{"Value":7,"SourceTimestamp":"2024-04-27T14:39:34.5583707Z","ServerTimestamp":"2024-04-27T14:39:37.4604839Z"},"nsu=http://opcfoundation.org/UA/Plc/Applications;s=SlowRandomUIntScalar1":{"Value":2687659019,"SourceTimestamp":"2024-04-27T14:39:34.5584071Z","ServerTimestamp":"2024-04-27T14:39:37.4604868Z"},"nsu=http://opcfoundation.org/UA/Plc/Applications;s=SlowRandomUIntScalar2":{"Value":2999926763,"SourceTimestamp":"2024-04-27T14:39:34.5584155Z","ServerTimestamp":"2024-04-27T14:39:37.4604818Z"},"nsu=http://opcfoundation.org/UA/Plc/Applications;s=SlowRandomUIntScalar3":{"Value":2591542438,"SourceTimestamp":"2024-04-27T14:39:34.5584167Z","ServerTimestamp":"2024-04-27T14:39:37.4604857Z"},"nsu=http://opcfoundation.org/UA/Plc/Applications;s=BadSlowRandomUIntScalar1":{"Value":4285008441,"SourceTimestamp":"2024-04-27T14:39:34.5584183Z","ServerTimestamp":"2024-04-27T14:39:37.4604881Z"},"nsu=http://opcfoundation.org/UA/Plc/Applications;s=SpikeData":{"Value":36.812455268467772,"SourceTimestamp":"2024-04-27T14:39:37.459484Z","ServerTimestamp":"2024-04-27T14:39:37.4604922Z"},"ns=23;i=1259":{"Value":-0.28300000000000003,"SourceTimestamp":"2024-04-27T14:38:25.4550417Z","ServerTimestamp":"2024-04-27T14:39:37.46046Z"}}}]