[{"SequenceNumber":75,"MetaDataVersion":{"MajorVersion":1},"Timestamp":"2024-04-27T14:39:40.4652003Z","MessageType":"ua-deltaframe","DataSetWriterName":"<<UnknownDataSet>>","Payload":{"i=2258":{"Value":"2024-04-27T14:39:40.4648935Z","SourceTimestamp":"2024-04-27T14:38:25.4550052Z","ServerTimestamp":"2024-04-27T14:39:40.4648923Z"},"nsu=http://opcfoundation.org/UA/Plc/Applications;s=StepUp":{"Value":759,"SourceTimestamp":"2024-04-27T14:39:40.463925Z","ServerTimestamp":"2024-04-27T14:39:40.4649294Z"},"nsu=http://opcfoundation.org/UA/Plc/Applications;s=AlternatingBoolean":{"Value":false,"SourceTimestamp":"2024-04-27T14:39:40.4639241Z","ServerTimestamp":"2024-04-27T14:39:40.4649368Z"},"nsu=http://opcfoundation.org/UA/Plc/Applications;s=RandomSignedInt32":{"Value":-1716801175,"SourceTimestamp":"2024-04-27T14:39:40.46392Z","ServerTimestamp":"2024-04-27T14:39:40.4649309Z"},"nsu=http://opcfoundation.org/UA/Plc/Applications;s=RandomUnsignedInt32":{"Value":2137517447,"SourceTimestamp":"2024-04-27T14:39:40.4639183Z","ServerTimestamp":"2024-04-27T14:39:40.4649285Z"},"nsu=http://opcfoundation.org/UA/Plc/Applications;s=DipData":{"Value":-84.432792550201498,"SourceTimestamp":"2024-04-27T14:39:40.4639123Z","ServerTimestamp":"2024-04-27T14:39:40.4649355Z"},"nsu=http://opcfoundation.org/UA/Plc/Applications;s=FastUIntScalar1":{"Value":75,"SourceTimestamp":"2024-04-27T14:39:39.566496Z","ServerTimestamp":"2024-04-27T14:39:40.4649393Z"},"nsu=http://opcfoundation.org/UA/Plc/Applications;s=FastUIntScalar2":{"Value":75,"SourceTimestamp":"2024-04-27T14:39:39.5665044Z","ServerTimestamp":"2024-04-27T14:39:40.4649252Z"},"nsu=http://opcfoundation.org/UA/Plc/Applications;s=FastUIntScalar3":{"Value":75,"SourceTimestamp":"2024-04-27T14:39:39.5665057Z","ServerTimestamp":"2024-04-27T14:39:40.4649329Z"},"nsu=http://opcfoundation.org/UA/Plc/Applications;s=FastRandomUIntScalar1":{"Value":2945254679,"SourceTimestamp":"2024-04-27T14:39:39.5665618Z","ServerTimestamp":"2024-04-27T14:39:40.4649379Z"},"nsu=http://opcfoundation.org/UA/Plc/Applications;s=FastRandomUIntScalar2":{"Value":2295526905,"SourceTimestamp":"2024-04-27T14:39:39.5665653Z","ServerTimestamp":"2024-04-27T14:39:40.4649417Z"},"nsu=http://opcfoundation.org/UA/Plc/Applications;s=FastRandomUIntScalar3":{"Value":2767036711,"SourceTimestamp":"2024-04-27T14:39:39.5665668Z","ServerTimestamp":"2024-04-27T14:39:40.4649431Z"},"nsu=http://opcfoundation.org/UA/Plc/Applications;s=NegativeTrendData":{"Value":99.200000000000003,"SourceTimestamp":"2024-04-27T14:39:40.4638098Z","ServerTimestamp":"2024-04-27T14:39:40.4649389Z"},"nsu=http://opcfoundation.org/UA/Plc/Applications;s=PositiveTrendData":{"Value":101.5,"SourceTimestamp":"2024-04-27T14:39:40.4638626Z","ServerTimestamp":"2024-04-27T14:39:40.4649424Z"},"nsu=http://opcfoundation.org/UA/Plc/Applications;s=SlowUIntScalar1":{"Value":7,"SourceTimestamp":"2024-04-27T14:39:34.5583613Z","ServerTimestamp":"2024-04-27T14:39:40.4649276Z"},"nsu=http://opcfoundation.org/UA/Plc/Applications;s=SlowUIntScalar2":{"Value":7,"SourceTimestamp":"2024-04-27T14:39:34.5583683Z","ServerTimestamp":"2024-04-27T14:39:40.4649263Z"},"nsu=http://opcfoundation.org/UA/Plc/Applications;s=SlowUIntScalar3":{"Value":7,"SourceTimestamp":"2024-04-27T14:39:34.5583695Z","ServerTimestamp":"2024-04-27T14:39:40.4649409Z"},"nsu=http://opcfoundation.org/UA/Plc/Applications;s=BadSlowUIntScalar1":{"Value":7,"SourceTimestamp":"2024-04-27T14:39:34.5583707Z","ServerTimestamp":"2024-04-27T14:39:40.4649319Z"},"nsu=http://opcfoundation.org/UA/Plc/Applications;s=SlowRandomUIntScalar1":{"Value":2687659019,"SourceTimestamp":"2024-04-27T14:39:34.5584071Z","ServerTimestamp":"2024-04-27T14:39:40.464935Z"},"nsu=http://opcfoundation.org/UA/Plc/Applications;s=SlowRandomUIntScalar2":{"Value":2999926763,"SourceTimestamp":"2024-04-27T14:39:34.5584155Z","ServerTimestamp":"2024-04-27T14:39:40.4649302Z"},"nsu=http://opcfoundation.org/UA/Plc/Applications;s=SlowRandomUIntScalar3":{"Value":2591542438,"SourceTimestamp":"2024-04-27T14:39:34.5584167Z","ServerTimestamp":"2024-04-27T14:39:40.464934Z"},"nsu=http://opcfoundation.org/UA/Plc/Applications;s=BadSlowRandomUIntScalar1":{"Value":4285008441,"SourceTimestamp":"2024-04-27T14:39:34.5584183Z","ServerTimestamp":"2024-04-27T14:39:40.4649362Z"},"nsu=http://opcfoundation.org/UA/Plc/Applications;s=SpikeData":{"Value":-84.432792550201498,"SourceTimestamp":"2024-04-27T14:39:40.463874Z","ServerTimestamp":"2024-04-27T14:39:40.4649401Z"},"ns=23;i=1259":{"Value":-0.29799999999999999,"SourceTimestamp":"2024-04-27T14:38:25.4550417Z","ServerTimestamp":"2024-04-27T14:39:40.4649086Z"}}}]