[{"SequenceNumber":76,"MetaDataVersion":{"MajorVersion":1},"Timestamp":"2024-04-27T14:39:41.4686003Z","MessageType":"ua-deltaframe","DataSetWriterName":"<<UnknownDataSet>>","Payload":{"i=2258":{"Value":"2024-04-27T14:39:41.4682528Z","SourceTimestamp":"2024-04-27T14:38:25.4550052Z","ServerTimestamp":"2024-04-27T14:39:41.4682516Z"},"nsu=http://opcfoundation.org/UA/Plc/Applications;s=StepUp":{"Value":769,"SourceTimestamp":"2024-04-27T14:39:41.4672051Z","ServerTimestamp":"2024-04-27T14:39:41.4682866Z"},"nsu=http://opcfoundation.org/UA/Plc/Applications;s=AlternatingBoolean":{"Value":false,"SourceTimestamp":"2024-04-27T14:39:41.4672023Z","ServerTimestamp":"2024-04-27T14:39:41.4682935Z"},"nsu=http://opcfoundation.org/UA/Plc/Applications;s=RandomSignedInt32":{"Value":523364219,"SourceTimestamp":"2024-04-27T14:39:41.4671926Z","ServerTimestamp":"2024-04-27T14:39:41.4682883Z"},"nsu=http://opcfoundation.org/UA/Plc/Applications;s=RandomUnsignedInt32":{"Value":1960184194,"SourceTimestamp":"2024-04-27T14:39:41.467196Z","ServerTimestamp":"2024-04-27T14:39:41.4682857Z"},"nsu=http://opcfoundation.org/UA/Plc/Applications;s=DipData":{"Value":-77.051324277578942,"SourceTimestamp":"2024-04-27T14:39:41.4671435Z","ServerTimestamp":"2024-04-27T14:39:41.4682922Z"},"nsu=http://opcfoundation.org/UA/Plc/Applications;s=FastUIntScalar1":{"Value":76,"SourceTimestamp":"2024-04-27T14:39:40.5567131Z","ServerTimestamp":"2024-04-27T14:39:41.4682967Z"},"nsu=http://opcfoundation.org/UA/Plc/Applications;s=FastUIntScalar2":{"Value":76,"SourceTimestamp":"2024-04-27T14:39:40.5567461Z","ServerTimestamp":"2024-04-27T14:39:41.4682832Z"},"nsu=http://opcfoundation.org/UA/Plc/Applications;s=FastUIntScalar3":{"Value":76,"SourceTimestamp":"2024-04-27T14:39:40.5567479Z","ServerTimestamp":"2024-04-27T14:39:41.4682899Z"},"nsu=http://opcfoundation.org/UA/Plc/Applications;s=FastRandomUIntScalar1":{"Value":1450040507,"SourceTimestamp":"2024-04-27T14:39:40.5567496Z","ServerTimestamp":"2024-04-27T14:39:41.4682948Z"},"nsu=http://opcfoundation.org/UA/Plc/Applications;s=FastRandomUIntScalar2":{"Value":2875474207,"SourceTimestamp":"2024-04-27T14:39:40.5567519Z","ServerTimestamp":"2024-04-27T14:39:41.4682988Z"},"nsu=http://opcfoundation.org/UA/Plc/Applications;s=FastRandomUIntScalar3":{"Value":358095663,"SourceTimestamp":"2024-04-27T14:39:40.5567532Z","ServerTimestamp":"2024-04-27T14:39:41.4683001Z"},"nsu=http://opcfoundation.org/UA/Plc/Applications;s=NegativeTrendData":{"Value":99.200000000000003,"SourceTimestamp":"2024-04-27T14:39:41.467011Z","ServerTimestamp":"2024-04-27T14:39:41.4682957Z"},"nsu=http://opcfoundation.org/UA/Plc/Applications;s=PositiveTrendData":{"Value":101.5,"SourceTimestamp":"2024-04-27T14:39:41.4671815Z","ServerTimestamp":"2024-04-27T14:39:41.4682994Z"},"nsu=http://opcfoundation.org/UA/Plc/Applications;s=SlowUIntScalar1":{"Value":7,"SourceTimestamp":"2024-04-27T14:39:34.5583613Z","ServerTimestamp":"2024-04-27T14:39:41.468285Z"},"nsu=http://opcfoundation.org/UA/Plc/Applications;s=SlowUIntScalar2":{"Value":7,"SourceTimestamp":"2024-04-27T14:39:34.5583683Z","ServerTimestamp":"2024-04-27T14:39:41.468284Z"},"nsu=http://opcfoundation.org/UA/Plc/Applications;s=SlowUIntScalar3":{"Value":7,"SourceTimestamp":"2024-04-27T14:39:34.5583695Z","ServerTimestamp":"2024-04-27T14:39:41.4682981Z"},"nsu=http://opcfoundation.org/UA/Plc/Applications;s=BadSlowUIntScalar1":{"Value":7,"SourceTimestamp":"2024-04-27T14:39:34.5583707Z","ServerTimestamp":"2024-04-27T14:39:41.4682893Z"},"nsu=http://opcfoundation.org/UA/Plc/Applications;s=SlowRandomUIntScalar1":{"Value":2687659019,"SourceTimestamp":"2024-04-27T14:39:34.5584071Z","ServerTimestamp":"2024-04-27T14:39:41.4682917Z"},"nsu=http://opcfoundation.org/UA/Plc/Applications;s=SlowRandomUIntScalar2":{"Value":2999926763,"SourceTimestamp":"2024-04-27T14:39:34.5584155Z","ServerTimestamp":"2024-04-27T14:39:41.4682873Z"},"nsu=http://opcfoundation.org/UA/Plc/Applications;s=SlowRandomUIntScalar3":{"Value":2591542438,"SourceTimestamp":"2024-04-27T14:39:34.5584167Z","ServerTimestamp":"2024-04-27T14:39:41.4682909Z"},"nsu=http://opcfoundation.org/UA/Plc/Applications;s=BadSlowRandomUIntScalar1":{"Value":4285008441,"SourceTimestamp":"2024-04-27T14:39:34.5584183Z","ServerTimestamp":"2024-04-27T14:39:41.4682929Z"},"nsu=http://opcfoundation.org/UA/Plc/Applications;s=SpikeData":{"Value":-77.051324277578942,"SourceTimestamp":"2024-04-27T14:39:41.4671882Z","ServerTimestamp":"2024-04-27T14:39:41.4682975Z"},"ns=23;i=1259":{"Value":-0.29899999999999999,"SourceTimestamp":"2024-04-27T14:38:25.4550417Z","ServerTimestamp":"2024-04-27T14:39:41.4682669Z"}}}]