[{"SequenceNumber":79,"MetaDataVersion":{"MajorVersion":1},"Timestamp":"2024-04-27T14:39:44.4720259Z","MessageType":"ua-deltaframe","DataSetWriterName":"<<UnknownDataSet>>","Payload":{"i=2258":{"Value":"2024-04-27T14:39:44.4717077Z","SourceTimestamp":"2024-04-27T14:38:25.4550052Z","ServerTimestamp":"2024-04-27T14:39:44.4717065Z"},"nsu=http://opcfoundation.org/UA/Plc/Applications;s=StepUp":{"Value":799,"SourceTimestamp":"2024-04-27T14:39:44.4554207Z","ServerTimestamp":"2024-04-27T14:39:44.4717438Z"},"nsu=http://opcfoundation.org/UA/Plc/Applications;s=AlternatingBoolean":{"Value":false,"SourceTimestamp":"2024-04-27T14:39:44.4554191Z","ServerTimestamp":"2024-04-27T14:39:44.4717519Z"},"nsu=http://opcfoundation.org/UA/Plc/Applications;s=RandomSignedInt32":{"Value":1826197172,"SourceTimestamp":"2024-04-27T14:39:44.4554217Z","ServerTimestamp":"2024-04-27T14:39:44.4717456Z"},"nsu=http://opcfoundation.org/UA/Plc/Applications;s=RandomUnsignedInt32":{"Value":1378050608,"SourceTimestamp":"2024-04-27T14:39:44.4554107Z","ServerTimestamp":"2024-04-27T14:39:44.4717431Z"},"nsu=http://opcfoundation.org/UA/Plc/Applications;s=DipData":{"Value":24.868988716485479,"SourceTimestamp":"2024-04-27T14:39:44.4554101Z","ServerTimestamp":"2024-04-27T14:39:44.4717503Z"},"nsu=http://opcfoundation.org/UA/Plc/Applications;s=FastUIntScalar1":{"Value":79,"SourceTimestamp":"2024-04-27T14:39:43.5709969Z","ServerTimestamp":"2024-04-27T14:39:44.4717546Z"},"nsu=http://opcfoundation.org/UA/Plc/Applications;s=FastUIntScalar2":{"Value":79,"SourceTimestamp":"2024-04-27T14:39:43.5710054Z","ServerTimestamp":"2024-04-27T14:39:44.47174Z"},"nsu=http://opcfoundation.org/UA/Plc/Applications;s=FastUIntScalar3":{"Value":79,"SourceTimestamp":"2024-04-27T14:39:43.571007Z","ServerTimestamp":"2024-04-27T14:39:44.4717473Z"},"nsu=http://opcfoundation.org/UA/Plc/Applications;s=FastRandomUIntScalar1":{"Value":513483284,"SourceTimestamp":"2024-04-27T14:39:43.5710333Z","ServerTimestamp":"2024-04-27T14:39:44.4717533Z"},"nsu=http://opcfoundation.org/UA/Plc/Applications;s=FastRandomUIntScalar2":{"Value":834996358,"SourceTimestamp":"2024-04-27T14:39:43.571035Z","ServerTimestamp":"2024-04-27T14:39:44.4717568Z"},"nsu=http://opcfoundation.org/UA/Plc/Applications;s=FastRandomUIntScalar3":{"Value":871910598,"SourceTimestamp":"2024-04-27T14:39:43.5710364Z","ServerTimestamp":"2024-04-27T14:39:44.4717591Z"},"nsu=http://opcfoundation.org/UA/Plc/Applications;s=NegativeTrendData":{"Value":99.200000000000003,"SourceTimestamp":"2024-04-27T14:39:44.4554081Z","ServerTimestamp":"2024-04-27T14:39:44.4717542Z"},"nsu=http://opcfoundation.org/UA/Plc/Applications;s=PositiveTrendData":{"Value":101.5,"SourceTimestamp":"2024-04-27T14:39:44.4554248Z","ServerTimestamp":"2024-04-27T14:39:44.4717582Z"},"nsu=http://opcfoundation.org/UA/Plc/Applications;s=SlowUIntScalar1":{"Value":7,"SourceTimestamp":"2024-04-27T14:39:34.5583613Z","ServerTimestamp":"2024-04-27T14:39:44.4717421Z"},"nsu=http://opcfoundation.org/UA/Plc/Applications;s=SlowUIntScalar2":{"Value":7,"SourceTimestamp":"2024-04-27T14:39:34.5583683Z","ServerTimestamp":"2024-04-27T14:39:44.4717411Z"},"nsu=http://opcfoundation.org/UA/Plc/Applications;s=SlowUIntScalar3":{"Value":7,"SourceTimestamp":"2024-04-27T14:39:34.5583695Z","ServerTimestamp":"2024-04-27T14:39:44.4717561Z"},"nsu=http://opcfoundation.org/UA/Plc/Applications;s=BadSlowUIntScalar1":{"Value":7,"SourceTimestamp":"2024-04-27T14:39:34.5583707Z","ServerTimestamp":"2024-04-27T14:39:44.4717466Z"},"nsu=http://opcfoundation.org/UA/Plc/Applications;s=SlowRandomUIntScalar1":{"Value":2687659019,"SourceTimestamp":"2024-04-27T14:39:34.5584071Z","ServerTimestamp":"2024-04-27T14:39:44.4717498Z"},"nsu=http://opcfoundation.org/UA/Plc/Applications;s=SlowRandomUIntScalar2":{"Value":2999926763,"SourceTimestamp":"2024-04-27T14:39:34.5584155Z","ServerTimestamp":"2024-04-27T14:39:44.4717448Z"},"nsu=http://opcfoundation.org/UA/Plc/Applications;s=SlowRandomUIntScalar3":{"Value":2591542438,"SourceTimestamp":"2024-04-27T14:39:34.5584167Z","ServerTimestamp":"2024-04-27T14:39:44.4717484Z"},"nsu=http://opcfoundation.org/UA/Plc/Applications;s=BadSlowRandomUIntScalar1":{"Value":4285008441,"SourceTimestamp":"2024-04-27T14:39:34.5584183Z","ServerTimestamp":"2024-04-27T14:39:44.4717513Z"},"nsu=http://opcfoundation.org/UA/Plc/Applications;s=SpikeData":{"Value":24.868988716485479,"SourceTimestamp":"2024-04-27T14:39:44.4554245Z","ServerTimestamp":"2024-04-27T14:39:44.4717554Z"},"ns=23;i=1259":{"Value":-1.6600000000000001,"SourceTimestamp":"2024-04-27T14:38:25.4550417Z","ServerTimestamp":"2024-04-27T14:39:44.4717233Z"}}}]