[{"SequenceNumber":82,"MetaDataVersion":{"MajorVersion":1},"Timestamp":"2024-04-27T14:39:47.4615592Z","MessageType":"ua-deltaframe","DataSetWriterName":"<<UnknownDataSet>>","Payload":{"i=2258":{"Value":"2024-04-27T14:39:47.4612603Z","SourceTimestamp":"2024-04-27T14:38:25.4550052Z","ServerTimestamp":"2024-04-27T14:39:47.4612587Z"},"nsu=http://opcfoundation.org/UA/Plc/Applications;s=StepUp":{"Value":829,"SourceTimestamp":"2024-04-27T14:39:47.4603087Z","ServerTimestamp":"2024-04-27T14:39:47.4613045Z"},"nsu=http://opcfoundation.org/UA/Plc/Applications;s=AlternatingBoolean":{"Value":true,"SourceTimestamp":"2024-04-27T14:39:47.4603086Z","ServerTimestamp":"2024-04-27T14:39:47.4613133Z"},"nsu=http://opcfoundation.org/UA/Plc/Applications;s=RandomSignedInt32":{"Value":-1105329335,"SourceTimestamp":"2024-04-27T14:39:47.460318Z","ServerTimestamp":"2024-04-27T14:39:47.4613063Z"},"nsu=http://opcfoundation.org/UA/Plc/Applications;s=RandomUnsignedInt32":{"Value":347291147,"SourceTimestamp":"2024-04-27T14:39:47.460308Z","ServerTimestamp":"2024-04-27T14:39:47.4613034Z"},"nsu=http://opcfoundation.org/UA/Plc/Applications;s=DipData":{"Value":36.812455268467772,"SourceTimestamp":"2024-04-27T14:39:47.4603064Z","ServerTimestamp":"2024-04-27T14:39:47.461312Z"},"nsu=http://opcfoundation.org/UA/Plc/Applications;s=FastUIntScalar1":{"Value":82,"SourceTimestamp":"2024-04-27T14:39:46.5574372Z","ServerTimestamp":"2024-04-27T14:39:47.461316Z"},"nsu=http://opcfoundation.org/UA/Plc/Applications;s=FastUIntScalar2":{"Value":82,"SourceTimestamp":"2024-04-27T14:39:46.5574413Z","ServerTimestamp":"2024-04-27T14:39:47.4613001Z"},"nsu=http://opcfoundation.org/UA/Plc/Applications;s=FastUIntScalar3":{"Value":82,"SourceTimestamp":"2024-04-27T14:39:46.5574431Z","ServerTimestamp":"2024-04-27T14:39:47.4613092Z"},"nsu=http://opcfoundation.org/UA/Plc/Applications;s=FastRandomUIntScalar1":{"Value":2169440860,"SourceTimestamp":"2024-04-27T14:39:46.5574371Z","ServerTimestamp":"2024-04-27T14:39:47.4613146Z"},"nsu=http://opcfoundation.org/UA/Plc/Applications;s=FastRandomUIntScalar2":{"Value":2649865929,"SourceTimestamp":"2024-04-27T14:39:46.5574392Z","ServerTimestamp":"2024-04-27T14:39:47.461318Z"},"nsu=http://opcfoundation.org/UA/Plc/Applications;s=FastRandomUIntScalar3":{"Value":1793721316,"SourceTimestamp":"2024-04-27T14:39:46.5574426Z","ServerTimestamp":"2024-04-27T14:39:47.4613195Z"},"nsu=http://opcfoundation.org/UA/Plc/Applications;s=NegativeTrendData":{"Value":99.099999999999994,"SourceTimestamp":"2024-04-27T14:39:47.4602714Z","ServerTimestamp":"2024-04-27T14:39:47.4613156Z"},"nsu=http://opcfoundation.org/UA/Plc/Applications;s=PositiveTrendData":{"Value":101.59999999999999,"SourceTimestamp":"2024-04-27T14:39:47.4603004Z","ServerTimestamp":"2024-04-27T14:39:47.4613187Z"},"nsu=http://opcfoundation.org/UA/Plc/Applications;s=SlowUIntScalar1":{"Value":8,"SourceTimestamp":"2024-04-27T14:39:44.5615642Z","ServerTimestamp":"2024-04-27T14:39:47.4613025Z"},"nsu=http://opcfoundation.org/UA/Plc/Applications;s=SlowUIntScalar2":{"Value":8,"SourceTimestamp":"2024-04-27T14:39:44.5615694Z","ServerTimestamp":"2024-04-27T14:39:47.4613015Z"},"nsu=http://opcfoundation.org/UA/Plc/Applications;s=SlowUIntScalar3":{"Value":8,"SourceTimestamp":"2024-04-27T14:39:44.5615711Z","ServerTimestamp":"2024-04-27T14:39:47.4613174Z"},"nsu=http://opcfoundation.org/UA/Plc/Applications;s=BadSlowUIntScalar1":{"Value":8,"StatusCode":{"Symbol":"UncertainLastUsableValue","Code":1083179008},"SourceTimestamp":"2024-04-27T14:39:44.5615722Z","ServerTimestamp":"2024-04-27T14:39:47.4613082Z"},"nsu=http://opcfoundation.org/UA/Plc/Applications;s=SlowRandomUIntScalar1":{"Value":400205580,"SourceTimestamp":"2024-04-27T14:39:44.5616014Z","ServerTimestamp":"2024-04-27T14:39:47.4613114Z"},"nsu=http://opcfoundation.org/UA/Plc/Applications;s=SlowRandomUIntScalar2":{"Value":3530565673,"SourceTimestamp":"2024-04-27T14:39:44.5616063Z","ServerTimestamp":"2024-04-27T14:39:47.4613052Z"},"nsu=http://opcfoundation.org/UA/Plc/Applications;s=SlowRandomUIntScalar3":{"Value":3201766587,"SourceTimestamp":"2024-04-27T14:39:44.561608Z","ServerTimestamp":"2024-04-27T14:39:47.4613102Z"},"nsu=http://opcfoundation.org/UA/Plc/Applications;s=BadSlowRandomUIntScalar1":{"Value":795374586,"StatusCode":{"Symbol":"UncertainLastUsableValue","Code":1083179008},"SourceTimestamp":"2024-04-27T14:39:44.5616103Z","ServerTimestamp":"2024-04-27T14:39:47.4613127Z"},"nsu=http://opcfoundation.org/UA/Plc/Applications;s=SpikeData":{"Value":36.812455268467772,"SourceTimestamp":"2024-04-27T14:39:47.4603039Z","ServerTimestamp":"2024-04-27T14:39:47.4613167Z"},"ns=23;i=1259":{"Value":0.80000000000000004,"SourceTimestamp":"2024-04-27T14:38:25.4550417Z","ServerTimestamp":"2024-04-27T14:39:47.4612791Z"}}}]