[{"SequenceNumber":86,"MetaDataVersion":{"MajorVersion":1},"Timestamp":"2024-04-27T14:39:51.4597625Z","MessageType":"ua-deltaframe","DataSetWriterName":"<<UnknownDataSet>>","Payload":{"i=2258":{"Value":"2024-04-27T14:39:51.4594779Z","SourceTimestamp":"2024-04-27T14:38:25.4550052Z","ServerTimestamp":"2024-04-27T14:39:51.4594766Z"},"nsu=http://opcfoundation.org/UA/Plc/Applications;s=StepUp":{"Value":869,"SourceTimestamp":"2024-04-27T14:39:51.4584799Z","ServerTimestamp":"2024-04-27T14:39:51.4595175Z"},"nsu=http://opcfoundation.org/UA/Plc/Applications;s=AlternatingBoolean":{"Value":false,"SourceTimestamp":"2024-04-27T14:39:51.4585207Z","ServerTimestamp":"2024-04-27T14:39:51.4595247Z"},"nsu=http://opcfoundation.org/UA/Plc/Applications;s=RandomSignedInt32":{"Value":-281080574,"SourceTimestamp":"2024-04-27T14:39:51.4585126Z","ServerTimestamp":"2024-04-27T14:39:51.4595191Z"},"nsu=http://opcfoundation.org/UA/Plc/Applications;s=RandomUnsignedInt32":{"Value":202615819,"SourceTimestamp":"2024-04-27T14:39:51.4585167Z","ServerTimestamp":"2024-04-27T14:39:51.4595168Z"},"nsu=http://opcfoundation.org/UA/Plc/Applications;s=DipData":{"Value":-77.051324277578942,"SourceTimestamp":"2024-04-27T14:39:51.4585243Z","ServerTimestamp":"2024-04-27T14:39:51.4595234Z"},"nsu=http://opcfoundation.org/UA/Plc/Applications;s=FastUIntScalar1":{"Value":86,"SourceTimestamp":"2024-04-27T14:39:50.5624943Z","ServerTimestamp":"2024-04-27T14:39:51.4595272Z"},"nsu=http://opcfoundation.org/UA/Plc/Applications;s=FastUIntScalar2":{"Value":86,"SourceTimestamp":"2024-04-27T14:39:50.5625002Z","ServerTimestamp":"2024-04-27T14:39:51.4595142Z"},"nsu=http://opcfoundation.org/UA/Plc/Applications;s=FastUIntScalar3":{"Value":86,"SourceTimestamp":"2024-04-27T14:39:50.5625013Z","ServerTimestamp":"2024-04-27T14:39:51.459521Z"},"nsu=http://opcfoundation.org/UA/Plc/Applications;s=FastRandomUIntScalar1":{"Value":2755077649,"SourceTimestamp":"2024-04-27T14:39:50.562526Z","ServerTimestamp":"2024-04-27T14:39:51.4595259Z"},"nsu=http://opcfoundation.org/UA/Plc/Applications;s=FastRandomUIntScalar2":{"Value":2088438790,"SourceTimestamp":"2024-04-27T14:39:50.5625274Z","ServerTimestamp":"2024-04-27T14:39:51.4595294Z"},"nsu=http://opcfoundation.org/UA/Plc/Applications;s=FastRandomUIntScalar3":{"Value":3857255057,"SourceTimestamp":"2024-04-27T14:39:50.5625286Z","ServerTimestamp":"2024-04-27T14:39:51.4595308Z"},"nsu=http://opcfoundation.org/UA/Plc/Applications;s=NegativeTrendData":{"Value":99,"SourceTimestamp":"2024-04-27T14:39:51.4585035Z","ServerTimestamp":"2024-04-27T14:39:51.4595268Z"},"nsu=http://opcfoundation.org/UA/Plc/Applications;s=PositiveTrendData":{"Value":101.7,"SourceTimestamp":"2024-04-27T14:39:51.4585199Z","ServerTimestamp":"2024-04-27T14:39:51.4595301Z"},"nsu=http://opcfoundation.org/UA/Plc/Applications;s=SlowUIntScalar1":{"Value":8,"SourceTimestamp":"2024-04-27T14:39:44.5615642Z","ServerTimestamp":"2024-04-27T14:39:51.459516Z"},"nsu=http://opcfoundation.org/UA/Plc/Applications;s=SlowUIntScalar2":{"Value":8,"SourceTimestamp":"2024-04-27T14:39:44.5615694Z","ServerTimestamp":"2024-04-27T14:39:51.459515Z"},"nsu=http://opcfoundation.org/UA/Plc/Applications;s=SlowUIntScalar3":{"Value":8,"SourceTimestamp":"2024-04-27T14:39:44.5615711Z","ServerTimestamp":"2024-04-27T14:39:51.4595287Z"},"nsu=http://opcfoundation.org/UA/Plc/Applications;s=BadSlowUIntScalar1":{"Value":8,"StatusCode":{"Symbol":"UncertainLastUsableValue","Code":1083179008},"SourceTimestamp":"2024-04-27T14:39:44.5615722Z","ServerTimestamp":"2024-04-27T14:39:51.45952Z"},"nsu=http://opcfoundation.org/UA/Plc/Applications;s=SlowRandomUIntScalar1":{"Value":400205580,"SourceTimestamp":"2024-04-27T14:39:44.5616014Z","ServerTimestamp":"2024-04-27T14:39:51.459523Z"},"nsu=http://opcfoundation.org/UA/Plc/Applications;s=SlowRandomUIntScalar2":{"Value":3530565673,"SourceTimestamp":"2024-04-27T14:39:44.5616063Z","ServerTimestamp":"2024-04-27T14:39:51.4595184Z"},"nsu=http://opcfoundation.org/UA/Plc/Applications;s=SlowRandomUIntScalar3":{"Value":3201766587,"SourceTimestamp":"2024-04-27T14:39:44.561608Z","ServerTimestamp":"2024-04-27T14:39:51.459522Z"},"nsu=http://opcfoundation.org/UA/Plc/Applications;s=BadSlowRandomUIntScalar1":{"Value":795374586,"StatusCode":{"Symbol":"UncertainLastUsableValue","Code":1083179008},"SourceTimestamp":"2024-04-27T14:39:44.5616103Z","ServerTimestamp":"2024-04-27T14:39:51.4595242Z"},"nsu=http://opcfoundation.org/UA/Plc/Applications;s=SpikeData":{"Value":-77.051324277578942,"SourceTimestamp":"2024-04-27T14:39:51.4585262Z","ServerTimestamp":"2024-04-27T14:39:51.459528Z"},"ns=23;i=1259":{"Value":0.98799999999999999,"SourceTimestamp":"2024-04-27T14:38:25.4550417Z","ServerTimestamp":"2024-04-27T14:39:51.4594919Z"}}}]