[{"SequenceNumber":88,"MetaDataVersion":{"MajorVersion":1},"Timestamp":"2024-04-27T14:39:53.4686889Z","MessageType":"ua-deltaframe","DataSetWriterName":"<<UnknownDataSet>>","Payload":{"i=2258":{"Value":"2024-04-27T14:39:53.4683808Z","SourceTimestamp":"2024-04-27T14:38:25.4550052Z","ServerTimestamp":"2024-04-27T14:39:53.4683795Z"},"nsu=http://opcfoundation.org/UA/Plc/Applications;s=StepUp":{"Value":889,"SourceTimestamp":"2024-04-27T14:39:53.4674296Z","ServerTimestamp":"2024-04-27T14:39:53.4684144Z"},"nsu=http://opcfoundation.org/UA/Plc/Applications;s=AlternatingBoolean":{"Value":false,"SourceTimestamp":"2024-04-27T14:39:53.4674283Z","ServerTimestamp":"2024-04-27T14:39:53.4684225Z"},"nsu=http://opcfoundation.org/UA/Plc/Applications;s=RandomSignedInt32":{"Value":-219749261,"SourceTimestamp":"2024-04-27T14:39:53.4674265Z","ServerTimestamp":"2024-04-27T14:39:53.4684161Z"},"nsu=http://opcfoundation.org/UA/Plc/Applications;s=RandomUnsignedInt32":{"Value":1885623928,"SourceTimestamp":"2024-04-27T14:39:53.4674238Z","ServerTimestamp":"2024-04-27T14:39:53.4684138Z"},"nsu=http://opcfoundation.org/UA/Plc/Applications;s=DipData":{"Value":99.80267284282715,"SourceTimestamp":"2024-04-27T14:39:53.4674203Z","ServerTimestamp":"2024-04-27T14:39:53.4684212Z"},"nsu=http://opcfoundation.org/UA/Plc/Applications;s=FastUIntScalar1":{"Value":88,"SourceTimestamp":"2024-04-27T14:39:52.5554086Z","ServerTimestamp":"2024-04-27T14:39:53.4684247Z"},"nsu=http://opcfoundation.org/UA/Plc/Applications;s=FastUIntScalar2":{"Value":88,"SourceTimestamp":"2024-04-27T14:39:52.5554162Z","ServerTimestamp":"2024-04-27T14:39:53.4684111Z"},"nsu=http://opcfoundation.org/UA/Plc/Applications;s=FastUIntScalar3":{"Value":88,"SourceTimestamp":"2024-04-27T14:39:52.5554176Z","ServerTimestamp":"2024-04-27T14:39:53.4684182Z"},"nsu=http://opcfoundation.org/UA/Plc/Applications;s=FastRandomUIntScalar1":{"Value":4185407083,"SourceTimestamp":"2024-04-27T14:39:52.5554627Z","ServerTimestamp":"2024-04-27T14:39:53.4684234Z"},"nsu=http://opcfoundation.org/UA/Plc/Applications;s=FastRandomUIntScalar2":{"Value":2486975679,"SourceTimestamp":"2024-04-27T14:39:52.5554657Z","ServerTimestamp":"2024-04-27T14:39:53.4684268Z"},"nsu=http://opcfoundation.org/UA/Plc/Applications;s=FastRandomUIntScalar3":{"Value":2126912383,"SourceTimestamp":"2024-04-27T14:39:52.5554674Z","ServerTimestamp":"2024-04-27T14:39:53.4684282Z"},"nsu=http://opcfoundation.org/UA/Plc/Applications;s=NegativeTrendData":{"Value":99,"SourceTimestamp":"2024-04-27T14:39:53.4674139Z","ServerTimestamp":"2024-04-27T14:39:53.4684244Z"},"nsu=http://opcfoundation.org/UA/Plc/Applications;s=PositiveTrendData":{"Value":101.7,"SourceTimestamp":"2024-04-27T14:39:53.4674338Z","ServerTimestamp":"2024-04-27T14:39:53.4684274Z"},"nsu=http://opcfoundation.org/UA/Plc/Applications;s=SlowUIntScalar1":{"Value":8,"SourceTimestamp":"2024-04-27T14:39:44.5615642Z","ServerTimestamp":"2024-04-27T14:39:53.4684131Z"},"nsu=http://opcfoundation.org/UA/Plc/Applications;s=SlowUIntScalar2":{"Value":8,"SourceTimestamp":"2024-04-27T14:39:44.5615694Z","ServerTimestamp":"2024-04-27T14:39:53.468412Z"},"nsu=http://opcfoundation.org/UA/Plc/Applications;s=SlowUIntScalar3":{"Value":8,"SourceTimestamp":"2024-04-27T14:39:44.5615711Z","ServerTimestamp":"2024-04-27T14:39:53.4684263Z"},"nsu=http://opcfoundation.org/UA/Plc/Applications;s=BadSlowUIntScalar1":{"Value":8,"StatusCode":{"Symbol":"UncertainLastUsableValue","Code":1083179008},"SourceTimestamp":"2024-04-27T14:39:44.5615722Z","ServerTimestamp":"2024-04-27T14:39:53.4684173Z"},"nsu=http://opcfoundation.org/UA/Plc/Applications;s=SlowRandomUIntScalar1":{"Value":400205580,"SourceTimestamp":"2024-04-27T14:39:44.5616014Z","ServerTimestamp":"2024-04-27T14:39:53.4684207Z"},"nsu=http://opcfoundation.org/UA/Plc/Applications;s=SlowRandomUIntScalar2":{"Value":3530565673,"SourceTimestamp":"2024-04-27T14:39:44.5616063Z","ServerTimestamp":"2024-04-27T14:39:53.4684153Z"},"nsu=http://opcfoundation.org/UA/Plc/Applications;s=SlowRandomUIntScalar3":{"Value":3201766587,"SourceTimestamp":"2024-04-27T14:39:44.561608Z","ServerTimestamp":"2024-04-27T14:39:53.4684192Z"},"nsu=http://opcfoundation.org/UA/Plc/Applications;s=BadSlowRandomUIntScalar1":{"Value":795374586,"StatusCode":{"Symbol":"UncertainLastUsableValue","Code":1083179008},"SourceTimestamp":"2024-04-27T14:39:44.5616103Z","ServerTimestamp":"2024-04-27T14:39:53.468422Z"},"nsu=http://opcfoundation.org/UA/Plc/Applications;s=SpikeData":{"Value":99.80267284282715,"SourceTimestamp":"2024-04-27T14:39:53.4674372Z","ServerTimestamp":"2024-04-27T14:39:53.4684254Z"},"ns=23;i=1259":{"Value":0,"SourceTimestamp":"2024-04-27T14:38:25.4550417Z","ServerTimestamp":"2024-04-27T14:39:53.4683956Z"}}}]