[{"SequenceNumber":89,"MetaDataVersion":{"MajorVersion":1},"Timestamp":"2024-04-27T14:39:54.4727408Z","MessageType":"ua-deltaframe","DataSetWriterName":"<<UnknownDataSet>>","Payload":{"i=2258":{"Value":"2024-04-27T14:39:54.4724209Z","SourceTimestamp":"2024-04-27T14:38:25.4550052Z","ServerTimestamp":"2024-04-27T14:39:54.4724196Z"},"nsu=http://opcfoundation.org/UA/Plc/Applications;s=StepUp":{"Value":899,"SourceTimestamp":"2024-04-27T14:39:54.4564025Z","ServerTimestamp":"2024-04-27T14:39:54.4724549Z"},"nsu=http://opcfoundation.org/UA/Plc/Applications;s=AlternatingBoolean":{"Value":false,"SourceTimestamp":"2024-04-27T14:39:54.456415Z","ServerTimestamp":"2024-04-27T14:39:54.4724621Z"},"nsu=http://opcfoundation.org/UA/Plc/Applications;s=RandomSignedInt32":{"Value":-3807339,"SourceTimestamp":"2024-04-27T14:39:54.4563987Z","ServerTimestamp":"2024-04-27T14:39:54.4724566Z"},"nsu=http://opcfoundation.org/UA/Plc/Applications;s=RandomUnsignedInt32":{"Value":1714611359,"SourceTimestamp":"2024-04-27T14:39:54.4563994Z","ServerTimestamp":"2024-04-27T14:39:54.4724541Z"},"nsu=http://opcfoundation.org/UA/Plc/Applications;s=DipData":{"Value":24.868988716485479,"SourceTimestamp":"2024-04-27T14:39:54.4563935Z","ServerTimestamp":"2024-04-27T14:39:54.4724608Z"},"nsu=http://opcfoundation.org/UA/Plc/Applications;s=FastUIntScalar1":{"Value":89,"SourceTimestamp":"2024-04-27T14:39:53.5602608Z","ServerTimestamp":"2024-04-27T14:39:54.4724643Z"},"nsu=http://opcfoundation.org/UA/Plc/Applications;s=FastUIntScalar2":{"Value":89,"SourceTimestamp":"2024-04-27T14:39:53.560323Z","ServerTimestamp":"2024-04-27T14:39:54.4724514Z"},"nsu=http://opcfoundation.org/UA/Plc/Applications;s=FastUIntScalar3":{"Value":89,"SourceTimestamp":"2024-04-27T14:39:53.5603246Z","ServerTimestamp":"2024-04-27T14:39:54.4724585Z"},"nsu=http://opcfoundation.org/UA/Plc/Applications;s=FastRandomUIntScalar1":{"Value":3473241570,"SourceTimestamp":"2024-04-27T14:39:53.5603413Z","ServerTimestamp":"2024-04-27T14:39:54.4724631Z"},"nsu=http://opcfoundation.org/UA/Plc/Applications;s=FastRandomUIntScalar2":{"Value":4220244557,"SourceTimestamp":"2024-04-27T14:39:53.5603431Z","ServerTimestamp":"2024-04-27T14:39:54.4724668Z"},"nsu=http://opcfoundation.org/UA/Plc/Applications;s=FastRandomUIntScalar3":{"Value":1071256353,"SourceTimestamp":"2024-04-27T14:39:53.5603446Z","ServerTimestamp":"2024-04-27T14:39:54.4724682Z"},"nsu=http://opcfoundation.org/UA/Plc/Applications;s=NegativeTrendData":{"Value":99,"SourceTimestamp":"2024-04-27T14:39:54.4563787Z","ServerTimestamp":"2024-04-27T14:39:54.4724639Z"},"nsu=http://opcfoundation.org/UA/Plc/Applications;s=PositiveTrendData":{"Value":101.7,"SourceTimestamp":"2024-04-27T14:39:54.4563899Z","ServerTimestamp":"2024-04-27T14:39:54.4724674Z"},"nsu=http://opcfoundation.org/UA/Plc/Applications;s=SlowUIntScalar1":{"Value":8,"SourceTimestamp":"2024-04-27T14:39:44.5615642Z","ServerTimestamp":"2024-04-27T14:39:54.4724533Z"},"nsu=http://opcfoundation.org/UA/Plc/Applications;s=SlowUIntScalar2":{"Value":8,"SourceTimestamp":"2024-04-27T14:39:44.5615694Z","ServerTimestamp":"2024-04-27T14:39:54.4724524Z"},"nsu=http://opcfoundation.org/UA/Plc/Applications;s=SlowUIntScalar3":{"Value":8,"SourceTimestamp":"2024-04-27T14:39:44.5615711Z","ServerTimestamp":"2024-04-27T14:39:54.4724661Z"},"nsu=http://opcfoundation.org/UA/Plc/Applications;s=BadSlowUIntScalar1":{"Value":8,"StatusCode":{"Symbol":"UncertainLastUsableValue","Code":1083179008},"SourceTimestamp":"2024-04-27T14:39:44.5615722Z","ServerTimestamp":"2024-04-27T14:39:54.4724575Z"},"nsu=http://opcfoundation.org/UA/Plc/Applications;s=SlowRandomUIntScalar1":{"Value":400205580,"SourceTimestamp":"2024-04-27T14:39:44.5616014Z","ServerTimestamp":"2024-04-27T14:39:54.4724603Z"},"nsu=http://opcfoundation.org/UA/Plc/Applications;s=SlowRandomUIntScalar2":{"Value":3530565673,"SourceTimestamp":"2024-04-27T14:39:44.5616063Z","ServerTimestamp":"2024-04-27T14:39:54.4724557Z"},"nsu=http://opcfoundation.org/UA/Plc/Applications;s=SlowRandomUIntScalar3":{"Value":3201766587,"SourceTimestamp":"2024-04-27T14:39:44.561608Z","ServerTimestamp":"2024-04-27T14:39:54.4724594Z"},"nsu=http://opcfoundation.org/UA/Plc/Applications;s=BadSlowRandomUIntScalar1":{"Value":795374586,"StatusCode":{"Symbol":"UncertainLastUsableValue","Code":1083179008},"SourceTimestamp":"2024-04-27T14:39:44.5616103Z","ServerTimestamp":"2024-04-27T14:39:54.4724616Z"},"nsu=http://opcfoundation.org/UA/Plc/Applications;s=SpikeData":{"Value":24.868988716485479,"SourceTimestamp":"2024-04-27T14:39:54.4563986Z","ServerTimestamp":"2024-04-27T14:39:54.4724651Z"},"ns=23;i=1259":{"Value":-1.1200000000000001,"SourceTimestamp":"2024-04-27T14:38:25.4550417Z","ServerTimestamp":"2024-04-27T14:39:54.4724347Z"}}}]