[{"SequenceNumber":9,"MetaDataVersion":{"MajorVersion":1},"Timestamp":"2024-04-27T14:38:34.4692718Z","MessageType":"ua-deltaframe","DataSetWriterName":"<<UnknownDataSet>>","Payload":{"i=2258":{"Value":"2024-04-27T14:38:34.4689797Z","SourceTimestamp":"2024-04-27T14:38:25.4550052Z","ServerTimestamp":"2024-04-27T14:38:34.4689784Z"},"nsu=http://opcfoundation.org/UA/Plc/Applications;s=StepUp":{"Value":99,"SourceTimestamp":"2024-04-27T14:38:34.4679322Z","ServerTimestamp":"2024-04-27T14:38:34.4690125Z"},"nsu=http://opcfoundation.org/UA/Plc/Applications;s=AlternatingBoolean":{"Value":false,"SourceTimestamp":"2024-04-27T14:38:34.4679304Z","ServerTimestamp":"2024-04-27T14:38:34.4690191Z"},"nsu=http://opcfoundation.org/UA/Plc/Applications;s=RandomSignedInt32":{"Value":-298940464,"SourceTimestamp":"2024-04-27T14:38:34.467935Z","ServerTimestamp":"2024-04-27T14:38:34.469014Z"},"nsu=http://opcfoundation.org/UA/Plc/Applications;s=RandomUnsignedInt32":{"Value":1179522493,"SourceTimestamp":"2024-04-27T14:38:34.4679338Z","ServerTimestamp":"2024-04-27T14:38:34.4690118Z"},"nsu=http://opcfoundation.org/UA/Plc/Applications;s=DipData":{"Value":24.868988716485479,"SourceTimestamp":"2024-04-27T14:38:34.4679287Z","ServerTimestamp":"2024-04-27T14:38:34.4690178Z"},"nsu=http://opcfoundation.org/UA/Plc/Applications;s=FastUIntScalar1":{"Value":9,"SourceTimestamp":"2024-04-27T14:38:33.5628668Z","ServerTimestamp":"2024-04-27T14:38:34.4690213Z"},"nsu=http://opcfoundation.org/UA/Plc/Applications;s=FastUIntScalar2":{"Value":9,"SourceTimestamp":"2024-04-27T14:38:33.5628723Z","ServerTimestamp":"2024-04-27T14:38:34.4690092Z"},"nsu=http://opcfoundation.org/UA/Plc/Applications;s=FastUIntScalar3":{"Value":9,"SourceTimestamp":"2024-04-27T14:38:33.5628741Z","ServerTimestamp":"2024-04-27T14:38:34.4690156Z"},"nsu=http://opcfoundation.org/UA/Plc/Applications;s=FastRandomUIntScalar1":{"Value":1048295302,"SourceTimestamp":"2024-04-27T14:38:33.5629262Z","ServerTimestamp":"2024-04-27T14:38:34.4690201Z"},"nsu=http://opcfoundation.org/UA/Plc/Applications;s=FastRandomUIntScalar2":{"Value":3505556527,"SourceTimestamp":"2024-04-27T14:38:33.5629279Z","ServerTimestamp":"2024-04-27T14:38:34.4690234Z"},"nsu=http://opcfoundation.org/UA/Plc/Applications;s=FastRandomUIntScalar3":{"Value":690127289,"SourceTimestamp":"2024-04-27T14:38:33.5629293Z","ServerTimestamp":"2024-04-27T14:38:34.4690249Z"},"nsu=http://opcfoundation.org/UA/Plc/Applications;s=NegativeTrendData":{"Value":100,"SourceTimestamp":"2024-04-27T14:38:34.4679211Z","ServerTimestamp":"2024-04-27T14:38:34.469021Z"},"nsu=http://opcfoundation.org/UA/Plc/Applications;s=PositiveTrendData":{"Value":100.09999999999999,"SourceTimestamp":"2024-04-27T14:38:34.4679432Z","ServerTimestamp":"2024-04-27T14:38:34.4690242Z"},"nsu=http://opcfoundation.org/UA/Plc/Applications;s=SlowUIntScalar1":{"Value":0,"SourceTimestamp":"2024-04-27T14:38:24.5556226Z","ServerTimestamp":"2024-04-27T14:38:34.4690109Z"},"nsu=http://opcfoundation.org/UA/Plc/Applications;s=SlowUIntScalar2":{"Value":0,"SourceTimestamp":"2024-04-27T14:38:24.555624Z","ServerTimestamp":"2024-04-27T14:38:34.46901Z"},"nsu=http://opcfoundation.org/UA/Plc/Applications;s=SlowUIntScalar3":{"Value":0,"SourceTimestamp":"2024-04-27T14:38:24.5556291Z","ServerTimestamp":"2024-04-27T14:38:34.4690227Z"},"nsu=http://opcfoundation.org/UA/Plc/Applications;s=BadSlowUIntScalar1":{"Value":0,"SourceTimestamp":"2024-04-27T14:38:24.5556319Z","ServerTimestamp":"2024-04-27T14:38:34.4690149Z"},"nsu=http://opcfoundation.org/UA/Plc/Applications;s=SlowRandomUIntScalar1":{"Value":0,"SourceTimestamp":"2024-04-27T14:38:24.5556399Z","ServerTimestamp":"2024-04-27T14:38:34.4690174Z"},"nsu=http://opcfoundation.org/UA/Plc/Applications;s=SlowRandomUIntScalar2":{"Value":0,"SourceTimestamp":"2024-04-27T14:38:24.5556406Z","ServerTimestamp":"2024-04-27T14:38:34.4690133Z"},"nsu=http://opcfoundation.org/UA/Plc/Applications;s=SlowRandomUIntScalar3":{"Value":0,"SourceTimestamp":"2024-04-27T14:38:24.5556413Z","ServerTimestamp":"2024-04-27T14:38:34.4690165Z"},"nsu=http://opcfoundation.org/UA/Plc/Applications;s=BadSlowRandomUIntScalar1":{"Value":0,"SourceTimestamp":"2024-04-27T14:38:24.5556437Z","ServerTimestamp":"2024-04-27T14:38:34.4690186Z"},"nsu=http://opcfoundation.org/UA/Plc/Applications;s=SpikeData":{"Value":24.868988716485479,"SourceTimestamp":"2024-04-27T14:38:34.4679434Z","ServerTimestamp":"2024-04-27T14:38:34.469022Z"},"ns=23;i=1259":{"Value":-0.80000000000000004,"SourceTimestamp":"2024-04-27T14:38:25.4550417Z","ServerTimestamp":"2024-04-27T14:38:34.4689933Z"}}}]