[{"SequenceNumber":92,"MetaDataVersion":{"MajorVersion":1},"Timestamp":"2024-04-27T14:39:57.4701169Z","MessageType":"ua-deltaframe","DataSetWriterName":"<<UnknownDataSet>>","Payload":{"i=2258":{"Value":"2024-04-27T14:39:57.4698338Z","SourceTimestamp":"2024-04-27T14:38:25.4550052Z","ServerTimestamp":"2024-04-27T14:39:57.4698324Z"},"nsu=http://opcfoundation.org/UA/Plc/Applications;s=StepUp":{"Value":929,"SourceTimestamp":"2024-04-27T14:39:57.4689073Z","ServerTimestamp":"2024-04-27T14:39:57.4698685Z"},"nsu=http://opcfoundation.org/UA/Plc/Applications;s=AlternatingBoolean":{"Value":true,"SourceTimestamp":"2024-04-27T14:39:57.4689041Z","ServerTimestamp":"2024-04-27T14:39:57.4698757Z"},"nsu=http://opcfoundation.org/UA/Plc/Applications;s=RandomSignedInt32":{"Value":1456287421,"SourceTimestamp":"2024-04-27T14:39:57.4689005Z","ServerTimestamp":"2024-04-27T14:39:57.46987Z"},"nsu=http://opcfoundation.org/UA/Plc/Applications;s=RandomUnsignedInt32":{"Value":2142019774,"SourceTimestamp":"2024-04-27T14:39:57.4689045Z","ServerTimestamp":"2024-04-27T14:39:57.4698678Z"},"nsu=http://opcfoundation.org/UA/Plc/Applications;s=DipData":{"Value":36.812455268467772,"SourceTimestamp":"2024-04-27T14:39:57.4688717Z","ServerTimestamp":"2024-04-27T14:39:57.4698742Z"},"nsu=http://opcfoundation.org/UA/Plc/Applications;s=FastUIntScalar1":{"Value":92,"SourceTimestamp":"2024-04-27T14:39:56.5552916Z","ServerTimestamp":"2024-04-27T14:39:57.4698777Z"},"nsu=http://opcfoundation.org/UA/Plc/Applications;s=FastUIntScalar2":{"Value":92,"SourceTimestamp":"2024-04-27T14:39:56.5553053Z","ServerTimestamp":"2024-04-27T14:39:57.469865Z"},"nsu=http://opcfoundation.org/UA/Plc/Applications;s=FastUIntScalar3":{"Value":92,"SourceTimestamp":"2024-04-27T14:39:56.5553069Z","ServerTimestamp":"2024-04-27T14:39:57.4698719Z"},"nsu=http://opcfoundation.org/UA/Plc/Applications;s=FastRandomUIntScalar1":{"Value":3389161788,"SourceTimestamp":"2024-04-27T14:39:56.5553219Z","ServerTimestamp":"2024-04-27T14:39:57.4698766Z"},"nsu=http://opcfoundation.org/UA/Plc/Applications;s=FastRandomUIntScalar2":{"Value":3706331390,"SourceTimestamp":"2024-04-27T14:39:56.5553252Z","ServerTimestamp":"2024-04-27T14:39:57.4698798Z"},"nsu=http://opcfoundation.org/UA/Plc/Applications;s=FastRandomUIntScalar3":{"Value":4089322061,"SourceTimestamp":"2024-04-27T14:39:56.5553268Z","ServerTimestamp":"2024-04-27T14:39:57.4698812Z"},"nsu=http://opcfoundation.org/UA/Plc/Applications;s=NegativeTrendData":{"Value":98.900000000000006,"SourceTimestamp":"2024-04-27T14:39:57.4688848Z","ServerTimestamp":"2024-04-27T14:39:57.4698774Z"},"nsu=http://opcfoundation.org/UA/Plc/Applications;s=PositiveTrendData":{"Value":101.8,"SourceTimestamp":"2024-04-27T14:39:57.4689135Z","ServerTimestamp":"2024-04-27T14:39:57.4698804Z"},"nsu=http://opcfoundation.org/UA/Plc/Applications;s=SlowUIntScalar1":{"Value":9,"SourceTimestamp":"2024-04-27T14:39:54.5665727Z","ServerTimestamp":"2024-04-27T14:39:57.469867Z"},"nsu=http://opcfoundation.org/UA/Plc/Applications;s=SlowUIntScalar2":{"Value":9,"SourceTimestamp":"2024-04-27T14:39:54.5665834Z","ServerTimestamp":"2024-04-27T14:39:57.469866Z"},"nsu=http://opcfoundation.org/UA/Plc/Applications;s=SlowUIntScalar3":{"Value":9,"SourceTimestamp":"2024-04-27T14:39:54.5665858Z","ServerTimestamp":"2024-04-27T14:39:57.4698791Z"},"nsu=http://opcfoundation.org/UA/Plc/Applications;s=BadSlowUIntScalar1":{"Value":null,"StatusCode":{"Symbol":"BadDataLost","Code":2157772800},"SourceTimestamp":"2024-04-27T14:39:54.5665881Z","ServerTimestamp":"2024-04-27T14:39:57.4698709Z"},"nsu=http://opcfoundation.org/UA/Plc/Applications;s=SlowRandomUIntScalar1":{"Value":3262799878,"SourceTimestamp":"2024-04-27T14:39:54.566666Z","ServerTimestamp":"2024-04-27T14:39:57.4698738Z"},"nsu=http://opcfoundation.org/UA/Plc/Applications;s=SlowRandomUIntScalar2":{"Value":1151605270,"SourceTimestamp":"2024-04-27T14:39:54.5666702Z","ServerTimestamp":"2024-04-27T14:39:57.4698693Z"},"nsu=http://opcfoundation.org/UA/Plc/Applications;s=SlowRandomUIntScalar3":{"Value":123419840,"SourceTimestamp":"2024-04-27T14:39:54.5666745Z","ServerTimestamp":"2024-04-27T14:39:57.4698728Z"},"nsu=http://opcfoundation.org/UA/Plc/Applications;s=BadSlowRandomUIntScalar1":{"Value":null,"StatusCode":{"Symbol":"BadDataLost","Code":2157772800},"SourceTimestamp":"2024-04-27T14:39:54.5666769Z","ServerTimestamp":"2024-04-27T14:39:57.4698751Z"},"nsu=http://opcfoundation.org/UA/Plc/Applications;s=SpikeData":{"Value":36.812455268467772,"SourceTimestamp":"2024-04-27T14:39:57.4689143Z","ServerTimestamp":"2024-04-27T14:39:57.4698785Z"},"ns=23;i=1259":{"Value":0.14100000000000001,"SourceTimestamp":"2024-04-27T14:38:25.4550417Z","ServerTimestamp":"2024-04-27T14:39:57.4698487Z"}}}]