[{"nsu=http://opcfoundation.org/UA/Plc/Applications;s=SlowRandomUIntScalar1":{"Value":1222275358,"SourceTimestamp":"2024-04-26T12:23:14.0933152Z","ServerTimestamp":"2024-04-26T12:23:14.0933177Z"},"nsu=http://opcfoundation.org/UA/Plc/Applications;s=SlowRandomUIntScalar2":{"Value":3448253302,"SourceTimestamp":"2024-04-26T12:23:14.0933243Z","ServerTimestamp":"2024-04-26T12:23:14.09333Z"},"nsu=http://opcfoundation.org/UA/Plc/Applications;s=SlowRandomUIntScalar3":{"Value":3717921924,"SourceTimestamp":"2024-04-26T12:23:14.093331Z","ServerTimestamp":"2024-04-26T12:23:14.0933322Z"},"nsu=http://opcfoundation.org/UA/Plc/Applications;s=BadSlowRandomUIntScalar1":{"Value":3216621417,"SourceTimestamp":"2024-04-26T12:23:14.0933331Z","ServerTimestamp":"2024-04-26T12:23:14.0933343Z"}}]