[{"nsu=http://opcfoundation.org/UA/Plc/Applications;s=SlowRandomUIntScalar1":{"Value":4292362505,"SourceTimestamp":"2024-04-26T12:22:04.0961712Z","ServerTimestamp":"2024-04-26T12:22:04.096176Z"},"nsu=http://opcfoundation.org/UA/Plc/Applications;s=SlowRandomUIntScalar2":{"Value":1404399886,"SourceTimestamp":"2024-04-26T12:22:04.0961815Z","ServerTimestamp":"2024-04-26T12:22:04.096182Z"},"nsu=http://opcfoundation.org/UA/Plc/Applications;s=SlowRandomUIntScalar3":{"Value":1366689131,"SourceTimestamp":"2024-04-26T12:22:04.0961834Z","ServerTimestamp":"2024-04-26T12:22:04.0961839Z"},"nsu=http://opcfoundation.org/UA/Plc/Applications;s=BadSlowRandomUIntScalar1":{"Value":1343353894,"StatusCode":{"Symbol":"UncertainLastUsableValue","Code":1083179008},"SourceTimestamp":"2024-04-26T12:22:04.0961858Z","ServerTimestamp":"2024-04-26T12:22:04.0961864Z"}}]