[{"nsu=http://opcfoundation.org/UA/Plc/Applications;s=SlowRandomUIntScalar1":{"Value":1340882821,"SourceTimestamp":"2024-04-26T12:22:24.1047178Z","ServerTimestamp":"2024-04-26T12:22:24.1047295Z"},"nsu=http://opcfoundation.org/UA/Plc/Applications;s=SlowRandomUIntScalar2":{"Value":1696739367,"SourceTimestamp":"2024-04-26T12:22:24.1047313Z","ServerTimestamp":"2024-04-26T12:22:24.1047321Z"},"nsu=http://opcfoundation.org/UA/Plc/Applications;s=SlowRandomUIntScalar3":{"Value":2275106738,"SourceTimestamp":"2024-04-26T12:22:24.1047331Z","ServerTimestamp":"2024-04-26T12:22:24.1047345Z"},"nsu=http://opcfoundation.org/UA/Plc/Applications;s=BadSlowRandomUIntScalar1":{"Value":4203147965,"SourceTimestamp":"2024-04-26T12:22:24.1047356Z","ServerTimestamp":"2024-04-26T12:22:24.1047362Z"}}]