[{"nsu=http://opcfoundation.org/UA/Plc/Applications;s=SlowRandomUIntScalar1":{"Value":1779807412,"SourceTimestamp":"2024-04-26T12:22:44.1012068Z","ServerTimestamp":"2024-04-26T12:22:44.1012089Z"},"nsu=http://opcfoundation.org/UA/Plc/Applications;s=SlowRandomUIntScalar2":{"Value":1699766406,"SourceTimestamp":"2024-04-26T12:22:44.1012135Z","ServerTimestamp":"2024-04-26T12:22:44.1012388Z"},"nsu=http://opcfoundation.org/UA/Plc/Applications;s=SlowRandomUIntScalar3":{"Value":3047812294,"SourceTimestamp":"2024-04-26T12:22:44.1012467Z","ServerTimestamp":"2024-04-26T12:22:44.101275Z"},"nsu=http://opcfoundation.org/UA/Plc/Applications;s=BadSlowRandomUIntScalar1":{"Value":2031864279,"StatusCode":{"Symbol":"UncertainLastUsableValue","Code":1083179008},"SourceTimestamp":"2024-04-26T12:22:44.1012776Z","ServerTimestamp":"2024-04-26T12:22:44.1012786Z"}}]