[{"nsu=http://opcfoundation.org/UA/Plc/Applications;s=SlowRandomUIntScalar1":{"Value":3441712003,"SourceTimestamp":"2024-04-26T12:22:54.0947471Z","ServerTimestamp":"2024-04-26T12:22:54.0947487Z"},"nsu=http://opcfoundation.org/UA/Plc/Applications;s=SlowRandomUIntScalar2":{"Value":2600394942,"SourceTimestamp":"2024-04-26T12:22:54.0947538Z","ServerTimestamp":"2024-04-26T12:22:54.0947542Z"},"nsu=http://opcfoundation.org/UA/Plc/Applications;s=SlowRandomUIntScalar3":{"Value":4042821069,"SourceTimestamp":"2024-04-26T12:22:54.0947553Z","ServerTimestamp":"2024-04-26T12:22:54.0947563Z"},"nsu=http://opcfoundation.org/UA/Plc/Applications;s=BadSlowRandomUIntScalar1":{"Value":null,"StatusCode":{"Symbol":"BadDataLost","Code":2157772800},"SourceTimestamp":"2024-04-26T12:22:54.0947591Z","ServerTimestamp":"2024-04-26T12:22:54.0947591Z"}}]