{"nsu=http://opcfoundation.org/UA/Plc/Applications;s=StepUp":{"Value":1018,"SourceTimestamp":"2024-04-27T18:36:34.6516608Z","ServerTimestamp":"2024-04-27T18:36:34.6516694Z"},"nsu=http://opcfoundation.org/UA/Plc/Applications;s=RandomSignedInt32":{"Value":-1510986242,"SourceTimestamp":"2024-04-27T18:36:34.6516506Z","ServerTimestamp":"2024-04-27T18:36:34.6517016Z"},"nsu=http://opcfoundation.org/UA/Plc/Applications;s=RandomUnsignedInt32":{"Value":1305450024,"SourceTimestamp":"2024-04-27T18:36:34.651648Z","ServerTimestamp":"2024-04-27T18:36:34.6516585Z"},"nsu=http://opcfoundation.org/UA/Plc/Applications;s=DipData":{"Value":-84.432792550201526,"SourceTimestamp":"2024-04-27T18:36:34.6516165Z","ServerTimestamp":"2024-04-27T18:36:34.6516281Z"},"nsu=http://opcfoundation.org/UA/Plc/Applications;s=FastUIntScalar1":{"Value":101,"SourceTimestamp":"2024-04-27T18:36:33.8483495Z","ServerTimestamp":"2024-04-27T18:36:33.8483534Z"},"nsu=http://opcfoundation.org/UA/Plc/Applications;s=FastUIntScalar2":{"Value":101,"SourceTimestamp":"2024-04-27T18:36:33.8483663Z","ServerTimestamp":"2024-04-27T18:36:33.8483799Z"},"nsu=http://opcfoundation.org/UA/Plc/Applications;s=FastUIntScalar3":{"Value":101,"SourceTimestamp":"2024-04-27T18:36:33.8483816Z","ServerTimestamp":"2024-04-27T18:36:33.8483838Z"},"nsu=http://opcfoundation.org/UA/Plc/Applications;s=FastRandomUIntScalar1":{"Value":3393740705,"SourceTimestamp":"2024-04-27T18:36:33.848352Z","ServerTimestamp":"2024-04-27T18:36:33.8483674Z"},"nsu=http://opcfoundation.org/UA/Plc/Applications;s=FastRandomUIntScalar2":{"Value":1001037011,"SourceTimestamp":"2024-04-27T18:36:33.8483797Z","ServerTimestamp":"2024-04-27T18:36:33.848382Z"},"nsu=http://opcfoundation.org/UA/Plc/Applications;s=FastRandomUIntScalar3":{"Value":113272680,"SourceTimestamp":"2024-04-27T18:36:33.8483834Z","ServerTimestamp":"2024-04-27T18:36:33.8483856Z"},"nsu=http://opcfoundation.org/UA/Plc/Applications;s=SpikeData":{"Value":-84.432792550201526,"SourceTimestamp":"2024-04-27T18:36:34.6516448Z","ServerTimestamp":"2024-04-27T18:36:34.6516848Z"}}