{"nsu=http://opcfoundation.org/UA/Plc/Applications;s=StepUp":{"Value":1048,"SourceTimestamp":"2024-04-27T18:36:37.6465551Z","ServerTimestamp":"2024-04-27T18:36:37.6465611Z"},"nsu=http://opcfoundation.org/UA/Plc/Applications;s=RandomSignedInt32":{"Value":-1404566593,"SourceTimestamp":"2024-04-27T18:36:37.6465437Z","ServerTimestamp":"2024-04-27T18:36:37.6465518Z"},"nsu=http://opcfoundation.org/UA/Plc/Applications;s=RandomUnsignedInt32":{"Value":1292938486,"SourceTimestamp":"2024-04-27T18:36:37.6464984Z","ServerTimestamp":"2024-04-27T18:36:37.6465018Z"},"nsu=http://opcfoundation.org/UA/Plc/Applications;s=DipData":{"Value":36.812455268467801,"SourceTimestamp":"2024-04-27T18:36:37.646536Z","ServerTimestamp":"2024-04-27T18:36:37.6465399Z"},"nsu=http://opcfoundation.org/UA/Plc/Applications;s=FastUIntScalar1":{"Value":104,"SourceTimestamp":"2024-04-27T18:36:36.83761Z","ServerTimestamp":"2024-04-27T18:36:36.837613Z"},"nsu=http://opcfoundation.org/UA/Plc/Applications;s=FastUIntScalar2":{"Value":104,"SourceTimestamp":"2024-04-27T18:36:36.8376237Z","ServerTimestamp":"2024-04-27T18:36:36.8376241Z"},"nsu=http://opcfoundation.org/UA/Plc/Applications;s=FastUIntScalar3":{"Value":104,"SourceTimestamp":"2024-04-27T18:36:36.8376252Z","ServerTimestamp":"2024-04-27T18:36:36.8376257Z"},"nsu=http://opcfoundation.org/UA/Plc/Applications;s=FastRandomUIntScalar1":{"Value":3857710376,"SourceTimestamp":"2024-04-27T18:36:36.8376255Z","ServerTimestamp":"2024-04-27T18:36:36.8376276Z"},"nsu=http://opcfoundation.org/UA/Plc/Applications;s=FastRandomUIntScalar2":{"Value":3534101987,"SourceTimestamp":"2024-04-27T18:36:36.8376339Z","ServerTimestamp":"2024-04-27T18:36:36.8376344Z"},"nsu=http://opcfoundation.org/UA/Plc/Applications;s=FastRandomUIntScalar3":{"Value":107185478,"SourceTimestamp":"2024-04-27T18:36:36.8376362Z","ServerTimestamp":"2024-04-27T18:36:36.8376372Z"},"nsu=http://opcfoundation.org/UA/Plc/Applications;s=SpikeData":{"Value":36.812455268467801,"SourceTimestamp":"2024-04-27T18:36:37.6465781Z","ServerTimestamp":"2024-04-27T18:36:37.6465848Z"}}