{"nsu=http://opcfoundation.org/UA/Plc/Applications;s=StepUp":{"Value":1098,"SourceTimestamp":"2024-04-27T18:36:42.6419759Z","ServerTimestamp":"2024-04-27T18:36:42.6419787Z"},"nsu=http://opcfoundation.org/UA/Plc/Applications;s=RandomSignedInt32":{"Value":-177189506,"SourceTimestamp":"2024-04-27T18:36:42.6419641Z","ServerTimestamp":"2024-04-27T18:36:42.6419664Z"},"nsu=http://opcfoundation.org/UA/Plc/Applications;s=RandomUnsignedInt32":{"Value":1897310674,"SourceTimestamp":"2024-04-27T18:36:42.641936Z","ServerTimestamp":"2024-04-27T18:36:42.6419385Z"},"nsu=http://opcfoundation.org/UA/Plc/Applications;s=DipData":{"Value":36.812455268467801,"SourceTimestamp":"2024-04-27T18:36:42.6419776Z","ServerTimestamp":"2024-04-27T18:36:42.641994Z"},"nsu=http://opcfoundation.org/UA/Plc/Applications;s=FastUIntScalar1":{"Value":109,"SourceTimestamp":"2024-04-27T18:36:41.8457345Z","ServerTimestamp":"2024-04-27T18:36:41.845742Z"},"nsu=http://opcfoundation.org/UA/Plc/Applications;s=FastUIntScalar2":{"Value":109,"SourceTimestamp":"2024-04-27T18:36:41.84575Z","ServerTimestamp":"2024-04-27T18:36:41.8457531Z"},"nsu=http://opcfoundation.org/UA/Plc/Applications;s=FastUIntScalar3":{"Value":109,"SourceTimestamp":"2024-04-27T18:36:41.8457547Z","ServerTimestamp":"2024-04-27T18:36:41.8457555Z"},"nsu=http://opcfoundation.org/UA/Plc/Applications;s=FastRandomUIntScalar1":{"Value":3950036533,"SourceTimestamp":"2024-04-27T18:36:41.8457224Z","ServerTimestamp":"2024-04-27T18:36:41.8457284Z"},"nsu=http://opcfoundation.org/UA/Plc/Applications;s=FastRandomUIntScalar2":{"Value":2306955807,"SourceTimestamp":"2024-04-27T18:36:41.8457314Z","ServerTimestamp":"2024-04-27T18:36:41.8457367Z"},"nsu=http://opcfoundation.org/UA/Plc/Applications;s=FastRandomUIntScalar3":{"Value":592338786,"SourceTimestamp":"2024-04-27T18:36:41.8457413Z","ServerTimestamp":"2024-04-27T18:36:41.8457506Z"},"nsu=http://opcfoundation.org/UA/Plc/Applications;s=SpikeData":{"Value":36.812455268467801,"SourceTimestamp":"2024-04-27T18:36:42.6419905Z","ServerTimestamp":"2024-04-27T18:36:42.6419914Z"}}