{"nsu=http://opcfoundation.org/UA/Plc/Applications;s=StepUp":{"Value":1108,"SourceTimestamp":"2024-04-27T18:36:43.6467609Z","ServerTimestamp":"2024-04-27T18:36:43.6467623Z"},"nsu=http://opcfoundation.org/UA/Plc/Applications;s=AlternatingBoolean":{"Value":true,"SourceTimestamp":"2024-04-27T18:36:42.9527043Z","ServerTimestamp":"2024-04-27T18:36:42.9527063Z"},"nsu=http://opcfoundation.org/UA/Plc/Applications;s=RandomSignedInt32":{"Value":329385769,"SourceTimestamp":"2024-04-27T18:36:43.6467588Z","ServerTimestamp":"2024-04-27T18:36:43.6467595Z"},"nsu=http://opcfoundation.org/UA/Plc/Applications;s=RandomUnsignedInt32":{"Value":1225768743,"SourceTimestamp":"2024-04-27T18:36:43.646731Z","ServerTimestamp":"2024-04-27T18:36:43.6467337Z"},"nsu=http://opcfoundation.org/UA/Plc/Applications;s=DipData":{"Value":-77.0513242775789,"SourceTimestamp":"2024-04-27T18:36:43.6467314Z","ServerTimestamp":"2024-04-27T18:36:43.6467457Z"},"nsu=http://opcfoundation.org/UA/Plc/Applications;s=FastUIntScalar1":{"Value":110,"SourceTimestamp":"2024-04-27T18:36:42.8454582Z","ServerTimestamp":"2024-04-27T18:36:42.8454591Z"},"nsu=http://opcfoundation.org/UA/Plc/Applications;s=FastUIntScalar2":{"Value":110,"SourceTimestamp":"2024-04-27T18:36:42.8454608Z","ServerTimestamp":"2024-04-27T18:36:42.8454617Z"},"nsu=http://opcfoundation.org/UA/Plc/Applications;s=FastUIntScalar3":{"Value":110,"SourceTimestamp":"2024-04-27T18:36:42.8454624Z","ServerTimestamp":"2024-04-27T18:36:42.8454646Z"},"nsu=http://opcfoundation.org/UA/Plc/Applications;s=FastRandomUIntScalar1":{"Value":1993080489,"SourceTimestamp":"2024-04-27T18:36:42.8454583Z","ServerTimestamp":"2024-04-27T18:36:42.8454606Z"},"nsu=http://opcfoundation.org/UA/Plc/Applications;s=FastRandomUIntScalar2":{"Value":3201096698,"SourceTimestamp":"2024-04-27T18:36:42.8454619Z","ServerTimestamp":"2024-04-27T18:36:42.8454636Z"},"nsu=http://opcfoundation.org/UA/Plc/Applications;s=FastRandomUIntScalar3":{"Value":3510649860,"SourceTimestamp":"2024-04-27T18:36:42.8454648Z","ServerTimestamp":"2024-04-27T18:36:42.8454733Z"},"nsu=http://opcfoundation.org/UA/Plc/Applications;s=NegativeTrendData":{"Value":98.5,"SourceTimestamp":"2024-04-27T18:36:42.952665Z","ServerTimestamp":"2024-04-27T18:36:42.9526678Z"},"nsu=http://opcfoundation.org/UA/Plc/Applications;s=PositiveTrendData":{"Value":102.09999999999999,"SourceTimestamp":"2024-04-27T18:36:42.9526726Z","ServerTimestamp":"2024-04-27T18:36:42.9526966Z"},"nsu=http://opcfoundation.org/UA/Plc/Applications;s=SpikeData":{"Value":-77.0513242775789,"SourceTimestamp":"2024-04-27T18:36:43.6467708Z","ServerTimestamp":"2024-04-27T18:36:43.6467756Z"}}