{"nsu=http://opcfoundation.org/UA/Plc/Applications;s=StepUp":{"Value":108,"SourceTimestamp":"2024-04-27T18:35:03.6379714Z","ServerTimestamp":"2024-04-27T18:35:03.6379722Z"},"nsu=http://opcfoundation.org/UA/Plc/Applications;s=AlternatingBoolean":{"Value":true,"SourceTimestamp":"2024-04-27T18:35:02.9413702Z","ServerTimestamp":"2024-04-27T18:35:02.9413721Z"},"nsu=http://opcfoundation.org/UA/Plc/Applications;s=RandomSignedInt32":{"Value":-402635975,"SourceTimestamp":"2024-04-27T18:35:03.6379609Z","ServerTimestamp":"2024-04-27T18:35:03.637967Z"},"nsu=http://opcfoundation.org/UA/Plc/Applications;s=RandomUnsignedInt32":{"Value":1858913666,"SourceTimestamp":"2024-04-27T18:35:03.7475569Z","ServerTimestamp":"2024-04-27T18:35:03.7475599Z"},"nsu=http://opcfoundation.org/UA/Plc/Applications;s=DipData":{"Value":-77.0513242775789,"SourceTimestamp":"2024-04-27T18:35:03.6379527Z","ServerTimestamp":"2024-04-27T18:35:03.6379545Z"},"nsu=http://opcfoundation.org/UA/Plc/Applications;s=FastUIntScalar1":{"Value":10,"SourceTimestamp":"2024-04-27T18:35:02.8503344Z","ServerTimestamp":"2024-04-27T18:35:02.850335Z"},"nsu=http://opcfoundation.org/UA/Plc/Applications;s=FastUIntScalar2":{"Value":10,"SourceTimestamp":"2024-04-27T18:35:02.850336Z","ServerTimestamp":"2024-04-27T18:35:02.8503365Z"},"nsu=http://opcfoundation.org/UA/Plc/Applications;s=FastUIntScalar3":{"Value":10,"SourceTimestamp":"2024-04-27T18:35:02.8503377Z","ServerTimestamp":"2024-04-27T18:35:02.8503381Z"},"nsu=http://opcfoundation.org/UA/Plc/Applications;s=FastRandomUIntScalar1":{"Value":812974351,"SourceTimestamp":"2024-04-27T18:35:02.8503416Z","ServerTimestamp":"2024-04-27T18:35:02.8503421Z"},"nsu=http://opcfoundation.org/UA/Plc/Applications;s=FastRandomUIntScalar2":{"Value":2646438565,"SourceTimestamp":"2024-04-27T18:35:02.8503431Z","ServerTimestamp":"2024-04-27T18:35:02.8503436Z"},"nsu=http://opcfoundation.org/UA/Plc/Applications;s=FastRandomUIntScalar3":{"Value":689279529,"SourceTimestamp":"2024-04-27T18:35:02.8503458Z","ServerTimestamp":"2024-04-27T18:35:02.8503464Z"},"nsu=http://opcfoundation.org/UA/Plc/Applications;s=PositiveTrendData":{"Value":100.09999999999999,"SourceTimestamp":"2024-04-27T18:35:02.9413696Z","ServerTimestamp":"2024-04-27T18:35:02.9413703Z"},"nsu=http://opcfoundation.org/UA/Plc/Applications;s=SpikeData":{"Value":-77.0513242775789,"SourceTimestamp":"2024-04-27T18:35:03.637982Z","ServerTimestamp":"2024-04-27T18:35:03.6379827Z"}}