{"nsu=http://opcfoundation.org/UA/Plc/Applications;s=SlowUIntScalar1":{"Value":11,"SourceTimestamp":"2024-04-27T18:36:42.845387Z","ServerTimestamp":"2024-04-27T18:36:42.8453903Z"},"nsu=http://opcfoundation.org/UA/Plc/Applications;s=SlowUIntScalar2":{"Value":11,"SourceTimestamp":"2024-04-27T18:36:42.8454007Z","ServerTimestamp":"2024-04-27T18:36:42.8454013Z"},"nsu=http://opcfoundation.org/UA/Plc/Applications;s=SlowUIntScalar3":{"Value":11,"SourceTimestamp":"2024-04-27T18:36:42.8454029Z","ServerTimestamp":"2024-04-27T18:36:42.8454035Z"},"nsu=http://opcfoundation.org/UA/Plc/Applications;s=BadSlowUIntScalar1":{"Value":1,"SourceTimestamp":"2024-04-27T18:36:42.8454047Z","ServerTimestamp":"2024-04-27T18:36:42.8454054Z"},"nsu=http://opcfoundation.org/UA/Plc/Applications;s=SlowRandomUIntScalar1":{"Value":2962825359,"SourceTimestamp":"2024-04-27T18:36:42.8454565Z","ServerTimestamp":"2024-04-27T18:36:42.8454573Z"},"nsu=http://opcfoundation.org/UA/Plc/Applications;s=SlowRandomUIntScalar2":{"Value":1283047724,"SourceTimestamp":"2024-04-27T18:36:42.8454592Z","ServerTimestamp":"2024-04-27T18:36:42.8454624Z"},"nsu=http://opcfoundation.org/UA/Plc/Applications;s=SlowRandomUIntScalar3":{"Value":2322484844,"SourceTimestamp":"2024-04-27T18:36:42.8454638Z","ServerTimestamp":"2024-04-27T18:36:42.8454666Z"},"nsu=http://opcfoundation.org/UA/Plc/Applications;s=BadSlowRandomUIntScalar1":{"Value":3487613625,"SourceTimestamp":"2024-04-27T18:36:42.8454678Z","ServerTimestamp":"2024-04-27T18:36:42.8454723Z"}}