{"nsu=http://opcfoundation.org/UA/Plc/Applications;s=StepUp":{"Value":1118,"SourceTimestamp":"2024-04-27T18:36:44.65291Z","ServerTimestamp":"2024-04-27T18:36:44.6529115Z"},"nsu=http://opcfoundation.org/UA/Plc/Applications;s=RandomSignedInt32":{"Value":566094582,"SourceTimestamp":"2024-04-27T18:36:44.6528987Z","ServerTimestamp":"2024-04-27T18:36:44.6529058Z"},"nsu=http://opcfoundation.org/UA/Plc/Applications;s=RandomUnsignedInt32":{"Value":1201103419,"SourceTimestamp":"2024-04-27T18:36:44.6528443Z","ServerTimestamp":"2024-04-27T18:36:44.652898Z"},"nsu=http://opcfoundation.org/UA/Plc/Applications;s=DipData":{"Value":-84.432792550201526,"SourceTimestamp":"2024-04-27T18:36:44.6528297Z","ServerTimestamp":"2024-04-27T18:36:44.6528343Z"},"nsu=http://opcfoundation.org/UA/Plc/Applications;s=FastUIntScalar1":{"Value":111,"SourceTimestamp":"2024-04-27T18:36:43.8493388Z","ServerTimestamp":"2024-04-27T18:36:43.8493578Z"},"nsu=http://opcfoundation.org/UA/Plc/Applications;s=FastUIntScalar2":{"Value":111,"SourceTimestamp":"2024-04-27T18:36:43.849362Z","ServerTimestamp":"2024-04-27T18:36:43.8493642Z"},"nsu=http://opcfoundation.org/UA/Plc/Applications;s=FastUIntScalar3":{"Value":111,"SourceTimestamp":"2024-04-27T18:36:43.8493663Z","ServerTimestamp":"2024-04-27T18:36:43.8493687Z"},"nsu=http://opcfoundation.org/UA/Plc/Applications;s=FastRandomUIntScalar1":{"Value":4150810946,"SourceTimestamp":"2024-04-27T18:36:43.8493509Z","ServerTimestamp":"2024-04-27T18:36:43.8493543Z"},"nsu=http://opcfoundation.org/UA/Plc/Applications;s=FastRandomUIntScalar2":{"Value":2748520056,"SourceTimestamp":"2024-04-27T18:36:43.8493574Z","ServerTimestamp":"2024-04-27T18:36:43.8493622Z"},"nsu=http://opcfoundation.org/UA/Plc/Applications;s=FastRandomUIntScalar3":{"Value":1155997113,"SourceTimestamp":"2024-04-27T18:36:43.8493646Z","ServerTimestamp":"2024-04-27T18:36:43.8493666Z"},"nsu=http://opcfoundation.org/UA/Plc/Applications;s=SpikeData":{"Value":1000,"SourceTimestamp":"2024-04-27T18:36:44.6528903Z","ServerTimestamp":"2024-04-27T18:36:44.6529271Z"}}