{"nsu=http://opcfoundation.org/UA/Plc/Applications;s=StepUp":{"Value":1138,"SourceTimestamp":"2024-04-27T18:36:46.6453847Z","ServerTimestamp":"2024-04-27T18:36:46.6453859Z"},"nsu=http://opcfoundation.org/UA/Plc/Applications;s=RandomSignedInt32":{"Value":118412945,"SourceTimestamp":"2024-04-27T18:36:46.6453825Z","ServerTimestamp":"2024-04-27T18:36:46.6453835Z"},"nsu=http://opcfoundation.org/UA/Plc/Applications;s=RandomUnsignedInt32":{"Value":653845123,"SourceTimestamp":"2024-04-27T18:36:46.6453388Z","ServerTimestamp":"2024-04-27T18:36:46.6453419Z"},"nsu=http://opcfoundation.org/UA/Plc/Applications;s=DipData":{"Value":99.80267284282715,"SourceTimestamp":"2024-04-27T18:36:46.6453743Z","ServerTimestamp":"2024-04-27T18:36:46.6453765Z"},"nsu=http://opcfoundation.org/UA/Plc/Applications;s=FastUIntScalar1":{"Value":113,"SourceTimestamp":"2024-04-27T18:36:45.8400837Z","ServerTimestamp":"2024-04-27T18:36:45.8401105Z"},"nsu=http://opcfoundation.org/UA/Plc/Applications;s=FastUIntScalar2":{"Value":113,"SourceTimestamp":"2024-04-27T18:36:45.8401132Z","ServerTimestamp":"2024-04-27T18:36:45.8401164Z"},"nsu=http://opcfoundation.org/UA/Plc/Applications;s=FastUIntScalar3":{"Value":113,"SourceTimestamp":"2024-04-27T18:36:45.8401186Z","ServerTimestamp":"2024-04-27T18:36:45.8401218Z"},"nsu=http://opcfoundation.org/UA/Plc/Applications;s=FastRandomUIntScalar1":{"Value":2529901424,"SourceTimestamp":"2024-04-27T18:36:45.8400873Z","ServerTimestamp":"2024-04-27T18:36:45.8401071Z"},"nsu=http://opcfoundation.org/UA/Plc/Applications;s=FastRandomUIntScalar2":{"Value":2546293783,"SourceTimestamp":"2024-04-27T18:36:45.8401105Z","ServerTimestamp":"2024-04-27T18:36:45.8401138Z"},"nsu=http://opcfoundation.org/UA/Plc/Applications;s=FastRandomUIntScalar3":{"Value":2235005365,"SourceTimestamp":"2024-04-27T18:36:45.840116Z","ServerTimestamp":"2024-04-27T18:36:45.8401193Z"},"nsu=http://opcfoundation.org/UA/Plc/Applications;s=SpikeData":{"Value":99.80267284282715,"SourceTimestamp":"2024-04-27T18:36:46.645394Z","ServerTimestamp":"2024-04-27T18:36:46.6453947Z"}}