{"nsu=http://opcfoundation.org/UA/Plc/Applications;s=SlowUIntScalar1":{"Value":1,"SourceTimestamp":"2024-04-27T18:35:02.8502431Z","ServerTimestamp":"2024-04-27T18:35:02.8502461Z"},"nsu=http://opcfoundation.org/UA/Plc/Applications;s=SlowUIntScalar2":{"Value":1,"SourceTimestamp":"2024-04-27T18:35:02.8502564Z","ServerTimestamp":"2024-04-27T18:35:02.8502571Z"},"nsu=http://opcfoundation.org/UA/Plc/Applications;s=SlowUIntScalar3":{"Value":1,"SourceTimestamp":"2024-04-27T18:35:02.8502586Z","ServerTimestamp":"2024-04-27T18:35:02.8502591Z"},"nsu=http://opcfoundation.org/UA/Plc/Applications;s=BadSlowUIntScalar1":{"Value":1,"SourceTimestamp":"2024-04-27T18:35:02.8502604Z","ServerTimestamp":"2024-04-27T18:35:02.8502614Z"},"nsu=http://opcfoundation.org/UA/Plc/Applications;s=SlowRandomUIntScalar1":{"Value":2284805501,"SourceTimestamp":"2024-04-27T18:35:02.8503245Z","ServerTimestamp":"2024-04-27T18:35:02.8503251Z"},"nsu=http://opcfoundation.org/UA/Plc/Applications;s=SlowRandomUIntScalar2":{"Value":177009098,"SourceTimestamp":"2024-04-27T18:35:02.850326Z","ServerTimestamp":"2024-04-27T18:35:02.8503265Z"},"nsu=http://opcfoundation.org/UA/Plc/Applications;s=SlowRandomUIntScalar3":{"Value":3029931018,"SourceTimestamp":"2024-04-27T18:35:02.8503276Z","ServerTimestamp":"2024-04-27T18:35:02.8503283Z"},"nsu=http://opcfoundation.org/UA/Plc/Applications;s=BadSlowRandomUIntScalar1":{"Value":1218862045,"SourceTimestamp":"2024-04-27T18:35:02.8503296Z","ServerTimestamp":"2024-04-27T18:35:02.8503301Z"}}