{"nsu=http://opcfoundation.org/UA/Plc/Applications;s=StepUp":{"Value":118,"SourceTimestamp":"2024-04-27T18:35:04.6420743Z","ServerTimestamp":"2024-04-27T18:35:04.6420799Z"},"nsu=http://opcfoundation.org/UA/Plc/Applications;s=RandomSignedInt32":{"Value":-1367295412,"SourceTimestamp":"2024-04-27T18:35:04.6420383Z","ServerTimestamp":"2024-04-27T18:35:04.6420609Z"},"nsu=http://opcfoundation.org/UA/Plc/Applications;s=RandomUnsignedInt32":{"Value":1338277203,"SourceTimestamp":"2024-04-27T18:35:04.641992Z","ServerTimestamp":"2024-04-27T18:35:04.6419959Z"},"nsu=http://opcfoundation.org/UA/Plc/Applications;s=DipData":{"Value":-84.432792550201526,"SourceTimestamp":"2024-04-27T18:35:04.642036Z","ServerTimestamp":"2024-04-27T18:35:04.6420404Z"},"nsu=http://opcfoundation.org/UA/Plc/Applications;s=FastUIntScalar1":{"Value":11,"SourceTimestamp":"2024-04-27T18:35:03.8417002Z","ServerTimestamp":"2024-04-27T18:35:03.8417013Z"},"nsu=http://opcfoundation.org/UA/Plc/Applications;s=FastUIntScalar2":{"Value":11,"SourceTimestamp":"2024-04-27T18:35:03.8417037Z","ServerTimestamp":"2024-04-27T18:35:03.8417083Z"},"nsu=http://opcfoundation.org/UA/Plc/Applications;s=FastUIntScalar3":{"Value":11,"SourceTimestamp":"2024-04-27T18:35:03.8417139Z","ServerTimestamp":"2024-04-27T18:35:03.8417161Z"},"nsu=http://opcfoundation.org/UA/Plc/Applications;s=FastRandomUIntScalar1":{"Value":204585626,"SourceTimestamp":"2024-04-27T18:35:03.8417106Z","ServerTimestamp":"2024-04-27T18:35:03.8417118Z"},"nsu=http://opcfoundation.org/UA/Plc/Applications;s=FastRandomUIntScalar2":{"Value":377078900,"SourceTimestamp":"2024-04-27T18:35:03.8417162Z","ServerTimestamp":"2024-04-27T18:35:03.8417172Z"},"nsu=http://opcfoundation.org/UA/Plc/Applications;s=FastRandomUIntScalar3":{"Value":2173025953,"SourceTimestamp":"2024-04-27T18:35:03.8417188Z","ServerTimestamp":"2024-04-27T18:35:03.8417196Z"},"nsu=http://opcfoundation.org/UA/Plc/Applications;s=SpikeData":{"Value":-84.432792550201526,"SourceTimestamp":"2024-04-27T18:35:04.6420639Z","ServerTimestamp":"2024-04-27T18:35:04.6421286Z"}}