{"nsu=http://opcfoundation.org/UA/Plc/Applications;s=StepUp":{"Value":168,"SourceTimestamp":"2024-04-27T18:35:09.6492863Z","ServerTimestamp":"2024-04-27T18:35:09.6492886Z"},"nsu=http://opcfoundation.org/UA/Plc/Applications;s=RandomSignedInt32":{"Value":-182939475,"SourceTimestamp":"2024-04-27T18:35:09.6492206Z","ServerTimestamp":"2024-04-27T18:35:09.6492262Z"},"nsu=http://opcfoundation.org/UA/Plc/Applications;s=RandomUnsignedInt32":{"Value":484778521,"SourceTimestamp":"2024-04-27T18:35:09.6492563Z","ServerTimestamp":"2024-04-27T18:35:09.649261Z"},"nsu=http://opcfoundation.org/UA/Plc/Applications;s=DipData":{"Value":-84.432792550201526,"SourceTimestamp":"2024-04-27T18:35:09.6492346Z","ServerTimestamp":"2024-04-27T18:35:09.6492426Z"},"nsu=http://opcfoundation.org/UA/Plc/Applications;s=FastUIntScalar1":{"Value":16,"SourceTimestamp":"2024-04-27T18:35:08.841564Z","ServerTimestamp":"2024-04-27T18:35:08.8415681Z"},"nsu=http://opcfoundation.org/UA/Plc/Applications;s=FastUIntScalar2":{"Value":16,"SourceTimestamp":"2024-04-27T18:35:08.841571Z","ServerTimestamp":"2024-04-27T18:35:08.8415717Z"},"nsu=http://opcfoundation.org/UA/Plc/Applications;s=FastUIntScalar3":{"Value":16,"SourceTimestamp":"2024-04-27T18:35:08.8415737Z","ServerTimestamp":"2024-04-27T18:35:08.8415801Z"},"nsu=http://opcfoundation.org/UA/Plc/Applications;s=FastRandomUIntScalar1":{"Value":809914047,"SourceTimestamp":"2024-04-27T18:35:08.8415641Z","ServerTimestamp":"2024-04-27T18:35:08.8415652Z"},"nsu=http://opcfoundation.org/UA/Plc/Applications;s=FastRandomUIntScalar2":{"Value":854661225,"SourceTimestamp":"2024-04-27T18:35:08.8415679Z","ServerTimestamp":"2024-04-27T18:35:08.8415706Z"},"nsu=http://opcfoundation.org/UA/Plc/Applications;s=FastRandomUIntScalar3":{"Value":2445640055,"SourceTimestamp":"2024-04-27T18:35:08.8415718Z","ServerTimestamp":"2024-04-27T18:35:08.8415819Z"},"nsu=http://opcfoundation.org/UA/Plc/Applications;s=SpikeData":{"Value":-84.432792550201526,"SourceTimestamp":"2024-04-27T18:35:09.6492836Z","ServerTimestamp":"2024-04-27T18:35:09.6492853Z"}}