{"nsu=http://opcfoundation.org/UA/Plc/Applications;s=StepUp":{"Value":188,"SourceTimestamp":"2024-04-27T18:35:11.6421183Z","ServerTimestamp":"2024-04-27T18:35:11.6421277Z"},"nsu=http://opcfoundation.org/UA/Plc/Applications;s=RandomSignedInt32":{"Value":-389789047,"SourceTimestamp":"2024-04-27T18:35:11.6421169Z","ServerTimestamp":"2024-04-27T18:35:11.6421182Z"},"nsu=http://opcfoundation.org/UA/Plc/Applications;s=RandomUnsignedInt32":{"Value":1360683837,"SourceTimestamp":"2024-04-27T18:35:11.6420773Z","ServerTimestamp":"2024-04-27T18:35:11.6420813Z"},"nsu=http://opcfoundation.org/UA/Plc/Applications;s=DipData":{"Value":99.80267284282715,"SourceTimestamp":"2024-04-27T18:35:11.6420621Z","ServerTimestamp":"2024-04-27T18:35:11.6420666Z"},"nsu=http://opcfoundation.org/UA/Plc/Applications;s=FastUIntScalar1":{"Value":18,"SourceTimestamp":"2024-04-27T18:35:10.8432078Z","ServerTimestamp":"2024-04-27T18:35:10.8432167Z"},"nsu=http://opcfoundation.org/UA/Plc/Applications;s=FastUIntScalar2":{"Value":18,"SourceTimestamp":"2024-04-27T18:35:10.8432193Z","ServerTimestamp":"2024-04-27T18:35:10.8432198Z"},"nsu=http://opcfoundation.org/UA/Plc/Applications;s=FastUIntScalar3":{"Value":18,"SourceTimestamp":"2024-04-27T18:35:10.8432214Z","ServerTimestamp":"2024-04-27T18:35:10.8432218Z"},"nsu=http://opcfoundation.org/UA/Plc/Applications;s=FastRandomUIntScalar1":{"Value":3961175029,"SourceTimestamp":"2024-04-27T18:35:10.8432077Z","ServerTimestamp":"2024-04-27T18:35:10.8432087Z"},"nsu=http://opcfoundation.org/UA/Plc/Applications;s=FastRandomUIntScalar2":{"Value":2813634290,"SourceTimestamp":"2024-04-27T18:35:10.8432105Z","ServerTimestamp":"2024-04-27T18:35:10.8432114Z"},"nsu=http://opcfoundation.org/UA/Plc/Applications;s=FastRandomUIntScalar3":{"Value":3333928589,"SourceTimestamp":"2024-04-27T18:35:10.8432128Z","ServerTimestamp":"2024-04-27T18:35:10.8432135Z"},"nsu=http://opcfoundation.org/UA/Plc/Applications;s=SpikeData":{"Value":99.80267284282715,"SourceTimestamp":"2024-04-27T18:35:11.6421396Z","ServerTimestamp":"2024-04-27T18:35:11.6421419Z"}}