{"nsu=http://opcfoundation.org/UA/Plc/Applications;s=StepUp":{"Value":18,"SourceTimestamp":"2024-04-27T18:34:54.6441064Z","ServerTimestamp":"2024-04-27T18:34:54.6441094Z"},"nsu=http://opcfoundation.org/UA/Plc/Applications;s=AlternatingBoolean":{"Value":true,"SourceTimestamp":"2024-04-27T18:34:53.6397311Z","ServerTimestamp":"2024-04-27T18:34:53.7232039Z"},"nsu=http://opcfoundation.org/UA/Plc/Applications;s=RandomSignedInt32":{"Value":94833826,"SourceTimestamp":"2024-04-27T18:34:54.6440983Z","ServerTimestamp":"2024-04-27T18:34:54.6441024Z"},"nsu=http://opcfoundation.org/UA/Plc/Applications;s=RandomUnsignedInt32":{"Value":1792166895,"SourceTimestamp":"2024-04-27T18:34:54.64408Z","ServerTimestamp":"2024-04-27T18:34:54.6440827Z"},"nsu=http://opcfoundation.org/UA/Plc/Applications;s=DipData":{"Value":-84.432792550201526,"SourceTimestamp":"2024-04-27T18:34:54.6441239Z","ServerTimestamp":"2024-04-27T18:34:54.6441251Z"},"nsu=http://opcfoundation.org/UA/Plc/Applications;s=FastUIntScalar1":{"Value":1,"SourceTimestamp":"2024-04-27T18:34:53.8980711Z","ServerTimestamp":"2024-04-27T18:34:53.8980784Z"},"nsu=http://opcfoundation.org/UA/Plc/Applications;s=FastUIntScalar2":{"Value":1,"SourceTimestamp":"2024-04-27T18:34:53.8980817Z","ServerTimestamp":"2024-04-27T18:34:53.8980824Z"},"nsu=http://opcfoundation.org/UA/Plc/Applications;s=FastUIntScalar3":{"Value":1,"SourceTimestamp":"2024-04-27T18:34:53.8980839Z","ServerTimestamp":"2024-04-27T18:34:53.8980843Z"},"nsu=http://opcfoundation.org/UA/Plc/Applications;s=FastRandomUIntScalar1":{"Value":1644199451,"SourceTimestamp":"2024-04-27T18:34:53.8980653Z","ServerTimestamp":"2024-04-27T18:34:53.8980748Z"},"nsu=http://opcfoundation.org/UA/Plc/Applications;s=FastRandomUIntScalar2":{"Value":2943250478,"SourceTimestamp":"2024-04-27T18:34:53.8980782Z","ServerTimestamp":"2024-04-27T18:34:53.8980814Z"},"nsu=http://opcfoundation.org/UA/Plc/Applications;s=FastRandomUIntScalar3":{"Value":951312415,"SourceTimestamp":"2024-04-27T18:34:53.8980863Z","ServerTimestamp":"2024-04-27T18:34:53.8980869Z"},"nsu=http://opcfoundation.org/UA/Plc/Applications;s=NegativeTrendData":{"Value":100,"SourceTimestamp":"2024-04-27T18:34:53.6397486Z","ServerTimestamp":"2024-04-27T18:34:53.7232164Z"},"nsu=http://opcfoundation.org/UA/Plc/Applications;s=PositiveTrendData":{"Value":100,"SourceTimestamp":"2024-04-27T18:34:53.6397549Z","ServerTimestamp":"2024-04-27T18:34:53.7232174Z"},"nsu=http://opcfoundation.org/UA/Plc/Applications;s=SpikeData":{"Value":-84.432792550201526,"SourceTimestamp":"2024-04-27T18:34:54.6440901Z","ServerTimestamp":"2024-04-27T18:34:54.6440932Z"}}