{"nsu=http://opcfoundation.org/UA/Plc/Applications;s=SlowUIntScalar1":{"Value":2,"SourceTimestamp":"2024-04-27T18:35:12.8484189Z","ServerTimestamp":"2024-04-27T18:35:12.8484227Z"},"nsu=http://opcfoundation.org/UA/Plc/Applications;s=SlowUIntScalar2":{"Value":2,"SourceTimestamp":"2024-04-27T18:35:12.8484352Z","ServerTimestamp":"2024-04-27T18:35:12.8484361Z"},"nsu=http://opcfoundation.org/UA/Plc/Applications;s=SlowUIntScalar3":{"Value":2,"SourceTimestamp":"2024-04-27T18:35:12.8484375Z","ServerTimestamp":"2024-04-27T18:35:12.8484383Z"},"nsu=http://opcfoundation.org/UA/Plc/Applications;s=BadSlowUIntScalar1":{"Value":2,"SourceTimestamp":"2024-04-27T18:35:12.8484402Z","ServerTimestamp":"2024-04-27T18:35:12.8484417Z"},"nsu=http://opcfoundation.org/UA/Plc/Applications;s=SlowRandomUIntScalar1":{"Value":2249330913,"SourceTimestamp":"2024-04-27T18:35:12.8484601Z","ServerTimestamp":"2024-04-27T18:35:12.8484888Z"},"nsu=http://opcfoundation.org/UA/Plc/Applications;s=SlowRandomUIntScalar2":{"Value":862377573,"SourceTimestamp":"2024-04-27T18:35:12.8484916Z","ServerTimestamp":"2024-04-27T18:35:12.8485016Z"},"nsu=http://opcfoundation.org/UA/Plc/Applications;s=SlowRandomUIntScalar3":{"Value":2432943103,"SourceTimestamp":"2024-04-27T18:35:12.8485042Z","ServerTimestamp":"2024-04-27T18:35:12.8485064Z"},"nsu=http://opcfoundation.org/UA/Plc/Applications;s=BadSlowRandomUIntScalar1":{"Value":2460857527,"SourceTimestamp":"2024-04-27T18:35:12.8485087Z","ServerTimestamp":"2024-04-27T18:35:12.8485112Z"}}