{"nsu=http://opcfoundation.org/UA/Plc/Applications;s=StepUp":{"Value":218,"SourceTimestamp":"2024-04-27T18:35:14.6425476Z","ServerTimestamp":"2024-04-27T18:35:14.6425648Z"},"nsu=http://opcfoundation.org/UA/Plc/Applications;s=RandomSignedInt32":{"Value":348245274,"SourceTimestamp":"2024-04-27T18:35:14.6425354Z","ServerTimestamp":"2024-04-27T18:35:14.6425375Z"},"nsu=http://opcfoundation.org/UA/Plc/Applications;s=RandomUnsignedInt32":{"Value":124867320,"SourceTimestamp":"2024-04-27T18:35:14.6424881Z","ServerTimestamp":"2024-04-27T18:35:14.6424916Z"},"nsu=http://opcfoundation.org/UA/Plc/Applications;s=DipData":{"Value":-84.432792550201526,"SourceTimestamp":"2024-04-27T18:35:14.6425364Z","ServerTimestamp":"2024-04-27T18:35:14.6425449Z"},"nsu=http://opcfoundation.org/UA/Plc/Applications;s=FastUIntScalar1":{"Value":21,"SourceTimestamp":"2024-04-27T18:35:13.837421Z","ServerTimestamp":"2024-04-27T18:35:13.8374236Z"},"nsu=http://opcfoundation.org/UA/Plc/Applications;s=FastUIntScalar2":{"Value":21,"SourceTimestamp":"2024-04-27T18:35:13.8374392Z","ServerTimestamp":"2024-04-27T18:35:13.8374398Z"},"nsu=http://opcfoundation.org/UA/Plc/Applications;s=FastUIntScalar3":{"Value":21,"SourceTimestamp":"2024-04-27T18:35:13.837441Z","ServerTimestamp":"2024-04-27T18:35:13.8374484Z"},"nsu=http://opcfoundation.org/UA/Plc/Applications;s=FastRandomUIntScalar1":{"Value":2521481741,"SourceTimestamp":"2024-04-27T18:35:13.8374401Z","ServerTimestamp":"2024-04-27T18:35:13.837442Z"},"nsu=http://opcfoundation.org/UA/Plc/Applications;s=FastRandomUIntScalar2":{"Value":3472841855,"SourceTimestamp":"2024-04-27T18:35:13.8374487Z","ServerTimestamp":"2024-04-27T18:35:13.8374495Z"},"nsu=http://opcfoundation.org/UA/Plc/Applications;s=FastRandomUIntScalar3":{"Value":4265948541,"SourceTimestamp":"2024-04-27T18:35:13.8374506Z","ServerTimestamp":"2024-04-27T18:35:13.8374511Z"},"nsu=http://opcfoundation.org/UA/Plc/Applications;s=SpikeData":{"Value":-84.432792550201526,"SourceTimestamp":"2024-04-27T18:35:14.6425601Z","ServerTimestamp":"2024-04-27T18:35:14.6425615Z"}}