{"nsu=http://opcfoundation.org/UA/Plc/Applications;s=StepUp":{"Value":28,"SourceTimestamp":"2024-04-27T18:34:55.6424136Z","ServerTimestamp":"2024-04-27T18:34:55.6424167Z"},"nsu=http://opcfoundation.org/UA/Plc/Applications;s=RandomSignedInt32":{"Value":-1524951177,"SourceTimestamp":"2024-04-27T18:34:55.6424007Z","ServerTimestamp":"2024-04-27T18:34:55.642405Z"},"nsu=http://opcfoundation.org/UA/Plc/Applications;s=RandomUnsignedInt32":{"Value":882829592,"SourceTimestamp":"2024-04-27T18:34:55.6423899Z","ServerTimestamp":"2024-04-27T18:34:55.6423931Z"},"nsu=http://opcfoundation.org/UA/Plc/Applications;s=DipData":{"Value":24.868988716485482,"SourceTimestamp":"2024-04-27T18:34:55.6424004Z","ServerTimestamp":"2024-04-27T18:34:55.6424122Z"},"nsu=http://opcfoundation.org/UA/Plc/Applications;s=FastUIntScalar1":{"Value":2,"SourceTimestamp":"2024-04-27T18:34:54.8446082Z","ServerTimestamp":"2024-04-27T18:34:54.8446111Z"},"nsu=http://opcfoundation.org/UA/Plc/Applications;s=FastUIntScalar2":{"Value":2,"SourceTimestamp":"2024-04-27T18:34:54.8446131Z","ServerTimestamp":"2024-04-27T18:34:54.8446167Z"},"nsu=http://opcfoundation.org/UA/Plc/Applications;s=FastUIntScalar3":{"Value":2,"SourceTimestamp":"2024-04-27T18:34:54.844622Z","ServerTimestamp":"2024-04-27T18:34:54.8446226Z"},"nsu=http://opcfoundation.org/UA/Plc/Applications;s=FastRandomUIntScalar1":{"Value":3531392108,"SourceTimestamp":"2024-04-27T18:34:54.844609Z","ServerTimestamp":"2024-04-27T18:34:54.8446131Z"},"nsu=http://opcfoundation.org/UA/Plc/Applications;s=FastRandomUIntScalar2":{"Value":78970393,"SourceTimestamp":"2024-04-27T18:34:54.844617Z","ServerTimestamp":"2024-04-27T18:34:54.8446177Z"},"nsu=http://opcfoundation.org/UA/Plc/Applications;s=FastRandomUIntScalar3":{"Value":3821307035,"SourceTimestamp":"2024-04-27T18:34:54.8446188Z","ServerTimestamp":"2024-04-27T18:34:54.8446192Z"},"nsu=http://opcfoundation.org/UA/Plc/Applications;s=SpikeData":{"Value":24.868988716485482,"SourceTimestamp":"2024-04-27T18:34:55.6424252Z","ServerTimestamp":"2024-04-27T18:34:55.6424302Z"}}