{"nsu=http://opcfoundation.org/UA/Plc/Applications;s=StepUp":{"Value":338,"SourceTimestamp":"2024-04-27T18:35:26.6455464Z","ServerTimestamp":"2024-04-27T18:35:26.6455481Z"},"nsu=http://opcfoundation.org/UA/Plc/Applications;s=RandomSignedInt32":{"Value":2016984589,"SourceTimestamp":"2024-04-27T18:35:26.6455497Z","ServerTimestamp":"2024-04-27T18:35:26.6456184Z"},"nsu=http://opcfoundation.org/UA/Plc/Applications;s=RandomUnsignedInt32":{"Value":2029058182,"SourceTimestamp":"2024-04-27T18:35:26.6455295Z","ServerTimestamp":"2024-04-27T18:35:26.6455319Z"},"nsu=http://opcfoundation.org/UA/Plc/Applications;s=DipData":{"Value":99.80267284282715,"SourceTimestamp":"2024-04-27T18:35:26.6455464Z","ServerTimestamp":"2024-04-27T18:35:26.6455889Z"},"nsu=http://opcfoundation.org/UA/Plc/Applications;s=FastUIntScalar1":{"Value":33,"SourceTimestamp":"2024-04-27T18:35:25.8391028Z","ServerTimestamp":"2024-04-27T18:35:25.8391046Z"},"nsu=http://opcfoundation.org/UA/Plc/Applications;s=FastUIntScalar2":{"Value":33,"SourceTimestamp":"2024-04-27T18:35:25.8391072Z","ServerTimestamp":"2024-04-27T18:35:25.8391077Z"},"nsu=http://opcfoundation.org/UA/Plc/Applications;s=FastUIntScalar3":{"Value":33,"SourceTimestamp":"2024-04-27T18:35:25.8391087Z","ServerTimestamp":"2024-04-27T18:35:25.8391091Z"},"nsu=http://opcfoundation.org/UA/Plc/Applications;s=FastRandomUIntScalar1":{"Value":4208257868,"SourceTimestamp":"2024-04-27T18:35:25.839112Z","ServerTimestamp":"2024-04-27T18:35:25.8391134Z"},"nsu=http://opcfoundation.org/UA/Plc/Applications;s=FastRandomUIntScalar2":{"Value":1762647102,"SourceTimestamp":"2024-04-27T18:35:25.8391176Z","ServerTimestamp":"2024-04-27T18:35:25.8391182Z"},"nsu=http://opcfoundation.org/UA/Plc/Applications;s=FastRandomUIntScalar3":{"Value":389185741,"SourceTimestamp":"2024-04-27T18:35:25.8391195Z","ServerTimestamp":"2024-04-27T18:35:25.83912Z"},"nsu=http://opcfoundation.org/UA/Plc/Applications;s=SpikeData":{"Value":99.80267284282715,"SourceTimestamp":"2024-04-27T18:35:26.6455797Z","ServerTimestamp":"2024-04-27T18:35:26.6455807Z"}}