{"nsu=http://opcfoundation.org/UA/Plc/Applications;s=StepUp":{"Value":378,"SourceTimestamp":"2024-04-27T18:35:30.6468172Z","ServerTimestamp":"2024-04-27T18:35:30.646824Z"},"nsu=http://opcfoundation.org/UA/Plc/Applications;s=RandomSignedInt32":{"Value":294342477,"SourceTimestamp":"2024-04-27T18:35:30.6468087Z","ServerTimestamp":"2024-04-27T18:35:30.6468094Z"},"nsu=http://opcfoundation.org/UA/Plc/Applications;s=RandomUnsignedInt32":{"Value":841298930,"SourceTimestamp":"2024-04-27T18:35:30.6467942Z","ServerTimestamp":"2024-04-27T18:35:30.6467969Z"},"nsu=http://opcfoundation.org/UA/Plc/Applications;s=DipData":{"Value":24.868988716485482,"SourceTimestamp":"2024-04-27T18:35:30.6468152Z","ServerTimestamp":"2024-04-27T18:35:30.6468176Z"},"nsu=http://opcfoundation.org/UA/Plc/Applications;s=FastUIntScalar1":{"Value":37,"SourceTimestamp":"2024-04-27T18:35:29.8395133Z","ServerTimestamp":"2024-04-27T18:35:29.8395147Z"},"nsu=http://opcfoundation.org/UA/Plc/Applications;s=FastUIntScalar2":{"Value":37,"SourceTimestamp":"2024-04-27T18:35:29.8395187Z","ServerTimestamp":"2024-04-27T18:35:29.8395202Z"},"nsu=http://opcfoundation.org/UA/Plc/Applications;s=FastUIntScalar3":{"Value":37,"SourceTimestamp":"2024-04-27T18:35:29.8395215Z","ServerTimestamp":"2024-04-27T18:35:29.8395266Z"},"nsu=http://opcfoundation.org/UA/Plc/Applications;s=FastRandomUIntScalar1":{"Value":2748688502,"SourceTimestamp":"2024-04-27T18:35:29.8395061Z","ServerTimestamp":"2024-04-27T18:35:29.8395083Z"},"nsu=http://opcfoundation.org/UA/Plc/Applications;s=FastRandomUIntScalar2":{"Value":3373043231,"SourceTimestamp":"2024-04-27T18:35:29.8395156Z","ServerTimestamp":"2024-04-27T18:35:29.8395185Z"},"nsu=http://opcfoundation.org/UA/Plc/Applications;s=FastRandomUIntScalar3":{"Value":788740750,"SourceTimestamp":"2024-04-27T18:35:29.8395205Z","ServerTimestamp":"2024-04-27T18:35:29.839525Z"},"nsu=http://opcfoundation.org/UA/Plc/Applications;s=SpikeData":{"Value":24.868988716485482,"SourceTimestamp":"2024-04-27T18:35:30.646827Z","ServerTimestamp":"2024-04-27T18:35:30.6468277Z"}}