{"nsu=http://opcfoundation.org/UA/Plc/Applications;s=StepUp":{"Value":418,"SourceTimestamp":"2024-04-27T18:35:34.6404925Z","ServerTimestamp":"2024-04-27T18:35:34.6405221Z"},"nsu=http://opcfoundation.org/UA/Plc/Applications;s=RandomSignedInt32":{"Value":133760128,"SourceTimestamp":"2024-04-27T18:35:34.6404799Z","ServerTimestamp":"2024-04-27T18:35:34.640481Z"},"nsu=http://opcfoundation.org/UA/Plc/Applications;s=RandomUnsignedInt32":{"Value":1112907213,"SourceTimestamp":"2024-04-27T18:35:34.6404375Z","ServerTimestamp":"2024-04-27T18:35:34.6404411Z"},"nsu=http://opcfoundation.org/UA/Plc/Applications;s=DipData":{"Value":-84.432792550201526,"SourceTimestamp":"2024-04-27T18:35:34.6404434Z","ServerTimestamp":"2024-04-27T18:35:34.6404555Z"},"nsu=http://opcfoundation.org/UA/Plc/Applications;s=FastUIntScalar1":{"Value":41,"SourceTimestamp":"2024-04-27T18:35:33.8460195Z","ServerTimestamp":"2024-04-27T18:35:33.8460226Z"},"nsu=http://opcfoundation.org/UA/Plc/Applications;s=FastUIntScalar2":{"Value":41,"SourceTimestamp":"2024-04-27T18:35:33.8460346Z","ServerTimestamp":"2024-04-27T18:35:33.8460353Z"},"nsu=http://opcfoundation.org/UA/Plc/Applications;s=FastUIntScalar3":{"Value":41,"SourceTimestamp":"2024-04-27T18:35:33.8460371Z","ServerTimestamp":"2024-04-27T18:35:33.8460379Z"},"nsu=http://opcfoundation.org/UA/Plc/Applications;s=FastRandomUIntScalar1":{"Value":2602542196,"SourceTimestamp":"2024-04-27T18:35:33.8460752Z","ServerTimestamp":"2024-04-27T18:35:33.8460793Z"},"nsu=http://opcfoundation.org/UA/Plc/Applications;s=FastRandomUIntScalar2":{"Value":639849,"SourceTimestamp":"2024-04-27T18:35:33.8460926Z","ServerTimestamp":"2024-04-27T18:35:33.846094Z"},"nsu=http://opcfoundation.org/UA/Plc/Applications;s=FastRandomUIntScalar3":{"Value":3727608306,"SourceTimestamp":"2024-04-27T18:35:33.8460968Z","ServerTimestamp":"2024-04-27T18:35:33.8460979Z"},"nsu=http://opcfoundation.org/UA/Plc/Applications;s=SpikeData":{"Value":-84.432792550201526,"SourceTimestamp":"2024-04-27T18:35:34.6405068Z","ServerTimestamp":"2024-04-27T18:35:34.6405266Z"}}