{"nsu=http://opcfoundation.org/UA/Plc/Applications;s=StepUp":{"Value":458,"SourceTimestamp":"2024-04-27T18:35:38.6483997Z","ServerTimestamp":"2024-04-27T18:35:38.6484026Z"},"nsu=http://opcfoundation.org/UA/Plc/Applications;s=AlternatingBoolean":{"Value":false,"SourceTimestamp":"2024-04-27T18:35:37.9511133Z","ServerTimestamp":"2024-04-27T18:35:37.951117Z"},"nsu=http://opcfoundation.org/UA/Plc/Applications;s=RandomSignedInt32":{"Value":892288947,"SourceTimestamp":"2024-04-27T18:35:38.6483988Z","ServerTimestamp":"2024-04-27T18:35:38.6483996Z"},"nsu=http://opcfoundation.org/UA/Plc/Applications;s=RandomUnsignedInt32":{"Value":1001928781,"SourceTimestamp":"2024-04-27T18:35:38.6483646Z","ServerTimestamp":"2024-04-27T18:35:38.6483764Z"},"nsu=http://opcfoundation.org/UA/Plc/Applications;s=DipData":{"Value":-77.0513242775789,"SourceTimestamp":"2024-04-27T18:35:38.6483646Z","ServerTimestamp":"2024-04-27T18:35:38.6483668Z"},"nsu=http://opcfoundation.org/UA/Plc/Applications;s=FastUIntScalar1":{"Value":45,"SourceTimestamp":"2024-04-27T18:35:37.843133Z","ServerTimestamp":"2024-04-27T18:35:37.8431539Z"},"nsu=http://opcfoundation.org/UA/Plc/Applications;s=FastUIntScalar2":{"Value":45,"SourceTimestamp":"2024-04-27T18:35:37.8431559Z","ServerTimestamp":"2024-04-27T18:35:37.8431578Z"},"nsu=http://opcfoundation.org/UA/Plc/Applications;s=FastUIntScalar3":{"Value":45,"SourceTimestamp":"2024-04-27T18:35:37.8431591Z","ServerTimestamp":"2024-04-27T18:35:37.8431609Z"},"nsu=http://opcfoundation.org/UA/Plc/Applications;s=FastRandomUIntScalar1":{"Value":3373069030,"SourceTimestamp":"2024-04-27T18:35:37.8431477Z","ServerTimestamp":"2024-04-27T18:35:37.8431491Z"},"nsu=http://opcfoundation.org/UA/Plc/Applications;s=FastRandomUIntScalar2":{"Value":1657538721,"SourceTimestamp":"2024-04-27T18:35:37.8431536Z","ServerTimestamp":"2024-04-27T18:35:37.8431558Z"},"nsu=http://opcfoundation.org/UA/Plc/Applications;s=FastRandomUIntScalar3":{"Value":3609951416,"SourceTimestamp":"2024-04-27T18:35:37.843158Z","ServerTimestamp":"2024-04-27T18:35:37.8431592Z"},"nsu=http://opcfoundation.org/UA/Plc/Applications;s=NegativeTrendData":{"Value":99.799999999999997,"SourceTimestamp":"2024-04-27T18:35:37.9510982Z","ServerTimestamp":"2024-04-27T18:35:37.951104Z"},"nsu=http://opcfoundation.org/UA/Plc/Applications;s=PositiveTrendData":{"Value":100.8,"SourceTimestamp":"2024-04-27T18:35:37.9511086Z","ServerTimestamp":"2024-04-27T18:35:37.9511112Z"},"nsu=http://opcfoundation.org/UA/Plc/Applications;s=SpikeData":{"Value":-77.0513242775789,"SourceTimestamp":"2024-04-27T18:35:38.6483967Z","ServerTimestamp":"2024-04-27T18:35:38.6483973Z"}}