{"nsu=http://opcfoundation.org/UA/Plc/Applications;s=StepUp":{"Value":488,"SourceTimestamp":"2024-04-27T18:35:41.6383753Z","ServerTimestamp":"2024-04-27T18:35:41.6383848Z"},"nsu=http://opcfoundation.org/UA/Plc/Applications;s=RandomSignedInt32":{"Value":-12802624,"SourceTimestamp":"2024-04-27T18:35:41.6383662Z","ServerTimestamp":"2024-04-27T18:35:41.6383677Z"},"nsu=http://opcfoundation.org/UA/Plc/Applications;s=RandomUnsignedInt32":{"Value":1782389941,"SourceTimestamp":"2024-04-27T18:35:41.6383162Z","ServerTimestamp":"2024-04-27T18:35:41.63832Z"},"nsu=http://opcfoundation.org/UA/Plc/Applications;s=DipData":{"Value":99.80267284282715,"SourceTimestamp":"2024-04-27T18:35:41.6383452Z","ServerTimestamp":"2024-04-27T18:35:41.6383484Z"},"nsu=http://opcfoundation.org/UA/Plc/Applications;s=FastUIntScalar1":{"Value":48,"SourceTimestamp":"2024-04-27T18:35:40.8490343Z","ServerTimestamp":"2024-04-27T18:35:40.8490393Z"},"nsu=http://opcfoundation.org/UA/Plc/Applications;s=FastUIntScalar2":{"Value":48,"SourceTimestamp":"2024-04-27T18:35:40.8490483Z","ServerTimestamp":"2024-04-27T18:35:40.8490509Z"},"nsu=http://opcfoundation.org/UA/Plc/Applications;s=FastUIntScalar3":{"Value":48,"SourceTimestamp":"2024-04-27T18:35:40.8490531Z","ServerTimestamp":"2024-04-27T18:35:40.8490541Z"},"nsu=http://opcfoundation.org/UA/Plc/Applications;s=FastRandomUIntScalar1":{"Value":820132121,"SourceTimestamp":"2024-04-27T18:35:40.8490276Z","ServerTimestamp":"2024-04-27T18:35:40.849029Z"},"nsu=http://opcfoundation.org/UA/Plc/Applications;s=FastRandomUIntScalar2":{"Value":2173734077,"SourceTimestamp":"2024-04-27T18:35:40.8490333Z","ServerTimestamp":"2024-04-27T18:35:40.8490371Z"},"nsu=http://opcfoundation.org/UA/Plc/Applications;s=FastRandomUIntScalar3":{"Value":2917510639,"SourceTimestamp":"2024-04-27T18:35:40.8490387Z","ServerTimestamp":"2024-04-27T18:35:40.8490489Z"},"nsu=http://opcfoundation.org/UA/Plc/Applications;s=SpikeData":{"Value":99.80267284282715,"SourceTimestamp":"2024-04-27T18:35:41.6383936Z","ServerTimestamp":"2024-04-27T18:35:41.6384259Z"}}