{"nsu=http://opcfoundation.org/UA/Plc/Applications;s=StepUp":{"Value":48,"SourceTimestamp":"2024-04-27T18:34:57.6390835Z","ServerTimestamp":"2024-04-27T18:34:57.6390888Z"},"nsu=http://opcfoundation.org/UA/Plc/Applications;s=RandomSignedInt32":{"Value":355104734,"SourceTimestamp":"2024-04-27T18:34:57.6390773Z","ServerTimestamp":"2024-04-27T18:34:57.6390787Z"},"nsu=http://opcfoundation.org/UA/Plc/Applications;s=RandomUnsignedInt32":{"Value":1878356869,"SourceTimestamp":"2024-04-27T18:34:57.6390408Z","ServerTimestamp":"2024-04-27T18:34:57.6390491Z"},"nsu=http://opcfoundation.org/UA/Plc/Applications;s=DipData":{"Value":36.812455268467801,"SourceTimestamp":"2024-04-27T18:34:57.6390272Z","ServerTimestamp":"2024-04-27T18:34:57.6390318Z"},"nsu=http://opcfoundation.org/UA/Plc/Applications;s=FastUIntScalar1":{"Value":4,"SourceTimestamp":"2024-04-27T18:34:56.8473926Z","ServerTimestamp":"2024-04-27T18:34:56.8473979Z"},"nsu=http://opcfoundation.org/UA/Plc/Applications;s=FastUIntScalar2":{"Value":4,"SourceTimestamp":"2024-04-27T18:34:56.8474054Z","ServerTimestamp":"2024-04-27T18:34:56.8474689Z"},"nsu=http://opcfoundation.org/UA/Plc/Applications;s=FastUIntScalar3":{"Value":4,"SourceTimestamp":"2024-04-27T18:34:56.8474721Z","ServerTimestamp":"2024-04-27T18:34:56.847473Z"},"nsu=http://opcfoundation.org/UA/Plc/Applications;s=FastRandomUIntScalar1":{"Value":1011783237,"SourceTimestamp":"2024-04-27T18:34:56.8474065Z","ServerTimestamp":"2024-04-27T18:34:56.8474112Z"},"nsu=http://opcfoundation.org/UA/Plc/Applications;s=FastRandomUIntScalar2":{"Value":3889557688,"SourceTimestamp":"2024-04-27T18:34:56.8474281Z","ServerTimestamp":"2024-04-27T18:34:56.8474289Z"},"nsu=http://opcfoundation.org/UA/Plc/Applications;s=FastRandomUIntScalar3":{"Value":2364471467,"SourceTimestamp":"2024-04-27T18:34:56.8474302Z","ServerTimestamp":"2024-04-27T18:34:56.8474307Z"},"nsu=http://opcfoundation.org/UA/Plc/Applications;s=SpikeData":{"Value":36.812455268467801,"SourceTimestamp":"2024-04-27T18:34:57.6390992Z","ServerTimestamp":"2024-04-27T18:34:57.6391022Z"}}