{"nsu=http://opcfoundation.org/UA/Plc/Applications;s=SlowUIntScalar1":{"Value":5,"SourceTimestamp":"2024-04-27T18:35:42.8431437Z","ServerTimestamp":"2024-04-27T18:35:42.8431474Z"},"nsu=http://opcfoundation.org/UA/Plc/Applications;s=SlowUIntScalar2":{"Value":5,"SourceTimestamp":"2024-04-27T18:35:42.84316Z","ServerTimestamp":"2024-04-27T18:35:42.8431609Z"},"nsu=http://opcfoundation.org/UA/Plc/Applications;s=SlowUIntScalar3":{"Value":5,"SourceTimestamp":"2024-04-27T18:35:42.8431627Z","ServerTimestamp":"2024-04-27T18:35:42.8431634Z"},"nsu=http://opcfoundation.org/UA/Plc/Applications;s=BadSlowUIntScalar1":{"Value":5,"SourceTimestamp":"2024-04-27T18:35:42.8431653Z","ServerTimestamp":"2024-04-27T18:35:42.8431664Z"},"nsu=http://opcfoundation.org/UA/Plc/Applications;s=SlowRandomUIntScalar1":{"Value":358417041,"SourceTimestamp":"2024-04-27T18:35:42.8432099Z","ServerTimestamp":"2024-04-27T18:35:42.8432115Z"},"nsu=http://opcfoundation.org/UA/Plc/Applications;s=SlowRandomUIntScalar2":{"Value":1190411806,"SourceTimestamp":"2024-04-27T18:35:42.8432147Z","ServerTimestamp":"2024-04-27T18:35:42.8432166Z"},"nsu=http://opcfoundation.org/UA/Plc/Applications;s=SlowRandomUIntScalar3":{"Value":1751019249,"SourceTimestamp":"2024-04-27T18:35:42.8432188Z","ServerTimestamp":"2024-04-27T18:35:42.84322Z"},"nsu=http://opcfoundation.org/UA/Plc/Applications;s=BadSlowRandomUIntScalar1":{"Value":879735015,"SourceTimestamp":"2024-04-27T18:35:42.843223Z","ServerTimestamp":"2024-04-27T18:35:42.8432241Z"}}