{"nsu=http://opcfoundation.org/UA/Plc/Applications;s=StepUp":{"Value":528,"SourceTimestamp":"2024-04-27T18:35:45.6496542Z","ServerTimestamp":"2024-04-27T18:35:45.6496596Z"},"nsu=http://opcfoundation.org/UA/Plc/Applications;s=RandomSignedInt32":{"Value":1960246018,"SourceTimestamp":"2024-04-27T18:35:45.649652Z","ServerTimestamp":"2024-04-27T18:35:45.6496534Z"},"nsu=http://opcfoundation.org/UA/Plc/Applications;s=RandomUnsignedInt32":{"Value":933762635,"SourceTimestamp":"2024-04-27T18:35:45.6496287Z","ServerTimestamp":"2024-04-27T18:35:45.6496312Z"},"nsu=http://opcfoundation.org/UA/Plc/Applications;s=DipData":{"Value":-1000,"SourceTimestamp":"2024-04-27T18:35:45.6496366Z","ServerTimestamp":"2024-04-27T18:35:45.6496451Z"},"nsu=http://opcfoundation.org/UA/Plc/Applications;s=FastUIntScalar1":{"Value":52,"SourceTimestamp":"2024-04-27T18:35:44.8398885Z","ServerTimestamp":"2024-04-27T18:35:44.83989Z"},"nsu=http://opcfoundation.org/UA/Plc/Applications;s=FastUIntScalar2":{"Value":52,"SourceTimestamp":"2024-04-27T18:35:44.8398941Z","ServerTimestamp":"2024-04-27T18:35:44.839895Z"},"nsu=http://opcfoundation.org/UA/Plc/Applications;s=FastUIntScalar3":{"Value":52,"SourceTimestamp":"2024-04-27T18:35:44.8398961Z","ServerTimestamp":"2024-04-27T18:35:44.839897Z"},"nsu=http://opcfoundation.org/UA/Plc/Applications;s=FastRandomUIntScalar1":{"Value":1149843643,"SourceTimestamp":"2024-04-27T18:35:44.8398857Z","ServerTimestamp":"2024-04-27T18:35:44.8398864Z"},"nsu=http://opcfoundation.org/UA/Plc/Applications;s=FastRandomUIntScalar2":{"Value":1707180421,"SourceTimestamp":"2024-04-27T18:35:44.8398883Z","ServerTimestamp":"2024-04-27T18:35:44.8398889Z"},"nsu=http://opcfoundation.org/UA/Plc/Applications;s=FastRandomUIntScalar3":{"Value":2907730649,"SourceTimestamp":"2024-04-27T18:35:44.83989Z","ServerTimestamp":"2024-04-27T18:35:44.8398962Z"},"nsu=http://opcfoundation.org/UA/Plc/Applications;s=SpikeData":{"Value":24.868988716485482,"SourceTimestamp":"2024-04-27T18:35:45.6496656Z","ServerTimestamp":"2024-04-27T18:35:45.6496676Z"}}