{"nsu=http://opcfoundation.org/UA/Plc/Applications;s=StepUp":{"Value":568,"SourceTimestamp":"2024-04-27T18:35:49.646388Z","ServerTimestamp":"2024-04-27T18:35:49.6463892Z"},"nsu=http://opcfoundation.org/UA/Plc/Applications;s=RandomSignedInt32":{"Value":-651462029,"SourceTimestamp":"2024-04-27T18:35:49.6463757Z","ServerTimestamp":"2024-04-27T18:35:49.6463771Z"},"nsu=http://opcfoundation.org/UA/Plc/Applications;s=RandomUnsignedInt32":{"Value":651580417,"SourceTimestamp":"2024-04-27T18:35:49.7390522Z","ServerTimestamp":"2024-04-27T18:35:49.7390573Z"},"nsu=http://opcfoundation.org/UA/Plc/Applications;s=DipData":{"Value":-84.432792550201526,"SourceTimestamp":"2024-04-27T18:35:49.6463068Z","ServerTimestamp":"2024-04-27T18:35:49.6463122Z"},"nsu=http://opcfoundation.org/UA/Plc/Applications;s=FastUIntScalar1":{"Value":56,"SourceTimestamp":"2024-04-27T18:35:48.8469296Z","ServerTimestamp":"2024-04-27T18:35:48.8469452Z"},"nsu=http://opcfoundation.org/UA/Plc/Applications;s=FastUIntScalar2":{"Value":56,"SourceTimestamp":"2024-04-27T18:35:48.8469539Z","ServerTimestamp":"2024-04-27T18:35:48.8469544Z"},"nsu=http://opcfoundation.org/UA/Plc/Applications;s=FastUIntScalar3":{"Value":56,"SourceTimestamp":"2024-04-27T18:35:48.8469559Z","ServerTimestamp":"2024-04-27T18:35:48.8469563Z"},"nsu=http://opcfoundation.org/UA/Plc/Applications;s=FastRandomUIntScalar1":{"Value":2568727893,"SourceTimestamp":"2024-04-27T18:35:48.8469243Z","ServerTimestamp":"2024-04-27T18:35:48.8469792Z"},"nsu=http://opcfoundation.org/UA/Plc/Applications;s=FastRandomUIntScalar2":{"Value":1516821655,"SourceTimestamp":"2024-04-27T18:35:48.8469852Z","ServerTimestamp":"2024-04-27T18:35:48.8469873Z"},"nsu=http://opcfoundation.org/UA/Plc/Applications;s=FastRandomUIntScalar3":{"Value":432545453,"SourceTimestamp":"2024-04-27T18:35:48.8469936Z","ServerTimestamp":"2024-04-27T18:35:48.8469943Z"},"nsu=http://opcfoundation.org/UA/Plc/Applications;s=SpikeData":{"Value":-84.432792550201526,"SourceTimestamp":"2024-04-27T18:35:49.6463802Z","ServerTimestamp":"2024-04-27T18:35:49.6463818Z"}}