{"nsu=http://opcfoundation.org/UA/Plc/Applications;s=StepUp":{"Value":598,"SourceTimestamp":"2024-04-27T18:35:52.6452837Z","ServerTimestamp":"2024-04-27T18:35:52.6452886Z"},"nsu=http://opcfoundation.org/UA/Plc/Applications;s=RandomSignedInt32":{"Value":-1987405472,"SourceTimestamp":"2024-04-27T18:35:52.6452507Z","ServerTimestamp":"2024-04-27T18:35:52.6452545Z"},"nsu=http://opcfoundation.org/UA/Plc/Applications;s=RandomUnsignedInt32":{"Value":955210871,"SourceTimestamp":"2024-04-27T18:35:52.6452133Z","ServerTimestamp":"2024-04-27T18:35:52.6452178Z"},"nsu=http://opcfoundation.org/UA/Plc/Applications;s=DipData":{"Value":36.812455268467801,"SourceTimestamp":"2024-04-27T18:35:52.6452748Z","ServerTimestamp":"2024-04-27T18:35:52.6453549Z"},"nsu=http://opcfoundation.org/UA/Plc/Applications;s=FastUIntScalar1":{"Value":59,"SourceTimestamp":"2024-04-27T18:35:51.837781Z","ServerTimestamp":"2024-04-27T18:35:51.8377834Z"},"nsu=http://opcfoundation.org/UA/Plc/Applications;s=FastUIntScalar2":{"Value":59,"SourceTimestamp":"2024-04-27T18:35:51.8377919Z","ServerTimestamp":"2024-04-27T18:35:51.8377924Z"},"nsu=http://opcfoundation.org/UA/Plc/Applications;s=FastUIntScalar3":{"Value":59,"SourceTimestamp":"2024-04-27T18:35:51.8377938Z","ServerTimestamp":"2024-04-27T18:35:51.8377943Z"},"nsu=http://opcfoundation.org/UA/Plc/Applications;s=FastRandomUIntScalar1":{"Value":2822178264,"SourceTimestamp":"2024-04-27T18:35:51.8378037Z","ServerTimestamp":"2024-04-27T18:35:51.8378056Z"},"nsu=http://opcfoundation.org/UA/Plc/Applications;s=FastRandomUIntScalar2":{"Value":1401332982,"SourceTimestamp":"2024-04-27T18:35:51.8378128Z","ServerTimestamp":"2024-04-27T18:35:51.8378134Z"},"nsu=http://opcfoundation.org/UA/Plc/Applications;s=FastRandomUIntScalar3":{"Value":1761212167,"SourceTimestamp":"2024-04-27T18:35:51.8378147Z","ServerTimestamp":"2024-04-27T18:35:51.8378158Z"},"nsu=http://opcfoundation.org/UA/Plc/Applications;s=SpikeData":{"Value":36.812455268467801,"SourceTimestamp":"2024-04-27T18:35:52.6452985Z","ServerTimestamp":"2024-04-27T18:35:52.6453123Z"}}