{"nsu=http://opcfoundation.org/UA/Plc/Applications;s=StepUp":{"Value":618,"SourceTimestamp":"2024-04-27T18:35:54.6422742Z","ServerTimestamp":"2024-04-27T18:35:54.6422772Z"},"nsu=http://opcfoundation.org/UA/Plc/Applications;s=RandomSignedInt32":{"Value":-1462074386,"SourceTimestamp":"2024-04-27T18:35:54.6422675Z","ServerTimestamp":"2024-04-27T18:35:54.6422721Z"},"nsu=http://opcfoundation.org/UA/Plc/Applications;s=RandomUnsignedInt32":{"Value":1651467107,"SourceTimestamp":"2024-04-27T18:35:54.642234Z","ServerTimestamp":"2024-04-27T18:35:54.642237Z"},"nsu=http://opcfoundation.org/UA/Plc/Applications;s=DipData":{"Value":-84.432792550201526,"SourceTimestamp":"2024-04-27T18:35:54.6422374Z","ServerTimestamp":"2024-04-27T18:35:54.6422512Z"},"nsu=http://opcfoundation.org/UA/Plc/Applications;s=FastUIntScalar1":{"Value":61,"SourceTimestamp":"2024-04-27T18:35:53.8506496Z","ServerTimestamp":"2024-04-27T18:35:53.8506523Z"},"nsu=http://opcfoundation.org/UA/Plc/Applications;s=FastUIntScalar2":{"Value":61,"SourceTimestamp":"2024-04-27T18:35:53.850655Z","ServerTimestamp":"2024-04-27T18:35:53.850656Z"},"nsu=http://opcfoundation.org/UA/Plc/Applications;s=FastUIntScalar3":{"Value":61,"SourceTimestamp":"2024-04-27T18:35:53.8506777Z","ServerTimestamp":"2024-04-27T18:35:53.8506784Z"},"nsu=http://opcfoundation.org/UA/Plc/Applications;s=FastRandomUIntScalar1":{"Value":3774083196,"SourceTimestamp":"2024-04-27T18:35:53.8506495Z","ServerTimestamp":"2024-04-27T18:35:53.850651Z"},"nsu=http://opcfoundation.org/UA/Plc/Applications;s=FastRandomUIntScalar2":{"Value":425894749,"SourceTimestamp":"2024-04-27T18:35:53.850652Z","ServerTimestamp":"2024-04-27T18:35:53.8506549Z"},"nsu=http://opcfoundation.org/UA/Plc/Applications;s=FastRandomUIntScalar3":{"Value":241939914,"SourceTimestamp":"2024-04-27T18:35:53.8506564Z","ServerTimestamp":"2024-04-27T18:35:53.8506888Z"},"nsu=http://opcfoundation.org/UA/Plc/Applications;s=SpikeData":{"Value":-84.432792550201526,"SourceTimestamp":"2024-04-27T18:35:54.6422781Z","ServerTimestamp":"2024-04-27T18:35:54.6422795Z"}}