{"nsu=http://opcfoundation.org/UA/Plc/Applications;s=StepUp":{"Value":628,"SourceTimestamp":"2024-04-27T18:35:55.6497213Z","ServerTimestamp":"2024-04-27T18:35:55.6497352Z"},"nsu=http://opcfoundation.org/UA/Plc/Applications;s=RandomSignedInt32":{"Value":-675128514,"SourceTimestamp":"2024-04-27T18:35:55.6497054Z","ServerTimestamp":"2024-04-27T18:35:55.6497068Z"},"nsu=http://opcfoundation.org/UA/Plc/Applications;s=RandomUnsignedInt32":{"Value":30133681,"SourceTimestamp":"2024-04-27T18:35:55.7416976Z","ServerTimestamp":"2024-04-27T18:35:55.7417004Z"},"nsu=http://opcfoundation.org/UA/Plc/Applications;s=DipData":{"Value":36.812455268467772,"SourceTimestamp":"2024-04-27T18:35:55.7417108Z","ServerTimestamp":"2024-04-27T18:35:55.7417126Z"},"nsu=http://opcfoundation.org/UA/Plc/Applications;s=FastUIntScalar1":{"Value":62,"SourceTimestamp":"2024-04-27T18:35:54.8441269Z","ServerTimestamp":"2024-04-27T18:35:54.8441519Z"},"nsu=http://opcfoundation.org/UA/Plc/Applications;s=FastUIntScalar2":{"Value":62,"SourceTimestamp":"2024-04-27T18:35:54.8441599Z","ServerTimestamp":"2024-04-27T18:35:54.8441607Z"},"nsu=http://opcfoundation.org/UA/Plc/Applications;s=FastUIntScalar3":{"Value":62,"SourceTimestamp":"2024-04-27T18:35:54.8441622Z","ServerTimestamp":"2024-04-27T18:35:54.8441642Z"},"nsu=http://opcfoundation.org/UA/Plc/Applications;s=FastRandomUIntScalar1":{"Value":3162767555,"SourceTimestamp":"2024-04-27T18:35:54.8441272Z","ServerTimestamp":"2024-04-27T18:35:54.844138Z"},"nsu=http://opcfoundation.org/UA/Plc/Applications;s=FastRandomUIntScalar2":{"Value":22358941,"SourceTimestamp":"2024-04-27T18:35:54.8441406Z","ServerTimestamp":"2024-04-27T18:35:54.8441622Z"},"nsu=http://opcfoundation.org/UA/Plc/Applications;s=FastRandomUIntScalar3":{"Value":560942537,"SourceTimestamp":"2024-04-27T18:35:54.8441644Z","ServerTimestamp":"2024-04-27T18:35:54.8441662Z"},"nsu=http://opcfoundation.org/UA/Plc/Applications;s=SpikeData":{"Value":24.868988716485482,"SourceTimestamp":"2024-04-27T18:35:55.6497137Z","ServerTimestamp":"2024-04-27T18:35:55.6497154Z"}}