{"nsu=http://opcfoundation.org/UA/Plc/Applications;s=StepUp":{"Value":658,"SourceTimestamp":"2024-04-27T18:35:58.6432124Z","ServerTimestamp":"2024-04-27T18:35:58.6432134Z"},"nsu=http://opcfoundation.org/UA/Plc/Applications;s=AlternatingBoolean":{"Value":false,"SourceTimestamp":"2024-04-27T18:35:57.947951Z","ServerTimestamp":"2024-04-27T18:35:57.9479536Z"},"nsu=http://opcfoundation.org/UA/Plc/Applications;s=RandomSignedInt32":{"Value":-417050025,"SourceTimestamp":"2024-04-27T18:35:58.6431934Z","ServerTimestamp":"2024-04-27T18:35:58.6431998Z"},"nsu=http://opcfoundation.org/UA/Plc/Applications;s=RandomUnsignedInt32":{"Value":1152325328,"SourceTimestamp":"2024-04-27T18:35:58.6431633Z","ServerTimestamp":"2024-04-27T18:35:58.643166Z"},"nsu=http://opcfoundation.org/UA/Plc/Applications;s=DipData":{"Value":-77.0513242775789,"SourceTimestamp":"2024-04-27T18:35:58.6431865Z","ServerTimestamp":"2024-04-27T18:35:58.6432784Z"},"nsu=http://opcfoundation.org/UA/Plc/Applications;s=FastUIntScalar1":{"Value":65,"SourceTimestamp":"2024-04-27T18:35:57.8391122Z","ServerTimestamp":"2024-04-27T18:35:57.8391145Z"},"nsu=http://opcfoundation.org/UA/Plc/Applications;s=FastUIntScalar2":{"Value":65,"SourceTimestamp":"2024-04-27T18:35:57.8391253Z","ServerTimestamp":"2024-04-27T18:35:57.8391312Z"},"nsu=http://opcfoundation.org/UA/Plc/Applications;s=FastUIntScalar3":{"Value":65,"SourceTimestamp":"2024-04-27T18:35:57.8391329Z","ServerTimestamp":"2024-04-27T18:35:57.8391343Z"},"nsu=http://opcfoundation.org/UA/Plc/Applications;s=FastRandomUIntScalar1":{"Value":1627203650,"SourceTimestamp":"2024-04-27T18:35:57.8391146Z","ServerTimestamp":"2024-04-27T18:35:57.8391253Z"},"nsu=http://opcfoundation.org/UA/Plc/Applications;s=FastRandomUIntScalar2":{"Value":2120280033,"SourceTimestamp":"2024-04-27T18:35:57.8391313Z","ServerTimestamp":"2024-04-27T18:35:57.8391331Z"},"nsu=http://opcfoundation.org/UA/Plc/Applications;s=FastRandomUIntScalar3":{"Value":3793090061,"SourceTimestamp":"2024-04-27T18:35:57.8391343Z","ServerTimestamp":"2024-04-27T18:35:57.8391355Z"},"nsu=http://opcfoundation.org/UA/Plc/Applications;s=NegativeTrendData":{"Value":99.400000000000006,"SourceTimestamp":"2024-04-27T18:35:57.9479515Z","ServerTimestamp":"2024-04-27T18:35:57.9479522Z"},"nsu=http://opcfoundation.org/UA/Plc/Applications;s=PositiveTrendData":{"Value":101.2,"SourceTimestamp":"2024-04-27T18:35:57.9479538Z","ServerTimestamp":"2024-04-27T18:35:57.9479586Z"},"nsu=http://opcfoundation.org/UA/Plc/Applications;s=SpikeData":{"Value":-77.0513242775789,"SourceTimestamp":"2024-04-27T18:35:58.6432316Z","ServerTimestamp":"2024-04-27T18:35:58.643233Z"}}