{"nsu=http://opcfoundation.org/UA/Plc/Applications;s=StepUp":{"Value":718,"SourceTimestamp":"2024-04-27T18:36:04.6386372Z","ServerTimestamp":"2024-04-27T18:36:04.6386415Z"},"nsu=http://opcfoundation.org/UA/Plc/Applications;s=RandomSignedInt32":{"Value":548146755,"SourceTimestamp":"2024-04-27T18:36:04.6386323Z","ServerTimestamp":"2024-04-27T18:36:04.638633Z"},"nsu=http://opcfoundation.org/UA/Plc/Applications;s=RandomUnsignedInt32":{"Value":1898703779,"SourceTimestamp":"2024-04-27T18:36:04.6386152Z","ServerTimestamp":"2024-04-27T18:36:04.6386177Z"},"nsu=http://opcfoundation.org/UA/Plc/Applications;s=DipData":{"Value":-84.432792550201526,"SourceTimestamp":"2024-04-27T18:36:04.6386041Z","ServerTimestamp":"2024-04-27T18:36:04.6386072Z"},"nsu=http://opcfoundation.org/UA/Plc/Applications;s=FastUIntScalar1":{"Value":71,"SourceTimestamp":"2024-04-27T18:36:03.844237Z","ServerTimestamp":"2024-04-27T18:36:03.8442378Z"},"nsu=http://opcfoundation.org/UA/Plc/Applications;s=FastUIntScalar2":{"Value":71,"SourceTimestamp":"2024-04-27T18:36:03.8442397Z","ServerTimestamp":"2024-04-27T18:36:03.8442434Z"},"nsu=http://opcfoundation.org/UA/Plc/Applications;s=FastUIntScalar3":{"Value":71,"SourceTimestamp":"2024-04-27T18:36:03.8442443Z","ServerTimestamp":"2024-04-27T18:36:03.8442453Z"},"nsu=http://opcfoundation.org/UA/Plc/Applications;s=FastRandomUIntScalar1":{"Value":544861035,"SourceTimestamp":"2024-04-27T18:36:03.8442388Z","ServerTimestamp":"2024-04-27T18:36:03.8442398Z"},"nsu=http://opcfoundation.org/UA/Plc/Applications;s=FastRandomUIntScalar2":{"Value":2625693596,"SourceTimestamp":"2024-04-27T18:36:03.8442437Z","ServerTimestamp":"2024-04-27T18:36:03.8442444Z"},"nsu=http://opcfoundation.org/UA/Plc/Applications;s=FastRandomUIntScalar3":{"Value":2541427641,"SourceTimestamp":"2024-04-27T18:36:03.8442455Z","ServerTimestamp":"2024-04-27T18:36:03.8442461Z"},"nsu=http://opcfoundation.org/UA/Plc/Applications;s=SpikeData":{"Value":-84.432792550201526,"SourceTimestamp":"2024-04-27T18:36:04.6386358Z","ServerTimestamp":"2024-04-27T18:36:04.6386382Z"}}