{"nsu=http://opcfoundation.org/UA/Plc/Applications;s=StepUp":{"Value":768,"SourceTimestamp":"2024-04-27T18:36:09.6458981Z","ServerTimestamp":"2024-04-27T18:36:09.6459031Z"},"nsu=http://opcfoundation.org/UA/Plc/Applications;s=RandomSignedInt32":{"Value":-1088849781,"SourceTimestamp":"2024-04-27T18:36:09.6458798Z","ServerTimestamp":"2024-04-27T18:36:09.6458809Z"},"nsu=http://opcfoundation.org/UA/Plc/Applications;s=RandomUnsignedInt32":{"Value":460748857,"SourceTimestamp":"2024-04-27T18:36:09.6458801Z","ServerTimestamp":"2024-04-27T18:36:09.6458977Z"},"nsu=http://opcfoundation.org/UA/Plc/Applications;s=DipData":{"Value":-84.432792550201526,"SourceTimestamp":"2024-04-27T18:36:09.6458571Z","ServerTimestamp":"2024-04-27T18:36:09.6458602Z"},"nsu=http://opcfoundation.org/UA/Plc/Applications;s=FastUIntScalar1":{"Value":76,"SourceTimestamp":"2024-04-27T18:36:08.8388191Z","ServerTimestamp":"2024-04-27T18:36:08.8388318Z"},"nsu=http://opcfoundation.org/UA/Plc/Applications;s=FastUIntScalar2":{"Value":76,"SourceTimestamp":"2024-04-27T18:36:08.8388483Z","ServerTimestamp":"2024-04-27T18:36:08.8388495Z"},"nsu=http://opcfoundation.org/UA/Plc/Applications;s=FastUIntScalar3":{"Value":76,"SourceTimestamp":"2024-04-27T18:36:08.8388517Z","ServerTimestamp":"2024-04-27T18:36:08.8388525Z"},"nsu=http://opcfoundation.org/UA/Plc/Applications;s=FastRandomUIntScalar1":{"Value":4122561170,"SourceTimestamp":"2024-04-27T18:36:08.8388563Z","ServerTimestamp":"2024-04-27T18:36:08.8388581Z"},"nsu=http://opcfoundation.org/UA/Plc/Applications;s=FastRandomUIntScalar2":{"Value":1622000506,"SourceTimestamp":"2024-04-27T18:36:08.8388642Z","ServerTimestamp":"2024-04-27T18:36:08.8388653Z"},"nsu=http://opcfoundation.org/UA/Plc/Applications;s=FastRandomUIntScalar3":{"Value":613091738,"SourceTimestamp":"2024-04-27T18:36:08.8388679Z","ServerTimestamp":"2024-04-27T18:36:08.8388691Z"},"nsu=http://opcfoundation.org/UA/Plc/Applications;s=SpikeData":{"Value":-84.432792550201526,"SourceTimestamp":"2024-04-27T18:36:09.6458875Z","ServerTimestamp":"2024-04-27T18:36:09.6458924Z"}}