{"nsu=http://opcfoundation.org/UA/Plc/Applications;s=StepUp":{"Value":78,"SourceTimestamp":"2024-04-27T18:35:00.6522772Z","ServerTimestamp":"2024-04-27T18:35:00.6522842Z"},"nsu=http://opcfoundation.org/UA/Plc/Applications;s=RandomSignedInt32":{"Value":339880439,"SourceTimestamp":"2024-04-27T18:35:00.6522421Z","ServerTimestamp":"2024-04-27T18:35:00.6522551Z"},"nsu=http://opcfoundation.org/UA/Plc/Applications;s=RandomUnsignedInt32":{"Value":1844433500,"SourceTimestamp":"2024-04-27T18:35:00.6521885Z","ServerTimestamp":"2024-04-27T18:35:00.6521935Z"},"nsu=http://opcfoundation.org/UA/Plc/Applications;s=DipData":{"Value":24.868988716485482,"SourceTimestamp":"2024-04-27T18:35:00.6522481Z","ServerTimestamp":"2024-04-27T18:35:00.6522696Z"},"nsu=http://opcfoundation.org/UA/Plc/Applications;s=FastUIntScalar1":{"Value":7,"SourceTimestamp":"2024-04-27T18:34:59.8383354Z","ServerTimestamp":"2024-04-27T18:34:59.8383475Z"},"nsu=http://opcfoundation.org/UA/Plc/Applications;s=FastUIntScalar2":{"Value":7,"SourceTimestamp":"2024-04-27T18:34:59.8383574Z","ServerTimestamp":"2024-04-27T18:34:59.8383584Z"},"nsu=http://opcfoundation.org/UA/Plc/Applications;s=FastUIntScalar3":{"Value":7,"SourceTimestamp":"2024-04-27T18:34:59.8383605Z","ServerTimestamp":"2024-04-27T18:34:59.8383615Z"},"nsu=http://opcfoundation.org/UA/Plc/Applications;s=FastRandomUIntScalar1":{"Value":707573841,"SourceTimestamp":"2024-04-27T18:34:59.8383381Z","ServerTimestamp":"2024-04-27T18:34:59.8383771Z"},"nsu=http://opcfoundation.org/UA/Plc/Applications;s=FastRandomUIntScalar2":{"Value":662507700,"SourceTimestamp":"2024-04-27T18:34:59.83839Z","ServerTimestamp":"2024-04-27T18:34:59.8384008Z"},"nsu=http://opcfoundation.org/UA/Plc/Applications;s=FastRandomUIntScalar3":{"Value":399818755,"SourceTimestamp":"2024-04-27T18:34:59.838404Z","ServerTimestamp":"2024-04-27T18:34:59.8384054Z"},"nsu=http://opcfoundation.org/UA/Plc/Applications;s=SpikeData":{"Value":24.868988716485482,"SourceTimestamp":"2024-04-27T18:35:00.6523073Z","ServerTimestamp":"2024-04-27T18:35:00.6523195Z"}}