{"nsu=http://opcfoundation.org/UA/Plc/Applications;s=StepUp":{"Value":838,"SourceTimestamp":"2024-04-27T18:36:16.6455064Z","ServerTimestamp":"2024-04-27T18:36:16.6455185Z"},"nsu=http://opcfoundation.org/UA/Plc/Applications;s=RandomSignedInt32":{"Value":1994013098,"SourceTimestamp":"2024-04-27T18:36:16.645507Z","ServerTimestamp":"2024-04-27T18:36:16.6455102Z"},"nsu=http://opcfoundation.org/UA/Plc/Applications;s=RandomUnsignedInt32":{"Value":532134,"SourceTimestamp":"2024-04-27T18:36:16.6454702Z","ServerTimestamp":"2024-04-27T18:36:16.6454729Z"},"nsu=http://opcfoundation.org/UA/Plc/Applications;s=DipData":{"Value":99.80267284282715,"SourceTimestamp":"2024-04-27T18:36:16.6454968Z","ServerTimestamp":"2024-04-27T18:36:16.6454988Z"},"nsu=http://opcfoundation.org/UA/Plc/Applications;s=FastUIntScalar1":{"Value":83,"SourceTimestamp":"2024-04-27T18:36:15.8416666Z","ServerTimestamp":"2024-04-27T18:36:15.8416727Z"},"nsu=http://opcfoundation.org/UA/Plc/Applications;s=FastUIntScalar2":{"Value":83,"SourceTimestamp":"2024-04-27T18:36:15.8416737Z","ServerTimestamp":"2024-04-27T18:36:15.8416812Z"},"nsu=http://opcfoundation.org/UA/Plc/Applications;s=FastUIntScalar3":{"Value":83,"SourceTimestamp":"2024-04-27T18:36:15.8416823Z","ServerTimestamp":"2024-04-27T18:36:15.8416831Z"},"nsu=http://opcfoundation.org/UA/Plc/Applications;s=FastRandomUIntScalar1":{"Value":1042900363,"SourceTimestamp":"2024-04-27T18:36:15.8416727Z","ServerTimestamp":"2024-04-27T18:36:15.8416737Z"},"nsu=http://opcfoundation.org/UA/Plc/Applications;s=FastRandomUIntScalar2":{"Value":3185981703,"SourceTimestamp":"2024-04-27T18:36:15.8416758Z","ServerTimestamp":"2024-04-27T18:36:15.8416799Z"},"nsu=http://opcfoundation.org/UA/Plc/Applications;s=FastRandomUIntScalar3":{"Value":924911398,"SourceTimestamp":"2024-04-27T18:36:15.8416817Z","ServerTimestamp":"2024-04-27T18:36:15.8416823Z"},"nsu=http://opcfoundation.org/UA/Plc/Applications;s=SpikeData":{"Value":99.80267284282715,"SourceTimestamp":"2024-04-27T18:36:16.6455183Z","ServerTimestamp":"2024-04-27T18:36:16.6455202Z"}}