{"nsu=http://opcfoundation.org/UA/Plc/Applications;s=StepUp":{"Value":888,"SourceTimestamp":"2024-04-27T18:36:21.6466427Z","ServerTimestamp":"2024-04-27T18:36:21.6466477Z"},"nsu=http://opcfoundation.org/UA/Plc/Applications;s=RandomSignedInt32":{"Value":-1939323002,"SourceTimestamp":"2024-04-27T18:36:21.6466434Z","ServerTimestamp":"2024-04-27T18:36:21.6466447Z"},"nsu=http://opcfoundation.org/UA/Plc/Applications;s=RandomUnsignedInt32":{"Value":1170432530,"SourceTimestamp":"2024-04-27T18:36:21.6466158Z","ServerTimestamp":"2024-04-27T18:36:21.6466193Z"},"nsu=http://opcfoundation.org/UA/Plc/Applications;s=DipData":{"Value":99.80267284282715,"SourceTimestamp":"2024-04-27T18:36:21.6466223Z","ServerTimestamp":"2024-04-27T18:36:21.6466292Z"},"nsu=http://opcfoundation.org/UA/Plc/Applications;s=FastUIntScalar1":{"Value":88,"SourceTimestamp":"2024-04-27T18:36:20.8384874Z","ServerTimestamp":"2024-04-27T18:36:20.8385114Z"},"nsu=http://opcfoundation.org/UA/Plc/Applications;s=FastUIntScalar2":{"Value":88,"SourceTimestamp":"2024-04-27T18:36:20.8385171Z","ServerTimestamp":"2024-04-27T18:36:20.8385189Z"},"nsu=http://opcfoundation.org/UA/Plc/Applications;s=FastUIntScalar3":{"Value":88,"SourceTimestamp":"2024-04-27T18:36:20.8385204Z","ServerTimestamp":"2024-04-27T18:36:20.838521Z"},"nsu=http://opcfoundation.org/UA/Plc/Applications;s=FastRandomUIntScalar1":{"Value":2426535668,"SourceTimestamp":"2024-04-27T18:36:20.8384876Z","ServerTimestamp":"2024-04-27T18:36:20.8384883Z"},"nsu=http://opcfoundation.org/UA/Plc/Applications;s=FastRandomUIntScalar2":{"Value":2678330865,"SourceTimestamp":"2024-04-27T18:36:20.8384906Z","ServerTimestamp":"2024-04-27T18:36:20.8384968Z"},"nsu=http://opcfoundation.org/UA/Plc/Applications;s=FastRandomUIntScalar3":{"Value":3788320298,"SourceTimestamp":"2024-04-27T18:36:20.8385002Z","ServerTimestamp":"2024-04-27T18:36:20.8385009Z"},"nsu=http://opcfoundation.org/UA/Plc/Applications;s=SpikeData":{"Value":99.80267284282715,"SourceTimestamp":"2024-04-27T18:36:21.6466353Z","ServerTimestamp":"2024-04-27T18:36:21.6466398Z"}}