{"nsu=http://opcfoundation.org/UA/Plc/Applications;s=StepUp":{"Value":898,"SourceTimestamp":"2024-04-27T18:36:22.6508932Z","ServerTimestamp":"2024-04-27T18:36:22.6508956Z"},"nsu=http://opcfoundation.org/UA/Plc/Applications;s=RandomSignedInt32":{"Value":-1187525169,"SourceTimestamp":"2024-04-27T18:36:22.6508796Z","ServerTimestamp":"2024-04-27T18:36:22.6508804Z"},"nsu=http://opcfoundation.org/UA/Plc/Applications;s=RandomUnsignedInt32":{"Value":592699378,"SourceTimestamp":"2024-04-27T18:36:22.7455432Z","ServerTimestamp":"2024-04-27T18:36:22.7455475Z"},"nsu=http://opcfoundation.org/UA/Plc/Applications;s=DipData":{"Value":24.868988716485479,"SourceTimestamp":"2024-04-27T18:36:22.7455123Z","ServerTimestamp":"2024-04-27T18:36:22.7455175Z"},"nsu=http://opcfoundation.org/UA/Plc/Applications;s=FastUIntScalar1":{"Value":89,"SourceTimestamp":"2024-04-27T18:36:21.8465253Z","ServerTimestamp":"2024-04-27T18:36:21.8465803Z"},"nsu=http://opcfoundation.org/UA/Plc/Applications;s=FastUIntScalar2":{"Value":89,"SourceTimestamp":"2024-04-27T18:36:21.8465864Z","ServerTimestamp":"2024-04-27T18:36:21.8465872Z"},"nsu=http://opcfoundation.org/UA/Plc/Applications;s=FastUIntScalar3":{"Value":89,"SourceTimestamp":"2024-04-27T18:36:21.8465887Z","ServerTimestamp":"2024-04-27T18:36:21.8465892Z"},"nsu=http://opcfoundation.org/UA/Plc/Applications;s=FastRandomUIntScalar1":{"Value":3749527517,"SourceTimestamp":"2024-04-27T18:36:21.8465286Z","ServerTimestamp":"2024-04-27T18:36:21.8465347Z"},"nsu=http://opcfoundation.org/UA/Plc/Applications;s=FastRandomUIntScalar2":{"Value":1037350419,"SourceTimestamp":"2024-04-27T18:36:21.8465445Z","ServerTimestamp":"2024-04-27T18:36:21.8465453Z"},"nsu=http://opcfoundation.org/UA/Plc/Applications;s=FastRandomUIntScalar3":{"Value":1718149907,"SourceTimestamp":"2024-04-27T18:36:21.8465465Z","ServerTimestamp":"2024-04-27T18:36:21.846547Z"},"nsu=http://opcfoundation.org/UA/Plc/Applications;s=SpikeData":{"Value":36.812455268467801,"SourceTimestamp":"2024-04-27T18:36:22.6508727Z","ServerTimestamp":"2024-04-27T18:36:22.6508772Z"}}