{"nsu=http://opcfoundation.org/UA/Plc/Applications;s=StepUp":{"Value":908,"SourceTimestamp":"2024-04-27T18:36:23.6440318Z","ServerTimestamp":"2024-04-27T18:36:23.6440345Z"},"nsu=http://opcfoundation.org/UA/Plc/Applications;s=AlternatingBoolean":{"Value":true,"SourceTimestamp":"2024-04-27T18:36:22.9462394Z","ServerTimestamp":"2024-04-27T18:36:22.9462435Z"},"nsu=http://opcfoundation.org/UA/Plc/Applications;s=RandomSignedInt32":{"Value":1207456188,"SourceTimestamp":"2024-04-27T18:36:23.6440375Z","ServerTimestamp":"2024-04-27T18:36:23.6440425Z"},"nsu=http://opcfoundation.org/UA/Plc/Applications;s=RandomUnsignedInt32":{"Value":169066509,"SourceTimestamp":"2024-04-27T18:36:23.6440057Z","ServerTimestamp":"2024-04-27T18:36:23.6440092Z"},"nsu=http://opcfoundation.org/UA/Plc/Applications;s=DipData":{"Value":-77.0513242775789,"SourceTimestamp":"2024-04-27T18:36:23.6440152Z","ServerTimestamp":"2024-04-27T18:36:23.6440193Z"},"nsu=http://opcfoundation.org/UA/Plc/Applications;s=FastUIntScalar1":{"Value":90,"SourceTimestamp":"2024-04-27T18:36:22.8384126Z","ServerTimestamp":"2024-04-27T18:36:22.8384318Z"},"nsu=http://opcfoundation.org/UA/Plc/Applications;s=FastUIntScalar2":{"Value":90,"SourceTimestamp":"2024-04-27T18:36:22.8384425Z","ServerTimestamp":"2024-04-27T18:36:22.8384481Z"},"nsu=http://opcfoundation.org/UA/Plc/Applications;s=FastUIntScalar3":{"Value":90,"SourceTimestamp":"2024-04-27T18:36:22.8384502Z","ServerTimestamp":"2024-04-27T18:36:22.8384557Z"},"nsu=http://opcfoundation.org/UA/Plc/Applications;s=FastRandomUIntScalar1":{"Value":2519612897,"SourceTimestamp":"2024-04-27T18:36:22.8384264Z","ServerTimestamp":"2024-04-27T18:36:22.8384282Z"},"nsu=http://opcfoundation.org/UA/Plc/Applications;s=FastRandomUIntScalar2":{"Value":1511992750,"SourceTimestamp":"2024-04-27T18:36:22.8384312Z","ServerTimestamp":"2024-04-27T18:36:22.8384455Z"},"nsu=http://opcfoundation.org/UA/Plc/Applications;s=FastRandomUIntScalar3":{"Value":1464406816,"SourceTimestamp":"2024-04-27T18:36:22.8384482Z","ServerTimestamp":"2024-04-27T18:36:22.8384506Z"},"nsu=http://opcfoundation.org/UA/Plc/Applications;s=NegativeTrendData":{"Value":98.900000000000006,"SourceTimestamp":"2024-04-27T18:36:22.9462214Z","ServerTimestamp":"2024-04-27T18:36:22.9462241Z"},"nsu=http://opcfoundation.org/UA/Plc/Applications;s=PositiveTrendData":{"Value":101.7,"SourceTimestamp":"2024-04-27T18:36:22.9462393Z","ServerTimestamp":"2024-04-27T18:36:22.9462407Z"},"nsu=http://opcfoundation.org/UA/Plc/Applications;s=SpikeData":{"Value":-77.0513242775789,"SourceTimestamp":"2024-04-27T18:36:23.644028Z","ServerTimestamp":"2024-04-27T18:36:23.6440298Z"}}