{"nsu=http://opcfoundation.org/UA/Plc/Applications;s=StepUp":{"Value":948,"SourceTimestamp":"2024-04-27T18:36:27.6522919Z","ServerTimestamp":"2024-04-27T18:36:27.6522977Z"},"nsu=http://opcfoundation.org/UA/Plc/Applications;s=RandomSignedInt32":{"Value":-1873563605,"SourceTimestamp":"2024-04-27T18:36:27.6522824Z","ServerTimestamp":"2024-04-27T18:36:27.6522876Z"},"nsu=http://opcfoundation.org/UA/Plc/Applications;s=RandomUnsignedInt32":{"Value":1787909283,"SourceTimestamp":"2024-04-27T18:36:27.6522203Z","ServerTimestamp":"2024-04-27T18:36:27.6522255Z"},"nsu=http://opcfoundation.org/UA/Plc/Applications;s=DipData":{"Value":36.812455268467801,"SourceTimestamp":"2024-04-27T18:36:27.6522697Z","ServerTimestamp":"2024-04-27T18:36:27.6522739Z"},"nsu=http://opcfoundation.org/UA/Plc/Applications;s=FastUIntScalar1":{"Value":94,"SourceTimestamp":"2024-04-27T18:36:26.8480089Z","ServerTimestamp":"2024-04-27T18:36:26.8480268Z"},"nsu=http://opcfoundation.org/UA/Plc/Applications;s=FastUIntScalar2":{"Value":94,"SourceTimestamp":"2024-04-27T18:36:26.8480287Z","ServerTimestamp":"2024-04-27T18:36:26.8480292Z"},"nsu=http://opcfoundation.org/UA/Plc/Applications;s=FastUIntScalar3":{"Value":94,"SourceTimestamp":"2024-04-27T18:36:26.8480304Z","ServerTimestamp":"2024-04-27T18:36:26.8480308Z"},"nsu=http://opcfoundation.org/UA/Plc/Applications;s=FastRandomUIntScalar1":{"Value":2568070675,"SourceTimestamp":"2024-04-27T18:36:26.8480097Z","ServerTimestamp":"2024-04-27T18:36:26.8480146Z"},"nsu=http://opcfoundation.org/UA/Plc/Applications;s=FastRandomUIntScalar2":{"Value":1746565502,"SourceTimestamp":"2024-04-27T18:36:26.8480158Z","ServerTimestamp":"2024-04-27T18:36:26.8480211Z"},"nsu=http://opcfoundation.org/UA/Plc/Applications;s=FastRandomUIntScalar3":{"Value":3945778272,"SourceTimestamp":"2024-04-27T18:36:26.8480243Z","ServerTimestamp":"2024-04-27T18:36:26.8480249Z"},"nsu=http://opcfoundation.org/UA/Plc/Applications;s=SpikeData":{"Value":36.812455268467801,"SourceTimestamp":"2024-04-27T18:36:27.6523076Z","ServerTimestamp":"2024-04-27T18:36:27.6523088Z"}}