{"nsu=http://opcfoundation.org/UA/Plc/Applications;s=StepUp":{"Value":978,"SourceTimestamp":"2024-04-27T18:36:30.6521208Z","ServerTimestamp":"2024-04-27T18:36:30.6521255Z"},"nsu=http://opcfoundation.org/UA/Plc/Applications;s=RandomSignedInt32":{"Value":384452762,"SourceTimestamp":"2024-04-27T18:36:30.6521182Z","ServerTimestamp":"2024-04-27T18:36:30.652131Z"},"nsu=http://opcfoundation.org/UA/Plc/Applications;s=RandomUnsignedInt32":{"Value":967269405,"SourceTimestamp":"2024-04-27T18:36:30.6520609Z","ServerTimestamp":"2024-04-27T18:36:30.6520654Z"},"nsu=http://opcfoundation.org/UA/Plc/Applications;s=DipData":{"Value":24.868988716485482,"SourceTimestamp":"2024-04-27T18:36:30.6520998Z","ServerTimestamp":"2024-04-27T18:36:30.6521038Z"},"nsu=http://opcfoundation.org/UA/Plc/Applications;s=FastUIntScalar1":{"Value":97,"SourceTimestamp":"2024-04-27T18:36:29.8463551Z","ServerTimestamp":"2024-04-27T18:36:29.8463749Z"},"nsu=http://opcfoundation.org/UA/Plc/Applications;s=FastUIntScalar2":{"Value":97,"SourceTimestamp":"2024-04-27T18:36:29.8463842Z","ServerTimestamp":"2024-04-27T18:36:29.846394Z"},"nsu=http://opcfoundation.org/UA/Plc/Applications;s=FastUIntScalar3":{"Value":97,"SourceTimestamp":"2024-04-27T18:36:29.8464088Z","ServerTimestamp":"2024-04-27T18:36:29.84641Z"},"nsu=http://opcfoundation.org/UA/Plc/Applications;s=FastRandomUIntScalar1":{"Value":1493151480,"SourceTimestamp":"2024-04-27T18:36:29.8463552Z","ServerTimestamp":"2024-04-27T18:36:29.8464312Z"},"nsu=http://opcfoundation.org/UA/Plc/Applications;s=FastRandomUIntScalar2":{"Value":2857616878,"SourceTimestamp":"2024-04-27T18:36:29.8464384Z","ServerTimestamp":"2024-04-27T18:36:29.8464401Z"},"nsu=http://opcfoundation.org/UA/Plc/Applications;s=FastRandomUIntScalar3":{"Value":3979091044,"SourceTimestamp":"2024-04-27T18:36:29.8464431Z","ServerTimestamp":"2024-04-27T18:36:29.8464445Z"},"nsu=http://opcfoundation.org/UA/Plc/Applications;s=SpikeData":{"Value":24.868988716485482,"SourceTimestamp":"2024-04-27T18:36:30.6521352Z","ServerTimestamp":"2024-04-27T18:36:30.6521457Z"}}