{"nsu=http://opcfoundation.org/UA/Plc/Applications;s=SlowUIntScalar1":{"Value":10,"SourceTimestamp":"2024-04-27T18:36:32.8392179Z","ServerTimestamp":"2024-04-27T18:36:32.8392229Z"},"nsu=http://opcfoundation.org/UA/Plc/Applications;s=SlowUIntScalar2":{"Value":10,"SourceTimestamp":"2024-04-27T18:36:32.8392393Z","ServerTimestamp":"2024-04-27T18:36:32.8392406Z"},"nsu=http://opcfoundation.org/UA/Plc/Applications;s=SlowUIntScalar3":{"Value":10,"SourceTimestamp":"2024-04-27T18:36:32.8392429Z","ServerTimestamp":"2024-04-27T18:36:32.8392438Z"},"nsu=http://opcfoundation.org/UA/Plc/Applications;s=BadSlowUIntScalar1":{"Value":null,"StatusCode":{"Symbol":"BadNoCommunication","Code":2150694912},"SourceTimestamp":"2024-04-27T18:36:32.8392573Z","ServerTimestamp":"2024-04-27T18:36:32.8392574Z"},"nsu=http://opcfoundation.org/UA/Plc/Applications;s=SlowRandomUIntScalar1":{"Value":846103772,"SourceTimestamp":"2024-04-27T18:36:32.8392968Z","ServerTimestamp":"2024-04-27T18:36:32.8393025Z"},"nsu=http://opcfoundation.org/UA/Plc/Applications;s=SlowRandomUIntScalar2":{"Value":291508290,"SourceTimestamp":"2024-04-27T18:36:32.8393162Z","ServerTimestamp":"2024-04-27T18:36:32.8393266Z"},"nsu=http://opcfoundation.org/UA/Plc/Applications;s=SlowRandomUIntScalar3":{"Value":1017296323,"SourceTimestamp":"2024-04-27T18:36:32.8393294Z","ServerTimestamp":"2024-04-27T18:36:32.8393312Z"},"nsu=http://opcfoundation.org/UA/Plc/Applications;s=BadSlowRandomUIntScalar1":{"Value":null,"StatusCode":{"Symbol":"BadNoCommunication","Code":2150694912},"SourceTimestamp":"2024-04-27T18:36:32.8393368Z","ServerTimestamp":"2024-04-27T18:36:32.839337Z"}}