{"DataSetWriterId":1,"SequenceNumber":3,"MetaDataVersion":{"MajorVersion":1},"Timestamp":"2024-04-26T12:15:54.5345073Z","MessageType":"ua-deltaframe","DataSetWriterName":"<<UnknownDataSet>>","Payload":{"nsu=http://opcfoundation.org/UA/Plc/Applications;s=SlowUIntScalar1":{"Value":{"Type":7,"Body":3},"SourceTimestamp":"2024-04-26T12:15:52.6285122Z","ServerTimestamp":"2024-04-26T12:15:52.6285156Z"},"nsu=http://opcfoundation.org/UA/Plc/Applications;s=SlowUIntScalar2":{"Value":{"Type":7,"Body":3},"SourceTimestamp":"2024-04-26T12:15:52.6285247Z","ServerTimestamp":"2024-04-26T12:15:52.6285254Z"},"nsu=http://opcfoundation.org/UA/Plc/Applications;s=SlowUIntScalar3":{"Value":{"Type":7,"Body":3},"SourceTimestamp":"2024-04-26T12:15:52.6285265Z","ServerTimestamp":"2024-04-26T12:15:52.628527Z"},"nsu=http://opcfoundation.org/UA/Plc/Applications;s=BadSlowUIntScalar1":{"Value":{"Type":7,"Body":3},"SourceTimestamp":"2024-04-26T12:15:52.6285283Z","ServerTimestamp":"2024-04-26T12:15:52.6285287Z"}}}