{"SequenceNumber":16,"MetaDataVersion":{"MajorVersion":1},"Timestamp":"2024-04-26T12:16:38.3884706Z","MessageType":"ua-deltaframe","DataSetWriterName":"<<UnknownDataSet>>","Payload":{"nsu=http://opcfoundation.org/UA/Plc/Applications;s=NegativeTrendData":{"Value":{"Type":11,"Body":98.5},"SourceTimestamp":"2024-04-26T12:16:37.728829Z","ServerTimestamp":"2024-04-26T12:16:37.7288311Z"},"nsu=http://opcfoundation.org/UA/Plc/Applications;s=PositiveTrendData":{"Value":{"Type":11,"Body":100.59999999999999},"SourceTimestamp":"2024-04-26T12:16:37.7288462Z","ServerTimestamp":"2024-04-26T12:16:37.7288508Z"}}}