{"DataSetWriterId":1,"SequenceNumber":9,"MetaDataVersion":{"MajorVersion":1},"Timestamp":"2024-04-26T12:16:54.5220522Z","MessageType":"ua-deltaframe","DataSetWriterName":"<<UnknownDataSet>>","Payload":{"nsu=http://opcfoundation.org/UA/Plc/Applications;s=SlowUIntScalar1":{"Value":{"Type":7,"Body":9},"SourceTimestamp":"2024-04-26T12:16:52.6368629Z","ServerTimestamp":"2024-04-26T12:16:52.6368648Z"},"nsu=http://opcfoundation.org/UA/Plc/Applications;s=SlowUIntScalar2":{"Value":{"Type":7,"Body":9},"SourceTimestamp":"2024-04-26T12:16:52.6368717Z","ServerTimestamp":"2024-04-26T12:16:52.6368724Z"},"nsu=http://opcfoundation.org/UA/Plc/Applications;s=SlowUIntScalar3":{"Value":{"Type":7,"Body":9},"SourceTimestamp":"2024-04-26T12:16:52.6368734Z","ServerTimestamp":"2024-04-26T12:16:52.6368738Z"},"nsu=http://opcfoundation.org/UA/Plc/Applications;s=BadSlowUIntScalar1":{"Value":{"Body":null},"StatusCode":2157772800,"SourceTimestamp":"2024-04-26T12:16:52.6368764Z","ServerTimestamp":"2024-04-26T12:16:52.6368764Z"}}}