{"DataSetWriterId":1,"SequenceNumber":1,"MetaDataVersion":{"MajorVersion":1},"Timestamp":"2024-04-26T12:15:34.5427941Z","MessageType":"ua-deltaframe","DataSetWriterName":"<<UnknownDataSet>>","Payload":{"nsu=http://opcfoundation.org/UA/Plc/Applications;s=SlowUIntScalar1":{"Value":{"Type":7,"Body":1},"SourceTimestamp":"2024-04-26T12:15:32.6247079Z","ServerTimestamp":"2024-04-26T12:15:32.6247106Z"},"nsu=http://opcfoundation.org/UA/Plc/Applications;s=SlowUIntScalar2":{"Value":{"Type":7,"Body":1},"SourceTimestamp":"2024-04-26T12:15:32.6247177Z","ServerTimestamp":"2024-04-26T12:15:32.6247185Z"},"nsu=http://opcfoundation.org/UA/Plc/Applications;s=SlowUIntScalar3":{"Value":{"Type":7,"Body":1},"SourceTimestamp":"2024-04-26T12:15:32.62472Z","ServerTimestamp":"2024-04-26T12:15:32.6247205Z"},"nsu=http://opcfoundation.org/UA/Plc/Applications;s=BadSlowUIntScalar1":{"Value":{"Type":7,"Body":1},"SourceTimestamp":"2024-04-26T12:15:32.6247217Z","ServerTimestamp":"2024-04-26T12:15:32.6247221Z"}}}