{"MessageId":"5e1b18a5-a337-48f0-b270-fa7e275a4733","MessageType":"ua-data","PublisherId":"DESKTOP-BGFJS91","DataSetWriterGroup":"<<UnknownWriterGroup>>","Messages":[{"SequenceNumber":105,"MetaDataVersion":{"MajorVersion":1},"Timestamp":"2024-04-27T13:11:35.6790988Z","MessageType":"ua-condition","DataSetWriterName":"<<UnknownDataSet>>|PendingAlarms","Payload":{"ConditionClassId":{"Value":{"Body":null},"SourceTimestamp":"2024-04-27T13:11:33.9572625Z"},"ConditionClassName":{"Value":{"Body":null},"SourceTimestamp":"2024-04-27T13:11:33.9572625Z"},"ConditionSubClassId":{"Value":{"Body":null},"SourceTimestamp":"2024-04-27T13:11:33.9572625Z"},"ConditionSubClassName":{"Value":{"Body":null},"SourceTimestamp":"2024-04-27T13:11:33.9572625Z"},"EventId":{"Value":{"Type":15,"Body":"/05BVa3p4kaU4CkK25rOFA=="},"SourceTimestamp":"2024-04-27T13:11:33.9572625Z"},"EventType":{"Value":{"Type":17,"Body":{"Id":9764}},"SourceTimestamp":"2024-04-27T13:11:33.9572625Z"},"LocalTime":{"Value":{"Type":22,"Body":{"TypeId":{"Id":15086},"Body":{"Offset":120,"DaylightSavingInOffset":true}}},"SourceTimestamp":"2024-04-27T13:11:33.9572625Z"},"Message":{"Value":{"Type":21,"Body":{"Text":"The alarm severity has increased."}},"SourceTimestamp":"2024-04-27T13:11:33.9572625Z"},"ReceiveTime":{"Value":{"Type":13,"Body":"2024-04-27T13:11:33.1202623Z"},"SourceTimestamp":"2024-04-27T13:11:33.9572625Z"},"Severity":{"Value":{"Type":5,"Body":700},"SourceTimestamp":"2024-04-27T13:11:33.9572625Z"},"SourceName":{"Value":{"Type":12,"Body":"SouthMotor"},"SourceTimestamp":"2024-04-27T13:11:33.9572625Z"},"SourceNode":{"Value":{"Type":17,"Body":{"IdType":1,"Id":"1:Metals/SouthMotor","Namespace":15}},"SourceTimestamp":"2024-04-27T13:11:33.9572625Z"},"Time":{"Value":{"Type":13,"Body":"2024-04-27T13:11:33.1202562Z"},"SourceTimestamp":"2024-04-27T13:11:33.9572625Z"}}}]}