{"MessageId":"1930acb6-7d6f-4c97-80c7-0977b9445b39","MessageType":"ua-data","PublisherId":"DESKTOP-BGFJS91","DataSetWriterGroup":"<<UnknownWriterGroup>>","Messages":[{"SequenceNumber":111,"MetaDataVersion":{"MajorVersion":1},"Timestamp":"2024-04-27T13:11:45.757494Z","MessageType":"ua-condition","DataSetWriterName":"<<UnknownDataSet>>|PendingAlarms","Payload":{"ConditionClassId":{"Value":{"Body":null},"SourceTimestamp":"2024-04-27T13:11:38.9671947Z"},"ConditionClassName":{"Value":{"Body":null},"SourceTimestamp":"2024-04-27T13:11:38.9671947Z"},"ConditionSubClassId":{"Value":{"Body":null},"SourceTimestamp":"2024-04-27T13:11:38.9671947Z"},"ConditionSubClassName":{"Value":{"Body":null},"SourceTimestamp":"2024-04-27T13:11:38.9671947Z"},"EventId":{"Value":{"Type":15,"Body":"NIFDUNeOFkmf+KxX5oKQ/A=="},"SourceTimestamp":"2024-04-27T13:11:38.9671947Z"},"EventType":{"Value":{"Type":17,"Body":{"Id":10060}},"SourceTimestamp":"2024-04-27T13:11:38.9671947Z"},"LocalTime":{"Value":{"Type":22,"Body":{"TypeId":{"Id":15086},"Body":{"Offset":120,"DaylightSavingInOffset":true}}},"SourceTimestamp":"2024-04-27T13:11:38.9671947Z"},"Message":{"Value":{"Type":21,"Body":{"Text":"The alarm severity has increased."}},"SourceTimestamp":"2024-04-27T13:11:38.9671947Z"},"ReceiveTime":{"Value":{"Type":13,"Body":"2024-04-27T13:11:38.1182122Z"},"SourceTimestamp":"2024-04-27T13:11:38.9671947Z"},"Severity":{"Value":{"Type":5,"Body":300},"SourceTimestamp":"2024-04-27T13:11:38.9671947Z"},"SourceName":{"Value":{"Type":12,"Body":"SouthMotor"},"SourceTimestamp":"2024-04-27T13:11:38.9671947Z"},"SourceNode":{"Value":{"Type":17,"Body":{"IdType":1,"Id":"1:Metals/SouthMotor","Namespace":15}},"SourceTimestamp":"2024-04-27T13:11:38.9671947Z"},"Time":{"Value":{"Type":13,"Body":"2024-04-27T13:11:38.1182095Z"},"SourceTimestamp":"2024-04-27T13:11:38.9671947Z"}}}]}