{"MessageId":"b4d94564-a0cf-4ef1-97ea-3580f5e5f52d","MessageType":"ua-data","PublisherId":"DESKTOP-BGFJS91","DataSetWriterGroup":"<<UnknownWriterGroup>>","Messages":[{"SequenceNumber":113,"MetaDataVersion":{"MajorVersion":1},"Timestamp":"2024-04-27T13:11:45.7577486Z","MessageType":"ua-condition","DataSetWriterName":"<<UnknownDataSet>>|PendingAlarms","Payload":{"ConditionClassId":{"Value":{"Body":null},"SourceTimestamp":"2024-04-27T13:11:42.9861245Z"},"ConditionClassName":{"Value":{"Body":null},"SourceTimestamp":"2024-04-27T13:11:42.9861245Z"},"ConditionSubClassId":{"Value":{"Body":null},"SourceTimestamp":"2024-04-27T13:11:42.9861245Z"},"ConditionSubClassName":{"Value":{"Body":null},"SourceTimestamp":"2024-04-27T13:11:42.9861245Z"},"EventId":{"Value":{"Type":15,"Body":"T8RnV3R59kSs85TZKw3f6w=="},"SourceTimestamp":"2024-04-27T13:11:42.9861245Z"},"EventType":{"Value":{"Type":17,"Body":{"Id":10751}},"SourceTimestamp":"2024-04-27T13:11:42.9861245Z"},"LocalTime":{"Value":{"Type":22,"Body":{"TypeId":{"Id":15086},"Body":{"Offset":120,"DaylightSavingInOffset":true}}},"SourceTimestamp":"2024-04-27T13:11:42.9861245Z"},"Message":{"Value":{"Type":21,"Body":{"Text":"The alarm is active."}},"SourceTimestamp":"2024-04-27T13:11:42.9861245Z"},"ReceiveTime":{"Value":{"Type":13,"Body":"2024-04-27T13:11:42.115341Z"},"SourceTimestamp":"2024-04-27T13:11:42.9861245Z"},"Severity":{"Value":{"Type":5,"Body":100},"SourceTimestamp":"2024-04-27T13:11:42.9861245Z"},"SourceName":{"Value":{"Type":12,"Body":"SouthMotor"},"SourceTimestamp":"2024-04-27T13:11:42.9861245Z"},"SourceNode":{"Value":{"Type":17,"Body":{"IdType":1,"Id":"1:Metals/SouthMotor","Namespace":15}},"SourceTimestamp":"2024-04-27T13:11:42.9861245Z"},"Time":{"Value":{"Type":13,"Body":"2024-04-27T13:11:42.1153367Z"},"SourceTimestamp":"2024-04-27T13:11:42.9861245Z"}}}]}