{"MessageId":"9fb3ae8a-f540-4ed4-bd52-b666810b3f09","MessageType":"ua-data","PublisherId":"DESKTOP-BGFJS91","DataSetWriterGroup":"<<UnknownWriterGroup>>","Messages":[{"SequenceNumber":18,"MetaDataVersion":{"MajorVersion":1},"Timestamp":"2024-04-27T13:10:15.1490843Z","MessageType":"ua-condition","DataSetWriterName":"<<UnknownDataSet>>|PendingAlarms","Payload":{"ConditionClassId":{"Value":{"Body":null},"SourceTimestamp":"2024-04-27T13:10:14.9918849Z"},"ConditionClassName":{"Value":{"Body":null},"SourceTimestamp":"2024-04-27T13:10:14.9918849Z"},"ConditionSubClassId":{"Value":{"Body":null},"SourceTimestamp":"2024-04-27T13:10:14.9918849Z"},"ConditionSubClassName":{"Value":{"Body":null},"SourceTimestamp":"2024-04-27T13:10:14.9918849Z"},"EventId":{"Value":{"Type":15,"Body":"i5ttFPsjBkq/LLhQJR9UcQ=="},"SourceTimestamp":"2024-04-27T13:10:14.9918849Z"},"EventType":{"Value":{"Type":17,"Body":{"Id":9764}},"SourceTimestamp":"2024-04-27T13:10:14.9918849Z"},"LocalTime":{"Value":{"Type":22,"Body":{"TypeId":{"Id":15086},"Body":{"Offset":120,"DaylightSavingInOffset":true}}},"SourceTimestamp":"2024-04-27T13:10:14.9918849Z"},"Message":{"Value":{"Type":21,"Body":{"Text":"The alarm severity has increased."}},"SourceTimestamp":"2024-04-27T13:10:14.9918849Z"},"ReceiveTime":{"Value":{"Type":13,"Body":"2024-04-27T13:10:14.1258298Z"},"SourceTimestamp":"2024-04-27T13:10:14.9918849Z"},"Severity":{"Value":{"Type":5,"Body":500},"SourceTimestamp":"2024-04-27T13:10:14.9918849Z"},"SourceName":{"Value":{"Type":12,"Body":"WestTank"},"SourceTimestamp":"2024-04-27T13:10:14.9918849Z"},"SourceNode":{"Value":{"Type":17,"Body":{"IdType":1,"Id":"1:Metals/WestTank","Namespace":15}},"SourceTimestamp":"2024-04-27T13:10:14.9918849Z"},"Time":{"Value":{"Type":13,"Body":"2024-04-27T13:10:14.1258266Z"},"SourceTimestamp":"2024-04-27T13:10:14.9918849Z"}}}]}