{"MessageId":"8bd3d604-b181-4c8f-87b3-6087d482a0f4","MessageType":"ua-data","PublisherId":"DESKTOP-BGFJS91","DataSetWriterGroup":"<<UnknownWriterGroup>>","Messages":[{"SequenceNumber":19,"MetaDataVersion":{"MajorVersion":1},"Timestamp":"2024-04-27T13:10:15.1492117Z","MessageType":"ua-condition","DataSetWriterName":"<<UnknownDataSet>>|PendingAlarms","Payload":{"ConditionClassId":{"Value":{"Body":null},"SourceTimestamp":"2024-04-27T13:10:05.9938365Z"},"ConditionClassName":{"Value":{"Body":null},"SourceTimestamp":"2024-04-27T13:10:05.9938365Z"},"ConditionSubClassId":{"Value":{"Body":null},"SourceTimestamp":"2024-04-27T13:10:05.9938365Z"},"ConditionSubClassName":{"Value":{"Body":null},"SourceTimestamp":"2024-04-27T13:10:05.9938365Z"},"EventId":{"Value":{"Type":15,"Body":"WvJjW77xY0SONnkhz0SbOA=="},"SourceTimestamp":"2024-04-27T13:10:05.9938365Z"},"EventType":{"Value":{"Type":17,"Body":{"Id":10751}},"SourceTimestamp":"2024-04-27T13:10:05.9938365Z"},"LocalTime":{"Value":{"Type":22,"Body":{"TypeId":{"Id":15086},"Body":{"Offset":120,"DaylightSavingInOffset":true}}},"SourceTimestamp":"2024-04-27T13:10:05.9938365Z"},"Message":{"Value":{"Type":21,"Body":{"Text":"The alarm severity has increased."}},"SourceTimestamp":"2024-04-27T13:10:05.9938365Z"},"ReceiveTime":{"Value":{"Type":13,"Body":"2024-04-27T13:10:05.1240164Z"},"SourceTimestamp":"2024-04-27T13:10:05.9938365Z"},"Severity":{"Value":{"Type":5,"Body":300},"SourceTimestamp":"2024-04-27T13:10:05.9938365Z"},"SourceName":{"Value":{"Type":12,"Body":"NorthMotor"},"SourceTimestamp":"2024-04-27T13:10:05.9938365Z"},"SourceNode":{"Value":{"Type":17,"Body":{"IdType":1,"Id":"1:Colours/NorthMotor","Namespace":15}},"SourceTimestamp":"2024-04-27T13:10:05.9938365Z"},"Time":{"Value":{"Type":13,"Body":"2024-04-27T13:10:05.123994Z"},"SourceTimestamp":"2024-04-27T13:10:05.9938365Z"}}}]}