{"MessageId":"c6a33f27-49ae-4db3-9124-3f64abbdeec5","MessageType":"ua-data","PublisherId":"DESKTOP-BGFJS91","DataSetWriterGroup":"<<UnknownWriterGroup>>","Messages":[{"SequenceNumber":30,"MetaDataVersion":{"MajorVersion":1},"Timestamp":"2024-04-27T13:10:25.2152612Z","MessageType":"ua-condition","DataSetWriterName":"<<UnknownDataSet>>|PendingAlarms","Payload":{"ConditionClassId":{"Value":{"Body":null},"SourceTimestamp":"2024-04-27T13:10:24.9462009Z"},"ConditionClassName":{"Value":{"Body":null},"SourceTimestamp":"2024-04-27T13:10:24.9462009Z"},"ConditionSubClassId":{"Value":{"Body":null},"SourceTimestamp":"2024-04-27T13:10:24.9462009Z"},"ConditionSubClassName":{"Value":{"Body":null},"SourceTimestamp":"2024-04-27T13:10:24.9462009Z"},"EventId":{"Value":{"Type":15,"Body":"ZiQr8Bi7KkWU6ajbNR8gZQ=="},"SourceTimestamp":"2024-04-27T13:10:24.9462009Z"},"EventType":{"Value":{"Type":17,"Body":{"Id":9764}},"SourceTimestamp":"2024-04-27T13:10:24.9462009Z"},"LocalTime":{"Value":{"Type":22,"Body":{"TypeId":{"Id":15086},"Body":{"Offset":120,"DaylightSavingInOffset":true}}},"SourceTimestamp":"2024-04-27T13:10:24.9462009Z"},"Message":{"Value":{"Type":21,"Body":{"Text":"The alarm severity has increased."}},"SourceTimestamp":"2024-04-27T13:10:24.9462009Z"},"ReceiveTime":{"Value":{"Type":13,"Body":"2024-04-27T13:10:24.1291304Z"},"SourceTimestamp":"2024-04-27T13:10:24.9462009Z"},"Severity":{"Value":{"Type":5,"Body":700},"SourceTimestamp":"2024-04-27T13:10:24.9462009Z"},"SourceName":{"Value":{"Type":12,"Body":"WestTank"},"SourceTimestamp":"2024-04-27T13:10:24.9462009Z"},"SourceNode":{"Value":{"Type":17,"Body":{"IdType":1,"Id":"1:Metals/WestTank","Namespace":15}},"SourceTimestamp":"2024-04-27T13:10:24.9462009Z"},"Time":{"Value":{"Type":13,"Body":"2024-04-27T13:10:24.1291271Z"},"SourceTimestamp":"2024-04-27T13:10:24.9462009Z"}}}]}