{"MessageId":"b394b68c-2491-42db-baf3-0d374dc3377c","MessageType":"ua-data","PublisherId":"DESKTOP-BGFJS91","DataSetWriterGroup":"<<UnknownWriterGroup>>","Messages":[{"SequenceNumber":32,"MetaDataVersion":{"MajorVersion":1},"Timestamp":"2024-04-27T13:10:25.215496Z","MessageType":"ua-condition","DataSetWriterName":"<<UnknownDataSet>>|PendingAlarms","Payload":{"ConditionClassId":{"Value":{"Body":null},"SourceTimestamp":"2024-04-27T13:10:16.9601858Z"},"ConditionClassName":{"Value":{"Body":null},"SourceTimestamp":"2024-04-27T13:10:16.9601858Z"},"ConditionSubClassId":{"Value":{"Body":null},"SourceTimestamp":"2024-04-27T13:10:16.9601858Z"},"ConditionSubClassName":{"Value":{"Body":null},"SourceTimestamp":"2024-04-27T13:10:16.9601858Z"},"EventId":{"Value":{"Type":15,"Body":"Rn7OoIE4eEe36duGoU0TYQ=="},"SourceTimestamp":"2024-04-27T13:10:16.9601858Z"},"EventType":{"Value":{"Type":17,"Body":{"Id":10060}},"SourceTimestamp":"2024-04-27T13:10:16.9601858Z"},"LocalTime":{"Value":{"Type":22,"Body":{"TypeId":{"Id":15086},"Body":{"Offset":120,"DaylightSavingInOffset":true}}},"SourceTimestamp":"2024-04-27T13:10:16.9601858Z"},"Message":{"Value":{"Type":21,"Body":{"Text":"The alarm severity has increased."}},"SourceTimestamp":"2024-04-27T13:10:16.9601858Z"},"ReceiveTime":{"Value":{"Type":13,"Body":"2024-04-27T13:10:16.1287528Z"},"SourceTimestamp":"2024-04-27T13:10:16.9601858Z"},"Severity":{"Value":{"Type":5,"Body":500},"SourceTimestamp":"2024-04-27T13:10:16.9601858Z"},"SourceName":{"Value":{"Type":12,"Body":"WestTank"},"SourceTimestamp":"2024-04-27T13:10:16.9601858Z"},"SourceNode":{"Value":{"Type":17,"Body":{"IdType":1,"Id":"1:Metals/WestTank","Namespace":15}},"SourceTimestamp":"2024-04-27T13:10:16.9601858Z"},"Time":{"Value":{"Type":13,"Body":"2024-04-27T13:10:16.1287459Z"},"SourceTimestamp":"2024-04-27T13:10:16.9601858Z"}}}]}