{"MessageId":"5b5c34d2-71bf-4dce-977a-9d4f7d9f928e","MessageType":"ua-data","PublisherId":"DESKTOP-BGFJS91","DataSetWriterGroup":"<<UnknownWriterGroup>>","Messages":[{"SequenceNumber":35,"MetaDataVersion":{"MajorVersion":1},"Timestamp":"2024-04-27T13:10:35.276607Z","MessageType":"ua-condition","DataSetWriterName":"<<UnknownDataSet>>|PendingAlarms","Payload":{"ConditionClassId":{"Value":{"Body":null},"SourceTimestamp":"2024-04-27T13:10:30.9960726Z"},"ConditionClassName":{"Value":{"Body":null},"SourceTimestamp":"2024-04-27T13:10:30.9960726Z"},"ConditionSubClassId":{"Value":{"Body":null},"SourceTimestamp":"2024-04-27T13:10:30.9960726Z"},"ConditionSubClassName":{"Value":{"Body":null},"SourceTimestamp":"2024-04-27T13:10:30.9960726Z"},"EventId":{"Value":{"Type":15,"Body":"kTkMgeKlvUiY0mbQGuXqEg=="},"SourceTimestamp":"2024-04-27T13:10:30.9960726Z"},"EventType":{"Value":{"Type":17,"Body":{"Id":10060}},"SourceTimestamp":"2024-04-27T13:10:30.9960726Z"},"LocalTime":{"Value":{"Type":22,"Body":{"TypeId":{"Id":15086},"Body":{"Offset":120,"DaylightSavingInOffset":true}}},"SourceTimestamp":"2024-04-27T13:10:30.9960726Z"},"Message":{"Value":{"Type":21,"Body":{"Text":"The alarm severity has increased."}},"SourceTimestamp":"2024-04-27T13:10:30.9960726Z"},"ReceiveTime":{"Value":{"Type":13,"Body":"2024-04-27T13:10:30.1198578Z"},"SourceTimestamp":"2024-04-27T13:10:30.9960726Z"},"Severity":{"Value":{"Type":5,"Body":900},"SourceTimestamp":"2024-04-27T13:10:30.9960726Z"},"SourceName":{"Value":{"Type":12,"Body":"EastTank"},"SourceTimestamp":"2024-04-27T13:10:30.9960726Z"},"SourceNode":{"Value":{"Type":17,"Body":{"IdType":1,"Id":"1:Colours/EastTank","Namespace":15}},"SourceTimestamp":"2024-04-27T13:10:30.9960726Z"},"Time":{"Value":{"Type":13,"Body":"2024-04-27T13:10:30.1198452Z"},"SourceTimestamp":"2024-04-27T13:10:30.9960726Z"}}}]}