{"MessageId":"cd51f2cf-6850-4d4e-b183-44ffde5b0c46","MessageType":"ua-data","PublisherId":"DESKTOP-BGFJS91","DataSetWriterGroup":"<<UnknownWriterGroup>>","Messages":[{"SequenceNumber":39,"MetaDataVersion":{"MajorVersion":1},"Timestamp":"2024-04-27T13:10:35.2772218Z","MessageType":"ua-condition","DataSetWriterName":"<<UnknownDataSet>>|PendingAlarms","Payload":{"ConditionClassId":{"Value":{"Body":null},"SourceTimestamp":"2024-04-27T13:10:34.9992036Z"},"ConditionClassName":{"Value":{"Body":null},"SourceTimestamp":"2024-04-27T13:10:34.9992036Z"},"ConditionSubClassId":{"Value":{"Body":null},"SourceTimestamp":"2024-04-27T13:10:34.9992036Z"},"ConditionSubClassName":{"Value":{"Body":null},"SourceTimestamp":"2024-04-27T13:10:34.9992036Z"},"EventId":{"Value":{"Type":15,"Body":"LLAHlhN0mEOW/q9FoMeSMw=="},"SourceTimestamp":"2024-04-27T13:10:34.9992036Z"},"EventType":{"Value":{"Type":17,"Body":{"Id":10060}},"SourceTimestamp":"2024-04-27T13:10:34.9992036Z"},"LocalTime":{"Value":{"Type":22,"Body":{"TypeId":{"Id":15086},"Body":{"Offset":120,"DaylightSavingInOffset":true}}},"SourceTimestamp":"2024-04-27T13:10:34.9992036Z"},"Message":{"Value":{"Type":21,"Body":{"Text":"The alarm severity has increased."}},"SourceTimestamp":"2024-04-27T13:10:34.9992036Z"},"ReceiveTime":{"Value":{"Type":13,"Body":"2024-04-27T13:10:34.1260249Z"},"SourceTimestamp":"2024-04-27T13:10:34.9992036Z"},"Severity":{"Value":{"Type":5,"Body":900},"SourceTimestamp":"2024-04-27T13:10:34.9992036Z"},"SourceName":{"Value":{"Type":12,"Body":"NorthMotor"},"SourceTimestamp":"2024-04-27T13:10:34.9992036Z"},"SourceNode":{"Value":{"Type":17,"Body":{"IdType":1,"Id":"1:Colours/NorthMotor","Namespace":15}},"SourceTimestamp":"2024-04-27T13:10:34.9992036Z"},"Time":{"Value":{"Type":13,"Body":"2024-04-27T13:10:34.1260198Z"},"SourceTimestamp":"2024-04-27T13:10:34.9992036Z"}}}]}