{"MessageId":"13cf0923-066b-4436-86d2-a747aa67624d","MessageType":"ua-data","PublisherId":"DESKTOP-BGFJS91","DataSetWriterGroup":"<<UnknownWriterGroup>>","Messages":[{"SequenceNumber":42,"MetaDataVersion":{"MajorVersion":1},"Timestamp":"2024-04-27T13:10:35.2776242Z","MessageType":"ua-condition","DataSetWriterName":"<<UnknownDataSet>>|PendingAlarms","Payload":{"ConditionClassId":{"Value":{"Body":null},"SourceTimestamp":"2024-04-27T13:10:28.0009855Z"},"ConditionClassName":{"Value":{"Body":null},"SourceTimestamp":"2024-04-27T13:10:28.0009855Z"},"ConditionSubClassId":{"Value":{"Body":null},"SourceTimestamp":"2024-04-27T13:10:28.0009855Z"},"ConditionSubClassName":{"Value":{"Body":null},"SourceTimestamp":"2024-04-27T13:10:28.0009855Z"},"EventId":{"Value":{"Type":15,"Body":"oDTmETnv002jhG/34DQIEA=="},"SourceTimestamp":"2024-04-27T13:10:28.0009855Z"},"EventType":{"Value":{"Type":17,"Body":{"Id":10060}},"SourceTimestamp":"2024-04-27T13:10:28.0009855Z"},"LocalTime":{"Value":{"Type":22,"Body":{"TypeId":{"Id":15086},"Body":{"Offset":120,"DaylightSavingInOffset":true}}},"SourceTimestamp":"2024-04-27T13:10:28.0009855Z"},"Message":{"Value":{"Type":21,"Body":{"Text":"The alarm severity has increased."}},"SourceTimestamp":"2024-04-27T13:10:28.0009855Z"},"ReceiveTime":{"Value":{"Type":13,"Body":"2024-04-27T13:10:27.1142034Z"},"SourceTimestamp":"2024-04-27T13:10:28.0009855Z"},"Severity":{"Value":{"Type":5,"Body":700},"SourceTimestamp":"2024-04-27T13:10:28.0009855Z"},"SourceName":{"Value":{"Type":12,"Body":"WestTank"},"SourceTimestamp":"2024-04-27T13:10:28.0009855Z"},"SourceNode":{"Value":{"Type":17,"Body":{"IdType":1,"Id":"1:Metals/WestTank","Namespace":15}},"SourceTimestamp":"2024-04-27T13:10:28.0009855Z"},"Time":{"Value":{"Type":13,"Body":"2024-04-27T13:10:27.1141999Z"},"SourceTimestamp":"2024-04-27T13:10:28.0009855Z"}}}]}