{"MessageId":"68eb5aaa-430c-4f7f-9db6-83673d4b363d","MessageType":"ua-data","PublisherId":"DESKTOP-BGFJS91","DataSetWriterGroup":"<<UnknownWriterGroup>>","Messages":[{"SequenceNumber":46,"MetaDataVersion":{"MajorVersion":1},"Timestamp":"2024-04-27T13:10:45.3509432Z","MessageType":"ua-condition","DataSetWriterName":"<<UnknownDataSet>>|PendingAlarms","Payload":{"ConditionClassId":{"Value":{"Body":null},"SourceTimestamp":"2024-04-27T13:10:39.9435358Z"},"ConditionClassName":{"Value":{"Body":null},"SourceTimestamp":"2024-04-27T13:10:39.9435358Z"},"ConditionSubClassId":{"Value":{"Body":null},"SourceTimestamp":"2024-04-27T13:10:39.9435358Z"},"ConditionSubClassName":{"Value":{"Body":null},"SourceTimestamp":"2024-04-27T13:10:39.9435358Z"},"EventId":{"Value":{"Type":15,"Body":"jtQzzUs0h0Swj7Iwa19biw=="},"SourceTimestamp":"2024-04-27T13:10:39.9435358Z"},"EventType":{"Value":{"Type":17,"Body":{"Id":9764}},"SourceTimestamp":"2024-04-27T13:10:39.9435358Z"},"LocalTime":{"Value":{"Type":22,"Body":{"TypeId":{"Id":15086},"Body":{"Offset":120,"DaylightSavingInOffset":true}}},"SourceTimestamp":"2024-04-27T13:10:39.9435358Z"},"Message":{"Value":{"Type":21,"Body":{"Text":"The alarm was deactivated by the system."}},"SourceTimestamp":"2024-04-27T13:10:39.9435358Z"},"ReceiveTime":{"Value":{"Type":13,"Body":"2024-04-27T13:10:39.1266938Z"},"SourceTimestamp":"2024-04-27T13:10:39.9435358Z"},"Severity":{"Value":{"Type":5,"Body":100},"SourceTimestamp":"2024-04-27T13:10:39.9435358Z"},"SourceName":{"Value":{"Type":12,"Body":"NorthMotor"},"SourceTimestamp":"2024-04-27T13:10:39.9435358Z"},"SourceNode":{"Value":{"Type":17,"Body":{"IdType":1,"Id":"1:Colours/NorthMotor","Namespace":15}},"SourceTimestamp":"2024-04-27T13:10:39.9435358Z"},"Time":{"Value":{"Type":13,"Body":"2024-04-27T13:10:39.1266875Z"},"SourceTimestamp":"2024-04-27T13:10:39.9435358Z"}}}]}