{"MessageId":"13542f5a-7f47-42ed-88b4-21da11dd3ab8","MessageType":"ua-data","PublisherId":"DESKTOP-BGFJS91","DataSetWriterGroup":"<<UnknownWriterGroup>>","Messages":[{"SequenceNumber":50,"MetaDataVersion":{"MajorVersion":1},"Timestamp":"2024-04-27T13:10:45.3514759Z","MessageType":"ua-condition","DataSetWriterName":"<<UnknownDataSet>>|PendingAlarms","Payload":{"ConditionClassId":{"Value":{"Body":null},"SourceTimestamp":"2024-04-27T13:10:38.9576677Z"},"ConditionClassName":{"Value":{"Body":null},"SourceTimestamp":"2024-04-27T13:10:38.9576677Z"},"ConditionSubClassId":{"Value":{"Body":null},"SourceTimestamp":"2024-04-27T13:10:38.9576677Z"},"ConditionSubClassName":{"Value":{"Body":null},"SourceTimestamp":"2024-04-27T13:10:38.9576677Z"},"EventId":{"Value":{"Type":15,"Body":"LxJMSZ3bmkWGDgadLNF+mA=="},"SourceTimestamp":"2024-04-27T13:10:38.9576677Z"},"EventType":{"Value":{"Type":17,"Body":{"Id":10060}},"SourceTimestamp":"2024-04-27T13:10:38.9576677Z"},"LocalTime":{"Value":{"Type":22,"Body":{"TypeId":{"Id":15086},"Body":{"Offset":120,"DaylightSavingInOffset":true}}},"SourceTimestamp":"2024-04-27T13:10:38.9576677Z"},"Message":{"Value":{"Type":21,"Body":{"Text":"The alarm severity has increased."}},"SourceTimestamp":"2024-04-27T13:10:38.9576677Z"},"ReceiveTime":{"Value":{"Type":13,"Body":"2024-04-27T13:10:38.1199558Z"},"SourceTimestamp":"2024-04-27T13:10:38.9576677Z"},"Severity":{"Value":{"Type":5,"Body":900},"SourceTimestamp":"2024-04-27T13:10:38.9576677Z"},"SourceName":{"Value":{"Type":12,"Body":"WestTank"},"SourceTimestamp":"2024-04-27T13:10:38.9576677Z"},"SourceNode":{"Value":{"Type":17,"Body":{"IdType":1,"Id":"1:Metals/WestTank","Namespace":15}},"SourceTimestamp":"2024-04-27T13:10:38.9576677Z"},"Time":{"Value":{"Type":13,"Body":"2024-04-27T13:10:38.1199464Z"},"SourceTimestamp":"2024-04-27T13:10:38.9576677Z"}}}]}