{"MessageId":"164f6d55-ea08-45ad-8ac4-33a706cc7a5e","MessageType":"ua-data","PublisherId":"DESKTOP-BGFJS91","DataSetWriterGroup":"<<UnknownWriterGroup>>","Messages":[{"SequenceNumber":52,"MetaDataVersion":{"MajorVersion":1},"Timestamp":"2024-04-27T13:10:55.4236209Z","MessageType":"ua-condition","DataSetWriterName":"<<UnknownDataSet>>|PendingAlarms","Payload":{"ConditionClassId":{"Value":{"Body":null},"SourceTimestamp":"2024-04-27T13:10:50.9728198Z"},"ConditionClassName":{"Value":{"Body":null},"SourceTimestamp":"2024-04-27T13:10:50.9728198Z"},"ConditionSubClassId":{"Value":{"Body":null},"SourceTimestamp":"2024-04-27T13:10:50.9728198Z"},"ConditionSubClassName":{"Value":{"Body":null},"SourceTimestamp":"2024-04-27T13:10:50.9728198Z"},"EventId":{"Value":{"Type":15,"Body":"gQU448TkHEKrHoHZ3jIB0w=="},"SourceTimestamp":"2024-04-27T13:10:50.9728198Z"},"EventType":{"Value":{"Type":17,"Body":{"Id":9764}},"SourceTimestamp":"2024-04-27T13:10:50.9728198Z"},"LocalTime":{"Value":{"Type":22,"Body":{"TypeId":{"Id":15086},"Body":{"Offset":120,"DaylightSavingInOffset":true}}},"SourceTimestamp":"2024-04-27T13:10:50.9728198Z"},"Message":{"Value":{"Type":21,"Body":{"Text":"The alarm severity has increased."}},"SourceTimestamp":"2024-04-27T13:10:50.9728198Z"},"ReceiveTime":{"Value":{"Type":13,"Body":"2024-04-27T13:10:50.1196176Z"},"SourceTimestamp":"2024-04-27T13:10:50.9728198Z"},"Severity":{"Value":{"Type":5,"Body":300},"SourceTimestamp":"2024-04-27T13:10:50.9728198Z"},"SourceName":{"Value":{"Type":12,"Body":"EastTank"},"SourceTimestamp":"2024-04-27T13:10:50.9728198Z"},"SourceNode":{"Value":{"Type":17,"Body":{"IdType":1,"Id":"1:Colours/EastTank","Namespace":15}},"SourceTimestamp":"2024-04-27T13:10:50.9728198Z"},"Time":{"Value":{"Type":13,"Body":"2024-04-27T13:10:50.1195889Z"},"SourceTimestamp":"2024-04-27T13:10:50.9728198Z"}}}]}