{"MessageId":"fdfdf554-cac2-4ce2-9281-81591698ba26","MessageType":"ua-data","PublisherId":"DESKTOP-BGFJS91","DataSetWriterGroup":"<<UnknownWriterGroup>>","Messages":[{"SequenceNumber":55,"MetaDataVersion":{"MajorVersion":1},"Timestamp":"2024-04-27T13:10:55.4242539Z","MessageType":"ua-condition","DataSetWriterName":"<<UnknownDataSet>>|PendingAlarms","Payload":{"ConditionClassId":{"Value":{"Body":null},"SourceTimestamp":"2024-04-27T13:10:50.9728198Z"},"ConditionClassName":{"Value":{"Body":null},"SourceTimestamp":"2024-04-27T13:10:50.9728198Z"},"ConditionSubClassId":{"Value":{"Body":null},"SourceTimestamp":"2024-04-27T13:10:50.9728198Z"},"ConditionSubClassName":{"Value":{"Body":null},"SourceTimestamp":"2024-04-27T13:10:50.9728198Z"},"EventId":{"Value":{"Type":15,"Body":"51UZKNcFPUqXrkGxtYtf3A=="},"SourceTimestamp":"2024-04-27T13:10:50.9728198Z"},"EventType":{"Value":{"Type":17,"Body":{"Id":10751}},"SourceTimestamp":"2024-04-27T13:10:50.9728198Z"},"LocalTime":{"Value":{"Type":22,"Body":{"TypeId":{"Id":15086},"Body":{"Offset":120,"DaylightSavingInOffset":true}}},"SourceTimestamp":"2024-04-27T13:10:50.9728198Z"},"Message":{"Value":{"Type":21,"Body":{"Text":"The alarm severity has increased."}},"SourceTimestamp":"2024-04-27T13:10:50.9728198Z"},"ReceiveTime":{"Value":{"Type":13,"Body":"2024-04-27T13:10:50.1199014Z"},"SourceTimestamp":"2024-04-27T13:10:50.9728198Z"},"Severity":{"Value":{"Type":5,"Body":300},"SourceTimestamp":"2024-04-27T13:10:50.9728198Z"},"SourceName":{"Value":{"Type":12,"Body":"WestTank"},"SourceTimestamp":"2024-04-27T13:10:50.9728198Z"},"SourceNode":{"Value":{"Type":17,"Body":{"IdType":1,"Id":"1:Metals/WestTank","Namespace":15}},"SourceTimestamp":"2024-04-27T13:10:50.9728198Z"},"Time":{"Value":{"Type":13,"Body":"2024-04-27T13:10:50.1198911Z"},"SourceTimestamp":"2024-04-27T13:10:50.9728198Z"}}}]}