{"MessageId":"fc44003a-ba2f-4959-9277-526cdf16db57","MessageType":"ua-data","PublisherId":"DESKTOP-BGFJS91","DataSetWriterGroup":"<<UnknownWriterGroup>>","Messages":[{"SequenceNumber":58,"MetaDataVersion":{"MajorVersion":1},"Timestamp":"2024-04-27T13:10:55.4246613Z","MessageType":"ua-condition","DataSetWriterName":"<<UnknownDataSet>>|PendingAlarms","Payload":{"ConditionClassId":{"Value":{"Body":null},"SourceTimestamp":"2024-04-27T13:10:54.9885164Z"},"ConditionClassName":{"Value":{"Body":null},"SourceTimestamp":"2024-04-27T13:10:54.9885164Z"},"ConditionSubClassId":{"Value":{"Body":null},"SourceTimestamp":"2024-04-27T13:10:54.9885164Z"},"ConditionSubClassName":{"Value":{"Body":null},"SourceTimestamp":"2024-04-27T13:10:54.9885164Z"},"EventId":{"Value":{"Type":15,"Body":"n1F8J9T+IEi44g2lCmo0fw=="},"SourceTimestamp":"2024-04-27T13:10:54.9885164Z"},"EventType":{"Value":{"Type":17,"Body":{"Id":9764}},"SourceTimestamp":"2024-04-27T13:10:54.9885164Z"},"LocalTime":{"Value":{"Type":22,"Body":{"TypeId":{"Id":15086},"Body":{"Offset":120,"DaylightSavingInOffset":true}}},"SourceTimestamp":"2024-04-27T13:10:54.9885164Z"},"Message":{"Value":{"Type":21,"Body":{"Text":"The alarm is active."}},"SourceTimestamp":"2024-04-27T13:10:54.9885164Z"},"ReceiveTime":{"Value":{"Type":13,"Body":"2024-04-27T13:10:54.1192047Z"},"SourceTimestamp":"2024-04-27T13:10:54.9885164Z"},"Severity":{"Value":{"Type":5,"Body":100},"SourceTimestamp":"2024-04-27T13:10:54.9885164Z"},"SourceName":{"Value":{"Type":12,"Body":"WestTank"},"SourceTimestamp":"2024-04-27T13:10:54.9885164Z"},"SourceNode":{"Value":{"Type":17,"Body":{"IdType":1,"Id":"1:Metals/WestTank","Namespace":15}},"SourceTimestamp":"2024-04-27T13:10:54.9885164Z"},"Time":{"Value":{"Type":13,"Body":"2024-04-27T13:10:54.1192013Z"},"SourceTimestamp":"2024-04-27T13:10:54.9885164Z"}}}]}