{"MessageId":"27d790d7-4f20-4d83-b4e0-25c9a9a0d6f9","MessageType":"ua-data","PublisherId":"DESKTOP-BGFJS91","DataSetWriterGroup":"<<UnknownWriterGroup>>","Messages":[{"SequenceNumber":61,"MetaDataVersion":{"MajorVersion":1},"Timestamp":"2024-04-27T13:10:55.4250611Z","MessageType":"ua-condition","DataSetWriterName":"<<UnknownDataSet>>|PendingAlarms","Payload":{"ConditionClassId":{"Value":{"Body":null},"SourceTimestamp":"2024-04-27T13:10:49.979537Z"},"ConditionClassName":{"Value":{"Body":null},"SourceTimestamp":"2024-04-27T13:10:49.979537Z"},"ConditionSubClassId":{"Value":{"Body":null},"SourceTimestamp":"2024-04-27T13:10:49.979537Z"},"ConditionSubClassName":{"Value":{"Body":null},"SourceTimestamp":"2024-04-27T13:10:49.979537Z"},"EventId":{"Value":{"Type":15,"Body":"UFMBRhZVqE6rxyzr/qOhmg=="},"SourceTimestamp":"2024-04-27T13:10:49.979537Z"},"EventType":{"Value":{"Type":17,"Body":{"Id":9764}},"SourceTimestamp":"2024-04-27T13:10:49.979537Z"},"LocalTime":{"Value":{"Type":22,"Body":{"TypeId":{"Id":15086},"Body":{"Offset":120,"DaylightSavingInOffset":true}}},"SourceTimestamp":"2024-04-27T13:10:49.979537Z"},"Message":{"Value":{"Type":21,"Body":{"Text":"The alarm was deactivated by the system."}},"SourceTimestamp":"2024-04-27T13:10:49.979537Z"},"ReceiveTime":{"Value":{"Type":13,"Body":"2024-04-27T13:10:49.1170385Z"},"SourceTimestamp":"2024-04-27T13:10:49.979537Z"},"Severity":{"Value":{"Type":5,"Body":100},"SourceTimestamp":"2024-04-27T13:10:49.979537Z"},"SourceName":{"Value":{"Type":12,"Body":"SouthMotor"},"SourceTimestamp":"2024-04-27T13:10:49.979537Z"},"SourceNode":{"Value":{"Type":17,"Body":{"IdType":1,"Id":"1:Metals/SouthMotor","Namespace":15}},"SourceTimestamp":"2024-04-27T13:10:49.979537Z"},"Time":{"Value":{"Type":13,"Body":"2024-04-27T13:10:49.1170354Z"},"SourceTimestamp":"2024-04-27T13:10:49.979537Z"}}}]}