{"MessageId":"44da4d8f-4a5c-4181-93ac-0edf98b99e55","MessageType":"ua-data","PublisherId":"DESKTOP-BGFJS91","DataSetWriterGroup":"<<UnknownWriterGroup>>","Messages":[{"SequenceNumber":63,"MetaDataVersion":{"MajorVersion":1},"Timestamp":"2024-04-27T13:11:05.4849889Z","MessageType":"ua-condition","DataSetWriterName":"<<UnknownDataSet>>|PendingAlarms","Payload":{"ConditionClassId":{"Value":{"Body":null},"SourceTimestamp":"2024-04-27T13:11:01.0000866Z"},"ConditionClassName":{"Value":{"Body":null},"SourceTimestamp":"2024-04-27T13:11:01.0000866Z"},"ConditionSubClassId":{"Value":{"Body":null},"SourceTimestamp":"2024-04-27T13:11:01.0000866Z"},"ConditionSubClassName":{"Value":{"Body":null},"SourceTimestamp":"2024-04-27T13:11:01.0000866Z"},"EventId":{"Value":{"Type":15,"Body":"2UK43x9X2ECxFOslKCyL0w=="},"SourceTimestamp":"2024-04-27T13:11:01.0000866Z"},"EventType":{"Value":{"Type":17,"Body":{"Id":10060}},"SourceTimestamp":"2024-04-27T13:11:01.0000866Z"},"LocalTime":{"Value":{"Type":22,"Body":{"TypeId":{"Id":15086},"Body":{"Offset":120,"DaylightSavingInOffset":true}}},"SourceTimestamp":"2024-04-27T13:11:01.0000866Z"},"Message":{"Value":{"Type":21,"Body":{"Text":"The alarm is active."}},"SourceTimestamp":"2024-04-27T13:11:01.0000866Z"},"ReceiveTime":{"Value":{"Type":13,"Body":"2024-04-27T13:11:00.1229362Z"},"SourceTimestamp":"2024-04-27T13:11:01.0000866Z"},"Severity":{"Value":{"Type":5,"Body":100},"SourceTimestamp":"2024-04-27T13:11:01.0000866Z"},"SourceName":{"Value":{"Type":12,"Body":"WestTank"},"SourceTimestamp":"2024-04-27T13:11:01.0000866Z"},"SourceNode":{"Value":{"Type":17,"Body":{"IdType":1,"Id":"1:Metals/WestTank","Namespace":15}},"SourceTimestamp":"2024-04-27T13:11:01.0000866Z"},"Time":{"Value":{"Type":13,"Body":"2024-04-27T13:11:00.1229293Z"},"SourceTimestamp":"2024-04-27T13:11:01.0000866Z"}}}]}