{"MessageId":"1144b1ff-c4c2-45d9-9022-a195e239e6f1","MessageType":"ua-data","PublisherId":"DESKTOP-BGFJS91","DataSetWriterGroup":"<<UnknownWriterGroup>>","Messages":[{"SequenceNumber":71,"MetaDataVersion":{"MajorVersion":1},"Timestamp":"2024-04-27T13:11:05.4860907Z","MessageType":"ua-condition","DataSetWriterName":"<<UnknownDataSet>>|PendingAlarms","Payload":{"ConditionClassId":{"Value":{"Body":null},"SourceTimestamp":"2024-04-27T13:11:04.9553179Z"},"ConditionClassName":{"Value":{"Body":null},"SourceTimestamp":"2024-04-27T13:11:04.9553179Z"},"ConditionSubClassId":{"Value":{"Body":null},"SourceTimestamp":"2024-04-27T13:11:04.9553179Z"},"ConditionSubClassName":{"Value":{"Body":null},"SourceTimestamp":"2024-04-27T13:11:04.9553179Z"},"EventId":{"Value":{"Type":15,"Body":"hJPid2RZBESmuryt0qoV/Q=="},"SourceTimestamp":"2024-04-27T13:11:04.9553179Z"},"EventType":{"Value":{"Type":17,"Body":{"Id":10060}},"SourceTimestamp":"2024-04-27T13:11:04.9553179Z"},"LocalTime":{"Value":{"Type":22,"Body":{"TypeId":{"Id":15086},"Body":{"Offset":120,"DaylightSavingInOffset":true}}},"SourceTimestamp":"2024-04-27T13:11:04.9553179Z"},"Message":{"Value":{"Type":21,"Body":{"Text":"The alarm severity has increased."}},"SourceTimestamp":"2024-04-27T13:11:04.9553179Z"},"ReceiveTime":{"Value":{"Type":13,"Body":"2024-04-27T13:11:04.1192013Z"},"SourceTimestamp":"2024-04-27T13:11:04.9553179Z"},"Severity":{"Value":{"Type":5,"Body":300},"SourceTimestamp":"2024-04-27T13:11:04.9553179Z"},"SourceName":{"Value":{"Type":12,"Body":"NorthMotor"},"SourceTimestamp":"2024-04-27T13:11:04.9553179Z"},"SourceNode":{"Value":{"Type":17,"Body":{"IdType":1,"Id":"1:Colours/NorthMotor","Namespace":15}},"SourceTimestamp":"2024-04-27T13:11:04.9553179Z"},"Time":{"Value":{"Type":13,"Body":"2024-04-27T13:11:04.119194Z"},"SourceTimestamp":"2024-04-27T13:11:04.9553179Z"}}}]}