{"MessageId":"9aabc4ad-7e7e-4fd1-b941-5af4b91d2c55","MessageType":"ua-data","PublisherId":"DESKTOP-BGFJS91","DataSetWriterGroup":"<<UnknownWriterGroup>>","Messages":[{"SequenceNumber":82,"MetaDataVersion":{"MajorVersion":1},"Timestamp":"2024-04-27T13:11:15.5699675Z","MessageType":"ua-condition","DataSetWriterName":"<<UnknownDataSet>>|PendingAlarms","Payload":{"ConditionClassId":{"Value":{"Body":null},"SourceTimestamp":"2024-04-27T13:11:14.994626Z"},"ConditionClassName":{"Value":{"Body":null},"SourceTimestamp":"2024-04-27T13:11:14.994626Z"},"ConditionSubClassId":{"Value":{"Body":null},"SourceTimestamp":"2024-04-27T13:11:14.994626Z"},"ConditionSubClassName":{"Value":{"Body":null},"SourceTimestamp":"2024-04-27T13:11:14.994626Z"},"EventId":{"Value":{"Type":15,"Body":"qu+Hb1+RS0qaAzyJ1PniLA=="},"SourceTimestamp":"2024-04-27T13:11:14.994626Z"},"EventType":{"Value":{"Type":17,"Body":{"Id":9764}},"SourceTimestamp":"2024-04-27T13:11:14.994626Z"},"LocalTime":{"Value":{"Type":22,"Body":{"TypeId":{"Id":15086},"Body":{"Offset":120,"DaylightSavingInOffset":true}}},"SourceTimestamp":"2024-04-27T13:11:14.994626Z"},"Message":{"Value":{"Type":21,"Body":{"Text":"The alarm severity has increased."}},"SourceTimestamp":"2024-04-27T13:11:14.994626Z"},"ReceiveTime":{"Value":{"Type":13,"Body":"2024-04-27T13:11:14.129093Z"},"SourceTimestamp":"2024-04-27T13:11:14.994626Z"},"Severity":{"Value":{"Type":5,"Body":500},"SourceTimestamp":"2024-04-27T13:11:14.994626Z"},"SourceName":{"Value":{"Type":12,"Body":"WestTank"},"SourceTimestamp":"2024-04-27T13:11:14.994626Z"},"SourceNode":{"Value":{"Type":17,"Body":{"IdType":1,"Id":"1:Metals/WestTank","Namespace":15}},"SourceTimestamp":"2024-04-27T13:11:14.994626Z"},"Time":{"Value":{"Type":13,"Body":"2024-04-27T13:11:14.1290877Z"},"SourceTimestamp":"2024-04-27T13:11:14.994626Z"}}}]}