{"MessageId":"b67e2437-be24-4cb3-aab7-5515379219b2","MessageType":"ua-data","PublisherId":"DESKTOP-BGFJS91","DataSetWriterGroup":"<<UnknownWriterGroup>>","Messages":[{"SequenceNumber":86,"MetaDataVersion":{"MajorVersion":1},"Timestamp":"2024-04-27T13:11:25.6139329Z","MessageType":"ua-condition","DataSetWriterName":"<<UnknownDataSet>>|PendingAlarms","Payload":{"ConditionClassId":{"Value":{"Body":null},"SourceTimestamp":"2024-04-27T13:11:22.9471382Z"},"ConditionClassName":{"Value":{"Body":null},"SourceTimestamp":"2024-04-27T13:11:22.9471382Z"},"ConditionSubClassId":{"Value":{"Body":null},"SourceTimestamp":"2024-04-27T13:11:22.9471382Z"},"ConditionSubClassName":{"Value":{"Body":null},"SourceTimestamp":"2024-04-27T13:11:22.9471382Z"},"EventId":{"Value":{"Type":15,"Body":"Wsrreb4m2kuf2y4VupFffQ=="},"SourceTimestamp":"2024-04-27T13:11:22.9471382Z"},"EventType":{"Value":{"Type":17,"Body":{"Id":9764}},"SourceTimestamp":"2024-04-27T13:11:22.9471382Z"},"LocalTime":{"Value":{"Type":22,"Body":{"TypeId":{"Id":15086},"Body":{"Offset":120,"DaylightSavingInOffset":true}}},"SourceTimestamp":"2024-04-27T13:11:22.9471382Z"},"Message":{"Value":{"Type":21,"Body":{"Text":"The alarm was deactivated by the system."}},"SourceTimestamp":"2024-04-27T13:11:22.9471382Z"},"ReceiveTime":{"Value":{"Type":13,"Body":"2024-04-27T13:11:22.1251968Z"},"SourceTimestamp":"2024-04-27T13:11:22.9471382Z"},"Severity":{"Value":{"Type":5,"Body":100},"SourceTimestamp":"2024-04-27T13:11:22.9471382Z"},"SourceName":{"Value":{"Type":12,"Body":"EastTank"},"SourceTimestamp":"2024-04-27T13:11:22.9471382Z"},"SourceNode":{"Value":{"Type":17,"Body":{"IdType":1,"Id":"1:Colours/EastTank","Namespace":15}},"SourceTimestamp":"2024-04-27T13:11:22.9471382Z"},"Time":{"Value":{"Type":13,"Body":"2024-04-27T13:11:22.1251798Z"},"SourceTimestamp":"2024-04-27T13:11:22.9471382Z"}}}]}