{"MessageId":"3fd428b4-d5fc-4fed-9c5e-138b1ec9106c","MessageType":"ua-data","PublisherId":"DESKTOP-BGFJS91","DataSetWriterGroup":"<<UnknownWriterGroup>>","Messages":[{"SequenceNumber":88,"MetaDataVersion":{"MajorVersion":1},"Timestamp":"2024-04-27T13:11:25.6144768Z","MessageType":"ua-condition","DataSetWriterName":"<<UnknownDataSet>>|PendingAlarms","Payload":{"ConditionClassId":{"Value":{"Body":null},"SourceTimestamp":"2024-04-27T13:11:22.9471382Z"},"ConditionClassName":{"Value":{"Body":null},"SourceTimestamp":"2024-04-27T13:11:22.9471382Z"},"ConditionSubClassId":{"Value":{"Body":null},"SourceTimestamp":"2024-04-27T13:11:22.9471382Z"},"ConditionSubClassName":{"Value":{"Body":null},"SourceTimestamp":"2024-04-27T13:11:22.9471382Z"},"EventId":{"Value":{"Type":15,"Body":"GK9ohS5opEubdXCNjbhilg=="},"SourceTimestamp":"2024-04-27T13:11:22.9471382Z"},"EventType":{"Value":{"Type":17,"Body":{"Id":10751}},"SourceTimestamp":"2024-04-27T13:11:22.9471382Z"},"LocalTime":{"Value":{"Type":22,"Body":{"TypeId":{"Id":15086},"Body":{"Offset":120,"DaylightSavingInOffset":true}}},"SourceTimestamp":"2024-04-27T13:11:22.9471382Z"},"Message":{"Value":{"Type":21,"Body":{"Text":"The alarm severity has increased."}},"SourceTimestamp":"2024-04-27T13:11:22.9471382Z"},"ReceiveTime":{"Value":{"Type":13,"Body":"2024-04-27T13:11:22.1254457Z"},"SourceTimestamp":"2024-04-27T13:11:22.9471382Z"},"Severity":{"Value":{"Type":5,"Body":500},"SourceTimestamp":"2024-04-27T13:11:22.9471382Z"},"SourceName":{"Value":{"Type":12,"Body":"NorthMotor"},"SourceTimestamp":"2024-04-27T13:11:22.9471382Z"},"SourceNode":{"Value":{"Type":17,"Body":{"IdType":1,"Id":"1:Colours/NorthMotor","Namespace":15}},"SourceTimestamp":"2024-04-27T13:11:22.9471382Z"},"Time":{"Value":{"Type":13,"Body":"2024-04-27T13:11:22.1254405Z"},"SourceTimestamp":"2024-04-27T13:11:22.9471382Z"}}}]}