{"MessageId":"fb5b7daf-7266-4fc4-b587-07762b535438","MessageType":"ua-data","PublisherId":"DESKTOP-BGFJS91","DataSetWriterGroup":"<<UnknownWriterGroup>>","Messages":[{"SequenceNumber":89,"MetaDataVersion":{"MajorVersion":1},"Timestamp":"2024-04-27T13:11:25.6146188Z","MessageType":"ua-condition","DataSetWriterName":"<<UnknownDataSet>>|PendingAlarms","Payload":{"ConditionClassId":{"Value":{"Body":null},"SourceTimestamp":"2024-04-27T13:11:24.9738999Z"},"ConditionClassName":{"Value":{"Body":null},"SourceTimestamp":"2024-04-27T13:11:24.9738999Z"},"ConditionSubClassId":{"Value":{"Body":null},"SourceTimestamp":"2024-04-27T13:11:24.9738999Z"},"ConditionSubClassName":{"Value":{"Body":null},"SourceTimestamp":"2024-04-27T13:11:24.9738999Z"},"EventId":{"Value":{"Type":15,"Body":"+zCGFRDrb0CX+6wlKbJ1XA=="},"SourceTimestamp":"2024-04-27T13:11:24.9738999Z"},"EventType":{"Value":{"Type":17,"Body":{"Id":9764}},"SourceTimestamp":"2024-04-27T13:11:24.9738999Z"},"LocalTime":{"Value":{"Type":22,"Body":{"TypeId":{"Id":15086},"Body":{"Offset":120,"DaylightSavingInOffset":true}}},"SourceTimestamp":"2024-04-27T13:11:24.9738999Z"},"Message":{"Value":{"Type":21,"Body":{"Text":"The alarm severity has increased."}},"SourceTimestamp":"2024-04-27T13:11:24.9738999Z"},"ReceiveTime":{"Value":{"Type":13,"Body":"2024-04-27T13:11:24.1217939Z"},"SourceTimestamp":"2024-04-27T13:11:24.9738999Z"},"Severity":{"Value":{"Type":5,"Body":900},"SourceTimestamp":"2024-04-27T13:11:24.9738999Z"},"SourceName":{"Value":{"Type":12,"Body":"NorthMotor"},"SourceTimestamp":"2024-04-27T13:11:24.9738999Z"},"SourceNode":{"Value":{"Type":17,"Body":{"IdType":1,"Id":"1:Colours/NorthMotor","Namespace":15}},"SourceTimestamp":"2024-04-27T13:11:24.9738999Z"},"Time":{"Value":{"Type":13,"Body":"2024-04-27T13:11:24.121789Z"},"SourceTimestamp":"2024-04-27T13:11:24.9738999Z"}}}]}