{"MessageId":"68770b04-a794-4740-b5be-7c7b2b6358ce","MessageType":"ua-data","PublisherId":"DESKTOP-BGFJS91","DataSetWriterGroup":"<<UnknownWriterGroup>>","Messages":[{"SequenceNumber":9,"MetaDataVersion":{"MajorVersion":1},"Timestamp":"2024-04-27T13:10:05.0837774Z","MessageType":"ua-condition","DataSetWriterName":"<<UnknownDataSet>>|PendingAlarms","Payload":{"ConditionClassId":{"Value":{"Body":null},"SourceTimestamp":"2024-04-27T13:10:04.9990552Z"},"ConditionClassName":{"Value":{"Body":null},"SourceTimestamp":"2024-04-27T13:10:04.9990552Z"},"ConditionSubClassId":{"Value":{"Body":null},"SourceTimestamp":"2024-04-27T13:10:04.9990552Z"},"ConditionSubClassName":{"Value":{"Body":null},"SourceTimestamp":"2024-04-27T13:10:04.9990552Z"},"EventId":{"Value":{"Type":15,"Body":"iNWVu5J5M0uKdP6/1tCCVw=="},"SourceTimestamp":"2024-04-27T13:10:04.9990552Z"},"EventType":{"Value":{"Type":17,"Body":{"Id":9764}},"SourceTimestamp":"2024-04-27T13:10:04.9990552Z"},"LocalTime":{"Value":{"Type":22,"Body":{"TypeId":{"Id":15086},"Body":{"Offset":120,"DaylightSavingInOffset":true}}},"SourceTimestamp":"2024-04-27T13:10:04.9990552Z"},"Message":{"Value":{"Type":21,"Body":{"Text":"The alarm severity has increased."}},"SourceTimestamp":"2024-04-27T13:10:04.9990552Z"},"ReceiveTime":{"Value":{"Type":13,"Body":"2024-04-27T13:10:04.1151147Z"},"SourceTimestamp":"2024-04-27T13:10:04.9990552Z"},"Severity":{"Value":{"Type":5,"Body":300},"SourceTimestamp":"2024-04-27T13:10:04.9990552Z"},"SourceName":{"Value":{"Type":12,"Body":"WestTank"},"SourceTimestamp":"2024-04-27T13:10:04.9990552Z"},"SourceNode":{"Value":{"Type":17,"Body":{"IdType":1,"Id":"1:Metals/WestTank","Namespace":15}},"SourceTimestamp":"2024-04-27T13:10:04.9990552Z"},"Time":{"Value":{"Type":13,"Body":"2024-04-27T13:10:04.115109Z"},"SourceTimestamp":"2024-04-27T13:10:04.9990552Z"}}}]}