{"MessageId":"0bb19a52-36fc-4322-b46b-76c9243caee4","MessageType":"ua-data","PublisherId":"DESKTOP-BGFJS91","DataSetWriterGroup":"<<UnknownWriterGroup>>","Messages":[{"SequenceNumber":96,"MetaDataVersion":{"MajorVersion":1},"Timestamp":"2024-04-27T13:11:35.6775034Z","MessageType":"ua-condition","DataSetWriterName":"<<UnknownDataSet>>|PendingAlarms","Payload":{"ConditionClassId":{"Value":{"Body":null},"SourceTimestamp":"2024-04-27T13:11:30.9825979Z"},"ConditionClassName":{"Value":{"Body":null},"SourceTimestamp":"2024-04-27T13:11:30.9825979Z"},"ConditionSubClassId":{"Value":{"Body":null},"SourceTimestamp":"2024-04-27T13:11:30.9825979Z"},"ConditionSubClassName":{"Value":{"Body":null},"SourceTimestamp":"2024-04-27T13:11:30.9825979Z"},"EventId":{"Value":{"Type":15,"Body":"59tFYOk31UuReWcXadxsYw=="},"SourceTimestamp":"2024-04-27T13:11:30.9825979Z"},"EventType":{"Value":{"Type":17,"Body":{"Id":9764}},"SourceTimestamp":"2024-04-27T13:11:30.9825979Z"},"LocalTime":{"Value":{"Type":22,"Body":{"TypeId":{"Id":15086},"Body":{"Offset":120,"DaylightSavingInOffset":true}}},"SourceTimestamp":"2024-04-27T13:11:30.9825979Z"},"Message":{"Value":{"Type":21,"Body":{"Text":"The alarm is active."}},"SourceTimestamp":"2024-04-27T13:11:30.9825979Z"},"ReceiveTime":{"Value":{"Type":13,"Body":"2024-04-27T13:11:30.1274265Z"},"SourceTimestamp":"2024-04-27T13:11:30.9825979Z"},"Severity":{"Value":{"Type":5,"Body":100},"SourceTimestamp":"2024-04-27T13:11:30.9825979Z"},"SourceName":{"Value":{"Type":12,"Body":"EastTank"},"SourceTimestamp":"2024-04-27T13:11:30.9825979Z"},"SourceNode":{"Value":{"Type":17,"Body":{"IdType":1,"Id":"1:Colours/EastTank","Namespace":15}},"SourceTimestamp":"2024-04-27T13:11:30.9825979Z"},"Time":{"Value":{"Type":13,"Body":"2024-04-27T13:11:30.1273859Z"},"SourceTimestamp":"2024-04-27T13:11:30.9825979Z"}}}]}