{"MessageId":"9913b4b7-c80c-41e7-819a-b4a739f12f53","MessageType":"ua-data","PublisherId":"DESKTOP-BGFJS91","DataSetWriterGroup":"<<UnknownWriterGroup>>","Messages":[{"SequenceNumber":98,"MetaDataVersion":{"MajorVersion":1},"Timestamp":"2024-04-27T13:11:35.6781457Z","MessageType":"ua-condition","DataSetWriterName":"<<UnknownDataSet>>|PendingAlarms","Payload":{"ConditionClassId":{"Value":{"Body":null},"SourceTimestamp":"2024-04-27T13:11:33.9572625Z"},"ConditionClassName":{"Value":{"Body":null},"SourceTimestamp":"2024-04-27T13:11:33.9572625Z"},"ConditionSubClassId":{"Value":{"Body":null},"SourceTimestamp":"2024-04-27T13:11:33.9572625Z"},"ConditionSubClassName":{"Value":{"Body":null},"SourceTimestamp":"2024-04-27T13:11:33.9572625Z"},"EventId":{"Value":{"Type":15,"Body":"XobzDeuQVEK9OhcAxxyUFg=="},"SourceTimestamp":"2024-04-27T13:11:33.9572625Z"},"EventType":{"Value":{"Type":17,"Body":{"Id":10751}},"SourceTimestamp":"2024-04-27T13:11:33.9572625Z"},"LocalTime":{"Value":{"Type":22,"Body":{"TypeId":{"Id":15086},"Body":{"Offset":120,"DaylightSavingInOffset":true}}},"SourceTimestamp":"2024-04-27T13:11:33.9572625Z"},"Message":{"Value":{"Type":21,"Body":{"Text":"The alarm severity has increased."}},"SourceTimestamp":"2024-04-27T13:11:33.9572625Z"},"ReceiveTime":{"Value":{"Type":13,"Body":"2024-04-27T13:11:33.1201031Z"},"SourceTimestamp":"2024-04-27T13:11:33.9572625Z"},"Severity":{"Value":{"Type":5,"Body":700},"SourceTimestamp":"2024-04-27T13:11:33.9572625Z"},"SourceName":{"Value":{"Type":12,"Body":"NorthMotor"},"SourceTimestamp":"2024-04-27T13:11:33.9572625Z"},"SourceNode":{"Value":{"Type":17,"Body":{"IdType":1,"Id":"1:Colours/NorthMotor","Namespace":15}},"SourceTimestamp":"2024-04-27T13:11:33.9572625Z"},"Time":{"Value":{"Type":13,"Body":"2024-04-27T13:11:33.1199935Z"},"SourceTimestamp":"2024-04-27T13:11:33.9572625Z"}}}]}