{"MessageId":"6f5d2c35-9c1c-4edb-bf7e-eb5db256f51c","MessageType":"ua-data","PublisherId":"DESKTOP-BGFJS91","DataSetWriterGroup":"Packaging","Messages":[{"DataSetWriterId":1,"SequenceNumber":9,"MetaDataVersion":{"MajorVersion":1},"Timestamp":"2024-04-26T12:03:31.3055634Z","MessageType":"ua-deltaframe","DataSetWriterName":"<<UnknownDataSet>>","Payload":{"nsu=http://opcfoundation.org/UA/Plc/Applications;s=SpikeData":{"Value":{"Type":11,"Body":-99.80267284282715},"SourceTimestamp":"2024-04-26T12:03:31.1796208Z","ServerTimestamp":"2024-04-26T12:03:31.1796228Z"}}}]}