{"MessageId":"b12a872f-849c-4a56-a656-799181d65338","MessageType":"ua-data","PublisherId":"DESKTOP-BGFJS91","DataSetWriterGroup":"Packaging","Messages":[{"SequenceNumber":10,"MetaDataVersion":{"MajorVersion":1},"Timestamp":"2024-04-26T12:05:01.267142Z","MessageType":"ua-deltaframe","DataSetWriterName":"<<UnknownDataSet>>","Payload":{"nsu=http://opcfoundation.org/UA/Plc/Applications;s=SlowRandomUIntScalar1":{"Value":{"Type":7,"Body":1468496382},"SourceTimestamp":"2024-04-26T12:04:59.8854188Z","ServerTimestamp":"2024-04-26T12:04:59.8854236Z"},"nsu=http://opcfoundation.org/UA/Plc/Applications;s=SlowRandomUIntScalar2":{"Value":{"Type":7,"Body":3316248306},"SourceTimestamp":"2024-04-26T12:04:59.8854252Z","ServerTimestamp":"2024-04-26T12:04:59.8854265Z"},"nsu=http://opcfoundation.org/UA/Plc/Applications;s=SlowRandomUIntScalar3":{"Value":{"Type":7,"Body":476971448},"SourceTimestamp":"2024-04-26T12:04:59.8854274Z","ServerTimestamp":"2024-04-26T12:04:59.8854342Z"},"nsu=http://opcfoundation.org/UA/Plc/Applications;s=BadSlowRandomUIntScalar1":{"Value":{"Body":null},"StatusCode":2150694912,"SourceTimestamp":"2024-04-26T12:04:59.885437Z","ServerTimestamp":"2024-04-26T12:04:59.885437Z"}}}]}