{"MessageId":"1df51a61-db5c-495c-a08c-f2e3167034f3","MessageType":"ua-data","PublisherId":"DESKTOP-BGFJS91","DataSetWriterGroup":"Packaging","Messages":[{"DataSetWriterId":1,"SequenceNumber":96,"MetaDataVersion":{"MajorVersion":1},"Timestamp":"2024-04-26T12:05:05.3465701Z","MessageType":"ua-deltaframe","DataSetWriterName":"<<UnknownDataSet>>","Payload":{"nsu=http://opcfoundation.org/UA/Plc/Applications;s=SpikeData":{"Value":{"Type":11,"Body":-36.812455268467787},"SourceTimestamp":"2024-04-26T12:05:05.2835727Z","ServerTimestamp":"2024-04-26T12:05:05.2835742Z"}}}]}