{"MessageId":"2303da92-97e3-4a8a-8a0c-5cbdef5c67b3","MessageType":"ua-data","PublisherId":"DESKTOP-BGFJS91","DataSetWriterGroup":"Packaging","Messages":[{"SequenceNumber":2,"MetaDataVersion":{"MajorVersion":1},"Timestamp":"2024-04-26T12:03:41.2787625Z","MessageType":"ua-deltaframe","DataSetWriterName":"<<UnknownDataSet>>","Payload":{"nsu=http://opcfoundation.org/UA/Plc/Applications;s=SlowRandomUIntScalar1":{"Value":{"Type":7,"Body":1311579554},"SourceTimestamp":"2024-04-26T12:03:39.8781726Z","ServerTimestamp":"2024-04-26T12:03:39.8781783Z"},"nsu=http://opcfoundation.org/UA/Plc/Applications;s=SlowRandomUIntScalar2":{"Value":{"Type":7,"Body":896712026},"SourceTimestamp":"2024-04-26T12:03:39.8781797Z","ServerTimestamp":"2024-04-26T12:03:39.8781803Z"},"nsu=http://opcfoundation.org/UA/Plc/Applications;s=SlowRandomUIntScalar3":{"Value":{"Type":7,"Body":2070166210},"SourceTimestamp":"2024-04-26T12:03:39.8781812Z","ServerTimestamp":"2024-04-26T12:03:39.878182Z"},"nsu=http://opcfoundation.org/UA/Plc/Applications;s=BadSlowRandomUIntScalar1":{"Value":{"Type":7,"Body":596762313},"SourceTimestamp":"2024-04-26T12:03:39.8781833Z","ServerTimestamp":"2024-04-26T12:03:39.8781841Z"}}}]}