{"MessageId":"b7f875d8-35eb-4bd1-829f-9c744de6c6d1","MessageType":"ua-data","PublisherId":"DESKTOP-BGFJS91","DataSetWriterGroup":"Packaging","Messages":[{"DataSetWriterId":1,"SequenceNumber":28,"MetaDataVersion":{"MajorVersion":1},"Timestamp":"2024-04-26T12:03:52.3146748Z","MessageType":"ua-deltaframe","DataSetWriterName":"<<UnknownDataSet>>","Payload":{"nsu=http://opcfoundation.org/UA/Plc/Applications;s=SpikeData":{"Value":{"Type":11,"Body":-24.8689887164855},"SourceTimestamp":"2024-04-26T12:03:52.2826102Z","ServerTimestamp":"2024-04-26T12:03:52.2826108Z"}}}]}