{"MessageId":"91480d55-b3f7-4c37-97a3-adc0cdabd7e3","MessageType":"ua-data","PublisherId":"DESKTOP-BGFJS91","DataSetWriterGroup":"Packaging","Messages":[{"DataSetWriterId":1,"SequenceNumber":36,"MetaDataVersion":{"MajorVersion":1},"Timestamp":"2024-04-26T12:04:01.2939167Z","MessageType":"ua-deltaframe","DataSetWriterName":"<<UnknownDataSet>>","Payload":{"nsu=http://opcfoundation.org/UA/Plc/Applications;s=SpikeData":{"Value":{"Type":11,"Body":-99.80267284282715},"SourceTimestamp":"2024-04-26T12:04:01.184142Z","ServerTimestamp":"2024-04-26T12:04:01.1841431Z"}}}]}