{"MessageId":"2ba5eedf-c4a5-48a6-a195-cfc00051069f","MessageType":"ua-data","PublisherId":"DESKTOP-BGFJS91","DataSetWriterGroup":"Packaging","Messages":[{"SequenceNumber":4,"MetaDataVersion":{"MajorVersion":1},"Timestamp":"2024-04-26T12:04:01.294014Z","MessageType":"ua-deltaframe","DataSetWriterName":"<<UnknownDataSet>>","Payload":{"nsu=http://opcfoundation.org/UA/Plc/Applications;s=SlowRandomUIntScalar1":{"Value":{"Type":7,"Body":312252079},"SourceTimestamp":"2024-04-26T12:03:59.8808083Z","ServerTimestamp":"2024-04-26T12:03:59.8808095Z"},"nsu=http://opcfoundation.org/UA/Plc/Applications;s=SlowRandomUIntScalar2":{"Value":{"Type":7,"Body":750886400},"SourceTimestamp":"2024-04-26T12:03:59.8808112Z","ServerTimestamp":"2024-04-26T12:03:59.8808122Z"},"nsu=http://opcfoundation.org/UA/Plc/Applications;s=SlowRandomUIntScalar3":{"Value":{"Type":7,"Body":3921961237},"SourceTimestamp":"2024-04-26T12:03:59.8808132Z","ServerTimestamp":"2024-04-26T12:03:59.8808143Z"},"nsu=http://opcfoundation.org/UA/Plc/Applications;s=BadSlowRandomUIntScalar1":{"Value":{"Type":7,"Body":3120907549},"StatusCode":1083179008,"SourceTimestamp":"2024-04-26T12:03:59.8808169Z","ServerTimestamp":"2024-04-26T12:03:59.8808179Z"}}}]}