{"MessageId":"2c40979e-30a9-4e5e-8788-e86c5b209781","MessageType":"ua-data","PublisherId":"DESKTOP-BGFJS91","DataSetWriterGroup":"Packaging","Messages":[{"DataSetWriterId":1,"SequenceNumber":39,"MetaDataVersion":{"MajorVersion":1},"Timestamp":"2024-04-26T12:04:04.3250599Z","MessageType":"ua-deltaframe","DataSetWriterName":"<<UnknownDataSet>>","Payload":{"nsu=http://opcfoundation.org/UA/Plc/Applications;s=SpikeData":{"Value":{"Type":11,"Body":77.051324277578928},"SourceTimestamp":"2024-04-26T12:04:04.2928324Z","ServerTimestamp":"2024-04-26T12:04:04.2928397Z"}}}]}