{"MessageId":"170e1500-6251-47cc-a3c7-397c4653430b","MessageType":"ua-data","PublisherId":"DESKTOP-BGFJS91","DataSetWriterGroup":"Packaging","Messages":[{"DataSetWriterId":1,"SequenceNumber":41,"MetaDataVersion":{"MajorVersion":1},"Timestamp":"2024-04-26T12:04:06.295173Z","MessageType":"ua-deltaframe","DataSetWriterName":"<<UnknownDataSet>>","Payload":{"nsu=http://opcfoundation.org/UA/Plc/Applications;s=SpikeData":{"Value":{"Type":11,"Body":-99.80267284282715},"SourceTimestamp":"2024-04-26T12:04:06.1833771Z","ServerTimestamp":"2024-04-26T12:04:06.1833782Z"}}}]}