{"MessageId":"bf05d5fc-5b0b-48e1-b260-78e4279ab3ba","MessageType":"ua-data","PublisherId":"DESKTOP-BGFJS91","DataSetWriterGroup":"Packaging","Messages":[{"DataSetWriterId":1,"SequenceNumber":45,"MetaDataVersion":{"MajorVersion":1},"Timestamp":"2024-04-26T12:04:10.3113003Z","MessageType":"ua-deltaframe","DataSetWriterName":"<<UnknownDataSet>>","Payload":{"nsu=http://opcfoundation.org/UA/Plc/Applications;s=SpikeData":{"Value":{"Type":11,"Body":-36.812455268467787},"SourceTimestamp":"2024-04-26T12:04:10.2799748Z","ServerTimestamp":"2024-04-26T12:04:10.2799758Z"}}}]}