{"MessageId":"0a573d19-cea9-4779-8985-bd56bd70509e","MessageType":"ua-data","PublisherId":"DESKTOP-BGFJS91","DataSetWriterGroup":"Packaging","Messages":[{"SequenceNumber":6,"MetaDataVersion":{"MajorVersion":1},"Timestamp":"2024-04-26T12:04:21.2936434Z","MessageType":"ua-deltaframe","DataSetWriterName":"<<UnknownDataSet>>","Payload":{"nsu=http://opcfoundation.org/UA/Plc/Applications;s=SlowRandomUIntScalar1":{"Value":{"Type":7,"Body":2464264648},"SourceTimestamp":"2024-04-26T12:04:19.8803995Z","ServerTimestamp":"2024-04-26T12:04:19.8804014Z"},"nsu=http://opcfoundation.org/UA/Plc/Applications;s=SlowRandomUIntScalar2":{"Value":{"Type":7,"Body":3444730861},"SourceTimestamp":"2024-04-26T12:04:19.8804055Z","ServerTimestamp":"2024-04-26T12:04:19.8804209Z"},"nsu=http://opcfoundation.org/UA/Plc/Applications;s=SlowRandomUIntScalar3":{"Value":{"Type":7,"Body":866826833},"SourceTimestamp":"2024-04-26T12:04:19.8804223Z","ServerTimestamp":"2024-04-26T12:04:19.8804229Z"},"nsu=http://opcfoundation.org/UA/Plc/Applications;s=BadSlowRandomUIntScalar1":{"Value":{"Type":7,"Body":3044927211},"SourceTimestamp":"2024-04-26T12:04:19.8804243Z","ServerTimestamp":"2024-04-26T12:04:19.8804249Z"}}}]}