{"MessageId":"4af0a9b2-918c-4157-9acb-cf340351b195","MessageType":"ua-data","PublisherId":"DESKTOP-BGFJS91","DataSetWriterGroup":"Packaging","Messages":[{"DataSetWriterId":1,"SequenceNumber":58,"MetaDataVersion":{"MajorVersion":1},"Timestamp":"2024-04-26T12:04:24.3030406Z","MessageType":"ua-deltaframe","DataSetWriterName":"<<UnknownDataSet>>","Payload":{"nsu=http://opcfoundation.org/UA/Plc/Applications;s=SpikeData":{"Value":{"Type":11,"Body":77.051324277578928},"SourceTimestamp":"2024-04-26T12:04:24.2871484Z","ServerTimestamp":"2024-04-26T12:04:24.2871515Z"}}}]}