{"MessageId":"e14abd28-563e-45ec-b3fc-50b0137effe4","MessageType":"ua-data","PublisherId":"DESKTOP-BGFJS91","DataSetWriterGroup":"Packaging","Messages":[{"DataSetWriterId":1,"SequenceNumber":60,"MetaDataVersion":{"MajorVersion":1},"Timestamp":"2024-04-26T12:04:26.3111664Z","MessageType":"ua-deltaframe","DataSetWriterName":"<<UnknownDataSet>>","Payload":{"nsu=http://opcfoundation.org/UA/Plc/Applications;s=SpikeData":{"Value":{"Type":11,"Body":-99.80267284282715},"SourceTimestamp":"2024-04-26T12:04:26.185244Z","ServerTimestamp":"2024-04-26T12:04:26.1852461Z"}}}]}