{"MessageId":"9b1ab2eb-483d-406f-9ba1-0d0ecdd2d17d","MessageType":"ua-data","PublisherId":"DESKTOP-BGFJS91","DataSetWriterGroup":"Packaging","Messages":[{"DataSetWriterId":1,"SequenceNumber":66,"MetaDataVersion":{"MajorVersion":1},"Timestamp":"2024-04-26T12:04:32.3276312Z","MessageType":"ua-deltaframe","DataSetWriterName":"<<UnknownDataSet>>","Payload":{"nsu=http://opcfoundation.org/UA/Plc/Applications;s=SpikeData":{"Value":{"Type":11,"Body":-24.8689887164855},"SourceTimestamp":"2024-04-26T12:04:32.2802222Z","ServerTimestamp":"2024-04-26T12:04:32.2802232Z"}}}]}