{"MessageId":"46ba7db7-10ea-4bf4-9414-4a13ef8ad0d3","MessageType":"ua-data","PublisherId":"DESKTOP-BGFJS91","DataSetWriterGroup":"Packaging","Messages":[{"SequenceNumber":9,"MetaDataVersion":{"MajorVersion":1},"Timestamp":"2024-04-26T12:04:51.2841693Z","MessageType":"ua-deltaframe","DataSetWriterName":"<<UnknownDataSet>>","Payload":{"nsu=http://opcfoundation.org/UA/Plc/Applications;s=SlowRandomUIntScalar1":{"Value":{"Type":7,"Body":1980833752},"SourceTimestamp":"2024-04-26T12:04:49.8855596Z","ServerTimestamp":"2024-04-26T12:04:49.8855606Z"},"nsu=http://opcfoundation.org/UA/Plc/Applications;s=SlowRandomUIntScalar2":{"Value":{"Type":7,"Body":729800677},"SourceTimestamp":"2024-04-26T12:04:49.8855621Z","ServerTimestamp":"2024-04-26T12:04:49.8855677Z"},"nsu=http://opcfoundation.org/UA/Plc/Applications;s=SlowRandomUIntScalar3":{"Value":{"Type":7,"Body":2223623697},"SourceTimestamp":"2024-04-26T12:04:49.8855689Z","ServerTimestamp":"2024-04-26T12:04:49.8855695Z"},"nsu=http://opcfoundation.org/UA/Plc/Applications;s=BadSlowRandomUIntScalar1":{"Value":{"Body":null},"StatusCode":2157772800,"SourceTimestamp":"2024-04-26T12:04:49.8855715Z","ServerTimestamp":"2024-04-26T12:04:49.8855715Z"}}}]}