{"MessageId":"179524af-8ef5-4773-9f3b-489c783af555","MessageType":"ua-data","PublisherId":"DESKTOP-BGFJS91","DataSetWriterGroup":"Packaging","Messages":[{"DataSetWriterId":1,"SequenceNumber":89,"MetaDataVersion":{"MajorVersion":1},"Timestamp":"2024-04-26T12:04:58.3165346Z","MessageType":"ua-deltaframe","DataSetWriterName":"<<UnknownDataSet>>","Payload":{"nsu=http://opcfoundation.org/UA/Plc/Applications;s=SpikeData":{"Value":{"Type":11,"Body":84.432792550201498},"SourceTimestamp":"2024-04-26T12:04:58.2846644Z","ServerTimestamp":"2024-04-26T12:04:58.2846919Z"}}}]}