{"$schema":"http://json-schema.org/draft-07/schema#","type":"array","items":{"$ref":"#/definitions/org.github.microsoft.opcpublisher.DataSets"},"definitions":{"org.github.microsoft.opcpublisher.MES":{"$id":"http://github.org/microsoft/opcpublisher#MES","title":"MES","type":"object"},"org.opcfoundation.UA.UInt32":{"$id":"http://opcfoundation.org/UA/#UInt32","title":"OPC UA built in type UInt32","type":"integer","minimum":0,"maximum":4294967295,"default":0,"format":"uint32"},"org.github.microsoft.opcpublisher.MES1":{"$id":"http://github.org/microsoft/opcpublisher#MES1","title":"MES1","type":"object","properties":{"nsu=http://opcfoundation.org/UA/Plc/Applications;s=StepUp":{"$ref":"#/definitions/org.opcfoundation.UA.UInt32"}}},"org.opcfoundation.UA.Boolean":{"$id":"http://opcfoundation.org/UA/#Boolean","title":"OPC UA built in type Boolean","type":"boolean"},"org.github.microsoft.opcpublisher.MES2":{"$id":"http://github.org/microsoft/opcpublisher#MES2","title":"MES2","type":"object","properties":{"nsu=http://opcfoundation.org/UA/Plc/Applications;s=AlternatingBoolean":{"$ref":"#/definitions/org.opcfoundation.UA.Boolean"}}},"org.opcfoundation.UA.Int32":{"$id":"http://opcfoundation.org/UA/#Int32","title":"OPC UA built in type Int32","type":"integer","minimum":-2147483648,"maximum":2147483647,"default":0,"format":"int32"},"org.github.microsoft.opcpublisher.MES3":{"$id":"http://github.org/microsoft/opcpublisher#MES3","title":"MES3","type":"object","properties":{"nsu=http://opcfoundation.org/UA/Plc/Applications;s=RandomSignedInt32":{"$ref":"#/definitions/org.opcfoundation.UA.Int32"}}},"org.github.microsoft.opcpublisher.MES4":{"$id":"http://github.org/microsoft/opcpublisher#MES4","title":"MES4","type":"object","properties":{"nsu=http://opcfoundation.org/UA/Plc/Applications;s=RandomUnsignedInt32":{"$ref":"#/definitions/org.opcfoundation.UA.UInt32"}}},"org.opcfoundation.UA.Double":{"$id":"http://opcfoundation.org/UA/#Double","title":"OPC UA built in type Double","type":"number","minimum":-1.7976931348623157E+308,"maximum":1.7976931348623157E+308,"default":0,"format":"double"},"org.github.microsoft.opcpublisher.MES5":{"$id":"http://github.org/microsoft/opcpublisher#MES5","title":"MES5","type":"object","properties":{"nsu=http://opcfoundation.org/UA/Plc/Applications;s=DipData":{"$ref":"#/definitions/org.opcfoundation.UA.Double"}}},"org.github.microsoft.opcpublisher.Test":{"$id":"http://github.org/microsoft/opcpublisher#Test","title":"Test","type":"object","properties":{"nsu=http://opcfoundation.org/UA/Plc/Applications;s=FastUIntScalar1":{"$ref":"#/definitions/org.opcfoundation.UA.UInt32"}}},"org.github.microsoft.opcpublisher.Test1":{"$id":"http://github.org/microsoft/opcpublisher#Test1","title":"Test1","type":"object","properties":{"nsu=http://opcfoundation.org/UA/Plc/Applications;s=FastUIntScalar2":{"$ref":"#/definitions/org.opcfoundation.UA.UInt32"}}},"org.github.microsoft.opcpublisher.Test2":{"$id":"http://github.org/microsoft/opcpublisher#Test2","title":"Test2","type":"object","properties":{"nsu=http://opcfoundation.org/UA/Plc/Applications;s=FastUIntScalar3":{"$ref":"#/definitions/org.opcfoundation.UA.UInt32"}}},"org.github.microsoft.opcpublisher.Test3":{"$id":"http://github.org/microsoft/opcpublisher#Test3","title":"Test3","type":"object","properties":{"nsu=http://opcfoundation.org/UA/Plc/Applications;s=FastRandomUIntScalar1":{"$ref":"#/definitions/org.opcfoundation.UA.UInt32"}}},"org.github.microsoft.opcpublisher.Test4":{"$id":"http://github.org/microsoft/opcpublisher#Test4","title":"Test4","type":"object","properties":{"nsu=http://opcfoundation.org/UA/Plc/Applications;s=FastRandomUIntScalar2":{"$ref":"#/definitions/org.opcfoundation.UA.UInt32"}}},"org.github.microsoft.opcpublisher.Test5":{"$id":"http://github.org/microsoft/opcpublisher#Test5","title":"Test5","type":"object","properties":{"nsu=http://opcfoundation.org/UA/Plc/Applications;s=FastRandomUIntScalar3":{"$ref":"#/definitions/org.opcfoundation.UA.UInt32"}}},"org.github.microsoft.opcpublisher.Test6":{"$id":"http://github.org/microsoft/opcpublisher#Test6","title":"Test6","type":"object","properties":{"nsu=http://opcfoundation.org/UA/Plc/Applications;s=NegativeTrendData":{"$ref":"#/definitions/org.opcfoundation.UA.Double"}}},"org.github.microsoft.opcpublisher.Assembly":{"$id":"http://github.org/microsoft/opcpublisher#Assembly","title":"Assembly","type":"object","properties":{"nsu=http://opcfoundation.org/UA/Plc/Applications;s=PositiveTrendData":{"$ref":"#/definitions/org.opcfoundation.UA.Double"}}},"org.github.microsoft.opcpublisher.Assembly1":{"$id":"http://github.org/microsoft/opcpublisher#Assembly1","title":"Assembly1","type":"object","properties":{"nsu=http://opcfoundation.org/UA/Plc/Applications;s=SlowUIntScalar1":{"$ref":"#/definitions/org.opcfoundation.UA.UInt32"}}},"org.github.microsoft.opcpublisher.Assembly2":{"$id":"http://github.org/microsoft/opcpublisher#Assembly2","title":"Assembly2","type":"object","properties":{"nsu=http://opcfoundation.org/UA/Plc/Applications;s=SlowUIntScalar2":{"$ref":"#/definitions/org.opcfoundation.UA.UInt32"}}},"org.github.microsoft.opcpublisher.Assembly3":{"$id":"http://github.org/microsoft/opcpublisher#Assembly3","title":"Assembly3","type":"object","properties":{"nsu=http://opcfoundation.org/UA/Plc/Applications;s=SlowUIntScalar3":{"$ref":"#/definitions/org.opcfoundation.UA.UInt32"}}},"org.github.microsoft.opcpublisher.Assembly4":{"$id":"http://github.org/microsoft/opcpublisher#Assembly4","title":"Assembly4","type":"object","properties":{"nsu=http://opcfoundation.org/UA/Plc/Applications;s=BadSlowUIntScalar1":{"$ref":"#/definitions/org.opcfoundation.UA.UInt32"}}},"org.github.microsoft.opcpublisher.Packaging":{"$id":"http://github.org/microsoft/opcpublisher#Packaging","title":"Packaging","type":"object","properties":{"nsu=http://opcfoundation.org/UA/Plc/Applications;s=SlowRandomUIntScalar1":{"$ref":"#/definitions/org.opcfoundation.UA.UInt32"}}},"org.github.microsoft.opcpublisher.Packaging1":{"$id":"http://github.org/microsoft/opcpublisher#Packaging1","title":"Packaging1","type":"object","properties":{"nsu=http://opcfoundation.org/UA/Plc/Applications;s=SlowRandomUIntScalar2":{"$ref":"#/definitions/org.opcfoundation.UA.UInt32"}}},"org.github.microsoft.opcpublisher.Packaging2":{"$id":"http://github.org/microsoft/opcpublisher#Packaging2","title":"Packaging2","type":"object","properties":{"nsu=http://opcfoundation.org/UA/Plc/Applications;s=SlowRandomUIntScalar3":{"$ref":"#/definitions/org.opcfoundation.UA.UInt32"}}},"org.github.microsoft.opcpublisher.Packaging3":{"$id":"http://github.org/microsoft/opcpublisher#Packaging3","title":"Packaging3","type":"object","properties":{"nsu=http://opcfoundation.org/UA/Plc/Applications;s=BadSlowRandomUIntScalar1":{"$ref":"#/definitions/org.opcfoundation.UA.UInt32"}}},"org.github.microsoft.opcpublisher.Packaging4":{"$id":"http://github.org/microsoft/opcpublisher#Packaging4","title":"Packaging4","type":"object","properties":{"nsu=http://opcfoundation.org/UA/Plc/Applications;s=SpikeData":{"$ref":"#/definitions/org.opcfoundation.UA.Double"}}},"org.github.microsoft.opcpublisher.DataSets":{"$id":"http://github.org/microsoft/opcpublisher#DataSets","type":"object","oneOf":[{"$ref":"#/definitions/org.github.microsoft.opcpublisher.MES"},{"$ref":"#/definitions/org.github.microsoft.opcpublisher.MES1"},{"$ref":"#/definitions/org.github.microsoft.opcpublisher.MES2"},{"$ref":"#/definitions/org.github.microsoft.opcpublisher.MES3"},{"$ref":"#/definitions/org.github.microsoft.opcpublisher.MES4"},{"$ref":"#/definitions/org.github.microsoft.opcpublisher.MES5"},{"$ref":"#/definitions/org.github.microsoft.opcpublisher.Test"},{"$ref":"#/definitions/org.github.microsoft.opcpublisher.Test1"},{"$ref":"#/definitions/org.github.microsoft.opcpublisher.Test2"},{"$ref":"#/definitions/org.github.microsoft.opcpublisher.Test3"},{"$ref":"#/definitions/org.github.microsoft.opcpublisher.Test4"},{"$ref":"#/definitions/org.github.microsoft.opcpublisher.Test5"},{"$ref":"#/definitions/org.github.microsoft.opcpublisher.Test6"},{"$ref":"#/definitions/org.github.microsoft.opcpublisher.Assembly"},{"$ref":"#/definitions/org.github.microsoft.opcpublisher.Assembly1"},{"$ref":"#/definitions/org.github.microsoft.opcpublisher.Assembly2"},{"$ref":"#/definitions/org.github.microsoft.opcpublisher.Assembly3"},{"$ref":"#/definitions/org.github.microsoft.opcpublisher.Assembly4"},{"$ref":"#/definitions/org.github.microsoft.opcpublisher.Packaging"},{"$ref":"#/definitions/org.github.microsoft.opcpublisher.Packaging1"},{"$ref":"#/definitions/org.github.microsoft.opcpublisher.Packaging2"},{"$ref":"#/definitions/org.github.microsoft.opcpublisher.Packaging3"},{"$ref":"#/definitions/org.github.microsoft.opcpublisher.Packaging4"}]}}}