[{"ConditionClassId":{"Value":null,"SourceTimestamp":"2024-04-27T19:15:35.5172985Z"},"ConditionClassName":{"Value":null,"SourceTimestamp":"2024-04-27T19:15:35.5172985Z"},"ConditionSubClassId":{"Value":null,"SourceTimestamp":"2024-04-27T19:15:35.5172985Z"},"ConditionSubClassName":{"Value":null,"SourceTimestamp":"2024-04-27T19:15:35.5172985Z"},"EventId":{"Value":"mp/ZcAupXUe7vKWs3IsNLg==","SourceTimestamp":"2024-04-27T19:15:35.5172985Z"},"EventType":{"Value":{"Id":9764},"SourceTimestamp":"2024-04-27T19:15:35.5172985Z"},"LocalTime":{"Value":{"Offset":120,"DaylightSavingInOffset":true},"SourceTimestamp":"2024-04-27T19:15:35.5172985Z"},"Message":{"Value":"The alarm severity has increased.","SourceTimestamp":"2024-04-27T19:15:35.5172985Z"},"ReceiveTime":{"Value":"2024-04-27T19:15:34.5185204Z","SourceTimestamp":"2024-04-27T19:15:35.5172985Z"},"Severity":{"Value":500,"SourceTimestamp":"2024-04-27T19:15:35.5172985Z"},"SourceName":{"Value":"EastTank","SourceTimestamp":"2024-04-27T19:15:35.5172985Z"},"SourceNode":{"Value":{"IdType":1,"Id":"1:Colours/EastTank","Namespace":"http://opcfoundation.org/AlarmCondition"},"SourceTimestamp":"2024-04-27T19:15:35.5172985Z"},"Time":{"Value":"2024-04-27T19:15:34.5184733Z","SourceTimestamp":"2024-04-27T19:15:35.5172985Z"}}]