[{"ConditionClassId":{"Value":null,"SourceTimestamp":"2024-04-27T19:16:58.5487135Z"},"ConditionClassName":{"Value":null,"SourceTimestamp":"2024-04-27T19:16:58.5487135Z"},"ConditionSubClassId":{"Value":null,"SourceTimestamp":"2024-04-27T19:16:58.5487135Z"},"ConditionSubClassName":{"Value":null,"SourceTimestamp":"2024-04-27T19:16:58.5487135Z"},"EventId":{"Value":"W3yqlhRkU0yepQKAOfGNAg==","SourceTimestamp":"2024-04-27T19:16:58.5487135Z"},"EventType":{"Value":{"Id":9764},"SourceTimestamp":"2024-04-27T19:16:58.5487135Z"},"LocalTime":{"Value":{"Offset":120,"DaylightSavingInOffset":true},"SourceTimestamp":"2024-04-27T19:16:58.5487135Z"},"Message":{"Value":"The alarm was deactivated by the system.","SourceTimestamp":"2024-04-27T19:16:58.5487135Z"},"ReceiveTime":{"Value":"2024-04-27T19:16:57.5129292Z","SourceTimestamp":"2024-04-27T19:16:58.5487135Z"},"Severity":{"Value":100,"SourceTimestamp":"2024-04-27T19:16:58.5487135Z"},"SourceName":{"Value":"NorthMotor","SourceTimestamp":"2024-04-27T19:16:58.5487135Z"},"SourceNode":{"Value":{"IdType":1,"Id":"1:Colours/NorthMotor","Namespace":"http://opcfoundation.org/AlarmCondition"},"SourceTimestamp":"2024-04-27T19:16:58.5487135Z"},"Time":{"Value":"2024-04-27T19:16:57.5129199Z","SourceTimestamp":"2024-04-27T19:16:58.5487135Z"}}]