[{"ConditionClassId":{"Value":null,"SourceTimestamp":"2024-04-27T19:16:58.5487135Z"},"ConditionClassName":{"Value":null,"SourceTimestamp":"2024-04-27T19:16:58.5487135Z"},"ConditionSubClassId":{"Value":null,"SourceTimestamp":"2024-04-27T19:16:58.5487135Z"},"ConditionSubClassName":{"Value":null,"SourceTimestamp":"2024-04-27T19:16:58.5487135Z"},"EventId":{"Value":"GkmeEVZMKEai0vxgWnMRLw==","SourceTimestamp":"2024-04-27T19:16:58.5487135Z"},"EventType":{"Value":{"Id":9764},"SourceTimestamp":"2024-04-27T19:16:58.5487135Z"},"LocalTime":{"Value":{"Offset":120,"DaylightSavingInOffset":true},"SourceTimestamp":"2024-04-27T19:16:58.5487135Z"},"Message":{"Value":"The alarm severity has increased.","SourceTimestamp":"2024-04-27T19:16:58.5487135Z"},"ReceiveTime":{"Value":"2024-04-27T19:16:58.5171695Z","SourceTimestamp":"2024-04-27T19:16:58.5487135Z"},"Severity":{"Value":900,"SourceTimestamp":"2024-04-27T19:16:58.5487135Z"},"SourceName":{"Value":"WestTank","SourceTimestamp":"2024-04-27T19:16:58.5487135Z"},"SourceNode":{"Value":{"IdType":1,"Id":"1:Metals/WestTank","Namespace":"http://opcfoundation.org/AlarmCondition"},"SourceTimestamp":"2024-04-27T19:16:58.5487135Z"},"Time":{"Value":"2024-04-27T19:16:58.5171648Z","SourceTimestamp":"2024-04-27T19:16:58.5487135Z"}}]