[{"ConditionClassId":{"Value":null,"SourceTimestamp":"2024-04-27T19:16:58.5487135Z"},"ConditionClassName":{"Value":null,"SourceTimestamp":"2024-04-27T19:16:58.5487135Z"},"ConditionSubClassId":{"Value":null,"SourceTimestamp":"2024-04-27T19:16:58.5487135Z"},"ConditionSubClassName":{"Value":null,"SourceTimestamp":"2024-04-27T19:16:58.5487135Z"},"EventId":{"Value":"r4SUCqULuk+J4YN+ghY7qw==","SourceTimestamp":"2024-04-27T19:16:58.5487135Z"},"EventType":{"Value":{"Id":10060},"SourceTimestamp":"2024-04-27T19:16:58.5487135Z"},"LocalTime":{"Value":{"Offset":120,"DaylightSavingInOffset":true},"SourceTimestamp":"2024-04-27T19:16:58.5487135Z"},"Message":{"Value":"The alarm severity has increased.","SourceTimestamp":"2024-04-27T19:16:58.5487135Z"},"ReceiveTime":{"Value":"2024-04-27T19:16:58.5170545Z","SourceTimestamp":"2024-04-27T19:16:58.5487135Z"},"Severity":{"Value":900,"SourceTimestamp":"2024-04-27T19:16:58.5487135Z"},"SourceName":{"Value":"NorthMotor","SourceTimestamp":"2024-04-27T19:16:58.5487135Z"},"SourceNode":{"Value":{"IdType":1,"Id":"1:Colours/NorthMotor","Namespace":"http://opcfoundation.org/AlarmCondition"},"SourceTimestamp":"2024-04-27T19:16:58.5487135Z"},"Time":{"Value":"2024-04-27T19:16:58.5170438Z","SourceTimestamp":"2024-04-27T19:16:58.5487135Z"}}]