[{"ConditionClassId":{"Value":null,"SourceTimestamp":"2024-04-27T19:17:09.517438Z"},"ConditionClassName":{"Value":null,"SourceTimestamp":"2024-04-27T19:17:09.517438Z"},"ConditionSubClassId":{"Value":null,"SourceTimestamp":"2024-04-27T19:17:09.517438Z"},"ConditionSubClassName":{"Value":null,"SourceTimestamp":"2024-04-27T19:17:09.517438Z"},"EventId":{"Value":"PUVVdUn1d0S/kP8HKO67LQ==","SourceTimestamp":"2024-04-27T19:17:09.517438Z"},"EventType":{"Value":{"Id":9764},"SourceTimestamp":"2024-04-27T19:17:09.517438Z"},"LocalTime":{"Value":{"Offset":120,"DaylightSavingInOffset":true},"SourceTimestamp":"2024-04-27T19:17:09.517438Z"},"Message":{"Value":"The alarm was deactivated by the system.","SourceTimestamp":"2024-04-27T19:17:09.517438Z"},"ReceiveTime":{"Value":"2024-04-27T19:17:08.5261044Z","SourceTimestamp":"2024-04-27T19:17:09.517438Z"},"Severity":{"Value":100,"SourceTimestamp":"2024-04-27T19:17:09.517438Z"},"SourceName":{"Value":"WestTank","SourceTimestamp":"2024-04-27T19:17:09.517438Z"},"SourceNode":{"Value":{"IdType":1,"Id":"1:Metals/WestTank","Namespace":"http://opcfoundation.org/AlarmCondition"},"SourceTimestamp":"2024-04-27T19:17:09.517438Z"},"Time":{"Value":"2024-04-27T19:17:08.5260995Z","SourceTimestamp":"2024-04-27T19:17:09.517438Z"}}]