[{"ConditionClassId":{"Value":null,"SourceTimestamp":"2024-04-27T19:15:35.5172985Z"},"ConditionClassName":{"Value":null,"SourceTimestamp":"2024-04-27T19:15:35.5172985Z"},"ConditionSubClassId":{"Value":null,"SourceTimestamp":"2024-04-27T19:15:35.5172985Z"},"ConditionSubClassName":{"Value":null,"SourceTimestamp":"2024-04-27T19:15:35.5172985Z"},"EventId":{"Value":"gKqy1Mxdo0WoJj/un2Q+ug==","SourceTimestamp":"2024-04-27T19:15:35.5172985Z"},"EventType":{"Value":{"Id":10060},"SourceTimestamp":"2024-04-27T19:15:35.5172985Z"},"LocalTime":{"Value":{"Offset":120,"DaylightSavingInOffset":true},"SourceTimestamp":"2024-04-27T19:15:35.5172985Z"},"Message":{"Value":"The alarm severity has increased.","SourceTimestamp":"2024-04-27T19:15:35.5172985Z"},"ReceiveTime":{"Value":"2024-04-27T19:15:34.5190636Z","SourceTimestamp":"2024-04-27T19:15:35.5172985Z"},"Severity":{"Value":500,"SourceTimestamp":"2024-04-27T19:15:35.5172985Z"},"SourceName":{"Value":"SouthMotor","SourceTimestamp":"2024-04-27T19:15:35.5172985Z"},"SourceNode":{"Value":{"IdType":1,"Id":"1:Metals/SouthMotor","Namespace":"http://opcfoundation.org/AlarmCondition"},"SourceTimestamp":"2024-04-27T19:15:35.5172985Z"},"Time":{"Value":"2024-04-27T19:15:34.5190592Z","SourceTimestamp":"2024-04-27T19:15:35.5172985Z"}}]