[{"ConditionClassId":{"Value":null,"SourceTimestamp":"2024-04-27T19:15:39.490947Z"},"ConditionClassName":{"Value":null,"SourceTimestamp":"2024-04-27T19:15:39.490947Z"},"ConditionSubClassId":{"Value":null,"SourceTimestamp":"2024-04-27T19:15:39.490947Z"},"ConditionSubClassName":{"Value":null,"SourceTimestamp":"2024-04-27T19:15:39.490947Z"},"EventId":{"Value":"ymlftEDtWEyGLK9D0D45tg==","SourceTimestamp":"2024-04-27T19:15:39.490947Z"},"EventType":{"Value":{"Id":10060},"SourceTimestamp":"2024-04-27T19:15:39.490947Z"},"LocalTime":{"Value":{"Offset":120,"DaylightSavingInOffset":true},"SourceTimestamp":"2024-04-27T19:15:39.490947Z"},"Message":{"Value":"The alarm severity has increased.","SourceTimestamp":"2024-04-27T19:15:39.490947Z"},"ReceiveTime":{"Value":"2024-04-27T19:15:38.5278559Z","SourceTimestamp":"2024-04-27T19:15:39.490947Z"},"Severity":{"Value":500,"SourceTimestamp":"2024-04-27T19:15:39.490947Z"},"SourceName":{"Value":"NorthMotor","SourceTimestamp":"2024-04-27T19:15:39.490947Z"},"SourceNode":{"Value":{"IdType":1,"Id":"1:Colours/NorthMotor","Namespace":"http://opcfoundation.org/AlarmCondition"},"SourceTimestamp":"2024-04-27T19:15:39.490947Z"},"Time":{"Value":"2024-04-27T19:15:38.5278496Z","SourceTimestamp":"2024-04-27T19:15:39.490947Z"}}]