[{"ConditionClassId":{"Value":null,"SourceTimestamp":"2024-04-27T19:15:30.5063284Z"},"ConditionClassName":{"Value":null,"SourceTimestamp":"2024-04-27T19:15:30.5063284Z"},"ConditionSubClassId":{"Value":null,"SourceTimestamp":"2024-04-27T19:15:30.5063284Z"},"ConditionSubClassName":{"Value":null,"SourceTimestamp":"2024-04-27T19:15:30.5063284Z"},"EventId":{"Value":"8MNaggzLn0yr815CXwhVIA==","SourceTimestamp":"2024-04-27T19:15:30.5063284Z"},"EventType":{"Value":{"Id":10060},"SourceTimestamp":"2024-04-27T19:15:30.5063284Z"},"LocalTime":{"Value":{"Offset":120,"DaylightSavingInOffset":true},"SourceTimestamp":"2024-04-27T19:15:30.5063284Z"},"Message":{"Value":"The alarm severity has increased.","SourceTimestamp":"2024-04-27T19:15:30.5063284Z"},"ReceiveTime":{"Value":"2024-04-27T19:15:29.5147337Z","SourceTimestamp":"2024-04-27T19:15:30.5063284Z"},"Severity":{"Value":300,"SourceTimestamp":"2024-04-27T19:15:30.5063284Z"},"SourceName":{"Value":"WestTank","SourceTimestamp":"2024-04-27T19:15:30.5063284Z"},"SourceNode":{"Value":{"IdType":1,"Id":"1:Metals/WestTank","Namespace":"http://opcfoundation.org/AlarmCondition"},"SourceTimestamp":"2024-04-27T19:15:30.5063284Z"},"Time":{"Value":"2024-04-27T19:15:29.5147202Z","SourceTimestamp":"2024-04-27T19:15:30.5063284Z"}}]