[{"ConditionClassId":{"Value":null,"SourceTimestamp":"2024-04-27T19:15:46.4968828Z"},"ConditionClassName":{"Value":null,"SourceTimestamp":"2024-04-27T19:15:46.4968828Z"},"ConditionSubClassId":{"Value":null,"SourceTimestamp":"2024-04-27T19:15:46.4968828Z"},"ConditionSubClassName":{"Value":null,"SourceTimestamp":"2024-04-27T19:15:46.4968828Z"},"EventId":{"Value":"HLNKzqrBeUmYo7STsrQuuw==","SourceTimestamp":"2024-04-27T19:15:46.4968828Z"},"EventType":{"Value":{"Id":9764},"SourceTimestamp":"2024-04-27T19:15:46.4968828Z"},"LocalTime":{"Value":{"Offset":120,"DaylightSavingInOffset":true},"SourceTimestamp":"2024-04-27T19:15:46.4968828Z"},"Message":{"Value":"The alarm severity has increased.","SourceTimestamp":"2024-04-27T19:15:46.4968828Z"},"ReceiveTime":{"Value":"2024-04-27T19:15:45.5219651Z","SourceTimestamp":"2024-04-27T19:15:46.4968828Z"},"Severity":{"Value":700,"SourceTimestamp":"2024-04-27T19:15:46.4968828Z"},"SourceName":{"Value":"NorthMotor","SourceTimestamp":"2024-04-27T19:15:46.4968828Z"},"SourceNode":{"Value":{"IdType":1,"Id":"1:Colours/NorthMotor","Namespace":"http://opcfoundation.org/AlarmCondition"},"SourceTimestamp":"2024-04-27T19:15:46.4968828Z"},"Time":{"Value":"2024-04-27T19:15:45.5219461Z","SourceTimestamp":"2024-04-27T19:15:46.4968828Z"}}]