[{"ConditionClassId":{"Value":null,"SourceTimestamp":"2024-04-27T19:16:07.5110589Z"},"ConditionClassName":{"Value":null,"SourceTimestamp":"2024-04-27T19:16:07.5110589Z"},"ConditionSubClassId":{"Value":null,"SourceTimestamp":"2024-04-27T19:16:07.5110589Z"},"ConditionSubClassName":{"Value":null,"SourceTimestamp":"2024-04-27T19:16:07.5110589Z"},"EventId":{"Value":"JnMgE4bDaUCeAQl9qjW+qQ==","SourceTimestamp":"2024-04-27T19:16:07.5110589Z"},"EventType":{"Value":{"Id":10751},"SourceTimestamp":"2024-04-27T19:16:07.5110589Z"},"LocalTime":{"Value":{"Offset":120,"DaylightSavingInOffset":true},"SourceTimestamp":"2024-04-27T19:16:07.5110589Z"},"Message":{"Value":"The alarm is active.","SourceTimestamp":"2024-04-27T19:16:07.5110589Z"},"ReceiveTime":{"Value":"2024-04-27T19:16:06.5203403Z","SourceTimestamp":"2024-04-27T19:16:07.5110589Z"},"Severity":{"Value":100,"SourceTimestamp":"2024-04-27T19:16:07.5110589Z"},"SourceName":{"Value":"WestTank","SourceTimestamp":"2024-04-27T19:16:07.5110589Z"},"SourceNode":{"Value":{"IdType":1,"Id":"1:Metals/WestTank","Namespace":"http://opcfoundation.org/AlarmCondition"},"SourceTimestamp":"2024-04-27T19:16:07.5110589Z"},"Time":{"Value":"2024-04-27T19:16:06.5203327Z","SourceTimestamp":"2024-04-27T19:16:07.5110589Z"}}]