[{"ConditionClassId":{"Value":null,"SourceTimestamp":"2024-04-27T19:16:03.5420027Z"},"ConditionClassName":{"Value":null,"SourceTimestamp":"2024-04-27T19:16:03.5420027Z"},"ConditionSubClassId":{"Value":null,"SourceTimestamp":"2024-04-27T19:16:03.5420027Z"},"ConditionSubClassName":{"Value":null,"SourceTimestamp":"2024-04-27T19:16:03.5420027Z"},"EventId":{"Value":"JVAeS3cUrUma/E8LQGwwBg==","SourceTimestamp":"2024-04-27T19:16:03.5420027Z"},"EventType":{"Value":{"Id":10751},"SourceTimestamp":"2024-04-27T19:16:03.5420027Z"},"LocalTime":{"Value":{"Offset":120,"DaylightSavingInOffset":true},"SourceTimestamp":"2024-04-27T19:16:03.5420027Z"},"Message":{"Value":"The alarm severity has increased.","SourceTimestamp":"2024-04-27T19:16:03.5420027Z"},"ReceiveTime":{"Value":"2024-04-27T19:16:02.5176721Z","SourceTimestamp":"2024-04-27T19:16:03.5420027Z"},"Severity":{"Value":900,"SourceTimestamp":"2024-04-27T19:16:03.5420027Z"},"SourceName":{"Value":"NorthMotor","SourceTimestamp":"2024-04-27T19:16:03.5420027Z"},"SourceNode":{"Value":{"IdType":1,"Id":"1:Colours/NorthMotor","Namespace":"http://opcfoundation.org/AlarmCondition"},"SourceTimestamp":"2024-04-27T19:16:03.5420027Z"},"Time":{"Value":"2024-04-27T19:16:02.5176439Z","SourceTimestamp":"2024-04-27T19:16:03.5420027Z"}}]