[{"ConditionClassId":{"Value":null,"SourceTimestamp":"2024-04-27T19:16:03.5420027Z"},"ConditionClassName":{"Value":null,"SourceTimestamp":"2024-04-27T19:16:03.5420027Z"},"ConditionSubClassId":{"Value":null,"SourceTimestamp":"2024-04-27T19:16:03.5420027Z"},"ConditionSubClassName":{"Value":null,"SourceTimestamp":"2024-04-27T19:16:03.5420027Z"},"EventId":{"Value":"pdJjffpe80yx9qzCXD0paw==","SourceTimestamp":"2024-04-27T19:16:03.5420027Z"},"EventType":{"Value":{"Id":10060},"SourceTimestamp":"2024-04-27T19:16:03.5420027Z"},"LocalTime":{"Value":{"Offset":120,"DaylightSavingInOffset":true},"SourceTimestamp":"2024-04-27T19:16:03.5420027Z"},"Message":{"Value":"The alarm severity has increased.","SourceTimestamp":"2024-04-27T19:16:03.5420027Z"},"ReceiveTime":{"Value":"2024-04-27T19:16:02.5179928Z","SourceTimestamp":"2024-04-27T19:16:03.5420027Z"},"Severity":{"Value":900,"SourceTimestamp":"2024-04-27T19:16:03.5420027Z"},"SourceName":{"Value":"WestTank","SourceTimestamp":"2024-04-27T19:16:03.5420027Z"},"SourceNode":{"Value":{"IdType":1,"Id":"1:Metals/WestTank","Namespace":"http://opcfoundation.org/AlarmCondition"},"SourceTimestamp":"2024-04-27T19:16:03.5420027Z"},"Time":{"Value":"2024-04-27T19:16:02.5179857Z","SourceTimestamp":"2024-04-27T19:16:03.5420027Z"}}]