[{"ConditionClassId":{"Value":null,"SourceTimestamp":"2024-04-27T19:16:15.5138512Z"},"ConditionClassName":{"Value":null,"SourceTimestamp":"2024-04-27T19:16:15.5138512Z"},"ConditionSubClassId":{"Value":null,"SourceTimestamp":"2024-04-27T19:16:15.5138512Z"},"ConditionSubClassName":{"Value":null,"SourceTimestamp":"2024-04-27T19:16:15.5138512Z"},"EventId":{"Value":"iQQlXuir8EavrCOxh2Z6HA==","SourceTimestamp":"2024-04-27T19:16:15.5138512Z"},"EventType":{"Value":{"Id":10751},"SourceTimestamp":"2024-04-27T19:16:15.5138512Z"},"LocalTime":{"Value":{"Offset":120,"DaylightSavingInOffset":true},"SourceTimestamp":"2024-04-27T19:16:15.5138512Z"},"Message":{"Value":"The alarm severity has increased.","SourceTimestamp":"2024-04-27T19:16:15.5138512Z"},"ReceiveTime":{"Value":"2024-04-27T19:16:14.5239964Z","SourceTimestamp":"2024-04-27T19:16:15.5138512Z"},"Severity":{"Value":300,"SourceTimestamp":"2024-04-27T19:16:15.5138512Z"},"SourceName":{"Value":"WestTank","SourceTimestamp":"2024-04-27T19:16:15.5138512Z"},"SourceNode":{"Value":{"IdType":1,"Id":"1:Metals/WestTank","Namespace":"http://opcfoundation.org/AlarmCondition"},"SourceTimestamp":"2024-04-27T19:16:15.5138512Z"},"Time":{"Value":"2024-04-27T19:16:14.5239886Z","SourceTimestamp":"2024-04-27T19:16:15.5138512Z"}}]