[{"ConditionClassId":{"Value":null,"SourceTimestamp":"2024-04-27T19:16:18.5349348Z"},"ConditionClassName":{"Value":null,"SourceTimestamp":"2024-04-27T19:16:18.5349348Z"},"ConditionSubClassId":{"Value":null,"SourceTimestamp":"2024-04-27T19:16:18.5349348Z"},"ConditionSubClassName":{"Value":null,"SourceTimestamp":"2024-04-27T19:16:18.5349348Z"},"EventId":{"Value":"zr+hcoyNq0WPgEAZDaCvdQ==","SourceTimestamp":"2024-04-27T19:16:18.5349348Z"},"EventType":{"Value":{"Id":9764},"SourceTimestamp":"2024-04-27T19:16:18.5349348Z"},"LocalTime":{"Value":{"Offset":120,"DaylightSavingInOffset":true},"SourceTimestamp":"2024-04-27T19:16:18.5349348Z"},"Message":{"Value":"The alarm is active.","SourceTimestamp":"2024-04-27T19:16:18.5349348Z"},"ReceiveTime":{"Value":"2024-04-27T19:16:18.5209168Z","SourceTimestamp":"2024-04-27T19:16:18.5349348Z"},"Severity":{"Value":100,"SourceTimestamp":"2024-04-27T19:16:18.5349348Z"},"SourceName":{"Value":"WestTank","SourceTimestamp":"2024-04-27T19:16:18.5349348Z"},"SourceNode":{"Value":{"IdType":1,"Id":"1:Metals/WestTank","Namespace":"http://opcfoundation.org/AlarmCondition"},"SourceTimestamp":"2024-04-27T19:16:18.5349348Z"},"Time":{"Value":"2024-04-27T19:16:18.5209129Z","SourceTimestamp":"2024-04-27T19:16:18.5349348Z"}}]