[{"ConditionClassId":{"Value":null,"SourceTimestamp":"2024-04-27T19:16:25.4900268Z"},"ConditionClassName":{"Value":null,"SourceTimestamp":"2024-04-27T19:16:25.4900268Z"},"ConditionSubClassId":{"Value":null,"SourceTimestamp":"2024-04-27T19:16:25.4900268Z"},"ConditionSubClassName":{"Value":null,"SourceTimestamp":"2024-04-27T19:16:25.4900268Z"},"EventId":{"Value":"DAFRLVXk60WzBd4487bENA==","SourceTimestamp":"2024-04-27T19:16:25.4900268Z"},"EventType":{"Value":{"Id":10060},"SourceTimestamp":"2024-04-27T19:16:25.4900268Z"},"LocalTime":{"Value":{"Offset":120,"DaylightSavingInOffset":true},"SourceTimestamp":"2024-04-27T19:16:25.4900268Z"},"Message":{"Value":"The alarm is active.","SourceTimestamp":"2024-04-27T19:16:25.4900268Z"},"ReceiveTime":{"Value":"2024-04-27T19:16:24.525743Z","SourceTimestamp":"2024-04-27T19:16:25.4900268Z"},"Severity":{"Value":100,"SourceTimestamp":"2024-04-27T19:16:25.4900268Z"},"SourceName":{"Value":"WestTank","SourceTimestamp":"2024-04-27T19:16:25.4900268Z"},"SourceNode":{"Value":{"IdType":1,"Id":"1:Metals/WestTank","Namespace":"http://opcfoundation.org/AlarmCondition"},"SourceTimestamp":"2024-04-27T19:16:25.4900268Z"},"Time":{"Value":"2024-04-27T19:16:24.5257355Z","SourceTimestamp":"2024-04-27T19:16:25.4900268Z"}}]