[{"ConditionClassId":{"Value":null,"SourceTimestamp":"2024-04-27T19:16:22.5022871Z"},"ConditionClassName":{"Value":null,"SourceTimestamp":"2024-04-27T19:16:22.5022871Z"},"ConditionSubClassId":{"Value":null,"SourceTimestamp":"2024-04-27T19:16:22.5022871Z"},"ConditionSubClassName":{"Value":null,"SourceTimestamp":"2024-04-27T19:16:22.5022871Z"},"EventId":{"Value":"089maB816kO5NOuVsJQNxg==","SourceTimestamp":"2024-04-27T19:16:22.5022871Z"},"EventType":{"Value":{"Id":10751},"SourceTimestamp":"2024-04-27T19:16:22.5022871Z"},"LocalTime":{"Value":{"Offset":120,"DaylightSavingInOffset":true},"SourceTimestamp":"2024-04-27T19:16:22.5022871Z"},"Message":{"Value":"The alarm severity has increased.","SourceTimestamp":"2024-04-27T19:16:22.5022871Z"},"ReceiveTime":{"Value":"2024-04-27T19:16:21.5221414Z","SourceTimestamp":"2024-04-27T19:16:22.5022871Z"},"Severity":{"Value":300,"SourceTimestamp":"2024-04-27T19:16:22.5022871Z"},"SourceName":{"Value":"SouthMotor","SourceTimestamp":"2024-04-27T19:16:22.5022871Z"},"SourceNode":{"Value":{"IdType":1,"Id":"1:Metals/SouthMotor","Namespace":"http://opcfoundation.org/AlarmCondition"},"SourceTimestamp":"2024-04-27T19:16:22.5022871Z"},"Time":{"Value":"2024-04-27T19:16:21.522138Z","SourceTimestamp":"2024-04-27T19:16:22.5022871Z"}}]