[{"ConditionClassId":{"Value":null,"SourceTimestamp":"2024-04-27T19:16:39.5091574Z"},"ConditionClassName":{"Value":null,"SourceTimestamp":"2024-04-27T19:16:39.5091574Z"},"ConditionSubClassId":{"Value":null,"SourceTimestamp":"2024-04-27T19:16:39.5091574Z"},"ConditionSubClassName":{"Value":null,"SourceTimestamp":"2024-04-27T19:16:39.5091574Z"},"EventId":{"Value":"WHD4y0UpH0Sv+r5N3A+Cnw==","SourceTimestamp":"2024-04-27T19:16:39.5091574Z"},"EventType":{"Value":{"Id":9764},"SourceTimestamp":"2024-04-27T19:16:39.5091574Z"},"LocalTime":{"Value":{"Offset":120,"DaylightSavingInOffset":true},"SourceTimestamp":"2024-04-27T19:16:39.5091574Z"},"Message":{"Value":"The alarm severity has increased.","SourceTimestamp":"2024-04-27T19:16:39.5091574Z"},"ReceiveTime":{"Value":"2024-04-27T19:16:38.5147409Z","SourceTimestamp":"2024-04-27T19:16:39.5091574Z"},"Severity":{"Value":900,"SourceTimestamp":"2024-04-27T19:16:39.5091574Z"},"SourceName":{"Value":"EastTank","SourceTimestamp":"2024-04-27T19:16:39.5091574Z"},"SourceNode":{"Value":{"IdType":1,"Id":"1:Colours/EastTank","Namespace":"http://opcfoundation.org/AlarmCondition"},"SourceTimestamp":"2024-04-27T19:16:39.5091574Z"},"Time":{"Value":"2024-04-27T19:16:38.5147258Z","SourceTimestamp":"2024-04-27T19:16:39.5091574Z"}}]