[{"ConditionClassId":{"Value":null,"SourceTimestamp":"2024-04-27T19:16:31.5433079Z"},"ConditionClassName":{"Value":null,"SourceTimestamp":"2024-04-27T19:16:31.5433079Z"},"ConditionSubClassId":{"Value":null,"SourceTimestamp":"2024-04-27T19:16:31.5433079Z"},"ConditionSubClassName":{"Value":null,"SourceTimestamp":"2024-04-27T19:16:31.5433079Z"},"EventId":{"Value":"Q2m5VyICfESI9gK9IUiYRA==","SourceTimestamp":"2024-04-27T19:16:31.5433079Z"},"EventType":{"Value":{"Id":10060},"SourceTimestamp":"2024-04-27T19:16:31.5433079Z"},"LocalTime":{"Value":{"Offset":120,"DaylightSavingInOffset":true},"SourceTimestamp":"2024-04-27T19:16:31.5433079Z"},"Message":{"Value":"The alarm severity has increased.","SourceTimestamp":"2024-04-27T19:16:31.5433079Z"},"ReceiveTime":{"Value":"2024-04-27T19:16:30.5149815Z","SourceTimestamp":"2024-04-27T19:16:31.5433079Z"},"Severity":{"Value":500,"SourceTimestamp":"2024-04-27T19:16:31.5433079Z"},"SourceName":{"Value":"EastTank","SourceTimestamp":"2024-04-27T19:16:31.5433079Z"},"SourceNode":{"Value":{"IdType":1,"Id":"1:Colours/EastTank","Namespace":"http://opcfoundation.org/AlarmCondition"},"SourceTimestamp":"2024-04-27T19:16:31.5433079Z"},"Time":{"Value":"2024-04-27T19:16:30.5147907Z","SourceTimestamp":"2024-04-27T19:16:31.5433079Z"}}]