[{"ConditionClassId":{"Value":null,"SourceTimestamp":"2024-04-27T19:16:36.5459672Z"},"ConditionClassName":{"Value":null,"SourceTimestamp":"2024-04-27T19:16:36.5459672Z"},"ConditionSubClassId":{"Value":null,"SourceTimestamp":"2024-04-27T19:16:36.5459672Z"},"ConditionSubClassName":{"Value":null,"SourceTimestamp":"2024-04-27T19:16:36.5459672Z"},"EventId":{"Value":"lGfTVS5rIkCkw9m0zOuqjg==","SourceTimestamp":"2024-04-27T19:16:36.5459672Z"},"EventType":{"Value":{"Id":9764},"SourceTimestamp":"2024-04-27T19:16:36.5459672Z"},"LocalTime":{"Value":{"Offset":120,"DaylightSavingInOffset":true},"SourceTimestamp":"2024-04-27T19:16:36.5459672Z"},"Message":{"Value":"The alarm severity has increased.","SourceTimestamp":"2024-04-27T19:16:36.5459672Z"},"ReceiveTime":{"Value":"2024-04-27T19:16:35.5241187Z","SourceTimestamp":"2024-04-27T19:16:36.5459672Z"},"Severity":{"Value":300,"SourceTimestamp":"2024-04-27T19:16:36.5459672Z"},"SourceName":{"Value":"SouthMotor","SourceTimestamp":"2024-04-27T19:16:36.5459672Z"},"SourceNode":{"Value":{"IdType":1,"Id":"1:Metals/SouthMotor","Namespace":"http://opcfoundation.org/AlarmCondition"},"SourceTimestamp":"2024-04-27T19:16:36.5459672Z"},"Time":{"Value":"2024-04-27T19:16:35.524114Z","SourceTimestamp":"2024-04-27T19:16:36.5459672Z"}}]