[{"ConditionClassId":{"Value":null,"SourceTimestamp":"2024-04-27T19:16:47.5086113Z"},"ConditionClassName":{"Value":null,"SourceTimestamp":"2024-04-27T19:16:47.5086113Z"},"ConditionSubClassId":{"Value":null,"SourceTimestamp":"2024-04-27T19:16:47.5086113Z"},"ConditionSubClassName":{"Value":null,"SourceTimestamp":"2024-04-27T19:16:47.5086113Z"},"EventId":{"Value":"wrFVeihMlUqPykqFuFCB4Q==","SourceTimestamp":"2024-04-27T19:16:47.5086113Z"},"EventType":{"Value":{"Id":10060},"SourceTimestamp":"2024-04-27T19:16:47.5086113Z"},"LocalTime":{"Value":{"Offset":120,"DaylightSavingInOffset":true},"SourceTimestamp":"2024-04-27T19:16:47.5086113Z"},"Message":{"Value":"The alarm severity has increased.","SourceTimestamp":"2024-04-27T19:16:47.5086113Z"},"ReceiveTime":{"Value":"2024-04-27T19:16:46.5144226Z","SourceTimestamp":"2024-04-27T19:16:47.5086113Z"},"Severity":{"Value":500,"SourceTimestamp":"2024-04-27T19:16:47.5086113Z"},"SourceName":{"Value":"WestTank","SourceTimestamp":"2024-04-27T19:16:47.5086113Z"},"SourceNode":{"Value":{"IdType":1,"Id":"1:Metals/WestTank","Namespace":"http://opcfoundation.org/AlarmCondition"},"SourceTimestamp":"2024-04-27T19:16:47.5086113Z"},"Time":{"Value":"2024-04-27T19:16:46.5144123Z","SourceTimestamp":"2024-04-27T19:16:47.5086113Z"}}]