[{"ConditionClassId":{"Value":null,"SourceTimestamp":"2024-04-27T19:16:49.4969304Z"},"ConditionClassName":{"Value":null,"SourceTimestamp":"2024-04-27T19:16:49.4969304Z"},"ConditionSubClassId":{"Value":null,"SourceTimestamp":"2024-04-27T19:16:49.4969304Z"},"ConditionSubClassName":{"Value":null,"SourceTimestamp":"2024-04-27T19:16:49.4969304Z"},"EventId":{"Value":"EN1TkkApmECZrwj9b7qbNw==","SourceTimestamp":"2024-04-27T19:16:49.4969304Z"},"EventType":{"Value":{"Id":10060},"SourceTimestamp":"2024-04-27T19:16:49.4969304Z"},"LocalTime":{"Value":{"Offset":120,"DaylightSavingInOffset":true},"SourceTimestamp":"2024-04-27T19:16:49.4969304Z"},"Message":{"Value":"The alarm severity has increased.","SourceTimestamp":"2024-04-27T19:16:49.4969304Z"},"ReceiveTime":{"Value":"2024-04-27T19:16:48.5192868Z","SourceTimestamp":"2024-04-27T19:16:49.4969304Z"},"Severity":{"Value":700,"SourceTimestamp":"2024-04-27T19:16:49.4969304Z"},"SourceName":{"Value":"NorthMotor","SourceTimestamp":"2024-04-27T19:16:49.4969304Z"},"SourceNode":{"Value":{"IdType":1,"Id":"1:Colours/NorthMotor","Namespace":"http://opcfoundation.org/AlarmCondition"},"SourceTimestamp":"2024-04-27T19:16:49.4969304Z"},"Time":{"Value":"2024-04-27T19:16:48.5192035Z","SourceTimestamp":"2024-04-27T19:16:49.4969304Z"}}]