[{"ConditionClassId":{"Value":null,"SourceTimestamp":"2024-04-27T19:16:54.5342701Z"},"ConditionClassName":{"Value":null,"SourceTimestamp":"2024-04-27T19:16:54.5342701Z"},"ConditionSubClassId":{"Value":null,"SourceTimestamp":"2024-04-27T19:16:54.5342701Z"},"ConditionSubClassName":{"Value":null,"SourceTimestamp":"2024-04-27T19:16:54.5342701Z"},"EventId":{"Value":"WXbA5u7NhE+h+6lbh/NyqQ==","SourceTimestamp":"2024-04-27T19:16:54.5342701Z"},"EventType":{"Value":{"Id":10751},"SourceTimestamp":"2024-04-27T19:16:54.5342701Z"},"LocalTime":{"Value":{"Offset":120,"DaylightSavingInOffset":true},"SourceTimestamp":"2024-04-27T19:16:54.5342701Z"},"Message":{"Value":"The alarm is active.","SourceTimestamp":"2024-04-27T19:16:54.5342701Z"},"ReceiveTime":{"Value":"2024-04-27T19:16:54.5189592Z","SourceTimestamp":"2024-04-27T19:16:54.5342701Z"},"Severity":{"Value":100,"SourceTimestamp":"2024-04-27T19:16:54.5342701Z"},"SourceName":{"Value":"WestTank","SourceTimestamp":"2024-04-27T19:16:54.5342701Z"},"SourceNode":{"Value":{"IdType":1,"Id":"1:Metals/WestTank","Namespace":"http://opcfoundation.org/AlarmCondition"},"SourceTimestamp":"2024-04-27T19:16:54.5342701Z"},"Time":{"Value":"2024-04-27T19:16:54.5189536Z","SourceTimestamp":"2024-04-27T19:16:54.5342701Z"}}]