{"$schema":"http://json-schema.org/draft-07/schema#","type":"array","items":{"$ref":"#/definitions/org.github.microsoft.opcpublisher.PendingAlarms"},"definitions":{"org.opcfoundation.UA.NodeId":{"$id":"http://opcfoundation.org/UA/#NodeId","title":"OPC UA built in type NodeId","type":"string","format":"opcuaNodeId"},"org.opcfoundation.UA.UInt32":{"$id":"http://opcfoundation.org/UA/#UInt32","title":"OPC UA built in type UInt32","type":"integer","minimum":0,"maximum":4294967295,"default":0,"format":"uint32"},"org.opcfoundation.UA.String":{"$id":"http://opcfoundation.org/UA/#String","title":"OPC UA built in type String","type":"string"},"org.opcfoundation.UA.StatusCode":{"$id":"http://opcfoundation.org/UA/#StatusCode","title":"OPC UA built in type StatusCode","type":"object","properties":{"Code":{"$ref":"#/definitions/org.opcfoundation.UA.UInt32"},"Symbol":{"$ref":"#/definitions/org.opcfoundation.UA.String"}},"additionalProperties":false},"org.opcfoundation.UA.DateTime":{"$id":"http://opcfoundation.org/UA/#DateTime","title":"OPC UA built in type DateTime","type":"string","format":"date-time"},"org.opcfoundation.UA.UInt16":{"$id":"http://opcfoundation.org/UA/#UInt16","title":"OPC UA built in type UInt16","type":"integer","minimum":0,"maximum":65535,"default":0,"format":"uint16"},"org.github.microsoft.opcpublisher.NodeIdDataValue":{"$id":"http://github.org/microsoft/opcpublisher#NodeIdDataValue","title":"Dataset Field of Type NodeId","type":"object","properties":{"Value":{"$ref":"#/definitions/org.opcfoundation.UA.NodeId"},"Status":{"$ref":"#/definitions/org.opcfoundation.UA.StatusCode"},"SourceTimestamp":{"$ref":"#/definitions/org.opcfoundation.UA.DateTime"},"SourcePicoSeconds":{"$ref":"#/definitions/org.opcfoundation.UA.UInt16"},"ServerTimestamp":{"$ref":"#/definitions/org.opcfoundation.UA.DateTime"},"ServerPicoSeconds":{"$ref":"#/definitions/org.opcfoundation.UA.UInt16"}},"additionalProperties":false},"org.opcfoundation.UA.LocalizedText":{"$id":"http://opcfoundation.org/UA/#LocalizedText","title":"OPC UA built in type LocalizedText","type":"string"},"org.github.microsoft.opcpublisher.LocalizedTextDataValue":{"$id":"http://github.org/microsoft/opcpublisher#LocalizedTextDataValue","title":"Dataset Field of Type LocalizedText","type":"object","properties":{"Value":{"$ref":"#/definitions/org.opcfoundation.UA.LocalizedText"},"Status":{"$ref":"#/definitions/org.opcfoundation.UA.StatusCode"},"SourceTimestamp":{"$ref":"#/definitions/org.opcfoundation.UA.DateTime"},"SourcePicoSeconds":{"$ref":"#/definitions/org.opcfoundation.UA.UInt16"},"ServerTimestamp":{"$ref":"#/definitions/org.opcfoundation.UA.DateTime"},"ServerPicoSeconds":{"$ref":"#/definitions/org.opcfoundation.UA.UInt16"}},"additionalProperties":false},"org.github.microsoft.opcpublisher.NodeIdArrayDataValue":{"$id":"http://github.org/microsoft/opcpublisher#NodeIdArrayDataValue","title":"Dataset Field of Type NodeIdArray","type":"object","properties":{"Value":{"type":"array","items":{"$ref":"#/definitions/org.opcfoundation.UA.NodeId"}},"Status":{"$ref":"#/definitions/org.opcfoundation.UA.StatusCode"},"SourceTimestamp":{"$ref":"#/definitions/org.opcfoundation.UA.DateTime"},"SourcePicoSeconds":{"$ref":"#/definitions/org.opcfoundation.UA.UInt16"},"ServerTimestamp":{"$ref":"#/definitions/org.opcfoundation.UA.DateTime"},"ServerPicoSeconds":{"$ref":"#/definitions/org.opcfoundation.UA.UInt16"}},"additionalProperties":false},"org.github.microsoft.opcpublisher.LocalizedTextArrayDataValue":{"$id":"http://github.org/microsoft/opcpublisher#LocalizedTextArrayDataValue","title":"Dataset Field of Type LocalizedTextArray","type":"object","properties":{"Value":{"type":"array","items":{"$ref":"#/definitions/org.opcfoundation.UA.LocalizedText"}},"Status":{"$ref":"#/definitions/org.opcfoundation.UA.StatusCode"},"SourceTimestamp":{"$ref":"#/definitions/org.opcfoundation.UA.DateTime"},"SourcePicoSeconds":{"$ref":"#/definitions/org.opcfoundation.UA.UInt16"},"ServerTimestamp":{"$ref":"#/definitions/org.opcfoundation.UA.DateTime"},"ServerPicoSeconds":{"$ref":"#/definitions/org.opcfoundation.UA.UInt16"}},"additionalProperties":false},"org.opcfoundation.UA.ByteString":{"$id":"http://opcfoundation.org/UA/#ByteString","title":"OPC UA built in type ByteString","type":"string","format":"byte"},"org.github.microsoft.opcpublisher.ByteStringDataValue":{"$id":"http://github.org/microsoft/opcpublisher#ByteStringDataValue","title":"Dataset Field of Type ByteString","type":"object","properties":{"Value":{"$ref":"#/definitions/org.opcfoundation.UA.ByteString"},"Status":{"$ref":"#/definitions/org.opcfoundation.UA.StatusCode"},"SourceTimestamp":{"$ref":"#/definitions/org.opcfoundation.UA.DateTime"},"SourcePicoSeconds":{"$ref":"#/definitions/org.opcfoundation.UA.UInt16"},"ServerTimestamp":{"$ref":"#/definitions/org.opcfoundation.UA.DateTime"},"ServerPicoSeconds":{"$ref":"#/definitions/org.opcfoundation.UA.UInt16"}},"additionalProperties":false},"org.opcfoundation.UA.Int16":{"$id":"http://opcfoundation.org/UA/#Int16","title":"OPC UA built in type Int16","type":"integer","minimum":-32768,"maximum":32767,"default":0,"format":"int16"},"org.opcfoundation.UA.Boolean":{"$id":"http://opcfoundation.org/UA/#Boolean","title":"OPC UA built in type Boolean","type":"boolean"},"org.opcfoundation.UA.TimeZoneDataType":{"$id":"http://opcfoundation.org/UA/#TimeZoneDataType","title":"TimeZoneDataType","type":"object","properties":{"Offset":{"$ref":"#/definitions/org.opcfoundation.UA.Int16"},"DaylightSavingInOffset":{"$ref":"#/definitions/org.opcfoundation.UA.Boolean"}},"required":["Offset","DaylightSavingInOffset"],"additionalProperties":false},"org.github.microsoft.opcpublisher.TimeZoneDataTypeDataValue":{"$id":"http://github.org/microsoft/opcpublisher#TimeZoneDataTypeDataValue","title":"Dataset Field of Type TimeZoneDataType","type":"object","properties":{"Value":{"$ref":"#/definitions/org.opcfoundation.UA.TimeZoneDataType"},"Status":{"$ref":"#/definitions/org.opcfoundation.UA.StatusCode"},"SourceTimestamp":{"$ref":"#/definitions/org.opcfoundation.UA.DateTime"},"SourcePicoSeconds":{"$ref":"#/definitions/org.opcfoundation.UA.UInt16"},"ServerTimestamp":{"$ref":"#/definitions/org.opcfoundation.UA.DateTime"},"ServerPicoSeconds":{"$ref":"#/definitions/org.opcfoundation.UA.UInt16"}},"additionalProperties":false},"org.github.microsoft.opcpublisher.DateTimeDataValue":{"$id":"http://github.org/microsoft/opcpublisher#DateTimeDataValue","title":"Dataset Field of Type DateTime","type":"object","properties":{"Value":{"$ref":"#/definitions/org.opcfoundation.UA.DateTime"},"Status":{"$ref":"#/definitions/org.opcfoundation.UA.StatusCode"},"SourceTimestamp":{"$ref":"#/definitions/org.opcfoundation.UA.DateTime"},"SourcePicoSeconds":{"$ref":"#/definitions/org.opcfoundation.UA.UInt16"},"ServerTimestamp":{"$ref":"#/definitions/org.opcfoundation.UA.DateTime"},"ServerPicoSeconds":{"$ref":"#/definitions/org.opcfoundation.UA.UInt16"}},"additionalProperties":false},"org.github.microsoft.opcpublisher.UInt16DataValue":{"$id":"http://github.org/microsoft/opcpublisher#UInt16DataValue","title":"Dataset Field of Type UInt16","type":"object","properties":{"Value":{"$ref":"#/definitions/org.opcfoundation.UA.UInt16"},"Status":{"$ref":"#/definitions/org.opcfoundation.UA.StatusCode"},"SourceTimestamp":{"$ref":"#/definitions/org.opcfoundation.UA.DateTime"},"SourcePicoSeconds":{"$ref":"#/definitions/org.opcfoundation.UA.UInt16"},"ServerTimestamp":{"$ref":"#/definitions/org.opcfoundation.UA.DateTime"},"ServerPicoSeconds":{"$ref":"#/definitions/org.opcfoundation.UA.UInt16"}},"additionalProperties":false},"org.github.microsoft.opcpublisher.StringDataValue":{"$id":"http://github.org/microsoft/opcpublisher#StringDataValue","title":"Dataset Field of Type String","type":"object","properties":{"Value":{"$ref":"#/definitions/org.opcfoundation.UA.String"},"Status":{"$ref":"#/definitions/org.opcfoundation.UA.StatusCode"},"SourceTimestamp":{"$ref":"#/definitions/org.opcfoundation.UA.DateTime"},"SourcePicoSeconds":{"$ref":"#/definitions/org.opcfoundation.UA.UInt16"},"ServerTimestamp":{"$ref":"#/definitions/org.opcfoundation.UA.DateTime"},"ServerPicoSeconds":{"$ref":"#/definitions/org.opcfoundation.UA.UInt16"}},"additionalProperties":false},"org.github.microsoft.opcpublisher.PendingAlarms":{"$id":"http://github.org/microsoft/opcpublisher#PendingAlarms","title":"PendingAlarms","type":"object","properties":{"ConditionClassId":{"$ref":"#/definitions/org.github.microsoft.opcpublisher.NodeIdDataValue"},"ConditionClassName":{"$ref":"#/definitions/org.github.microsoft.opcpublisher.LocalizedTextDataValue"},"ConditionSubClassId":{"$ref":"#/definitions/org.github.microsoft.opcpublisher.NodeIdArrayDataValue"},"ConditionSubClassName":{"$ref":"#/definitions/org.github.microsoft.opcpublisher.LocalizedTextArrayDataValue"},"EventId":{"$ref":"#/definitions/org.github.microsoft.opcpublisher.ByteStringDataValue"},"EventType":{"$ref":"#/definitions/org.github.microsoft.opcpublisher.NodeIdDataValue"},"LocalTime":{"$ref":"#/definitions/org.github.microsoft.opcpublisher.TimeZoneDataTypeDataValue"},"Message":{"$ref":"#/definitions/org.github.microsoft.opcpublisher.LocalizedTextDataValue"},"ReceiveTime":{"$ref":"#/definitions/org.github.microsoft.opcpublisher.DateTimeDataValue"},"Severity":{"$ref":"#/definitions/org.github.microsoft.opcpublisher.UInt16DataValue"},"SourceName":{"$ref":"#/definitions/org.github.microsoft.opcpublisher.StringDataValue"},"SourceNode":{"$ref":"#/definitions/org.github.microsoft.opcpublisher.NodeIdDataValue"},"Time":{"$ref":"#/definitions/org.github.microsoft.opcpublisher.DateTimeDataValue"}}}}}