[{"ConditionClassId":null,"ConditionClassName":null,"ConditionSubClassId":null,"ConditionSubClassName":null,"EventId":"yG7wCXF4+0O2L2xUPD9+bQ==","EventType":{"Id":10751},"LocalTime":{"Offset":120,"DaylightSavingInOffset":true},"Message":"The alarm severity has increased.","ReceiveTime":"2024-04-28T10:33:42.5673006Z","Severity":700,"SourceName":"SouthMotor","SourceNode":{"IdType":1,"Id":"1:Metals/SouthMotor","Namespace":"http://opcfoundation.org/AlarmCondition"},"Time":"2024-04-28T10:33:42.5672977Z"}]