[{"ConditionClassId":null,"ConditionClassName":null,"ConditionSubClassId":null,"ConditionSubClassName":null,"EventId":"glk77290q0KCb4xjfropKg==","EventType":{"Id":10060},"LocalTime":{"Offset":120,"DaylightSavingInOffset":true},"Message":"The alarm severity has increased.","ReceiveTime":"2024-04-28T10:33:51.5664095Z","Severity":900,"SourceName":"EastTank","SourceNode":{"IdType":1,"Id":"1:Colours/EastTank","Namespace":"http://opcfoundation.org/AlarmCondition"},"Time":"2024-04-28T10:33:51.5663871Z"}]