[{"ConditionClassId":null,"ConditionClassName":null,"ConditionSubClassId":null,"ConditionSubClassName":null,"EventId":"2JjgXktBY0eoB2VT2T3JUQ==","EventType":{"Id":9764},"LocalTime":{"Offset":120,"DaylightSavingInOffset":true},"Message":"The alarm severity has increased.","ReceiveTime":"2024-04-28T10:34:27.5721748Z","Severity":500,"SourceName":"NorthMotor","SourceNode":{"IdType":1,"Id":"1:Colours/NorthMotor","Namespace":"http://opcfoundation.org/AlarmCondition"},"Time":"2024-04-28T10:34:27.5721713Z"}]