[{"ConditionClassId":null,"ConditionClassName":null,"ConditionSubClassId":null,"ConditionSubClassName":null,"EventId":"YIfRY+twBU+7yH1E1gnSyQ==","EventType":{"Id":9764},"LocalTime":{"Offset":120,"DaylightSavingInOffset":true},"Message":"The alarm severity has increased.","ReceiveTime":"2024-04-28T10:34:32.574862Z","Severity":300,"SourceName":"SouthMotor","SourceNode":{"IdType":1,"Id":"1:Metals/SouthMotor","Namespace":"http://opcfoundation.org/AlarmCondition"},"Time":"2024-04-28T10:34:32.574858Z"}]