{"SequenceNumber":92,"MetaDataVersion":{"MajorVersion":1},"Timestamp":"2024-04-27T16:33:57.5757911Z","MessageType":"ua-deltaframe","DataSetWriterName":"<<UnknownDataSet>>","Payload":{"nsu=http://opcfoundation.org/UA/Plc/Applications;s=StepUp":{"Value":1021,"SourceTimestamp":"2024-04-27T16:33:57.4986806Z","ServerTimestamp":"2024-04-27T16:33:57.4986837Z"},"nsu=http://opcfoundation.org/UA/Plc/Applications;s=RandomSignedInt32":{"Value":-1525360533,"SourceTimestamp":"2024-04-27T16:33:57.4987112Z","ServerTimestamp":"2024-04-27T16:33:57.4987118Z"},"nsu=http://opcfoundation.org/UA/Plc/Applications;s=RandomUnsignedInt32":{"Value":87858604,"SourceTimestamp":"2024-04-27T16:33:57.498738Z","ServerTimestamp":"2024-04-27T16:33:57.498741Z"},"nsu=http://opcfoundation.org/UA/Plc/Applications;s=DipData":{"Value":-58.778525229247336,"SourceTimestamp":"2024-04-27T16:33:57.4987214Z","ServerTimestamp":"2024-04-27T16:33:57.498722Z"},"nsu=http://opcfoundation.org/UA/Plc/Applications;s=FastUIntScalar1":{"Value":102,"SourceTimestamp":"2024-04-27T16:33:57.4054031Z","ServerTimestamp":"2024-04-27T16:33:57.4054069Z"},"nsu=http://opcfoundation.org/UA/Plc/Applications;s=FastUIntScalar2":{"Value":102,"SourceTimestamp":"2024-04-27T16:33:57.4054211Z","ServerTimestamp":"2024-04-27T16:33:57.4054223Z"},"nsu=http://opcfoundation.org/UA/Plc/Applications;s=FastUIntScalar3":{"Value":102,"SourceTimestamp":"2024-04-27T16:33:57.4054243Z","ServerTimestamp":"2024-04-27T16:33:57.4054255Z"},"nsu=http://opcfoundation.org/UA/Plc/Applications;s=FastRandomUIntScalar1":{"Value":53206054,"SourceTimestamp":"2024-04-27T16:33:57.4054273Z","ServerTimestamp":"2024-04-27T16:33:57.4054306Z"},"nsu=http://opcfoundation.org/UA/Plc/Applications;s=FastRandomUIntScalar2":{"Value":2315277614,"SourceTimestamp":"2024-04-27T16:33:57.4054564Z","ServerTimestamp":"2024-04-27T16:33:57.4054571Z"},"nsu=http://opcfoundation.org/UA/Plc/Applications;s=FastRandomUIntScalar3":{"Value":1589994076,"SourceTimestamp":"2024-04-27T16:33:57.4054628Z","ServerTimestamp":"2024-04-27T16:33:57.4054636Z"},"nsu=http://opcfoundation.org/UA/Plc/Applications;s=SpikeData":{"Value":-58.778525229247336,"SourceTimestamp":"2024-04-27T16:33:57.498762Z","ServerTimestamp":"2024-04-27T16:33:57.4987636Z"}}}