{"SequenceNumber":95,"MetaDataVersion":{"MajorVersion":1},"Timestamp":"2024-04-27T16:34:00.5946374Z","MessageType":"ua-deltaframe","DataSetWriterName":"<<UnknownDataSet>>","Payload":{"nsu=http://opcfoundation.org/UA/Plc/Applications;s=StepUp":{"Value":1051,"SourceTimestamp":"2024-04-27T16:34:00.5027975Z","ServerTimestamp":"2024-04-27T16:34:00.5028024Z"},"nsu=http://opcfoundation.org/UA/Plc/Applications;s=AlternatingBoolean":{"Value":false,"SourceTimestamp":"2024-04-27T16:34:00.5027984Z","ServerTimestamp":"2024-04-27T16:34:00.502822Z"},"nsu=http://opcfoundation.org/UA/Plc/Applications;s=RandomSignedInt32":{"Value":1344106034,"SourceTimestamp":"2024-04-27T16:34:00.5028189Z","ServerTimestamp":"2024-04-27T16:34:00.5028378Z"},"nsu=http://opcfoundation.org/UA/Plc/Applications;s=RandomUnsignedInt32":{"Value":358488955,"SourceTimestamp":"2024-04-27T16:34:00.5028378Z","ServerTimestamp":"2024-04-27T16:34:00.5028542Z"},"nsu=http://opcfoundation.org/UA/Plc/Applications;s=DipData":{"Value":6.4324905987065468E-14,"SourceTimestamp":"2024-04-27T16:34:00.5028463Z","ServerTimestamp":"2024-04-27T16:34:00.5028493Z"},"nsu=http://opcfoundation.org/UA/Plc/Applications;s=FastUIntScalar1":{"Value":105,"SourceTimestamp":"2024-04-27T16:34:00.3949759Z","ServerTimestamp":"2024-04-27T16:34:00.3949798Z"},"nsu=http://opcfoundation.org/UA/Plc/Applications;s=FastUIntScalar2":{"Value":105,"SourceTimestamp":"2024-04-27T16:34:00.3949946Z","ServerTimestamp":"2024-04-27T16:34:00.3950072Z"},"nsu=http://opcfoundation.org/UA/Plc/Applications;s=FastUIntScalar3":{"Value":105,"SourceTimestamp":"2024-04-27T16:34:00.3950099Z","ServerTimestamp":"2024-04-27T16:34:00.395023Z"},"nsu=http://opcfoundation.org/UA/Plc/Applications;s=FastRandomUIntScalar1":{"Value":3242742067,"SourceTimestamp":"2024-04-27T16:34:00.394987Z","ServerTimestamp":"2024-04-27T16:34:00.3949949Z"},"nsu=http://opcfoundation.org/UA/Plc/Applications;s=FastRandomUIntScalar2":{"Value":667193558,"SourceTimestamp":"2024-04-27T16:34:00.3950072Z","ServerTimestamp":"2024-04-27T16:34:00.3950098Z"},"nsu=http://opcfoundation.org/UA/Plc/Applications;s=FastRandomUIntScalar3":{"Value":1866175187,"SourceTimestamp":"2024-04-27T16:34:00.3950231Z","ServerTimestamp":"2024-04-27T16:34:00.3950239Z"},"nsu=http://opcfoundation.org/UA/Plc/Applications;s=NegativeTrendData":{"Value":98.700000000000003,"SourceTimestamp":"2024-04-27T16:34:00.5028665Z","ServerTimestamp":"2024-04-27T16:34:00.5028727Z"},"nsu=http://opcfoundation.org/UA/Plc/Applications;s=PositiveTrendData":{"Value":101.7,"SourceTimestamp":"2024-04-27T16:34:00.5028612Z","ServerTimestamp":"2024-04-27T16:34:00.5028676Z"},"nsu=http://opcfoundation.org/UA/Plc/Applications;s=SpikeData":{"Value":6.4324905987065468E-14,"SourceTimestamp":"2024-04-27T16:34:00.5028575Z","ServerTimestamp":"2024-04-27T16:34:00.502865Z"}}}