{"SequenceNumber":98,"MetaDataVersion":{"MajorVersion":1},"Timestamp":"2024-04-27T16:34:03.5659163Z","MessageType":"ua-deltaframe","DataSetWriterName":"<<UnknownDataSet>>","Payload":{"nsu=http://opcfoundation.org/UA/Plc/Applications;s=StepUp":{"Value":1081,"SourceTimestamp":"2024-04-27T16:34:03.5049538Z","ServerTimestamp":"2024-04-27T16:34:03.5049566Z"},"nsu=http://opcfoundation.org/UA/Plc/Applications;s=RandomSignedInt32":{"Value":39984584,"SourceTimestamp":"2024-04-27T16:34:03.5049633Z","ServerTimestamp":"2024-04-27T16:34:03.5049752Z"},"nsu=http://opcfoundation.org/UA/Plc/Applications;s=RandomUnsignedInt32":{"Value":187360548,"SourceTimestamp":"2024-04-27T16:34:03.5049655Z","ServerTimestamp":"2024-04-27T16:34:03.5049677Z"},"nsu=http://opcfoundation.org/UA/Plc/Applications;s=DipData":{"Value":58.778525229247322,"SourceTimestamp":"2024-04-27T16:34:03.5049824Z","ServerTimestamp":"2024-04-27T16:34:03.5049912Z"},"nsu=http://opcfoundation.org/UA/Plc/Applications;s=FastUIntScalar1":{"Value":108,"SourceTimestamp":"2024-04-27T16:34:03.397723Z","ServerTimestamp":"2024-04-27T16:34:03.3977252Z"},"nsu=http://opcfoundation.org/UA/Plc/Applications;s=FastUIntScalar2":{"Value":108,"SourceTimestamp":"2024-04-27T16:34:03.3977347Z","ServerTimestamp":"2024-04-27T16:34:03.397741Z"},"nsu=http://opcfoundation.org/UA/Plc/Applications;s=FastUIntScalar3":{"Value":108,"SourceTimestamp":"2024-04-27T16:34:03.3977436Z","ServerTimestamp":"2024-04-27T16:34:03.3977447Z"},"nsu=http://opcfoundation.org/UA/Plc/Applications;s=FastRandomUIntScalar1":{"Value":3227285578,"SourceTimestamp":"2024-04-27T16:34:03.3977313Z","ServerTimestamp":"2024-04-27T16:34:03.3977348Z"},"nsu=http://opcfoundation.org/UA/Plc/Applications;s=FastRandomUIntScalar2":{"Value":2659199443,"SourceTimestamp":"2024-04-27T16:34:03.3977415Z","ServerTimestamp":"2024-04-27T16:34:03.3977433Z"},"nsu=http://opcfoundation.org/UA/Plc/Applications;s=FastRandomUIntScalar3":{"Value":775235381,"SourceTimestamp":"2024-04-27T16:34:03.397745Z","ServerTimestamp":"2024-04-27T16:34:03.3977455Z"},"nsu=http://opcfoundation.org/UA/Plc/Applications;s=SpikeData":{"Value":58.778525229247322,"SourceTimestamp":"2024-04-27T16:34:03.504991Z","ServerTimestamp":"2024-04-27T16:34:03.5049991Z"}}}