{"SequenceNumber":104,"MetaDataVersion":{"MajorVersion":1},"Timestamp":"2024-04-27T16:34:10.5578253Z","MessageType":"ua-deltaframe","DataSetWriterName":"<<UnknownDataSet>>","Payload":{"nsu=http://opcfoundation.org/UA/Plc/Applications;s=AlternatingBoolean":{"Value":false,"SourceTimestamp":"2024-04-27T16:34:10.4963138Z","ServerTimestamp":"2024-04-27T16:34:10.4963156Z"},"nsu=http://opcfoundation.org/UA/Plc/Applications;s=NegativeTrendData":{"Value":98.5,"SourceTimestamp":"2024-04-27T16:34:10.4963272Z","ServerTimestamp":"2024-04-27T16:34:10.4963351Z"},"nsu=http://opcfoundation.org/UA/Plc/Applications;s=PositiveTrendData":{"Value":101.90000000000001,"SourceTimestamp":"2024-04-27T16:34:10.4963285Z","ServerTimestamp":"2024-04-27T16:34:10.4963336Z"}}}