{"SequenceNumber":107,"MetaDataVersion":{"MajorVersion":1},"Timestamp":"2024-04-27T16:34:13.5997765Z","MessageType":"ua-deltaframe","DataSetWriterName":"<<UnknownDataSet>>","Payload":{"nsu=http://opcfoundation.org/UA/Plc/Applications;s=StepUp":{"Value":1182,"SourceTimestamp":"2024-04-27T16:34:13.599324Z","ServerTimestamp":"2024-04-27T16:34:13.5993286Z"},"nsu=http://opcfoundation.org/UA/Plc/Applications;s=RandomSignedInt32":{"Value":-88423992,"SourceTimestamp":"2024-04-27T16:34:13.5993648Z","ServerTimestamp":"2024-04-27T16:34:13.5993682Z"},"nsu=http://opcfoundation.org/UA/Plc/Applications;s=RandomUnsignedInt32":{"Value":777121187,"SourceTimestamp":"2024-04-27T16:34:13.5993735Z","ServerTimestamp":"2024-04-27T16:34:13.5993807Z"},"nsu=http://opcfoundation.org/UA/Plc/Applications;s=DipData":{"Value":58.778525229247322,"SourceTimestamp":"2024-04-27T16:34:13.5060173Z","ServerTimestamp":"2024-04-27T16:34:13.5060214Z"},"nsu=http://opcfoundation.org/UA/Plc/Applications;s=FastUIntScalar1":{"Value":118,"SourceTimestamp":"2024-04-27T16:34:13.3975579Z","ServerTimestamp":"2024-04-27T16:34:13.3975598Z"},"nsu=http://opcfoundation.org/UA/Plc/Applications;s=FastUIntScalar2":{"Value":118,"SourceTimestamp":"2024-04-27T16:34:13.3975686Z","ServerTimestamp":"2024-04-27T16:34:13.3975875Z"},"nsu=http://opcfoundation.org/UA/Plc/Applications;s=FastUIntScalar3":{"Value":118,"SourceTimestamp":"2024-04-27T16:34:13.3975921Z","ServerTimestamp":"2024-04-27T16:34:13.3976349Z"},"nsu=http://opcfoundation.org/UA/Plc/Applications;s=FastRandomUIntScalar1":{"Value":1289200390,"SourceTimestamp":"2024-04-27T16:34:13.3975715Z","ServerTimestamp":"2024-04-27T16:34:13.3975932Z"},"nsu=http://opcfoundation.org/UA/Plc/Applications;s=FastRandomUIntScalar2":{"Value":2083498530,"SourceTimestamp":"2024-04-27T16:34:13.3976003Z","ServerTimestamp":"2024-04-27T16:34:13.3976065Z"},"nsu=http://opcfoundation.org/UA/Plc/Applications;s=FastRandomUIntScalar3":{"Value":944305562,"SourceTimestamp":"2024-04-27T16:34:13.3976177Z","ServerTimestamp":"2024-04-27T16:34:13.3976196Z"},"nsu=http://opcfoundation.org/UA/Plc/Applications;s=SpikeData":{"Value":58.778525229247322,"SourceTimestamp":"2024-04-27T16:34:13.5060271Z","ServerTimestamp":"2024-04-27T16:34:13.5060282Z"}}}