{"SequenceNumber":16,"MetaDataVersion":{"MajorVersion":1},"Timestamp":"2024-04-27T16:32:34.5837724Z","MessageType":"ua-deltaframe","DataSetWriterName":"<<UnknownDataSet>>","Payload":{"nsu=http://opcfoundation.org/UA/Plc/Applications;s=StepUp":{"Value":191,"SourceTimestamp":"2024-04-27T16:32:34.5047597Z","ServerTimestamp":"2024-04-27T16:32:34.5047628Z"},"nsu=http://opcfoundation.org/UA/Plc/Applications;s=RandomSignedInt32":{"Value":15283245,"SourceTimestamp":"2024-04-27T16:32:34.5047805Z","ServerTimestamp":"2024-04-27T16:32:34.5047825Z"},"nsu=http://opcfoundation.org/UA/Plc/Applications;s=RandomUnsignedInt32":{"Value":1718999645,"SourceTimestamp":"2024-04-27T16:32:34.5047864Z","ServerTimestamp":"2024-04-27T16:32:34.5048181Z"},"nsu=http://opcfoundation.org/UA/Plc/Applications;s=DipData":{"Value":95.10565162951535,"SourceTimestamp":"2024-04-27T16:32:34.5047868Z","ServerTimestamp":"2024-04-27T16:32:34.5048017Z"},"nsu=http://opcfoundation.org/UA/Plc/Applications;s=FastUIntScalar1":{"Value":19,"SourceTimestamp":"2024-04-27T16:32:34.3959371Z","ServerTimestamp":"2024-04-27T16:32:34.3959423Z"},"nsu=http://opcfoundation.org/UA/Plc/Applications;s=FastUIntScalar2":{"Value":19,"SourceTimestamp":"2024-04-27T16:32:34.3959572Z","ServerTimestamp":"2024-04-27T16:32:34.3959582Z"},"nsu=http://opcfoundation.org/UA/Plc/Applications;s=FastUIntScalar3":{"Value":19,"SourceTimestamp":"2024-04-27T16:32:34.3959605Z","ServerTimestamp":"2024-04-27T16:32:34.3959616Z"},"nsu=http://opcfoundation.org/UA/Plc/Applications;s=FastRandomUIntScalar1":{"Value":2756667901,"SourceTimestamp":"2024-04-27T16:32:34.3959651Z","ServerTimestamp":"2024-04-27T16:32:34.3959681Z"},"nsu=http://opcfoundation.org/UA/Plc/Applications;s=FastRandomUIntScalar2":{"Value":804540766,"SourceTimestamp":"2024-04-27T16:32:34.3959803Z","ServerTimestamp":"2024-04-27T16:32:34.3959831Z"},"nsu=http://opcfoundation.org/UA/Plc/Applications;s=FastRandomUIntScalar3":{"Value":1182137302,"SourceTimestamp":"2024-04-27T16:32:34.3959856Z","ServerTimestamp":"2024-04-27T16:32:34.3959865Z"},"nsu=http://opcfoundation.org/UA/Plc/Applications;s=SpikeData":{"Value":95.10565162951535,"SourceTimestamp":"2024-04-27T16:32:34.5048034Z","ServerTimestamp":"2024-04-27T16:32:34.5048064Z"}}}