{"SequenceNumber":17,"MetaDataVersion":{"MajorVersion":1},"Timestamp":"2024-04-27T16:32:35.5791318Z","MessageType":"ua-deltaframe","DataSetWriterName":"<<UnknownDataSet>>","Payload":{"nsu=http://opcfoundation.org/UA/Plc/Applications;s=StepUp":{"Value":201,"SourceTimestamp":"2024-04-27T16:32:35.5019848Z","ServerTimestamp":"2024-04-27T16:32:35.5019873Z"},"nsu=http://opcfoundation.org/UA/Plc/Applications;s=AlternatingBoolean":{"Value":true,"SourceTimestamp":"2024-04-27T16:32:35.5019918Z","ServerTimestamp":"2024-04-27T16:32:35.5020228Z"},"nsu=http://opcfoundation.org/UA/Plc/Applications;s=RandomSignedInt32":{"Value":2055364739,"SourceTimestamp":"2024-04-27T16:32:35.5020001Z","ServerTimestamp":"2024-04-27T16:32:35.5020059Z"},"nsu=http://opcfoundation.org/UA/Plc/Applications;s=RandomUnsignedInt32":{"Value":140696054,"SourceTimestamp":"2024-04-27T16:32:35.5020124Z","ServerTimestamp":"2024-04-27T16:32:35.5020141Z"},"nsu=http://opcfoundation.org/UA/Plc/Applications;s=DipData":{"Value":6.4324905987065468E-14,"SourceTimestamp":"2024-04-27T16:32:35.5020259Z","ServerTimestamp":"2024-04-27T16:32:35.5020279Z"},"nsu=http://opcfoundation.org/UA/Plc/Applications;s=FastUIntScalar1":{"Value":20,"SourceTimestamp":"2024-04-27T16:32:35.4078503Z","ServerTimestamp":"2024-04-27T16:32:35.4078511Z"},"nsu=http://opcfoundation.org/UA/Plc/Applications;s=FastUIntScalar2":{"Value":20,"SourceTimestamp":"2024-04-27T16:32:35.4078536Z","ServerTimestamp":"2024-04-27T16:32:35.4078562Z"},"nsu=http://opcfoundation.org/UA/Plc/Applications;s=FastUIntScalar3":{"Value":20,"SourceTimestamp":"2024-04-27T16:32:35.4078573Z","ServerTimestamp":"2024-04-27T16:32:35.407859Z"},"nsu=http://opcfoundation.org/UA/Plc/Applications;s=FastRandomUIntScalar1":{"Value":1022684485,"SourceTimestamp":"2024-04-27T16:32:35.4078533Z","ServerTimestamp":"2024-04-27T16:32:35.4078542Z"},"nsu=http://opcfoundation.org/UA/Plc/Applications;s=FastRandomUIntScalar2":{"Value":917414441,"SourceTimestamp":"2024-04-27T16:32:35.4078563Z","ServerTimestamp":"2024-04-27T16:32:35.4078574Z"},"nsu=http://opcfoundation.org/UA/Plc/Applications;s=FastRandomUIntScalar3":{"Value":2867279406,"SourceTimestamp":"2024-04-27T16:32:35.4078589Z","ServerTimestamp":"2024-04-27T16:32:35.4078599Z"},"nsu=http://opcfoundation.org/UA/Plc/Applications;s=SpikeData":{"Value":6.4324905987065468E-14,"SourceTimestamp":"2024-04-27T16:32:35.5020329Z","ServerTimestamp":"2024-04-27T16:32:35.5020336Z"}}}