{"DataSetWriterId":1,"SequenceNumber":2,"MetaDataVersion":{"MajorVersion":1},"Timestamp":"2024-04-27T16:32:36.6943454Z","MessageType":"ua-deltaframe","DataSetWriterName":"<<UnknownDataSet>>","Payload":{"nsu=http://opcfoundation.org/UA/Plc/Applications;s=SlowUIntScalar1":{"Value":2,"SourceTimestamp":"2024-04-27T16:32:35.4077997Z","ServerTimestamp":"2024-04-27T16:32:35.4078036Z"},"nsu=http://opcfoundation.org/UA/Plc/Applications;s=SlowUIntScalar2":{"Value":2,"SourceTimestamp":"2024-04-27T16:32:35.4078145Z","ServerTimestamp":"2024-04-27T16:32:35.407815Z"},"nsu=http://opcfoundation.org/UA/Plc/Applications;s=SlowUIntScalar3":{"Value":2,"SourceTimestamp":"2024-04-27T16:32:35.4078163Z","ServerTimestamp":"2024-04-27T16:32:35.4078169Z"},"nsu=http://opcfoundation.org/UA/Plc/Applications;s=BadSlowUIntScalar1":{"Value":2,"SourceTimestamp":"2024-04-27T16:32:35.4078183Z","ServerTimestamp":"2024-04-27T16:32:35.4078188Z"},"nsu=http://opcfoundation.org/UA/Plc/Applications;s=SlowRandomUIntScalar1":{"Value":3742577016,"SourceTimestamp":"2024-04-27T16:32:35.4078217Z","ServerTimestamp":"2024-04-27T16:32:35.4078245Z"},"nsu=http://opcfoundation.org/UA/Plc/Applications;s=SlowRandomUIntScalar2":{"Value":838399472,"SourceTimestamp":"2024-04-27T16:32:35.4078323Z","ServerTimestamp":"2024-04-27T16:32:35.4078331Z"},"nsu=http://opcfoundation.org/UA/Plc/Applications;s=SlowRandomUIntScalar3":{"Value":3014529308,"SourceTimestamp":"2024-04-27T16:32:35.4078494Z","ServerTimestamp":"2024-04-27T16:32:35.4078501Z"},"nsu=http://opcfoundation.org/UA/Plc/Applications;s=BadSlowRandomUIntScalar1":{"Value":1976415714,"SourceTimestamp":"2024-04-27T16:32:35.4078516Z","ServerTimestamp":"2024-04-27T16:32:35.4078532Z"}}}