{"SequenceNumber":22,"MetaDataVersion":{"MajorVersion":1},"Timestamp":"2024-04-27T16:32:41.5851567Z","MessageType":"ua-deltaframe","DataSetWriterName":"<<UnknownDataSet>>","Payload":{"nsu=http://opcfoundation.org/UA/Plc/Applications;s=StepUp":{"Value":261,"SourceTimestamp":"2024-04-27T16:32:41.5088709Z","ServerTimestamp":"2024-04-27T16:32:41.5088816Z"},"nsu=http://opcfoundation.org/UA/Plc/Applications;s=RandomSignedInt32":{"Value":395589247,"SourceTimestamp":"2024-04-27T16:32:41.5088911Z","ServerTimestamp":"2024-04-27T16:32:41.5088939Z"},"nsu=http://opcfoundation.org/UA/Plc/Applications;s=RandomUnsignedInt32":{"Value":5318383,"SourceTimestamp":"2024-04-27T16:32:41.508897Z","ServerTimestamp":"2024-04-27T16:32:41.5089231Z"},"nsu=http://opcfoundation.org/UA/Plc/Applications;s=DipData":{"Value":-95.105651629515364,"SourceTimestamp":"2024-04-27T16:32:41.5089107Z","ServerTimestamp":"2024-04-27T16:32:41.5089114Z"},"nsu=http://opcfoundation.org/UA/Plc/Applications;s=FastUIntScalar1":{"Value":26,"SourceTimestamp":"2024-04-27T16:32:41.4021995Z","ServerTimestamp":"2024-04-27T16:32:41.4022018Z"},"nsu=http://opcfoundation.org/UA/Plc/Applications;s=FastUIntScalar2":{"Value":26,"SourceTimestamp":"2024-04-27T16:32:41.4022086Z","ServerTimestamp":"2024-04-27T16:32:41.4022104Z"},"nsu=http://opcfoundation.org/UA/Plc/Applications;s=FastUIntScalar3":{"Value":26,"SourceTimestamp":"2024-04-27T16:32:41.4022128Z","ServerTimestamp":"2024-04-27T16:32:41.4022178Z"},"nsu=http://opcfoundation.org/UA/Plc/Applications;s=FastRandomUIntScalar1":{"Value":2285335287,"SourceTimestamp":"2024-04-27T16:32:41.4021872Z","ServerTimestamp":"2024-04-27T16:32:41.40219Z"},"nsu=http://opcfoundation.org/UA/Plc/Applications;s=FastRandomUIntScalar2":{"Value":501209065,"SourceTimestamp":"2024-04-27T16:32:41.4022008Z","ServerTimestamp":"2024-04-27T16:32:41.4022084Z"},"nsu=http://opcfoundation.org/UA/Plc/Applications;s=FastRandomUIntScalar3":{"Value":1099748471,"SourceTimestamp":"2024-04-27T16:32:41.4022102Z","ServerTimestamp":"2024-04-27T16:32:41.4022128Z"},"nsu=http://opcfoundation.org/UA/Plc/Applications;s=SpikeData":{"Value":-95.105651629515364,"SourceTimestamp":"2024-04-27T16:32:41.5089247Z","ServerTimestamp":"2024-04-27T16:32:41.5089264Z"}}}