{"DataSetWriterId":1,"SequenceNumber":3,"MetaDataVersion":{"MajorVersion":1},"Timestamp":"2024-04-27T16:32:46.6903946Z","MessageType":"ua-deltaframe","DataSetWriterName":"<<UnknownDataSet>>","Payload":{"nsu=http://opcfoundation.org/UA/Plc/Applications;s=SlowUIntScalar1":{"Value":3,"SourceTimestamp":"2024-04-27T16:32:45.4079218Z","ServerTimestamp":"2024-04-27T16:32:45.4079251Z"},"nsu=http://opcfoundation.org/UA/Plc/Applications;s=SlowUIntScalar2":{"Value":3,"SourceTimestamp":"2024-04-27T16:32:45.407936Z","ServerTimestamp":"2024-04-27T16:32:45.4079506Z"},"nsu=http://opcfoundation.org/UA/Plc/Applications;s=SlowUIntScalar3":{"Value":3,"SourceTimestamp":"2024-04-27T16:32:45.4079519Z","ServerTimestamp":"2024-04-27T16:32:45.4079529Z"},"nsu=http://opcfoundation.org/UA/Plc/Applications;s=BadSlowUIntScalar1":{"Value":3,"SourceTimestamp":"2024-04-27T16:32:45.407954Z","ServerTimestamp":"2024-04-27T16:32:45.4079548Z"},"nsu=http://opcfoundation.org/UA/Plc/Applications;s=SlowRandomUIntScalar1":{"Value":13035206,"SourceTimestamp":"2024-04-27T16:32:45.4079319Z","ServerTimestamp":"2024-04-27T16:32:45.4079364Z"},"nsu=http://opcfoundation.org/UA/Plc/Applications;s=SlowRandomUIntScalar2":{"Value":1288415016,"SourceTimestamp":"2024-04-27T16:32:45.4079488Z","ServerTimestamp":"2024-04-27T16:32:45.4079493Z"},"nsu=http://opcfoundation.org/UA/Plc/Applications;s=SlowRandomUIntScalar3":{"Value":1618271919,"SourceTimestamp":"2024-04-27T16:32:45.4079505Z","ServerTimestamp":"2024-04-27T16:32:45.407952Z"},"nsu=http://opcfoundation.org/UA/Plc/Applications;s=BadSlowRandomUIntScalar1":{"Value":3891289000,"SourceTimestamp":"2024-04-27T16:32:45.4079532Z","ServerTimestamp":"2024-04-27T16:32:45.4079537Z"}}}