{"SequenceNumber":28,"MetaDataVersion":{"MajorVersion":1},"Timestamp":"2024-04-27T16:32:48.5586351Z","MessageType":"ua-deltaframe","DataSetWriterName":"<<UnknownDataSet>>","Payload":{"nsu=http://opcfoundation.org/UA/Plc/Applications;s=StepUp":{"Value":331,"SourceTimestamp":"2024-04-27T16:32:48.4958762Z","ServerTimestamp":"2024-04-27T16:32:48.4958792Z"},"nsu=http://opcfoundation.org/UA/Plc/Applications;s=RandomSignedInt32":{"Value":-684465748,"SourceTimestamp":"2024-04-27T16:32:48.4958941Z","ServerTimestamp":"2024-04-27T16:32:48.4958985Z"},"nsu=http://opcfoundation.org/UA/Plc/Applications;s=RandomUnsignedInt32":{"Value":897560075,"SourceTimestamp":"2024-04-27T16:32:48.4959066Z","ServerTimestamp":"2024-04-27T16:32:48.4959094Z"},"nsu=http://opcfoundation.org/UA/Plc/Applications;s=DipData":{"Value":58.778525229247322,"SourceTimestamp":"2024-04-27T16:32:48.495908Z","ServerTimestamp":"2024-04-27T16:32:48.4959137Z"},"nsu=http://opcfoundation.org/UA/Plc/Applications;s=FastUIntScalar1":{"Value":33,"SourceTimestamp":"2024-04-27T16:32:48.4012262Z","ServerTimestamp":"2024-04-27T16:32:48.4012287Z"},"nsu=http://opcfoundation.org/UA/Plc/Applications;s=FastUIntScalar2":{"Value":33,"SourceTimestamp":"2024-04-27T16:32:48.4012381Z","ServerTimestamp":"2024-04-27T16:32:48.4012441Z"},"nsu=http://opcfoundation.org/UA/Plc/Applications;s=FastUIntScalar3":{"Value":33,"SourceTimestamp":"2024-04-27T16:32:48.4012453Z","ServerTimestamp":"2024-04-27T16:32:48.4012467Z"},"nsu=http://opcfoundation.org/UA/Plc/Applications;s=FastRandomUIntScalar1":{"Value":3416360087,"SourceTimestamp":"2024-04-27T16:32:48.4012347Z","ServerTimestamp":"2024-04-27T16:32:48.4012384Z"},"nsu=http://opcfoundation.org/UA/Plc/Applications;s=FastRandomUIntScalar2":{"Value":1648567508,"SourceTimestamp":"2024-04-27T16:32:48.4012443Z","ServerTimestamp":"2024-04-27T16:32:48.4012455Z"},"nsu=http://opcfoundation.org/UA/Plc/Applications;s=FastRandomUIntScalar3":{"Value":121311543,"SourceTimestamp":"2024-04-27T16:32:48.4012467Z","ServerTimestamp":"2024-04-27T16:32:48.4012475Z"},"nsu=http://opcfoundation.org/UA/Plc/Applications;s=SpikeData":{"Value":58.778525229247322,"SourceTimestamp":"2024-04-27T16:32:48.495926Z","ServerTimestamp":"2024-04-27T16:32:48.4959271Z"}}}