{"SequenceNumber":29,"MetaDataVersion":{"MajorVersion":1},"Timestamp":"2024-04-27T16:32:50.5554576Z","MessageType":"ua-deltaframe","DataSetWriterName":"<<UnknownDataSet>>","Payload":{"nsu=http://opcfoundation.org/UA/Plc/Applications;s=StepUp":{"Value":351,"SourceTimestamp":"2024-04-27T16:32:50.509493Z","ServerTimestamp":"2024-04-27T16:32:50.5094965Z"},"nsu=http://opcfoundation.org/UA/Plc/Applications;s=AlternatingBoolean":{"Value":false,"SourceTimestamp":"2024-04-27T16:32:50.5094991Z","ServerTimestamp":"2024-04-27T16:32:50.5095302Z"},"nsu=http://opcfoundation.org/UA/Plc/Applications;s=RandomSignedInt32":{"Value":-752059012,"SourceTimestamp":"2024-04-27T16:32:50.5095104Z","ServerTimestamp":"2024-04-27T16:32:50.5095148Z"},"nsu=http://opcfoundation.org/UA/Plc/Applications;s=RandomUnsignedInt32":{"Value":2048699118,"SourceTimestamp":"2024-04-27T16:32:50.5095219Z","ServerTimestamp":"2024-04-27T16:32:50.5095233Z"},"nsu=http://opcfoundation.org/UA/Plc/Applications;s=DipData":{"Value":6.4324905987065468E-14,"SourceTimestamp":"2024-04-27T16:32:50.509534Z","ServerTimestamp":"2024-04-27T16:32:50.5095358Z"},"nsu=http://opcfoundation.org/UA/Plc/Applications;s=FastUIntScalar1":{"Value":35,"SourceTimestamp":"2024-04-27T16:32:50.4008428Z","ServerTimestamp":"2024-04-27T16:32:50.400845Z"},"nsu=http://opcfoundation.org/UA/Plc/Applications;s=FastUIntScalar2":{"Value":35,"SourceTimestamp":"2024-04-27T16:32:50.4008535Z","ServerTimestamp":"2024-04-27T16:32:50.4008541Z"},"nsu=http://opcfoundation.org/UA/Plc/Applications;s=FastUIntScalar3":{"Value":35,"SourceTimestamp":"2024-04-27T16:32:50.400855Z","ServerTimestamp":"2024-04-27T16:32:50.4008555Z"},"nsu=http://opcfoundation.org/UA/Plc/Applications;s=FastRandomUIntScalar1":{"Value":18036024,"SourceTimestamp":"2024-04-27T16:32:50.4008453Z","ServerTimestamp":"2024-04-27T16:32:50.4008571Z"},"nsu=http://opcfoundation.org/UA/Plc/Applications;s=FastRandomUIntScalar2":{"Value":1213836842,"SourceTimestamp":"2024-04-27T16:32:50.4008636Z","ServerTimestamp":"2024-04-27T16:32:50.4008643Z"},"nsu=http://opcfoundation.org/UA/Plc/Applications;s=FastRandomUIntScalar3":{"Value":1608695118,"SourceTimestamp":"2024-04-27T16:32:50.4008655Z","ServerTimestamp":"2024-04-27T16:32:50.4008659Z"},"nsu=http://opcfoundation.org/UA/Plc/Applications;s=PositiveTrendData":{"Value":100.3,"SourceTimestamp":"2024-04-27T16:32:50.5095418Z","ServerTimestamp":"2024-04-27T16:32:50.509546Z"},"nsu=http://opcfoundation.org/UA/Plc/Applications;s=SpikeData":{"Value":6.4324905987065468E-14,"SourceTimestamp":"2024-04-27T16:32:50.5095382Z","ServerTimestamp":"2024-04-27T16:32:50.5095441Z"}}}