{"SequenceNumber":31,"MetaDataVersion":{"MajorVersion":1},"Timestamp":"2024-04-27T16:32:52.5520599Z","MessageType":"ua-deltaframe","DataSetWriterName":"<<UnknownDataSet>>","Payload":{"nsu=http://opcfoundation.org/UA/Plc/Applications;s=StepUp":{"Value":371,"SourceTimestamp":"2024-04-27T16:32:52.5046467Z","ServerTimestamp":"2024-04-27T16:32:52.5046496Z"},"nsu=http://opcfoundation.org/UA/Plc/Applications;s=RandomSignedInt32":{"Value":-80922441,"SourceTimestamp":"2024-04-27T16:32:52.504662Z","ServerTimestamp":"2024-04-27T16:32:52.5046643Z"},"nsu=http://opcfoundation.org/UA/Plc/Applications;s=RandomUnsignedInt32":{"Value":61140781,"SourceTimestamp":"2024-04-27T16:32:52.5046763Z","ServerTimestamp":"2024-04-27T16:32:52.5046778Z"},"nsu=http://opcfoundation.org/UA/Plc/Applications;s=DipData":{"Value":-58.778525229247336,"SourceTimestamp":"2024-04-27T16:32:52.5046808Z","ServerTimestamp":"2024-04-27T16:32:52.5046845Z"},"nsu=http://opcfoundation.org/UA/Plc/Applications;s=FastUIntScalar1":{"Value":37,"SourceTimestamp":"2024-04-27T16:32:52.3960087Z","ServerTimestamp":"2024-04-27T16:32:52.3960113Z"},"nsu=http://opcfoundation.org/UA/Plc/Applications;s=FastUIntScalar2":{"Value":37,"SourceTimestamp":"2024-04-27T16:32:52.3960204Z","ServerTimestamp":"2024-04-27T16:32:52.3960273Z"},"nsu=http://opcfoundation.org/UA/Plc/Applications;s=FastUIntScalar3":{"Value":37,"SourceTimestamp":"2024-04-27T16:32:52.3960285Z","ServerTimestamp":"2024-04-27T16:32:52.3960291Z"},"nsu=http://opcfoundation.org/UA/Plc/Applications;s=FastRandomUIntScalar1":{"Value":2325024124,"SourceTimestamp":"2024-04-27T16:32:52.3960179Z","ServerTimestamp":"2024-04-27T16:32:52.3960207Z"},"nsu=http://opcfoundation.org/UA/Plc/Applications;s=FastRandomUIntScalar2":{"Value":723182214,"SourceTimestamp":"2024-04-27T16:32:52.3960281Z","ServerTimestamp":"2024-04-27T16:32:52.3960303Z"},"nsu=http://opcfoundation.org/UA/Plc/Applications;s=FastRandomUIntScalar3":{"Value":2631717696,"SourceTimestamp":"2024-04-27T16:32:52.3960331Z","ServerTimestamp":"2024-04-27T16:32:52.3960351Z"},"nsu=http://opcfoundation.org/UA/Plc/Applications;s=SpikeData":{"Value":-58.778525229247336,"SourceTimestamp":"2024-04-27T16:32:52.5046884Z","ServerTimestamp":"2024-04-27T16:32:52.5046893Z"}}}