{"DataSetWriterId":1,"SequenceNumber":4,"MetaDataVersion":{"MajorVersion":1},"Timestamp":"2024-04-27T16:32:56.6966464Z","MessageType":"ua-deltaframe","DataSetWriterName":"<<UnknownDataSet>>","Payload":{"nsu=http://opcfoundation.org/UA/Plc/Applications;s=SlowUIntScalar1":{"Value":4,"SourceTimestamp":"2024-04-27T16:32:55.4055232Z","ServerTimestamp":"2024-04-27T16:32:55.4055347Z"},"nsu=http://opcfoundation.org/UA/Plc/Applications;s=SlowUIntScalar2":{"Value":4,"SourceTimestamp":"2024-04-27T16:32:55.4055507Z","ServerTimestamp":"2024-04-27T16:32:55.4055519Z"},"nsu=http://opcfoundation.org/UA/Plc/Applications;s=SlowUIntScalar3":{"Value":4,"SourceTimestamp":"2024-04-27T16:32:55.4055541Z","ServerTimestamp":"2024-04-27T16:32:55.4055551Z"},"nsu=http://opcfoundation.org/UA/Plc/Applications;s=BadSlowUIntScalar1":{"Value":4,"StatusCode":{"Symbol":"UncertainLastUsableValue","Code":1083179008},"SourceTimestamp":"2024-04-27T16:32:55.405558Z","ServerTimestamp":"2024-04-27T16:32:55.4055591Z"},"nsu=http://opcfoundation.org/UA/Plc/Applications;s=SlowRandomUIntScalar1":{"Value":3466295583,"SourceTimestamp":"2024-04-27T16:32:55.4055612Z","ServerTimestamp":"2024-04-27T16:32:55.4055654Z"},"nsu=http://opcfoundation.org/UA/Plc/Applications;s=SlowRandomUIntScalar2":{"Value":420691243,"SourceTimestamp":"2024-04-27T16:32:55.4055786Z","ServerTimestamp":"2024-04-27T16:32:55.4055798Z"},"nsu=http://opcfoundation.org/UA/Plc/Applications;s=SlowRandomUIntScalar3":{"Value":3715858177,"SourceTimestamp":"2024-04-27T16:32:55.4055819Z","ServerTimestamp":"2024-04-27T16:32:55.405583Z"},"nsu=http://opcfoundation.org/UA/Plc/Applications;s=BadSlowRandomUIntScalar1":{"Value":4050319219,"StatusCode":{"Symbol":"UncertainLastUsableValue","Code":1083179008},"SourceTimestamp":"2024-04-27T16:32:55.4055911Z","ServerTimestamp":"2024-04-27T16:32:55.4055922Z"}}}