{"SequenceNumber":37,"MetaDataVersion":{"MajorVersion":1},"Timestamp":"2024-04-27T16:32:58.6038185Z","MessageType":"ua-deltaframe","DataSetWriterName":"<<UnknownDataSet>>","Payload":{"nsu=http://opcfoundation.org/UA/Plc/Applications;s=StepUp":{"Value":431,"SourceTimestamp":"2024-04-27T16:32:58.5100897Z","ServerTimestamp":"2024-04-27T16:32:58.5100928Z"},"nsu=http://opcfoundation.org/UA/Plc/Applications;s=RandomSignedInt32":{"Value":1617143917,"SourceTimestamp":"2024-04-27T16:32:58.5100992Z","ServerTimestamp":"2024-04-27T16:32:58.5101055Z"},"nsu=http://opcfoundation.org/UA/Plc/Applications;s=RandomUnsignedInt32":{"Value":1656530117,"SourceTimestamp":"2024-04-27T16:32:58.5101231Z","ServerTimestamp":"2024-04-27T16:32:58.5101263Z"},"nsu=http://opcfoundation.org/UA/Plc/Applications;s=DipData":{"Value":58.778525229247322,"SourceTimestamp":"2024-04-27T16:32:58.510127Z","ServerTimestamp":"2024-04-27T16:32:58.5101307Z"},"nsu=http://opcfoundation.org/UA/Plc/Applications;s=FastUIntScalar1":{"Value":43,"SourceTimestamp":"2024-04-27T16:32:58.4018257Z","ServerTimestamp":"2024-04-27T16:32:58.4018294Z"},"nsu=http://opcfoundation.org/UA/Plc/Applications;s=FastUIntScalar2":{"Value":43,"SourceTimestamp":"2024-04-27T16:32:58.4018444Z","ServerTimestamp":"2024-04-27T16:32:58.4018451Z"},"nsu=http://opcfoundation.org/UA/Plc/Applications;s=FastUIntScalar3":{"Value":43,"SourceTimestamp":"2024-04-27T16:32:58.4018466Z","ServerTimestamp":"2024-04-27T16:32:58.4018476Z"},"nsu=http://opcfoundation.org/UA/Plc/Applications;s=FastRandomUIntScalar1":{"Value":932077787,"SourceTimestamp":"2024-04-27T16:32:58.4018372Z","ServerTimestamp":"2024-04-27T16:32:58.4018534Z"},"nsu=http://opcfoundation.org/UA/Plc/Applications;s=FastRandomUIntScalar2":{"Value":4106606184,"SourceTimestamp":"2024-04-27T16:32:58.4018657Z","ServerTimestamp":"2024-04-27T16:32:58.4018667Z"},"nsu=http://opcfoundation.org/UA/Plc/Applications;s=FastRandomUIntScalar3":{"Value":677458044,"SourceTimestamp":"2024-04-27T16:32:58.4018684Z","ServerTimestamp":"2024-04-27T16:32:58.4018692Z"},"nsu=http://opcfoundation.org/UA/Plc/Applications;s=SpikeData":{"Value":58.778525229247322,"SourceTimestamp":"2024-04-27T16:32:58.5101367Z","ServerTimestamp":"2024-04-27T16:32:58.5101374Z"}}}