{"SequenceNumber":38,"MetaDataVersion":{"MajorVersion":1},"Timestamp":"2024-04-27T16:32:59.5951223Z","MessageType":"ua-deltaframe","DataSetWriterName":"<<UnknownDataSet>>","Payload":{"nsu=http://opcfoundation.org/UA/Plc/Applications;s=StepUp":{"Value":441,"SourceTimestamp":"2024-04-27T16:32:59.5023611Z","ServerTimestamp":"2024-04-27T16:32:59.5023751Z"},"nsu=http://opcfoundation.org/UA/Plc/Applications;s=RandomSignedInt32":{"Value":1218326970,"SourceTimestamp":"2024-04-27T16:32:59.5023914Z","ServerTimestamp":"2024-04-27T16:32:59.5023946Z"},"nsu=http://opcfoundation.org/UA/Plc/Applications;s=RandomUnsignedInt32":{"Value":1779044263,"SourceTimestamp":"2024-04-27T16:32:59.5023949Z","ServerTimestamp":"2024-04-27T16:32:59.5024128Z"},"nsu=http://opcfoundation.org/UA/Plc/Applications;s=DipData":{"Value":95.10565162951535,"SourceTimestamp":"2024-04-27T16:32:59.5024165Z","ServerTimestamp":"2024-04-27T16:32:59.5024343Z"},"nsu=http://opcfoundation.org/UA/Plc/Applications;s=FastUIntScalar1":{"Value":44,"SourceTimestamp":"2024-04-27T16:32:59.3944291Z","ServerTimestamp":"2024-04-27T16:32:59.3944311Z"},"nsu=http://opcfoundation.org/UA/Plc/Applications;s=FastUIntScalar2":{"Value":44,"SourceTimestamp":"2024-04-27T16:32:59.3944392Z","ServerTimestamp":"2024-04-27T16:32:59.3944445Z"},"nsu=http://opcfoundation.org/UA/Plc/Applications;s=FastUIntScalar3":{"Value":44,"SourceTimestamp":"2024-04-27T16:32:59.3944457Z","ServerTimestamp":"2024-04-27T16:32:59.3944473Z"},"nsu=http://opcfoundation.org/UA/Plc/Applications;s=FastRandomUIntScalar1":{"Value":1568947678,"SourceTimestamp":"2024-04-27T16:32:59.394431Z","ServerTimestamp":"2024-04-27T16:32:59.3944393Z"},"nsu=http://opcfoundation.org/UA/Plc/Applications;s=FastRandomUIntScalar2":{"Value":3262216584,"SourceTimestamp":"2024-04-27T16:32:59.3944448Z","ServerTimestamp":"2024-04-27T16:32:59.3944458Z"},"nsu=http://opcfoundation.org/UA/Plc/Applications;s=FastRandomUIntScalar3":{"Value":3023724241,"SourceTimestamp":"2024-04-27T16:32:59.3944471Z","ServerTimestamp":"2024-04-27T16:32:59.3944484Z"},"nsu=http://opcfoundation.org/UA/Plc/Applications;s=SpikeData":{"Value":95.10565162951535,"SourceTimestamp":"2024-04-27T16:32:59.5024252Z","ServerTimestamp":"2024-04-27T16:32:59.5024307Z"}}}