{"SequenceNumber":40,"MetaDataVersion":{"MajorVersion":1},"Timestamp":"2024-04-27T16:33:01.5784517Z","MessageType":"ua-deltaframe","DataSetWriterName":"<<UnknownDataSet>>","Payload":{"nsu=http://opcfoundation.org/UA/Plc/Applications;s=StepUp":{"Value":461,"SourceTimestamp":"2024-04-27T16:33:01.502541Z","ServerTimestamp":"2024-04-27T16:33:01.5025438Z"},"nsu=http://opcfoundation.org/UA/Plc/Applications;s=RandomSignedInt32":{"Value":-1114747559,"SourceTimestamp":"2024-04-27T16:33:01.5025572Z","ServerTimestamp":"2024-04-27T16:33:01.502562Z"},"nsu=http://opcfoundation.org/UA/Plc/Applications;s=RandomUnsignedInt32":{"Value":2113321691,"SourceTimestamp":"2024-04-27T16:33:01.5025647Z","ServerTimestamp":"2024-04-27T16:33:01.5025667Z"},"nsu=http://opcfoundation.org/UA/Plc/Applications;s=DipData":{"Value":-95.105651629515364,"SourceTimestamp":"2024-04-27T16:33:01.5025775Z","ServerTimestamp":"2024-04-27T16:33:01.5025794Z"},"nsu=http://opcfoundation.org/UA/Plc/Applications;s=FastUIntScalar1":{"Value":46,"SourceTimestamp":"2024-04-27T16:33:01.3954499Z","ServerTimestamp":"2024-04-27T16:33:01.3954788Z"},"nsu=http://opcfoundation.org/UA/Plc/Applications;s=FastUIntScalar2":{"Value":46,"SourceTimestamp":"2024-04-27T16:33:01.3954815Z","ServerTimestamp":"2024-04-27T16:33:01.3954823Z"},"nsu=http://opcfoundation.org/UA/Plc/Applications;s=FastUIntScalar3":{"Value":46,"SourceTimestamp":"2024-04-27T16:33:01.395485Z","ServerTimestamp":"2024-04-27T16:33:01.395486Z"},"nsu=http://opcfoundation.org/UA/Plc/Applications;s=FastRandomUIntScalar1":{"Value":2052825095,"SourceTimestamp":"2024-04-27T16:33:01.3954502Z","ServerTimestamp":"2024-04-27T16:33:01.3954696Z"},"nsu=http://opcfoundation.org/UA/Plc/Applications;s=FastRandomUIntScalar2":{"Value":2691930329,"SourceTimestamp":"2024-04-27T16:33:01.3954788Z","ServerTimestamp":"2024-04-27T16:33:01.3954813Z"},"nsu=http://opcfoundation.org/UA/Plc/Applications;s=FastRandomUIntScalar3":{"Value":3830708021,"SourceTimestamp":"2024-04-27T16:33:01.3954826Z","ServerTimestamp":"2024-04-27T16:33:01.3954848Z"},"nsu=http://opcfoundation.org/UA/Plc/Applications;s=SpikeData":{"Value":-95.105651629515364,"SourceTimestamp":"2024-04-27T16:33:01.5025768Z","ServerTimestamp":"2024-04-27T16:33:01.5025778Z"}}}