{"SequenceNumber":41,"MetaDataVersion":{"MajorVersion":1},"Timestamp":"2024-04-27T16:33:02.5755022Z","MessageType":"ua-deltaframe","DataSetWriterName":"<<UnknownDataSet>>","Payload":{"nsu=http://opcfoundation.org/UA/Plc/Applications;s=StepUp":{"Value":471,"SourceTimestamp":"2024-04-27T16:33:02.4966534Z","ServerTimestamp":"2024-04-27T16:33:02.4966569Z"},"nsu=http://opcfoundation.org/UA/Plc/Applications;s=RandomSignedInt32":{"Value":1048279526,"SourceTimestamp":"2024-04-27T16:33:02.4966668Z","ServerTimestamp":"2024-04-27T16:33:02.4966684Z"},"nsu=http://opcfoundation.org/UA/Plc/Applications;s=RandomUnsignedInt32":{"Value":523469366,"SourceTimestamp":"2024-04-27T16:33:02.4966755Z","ServerTimestamp":"2024-04-27T16:33:02.4966766Z"},"nsu=http://opcfoundation.org/UA/Plc/Applications;s=DipData":{"Value":-58.778525229247336,"SourceTimestamp":"2024-04-27T16:33:02.4966942Z","ServerTimestamp":"2024-04-27T16:33:02.4966951Z"},"nsu=http://opcfoundation.org/UA/Plc/Applications;s=FastUIntScalar1":{"Value":47,"SourceTimestamp":"2024-04-27T16:33:02.4020176Z","ServerTimestamp":"2024-04-27T16:33:02.4020291Z"},"nsu=http://opcfoundation.org/UA/Plc/Applications;s=FastUIntScalar2":{"Value":47,"SourceTimestamp":"2024-04-27T16:33:02.4020357Z","ServerTimestamp":"2024-04-27T16:33:02.4020368Z"},"nsu=http://opcfoundation.org/UA/Plc/Applications;s=FastUIntScalar3":{"Value":47,"SourceTimestamp":"2024-04-27T16:33:02.4020384Z","ServerTimestamp":"2024-04-27T16:33:02.4020394Z"},"nsu=http://opcfoundation.org/UA/Plc/Applications;s=FastRandomUIntScalar1":{"Value":3139546366,"SourceTimestamp":"2024-04-27T16:33:02.4020174Z","ServerTimestamp":"2024-04-27T16:33:02.4020193Z"},"nsu=http://opcfoundation.org/UA/Plc/Applications;s=FastRandomUIntScalar2":{"Value":3427657225,"SourceTimestamp":"2024-04-27T16:33:02.4020283Z","ServerTimestamp":"2024-04-27T16:33:02.4020357Z"},"nsu=http://opcfoundation.org/UA/Plc/Applications;s=FastRandomUIntScalar3":{"Value":3433908864,"SourceTimestamp":"2024-04-27T16:33:02.402037Z","ServerTimestamp":"2024-04-27T16:33:02.4020379Z"},"nsu=http://opcfoundation.org/UA/Plc/Applications;s=SpikeData":{"Value":-58.778525229247336,"SourceTimestamp":"2024-04-27T16:33:02.4967018Z","ServerTimestamp":"2024-04-27T16:33:02.4967025Z"}}}