{"SequenceNumber":44,"MetaDataVersion":{"MajorVersion":1},"Timestamp":"2024-04-27T16:33:05.6036129Z","MessageType":"ua-deltaframe","DataSetWriterName":"<<UnknownDataSet>>","Payload":{"nsu=http://opcfoundation.org/UA/Plc/Applications;s=StepUp":{"Value":501,"SourceTimestamp":"2024-04-27T16:33:05.5087663Z","ServerTimestamp":"2024-04-27T16:33:05.5087695Z"},"nsu=http://opcfoundation.org/UA/Plc/Applications;s=AlternatingBoolean":{"Value":true,"SourceTimestamp":"2024-04-27T16:33:05.508778Z","ServerTimestamp":"2024-04-27T16:33:05.50878Z"},"nsu=http://opcfoundation.org/UA/Plc/Applications;s=RandomSignedInt32":{"Value":-51701322,"SourceTimestamp":"2024-04-27T16:33:05.5087829Z","ServerTimestamp":"2024-04-27T16:33:05.5087873Z"},"nsu=http://opcfoundation.org/UA/Plc/Applications;s=RandomUnsignedInt32":{"Value":1328663570,"SourceTimestamp":"2024-04-27T16:33:05.5087934Z","ServerTimestamp":"2024-04-27T16:33:05.508794Z"},"nsu=http://opcfoundation.org/UA/Plc/Applications;s=DipData":{"Value":6.4324905987065468E-14,"SourceTimestamp":"2024-04-27T16:33:05.5087913Z","ServerTimestamp":"2024-04-27T16:33:05.508792Z"},"nsu=http://opcfoundation.org/UA/Plc/Applications;s=FastUIntScalar1":{"Value":50,"SourceTimestamp":"2024-04-27T16:33:05.3996023Z","ServerTimestamp":"2024-04-27T16:33:05.3996033Z"},"nsu=http://opcfoundation.org/UA/Plc/Applications;s=FastUIntScalar2":{"Value":50,"SourceTimestamp":"2024-04-27T16:33:05.399605Z","ServerTimestamp":"2024-04-27T16:33:05.3996054Z"},"nsu=http://opcfoundation.org/UA/Plc/Applications;s=FastUIntScalar3":{"Value":50,"SourceTimestamp":"2024-04-27T16:33:05.3996062Z","ServerTimestamp":"2024-04-27T16:33:05.3996067Z"},"nsu=http://opcfoundation.org/UA/Plc/Applications;s=FastRandomUIntScalar1":{"Value":546323347,"SourceTimestamp":"2024-04-27T16:33:05.399608Z","ServerTimestamp":"2024-04-27T16:33:05.3996092Z"},"nsu=http://opcfoundation.org/UA/Plc/Applications;s=FastRandomUIntScalar2":{"Value":3958401951,"SourceTimestamp":"2024-04-27T16:33:05.3996131Z","ServerTimestamp":"2024-04-27T16:33:05.3996137Z"},"nsu=http://opcfoundation.org/UA/Plc/Applications;s=FastRandomUIntScalar3":{"Value":259567236,"SourceTimestamp":"2024-04-27T16:33:05.3996149Z","ServerTimestamp":"2024-04-27T16:33:05.3996154Z"},"nsu=http://opcfoundation.org/UA/Plc/Applications;s=NegativeTrendData":{"Value":99.799999999999997,"SourceTimestamp":"2024-04-27T16:33:05.5087981Z","ServerTimestamp":"2024-04-27T16:33:05.5087991Z"},"nsu=http://opcfoundation.org/UA/Plc/Applications;s=PositiveTrendData":{"Value":100.59999999999999,"SourceTimestamp":"2024-04-27T16:33:05.5087965Z","ServerTimestamp":"2024-04-27T16:33:05.5087972Z"},"nsu=http://opcfoundation.org/UA/Plc/Applications;s=SpikeData":{"Value":6.4324905987065468E-14,"SourceTimestamp":"2024-04-27T16:33:05.5088003Z","ServerTimestamp":"2024-04-27T16:33:05.5088009Z"}}}