{"SequenceNumber":45,"MetaDataVersion":{"MajorVersion":1},"Timestamp":"2024-04-27T16:33:06.5927761Z","MessageType":"ua-deltaframe","DataSetWriterName":"<<UnknownDataSet>>","Payload":{"nsu=http://opcfoundation.org/UA/Plc/Applications;s=StepUp":{"Value":511,"SourceTimestamp":"2024-04-27T16:33:06.4999685Z","ServerTimestamp":"2024-04-27T16:33:06.4999724Z"},"nsu=http://opcfoundation.org/UA/Plc/Applications;s=RandomSignedInt32":{"Value":139892310,"SourceTimestamp":"2024-04-27T16:33:06.500027Z","ServerTimestamp":"2024-04-27T16:33:06.5000294Z"},"nsu=http://opcfoundation.org/UA/Plc/Applications;s=RandomUnsignedInt32":{"Value":1610925799,"SourceTimestamp":"2024-04-27T16:33:06.5000229Z","ServerTimestamp":"2024-04-27T16:33:06.5000241Z"},"nsu=http://opcfoundation.org/UA/Plc/Applications;s=DipData":{"Value":-95.105651629515364,"SourceTimestamp":"2024-04-27T16:33:06.5000378Z","ServerTimestamp":"2024-04-27T16:33:06.500039Z"},"nsu=http://opcfoundation.org/UA/Plc/Applications;s=FastUIntScalar1":{"Value":51,"SourceTimestamp":"2024-04-27T16:33:06.4075008Z","ServerTimestamp":"2024-04-27T16:33:06.4075033Z"},"nsu=http://opcfoundation.org/UA/Plc/Applications;s=FastUIntScalar2":{"Value":51,"SourceTimestamp":"2024-04-27T16:33:06.4075137Z","ServerTimestamp":"2024-04-27T16:33:06.4075406Z"},"nsu=http://opcfoundation.org/UA/Plc/Applications;s=FastUIntScalar3":{"Value":51,"SourceTimestamp":"2024-04-27T16:33:06.4075429Z","ServerTimestamp":"2024-04-27T16:33:06.4075527Z"},"nsu=http://opcfoundation.org/UA/Plc/Applications;s=FastRandomUIntScalar1":{"Value":1477562479,"SourceTimestamp":"2024-04-27T16:33:06.4075029Z","ServerTimestamp":"2024-04-27T16:33:06.4075138Z"},"nsu=http://opcfoundation.org/UA/Plc/Applications;s=FastRandomUIntScalar2":{"Value":1571198531,"SourceTimestamp":"2024-04-27T16:33:06.4075226Z","ServerTimestamp":"2024-04-27T16:33:06.4075762Z"},"nsu=http://opcfoundation.org/UA/Plc/Applications;s=FastRandomUIntScalar3":{"Value":1548907767,"SourceTimestamp":"2024-04-27T16:33:06.4075799Z","ServerTimestamp":"2024-04-27T16:33:06.407581Z"},"nsu=http://opcfoundation.org/UA/Plc/Applications;s=SpikeData":{"Value":-95.105651629515364,"SourceTimestamp":"2024-04-27T16:33:06.500048Z","ServerTimestamp":"2024-04-27T16:33:06.500049Z"}}}