{"SequenceNumber":5,"MetaDataVersion":{"MajorVersion":1},"Timestamp":"2024-04-27T16:32:21.5912666Z","MessageType":"ua-deltaframe","DataSetWriterName":"<<UnknownDataSet>>","Payload":{"nsu=http://opcfoundation.org/UA/Plc/Applications;s=StepUp":{"Value":61,"SourceTimestamp":"2024-04-27T16:32:21.4985585Z","ServerTimestamp":"2024-04-27T16:32:21.4986028Z"},"nsu=http://opcfoundation.org/UA/Plc/Applications;s=RandomSignedInt32":{"Value":-1930876289,"SourceTimestamp":"2024-04-27T16:32:21.4985628Z","ServerTimestamp":"2024-04-27T16:32:21.498576Z"},"nsu=http://opcfoundation.org/UA/Plc/Applications;s=RandomUnsignedInt32":{"Value":566262810,"SourceTimestamp":"2024-04-27T16:32:21.4985785Z","ServerTimestamp":"2024-04-27T16:32:21.4985838Z"},"nsu=http://opcfoundation.org/UA/Plc/Applications;s=DipData":{"Value":-95.105651629515364,"SourceTimestamp":"2024-04-27T16:32:21.4985982Z","ServerTimestamp":"2024-04-27T16:32:21.4985996Z"},"nsu=http://opcfoundation.org/UA/Plc/Applications;s=FastUIntScalar1":{"Value":6,"SourceTimestamp":"2024-04-27T16:32:21.4068221Z","ServerTimestamp":"2024-04-27T16:32:21.4068251Z"},"nsu=http://opcfoundation.org/UA/Plc/Applications;s=FastUIntScalar2":{"Value":6,"SourceTimestamp":"2024-04-27T16:32:21.4068371Z","ServerTimestamp":"2024-04-27T16:32:21.4068378Z"},"nsu=http://opcfoundation.org/UA/Plc/Applications;s=FastUIntScalar3":{"Value":6,"SourceTimestamp":"2024-04-27T16:32:21.4068393Z","ServerTimestamp":"2024-04-27T16:32:21.4068402Z"},"nsu=http://opcfoundation.org/UA/Plc/Applications;s=FastRandomUIntScalar1":{"Value":2685590034,"SourceTimestamp":"2024-04-27T16:32:21.4068261Z","ServerTimestamp":"2024-04-27T16:32:21.4068669Z"},"nsu=http://opcfoundation.org/UA/Plc/Applications;s=FastRandomUIntScalar2":{"Value":4264906611,"SourceTimestamp":"2024-04-27T16:32:21.4068866Z","ServerTimestamp":"2024-04-27T16:32:21.4068967Z"},"nsu=http://opcfoundation.org/UA/Plc/Applications;s=FastRandomUIntScalar3":{"Value":4132915376,"SourceTimestamp":"2024-04-27T16:32:21.4068994Z","ServerTimestamp":"2024-04-27T16:32:21.4069048Z"},"nsu=http://opcfoundation.org/UA/Plc/Applications;s=SpikeData":{"Value":-95.105651629515364,"SourceTimestamp":"2024-04-27T16:32:21.498602Z","ServerTimestamp":"2024-04-27T16:32:21.4986046Z"}}}