{"SequenceNumber":47,"MetaDataVersion":{"MajorVersion":1},"Timestamp":"2024-04-27T16:33:08.5754921Z","MessageType":"ua-deltaframe","DataSetWriterName":"<<UnknownDataSet>>","Payload":{"nsu=http://opcfoundation.org/UA/Plc/Applications;s=StepUp":{"Value":531,"SourceTimestamp":"2024-04-27T16:33:08.4973801Z","ServerTimestamp":"2024-04-27T16:33:08.4973841Z"},"nsu=http://opcfoundation.org/UA/Plc/Applications;s=RandomSignedInt32":{"Value":216060890,"SourceTimestamp":"2024-04-27T16:33:08.4974052Z","ServerTimestamp":"2024-04-27T16:33:08.4974578Z"},"nsu=http://opcfoundation.org/UA/Plc/Applications;s=RandomUnsignedInt32":{"Value":557678807,"SourceTimestamp":"2024-04-27T16:33:08.4974185Z","ServerTimestamp":"2024-04-27T16:33:08.4974201Z"},"nsu=http://opcfoundation.org/UA/Plc/Applications;s=DipData":{"Value":58.778525229247322,"SourceTimestamp":"2024-04-27T16:33:08.4974414Z","ServerTimestamp":"2024-04-27T16:33:08.4974439Z"},"nsu=http://opcfoundation.org/UA/Plc/Applications;s=FastUIntScalar1":{"Value":53,"SourceTimestamp":"2024-04-27T16:33:08.4035553Z","ServerTimestamp":"2024-04-27T16:33:08.4035618Z"},"nsu=http://opcfoundation.org/UA/Plc/Applications;s=FastUIntScalar2":{"Value":53,"SourceTimestamp":"2024-04-27T16:33:08.403569Z","ServerTimestamp":"2024-04-27T16:33:08.4035706Z"},"nsu=http://opcfoundation.org/UA/Plc/Applications;s=FastUIntScalar3":{"Value":53,"SourceTimestamp":"2024-04-27T16:33:08.4035719Z","ServerTimestamp":"2024-04-27T16:33:08.4035727Z"},"nsu=http://opcfoundation.org/UA/Plc/Applications;s=FastRandomUIntScalar1":{"Value":2467516398,"SourceTimestamp":"2024-04-27T16:33:08.4035504Z","ServerTimestamp":"2024-04-27T16:33:08.4035525Z"},"nsu=http://opcfoundation.org/UA/Plc/Applications;s=FastRandomUIntScalar2":{"Value":3378865595,"SourceTimestamp":"2024-04-27T16:33:08.4035612Z","ServerTimestamp":"2024-04-27T16:33:08.4035691Z"},"nsu=http://opcfoundation.org/UA/Plc/Applications;s=FastRandomUIntScalar3":{"Value":2869172944,"SourceTimestamp":"2024-04-27T16:33:08.4035706Z","ServerTimestamp":"2024-04-27T16:33:08.4035716Z"},"nsu=http://opcfoundation.org/UA/Plc/Applications;s=SpikeData":{"Value":58.778525229247322,"SourceTimestamp":"2024-04-27T16:33:08.4974572Z","ServerTimestamp":"2024-04-27T16:33:08.497463Z"}}}