{"SequenceNumber":54,"MetaDataVersion":{"MajorVersion":1},"Timestamp":"2024-04-27T16:33:15.5764409Z","MessageType":"ua-deltaframe","DataSetWriterName":"<<UnknownDataSet>>","Payload":{"nsu=http://opcfoundation.org/UA/Plc/Applications;s=StepUp":{"Value":601,"SourceTimestamp":"2024-04-27T16:33:15.4986698Z","ServerTimestamp":"2024-04-27T16:33:15.4986733Z"},"nsu=http://opcfoundation.org/UA/Plc/Applications;s=AlternatingBoolean":{"Value":true,"SourceTimestamp":"2024-04-27T16:33:15.4986985Z","ServerTimestamp":"2024-04-27T16:33:15.4987006Z"},"nsu=http://opcfoundation.org/UA/Plc/Applications;s=RandomSignedInt32":{"Value":-60270065,"SourceTimestamp":"2024-04-27T16:33:15.4987047Z","ServerTimestamp":"2024-04-27T16:33:15.4987093Z"},"nsu=http://opcfoundation.org/UA/Plc/Applications;s=RandomUnsignedInt32":{"Value":1092443068,"SourceTimestamp":"2024-04-27T16:33:15.4987054Z","ServerTimestamp":"2024-04-27T16:33:15.4987079Z"},"nsu=http://opcfoundation.org/UA/Plc/Applications;s=DipData":{"Value":6.4324905987065468E-14,"SourceTimestamp":"2024-04-27T16:33:15.498722Z","ServerTimestamp":"2024-04-27T16:33:15.4987274Z"},"nsu=http://opcfoundation.org/UA/Plc/Applications;s=FastUIntScalar1":{"Value":60,"SourceTimestamp":"2024-04-27T16:33:15.4071199Z","ServerTimestamp":"2024-04-27T16:33:15.4071264Z"},"nsu=http://opcfoundation.org/UA/Plc/Applications;s=FastUIntScalar2":{"Value":60,"SourceTimestamp":"2024-04-27T16:33:15.407128Z","ServerTimestamp":"2024-04-27T16:33:15.4071295Z"},"nsu=http://opcfoundation.org/UA/Plc/Applications;s=FastUIntScalar3":{"Value":60,"SourceTimestamp":"2024-04-27T16:33:15.4071303Z","ServerTimestamp":"2024-04-27T16:33:15.4071313Z"},"nsu=http://opcfoundation.org/UA/Plc/Applications;s=FastRandomUIntScalar1":{"Value":1139963324,"SourceTimestamp":"2024-04-27T16:33:15.4071192Z","ServerTimestamp":"2024-04-27T16:33:15.4071207Z"},"nsu=http://opcfoundation.org/UA/Plc/Applications;s=FastRandomUIntScalar2":{"Value":2147099158,"SourceTimestamp":"2024-04-27T16:33:15.4071259Z","ServerTimestamp":"2024-04-27T16:33:15.4071285Z"},"nsu=http://opcfoundation.org/UA/Plc/Applications;s=FastRandomUIntScalar3":{"Value":3592735490,"SourceTimestamp":"2024-04-27T16:33:15.4071296Z","ServerTimestamp":"2024-04-27T16:33:15.4071302Z"},"nsu=http://opcfoundation.org/UA/Plc/Applications;s=NegativeTrendData":{"Value":99.599999999999994,"SourceTimestamp":"2024-04-27T16:33:15.4987212Z","ServerTimestamp":"2024-04-27T16:33:15.4987225Z"},"nsu=http://opcfoundation.org/UA/Plc/Applications;s=PositiveTrendData":{"Value":100.8,"SourceTimestamp":"2024-04-27T16:33:15.498715Z","ServerTimestamp":"2024-04-27T16:33:15.4987158Z"},"nsu=http://opcfoundation.org/UA/Plc/Applications;s=SpikeData":{"Value":6.4324905987065468E-14,"SourceTimestamp":"2024-04-27T16:33:15.498717Z","ServerTimestamp":"2024-04-27T16:33:15.4987176Z"}}}