{"SequenceNumber":6,"MetaDataVersion":{"MajorVersion":1},"Timestamp":"2024-04-27T16:32:22.5803629Z","MessageType":"ua-deltaframe","DataSetWriterName":"<<UnknownDataSet>>","Payload":{"nsu=http://opcfoundation.org/UA/Plc/Applications;s=StepUp":{"Value":71,"SourceTimestamp":"2024-04-27T16:32:22.5017581Z","ServerTimestamp":"2024-04-27T16:32:22.5017613Z"},"nsu=http://opcfoundation.org/UA/Plc/Applications;s=RandomSignedInt32":{"Value":-776981589,"SourceTimestamp":"2024-04-27T16:32:22.5017986Z","ServerTimestamp":"2024-04-27T16:32:22.5017993Z"},"nsu=http://opcfoundation.org/UA/Plc/Applications;s=RandomUnsignedInt32":{"Value":454032009,"SourceTimestamp":"2024-04-27T16:32:22.5018084Z","ServerTimestamp":"2024-04-27T16:32:22.5018099Z"},"nsu=http://opcfoundation.org/UA/Plc/Applications;s=DipData":{"Value":-58.778525229247336,"SourceTimestamp":"2024-04-27T16:32:22.5018204Z","ServerTimestamp":"2024-04-27T16:32:22.501823Z"},"nsu=http://opcfoundation.org/UA/Plc/Applications;s=FastUIntScalar1":{"Value":7,"SourceTimestamp":"2024-04-27T16:32:22.4082669Z","ServerTimestamp":"2024-04-27T16:32:22.4083112Z"},"nsu=http://opcfoundation.org/UA/Plc/Applications;s=FastUIntScalar2":{"Value":7,"SourceTimestamp":"2024-04-27T16:32:22.4083205Z","ServerTimestamp":"2024-04-27T16:32:22.4083212Z"},"nsu=http://opcfoundation.org/UA/Plc/Applications;s=FastUIntScalar3":{"Value":7,"SourceTimestamp":"2024-04-27T16:32:22.408323Z","ServerTimestamp":"2024-04-27T16:32:22.4083271Z"},"nsu=http://opcfoundation.org/UA/Plc/Applications;s=FastRandomUIntScalar1":{"Value":2799121792,"SourceTimestamp":"2024-04-27T16:32:22.4082636Z","ServerTimestamp":"2024-04-27T16:32:22.4082723Z"},"nsu=http://opcfoundation.org/UA/Plc/Applications;s=FastRandomUIntScalar2":{"Value":727440582,"SourceTimestamp":"2024-04-27T16:32:22.4082823Z","ServerTimestamp":"2024-04-27T16:32:22.40829Z"},"nsu=http://opcfoundation.org/UA/Plc/Applications;s=FastRandomUIntScalar3":{"Value":1315358491,"SourceTimestamp":"2024-04-27T16:32:22.4082916Z","ServerTimestamp":"2024-04-27T16:32:22.4083623Z"},"nsu=http://opcfoundation.org/UA/Plc/Applications;s=SpikeData":{"Value":-58.778525229247336,"SourceTimestamp":"2024-04-27T16:32:22.501826Z","ServerTimestamp":"2024-04-27T16:32:22.5018273Z"}}}