{"SequenceNumber":56,"MetaDataVersion":{"MajorVersion":1},"Timestamp":"2024-04-27T16:33:17.576028Z","MessageType":"ua-deltaframe","DataSetWriterName":"<<UnknownDataSet>>","Payload":{"nsu=http://opcfoundation.org/UA/Plc/Applications;s=StepUp":{"Value":621,"SourceTimestamp":"2024-04-27T16:33:17.4967154Z","ServerTimestamp":"2024-04-27T16:33:17.4967471Z"},"nsu=http://opcfoundation.org/UA/Plc/Applications;s=RandomSignedInt32":{"Value":-1341993194,"SourceTimestamp":"2024-04-27T16:33:17.4967154Z","ServerTimestamp":"2024-04-27T16:33:17.4967193Z"},"nsu=http://opcfoundation.org/UA/Plc/Applications;s=RandomUnsignedInt32":{"Value":1131698973,"SourceTimestamp":"2024-04-27T16:33:17.4967446Z","ServerTimestamp":"2024-04-27T16:33:17.496795Z"},"nsu=http://opcfoundation.org/UA/Plc/Applications;s=DipData":{"Value":-58.778525229247336,"SourceTimestamp":"2024-04-27T16:33:17.4968101Z","ServerTimestamp":"2024-04-27T16:33:17.4968216Z"},"nsu=http://opcfoundation.org/UA/Plc/Applications;s=FastUIntScalar1":{"Value":62,"SourceTimestamp":"2024-04-27T16:33:17.4041259Z","ServerTimestamp":"2024-04-27T16:33:17.4041284Z"},"nsu=http://opcfoundation.org/UA/Plc/Applications;s=FastUIntScalar2":{"Value":62,"SourceTimestamp":"2024-04-27T16:33:17.4041406Z","ServerTimestamp":"2024-04-27T16:33:17.4041412Z"},"nsu=http://opcfoundation.org/UA/Plc/Applications;s=FastUIntScalar3":{"Value":62,"SourceTimestamp":"2024-04-27T16:33:17.4041424Z","ServerTimestamp":"2024-04-27T16:33:17.4041499Z"},"nsu=http://opcfoundation.org/UA/Plc/Applications;s=FastRandomUIntScalar1":{"Value":3655437047,"SourceTimestamp":"2024-04-27T16:33:17.4041265Z","ServerTimestamp":"2024-04-27T16:33:17.4041431Z"},"nsu=http://opcfoundation.org/UA/Plc/Applications;s=FastRandomUIntScalar2":{"Value":3236264189,"SourceTimestamp":"2024-04-27T16:33:17.4041498Z","ServerTimestamp":"2024-04-27T16:33:17.404151Z"},"nsu=http://opcfoundation.org/UA/Plc/Applications;s=FastRandomUIntScalar3":{"Value":3132568898,"SourceTimestamp":"2024-04-27T16:33:17.4041531Z","ServerTimestamp":"2024-04-27T16:33:17.4041553Z"},"nsu=http://opcfoundation.org/UA/Plc/Applications;s=SpikeData":{"Value":-58.778525229247336,"SourceTimestamp":"2024-04-27T16:33:17.4968101Z","ServerTimestamp":"2024-04-27T16:33:17.4968311Z"}}}