{"SequenceNumber":63,"MetaDataVersion":{"MajorVersion":1},"Timestamp":"2024-04-27T16:33:25.5650008Z","MessageType":"ua-deltaframe","DataSetWriterName":"<<UnknownDataSet>>","Payload":{"nsu=http://opcfoundation.org/UA/Plc/Applications;s=StepUp":{"Value":701,"SourceTimestamp":"2024-04-27T16:33:25.5034052Z","ServerTimestamp":"2024-04-27T16:33:25.5034082Z"},"nsu=http://opcfoundation.org/UA/Plc/Applications;s=AlternatingBoolean":{"Value":true,"SourceTimestamp":"2024-04-27T16:33:25.5034467Z","ServerTimestamp":"2024-04-27T16:33:25.5034485Z"},"nsu=http://opcfoundation.org/UA/Plc/Applications;s=RandomSignedInt32":{"Value":370163650,"SourceTimestamp":"2024-04-27T16:33:25.5034293Z","ServerTimestamp":"2024-04-27T16:33:25.5034316Z"},"nsu=http://opcfoundation.org/UA/Plc/Applications;s=RandomUnsignedInt32":{"Value":107610342,"SourceTimestamp":"2024-04-27T16:33:25.5034412Z","ServerTimestamp":"2024-04-27T16:33:25.503442Z"},"nsu=http://opcfoundation.org/UA/Plc/Applications;s=DipData":{"Value":6.4324905987065468E-14,"SourceTimestamp":"2024-04-27T16:33:25.5034472Z","ServerTimestamp":"2024-04-27T16:33:25.5034542Z"},"nsu=http://opcfoundation.org/UA/Plc/Applications;s=FastUIntScalar1":{"Value":70,"SourceTimestamp":"2024-04-27T16:33:25.3953127Z","ServerTimestamp":"2024-04-27T16:33:25.3953142Z"},"nsu=http://opcfoundation.org/UA/Plc/Applications;s=FastUIntScalar2":{"Value":70,"SourceTimestamp":"2024-04-27T16:33:25.3953162Z","ServerTimestamp":"2024-04-27T16:33:25.395317Z"},"nsu=http://opcfoundation.org/UA/Plc/Applications;s=FastUIntScalar3":{"Value":70,"SourceTimestamp":"2024-04-27T16:33:25.3953183Z","ServerTimestamp":"2024-04-27T16:33:25.3953187Z"},"nsu=http://opcfoundation.org/UA/Plc/Applications;s=FastRandomUIntScalar1":{"Value":3826029546,"SourceTimestamp":"2024-04-27T16:33:25.3953081Z","ServerTimestamp":"2024-04-27T16:33:25.3953095Z"},"nsu=http://opcfoundation.org/UA/Plc/Applications;s=FastRandomUIntScalar2":{"Value":3163698551,"SourceTimestamp":"2024-04-27T16:33:25.3953119Z","ServerTimestamp":"2024-04-27T16:33:25.3953124Z"},"nsu=http://opcfoundation.org/UA/Plc/Applications;s=FastRandomUIntScalar3":{"Value":2521250734,"SourceTimestamp":"2024-04-27T16:33:25.395314Z","ServerTimestamp":"2024-04-27T16:33:25.395316Z"},"nsu=http://opcfoundation.org/UA/Plc/Applications;s=NegativeTrendData":{"Value":99.400000000000006,"SourceTimestamp":"2024-04-27T16:33:25.5034544Z","ServerTimestamp":"2024-04-27T16:33:25.503457Z"},"nsu=http://opcfoundation.org/UA/Plc/Applications;s=PositiveTrendData":{"Value":101,"SourceTimestamp":"2024-04-27T16:33:25.5034488Z","ServerTimestamp":"2024-04-27T16:33:25.5034613Z"},"nsu=http://opcfoundation.org/UA/Plc/Applications;s=SpikeData":{"Value":6.4324905987065468E-14,"SourceTimestamp":"2024-04-27T16:33:25.5034573Z","ServerTimestamp":"2024-04-27T16:33:25.5034629Z"}}}