{"SequenceNumber":7,"MetaDataVersion":{"MajorVersion":1},"Timestamp":"2024-04-27T16:32:23.5669393Z","MessageType":"ua-deltaframe","DataSetWriterName":"<<UnknownDataSet>>","Payload":{"nsu=http://opcfoundation.org/UA/Plc/Applications;s=StepUp":{"Value":81,"SourceTimestamp":"2024-04-27T16:32:23.5048205Z","ServerTimestamp":"2024-04-27T16:32:23.5048253Z"},"nsu=http://opcfoundation.org/UA/Plc/Applications;s=RandomSignedInt32":{"Value":-1829599257,"SourceTimestamp":"2024-04-27T16:32:23.5048669Z","ServerTimestamp":"2024-04-27T16:32:23.5048719Z"},"nsu=http://opcfoundation.org/UA/Plc/Applications;s=RandomUnsignedInt32":{"Value":280559006,"SourceTimestamp":"2024-04-27T16:32:23.5048592Z","ServerTimestamp":"2024-04-27T16:32:23.5048602Z"},"nsu=http://opcfoundation.org/UA/Plc/Applications;s=DipData":{"Value":58.778525229247322,"SourceTimestamp":"2024-04-27T16:32:23.5048772Z","ServerTimestamp":"2024-04-27T16:32:23.5048863Z"},"nsu=http://opcfoundation.org/UA/Plc/Applications;s=FastUIntScalar1":{"Value":8,"SourceTimestamp":"2024-04-27T16:32:23.3969427Z","ServerTimestamp":"2024-04-27T16:32:23.3969495Z"},"nsu=http://opcfoundation.org/UA/Plc/Applications;s=FastUIntScalar2":{"Value":8,"SourceTimestamp":"2024-04-27T16:32:23.3969613Z","ServerTimestamp":"2024-04-27T16:32:23.3969627Z"},"nsu=http://opcfoundation.org/UA/Plc/Applications;s=FastUIntScalar3":{"Value":8,"SourceTimestamp":"2024-04-27T16:32:23.396965Z","ServerTimestamp":"2024-04-27T16:32:23.3969661Z"},"nsu=http://opcfoundation.org/UA/Plc/Applications;s=FastRandomUIntScalar1":{"Value":3975519237,"SourceTimestamp":"2024-04-27T16:32:23.3969302Z","ServerTimestamp":"2024-04-27T16:32:23.3969338Z"},"nsu=http://opcfoundation.org/UA/Plc/Applications;s=FastRandomUIntScalar2":{"Value":554201773,"SourceTimestamp":"2024-04-27T16:32:23.3969486Z","ServerTimestamp":"2024-04-27T16:32:23.3969736Z"},"nsu=http://opcfoundation.org/UA/Plc/Applications;s=FastRandomUIntScalar3":{"Value":1542507219,"SourceTimestamp":"2024-04-27T16:32:23.3969899Z","ServerTimestamp":"2024-04-27T16:32:23.3969931Z"},"nsu=http://opcfoundation.org/UA/Plc/Applications;s=SpikeData":{"Value":58.778525229247322,"SourceTimestamp":"2024-04-27T16:32:23.5048936Z","ServerTimestamp":"2024-04-27T16:32:23.5049057Z"}}}