{"SequenceNumber":64,"MetaDataVersion":{"MajorVersion":1},"Timestamp":"2024-04-27T16:33:27.6098198Z","MessageType":"ua-deltaframe","DataSetWriterName":"<<UnknownDataSet>>","Payload":{"nsu=http://opcfoundation.org/UA/Plc/Applications;s=StepUp":{"Value":721,"SourceTimestamp":"2024-04-27T16:33:27.5011696Z","ServerTimestamp":"2024-04-27T16:33:27.5011728Z"},"nsu=http://opcfoundation.org/UA/Plc/Applications;s=RandomSignedInt32":{"Value":-132088624,"SourceTimestamp":"2024-04-27T16:33:27.5012354Z","ServerTimestamp":"2024-04-27T16:33:27.5012447Z"},"nsu=http://opcfoundation.org/UA/Plc/Applications;s=RandomUnsignedInt32":{"Value":1780298568,"SourceTimestamp":"2024-04-27T16:33:27.5012184Z","ServerTimestamp":"2024-04-27T16:33:27.5012232Z"},"nsu=http://opcfoundation.org/UA/Plc/Applications;s=DipData":{"Value":-58.778525229247336,"SourceTimestamp":"2024-04-27T16:33:27.5012345Z","ServerTimestamp":"2024-04-27T16:33:27.5012382Z"},"nsu=http://opcfoundation.org/UA/Plc/Applications;s=FastUIntScalar1":{"Value":72,"SourceTimestamp":"2024-04-27T16:33:27.4083617Z","ServerTimestamp":"2024-04-27T16:33:27.4083887Z"},"nsu=http://opcfoundation.org/UA/Plc/Applications;s=FastUIntScalar2":{"Value":72,"SourceTimestamp":"2024-04-27T16:33:27.4083955Z","ServerTimestamp":"2024-04-27T16:33:27.4084023Z"},"nsu=http://opcfoundation.org/UA/Plc/Applications;s=FastUIntScalar3":{"Value":72,"SourceTimestamp":"2024-04-27T16:33:27.4084037Z","ServerTimestamp":"2024-04-27T16:33:27.4084073Z"},"nsu=http://opcfoundation.org/UA/Plc/Applications;s=FastRandomUIntScalar1":{"Value":696207629,"SourceTimestamp":"2024-04-27T16:33:27.4083558Z","ServerTimestamp":"2024-04-27T16:33:27.4083585Z"},"nsu=http://opcfoundation.org/UA/Plc/Applications;s=FastRandomUIntScalar2":{"Value":3244084483,"SourceTimestamp":"2024-04-27T16:33:27.4083933Z","ServerTimestamp":"2024-04-27T16:33:27.4083949Z"},"nsu=http://opcfoundation.org/UA/Plc/Applications;s=FastRandomUIntScalar3":{"Value":2744314759,"SourceTimestamp":"2024-04-27T16:33:27.4083977Z","ServerTimestamp":"2024-04-27T16:33:27.4084183Z"},"nsu=http://opcfoundation.org/UA/Plc/Applications;s=SpikeData":{"Value":-58.778525229247336,"SourceTimestamp":"2024-04-27T16:33:27.5012446Z","ServerTimestamp":"2024-04-27T16:33:27.5012539Z"}}}