{"SequenceNumber":67,"MetaDataVersion":{"MajorVersion":1},"Timestamp":"2024-04-27T16:33:30.5790667Z","MessageType":"ua-deltaframe","DataSetWriterName":"<<UnknownDataSet>>","Payload":{"nsu=http://opcfoundation.org/UA/Plc/Applications;s=StepUp":{"Value":751,"SourceTimestamp":"2024-04-27T16:33:30.5026882Z","ServerTimestamp":"2024-04-27T16:33:30.5026913Z"},"nsu=http://opcfoundation.org/UA/Plc/Applications;s=AlternatingBoolean":{"Value":false,"SourceTimestamp":"2024-04-27T16:33:30.5026956Z","ServerTimestamp":"2024-04-27T16:33:30.5027024Z"},"nsu=http://opcfoundation.org/UA/Plc/Applications;s=RandomSignedInt32":{"Value":1578979333,"SourceTimestamp":"2024-04-27T16:33:30.5027015Z","ServerTimestamp":"2024-04-27T16:33:30.5027111Z"},"nsu=http://opcfoundation.org/UA/Plc/Applications;s=RandomUnsignedInt32":{"Value":1627716166,"SourceTimestamp":"2024-04-27T16:33:30.5027147Z","ServerTimestamp":"2024-04-27T16:33:30.5027177Z"},"nsu=http://opcfoundation.org/UA/Plc/Applications;s=DipData":{"Value":6.4324905987065468E-14,"SourceTimestamp":"2024-04-27T16:33:30.5027153Z","ServerTimestamp":"2024-04-27T16:33:30.502716Z"},"nsu=http://opcfoundation.org/UA/Plc/Applications;s=FastUIntScalar1":{"Value":75,"SourceTimestamp":"2024-04-27T16:33:30.3966781Z","ServerTimestamp":"2024-04-27T16:33:30.3966804Z"},"nsu=http://opcfoundation.org/UA/Plc/Applications;s=FastUIntScalar2":{"Value":75,"SourceTimestamp":"2024-04-27T16:33:30.3967053Z","ServerTimestamp":"2024-04-27T16:33:30.3967061Z"},"nsu=http://opcfoundation.org/UA/Plc/Applications;s=FastUIntScalar3":{"Value":75,"SourceTimestamp":"2024-04-27T16:33:30.3967073Z","ServerTimestamp":"2024-04-27T16:33:30.3967078Z"},"nsu=http://opcfoundation.org/UA/Plc/Applications;s=FastRandomUIntScalar1":{"Value":2082530715,"SourceTimestamp":"2024-04-27T16:33:30.3966793Z","ServerTimestamp":"2024-04-27T16:33:30.3967367Z"},"nsu=http://opcfoundation.org/UA/Plc/Applications;s=FastRandomUIntScalar2":{"Value":273256294,"SourceTimestamp":"2024-04-27T16:33:30.3967403Z","ServerTimestamp":"2024-04-27T16:33:30.3967413Z"},"nsu=http://opcfoundation.org/UA/Plc/Applications;s=FastRandomUIntScalar3":{"Value":234015842,"SourceTimestamp":"2024-04-27T16:33:30.3967466Z","ServerTimestamp":"2024-04-27T16:33:30.3967569Z"},"nsu=http://opcfoundation.org/UA/Plc/Applications;s=NegativeTrendData":{"Value":99.299999999999997,"SourceTimestamp":"2024-04-27T16:33:30.5027217Z","ServerTimestamp":"2024-04-27T16:33:30.5027291Z"},"nsu=http://opcfoundation.org/UA/Plc/Applications;s=PositiveTrendData":{"Value":101.09999999999999,"SourceTimestamp":"2024-04-27T16:33:30.50272Z","ServerTimestamp":"2024-04-27T16:33:30.5027206Z"},"nsu=http://opcfoundation.org/UA/Plc/Applications;s=SpikeData":{"Value":6.4324905987065468E-14,"SourceTimestamp":"2024-04-27T16:33:30.5027326Z","ServerTimestamp":"2024-04-27T16:33:30.502734Z"}}}