{"DataSetWriterId":1,"SequenceNumber":8,"MetaDataVersion":{"MajorVersion":1},"Timestamp":"2024-04-27T16:33:36.7025661Z","MessageType":"ua-deltaframe","DataSetWriterName":"<<UnknownDataSet>>","Payload":{"nsu=http://opcfoundation.org/UA/Plc/Applications;s=SlowUIntScalar1":{"Value":8,"SourceTimestamp":"2024-04-27T16:33:35.3986296Z","ServerTimestamp":"2024-04-27T16:33:35.3986331Z"},"nsu=http://opcfoundation.org/UA/Plc/Applications;s=SlowUIntScalar2":{"Value":8,"SourceTimestamp":"2024-04-27T16:33:35.3986451Z","ServerTimestamp":"2024-04-27T16:33:35.3986463Z"},"nsu=http://opcfoundation.org/UA/Plc/Applications;s=SlowUIntScalar3":{"Value":8,"SourceTimestamp":"2024-04-27T16:33:35.3986479Z","ServerTimestamp":"2024-04-27T16:33:35.3986487Z"},"nsu=http://opcfoundation.org/UA/Plc/Applications;s=BadSlowUIntScalar1":{"Value":8,"StatusCode":{"Symbol":"UncertainLastUsableValue","Code":1083179008},"SourceTimestamp":"2024-04-27T16:33:35.3986502Z","ServerTimestamp":"2024-04-27T16:33:35.3986511Z"},"nsu=http://opcfoundation.org/UA/Plc/Applications;s=SlowRandomUIntScalar1":{"Value":2866602864,"SourceTimestamp":"2024-04-27T16:33:35.3986575Z","ServerTimestamp":"2024-04-27T16:33:35.3986615Z"},"nsu=http://opcfoundation.org/UA/Plc/Applications;s=SlowRandomUIntScalar2":{"Value":2349795197,"SourceTimestamp":"2024-04-27T16:33:35.3986739Z","ServerTimestamp":"2024-04-27T16:33:35.3986749Z"},"nsu=http://opcfoundation.org/UA/Plc/Applications;s=SlowRandomUIntScalar3":{"Value":1555310276,"SourceTimestamp":"2024-04-27T16:33:35.3986779Z","ServerTimestamp":"2024-04-27T16:33:35.3986788Z"},"nsu=http://opcfoundation.org/UA/Plc/Applications;s=BadSlowRandomUIntScalar1":{"Value":2499405137,"StatusCode":{"Symbol":"UncertainLastUsableValue","Code":1083179008},"SourceTimestamp":"2024-04-27T16:33:35.3986812Z","ServerTimestamp":"2024-04-27T16:33:35.3986818Z"}}}