{"SequenceNumber":77,"MetaDataVersion":{"MajorVersion":1},"Timestamp":"2024-04-27T16:33:41.5963147Z","MessageType":"ua-deltaframe","DataSetWriterName":"<<UnknownDataSet>>","Payload":{"nsu=http://opcfoundation.org/UA/Plc/Applications;s=StepUp":{"Value":861,"SourceTimestamp":"2024-04-27T16:33:41.5039346Z","ServerTimestamp":"2024-04-27T16:33:41.5039387Z"},"nsu=http://opcfoundation.org/UA/Plc/Applications;s=RandomSignedInt32":{"Value":-1883845613,"SourceTimestamp":"2024-04-27T16:33:41.5039592Z","ServerTimestamp":"2024-04-27T16:33:41.5039602Z"},"nsu=http://opcfoundation.org/UA/Plc/Applications;s=RandomUnsignedInt32":{"Value":956527185,"SourceTimestamp":"2024-04-27T16:33:41.5039655Z","ServerTimestamp":"2024-04-27T16:33:41.5039666Z"},"nsu=http://opcfoundation.org/UA/Plc/Applications;s=DipData":{"Value":-95.105651629515364,"SourceTimestamp":"2024-04-27T16:33:41.5039809Z","ServerTimestamp":"2024-04-27T16:33:41.5039955Z"},"nsu=http://opcfoundation.org/UA/Plc/Applications;s=FastUIntScalar1":{"Value":86,"SourceTimestamp":"2024-04-27T16:33:41.3956053Z","ServerTimestamp":"2024-04-27T16:33:41.3956058Z"},"nsu=http://opcfoundation.org/UA/Plc/Applications;s=FastUIntScalar2":{"Value":86,"SourceTimestamp":"2024-04-27T16:33:41.3956067Z","ServerTimestamp":"2024-04-27T16:33:41.3956069Z"},"nsu=http://opcfoundation.org/UA/Plc/Applications;s=FastUIntScalar3":{"Value":86,"SourceTimestamp":"2024-04-27T16:33:41.3956077Z","ServerTimestamp":"2024-04-27T16:33:41.3956079Z"},"nsu=http://opcfoundation.org/UA/Plc/Applications;s=FastRandomUIntScalar1":{"Value":2754196906,"SourceTimestamp":"2024-04-27T16:33:41.395597Z","ServerTimestamp":"2024-04-27T16:33:41.3955981Z"},"nsu=http://opcfoundation.org/UA/Plc/Applications;s=FastRandomUIntScalar2":{"Value":675711166,"SourceTimestamp":"2024-04-27T16:33:41.3956001Z","ServerTimestamp":"2024-04-27T16:33:41.3956005Z"},"nsu=http://opcfoundation.org/UA/Plc/Applications;s=FastRandomUIntScalar3":{"Value":3776060367,"SourceTimestamp":"2024-04-27T16:33:41.3956012Z","ServerTimestamp":"2024-04-27T16:33:41.3956016Z"},"nsu=http://opcfoundation.org/UA/Plc/Applications;s=SpikeData":{"Value":-95.105651629515364,"SourceTimestamp":"2024-04-27T16:33:41.5040065Z","ServerTimestamp":"2024-04-27T16:33:41.5040079Z"}}}