{"SequenceNumber":79,"MetaDataVersion":{"MajorVersion":1},"Timestamp":"2024-04-27T16:33:43.5736775Z","MessageType":"ua-deltaframe","DataSetWriterName":"<<UnknownDataSet>>","Payload":{"nsu=http://opcfoundation.org/UA/Plc/Applications;s=StepUp":{"Value":881,"SourceTimestamp":"2024-04-27T16:33:43.4967355Z","ServerTimestamp":"2024-04-27T16:33:43.4967402Z"},"nsu=http://opcfoundation.org/UA/Plc/Applications;s=RandomSignedInt32":{"Value":-1518749154,"SourceTimestamp":"2024-04-27T16:33:43.4967691Z","ServerTimestamp":"2024-04-27T16:33:43.496773Z"},"nsu=http://opcfoundation.org/UA/Plc/Applications;s=RandomUnsignedInt32":{"Value":461455324,"SourceTimestamp":"2024-04-27T16:33:43.496778Z","ServerTimestamp":"2024-04-27T16:33:43.4967825Z"},"nsu=http://opcfoundation.org/UA/Plc/Applications;s=DipData":{"Value":58.778525229247322,"SourceTimestamp":"2024-04-27T16:33:43.4968138Z","ServerTimestamp":"2024-04-27T16:33:43.4968164Z"},"nsu=http://opcfoundation.org/UA/Plc/Applications;s=FastUIntScalar1":{"Value":88,"SourceTimestamp":"2024-04-27T16:33:43.4036894Z","ServerTimestamp":"2024-04-27T16:33:43.4037029Z"},"nsu=http://opcfoundation.org/UA/Plc/Applications;s=FastUIntScalar2":{"Value":88,"SourceTimestamp":"2024-04-27T16:33:43.4037055Z","ServerTimestamp":"2024-04-27T16:33:43.4037059Z"},"nsu=http://opcfoundation.org/UA/Plc/Applications;s=FastUIntScalar3":{"Value":88,"SourceTimestamp":"2024-04-27T16:33:43.4037068Z","ServerTimestamp":"2024-04-27T16:33:43.4037077Z"},"nsu=http://opcfoundation.org/UA/Plc/Applications;s=FastRandomUIntScalar1":{"Value":1889282178,"SourceTimestamp":"2024-04-27T16:33:43.4036888Z","ServerTimestamp":"2024-04-27T16:33:43.4036909Z"},"nsu=http://opcfoundation.org/UA/Plc/Applications;s=FastRandomUIntScalar2":{"Value":3595109478,"SourceTimestamp":"2024-04-27T16:33:43.4037025Z","ServerTimestamp":"2024-04-27T16:33:43.4037048Z"},"nsu=http://opcfoundation.org/UA/Plc/Applications;s=FastRandomUIntScalar3":{"Value":407172701,"SourceTimestamp":"2024-04-27T16:33:43.403706Z","ServerTimestamp":"2024-04-27T16:33:43.4037067Z"},"nsu=http://opcfoundation.org/UA/Plc/Applications;s=SpikeData":{"Value":58.778525229247322,"SourceTimestamp":"2024-04-27T16:33:43.4968032Z","ServerTimestamp":"2024-04-27T16:33:43.4968048Z"}}}