{"SequenceNumber":80,"MetaDataVersion":{"MajorVersion":1},"Timestamp":"2024-04-27T16:33:44.5617126Z","MessageType":"ua-deltaframe","DataSetWriterName":"<<UnknownDataSet>>","Payload":{"nsu=http://opcfoundation.org/UA/Plc/Applications;s=StepUp":{"Value":891,"SourceTimestamp":"2024-04-27T16:33:44.5003194Z","ServerTimestamp":"2024-04-27T16:33:44.5003221Z"},"nsu=http://opcfoundation.org/UA/Plc/Applications;s=RandomSignedInt32":{"Value":791682005,"SourceTimestamp":"2024-04-27T16:33:44.5003422Z","ServerTimestamp":"2024-04-27T16:33:44.5003438Z"},"nsu=http://opcfoundation.org/UA/Plc/Applications;s=RandomUnsignedInt32":{"Value":243456906,"SourceTimestamp":"2024-04-27T16:33:44.5003407Z","ServerTimestamp":"2024-04-27T16:33:44.5003414Z"},"nsu=http://opcfoundation.org/UA/Plc/Applications;s=DipData":{"Value":95.10565162951535,"SourceTimestamp":"2024-04-27T16:33:44.5003514Z","ServerTimestamp":"2024-04-27T16:33:44.5003524Z"},"nsu=http://opcfoundation.org/UA/Plc/Applications;s=FastUIntScalar1":{"Value":89,"SourceTimestamp":"2024-04-27T16:33:44.4069479Z","ServerTimestamp":"2024-04-27T16:33:44.4069514Z"},"nsu=http://opcfoundation.org/UA/Plc/Applications;s=FastUIntScalar2":{"Value":89,"SourceTimestamp":"2024-04-27T16:33:44.4069773Z","ServerTimestamp":"2024-04-27T16:33:44.4069917Z"},"nsu=http://opcfoundation.org/UA/Plc/Applications;s=FastUIntScalar3":{"Value":89,"SourceTimestamp":"2024-04-27T16:33:44.4069942Z","ServerTimestamp":"2024-04-27T16:33:44.4069981Z"},"nsu=http://opcfoundation.org/UA/Plc/Applications;s=FastRandomUIntScalar1":{"Value":3413767534,"SourceTimestamp":"2024-04-27T16:33:44.4069679Z","ServerTimestamp":"2024-04-27T16:33:44.406978Z"},"nsu=http://opcfoundation.org/UA/Plc/Applications;s=FastRandomUIntScalar2":{"Value":2034800250,"SourceTimestamp":"2024-04-27T16:33:44.4069911Z","ServerTimestamp":"2024-04-27T16:33:44.4069946Z"},"nsu=http://opcfoundation.org/UA/Plc/Applications;s=FastRandomUIntScalar3":{"Value":663738429,"SourceTimestamp":"2024-04-27T16:33:44.4069974Z","ServerTimestamp":"2024-04-27T16:33:44.4070008Z"},"nsu=http://opcfoundation.org/UA/Plc/Applications;s=SpikeData":{"Value":95.10565162951535,"SourceTimestamp":"2024-04-27T16:33:44.5003548Z","ServerTimestamp":"2024-04-27T16:33:44.5003577Z"}}}