{"SequenceNumber":9,"MetaDataVersion":{"MajorVersion":1},"Timestamp":"2024-04-27T16:32:26.5876269Z","MessageType":"ua-deltaframe","DataSetWriterName":"<<UnknownDataSet>>","Payload":{"nsu=http://opcfoundation.org/UA/Plc/Applications;s=StepUp":{"Value":111,"SourceTimestamp":"2024-04-27T16:32:26.5095663Z","ServerTimestamp":"2024-04-27T16:32:26.5095693Z"},"nsu=http://opcfoundation.org/UA/Plc/Applications;s=RandomSignedInt32":{"Value":-1205460770,"SourceTimestamp":"2024-04-27T16:32:26.5095815Z","ServerTimestamp":"2024-04-27T16:32:26.5095829Z"},"nsu=http://opcfoundation.org/UA/Plc/Applications;s=RandomUnsignedInt32":{"Value":692577524,"SourceTimestamp":"2024-04-27T16:32:26.5095983Z","ServerTimestamp":"2024-04-27T16:32:26.5096019Z"},"nsu=http://opcfoundation.org/UA/Plc/Applications;s=DipData":{"Value":-95.105651629515364,"SourceTimestamp":"2024-04-27T16:32:26.5095981Z","ServerTimestamp":"2024-04-27T16:32:26.5096Z"},"nsu=http://opcfoundation.org/UA/Plc/Applications;s=FastUIntScalar1":{"Value":11,"SourceTimestamp":"2024-04-27T16:32:26.4021792Z","ServerTimestamp":"2024-04-27T16:32:26.4022053Z"},"nsu=http://opcfoundation.org/UA/Plc/Applications;s=FastUIntScalar2":{"Value":11,"SourceTimestamp":"2024-04-27T16:32:26.4022134Z","ServerTimestamp":"2024-04-27T16:32:26.4022344Z"},"nsu=http://opcfoundation.org/UA/Plc/Applications;s=FastUIntScalar3":{"Value":11,"SourceTimestamp":"2024-04-27T16:32:26.402236Z","ServerTimestamp":"2024-04-27T16:32:26.4022367Z"},"nsu=http://opcfoundation.org/UA/Plc/Applications;s=FastRandomUIntScalar1":{"Value":1076110320,"SourceTimestamp":"2024-04-27T16:32:26.4021792Z","ServerTimestamp":"2024-04-27T16:32:26.4021815Z"},"nsu=http://opcfoundation.org/UA/Plc/Applications;s=FastRandomUIntScalar2":{"Value":892542841,"SourceTimestamp":"2024-04-27T16:32:26.4021957Z","ServerTimestamp":"2024-04-27T16:32:26.4021968Z"},"nsu=http://opcfoundation.org/UA/Plc/Applications;s=FastRandomUIntScalar3":{"Value":735811480,"SourceTimestamp":"2024-04-27T16:32:26.4021996Z","ServerTimestamp":"2024-04-27T16:32:26.4022003Z"},"nsu=http://opcfoundation.org/UA/Plc/Applications;s=SpikeData":{"Value":-95.105651629515364,"SourceTimestamp":"2024-04-27T16:32:26.5096051Z","ServerTimestamp":"2024-04-27T16:32:26.5096066Z"}}}