{"SequenceNumber":90,"MetaDataVersion":{"MajorVersion":1},"Timestamp":"2024-04-27T16:33:55.5944124Z","MessageType":"ua-deltaframe","DataSetWriterName":"<<UnknownDataSet>>","Payload":{"nsu=http://opcfoundation.org/UA/Plc/Applications;s=StepUp":{"Value":1001,"SourceTimestamp":"2024-04-27T16:33:55.4995409Z","ServerTimestamp":"2024-04-27T16:33:55.4995443Z"},"nsu=http://opcfoundation.org/UA/Plc/Applications;s=AlternatingBoolean":{"Value":true,"SourceTimestamp":"2024-04-27T16:33:55.4995624Z","ServerTimestamp":"2024-04-27T16:33:55.4995639Z"},"nsu=http://opcfoundation.org/UA/Plc/Applications;s=RandomSignedInt32":{"Value":947117035,"SourceTimestamp":"2024-04-27T16:33:55.4995648Z","ServerTimestamp":"2024-04-27T16:33:55.4995709Z"},"nsu=http://opcfoundation.org/UA/Plc/Applications;s=RandomUnsignedInt32":{"Value":1630386583,"SourceTimestamp":"2024-04-27T16:33:55.4995793Z","ServerTimestamp":"2024-04-27T16:33:55.4995815Z"},"nsu=http://opcfoundation.org/UA/Plc/Applications;s=DipData":{"Value":6.4324905987065468E-14,"SourceTimestamp":"2024-04-27T16:33:55.4995745Z","ServerTimestamp":"2024-04-27T16:33:55.4995762Z"},"nsu=http://opcfoundation.org/UA/Plc/Applications;s=FastUIntScalar1":{"Value":100,"SourceTimestamp":"2024-04-27T16:33:55.4080867Z","ServerTimestamp":"2024-04-27T16:33:55.4080884Z"},"nsu=http://opcfoundation.org/UA/Plc/Applications;s=FastUIntScalar2":{"Value":100,"SourceTimestamp":"2024-04-27T16:33:55.4080911Z","ServerTimestamp":"2024-04-27T16:33:55.4080925Z"},"nsu=http://opcfoundation.org/UA/Plc/Applications;s=FastUIntScalar3":{"Value":100,"SourceTimestamp":"2024-04-27T16:33:55.4080949Z","ServerTimestamp":"2024-04-27T16:33:55.4081043Z"},"nsu=http://opcfoundation.org/UA/Plc/Applications;s=FastRandomUIntScalar1":{"Value":1276999262,"SourceTimestamp":"2024-04-27T16:33:55.4080915Z","ServerTimestamp":"2024-04-27T16:33:55.4080957Z"},"nsu=http://opcfoundation.org/UA/Plc/Applications;s=FastRandomUIntScalar2":{"Value":3725114852,"SourceTimestamp":"2024-04-27T16:33:55.4081047Z","ServerTimestamp":"2024-04-27T16:33:55.4081062Z"},"nsu=http://opcfoundation.org/UA/Plc/Applications;s=FastRandomUIntScalar3":{"Value":1305962109,"SourceTimestamp":"2024-04-27T16:33:55.4081089Z","ServerTimestamp":"2024-04-27T16:33:55.40811Z"},"nsu=http://opcfoundation.org/UA/Plc/Applications;s=NegativeTrendData":{"Value":98.799999999999997,"SourceTimestamp":"2024-04-27T16:33:55.4995764Z","ServerTimestamp":"2024-04-27T16:33:55.4995778Z"},"nsu=http://opcfoundation.org/UA/Plc/Applications;s=PositiveTrendData":{"Value":101.59999999999999,"SourceTimestamp":"2024-04-27T16:33:55.4995799Z","ServerTimestamp":"2024-04-27T16:33:55.4995858Z"},"nsu=http://opcfoundation.org/UA/Plc/Applications;s=SpikeData":{"Value":6.4324905987065468E-14,"SourceTimestamp":"2024-04-27T16:33:55.4995794Z","ServerTimestamp":"2024-04-27T16:33:55.49958Z"}}}