{"MessageId":"0b5f1398-e841-4944-8bcc-539b1a36ef8d","MessageType":"ua-data","PublisherId":"DESKTOP-BGFJS91","DataSetWriterGroup":"<<UnknownWriterGroup>>","Messages":[{"SequenceNumber":119,"MetaDataVersion":{"MajorVersion":1},"Timestamp":"2024-04-27T12:49:36.1622217Z","MessageType":"ua-deltaframe","DataSetWriterName":"<<UnknownDataSet>>","Payload":{"ns=23;i=1259":{"Value":{"Type":11,"Body":-0.94200000000000006},"SourceTimestamp":"2024-04-27T12:49:24.2092546Z","ServerTimestamp":"2024-04-27T12:49:36.0694551Z"}}}]}