{"MessageId":"8dacef52-8356-4a2c-8e28-ac52b07f0969","MessageType":"ua-data","PublisherId":"DESKTOP-BGFJS91","DataSetWriterGroup":"<<UnknownWriterGroup>>","Messages":[{"SequenceNumber":123,"MetaDataVersion":{"MajorVersion":1},"Timestamp":"2024-04-27T12:49:36.5315559Z","MessageType":"ua-deltaframe","DataSetWriterName":"<<UnknownDataSet>>","Payload":{"ns=23;i=1259":{"Value":{"Type":11,"Body":-0.54000000000000004},"SourceTimestamp":"2024-04-27T12:49:24.2092546Z","ServerTimestamp":"2024-04-27T12:49:36.4842574Z"}}}]}