{"MessageId":"45f887e8-7881-43c1-b185-64502a1f8c1a","MessageType":"ua-data","PublisherId":"DESKTOP-BGFJS91","DataSetWriterGroup":"<<UnknownWriterGroup>>","Messages":[{"SequenceNumber":127,"MetaDataVersion":{"MajorVersion":1},"Timestamp":"2024-04-27T12:49:36.905865Z","MessageType":"ua-deltaframe","DataSetWriterName":"<<UnknownDataSet>>","Payload":{"ns=23;i=1259":{"Value":{"Type":11,"Body":-0.13900000000000001},"SourceTimestamp":"2024-04-27T12:49:24.2092546Z","ServerTimestamp":"2024-04-27T12:49:36.8741027Z"}}}]}