{"MessageId":"2d3b7327-485f-40c3-b41d-c64ae53676bd","MessageType":"ua-data","PublisherId":"DESKTOP-BGFJS91","DataSetWriterGroup":"<<UnknownWriterGroup>>","Messages":[{"SequenceNumber":128,"MetaDataVersion":{"MajorVersion":1},"Timestamp":"2024-04-27T12:49:37.0292464Z","MessageType":"ua-deltaframe","DataSetWriterName":"<<UnknownDataSet>>","Payload":{"ns=23;i=1259":{"Value":{"Type":11,"Body":-0.038800000000000001},"SourceTimestamp":"2024-04-27T12:49:24.2092546Z","ServerTimestamp":"2024-04-27T12:49:36.9832087Z"}}}]}