{"MessageId":"6fab9173-57bb-44b1-b1a0-1d8c954d04a3","MessageType":"ua-data","PublisherId":"DESKTOP-BGFJS91","DataSetWriterGroup":"<<UnknownWriterGroup>>","Messages":[{"SequenceNumber":130,"MetaDataVersion":{"MajorVersion":1},"Timestamp":"2024-04-27T12:49:37.2171856Z","MessageType":"ua-deltaframe","DataSetWriterName":"<<UnknownDataSet>>","Payload":{"ns=23;i=1259":{"Value":{"Type":11,"Body":-2},"SourceTimestamp":"2024-04-27T12:49:24.2092546Z","ServerTimestamp":"2024-04-27T12:49:37.1693685Z"},"i=2258":{"Value":{"Type":13,"Body":"2024-04-27T12:49:36.2226988Z"},"SourceTimestamp":"2024-04-27T12:49:24.2092276Z","ServerTimestamp":"2024-04-27T12:49:36.2227029Z"}}},{"SequenceNumber":131,"MetaDataVersion":{"MajorVersion":1},"Timestamp":"2024-04-27T12:49:37.2171856Z","MessageType":"ua-deltaframe","DataSetWriterName":"<<UnknownDataSet>>","Payload":{"i=2258":{"Value":{"Type":13,"Body":"2024-04-27T12:49:37.1222449Z"},"SourceTimestamp":"2024-04-27T12:49:24.2092276Z","ServerTimestamp":"2024-04-27T12:49:37.1222513Z"}}}]}