{"MessageId":"898c4f7f-bd64-46c5-88b6-5490bcbd1cfb","MessageType":"ua-data","PublisherId":"DESKTOP-BGFJS91","DataSetWriterGroup":"<<UnknownWriterGroup>>","Messages":[{"SequenceNumber":134,"MetaDataVersion":{"MajorVersion":1},"Timestamp":"2024-04-27T12:49:37.5236994Z","MessageType":"ua-deltaframe","DataSetWriterName":"<<UnknownDataSet>>","Payload":{"ns=23;i=1259":{"Value":{"Type":11,"Body":-1.7},"SourceTimestamp":"2024-04-27T12:49:24.2092546Z","ServerTimestamp":"2024-04-27T12:49:37.4779939Z"}}}]}