{"MessageId":"e0a76373-fa58-4f30-ba3a-32e1d50c7feb","MessageType":"ua-data","PublisherId":"DESKTOP-BGFJS91","DataSetWriterGroup":"<<UnknownWriterGroup>>","Messages":[{"SequenceNumber":136,"MetaDataVersion":{"MajorVersion":1},"Timestamp":"2024-04-27T12:49:37.708996Z","MessageType":"ua-deltaframe","DataSetWriterName":"<<UnknownDataSet>>","Payload":{"ns=23;i=1259":{"Value":{"Type":11,"Body":-1.53},"SourceTimestamp":"2024-04-27T12:49:24.2092546Z","ServerTimestamp":"2024-04-27T12:49:37.6773197Z"}}}]}