{"MessageId":"3611ca9c-1f7a-403c-8d31-22682d752d11","MessageType":"ua-data","PublisherId":"DESKTOP-BGFJS91","DataSetWriterGroup":"<<UnknownWriterGroup>>","Messages":[{"SequenceNumber":138,"MetaDataVersion":{"MajorVersion":1},"Timestamp":"2024-04-27T12:49:37.9543995Z","MessageType":"ua-deltaframe","DataSetWriterName":"<<UnknownDataSet>>","Payload":{"ns=23;i=1259":{"Value":{"Type":11,"Body":-1.3300000000000001},"SourceTimestamp":"2024-04-27T12:49:24.2092546Z","ServerTimestamp":"2024-04-27T12:49:37.8771398Z"}}}]}