{"MessageId":"af9ac9a9-897f-4df3-bdd0-78e3782fd29e","MessageType":"ua-data","PublisherId":"DESKTOP-BGFJS91","DataSetWriterGroup":"<<UnknownWriterGroup>>","Messages":[{"SequenceNumber":140,"MetaDataVersion":{"MajorVersion":1},"Timestamp":"2024-04-27T12:49:38.1424647Z","MessageType":"ua-deltaframe","DataSetWriterName":"<<UnknownDataSet>>","Payload":{"ns=23;i=1259":{"Value":{"Type":11,"Body":-1.1300000000000001},"SourceTimestamp":"2024-04-27T12:49:24.2092546Z","ServerTimestamp":"2024-04-27T12:49:38.078446Z"}}}]}