{"MessageId":"462c0936-25bb-471c-a4cc-db9f177790dd","MessageType":"ua-data","PublisherId":"DESKTOP-BGFJS91","DataSetWriterGroup":"<<UnknownWriterGroup>>","Messages":[{"SequenceNumber":143,"MetaDataVersion":{"MajorVersion":1},"Timestamp":"2024-04-27T12:49:38.4542554Z","MessageType":"ua-deltaframe","DataSetWriterName":"<<UnknownDataSet>>","Payload":{"ns=23;i=1259":{"Value":{"Type":11,"Body":-0.83999999999999997},"SourceTimestamp":"2024-04-27T12:49:24.2092546Z","ServerTimestamp":"2024-04-27T12:49:38.3755702Z"}}}]}