{"MessageId":"6d9099f8-4d69-458c-87fa-92320afabdbf","MessageType":"ua-data","PublisherId":"DESKTOP-BGFJS91","DataSetWriterGroup":"<<UnknownWriterGroup>>","Messages":[{"SequenceNumber":150,"MetaDataVersion":{"MajorVersion":1},"Timestamp":"2024-04-27T12:49:39.1322844Z","MessageType":"ua-deltaframe","DataSetWriterName":"<<UnknownDataSet>>","Payload":{"ns=23;i=1259":{"Value":{"Type":11,"Body":-0.14400000000000002},"SourceTimestamp":"2024-04-27T12:49:24.2092546Z","ServerTimestamp":"2024-04-27T12:49:39.0715335Z"}}}]}