{"MessageId":"b54876ce-7a47-46b7-bac8-f7c5aab10084","MessageType":"ua-data","PublisherId":"DESKTOP-BGFJS91","DataSetWriterGroup":"<<UnknownWriterGroup>>","Messages":[{"SequenceNumber":162,"MetaDataVersion":{"MajorVersion":1},"Timestamp":"2024-04-27T12:49:40.3071637Z","MessageType":"ua-deltaframe","DataSetWriterName":"<<UnknownDataSet>>","Payload":{"ns=23;i=1259":{"Value":{"Type":11,"Body":0.0020100000000000001},"SourceTimestamp":"2024-04-27T12:49:24.2092546Z","ServerTimestamp":"2024-04-27T12:49:40.2751596Z"}}}]}