{"MessageId":"d6b320dc-33ea-43fd-a9b6-b2c8ebbe8976","MessageType":"ua-data","PublisherId":"DESKTOP-BGFJS91","DataSetWriterGroup":"<<UnknownWriterGroup>>","Messages":[{"SequenceNumber":166,"MetaDataVersion":{"MajorVersion":1},"Timestamp":"2024-04-27T12:49:40.7382799Z","MessageType":"ua-deltaframe","DataSetWriterName":"<<UnknownDataSet>>","Payload":{"ns=23;i=1259":{"Value":{"Type":11,"Body":0.80300000000000005},"SourceTimestamp":"2024-04-27T12:49:24.2092546Z","ServerTimestamp":"2024-04-27T12:49:40.6760299Z"}}}]}