{"MessageId":"2127e00c-8c8a-461a-ae8b-b62c25ba2d96","MessageType":"ua-data","PublisherId":"DESKTOP-BGFJS91","DataSetWriterGroup":"<<UnknownWriterGroup>>","Messages":[{"SequenceNumber":169,"MetaDataVersion":{"MajorVersion":1},"Timestamp":"2024-04-27T12:49:41.0481185Z","MessageType":"ua-deltaframe","DataSetWriterName":"<<UnknownDataSet>>","Payload":{"ns=23;i=1259":{"Value":{"Type":11,"Body":0.504},"SourceTimestamp":"2024-04-27T12:49:24.2092546Z","ServerTimestamp":"2024-04-27T12:49:40.9703082Z"}}}]}