{"MessageId":"85966da6-d781-4e23-bab2-cfd70f066547","MessageType":"ua-data","PublisherId":"DESKTOP-BGFJS91","DataSetWriterGroup":"<<UnknownWriterGroup>>","Messages":[{"SequenceNumber":170,"MetaDataVersion":{"MajorVersion":1},"Timestamp":"2024-04-27T12:49:41.1089166Z","MessageType":"ua-deltaframe","DataSetWriterName":"<<UnknownDataSet>>","Payload":{"ns=23;i=1259":{"Value":{"Type":11,"Body":0.40400000000000003},"SourceTimestamp":"2024-04-27T12:49:24.2092546Z","ServerTimestamp":"2024-04-27T12:49:41.077575Z"}}}]}