{"MessageId":"8abae497-5729-497b-8605-6afc35cc8d7d","MessageType":"ua-data","PublisherId":"DESKTOP-BGFJS91","DataSetWriterGroup":"<<UnknownWriterGroup>>","Messages":[{"SequenceNumber":171,"MetaDataVersion":{"MajorVersion":1},"Timestamp":"2024-04-27T12:49:41.2350156Z","MessageType":"ua-deltaframe","DataSetWriterName":"<<UnknownDataSet>>","Payload":{"ns=23;i=1259":{"Value":{"Type":11,"Body":0.30199999999999999},"SourceTimestamp":"2024-04-27T12:49:24.2092546Z","ServerTimestamp":"2024-04-27T12:49:41.1713999Z"},"i=2258":{"Value":{"Type":13,"Body":"2024-04-27T12:49:41.2183517Z"},"SourceTimestamp":"2024-04-27T12:49:24.2092276Z","ServerTimestamp":"2024-04-27T12:49:41.2183579Z"}}}]}