{"MessageId":"0517e184-a9dc-4149-a699-7dd0335aadaa","MessageType":"ua-data","PublisherId":"DESKTOP-BGFJS91","DataSetWriterGroup":"<<UnknownWriterGroup>>","Messages":[{"SequenceNumber":177,"MetaDataVersion":{"MajorVersion":1},"Timestamp":"2024-04-27T12:49:41.8556513Z","MessageType":"ua-deltaframe","DataSetWriterName":"<<UnknownDataSet>>","Payload":{"ns=23;i=1259":{"Value":{"Type":11,"Body":-0.79900000000000004},"SourceTimestamp":"2024-04-27T12:49:24.2092546Z","ServerTimestamp":"2024-04-27T12:49:41.7767837Z"}}}]}