{"MessageId":"cc1873f9-d289-4ff2-8b18-172eb0ebf329","MessageType":"ua-data","PublisherId":"DESKTOP-BGFJS91","DataSetWriterGroup":"<<UnknownWriterGroup>>","Messages":[{"SequenceNumber":178,"MetaDataVersion":{"MajorVersion":1},"Timestamp":"2024-04-27T12:49:41.9192781Z","MessageType":"ua-deltaframe","DataSetWriterName":"<<UnknownDataSet>>","Payload":{"ns=23;i=1259":{"Value":{"Type":11,"Body":-0.69900000000000007},"SourceTimestamp":"2024-04-27T12:49:24.2092546Z","ServerTimestamp":"2024-04-27T12:49:41.8713872Z"}}}]}