{"MessageId":"caf00d66-7497-4025-8b98-e7297fee99d3","MessageType":"ua-data","PublisherId":"DESKTOP-BGFJS91","DataSetWriterGroup":"<<UnknownWriterGroup>>","Messages":[{"SequenceNumber":181,"MetaDataVersion":{"MajorVersion":1},"Timestamp":"2024-04-27T12:49:42.227579Z","MessageType":"ua-deltaframe","DataSetWriterName":"<<UnknownDataSet>>","Payload":{"ns=23;i=1259":{"Value":{"Type":11,"Body":-0.40000000000000002},"SourceTimestamp":"2024-04-27T12:49:24.2092546Z","ServerTimestamp":"2024-04-27T12:49:42.1812279Z"},"i=2258":{"Value":{"Type":13,"Body":"2024-04-27T12:49:42.212034Z"},"SourceTimestamp":"2024-04-27T12:49:24.2092276Z","ServerTimestamp":"2024-04-27T12:49:42.2120384Z"}}}]}