{"MessageId":"34557f4b-b740-4a72-b414-cad660ac2bd6","MessageType":"ua-data","PublisherId":"DESKTOP-BGFJS91","DataSetWriterGroup":"<<UnknownWriterGroup>>","Messages":[{"SequenceNumber":182,"MetaDataVersion":{"MajorVersion":1},"Timestamp":"2024-04-27T12:49:42.3525639Z","MessageType":"ua-deltaframe","DataSetWriterName":"<<UnknownDataSet>>","Payload":{"ns=23;i=1259":{"Value":{"Type":11,"Body":-0.29999999999999999},"SourceTimestamp":"2024-04-27T12:49:24.2092546Z","ServerTimestamp":"2024-04-27T12:49:42.2738208Z"}}}]}