{"MessageId":"c2c7eb3c-29f8-452a-92e6-51c7dc676082","MessageType":"ua-data","PublisherId":"DESKTOP-BGFJS91","DataSetWriterGroup":"<<UnknownWriterGroup>>","Messages":[{"SequenceNumber":194,"MetaDataVersion":{"MajorVersion":1},"Timestamp":"2024-04-27T12:49:43.5330732Z","MessageType":"ua-deltaframe","DataSetWriterName":"<<UnknownDataSet>>","Payload":{"ns=23;i=1259":{"Value":{"Type":11,"Body":1.1300000000000001},"SourceTimestamp":"2024-04-27T12:49:24.2092546Z","ServerTimestamp":"2024-04-27T12:49:43.4696418Z"}}}]}