{"MessageId":"db205d68-af0d-4dbe-91af-2da1d815cb57","MessageType":"ua-data","PublisherId":"DESKTOP-BGFJS91","DataSetWriterGroup":"<<UnknownWriterGroup>>","Messages":[{"SequenceNumber":197,"MetaDataVersion":{"MajorVersion":1},"Timestamp":"2024-04-27T12:49:43.8396316Z","MessageType":"ua-deltaframe","DataSetWriterName":"<<UnknownDataSet>>","Payload":{"ns=23;i=1259":{"Value":{"Type":11,"Body":0.84999999999999998},"SourceTimestamp":"2024-04-27T12:49:24.2092546Z","ServerTimestamp":"2024-04-27T12:49:43.7787998Z"}}}]}