{"MessageId":"fc73610c-a254-4f24-8263-3e26d4945c2e","MessageType":"ua-data","PublisherId":"DESKTOP-BGFJS91","DataSetWriterGroup":"<<UnknownWriterGroup>>","Messages":[{"SequenceNumber":205,"MetaDataVersion":{"MajorVersion":1},"Timestamp":"2024-04-27T12:49:44.5172535Z","MessageType":"ua-deltaframe","DataSetWriterName":"<<UnknownDataSet>>","Payload":{"ns=23;i=1259":{"Value":{"Type":11,"Body":0.14599999999999999},"SourceTimestamp":"2024-04-27T12:49:24.2092546Z","ServerTimestamp":"2024-04-27T12:49:44.4706846Z"}}}]}