{"MessageId":"40e224c1-c426-4e18-b6b2-803b51a174d2","MessageType":"ua-data","PublisherId":"DESKTOP-BGFJS91","DataSetWriterGroup":"<<UnknownWriterGroup>>","Messages":[{"SequenceNumber":206,"MetaDataVersion":{"MajorVersion":1},"Timestamp":"2024-04-27T12:49:44.6428525Z","MessageType":"ua-deltaframe","DataSetWriterName":"<<UnknownDataSet>>","Payload":{"ns=23;i=1259":{"Value":{"Type":11,"Body":0.0458},"SourceTimestamp":"2024-04-27T12:49:24.2092546Z","ServerTimestamp":"2024-04-27T12:49:44.5798243Z"}}}]}