{"MessageId":"157629c9-e4a6-4a75-b365-6718cfa6966b","MessageType":"ua-data","PublisherId":"DESKTOP-BGFJS91","DataSetWriterGroup":"<<UnknownWriterGroup>>","Messages":[{"SequenceNumber":209,"MetaDataVersion":{"MajorVersion":1},"Timestamp":"2024-04-27T12:49:44.9543841Z","MessageType":"ua-deltaframe","DataSetWriterName":"<<UnknownDataSet>>","Payload":{"ns=23;i=1259":{"Value":{"Type":11,"Body":0.80200000000000005},"SourceTimestamp":"2024-04-27T12:49:24.2092546Z","ServerTimestamp":"2024-04-27T12:49:44.8747637Z"}}}]}