{"MessageId":"142f46d9-dbc7-4910-b2b9-65fee79b53a8","MessageType":"ua-data","PublisherId":"DESKTOP-BGFJS91","DataSetWriterGroup":"<<UnknownWriterGroup>>","Messages":[{"SequenceNumber":210,"MetaDataVersion":{"MajorVersion":1},"Timestamp":"2024-04-27T12:49:45.0170088Z","MessageType":"ua-deltaframe","DataSetWriterName":"<<UnknownDataSet>>","Payload":{"ns=23;i=1259":{"Value":{"Type":11,"Body":0.70399999999999996},"SourceTimestamp":"2024-04-27T12:49:24.2092546Z","ServerTimestamp":"2024-04-27T12:49:44.9696409Z"}}}]}