{"MessageId":"bb85ea2f-9c2c-4c81-82d4-2ea9920caeb6","MessageType":"ua-data","PublisherId":"DESKTOP-BGFJS91","DataSetWriterGroup":"<<UnknownWriterGroup>>","Messages":[{"SequenceNumber":211,"MetaDataVersion":{"MajorVersion":1},"Timestamp":"2024-04-27T12:49:45.1401955Z","MessageType":"ua-deltaframe","DataSetWriterName":"<<UnknownDataSet>>","Payload":{"ns=23;i=1259":{"Value":{"Type":11,"Body":0.60599999999999998},"SourceTimestamp":"2024-04-27T12:49:24.2092546Z","ServerTimestamp":"2024-04-27T12:49:45.0780298Z"}}}]}