{"MessageId":"25974b9d-85d1-4986-b6af-7a53d06bc2ae","MessageType":"ua-data","PublisherId":"DESKTOP-BGFJS91","DataSetWriterGroup":"<<UnknownWriterGroup>>","Messages":[{"SequenceNumber":222,"MetaDataVersion":{"MajorVersion":1},"Timestamp":"2024-04-27T12:49:46.2541127Z","MessageType":"ua-deltaframe","DataSetWriterName":"<<UnknownDataSet>>","Payload":{"ns=23;i=1259":{"Value":{"Type":11,"Body":-1.6699999999999999},"SourceTimestamp":"2024-04-27T12:49:24.2092546Z","ServerTimestamp":"2024-04-27T12:49:46.1765885Z"},"i=2258":{"Value":{"Type":13,"Body":"2024-04-27T12:49:46.22217Z"},"SourceTimestamp":"2024-04-27T12:49:24.2092276Z","ServerTimestamp":"2024-04-27T12:49:46.2221786Z"}}}]}