{"MessageId":"de7fec07-3d9c-491d-a004-e51a741603e2","MessageType":"ua-data","PublisherId":"DESKTOP-BGFJS91","DataSetWriterGroup":"<<UnknownWriterGroup>>","Messages":[{"SequenceNumber":223,"MetaDataVersion":{"MajorVersion":1},"Timestamp":"2024-04-27T12:49:46.3144444Z","MessageType":"ua-deltaframe","DataSetWriterName":"<<UnknownDataSet>>","Payload":{"ns=23;i=1259":{"Value":{"Type":11,"Body":-1.55},"SourceTimestamp":"2024-04-27T12:49:24.2092546Z","ServerTimestamp":"2024-04-27T12:49:46.2837416Z"}}}]}