{"MessageId":"e29d4eb8-da67-4740-84e1-90551ebf9c55","MessageType":"ua-data","PublisherId":"DESKTOP-BGFJS91","DataSetWriterGroup":"<<UnknownWriterGroup>>","Messages":[{"SequenceNumber":224,"MetaDataVersion":{"MajorVersion":1},"Timestamp":"2024-04-27T12:49:46.4384552Z","MessageType":"ua-deltaframe","DataSetWriterName":"<<UnknownDataSet>>","Payload":{"ns=23;i=1259":{"Value":{"Type":11,"Body":-1.46},"SourceTimestamp":"2024-04-27T12:49:24.2092546Z","ServerTimestamp":"2024-04-27T12:49:46.3763232Z"}}}]}