{"MessageId":"2abff5b3-3c34-427c-b4ba-c207e36e3124","MessageType":"ua-data","PublisherId":"DESKTOP-BGFJS91","DataSetWriterGroup":"<<UnknownWriterGroup>>","Messages":[{"SequenceNumber":227,"MetaDataVersion":{"MajorVersion":1},"Timestamp":"2024-04-27T12:49:46.7476085Z","MessageType":"ua-deltaframe","DataSetWriterName":"<<UnknownDataSet>>","Payload":{"ns=23;i=1259":{"Value":{"Type":11,"Body":-1.1699999999999999},"SourceTimestamp":"2024-04-27T12:49:24.2092546Z","ServerTimestamp":"2024-04-27T12:49:46.6697769Z"}}}]}