{"MessageId":"debbe1a1-b148-45cb-ad7c-bf4de97f8f5e","MessageType":"ua-data","PublisherId":"DESKTOP-BGFJS91","DataSetWriterGroup":"<<UnknownWriterGroup>>","Messages":[{"SequenceNumber":229,"MetaDataVersion":{"MajorVersion":1},"Timestamp":"2024-04-27T12:49:46.9323204Z","MessageType":"ua-deltaframe","DataSetWriterName":"<<UnknownDataSet>>","Payload":{"ns=23;i=1259":{"Value":{"Type":11,"Body":-0.96199999999999997},"SourceTimestamp":"2024-04-27T12:49:24.2092546Z","ServerTimestamp":"2024-04-27T12:49:46.8705104Z"}}}]}