{"MessageId":"b17d00e5-0ee2-4b8a-9c15-1459a8ac8824","MessageType":"ua-data","PublisherId":"DESKTOP-BGFJS91","DataSetWriterGroup":"<<UnknownWriterGroup>>","Messages":[{"SequenceNumber":233,"MetaDataVersion":{"MajorVersion":1},"Timestamp":"2024-04-27T12:49:47.3635472Z","MessageType":"ua-deltaframe","DataSetWriterName":"<<UnknownDataSet>>","Payload":{"ns=23;i=1259":{"Value":{"Type":11,"Body":-0.56300000000000006},"SourceTimestamp":"2024-04-27T12:49:24.2092546Z","ServerTimestamp":"2024-04-27T12:49:47.2707296Z"}}}]}