{"MessageId":"bd0ecd59-97f5-45e7-a656-bbc9833f8d48","MessageType":"ua-data","PublisherId":"DESKTOP-BGFJS91","DataSetWriterGroup":"<<UnknownWriterGroup>>","Messages":[{"SequenceNumber":238,"MetaDataVersion":{"MajorVersion":1},"Timestamp":"2024-04-27T12:49:47.8611573Z","MessageType":"ua-deltaframe","DataSetWriterName":"<<UnknownDataSet>>","Payload":{"ns=23;i=1259":{"Value":{"Type":11,"Body":-0.063800000000000009},"SourceTimestamp":"2024-04-27T12:49:24.2092546Z","ServerTimestamp":"2024-04-27T12:49:47.7813687Z"}}}]}