{"MessageId":"1b44bf83-f1d8-4c14-bbaa-6c770aee35d2","MessageType":"ua-data","PublisherId":"DESKTOP-BGFJS91","DataSetWriterGroup":"<<UnknownWriterGroup>>","Messages":[{"SequenceNumber":244,"MetaDataVersion":{"MajorVersion":1},"Timestamp":"2024-04-27T12:49:48.4185676Z","MessageType":"ua-deltaframe","DataSetWriterName":"<<UnknownDataSet>>","Payload":{"ns=23;i=1259":{"Value":{"Type":11,"Body":0.498},"SourceTimestamp":"2024-04-27T12:49:24.2092546Z","ServerTimestamp":"2024-04-27T12:49:48.3712059Z"}}}]}