{"MessageId":"b90132a4-bc18-470c-a18b-1c91eb871a91","MessageType":"ua-data","PublisherId":"DESKTOP-BGFJS91","DataSetWriterGroup":"<<UnknownWriterGroup>>","Messages":[{"SequenceNumber":245,"MetaDataVersion":{"MajorVersion":1},"Timestamp":"2024-04-27T12:49:48.5411128Z","MessageType":"ua-deltaframe","DataSetWriterName":"<<UnknownDataSet>>","Payload":{"ns=23;i=1259":{"Value":{"Type":11,"Body":0.39800000000000002},"SourceTimestamp":"2024-04-27T12:49:24.2092546Z","ServerTimestamp":"2024-04-27T12:49:48.478928Z"}}}]}