{"MessageId":"d257bb81-2f3a-486e-aefd-1b2d4a4c79b4","MessageType":"ua-data","PublisherId":"DESKTOP-BGFJS91","DataSetWriterGroup":"<<UnknownWriterGroup>>","Messages":[{"SequenceNumber":250,"MetaDataVersion":{"MajorVersion":1},"Timestamp":"2024-04-27T12:49:49.0394832Z","MessageType":"ua-deltaframe","DataSetWriterName":"<<UnknownDataSet>>","Payload":{"ns=23;i=1259":{"Value":{"Type":11,"Body":-1.8900000000000001},"SourceTimestamp":"2024-04-27T12:49:24.2092546Z","ServerTimestamp":"2024-04-27T12:49:48.9762992Z"}}}]}