{"MessageId":"28a2f980-e3d8-432c-a20f-70f1ccfda2e8","MessageType":"ua-data","PublisherId":"DESKTOP-BGFJS91","DataSetWriterGroup":"<<UnknownWriterGroup>>","Messages":[{"SequenceNumber":255,"MetaDataVersion":{"MajorVersion":1},"Timestamp":"2024-04-27T12:49:49.5345789Z","MessageType":"ua-deltaframe","DataSetWriterName":"<<UnknownDataSet>>","Payload":{"ns=23;i=1259":{"Value":{"Type":11,"Body":-1.3900000000000001},"SourceTimestamp":"2024-04-27T12:49:24.2092546Z","ServerTimestamp":"2024-04-27T12:49:49.4714686Z"}}}]}