{"MessageId":"bedf0e76-ef7b-4cf2-9540-fbfc3a145bcd","MessageType":"ua-data","PublisherId":"DESKTOP-BGFJS91","DataSetWriterGroup":"<<UnknownWriterGroup>>","Messages":[{"SequenceNumber":258,"MetaDataVersion":{"MajorVersion":1},"Timestamp":"2024-04-27T12:49:49.8455218Z","MessageType":"ua-deltaframe","DataSetWriterName":"<<UnknownDataSet>>","Payload":{"ns=23;i=1259":{"Value":{"Type":11,"Body":-1.1200000000000001},"SourceTimestamp":"2024-04-27T12:49:24.2092546Z","ServerTimestamp":"2024-04-27T12:49:49.7811725Z"}}}]}