{"MessageId":"abcb56ef-7727-4b2a-875d-c1bf0171cab3","MessageType":"ua-data","PublisherId":"DESKTOP-BGFJS91","DataSetWriterGroup":"<<UnknownWriterGroup>>","Messages":[{"SequenceNumber":262,"MetaDataVersion":{"MajorVersion":1},"Timestamp":"2024-04-27T12:49:50.2204156Z","MessageType":"ua-deltaframe","DataSetWriterName":"<<UnknownDataSet>>","Payload":{"ns=23;i=1259":{"Value":{"Type":11,"Body":-0.70999999999999996},"SourceTimestamp":"2024-04-27T12:49:24.2092546Z","ServerTimestamp":"2024-04-27T12:49:50.1730273Z"},"i=2258":{"Value":{"Type":13,"Body":"2024-04-27T12:49:50.1109245Z"},"SourceTimestamp":"2024-04-27T12:49:24.2092276Z","ServerTimestamp":"2024-04-27T12:49:50.1109308Z"}}}]}