{"MessageId":"8764b1bc-5276-4ce0-b6a6-8ac6af05e62a","MessageType":"ua-data","PublisherId":"DESKTOP-BGFJS91","DataSetWriterGroup":"<<UnknownWriterGroup>>","Messages":[{"SequenceNumber":264,"MetaDataVersion":{"MajorVersion":1},"Timestamp":"2024-04-27T12:49:50.4110447Z","MessageType":"ua-deltaframe","DataSetWriterName":"<<UnknownDataSet>>","Payload":{"ns=23;i=1259":{"Value":{"Type":11,"Body":-0.51200000000000001},"SourceTimestamp":"2024-04-27T12:49:24.2092546Z","ServerTimestamp":"2024-04-27T12:49:50.3786743Z"}}}]}