{"MessageId":"f1d72244-2db7-411d-b2d4-f77edd11db06","MessageType":"ua-data","PublisherId":"DESKTOP-BGFJS91","DataSetWriterGroup":"<<UnknownWriterGroup>>","Messages":[{"SequenceNumber":267,"MetaDataVersion":{"MajorVersion":1},"Timestamp":"2024-04-27T12:49:50.7206675Z","MessageType":"ua-deltaframe","DataSetWriterName":"<<UnknownDataSet>>","Payload":{"ns=23;i=1259":{"Value":{"Type":11,"Body":-0.20999999999999999},"SourceTimestamp":"2024-04-27T12:49:24.2092546Z","ServerTimestamp":"2024-04-27T12:49:50.6747908Z"}}}]}