{"MessageId":"2a4267a4-75d1-426d-bf88-49150f4a02c5","MessageType":"ua-data","PublisherId":"DESKTOP-BGFJS91","DataSetWriterGroup":"<<UnknownWriterGroup>>","Messages":[{"SequenceNumber":269,"MetaDataVersion":{"MajorVersion":1},"Timestamp":"2024-04-27T12:49:50.906651Z","MessageType":"ua-deltaframe","DataSetWriterName":"<<UnknownDataSet>>","Payload":{"ns=23;i=1259":{"Value":{"Type":11,"Body":-0.007980000000000001},"SourceTimestamp":"2024-04-27T12:49:24.2092546Z","ServerTimestamp":"2024-04-27T12:49:50.87551Z"}}}]}