{"MessageId":"4c638852-3b47-472c-9b02-3ebe04fd1a34","MessageType":"ua-data","PublisherId":"DESKTOP-BGFJS91","DataSetWriterGroup":"<<UnknownWriterGroup>>","Messages":[{"SequenceNumber":272,"MetaDataVersion":{"MajorVersion":1},"Timestamp":"2024-04-27T12:49:51.2162131Z","MessageType":"ua-deltaframe","DataSetWriterName":"<<UnknownDataSet>>","Payload":{"ns=23;i=1259":{"Value":{"Type":11,"Body":-0.80400000000000005},"SourceTimestamp":"2024-04-27T12:49:24.2092546Z","ServerTimestamp":"2024-04-27T12:49:51.1694022Z"},"i=2258":{"Value":{"Type":13,"Body":"2024-04-27T12:49:51.123027Z"},"SourceTimestamp":"2024-04-27T12:49:24.2092276Z","ServerTimestamp":"2024-04-27T12:49:51.1230325Z"}}}]}