{"MessageId":"7c120620-b23c-47d7-9f3b-a2c448aa1db2","MessageType":"ua-data","PublisherId":"DESKTOP-BGFJS91","DataSetWriterGroup":"<<UnknownWriterGroup>>","Messages":[{"SequenceNumber":279,"MetaDataVersion":{"MajorVersion":1},"Timestamp":"2024-04-27T12:49:51.9579978Z","MessageType":"ua-deltaframe","DataSetWriterName":"<<UnknownDataSet>>","Payload":{"ns=23;i=1259":{"Value":{"Type":11,"Body":-0.10300000000000001},"SourceTimestamp":"2024-04-27T12:49:24.2092546Z","ServerTimestamp":"2024-04-27T12:49:51.8813466Z"}}}]}