{"MessageId":"51cadbb2-26de-4b08-a022-a47613cbda0c","MessageType":"ua-data","PublisherId":"DESKTOP-BGFJS91","DataSetWriterGroup":"<<UnknownWriterGroup>>","Messages":[{"SequenceNumber":283,"MetaDataVersion":{"MajorVersion":1},"Timestamp":"2024-04-27T12:49:52.3297485Z","MessageType":"ua-deltaframe","DataSetWriterName":"<<UnknownDataSet>>","Payload":{"ns=23;i=1259":{"Value":{"Type":11,"Body":-0.79900000000000004},"SourceTimestamp":"2024-04-27T12:49:24.2092546Z","ServerTimestamp":"2024-04-27T12:49:52.2829953Z"},"i=2258":{"Value":{"Type":13,"Body":"2024-04-27T12:49:52.3133673Z"},"SourceTimestamp":"2024-04-27T12:49:24.2092276Z","ServerTimestamp":"2024-04-27T12:49:52.3133736Z"}}}]}