{"MessageId":"0c200626-3194-4f2a-b629-5ce382e92367","MessageType":"ua-data","PublisherId":"DESKTOP-BGFJS91","DataSetWriterGroup":"<<UnknownWriterGroup>>","Messages":[{"SequenceNumber":287,"MetaDataVersion":{"MajorVersion":1},"Timestamp":"2024-04-27T12:49:52.7605054Z","MessageType":"ua-deltaframe","DataSetWriterName":"<<UnknownDataSet>>","Payload":{"ns=23;i=1259":{"Value":{"Type":11,"Body":-0.39500000000000002},"SourceTimestamp":"2024-04-27T12:49:24.2092546Z","ServerTimestamp":"2024-04-27T12:49:52.6818085Z"}}}]}