{"MessageId":"d5fc8412-4ac6-4b24-b650-ce505be8a8c8","MessageType":"ua-data","PublisherId":"DESKTOP-BGFJS91","DataSetWriterGroup":"<<UnknownWriterGroup>>","Messages":[{"SequenceNumber":289,"MetaDataVersion":{"MajorVersion":1},"Timestamp":"2024-04-27T12:49:52.952278Z","MessageType":"ua-deltaframe","DataSetWriterName":"<<UnknownDataSet>>","Payload":{"ns=23;i=1259":{"Value":{"Type":11,"Body":-0.19800000000000001},"SourceTimestamp":"2024-04-27T12:49:24.2092546Z","ServerTimestamp":"2024-04-27T12:49:52.8699591Z"}}}]}