{"MessageId":"9ef0094c-e5ca-4db8-a3b2-b2fd476a307f","MessageType":"ua-data","PublisherId":"DESKTOP-BGFJS91","DataSetWriterGroup":"<<UnknownWriterGroup>>","Messages":[{"SequenceNumber":297,"MetaDataVersion":{"MajorVersion":1},"Timestamp":"2024-04-27T12:49:53.7551413Z","MessageType":"ua-deltaframe","DataSetWriterName":"<<UnknownDataSet>>","Payload":{"ns=23;i=1259":{"Value":{"Type":11,"Body":-0.502},"SourceTimestamp":"2024-04-27T12:49:24.2092546Z","ServerTimestamp":"2024-04-27T12:49:53.6758659Z"}}}]}