{"MessageId":"94cf8985-f5c7-4792-af81-480c2c8bf0c3","MessageType":"ua-data","PublisherId":"DESKTOP-BGFJS91","DataSetWriterGroup":"<<UnknownWriterGroup>>","Messages":[{"SequenceNumber":299,"MetaDataVersion":{"MajorVersion":1},"Timestamp":"2024-04-27T12:49:53.9444065Z","MessageType":"ua-deltaframe","DataSetWriterName":"<<UnknownDataSet>>","Payload":{"ns=23;i=1259":{"Value":{"Type":11,"Body":-0.30499999999999999},"SourceTimestamp":"2024-04-27T12:49:24.2092546Z","ServerTimestamp":"2024-04-27T12:49:53.8803266Z"}}}]}