{"MessageId":"165ea96e-78f8-42ea-8083-27684eba838d","MessageType":"ua-data","PublisherId":"DESKTOP-BGFJS91","DataSetWriterGroup":"<<UnknownWriterGroup>>","Messages":[{"SequenceNumber":302,"MetaDataVersion":{"MajorVersion":1},"Timestamp":"2024-04-27T12:49:54.255355Z","MessageType":"ua-deltaframe","DataSetWriterName":"<<UnknownDataSet>>","Payload":{"ns=23;i=1259":{"Value":{"Type":11,"Body":-0.00398},"SourceTimestamp":"2024-04-27T12:49:24.2092546Z","ServerTimestamp":"2024-04-27T12:49:54.1791602Z"},"i=2258":{"Value":{"Type":13,"Body":"2024-04-27T12:49:54.209257Z"},"SourceTimestamp":"2024-04-27T12:49:24.2092276Z","ServerTimestamp":"2024-04-27T12:49:54.2092609Z"}}}]}