{"MessageId":"1966c50e-2436-4195-9c2c-90cf24bab400","MessageType":"ua-data","PublisherId":"DESKTOP-BGFJS91","DataSetWriterGroup":"<<UnknownWriterGroup>>","Messages":[{"SequenceNumber":314,"MetaDataVersion":{"MajorVersion":1},"Timestamp":"2024-04-27T12:49:55.4239032Z","MessageType":"ua-deltaframe","DataSetWriterName":"<<UnknownDataSet>>","Payload":{"ns=23;i=1259":{"Value":{"Type":11,"Body":1.02},"SourceTimestamp":"2024-04-27T12:49:24.2092546Z","ServerTimestamp":"2024-04-27T12:49:55.3762403Z"}}}]}