{"MessageId":"c9eec3c2-f7ea-4166-af57-8d428d92dd2e","MessageType":"ua-data","PublisherId":"DESKTOP-BGFJS91","DataSetWriterGroup":"<<UnknownWriterGroup>>","Messages":[{"SequenceNumber":317,"MetaDataVersion":{"MajorVersion":1},"Timestamp":"2024-04-27T12:49:55.7352225Z","MessageType":"ua-deltaframe","DataSetWriterName":"<<UnknownDataSet>>","Payload":{"ns=23;i=1259":{"Value":{"Type":11,"Body":0.71899999999999997},"SourceTimestamp":"2024-04-27T12:49:24.2092546Z","ServerTimestamp":"2024-04-27T12:49:55.6734787Z"}}}]}