{"MessageId":"6938f9ce-3545-4cd5-8933-1217380337e6","MessageType":"ua-data","PublisherId":"DESKTOP-BGFJS91","DataSetWriterGroup":"<<UnknownWriterGroup>>","Messages":[{"SequenceNumber":320,"MetaDataVersion":{"MajorVersion":1},"Timestamp":"2024-04-27T12:49:56.0478422Z","MessageType":"ua-deltaframe","DataSetWriterName":"<<UnknownDataSet>>","Payload":{"ns=23;i=1259":{"Value":{"Type":11,"Body":0.41500000000000004},"SourceTimestamp":"2024-04-27T12:49:24.2092546Z","ServerTimestamp":"2024-04-27T12:49:55.9684973Z"}}}]}