{"MessageId":"bcb6033a-f63a-4cca-a38c-5eae7358532f","MessageType":"ua-data","PublisherId":"DESKTOP-BGFJS91","DataSetWriterGroup":"<<UnknownWriterGroup>>","Messages":[{"SequenceNumber":322,"MetaDataVersion":{"MajorVersion":1},"Timestamp":"2024-04-27T12:49:56.2325459Z","MessageType":"ua-deltaframe","DataSetWriterName":"<<UnknownDataSet>>","Payload":{"ns=23;i=1259":{"Value":{"Type":11,"Body":0.21299999999999999},"SourceTimestamp":"2024-04-27T12:49:24.2092546Z","ServerTimestamp":"2024-04-27T12:49:56.1702451Z"},"i=2258":{"Value":{"Type":13,"Body":"2024-04-27T12:49:56.2166151Z"},"SourceTimestamp":"2024-04-27T12:49:24.2092276Z","ServerTimestamp":"2024-04-27T12:49:56.2166237Z"}}}]}