{"MessageId":"07cf08f3-7591-49b2-9538-6bc760ce62b9","MessageType":"ua-data","PublisherId":"DESKTOP-BGFJS91","DataSetWriterGroup":"<<UnknownWriterGroup>>","Messages":[{"SequenceNumber":327,"MetaDataVersion":{"MajorVersion":1},"Timestamp":"2024-04-27T12:49:56.7275403Z","MessageType":"ua-deltaframe","DataSetWriterName":"<<UnknownDataSet>>","Payload":{"ns=23;i=1259":{"Value":{"Type":11,"Body":-1.9100000000000001},"SourceTimestamp":"2024-04-27T12:49:24.2092546Z","ServerTimestamp":"2024-04-27T12:49:56.6800392Z"}}}]}