{"MessageId":"9706ef31-4b76-4921-b76b-2e03d51bf7b4","MessageType":"ua-data","PublisherId":"DESKTOP-BGFJS91","DataSetWriterGroup":"<<UnknownWriterGroup>>","Messages":[{"SequenceNumber":328,"MetaDataVersion":{"MajorVersion":1},"Timestamp":"2024-04-27T12:49:56.8523067Z","MessageType":"ua-deltaframe","DataSetWriterName":"<<UnknownDataSet>>","Payload":{"ns=23;i=1259":{"Value":{"Type":11,"Body":-1.8100000000000001},"SourceTimestamp":"2024-04-27T12:49:24.2092546Z","ServerTimestamp":"2024-04-27T12:49:56.7734282Z"}}}]}