{"MessageId":"108efed1-ef5e-4529-9a90-dc65463b5c50","MessageType":"ua-data","PublisherId":"DESKTOP-BGFJS91","DataSetWriterGroup":"<<UnknownWriterGroup>>","Messages":[{"SequenceNumber":332,"MetaDataVersion":{"MajorVersion":1},"Timestamp":"2024-04-27T12:49:57.2261189Z","MessageType":"ua-deltaframe","DataSetWriterName":"<<UnknownDataSet>>","Payload":{"ns=23;i=1259":{"Value":{"Type":11,"Body":-1.4399999999999999},"SourceTimestamp":"2024-04-27T12:49:24.2092546Z","ServerTimestamp":"2024-04-27T12:49:57.1794478Z"},"i=2258":{"Value":{"Type":13,"Body":"2024-04-27T12:49:57.210649Z"},"SourceTimestamp":"2024-04-27T12:49:24.2092276Z","ServerTimestamp":"2024-04-27T12:49:57.210659Z"}}}]}