{"MessageId":"5d878882-c343-4f80-acc3-39279cd9cb24","MessageType":"ua-data","PublisherId":"DESKTOP-BGFJS91","DataSetWriterGroup":"<<UnknownWriterGroup>>","Messages":[{"SequenceNumber":333,"MetaDataVersion":{"MajorVersion":1},"Timestamp":"2024-04-27T12:49:57.3513505Z","MessageType":"ua-deltaframe","DataSetWriterName":"<<UnknownDataSet>>","Payload":{"ns=23;i=1259":{"Value":{"Type":11,"Body":-1.3400000000000001},"SourceTimestamp":"2024-04-27T12:49:24.2092546Z","ServerTimestamp":"2024-04-27T12:49:57.273286Z"}}}]}