{"MessageId":"d6c57122-1cb5-4b5a-89dd-8725fb496adf","MessageType":"ua-data","PublisherId":"DESKTOP-BGFJS91","DataSetWriterGroup":"<<UnknownWriterGroup>>","Messages":[{"SequenceNumber":336,"MetaDataVersion":{"MajorVersion":1},"Timestamp":"2024-04-27T12:49:57.6594398Z","MessageType":"ua-deltaframe","DataSetWriterName":"<<UnknownDataSet>>","Payload":{"ns=23;i=1259":{"Value":{"Type":11,"Body":-1.0700000000000001},"SourceTimestamp":"2024-04-27T12:49:24.2092546Z","ServerTimestamp":"2024-04-27T12:49:57.5807525Z"}}}]}