{"MessageId":"feb7299b-77e7-4c6e-8175-3ffcfb1cf90f","MessageType":"ua-data","PublisherId":"DESKTOP-BGFJS91","DataSetWriterGroup":"<<UnknownWriterGroup>>","Messages":[{"SequenceNumber":338,"MetaDataVersion":{"MajorVersion":1},"Timestamp":"2024-04-27T12:49:57.8466825Z","MessageType":"ua-deltaframe","DataSetWriterName":"<<UnknownDataSet>>","Payload":{"ns=23;i=1259":{"Value":{"Type":11,"Body":-0.86799999999999999},"SourceTimestamp":"2024-04-27T12:49:24.2092546Z","ServerTimestamp":"2024-04-27T12:49:57.7833022Z"}}}]}