{"MessageId":"7e542dd3-80c8-48b3-8e89-6ab8a03dc70a","MessageType":"ua-data","PublisherId":"DESKTOP-BGFJS91","DataSetWriterGroup":"<<UnknownWriterGroup>>","Messages":[{"SequenceNumber":340,"MetaDataVersion":{"MajorVersion":1},"Timestamp":"2024-04-27T12:49:58.0301362Z","MessageType":"ua-deltaframe","DataSetWriterName":"<<UnknownDataSet>>","Payload":{"ns=23;i=1259":{"Value":{"Type":11,"Body":-0.66900000000000004},"SourceTimestamp":"2024-04-27T12:49:24.2092546Z","ServerTimestamp":"2024-04-27T12:49:57.9831632Z"}}}]}