{"MessageId":"a85220b6-4b22-488f-91cd-ee3a0ddbedea","MessageType":"ua-data","PublisherId":"DESKTOP-BGFJS91","DataSetWriterGroup":"<<UnknownWriterGroup>>","Messages":[{"SequenceNumber":341,"MetaDataVersion":{"MajorVersion":1},"Timestamp":"2024-04-27T12:49:58.1536472Z","MessageType":"ua-deltaframe","DataSetWriterName":"<<UnknownDataSet>>","Payload":{"ns=23;i=1259":{"Value":{"Type":11,"Body":-0.56900000000000006},"SourceTimestamp":"2024-04-27T12:49:24.2092546Z","ServerTimestamp":"2024-04-27T12:49:58.0769899Z"}}}]}