{"MessageId":"7fcca05f-ff6d-41b3-b743-cd83b9143c44","MessageType":"ua-data","PublisherId":"DESKTOP-BGFJS91","DataSetWriterGroup":"<<UnknownWriterGroup>>","Messages":[{"SequenceNumber":343,"MetaDataVersion":{"MajorVersion":1},"Timestamp":"2024-04-27T12:49:58.3384738Z","MessageType":"ua-deltaframe","DataSetWriterName":"<<UnknownDataSet>>","Payload":{"ns=23;i=1259":{"Value":{"Type":11,"Body":-0.37},"SourceTimestamp":"2024-04-27T12:49:24.2092546Z","ServerTimestamp":"2024-04-27T12:49:58.2771986Z"}}}]}