{"MessageId":"ba5ba830-b129-48c9-9e18-1e5d31d530fd","MessageType":"ua-data","PublisherId":"DESKTOP-BGFJS91","DataSetWriterGroup":"<<UnknownWriterGroup>>","Messages":[{"SequenceNumber":350,"MetaDataVersion":{"MajorVersion":1},"Timestamp":"2024-04-27T12:49:59.0189308Z","MessageType":"ua-deltaframe","DataSetWriterName":"<<UnknownDataSet>>","Payload":{"ns=23;i=1259":{"Value":{"Type":11,"Body":-0.70300000000000007},"SourceTimestamp":"2024-04-27T12:49:24.2092546Z","ServerTimestamp":"2024-04-27T12:49:58.9719978Z"}}}]}