{"MessageId":"c89e9ed1-91c2-4fa5-8b82-0ceae53a6c60","MessageType":"ua-data","PublisherId":"DESKTOP-BGFJS91","DataSetWriterGroup":"<<UnknownWriterGroup>>","Messages":[{"SequenceNumber":351,"MetaDataVersion":{"MajorVersion":1},"Timestamp":"2024-04-27T12:49:59.1400002Z","MessageType":"ua-deltaframe","DataSetWriterName":"<<UnknownDataSet>>","Payload":{"ns=23;i=1259":{"Value":{"Type":11,"Body":-0.60299999999999998},"SourceTimestamp":"2024-04-27T12:49:24.2092546Z","ServerTimestamp":"2024-04-27T12:49:59.0792487Z"}}}]}