{"MessageId":"311afba0-abc0-40ce-814e-15eeac035ea9","MessageType":"ua-data","PublisherId":"DESKTOP-BGFJS91","DataSetWriterGroup":"<<UnknownWriterGroup>>","Messages":[{"SequenceNumber":357,"MetaDataVersion":{"MajorVersion":1},"Timestamp":"2024-04-27T12:49:59.7595238Z","MessageType":"ua-deltaframe","DataSetWriterName":"<<UnknownDataSet>>","Payload":{"ns=23;i=1259":{"Value":{"Type":11,"Body":-0.0050000000000000001},"SourceTimestamp":"2024-04-27T12:49:24.2092546Z","ServerTimestamp":"2024-04-27T12:49:59.6804847Z"}}}]}