{"MessageId":"178de216-5bf7-4f5f-adef-dcabe0bf9907","MessageType":"ua-data","PublisherId":"DESKTOP-BGFJS91","DataSetWriterGroup":"<<UnknownWriterGroup>>","Messages":[{"SequenceNumber":361,"MetaDataVersion":{"MajorVersion":1},"Timestamp":"2024-04-27T12:50:00.1323436Z","MessageType":"ua-deltaframe","DataSetWriterName":"<<UnknownDataSet>>","Payload":{"ns=23;i=1259":{"Value":{"Type":11,"Body":-1.7},"SourceTimestamp":"2024-04-27T12:49:24.2092546Z","ServerTimestamp":"2024-04-27T12:50:00.0685306Z"}}}]}