{"MessageId":"786b1a11-9e19-4194-b374-f8bdfff00aa5","MessageType":"ua-data","PublisherId":"DESKTOP-BGFJS91","DataSetWriterGroup":"<<UnknownWriterGroup>>","Messages":[{"SequenceNumber":364,"MetaDataVersion":{"MajorVersion":1},"Timestamp":"2024-04-27T12:50:00.444033Z","MessageType":"ua-deltaframe","DataSetWriterName":"<<UnknownDataSet>>","Payload":{"ns=23;i=1259":{"Value":{"Type":11,"Body":-1.3700000000000001},"SourceTimestamp":"2024-04-27T12:49:24.2092546Z","ServerTimestamp":"2024-04-27T12:50:00.3806397Z"}}}]}