{"MessageId":"b311107f-c5d7-4f0c-8555-43e3612175b6","MessageType":"ua-data","PublisherId":"DESKTOP-BGFJS91","DataSetWriterGroup":"<<UnknownWriterGroup>>","Messages":[{"SequenceNumber":366,"MetaDataVersion":{"MajorVersion":1},"Timestamp":"2024-04-27T12:50:00.6281958Z","MessageType":"ua-deltaframe","DataSetWriterName":"<<UnknownDataSet>>","Payload":{"ns=23;i=1259":{"Value":{"Type":11,"Body":-1.2},"SourceTimestamp":"2024-04-27T12:49:24.2092546Z","ServerTimestamp":"2024-04-27T12:50:00.5822249Z"}}}]}