{"MessageId":"56429982-a343-422a-b75c-c25721cfdcca","MessageType":"ua-data","PublisherId":"DESKTOP-BGFJS91","DataSetWriterGroup":"<<UnknownWriterGroup>>","Messages":[{"SequenceNumber":371,"MetaDataVersion":{"MajorVersion":1},"Timestamp":"2024-04-27T12:50:01.1261688Z","MessageType":"ua-deltaframe","DataSetWriterName":"<<UnknownDataSet>>","Payload":{"ns=23;i=1259":{"Value":{"Type":11,"Body":-0.69900000000000007},"SourceTimestamp":"2024-04-27T12:49:24.2092546Z","ServerTimestamp":"2024-04-27T12:50:01.0782177Z"}}}]}