{"MessageId":"cf75a59f-dd8c-4f0f-b97f-2390e6cc18d6","MessageType":"ua-data","PublisherId":"DESKTOP-BGFJS91","DataSetWriterGroup":"<<UnknownWriterGroup>>","Messages":[{"SequenceNumber":383,"MetaDataVersion":{"MajorVersion":1},"Timestamp":"2024-04-27T12:50:02.3612809Z","MessageType":"ua-deltaframe","DataSetWriterName":"<<UnknownDataSet>>","Payload":{"ns=23;i=1259":{"Value":{"Type":11,"Body":-0.60599999999999998},"SourceTimestamp":"2024-04-27T12:49:24.2092546Z","ServerTimestamp":"2024-04-27T12:50:02.2829735Z"}}}]}