{"MessageId":"4bcfa370-43f4-41ef-819e-5570c3a242a9","MessageType":"ua-data","PublisherId":"DESKTOP-BGFJS91","DataSetWriterGroup":"<<UnknownWriterGroup>>","Messages":[{"SequenceNumber":385,"MetaDataVersion":{"MajorVersion":1},"Timestamp":"2024-04-27T12:50:02.5456841Z","MessageType":"ua-deltaframe","DataSetWriterName":"<<UnknownDataSet>>","Payload":{"ns=23;i=1259":{"Value":{"Type":11,"Body":-0.40300000000000002},"SourceTimestamp":"2024-04-27T12:49:24.2092546Z","ServerTimestamp":"2024-04-27T12:50:02.4836102Z"}}}]}