{"MessageId":"cd2d599b-e504-43a1-9c7b-2e0e757b0f3a","MessageType":"ua-data","PublisherId":"DESKTOP-BGFJS91","DataSetWriterGroup":"<<UnknownWriterGroup>>","Messages":[{"SequenceNumber":387,"MetaDataVersion":{"MajorVersion":1},"Timestamp":"2024-04-27T12:50:02.7307612Z","MessageType":"ua-deltaframe","DataSetWriterName":"<<UnknownDataSet>>","Payload":{"ns=23;i=1259":{"Value":{"Type":11,"Body":-0.20300000000000001},"SourceTimestamp":"2024-04-27T12:49:24.2092546Z","ServerTimestamp":"2024-04-27T12:50:02.6835008Z"}}}]}