{"MessageId":"59514ad2-34cf-49bc-b23d-7b0e97458423","MessageType":"ua-data","PublisherId":"DESKTOP-BGFJS91","DataSetWriterGroup":"<<UnknownWriterGroup>>","Messages":[{"SequenceNumber":396,"MetaDataVersion":{"MajorVersion":1},"Timestamp":"2024-04-27T12:50:03.6553015Z","MessageType":"ua-deltaframe","DataSetWriterName":"<<UnknownDataSet>>","Payload":{"ns=23;i=1259":{"Value":{"Type":11,"Body":0.496},"SourceTimestamp":"2024-04-27T12:49:24.2092546Z","ServerTimestamp":"2024-04-27T12:50:03.5776084Z"}}}]}