{"MessageId":"8f3cd78a-4fa9-42c3-b33a-6137564540c5","MessageType":"ua-data","PublisherId":"DESKTOP-BGFJS91","DataSetWriterGroup":"<<UnknownWriterGroup>>","Messages":[{"SequenceNumber":402,"MetaDataVersion":{"MajorVersion":1},"Timestamp":"2024-04-27T12:50:04.2110893Z","MessageType":"ua-deltaframe","DataSetWriterName":"<<UnknownDataSet>>","Payload":{"ns=23;i=1259":{"Value":{"Type":11,"Body":-1.9000000000000001},"SourceTimestamp":"2024-04-27T12:49:24.2092546Z","ServerTimestamp":"2024-04-27T12:50:04.1803494Z"},"i=2258":{"Value":{"Type":13,"Body":"2024-04-27T12:50:04.2103757Z"},"SourceTimestamp":"2024-04-27T12:49:24.2092276Z","ServerTimestamp":"2024-04-27T12:50:04.2103828Z"}}}]}