{"MessageId":"86946209-cece-41ed-81e6-d4a7c6cf6ea5","MessageType":"ua-data","PublisherId":"DESKTOP-BGFJS91","DataSetWriterGroup":"<<UnknownWriterGroup>>","Messages":[{"SequenceNumber":403,"MetaDataVersion":{"MajorVersion":1},"Timestamp":"2024-04-27T12:50:04.3337416Z","MessageType":"ua-deltaframe","DataSetWriterName":"<<UnknownDataSet>>","Payload":{"ns=23;i=1259":{"Value":{"Type":11,"Body":-1.8100000000000001},"SourceTimestamp":"2024-04-27T12:49:24.2092546Z","ServerTimestamp":"2024-04-27T12:50:04.2716982Z"}}}]}