{"MessageId":"85407ac2-ec22-4014-8f40-30a9b966ffa7","MessageType":"ua-data","PublisherId":"DESKTOP-BGFJS91","DataSetWriterGroup":"<<UnknownWriterGroup>>","Messages":[{"SequenceNumber":412,"MetaDataVersion":{"MajorVersion":1},"Timestamp":"2024-04-27T12:50:05.2646996Z","MessageType":"ua-deltaframe","DataSetWriterName":"<<UnknownDataSet>>","Payload":{"ns=23;i=1259":{"Value":{"Type":11,"Body":-0.89100000000000001},"SourceTimestamp":"2024-04-27T12:49:24.2092546Z","ServerTimestamp":"2024-04-27T12:50:05.1703803Z"},"i=2258":{"Value":{"Type":13,"Body":"2024-04-27T12:50:05.2165634Z"},"SourceTimestamp":"2024-04-27T12:49:24.2092276Z","ServerTimestamp":"2024-04-27T12:50:05.2165706Z"}}}]}