{"MessageId":"1b13c846-75d5-4391-a672-f958a70ae10c","MessageType":"ua-data","PublisherId":"DESKTOP-BGFJS91","DataSetWriterGroup":"<<UnknownWriterGroup>>","Messages":[{"SequenceNumber":415,"MetaDataVersion":{"MajorVersion":1},"Timestamp":"2024-04-27T12:50:05.5131975Z","MessageType":"ua-deltaframe","DataSetWriterName":"<<UnknownDataSet>>","Payload":{"ns=23;i=1259":{"Value":{"Type":11,"Body":-0.59299999999999997},"SourceTimestamp":"2024-04-27T12:49:24.2092546Z","ServerTimestamp":"2024-04-27T12:50:05.4807628Z"}}}]}