{"MessageId":"6935c803-0f51-484e-81cd-9b401269390f","MessageType":"ua-data","PublisherId":"DESKTOP-BGFJS91","DataSetWriterGroup":"<<UnknownWriterGroup>>","Messages":[{"SequenceNumber":420,"MetaDataVersion":{"MajorVersion":1},"Timestamp":"2024-04-27T12:50:06.0075176Z","MessageType":"ua-deltaframe","DataSetWriterName":"<<UnknownDataSet>>","Payload":{"ns=23;i=1259":{"Value":{"Type":11,"Body":-0.090999999999999998},"SourceTimestamp":"2024-04-27T12:49:24.2092546Z","ServerTimestamp":"2024-04-27T12:50:05.9767641Z"}}}]}