{"MessageId":"1c196cf3-d100-4572-b7d5-f52438b1a8ca","MessageType":"ua-data","PublisherId":"DESKTOP-BGFJS91","DataSetWriterGroup":"<<UnknownWriterGroup>>","Messages":[{"SequenceNumber":429,"MetaDataVersion":{"MajorVersion":1},"Timestamp":"2024-04-27T12:50:06.9337402Z","MessageType":"ua-deltaframe","DataSetWriterName":"<<UnknownDataSet>>","Payload":{"ns=23;i=1259":{"Value":{"Type":11,"Body":0.40600000000000003},"SourceTimestamp":"2024-04-27T12:49:24.2092546Z","ServerTimestamp":"2024-04-27T12:50:06.8711274Z"}}}]}