{"MessageId":"3417b5e2-19a3-41a0-a351-c2f63c3a0e65","MessageType":"ua-data","PublisherId":"DESKTOP-BGFJS91","DataSetWriterGroup":"<<UnknownWriterGroup>>","Messages":[{"SequenceNumber":439,"MetaDataVersion":{"MajorVersion":1},"Timestamp":"2024-04-27T12:50:07.9287928Z","MessageType":"ua-deltaframe","DataSetWriterName":"<<UnknownDataSet>>","Payload":{"ns=23;i=1259":{"Value":{"Type":11,"Body":-0.49399999999999999},"SourceTimestamp":"2024-04-27T12:49:24.2092546Z","ServerTimestamp":"2024-04-27T12:50:07.8820531Z"}}}]}