{"MessageId":"67d4609f-cd68-4a90-afe3-39873f840d9a","MessageType":"ua-data","PublisherId":"DESKTOP-BGFJS91","DataSetWriterGroup":"<<UnknownWriterGroup>>","Messages":[{"SequenceNumber":441,"MetaDataVersion":{"MajorVersion":1},"Timestamp":"2024-04-27T12:50:08.1179062Z","MessageType":"ua-deltaframe","DataSetWriterName":"<<UnknownDataSet>>","Payload":{"ns=23;i=1259":{"Value":{"Type":11,"Body":-0.29199999999999998},"SourceTimestamp":"2024-04-27T12:49:24.2092546Z","ServerTimestamp":"2024-04-27T12:50:08.0694632Z"}}}]}