{"MessageId":"5367c933-9fd6-43fd-b810-d11078128871","MessageType":"ua-data","PublisherId":"DESKTOP-BGFJS91","DataSetWriterGroup":"<<UnknownWriterGroup>>","Messages":[{"SequenceNumber":443,"MetaDataVersion":{"MajorVersion":1},"Timestamp":"2024-04-27T12:50:08.304793Z","MessageType":"ua-deltaframe","DataSetWriterName":"<<UnknownDataSet>>","Payload":{"ns=23;i=1259":{"Value":{"Type":11,"Body":-0.0911},"SourceTimestamp":"2024-04-27T12:49:24.2092546Z","ServerTimestamp":"2024-04-27T12:50:08.2726565Z"}}}]}