{"MessageId":"c15568b7-99f7-46b3-b9a6-a44b6c1441d7","MessageType":"ua-data","PublisherId":"DESKTOP-BGFJS91","DataSetWriterGroup":"<<UnknownWriterGroup>>","Messages":[{"SequenceNumber":446,"MetaDataVersion":{"MajorVersion":1},"Timestamp":"2024-04-27T12:50:08.6171974Z","MessageType":"ua-deltaframe","DataSetWriterName":"<<UnknownDataSet>>","Payload":{"ns=23;i=1259":{"Value":{"Type":11,"Body":0.89900000000000002},"SourceTimestamp":"2024-04-27T12:49:24.2092546Z","ServerTimestamp":"2024-04-27T12:50:08.5701779Z"}}}]}