{"MessageId":"b4531aab-dc0e-4108-ae67-8f1ffb529e57","MessageType":"ua-data","PublisherId":"DESKTOP-BGFJS91","DataSetWriterGroup":"<<UnknownWriterGroup>>","Messages":[{"SequenceNumber":454,"MetaDataVersion":{"MajorVersion":1},"Timestamp":"2024-04-27T12:50:09.4261469Z","MessageType":"ua-deltaframe","DataSetWriterName":"<<UnknownDataSet>>","Payload":{"ns=23;i=1259":{"Value":{"Type":11,"Body":0.10100000000000001},"SourceTimestamp":"2024-04-27T12:49:24.2092546Z","ServerTimestamp":"2024-04-27T12:50:09.379409Z"}}}]}