{"MessageId":"92d92e1c-d0ae-4a71-8825-515704148a6a","MessageType":"ua-data","PublisherId":"DESKTOP-BGFJS91","DataSetWriterGroup":"<<UnknownWriterGroup>>","Messages":[{"SequenceNumber":455,"MetaDataVersion":{"MajorVersion":1},"Timestamp":"2024-04-27T12:50:09.548598Z","MessageType":"ua-deltaframe","DataSetWriterName":"<<UnknownDataSet>>","Payload":{"ns=23;i=1259":{"Value":{"Type":11,"Body":0.00101},"SourceTimestamp":"2024-04-27T12:49:24.2092546Z","ServerTimestamp":"2024-04-27T12:50:09.4716908Z"}}}]}