{"MessageId":"a2699448-170f-458c-94c6-5c446b79d42c","MessageType":"ua-data","PublisherId":"DESKTOP-BGFJS91","DataSetWriterGroup":"<<UnknownWriterGroup>>","Messages":[{"SequenceNumber":458,"MetaDataVersion":{"MajorVersion":1},"Timestamp":"2024-04-27T12:50:09.8555308Z","MessageType":"ua-deltaframe","DataSetWriterName":"<<UnknownDataSet>>","Payload":{"ns=23;i=1259":{"Value":{"Type":11,"Body":1.78},"SourceTimestamp":"2024-04-27T12:49:24.2092546Z","ServerTimestamp":"2024-04-27T12:50:09.7778143Z"}}}]}