{"MessageId":"0c3d7f88-aa35-4952-b7f2-67bdf8761535","MessageType":"ua-data","PublisherId":"DESKTOP-BGFJS91","DataSetWriterGroup":"<<UnknownWriterGroup>>","Messages":[{"SequenceNumber":460,"MetaDataVersion":{"MajorVersion":1},"Timestamp":"2024-04-27T12:50:10.0407648Z","MessageType":"ua-deltaframe","DataSetWriterName":"<<UnknownDataSet>>","Payload":{"ns=23;i=1259":{"Value":{"Type":11,"Body":1.5800000000000001},"SourceTimestamp":"2024-04-27T12:49:24.2092546Z","ServerTimestamp":"2024-04-27T12:50:09.9779393Z"}}}]}