{"MessageId":"b7fc6e61-cdcf-48a4-a82c-e4440caf2be8","MessageType":"ua-data","PublisherId":"DESKTOP-BGFJS91","DataSetWriterGroup":"<<UnknownWriterGroup>>","Messages":[{"SequenceNumber":461,"MetaDataVersion":{"MajorVersion":1},"Timestamp":"2024-04-27T12:50:10.1035658Z","MessageType":"ua-deltaframe","DataSetWriterName":"<<UnknownDataSet>>","Payload":{"ns=23;i=1259":{"Value":{"Type":11,"Body":1.46},"SourceTimestamp":"2024-04-27T12:49:24.2092546Z","ServerTimestamp":"2024-04-27T12:50:10.0713447Z"}}}]}