{"MessageId":"24de17b9-85f7-431c-919c-30af8aa38a91","MessageType":"ua-data","PublisherId":"DESKTOP-BGFJS91","DataSetWriterGroup":"<<UnknownWriterGroup>>","Messages":[{"SequenceNumber":464,"MetaDataVersion":{"MajorVersion":1},"Timestamp":"2024-04-27T12:50:10.4141669Z","MessageType":"ua-deltaframe","DataSetWriterName":"<<UnknownDataSet>>","Payload":{"ns=23;i=1259":{"Value":{"Type":11,"Body":1.1200000000000001},"SourceTimestamp":"2024-04-27T12:49:24.2092546Z","ServerTimestamp":"2024-04-27T12:50:10.3817622Z"}}}]}