{"MessageId":"35f6953f-782d-4984-a6b3-98642135362c","MessageType":"ua-data","PublisherId":"DESKTOP-BGFJS91","DataSetWriterGroup":"<<UnknownWriterGroup>>","Messages":[{"SequenceNumber":465,"MetaDataVersion":{"MajorVersion":1},"Timestamp":"2024-04-27T12:50:10.5369154Z","MessageType":"ua-deltaframe","DataSetWriterName":"<<UnknownDataSet>>","Payload":{"ns=23;i=1259":{"Value":{"Type":11,"Body":1.03},"SourceTimestamp":"2024-04-27T12:49:24.2092546Z","ServerTimestamp":"2024-04-27T12:50:10.4754901Z"}}}]}