{"MessageId":"0a1681c8-41cd-403a-8519-1429ea07f267","MessageType":"ua-data","PublisherId":"DESKTOP-BGFJS91","DataSetWriterGroup":"<<UnknownWriterGroup>>","Messages":[{"SequenceNumber":48,"MetaDataVersion":{"MajorVersion":1},"Timestamp":"2024-04-27T12:49:28.9285533Z","MessageType":"ua-deltaframe","DataSetWriterName":"<<UnknownDataSet>>","Payload":{"ns=23;i=1259":{"Value":{"Type":11,"Body":0.72999999999999998},"SourceTimestamp":"2024-04-27T12:49:24.2092546Z","ServerTimestamp":"2024-04-27T12:49:28.8819365Z"}}}]}