{"MessageId":"451131a6-d948-4d16-99f8-04ba62abda30","MessageType":"ua-data","PublisherId":"DESKTOP-BGFJS91","DataSetWriterGroup":"<<UnknownWriterGroup>>","Messages":[{"SequenceNumber":473,"MetaDataVersion":{"MajorVersion":1},"Timestamp":"2024-04-27T12:50:11.3405575Z","MessageType":"ua-deltaframe","DataSetWriterName":"<<UnknownDataSet>>","Payload":{"ns=23;i=1259":{"Value":{"Type":11,"Body":0.22900000000000001},"SourceTimestamp":"2024-04-27T12:49:24.2092546Z","ServerTimestamp":"2024-04-27T12:50:11.2780176Z"}}}]}