{"MessageId":"bfb16ce2-2316-49e1-b15c-29ff1168b551","MessageType":"ua-data","PublisherId":"DESKTOP-BGFJS91","DataSetWriterGroup":"<<UnknownWriterGroup>>","Messages":[{"SequenceNumber":474,"MetaDataVersion":{"MajorVersion":1},"Timestamp":"2024-04-27T12:50:11.4033039Z","MessageType":"ua-deltaframe","DataSetWriterName":"<<UnknownDataSet>>","Payload":{"ns=23;i=1259":{"Value":{"Type":11,"Body":0.13100000000000001},"SourceTimestamp":"2024-04-27T12:49:24.2092546Z","ServerTimestamp":"2024-04-27T12:50:11.3719825Z"}}}]}