{"MessageId":"1326c64a-2cdf-4be8-ba37-d9e1a2b26f0f","MessageType":"ua-data","PublisherId":"DESKTOP-BGFJS91","DataSetWriterGroup":"<<UnknownWriterGroup>>","Messages":[{"SequenceNumber":475,"MetaDataVersion":{"MajorVersion":1},"Timestamp":"2024-04-27T12:50:11.5275519Z","MessageType":"ua-deltaframe","DataSetWriterName":"<<UnknownDataSet>>","Payload":{"ns=23;i=1259":{"Value":{"Type":11,"Body":0.0309},"SourceTimestamp":"2024-04-27T12:49:24.2092546Z","ServerTimestamp":"2024-04-27T12:50:11.4801326Z"}}}]}