{"MessageId":"d2997286-3f24-4d9b-9787-5e921e533377","MessageType":"ua-data","PublisherId":"DESKTOP-BGFJS91","DataSetWriterGroup":"<<UnknownWriterGroup>>","Messages":[{"SequenceNumber":482,"MetaDataVersion":{"MajorVersion":1},"Timestamp":"2024-04-27T12:50:12.205241Z","MessageType":"ua-deltaframe","DataSetWriterName":"<<UnknownDataSet>>","Payload":{"ns=23;i=1259":{"Value":{"Type":11,"Body":-1.4199999999999999},"SourceTimestamp":"2024-04-27T12:49:24.2092546Z","ServerTimestamp":"2024-04-27T12:50:12.173847Z"}}}]}