{"MessageId":"246c8753-49cb-4b3b-8de3-677347841b05","MessageType":"ua-data","PublisherId":"DESKTOP-BGFJS91","DataSetWriterGroup":"<<UnknownWriterGroup>>","Messages":[{"SequenceNumber":483,"MetaDataVersion":{"MajorVersion":1},"Timestamp":"2024-04-27T12:50:12.3297976Z","MessageType":"ua-deltaframe","DataSetWriterName":"<<UnknownDataSet>>","Payload":{"ns=23;i=1259":{"Value":{"Type":11,"Body":-1.3},"SourceTimestamp":"2024-04-27T12:49:24.2092546Z","ServerTimestamp":"2024-04-27T12:50:12.282832Z"},"i=2258":{"Value":{"Type":13,"Body":"2024-04-27T12:50:12.3134812Z"},"SourceTimestamp":"2024-04-27T12:49:24.2092276Z","ServerTimestamp":"2024-04-27T12:50:12.3134875Z"}}}]}