{"MessageId":"8df3954c-27b3-4669-b280-5513aec667f1","MessageType":"ua-data","PublisherId":"DESKTOP-BGFJS91","DataSetWriterGroup":"<<UnknownWriterGroup>>","Messages":[{"SequenceNumber":487,"MetaDataVersion":{"MajorVersion":1},"Timestamp":"2024-04-27T12:50:12.763329Z","MessageType":"ua-deltaframe","DataSetWriterName":"<<UnknownDataSet>>","Payload":{"ns=23;i=1259":{"Value":{"Type":11,"Body":-0.88100000000000001},"SourceTimestamp":"2024-04-27T12:49:24.2092546Z","ServerTimestamp":"2024-04-27T12:50:12.6706025Z"}}}]}