{"MessageId":"95432eb2-3b05-4648-9291-845b1c687d17","MessageType":"ua-data","PublisherId":"DESKTOP-BGFJS91","DataSetWriterGroup":"<<UnknownWriterGroup>>","Messages":[{"SequenceNumber":488,"MetaDataVersion":{"MajorVersion":1},"Timestamp":"2024-04-27T12:50:12.8254503Z","MessageType":"ua-deltaframe","DataSetWriterName":"<<UnknownDataSet>>","Payload":{"ns=23;i=1259":{"Value":{"Type":11,"Body":-0.78000000000000003},"SourceTimestamp":"2024-04-27T12:49:24.2092546Z","ServerTimestamp":"2024-04-27T12:50:12.7788227Z"}}}]}