{"MessageId":"c1554147-e751-4700-bdc1-3e14f1861e20","MessageType":"ua-data","PublisherId":"DESKTOP-BGFJS91","DataSetWriterGroup":"<<UnknownWriterGroup>>","Messages":[{"SequenceNumber":489,"MetaDataVersion":{"MajorVersion":1},"Timestamp":"2024-04-27T12:50:12.9520636Z","MessageType":"ua-deltaframe","DataSetWriterName":"<<UnknownDataSet>>","Payload":{"ns=23;i=1259":{"Value":{"Type":11,"Body":-0.67900000000000005},"SourceTimestamp":"2024-04-27T12:49:24.2092546Z","ServerTimestamp":"2024-04-27T12:50:12.8728407Z"}}}]}