{"MessageId":"4e8c65e2-fff7-4d4a-9de4-c6c404ba3720","MessageType":"ua-data","PublisherId":"DESKTOP-BGFJS91","DataSetWriterGroup":"<<UnknownWriterGroup>>","Messages":[{"SequenceNumber":490,"MetaDataVersion":{"MajorVersion":1},"Timestamp":"2024-04-27T12:50:13.0134083Z","MessageType":"ua-deltaframe","DataSetWriterName":"<<UnknownDataSet>>","Payload":{"ns=23;i=1259":{"Value":{"Type":11,"Body":-0.57899999999999996},"SourceTimestamp":"2024-04-27T12:49:24.2092546Z","ServerTimestamp":"2024-04-27T12:50:12.983247Z"}}}]}