{"MessageId":"0b6b82b5-82ec-47f3-8027-a5470d4f059a","MessageType":"ua-data","PublisherId":"DESKTOP-BGFJS91","DataSetWriterGroup":"<<UnknownWriterGroup>>","Messages":[{"SequenceNumber":497,"MetaDataVersion":{"MajorVersion":1},"Timestamp":"2024-04-27T12:50:13.7563358Z","MessageType":"ua-deltaframe","DataSetWriterName":"<<UnknownDataSet>>","Payload":{"ns=23;i=1259":{"Value":{"Type":11,"Body":0.90100000000000002},"SourceTimestamp":"2024-04-27T12:49:24.2092546Z","ServerTimestamp":"2024-04-27T12:50:13.6783555Z"}}}]}