{"MessageId":"423fbd11-65e2-498b-b0fd-92000d5a45e0","MessageType":"ua-data","PublisherId":"DESKTOP-BGFJS91","DataSetWriterGroup":"<<UnknownWriterGroup>>","Messages":[{"SequenceNumber":52,"MetaDataVersion":{"MajorVersion":1},"Timestamp":"2024-04-27T12:49:29.3027498Z","MessageType":"ua-deltaframe","DataSetWriterName":"<<UnknownDataSet>>","Payload":{"ns=23;i=1259":{"Value":{"Type":11,"Body":0.33400000000000002},"SourceTimestamp":"2024-04-27T12:49:24.2092546Z","ServerTimestamp":"2024-04-27T12:49:29.2710772Z"}}}]}