{"MessageId":"55483954-52cd-4719-bc7b-da34dd28cf9f","MessageType":"ua-data","PublisherId":"DESKTOP-BGFJS91","DataSetWriterGroup":"<<UnknownWriterGroup>>","Messages":[{"SequenceNumber":59,"MetaDataVersion":{"MajorVersion":1},"Timestamp":"2024-04-27T12:49:30.0445354Z","MessageType":"ua-deltaframe","DataSetWriterName":"<<UnknownDataSet>>","Payload":{"ns=23;i=1259":{"Value":{"Type":11,"Body":-1.6799999999999999},"SourceTimestamp":"2024-04-27T12:49:24.2092546Z","ServerTimestamp":"2024-04-27T12:49:29.9816939Z"}}}]}