{"MessageId":"d62342e1-5069-41f7-b893-0998a0592243","MessageType":"ua-data","PublisherId":"DESKTOP-BGFJS91","DataSetWriterGroup":"<<UnknownWriterGroup>>","Messages":[{"SequenceNumber":73,"MetaDataVersion":{"MajorVersion":1},"Timestamp":"2024-04-27T12:49:31.4075273Z","MessageType":"ua-deltaframe","DataSetWriterName":"<<UnknownDataSet>>","Payload":{"ns=23;i=1259":{"Value":{"Type":11,"Body":-0.23600000000000002},"SourceTimestamp":"2024-04-27T12:49:24.2092546Z","ServerTimestamp":"2024-04-27T12:49:31.3761967Z"}}}]}