{"MessageId":"6e933135-c9b5-4e9b-9310-492424998511","MessageType":"ua-data","PublisherId":"DESKTOP-BGFJS91","DataSetWriterGroup":"<<UnknownWriterGroup>>","Messages":[{"SequenceNumber":74,"MetaDataVersion":{"MajorVersion":1},"Timestamp":"2024-04-27T12:49:31.531539Z","MessageType":"ua-deltaframe","DataSetWriterName":"<<UnknownDataSet>>","Payload":{"ns=23;i=1259":{"Value":{"Type":11,"Body":-0.13800000000000001},"SourceTimestamp":"2024-04-27T12:49:24.2092546Z","ServerTimestamp":"2024-04-27T12:49:31.4696697Z"}}}]}