{"MessageId":"afb1afad-2408-4de7-8417-ca5ce433c7dd","MessageType":"ua-data","PublisherId":"DESKTOP-BGFJS91","DataSetWriterGroup":"<<UnknownWriterGroup>>","Messages":[{"SequenceNumber":81,"MetaDataVersion":{"MajorVersion":1},"Timestamp":"2024-04-27T12:49:32.2109412Z","MessageType":"ua-deltaframe","DataSetWriterName":"<<UnknownDataSet>>","Payload":{"ns=23;i=1259":{"Value":{"Type":11,"Body":-0.496},"SourceTimestamp":"2024-04-27T12:49:24.2092546Z","ServerTimestamp":"2024-04-27T12:49:32.1809846Z"},"i=2258":{"Value":{"Type":13,"Body":"2024-04-27T12:49:32.2105787Z"},"SourceTimestamp":"2024-04-27T12:49:24.2092276Z","ServerTimestamp":"2024-04-27T12:49:32.2105844Z"}}}]}