{"MessageId":"337f6815-414a-4bef-ace5-f4e74bd2b435","MessageType":"ua-data","PublisherId":"DESKTOP-BGFJS91","DataSetWriterGroup":"<<UnknownWriterGroup>>","Messages":[{"SequenceNumber":82,"MetaDataVersion":{"MajorVersion":1},"Timestamp":"2024-04-27T12:49:32.3358455Z","MessageType":"ua-deltaframe","DataSetWriterName":"<<UnknownDataSet>>","Payload":{"ns=23;i=1259":{"Value":{"Type":11,"Body":-0.39700000000000002},"SourceTimestamp":"2024-04-27T12:49:24.2092546Z","ServerTimestamp":"2024-04-27T12:49:32.2733869Z"}}}]}