{"MessageId":"dd5e7ffc-29f8-460a-8f63-21b0d48f2cfd","MessageType":"ua-data","PublisherId":"DESKTOP-BGFJS91","DataSetWriterGroup":"<<UnknownWriterGroup>>","Messages":[{"DataSetWriterId":20,"SequenceNumber":1,"MetaDataVersion":{"MajorVersion":1},"Timestamp":"2024-04-27T12:43:34.3059894Z","MessageType":"ua-deltaframe","DataSetWriterName":"Packaging","Payload":{"nsu=http://opcfoundation.org/UA/Plc/Applications;s=SlowRandomUIntScalar3":{"Value":{"Type":7,"Body":1809557012},"SourceTimestamp":"2024-04-27T12:43:32.6429748Z","ServerTimestamp":"2024-04-27T12:43:32.6429762Z"}}}]}