{"MessageId":"da412741-e542-4aa5-831f-fc7f287cdd88","MessageType":"ua-data","PublisherId":"DESKTOP-BGFJS91","DataSetWriterGroup":"<<UnknownWriterGroup>>","Messages":[{"DataSetWriterId":20,"SequenceNumber":3,"MetaDataVersion":{"MajorVersion":1},"Timestamp":"2024-04-27T12:43:54.2705099Z","MessageType":"ua-deltaframe","DataSetWriterName":"Packaging","Payload":{"nsu=http://opcfoundation.org/UA/Plc/Applications;s=SlowRandomUIntScalar3":{"Value":{"Type":7,"Body":2915165114},"SourceTimestamp":"2024-04-27T12:43:52.6442738Z","ServerTimestamp":"2024-04-27T12:43:52.6442746Z"}}}]}