{"MessageId":"db6eaabc-7064-4487-b96b-304df4387c10","MessageType":"ua-data","PublisherId":"DESKTOP-BGFJS91","DataSetWriterGroup":"<<UnknownWriterGroup>>","Messages":[{"DataSetWriterId":20,"SequenceNumber":7,"MetaDataVersion":{"MajorVersion":1},"Timestamp":"2024-04-27T12:44:34.2574627Z","MessageType":"ua-deltaframe","DataSetWriterName":"Packaging","Payload":{"nsu=http://opcfoundation.org/UA/Plc/Applications;s=SlowRandomUIntScalar3":{"Value":{"Type":7,"Body":3229795441},"SourceTimestamp":"2024-04-27T12:44:32.649759Z","ServerTimestamp":"2024-04-27T12:44:32.6497661Z"}}}]}