[{"nsu=http://opcfoundation.org/UA/Plc/Applications;s=BadFastUIntScalar1":{"Value":2,"SourceTimestamp":"2024-04-27T18:52:46.8243247Z","ServerTimestamp":"2024-04-27T18:52:46.8243366Z"},"nsu=http://opcfoundation.org/UA/Plc/Applications;s=BadFastRandomUIntScalar1":{"Value":4202282614,"SourceTimestamp":"2024-04-27T18:52:46.8243812Z","ServerTimestamp":"2024-04-27T18:52:46.8243845Z"},"nsu=http://opcfoundation.org/UA/Plc/Applications;s=Special_\"!§$%&/()=?`´\\+~*'#_-:.;,<>|@^°€µ{[]}":{"Value":112,"SourceTimestamp":"2024-04-27T18:52:46.8243992Z","ServerTimestamp":"2024-04-27T18:52:46.8244016Z"}}]