[{"nsu=http://opcfoundation.org/UA/Plc/Applications;s=BadFastUIntScalar1":{"Value":8,"StatusCode":{"Symbol":"UncertainLastUsableValue","Code":1083179008},"SourceTimestamp":"2024-04-27T18:52:32.8232379Z","ServerTimestamp":"2024-04-27T18:52:32.8232415Z"},"nsu=http://opcfoundation.org/UA/Plc/Applications;s=BadFastRandomUIntScalar1":{"Value":1320589319,"StatusCode":{"Symbol":"UncertainLastUsableValue","Code":1083179008},"SourceTimestamp":"2024-04-27T18:52:32.8232837Z","ServerTimestamp":"2024-04-27T18:52:32.8233084Z"},"nsu=http://opcfoundation.org/UA/Plc/Applications;s=Special_\"!§$%&/()=?`´\\+~*'#_-:.;,<>|@^°€µ{[]}":{"Value":98,"SourceTimestamp":"2024-04-27T18:52:32.8233092Z","ServerTimestamp":"2024-04-27T18:52:32.8233118Z"}}]