{"NodeId":"nsu=http://opcfoundation.org/UA/Plc/Applications;s=RandomUnsignedInt32","EndpointUrl":"opc.tcp://localhost:61457/UA/SampleServer","ApplicationUri":"urn:desktop-bgfjs91:OPCFoundation:CoreSampleServer","DisplayName":"nsu=http://opcfoundation.org/UA/Plc/Applications;s=RandomUnsignedInt32","Timestamp":"2024-04-27T09:31:00.9327631Z","Value":{"Value":227009896,"SourceTimestamp":"2024-04-27T09:31:00.8390035Z","ServerTimestamp":"2024-04-27T09:31:00.8390045Z"},"SequenceNumber":105,"ExtensionFields":{}}