{"NodeId":"nsu=http://opcfoundation.org/UA/Plc/Applications;s=RandomUnsignedInt32","EndpointUrl":"opc.tcp://localhost:61457/UA/SampleServer","ApplicationUri":"urn:desktop-bgfjs91:OPCFoundation:CoreSampleServer","DisplayName":"nsu=http://opcfoundation.org/UA/Plc/Applications;s=RandomUnsignedInt32","Timestamp":"2024-04-27T09:29:18.9307447Z","Value":{"Value":1526555830,"SourceTimestamp":"2024-04-27T09:29:18.8359602Z","ServerTimestamp":"2024-04-27T09:29:18.8359633Z"},"SequenceNumber":13,"ExtensionFields":{}}