{"NodeId":"nsu=http://opcfoundation.org/UA/Plc/Applications;s=RandomUnsignedInt32","EndpointUrl":"opc.tcp://localhost:61457/UA/SampleServer","ApplicationUri":"urn:desktop-bgfjs91:OPCFoundation:CoreSampleServer","DisplayName":"nsu=http://opcfoundation.org/UA/Plc/Applications;s=RandomUnsignedInt32","Timestamp":"2024-04-27T09:29:21.9117603Z","Value":{"Value":1834673647,"SourceTimestamp":"2024-04-27T09:29:21.8327947Z","ServerTimestamp":"2024-04-27T09:29:21.8327965Z"},"SequenceNumber":16,"ExtensionFields":{}}