{"NodeId":"nsu=http://opcfoundation.org/UA/Plc/Applications;s=RandomUnsignedInt32","EndpointUrl":"opc.tcp://localhost:61457/UA/SampleServer","ApplicationUri":"urn:desktop-bgfjs91:OPCFoundation:CoreSampleServer","DisplayName":"nsu=http://opcfoundation.org/UA/Plc/Applications;s=RandomUnsignedInt32","Timestamp":"2024-04-27T09:29:29.9550197Z","Value":{"Value":213158744,"SourceTimestamp":"2024-04-27T09:29:29.9395579Z","ServerTimestamp":"2024-04-27T09:29:29.9395654Z"},"SequenceNumber":23,"ExtensionFields":{}}