{"NodeId":"nsu=http://opcfoundation.org/UA/Plc/Applications;s=RandomUnsignedInt32","EndpointUrl":"opc.tcp://localhost:61457/UA/SampleServer","ApplicationUri":"urn:desktop-bgfjs91:OPCFoundation:CoreSampleServer","DisplayName":"nsu=http://opcfoundation.org/UA/Plc/Applications;s=RandomUnsignedInt32","Timestamp":"2024-04-27T09:29:31.9312826Z","Value":{"Value":90412124,"SourceTimestamp":"2024-04-27T09:29:31.8393205Z","ServerTimestamp":"2024-04-27T09:29:31.8393262Z"},"SequenceNumber":25,"ExtensionFields":{}}