{"NodeId":"nsu=http://opcfoundation.org/UA/Plc/Applications;s=RandomUnsignedInt32","EndpointUrl":"opc.tcp://localhost:61457/UA/SampleServer","ApplicationUri":"urn:desktop-bgfjs91:OPCFoundation:CoreSampleServer","DisplayName":"nsu=http://opcfoundation.org/UA/Plc/Applications;s=RandomUnsignedInt32","Timestamp":"2024-04-27T09:29:39.9108547Z","Value":{"Value":572192484,"SourceTimestamp":"2024-04-27T09:29:39.8335629Z","ServerTimestamp":"2024-04-27T09:29:39.8335726Z"},"SequenceNumber":32,"ExtensionFields":{}}