{"NodeId":"nsu=http://opcfoundation.org/UA/Plc/Applications;s=RandomUnsignedInt32","EndpointUrl":"opc.tcp://localhost:61457/UA/SampleServer","ApplicationUri":"urn:desktop-bgfjs91:OPCFoundation:CoreSampleServer","DisplayName":"nsu=http://opcfoundation.org/UA/Plc/Applications;s=RandomUnsignedInt32","Timestamp":"2024-04-27T09:29:41.9517814Z","Value":{"Value":1773940068,"SourceTimestamp":"2024-04-27T09:29:41.9356117Z","ServerTimestamp":"2024-04-27T09:29:41.9356143Z"},"SequenceNumber":33,"ExtensionFields":{}}