{"NodeId":"nsu=http://opcfoundation.org/UA/Plc/Applications;s=RandomUnsignedInt32","EndpointUrl":"opc.tcp://localhost:61457/UA/SampleServer","ApplicationUri":"urn:desktop-bgfjs91:OPCFoundation:CoreSampleServer","DisplayName":"nsu=http://opcfoundation.org/UA/Plc/Applications;s=RandomUnsignedInt32","Timestamp":"2024-04-27T09:29:45.9187024Z","Value":{"Value":1588226212,"SourceTimestamp":"2024-04-27T09:29:45.8414763Z","ServerTimestamp":"2024-04-27T09:29:45.8414802Z"},"SequenceNumber":37,"ExtensionFields":{}}