{"NodeId":"nsu=http://opcfoundation.org/UA/Plc/Applications;s=RandomUnsignedInt32","EndpointUrl":"opc.tcp://localhost:61457/UA/SampleServer","ApplicationUri":"urn:desktop-bgfjs91:OPCFoundation:CoreSampleServer","DisplayName":"nsu=http://opcfoundation.org/UA/Plc/Applications;s=RandomUnsignedInt32","Timestamp":"2024-04-27T09:29:46.9118432Z","Value":{"Value":517211864,"SourceTimestamp":"2024-04-27T09:29:46.8342238Z","ServerTimestamp":"2024-04-27T09:29:46.8342305Z"},"SequenceNumber":38,"ExtensionFields":{}}