{"NodeId":"nsu=http://opcfoundation.org/UA/Plc/Applications;s=RandomUnsignedInt32","EndpointUrl":"opc.tcp://localhost:61457/UA/SampleServer","ApplicationUri":"urn:desktop-bgfjs91:OPCFoundation:CoreSampleServer","DisplayName":"nsu=http://opcfoundation.org/UA/Plc/Applications;s=RandomUnsignedInt32","Timestamp":"2024-04-27T09:29:47.9618008Z","Value":{"Value":2115512996,"SourceTimestamp":"2024-04-27T09:29:47.9457042Z","ServerTimestamp":"2024-04-27T09:29:47.945705Z"},"SequenceNumber":39,"ExtensionFields":{}}