{"NodeId":"nsu=http://opcfoundation.org/UA/Plc/Applications;s=RandomUnsignedInt32","EndpointUrl":"opc.tcp://localhost:61457/UA/SampleServer","ApplicationUri":"urn:desktop-bgfjs91:OPCFoundation:CoreSampleServer","DisplayName":"nsu=http://opcfoundation.org/UA/Plc/Applications;s=RandomUnsignedInt32","Timestamp":"2024-04-27T09:29:07.9468844Z","Value":{"Value":1586498056,"SourceTimestamp":"2024-04-27T09:29:07.9305784Z","ServerTimestamp":"2024-04-27T09:29:07.9306069Z"},"SequenceNumber":4,"ExtensionFields":{}}