{"NodeId":"nsu=http://opcfoundation.org/UA/Plc/Applications;s=RandomUnsignedInt32","EndpointUrl":"opc.tcp://localhost:61457/UA/SampleServer","ApplicationUri":"urn:desktop-bgfjs91:OPCFoundation:CoreSampleServer","DisplayName":"nsu=http://opcfoundation.org/UA/Plc/Applications;s=RandomUnsignedInt32","Timestamp":"2024-04-27T09:29:53.9461185Z","Value":{"Value":2127183305,"SourceTimestamp":"2024-04-27T09:29:53.9457111Z","ServerTimestamp":"2024-04-27T09:29:53.9457125Z"},"SequenceNumber":45,"ExtensionFields":{}}