{"NodeId":"nsu=http://opcfoundation.org/UA/Plc/Applications;s=RandomUnsignedInt32","EndpointUrl":"opc.tcp://localhost:61457/UA/SampleServer","ApplicationUri":"urn:desktop-bgfjs91:OPCFoundation:CoreSampleServer","DisplayName":"nsu=http://opcfoundation.org/UA/Plc/Applications;s=RandomUnsignedInt32","Timestamp":"2024-04-27T09:29:08.9338768Z","Value":{"Value":270027829,"SourceTimestamp":"2024-04-27T09:29:08.8405494Z","ServerTimestamp":"2024-04-27T09:29:08.8405506Z"},"SequenceNumber":5,"ExtensionFields":{}}