{"NodeId":"nsu=http://opcfoundation.org/UA/Plc/Applications;s=RandomUnsignedInt32","EndpointUrl":"opc.tcp://localhost:61457/UA/SampleServer","ApplicationUri":"urn:desktop-bgfjs91:OPCFoundation:CoreSampleServer","DisplayName":"nsu=http://opcfoundation.org/UA/Plc/Applications;s=RandomUnsignedInt32","Timestamp":"2024-04-27T09:30:04.9102647Z","Value":{"Value":1342139143,"SourceTimestamp":"2024-04-27T09:30:04.8327462Z","ServerTimestamp":"2024-04-27T09:30:04.8327475Z"},"SequenceNumber":55,"ExtensionFields":{}}