{"NodeId":"nsu=http://opcfoundation.org/UA/Plc/Applications;s=RandomUnsignedInt32","EndpointUrl":"opc.tcp://localhost:61457/UA/SampleServer","ApplicationUri":"urn:desktop-bgfjs91:OPCFoundation:CoreSampleServer","DisplayName":"nsu=http://opcfoundation.org/UA/Plc/Applications;s=RandomUnsignedInt32","Timestamp":"2024-04-27T09:30:05.9629514Z","Value":{"Value":1367552537,"SourceTimestamp":"2024-04-27T09:30:05.9314378Z","ServerTimestamp":"2024-04-27T09:30:05.9314426Z"},"SequenceNumber":56,"ExtensionFields":{}}