{"NodeId":"nsu=http://opcfoundation.org/UA/Plc/Applications;s=RandomUnsignedInt32","EndpointUrl":"opc.tcp://localhost:61457/UA/SampleServer","ApplicationUri":"urn:desktop-bgfjs91:OPCFoundation:CoreSampleServer","DisplayName":"nsu=http://opcfoundation.org/UA/Plc/Applications;s=RandomUnsignedInt32","Timestamp":"2024-04-27T09:30:07.9418456Z","Value":{"Value":448961108,"SourceTimestamp":"2024-04-27T09:30:07.8340659Z","ServerTimestamp":"2024-04-27T09:30:07.8340678Z"},"SequenceNumber":58,"ExtensionFields":{}}