{"NodeId":"nsu=http://opcfoundation.org/UA/Plc/Applications;s=RandomUnsignedInt32","EndpointUrl":"opc.tcp://localhost:61457/UA/SampleServer","ApplicationUri":"urn:desktop-bgfjs91:OPCFoundation:CoreSampleServer","DisplayName":"nsu=http://opcfoundation.org/UA/Plc/Applications;s=RandomUnsignedInt32","Timestamp":"2024-04-27T09:30:09.9186358Z","Value":{"Value":807848082,"SourceTimestamp":"2024-04-27T09:30:09.8392961Z","ServerTimestamp":"2024-04-27T09:30:09.8393136Z"},"SequenceNumber":60,"ExtensionFields":{}}