{"NodeId":"nsu=http://opcfoundation.org/UA/Plc/Applications;s=RandomUnsignedInt32","EndpointUrl":"opc.tcp://localhost:61457/UA/SampleServer","ApplicationUri":"urn:desktop-bgfjs91:OPCFoundation:CoreSampleServer","DisplayName":"nsu=http://opcfoundation.org/UA/Plc/Applications;s=RandomUnsignedInt32","Timestamp":"2024-04-27T09:30:12.9559779Z","Value":{"Value":1593450122,"SourceTimestamp":"2024-04-27T09:30:12.9401261Z","ServerTimestamp":"2024-04-27T09:30:12.9401275Z"},"SequenceNumber":62,"ExtensionFields":{}}