{"NodeId":"nsu=http://opcfoundation.org/UA/Plc/Applications;s=RandomUnsignedInt32","EndpointUrl":"opc.tcp://localhost:61457/UA/SampleServer","ApplicationUri":"urn:desktop-bgfjs91:OPCFoundation:CoreSampleServer","DisplayName":"nsu=http://opcfoundation.org/UA/Plc/Applications;s=RandomUnsignedInt32","Timestamp":"2024-04-27T09:30:13.9480641Z","Value":{"Value":1899984059,"SourceTimestamp":"2024-04-27T09:30:13.9318021Z","ServerTimestamp":"2024-04-27T09:30:13.9318032Z"},"SequenceNumber":63,"ExtensionFields":{}}