{"NodeId":"nsu=http://opcfoundation.org/UA/Plc/Applications;s=RandomUnsignedInt32","EndpointUrl":"opc.tcp://localhost:61457/UA/SampleServer","ApplicationUri":"urn:desktop-bgfjs91:OPCFoundation:CoreSampleServer","DisplayName":"nsu=http://opcfoundation.org/UA/Plc/Applications;s=RandomUnsignedInt32","Timestamp":"2024-04-27T09:30:17.9238648Z","Value":{"Value":1277066022,"SourceTimestamp":"2024-04-27T09:30:17.8332226Z","ServerTimestamp":"2024-04-27T09:30:17.8332251Z"},"SequenceNumber":67,"ExtensionFields":{}}