{"NodeId":"nsu=http://opcfoundation.org/UA/Plc/Applications;s=RandomUnsignedInt32","EndpointUrl":"opc.tcp://localhost:61457/UA/SampleServer","ApplicationUri":"urn:desktop-bgfjs91:OPCFoundation:CoreSampleServer","DisplayName":"nsu=http://opcfoundation.org/UA/Plc/Applications;s=RandomUnsignedInt32","Timestamp":"2024-04-27T09:30:20.9438719Z","Value":{"Value":1827695306,"SourceTimestamp":"2024-04-27T09:30:20.8355799Z","ServerTimestamp":"2024-04-27T09:30:20.8355806Z"},"SequenceNumber":70,"ExtensionFields":{}}