{"NodeId":"nsu=http://opcfoundation.org/UA/Plc/Applications;s=RandomUnsignedInt32","EndpointUrl":"opc.tcp://localhost:61457/UA/SampleServer","ApplicationUri":"urn:desktop-bgfjs91:OPCFoundation:CoreSampleServer","DisplayName":"nsu=http://opcfoundation.org/UA/Plc/Applications;s=RandomUnsignedInt32","Timestamp":"2024-04-27T09:30:29.9642429Z","Value":{"Value":1588845862,"SourceTimestamp":"2024-04-27T09:30:29.9323427Z","ServerTimestamp":"2024-04-27T09:30:29.9323435Z"},"SequenceNumber":78,"ExtensionFields":{}}