{"NodeId":"nsu=http://opcfoundation.org/UA/Plc/Applications;s=RandomUnsignedInt32","EndpointUrl":"opc.tcp://localhost:61457/UA/SampleServer","ApplicationUri":"urn:desktop-bgfjs91:OPCFoundation:CoreSampleServer","DisplayName":"nsu=http://opcfoundation.org/UA/Plc/Applications;s=RandomUnsignedInt32","Timestamp":"2024-04-27T09:29:12.9473549Z","Value":{"Value":1778420230,"SourceTimestamp":"2024-04-27T09:29:12.9310802Z","ServerTimestamp":"2024-04-27T09:29:12.9310847Z"},"SequenceNumber":8,"ExtensionFields":{}}