{"NodeId":"nsu=http://opcfoundation.org/UA/Plc/Applications;s=RandomUnsignedInt32","EndpointUrl":"opc.tcp://localhost:61457/UA/SampleServer","ApplicationUri":"urn:desktop-bgfjs91:OPCFoundation:CoreSampleServer","DisplayName":"nsu=http://opcfoundation.org/UA/Plc/Applications;s=RandomUnsignedInt32","Timestamp":"2024-04-27T09:30:31.9517116Z","Value":{"Value":1543478298,"SourceTimestamp":"2024-04-27T09:30:31.934701Z","ServerTimestamp":"2024-04-27T09:30:31.934707Z"},"SequenceNumber":80,"ExtensionFields":{}}