{"NodeId":"nsu=http://opcfoundation.org/UA/Plc/Applications;s=RandomUnsignedInt32","EndpointUrl":"opc.tcp://localhost:61457/UA/SampleServer","ApplicationUri":"urn:desktop-bgfjs91:OPCFoundation:CoreSampleServer","DisplayName":"nsu=http://opcfoundation.org/UA/Plc/Applications;s=RandomUnsignedInt32","Timestamp":"2024-04-27T09:30:33.9349896Z","Value":{"Value":1907380158,"SourceTimestamp":"2024-04-27T09:30:33.8420171Z","ServerTimestamp":"2024-04-27T09:30:33.8420184Z"},"SequenceNumber":82,"ExtensionFields":{}}