{"NodeId":"nsu=http://opcfoundation.org/UA/Plc/Applications;s=RandomUnsignedInt32","EndpointUrl":"opc.tcp://localhost:61457/UA/SampleServer","ApplicationUri":"urn:desktop-bgfjs91:OPCFoundation:CoreSampleServer","DisplayName":"nsu=http://opcfoundation.org/UA/Plc/Applications;s=RandomUnsignedInt32","Timestamp":"2024-04-27T09:30:34.9220316Z","Value":{"Value":367004838,"SourceTimestamp":"2024-04-27T09:30:34.8439782Z","ServerTimestamp":"2024-04-27T09:30:34.8439918Z"},"SequenceNumber":83,"ExtensionFields":{}}