{"NodeId":"nsu=http://opcfoundation.org/UA/Plc/Applications;s=RandomUnsignedInt32","EndpointUrl":"opc.tcp://localhost:61457/UA/SampleServer","ApplicationUri":"urn:desktop-bgfjs91:OPCFoundation:CoreSampleServer","DisplayName":"nsu=http://opcfoundation.org/UA/Plc/Applications;s=RandomUnsignedInt32","Timestamp":"2024-04-27T09:30:37.943088Z","Value":{"Value":1192422810,"SourceTimestamp":"2024-04-27T09:30:37.8339598Z","ServerTimestamp":"2024-04-27T09:30:37.8339608Z"},"SequenceNumber":85,"ExtensionFields":{}}