{"NodeId":"nsu=http://opcfoundation.org/UA/Plc/Applications;s=RandomUnsignedInt32","EndpointUrl":"opc.tcp://localhost:61457/UA/SampleServer","ApplicationUri":"urn:desktop-bgfjs91:OPCFoundation:CoreSampleServer","DisplayName":"nsu=http://opcfoundation.org/UA/Plc/Applications;s=RandomUnsignedInt32","Timestamp":"2024-04-27T09:30:38.936237Z","Value":{"Value":1026181244,"SourceTimestamp":"2024-04-27T09:30:38.842505Z","ServerTimestamp":"2024-04-27T09:30:38.8425058Z"},"SequenceNumber":86,"ExtensionFields":{}}