{"NodeId":"nsu=http://opcfoundation.org/UA/Plc/Applications;s=RandomUnsignedInt32","EndpointUrl":"opc.tcp://localhost:61457/UA/SampleServer","ApplicationUri":"urn:desktop-bgfjs91:OPCFoundation:CoreSampleServer","DisplayName":"nsu=http://opcfoundation.org/UA/Plc/Applications;s=RandomUnsignedInt32","Timestamp":"2024-04-27T09:30:39.9208903Z","Value":{"Value":1914972121,"SourceTimestamp":"2024-04-27T09:30:39.8438251Z","ServerTimestamp":"2024-04-27T09:30:39.8438263Z"},"SequenceNumber":87,"ExtensionFields":{}}