{"NodeId":"nsu=http://opcfoundation.org/UA/Plc/Applications;s=RandomUnsignedInt32","EndpointUrl":"opc.tcp://localhost:61457/UA/SampleServer","ApplicationUri":"urn:desktop-bgfjs91:OPCFoundation:CoreSampleServer","DisplayName":"nsu=http://opcfoundation.org/UA/Plc/Applications;s=RandomUnsignedInt32","Timestamp":"2024-04-27T09:30:43.9372864Z","Value":{"Value":462220866,"SourceTimestamp":"2024-04-27T09:30:43.8450948Z","ServerTimestamp":"2024-04-27T09:30:43.8451077Z"},"SequenceNumber":91,"ExtensionFields":{}}