{"NodeId":"nsu=http://opcfoundation.org/UA/Plc/Applications;s=RandomUnsignedInt32","EndpointUrl":"opc.tcp://localhost:61457/UA/SampleServer","ApplicationUri":"urn:desktop-bgfjs91:OPCFoundation:CoreSampleServer","DisplayName":"nsu=http://opcfoundation.org/UA/Plc/Applications;s=RandomUnsignedInt32","Timestamp":"2024-04-27T09:30:49.9401609Z","Value":{"Value":2050627117,"SourceTimestamp":"2024-04-27T09:30:49.832137Z","ServerTimestamp":"2024-04-27T09:30:49.8321381Z"},"SequenceNumber":96,"ExtensionFields":{}}