{"NodeId":"nsu=http://opcfoundation.org/UA/Plc/Applications;s=RandomUnsignedInt32","EndpointUrl":"opc.tcp://localhost:61457/UA/SampleServer","ApplicationUri":"urn:desktop-bgfjs91:OPCFoundation:CoreSampleServer","DisplayName":"nsu=http://opcfoundation.org/UA/Plc/Applications;s=RandomUnsignedInt32","Timestamp":"2024-04-27T09:30:51.9168531Z","Value":{"Value":1471862210,"SourceTimestamp":"2024-04-27T09:30:51.8395201Z","ServerTimestamp":"2024-04-27T09:30:51.8395246Z"},"SequenceNumber":98,"ExtensionFields":{}}