{"MessageId":"8242d768-7b35-4dba-ada3-766f2149ffb9","MessageType":"ua-data","PublisherId":"DESKTOP-BGFJS91","DataSetWriterGroup":"<<UnknownWriterGroup>>","Messages":[{"MetaDataVersion":{"MajorVersion":1},"MessageType":"ua-condition","DataSetWriterName":"<<UnknownDataSet>>|PendingAlarms","Payload":{"ConditionClassId":{"Value":{"Body":null},"SourceTimestamp":"2024-04-27T12:29:30.084429Z"},"ConditionClassName":{"Value":{"Body":null},"SourceTimestamp":"2024-04-27T12:29:30.084429Z"},"ConditionSubClassId":{"Value":{"Body":null},"SourceTimestamp":"2024-04-27T12:29:30.084429Z"},"ConditionSubClassName":{"Value":{"Body":null},"SourceTimestamp":"2024-04-27T12:29:30.084429Z"},"EventId":{"Value":{"Type":15,"Body":"slz0G6tZY0GlBF76cMcvXg=="},"SourceTimestamp":"2024-04-27T12:29:30.084429Z"},"EventType":{"Value":{"Type":17,"Body":{"Id":9764}},"SourceTimestamp":"2024-04-27T12:29:30.084429Z"},"LocalTime":{"Value":{"Type":22,"Body":{"TypeId":{"Id":15086},"Body":{"Offset":120,"DaylightSavingInOffset":true}}},"SourceTimestamp":"2024-04-27T12:29:30.084429Z"},"Message":{"Value":{"Type":21,"Body":{"Text":"The alarm severity has increased."}},"SourceTimestamp":"2024-04-27T12:29:30.084429Z"},"ReceiveTime":{"Value":{"Type":13,"Body":"2024-04-27T12:29:29.2666949Z"},"SourceTimestamp":"2024-04-27T12:29:30.084429Z"},"Severity":{"Value":{"Type":5,"Body":300},"SourceTimestamp":"2024-04-27T12:29:30.084429Z"},"SourceName":{"Value":{"Type":12,"Body":"EastTank"},"SourceTimestamp":"2024-04-27T12:29:30.084429Z"},"SourceNode":{"Value":{"Type":17,"Body":{"IdType":1,"Id":"1:Colours/EastTank","Namespace":15}},"SourceTimestamp":"2024-04-27T12:29:30.084429Z"},"Time":{"Value":{"Type":13,"Body":"2024-04-27T12:29:29.2666736Z"},"SourceTimestamp":"2024-04-27T12:29:30.084429Z"}}}]}