{"MessageId":"506ab057-5fe9-4c70-9ad5-3650b9b772ae","MessageType":"ua-data","PublisherId":"DESKTOP-BGFJS91","DataSetWriterGroup":"<<UnknownWriterGroup>>","Messages":[{"MetaDataVersion":{"MajorVersion":1},"MessageType":"ua-condition","DataSetWriterName":"<<UnknownDataSet>>|PendingAlarms","Payload":{"ConditionClassId":{"Value":{"Body":null},"SourceTimestamp":"2024-04-27T12:31:02.0580238Z"},"ConditionClassName":{"Value":{"Body":null},"SourceTimestamp":"2024-04-27T12:31:02.0580238Z"},"ConditionSubClassId":{"Value":{"Body":null},"SourceTimestamp":"2024-04-27T12:31:02.0580238Z"},"ConditionSubClassName":{"Value":{"Body":null},"SourceTimestamp":"2024-04-27T12:31:02.0580238Z"},"EventId":{"Value":{"Type":15,"Body":"QniV6UTw60GInD+lw6jJ6g=="},"SourceTimestamp":"2024-04-27T12:31:02.0580238Z"},"EventType":{"Value":{"Type":17,"Body":{"Id":9764}},"SourceTimestamp":"2024-04-27T12:31:02.0580238Z"},"LocalTime":{"Value":{"Type":22,"Body":{"TypeId":{"Id":15086},"Body":{"Offset":120,"DaylightSavingInOffset":true}}},"SourceTimestamp":"2024-04-27T12:31:02.0580238Z"},"Message":{"Value":{"Type":21,"Body":{"Text":"The alarm severity has increased."}},"SourceTimestamp":"2024-04-27T12:31:02.0580238Z"},"ReceiveTime":{"Value":{"Type":13,"Body":"2024-04-27T12:31:01.2673255Z"},"SourceTimestamp":"2024-04-27T12:31:02.0580238Z"},"Severity":{"Value":{"Type":5,"Body":900},"SourceTimestamp":"2024-04-27T12:31:02.0580238Z"},"SourceName":{"Value":{"Type":12,"Body":"WestTank"},"SourceTimestamp":"2024-04-27T12:31:02.0580238Z"},"SourceNode":{"Value":{"Type":17,"Body":{"IdType":1,"Id":"1:Metals/WestTank","Namespace":15}},"SourceTimestamp":"2024-04-27T12:31:02.0580238Z"},"Time":{"Value":{"Type":13,"Body":"2024-04-27T12:31:01.267322Z"},"SourceTimestamp":"2024-04-27T12:31:02.0580238Z"}}}]}