{"MessageId":"611f7a3d-6c0b-47df-b5db-5b3d08160930","MessageType":"ua-data","PublisherId":"DESKTOP-BGFJS91","DataSetWriterGroup":"<<UnknownWriterGroup>>","Messages":[{"MetaDataVersion":{"MajorVersion":1},"MessageType":"ua-condition","DataSetWriterName":"<<UnknownDataSet>>|PendingAlarms","Payload":{"ConditionClassId":{"Value":{"Body":null},"SourceTimestamp":"2024-04-27T12:31:06.0874453Z"},"ConditionClassName":{"Value":{"Body":null},"SourceTimestamp":"2024-04-27T12:31:06.0874453Z"},"ConditionSubClassId":{"Value":{"Body":null},"SourceTimestamp":"2024-04-27T12:31:06.0874453Z"},"ConditionSubClassName":{"Value":{"Body":null},"SourceTimestamp":"2024-04-27T12:31:06.0874453Z"},"EventId":{"Value":{"Type":15,"Body":"tDXAQ2TDdk+9zy+CMqUfnQ=="},"SourceTimestamp":"2024-04-27T12:31:06.0874453Z"},"EventType":{"Value":{"Type":17,"Body":{"Id":10751}},"SourceTimestamp":"2024-04-27T12:31:06.0874453Z"},"LocalTime":{"Value":{"Type":22,"Body":{"TypeId":{"Id":15086},"Body":{"Offset":120,"DaylightSavingInOffset":true}}},"SourceTimestamp":"2024-04-27T12:31:06.0874453Z"},"Message":{"Value":{"Type":21,"Body":{"Text":"The alarm severity has increased."}},"SourceTimestamp":"2024-04-27T12:31:06.0874453Z"},"ReceiveTime":{"Value":{"Type":13,"Body":"2024-04-27T12:31:05.2678471Z"},"SourceTimestamp":"2024-04-27T12:31:06.0874453Z"},"Severity":{"Value":{"Type":5,"Body":300},"SourceTimestamp":"2024-04-27T12:31:06.0874453Z"},"SourceName":{"Value":{"Type":12,"Body":"WestTank"},"SourceTimestamp":"2024-04-27T12:31:06.0874453Z"},"SourceNode":{"Value":{"Type":17,"Body":{"IdType":1,"Id":"1:Metals/WestTank","Namespace":15}},"SourceTimestamp":"2024-04-27T12:31:06.0874453Z"},"Time":{"Value":{"Type":13,"Body":"2024-04-27T12:31:05.2678398Z"},"SourceTimestamp":"2024-04-27T12:31:06.0874453Z"}}}]}