{"MessageId":"fefd37b4-cc77-4740-a314-029973dd3296","MessageType":"ua-data","PublisherId":"DESKTOP-BGFJS91","DataSetWriterGroup":"<<UnknownWriterGroup>>","Messages":[{"MetaDataVersion":{"MajorVersion":1},"MessageType":"ua-condition","DataSetWriterName":"<<UnknownDataSet>>|PendingAlarms","Payload":{"ConditionClassId":{"Value":{"Body":null},"SourceTimestamp":"2024-04-27T12:31:12.0523114Z"},"ConditionClassName":{"Value":{"Body":null},"SourceTimestamp":"2024-04-27T12:31:12.0523114Z"},"ConditionSubClassId":{"Value":{"Body":null},"SourceTimestamp":"2024-04-27T12:31:12.0523114Z"},"ConditionSubClassName":{"Value":{"Body":null},"SourceTimestamp":"2024-04-27T12:31:12.0523114Z"},"EventId":{"Value":{"Type":15,"Body":"Tz1IVHuA3EmdNY5B+pFTyw=="},"SourceTimestamp":"2024-04-27T12:31:12.0523114Z"},"EventType":{"Value":{"Type":17,"Body":{"Id":9764}},"SourceTimestamp":"2024-04-27T12:31:12.0523114Z"},"LocalTime":{"Value":{"Type":22,"Body":{"TypeId":{"Id":15086},"Body":{"Offset":120,"DaylightSavingInOffset":true}}},"SourceTimestamp":"2024-04-27T12:31:12.0523114Z"},"Message":{"Value":{"Type":21,"Body":{"Text":"The alarm severity has increased."}},"SourceTimestamp":"2024-04-27T12:31:12.0523114Z"},"ReceiveTime":{"Value":{"Type":13,"Body":"2024-04-27T12:31:11.2763665Z"},"SourceTimestamp":"2024-04-27T12:31:12.0523114Z"},"Severity":{"Value":{"Type":5,"Body":900},"SourceTimestamp":"2024-04-27T12:31:12.0523114Z"},"SourceName":{"Value":{"Type":12,"Body":"SouthMotor"},"SourceTimestamp":"2024-04-27T12:31:12.0523114Z"},"SourceNode":{"Value":{"Type":17,"Body":{"IdType":1,"Id":"1:Metals/SouthMotor","Namespace":15}},"SourceTimestamp":"2024-04-27T12:31:12.0523114Z"},"Time":{"Value":{"Type":13,"Body":"2024-04-27T12:31:11.276362Z"},"SourceTimestamp":"2024-04-27T12:31:12.0523114Z"}}}]}