{"MessageId":"39165135-ad64-42f1-8fc2-6db6fb6905ec","MessageType":"ua-data","PublisherId":"DESKTOP-BGFJS91","DataSetWriterGroup":"<<UnknownWriterGroup>>","Messages":[{"MetaDataVersion":{"MajorVersion":1},"MessageType":"ua-condition","DataSetWriterName":"<<UnknownDataSet>>|PendingAlarms","Payload":{"ConditionClassId":{"Value":{"Body":null},"SourceTimestamp":"2024-04-27T12:29:38.0818177Z"},"ConditionClassName":{"Value":{"Body":null},"SourceTimestamp":"2024-04-27T12:29:38.0818177Z"},"ConditionSubClassId":{"Value":{"Body":null},"SourceTimestamp":"2024-04-27T12:29:38.0818177Z"},"ConditionSubClassName":{"Value":{"Body":null},"SourceTimestamp":"2024-04-27T12:29:38.0818177Z"},"EventId":{"Value":{"Type":15,"Body":"0JeE6w+n+0uWP8ReDgxRGQ=="},"SourceTimestamp":"2024-04-27T12:29:38.0818177Z"},"EventType":{"Value":{"Type":17,"Body":{"Id":10060}},"SourceTimestamp":"2024-04-27T12:29:38.0818177Z"},"LocalTime":{"Value":{"Type":22,"Body":{"TypeId":{"Id":15086},"Body":{"Offset":120,"DaylightSavingInOffset":true}}},"SourceTimestamp":"2024-04-27T12:29:38.0818177Z"},"Message":{"Value":{"Type":21,"Body":{"Text":"The alarm severity has increased."}},"SourceTimestamp":"2024-04-27T12:29:38.0818177Z"},"ReceiveTime":{"Value":{"Type":13,"Body":"2024-04-27T12:29:37.2728322Z"},"SourceTimestamp":"2024-04-27T12:29:38.0818177Z"},"Severity":{"Value":{"Type":5,"Body":500},"SourceTimestamp":"2024-04-27T12:29:38.0818177Z"},"SourceName":{"Value":{"Type":12,"Body":"SouthMotor"},"SourceTimestamp":"2024-04-27T12:29:38.0818177Z"},"SourceNode":{"Value":{"Type":17,"Body":{"IdType":1,"Id":"1:Metals/SouthMotor","Namespace":15}},"SourceTimestamp":"2024-04-27T12:29:38.0818177Z"},"Time":{"Value":{"Type":13,"Body":"2024-04-27T12:29:37.2728274Z"},"SourceTimestamp":"2024-04-27T12:29:38.0818177Z"}}}]}