{"MessageId":"9fd9429a-4ea0-4057-896b-61337fdd2d84","MessageType":"ua-data","PublisherId":"DESKTOP-BGFJS91","DataSetWriterGroup":"<<UnknownWriterGroup>>","Messages":[{"MetaDataVersion":{"MajorVersion":1},"MessageType":"ua-condition","DataSetWriterName":"<<UnknownDataSet>>|PendingAlarms","Payload":{"ConditionClassId":{"Value":{"Body":null},"SourceTimestamp":"2024-04-27T12:29:40.0722828Z"},"ConditionClassName":{"Value":{"Body":null},"SourceTimestamp":"2024-04-27T12:29:40.0722828Z"},"ConditionSubClassId":{"Value":{"Body":null},"SourceTimestamp":"2024-04-27T12:29:40.0722828Z"},"ConditionSubClassName":{"Value":{"Body":null},"SourceTimestamp":"2024-04-27T12:29:40.0722828Z"},"EventId":{"Value":{"Type":15,"Body":"i82NCP/VXU+F3vkKipe4YA=="},"SourceTimestamp":"2024-04-27T12:29:40.0722828Z"},"EventType":{"Value":{"Type":17,"Body":{"Id":9764}},"SourceTimestamp":"2024-04-27T12:29:40.0722828Z"},"LocalTime":{"Value":{"Type":22,"Body":{"TypeId":{"Id":15086},"Body":{"Offset":120,"DaylightSavingInOffset":true}}},"SourceTimestamp":"2024-04-27T12:29:40.0722828Z"},"Message":{"Value":{"Type":21,"Body":{"Text":"The alarm severity has increased."}},"SourceTimestamp":"2024-04-27T12:29:40.0722828Z"},"ReceiveTime":{"Value":{"Type":13,"Body":"2024-04-27T12:29:39.2614993Z"},"SourceTimestamp":"2024-04-27T12:29:40.0722828Z"},"Severity":{"Value":{"Type":5,"Body":500},"SourceTimestamp":"2024-04-27T12:29:40.0722828Z"},"SourceName":{"Value":{"Type":12,"Body":"NorthMotor"},"SourceTimestamp":"2024-04-27T12:29:40.0722828Z"},"SourceNode":{"Value":{"Type":17,"Body":{"IdType":1,"Id":"1:Colours/NorthMotor","Namespace":15}},"SourceTimestamp":"2024-04-27T12:29:40.0722828Z"},"Time":{"Value":{"Type":13,"Body":"2024-04-27T12:29:39.2614893Z"},"SourceTimestamp":"2024-04-27T12:29:40.0722828Z"}}}]}