{"MessageId":"5d729a3d-6d7d-471c-af28-164acccb1c6d","MessageType":"ua-data","PublisherId":"DESKTOP-BGFJS91","DataSetWriterGroup":"<<UnknownWriterGroup>>","Messages":[{"MetaDataVersion":{"MajorVersion":1},"MessageType":"ua-condition","DataSetWriterName":"<<UnknownDataSet>>|PendingAlarms","Payload":{"ConditionClassId":{"Value":{"Body":null},"SourceTimestamp":"2024-04-27T12:29:42.0574068Z"},"ConditionClassName":{"Value":{"Body":null},"SourceTimestamp":"2024-04-27T12:29:42.0574068Z"},"ConditionSubClassId":{"Value":{"Body":null},"SourceTimestamp":"2024-04-27T12:29:42.0574068Z"},"ConditionSubClassName":{"Value":{"Body":null},"SourceTimestamp":"2024-04-27T12:29:42.0574068Z"},"EventId":{"Value":{"Type":15,"Body":"b50N3Jre20CYgoG/XTES+w=="},"SourceTimestamp":"2024-04-27T12:29:42.0574068Z"},"EventType":{"Value":{"Type":17,"Body":{"Id":10060}},"SourceTimestamp":"2024-04-27T12:29:42.0574068Z"},"LocalTime":{"Value":{"Type":22,"Body":{"TypeId":{"Id":15086},"Body":{"Offset":120,"DaylightSavingInOffset":true}}},"SourceTimestamp":"2024-04-27T12:29:42.0574068Z"},"Message":{"Value":{"Type":21,"Body":{"Text":"The alarm severity has increased."}},"SourceTimestamp":"2024-04-27T12:29:42.0574068Z"},"ReceiveTime":{"Value":{"Type":13,"Body":"2024-04-27T12:29:41.2689761Z"},"SourceTimestamp":"2024-04-27T12:29:42.0574068Z"},"Severity":{"Value":{"Type":5,"Body":500},"SourceTimestamp":"2024-04-27T12:29:42.0574068Z"},"SourceName":{"Value":{"Type":12,"Body":"NorthMotor"},"SourceTimestamp":"2024-04-27T12:29:42.0574068Z"},"SourceNode":{"Value":{"Type":17,"Body":{"IdType":1,"Id":"1:Colours/NorthMotor","Namespace":15}},"SourceTimestamp":"2024-04-27T12:29:42.0574068Z"},"Time":{"Value":{"Type":13,"Body":"2024-04-27T12:29:41.2689702Z"},"SourceTimestamp":"2024-04-27T12:29:42.0574068Z"}}}]}