{"MessageId":"9407212d-c372-4e20-9bec-98292db55928","MessageType":"ua-data","PublisherId":"DESKTOP-BGFJS91","DataSetWriterGroup":"<<UnknownWriterGroup>>","Messages":[{"MetaDataVersion":{"MajorVersion":1},"MessageType":"ua-condition","DataSetWriterName":"<<UnknownDataSet>>|PendingAlarms","Payload":{"ConditionClassId":{"Value":{"Body":null},"SourceTimestamp":"2024-04-27T12:29:33.0692055Z"},"ConditionClassName":{"Value":{"Body":null},"SourceTimestamp":"2024-04-27T12:29:33.0692055Z"},"ConditionSubClassId":{"Value":{"Body":null},"SourceTimestamp":"2024-04-27T12:29:33.0692055Z"},"ConditionSubClassName":{"Value":{"Body":null},"SourceTimestamp":"2024-04-27T12:29:33.0692055Z"},"EventId":{"Value":{"Type":15,"Body":"wZ/nrNrEDEmWcAkjoeDgyQ=="},"SourceTimestamp":"2024-04-27T12:29:33.0692055Z"},"EventType":{"Value":{"Type":17,"Body":{"Id":10751}},"SourceTimestamp":"2024-04-27T12:29:33.0692055Z"},"LocalTime":{"Value":{"Type":22,"Body":{"TypeId":{"Id":15086},"Body":{"Offset":120,"DaylightSavingInOffset":true}}},"SourceTimestamp":"2024-04-27T12:29:33.0692055Z"},"Message":{"Value":{"Type":21,"Body":{"Text":"The alarm severity has increased."}},"SourceTimestamp":"2024-04-27T12:29:33.0692055Z"},"ReceiveTime":{"Value":{"Type":13,"Body":"2024-04-27T12:29:32.2717891Z"},"SourceTimestamp":"2024-04-27T12:29:33.0692055Z"},"Severity":{"Value":{"Type":5,"Body":300},"SourceTimestamp":"2024-04-27T12:29:33.0692055Z"},"SourceName":{"Value":{"Type":12,"Body":"NorthMotor"},"SourceTimestamp":"2024-04-27T12:29:33.0692055Z"},"SourceNode":{"Value":{"Type":17,"Body":{"IdType":1,"Id":"1:Colours/NorthMotor","Namespace":15}},"SourceTimestamp":"2024-04-27T12:29:33.0692055Z"},"Time":{"Value":{"Type":13,"Body":"2024-04-27T12:29:32.2717614Z"},"SourceTimestamp":"2024-04-27T12:29:33.0692055Z"}}}]}