{"MessageId":"5dff01bf-b131-4568-bc3d-000c7dfb95f9","MessageType":"ua-data","PublisherId":"DESKTOP-BGFJS91","DataSetWriterGroup":"<<UnknownWriterGroup>>","Messages":[{"MetaDataVersion":{"MajorVersion":1},"MessageType":"ua-condition","DataSetWriterName":"<<UnknownDataSet>>|PendingAlarms","Payload":{"ConditionClassId":{"Value":{"Body":null},"SourceTimestamp":"2024-04-27T12:29:49.0624642Z"},"ConditionClassName":{"Value":{"Body":null},"SourceTimestamp":"2024-04-27T12:29:49.0624642Z"},"ConditionSubClassId":{"Value":{"Body":null},"SourceTimestamp":"2024-04-27T12:29:49.0624642Z"},"ConditionSubClassName":{"Value":{"Body":null},"SourceTimestamp":"2024-04-27T12:29:49.0624642Z"},"EventId":{"Value":{"Type":15,"Body":"4UZEGf1+nUOqqa1sPy7eqw=="},"SourceTimestamp":"2024-04-27T12:29:49.0624642Z"},"EventType":{"Value":{"Type":17,"Body":{"Id":10751}},"SourceTimestamp":"2024-04-27T12:29:49.0624642Z"},"LocalTime":{"Value":{"Type":22,"Body":{"TypeId":{"Id":15086},"Body":{"Offset":120,"DaylightSavingInOffset":true}}},"SourceTimestamp":"2024-04-27T12:29:49.0624642Z"},"Message":{"Value":{"Type":21,"Body":{"Text":"The alarm severity has increased."}},"SourceTimestamp":"2024-04-27T12:29:49.0624642Z"},"ReceiveTime":{"Value":{"Type":13,"Body":"2024-04-27T12:29:48.2631834Z"},"SourceTimestamp":"2024-04-27T12:29:49.0624642Z"},"Severity":{"Value":{"Type":5,"Body":700},"SourceTimestamp":"2024-04-27T12:29:49.0624642Z"},"SourceName":{"Value":{"Type":12,"Body":"SouthMotor"},"SourceTimestamp":"2024-04-27T12:29:49.0624642Z"},"SourceNode":{"Value":{"Type":17,"Body":{"IdType":1,"Id":"1:Metals/SouthMotor","Namespace":15}},"SourceTimestamp":"2024-04-27T12:29:49.0624642Z"},"Time":{"Value":{"Type":13,"Body":"2024-04-27T12:29:48.2631803Z"},"SourceTimestamp":"2024-04-27T12:29:49.0624642Z"}}}]}