{"MessageId":"80477dcc-f94e-4145-b805-2b354c060458","MessageType":"ua-data","PublisherId":"DESKTOP-BGFJS91","DataSetWriterGroup":"<<UnknownWriterGroup>>","Messages":[{"MetaDataVersion":{"MajorVersion":1},"MessageType":"ua-condition","DataSetWriterName":"<<UnknownDataSet>>|PendingAlarms","Payload":{"ConditionClassId":{"Value":{"Body":null},"SourceTimestamp":"2024-04-27T12:29:44.0973447Z"},"ConditionClassName":{"Value":{"Body":null},"SourceTimestamp":"2024-04-27T12:29:44.0973447Z"},"ConditionSubClassId":{"Value":{"Body":null},"SourceTimestamp":"2024-04-27T12:29:44.0973447Z"},"ConditionSubClassName":{"Value":{"Body":null},"SourceTimestamp":"2024-04-27T12:29:44.0973447Z"},"EventId":{"Value":{"Type":15,"Body":"6mMlulmv8UqMjAKDqOnx8w=="},"SourceTimestamp":"2024-04-27T12:29:44.0973447Z"},"EventType":{"Value":{"Type":17,"Body":{"Id":9764}},"SourceTimestamp":"2024-04-27T12:29:44.0973447Z"},"LocalTime":{"Value":{"Type":22,"Body":{"TypeId":{"Id":15086},"Body":{"Offset":120,"DaylightSavingInOffset":true}}},"SourceTimestamp":"2024-04-27T12:29:44.0973447Z"},"Message":{"Value":{"Type":21,"Body":{"Text":"The alarm severity has increased."}},"SourceTimestamp":"2024-04-27T12:29:44.0973447Z"},"ReceiveTime":{"Value":{"Type":13,"Body":"2024-04-27T12:29:43.2651412Z"},"SourceTimestamp":"2024-04-27T12:29:44.0973447Z"},"Severity":{"Value":{"Type":5,"Body":500},"SourceTimestamp":"2024-04-27T12:29:44.0973447Z"},"SourceName":{"Value":{"Type":12,"Body":"SouthMotor"},"SourceTimestamp":"2024-04-27T12:29:44.0973447Z"},"SourceNode":{"Value":{"Type":17,"Body":{"IdType":1,"Id":"1:Metals/SouthMotor","Namespace":15}},"SourceTimestamp":"2024-04-27T12:29:44.0973447Z"},"Time":{"Value":{"Type":13,"Body":"2024-04-27T12:29:43.2651381Z"},"SourceTimestamp":"2024-04-27T12:29:44.0973447Z"}}}]}