{"MessageId":"7e7aab34-5532-4aaf-b8cd-ad36e4b7ed12","MessageType":"ua-data","PublisherId":"DESKTOP-BGFJS91","DataSetWriterGroup":"<<UnknownWriterGroup>>","Messages":[{"MetaDataVersion":{"MajorVersion":1},"MessageType":"ua-condition","DataSetWriterName":"<<UnknownDataSet>>|PendingAlarms","Payload":{"ConditionClassId":{"Value":{"Body":null},"SourceTimestamp":"2024-04-27T12:30:02.0760783Z"},"ConditionClassName":{"Value":{"Body":null},"SourceTimestamp":"2024-04-27T12:30:02.0760783Z"},"ConditionSubClassId":{"Value":{"Body":null},"SourceTimestamp":"2024-04-27T12:30:02.0760783Z"},"ConditionSubClassName":{"Value":{"Body":null},"SourceTimestamp":"2024-04-27T12:30:02.0760783Z"},"EventId":{"Value":{"Type":15,"Body":"WStrMwi5pUGTidi6n9rsrQ=="},"SourceTimestamp":"2024-04-27T12:30:02.0760783Z"},"EventType":{"Value":{"Type":17,"Body":{"Id":9764}},"SourceTimestamp":"2024-04-27T12:30:02.0760783Z"},"LocalTime":{"Value":{"Type":22,"Body":{"TypeId":{"Id":15086},"Body":{"Offset":120,"DaylightSavingInOffset":true}}},"SourceTimestamp":"2024-04-27T12:30:02.0760783Z"},"Message":{"Value":{"Type":21,"Body":{"Text":"The alarm was deactivated by the system."}},"SourceTimestamp":"2024-04-27T12:30:02.0760783Z"},"ReceiveTime":{"Value":{"Type":13,"Body":"2024-04-27T12:30:01.2665145Z"},"SourceTimestamp":"2024-04-27T12:30:02.0760783Z"},"Severity":{"Value":{"Type":5,"Body":100},"SourceTimestamp":"2024-04-27T12:30:02.0760783Z"},"SourceName":{"Value":{"Type":12,"Body":"EastTank"},"SourceTimestamp":"2024-04-27T12:30:02.0760783Z"},"SourceNode":{"Value":{"Type":17,"Body":{"IdType":1,"Id":"1:Colours/EastTank","Namespace":15}},"SourceTimestamp":"2024-04-27T12:30:02.0760783Z"},"Time":{"Value":{"Type":13,"Body":"2024-04-27T12:30:01.2664962Z"},"SourceTimestamp":"2024-04-27T12:30:02.0760783Z"}}}]}