{"MessageId":"acd8aa35-488e-4c94-8a2e-f1f6afcc2069","MessageType":"ua-data","PublisherId":"DESKTOP-BGFJS91","DataSetWriterGroup":"<<UnknownWriterGroup>>","Messages":[{"MetaDataVersion":{"MajorVersion":1},"MessageType":"ua-condition","DataSetWriterName":"<<UnknownDataSet>>|PendingAlarms","Payload":{"ConditionClassId":{"Value":{"Body":null},"SourceTimestamp":"2024-04-27T12:29:58.0488538Z"},"ConditionClassName":{"Value":{"Body":null},"SourceTimestamp":"2024-04-27T12:29:58.0488538Z"},"ConditionSubClassId":{"Value":{"Body":null},"SourceTimestamp":"2024-04-27T12:29:58.0488538Z"},"ConditionSubClassName":{"Value":{"Body":null},"SourceTimestamp":"2024-04-27T12:29:58.0488538Z"},"EventId":{"Value":{"Type":15,"Body":"1GnIAjPyakeJPl+McisQCg=="},"SourceTimestamp":"2024-04-27T12:29:58.0488538Z"},"EventType":{"Value":{"Type":17,"Body":{"Id":9764}},"SourceTimestamp":"2024-04-27T12:29:58.0488538Z"},"LocalTime":{"Value":{"Type":22,"Body":{"TypeId":{"Id":15086},"Body":{"Offset":120,"DaylightSavingInOffset":true}}},"SourceTimestamp":"2024-04-27T12:29:58.0488538Z"},"Message":{"Value":{"Type":21,"Body":{"Text":"The alarm severity has increased."}},"SourceTimestamp":"2024-04-27T12:29:58.0488538Z"},"ReceiveTime":{"Value":{"Type":13,"Body":"2024-04-27T12:29:57.2739496Z"},"SourceTimestamp":"2024-04-27T12:29:58.0488538Z"},"Severity":{"Value":{"Type":5,"Body":900},"SourceTimestamp":"2024-04-27T12:29:58.0488538Z"},"SourceName":{"Value":{"Type":12,"Body":"NorthMotor"},"SourceTimestamp":"2024-04-27T12:29:58.0488538Z"},"SourceNode":{"Value":{"Type":17,"Body":{"IdType":1,"Id":"1:Colours/NorthMotor","Namespace":15}},"SourceTimestamp":"2024-04-27T12:29:58.0488538Z"},"Time":{"Value":{"Type":13,"Body":"2024-04-27T12:29:57.2739418Z"},"SourceTimestamp":"2024-04-27T12:29:58.0488538Z"}}}]}