{"MessageId":"952e2881-548e-407d-b0dc-fe91658670c5","MessageType":"ua-data","PublisherId":"DESKTOP-BGFJS91","DataSetWriterGroup":"<<UnknownWriterGroup>>","Messages":[{"MetaDataVersion":{"MajorVersion":1},"MessageType":"ua-condition","DataSetWriterName":"<<UnknownDataSet>>|PendingAlarms","Payload":{"ConditionClassId":{"Value":{"Body":null},"SourceTimestamp":"2024-04-27T12:29:55.0784202Z"},"ConditionClassName":{"Value":{"Body":null},"SourceTimestamp":"2024-04-27T12:29:55.0784202Z"},"ConditionSubClassId":{"Value":{"Body":null},"SourceTimestamp":"2024-04-27T12:29:55.0784202Z"},"ConditionSubClassName":{"Value":{"Body":null},"SourceTimestamp":"2024-04-27T12:29:55.0784202Z"},"EventId":{"Value":{"Type":15,"Body":"Jc8v9gQorUei5wsfVWQDfw=="},"SourceTimestamp":"2024-04-27T12:29:55.0784202Z"},"EventType":{"Value":{"Type":17,"Body":{"Id":10060}},"SourceTimestamp":"2024-04-27T12:29:55.0784202Z"},"LocalTime":{"Value":{"Type":22,"Body":{"TypeId":{"Id":15086},"Body":{"Offset":120,"DaylightSavingInOffset":true}}},"SourceTimestamp":"2024-04-27T12:29:55.0784202Z"},"Message":{"Value":{"Type":21,"Body":{"Text":"The alarm severity has increased."}},"SourceTimestamp":"2024-04-27T12:29:55.0784202Z"},"ReceiveTime":{"Value":{"Type":13,"Body":"2024-04-27T12:29:54.2598771Z"},"SourceTimestamp":"2024-04-27T12:29:55.0784202Z"},"Severity":{"Value":{"Type":5,"Body":700},"SourceTimestamp":"2024-04-27T12:29:55.0784202Z"},"SourceName":{"Value":{"Type":12,"Body":"WestTank"},"SourceTimestamp":"2024-04-27T12:29:55.0784202Z"},"SourceNode":{"Value":{"Type":17,"Body":{"IdType":1,"Id":"1:Metals/WestTank","Namespace":15}},"SourceTimestamp":"2024-04-27T12:29:55.0784202Z"},"Time":{"Value":{"Type":13,"Body":"2024-04-27T12:29:54.2598695Z"},"SourceTimestamp":"2024-04-27T12:29:55.0784202Z"}}}]}