{"MessageId":"9f484a37-18fb-423e-9aeb-940ad3e54cb5","MessageType":"ua-data","PublisherId":"DESKTOP-BGFJS91","DataSetWriterGroup":"<<UnknownWriterGroup>>","Messages":[{"MetaDataVersion":{"MajorVersion":1},"MessageType":"ua-condition","DataSetWriterName":"<<UnknownDataSet>>|PendingAlarms","Payload":{"ConditionClassId":{"Value":{"Body":null},"SourceTimestamp":"2024-04-27T12:30:10.0598796Z"},"ConditionClassName":{"Value":{"Body":null},"SourceTimestamp":"2024-04-27T12:30:10.0598796Z"},"ConditionSubClassId":{"Value":{"Body":null},"SourceTimestamp":"2024-04-27T12:30:10.0598796Z"},"ConditionSubClassName":{"Value":{"Body":null},"SourceTimestamp":"2024-04-27T12:30:10.0598796Z"},"EventId":{"Value":{"Type":15,"Body":"jwJPO0hMVE2QYr2fX6RmIQ=="},"SourceTimestamp":"2024-04-27T12:30:10.0598796Z"},"EventType":{"Value":{"Type":17,"Body":{"Id":9764}},"SourceTimestamp":"2024-04-27T12:30:10.0598796Z"},"LocalTime":{"Value":{"Type":22,"Body":{"TypeId":{"Id":15086},"Body":{"Offset":120,"DaylightSavingInOffset":true}}},"SourceTimestamp":"2024-04-27T12:30:10.0598796Z"},"Message":{"Value":{"Type":21,"Body":{"Text":"The alarm is active."}},"SourceTimestamp":"2024-04-27T12:30:10.0598796Z"},"ReceiveTime":{"Value":{"Type":13,"Body":"2024-04-27T12:30:09.2741883Z"},"SourceTimestamp":"2024-04-27T12:30:10.0598796Z"},"Severity":{"Value":{"Type":5,"Body":100},"SourceTimestamp":"2024-04-27T12:30:10.0598796Z"},"SourceName":{"Value":{"Type":12,"Body":"EastTank"},"SourceTimestamp":"2024-04-27T12:30:10.0598796Z"},"SourceNode":{"Value":{"Type":17,"Body":{"IdType":1,"Id":"1:Colours/EastTank","Namespace":15}},"SourceTimestamp":"2024-04-27T12:30:10.0598796Z"},"Time":{"Value":{"Type":13,"Body":"2024-04-27T12:30:09.2741658Z"},"SourceTimestamp":"2024-04-27T12:30:10.0598796Z"}}}]}