{"MessageId":"9b608f99-50c1-4acf-a71d-2ca5db229144","MessageType":"ua-data","PublisherId":"DESKTOP-BGFJS91","DataSetWriterGroup":"<<UnknownWriterGroup>>","Messages":[{"MetaDataVersion":{"MajorVersion":1},"MessageType":"ua-condition","DataSetWriterName":"<<UnknownDataSet>>|PendingAlarms","Payload":{"ConditionClassId":{"Value":{"Body":null},"SourceTimestamp":"2024-04-27T12:30:07.0902913Z"},"ConditionClassName":{"Value":{"Body":null},"SourceTimestamp":"2024-04-27T12:30:07.0902913Z"},"ConditionSubClassId":{"Value":{"Body":null},"SourceTimestamp":"2024-04-27T12:30:07.0902913Z"},"ConditionSubClassName":{"Value":{"Body":null},"SourceTimestamp":"2024-04-27T12:30:07.0902913Z"},"EventId":{"Value":{"Type":15,"Body":"K+3nTaQImk2gs/d6VBigUQ=="},"SourceTimestamp":"2024-04-27T12:30:07.0902913Z"},"EventType":{"Value":{"Type":17,"Body":{"Id":9764}},"SourceTimestamp":"2024-04-27T12:30:07.0902913Z"},"LocalTime":{"Value":{"Type":22,"Body":{"TypeId":{"Id":15086},"Body":{"Offset":120,"DaylightSavingInOffset":true}}},"SourceTimestamp":"2024-04-27T12:30:07.0902913Z"},"Message":{"Value":{"Type":21,"Body":{"Text":"The alarm was deactivated by the system."}},"SourceTimestamp":"2024-04-27T12:30:07.0902913Z"},"ReceiveTime":{"Value":{"Type":13,"Body":"2024-04-27T12:30:06.2643337Z"},"SourceTimestamp":"2024-04-27T12:30:07.0902913Z"},"Severity":{"Value":{"Type":5,"Body":100},"SourceTimestamp":"2024-04-27T12:30:07.0902913Z"},"SourceName":{"Value":{"Type":12,"Body":"NorthMotor"},"SourceTimestamp":"2024-04-27T12:30:07.0902913Z"},"SourceNode":{"Value":{"Type":17,"Body":{"IdType":1,"Id":"1:Colours/NorthMotor","Namespace":15}},"SourceTimestamp":"2024-04-27T12:30:07.0902913Z"},"Time":{"Value":{"Type":13,"Body":"2024-04-27T12:30:06.2642991Z"},"SourceTimestamp":"2024-04-27T12:30:07.0902913Z"}}}]}