{"MessageId":"11789a7f-d2f0-47ed-8f60-2359346deeda","MessageType":"ua-data","PublisherId":"DESKTOP-BGFJS91","DataSetWriterGroup":"<<UnknownWriterGroup>>","Messages":[{"MetaDataVersion":{"MajorVersion":1},"MessageType":"ua-condition","DataSetWriterName":"<<UnknownDataSet>>|PendingAlarms","Payload":{"ConditionClassId":{"Value":{"Body":null},"SourceTimestamp":"2024-04-27T12:30:10.0598796Z"},"ConditionClassName":{"Value":{"Body":null},"SourceTimestamp":"2024-04-27T12:30:10.0598796Z"},"ConditionSubClassId":{"Value":{"Body":null},"SourceTimestamp":"2024-04-27T12:30:10.0598796Z"},"ConditionSubClassName":{"Value":{"Body":null},"SourceTimestamp":"2024-04-27T12:30:10.0598796Z"},"EventId":{"Value":{"Type":15,"Body":"RobxLgeYW0K+wfGWMNxz7g=="},"SourceTimestamp":"2024-04-27T12:30:10.0598796Z"},"EventType":{"Value":{"Type":17,"Body":{"Id":10751}},"SourceTimestamp":"2024-04-27T12:30:10.0598796Z"},"LocalTime":{"Value":{"Type":22,"Body":{"TypeId":{"Id":15086},"Body":{"Offset":120,"DaylightSavingInOffset":true}}},"SourceTimestamp":"2024-04-27T12:30:10.0598796Z"},"Message":{"Value":{"Type":21,"Body":{"Text":"The alarm is active."}},"SourceTimestamp":"2024-04-27T12:30:10.0598796Z"},"ReceiveTime":{"Value":{"Type":13,"Body":"2024-04-27T12:30:09.2747326Z"},"SourceTimestamp":"2024-04-27T12:30:10.0598796Z"},"Severity":{"Value":{"Type":5,"Body":100},"SourceTimestamp":"2024-04-27T12:30:10.0598796Z"},"SourceName":{"Value":{"Type":12,"Body":"WestTank"},"SourceTimestamp":"2024-04-27T12:30:10.0598796Z"},"SourceNode":{"Value":{"Type":17,"Body":{"IdType":1,"Id":"1:Metals/WestTank","Namespace":15}},"SourceTimestamp":"2024-04-27T12:30:10.0598796Z"},"Time":{"Value":{"Type":13,"Body":"2024-04-27T12:30:09.274703Z"},"SourceTimestamp":"2024-04-27T12:30:10.0598796Z"}}}]}