{"MessageId":"addc73a4-e6cd-4bcd-ac5d-1320e0d831ce","MessageType":"ua-data","PublisherId":"DESKTOP-BGFJS91","DataSetWriterGroup":"<<UnknownWriterGroup>>","Messages":[{"MetaDataVersion":{"MajorVersion":1},"MessageType":"ua-condition","DataSetWriterName":"<<UnknownDataSet>>|PendingAlarms","Payload":{"ConditionClassId":{"Value":{"Body":null},"SourceTimestamp":"2024-04-27T12:30:06.0944911Z"},"ConditionClassName":{"Value":{"Body":null},"SourceTimestamp":"2024-04-27T12:30:06.0944911Z"},"ConditionSubClassId":{"Value":{"Body":null},"SourceTimestamp":"2024-04-27T12:30:06.0944911Z"},"ConditionSubClassName":{"Value":{"Body":null},"SourceTimestamp":"2024-04-27T12:30:06.0944911Z"},"EventId":{"Value":{"Type":15,"Body":"E3fe9k0Ok0eELS84v3nbaQ=="},"SourceTimestamp":"2024-04-27T12:30:06.0944911Z"},"EventType":{"Value":{"Type":17,"Body":{"Id":10751}},"SourceTimestamp":"2024-04-27T12:30:06.0944911Z"},"LocalTime":{"Value":{"Type":22,"Body":{"TypeId":{"Id":15086},"Body":{"Offset":120,"DaylightSavingInOffset":true}}},"SourceTimestamp":"2024-04-27T12:30:06.0944911Z"},"Message":{"Value":{"Type":21,"Body":{"Text":"The alarm severity has increased."}},"SourceTimestamp":"2024-04-27T12:30:06.0944911Z"},"ReceiveTime":{"Value":{"Type":13,"Body":"2024-04-27T12:30:05.272675Z"},"SourceTimestamp":"2024-04-27T12:30:06.0944911Z"},"Severity":{"Value":{"Type":5,"Body":900},"SourceTimestamp":"2024-04-27T12:30:06.0944911Z"},"SourceName":{"Value":{"Type":12,"Body":"NorthMotor"},"SourceTimestamp":"2024-04-27T12:30:06.0944911Z"},"SourceNode":{"Value":{"Type":17,"Body":{"IdType":1,"Id":"1:Colours/NorthMotor","Namespace":15}},"SourceTimestamp":"2024-04-27T12:30:06.0944911Z"},"Time":{"Value":{"Type":13,"Body":"2024-04-27T12:30:05.2726518Z"},"SourceTimestamp":"2024-04-27T12:30:06.0944911Z"}}}]}