{"MessageId":"ca39cfba-3d97-4b78-9be6-167571ce77e6","MessageType":"ua-data","PublisherId":"DESKTOP-BGFJS91","DataSetWriterGroup":"<<UnknownWriterGroup>>","Messages":[{"MetaDataVersion":{"MajorVersion":1},"MessageType":"ua-condition","DataSetWriterName":"<<UnknownDataSet>>|PendingAlarms","Payload":{"ConditionClassId":{"Value":{"Body":null},"SourceTimestamp":"2024-04-27T12:29:31.0832802Z"},"ConditionClassName":{"Value":{"Body":null},"SourceTimestamp":"2024-04-27T12:29:31.0832802Z"},"ConditionSubClassId":{"Value":{"Body":null},"SourceTimestamp":"2024-04-27T12:29:31.0832802Z"},"ConditionSubClassName":{"Value":{"Body":null},"SourceTimestamp":"2024-04-27T12:29:31.0832802Z"},"EventId":{"Value":{"Type":15,"Body":"Wn/LEhROYUybjAFe0iD6AQ=="},"SourceTimestamp":"2024-04-27T12:29:31.0832802Z"},"EventType":{"Value":{"Type":17,"Body":{"Id":9764}},"SourceTimestamp":"2024-04-27T12:29:31.0832802Z"},"LocalTime":{"Value":{"Type":22,"Body":{"TypeId":{"Id":15086},"Body":{"Offset":120,"DaylightSavingInOffset":true}}},"SourceTimestamp":"2024-04-27T12:29:31.0832802Z"},"Message":{"Value":{"Type":21,"Body":{"Text":"The alarm severity has increased."}},"SourceTimestamp":"2024-04-27T12:29:31.0832802Z"},"ReceiveTime":{"Value":{"Type":13,"Body":"2024-04-27T12:29:30.2717038Z"},"SourceTimestamp":"2024-04-27T12:29:31.0832802Z"},"Severity":{"Value":{"Type":5,"Body":300},"SourceTimestamp":"2024-04-27T12:29:31.0832802Z"},"SourceName":{"Value":{"Type":12,"Body":"NorthMotor"},"SourceTimestamp":"2024-04-27T12:29:31.0832802Z"},"SourceNode":{"Value":{"Type":17,"Body":{"IdType":1,"Id":"1:Colours/NorthMotor","Namespace":15}},"SourceTimestamp":"2024-04-27T12:29:31.0832802Z"},"Time":{"Value":{"Type":13,"Body":"2024-04-27T12:29:30.271697Z"},"SourceTimestamp":"2024-04-27T12:29:31.0832802Z"}}}]}