{"MessageId":"d4ded353-8580-4335-88d7-d76328c91a22","MessageType":"ua-data","PublisherId":"DESKTOP-BGFJS91","DataSetWriterGroup":"<<UnknownWriterGroup>>","Messages":[{"MetaDataVersion":{"MajorVersion":1},"MessageType":"ua-condition","DataSetWriterName":"<<UnknownDataSet>>|PendingAlarms","Payload":{"ConditionClassId":{"Value":{"Body":null},"SourceTimestamp":"2024-04-27T12:30:06.0944911Z"},"ConditionClassName":{"Value":{"Body":null},"SourceTimestamp":"2024-04-27T12:30:06.0944911Z"},"ConditionSubClassId":{"Value":{"Body":null},"SourceTimestamp":"2024-04-27T12:30:06.0944911Z"},"ConditionSubClassName":{"Value":{"Body":null},"SourceTimestamp":"2024-04-27T12:30:06.0944911Z"},"EventId":{"Value":{"Type":15,"Body":"Ay6yBgl3/EeRocSf4RYO+w=="},"SourceTimestamp":"2024-04-27T12:30:06.0944911Z"},"EventType":{"Value":{"Type":17,"Body":{"Id":9764}},"SourceTimestamp":"2024-04-27T12:30:06.0944911Z"},"LocalTime":{"Value":{"Type":22,"Body":{"TypeId":{"Id":15086},"Body":{"Offset":120,"DaylightSavingInOffset":true}}},"SourceTimestamp":"2024-04-27T12:30:06.0944911Z"},"Message":{"Value":{"Type":21,"Body":{"Text":"The alarm severity has increased."}},"SourceTimestamp":"2024-04-27T12:30:06.0944911Z"},"ReceiveTime":{"Value":{"Type":13,"Body":"2024-04-27T12:30:05.273604Z"},"SourceTimestamp":"2024-04-27T12:30:06.0944911Z"},"Severity":{"Value":{"Type":5,"Body":900},"SourceTimestamp":"2024-04-27T12:30:06.0944911Z"},"SourceName":{"Value":{"Type":12,"Body":"SouthMotor"},"SourceTimestamp":"2024-04-27T12:30:06.0944911Z"},"SourceNode":{"Value":{"Type":17,"Body":{"IdType":1,"Id":"1:Metals/SouthMotor","Namespace":15}},"SourceTimestamp":"2024-04-27T12:30:06.0944911Z"},"Time":{"Value":{"Type":13,"Body":"2024-04-27T12:30:05.2736002Z"},"SourceTimestamp":"2024-04-27T12:30:06.0944911Z"}}}]}