{"MessageId":"22a2845b-d3ca-4904-8af2-5642dd189188","MessageType":"ua-data","PublisherId":"DESKTOP-BGFJS91","DataSetWriterGroup":"<<UnknownWriterGroup>>","Messages":[{"MetaDataVersion":{"MajorVersion":1},"MessageType":"ua-condition","DataSetWriterName":"<<UnknownDataSet>>|PendingAlarms","Payload":{"ConditionClassId":{"Value":{"Body":null},"SourceTimestamp":"2024-04-27T12:30:18.0882186Z"},"ConditionClassName":{"Value":{"Body":null},"SourceTimestamp":"2024-04-27T12:30:18.0882186Z"},"ConditionSubClassId":{"Value":{"Body":null},"SourceTimestamp":"2024-04-27T12:30:18.0882186Z"},"ConditionSubClassName":{"Value":{"Body":null},"SourceTimestamp":"2024-04-27T12:30:18.0882186Z"},"EventId":{"Value":{"Type":15,"Body":"nhB5RfA4I0OBGTvT1uP2dg=="},"SourceTimestamp":"2024-04-27T12:30:18.0882186Z"},"EventType":{"Value":{"Type":17,"Body":{"Id":10060}},"SourceTimestamp":"2024-04-27T12:30:18.0882186Z"},"LocalTime":{"Value":{"Type":22,"Body":{"TypeId":{"Id":15086},"Body":{"Offset":120,"DaylightSavingInOffset":true}}},"SourceTimestamp":"2024-04-27T12:30:18.0882186Z"},"Message":{"Value":{"Type":21,"Body":{"Text":"The alarm severity has increased."}},"SourceTimestamp":"2024-04-27T12:30:18.0882186Z"},"ReceiveTime":{"Value":{"Type":13,"Body":"2024-04-27T12:30:17.2698233Z"},"SourceTimestamp":"2024-04-27T12:30:18.0882186Z"},"Severity":{"Value":{"Type":5,"Body":300},"SourceTimestamp":"2024-04-27T12:30:18.0882186Z"},"SourceName":{"Value":{"Type":12,"Body":"SouthMotor"},"SourceTimestamp":"2024-04-27T12:30:18.0882186Z"},"SourceNode":{"Value":{"Type":17,"Body":{"IdType":1,"Id":"1:Metals/SouthMotor","Namespace":15}},"SourceTimestamp":"2024-04-27T12:30:18.0882186Z"},"Time":{"Value":{"Type":13,"Body":"2024-04-27T12:30:17.2698186Z"},"SourceTimestamp":"2024-04-27T12:30:18.0882186Z"}}}]}