{"MessageId":"386e5f4b-8866-45de-8a40-bdac8fd7cdc6","MessageType":"ua-data","PublisherId":"DESKTOP-BGFJS91","DataSetWriterGroup":"<<UnknownWriterGroup>>","Messages":[{"MetaDataVersion":{"MajorVersion":1},"MessageType":"ua-condition","DataSetWriterName":"<<UnknownDataSet>>|PendingAlarms","Payload":{"ConditionClassId":{"Value":{"Body":null},"SourceTimestamp":"2024-04-27T12:30:18.0882186Z"},"ConditionClassName":{"Value":{"Body":null},"SourceTimestamp":"2024-04-27T12:30:18.0882186Z"},"ConditionSubClassId":{"Value":{"Body":null},"SourceTimestamp":"2024-04-27T12:30:18.0882186Z"},"ConditionSubClassName":{"Value":{"Body":null},"SourceTimestamp":"2024-04-27T12:30:18.0882186Z"},"EventId":{"Value":{"Type":15,"Body":"zleTiOH8HEC4FD3W+QXkkw=="},"SourceTimestamp":"2024-04-27T12:30:18.0882186Z"},"EventType":{"Value":{"Type":17,"Body":{"Id":10751}},"SourceTimestamp":"2024-04-27T12:30:18.0882186Z"},"LocalTime":{"Value":{"Type":22,"Body":{"TypeId":{"Id":15086},"Body":{"Offset":120,"DaylightSavingInOffset":true}}},"SourceTimestamp":"2024-04-27T12:30:18.0882186Z"},"Message":{"Value":{"Type":21,"Body":{"Text":"The alarm severity has increased."}},"SourceTimestamp":"2024-04-27T12:30:18.0882186Z"},"ReceiveTime":{"Value":{"Type":13,"Body":"2024-04-27T12:30:17.2696891Z"},"SourceTimestamp":"2024-04-27T12:30:18.0882186Z"},"Severity":{"Value":{"Type":5,"Body":300},"SourceTimestamp":"2024-04-27T12:30:18.0882186Z"},"SourceName":{"Value":{"Type":12,"Body":"WestTank"},"SourceTimestamp":"2024-04-27T12:30:18.0882186Z"},"SourceNode":{"Value":{"Type":17,"Body":{"IdType":1,"Id":"1:Metals/WestTank","Namespace":15}},"SourceTimestamp":"2024-04-27T12:30:18.0882186Z"},"Time":{"Value":{"Type":13,"Body":"2024-04-27T12:30:17.2696808Z"},"SourceTimestamp":"2024-04-27T12:30:18.0882186Z"}}}]}