{"MessageId":"02fa8b6c-8336-4c19-af96-7d0eb1b5bfa3","MessageType":"ua-data","PublisherId":"DESKTOP-BGFJS91","DataSetWriterGroup":"<<UnknownWriterGroup>>","Messages":[{"MetaDataVersion":{"MajorVersion":1},"MessageType":"ua-condition","DataSetWriterName":"<<UnknownDataSet>>|PendingAlarms","Payload":{"ConditionClassId":{"Value":{"Body":null},"SourceTimestamp":"2024-04-27T12:30:26.098374Z"},"ConditionClassName":{"Value":{"Body":null},"SourceTimestamp":"2024-04-27T12:30:26.098374Z"},"ConditionSubClassId":{"Value":{"Body":null},"SourceTimestamp":"2024-04-27T12:30:26.098374Z"},"ConditionSubClassName":{"Value":{"Body":null},"SourceTimestamp":"2024-04-27T12:30:26.098374Z"},"EventId":{"Value":{"Type":15,"Body":"/XKQw0soWUqySQQ2cgM5mw=="},"SourceTimestamp":"2024-04-27T12:30:26.098374Z"},"EventType":{"Value":{"Type":17,"Body":{"Id":9764}},"SourceTimestamp":"2024-04-27T12:30:26.098374Z"},"LocalTime":{"Value":{"Type":22,"Body":{"TypeId":{"Id":15086},"Body":{"Offset":120,"DaylightSavingInOffset":true}}},"SourceTimestamp":"2024-04-27T12:30:26.098374Z"},"Message":{"Value":{"Type":21,"Body":{"Text":"The alarm severity has increased."}},"SourceTimestamp":"2024-04-27T12:30:26.098374Z"},"ReceiveTime":{"Value":{"Type":13,"Body":"2024-04-27T12:30:25.2658235Z"},"SourceTimestamp":"2024-04-27T12:30:26.098374Z"},"Severity":{"Value":{"Type":5,"Body":500},"SourceTimestamp":"2024-04-27T12:30:26.098374Z"},"SourceName":{"Value":{"Type":12,"Body":"EastTank"},"SourceTimestamp":"2024-04-27T12:30:26.098374Z"},"SourceNode":{"Value":{"Type":17,"Body":{"IdType":1,"Id":"1:Colours/EastTank","Namespace":15}},"SourceTimestamp":"2024-04-27T12:30:26.098374Z"},"Time":{"Value":{"Type":13,"Body":"2024-04-27T12:30:25.2658091Z"},"SourceTimestamp":"2024-04-27T12:30:26.098374Z"}}}]}