{"MessageId":"f62715ee-1d77-492e-92ee-c70cfcdbc35f","MessageType":"ua-data","PublisherId":"DESKTOP-BGFJS91","DataSetWriterGroup":"<<UnknownWriterGroup>>","Messages":[{"MetaDataVersion":{"MajorVersion":1},"MessageType":"ua-condition","DataSetWriterName":"<<UnknownDataSet>>|PendingAlarms","Payload":{"ConditionClassId":{"Value":{"Body":null},"SourceTimestamp":"2024-04-27T12:29:32.0716997Z"},"ConditionClassName":{"Value":{"Body":null},"SourceTimestamp":"2024-04-27T12:29:32.0716997Z"},"ConditionSubClassId":{"Value":{"Body":null},"SourceTimestamp":"2024-04-27T12:29:32.0716997Z"},"ConditionSubClassName":{"Value":{"Body":null},"SourceTimestamp":"2024-04-27T12:29:32.0716997Z"},"EventId":{"Value":{"Type":15,"Body":"sKnq6leGVUCU124AHtFsdw=="},"SourceTimestamp":"2024-04-27T12:29:32.0716997Z"},"EventType":{"Value":{"Type":17,"Body":{"Id":10751}},"SourceTimestamp":"2024-04-27T12:29:32.0716997Z"},"LocalTime":{"Value":{"Type":22,"Body":{"TypeId":{"Id":15086},"Body":{"Offset":120,"DaylightSavingInOffset":true}}},"SourceTimestamp":"2024-04-27T12:29:32.0716997Z"},"Message":{"Value":{"Type":21,"Body":{"Text":"The alarm severity has increased."}},"SourceTimestamp":"2024-04-27T12:29:32.0716997Z"},"ReceiveTime":{"Value":{"Type":13,"Body":"2024-04-27T12:29:31.2691308Z"},"SourceTimestamp":"2024-04-27T12:29:32.0716997Z"},"Severity":{"Value":{"Type":5,"Body":300},"SourceTimestamp":"2024-04-27T12:29:32.0716997Z"},"SourceName":{"Value":{"Type":12,"Body":"EastTank"},"SourceTimestamp":"2024-04-27T12:29:32.0716997Z"},"SourceNode":{"Value":{"Type":17,"Body":{"IdType":1,"Id":"1:Colours/EastTank","Namespace":15}},"SourceTimestamp":"2024-04-27T12:29:32.0716997Z"},"Time":{"Value":{"Type":13,"Body":"2024-04-27T12:29:31.2691117Z"},"SourceTimestamp":"2024-04-27T12:29:32.0716997Z"}}}]}