{"MessageId":"87cfbf2f-4e5f-4550-ab61-6d46709b695d","MessageType":"ua-data","PublisherId":"DESKTOP-BGFJS91","DataSetWriterGroup":"<<UnknownWriterGroup>>","Messages":[{"MetaDataVersion":{"MajorVersion":1},"MessageType":"ua-condition","DataSetWriterName":"<<UnknownDataSet>>|PendingAlarms","Payload":{"ConditionClassId":{"Value":{"Body":null},"SourceTimestamp":"2024-04-27T12:30:32.0412339Z"},"ConditionClassName":{"Value":{"Body":null},"SourceTimestamp":"2024-04-27T12:30:32.0412339Z"},"ConditionSubClassId":{"Value":{"Body":null},"SourceTimestamp":"2024-04-27T12:30:32.0412339Z"},"ConditionSubClassName":{"Value":{"Body":null},"SourceTimestamp":"2024-04-27T12:30:32.0412339Z"},"EventId":{"Value":{"Type":15,"Body":"VnGs8yW4d0CfCM976tyhNw=="},"SourceTimestamp":"2024-04-27T12:30:32.0412339Z"},"EventType":{"Value":{"Type":17,"Body":{"Id":10060}},"SourceTimestamp":"2024-04-27T12:30:32.0412339Z"},"LocalTime":{"Value":{"Type":22,"Body":{"TypeId":{"Id":15086},"Body":{"Offset":120,"DaylightSavingInOffset":true}}},"SourceTimestamp":"2024-04-27T12:30:32.0412339Z"},"Message":{"Value":{"Type":21,"Body":{"Text":"The alarm severity has increased."}},"SourceTimestamp":"2024-04-27T12:30:32.0412339Z"},"ReceiveTime":{"Value":{"Type":13,"Body":"2024-04-27T12:30:31.264229Z"},"SourceTimestamp":"2024-04-27T12:30:32.0412339Z"},"Severity":{"Value":{"Type":5,"Body":300},"SourceTimestamp":"2024-04-27T12:30:32.0412339Z"},"SourceName":{"Value":{"Type":12,"Body":"NorthMotor"},"SourceTimestamp":"2024-04-27T12:30:32.0412339Z"},"SourceNode":{"Value":{"Type":17,"Body":{"IdType":1,"Id":"1:Colours/NorthMotor","Namespace":15}},"SourceTimestamp":"2024-04-27T12:30:32.0412339Z"},"Time":{"Value":{"Type":13,"Body":"2024-04-27T12:30:31.2642224Z"},"SourceTimestamp":"2024-04-27T12:30:32.0412339Z"}}}]}