{"MessageId":"058d5fe1-86b0-404d-bdd5-73e0ddfcdaf4","MessageType":"ua-data","PublisherId":"DESKTOP-BGFJS91","DataSetWriterGroup":"<<UnknownWriterGroup>>","Messages":[{"MetaDataVersion":{"MajorVersion":1},"MessageType":"ua-condition","DataSetWriterName":"<<UnknownDataSet>>|PendingAlarms","Payload":{"ConditionClassId":{"Value":{"Body":null},"SourceTimestamp":"2024-04-27T12:30:28.044976Z"},"ConditionClassName":{"Value":{"Body":null},"SourceTimestamp":"2024-04-27T12:30:28.044976Z"},"ConditionSubClassId":{"Value":{"Body":null},"SourceTimestamp":"2024-04-27T12:30:28.044976Z"},"ConditionSubClassName":{"Value":{"Body":null},"SourceTimestamp":"2024-04-27T12:30:28.044976Z"},"EventId":{"Value":{"Type":15,"Body":"q02ScDrfKkaoRb9wfTbA7w=="},"SourceTimestamp":"2024-04-27T12:30:28.044976Z"},"EventType":{"Value":{"Type":17,"Body":{"Id":9764}},"SourceTimestamp":"2024-04-27T12:30:28.044976Z"},"LocalTime":{"Value":{"Type":22,"Body":{"TypeId":{"Id":15086},"Body":{"Offset":120,"DaylightSavingInOffset":true}}},"SourceTimestamp":"2024-04-27T12:30:28.044976Z"},"Message":{"Value":{"Type":21,"Body":{"Text":"The alarm is active."}},"SourceTimestamp":"2024-04-27T12:30:28.044976Z"},"ReceiveTime":{"Value":{"Type":13,"Body":"2024-04-27T12:30:27.2601603Z"},"SourceTimestamp":"2024-04-27T12:30:28.044976Z"},"Severity":{"Value":{"Type":5,"Body":100},"SourceTimestamp":"2024-04-27T12:30:28.044976Z"},"SourceName":{"Value":{"Type":12,"Body":"SouthMotor"},"SourceTimestamp":"2024-04-27T12:30:28.044976Z"},"SourceNode":{"Value":{"Type":17,"Body":{"IdType":1,"Id":"1:Metals/SouthMotor","Namespace":15}},"SourceTimestamp":"2024-04-27T12:30:28.044976Z"},"Time":{"Value":{"Type":13,"Body":"2024-04-27T12:30:27.2601551Z"},"SourceTimestamp":"2024-04-27T12:30:28.044976Z"}}}]}