{"MessageId":"a207cb5a-aba3-4dca-8631-c07a048745ff","MessageType":"ua-data","PublisherId":"DESKTOP-BGFJS91","DataSetWriterGroup":"<<UnknownWriterGroup>>","Messages":[{"MetaDataVersion":{"MajorVersion":1},"MessageType":"ua-condition","DataSetWriterName":"<<UnknownDataSet>>|PendingAlarms","Payload":{"ConditionClassId":{"Value":{"Body":null},"SourceTimestamp":"2024-04-27T12:30:42.08868Z"},"ConditionClassName":{"Value":{"Body":null},"SourceTimestamp":"2024-04-27T12:30:42.08868Z"},"ConditionSubClassId":{"Value":{"Body":null},"SourceTimestamp":"2024-04-27T12:30:42.08868Z"},"ConditionSubClassName":{"Value":{"Body":null},"SourceTimestamp":"2024-04-27T12:30:42.08868Z"},"EventId":{"Value":{"Type":15,"Body":"W7acAfcZcUS5hr/XczpPmg=="},"SourceTimestamp":"2024-04-27T12:30:42.08868Z"},"EventType":{"Value":{"Type":17,"Body":{"Id":9764}},"SourceTimestamp":"2024-04-27T12:30:42.08868Z"},"LocalTime":{"Value":{"Type":22,"Body":{"TypeId":{"Id":15086},"Body":{"Offset":120,"DaylightSavingInOffset":true}}},"SourceTimestamp":"2024-04-27T12:30:42.08868Z"},"Message":{"Value":{"Type":21,"Body":{"Text":"The alarm severity has increased."}},"SourceTimestamp":"2024-04-27T12:30:42.08868Z"},"ReceiveTime":{"Value":{"Type":13,"Body":"2024-04-27T12:30:41.259825Z"},"SourceTimestamp":"2024-04-27T12:30:42.08868Z"},"Severity":{"Value":{"Type":5,"Body":500},"SourceTimestamp":"2024-04-27T12:30:42.08868Z"},"SourceName":{"Value":{"Type":12,"Body":"WestTank"},"SourceTimestamp":"2024-04-27T12:30:42.08868Z"},"SourceNode":{"Value":{"Type":17,"Body":{"IdType":1,"Id":"1:Metals/WestTank","Namespace":15}},"SourceTimestamp":"2024-04-27T12:30:42.08868Z"},"Time":{"Value":{"Type":13,"Body":"2024-04-27T12:30:41.2598211Z"},"SourceTimestamp":"2024-04-27T12:30:42.08868Z"}}}]}