{"MessageId":"cd7957ae-4fb8-4ddf-8147-c91a5d692087","MessageType":"ua-data","PublisherId":"DESKTOP-BGFJS91","DataSetWriterGroup":"<<UnknownWriterGroup>>","Messages":[{"MetaDataVersion":{"MajorVersion":1},"MessageType":"ua-condition","DataSetWriterName":"<<UnknownDataSet>>|PendingAlarms","Payload":{"ConditionClassId":{"Value":{"Body":null},"SourceTimestamp":"2024-04-27T12:30:39.0870989Z"},"ConditionClassName":{"Value":{"Body":null},"SourceTimestamp":"2024-04-27T12:30:39.0870989Z"},"ConditionSubClassId":{"Value":{"Body":null},"SourceTimestamp":"2024-04-27T12:30:39.0870989Z"},"ConditionSubClassName":{"Value":{"Body":null},"SourceTimestamp":"2024-04-27T12:30:39.0870989Z"},"EventId":{"Value":{"Type":15,"Body":"b9cUuxM38E+x/XT91S0d5A=="},"SourceTimestamp":"2024-04-27T12:30:39.0870989Z"},"EventType":{"Value":{"Type":17,"Body":{"Id":9764}},"SourceTimestamp":"2024-04-27T12:30:39.0870989Z"},"LocalTime":{"Value":{"Type":22,"Body":{"TypeId":{"Id":15086},"Body":{"Offset":120,"DaylightSavingInOffset":true}}},"SourceTimestamp":"2024-04-27T12:30:39.0870989Z"},"Message":{"Value":{"Type":21,"Body":{"Text":"The alarm severity has increased."}},"SourceTimestamp":"2024-04-27T12:30:39.0870989Z"},"ReceiveTime":{"Value":{"Type":13,"Body":"2024-04-27T12:30:38.2620672Z"},"SourceTimestamp":"2024-04-27T12:30:39.0870989Z"},"Severity":{"Value":{"Type":5,"Body":300},"SourceTimestamp":"2024-04-27T12:30:39.0870989Z"},"SourceName":{"Value":{"Type":12,"Body":"SouthMotor"},"SourceTimestamp":"2024-04-27T12:30:39.0870989Z"},"SourceNode":{"Value":{"Type":17,"Body":{"IdType":1,"Id":"1:Metals/SouthMotor","Namespace":15}},"SourceTimestamp":"2024-04-27T12:30:39.0870989Z"},"Time":{"Value":{"Type":13,"Body":"2024-04-27T12:30:38.2620576Z"},"SourceTimestamp":"2024-04-27T12:30:39.0870989Z"}}}]}