{"SequenceNumber":101,"MetaDataVersion":{"MajorVersion":1},"Timestamp":"2024-04-27T16:31:56.8902238Z","MessageType":"ua-condition","DataSetWriterName":"<<UnknownDataSet>>|PendingAlarms","Payload":{"ConditionClassId":{"Value":null,"SourceTimestamp":"2024-04-27T16:31:52.1680861Z"},"ConditionClassName":{"Value":null,"SourceTimestamp":"2024-04-27T16:31:52.1680861Z"},"ConditionSubClassId":{"Value":null,"SourceTimestamp":"2024-04-27T16:31:52.1680861Z"},"ConditionSubClassName":{"Value":null,"SourceTimestamp":"2024-04-27T16:31:52.1680861Z"},"EventId":{"Value":"Waq16s9miUeFXFcShZ5Enw==","SourceTimestamp":"2024-04-27T16:31:52.1680861Z"},"EventType":{"Value":{"Id":10060},"SourceTimestamp":"2024-04-27T16:31:52.1680861Z"},"LocalTime":{"Value":{"Offset":120,"DaylightSavingInOffset":true},"SourceTimestamp":"2024-04-27T16:31:52.1680861Z"},"Message":{"Value":"The alarm is active.","SourceTimestamp":"2024-04-27T16:31:52.1680861Z"},"ReceiveTime":{"Value":"2024-04-27T16:31:51.2526132Z","SourceTimestamp":"2024-04-27T16:31:52.1680861Z"},"Severity":{"Value":100,"SourceTimestamp":"2024-04-27T16:31:52.1680861Z"},"SourceName":{"Value":"SouthMotor","SourceTimestamp":"2024-04-27T16:31:52.1680861Z"},"SourceNode":{"Value":{"IdType":1,"Id":"1:Metals/SouthMotor","Namespace":"http://opcfoundation.org/AlarmCondition"},"SourceTimestamp":"2024-04-27T16:31:52.1680861Z"},"Time":{"Value":"2024-04-27T16:31:51.2526092Z","SourceTimestamp":"2024-04-27T16:31:52.1680861Z"}}}