{"SequenceNumber":109,"MetaDataVersion":{"MajorVersion":1},"Timestamp":"2024-04-27T16:32:06.953807Z","MessageType":"ua-condition","DataSetWriterName":"<<UnknownDataSet>>|PendingAlarms","Payload":{"ConditionClassId":{"Value":null,"SourceTimestamp":"2024-04-27T16:32:00.1343582Z"},"ConditionClassName":{"Value":null,"SourceTimestamp":"2024-04-27T16:32:00.1343582Z"},"ConditionSubClassId":{"Value":null,"SourceTimestamp":"2024-04-27T16:32:00.1343582Z"},"ConditionSubClassName":{"Value":null,"SourceTimestamp":"2024-04-27T16:32:00.1343582Z"},"EventId":{"Value":"D7bFFkpn1EGUKRuAbhRzgQ==","SourceTimestamp":"2024-04-27T16:32:00.1343582Z"},"EventType":{"Value":{"Id":10751},"SourceTimestamp":"2024-04-27T16:32:00.1343582Z"},"LocalTime":{"Value":{"Offset":120,"DaylightSavingInOffset":true},"SourceTimestamp":"2024-04-27T16:32:00.1343582Z"},"Message":{"Value":"The alarm severity has increased.","SourceTimestamp":"2024-04-27T16:32:00.1343582Z"},"ReceiveTime":{"Value":"2024-04-27T16:31:59.2522485Z","SourceTimestamp":"2024-04-27T16:32:00.1343582Z"},"Severity":{"Value":300,"SourceTimestamp":"2024-04-27T16:32:00.1343582Z"},"SourceName":{"Value":"WestTank","SourceTimestamp":"2024-04-27T16:32:00.1343582Z"},"SourceNode":{"Value":{"IdType":1,"Id":"1:Metals/WestTank","Namespace":"http://opcfoundation.org/AlarmCondition"},"SourceTimestamp":"2024-04-27T16:32:00.1343582Z"},"Time":{"Value":"2024-04-27T16:31:59.2522426Z","SourceTimestamp":"2024-04-27T16:32:00.1343582Z"}}}