{"SequenceNumber":11,"MetaDataVersion":{"MajorVersion":1},"Timestamp":"2024-04-27T16:30:36.3332379Z","MessageType":"ua-condition","DataSetWriterName":"<<UnknownDataSet>>|PendingAlarms","Payload":{"ConditionClassId":{"Value":null,"SourceTimestamp":"2024-04-27T16:30:32.1783894Z"},"ConditionClassName":{"Value":null,"SourceTimestamp":"2024-04-27T16:30:32.1783894Z"},"ConditionSubClassId":{"Value":null,"SourceTimestamp":"2024-04-27T16:30:32.1783894Z"},"ConditionSubClassName":{"Value":null,"SourceTimestamp":"2024-04-27T16:30:32.1783894Z"},"EventId":{"Value":"P4o7xYmXhkqVyBfM5wlenA==","SourceTimestamp":"2024-04-27T16:30:32.1783894Z"},"EventType":{"Value":{"Id":10751},"SourceTimestamp":"2024-04-27T16:30:32.1783894Z"},"LocalTime":{"Value":{"Offset":120,"DaylightSavingInOffset":true},"SourceTimestamp":"2024-04-27T16:30:32.1783894Z"},"Message":{"Value":"The alarm severity has increased.","SourceTimestamp":"2024-04-27T16:30:32.1783894Z"},"ReceiveTime":{"Value":"2024-04-27T16:30:31.2488874Z","SourceTimestamp":"2024-04-27T16:30:32.1783894Z"},"Severity":{"Value":500,"SourceTimestamp":"2024-04-27T16:30:32.1783894Z"},"SourceName":{"Value":"WestTank","SourceTimestamp":"2024-04-27T16:30:32.1783894Z"},"SourceNode":{"Value":{"IdType":1,"Id":"1:Metals/WestTank","Namespace":"http://opcfoundation.org/AlarmCondition"},"SourceTimestamp":"2024-04-27T16:30:32.1783894Z"},"Time":{"Value":"2024-04-27T16:30:31.2488813Z","SourceTimestamp":"2024-04-27T16:30:32.1783894Z"}}}