{"SequenceNumber":110,"MetaDataVersion":{"MajorVersion":1},"Timestamp":"2024-04-27T16:32:06.9539384Z","MessageType":"ua-condition","DataSetWriterName":"<<UnknownDataSet>>|PendingAlarms","Payload":{"ConditionClassId":{"Value":null,"SourceTimestamp":"2024-04-27T16:32:04.1781738Z"},"ConditionClassName":{"Value":null,"SourceTimestamp":"2024-04-27T16:32:04.1781738Z"},"ConditionSubClassId":{"Value":null,"SourceTimestamp":"2024-04-27T16:32:04.1781738Z"},"ConditionSubClassName":{"Value":null,"SourceTimestamp":"2024-04-27T16:32:04.1781738Z"},"EventId":{"Value":"gmZ3lKim7UaJhDZRwHAw3Q==","SourceTimestamp":"2024-04-27T16:32:04.1781738Z"},"EventType":{"Value":{"Id":9764},"SourceTimestamp":"2024-04-27T16:32:04.1781738Z"},"LocalTime":{"Value":{"Offset":120,"DaylightSavingInOffset":true},"SourceTimestamp":"2024-04-27T16:32:04.1781738Z"},"Message":{"Value":"The alarm is active.","SourceTimestamp":"2024-04-27T16:32:04.1781738Z"},"ReceiveTime":{"Value":"2024-04-27T16:32:03.2604969Z","SourceTimestamp":"2024-04-27T16:32:04.1781738Z"},"Severity":{"Value":100,"SourceTimestamp":"2024-04-27T16:32:04.1781738Z"},"SourceName":{"Value":"NorthMotor","SourceTimestamp":"2024-04-27T16:32:04.1781738Z"},"SourceNode":{"Value":{"IdType":1,"Id":"1:Colours/NorthMotor","Namespace":"http://opcfoundation.org/AlarmCondition"},"SourceTimestamp":"2024-04-27T16:32:04.1781738Z"},"Time":{"Value":"2024-04-27T16:32:03.2604897Z","SourceTimestamp":"2024-04-27T16:32:04.1781738Z"}}}