{"SequenceNumber":112,"MetaDataVersion":{"MajorVersion":1},"Timestamp":"2024-04-27T16:32:06.9541881Z","MessageType":"ua-condition","DataSetWriterName":"<<UnknownDataSet>>|PendingAlarms","Payload":{"ConditionClassId":{"Value":null,"SourceTimestamp":"2024-04-27T16:32:04.1781738Z"},"ConditionClassName":{"Value":null,"SourceTimestamp":"2024-04-27T16:32:04.1781738Z"},"ConditionSubClassId":{"Value":null,"SourceTimestamp":"2024-04-27T16:32:04.1781738Z"},"ConditionSubClassName":{"Value":null,"SourceTimestamp":"2024-04-27T16:32:04.1781738Z"},"EventId":{"Value":"8gTNVx4AgU2ZlECzR456lQ==","SourceTimestamp":"2024-04-27T16:32:04.1781738Z"},"EventType":{"Value":{"Id":10060},"SourceTimestamp":"2024-04-27T16:32:04.1781738Z"},"LocalTime":{"Value":{"Offset":120,"DaylightSavingInOffset":true},"SourceTimestamp":"2024-04-27T16:32:04.1781738Z"},"Message":{"Value":"The alarm is active.","SourceTimestamp":"2024-04-27T16:32:04.1781738Z"},"ReceiveTime":{"Value":"2024-04-27T16:32:03.2601686Z","SourceTimestamp":"2024-04-27T16:32:04.1781738Z"},"Severity":{"Value":100,"SourceTimestamp":"2024-04-27T16:32:04.1781738Z"},"SourceName":{"Value":"EastTank","SourceTimestamp":"2024-04-27T16:32:04.1781738Z"},"SourceNode":{"Value":{"IdType":1,"Id":"1:Colours/EastTank","Namespace":"http://opcfoundation.org/AlarmCondition"},"SourceTimestamp":"2024-04-27T16:32:04.1781738Z"},"Time":{"Value":"2024-04-27T16:32:03.2601454Z","SourceTimestamp":"2024-04-27T16:32:04.1781738Z"}}}