{"SequenceNumber":114,"MetaDataVersion":{"MajorVersion":1},"Timestamp":"2024-04-27T16:32:06.9544322Z","MessageType":"ua-condition","DataSetWriterName":"<<UnknownDataSet>>|PendingAlarms","Payload":{"ConditionClassId":{"Value":null,"SourceTimestamp":"2024-04-27T16:32:06.1604607Z"},"ConditionClassName":{"Value":null,"SourceTimestamp":"2024-04-27T16:32:06.1604607Z"},"ConditionSubClassId":{"Value":null,"SourceTimestamp":"2024-04-27T16:32:06.1604607Z"},"ConditionSubClassName":{"Value":null,"SourceTimestamp":"2024-04-27T16:32:06.1604607Z"},"EventId":{"Value":"Oimn6kFLO0WrsmmvkxmnLw==","SourceTimestamp":"2024-04-27T16:32:06.1604607Z"},"EventType":{"Value":{"Id":9764},"SourceTimestamp":"2024-04-27T16:32:06.1604607Z"},"LocalTime":{"Value":{"Offset":120,"DaylightSavingInOffset":true},"SourceTimestamp":"2024-04-27T16:32:06.1604607Z"},"Message":{"Value":"The alarm was deactivated by the system.","SourceTimestamp":"2024-04-27T16:32:06.1604607Z"},"ReceiveTime":{"Value":"2024-04-27T16:32:05.2514668Z","SourceTimestamp":"2024-04-27T16:32:06.1604607Z"},"Severity":{"Value":100,"SourceTimestamp":"2024-04-27T16:32:06.1604607Z"},"SourceName":{"Value":"WestTank","SourceTimestamp":"2024-04-27T16:32:06.1604607Z"},"SourceNode":{"Value":{"IdType":1,"Id":"1:Metals/WestTank","Namespace":"http://opcfoundation.org/AlarmCondition"},"SourceTimestamp":"2024-04-27T16:32:06.1604607Z"},"Time":{"Value":"2024-04-27T16:32:05.2514624Z","SourceTimestamp":"2024-04-27T16:32:06.1604607Z"}}}