{"SequenceNumber":115,"MetaDataVersion":{"MajorVersion":1},"Timestamp":"2024-04-27T16:32:06.9545491Z","MessageType":"ua-condition","DataSetWriterName":"<<UnknownDataSet>>|PendingAlarms","Payload":{"ConditionClassId":{"Value":null,"SourceTimestamp":"2024-04-27T16:32:06.1604607Z"},"ConditionClassName":{"Value":null,"SourceTimestamp":"2024-04-27T16:32:06.1604607Z"},"ConditionSubClassId":{"Value":null,"SourceTimestamp":"2024-04-27T16:32:06.1604607Z"},"ConditionSubClassName":{"Value":null,"SourceTimestamp":"2024-04-27T16:32:06.1604607Z"},"EventId":{"Value":"fKVbSF6B40y9AbhJktIlOg==","SourceTimestamp":"2024-04-27T16:32:06.1604607Z"},"EventType":{"Value":{"Id":9764},"SourceTimestamp":"2024-04-27T16:32:06.1604607Z"},"LocalTime":{"Value":{"Offset":120,"DaylightSavingInOffset":true},"SourceTimestamp":"2024-04-27T16:32:06.1604607Z"},"Message":{"Value":"The alarm severity has increased.","SourceTimestamp":"2024-04-27T16:32:06.1604607Z"},"ReceiveTime":{"Value":"2024-04-27T16:32:05.2516236Z","SourceTimestamp":"2024-04-27T16:32:06.1604607Z"},"Severity":{"Value":900,"SourceTimestamp":"2024-04-27T16:32:06.1604607Z"},"SourceName":{"Value":"SouthMotor","SourceTimestamp":"2024-04-27T16:32:06.1604607Z"},"SourceNode":{"Value":{"IdType":1,"Id":"1:Metals/SouthMotor","Namespace":"http://opcfoundation.org/AlarmCondition"},"SourceTimestamp":"2024-04-27T16:32:06.1604607Z"},"Time":{"Value":"2024-04-27T16:32:05.2516202Z","SourceTimestamp":"2024-04-27T16:32:06.1604607Z"}}}