{"SequenceNumber":14,"MetaDataVersion":{"MajorVersion":1},"Timestamp":"2024-04-27T16:30:36.3336162Z","MessageType":"ua-condition","DataSetWriterName":"<<UnknownDataSet>>|PendingAlarms","Payload":{"ConditionClassId":{"Value":null,"SourceTimestamp":"2024-04-27T16:30:34.1507565Z"},"ConditionClassName":{"Value":null,"SourceTimestamp":"2024-04-27T16:30:34.1507565Z"},"ConditionSubClassId":{"Value":null,"SourceTimestamp":"2024-04-27T16:30:34.1507565Z"},"ConditionSubClassName":{"Value":null,"SourceTimestamp":"2024-04-27T16:30:34.1507565Z"},"EventId":{"Value":"Mi5K4jz+7EifLVj4J6Kv6g==","SourceTimestamp":"2024-04-27T16:30:34.1507565Z"},"EventType":{"Value":{"Id":9764},"SourceTimestamp":"2024-04-27T16:30:34.1507565Z"},"LocalTime":{"Value":{"Offset":120,"DaylightSavingInOffset":true},"SourceTimestamp":"2024-04-27T16:30:34.1507565Z"},"Message":{"Value":"The alarm severity has increased.","SourceTimestamp":"2024-04-27T16:30:34.1507565Z"},"ReceiveTime":{"Value":"2024-04-27T16:30:33.2593863Z","SourceTimestamp":"2024-04-27T16:30:34.1507565Z"},"Severity":{"Value":500,"SourceTimestamp":"2024-04-27T16:30:34.1507565Z"},"SourceName":{"Value":"NorthMotor","SourceTimestamp":"2024-04-27T16:30:34.1507565Z"},"SourceNode":{"Value":{"IdType":1,"Id":"1:Colours/NorthMotor","Namespace":"http://opcfoundation.org/AlarmCondition"},"SourceTimestamp":"2024-04-27T16:30:34.1507565Z"},"Time":{"Value":"2024-04-27T16:30:33.2593806Z","SourceTimestamp":"2024-04-27T16:30:34.1507565Z"}}}