{"SequenceNumber":22,"MetaDataVersion":{"MajorVersion":1},"Timestamp":"2024-04-27T16:30:46.4011681Z","MessageType":"ua-condition","DataSetWriterName":"<<UnknownDataSet>>|PendingAlarms","Payload":{"ConditionClassId":{"Value":null,"SourceTimestamp":"2024-04-27T16:30:40.1513991Z"},"ConditionClassName":{"Value":null,"SourceTimestamp":"2024-04-27T16:30:40.1513991Z"},"ConditionSubClassId":{"Value":null,"SourceTimestamp":"2024-04-27T16:30:40.1513991Z"},"ConditionSubClassName":{"Value":null,"SourceTimestamp":"2024-04-27T16:30:40.1513991Z"},"EventId":{"Value":"VZUBJe6I2ka55+UMK1NjWw==","SourceTimestamp":"2024-04-27T16:30:40.1513991Z"},"EventType":{"Value":{"Id":9764},"SourceTimestamp":"2024-04-27T16:30:40.1513991Z"},"LocalTime":{"Value":{"Offset":120,"DaylightSavingInOffset":true},"SourceTimestamp":"2024-04-27T16:30:40.1513991Z"},"Message":{"Value":"The alarm severity has increased.","SourceTimestamp":"2024-04-27T16:30:40.1513991Z"},"ReceiveTime":{"Value":"2024-04-27T16:30:39.254698Z","SourceTimestamp":"2024-04-27T16:30:40.1513991Z"},"Severity":{"Value":700,"SourceTimestamp":"2024-04-27T16:30:40.1513991Z"},"SourceName":{"Value":"EastTank","SourceTimestamp":"2024-04-27T16:30:40.1513991Z"},"SourceNode":{"Value":{"IdType":1,"Id":"1:Colours/EastTank","Namespace":"http://opcfoundation.org/AlarmCondition"},"SourceTimestamp":"2024-04-27T16:30:40.1513991Z"},"Time":{"Value":"2024-04-27T16:30:39.2546672Z","SourceTimestamp":"2024-04-27T16:30:40.1513991Z"}}}