{"SequenceNumber":24,"MetaDataVersion":{"MajorVersion":1},"Timestamp":"2024-04-27T16:30:46.4018694Z","MessageType":"ua-condition","DataSetWriterName":"<<UnknownDataSet>>|PendingAlarms","Payload":{"ConditionClassId":{"Value":null,"SourceTimestamp":"2024-04-27T16:30:40.1513991Z"},"ConditionClassName":{"Value":null,"SourceTimestamp":"2024-04-27T16:30:40.1513991Z"},"ConditionSubClassId":{"Value":null,"SourceTimestamp":"2024-04-27T16:30:40.1513991Z"},"ConditionSubClassName":{"Value":null,"SourceTimestamp":"2024-04-27T16:30:40.1513991Z"},"EventId":{"Value":"V6nMxnfVkkWeTbV+60/rFQ==","SourceTimestamp":"2024-04-27T16:30:40.1513991Z"},"EventType":{"Value":{"Id":10060},"SourceTimestamp":"2024-04-27T16:30:40.1513991Z"},"LocalTime":{"Value":{"Offset":120,"DaylightSavingInOffset":true},"SourceTimestamp":"2024-04-27T16:30:40.1513991Z"},"Message":{"Value":"The alarm severity has increased.","SourceTimestamp":"2024-04-27T16:30:40.1513991Z"},"ReceiveTime":{"Value":"2024-04-27T16:30:39.2554024Z","SourceTimestamp":"2024-04-27T16:30:40.1513991Z"},"Severity":{"Value":700,"SourceTimestamp":"2024-04-27T16:30:40.1513991Z"},"SourceName":{"Value":"SouthMotor","SourceTimestamp":"2024-04-27T16:30:40.1513991Z"},"SourceNode":{"Value":{"IdType":1,"Id":"1:Metals/SouthMotor","Namespace":"http://opcfoundation.org/AlarmCondition"},"SourceTimestamp":"2024-04-27T16:30:40.1513991Z"},"Time":{"Value":"2024-04-27T16:30:39.255399Z","SourceTimestamp":"2024-04-27T16:30:40.1513991Z"}}}