{"SequenceNumber":25,"MetaDataVersion":{"MajorVersion":1},"Timestamp":"2024-04-27T16:30:46.4021251Z","MessageType":"ua-condition","DataSetWriterName":"<<UnknownDataSet>>|PendingAlarms","Payload":{"ConditionClassId":{"Value":null,"SourceTimestamp":"2024-04-27T16:30:43.1300278Z"},"ConditionClassName":{"Value":null,"SourceTimestamp":"2024-04-27T16:30:43.1300278Z"},"ConditionSubClassId":{"Value":null,"SourceTimestamp":"2024-04-27T16:30:43.1300278Z"},"ConditionSubClassName":{"Value":null,"SourceTimestamp":"2024-04-27T16:30:43.1300278Z"},"EventId":{"Value":"vIJtxIiDCEixhDmUIe88cw==","SourceTimestamp":"2024-04-27T16:30:43.1300278Z"},"EventType":{"Value":{"Id":10060},"SourceTimestamp":"2024-04-27T16:30:43.1300278Z"},"LocalTime":{"Value":{"Offset":120,"DaylightSavingInOffset":true},"SourceTimestamp":"2024-04-27T16:30:43.1300278Z"},"Message":{"Value":"The alarm severity has increased.","SourceTimestamp":"2024-04-27T16:30:43.1300278Z"},"ReceiveTime":{"Value":"2024-04-27T16:30:42.2579734Z","SourceTimestamp":"2024-04-27T16:30:43.1300278Z"},"Severity":{"Value":700,"SourceTimestamp":"2024-04-27T16:30:43.1300278Z"},"SourceName":{"Value":"EastTank","SourceTimestamp":"2024-04-27T16:30:43.1300278Z"},"SourceNode":{"Value":{"IdType":1,"Id":"1:Colours/EastTank","Namespace":"http://opcfoundation.org/AlarmCondition"},"SourceTimestamp":"2024-04-27T16:30:43.1300278Z"},"Time":{"Value":"2024-04-27T16:30:42.257945Z","SourceTimestamp":"2024-04-27T16:30:43.1300278Z"}}}