{"SequenceNumber":31,"MetaDataVersion":{"MajorVersion":1},"Timestamp":"2024-04-27T16:30:46.4032391Z","MessageType":"ua-condition","DataSetWriterName":"<<UnknownDataSet>>|PendingAlarms","Payload":{"ConditionClassId":{"Value":null,"SourceTimestamp":"2024-04-27T16:30:38.1711474Z"},"ConditionClassName":{"Value":null,"SourceTimestamp":"2024-04-27T16:30:38.1711474Z"},"ConditionSubClassId":{"Value":null,"SourceTimestamp":"2024-04-27T16:30:38.1711474Z"},"ConditionSubClassName":{"Value":null,"SourceTimestamp":"2024-04-27T16:30:38.1711474Z"},"EventId":{"Value":"kNwcKYzSo0+yfhBnxcFVPQ==","SourceTimestamp":"2024-04-27T16:30:38.1711474Z"},"EventType":{"Value":{"Id":10751},"SourceTimestamp":"2024-04-27T16:30:38.1711474Z"},"LocalTime":{"Value":{"Offset":120,"DaylightSavingInOffset":true},"SourceTimestamp":"2024-04-27T16:30:38.1711474Z"},"Message":{"Value":"The alarm severity has increased.","SourceTimestamp":"2024-04-27T16:30:38.1711474Z"},"ReceiveTime":{"Value":"2024-04-27T16:30:37.2441964Z","SourceTimestamp":"2024-04-27T16:30:38.1711474Z"},"Severity":{"Value":500,"SourceTimestamp":"2024-04-27T16:30:38.1711474Z"},"SourceName":{"Value":"NorthMotor","SourceTimestamp":"2024-04-27T16:30:38.1711474Z"},"SourceNode":{"Value":{"IdType":1,"Id":"1:Colours/NorthMotor","Namespace":"http://opcfoundation.org/AlarmCondition"},"SourceTimestamp":"2024-04-27T16:30:38.1711474Z"},"Time":{"Value":"2024-04-27T16:30:37.244182Z","SourceTimestamp":"2024-04-27T16:30:38.1711474Z"}}}