{"SequenceNumber":39,"MetaDataVersion":{"MajorVersion":1},"Timestamp":"2024-04-27T16:30:56.4799478Z","MessageType":"ua-condition","DataSetWriterName":"<<UnknownDataSet>>|PendingAlarms","Payload":{"ConditionClassId":{"Value":null,"SourceTimestamp":"2024-04-27T16:30:56.1543799Z"},"ConditionClassName":{"Value":null,"SourceTimestamp":"2024-04-27T16:30:56.1543799Z"},"ConditionSubClassId":{"Value":null,"SourceTimestamp":"2024-04-27T16:30:56.1543799Z"},"ConditionSubClassName":{"Value":null,"SourceTimestamp":"2024-04-27T16:30:56.1543799Z"},"EventId":{"Value":"Hy/FgSJ3lESqCvsiPW7hxA==","SourceTimestamp":"2024-04-27T16:30:56.1543799Z"},"EventType":{"Value":{"Id":10060},"SourceTimestamp":"2024-04-27T16:30:56.1543799Z"},"LocalTime":{"Value":{"Offset":120,"DaylightSavingInOffset":true},"SourceTimestamp":"2024-04-27T16:30:56.1543799Z"},"Message":{"Value":"The alarm severity has increased.","SourceTimestamp":"2024-04-27T16:30:56.1543799Z"},"ReceiveTime":{"Value":"2024-04-27T16:30:55.2583033Z","SourceTimestamp":"2024-04-27T16:30:56.1543799Z"},"Severity":{"Value":900,"SourceTimestamp":"2024-04-27T16:30:56.1543799Z"},"SourceName":{"Value":"NorthMotor","SourceTimestamp":"2024-04-27T16:30:56.1543799Z"},"SourceNode":{"Value":{"IdType":1,"Id":"1:Colours/NorthMotor","Namespace":"http://opcfoundation.org/AlarmCondition"},"SourceTimestamp":"2024-04-27T16:30:56.1543799Z"},"Time":{"Value":"2024-04-27T16:30:55.2582995Z","SourceTimestamp":"2024-04-27T16:30:56.1543799Z"}}}