{"SequenceNumber":48,"MetaDataVersion":{"MajorVersion":1},"Timestamp":"2024-04-27T16:31:06.5406712Z","MessageType":"ua-condition","DataSetWriterName":"<<UnknownDataSet>>|PendingAlarms","Payload":{"ConditionClassId":{"Value":null,"SourceTimestamp":"2024-04-27T16:31:06.1465493Z"},"ConditionClassName":{"Value":null,"SourceTimestamp":"2024-04-27T16:31:06.1465493Z"},"ConditionSubClassId":{"Value":null,"SourceTimestamp":"2024-04-27T16:31:06.1465493Z"},"ConditionSubClassName":{"Value":null,"SourceTimestamp":"2024-04-27T16:31:06.1465493Z"},"EventId":{"Value":"NbnvkINtXUy3AGtUYr3fYQ==","SourceTimestamp":"2024-04-27T16:31:06.1465493Z"},"EventType":{"Value":{"Id":9764},"SourceTimestamp":"2024-04-27T16:31:06.1465493Z"},"LocalTime":{"Value":{"Offset":120,"DaylightSavingInOffset":true},"SourceTimestamp":"2024-04-27T16:31:06.1465493Z"},"Message":{"Value":"The alarm was deactivated by the system.","SourceTimestamp":"2024-04-27T16:31:06.1465493Z"},"ReceiveTime":{"Value":"2024-04-27T16:31:05.2556805Z","SourceTimestamp":"2024-04-27T16:31:06.1465493Z"},"Severity":{"Value":100,"SourceTimestamp":"2024-04-27T16:31:06.1465493Z"},"SourceName":{"Value":"WestTank","SourceTimestamp":"2024-04-27T16:31:06.1465493Z"},"SourceNode":{"Value":{"IdType":1,"Id":"1:Metals/WestTank","Namespace":"http://opcfoundation.org/AlarmCondition"},"SourceTimestamp":"2024-04-27T16:31:06.1465493Z"},"Time":{"Value":"2024-04-27T16:31:05.2556756Z","SourceTimestamp":"2024-04-27T16:31:06.1465493Z"}}}