{"SequenceNumber":49,"MetaDataVersion":{"MajorVersion":1},"Timestamp":"2024-04-27T16:31:06.5408054Z","MessageType":"ua-condition","DataSetWriterName":"<<UnknownDataSet>>|PendingAlarms","Payload":{"ConditionClassId":{"Value":null,"SourceTimestamp":"2024-04-27T16:31:00.1490173Z"},"ConditionClassName":{"Value":null,"SourceTimestamp":"2024-04-27T16:31:00.1490173Z"},"ConditionSubClassId":{"Value":null,"SourceTimestamp":"2024-04-27T16:31:00.1490173Z"},"ConditionSubClassName":{"Value":null,"SourceTimestamp":"2024-04-27T16:31:00.1490173Z"},"EventId":{"Value":"YiqNPW/lOUCY1P7sfFn0UQ==","SourceTimestamp":"2024-04-27T16:31:00.1490173Z"},"EventType":{"Value":{"Id":10751},"SourceTimestamp":"2024-04-27T16:31:00.1490173Z"},"LocalTime":{"Value":{"Offset":120,"DaylightSavingInOffset":true},"SourceTimestamp":"2024-04-27T16:31:00.1490173Z"},"Message":{"Value":"The alarm severity has increased.","SourceTimestamp":"2024-04-27T16:31:00.1490173Z"},"ReceiveTime":{"Value":"2024-04-27T16:30:59.2581138Z","SourceTimestamp":"2024-04-27T16:31:00.1490173Z"},"Severity":{"Value":900,"SourceTimestamp":"2024-04-27T16:31:00.1490173Z"},"SourceName":{"Value":"NorthMotor","SourceTimestamp":"2024-04-27T16:31:00.1490173Z"},"SourceNode":{"Value":{"IdType":1,"Id":"1:Colours/NorthMotor","Namespace":"http://opcfoundation.org/AlarmCondition"},"SourceTimestamp":"2024-04-27T16:31:00.1490173Z"},"Time":{"Value":"2024-04-27T16:30:59.2580969Z","SourceTimestamp":"2024-04-27T16:31:00.1490173Z"}}}