{"SequenceNumber":54,"MetaDataVersion":{"MajorVersion":1},"Timestamp":"2024-04-27T16:31:16.6083983Z","MessageType":"ua-condition","DataSetWriterName":"<<UnknownDataSet>>|PendingAlarms","Payload":{"ConditionClassId":{"Value":null,"SourceTimestamp":"2024-04-27T16:31:10.1765749Z"},"ConditionClassName":{"Value":null,"SourceTimestamp":"2024-04-27T16:31:10.1765749Z"},"ConditionSubClassId":{"Value":null,"SourceTimestamp":"2024-04-27T16:31:10.1765749Z"},"ConditionSubClassName":{"Value":null,"SourceTimestamp":"2024-04-27T16:31:10.1765749Z"},"EventId":{"Value":"7wLrJ/cGVkC/iTNVZW8qQQ==","SourceTimestamp":"2024-04-27T16:31:10.1765749Z"},"EventType":{"Value":{"Id":9764},"SourceTimestamp":"2024-04-27T16:31:10.1765749Z"},"LocalTime":{"Value":{"Offset":120,"DaylightSavingInOffset":true},"SourceTimestamp":"2024-04-27T16:31:10.1765749Z"},"Message":{"Value":"The alarm is active.","SourceTimestamp":"2024-04-27T16:31:10.1765749Z"},"ReceiveTime":{"Value":"2024-04-27T16:31:09.2476852Z","SourceTimestamp":"2024-04-27T16:31:10.1765749Z"},"Severity":{"Value":100,"SourceTimestamp":"2024-04-27T16:31:10.1765749Z"},"SourceName":{"Value":"NorthMotor","SourceTimestamp":"2024-04-27T16:31:10.1765749Z"},"SourceNode":{"Value":{"IdType":1,"Id":"1:Colours/NorthMotor","Namespace":"http://opcfoundation.org/AlarmCondition"},"SourceTimestamp":"2024-04-27T16:31:10.1765749Z"},"Time":{"Value":"2024-04-27T16:31:09.2476791Z","SourceTimestamp":"2024-04-27T16:31:10.1765749Z"}}}