{"SequenceNumber":6,"MetaDataVersion":{"MajorVersion":1},"Timestamp":"2024-04-27T16:30:26.2587351Z","MessageType":"ua-condition","DataSetWriterName":"<<UnknownDataSet>>|PendingAlarms","Payload":{"ConditionClassId":{"Value":null,"SourceTimestamp":"2024-04-27T16:30:25.1844208Z"},"ConditionClassName":{"Value":null,"SourceTimestamp":"2024-04-27T16:30:25.1844208Z"},"ConditionSubClassId":{"Value":null,"SourceTimestamp":"2024-04-27T16:30:25.1844208Z"},"ConditionSubClassName":{"Value":null,"SourceTimestamp":"2024-04-27T16:30:25.1844208Z"},"EventId":{"Value":"7OAt0k6Hl0q17NUMycwGCQ==","SourceTimestamp":"2024-04-27T16:30:25.1844208Z"},"EventType":{"Value":{"Id":10751},"SourceTimestamp":"2024-04-27T16:30:25.1844208Z"},"LocalTime":{"Value":{"Offset":120,"DaylightSavingInOffset":true},"SourceTimestamp":"2024-04-27T16:30:25.1844208Z"},"Message":{"Value":"The alarm severity has increased.","SourceTimestamp":"2024-04-27T16:30:25.1844208Z"},"ReceiveTime":{"Value":"2024-04-27T16:30:24.2553Z","SourceTimestamp":"2024-04-27T16:30:25.1844208Z"},"Severity":{"Value":300,"SourceTimestamp":"2024-04-27T16:30:25.1844208Z"},"SourceName":{"Value":"SouthMotor","SourceTimestamp":"2024-04-27T16:30:25.1844208Z"},"SourceNode":{"Value":{"IdType":1,"Id":"1:Metals/SouthMotor","Namespace":"http://opcfoundation.org/AlarmCondition"},"SourceTimestamp":"2024-04-27T16:30:25.1844208Z"},"Time":{"Value":"2024-04-27T16:30:24.2552968Z","SourceTimestamp":"2024-04-27T16:30:25.1844208Z"}}}