{"SequenceNumber":62,"MetaDataVersion":{"MajorVersion":1},"Timestamp":"2024-04-27T16:31:26.676514Z","MessageType":"ua-condition","DataSetWriterName":"<<UnknownDataSet>>|PendingAlarms","Payload":{"ConditionClassId":{"Value":null,"SourceTimestamp":"2024-04-27T16:31:20.1515899Z"},"ConditionClassName":{"Value":null,"SourceTimestamp":"2024-04-27T16:31:20.1515899Z"},"ConditionSubClassId":{"Value":null,"SourceTimestamp":"2024-04-27T16:31:20.1515899Z"},"ConditionSubClassName":{"Value":null,"SourceTimestamp":"2024-04-27T16:31:20.1515899Z"},"EventId":{"Value":"P1g2/MUYJUS5E2L9Uc6LOw==","SourceTimestamp":"2024-04-27T16:31:20.1515899Z"},"EventType":{"Value":{"Id":9764},"SourceTimestamp":"2024-04-27T16:31:20.1515899Z"},"LocalTime":{"Value":{"Offset":120,"DaylightSavingInOffset":true},"SourceTimestamp":"2024-04-27T16:31:20.1515899Z"},"Message":{"Value":"The alarm severity has increased.","SourceTimestamp":"2024-04-27T16:31:20.1515899Z"},"ReceiveTime":{"Value":"2024-04-27T16:31:19.2577984Z","SourceTimestamp":"2024-04-27T16:31:20.1515899Z"},"Severity":{"Value":500,"SourceTimestamp":"2024-04-27T16:31:20.1515899Z"},"SourceName":{"Value":"EastTank","SourceTimestamp":"2024-04-27T16:31:20.1515899Z"},"SourceNode":{"Value":{"IdType":1,"Id":"1:Colours/EastTank","Namespace":"http://opcfoundation.org/AlarmCondition"},"SourceTimestamp":"2024-04-27T16:31:20.1515899Z"},"Time":{"Value":"2024-04-27T16:31:19.2577715Z","SourceTimestamp":"2024-04-27T16:31:20.1515899Z"}}}