{"SequenceNumber":66,"MetaDataVersion":{"MajorVersion":1},"Timestamp":"2024-04-27T16:31:26.6772957Z","MessageType":"ua-condition","DataSetWriterName":"<<UnknownDataSet>>|PendingAlarms","Payload":{"ConditionClassId":{"Value":null,"SourceTimestamp":"2024-04-27T16:31:19.1658452Z"},"ConditionClassName":{"Value":null,"SourceTimestamp":"2024-04-27T16:31:19.1658452Z"},"ConditionSubClassId":{"Value":null,"SourceTimestamp":"2024-04-27T16:31:19.1658452Z"},"ConditionSubClassName":{"Value":null,"SourceTimestamp":"2024-04-27T16:31:19.1658452Z"},"EventId":{"Value":"3SbkvXV57U+oq4ZeYEHGDg==","SourceTimestamp":"2024-04-27T16:31:19.1658452Z"},"EventType":{"Value":{"Id":9764},"SourceTimestamp":"2024-04-27T16:31:19.1658452Z"},"LocalTime":{"Value":{"Offset":120,"DaylightSavingInOffset":true},"SourceTimestamp":"2024-04-27T16:31:19.1658452Z"},"Message":{"Value":"The alarm severity has increased.","SourceTimestamp":"2024-04-27T16:31:19.1658452Z"},"ReceiveTime":{"Value":"2024-04-27T16:31:18.255995Z","SourceTimestamp":"2024-04-27T16:31:19.1658452Z"},"Severity":{"Value":300,"SourceTimestamp":"2024-04-27T16:31:19.1658452Z"},"SourceName":{"Value":"NorthMotor","SourceTimestamp":"2024-04-27T16:31:19.1658452Z"},"SourceNode":{"Value":{"IdType":1,"Id":"1:Colours/NorthMotor","Namespace":"http://opcfoundation.org/AlarmCondition"},"SourceTimestamp":"2024-04-27T16:31:19.1658452Z"},"Time":{"Value":"2024-04-27T16:31:18.2559824Z","SourceTimestamp":"2024-04-27T16:31:19.1658452Z"}}}