{"SequenceNumber":68,"MetaDataVersion":{"MajorVersion":1},"Timestamp":"2024-04-27T16:31:26.6775345Z","MessageType":"ua-condition","DataSetWriterName":"<<UnknownDataSet>>|PendingAlarms","Payload":{"ConditionClassId":{"Value":null,"SourceTimestamp":"2024-04-27T16:31:19.1658452Z"},"ConditionClassName":{"Value":null,"SourceTimestamp":"2024-04-27T16:31:19.1658452Z"},"ConditionSubClassId":{"Value":null,"SourceTimestamp":"2024-04-27T16:31:19.1658452Z"},"ConditionSubClassName":{"Value":null,"SourceTimestamp":"2024-04-27T16:31:19.1658452Z"},"EventId":{"Value":"kbphhjDWM0uynA9fpE9MBA==","SourceTimestamp":"2024-04-27T16:31:19.1658452Z"},"EventType":{"Value":{"Id":10751},"SourceTimestamp":"2024-04-27T16:31:19.1658452Z"},"LocalTime":{"Value":{"Offset":120,"DaylightSavingInOffset":true},"SourceTimestamp":"2024-04-27T16:31:19.1658452Z"},"Message":{"Value":"The alarm severity has increased.","SourceTimestamp":"2024-04-27T16:31:19.1658452Z"},"ReceiveTime":{"Value":"2024-04-27T16:31:18.2562085Z","SourceTimestamp":"2024-04-27T16:31:19.1658452Z"},"Severity":{"Value":300,"SourceTimestamp":"2024-04-27T16:31:19.1658452Z"},"SourceName":{"Value":"SouthMotor","SourceTimestamp":"2024-04-27T16:31:19.1658452Z"},"SourceNode":{"Value":{"IdType":1,"Id":"1:Metals/SouthMotor","Namespace":"http://opcfoundation.org/AlarmCondition"},"SourceTimestamp":"2024-04-27T16:31:19.1658452Z"},"Time":{"Value":"2024-04-27T16:31:18.2562013Z","SourceTimestamp":"2024-04-27T16:31:19.1658452Z"}}}