{"SequenceNumber":7,"MetaDataVersion":{"MajorVersion":1},"Timestamp":"2024-04-27T16:30:26.2589281Z","MessageType":"ua-condition","DataSetWriterName":"<<UnknownDataSet>>|PendingAlarms","Payload":{"ConditionClassId":{"Value":null,"SourceTimestamp":"2024-04-27T16:30:26.1758287Z"},"ConditionClassName":{"Value":null,"SourceTimestamp":"2024-04-27T16:30:26.1758287Z"},"ConditionSubClassId":{"Value":null,"SourceTimestamp":"2024-04-27T16:30:26.1758287Z"},"ConditionSubClassName":{"Value":null,"SourceTimestamp":"2024-04-27T16:30:26.1758287Z"},"EventId":{"Value":"vIKzOUHoR0KYUEsurGEncw==","SourceTimestamp":"2024-04-27T16:30:26.1758287Z"},"EventType":{"Value":{"Id":10751},"SourceTimestamp":"2024-04-27T16:30:26.1758287Z"},"LocalTime":{"Value":{"Offset":120,"DaylightSavingInOffset":true},"SourceTimestamp":"2024-04-27T16:30:26.1758287Z"},"Message":{"Value":"The alarm severity has increased.","SourceTimestamp":"2024-04-27T16:30:26.1758287Z"},"ReceiveTime":{"Value":"2024-04-27T16:30:25.2453625Z","SourceTimestamp":"2024-04-27T16:30:26.1758287Z"},"Severity":{"Value":300,"SourceTimestamp":"2024-04-27T16:30:26.1758287Z"},"SourceName":{"Value":"EastTank","SourceTimestamp":"2024-04-27T16:30:26.1758287Z"},"SourceNode":{"Value":{"IdType":1,"Id":"1:Colours/EastTank","Namespace":"http://opcfoundation.org/AlarmCondition"},"SourceTimestamp":"2024-04-27T16:30:26.1758287Z"},"Time":{"Value":"2024-04-27T16:30:25.2453493Z","SourceTimestamp":"2024-04-27T16:30:26.1758287Z"}}}