{"SequenceNumber":73,"MetaDataVersion":{"MajorVersion":1},"Timestamp":"2024-04-27T16:31:26.6780738Z","MessageType":"ua-condition","DataSetWriterName":"<<UnknownDataSet>>|PendingAlarms","Payload":{"ConditionClassId":{"Value":null,"SourceTimestamp":"2024-04-27T16:31:22.1418955Z"},"ConditionClassName":{"Value":null,"SourceTimestamp":"2024-04-27T16:31:22.1418955Z"},"ConditionSubClassId":{"Value":null,"SourceTimestamp":"2024-04-27T16:31:22.1418955Z"},"ConditionSubClassName":{"Value":null,"SourceTimestamp":"2024-04-27T16:31:22.1418955Z"},"EventId":{"Value":"4dOcjR50SkSmvja/rwDRVA==","SourceTimestamp":"2024-04-27T16:31:22.1418955Z"},"EventType":{"Value":{"Id":9764},"SourceTimestamp":"2024-04-27T16:31:22.1418955Z"},"LocalTime":{"Value":{"Offset":120,"DaylightSavingInOffset":true},"SourceTimestamp":"2024-04-27T16:31:22.1418955Z"},"Message":{"Value":"The alarm is active.","SourceTimestamp":"2024-04-27T16:31:22.1418955Z"},"ReceiveTime":{"Value":"2024-04-27T16:31:21.2566033Z","SourceTimestamp":"2024-04-27T16:31:22.1418955Z"},"Severity":{"Value":100,"SourceTimestamp":"2024-04-27T16:31:22.1418955Z"},"SourceName":{"Value":"SouthMotor","SourceTimestamp":"2024-04-27T16:31:22.1418955Z"},"SourceNode":{"Value":{"IdType":1,"Id":"1:Metals/SouthMotor","Namespace":"http://opcfoundation.org/AlarmCondition"},"SourceTimestamp":"2024-04-27T16:31:22.1418955Z"},"Time":{"Value":"2024-04-27T16:31:21.2565998Z","SourceTimestamp":"2024-04-27T16:31:22.1418955Z"}}}