{"SequenceNumber":77,"MetaDataVersion":{"MajorVersion":1},"Timestamp":"2024-04-27T16:31:36.7594255Z","MessageType":"ua-condition","DataSetWriterName":"<<UnknownDataSet>>|PendingAlarms","Payload":{"ConditionClassId":{"Value":null,"SourceTimestamp":"2024-04-27T16:31:36.1560288Z"},"ConditionClassName":{"Value":null,"SourceTimestamp":"2024-04-27T16:31:36.1560288Z"},"ConditionSubClassId":{"Value":null,"SourceTimestamp":"2024-04-27T16:31:36.1560288Z"},"ConditionSubClassName":{"Value":null,"SourceTimestamp":"2024-04-27T16:31:36.1560288Z"},"EventId":{"Value":"cL/UAtyyakKxsk7f7YdAkQ==","SourceTimestamp":"2024-04-27T16:31:36.1560288Z"},"EventType":{"Value":{"Id":10060},"SourceTimestamp":"2024-04-27T16:31:36.1560288Z"},"LocalTime":{"Value":{"Offset":120,"DaylightSavingInOffset":true},"SourceTimestamp":"2024-04-27T16:31:36.1560288Z"},"Message":{"Value":"The alarm severity has increased.","SourceTimestamp":"2024-04-27T16:31:36.1560288Z"},"ReceiveTime":{"Value":"2024-04-27T16:31:35.2563357Z","SourceTimestamp":"2024-04-27T16:31:36.1560288Z"},"Severity":{"Value":900,"SourceTimestamp":"2024-04-27T16:31:36.1560288Z"},"SourceName":{"Value":"SouthMotor","SourceTimestamp":"2024-04-27T16:31:36.1560288Z"},"SourceNode":{"Value":{"IdType":1,"Id":"1:Metals/SouthMotor","Namespace":"http://opcfoundation.org/AlarmCondition"},"SourceTimestamp":"2024-04-27T16:31:36.1560288Z"},"Time":{"Value":"2024-04-27T16:31:35.2563332Z","SourceTimestamp":"2024-04-27T16:31:36.1560288Z"}}}