{"SequenceNumber":8,"MetaDataVersion":{"MajorVersion":1},"Timestamp":"2024-04-27T16:30:26.2592193Z","MessageType":"ua-condition","DataSetWriterName":"<<UnknownDataSet>>|PendingAlarms","Payload":{"ConditionClassId":{"Value":null,"SourceTimestamp":"2024-04-27T16:30:26.1758287Z"},"ConditionClassName":{"Value":null,"SourceTimestamp":"2024-04-27T16:30:26.1758287Z"},"ConditionSubClassId":{"Value":null,"SourceTimestamp":"2024-04-27T16:30:26.1758287Z"},"ConditionSubClassName":{"Value":null,"SourceTimestamp":"2024-04-27T16:30:26.1758287Z"},"EventId":{"Value":"fyKMV9G3wkSkZyMPXTLPmw==","SourceTimestamp":"2024-04-27T16:30:26.1758287Z"},"EventType":{"Value":{"Id":10060},"SourceTimestamp":"2024-04-27T16:30:26.1758287Z"},"LocalTime":{"Value":{"Offset":120,"DaylightSavingInOffset":true},"SourceTimestamp":"2024-04-27T16:30:26.1758287Z"},"Message":{"Value":"The alarm severity has increased.","SourceTimestamp":"2024-04-27T16:30:26.1758287Z"},"ReceiveTime":{"Value":"2024-04-27T16:30:25.2457077Z","SourceTimestamp":"2024-04-27T16:30:26.1758287Z"},"Severity":{"Value":300,"SourceTimestamp":"2024-04-27T16:30:26.1758287Z"},"SourceName":{"Value":"NorthMotor","SourceTimestamp":"2024-04-27T16:30:26.1758287Z"},"SourceNode":{"Value":{"IdType":1,"Id":"1:Colours/NorthMotor","Namespace":"http://opcfoundation.org/AlarmCondition"},"SourceTimestamp":"2024-04-27T16:30:26.1758287Z"},"Time":{"Value":"2024-04-27T16:30:25.2456991Z","SourceTimestamp":"2024-04-27T16:30:26.1758287Z"}}}