{"SequenceNumber":83,"MetaDataVersion":{"MajorVersion":1},"Timestamp":"2024-04-27T16:31:36.7602734Z","MessageType":"ua-condition","DataSetWriterName":"<<UnknownDataSet>>|PendingAlarms","Payload":{"ConditionClassId":{"Value":null,"SourceTimestamp":"2024-04-27T16:31:36.1560288Z"},"ConditionClassName":{"Value":null,"SourceTimestamp":"2024-04-27T16:31:36.1560288Z"},"ConditionSubClassId":{"Value":null,"SourceTimestamp":"2024-04-27T16:31:36.1560288Z"},"ConditionSubClassName":{"Value":null,"SourceTimestamp":"2024-04-27T16:31:36.1560288Z"},"EventId":{"Value":"KAVYlaDdf0GSITIJ2ouL2A==","SourceTimestamp":"2024-04-27T16:31:36.1560288Z"},"EventType":{"Value":{"Id":10060},"SourceTimestamp":"2024-04-27T16:31:36.1560288Z"},"LocalTime":{"Value":{"Offset":120,"DaylightSavingInOffset":true},"SourceTimestamp":"2024-04-27T16:31:36.1560288Z"},"Message":{"Value":"The alarm severity has increased.","SourceTimestamp":"2024-04-27T16:31:36.1560288Z"},"ReceiveTime":{"Value":"2024-04-27T16:31:35.256105Z","SourceTimestamp":"2024-04-27T16:31:36.1560288Z"},"Severity":{"Value":500,"SourceTimestamp":"2024-04-27T16:31:36.1560288Z"},"SourceName":{"Value":"NorthMotor","SourceTimestamp":"2024-04-27T16:31:36.1560288Z"},"SourceNode":{"Value":{"IdType":1,"Id":"1:Colours/NorthMotor","Namespace":"http://opcfoundation.org/AlarmCondition"},"SourceTimestamp":"2024-04-27T16:31:36.1560288Z"},"Time":{"Value":"2024-04-27T16:31:35.2560995Z","SourceTimestamp":"2024-04-27T16:31:36.1560288Z"}}}