{"SequenceNumber":9,"MetaDataVersion":{"MajorVersion":1},"Timestamp":"2024-04-27T16:30:26.2593724Z","MessageType":"ua-condition","DataSetWriterName":"<<UnknownDataSet>>|PendingAlarms","Payload":{"ConditionClassId":{"Value":null,"SourceTimestamp":"2024-04-27T16:30:26.1758287Z"},"ConditionClassName":{"Value":null,"SourceTimestamp":"2024-04-27T16:30:26.1758287Z"},"ConditionSubClassId":{"Value":null,"SourceTimestamp":"2024-04-27T16:30:26.1758287Z"},"ConditionSubClassName":{"Value":null,"SourceTimestamp":"2024-04-27T16:30:26.1758287Z"},"EventId":{"Value":"EP0UO4Ok6kWI2AGQgC2QPA==","SourceTimestamp":"2024-04-27T16:30:26.1758287Z"},"EventType":{"Value":{"Id":9764},"SourceTimestamp":"2024-04-27T16:30:26.1758287Z"},"LocalTime":{"Value":{"Offset":120,"DaylightSavingInOffset":true},"SourceTimestamp":"2024-04-27T16:30:26.1758287Z"},"Message":{"Value":"The alarm severity has increased.","SourceTimestamp":"2024-04-27T16:30:26.1758287Z"},"ReceiveTime":{"Value":"2024-04-27T16:30:25.2458335Z","SourceTimestamp":"2024-04-27T16:30:26.1758287Z"},"Severity":{"Value":300,"SourceTimestamp":"2024-04-27T16:30:26.1758287Z"},"SourceName":{"Value":"WestTank","SourceTimestamp":"2024-04-27T16:30:26.1758287Z"},"SourceNode":{"Value":{"IdType":1,"Id":"1:Metals/WestTank","Namespace":"http://opcfoundation.org/AlarmCondition"},"SourceTimestamp":"2024-04-27T16:30:26.1758287Z"},"Time":{"Value":"2024-04-27T16:30:25.2458297Z","SourceTimestamp":"2024-04-27T16:30:26.1758287Z"}}}