{"SequenceNumber":93,"MetaDataVersion":{"MajorVersion":1},"Timestamp":"2024-04-27T16:31:46.8302476Z","MessageType":"ua-condition","DataSetWriterName":"<<UnknownDataSet>>|PendingAlarms","Payload":{"ConditionClassId":{"Value":null,"SourceTimestamp":"2024-04-27T16:31:46.1633235Z"},"ConditionClassName":{"Value":null,"SourceTimestamp":"2024-04-27T16:31:46.1633235Z"},"ConditionSubClassId":{"Value":null,"SourceTimestamp":"2024-04-27T16:31:46.1633235Z"},"ConditionSubClassName":{"Value":null,"SourceTimestamp":"2024-04-27T16:31:46.1633235Z"},"EventId":{"Value":"HJZ17Cn+j0ecJTpueJVWng==","SourceTimestamp":"2024-04-27T16:31:46.1633235Z"},"EventType":{"Value":{"Id":10060},"SourceTimestamp":"2024-04-27T16:31:46.1633235Z"},"LocalTime":{"Value":{"Offset":120,"DaylightSavingInOffset":true},"SourceTimestamp":"2024-04-27T16:31:46.1633235Z"},"Message":{"Value":"The alarm severity has increased.","SourceTimestamp":"2024-04-27T16:31:46.1633235Z"},"ReceiveTime":{"Value":"2024-04-27T16:31:45.2467252Z","SourceTimestamp":"2024-04-27T16:31:46.1633235Z"},"Severity":{"Value":700,"SourceTimestamp":"2024-04-27T16:31:46.1633235Z"},"SourceName":{"Value":"NorthMotor","SourceTimestamp":"2024-04-27T16:31:46.1633235Z"},"SourceNode":{"Value":{"IdType":1,"Id":"1:Colours/NorthMotor","Namespace":"http://opcfoundation.org/AlarmCondition"},"SourceTimestamp":"2024-04-27T16:31:46.1633235Z"},"Time":{"Value":"2024-04-27T16:31:45.2466341Z","SourceTimestamp":"2024-04-27T16:31:46.1633235Z"}}}