{"SequenceNumber":94,"MetaDataVersion":{"MajorVersion":1},"Timestamp":"2024-04-27T16:31:46.8303704Z","MessageType":"ua-condition","DataSetWriterName":"<<UnknownDataSet>>|PendingAlarms","Payload":{"ConditionClassId":{"Value":null,"SourceTimestamp":"2024-04-27T16:31:46.1633235Z"},"ConditionClassName":{"Value":null,"SourceTimestamp":"2024-04-27T16:31:46.1633235Z"},"ConditionSubClassId":{"Value":null,"SourceTimestamp":"2024-04-27T16:31:46.1633235Z"},"ConditionSubClassName":{"Value":null,"SourceTimestamp":"2024-04-27T16:31:46.1633235Z"},"EventId":{"Value":"1WEE9uAIhEenKVn/7zE4Tw==","SourceTimestamp":"2024-04-27T16:31:46.1633235Z"},"EventType":{"Value":{"Id":10751},"SourceTimestamp":"2024-04-27T16:31:46.1633235Z"},"LocalTime":{"Value":{"Offset":120,"DaylightSavingInOffset":true},"SourceTimestamp":"2024-04-27T16:31:46.1633235Z"},"Message":{"Value":"The alarm severity has increased.","SourceTimestamp":"2024-04-27T16:31:46.1633235Z"},"ReceiveTime":{"Value":"2024-04-27T16:31:45.246551Z","SourceTimestamp":"2024-04-27T16:31:46.1633235Z"},"Severity":{"Value":700,"SourceTimestamp":"2024-04-27T16:31:46.1633235Z"},"SourceName":{"Value":"EastTank","SourceTimestamp":"2024-04-27T16:31:46.1633235Z"},"SourceNode":{"Value":{"IdType":1,"Id":"1:Colours/EastTank","Namespace":"http://opcfoundation.org/AlarmCondition"},"SourceTimestamp":"2024-04-27T16:31:46.1633235Z"},"Time":{"Value":"2024-04-27T16:31:45.2462615Z","SourceTimestamp":"2024-04-27T16:31:46.1633235Z"}}}