{"SequenceNumber":97,"MetaDataVersion":{"MajorVersion":1},"Timestamp":"2024-04-27T16:31:56.889742Z","MessageType":"ua-condition","DataSetWriterName":"<<UnknownDataSet>>|PendingAlarms","Payload":{"ConditionClassId":{"Value":null,"SourceTimestamp":"2024-04-27T16:31:55.1378861Z"},"ConditionClassName":{"Value":null,"SourceTimestamp":"2024-04-27T16:31:55.1378861Z"},"ConditionSubClassId":{"Value":null,"SourceTimestamp":"2024-04-27T16:31:55.1378861Z"},"ConditionSubClassName":{"Value":null,"SourceTimestamp":"2024-04-27T16:31:55.1378861Z"},"EventId":{"Value":"MrHTdGhLW0q70LMP7HlYNg==","SourceTimestamp":"2024-04-27T16:31:55.1378861Z"},"EventType":{"Value":{"Id":10060},"SourceTimestamp":"2024-04-27T16:31:55.1378861Z"},"LocalTime":{"Value":{"Offset":120,"DaylightSavingInOffset":true},"SourceTimestamp":"2024-04-27T16:31:55.1378861Z"},"Message":{"Value":"The alarm severity has increased.","SourceTimestamp":"2024-04-27T16:31:55.1378861Z"},"ReceiveTime":{"Value":"2024-04-27T16:31:54.2567155Z","SourceTimestamp":"2024-04-27T16:31:55.1378861Z"},"Severity":{"Value":700,"SourceTimestamp":"2024-04-27T16:31:55.1378861Z"},"SourceName":{"Value":"WestTank","SourceTimestamp":"2024-04-27T16:31:55.1378861Z"},"SourceNode":{"Value":{"IdType":1,"Id":"1:Metals/WestTank","Namespace":"http://opcfoundation.org/AlarmCondition"},"SourceTimestamp":"2024-04-27T16:31:55.1378861Z"},"Time":{"Value":"2024-04-27T16:31:54.2567124Z","SourceTimestamp":"2024-04-27T16:31:55.1378861Z"}}}