[{"SequenceNumber":10,"MetaDataVersion":{"MajorVersion":1},"Timestamp":"2024-04-27T15:05:37.2324225Z","MessageType":"ua-deltaframe","DataSetWriterName":"<<UnknownDataSet>>","Payload":{"nsu=http://opcfoundation.org/UA/Plc/Applications;s=StepUp":{"Value":108,"SourceTimestamp":"2024-04-27T15:05:37.201494Z","ServerTimestamp":"2024-04-27T15:05:37.2014977Z"},"nsu=http://opcfoundation.org/UA/Plc/Applications;s=AlternatingBoolean":{"Value":true,"SourceTimestamp":"2024-04-27T15:05:36.5010734Z","ServerTimestamp":"2024-04-27T15:05:36.5010756Z"},"nsu=http://opcfoundation.org/UA/Plc/Applications;s=RandomSignedInt32":{"Value":-1660078558,"SourceTimestamp":"2024-04-27T15:05:37.2015377Z","ServerTimestamp":"2024-04-27T15:05:37.2015402Z"},"nsu=http://opcfoundation.org/UA/Plc/Applications;s=RandomUnsignedInt32":{"Value":165903209,"SourceTimestamp":"2024-04-27T15:05:37.2015271Z","ServerTimestamp":"2024-04-27T15:05:37.2015281Z"},"nsu=http://opcfoundation.org/UA/Plc/Applications;s=DipData":{"Value":-77.0513242775789,"SourceTimestamp":"2024-04-27T15:05:37.2015582Z","ServerTimestamp":"2024-04-27T15:05:37.2015593Z"},"nsu=http://opcfoundation.org/UA/Plc/Applications;s=FastUIntScalar1":{"Value":10,"SourceTimestamp":"2024-04-27T15:05:36.4059959Z","ServerTimestamp":"2024-04-27T15:05:36.4060032Z"},"nsu=http://opcfoundation.org/UA/Plc/Applications;s=FastUIntScalar2":{"Value":10,"SourceTimestamp":"2024-04-27T15:05:36.4060081Z","ServerTimestamp":"2024-04-27T15:05:36.4060095Z"},"nsu=http://opcfoundation.org/UA/Plc/Applications;s=FastUIntScalar3":{"Value":10,"SourceTimestamp":"2024-04-27T15:05:36.4060107Z","ServerTimestamp":"2024-04-27T15:05:36.4060116Z"},"nsu=http://opcfoundation.org/UA/Plc/Applications;s=FastRandomUIntScalar1":{"Value":1736452234,"SourceTimestamp":"2024-04-27T15:05:36.405991Z","ServerTimestamp":"2024-04-27T15:05:36.4059989Z"},"nsu=http://opcfoundation.org/UA/Plc/Applications;s=FastRandomUIntScalar2":{"Value":2615379477,"SourceTimestamp":"2024-04-27T15:05:36.406003Z","ServerTimestamp":"2024-04-27T15:05:36.406008Z"},"nsu=http://opcfoundation.org/UA/Plc/Applications;s=FastRandomUIntScalar3":{"Value":340330752,"SourceTimestamp":"2024-04-27T15:05:36.4060093Z","ServerTimestamp":"2024-04-27T15:05:36.4060107Z"},"nsu=http://opcfoundation.org/UA/Plc/Applications;s=SpikeData":{"Value":-77.0513242775789,"SourceTimestamp":"2024-04-27T15:05:37.2015799Z","ServerTimestamp":"2024-04-27T15:05:37.2015826Z"}}}]