[{"SequenceNumber":93,"MetaDataVersion":{"MajorVersion":1},"Timestamp":"2024-04-27T15:07:15.2008651Z","MessageType":"ua-deltaframe","DataSetWriterName":"<<UnknownDataSet>>","Payload":{"nsu=http://opcfoundation.org/UA/Plc/Applications;s=StepUp":{"Value":1087,"SourceTimestamp":"2024-04-27T15:07:15.1084517Z","ServerTimestamp":"2024-04-27T15:07:15.1084552Z"},"nsu=http://opcfoundation.org/UA/Plc/Applications;s=RandomSignedInt32":{"Value":-379999466,"SourceTimestamp":"2024-04-27T15:07:15.1084748Z","ServerTimestamp":"2024-04-27T15:07:15.1084788Z"},"nsu=http://opcfoundation.org/UA/Plc/Applications;s=RandomUnsignedInt32":{"Value":1558671520,"SourceTimestamp":"2024-04-27T15:07:15.1084816Z","ServerTimestamp":"2024-04-27T15:07:15.1084838Z"},"nsu=http://opcfoundation.org/UA/Plc/Applications;s=DipData":{"Value":98.228725072868855,"SourceTimestamp":"2024-04-27T15:07:15.1084949Z","ServerTimestamp":"2024-04-27T15:07:15.1085327Z"},"nsu=http://opcfoundation.org/UA/Plc/Applications;s=FastUIntScalar1":{"Value":108,"SourceTimestamp":"2024-04-27T15:07:14.4115789Z","ServerTimestamp":"2024-04-27T15:07:14.411583Z"},"nsu=http://opcfoundation.org/UA/Plc/Applications;s=FastUIntScalar2":{"Value":108,"SourceTimestamp":"2024-04-27T15:07:14.4115975Z","ServerTimestamp":"2024-04-27T15:07:14.4116036Z"},"nsu=http://opcfoundation.org/UA/Plc/Applications;s=FastUIntScalar3":{"Value":108,"SourceTimestamp":"2024-04-27T15:07:14.4116058Z","ServerTimestamp":"2024-04-27T15:07:14.4116077Z"},"nsu=http://opcfoundation.org/UA/Plc/Applications;s=FastRandomUIntScalar1":{"Value":2058571075,"SourceTimestamp":"2024-04-27T15:07:14.4115947Z","ServerTimestamp":"2024-04-27T15:07:14.4115974Z"},"nsu=http://opcfoundation.org/UA/Plc/Applications;s=FastRandomUIntScalar2":{"Value":472038827,"SourceTimestamp":"2024-04-27T15:07:14.4116032Z","ServerTimestamp":"2024-04-27T15:07:14.4116054Z"},"nsu=http://opcfoundation.org/UA/Plc/Applications;s=FastRandomUIntScalar3":{"Value":579627457,"SourceTimestamp":"2024-04-27T15:07:14.4116078Z","ServerTimestamp":"2024-04-27T15:07:14.4116098Z"},"nsu=http://opcfoundation.org/UA/Plc/Applications;s=SpikeData":{"Value":98.228725072868855,"SourceTimestamp":"2024-04-27T15:07:15.1084924Z","ServerTimestamp":"2024-04-27T15:07:15.1084936Z"}}}]