[{"SequenceNumber":96,"MetaDataVersion":{"MajorVersion":1},"Timestamp":"2024-04-27T15:07:18.2153509Z","MessageType":"ua-deltaframe","DataSetWriterName":"<<UnknownDataSet>>","Payload":{"nsu=http://opcfoundation.org/UA/Plc/Applications;s=StepUp":{"Value":1117,"SourceTimestamp":"2024-04-27T15:07:18.1076966Z","ServerTimestamp":"2024-04-27T15:07:18.1077011Z"},"nsu=http://opcfoundation.org/UA/Plc/Applications;s=RandomSignedInt32":{"Value":750333788,"SourceTimestamp":"2024-04-27T15:07:18.1077621Z","ServerTimestamp":"2024-04-27T15:07:18.1077651Z"},"nsu=http://opcfoundation.org/UA/Plc/Applications;s=RandomUnsignedInt32":{"Value":335668740,"SourceTimestamp":"2024-04-27T15:07:18.1077518Z","ServerTimestamp":"2024-04-27T15:07:18.1077622Z"},"nsu=http://opcfoundation.org/UA/Plc/Applications;s=DipData":{"Value":-1000,"SourceTimestamp":"2024-04-27T15:07:18.1077846Z","ServerTimestamp":"2024-04-27T15:07:18.1077898Z"},"nsu=http://opcfoundation.org/UA/Plc/Applications;s=FastUIntScalar1":{"Value":111,"SourceTimestamp":"2024-04-27T15:07:17.4112271Z","ServerTimestamp":"2024-04-27T15:07:17.4112295Z"},"nsu=http://opcfoundation.org/UA/Plc/Applications;s=FastUIntScalar2":{"Value":111,"SourceTimestamp":"2024-04-27T15:07:17.411239Z","ServerTimestamp":"2024-04-27T15:07:17.4112452Z"},"nsu=http://opcfoundation.org/UA/Plc/Applications;s=FastUIntScalar3":{"Value":111,"SourceTimestamp":"2024-04-27T15:07:17.4112466Z","ServerTimestamp":"2024-04-27T15:07:17.4112475Z"},"nsu=http://opcfoundation.org/UA/Plc/Applications;s=FastRandomUIntScalar1":{"Value":3414329353,"SourceTimestamp":"2024-04-27T15:07:17.4112321Z","ServerTimestamp":"2024-04-27T15:07:17.4112391Z"},"nsu=http://opcfoundation.org/UA/Plc/Applications;s=FastRandomUIntScalar2":{"Value":3205587816,"SourceTimestamp":"2024-04-27T15:07:17.4112453Z","ServerTimestamp":"2024-04-27T15:07:17.4112465Z"},"nsu=http://opcfoundation.org/UA/Plc/Applications;s=FastRandomUIntScalar3":{"Value":1610114907,"SourceTimestamp":"2024-04-27T15:07:17.4112478Z","ServerTimestamp":"2024-04-27T15:07:17.4112564Z"},"nsu=http://opcfoundation.org/UA/Plc/Applications;s=SpikeData":{"Value":-90.482705246601981,"SourceTimestamp":"2024-04-27T15:07:18.1077845Z","ServerTimestamp":"2024-04-27T15:07:18.1077857Z"}}}]