[{"SequenceNumber":97,"MetaDataVersion":{"MajorVersion":1},"Timestamp":"2024-04-27T15:07:20.2510702Z","MessageType":"ua-deltaframe","DataSetWriterName":"<<UnknownDataSet>>","Payload":{"nsu=http://opcfoundation.org/UA/Plc/Applications;s=StepUp":{"Value":1138,"SourceTimestamp":"2024-04-27T15:07:20.2044855Z","ServerTimestamp":"2024-04-27T15:07:20.2044897Z"},"nsu=http://opcfoundation.org/UA/Plc/Applications;s=RandomSignedInt32":{"Value":1395057793,"SourceTimestamp":"2024-04-27T15:07:20.2045348Z","ServerTimestamp":"2024-04-27T15:07:20.2045378Z"},"nsu=http://opcfoundation.org/UA/Plc/Applications;s=RandomUnsignedInt32":{"Value":430477590,"SourceTimestamp":"2024-04-27T15:07:20.2045314Z","ServerTimestamp":"2024-04-27T15:07:20.2045327Z"},"nsu=http://opcfoundation.org/UA/Plc/Applications;s=DipData":{"Value":99.80267284282715,"SourceTimestamp":"2024-04-27T15:07:20.2045465Z","ServerTimestamp":"2024-04-27T15:07:20.2045479Z"},"nsu=http://opcfoundation.org/UA/Plc/Applications;s=FastUIntScalar1":{"Value":113,"SourceTimestamp":"2024-04-27T15:07:19.4012606Z","ServerTimestamp":"2024-04-27T15:07:19.4012705Z"},"nsu=http://opcfoundation.org/UA/Plc/Applications;s=FastUIntScalar2":{"Value":113,"SourceTimestamp":"2024-04-27T15:07:19.4012796Z","ServerTimestamp":"2024-04-27T15:07:19.4013053Z"},"nsu=http://opcfoundation.org/UA/Plc/Applications;s=FastUIntScalar3":{"Value":113,"SourceTimestamp":"2024-04-27T15:07:19.4013115Z","ServerTimestamp":"2024-04-27T15:07:19.4013212Z"},"nsu=http://opcfoundation.org/UA/Plc/Applications;s=FastRandomUIntScalar1":{"Value":171190276,"SourceTimestamp":"2024-04-27T15:07:19.401278Z","ServerTimestamp":"2024-04-27T15:07:19.4012801Z"},"nsu=http://opcfoundation.org/UA/Plc/Applications;s=FastRandomUIntScalar2":{"Value":375389361,"SourceTimestamp":"2024-04-27T15:07:19.4012972Z","ServerTimestamp":"2024-04-27T15:07:19.4013316Z"},"nsu=http://opcfoundation.org/UA/Plc/Applications;s=FastRandomUIntScalar3":{"Value":3515682885,"SourceTimestamp":"2024-04-27T15:07:19.4013392Z","ServerTimestamp":"2024-04-27T15:07:19.4013447Z"},"nsu=http://opcfoundation.org/UA/Plc/Applications;s=SpikeData":{"Value":99.80267284282715,"SourceTimestamp":"2024-04-27T15:07:20.20457Z","ServerTimestamp":"2024-04-27T15:07:20.2045709Z"}}}]