[{"SequenceNumber":100,"MetaDataVersion":{"MajorVersion":1},"Timestamp":"2024-04-27T15:07:23.2188534Z","MessageType":"ua-deltaframe","DataSetWriterName":"<<UnknownDataSet>>","Payload":{"nsu=http://opcfoundation.org/UA/Plc/Applications;s=StepUp":{"Value":1168,"SourceTimestamp":"2024-04-27T15:07:23.2022576Z","ServerTimestamp":"2024-04-27T15:07:23.2022619Z"},"nsu=http://opcfoundation.org/UA/Plc/Applications;s=RandomSignedInt32":{"Value":828419330,"SourceTimestamp":"2024-04-27T15:07:23.2022751Z","ServerTimestamp":"2024-04-27T15:07:23.2022912Z"},"nsu=http://opcfoundation.org/UA/Plc/Applications;s=RandomUnsignedInt32":{"Value":2101250968,"SourceTimestamp":"2024-04-27T15:07:23.2022958Z","ServerTimestamp":"2024-04-27T15:07:23.202303Z"},"nsu=http://opcfoundation.org/UA/Plc/Applications;s=DipData":{"Value":-84.432792550201526,"SourceTimestamp":"2024-04-27T15:07:23.2023038Z","ServerTimestamp":"2024-04-27T15:07:23.202314Z"},"nsu=http://opcfoundation.org/UA/Plc/Applications;s=FastUIntScalar1":{"Value":116,"SourceTimestamp":"2024-04-27T15:07:22.4004127Z","ServerTimestamp":"2024-04-27T15:07:22.4004147Z"},"nsu=http://opcfoundation.org/UA/Plc/Applications;s=FastUIntScalar2":{"Value":116,"SourceTimestamp":"2024-04-27T15:07:22.4004255Z","ServerTimestamp":"2024-04-27T15:07:22.4004317Z"},"nsu=http://opcfoundation.org/UA/Plc/Applications;s=FastUIntScalar3":{"Value":116,"SourceTimestamp":"2024-04-27T15:07:22.4004333Z","ServerTimestamp":"2024-04-27T15:07:22.4004337Z"},"nsu=http://opcfoundation.org/UA/Plc/Applications;s=FastRandomUIntScalar1":{"Value":3364834936,"SourceTimestamp":"2024-04-27T15:07:22.4004195Z","ServerTimestamp":"2024-04-27T15:07:22.4004255Z"},"nsu=http://opcfoundation.org/UA/Plc/Applications;s=FastRandomUIntScalar2":{"Value":807976451,"SourceTimestamp":"2024-04-27T15:07:22.400446Z","ServerTimestamp":"2024-04-27T15:07:22.4004467Z"},"nsu=http://opcfoundation.org/UA/Plc/Applications;s=FastRandomUIntScalar3":{"Value":4256849592,"SourceTimestamp":"2024-04-27T15:07:22.400448Z","ServerTimestamp":"2024-04-27T15:07:22.4004488Z"},"nsu=http://opcfoundation.org/UA/Plc/Applications;s=SpikeData":{"Value":-84.432792550201526,"SourceTimestamp":"2024-04-27T15:07:23.2023127Z","ServerTimestamp":"2024-04-27T15:07:23.2023298Z"}}}]