[{"SequenceNumber":101,"MetaDataVersion":{"MajorVersion":1},"Timestamp":"2024-04-27T15:07:24.2142997Z","MessageType":"ua-deltaframe","DataSetWriterName":"<<UnknownDataSet>>","Payload":{"nsu=http://opcfoundation.org/UA/Plc/Applications;s=StepUp":{"Value":1178,"SourceTimestamp":"2024-04-27T15:07:24.213666Z","ServerTimestamp":"2024-04-27T15:07:24.2136702Z"},"nsu=http://opcfoundation.org/UA/Plc/Applications;s=RandomSignedInt32":{"Value":1533603951,"SourceTimestamp":"2024-04-27T15:07:24.1043348Z","ServerTimestamp":"2024-04-27T15:07:24.1043361Z"},"nsu=http://opcfoundation.org/UA/Plc/Applications;s=RandomUnsignedInt32":{"Value":389526715,"SourceTimestamp":"2024-04-27T15:07:24.1043393Z","ServerTimestamp":"2024-04-27T15:07:24.1043415Z"},"nsu=http://opcfoundation.org/UA/Plc/Applications;s=DipData":{"Value":12.53332335643041,"SourceTimestamp":"2024-04-27T15:07:24.1043412Z","ServerTimestamp":"2024-04-27T15:07:24.104346Z"},"nsu=http://opcfoundation.org/UA/Plc/Applications;s=FastUIntScalar1":{"Value":117,"SourceTimestamp":"2024-04-27T15:07:23.4057989Z","ServerTimestamp":"2024-04-27T15:07:23.4058009Z"},"nsu=http://opcfoundation.org/UA/Plc/Applications;s=FastUIntScalar2":{"Value":117,"SourceTimestamp":"2024-04-27T15:07:23.4058165Z","ServerTimestamp":"2024-04-27T15:07:23.405823Z"},"nsu=http://opcfoundation.org/UA/Plc/Applications;s=FastUIntScalar3":{"Value":117,"SourceTimestamp":"2024-04-27T15:07:23.4058238Z","ServerTimestamp":"2024-04-27T15:07:23.4058249Z"},"nsu=http://opcfoundation.org/UA/Plc/Applications;s=FastRandomUIntScalar1":{"Value":4044991959,"SourceTimestamp":"2024-04-27T15:07:23.4058099Z","ServerTimestamp":"2024-04-27T15:07:23.4058169Z"},"nsu=http://opcfoundation.org/UA/Plc/Applications;s=FastRandomUIntScalar2":{"Value":4132189140,"SourceTimestamp":"2024-04-27T15:07:23.405823Z","ServerTimestamp":"2024-04-27T15:07:23.4058238Z"},"nsu=http://opcfoundation.org/UA/Plc/Applications;s=FastRandomUIntScalar3":{"Value":349200609,"SourceTimestamp":"2024-04-27T15:07:23.4058249Z","ServerTimestamp":"2024-04-27T15:07:23.4058314Z"},"nsu=http://opcfoundation.org/UA/Plc/Applications;s=SpikeData":{"Value":12.53332335643041,"SourceTimestamp":"2024-04-27T15:07:24.1043474Z","ServerTimestamp":"2024-04-27T15:07:24.1043482Z"}}}]