[{"SequenceNumber":12,"MetaDataVersion":{"MajorVersion":1},"Timestamp":"2024-04-27T15:05:40.1992679Z","MessageType":"ua-deltaframe","DataSetWriterName":"<<UnknownDataSet>>","Payload":{"nsu=http://opcfoundation.org/UA/Plc/Applications;s=StepUp":{"Value":137,"SourceTimestamp":"2024-04-27T15:05:40.1065185Z","ServerTimestamp":"2024-04-27T15:05:40.1065233Z"},"nsu=http://opcfoundation.org/UA/Plc/Applications;s=RandomSignedInt32":{"Value":1271259105,"SourceTimestamp":"2024-04-27T15:05:40.1065467Z","ServerTimestamp":"2024-04-27T15:05:40.1065553Z"},"nsu=http://opcfoundation.org/UA/Plc/Applications;s=RandomUnsignedInt32":{"Value":484427938,"SourceTimestamp":"2024-04-27T15:05:40.1065593Z","ServerTimestamp":"2024-04-27T15:05:40.1065626Z"},"nsu=http://opcfoundation.org/UA/Plc/Applications;s=DipData":{"Value":98.228725072868855,"SourceTimestamp":"2024-04-27T15:05:40.1066034Z","ServerTimestamp":"2024-04-27T15:05:40.1066066Z"},"nsu=http://opcfoundation.org/UA/Plc/Applications;s=FastUIntScalar1":{"Value":13,"SourceTimestamp":"2024-04-27T15:05:39.4111091Z","ServerTimestamp":"2024-04-27T15:05:39.4111112Z"},"nsu=http://opcfoundation.org/UA/Plc/Applications;s=FastUIntScalar2":{"Value":13,"SourceTimestamp":"2024-04-27T15:05:39.4111276Z","ServerTimestamp":"2024-04-27T15:05:39.4111284Z"},"nsu=http://opcfoundation.org/UA/Plc/Applications;s=FastUIntScalar3":{"Value":13,"SourceTimestamp":"2024-04-27T15:05:39.4111346Z","ServerTimestamp":"2024-04-27T15:05:39.4111424Z"},"nsu=http://opcfoundation.org/UA/Plc/Applications;s=FastRandomUIntScalar1":{"Value":521046412,"SourceTimestamp":"2024-04-27T15:05:39.4111303Z","ServerTimestamp":"2024-04-27T15:05:39.4111353Z"},"nsu=http://opcfoundation.org/UA/Plc/Applications;s=FastRandomUIntScalar2":{"Value":1405081097,"SourceTimestamp":"2024-04-27T15:05:39.4111425Z","ServerTimestamp":"2024-04-27T15:05:39.4111434Z"},"nsu=http://opcfoundation.org/UA/Plc/Applications;s=FastRandomUIntScalar3":{"Value":2585940823,"SourceTimestamp":"2024-04-27T15:05:39.4111445Z","ServerTimestamp":"2024-04-27T15:05:39.4111452Z"},"nsu=http://opcfoundation.org/UA/Plc/Applications;s=SpikeData":{"Value":98.228725072868855,"SourceTimestamp":"2024-04-27T15:05:40.1065852Z","ServerTimestamp":"2024-04-27T15:05:40.1065869Z"}}}]