[{"SequenceNumber":16,"MetaDataVersion":{"MajorVersion":1},"Timestamp":"2024-04-27T15:05:44.2202386Z","MessageType":"ua-deltaframe","DataSetWriterName":"<<UnknownDataSet>>","Payload":{"nsu=http://opcfoundation.org/UA/Plc/Applications;s=StepUp":{"Value":178,"SourceTimestamp":"2024-04-27T15:05:44.2043811Z","ServerTimestamp":"2024-04-27T15:05:44.2044014Z"},"nsu=http://opcfoundation.org/UA/Plc/Applications;s=RandomSignedInt32":{"Value":1109059695,"SourceTimestamp":"2024-04-27T15:05:44.2044062Z","ServerTimestamp":"2024-04-27T15:05:44.2044169Z"},"nsu=http://opcfoundation.org/UA/Plc/Applications;s=RandomUnsignedInt32":{"Value":1285041190,"SourceTimestamp":"2024-04-27T15:05:44.2044215Z","ServerTimestamp":"2024-04-27T15:05:44.2044272Z"},"nsu=http://opcfoundation.org/UA/Plc/Applications;s=DipData":{"Value":24.868988716485482,"SourceTimestamp":"2024-04-27T15:05:44.2044489Z","ServerTimestamp":"2024-04-27T15:05:44.2044509Z"},"nsu=http://opcfoundation.org/UA/Plc/Applications;s=FastUIntScalar1":{"Value":17,"SourceTimestamp":"2024-04-27T15:05:43.4001199Z","ServerTimestamp":"2024-04-27T15:05:43.4001232Z"},"nsu=http://opcfoundation.org/UA/Plc/Applications;s=FastUIntScalar2":{"Value":17,"SourceTimestamp":"2024-04-27T15:05:43.4001387Z","ServerTimestamp":"2024-04-27T15:05:43.4001525Z"},"nsu=http://opcfoundation.org/UA/Plc/Applications;s=FastUIntScalar3":{"Value":17,"SourceTimestamp":"2024-04-27T15:05:43.4001551Z","ServerTimestamp":"2024-04-27T15:05:43.4001572Z"},"nsu=http://opcfoundation.org/UA/Plc/Applications;s=FastRandomUIntScalar1":{"Value":3612401713,"SourceTimestamp":"2024-04-27T15:05:43.4001284Z","ServerTimestamp":"2024-04-27T15:05:43.4001398Z"},"nsu=http://opcfoundation.org/UA/Plc/Applications;s=FastRandomUIntScalar2":{"Value":1340150804,"SourceTimestamp":"2024-04-27T15:05:43.4001525Z","ServerTimestamp":"2024-04-27T15:05:43.400155Z"},"nsu=http://opcfoundation.org/UA/Plc/Applications;s=FastRandomUIntScalar3":{"Value":3358071935,"SourceTimestamp":"2024-04-27T15:05:43.4001572Z","ServerTimestamp":"2024-04-27T15:05:43.4001594Z"},"nsu=http://opcfoundation.org/UA/Plc/Applications;s=SpikeData":{"Value":24.868988716485482,"SourceTimestamp":"2024-04-27T15:05:44.2044419Z","ServerTimestamp":"2024-04-27T15:05:44.2044434Z"}}}]