[{"DataSetWriterId":1,"SequenceNumber":2,"MetaDataVersion":{"MajorVersion":1},"Timestamp":"2024-04-27T15:05:47.3190822Z","MessageType":"ua-deltaframe","DataSetWriterName":"<<UnknownDataSet>>","Payload":{"nsu=http://opcfoundation.org/UA/Plc/Applications;s=SlowUIntScalar1":{"Value":2,"SourceTimestamp":"2024-04-27T15:05:46.4021965Z","ServerTimestamp":"2024-04-27T15:05:46.4022006Z"},"nsu=http://opcfoundation.org/UA/Plc/Applications;s=SlowUIntScalar2":{"Value":2,"SourceTimestamp":"2024-04-27T15:05:46.4022148Z","ServerTimestamp":"2024-04-27T15:05:46.4022159Z"},"nsu=http://opcfoundation.org/UA/Plc/Applications;s=SlowUIntScalar3":{"Value":2,"SourceTimestamp":"2024-04-27T15:05:46.4022186Z","ServerTimestamp":"2024-04-27T15:05:46.4022195Z"},"nsu=http://opcfoundation.org/UA/Plc/Applications;s=BadSlowUIntScalar1":{"Value":2,"SourceTimestamp":"2024-04-27T15:05:46.4022218Z","ServerTimestamp":"2024-04-27T15:05:46.4022229Z"},"nsu=http://opcfoundation.org/UA/Plc/Applications;s=SlowRandomUIntScalar1":{"Value":1626502979,"SourceTimestamp":"2024-04-27T15:05:46.4022256Z","ServerTimestamp":"2024-04-27T15:05:46.4022296Z"},"nsu=http://opcfoundation.org/UA/Plc/Applications;s=SlowRandomUIntScalar2":{"Value":3382496265,"SourceTimestamp":"2024-04-27T15:05:46.4022422Z","ServerTimestamp":"2024-04-27T15:05:46.4022674Z"},"nsu=http://opcfoundation.org/UA/Plc/Applications;s=SlowRandomUIntScalar3":{"Value":15813342,"SourceTimestamp":"2024-04-27T15:05:46.4022706Z","ServerTimestamp":"2024-04-27T15:05:46.4022727Z"},"nsu=http://opcfoundation.org/UA/Plc/Applications;s=BadSlowRandomUIntScalar1":{"Value":3357687043,"SourceTimestamp":"2024-04-27T15:05:46.402276Z","ServerTimestamp":"2024-04-27T15:05:46.4022801Z"}}}]