[{"SequenceNumber":3,"MetaDataVersion":{"MajorVersion":1},"Timestamp":"2024-04-27T15:05:29.2206735Z","MessageType":"ua-deltaframe","DataSetWriterName":"<<UnknownDataSet>>","Payload":{"nsu=http://opcfoundation.org/UA/Plc/Applications;s=StepUp":{"Value":28,"SourceTimestamp":"2024-04-27T15:05:29.204519Z","ServerTimestamp":"2024-04-27T15:05:29.2045383Z"},"nsu=http://opcfoundation.org/UA/Plc/Applications;s=RandomSignedInt32":{"Value":1485729519,"SourceTimestamp":"2024-04-27T15:05:29.2045485Z","ServerTimestamp":"2024-04-27T15:05:29.2045535Z"},"nsu=http://opcfoundation.org/UA/Plc/Applications;s=RandomUnsignedInt32":{"Value":284063924,"SourceTimestamp":"2024-04-27T15:05:29.2045583Z","ServerTimestamp":"2024-04-27T15:05:29.2045631Z"},"nsu=http://opcfoundation.org/UA/Plc/Applications;s=DipData":{"Value":24.868988716485482,"SourceTimestamp":"2024-04-27T15:05:29.2045931Z","ServerTimestamp":"2024-04-27T15:05:29.2045955Z"},"nsu=http://opcfoundation.org/UA/Plc/Applications;s=FastUIntScalar1":{"Value":2,"SourceTimestamp":"2024-04-27T15:05:28.4027348Z","ServerTimestamp":"2024-04-27T15:05:28.4027379Z"},"nsu=http://opcfoundation.org/UA/Plc/Applications;s=FastUIntScalar2":{"Value":2,"SourceTimestamp":"2024-04-27T15:05:28.40275Z","ServerTimestamp":"2024-04-27T15:05:28.4027612Z"},"nsu=http://opcfoundation.org/UA/Plc/Applications;s=FastUIntScalar3":{"Value":2,"SourceTimestamp":"2024-04-27T15:05:28.4027632Z","ServerTimestamp":"2024-04-27T15:05:28.4027695Z"},"nsu=http://opcfoundation.org/UA/Plc/Applications;s=FastRandomUIntScalar1":{"Value":132291317,"SourceTimestamp":"2024-04-27T15:05:28.4027349Z","ServerTimestamp":"2024-04-27T15:05:28.4027504Z"},"nsu=http://opcfoundation.org/UA/Plc/Applications;s=FastRandomUIntScalar2":{"Value":846131122,"SourceTimestamp":"2024-04-27T15:05:28.402761Z","ServerTimestamp":"2024-04-27T15:05:28.4027632Z"},"nsu=http://opcfoundation.org/UA/Plc/Applications;s=FastRandomUIntScalar3":{"Value":3397663127,"SourceTimestamp":"2024-04-27T15:05:28.4027665Z","ServerTimestamp":"2024-04-27T15:05:28.4027673Z"},"nsu=http://opcfoundation.org/UA/Plc/Applications;s=SpikeData":{"Value":24.868988716485482,"SourceTimestamp":"2024-04-27T15:05:29.204584Z","ServerTimestamp":"2024-04-27T15:05:29.2045854Z"}}}]