[{"SequenceNumber":28,"MetaDataVersion":{"MajorVersion":1},"Timestamp":"2024-04-27T15:05:58.2273637Z","MessageType":"ua-deltaframe","DataSetWriterName":"<<UnknownDataSet>>","Payload":{"nsu=http://opcfoundation.org/UA/Plc/Applications;s=StepUp":{"Value":318,"SourceTimestamp":"2024-04-27T15:05:58.2117428Z","ServerTimestamp":"2024-04-27T15:05:58.2117458Z"},"nsu=http://opcfoundation.org/UA/Plc/Applications;s=RandomSignedInt32":{"Value":-694627461,"SourceTimestamp":"2024-04-27T15:05:58.2117527Z","ServerTimestamp":"2024-04-27T15:05:58.2117614Z"},"nsu=http://opcfoundation.org/UA/Plc/Applications;s=RandomUnsignedInt32":{"Value":1345524952,"SourceTimestamp":"2024-04-27T15:05:58.2117694Z","ServerTimestamp":"2024-04-27T15:05:58.2117712Z"},"nsu=http://opcfoundation.org/UA/Plc/Applications;s=DipData":{"Value":-84.432792550201526,"SourceTimestamp":"2024-04-27T15:05:58.2117796Z","ServerTimestamp":"2024-04-27T15:05:58.2117816Z"},"nsu=http://opcfoundation.org/UA/Plc/Applications;s=FastUIntScalar1":{"Value":31,"SourceTimestamp":"2024-04-27T15:05:57.407942Z","ServerTimestamp":"2024-04-27T15:05:57.4079443Z"},"nsu=http://opcfoundation.org/UA/Plc/Applications;s=FastUIntScalar2":{"Value":31,"SourceTimestamp":"2024-04-27T15:05:57.4079565Z","ServerTimestamp":"2024-04-27T15:05:57.4079738Z"},"nsu=http://opcfoundation.org/UA/Plc/Applications;s=FastUIntScalar3":{"Value":31,"SourceTimestamp":"2024-04-27T15:05:57.4079752Z","ServerTimestamp":"2024-04-27T15:05:57.407983Z"},"nsu=http://opcfoundation.org/UA/Plc/Applications;s=FastRandomUIntScalar1":{"Value":1012811300,"SourceTimestamp":"2024-04-27T15:05:57.4079485Z","ServerTimestamp":"2024-04-27T15:05:57.4079566Z"},"nsu=http://opcfoundation.org/UA/Plc/Applications;s=FastRandomUIntScalar2":{"Value":2571534658,"SourceTimestamp":"2024-04-27T15:05:57.4079654Z","ServerTimestamp":"2024-04-27T15:05:57.407966Z"},"nsu=http://opcfoundation.org/UA/Plc/Applications;s=FastRandomUIntScalar3":{"Value":2430132275,"SourceTimestamp":"2024-04-27T15:05:57.4079672Z","ServerTimestamp":"2024-04-27T15:05:57.4079678Z"},"nsu=http://opcfoundation.org/UA/Plc/Applications;s=SpikeData":{"Value":-84.432792550201526,"SourceTimestamp":"2024-04-27T15:05:58.2117828Z","ServerTimestamp":"2024-04-27T15:05:58.2117849Z"}}}]