[{"SequenceNumber":29,"MetaDataVersion":{"MajorVersion":1},"Timestamp":"2024-04-27T15:05:59.2241379Z","MessageType":"ua-deltaframe","DataSetWriterName":"<<UnknownDataSet>>","Payload":{"nsu=http://opcfoundation.org/UA/Plc/Applications;s=StepUp":{"Value":328,"SourceTimestamp":"2024-04-27T15:05:59.2079326Z","ServerTimestamp":"2024-04-27T15:05:59.2079352Z"},"nsu=http://opcfoundation.org/UA/Plc/Applications;s=RandomSignedInt32":{"Value":-1670723558,"SourceTimestamp":"2024-04-27T15:05:59.2079485Z","ServerTimestamp":"2024-04-27T15:05:59.2079532Z"},"nsu=http://opcfoundation.org/UA/Plc/Applications;s=RandomUnsignedInt32":{"Value":782231898,"SourceTimestamp":"2024-04-27T15:05:59.2079611Z","ServerTimestamp":"2024-04-27T15:05:59.207962Z"},"nsu=http://opcfoundation.org/UA/Plc/Applications;s=DipData":{"Value":24.868988716485482,"SourceTimestamp":"2024-04-27T15:05:59.2079616Z","ServerTimestamp":"2024-04-27T15:05:59.2079678Z"},"nsu=http://opcfoundation.org/UA/Plc/Applications;s=FastUIntScalar1":{"Value":32,"SourceTimestamp":"2024-04-27T15:05:58.4146389Z","ServerTimestamp":"2024-04-27T15:05:58.4146411Z"},"nsu=http://opcfoundation.org/UA/Plc/Applications;s=FastUIntScalar2":{"Value":32,"SourceTimestamp":"2024-04-27T15:05:58.4146506Z","ServerTimestamp":"2024-04-27T15:05:58.414676Z"},"nsu=http://opcfoundation.org/UA/Plc/Applications;s=FastUIntScalar3":{"Value":32,"SourceTimestamp":"2024-04-27T15:05:58.414679Z","ServerTimestamp":"2024-04-27T15:05:58.4146795Z"},"nsu=http://opcfoundation.org/UA/Plc/Applications;s=FastRandomUIntScalar1":{"Value":4091362031,"SourceTimestamp":"2024-04-27T15:05:58.4146445Z","ServerTimestamp":"2024-04-27T15:05:58.414651Z"},"nsu=http://opcfoundation.org/UA/Plc/Applications;s=FastRandomUIntScalar2":{"Value":491481932,"SourceTimestamp":"2024-04-27T15:05:58.4146692Z","ServerTimestamp":"2024-04-27T15:05:58.4146699Z"},"nsu=http://opcfoundation.org/UA/Plc/Applications;s=FastRandomUIntScalar3":{"Value":3955226010,"SourceTimestamp":"2024-04-27T15:05:58.414671Z","ServerTimestamp":"2024-04-27T15:05:58.4146716Z"},"nsu=http://opcfoundation.org/UA/Plc/Applications;s=SpikeData":{"Value":24.868988716485482,"SourceTimestamp":"2024-04-27T15:05:59.2079673Z","ServerTimestamp":"2024-04-27T15:05:59.2079695Z"}}}]