[{"SequenceNumber":30,"MetaDataVersion":{"MajorVersion":1},"Timestamp":"2024-04-27T15:06:00.2192884Z","MessageType":"ua-deltaframe","DataSetWriterName":"<<UnknownDataSet>>","Payload":{"nsu=http://opcfoundation.org/UA/Plc/Applications;s=StepUp":{"Value":338,"SourceTimestamp":"2024-04-27T15:06:00.2042023Z","ServerTimestamp":"2024-04-27T15:06:00.2042059Z"},"nsu=http://opcfoundation.org/UA/Plc/Applications;s=RandomSignedInt32":{"Value":649154185,"SourceTimestamp":"2024-04-27T15:06:00.2042041Z","ServerTimestamp":"2024-04-27T15:06:00.2042371Z"},"nsu=http://opcfoundation.org/UA/Plc/Applications;s=RandomUnsignedInt32":{"Value":129201648,"SourceTimestamp":"2024-04-27T15:06:00.2042036Z","ServerTimestamp":"2024-04-27T15:06:00.2042579Z"},"nsu=http://opcfoundation.org/UA/Plc/Applications;s=DipData":{"Value":99.80267284282715,"SourceTimestamp":"2024-04-27T15:06:00.204227Z","ServerTimestamp":"2024-04-27T15:06:00.2042318Z"},"nsu=http://opcfoundation.org/UA/Plc/Applications;s=FastUIntScalar1":{"Value":33,"SourceTimestamp":"2024-04-27T15:05:59.409873Z","ServerTimestamp":"2024-04-27T15:05:59.4098913Z"},"nsu=http://opcfoundation.org/UA/Plc/Applications;s=FastUIntScalar2":{"Value":33,"SourceTimestamp":"2024-04-27T15:05:59.4098963Z","ServerTimestamp":"2024-04-27T15:05:59.4098986Z"},"nsu=http://opcfoundation.org/UA/Plc/Applications;s=FastUIntScalar3":{"Value":33,"SourceTimestamp":"2024-04-27T15:05:59.4099008Z","ServerTimestamp":"2024-04-27T15:05:59.4099035Z"},"nsu=http://opcfoundation.org/UA/Plc/Applications;s=FastRandomUIntScalar1":{"Value":177846996,"SourceTimestamp":"2024-04-27T15:05:59.4098737Z","ServerTimestamp":"2024-04-27T15:05:59.409877Z"},"nsu=http://opcfoundation.org/UA/Plc/Applications;s=FastRandomUIntScalar2":{"Value":770324703,"SourceTimestamp":"2024-04-27T15:05:59.409891Z","ServerTimestamp":"2024-04-27T15:05:59.4098963Z"},"nsu=http://opcfoundation.org/UA/Plc/Applications;s=FastRandomUIntScalar3":{"Value":504930865,"SourceTimestamp":"2024-04-27T15:05:59.4098986Z","ServerTimestamp":"2024-04-27T15:05:59.4099016Z"},"nsu=http://opcfoundation.org/UA/Plc/Applications;s=SpikeData":{"Value":99.80267284282715,"SourceTimestamp":"2024-04-27T15:06:00.2042389Z","ServerTimestamp":"2024-04-27T15:06:00.2042415Z"}}}]