[{"SequenceNumber":32,"MetaDataVersion":{"MajorVersion":1},"Timestamp":"2024-04-27T15:06:03.2530419Z","MessageType":"ua-deltaframe","DataSetWriterName":"<<UnknownDataSet>>","Payload":{"nsu=http://opcfoundation.org/UA/Plc/Applications;s=StepUp":{"Value":368,"SourceTimestamp":"2024-04-27T15:06:03.206578Z","ServerTimestamp":"2024-04-27T15:06:03.2065834Z"},"nsu=http://opcfoundation.org/UA/Plc/Applications;s=RandomSignedInt32":{"Value":437203234,"SourceTimestamp":"2024-04-27T15:06:03.2066233Z","ServerTimestamp":"2024-04-27T15:06:03.2066243Z"},"nsu=http://opcfoundation.org/UA/Plc/Applications;s=RandomUnsignedInt32":{"Value":97172180,"SourceTimestamp":"2024-04-27T15:06:03.2066457Z","ServerTimestamp":"2024-04-27T15:06:03.2066485Z"},"nsu=http://opcfoundation.org/UA/Plc/Applications;s=DipData":{"Value":-84.432792550201526,"SourceTimestamp":"2024-04-27T15:06:03.2066362Z","ServerTimestamp":"2024-04-27T15:06:03.2066439Z"},"nsu=http://opcfoundation.org/UA/Plc/Applications;s=FastUIntScalar1":{"Value":36,"SourceTimestamp":"2024-04-27T15:06:02.401783Z","ServerTimestamp":"2024-04-27T15:06:02.4017872Z"},"nsu=http://opcfoundation.org/UA/Plc/Applications;s=FastUIntScalar2":{"Value":36,"SourceTimestamp":"2024-04-27T15:06:02.4018014Z","ServerTimestamp":"2024-04-27T15:06:02.401803Z"},"nsu=http://opcfoundation.org/UA/Plc/Applications;s=FastUIntScalar3":{"Value":36,"SourceTimestamp":"2024-04-27T15:06:02.4018055Z","ServerTimestamp":"2024-04-27T15:06:02.4018064Z"},"nsu=http://opcfoundation.org/UA/Plc/Applications;s=FastRandomUIntScalar1":{"Value":2582593389,"SourceTimestamp":"2024-04-27T15:06:02.4017598Z","ServerTimestamp":"2024-04-27T15:06:02.401764Z"},"nsu=http://opcfoundation.org/UA/Plc/Applications;s=FastRandomUIntScalar2":{"Value":961630595,"SourceTimestamp":"2024-04-27T15:06:02.4017776Z","ServerTimestamp":"2024-04-27T15:06:02.4017787Z"},"nsu=http://opcfoundation.org/UA/Plc/Applications;s=FastRandomUIntScalar3":{"Value":3313944075,"SourceTimestamp":"2024-04-27T15:06:02.4017807Z","ServerTimestamp":"2024-04-27T15:06:02.4017817Z"},"nsu=http://opcfoundation.org/UA/Plc/Applications;s=SpikeData":{"Value":-84.432792550201526,"SourceTimestamp":"2024-04-27T15:06:03.2066835Z","ServerTimestamp":"2024-04-27T15:06:03.2066861Z"}}}]