[{"DataSetWriterId":1,"SequenceNumber":4,"MetaDataVersion":{"MajorVersion":1},"Timestamp":"2024-04-27T15:06:07.2817324Z","MessageType":"ua-deltaframe","DataSetWriterName":"<<UnknownDataSet>>","Payload":{"nsu=http://opcfoundation.org/UA/Plc/Applications;s=SlowUIntScalar1":{"Value":4,"SourceTimestamp":"2024-04-27T15:06:06.4005191Z","ServerTimestamp":"2024-04-27T15:06:06.4005228Z"},"nsu=http://opcfoundation.org/UA/Plc/Applications;s=SlowUIntScalar2":{"Value":4,"SourceTimestamp":"2024-04-27T15:06:06.4005321Z","ServerTimestamp":"2024-04-27T15:06:06.4005337Z"},"nsu=http://opcfoundation.org/UA/Plc/Applications;s=SlowUIntScalar3":{"Value":4,"SourceTimestamp":"2024-04-27T15:06:06.4005363Z","ServerTimestamp":"2024-04-27T15:06:06.4005374Z"},"nsu=http://opcfoundation.org/UA/Plc/Applications;s=BadSlowUIntScalar1":{"Value":4,"StatusCode":{"Symbol":"UncertainLastUsableValue","Code":1083179008},"SourceTimestamp":"2024-04-27T15:06:06.4005397Z","ServerTimestamp":"2024-04-27T15:06:06.400541Z"},"nsu=http://opcfoundation.org/UA/Plc/Applications;s=SlowRandomUIntScalar1":{"Value":3850938871,"SourceTimestamp":"2024-04-27T15:06:06.4004909Z","ServerTimestamp":"2024-04-27T15:06:06.4004923Z"},"nsu=http://opcfoundation.org/UA/Plc/Applications;s=SlowRandomUIntScalar2":{"Value":3658771510,"SourceTimestamp":"2024-04-27T15:06:06.4004953Z","ServerTimestamp":"2024-04-27T15:06:06.4004963Z"},"nsu=http://opcfoundation.org/UA/Plc/Applications;s=SlowRandomUIntScalar3":{"Value":2113534262,"SourceTimestamp":"2024-04-27T15:06:06.4004983Z","ServerTimestamp":"2024-04-27T15:06:06.4004993Z"},"nsu=http://opcfoundation.org/UA/Plc/Applications;s=BadSlowRandomUIntScalar1":{"Value":2799707622,"StatusCode":{"Symbol":"UncertainLastUsableValue","Code":1083179008},"SourceTimestamp":"2024-04-27T15:06:06.4005014Z","ServerTimestamp":"2024-04-27T15:06:06.4005021Z"}}}]