[{"SequenceNumber":40,"MetaDataVersion":{"MajorVersion":1},"Timestamp":"2024-04-27T15:06:12.2302391Z","MessageType":"ua-deltaframe","DataSetWriterName":"<<UnknownDataSet>>","Payload":{"nsu=http://opcfoundation.org/UA/Plc/Applications;s=StepUp":{"Value":458,"SourceTimestamp":"2024-04-27T15:06:12.199453Z","ServerTimestamp":"2024-04-27T15:06:12.1994554Z"},"nsu=http://opcfoundation.org/UA/Plc/Applications;s=AlternatingBoolean":{"Value":false,"SourceTimestamp":"2024-04-27T15:06:11.5029318Z","ServerTimestamp":"2024-04-27T15:06:11.5029332Z"},"nsu=http://opcfoundation.org/UA/Plc/Applications;s=RandomSignedInt32":{"Value":87789369,"SourceTimestamp":"2024-04-27T15:06:12.199474Z","ServerTimestamp":"2024-04-27T15:06:12.1994749Z"},"nsu=http://opcfoundation.org/UA/Plc/Applications;s=RandomUnsignedInt32":{"Value":1545940666,"SourceTimestamp":"2024-04-27T15:06:12.1994767Z","ServerTimestamp":"2024-04-27T15:06:12.1994788Z"},"nsu=http://opcfoundation.org/UA/Plc/Applications;s=DipData":{"Value":-77.0513242775789,"SourceTimestamp":"2024-04-27T15:06:12.1994847Z","ServerTimestamp":"2024-04-27T15:06:12.1994867Z"},"nsu=http://opcfoundation.org/UA/Plc/Applications;s=FastUIntScalar1":{"Value":45,"SourceTimestamp":"2024-04-27T15:06:11.4100033Z","ServerTimestamp":"2024-04-27T15:06:11.4100057Z"},"nsu=http://opcfoundation.org/UA/Plc/Applications;s=FastUIntScalar2":{"Value":45,"SourceTimestamp":"2024-04-27T15:06:11.4100153Z","ServerTimestamp":"2024-04-27T15:06:11.4100227Z"},"nsu=http://opcfoundation.org/UA/Plc/Applications;s=FastUIntScalar3":{"Value":45,"SourceTimestamp":"2024-04-27T15:06:11.4100241Z","ServerTimestamp":"2024-04-27T15:06:11.4100252Z"},"nsu=http://opcfoundation.org/UA/Plc/Applications;s=FastRandomUIntScalar1":{"Value":2300025205,"SourceTimestamp":"2024-04-27T15:06:11.4100141Z","ServerTimestamp":"2024-04-27T15:06:11.4100164Z"},"nsu=http://opcfoundation.org/UA/Plc/Applications;s=FastRandomUIntScalar2":{"Value":2628433750,"SourceTimestamp":"2024-04-27T15:06:11.4100227Z","ServerTimestamp":"2024-04-27T15:06:11.4100241Z"},"nsu=http://opcfoundation.org/UA/Plc/Applications;s=FastRandomUIntScalar3":{"Value":1613113134,"SourceTimestamp":"2024-04-27T15:06:11.4100251Z","ServerTimestamp":"2024-04-27T15:06:11.4100264Z"},"nsu=http://opcfoundation.org/UA/Plc/Applications;s=NegativeTrendData":{"Value":99.400000000000006,"SourceTimestamp":"2024-04-27T15:06:11.5028985Z","ServerTimestamp":"2024-04-27T15:06:11.5029458Z"},"nsu=http://opcfoundation.org/UA/Plc/Applications;s=PositiveTrendData":{"Value":100.5,"SourceTimestamp":"2024-04-27T15:06:11.5028933Z","ServerTimestamp":"2024-04-27T15:06:11.5029222Z"},"nsu=http://opcfoundation.org/UA/Plc/Applications;s=SpikeData":{"Value":-77.0513242775789,"SourceTimestamp":"2024-04-27T15:06:12.1994978Z","ServerTimestamp":"2024-04-27T15:06:12.1994993Z"}}}]