[{"SequenceNumber":48,"MetaDataVersion":{"MajorVersion":1},"Timestamp":"2024-04-27T15:06:22.2500186Z","MessageType":"ua-deltaframe","DataSetWriterName":"<<UnknownDataSet>>","Payload":{"nsu=http://opcfoundation.org/UA/Plc/Applications;s=StepUp":{"Value":558,"SourceTimestamp":"2024-04-27T15:06:22.2018743Z","ServerTimestamp":"2024-04-27T15:06:22.2018789Z"},"nsu=http://opcfoundation.org/UA/Plc/Applications;s=AlternatingBoolean":{"Value":false,"SourceTimestamp":"2024-04-27T15:06:21.5053759Z","ServerTimestamp":"2024-04-27T15:06:21.5053792Z"},"nsu=http://opcfoundation.org/UA/Plc/Applications;s=RandomSignedInt32":{"Value":-183222425,"SourceTimestamp":"2024-04-27T15:06:22.2019236Z","ServerTimestamp":"2024-04-27T15:06:22.2019328Z"},"nsu=http://opcfoundation.org/UA/Plc/Applications;s=RandomUnsignedInt32":{"Value":1501795623,"SourceTimestamp":"2024-04-27T15:06:22.201925Z","ServerTimestamp":"2024-04-27T15:06:22.2019375Z"},"nsu=http://opcfoundation.org/UA/Plc/Applications;s=DipData":{"Value":-77.0513242775789,"SourceTimestamp":"2024-04-27T15:06:22.201956Z","ServerTimestamp":"2024-04-27T15:06:22.2019678Z"},"nsu=http://opcfoundation.org/UA/Plc/Applications;s=FastUIntScalar1":{"Value":55,"SourceTimestamp":"2024-04-27T15:06:21.4139879Z","ServerTimestamp":"2024-04-27T15:06:21.4139894Z"},"nsu=http://opcfoundation.org/UA/Plc/Applications;s=FastUIntScalar2":{"Value":55,"SourceTimestamp":"2024-04-27T15:06:21.4139966Z","ServerTimestamp":"2024-04-27T15:06:21.4140022Z"},"nsu=http://opcfoundation.org/UA/Plc/Applications;s=FastUIntScalar3":{"Value":55,"SourceTimestamp":"2024-04-27T15:06:21.4140031Z","ServerTimestamp":"2024-04-27T15:06:21.4140041Z"},"nsu=http://opcfoundation.org/UA/Plc/Applications;s=FastRandomUIntScalar1":{"Value":2641620381,"SourceTimestamp":"2024-04-27T15:06:21.4139901Z","ServerTimestamp":"2024-04-27T15:06:21.413997Z"},"nsu=http://opcfoundation.org/UA/Plc/Applications;s=FastRandomUIntScalar2":{"Value":2791541645,"SourceTimestamp":"2024-04-27T15:06:21.4140022Z","ServerTimestamp":"2024-04-27T15:06:21.4140033Z"},"nsu=http://opcfoundation.org/UA/Plc/Applications;s=FastRandomUIntScalar3":{"Value":1573241864,"SourceTimestamp":"2024-04-27T15:06:21.4140042Z","ServerTimestamp":"2024-04-27T15:06:21.4140048Z"},"nsu=http://opcfoundation.org/UA/Plc/Applications;s=NegativeTrendData":{"Value":99.200000000000003,"SourceTimestamp":"2024-04-27T15:06:21.5054078Z","ServerTimestamp":"2024-04-27T15:06:21.5054259Z"},"nsu=http://opcfoundation.org/UA/Plc/Applications;s=PositiveTrendData":{"Value":100.7,"SourceTimestamp":"2024-04-27T15:06:21.5054144Z","ServerTimestamp":"2024-04-27T15:06:21.5054228Z"},"nsu=http://opcfoundation.org/UA/Plc/Applications;s=SpikeData":{"Value":-77.0513242775789,"SourceTimestamp":"2024-04-27T15:06:22.2019496Z","ServerTimestamp":"2024-04-27T15:06:22.2019515Z"}}}]