[{"SequenceNumber":51,"MetaDataVersion":{"MajorVersion":1},"Timestamp":"2024-04-27T15:06:25.2212872Z","MessageType":"ua-deltaframe","DataSetWriterName":"<<UnknownDataSet>>","Payload":{"nsu=http://opcfoundation.org/UA/Plc/Applications;s=StepUp":{"Value":588,"SourceTimestamp":"2024-04-27T15:06:25.2058807Z","ServerTimestamp":"2024-04-27T15:06:25.2058853Z"},"nsu=http://opcfoundation.org/UA/Plc/Applications;s=RandomSignedInt32":{"Value":-947613904,"SourceTimestamp":"2024-04-27T15:06:25.2059417Z","ServerTimestamp":"2024-04-27T15:06:25.2059449Z"},"nsu=http://opcfoundation.org/UA/Plc/Applications;s=RandomUnsignedInt32":{"Value":1207519743,"SourceTimestamp":"2024-04-27T15:06:25.2059201Z","ServerTimestamp":"2024-04-27T15:06:25.2059213Z"},"nsu=http://opcfoundation.org/UA/Plc/Applications;s=DipData":{"Value":99.80267284282715,"SourceTimestamp":"2024-04-27T15:06:25.2059371Z","ServerTimestamp":"2024-04-27T15:06:25.2059381Z"},"nsu=http://opcfoundation.org/UA/Plc/Applications;s=FastUIntScalar1":{"Value":58,"SourceTimestamp":"2024-04-27T15:06:24.4134819Z","ServerTimestamp":"2024-04-27T15:06:24.4135025Z"},"nsu=http://opcfoundation.org/UA/Plc/Applications;s=FastUIntScalar2":{"Value":58,"SourceTimestamp":"2024-04-27T15:06:24.4135178Z","ServerTimestamp":"2024-04-27T15:06:24.4135217Z"},"nsu=http://opcfoundation.org/UA/Plc/Applications;s=FastUIntScalar3":{"Value":58,"SourceTimestamp":"2024-04-27T15:06:24.413524Z","ServerTimestamp":"2024-04-27T15:06:24.4135278Z"},"nsu=http://opcfoundation.org/UA/Plc/Applications;s=FastRandomUIntScalar1":{"Value":258278355,"SourceTimestamp":"2024-04-27T15:06:24.4134683Z","ServerTimestamp":"2024-04-27T15:06:24.4134725Z"},"nsu=http://opcfoundation.org/UA/Plc/Applications;s=FastRandomUIntScalar2":{"Value":276862076,"SourceTimestamp":"2024-04-27T15:06:24.4135013Z","ServerTimestamp":"2024-04-27T15:06:24.4135183Z"},"nsu=http://opcfoundation.org/UA/Plc/Applications;s=FastRandomUIntScalar3":{"Value":385691418,"SourceTimestamp":"2024-04-27T15:06:24.4135212Z","ServerTimestamp":"2024-04-27T15:06:24.4135247Z"},"nsu=http://opcfoundation.org/UA/Plc/Applications;s=SpikeData":{"Value":99.80267284282715,"SourceTimestamp":"2024-04-27T15:06:25.2059428Z","ServerTimestamp":"2024-04-27T15:06:25.2059586Z"}}}]