[{"SequenceNumber":56,"MetaDataVersion":{"MajorVersion":1},"Timestamp":"2024-04-27T15:06:32.1977884Z","MessageType":"ua-deltaframe","DataSetWriterName":"<<UnknownDataSet>>","Payload":{"nsu=http://opcfoundation.org/UA/Plc/Applications;s=StepUp":{"Value":657,"SourceTimestamp":"2024-04-27T15:06:32.1056674Z","ServerTimestamp":"2024-04-27T15:06:32.1056712Z"},"nsu=http://opcfoundation.org/UA/Plc/Applications;s=AlternatingBoolean":{"Value":false,"SourceTimestamp":"2024-04-27T15:06:31.5011626Z","ServerTimestamp":"2024-04-27T15:06:31.5011714Z"},"nsu=http://opcfoundation.org/UA/Plc/Applications;s=RandomSignedInt32":{"Value":-1553859701,"SourceTimestamp":"2024-04-27T15:06:32.1056895Z","ServerTimestamp":"2024-04-27T15:06:32.1056908Z"},"nsu=http://opcfoundation.org/UA/Plc/Applications;s=RandomUnsignedInt32":{"Value":638915325,"SourceTimestamp":"2024-04-27T15:06:32.1057189Z","ServerTimestamp":"2024-04-27T15:06:32.1057213Z"},"nsu=http://opcfoundation.org/UA/Plc/Applications;s=DipData":{"Value":-68.454710592868821,"SourceTimestamp":"2024-04-27T15:06:32.1057539Z","ServerTimestamp":"2024-04-27T15:06:32.105755Z"},"nsu=http://opcfoundation.org/UA/Plc/Applications;s=FastUIntScalar1":{"Value":65,"SourceTimestamp":"2024-04-27T15:06:31.4069418Z","ServerTimestamp":"2024-04-27T15:06:31.4069447Z"},"nsu=http://opcfoundation.org/UA/Plc/Applications;s=FastUIntScalar2":{"Value":65,"SourceTimestamp":"2024-04-27T15:06:31.4069511Z","ServerTimestamp":"2024-04-27T15:06:31.406953Z"},"nsu=http://opcfoundation.org/UA/Plc/Applications;s=FastUIntScalar3":{"Value":65,"SourceTimestamp":"2024-04-27T15:06:31.4069542Z","ServerTimestamp":"2024-04-27T15:06:31.4069547Z"},"nsu=http://opcfoundation.org/UA/Plc/Applications;s=FastRandomUIntScalar1":{"Value":2906853565,"SourceTimestamp":"2024-04-27T15:06:31.4068918Z","ServerTimestamp":"2024-04-27T15:06:31.4068949Z"},"nsu=http://opcfoundation.org/UA/Plc/Applications;s=FastRandomUIntScalar2":{"Value":3087936753,"SourceTimestamp":"2024-04-27T15:06:31.4069069Z","ServerTimestamp":"2024-04-27T15:06:31.4069078Z"},"nsu=http://opcfoundation.org/UA/Plc/Applications;s=FastRandomUIntScalar3":{"Value":2271592418,"SourceTimestamp":"2024-04-27T15:06:31.4069092Z","ServerTimestamp":"2024-04-27T15:06:31.4069101Z"},"nsu=http://opcfoundation.org/UA/Plc/Applications;s=NegativeTrendData":{"Value":99,"SourceTimestamp":"2024-04-27T15:06:31.5011926Z","ServerTimestamp":"2024-04-27T15:06:31.5011985Z"},"nsu=http://opcfoundation.org/UA/Plc/Applications;s=PositiveTrendData":{"Value":100.90000000000001,"SourceTimestamp":"2024-04-27T15:06:31.5011917Z","ServerTimestamp":"2024-04-27T15:06:31.5012024Z"},"nsu=http://opcfoundation.org/UA/Plc/Applications;s=SpikeData":{"Value":-68.454710592868821,"SourceTimestamp":"2024-04-27T15:06:32.1057406Z","ServerTimestamp":"2024-04-27T15:06:32.1057419Z"}}}]