[{"SequenceNumber":60,"MetaDataVersion":{"MajorVersion":1},"Timestamp":"2024-04-27T15:06:37.1991007Z","MessageType":"ua-deltaframe","DataSetWriterName":"<<UnknownDataSet>>","Payload":{"nsu=http://opcfoundation.org/UA/Plc/Applications;s=StepUp":{"Value":707,"SourceTimestamp":"2024-04-27T15:06:37.1058146Z","ServerTimestamp":"2024-04-27T15:06:37.1058592Z"},"nsu=http://opcfoundation.org/UA/Plc/Applications;s=AlternatingBoolean":{"Value":true,"SourceTimestamp":"2024-04-27T15:06:36.5146259Z","ServerTimestamp":"2024-04-27T15:06:36.5146301Z"},"nsu=http://opcfoundation.org/UA/Plc/Applications;s=RandomSignedInt32":{"Value":1427886172,"SourceTimestamp":"2024-04-27T15:06:37.1058583Z","ServerTimestamp":"2024-04-27T15:06:37.105874Z"},"nsu=http://opcfoundation.org/UA/Plc/Applications;s=RandomUnsignedInt32":{"Value":137798432,"SourceTimestamp":"2024-04-27T15:06:37.105895Z","ServerTimestamp":"2024-04-27T15:06:37.1060146Z"},"nsu=http://opcfoundation.org/UA/Plc/Applications;s=DipData":{"Value":-68.454710592868821,"SourceTimestamp":"2024-04-27T15:06:37.1058892Z","ServerTimestamp":"2024-04-27T15:06:37.1059758Z"},"nsu=http://opcfoundation.org/UA/Plc/Applications;s=FastUIntScalar1":{"Value":70,"SourceTimestamp":"2024-04-27T15:06:36.4067689Z","ServerTimestamp":"2024-04-27T15:06:36.4067696Z"},"nsu=http://opcfoundation.org/UA/Plc/Applications;s=FastUIntScalar2":{"Value":70,"SourceTimestamp":"2024-04-27T15:06:36.406771Z","ServerTimestamp":"2024-04-27T15:06:36.4067719Z"},"nsu=http://opcfoundation.org/UA/Plc/Applications;s=FastUIntScalar3":{"Value":70,"SourceTimestamp":"2024-04-27T15:06:36.406773Z","ServerTimestamp":"2024-04-27T15:06:36.4067786Z"},"nsu=http://opcfoundation.org/UA/Plc/Applications;s=FastRandomUIntScalar1":{"Value":1321420898,"SourceTimestamp":"2024-04-27T15:06:36.4067716Z","ServerTimestamp":"2024-04-27T15:06:36.4067732Z"},"nsu=http://opcfoundation.org/UA/Plc/Applications;s=FastRandomUIntScalar2":{"Value":3446439040,"SourceTimestamp":"2024-04-27T15:06:36.4067784Z","ServerTimestamp":"2024-04-27T15:06:36.4067798Z"},"nsu=http://opcfoundation.org/UA/Plc/Applications;s=FastRandomUIntScalar3":{"Value":3786934997,"SourceTimestamp":"2024-04-27T15:06:36.4067808Z","ServerTimestamp":"2024-04-27T15:06:36.4067814Z"},"nsu=http://opcfoundation.org/UA/Plc/Applications;s=NegativeTrendData":{"Value":98.900000000000006,"SourceTimestamp":"2024-04-27T15:06:36.5146474Z","ServerTimestamp":"2024-04-27T15:06:36.5146482Z"},"nsu=http://opcfoundation.org/UA/Plc/Applications;s=PositiveTrendData":{"Value":101,"SourceTimestamp":"2024-04-27T15:06:36.5146458Z","ServerTimestamp":"2024-04-27T15:06:36.5146469Z"},"nsu=http://opcfoundation.org/UA/Plc/Applications;s=SpikeData":{"Value":-68.454710592868821,"SourceTimestamp":"2024-04-27T15:06:37.1059362Z","ServerTimestamp":"2024-04-27T15:06:37.1059399Z"}}}]