[{"SequenceNumber":66,"MetaDataVersion":{"MajorVersion":1},"Timestamp":"2024-04-27T15:06:43.2150472Z","MessageType":"ua-deltaframe","DataSetWriterName":"<<UnknownDataSet>>","Payload":{"nsu=http://opcfoundation.org/UA/Plc/Applications;s=StepUp":{"Value":767,"SourceTimestamp":"2024-04-27T15:06:43.1052639Z","ServerTimestamp":"2024-04-27T15:06:43.105268Z"},"nsu=http://opcfoundation.org/UA/Plc/Applications;s=RandomSignedInt32":{"Value":-1486698726,"SourceTimestamp":"2024-04-27T15:06:43.1052929Z","ServerTimestamp":"2024-04-27T15:06:43.105374Z"},"nsu=http://opcfoundation.org/UA/Plc/Applications;s=RandomUnsignedInt32":{"Value":1743545725,"SourceTimestamp":"2024-04-27T15:06:43.1052867Z","ServerTimestamp":"2024-04-27T15:06:43.1052877Z"},"nsu=http://opcfoundation.org/UA/Plc/Applications;s=DipData":{"Value":-90.482705246601981,"SourceTimestamp":"2024-04-27T15:06:43.1053523Z","ServerTimestamp":"2024-04-27T15:06:43.105358Z"},"nsu=http://opcfoundation.org/UA/Plc/Applications;s=FastUIntScalar1":{"Value":76,"SourceTimestamp":"2024-04-27T15:06:42.4113863Z","ServerTimestamp":"2024-04-27T15:06:42.411406Z"},"nsu=http://opcfoundation.org/UA/Plc/Applications;s=FastUIntScalar2":{"Value":76,"SourceTimestamp":"2024-04-27T15:06:42.4114207Z","ServerTimestamp":"2024-04-27T15:06:42.4114339Z"},"nsu=http://opcfoundation.org/UA/Plc/Applications;s=FastUIntScalar3":{"Value":76,"SourceTimestamp":"2024-04-27T15:06:42.4114367Z","ServerTimestamp":"2024-04-27T15:06:42.4114398Z"},"nsu=http://opcfoundation.org/UA/Plc/Applications;s=FastRandomUIntScalar1":{"Value":615752197,"SourceTimestamp":"2024-04-27T15:06:42.4114042Z","ServerTimestamp":"2024-04-27T15:06:42.4114209Z"},"nsu=http://opcfoundation.org/UA/Plc/Applications;s=FastRandomUIntScalar2":{"Value":2219686966,"SourceTimestamp":"2024-04-27T15:06:42.4114331Z","ServerTimestamp":"2024-04-27T15:06:42.4114367Z"},"nsu=http://opcfoundation.org/UA/Plc/Applications;s=FastRandomUIntScalar3":{"Value":3174857522,"SourceTimestamp":"2024-04-27T15:06:42.4114393Z","ServerTimestamp":"2024-04-27T15:06:42.4114427Z"},"nsu=http://opcfoundation.org/UA/Plc/Applications;s=SpikeData":{"Value":-90.482705246601981,"SourceTimestamp":"2024-04-27T15:06:43.1053517Z","ServerTimestamp":"2024-04-27T15:06:43.1053529Z"}}}]