[{"SequenceNumber":68,"MetaDataVersion":{"MajorVersion":1},"Timestamp":"2024-04-27T15:06:46.2514654Z","MessageType":"ua-deltaframe","DataSetWriterName":"<<UnknownDataSet>>","Payload":{"nsu=http://opcfoundation.org/UA/Plc/Applications;s=StepUp":{"Value":798,"SourceTimestamp":"2024-04-27T15:06:46.203159Z","ServerTimestamp":"2024-04-27T15:06:46.2031619Z"},"nsu=http://opcfoundation.org/UA/Plc/Applications;s=RandomSignedInt32":{"Value":-362669350,"SourceTimestamp":"2024-04-27T15:06:46.2031804Z","ServerTimestamp":"2024-04-27T15:06:46.2031815Z"},"nsu=http://opcfoundation.org/UA/Plc/Applications;s=RandomUnsignedInt32":{"Value":853770985,"SourceTimestamp":"2024-04-27T15:06:46.2031819Z","ServerTimestamp":"2024-04-27T15:06:46.2031861Z"},"nsu=http://opcfoundation.org/UA/Plc/Applications;s=DipData":{"Value":36.812455268467801,"SourceTimestamp":"2024-04-27T15:06:46.2031992Z","ServerTimestamp":"2024-04-27T15:06:46.2031998Z"},"nsu=http://opcfoundation.org/UA/Plc/Applications;s=FastUIntScalar1":{"Value":79,"SourceTimestamp":"2024-04-27T15:06:45.4088333Z","ServerTimestamp":"2024-04-27T15:06:45.4088356Z"},"nsu=http://opcfoundation.org/UA/Plc/Applications;s=FastUIntScalar2":{"Value":79,"SourceTimestamp":"2024-04-27T15:06:45.4088539Z","ServerTimestamp":"2024-04-27T15:06:45.4088839Z"},"nsu=http://opcfoundation.org/UA/Plc/Applications;s=FastUIntScalar3":{"Value":79,"SourceTimestamp":"2024-04-27T15:06:45.4088859Z","ServerTimestamp":"2024-04-27T15:06:45.4088868Z"},"nsu=http://opcfoundation.org/UA/Plc/Applications;s=FastRandomUIntScalar1":{"Value":3535265719,"SourceTimestamp":"2024-04-27T15:06:45.4088474Z","ServerTimestamp":"2024-04-27T15:06:45.4088538Z"},"nsu=http://opcfoundation.org/UA/Plc/Applications;s=FastRandomUIntScalar2":{"Value":1265424157,"SourceTimestamp":"2024-04-27T15:06:45.4088608Z","ServerTimestamp":"2024-04-27T15:06:45.4088728Z"},"nsu=http://opcfoundation.org/UA/Plc/Applications;s=FastRandomUIntScalar3":{"Value":98982679,"SourceTimestamp":"2024-04-27T15:06:45.4088743Z","ServerTimestamp":"2024-04-27T15:06:45.4088756Z"},"nsu=http://opcfoundation.org/UA/Plc/Applications;s=SpikeData":{"Value":36.812455268467801,"SourceTimestamp":"2024-04-27T15:06:46.2031927Z","ServerTimestamp":"2024-04-27T15:06:46.2031951Z"}}}]