[{"SequenceNumber":70,"MetaDataVersion":{"MajorVersion":1},"Timestamp":"2024-04-27T15:06:48.2345062Z","MessageType":"ua-deltaframe","DataSetWriterName":"<<UnknownDataSet>>","Payload":{"nsu=http://opcfoundation.org/UA/Plc/Applications;s=StepUp":{"Value":818,"SourceTimestamp":"2024-04-27T15:06:48.2034557Z","ServerTimestamp":"2024-04-27T15:06:48.2034605Z"},"nsu=http://opcfoundation.org/UA/Plc/Applications;s=RandomSignedInt32":{"Value":-226403006,"SourceTimestamp":"2024-04-27T15:06:48.2034994Z","ServerTimestamp":"2024-04-27T15:06:48.2035054Z"},"nsu=http://opcfoundation.org/UA/Plc/Applications;s=RandomUnsignedInt32":{"Value":787249793,"SourceTimestamp":"2024-04-27T15:06:48.2034982Z","ServerTimestamp":"2024-04-27T15:06:48.2034995Z"},"nsu=http://opcfoundation.org/UA/Plc/Applications;s=DipData":{"Value":-84.432792550201526,"SourceTimestamp":"2024-04-27T15:06:48.2035159Z","ServerTimestamp":"2024-04-27T15:06:48.2035203Z"},"nsu=http://opcfoundation.org/UA/Plc/Applications;s=FastUIntScalar1":{"Value":81,"SourceTimestamp":"2024-04-27T15:06:47.3998892Z","ServerTimestamp":"2024-04-27T15:06:47.3998946Z"},"nsu=http://opcfoundation.org/UA/Plc/Applications;s=FastUIntScalar2":{"Value":81,"SourceTimestamp":"2024-04-27T15:06:47.3999072Z","ServerTimestamp":"2024-04-27T15:06:47.3999094Z"},"nsu=http://opcfoundation.org/UA/Plc/Applications;s=FastUIntScalar3":{"Value":81,"SourceTimestamp":"2024-04-27T15:06:47.3999124Z","ServerTimestamp":"2024-04-27T15:06:47.3999155Z"},"nsu=http://opcfoundation.org/UA/Plc/Applications;s=FastRandomUIntScalar1":{"Value":3401489895,"SourceTimestamp":"2024-04-27T15:06:47.3998755Z","ServerTimestamp":"2024-04-27T15:06:47.3998796Z"},"nsu=http://opcfoundation.org/UA/Plc/Applications;s=FastRandomUIntScalar2":{"Value":385717515,"SourceTimestamp":"2024-04-27T15:06:47.3998938Z","ServerTimestamp":"2024-04-27T15:06:47.3999071Z"},"nsu=http://opcfoundation.org/UA/Plc/Applications;s=FastRandomUIntScalar3":{"Value":3235435665,"SourceTimestamp":"2024-04-27T15:06:47.3999094Z","ServerTimestamp":"2024-04-27T15:06:47.3999126Z"},"nsu=http://opcfoundation.org/UA/Plc/Applications;s=SpikeData":{"Value":-84.432792550201526,"SourceTimestamp":"2024-04-27T15:06:48.20352Z","ServerTimestamp":"2024-04-27T15:06:48.2035238Z"}}}]