[{"SequenceNumber":75,"MetaDataVersion":{"MajorVersion":1},"Timestamp":"2024-04-27T15:06:54.2401841Z","MessageType":"ua-deltaframe","DataSetWriterName":"<<UnknownDataSet>>","Payload":{"nsu=http://opcfoundation.org/UA/Plc/Applications;s=StepUp":{"Value":878,"SourceTimestamp":"2024-04-27T15:06:54.2085596Z","ServerTimestamp":"2024-04-27T15:06:54.2085646Z"},"nsu=http://opcfoundation.org/UA/Plc/Applications;s=RandomSignedInt32":{"Value":-67806858,"SourceTimestamp":"2024-04-27T15:06:54.2086113Z","ServerTimestamp":"2024-04-27T15:06:54.2086127Z"},"nsu=http://opcfoundation.org/UA/Plc/Applications;s=RandomUnsignedInt32":{"Value":260099998,"SourceTimestamp":"2024-04-27T15:06:54.2086241Z","ServerTimestamp":"2024-04-27T15:06:54.2086331Z"},"nsu=http://opcfoundation.org/UA/Plc/Applications;s=DipData":{"Value":24.868988716485482,"SourceTimestamp":"2024-04-27T15:06:54.208628Z","ServerTimestamp":"2024-04-27T15:06:54.2087188Z"},"nsu=http://opcfoundation.org/UA/Plc/Applications;s=FastUIntScalar1":{"Value":87,"SourceTimestamp":"2024-04-27T15:06:53.4022739Z","ServerTimestamp":"2024-04-27T15:06:53.4022766Z"},"nsu=http://opcfoundation.org/UA/Plc/Applications;s=FastUIntScalar2":{"Value":87,"SourceTimestamp":"2024-04-27T15:06:53.4022866Z","ServerTimestamp":"2024-04-27T15:06:53.4022939Z"},"nsu=http://opcfoundation.org/UA/Plc/Applications;s=FastUIntScalar3":{"Value":87,"SourceTimestamp":"2024-04-27T15:06:53.4022956Z","ServerTimestamp":"2024-04-27T15:06:53.4022965Z"},"nsu=http://opcfoundation.org/UA/Plc/Applications;s=FastRandomUIntScalar1":{"Value":1293903121,"SourceTimestamp":"2024-04-27T15:06:53.4022814Z","ServerTimestamp":"2024-04-27T15:06:53.402287Z"},"nsu=http://opcfoundation.org/UA/Plc/Applications;s=FastRandomUIntScalar2":{"Value":749636453,"SourceTimestamp":"2024-04-27T15:06:53.4022938Z","ServerTimestamp":"2024-04-27T15:06:53.4022954Z"},"nsu=http://opcfoundation.org/UA/Plc/Applications;s=FastRandomUIntScalar3":{"Value":4048751548,"SourceTimestamp":"2024-04-27T15:06:53.4022966Z","ServerTimestamp":"2024-04-27T15:06:53.4022973Z"},"nsu=http://opcfoundation.org/UA/Plc/Applications;s=SpikeData":{"Value":24.868988716485482,"SourceTimestamp":"2024-04-27T15:06:54.2086532Z","ServerTimestamp":"2024-04-27T15:06:54.2086811Z"}}}]