[{"SequenceNumber":77,"MetaDataVersion":{"MajorVersion":1},"Timestamp":"2024-04-27T15:06:56.2314669Z","MessageType":"ua-deltaframe","DataSetWriterName":"<<UnknownDataSet>>","Payload":{"nsu=http://opcfoundation.org/UA/Plc/Applications;s=StepUp":{"Value":898,"SourceTimestamp":"2024-04-27T15:06:56.2005793Z","ServerTimestamp":"2024-04-27T15:06:56.2005839Z"},"nsu=http://opcfoundation.org/UA/Plc/Applications;s=RandomSignedInt32":{"Value":684937970,"SourceTimestamp":"2024-04-27T15:06:56.2006226Z","ServerTimestamp":"2024-04-27T15:06:56.2006236Z"},"nsu=http://opcfoundation.org/UA/Plc/Applications;s=RandomUnsignedInt32":{"Value":1075633216,"SourceTimestamp":"2024-04-27T15:06:56.2006285Z","ServerTimestamp":"2024-04-27T15:06:56.2006294Z"},"nsu=http://opcfoundation.org/UA/Plc/Applications;s=DipData":{"Value":36.812455268467801,"SourceTimestamp":"2024-04-27T15:06:56.2006419Z","ServerTimestamp":"2024-04-27T15:06:56.2006908Z"},"nsu=http://opcfoundation.org/UA/Plc/Applications;s=FastUIntScalar1":{"Value":89,"SourceTimestamp":"2024-04-27T15:06:55.407179Z","ServerTimestamp":"2024-04-27T15:06:55.4071809Z"},"nsu=http://opcfoundation.org/UA/Plc/Applications;s=FastUIntScalar2":{"Value":89,"SourceTimestamp":"2024-04-27T15:06:55.4071901Z","ServerTimestamp":"2024-04-27T15:06:55.4071975Z"},"nsu=http://opcfoundation.org/UA/Plc/Applications;s=FastUIntScalar3":{"Value":89,"SourceTimestamp":"2024-04-27T15:06:55.4071987Z","ServerTimestamp":"2024-04-27T15:06:55.4071995Z"},"nsu=http://opcfoundation.org/UA/Plc/Applications;s=FastRandomUIntScalar1":{"Value":1419748140,"SourceTimestamp":"2024-04-27T15:06:55.4071801Z","ServerTimestamp":"2024-04-27T15:06:55.4071907Z"},"nsu=http://opcfoundation.org/UA/Plc/Applications;s=FastRandomUIntScalar2":{"Value":339403852,"SourceTimestamp":"2024-04-27T15:06:55.4071975Z","ServerTimestamp":"2024-04-27T15:06:55.4071984Z"},"nsu=http://opcfoundation.org/UA/Plc/Applications;s=FastRandomUIntScalar3":{"Value":497337564,"SourceTimestamp":"2024-04-27T15:06:55.4071999Z","ServerTimestamp":"2024-04-27T15:06:55.4072007Z"},"nsu=http://opcfoundation.org/UA/Plc/Applications;s=SpikeData":{"Value":36.812455268467801,"SourceTimestamp":"2024-04-27T15:06:56.2007057Z","ServerTimestamp":"2024-04-27T15:06:56.2007082Z"}}}]