[{"SequenceNumber":80,"MetaDataVersion":{"MajorVersion":1},"Timestamp":"2024-04-27T15:07:00.198738Z","MessageType":"ua-deltaframe","DataSetWriterName":"<<UnknownDataSet>>","Payload":{"nsu=http://opcfoundation.org/UA/Plc/Applications;s=StepUp":{"Value":937,"SourceTimestamp":"2024-04-27T15:07:00.1048183Z","ServerTimestamp":"2024-04-27T15:07:00.1048278Z"},"nsu=http://opcfoundation.org/UA/Plc/Applications;s=RandomSignedInt32":{"Value":-417971779,"SourceTimestamp":"2024-04-27T15:07:00.1048188Z","ServerTimestamp":"2024-04-27T15:07:00.1048457Z"},"nsu=http://opcfoundation.org/UA/Plc/Applications;s=RandomUnsignedInt32":{"Value":744218660,"SourceTimestamp":"2024-04-27T15:07:00.1048345Z","ServerTimestamp":"2024-04-27T15:07:00.1048359Z"},"nsu=http://opcfoundation.org/UA/Plc/Applications;s=DipData":{"Value":98.228725072868855,"SourceTimestamp":"2024-04-27T15:07:00.104853Z","ServerTimestamp":"2024-04-27T15:07:00.1048831Z"},"nsu=http://opcfoundation.org/UA/Plc/Applications;s=FastUIntScalar1":{"Value":93,"SourceTimestamp":"2024-04-27T15:06:59.4026724Z","ServerTimestamp":"2024-04-27T15:06:59.4026759Z"},"nsu=http://opcfoundation.org/UA/Plc/Applications;s=FastUIntScalar2":{"Value":93,"SourceTimestamp":"2024-04-27T15:06:59.4026916Z","ServerTimestamp":"2024-04-27T15:06:59.4027046Z"},"nsu=http://opcfoundation.org/UA/Plc/Applications;s=FastUIntScalar3":{"Value":93,"SourceTimestamp":"2024-04-27T15:06:59.402707Z","ServerTimestamp":"2024-04-27T15:06:59.40271Z"},"nsu=http://opcfoundation.org/UA/Plc/Applications;s=FastRandomUIntScalar1":{"Value":3399487941,"SourceTimestamp":"2024-04-27T15:06:59.4026834Z","ServerTimestamp":"2024-04-27T15:06:59.402692Z"},"nsu=http://opcfoundation.org/UA/Plc/Applications;s=FastRandomUIntScalar2":{"Value":3509589368,"SourceTimestamp":"2024-04-27T15:06:59.4027045Z","ServerTimestamp":"2024-04-27T15:06:59.4027078Z"},"nsu=http://opcfoundation.org/UA/Plc/Applications;s=FastRandomUIntScalar3":{"Value":4021130251,"SourceTimestamp":"2024-04-27T15:06:59.4027101Z","ServerTimestamp":"2024-04-27T15:06:59.4027122Z"},"nsu=http://opcfoundation.org/UA/Plc/Applications;s=SpikeData":{"Value":98.228725072868855,"SourceTimestamp":"2024-04-27T15:07:00.1048499Z","ServerTimestamp":"2024-04-27T15:07:00.1048972Z"}}}]