[{"SequenceNumber":82,"MetaDataVersion":{"MajorVersion":1},"Timestamp":"2024-04-27T15:07:02.2532728Z","MessageType":"ua-deltaframe","DataSetWriterName":"<<UnknownDataSet>>","Payload":{"nsu=http://opcfoundation.org/UA/Plc/Applications;s=StepUp":{"Value":958,"SourceTimestamp":"2024-04-27T15:07:02.2057683Z","ServerTimestamp":"2024-04-27T15:07:02.2057725Z"},"nsu=http://opcfoundation.org/UA/Plc/Applications;s=AlternatingBoolean":{"Value":false,"SourceTimestamp":"2024-04-27T15:07:01.5066134Z","ServerTimestamp":"2024-04-27T15:07:01.5066168Z"},"nsu=http://opcfoundation.org/UA/Plc/Applications;s=RandomSignedInt32":{"Value":-39293362,"SourceTimestamp":"2024-04-27T15:07:02.205804Z","ServerTimestamp":"2024-04-27T15:07:02.2058048Z"},"nsu=http://opcfoundation.org/UA/Plc/Applications;s=RandomUnsignedInt32":{"Value":1356154679,"SourceTimestamp":"2024-04-27T15:07:02.2058284Z","ServerTimestamp":"2024-04-27T15:07:02.2058306Z"},"nsu=http://opcfoundation.org/UA/Plc/Applications;s=DipData":{"Value":-77.0513242775789,"SourceTimestamp":"2024-04-27T15:07:02.205839Z","ServerTimestamp":"2024-04-27T15:07:02.2058407Z"},"nsu=http://opcfoundation.org/UA/Plc/Applications;s=FastUIntScalar1":{"Value":95,"SourceTimestamp":"2024-04-27T15:07:01.4118143Z","ServerTimestamp":"2024-04-27T15:07:01.4118179Z"},"nsu=http://opcfoundation.org/UA/Plc/Applications;s=FastUIntScalar2":{"Value":95,"SourceTimestamp":"2024-04-27T15:07:01.4118325Z","ServerTimestamp":"2024-04-27T15:07:01.4118478Z"},"nsu=http://opcfoundation.org/UA/Plc/Applications;s=FastUIntScalar3":{"Value":95,"SourceTimestamp":"2024-04-27T15:07:01.4118529Z","ServerTimestamp":"2024-04-27T15:07:01.411856Z"},"nsu=http://opcfoundation.org/UA/Plc/Applications;s=FastRandomUIntScalar1":{"Value":1682729483,"SourceTimestamp":"2024-04-27T15:07:01.4118229Z","ServerTimestamp":"2024-04-27T15:07:01.4118337Z"},"nsu=http://opcfoundation.org/UA/Plc/Applications;s=FastRandomUIntScalar2":{"Value":4128775343,"SourceTimestamp":"2024-04-27T15:07:01.4118476Z","ServerTimestamp":"2024-04-27T15:07:01.4118529Z"},"nsu=http://opcfoundation.org/UA/Plc/Applications;s=FastRandomUIntScalar3":{"Value":3067330262,"SourceTimestamp":"2024-04-27T15:07:01.4118553Z","ServerTimestamp":"2024-04-27T15:07:01.4118586Z"},"nsu=http://opcfoundation.org/UA/Plc/Applications;s=NegativeTrendData":{"Value":98.400000000000006,"SourceTimestamp":"2024-04-27T15:07:01.5066489Z","ServerTimestamp":"2024-04-27T15:07:01.5066502Z"},"nsu=http://opcfoundation.org/UA/Plc/Applications;s=PositiveTrendData":{"Value":101.5,"SourceTimestamp":"2024-04-27T15:07:01.5066851Z","ServerTimestamp":"2024-04-27T15:07:01.5066862Z"},"nsu=http://opcfoundation.org/UA/Plc/Applications;s=SpikeData":{"Value":-77.0513242775789,"SourceTimestamp":"2024-04-27T15:07:02.2058344Z","ServerTimestamp":"2024-04-27T15:07:02.2058393Z"}}}]