[{"SequenceNumber":85,"MetaDataVersion":{"MajorVersion":1},"Timestamp":"2024-04-27T15:07:05.2332852Z","MessageType":"ua-deltaframe","DataSetWriterName":"<<UnknownDataSet>>","Payload":{"nsu=http://opcfoundation.org/UA/Plc/Applications;s=StepUp":{"Value":988,"SourceTimestamp":"2024-04-27T15:07:05.2025016Z","ServerTimestamp":"2024-04-27T15:07:05.2025051Z"},"nsu=http://opcfoundation.org/UA/Plc/Applications;s=RandomSignedInt32":{"Value":-2105963141,"SourceTimestamp":"2024-04-27T15:07:05.2025365Z","ServerTimestamp":"2024-04-27T15:07:05.2025377Z"},"nsu=http://opcfoundation.org/UA/Plc/Applications;s=RandomUnsignedInt32":{"Value":1709915270,"SourceTimestamp":"2024-04-27T15:07:05.2025426Z","ServerTimestamp":"2024-04-27T15:07:05.202546Z"},"nsu=http://opcfoundation.org/UA/Plc/Applications;s=DipData":{"Value":99.80267284282715,"SourceTimestamp":"2024-04-27T15:07:05.202554Z","ServerTimestamp":"2024-04-27T15:07:05.2025684Z"},"nsu=http://opcfoundation.org/UA/Plc/Applications;s=FastUIntScalar1":{"Value":98,"SourceTimestamp":"2024-04-27T15:07:04.4146416Z","ServerTimestamp":"2024-04-27T15:07:04.4146441Z"},"nsu=http://opcfoundation.org/UA/Plc/Applications;s=FastUIntScalar2":{"Value":98,"SourceTimestamp":"2024-04-27T15:07:04.4146607Z","ServerTimestamp":"2024-04-27T15:07:04.4146614Z"},"nsu=http://opcfoundation.org/UA/Plc/Applications;s=FastUIntScalar3":{"Value":98,"SourceTimestamp":"2024-04-27T15:07:04.414663Z","ServerTimestamp":"2024-04-27T15:07:04.41467Z"},"nsu=http://opcfoundation.org/UA/Plc/Applications;s=FastRandomUIntScalar1":{"Value":2840547271,"SourceTimestamp":"2024-04-27T15:07:04.4146441Z","ServerTimestamp":"2024-04-27T15:07:04.4146631Z"},"nsu=http://opcfoundation.org/UA/Plc/Applications;s=FastRandomUIntScalar2":{"Value":597285892,"SourceTimestamp":"2024-04-27T15:07:04.4146702Z","ServerTimestamp":"2024-04-27T15:07:04.4146757Z"},"nsu=http://opcfoundation.org/UA/Plc/Applications;s=FastRandomUIntScalar3":{"Value":2056753406,"SourceTimestamp":"2024-04-27T15:07:04.4146772Z","ServerTimestamp":"2024-04-27T15:07:04.414678Z"},"nsu=http://opcfoundation.org/UA/Plc/Applications;s=SpikeData":{"Value":99.80267284282715,"SourceTimestamp":"2024-04-27T15:07:05.2025784Z","ServerTimestamp":"2024-04-27T15:07:05.20258Z"}}}]