[{"SequenceNumber":86,"MetaDataVersion":{"MajorVersion":1},"Timestamp":"2024-04-27T15:07:06.2262886Z","MessageType":"ua-deltaframe","DataSetWriterName":"<<UnknownDataSet>>","Payload":{"nsu=http://opcfoundation.org/UA/Plc/Applications;s=StepUp":{"Value":998,"SourceTimestamp":"2024-04-27T15:07:06.2103599Z","ServerTimestamp":"2024-04-27T15:07:06.2103989Z"},"nsu=http://opcfoundation.org/UA/Plc/Applications;s=RandomSignedInt32":{"Value":-1065380599,"SourceTimestamp":"2024-04-27T15:07:06.2103621Z","ServerTimestamp":"2024-04-27T15:07:06.2103757Z"},"nsu=http://opcfoundation.org/UA/Plc/Applications;s=RandomUnsignedInt32":{"Value":827065198,"SourceTimestamp":"2024-04-27T15:07:06.2103735Z","ServerTimestamp":"2024-04-27T15:07:06.2103849Z"},"nsu=http://opcfoundation.org/UA/Plc/Applications;s=DipData":{"Value":36.812455268467801,"SourceTimestamp":"2024-04-27T15:07:06.2103884Z","ServerTimestamp":"2024-04-27T15:07:06.2104152Z"},"nsu=http://opcfoundation.org/UA/Plc/Applications;s=FastUIntScalar1":{"Value":99,"SourceTimestamp":"2024-04-27T15:07:05.4052143Z","ServerTimestamp":"2024-04-27T15:07:05.405217Z"},"nsu=http://opcfoundation.org/UA/Plc/Applications;s=FastUIntScalar2":{"Value":99,"SourceTimestamp":"2024-04-27T15:07:05.4052273Z","ServerTimestamp":"2024-04-27T15:07:05.4052279Z"},"nsu=http://opcfoundation.org/UA/Plc/Applications;s=FastUIntScalar3":{"Value":99,"SourceTimestamp":"2024-04-27T15:07:05.4052289Z","ServerTimestamp":"2024-04-27T15:07:05.4052293Z"},"nsu=http://opcfoundation.org/UA/Plc/Applications;s=FastRandomUIntScalar1":{"Value":3595849957,"SourceTimestamp":"2024-04-27T15:07:05.4052143Z","ServerTimestamp":"2024-04-27T15:07:05.4053023Z"},"nsu=http://opcfoundation.org/UA/Plc/Applications;s=FastRandomUIntScalar2":{"Value":2454702585,"SourceTimestamp":"2024-04-27T15:07:05.4053068Z","ServerTimestamp":"2024-04-27T15:07:05.4053087Z"},"nsu=http://opcfoundation.org/UA/Plc/Applications;s=FastRandomUIntScalar3":{"Value":289528201,"SourceTimestamp":"2024-04-27T15:07:05.4053106Z","ServerTimestamp":"2024-04-27T15:07:05.4053127Z"},"nsu=http://opcfoundation.org/UA/Plc/Applications;s=SpikeData":{"Value":36.812455268467801,"SourceTimestamp":"2024-04-27T15:07:06.2104099Z","ServerTimestamp":"2024-04-27T15:07:06.2104125Z"}}}]