[{"nsu=http://opcfoundation.org/UA/Plc/Applications;s=SlowUIntScalar1":{"Value":11,"SourceTimestamp":"2024-04-26T12:19:13.1159888Z","ServerTimestamp":"2024-04-26T12:19:13.1159919Z"},"nsu=http://opcfoundation.org/UA/Plc/Applications;s=SlowUIntScalar2":{"Value":11,"SourceTimestamp":"2024-04-26T12:19:13.1160006Z","ServerTimestamp":"2024-04-26T12:19:13.1160015Z"},"nsu=http://opcfoundation.org/UA/Plc/Applications;s=SlowUIntScalar3":{"Value":11,"SourceTimestamp":"2024-04-26T12:19:13.1160025Z","ServerTimestamp":"2024-04-26T12:19:13.1160029Z"},"nsu=http://opcfoundation.org/UA/Plc/Applications;s=BadSlowUIntScalar1":{"Value":1,"SourceTimestamp":"2024-04-26T12:19:13.116004Z","ServerTimestamp":"2024-04-26T12:19:13.1160043Z"}}]