[{"nsu=http://opcfoundation.org/UA/Plc/Applications;s=SlowUIntScalar1":{"Value":2,"SourceTimestamp":"2024-04-26T12:17:43.1219158Z","ServerTimestamp":"2024-04-26T12:17:43.1219178Z"},"nsu=http://opcfoundation.org/UA/Plc/Applications;s=SlowUIntScalar2":{"Value":2,"SourceTimestamp":"2024-04-26T12:17:43.1219239Z","ServerTimestamp":"2024-04-26T12:17:43.1219244Z"},"nsu=http://opcfoundation.org/UA/Plc/Applications;s=SlowUIntScalar3":{"Value":2,"SourceTimestamp":"2024-04-26T12:17:43.1219254Z","ServerTimestamp":"2024-04-26T12:17:43.1219262Z"},"nsu=http://opcfoundation.org/UA/Plc/Applications;s=BadSlowUIntScalar1":{"Value":2,"SourceTimestamp":"2024-04-26T12:17:43.121927Z","ServerTimestamp":"2024-04-26T12:17:43.1219534Z"}}]