{"NodeId":"nsu=http://opcfoundation.org/UA/Plc/Applications;s=SlowRandomUIntScalar3","EndpointUrl":"opc.tcp://localhost:61457/UA/SampleServer","ApplicationUri":"urn:desktop-bgfjs91:OPCFoundation:CoreSampleServer","DisplayName":"nsu=http://opcfoundation.org/UA/Plc/Applications;s=SlowRandomUIntScalar3","Timestamp":"2024-04-27T14:03:07.2561058Z","Value":{"Value":{"Type":7,"Body":3621821616},"SourceTimestamp":"2024-04-27T14:03:05.5710421Z","ServerTimestamp":"2024-04-27T14:03:05.5710527Z"},"SequenceNumber":3,"ExtensionFields":{}}