{"NodeId":"nsu=http://opcfoundation.org/UA/Plc/Applications;s=SlowRandomUIntScalar3","EndpointUrl":"opc.tcp://localhost:61457/UA/SampleServer","ApplicationUri":"urn:desktop-bgfjs91:OPCFoundation:CoreSampleServer","DisplayName":"nsu=http://opcfoundation.org/UA/Plc/Applications;s=SlowRandomUIntScalar3","Timestamp":"2024-04-27T14:03:37.2194978Z","Value":{"Value":{"Type":7,"Body":2145450089},"SourceTimestamp":"2024-04-27T14:03:35.5636939Z","ServerTimestamp":"2024-04-27T14:03:35.5636958Z"},"SequenceNumber":6,"ExtensionFields":{}}