{"MessageId":"ee8f4d7b-d34b-4187-95ce-629ed317b4e9","MessageType":"ua-data","PublisherId":"DESKTOP-BGFJS91","DataSetWriterGroup":"<<UnknownWriterGroup>>","Messages":[{"DataSetWriterId":22,"SequenceNumber":101,"MetaDataVersion":{"MajorVersion":1},"Timestamp":"2024-04-27T12:45:10.3247776Z","MessageType":"ua-deltaframe","DataSetWriterName":"Packaging","Payload":{"nsu=http://opcfoundation.org/UA/Plc/Applications;s=SpikeData":{"Value":{"Type":11,"Body":-3.2162452993532734E-14},"SourceTimestamp":"2024-04-27T12:45:10.245108Z","ServerTimestamp":"2024-04-27T12:45:10.2451506Z"}}}]}