{"MessageId":"b3e0710b-ba33-4173-b5d4-dc1830f3d4da","MessageType":"ua-data","PublisherId":"DESKTOP-BGFJS91","DataSetWriterGroup":"<<UnknownWriterGroup>>","Messages":[{"DataSetWriterId":22,"SequenceNumber":105,"MetaDataVersion":{"MajorVersion":1},"Timestamp":"2024-04-27T12:45:14.3083159Z","MessageType":"ua-deltaframe","DataSetWriterName":"Packaging","Payload":{"nsu=http://opcfoundation.org/UA/Plc/Applications;s=SpikeData":{"Value":{"Type":11,"Body":-95.10565162951535},"SourceTimestamp":"2024-04-27T12:45:14.2444692Z","ServerTimestamp":"2024-04-27T12:45:14.2444816Z"}}}]}