{"MessageId":"d6714f6c-1ebb-4ea6-afe0-85e5bcb894c7","MessageType":"ua-data","PublisherId":"DESKTOP-BGFJS91","DataSetWriterGroup":"<<UnknownWriterGroup>>","Messages":[{"DataSetWriterId":22,"SequenceNumber":112,"MetaDataVersion":{"MajorVersion":1},"Timestamp":"2024-04-27T12:45:22.3330494Z","MessageType":"ua-deltaframe","DataSetWriterName":"Packaging","Payload":{"nsu=http://opcfoundation.org/UA/Plc/Applications;s=SpikeData":{"Value":{"Type":11,"Body":58.778525229247315},"SourceTimestamp":"2024-04-27T12:45:22.2416535Z","ServerTimestamp":"2024-04-27T12:45:22.24166Z"}}}]}