{"MessageId":"12e6ecea-1bbd-498d-bfea-975b43349493","MessageType":"ua-data","PublisherId":"DESKTOP-BGFJS91","DataSetWriterGroup":"<<UnknownWriterGroup>>","Messages":[{"DataSetWriterId":22,"SequenceNumber":13,"MetaDataVersion":{"MajorVersion":1},"Timestamp":"2024-04-27T12:43:38.3301461Z","MessageType":"ua-deltaframe","DataSetWriterName":"Packaging","Payload":{"nsu=http://opcfoundation.org/UA/Plc/Applications;s=SpikeData":{"Value":{"Type":11,"Body":-58.778525229247258},"SourceTimestamp":"2024-04-27T12:43:38.2534849Z","ServerTimestamp":"2024-04-27T12:43:38.2535031Z"}}}]}