{"MessageId":"bb4c0b0c-72cf-4ece-958a-116690b4dde3","MessageType":"ua-data","PublisherId":"DESKTOP-BGFJS91","DataSetWriterGroup":"<<UnknownWriterGroup>>","Messages":[{"DataSetWriterId":22,"SequenceNumber":15,"MetaDataVersion":{"MajorVersion":1},"Timestamp":"2024-04-27T12:43:40.3132187Z","MessageType":"ua-deltaframe","DataSetWriterName":"Packaging","Payload":{"nsu=http://opcfoundation.org/UA/Plc/Applications;s=SpikeData":{"Value":{"Type":11,"Body":-3.2162452993532734E-14},"SourceTimestamp":"2024-04-27T12:43:40.250347Z","ServerTimestamp":"2024-04-27T12:43:40.2503505Z"}}}]}