{"MessageId":"a4037825-7b00-4dd5-b18c-f1941fa994f3","MessageType":"ua-data","PublisherId":"DESKTOP-BGFJS91","DataSetWriterGroup":"<<UnknownWriterGroup>>","Messages":[{"DataSetWriterId":22,"SequenceNumber":25,"MetaDataVersion":{"MajorVersion":1},"Timestamp":"2024-04-27T12:43:52.3520149Z","MessageType":"ua-deltaframe","DataSetWriterName":"Packaging","Payload":{"nsu=http://opcfoundation.org/UA/Plc/Applications;s=SpikeData":{"Value":{"Type":11,"Body":58.778525229247315},"SourceTimestamp":"2024-04-27T12:43:52.2440424Z","ServerTimestamp":"2024-04-27T12:43:52.244049Z"}}}]}