{"MessageId":"8f7a9f74-a7d1-4621-8e0a-4e1338a32266","MessageType":"ua-data","PublisherId":"DESKTOP-BGFJS91","DataSetWriterGroup":"<<UnknownWriterGroup>>","Messages":[{"DataSetWriterId":22,"SequenceNumber":35,"MetaDataVersion":{"MajorVersion":1},"Timestamp":"2024-04-27T12:44:02.3375084Z","MessageType":"ua-deltaframe","DataSetWriterName":"Packaging","Payload":{"nsu=http://opcfoundation.org/UA/Plc/Applications;s=SpikeData":{"Value":{"Type":11,"Body":58.778525229247315},"SourceTimestamp":"2024-04-27T12:44:02.2462705Z","ServerTimestamp":"2024-04-27T12:44:02.2462728Z"}}}]}