{"MessageId":"21434591-3bf6-46a3-b1cf-1bfe982f52c3","MessageType":"ua-data","PublisherId":"DESKTOP-BGFJS91","DataSetWriterGroup":"<<UnknownWriterGroup>>","Messages":[{"DataSetWriterId":22,"SequenceNumber":36,"MetaDataVersion":{"MajorVersion":1},"Timestamp":"2024-04-27T12:44:03.332246Z","MessageType":"ua-deltaframe","DataSetWriterName":"Packaging","Payload":{"nsu=http://opcfoundation.org/UA/Plc/Applications;s=SpikeData":{"Value":{"Type":11,"Body":-58.778525229247258},"SourceTimestamp":"2024-04-27T12:44:03.2546516Z","ServerTimestamp":"2024-04-27T12:44:03.2546558Z"}}}]}