{"MessageId":"4bfe86a8-5890-4662-a049-aaea09409f67","MessageType":"ua-data","PublisherId":"DESKTOP-BGFJS91","DataSetWriterGroup":"<<UnknownWriterGroup>>","Messages":[{"DataSetWriterId":22,"SequenceNumber":37,"MetaDataVersion":{"MajorVersion":1},"Timestamp":"2024-04-27T12:44:04.3141124Z","MessageType":"ua-deltaframe","DataSetWriterName":"Packaging","Payload":{"nsu=http://opcfoundation.org/UA/Plc/Applications;s=SpikeData":{"Value":{"Type":11,"Body":-95.10565162951535},"SourceTimestamp":"2024-04-27T12:44:04.2519219Z","ServerTimestamp":"2024-04-27T12:44:04.2519257Z"}}}]}