{"MessageId":"0fca1acc-49b6-412b-b661-e7ede0ebf89a","MessageType":"ua-data","PublisherId":"DESKTOP-BGFJS91","DataSetWriterGroup":"<<UnknownWriterGroup>>","Messages":[{"DataSetWriterId":22,"SequenceNumber":47,"MetaDataVersion":{"MajorVersion":1},"Timestamp":"2024-04-27T12:44:15.3369023Z","MessageType":"ua-deltaframe","DataSetWriterName":"Packaging","Payload":{"nsu=http://opcfoundation.org/UA/Plc/Applications;s=SpikeData":{"Value":{"Type":11,"Body":-3.2162452993532734E-14},"SourceTimestamp":"2024-04-27T12:44:15.2452634Z","ServerTimestamp":"2024-04-27T12:44:15.2452656Z"}}}]}