{"MessageId":"d7579944-2991-4d1f-b9eb-da155fb1c79c","MessageType":"ua-data","PublisherId":"DESKTOP-BGFJS91","DataSetWriterGroup":"<<UnknownWriterGroup>>","Messages":[{"DataSetWriterId":22,"SequenceNumber":53,"MetaDataVersion":{"MajorVersion":1},"Timestamp":"2024-04-27T12:44:21.3432849Z","MessageType":"ua-deltaframe","DataSetWriterName":"Packaging","Payload":{"nsu=http://opcfoundation.org/UA/Plc/Applications;s=SpikeData":{"Value":{"Type":11,"Body":95.10565162951535},"SourceTimestamp":"2024-04-27T12:44:21.2498348Z","ServerTimestamp":"2024-04-27T12:44:21.2498367Z"}}}]}