{"MessageId":"9c05c262-1195-4136-982a-50aedcaf1757","MessageType":"ua-data","PublisherId":"DESKTOP-BGFJS91","DataSetWriterGroup":"<<UnknownWriterGroup>>","Messages":[{"DataSetWriterId":22,"SequenceNumber":6,"MetaDataVersion":{"MajorVersion":1},"Timestamp":"2024-04-27T12:43:31.3300535Z","MessageType":"ua-deltaframe","DataSetWriterName":"Packaging","Payload":{"nsu=http://opcfoundation.org/UA/Plc/Applications;s=SpikeData":{"Value":{"Type":11,"Body":95.10565162951535},"SourceTimestamp":"2024-04-27T12:43:31.2521933Z","ServerTimestamp":"2024-04-27T12:43:31.2521959Z"}}}]}