{"MessageId":"326861ad-1e59-462b-aa2f-b50dd2dc1638","MessageType":"ua-data","PublisherId":"DESKTOP-BGFJS91","DataSetWriterGroup":"<<UnknownWriterGroup>>","Messages":[{"DataSetWriterId":22,"SequenceNumber":64,"MetaDataVersion":{"MajorVersion":1},"Timestamp":"2024-04-27T12:44:32.3544781Z","MessageType":"ua-deltaframe","DataSetWriterName":"Packaging","Payload":{"nsu=http://opcfoundation.org/UA/Plc/Applications;s=SpikeData":{"Value":{"Type":11,"Body":58.778525229247315},"SourceTimestamp":"2024-04-27T12:44:32.2464493Z","ServerTimestamp":"2024-04-27T12:44:32.2464535Z"}}}]}