{"MessageId":"ac11016c-6200-4746-b596-2fc401c74a74","MessageType":"ua-data","PublisherId":"DESKTOP-BGFJS91","DataSetWriterGroup":"<<UnknownWriterGroup>>","Messages":[{"DataSetWriterId":22,"SequenceNumber":66,"MetaDataVersion":{"MajorVersion":1},"Timestamp":"2024-04-27T12:44:34.3189722Z","MessageType":"ua-deltaframe","DataSetWriterName":"Packaging","Payload":{"nsu=http://opcfoundation.org/UA/Plc/Applications;s=SpikeData":{"Value":{"Type":11,"Body":-95.10565162951535},"SourceTimestamp":"2024-04-27T12:44:34.2417075Z","ServerTimestamp":"2024-04-27T12:44:34.2417123Z"}}}]}