{"MessageId":"db9dac42-8f6b-4183-b391-e0b1f51f51a0","MessageType":"ua-data","PublisherId":"DESKTOP-BGFJS91","DataSetWriterGroup":"<<UnknownWriterGroup>>","Messages":[{"DataSetWriterId":22,"SequenceNumber":70,"MetaDataVersion":{"MajorVersion":1},"Timestamp":"2024-04-27T12:44:38.3451956Z","MessageType":"ua-deltaframe","DataSetWriterName":"Packaging","Payload":{"nsu=http://opcfoundation.org/UA/Plc/Applications;s=SpikeData":{"Value":{"Type":11,"Body":-58.778525229247258},"SourceTimestamp":"2024-04-27T12:44:38.2527146Z","ServerTimestamp":"2024-04-27T12:44:38.2527172Z"}}}]}