{"MessageId":"393a6ed6-0d00-46b7-8976-7ba4a675c118","MessageType":"ua-data","PublisherId":"DESKTOP-BGFJS91","DataSetWriterGroup":"<<UnknownWriterGroup>>","Messages":[{"DataSetWriterId":22,"SequenceNumber":71,"MetaDataVersion":{"MajorVersion":1},"Timestamp":"2024-04-27T12:44:39.3324962Z","MessageType":"ua-deltaframe","DataSetWriterName":"Packaging","Payload":{"nsu=http://opcfoundation.org/UA/Plc/Applications;s=SpikeData":{"Value":{"Type":11,"Body":-95.10565162951535},"SourceTimestamp":"2024-04-27T12:44:39.2395426Z","ServerTimestamp":"2024-04-27T12:44:39.239546Z"}}}]}