{"MessageId":"8d6c20c7-94ff-419b-8482-47b8c2c21457","MessageType":"ua-data","PublisherId":"DESKTOP-BGFJS91","DataSetWriterGroup":"<<UnknownWriterGroup>>","Messages":[{"DataSetWriterId":22,"SequenceNumber":75,"MetaDataVersion":{"MajorVersion":1},"Timestamp":"2024-04-27T12:44:44.3470612Z","MessageType":"ua-deltaframe","DataSetWriterName":"Packaging","Payload":{"nsu=http://opcfoundation.org/UA/Plc/Applications;s=SpikeData":{"Value":{"Type":11,"Body":-95.10565162951535},"SourceTimestamp":"2024-04-27T12:44:44.2538276Z","ServerTimestamp":"2024-04-27T12:44:44.253831Z"}}}]}