{"MessageId":"e82a9aa7-71ae-49ad-9b2f-29c33c9ac7e6","MessageType":"ua-data","PublisherId":"DESKTOP-BGFJS91","DataSetWriterGroup":"<<UnknownWriterGroup>>","Messages":[{"DataSetWriterId":22,"SequenceNumber":8,"MetaDataVersion":{"MajorVersion":1},"Timestamp":"2024-04-27T12:43:33.3100533Z","MessageType":"ua-deltaframe","DataSetWriterName":"Packaging","Payload":{"nsu=http://opcfoundation.org/UA/Plc/Applications;s=SpikeData":{"Value":{"Type":11,"Body":-58.778525229247258},"SourceTimestamp":"2024-04-27T12:43:33.2461534Z","ServerTimestamp":"2024-04-27T12:43:33.2461584Z"}}}]}