{"MessageId":"94c8c3de-f9dd-4d8c-af6a-f7a7c68efb47","MessageType":"ua-data","PublisherId":"DESKTOP-BGFJS91","DataSetWriterGroup":"<<UnknownWriterGroup>>","Messages":[{"DataSetWriterId":22,"SequenceNumber":84,"MetaDataVersion":{"MajorVersion":1},"Timestamp":"2024-04-27T12:44:53.3351764Z","MessageType":"ua-deltaframe","DataSetWriterName":"Packaging","Payload":{"nsu=http://opcfoundation.org/UA/Plc/Applications;s=SpikeData":{"Value":{"Type":11,"Body":-58.778525229247258},"SourceTimestamp":"2024-04-27T12:44:53.2422164Z","ServerTimestamp":"2024-04-27T12:44:53.2422344Z"}}}]}