{"MessageId":"da165244-a52d-4eb7-ad67-45e008855c18","MessageType":"ua-data","PublisherId":"DESKTOP-BGFJS91","DataSetWriterGroup":"<<UnknownWriterGroup>>","Messages":[{"DataSetWriterId":22,"SequenceNumber":90,"MetaDataVersion":{"MajorVersion":1},"Timestamp":"2024-04-27T12:44:59.3420704Z","MessageType":"ua-deltaframe","DataSetWriterName":"Packaging","Payload":{"nsu=http://opcfoundation.org/UA/Plc/Applications;s=SpikeData":{"Value":{"Type":11,"Body":1000},"SourceTimestamp":"2024-04-27T12:44:59.2485304Z","ServerTimestamp":"2024-04-27T12:44:59.2485342Z"}}}]}