{"MessageId":"73917652-e7f3-4d4c-a399-9b109ea34baf","MessageType":"ua-data","PublisherId":"DESKTOP-BGFJS91","DataSetWriterGroup":"<<UnknownWriterGroup>>","Messages":[{"DataSetWriterId":22,"SequenceNumber":93,"MetaDataVersion":{"MajorVersion":1},"Timestamp":"2024-04-27T12:45:02.3256448Z","MessageType":"ua-deltaframe","DataSetWriterName":"Packaging","Payload":{"nsu=http://opcfoundation.org/UA/Plc/Applications;s=SpikeData":{"Value":{"Type":11,"Body":58.778525229247315},"SourceTimestamp":"2024-04-27T12:45:02.2467459Z","ServerTimestamp":"2024-04-27T12:45:02.2467478Z"}}}]}