{"NodeId":"nsu=http://opcfoundation.org/UA/Plc/Applications;s=SlowRandomUIntScalar3","EndpointUrl":"opc.tcp://localhost:61457/UA/SampleServer","ApplicationUri":"urn:desktop-bgfjs91:OPCFoundation:CoreSampleServer","DisplayName":"nsu=http://opcfoundation.org/UA/Plc/Applications;s=SlowRandomUIntScalar3","Timestamp":"2024-04-27T09:30:43.4423073Z","Value":{"Value":3167023441,"SourceTimestamp":"2024-04-27T09:30:41.3426261Z","ServerTimestamp":"2024-04-27T09:30:41.3426362Z"},"SequenceNumber":10,"ExtensionFields":{}}