{"NodeId":"nsu=http://opcfoundation.org/UA/Plc/Applications;s=SlowRandomUIntScalar3","EndpointUrl":"opc.tcp://localhost:61457/UA/SampleServer","ApplicationUri":"urn:desktop-bgfjs91:OPCFoundation:CoreSampleServer","DisplayName":"nsu=http://opcfoundation.org/UA/Plc/Applications;s=SlowRandomUIntScalar3","Timestamp":"2024-04-27T09:29:53.4493551Z","Value":{"Value":2447758243,"SourceTimestamp":"2024-04-27T09:29:51.3457558Z","ServerTimestamp":"2024-04-27T09:29:51.3457575Z"},"SequenceNumber":5,"ExtensionFields":{}}