{"NodeId":"nsu=http://opcfoundation.org/UA/Plc/Applications;s=SlowRandomUIntScalar3","EndpointUrl":"opc.tcp://localhost:61457/UA/SampleServer","ApplicationUri":"urn:desktop-bgfjs91:OPCFoundation:CoreSampleServer","DisplayName":"nsu=http://opcfoundation.org/UA/Plc/Applications;s=SlowRandomUIntScalar3","Timestamp":"2024-04-27T09:30:33.441692Z","Value":{"Value":652014329,"SourceTimestamp":"2024-04-27T09:30:31.3449782Z","ServerTimestamp":"2024-04-27T09:30:31.3449826Z"},"SequenceNumber":9,"ExtensionFields":{}}