{"MessageId":"f2d9cbbb-2173-4a24-b786-d7395ce4a228","MessageType":"ua-data","PublisherId":"DESKTOP-BGFJS91","DataSetWriterGroup":"<<UnknownWriterGroup>>","Messages":[{"DataSetWriterId":18,"SequenceNumber":11,"MetaDataVersion":{"MajorVersion":1},"Timestamp":"2024-04-27T10:51:00.9880548Z","MessageType":"ua-deltaframe","DataSetWriterName":"Packaging","Payload":{"nsu=http://opcfoundation.org/UA/Plc/Applications;s=SlowRandomUIntScalar1":{"Value":81068638,"SourceTimestamp":"2024-04-27T10:50:59.2200793Z","ServerTimestamp":"2024-04-27T10:50:59.2200822Z"}}}]}