{"MessageId":"4bd43c6e-cb38-4dac-9a7c-d898a475b4ee","MessageType":"ua-data","PublisherId":"DESKTOP-BGFJS91","DataSetWriterGroup":"<<UnknownWriterGroup>>","Messages":[{"DataSetWriterId":18,"SequenceNumber":4,"MetaDataVersion":{"MajorVersion":1},"Timestamp":"2024-04-27T10:49:50.9767511Z","MessageType":"ua-deltaframe","DataSetWriterName":"Packaging","Payload":{"nsu=http://opcfoundation.org/UA/Plc/Applications;s=SlowRandomUIntScalar1":{"Value":1685522785,"SourceTimestamp":"2024-04-27T10:49:49.2288601Z","ServerTimestamp":"2024-04-27T10:49:49.2288645Z"}}}]}