{"MessageId":"a6cf40dd-c2d6-4cd0-9ada-7f411f6b93f7","MessageType":"ua-data","PublisherId":"DESKTOP-BGFJS91","DataSetWriterGroup":"<<UnknownWriterGroup>>","Messages":[{"DataSetWriterId":18,"SequenceNumber":9,"MetaDataVersion":{"MajorVersion":1},"Timestamp":"2024-04-27T10:50:40.9453724Z","MessageType":"ua-deltaframe","DataSetWriterName":"Packaging","Payload":{"nsu=http://opcfoundation.org/UA/Plc/Applications;s=SlowRandomUIntScalar1":{"Value":169120428,"SourceTimestamp":"2024-04-27T10:50:39.226632Z","ServerTimestamp":"2024-04-27T10:50:39.2266375Z"}}}]}