[{"SequenceNumber":91,"MetaDataVersion":{"MajorVersion":1},"Timestamp":"2024-04-27T15:47:08.6792426Z","MessageType":"ua-deltaframe","DataSetWriterName":"<<UnknownDataSet>>","Payload":{"nsu=http://opcfoundation.org/UA/Plc/Applications;s=StepUp":{"Value":{"Type":7,"Body":988},"SourceTimestamp":"2024-04-27T15:47:08.6164774Z","ServerTimestamp":"2024-04-27T15:47:08.6164982Z"},"nsu=http://opcfoundation.org/UA/Plc/Applications;s=RandomSignedInt32":{"Value":{"Type":6,"Body":-588664673},"SourceTimestamp":"2024-04-27T15:47:08.6164901Z","ServerTimestamp":"2024-04-27T15:47:08.6164913Z"},"nsu=http://opcfoundation.org/UA/Plc/Applications;s=RandomUnsignedInt32":{"Value":{"Type":7,"Body":1094947706},"SourceTimestamp":"2024-04-27T15:47:08.6165072Z","ServerTimestamp":"2024-04-27T15:47:08.6165101Z"},"nsu=http://opcfoundation.org/UA/Plc/Applications;s=DipData":{"Value":{"Type":11,"Body":99.80267284282715},"SourceTimestamp":"2024-04-27T15:47:08.616507Z","ServerTimestamp":"2024-04-27T15:47:08.6165082Z"},"nsu=http://opcfoundation.org/UA/Plc/Applications;s=FastUIntScalar1":{"Value":{"Type":7,"Body":98},"SourceTimestamp":"2024-04-27T15:47:07.8126523Z","ServerTimestamp":"2024-04-27T15:47:07.8126543Z"},"nsu=http://opcfoundation.org/UA/Plc/Applications;s=FastUIntScalar2":{"Value":{"Type":7,"Body":98},"SourceTimestamp":"2024-04-27T15:47:07.8126634Z","ServerTimestamp":"2024-04-27T15:47:07.8126683Z"},"nsu=http://opcfoundation.org/UA/Plc/Applications;s=FastUIntScalar3":{"Value":{"Type":7,"Body":98},"SourceTimestamp":"2024-04-27T15:47:07.8126716Z","ServerTimestamp":"2024-04-27T15:47:07.8126727Z"},"nsu=http://opcfoundation.org/UA/Plc/Applications;s=FastRandomUIntScalar1":{"Value":{"Type":7,"Body":3420061627},"SourceTimestamp":"2024-04-27T15:47:07.8126609Z","ServerTimestamp":"2024-04-27T15:47:07.8126633Z"},"nsu=http://opcfoundation.org/UA/Plc/Applications;s=FastRandomUIntScalar2":{"Value":{"Type":7,"Body":1950668065},"SourceTimestamp":"2024-04-27T15:47:07.8126685Z","ServerTimestamp":"2024-04-27T15:47:07.8126718Z"},"nsu=http://opcfoundation.org/UA/Plc/Applications;s=FastRandomUIntScalar3":{"Value":{"Type":7,"Body":3583783121},"SourceTimestamp":"2024-04-27T15:47:07.8126728Z","ServerTimestamp":"2024-04-27T15:47:07.8126735Z"},"nsu=http://opcfoundation.org/UA/Plc/Applications;s=SpikeData":{"Value":{"Type":11,"Body":99.80267284282715},"SourceTimestamp":"2024-04-27T15:47:08.6165116Z","ServerTimestamp":"2024-04-27T15:47:08.6165146Z"}}}]