[{"SequenceNumber":92,"MetaDataVersion":{"MajorVersion":1},"Timestamp":"2024-04-27T15:47:09.6663094Z","MessageType":"ua-deltaframe","DataSetWriterName":"<<UnknownDataSet>>","Payload":{"nsu=http://opcfoundation.org/UA/Plc/Applications;s=StepUp":{"Value":{"Type":7,"Body":998},"SourceTimestamp":"2024-04-27T15:47:09.6205678Z","ServerTimestamp":"2024-04-27T15:47:09.6206485Z"},"nsu=http://opcfoundation.org/UA/Plc/Applications;s=RandomSignedInt32":{"Value":{"Type":6,"Body":-1736790599},"SourceTimestamp":"2024-04-27T15:47:09.6206072Z","ServerTimestamp":"2024-04-27T15:47:09.6206099Z"},"nsu=http://opcfoundation.org/UA/Plc/Applications;s=RandomUnsignedInt32":{"Value":{"Type":7,"Body":609763503},"SourceTimestamp":"2024-04-27T15:47:09.6206258Z","ServerTimestamp":"2024-04-27T15:47:09.6206269Z"},"nsu=http://opcfoundation.org/UA/Plc/Applications;s=DipData":{"Value":{"Type":11,"Body":36.812455268467801},"SourceTimestamp":"2024-04-27T15:47:09.6206575Z","ServerTimestamp":"2024-04-27T15:47:09.6206609Z"},"nsu=http://opcfoundation.org/UA/Plc/Applications;s=FastUIntScalar1":{"Value":{"Type":7,"Body":99},"SourceTimestamp":"2024-04-27T15:47:08.8176768Z","ServerTimestamp":"2024-04-27T15:47:08.8176798Z"},"nsu=http://opcfoundation.org/UA/Plc/Applications;s=FastUIntScalar2":{"Value":{"Type":7,"Body":99},"SourceTimestamp":"2024-04-27T15:47:08.8176928Z","ServerTimestamp":"2024-04-27T15:47:08.8177063Z"},"nsu=http://opcfoundation.org/UA/Plc/Applications;s=FastUIntScalar3":{"Value":{"Type":7,"Body":99},"SourceTimestamp":"2024-04-27T15:47:08.8177087Z","ServerTimestamp":"2024-04-27T15:47:08.8177109Z"},"nsu=http://opcfoundation.org/UA/Plc/Applications;s=FastRandomUIntScalar1":{"Value":{"Type":7,"Body":1629084738},"SourceTimestamp":"2024-04-27T15:47:08.8176787Z","ServerTimestamp":"2024-04-27T15:47:08.8176932Z"},"nsu=http://opcfoundation.org/UA/Plc/Applications;s=FastRandomUIntScalar2":{"Value":{"Type":7,"Body":1389509655},"SourceTimestamp":"2024-04-27T15:47:08.8177064Z","ServerTimestamp":"2024-04-27T15:47:08.8177087Z"},"nsu=http://opcfoundation.org/UA/Plc/Applications;s=FastRandomUIntScalar3":{"Value":{"Type":7,"Body":1496829482},"SourceTimestamp":"2024-04-27T15:47:08.8177111Z","ServerTimestamp":"2024-04-27T15:47:08.8177132Z"},"nsu=http://opcfoundation.org/UA/Plc/Applications;s=SpikeData":{"Value":{"Type":11,"Body":36.812455268467801},"SourceTimestamp":"2024-04-27T15:47:09.6206505Z","ServerTimestamp":"2024-04-27T15:47:09.6206587Z"}}}]