[{"DataSetWriterId":1,"SequenceNumber":10,"MetaDataVersion":{"MajorVersion":1},"Timestamp":"2024-04-27T15:47:10.7290636Z","MessageType":"ua-deltaframe","DataSetWriterName":"<<UnknownDataSet>>","Payload":{"nsu=http://opcfoundation.org/UA/Plc/Applications;s=SlowUIntScalar1":{"Value":{"Type":7,"Body":10},"SourceTimestamp":"2024-04-27T15:47:09.8227615Z","ServerTimestamp":"2024-04-27T15:47:09.8227724Z"},"nsu=http://opcfoundation.org/UA/Plc/Applications;s=SlowUIntScalar2":{"Value":{"Type":7,"Body":10},"SourceTimestamp":"2024-04-27T15:47:09.822796Z","ServerTimestamp":"2024-04-27T15:47:09.8228022Z"},"nsu=http://opcfoundation.org/UA/Plc/Applications;s=SlowUIntScalar3":{"Value":{"Type":7,"Body":10},"SourceTimestamp":"2024-04-27T15:47:09.822827Z","ServerTimestamp":"2024-04-27T15:47:09.8228356Z"},"nsu=http://opcfoundation.org/UA/Plc/Applications;s=BadSlowUIntScalar1":{"Value":{"Body":null},"StatusCode":2150694912,"SourceTimestamp":"2024-04-27T15:47:09.8228403Z","ServerTimestamp":"2024-04-27T15:47:09.8228403Z"},"nsu=http://opcfoundation.org/UA/Plc/Applications;s=SlowRandomUIntScalar1":{"Value":{"Type":7,"Body":2435520048},"SourceTimestamp":"2024-04-27T15:47:09.8227715Z","ServerTimestamp":"2024-04-27T15:47:09.8227952Z"},"nsu=http://opcfoundation.org/UA/Plc/Applications;s=SlowRandomUIntScalar2":{"Value":{"Type":7,"Body":1997204740},"SourceTimestamp":"2024-04-27T15:47:09.8228028Z","ServerTimestamp":"2024-04-27T15:47:09.8228037Z"},"nsu=http://opcfoundation.org/UA/Plc/Applications;s=SlowRandomUIntScalar3":{"Value":{"Type":7,"Body":3628420663},"SourceTimestamp":"2024-04-27T15:47:09.8228051Z","ServerTimestamp":"2024-04-27T15:47:09.8228055Z"},"nsu=http://opcfoundation.org/UA/Plc/Applications;s=BadSlowRandomUIntScalar1":{"Value":{"Body":null},"StatusCode":2150694912,"SourceTimestamp":"2024-04-27T15:47:09.8228088Z","ServerTimestamp":"2024-04-27T15:47:09.8228088Z"}}}]