[{"SequenceNumber":94,"MetaDataVersion":{"MajorVersion":1},"Timestamp":"2024-04-27T15:47:11.6590363Z","MessageType":"ua-deltaframe","DataSetWriterName":"<<UnknownDataSet>>","Payload":{"nsu=http://opcfoundation.org/UA/Plc/Applications;s=StepUp":{"Value":{"Type":7,"Body":1018},"SourceTimestamp":"2024-04-27T15:47:11.6265036Z","ServerTimestamp":"2024-04-27T15:47:11.6265083Z"},"nsu=http://opcfoundation.org/UA/Plc/Applications;s=RandomSignedInt32":{"Value":{"Type":6,"Body":-901401042},"SourceTimestamp":"2024-04-27T15:47:11.6265673Z","ServerTimestamp":"2024-04-27T15:47:11.6265716Z"},"nsu=http://opcfoundation.org/UA/Plc/Applications;s=RandomUnsignedInt32":{"Value":{"Type":7,"Body":1577919391},"SourceTimestamp":"2024-04-27T15:47:11.626548Z","ServerTimestamp":"2024-04-27T15:47:11.6265489Z"},"nsu=http://opcfoundation.org/UA/Plc/Applications;s=DipData":{"Value":{"Type":11,"Body":-84.432792550201526},"SourceTimestamp":"2024-04-27T15:47:11.6265632Z","ServerTimestamp":"2024-04-27T15:47:11.6265681Z"},"nsu=http://opcfoundation.org/UA/Plc/Applications;s=FastUIntScalar1":{"Value":{"Type":7,"Body":101},"SourceTimestamp":"2024-04-27T15:47:10.8215929Z","ServerTimestamp":"2024-04-27T15:47:10.8215957Z"},"nsu=http://opcfoundation.org/UA/Plc/Applications;s=FastUIntScalar2":{"Value":{"Type":7,"Body":101},"SourceTimestamp":"2024-04-27T15:47:10.821608Z","ServerTimestamp":"2024-04-27T15:47:10.8216141Z"},"nsu=http://opcfoundation.org/UA/Plc/Applications;s=FastUIntScalar3":{"Value":{"Type":7,"Body":101},"SourceTimestamp":"2024-04-27T15:47:10.8216161Z","ServerTimestamp":"2024-04-27T15:47:10.8216188Z"},"nsu=http://opcfoundation.org/UA/Plc/Applications;s=FastRandomUIntScalar1":{"Value":{"Type":7,"Body":3117147816},"SourceTimestamp":"2024-04-27T15:47:10.8215965Z","ServerTimestamp":"2024-04-27T15:47:10.8216087Z"},"nsu=http://opcfoundation.org/UA/Plc/Applications;s=FastRandomUIntScalar2":{"Value":{"Type":7,"Body":2557901788},"SourceTimestamp":"2024-04-27T15:47:10.8216135Z","ServerTimestamp":"2024-04-27T15:47:10.8216165Z"},"nsu=http://opcfoundation.org/UA/Plc/Applications;s=FastRandomUIntScalar3":{"Value":{"Type":7,"Body":1578803491},"SourceTimestamp":"2024-04-27T15:47:10.8216188Z","ServerTimestamp":"2024-04-27T15:47:10.8216206Z"},"nsu=http://opcfoundation.org/UA/Plc/Applications;s=SpikeData":{"Value":{"Type":11,"Body":-84.432792550201526},"SourceTimestamp":"2024-04-27T15:47:11.6266063Z","ServerTimestamp":"2024-04-27T15:47:11.6266096Z"}}}]