[{"SequenceNumber":95,"MetaDataVersion":{"MajorVersion":1},"Timestamp":"2024-04-27T15:47:12.6526457Z","MessageType":"ua-deltaframe","DataSetWriterName":"<<UnknownDataSet>>","Payload":{"nsu=http://opcfoundation.org/UA/Plc/Applications;s=StepUp":{"Value":{"Type":7,"Body":1028},"SourceTimestamp":"2024-04-27T15:47:12.6212227Z","ServerTimestamp":"2024-04-27T15:47:12.6212272Z"},"nsu=http://opcfoundation.org/UA/Plc/Applications;s=RandomSignedInt32":{"Value":{"Type":6,"Body":-1216096187},"SourceTimestamp":"2024-04-27T15:47:12.6212772Z","ServerTimestamp":"2024-04-27T15:47:12.6212812Z"},"nsu=http://opcfoundation.org/UA/Plc/Applications;s=RandomUnsignedInt32":{"Value":{"Type":7,"Body":1780767929},"SourceTimestamp":"2024-04-27T15:47:12.6212547Z","ServerTimestamp":"2024-04-27T15:47:12.6212563Z"},"nsu=http://opcfoundation.org/UA/Plc/Applications;s=DipData":{"Value":{"Type":11,"Body":24.868988716485482},"SourceTimestamp":"2024-04-27T15:47:12.6212722Z","ServerTimestamp":"2024-04-27T15:47:12.6212776Z"},"nsu=http://opcfoundation.org/UA/Plc/Applications;s=FastUIntScalar1":{"Value":{"Type":7,"Body":102},"SourceTimestamp":"2024-04-27T15:47:11.8134921Z","ServerTimestamp":"2024-04-27T15:47:11.8134953Z"},"nsu=http://opcfoundation.org/UA/Plc/Applications;s=FastUIntScalar2":{"Value":{"Type":7,"Body":102},"SourceTimestamp":"2024-04-27T15:47:11.813507Z","ServerTimestamp":"2024-04-27T15:47:11.8135204Z"},"nsu=http://opcfoundation.org/UA/Plc/Applications;s=FastUIntScalar3":{"Value":{"Type":7,"Body":102},"SourceTimestamp":"2024-04-27T15:47:11.8135219Z","ServerTimestamp":"2024-04-27T15:47:11.8135246Z"},"nsu=http://opcfoundation.org/UA/Plc/Applications;s=FastRandomUIntScalar1":{"Value":{"Type":7,"Body":1572575663},"SourceTimestamp":"2024-04-27T15:47:11.8134944Z","ServerTimestamp":"2024-04-27T15:47:11.8135081Z"},"nsu=http://opcfoundation.org/UA/Plc/Applications;s=FastRandomUIntScalar2":{"Value":{"Type":7,"Body":809944136},"SourceTimestamp":"2024-04-27T15:47:11.8135206Z","ServerTimestamp":"2024-04-27T15:47:11.8135221Z"},"nsu=http://opcfoundation.org/UA/Plc/Applications;s=FastRandomUIntScalar3":{"Value":{"Type":7,"Body":114048853},"SourceTimestamp":"2024-04-27T15:47:11.8135245Z","ServerTimestamp":"2024-04-27T15:47:11.8135259Z"},"nsu=http://opcfoundation.org/UA/Plc/Applications;s=SpikeData":{"Value":{"Type":11,"Body":24.868988716485482},"SourceTimestamp":"2024-04-27T15:47:12.621283Z","ServerTimestamp":"2024-04-27T15:47:12.6212943Z"}}}]