[{"SequenceNumber":106,"MetaDataVersion":{"MajorVersion":1},"Timestamp":"2024-04-27T15:47:24.6824162Z","MessageType":"ua-deltaframe","DataSetWriterName":"<<UnknownDataSet>>","Payload":{"nsu=http://opcfoundation.org/UA/Plc/Applications;s=StepUp":{"Value":{"Type":7,"Body":1148},"SourceTimestamp":"2024-04-27T15:47:24.6199539Z","ServerTimestamp":"2024-04-27T15:47:24.6199589Z"},"nsu=http://opcfoundation.org/UA/Plc/Applications;s=RandomSignedInt32":{"Value":{"Type":6,"Body":1638355991},"SourceTimestamp":"2024-04-27T15:47:24.6200185Z","ServerTimestamp":"2024-04-27T15:47:24.6200209Z"},"nsu=http://opcfoundation.org/UA/Plc/Applications;s=RandomUnsignedInt32":{"Value":{"Type":7,"Body":1140872553},"SourceTimestamp":"2024-04-27T15:47:24.6200132Z","ServerTimestamp":"2024-04-27T15:47:24.6200138Z"},"nsu=http://opcfoundation.org/UA/Plc/Applications;s=DipData":{"Value":{"Type":11,"Body":-1000},"SourceTimestamp":"2024-04-27T15:47:24.6200241Z","ServerTimestamp":"2024-04-27T15:47:24.6200287Z"},"nsu=http://opcfoundation.org/UA/Plc/Applications;s=FastUIntScalar1":{"Value":{"Type":7,"Body":114},"SourceTimestamp":"2024-04-27T15:47:23.8168274Z","ServerTimestamp":"2024-04-27T15:47:23.8168303Z"},"nsu=http://opcfoundation.org/UA/Plc/Applications;s=FastUIntScalar2":{"Value":{"Type":7,"Body":114},"SourceTimestamp":"2024-04-27T15:47:23.8168426Z","ServerTimestamp":"2024-04-27T15:47:23.8168433Z"},"nsu=http://opcfoundation.org/UA/Plc/Applications;s=FastUIntScalar3":{"Value":{"Type":7,"Body":114},"SourceTimestamp":"2024-04-27T15:47:23.8168447Z","ServerTimestamp":"2024-04-27T15:47:23.8168521Z"},"nsu=http://opcfoundation.org/UA/Plc/Applications;s=FastRandomUIntScalar1":{"Value":{"Type":7,"Body":4137647731},"SourceTimestamp":"2024-04-27T15:47:23.8168302Z","ServerTimestamp":"2024-04-27T15:47:23.8168453Z"},"nsu=http://opcfoundation.org/UA/Plc/Applications;s=FastRandomUIntScalar2":{"Value":{"Type":7,"Body":3643566758},"SourceTimestamp":"2024-04-27T15:47:23.8168522Z","ServerTimestamp":"2024-04-27T15:47:23.8168531Z"},"nsu=http://opcfoundation.org/UA/Plc/Applications;s=FastRandomUIntScalar3":{"Value":{"Type":7,"Body":2897957286},"SourceTimestamp":"2024-04-27T15:47:23.8168542Z","ServerTimestamp":"2024-04-27T15:47:23.8168546Z"},"nsu=http://opcfoundation.org/UA/Plc/Applications;s=SpikeData":{"Value":{"Type":11,"Body":36.812455268467801},"SourceTimestamp":"2024-04-27T15:47:24.6200337Z","ServerTimestamp":"2024-04-27T15:47:24.6200346Z"}}}]