[{"SequenceNumber":107,"MetaDataVersion":{"MajorVersion":1},"Timestamp":"2024-04-27T15:47:25.6587541Z","MessageType":"ua-deltaframe","DataSetWriterName":"<<UnknownDataSet>>","Payload":{"nsu=http://opcfoundation.org/UA/Plc/Applications;s=StepUp":{"Value":{"Type":7,"Body":1158},"SourceTimestamp":"2024-04-27T15:47:25.6123103Z","ServerTimestamp":"2024-04-27T15:47:25.6123141Z"},"nsu=http://opcfoundation.org/UA/Plc/Applications;s=AlternatingBoolean":{"Value":{"Type":1,"Body":false},"SourceTimestamp":"2024-04-27T15:47:24.9166421Z","ServerTimestamp":"2024-04-27T15:47:24.9166688Z"},"nsu=http://opcfoundation.org/UA/Plc/Applications;s=RandomSignedInt32":{"Value":{"Type":6,"Body":-1719865137},"SourceTimestamp":"2024-04-27T15:47:25.612315Z","ServerTimestamp":"2024-04-27T15:47:25.6123823Z"},"nsu=http://opcfoundation.org/UA/Plc/Applications;s=RandomUnsignedInt32":{"Value":{"Type":7,"Body":833359568},"SourceTimestamp":"2024-04-27T15:47:25.6123444Z","ServerTimestamp":"2024-04-27T15:47:25.6123522Z"},"nsu=http://opcfoundation.org/UA/Plc/Applications;s=DipData":{"Value":{"Type":11,"Body":-77.0513242775789},"SourceTimestamp":"2024-04-27T15:47:25.612356Z","ServerTimestamp":"2024-04-27T15:47:25.6123573Z"},"nsu=http://opcfoundation.org/UA/Plc/Applications;s=FastUIntScalar1":{"Value":{"Type":7,"Body":115},"SourceTimestamp":"2024-04-27T15:47:24.8231685Z","ServerTimestamp":"2024-04-27T15:47:24.8231717Z"},"nsu=http://opcfoundation.org/UA/Plc/Applications;s=FastUIntScalar2":{"Value":{"Type":7,"Body":115},"SourceTimestamp":"2024-04-27T15:47:24.8231834Z","ServerTimestamp":"2024-04-27T15:47:24.8231991Z"},"nsu=http://opcfoundation.org/UA/Plc/Applications;s=FastUIntScalar3":{"Value":{"Type":7,"Body":115},"SourceTimestamp":"2024-04-27T15:47:24.8232015Z","ServerTimestamp":"2024-04-27T15:47:24.8232047Z"},"nsu=http://opcfoundation.org/UA/Plc/Applications;s=FastRandomUIntScalar1":{"Value":{"Type":7,"Body":1709277708},"SourceTimestamp":"2024-04-27T15:47:24.8231776Z","ServerTimestamp":"2024-04-27T15:47:24.8231853Z"},"nsu=http://opcfoundation.org/UA/Plc/Applications;s=FastRandomUIntScalar2":{"Value":{"Type":7,"Body":363159023},"SourceTimestamp":"2024-04-27T15:47:24.8231988Z","ServerTimestamp":"2024-04-27T15:47:24.8232025Z"},"nsu=http://opcfoundation.org/UA/Plc/Applications;s=FastRandomUIntScalar3":{"Value":{"Type":7,"Body":1778276504},"SourceTimestamp":"2024-04-27T15:47:24.8232048Z","ServerTimestamp":"2024-04-27T15:47:24.8232067Z"},"nsu=http://opcfoundation.org/UA/Plc/Applications;s=NegativeTrendData":{"Value":{"Type":11,"Body":98.299999999999997},"SourceTimestamp":"2024-04-27T15:47:24.9166733Z","ServerTimestamp":"2024-04-27T15:47:24.9166776Z"},"nsu=http://opcfoundation.org/UA/Plc/Applications;s=PositiveTrendData":{"Value":{"Type":11,"Body":101.7},"SourceTimestamp":"2024-04-27T15:47:24.9166701Z","ServerTimestamp":"2024-04-27T15:47:24.9166739Z"},"nsu=http://opcfoundation.org/UA/Plc/Applications;s=SpikeData":{"Value":{"Type":11,"Body":-77.0513242775789},"SourceTimestamp":"2024-04-27T15:47:25.6123636Z","ServerTimestamp":"2024-04-27T15:47:25.6123654Z"}}}]