[{"DataSetWriterId":1,"SequenceNumber":1,"MetaDataVersion":{"MajorVersion":1},"Timestamp":"2024-04-27T15:45:40.7655754Z","MessageType":"ua-deltaframe","DataSetWriterName":"<<UnknownDataSet>>","Payload":{"nsu=http://opcfoundation.org/UA/Plc/Applications;s=SlowUIntScalar1":{"Value":{"Type":7,"Body":1},"SourceTimestamp":"2024-04-27T15:45:39.8205457Z","ServerTimestamp":"2024-04-27T15:45:39.8205497Z"},"nsu=http://opcfoundation.org/UA/Plc/Applications;s=SlowUIntScalar2":{"Value":{"Type":7,"Body":1},"SourceTimestamp":"2024-04-27T15:45:39.8205644Z","ServerTimestamp":"2024-04-27T15:45:39.8205657Z"},"nsu=http://opcfoundation.org/UA/Plc/Applications;s=SlowUIntScalar3":{"Value":{"Type":7,"Body":1},"SourceTimestamp":"2024-04-27T15:45:39.8205679Z","ServerTimestamp":"2024-04-27T15:45:39.8205803Z"},"nsu=http://opcfoundation.org/UA/Plc/Applications;s=BadSlowUIntScalar1":{"Value":{"Type":7,"Body":1},"SourceTimestamp":"2024-04-27T15:45:39.820583Z","ServerTimestamp":"2024-04-27T15:45:39.8205841Z"},"nsu=http://opcfoundation.org/UA/Plc/Applications;s=SlowRandomUIntScalar1":{"Value":{"Type":7,"Body":2616489076},"SourceTimestamp":"2024-04-27T15:45:39.8205643Z","ServerTimestamp":"2024-04-27T15:45:39.8205685Z"},"nsu=http://opcfoundation.org/UA/Plc/Applications;s=SlowRandomUIntScalar2":{"Value":{"Type":7,"Body":1150094808},"SourceTimestamp":"2024-04-27T15:45:39.8205804Z","ServerTimestamp":"2024-04-27T15:45:39.8205823Z"},"nsu=http://opcfoundation.org/UA/Plc/Applications;s=SlowRandomUIntScalar3":{"Value":{"Type":7,"Body":4234141900},"SourceTimestamp":"2024-04-27T15:45:39.8205838Z","ServerTimestamp":"2024-04-27T15:45:39.8205864Z"},"nsu=http://opcfoundation.org/UA/Plc/Applications;s=BadSlowRandomUIntScalar1":{"Value":{"Type":7,"Body":2916479540},"SourceTimestamp":"2024-04-27T15:45:39.8205885Z","ServerTimestamp":"2024-04-27T15:45:39.820589Z"}}}]