[{"SequenceNumber":110,"MetaDataVersion":{"MajorVersion":1},"Timestamp":"2024-04-27T15:47:29.6610782Z","MessageType":"ua-deltaframe","DataSetWriterName":"<<UnknownDataSet>>","Payload":{"nsu=http://opcfoundation.org/UA/Plc/Applications;s=StepUp":{"Value":{"Type":7,"Body":1198},"SourceTimestamp":"2024-04-27T15:47:29.6143926Z","ServerTimestamp":"2024-04-27T15:47:29.6143952Z"},"nsu=http://opcfoundation.org/UA/Plc/Applications;s=RandomSignedInt32":{"Value":{"Type":6,"Body":663772237},"SourceTimestamp":"2024-04-27T15:47:29.6144026Z","ServerTimestamp":"2024-04-27T15:47:29.6144058Z"},"nsu=http://opcfoundation.org/UA/Plc/Applications;s=RandomUnsignedInt32":{"Value":{"Type":7,"Body":1568430579},"SourceTimestamp":"2024-04-27T15:47:29.614417Z","ServerTimestamp":"2024-04-27T15:47:29.6144179Z"},"nsu=http://opcfoundation.org/UA/Plc/Applications;s=DipData":{"Value":{"Type":11,"Body":36.812455268467801},"SourceTimestamp":"2024-04-27T15:47:29.614426Z","ServerTimestamp":"2024-04-27T15:47:29.6144269Z"},"nsu=http://opcfoundation.org/UA/Plc/Applications;s=FastUIntScalar1":{"Value":{"Type":7,"Body":119},"SourceTimestamp":"2024-04-27T15:47:28.8160864Z","ServerTimestamp":"2024-04-27T15:47:28.8160887Z"},"nsu=http://opcfoundation.org/UA/Plc/Applications;s=FastUIntScalar2":{"Value":{"Type":7,"Body":119},"SourceTimestamp":"2024-04-27T15:47:28.8161004Z","ServerTimestamp":"2024-04-27T15:47:28.8161134Z"},"nsu=http://opcfoundation.org/UA/Plc/Applications;s=FastUIntScalar3":{"Value":{"Type":7,"Body":119},"SourceTimestamp":"2024-04-27T15:47:28.8161149Z","ServerTimestamp":"2024-04-27T15:47:28.8161166Z"},"nsu=http://opcfoundation.org/UA/Plc/Applications;s=FastRandomUIntScalar1":{"Value":{"Type":7,"Body":1113390569},"SourceTimestamp":"2024-04-27T15:47:28.8160866Z","ServerTimestamp":"2024-04-27T15:47:28.8161016Z"},"nsu=http://opcfoundation.org/UA/Plc/Applications;s=FastRandomUIntScalar2":{"Value":{"Type":7,"Body":842006651},"SourceTimestamp":"2024-04-27T15:47:28.8161129Z","ServerTimestamp":"2024-04-27T15:47:28.8161148Z"},"nsu=http://opcfoundation.org/UA/Plc/Applications;s=FastRandomUIntScalar3":{"Value":{"Type":7,"Body":3671213853},"SourceTimestamp":"2024-04-27T15:47:28.8161168Z","ServerTimestamp":"2024-04-27T15:47:28.8161176Z"},"nsu=http://opcfoundation.org/UA/Plc/Applications;s=SpikeData":{"Value":{"Type":11,"Body":36.812455268467801},"SourceTimestamp":"2024-04-27T15:47:29.614426Z","ServerTimestamp":"2024-04-27T15:47:29.6144307Z"}}}]