[{"SequenceNumber":13,"MetaDataVersion":{"MajorVersion":1},"Timestamp":"2024-04-27T15:45:42.6940947Z","MessageType":"ua-deltaframe","DataSetWriterName":"<<UnknownDataSet>>","Payload":{"nsu=http://opcfoundation.org/UA/Plc/Applications;s=StepUp":{"Value":{"Type":7,"Body":128},"SourceTimestamp":"2024-04-27T15:45:42.6162325Z","ServerTimestamp":"2024-04-27T15:45:42.616263Z"},"nsu=http://opcfoundation.org/UA/Plc/Applications;s=RandomSignedInt32":{"Value":{"Type":6,"Body":1084389297},"SourceTimestamp":"2024-04-27T15:45:42.6162385Z","ServerTimestamp":"2024-04-27T15:45:42.6162447Z"},"nsu=http://opcfoundation.org/UA/Plc/Applications;s=RandomUnsignedInt32":{"Value":{"Type":7,"Body":1153299561},"SourceTimestamp":"2024-04-27T15:45:42.6162517Z","ServerTimestamp":"2024-04-27T15:45:42.6162531Z"},"nsu=http://opcfoundation.org/UA/Plc/Applications;s=DipData":{"Value":{"Type":11,"Body":24.868988716485482},"SourceTimestamp":"2024-04-27T15:45:42.6162678Z","ServerTimestamp":"2024-04-27T15:45:42.6162699Z"},"nsu=http://opcfoundation.org/UA/Plc/Applications;s=FastUIntScalar1":{"Value":{"Type":7,"Body":12},"SourceTimestamp":"2024-04-27T15:45:41.8219989Z","ServerTimestamp":"2024-04-27T15:45:41.8220037Z"},"nsu=http://opcfoundation.org/UA/Plc/Applications;s=FastUIntScalar2":{"Value":{"Type":7,"Body":12},"SourceTimestamp":"2024-04-27T15:45:41.82201Z","ServerTimestamp":"2024-04-27T15:45:41.8220107Z"},"nsu=http://opcfoundation.org/UA/Plc/Applications;s=FastUIntScalar3":{"Value":{"Type":7,"Body":12},"SourceTimestamp":"2024-04-27T15:45:41.8220121Z","ServerTimestamp":"2024-04-27T15:45:41.8220126Z"},"nsu=http://opcfoundation.org/UA/Plc/Applications;s=FastRandomUIntScalar1":{"Value":{"Type":7,"Body":2333692866},"SourceTimestamp":"2024-04-27T15:45:41.8219914Z","ServerTimestamp":"2024-04-27T15:45:41.8219939Z"},"nsu=http://opcfoundation.org/UA/Plc/Applications;s=FastRandomUIntScalar2":{"Value":{"Type":7,"Body":4039827977},"SourceTimestamp":"2024-04-27T15:45:41.8220033Z","ServerTimestamp":"2024-04-27T15:45:41.8220143Z"},"nsu=http://opcfoundation.org/UA/Plc/Applications;s=FastRandomUIntScalar3":{"Value":{"Type":7,"Body":3314086328},"SourceTimestamp":"2024-04-27T15:45:41.8220156Z","ServerTimestamp":"2024-04-27T15:45:41.8220167Z"},"nsu=http://opcfoundation.org/UA/Plc/Applications;s=SpikeData":{"Value":{"Type":11,"Body":24.868988716485482},"SourceTimestamp":"2024-04-27T15:45:42.6162678Z","ServerTimestamp":"2024-04-27T15:45:42.6162686Z"}}}]