[{"SequenceNumber":16,"MetaDataVersion":{"MajorVersion":1},"Timestamp":"2024-04-27T15:45:45.6681862Z","MessageType":"ua-deltaframe","DataSetWriterName":"<<UnknownDataSet>>","Payload":{"nsu=http://opcfoundation.org/UA/Plc/Applications;s=StepUp":{"Value":{"Type":7,"Body":158},"SourceTimestamp":"2024-04-27T15:45:45.6196975Z","ServerTimestamp":"2024-04-27T15:45:45.6197002Z"},"nsu=http://opcfoundation.org/UA/Plc/Applications;s=AlternatingBoolean":{"Value":{"Type":1,"Body":false},"SourceTimestamp":"2024-04-27T15:45:44.9237606Z","ServerTimestamp":"2024-04-27T15:45:44.9238244Z"},"nsu=http://opcfoundation.org/UA/Plc/Applications;s=RandomSignedInt32":{"Value":{"Type":6,"Body":-2114064608},"SourceTimestamp":"2024-04-27T15:45:45.6197093Z","ServerTimestamp":"2024-04-27T15:45:45.6197123Z"},"nsu=http://opcfoundation.org/UA/Plc/Applications;s=RandomUnsignedInt32":{"Value":{"Type":7,"Body":158238479},"SourceTimestamp":"2024-04-27T15:45:45.6197216Z","ServerTimestamp":"2024-04-27T15:45:45.6197223Z"},"nsu=http://opcfoundation.org/UA/Plc/Applications;s=DipData":{"Value":{"Type":11,"Body":-77.0513242775789},"SourceTimestamp":"2024-04-27T15:45:45.6197389Z","ServerTimestamp":"2024-04-27T15:45:45.6197404Z"},"nsu=http://opcfoundation.org/UA/Plc/Applications;s=FastUIntScalar1":{"Value":{"Type":7,"Body":15},"SourceTimestamp":"2024-04-27T15:45:44.8160851Z","ServerTimestamp":"2024-04-27T15:45:44.8160875Z"},"nsu=http://opcfoundation.org/UA/Plc/Applications;s=FastUIntScalar2":{"Value":{"Type":7,"Body":15},"SourceTimestamp":"2024-04-27T15:45:44.8160963Z","ServerTimestamp":"2024-04-27T15:45:44.8160968Z"},"nsu=http://opcfoundation.org/UA/Plc/Applications;s=FastUIntScalar3":{"Value":{"Type":7,"Body":15},"SourceTimestamp":"2024-04-27T15:45:44.8160982Z","ServerTimestamp":"2024-04-27T15:45:44.8160987Z"},"nsu=http://opcfoundation.org/UA/Plc/Applications;s=FastRandomUIntScalar1":{"Value":{"Type":7,"Body":2378914164},"SourceTimestamp":"2024-04-27T15:45:44.8161047Z","ServerTimestamp":"2024-04-27T15:45:44.8161071Z"},"nsu=http://opcfoundation.org/UA/Plc/Applications;s=FastRandomUIntScalar2":{"Value":{"Type":7,"Body":4278887406},"SourceTimestamp":"2024-04-27T15:45:44.8161295Z","ServerTimestamp":"2024-04-27T15:45:44.8161337Z"},"nsu=http://opcfoundation.org/UA/Plc/Applications;s=FastRandomUIntScalar3":{"Value":{"Type":7,"Body":656922554},"SourceTimestamp":"2024-04-27T15:45:44.8161349Z","ServerTimestamp":"2024-04-27T15:45:44.8161399Z"},"nsu=http://opcfoundation.org/UA/Plc/Applications;s=SpikeData":{"Value":{"Type":11,"Body":-77.0513242775789},"SourceTimestamp":"2024-04-27T15:45:45.6197372Z","ServerTimestamp":"2024-04-27T15:45:45.619738Z"}}}]