[{"SequenceNumber":17,"MetaDataVersion":{"MajorVersion":1},"Timestamp":"2024-04-27T15:45:46.6679661Z","MessageType":"ua-deltaframe","DataSetWriterName":"<<UnknownDataSet>>","Payload":{"nsu=http://opcfoundation.org/UA/Plc/Applications;s=StepUp":{"Value":{"Type":7,"Body":168},"SourceTimestamp":"2024-04-27T15:45:46.6208753Z","ServerTimestamp":"2024-04-27T15:45:46.6208777Z"},"nsu=http://opcfoundation.org/UA/Plc/Applications;s=RandomSignedInt32":{"Value":{"Type":6,"Body":10829465},"SourceTimestamp":"2024-04-27T15:45:46.6208943Z","ServerTimestamp":"2024-04-27T15:45:46.6208956Z"},"nsu=http://opcfoundation.org/UA/Plc/Applications;s=RandomUnsignedInt32":{"Value":{"Type":7,"Body":979790608},"SourceTimestamp":"2024-04-27T15:45:46.6208963Z","ServerTimestamp":"2024-04-27T15:45:46.6209003Z"},"nsu=http://opcfoundation.org/UA/Plc/Applications;s=DipData":{"Value":{"Type":11,"Body":-84.432792550201526},"SourceTimestamp":"2024-04-27T15:45:46.6209105Z","ServerTimestamp":"2024-04-27T15:45:46.6209174Z"},"nsu=http://opcfoundation.org/UA/Plc/Applications;s=FastUIntScalar1":{"Value":{"Type":7,"Body":16},"SourceTimestamp":"2024-04-27T15:45:45.8250409Z","ServerTimestamp":"2024-04-27T15:45:45.8250429Z"},"nsu=http://opcfoundation.org/UA/Plc/Applications;s=FastUIntScalar2":{"Value":{"Type":7,"Body":16},"SourceTimestamp":"2024-04-27T15:45:45.8250514Z","ServerTimestamp":"2024-04-27T15:45:45.8250519Z"},"nsu=http://opcfoundation.org/UA/Plc/Applications;s=FastUIntScalar3":{"Value":{"Type":7,"Body":16},"SourceTimestamp":"2024-04-27T15:45:45.825053Z","ServerTimestamp":"2024-04-27T15:45:45.8250535Z"},"nsu=http://opcfoundation.org/UA/Plc/Applications;s=FastRandomUIntScalar1":{"Value":{"Type":7,"Body":3984318064},"SourceTimestamp":"2024-04-27T15:45:45.8250487Z","ServerTimestamp":"2024-04-27T15:45:45.8250601Z"},"nsu=http://opcfoundation.org/UA/Plc/Applications;s=FastRandomUIntScalar2":{"Value":{"Type":7,"Body":2043994944},"SourceTimestamp":"2024-04-27T15:45:45.8250701Z","ServerTimestamp":"2024-04-27T15:45:45.8250727Z"},"nsu=http://opcfoundation.org/UA/Plc/Applications;s=FastRandomUIntScalar3":{"Value":{"Type":7,"Body":179249779},"SourceTimestamp":"2024-04-27T15:45:45.8250744Z","ServerTimestamp":"2024-04-27T15:45:45.8250762Z"},"nsu=http://opcfoundation.org/UA/Plc/Applications;s=SpikeData":{"Value":{"Type":11,"Body":-84.432792550201526},"SourceTimestamp":"2024-04-27T15:45:46.6209103Z","ServerTimestamp":"2024-04-27T15:45:46.620911Z"}}}]