[{"SequenceNumber":20,"MetaDataVersion":{"MajorVersion":1},"Timestamp":"2024-04-27T15:45:49.698773Z","MessageType":"ua-deltaframe","DataSetWriterName":"<<UnknownDataSet>>","Payload":{"nsu=http://opcfoundation.org/UA/Plc/Applications;s=StepUp":{"Value":{"Type":7,"Body":198},"SourceTimestamp":"2024-04-27T15:45:49.6215378Z","ServerTimestamp":"2024-04-27T15:45:49.6215426Z"},"nsu=http://opcfoundation.org/UA/Plc/Applications;s=RandomSignedInt32":{"Value":{"Type":6,"Body":-115838943},"SourceTimestamp":"2024-04-27T15:45:49.6216038Z","ServerTimestamp":"2024-04-27T15:45:49.6216075Z"},"nsu=http://opcfoundation.org/UA/Plc/Applications;s=RandomUnsignedInt32":{"Value":{"Type":7,"Body":852751811},"SourceTimestamp":"2024-04-27T15:45:49.6216063Z","ServerTimestamp":"2024-04-27T15:45:49.6216175Z"},"nsu=http://opcfoundation.org/UA/Plc/Applications;s=DipData":{"Value":{"Type":11,"Body":36.812455268467801},"SourceTimestamp":"2024-04-27T15:45:49.6216213Z","ServerTimestamp":"2024-04-27T15:45:49.6216231Z"},"nsu=http://opcfoundation.org/UA/Plc/Applications;s=FastUIntScalar1":{"Value":{"Type":7,"Body":19},"SourceTimestamp":"2024-04-27T15:45:48.8218449Z","ServerTimestamp":"2024-04-27T15:45:48.8218585Z"},"nsu=http://opcfoundation.org/UA/Plc/Applications;s=FastUIntScalar2":{"Value":{"Type":7,"Body":19},"SourceTimestamp":"2024-04-27T15:45:48.8218651Z","ServerTimestamp":"2024-04-27T15:45:48.8218664Z"},"nsu=http://opcfoundation.org/UA/Plc/Applications;s=FastUIntScalar3":{"Value":{"Type":7,"Body":19},"SourceTimestamp":"2024-04-27T15:45:48.8218676Z","ServerTimestamp":"2024-04-27T15:45:48.8218687Z"},"nsu=http://opcfoundation.org/UA/Plc/Applications;s=FastRandomUIntScalar1":{"Value":{"Type":7,"Body":4115406568},"SourceTimestamp":"2024-04-27T15:45:48.8218427Z","ServerTimestamp":"2024-04-27T15:45:48.8218455Z"},"nsu=http://opcfoundation.org/UA/Plc/Applications;s=FastRandomUIntScalar2":{"Value":{"Type":7,"Body":424096796},"SourceTimestamp":"2024-04-27T15:45:48.8218587Z","ServerTimestamp":"2024-04-27T15:45:48.8218649Z"},"nsu=http://opcfoundation.org/UA/Plc/Applications;s=FastRandomUIntScalar3":{"Value":{"Type":7,"Body":2434208278},"SourceTimestamp":"2024-04-27T15:45:48.8218667Z","ServerTimestamp":"2024-04-27T15:45:48.8218679Z"},"nsu=http://opcfoundation.org/UA/Plc/Applications;s=SpikeData":{"Value":{"Type":11,"Body":36.812455268467801},"SourceTimestamp":"2024-04-27T15:45:49.6216353Z","ServerTimestamp":"2024-04-27T15:45:49.6216369Z"}}}]