[{"SequenceNumber":27,"MetaDataVersion":{"MajorVersion":1},"Timestamp":"2024-04-27T15:45:56.6915772Z","MessageType":"ua-deltaframe","DataSetWriterName":"<<UnknownDataSet>>","Payload":{"nsu=http://opcfoundation.org/UA/Plc/Applications;s=StepUp":{"Value":{"Type":7,"Body":268},"SourceTimestamp":"2024-04-27T15:45:56.6125271Z","ServerTimestamp":"2024-04-27T15:45:56.6125308Z"},"nsu=http://opcfoundation.org/UA/Plc/Applications;s=RandomSignedInt32":{"Value":{"Type":6,"Body":-98420386},"SourceTimestamp":"2024-04-27T15:45:56.6125707Z","ServerTimestamp":"2024-04-27T15:45:56.6125743Z"},"nsu=http://opcfoundation.org/UA/Plc/Applications;s=RandomUnsignedInt32":{"Value":{"Type":7,"Body":1467472397},"SourceTimestamp":"2024-04-27T15:45:56.6125635Z","ServerTimestamp":"2024-04-27T15:45:56.6125715Z"},"nsu=http://opcfoundation.org/UA/Plc/Applications;s=DipData":{"Value":{"Type":11,"Body":-84.432792550201526},"SourceTimestamp":"2024-04-27T15:45:56.6125851Z","ServerTimestamp":"2024-04-27T15:45:56.6125875Z"},"nsu=http://opcfoundation.org/UA/Plc/Applications;s=FastUIntScalar1":{"Value":{"Type":7,"Body":26},"SourceTimestamp":"2024-04-27T15:45:55.823239Z","ServerTimestamp":"2024-04-27T15:45:55.8232408Z"},"nsu=http://opcfoundation.org/UA/Plc/Applications;s=FastUIntScalar2":{"Value":{"Type":7,"Body":26},"SourceTimestamp":"2024-04-27T15:45:55.8232488Z","ServerTimestamp":"2024-04-27T15:45:55.8232542Z"},"nsu=http://opcfoundation.org/UA/Plc/Applications;s=FastUIntScalar3":{"Value":{"Type":7,"Body":26},"SourceTimestamp":"2024-04-27T15:45:55.8232557Z","ServerTimestamp":"2024-04-27T15:45:55.8232565Z"},"nsu=http://opcfoundation.org/UA/Plc/Applications;s=FastRandomUIntScalar1":{"Value":{"Type":7,"Body":2414955195},"SourceTimestamp":"2024-04-27T15:45:55.8232394Z","ServerTimestamp":"2024-04-27T15:45:55.823249Z"},"nsu=http://opcfoundation.org/UA/Plc/Applications;s=FastRandomUIntScalar2":{"Value":{"Type":7,"Body":988254229},"SourceTimestamp":"2024-04-27T15:45:55.8232543Z","ServerTimestamp":"2024-04-27T15:45:55.8232555Z"},"nsu=http://opcfoundation.org/UA/Plc/Applications;s=FastRandomUIntScalar3":{"Value":{"Type":7,"Body":3479841755},"SourceTimestamp":"2024-04-27T15:45:55.8232563Z","ServerTimestamp":"2024-04-27T15:45:55.823258Z"},"nsu=http://opcfoundation.org/UA/Plc/Applications;s=SpikeData":{"Value":{"Type":11,"Body":-84.432792550201526},"SourceTimestamp":"2024-04-27T15:45:56.6125972Z","ServerTimestamp":"2024-04-27T15:45:56.6126057Z"}}}]