[{"SequenceNumber":30,"MetaDataVersion":{"MajorVersion":1},"Timestamp":"2024-04-27T15:45:59.6612861Z","MessageType":"ua-deltaframe","DataSetWriterName":"<<UnknownDataSet>>","Payload":{"nsu=http://opcfoundation.org/UA/Plc/Applications;s=StepUp":{"Value":{"Type":7,"Body":298},"SourceTimestamp":"2024-04-27T15:45:59.6136176Z","ServerTimestamp":"2024-04-27T15:45:59.6136202Z"},"nsu=http://opcfoundation.org/UA/Plc/Applications;s=RandomSignedInt32":{"Value":{"Type":6,"Body":-190923206},"SourceTimestamp":"2024-04-27T15:45:59.6136309Z","ServerTimestamp":"2024-04-27T15:45:59.6136328Z"},"nsu=http://opcfoundation.org/UA/Plc/Applications;s=RandomUnsignedInt32":{"Value":{"Type":7,"Body":957355152},"SourceTimestamp":"2024-04-27T15:45:59.613643Z","ServerTimestamp":"2024-04-27T15:45:59.6136505Z"},"nsu=http://opcfoundation.org/UA/Plc/Applications;s=DipData":{"Value":{"Type":11,"Body":36.812455268467801},"SourceTimestamp":"2024-04-27T15:45:59.6136507Z","ServerTimestamp":"2024-04-27T15:45:59.6136572Z"},"nsu=http://opcfoundation.org/UA/Plc/Applications;s=FastUIntScalar1":{"Value":{"Type":7,"Body":29},"SourceTimestamp":"2024-04-27T15:45:58.8123616Z","ServerTimestamp":"2024-04-27T15:45:58.8123636Z"},"nsu=http://opcfoundation.org/UA/Plc/Applications;s=FastUIntScalar2":{"Value":{"Type":7,"Body":29},"SourceTimestamp":"2024-04-27T15:45:58.8123728Z","ServerTimestamp":"2024-04-27T15:45:58.8123733Z"},"nsu=http://opcfoundation.org/UA/Plc/Applications;s=FastUIntScalar3":{"Value":{"Type":7,"Body":29},"SourceTimestamp":"2024-04-27T15:45:58.8123747Z","ServerTimestamp":"2024-04-27T15:45:58.8123752Z"},"nsu=http://opcfoundation.org/UA/Plc/Applications;s=FastRandomUIntScalar1":{"Value":{"Type":7,"Body":2582218042},"SourceTimestamp":"2024-04-27T15:45:58.8123751Z","ServerTimestamp":"2024-04-27T15:45:58.8123807Z"},"nsu=http://opcfoundation.org/UA/Plc/Applications;s=FastRandomUIntScalar2":{"Value":{"Type":7,"Body":2888237519},"SourceTimestamp":"2024-04-27T15:45:58.8123866Z","ServerTimestamp":"2024-04-27T15:45:58.8123872Z"},"nsu=http://opcfoundation.org/UA/Plc/Applications;s=FastRandomUIntScalar3":{"Value":{"Type":7,"Body":947603178},"SourceTimestamp":"2024-04-27T15:45:58.8123886Z","ServerTimestamp":"2024-04-27T15:45:58.8123891Z"},"nsu=http://opcfoundation.org/UA/Plc/Applications;s=SpikeData":{"Value":{"Type":11,"Body":36.812455268467801},"SourceTimestamp":"2024-04-27T15:45:59.6136576Z","ServerTimestamp":"2024-04-27T15:45:59.6136589Z"}}}]