[{"SequenceNumber":34,"MetaDataVersion":{"MajorVersion":1},"Timestamp":"2024-04-27T15:46:04.6801284Z","MessageType":"ua-deltaframe","DataSetWriterName":"<<UnknownDataSet>>","Payload":{"nsu=http://opcfoundation.org/UA/Plc/Applications;s=StepUp":{"Value":{"Type":7,"Body":348},"SourceTimestamp":"2024-04-27T15:46:04.6174083Z","ServerTimestamp":"2024-04-27T15:46:04.6174118Z"},"nsu=http://opcfoundation.org/UA/Plc/Applications;s=RandomSignedInt32":{"Value":{"Type":6,"Body":946575416},"SourceTimestamp":"2024-04-27T15:46:04.6174354Z","ServerTimestamp":"2024-04-27T15:46:04.6174392Z"},"nsu=http://opcfoundation.org/UA/Plc/Applications;s=RandomUnsignedInt32":{"Value":{"Type":7,"Body":765653839},"SourceTimestamp":"2024-04-27T15:46:04.6174411Z","ServerTimestamp":"2024-04-27T15:46:04.6174433Z"},"nsu=http://opcfoundation.org/UA/Plc/Applications;s=DipData":{"Value":{"Type":11,"Body":36.812455268467801},"SourceTimestamp":"2024-04-27T15:46:04.6174677Z","ServerTimestamp":"2024-04-27T15:46:04.6174685Z"},"nsu=http://opcfoundation.org/UA/Plc/Applications;s=FastUIntScalar1":{"Value":{"Type":7,"Body":34},"SourceTimestamp":"2024-04-27T15:46:03.827099Z","ServerTimestamp":"2024-04-27T15:46:03.8271014Z"},"nsu=http://opcfoundation.org/UA/Plc/Applications;s=FastUIntScalar2":{"Value":{"Type":7,"Body":34},"SourceTimestamp":"2024-04-27T15:46:03.82711Z","ServerTimestamp":"2024-04-27T15:46:03.8271105Z"},"nsu=http://opcfoundation.org/UA/Plc/Applications;s=FastUIntScalar3":{"Value":{"Type":7,"Body":34},"SourceTimestamp":"2024-04-27T15:46:03.8271122Z","ServerTimestamp":"2024-04-27T15:46:03.8271195Z"},"nsu=http://opcfoundation.org/UA/Plc/Applications;s=FastRandomUIntScalar1":{"Value":{"Type":7,"Body":319437379},"SourceTimestamp":"2024-04-27T15:46:03.8271113Z","ServerTimestamp":"2024-04-27T15:46:03.827113Z"},"nsu=http://opcfoundation.org/UA/Plc/Applications;s=FastRandomUIntScalar2":{"Value":{"Type":7,"Body":2778325917},"SourceTimestamp":"2024-04-27T15:46:03.8271197Z","ServerTimestamp":"2024-04-27T15:46:03.8271208Z"},"nsu=http://opcfoundation.org/UA/Plc/Applications;s=FastRandomUIntScalar3":{"Value":{"Type":7,"Body":2570347333},"SourceTimestamp":"2024-04-27T15:46:03.8271219Z","ServerTimestamp":"2024-04-27T15:46:03.8271224Z"},"nsu=http://opcfoundation.org/UA/Plc/Applications;s=SpikeData":{"Value":{"Type":11,"Body":36.812455268467801},"SourceTimestamp":"2024-04-27T15:46:04.6174546Z","ServerTimestamp":"2024-04-27T15:46:04.6174554Z"}}}]