[{"SequenceNumber":38,"MetaDataVersion":{"MajorVersion":1},"Timestamp":"2024-04-27T15:46:09.6519447Z","MessageType":"ua-deltaframe","DataSetWriterName":"<<UnknownDataSet>>","Payload":{"nsu=http://opcfoundation.org/UA/Plc/Applications;s=StepUp":{"Value":{"Type":7,"Body":398},"SourceTimestamp":"2024-04-27T15:46:09.6196806Z","ServerTimestamp":"2024-04-27T15:46:09.6196844Z"},"nsu=http://opcfoundation.org/UA/Plc/Applications;s=RandomSignedInt32":{"Value":{"Type":6,"Body":-1841476211},"SourceTimestamp":"2024-04-27T15:46:09.6197282Z","ServerTimestamp":"2024-04-27T15:46:09.6197308Z"},"nsu=http://opcfoundation.org/UA/Plc/Applications;s=RandomUnsignedInt32":{"Value":{"Type":7,"Body":1514858905},"SourceTimestamp":"2024-04-27T15:46:09.619717Z","ServerTimestamp":"2024-04-27T15:46:09.619718Z"},"nsu=http://opcfoundation.org/UA/Plc/Applications;s=DipData":{"Value":{"Type":11,"Body":36.812455268467801},"SourceTimestamp":"2024-04-27T15:46:09.6197301Z","ServerTimestamp":"2024-04-27T15:46:09.6197578Z"},"nsu=http://opcfoundation.org/UA/Plc/Applications;s=FastUIntScalar1":{"Value":{"Type":7,"Body":39},"SourceTimestamp":"2024-04-27T15:46:08.8414761Z","ServerTimestamp":"2024-04-27T15:46:08.8414781Z"},"nsu=http://opcfoundation.org/UA/Plc/Applications;s=FastUIntScalar2":{"Value":{"Type":7,"Body":39},"SourceTimestamp":"2024-04-27T15:46:08.8414964Z","ServerTimestamp":"2024-04-27T15:46:08.8414973Z"},"nsu=http://opcfoundation.org/UA/Plc/Applications;s=FastUIntScalar3":{"Value":{"Type":7,"Body":39},"SourceTimestamp":"2024-04-27T15:46:08.8414983Z","ServerTimestamp":"2024-04-27T15:46:08.8414987Z"},"nsu=http://opcfoundation.org/UA/Plc/Applications;s=FastRandomUIntScalar1":{"Value":{"Type":7,"Body":3634336325},"SourceTimestamp":"2024-04-27T15:46:08.841478Z","ServerTimestamp":"2024-04-27T15:46:08.8415063Z"},"nsu=http://opcfoundation.org/UA/Plc/Applications;s=FastRandomUIntScalar2":{"Value":{"Type":7,"Body":4090173595},"SourceTimestamp":"2024-04-27T15:46:08.8415168Z","ServerTimestamp":"2024-04-27T15:46:08.84152Z"},"nsu=http://opcfoundation.org/UA/Plc/Applications;s=FastRandomUIntScalar3":{"Value":{"Type":7,"Body":2968731866},"SourceTimestamp":"2024-04-27T15:46:08.8415215Z","ServerTimestamp":"2024-04-27T15:46:08.8415673Z"},"nsu=http://opcfoundation.org/UA/Plc/Applications;s=SpikeData":{"Value":{"Type":11,"Body":1000},"SourceTimestamp":"2024-04-27T15:46:09.6197757Z","ServerTimestamp":"2024-04-27T15:46:09.619779Z"}}}]