[{"DataSetWriterId":1,"SequenceNumber":4,"MetaDataVersion":{"MajorVersion":1},"Timestamp":"2024-04-27T15:46:10.7105614Z","MessageType":"ua-deltaframe","DataSetWriterName":"<<UnknownDataSet>>","Payload":{"nsu=http://opcfoundation.org/UA/Plc/Applications;s=SlowUIntScalar1":{"Value":{"Type":7,"Body":4},"SourceTimestamp":"2024-04-27T15:46:09.8220686Z","ServerTimestamp":"2024-04-27T15:46:09.8220711Z"},"nsu=http://opcfoundation.org/UA/Plc/Applications;s=SlowUIntScalar2":{"Value":{"Type":7,"Body":4},"SourceTimestamp":"2024-04-27T15:46:09.822081Z","ServerTimestamp":"2024-04-27T15:46:09.8220871Z"},"nsu=http://opcfoundation.org/UA/Plc/Applications;s=SlowUIntScalar3":{"Value":{"Type":7,"Body":4},"SourceTimestamp":"2024-04-27T15:46:09.8220881Z","ServerTimestamp":"2024-04-27T15:46:09.8220889Z"},"nsu=http://opcfoundation.org/UA/Plc/Applications;s=BadSlowUIntScalar1":{"Value":{"Type":7,"Body":4},"StatusCode":1083179008,"SourceTimestamp":"2024-04-27T15:46:09.8220899Z","ServerTimestamp":"2024-04-27T15:46:09.8220903Z"},"nsu=http://opcfoundation.org/UA/Plc/Applications;s=SlowRandomUIntScalar1":{"Value":{"Type":7,"Body":3611342017},"SourceTimestamp":"2024-04-27T15:46:09.8220778Z","ServerTimestamp":"2024-04-27T15:46:09.8220813Z"},"nsu=http://opcfoundation.org/UA/Plc/Applications;s=SlowRandomUIntScalar2":{"Value":{"Type":7,"Body":2791036818},"SourceTimestamp":"2024-04-27T15:46:09.8220871Z","ServerTimestamp":"2024-04-27T15:46:09.8220879Z"},"nsu=http://opcfoundation.org/UA/Plc/Applications;s=SlowRandomUIntScalar3":{"Value":{"Type":7,"Body":1673853475},"SourceTimestamp":"2024-04-27T15:46:09.8220891Z","ServerTimestamp":"2024-04-27T15:46:09.8220894Z"},"nsu=http://opcfoundation.org/UA/Plc/Applications;s=BadSlowRandomUIntScalar1":{"Value":{"Type":7,"Body":149625118},"StatusCode":1083179008,"SourceTimestamp":"2024-04-27T15:46:09.8220902Z","ServerTimestamp":"2024-04-27T15:46:09.8220912Z"}}}]