[{"SequenceNumber":40,"MetaDataVersion":{"MajorVersion":1},"Timestamp":"2024-04-27T15:46:11.6424468Z","MessageType":"ua-deltaframe","DataSetWriterName":"<<UnknownDataSet>>","Payload":{"nsu=http://opcfoundation.org/UA/Plc/Applications;s=StepUp":{"Value":{"Type":7,"Body":418},"SourceTimestamp":"2024-04-27T15:46:11.6271602Z","ServerTimestamp":"2024-04-27T15:46:11.6271628Z"},"nsu=http://opcfoundation.org/UA/Plc/Applications;s=RandomSignedInt32":{"Value":{"Type":6,"Body":1834465710},"SourceTimestamp":"2024-04-27T15:46:11.627184Z","ServerTimestamp":"2024-04-27T15:46:11.6271846Z"},"nsu=http://opcfoundation.org/UA/Plc/Applications;s=RandomUnsignedInt32":{"Value":{"Type":7,"Body":181512732},"SourceTimestamp":"2024-04-27T15:46:11.6271958Z","ServerTimestamp":"2024-04-27T15:46:11.6271971Z"},"nsu=http://opcfoundation.org/UA/Plc/Applications;s=DipData":{"Value":{"Type":11,"Body":-84.432792550201526},"SourceTimestamp":"2024-04-27T15:46:11.6272Z","ServerTimestamp":"2024-04-27T15:46:11.627206Z"},"nsu=http://opcfoundation.org/UA/Plc/Applications;s=FastUIntScalar1":{"Value":{"Type":7,"Body":41},"SourceTimestamp":"2024-04-27T15:46:10.817833Z","ServerTimestamp":"2024-04-27T15:46:10.8178348Z"},"nsu=http://opcfoundation.org/UA/Plc/Applications;s=FastUIntScalar2":{"Value":{"Type":7,"Body":41},"SourceTimestamp":"2024-04-27T15:46:10.8178484Z","ServerTimestamp":"2024-04-27T15:46:10.8178542Z"},"nsu=http://opcfoundation.org/UA/Plc/Applications;s=FastUIntScalar3":{"Value":{"Type":7,"Body":41},"SourceTimestamp":"2024-04-27T15:46:10.8178551Z","ServerTimestamp":"2024-04-27T15:46:10.8178562Z"},"nsu=http://opcfoundation.org/UA/Plc/Applications;s=FastRandomUIntScalar1":{"Value":{"Type":7,"Body":396862220},"SourceTimestamp":"2024-04-27T15:46:10.8178439Z","ServerTimestamp":"2024-04-27T15:46:10.8178489Z"},"nsu=http://opcfoundation.org/UA/Plc/Applications;s=FastRandomUIntScalar2":{"Value":{"Type":7,"Body":3562735037},"SourceTimestamp":"2024-04-27T15:46:10.817854Z","ServerTimestamp":"2024-04-27T15:46:10.8178552Z"},"nsu=http://opcfoundation.org/UA/Plc/Applications;s=FastRandomUIntScalar3":{"Value":{"Type":7,"Body":3156182927},"SourceTimestamp":"2024-04-27T15:46:10.8178561Z","ServerTimestamp":"2024-04-27T15:46:10.8178569Z"},"nsu=http://opcfoundation.org/UA/Plc/Applications;s=SpikeData":{"Value":{"Type":11,"Body":-84.432792550201526},"SourceTimestamp":"2024-04-27T15:46:11.6272071Z","ServerTimestamp":"2024-04-27T15:46:11.627208Z"}}}]