[{"SequenceNumber":41,"MetaDataVersion":{"MajorVersion":1},"Timestamp":"2024-04-27T15:46:12.6990742Z","MessageType":"ua-deltaframe","DataSetWriterName":"<<UnknownDataSet>>","Payload":{"nsu=http://opcfoundation.org/UA/Plc/Applications;s=StepUp":{"Value":{"Type":7,"Body":428},"SourceTimestamp":"2024-04-27T15:46:12.620656Z","ServerTimestamp":"2024-04-27T15:46:12.620716Z"},"nsu=http://opcfoundation.org/UA/Plc/Applications;s=RandomSignedInt32":{"Value":{"Type":6,"Body":-1669943113},"SourceTimestamp":"2024-04-27T15:46:12.6206626Z","ServerTimestamp":"2024-04-27T15:46:12.6206696Z"},"nsu=http://opcfoundation.org/UA/Plc/Applications;s=RandomUnsignedInt32":{"Value":{"Type":7,"Body":466510250},"SourceTimestamp":"2024-04-27T15:46:12.620677Z","ServerTimestamp":"2024-04-27T15:46:12.6206783Z"},"nsu=http://opcfoundation.org/UA/Plc/Applications;s=DipData":{"Value":{"Type":11,"Body":24.868988716485482},"SourceTimestamp":"2024-04-27T15:46:12.6206878Z","ServerTimestamp":"2024-04-27T15:46:12.6206905Z"},"nsu=http://opcfoundation.org/UA/Plc/Applications;s=FastUIntScalar1":{"Value":{"Type":7,"Body":42},"SourceTimestamp":"2024-04-27T15:46:11.811713Z","ServerTimestamp":"2024-04-27T15:46:11.811715Z"},"nsu=http://opcfoundation.org/UA/Plc/Applications;s=FastUIntScalar2":{"Value":{"Type":7,"Body":42},"SourceTimestamp":"2024-04-27T15:46:11.8117237Z","ServerTimestamp":"2024-04-27T15:46:11.8117301Z"},"nsu=http://opcfoundation.org/UA/Plc/Applications;s=FastUIntScalar3":{"Value":{"Type":7,"Body":42},"SourceTimestamp":"2024-04-27T15:46:11.8117312Z","ServerTimestamp":"2024-04-27T15:46:11.8117323Z"},"nsu=http://opcfoundation.org/UA/Plc/Applications;s=FastRandomUIntScalar1":{"Value":{"Type":7,"Body":3156836460},"SourceTimestamp":"2024-04-27T15:46:11.8117197Z","ServerTimestamp":"2024-04-27T15:46:11.8117236Z"},"nsu=http://opcfoundation.org/UA/Plc/Applications;s=FastRandomUIntScalar2":{"Value":{"Type":7,"Body":2974102744},"SourceTimestamp":"2024-04-27T15:46:11.81173Z","ServerTimestamp":"2024-04-27T15:46:11.8117312Z"},"nsu=http://opcfoundation.org/UA/Plc/Applications;s=FastRandomUIntScalar3":{"Value":{"Type":7,"Body":1427333905},"SourceTimestamp":"2024-04-27T15:46:11.8117326Z","ServerTimestamp":"2024-04-27T15:46:11.8117335Z"},"nsu=http://opcfoundation.org/UA/Plc/Applications;s=SpikeData":{"Value":{"Type":11,"Body":1000},"SourceTimestamp":"2024-04-27T15:46:12.6207004Z","ServerTimestamp":"2024-04-27T15:46:12.6207024Z"}}}]