[{"SequenceNumber":44,"MetaDataVersion":{"MajorVersion":1},"Timestamp":"2024-04-27T15:46:15.6668564Z","MessageType":"ua-deltaframe","DataSetWriterName":"<<UnknownDataSet>>","Payload":{"nsu=http://opcfoundation.org/UA/Plc/Applications;s=StepUp":{"Value":{"Type":7,"Body":458},"SourceTimestamp":"2024-04-27T15:46:15.6199688Z","ServerTimestamp":"2024-04-27T15:46:15.6199836Z"},"nsu=http://opcfoundation.org/UA/Plc/Applications;s=AlternatingBoolean":{"Value":{"Type":1,"Body":false},"SourceTimestamp":"2024-04-27T15:46:14.9236529Z","ServerTimestamp":"2024-04-27T15:46:14.9236688Z"},"nsu=http://opcfoundation.org/UA/Plc/Applications;s=RandomSignedInt32":{"Value":{"Type":6,"Body":674658535},"SourceTimestamp":"2024-04-27T15:46:15.6199915Z","ServerTimestamp":"2024-04-27T15:46:15.619999Z"},"nsu=http://opcfoundation.org/UA/Plc/Applications;s=RandomUnsignedInt32":{"Value":{"Type":7,"Body":1770694527},"SourceTimestamp":"2024-04-27T15:46:15.6200029Z","ServerTimestamp":"2024-04-27T15:46:15.620008Z"},"nsu=http://opcfoundation.org/UA/Plc/Applications;s=DipData":{"Value":{"Type":11,"Body":-77.0513242775789},"SourceTimestamp":"2024-04-27T15:46:15.6200141Z","ServerTimestamp":"2024-04-27T15:46:15.6200157Z"},"nsu=http://opcfoundation.org/UA/Plc/Applications;s=FastUIntScalar1":{"Value":{"Type":7,"Body":45},"SourceTimestamp":"2024-04-27T15:46:14.8150536Z","ServerTimestamp":"2024-04-27T15:46:14.8150569Z"},"nsu=http://opcfoundation.org/UA/Plc/Applications;s=FastUIntScalar2":{"Value":{"Type":7,"Body":45},"SourceTimestamp":"2024-04-27T15:46:14.8150706Z","ServerTimestamp":"2024-04-27T15:46:14.8150717Z"},"nsu=http://opcfoundation.org/UA/Plc/Applications;s=FastUIntScalar3":{"Value":{"Type":7,"Body":45},"SourceTimestamp":"2024-04-27T15:46:14.8150746Z","ServerTimestamp":"2024-04-27T15:46:14.8150756Z"},"nsu=http://opcfoundation.org/UA/Plc/Applications;s=FastRandomUIntScalar1":{"Value":{"Type":7,"Body":323555962},"SourceTimestamp":"2024-04-27T15:46:14.8150735Z","ServerTimestamp":"2024-04-27T15:46:14.8150787Z"},"nsu=http://opcfoundation.org/UA/Plc/Applications;s=FastRandomUIntScalar2":{"Value":{"Type":7,"Body":258371979},"SourceTimestamp":"2024-04-27T15:46:14.8150901Z","ServerTimestamp":"2024-04-27T15:46:14.8150909Z"},"nsu=http://opcfoundation.org/UA/Plc/Applications;s=FastRandomUIntScalar3":{"Value":{"Type":7,"Body":3235112377},"SourceTimestamp":"2024-04-27T15:46:14.8150924Z","ServerTimestamp":"2024-04-27T15:46:14.8150931Z"},"nsu=http://opcfoundation.org/UA/Plc/Applications;s=NegativeTrendData":{"Value":{"Type":11,"Body":99.700000000000003},"SourceTimestamp":"2024-04-27T15:46:14.9236595Z","ServerTimestamp":"2024-04-27T15:46:14.923664Z"},"nsu=http://opcfoundation.org/UA/Plc/Applications;s=PositiveTrendData":{"Value":{"Type":11,"Body":100.3},"SourceTimestamp":"2024-04-27T15:46:14.9236629Z","ServerTimestamp":"2024-04-27T15:46:14.9236799Z"},"nsu=http://opcfoundation.org/UA/Plc/Applications;s=SpikeData":{"Value":{"Type":11,"Body":-77.0513242775789},"SourceTimestamp":"2024-04-27T15:46:15.6200209Z","ServerTimestamp":"2024-04-27T15:46:15.6200228Z"}}}]