[{"SequenceNumber":5,"MetaDataVersion":{"MajorVersion":1},"Timestamp":"2024-04-27T15:45:34.6809293Z","MessageType":"ua-deltaframe","DataSetWriterName":"<<UnknownDataSet>>","Payload":{"nsu=http://opcfoundation.org/UA/Plc/Applications;s=StepUp":{"Value":{"Type":7,"Body":48},"SourceTimestamp":"2024-04-27T15:45:34.6176034Z","ServerTimestamp":"2024-04-27T15:45:34.6176072Z"},"nsu=http://opcfoundation.org/UA/Plc/Applications;s=RandomSignedInt32":{"Value":{"Type":6,"Body":709659197},"SourceTimestamp":"2024-04-27T15:45:34.6176359Z","ServerTimestamp":"2024-04-27T15:45:34.6176436Z"},"nsu=http://opcfoundation.org/UA/Plc/Applications;s=RandomUnsignedInt32":{"Value":{"Type":7,"Body":825594550},"SourceTimestamp":"2024-04-27T15:45:34.6176663Z","ServerTimestamp":"2024-04-27T15:45:34.6176689Z"},"nsu=http://opcfoundation.org/UA/Plc/Applications;s=DipData":{"Value":{"Type":11,"Body":36.812455268467801},"SourceTimestamp":"2024-04-27T15:45:34.6176728Z","ServerTimestamp":"2024-04-27T15:45:34.6176806Z"},"nsu=http://opcfoundation.org/UA/Plc/Applications;s=FastUIntScalar1":{"Value":{"Type":7,"Body":4},"SourceTimestamp":"2024-04-27T15:45:33.8161775Z","ServerTimestamp":"2024-04-27T15:45:33.8161803Z"},"nsu=http://opcfoundation.org/UA/Plc/Applications;s=FastUIntScalar2":{"Value":{"Type":7,"Body":4},"SourceTimestamp":"2024-04-27T15:45:33.8161907Z","ServerTimestamp":"2024-04-27T15:45:33.8162313Z"},"nsu=http://opcfoundation.org/UA/Plc/Applications;s=FastUIntScalar3":{"Value":{"Type":7,"Body":4},"SourceTimestamp":"2024-04-27T15:45:33.8162413Z","ServerTimestamp":"2024-04-27T15:45:33.8162425Z"},"nsu=http://opcfoundation.org/UA/Plc/Applications;s=FastRandomUIntScalar1":{"Value":{"Type":7,"Body":4016117007},"SourceTimestamp":"2024-04-27T15:45:33.8161818Z","ServerTimestamp":"2024-04-27T15:45:33.8161913Z"},"nsu=http://opcfoundation.org/UA/Plc/Applications;s=FastRandomUIntScalar2":{"Value":{"Type":7,"Body":774587896},"SourceTimestamp":"2024-04-27T15:45:33.8161982Z","ServerTimestamp":"2024-04-27T15:45:33.8162442Z"},"nsu=http://opcfoundation.org/UA/Plc/Applications;s=FastRandomUIntScalar3":{"Value":{"Type":7,"Body":875059046},"SourceTimestamp":"2024-04-27T15:45:33.8162472Z","ServerTimestamp":"2024-04-27T15:45:33.816248Z"},"nsu=http://opcfoundation.org/UA/Plc/Applications;s=SpikeData":{"Value":{"Type":11,"Body":36.812455268467801},"SourceTimestamp":"2024-04-27T15:45:34.617668Z","ServerTimestamp":"2024-04-27T15:45:34.6176786Z"}}}]