[{"SequenceNumber":46,"MetaDataVersion":{"MajorVersion":1},"Timestamp":"2024-04-27T15:46:17.6511456Z","MessageType":"ua-deltaframe","DataSetWriterName":"<<UnknownDataSet>>","Payload":{"nsu=http://opcfoundation.org/UA/Plc/Applications;s=StepUp":{"Value":{"Type":7,"Body":478},"SourceTimestamp":"2024-04-27T15:46:17.6190856Z","ServerTimestamp":"2024-04-27T15:46:17.6190889Z"},"nsu=http://opcfoundation.org/UA/Plc/Applications;s=RandomSignedInt32":{"Value":{"Type":6,"Body":-1247396212},"SourceTimestamp":"2024-04-27T15:46:17.6190885Z","ServerTimestamp":"2024-04-27T15:46:17.6191172Z"},"nsu=http://opcfoundation.org/UA/Plc/Applications;s=RandomUnsignedInt32":{"Value":{"Type":7,"Body":1291523942},"SourceTimestamp":"2024-04-27T15:46:17.6190974Z","ServerTimestamp":"2024-04-27T15:46:17.6191Z"},"nsu=http://opcfoundation.org/UA/Plc/Applications;s=DipData":{"Value":{"Type":11,"Body":24.868988716485482},"SourceTimestamp":"2024-04-27T15:46:17.6191202Z","ServerTimestamp":"2024-04-27T15:46:17.6191246Z"},"nsu=http://opcfoundation.org/UA/Plc/Applications;s=FastUIntScalar1":{"Value":{"Type":7,"Body":47},"SourceTimestamp":"2024-04-27T15:46:16.8259076Z","ServerTimestamp":"2024-04-27T15:46:16.8259111Z"},"nsu=http://opcfoundation.org/UA/Plc/Applications;s=FastUIntScalar2":{"Value":{"Type":7,"Body":47},"SourceTimestamp":"2024-04-27T15:46:16.825925Z","ServerTimestamp":"2024-04-27T15:46:16.8259389Z"},"nsu=http://opcfoundation.org/UA/Plc/Applications;s=FastUIntScalar3":{"Value":{"Type":7,"Body":47},"SourceTimestamp":"2024-04-27T15:46:16.825941Z","ServerTimestamp":"2024-04-27T15:46:16.8259448Z"},"nsu=http://opcfoundation.org/UA/Plc/Applications;s=FastRandomUIntScalar1":{"Value":{"Type":7,"Body":872118569},"SourceTimestamp":"2024-04-27T15:46:16.825919Z","ServerTimestamp":"2024-04-27T15:46:16.825926Z"},"nsu=http://opcfoundation.org/UA/Plc/Applications;s=FastRandomUIntScalar2":{"Value":{"Type":7,"Body":1102679011},"SourceTimestamp":"2024-04-27T15:46:16.8259389Z","ServerTimestamp":"2024-04-27T15:46:16.8259414Z"},"nsu=http://opcfoundation.org/UA/Plc/Applications;s=FastRandomUIntScalar3":{"Value":{"Type":7,"Body":3127961039},"SourceTimestamp":"2024-04-27T15:46:16.8259442Z","ServerTimestamp":"2024-04-27T15:46:16.8259463Z"},"nsu=http://opcfoundation.org/UA/Plc/Applications;s=SpikeData":{"Value":{"Type":11,"Body":24.868988716485482},"SourceTimestamp":"2024-04-27T15:46:17.619128Z","ServerTimestamp":"2024-04-27T15:46:17.6191312Z"}}}]