[{"SequenceNumber":48,"MetaDataVersion":{"MajorVersion":1},"Timestamp":"2024-04-27T15:46:20.688344Z","MessageType":"ua-deltaframe","DataSetWriterName":"<<UnknownDataSet>>","Payload":{"nsu=http://opcfoundation.org/UA/Plc/Applications;s=StepUp":{"Value":{"Type":7,"Body":508},"SourceTimestamp":"2024-04-27T15:46:20.6264412Z","ServerTimestamp":"2024-04-27T15:46:20.6264457Z"},"nsu=http://opcfoundation.org/UA/Plc/Applications;s=AlternatingBoolean":{"Value":{"Type":1,"Body":true},"SourceTimestamp":"2024-04-27T15:46:19.9136024Z","ServerTimestamp":"2024-04-27T15:46:19.9136092Z"},"nsu=http://opcfoundation.org/UA/Plc/Applications;s=RandomSignedInt32":{"Value":{"Type":6,"Body":631472354},"SourceTimestamp":"2024-04-27T15:46:20.6264877Z","ServerTimestamp":"2024-04-27T15:46:20.6264917Z"},"nsu=http://opcfoundation.org/UA/Plc/Applications;s=RandomUnsignedInt32":{"Value":{"Type":7,"Body":1705055393},"SourceTimestamp":"2024-04-27T15:46:20.6264968Z","ServerTimestamp":"2024-04-27T15:46:20.6265114Z"},"nsu=http://opcfoundation.org/UA/Plc/Applications;s=DipData":{"Value":{"Type":11,"Body":-77.0513242775789},"SourceTimestamp":"2024-04-27T15:46:20.6265485Z","ServerTimestamp":"2024-04-27T15:46:20.6265518Z"},"nsu=http://opcfoundation.org/UA/Plc/Applications;s=FastUIntScalar1":{"Value":{"Type":7,"Body":50},"SourceTimestamp":"2024-04-27T15:46:19.8196728Z","ServerTimestamp":"2024-04-27T15:46:19.8196736Z"},"nsu=http://opcfoundation.org/UA/Plc/Applications;s=FastUIntScalar2":{"Value":{"Type":7,"Body":50},"SourceTimestamp":"2024-04-27T15:46:19.8196758Z","ServerTimestamp":"2024-04-27T15:46:19.8196767Z"},"nsu=http://opcfoundation.org/UA/Plc/Applications;s=FastUIntScalar3":{"Value":{"Type":7,"Body":50},"SourceTimestamp":"2024-04-27T15:46:19.8196781Z","ServerTimestamp":"2024-04-27T15:46:19.819679Z"},"nsu=http://opcfoundation.org/UA/Plc/Applications;s=FastRandomUIntScalar1":{"Value":{"Type":7,"Body":3790264071},"SourceTimestamp":"2024-04-27T15:46:19.8196737Z","ServerTimestamp":"2024-04-27T15:46:19.8196756Z"},"nsu=http://opcfoundation.org/UA/Plc/Applications;s=FastRandomUIntScalar2":{"Value":{"Type":7,"Body":844635946},"SourceTimestamp":"2024-04-27T15:46:19.8196769Z","ServerTimestamp":"2024-04-27T15:46:19.819678Z"},"nsu=http://opcfoundation.org/UA/Plc/Applications;s=FastRandomUIntScalar3":{"Value":{"Type":7,"Body":2960051793},"SourceTimestamp":"2024-04-27T15:46:19.8196795Z","ServerTimestamp":"2024-04-27T15:46:19.81968Z"},"nsu=http://opcfoundation.org/UA/Plc/Applications;s=NegativeTrendData":{"Value":{"Type":11,"Body":99.599999999999994},"SourceTimestamp":"2024-04-27T15:46:19.9136744Z","ServerTimestamp":"2024-04-27T15:46:19.9136771Z"},"nsu=http://opcfoundation.org/UA/Plc/Applications;s=PositiveTrendData":{"Value":{"Type":11,"Body":100.40000000000001},"SourceTimestamp":"2024-04-27T15:46:19.9136377Z","ServerTimestamp":"2024-04-27T15:46:19.9136391Z"},"nsu=http://opcfoundation.org/UA/Plc/Applications;s=SpikeData":{"Value":{"Type":11,"Body":-77.0513242775789},"SourceTimestamp":"2024-04-27T15:46:20.6265535Z","ServerTimestamp":"2024-04-27T15:46:20.626559Z"}}}]