[{"SequenceNumber":49,"MetaDataVersion":{"MajorVersion":1},"Timestamp":"2024-04-27T15:46:21.6750026Z","MessageType":"ua-deltaframe","DataSetWriterName":"<<UnknownDataSet>>","Payload":{"nsu=http://opcfoundation.org/UA/Plc/Applications;s=StepUp":{"Value":{"Type":7,"Body":518},"SourceTimestamp":"2024-04-27T15:46:21.6138488Z","ServerTimestamp":"2024-04-27T15:46:21.6138532Z"},"nsu=http://opcfoundation.org/UA/Plc/Applications;s=RandomSignedInt32":{"Value":{"Type":6,"Body":-1009725642},"SourceTimestamp":"2024-04-27T15:46:21.6138974Z","ServerTimestamp":"2024-04-27T15:46:21.613904Z"},"nsu=http://opcfoundation.org/UA/Plc/Applications;s=RandomUnsignedInt32":{"Value":{"Type":7,"Body":223305263},"SourceTimestamp":"2024-04-27T15:46:21.6139086Z","ServerTimestamp":"2024-04-27T15:46:21.6139143Z"},"nsu=http://opcfoundation.org/UA/Plc/Applications;s=DipData":{"Value":{"Type":11,"Body":-84.432792550201526},"SourceTimestamp":"2024-04-27T15:46:21.6139406Z","ServerTimestamp":"2024-04-27T15:46:21.6139452Z"},"nsu=http://opcfoundation.org/UA/Plc/Applications;s=FastUIntScalar1":{"Value":{"Type":7,"Body":51},"SourceTimestamp":"2024-04-27T15:46:20.8122905Z","ServerTimestamp":"2024-04-27T15:46:20.8122994Z"},"nsu=http://opcfoundation.org/UA/Plc/Applications;s=FastUIntScalar2":{"Value":{"Type":7,"Body":51},"SourceTimestamp":"2024-04-27T15:46:20.8123064Z","ServerTimestamp":"2024-04-27T15:46:20.8123076Z"},"nsu=http://opcfoundation.org/UA/Plc/Applications;s=FastUIntScalar3":{"Value":{"Type":7,"Body":51},"SourceTimestamp":"2024-04-27T15:46:20.8123105Z","ServerTimestamp":"2024-04-27T15:46:20.8123112Z"},"nsu=http://opcfoundation.org/UA/Plc/Applications;s=FastRandomUIntScalar1":{"Value":{"Type":7,"Body":1090164125},"SourceTimestamp":"2024-04-27T15:46:20.8122905Z","ServerTimestamp":"2024-04-27T15:46:20.8122922Z"},"nsu=http://opcfoundation.org/UA/Plc/Applications;s=FastRandomUIntScalar2":{"Value":{"Type":7,"Body":2975662678},"SourceTimestamp":"2024-04-27T15:46:20.8122989Z","ServerTimestamp":"2024-04-27T15:46:20.8123058Z"},"nsu=http://opcfoundation.org/UA/Plc/Applications;s=FastRandomUIntScalar3":{"Value":{"Type":7,"Body":1964910779},"SourceTimestamp":"2024-04-27T15:46:20.8123069Z","ServerTimestamp":"2024-04-27T15:46:20.8123101Z"},"nsu=http://opcfoundation.org/UA/Plc/Applications;s=SpikeData":{"Value":{"Type":11,"Body":-84.432792550201526},"SourceTimestamp":"2024-04-27T15:46:21.6139303Z","ServerTimestamp":"2024-04-27T15:46:21.6139321Z"}}}]