[{"SequenceNumber":50,"MetaDataVersion":{"MajorVersion":1},"Timestamp":"2024-04-27T15:46:22.6720448Z","MessageType":"ua-deltaframe","DataSetWriterName":"<<UnknownDataSet>>","Payload":{"nsu=http://opcfoundation.org/UA/Plc/Applications;s=StepUp":{"Value":{"Type":7,"Body":528},"SourceTimestamp":"2024-04-27T15:46:22.625468Z","ServerTimestamp":"2024-04-27T15:46:22.6254704Z"},"nsu=http://opcfoundation.org/UA/Plc/Applications;s=RandomSignedInt32":{"Value":{"Type":6,"Body":1676750020},"SourceTimestamp":"2024-04-27T15:46:22.6254915Z","ServerTimestamp":"2024-04-27T15:46:22.6254936Z"},"nsu=http://opcfoundation.org/UA/Plc/Applications;s=RandomUnsignedInt32":{"Value":{"Type":7,"Body":197849243},"SourceTimestamp":"2024-04-27T15:46:22.6254967Z","ServerTimestamp":"2024-04-27T15:46:22.625498Z"},"nsu=http://opcfoundation.org/UA/Plc/Applications;s=DipData":{"Value":{"Type":11,"Body":24.868988716485482},"SourceTimestamp":"2024-04-27T15:46:22.6255067Z","ServerTimestamp":"2024-04-27T15:46:22.6255087Z"},"nsu=http://opcfoundation.org/UA/Plc/Applications;s=FastUIntScalar1":{"Value":{"Type":7,"Body":52},"SourceTimestamp":"2024-04-27T15:46:21.8136721Z","ServerTimestamp":"2024-04-27T15:46:21.8136766Z"},"nsu=http://opcfoundation.org/UA/Plc/Applications;s=FastUIntScalar2":{"Value":{"Type":7,"Body":52},"SourceTimestamp":"2024-04-27T15:46:21.81369Z","ServerTimestamp":"2024-04-27T15:46:21.8136912Z"},"nsu=http://opcfoundation.org/UA/Plc/Applications;s=FastUIntScalar3":{"Value":{"Type":7,"Body":52},"SourceTimestamp":"2024-04-27T15:46:21.8136937Z","ServerTimestamp":"2024-04-27T15:46:21.8136945Z"},"nsu=http://opcfoundation.org/UA/Plc/Applications;s=FastRandomUIntScalar1":{"Value":{"Type":7,"Body":3294270956},"SourceTimestamp":"2024-04-27T15:46:21.813655Z","ServerTimestamp":"2024-04-27T15:46:21.813658Z"},"nsu=http://opcfoundation.org/UA/Plc/Applications;s=FastRandomUIntScalar2":{"Value":{"Type":7,"Body":714475973},"SourceTimestamp":"2024-04-27T15:46:21.81367Z","ServerTimestamp":"2024-04-27T15:46:21.8136707Z"},"nsu=http://opcfoundation.org/UA/Plc/Applications;s=FastRandomUIntScalar3":{"Value":{"Type":7,"Body":686323954},"SourceTimestamp":"2024-04-27T15:46:21.8136724Z","ServerTimestamp":"2024-04-27T15:46:21.813673Z"},"nsu=http://opcfoundation.org/UA/Plc/Applications;s=SpikeData":{"Value":{"Type":11,"Body":24.868988716485482},"SourceTimestamp":"2024-04-27T15:46:22.6255115Z","ServerTimestamp":"2024-04-27T15:46:22.6255145Z"}}}]