[{"SequenceNumber":52,"MetaDataVersion":{"MajorVersion":1},"Timestamp":"2024-04-27T15:46:24.6535699Z","MessageType":"ua-deltaframe","DataSetWriterName":"<<UnknownDataSet>>","Payload":{"nsu=http://opcfoundation.org/UA/Plc/Applications;s=StepUp":{"Value":{"Type":7,"Body":548},"SourceTimestamp":"2024-04-27T15:46:24.6217801Z","ServerTimestamp":"2024-04-27T15:46:24.6217838Z"},"nsu=http://opcfoundation.org/UA/Plc/Applications;s=RandomSignedInt32":{"Value":{"Type":6,"Body":1602064123},"SourceTimestamp":"2024-04-27T15:46:24.621829Z","ServerTimestamp":"2024-04-27T15:46:24.621835Z"},"nsu=http://opcfoundation.org/UA/Plc/Applications;s=RandomUnsignedInt32":{"Value":{"Type":7,"Body":1056264644},"SourceTimestamp":"2024-04-27T15:46:24.6218148Z","ServerTimestamp":"2024-04-27T15:46:24.6218158Z"},"nsu=http://opcfoundation.org/UA/Plc/Applications;s=DipData":{"Value":{"Type":11,"Body":36.812455268467801},"SourceTimestamp":"2024-04-27T15:46:24.621826Z","ServerTimestamp":"2024-04-27T15:46:24.6218271Z"},"nsu=http://opcfoundation.org/UA/Plc/Applications;s=FastUIntScalar1":{"Value":{"Type":7,"Body":54},"SourceTimestamp":"2024-04-27T15:46:23.8174785Z","ServerTimestamp":"2024-04-27T15:46:23.8174824Z"},"nsu=http://opcfoundation.org/UA/Plc/Applications;s=FastUIntScalar2":{"Value":{"Type":7,"Body":54},"SourceTimestamp":"2024-04-27T15:46:23.817496Z","ServerTimestamp":"2024-04-27T15:46:23.8175012Z"},"nsu=http://opcfoundation.org/UA/Plc/Applications;s=FastUIntScalar3":{"Value":{"Type":7,"Body":54},"SourceTimestamp":"2024-04-27T15:46:23.8175038Z","ServerTimestamp":"2024-04-27T15:46:23.8175059Z"},"nsu=http://opcfoundation.org/UA/Plc/Applications;s=FastRandomUIntScalar1":{"Value":{"Type":7,"Body":734234714},"SourceTimestamp":"2024-04-27T15:46:23.8174832Z","ServerTimestamp":"2024-04-27T15:46:23.8174964Z"},"nsu=http://opcfoundation.org/UA/Plc/Applications;s=FastRandomUIntScalar2":{"Value":{"Type":7,"Body":2455156970},"SourceTimestamp":"2024-04-27T15:46:23.8175013Z","ServerTimestamp":"2024-04-27T15:46:23.8175033Z"},"nsu=http://opcfoundation.org/UA/Plc/Applications;s=FastRandomUIntScalar3":{"Value":{"Type":7,"Body":2952819427},"SourceTimestamp":"2024-04-27T15:46:23.8175057Z","ServerTimestamp":"2024-04-27T15:46:23.8175077Z"},"nsu=http://opcfoundation.org/UA/Plc/Applications;s=SpikeData":{"Value":{"Type":11,"Body":36.812455268467801},"SourceTimestamp":"2024-04-27T15:46:24.6218398Z","ServerTimestamp":"2024-04-27T15:46:24.6218622Z"}}}]