[{"SequenceNumber":54,"MetaDataVersion":{"MajorVersion":1},"Timestamp":"2024-04-27T15:46:26.6905301Z","MessageType":"ua-deltaframe","DataSetWriterName":"<<UnknownDataSet>>","Payload":{"nsu=http://opcfoundation.org/UA/Plc/Applications;s=StepUp":{"Value":{"Type":7,"Body":568},"SourceTimestamp":"2024-04-27T15:46:26.6136813Z","ServerTimestamp":"2024-04-27T15:46:26.6136852Z"},"nsu=http://opcfoundation.org/UA/Plc/Applications;s=RandomSignedInt32":{"Value":{"Type":6,"Body":-143986152},"SourceTimestamp":"2024-04-27T15:46:26.6137287Z","ServerTimestamp":"2024-04-27T15:46:26.6137317Z"},"nsu=http://opcfoundation.org/UA/Plc/Applications;s=RandomUnsignedInt32":{"Value":{"Type":7,"Body":260836609},"SourceTimestamp":"2024-04-27T15:46:26.6137212Z","ServerTimestamp":"2024-04-27T15:46:26.6137225Z"},"nsu=http://opcfoundation.org/UA/Plc/Applications;s=DipData":{"Value":{"Type":11,"Body":-84.432792550201526},"SourceTimestamp":"2024-04-27T15:46:26.6137346Z","ServerTimestamp":"2024-04-27T15:46:26.6137486Z"},"nsu=http://opcfoundation.org/UA/Plc/Applications;s=FastUIntScalar1":{"Value":{"Type":7,"Body":56},"SourceTimestamp":"2024-04-27T15:46:25.8263255Z","ServerTimestamp":"2024-04-27T15:46:25.8263312Z"},"nsu=http://opcfoundation.org/UA/Plc/Applications;s=FastUIntScalar2":{"Value":{"Type":7,"Body":56},"SourceTimestamp":"2024-04-27T15:46:25.8263379Z","ServerTimestamp":"2024-04-27T15:46:25.826339Z"},"nsu=http://opcfoundation.org/UA/Plc/Applications;s=FastUIntScalar3":{"Value":{"Type":7,"Body":56},"SourceTimestamp":"2024-04-27T15:46:25.8263403Z","ServerTimestamp":"2024-04-27T15:46:25.826341Z"},"nsu=http://opcfoundation.org/UA/Plc/Applications;s=FastRandomUIntScalar1":{"Value":{"Type":7,"Body":1684878327},"SourceTimestamp":"2024-04-27T15:46:25.8263206Z","ServerTimestamp":"2024-04-27T15:46:25.8263222Z"},"nsu=http://opcfoundation.org/UA/Plc/Applications;s=FastRandomUIntScalar2":{"Value":{"Type":7,"Body":3567963618},"SourceTimestamp":"2024-04-27T15:46:25.8263308Z","ServerTimestamp":"2024-04-27T15:46:25.8263378Z"},"nsu=http://opcfoundation.org/UA/Plc/Applications;s=FastRandomUIntScalar3":{"Value":{"Type":7,"Body":1217834822},"SourceTimestamp":"2024-04-27T15:46:25.826339Z","ServerTimestamp":"2024-04-27T15:46:25.8263402Z"},"nsu=http://opcfoundation.org/UA/Plc/Applications;s=SpikeData":{"Value":{"Type":11,"Body":-84.432792550201526},"SourceTimestamp":"2024-04-27T15:46:26.6137592Z","ServerTimestamp":"2024-04-27T15:46:26.6137608Z"}}}]