[{"SequenceNumber":63,"MetaDataVersion":{"MajorVersion":1},"Timestamp":"2024-04-27T15:46:36.6755661Z","MessageType":"ua-deltaframe","DataSetWriterName":"<<UnknownDataSet>>","Payload":{"nsu=http://opcfoundation.org/UA/Plc/Applications;s=StepUp":{"Value":{"Type":7,"Body":668},"SourceTimestamp":"2024-04-27T15:46:36.6135019Z","ServerTimestamp":"2024-04-27T15:46:36.6135063Z"},"nsu=http://opcfoundation.org/UA/Plc/Applications;s=RandomSignedInt32":{"Value":{"Type":6,"Body":-613549095},"SourceTimestamp":"2024-04-27T15:46:36.6135567Z","ServerTimestamp":"2024-04-27T15:46:36.6135845Z"},"nsu=http://opcfoundation.org/UA/Plc/Applications;s=RandomUnsignedInt32":{"Value":{"Type":7,"Body":2114576997},"SourceTimestamp":"2024-04-27T15:46:36.6135432Z","ServerTimestamp":"2024-04-27T15:46:36.6135442Z"},"nsu=http://opcfoundation.org/UA/Plc/Applications;s=DipData":{"Value":{"Type":11,"Body":-84.432792550201526},"SourceTimestamp":"2024-04-27T15:46:36.6135597Z","ServerTimestamp":"2024-04-27T15:46:36.6135612Z"},"nsu=http://opcfoundation.org/UA/Plc/Applications;s=FastUIntScalar1":{"Value":{"Type":7,"Body":66},"SourceTimestamp":"2024-04-27T15:46:35.8183343Z","ServerTimestamp":"2024-04-27T15:46:35.8183369Z"},"nsu=http://opcfoundation.org/UA/Plc/Applications;s=FastUIntScalar2":{"Value":{"Type":7,"Body":66},"SourceTimestamp":"2024-04-27T15:46:35.8183495Z","ServerTimestamp":"2024-04-27T15:46:35.8184328Z"},"nsu=http://opcfoundation.org/UA/Plc/Applications;s=FastUIntScalar3":{"Value":{"Type":7,"Body":66},"SourceTimestamp":"2024-04-27T15:46:35.8184398Z","ServerTimestamp":"2024-04-27T15:46:35.8184539Z"},"nsu=http://opcfoundation.org/UA/Plc/Applications;s=FastRandomUIntScalar1":{"Value":{"Type":7,"Body":1320765554},"SourceTimestamp":"2024-04-27T15:46:35.8183388Z","ServerTimestamp":"2024-04-27T15:46:35.8183511Z"},"nsu=http://opcfoundation.org/UA/Plc/Applications;s=FastRandomUIntScalar2":{"Value":{"Type":7,"Body":2452138711},"SourceTimestamp":"2024-04-27T15:46:35.8184053Z","ServerTimestamp":"2024-04-27T15:46:35.8185305Z"},"nsu=http://opcfoundation.org/UA/Plc/Applications;s=FastRandomUIntScalar3":{"Value":{"Type":7,"Body":3285290631},"SourceTimestamp":"2024-04-27T15:46:35.8185452Z","ServerTimestamp":"2024-04-27T15:46:35.8185465Z"},"nsu=http://opcfoundation.org/UA/Plc/Applications;s=SpikeData":{"Value":{"Type":11,"Body":-84.432792550201526},"SourceTimestamp":"2024-04-27T15:46:36.6135957Z","ServerTimestamp":"2024-04-27T15:46:36.6135988Z"}}}]