[{"SequenceNumber":7,"MetaDataVersion":{"MajorVersion":1},"Timestamp":"2024-04-27T15:45:36.6691315Z","MessageType":"ua-deltaframe","DataSetWriterName":"<<UnknownDataSet>>","Payload":{"nsu=http://opcfoundation.org/UA/Plc/Applications;s=StepUp":{"Value":{"Type":7,"Body":68},"SourceTimestamp":"2024-04-27T15:45:36.6229116Z","ServerTimestamp":"2024-04-27T15:45:36.6229151Z"},"nsu=http://opcfoundation.org/UA/Plc/Applications;s=RandomSignedInt32":{"Value":{"Type":6,"Body":1791159964},"SourceTimestamp":"2024-04-27T15:45:36.6230145Z","ServerTimestamp":"2024-04-27T15:45:36.6230176Z"},"nsu=http://opcfoundation.org/UA/Plc/Applications;s=RandomUnsignedInt32":{"Value":{"Type":7,"Body":652840627},"SourceTimestamp":"2024-04-27T15:45:36.6230328Z","ServerTimestamp":"2024-04-27T15:45:36.6230429Z"},"nsu=http://opcfoundation.org/UA/Plc/Applications;s=DipData":{"Value":{"Type":11,"Body":-84.432792550201526},"SourceTimestamp":"2024-04-27T15:45:36.6230693Z","ServerTimestamp":"2024-04-27T15:45:36.6230833Z"},"nsu=http://opcfoundation.org/UA/Plc/Applications;s=FastUIntScalar1":{"Value":{"Type":7,"Body":6},"SourceTimestamp":"2024-04-27T15:45:35.8191101Z","ServerTimestamp":"2024-04-27T15:45:35.8191123Z"},"nsu=http://opcfoundation.org/UA/Plc/Applications;s=FastUIntScalar2":{"Value":{"Type":7,"Body":6},"SourceTimestamp":"2024-04-27T15:45:35.8191231Z","ServerTimestamp":"2024-04-27T15:45:35.8191252Z"},"nsu=http://opcfoundation.org/UA/Plc/Applications;s=FastUIntScalar3":{"Value":{"Type":7,"Body":6},"SourceTimestamp":"2024-04-27T15:45:35.8191266Z","ServerTimestamp":"2024-04-27T15:45:35.8191272Z"},"nsu=http://opcfoundation.org/UA/Plc/Applications;s=FastRandomUIntScalar1":{"Value":{"Type":7,"Body":2017004597},"SourceTimestamp":"2024-04-27T15:45:35.8191114Z","ServerTimestamp":"2024-04-27T15:45:35.8191233Z"},"nsu=http://opcfoundation.org/UA/Plc/Applications;s=FastRandomUIntScalar2":{"Value":{"Type":7,"Body":2369413815},"SourceTimestamp":"2024-04-27T15:45:35.8191254Z","ServerTimestamp":"2024-04-27T15:45:35.8191264Z"},"nsu=http://opcfoundation.org/UA/Plc/Applications;s=FastRandomUIntScalar3":{"Value":{"Type":7,"Body":204682187},"SourceTimestamp":"2024-04-27T15:45:35.8191274Z","ServerTimestamp":"2024-04-27T15:45:35.8191279Z"},"nsu=http://opcfoundation.org/UA/Plc/Applications;s=SpikeData":{"Value":{"Type":11,"Body":-84.432792550201526},"SourceTimestamp":"2024-04-27T15:45:36.6230684Z","ServerTimestamp":"2024-04-27T15:45:36.62307Z"}}}]