[{"SequenceNumber":65,"MetaDataVersion":{"MajorVersion":1},"Timestamp":"2024-04-27T15:46:38.6565548Z","MessageType":"ua-deltaframe","DataSetWriterName":"<<UnknownDataSet>>","Payload":{"nsu=http://opcfoundation.org/UA/Plc/Applications;s=StepUp":{"Value":{"Type":7,"Body":688},"SourceTimestamp":"2024-04-27T15:46:38.6243967Z","ServerTimestamp":"2024-04-27T15:46:38.6244016Z"},"nsu=http://opcfoundation.org/UA/Plc/Applications;s=RandomSignedInt32":{"Value":{"Type":6,"Body":1140269777},"SourceTimestamp":"2024-04-27T15:46:38.6244446Z","ServerTimestamp":"2024-04-27T15:46:38.6244669Z"},"nsu=http://opcfoundation.org/UA/Plc/Applications;s=RandomUnsignedInt32":{"Value":{"Type":7,"Body":463078087},"SourceTimestamp":"2024-04-27T15:46:38.6244448Z","ServerTimestamp":"2024-04-27T15:46:38.6244743Z"},"nsu=http://opcfoundation.org/UA/Plc/Applications;s=DipData":{"Value":{"Type":11,"Body":99.80267284282715},"SourceTimestamp":"2024-04-27T15:46:38.6244726Z","ServerTimestamp":"2024-04-27T15:46:38.6244775Z"},"nsu=http://opcfoundation.org/UA/Plc/Applications;s=FastUIntScalar1":{"Value":{"Type":7,"Body":68},"SourceTimestamp":"2024-04-27T15:46:37.8207868Z","ServerTimestamp":"2024-04-27T15:46:37.8207893Z"},"nsu=http://opcfoundation.org/UA/Plc/Applications;s=FastUIntScalar2":{"Value":{"Type":7,"Body":68},"SourceTimestamp":"2024-04-27T15:46:37.820796Z","ServerTimestamp":"2024-04-27T15:46:37.8207972Z"},"nsu=http://opcfoundation.org/UA/Plc/Applications;s=FastUIntScalar3":{"Value":{"Type":7,"Body":68},"SourceTimestamp":"2024-04-27T15:46:37.8208157Z","ServerTimestamp":"2024-04-27T15:46:37.8208163Z"},"nsu=http://opcfoundation.org/UA/Plc/Applications;s=FastRandomUIntScalar1":{"Value":{"Type":7,"Body":3253087959},"SourceTimestamp":"2024-04-27T15:46:37.8207617Z","ServerTimestamp":"2024-04-27T15:46:37.8207649Z"},"nsu=http://opcfoundation.org/UA/Plc/Applications;s=FastRandomUIntScalar2":{"Value":{"Type":7,"Body":4249762292},"SourceTimestamp":"2024-04-27T15:46:37.8207889Z","ServerTimestamp":"2024-04-27T15:46:37.8207959Z"},"nsu=http://opcfoundation.org/UA/Plc/Applications;s=FastRandomUIntScalar3":{"Value":{"Type":7,"Body":795322173},"SourceTimestamp":"2024-04-27T15:46:37.8207974Z","ServerTimestamp":"2024-04-27T15:46:37.820836Z"},"nsu=http://opcfoundation.org/UA/Plc/Applications;s=SpikeData":{"Value":{"Type":11,"Body":99.80267284282715},"SourceTimestamp":"2024-04-27T15:46:38.6244863Z","ServerTimestamp":"2024-04-27T15:46:38.6244915Z"}}}]