[{"DataSetWriterId":1,"SequenceNumber":7,"MetaDataVersion":{"MajorVersion":1},"Timestamp":"2024-04-27T15:46:40.7681191Z","MessageType":"ua-deltaframe","DataSetWriterName":"<<UnknownDataSet>>","Payload":{"nsu=http://opcfoundation.org/UA/Plc/Applications;s=SlowUIntScalar1":{"Value":{"Type":7,"Body":7},"SourceTimestamp":"2024-04-27T15:46:39.8199097Z","ServerTimestamp":"2024-04-27T15:46:39.8199128Z"},"nsu=http://opcfoundation.org/UA/Plc/Applications;s=SlowUIntScalar2":{"Value":{"Type":7,"Body":7},"SourceTimestamp":"2024-04-27T15:46:39.8199249Z","ServerTimestamp":"2024-04-27T15:46:39.8199325Z"},"nsu=http://opcfoundation.org/UA/Plc/Applications;s=SlowUIntScalar3":{"Value":{"Type":7,"Body":7},"SourceTimestamp":"2024-04-27T15:46:39.8199339Z","ServerTimestamp":"2024-04-27T15:46:39.8199417Z"},"nsu=http://opcfoundation.org/UA/Plc/Applications;s=BadSlowUIntScalar1":{"Value":{"Type":7,"Body":7},"SourceTimestamp":"2024-04-27T15:46:39.8199432Z","ServerTimestamp":"2024-04-27T15:46:39.8200092Z"},"nsu=http://opcfoundation.org/UA/Plc/Applications;s=SlowRandomUIntScalar1":{"Value":{"Type":7,"Body":2972068498},"SourceTimestamp":"2024-04-27T15:46:39.8199191Z","ServerTimestamp":"2024-04-27T15:46:39.8199257Z"},"nsu=http://opcfoundation.org/UA/Plc/Applications;s=SlowRandomUIntScalar2":{"Value":{"Type":7,"Body":998769155},"SourceTimestamp":"2024-04-27T15:46:39.8199326Z","ServerTimestamp":"2024-04-27T15:46:39.8199337Z"},"nsu=http://opcfoundation.org/UA/Plc/Applications;s=SlowRandomUIntScalar3":{"Value":{"Type":7,"Body":4145833426},"SourceTimestamp":"2024-04-27T15:46:39.8199415Z","ServerTimestamp":"2024-04-27T15:46:39.819972Z"},"nsu=http://opcfoundation.org/UA/Plc/Applications;s=BadSlowRandomUIntScalar1":{"Value":{"Type":7,"Body":1597000233},"SourceTimestamp":"2024-04-27T15:46:39.8199783Z","ServerTimestamp":"2024-04-27T15:46:39.819979Z"}}}]