[{"SequenceNumber":68,"MetaDataVersion":{"MajorVersion":1},"Timestamp":"2024-04-27T15:46:42.6923967Z","MessageType":"ua-deltaframe","DataSetWriterName":"<<UnknownDataSet>>","Payload":{"nsu=http://opcfoundation.org/UA/Plc/Applications;s=StepUp":{"Value":{"Type":7,"Body":728},"SourceTimestamp":"2024-04-27T15:46:42.6140163Z","ServerTimestamp":"2024-04-27T15:46:42.6140201Z"},"nsu=http://opcfoundation.org/UA/Plc/Applications;s=RandomSignedInt32":{"Value":{"Type":6,"Body":-775886797},"SourceTimestamp":"2024-04-27T15:46:42.614029Z","ServerTimestamp":"2024-04-27T15:46:42.6140435Z"},"nsu=http://opcfoundation.org/UA/Plc/Applications;s=RandomUnsignedInt32":{"Value":{"Type":7,"Body":1993230177},"SourceTimestamp":"2024-04-27T15:46:42.6140429Z","ServerTimestamp":"2024-04-27T15:46:42.6140485Z"},"nsu=http://opcfoundation.org/UA/Plc/Applications;s=DipData":{"Value":{"Type":11,"Body":24.868988716485482},"SourceTimestamp":"2024-04-27T15:46:42.6140526Z","ServerTimestamp":"2024-04-27T15:46:42.6140536Z"},"nsu=http://opcfoundation.org/UA/Plc/Applications;s=FastUIntScalar1":{"Value":{"Type":7,"Body":72},"SourceTimestamp":"2024-04-27T15:46:41.8193346Z","ServerTimestamp":"2024-04-27T15:46:41.8193374Z"},"nsu=http://opcfoundation.org/UA/Plc/Applications;s=FastUIntScalar2":{"Value":{"Type":7,"Body":72},"SourceTimestamp":"2024-04-27T15:46:41.8193494Z","ServerTimestamp":"2024-04-27T15:46:41.819355Z"},"nsu=http://opcfoundation.org/UA/Plc/Applications;s=FastUIntScalar3":{"Value":{"Type":7,"Body":72},"SourceTimestamp":"2024-04-27T15:46:41.8193573Z","ServerTimestamp":"2024-04-27T15:46:41.8193638Z"},"nsu=http://opcfoundation.org/UA/Plc/Applications;s=FastRandomUIntScalar1":{"Value":{"Type":7,"Body":1181914723},"SourceTimestamp":"2024-04-27T15:46:41.8193358Z","ServerTimestamp":"2024-04-27T15:46:41.8193496Z"},"nsu=http://opcfoundation.org/UA/Plc/Applications;s=FastRandomUIntScalar2":{"Value":{"Type":7,"Body":767518275},"SourceTimestamp":"2024-04-27T15:46:41.8193549Z","ServerTimestamp":"2024-04-27T15:46:41.8193572Z"},"nsu=http://opcfoundation.org/UA/Plc/Applications;s=FastRandomUIntScalar3":{"Value":{"Type":7,"Body":1844176947},"SourceTimestamp":"2024-04-27T15:46:41.8193636Z","ServerTimestamp":"2024-04-27T15:46:41.8193657Z"},"nsu=http://opcfoundation.org/UA/Plc/Applications;s=SpikeData":{"Value":{"Type":11,"Body":24.868988716485482},"SourceTimestamp":"2024-04-27T15:46:42.6140565Z","ServerTimestamp":"2024-04-27T15:46:42.6140606Z"}}}]