[{"SequenceNumber":8,"MetaDataVersion":{"MajorVersion":1},"Timestamp":"2024-04-27T15:45:37.6604178Z","MessageType":"ua-deltaframe","DataSetWriterName":"<<UnknownDataSet>>","Payload":{"nsu=http://opcfoundation.org/UA/Plc/Applications;s=StepUp":{"Value":{"Type":7,"Body":78},"SourceTimestamp":"2024-04-27T15:45:37.613611Z","ServerTimestamp":"2024-04-27T15:45:37.6136141Z"},"nsu=http://opcfoundation.org/UA/Plc/Applications;s=RandomSignedInt32":{"Value":{"Type":6,"Body":-253393856},"SourceTimestamp":"2024-04-27T15:45:37.6136523Z","ServerTimestamp":"2024-04-27T15:45:37.6137048Z"},"nsu=http://opcfoundation.org/UA/Plc/Applications;s=RandomUnsignedInt32":{"Value":{"Type":7,"Body":432523713},"SourceTimestamp":"2024-04-27T15:45:37.6136436Z","ServerTimestamp":"2024-04-27T15:45:37.61369Z"},"nsu=http://opcfoundation.org/UA/Plc/Applications;s=DipData":{"Value":{"Type":11,"Body":-1000},"SourceTimestamp":"2024-04-27T15:45:37.6136661Z","ServerTimestamp":"2024-04-27T15:45:37.6136713Z"},"nsu=http://opcfoundation.org/UA/Plc/Applications;s=FastUIntScalar1":{"Value":{"Type":7,"Body":7},"SourceTimestamp":"2024-04-27T15:45:36.823461Z","ServerTimestamp":"2024-04-27T15:45:36.823464Z"},"nsu=http://opcfoundation.org/UA/Plc/Applications;s=FastUIntScalar2":{"Value":{"Type":7,"Body":7},"SourceTimestamp":"2024-04-27T15:45:36.8234751Z","ServerTimestamp":"2024-04-27T15:45:36.8234885Z"},"nsu=http://opcfoundation.org/UA/Plc/Applications;s=FastUIntScalar3":{"Value":{"Type":7,"Body":7},"SourceTimestamp":"2024-04-27T15:45:36.8234904Z","ServerTimestamp":"2024-04-27T15:45:36.8234913Z"},"nsu=http://opcfoundation.org/UA/Plc/Applications;s=FastRandomUIntScalar1":{"Value":{"Type":7,"Body":3568448328},"SourceTimestamp":"2024-04-27T15:45:36.8234676Z","ServerTimestamp":"2024-04-27T15:45:36.823476Z"},"nsu=http://opcfoundation.org/UA/Plc/Applications;s=FastRandomUIntScalar2":{"Value":{"Type":7,"Body":4120207006},"SourceTimestamp":"2024-04-27T15:45:36.8234881Z","ServerTimestamp":"2024-04-27T15:45:36.8234926Z"},"nsu=http://opcfoundation.org/UA/Plc/Applications;s=FastRandomUIntScalar3":{"Value":{"Type":7,"Body":4224122085},"SourceTimestamp":"2024-04-27T15:45:36.8234949Z","ServerTimestamp":"2024-04-27T15:45:36.8234963Z"},"nsu=http://opcfoundation.org/UA/Plc/Applications;s=SpikeData":{"Value":{"Type":11,"Body":24.868988716485482},"SourceTimestamp":"2024-04-27T15:45:37.6136765Z","ServerTimestamp":"2024-04-27T15:45:37.6136778Z"}}}]