[{"SequenceNumber":74,"MetaDataVersion":{"MajorVersion":1},"Timestamp":"2024-04-27T15:46:49.6838732Z","MessageType":"ua-deltaframe","DataSetWriterName":"<<UnknownDataSet>>","Payload":{"nsu=http://opcfoundation.org/UA/Plc/Applications;s=StepUp":{"Value":{"Type":7,"Body":798},"SourceTimestamp":"2024-04-27T15:46:49.622201Z","ServerTimestamp":"2024-04-27T15:46:49.6222035Z"},"nsu=http://opcfoundation.org/UA/Plc/Applications;s=RandomSignedInt32":{"Value":{"Type":6,"Body":219782411},"SourceTimestamp":"2024-04-27T15:46:49.6222246Z","ServerTimestamp":"2024-04-27T15:46:49.6222545Z"},"nsu=http://opcfoundation.org/UA/Plc/Applications;s=RandomUnsignedInt32":{"Value":{"Type":7,"Body":322535861},"SourceTimestamp":"2024-04-27T15:46:49.6222322Z","ServerTimestamp":"2024-04-27T15:46:49.6222363Z"},"nsu=http://opcfoundation.org/UA/Plc/Applications;s=DipData":{"Value":{"Type":11,"Body":36.812455268467801},"SourceTimestamp":"2024-04-27T15:46:49.6222467Z","ServerTimestamp":"2024-04-27T15:46:49.6222494Z"},"nsu=http://opcfoundation.org/UA/Plc/Applications;s=FastUIntScalar1":{"Value":{"Type":7,"Body":79},"SourceTimestamp":"2024-04-27T15:46:48.8191155Z","ServerTimestamp":"2024-04-27T15:46:48.8191177Z"},"nsu=http://opcfoundation.org/UA/Plc/Applications;s=FastUIntScalar2":{"Value":{"Type":7,"Body":79},"SourceTimestamp":"2024-04-27T15:46:48.8191253Z","ServerTimestamp":"2024-04-27T15:46:48.819126Z"},"nsu=http://opcfoundation.org/UA/Plc/Applications;s=FastUIntScalar3":{"Value":{"Type":7,"Body":79},"SourceTimestamp":"2024-04-27T15:46:48.8191268Z","ServerTimestamp":"2024-04-27T15:46:48.8191273Z"},"nsu=http://opcfoundation.org/UA/Plc/Applications;s=FastRandomUIntScalar1":{"Value":{"Type":7,"Body":3383356915},"SourceTimestamp":"2024-04-27T15:46:48.819119Z","ServerTimestamp":"2024-04-27T15:46:48.8191612Z"},"nsu=http://opcfoundation.org/UA/Plc/Applications;s=FastRandomUIntScalar2":{"Value":{"Type":7,"Body":2556597939},"SourceTimestamp":"2024-04-27T15:46:48.8191638Z","ServerTimestamp":"2024-04-27T15:46:48.8191644Z"},"nsu=http://opcfoundation.org/UA/Plc/Applications;s=FastRandomUIntScalar3":{"Value":{"Type":7,"Body":1801191971},"SourceTimestamp":"2024-04-27T15:46:48.8191654Z","ServerTimestamp":"2024-04-27T15:46:48.8191694Z"},"nsu=http://opcfoundation.org/UA/Plc/Applications;s=SpikeData":{"Value":{"Type":11,"Body":36.812455268467801},"SourceTimestamp":"2024-04-27T15:46:49.6222502Z","ServerTimestamp":"2024-04-27T15:46:49.6222585Z"}}}]