[{"SequenceNumber":75,"MetaDataVersion":{"MajorVersion":1},"Timestamp":"2024-04-27T15:46:50.6721653Z","MessageType":"ua-deltaframe","DataSetWriterName":"<<UnknownDataSet>>","Payload":{"nsu=http://opcfoundation.org/UA/Plc/Applications;s=StepUp":{"Value":{"Type":7,"Body":808},"SourceTimestamp":"2024-04-27T15:46:50.6261374Z","ServerTimestamp":"2024-04-27T15:46:50.6261412Z"},"nsu=http://opcfoundation.org/UA/Plc/Applications;s=AlternatingBoolean":{"Value":{"Type":1,"Body":true},"SourceTimestamp":"2024-04-27T15:46:49.9155851Z","ServerTimestamp":"2024-04-27T15:46:49.9155918Z"},"nsu=http://opcfoundation.org/UA/Plc/Applications;s=RandomSignedInt32":{"Value":{"Type":6,"Body":2041329523},"SourceTimestamp":"2024-04-27T15:46:50.6261556Z","ServerTimestamp":"2024-04-27T15:46:50.6261618Z"},"nsu=http://opcfoundation.org/UA/Plc/Applications;s=RandomUnsignedInt32":{"Value":{"Type":7,"Body":1804970049},"SourceTimestamp":"2024-04-27T15:46:50.6261643Z","ServerTimestamp":"2024-04-27T15:46:50.6261672Z"},"nsu=http://opcfoundation.org/UA/Plc/Applications;s=DipData":{"Value":{"Type":11,"Body":-77.0513242775789},"SourceTimestamp":"2024-04-27T15:46:50.6261748Z","ServerTimestamp":"2024-04-27T15:46:50.6261788Z"},"nsu=http://opcfoundation.org/UA/Plc/Applications;s=FastUIntScalar1":{"Value":{"Type":7,"Body":80},"SourceTimestamp":"2024-04-27T15:46:49.8221775Z","ServerTimestamp":"2024-04-27T15:46:49.8221782Z"},"nsu=http://opcfoundation.org/UA/Plc/Applications;s=FastUIntScalar2":{"Value":{"Type":7,"Body":80},"SourceTimestamp":"2024-04-27T15:46:49.8221796Z","ServerTimestamp":"2024-04-27T15:46:49.8221801Z"},"nsu=http://opcfoundation.org/UA/Plc/Applications;s=FastUIntScalar3":{"Value":{"Type":7,"Body":80},"SourceTimestamp":"2024-04-27T15:46:49.822181Z","ServerTimestamp":"2024-04-27T15:46:49.8221813Z"},"nsu=http://opcfoundation.org/UA/Plc/Applications;s=FastRandomUIntScalar1":{"Value":{"Type":7,"Body":1907400825},"SourceTimestamp":"2024-04-27T15:46:49.8221809Z","ServerTimestamp":"2024-04-27T15:46:49.8221823Z"},"nsu=http://opcfoundation.org/UA/Plc/Applications;s=FastRandomUIntScalar2":{"Value":{"Type":7,"Body":1170256185},"SourceTimestamp":"2024-04-27T15:46:49.8221862Z","ServerTimestamp":"2024-04-27T15:46:49.8221868Z"},"nsu=http://opcfoundation.org/UA/Plc/Applications;s=FastRandomUIntScalar3":{"Value":{"Type":7,"Body":2243794819},"SourceTimestamp":"2024-04-27T15:46:49.8221879Z","ServerTimestamp":"2024-04-27T15:46:49.8221883Z"},"nsu=http://opcfoundation.org/UA/Plc/Applications;s=NegativeTrendData":{"Value":{"Type":11,"Body":99},"SourceTimestamp":"2024-04-27T15:46:49.9156102Z","ServerTimestamp":"2024-04-27T15:46:49.9156206Z"},"nsu=http://opcfoundation.org/UA/Plc/Applications;s=PositiveTrendData":{"Value":{"Type":11,"Body":101},"SourceTimestamp":"2024-04-27T15:46:49.9156453Z","ServerTimestamp":"2024-04-27T15:46:49.9156466Z"},"nsu=http://opcfoundation.org/UA/Plc/Applications;s=SpikeData":{"Value":{"Type":11,"Body":-77.0513242775789},"SourceTimestamp":"2024-04-27T15:46:50.6261825Z","ServerTimestamp":"2024-04-27T15:46:50.6261839Z"}}}]