[{"DataSetWriterId":1,"SequenceNumber":8,"MetaDataVersion":{"MajorVersion":1},"Timestamp":"2024-04-27T15:46:50.7342545Z","MessageType":"ua-deltaframe","DataSetWriterName":"<<UnknownDataSet>>","Payload":{"nsu=http://opcfoundation.org/UA/Plc/Applications;s=SlowUIntScalar1":{"Value":{"Type":7,"Body":8},"SourceTimestamp":"2024-04-27T15:46:49.822139Z","ServerTimestamp":"2024-04-27T15:46:49.822142Z"},"nsu=http://opcfoundation.org/UA/Plc/Applications;s=SlowUIntScalar2":{"Value":{"Type":7,"Body":8},"SourceTimestamp":"2024-04-27T15:46:49.8221519Z","ServerTimestamp":"2024-04-27T15:46:49.8221592Z"},"nsu=http://opcfoundation.org/UA/Plc/Applications;s=SlowUIntScalar3":{"Value":{"Type":7,"Body":8},"SourceTimestamp":"2024-04-27T15:46:49.8221604Z","ServerTimestamp":"2024-04-27T15:46:49.8221664Z"},"nsu=http://opcfoundation.org/UA/Plc/Applications;s=BadSlowUIntScalar1":{"Value":{"Type":7,"Body":8},"StatusCode":1083179008,"SourceTimestamp":"2024-04-27T15:46:49.8221675Z","ServerTimestamp":"2024-04-27T15:46:49.8221683Z"},"nsu=http://opcfoundation.org/UA/Plc/Applications;s=SlowRandomUIntScalar1":{"Value":{"Type":7,"Body":1842346153},"SourceTimestamp":"2024-04-27T15:46:49.8221506Z","ServerTimestamp":"2024-04-27T15:46:49.8221526Z"},"nsu=http://opcfoundation.org/UA/Plc/Applications;s=SlowRandomUIntScalar2":{"Value":{"Type":7,"Body":1571724601},"SourceTimestamp":"2024-04-27T15:46:49.8221592Z","ServerTimestamp":"2024-04-27T15:46:49.82216Z"},"nsu=http://opcfoundation.org/UA/Plc/Applications;s=SlowRandomUIntScalar3":{"Value":{"Type":7,"Body":3400100657},"SourceTimestamp":"2024-04-27T15:46:49.8221616Z","ServerTimestamp":"2024-04-27T15:46:49.8221619Z"},"nsu=http://opcfoundation.org/UA/Plc/Applications;s=BadSlowRandomUIntScalar1":{"Value":{"Type":7,"Body":2590004714},"StatusCode":1083179008,"SourceTimestamp":"2024-04-27T15:46:49.8221631Z","ServerTimestamp":"2024-04-27T15:46:49.8221636Z"}}}]