[{"SequenceNumber":79,"MetaDataVersion":{"MajorVersion":1},"Timestamp":"2024-04-27T15:46:55.6865082Z","MessageType":"ua-deltaframe","DataSetWriterName":"<<UnknownDataSet>>","Payload":{"nsu=http://opcfoundation.org/UA/Plc/Applications;s=StepUp":{"Value":{"Type":7,"Body":858},"SourceTimestamp":"2024-04-27T15:46:55.6250563Z","ServerTimestamp":"2024-04-27T15:46:55.6250592Z"},"nsu=http://opcfoundation.org/UA/Plc/Applications;s=AlternatingBoolean":{"Value":{"Type":1,"Body":false},"SourceTimestamp":"2024-04-27T15:46:54.9139641Z","ServerTimestamp":"2024-04-27T15:46:54.9139762Z"},"nsu=http://opcfoundation.org/UA/Plc/Applications;s=RandomSignedInt32":{"Value":{"Type":6,"Body":-283611550},"SourceTimestamp":"2024-04-27T15:46:55.6250798Z","ServerTimestamp":"2024-04-27T15:46:55.6250815Z"},"nsu=http://opcfoundation.org/UA/Plc/Applications;s=RandomUnsignedInt32":{"Value":{"Type":7,"Body":1470254283},"SourceTimestamp":"2024-04-27T15:46:55.625081Z","ServerTimestamp":"2024-04-27T15:46:55.6250864Z"},"nsu=http://opcfoundation.org/UA/Plc/Applications;s=DipData":{"Value":{"Type":11,"Body":-77.0513242775789},"SourceTimestamp":"2024-04-27T15:46:55.6250935Z","ServerTimestamp":"2024-04-27T15:46:55.6250992Z"},"nsu=http://opcfoundation.org/UA/Plc/Applications;s=FastUIntScalar1":{"Value":{"Type":7,"Body":85},"SourceTimestamp":"2024-04-27T15:46:54.8216936Z","ServerTimestamp":"2024-04-27T15:46:54.8216967Z"},"nsu=http://opcfoundation.org/UA/Plc/Applications;s=FastUIntScalar2":{"Value":{"Type":7,"Body":85},"SourceTimestamp":"2024-04-27T15:46:54.8217105Z","ServerTimestamp":"2024-04-27T15:46:54.8217118Z"},"nsu=http://opcfoundation.org/UA/Plc/Applications;s=FastUIntScalar3":{"Value":{"Type":7,"Body":85},"SourceTimestamp":"2024-04-27T15:46:54.8217149Z","ServerTimestamp":"2024-04-27T15:46:54.821716Z"},"nsu=http://opcfoundation.org/UA/Plc/Applications;s=FastRandomUIntScalar1":{"Value":{"Type":7,"Body":664573377},"SourceTimestamp":"2024-04-27T15:46:54.8217396Z","ServerTimestamp":"2024-04-27T15:46:54.8217443Z"},"nsu=http://opcfoundation.org/UA/Plc/Applications;s=FastRandomUIntScalar2":{"Value":{"Type":7,"Body":446660221},"SourceTimestamp":"2024-04-27T15:46:54.821759Z","ServerTimestamp":"2024-04-27T15:46:54.82176Z"},"nsu=http://opcfoundation.org/UA/Plc/Applications;s=FastRandomUIntScalar3":{"Value":{"Type":7,"Body":3766880370},"SourceTimestamp":"2024-04-27T15:46:54.821762Z","ServerTimestamp":"2024-04-27T15:46:54.8217627Z"},"nsu=http://opcfoundation.org/UA/Plc/Applications;s=NegativeTrendData":{"Value":{"Type":11,"Body":98.900000000000006},"SourceTimestamp":"2024-04-27T15:46:54.9139859Z","ServerTimestamp":"2024-04-27T15:46:54.9140124Z"},"nsu=http://opcfoundation.org/UA/Plc/Applications;s=PositiveTrendData":{"Value":{"Type":11,"Body":101.09999999999999},"SourceTimestamp":"2024-04-27T15:46:54.9139933Z","ServerTimestamp":"2024-04-27T15:46:54.9140031Z"},"nsu=http://opcfoundation.org/UA/Plc/Applications;s=SpikeData":{"Value":{"Type":11,"Body":-77.0513242775789},"SourceTimestamp":"2024-04-27T15:46:55.6250941Z","ServerTimestamp":"2024-04-27T15:46:55.6250976Z"}}}]