[{"SequenceNumber":9,"MetaDataVersion":{"MajorVersion":1},"Timestamp":"2024-04-27T15:45:38.6533528Z","MessageType":"ua-deltaframe","DataSetWriterName":"<<UnknownDataSet>>","Payload":{"nsu=http://opcfoundation.org/UA/Plc/Applications;s=StepUp":{"Value":{"Type":7,"Body":88},"SourceTimestamp":"2024-04-27T15:45:38.6224758Z","ServerTimestamp":"2024-04-27T15:45:38.6224787Z"},"nsu=http://opcfoundation.org/UA/Plc/Applications;s=RandomSignedInt32":{"Value":{"Type":6,"Body":-1666533345},"SourceTimestamp":"2024-04-27T15:45:38.6224826Z","ServerTimestamp":"2024-04-27T15:45:38.622535Z"},"nsu=http://opcfoundation.org/UA/Plc/Applications;s=RandomUnsignedInt32":{"Value":{"Type":7,"Body":1822881265},"SourceTimestamp":"2024-04-27T15:45:38.6224897Z","ServerTimestamp":"2024-04-27T15:45:38.622494Z"},"nsu=http://opcfoundation.org/UA/Plc/Applications;s=DipData":{"Value":{"Type":11,"Body":99.80267284282715},"SourceTimestamp":"2024-04-27T15:45:38.6225051Z","ServerTimestamp":"2024-04-27T15:45:38.6225101Z"},"nsu=http://opcfoundation.org/UA/Plc/Applications;s=FastUIntScalar1":{"Value":{"Type":7,"Body":8},"SourceTimestamp":"2024-04-27T15:45:37.8141437Z","ServerTimestamp":"2024-04-27T15:45:37.8141468Z"},"nsu=http://opcfoundation.org/UA/Plc/Applications;s=FastUIntScalar2":{"Value":{"Type":7,"Body":8},"SourceTimestamp":"2024-04-27T15:45:37.8141631Z","ServerTimestamp":"2024-04-27T15:45:37.8141639Z"},"nsu=http://opcfoundation.org/UA/Plc/Applications;s=FastUIntScalar3":{"Value":{"Type":7,"Body":8},"SourceTimestamp":"2024-04-27T15:45:37.8141655Z","ServerTimestamp":"2024-04-27T15:45:37.8141661Z"},"nsu=http://opcfoundation.org/UA/Plc/Applications;s=FastRandomUIntScalar1":{"Value":{"Type":7,"Body":1670964629},"SourceTimestamp":"2024-04-27T15:45:37.8141456Z","ServerTimestamp":"2024-04-27T15:45:37.8141683Z"},"nsu=http://opcfoundation.org/UA/Plc/Applications;s=FastRandomUIntScalar2":{"Value":{"Type":7,"Body":1846022009},"SourceTimestamp":"2024-04-27T15:45:37.8141755Z","ServerTimestamp":"2024-04-27T15:45:37.8141777Z"},"nsu=http://opcfoundation.org/UA/Plc/Applications;s=FastRandomUIntScalar3":{"Value":{"Type":7,"Body":3053258834},"SourceTimestamp":"2024-04-27T15:45:37.8141805Z","ServerTimestamp":"2024-04-27T15:45:37.8141875Z"},"nsu=http://opcfoundation.org/UA/Plc/Applications;s=SpikeData":{"Value":{"Type":11,"Body":99.80267284282715},"SourceTimestamp":"2024-04-27T15:45:38.6225099Z","ServerTimestamp":"2024-04-27T15:45:38.6225504Z"}}}]