[{"DataSetWriterId":1,"SequenceNumber":9,"MetaDataVersion":{"MajorVersion":1},"Timestamp":"2024-04-27T15:47:00.7566837Z","MessageType":"ua-deltaframe","DataSetWriterName":"<<UnknownDataSet>>","Payload":{"nsu=http://opcfoundation.org/UA/Plc/Applications;s=SlowUIntScalar1":{"Value":{"Type":7,"Body":9},"SourceTimestamp":"2024-04-27T15:46:59.8264402Z","ServerTimestamp":"2024-04-27T15:46:59.8264437Z"},"nsu=http://opcfoundation.org/UA/Plc/Applications;s=SlowUIntScalar2":{"Value":{"Type":7,"Body":9},"SourceTimestamp":"2024-04-27T15:46:59.8264577Z","ServerTimestamp":"2024-04-27T15:46:59.8264585Z"},"nsu=http://opcfoundation.org/UA/Plc/Applications;s=SlowUIntScalar3":{"Value":{"Type":7,"Body":9},"SourceTimestamp":"2024-04-27T15:46:59.8264604Z","ServerTimestamp":"2024-04-27T15:46:59.8264612Z"},"nsu=http://opcfoundation.org/UA/Plc/Applications;s=BadSlowUIntScalar1":{"Value":{"Body":null},"StatusCode":2157772800,"SourceTimestamp":"2024-04-27T15:46:59.8264654Z","ServerTimestamp":"2024-04-27T15:46:59.8264656Z"},"nsu=http://opcfoundation.org/UA/Plc/Applications;s=SlowRandomUIntScalar1":{"Value":{"Type":7,"Body":2915402485},"SourceTimestamp":"2024-04-27T15:46:59.8264652Z","ServerTimestamp":"2024-04-27T15:46:59.8264692Z"},"nsu=http://opcfoundation.org/UA/Plc/Applications;s=SlowRandomUIntScalar2":{"Value":{"Type":7,"Body":4156692770},"SourceTimestamp":"2024-04-27T15:46:59.826484Z","ServerTimestamp":"2024-04-27T15:46:59.826485Z"},"nsu=http://opcfoundation.org/UA/Plc/Applications;s=SlowRandomUIntScalar3":{"Value":{"Type":7,"Body":3847266523},"SourceTimestamp":"2024-04-27T15:46:59.8264872Z","ServerTimestamp":"2024-04-27T15:46:59.8264881Z"},"nsu=http://opcfoundation.org/UA/Plc/Applications;s=BadSlowRandomUIntScalar1":{"Value":{"Body":null},"StatusCode":2157772800,"SourceTimestamp":"2024-04-27T15:46:59.8264932Z","ServerTimestamp":"2024-04-27T15:46:59.8264933Z"}}}]