[{"SequenceNumber":85,"MetaDataVersion":{"MajorVersion":1},"Timestamp":"2024-04-27T15:47:02.6761808Z","MessageType":"ua-deltaframe","DataSetWriterName":"<<UnknownDataSet>>","Payload":{"nsu=http://opcfoundation.org/UA/Plc/Applications;s=StepUp":{"Value":{"Type":7,"Body":928},"SourceTimestamp":"2024-04-27T15:47:02.612859Z","ServerTimestamp":"2024-04-27T15:47:02.6128636Z"},"nsu=http://opcfoundation.org/UA/Plc/Applications;s=RandomSignedInt32":{"Value":{"Type":6,"Body":1464788844},"SourceTimestamp":"2024-04-27T15:47:02.6129146Z","ServerTimestamp":"2024-04-27T15:47:02.6129211Z"},"nsu=http://opcfoundation.org/UA/Plc/Applications;s=RandomUnsignedInt32":{"Value":{"Type":7,"Body":1514037617},"SourceTimestamp":"2024-04-27T15:47:02.6128989Z","ServerTimestamp":"2024-04-27T15:47:02.6129004Z"},"nsu=http://opcfoundation.org/UA/Plc/Applications;s=DipData":{"Value":{"Type":11,"Body":24.868988716485482},"SourceTimestamp":"2024-04-27T15:47:02.6129113Z","ServerTimestamp":"2024-04-27T15:47:02.6129129Z"},"nsu=http://opcfoundation.org/UA/Plc/Applications;s=FastUIntScalar1":{"Value":{"Type":7,"Body":92},"SourceTimestamp":"2024-04-27T15:47:01.8209335Z","ServerTimestamp":"2024-04-27T15:47:01.8209369Z"},"nsu=http://opcfoundation.org/UA/Plc/Applications;s=FastUIntScalar2":{"Value":{"Type":7,"Body":92},"SourceTimestamp":"2024-04-27T15:47:01.8209515Z","ServerTimestamp":"2024-04-27T15:47:01.8209526Z"},"nsu=http://opcfoundation.org/UA/Plc/Applications;s=FastUIntScalar3":{"Value":{"Type":7,"Body":92},"SourceTimestamp":"2024-04-27T15:47:01.820955Z","ServerTimestamp":"2024-04-27T15:47:01.8209559Z"},"nsu=http://opcfoundation.org/UA/Plc/Applications;s=FastRandomUIntScalar1":{"Value":{"Type":7,"Body":2998602784},"SourceTimestamp":"2024-04-27T15:47:01.8209625Z","ServerTimestamp":"2024-04-27T15:47:01.8209654Z"},"nsu=http://opcfoundation.org/UA/Plc/Applications;s=FastRandomUIntScalar2":{"Value":{"Type":7,"Body":2179879771},"SourceTimestamp":"2024-04-27T15:47:01.8209769Z","ServerTimestamp":"2024-04-27T15:47:01.8209778Z"},"nsu=http://opcfoundation.org/UA/Plc/Applications;s=FastRandomUIntScalar3":{"Value":{"Type":7,"Body":3407713893},"SourceTimestamp":"2024-04-27T15:47:01.8209793Z","ServerTimestamp":"2024-04-27T15:47:01.8209799Z"},"nsu=http://opcfoundation.org/UA/Plc/Applications;s=SpikeData":{"Value":{"Type":11,"Body":24.868988716485482},"SourceTimestamp":"2024-04-27T15:47:02.6129278Z","ServerTimestamp":"2024-04-27T15:47:02.6129338Z"}}}]