[{"SequenceNumber":86,"MetaDataVersion":{"MajorVersion":1},"Timestamp":"2024-04-27T15:47:03.6723916Z","MessageType":"ua-deltaframe","DataSetWriterName":"<<UnknownDataSet>>","Payload":{"nsu=http://opcfoundation.org/UA/Plc/Applications;s=StepUp":{"Value":{"Type":7,"Body":938},"SourceTimestamp":"2024-04-27T15:47:03.6246897Z","ServerTimestamp":"2024-04-27T15:47:03.624693Z"},"nsu=http://opcfoundation.org/UA/Plc/Applications;s=RandomSignedInt32":{"Value":{"Type":6,"Body":409309320},"SourceTimestamp":"2024-04-27T15:47:03.6247051Z","ServerTimestamp":"2024-04-27T15:47:03.6247132Z"},"nsu=http://opcfoundation.org/UA/Plc/Applications;s=RandomUnsignedInt32":{"Value":{"Type":7,"Body":1635928898},"SourceTimestamp":"2024-04-27T15:47:03.6247157Z","ServerTimestamp":"2024-04-27T15:47:03.624718Z"},"nsu=http://opcfoundation.org/UA/Plc/Applications;s=DipData":{"Value":{"Type":11,"Body":-1000},"SourceTimestamp":"2024-04-27T15:47:03.6247285Z","ServerTimestamp":"2024-04-27T15:47:03.6247297Z"},"nsu=http://opcfoundation.org/UA/Plc/Applications;s=FastUIntScalar1":{"Value":{"Type":7,"Body":93},"SourceTimestamp":"2024-04-27T15:47:02.8163017Z","ServerTimestamp":"2024-04-27T15:47:02.8163044Z"},"nsu=http://opcfoundation.org/UA/Plc/Applications;s=FastUIntScalar2":{"Value":{"Type":7,"Body":93},"SourceTimestamp":"2024-04-27T15:47:02.8163103Z","ServerTimestamp":"2024-04-27T15:47:02.8163108Z"},"nsu=http://opcfoundation.org/UA/Plc/Applications;s=FastUIntScalar3":{"Value":{"Type":7,"Body":93},"SourceTimestamp":"2024-04-27T15:47:02.816312Z","ServerTimestamp":"2024-04-27T15:47:02.8163124Z"},"nsu=http://opcfoundation.org/UA/Plc/Applications;s=FastRandomUIntScalar1":{"Value":{"Type":7,"Body":1892576641},"SourceTimestamp":"2024-04-27T15:47:02.816293Z","ServerTimestamp":"2024-04-27T15:47:02.8162946Z"},"nsu=http://opcfoundation.org/UA/Plc/Applications;s=FastRandomUIntScalar2":{"Value":{"Type":7,"Body":2610874298},"SourceTimestamp":"2024-04-27T15:47:02.8163022Z","ServerTimestamp":"2024-04-27T15:47:02.816303Z"},"nsu=http://opcfoundation.org/UA/Plc/Applications;s=FastRandomUIntScalar3":{"Value":{"Type":7,"Body":3278502869},"SourceTimestamp":"2024-04-27T15:47:02.816304Z","ServerTimestamp":"2024-04-27T15:47:02.8163132Z"},"nsu=http://opcfoundation.org/UA/Plc/Applications;s=SpikeData":{"Value":{"Type":11,"Body":99.80267284282715},"SourceTimestamp":"2024-04-27T15:47:03.6247257Z","ServerTimestamp":"2024-04-27T15:47:03.6247275Z"}}}]