[{"SequenceNumber":88,"MetaDataVersion":{"MajorVersion":1},"Timestamp":"2024-04-27T15:47:05.646202Z","MessageType":"ua-deltaframe","DataSetWriterName":"<<UnknownDataSet>>","Payload":{"nsu=http://opcfoundation.org/UA/Plc/Applications;s=AlternatingBoolean":{"Value":{"Type":1,"Body":false},"SourceTimestamp":"2024-04-27T15:47:04.9178352Z","ServerTimestamp":"2024-04-27T15:47:04.9178677Z"},"nsu=http://opcfoundation.org/UA/Plc/Applications;s=NegativeTrendData":{"Value":{"Type":11,"Body":98.700000000000003},"SourceTimestamp":"2024-04-27T15:47:04.9178691Z","ServerTimestamp":"2024-04-27T15:47:04.9178755Z"},"nsu=http://opcfoundation.org/UA/Plc/Applications;s=PositiveTrendData":{"Value":{"Type":11,"Body":101.3},"SourceTimestamp":"2024-04-27T15:47:04.917876Z","ServerTimestamp":"2024-04-27T15:47:04.9178785Z"}}}]