{"MessageId":"5c69fa14-17b0-47c0-a9e2-ef4a53d8dcfd","MessageType":"ua-data","PublisherId":"DESKTOP-BGFJS91","DataSetWriterGroup":"<<UnknownWriterGroup>>","Messages":[{"SequenceNumber":13,"MetaDataVersion":{"MajorVersion":1},"Timestamp":"2024-04-27T12:45:37.2255431Z","MessageType":"ua-deltaframe","DataSetWriterName":"<<UnknownDataSet>>","Payload":{"DoubleValues":{"Value":{"Type":11,"Body":-95},"SourceTimestamp":"2024-04-27T12:45:36.2438056Z","ServerTimestamp":"2024-04-27T12:45:36.2438002Z"},"Int64Values":{"Value":{"Type":8,"Body":"-1"},"SourceTimestamp":"2024-04-27T12:45:36.2438244Z","ServerTimestamp":"2024-04-27T12:45:36.2438145Z"}}}]}