{"MessageId":"dc9f0f69-b8e6-413e-bd58-1c63082c4b1c","MessageType":"ua-data","PublisherId":"DESKTOP-BGFJS91","DataSetWriterGroup":"<<UnknownWriterGroup>>","Messages":[{"SequenceNumber":15,"MetaDataVersion":{"MajorVersion":1},"Timestamp":"2024-04-27T12:45:39.277148Z","MessageType":"ua-deltaframe","DataSetWriterName":"<<UnknownDataSet>>","Payload":{"DoubleValues":{"Value":{"Type":11,"Body":-1},"SourceTimestamp":"2024-04-27T12:45:38.2405879Z","ServerTimestamp":"2024-04-27T12:45:38.2405809Z"},"Int64Values":{"Value":{"Type":8,"Body":"-6"},"SourceTimestamp":"2024-04-27T12:45:38.2406034Z","ServerTimestamp":"2024-04-27T12:45:38.2406015Z"}}},{"SequenceNumber":16,"MetaDataVersion":{"MajorVersion":1},"Timestamp":"2024-04-27T12:45:39.277148Z","MessageType":"ua-deltaframe","DataSetWriterName":"<<UnknownDataSet>>","Payload":{"DoubleValues":{"Value":{"Type":11,"Body":-48},"SourceTimestamp":"2024-04-27T12:45:39.2449211Z","ServerTimestamp":"2024-04-27T12:45:39.2449158Z"},"Int64Values":{"Value":{"Type":8,"Body":"-46"},"SourceTimestamp":"2024-04-27T12:45:39.2449332Z","ServerTimestamp":"2024-04-27T12:45:39.244932Z"}}}]}