{"MessageId":"771b7204-f0de-4cbe-8cf3-b1da6d10a6b2","MessageType":"ua-data","PublisherId":"DESKTOP-BGFJS91","DataSetWriterGroup":"<<UnknownWriterGroup>>","Messages":[{"SequenceNumber":21,"MetaDataVersion":{"MajorVersion":1},"Timestamp":"2024-04-27T12:45:45.2788672Z","MessageType":"ua-deltaframe","DataSetWriterName":"<<UnknownDataSet>>","Payload":{"DoubleValues":{"Value":{"Type":11,"Body":-32},"SourceTimestamp":"2024-04-27T12:45:44.2515752Z","ServerTimestamp":"2024-04-27T12:45:44.2515712Z"},"Int64Values":{"Value":{"Type":8,"Body":"80"},"SourceTimestamp":"2024-04-27T12:45:44.2515837Z","ServerTimestamp":"2024-04-27T12:45:44.2515831Z"}}},{"SequenceNumber":22,"MetaDataVersion":{"MajorVersion":1},"Timestamp":"2024-04-27T12:45:45.2788672Z","MessageType":"ua-deltaframe","DataSetWriterName":"<<UnknownDataSet>>","Payload":{"DoubleValues":{"Value":{"Type":11,"Body":-77},"SourceTimestamp":"2024-04-27T12:45:45.2430409Z","ServerTimestamp":"2024-04-27T12:45:45.2430342Z"},"Int64Values":{"Value":{"Type":8,"Body":"-7"},"SourceTimestamp":"2024-04-27T12:45:45.2430527Z","ServerTimestamp":"2024-04-27T12:45:45.2430482Z"}}}]}