{"MessageId":"58c9ad6a-83fe-408e-a246-3df234962673","MessageType":"ua-data","PublisherId":"DESKTOP-BGFJS91","DataSetWriterGroup":"<<UnknownWriterGroup>>","Messages":[{"SequenceNumber":24,"MetaDataVersion":{"MajorVersion":1},"Timestamp":"2024-04-27T12:45:47.2629714Z","MessageType":"ua-deltaframe","DataSetWriterName":"<<UnknownDataSet>>","Payload":{"DoubleValues":{"Value":{"Type":11,"Body":37},"SourceTimestamp":"2024-04-27T12:45:47.2464454Z","ServerTimestamp":"2024-04-27T12:45:47.2464413Z"},"Int64Values":{"Value":{"Type":8,"Body":"-100"},"SourceTimestamp":"2024-04-27T12:45:47.2464748Z","ServerTimestamp":"2024-04-27T12:45:47.2464654Z"}}}]}