{"MessageId":"ba39ffd6-5566-4bcb-89ed-07f9adc43ae3","MessageType":"ua-data","PublisherId":"DESKTOP-BGFJS91","DataSetWriterGroup":"<<UnknownWriterGroup>>","Messages":[{"SequenceNumber":25,"MetaDataVersion":{"MajorVersion":1},"Timestamp":"2024-04-27T12:45:48.2563658Z","MessageType":"ua-deltaframe","DataSetWriterName":"<<UnknownDataSet>>","Payload":{"DoubleValues":{"Value":{"Type":11,"Body":-1},"SourceTimestamp":"2024-04-27T12:45:48.2401238Z","ServerTimestamp":"2024-04-27T12:45:48.240113Z"},"Int64Values":{"Value":{"Type":8,"Body":"-1"},"SourceTimestamp":"2024-04-27T12:45:48.2401324Z","ServerTimestamp":"2024-04-27T12:45:48.2401313Z"}}}]}