{"MessageId":"fe9b492f-0193-4a67-8b79-09767543c6f5","MessageType":"ua-data","PublisherId":"DESKTOP-BGFJS91","DataSetWriterGroup":"<<UnknownWriterGroup>>","Messages":[{"SequenceNumber":26,"MetaDataVersion":{"MajorVersion":1},"Timestamp":"2024-04-27T12:45:50.2421254Z","MessageType":"ua-deltaframe","DataSetWriterName":"<<UnknownDataSet>>","Payload":{"DoubleValues":{"Value":{"Type":11,"Body":-97},"SourceTimestamp":"2024-04-27T12:45:49.2482281Z","ServerTimestamp":"2024-04-27T12:45:49.2482242Z"},"Int64Values":{"Value":{"Type":8,"Body":"-59"},"SourceTimestamp":"2024-04-27T12:45:49.2482341Z","ServerTimestamp":"2024-04-27T12:45:49.2482336Z"}}}]}