{"MessageId":"f5d861cd-1855-4340-9384-4a8ee9278163","MessageType":"ua-data","PublisherId":"DESKTOP-BGFJS91","DataSetWriterGroup":"<<UnknownWriterGroup>>","Messages":[{"SequenceNumber":35,"MetaDataVersion":{"MajorVersion":1},"Timestamp":"2024-04-27T12:45:59.277039Z","MessageType":"ua-deltaframe","DataSetWriterName":"<<UnknownDataSet>>","Payload":{"DoubleValues":{"Value":{"Type":11,"Body":-95},"SourceTimestamp":"2024-04-27T12:45:58.2522467Z","ServerTimestamp":"2024-04-27T12:45:58.2522397Z"},"Int64Values":{"Value":{"Type":8,"Body":"32"},"SourceTimestamp":"2024-04-27T12:45:58.2522557Z","ServerTimestamp":"2024-04-27T12:45:58.2522549Z"}}},{"SequenceNumber":36,"MetaDataVersion":{"MajorVersion":1},"Timestamp":"2024-04-27T12:45:59.277039Z","MessageType":"ua-deltaframe","DataSetWriterName":"<<UnknownDataSet>>","Payload":{"DoubleValues":{"Value":{"Type":11,"Body":-1},"SourceTimestamp":"2024-04-27T12:45:59.2464171Z","ServerTimestamp":"2024-04-27T12:45:59.2464122Z"},"Int64Values":{"Value":{"Type":8,"Body":"-40"},"SourceTimestamp":"2024-04-27T12:45:59.2464267Z","ServerTimestamp":"2024-04-27T12:45:59.246426Z"}}}]}