{"MessageId":"d5c55bc2-a9f7-401d-ae2f-481919f59f0f","MessageType":"ua-data","PublisherId":"DESKTOP-BGFJS91","DataSetWriterGroup":"<<UnknownWriterGroup>>","Messages":[{"SequenceNumber":4,"MetaDataVersion":{"MajorVersion":1},"Timestamp":"2024-04-27T12:45:28.2238555Z","MessageType":"ua-deltaframe","DataSetWriterName":"<<UnknownDataSet>>","Payload":{"DoubleValues":{"Value":{"Type":11,"Body":-100},"SourceTimestamp":"2024-04-27T12:45:27.2495375Z","ServerTimestamp":"2024-04-27T12:45:27.2495184Z"},"Int64Values":{"Value":{"Type":8,"Body":"-57"},"SourceTimestamp":"2024-04-27T12:45:27.2495536Z","ServerTimestamp":"2024-04-27T12:45:27.2495515Z"}}}]}