{"MessageId":"b55a00fc-d855-4591-86c5-0276e5b02adb","MessageType":"ua-data","PublisherId":"DESKTOP-BGFJS91","DataSetWriterGroup":"<<UnknownWriterGroup>>","Messages":[{"SequenceNumber":39,"MetaDataVersion":{"MajorVersion":1},"Timestamp":"2024-04-27T12:46:03.2313764Z","MessageType":"ua-deltaframe","DataSetWriterName":"<<UnknownDataSet>>","Payload":{"DoubleValues":{"Value":{"Type":11,"Body":67},"SourceTimestamp":"2024-04-27T12:46:02.2530004Z","ServerTimestamp":"2024-04-27T12:46:02.2529951Z"},"Int64Values":{"Value":{"Type":8,"Body":"71"},"SourceTimestamp":"2024-04-27T12:46:02.2530109Z","ServerTimestamp":"2024-04-27T12:46:02.25301Z"}}}]}