{"MessageId":"b6f21420-20cf-4e12-a17a-56cc7dfe80f4","MessageType":"ua-data","PublisherId":"DESKTOP-BGFJS91","DataSetWriterGroup":"<<UnknownWriterGroup>>","Messages":[{"SequenceNumber":47,"MetaDataVersion":{"MajorVersion":1},"Timestamp":"2024-04-27T12:46:11.2279669Z","MessageType":"ua-deltaframe","DataSetWriterName":"<<UnknownDataSet>>","Payload":{"DoubleValues":{"Value":{"Type":11,"Body":1},"SourceTimestamp":"2024-04-27T12:46:10.2525124Z","ServerTimestamp":"2024-04-27T12:46:10.2525065Z"},"Int64Values":{"Value":{"Type":8,"Body":"-53"},"SourceTimestamp":"2024-04-27T12:46:10.2525254Z","ServerTimestamp":"2024-04-27T12:46:10.252524Z"}}}]}