{"MessageId":"b529b78b-ab1c-407d-8716-9cc4612fc105","MessageType":"ua-data","PublisherId":"DESKTOP-BGFJS91","DataSetWriterGroup":"<<UnknownWriterGroup>>","Messages":[{"SequenceNumber":49,"MetaDataVersion":{"MajorVersion":1},"Timestamp":"2024-04-27T12:46:13.2205536Z","MessageType":"ua-deltaframe","DataSetWriterName":"<<UnknownDataSet>>","Payload":{"DoubleValues":{"Value":{"Type":11,"Body":-1},"SourceTimestamp":"2024-04-27T12:46:12.2436217Z","ServerTimestamp":"2024-04-27T12:46:12.2435801Z"},"Int64Values":{"Value":{"Type":8,"Body":"-3"},"SourceTimestamp":"2024-04-27T12:46:12.2436352Z","ServerTimestamp":"2024-04-27T12:46:12.2436334Z"}}}]}