{"MessageId":"73ed9f72-eebc-4a12-bca1-7f4f770f3cb5","MessageType":"ua-data","PublisherId":"DESKTOP-BGFJS91","DataSetWriterGroup":"<<UnknownWriterGroup>>","Messages":[{"SequenceNumber":50,"MetaDataVersion":{"MajorVersion":1},"Timestamp":"2024-04-27T12:46:14.2762632Z","MessageType":"ua-deltaframe","DataSetWriterName":"<<UnknownDataSet>>","Payload":{"DoubleValues":{"Value":{"Type":11,"Body":6},"SourceTimestamp":"2024-04-27T12:46:13.251141Z","ServerTimestamp":"2024-04-27T12:46:13.2511371Z"},"Int64Values":{"Value":{"Type":8,"Body":"-36"},"SourceTimestamp":"2024-04-27T12:46:13.2511472Z","ServerTimestamp":"2024-04-27T12:46:13.2511467Z"}}},{"SequenceNumber":51,"MetaDataVersion":{"MajorVersion":1},"Timestamp":"2024-04-27T12:46:14.2762632Z","MessageType":"ua-deltaframe","DataSetWriterName":"<<UnknownDataSet>>","Payload":{"DoubleValues":{"Value":{"Type":11,"Body":-100},"SourceTimestamp":"2024-04-27T12:46:14.244152Z","ServerTimestamp":"2024-04-27T12:46:14.2441409Z"},"Int64Values":{"Value":{"Type":8,"Body":"-100"},"SourceTimestamp":"2024-04-27T12:46:14.2441615Z","ServerTimestamp":"2024-04-27T12:46:14.2441605Z"}}}]}