{"MessageId":"6af09bfb-5e34-4ad7-8a62-bdeddb5d33db","MessageType":"ua-data","PublisherId":"DESKTOP-BGFJS91","DataSetWriterGroup":"<<UnknownWriterGroup>>","Messages":[{"SequenceNumber":52,"MetaDataVersion":{"MajorVersion":1},"Timestamp":"2024-04-27T12:46:15.2673905Z","MessageType":"ua-deltaframe","DataSetWriterName":"<<UnknownDataSet>>","Payload":{"DoubleValues":{"Value":{"Type":11,"Body":72},"SourceTimestamp":"2024-04-27T12:46:15.2515024Z","ServerTimestamp":"2024-04-27T12:46:15.2514963Z"},"Int64Values":{"Value":{"Type":8,"Body":"-87"},"SourceTimestamp":"2024-04-27T12:46:15.2515317Z","ServerTimestamp":"2024-04-27T12:46:15.2515304Z"}}}]}