{"MessageId":"2e2ab3ea-b83c-4e74-855c-aac1ce7767c6","MessageType":"ua-data","PublisherId":"DESKTOP-BGFJS91","DataSetWriterGroup":"<<UnknownWriterGroup>>","Messages":[{"SequenceNumber":56,"MetaDataVersion":{"MajorVersion":1},"Timestamp":"2024-04-27T12:46:20.2744135Z","MessageType":"ua-deltaframe","DataSetWriterName":"<<UnknownDataSet>>","Payload":{"DoubleValues":{"Value":{"Type":11,"Body":-100},"SourceTimestamp":"2024-04-27T12:46:19.2399286Z","ServerTimestamp":"2024-04-27T12:46:19.2399041Z"},"Int64Values":{"Value":{"Type":8,"Body":"-6"},"SourceTimestamp":"2024-04-27T12:46:19.2399362Z","ServerTimestamp":"2024-04-27T12:46:19.2399352Z"}}},{"SequenceNumber":57,"MetaDataVersion":{"MajorVersion":1},"Timestamp":"2024-04-27T12:46:20.2744135Z","MessageType":"ua-deltaframe","DataSetWriterName":"<<UnknownDataSet>>","Payload":{"DoubleValues":{"Value":{"Type":11,"Body":19},"SourceTimestamp":"2024-04-27T12:46:20.2434902Z","ServerTimestamp":"2024-04-27T12:46:20.2434863Z"},"Int64Values":{"Value":{"Type":8,"Body":"98"},"SourceTimestamp":"2024-04-27T12:46:20.243498Z","ServerTimestamp":"2024-04-27T12:46:20.2434974Z"}}}]}