{"MessageId":"63ad16e9-78e7-41ce-b3fc-08d6b71a5583","MessageType":"ua-data","PublisherId":"DESKTOP-BGFJS91","DataSetWriterGroup":"<<UnknownWriterGroup>>","Messages":[{"SequenceNumber":73,"MetaDataVersion":{"MajorVersion":1},"Timestamp":"2024-04-27T12:46:36.2611769Z","MessageType":"ua-deltaframe","DataSetWriterName":"<<UnknownDataSet>>","Payload":{"DoubleValues":{"Value":{"Type":11,"Body":34},"SourceTimestamp":"2024-04-27T12:46:36.2453889Z","ServerTimestamp":"2024-04-27T12:46:36.2453852Z"},"Int64Values":{"Value":{"Type":8,"Body":"51"},"SourceTimestamp":"2024-04-27T12:46:36.245397Z","ServerTimestamp":"2024-04-27T12:46:36.2453966Z"}}}]}