{"MessageId":"0428335a-c230-4e02-9b14-1602fd9b211b","MessageType":"ua-data","PublisherId":"DESKTOP-BGFJS91","DataSetWriterGroup":"<<UnknownWriterGroup>>","Messages":[{"SequenceNumber":80,"MetaDataVersion":{"MajorVersion":1},"Timestamp":"2024-04-27T12:46:43.2693139Z","MessageType":"ua-deltaframe","DataSetWriterName":"<<UnknownDataSet>>","Payload":{"DoubleValues":{"Value":{"Type":11,"Body":-58},"SourceTimestamp":"2024-04-27T12:46:43.253015Z","ServerTimestamp":"2024-04-27T12:46:43.2530112Z"},"Int64Values":{"Value":{"Type":8,"Body":"-1"},"SourceTimestamp":"2024-04-27T12:46:43.2530235Z","ServerTimestamp":"2024-04-27T12:46:43.2530224Z"}}}]}