{"MessageId":"d351d6f2-36ef-40bb-b01d-2a5255cda29c","MessageType":"ua-data","PublisherId":"DESKTOP-BGFJS91","DataSetWriterGroup":"<<UnknownWriterGroup>>","Messages":[{"SequenceNumber":81,"MetaDataVersion":{"MajorVersion":1},"Timestamp":"2024-04-27T12:46:44.2574722Z","MessageType":"ua-deltaframe","DataSetWriterName":"<<UnknownDataSet>>","Payload":{"DoubleValues":{"Value":{"Type":11,"Body":-7},"SourceTimestamp":"2024-04-27T12:46:44.2415652Z","ServerTimestamp":"2024-04-27T12:46:44.2415604Z"},"Int64Values":{"Value":{"Type":8,"Body":"-100"},"SourceTimestamp":"2024-04-27T12:46:44.2415768Z","ServerTimestamp":"2024-04-27T12:46:44.2415752Z"}}}]}