{"MessageId":"4ccc4965-f574-4247-b4cd-ec565af609e6","MessageType":"ua-data","PublisherId":"DESKTOP-BGFJS91","DataSetWriterGroup":"<<UnknownWriterGroup>>","Messages":[{"SequenceNumber":82,"MetaDataVersion":{"MajorVersion":1},"Timestamp":"2024-04-27T12:46:46.2403244Z","MessageType":"ua-deltaframe","DataSetWriterName":"<<UnknownDataSet>>","Payload":{"DoubleValues":{"Value":{"Type":11,"Body":0},"SourceTimestamp":"2024-04-27T12:46:45.2456377Z","ServerTimestamp":"2024-04-27T12:46:45.2456323Z"},"Int64Values":{"Value":{"Type":8,"Body":"-76"},"SourceTimestamp":"2024-04-27T12:46:45.2456481Z","ServerTimestamp":"2024-04-27T12:46:45.2456471Z"}}}]}