{"MessageId":"5c7110c9-5c2e-4872-b521-96f7dd4e0f22","MessageType":"ua-data","PublisherId":"DESKTOP-BGFJS91","DataSetWriterGroup":"<<UnknownWriterGroup>>","Messages":[{"SequenceNumber":96,"MetaDataVersion":{"MajorVersion":1},"Timestamp":"2024-04-27T12:47:00.2269197Z","MessageType":"ua-deltaframe","DataSetWriterName":"<<UnknownDataSet>>","Payload":{"DoubleValues":{"Value":{"Type":11,"Body":-1},"SourceTimestamp":"2024-04-27T12:46:58.2424987Z","ServerTimestamp":"2024-04-27T12:46:58.2424814Z"},"Int64Values":{"Value":{"Type":8,"Body":"53"},"SourceTimestamp":"2024-04-27T12:46:58.2425043Z","ServerTimestamp":"2024-04-27T12:46:58.2425037Z"}}},{"SequenceNumber":97,"MetaDataVersion":{"MajorVersion":1},"Timestamp":"2024-04-27T12:47:00.2269197Z","MessageType":"ua-deltaframe","DataSetWriterName":"<<UnknownDataSet>>","Payload":{"DoubleValues":{"Value":{"Type":11,"Body":-11},"SourceTimestamp":"2024-04-27T12:46:59.2484123Z","ServerTimestamp":"2024-04-27T12:46:59.2484087Z"},"Int64Values":{"Value":{"Type":8,"Body":"21"},"SourceTimestamp":"2024-04-27T12:46:59.248419Z","ServerTimestamp":"2024-04-27T12:46:59.2484185Z"}}}]}