{"MessageId":"d1c151a6-0c5b-4051-bd64-7102a77f704c","MessageType":"ua-data","PublisherId":"DESKTOP-BGFJS91","DataSetWriterGroup":"<<UnknownWriterGroup>>","Messages":[{"SequenceNumber":99,"MetaDataVersion":{"MajorVersion":1},"Timestamp":"2024-04-27T12:47:02.2727451Z","MessageType":"ua-deltaframe","DataSetWriterName":"<<UnknownDataSet>>","Payload":{"DoubleValues":{"Value":{"Type":11,"Body":63},"SourceTimestamp":"2024-04-27T12:47:01.2503267Z","ServerTimestamp":"2024-04-27T12:47:01.2503227Z"},"Int64Values":{"Value":{"Type":8,"Body":"-99"},"SourceTimestamp":"2024-04-27T12:47:01.2503337Z","ServerTimestamp":"2024-04-27T12:47:01.2503331Z"}}},{"SequenceNumber":100,"MetaDataVersion":{"MajorVersion":1},"Timestamp":"2024-04-27T12:47:02.2727451Z","MessageType":"ua-deltaframe","DataSetWriterName":"<<UnknownDataSet>>","Payload":{"DoubleValues":{"Value":{"Type":11,"Body":-72},"SourceTimestamp":"2024-04-27T12:47:02.2401857Z","ServerTimestamp":"2024-04-27T12:47:02.240182Z"},"Int64Values":{"Value":{"Type":8,"Body":"-55"},"SourceTimestamp":"2024-04-27T12:47:02.2401936Z","ServerTimestamp":"2024-04-27T12:47:02.2401931Z"}}}]}