{"MessageId":"c3903110-0213-4368-9532-d7a3c9c155c6","MessageType":"ua-data","PublisherId":"DESKTOP-BGFJS91","DataSetWriterGroup":"<<UnknownWriterGroup>>","Messages":[{"SequenceNumber":101,"MetaDataVersion":{"MajorVersion":1},"Timestamp":"2024-04-27T12:47:03.2631945Z","MessageType":"ua-deltaframe","DataSetWriterName":"<<UnknownDataSet>>","Payload":{"DoubleValues":{"Value":{"Type":11,"Body":67},"SourceTimestamp":"2024-04-27T12:47:03.2478581Z","ServerTimestamp":"2024-04-27T12:47:03.2478511Z"},"Int64Values":{"Value":{"Type":8,"Body":"20"},"SourceTimestamp":"2024-04-27T12:47:03.2478711Z","ServerTimestamp":"2024-04-27T12:47:03.2478699Z"}}}]}