{"MessageId":"3efa0080-dcd9-43d0-8342-4e11092ce72f","MessageType":"ua-data","PublisherId":"DESKTOP-BGFJS91","DataSetWriterGroup":"<<UnknownWriterGroup>>","Messages":[{"SequenceNumber":102,"MetaDataVersion":{"MajorVersion":1},"Timestamp":"2024-04-27T12:47:05.245065Z","MessageType":"ua-deltaframe","DataSetWriterName":"<<UnknownDataSet>>","Payload":{"DoubleValues":{"Value":{"Type":11,"Body":27},"SourceTimestamp":"2024-04-27T12:47:04.2493846Z","ServerTimestamp":"2024-04-27T12:47:04.2493809Z"},"Int64Values":{"Value":{"Type":8,"Body":"-51"},"SourceTimestamp":"2024-04-27T12:47:04.2493912Z","ServerTimestamp":"2024-04-27T12:47:04.2493908Z"}}}]}