{"MessageId":"5b94bdfe-6ccf-4cbc-be42-03e6a01a234b","MessageType":"ua-data","PublisherId":"DESKTOP-BGFJS91","DataSetWriterGroup":"<<UnknownWriterGroup>>","Messages":[{"SequenceNumber":10,"MetaDataVersion":{"MajorVersion":1},"Timestamp":"2024-04-27T12:45:34.2483162Z","MessageType":"ua-deltaframe","DataSetWriterName":"<<UnknownDataSet>>","Payload":{"DoubleValues":{"Value":{"Type":11,"Body":-100},"SourceTimestamp":"2024-04-27T12:45:33.2537169Z","ServerTimestamp":"2024-04-27T12:45:33.2537031Z"},"Int64Values":{"Value":{"Type":8,"Body":"9"},"SourceTimestamp":"2024-04-27T12:45:33.2537292Z","ServerTimestamp":"2024-04-27T12:45:33.2537279Z"}}}]}