{"MessageId":"693d2e9c-e435-4334-bd47-7b4bd6ca8624","MessageType":"ua-data","PublisherId":"DESKTOP-BGFJS91","DataSetWriterGroup":"<<UnknownWriterGroup>>","Messages":[{"SequenceNumber":116,"MetaDataVersion":{"MajorVersion":1},"Timestamp":"2024-04-27T12:47:18.2294629Z","MessageType":"ua-deltaframe","DataSetWriterName":"<<UnknownDataSet>>","Payload":{"DoubleValues":{"Value":{"Type":11,"Body":-100},"SourceTimestamp":"2024-04-27T12:47:17.2540689Z","ServerTimestamp":"2024-04-27T12:47:17.2540567Z"},"Int64Values":{"Value":{"Type":8,"Body":"-47"},"SourceTimestamp":"2024-04-27T12:47:17.2540759Z","ServerTimestamp":"2024-04-27T12:47:17.2540755Z"}}}]}