[{"nsu=http://opcfoundation.org/UA/Plc/Applications;s=StepUp":{"Value":369,"SourceTimestamp":"2024-04-27T19:09:54.7437337Z","ServerTimestamp":"2024-04-27T19:09:54.7437348Z"},"nsu=http://opcfoundation.org/UA/Plc/Applications;s=RandomSignedInt32":{"Value":-1184939234,"SourceTimestamp":"2024-04-27T19:09:54.7437226Z","ServerTimestamp":"2024-04-27T19:09:54.7437793Z"},"nsu=http://opcfoundation.org/UA/Plc/Applications;s=RandomUnsignedInt32":{"Value":374119153,"SourceTimestamp":"2024-04-27T19:09:54.7437163Z","ServerTimestamp":"2024-04-27T19:09:54.7437612Z"},"nsu=http://opcfoundation.org/UA/Plc/Applications;s=DipData":{"Value":-77.051324277578942,"SourceTimestamp":"2024-04-27T19:09:54.7437176Z","ServerTimestamp":"2024-04-27T19:09:54.7437271Z"},"nsu=http://opcfoundation.org/UA/Plc/Applications;s=FastUIntScalar1":{"Value":36,"SourceTimestamp":"2024-04-27T19:09:53.8298568Z","ServerTimestamp":"2024-04-27T19:09:53.8298699Z"}}]