[{"nsu=http://opcfoundation.org/UA/Plc/Applications;s=SlowUIntScalar1":{"Value":4,"SourceTimestamp":"2024-04-27T19:09:57.8288943Z","ServerTimestamp":"2024-04-27T19:09:57.8288988Z"},"nsu=http://opcfoundation.org/UA/Plc/Applications;s=SlowUIntScalar2":{"Value":4,"SourceTimestamp":"2024-04-27T19:09:57.8289121Z","ServerTimestamp":"2024-04-27T19:09:57.8289131Z"},"nsu=http://opcfoundation.org/UA/Plc/Applications;s=SlowUIntScalar3":{"Value":4,"SourceTimestamp":"2024-04-27T19:09:57.8289154Z","ServerTimestamp":"2024-04-27T19:09:57.8289164Z"},"nsu=http://opcfoundation.org/UA/Plc/Applications;s=BadSlowUIntScalar1":{"Value":4,"StatusCode":{"Symbol":"UncertainLastUsableValue","Code":1083179008},"SourceTimestamp":"2024-04-27T19:09:57.8289191Z","ServerTimestamp":"2024-04-27T19:09:57.82892Z"}}]