[{"nsu=http://opcfoundation.org/UA/Plc/Applications;s=FastUIntScalar2":{"Value":42,"SourceTimestamp":"2024-04-27T19:09:59.8399527Z","ServerTimestamp":"2024-04-27T19:09:59.8399662Z"},"nsu=http://opcfoundation.org/UA/Plc/Applications;s=FastUIntScalar3":{"Value":42,"SourceTimestamp":"2024-04-27T19:09:59.8399685Z","ServerTimestamp":"2024-04-27T19:09:59.8399695Z"},"nsu=http://opcfoundation.org/UA/Plc/Applications;s=FastRandomUIntScalar1":{"Value":328448947,"SourceTimestamp":"2024-04-27T19:09:59.8399498Z","ServerTimestamp":"2024-04-27T19:09:59.8399537Z"},"nsu=http://opcfoundation.org/UA/Plc/Applications;s=FastRandomUIntScalar2":{"Value":1137889602,"SourceTimestamp":"2024-04-27T19:09:59.8399927Z","ServerTimestamp":"2024-04-27T19:09:59.8399939Z"},"nsu=http://opcfoundation.org/UA/Plc/Applications;s=FastRandomUIntScalar3":{"Value":3216216601,"SourceTimestamp":"2024-04-27T19:09:59.839997Z","ServerTimestamp":"2024-04-27T19:09:59.8399991Z"}}]