[{"nsu=http://opcfoundation.org/UA/Plc/Applications;s=StepUp":{"Value":429,"SourceTimestamp":"2024-04-27T19:10:00.7404858Z","ServerTimestamp":"2024-04-27T19:10:00.7404882Z"},"nsu=http://opcfoundation.org/UA/Plc/Applications;s=RandomSignedInt32":{"Value":-1704253371,"SourceTimestamp":"2024-04-27T19:10:00.7404926Z","ServerTimestamp":"2024-04-27T19:10:00.740494Z"},"nsu=http://opcfoundation.org/UA/Plc/Applications;s=RandomUnsignedInt32":{"Value":2080414781,"SourceTimestamp":"2024-04-27T19:10:00.7404839Z","ServerTimestamp":"2024-04-27T19:10:00.7404847Z"},"nsu=http://opcfoundation.org/UA/Plc/Applications;s=DipData":{"Value":36.812455268467772,"SourceTimestamp":"2024-04-27T19:10:00.7404964Z","ServerTimestamp":"2024-04-27T19:10:00.7405044Z"},"nsu=http://opcfoundation.org/UA/Plc/Applications;s=FastUIntScalar1":{"Value":42,"SourceTimestamp":"2024-04-27T19:09:59.8399357Z","ServerTimestamp":"2024-04-27T19:09:59.8399395Z"}}]