[{"nsu=http://opcfoundation.org/UA/Plc/Applications;s=StepUp":{"Value":59,"SourceTimestamp":"2024-04-27T19:09:23.7385772Z","ServerTimestamp":"2024-04-27T19:09:23.7386877Z"},"nsu=http://opcfoundation.org/UA/Plc/Applications;s=AlternatingBoolean":{"Value":false,"SourceTimestamp":"2024-04-27T19:09:22.9329551Z","ServerTimestamp":"2024-04-27T19:09:22.9329558Z"},"nsu=http://opcfoundation.org/UA/Plc/Applications;s=RandomSignedInt32":{"Value":-1627655581,"SourceTimestamp":"2024-04-27T19:09:23.7385847Z","ServerTimestamp":"2024-04-27T19:09:23.7387038Z"},"nsu=http://opcfoundation.org/UA/Plc/Applications;s=RandomUnsignedInt32":{"Value":2051452274,"SourceTimestamp":"2024-04-27T19:09:23.7385714Z","ServerTimestamp":"2024-04-27T19:09:23.738579Z"},"nsu=http://opcfoundation.org/UA/Plc/Applications;s=DipData":{"Value":-84.432792550201498,"SourceTimestamp":"2024-04-27T19:09:23.738557Z","ServerTimestamp":"2024-04-27T19:09:23.7385596Z"},"nsu=http://opcfoundation.org/UA/Plc/Applications;s=FastUIntScalar1":{"Value":5,"SourceTimestamp":"2024-04-27T19:09:22.8408688Z","ServerTimestamp":"2024-04-27T19:09:22.8408764Z"}}]