[{"nsu=http://opcfoundation.org/UA/Plc/Applications;s=StepUp":{"Value":509,"SourceTimestamp":"2024-04-27T19:10:08.7402887Z","ServerTimestamp":"2024-04-27T19:10:08.7402945Z"},"nsu=http://opcfoundation.org/UA/Plc/Applications;s=AlternatingBoolean":{"Value":true,"SourceTimestamp":"2024-04-27T19:10:07.9313963Z","ServerTimestamp":"2024-04-27T19:10:07.9314281Z"},"nsu=http://opcfoundation.org/UA/Plc/Applications;s=RandomSignedInt32":{"Value":1928797804,"SourceTimestamp":"2024-04-27T19:10:08.7402859Z","ServerTimestamp":"2024-04-27T19:10:08.7403377Z"},"nsu=http://opcfoundation.org/UA/Plc/Applications;s=RandomUnsignedInt32":{"Value":1996112967,"SourceTimestamp":"2024-04-27T19:10:08.7402811Z","ServerTimestamp":"2024-04-27T19:10:08.7402837Z"},"nsu=http://opcfoundation.org/UA/Plc/Applications;s=DipData":{"Value":-84.432792550201498,"SourceTimestamp":"2024-04-27T19:10:08.740268Z","ServerTimestamp":"2024-04-27T19:10:08.7402699Z"},"nsu=http://opcfoundation.org/UA/Plc/Applications;s=FastUIntScalar1":{"Value":50,"SourceTimestamp":"2024-04-27T19:10:07.8366248Z","ServerTimestamp":"2024-04-27T19:10:07.8366262Z"}}]