[{"nsu=http://opcfoundation.org/UA/Plc/Applications;s=FastUIntScalar2":{"Value":51,"SourceTimestamp":"2024-04-27T19:10:08.8332322Z","ServerTimestamp":"2024-04-27T19:10:08.8332332Z"},"nsu=http://opcfoundation.org/UA/Plc/Applications;s=FastUIntScalar3":{"Value":51,"SourceTimestamp":"2024-04-27T19:10:08.8332357Z","ServerTimestamp":"2024-04-27T19:10:08.8332369Z"},"nsu=http://opcfoundation.org/UA/Plc/Applications;s=FastRandomUIntScalar1":{"Value":3010889865,"SourceTimestamp":"2024-04-27T19:10:08.8332466Z","ServerTimestamp":"2024-04-27T19:10:08.8332501Z"},"nsu=http://opcfoundation.org/UA/Plc/Applications;s=FastRandomUIntScalar2":{"Value":4189321309,"SourceTimestamp":"2024-04-27T19:10:08.833263Z","ServerTimestamp":"2024-04-27T19:10:08.8332639Z"},"nsu=http://opcfoundation.org/UA/Plc/Applications;s=FastRandomUIntScalar3":{"Value":3459295797,"SourceTimestamp":"2024-04-27T19:10:08.8332654Z","ServerTimestamp":"2024-04-27T19:10:08.8332665Z"}}]