[{"nsu=http://opcfoundation.org/UA/Plc/Applications;s=FastUIntScalar2":{"Value":53,"SourceTimestamp":"2024-04-27T19:10:10.8304784Z","ServerTimestamp":"2024-04-27T19:10:10.8304799Z"},"nsu=http://opcfoundation.org/UA/Plc/Applications;s=FastUIntScalar3":{"Value":53,"SourceTimestamp":"2024-04-27T19:10:10.8304813Z","ServerTimestamp":"2024-04-27T19:10:10.8304832Z"},"nsu=http://opcfoundation.org/UA/Plc/Applications;s=FastRandomUIntScalar1":{"Value":3929639073,"SourceTimestamp":"2024-04-27T19:10:10.8304733Z","ServerTimestamp":"2024-04-27T19:10:10.8304744Z"},"nsu=http://opcfoundation.org/UA/Plc/Applications;s=FastRandomUIntScalar2":{"Value":2301145022,"SourceTimestamp":"2024-04-27T19:10:10.8304763Z","ServerTimestamp":"2024-04-27T19:10:10.8304784Z"},"nsu=http://opcfoundation.org/UA/Plc/Applications;s=FastRandomUIntScalar3":{"Value":23038430,"SourceTimestamp":"2024-04-27T19:10:10.8304798Z","ServerTimestamp":"2024-04-27T19:10:10.8304815Z"}}]