[{"nsu=http://opcfoundation.org/UA/Plc/Applications;s=FastUIntScalar2":{"Value":54,"SourceTimestamp":"2024-04-27T19:10:11.8383699Z","ServerTimestamp":"2024-04-27T19:10:11.8383779Z"},"nsu=http://opcfoundation.org/UA/Plc/Applications;s=FastUIntScalar3":{"Value":54,"SourceTimestamp":"2024-04-27T19:10:11.8383791Z","ServerTimestamp":"2024-04-27T19:10:11.8383814Z"},"nsu=http://opcfoundation.org/UA/Plc/Applications;s=FastRandomUIntScalar1":{"Value":319744048,"SourceTimestamp":"2024-04-27T19:10:11.8383631Z","ServerTimestamp":"2024-04-27T19:10:11.8383703Z"},"nsu=http://opcfoundation.org/UA/Plc/Applications;s=FastRandomUIntScalar2":{"Value":4027429897,"SourceTimestamp":"2024-04-27T19:10:11.8383779Z","ServerTimestamp":"2024-04-27T19:10:11.8383795Z"},"nsu=http://opcfoundation.org/UA/Plc/Applications;s=FastRandomUIntScalar3":{"Value":3643609956,"SourceTimestamp":"2024-04-27T19:10:11.8383816Z","ServerTimestamp":"2024-04-27T19:10:11.8383828Z"}}]