[{"nsu=http://opcfoundation.org/UA/Plc/Applications;s=StepUp":{"Value":549,"SourceTimestamp":"2024-04-27T19:10:12.7391038Z","ServerTimestamp":"2024-04-27T19:10:12.7391689Z"},"nsu=http://opcfoundation.org/UA/Plc/Applications;s=RandomSignedInt32":{"Value":-490100517,"SourceTimestamp":"2024-04-27T19:10:12.7391085Z","ServerTimestamp":"2024-04-27T19:10:12.7391169Z"},"nsu=http://opcfoundation.org/UA/Plc/Applications;s=RandomUnsignedInt32":{"Value":929324897,"SourceTimestamp":"2024-04-27T19:10:12.7390949Z","ServerTimestamp":"2024-04-27T19:10:12.7390999Z"},"nsu=http://opcfoundation.org/UA/Plc/Applications;s=DipData":{"Value":24.868988716485479,"SourceTimestamp":"2024-04-27T19:10:12.7390977Z","ServerTimestamp":"2024-04-27T19:10:12.7391032Z"},"nsu=http://opcfoundation.org/UA/Plc/Applications;s=FastUIntScalar1":{"Value":54,"SourceTimestamp":"2024-04-27T19:10:11.8383569Z","ServerTimestamp":"2024-04-27T19:10:11.8383593Z"}}]