[{"nsu=http://opcfoundation.org/UA/Plc/Applications;s=FastUIntScalar2":{"Value":7,"SourceTimestamp":"2024-04-27T19:09:24.8349034Z","ServerTimestamp":"2024-04-27T19:09:24.834904Z"},"nsu=http://opcfoundation.org/UA/Plc/Applications;s=FastUIntScalar3":{"Value":7,"SourceTimestamp":"2024-04-27T19:09:24.8349052Z","ServerTimestamp":"2024-04-27T19:09:24.8349058Z"},"nsu=http://opcfoundation.org/UA/Plc/Applications;s=FastRandomUIntScalar1":{"Value":1092525325,"SourceTimestamp":"2024-04-27T19:09:24.8348722Z","ServerTimestamp":"2024-04-27T19:09:24.8348806Z"},"nsu=http://opcfoundation.org/UA/Plc/Applications;s=FastRandomUIntScalar2":{"Value":186007751,"SourceTimestamp":"2024-04-27T19:09:24.8348897Z","ServerTimestamp":"2024-04-27T19:09:24.8348903Z"},"nsu=http://opcfoundation.org/UA/Plc/Applications;s=FastRandomUIntScalar3":{"Value":217262593,"SourceTimestamp":"2024-04-27T19:09:24.8348914Z","ServerTimestamp":"2024-04-27T19:09:24.834892Z"}}]