[{"nsu=http://opcfoundation.org/UA/Plc/Applications;s=StepUp":{"Value":569,"SourceTimestamp":"2024-04-27T19:10:14.7364801Z","ServerTimestamp":"2024-04-27T19:10:14.7364847Z"},"nsu=http://opcfoundation.org/UA/Plc/Applications;s=RandomSignedInt32":{"Value":-1159900596,"SourceTimestamp":"2024-04-27T19:10:14.7364699Z","ServerTimestamp":"2024-04-27T19:10:14.736474Z"},"nsu=http://opcfoundation.org/UA/Plc/Applications;s=RandomUnsignedInt32":{"Value":947425054,"SourceTimestamp":"2024-04-27T19:10:14.7364755Z","ServerTimestamp":"2024-04-27T19:10:14.7364793Z"},"nsu=http://opcfoundation.org/UA/Plc/Applications;s=DipData":{"Value":-77.051324277578942,"SourceTimestamp":"2024-04-27T19:10:14.7364581Z","ServerTimestamp":"2024-04-27T19:10:14.7365045Z"},"nsu=http://opcfoundation.org/UA/Plc/Applications;s=FastUIntScalar1":{"Value":56,"SourceTimestamp":"2024-04-27T19:10:13.8368885Z","ServerTimestamp":"2024-04-27T19:10:13.8368917Z"}}]