[{"nsu=http://opcfoundation.org/UA/Plc/Applications;s=StepUp":{"Value":579,"SourceTimestamp":"2024-04-27T19:10:15.736354Z","ServerTimestamp":"2024-04-27T19:10:15.7363551Z"},"nsu=http://opcfoundation.org/UA/Plc/Applications;s=RandomSignedInt32":{"Value":1257620667,"SourceTimestamp":"2024-04-27T19:10:15.7363433Z","ServerTimestamp":"2024-04-27T19:10:15.7363458Z"},"nsu=http://opcfoundation.org/UA/Plc/Applications;s=RandomUnsignedInt32":{"Value":600765723,"SourceTimestamp":"2024-04-27T19:10:15.7363398Z","ServerTimestamp":"2024-04-27T19:10:15.7363409Z"},"nsu=http://opcfoundation.org/UA/Plc/Applications;s=DipData":{"Value":36.812455268467772,"SourceTimestamp":"2024-04-27T19:10:15.7363615Z","ServerTimestamp":"2024-04-27T19:10:15.7363633Z"},"nsu=http://opcfoundation.org/UA/Plc/Applications;s=FastUIntScalar1":{"Value":57,"SourceTimestamp":"2024-04-27T19:10:14.8287543Z","ServerTimestamp":"2024-04-27T19:10:14.8287567Z"}}]