[{"nsu=http://opcfoundation.org/UA/Plc/Applications;s=FastUIntScalar2":{"Value":61,"SourceTimestamp":"2024-04-27T19:10:18.8380566Z","ServerTimestamp":"2024-04-27T19:10:18.8380575Z"},"nsu=http://opcfoundation.org/UA/Plc/Applications;s=FastUIntScalar3":{"Value":61,"SourceTimestamp":"2024-04-27T19:10:18.8380592Z","ServerTimestamp":"2024-04-27T19:10:18.8380603Z"},"nsu=http://opcfoundation.org/UA/Plc/Applications;s=FastRandomUIntScalar1":{"Value":675052359,"SourceTimestamp":"2024-04-27T19:10:18.8380699Z","ServerTimestamp":"2024-04-27T19:10:18.8380737Z"},"nsu=http://opcfoundation.org/UA/Plc/Applications;s=FastRandomUIntScalar2":{"Value":439437504,"SourceTimestamp":"2024-04-27T19:10:18.8380889Z","ServerTimestamp":"2024-04-27T19:10:18.8380905Z"},"nsu=http://opcfoundation.org/UA/Plc/Applications;s=FastRandomUIntScalar3":{"Value":1062283087,"SourceTimestamp":"2024-04-27T19:10:18.8380933Z","ServerTimestamp":"2024-04-27T19:10:18.8380943Z"}}]