[{"nsu=http://opcfoundation.org/UA/Plc/Applications;s=StepUp":{"Value":79,"SourceTimestamp":"2024-04-27T19:09:25.7333353Z","ServerTimestamp":"2024-04-27T19:09:25.7333408Z"},"nsu=http://opcfoundation.org/UA/Plc/Applications;s=RandomSignedInt32":{"Value":-1236456513,"SourceTimestamp":"2024-04-27T19:09:25.733322Z","ServerTimestamp":"2024-04-27T19:09:25.7333366Z"},"nsu=http://opcfoundation.org/UA/Plc/Applications;s=RandomUnsignedInt32":{"Value":948699584,"SourceTimestamp":"2024-04-27T19:09:25.7333217Z","ServerTimestamp":"2024-04-27T19:09:25.7333265Z"},"nsu=http://opcfoundation.org/UA/Plc/Applications;s=DipData":{"Value":36.812455268467772,"SourceTimestamp":"2024-04-27T19:09:25.7333565Z","ServerTimestamp":"2024-04-27T19:09:25.7333595Z"},"nsu=http://opcfoundation.org/UA/Plc/Applications;s=FastUIntScalar1":{"Value":7,"SourceTimestamp":"2024-04-27T19:09:24.8348758Z","ServerTimestamp":"2024-04-27T19:09:24.8348969Z"}}]