[{"nsu=http://opcfoundation.org/UA/Plc/Applications;s=FastUIntScalar2":{"Value":8,"SourceTimestamp":"2024-04-27T19:09:25.8438767Z","ServerTimestamp":"2024-04-27T19:09:25.8438788Z"},"nsu=http://opcfoundation.org/UA/Plc/Applications;s=FastUIntScalar3":{"Value":8,"SourceTimestamp":"2024-04-27T19:09:25.8438845Z","ServerTimestamp":"2024-04-27T19:09:25.8438854Z"},"nsu=http://opcfoundation.org/UA/Plc/Applications;s=FastRandomUIntScalar1":{"Value":1824511666,"SourceTimestamp":"2024-04-27T19:09:25.843805Z","ServerTimestamp":"2024-04-27T19:09:25.8438548Z"},"nsu=http://opcfoundation.org/UA/Plc/Applications;s=FastRandomUIntScalar2":{"Value":3100191692,"SourceTimestamp":"2024-04-27T19:09:25.8438645Z","ServerTimestamp":"2024-04-27T19:09:25.8438652Z"},"nsu=http://opcfoundation.org/UA/Plc/Applications;s=FastRandomUIntScalar3":{"Value":2348680235,"SourceTimestamp":"2024-04-27T19:09:25.8438667Z","ServerTimestamp":"2024-04-27T19:09:25.8438673Z"}}]