[{"nsu=http://opcfoundation.org/UA/Plc/Applications;s=StepUp":{"Value":739,"SourceTimestamp":"2024-04-27T19:10:31.7407756Z","ServerTimestamp":"2024-04-27T19:10:31.7407763Z"},"nsu=http://opcfoundation.org/UA/Plc/Applications;s=RandomSignedInt32":{"Value":926034613,"SourceTimestamp":"2024-04-27T19:10:31.7407707Z","ServerTimestamp":"2024-04-27T19:10:31.7407718Z"},"nsu=http://opcfoundation.org/UA/Plc/Applications;s=RandomUnsignedInt32":{"Value":1839930767,"SourceTimestamp":"2024-04-27T19:10:31.7407655Z","ServerTimestamp":"2024-04-27T19:10:31.7407688Z"},"nsu=http://opcfoundation.org/UA/Plc/Applications;s=DipData":{"Value":99.80267284282715,"SourceTimestamp":"2024-04-27T19:10:31.6323589Z","ServerTimestamp":"2024-04-27T19:10:31.6323674Z"},"nsu=http://opcfoundation.org/UA/Plc/Applications;s=FastUIntScalar1":{"Value":73,"SourceTimestamp":"2024-04-27T19:10:30.8405071Z","ServerTimestamp":"2024-04-27T19:10:30.8405116Z"}}]