[{"nsu=http://opcfoundation.org/UA/Plc/Applications;s=FastUIntScalar2":{"Value":77,"SourceTimestamp":"2024-04-27T19:10:34.8345292Z","ServerTimestamp":"2024-04-27T19:10:34.8345427Z"},"nsu=http://opcfoundation.org/UA/Plc/Applications;s=FastUIntScalar3":{"Value":77,"SourceTimestamp":"2024-04-27T19:10:34.8345453Z","ServerTimestamp":"2024-04-27T19:10:34.8345654Z"},"nsu=http://opcfoundation.org/UA/Plc/Applications;s=FastRandomUIntScalar1":{"Value":946948700,"SourceTimestamp":"2024-04-27T19:10:34.8345171Z","ServerTimestamp":"2024-04-27T19:10:34.8345301Z"},"nsu=http://opcfoundation.org/UA/Plc/Applications;s=FastRandomUIntScalar2":{"Value":751980281,"SourceTimestamp":"2024-04-27T19:10:34.8345427Z","ServerTimestamp":"2024-04-27T19:10:34.8345461Z"},"nsu=http://opcfoundation.org/UA/Plc/Applications;s=FastRandomUIntScalar3":{"Value":1119768977,"SourceTimestamp":"2024-04-27T19:10:34.8345649Z","ServerTimestamp":"2024-04-27T19:10:34.8345682Z"}}]