[{"nsu=http://opcfoundation.org/UA/Plc/Applications;s=FastUIntScalar2":{"Value":79,"SourceTimestamp":"2024-04-27T19:10:36.838952Z","ServerTimestamp":"2024-04-27T19:10:36.8389526Z"},"nsu=http://opcfoundation.org/UA/Plc/Applications;s=FastUIntScalar3":{"Value":79,"SourceTimestamp":"2024-04-27T19:10:36.8389541Z","ServerTimestamp":"2024-04-27T19:10:36.8389546Z"},"nsu=http://opcfoundation.org/UA/Plc/Applications;s=FastRandomUIntScalar1":{"Value":2430426418,"SourceTimestamp":"2024-04-27T19:10:36.8389638Z","ServerTimestamp":"2024-04-27T19:10:36.8389656Z"},"nsu=http://opcfoundation.org/UA/Plc/Applications;s=FastRandomUIntScalar2":{"Value":3350079229,"SourceTimestamp":"2024-04-27T19:10:36.8389723Z","ServerTimestamp":"2024-04-27T19:10:36.8389728Z"},"nsu=http://opcfoundation.org/UA/Plc/Applications;s=FastRandomUIntScalar3":{"Value":1615475214,"SourceTimestamp":"2024-04-27T19:10:36.8389739Z","ServerTimestamp":"2024-04-27T19:10:36.8389744Z"}}]