[{"nsu=http://opcfoundation.org/UA/Plc/Applications;s=StepUp":{"Value":799,"SourceTimestamp":"2024-04-27T19:10:37.733586Z","ServerTimestamp":"2024-04-27T19:10:37.7336127Z"},"nsu=http://opcfoundation.org/UA/Plc/Applications;s=RandomSignedInt32":{"Value":1519794838,"SourceTimestamp":"2024-04-27T19:10:37.7335866Z","ServerTimestamp":"2024-04-27T19:10:37.7335929Z"},"nsu=http://opcfoundation.org/UA/Plc/Applications;s=RandomUnsignedInt32":{"Value":877326931,"SourceTimestamp":"2024-04-27T19:10:37.7335867Z","ServerTimestamp":"2024-04-27T19:10:37.7336287Z"},"nsu=http://opcfoundation.org/UA/Plc/Applications;s=DipData":{"Value":24.868988716485479,"SourceTimestamp":"2024-04-27T19:10:37.7335787Z","ServerTimestamp":"2024-04-27T19:10:37.7335801Z"},"nsu=http://opcfoundation.org/UA/Plc/Applications;s=FastUIntScalar1":{"Value":79,"SourceTimestamp":"2024-04-27T19:10:36.8389397Z","ServerTimestamp":"2024-04-27T19:10:36.8389422Z"}}]