[{"nsu=http://opcfoundation.org/UA/Plc/Applications;s=StepUp":{"Value":99,"SourceTimestamp":"2024-04-27T19:09:27.738895Z","ServerTimestamp":"2024-04-27T19:09:27.7389006Z"},"nsu=http://opcfoundation.org/UA/Plc/Applications;s=RandomSignedInt32":{"Value":2009126478,"SourceTimestamp":"2024-04-27T19:09:27.7388911Z","ServerTimestamp":"2024-04-27T19:09:27.7388936Z"},"nsu=http://opcfoundation.org/UA/Plc/Applications;s=RandomUnsignedInt32":{"Value":1726343879,"SourceTimestamp":"2024-04-27T19:09:27.7388842Z","ServerTimestamp":"2024-04-27T19:09:27.7389443Z"},"nsu=http://opcfoundation.org/UA/Plc/Applications;s=DipData":{"Value":24.868988716485479,"SourceTimestamp":"2024-04-27T19:09:27.7388941Z","ServerTimestamp":"2024-04-27T19:09:27.738904Z"}}]