[{"nsu=http://opcfoundation.org/UA/Plc/Applications;s=FastUIntScalar2":{"Value":81,"SourceTimestamp":"2024-04-27T19:10:38.8421104Z","ServerTimestamp":"2024-04-27T19:10:38.8421157Z"},"nsu=http://opcfoundation.org/UA/Plc/Applications;s=FastUIntScalar3":{"Value":81,"SourceTimestamp":"2024-04-27T19:10:38.8421169Z","ServerTimestamp":"2024-04-27T19:10:38.8421182Z"},"nsu=http://opcfoundation.org/UA/Plc/Applications;s=FastRandomUIntScalar1":{"Value":1477420988,"SourceTimestamp":"2024-04-27T19:10:38.8421017Z","ServerTimestamp":"2024-04-27T19:10:38.8421106Z"},"nsu=http://opcfoundation.org/UA/Plc/Applications;s=FastRandomUIntScalar2":{"Value":941508807,"SourceTimestamp":"2024-04-27T19:10:38.8421158Z","ServerTimestamp":"2024-04-27T19:10:38.8421171Z"},"nsu=http://opcfoundation.org/UA/Plc/Applications;s=FastRandomUIntScalar3":{"Value":1784829413,"SourceTimestamp":"2024-04-27T19:10:38.8421182Z","ServerTimestamp":"2024-04-27T19:10:38.8421197Z"}}]