[{"nsu=http://opcfoundation.org/UA/Plc/Applications;s=SlowUIntScalar1":{"Value":8,"SourceTimestamp":"2024-04-27T19:10:37.8419394Z","ServerTimestamp":"2024-04-27T19:10:37.8419422Z"},"nsu=http://opcfoundation.org/UA/Plc/Applications;s=SlowUIntScalar2":{"Value":8,"SourceTimestamp":"2024-04-27T19:10:37.8419533Z","ServerTimestamp":"2024-04-27T19:10:37.8419539Z"},"nsu=http://opcfoundation.org/UA/Plc/Applications;s=SlowUIntScalar3":{"Value":8,"SourceTimestamp":"2024-04-27T19:10:37.8419551Z","ServerTimestamp":"2024-04-27T19:10:37.8419558Z"},"nsu=http://opcfoundation.org/UA/Plc/Applications;s=BadSlowUIntScalar1":{"Value":8,"StatusCode":{"Symbol":"UncertainLastUsableValue","Code":1083179008},"SourceTimestamp":"2024-04-27T19:10:37.8419693Z","ServerTimestamp":"2024-04-27T19:10:37.8419827Z"}}]