[{"nsu=http://opcfoundation.org/UA/Plc/Applications;s=StepUp":{"Value":819,"SourceTimestamp":"2024-04-27T19:10:39.7325645Z","ServerTimestamp":"2024-04-27T19:10:39.7325679Z"},"nsu=http://opcfoundation.org/UA/Plc/Applications;s=RandomSignedInt32":{"Value":57730475,"SourceTimestamp":"2024-04-27T19:10:39.7325629Z","ServerTimestamp":"2024-04-27T19:10:39.732564Z"},"nsu=http://opcfoundation.org/UA/Plc/Applications;s=RandomUnsignedInt32":{"Value":2129574770,"SourceTimestamp":"2024-04-27T19:10:39.7325522Z","ServerTimestamp":"2024-04-27T19:10:39.7325567Z"},"nsu=http://opcfoundation.org/UA/Plc/Applications;s=DipData":{"Value":-77.051324277578942,"SourceTimestamp":"2024-04-27T19:10:39.7325412Z","ServerTimestamp":"2024-04-27T19:10:39.7325495Z"},"nsu=http://opcfoundation.org/UA/Plc/Applications;s=FastUIntScalar1":{"Value":81,"SourceTimestamp":"2024-04-27T19:10:38.8421006Z","ServerTimestamp":"2024-04-27T19:10:38.8421025Z"}}]