[{"nsu=http://opcfoundation.org/UA/Plc/Applications;s=StepUp":{"Value":839,"SourceTimestamp":"2024-04-27T19:10:41.7370993Z","ServerTimestamp":"2024-04-27T19:10:41.7371001Z"},"nsu=http://opcfoundation.org/UA/Plc/Applications;s=RandomSignedInt32":{"Value":1478750344,"SourceTimestamp":"2024-04-27T19:10:41.7371002Z","ServerTimestamp":"2024-04-27T19:10:41.7371029Z"},"nsu=http://opcfoundation.org/UA/Plc/Applications;s=RandomUnsignedInt32":{"Value":871436966,"SourceTimestamp":"2024-04-27T19:10:41.7370917Z","ServerTimestamp":"2024-04-27T19:10:41.737097Z"},"nsu=http://opcfoundation.org/UA/Plc/Applications;s=DipData":{"Value":99.80267284282715,"SourceTimestamp":"2024-04-27T19:10:41.6435065Z","ServerTimestamp":"2024-04-27T19:10:41.6435486Z"},"nsu=http://opcfoundation.org/UA/Plc/Applications;s=FastUIntScalar1":{"Value":83,"SourceTimestamp":"2024-04-27T19:10:40.8317655Z","ServerTimestamp":"2024-04-27T19:10:40.8317746Z"}}]