[{"nsu=http://opcfoundation.org/UA/Plc/Applications;s=FastUIntScalar2":{"Value":84,"SourceTimestamp":"2024-04-27T19:10:41.8321576Z","ServerTimestamp":"2024-04-27T19:10:41.8321653Z"},"nsu=http://opcfoundation.org/UA/Plc/Applications;s=FastUIntScalar3":{"Value":84,"SourceTimestamp":"2024-04-27T19:10:41.8321667Z","ServerTimestamp":"2024-04-27T19:10:41.8321684Z"},"nsu=http://opcfoundation.org/UA/Plc/Applications;s=FastRandomUIntScalar1":{"Value":2094102047,"SourceTimestamp":"2024-04-27T19:10:41.8321464Z","ServerTimestamp":"2024-04-27T19:10:41.8321585Z"},"nsu=http://opcfoundation.org/UA/Plc/Applications;s=FastRandomUIntScalar2":{"Value":2367679847,"SourceTimestamp":"2024-04-27T19:10:41.8321655Z","ServerTimestamp":"2024-04-27T19:10:41.8321668Z"},"nsu=http://opcfoundation.org/UA/Plc/Applications;s=FastRandomUIntScalar3":{"Value":1645448499,"SourceTimestamp":"2024-04-27T19:10:41.8321684Z","ServerTimestamp":"2024-04-27T19:10:41.8321698Z"}}]