[{"nsu=http://opcfoundation.org/UA/Plc/Applications;s=StepUp":{"Value":869,"SourceTimestamp":"2024-04-27T19:10:44.7329764Z","ServerTimestamp":"2024-04-27T19:10:44.7329791Z"},"nsu=http://opcfoundation.org/UA/Plc/Applications;s=RandomSignedInt32":{"Value":1816891680,"SourceTimestamp":"2024-04-27T19:10:44.7329751Z","ServerTimestamp":"2024-04-27T19:10:44.732976Z"},"nsu=http://opcfoundation.org/UA/Plc/Applications;s=RandomUnsignedInt32":{"Value":814978714,"SourceTimestamp":"2024-04-27T19:10:44.732982Z","ServerTimestamp":"2024-04-27T19:10:44.7329842Z"},"nsu=http://opcfoundation.org/UA/Plc/Applications;s=DipData":{"Value":-77.051324277578942,"SourceTimestamp":"2024-04-27T19:10:44.7329695Z","ServerTimestamp":"2024-04-27T19:10:44.7329708Z"},"nsu=http://opcfoundation.org/UA/Plc/Applications;s=FastUIntScalar1":{"Value":86,"SourceTimestamp":"2024-04-27T19:10:43.8291581Z","ServerTimestamp":"2024-04-27T19:10:43.8291652Z"}}]