[{"nsu=http://opcfoundation.org/UA/Plc/Applications;s=StepUp":{"Value":889,"SourceTimestamp":"2024-04-27T19:10:46.7395971Z","ServerTimestamp":"2024-04-27T19:10:46.7395984Z"},"nsu=http://opcfoundation.org/UA/Plc/Applications;s=RandomSignedInt32":{"Value":-985238755,"SourceTimestamp":"2024-04-27T19:10:46.7395927Z","ServerTimestamp":"2024-04-27T19:10:46.7395934Z"},"nsu=http://opcfoundation.org/UA/Plc/Applications;s=RandomUnsignedInt32":{"Value":1580870323,"SourceTimestamp":"2024-04-27T19:10:46.7395613Z","ServerTimestamp":"2024-04-27T19:10:46.739585Z"},"nsu=http://opcfoundation.org/UA/Plc/Applications;s=DipData":{"Value":99.80267284282715,"SourceTimestamp":"2024-04-27T19:10:46.6299948Z","ServerTimestamp":"2024-04-27T19:10:46.6299958Z"},"nsu=http://opcfoundation.org/UA/Plc/Applications;s=FastUIntScalar1":{"Value":88,"SourceTimestamp":"2024-04-27T19:10:45.8348088Z","ServerTimestamp":"2024-04-27T19:10:45.8348109Z"}}]