[{"nsu=http://opcfoundation.org/UA/Plc/Applications;s=StepUp":{"Value":899,"SourceTimestamp":"2024-04-27T19:10:47.7287909Z","ServerTimestamp":"2024-04-27T19:10:47.7288321Z"},"nsu=http://opcfoundation.org/UA/Plc/Applications;s=RandomSignedInt32":{"Value":1806322561,"SourceTimestamp":"2024-04-27T19:10:47.7287959Z","ServerTimestamp":"2024-04-27T19:10:47.7287996Z"},"nsu=http://opcfoundation.org/UA/Plc/Applications;s=RandomUnsignedInt32":{"Value":776443296,"SourceTimestamp":"2024-04-27T19:10:47.7287848Z","ServerTimestamp":"2024-04-27T19:10:47.7287856Z"},"nsu=http://opcfoundation.org/UA/Plc/Applications;s=DipData":{"Value":24.868988716485479,"SourceTimestamp":"2024-04-27T19:10:47.7287851Z","ServerTimestamp":"2024-04-27T19:10:47.7287889Z"},"nsu=http://opcfoundation.org/UA/Plc/Applications;s=FastUIntScalar1":{"Value":89,"SourceTimestamp":"2024-04-27T19:10:46.8310724Z","ServerTimestamp":"2024-04-27T19:10:46.8310748Z"}}]