[{"nsu=http://opcfoundation.org/UA/Plc/Applications;s=FastUIntScalar2":{"Value":11,"SourceTimestamp":"2024-04-27T19:09:28.838945Z","ServerTimestamp":"2024-04-27T19:09:28.8389486Z"},"nsu=http://opcfoundation.org/UA/Plc/Applications;s=FastUIntScalar3":{"Value":11,"SourceTimestamp":"2024-04-27T19:09:28.8389506Z","ServerTimestamp":"2024-04-27T19:09:28.8389527Z"},"nsu=http://opcfoundation.org/UA/Plc/Applications;s=FastRandomUIntScalar1":{"Value":725947480,"SourceTimestamp":"2024-04-27T19:09:28.8389176Z","ServerTimestamp":"2024-04-27T19:09:28.838921Z"},"nsu=http://opcfoundation.org/UA/Plc/Applications;s=FastRandomUIntScalar2":{"Value":4044788293,"SourceTimestamp":"2024-04-27T19:09:28.8389341Z","ServerTimestamp":"2024-04-27T19:09:28.8389456Z"},"nsu=http://opcfoundation.org/UA/Plc/Applications;s=FastRandomUIntScalar3":{"Value":3699296169,"SourceTimestamp":"2024-04-27T19:09:28.8389479Z","ServerTimestamp":"2024-04-27T19:09:28.8389511Z"}}]