[{"nsu=http://opcfoundation.org/UA/Plc/Applications;s=SlowUIntScalar1":{"Value":1,"SourceTimestamp":"2024-04-27T19:09:27.8329664Z","ServerTimestamp":"2024-04-27T19:09:27.8329702Z"},"nsu=http://opcfoundation.org/UA/Plc/Applications;s=SlowUIntScalar2":{"Value":1,"SourceTimestamp":"2024-04-27T19:09:27.8329832Z","ServerTimestamp":"2024-04-27T19:09:27.8329844Z"},"nsu=http://opcfoundation.org/UA/Plc/Applications;s=SlowUIntScalar3":{"Value":1,"SourceTimestamp":"2024-04-27T19:09:27.8329868Z","ServerTimestamp":"2024-04-27T19:09:27.8329879Z"},"nsu=http://opcfoundation.org/UA/Plc/Applications;s=BadSlowUIntScalar1":{"Value":1,"SourceTimestamp":"2024-04-27T19:09:27.8329904Z","ServerTimestamp":"2024-04-27T19:09:27.8329913Z"}}]