[{"nsu=http://opcfoundation.org/UA/Plc/Applications;s=StepUp":{"Value":969,"SourceTimestamp":"2024-04-27T19:10:54.7417891Z","ServerTimestamp":"2024-04-27T19:10:54.7417902Z"},"nsu=http://opcfoundation.org/UA/Plc/Applications;s=RandomSignedInt32":{"Value":987838939,"SourceTimestamp":"2024-04-27T19:10:54.7417759Z","ServerTimestamp":"2024-04-27T19:10:54.7417934Z"},"nsu=http://opcfoundation.org/UA/Plc/Applications;s=RandomUnsignedInt32":{"Value":797049728,"SourceTimestamp":"2024-04-27T19:10:54.7417668Z","ServerTimestamp":"2024-04-27T19:10:54.7417718Z"},"nsu=http://opcfoundation.org/UA/Plc/Applications;s=DipData":{"Value":-77.051324277578942,"SourceTimestamp":"2024-04-27T19:10:54.7417691Z","ServerTimestamp":"2024-04-27T19:10:54.7417797Z"},"nsu=http://opcfoundation.org/UA/Plc/Applications;s=FastUIntScalar1":{"Value":96,"SourceTimestamp":"2024-04-27T19:10:53.841179Z","ServerTimestamp":"2024-04-27T19:10:53.8411843Z"}}]