[{"nsu=http://opcfoundation.org/UA/Plc/Applications;s=FastUIntScalar2":{"Value":97,"SourceTimestamp":"2024-04-27T19:10:54.8331358Z","ServerTimestamp":"2024-04-27T19:10:54.8331369Z"},"nsu=http://opcfoundation.org/UA/Plc/Applications;s=FastUIntScalar3":{"Value":97,"SourceTimestamp":"2024-04-27T19:10:54.833139Z","ServerTimestamp":"2024-04-27T19:10:54.8331465Z"},"nsu=http://opcfoundation.org/UA/Plc/Applications;s=FastRandomUIntScalar1":{"Value":2744197358,"SourceTimestamp":"2024-04-27T19:10:54.8331141Z","ServerTimestamp":"2024-04-27T19:10:54.83314Z"},"nsu=http://opcfoundation.org/UA/Plc/Applications;s=FastRandomUIntScalar2":{"Value":515184212,"SourceTimestamp":"2024-04-27T19:10:54.8331467Z","ServerTimestamp":"2024-04-27T19:10:54.8331478Z"},"nsu=http://opcfoundation.org/UA/Plc/Applications;s=FastRandomUIntScalar3":{"Value":1231782831,"SourceTimestamp":"2024-04-27T19:10:54.8331494Z","ServerTimestamp":"2024-04-27T19:10:54.8331503Z"}}]