[{"nsu=http://opcfoundation.org/UA/Plc/Applications;s=StepUp":{"Value":979,"SourceTimestamp":"2024-04-27T19:10:55.7420007Z","ServerTimestamp":"2024-04-27T19:10:55.7420068Z"},"nsu=http://opcfoundation.org/UA/Plc/Applications;s=RandomSignedInt32":{"Value":1852663239,"SourceTimestamp":"2024-04-27T19:10:55.7419905Z","ServerTimestamp":"2024-04-27T19:10:55.7420192Z"},"nsu=http://opcfoundation.org/UA/Plc/Applications;s=RandomUnsignedInt32":{"Value":47000593,"SourceTimestamp":"2024-04-27T19:10:55.7419763Z","ServerTimestamp":"2024-04-27T19:10:55.7419863Z"},"nsu=http://opcfoundation.org/UA/Plc/Applications;s=DipData":{"Value":36.812455268467772,"SourceTimestamp":"2024-04-27T19:10:55.7419894Z","ServerTimestamp":"2024-04-27T19:10:55.7419981Z"},"nsu=http://opcfoundation.org/UA/Plc/Applications;s=FastUIntScalar1":{"Value":97,"SourceTimestamp":"2024-04-27T19:10:54.8331137Z","ServerTimestamp":"2024-04-27T19:10:54.8331154Z"}}]