[{"nsu=http://opcfoundation.org/UA/Plc/Applications;s=StepUp":{"Value":989,"SourceTimestamp":"2024-04-27T19:10:56.7397905Z","ServerTimestamp":"2024-04-27T19:10:56.739863Z"},"nsu=http://opcfoundation.org/UA/Plc/Applications;s=RandomSignedInt32":{"Value":-1263907828,"SourceTimestamp":"2024-04-27T19:10:56.7397633Z","ServerTimestamp":"2024-04-27T19:10:56.7397726Z"},"nsu=http://opcfoundation.org/UA/Plc/Applications;s=RandomUnsignedInt32":{"Value":1435972655,"SourceTimestamp":"2024-04-27T19:10:56.7397583Z","ServerTimestamp":"2024-04-27T19:10:56.7397607Z"},"nsu=http://opcfoundation.org/UA/Plc/Applications;s=DipData":{"Value":99.80267284282715,"SourceTimestamp":"2024-04-27T19:10:56.6296161Z","ServerTimestamp":"2024-04-27T19:10:56.6296176Z"},"nsu=http://opcfoundation.org/UA/Plc/Applications;s=FastUIntScalar1":{"Value":98,"SourceTimestamp":"2024-04-27T19:10:55.835933Z","ServerTimestamp":"2024-04-27T19:10:55.8359363Z"}}]