[{"nsu=http://opcfoundation.org/UA/Plc/Applications;s=FastUIntScalar2":{"Value":99,"SourceTimestamp":"2024-04-27T19:10:56.8342627Z","ServerTimestamp":"2024-04-27T19:10:56.8342636Z"},"nsu=http://opcfoundation.org/UA/Plc/Applications;s=FastUIntScalar3":{"Value":99,"SourceTimestamp":"2024-04-27T19:10:56.8342655Z","ServerTimestamp":"2024-04-27T19:10:56.8342663Z"},"nsu=http://opcfoundation.org/UA/Plc/Applications;s=FastRandomUIntScalar1":{"Value":3338523688,"SourceTimestamp":"2024-04-27T19:10:56.8342909Z","ServerTimestamp":"2024-04-27T19:10:56.8342942Z"},"nsu=http://opcfoundation.org/UA/Plc/Applications;s=FastRandomUIntScalar2":{"Value":2657928575,"SourceTimestamp":"2024-04-27T19:10:56.8343062Z","ServerTimestamp":"2024-04-27T19:10:56.8343073Z"},"nsu=http://opcfoundation.org/UA/Plc/Applications;s=FastRandomUIntScalar3":{"Value":3413000097,"SourceTimestamp":"2024-04-27T19:10:56.8343094Z","ServerTimestamp":"2024-04-27T19:10:56.8343104Z"}}]