[{"nsu=http://opcfoundation.org/UA/Plc/Applications;s=FastUIntScalar2":{"Value":2,"SourceTimestamp":"2024-04-27T19:09:19.8343958Z","ServerTimestamp":"2024-04-27T19:09:19.834397Z"},"nsu=http://opcfoundation.org/UA/Plc/Applications;s=FastUIntScalar3":{"Value":2,"SourceTimestamp":"2024-04-27T19:09:19.8343992Z","ServerTimestamp":"2024-04-27T19:09:19.8344003Z"},"nsu=http://opcfoundation.org/UA/Plc/Applications;s=FastRandomUIntScalar1":{"Value":833009859,"SourceTimestamp":"2024-04-27T19:09:19.8344136Z","ServerTimestamp":"2024-04-27T19:09:19.8344168Z"},"nsu=http://opcfoundation.org/UA/Plc/Applications;s=FastRandomUIntScalar2":{"Value":2110670779,"SourceTimestamp":"2024-04-27T19:09:19.8344268Z","ServerTimestamp":"2024-04-27T19:09:19.8344278Z"},"nsu=http://opcfoundation.org/UA/Plc/Applications;s=FastRandomUIntScalar3":{"Value":688199205,"SourceTimestamp":"2024-04-27T19:09:19.8344299Z","ServerTimestamp":"2024-04-27T19:09:19.8344308Z"}}]