[{"nsu=http://opcfoundation.org/UA/Plc/Applications;s=FastUIntScalar2":{"Value":101,"SourceTimestamp":"2024-04-27T19:10:58.842126Z","ServerTimestamp":"2024-04-27T19:10:58.8421319Z"},"nsu=http://opcfoundation.org/UA/Plc/Applications;s=FastUIntScalar3":{"Value":101,"SourceTimestamp":"2024-04-27T19:10:58.8421345Z","ServerTimestamp":"2024-04-27T19:10:58.8421366Z"},"nsu=http://opcfoundation.org/UA/Plc/Applications;s=FastRandomUIntScalar1":{"Value":1224350576,"SourceTimestamp":"2024-04-27T19:10:58.8421221Z","ServerTimestamp":"2024-04-27T19:10:58.8421266Z"},"nsu=http://opcfoundation.org/UA/Plc/Applications;s=FastRandomUIntScalar2":{"Value":2286262445,"SourceTimestamp":"2024-04-27T19:10:58.8421322Z","ServerTimestamp":"2024-04-27T19:10:58.8421343Z"},"nsu=http://opcfoundation.org/UA/Plc/Applications;s=FastRandomUIntScalar3":{"Value":2098523629,"SourceTimestamp":"2024-04-27T19:10:58.8421367Z","ServerTimestamp":"2024-04-27T19:10:58.8421387Z"}}]