[{"nsu=http://opcfoundation.org/UA/Plc/Applications;s=StepUp":{"Value":1039,"SourceTimestamp":"2024-04-27T19:11:01.7309482Z","ServerTimestamp":"2024-04-27T19:11:01.7310005Z"},"nsu=http://opcfoundation.org/UA/Plc/Applications;s=RandomSignedInt32":{"Value":1901038127,"SourceTimestamp":"2024-04-27T19:11:01.7309412Z","ServerTimestamp":"2024-04-27T19:11:01.7309432Z"},"nsu=http://opcfoundation.org/UA/Plc/Applications;s=RandomUnsignedInt32":{"Value":1677199007,"SourceTimestamp":"2024-04-27T19:11:01.730935Z","ServerTimestamp":"2024-04-27T19:11:01.730968Z"},"nsu=http://opcfoundation.org/UA/Plc/Applications;s=DipData":{"Value":99.80267284282715,"SourceTimestamp":"2024-04-27T19:11:01.6389591Z","ServerTimestamp":"2024-04-27T19:11:01.6389612Z"},"nsu=http://opcfoundation.org/UA/Plc/Applications;s=FastUIntScalar1":{"Value":103,"SourceTimestamp":"2024-04-27T19:11:00.8306877Z","ServerTimestamp":"2024-04-27T19:11:00.8306898Z"}}]