[{"nsu=http://opcfoundation.org/UA/Plc/Applications;s=FastUIntScalar2":{"Value":105,"SourceTimestamp":"2024-04-27T19:11:02.8312866Z","ServerTimestamp":"2024-04-27T19:11:02.8312889Z"},"nsu=http://opcfoundation.org/UA/Plc/Applications;s=FastUIntScalar3":{"Value":105,"SourceTimestamp":"2024-04-27T19:11:02.8312913Z","ServerTimestamp":"2024-04-27T19:11:02.8312935Z"},"nsu=http://opcfoundation.org/UA/Plc/Applications;s=FastRandomUIntScalar1":{"Value":793314589,"SourceTimestamp":"2024-04-27T19:11:02.8312568Z","ServerTimestamp":"2024-04-27T19:11:02.83126Z"},"nsu=http://opcfoundation.org/UA/Plc/Applications;s=FastRandomUIntScalar2":{"Value":326719193,"SourceTimestamp":"2024-04-27T19:11:02.8312722Z","ServerTimestamp":"2024-04-27T19:11:02.8312865Z"},"nsu=http://opcfoundation.org/UA/Plc/Applications;s=FastRandomUIntScalar3":{"Value":3139645755,"SourceTimestamp":"2024-04-27T19:11:02.8312889Z","ServerTimestamp":"2024-04-27T19:11:02.8312914Z"}}]