[{"nsu=http://opcfoundation.org/UA/Plc/Applications;s=FastUIntScalar2":{"Value":106,"SourceTimestamp":"2024-04-27T19:11:03.8406041Z","ServerTimestamp":"2024-04-27T19:11:03.8406232Z"},"nsu=http://opcfoundation.org/UA/Plc/Applications;s=FastUIntScalar3":{"Value":106,"SourceTimestamp":"2024-04-27T19:11:03.8406261Z","ServerTimestamp":"2024-04-27T19:11:03.8406287Z"},"nsu=http://opcfoundation.org/UA/Plc/Applications;s=FastRandomUIntScalar1":{"Value":3282453570,"SourceTimestamp":"2024-04-27T19:11:03.8406021Z","ServerTimestamp":"2024-04-27T19:11:03.8406055Z"},"nsu=http://opcfoundation.org/UA/Plc/Applications;s=FastRandomUIntScalar2":{"Value":179618057,"SourceTimestamp":"2024-04-27T19:11:03.8406233Z","ServerTimestamp":"2024-04-27T19:11:03.8406262Z"},"nsu=http://opcfoundation.org/UA/Plc/Applications;s=FastRandomUIntScalar3":{"Value":1199802181,"SourceTimestamp":"2024-04-27T19:11:03.8406294Z","ServerTimestamp":"2024-04-27T19:11:03.8406311Z"}}]