[{"nsu=http://opcfoundation.org/UA/Plc/Applications;s=StepUp":{"Value":1069,"SourceTimestamp":"2024-04-27T19:11:04.7383576Z","ServerTimestamp":"2024-04-27T19:11:04.7383658Z"},"nsu=http://opcfoundation.org/UA/Plc/Applications;s=RandomSignedInt32":{"Value":2059173419,"SourceTimestamp":"2024-04-27T19:11:04.7383565Z","ServerTimestamp":"2024-04-27T19:11:04.7383609Z"},"nsu=http://opcfoundation.org/UA/Plc/Applications;s=RandomUnsignedInt32":{"Value":19994997,"SourceTimestamp":"2024-04-27T19:11:04.7383696Z","ServerTimestamp":"2024-04-27T19:11:04.7383724Z"},"nsu=http://opcfoundation.org/UA/Plc/Applications;s=DipData":{"Value":-77.051324277578942,"SourceTimestamp":"2024-04-27T19:11:04.7383468Z","ServerTimestamp":"2024-04-27T19:11:04.7383534Z"},"nsu=http://opcfoundation.org/UA/Plc/Applications;s=FastUIntScalar1":{"Value":106,"SourceTimestamp":"2024-04-27T19:11:03.8405888Z","ServerTimestamp":"2024-04-27T19:11:03.8405922Z"}}]