[{"nsu=http://opcfoundation.org/UA/Plc/Applications;s=FastUIntScalar2":{"Value":108,"SourceTimestamp":"2024-04-27T19:11:05.8381383Z","ServerTimestamp":"2024-04-27T19:11:05.8381442Z"},"nsu=http://opcfoundation.org/UA/Plc/Applications;s=FastUIntScalar3":{"Value":108,"SourceTimestamp":"2024-04-27T19:11:05.8381465Z","ServerTimestamp":"2024-04-27T19:11:05.8381515Z"},"nsu=http://opcfoundation.org/UA/Plc/Applications;s=FastRandomUIntScalar1":{"Value":4108611610,"SourceTimestamp":"2024-04-27T19:11:05.8381232Z","ServerTimestamp":"2024-04-27T19:11:05.8381387Z"},"nsu=http://opcfoundation.org/UA/Plc/Applications;s=FastRandomUIntScalar2":{"Value":2967779477,"SourceTimestamp":"2024-04-27T19:11:05.8381441Z","ServerTimestamp":"2024-04-27T19:11:05.838147Z"},"nsu=http://opcfoundation.org/UA/Plc/Applications;s=FastRandomUIntScalar3":{"Value":2286282889,"SourceTimestamp":"2024-04-27T19:11:05.838151Z","ServerTimestamp":"2024-04-27T19:11:05.8381543Z"}}]