[{"nsu=http://opcfoundation.org/UA/Plc/Applications;s=FastUIntScalar2":{"Value":109,"SourceTimestamp":"2024-04-27T19:11:06.8437765Z","ServerTimestamp":"2024-04-27T19:11:06.8437908Z"},"nsu=http://opcfoundation.org/UA/Plc/Applications;s=FastUIntScalar3":{"Value":109,"SourceTimestamp":"2024-04-27T19:11:06.8437938Z","ServerTimestamp":"2024-04-27T19:11:06.8437972Z"},"nsu=http://opcfoundation.org/UA/Plc/Applications;s=FastRandomUIntScalar1":{"Value":2257154839,"SourceTimestamp":"2024-04-27T19:11:06.843759Z","ServerTimestamp":"2024-04-27T19:11:06.8437774Z"},"nsu=http://opcfoundation.org/UA/Plc/Applications;s=FastRandomUIntScalar2":{"Value":2106755136,"SourceTimestamp":"2024-04-27T19:11:06.8437909Z","ServerTimestamp":"2024-04-27T19:11:06.8437942Z"},"nsu=http://opcfoundation.org/UA/Plc/Applications;s=FastRandomUIntScalar3":{"Value":2082510512,"SourceTimestamp":"2024-04-27T19:11:06.8437967Z","ServerTimestamp":"2024-04-27T19:11:06.843801Z"}}]