[{"nsu=http://opcfoundation.org/UA/Plc/Applications;s=StepUp":{"Value":1139,"SourceTimestamp":"2024-04-27T19:11:11.7290993Z","ServerTimestamp":"2024-04-27T19:11:11.7291055Z"},"nsu=http://opcfoundation.org/UA/Plc/Applications;s=RandomSignedInt32":{"Value":-2061878054,"SourceTimestamp":"2024-04-27T19:11:11.7290499Z","ServerTimestamp":"2024-04-27T19:11:11.7292391Z"},"nsu=http://opcfoundation.org/UA/Plc/Applications;s=RandomUnsignedInt32":{"Value":2114170391,"SourceTimestamp":"2024-04-27T19:11:11.7290559Z","ServerTimestamp":"2024-04-27T19:11:11.7292743Z"},"nsu=http://opcfoundation.org/UA/Plc/Applications;s=DipData":{"Value":99.80267284282715,"SourceTimestamp":"2024-04-27T19:11:11.6373364Z","ServerTimestamp":"2024-04-27T19:11:11.6373404Z"},"nsu=http://opcfoundation.org/UA/Plc/Applications;s=FastUIntScalar1":{"Value":113,"SourceTimestamp":"2024-04-27T19:11:10.8299343Z","ServerTimestamp":"2024-04-27T19:11:10.8299582Z"}}]