[{"nsu=http://opcfoundation.org/UA/Plc/Applications;s=StepUp":{"Value":1159,"SourceTimestamp":"2024-04-27T19:11:13.7433225Z","ServerTimestamp":"2024-04-27T19:11:13.7433247Z"},"nsu=http://opcfoundation.org/UA/Plc/Applications;s=AlternatingBoolean":{"Value":false,"SourceTimestamp":"2024-04-27T19:11:12.9355262Z","ServerTimestamp":"2024-04-27T19:11:12.9355284Z"},"nsu=http://opcfoundation.org/UA/Plc/Applications;s=RandomSignedInt32":{"Value":-2051479857,"SourceTimestamp":"2024-04-27T19:11:13.7433129Z","ServerTimestamp":"2024-04-27T19:11:13.7433146Z"},"nsu=http://opcfoundation.org/UA/Plc/Applications;s=RandomUnsignedInt32":{"Value":1657424403,"SourceTimestamp":"2024-04-27T19:11:13.7433Z","ServerTimestamp":"2024-04-27T19:11:13.7433078Z"},"nsu=http://opcfoundation.org/UA/Plc/Applications;s=DipData":{"Value":-84.432792550201498,"SourceTimestamp":"2024-04-27T19:11:13.7432986Z","ServerTimestamp":"2024-04-27T19:11:13.7433228Z"},"nsu=http://opcfoundation.org/UA/Plc/Applications;s=FastUIntScalar1":{"Value":115,"SourceTimestamp":"2024-04-27T19:11:12.8419615Z","ServerTimestamp":"2024-04-27T19:11:12.8419636Z"}}]