[{"nsu=http://opcfoundation.org/UA/Plc/Applications;s=StepUp":{"Value":1169,"SourceTimestamp":"2024-04-27T19:11:14.7363387Z","ServerTimestamp":"2024-04-27T19:11:14.7363772Z"},"nsu=http://opcfoundation.org/UA/Plc/Applications;s=RandomSignedInt32":{"Value":-1148273072,"SourceTimestamp":"2024-04-27T19:11:14.7363369Z","ServerTimestamp":"2024-04-27T19:11:14.7363482Z"},"nsu=http://opcfoundation.org/UA/Plc/Applications;s=RandomUnsignedInt32":{"Value":1298271667,"SourceTimestamp":"2024-04-27T19:11:14.7363243Z","ServerTimestamp":"2024-04-27T19:11:14.7363315Z"},"nsu=http://opcfoundation.org/UA/Plc/Applications;s=DipData":{"Value":-77.051324277578942,"SourceTimestamp":"2024-04-27T19:11:14.7363271Z","ServerTimestamp":"2024-04-27T19:11:14.7363608Z"},"nsu=http://opcfoundation.org/UA/Plc/Applications;s=FastUIntScalar1":{"Value":116,"SourceTimestamp":"2024-04-27T19:11:13.8372153Z","ServerTimestamp":"2024-04-27T19:11:13.8372194Z"}}]