[{"nsu=http://opcfoundation.org/UA/Plc/Applications;s=FastUIntScalar2":{"Value":117,"SourceTimestamp":"2024-04-27T19:11:14.8296407Z","ServerTimestamp":"2024-04-27T19:11:14.8296524Z"},"nsu=http://opcfoundation.org/UA/Plc/Applications;s=FastUIntScalar3":{"Value":117,"SourceTimestamp":"2024-04-27T19:11:14.8296541Z","ServerTimestamp":"2024-04-27T19:11:14.829655Z"},"nsu=http://opcfoundation.org/UA/Plc/Applications;s=FastRandomUIntScalar1":{"Value":2248755728,"SourceTimestamp":"2024-04-27T19:11:14.8296306Z","ServerTimestamp":"2024-04-27T19:11:14.8296417Z"},"nsu=http://opcfoundation.org/UA/Plc/Applications;s=FastRandomUIntScalar2":{"Value":2080824351,"SourceTimestamp":"2024-04-27T19:11:14.8296521Z","ServerTimestamp":"2024-04-27T19:11:14.8296568Z"},"nsu=http://opcfoundation.org/UA/Plc/Applications;s=FastRandomUIntScalar3":{"Value":391414554,"SourceTimestamp":"2024-04-27T19:11:14.8296584Z","ServerTimestamp":"2024-04-27T19:11:14.8296598Z"}}]