[{"nsu=http://opcfoundation.org/UA/Plc/Applications;s=FastUIntScalar2":{"Value":118,"SourceTimestamp":"2024-04-27T19:11:15.8332063Z","ServerTimestamp":"2024-04-27T19:11:15.8332075Z"},"nsu=http://opcfoundation.org/UA/Plc/Applications;s=FastUIntScalar3":{"Value":118,"SourceTimestamp":"2024-04-27T19:11:15.8332105Z","ServerTimestamp":"2024-04-27T19:11:15.8332116Z"},"nsu=http://opcfoundation.org/UA/Plc/Applications;s=FastRandomUIntScalar1":{"Value":92019259,"SourceTimestamp":"2024-04-27T19:11:15.8332144Z","ServerTimestamp":"2024-04-27T19:11:15.8332179Z"},"nsu=http://opcfoundation.org/UA/Plc/Applications;s=FastRandomUIntScalar2":{"Value":1343144236,"SourceTimestamp":"2024-04-27T19:11:15.8332289Z","ServerTimestamp":"2024-04-27T19:11:15.8332301Z"},"nsu=http://opcfoundation.org/UA/Plc/Applications;s=FastRandomUIntScalar3":{"Value":610445004,"SourceTimestamp":"2024-04-27T19:11:15.8332325Z","ServerTimestamp":"2024-04-27T19:11:15.8332338Z"}}]