[{"nsu=http://opcfoundation.org/UA/Plc/Applications;s=StepUp":{"Value":139,"SourceTimestamp":"2024-04-27T19:09:31.7308365Z","ServerTimestamp":"2024-04-27T19:09:31.7308371Z"},"nsu=http://opcfoundation.org/UA/Plc/Applications;s=RandomSignedInt32":{"Value":-1976878264,"SourceTimestamp":"2024-04-27T19:09:31.7308389Z","ServerTimestamp":"2024-04-27T19:09:31.7308418Z"},"nsu=http://opcfoundation.org/UA/Plc/Applications;s=RandomUnsignedInt32":{"Value":514817595,"SourceTimestamp":"2024-04-27T19:09:31.7308313Z","ServerTimestamp":"2024-04-27T19:09:31.7308321Z"},"nsu=http://opcfoundation.org/UA/Plc/Applications;s=DipData":{"Value":99.80267284282715,"SourceTimestamp":"2024-04-27T19:09:31.6371277Z","ServerTimestamp":"2024-04-27T19:09:31.6371298Z"},"nsu=http://opcfoundation.org/UA/Plc/Applications;s=FastUIntScalar1":{"Value":13,"SourceTimestamp":"2024-04-27T19:09:30.8357691Z","ServerTimestamp":"2024-04-27T19:09:30.8357731Z"}}]