[{"nsu=http://opcfoundation.org/UA/Plc/Applications;s=StepUp":{"Value":159,"SourceTimestamp":"2024-04-27T19:09:33.7346104Z","ServerTimestamp":"2024-04-27T19:09:33.7346201Z"},"nsu=http://opcfoundation.org/UA/Plc/Applications;s=AlternatingBoolean":{"Value":false,"SourceTimestamp":"2024-04-27T19:09:32.9322276Z","ServerTimestamp":"2024-04-27T19:09:32.9322352Z"},"nsu=http://opcfoundation.org/UA/Plc/Applications;s=RandomSignedInt32":{"Value":-541504929,"SourceTimestamp":"2024-04-27T19:09:33.7345854Z","ServerTimestamp":"2024-04-27T19:09:33.7345868Z"},"nsu=http://opcfoundation.org/UA/Plc/Applications;s=RandomUnsignedInt32":{"Value":1498566079,"SourceTimestamp":"2024-04-27T19:09:33.7345699Z","ServerTimestamp":"2024-04-27T19:09:33.7345813Z"},"nsu=http://opcfoundation.org/UA/Plc/Applications;s=DipData":{"Value":-84.432792550201498,"SourceTimestamp":"2024-04-27T19:09:33.7346076Z","ServerTimestamp":"2024-04-27T19:09:33.7346113Z"},"nsu=http://opcfoundation.org/UA/Plc/Applications;s=FastUIntScalar1":{"Value":15,"SourceTimestamp":"2024-04-27T19:09:32.8366559Z","ServerTimestamp":"2024-04-27T19:09:32.8366585Z"}}]