[{"nsu=http://opcfoundation.org/UA/Plc/Applications;s=FastUIntScalar2":{"Value":17,"SourceTimestamp":"2024-04-27T19:09:34.8351246Z","ServerTimestamp":"2024-04-27T19:09:34.8351375Z"},"nsu=http://opcfoundation.org/UA/Plc/Applications;s=FastUIntScalar3":{"Value":17,"SourceTimestamp":"2024-04-27T19:09:34.8351392Z","ServerTimestamp":"2024-04-27T19:09:34.835142Z"},"nsu=http://opcfoundation.org/UA/Plc/Applications;s=FastRandomUIntScalar1":{"Value":793950028,"SourceTimestamp":"2024-04-27T19:09:34.8351202Z","ServerTimestamp":"2024-04-27T19:09:34.8351262Z"},"nsu=http://opcfoundation.org/UA/Plc/Applications;s=FastRandomUIntScalar2":{"Value":1719164153,"SourceTimestamp":"2024-04-27T19:09:34.8351377Z","ServerTimestamp":"2024-04-27T19:09:34.8351393Z"},"nsu=http://opcfoundation.org/UA/Plc/Applications;s=FastRandomUIntScalar3":{"Value":141704925,"SourceTimestamp":"2024-04-27T19:09:34.8351419Z","ServerTimestamp":"2024-04-27T19:09:34.8351443Z"}}]