[{"nsu=http://opcfoundation.org/UA/Plc/Applications;s=SlowUIntScalar1":{"Value":2,"SourceTimestamp":"2024-04-27T19:09:37.8361215Z","ServerTimestamp":"2024-04-27T19:09:37.8361244Z"},"nsu=http://opcfoundation.org/UA/Plc/Applications;s=SlowUIntScalar2":{"Value":2,"SourceTimestamp":"2024-04-27T19:09:37.8361344Z","ServerTimestamp":"2024-04-27T19:09:37.8361412Z"},"nsu=http://opcfoundation.org/UA/Plc/Applications;s=SlowUIntScalar3":{"Value":2,"SourceTimestamp":"2024-04-27T19:09:37.8361424Z","ServerTimestamp":"2024-04-27T19:09:37.8361432Z"},"nsu=http://opcfoundation.org/UA/Plc/Applications;s=BadSlowUIntScalar1":{"Value":2,"SourceTimestamp":"2024-04-27T19:09:37.8361442Z","ServerTimestamp":"2024-04-27T19:09:37.8361449Z"}}]