[{"nsu=http://opcfoundation.org/UA/Plc/Applications;s=SlowRandomUIntScalar1":{"Value":1207884191,"SourceTimestamp":"2024-04-27T19:09:37.8361329Z","ServerTimestamp":"2024-04-27T19:09:37.8361348Z"},"nsu=http://opcfoundation.org/UA/Plc/Applications;s=SlowRandomUIntScalar2":{"Value":2103377781,"SourceTimestamp":"2024-04-27T19:09:37.8361413Z","ServerTimestamp":"2024-04-27T19:09:37.8361422Z"},"nsu=http://opcfoundation.org/UA/Plc/Applications;s=SlowRandomUIntScalar3":{"Value":3206974397,"SourceTimestamp":"2024-04-27T19:09:37.8361433Z","ServerTimestamp":"2024-04-27T19:09:37.8361438Z"},"nsu=http://opcfoundation.org/UA/Plc/Applications;s=BadSlowRandomUIntScalar1":{"Value":2104511410,"SourceTimestamp":"2024-04-27T19:09:37.8361453Z","ServerTimestamp":"2024-04-27T19:09:37.8361456Z"}}]