[{"nsu=http://opcfoundation.org/UA/Plc/Applications;s=FastUIntScalar2":{"Value":25,"SourceTimestamp":"2024-04-27T19:09:42.8412606Z","ServerTimestamp":"2024-04-27T19:09:42.8412632Z"},"nsu=http://opcfoundation.org/UA/Plc/Applications;s=FastUIntScalar3":{"Value":25,"SourceTimestamp":"2024-04-27T19:09:42.8412663Z","ServerTimestamp":"2024-04-27T19:09:42.8412685Z"},"nsu=http://opcfoundation.org/UA/Plc/Applications;s=FastRandomUIntScalar1":{"Value":2939541339,"SourceTimestamp":"2024-04-27T19:09:42.8412308Z","ServerTimestamp":"2024-04-27T19:09:42.8412343Z"},"nsu=http://opcfoundation.org/UA/Plc/Applications;s=FastRandomUIntScalar2":{"Value":3846512878,"SourceTimestamp":"2024-04-27T19:09:42.8412479Z","ServerTimestamp":"2024-04-27T19:09:42.8412605Z"},"nsu=http://opcfoundation.org/UA/Plc/Applications;s=FastRandomUIntScalar3":{"Value":3452869343,"SourceTimestamp":"2024-04-27T19:09:42.8412631Z","ServerTimestamp":"2024-04-27T19:09:42.8412665Z"}}]