[{"nsu=http://opcfoundation.org/UA/Plc/Applications;s=FastUIntScalar2":{"Value":29,"SourceTimestamp":"2024-04-27T19:09:46.8373542Z","ServerTimestamp":"2024-04-27T19:09:46.8373552Z"},"nsu=http://opcfoundation.org/UA/Plc/Applications;s=FastUIntScalar3":{"Value":29,"SourceTimestamp":"2024-04-27T19:09:46.8373569Z","ServerTimestamp":"2024-04-27T19:09:46.8373578Z"},"nsu=http://opcfoundation.org/UA/Plc/Applications;s=FastRandomUIntScalar1":{"Value":457104091,"SourceTimestamp":"2024-04-27T19:09:46.8373147Z","ServerTimestamp":"2024-04-27T19:09:46.8373185Z"},"nsu=http://opcfoundation.org/UA/Plc/Applications;s=FastRandomUIntScalar2":{"Value":4011105613,"SourceTimestamp":"2024-04-27T19:09:46.8373313Z","ServerTimestamp":"2024-04-27T19:09:46.8373324Z"},"nsu=http://opcfoundation.org/UA/Plc/Applications;s=FastRandomUIntScalar3":{"Value":1383757918,"SourceTimestamp":"2024-04-27T19:09:46.8373357Z","ServerTimestamp":"2024-04-27T19:09:46.8373366Z"}}]