[{"nsu=http://opcfoundation.org/UA/Plc/Applications;s=StepUp":{"Value":309,"SourceTimestamp":"2024-04-27T19:09:48.7346578Z","ServerTimestamp":"2024-04-27T19:09:48.7347197Z"},"nsu=http://opcfoundation.org/UA/Plc/Applications;s=AlternatingBoolean":{"Value":true,"SourceTimestamp":"2024-04-27T19:09:47.9311623Z","ServerTimestamp":"2024-04-27T19:09:47.9311654Z"},"nsu=http://opcfoundation.org/UA/Plc/Applications;s=RandomSignedInt32":{"Value":-333045376,"SourceTimestamp":"2024-04-27T19:09:48.7346502Z","ServerTimestamp":"2024-04-27T19:09:48.7347017Z"},"nsu=http://opcfoundation.org/UA/Plc/Applications;s=RandomUnsignedInt32":{"Value":437500712,"SourceTimestamp":"2024-04-27T19:09:48.7346542Z","ServerTimestamp":"2024-04-27T19:09:48.7346611Z"},"nsu=http://opcfoundation.org/UA/Plc/Applications;s=DipData":{"Value":-84.432792550201498,"SourceTimestamp":"2024-04-27T19:09:48.7346433Z","ServerTimestamp":"2024-04-27T19:09:48.7346477Z"},"nsu=http://opcfoundation.org/UA/Plc/Applications;s=FastUIntScalar1":{"Value":30,"SourceTimestamp":"2024-04-27T19:09:47.8367686Z","ServerTimestamp":"2024-04-27T19:09:47.8367752Z"}}]