[{"nsu=http://opcfoundation.org/UA/Plc/Applications;s=SlowRandomUIntScalar1":{"Value":3474656231,"SourceTimestamp":"2024-04-27T19:09:47.8367444Z","ServerTimestamp":"2024-04-27T19:09:47.8367482Z"},"nsu=http://opcfoundation.org/UA/Plc/Applications;s=SlowRandomUIntScalar2":{"Value":542502315,"SourceTimestamp":"2024-04-27T19:09:47.8367618Z","ServerTimestamp":"2024-04-27T19:09:47.8367628Z"},"nsu=http://opcfoundation.org/UA/Plc/Applications;s=SlowRandomUIntScalar3":{"Value":1846138473,"SourceTimestamp":"2024-04-27T19:09:47.836765Z","ServerTimestamp":"2024-04-27T19:09:47.8367659Z"},"nsu=http://opcfoundation.org/UA/Plc/Applications;s=BadSlowRandomUIntScalar1":{"Value":2636932433,"SourceTimestamp":"2024-04-27T19:09:47.8367759Z","ServerTimestamp":"2024-04-27T19:09:47.8367773Z"}}]