[{"nsu=http://opcfoundation.org/UA/Plc/Applications;s=StepUp":{"Value":39,"SourceTimestamp":"2024-04-27T19:09:21.7377518Z","ServerTimestamp":"2024-04-27T19:09:21.7377904Z"},"nsu=http://opcfoundation.org/UA/Plc/Applications;s=RandomSignedInt32":{"Value":988679774,"SourceTimestamp":"2024-04-27T19:09:21.7377527Z","ServerTimestamp":"2024-04-27T19:09:21.7377596Z"},"nsu=http://opcfoundation.org/UA/Plc/Applications;s=RandomUnsignedInt32":{"Value":1817231274,"SourceTimestamp":"2024-04-27T19:09:21.7377412Z","ServerTimestamp":"2024-04-27T19:09:21.7377421Z"},"nsu=http://opcfoundation.org/UA/Plc/Applications;s=DipData":{"Value":99.80267284282715,"SourceTimestamp":"2024-04-27T19:09:21.6289653Z","ServerTimestamp":"2024-04-27T19:09:21.6289695Z"},"nsu=http://opcfoundation.org/UA/Plc/Applications;s=FastUIntScalar1":{"Value":3,"SourceTimestamp":"2024-04-27T19:09:20.8377805Z","ServerTimestamp":"2024-04-27T19:09:20.8377825Z"}}]