[{"nsu=http://opcfoundation.org/UA/Plc/Applications;s=FastUIntScalar2":{"Value":35,"SourceTimestamp":"2024-04-27T19:09:52.837492Z","ServerTimestamp":"2024-04-27T19:09:52.8374945Z"},"nsu=http://opcfoundation.org/UA/Plc/Applications;s=FastUIntScalar3":{"Value":35,"SourceTimestamp":"2024-04-27T19:09:52.8374971Z","ServerTimestamp":"2024-04-27T19:09:52.8374983Z"},"nsu=http://opcfoundation.org/UA/Plc/Applications;s=FastRandomUIntScalar1":{"Value":4228991154,"SourceTimestamp":"2024-04-27T19:09:52.8374605Z","ServerTimestamp":"2024-04-27T19:09:52.8374641Z"},"nsu=http://opcfoundation.org/UA/Plc/Applications;s=FastRandomUIntScalar2":{"Value":4096076289,"SourceTimestamp":"2024-04-27T19:09:52.8374782Z","ServerTimestamp":"2024-04-27T19:09:52.837492Z"},"nsu=http://opcfoundation.org/UA/Plc/Applications;s=FastRandomUIntScalar3":{"Value":1744585101,"SourceTimestamp":"2024-04-27T19:09:52.8374992Z","ServerTimestamp":"2024-04-27T19:09:52.8375011Z"}}]