{"MessageId":"2bfc1296-bde4-44e3-9f5f-cc14676ea407","MessageType":"ua-data","PublisherId":"DESKTOP-BGFJS91","DataSetWriterGroup":"<<UnknownWriterGroup>>","Messages":[{"DataSetWriterId":19,"SequenceNumber":10,"MetaDataVersion":{"MajorVersion":1},"Timestamp":"2024-04-27T12:45:04.2455904Z","MessageType":"ua-deltaframe","DataSetWriterName":"Packaging","Payload":{"nsu=http://opcfoundation.org/UA/Plc/Applications;s=SlowRandomUIntScalar2":{"Value":{"Type":7,"Body":1056198863},"SourceTimestamp":"2024-04-27T12:45:02.6497464Z","ServerTimestamp":"2024-04-27T12:45:02.6497608Z"}}}]}