{"MessageId":"6cc42b1b-0041-4e5e-bade-635398d41dfd","MessageType":"ua-data","PublisherId":"DESKTOP-BGFJS91","DataSetWriterGroup":"<<UnknownWriterGroup>>","Messages":[{"DataSetWriterId":19,"SequenceNumber":11,"MetaDataVersion":{"MajorVersion":1},"Timestamp":"2024-04-27T12:45:14.2448406Z","MessageType":"ua-deltaframe","DataSetWriterName":"Packaging","Payload":{"nsu=http://opcfoundation.org/UA/Plc/Applications;s=SlowRandomUIntScalar2":{"Value":{"Type":7,"Body":2402822340},"SourceTimestamp":"2024-04-27T12:45:12.6431457Z","ServerTimestamp":"2024-04-27T12:45:12.6431466Z"}}}]}