{"MessageId":"aacf81d4-8d07-46b9-b646-cab2a89917a0","MessageType":"ua-data","PublisherId":"DESKTOP-BGFJS91","DataSetWriterGroup":"<<UnknownWriterGroup>>","Messages":[{"DataSetWriterId":19,"SequenceNumber":2,"MetaDataVersion":{"MajorVersion":1},"Timestamp":"2024-04-27T12:43:44.2806017Z","MessageType":"ua-deltaframe","DataSetWriterName":"Packaging","Payload":{"nsu=http://opcfoundation.org/UA/Plc/Applications;s=SlowRandomUIntScalar2":{"Value":{"Type":7,"Body":1468072065},"SourceTimestamp":"2024-04-27T12:43:42.6534071Z","ServerTimestamp":"2024-04-27T12:43:42.6534228Z"}}}]}