{"MessageId":"8d5ec825-36bb-424b-9d63-64a48cd59f77","MessageType":"ua-data","PublisherId":"DESKTOP-BGFJS91","DataSetWriterGroup":"<<UnknownWriterGroup>>","Messages":[{"DataSetWriterId":19,"SequenceNumber":3,"MetaDataVersion":{"MajorVersion":1},"Timestamp":"2024-04-27T12:43:54.2705132Z","MessageType":"ua-deltaframe","DataSetWriterName":"Packaging","Payload":{"nsu=http://opcfoundation.org/UA/Plc/Applications;s=SlowRandomUIntScalar2":{"Value":{"Type":7,"Body":2580885576},"SourceTimestamp":"2024-04-27T12:43:52.6442713Z","ServerTimestamp":"2024-04-27T12:43:52.6442721Z"}}}]}