{"MessageId":"26f3ca64-8ef3-463b-9e1d-aa0506090c2c","MessageType":"ua-data","PublisherId":"DESKTOP-BGFJS91","DataSetWriterGroup":"<<UnknownWriterGroup>>","Messages":[{"DataSetWriterId":19,"SequenceNumber":7,"MetaDataVersion":{"MajorVersion":1},"Timestamp":"2024-04-27T12:44:34.257467Z","MessageType":"ua-deltaframe","DataSetWriterName":"Packaging","Payload":{"nsu=http://opcfoundation.org/UA/Plc/Applications;s=SlowRandomUIntScalar2":{"Value":{"Type":7,"Body":3860041098},"SourceTimestamp":"2024-04-27T12:44:32.6497492Z","ServerTimestamp":"2024-04-27T12:44:32.6497527Z"}}}]}