{"MessageId":"a9e3338c-d583-43ac-abf2-e04683234f78","MessageType":"ua-data","PublisherId":"DESKTOP-BGFJS91","DataSetWriterGroup":"<<UnknownWriterGroup>>","Messages":[{"SequenceNumber":11,"MetaDataVersion":{"MajorVersion":1},"Timestamp":"2024-04-27T11:58:42.5319516Z","MessageType":"ua-deltaframe","DataSetWriterName":"<<UnknownDataSet>>","Payload":{"nsu=http://opcfoundation.org/UA/Plc/Applications;s=StepUp":{"Value":127,"SourceTimestamp":"2024-04-27T11:58:42.4849322Z","ServerTimestamp":"2024-04-27T11:58:42.4849364Z"},"nsu=http://opcfoundation.org/UA/Plc/Applications;s=RandomSignedInt32":{"Value":-1575401413,"SourceTimestamp":"2024-04-27T11:58:42.4849829Z","ServerTimestamp":"2024-04-27T11:58:42.4849836Z"},"nsu=http://opcfoundation.org/UA/Plc/Applications;s=RandomUnsignedInt32":{"Value":926639630,"SourceTimestamp":"2024-04-27T11:58:42.4849867Z","ServerTimestamp":"2024-04-27T11:58:42.4849873Z"},"nsu=http://opcfoundation.org/UA/Plc/Applications;s=DipData":{"Value":12.53332335643041,"SourceTimestamp":"2024-04-27T11:58:42.4850027Z","ServerTimestamp":"2024-04-27T11:58:42.4850034Z"},"nsu=http://opcfoundation.org/UA/Plc/Applications;s=FastUIntScalar1":{"Value":12,"SourceTimestamp":"2024-04-27T11:58:41.7915466Z","ServerTimestamp":"2024-04-27T11:58:41.7915653Z"},"nsu=http://opcfoundation.org/UA/Plc/Applications;s=FastUIntScalar2":{"Value":12,"SourceTimestamp":"2024-04-27T11:58:41.7915778Z","ServerTimestamp":"2024-04-27T11:58:41.7915817Z"},"nsu=http://opcfoundation.org/UA/Plc/Applications;s=FastUIntScalar3":{"Value":12,"SourceTimestamp":"2024-04-27T11:58:41.7915839Z","ServerTimestamp":"2024-04-27T11:58:41.791587Z"},"nsu=http://opcfoundation.org/UA/Plc/Applications;s=FastRandomUIntScalar1":{"Value":1705952646,"SourceTimestamp":"2024-04-27T11:58:41.7915456Z","ServerTimestamp":"2024-04-27T11:58:41.7915489Z"},"nsu=http://opcfoundation.org/UA/Plc/Applications;s=FastRandomUIntScalar2":{"Value":2376248942,"SourceTimestamp":"2024-04-27T11:58:41.7915635Z","ServerTimestamp":"2024-04-27T11:58:41.7915779Z"},"nsu=http://opcfoundation.org/UA/Plc/Applications;s=FastRandomUIntScalar3":{"Value":2442269383,"SourceTimestamp":"2024-04-27T11:58:41.7915804Z","ServerTimestamp":"2024-04-27T11:58:41.7915845Z"},"nsu=http://opcfoundation.org/UA/Plc/Applications;s=SpikeData":{"Value":12.53332335643041,"SourceTimestamp":"2024-04-27T11:58:42.4850146Z","ServerTimestamp":"2024-04-27T11:58:42.4850151Z"}}}]}