{"MessageId":"c45f9281-b284-4857-bb34-bf11545d5fe7","MessageType":"ua-data","PublisherId":"DESKTOP-BGFJS91","DataSetWriterGroup":"<<UnknownWriterGroup>>","Messages":[{"SequenceNumber":13,"MetaDataVersion":{"MajorVersion":1},"Timestamp":"2024-04-27T11:58:44.5096287Z","MessageType":"ua-deltaframe","DataSetWriterName":"<<UnknownDataSet>>","Payload":{"nsu=http://opcfoundation.org/UA/Plc/Applications;s=StepUp":{"Value":147,"SourceTimestamp":"2024-04-27T11:58:44.4942552Z","ServerTimestamp":"2024-04-27T11:58:44.4942591Z"},"nsu=http://opcfoundation.org/UA/Plc/Applications;s=RandomSignedInt32":{"Value":1225498095,"SourceTimestamp":"2024-04-27T11:58:44.4942936Z","ServerTimestamp":"2024-04-27T11:58:44.4942964Z"},"nsu=http://opcfoundation.org/UA/Plc/Applications;s=RandomUnsignedInt32":{"Value":243579275,"SourceTimestamp":"2024-04-27T11:58:44.494277Z","ServerTimestamp":"2024-04-27T11:58:44.4942869Z"},"nsu=http://opcfoundation.org/UA/Plc/Applications;s=DipData":{"Value":48.175367410171532,"SourceTimestamp":"2024-04-27T11:58:44.4942971Z","ServerTimestamp":"2024-04-27T11:58:44.4943099Z"},"nsu=http://opcfoundation.org/UA/Plc/Applications;s=FastUIntScalar1":{"Value":14,"SourceTimestamp":"2024-04-27T11:58:43.7827641Z","ServerTimestamp":"2024-04-27T11:58:43.7827736Z"},"nsu=http://opcfoundation.org/UA/Plc/Applications;s=FastUIntScalar2":{"Value":14,"SourceTimestamp":"2024-04-27T11:58:43.7827847Z","ServerTimestamp":"2024-04-27T11:58:43.7827854Z"},"nsu=http://opcfoundation.org/UA/Plc/Applications;s=FastUIntScalar3":{"Value":14,"SourceTimestamp":"2024-04-27T11:58:43.7827862Z","ServerTimestamp":"2024-04-27T11:58:43.7827867Z"},"nsu=http://opcfoundation.org/UA/Plc/Applications;s=FastRandomUIntScalar1":{"Value":67639860,"SourceTimestamp":"2024-04-27T11:58:43.7827668Z","ServerTimestamp":"2024-04-27T11:58:43.7827899Z"},"nsu=http://opcfoundation.org/UA/Plc/Applications;s=FastRandomUIntScalar2":{"Value":3559168813,"SourceTimestamp":"2024-04-27T11:58:43.7827961Z","ServerTimestamp":"2024-04-27T11:58:43.7827969Z"},"nsu=http://opcfoundation.org/UA/Plc/Applications;s=FastRandomUIntScalar3":{"Value":2534206405,"SourceTimestamp":"2024-04-27T11:58:43.7827978Z","ServerTimestamp":"2024-04-27T11:58:43.7827982Z"},"nsu=http://opcfoundation.org/UA/Plc/Applications;s=SpikeData":{"Value":48.175367410171532,"SourceTimestamp":"2024-04-27T11:58:44.4943183Z","ServerTimestamp":"2024-04-27T11:58:44.4943198Z"}}}]}