{"MessageId":"677516ef-6f32-44dd-a7ce-a50edd0eb27f","MessageType":"ua-data","PublisherId":"DESKTOP-BGFJS91","DataSetWriterGroup":"<<UnknownWriterGroup>>","Messages":[{"SequenceNumber":17,"MetaDataVersion":{"MajorVersion":1},"Timestamp":"2024-04-27T11:58:49.5279858Z","MessageType":"ua-deltaframe","DataSetWriterName":"<<UnknownDataSet>>","Payload":{"nsu=http://opcfoundation.org/UA/Plc/Applications;s=StepUp":{"Value":197,"SourceTimestamp":"2024-04-27T11:58:49.4962609Z","ServerTimestamp":"2024-04-27T11:58:49.4962638Z"},"nsu=http://opcfoundation.org/UA/Plc/Applications;s=RandomSignedInt32":{"Value":-604831525,"SourceTimestamp":"2024-04-27T11:58:49.4962826Z","ServerTimestamp":"2024-04-27T11:58:49.4962852Z"},"nsu=http://opcfoundation.org/UA/Plc/Applications;s=RandomUnsignedInt32":{"Value":1970525393,"SourceTimestamp":"2024-04-27T11:58:49.4962823Z","ServerTimestamp":"2024-04-27T11:58:49.4962828Z"},"nsu=http://opcfoundation.org/UA/Plc/Applications;s=DipData":{"Value":48.175367410171532,"SourceTimestamp":"2024-04-27T11:58:49.4962932Z","ServerTimestamp":"2024-04-27T11:58:49.4962937Z"},"nsu=http://opcfoundation.org/UA/Plc/Applications;s=FastUIntScalar1":{"Value":19,"SourceTimestamp":"2024-04-27T11:58:48.7847366Z","ServerTimestamp":"2024-04-27T11:58:48.7847541Z"},"nsu=http://opcfoundation.org/UA/Plc/Applications;s=FastUIntScalar2":{"Value":19,"SourceTimestamp":"2024-04-27T11:58:48.7847591Z","ServerTimestamp":"2024-04-27T11:58:48.7847618Z"},"nsu=http://opcfoundation.org/UA/Plc/Applications;s=FastUIntScalar3":{"Value":19,"SourceTimestamp":"2024-04-27T11:58:48.7847643Z","ServerTimestamp":"2024-04-27T11:58:48.784767Z"},"nsu=http://opcfoundation.org/UA/Plc/Applications;s=FastRandomUIntScalar1":{"Value":857731800,"SourceTimestamp":"2024-04-27T11:58:48.7847367Z","ServerTimestamp":"2024-04-27T11:58:48.7847401Z"},"nsu=http://opcfoundation.org/UA/Plc/Applications;s=FastRandomUIntScalar2":{"Value":2119109030,"SourceTimestamp":"2024-04-27T11:58:48.7847537Z","ServerTimestamp":"2024-04-27T11:58:48.7847593Z"},"nsu=http://opcfoundation.org/UA/Plc/Applications;s=FastRandomUIntScalar3":{"Value":778925500,"SourceTimestamp":"2024-04-27T11:58:48.7847616Z","ServerTimestamp":"2024-04-27T11:58:48.7847645Z"},"nsu=http://opcfoundation.org/UA/Plc/Applications;s=SpikeData":{"Value":48.175367410171532,"SourceTimestamp":"2024-04-27T11:58:49.4962954Z","ServerTimestamp":"2024-04-27T11:58:49.4962969Z"}}}]}