{"MessageId":"63df14d5-9109-477d-a5bd-73a16382859b","MessageType":"ua-data","PublisherId":"DESKTOP-BGFJS91","DataSetWriterGroup":"<<UnknownWriterGroup>>","Messages":[{"SequenceNumber":2,"MetaDataVersion":{"MajorVersion":1},"Timestamp":"2024-04-27T11:58:32.5286467Z","MessageType":"ua-deltaframe","DataSetWriterName":"<<UnknownDataSet>>","Payload":{"nsu=http://opcfoundation.org/UA/Plc/Applications;s=StepUp":{"Value":27,"SourceTimestamp":"2024-04-27T11:58:32.4823152Z","ServerTimestamp":"2024-04-27T11:58:32.4823182Z"},"nsu=http://opcfoundation.org/UA/Plc/Applications;s=RandomSignedInt32":{"Value":556700707,"SourceTimestamp":"2024-04-27T11:58:32.4823267Z","ServerTimestamp":"2024-04-27T11:58:32.4823373Z"},"nsu=http://opcfoundation.org/UA/Plc/Applications;s=RandomUnsignedInt32":{"Value":307629407,"SourceTimestamp":"2024-04-27T11:58:32.4823414Z","ServerTimestamp":"2024-04-27T11:58:32.4823428Z"},"nsu=http://opcfoundation.org/UA/Plc/Applications;s=DipData":{"Value":12.53332335643041,"SourceTimestamp":"2024-04-27T11:58:32.4823459Z","ServerTimestamp":"2024-04-27T11:58:32.4823472Z"},"nsu=http://opcfoundation.org/UA/Plc/Applications;s=FastUIntScalar1":{"Value":2,"SourceTimestamp":"2024-04-27T11:58:31.7817479Z","ServerTimestamp":"2024-04-27T11:58:31.7817626Z"},"nsu=http://opcfoundation.org/UA/Plc/Applications;s=FastUIntScalar2":{"Value":2,"SourceTimestamp":"2024-04-27T11:58:31.7817686Z","ServerTimestamp":"2024-04-27T11:58:31.7817702Z"},"nsu=http://opcfoundation.org/UA/Plc/Applications;s=FastUIntScalar3":{"Value":2,"SourceTimestamp":"2024-04-27T11:58:31.7817715Z","ServerTimestamp":"2024-04-27T11:58:31.7817724Z"},"nsu=http://opcfoundation.org/UA/Plc/Applications;s=FastRandomUIntScalar1":{"Value":692508059,"SourceTimestamp":"2024-04-27T11:58:31.7817466Z","ServerTimestamp":"2024-04-27T11:58:31.781749Z"},"nsu=http://opcfoundation.org/UA/Plc/Applications;s=FastRandomUIntScalar2":{"Value":1689200691,"SourceTimestamp":"2024-04-27T11:58:31.7817619Z","ServerTimestamp":"2024-04-27T11:58:31.7817686Z"},"nsu=http://opcfoundation.org/UA/Plc/Applications;s=FastRandomUIntScalar3":{"Value":2403025509,"SourceTimestamp":"2024-04-27T11:58:31.7817705Z","ServerTimestamp":"2024-04-27T11:58:31.7817712Z"},"nsu=http://opcfoundation.org/UA/Plc/Applications;s=SpikeData":{"Value":12.53332335643041,"SourceTimestamp":"2024-04-27T11:58:32.4823528Z","ServerTimestamp":"2024-04-27T11:58:32.4823534Z"}}}]}