{"MessageId":"394a1500-98db-416a-9a6b-300e3df2f99e","MessageType":"ua-data","PublisherId":"DESKTOP-BGFJS91","DataSetWriterGroup":"<<UnknownWriterGroup>>","Messages":[{"SequenceNumber":21,"MetaDataVersion":{"MajorVersion":1},"Timestamp":"2024-04-27T11:58:53.5285654Z","MessageType":"ua-deltaframe","DataSetWriterName":"<<UnknownDataSet>>","Payload":{"nsu=http://opcfoundation.org/UA/Plc/Applications;s=StepUp":{"Value":237,"SourceTimestamp":"2024-04-27T11:58:53.4827008Z","ServerTimestamp":"2024-04-27T11:58:53.4827455Z"},"nsu=http://opcfoundation.org/UA/Plc/Applications;s=RandomSignedInt32":{"Value":-982989517,"SourceTimestamp":"2024-04-27T11:58:53.4827092Z","ServerTimestamp":"2024-04-27T11:58:53.4827229Z"},"nsu=http://opcfoundation.org/UA/Plc/Applications;s=RandomUnsignedInt32":{"Value":2013134056,"SourceTimestamp":"2024-04-27T11:58:53.4827289Z","ServerTimestamp":"2024-04-27T11:58:53.4827313Z"},"nsu=http://opcfoundation.org/UA/Plc/Applications;s=DipData":{"Value":98.228725072868855,"SourceTimestamp":"2024-04-27T11:58:53.4827406Z","ServerTimestamp":"2024-04-27T11:58:53.482763Z"},"nsu=http://opcfoundation.org/UA/Plc/Applications;s=FastUIntScalar1":{"Value":23,"SourceTimestamp":"2024-04-27T11:58:52.7828613Z","ServerTimestamp":"2024-04-27T11:58:52.7828898Z"},"nsu=http://opcfoundation.org/UA/Plc/Applications;s=FastUIntScalar2":{"Value":23,"SourceTimestamp":"2024-04-27T11:58:52.7828949Z","ServerTimestamp":"2024-04-27T11:58:52.7828979Z"},"nsu=http://opcfoundation.org/UA/Plc/Applications;s=FastUIntScalar3":{"Value":23,"SourceTimestamp":"2024-04-27T11:58:52.7828991Z","ServerTimestamp":"2024-04-27T11:58:52.7829013Z"},"nsu=http://opcfoundation.org/UA/Plc/Applications;s=FastRandomUIntScalar1":{"Value":1560476345,"SourceTimestamp":"2024-04-27T11:58:52.7828559Z","ServerTimestamp":"2024-04-27T11:58:52.7828583Z"},"nsu=http://opcfoundation.org/UA/Plc/Applications;s=FastRandomUIntScalar2":{"Value":200406940,"SourceTimestamp":"2024-04-27T11:58:52.7828854Z","ServerTimestamp":"2024-04-27T11:58:52.782894Z"},"nsu=http://opcfoundation.org/UA/Plc/Applications;s=FastRandomUIntScalar3":{"Value":537144685,"SourceTimestamp":"2024-04-27T11:58:52.7829428Z","ServerTimestamp":"2024-04-27T11:58:52.7829441Z"},"nsu=http://opcfoundation.org/UA/Plc/Applications;s=SpikeData":{"Value":98.228725072868855,"SourceTimestamp":"2024-04-27T11:58:53.4827446Z","ServerTimestamp":"2024-04-27T11:58:53.4827508Z"}}}]}