{"MessageId":"dc8f1788-7f5d-448c-9ca2-5f70b5a6b4b3","MessageType":"ua-data","PublisherId":"DESKTOP-BGFJS91","DataSetWriterGroup":"<<UnknownWriterGroup>>","Messages":[{"SequenceNumber":3,"MetaDataVersion":{"MajorVersion":1},"Timestamp":"2024-04-27T11:58:33.5133161Z","MessageType":"ua-deltaframe","DataSetWriterName":"<<UnknownDataSet>>","Payload":{"nsu=http://opcfoundation.org/UA/Plc/Applications;s=StepUp":{"Value":37,"SourceTimestamp":"2024-04-27T11:58:33.4811166Z","ServerTimestamp":"2024-04-27T11:58:33.4811203Z"},"nsu=http://opcfoundation.org/UA/Plc/Applications;s=RandomSignedInt32":{"Value":-680092822,"SourceTimestamp":"2024-04-27T11:58:33.4811636Z","ServerTimestamp":"2024-04-27T11:58:33.4811643Z"},"nsu=http://opcfoundation.org/UA/Plc/Applications;s=RandomUnsignedInt32":{"Value":1399870311,"SourceTimestamp":"2024-04-27T11:58:33.4811678Z","ServerTimestamp":"2024-04-27T11:58:33.4811684Z"},"nsu=http://opcfoundation.org/UA/Plc/Applications;s=DipData":{"Value":98.228725072868855,"SourceTimestamp":"2024-04-27T11:58:33.4811784Z","ServerTimestamp":"2024-04-27T11:58:33.481179Z"},"nsu=http://opcfoundation.org/UA/Plc/Applications;s=FastUIntScalar1":{"Value":3,"SourceTimestamp":"2024-04-27T11:58:32.7918603Z","ServerTimestamp":"2024-04-27T11:58:32.7918622Z"},"nsu=http://opcfoundation.org/UA/Plc/Applications;s=FastUIntScalar2":{"Value":3,"SourceTimestamp":"2024-04-27T11:58:32.7918826Z","ServerTimestamp":"2024-04-27T11:58:32.7918832Z"},"nsu=http://opcfoundation.org/UA/Plc/Applications;s=FastUIntScalar3":{"Value":3,"SourceTimestamp":"2024-04-27T11:58:32.7918847Z","ServerTimestamp":"2024-04-27T11:58:32.7918852Z"},"nsu=http://opcfoundation.org/UA/Plc/Applications;s=FastRandomUIntScalar1":{"Value":2306212151,"SourceTimestamp":"2024-04-27T11:58:32.7918652Z","ServerTimestamp":"2024-04-27T11:58:32.7918923Z"},"nsu=http://opcfoundation.org/UA/Plc/Applications;s=FastRandomUIntScalar2":{"Value":1815297970,"SourceTimestamp":"2024-04-27T11:58:32.791903Z","ServerTimestamp":"2024-04-27T11:58:32.7919046Z"},"nsu=http://opcfoundation.org/UA/Plc/Applications;s=FastRandomUIntScalar3":{"Value":400940317,"SourceTimestamp":"2024-04-27T11:58:32.7919066Z","ServerTimestamp":"2024-04-27T11:58:32.7919332Z"},"nsu=http://opcfoundation.org/UA/Plc/Applications;s=SpikeData":{"Value":98.228725072868855,"SourceTimestamp":"2024-04-27T11:58:33.4812214Z","ServerTimestamp":"2024-04-27T11:58:33.4812225Z"}}}]}