{"MessageId":"a3c2ad33-3de5-4f82-9b94-2f7d2a73fe2a","MessageType":"ua-data","PublisherId":"DESKTOP-BGFJS91","DataSetWriterGroup":"<<UnknownWriterGroup>>","Messages":[{"SequenceNumber":30,"MetaDataVersion":{"MajorVersion":1},"Timestamp":"2024-04-27T11:59:04.520044Z","MessageType":"ua-deltaframe","DataSetWriterName":"<<UnknownDataSet>>","Payload":{"nsu=http://opcfoundation.org/UA/Plc/Applications;s=StepUp":{"Value":347,"SourceTimestamp":"2024-04-27T11:59:04.4888287Z","ServerTimestamp":"2024-04-27T11:59:04.4888485Z"},"nsu=http://opcfoundation.org/UA/Plc/Applications;s=RandomSignedInt32":{"Value":-783021382,"SourceTimestamp":"2024-04-27T11:59:04.4888398Z","ServerTimestamp":"2024-04-27T11:59:04.4888414Z"},"nsu=http://opcfoundation.org/UA/Plc/Applications;s=RandomUnsignedInt32":{"Value":1070492189,"SourceTimestamp":"2024-04-27T11:59:04.4888623Z","ServerTimestamp":"2024-04-27T11:59:04.4888641Z"},"nsu=http://opcfoundation.org/UA/Plc/Applications;s=DipData":{"Value":48.175367410171532,"SourceTimestamp":"2024-04-27T11:59:04.4888564Z","ServerTimestamp":"2024-04-27T11:59:04.4888571Z"},"nsu=http://opcfoundation.org/UA/Plc/Applications;s=FastUIntScalar1":{"Value":34,"SourceTimestamp":"2024-04-27T11:59:03.782915Z","ServerTimestamp":"2024-04-27T11:59:03.7829217Z"},"nsu=http://opcfoundation.org/UA/Plc/Applications;s=FastUIntScalar2":{"Value":34,"SourceTimestamp":"2024-04-27T11:59:03.7829278Z","ServerTimestamp":"2024-04-27T11:59:03.7829293Z"},"nsu=http://opcfoundation.org/UA/Plc/Applications;s=FastUIntScalar3":{"Value":34,"SourceTimestamp":"2024-04-27T11:59:03.7829302Z","ServerTimestamp":"2024-04-27T11:59:03.782931Z"},"nsu=http://opcfoundation.org/UA/Plc/Applications;s=FastRandomUIntScalar1":{"Value":745907055,"SourceTimestamp":"2024-04-27T11:59:03.7829107Z","ServerTimestamp":"2024-04-27T11:59:03.7829129Z"},"nsu=http://opcfoundation.org/UA/Plc/Applications;s=FastRandomUIntScalar2":{"Value":2493960259,"SourceTimestamp":"2024-04-27T11:59:03.7829219Z","ServerTimestamp":"2024-04-27T11:59:03.7829277Z"},"nsu=http://opcfoundation.org/UA/Plc/Applications;s=FastRandomUIntScalar3":{"Value":665890648,"SourceTimestamp":"2024-04-27T11:59:03.782929Z","ServerTimestamp":"2024-04-27T11:59:03.7829301Z"},"nsu=http://opcfoundation.org/UA/Plc/Applications;s=SpikeData":{"Value":48.175367410171532,"SourceTimestamp":"2024-04-27T11:59:04.4888717Z","ServerTimestamp":"2024-04-27T11:59:04.4888725Z"}}}]}