{"MessageId":"2abec602-346f-4df5-ab06-1df3985e0fae","MessageType":"ua-data","PublisherId":"DESKTOP-BGFJS91","DataSetWriterGroup":"<<UnknownWriterGroup>>","Messages":[{"SequenceNumber":34,"MetaDataVersion":{"MajorVersion":1},"Timestamp":"2024-04-27T11:59:08.4951645Z","MessageType":"ua-deltaframe","DataSetWriterName":"<<UnknownDataSet>>","Payload":{"nsu=http://opcfoundation.org/UA/Plc/Applications;s=StepUp":{"Value":387,"SourceTimestamp":"2024-04-27T11:59:08.494691Z","ServerTimestamp":"2024-04-27T11:59:08.4946959Z"},"nsu=http://opcfoundation.org/UA/Plc/Applications;s=RandomSignedInt32":{"Value":1395649300,"SourceTimestamp":"2024-04-27T11:59:08.3824367Z","ServerTimestamp":"2024-04-27T11:59:08.3824385Z"},"nsu=http://opcfoundation.org/UA/Plc/Applications;s=RandomUnsignedInt32":{"Value":1810232081,"SourceTimestamp":"2024-04-27T11:59:08.3824502Z","ServerTimestamp":"2024-04-27T11:59:08.3824517Z"},"nsu=http://opcfoundation.org/UA/Plc/Applications;s=DipData":{"Value":95.10565162951535,"SourceTimestamp":"2024-04-27T11:59:08.3824635Z","ServerTimestamp":"2024-04-27T11:59:08.3824673Z"},"nsu=http://opcfoundation.org/UA/Plc/Applications;s=FastUIntScalar1":{"Value":38,"SourceTimestamp":"2024-04-27T11:59:07.7890541Z","ServerTimestamp":"2024-04-27T11:59:07.7890562Z"},"nsu=http://opcfoundation.org/UA/Plc/Applications;s=FastUIntScalar2":{"Value":38,"SourceTimestamp":"2024-04-27T11:59:07.7890669Z","ServerTimestamp":"2024-04-27T11:59:07.7890732Z"},"nsu=http://opcfoundation.org/UA/Plc/Applications;s=FastUIntScalar3":{"Value":38,"SourceTimestamp":"2024-04-27T11:59:07.7890746Z","ServerTimestamp":"2024-04-27T11:59:07.7890759Z"},"nsu=http://opcfoundation.org/UA/Plc/Applications;s=FastRandomUIntScalar1":{"Value":3831831367,"SourceTimestamp":"2024-04-27T11:59:07.7890574Z","ServerTimestamp":"2024-04-27T11:59:07.7890671Z"},"nsu=http://opcfoundation.org/UA/Plc/Applications;s=FastRandomUIntScalar2":{"Value":2259650222,"SourceTimestamp":"2024-04-27T11:59:07.7890733Z","ServerTimestamp":"2024-04-27T11:59:07.7890743Z"},"nsu=http://opcfoundation.org/UA/Plc/Applications;s=FastRandomUIntScalar3":{"Value":3087130331,"SourceTimestamp":"2024-04-27T11:59:07.7890758Z","ServerTimestamp":"2024-04-27T11:59:07.7890771Z"},"nsu=http://opcfoundation.org/UA/Plc/Applications;s=SpikeData":{"Value":95.10565162951535,"SourceTimestamp":"2024-04-27T11:59:08.3824636Z","ServerTimestamp":"2024-04-27T11:59:08.3824659Z"}}}]}