{"MessageId":"bc8db847-f1e7-4d26-b4a6-2a9b0bd7dfce","MessageType":"ua-data","PublisherId":"DESKTOP-BGFJS91","DataSetWriterGroup":"<<UnknownWriterGroup>>","Messages":[{"SequenceNumber":35,"MetaDataVersion":{"MajorVersion":1},"Timestamp":"2024-04-27T11:59:10.4793683Z","MessageType":"ua-deltaframe","DataSetWriterName":"<<UnknownDataSet>>","Payload":{"nsu=http://opcfoundation.org/UA/Plc/Applications;s=StepUp":{"Value":406,"SourceTimestamp":"2024-04-27T11:59:10.3873895Z","ServerTimestamp":"2024-04-27T11:59:10.3873932Z"},"nsu=http://opcfoundation.org/UA/Plc/Applications;s=AlternatingBoolean":{"Value":true,"SourceTimestamp":"2024-04-27T11:59:09.8908743Z","ServerTimestamp":"2024-04-27T11:59:09.8908777Z"},"nsu=http://opcfoundation.org/UA/Plc/Applications;s=RandomSignedInt32":{"Value":-1717755130,"SourceTimestamp":"2024-04-27T11:59:10.3874463Z","ServerTimestamp":"2024-04-27T11:59:10.3874514Z"},"nsu=http://opcfoundation.org/UA/Plc/Applications;s=RandomUnsignedInt32":{"Value":513738127,"SourceTimestamp":"2024-04-27T11:59:10.3874331Z","ServerTimestamp":"2024-04-27T11:59:10.3874343Z"},"nsu=http://opcfoundation.org/UA/Plc/Applications;s=DipData":{"Value":-58.778525229247258,"SourceTimestamp":"2024-04-27T11:59:10.387445Z","ServerTimestamp":"2024-04-27T11:59:10.3874465Z"},"nsu=http://opcfoundation.org/UA/Plc/Applications;s=FastUIntScalar1":{"Value":40,"SourceTimestamp":"2024-04-27T11:59:09.7812783Z","ServerTimestamp":"2024-04-27T11:59:09.7812813Z"},"nsu=http://opcfoundation.org/UA/Plc/Applications;s=FastUIntScalar2":{"Value":40,"SourceTimestamp":"2024-04-27T11:59:09.7812852Z","ServerTimestamp":"2024-04-27T11:59:09.7812871Z"},"nsu=http://opcfoundation.org/UA/Plc/Applications;s=FastUIntScalar3":{"Value":40,"SourceTimestamp":"2024-04-27T11:59:09.7812882Z","ServerTimestamp":"2024-04-27T11:59:09.7812921Z"},"nsu=http://opcfoundation.org/UA/Plc/Applications;s=FastRandomUIntScalar1":{"Value":595100386,"SourceTimestamp":"2024-04-27T11:59:09.781279Z","ServerTimestamp":"2024-04-27T11:59:09.7812881Z"},"nsu=http://opcfoundation.org/UA/Plc/Applications;s=FastRandomUIntScalar2":{"Value":1596311478,"SourceTimestamp":"2024-04-27T11:59:09.7812921Z","ServerTimestamp":"2024-04-27T11:59:09.781295Z"},"nsu=http://opcfoundation.org/UA/Plc/Applications;s=FastRandomUIntScalar3":{"Value":33520444,"SourceTimestamp":"2024-04-27T11:59:09.7812963Z","ServerTimestamp":"2024-04-27T11:59:09.7812975Z"},"nsu=http://opcfoundation.org/UA/Plc/Applications;s=NegativeTrendData":{"Value":99.200000000000003,"SourceTimestamp":"2024-04-27T11:59:09.8909007Z","ServerTimestamp":"2024-04-27T11:59:09.8909171Z"},"nsu=http://opcfoundation.org/UA/Plc/Applications;s=PositiveTrendData":{"Value":100.7,"SourceTimestamp":"2024-04-27T11:59:09.8909034Z","ServerTimestamp":"2024-04-27T11:59:09.8909207Z"},"nsu=http://opcfoundation.org/UA/Plc/Applications;s=SlowUIntScalar1":{"Value":4,"SourceTimestamp":"2024-04-27T11:59:09.781261Z","ServerTimestamp":"2024-04-27T11:59:09.7812637Z"},"nsu=http://opcfoundation.org/UA/Plc/Applications;s=SlowUIntScalar2":{"Value":4,"SourceTimestamp":"2024-04-27T11:59:09.7812721Z","ServerTimestamp":"2024-04-27T11:59:09.7812784Z"},"nsu=http://opcfoundation.org/UA/Plc/Applications;s=SlowUIntScalar3":{"Value":4,"SourceTimestamp":"2024-04-27T11:59:09.7812799Z","ServerTimestamp":"2024-04-27T11:59:09.7812851Z"},"nsu=http://opcfoundation.org/UA/Plc/Applications;s=BadSlowUIntScalar1":{"Value":4,"StatusCode":{"Symbol":"UncertainLastUsableValue","Code":1083179008},"SourceTimestamp":"2024-04-27T11:59:09.781287Z","ServerTimestamp":"2024-04-27T11:59:09.7812963Z"},"nsu=http://opcfoundation.org/UA/Plc/Applications;s=SlowRandomUIntScalar1":{"Value":1778855520,"SourceTimestamp":"2024-04-27T11:59:09.7812636Z","ServerTimestamp":"2024-04-27T11:59:09.7812724Z"},"nsu=http://opcfoundation.org/UA/Plc/Applications;s=SlowRandomUIntScalar2":{"Value":387518652,"SourceTimestamp":"2024-04-27T11:59:09.7812786Z","ServerTimestamp":"2024-04-27T11:59:09.7812798Z"},"nsu=http://opcfoundation.org/UA/Plc/Applications;s=SlowRandomUIntScalar3":{"Value":1244201026,"SourceTimestamp":"2024-04-27T11:59:09.7812813Z","ServerTimestamp":"2024-04-27T11:59:09.7812861Z"},"nsu=http://opcfoundation.org/UA/Plc/Applications;s=BadSlowRandomUIntScalar1":{"Value":3178972198,"StatusCode":{"Symbol":"UncertainLastUsableValue","Code":1083179008},"SourceTimestamp":"2024-04-27T11:59:09.7812875Z","ServerTimestamp":"2024-04-27T11:59:09.7812935Z"},"nsu=http://opcfoundation.org/UA/Plc/Applications;s=SpikeData":{"Value":-58.778525229247258,"SourceTimestamp":"2024-04-27T11:59:10.387502Z","ServerTimestamp":"2024-04-27T11:59:10.3875044Z"}}}]}