{"MessageId":"19381e32-9eb0-41a5-8939-ef17bfafc441","MessageType":"ua-data","PublisherId":"DESKTOP-BGFJS91","DataSetWriterGroup":"<<UnknownWriterGroup>>","Messages":[{"SequenceNumber":4,"MetaDataVersion":{"MajorVersion":1},"Timestamp":"2024-04-27T11:58:34.501684Z","MessageType":"ua-deltaframe","DataSetWriterName":"<<UnknownDataSet>>","Payload":{"nsu=http://opcfoundation.org/UA/Plc/Applications;s=StepUp":{"Value":47,"SourceTimestamp":"2024-04-27T11:58:34.4860444Z","ServerTimestamp":"2024-04-27T11:58:34.4860484Z"},"nsu=http://opcfoundation.org/UA/Plc/Applications;s=RandomSignedInt32":{"Value":250871,"SourceTimestamp":"2024-04-27T11:58:34.4860938Z","ServerTimestamp":"2024-04-27T11:58:34.486096Z"},"nsu=http://opcfoundation.org/UA/Plc/Applications;s=RandomUnsignedInt32":{"Value":1706809546,"SourceTimestamp":"2024-04-27T11:58:34.4860872Z","ServerTimestamp":"2024-04-27T11:58:34.4860884Z"},"nsu=http://opcfoundation.org/UA/Plc/Applications;s=DipData":{"Value":48.175367410171532,"SourceTimestamp":"2024-04-27T11:58:34.4861067Z","ServerTimestamp":"2024-04-27T11:58:34.4861112Z"},"nsu=http://opcfoundation.org/UA/Plc/Applications;s=FastUIntScalar1":{"Value":4,"SourceTimestamp":"2024-04-27T11:58:33.7918148Z","ServerTimestamp":"2024-04-27T11:58:33.7918177Z"},"nsu=http://opcfoundation.org/UA/Plc/Applications;s=FastUIntScalar2":{"Value":4,"SourceTimestamp":"2024-04-27T11:58:33.7918276Z","ServerTimestamp":"2024-04-27T11:58:33.7918295Z"},"nsu=http://opcfoundation.org/UA/Plc/Applications;s=FastUIntScalar3":{"Value":4,"SourceTimestamp":"2024-04-27T11:58:33.7918307Z","ServerTimestamp":"2024-04-27T11:58:33.7918322Z"},"nsu=http://opcfoundation.org/UA/Plc/Applications;s=FastRandomUIntScalar1":{"Value":3572121088,"SourceTimestamp":"2024-04-27T11:58:33.7918199Z","ServerTimestamp":"2024-04-27T11:58:33.7918275Z"},"nsu=http://opcfoundation.org/UA/Plc/Applications;s=FastRandomUIntScalar2":{"Value":4197935159,"SourceTimestamp":"2024-04-27T11:58:33.7918294Z","ServerTimestamp":"2024-04-27T11:58:33.7918311Z"},"nsu=http://opcfoundation.org/UA/Plc/Applications;s=FastRandomUIntScalar3":{"Value":2958519942,"SourceTimestamp":"2024-04-27T11:58:33.7918322Z","ServerTimestamp":"2024-04-27T11:58:33.7918331Z"},"nsu=http://opcfoundation.org/UA/Plc/Applications;s=SpikeData":{"Value":48.175367410171532,"SourceTimestamp":"2024-04-27T11:58:34.486117Z","ServerTimestamp":"2024-04-27T11:58:34.4861181Z"}}}]}