{"MessageId":"11673b7e-7e11-4cbe-b91b-d6d452a0e8df","MessageType":"ua-data","PublisherId":"DESKTOP-BGFJS91","DataSetWriterGroup":"<<UnknownWriterGroup>>","Messages":[{"SequenceNumber":49,"MetaDataVersion":{"MajorVersion":1},"Timestamp":"2024-04-27T11:59:25.4850454Z","MessageType":"ua-deltaframe","DataSetWriterName":"<<UnknownDataSet>>","Payload":{"nsu=http://opcfoundation.org/UA/Plc/Applications;s=AlternatingBoolean":{"Value":false,"SourceTimestamp":"2024-04-27T11:59:24.8947Z","ServerTimestamp":"2024-04-27T11:59:24.8947099Z"},"nsu=http://opcfoundation.org/UA/Plc/Applications;s=NegativeTrendData":{"Value":98.900000000000006,"SourceTimestamp":"2024-04-27T11:59:24.8947217Z","ServerTimestamp":"2024-04-27T11:59:24.894723Z"},"nsu=http://opcfoundation.org/UA/Plc/Applications;s=PositiveTrendData":{"Value":101,"SourceTimestamp":"2024-04-27T11:59:24.8947328Z","ServerTimestamp":"2024-04-27T11:59:24.8947339Z"}}}]}