{"MessageId":"f0b7d486-bf1a-42b7-a5b2-7abfd11842d6","MessageType":"ua-data","PublisherId":"DESKTOP-BGFJS91","DataSetWriterGroup":"<<UnknownWriterGroup>>","Messages":[{"SequenceNumber":55,"MetaDataVersion":{"MajorVersion":1},"Timestamp":"2024-04-27T11:59:31.5128591Z","MessageType":"ua-deltaframe","DataSetWriterName":"<<UnknownDataSet>>","Payload":{"nsu=http://opcfoundation.org/UA/Plc/Applications;s=StepUp":{"Value":617,"SourceTimestamp":"2024-04-27T11:59:31.4965188Z","ServerTimestamp":"2024-04-27T11:59:31.4965217Z"},"nsu=http://opcfoundation.org/UA/Plc/Applications;s=RandomSignedInt32":{"Value":1851814037,"SourceTimestamp":"2024-04-27T11:59:31.4965429Z","ServerTimestamp":"2024-04-27T11:59:31.4965457Z"},"nsu=http://opcfoundation.org/UA/Plc/Applications;s=RandomUnsignedInt32":{"Value":2014467764,"SourceTimestamp":"2024-04-27T11:59:31.4965423Z","ServerTimestamp":"2024-04-27T11:59:31.496543Z"},"nsu=http://opcfoundation.org/UA/Plc/Applications;s=DipData":{"Value":-90.482705246601981,"SourceTimestamp":"2024-04-27T11:59:31.4965546Z","ServerTimestamp":"2024-04-27T11:59:31.4965553Z"},"nsu=http://opcfoundation.org/UA/Plc/Applications;s=FastUIntScalar1":{"Value":61,"SourceTimestamp":"2024-04-27T11:59:30.782042Z","ServerTimestamp":"2024-04-27T11:59:30.7820426Z"},"nsu=http://opcfoundation.org/UA/Plc/Applications;s=FastUIntScalar2":{"Value":61,"SourceTimestamp":"2024-04-27T11:59:30.7820438Z","ServerTimestamp":"2024-04-27T11:59:30.7820444Z"},"nsu=http://opcfoundation.org/UA/Plc/Applications;s=FastUIntScalar3":{"Value":61,"SourceTimestamp":"2024-04-27T11:59:30.7820453Z","ServerTimestamp":"2024-04-27T11:59:30.7820457Z"},"nsu=http://opcfoundation.org/UA/Plc/Applications;s=FastRandomUIntScalar1":{"Value":2589516958,"SourceTimestamp":"2024-04-27T11:59:30.7820327Z","ServerTimestamp":"2024-04-27T11:59:30.782034Z"},"nsu=http://opcfoundation.org/UA/Plc/Applications;s=FastRandomUIntScalar2":{"Value":804061264,"SourceTimestamp":"2024-04-27T11:59:30.7820354Z","ServerTimestamp":"2024-04-27T11:59:30.7820361Z"},"nsu=http://opcfoundation.org/UA/Plc/Applications;s=FastRandomUIntScalar3":{"Value":361799435,"SourceTimestamp":"2024-04-27T11:59:30.7820372Z","ServerTimestamp":"2024-04-27T11:59:30.7820376Z"},"nsu=http://opcfoundation.org/UA/Plc/Applications;s=SpikeData":{"Value":-90.482705246601981,"SourceTimestamp":"2024-04-27T11:59:31.4965591Z","ServerTimestamp":"2024-04-27T11:59:31.4965597Z"}}}]}