{"MessageId":"4478e190-a2aa-4ca3-b7ac-95597b91607b","MessageType":"ua-data","PublisherId":"DESKTOP-BGFJS91","DataSetWriterGroup":"<<UnknownWriterGroup>>","Messages":[{"SequenceNumber":58,"MetaDataVersion":{"MajorVersion":1},"Timestamp":"2024-04-27T11:59:35.532171Z","MessageType":"ua-deltaframe","DataSetWriterName":"<<UnknownDataSet>>","Payload":{"nsu=http://opcfoundation.org/UA/Plc/Applications;s=StepUp":{"Value":657,"SourceTimestamp":"2024-04-27T11:59:35.4861414Z","ServerTimestamp":"2024-04-27T11:59:35.4861448Z"},"nsu=http://opcfoundation.org/UA/Plc/Applications;s=AlternatingBoolean":{"Value":false,"SourceTimestamp":"2024-04-27T11:59:34.8940058Z","ServerTimestamp":"2024-04-27T11:59:34.8940087Z"},"nsu=http://opcfoundation.org/UA/Plc/Applications;s=RandomSignedInt32":{"Value":2117011105,"SourceTimestamp":"2024-04-27T11:59:35.4861544Z","ServerTimestamp":"2024-04-27T11:59:35.4862091Z"},"nsu=http://opcfoundation.org/UA/Plc/Applications;s=RandomUnsignedInt32":{"Value":1046361692,"SourceTimestamp":"2024-04-27T11:59:35.4861704Z","ServerTimestamp":"2024-04-27T11:59:35.4862268Z"},"nsu=http://opcfoundation.org/UA/Plc/Applications;s=DipData":{"Value":-68.454710592868821,"SourceTimestamp":"2024-04-27T11:59:35.4861884Z","ServerTimestamp":"2024-04-27T11:59:35.4861918Z"},"nsu=http://opcfoundation.org/UA/Plc/Applications;s=FastUIntScalar1":{"Value":65,"SourceTimestamp":"2024-04-27T11:59:34.7851958Z","ServerTimestamp":"2024-04-27T11:59:34.7851983Z"},"nsu=http://opcfoundation.org/UA/Plc/Applications;s=FastUIntScalar2":{"Value":65,"SourceTimestamp":"2024-04-27T11:59:34.785207Z","ServerTimestamp":"2024-04-27T11:59:34.7852348Z"},"nsu=http://opcfoundation.org/UA/Plc/Applications;s=FastUIntScalar3":{"Value":65,"SourceTimestamp":"2024-04-27T11:59:34.7852378Z","ServerTimestamp":"2024-04-27T11:59:34.7852386Z"},"nsu=http://opcfoundation.org/UA/Plc/Applications;s=FastRandomUIntScalar1":{"Value":1289527700,"SourceTimestamp":"2024-04-27T11:59:34.7852013Z","ServerTimestamp":"2024-04-27T11:59:34.7852123Z"},"nsu=http://opcfoundation.org/UA/Plc/Applications;s=FastRandomUIntScalar2":{"Value":500822615,"SourceTimestamp":"2024-04-27T11:59:34.7852188Z","ServerTimestamp":"2024-04-27T11:59:34.7852261Z"},"nsu=http://opcfoundation.org/UA/Plc/Applications;s=FastRandomUIntScalar3":{"Value":3560410369,"SourceTimestamp":"2024-04-27T11:59:34.7852274Z","ServerTimestamp":"2024-04-27T11:59:34.7852278Z"},"nsu=http://opcfoundation.org/UA/Plc/Applications;s=NegativeTrendData":{"Value":98.700000000000003,"SourceTimestamp":"2024-04-27T11:59:34.8940544Z","ServerTimestamp":"2024-04-27T11:59:34.8940552Z"},"nsu=http://opcfoundation.org/UA/Plc/Applications;s=PositiveTrendData":{"Value":101.2,"SourceTimestamp":"2024-04-27T11:59:34.8941101Z","ServerTimestamp":"2024-04-27T11:59:34.8941481Z"},"nsu=http://opcfoundation.org/UA/Plc/Applications;s=SpikeData":{"Value":-68.454710592868821,"SourceTimestamp":"2024-04-27T11:59:35.4861964Z","ServerTimestamp":"2024-04-27T11:59:35.4861999Z"}}}]}