{"MessageId":"4f59df64-9dbc-45c5-b84e-a9d5fa1763fd","MessageType":"ua-data","PublisherId":"DESKTOP-BGFJS91","DataSetWriterGroup":"<<UnknownWriterGroup>>","Messages":[{"SequenceNumber":63,"MetaDataVersion":{"MajorVersion":1},"Timestamp":"2024-04-27T11:59:40.4972882Z","MessageType":"ua-deltaframe","DataSetWriterName":"<<UnknownDataSet>>","Payload":{"nsu=http://opcfoundation.org/UA/Plc/Applications;s=StepUp":{"Value":707,"SourceTimestamp":"2024-04-27T11:59:40.4810489Z","ServerTimestamp":"2024-04-27T11:59:40.481052Z"},"nsu=http://opcfoundation.org/UA/Plc/Applications;s=AlternatingBoolean":{"Value":true,"SourceTimestamp":"2024-04-27T11:59:39.8924472Z","ServerTimestamp":"2024-04-27T11:59:39.8924543Z"},"nsu=http://opcfoundation.org/UA/Plc/Applications;s=RandomSignedInt32":{"Value":1780911733,"SourceTimestamp":"2024-04-27T11:59:40.4810622Z","ServerTimestamp":"2024-04-27T11:59:40.481067Z"},"nsu=http://opcfoundation.org/UA/Plc/Applications;s=RandomUnsignedInt32":{"Value":865045126,"SourceTimestamp":"2024-04-27T11:59:40.4810782Z","ServerTimestamp":"2024-04-27T11:59:40.4810801Z"},"nsu=http://opcfoundation.org/UA/Plc/Applications;s=DipData":{"Value":-68.454710592868821,"SourceTimestamp":"2024-04-27T11:59:40.4810793Z","ServerTimestamp":"2024-04-27T11:59:40.4810843Z"},"nsu=http://opcfoundation.org/UA/Plc/Applications;s=FastUIntScalar1":{"Value":70,"SourceTimestamp":"2024-04-27T11:59:39.7836929Z","ServerTimestamp":"2024-04-27T11:59:39.783695Z"},"nsu=http://opcfoundation.org/UA/Plc/Applications;s=FastUIntScalar2":{"Value":70,"SourceTimestamp":"2024-04-27T11:59:39.783699Z","ServerTimestamp":"2024-04-27T11:59:39.7837041Z"},"nsu=http://opcfoundation.org/UA/Plc/Applications;s=FastUIntScalar3":{"Value":70,"SourceTimestamp":"2024-04-27T11:59:39.7837059Z","ServerTimestamp":"2024-04-27T11:59:39.7837069Z"},"nsu=http://opcfoundation.org/UA/Plc/Applications;s=FastRandomUIntScalar1":{"Value":3280304368,"SourceTimestamp":"2024-04-27T11:59:39.7836959Z","ServerTimestamp":"2024-04-27T11:59:39.7837Z"},"nsu=http://opcfoundation.org/UA/Plc/Applications;s=FastRandomUIntScalar2":{"Value":2574826936,"SourceTimestamp":"2024-04-27T11:59:39.7837014Z","ServerTimestamp":"2024-04-27T11:59:39.7837026Z"},"nsu=http://opcfoundation.org/UA/Plc/Applications;s=FastRandomUIntScalar3":{"Value":2748669857,"SourceTimestamp":"2024-04-27T11:59:39.7837041Z","ServerTimestamp":"2024-04-27T11:59:39.7837058Z"},"nsu=http://opcfoundation.org/UA/Plc/Applications;s=NegativeTrendData":{"Value":98.599999999999994,"SourceTimestamp":"2024-04-27T11:59:39.8925092Z","ServerTimestamp":"2024-04-27T11:59:39.8925118Z"},"nsu=http://opcfoundation.org/UA/Plc/Applications;s=PositiveTrendData":{"Value":101.3,"SourceTimestamp":"2024-04-27T11:59:39.8925029Z","ServerTimestamp":"2024-04-27T11:59:39.8925044Z"},"nsu=http://opcfoundation.org/UA/Plc/Applications;s=SlowUIntScalar1":{"Value":7,"SourceTimestamp":"2024-04-27T11:59:39.7836693Z","ServerTimestamp":"2024-04-27T11:59:39.783672Z"},"nsu=http://opcfoundation.org/UA/Plc/Applications;s=SlowUIntScalar2":{"Value":7,"SourceTimestamp":"2024-04-27T11:59:39.7836818Z","ServerTimestamp":"2024-04-27T11:59:39.7836823Z"},"nsu=http://opcfoundation.org/UA/Plc/Applications;s=SlowUIntScalar3":{"Value":7,"SourceTimestamp":"2024-04-27T11:59:39.7836835Z","ServerTimestamp":"2024-04-27T11:59:39.7836841Z"},"nsu=http://opcfoundation.org/UA/Plc/Applications;s=BadSlowUIntScalar1":{"Value":7,"SourceTimestamp":"2024-04-27T11:59:39.7836856Z","ServerTimestamp":"2024-04-27T11:59:39.7836923Z"},"nsu=http://opcfoundation.org/UA/Plc/Applications;s=SlowRandomUIntScalar1":{"Value":918338582,"SourceTimestamp":"2024-04-27T11:59:39.7836833Z","ServerTimestamp":"2024-04-27T11:59:39.7836856Z"},"nsu=http://opcfoundation.org/UA/Plc/Applications;s=SlowRandomUIntScalar2":{"Value":3548738635,"SourceTimestamp":"2024-04-27T11:59:39.7836922Z","ServerTimestamp":"2024-04-27T11:59:39.7836937Z"},"nsu=http://opcfoundation.org/UA/Plc/Applications;s=SlowRandomUIntScalar3":{"Value":2202330270,"SourceTimestamp":"2024-04-27T11:59:39.783695Z","ServerTimestamp":"2024-04-27T11:59:39.7836991Z"},"nsu=http://opcfoundation.org/UA/Plc/Applications;s=BadSlowRandomUIntScalar1":{"Value":2828235662,"SourceTimestamp":"2024-04-27T11:59:39.7837005Z","ServerTimestamp":"2024-04-27T11:59:39.7837013Z"},"nsu=http://opcfoundation.org/UA/Plc/Applications;s=SpikeData":{"Value":-68.454710592868821,"SourceTimestamp":"2024-04-27T11:59:40.4810926Z","ServerTimestamp":"2024-04-27T11:59:40.4810939Z"}}}]}