{"MessageId":"a6f64cb2-1134-4421-b703-d30992aa06db","MessageType":"ua-data","PublisherId":"DESKTOP-BGFJS91","DataSetWriterGroup":"<<UnknownWriterGroup>>","Messages":[{"SequenceNumber":65,"MetaDataVersion":{"MajorVersion":1},"Timestamp":"2024-04-27T11:59:43.5202734Z","MessageType":"ua-deltaframe","DataSetWriterName":"<<UnknownDataSet>>","Payload":{"nsu=http://opcfoundation.org/UA/Plc/Applications;s=StepUp":{"Value":737,"SourceTimestamp":"2024-04-27T11:59:43.4896208Z","ServerTimestamp":"2024-04-27T11:59:43.4896255Z"},"nsu=http://opcfoundation.org/UA/Plc/Applications;s=RandomSignedInt32":{"Value":-1510747904,"SourceTimestamp":"2024-04-27T11:59:43.489639Z","ServerTimestamp":"2024-04-27T11:59:43.4896616Z"},"nsu=http://opcfoundation.org/UA/Plc/Applications;s=RandomUnsignedInt32":{"Value":601888710,"SourceTimestamp":"2024-04-27T11:59:43.489673Z","ServerTimestamp":"2024-04-27T11:59:43.4896963Z"},"nsu=http://opcfoundation.org/UA/Plc/Applications;s=DipData":{"Value":98.228725072868855,"SourceTimestamp":"2024-04-27T11:59:43.4897097Z","ServerTimestamp":"2024-04-27T11:59:43.4897992Z"},"nsu=http://opcfoundation.org/UA/Plc/Applications;s=FastUIntScalar1":{"Value":73,"SourceTimestamp":"2024-04-27T11:59:42.7827295Z","ServerTimestamp":"2024-04-27T11:59:42.7827321Z"},"nsu=http://opcfoundation.org/UA/Plc/Applications;s=FastUIntScalar2":{"Value":73,"SourceTimestamp":"2024-04-27T11:59:42.7827437Z","ServerTimestamp":"2024-04-27T11:59:42.7827575Z"},"nsu=http://opcfoundation.org/UA/Plc/Applications;s=FastUIntScalar3":{"Value":73,"SourceTimestamp":"2024-04-27T11:59:42.7827589Z","ServerTimestamp":"2024-04-27T11:59:42.7827615Z"},"nsu=http://opcfoundation.org/UA/Plc/Applications;s=FastRandomUIntScalar1":{"Value":1410420132,"SourceTimestamp":"2024-04-27T11:59:42.7827333Z","ServerTimestamp":"2024-04-27T11:59:42.7827455Z"},"nsu=http://opcfoundation.org/UA/Plc/Applications;s=FastRandomUIntScalar2":{"Value":4163040853,"SourceTimestamp":"2024-04-27T11:59:42.7827569Z","ServerTimestamp":"2024-04-27T11:59:42.7827593Z"},"nsu=http://opcfoundation.org/UA/Plc/Applications;s=FastRandomUIntScalar3":{"Value":3898834106,"SourceTimestamp":"2024-04-27T11:59:42.782761Z","ServerTimestamp":"2024-04-27T11:59:42.7827628Z"},"nsu=http://opcfoundation.org/UA/Plc/Applications;s=SpikeData":{"Value":98.228725072868855,"SourceTimestamp":"2024-04-27T11:59:43.4897365Z","ServerTimestamp":"2024-04-27T11:59:43.4897569Z"}}}]}