{"MessageId":"528071df-3166-406e-9438-67f3b8a19bd7","MessageType":"ua-data","PublisherId":"DESKTOP-BGFJS91","DataSetWriterGroup":"<<UnknownWriterGroup>>","Messages":[{"SequenceNumber":67,"MetaDataVersion":{"MajorVersion":1},"Timestamp":"2024-04-27T11:59:45.5085349Z","MessageType":"ua-deltaframe","DataSetWriterName":"<<UnknownDataSet>>","Payload":{"nsu=http://opcfoundation.org/UA/Plc/Applications;s=StepUp":{"Value":757,"SourceTimestamp":"2024-04-27T11:59:45.4930756Z","ServerTimestamp":"2024-04-27T11:59:45.49308Z"},"nsu=http://opcfoundation.org/UA/Plc/Applications;s=AlternatingBoolean":{"Value":false,"SourceTimestamp":"2024-04-27T11:59:44.8867023Z","ServerTimestamp":"2024-04-27T11:59:44.8867114Z"},"nsu=http://opcfoundation.org/UA/Plc/Applications;s=RandomSignedInt32":{"Value":-224202525,"SourceTimestamp":"2024-04-27T11:59:45.4931353Z","ServerTimestamp":"2024-04-27T11:59:45.4931555Z"},"nsu=http://opcfoundation.org/UA/Plc/Applications;s=RandomUnsignedInt32":{"Value":526066071,"SourceTimestamp":"2024-04-27T11:59:45.493115Z","ServerTimestamp":"2024-04-27T11:59:45.4931266Z"},"nsu=http://opcfoundation.org/UA/Plc/Applications;s=DipData":{"Value":-68.454710592868821,"SourceTimestamp":"2024-04-27T11:59:45.4931394Z","ServerTimestamp":"2024-04-27T11:59:45.4932414Z"},"nsu=http://opcfoundation.org/UA/Plc/Applications;s=FastUIntScalar1":{"Value":75,"SourceTimestamp":"2024-04-27T11:59:44.7937259Z","ServerTimestamp":"2024-04-27T11:59:44.7937291Z"},"nsu=http://opcfoundation.org/UA/Plc/Applications;s=FastUIntScalar2":{"Value":75,"SourceTimestamp":"2024-04-27T11:59:44.7937415Z","ServerTimestamp":"2024-04-27T11:59:44.7937425Z"},"nsu=http://opcfoundation.org/UA/Plc/Applications;s=FastUIntScalar3":{"Value":75,"SourceTimestamp":"2024-04-27T11:59:44.7937441Z","ServerTimestamp":"2024-04-27T11:59:44.7937449Z"},"nsu=http://opcfoundation.org/UA/Plc/Applications;s=FastRandomUIntScalar1":{"Value":4132966856,"SourceTimestamp":"2024-04-27T11:59:44.7937626Z","ServerTimestamp":"2024-04-27T11:59:44.7937665Z"},"nsu=http://opcfoundation.org/UA/Plc/Applications;s=FastRandomUIntScalar2":{"Value":3865932088,"SourceTimestamp":"2024-04-27T11:59:44.7937795Z","ServerTimestamp":"2024-04-27T11:59:44.7937814Z"},"nsu=http://opcfoundation.org/UA/Plc/Applications;s=FastRandomUIntScalar3":{"Value":2949315309,"SourceTimestamp":"2024-04-27T11:59:44.7937836Z","ServerTimestamp":"2024-04-27T11:59:44.7937845Z"},"nsu=http://opcfoundation.org/UA/Plc/Applications;s=NegativeTrendData":{"Value":98.5,"SourceTimestamp":"2024-04-27T11:59:44.8867311Z","ServerTimestamp":"2024-04-27T11:59:44.886739Z"},"nsu=http://opcfoundation.org/UA/Plc/Applications;s=PositiveTrendData":{"Value":101.40000000000001,"SourceTimestamp":"2024-04-27T11:59:44.886731Z","ServerTimestamp":"2024-04-27T11:59:44.8867664Z"},"nsu=http://opcfoundation.org/UA/Plc/Applications;s=SpikeData":{"Value":-68.454710592868821,"SourceTimestamp":"2024-04-27T11:59:45.4931847Z","ServerTimestamp":"2024-04-27T11:59:45.4931858Z"}}}]}