{"MessageId":"f8c98bf3-9323-4f2e-ad4b-8c14d40dde43","MessageType":"ua-data","PublisherId":"DESKTOP-BGFJS91","DataSetWriterGroup":"<<UnknownWriterGroup>>","Messages":[{"SequenceNumber":7,"MetaDataVersion":{"MajorVersion":1},"Timestamp":"2024-04-27T11:58:37.5249473Z","MessageType":"ua-deltaframe","DataSetWriterName":"<<UnknownDataSet>>","Payload":{"nsu=http://opcfoundation.org/UA/Plc/Applications;s=StepUp":{"Value":77,"SourceTimestamp":"2024-04-27T11:58:37.4946279Z","ServerTimestamp":"2024-04-27T11:58:37.4946304Z"},"nsu=http://opcfoundation.org/UA/Plc/Applications;s=RandomSignedInt32":{"Value":1532302790,"SourceTimestamp":"2024-04-27T11:58:37.4946557Z","ServerTimestamp":"2024-04-27T11:58:37.4946751Z"},"nsu=http://opcfoundation.org/UA/Plc/Applications;s=RandomUnsignedInt32":{"Value":89627188,"SourceTimestamp":"2024-04-27T11:58:37.4946801Z","ServerTimestamp":"2024-04-27T11:58:37.494682Z"},"nsu=http://opcfoundation.org/UA/Plc/Applications;s=DipData":{"Value":12.53332335643041,"SourceTimestamp":"2024-04-27T11:58:37.4946891Z","ServerTimestamp":"2024-04-27T11:58:37.4946977Z"},"nsu=http://opcfoundation.org/UA/Plc/Applications;s=FastUIntScalar1":{"Value":7,"SourceTimestamp":"2024-04-27T11:58:36.794552Z","ServerTimestamp":"2024-04-27T11:58:36.7945548Z"},"nsu=http://opcfoundation.org/UA/Plc/Applications;s=FastUIntScalar2":{"Value":7,"SourceTimestamp":"2024-04-27T11:58:36.7945644Z","ServerTimestamp":"2024-04-27T11:58:36.7945702Z"},"nsu=http://opcfoundation.org/UA/Plc/Applications;s=FastUIntScalar3":{"Value":7,"SourceTimestamp":"2024-04-27T11:58:36.7945711Z","ServerTimestamp":"2024-04-27T11:58:36.7945724Z"},"nsu=http://opcfoundation.org/UA/Plc/Applications;s=FastRandomUIntScalar1":{"Value":4099237183,"SourceTimestamp":"2024-04-27T11:58:36.7945616Z","ServerTimestamp":"2024-04-27T11:58:36.7945647Z"},"nsu=http://opcfoundation.org/UA/Plc/Applications;s=FastRandomUIntScalar2":{"Value":1555044947,"SourceTimestamp":"2024-04-27T11:58:36.7945701Z","ServerTimestamp":"2024-04-27T11:58:36.7945713Z"},"nsu=http://opcfoundation.org/UA/Plc/Applications;s=FastRandomUIntScalar3":{"Value":2130564340,"SourceTimestamp":"2024-04-27T11:58:36.7945724Z","ServerTimestamp":"2024-04-27T11:58:36.7945729Z"},"nsu=http://opcfoundation.org/UA/Plc/Applications;s=SpikeData":{"Value":12.53332335643041,"SourceTimestamp":"2024-04-27T11:58:37.4946939Z","ServerTimestamp":"2024-04-27T11:58:37.4947016Z"}}}]}