{"MessageId":"09d8ea56-c2ce-4a88-b681-22955fdf8281","MessageType":"ua-data","PublisherId":"DESKTOP-BGFJS91","DataSetWriterGroup":"<<UnknownWriterGroup>>","Messages":[{"SequenceNumber":70,"MetaDataVersion":{"MajorVersion":1},"Timestamp":"2024-04-27T11:59:49.5232596Z","MessageType":"ua-deltaframe","DataSetWriterName":"<<UnknownDataSet>>","Payload":{"nsu=http://opcfoundation.org/UA/Plc/Applications;s=StepUp":{"Value":797,"SourceTimestamp":"2024-04-27T11:59:49.4920983Z","ServerTimestamp":"2024-04-27T11:59:49.4921018Z"},"nsu=http://opcfoundation.org/UA/Plc/Applications;s=RandomSignedInt32":{"Value":-1600672292,"SourceTimestamp":"2024-04-27T11:59:49.4921554Z","ServerTimestamp":"2024-04-27T11:59:49.4921578Z"},"nsu=http://opcfoundation.org/UA/Plc/Applications;s=RandomUnsignedInt32":{"Value":1360184029,"SourceTimestamp":"2024-04-27T11:59:49.4921428Z","ServerTimestamp":"2024-04-27T11:59:49.4921438Z"},"nsu=http://opcfoundation.org/UA/Plc/Applications;s=DipData":{"Value":48.175367410171532,"SourceTimestamp":"2024-04-27T11:59:49.492159Z","ServerTimestamp":"2024-04-27T11:59:49.492165Z"},"nsu=http://opcfoundation.org/UA/Plc/Applications;s=FastUIntScalar1":{"Value":79,"SourceTimestamp":"2024-04-27T11:59:48.7821211Z","ServerTimestamp":"2024-04-27T11:59:48.782126Z"},"nsu=http://opcfoundation.org/UA/Plc/Applications;s=FastUIntScalar2":{"Value":79,"SourceTimestamp":"2024-04-27T11:59:48.7821322Z","ServerTimestamp":"2024-04-27T11:59:48.7821337Z"},"nsu=http://opcfoundation.org/UA/Plc/Applications;s=FastUIntScalar3":{"Value":79,"SourceTimestamp":"2024-04-27T11:59:48.7821349Z","ServerTimestamp":"2024-04-27T11:59:48.7821362Z"},"nsu=http://opcfoundation.org/UA/Plc/Applications;s=FastRandomUIntScalar1":{"Value":659068867,"SourceTimestamp":"2024-04-27T11:59:48.7821155Z","ServerTimestamp":"2024-04-27T11:59:48.7821171Z"},"nsu=http://opcfoundation.org/UA/Plc/Applications;s=FastRandomUIntScalar2":{"Value":249070764,"SourceTimestamp":"2024-04-27T11:59:48.7821255Z","ServerTimestamp":"2024-04-27T11:59:48.7821322Z"},"nsu=http://opcfoundation.org/UA/Plc/Applications;s=FastRandomUIntScalar3":{"Value":577015434,"SourceTimestamp":"2024-04-27T11:59:48.7821337Z","ServerTimestamp":"2024-04-27T11:59:48.782135Z"},"nsu=http://opcfoundation.org/UA/Plc/Applications;s=SpikeData":{"Value":48.175367410171532,"SourceTimestamp":"2024-04-27T11:59:49.4921705Z","ServerTimestamp":"2024-04-27T11:59:49.4921747Z"}}}]}