{"MessageId":"54bd893a-a80d-49fc-8c7a-344e9aab528e","MessageType":"ua-data","PublisherId":"DESKTOP-BGFJS91","DataSetWriterGroup":"<<UnknownWriterGroup>>","Messages":[{"SequenceNumber":72,"MetaDataVersion":{"MajorVersion":1},"Timestamp":"2024-04-27T11:59:51.4960448Z","MessageType":"ua-deltaframe","DataSetWriterName":"<<UnknownDataSet>>","Payload":{"nsu=http://opcfoundation.org/UA/Plc/Applications;s=StepUp":{"Value":817,"SourceTimestamp":"2024-04-27T11:59:51.4805422Z","ServerTimestamp":"2024-04-27T11:59:51.4805446Z"},"nsu=http://opcfoundation.org/UA/Plc/Applications;s=RandomSignedInt32":{"Value":-1679587349,"SourceTimestamp":"2024-04-27T11:59:51.4805527Z","ServerTimestamp":"2024-04-27T11:59:51.4805547Z"},"nsu=http://opcfoundation.org/UA/Plc/Applications;s=RandomUnsignedInt32":{"Value":1299734201,"SourceTimestamp":"2024-04-27T11:59:51.480582Z","ServerTimestamp":"2024-04-27T11:59:51.4805935Z"},"nsu=http://opcfoundation.org/UA/Plc/Applications;s=DipData":{"Value":-90.482705246601981,"SourceTimestamp":"2024-04-27T11:59:51.4805776Z","ServerTimestamp":"2024-04-27T11:59:51.4805825Z"},"nsu=http://opcfoundation.org/UA/Plc/Applications;s=FastUIntScalar1":{"Value":81,"SourceTimestamp":"2024-04-27T11:59:50.7909335Z","ServerTimestamp":"2024-04-27T11:59:50.7909402Z"},"nsu=http://opcfoundation.org/UA/Plc/Applications;s=FastUIntScalar2":{"Value":81,"SourceTimestamp":"2024-04-27T11:59:50.7909471Z","ServerTimestamp":"2024-04-27T11:59:50.7909483Z"},"nsu=http://opcfoundation.org/UA/Plc/Applications;s=FastUIntScalar3":{"Value":81,"SourceTimestamp":"2024-04-27T11:59:50.7909497Z","ServerTimestamp":"2024-04-27T11:59:50.7909504Z"},"nsu=http://opcfoundation.org/UA/Plc/Applications;s=FastRandomUIntScalar1":{"Value":1840398079,"SourceTimestamp":"2024-04-27T11:59:50.7909279Z","ServerTimestamp":"2024-04-27T11:59:50.7909297Z"},"nsu=http://opcfoundation.org/UA/Plc/Applications;s=FastRandomUIntScalar2":{"Value":756719699,"SourceTimestamp":"2024-04-27T11:59:50.7909394Z","ServerTimestamp":"2024-04-27T11:59:50.7909468Z"},"nsu=http://opcfoundation.org/UA/Plc/Applications;s=FastRandomUIntScalar3":{"Value":3754700470,"SourceTimestamp":"2024-04-27T11:59:50.7909481Z","ServerTimestamp":"2024-04-27T11:59:50.7909493Z"},"nsu=http://opcfoundation.org/UA/Plc/Applications;s=SpikeData":{"Value":-90.482705246601981,"SourceTimestamp":"2024-04-27T11:59:51.480586Z","ServerTimestamp":"2024-04-27T11:59:51.4806128Z"}}}]}