{"MessageId":"93529424-aaf6-46ee-9d26-79d2f01a3344","MessageType":"ua-data","PublisherId":"DESKTOP-BGFJS91","DataSetWriterGroup":"<<UnknownWriterGroup>>","Messages":[{"SequenceNumber":8,"MetaDataVersion":{"MajorVersion":1},"Timestamp":"2024-04-27T11:58:38.5210402Z","MessageType":"ua-deltaframe","DataSetWriterName":"<<UnknownDataSet>>","Payload":{"nsu=http://opcfoundation.org/UA/Plc/Applications;s=StepUp":{"Value":87,"SourceTimestamp":"2024-04-27T11:58:38.4899725Z","ServerTimestamp":"2024-04-27T11:58:38.4899761Z"},"nsu=http://opcfoundation.org/UA/Plc/Applications;s=RandomSignedInt32":{"Value":58119756,"SourceTimestamp":"2024-04-27T11:58:38.4900395Z","ServerTimestamp":"2024-04-27T11:58:38.4900451Z"},"nsu=http://opcfoundation.org/UA/Plc/Applications;s=RandomUnsignedInt32":{"Value":1570438493,"SourceTimestamp":"2024-04-27T11:58:38.4900102Z","ServerTimestamp":"2024-04-27T11:58:38.4900113Z"},"nsu=http://opcfoundation.org/UA/Plc/Applications;s=DipData":{"Value":98.228725072868855,"SourceTimestamp":"2024-04-27T11:58:38.4900283Z","ServerTimestamp":"2024-04-27T11:58:38.4900335Z"},"nsu=http://opcfoundation.org/UA/Plc/Applications;s=FastUIntScalar1":{"Value":8,"SourceTimestamp":"2024-04-27T11:58:37.7892966Z","ServerTimestamp":"2024-04-27T11:58:37.7893158Z"},"nsu=http://opcfoundation.org/UA/Plc/Applications;s=FastUIntScalar2":{"Value":8,"SourceTimestamp":"2024-04-27T11:58:37.789328Z","ServerTimestamp":"2024-04-27T11:58:37.7893317Z"},"nsu=http://opcfoundation.org/UA/Plc/Applications;s=FastUIntScalar3":{"Value":8,"SourceTimestamp":"2024-04-27T11:58:37.789334Z","ServerTimestamp":"2024-04-27T11:58:37.7893362Z"},"nsu=http://opcfoundation.org/UA/Plc/Applications;s=FastRandomUIntScalar1":{"Value":4042875573,"SourceTimestamp":"2024-04-27T11:58:37.7892963Z","ServerTimestamp":"2024-04-27T11:58:37.7893005Z"},"nsu=http://opcfoundation.org/UA/Plc/Applications;s=FastRandomUIntScalar2":{"Value":2593591425,"SourceTimestamp":"2024-04-27T11:58:37.7893142Z","ServerTimestamp":"2024-04-27T11:58:37.7893289Z"},"nsu=http://opcfoundation.org/UA/Plc/Applications;s=FastRandomUIntScalar3":{"Value":1267869161,"SourceTimestamp":"2024-04-27T11:58:37.7893312Z","ServerTimestamp":"2024-04-27T11:58:37.7893342Z"},"nsu=http://opcfoundation.org/UA/Plc/Applications;s=SpikeData":{"Value":98.228725072868855,"SourceTimestamp":"2024-04-27T11:58:38.4900397Z","ServerTimestamp":"2024-04-27T11:58:38.4900411Z"}}}]}