{"MessageId":"73a8cd9e-50ce-46fc-9e4c-7e366af7c0cd","MessageType":"ua-data","PublisherId":"DESKTOP-BGFJS91","DataSetWriterGroup":"<<UnknownWriterGroup>>","Messages":[{"SequenceNumber":89,"MetaDataVersion":{"MajorVersion":1},"Timestamp":"2024-04-27T12:00:11.5179237Z","MessageType":"ua-deltaframe","DataSetWriterName":"<<UnknownDataSet>>","Payload":{"nsu=http://opcfoundation.org/UA/Plc/Applications;s=StepUp":{"Value":1017,"SourceTimestamp":"2024-04-27T12:00:11.4860589Z","ServerTimestamp":"2024-04-27T12:00:11.4860617Z"},"nsu=http://opcfoundation.org/UA/Plc/Applications;s=RandomSignedInt32":{"Value":1248888119,"SourceTimestamp":"2024-04-27T12:00:11.4860828Z","ServerTimestamp":"2024-04-27T12:00:11.486092Z"},"nsu=http://opcfoundation.org/UA/Plc/Applications;s=RandomUnsignedInt32":{"Value":88992634,"SourceTimestamp":"2024-04-27T12:00:11.4860991Z","ServerTimestamp":"2024-04-27T12:00:11.486102Z"},"nsu=http://opcfoundation.org/UA/Plc/Applications;s=DipData":{"Value":-90.482705246601981,"SourceTimestamp":"2024-04-27T12:00:11.4861125Z","ServerTimestamp":"2024-04-27T12:00:11.4861132Z"},"nsu=http://opcfoundation.org/UA/Plc/Applications;s=FastUIntScalar1":{"Value":101,"SourceTimestamp":"2024-04-27T12:00:10.7886657Z","ServerTimestamp":"2024-04-27T12:00:10.7886703Z"},"nsu=http://opcfoundation.org/UA/Plc/Applications;s=FastUIntScalar2":{"Value":101,"SourceTimestamp":"2024-04-27T12:00:10.7886842Z","ServerTimestamp":"2024-04-27T12:00:10.7886857Z"},"nsu=http://opcfoundation.org/UA/Plc/Applications;s=FastUIntScalar3":{"Value":101,"SourceTimestamp":"2024-04-27T12:00:10.7886884Z","ServerTimestamp":"2024-04-27T12:00:10.7886893Z"},"nsu=http://opcfoundation.org/UA/Plc/Applications;s=FastRandomUIntScalar1":{"Value":1121316478,"SourceTimestamp":"2024-04-27T12:00:10.7886475Z","ServerTimestamp":"2024-04-27T12:00:10.7886515Z"},"nsu=http://opcfoundation.org/UA/Plc/Applications;s=FastRandomUIntScalar2":{"Value":3596870075,"SourceTimestamp":"2024-04-27T12:00:10.7886653Z","ServerTimestamp":"2024-04-27T12:00:10.7886667Z"},"nsu=http://opcfoundation.org/UA/Plc/Applications;s=FastRandomUIntScalar3":{"Value":3374229666,"SourceTimestamp":"2024-04-27T12:00:10.7886689Z","ServerTimestamp":"2024-04-27T12:00:10.7886973Z"},"nsu=http://opcfoundation.org/UA/Plc/Applications;s=SpikeData":{"Value":-90.482705246601981,"SourceTimestamp":"2024-04-27T12:00:11.4861205Z","ServerTimestamp":"2024-04-27T12:00:11.4861657Z"}}}]}