{"MessageId":"1fb54fc1-ec3f-4175-b37c-9289b242afbd","MessageType":"ua-data","PublisherId":"DESKTOP-BGFJS91","DataSetWriterGroup":"<<UnknownWriterGroup>>","Messages":[{"SequenceNumber":9,"MetaDataVersion":{"MajorVersion":1},"Timestamp":"2024-04-27T11:58:39.5080362Z","MessageType":"ua-deltaframe","DataSetWriterName":"<<UnknownDataSet>>","Payload":{"nsu=http://opcfoundation.org/UA/Plc/Applications;s=StepUp":{"Value":97,"SourceTimestamp":"2024-04-27T11:58:39.4921843Z","ServerTimestamp":"2024-04-27T11:58:39.4921874Z"},"nsu=http://opcfoundation.org/UA/Plc/Applications;s=RandomSignedInt32":{"Value":1057587845,"SourceTimestamp":"2024-04-27T11:58:39.4922011Z","ServerTimestamp":"2024-04-27T11:58:39.4922273Z"},"nsu=http://opcfoundation.org/UA/Plc/Applications;s=RandomUnsignedInt32":{"Value":1642417379,"SourceTimestamp":"2024-04-27T11:58:39.492218Z","ServerTimestamp":"2024-04-27T11:58:39.4922185Z"},"nsu=http://opcfoundation.org/UA/Plc/Applications;s=DipData":{"Value":48.175367410171532,"SourceTimestamp":"2024-04-27T11:58:39.4922357Z","ServerTimestamp":"2024-04-27T11:58:39.492238Z"},"nsu=http://opcfoundation.org/UA/Plc/Applications;s=FastUIntScalar1":{"Value":9,"SourceTimestamp":"2024-04-27T11:58:38.781041Z","ServerTimestamp":"2024-04-27T11:58:38.7810425Z"},"nsu=http://opcfoundation.org/UA/Plc/Applications;s=FastUIntScalar2":{"Value":9,"SourceTimestamp":"2024-04-27T11:58:38.7810508Z","ServerTimestamp":"2024-04-27T11:58:38.7810514Z"},"nsu=http://opcfoundation.org/UA/Plc/Applications;s=FastUIntScalar3":{"Value":9,"SourceTimestamp":"2024-04-27T11:58:38.7810525Z","ServerTimestamp":"2024-04-27T11:58:38.781053Z"},"nsu=http://opcfoundation.org/UA/Plc/Applications;s=FastRandomUIntScalar1":{"Value":1166930318,"SourceTimestamp":"2024-04-27T11:58:38.7810537Z","ServerTimestamp":"2024-04-27T11:58:38.7810561Z"},"nsu=http://opcfoundation.org/UA/Plc/Applications;s=FastRandomUIntScalar2":{"Value":3584587422,"SourceTimestamp":"2024-04-27T11:58:38.7810627Z","ServerTimestamp":"2024-04-27T11:58:38.7810671Z"},"nsu=http://opcfoundation.org/UA/Plc/Applications;s=FastRandomUIntScalar3":{"Value":789678804,"SourceTimestamp":"2024-04-27T11:58:38.7810712Z","ServerTimestamp":"2024-04-27T11:58:38.7810744Z"},"nsu=http://opcfoundation.org/UA/Plc/Applications;s=SpikeData":{"Value":48.175367410171532,"SourceTimestamp":"2024-04-27T11:58:39.4922396Z","ServerTimestamp":"2024-04-27T11:58:39.4922436Z"}}}]}