{"MessageId":"44eb9bb9-7f44-4045-a0ff-d33834cdeaaf","MessageType":"ua-data","PublisherId":"DESKTOP-BGFJS91","DataSetWriterGroup":"<<UnknownWriterGroup>>","Messages":[{"SequenceNumber":90,"MetaDataVersion":{"MajorVersion":1},"Timestamp":"2024-04-27T12:00:12.5049318Z","MessageType":"ua-deltaframe","DataSetWriterName":"<<UnknownDataSet>>","Payload":{"nsu=http://opcfoundation.org/UA/Plc/Applications;s=StepUp":{"Value":1027,"SourceTimestamp":"2024-04-27T12:00:12.4890879Z","ServerTimestamp":"2024-04-27T12:00:12.4890918Z"},"nsu=http://opcfoundation.org/UA/Plc/Applications;s=RandomSignedInt32":{"Value":-771229329,"SourceTimestamp":"2024-04-27T12:00:12.4891404Z","ServerTimestamp":"2024-04-27T12:00:12.4891429Z"},"nsu=http://opcfoundation.org/UA/Plc/Applications;s=RandomUnsignedInt32":{"Value":732645559,"SourceTimestamp":"2024-04-27T12:00:12.4891436Z","ServerTimestamp":"2024-04-27T12:00:12.4891536Z"},"nsu=http://opcfoundation.org/UA/Plc/Applications;s=DipData":{"Value":12.53332335643041,"SourceTimestamp":"2024-04-27T12:00:12.4891723Z","ServerTimestamp":"2024-04-27T12:00:12.4891775Z"},"nsu=http://opcfoundation.org/UA/Plc/Applications;s=FastUIntScalar1":{"Value":102,"SourceTimestamp":"2024-04-27T12:00:11.7920245Z","ServerTimestamp":"2024-04-27T12:00:11.7920287Z"},"nsu=http://opcfoundation.org/UA/Plc/Applications;s=FastUIntScalar2":{"Value":102,"SourceTimestamp":"2024-04-27T12:00:11.7920432Z","ServerTimestamp":"2024-04-27T12:00:11.7920445Z"},"nsu=http://opcfoundation.org/UA/Plc/Applications;s=FastUIntScalar3":{"Value":102,"SourceTimestamp":"2024-04-27T12:00:11.7920465Z","ServerTimestamp":"2024-04-27T12:00:11.7920474Z"},"nsu=http://opcfoundation.org/UA/Plc/Applications;s=FastRandomUIntScalar1":{"Value":2961739209,"SourceTimestamp":"2024-04-27T12:00:11.7920505Z","ServerTimestamp":"2024-04-27T12:00:11.7920549Z"},"nsu=http://opcfoundation.org/UA/Plc/Applications;s=FastRandomUIntScalar2":{"Value":3285698354,"SourceTimestamp":"2024-04-27T12:00:11.7920688Z","ServerTimestamp":"2024-04-27T12:00:11.7920702Z"},"nsu=http://opcfoundation.org/UA/Plc/Applications;s=FastRandomUIntScalar3":{"Value":2219394968,"SourceTimestamp":"2024-04-27T12:00:11.7920727Z","ServerTimestamp":"2024-04-27T12:00:11.7920738Z"},"nsu=http://opcfoundation.org/UA/Plc/Applications;s=SpikeData":{"Value":12.53332335643041,"SourceTimestamp":"2024-04-27T12:00:12.489179Z","ServerTimestamp":"2024-04-27T12:00:12.4891863Z"}}}]}