{"MessageId":"80f25cc5-dcb9-4139-8f0d-a0a54c646da2","MessageType":"ua-data","PublisherId":"DESKTOP-BGFJS91","DataSetWriterGroup":"<<UnknownWriterGroup>>","Messages":[{"SequenceNumber":91,"MetaDataVersion":{"MajorVersion":1},"Timestamp":"2024-04-27T12:00:13.495873Z","MessageType":"ua-deltaframe","DataSetWriterName":"<<UnknownDataSet>>","Payload":{"nsu=http://opcfoundation.org/UA/Plc/Applications;s=StepUp":{"Value":1036,"SourceTimestamp":"2024-04-27T12:00:13.3861814Z","ServerTimestamp":"2024-04-27T12:00:13.3861846Z"},"nsu=http://opcfoundation.org/UA/Plc/Applications;s=RandomSignedInt32":{"Value":-1824415424,"SourceTimestamp":"2024-04-27T12:00:13.386206Z","ServerTimestamp":"2024-04-27T12:00:13.3862089Z"},"nsu=http://opcfoundation.org/UA/Plc/Applications;s=RandomUnsignedInt32":{"Value":190222063,"SourceTimestamp":"2024-04-27T12:00:13.3862113Z","ServerTimestamp":"2024-04-27T12:00:13.3862144Z"},"nsu=http://opcfoundation.org/UA/Plc/Applications;s=DipData":{"Value":95.10565162951535,"SourceTimestamp":"2024-04-27T12:00:13.3862248Z","ServerTimestamp":"2024-04-27T12:00:13.3862264Z"},"nsu=http://opcfoundation.org/UA/Plc/Applications;s=FastUIntScalar1":{"Value":103,"SourceTimestamp":"2024-04-27T12:00:12.7834803Z","ServerTimestamp":"2024-04-27T12:00:12.7834842Z"},"nsu=http://opcfoundation.org/UA/Plc/Applications;s=FastUIntScalar2":{"Value":103,"SourceTimestamp":"2024-04-27T12:00:12.7834981Z","ServerTimestamp":"2024-04-27T12:00:12.7834994Z"},"nsu=http://opcfoundation.org/UA/Plc/Applications;s=FastUIntScalar3":{"Value":103,"SourceTimestamp":"2024-04-27T12:00:12.7835017Z","ServerTimestamp":"2024-04-27T12:00:12.783503Z"},"nsu=http://opcfoundation.org/UA/Plc/Applications;s=FastRandomUIntScalar1":{"Value":2183358981,"SourceTimestamp":"2024-04-27T12:00:12.783515Z","ServerTimestamp":"2024-04-27T12:00:12.7835403Z"},"nsu=http://opcfoundation.org/UA/Plc/Applications;s=FastRandomUIntScalar2":{"Value":1636049436,"SourceTimestamp":"2024-04-27T12:00:12.783553Z","ServerTimestamp":"2024-04-27T12:00:12.7835541Z"},"nsu=http://opcfoundation.org/UA/Plc/Applications;s=FastRandomUIntScalar3":{"Value":1163288445,"SourceTimestamp":"2024-04-27T12:00:12.7835563Z","ServerTimestamp":"2024-04-27T12:00:12.7835572Z"},"nsu=http://opcfoundation.org/UA/Plc/Applications;s=SpikeData":{"Value":95.10565162951535,"SourceTimestamp":"2024-04-27T12:00:13.3862235Z","ServerTimestamp":"2024-04-27T12:00:13.3862243Z"}}}]}