{"MessageId":"e604371d-b637-4f22-b4e2-bfdaa3ef798a","MessageType":"ua-data","PublisherId":"DESKTOP-BGFJS91","DataSetWriterGroup":"<<UnknownWriterGroup>>","Messages":[{"SequenceNumber":95,"MetaDataVersion":{"MajorVersion":1},"Timestamp":"2024-04-27T12:00:17.5106393Z","MessageType":"ua-deltaframe","DataSetWriterName":"<<UnknownDataSet>>","Payload":{"nsu=http://opcfoundation.org/UA/Plc/Applications;s=StepUp":{"Value":1077,"SourceTimestamp":"2024-04-27T12:00:17.4951571Z","ServerTimestamp":"2024-04-27T12:00:17.4951942Z"},"nsu=http://opcfoundation.org/UA/Plc/Applications;s=RandomSignedInt32":{"Value":-347051754,"SourceTimestamp":"2024-04-27T12:00:17.4952013Z","ServerTimestamp":"2024-04-27T12:00:17.4952126Z"},"nsu=http://opcfoundation.org/UA/Plc/Applications;s=RandomUnsignedInt32":{"Value":786460192,"SourceTimestamp":"2024-04-27T12:00:17.4952306Z","ServerTimestamp":"2024-04-27T12:00:17.4952391Z"},"nsu=http://opcfoundation.org/UA/Plc/Applications;s=DipData":{"Value":12.53332335643041,"SourceTimestamp":"2024-04-27T12:00:17.4952243Z","ServerTimestamp":"2024-04-27T12:00:17.4952304Z"},"nsu=http://opcfoundation.org/UA/Plc/Applications;s=FastUIntScalar1":{"Value":107,"SourceTimestamp":"2024-04-27T12:00:16.780845Z","ServerTimestamp":"2024-04-27T12:00:16.7808484Z"},"nsu=http://opcfoundation.org/UA/Plc/Applications;s=FastUIntScalar2":{"Value":107,"SourceTimestamp":"2024-04-27T12:00:16.7808637Z","ServerTimestamp":"2024-04-27T12:00:16.7808868Z"},"nsu=http://opcfoundation.org/UA/Plc/Applications;s=FastUIntScalar3":{"Value":107,"SourceTimestamp":"2024-04-27T12:00:16.7808898Z","ServerTimestamp":"2024-04-27T12:00:16.7808913Z"},"nsu=http://opcfoundation.org/UA/Plc/Applications;s=FastRandomUIntScalar1":{"Value":2737690950,"SourceTimestamp":"2024-04-27T12:00:16.7808475Z","ServerTimestamp":"2024-04-27T12:00:16.7808643Z"},"nsu=http://opcfoundation.org/UA/Plc/Applications;s=FastRandomUIntScalar2":{"Value":2475730800,"SourceTimestamp":"2024-04-27T12:00:16.7808772Z","ServerTimestamp":"2024-04-27T12:00:16.780879Z"},"nsu=http://opcfoundation.org/UA/Plc/Applications;s=FastRandomUIntScalar3":{"Value":650653476,"SourceTimestamp":"2024-04-27T12:00:16.7808815Z","ServerTimestamp":"2024-04-27T12:00:16.7808824Z"},"nsu=http://opcfoundation.org/UA/Plc/Applications;s=SpikeData":{"Value":12.53332335643041,"SourceTimestamp":"2024-04-27T12:00:17.4952381Z","ServerTimestamp":"2024-04-27T12:00:17.4952499Z"}}}]}