{"MessageId":"10031a8c-0e11-4217-9490-35f2a4ed9c5c","MessageType":"ua-data","PublisherId":"DESKTOP-BGFJS91","DataSetWriterGroup":"<<UnknownWriterGroup>>","Messages":[{"SequenceNumber":98,"MetaDataVersion":{"MajorVersion":1},"Timestamp":"2024-04-27T12:00:20.4892508Z","MessageType":"ua-deltaframe","DataSetWriterName":"<<UnknownDataSet>>","Payload":{"nsu=http://opcfoundation.org/UA/Plc/Applications;s=AlternatingBoolean":{"Value":true,"SourceTimestamp":"2024-04-27T12:00:19.8820139Z","ServerTimestamp":"2024-04-27T12:00:19.8820353Z"},"nsu=http://opcfoundation.org/UA/Plc/Applications;s=NegativeTrendData":{"Value":97.799999999999997,"SourceTimestamp":"2024-04-27T12:00:19.8820747Z","ServerTimestamp":"2024-04-27T12:00:19.8820796Z"},"nsu=http://opcfoundation.org/UA/Plc/Applications;s=PositiveTrendData":{"Value":102.09999999999999,"SourceTimestamp":"2024-04-27T12:00:19.8820892Z","ServerTimestamp":"2024-04-27T12:00:19.8820912Z"},"nsu=http://opcfoundation.org/UA/Plc/Applications;s=SlowUIntScalar1":{"Value":11,"SourceTimestamp":"2024-04-27T12:00:19.7896491Z","ServerTimestamp":"2024-04-27T12:00:19.7896514Z"},"nsu=http://opcfoundation.org/UA/Plc/Applications;s=SlowUIntScalar2":{"Value":11,"SourceTimestamp":"2024-04-27T12:00:19.7896701Z","ServerTimestamp":"2024-04-27T12:00:19.7896871Z"},"nsu=http://opcfoundation.org/UA/Plc/Applications;s=SlowUIntScalar3":{"Value":11,"SourceTimestamp":"2024-04-27T12:00:19.7896999Z","ServerTimestamp":"2024-04-27T12:00:19.789705Z"},"nsu=http://opcfoundation.org/UA/Plc/Applications;s=BadSlowUIntScalar1":{"Value":1,"SourceTimestamp":"2024-04-27T12:00:19.789711Z","ServerTimestamp":"2024-04-27T12:00:19.7897117Z"},"nsu=http://opcfoundation.org/UA/Plc/Applications;s=SlowRandomUIntScalar1":{"Value":3710292936,"SourceTimestamp":"2024-04-27T12:00:19.7896593Z","ServerTimestamp":"2024-04-27T12:00:19.7896705Z"},"nsu=http://opcfoundation.org/UA/Plc/Applications;s=SlowRandomUIntScalar2":{"Value":4230386047,"SourceTimestamp":"2024-04-27T12:00:19.7896758Z","ServerTimestamp":"2024-04-27T12:00:19.7896798Z"},"nsu=http://opcfoundation.org/UA/Plc/Applications;s=SlowRandomUIntScalar3":{"Value":3799988973,"SourceTimestamp":"2024-04-27T12:00:19.7896806Z","ServerTimestamp":"2024-04-27T12:00:19.7896821Z"},"nsu=http://opcfoundation.org/UA/Plc/Applications;s=BadSlowRandomUIntScalar1":{"Value":4160582812,"SourceTimestamp":"2024-04-27T12:00:19.7896851Z","ServerTimestamp":"2024-04-27T12:00:19.7896857Z"}}}]}