{"MessageId":"3040c763-b972-464e-878d-bf72975c619e","MessageType":"ua-data","PublisherId":"DESKTOP-BGFJS91","DataSetWriterGroup":"<<UnknownWriterGroup>>","Messages":[{"SequenceNumber":99,"MetaDataVersion":{"MajorVersion":1},"Timestamp":"2024-04-27T12:00:21.4787089Z","MessageType":"ua-deltaframe","DataSetWriterName":"<<UnknownDataSet>>","Payload":{"nsu=http://opcfoundation.org/UA/Plc/Applications;s=StepUp":{"Value":1116,"SourceTimestamp":"2024-04-27T12:00:21.3845227Z","ServerTimestamp":"2024-04-27T12:00:21.3845276Z"},"nsu=http://opcfoundation.org/UA/Plc/Applications;s=RandomSignedInt32":{"Value":634624420,"SourceTimestamp":"2024-04-27T12:00:21.3845611Z","ServerTimestamp":"2024-04-27T12:00:21.3845637Z"},"nsu=http://opcfoundation.org/UA/Plc/Applications;s=RandomUnsignedInt32":{"Value":197115471,"SourceTimestamp":"2024-04-27T12:00:21.384564Z","ServerTimestamp":"2024-04-27T12:00:21.3845733Z"},"nsu=http://opcfoundation.org/UA/Plc/Applications;s=DipData":{"Value":-95.10565162951535,"SourceTimestamp":"2024-04-27T12:00:21.3845919Z","ServerTimestamp":"2024-04-27T12:00:21.3845939Z"},"nsu=http://opcfoundation.org/UA/Plc/Applications;s=FastUIntScalar1":{"Value":111,"SourceTimestamp":"2024-04-27T12:00:20.7825611Z","ServerTimestamp":"2024-04-27T12:00:20.7825647Z"},"nsu=http://opcfoundation.org/UA/Plc/Applications;s=FastUIntScalar2":{"Value":111,"SourceTimestamp":"2024-04-27T12:00:20.7825926Z","ServerTimestamp":"2024-04-27T12:00:20.7826076Z"},"nsu=http://opcfoundation.org/UA/Plc/Applications;s=FastUIntScalar3":{"Value":111,"SourceTimestamp":"2024-04-27T12:00:20.7826104Z","ServerTimestamp":"2024-04-27T12:00:20.7826137Z"},"nsu=http://opcfoundation.org/UA/Plc/Applications;s=FastRandomUIntScalar1":{"Value":3666065057,"SourceTimestamp":"2024-04-27T12:00:20.7825644Z","ServerTimestamp":"2024-04-27T12:00:20.7825935Z"},"nsu=http://opcfoundation.org/UA/Plc/Applications;s=FastRandomUIntScalar2":{"Value":3449111195,"SourceTimestamp":"2024-04-27T12:00:20.7826066Z","ServerTimestamp":"2024-04-27T12:00:20.7826107Z"},"nsu=http://opcfoundation.org/UA/Plc/Applications;s=FastRandomUIntScalar3":{"Value":3461648442,"SourceTimestamp":"2024-04-27T12:00:20.7826133Z","ServerTimestamp":"2024-04-27T12:00:20.7826163Z"},"nsu=http://opcfoundation.org/UA/Plc/Applications;s=SpikeData":{"Value":-95.10565162951535,"SourceTimestamp":"2024-04-27T12:00:21.3845893Z","ServerTimestamp":"2024-04-27T12:00:21.3845991Z"}}}]}