[{"i=2258":{"Value":"2024-04-27T17:22:30.7045705Z","SourceTimestamp":"2024-04-27T17:20:47.6820557Z","ServerTimestamp":"2024-04-27T17:22:30.7045689Z"},"nsu=http://opcfoundation.org/UA/Plc/Applications;s=StepUp":{"Value":1039,"SourceTimestamp":"2024-04-27T17:22:30.6884129Z","ServerTimestamp":"2024-04-27T17:22:30.7046035Z"},"nsu=http://opcfoundation.org/UA/Plc/Applications;s=AlternatingBoolean":{"Value":true,"SourceTimestamp":"2024-04-27T17:22:30.6884127Z","ServerTimestamp":"2024-04-27T17:22:30.7046167Z"},"nsu=http://opcfoundation.org/UA/Plc/Applications;s=RandomSignedInt32":{"Value":560209307,"SourceTimestamp":"2024-04-27T17:22:30.6884129Z","ServerTimestamp":"2024-04-27T17:22:30.7046195Z"},"nsu=http://opcfoundation.org/UA/Plc/Applications;s=RandomUnsignedInt32":{"Value":1736801274,"SourceTimestamp":"2024-04-27T17:22:30.688432Z","ServerTimestamp":"2024-04-27T17:22:30.7046142Z"},"nsu=http://opcfoundation.org/UA/Plc/Applications;s=DipData":{"Value":99.80267284282715,"SourceTimestamp":"2024-04-27T17:22:30.6884346Z","ServerTimestamp":"2024-04-27T17:22:30.704604Z"},"nsu=http://opcfoundation.org/UA/Plc/Applications;s=FastUIntScalar1":{"Value":103,"SourceTimestamp":"2024-04-27T17:22:29.7870422Z","ServerTimestamp":"2024-04-27T17:22:30.70461Z"},"nsu=http://opcfoundation.org/UA/Plc/Applications;s=FastUIntScalar2":{"Value":103,"SourceTimestamp":"2024-04-27T17:22:29.787049Z","ServerTimestamp":"2024-04-27T17:22:30.7046097Z"},"nsu=http://opcfoundation.org/UA/Plc/Applications;s=FastUIntScalar3":{"Value":103,"SourceTimestamp":"2024-04-27T17:22:29.7870578Z","ServerTimestamp":"2024-04-27T17:22:30.7046071Z"},"nsu=http://opcfoundation.org/UA/Plc/Applications;s=FastRandomUIntScalar1":{"Value":1100665262,"SourceTimestamp":"2024-04-27T17:22:29.787045Z","ServerTimestamp":"2024-04-27T17:22:30.7046161Z"},"nsu=http://opcfoundation.org/UA/Plc/Applications;s=FastRandomUIntScalar2":{"Value":3472272179,"SourceTimestamp":"2024-04-27T17:22:29.7870561Z","ServerTimestamp":"2024-04-27T17:22:30.7046131Z"},"nsu=http://opcfoundation.org/UA/Plc/Applications;s=FastRandomUIntScalar3":{"Value":4028106788,"SourceTimestamp":"2024-04-27T17:22:29.7870588Z","ServerTimestamp":"2024-04-27T17:22:30.7046189Z"},"nsu=http://opcfoundation.org/UA/Plc/Applications;s=NegativeTrendData":{"Value":98.599999999999994,"SourceTimestamp":"2024-04-27T17:22:30.6884399Z","ServerTimestamp":"2024-04-27T17:22:30.7046029Z"},"nsu=http://opcfoundation.org/UA/Plc/Applications;s=PositiveTrendData":{"Value":101.7,"SourceTimestamp":"2024-04-27T17:22:30.6884612Z","ServerTimestamp":"2024-04-27T17:22:30.7046156Z"},"nsu=http://opcfoundation.org/UA/Plc/Applications;s=SlowUIntScalar1":{"Value":10,"SourceTimestamp":"2024-04-27T17:22:26.787705Z","ServerTimestamp":"2024-04-27T17:22:30.7046111Z"},"nsu=http://opcfoundation.org/UA/Plc/Applications;s=SlowUIntScalar2":{"Value":10,"SourceTimestamp":"2024-04-27T17:22:26.7877101Z","ServerTimestamp":"2024-04-27T17:22:30.7046148Z"},"nsu=http://opcfoundation.org/UA/Plc/Applications;s=SlowUIntScalar3":{"Value":10,"SourceTimestamp":"2024-04-27T17:22:26.7877114Z","ServerTimestamp":"2024-04-27T17:22:30.7046017Z"},"nsu=http://opcfoundation.org/UA/Plc/Applications;s=BadSlowUIntScalar1":{"Value":null,"StatusCode":{"Symbol":"BadNoCommunication","Code":2150694912},"SourceTimestamp":"2024-04-27T17:22:26.7877126Z","ServerTimestamp":"2024-04-27T17:22:30.704609Z"},"nsu=http://opcfoundation.org/UA/Plc/Applications;s=SlowRandomUIntScalar1":{"Value":3813829757,"SourceTimestamp":"2024-04-27T17:22:26.7877122Z","ServerTimestamp":"2024-04-27T17:22:30.704605Z"},"nsu=http://opcfoundation.org/UA/Plc/Applications;s=SlowRandomUIntScalar2":{"Value":4186329649,"SourceTimestamp":"2024-04-27T17:22:26.7877168Z","ServerTimestamp":"2024-04-27T17:22:30.7046081Z"},"nsu=http://opcfoundation.org/UA/Plc/Applications;s=SlowRandomUIntScalar3":{"Value":3790999848,"SourceTimestamp":"2024-04-27T17:22:26.7877196Z","ServerTimestamp":"2024-04-27T17:22:30.7046122Z"},"nsu=http://opcfoundation.org/UA/Plc/Applications;s=BadSlowRandomUIntScalar1":{"Value":null,"StatusCode":{"Symbol":"BadNoCommunication","Code":2150694912},"SourceTimestamp":"2024-04-27T17:22:26.7877207Z","ServerTimestamp":"2024-04-27T17:22:30.7046061Z"},"nsu=http://opcfoundation.org/UA/Plc/Applications;s=SpikeData":{"Value":99.80267284282715,"SourceTimestamp":"2024-04-27T17:22:30.688443Z","ServerTimestamp":"2024-04-27T17:22:30.704618Z"},"ns=23;i=1259":{"Value":-0.92200000000000004,"SourceTimestamp":"2024-04-27T17:20:47.6820863Z","ServerTimestamp":"2024-04-27T17:22:30.7045862Z"}}]