[{"i=2258":{"Value":"2024-04-27T17:22:32.696183Z","SourceTimestamp":"2024-04-27T17:20:47.6820557Z","ServerTimestamp":"2024-04-27T17:22:32.6961816Z"},"nsu=http://opcfoundation.org/UA/Plc/Applications;s=StepUp":{"Value":1059,"SourceTimestamp":"2024-04-27T17:22:32.6947033Z","ServerTimestamp":"2024-04-27T17:22:32.6962161Z"},"nsu=http://opcfoundation.org/UA/Plc/Applications;s=AlternatingBoolean":{"Value":false,"SourceTimestamp":"2024-04-27T17:22:32.6947237Z","ServerTimestamp":"2024-04-27T17:22:32.6962295Z"},"nsu=http://opcfoundation.org/UA/Plc/Applications;s=RandomSignedInt32":{"Value":641066015,"SourceTimestamp":"2024-04-27T17:22:32.694717Z","ServerTimestamp":"2024-04-27T17:22:32.6962322Z"},"nsu=http://opcfoundation.org/UA/Plc/Applications;s=RandomUnsignedInt32":{"Value":1410774732,"SourceTimestamp":"2024-04-27T17:22:32.6947211Z","ServerTimestamp":"2024-04-27T17:22:32.6962269Z"},"nsu=http://opcfoundation.org/UA/Plc/Applications;s=DipData":{"Value":-84.432792550201498,"SourceTimestamp":"2024-04-27T17:22:32.6947345Z","ServerTimestamp":"2024-04-27T17:22:32.696217Z"},"nsu=http://opcfoundation.org/UA/Plc/Applications;s=FastUIntScalar1":{"Value":105,"SourceTimestamp":"2024-04-27T17:22:31.7977489Z","ServerTimestamp":"2024-04-27T17:22:32.6962233Z"},"nsu=http://opcfoundation.org/UA/Plc/Applications;s=FastUIntScalar2":{"Value":105,"SourceTimestamp":"2024-04-27T17:22:31.7977686Z","ServerTimestamp":"2024-04-27T17:22:32.6962229Z"},"nsu=http://opcfoundation.org/UA/Plc/Applications;s=FastUIntScalar3":{"Value":105,"SourceTimestamp":"2024-04-27T17:22:31.7977697Z","ServerTimestamp":"2024-04-27T17:22:32.69622Z"},"nsu=http://opcfoundation.org/UA/Plc/Applications;s=FastRandomUIntScalar1":{"Value":514696980,"SourceTimestamp":"2024-04-27T17:22:31.797761Z","ServerTimestamp":"2024-04-27T17:22:32.6962289Z"},"nsu=http://opcfoundation.org/UA/Plc/Applications;s=FastRandomUIntScalar2":{"Value":1416638644,"SourceTimestamp":"2024-04-27T17:22:31.7977785Z","ServerTimestamp":"2024-04-27T17:22:32.696226Z"},"nsu=http://opcfoundation.org/UA/Plc/Applications;s=FastRandomUIntScalar3":{"Value":1366175597,"SourceTimestamp":"2024-04-27T17:22:31.7977802Z","ServerTimestamp":"2024-04-27T17:22:32.6962316Z"},"nsu=http://opcfoundation.org/UA/Plc/Applications;s=NegativeTrendData":{"Value":98.5,"SourceTimestamp":"2024-04-27T17:22:32.6947528Z","ServerTimestamp":"2024-04-27T17:22:32.6962154Z"},"nsu=http://opcfoundation.org/UA/Plc/Applications;s=PositiveTrendData":{"Value":101.8,"SourceTimestamp":"2024-04-27T17:22:32.6947432Z","ServerTimestamp":"2024-04-27T17:22:32.6962283Z"},"nsu=http://opcfoundation.org/UA/Plc/Applications;s=SlowUIntScalar1":{"Value":10,"SourceTimestamp":"2024-04-27T17:22:26.787705Z","ServerTimestamp":"2024-04-27T17:22:32.6962242Z"},"nsu=http://opcfoundation.org/UA/Plc/Applications;s=SlowUIntScalar2":{"Value":10,"SourceTimestamp":"2024-04-27T17:22:26.7877101Z","ServerTimestamp":"2024-04-27T17:22:32.6962276Z"},"nsu=http://opcfoundation.org/UA/Plc/Applications;s=SlowUIntScalar3":{"Value":10,"SourceTimestamp":"2024-04-27T17:22:26.7877114Z","ServerTimestamp":"2024-04-27T17:22:32.6962132Z"},"nsu=http://opcfoundation.org/UA/Plc/Applications;s=BadSlowUIntScalar1":{"Value":null,"StatusCode":{"Symbol":"BadNoCommunication","Code":2150694912},"SourceTimestamp":"2024-04-27T17:22:26.7877126Z","ServerTimestamp":"2024-04-27T17:22:32.6962219Z"},"nsu=http://opcfoundation.org/UA/Plc/Applications;s=SlowRandomUIntScalar1":{"Value":3813829757,"SourceTimestamp":"2024-04-27T17:22:26.7877122Z","ServerTimestamp":"2024-04-27T17:22:32.696218Z"},"nsu=http://opcfoundation.org/UA/Plc/Applications;s=SlowRandomUIntScalar2":{"Value":4186329649,"SourceTimestamp":"2024-04-27T17:22:26.7877168Z","ServerTimestamp":"2024-04-27T17:22:32.696221Z"},"nsu=http://opcfoundation.org/UA/Plc/Applications;s=SlowRandomUIntScalar3":{"Value":3790999848,"SourceTimestamp":"2024-04-27T17:22:26.7877196Z","ServerTimestamp":"2024-04-27T17:22:32.6962252Z"},"nsu=http://opcfoundation.org/UA/Plc/Applications;s=BadSlowRandomUIntScalar1":{"Value":null,"StatusCode":{"Symbol":"BadNoCommunication","Code":2150694912},"SourceTimestamp":"2024-04-27T17:22:26.7877207Z","ServerTimestamp":"2024-04-27T17:22:32.696219Z"},"nsu=http://opcfoundation.org/UA/Plc/Applications;s=SpikeData":{"Value":-84.432792550201498,"SourceTimestamp":"2024-04-27T17:22:32.6947482Z","ServerTimestamp":"2024-04-27T17:22:32.6962307Z"},"ns=23;i=1259":{"Value":-0.89000000000000001,"SourceTimestamp":"2024-04-27T17:20:47.6820863Z","ServerTimestamp":"2024-04-27T17:22:32.6961977Z"}}]