[{"i=2258":{"Value":"2024-04-27T17:22:33.7025765Z","SourceTimestamp":"2024-04-27T17:20:47.6820557Z","ServerTimestamp":"2024-04-27T17:22:33.7025748Z"},"nsu=http://opcfoundation.org/UA/Plc/Applications;s=StepUp":{"Value":1069,"SourceTimestamp":"2024-04-27T17:22:33.6859878Z","ServerTimestamp":"2024-04-27T17:22:33.7026074Z"},"nsu=http://opcfoundation.org/UA/Plc/Applications;s=AlternatingBoolean":{"Value":false,"SourceTimestamp":"2024-04-27T17:22:33.6860073Z","ServerTimestamp":"2024-04-27T17:22:33.7026194Z"},"nsu=http://opcfoundation.org/UA/Plc/Applications;s=RandomSignedInt32":{"Value":944168540,"SourceTimestamp":"2024-04-27T17:22:33.6859999Z","ServerTimestamp":"2024-04-27T17:22:33.7026219Z"},"nsu=http://opcfoundation.org/UA/Plc/Applications;s=RandomUnsignedInt32":{"Value":280096494,"SourceTimestamp":"2024-04-27T17:22:33.6860027Z","ServerTimestamp":"2024-04-27T17:22:33.702617Z"},"nsu=http://opcfoundation.org/UA/Plc/Applications;s=DipData":{"Value":-77.051324277578942,"SourceTimestamp":"2024-04-27T17:22:33.6860132Z","ServerTimestamp":"2024-04-27T17:22:33.7026079Z"},"nsu=http://opcfoundation.org/UA/Plc/Applications;s=FastUIntScalar1":{"Value":106,"SourceTimestamp":"2024-04-27T17:22:32.7877015Z","ServerTimestamp":"2024-04-27T17:22:33.7026136Z"},"nsu=http://opcfoundation.org/UA/Plc/Applications;s=FastUIntScalar2":{"Value":106,"SourceTimestamp":"2024-04-27T17:22:32.787709Z","ServerTimestamp":"2024-04-27T17:22:33.7026133Z"},"nsu=http://opcfoundation.org/UA/Plc/Applications;s=FastUIntScalar3":{"Value":106,"SourceTimestamp":"2024-04-27T17:22:32.7877162Z","ServerTimestamp":"2024-04-27T17:22:33.7026108Z"},"nsu=http://opcfoundation.org/UA/Plc/Applications;s=FastRandomUIntScalar1":{"Value":1609425386,"SourceTimestamp":"2024-04-27T17:22:32.7877054Z","ServerTimestamp":"2024-04-27T17:22:33.7026189Z"},"nsu=http://opcfoundation.org/UA/Plc/Applications;s=FastRandomUIntScalar2":{"Value":1112394145,"SourceTimestamp":"2024-04-27T17:22:32.7877202Z","ServerTimestamp":"2024-04-27T17:22:33.7026161Z"},"nsu=http://opcfoundation.org/UA/Plc/Applications;s=FastRandomUIntScalar3":{"Value":2694004231,"SourceTimestamp":"2024-04-27T17:22:32.7877225Z","ServerTimestamp":"2024-04-27T17:22:33.7026213Z"},"nsu=http://opcfoundation.org/UA/Plc/Applications;s=NegativeTrendData":{"Value":98.5,"SourceTimestamp":"2024-04-27T17:22:33.6860139Z","ServerTimestamp":"2024-04-27T17:22:33.7026064Z"},"nsu=http://opcfoundation.org/UA/Plc/Applications;s=PositiveTrendData":{"Value":101.8,"SourceTimestamp":"2024-04-27T17:22:33.6860165Z","ServerTimestamp":"2024-04-27T17:22:33.7026182Z"},"nsu=http://opcfoundation.org/UA/Plc/Applications;s=SlowUIntScalar1":{"Value":10,"SourceTimestamp":"2024-04-27T17:22:26.787705Z","ServerTimestamp":"2024-04-27T17:22:33.7026143Z"},"nsu=http://opcfoundation.org/UA/Plc/Applications;s=SlowUIntScalar2":{"Value":10,"SourceTimestamp":"2024-04-27T17:22:26.7877101Z","ServerTimestamp":"2024-04-27T17:22:33.7026176Z"},"nsu=http://opcfoundation.org/UA/Plc/Applications;s=SlowUIntScalar3":{"Value":10,"SourceTimestamp":"2024-04-27T17:22:26.7877114Z","ServerTimestamp":"2024-04-27T17:22:33.7026052Z"},"nsu=http://opcfoundation.org/UA/Plc/Applications;s=BadSlowUIntScalar1":{"Value":null,"StatusCode":{"Symbol":"BadNoCommunication","Code":2150694912},"SourceTimestamp":"2024-04-27T17:22:26.7877126Z","ServerTimestamp":"2024-04-27T17:22:33.7026126Z"},"nsu=http://opcfoundation.org/UA/Plc/Applications;s=SlowRandomUIntScalar1":{"Value":3813829757,"SourceTimestamp":"2024-04-27T17:22:26.7877122Z","ServerTimestamp":"2024-04-27T17:22:33.702609Z"},"nsu=http://opcfoundation.org/UA/Plc/Applications;s=SlowRandomUIntScalar2":{"Value":4186329649,"SourceTimestamp":"2024-04-27T17:22:26.7877168Z","ServerTimestamp":"2024-04-27T17:22:33.7026118Z"},"nsu=http://opcfoundation.org/UA/Plc/Applications;s=SlowRandomUIntScalar3":{"Value":3790999848,"SourceTimestamp":"2024-04-27T17:22:26.7877196Z","ServerTimestamp":"2024-04-27T17:22:33.7026155Z"},"nsu=http://opcfoundation.org/UA/Plc/Applications;s=BadSlowRandomUIntScalar1":{"Value":null,"StatusCode":{"Symbol":"BadNoCommunication","Code":2150694912},"SourceTimestamp":"2024-04-27T17:22:26.7877207Z","ServerTimestamp":"2024-04-27T17:22:33.7026099Z"},"nsu=http://opcfoundation.org/UA/Plc/Applications;s=SpikeData":{"Value":-77.051324277578942,"SourceTimestamp":"2024-04-27T17:22:33.6860175Z","ServerTimestamp":"2024-04-27T17:22:33.7026206Z"},"ns=23;i=1259":{"Value":-1.8800000000000001,"SourceTimestamp":"2024-04-27T17:20:47.6820863Z","ServerTimestamp":"2024-04-27T17:22:33.7025897Z"}}]