[{"i=2258":{"Value":"2024-04-27T17:22:34.6945115Z","SourceTimestamp":"2024-04-27T17:20:47.6820557Z","ServerTimestamp":"2024-04-27T17:22:34.6945096Z"},"nsu=http://opcfoundation.org/UA/Plc/Applications;s=StepUp":{"Value":1079,"SourceTimestamp":"2024-04-27T17:22:34.6935726Z","ServerTimestamp":"2024-04-27T17:22:34.6945439Z"},"nsu=http://opcfoundation.org/UA/Plc/Applications;s=AlternatingBoolean":{"Value":false,"SourceTimestamp":"2024-04-27T17:22:34.6935829Z","ServerTimestamp":"2024-04-27T17:22:34.6945569Z"},"nsu=http://opcfoundation.org/UA/Plc/Applications;s=RandomSignedInt32":{"Value":-1302170553,"SourceTimestamp":"2024-04-27T17:22:34.6935862Z","ServerTimestamp":"2024-04-27T17:22:34.6945603Z"},"nsu=http://opcfoundation.org/UA/Plc/Applications;s=RandomUnsignedInt32":{"Value":1069089348,"SourceTimestamp":"2024-04-27T17:22:34.6935885Z","ServerTimestamp":"2024-04-27T17:22:34.6945542Z"},"nsu=http://opcfoundation.org/UA/Plc/Applications;s=DipData":{"Value":36.812455268467772,"SourceTimestamp":"2024-04-27T17:22:34.6936028Z","ServerTimestamp":"2024-04-27T17:22:34.6945444Z"},"nsu=http://opcfoundation.org/UA/Plc/Applications;s=FastUIntScalar1":{"Value":107,"SourceTimestamp":"2024-04-27T17:22:33.7955568Z","ServerTimestamp":"2024-04-27T17:22:34.6945506Z"},"nsu=http://opcfoundation.org/UA/Plc/Applications;s=FastUIntScalar2":{"Value":107,"SourceTimestamp":"2024-04-27T17:22:33.7955668Z","ServerTimestamp":"2024-04-27T17:22:34.6945503Z"},"nsu=http://opcfoundation.org/UA/Plc/Applications;s=FastUIntScalar3":{"Value":107,"SourceTimestamp":"2024-04-27T17:22:33.7955688Z","ServerTimestamp":"2024-04-27T17:22:34.6945475Z"},"nsu=http://opcfoundation.org/UA/Plc/Applications;s=FastRandomUIntScalar1":{"Value":138456204,"SourceTimestamp":"2024-04-27T17:22:33.7955689Z","ServerTimestamp":"2024-04-27T17:22:34.6945563Z"},"nsu=http://opcfoundation.org/UA/Plc/Applications;s=FastRandomUIntScalar2":{"Value":3399361746,"SourceTimestamp":"2024-04-27T17:22:33.795574Z","ServerTimestamp":"2024-04-27T17:22:34.6945532Z"},"nsu=http://opcfoundation.org/UA/Plc/Applications;s=FastRandomUIntScalar3":{"Value":3747308322,"SourceTimestamp":"2024-04-27T17:22:33.7955756Z","ServerTimestamp":"2024-04-27T17:22:34.6945597Z"},"nsu=http://opcfoundation.org/UA/Plc/Applications;s=NegativeTrendData":{"Value":98.5,"SourceTimestamp":"2024-04-27T17:22:34.6936047Z","ServerTimestamp":"2024-04-27T17:22:34.6945431Z"},"nsu=http://opcfoundation.org/UA/Plc/Applications;s=PositiveTrendData":{"Value":101.8,"SourceTimestamp":"2024-04-27T17:22:34.6936036Z","ServerTimestamp":"2024-04-27T17:22:34.6945556Z"},"nsu=http://opcfoundation.org/UA/Plc/Applications;s=SlowUIntScalar1":{"Value":10,"SourceTimestamp":"2024-04-27T17:22:26.787705Z","ServerTimestamp":"2024-04-27T17:22:34.6945514Z"},"nsu=http://opcfoundation.org/UA/Plc/Applications;s=SlowUIntScalar2":{"Value":10,"SourceTimestamp":"2024-04-27T17:22:26.7877101Z","ServerTimestamp":"2024-04-27T17:22:34.6945549Z"},"nsu=http://opcfoundation.org/UA/Plc/Applications;s=SlowUIntScalar3":{"Value":10,"SourceTimestamp":"2024-04-27T17:22:26.7877114Z","ServerTimestamp":"2024-04-27T17:22:34.6945419Z"},"nsu=http://opcfoundation.org/UA/Plc/Applications;s=BadSlowUIntScalar1":{"Value":null,"StatusCode":{"Symbol":"BadNoCommunication","Code":2150694912},"SourceTimestamp":"2024-04-27T17:22:26.7877126Z","ServerTimestamp":"2024-04-27T17:22:34.6945496Z"},"nsu=http://opcfoundation.org/UA/Plc/Applications;s=SlowRandomUIntScalar1":{"Value":3813829757,"SourceTimestamp":"2024-04-27T17:22:26.7877122Z","ServerTimestamp":"2024-04-27T17:22:34.6945455Z"},"nsu=http://opcfoundation.org/UA/Plc/Applications;s=SlowRandomUIntScalar2":{"Value":4186329649,"SourceTimestamp":"2024-04-27T17:22:26.7877168Z","ServerTimestamp":"2024-04-27T17:22:34.6945486Z"},"nsu=http://opcfoundation.org/UA/Plc/Applications;s=SlowRandomUIntScalar3":{"Value":3790999848,"SourceTimestamp":"2024-04-27T17:22:26.7877196Z","ServerTimestamp":"2024-04-27T17:22:34.6945525Z"},"nsu=http://opcfoundation.org/UA/Plc/Applications;s=BadSlowRandomUIntScalar1":{"Value":null,"StatusCode":{"Symbol":"BadNoCommunication","Code":2150694912},"SourceTimestamp":"2024-04-27T17:22:26.7877207Z","ServerTimestamp":"2024-04-27T17:22:34.6945466Z"},"nsu=http://opcfoundation.org/UA/Plc/Applications;s=SpikeData":{"Value":36.812455268467772,"SourceTimestamp":"2024-04-27T17:22:34.6936069Z","ServerTimestamp":"2024-04-27T17:22:34.6945589Z"},"ns=23;i=1259":{"Value":-0.879,"SourceTimestamp":"2024-04-27T17:20:47.6820863Z","ServerTimestamp":"2024-04-27T17:22:34.6945265Z"}}]