[{"i=2258":{"Value":"2024-04-27T17:22:35.6983925Z","SourceTimestamp":"2024-04-27T17:20:47.6820557Z","ServerTimestamp":"2024-04-27T17:22:35.6983914Z"},"nsu=http://opcfoundation.org/UA/Plc/Applications;s=StepUp":{"Value":1089,"SourceTimestamp":"2024-04-27T17:22:35.6970296Z","ServerTimestamp":"2024-04-27T17:22:35.6984307Z"},"nsu=http://opcfoundation.org/UA/Plc/Applications;s=AlternatingBoolean":{"Value":false,"SourceTimestamp":"2024-04-27T17:22:35.6970598Z","ServerTimestamp":"2024-04-27T17:22:35.6984443Z"},"nsu=http://opcfoundation.org/UA/Plc/Applications;s=RandomSignedInt32":{"Value":671140546,"SourceTimestamp":"2024-04-27T17:22:35.6970443Z","ServerTimestamp":"2024-04-27T17:22:35.698447Z"},"nsu=http://opcfoundation.org/UA/Plc/Applications;s=RandomUnsignedInt32":{"Value":754920038,"SourceTimestamp":"2024-04-27T17:22:35.6970484Z","ServerTimestamp":"2024-04-27T17:22:35.6984414Z"},"nsu=http://opcfoundation.org/UA/Plc/Applications;s=DipData":{"Value":99.80267284282715,"SourceTimestamp":"2024-04-27T17:22:35.6970627Z","ServerTimestamp":"2024-04-27T17:22:35.6984312Z"},"nsu=http://opcfoundation.org/UA/Plc/Applications;s=FastUIntScalar1":{"Value":108,"SourceTimestamp":"2024-04-27T17:22:34.7851486Z","ServerTimestamp":"2024-04-27T17:22:35.6984374Z"},"nsu=http://opcfoundation.org/UA/Plc/Applications;s=FastUIntScalar2":{"Value":108,"SourceTimestamp":"2024-04-27T17:22:34.7851557Z","ServerTimestamp":"2024-04-27T17:22:35.698437Z"},"nsu=http://opcfoundation.org/UA/Plc/Applications;s=FastUIntScalar3":{"Value":108,"SourceTimestamp":"2024-04-27T17:22:34.7851573Z","ServerTimestamp":"2024-04-27T17:22:35.6984345Z"},"nsu=http://opcfoundation.org/UA/Plc/Applications;s=FastRandomUIntScalar1":{"Value":1956774549,"SourceTimestamp":"2024-04-27T17:22:34.7851641Z","ServerTimestamp":"2024-04-27T17:22:35.6984435Z"},"nsu=http://opcfoundation.org/UA/Plc/Applications;s=FastRandomUIntScalar2":{"Value":2453927134,"SourceTimestamp":"2024-04-27T17:22:34.7851726Z","ServerTimestamp":"2024-04-27T17:22:35.6984404Z"},"nsu=http://opcfoundation.org/UA/Plc/Applications;s=FastRandomUIntScalar3":{"Value":1169118294,"SourceTimestamp":"2024-04-27T17:22:34.7851753Z","ServerTimestamp":"2024-04-27T17:22:35.6984463Z"},"nsu=http://opcfoundation.org/UA/Plc/Applications;s=NegativeTrendData":{"Value":98.5,"SourceTimestamp":"2024-04-27T17:22:35.6970792Z","ServerTimestamp":"2024-04-27T17:22:35.6984298Z"},"nsu=http://opcfoundation.org/UA/Plc/Applications;s=PositiveTrendData":{"Value":101.8,"SourceTimestamp":"2024-04-27T17:22:35.6970755Z","ServerTimestamp":"2024-04-27T17:22:35.698443Z"},"nsu=http://opcfoundation.org/UA/Plc/Applications;s=SlowUIntScalar1":{"Value":10,"SourceTimestamp":"2024-04-27T17:22:26.787705Z","ServerTimestamp":"2024-04-27T17:22:35.6984383Z"},"nsu=http://opcfoundation.org/UA/Plc/Applications;s=SlowUIntScalar2":{"Value":10,"SourceTimestamp":"2024-04-27T17:22:26.7877101Z","ServerTimestamp":"2024-04-27T17:22:35.6984422Z"},"nsu=http://opcfoundation.org/UA/Plc/Applications;s=SlowUIntScalar3":{"Value":10,"SourceTimestamp":"2024-04-27T17:22:26.7877114Z","ServerTimestamp":"2024-04-27T17:22:35.6984286Z"},"nsu=http://opcfoundation.org/UA/Plc/Applications;s=BadSlowUIntScalar1":{"Value":null,"StatusCode":{"Symbol":"BadNoCommunication","Code":2150694912},"SourceTimestamp":"2024-04-27T17:22:26.7877126Z","ServerTimestamp":"2024-04-27T17:22:35.6984363Z"},"nsu=http://opcfoundation.org/UA/Plc/Applications;s=SlowRandomUIntScalar1":{"Value":3813829757,"SourceTimestamp":"2024-04-27T17:22:26.7877122Z","ServerTimestamp":"2024-04-27T17:22:35.6984323Z"},"nsu=http://opcfoundation.org/UA/Plc/Applications;s=SlowRandomUIntScalar2":{"Value":4186329649,"SourceTimestamp":"2024-04-27T17:22:26.7877168Z","ServerTimestamp":"2024-04-27T17:22:35.6984354Z"},"nsu=http://opcfoundation.org/UA/Plc/Applications;s=SlowRandomUIntScalar3":{"Value":3790999848,"SourceTimestamp":"2024-04-27T17:22:26.7877196Z","ServerTimestamp":"2024-04-27T17:22:35.6984393Z"},"nsu=http://opcfoundation.org/UA/Plc/Applications;s=BadSlowRandomUIntScalar1":{"Value":null,"StatusCode":{"Symbol":"BadNoCommunication","Code":2150694912},"SourceTimestamp":"2024-04-27T17:22:26.7877207Z","ServerTimestamp":"2024-04-27T17:22:35.6984333Z"},"nsu=http://opcfoundation.org/UA/Plc/Applications;s=SpikeData":{"Value":99.80267284282715,"SourceTimestamp":"2024-04-27T17:22:35.6971055Z","ServerTimestamp":"2024-04-27T17:22:35.6984455Z"},"ns=23;i=1259":{"Value":1,"SourceTimestamp":"2024-04-27T17:20:47.6820863Z","ServerTimestamp":"2024-04-27T17:22:35.6984071Z"}}]