[{"i=2258":{"Value":"2024-04-27T17:22:36.6928781Z","SourceTimestamp":"2024-04-27T17:20:47.6820557Z","ServerTimestamp":"2024-04-27T17:22:36.6928769Z"},"nsu=http://opcfoundation.org/UA/Plc/Applications;s=StepUp":{"Value":1099,"SourceTimestamp":"2024-04-27T17:22:36.6919289Z","ServerTimestamp":"2024-04-27T17:22:36.6929202Z"},"nsu=http://opcfoundation.org/UA/Plc/Applications;s=AlternatingBoolean":{"Value":false,"SourceTimestamp":"2024-04-27T17:22:36.6919503Z","ServerTimestamp":"2024-04-27T17:22:36.6929327Z"},"nsu=http://opcfoundation.org/UA/Plc/Applications;s=RandomSignedInt32":{"Value":-376944100,"SourceTimestamp":"2024-04-27T17:22:36.691948Z","ServerTimestamp":"2024-04-27T17:22:36.6929352Z"},"nsu=http://opcfoundation.org/UA/Plc/Applications;s=RandomUnsignedInt32":{"Value":1559677608,"SourceTimestamp":"2024-04-27T17:22:36.6919506Z","ServerTimestamp":"2024-04-27T17:22:36.6929302Z"},"nsu=http://opcfoundation.org/UA/Plc/Applications;s=DipData":{"Value":24.868988716485479,"SourceTimestamp":"2024-04-27T17:22:36.6919613Z","ServerTimestamp":"2024-04-27T17:22:36.6929208Z"},"nsu=http://opcfoundation.org/UA/Plc/Applications;s=FastUIntScalar1":{"Value":109,"SourceTimestamp":"2024-04-27T17:22:35.7900307Z","ServerTimestamp":"2024-04-27T17:22:36.6929266Z"},"nsu=http://opcfoundation.org/UA/Plc/Applications;s=FastUIntScalar2":{"Value":109,"SourceTimestamp":"2024-04-27T17:22:35.7900386Z","ServerTimestamp":"2024-04-27T17:22:36.6929263Z"},"nsu=http://opcfoundation.org/UA/Plc/Applications;s=FastUIntScalar3":{"Value":109,"SourceTimestamp":"2024-04-27T17:22:35.7900405Z","ServerTimestamp":"2024-04-27T17:22:36.6929237Z"},"nsu=http://opcfoundation.org/UA/Plc/Applications;s=FastRandomUIntScalar1":{"Value":2253703467,"SourceTimestamp":"2024-04-27T17:22:35.7900443Z","ServerTimestamp":"2024-04-27T17:22:36.6929321Z"},"nsu=http://opcfoundation.org/UA/Plc/Applications;s=FastRandomUIntScalar2":{"Value":3248427316,"SourceTimestamp":"2024-04-27T17:22:35.7900516Z","ServerTimestamp":"2024-04-27T17:22:36.6929292Z"},"nsu=http://opcfoundation.org/UA/Plc/Applications;s=FastRandomUIntScalar3":{"Value":926583480,"SourceTimestamp":"2024-04-27T17:22:35.7900533Z","ServerTimestamp":"2024-04-27T17:22:36.6929345Z"},"nsu=http://opcfoundation.org/UA/Plc/Applications;s=NegativeTrendData":{"Value":98.5,"SourceTimestamp":"2024-04-27T17:22:36.6919612Z","ServerTimestamp":"2024-04-27T17:22:36.6929193Z"},"nsu=http://opcfoundation.org/UA/Plc/Applications;s=PositiveTrendData":{"Value":101.8,"SourceTimestamp":"2024-04-27T17:22:36.6919669Z","ServerTimestamp":"2024-04-27T17:22:36.6929315Z"},"nsu=http://opcfoundation.org/UA/Plc/Applications;s=SlowUIntScalar1":{"Value":10,"SourceTimestamp":"2024-04-27T17:22:26.787705Z","ServerTimestamp":"2024-04-27T17:22:36.6929274Z"},"nsu=http://opcfoundation.org/UA/Plc/Applications;s=SlowUIntScalar2":{"Value":10,"SourceTimestamp":"2024-04-27T17:22:26.7877101Z","ServerTimestamp":"2024-04-27T17:22:36.6929308Z"},"nsu=http://opcfoundation.org/UA/Plc/Applications;s=SlowUIntScalar3":{"Value":10,"SourceTimestamp":"2024-04-27T17:22:26.7877114Z","ServerTimestamp":"2024-04-27T17:22:36.6929181Z"},"nsu=http://opcfoundation.org/UA/Plc/Applications;s=BadSlowUIntScalar1":{"Value":null,"StatusCode":{"Symbol":"BadNoCommunication","Code":2150694912},"SourceTimestamp":"2024-04-27T17:22:26.7877126Z","ServerTimestamp":"2024-04-27T17:22:36.6929256Z"},"nsu=http://opcfoundation.org/UA/Plc/Applications;s=SlowRandomUIntScalar1":{"Value":3813829757,"SourceTimestamp":"2024-04-27T17:22:26.7877122Z","ServerTimestamp":"2024-04-27T17:22:36.6929218Z"},"nsu=http://opcfoundation.org/UA/Plc/Applications;s=SlowRandomUIntScalar2":{"Value":4186329649,"SourceTimestamp":"2024-04-27T17:22:26.7877168Z","ServerTimestamp":"2024-04-27T17:22:36.6929247Z"},"nsu=http://opcfoundation.org/UA/Plc/Applications;s=SlowRandomUIntScalar3":{"Value":3790999848,"SourceTimestamp":"2024-04-27T17:22:26.7877196Z","ServerTimestamp":"2024-04-27T17:22:36.6929285Z"},"nsu=http://opcfoundation.org/UA/Plc/Applications;s=BadSlowRandomUIntScalar1":{"Value":null,"StatusCode":{"Symbol":"BadNoCommunication","Code":2150694912},"SourceTimestamp":"2024-04-27T17:22:26.7877207Z","ServerTimestamp":"2024-04-27T17:22:36.6929227Z"},"nsu=http://opcfoundation.org/UA/Plc/Applications;s=SpikeData":{"Value":24.868988716485479,"SourceTimestamp":"2024-04-27T17:22:36.6919663Z","ServerTimestamp":"2024-04-27T17:22:36.6929337Z"},"ns=23;i=1259":{"Value":-1,"SourceTimestamp":"2024-04-27T17:20:47.6820863Z","ServerTimestamp":"2024-04-27T17:22:36.6928931Z"}}]