[{"i=2258":{"Value":"2024-04-27T17:20:58.7066684Z","SourceTimestamp":"2024-04-27T17:20:47.6820557Z","ServerTimestamp":"2024-04-27T17:20:58.7066668Z"},"nsu=http://opcfoundation.org/UA/Plc/Applications;s=StepUp":{"Value":119,"SourceTimestamp":"2024-04-27T17:20:58.6892629Z","ServerTimestamp":"2024-04-27T17:20:58.7067092Z"},"nsu=http://opcfoundation.org/UA/Plc/Applications;s=AlternatingBoolean":{"Value":true,"SourceTimestamp":"2024-04-27T17:20:58.6892725Z","ServerTimestamp":"2024-04-27T17:20:58.7067274Z"},"nsu=http://opcfoundation.org/UA/Plc/Applications;s=RandomSignedInt32":{"Value":499391397,"SourceTimestamp":"2024-04-27T17:20:58.6892761Z","ServerTimestamp":"2024-04-27T17:20:58.7067311Z"},"nsu=http://opcfoundation.org/UA/Plc/Applications;s=RandomUnsignedInt32":{"Value":2050744833,"SourceTimestamp":"2024-04-27T17:20:58.6892789Z","ServerTimestamp":"2024-04-27T17:20:58.7067236Z"},"nsu=http://opcfoundation.org/UA/Plc/Applications;s=DipData":{"Value":-77.051324277578942,"SourceTimestamp":"2024-04-27T17:20:58.6892898Z","ServerTimestamp":"2024-04-27T17:20:58.7067102Z"},"nsu=http://opcfoundation.org/UA/Plc/Applications;s=FastUIntScalar1":{"Value":11,"SourceTimestamp":"2024-04-27T17:20:57.7958941Z","ServerTimestamp":"2024-04-27T17:20:58.7067187Z"},"nsu=http://opcfoundation.org/UA/Plc/Applications;s=FastUIntScalar2":{"Value":11,"SourceTimestamp":"2024-04-27T17:20:57.7959011Z","ServerTimestamp":"2024-04-27T17:20:58.7067183Z"},"nsu=http://opcfoundation.org/UA/Plc/Applications;s=FastUIntScalar3":{"Value":11,"SourceTimestamp":"2024-04-27T17:20:57.7959024Z","ServerTimestamp":"2024-04-27T17:20:58.7067148Z"},"nsu=http://opcfoundation.org/UA/Plc/Applications;s=FastRandomUIntScalar1":{"Value":3711882373,"SourceTimestamp":"2024-04-27T17:20:57.7958906Z","ServerTimestamp":"2024-04-27T17:20:58.7067264Z"},"nsu=http://opcfoundation.org/UA/Plc/Applications;s=FastRandomUIntScalar2":{"Value":3394422764,"SourceTimestamp":"2024-04-27T17:20:57.795898Z","ServerTimestamp":"2024-04-27T17:20:58.7067223Z"},"nsu=http://opcfoundation.org/UA/Plc/Applications;s=FastRandomUIntScalar3":{"Value":3943111553,"SourceTimestamp":"2024-04-27T17:20:57.795902Z","ServerTimestamp":"2024-04-27T17:20:58.7067303Z"},"nsu=http://opcfoundation.org/UA/Plc/Applications;s=NegativeTrendData":{"Value":100,"SourceTimestamp":"2024-04-27T17:20:58.6892925Z","ServerTimestamp":"2024-04-27T17:20:58.7067081Z"},"nsu=http://opcfoundation.org/UA/Plc/Applications;s=PositiveTrendData":{"Value":100,"SourceTimestamp":"2024-04-27T17:20:58.6892946Z","ServerTimestamp":"2024-04-27T17:20:58.7067256Z"},"nsu=http://opcfoundation.org/UA/Plc/Applications;s=SlowUIntScalar1":{"Value":1,"SourceTimestamp":"2024-04-27T17:20:56.79833Z","ServerTimestamp":"2024-04-27T17:20:58.7067199Z"},"nsu=http://opcfoundation.org/UA/Plc/Applications;s=SlowUIntScalar2":{"Value":1,"SourceTimestamp":"2024-04-27T17:20:56.7983366Z","ServerTimestamp":"2024-04-27T17:20:58.7067246Z"},"nsu=http://opcfoundation.org/UA/Plc/Applications;s=SlowUIntScalar3":{"Value":1,"SourceTimestamp":"2024-04-27T17:20:56.7983379Z","ServerTimestamp":"2024-04-27T17:20:58.7067067Z"},"nsu=http://opcfoundation.org/UA/Plc/Applications;s=BadSlowUIntScalar1":{"Value":1,"SourceTimestamp":"2024-04-27T17:20:56.798339Z","ServerTimestamp":"2024-04-27T17:20:58.7067173Z"},"nsu=http://opcfoundation.org/UA/Plc/Applications;s=SlowRandomUIntScalar1":{"Value":1776210268,"SourceTimestamp":"2024-04-27T17:20:56.7983394Z","ServerTimestamp":"2024-04-27T17:20:58.7067116Z"},"nsu=http://opcfoundation.org/UA/Plc/Applications;s=SlowRandomUIntScalar2":{"Value":3711970823,"SourceTimestamp":"2024-04-27T17:20:56.7983437Z","ServerTimestamp":"2024-04-27T17:20:58.706716Z"},"nsu=http://opcfoundation.org/UA/Plc/Applications;s=SlowRandomUIntScalar3":{"Value":1237163539,"SourceTimestamp":"2024-04-27T17:20:56.7983454Z","ServerTimestamp":"2024-04-27T17:20:58.7067213Z"},"nsu=http://opcfoundation.org/UA/Plc/Applications;s=BadSlowRandomUIntScalar1":{"Value":2456409585,"SourceTimestamp":"2024-04-27T17:20:56.7983467Z","ServerTimestamp":"2024-04-27T17:20:58.7067138Z"},"nsu=http://opcfoundation.org/UA/Plc/Applications;s=SpikeData":{"Value":-77.051324277578942,"SourceTimestamp":"2024-04-27T17:20:58.6892983Z","ServerTimestamp":"2024-04-27T17:20:58.7067292Z"},"ns=23;i=1259":{"Value":0.70200000000000007,"SourceTimestamp":"2024-04-27T17:20:47.6820863Z","ServerTimestamp":"2024-04-27T17:20:58.7066856Z"}}]