[{"i=2258":{"Value":"2024-04-27T17:22:40.6964978Z","SourceTimestamp":"2024-04-27T17:20:47.6820557Z","ServerTimestamp":"2024-04-27T17:22:40.6964967Z"},"nsu=http://opcfoundation.org/UA/Plc/Applications;s=StepUp":{"Value":1139,"SourceTimestamp":"2024-04-27T17:22:40.6955547Z","ServerTimestamp":"2024-04-27T17:22:40.6965278Z"},"nsu=http://opcfoundation.org/UA/Plc/Applications;s=AlternatingBoolean":{"Value":true,"SourceTimestamp":"2024-04-27T17:22:40.695567Z","ServerTimestamp":"2024-04-27T17:22:40.6965389Z"},"nsu=http://opcfoundation.org/UA/Plc/Applications;s=RandomSignedInt32":{"Value":-1073551804,"SourceTimestamp":"2024-04-27T17:22:40.6955636Z","ServerTimestamp":"2024-04-27T17:22:40.6965413Z"},"nsu=http://opcfoundation.org/UA/Plc/Applications;s=RandomUnsignedInt32":{"Value":1684613282,"SourceTimestamp":"2024-04-27T17:22:40.6955667Z","ServerTimestamp":"2024-04-27T17:22:40.6965365Z"},"nsu=http://opcfoundation.org/UA/Plc/Applications;s=DipData":{"Value":99.80267284282715,"SourceTimestamp":"2024-04-27T17:22:40.6955812Z","ServerTimestamp":"2024-04-27T17:22:40.6965282Z"},"nsu=http://opcfoundation.org/UA/Plc/Applications;s=FastUIntScalar1":{"Value":113,"SourceTimestamp":"2024-04-27T17:22:39.7900967Z","ServerTimestamp":"2024-04-27T17:22:40.6965333Z"},"nsu=http://opcfoundation.org/UA/Plc/Applications;s=FastUIntScalar2":{"Value":113,"SourceTimestamp":"2024-04-27T17:22:39.7901045Z","ServerTimestamp":"2024-04-27T17:22:40.696533Z"},"nsu=http://opcfoundation.org/UA/Plc/Applications;s=FastUIntScalar3":{"Value":113,"SourceTimestamp":"2024-04-27T17:22:39.7901085Z","ServerTimestamp":"2024-04-27T17:22:40.6965307Z"},"nsu=http://opcfoundation.org/UA/Plc/Applications;s=FastRandomUIntScalar1":{"Value":2937999197,"SourceTimestamp":"2024-04-27T17:22:39.7900976Z","ServerTimestamp":"2024-04-27T17:22:40.6965384Z"},"nsu=http://opcfoundation.org/UA/Plc/Applications;s=FastRandomUIntScalar2":{"Value":3308357971,"SourceTimestamp":"2024-04-27T17:22:39.7901075Z","ServerTimestamp":"2024-04-27T17:22:40.6965355Z"},"nsu=http://opcfoundation.org/UA/Plc/Applications;s=FastRandomUIntScalar3":{"Value":141037436,"SourceTimestamp":"2024-04-27T17:22:39.7901089Z","ServerTimestamp":"2024-04-27T17:22:40.6965408Z"},"nsu=http://opcfoundation.org/UA/Plc/Applications;s=NegativeTrendData":{"Value":98.400000000000006,"SourceTimestamp":"2024-04-27T17:22:40.6955816Z","ServerTimestamp":"2024-04-27T17:22:40.6965272Z"},"nsu=http://opcfoundation.org/UA/Plc/Applications;s=PositiveTrendData":{"Value":101.90000000000001,"SourceTimestamp":"2024-04-27T17:22:40.6955785Z","ServerTimestamp":"2024-04-27T17:22:40.6965378Z"},"nsu=http://opcfoundation.org/UA/Plc/Applications;s=SlowUIntScalar1":{"Value":11,"SourceTimestamp":"2024-04-27T17:22:36.7848966Z","ServerTimestamp":"2024-04-27T17:22:40.696534Z"},"nsu=http://opcfoundation.org/UA/Plc/Applications;s=SlowUIntScalar2":{"Value":11,"SourceTimestamp":"2024-04-27T17:22:36.7849021Z","ServerTimestamp":"2024-04-27T17:22:40.6965371Z"},"nsu=http://opcfoundation.org/UA/Plc/Applications;s=SlowUIntScalar3":{"Value":11,"SourceTimestamp":"2024-04-27T17:22:36.7849041Z","ServerTimestamp":"2024-04-27T17:22:40.6965261Z"},"nsu=http://opcfoundation.org/UA/Plc/Applications;s=BadSlowUIntScalar1":{"Value":1,"SourceTimestamp":"2024-04-27T17:22:36.7849056Z","ServerTimestamp":"2024-04-27T17:22:40.6965322Z"},"nsu=http://opcfoundation.org/UA/Plc/Applications;s=SlowRandomUIntScalar1":{"Value":3494593069,"SourceTimestamp":"2024-04-27T17:22:36.7849049Z","ServerTimestamp":"2024-04-27T17:22:40.6965292Z"},"nsu=http://opcfoundation.org/UA/Plc/Applications;s=SlowRandomUIntScalar2":{"Value":4022460913,"SourceTimestamp":"2024-04-27T17:22:36.7849097Z","ServerTimestamp":"2024-04-27T17:22:40.6965315Z"},"nsu=http://opcfoundation.org/UA/Plc/Applications;s=SlowRandomUIntScalar3":{"Value":2523134424,"SourceTimestamp":"2024-04-27T17:22:36.7849113Z","ServerTimestamp":"2024-04-27T17:22:40.696535Z"},"nsu=http://opcfoundation.org/UA/Plc/Applications;s=BadSlowRandomUIntScalar1":{"Value":968979355,"SourceTimestamp":"2024-04-27T17:22:36.7849125Z","ServerTimestamp":"2024-04-27T17:22:40.6965301Z"},"nsu=http://opcfoundation.org/UA/Plc/Applications;s=SpikeData":{"Value":99.80267284282715,"SourceTimestamp":"2024-04-27T17:22:40.6955831Z","ServerTimestamp":"2024-04-27T17:22:40.69654Z"},"ns=23;i=1259":{"Value":1.25,"SourceTimestamp":"2024-04-27T17:20:47.6820863Z","ServerTimestamp":"2024-04-27T17:22:40.6965113Z"}}]