[{"i=2258":{"Value":"2024-04-27T17:22:41.7064972Z","SourceTimestamp":"2024-04-27T17:20:47.6820557Z","ServerTimestamp":"2024-04-27T17:22:41.7064959Z"},"nsu=http://opcfoundation.org/UA/Plc/Applications;s=StepUp":{"Value":1149,"SourceTimestamp":"2024-04-27T17:22:41.6901391Z","ServerTimestamp":"2024-04-27T17:22:41.7065305Z"},"nsu=http://opcfoundation.org/UA/Plc/Applications;s=AlternatingBoolean":{"Value":true,"SourceTimestamp":"2024-04-27T17:22:41.6901517Z","ServerTimestamp":"2024-04-27T17:22:41.7065438Z"},"nsu=http://opcfoundation.org/UA/Plc/Applications;s=RandomSignedInt32":{"Value":-90098989,"SourceTimestamp":"2024-04-27T17:22:41.6901805Z","ServerTimestamp":"2024-04-27T17:22:41.7065466Z"},"nsu=http://opcfoundation.org/UA/Plc/Applications;s=RandomUnsignedInt32":{"Value":554251884,"SourceTimestamp":"2024-04-27T17:22:41.6901564Z","ServerTimestamp":"2024-04-27T17:22:41.7065409Z"},"nsu=http://opcfoundation.org/UA/Plc/Applications;s=DipData":{"Value":24.868988716485479,"SourceTimestamp":"2024-04-27T17:22:41.690175Z","ServerTimestamp":"2024-04-27T17:22:41.706531Z"},"nsu=http://opcfoundation.org/UA/Plc/Applications;s=FastUIntScalar1":{"Value":114,"SourceTimestamp":"2024-04-27T17:22:40.7885771Z","ServerTimestamp":"2024-04-27T17:22:41.7065368Z"},"nsu=http://opcfoundation.org/UA/Plc/Applications;s=FastUIntScalar2":{"Value":114,"SourceTimestamp":"2024-04-27T17:22:40.7885831Z","ServerTimestamp":"2024-04-27T17:22:41.7065365Z"},"nsu=http://opcfoundation.org/UA/Plc/Applications;s=FastUIntScalar3":{"Value":114,"SourceTimestamp":"2024-04-27T17:22:40.7885843Z","ServerTimestamp":"2024-04-27T17:22:41.7065338Z"},"nsu=http://opcfoundation.org/UA/Plc/Applications;s=FastRandomUIntScalar1":{"Value":577942043,"SourceTimestamp":"2024-04-27T17:22:40.788591Z","ServerTimestamp":"2024-04-27T17:22:41.7065432Z"},"nsu=http://opcfoundation.org/UA/Plc/Applications;s=FastRandomUIntScalar2":{"Value":1660387976,"SourceTimestamp":"2024-04-27T17:22:40.7885959Z","ServerTimestamp":"2024-04-27T17:22:41.7065399Z"},"nsu=http://opcfoundation.org/UA/Plc/Applications;s=FastRandomUIntScalar3":{"Value":2673618372,"SourceTimestamp":"2024-04-27T17:22:40.7885972Z","ServerTimestamp":"2024-04-27T17:22:41.706546Z"},"nsu=http://opcfoundation.org/UA/Plc/Applications;s=NegativeTrendData":{"Value":98.400000000000006,"SourceTimestamp":"2024-04-27T17:22:41.6901739Z","ServerTimestamp":"2024-04-27T17:22:41.7065296Z"},"nsu=http://opcfoundation.org/UA/Plc/Applications;s=PositiveTrendData":{"Value":101.90000000000001,"SourceTimestamp":"2024-04-27T17:22:41.6902046Z","ServerTimestamp":"2024-04-27T17:22:41.7065425Z"},"nsu=http://opcfoundation.org/UA/Plc/Applications;s=SlowUIntScalar1":{"Value":11,"SourceTimestamp":"2024-04-27T17:22:36.7848966Z","ServerTimestamp":"2024-04-27T17:22:41.7065378Z"},"nsu=http://opcfoundation.org/UA/Plc/Applications;s=SlowUIntScalar2":{"Value":11,"SourceTimestamp":"2024-04-27T17:22:36.7849021Z","ServerTimestamp":"2024-04-27T17:22:41.7065418Z"},"nsu=http://opcfoundation.org/UA/Plc/Applications;s=SlowUIntScalar3":{"Value":11,"SourceTimestamp":"2024-04-27T17:22:36.7849041Z","ServerTimestamp":"2024-04-27T17:22:41.7065284Z"},"nsu=http://opcfoundation.org/UA/Plc/Applications;s=BadSlowUIntScalar1":{"Value":1,"SourceTimestamp":"2024-04-27T17:22:36.7849056Z","ServerTimestamp":"2024-04-27T17:22:41.7065356Z"},"nsu=http://opcfoundation.org/UA/Plc/Applications;s=SlowRandomUIntScalar1":{"Value":3494593069,"SourceTimestamp":"2024-04-27T17:22:36.7849049Z","ServerTimestamp":"2024-04-27T17:22:41.7065321Z"},"nsu=http://opcfoundation.org/UA/Plc/Applications;s=SlowRandomUIntScalar2":{"Value":4022460913,"SourceTimestamp":"2024-04-27T17:22:36.7849097Z","ServerTimestamp":"2024-04-27T17:22:41.7065346Z"},"nsu=http://opcfoundation.org/UA/Plc/Applications;s=SlowRandomUIntScalar3":{"Value":2523134424,"SourceTimestamp":"2024-04-27T17:22:36.7849113Z","ServerTimestamp":"2024-04-27T17:22:41.706539Z"},"nsu=http://opcfoundation.org/UA/Plc/Applications;s=BadSlowRandomUIntScalar1":{"Value":968979355,"SourceTimestamp":"2024-04-27T17:22:36.7849125Z","ServerTimestamp":"2024-04-27T17:22:41.7065331Z"},"nsu=http://opcfoundation.org/UA/Plc/Applications;s=SpikeData":{"Value":24.868988716485479,"SourceTimestamp":"2024-04-27T17:22:41.6901827Z","ServerTimestamp":"2024-04-27T17:22:41.7065451Z"},"ns=23;i=1259":{"Value":0.248,"SourceTimestamp":"2024-04-27T17:20:47.6820863Z","ServerTimestamp":"2024-04-27T17:22:41.7065115Z"}}]