[{"i=2258":{"Value":"2024-04-27T17:22:42.696473Z","SourceTimestamp":"2024-04-27T17:20:47.6820557Z","ServerTimestamp":"2024-04-27T17:22:42.696472Z"},"nsu=http://opcfoundation.org/UA/Plc/Applications;s=StepUp":{"Value":1159,"SourceTimestamp":"2024-04-27T17:22:42.6953451Z","ServerTimestamp":"2024-04-27T17:22:42.6965048Z"},"nsu=http://opcfoundation.org/UA/Plc/Applications;s=AlternatingBoolean":{"Value":false,"SourceTimestamp":"2024-04-27T17:22:42.6953665Z","ServerTimestamp":"2024-04-27T17:22:42.6965267Z"},"nsu=http://opcfoundation.org/UA/Plc/Applications;s=RandomSignedInt32":{"Value":-987918498,"SourceTimestamp":"2024-04-27T17:22:42.6953621Z","ServerTimestamp":"2024-04-27T17:22:42.69653Z"},"nsu=http://opcfoundation.org/UA/Plc/Applications;s=RandomUnsignedInt32":{"Value":1798384256,"SourceTimestamp":"2024-04-27T17:22:42.6953677Z","ServerTimestamp":"2024-04-27T17:22:42.6965239Z"},"nsu=http://opcfoundation.org/UA/Plc/Applications;s=DipData":{"Value":-84.432792550201498,"SourceTimestamp":"2024-04-27T17:22:42.6953848Z","ServerTimestamp":"2024-04-27T17:22:42.6965053Z"},"nsu=http://opcfoundation.org/UA/Plc/Applications;s=FastUIntScalar1":{"Value":115,"SourceTimestamp":"2024-04-27T17:22:41.7840083Z","ServerTimestamp":"2024-04-27T17:22:42.6965111Z"},"nsu=http://opcfoundation.org/UA/Plc/Applications;s=FastUIntScalar2":{"Value":115,"SourceTimestamp":"2024-04-27T17:22:41.7840156Z","ServerTimestamp":"2024-04-27T17:22:42.6965108Z"},"nsu=http://opcfoundation.org/UA/Plc/Applications;s=FastUIntScalar3":{"Value":115,"SourceTimestamp":"2024-04-27T17:22:41.784022Z","ServerTimestamp":"2024-04-27T17:22:42.696508Z"},"nsu=http://opcfoundation.org/UA/Plc/Applications;s=FastRandomUIntScalar1":{"Value":1237271257,"SourceTimestamp":"2024-04-27T17:22:41.7840122Z","ServerTimestamp":"2024-04-27T17:22:42.696526Z"},"nsu=http://opcfoundation.org/UA/Plc/Applications;s=FastRandomUIntScalar2":{"Value":2333590147,"SourceTimestamp":"2024-04-27T17:22:41.7840213Z","ServerTimestamp":"2024-04-27T17:22:42.6965229Z"},"nsu=http://opcfoundation.org/UA/Plc/Applications;s=FastRandomUIntScalar3":{"Value":3769723200,"SourceTimestamp":"2024-04-27T17:22:41.7840238Z","ServerTimestamp":"2024-04-27T17:22:42.6965293Z"},"nsu=http://opcfoundation.org/UA/Plc/Applications;s=NegativeTrendData":{"Value":98.299999999999997,"SourceTimestamp":"2024-04-27T17:22:42.6954027Z","ServerTimestamp":"2024-04-27T17:22:42.696504Z"},"nsu=http://opcfoundation.org/UA/Plc/Applications;s=PositiveTrendData":{"Value":102,"SourceTimestamp":"2024-04-27T17:22:42.695388Z","ServerTimestamp":"2024-04-27T17:22:42.6965253Z"},"nsu=http://opcfoundation.org/UA/Plc/Applications;s=SlowUIntScalar1":{"Value":11,"SourceTimestamp":"2024-04-27T17:22:36.7848966Z","ServerTimestamp":"2024-04-27T17:22:42.696512Z"},"nsu=http://opcfoundation.org/UA/Plc/Applications;s=SlowUIntScalar2":{"Value":11,"SourceTimestamp":"2024-04-27T17:22:36.7849021Z","ServerTimestamp":"2024-04-27T17:22:42.6965246Z"},"nsu=http://opcfoundation.org/UA/Plc/Applications;s=SlowUIntScalar3":{"Value":11,"SourceTimestamp":"2024-04-27T17:22:36.7849041Z","ServerTimestamp":"2024-04-27T17:22:42.6965029Z"},"nsu=http://opcfoundation.org/UA/Plc/Applications;s=BadSlowUIntScalar1":{"Value":1,"SourceTimestamp":"2024-04-27T17:22:36.7849056Z","ServerTimestamp":"2024-04-27T17:22:42.6965099Z"},"nsu=http://opcfoundation.org/UA/Plc/Applications;s=SlowRandomUIntScalar1":{"Value":3494593069,"SourceTimestamp":"2024-04-27T17:22:36.7849049Z","ServerTimestamp":"2024-04-27T17:22:42.6965063Z"},"nsu=http://opcfoundation.org/UA/Plc/Applications;s=SlowRandomUIntScalar2":{"Value":4022460913,"SourceTimestamp":"2024-04-27T17:22:36.7849097Z","ServerTimestamp":"2024-04-27T17:22:42.696509Z"},"nsu=http://opcfoundation.org/UA/Plc/Applications;s=SlowRandomUIntScalar3":{"Value":2523134424,"SourceTimestamp":"2024-04-27T17:22:36.7849113Z","ServerTimestamp":"2024-04-27T17:22:42.696513Z"},"nsu=http://opcfoundation.org/UA/Plc/Applications;s=BadSlowRandomUIntScalar1":{"Value":968979355,"SourceTimestamp":"2024-04-27T17:22:36.7849125Z","ServerTimestamp":"2024-04-27T17:22:42.6965073Z"},"nsu=http://opcfoundation.org/UA/Plc/Applications;s=SpikeData":{"Value":-84.432792550201498,"SourceTimestamp":"2024-04-27T17:22:42.6953927Z","ServerTimestamp":"2024-04-27T17:22:42.696528Z"},"ns=23;i=1259":{"Value":0.39600000000000002,"SourceTimestamp":"2024-04-27T17:20:47.6820863Z","ServerTimestamp":"2024-04-27T17:22:42.6964871Z"}}]