[{"i=2258":{"Value":"2024-04-27T17:22:43.7055152Z","SourceTimestamp":"2024-04-27T17:20:47.6820557Z","ServerTimestamp":"2024-04-27T17:22:43.7055139Z"},"nsu=http://opcfoundation.org/UA/Plc/Applications;s=StepUp":{"Value":1169,"SourceTimestamp":"2024-04-27T17:22:43.6886618Z","ServerTimestamp":"2024-04-27T17:22:43.7055483Z"},"nsu=http://opcfoundation.org/UA/Plc/Applications;s=AlternatingBoolean":{"Value":false,"SourceTimestamp":"2024-04-27T17:22:43.6886827Z","ServerTimestamp":"2024-04-27T17:22:43.7055608Z"},"nsu=http://opcfoundation.org/UA/Plc/Applications;s=RandomSignedInt32":{"Value":1521750800,"SourceTimestamp":"2024-04-27T17:22:43.6886781Z","ServerTimestamp":"2024-04-27T17:22:43.7055635Z"},"nsu=http://opcfoundation.org/UA/Plc/Applications;s=RandomUnsignedInt32":{"Value":1508304975,"SourceTimestamp":"2024-04-27T17:22:43.6886827Z","ServerTimestamp":"2024-04-27T17:22:43.7055581Z"},"nsu=http://opcfoundation.org/UA/Plc/Applications;s=DipData":{"Value":-1000,"SourceTimestamp":"2024-04-27T17:22:43.688689Z","ServerTimestamp":"2024-04-27T17:22:43.7055489Z"},"nsu=http://opcfoundation.org/UA/Plc/Applications;s=FastUIntScalar1":{"Value":116,"SourceTimestamp":"2024-04-27T17:22:42.7891662Z","ServerTimestamp":"2024-04-27T17:22:43.7055547Z"},"nsu=http://opcfoundation.org/UA/Plc/Applications;s=FastUIntScalar2":{"Value":116,"SourceTimestamp":"2024-04-27T17:22:42.7891771Z","ServerTimestamp":"2024-04-27T17:22:43.7055544Z"},"nsu=http://opcfoundation.org/UA/Plc/Applications;s=FastUIntScalar3":{"Value":116,"SourceTimestamp":"2024-04-27T17:22:42.7891798Z","ServerTimestamp":"2024-04-27T17:22:43.7055516Z"},"nsu=http://opcfoundation.org/UA/Plc/Applications;s=FastRandomUIntScalar1":{"Value":1778815319,"SourceTimestamp":"2024-04-27T17:22:42.7891518Z","ServerTimestamp":"2024-04-27T17:22:43.7055603Z"},"nsu=http://opcfoundation.org/UA/Plc/Applications;s=FastRandomUIntScalar2":{"Value":2293021451,"SourceTimestamp":"2024-04-27T17:22:42.7891629Z","ServerTimestamp":"2024-04-27T17:22:43.7055571Z"},"nsu=http://opcfoundation.org/UA/Plc/Applications;s=FastRandomUIntScalar3":{"Value":3764514752,"SourceTimestamp":"2024-04-27T17:22:42.7891651Z","ServerTimestamp":"2024-04-27T17:22:43.705563Z"},"nsu=http://opcfoundation.org/UA/Plc/Applications;s=NegativeTrendData":{"Value":98.299999999999997,"SourceTimestamp":"2024-04-27T17:22:43.6886923Z","ServerTimestamp":"2024-04-27T17:22:43.7055476Z"},"nsu=http://opcfoundation.org/UA/Plc/Applications;s=PositiveTrendData":{"Value":102,"SourceTimestamp":"2024-04-27T17:22:43.6886915Z","ServerTimestamp":"2024-04-27T17:22:43.7055597Z"},"nsu=http://opcfoundation.org/UA/Plc/Applications;s=SlowUIntScalar1":{"Value":11,"SourceTimestamp":"2024-04-27T17:22:36.7848966Z","ServerTimestamp":"2024-04-27T17:22:43.7055555Z"},"nsu=http://opcfoundation.org/UA/Plc/Applications;s=SlowUIntScalar2":{"Value":11,"SourceTimestamp":"2024-04-27T17:22:36.7849021Z","ServerTimestamp":"2024-04-27T17:22:43.705559Z"},"nsu=http://opcfoundation.org/UA/Plc/Applications;s=SlowUIntScalar3":{"Value":11,"SourceTimestamp":"2024-04-27T17:22:36.7849041Z","ServerTimestamp":"2024-04-27T17:22:43.7055465Z"},"nsu=http://opcfoundation.org/UA/Plc/Applications;s=BadSlowUIntScalar1":{"Value":1,"SourceTimestamp":"2024-04-27T17:22:36.7849056Z","ServerTimestamp":"2024-04-27T17:22:43.7055536Z"},"nsu=http://opcfoundation.org/UA/Plc/Applications;s=SlowRandomUIntScalar1":{"Value":3494593069,"SourceTimestamp":"2024-04-27T17:22:36.7849049Z","ServerTimestamp":"2024-04-27T17:22:43.7055499Z"},"nsu=http://opcfoundation.org/UA/Plc/Applications;s=SlowRandomUIntScalar2":{"Value":4022460913,"SourceTimestamp":"2024-04-27T17:22:36.7849097Z","ServerTimestamp":"2024-04-27T17:22:43.7055525Z"},"nsu=http://opcfoundation.org/UA/Plc/Applications;s=SlowRandomUIntScalar3":{"Value":2523134424,"SourceTimestamp":"2024-04-27T17:22:36.7849113Z","ServerTimestamp":"2024-04-27T17:22:43.7055564Z"},"nsu=http://opcfoundation.org/UA/Plc/Applications;s=BadSlowRandomUIntScalar1":{"Value":968979355,"SourceTimestamp":"2024-04-27T17:22:36.7849125Z","ServerTimestamp":"2024-04-27T17:22:43.7055509Z"},"nsu=http://opcfoundation.org/UA/Plc/Applications;s=SpikeData":{"Value":-77.051324277578942,"SourceTimestamp":"2024-04-27T17:22:43.6886954Z","ServerTimestamp":"2024-04-27T17:22:43.7055622Z"},"ns=23;i=1259":{"Value":-0.40200000000000002,"SourceTimestamp":"2024-04-27T17:20:47.6820863Z","ServerTimestamp":"2024-04-27T17:22:43.7055296Z"}}]