[{"i=2258":{"Value":"2024-04-27T17:21:01.7047124Z","SourceTimestamp":"2024-04-27T17:20:47.6820557Z","ServerTimestamp":"2024-04-27T17:21:01.7047111Z"},"nsu=http://opcfoundation.org/UA/Plc/Applications;s=StepUp":{"Value":149,"SourceTimestamp":"2024-04-27T17:21:01.6874715Z","ServerTimestamp":"2024-04-27T17:21:01.7047452Z"},"nsu=http://opcfoundation.org/UA/Plc/Applications;s=AlternatingBoolean":{"Value":true,"SourceTimestamp":"2024-04-27T17:21:01.6874722Z","ServerTimestamp":"2024-04-27T17:21:01.7047583Z"},"nsu=http://opcfoundation.org/UA/Plc/Applications;s=RandomSignedInt32":{"Value":53735848,"SourceTimestamp":"2024-04-27T17:21:01.6874782Z","ServerTimestamp":"2024-04-27T17:21:01.7047611Z"},"nsu=http://opcfoundation.org/UA/Plc/Applications;s=RandomUnsignedInt32":{"Value":342935949,"SourceTimestamp":"2024-04-27T17:21:01.6874879Z","ServerTimestamp":"2024-04-27T17:21:01.7047557Z"},"nsu=http://opcfoundation.org/UA/Plc/Applications;s=DipData":{"Value":24.868988716485479,"SourceTimestamp":"2024-04-27T17:21:01.6874894Z","ServerTimestamp":"2024-04-27T17:21:01.7047457Z"},"nsu=http://opcfoundation.org/UA/Plc/Applications;s=FastUIntScalar1":{"Value":14,"SourceTimestamp":"2024-04-27T17:21:00.7926272Z","ServerTimestamp":"2024-04-27T17:21:01.7047524Z"},"nsu=http://opcfoundation.org/UA/Plc/Applications;s=FastUIntScalar2":{"Value":14,"SourceTimestamp":"2024-04-27T17:21:00.7926333Z","ServerTimestamp":"2024-04-27T17:21:01.704752Z"},"nsu=http://opcfoundation.org/UA/Plc/Applications;s=FastUIntScalar3":{"Value":14,"SourceTimestamp":"2024-04-27T17:21:00.7926374Z","ServerTimestamp":"2024-04-27T17:21:01.7047488Z"},"nsu=http://opcfoundation.org/UA/Plc/Applications;s=FastRandomUIntScalar1":{"Value":4098336248,"SourceTimestamp":"2024-04-27T17:21:00.7926322Z","ServerTimestamp":"2024-04-27T17:21:01.7047578Z"},"nsu=http://opcfoundation.org/UA/Plc/Applications;s=FastRandomUIntScalar2":{"Value":2508181365,"SourceTimestamp":"2024-04-27T17:21:00.7926366Z","ServerTimestamp":"2024-04-27T17:21:01.7047549Z"},"nsu=http://opcfoundation.org/UA/Plc/Applications;s=FastRandomUIntScalar3":{"Value":1037287538,"SourceTimestamp":"2024-04-27T17:21:00.7926382Z","ServerTimestamp":"2024-04-27T17:21:01.7047605Z"},"nsu=http://opcfoundation.org/UA/Plc/Applications;s=NegativeTrendData":{"Value":100,"SourceTimestamp":"2024-04-27T17:21:01.6874875Z","ServerTimestamp":"2024-04-27T17:21:01.7047445Z"},"nsu=http://opcfoundation.org/UA/Plc/Applications;s=PositiveTrendData":{"Value":100,"SourceTimestamp":"2024-04-27T17:21:01.6874892Z","ServerTimestamp":"2024-04-27T17:21:01.7047572Z"},"nsu=http://opcfoundation.org/UA/Plc/Applications;s=SlowUIntScalar1":{"Value":1,"SourceTimestamp":"2024-04-27T17:20:56.79833Z","ServerTimestamp":"2024-04-27T17:21:01.7047532Z"},"nsu=http://opcfoundation.org/UA/Plc/Applications;s=SlowUIntScalar2":{"Value":1,"SourceTimestamp":"2024-04-27T17:20:56.7983366Z","ServerTimestamp":"2024-04-27T17:21:01.7047565Z"},"nsu=http://opcfoundation.org/UA/Plc/Applications;s=SlowUIntScalar3":{"Value":1,"SourceTimestamp":"2024-04-27T17:20:56.7983379Z","ServerTimestamp":"2024-04-27T17:21:01.7047434Z"},"nsu=http://opcfoundation.org/UA/Plc/Applications;s=BadSlowUIntScalar1":{"Value":1,"SourceTimestamp":"2024-04-27T17:20:56.798339Z","ServerTimestamp":"2024-04-27T17:21:01.7047512Z"},"nsu=http://opcfoundation.org/UA/Plc/Applications;s=SlowRandomUIntScalar1":{"Value":1776210268,"SourceTimestamp":"2024-04-27T17:20:56.7983394Z","ServerTimestamp":"2024-04-27T17:21:01.7047469Z"},"nsu=http://opcfoundation.org/UA/Plc/Applications;s=SlowRandomUIntScalar2":{"Value":3711970823,"SourceTimestamp":"2024-04-27T17:20:56.7983437Z","ServerTimestamp":"2024-04-27T17:21:01.7047497Z"},"nsu=http://opcfoundation.org/UA/Plc/Applications;s=SlowRandomUIntScalar3":{"Value":1237163539,"SourceTimestamp":"2024-04-27T17:20:56.7983454Z","ServerTimestamp":"2024-04-27T17:21:01.7047542Z"},"nsu=http://opcfoundation.org/UA/Plc/Applications;s=BadSlowRandomUIntScalar1":{"Value":2456409585,"SourceTimestamp":"2024-04-27T17:20:56.7983467Z","ServerTimestamp":"2024-04-27T17:21:01.7047479Z"},"nsu=http://opcfoundation.org/UA/Plc/Applications;s=SpikeData":{"Value":24.868988716485479,"SourceTimestamp":"2024-04-27T17:21:01.6874961Z","ServerTimestamp":"2024-04-27T17:21:01.7047596Z"},"ns=23;i=1259":{"Value":-0.80200000000000005,"SourceTimestamp":"2024-04-27T17:20:47.6820863Z","ServerTimestamp":"2024-04-27T17:21:01.7047273Z"}}]