[{"i=2258":{"Value":"2024-04-27T17:21:02.6946688Z","SourceTimestamp":"2024-04-27T17:20:47.6820557Z","ServerTimestamp":"2024-04-27T17:21:02.6946676Z"},"nsu=http://opcfoundation.org/UA/Plc/Applications;s=StepUp":{"Value":159,"SourceTimestamp":"2024-04-27T17:21:02.6936056Z","ServerTimestamp":"2024-04-27T17:21:02.6946992Z"},"nsu=http://opcfoundation.org/UA/Plc/Applications;s=AlternatingBoolean":{"Value":false,"SourceTimestamp":"2024-04-27T17:21:02.6936167Z","ServerTimestamp":"2024-04-27T17:21:02.6947107Z"},"nsu=http://opcfoundation.org/UA/Plc/Applications;s=RandomSignedInt32":{"Value":916098125,"SourceTimestamp":"2024-04-27T17:21:02.6936203Z","ServerTimestamp":"2024-04-27T17:21:02.6947132Z"},"nsu=http://opcfoundation.org/UA/Plc/Applications;s=RandomUnsignedInt32":{"Value":1149008954,"SourceTimestamp":"2024-04-27T17:21:02.6936268Z","ServerTimestamp":"2024-04-27T17:21:02.6947083Z"},"nsu=http://opcfoundation.org/UA/Plc/Applications;s=DipData":{"Value":-84.432792550201498,"SourceTimestamp":"2024-04-27T17:21:02.6936314Z","ServerTimestamp":"2024-04-27T17:21:02.6946999Z"},"nsu=http://opcfoundation.org/UA/Plc/Applications;s=FastUIntScalar1":{"Value":15,"SourceTimestamp":"2024-04-27T17:21:01.795952Z","ServerTimestamp":"2024-04-27T17:21:02.694705Z"},"nsu=http://opcfoundation.org/UA/Plc/Applications;s=FastUIntScalar2":{"Value":15,"SourceTimestamp":"2024-04-27T17:21:01.7959573Z","ServerTimestamp":"2024-04-27T17:21:02.6947047Z"},"nsu=http://opcfoundation.org/UA/Plc/Applications;s=FastUIntScalar3":{"Value":15,"SourceTimestamp":"2024-04-27T17:21:01.7959586Z","ServerTimestamp":"2024-04-27T17:21:02.6947025Z"},"nsu=http://opcfoundation.org/UA/Plc/Applications;s=FastRandomUIntScalar1":{"Value":109704058,"SourceTimestamp":"2024-04-27T17:21:01.7959474Z","ServerTimestamp":"2024-04-27T17:21:02.6947102Z"},"nsu=http://opcfoundation.org/UA/Plc/Applications;s=FastRandomUIntScalar2":{"Value":482740605,"SourceTimestamp":"2024-04-27T17:21:01.7959549Z","ServerTimestamp":"2024-04-27T17:21:02.6947072Z"},"nsu=http://opcfoundation.org/UA/Plc/Applications;s=FastRandomUIntScalar3":{"Value":3425439062,"SourceTimestamp":"2024-04-27T17:21:01.7959582Z","ServerTimestamp":"2024-04-27T17:21:02.6947126Z"},"nsu=http://opcfoundation.org/UA/Plc/Applications;s=NegativeTrendData":{"Value":100,"SourceTimestamp":"2024-04-27T17:21:02.6936395Z","ServerTimestamp":"2024-04-27T17:21:02.6946985Z"},"nsu=http://opcfoundation.org/UA/Plc/Applications;s=PositiveTrendData":{"Value":100,"SourceTimestamp":"2024-04-27T17:21:02.6936364Z","ServerTimestamp":"2024-04-27T17:21:02.6947096Z"},"nsu=http://opcfoundation.org/UA/Plc/Applications;s=SlowUIntScalar1":{"Value":1,"SourceTimestamp":"2024-04-27T17:20:56.79833Z","ServerTimestamp":"2024-04-27T17:21:02.6947057Z"},"nsu=http://opcfoundation.org/UA/Plc/Applications;s=SlowUIntScalar2":{"Value":1,"SourceTimestamp":"2024-04-27T17:20:56.7983366Z","ServerTimestamp":"2024-04-27T17:21:02.694709Z"},"nsu=http://opcfoundation.org/UA/Plc/Applications;s=SlowUIntScalar3":{"Value":1,"SourceTimestamp":"2024-04-27T17:20:56.7983379Z","ServerTimestamp":"2024-04-27T17:21:02.6946973Z"},"nsu=http://opcfoundation.org/UA/Plc/Applications;s=BadSlowUIntScalar1":{"Value":1,"SourceTimestamp":"2024-04-27T17:20:56.798339Z","ServerTimestamp":"2024-04-27T17:21:02.694704Z"},"nsu=http://opcfoundation.org/UA/Plc/Applications;s=SlowRandomUIntScalar1":{"Value":1776210268,"SourceTimestamp":"2024-04-27T17:20:56.7983394Z","ServerTimestamp":"2024-04-27T17:21:02.6947009Z"},"nsu=http://opcfoundation.org/UA/Plc/Applications;s=SlowRandomUIntScalar2":{"Value":3711970823,"SourceTimestamp":"2024-04-27T17:20:56.7983437Z","ServerTimestamp":"2024-04-27T17:21:02.6947032Z"},"nsu=http://opcfoundation.org/UA/Plc/Applications;s=SlowRandomUIntScalar3":{"Value":1237163539,"SourceTimestamp":"2024-04-27T17:20:56.7983454Z","ServerTimestamp":"2024-04-27T17:21:02.6947066Z"},"nsu=http://opcfoundation.org/UA/Plc/Applications;s=BadSlowRandomUIntScalar1":{"Value":2456409585,"SourceTimestamp":"2024-04-27T17:20:56.7983467Z","ServerTimestamp":"2024-04-27T17:21:02.6947018Z"},"nsu=http://opcfoundation.org/UA/Plc/Applications;s=SpikeData":{"Value":-84.432792550201498,"SourceTimestamp":"2024-04-27T17:21:02.6936358Z","ServerTimestamp":"2024-04-27T17:21:02.6947119Z"},"ns=23;i=1259":{"Value":-1.8900000000000001,"SourceTimestamp":"2024-04-27T17:20:47.6820863Z","ServerTimestamp":"2024-04-27T17:21:02.6946825Z"}}]