[{"i=2258":{"Value":"2024-04-27T17:21:07.6933287Z","SourceTimestamp":"2024-04-27T17:20:47.6820557Z","ServerTimestamp":"2024-04-27T17:21:07.6933275Z"},"nsu=http://opcfoundation.org/UA/Plc/Applications;s=StepUp":{"Value":209,"SourceTimestamp":"2024-04-27T17:21:07.6922524Z","ServerTimestamp":"2024-04-27T17:21:07.693367Z"},"nsu=http://opcfoundation.org/UA/Plc/Applications;s=AlternatingBoolean":{"Value":true,"SourceTimestamp":"2024-04-27T17:21:07.6922683Z","ServerTimestamp":"2024-04-27T17:21:07.6933943Z"},"nsu=http://opcfoundation.org/UA/Plc/Applications;s=RandomSignedInt32":{"Value":-114417425,"SourceTimestamp":"2024-04-27T17:21:07.6922761Z","ServerTimestamp":"2024-04-27T17:21:07.6933977Z"},"nsu=http://opcfoundation.org/UA/Plc/Applications;s=RandomUnsignedInt32":{"Value":367288345,"SourceTimestamp":"2024-04-27T17:21:07.6922719Z","ServerTimestamp":"2024-04-27T17:21:07.6933904Z"},"nsu=http://opcfoundation.org/UA/Plc/Applications;s=DipData":{"Value":-84.432792550201498,"SourceTimestamp":"2024-04-27T17:21:07.6922876Z","ServerTimestamp":"2024-04-27T17:21:07.6933677Z"},"nsu=http://opcfoundation.org/UA/Plc/Applications;s=FastUIntScalar1":{"Value":20,"SourceTimestamp":"2024-04-27T17:21:06.7967249Z","ServerTimestamp":"2024-04-27T17:21:07.6933757Z"},"nsu=http://opcfoundation.org/UA/Plc/Applications;s=FastUIntScalar2":{"Value":20,"SourceTimestamp":"2024-04-27T17:21:06.7967272Z","ServerTimestamp":"2024-04-27T17:21:07.6933752Z"},"nsu=http://opcfoundation.org/UA/Plc/Applications;s=FastUIntScalar3":{"Value":20,"SourceTimestamp":"2024-04-27T17:21:06.7967288Z","ServerTimestamp":"2024-04-27T17:21:07.6933715Z"},"nsu=http://opcfoundation.org/UA/Plc/Applications;s=FastRandomUIntScalar1":{"Value":2541640933,"SourceTimestamp":"2024-04-27T17:21:06.7967466Z","ServerTimestamp":"2024-04-27T17:21:07.6933935Z"},"nsu=http://opcfoundation.org/UA/Plc/Applications;s=FastRandomUIntScalar2":{"Value":1806247895,"SourceTimestamp":"2024-04-27T17:21:06.7967539Z","ServerTimestamp":"2024-04-27T17:21:07.6933888Z"},"nsu=http://opcfoundation.org/UA/Plc/Applications;s=FastRandomUIntScalar3":{"Value":3383395351,"SourceTimestamp":"2024-04-27T17:21:06.7967563Z","ServerTimestamp":"2024-04-27T17:21:07.6933968Z"},"nsu=http://opcfoundation.org/UA/Plc/Applications;s=NegativeTrendData":{"Value":100,"SourceTimestamp":"2024-04-27T17:21:07.6922748Z","ServerTimestamp":"2024-04-27T17:21:07.6933661Z"},"nsu=http://opcfoundation.org/UA/Plc/Applications;s=PositiveTrendData":{"Value":100.09999999999999,"SourceTimestamp":"2024-04-27T17:21:07.692283Z","ServerTimestamp":"2024-04-27T17:21:07.6933927Z"},"nsu=http://opcfoundation.org/UA/Plc/Applications;s=SlowUIntScalar1":{"Value":2,"SourceTimestamp":"2024-04-27T17:21:06.7966927Z","ServerTimestamp":"2024-04-27T17:21:07.6933768Z"},"nsu=http://opcfoundation.org/UA/Plc/Applications;s=SlowUIntScalar2":{"Value":2,"SourceTimestamp":"2024-04-27T17:21:06.796703Z","ServerTimestamp":"2024-04-27T17:21:07.6933915Z"},"nsu=http://opcfoundation.org/UA/Plc/Applications;s=SlowUIntScalar3":{"Value":2,"SourceTimestamp":"2024-04-27T17:21:06.7967057Z","ServerTimestamp":"2024-04-27T17:21:07.6933647Z"},"nsu=http://opcfoundation.org/UA/Plc/Applications;s=BadSlowUIntScalar1":{"Value":2,"SourceTimestamp":"2024-04-27T17:21:06.7967133Z","ServerTimestamp":"2024-04-27T17:21:07.6933741Z"},"nsu=http://opcfoundation.org/UA/Plc/Applications;s=SlowRandomUIntScalar1":{"Value":3133130127,"SourceTimestamp":"2024-04-27T17:21:06.7967023Z","ServerTimestamp":"2024-04-27T17:21:07.6933693Z"},"nsu=http://opcfoundation.org/UA/Plc/Applications;s=SlowRandomUIntScalar2":{"Value":3284595068,"SourceTimestamp":"2024-04-27T17:21:06.7967102Z","ServerTimestamp":"2024-04-27T17:21:07.6933727Z"},"nsu=http://opcfoundation.org/UA/Plc/Applications;s=SlowRandomUIntScalar3":{"Value":2733912781,"SourceTimestamp":"2024-04-27T17:21:06.7967137Z","ServerTimestamp":"2024-04-27T17:21:07.6933875Z"},"nsu=http://opcfoundation.org/UA/Plc/Applications;s=BadSlowRandomUIntScalar1":{"Value":1927197779,"SourceTimestamp":"2024-04-27T17:21:06.7967159Z","ServerTimestamp":"2024-04-27T17:21:07.6933705Z"},"nsu=http://opcfoundation.org/UA/Plc/Applications;s=SpikeData":{"Value":-84.432792550201498,"SourceTimestamp":"2024-04-27T17:21:07.6922967Z","ServerTimestamp":"2024-04-27T17:21:07.6933957Z"},"ns=23;i=1259":{"Value":0.10400000000000001,"SourceTimestamp":"2024-04-27T17:20:47.6820863Z","ServerTimestamp":"2024-04-27T17:21:07.6933458Z"}}]