[{"i=2258":{"Value":"2024-04-27T17:21:21.7065801Z","SourceTimestamp":"2024-04-27T17:20:47.6820557Z","ServerTimestamp":"2024-04-27T17:21:21.7065789Z"},"nsu=http://opcfoundation.org/UA/Plc/Applications;s=StepUp":{"Value":349,"SourceTimestamp":"2024-04-27T17:21:21.6899879Z","ServerTimestamp":"2024-04-27T17:21:21.7066137Z"},"nsu=http://opcfoundation.org/UA/Plc/Applications;s=AlternatingBoolean":{"Value":true,"SourceTimestamp":"2024-04-27T17:21:21.6900024Z","ServerTimestamp":"2024-04-27T17:21:21.7066266Z"},"nsu=http://opcfoundation.org/UA/Plc/Applications;s=RandomSignedInt32":{"Value":-358533700,"SourceTimestamp":"2024-04-27T17:21:21.6899908Z","ServerTimestamp":"2024-04-27T17:21:21.7066294Z"},"nsu=http://opcfoundation.org/UA/Plc/Applications;s=RandomUnsignedInt32":{"Value":1955107893,"SourceTimestamp":"2024-04-27T17:21:21.6900063Z","ServerTimestamp":"2024-04-27T17:21:21.7066239Z"},"nsu=http://opcfoundation.org/UA/Plc/Applications;s=DipData":{"Value":24.868988716485479,"SourceTimestamp":"2024-04-27T17:21:21.6900227Z","ServerTimestamp":"2024-04-27T17:21:21.7066142Z"},"nsu=http://opcfoundation.org/UA/Plc/Applications;s=FastUIntScalar1":{"Value":34,"SourceTimestamp":"2024-04-27T17:21:20.7935169Z","ServerTimestamp":"2024-04-27T17:21:21.7066205Z"},"nsu=http://opcfoundation.org/UA/Plc/Applications;s=FastUIntScalar2":{"Value":34,"SourceTimestamp":"2024-04-27T17:21:20.7935273Z","ServerTimestamp":"2024-04-27T17:21:21.7066201Z"},"nsu=http://opcfoundation.org/UA/Plc/Applications;s=FastUIntScalar3":{"Value":34,"SourceTimestamp":"2024-04-27T17:21:20.7935299Z","ServerTimestamp":"2024-04-27T17:21:21.7066174Z"},"nsu=http://opcfoundation.org/UA/Plc/Applications;s=FastRandomUIntScalar1":{"Value":1902047827,"SourceTimestamp":"2024-04-27T17:21:20.7934763Z","ServerTimestamp":"2024-04-27T17:21:21.706626Z"},"nsu=http://opcfoundation.org/UA/Plc/Applications;s=FastRandomUIntScalar2":{"Value":3824999615,"SourceTimestamp":"2024-04-27T17:21:20.7934858Z","ServerTimestamp":"2024-04-27T17:21:21.706623Z"},"nsu=http://opcfoundation.org/UA/Plc/Applications;s=FastRandomUIntScalar3":{"Value":998849803,"SourceTimestamp":"2024-04-27T17:21:20.7934882Z","ServerTimestamp":"2024-04-27T17:21:21.7066288Z"},"nsu=http://opcfoundation.org/UA/Plc/Applications;s=NegativeTrendData":{"Value":100,"SourceTimestamp":"2024-04-27T17:21:21.6900212Z","ServerTimestamp":"2024-04-27T17:21:21.7066129Z"},"nsu=http://opcfoundation.org/UA/Plc/Applications;s=PositiveTrendData":{"Value":100.3,"SourceTimestamp":"2024-04-27T17:21:21.6900445Z","ServerTimestamp":"2024-04-27T17:21:21.7066253Z"},"nsu=http://opcfoundation.org/UA/Plc/Applications;s=SlowUIntScalar1":{"Value":3,"SourceTimestamp":"2024-04-27T17:21:16.7924199Z","ServerTimestamp":"2024-04-27T17:21:21.7066213Z"},"nsu=http://opcfoundation.org/UA/Plc/Applications;s=SlowUIntScalar2":{"Value":3,"SourceTimestamp":"2024-04-27T17:21:16.7924299Z","ServerTimestamp":"2024-04-27T17:21:21.7066247Z"},"nsu=http://opcfoundation.org/UA/Plc/Applications;s=SlowUIntScalar3":{"Value":3,"SourceTimestamp":"2024-04-27T17:21:16.7924326Z","ServerTimestamp":"2024-04-27T17:21:21.7066119Z"},"nsu=http://opcfoundation.org/UA/Plc/Applications;s=BadSlowUIntScalar1":{"Value":3,"SourceTimestamp":"2024-04-27T17:21:16.7924354Z","ServerTimestamp":"2024-04-27T17:21:21.7066193Z"},"nsu=http://opcfoundation.org/UA/Plc/Applications;s=SlowRandomUIntScalar1":{"Value":149908697,"SourceTimestamp":"2024-04-27T17:21:16.792415Z","ServerTimestamp":"2024-04-27T17:21:21.7066154Z"},"nsu=http://opcfoundation.org/UA/Plc/Applications;s=SlowRandomUIntScalar2":{"Value":1071424239,"SourceTimestamp":"2024-04-27T17:21:16.7924225Z","ServerTimestamp":"2024-04-27T17:21:21.7066185Z"},"nsu=http://opcfoundation.org/UA/Plc/Applications;s=SlowRandomUIntScalar3":{"Value":2517149428,"SourceTimestamp":"2024-04-27T17:21:16.7924303Z","ServerTimestamp":"2024-04-27T17:21:21.7066224Z"},"nsu=http://opcfoundation.org/UA/Plc/Applications;s=BadSlowRandomUIntScalar1":{"Value":3506822845,"SourceTimestamp":"2024-04-27T17:21:16.7924338Z","ServerTimestamp":"2024-04-27T17:21:21.7066167Z"},"nsu=http://opcfoundation.org/UA/Plc/Applications;s=SpikeData":{"Value":24.868988716485479,"SourceTimestamp":"2024-04-27T17:21:21.6900277Z","ServerTimestamp":"2024-04-27T17:21:21.7066279Z"},"ns=23;i=1259":{"Value":-0.94800000000000006,"SourceTimestamp":"2024-04-27T17:20:47.6820863Z","ServerTimestamp":"2024-04-27T17:21:21.7065953Z"}}]