[{"i=2258":{"Value":"2024-04-27T17:21:22.6945055Z","SourceTimestamp":"2024-04-27T17:20:47.6820557Z","ServerTimestamp":"2024-04-27T17:21:22.6945043Z"},"nsu=http://opcfoundation.org/UA/Plc/Applications;s=StepUp":{"Value":359,"SourceTimestamp":"2024-04-27T17:21:22.6933724Z","ServerTimestamp":"2024-04-27T17:21:22.6945383Z"},"nsu=http://opcfoundation.org/UA/Plc/Applications;s=AlternatingBoolean":{"Value":false,"SourceTimestamp":"2024-04-27T17:21:22.69339Z","ServerTimestamp":"2024-04-27T17:21:22.6945518Z"},"nsu=http://opcfoundation.org/UA/Plc/Applications;s=RandomSignedInt32":{"Value":-2047252058,"SourceTimestamp":"2024-04-27T17:21:22.6933977Z","ServerTimestamp":"2024-04-27T17:21:22.6945548Z"},"nsu=http://opcfoundation.org/UA/Plc/Applications;s=RandomUnsignedInt32":{"Value":297815912,"SourceTimestamp":"2024-04-27T17:21:22.6934031Z","ServerTimestamp":"2024-04-27T17:21:22.6945492Z"},"nsu=http://opcfoundation.org/UA/Plc/Applications;s=DipData":{"Value":-84.432792550201498,"SourceTimestamp":"2024-04-27T17:21:22.6934194Z","ServerTimestamp":"2024-04-27T17:21:22.6945389Z"},"nsu=http://opcfoundation.org/UA/Plc/Applications;s=FastUIntScalar1":{"Value":35,"SourceTimestamp":"2024-04-27T17:21:21.7973891Z","ServerTimestamp":"2024-04-27T17:21:22.6945448Z"},"nsu=http://opcfoundation.org/UA/Plc/Applications;s=FastUIntScalar2":{"Value":35,"SourceTimestamp":"2024-04-27T17:21:21.7973992Z","ServerTimestamp":"2024-04-27T17:21:22.6945445Z"},"nsu=http://opcfoundation.org/UA/Plc/Applications;s=FastUIntScalar3":{"Value":35,"SourceTimestamp":"2024-04-27T17:21:21.797403Z","ServerTimestamp":"2024-04-27T17:21:22.6945419Z"},"nsu=http://opcfoundation.org/UA/Plc/Applications;s=FastRandomUIntScalar1":{"Value":3223722487,"SourceTimestamp":"2024-04-27T17:21:21.7973967Z","ServerTimestamp":"2024-04-27T17:21:22.6945513Z"},"nsu=http://opcfoundation.org/UA/Plc/Applications;s=FastRandomUIntScalar2":{"Value":4271899137,"SourceTimestamp":"2024-04-27T17:21:21.7974013Z","ServerTimestamp":"2024-04-27T17:21:22.6945474Z"},"nsu=http://opcfoundation.org/UA/Plc/Applications;s=FastRandomUIntScalar3":{"Value":2436023165,"SourceTimestamp":"2024-04-27T17:21:21.7974046Z","ServerTimestamp":"2024-04-27T17:21:22.6945541Z"},"nsu=http://opcfoundation.org/UA/Plc/Applications;s=NegativeTrendData":{"Value":99.900000000000006,"SourceTimestamp":"2024-04-27T17:21:22.6934208Z","ServerTimestamp":"2024-04-27T17:21:22.6945374Z"},"nsu=http://opcfoundation.org/UA/Plc/Applications;s=PositiveTrendData":{"Value":100.40000000000001,"SourceTimestamp":"2024-04-27T17:21:22.6934479Z","ServerTimestamp":"2024-04-27T17:21:22.6945506Z"},"nsu=http://opcfoundation.org/UA/Plc/Applications;s=SlowUIntScalar1":{"Value":3,"SourceTimestamp":"2024-04-27T17:21:16.7924199Z","ServerTimestamp":"2024-04-27T17:21:22.6945457Z"},"nsu=http://opcfoundation.org/UA/Plc/Applications;s=SlowUIntScalar2":{"Value":3,"SourceTimestamp":"2024-04-27T17:21:16.7924299Z","ServerTimestamp":"2024-04-27T17:21:22.6945499Z"},"nsu=http://opcfoundation.org/UA/Plc/Applications;s=SlowUIntScalar3":{"Value":3,"SourceTimestamp":"2024-04-27T17:21:16.7924326Z","ServerTimestamp":"2024-04-27T17:21:22.6945364Z"},"nsu=http://opcfoundation.org/UA/Plc/Applications;s=BadSlowUIntScalar1":{"Value":3,"SourceTimestamp":"2024-04-27T17:21:16.7924354Z","ServerTimestamp":"2024-04-27T17:21:22.6945437Z"},"nsu=http://opcfoundation.org/UA/Plc/Applications;s=SlowRandomUIntScalar1":{"Value":149908697,"SourceTimestamp":"2024-04-27T17:21:16.792415Z","ServerTimestamp":"2024-04-27T17:21:22.6945401Z"},"nsu=http://opcfoundation.org/UA/Plc/Applications;s=SlowRandomUIntScalar2":{"Value":1071424239,"SourceTimestamp":"2024-04-27T17:21:16.7924225Z","ServerTimestamp":"2024-04-27T17:21:22.6945429Z"},"nsu=http://opcfoundation.org/UA/Plc/Applications;s=SlowRandomUIntScalar3":{"Value":2517149428,"SourceTimestamp":"2024-04-27T17:21:16.7924303Z","ServerTimestamp":"2024-04-27T17:21:22.6945467Z"},"nsu=http://opcfoundation.org/UA/Plc/Applications;s=BadSlowRandomUIntScalar1":{"Value":3506822845,"SourceTimestamp":"2024-04-27T17:21:16.7924338Z","ServerTimestamp":"2024-04-27T17:21:22.6945412Z"},"nsu=http://opcfoundation.org/UA/Plc/Applications;s=SpikeData":{"Value":-84.432792550201498,"SourceTimestamp":"2024-04-27T17:21:22.6934344Z","ServerTimestamp":"2024-04-27T17:21:22.6945533Z"},"ns=23;i=1259":{"Value":-2,"SourceTimestamp":"2024-04-27T17:20:47.6820863Z","ServerTimestamp":"2024-04-27T17:21:22.6945204Z"}}]