[{"i=2258":{"Value":"2024-04-27T17:21:23.694314Z","SourceTimestamp":"2024-04-27T17:20:47.6820557Z","ServerTimestamp":"2024-04-27T17:21:23.6943123Z"},"nsu=http://opcfoundation.org/UA/Plc/Applications;s=StepUp":{"Value":369,"SourceTimestamp":"2024-04-27T17:21:23.6931951Z","ServerTimestamp":"2024-04-27T17:21:23.694346Z"},"nsu=http://opcfoundation.org/UA/Plc/Applications;s=AlternatingBoolean":{"Value":false,"SourceTimestamp":"2024-04-27T17:21:23.6932074Z","ServerTimestamp":"2024-04-27T17:21:23.6943588Z"},"nsu=http://opcfoundation.org/UA/Plc/Applications;s=RandomSignedInt32":{"Value":1441241177,"SourceTimestamp":"2024-04-27T17:21:23.6932081Z","ServerTimestamp":"2024-04-27T17:21:23.6943614Z"},"nsu=http://opcfoundation.org/UA/Plc/Applications;s=RandomUnsignedInt32":{"Value":550720435,"SourceTimestamp":"2024-04-27T17:21:23.6932059Z","ServerTimestamp":"2024-04-27T17:21:23.6943561Z"},"nsu=http://opcfoundation.org/UA/Plc/Applications;s=DipData":{"Value":-77.051324277578942,"SourceTimestamp":"2024-04-27T17:21:23.6932228Z","ServerTimestamp":"2024-04-27T17:21:23.6943472Z"},"nsu=http://opcfoundation.org/UA/Plc/Applications;s=FastUIntScalar1":{"Value":36,"SourceTimestamp":"2024-04-27T17:21:22.787678Z","ServerTimestamp":"2024-04-27T17:21:23.6943527Z"},"nsu=http://opcfoundation.org/UA/Plc/Applications;s=FastUIntScalar2":{"Value":36,"SourceTimestamp":"2024-04-27T17:21:22.7876848Z","ServerTimestamp":"2024-04-27T17:21:23.6943523Z"},"nsu=http://opcfoundation.org/UA/Plc/Applications;s=FastUIntScalar3":{"Value":36,"SourceTimestamp":"2024-04-27T17:21:22.7876862Z","ServerTimestamp":"2024-04-27T17:21:23.6943498Z"},"nsu=http://opcfoundation.org/UA/Plc/Applications;s=FastRandomUIntScalar1":{"Value":2972156187,"SourceTimestamp":"2024-04-27T17:21:22.7876883Z","ServerTimestamp":"2024-04-27T17:21:23.6943582Z"},"nsu=http://opcfoundation.org/UA/Plc/Applications;s=FastRandomUIntScalar2":{"Value":708677492,"SourceTimestamp":"2024-04-27T17:21:22.7876933Z","ServerTimestamp":"2024-04-27T17:21:23.6943552Z"},"nsu=http://opcfoundation.org/UA/Plc/Applications;s=FastRandomUIntScalar3":{"Value":1679683632,"SourceTimestamp":"2024-04-27T17:21:22.787695Z","ServerTimestamp":"2024-04-27T17:21:23.6943608Z"},"nsu=http://opcfoundation.org/UA/Plc/Applications;s=NegativeTrendData":{"Value":99.900000000000006,"SourceTimestamp":"2024-04-27T17:21:23.6932251Z","ServerTimestamp":"2024-04-27T17:21:23.6943452Z"},"nsu=http://opcfoundation.org/UA/Plc/Applications;s=PositiveTrendData":{"Value":100.40000000000001,"SourceTimestamp":"2024-04-27T17:21:23.6932432Z","ServerTimestamp":"2024-04-27T17:21:23.6943575Z"},"nsu=http://opcfoundation.org/UA/Plc/Applications;s=SlowUIntScalar1":{"Value":3,"SourceTimestamp":"2024-04-27T17:21:16.7924199Z","ServerTimestamp":"2024-04-27T17:21:23.6943534Z"},"nsu=http://opcfoundation.org/UA/Plc/Applications;s=SlowUIntScalar2":{"Value":3,"SourceTimestamp":"2024-04-27T17:21:16.7924299Z","ServerTimestamp":"2024-04-27T17:21:23.6943567Z"},"nsu=http://opcfoundation.org/UA/Plc/Applications;s=SlowUIntScalar3":{"Value":3,"SourceTimestamp":"2024-04-27T17:21:16.7924326Z","ServerTimestamp":"2024-04-27T17:21:23.6943442Z"},"nsu=http://opcfoundation.org/UA/Plc/Applications;s=BadSlowUIntScalar1":{"Value":3,"SourceTimestamp":"2024-04-27T17:21:16.7924354Z","ServerTimestamp":"2024-04-27T17:21:23.6943516Z"},"nsu=http://opcfoundation.org/UA/Plc/Applications;s=SlowRandomUIntScalar1":{"Value":149908697,"SourceTimestamp":"2024-04-27T17:21:16.792415Z","ServerTimestamp":"2024-04-27T17:21:23.6943482Z"},"nsu=http://opcfoundation.org/UA/Plc/Applications;s=SlowRandomUIntScalar2":{"Value":1071424239,"SourceTimestamp":"2024-04-27T17:21:16.7924225Z","ServerTimestamp":"2024-04-27T17:21:23.6943507Z"},"nsu=http://opcfoundation.org/UA/Plc/Applications;s=SlowRandomUIntScalar3":{"Value":2517149428,"SourceTimestamp":"2024-04-27T17:21:16.7924303Z","ServerTimestamp":"2024-04-27T17:21:23.6943545Z"},"nsu=http://opcfoundation.org/UA/Plc/Applications;s=BadSlowRandomUIntScalar1":{"Value":3506822845,"SourceTimestamp":"2024-04-27T17:21:16.7924338Z","ServerTimestamp":"2024-04-27T17:21:23.6943491Z"},"nsu=http://opcfoundation.org/UA/Plc/Applications;s=SpikeData":{"Value":-77.051324277578942,"SourceTimestamp":"2024-04-27T17:21:23.6932292Z","ServerTimestamp":"2024-04-27T17:21:23.69436Z"},"ns=23;i=1259":{"Value":-1.0700000000000001,"SourceTimestamp":"2024-04-27T17:20:47.6820863Z","ServerTimestamp":"2024-04-27T17:21:23.6943283Z"}}]