[{"i=2258":{"Value":"2024-04-27T17:21:35.7034923Z","SourceTimestamp":"2024-04-27T17:20:47.6820557Z","ServerTimestamp":"2024-04-27T17:21:35.7034908Z"},"nsu=http://opcfoundation.org/UA/Plc/Applications;s=StepUp":{"Value":489,"SourceTimestamp":"2024-04-27T17:21:35.6875363Z","ServerTimestamp":"2024-04-27T17:21:35.7035244Z"},"nsu=http://opcfoundation.org/UA/Plc/Applications;s=AlternatingBoolean":{"Value":false,"SourceTimestamp":"2024-04-27T17:21:35.6875594Z","ServerTimestamp":"2024-04-27T17:21:35.7035372Z"},"nsu=http://opcfoundation.org/UA/Plc/Applications;s=RandomSignedInt32":{"Value":-1171764431,"SourceTimestamp":"2024-04-27T17:21:35.6875652Z","ServerTimestamp":"2024-04-27T17:21:35.70354Z"},"nsu=http://opcfoundation.org/UA/Plc/Applications;s=RandomUnsignedInt32":{"Value":776057147,"SourceTimestamp":"2024-04-27T17:21:35.6875985Z","ServerTimestamp":"2024-04-27T17:21:35.7035345Z"},"nsu=http://opcfoundation.org/UA/Plc/Applications;s=DipData":{"Value":99.80267284282715,"SourceTimestamp":"2024-04-27T17:21:35.6875853Z","ServerTimestamp":"2024-04-27T17:21:35.7035249Z"},"nsu=http://opcfoundation.org/UA/Plc/Applications;s=FastUIntScalar1":{"Value":48,"SourceTimestamp":"2024-04-27T17:21:34.7849696Z","ServerTimestamp":"2024-04-27T17:21:35.7035311Z"},"nsu=http://opcfoundation.org/UA/Plc/Applications;s=FastUIntScalar2":{"Value":48,"SourceTimestamp":"2024-04-27T17:21:34.784977Z","ServerTimestamp":"2024-04-27T17:21:35.7035308Z"},"nsu=http://opcfoundation.org/UA/Plc/Applications;s=FastUIntScalar3":{"Value":48,"SourceTimestamp":"2024-04-27T17:21:34.7849784Z","ServerTimestamp":"2024-04-27T17:21:35.7035281Z"},"nsu=http://opcfoundation.org/UA/Plc/Applications;s=FastRandomUIntScalar1":{"Value":3565917559,"SourceTimestamp":"2024-04-27T17:21:34.7849695Z","ServerTimestamp":"2024-04-27T17:21:35.7035366Z"},"nsu=http://opcfoundation.org/UA/Plc/Applications;s=FastRandomUIntScalar2":{"Value":3109635584,"SourceTimestamp":"2024-04-27T17:21:34.7849735Z","ServerTimestamp":"2024-04-27T17:21:35.7035335Z"},"nsu=http://opcfoundation.org/UA/Plc/Applications;s=FastRandomUIntScalar3":{"Value":3909625684,"SourceTimestamp":"2024-04-27T17:21:34.7849775Z","ServerTimestamp":"2024-04-27T17:21:35.7035394Z"},"nsu=http://opcfoundation.org/UA/Plc/Applications;s=NegativeTrendData":{"Value":99.700000000000003,"SourceTimestamp":"2024-04-27T17:21:35.6875918Z","ServerTimestamp":"2024-04-27T17:21:35.7035237Z"},"nsu=http://opcfoundation.org/UA/Plc/Applications;s=PositiveTrendData":{"Value":100.59999999999999,"SourceTimestamp":"2024-04-27T17:21:35.6875949Z","ServerTimestamp":"2024-04-27T17:21:35.703536Z"},"nsu=http://opcfoundation.org/UA/Plc/Applications;s=SlowUIntScalar1":{"Value":4,"SourceTimestamp":"2024-04-27T17:21:26.7907853Z","ServerTimestamp":"2024-04-27T17:21:35.7035319Z"},"nsu=http://opcfoundation.org/UA/Plc/Applications;s=SlowUIntScalar2":{"Value":4,"SourceTimestamp":"2024-04-27T17:21:26.7907866Z","ServerTimestamp":"2024-04-27T17:21:35.7035353Z"},"nsu=http://opcfoundation.org/UA/Plc/Applications;s=SlowUIntScalar3":{"Value":4,"SourceTimestamp":"2024-04-27T17:21:26.7907881Z","ServerTimestamp":"2024-04-27T17:21:35.7035226Z"},"nsu=http://opcfoundation.org/UA/Plc/Applications;s=BadSlowUIntScalar1":{"Value":4,"StatusCode":{"Symbol":"UncertainLastUsableValue","Code":1083179008},"SourceTimestamp":"2024-04-27T17:21:26.7907898Z","ServerTimestamp":"2024-04-27T17:21:35.70353Z"},"nsu=http://opcfoundation.org/UA/Plc/Applications;s=SlowRandomUIntScalar1":{"Value":3836953700,"SourceTimestamp":"2024-04-27T17:21:26.790783Z","ServerTimestamp":"2024-04-27T17:21:35.7035259Z"},"nsu=http://opcfoundation.org/UA/Plc/Applications;s=SlowRandomUIntScalar2":{"Value":3969861809,"SourceTimestamp":"2024-04-27T17:21:26.7907846Z","ServerTimestamp":"2024-04-27T17:21:35.7035291Z"},"nsu=http://opcfoundation.org/UA/Plc/Applications;s=SlowRandomUIntScalar3":{"Value":516563953,"SourceTimestamp":"2024-04-27T17:21:26.790786Z","ServerTimestamp":"2024-04-27T17:21:35.7035329Z"},"nsu=http://opcfoundation.org/UA/Plc/Applications;s=BadSlowRandomUIntScalar1":{"Value":2798930233,"StatusCode":{"Symbol":"UncertainLastUsableValue","Code":1083179008},"SourceTimestamp":"2024-04-27T17:21:26.7907873Z","ServerTimestamp":"2024-04-27T17:21:35.7035271Z"},"nsu=http://opcfoundation.org/UA/Plc/Applications;s=SpikeData":{"Value":99.80267284282715,"SourceTimestamp":"2024-04-27T17:21:35.6875994Z","ServerTimestamp":"2024-04-27T17:21:35.7035385Z"},"ns=23;i=1259":{"Value":1.28,"SourceTimestamp":"2024-04-27T17:20:47.6820863Z","ServerTimestamp":"2024-04-27T17:21:35.7035069Z"}}]