[{"i=2258":{"Value":"2024-04-27T17:20:52.7060853Z","SourceTimestamp":"2024-04-27T17:20:47.6820557Z","ServerTimestamp":"2024-04-27T17:20:52.7060841Z"},"nsu=http://opcfoundation.org/UA/Plc/Applications;s=StepUp":{"Value":59,"SourceTimestamp":"2024-04-27T17:20:52.6903954Z","ServerTimestamp":"2024-04-27T17:20:52.70612Z"},"nsu=http://opcfoundation.org/UA/Plc/Applications;s=AlternatingBoolean":{"Value":false,"SourceTimestamp":"2024-04-27T17:20:52.69039Z","ServerTimestamp":"2024-04-27T17:20:52.706132Z"},"nsu=http://opcfoundation.org/UA/Plc/Applications;s=RandomSignedInt32":{"Value":-1496265140,"SourceTimestamp":"2024-04-27T17:20:52.6904059Z","ServerTimestamp":"2024-04-27T17:20:52.7061348Z"},"nsu=http://opcfoundation.org/UA/Plc/Applications;s=RandomUnsignedInt32":{"Value":1573555505,"SourceTimestamp":"2024-04-27T17:20:52.6903892Z","ServerTimestamp":"2024-04-27T17:20:52.7061295Z"},"nsu=http://opcfoundation.org/UA/Plc/Applications;s=DipData":{"Value":-84.432792550201498,"SourceTimestamp":"2024-04-27T17:20:52.6903932Z","ServerTimestamp":"2024-04-27T17:20:52.7061206Z"},"nsu=http://opcfoundation.org/UA/Plc/Applications;s=FastUIntScalar1":{"Value":5,"SourceTimestamp":"2024-04-27T17:20:51.7920985Z","ServerTimestamp":"2024-04-27T17:20:52.706126Z"},"nsu=http://opcfoundation.org/UA/Plc/Applications;s=FastUIntScalar2":{"Value":5,"SourceTimestamp":"2024-04-27T17:20:51.7921057Z","ServerTimestamp":"2024-04-27T17:20:52.7061257Z"},"nsu=http://opcfoundation.org/UA/Plc/Applications;s=FastUIntScalar3":{"Value":5,"SourceTimestamp":"2024-04-27T17:20:51.7921099Z","ServerTimestamp":"2024-04-27T17:20:52.7061232Z"},"nsu=http://opcfoundation.org/UA/Plc/Applications;s=FastRandomUIntScalar1":{"Value":1564867881,"SourceTimestamp":"2024-04-27T17:20:51.7921029Z","ServerTimestamp":"2024-04-27T17:20:52.7061315Z"},"nsu=http://opcfoundation.org/UA/Plc/Applications;s=FastRandomUIntScalar2":{"Value":884563032,"SourceTimestamp":"2024-04-27T17:20:51.7921094Z","ServerTimestamp":"2024-04-27T17:20:52.7061285Z"},"nsu=http://opcfoundation.org/UA/Plc/Applications;s=FastRandomUIntScalar3":{"Value":3075518591,"SourceTimestamp":"2024-04-27T17:20:51.7921113Z","ServerTimestamp":"2024-04-27T17:20:52.7061341Z"},"nsu=http://opcfoundation.org/UA/Plc/Applications;s=NegativeTrendData":{"Value":100,"SourceTimestamp":"2024-04-27T17:20:52.6903722Z","ServerTimestamp":"2024-04-27T17:20:52.7061191Z"},"nsu=http://opcfoundation.org/UA/Plc/Applications;s=PositiveTrendData":{"Value":100,"SourceTimestamp":"2024-04-27T17:20:52.6903657Z","ServerTimestamp":"2024-04-27T17:20:52.7061309Z"},"nsu=http://opcfoundation.org/UA/Plc/Applications;s=SlowUIntScalar1":{"Value":0,"SourceTimestamp":"2024-04-27T17:20:46.7840585Z","ServerTimestamp":"2024-04-27T17:20:52.7061269Z"},"nsu=http://opcfoundation.org/UA/Plc/Applications;s=SlowUIntScalar2":{"Value":0,"SourceTimestamp":"2024-04-27T17:20:46.7840593Z","ServerTimestamp":"2024-04-27T17:20:52.7061302Z"},"nsu=http://opcfoundation.org/UA/Plc/Applications;s=SlowUIntScalar3":{"Value":0,"SourceTimestamp":"2024-04-27T17:20:46.784064Z","ServerTimestamp":"2024-04-27T17:20:52.7061181Z"},"nsu=http://opcfoundation.org/UA/Plc/Applications;s=BadSlowUIntScalar1":{"Value":0,"SourceTimestamp":"2024-04-27T17:20:46.7840661Z","ServerTimestamp":"2024-04-27T17:20:52.7061249Z"},"nsu=http://opcfoundation.org/UA/Plc/Applications;s=SlowRandomUIntScalar1":{"Value":0,"SourceTimestamp":"2024-04-27T17:20:46.7840755Z","ServerTimestamp":"2024-04-27T17:20:52.7061217Z"},"nsu=http://opcfoundation.org/UA/Plc/Applications;s=SlowRandomUIntScalar2":{"Value":0,"SourceTimestamp":"2024-04-27T17:20:46.784076Z","ServerTimestamp":"2024-04-27T17:20:52.7061241Z"},"nsu=http://opcfoundation.org/UA/Plc/Applications;s=SlowRandomUIntScalar3":{"Value":0,"SourceTimestamp":"2024-04-27T17:20:46.7840765Z","ServerTimestamp":"2024-04-27T17:20:52.7061278Z"},"nsu=http://opcfoundation.org/UA/Plc/Applications;s=BadSlowRandomUIntScalar1":{"Value":0,"SourceTimestamp":"2024-04-27T17:20:46.7840781Z","ServerTimestamp":"2024-04-27T17:20:52.7061225Z"},"nsu=http://opcfoundation.org/UA/Plc/Applications;s=SpikeData":{"Value":-84.432792550201498,"SourceTimestamp":"2024-04-27T17:20:52.6903524Z","ServerTimestamp":"2024-04-27T17:20:52.7061333Z"},"ns=23;i=1259":{"Value":1.5,"SourceTimestamp":"2024-04-27T17:20:47.6820863Z","ServerTimestamp":"2024-04-27T17:20:52.7061016Z"}}]