[{"i=2258":{"Value":"2024-04-27T17:21:37.7043213Z","SourceTimestamp":"2024-04-27T17:20:47.6820557Z","ServerTimestamp":"2024-04-27T17:21:37.7043196Z"},"nsu=http://opcfoundation.org/UA/Plc/Applications;s=StepUp":{"Value":509,"SourceTimestamp":"2024-04-27T17:21:37.6871261Z","ServerTimestamp":"2024-04-27T17:21:37.7043544Z"},"nsu=http://opcfoundation.org/UA/Plc/Applications;s=AlternatingBoolean":{"Value":true,"SourceTimestamp":"2024-04-27T17:21:37.687129Z","ServerTimestamp":"2024-04-27T17:21:37.7043667Z"},"nsu=http://opcfoundation.org/UA/Plc/Applications;s=RandomSignedInt32":{"Value":-1225024157,"SourceTimestamp":"2024-04-27T17:21:37.6871224Z","ServerTimestamp":"2024-04-27T17:21:37.7043692Z"},"nsu=http://opcfoundation.org/UA/Plc/Applications;s=RandomUnsignedInt32":{"Value":1129457881,"SourceTimestamp":"2024-04-27T17:21:37.6871234Z","ServerTimestamp":"2024-04-27T17:21:37.7043641Z"},"nsu=http://opcfoundation.org/UA/Plc/Applications;s=DipData":{"Value":-84.432792550201498,"SourceTimestamp":"2024-04-27T17:21:37.6871187Z","ServerTimestamp":"2024-04-27T17:21:37.7043549Z"},"nsu=http://opcfoundation.org/UA/Plc/Applications;s=FastUIntScalar1":{"Value":50,"SourceTimestamp":"2024-04-27T17:21:36.7872991Z","ServerTimestamp":"2024-04-27T17:21:37.7043607Z"},"nsu=http://opcfoundation.org/UA/Plc/Applications;s=FastUIntScalar2":{"Value":50,"SourceTimestamp":"2024-04-27T17:21:36.7873008Z","ServerTimestamp":"2024-04-27T17:21:37.7043603Z"},"nsu=http://opcfoundation.org/UA/Plc/Applications;s=FastUIntScalar3":{"Value":50,"SourceTimestamp":"2024-04-27T17:21:36.7873018Z","ServerTimestamp":"2024-04-27T17:21:37.7043578Z"},"nsu=http://opcfoundation.org/UA/Plc/Applications;s=FastRandomUIntScalar1":{"Value":1418807471,"SourceTimestamp":"2024-04-27T17:21:36.7873012Z","ServerTimestamp":"2024-04-27T17:21:37.7043661Z"},"nsu=http://opcfoundation.org/UA/Plc/Applications;s=FastRandomUIntScalar2":{"Value":3936559381,"SourceTimestamp":"2024-04-27T17:21:36.7873092Z","ServerTimestamp":"2024-04-27T17:21:37.7043632Z"},"nsu=http://opcfoundation.org/UA/Plc/Applications;s=FastRandomUIntScalar3":{"Value":2720529286,"SourceTimestamp":"2024-04-27T17:21:36.7873101Z","ServerTimestamp":"2024-04-27T17:21:37.7043686Z"},"nsu=http://opcfoundation.org/UA/Plc/Applications;s=NegativeTrendData":{"Value":99.599999999999994,"SourceTimestamp":"2024-04-27T17:21:37.6871209Z","ServerTimestamp":"2024-04-27T17:21:37.7043536Z"},"nsu=http://opcfoundation.org/UA/Plc/Applications;s=PositiveTrendData":{"Value":100.7,"SourceTimestamp":"2024-04-27T17:21:37.6871094Z","ServerTimestamp":"2024-04-27T17:21:37.7043656Z"},"nsu=http://opcfoundation.org/UA/Plc/Applications;s=SlowUIntScalar1":{"Value":5,"SourceTimestamp":"2024-04-27T17:21:36.7872686Z","ServerTimestamp":"2024-04-27T17:21:37.7043615Z"},"nsu=http://opcfoundation.org/UA/Plc/Applications;s=SlowUIntScalar2":{"Value":5,"SourceTimestamp":"2024-04-27T17:21:36.7872782Z","ServerTimestamp":"2024-04-27T17:21:37.704365Z"},"nsu=http://opcfoundation.org/UA/Plc/Applications;s=SlowUIntScalar3":{"Value":5,"SourceTimestamp":"2024-04-27T17:21:36.7872937Z","ServerTimestamp":"2024-04-27T17:21:37.7043525Z"},"nsu=http://opcfoundation.org/UA/Plc/Applications;s=BadSlowUIntScalar1":{"Value":5,"SourceTimestamp":"2024-04-27T17:21:36.7873028Z","ServerTimestamp":"2024-04-27T17:21:37.7043596Z"},"nsu=http://opcfoundation.org/UA/Plc/Applications;s=SlowRandomUIntScalar1":{"Value":1387370511,"SourceTimestamp":"2024-04-27T17:21:36.7872632Z","ServerTimestamp":"2024-04-27T17:21:37.7043561Z"},"nsu=http://opcfoundation.org/UA/Plc/Applications;s=SlowRandomUIntScalar2":{"Value":2001963106,"SourceTimestamp":"2024-04-27T17:21:36.7872718Z","ServerTimestamp":"2024-04-27T17:21:37.7043586Z"},"nsu=http://opcfoundation.org/UA/Plc/Applications;s=SlowRandomUIntScalar3":{"Value":737653828,"SourceTimestamp":"2024-04-27T17:21:36.78728Z","ServerTimestamp":"2024-04-27T17:21:37.7043625Z"},"nsu=http://opcfoundation.org/UA/Plc/Applications;s=BadSlowRandomUIntScalar1":{"Value":1017394842,"SourceTimestamp":"2024-04-27T17:21:36.7872942Z","ServerTimestamp":"2024-04-27T17:21:37.7043571Z"},"nsu=http://opcfoundation.org/UA/Plc/Applications;s=SpikeData":{"Value":-84.432792550201498,"SourceTimestamp":"2024-04-27T17:21:37.6871089Z","ServerTimestamp":"2024-04-27T17:21:37.7043678Z"},"ns=23;i=1259":{"Value":-0.307,"SourceTimestamp":"2024-04-27T17:20:47.6820863Z","ServerTimestamp":"2024-04-27T17:21:37.7043359Z"}}]