[{"i=2258":{"Value":"2024-04-27T17:21:39.6996323Z","SourceTimestamp":"2024-04-27T17:20:47.6820557Z","ServerTimestamp":"2024-04-27T17:21:39.6996308Z"},"nsu=http://opcfoundation.org/UA/Plc/Applications;s=StepUp":{"Value":529,"SourceTimestamp":"2024-04-27T17:21:39.683664Z","ServerTimestamp":"2024-04-27T17:21:39.6996644Z"},"nsu=http://opcfoundation.org/UA/Plc/Applications;s=AlternatingBoolean":{"Value":true,"SourceTimestamp":"2024-04-27T17:21:39.6836639Z","ServerTimestamp":"2024-04-27T17:21:39.6996875Z"},"nsu=http://opcfoundation.org/UA/Plc/Applications;s=RandomSignedInt32":{"Value":750144531,"SourceTimestamp":"2024-04-27T17:21:39.6836722Z","ServerTimestamp":"2024-04-27T17:21:39.6996904Z"},"nsu=http://opcfoundation.org/UA/Plc/Applications;s=RandomUnsignedInt32":{"Value":39095999,"SourceTimestamp":"2024-04-27T17:21:39.6836743Z","ServerTimestamp":"2024-04-27T17:21:39.6996843Z"},"nsu=http://opcfoundation.org/UA/Plc/Applications;s=DipData":{"Value":36.812455268467772,"SourceTimestamp":"2024-04-27T17:21:39.6836879Z","ServerTimestamp":"2024-04-27T17:21:39.699665Z"},"nsu=http://opcfoundation.org/UA/Plc/Applications;s=FastUIntScalar1":{"Value":52,"SourceTimestamp":"2024-04-27T17:21:38.7875244Z","ServerTimestamp":"2024-04-27T17:21:39.6996806Z"},"nsu=http://opcfoundation.org/UA/Plc/Applications;s=FastUIntScalar2":{"Value":52,"SourceTimestamp":"2024-04-27T17:21:38.787538Z","ServerTimestamp":"2024-04-27T17:21:39.6996801Z"},"nsu=http://opcfoundation.org/UA/Plc/Applications;s=FastUIntScalar3":{"Value":52,"SourceTimestamp":"2024-04-27T17:21:38.7875409Z","ServerTimestamp":"2024-04-27T17:21:39.6996678Z"},"nsu=http://opcfoundation.org/UA/Plc/Applications;s=FastRandomUIntScalar1":{"Value":1465162825,"SourceTimestamp":"2024-04-27T17:21:38.7875247Z","ServerTimestamp":"2024-04-27T17:21:39.6996868Z"},"nsu=http://opcfoundation.org/UA/Plc/Applications;s=FastRandomUIntScalar2":{"Value":3754899500,"SourceTimestamp":"2024-04-27T17:21:38.7875327Z","ServerTimestamp":"2024-04-27T17:21:39.6996833Z"},"nsu=http://opcfoundation.org/UA/Plc/Applications;s=FastRandomUIntScalar3":{"Value":2602202419,"SourceTimestamp":"2024-04-27T17:21:38.78754Z","ServerTimestamp":"2024-04-27T17:21:39.6996897Z"},"nsu=http://opcfoundation.org/UA/Plc/Applications;s=NegativeTrendData":{"Value":99.599999999999994,"SourceTimestamp":"2024-04-27T17:21:39.6836839Z","ServerTimestamp":"2024-04-27T17:21:39.6996636Z"},"nsu=http://opcfoundation.org/UA/Plc/Applications;s=PositiveTrendData":{"Value":100.7,"SourceTimestamp":"2024-04-27T17:21:39.6836868Z","ServerTimestamp":"2024-04-27T17:21:39.6996862Z"},"nsu=http://opcfoundation.org/UA/Plc/Applications;s=SlowUIntScalar1":{"Value":5,"SourceTimestamp":"2024-04-27T17:21:36.7872686Z","ServerTimestamp":"2024-04-27T17:21:39.6996816Z"},"nsu=http://opcfoundation.org/UA/Plc/Applications;s=SlowUIntScalar2":{"Value":5,"SourceTimestamp":"2024-04-27T17:21:36.7872782Z","ServerTimestamp":"2024-04-27T17:21:39.6996854Z"},"nsu=http://opcfoundation.org/UA/Plc/Applications;s=SlowUIntScalar3":{"Value":5,"SourceTimestamp":"2024-04-27T17:21:36.7872937Z","ServerTimestamp":"2024-04-27T17:21:39.6996625Z"},"nsu=http://opcfoundation.org/UA/Plc/Applications;s=BadSlowUIntScalar1":{"Value":5,"SourceTimestamp":"2024-04-27T17:21:36.7873028Z","ServerTimestamp":"2024-04-27T17:21:39.6996695Z"},"nsu=http://opcfoundation.org/UA/Plc/Applications;s=SlowRandomUIntScalar1":{"Value":1387370511,"SourceTimestamp":"2024-04-27T17:21:36.7872632Z","ServerTimestamp":"2024-04-27T17:21:39.6996661Z"},"nsu=http://opcfoundation.org/UA/Plc/Applications;s=SlowRandomUIntScalar2":{"Value":2001963106,"SourceTimestamp":"2024-04-27T17:21:36.7872718Z","ServerTimestamp":"2024-04-27T17:21:39.6996686Z"},"nsu=http://opcfoundation.org/UA/Plc/Applications;s=SlowRandomUIntScalar3":{"Value":737653828,"SourceTimestamp":"2024-04-27T17:21:36.78728Z","ServerTimestamp":"2024-04-27T17:21:39.6996826Z"},"nsu=http://opcfoundation.org/UA/Plc/Applications;s=BadSlowRandomUIntScalar1":{"Value":1017394842,"SourceTimestamp":"2024-04-27T17:21:36.7872942Z","ServerTimestamp":"2024-04-27T17:21:39.6996671Z"},"nsu=http://opcfoundation.org/UA/Plc/Applications;s=SpikeData":{"Value":36.812455268467772,"SourceTimestamp":"2024-04-27T17:21:39.6836869Z","ServerTimestamp":"2024-04-27T17:21:39.6996887Z"},"ns=23;i=1259":{"Value":-1.45,"SourceTimestamp":"2024-04-27T17:20:47.6820863Z","ServerTimestamp":"2024-04-27T17:21:39.6996473Z"}}]