[{"i=2258":{"Value":"2024-04-27T17:21:40.7024728Z","SourceTimestamp":"2024-04-27T17:20:47.6820557Z","ServerTimestamp":"2024-04-27T17:21:40.7024715Z"},"nsu=http://opcfoundation.org/UA/Plc/Applications;s=StepUp":{"Value":539,"SourceTimestamp":"2024-04-27T17:21:40.6855902Z","ServerTimestamp":"2024-04-27T17:21:40.7025094Z"},"nsu=http://opcfoundation.org/UA/Plc/Applications;s=AlternatingBoolean":{"Value":true,"SourceTimestamp":"2024-04-27T17:21:40.6856159Z","ServerTimestamp":"2024-04-27T17:21:40.702522Z"},"nsu=http://opcfoundation.org/UA/Plc/Applications;s=RandomSignedInt32":{"Value":131310817,"SourceTimestamp":"2024-04-27T17:21:40.6856166Z","ServerTimestamp":"2024-04-27T17:21:40.7025253Z"},"nsu=http://opcfoundation.org/UA/Plc/Applications;s=RandomUnsignedInt32":{"Value":624463483,"SourceTimestamp":"2024-04-27T17:21:40.6856053Z","ServerTimestamp":"2024-04-27T17:21:40.7025194Z"},"nsu=http://opcfoundation.org/UA/Plc/Applications;s=DipData":{"Value":99.80267284282715,"SourceTimestamp":"2024-04-27T17:21:40.6856371Z","ServerTimestamp":"2024-04-27T17:21:40.7025099Z"},"nsu=http://opcfoundation.org/UA/Plc/Applications;s=FastUIntScalar1":{"Value":53,"SourceTimestamp":"2024-04-27T17:21:39.7903165Z","ServerTimestamp":"2024-04-27T17:21:40.7025158Z"},"nsu=http://opcfoundation.org/UA/Plc/Applications;s=FastUIntScalar2":{"Value":53,"SourceTimestamp":"2024-04-27T17:21:39.7903268Z","ServerTimestamp":"2024-04-27T17:21:40.7025155Z"},"nsu=http://opcfoundation.org/UA/Plc/Applications;s=FastUIntScalar3":{"Value":53,"SourceTimestamp":"2024-04-27T17:21:39.790329Z","ServerTimestamp":"2024-04-27T17:21:40.7025129Z"},"nsu=http://opcfoundation.org/UA/Plc/Applications;s=FastRandomUIntScalar1":{"Value":3277850542,"SourceTimestamp":"2024-04-27T17:21:39.7903344Z","ServerTimestamp":"2024-04-27T17:21:40.7025214Z"},"nsu=http://opcfoundation.org/UA/Plc/Applications;s=FastRandomUIntScalar2":{"Value":1666403487,"SourceTimestamp":"2024-04-27T17:21:39.7903414Z","ServerTimestamp":"2024-04-27T17:21:40.7025184Z"},"nsu=http://opcfoundation.org/UA/Plc/Applications;s=FastRandomUIntScalar3":{"Value":582390739,"SourceTimestamp":"2024-04-27T17:21:39.7903432Z","ServerTimestamp":"2024-04-27T17:21:40.7025246Z"},"nsu=http://opcfoundation.org/UA/Plc/Applications;s=NegativeTrendData":{"Value":99.599999999999994,"SourceTimestamp":"2024-04-27T17:21:40.6856165Z","ServerTimestamp":"2024-04-27T17:21:40.7025086Z"},"nsu=http://opcfoundation.org/UA/Plc/Applications;s=PositiveTrendData":{"Value":100.7,"SourceTimestamp":"2024-04-27T17:21:40.6856224Z","ServerTimestamp":"2024-04-27T17:21:40.7025208Z"},"nsu=http://opcfoundation.org/UA/Plc/Applications;s=SlowUIntScalar1":{"Value":5,"SourceTimestamp":"2024-04-27T17:21:36.7872686Z","ServerTimestamp":"2024-04-27T17:21:40.7025166Z"},"nsu=http://opcfoundation.org/UA/Plc/Applications;s=SlowUIntScalar2":{"Value":5,"SourceTimestamp":"2024-04-27T17:21:36.7872782Z","ServerTimestamp":"2024-04-27T17:21:40.7025201Z"},"nsu=http://opcfoundation.org/UA/Plc/Applications;s=SlowUIntScalar3":{"Value":5,"SourceTimestamp":"2024-04-27T17:21:36.7872937Z","ServerTimestamp":"2024-04-27T17:21:40.7025075Z"},"nsu=http://opcfoundation.org/UA/Plc/Applications;s=BadSlowUIntScalar1":{"Value":5,"SourceTimestamp":"2024-04-27T17:21:36.7873028Z","ServerTimestamp":"2024-04-27T17:21:40.7025146Z"},"nsu=http://opcfoundation.org/UA/Plc/Applications;s=SlowRandomUIntScalar1":{"Value":1387370511,"SourceTimestamp":"2024-04-27T17:21:36.7872632Z","ServerTimestamp":"2024-04-27T17:21:40.702511Z"},"nsu=http://opcfoundation.org/UA/Plc/Applications;s=SlowRandomUIntScalar2":{"Value":2001963106,"SourceTimestamp":"2024-04-27T17:21:36.7872718Z","ServerTimestamp":"2024-04-27T17:21:40.7025137Z"},"nsu=http://opcfoundation.org/UA/Plc/Applications;s=SlowRandomUIntScalar3":{"Value":737653828,"SourceTimestamp":"2024-04-27T17:21:36.78728Z","ServerTimestamp":"2024-04-27T17:21:40.7025176Z"},"nsu=http://opcfoundation.org/UA/Plc/Applications;s=BadSlowRandomUIntScalar1":{"Value":1017394842,"SourceTimestamp":"2024-04-27T17:21:36.7872942Z","ServerTimestamp":"2024-04-27T17:21:40.7025122Z"},"nsu=http://opcfoundation.org/UA/Plc/Applications;s=SpikeData":{"Value":99.80267284282715,"SourceTimestamp":"2024-04-27T17:21:40.6856553Z","ServerTimestamp":"2024-04-27T17:21:40.7025234Z"},"ns=23;i=1259":{"Value":-0.45000000000000001,"SourceTimestamp":"2024-04-27T17:20:47.6820863Z","ServerTimestamp":"2024-04-27T17:21:40.7024888Z"}}]