[{"i=2258":{"Value":"2024-04-27T17:21:45.7011999Z","SourceTimestamp":"2024-04-27T17:20:47.6820557Z","ServerTimestamp":"2024-04-27T17:21:45.7011987Z"},"nsu=http://opcfoundation.org/UA/Plc/Applications;s=StepUp":{"Value":589,"SourceTimestamp":"2024-04-27T17:21:45.6841975Z","ServerTimestamp":"2024-04-27T17:21:45.701231Z"},"nsu=http://opcfoundation.org/UA/Plc/Applications;s=AlternatingBoolean":{"Value":false,"SourceTimestamp":"2024-04-27T17:21:45.6841976Z","ServerTimestamp":"2024-04-27T17:21:45.7012438Z"},"nsu=http://opcfoundation.org/UA/Plc/Applications;s=RandomSignedInt32":{"Value":-922494460,"SourceTimestamp":"2024-04-27T17:21:45.6842144Z","ServerTimestamp":"2024-04-27T17:21:45.7012467Z"},"nsu=http://opcfoundation.org/UA/Plc/Applications;s=RandomUnsignedInt32":{"Value":1055769633,"SourceTimestamp":"2024-04-27T17:21:45.6842178Z","ServerTimestamp":"2024-04-27T17:21:45.7012407Z"},"nsu=http://opcfoundation.org/UA/Plc/Applications;s=DipData":{"Value":99.80267284282715,"SourceTimestamp":"2024-04-27T17:21:45.6842297Z","ServerTimestamp":"2024-04-27T17:21:45.7012315Z"},"nsu=http://opcfoundation.org/UA/Plc/Applications;s=FastUIntScalar1":{"Value":58,"SourceTimestamp":"2024-04-27T17:21:44.7872846Z","ServerTimestamp":"2024-04-27T17:21:45.7012374Z"},"nsu=http://opcfoundation.org/UA/Plc/Applications;s=FastUIntScalar2":{"Value":58,"SourceTimestamp":"2024-04-27T17:21:44.7872941Z","ServerTimestamp":"2024-04-27T17:21:45.7012371Z"},"nsu=http://opcfoundation.org/UA/Plc/Applications;s=FastUIntScalar3":{"Value":58,"SourceTimestamp":"2024-04-27T17:21:44.7872964Z","ServerTimestamp":"2024-04-27T17:21:45.7012344Z"},"nsu=http://opcfoundation.org/UA/Plc/Applications;s=FastRandomUIntScalar1":{"Value":1501410359,"SourceTimestamp":"2024-04-27T17:21:44.7873041Z","ServerTimestamp":"2024-04-27T17:21:45.7012432Z"},"nsu=http://opcfoundation.org/UA/Plc/Applications;s=FastRandomUIntScalar2":{"Value":2509462075,"SourceTimestamp":"2024-04-27T17:21:44.7873137Z","ServerTimestamp":"2024-04-27T17:21:45.7012398Z"},"nsu=http://opcfoundation.org/UA/Plc/Applications;s=FastRandomUIntScalar3":{"Value":3982292260,"SourceTimestamp":"2024-04-27T17:21:44.7873159Z","ServerTimestamp":"2024-04-27T17:21:45.7012461Z"},"nsu=http://opcfoundation.org/UA/Plc/Applications;s=NegativeTrendData":{"Value":99.5,"SourceTimestamp":"2024-04-27T17:21:45.6842415Z","ServerTimestamp":"2024-04-27T17:21:45.7012303Z"},"nsu=http://opcfoundation.org/UA/Plc/Applications;s=PositiveTrendData":{"Value":100.8,"SourceTimestamp":"2024-04-27T17:21:45.6842351Z","ServerTimestamp":"2024-04-27T17:21:45.7012427Z"},"nsu=http://opcfoundation.org/UA/Plc/Applications;s=SlowUIntScalar1":{"Value":5,"SourceTimestamp":"2024-04-27T17:21:36.7872686Z","ServerTimestamp":"2024-04-27T17:21:45.7012382Z"},"nsu=http://opcfoundation.org/UA/Plc/Applications;s=SlowUIntScalar2":{"Value":5,"SourceTimestamp":"2024-04-27T17:21:36.7872782Z","ServerTimestamp":"2024-04-27T17:21:45.701242Z"},"nsu=http://opcfoundation.org/UA/Plc/Applications;s=SlowUIntScalar3":{"Value":5,"SourceTimestamp":"2024-04-27T17:21:36.7872937Z","ServerTimestamp":"2024-04-27T17:21:45.7012292Z"},"nsu=http://opcfoundation.org/UA/Plc/Applications;s=BadSlowUIntScalar1":{"Value":5,"SourceTimestamp":"2024-04-27T17:21:36.7873028Z","ServerTimestamp":"2024-04-27T17:21:45.7012363Z"},"nsu=http://opcfoundation.org/UA/Plc/Applications;s=SlowRandomUIntScalar1":{"Value":1387370511,"SourceTimestamp":"2024-04-27T17:21:36.7872632Z","ServerTimestamp":"2024-04-27T17:21:45.7012325Z"},"nsu=http://opcfoundation.org/UA/Plc/Applications;s=SlowRandomUIntScalar2":{"Value":2001963106,"SourceTimestamp":"2024-04-27T17:21:36.7872718Z","ServerTimestamp":"2024-04-27T17:21:45.7012355Z"},"nsu=http://opcfoundation.org/UA/Plc/Applications;s=SlowRandomUIntScalar3":{"Value":737653828,"SourceTimestamp":"2024-04-27T17:21:36.78728Z","ServerTimestamp":"2024-04-27T17:21:45.7012391Z"},"nsu=http://opcfoundation.org/UA/Plc/Applications;s=BadSlowRandomUIntScalar1":{"Value":1017394842,"SourceTimestamp":"2024-04-27T17:21:36.7872942Z","ServerTimestamp":"2024-04-27T17:21:45.7012337Z"},"nsu=http://opcfoundation.org/UA/Plc/Applications;s=SpikeData":{"Value":99.80267284282715,"SourceTimestamp":"2024-04-27T17:21:45.6842391Z","ServerTimestamp":"2024-04-27T17:21:45.7012453Z"},"ns=23;i=1259":{"Value":0.71899999999999997,"SourceTimestamp":"2024-04-27T17:20:47.6820863Z","ServerTimestamp":"2024-04-27T17:21:45.7012136Z"}}]