[{"i=2258":{"Value":"2024-04-27T17:21:49.7047949Z","SourceTimestamp":"2024-04-27T17:20:47.6820557Z","ServerTimestamp":"2024-04-27T17:21:49.7047937Z"},"nsu=http://opcfoundation.org/UA/Plc/Applications;s=StepUp":{"Value":629,"SourceTimestamp":"2024-04-27T17:21:49.688401Z","ServerTimestamp":"2024-04-27T17:21:49.7048277Z"},"nsu=http://opcfoundation.org/UA/Plc/Applications;s=AlternatingBoolean":{"Value":true,"SourceTimestamp":"2024-04-27T17:21:49.6884188Z","ServerTimestamp":"2024-04-27T17:21:49.7048418Z"},"nsu=http://opcfoundation.org/UA/Plc/Applications;s=RandomSignedInt32":{"Value":227833605,"SourceTimestamp":"2024-04-27T17:21:49.6884189Z","ServerTimestamp":"2024-04-27T17:21:49.7048444Z"},"nsu=http://opcfoundation.org/UA/Plc/Applications;s=RandomUnsignedInt32":{"Value":645942821,"SourceTimestamp":"2024-04-27T17:21:49.6884282Z","ServerTimestamp":"2024-04-27T17:21:49.7048389Z"},"nsu=http://opcfoundation.org/UA/Plc/Applications;s=DipData":{"Value":36.812455268467772,"SourceTimestamp":"2024-04-27T17:21:49.6884253Z","ServerTimestamp":"2024-04-27T17:21:49.7048287Z"},"nsu=http://opcfoundation.org/UA/Plc/Applications;s=FastUIntScalar1":{"Value":62,"SourceTimestamp":"2024-04-27T17:21:48.788826Z","ServerTimestamp":"2024-04-27T17:21:49.7048349Z"},"nsu=http://opcfoundation.org/UA/Plc/Applications;s=FastUIntScalar2":{"Value":62,"SourceTimestamp":"2024-04-27T17:21:48.7888316Z","ServerTimestamp":"2024-04-27T17:21:49.7048346Z"},"nsu=http://opcfoundation.org/UA/Plc/Applications;s=FastUIntScalar3":{"Value":62,"SourceTimestamp":"2024-04-27T17:21:48.7888328Z","ServerTimestamp":"2024-04-27T17:21:49.7048314Z"},"nsu=http://opcfoundation.org/UA/Plc/Applications;s=FastRandomUIntScalar1":{"Value":129364300,"SourceTimestamp":"2024-04-27T17:21:48.7888355Z","ServerTimestamp":"2024-04-27T17:21:49.7048412Z"},"nsu=http://opcfoundation.org/UA/Plc/Applications;s=FastRandomUIntScalar2":{"Value":1732483215,"SourceTimestamp":"2024-04-27T17:21:48.7888399Z","ServerTimestamp":"2024-04-27T17:21:49.704838Z"},"nsu=http://opcfoundation.org/UA/Plc/Applications;s=FastRandomUIntScalar3":{"Value":2889900775,"SourceTimestamp":"2024-04-27T17:21:48.7888411Z","ServerTimestamp":"2024-04-27T17:21:49.7048437Z"},"nsu=http://opcfoundation.org/UA/Plc/Applications;s=NegativeTrendData":{"Value":99.400000000000006,"SourceTimestamp":"2024-04-27T17:21:49.6884385Z","ServerTimestamp":"2024-04-27T17:21:49.7048271Z"},"nsu=http://opcfoundation.org/UA/Plc/Applications;s=PositiveTrendData":{"Value":100.90000000000001,"SourceTimestamp":"2024-04-27T17:21:49.6884417Z","ServerTimestamp":"2024-04-27T17:21:49.7048406Z"},"nsu=http://opcfoundation.org/UA/Plc/Applications;s=SlowUIntScalar1":{"Value":6,"SourceTimestamp":"2024-04-27T17:21:46.7857351Z","ServerTimestamp":"2024-04-27T17:21:49.7048358Z"},"nsu=http://opcfoundation.org/UA/Plc/Applications;s=SlowUIntScalar2":{"Value":6,"SourceTimestamp":"2024-04-27T17:21:46.7857441Z","ServerTimestamp":"2024-04-27T17:21:49.7048399Z"},"nsu=http://opcfoundation.org/UA/Plc/Applications;s=SlowUIntScalar3":{"Value":6,"SourceTimestamp":"2024-04-27T17:21:46.7857464Z","ServerTimestamp":"2024-04-27T17:21:49.7048259Z"},"nsu=http://opcfoundation.org/UA/Plc/Applications;s=BadSlowUIntScalar1":{"Value":6,"SourceTimestamp":"2024-04-27T17:21:46.7857541Z","ServerTimestamp":"2024-04-27T17:21:49.7048336Z"},"nsu=http://opcfoundation.org/UA/Plc/Applications;s=SlowRandomUIntScalar1":{"Value":3234829548,"SourceTimestamp":"2024-04-27T17:21:46.7857434Z","ServerTimestamp":"2024-04-27T17:21:49.7048297Z"},"nsu=http://opcfoundation.org/UA/Plc/Applications;s=SlowRandomUIntScalar2":{"Value":1006318690,"SourceTimestamp":"2024-04-27T17:21:46.7857531Z","ServerTimestamp":"2024-04-27T17:21:49.7048324Z"},"nsu=http://opcfoundation.org/UA/Plc/Applications;s=SlowRandomUIntScalar3":{"Value":2535345942,"SourceTimestamp":"2024-04-27T17:21:46.7857563Z","ServerTimestamp":"2024-04-27T17:21:49.7048371Z"},"nsu=http://opcfoundation.org/UA/Plc/Applications;s=BadSlowRandomUIntScalar1":{"Value":2162131563,"SourceTimestamp":"2024-04-27T17:21:46.7857596Z","ServerTimestamp":"2024-04-27T17:21:49.7048307Z"},"nsu=http://opcfoundation.org/UA/Plc/Applications;s=SpikeData":{"Value":36.812455268467772,"SourceTimestamp":"2024-04-27T17:21:49.6884865Z","ServerTimestamp":"2024-04-27T17:21:49.7048429Z"},"ns=23;i=1259":{"Value":-1.9100000000000001,"SourceTimestamp":"2024-04-27T17:20:47.6820863Z","ServerTimestamp":"2024-04-27T17:21:49.7048091Z"}}]