[{"i=2258":{"Value":"2024-04-27T17:21:50.693403Z","SourceTimestamp":"2024-04-27T17:20:47.6820557Z","ServerTimestamp":"2024-04-27T17:21:50.6934019Z"},"nsu=http://opcfoundation.org/UA/Plc/Applications;s=StepUp":{"Value":639,"SourceTimestamp":"2024-04-27T17:21:50.6920303Z","ServerTimestamp":"2024-04-27T17:21:50.693436Z"},"nsu=http://opcfoundation.org/UA/Plc/Applications;s=AlternatingBoolean":{"Value":true,"SourceTimestamp":"2024-04-27T17:21:50.6920667Z","ServerTimestamp":"2024-04-27T17:21:50.6934489Z"},"nsu=http://opcfoundation.org/UA/Plc/Applications;s=RandomSignedInt32":{"Value":819857644,"SourceTimestamp":"2024-04-27T17:21:50.6920752Z","ServerTimestamp":"2024-04-27T17:21:50.6934526Z"},"nsu=http://opcfoundation.org/UA/Plc/Applications;s=RandomUnsignedInt32":{"Value":533064912,"SourceTimestamp":"2024-04-27T17:21:50.6920799Z","ServerTimestamp":"2024-04-27T17:21:50.6934464Z"},"nsu=http://opcfoundation.org/UA/Plc/Applications;s=DipData":{"Value":99.80267284282715,"SourceTimestamp":"2024-04-27T17:21:50.6920947Z","ServerTimestamp":"2024-04-27T17:21:50.6934365Z"},"nsu=http://opcfoundation.org/UA/Plc/Applications;s=FastUIntScalar1":{"Value":63,"SourceTimestamp":"2024-04-27T17:21:49.7966342Z","ServerTimestamp":"2024-04-27T17:21:50.6934426Z"},"nsu=http://opcfoundation.org/UA/Plc/Applications;s=FastUIntScalar2":{"Value":63,"SourceTimestamp":"2024-04-27T17:21:49.7966391Z","ServerTimestamp":"2024-04-27T17:21:50.6934423Z"},"nsu=http://opcfoundation.org/UA/Plc/Applications;s=FastUIntScalar3":{"Value":63,"SourceTimestamp":"2024-04-27T17:21:49.7966401Z","ServerTimestamp":"2024-04-27T17:21:50.6934396Z"},"nsu=http://opcfoundation.org/UA/Plc/Applications;s=FastRandomUIntScalar1":{"Value":1618830665,"SourceTimestamp":"2024-04-27T17:21:49.7966298Z","ServerTimestamp":"2024-04-27T17:21:50.6934483Z"},"nsu=http://opcfoundation.org/UA/Plc/Applications;s=FastRandomUIntScalar2":{"Value":2751388,"SourceTimestamp":"2024-04-27T17:21:49.7966351Z","ServerTimestamp":"2024-04-27T17:21:50.6934454Z"},"nsu=http://opcfoundation.org/UA/Plc/Applications;s=FastRandomUIntScalar3":{"Value":55961585,"SourceTimestamp":"2024-04-27T17:21:49.7966395Z","ServerTimestamp":"2024-04-27T17:21:50.6934519Z"},"nsu=http://opcfoundation.org/UA/Plc/Applications;s=NegativeTrendData":{"Value":99.400000000000006,"SourceTimestamp":"2024-04-27T17:21:50.6921077Z","ServerTimestamp":"2024-04-27T17:21:50.6934353Z"},"nsu=http://opcfoundation.org/UA/Plc/Applications;s=PositiveTrendData":{"Value":100.90000000000001,"SourceTimestamp":"2024-04-27T17:21:50.6921185Z","ServerTimestamp":"2024-04-27T17:21:50.6934477Z"},"nsu=http://opcfoundation.org/UA/Plc/Applications;s=SlowUIntScalar1":{"Value":6,"SourceTimestamp":"2024-04-27T17:21:46.7857351Z","ServerTimestamp":"2024-04-27T17:21:50.6934437Z"},"nsu=http://opcfoundation.org/UA/Plc/Applications;s=SlowUIntScalar2":{"Value":6,"SourceTimestamp":"2024-04-27T17:21:46.7857441Z","ServerTimestamp":"2024-04-27T17:21:50.693447Z"},"nsu=http://opcfoundation.org/UA/Plc/Applications;s=SlowUIntScalar3":{"Value":6,"SourceTimestamp":"2024-04-27T17:21:46.7857464Z","ServerTimestamp":"2024-04-27T17:21:50.6934341Z"},"nsu=http://opcfoundation.org/UA/Plc/Applications;s=BadSlowUIntScalar1":{"Value":6,"SourceTimestamp":"2024-04-27T17:21:46.7857541Z","ServerTimestamp":"2024-04-27T17:21:50.6934414Z"},"nsu=http://opcfoundation.org/UA/Plc/Applications;s=SlowRandomUIntScalar1":{"Value":3234829548,"SourceTimestamp":"2024-04-27T17:21:46.7857434Z","ServerTimestamp":"2024-04-27T17:21:50.6934377Z"},"nsu=http://opcfoundation.org/UA/Plc/Applications;s=SlowRandomUIntScalar2":{"Value":1006318690,"SourceTimestamp":"2024-04-27T17:21:46.7857531Z","ServerTimestamp":"2024-04-27T17:21:50.6934406Z"},"nsu=http://opcfoundation.org/UA/Plc/Applications;s=SlowRandomUIntScalar3":{"Value":2535345942,"SourceTimestamp":"2024-04-27T17:21:46.7857563Z","ServerTimestamp":"2024-04-27T17:21:50.6934447Z"},"nsu=http://opcfoundation.org/UA/Plc/Applications;s=BadSlowRandomUIntScalar1":{"Value":2162131563,"SourceTimestamp":"2024-04-27T17:21:46.7857596Z","ServerTimestamp":"2024-04-27T17:21:50.6934388Z"},"nsu=http://opcfoundation.org/UA/Plc/Applications;s=SpikeData":{"Value":99.80267284282715,"SourceTimestamp":"2024-04-27T17:21:50.6921025Z","ServerTimestamp":"2024-04-27T17:21:50.693451Z"},"ns=23;i=1259":{"Value":-0.86199999999999999,"SourceTimestamp":"2024-04-27T17:20:47.6820863Z","ServerTimestamp":"2024-04-27T17:21:50.6934185Z"}}]