[{"i=2258":{"Value":"2024-04-27T17:21:52.704562Z","SourceTimestamp":"2024-04-27T17:20:47.6820557Z","ServerTimestamp":"2024-04-27T17:21:52.7045607Z"},"nsu=http://opcfoundation.org/UA/Plc/Applications;s=StepUp":{"Value":659,"SourceTimestamp":"2024-04-27T17:21:52.6883993Z","ServerTimestamp":"2024-04-27T17:21:52.7045937Z"},"nsu=http://opcfoundation.org/UA/Plc/Applications;s=AlternatingBoolean":{"Value":false,"SourceTimestamp":"2024-04-27T17:21:52.6884041Z","ServerTimestamp":"2024-04-27T17:21:52.7046057Z"},"nsu=http://opcfoundation.org/UA/Plc/Applications;s=RandomSignedInt32":{"Value":1028838648,"SourceTimestamp":"2024-04-27T17:21:52.688404Z","ServerTimestamp":"2024-04-27T17:21:52.7046082Z"},"nsu=http://opcfoundation.org/UA/Plc/Applications;s=RandomUnsignedInt32":{"Value":1706689676,"SourceTimestamp":"2024-04-27T17:21:52.6884155Z","ServerTimestamp":"2024-04-27T17:21:52.704603Z"},"nsu=http://opcfoundation.org/UA/Plc/Applications;s=DipData":{"Value":-84.432792550201498,"SourceTimestamp":"2024-04-27T17:21:52.6884172Z","ServerTimestamp":"2024-04-27T17:21:52.7045945Z"},"nsu=http://opcfoundation.org/UA/Plc/Applications;s=FastUIntScalar1":{"Value":65,"SourceTimestamp":"2024-04-27T17:21:51.7943367Z","ServerTimestamp":"2024-04-27T17:21:52.7045998Z"},"nsu=http://opcfoundation.org/UA/Plc/Applications;s=FastUIntScalar2":{"Value":65,"SourceTimestamp":"2024-04-27T17:21:51.7943464Z","ServerTimestamp":"2024-04-27T17:21:52.7045994Z"},"nsu=http://opcfoundation.org/UA/Plc/Applications;s=FastUIntScalar3":{"Value":65,"SourceTimestamp":"2024-04-27T17:21:51.7943542Z","ServerTimestamp":"2024-04-27T17:21:52.704597Z"},"nsu=http://opcfoundation.org/UA/Plc/Applications;s=FastRandomUIntScalar1":{"Value":2451371500,"SourceTimestamp":"2024-04-27T17:21:51.7943413Z","ServerTimestamp":"2024-04-27T17:21:52.7046052Z"},"nsu=http://opcfoundation.org/UA/Plc/Applications;s=FastRandomUIntScalar2":{"Value":3391324401,"SourceTimestamp":"2024-04-27T17:21:51.7943524Z","ServerTimestamp":"2024-04-27T17:21:52.7046023Z"},"nsu=http://opcfoundation.org/UA/Plc/Applications;s=FastRandomUIntScalar3":{"Value":2349726815,"SourceTimestamp":"2024-04-27T17:21:51.7943554Z","ServerTimestamp":"2024-04-27T17:21:52.7046076Z"},"nsu=http://opcfoundation.org/UA/Plc/Applications;s=NegativeTrendData":{"Value":99.299999999999997,"SourceTimestamp":"2024-04-27T17:21:52.6884172Z","ServerTimestamp":"2024-04-27T17:21:52.7045929Z"},"nsu=http://opcfoundation.org/UA/Plc/Applications;s=PositiveTrendData":{"Value":101,"SourceTimestamp":"2024-04-27T17:21:52.6884178Z","ServerTimestamp":"2024-04-27T17:21:52.7046044Z"},"nsu=http://opcfoundation.org/UA/Plc/Applications;s=SlowUIntScalar1":{"Value":6,"SourceTimestamp":"2024-04-27T17:21:46.7857351Z","ServerTimestamp":"2024-04-27T17:21:52.7046007Z"},"nsu=http://opcfoundation.org/UA/Plc/Applications;s=SlowUIntScalar2":{"Value":6,"SourceTimestamp":"2024-04-27T17:21:46.7857441Z","ServerTimestamp":"2024-04-27T17:21:52.7046037Z"},"nsu=http://opcfoundation.org/UA/Plc/Applications;s=SlowUIntScalar3":{"Value":6,"SourceTimestamp":"2024-04-27T17:21:46.7857464Z","ServerTimestamp":"2024-04-27T17:21:52.7045918Z"},"nsu=http://opcfoundation.org/UA/Plc/Applications;s=BadSlowUIntScalar1":{"Value":6,"SourceTimestamp":"2024-04-27T17:21:46.7857541Z","ServerTimestamp":"2024-04-27T17:21:52.7045987Z"},"nsu=http://opcfoundation.org/UA/Plc/Applications;s=SlowRandomUIntScalar1":{"Value":3234829548,"SourceTimestamp":"2024-04-27T17:21:46.7857434Z","ServerTimestamp":"2024-04-27T17:21:52.7045955Z"},"nsu=http://opcfoundation.org/UA/Plc/Applications;s=SlowRandomUIntScalar2":{"Value":1006318690,"SourceTimestamp":"2024-04-27T17:21:46.7857531Z","ServerTimestamp":"2024-04-27T17:21:52.7045978Z"},"nsu=http://opcfoundation.org/UA/Plc/Applications;s=SlowRandomUIntScalar3":{"Value":2535345942,"SourceTimestamp":"2024-04-27T17:21:46.7857563Z","ServerTimestamp":"2024-04-27T17:21:52.7046017Z"},"nsu=http://opcfoundation.org/UA/Plc/Applications;s=BadSlowRandomUIntScalar1":{"Value":2162131563,"SourceTimestamp":"2024-04-27T17:21:46.7857596Z","ServerTimestamp":"2024-04-27T17:21:52.7045963Z"},"nsu=http://opcfoundation.org/UA/Plc/Applications;s=SpikeData":{"Value":-84.432792550201498,"SourceTimestamp":"2024-04-27T17:21:52.6884214Z","ServerTimestamp":"2024-04-27T17:21:52.7046068Z"},"ns=23;i=1259":{"Value":0.90200000000000002,"SourceTimestamp":"2024-04-27T17:20:47.6820863Z","ServerTimestamp":"2024-04-27T17:21:52.7045761Z"}}]