[{"i=2258":{"Value":"2024-04-27T17:21:57.6924247Z","SourceTimestamp":"2024-04-27T17:20:47.6820557Z","ServerTimestamp":"2024-04-27T17:21:57.6924236Z"},"nsu=http://opcfoundation.org/UA/Plc/Applications;s=StepUp":{"Value":709,"SourceTimestamp":"2024-04-27T17:21:57.6915084Z","ServerTimestamp":"2024-04-27T17:21:57.6924556Z"},"nsu=http://opcfoundation.org/UA/Plc/Applications;s=AlternatingBoolean":{"Value":true,"SourceTimestamp":"2024-04-27T17:21:57.6915088Z","ServerTimestamp":"2024-04-27T17:21:57.692468Z"},"nsu=http://opcfoundation.org/UA/Plc/Applications;s=RandomSignedInt32":{"Value":-1037459034,"SourceTimestamp":"2024-04-27T17:21:57.6915119Z","ServerTimestamp":"2024-04-27T17:21:57.6924706Z"},"nsu=http://opcfoundation.org/UA/Plc/Applications;s=RandomUnsignedInt32":{"Value":2128892344,"SourceTimestamp":"2024-04-27T17:21:57.6915287Z","ServerTimestamp":"2024-04-27T17:21:57.6924655Z"},"nsu=http://opcfoundation.org/UA/Plc/Applications;s=DipData":{"Value":-84.432792550201498,"SourceTimestamp":"2024-04-27T17:21:57.6915258Z","ServerTimestamp":"2024-04-27T17:21:57.692456Z"},"nsu=http://opcfoundation.org/UA/Plc/Applications;s=FastUIntScalar1":{"Value":70,"SourceTimestamp":"2024-04-27T17:21:56.7925649Z","ServerTimestamp":"2024-04-27T17:21:57.6924621Z"},"nsu=http://opcfoundation.org/UA/Plc/Applications;s=FastUIntScalar2":{"Value":70,"SourceTimestamp":"2024-04-27T17:21:56.792567Z","ServerTimestamp":"2024-04-27T17:21:57.6924618Z"},"nsu=http://opcfoundation.org/UA/Plc/Applications;s=FastUIntScalar3":{"Value":70,"SourceTimestamp":"2024-04-27T17:21:56.792569Z","ServerTimestamp":"2024-04-27T17:21:57.6924587Z"},"nsu=http://opcfoundation.org/UA/Plc/Applications;s=FastRandomUIntScalar1":{"Value":3931722295,"SourceTimestamp":"2024-04-27T17:21:56.7925654Z","ServerTimestamp":"2024-04-27T17:21:57.6924675Z"},"nsu=http://opcfoundation.org/UA/Plc/Applications;s=FastRandomUIntScalar2":{"Value":2795040421,"SourceTimestamp":"2024-04-27T17:21:56.792568Z","ServerTimestamp":"2024-04-27T17:21:57.6924645Z"},"nsu=http://opcfoundation.org/UA/Plc/Applications;s=FastRandomUIntScalar3":{"Value":1328012171,"SourceTimestamp":"2024-04-27T17:21:56.7925699Z","ServerTimestamp":"2024-04-27T17:21:57.69247Z"},"nsu=http://opcfoundation.org/UA/Plc/Applications;s=NegativeTrendData":{"Value":99.200000000000003,"SourceTimestamp":"2024-04-27T17:21:57.691529Z","ServerTimestamp":"2024-04-27T17:21:57.6924547Z"},"nsu=http://opcfoundation.org/UA/Plc/Applications;s=PositiveTrendData":{"Value":101.09999999999999,"SourceTimestamp":"2024-04-27T17:21:57.6915259Z","ServerTimestamp":"2024-04-27T17:21:57.6924668Z"},"nsu=http://opcfoundation.org/UA/Plc/Applications;s=SlowUIntScalar1":{"Value":7,"SourceTimestamp":"2024-04-27T17:21:56.792548Z","ServerTimestamp":"2024-04-27T17:21:57.6924629Z"},"nsu=http://opcfoundation.org/UA/Plc/Applications;s=SlowUIntScalar2":{"Value":7,"SourceTimestamp":"2024-04-27T17:21:56.7925555Z","ServerTimestamp":"2024-04-27T17:21:57.6924662Z"},"nsu=http://opcfoundation.org/UA/Plc/Applications;s=SlowUIntScalar3":{"Value":7,"SourceTimestamp":"2024-04-27T17:21:56.7925591Z","ServerTimestamp":"2024-04-27T17:21:57.6924537Z"},"nsu=http://opcfoundation.org/UA/Plc/Applications;s=BadSlowUIntScalar1":{"Value":7,"SourceTimestamp":"2024-04-27T17:21:56.7925608Z","ServerTimestamp":"2024-04-27T17:21:57.692461Z"},"nsu=http://opcfoundation.org/UA/Plc/Applications;s=SlowRandomUIntScalar1":{"Value":1211960617,"SourceTimestamp":"2024-04-27T17:21:56.792548Z","ServerTimestamp":"2024-04-27T17:21:57.692457Z"},"nsu=http://opcfoundation.org/UA/Plc/Applications;s=SlowRandomUIntScalar2":{"Value":1189574402,"SourceTimestamp":"2024-04-27T17:21:56.792558Z","ServerTimestamp":"2024-04-27T17:21:57.6924595Z"},"nsu=http://opcfoundation.org/UA/Plc/Applications;s=SlowRandomUIntScalar3":{"Value":2743520434,"SourceTimestamp":"2024-04-27T17:21:56.7925599Z","ServerTimestamp":"2024-04-27T17:21:57.6924638Z"},"nsu=http://opcfoundation.org/UA/Plc/Applications;s=BadSlowRandomUIntScalar1":{"Value":543441557,"SourceTimestamp":"2024-04-27T17:21:56.7925618Z","ServerTimestamp":"2024-04-27T17:21:57.692458Z"},"nsu=http://opcfoundation.org/UA/Plc/Applications;s=SpikeData":{"Value":-84.432792550201498,"SourceTimestamp":"2024-04-27T17:21:57.6915278Z","ServerTimestamp":"2024-04-27T17:21:57.6924692Z"},"ns=23;i=1259":{"Value":-0.20100000000000001,"SourceTimestamp":"2024-04-27T17:20:47.6820863Z","ServerTimestamp":"2024-04-27T17:21:57.6924388Z"}}]