[{"i=2258":{"Value":"2024-04-27T17:22:03.7052208Z","SourceTimestamp":"2024-04-27T17:20:47.6820557Z","ServerTimestamp":"2024-04-27T17:22:03.7052197Z"},"nsu=http://opcfoundation.org/UA/Plc/Applications;s=StepUp":{"Value":769,"SourceTimestamp":"2024-04-27T17:22:03.6884815Z","ServerTimestamp":"2024-04-27T17:22:03.7052523Z"},"nsu=http://opcfoundation.org/UA/Plc/Applications;s=AlternatingBoolean":{"Value":false,"SourceTimestamp":"2024-04-27T17:22:03.6884916Z","ServerTimestamp":"2024-04-27T17:22:03.7052659Z"},"nsu=http://opcfoundation.org/UA/Plc/Applications;s=RandomSignedInt32":{"Value":425818649,"SourceTimestamp":"2024-04-27T17:22:03.6884949Z","ServerTimestamp":"2024-04-27T17:22:03.7052687Z"},"nsu=http://opcfoundation.org/UA/Plc/Applications;s=RandomUnsignedInt32":{"Value":74546048,"SourceTimestamp":"2024-04-27T17:22:03.6884971Z","ServerTimestamp":"2024-04-27T17:22:03.7052633Z"},"nsu=http://opcfoundation.org/UA/Plc/Applications;s=DipData":{"Value":-77.051324277578942,"SourceTimestamp":"2024-04-27T17:22:03.6885115Z","ServerTimestamp":"2024-04-27T17:22:03.7052528Z"},"nsu=http://opcfoundation.org/UA/Plc/Applications;s=FastUIntScalar1":{"Value":76,"SourceTimestamp":"2024-04-27T17:22:02.7845089Z","ServerTimestamp":"2024-04-27T17:22:03.7052586Z"},"nsu=http://opcfoundation.org/UA/Plc/Applications;s=FastUIntScalar2":{"Value":76,"SourceTimestamp":"2024-04-27T17:22:02.7845159Z","ServerTimestamp":"2024-04-27T17:22:03.7052583Z"},"nsu=http://opcfoundation.org/UA/Plc/Applications;s=FastUIntScalar3":{"Value":76,"SourceTimestamp":"2024-04-27T17:22:02.7845197Z","ServerTimestamp":"2024-04-27T17:22:03.7052558Z"},"nsu=http://opcfoundation.org/UA/Plc/Applications;s=FastRandomUIntScalar1":{"Value":483781049,"SourceTimestamp":"2024-04-27T17:22:02.7845104Z","ServerTimestamp":"2024-04-27T17:22:03.7052653Z"},"nsu=http://opcfoundation.org/UA/Plc/Applications;s=FastRandomUIntScalar2":{"Value":1079488688,"SourceTimestamp":"2024-04-27T17:22:02.7845191Z","ServerTimestamp":"2024-04-27T17:22:03.7052622Z"},"nsu=http://opcfoundation.org/UA/Plc/Applications;s=FastRandomUIntScalar3":{"Value":2373535423,"SourceTimestamp":"2024-04-27T17:22:02.7845208Z","ServerTimestamp":"2024-04-27T17:22:03.7052681Z"},"nsu=http://opcfoundation.org/UA/Plc/Applications;s=NegativeTrendData":{"Value":99.099999999999994,"SourceTimestamp":"2024-04-27T17:22:03.6885051Z","ServerTimestamp":"2024-04-27T17:22:03.7052516Z"},"nsu=http://opcfoundation.org/UA/Plc/Applications;s=PositiveTrendData":{"Value":101.2,"SourceTimestamp":"2024-04-27T17:22:03.6885061Z","ServerTimestamp":"2024-04-27T17:22:03.7052647Z"},"nsu=http://opcfoundation.org/UA/Plc/Applications;s=SlowUIntScalar1":{"Value":7,"SourceTimestamp":"2024-04-27T17:21:56.792548Z","ServerTimestamp":"2024-04-27T17:22:03.7052594Z"},"nsu=http://opcfoundation.org/UA/Plc/Applications;s=SlowUIntScalar2":{"Value":7,"SourceTimestamp":"2024-04-27T17:21:56.7925555Z","ServerTimestamp":"2024-04-27T17:22:03.705264Z"},"nsu=http://opcfoundation.org/UA/Plc/Applications;s=SlowUIntScalar3":{"Value":7,"SourceTimestamp":"2024-04-27T17:21:56.7925591Z","ServerTimestamp":"2024-04-27T17:22:03.7052504Z"},"nsu=http://opcfoundation.org/UA/Plc/Applications;s=BadSlowUIntScalar1":{"Value":7,"SourceTimestamp":"2024-04-27T17:21:56.7925608Z","ServerTimestamp":"2024-04-27T17:22:03.7052575Z"},"nsu=http://opcfoundation.org/UA/Plc/Applications;s=SlowRandomUIntScalar1":{"Value":1211960617,"SourceTimestamp":"2024-04-27T17:21:56.792548Z","ServerTimestamp":"2024-04-27T17:22:03.705254Z"},"nsu=http://opcfoundation.org/UA/Plc/Applications;s=SlowRandomUIntScalar2":{"Value":1189574402,"SourceTimestamp":"2024-04-27T17:21:56.792558Z","ServerTimestamp":"2024-04-27T17:22:03.7052566Z"},"nsu=http://opcfoundation.org/UA/Plc/Applications;s=SlowRandomUIntScalar3":{"Value":2743520434,"SourceTimestamp":"2024-04-27T17:21:56.7925599Z","ServerTimestamp":"2024-04-27T17:22:03.7052605Z"},"nsu=http://opcfoundation.org/UA/Plc/Applications;s=BadSlowRandomUIntScalar1":{"Value":543441557,"SourceTimestamp":"2024-04-27T17:21:56.7925618Z","ServerTimestamp":"2024-04-27T17:22:03.7052551Z"},"nsu=http://opcfoundation.org/UA/Plc/Applications;s=SpikeData":{"Value":-77.051324277578942,"SourceTimestamp":"2024-04-27T17:22:03.6885104Z","ServerTimestamp":"2024-04-27T17:22:03.7052672Z"},"ns=23;i=1259":{"Value":-0.46300000000000002,"SourceTimestamp":"2024-04-27T17:20:47.6820863Z","ServerTimestamp":"2024-04-27T17:22:03.7052354Z"}}]