[{"i=2258":{"Value":"2024-04-27T17:22:07.6998432Z","SourceTimestamp":"2024-04-27T17:20:47.6820557Z","ServerTimestamp":"2024-04-27T17:22:07.6998418Z"},"nsu=http://opcfoundation.org/UA/Plc/Applications;s=StepUp":{"Value":809,"SourceTimestamp":"2024-04-27T17:22:07.6840894Z","ServerTimestamp":"2024-04-27T17:22:07.6998961Z"},"nsu=http://opcfoundation.org/UA/Plc/Applications;s=AlternatingBoolean":{"Value":true,"SourceTimestamp":"2024-04-27T17:22:07.68409Z","ServerTimestamp":"2024-04-27T17:22:07.6999085Z"},"nsu=http://opcfoundation.org/UA/Plc/Applications;s=RandomSignedInt32":{"Value":85424457,"SourceTimestamp":"2024-04-27T17:22:07.6841103Z","ServerTimestamp":"2024-04-27T17:22:07.6999113Z"},"nsu=http://opcfoundation.org/UA/Plc/Applications;s=RandomUnsignedInt32":{"Value":1817294847,"SourceTimestamp":"2024-04-27T17:22:07.6840803Z","ServerTimestamp":"2024-04-27T17:22:07.699906Z"},"nsu=http://opcfoundation.org/UA/Plc/Applications;s=DipData":{"Value":-84.432792550201498,"SourceTimestamp":"2024-04-27T17:22:07.6840747Z","ServerTimestamp":"2024-04-27T17:22:07.6998967Z"},"nsu=http://opcfoundation.org/UA/Plc/Applications;s=FastUIntScalar1":{"Value":80,"SourceTimestamp":"2024-04-27T17:22:06.7857546Z","ServerTimestamp":"2024-04-27T17:22:07.6999028Z"},"nsu=http://opcfoundation.org/UA/Plc/Applications;s=FastUIntScalar2":{"Value":80,"SourceTimestamp":"2024-04-27T17:22:06.7857574Z","ServerTimestamp":"2024-04-27T17:22:07.6999025Z"},"nsu=http://opcfoundation.org/UA/Plc/Applications;s=FastUIntScalar3":{"Value":80,"SourceTimestamp":"2024-04-27T17:22:06.7857616Z","ServerTimestamp":"2024-04-27T17:22:07.6999001Z"},"nsu=http://opcfoundation.org/UA/Plc/Applications;s=FastRandomUIntScalar1":{"Value":559759925,"SourceTimestamp":"2024-04-27T17:22:06.7857546Z","ServerTimestamp":"2024-04-27T17:22:07.699908Z"},"nsu=http://opcfoundation.org/UA/Plc/Applications;s=FastRandomUIntScalar2":{"Value":1575005286,"SourceTimestamp":"2024-04-27T17:22:06.785756Z","ServerTimestamp":"2024-04-27T17:22:07.6999052Z"},"nsu=http://opcfoundation.org/UA/Plc/Applications;s=FastRandomUIntScalar3":{"Value":1186658675,"SourceTimestamp":"2024-04-27T17:22:06.7857577Z","ServerTimestamp":"2024-04-27T17:22:07.6999108Z"},"nsu=http://opcfoundation.org/UA/Plc/Applications;s=NegativeTrendData":{"Value":99,"SourceTimestamp":"2024-04-27T17:22:07.684076Z","ServerTimestamp":"2024-04-27T17:22:07.6998954Z"},"nsu=http://opcfoundation.org/UA/Plc/Applications;s=PositiveTrendData":{"Value":101.3,"SourceTimestamp":"2024-04-27T17:22:07.6840554Z","ServerTimestamp":"2024-04-27T17:22:07.6999074Z"},"nsu=http://opcfoundation.org/UA/Plc/Applications;s=SlowUIntScalar1":{"Value":8,"SourceTimestamp":"2024-04-27T17:22:06.7857413Z","ServerTimestamp":"2024-04-27T17:22:07.6999036Z"},"nsu=http://opcfoundation.org/UA/Plc/Applications;s=SlowUIntScalar2":{"Value":8,"SourceTimestamp":"2024-04-27T17:22:06.7857469Z","ServerTimestamp":"2024-04-27T17:22:07.6999067Z"},"nsu=http://opcfoundation.org/UA/Plc/Applications;s=SlowUIntScalar3":{"Value":8,"SourceTimestamp":"2024-04-27T17:22:06.7857488Z","ServerTimestamp":"2024-04-27T17:22:07.6998943Z"},"nsu=http://opcfoundation.org/UA/Plc/Applications;s=BadSlowUIntScalar1":{"Value":8,"StatusCode":{"Symbol":"UncertainLastUsableValue","Code":1083179008},"SourceTimestamp":"2024-04-27T17:22:06.7857503Z","ServerTimestamp":"2024-04-27T17:22:07.6999018Z"},"nsu=http://opcfoundation.org/UA/Plc/Applications;s=SlowRandomUIntScalar1":{"Value":2263062979,"SourceTimestamp":"2024-04-27T17:22:06.7857551Z","ServerTimestamp":"2024-04-27T17:22:07.6998981Z"},"nsu=http://opcfoundation.org/UA/Plc/Applications;s=SlowRandomUIntScalar2":{"Value":1082044274,"SourceTimestamp":"2024-04-27T17:22:06.7857605Z","ServerTimestamp":"2024-04-27T17:22:07.6999009Z"},"nsu=http://opcfoundation.org/UA/Plc/Applications;s=SlowRandomUIntScalar3":{"Value":2757082092,"SourceTimestamp":"2024-04-27T17:22:06.7857626Z","ServerTimestamp":"2024-04-27T17:22:07.6999046Z"},"nsu=http://opcfoundation.org/UA/Plc/Applications;s=BadSlowRandomUIntScalar1":{"Value":2291893613,"StatusCode":{"Symbol":"UncertainLastUsableValue","Code":1083179008},"SourceTimestamp":"2024-04-27T17:22:06.7857641Z","ServerTimestamp":"2024-04-27T17:22:07.6998991Z"},"nsu=http://opcfoundation.org/UA/Plc/Applications;s=SpikeData":{"Value":-84.432792550201498,"SourceTimestamp":"2024-04-27T17:22:07.6840942Z","ServerTimestamp":"2024-04-27T17:22:07.6999098Z"},"ns=23;i=1259":{"Value":-1.55,"SourceTimestamp":"2024-04-27T17:20:47.6820863Z","ServerTimestamp":"2024-04-27T17:22:07.6998597Z"}}]