[{"i=2258":{"Value":"2024-04-27T17:22:16.6935368Z","SourceTimestamp":"2024-04-27T17:20:47.6820557Z","ServerTimestamp":"2024-04-27T17:22:16.6935354Z"},"nsu=http://opcfoundation.org/UA/Plc/Applications;s=StepUp":{"Value":899,"SourceTimestamp":"2024-04-27T17:22:16.692333Z","ServerTimestamp":"2024-04-27T17:22:16.6935695Z"},"nsu=http://opcfoundation.org/UA/Plc/Applications;s=AlternatingBoolean":{"Value":false,"SourceTimestamp":"2024-04-27T17:22:16.6923338Z","ServerTimestamp":"2024-04-27T17:22:16.6935821Z"},"nsu=http://opcfoundation.org/UA/Plc/Applications;s=RandomSignedInt32":{"Value":77793431,"SourceTimestamp":"2024-04-27T17:22:16.6923356Z","ServerTimestamp":"2024-04-27T17:22:16.6935846Z"},"nsu=http://opcfoundation.org/UA/Plc/Applications;s=RandomUnsignedInt32":{"Value":972166036,"SourceTimestamp":"2024-04-27T17:22:16.6923425Z","ServerTimestamp":"2024-04-27T17:22:16.6935796Z"},"nsu=http://opcfoundation.org/UA/Plc/Applications;s=DipData":{"Value":24.868988716485479,"SourceTimestamp":"2024-04-27T17:22:16.6923573Z","ServerTimestamp":"2024-04-27T17:22:16.6935701Z"},"nsu=http://opcfoundation.org/UA/Plc/Applications;s=FastUIntScalar1":{"Value":89,"SourceTimestamp":"2024-04-27T17:22:15.7924759Z","ServerTimestamp":"2024-04-27T17:22:16.6935761Z"},"nsu=http://opcfoundation.org/UA/Plc/Applications;s=FastUIntScalar2":{"Value":89,"SourceTimestamp":"2024-04-27T17:22:15.7924826Z","ServerTimestamp":"2024-04-27T17:22:16.6935758Z"},"nsu=http://opcfoundation.org/UA/Plc/Applications;s=FastUIntScalar3":{"Value":89,"SourceTimestamp":"2024-04-27T17:22:15.7924928Z","ServerTimestamp":"2024-04-27T17:22:16.6935731Z"},"nsu=http://opcfoundation.org/UA/Plc/Applications;s=FastRandomUIntScalar1":{"Value":4133388958,"SourceTimestamp":"2024-04-27T17:22:15.7924825Z","ServerTimestamp":"2024-04-27T17:22:16.6935815Z"},"nsu=http://opcfoundation.org/UA/Plc/Applications;s=FastRandomUIntScalar2":{"Value":2056555219,"SourceTimestamp":"2024-04-27T17:22:15.7924871Z","ServerTimestamp":"2024-04-27T17:22:16.6935787Z"},"nsu=http://opcfoundation.org/UA/Plc/Applications;s=FastRandomUIntScalar3":{"Value":741558768,"SourceTimestamp":"2024-04-27T17:22:15.7924884Z","ServerTimestamp":"2024-04-27T17:22:16.6935839Z"},"nsu=http://opcfoundation.org/UA/Plc/Applications;s=NegativeTrendData":{"Value":98.900000000000006,"SourceTimestamp":"2024-04-27T17:22:16.6923512Z","ServerTimestamp":"2024-04-27T17:22:16.6935686Z"},"nsu=http://opcfoundation.org/UA/Plc/Applications;s=PositiveTrendData":{"Value":101.40000000000001,"SourceTimestamp":"2024-04-27T17:22:16.6923512Z","ServerTimestamp":"2024-04-27T17:22:16.6935809Z"},"nsu=http://opcfoundation.org/UA/Plc/Applications;s=SlowUIntScalar1":{"Value":8,"SourceTimestamp":"2024-04-27T17:22:06.7857413Z","ServerTimestamp":"2024-04-27T17:22:16.693577Z"},"nsu=http://opcfoundation.org/UA/Plc/Applications;s=SlowUIntScalar2":{"Value":8,"SourceTimestamp":"2024-04-27T17:22:06.7857469Z","ServerTimestamp":"2024-04-27T17:22:16.6935802Z"},"nsu=http://opcfoundation.org/UA/Plc/Applications;s=SlowUIntScalar3":{"Value":8,"SourceTimestamp":"2024-04-27T17:22:06.7857488Z","ServerTimestamp":"2024-04-27T17:22:16.6935675Z"},"nsu=http://opcfoundation.org/UA/Plc/Applications;s=BadSlowUIntScalar1":{"Value":8,"StatusCode":{"Symbol":"UncertainLastUsableValue","Code":1083179008},"SourceTimestamp":"2024-04-27T17:22:06.7857503Z","ServerTimestamp":"2024-04-27T17:22:16.693575Z"},"nsu=http://opcfoundation.org/UA/Plc/Applications;s=SlowRandomUIntScalar1":{"Value":2263062979,"SourceTimestamp":"2024-04-27T17:22:06.7857551Z","ServerTimestamp":"2024-04-27T17:22:16.6935712Z"},"nsu=http://opcfoundation.org/UA/Plc/Applications;s=SlowRandomUIntScalar2":{"Value":1082044274,"SourceTimestamp":"2024-04-27T17:22:06.7857605Z","ServerTimestamp":"2024-04-27T17:22:16.6935742Z"},"nsu=http://opcfoundation.org/UA/Plc/Applications;s=SlowRandomUIntScalar3":{"Value":2757082092,"SourceTimestamp":"2024-04-27T17:22:06.7857626Z","ServerTimestamp":"2024-04-27T17:22:16.693578Z"},"nsu=http://opcfoundation.org/UA/Plc/Applications;s=BadSlowRandomUIntScalar1":{"Value":2291893613,"StatusCode":{"Symbol":"UncertainLastUsableValue","Code":1083179008},"SourceTimestamp":"2024-04-27T17:22:06.7857641Z","ServerTimestamp":"2024-04-27T17:22:16.6935721Z"},"nsu=http://opcfoundation.org/UA/Plc/Applications;s=SpikeData":{"Value":24.868988716485479,"SourceTimestamp":"2024-04-27T17:22:16.6923623Z","ServerTimestamp":"2024-04-27T17:22:16.6935831Z"},"ns=23;i=1259":{"Value":0.89900000000000002,"SourceTimestamp":"2024-04-27T17:20:47.6820863Z","ServerTimestamp":"2024-04-27T17:22:16.6935511Z"}}]