[{"i=2258":{"Value":"2024-04-27T17:22:18.7055805Z","SourceTimestamp":"2024-04-27T17:20:47.6820557Z","ServerTimestamp":"2024-04-27T17:22:18.705579Z"},"nsu=http://opcfoundation.org/UA/Plc/Applications;s=StepUp":{"Value":919,"SourceTimestamp":"2024-04-27T17:22:18.6887921Z","ServerTimestamp":"2024-04-27T17:22:18.7056251Z"},"nsu=http://opcfoundation.org/UA/Plc/Applications;s=AlternatingBoolean":{"Value":true,"SourceTimestamp":"2024-04-27T17:22:18.6887961Z","ServerTimestamp":"2024-04-27T17:22:18.7056379Z"},"nsu=http://opcfoundation.org/UA/Plc/Applications;s=RandomSignedInt32":{"Value":-1691078517,"SourceTimestamp":"2024-04-27T17:22:18.6887969Z","ServerTimestamp":"2024-04-27T17:22:18.7056408Z"},"nsu=http://opcfoundation.org/UA/Plc/Applications;s=RandomUnsignedInt32":{"Value":1762022380,"SourceTimestamp":"2024-04-27T17:22:18.6887999Z","ServerTimestamp":"2024-04-27T17:22:18.7056352Z"},"nsu=http://opcfoundation.org/UA/Plc/Applications;s=DipData":{"Value":-77.051324277578942,"SourceTimestamp":"2024-04-27T17:22:18.6888097Z","ServerTimestamp":"2024-04-27T17:22:18.7056256Z"},"nsu=http://opcfoundation.org/UA/Plc/Applications;s=FastUIntScalar1":{"Value":91,"SourceTimestamp":"2024-04-27T17:22:17.794816Z","ServerTimestamp":"2024-04-27T17:22:18.7056317Z"},"nsu=http://opcfoundation.org/UA/Plc/Applications;s=FastUIntScalar2":{"Value":91,"SourceTimestamp":"2024-04-27T17:22:17.7948231Z","ServerTimestamp":"2024-04-27T17:22:18.7056313Z"},"nsu=http://opcfoundation.org/UA/Plc/Applications;s=FastUIntScalar3":{"Value":91,"SourceTimestamp":"2024-04-27T17:22:17.7948242Z","ServerTimestamp":"2024-04-27T17:22:18.7056287Z"},"nsu=http://opcfoundation.org/UA/Plc/Applications;s=FastRandomUIntScalar1":{"Value":3845850207,"SourceTimestamp":"2024-04-27T17:22:17.7948251Z","ServerTimestamp":"2024-04-27T17:22:18.7056373Z"},"nsu=http://opcfoundation.org/UA/Plc/Applications;s=FastRandomUIntScalar2":{"Value":718954425,"SourceTimestamp":"2024-04-27T17:22:17.7948301Z","ServerTimestamp":"2024-04-27T17:22:18.7056344Z"},"nsu=http://opcfoundation.org/UA/Plc/Applications;s=FastRandomUIntScalar3":{"Value":1532439977,"SourceTimestamp":"2024-04-27T17:22:17.7948317Z","ServerTimestamp":"2024-04-27T17:22:18.7056402Z"},"nsu=http://opcfoundation.org/UA/Plc/Applications;s=NegativeTrendData":{"Value":98.799999999999997,"SourceTimestamp":"2024-04-27T17:22:18.6888105Z","ServerTimestamp":"2024-04-27T17:22:18.7056243Z"},"nsu=http://opcfoundation.org/UA/Plc/Applications;s=PositiveTrendData":{"Value":101.5,"SourceTimestamp":"2024-04-27T17:22:18.6888097Z","ServerTimestamp":"2024-04-27T17:22:18.7056366Z"},"nsu=http://opcfoundation.org/UA/Plc/Applications;s=SlowUIntScalar1":{"Value":9,"SourceTimestamp":"2024-04-27T17:22:16.7862711Z","ServerTimestamp":"2024-04-27T17:22:18.7056326Z"},"nsu=http://opcfoundation.org/UA/Plc/Applications;s=SlowUIntScalar2":{"Value":9,"SourceTimestamp":"2024-04-27T17:22:16.786281Z","ServerTimestamp":"2024-04-27T17:22:18.7056359Z"},"nsu=http://opcfoundation.org/UA/Plc/Applications;s=SlowUIntScalar3":{"Value":9,"SourceTimestamp":"2024-04-27T17:22:16.7862841Z","ServerTimestamp":"2024-04-27T17:22:18.7056231Z"},"nsu=http://opcfoundation.org/UA/Plc/Applications;s=BadSlowUIntScalar1":{"Value":null,"StatusCode":{"Symbol":"BadDataLost","Code":2157772800},"SourceTimestamp":"2024-04-27T17:22:16.7862873Z","ServerTimestamp":"2024-04-27T17:22:18.7056305Z"},"nsu=http://opcfoundation.org/UA/Plc/Applications;s=SlowRandomUIntScalar1":{"Value":4122621502,"SourceTimestamp":"2024-04-27T17:22:16.7862693Z","ServerTimestamp":"2024-04-27T17:22:18.7056267Z"},"nsu=http://opcfoundation.org/UA/Plc/Applications;s=SlowRandomUIntScalar2":{"Value":290376457,"SourceTimestamp":"2024-04-27T17:22:16.7862782Z","ServerTimestamp":"2024-04-27T17:22:18.7056295Z"},"nsu=http://opcfoundation.org/UA/Plc/Applications;s=SlowRandomUIntScalar3":{"Value":4286612824,"SourceTimestamp":"2024-04-27T17:22:16.7862831Z","ServerTimestamp":"2024-04-27T17:22:18.7056336Z"},"nsu=http://opcfoundation.org/UA/Plc/Applications;s=BadSlowRandomUIntScalar1":{"Value":null,"StatusCode":{"Symbol":"BadDataLost","Code":2157772800},"SourceTimestamp":"2024-04-27T17:22:16.7862859Z","ServerTimestamp":"2024-04-27T17:22:18.7056277Z"},"nsu=http://opcfoundation.org/UA/Plc/Applications;s=SpikeData":{"Value":-77.051324277578942,"SourceTimestamp":"2024-04-27T17:22:18.688824Z","ServerTimestamp":"2024-04-27T17:22:18.7056392Z"},"ns=23;i=1259":{"Value":0.86299999999999999,"SourceTimestamp":"2024-04-27T17:20:47.6820863Z","ServerTimestamp":"2024-04-27T17:22:18.7055947Z"}}]