[{"i=2258":{"Value":"2024-04-27T17:22:20.7042543Z","SourceTimestamp":"2024-04-27T17:20:47.6820557Z","ServerTimestamp":"2024-04-27T17:22:20.704253Z"},"nsu=http://opcfoundation.org/UA/Plc/Applications;s=StepUp":{"Value":939,"SourceTimestamp":"2024-04-27T17:22:20.6874488Z","ServerTimestamp":"2024-04-27T17:22:20.7042875Z"},"nsu=http://opcfoundation.org/UA/Plc/Applications;s=AlternatingBoolean":{"Value":true,"SourceTimestamp":"2024-04-27T17:22:20.687474Z","ServerTimestamp":"2024-04-27T17:22:20.7043147Z"},"nsu=http://opcfoundation.org/UA/Plc/Applications;s=RandomSignedInt32":{"Value":-825759548,"SourceTimestamp":"2024-04-27T17:22:20.6874795Z","ServerTimestamp":"2024-04-27T17:22:20.7043174Z"},"nsu=http://opcfoundation.org/UA/Plc/Applications;s=RandomUnsignedInt32":{"Value":1351663733,"SourceTimestamp":"2024-04-27T17:22:20.6874835Z","ServerTimestamp":"2024-04-27T17:22:20.7043109Z"},"nsu=http://opcfoundation.org/UA/Plc/Applications;s=DipData":{"Value":99.80267284282715,"SourceTimestamp":"2024-04-27T17:22:20.687513Z","ServerTimestamp":"2024-04-27T17:22:20.704288Z"},"nsu=http://opcfoundation.org/UA/Plc/Applications;s=FastUIntScalar1":{"Value":93,"SourceTimestamp":"2024-04-27T17:22:19.7911477Z","ServerTimestamp":"2024-04-27T17:22:20.7042939Z"},"nsu=http://opcfoundation.org/UA/Plc/Applications;s=FastUIntScalar2":{"Value":93,"SourceTimestamp":"2024-04-27T17:22:19.7911562Z","ServerTimestamp":"2024-04-27T17:22:20.7042936Z"},"nsu=http://opcfoundation.org/UA/Plc/Applications;s=FastUIntScalar3":{"Value":93,"SourceTimestamp":"2024-04-27T17:22:19.7911609Z","ServerTimestamp":"2024-04-27T17:22:20.704291Z"},"nsu=http://opcfoundation.org/UA/Plc/Applications;s=FastRandomUIntScalar1":{"Value":576149867,"SourceTimestamp":"2024-04-27T17:22:19.7911498Z","ServerTimestamp":"2024-04-27T17:22:20.7043139Z"},"nsu=http://opcfoundation.org/UA/Plc/Applications;s=FastRandomUIntScalar2":{"Value":2925616063,"SourceTimestamp":"2024-04-27T17:22:19.7911591Z","ServerTimestamp":"2024-04-27T17:22:20.7042965Z"},"nsu=http://opcfoundation.org/UA/Plc/Applications;s=FastRandomUIntScalar3":{"Value":1542855240,"SourceTimestamp":"2024-04-27T17:22:19.7911626Z","ServerTimestamp":"2024-04-27T17:22:20.7043167Z"},"nsu=http://opcfoundation.org/UA/Plc/Applications;s=NegativeTrendData":{"Value":98.799999999999997,"SourceTimestamp":"2024-04-27T17:22:20.6874937Z","ServerTimestamp":"2024-04-27T17:22:20.7042866Z"},"nsu=http://opcfoundation.org/UA/Plc/Applications;s=PositiveTrendData":{"Value":101.5,"SourceTimestamp":"2024-04-27T17:22:20.6874974Z","ServerTimestamp":"2024-04-27T17:22:20.7043133Z"},"nsu=http://opcfoundation.org/UA/Plc/Applications;s=SlowUIntScalar1":{"Value":9,"SourceTimestamp":"2024-04-27T17:22:16.7862711Z","ServerTimestamp":"2024-04-27T17:22:20.7042948Z"},"nsu=http://opcfoundation.org/UA/Plc/Applications;s=SlowUIntScalar2":{"Value":9,"SourceTimestamp":"2024-04-27T17:22:16.786281Z","ServerTimestamp":"2024-04-27T17:22:20.7043116Z"},"nsu=http://opcfoundation.org/UA/Plc/Applications;s=SlowUIntScalar3":{"Value":9,"SourceTimestamp":"2024-04-27T17:22:16.7862841Z","ServerTimestamp":"2024-04-27T17:22:20.7042854Z"},"nsu=http://opcfoundation.org/UA/Plc/Applications;s=BadSlowUIntScalar1":{"Value":null,"StatusCode":{"Symbol":"BadDataLost","Code":2157772800},"SourceTimestamp":"2024-04-27T17:22:16.7862873Z","ServerTimestamp":"2024-04-27T17:22:20.7042928Z"},"nsu=http://opcfoundation.org/UA/Plc/Applications;s=SlowRandomUIntScalar1":{"Value":4122621502,"SourceTimestamp":"2024-04-27T17:22:16.7862693Z","ServerTimestamp":"2024-04-27T17:22:20.7042891Z"},"nsu=http://opcfoundation.org/UA/Plc/Applications;s=SlowRandomUIntScalar2":{"Value":290376457,"SourceTimestamp":"2024-04-27T17:22:16.7862782Z","ServerTimestamp":"2024-04-27T17:22:20.7042919Z"},"nsu=http://opcfoundation.org/UA/Plc/Applications;s=SlowRandomUIntScalar3":{"Value":4286612824,"SourceTimestamp":"2024-04-27T17:22:16.7862831Z","ServerTimestamp":"2024-04-27T17:22:20.7042958Z"},"nsu=http://opcfoundation.org/UA/Plc/Applications;s=BadSlowRandomUIntScalar1":{"Value":null,"StatusCode":{"Symbol":"BadDataLost","Code":2157772800},"SourceTimestamp":"2024-04-27T17:22:16.7862859Z","ServerTimestamp":"2024-04-27T17:22:20.70429Z"},"nsu=http://opcfoundation.org/UA/Plc/Applications;s=SpikeData":{"Value":99.80267284282715,"SourceTimestamp":"2024-04-27T17:22:20.6875136Z","ServerTimestamp":"2024-04-27T17:22:20.7043159Z"},"ns=23;i=1259":{"Value":-0.98099999999999998,"SourceTimestamp":"2024-04-27T17:20:47.6820863Z","ServerTimestamp":"2024-04-27T17:22:20.7042689Z"}}]