[{"i=2258":{"Value":"2024-04-27T17:22:23.703551Z","SourceTimestamp":"2024-04-27T17:20:47.6820557Z","ServerTimestamp":"2024-04-27T17:22:23.7035498Z"},"nsu=http://opcfoundation.org/UA/Plc/Applications;s=StepUp":{"Value":969,"SourceTimestamp":"2024-04-27T17:22:23.6870446Z","ServerTimestamp":"2024-04-27T17:22:23.7035896Z"},"nsu=http://opcfoundation.org/UA/Plc/Applications;s=AlternatingBoolean":{"Value":false,"SourceTimestamp":"2024-04-27T17:22:23.687043Z","ServerTimestamp":"2024-04-27T17:22:23.7036017Z"},"nsu=http://opcfoundation.org/UA/Plc/Applications;s=RandomSignedInt32":{"Value":513226421,"SourceTimestamp":"2024-04-27T17:22:23.6870372Z","ServerTimestamp":"2024-04-27T17:22:23.7036051Z"},"nsu=http://opcfoundation.org/UA/Plc/Applications;s=RandomUnsignedInt32":{"Value":1333864267,"SourceTimestamp":"2024-04-27T17:22:23.6870595Z","ServerTimestamp":"2024-04-27T17:22:23.7035992Z"},"nsu=http://opcfoundation.org/UA/Plc/Applications;s=DipData":{"Value":-1000,"SourceTimestamp":"2024-04-27T17:22:23.6870337Z","ServerTimestamp":"2024-04-27T17:22:23.7035902Z"},"nsu=http://opcfoundation.org/UA/Plc/Applications;s=FastUIntScalar1":{"Value":96,"SourceTimestamp":"2024-04-27T17:22:22.7898343Z","ServerTimestamp":"2024-04-27T17:22:23.7035959Z"},"nsu=http://opcfoundation.org/UA/Plc/Applications;s=FastUIntScalar2":{"Value":96,"SourceTimestamp":"2024-04-27T17:22:22.789841Z","ServerTimestamp":"2024-04-27T17:22:23.7035956Z"},"nsu=http://opcfoundation.org/UA/Plc/Applications;s=FastUIntScalar3":{"Value":96,"SourceTimestamp":"2024-04-27T17:22:22.7898427Z","ServerTimestamp":"2024-04-27T17:22:23.7035931Z"},"nsu=http://opcfoundation.org/UA/Plc/Applications;s=FastRandomUIntScalar1":{"Value":856376936,"SourceTimestamp":"2024-04-27T17:22:22.789835Z","ServerTimestamp":"2024-04-27T17:22:23.7036011Z"},"nsu=http://opcfoundation.org/UA/Plc/Applications;s=FastRandomUIntScalar2":{"Value":640065526,"SourceTimestamp":"2024-04-27T17:22:22.7898424Z","ServerTimestamp":"2024-04-27T17:22:23.7035984Z"},"nsu=http://opcfoundation.org/UA/Plc/Applications;s=FastRandomUIntScalar3":{"Value":1538022617,"SourceTimestamp":"2024-04-27T17:22:22.7898439Z","ServerTimestamp":"2024-04-27T17:22:23.7036045Z"},"nsu=http://opcfoundation.org/UA/Plc/Applications;s=NegativeTrendData":{"Value":98.700000000000003,"SourceTimestamp":"2024-04-27T17:22:23.687037Z","ServerTimestamp":"2024-04-27T17:22:23.7035883Z"},"nsu=http://opcfoundation.org/UA/Plc/Applications;s=PositiveTrendData":{"Value":101.59999999999999,"SourceTimestamp":"2024-04-27T17:22:23.6870294Z","ServerTimestamp":"2024-04-27T17:22:23.7036006Z"},"nsu=http://opcfoundation.org/UA/Plc/Applications;s=SlowUIntScalar1":{"Value":9,"SourceTimestamp":"2024-04-27T17:22:16.7862711Z","ServerTimestamp":"2024-04-27T17:22:23.7035967Z"},"nsu=http://opcfoundation.org/UA/Plc/Applications;s=SlowUIntScalar2":{"Value":9,"SourceTimestamp":"2024-04-27T17:22:16.786281Z","ServerTimestamp":"2024-04-27T17:22:23.7035999Z"},"nsu=http://opcfoundation.org/UA/Plc/Applications;s=SlowUIntScalar3":{"Value":9,"SourceTimestamp":"2024-04-27T17:22:16.7862841Z","ServerTimestamp":"2024-04-27T17:22:23.7035872Z"},"nsu=http://opcfoundation.org/UA/Plc/Applications;s=BadSlowUIntScalar1":{"Value":null,"StatusCode":{"Symbol":"BadDataLost","Code":2157772800},"SourceTimestamp":"2024-04-27T17:22:16.7862873Z","ServerTimestamp":"2024-04-27T17:22:23.7035949Z"},"nsu=http://opcfoundation.org/UA/Plc/Applications;s=SlowRandomUIntScalar1":{"Value":4122621502,"SourceTimestamp":"2024-04-27T17:22:16.7862693Z","ServerTimestamp":"2024-04-27T17:22:23.7035913Z"},"nsu=http://opcfoundation.org/UA/Plc/Applications;s=SlowRandomUIntScalar2":{"Value":290376457,"SourceTimestamp":"2024-04-27T17:22:16.7862782Z","ServerTimestamp":"2024-04-27T17:22:23.703594Z"},"nsu=http://opcfoundation.org/UA/Plc/Applications;s=SlowRandomUIntScalar3":{"Value":4286612824,"SourceTimestamp":"2024-04-27T17:22:16.7862831Z","ServerTimestamp":"2024-04-27T17:22:23.7035978Z"},"nsu=http://opcfoundation.org/UA/Plc/Applications;s=BadSlowRandomUIntScalar1":{"Value":null,"StatusCode":{"Symbol":"BadDataLost","Code":2157772800},"SourceTimestamp":"2024-04-27T17:22:16.7862859Z","ServerTimestamp":"2024-04-27T17:22:23.7035922Z"},"nsu=http://opcfoundation.org/UA/Plc/Applications;s=SpikeData":{"Value":-77.051324277578942,"SourceTimestamp":"2024-04-27T17:22:23.6870191Z","ServerTimestamp":"2024-04-27T17:22:23.7036037Z"},"ns=23;i=1259":{"Value":-0.193,"SourceTimestamp":"2024-04-27T17:20:47.6820863Z","ServerTimestamp":"2024-04-27T17:22:23.7035721Z"}}]