{"MessageId":"7c3722d8-aec3-4116-a148-d50c149f07e5","MessageType":"ua-data","PublisherId":"DESKTOP-BGFJS91","DataSetWriterGroup":"Packaging","Messages":[{"MetaDataVersion":{"MajorVersion":1},"MessageType":"ua-deltaframe","DataSetWriterName":"<<UnknownDataSet>>","Payload":{"nsu=http://opcfoundation.org/UA/Plc/Applications;s=SlowRandomUIntScalar1":{"Value":3692365088,"SourceTimestamp":"2024-04-26T11:58:18.4987697Z"},"nsu=http://opcfoundation.org/UA/Plc/Applications;s=SlowRandomUIntScalar2":{"Value":1398894242,"SourceTimestamp":"2024-04-26T11:58:18.4987771Z"},"nsu=http://opcfoundation.org/UA/Plc/Applications;s=SlowRandomUIntScalar3":{"Value":2878017547,"SourceTimestamp":"2024-04-26T11:58:18.4987797Z"},"nsu=http://opcfoundation.org/UA/Plc/Applications;s=BadSlowRandomUIntScalar1":{"Value":1047248825,"SourceTimestamp":"2024-04-26T11:58:18.4987813Z"}}}]}