{"$schema":"http://json-schema.org/draft-07/schema#","$ref":"#/definitions/org.github.microsoft.opcpublisher.PackagingNetworkMessage","definitions":{"org.opcfoundation.UA.UInt32":{"$id":"http://opcfoundation.org/UA/#UInt32","title":"OPC UA built in type UInt32","type":"integer","minimum":0,"maximum":4294967295,"default":0,"format":"uint32"},"org.opcfoundation.UA.String":{"$id":"http://opcfoundation.org/UA/#String","title":"OPC UA built in type String","type":"string"},"org.opcfoundation.UA.StatusCode":{"$id":"http://opcfoundation.org/UA/#StatusCode","title":"OPC UA built in type StatusCode","type":"object","properties":{"Code":{"$ref":"#/definitions/org.opcfoundation.UA.UInt32"},"Symbol":{"$ref":"#/definitions/org.opcfoundation.UA.String"}},"additionalProperties":false},"org.opcfoundation.UA.DateTime":{"$id":"http://opcfoundation.org/UA/#DateTime","title":"OPC UA built in type DateTime","type":"string","format":"date-time"},"org.opcfoundation.UA.UInt16":{"$id":"http://opcfoundation.org/UA/#UInt16","title":"OPC UA built in type UInt16","type":"integer","minimum":0,"maximum":65535,"default":0,"format":"uint16"},"org.github.microsoft.opcpublisher.UInt32DataValue":{"$id":"http://github.org/microsoft/opcpublisher#UInt32DataValue","title":"Dataset Field of Type UInt32","type":"object","properties":{"Value":{"$ref":"#/definitions/org.opcfoundation.UA.UInt32"},"Status":{"$ref":"#/definitions/org.opcfoundation.UA.StatusCode"},"SourceTimestamp":{"$ref":"#/definitions/org.opcfoundation.UA.DateTime"},"SourcePicoSeconds":{"$ref":"#/definitions/org.opcfoundation.UA.UInt16"},"ServerTimestamp":{"$ref":"#/definitions/org.opcfoundation.UA.DateTime"},"ServerPicoSeconds":{"$ref":"#/definitions/org.opcfoundation.UA.UInt16"}},"additionalProperties":false},"org.github.microsoft.opcpublisher.DataSet":{"$id":"http://github.org/microsoft/opcpublisher#DataSet","title":"DataSet","type":"object","properties":{"nsu=http://opcfoundation.org/UA/Plc/Applications;s=SlowRandomUIntScalar1":{"$ref":"#/definitions/org.github.microsoft.opcpublisher.UInt32DataValue"},"nsu=http://opcfoundation.org/UA/Plc/Applications;s=SlowRandomUIntScalar2":{"$ref":"#/definitions/org.github.microsoft.opcpublisher.UInt32DataValue"},"nsu=http://opcfoundation.org/UA/Plc/Applications;s=SlowRandomUIntScalar3":{"$ref":"#/definitions/org.github.microsoft.opcpublisher.UInt32DataValue"},"nsu=http://opcfoundation.org/UA/Plc/Applications;s=BadSlowRandomUIntScalar1":{"$ref":"#/definitions/org.github.microsoft.opcpublisher.UInt32DataValue"}}},"org.opcfoundation.UA.i_x61_14593":{"$id":"http://opcfoundation.org/UA/#i%3d14593","type":"object","properties":{"MajorVersion":{"$ref":"#/definitions/org.opcfoundation.UA.UInt32"},"MinorVersion":{"$ref":"#/definitions/org.opcfoundation.UA.UInt32"}}},"org.github.microsoft.opcpublisher.JsonDataSetMessage":{"$id":"http://github.org/microsoft/opcpublisher#JsonDataSetMessage","type":"object","properties":{"MetaDataVersion":{"$ref":"#/definitions/org.opcfoundation.UA.i_x61_14593"},"MessageType":{"$ref":"#/definitions/org.opcfoundation.UA.String"},"Payload":{"$ref":"#/definitions/org.github.microsoft.opcpublisher.DataSet"}},"required":["MetaDataVersion","MessageType","Payload"],"additionalProperties":false},"org.opcfoundation.UA.Double":{"$id":"http://opcfoundation.org/UA/#Double","title":"OPC UA built in type Double","type":"number","minimum":-1.7976931348623157E+308,"maximum":1.7976931348623157E+308,"default":0,"format":"double"},"org.github.microsoft.opcpublisher.DoubleDataValue":{"$id":"http://github.org/microsoft/opcpublisher#DoubleDataValue","title":"Dataset Field of Type Double","type":"object","properties":{"Value":{"$ref":"#/definitions/org.opcfoundation.UA.Double"},"Status":{"$ref":"#/definitions/org.opcfoundation.UA.StatusCode"},"SourceTimestamp":{"$ref":"#/definitions/org.opcfoundation.UA.DateTime"},"SourcePicoSeconds":{"$ref":"#/definitions/org.opcfoundation.UA.UInt16"},"ServerTimestamp":{"$ref":"#/definitions/org.opcfoundation.UA.DateTime"},"ServerPicoSeconds":{"$ref":"#/definitions/org.opcfoundation.UA.UInt16"}},"additionalProperties":false},"org.github.microsoft.opcpublisher.DataSet1":{"$id":"http://github.org/microsoft/opcpublisher#DataSet1","title":"DataSet1","type":"object","properties":{"nsu=http://opcfoundation.org/UA/Plc/Applications;s=SpikeData":{"$ref":"#/definitions/org.github.microsoft.opcpublisher.DoubleDataValue"}}},"org.github.microsoft.opcpublisher.JsonDataSetMessage1":{"$id":"http://github.org/microsoft/opcpublisher#JsonDataSetMessage1","type":"object","properties":{"MetaDataVersion":{"$ref":"#/definitions/org.opcfoundation.UA.i_x61_14593"},"MessageType":{"$ref":"#/definitions/org.opcfoundation.UA.String"},"Payload":{"$ref":"#/definitions/org.github.microsoft.opcpublisher.DataSet1"}},"required":["MetaDataVersion","MessageType","Payload"],"additionalProperties":false},"org.github.microsoft.opcpublisher.DataSets":{"$id":"http://github.org/microsoft/opcpublisher#DataSets","type":"object","oneOf":[{"$ref":"#/definitions/org.github.microsoft.opcpublisher.JsonDataSetMessage"},{"$ref":"#/definitions/org.github.microsoft.opcpublisher.JsonDataSetMessage1"}]},"org.opcfoundation.UA.Guid":{"$id":"http://opcfoundation.org/UA/#Guid","title":"OPC UA built in type Guid","type":"string","format":"uuid"},"org.github.microsoft.opcpublisher.PackagingNetworkMessage":{"$id":"http://github.org/microsoft/opcpublisher#PackagingNetworkMessage","type":"null","properties":{"MessageId":{"$ref":"#/definitions/org.opcfoundation.UA.String"},"MessageType":{"$ref":"#/definitions/org.opcfoundation.UA.String"},"PublisherId":{"$ref":"#/definitions/org.opcfoundation.UA.String"},"DataSetClassId":{"$ref":"#/definitions/org.opcfoundation.UA.Guid"},"DataSetWriterGroup":{"$ref":"#/definitions/org.opcfoundation.UA.String"},"Messages":{"type":"array","items":{"$ref":"#/definitions/org.github.microsoft.opcpublisher.DataSets"}}},"required":["MessageId","MessageType","PublisherId","DataSetClassId","DataSetWriterGroup","Messages"],"additionalProperties":false}}}