{"MessageId":"ef384924-f484-4025-8ed1-bc3e0b383f1a","MessageType":"ua-data","PublisherId":"DESKTOP-BGFJS91","DataSetWriterGroup":"<<UnknownWriterGroup>>","Messages":[{"DataSetWriterId":15,"SequenceNumber":8,"MetaDataVersion":{"MajorVersion":1},"Timestamp":"2024-04-27T10:50:30.8755254Z","MessageType":"ua-deltaframe","DataSetWriterName":"Assembly","Payload":{"nsu=http://opcfoundation.org/UA/Plc/Applications;s=SlowUIntScalar2":{"Value":8,"SourceTimestamp":"2024-04-27T10:50:29.2300668Z","ServerTimestamp":"2024-04-27T10:50:29.2300705Z"}}}]}