{"MessageId":"5ba164f6-a206-43bd-8f5b-f65234df1ad2","MessageType":"ua-data","PublisherId":"DESKTOP-BGFJS91","DataSetWriterGroup":"<<UnknownWriterGroup>>","Messages":[{"MetaDataVersion":{"MajorVersion":1},"MessageType":"ua-event","DataSetWriterName":"<<UnknownDataSet>>","Payload":{"EventId":{"Value":{"Type":15,"Body":"2FISDxEsgUGoiawgKEWzHQ=="}},"EventType":{"Value":{"Type":18,"Body":{"IdType":1,"Id":"ReferenceChange"}}},"SourceNode":{"Value":{"Type":17,"Body":{"Id":84}}},"Time":{"Value":{"Type":13,"Body":"2024-04-27T12:20:32.8570275Z"}},"Change":{"Value":{"Type":22,"Body":{"TypeId":{"Id":15182},"Body":{"ReferenceTypeId":{"Id":35},"IsForward":true,"NodeId":{"Id":85},"BrowseName":{"Name":"Objects"},"DisplayName":{"Text":"Objects"},"NodeClass":1,"TypeDefinition":{"Id":61}}}}}}}]}