{"MessageId":"ff9563b6-c882-4054-bbd2-889b3e549c01","MessageType":"ua-data","PublisherId":"DESKTOP-BGFJS91","DataSetWriterGroup":"<<UnknownWriterGroup>>","Messages":[{"MetaDataVersion":{"MajorVersion":1},"MessageType":"ua-event","DataSetWriterName":"<<UnknownDataSet>>","Payload":{"EventId":{"Value":{"Type":15,"Body":"x0lvSnlv+E+zYuv++20ggA=="}},"EventType":{"Value":{"Type":18,"Body":{"IdType":1,"Id":"NodeChange"}}},"SourceNode":{"Value":{"Type":17,"Body":{"Id":24226}}},"Time":{"Value":{"Type":13,"Body":"2024-04-27T12:20:33.0440588Z"}},"Change":{"Value":{"Type":22,"Body":{"TypeId":{"Id":15071},"Body":{"NodeId":{"Id":24226},"NodeClass":1,"BrowseName":{"Name":"Resources"},"DisplayName":{"Text":"Resources"},"RolePermissions":[],"UserRolePermissions":[],"References":[]}}}}}}]}