{"MessageId":"0f08824a-b088-4eb2-a9aa-d661d0de6fd6","MessageType":"ua-data","PublisherId":"DESKTOP-BGFJS91","DataSetWriterGroup":"<<UnknownWriterGroup>>","Messages":[{"MetaDataVersion":{"MajorVersion":1},"MessageType":"ua-event","DataSetWriterName":"<<UnknownDataSet>>","Payload":{"EventId":{"Value":{"Type":15,"Body":"da/r3Asoy0OSfegm6q3ThA=="}},"EventType":{"Value":{"Type":18,"Body":{"IdType":1,"Id":"NodeChange"}}},"SourceNode":{"Value":{"Type":17,"Body":{"IdType":1,"Id":"0:/Yellow","Namespace":15}}},"Time":{"Value":{"Type":13,"Body":"2024-04-27T12:20:33.0504595Z"}},"Change":{"Value":{"Type":22,"Body":{"TypeId":{"Id":15071},"Body":{"NodeId":{"IdType":1,"Id":"0:/Yellow","Namespace":15},"NodeClass":1,"BrowseName":{"Name":"Yellow","Uri":15},"DisplayName":{"Text":"Yellow"},"RolePermissions":[],"UserRolePermissions":[],"References":[],"EventNotifier":1}}}}}}]}