{"MessageId":"a42e9ff3-1d98-42d9-bf37-9e8909a5e68f","MessageType":"ua-data","PublisherId":"DESKTOP-BGFJS91","DataSetWriterGroup":"<<UnknownWriterGroup>>","Messages":[{"MetaDataVersion":{"MajorVersion":1},"MessageType":"ua-event","DataSetWriterName":"<<UnknownDataSet>>","Payload":{"EventId":{"Value":{"Type":15,"Body":"8DsZUikgSEiphZCsMts7ew=="}},"EventType":{"Value":{"Type":18,"Body":{"IdType":1,"Id":"ReferenceChange"}}},"SourceNode":{"Value":{"Type":17,"Body":{"Id":23470}}},"Time":{"Value":{"Type":13,"Body":"2024-04-27T12:20:33.0544047Z"}},"Change":{"Value":{"Type":22,"Body":{"TypeId":{"Id":15182},"Body":{"ReferenceTypeId":{"Id":35},"IsForward":true,"NodeId":{"Id":23488},"BrowseName":{"Name":"Topics"},"DisplayName":{"Text":"Topics"},"NodeClass":1,"TypeDefinition":{"Id":23456}}}}}}}]}