{"MessageId":"064182af-1969-462a-9558-c7277666d98e","MessageType":"ua-data","PublisherId":"DESKTOP-BGFJS91","DataSetWriterGroup":"<<UnknownWriterGroup>>","Messages":[{"MetaDataVersion":{"MajorVersion":1},"MessageType":"ua-event","DataSetWriterName":"<<UnknownDataSet>>","Payload":{"EventId":{"Value":{"Type":15,"Body":"ZMm7NVMHMEqNKTDiJrni+w=="}},"EventType":{"Value":{"Type":18,"Body":{"IdType":1,"Id":"ReferenceChange"}}},"SourceNode":{"Value":{"Type":17,"Body":{"Id":10157,"Namespace":2}}},"Time":{"Value":{"Type":13,"Body":"2024-04-27T12:20:33.0582488Z"}},"Change":{"Value":{"Type":22,"Body":{"TypeId":{"Id":15182},"Body":{"ReferenceTypeId":{"Id":47},"IsForward":true,"NodeId":{"Id":11383,"Namespace":2},"BrowseName":{"Name":"Conditions","Uri":2},"DisplayName":{"Text":"Conditions"},"NodeClass":1,"TypeDefinition":{"Id":61}}}}}}}]}