{"MessageId":"8f4f843c-8236-4923-98ae-76363cda0561","MessageType":"ua-data","PublisherId":"DESKTOP-BGFJS91","DataSetWriterGroup":"<<UnknownWriterGroup>>","Messages":[{"MetaDataVersion":{"MajorVersion":1},"MessageType":"ua-event","DataSetWriterName":"<<UnknownDataSet>>","Payload":{"EventId":{"Value":{"Type":15,"Body":"Bvrcoqaq/0WHEAdcln8Csw=="}},"EventType":{"Value":{"Type":18,"Body":{"IdType":1,"Id":"NodeChange"}}},"SourceNode":{"Value":{"Type":17,"Body":{"Id":375,"Namespace":7}}},"Time":{"Value":{"Type":13,"Body":"2024-04-27T12:20:33.0642919Z"}},"Change":{"Value":{"Type":22,"Body":{"TypeId":{"Id":15071},"Body":{"NodeId":{"Id":375,"Namespace":7},"NodeClass":1,"BrowseName":{"Name":"DriverOfTheMonth","Uri":7},"DisplayName":{"Text":"DriverOfTheMonth"},"RolePermissions":[],"UserRolePermissions":[],"References":[]}}}}}}]}