{"MessageId":"0025e5b7-adaf-479f-a743-590e29582dcf","MessageType":"ua-data","PublisherId":"DESKTOP-BGFJS91","DataSetWriterGroup":"<<UnknownWriterGroup>>","Messages":[{"MetaDataVersion":{"MajorVersion":1},"MessageType":"ua-event","DataSetWriterName":"<<UnknownDataSet>>","Payload":{"EventId":{"Value":{"Type":15,"Body":"IkwxtRAWnk26n4Qe1Acxdw=="}},"EventType":{"Value":{"Type":18,"Body":{"IdType":1,"Id":"ReferenceChange"}}},"SourceNode":{"Value":{"Type":17,"Body":{"Id":281,"Namespace":7}}},"Time":{"Value":{"Type":13,"Body":"2024-04-27T12:20:33.0644446Z"}},"Change":{"Value":{"Type":22,"Body":{"TypeId":{"Id":15182},"Body":{"ReferenceTypeId":{"Id":47},"IsForward":true,"NodeId":{"Id":283,"Namespace":7},"BrowseName":{"Name":"VehiclesInLot","Uri":7},"DisplayName":{"Text":"VehiclesInLot"},"NodeClass":2,"TypeDefinition":{"Id":63}}}}}}}]}