{"MessageId":"c5f19f9c-68e5-4466-a942-8e9cbea6d9bd","MessageType":"ua-data","PublisherId":"DESKTOP-BGFJS91","DataSetWriterGroup":"<<UnknownWriterGroup>>","Messages":[{"MetaDataVersion":{"MajorVersion":1},"MessageType":"ua-event","DataSetWriterName":"<<UnknownDataSet>>","Payload":{"EventId":{"Value":{"Type":15,"Body":"kgdYfq0hjE2lyyDR7YDU4Q=="}},"EventType":{"Value":{"Type":18,"Body":{"IdType":1,"Id":"NodeChange"}}},"SourceNode":{"Value":{"Type":17,"Body":{"IdType":1,"Id":"Area51","Namespace":9}}},"Time":{"Value":{"Type":13,"Body":"2024-04-27T12:20:33.0671344Z"}},"Change":{"Value":{"Type":22,"Body":{"TypeId":{"Id":15071},"Body":{"NodeId":{"IdType":1,"Id":"Area51","Namespace":9},"NodeClass":1,"BrowseName":{"Name":"Area51","Uri":9},"DisplayName":{"Text":"Area51"},"RolePermissions":[],"UserRolePermissions":[],"References":[],"EventNotifier":13}}}}}}]}