{"MessageId":"1a5c881f-4061-4079-ae03-30bc188dfac6","MessageType":"ua-data","PublisherId":"DESKTOP-BGFJS91","DataSetWriterGroup":"<<UnknownWriterGroup>>","Messages":[{"MetaDataVersion":{"MajorVersion":1},"MessageType":"ua-event","DataSetWriterName":"<<UnknownDataSet>>","Payload":{"EventId":{"Value":{"Type":15,"Body":"u/nHKBAPJUSBbl64BcOeXQ=="}},"EventType":{"Value":{"Type":18,"Body":{"IdType":1,"Id":"ReferenceChange"}}},"SourceNode":{"Value":{"Type":17,"Body":{"Id":303,"Namespace":9}}},"Time":{"Value":{"Type":13,"Body":"2024-04-27T12:20:33.0672938Z"}},"Change":{"Value":{"Type":22,"Body":{"TypeId":{"Id":15182},"Body":{"ReferenceTypeId":{"Id":48},"IsForward":true,"NodeId":{"IdType":1,"Id":"Area99","Namespace":9},"BrowseName":{"Name":"Area99","Uri":9},"DisplayName":{"Text":"Area99"},"NodeClass":1,"TypeDefinition":{"Id":61}}}}}}}]}