{"MessageId":"4e772dce-5fcb-4e6f-8aa5-2a47cdbf3966","MessageType":"ua-data","PublisherId":"DESKTOP-BGFJS91","DataSetWriterGroup":"<<UnknownWriterGroup>>","Messages":[{"MetaDataVersion":{"MajorVersion":1},"MessageType":"ua-event","DataSetWriterName":"<<UnknownDataSet>>","Payload":{"EventId":{"Value":{"Type":15,"Body":"4kbNqm/Z4UOVjberc93DWg=="}},"EventType":{"Value":{"Type":18,"Body":{"IdType":1,"Id":"ReferenceChange"}}},"SourceNode":{"Value":{"Type":17,"Body":{"Id":442,"Namespace":11}}},"Time":{"Value":{"Type":13,"Body":"2024-04-27T12:20:33.0699423Z"}},"Change":{"Value":{"Type":22,"Body":{"TypeId":{"Id":15182},"Body":{"ReferenceTypeId":{"Id":35},"IsForward":true,"NodeId":{"IdType":1,"Id":"0:Boiler #2","Namespace":11},"BrowseName":{"Name":"Boiler #2","Uri":11},"DisplayName":{"Text":"Boiler #2"},"NodeClass":1,"TypeDefinition":{"Id":390,"Namespace":11}}}}}}}]}