{"MessageId":"178118e3-e5a9-48ae-b2ed-6028469ce2f3","MessageType":"ua-data","PublisherId":"DESKTOP-BGFJS91","DataSetWriterGroup":"<<UnknownWriterGroup>>","Messages":[{"MetaDataVersion":{"MajorVersion":1},"MessageType":"ua-event","DataSetWriterName":"<<UnknownDataSet>>","Payload":{"EventId":{"Value":{"Type":15,"Body":"vGQzJyV1tUWzPyn27ABwFw=="}},"EventType":{"Value":{"Type":18,"Body":{"IdType":1,"Id":"NodeChange"}}},"SourceNode":{"Value":{"Type":17,"Body":{"IdType":1,"Id":"UInt32","Namespace":22}}},"Time":{"Value":{"Type":13,"Body":"2024-04-27T12:20:33.0737243Z"}},"Change":{"Value":{"Type":22,"Body":{"TypeId":{"Id":15071},"Body":{"NodeId":{"IdType":1,"Id":"UInt32","Namespace":22},"NodeClass":1,"BrowseName":{"Name":"UInt32","Uri":22},"DisplayName":{"Text":"UInt32"},"RolePermissions":[],"UserRolePermissions":[],"References":[]}}}}}}]}