{"MessageId":"3d33ecef-0a87-46b9-8dc9-1d3ad640d098","MessageType":"ua-data","PublisherId":"DESKTOP-BGFJS91","DataSetWriterGroup":"<<UnknownWriterGroup>>","Messages":[{"MetaDataVersion":{"MajorVersion":1},"MessageType":"ua-event","DataSetWriterName":"<<UnknownDataSet>>","Payload":{"EventId":{"Value":{"Type":15,"Body":"z9gUq/bMnEKtJfxXXxpF6g=="}},"EventType":{"Value":{"Type":18,"Body":{"IdType":1,"Id":"NodeChange"}}},"SourceNode":{"Value":{"Type":17,"Body":{"IdType":1,"Id":"Double","Namespace":22}}},"Time":{"Value":{"Type":13,"Body":"2024-04-27T12:20:33.074963Z"}},"Change":{"Value":{"Type":22,"Body":{"TypeId":{"Id":15071},"Body":{"NodeId":{"IdType":1,"Id":"Double","Namespace":22},"NodeClass":1,"BrowseName":{"Name":"Double","Uri":22},"DisplayName":{"Text":"Double"},"RolePermissions":[],"UserRolePermissions":[],"References":[]}}}}}}]}