{"MessageId":"7cd1eb24-5436-425c-b801-223ca7446c32","MessageType":"ua-data","PublisherId":"DESKTOP-BGFJS91","DataSetWriterGroup":"<<UnknownWriterGroup>>","Messages":[{"MetaDataVersion":{"MajorVersion":1},"MessageType":"ua-event","DataSetWriterName":"<<UnknownDataSet>>","Payload":{"EventId":{"Value":{"Type":15,"Body":"hV+tJ4SaL0yVa1Zapag4Vg=="}},"EventType":{"Value":{"Type":18,"Body":{"IdType":1,"Id":"NodeChange"}}},"SourceNode":{"Value":{"Type":17,"Body":{"IdType":1,"Id":"DataAccess","Namespace":8}}},"Time":{"Value":{"Type":13,"Body":"2024-04-27T12:20:33.08182Z"}},"Change":{"Value":{"Type":22,"Body":{"TypeId":{"Id":15071},"Body":{"NodeId":{"IdType":1,"Id":"DataAccess","Namespace":8},"NodeClass":1,"BrowseName":{"Name":"DataAccess","Uri":8},"DisplayName":{"Text":"DataAccess","Locale":"en"},"RolePermissions":[],"UserRolePermissions":[],"References":[]}}}}}}]}