{"MessageId":"14a8c4bb-9419-4635-8002-3bee8e285ccb","MessageType":"ua-data","PublisherId":"DESKTOP-BGFJS91","DataSetWriterGroup":"<<UnknownWriterGroup>>","Messages":[{"MetaDataVersion":{"MajorVersion":1},"MessageType":"ua-event","DataSetWriterName":"<<UnknownDataSet>>","Payload":{"EventId":{"Value":{"Type":15,"Body":"fZI7WUL+oUGYn5y1BFYFbg=="}},"EventType":{"Value":{"Type":18,"Body":{"IdType":1,"Id":"ReferenceChange"}}},"SourceNode":{"Value":{"Type":17,"Body":{"IdType":1,"Id":"CTT","Namespace":8}}},"Time":{"Value":{"Type":13,"Body":"2024-04-27T12:20:33.0819936Z"}},"Change":{"Value":{"Type":22,"Body":{"TypeId":{"Id":15182},"Body":{"ReferenceTypeId":{"Id":35},"IsForward":true,"NodeId":{"IdType":1,"Id":"References","Namespace":8},"BrowseName":{"Name":"References","Uri":8},"DisplayName":{"Text":"References","Locale":"en"},"NodeClass":1,"TypeDefinition":{"Id":61}}}}}}}]}