{"MessageId":"d72335b0-2b9d-458e-ae7c-5440ba352715","MessageType":"ua-data","PublisherId":"DESKTOP-BGFJS91","DataSetWriterGroup":"<<UnknownWriterGroup>>","Messages":[{"MetaDataVersion":{"MajorVersion":1},"MessageType":"ua-event","DataSetWriterName":"<<UnknownDataSet>>","Payload":{"EventId":{"Value":{"Type":15,"Body":"+qQp0pc8vk+Q5aWqRpOigQ=="}},"EventType":{"Value":{"Type":18,"Body":{"IdType":1,"Id":"NodeChange"}}},"SourceNode":{"Value":{"Type":17,"Body":{"IdType":1,"Id":"NodeIds","Namespace":8}}},"Time":{"Value":{"Type":13,"Body":"2024-04-27T12:20:33.0863475Z"}},"Change":{"Value":{"Type":22,"Body":{"TypeId":{"Id":15071},"Body":{"NodeId":{"IdType":1,"Id":"NodeIds","Namespace":8},"NodeClass":1,"BrowseName":{"Name":"NodeIds","Uri":8},"DisplayName":{"Text":"NodeIds","Locale":"en"},"RolePermissions":[],"UserRolePermissions":[],"References":[]}}}}}}]}