{"MessageId":"8ea46242-530e-40fc-b22c-599e1d68c1de","MessageType":"ua-data","PublisherId":"DESKTOP-BGFJS91","DataSetWriterGroup":"<<UnknownWriterGroup>>","Messages":[{"MetaDataVersion":{"MajorVersion":1},"MessageType":"ua-event","DataSetWriterName":"<<UnknownDataSet>>","Payload":{"EventId":{"Value":{"Type":15,"Body":"JMHyRPs4oE6zVU2ibiPBEw=="}},"EventType":{"Value":{"Type":18,"Body":{"IdType":1,"Id":"NodeChange"}}},"SourceNode":{"Value":{"Type":17,"Body":{"IdType":1,"Id":"Methods","Namespace":8}}},"Time":{"Value":{"Type":13,"Body":"2024-04-27T12:20:33.0877065Z"}},"Change":{"Value":{"Type":22,"Body":{"TypeId":{"Id":15071},"Body":{"NodeId":{"IdType":1,"Id":"Methods","Namespace":8},"NodeClass":1,"BrowseName":{"Name":"Methods","Uri":8},"DisplayName":{"Text":"Methods","Locale":"en"},"RolePermissions":[],"UserRolePermissions":[],"References":[]}}}}}}]}