{"MessageId":"abfd004d-bd05-445a-a05c-6b375071711c","MessageType":"ua-data","PublisherId":"DESKTOP-BGFJS91","DataSetWriterGroup":"<<UnknownWriterGroup>>","Messages":[{"MetaDataVersion":{"MajorVersion":1},"MessageType":"ua-event","DataSetWriterName":"<<UnknownDataSet>>","Payload":{"EventId":{"Value":{"Type":15,"Body":"kcvii1sdRUqEgCE8W/OvQA=="}},"EventType":{"Value":{"Type":18,"Body":{"IdType":1,"Id":"NodeChange"}}},"SourceNode":{"Value":{"Type":17,"Body":{"IdType":1,"Id":"Views","Namespace":8}}},"Time":{"Value":{"Type":13,"Body":"2024-04-27T12:20:33.0891606Z"}},"Change":{"Value":{"Type":22,"Body":{"TypeId":{"Id":15071},"Body":{"NodeId":{"IdType":1,"Id":"Views","Namespace":8},"NodeClass":1,"BrowseName":{"Name":"Views","Uri":8},"DisplayName":{"Text":"Views","Locale":"en"},"RolePermissions":[],"UserRolePermissions":[],"References":[]}}}}}}]}