{"MessageId":"7295fbd0-52ed-44f2-9b81-aa6892cf7ca2","MessageType":"ua-data","PublisherId":"DESKTOP-BGFJS91","DataSetWriterGroup":"<<UnknownWriterGroup>>","Messages":[{"MetaDataVersion":{"MajorVersion":1},"MessageType":"ua-event","DataSetWriterName":"<<UnknownDataSet>>","Payload":{"EventId":{"Value":{"Type":15,"Body":"uhOKYTi6dEyG1FbmM1c46Q=="}},"EventType":{"Value":{"Type":18,"Body":{"IdType":1,"Id":"NodeChange"}}},"SourceNode":{"Value":{"Type":17,"Body":{"IdType":1,"Id":"Locales","Namespace":8}}},"Time":{"Value":{"Type":13,"Body":"2024-04-27T12:20:33.0905514Z"}},"Change":{"Value":{"Type":22,"Body":{"TypeId":{"Id":15071},"Body":{"NodeId":{"IdType":1,"Id":"Locales","Namespace":8},"NodeClass":1,"BrowseName":{"Name":"Locales","Uri":8},"DisplayName":{"Text":"Locales","Locale":"en"},"RolePermissions":[],"UserRolePermissions":[],"References":[]}}}}}}]}