{"MessageId":"92901db9-6e54-44bd-965d-06bd76f3765d","MessageType":"ua-data","PublisherId":"DESKTOP-BGFJS91","DataSetWriterGroup":"<<UnknownWriterGroup>>","Messages":[{"MetaDataVersion":{"MajorVersion":1},"MessageType":"ua-event","DataSetWriterName":"<<UnknownDataSet>>","Payload":{"EventId":{"Value":{"Type":15,"Body":"UWDra5a/ok+9RBemkPp82A=="}},"EventType":{"Value":{"Type":18,"Body":{"IdType":1,"Id":"ReferenceChange"}}},"SourceNode":{"Value":{"Type":17,"Body":{"IdType":1,"Id":"CTT","Namespace":8}}},"Time":{"Value":{"Type":13,"Body":"2024-04-27T12:20:33.0907087Z"}},"Change":{"Value":{"Type":22,"Body":{"TypeId":{"Id":15182},"Body":{"ReferenceTypeId":{"Id":35},"IsForward":true,"NodeId":{"IdType":1,"Id":"Attributes","Namespace":8},"BrowseName":{"Name":"Attributes","Uri":8},"DisplayName":{"Text":"Attributes","Locale":"en"},"NodeClass":1,"TypeDefinition":{"Id":61}}}}}}}]}