{"MessageId":"df7580e9-e376-4263-8d66-9515785edffb","MessageType":"ua-data","PublisherId":"DESKTOP-BGFJS91","DataSetWriterGroup":"<<UnknownWriterGroup>>","Messages":[{"MetaDataVersion":{"MajorVersion":1},"MessageType":"ua-event","DataSetWriterName":"<<UnknownDataSet>>","Payload":{"EventId":{"Value":{"Type":15,"Body":"ww5IpQXDHU2P986SuvxjKg=="}},"EventType":{"Value":{"Type":18,"Body":{"IdType":1,"Id":"NodeChange"}}},"SourceNode":{"Value":{"Type":17,"Body":{"IdType":1,"Id":"MyCompany","Namespace":8}}},"Time":{"Value":{"Type":13,"Body":"2024-04-27T12:20:33.0934196Z"}},"Change":{"Value":{"Type":22,"Body":{"TypeId":{"Id":15071},"Body":{"NodeId":{"IdType":1,"Id":"MyCompany","Namespace":8},"NodeClass":1,"BrowseName":{"Name":"MyCompany","Uri":8},"DisplayName":{"Text":"MyCompany","Locale":"en"},"RolePermissions":[],"UserRolePermissions":[],"References":[]}}}}}}]}