{"MessageId":"6097ea85-487d-4f0a-b17f-0b9e2d4e3333","MessageType":"ua-data","PublisherId":"DESKTOP-BGFJS91","DataSetWriterGroup":"<<UnknownWriterGroup>>","Messages":[{"MetaDataVersion":{"MajorVersion":1},"MessageType":"ua-event","DataSetWriterName":"<<UnknownDataSet>>","Payload":{"EventId":{"Value":{"Type":15,"Body":"axGGPsFJTU2M8mQQ01NGbA=="}},"EventType":{"Value":{"Type":18,"Body":{"IdType":1,"Id":"NodeChange"}}},"SourceNode":{"Value":{"Type":17,"Body":{"IdType":1,"Id":"0:Assets/Sensors","Namespace":14}}},"Time":{"Value":{"Type":13,"Body":"2024-04-27T12:20:33.0961798Z"}},"Change":{"Value":{"Type":22,"Body":{"TypeId":{"Id":15071},"Body":{"NodeId":{"IdType":1,"Id":"0:Assets/Sensors","Namespace":14},"NodeClass":1,"BrowseName":{"Name":"Sensors","Uri":14},"DisplayName":{"Text":"Sensors"},"RolePermissions":[],"UserRolePermissions":[],"References":[]}}}}}}]}