{"MessageId":"cf91f20f-5d6f-45c8-83cc-d0d646548a8b","MessageType":"ua-data","PublisherId":"DESKTOP-BGFJS91","DataSetWriterGroup":"<<UnknownWriterGroup>>","Messages":[{"MetaDataVersion":{"MajorVersion":1},"MessageType":"ua-event","DataSetWriterName":"<<UnknownDataSet>>","Payload":{"EventId":{"Value":{"Type":15,"Body":"JuI5ImHgmkq/3QZLLs3X6Q=="}},"EventType":{"Value":{"Type":18,"Body":{"IdType":1,"Id":"ReferenceChange"}}},"SourceNode":{"Value":{"Type":17,"Body":{"IdType":1,"Id":"0:Factory","Namespace":14}}},"Time":{"Value":{"Type":13,"Body":"2024-04-27T12:20:33.0978295Z"}},"Change":{"Value":{"Type":22,"Body":{"TypeId":{"Id":15182},"Body":{"ReferenceTypeId":{"Id":35},"IsForward":true,"NodeId":{"IdType":1,"Id":"0:Factory/East","Namespace":14},"BrowseName":{"Name":"East","Uri":14},"DisplayName":{"Text":"East"},"NodeClass":1,"TypeDefinition":{"Id":61}}}}}}}]}