{"MessageId":"47afad8c-065d-42bc-98ec-f5203f6c9140","MessageType":"ua-data","PublisherId":"DESKTOP-BGFJS91","DataSetWriterGroup":"<<UnknownWriterGroup>>","Messages":[{"MetaDataVersion":{"MajorVersion":1},"MessageType":"ua-event","DataSetWriterName":"<<UnknownDataSet>>","Payload":{"EventId":{"Value":{"Type":15,"Body":"f0VPtWeRoUu9uiLGqMgvCA=="}},"EventType":{"Value":{"Type":18,"Body":{"IdType":1,"Id":"ReferenceChange"}}},"SourceNode":{"Value":{"Type":17,"Body":{"IdType":1,"Id":"0:TestData","Namespace":14}}},"Time":{"Value":{"Type":13,"Body":"2024-04-27T12:20:33.1005287Z"}},"Change":{"Value":{"Type":22,"Body":{"TypeId":{"Id":15182},"Body":{"ReferenceTypeId":{"Id":35},"IsForward":true,"NodeId":{"IdType":1,"Id":"0:TestData/Static","Namespace":14},"BrowseName":{"Name":"Static","Uri":14},"DisplayName":{"Text":"Static"},"NodeClass":1,"TypeDefinition":{"Id":61}}}}}}}]}