{"MessageId":"7f7f87f6-9e67-463e-ae84-9140b4d11d8f","MessageType":"ua-data","PublisherId":"DESKTOP-BGFJS91","DataSetWriterGroup":"<<UnknownWriterGroup>>","Messages":[{"MetaDataVersion":{"MajorVersion":1},"MessageType":"ua-event","DataSetWriterName":"<<UnknownDataSet>>","Payload":{"EventId":{"Value":{"Type":15,"Body":"tAaKjyYuvUuOF765tL86hA=="}},"EventType":{"Value":{"Type":18,"Body":{"IdType":1,"Id":"NodeChange"}}},"SourceNode":{"Value":{"Type":17,"Body":{"IdType":1,"Id":"0:TestData/Static","Namespace":14}}},"Time":{"Value":{"Type":13,"Body":"2024-04-27T12:20:33.1017701Z"}},"Change":{"Value":{"Type":22,"Body":{"TypeId":{"Id":15071},"Body":{"NodeId":{"IdType":1,"Id":"0:TestData/Static","Namespace":14},"NodeClass":1,"BrowseName":{"Name":"Static","Uri":14},"DisplayName":{"Text":"Static"},"RolePermissions":[],"UserRolePermissions":[],"References":[]}}}}}}]}