{"MessageId":"78fae5f5-d86f-41b9-a809-b17baefce5de","MessageType":"ua-data","PublisherId":"DESKTOP-BGFJS91","DataSetWriterGroup":"<<UnknownWriterGroup>>","Messages":[{"MetaDataVersion":{"MajorVersion":1},"MessageType":"ua-event","DataSetWriterName":"<<UnknownDataSet>>","Payload":{"EventId":{"Value":{"Type":15,"Body":"UQEI7UyJw0aBzOFQQfyRRA=="}},"EventType":{"Value":{"Type":18,"Body":{"IdType":1,"Id":"NodeChange"}}},"SourceNode":{"Value":{"Type":17,"Body":{"IdType":1,"Id":"Telemetry","Namespace":17}}},"Time":{"Value":{"Type":13,"Body":"2024-04-27T12:20:33.1033027Z"}},"Change":{"Value":{"Type":22,"Body":{"TypeId":{"Id":15071},"Body":{"NodeId":{"IdType":1,"Id":"Telemetry","Namespace":17},"NodeClass":1,"BrowseName":{"Name":"Telemetry","Uri":17},"DisplayName":{"Text":"Telemetry","Locale":"en"},"RolePermissions":[],"UserRolePermissions":[],"References":[]}}}}}}]}