{"MessageId":"1761c068-9fa5-4064-9033-d252ef0cccdd","MessageType":"ua-data","PublisherId":"DESKTOP-BGFJS91","DataSetWriterGroup":"<<UnknownWriterGroup>>","Messages":[{"MetaDataVersion":{"MajorVersion":1},"MessageType":"ua-event","DataSetWriterName":"<<UnknownDataSet>>","Payload":{"EventId":{"Value":{"Type":15,"Body":"6VkueMVyS0i7AObB/tfmhA=="}},"EventType":{"Value":{"Type":18,"Body":{"IdType":1,"Id":"ReferenceChange"}}},"SourceNode":{"Value":{"Type":17,"Body":{"IdType":1,"Id":"OpcPlc","Namespace":17}}},"Time":{"Value":{"Type":13,"Body":"2024-04-27T12:20:33.1049621Z"}},"Change":{"Value":{"Type":22,"Body":{"TypeId":{"Id":15182},"Body":{"ReferenceTypeId":{"Id":35},"IsForward":true,"NodeId":{"IdType":1,"Id":"SimulatorConfiguration","Namespace":17},"BrowseName":{"Name":"SimulatorConfiguration","Uri":17},"DisplayName":{"Text":"SimulatorConfiguration","Locale":"en"},"NodeClass":1,"TypeDefinition":{"Id":61}}}}}}}]}