{"MessageId":"a8eff36a-a21a-409e-b8d6-5e020241deb8","MessageType":"ua-data","PublisherId":"DESKTOP-BGFJS91","DataSetWriterGroup":"<<UnknownWriterGroup>>","Messages":[{"MetaDataVersion":{"MajorVersion":1},"MessageType":"ua-event","DataSetWriterName":"<<UnknownDataSet>>","Payload":{"EventId":{"Value":{"Type":15,"Body":"AVensSNGm0Wvfv2fJX51OA=="}},"EventType":{"Value":{"Type":18,"Body":{"IdType":1,"Id":"ReferenceChange"}}},"SourceNode":{"Value":{"Type":17,"Body":{"Id":88}}},"Time":{"Value":{"Type":13,"Body":"2024-04-27T12:20:33.1063773Z"}},"Change":{"Value":{"Type":22,"Body":{"TypeId":{"Id":15182},"Body":{"ReferenceTypeId":{"Id":35},"IsForward":true,"NodeId":{"Id":58},"BrowseName":{"Name":"BaseObjectType"},"DisplayName":{"Text":"BaseObjectType"},"NodeClass":8}}}}}}]}