{"MessageId":"89f7dab1-594f-49cf-b2e4-bcf4790adf0b","MessageType":"ua-data","PublisherId":"DESKTOP-BGFJS91","DataSetWriterGroup":"<<UnknownWriterGroup>>","Messages":[{"MetaDataVersion":{"MajorVersion":1},"MessageType":"ua-event","DataSetWriterName":"<<UnknownDataSet>>","Payload":{"EventId":{"Value":{"Type":15,"Body":"fo/aQfdW5E6uL/Ln/kA6iw=="}},"EventType":{"Value":{"Type":18,"Body":{"IdType":1,"Id":"ReferenceChange"}}},"SourceNode":{"Value":{"Type":17,"Body":{"Id":85}}},"Time":{"Value":{"Type":13,"Body":"2024-04-27T12:20:32.9139981Z"}},"Change":{"Value":{"Type":22,"Body":{"TypeId":{"Id":15182},"Body":{"ReferenceTypeId":{"Id":35},"IsForward":true,"NodeId":{"Id":442,"Namespace":11},"BrowseName":{"Name":"Plant","Uri":11},"DisplayName":{"Text":"Plant"},"NodeClass":1,"TypeDefinition":{"Id":61}}}}}}}]}