{"MessageId":"f87724e6-16bd-4a00-9657-ed9682501dce","MessageType":"ua-data","PublisherId":"DESKTOP-BGFJS91","DataSetWriterGroup":"<<UnknownWriterGroup>>","Messages":[{"MetaDataVersion":{"MajorVersion":1},"MessageType":"ua-event","DataSetWriterName":"<<UnknownDataSet>>","Payload":{"EventId":{"Value":{"Type":15,"Body":"e/DTPGeebkKJMNz+tCOdpw=="}},"EventType":{"Value":{"Type":18,"Body":{"IdType":1,"Id":"NodeChange"}}},"SourceNode":{"Value":{"Type":17,"Body":{"Id":24}}},"Time":{"Value":{"Type":13,"Body":"2024-04-27T12:20:33.1103394Z"}},"Change":{"Value":{"Type":22,"Body":{"TypeId":{"Id":15079},"Body":{"NodeId":{"Id":24},"NodeClass":64,"BrowseName":{"Name":"BaseDataType"},"DisplayName":{"Text":"BaseDataType"},"RolePermissions":[],"UserRolePermissions":[],"References":[],"IsAbstract":true}}}}}}]}