{"MessageId":"7dd03894-8db4-4cd1-bd26-233f622de1df","MessageType":"ua-data","PublisherId":"DESKTOP-BGFJS91","DataSetWriterGroup":"<<UnknownWriterGroup>>","Messages":[{"MetaDataVersion":{"MajorVersion":1},"MessageType":"ua-event","DataSetWriterName":"<<UnknownDataSet>>","Payload":{"EventId":{"Value":{"Type":15,"Body":"vZVptEhnGkScjxhRT4uhAw=="}},"EventType":{"Value":{"Type":18,"Body":{"IdType":1,"Id":"ReferenceChange"}}},"SourceNode":{"Value":{"Type":17,"Body":{"Id":90}}},"Time":{"Value":{"Type":13,"Body":"2024-04-27T12:20:33.1105038Z"}},"Change":{"Value":{"Type":22,"Body":{"TypeId":{"Id":15182},"Body":{"ReferenceTypeId":{"Id":35},"IsForward":true,"NodeId":{"Id":92},"BrowseName":{"Name":"XML Schema"},"DisplayName":{"Text":"XML Schema"},"NodeClass":1,"TypeDefinition":{"Id":75}}}}}}}]}