{"MessageId":"1870e23c-591f-4e93-9d9e-8a6312407165","MessageType":"ua-data","PublisherId":"DESKTOP-BGFJS91","DataSetWriterGroup":"<<UnknownWriterGroup>>","Messages":[{"MetaDataVersion":{"MajorVersion":1},"MessageType":"ua-event","DataSetWriterName":"<<UnknownDataSet>>","Payload":{"EventId":{"Value":{"Type":15,"Body":"SMSqyJPC80CqX5ky11bqMA=="}},"EventType":{"Value":{"Type":18,"Body":{"IdType":1,"Id":"NodeChange"}}},"SourceNode":{"Value":{"Type":17,"Body":{"Id":92}}},"Time":{"Value":{"Type":13,"Body":"2024-04-27T12:20:33.1116723Z"}},"Change":{"Value":{"Type":22,"Body":{"TypeId":{"Id":15071},"Body":{"NodeId":{"Id":92},"NodeClass":1,"BrowseName":{"Name":"XML Schema"},"DisplayName":{"Text":"XML Schema"},"Description":{"Text":"A type system which uses XML schema to describe the encoding of data types."},"RolePermissions":[],"UserRolePermissions":[],"References":[]}}}}}}]}