{"MessageId":"61ba58ce-37f2-4fd2-8835-3c03cf1e3eff","MessageType":"ua-data","PublisherId":"DESKTOP-BGFJS91","DataSetWriterGroup":"<<UnknownWriterGroup>>","Messages":[{"MetaDataVersion":{"MajorVersion":1},"MessageType":"ua-event","DataSetWriterName":"<<UnknownDataSet>>","Payload":{"EventId":{"Value":{"Type":15,"Body":"EbjgWcIKckWkp4fUcKgiBQ=="}},"EventType":{"Value":{"Type":18,"Body":{"IdType":1,"Id":"ReferenceChange"}}},"SourceNode":{"Value":{"Type":17,"Body":{"Id":3048}}},"Time":{"Value":{"Type":13,"Body":"2024-04-27T12:20:33.1146281Z"}},"Change":{"Value":{"Type":22,"Body":{"TypeId":{"Id":15182},"Body":{"ReferenceTypeId":{"Id":35},"IsForward":true,"NodeId":{"Id":2041},"BrowseName":{"Name":"BaseEventType"},"DisplayName":{"Text":"BaseEventType"},"NodeClass":8}}}}}}]}