{"MessageId":"91dd03d8-45db-4946-8240-0d3fad54e95b","MessageType":"ua-data","PublisherId":"DESKTOP-BGFJS91","DataSetWriterGroup":"<<UnknownWriterGroup>>","Messages":[{"MetaDataVersion":{"MajorVersion":1},"MessageType":"ua-event","DataSetWriterName":"<<UnknownDataSet>>","Payload":{"EventId":{"Value":{"Type":15,"Body":"quPkEex6YUK/VrCP5cSBMg=="}},"EventType":{"Value":{"Type":18,"Body":{"IdType":1,"Id":"NodeChange"}}},"SourceNode":{"Value":{"Type":17,"Body":{"Id":2041}}},"Time":{"Value":{"Type":13,"Body":"2024-04-27T12:20:33.1158535Z"}},"Change":{"Value":{"Type":22,"Body":{"TypeId":{"Id":15073},"Body":{"NodeId":{"Id":2041},"NodeClass":8,"BrowseName":{"Name":"BaseEventType"},"DisplayName":{"Text":"BaseEventType"},"RolePermissions":[],"UserRolePermissions":[],"References":[],"IsAbstract":true}}}}}}]}