{"MessageId":"9a023d62-71b8-4875-9611-b7c3a009a053","MessageType":"ua-data","PublisherId":"DESKTOP-BGFJS91","DataSetWriterGroup":"<<UnknownWriterGroup>>","Messages":[{"MetaDataVersion":{"MajorVersion":1},"MessageType":"ua-event","DataSetWriterName":"<<UnknownDataSet>>","Payload":{"EventId":{"Value":{"Type":15,"Body":"q9/G3gbFqEWFzTXFPNwZjg=="}},"EventType":{"Value":{"Type":18,"Body":{"IdType":1,"Id":"NodeChange"}}},"SourceNode":{"Value":{"Type":17,"Body":{"IdType":1,"Id":"Scalar_Static_Mass","Namespace":8}}},"Time":{"Value":{"Type":13,"Body":"2024-04-27T12:20:33.1202335Z"}},"Change":{"Value":{"Type":22,"Body":{"TypeId":{"Id":15071},"Body":{"NodeId":{"IdType":1,"Id":"Scalar_Static_Mass","Namespace":8},"NodeClass":1,"BrowseName":{"Name":"Scalar_Static_Mass","Uri":8},"DisplayName":{"Text":"Mass","Locale":"en"},"RolePermissions":[],"UserRolePermissions":[],"References":[]}}}}}}]}