{"MessageId":"fc2e75f6-41a9-42a5-b681-7d7777661292","MessageType":"ua-data","PublisherId":"DESKTOP-BGFJS91","DataSetWriterGroup":"<<UnknownWriterGroup>>","Messages":[{"MetaDataVersion":{"MajorVersion":1},"MessageType":"ua-event","DataSetWriterName":"<<UnknownDataSet>>","Payload":{"EventId":{"Value":{"Type":15,"Body":"hsZcpdFZNEazusIsoKB4HA=="}},"EventType":{"Value":{"Type":18,"Body":{"IdType":1,"Id":"ReferenceChange"}}},"SourceNode":{"Value":{"Type":17,"Body":{"Id":2256}}},"Time":{"Value":{"Type":13,"Body":"2024-04-27T12:20:33.1782944Z"}},"Change":{"Value":{"Type":22,"Body":{"TypeId":{"Id":15182},"Body":{"ReferenceTypeId":{"Id":47},"IsForward":true,"NodeId":{"Id":2993},"BrowseName":{"Name":"ShutdownReason"},"DisplayName":{"Text":"ShutdownReason"},"NodeClass":2,"TypeDefinition":{"Id":63}}}}}}}]}