{"MessageId":"49cff421-5a97-402a-a640-b709bf773cc1","MessageType":"ua-data","PublisherId":"DESKTOP-BGFJS91","DataSetWriterGroup":"<<UnknownWriterGroup>>","Messages":[{"MetaDataVersion":{"MajorVersion":1},"MessageType":"ua-event","DataSetWriterName":"<<UnknownDataSet>>","Payload":{"EventId":{"Value":{"Type":15,"Body":"Hbb5vbYRW0mDuvz2gtGhDg=="}},"EventType":{"Value":{"Type":18,"Body":{"IdType":1,"Id":"ReferenceChange"}}},"SourceNode":{"Value":{"Type":17,"Body":{"Id":85}}},"Time":{"Value":{"Type":13,"Body":"2024-04-27T12:20:32.9184548Z"}},"Change":{"Value":{"Type":22,"Body":{"TypeId":{"Id":15182},"Body":{"ReferenceTypeId":{"Id":35},"IsForward":true,"NodeId":{"Id":1025,"Namespace":21},"BrowseName":{"Name":"MemoryBuffers","Uri":21},"DisplayName":{"Text":"MemoryBuffers"},"NodeClass":1,"TypeDefinition":{"Id":61}}}}}}}]}