{"MessageId":"8660653e-e205-4a82-bf31-95909df8d182","MessageType":"ua-data","PublisherId":"DESKTOP-BGFJS91","DataSetWriterGroup":"<<UnknownWriterGroup>>","Messages":[{"MetaDataVersion":{"MajorVersion":1},"MessageType":"ua-event","DataSetWriterName":"<<UnknownDataSet>>","Payload":{"EventId":{"Value":{"Type":15,"Body":"AtlIMEsLPEeRv/J30LfIhQ=="}},"EventType":{"Value":{"Type":18,"Body":{"IdType":1,"Id":"NodeChange"}}},"SourceNode":{"Value":{"Type":17,"Body":{"Id":1025,"Namespace":21}}},"Time":{"Value":{"Type":13,"Body":"2024-04-27T12:20:32.9199362Z"}},"Change":{"Value":{"Type":22,"Body":{"TypeId":{"Id":15071},"Body":{"NodeId":{"Id":1025,"Namespace":21},"NodeClass":1,"BrowseName":{"Name":"MemoryBuffers","Uri":21},"DisplayName":{"Text":"MemoryBuffers"},"RolePermissions":[],"UserRolePermissions":[],"References":[]}}}}}}]}