{"MessageId":"c7f50453-4ed8-47e3-b047-176bc12cffdd","MessageType":"ua-data","PublisherId":"DESKTOP-BGFJS91","DataSetWriterGroup":"<<UnknownWriterGroup>>","Messages":[{"MetaDataVersion":{"MajorVersion":1},"MessageType":"ua-event","DataSetWriterName":"<<UnknownDataSet>>","Payload":{"EventId":{"Value":{"Type":15,"Body":"YwAff95MnEOgPL095H1cMA=="}},"EventType":{"Value":{"Type":18,"Body":{"IdType":1,"Id":"NodeChange"}}},"SourceNode":{"Value":{"Type":17,"Body":{"Id":2996}}},"Time":{"Value":{"Type":13,"Body":"2024-04-27T12:20:33.1948476Z"}},"Change":{"Value":{"Type":22,"Body":{"TypeId":{"Id":15071},"Body":{"NodeId":{"Id":2996},"NodeClass":1,"BrowseName":{"Name":"ModellingRules"},"DisplayName":{"Text":"ModellingRules"},"RolePermissions":[],"UserRolePermissions":[],"References":[]}}}}}}]}