{"MessageId":"381b826a-64af-44e9-859c-9789d187e36c","MessageType":"ua-data","PublisherId":"DESKTOP-BGFJS91","DataSetWriterGroup":"<<UnknownWriterGroup>>","Messages":[{"MetaDataVersion":{"MajorVersion":1},"MessageType":"ua-event","DataSetWriterName":"<<UnknownDataSet>>","Payload":{"EventId":{"Value":{"Type":15,"Body":"rFcBgsNflEaEBYzrUZnpPw=="}},"EventType":{"Value":{"Type":18,"Body":{"IdType":1,"Id":"NodeChange"}}},"SourceNode":{"Value":{"Type":17,"Body":{"Id":15606}}},"Time":{"Value":{"Type":13,"Body":"2024-04-27T12:20:33.1973897Z"}},"Change":{"Value":{"Type":22,"Body":{"TypeId":{"Id":15071},"Body":{"NodeId":{"Id":15606},"NodeClass":1,"BrowseName":{"Name":"RoleSet"},"DisplayName":{"Text":"RoleSet"},"RolePermissions":[],"UserRolePermissions":[],"References":[]}}}}}}]}