{"MessageId":"51ebd67d-c055-4bad-9e5c-6ea3b9f131b2","MessageType":"ua-data","PublisherId":"DESKTOP-BGFJS91","DataSetWriterGroup":"<<UnknownWriterGroup>>","Messages":[{"MetaDataVersion":{"MajorVersion":1},"MessageType":"ua-event","DataSetWriterName":"<<UnknownDataSet>>","Payload":{"EventId":{"Value":{"Type":15,"Body":"Swk6PRzMHkWOC7mHZtQAVQ=="}},"EventType":{"Value":{"Type":18,"Body":{"IdType":1,"Id":"NodeChange"}}},"SourceNode":{"Value":{"Type":17,"Body":{"Id":31916}}},"Time":{"Value":{"Type":13,"Body":"2024-04-27T12:20:33.2078029Z"}},"Change":{"Value":{"Type":22,"Body":{"TypeId":{"Id":15074},"Body":{"NodeId":{"Id":31916},"NodeClass":2,"BrowseName":{"Name":"MaxMonitoredItemsQueueSize"},"DisplayName":{"Text":"MaxMonitoredItemsQueueSize"},"RolePermissions":[],"UserRolePermissions":[],"References":[],"Value":{"Body":null},"DataType":{"Id":7},"ValueRank":-1,"ArrayDimensions":[],"AccessLevel":1,"UserAccessLevel":1,"AccessLevelEx":1}}}}}}]}