{"MessageId":"d1312308-a753-4c4c-8691-c6ee5bd85484","MessageType":"ua-data","PublisherId":"DESKTOP-BGFJS91","DataSetWriterGroup":"<<UnknownWriterGroup>>","Messages":[{"MetaDataVersion":{"MajorVersion":1},"MessageType":"ua-event","DataSetWriterName":"<<UnknownDataSet>>","Payload":{"EventId":{"Value":{"Type":15,"Body":"aDBlWkyIREeaXYTeoZ9HwA=="}},"EventType":{"Value":{"Type":18,"Body":{"IdType":1,"Id":"ReferenceChange"}}},"SourceNode":{"Value":{"Type":17,"Body":{"Id":2268}}},"Time":{"Value":{"Type":13,"Body":"2024-04-27T12:20:33.2093274Z"}},"Change":{"Value":{"Type":22,"Body":{"TypeId":{"Id":15182},"Body":{"ReferenceTypeId":{"Id":47},"IsForward":true,"NodeId":{"Id":11192},"BrowseName":{"Name":"HistoryServerCapabilities"},"DisplayName":{"Text":"HistoryServerCapabilities"},"NodeClass":1,"TypeDefinition":{"Id":2330}}}}}}}]}