{"MessageId":"ec7b0c47-8df1-4685-b177-528fd4be9679","MessageType":"ua-data","PublisherId":"DESKTOP-BGFJS91","DataSetWriterGroup":"<<UnknownWriterGroup>>","Messages":[{"MetaDataVersion":{"MajorVersion":1},"MessageType":"ua-event","DataSetWriterName":"<<UnknownDataSet>>","Payload":{"EventId":{"Value":{"Type":15,"Body":"1IVQ8Y3mw02dhU/xlD6TYQ=="}},"EventType":{"Value":{"Type":18,"Body":{"IdType":1,"Id":"NodeChange"}}},"SourceNode":{"Value":{"Type":17,"Body":{"Id":11192}}},"Time":{"Value":{"Type":13,"Body":"2024-04-27T12:20:33.210418Z"}},"Change":{"Value":{"Type":22,"Body":{"TypeId":{"Id":15071},"Body":{"NodeId":{"Id":11192},"NodeClass":1,"BrowseName":{"Name":"HistoryServerCapabilities"},"DisplayName":{"Text":"HistoryServerCapabilities"},"RolePermissions":[],"UserRolePermissions":[],"References":[]}}}}}}]}