{"MessageId":"17ea3e13-8be4-48d3-b6f6-1ab705414ba0","MessageType":"ua-data","PublisherId":"DESKTOP-BGFJS91","DataSetWriterGroup":"<<UnknownWriterGroup>>","Messages":[{"MetaDataVersion":{"MajorVersion":1},"MessageType":"ua-event","DataSetWriterName":"<<UnknownDataSet>>","Payload":{"EventId":{"Value":{"Type":15,"Body":"Iq18NchB3kOrnI8XiikdgQ=="}},"EventType":{"Value":{"Type":18,"Body":{"IdType":1,"Id":"ReferenceChange"}}},"SourceNode":{"Value":{"Type":17,"Body":{"Id":85}}},"Time":{"Value":{"Type":13,"Body":"2024-04-27T12:20:32.9222118Z"}},"Change":{"Value":{"Type":22,"Body":{"TypeId":{"Id":15182},"Body":{"ReferenceTypeId":{"Id":35},"IsForward":true,"NodeId":{"IdType":1,"Id":"CTT","Namespace":8},"BrowseName":{"Name":"CTT","Uri":8},"DisplayName":{"Text":"CTT","Locale":"en"},"NodeClass":1,"TypeDefinition":{"Id":61}}}}}}}]}