{"MessageId":"6f10efa2-4e24-41e0-8cac-30812216a221","MessageType":"ua-data","PublisherId":"DESKTOP-BGFJS91","DataSetWriterGroup":"<<UnknownWriterGroup>>","Messages":[{"MetaDataVersion":{"MajorVersion":1},"MessageType":"ua-event","DataSetWriterName":"<<UnknownDataSet>>","Payload":{"EventId":{"Value":{"Type":15,"Body":"6t5qbTkm8kiSrXW3xd7mOQ=="}},"EventType":{"Value":{"Type":18,"Body":{"IdType":1,"Id":"ReferenceChange"}}},"SourceNode":{"Value":{"Type":17,"Body":{"Id":2274}}},"Time":{"Value":{"Type":13,"Body":"2024-04-27T12:20:33.2119029Z"}},"Change":{"Value":{"Type":22,"Body":{"TypeId":{"Id":15182},"Body":{"ReferenceTypeId":{"Id":46},"IsForward":true,"NodeId":{"Id":2294},"BrowseName":{"Name":"EnabledFlag"},"DisplayName":{"Text":"EnabledFlag"},"NodeClass":2,"TypeDefinition":{"Id":68}}}}}}}]}