{"MessageId":"e5359a92-4e03-4db5-a960-777a0215da08","MessageType":"ua-data","PublisherId":"DESKTOP-BGFJS91","DataSetWriterGroup":"<<UnknownWriterGroup>>","Messages":[{"MetaDataVersion":{"MajorVersion":1},"MessageType":"ua-event","DataSetWriterName":"<<UnknownDataSet>>","Payload":{"EventId":{"Value":{"Type":15,"Body":"O8WpHVBWLUuidWT+k3nNUQ=="}},"EventType":{"Value":{"Type":18,"Body":{"IdType":1,"Id":"ReferenceChange"}}},"SourceNode":{"Value":{"Type":17,"Body":{"Id":12637}}},"Time":{"Value":{"Type":13,"Body":"2024-04-27T12:20:33.2275869Z"}},"Change":{"Value":{"Type":22,"Body":{"TypeId":{"Id":15182},"Body":{"ReferenceTypeId":{"Id":46},"IsForward":true,"NodeId":{"Id":12639},"BrowseName":{"Name":"SupportedPrivateKeyFormats"},"DisplayName":{"Text":"SupportedPrivateKeyFormats"},"NodeClass":2,"TypeDefinition":{"Id":68}}}}}}}]}