{"MessageId":"e9942833-8f67-4133-9af0-92a65ad5b498","MessageType":"ua-data","PublisherId":"DESKTOP-BGFJS91","DataSetWriterGroup":"<<UnknownWriterGroup>>","Messages":[{"MetaDataVersion":{"MajorVersion":1},"MessageType":"ua-event","DataSetWriterName":"<<UnknownDataSet>>","Payload":{"EventId":{"Value":{"Type":15,"Body":"qsYG7VtopUmHzuaocTmdCg=="}},"EventType":{"Value":{"Type":18,"Body":{"IdType":1,"Id":"ReferenceChange"}}},"SourceNode":{"Value":{"Type":17,"Body":{"Id":84}}},"Time":{"Value":{"Type":13,"Body":"2024-04-27T12:20:32.8695941Z"}},"Change":{"Value":{"Type":22,"Body":{"TypeId":{"Id":15182},"Body":{"ReferenceTypeId":{"Id":35},"IsForward":true,"NodeId":{"Id":86},"BrowseName":{"Name":"Types"},"DisplayName":{"Text":"Types"},"NodeClass":1,"TypeDefinition":{"Id":61}}}}}}}]}