{"MessageId":"5839113b-3363-4644-8886-e384c8f0f84b","MessageType":"ua-data","PublisherId":"DESKTOP-BGFJS91","DataSetWriterGroup":"<<UnknownWriterGroup>>","Messages":[{"MetaDataVersion":{"MajorVersion":1},"MessageType":"ua-event","DataSetWriterName":"<<UnknownDataSet>>","Payload":{"EventId":{"Value":{"Type":15,"Body":"Z271veMNTUW9kN/9D1fq+A=="}},"EventType":{"Value":{"Type":18,"Body":{"IdType":1,"Id":"NodeChange"}}},"SourceNode":{"Value":{"Type":17,"Body":{"IdType":1,"Id":"0:","Namespace":10}}},"Time":{"Value":{"Type":13,"Body":"2024-04-27T12:20:32.9419188Z"}},"Change":{"Value":{"Type":22,"Body":{"TypeId":{"Id":15071},"Body":{"NodeId":{"IdType":1,"Id":"0:","Namespace":10},"NodeClass":1,"BrowseName":{"Name":"Historian","Uri":10},"DisplayName":{"Text":"Historian"},"RolePermissions":[],"UserRolePermissions":[],"References":[]}}}}}}]}