{"MessageId":"4f6da86c-5435-4265-9c04-161385fedf80","MessageType":"ua-data","PublisherId":"DESKTOP-BGFJS91","DataSetWriterGroup":"<<UnknownWriterGroup>>","Messages":[{"MetaDataVersion":{"MajorVersion":1},"MessageType":"ua-event","DataSetWriterName":"<<UnknownDataSet>>","Payload":{"EventId":{"Value":{"Type":15,"Body":"qNVNOBaSyUWBEATSXOQ7WA=="}},"EventType":{"Value":{"Type":18,"Body":{"IdType":1,"Id":"NodeChange"}}},"SourceNode":{"Value":{"Type":17,"Body":{"Id":25708}}},"Time":{"Value":{"Type":13,"Body":"2024-04-27T12:20:33.2373362Z"}},"Change":{"Value":{"Type":22,"Body":{"TypeId":{"Id":15077},"Body":{"NodeId":{"Id":25708},"NodeClass":4,"BrowseName":{"Name":"CancelChanges"},"DisplayName":{"Text":"CancelChanges"},"RolePermissions":[],"UserRolePermissions":[],"References":[],"Executable":true,"UserExecutable":true}}}}}}]}