{"MessageId":"bc222bfb-e9d2-4c17-9dc3-3e1b88f4bb79","MessageType":"ua-data","PublisherId":"DESKTOP-BGFJS91","DataSetWriterGroup":"<<UnknownWriterGroup>>","Messages":[{"MetaDataVersion":{"MajorVersion":1},"MessageType":"ua-event","DataSetWriterName":"<<UnknownDataSet>>","Payload":{"EventId":{"Value":{"Type":15,"Body":"BiT6s5RUtkKvESOW38wI5w=="}},"EventType":{"Value":{"Type":18,"Body":{"IdType":1,"Id":"ReferenceChange"}}},"SourceNode":{"Value":{"Type":17,"Body":{"Id":12637}}},"Time":{"Value":{"Type":13,"Body":"2024-04-27T12:20:33.2419852Z"}},"Change":{"Value":{"Type":22,"Body":{"TypeId":{"Id":15182},"Body":{"ReferenceTypeId":{"Id":47},"IsForward":true,"NodeId":{"Id":17732},"BrowseName":{"Name":"AuthorizationServices"},"DisplayName":{"Text":"AuthorizationServices"},"NodeClass":1,"TypeDefinition":{"Id":61}}}}}}}]}