{"MessageId":"c637a6fe-e178-4bcc-8ba4-e58266e8018a","MessageType":"ua-data","PublisherId":"DESKTOP-BGFJS91","DataSetWriterGroup":"<<UnknownWriterGroup>>","Messages":[{"MetaDataVersion":{"MajorVersion":1},"MessageType":"ua-event","DataSetWriterName":"<<UnknownDataSet>>","Payload":{"EventId":{"Value":{"Type":15,"Body":"AjcPRPHZUka4DwzVCaMBYQ=="}},"EventType":{"Value":{"Type":18,"Body":{"IdType":1,"Id":"NodeChange"}}},"SourceNode":{"Value":{"Type":17,"Body":{"Id":18155}}},"Time":{"Value":{"Type":13,"Body":"2024-04-27T12:20:33.2446153Z"}},"Change":{"Value":{"Type":22,"Body":{"TypeId":{"Id":15071},"Body":{"NodeId":{"Id":18155},"NodeClass":1,"BrowseName":{"Name":"KeyCredentialConfiguration"},"DisplayName":{"Text":"KeyCredentialConfiguration"},"RolePermissions":[],"UserRolePermissions":[],"References":[]}}}}}}]}