{"MessageId":"fbc57c4c-3073-49f5-84a2-30ff7fe798cb","MessageType":"ua-data","PublisherId":"DESKTOP-BGFJS91","DataSetWriterGroup":"<<UnknownWriterGroup>>","Messages":[{"MetaDataVersion":{"MajorVersion":1},"MessageType":"ua-event","DataSetWriterName":"<<UnknownDataSet>>","Payload":{"EventId":{"Value":{"Type":15,"Body":"v1Dl/IRGPU+rHHotdkGcnw=="}},"EventType":{"Value":{"Type":18,"Body":{"IdType":1,"Id":"ReferenceChange"}}},"SourceNode":{"Value":{"Type":17,"Body":{"Id":32637}}},"Time":{"Value":{"Type":13,"Body":"2024-04-27T12:20:33.2543895Z"}},"Change":{"Value":{"Type":22,"Body":{"TypeId":{"Id":15182},"Body":{"ReferenceTypeId":{"Id":46},"IsForward":true,"NodeId":{"Id":32648},"BrowseName":{"Name":"ExceptionDeviation"},"DisplayName":{"Text":"ExceptionDeviation"},"NodeClass":2,"TypeDefinition":{"Id":68}}}}}}}]}