{"MessageId":"52502e7c-835a-43eb-99b9-4dafa1c58937","MessageType":"ua-data","PublisherId":"DESKTOP-BGFJS91","DataSetWriterGroup":"<<UnknownWriterGroup>>","Messages":[{"MetaDataVersion":{"MajorVersion":1},"MessageType":"ua-event","DataSetWriterName":"<<UnknownDataSet>>","Payload":{"EventId":{"Value":{"Type":15,"Body":"ke+NpcXTDE2bQXS4kbQ22A=="}},"EventType":{"Value":{"Type":18,"Body":{"IdType":1,"Id":"ReferenceChange"}}},"SourceNode":{"Value":{"Type":17,"Body":{"Id":32637}}},"Time":{"Value":{"Type":13,"Body":"2024-04-27T12:20:33.2583204Z"}},"Change":{"Value":{"Type":22,"Body":{"TypeId":{"Id":15182},"Body":{"ReferenceTypeId":{"Id":46},"IsForward":true,"NodeId":{"Id":32656},"BrowseName":{"Name":"StartOfOnlineArchive"},"DisplayName":{"Text":"StartOfOnlineArchive"},"NodeClass":2,"TypeDefinition":{"Id":68}}}}}}}]}