{"MessageId":"9269df4b-e684-4548-8363-a2fa49514f50","MessageType":"ua-data","PublisherId":"DESKTOP-BGFJS91","DataSetWriterGroup":"<<UnknownWriterGroup>>","Messages":[{"MetaDataVersion":{"MajorVersion":1},"MessageType":"ua-event","DataSetWriterName":"<<UnknownDataSet>>","Payload":{"EventId":{"Value":{"Type":15,"Body":"8/ZonPTOxE6H8eKQiX4zLA=="}},"EventType":{"Value":{"Type":18,"Body":{"IdType":1,"Id":"NodeChange"}}},"SourceNode":{"Value":{"Type":17,"Body":{"Id":32753}}},"Time":{"Value":{"Type":13,"Body":"2024-04-27T12:20:33.2634804Z"}},"Change":{"Value":{"Type":22,"Body":{"TypeId":{"Id":15074},"Body":{"NodeId":{"Id":32753},"NodeClass":2,"BrowseName":{"Name":"MaxCountStoredValues"},"DisplayName":{"Text":"MaxCountStoredValues"},"RolePermissions":[],"UserRolePermissions":[],"References":[],"Value":{"Body":null},"DataType":{"Id":7},"ValueRank":-1,"ArrayDimensions":[],"AccessLevel":1,"UserAccessLevel":1,"AccessLevelEx":1}}}}}}]}