{"MessageId":"a9616010-7590-4fe3-b016-850cce03240d","MessageType":"ua-data","PublisherId":"DESKTOP-BGFJS91","DataSetWriterGroup":"<<UnknownWriterGroup>>","Messages":[{"MetaDataVersion":{"MajorVersion":1},"MessageType":"ua-event","DataSetWriterName":"<<UnknownDataSet>>","Payload":{"EventId":{"Value":{"Type":15,"Body":"AUaAbElH0UiAs0opwS2y1A=="}},"EventType":{"Value":{"Type":18,"Body":{"IdType":1,"Id":"NodeChange"}}},"SourceNode":{"Value":{"Type":17,"Body":{"Id":32755}}},"Time":{"Value":{"Type":13,"Body":"2024-04-27T12:20:33.2647014Z"}},"Change":{"Value":{"Type":22,"Body":{"TypeId":{"Id":15071},"Body":{"NodeId":{"Id":32755},"NodeClass":1,"BrowseName":{"Name":"EventTypes"},"DisplayName":{"Text":"EventTypes"},"RolePermissions":[],"UserRolePermissions":[],"References":[]}}}}}}]}