{"MessageId":"ac79b78e-0e02-4b7b-bfa3-75caa46387a0","MessageType":"ua-data","PublisherId":"DESKTOP-BGFJS91","DataSetWriterGroup":"<<UnknownWriterGroup>>","Messages":[{"MetaDataVersion":{"MajorVersion":1},"MessageType":"ua-event","DataSetWriterName":"<<UnknownDataSet>>","Payload":{"EventId":{"Value":{"Type":15,"Body":"3KmSMA75iEavyxFX4iTKBw=="}},"EventType":{"Value":{"Type":18,"Body":{"IdType":1,"Id":"ReferenceChange"}}},"SourceNode":{"Value":{"Type":17,"Body":{"Id":32754}}},"Time":{"Value":{"Type":13,"Body":"2024-04-27T12:20:33.2648675Z"}},"Change":{"Value":{"Type":22,"Body":{"TypeId":{"Id":15182},"Body":{"ReferenceTypeId":{"Id":46},"IsForward":true,"NodeId":{"Id":32756},"BrowseName":{"Name":"StartOfArchive"},"DisplayName":{"Text":"StartOfArchive"},"NodeClass":2,"TypeDefinition":{"Id":68}}}}}}}]}