{"MessageId":"9cc389b8-902f-48dd-9e76-2825817912bb","MessageType":"ua-data","PublisherId":"DESKTOP-BGFJS91","DataSetWriterGroup":"<<UnknownWriterGroup>>","Messages":[{"MetaDataVersion":{"MajorVersion":1},"MessageType":"ua-event","DataSetWriterName":"<<UnknownDataSet>>","Payload":{"EventId":{"Value":{"Type":15,"Body":"kwG2ZN5OwUWW56KvJmhE1Q=="}},"EventType":{"Value":{"Type":18,"Body":{"IdType":1,"Id":"ReferenceChange"}}},"SourceNode":{"Value":{"Type":17,"Body":{"Id":14443}}},"Time":{"Value":{"Type":13,"Body":"2024-04-27T12:20:33.2687623Z"}},"Change":{"Value":{"Type":22,"Body":{"TypeId":{"Id":15182},"Body":{"ReferenceTypeId":{"Id":47},"IsForward":true,"NodeId":{"Id":15440},"BrowseName":{"Name":"GetSecurityGroup"},"DisplayName":{"Text":"GetSecurityGroup"},"NodeClass":4,"TypeDefinition":{"Id":15910}}}}}}}]}