{"MessageId":"17a4d713-d605-4a9d-9c1c-a76b63024908","MessageType":"ua-data","PublisherId":"DESKTOP-BGFJS91","DataSetWriterGroup":"<<UnknownWriterGroup>>","Messages":[{"MetaDataVersion":{"MajorVersion":1},"MessageType":"ua-event","DataSetWriterName":"<<UnknownDataSet>>","Payload":{"EventId":{"Value":{"Type":15,"Body":"1RZu7+qcg0C5Hw2r6KgfWw=="}},"EventType":{"Value":{"Type":18,"Body":{"IdType":1,"Id":"NodeChange"}}},"SourceNode":{"Value":{"Type":17,"Body":{"Id":15440}}},"Time":{"Value":{"Type":13,"Body":"2024-04-27T12:20:33.2698275Z"}},"Change":{"Value":{"Type":22,"Body":{"TypeId":{"Id":15077},"Body":{"NodeId":{"Id":15440},"NodeClass":4,"BrowseName":{"Name":"GetSecurityGroup"},"DisplayName":{"Text":"GetSecurityGroup"},"RolePermissions":[],"UserRolePermissions":[],"References":[],"Executable":true,"UserExecutable":true}}}}}}]}