{"MessageId":"db99acc3-130e-47ae-804e-d8cd36319628","MessageType":"ua-data","PublisherId":"DESKTOP-BGFJS91","DataSetWriterGroup":"<<UnknownWriterGroup>>","Messages":[{"MetaDataVersion":{"MajorVersion":1},"MessageType":"ua-event","DataSetWriterName":"<<UnknownDataSet>>","Payload":{"EventId":{"Value":{"Type":15,"Body":"5BIVdYEp1UiM1Yy5DDxCNg=="}},"EventType":{"Value":{"Type":18,"Body":{"IdType":1,"Id":"NodeChange"}}},"SourceNode":{"Value":{"Type":17,"Body":{"IdType":1,"Id":"0:TestData","Namespace":14}}},"Time":{"Value":{"Type":13,"Body":"2024-04-27T12:20:32.948826Z"}},"Change":{"Value":{"Type":22,"Body":{"TypeId":{"Id":15071},"Body":{"NodeId":{"IdType":1,"Id":"0:TestData","Namespace":14},"NodeClass":1,"BrowseName":{"Name":"TestData","Uri":14},"DisplayName":{"Text":"TestData"},"RolePermissions":[],"UserRolePermissions":[],"References":[]}}}}}}]}