{"MessageId":"88be546d-14d1-4a72-9811-7e4855a5be9e","MessageType":"ua-data","PublisherId":"DESKTOP-BGFJS91","DataSetWriterGroup":"<<UnknownWriterGroup>>","Messages":[{"MetaDataVersion":{"MajorVersion":1},"MessageType":"ua-event","DataSetWriterName":"<<UnknownDataSet>>","Payload":{"EventId":{"Value":{"Type":15,"Body":"OCAaDKJos0Cp7+QUJrRVpw=="}},"EventType":{"Value":{"Type":18,"Body":{"IdType":1,"Id":"NodeChange"}}},"SourceNode":{"Value":{"Type":17,"Body":{"Id":17364}}},"Time":{"Value":{"Type":13,"Body":"2024-04-27T12:20:33.273522Z"}},"Change":{"Value":{"Type":22,"Body":{"TypeId":{"Id":15077},"Body":{"NodeId":{"Id":17364},"NodeClass":4,"BrowseName":{"Name":"SetSecurityKeys"},"DisplayName":{"Text":"SetSecurityKeys"},"RolePermissions":[],"UserRolePermissions":[],"References":[],"Executable":true,"UserExecutable":true}}}}}}]}