{"MessageId":"4886f6d0-64eb-4457-925b-4ae6884ea0a4","MessageType":"ua-data","PublisherId":"DESKTOP-BGFJS91","DataSetWriterGroup":"<<UnknownWriterGroup>>","Messages":[{"MetaDataVersion":{"MajorVersion":1},"MessageType":"ua-event","DataSetWriterName":"<<UnknownDataSet>>","Payload":{"EventId":{"Value":{"Type":15,"Body":"C+HrLi2nF0G1IvBlvf7b+w=="}},"EventType":{"Value":{"Type":18,"Body":{"IdType":1,"Id":"NodeChange"}}},"SourceNode":{"Value":{"Type":17,"Body":{"Id":17371}}},"Time":{"Value":{"Type":13,"Body":"2024-04-27T12:20:33.2774052Z"}},"Change":{"Value":{"Type":22,"Body":{"TypeId":{"Id":15071},"Body":{"NodeId":{"Id":17371},"NodeClass":1,"BrowseName":{"Name":"PublishedDataSets"},"DisplayName":{"Text":"PublishedDataSets"},"RolePermissions":[],"UserRolePermissions":[],"References":[]}}}}}}]}