{"MessageId":"be9340ae-14d9-425f-b343-a56688e3af1c","MessageType":"ua-data","PublisherId":"DESKTOP-BGFJS91","DataSetWriterGroup":"<<UnknownWriterGroup>>","Messages":[{"MetaDataVersion":{"MajorVersion":1},"MessageType":"ua-event","DataSetWriterName":"<<UnknownDataSet>>","Payload":{"EventId":{"Value":{"Type":15,"Body":"VtKe04KK5keUzew3dENqCA=="}},"EventType":{"Value":{"Type":18,"Body":{"IdType":1,"Id":"NodeChange"}}},"SourceNode":{"Value":{"Type":17,"Body":{"Id":23658}}},"Time":{"Value":{"Type":13,"Body":"2024-04-27T12:20:33.2786776Z"}},"Change":{"Value":{"Type":22,"Body":{"TypeId":{"Id":15071},"Body":{"NodeId":{"Id":23658},"NodeClass":1,"BrowseName":{"Name":"SubscribedDataSets"},"DisplayName":{"Text":"SubscribedDataSets"},"RolePermissions":[],"UserRolePermissions":[],"References":[]}}}}}}]}