{"MessageId":"e9b6fd8e-e3be-4bf4-b4dd-187f0deca805","MessageType":"ua-data","PublisherId":"DESKTOP-BGFJS91","DataSetWriterGroup":"<<UnknownWriterGroup>>","Messages":[{"MetaDataVersion":{"MajorVersion":1},"MessageType":"ua-event","DataSetWriterName":"<<UnknownDataSet>>","Payload":{"EventId":{"Value":{"Type":15,"Body":"M7Ewtu4dcEqJETjlb9qtGw=="}},"EventType":{"Value":{"Type":18,"Body":{"IdType":1,"Id":"NodeChange"}}},"SourceNode":{"Value":{"Type":17,"Body":{"Id":25451}}},"Time":{"Value":{"Type":13,"Body":"2024-04-27T12:20:33.2799553Z"}},"Change":{"Value":{"Type":22,"Body":{"TypeId":{"Id":15071},"Body":{"NodeId":{"Id":25451},"NodeClass":1,"BrowseName":{"Name":"PubSubConfiguration"},"DisplayName":{"Text":"PubSubConfiguration"},"RolePermissions":[],"UserRolePermissions":[],"References":[]}}}}}}]}