{"MessageId":"09b88de9-e479-48bd-a9c8-34bf04e1f159","MessageType":"ua-data","PublisherId":"DESKTOP-BGFJS91","DataSetWriterGroup":"<<UnknownWriterGroup>>","Messages":[{"MetaDataVersion":{"MajorVersion":1},"MessageType":"ua-event","DataSetWriterName":"<<UnknownDataSet>>","Payload":{"EventId":{"Value":{"Type":15,"Body":"O6hlkZD81E+secXlA629sA=="}},"EventType":{"Value":{"Type":18,"Body":{"IdType":1,"Id":"NodeChange"}}},"SourceNode":{"Value":{"Type":17,"Body":{"Id":17409}}},"Time":{"Value":{"Type":13,"Body":"2024-04-27T12:20:33.2824218Z"}},"Change":{"Value":{"Type":22,"Body":{"TypeId":{"Id":15071},"Body":{"NodeId":{"Id":17409},"NodeClass":1,"BrowseName":{"Name":"Diagnostics"},"DisplayName":{"Text":"Diagnostics"},"RolePermissions":[],"UserRolePermissions":[],"References":[]}}}}}}]}