{"MessageId":"7c1c23fb-7814-4790-908a-288bf155a530","MessageType":"ua-data","PublisherId":"DESKTOP-BGFJS91","DataSetWriterGroup":"<<UnknownWriterGroup>>","Messages":[{"MetaDataVersion":{"MajorVersion":1},"MessageType":"ua-event","DataSetWriterName":"<<UnknownDataSet>>","Payload":{"EventId":{"Value":{"Type":15,"Body":"Bbl+AGDfV0+BvQthhKdtiw=="}},"EventType":{"Value":{"Type":18,"Body":{"IdType":1,"Id":"NodeChange"}}},"SourceNode":{"Value":{"Type":17,"Body":{"IdType":1,"Id":"OpcPlc","Namespace":17}}},"Time":{"Value":{"Type":13,"Body":"2024-04-27T12:20:32.9508151Z"}},"Change":{"Value":{"Type":22,"Body":{"TypeId":{"Id":15071},"Body":{"NodeId":{"IdType":1,"Id":"OpcPlc","Namespace":17},"NodeClass":1,"BrowseName":{"Name":"OpcPlc","Uri":17},"DisplayName":{"Text":"OpcPlc","Locale":"en"},"RolePermissions":[],"UserRolePermissions":[],"References":[],"EventNotifier":1}}}}}}]}