{"MessageId":"4698824d-eb69-423c-a16e-3dbf2b7e6740","MessageType":"ua-data","PublisherId":"DESKTOP-BGFJS91","DataSetWriterGroup":"<<UnknownWriterGroup>>","Messages":[{"MetaDataVersion":{"MajorVersion":1},"MessageType":"ua-event","DataSetWriterName":"<<UnknownDataSet>>","Payload":{"EventId":{"Value":{"Type":15,"Body":"sz74Syvd8kWJ49ahRKsoCA=="}},"EventType":{"Value":{"Type":18,"Body":{"IdType":1,"Id":"ReferenceChange"}}},"SourceNode":{"Value":{"Type":17,"Body":{"Id":14443}}},"Time":{"Value":{"Type":13,"Body":"2024-04-27T12:20:33.2865652Z"}},"Change":{"Value":{"Type":22,"Body":{"TypeId":{"Id":15182},"Body":{"ReferenceTypeId":{"Id":46},"IsForward":true,"NodeId":{"Id":25480},"BrowseName":{"Name":"DefaultDatagramPublisherId"},"DisplayName":{"Text":"DefaultDatagramPublisherId"},"NodeClass":2,"TypeDefinition":{"Id":68}}}}}}}]}