{"MessageId":"27a235fe-f9b6-4ed2-a2a0-d831fd042c87","MessageType":"ua-data","PublisherId":"DESKTOP-BGFJS91","DataSetWriterGroup":"<<UnknownWriterGroup>>","Messages":[{"MetaDataVersion":{"MajorVersion":1},"MessageType":"ua-event","DataSetWriterName":"<<UnknownDataSet>>","Payload":{"EventId":{"Value":{"Type":15,"Body":"WialNI/4ZEysfvx3Xv4JCw=="}},"EventType":{"Value":{"Type":18,"Body":{"IdType":1,"Id":"ReferenceChange"}}},"SourceNode":{"Value":{"Type":17,"Body":{"Id":86}}},"Time":{"Value":{"Type":13,"Body":"2024-04-27T12:20:32.9513475Z"}},"Change":{"Value":{"Type":22,"Body":{"TypeId":{"Id":15182},"Body":{"ReferenceTypeId":{"Id":35},"IsForward":true,"NodeId":{"Id":88},"BrowseName":{"Name":"ObjectTypes"},"DisplayName":{"Text":"ObjectTypes"},"NodeClass":1,"TypeDefinition":{"Id":61}}}}}}}]}