{"MessageId":"9c53a58e-6b85-4636-800d-ed1140d722d3","MessageType":"ua-data","PublisherId":"DESKTOP-BGFJS91","DataSetWriterGroup":"<<UnknownWriterGroup>>","Messages":[{"MetaDataVersion":{"MajorVersion":1},"MessageType":"ua-event","DataSetWriterName":"<<UnknownDataSet>>","Payload":{"EventId":{"Value":{"Type":15,"Body":"dDcyy9u4hUmZcsJ1/yK0LQ=="}},"EventType":{"Value":{"Type":18,"Body":{"IdType":1,"Id":"ReferenceChange"}}},"SourceNode":{"Value":{"Type":17,"Body":{"Id":24226}}},"Time":{"Value":{"Type":13,"Body":"2024-04-27T12:20:33.2926866Z"}},"Change":{"Value":{"Type":22,"Body":{"TypeId":{"Id":15182},"Body":{"ReferenceTypeId":{"Id":35},"IsForward":true,"NodeId":{"Id":29878},"BrowseName":{"Name":"ProvisionableDevice"},"DisplayName":{"Text":"ProvisionableDevice"},"NodeClass":1,"TypeDefinition":{"Id":26871}}}}}}}]}