{"MessageId":"d02392d8-cbfc-4e1a-a7ea-55a78f034056","MessageType":"ua-data","PublisherId":"DESKTOP-BGFJS91","DataSetWriterGroup":"<<UnknownWriterGroup>>","Messages":[{"MetaDataVersion":{"MajorVersion":1},"MessageType":"ua-event","DataSetWriterName":"<<UnknownDataSet>>","Payload":{"EventId":{"Value":{"Type":15,"Body":"KX2iLqhP6EW8ldLAR12Lkw=="}},"EventType":{"Value":{"Type":18,"Body":{"IdType":1,"Id":"NodeChange"}}},"SourceNode":{"Value":{"Type":17,"Body":{"IdType":1,"Id":"0:Green/East","Namespace":15}}},"Time":{"Value":{"Type":13,"Body":"2024-04-27T12:20:33.2950947Z"}},"Change":{"Value":{"Type":22,"Body":{"TypeId":{"Id":15071},"Body":{"NodeId":{"IdType":1,"Id":"0:Green/East","Namespace":15},"NodeClass":1,"BrowseName":{"Name":"East","Uri":15},"DisplayName":{"Text":"East"},"RolePermissions":[],"UserRolePermissions":[],"References":[],"EventNotifier":1}}}}}}]}