{"MessageId":"195caa13-01ab-4cb7-a0ea-5ed988747342","MessageType":"ua-data","PublisherId":"DESKTOP-BGFJS91","DataSetWriterGroup":"<<UnknownWriterGroup>>","Messages":[{"MetaDataVersion":{"MajorVersion":1},"MessageType":"ua-event","DataSetWriterName":"<<UnknownDataSet>>","Payload":{"EventId":{"Value":{"Type":15,"Body":"yxa60/nhjE6Zz/LUb3URlw=="}},"EventType":{"Value":{"Type":18,"Body":{"IdType":1,"Id":"ReferenceChange"}}},"SourceNode":{"Value":{"Type":17,"Body":{"IdType":1,"Id":"0:/Yellow","Namespace":15}}},"Time":{"Value":{"Type":13,"Body":"2024-04-27T12:20:33.2952573Z"}},"Change":{"Value":{"Type":22,"Body":{"TypeId":{"Id":15182},"Body":{"ReferenceTypeId":{"Id":48},"IsForward":true,"NodeId":{"IdType":1,"Id":"0:Yellow/West","Namespace":15},"BrowseName":{"Name":"West","Uri":15},"DisplayName":{"Text":"West"},"NodeClass":1,"TypeDefinition":{"Id":61}}}}}}}]}