{"MessageId":"a506161c-72b4-46fa-a32c-d11afab0ba30","MessageType":"ua-data","PublisherId":"DESKTOP-BGFJS91","DataSetWriterGroup":"<<UnknownWriterGroup>>","Messages":[{"MetaDataVersion":{"MajorVersion":1},"MessageType":"ua-event","DataSetWriterName":"<<UnknownDataSet>>","Payload":{"EventId":{"Value":{"Type":15,"Body":"rFLdC86QakmH25rti/AamQ=="}},"EventType":{"Value":{"Type":18,"Body":{"IdType":1,"Id":"ReferenceChange"}}},"SourceNode":{"Value":{"Type":17,"Body":{"Id":23476}}},"Time":{"Value":{"Type":13,"Body":"2024-04-27T12:20:33.2965539Z"}},"Change":{"Value":{"Type":22,"Body":{"TypeId":{"Id":15182},"Body":{"ReferenceTypeId":{"Id":46},"IsForward":true,"NodeId":{"Id":23477},"BrowseName":{"Name":"InputArguments"},"DisplayName":{"Text":"InputArguments"},"NodeClass":2,"TypeDefinition":{"Id":68}}}}}}}]}