{"MessageId":"29df5e95-25e1-42f1-b941-94051176158c","MessageType":"ua-data","PublisherId":"DESKTOP-BGFJS91","DataSetWriterGroup":"<<UnknownWriterGroup>>","Messages":[{"MetaDataVersion":{"MajorVersion":1},"MessageType":"ua-event","DataSetWriterName":"<<UnknownDataSet>>","Payload":{"EventId":{"Value":{"Type":15,"Body":"0GmHvwN+U0Wh3vz+sdICPg=="}},"EventType":{"Value":{"Type":18,"Body":{"IdType":1,"Id":"NodeChange"}}},"SourceNode":{"Value":{"Type":17,"Body":{"Id":23478}}},"Time":{"Value":{"Type":13,"Body":"2024-04-27T12:20:33.2990297Z"}},"Change":{"Value":{"Type":22,"Body":{"TypeId":{"Id":15074},"Body":{"NodeId":{"Id":23478},"NodeClass":2,"BrowseName":{"Name":"OutputArguments"},"DisplayName":{"Text":"OutputArguments"},"RolePermissions":[],"UserRolePermissions":[],"References":[],"Value":{"Body":null},"DataType":{"Id":296},"ValueRank":1,"ArrayDimensions":[1],"AccessLevel":1,"UserAccessLevel":1,"AccessLevelEx":1}}}}}}]}