{"MessageId":"5eab9768-3a54-4a99-801b-a864b5659b36","MessageType":"ua-data","PublisherId":"DESKTOP-BGFJS91","DataSetWriterGroup":"<<UnknownWriterGroup>>","Messages":[{"MetaDataVersion":{"MajorVersion":1},"MessageType":"ua-event","DataSetWriterName":"<<UnknownDataSet>>","Payload":{"EventId":{"Value":{"Type":15,"Body":"3jC/rwvPS0u/EZ8I6qGV6w=="}},"EventType":{"Value":{"Type":18,"Body":{"IdType":1,"Id":"NodeChange"}}},"SourceNode":{"Value":{"Type":17,"Body":{"Id":10159,"Namespace":2}}},"Time":{"Value":{"Type":13,"Body":"2024-04-27T12:20:33.3026139Z"}},"Change":{"Value":{"Type":22,"Body":{"TypeId":{"Id":15071},"Body":{"NodeId":{"Id":10159,"Namespace":2},"NodeClass":1,"BrowseName":{"Name":"Scalar","Uri":2},"DisplayName":{"Text":"Scalar"},"RolePermissions":[],"UserRolePermissions":[],"References":[]}}}}}}]}