{"MessageId":"39c181d8-37d3-4d9a-9adc-d7acfb91e381","MessageType":"ua-data","PublisherId":"DESKTOP-BGFJS91","DataSetWriterGroup":"<<UnknownWriterGroup>>","Messages":[{"MetaDataVersion":{"MajorVersion":1},"MessageType":"ua-event","DataSetWriterName":"<<UnknownDataSet>>","Payload":{"EventId":{"Value":{"Type":15,"Body":"ktfshS3uCka5iVCw+F7TCw=="}},"EventType":{"Value":{"Type":18,"Body":{"IdType":1,"Id":"ReferenceChange"}}},"SourceNode":{"Value":{"Type":17,"Body":{"Id":10158,"Namespace":2}}},"Time":{"Value":{"Type":13,"Body":"2024-04-27T12:20:33.3090865Z"}},"Change":{"Value":{"Type":22,"Body":{"TypeId":{"Id":15182},"Body":{"ReferenceTypeId":{"Id":47},"IsForward":true,"NodeId":{"Id":10755,"Namespace":2},"BrowseName":{"Name":"MethodTest","Uri":2},"DisplayName":{"Text":"MethodTest"},"NodeClass":1,"TypeDefinition":{"Id":10092,"Namespace":2}}}}}}}]}