{"MessageId":"338d005d-c3ee-4dd0-97c9-04587a6dc030","MessageType":"ua-data","PublisherId":"DESKTOP-BGFJS91","DataSetWriterGroup":"<<UnknownWriterGroup>>","Messages":[{"MetaDataVersion":{"MajorVersion":1},"MessageType":"ua-event","DataSetWriterName":"<<UnknownDataSet>>","Payload":{"EventId":{"Value":{"Type":15,"Body":"xz5JtgJHqEatjH+dp+unoQ=="}},"EventType":{"Value":{"Type":18,"Body":{"IdType":1,"Id":"NodeChange"}}},"SourceNode":{"Value":{"Type":17,"Body":{"Id":89}}},"Time":{"Value":{"Type":13,"Body":"2024-04-27T12:20:32.9631057Z"}},"Change":{"Value":{"Type":22,"Body":{"TypeId":{"Id":15071},"Body":{"NodeId":{"Id":89},"NodeClass":1,"BrowseName":{"Name":"VariableTypes"},"DisplayName":{"Text":"VariableTypes"},"Description":{"Text":"The browse entry point when looking for variable types in the server address space."},"RolePermissions":[],"UserRolePermissions":[],"References":[]}}}}}}]}