{"MessageId":"8e4fb3a0-b07a-46e0-9312-e2115417b2fe","MessageType":"ua-data","PublisherId":"DESKTOP-BGFJS91","DataSetWriterGroup":"<<UnknownWriterGroup>>","Messages":[{"MetaDataVersion":{"MajorVersion":1},"MessageType":"ua-event","DataSetWriterName":"<<UnknownDataSet>>","Payload":{"EventId":{"Value":{"Type":15,"Body":"3eRtifp9+0audH0jVaEYzA=="}},"EventType":{"Value":{"Type":18,"Body":{"IdType":1,"Id":"NodeChange"}}},"SourceNode":{"Value":{"Type":17,"Body":{"Id":10755,"Namespace":2}}},"Time":{"Value":{"Type":13,"Body":"2024-04-27T12:20:33.3101759Z"}},"Change":{"Value":{"Type":22,"Body":{"TypeId":{"Id":15071},"Body":{"NodeId":{"Id":10755,"Namespace":2},"NodeClass":1,"BrowseName":{"Name":"MethodTest","Uri":2},"DisplayName":{"Text":"MethodTest"},"RolePermissions":[],"UserRolePermissions":[],"References":[]}}}}}}]}