{"MessageId":"1d96c33d-1ae9-4016-aa07-f6a9fb80a684","MessageType":"ua-data","PublisherId":"DESKTOP-BGFJS91","DataSetWriterGroup":"<<UnknownWriterGroup>>","Messages":[{"MetaDataVersion":{"MajorVersion":1},"MessageType":"ua-event","DataSetWriterName":"<<UnknownDataSet>>","Payload":{"EventId":{"Value":{"Type":15,"Body":"1FA8i20YSE+kcij1P6mUJg=="}},"EventType":{"Value":{"Type":18,"Body":{"IdType":1,"Id":"ReferenceChange"}}},"SourceNode":{"Value":{"Type":17,"Body":{"Id":10158,"Namespace":2}}},"Time":{"Value":{"Type":13,"Body":"2024-04-27T12:20:33.31033Z"}},"Change":{"Value":{"Type":22,"Body":{"TypeId":{"Id":15182},"Body":{"ReferenceTypeId":{"Id":36},"IsForward":true,"NodeId":{"Id":10159,"Namespace":2},"BrowseName":{"Name":"Scalar","Uri":2},"DisplayName":{"Text":"Scalar"},"NodeClass":1,"TypeDefinition":{"Id":9450,"Namespace":2}}}}}}}]}