{"MessageId":"bb052994-daeb-45e7-ad4e-7758774274f5","MessageType":"ua-data","PublisherId":"DESKTOP-BGFJS91","DataSetWriterGroup":"<<UnknownWriterGroup>>","Messages":[{"MetaDataVersion":{"MajorVersion":1},"MessageType":"ua-event","DataSetWriterName":"<<UnknownDataSet>>","Payload":{"EventId":{"Value":{"Type":15,"Body":"XbN7gLf2KUOTtRtJym7Opw=="}},"EventType":{"Value":{"Type":18,"Body":{"IdType":1,"Id":"NodeChange"}}},"SourceNode":{"Value":{"Type":17,"Body":{"Id":11113,"Namespace":2}}},"Time":{"Value":{"Type":13,"Body":"2024-04-27T12:20:33.3193204Z"}},"Change":{"Value":{"Type":22,"Body":{"TypeId":{"Id":15071},"Body":{"NodeId":{"Id":11113,"Namespace":2},"NodeClass":1,"BrowseName":{"Name":"AnalogScalar","Uri":2},"DisplayName":{"Text":"AnalogScalar"},"RolePermissions":[],"UserRolePermissions":[],"References":[]}}}}}}]}