{"MessageId":"bc615721-fe8b-48db-8fd3-0af2f79c669a","MessageType":"ua-data","PublisherId":"DESKTOP-BGFJS91","DataSetWriterGroup":"<<UnknownWriterGroup>>","Messages":[{"MetaDataVersion":{"MajorVersion":1},"MessageType":"ua-event","DataSetWriterName":"<<UnknownDataSet>>","Payload":{"EventId":{"Value":{"Type":15,"Body":"w+bE2SnBrkeFe5uZXEB11w=="}},"EventType":{"Value":{"Type":18,"Body":{"IdType":1,"Id":"ReferenceChange"}}},"SourceNode":{"Value":{"Type":17,"Body":{"Id":11383,"Namespace":2}}},"Time":{"Value":{"Type":13,"Body":"2024-04-27T12:20:33.324847Z"}},"Change":{"Value":{"Type":22,"Body":{"TypeId":{"Id":15182},"Body":{"ReferenceTypeId":{"Id":36},"IsForward":true,"NodeId":{"Id":10163,"Namespace":2},"BrowseName":{"Name":"CycleComplete","Uri":2},"DisplayName":{"Text":"CycleComplete"},"NodeClass":1,"TypeDefinition":{"Id":2881}}}}}}}]}