{"MessageId":"784292b9-a5bf-4709-a327-a7922145ad25","MessageType":"ua-data","PublisherId":"DESKTOP-BGFJS91","DataSetWriterGroup":"<<UnknownWriterGroup>>","Messages":[{"MetaDataVersion":{"MajorVersion":1},"MessageType":"ua-event","DataSetWriterName":"<<UnknownDataSet>>","Payload":{"EventId":{"Value":{"Type":15,"Body":"5vUx2lVDakyHEEStPAOkQw=="}},"EventType":{"Value":{"Type":18,"Body":{"IdType":1,"Id":"NodeChange"}}},"SourceNode":{"Value":{"Type":17,"Body":{"Id":91}}},"Time":{"Value":{"Type":13,"Body":"2024-04-27T12:20:32.9692249Z"}},"Change":{"Value":{"Type":22,"Body":{"TypeId":{"Id":15071},"Body":{"NodeId":{"Id":91},"NodeClass":1,"BrowseName":{"Name":"ReferenceTypes"},"DisplayName":{"Text":"ReferenceTypes"},"Description":{"Text":"The browse entry point when looking for reference types in the server address space."},"RolePermissions":[],"UserRolePermissions":[],"References":[]}}}}}}]}