{"MessageId":"47181362-be34-48ee-9fec-4fa911441613","MessageType":"ua-data","PublisherId":"DESKTOP-BGFJS91","DataSetWriterGroup":"<<UnknownWriterGroup>>","Messages":[{"MetaDataVersion":{"MajorVersion":1},"MessageType":"ua-event","DataSetWriterName":"<<UnknownDataSet>>","Payload":{"EventId":{"Value":{"Type":15,"Body":"gN/LayWMbUaGfM6M0mJaHA=="}},"EventType":{"Value":{"Type":18,"Body":{"IdType":1,"Id":"NodeChange"}}},"SourceNode":{"Value":{"Type":17,"Body":{"IdType":1,"Id":"Well_24412","Namespace":9}}},"Time":{"Value":{"Type":13,"Body":"2024-04-27T12:20:33.3466111Z"}},"Change":{"Value":{"Type":22,"Body":{"TypeId":{"Id":15071},"Body":{"NodeId":{"IdType":1,"Id":"Well_24412","Namespace":9},"NodeClass":1,"BrowseName":{"Name":"Jupiter","Uri":9},"DisplayName":{"Text":"Jupiter"},"RolePermissions":[],"UserRolePermissions":[],"References":[],"EventNotifier":13}}}}}}]}