{"MessageId":"460a44dc-c911-4447-b3cc-d788241158a8","MessageType":"ua-data","PublisherId":"DESKTOP-BGFJS91","DataSetWriterGroup":"<<UnknownWriterGroup>>","Messages":[{"MetaDataVersion":{"MajorVersion":1},"MessageType":"ua-event","DataSetWriterName":"<<UnknownDataSet>>","Payload":{"EventId":{"Value":{"Type":15,"Body":"WFAe/ErPwUGlaANEYPZ3Kw=="}},"EventType":{"Value":{"Type":18,"Body":{"IdType":1,"Id":"ReferenceChange"}}},"SourceNode":{"Value":{"Type":17,"Body":{"IdType":1,"Id":"Area51","Namespace":9}}},"Time":{"Value":{"Type":13,"Body":"2024-04-27T12:20:33.3467853Z"}},"Change":{"Value":{"Type":22,"Body":{"TypeId":{"Id":15182},"Body":{"ReferenceTypeId":{"Id":48},"IsForward":true,"NodeId":{"IdType":1,"Id":"Well_48306","Namespace":9},"BrowseName":{"Name":"Titan","Uri":9},"DisplayName":{"Text":"Titan"},"NodeClass":1,"TypeDefinition":{"Id":308,"Namespace":9}}}}}}}]}