{"MessageId":"ca706966-8571-45b7-8c14-6bb3ef17c1a2","MessageType":"ua-data","PublisherId":"DESKTOP-BGFJS91","DataSetWriterGroup":"<<UnknownWriterGroup>>","Messages":[{"MetaDataVersion":{"MajorVersion":1},"MessageType":"ua-event","DataSetWriterName":"<<UnknownDataSet>>","Payload":{"EventId":{"Value":{"Type":15,"Body":"Dd1IJis83ECBRCedZzIJtQ=="}},"EventType":{"Value":{"Type":18,"Body":{"IdType":1,"Id":"ReferenceChange"}}},"SourceNode":{"Value":{"Type":17,"Body":{"IdType":1,"Id":"0:Boiler #1","Namespace":11}}},"Time":{"Value":{"Type":13,"Body":"2024-04-27T12:20:33.3507626Z"}},"Change":{"Value":{"Type":22,"Body":{"TypeId":{"Id":15182},"Body":{"ReferenceTypeId":{"Id":47},"IsForward":true,"NodeId":{"IdType":1,"Id":"0:Boiler #1?WaterIn","Namespace":11},"BrowseName":{"Name":"WaterIn","Uri":11},"DisplayName":{"Text":"WaterIn"},"NodeClass":1,"TypeDefinition":{"Id":58}}}}}}}]}