{"MessageId":"03f8bac0-fdd2-4f4d-9fa6-2cd3a8067dc5","MessageType":"ua-data","PublisherId":"DESKTOP-BGFJS91","DataSetWriterGroup":"<<UnknownWriterGroup>>","Messages":[{"MetaDataVersion":{"MajorVersion":1},"MessageType":"ua-event","DataSetWriterName":"<<UnknownDataSet>>","Payload":{"EventId":{"Value":{"Type":15,"Body":"nYamQ7fWDkqpdEDUa3LJDg=="}},"EventType":{"Value":{"Type":18,"Body":{"IdType":1,"Id":"NodeChange"}}},"SourceNode":{"Value":{"Type":17,"Body":{"IdType":1,"Id":"0:Boiler #1?SteamOut","Namespace":11}}},"Time":{"Value":{"Type":13,"Body":"2024-04-27T12:20:33.3532918Z"}},"Change":{"Value":{"Type":22,"Body":{"TypeId":{"Id":15071},"Body":{"NodeId":{"IdType":1,"Id":"0:Boiler #1?SteamOut","Namespace":11},"NodeClass":1,"BrowseName":{"Name":"SteamOut","Uri":11},"DisplayName":{"Text":"SteamOut"},"RolePermissions":[],"UserRolePermissions":[],"References":[]}}}}}}]}