{"MessageId":"a92e5a15-e403-44da-a65e-2340c5fc8e00","MessageType":"ua-data","PublisherId":"DESKTOP-BGFJS91","DataSetWriterGroup":"<<UnknownWriterGroup>>","Messages":[{"MetaDataVersion":{"MajorVersion":1},"MessageType":"ua-event","DataSetWriterName":"<<UnknownDataSet>>","Payload":{"EventId":{"Value":{"Type":15,"Body":"OkkH69cNo0CzTPYboGC72Q=="}},"EventType":{"Value":{"Type":18,"Body":{"IdType":1,"Id":"NodeChange"}}},"SourceNode":{"Value":{"Type":17,"Body":{"IdType":1,"Id":"0:Boiler #2?WaterIn","Namespace":11}}},"Time":{"Value":{"Type":13,"Body":"2024-04-27T12:20:33.3560159Z"}},"Change":{"Value":{"Type":22,"Body":{"TypeId":{"Id":15071},"Body":{"NodeId":{"IdType":1,"Id":"0:Boiler #2?WaterIn","Namespace":11},"NodeClass":1,"BrowseName":{"Name":"WaterIn","Uri":11},"DisplayName":{"Text":"WaterIn"},"RolePermissions":[],"UserRolePermissions":[],"References":[]}}}}}}]}