{"MessageId":"b9d8bf52-6d34-4ee0-9dba-a911458480fb","MessageType":"ua-data","PublisherId":"DESKTOP-BGFJS91","DataSetWriterGroup":"<<UnknownWriterGroup>>","Messages":[{"MetaDataVersion":{"MajorVersion":1},"MessageType":"ua-event","DataSetWriterName":"<<UnknownDataSet>>","Payload":{"EventId":{"Value":{"Type":15,"Body":"/FTSDkRwi0StrRODy+jJbw=="}},"EventType":{"Value":{"Type":18,"Body":{"IdType":1,"Id":"NodeChange"}}},"SourceNode":{"Value":{"Type":17,"Body":{"IdType":1,"Id":"0:Boiler #2?Drum","Namespace":11}}},"Time":{"Value":{"Type":13,"Body":"2024-04-27T12:20:33.3586938Z"}},"Change":{"Value":{"Type":22,"Body":{"TypeId":{"Id":15071},"Body":{"NodeId":{"IdType":1,"Id":"0:Boiler #2?Drum","Namespace":11},"NodeClass":1,"BrowseName":{"Name":"Drum","Uri":11},"DisplayName":{"Text":"Drum"},"RolePermissions":[],"UserRolePermissions":[],"References":[]}}}}}}]}