{"MessageId":"0e3e4b38-854a-4ba2-951f-2abde10e0131","MessageType":"ua-data","PublisherId":"DESKTOP-BGFJS91","DataSetWriterGroup":"<<UnknownWriterGroup>>","Messages":[{"MetaDataVersion":{"MajorVersion":1},"MessageType":"ua-event","DataSetWriterName":"<<UnknownDataSet>>","Payload":{"EventId":{"Value":{"Type":15,"Body":"PXBF6Qem0kySUDlSJTrkaQ=="}},"EventType":{"Value":{"Type":18,"Body":{"IdType":1,"Id":"ReferenceChange"}}},"SourceNode":{"Value":{"Type":17,"Body":{"Id":84}}},"Time":{"Value":{"Type":13,"Body":"2024-04-27T12:20:32.9000686Z"}},"Change":{"Value":{"Type":22,"Body":{"TypeId":{"Id":15182},"Body":{"ReferenceTypeId":{"Id":35},"IsForward":true,"NodeId":{"Id":87},"BrowseName":{"Name":"Views"},"DisplayName":{"Text":"Views"},"NodeClass":1,"TypeDefinition":{"Id":61}}}}}}}]}