{"MessageId":"a0f0672d-bcc0-49b6-9d7f-bdb0b5b60892","MessageType":"ua-data","PublisherId":"DESKTOP-BGFJS91","DataSetWriterGroup":"<<UnknownWriterGroup>>","Messages":[{"MetaDataVersion":{"MajorVersion":1},"MessageType":"ua-event","DataSetWriterName":"<<UnknownDataSet>>","Payload":{"EventId":{"Value":{"Type":15,"Body":"HJBsfBs7uE+CyZn8yZh36g=="}},"EventType":{"Value":{"Type":18,"Body":{"IdType":1,"Id":"ReferenceChange"}}},"SourceNode":{"Value":{"Type":17,"Body":{"Id":87}}},"Time":{"Value":{"Type":13,"Body":"2024-04-27T12:20:32.9768897Z"}},"Change":{"Value":{"Type":22,"Body":{"TypeId":{"Id":15182},"Body":{"ReferenceTypeId":{"Id":35},"IsForward":true,"NodeId":{"Id":439,"Namespace":11},"BrowseName":{"Name":"Engineering","Uri":11},"DisplayName":{"Text":"Engineering"},"NodeClass":128}}}}}}]}