{"MessageId":"169d6af5-797e-44c5-b6cc-0cf3597181f5","MessageType":"ua-data","PublisherId":"DESKTOP-BGFJS91","DataSetWriterGroup":"<<UnknownWriterGroup>>","Messages":[{"MetaDataVersion":{"MajorVersion":1},"MessageType":"ua-event","DataSetWriterName":"<<UnknownDataSet>>","Payload":{"EventId":{"Value":{"Type":15,"Body":"Yi0Q5bXyPEamOo4YGkZsKg=="}},"EventType":{"Value":{"Type":18,"Body":{"IdType":1,"Id":"NodeChange"}}},"SourceNode":{"Value":{"Type":17,"Body":{"Id":439,"Namespace":11}}},"Time":{"Value":{"Type":13,"Body":"2024-04-27T12:20:32.9780276Z"}},"Change":{"Value":{"Type":22,"Body":{"TypeId":{"Id":15078},"Body":{"NodeId":{"Id":439,"Namespace":11},"NodeClass":128,"BrowseName":{"Name":"Engineering","Uri":11},"DisplayName":{"Text":"Engineering"},"RolePermissions":[],"UserRolePermissions":[],"References":[]}}}}}}]}