{"MessageId":"2617b22e-afe9-4417-a2c0-6c16a3a4f8b1","MessageType":"ua-data","PublisherId":"DESKTOP-BGFJS91","DataSetWriterGroup":"<<UnknownWriterGroup>>","Messages":[{"MetaDataVersion":{"MajorVersion":1},"MessageType":"ua-event","DataSetWriterName":"<<UnknownDataSet>>","Payload":{"EventId":{"Value":{"Type":15,"Body":"+IBL29a240C4YpqYZpNitw=="}},"EventType":{"Value":{"Type":18,"Body":{"IdType":1,"Id":"NodeChange"}}},"SourceNode":{"Value":{"Type":17,"Body":{"IdType":1,"Id":"Views_Operations","Namespace":8}}},"Time":{"Value":{"Type":13,"Body":"2024-04-27T12:20:32.9918296Z"}},"Change":{"Value":{"Type":22,"Body":{"TypeId":{"Id":15078},"Body":{"NodeId":{"IdType":1,"Id":"Views_Operations","Namespace":8},"NodeClass":128,"BrowseName":{"Name":"Operations","Uri":8},"DisplayName":{"Text":"Operations"},"RolePermissions":[],"UserRolePermissions":[],"References":[],"ContainsNoLoops":true}}}}}}]}