{"MessageId":"27b988df-5591-42ee-bc86-4f66b507b9ba","MessageType":"ua-data","PublisherId":"DESKTOP-BGFJS91","DataSetWriterGroup":"<<UnknownWriterGroup>>","Messages":[{"MetaDataVersion":{"MajorVersion":1},"MessageType":"ua-event","DataSetWriterName":"<<UnknownDataSet>>","Payload":{"EventId":{"Value":{"Type":15,"Body":"rBd24fDNj0yz/BZ7J1VWnA=="}},"EventType":{"Value":{"Type":18,"Body":{"IdType":1,"Id":"NodeChange"}}},"SourceNode":{"Value":{"Type":17,"Body":{"Id":87}}},"Time":{"Value":{"Type":13,"Body":"2024-04-27T12:20:32.9013777Z"}},"Change":{"Value":{"Type":22,"Body":{"TypeId":{"Id":15071},"Body":{"NodeId":{"Id":87},"NodeClass":1,"BrowseName":{"Name":"Views"},"DisplayName":{"Text":"Views"},"Description":{"Text":"The browse entry point when looking for views in the server address space."},"RolePermissions":[],"UserRolePermissions":[],"References":[]}}}}}}]}