{"MessageId":"f095bc27-aa6a-4c4a-8da3-37711daa27f6","MessageType":"ua-data","PublisherId":"DESKTOP-BGFJS91","DataSetWriterGroup":"<<UnknownWriterGroup>>","Messages":[{"MetaDataVersion":{"MajorVersion":1},"MessageType":"ua-event","DataSetWriterName":"<<UnknownDataSet>>","Payload":{"EventId":{"Value":{"Type":15,"Body":"cmKL27Z9h0SyuejNCLCWjg=="}},"EventType":{"Value":{"Type":18,"Body":{"IdType":1,"Id":"ReferenceChange"}}},"SourceNode":{"Value":{"Type":17,"Body":{"Id":2253}}},"Time":{"Value":{"Type":13,"Body":"2024-04-27T12:20:33.0225106Z"}},"Change":{"Value":{"Type":22,"Body":{"TypeId":{"Id":15182},"Body":{"ReferenceTypeId":{"Id":47},"IsForward":true,"NodeId":{"Id":2268},"BrowseName":{"Name":"ServerCapabilities"},"DisplayName":{"Text":"ServerCapabilities"},"NodeClass":1,"TypeDefinition":{"Id":2013}}}}}}}]}