{"MessageId":"8e5cbf90-7739-42dd-a553-41f05d8c09f0","MessageType":"ua-data","PublisherId":"DESKTOP-BGFJS91","DataSetWriterGroup":"<<UnknownWriterGroup>>","Messages":[{"MetaDataVersion":{"MajorVersion":1},"MessageType":"ua-event","DataSetWriterName":"<<UnknownDataSet>>","Payload":{"EventId":{"Value":{"Type":15,"Body":"M7ENvlZ4XEiAbw+d/asgeA=="}},"EventType":{"Value":{"Type":18,"Body":{"IdType":1,"Id":"NodeChange"}}},"SourceNode":{"Value":{"Type":17,"Body":{"Id":2274}}},"Time":{"Value":{"Type":13,"Body":"2024-04-27T12:20:33.0249821Z"}},"Change":{"Value":{"Type":22,"Body":{"TypeId":{"Id":15071},"Body":{"NodeId":{"Id":2274},"NodeClass":1,"BrowseName":{"Name":"ServerDiagnostics"},"DisplayName":{"Text":"ServerDiagnostics"},"RolePermissions":[],"UserRolePermissions":[],"References":[]}}}}}}]}