{"MessageId":"a85bd211-5ed7-4c8a-ab51-86508d357c6b","MessageType":"ua-data","PublisherId":"DESKTOP-BGFJS91","DataSetWriterGroup":"<<UnknownWriterGroup>>","Messages":[{"MetaDataVersion":{"MajorVersion":1},"MessageType":"ua-event","DataSetWriterName":"<<UnknownDataSet>>","Payload":{"EventId":{"Value":{"Type":15,"Body":"cdc5yPbeFU24myGfs0ZQXQ=="}},"EventType":{"Value":{"Type":18,"Body":{"IdType":1,"Id":"NodeChange"}}},"SourceNode":{"Value":{"Type":17,"Body":{"Id":2253}}},"Time":{"Value":{"Type":13,"Body":"2024-04-27T12:20:32.9051201Z"}},"Change":{"Value":{"Type":22,"Body":{"TypeId":{"Id":15071},"Body":{"NodeId":{"Id":2253},"NodeClass":1,"BrowseName":{"Name":"Server"},"DisplayName":{"Text":"Server"},"RolePermissions":[],"UserRolePermissions":[],"References":[],"EventNotifier":1}}}}}}]}