[{"SequenceNumber":102,"MetaDataVersion":{"MajorVersion":1},"Timestamp":"2024-04-26T12:13:04.2541902Z","MessageType":"ua-deltaframe","DataSetWriterName":"<<UnknownDataSet>>","Payload":{"nsu=http://opcfoundation.org/UA/Plc/Applications;s=StepUp":{"Value":{"Type":7,"Body":1025},"SourceTimestamp":"2024-04-26T12:13:04.2382453Z","ServerTimestamp":"2024-04-26T12:13:04.2383203Z"},"nsu=http://opcfoundation.org/UA/Plc/Applications;s=RandomSignedInt32":{"Value":{"Type":6,"Body":845112173},"SourceTimestamp":"2024-04-26T12:13:04.2382644Z","ServerTimestamp":"2024-04-26T12:13:04.2382714Z"},"nsu=http://opcfoundation.org/UA/Plc/Applications;s=RandomUnsignedInt32":{"Value":{"Type":7,"Body":1697625964},"SourceTimestamp":"2024-04-26T12:13:04.2382812Z","ServerTimestamp":"2024-04-26T12:13:04.2382867Z"},"nsu=http://opcfoundation.org/UA/Plc/Applications;s=DipData":{"Value":{"Type":11,"Body":-12.533323356430429},"SourceTimestamp":"2024-04-26T12:13:04.2382868Z","ServerTimestamp":"2024-04-26T12:13:04.2382921Z"},"nsu=http://opcfoundation.org/UA/Plc/Applications;s=FastUIntScalar1":{"Value":{"Type":7,"Body":102},"SourceTimestamp":"2024-04-26T12:13:03.7366847Z","ServerTimestamp":"2024-04-26T12:13:03.7366869Z"}}}]