[{"SequenceNumber":108,"MetaDataVersion":{"MajorVersion":1},"Timestamp":"2024-04-26T12:13:10.2222148Z","MessageType":"ua-deltaframe","DataSetWriterName":"<<UnknownDataSet>>","Payload":{"nsu=http://opcfoundation.org/UA/Plc/Applications;s=StepUp":{"Value":{"Type":7,"Body":1084},"SourceTimestamp":"2024-04-26T12:13:10.1271976Z","ServerTimestamp":"2024-04-26T12:13:10.1272333Z"},"nsu=http://opcfoundation.org/UA/Plc/Applications;s=RandomSignedInt32":{"Value":{"Type":6,"Body":367081528},"SourceTimestamp":"2024-04-26T12:13:10.1271978Z","ServerTimestamp":"2024-04-26T12:13:10.1272441Z"},"nsu=http://opcfoundation.org/UA/Plc/Applications;s=RandomUnsignedInt32":{"Value":{"Type":7,"Body":1560456723},"SourceTimestamp":"2024-04-26T12:13:10.1272013Z","ServerTimestamp":"2024-04-26T12:13:10.1272116Z"},"nsu=http://opcfoundation.org/UA/Plc/Applications;s=DipData":{"Value":{"Type":11,"Body":84.432792550201498},"SourceTimestamp":"2024-04-26T12:13:10.1272215Z","ServerTimestamp":"2024-04-26T12:13:10.1272225Z"},"nsu=http://opcfoundation.org/UA/Plc/Applications;s=FastUIntScalar1":{"Value":{"Type":7,"Body":108},"SourceTimestamp":"2024-04-26T12:13:09.7328161Z","ServerTimestamp":"2024-04-26T12:13:09.7328187Z"}}}]