[{"SequenceNumber":109,"MetaDataVersion":{"MajorVersion":1},"Timestamp":"2024-04-26T12:13:11.2276158Z","MessageType":"ua-deltaframe","DataSetWriterName":"<<UnknownDataSet>>","Payload":{"nsu=http://opcfoundation.org/UA/Plc/Applications;s=StepUp":{"Value":{"Type":7,"Body":1094},"SourceTimestamp":"2024-04-26T12:13:11.1327817Z","ServerTimestamp":"2024-04-26T12:13:11.132785Z"},"nsu=http://opcfoundation.org/UA/Plc/Applications;s=RandomSignedInt32":{"Value":{"Type":6,"Body":181379040},"SourceTimestamp":"2024-04-26T12:13:11.1327949Z","ServerTimestamp":"2024-04-26T12:13:11.1327966Z"},"nsu=http://opcfoundation.org/UA/Plc/Applications;s=RandomUnsignedInt32":{"Value":{"Type":7,"Body":356758201},"SourceTimestamp":"2024-04-26T12:13:11.1328071Z","ServerTimestamp":"2024-04-26T12:13:11.1328088Z"},"nsu=http://opcfoundation.org/UA/Plc/Applications;s=DipData":{"Value":{"Type":11,"Body":77.051324277578928},"SourceTimestamp":"2024-04-26T12:13:11.1328115Z","ServerTimestamp":"2024-04-26T12:13:11.1328137Z"},"nsu=http://opcfoundation.org/UA/Plc/Applications;s=FastUIntScalar1":{"Value":{"Type":7,"Body":109},"SourceTimestamp":"2024-04-26T12:13:10.7395273Z","ServerTimestamp":"2024-04-26T12:13:10.7395295Z"}}}]