[{"SequenceNumber":112,"MetaDataVersion":{"MajorVersion":1},"Timestamp":"2024-04-26T12:13:14.2416877Z","MessageType":"ua-deltaframe","DataSetWriterName":"<<UnknownDataSet>>","Payload":{"nsu=http://opcfoundation.org/UA/Plc/Applications;s=StepUp":{"Value":{"Type":7,"Body":1124},"SourceTimestamp":"2024-04-26T12:13:14.1311671Z","ServerTimestamp":"2024-04-26T12:13:14.13117Z"},"nsu=http://opcfoundation.org/UA/Plc/Applications;s=RandomSignedInt32":{"Value":{"Type":6,"Body":-395704854},"SourceTimestamp":"2024-04-26T12:13:14.131184Z","ServerTimestamp":"2024-04-26T12:13:14.1311857Z"},"nsu=http://opcfoundation.org/UA/Plc/Applications;s=RandomUnsignedInt32":{"Value":{"Type":7,"Body":1046463214},"SourceTimestamp":"2024-04-26T12:13:14.1311877Z","ServerTimestamp":"2024-04-26T12:13:14.1311938Z"},"nsu=http://opcfoundation.org/UA/Plc/Applications;s=DipData":{"Value":{"Type":11,"Body":-24.8689887164855},"SourceTimestamp":"2024-04-26T12:13:14.1312023Z","ServerTimestamp":"2024-04-26T12:13:14.1312043Z"},"nsu=http://opcfoundation.org/UA/Plc/Applications;s=FastUIntScalar1":{"Value":{"Type":7,"Body":112},"SourceTimestamp":"2024-04-26T12:13:13.739047Z","ServerTimestamp":"2024-04-26T12:13:13.7390494Z"}}}]