[{"SequenceNumber":118,"MetaDataVersion":{"MajorVersion":1},"Timestamp":"2024-04-26T12:13:20.2712491Z","MessageType":"ua-deltaframe","DataSetWriterName":"<<UnknownDataSet>>","Payload":{"nsu=http://opcfoundation.org/UA/Plc/Applications;s=StepUp":{"Value":{"Type":7,"Body":1185},"SourceTimestamp":"2024-04-26T12:13:20.2396441Z","ServerTimestamp":"2024-04-26T12:13:20.2396478Z"},"nsu=http://opcfoundation.org/UA/Plc/Applications;s=RandomSignedInt32":{"Value":{"Type":6,"Body":-1132536764},"SourceTimestamp":"2024-04-26T12:13:20.2396575Z","ServerTimestamp":"2024-04-26T12:13:20.2396599Z"},"nsu=http://opcfoundation.org/UA/Plc/Applications;s=RandomUnsignedInt32":{"Value":{"Type":7,"Body":1624258491},"SourceTimestamp":"2024-04-26T12:13:20.2396712Z","ServerTimestamp":"2024-04-26T12:13:20.2396725Z"},"nsu=http://opcfoundation.org/UA/Plc/Applications;s=DipData":{"Value":{"Type":11,"Body":90.482705246601952},"SourceTimestamp":"2024-04-26T12:13:20.2396758Z","ServerTimestamp":"2024-04-26T12:13:20.2396763Z"},"nsu=http://opcfoundation.org/UA/Plc/Applications;s=FastUIntScalar1":{"Value":{"Type":7,"Body":118},"SourceTimestamp":"2024-04-26T12:13:19.7361134Z","ServerTimestamp":"2024-04-26T12:13:19.736116Z"}}}]