[{"SequenceNumber":16,"MetaDataVersion":{"MajorVersion":1},"Timestamp":"2024-04-26T12:11:38.2494542Z","MessageType":"ua-deltaframe","DataSetWriterName":"<<UnknownDataSet>>","Payload":{"nsu=http://opcfoundation.org/UA/Plc/Applications;s=StepUp":{"Value":{"Type":7,"Body":165},"SourceTimestamp":"2024-04-26T12:11:38.2334453Z","ServerTimestamp":"2024-04-26T12:11:38.2334496Z"},"nsu=http://opcfoundation.org/UA/Plc/Applications;s=RandomSignedInt32":{"Value":{"Type":6,"Body":-1562234240},"SourceTimestamp":"2024-04-26T12:11:38.2334657Z","ServerTimestamp":"2024-04-26T12:11:38.2334717Z"},"nsu=http://opcfoundation.org/UA/Plc/Applications;s=RandomUnsignedInt32":{"Value":{"Type":7,"Body":1124996209},"SourceTimestamp":"2024-04-26T12:11:38.2334652Z","ServerTimestamp":"2024-04-26T12:11:38.2334695Z"},"nsu=http://opcfoundation.org/UA/Plc/Applications;s=DipData":{"Value":{"Type":11,"Body":-98.228725072868869},"SourceTimestamp":"2024-04-26T12:11:38.2334799Z","ServerTimestamp":"2024-04-26T12:11:38.2334804Z"},"nsu=http://opcfoundation.org/UA/Plc/Applications;s=FastUIntScalar1":{"Value":{"Type":7,"Body":16},"SourceTimestamp":"2024-04-26T12:11:37.7292341Z","ServerTimestamp":"2024-04-26T12:11:37.7292408Z"}}}]