[{"SequenceNumber":17,"MetaDataVersion":{"MajorVersion":1},"Timestamp":"2024-04-26T12:11:39.2507992Z","MessageType":"ua-deltaframe","DataSetWriterName":"<<UnknownDataSet>>","Payload":{"nsu=http://opcfoundation.org/UA/Plc/Applications;s=StepUp":{"Value":{"Type":7,"Body":175},"SourceTimestamp":"2024-04-26T12:11:39.2345832Z","ServerTimestamp":"2024-04-26T12:11:39.2345864Z"},"nsu=http://opcfoundation.org/UA/Plc/Applications;s=RandomSignedInt32":{"Value":{"Type":6,"Body":768104769},"SourceTimestamp":"2024-04-26T12:11:39.2345903Z","ServerTimestamp":"2024-04-26T12:11:39.2345958Z"},"nsu=http://opcfoundation.org/UA/Plc/Applications;s=RandomUnsignedInt32":{"Value":{"Type":7,"Body":1069029320},"SourceTimestamp":"2024-04-26T12:11:39.2345976Z","ServerTimestamp":"2024-04-26T12:11:39.2346026Z"},"nsu=http://opcfoundation.org/UA/Plc/Applications;s=DipData":{"Value":{"Type":11,"Body":-12.533323356430429},"SourceTimestamp":"2024-04-26T12:11:39.234617Z","ServerTimestamp":"2024-04-26T12:11:39.2346218Z"},"nsu=http://opcfoundation.org/UA/Plc/Applications;s=FastUIntScalar1":{"Value":{"Type":7,"Body":17},"SourceTimestamp":"2024-04-26T12:11:38.7368561Z","ServerTimestamp":"2024-04-26T12:11:38.7368595Z"}}}]