[{"SequenceNumber":22,"MetaDataVersion":{"MajorVersion":1},"Timestamp":"2024-04-26T12:11:44.219208Z","MessageType":"ua-deltaframe","DataSetWriterName":"<<UnknownDataSet>>","Payload":{"nsu=http://opcfoundation.org/UA/Plc/Applications;s=StepUp":{"Value":{"Type":7,"Body":224},"SourceTimestamp":"2024-04-26T12:11:44.1403638Z","ServerTimestamp":"2024-04-26T12:11:44.1403678Z"},"nsu=http://opcfoundation.org/UA/Plc/Applications;s=RandomSignedInt32":{"Value":{"Type":6,"Body":-1243103235},"SourceTimestamp":"2024-04-26T12:11:44.1403746Z","ServerTimestamp":"2024-04-26T12:11:44.1403775Z"},"nsu=http://opcfoundation.org/UA/Plc/Applications;s=RandomUnsignedInt32":{"Value":{"Type":7,"Body":1835735072},"SourceTimestamp":"2024-04-26T12:11:44.140393Z","ServerTimestamp":"2024-04-26T12:11:44.1403962Z"},"nsu=http://opcfoundation.org/UA/Plc/Applications;s=DipData":{"Value":{"Type":11,"Body":-24.8689887164855},"SourceTimestamp":"2024-04-26T12:11:44.1403915Z","ServerTimestamp":"2024-04-26T12:11:44.1403996Z"},"nsu=http://opcfoundation.org/UA/Plc/Applications;s=FastUIntScalar1":{"Value":{"Type":7,"Body":22},"SourceTimestamp":"2024-04-26T12:11:43.7319179Z","ServerTimestamp":"2024-04-26T12:11:43.7319206Z"}}}]