[{"SequenceNumber":31,"MetaDataVersion":{"MajorVersion":1},"Timestamp":"2024-04-26T12:11:53.2386113Z","MessageType":"ua-deltaframe","DataSetWriterName":"<<UnknownDataSet>>","Payload":{"nsu=http://opcfoundation.org/UA/Plc/Applications;s=StepUp":{"Value":{"Type":7,"Body":315},"SourceTimestamp":"2024-04-26T12:11:53.2383031Z","ServerTimestamp":"2024-04-26T12:11:53.2383058Z"},"nsu=http://opcfoundation.org/UA/Plc/Applications;s=RandomSignedInt32":{"Value":{"Type":6,"Body":950144646},"SourceTimestamp":"2024-04-26T12:11:53.2383065Z","ServerTimestamp":"2024-04-26T12:11:53.2383131Z"},"nsu=http://opcfoundation.org/UA/Plc/Applications;s=RandomUnsignedInt32":{"Value":{"Type":7,"Body":1071566892},"SourceTimestamp":"2024-04-26T12:11:53.1269186Z","ServerTimestamp":"2024-04-26T12:11:53.1269203Z"},"nsu=http://opcfoundation.org/UA/Plc/Applications;s=DipData":{"Value":{"Type":11,"Body":-99.80267284282715},"SourceTimestamp":"2024-04-26T12:11:53.0303767Z","ServerTimestamp":"2024-04-26T12:11:53.0303783Z"},"nsu=http://opcfoundation.org/UA/Plc/Applications;s=FastUIntScalar1":{"Value":{"Type":7,"Body":31},"SourceTimestamp":"2024-04-26T12:11:52.7262722Z","ServerTimestamp":"2024-04-26T12:11:52.7262752Z"}}}]