[{"SequenceNumber":33,"MetaDataVersion":{"MajorVersion":1},"Timestamp":"2024-04-26T12:11:55.270196Z","MessageType":"ua-deltaframe","DataSetWriterName":"<<UnknownDataSet>>","Payload":{"nsu=http://opcfoundation.org/UA/Plc/Applications;s=StepUp":{"Value":{"Type":7,"Body":335},"SourceTimestamp":"2024-04-26T12:11:55.2384758Z","ServerTimestamp":"2024-04-26T12:11:55.2384794Z"},"nsu=http://opcfoundation.org/UA/Plc/Applications;s=RandomSignedInt32":{"Value":{"Type":6,"Body":1855349089},"SourceTimestamp":"2024-04-26T12:11:55.2384813Z","ServerTimestamp":"2024-04-26T12:11:55.2385298Z"},"nsu=http://opcfoundation.org/UA/Plc/Applications;s=RandomUnsignedInt32":{"Value":{"Type":7,"Body":1231404600},"SourceTimestamp":"2024-04-26T12:11:55.2384988Z","ServerTimestamp":"2024-04-26T12:11:55.2385008Z"},"nsu=http://opcfoundation.org/UA/Plc/Applications;s=DipData":{"Value":{"Type":11,"Body":90.482705246601952},"SourceTimestamp":"2024-04-26T12:11:55.2385198Z","ServerTimestamp":"2024-04-26T12:11:55.2385211Z"},"nsu=http://opcfoundation.org/UA/Plc/Applications;s=FastUIntScalar1":{"Value":{"Type":7,"Body":33},"SourceTimestamp":"2024-04-26T12:11:54.7309596Z","ServerTimestamp":"2024-04-26T12:11:54.7309624Z"}}}]