[{"SequenceNumber":39,"MetaDataVersion":{"MajorVersion":1},"Timestamp":"2024-04-26T12:12:01.2335799Z","MessageType":"ua-deltaframe","DataSetWriterName":"<<UnknownDataSet>>","Payload":{"nsu=http://opcfoundation.org/UA/Plc/Applications;s=StepUp":{"Value":{"Type":7,"Body":394},"SourceTimestamp":"2024-04-26T12:12:01.1389425Z","ServerTimestamp":"2024-04-26T12:12:01.1389462Z"},"nsu=http://opcfoundation.org/UA/Plc/Applications;s=RandomSignedInt32":{"Value":{"Type":6,"Body":1723770373},"SourceTimestamp":"2024-04-26T12:12:01.1389425Z","ServerTimestamp":"2024-04-26T12:12:01.1389851Z"},"nsu=http://opcfoundation.org/UA/Plc/Applications;s=RandomUnsignedInt32":{"Value":{"Type":7,"Body":1552027257},"SourceTimestamp":"2024-04-26T12:12:01.1389597Z","ServerTimestamp":"2024-04-26T12:12:01.1389629Z"},"nsu=http://opcfoundation.org/UA/Plc/Applications;s=DipData":{"Value":{"Type":11,"Body":77.051324277578928},"SourceTimestamp":"2024-04-26T12:12:01.1389658Z","ServerTimestamp":"2024-04-26T12:12:01.1389705Z"},"nsu=http://opcfoundation.org/UA/Plc/Applications;s=FastUIntScalar1":{"Value":{"Type":7,"Body":39},"SourceTimestamp":"2024-04-26T12:12:00.7307069Z","ServerTimestamp":"2024-04-26T12:12:00.730709Z"}}}]