[{"SequenceNumber":4,"MetaDataVersion":{"MajorVersion":1},"Timestamp":"2024-04-26T12:11:26.248282Z","MessageType":"ua-deltaframe","DataSetWriterName":"<<UnknownDataSet>>","Payload":{"nsu=http://opcfoundation.org/UA/Plc/Applications;s=StepUp":{"Value":{"Type":7,"Body":45},"SourceTimestamp":"2024-04-26T12:11:26.2321031Z","ServerTimestamp":"2024-04-26T12:11:26.2321062Z"},"nsu=http://opcfoundation.org/UA/Plc/Applications;s=RandomSignedInt32":{"Value":{"Type":6,"Body":-1065499652},"SourceTimestamp":"2024-04-26T12:11:26.232113Z","ServerTimestamp":"2024-04-26T12:11:26.2321221Z"},"nsu=http://opcfoundation.org/UA/Plc/Applications;s=RandomUnsignedInt32":{"Value":{"Type":7,"Body":1068208051},"SourceTimestamp":"2024-04-26T12:11:26.2321241Z","ServerTimestamp":"2024-04-26T12:11:26.2321288Z"},"nsu=http://opcfoundation.org/UA/Plc/Applications;s=DipData":{"Value":{"Type":11,"Body":68.454710592868878},"SourceTimestamp":"2024-04-26T12:11:26.2321307Z","ServerTimestamp":"2024-04-26T12:11:26.2321312Z"},"nsu=http://opcfoundation.org/UA/Plc/Applications;s=FastUIntScalar1":{"Value":{"Type":7,"Body":4},"SourceTimestamp":"2024-04-26T12:11:25.7288326Z","ServerTimestamp":"2024-04-26T12:11:25.7288412Z"}}}]