[{"SequenceNumber":40,"MetaDataVersion":{"MajorVersion":1},"Timestamp":"2024-04-26T12:12:02.2456491Z","MessageType":"ua-deltaframe","DataSetWriterName":"<<UnknownDataSet>>","Payload":{"nsu=http://opcfoundation.org/UA/Plc/Applications;s=StepUp":{"Value":{"Type":7,"Body":405},"SourceTimestamp":"2024-04-26T12:12:02.229102Z","ServerTimestamp":"2024-04-26T12:12:02.2291052Z"},"nsu=http://opcfoundation.org/UA/Plc/Applications;s=AlternatingBoolean":{"Value":{"Type":1,"Body":true},"SourceTimestamp":"2024-04-26T12:12:01.8335798Z","ServerTimestamp":"2024-04-26T12:12:01.8335859Z"},"nsu=http://opcfoundation.org/UA/Plc/Applications;s=RandomSignedInt32":{"Value":{"Type":6,"Body":45405143},"SourceTimestamp":"2024-04-26T12:12:02.2291031Z","ServerTimestamp":"2024-04-26T12:12:02.2291144Z"},"nsu=http://opcfoundation.org/UA/Plc/Applications;s=RandomUnsignedInt32":{"Value":{"Type":7,"Body":1204523472},"SourceTimestamp":"2024-04-26T12:12:02.2291113Z","ServerTimestamp":"2024-04-26T12:12:02.2291204Z"},"nsu=http://opcfoundation.org/UA/Plc/Applications;s=DipData":{"Value":{"Type":11,"Body":-48.175367410171532},"SourceTimestamp":"2024-04-26T12:12:02.2291273Z","ServerTimestamp":"2024-04-26T12:12:02.2291278Z"},"nsu=http://opcfoundation.org/UA/Plc/Applications;s=FastUIntScalar1":{"Value":{"Type":7,"Body":40},"SourceTimestamp":"2024-04-26T12:12:01.7367563Z","ServerTimestamp":"2024-04-26T12:12:01.7367571Z"}}}]