[{"SequenceNumber":42,"MetaDataVersion":{"MajorVersion":1},"Timestamp":"2024-04-26T12:12:04.262056Z","MessageType":"ua-deltaframe","DataSetWriterName":"<<UnknownDataSet>>","Payload":{"nsu=http://opcfoundation.org/UA/Plc/Applications;s=StepUp":{"Value":{"Type":7,"Body":425},"SourceTimestamp":"2024-04-26T12:12:04.2298932Z","ServerTimestamp":"2024-04-26T12:12:04.2299407Z"},"nsu=http://opcfoundation.org/UA/Plc/Applications;s=RandomSignedInt32":{"Value":{"Type":6,"Body":1258645800},"SourceTimestamp":"2024-04-26T12:12:04.2298987Z","ServerTimestamp":"2024-04-26T12:12:04.2299538Z"},"nsu=http://opcfoundation.org/UA/Plc/Applications;s=RandomUnsignedInt32":{"Value":{"Type":7,"Body":776905899},"SourceTimestamp":"2024-04-26T12:12:04.2298979Z","ServerTimestamp":"2024-04-26T12:12:04.2299068Z"},"nsu=http://opcfoundation.org/UA/Plc/Applications;s=DipData":{"Value":{"Type":11,"Body":-12.533323356430429},"SourceTimestamp":"2024-04-26T12:12:04.2299123Z","ServerTimestamp":"2024-04-26T12:12:04.2299806Z"},"nsu=http://opcfoundation.org/UA/Plc/Applications;s=FastUIntScalar1":{"Value":{"Type":7,"Body":42},"SourceTimestamp":"2024-04-26T12:12:03.7391022Z","ServerTimestamp":"2024-04-26T12:12:03.7391055Z"}}}]