[{"SequenceNumber":45,"MetaDataVersion":{"MajorVersion":1},"Timestamp":"2024-04-26T12:12:07.2612081Z","MessageType":"ua-deltaframe","DataSetWriterName":"<<UnknownDataSet>>","Payload":{"nsu=http://opcfoundation.org/UA/Plc/Applications;s=StepUp":{"Value":{"Type":7,"Body":455},"SourceTimestamp":"2024-04-26T12:12:07.2287483Z","ServerTimestamp":"2024-04-26T12:12:07.228752Z"},"nsu=http://opcfoundation.org/UA/Plc/Applications;s=AlternatingBoolean":{"Value":{"Type":1,"Body":false},"SourceTimestamp":"2024-04-26T12:12:06.8359866Z","ServerTimestamp":"2024-04-26T12:12:06.8359951Z"},"nsu=http://opcfoundation.org/UA/Plc/Applications;s=RandomSignedInt32":{"Value":{"Type":6,"Body":-452069832},"SourceTimestamp":"2024-04-26T12:12:07.2287568Z","ServerTimestamp":"2024-04-26T12:12:07.2287612Z"},"nsu=http://opcfoundation.org/UA/Plc/Applications;s=RandomUnsignedInt32":{"Value":{"Type":7,"Body":47790422},"SourceTimestamp":"2024-04-26T12:12:07.2287657Z","ServerTimestamp":"2024-04-26T12:12:07.2287676Z"},"nsu=http://opcfoundation.org/UA/Plc/Applications;s=DipData":{"Value":{"Type":11,"Body":-48.175367410171532},"SourceTimestamp":"2024-04-26T12:12:07.2287708Z","ServerTimestamp":"2024-04-26T12:12:07.2287714Z"},"nsu=http://opcfoundation.org/UA/Plc/Applications;s=FastUIntScalar1":{"Value":{"Type":7,"Body":45},"SourceTimestamp":"2024-04-26T12:12:06.7264174Z","ServerTimestamp":"2024-04-26T12:12:06.7264209Z"}}}]