[{"SequenceNumber":49,"MetaDataVersion":{"MajorVersion":1},"Timestamp":"2024-04-26T12:12:11.2219556Z","MessageType":"ua-deltaframe","DataSetWriterName":"<<UnknownDataSet>>","Payload":{"nsu=http://opcfoundation.org/UA/Plc/Applications;s=StepUp":{"Value":{"Type":7,"Body":494},"SourceTimestamp":"2024-04-26T12:12:11.1272624Z","ServerTimestamp":"2024-04-26T12:12:11.1272657Z"},"nsu=http://opcfoundation.org/UA/Plc/Applications;s=RandomSignedInt32":{"Value":{"Type":6,"Body":1155237686},"SourceTimestamp":"2024-04-26T12:12:11.1272726Z","ServerTimestamp":"2024-04-26T12:12:11.1272746Z"},"nsu=http://opcfoundation.org/UA/Plc/Applications;s=RandomUnsignedInt32":{"Value":{"Type":7,"Body":2087418680},"SourceTimestamp":"2024-04-26T12:12:11.1272834Z","ServerTimestamp":"2024-04-26T12:12:11.1272882Z"},"nsu=http://opcfoundation.org/UA/Plc/Applications;s=DipData":{"Value":{"Type":11,"Body":77.051324277578928},"SourceTimestamp":"2024-04-26T12:12:11.1272851Z","ServerTimestamp":"2024-04-26T12:12:11.127286Z"},"nsu=http://opcfoundation.org/UA/Plc/Applications;s=FastUIntScalar1":{"Value":{"Type":7,"Body":49},"SourceTimestamp":"2024-04-26T12:12:10.7356452Z","ServerTimestamp":"2024-04-26T12:12:10.735648Z"}}}]