[{"SequenceNumber":5,"MetaDataVersion":{"MajorVersion":1},"Timestamp":"2024-04-26T12:11:27.2565105Z","MessageType":"ua-deltaframe","DataSetWriterName":"<<UnknownDataSet>>","Payload":{"nsu=http://opcfoundation.org/UA/Plc/Applications;s=StepUp":{"Value":{"Type":7,"Body":55},"SourceTimestamp":"2024-04-26T12:11:27.2403336Z","ServerTimestamp":"2024-04-26T12:11:27.2403366Z"},"nsu=http://opcfoundation.org/UA/Plc/Applications;s=AlternatingBoolean":{"Value":{"Type":1,"Body":false},"SourceTimestamp":"2024-04-26T12:11:26.8302603Z","ServerTimestamp":"2024-04-26T12:11:26.8302946Z"},"nsu=http://opcfoundation.org/UA/Plc/Applications;s=RandomSignedInt32":{"Value":{"Type":6,"Body":-163215114},"SourceTimestamp":"2024-04-26T12:11:27.24035Z","ServerTimestamp":"2024-04-26T12:11:27.2403522Z"},"nsu=http://opcfoundation.org/UA/Plc/Applications;s=RandomUnsignedInt32":{"Value":{"Type":7,"Body":255404654},"SourceTimestamp":"2024-04-26T12:11:27.240352Z","ServerTimestamp":"2024-04-26T12:11:27.2403553Z"},"nsu=http://opcfoundation.org/UA/Plc/Applications;s=DipData":{"Value":{"Type":11,"Body":-48.175367410171532},"SourceTimestamp":"2024-04-26T12:11:27.2403614Z","ServerTimestamp":"2024-04-26T12:11:27.2403622Z"},"nsu=http://opcfoundation.org/UA/Plc/Applications;s=FastUIntScalar1":{"Value":{"Type":7,"Body":5},"SourceTimestamp":"2024-04-26T12:11:26.7360352Z","ServerTimestamp":"2024-04-26T12:11:26.7360375Z"}}}]