[{"SequenceNumber":53,"MetaDataVersion":{"MajorVersion":1},"Timestamp":"2024-04-26T12:12:15.2318689Z","MessageType":"ua-deltaframe","DataSetWriterName":"<<UnknownDataSet>>","Payload":{"nsu=http://opcfoundation.org/UA/Plc/Applications;s=StepUp":{"Value":{"Type":7,"Body":534},"SourceTimestamp":"2024-04-26T12:12:15.1372763Z","ServerTimestamp":"2024-04-26T12:12:15.13728Z"},"nsu=http://opcfoundation.org/UA/Plc/Applications;s=RandomSignedInt32":{"Value":{"Type":6,"Body":-1284694766},"SourceTimestamp":"2024-04-26T12:12:15.1372813Z","ServerTimestamp":"2024-04-26T12:12:15.1372909Z"},"nsu=http://opcfoundation.org/UA/Plc/Applications;s=RandomUnsignedInt32":{"Value":{"Type":7,"Body":1416392046},"SourceTimestamp":"2024-04-26T12:12:15.137298Z","ServerTimestamp":"2024-04-26T12:12:15.1372995Z"},"nsu=http://opcfoundation.org/UA/Plc/Applications;s=DipData":{"Value":{"Type":11,"Body":84.432792550201498},"SourceTimestamp":"2024-04-26T12:12:15.1373059Z","ServerTimestamp":"2024-04-26T12:12:15.1373181Z"},"nsu=http://opcfoundation.org/UA/Plc/Applications;s=FastUIntScalar1":{"Value":{"Type":7,"Body":53},"SourceTimestamp":"2024-04-26T12:12:14.7290191Z","ServerTimestamp":"2024-04-26T12:12:14.7290254Z"}}}]