[{"SequenceNumber":56,"MetaDataVersion":{"MajorVersion":1},"Timestamp":"2024-04-26T12:12:18.2775249Z","MessageType":"ua-deltaframe","DataSetWriterName":"<<UnknownDataSet>>","Payload":{"nsu=http://opcfoundation.org/UA/Plc/Applications;s=StepUp":{"Value":{"Type":7,"Body":565},"SourceTimestamp":"2024-04-26T12:12:18.2297254Z","ServerTimestamp":"2024-04-26T12:12:18.2297285Z"},"nsu=http://opcfoundation.org/UA/Plc/Applications;s=RandomSignedInt32":{"Value":{"Type":6,"Body":-1184268101},"SourceTimestamp":"2024-04-26T12:12:18.229746Z","ServerTimestamp":"2024-04-26T12:12:18.2297507Z"},"nsu=http://opcfoundation.org/UA/Plc/Applications;s=RandomUnsignedInt32":{"Value":{"Type":7,"Body":1959491186},"SourceTimestamp":"2024-04-26T12:12:18.2297501Z","ServerTimestamp":"2024-04-26T12:12:18.2297533Z"},"nsu=http://opcfoundation.org/UA/Plc/Applications;s=DipData":{"Value":{"Type":11,"Body":-98.228725072868869},"SourceTimestamp":"2024-04-26T12:12:18.2297597Z","ServerTimestamp":"2024-04-26T12:12:18.2297611Z"},"nsu=http://opcfoundation.org/UA/Plc/Applications;s=FastUIntScalar1":{"Value":{"Type":7,"Body":56},"SourceTimestamp":"2024-04-26T12:12:17.7387392Z","ServerTimestamp":"2024-04-26T12:12:17.7387419Z"}}}]