[{"SequenceNumber":58,"MetaDataVersion":{"MajorVersion":1},"Timestamp":"2024-04-26T12:12:20.2418461Z","MessageType":"ua-deltaframe","DataSetWriterName":"<<UnknownDataSet>>","Payload":{"nsu=http://opcfoundation.org/UA/Plc/Applications;s=StepUp":{"Value":{"Type":7,"Body":584},"SourceTimestamp":"2024-04-26T12:12:20.1371423Z","ServerTimestamp":"2024-04-26T12:12:20.137157Z"},"nsu=http://opcfoundation.org/UA/Plc/Applications;s=RandomSignedInt32":{"Value":{"Type":6,"Body":1728297889},"SourceTimestamp":"2024-04-26T12:12:20.137183Z","ServerTimestamp":"2024-04-26T12:12:20.137185Z"},"nsu=http://opcfoundation.org/UA/Plc/Applications;s=RandomUnsignedInt32":{"Value":{"Type":7,"Body":1640782079},"SourceTimestamp":"2024-04-26T12:12:20.1371852Z","ServerTimestamp":"2024-04-26T12:12:20.1371916Z"},"nsu=http://opcfoundation.org/UA/Plc/Applications;s=DipData":{"Value":{"Type":11,"Body":84.432792550201498},"SourceTimestamp":"2024-04-26T12:12:20.1372004Z","ServerTimestamp":"2024-04-26T12:12:20.1372026Z"},"nsu=http://opcfoundation.org/UA/Plc/Applications;s=FastUIntScalar1":{"Value":{"Type":7,"Body":58},"SourceTimestamp":"2024-04-26T12:12:19.7372536Z","ServerTimestamp":"2024-04-26T12:12:19.7372563Z"}}}]