[{"SequenceNumber":68,"MetaDataVersion":{"MajorVersion":1},"Timestamp":"2024-04-26T12:12:30.2373928Z","MessageType":"ua-deltaframe","DataSetWriterName":"<<UnknownDataSet>>","Payload":{"nsu=http://opcfoundation.org/UA/Plc/Applications;s=StepUp":{"Value":{"Type":7,"Body":685},"SourceTimestamp":"2024-04-26T12:12:30.2370326Z","ServerTimestamp":"2024-04-26T12:12:30.2370353Z"},"nsu=http://opcfoundation.org/UA/Plc/Applications;s=RandomSignedInt32":{"Value":{"Type":6,"Body":-613632582},"SourceTimestamp":"2024-04-26T12:12:30.1275405Z","ServerTimestamp":"2024-04-26T12:12:30.1275431Z"},"nsu=http://opcfoundation.org/UA/Plc/Applications;s=RandomUnsignedInt32":{"Value":{"Type":7,"Body":1204573821},"SourceTimestamp":"2024-04-26T12:12:30.127548Z","ServerTimestamp":"2024-04-26T12:12:30.1275487Z"},"nsu=http://opcfoundation.org/UA/Plc/Applications;s=DipData":{"Value":{"Type":11,"Body":84.432792550201498},"SourceTimestamp":"2024-04-26T12:12:30.1275593Z","ServerTimestamp":"2024-04-26T12:12:30.1275599Z"},"nsu=http://opcfoundation.org/UA/Plc/Applications;s=FastUIntScalar1":{"Value":{"Type":7,"Body":68},"SourceTimestamp":"2024-04-26T12:12:29.7352832Z","ServerTimestamp":"2024-04-26T12:12:29.7352887Z"}}}]