[{"SequenceNumber":69,"MetaDataVersion":{"MajorVersion":1},"Timestamp":"2024-04-26T12:12:31.2415292Z","MessageType":"ua-deltaframe","DataSetWriterName":"<<UnknownDataSet>>","Payload":{"nsu=http://opcfoundation.org/UA/Plc/Applications;s=StepUp":{"Value":{"Type":7,"Body":694},"SourceTimestamp":"2024-04-26T12:12:31.1322143Z","ServerTimestamp":"2024-04-26T12:12:31.1322172Z"},"nsu=http://opcfoundation.org/UA/Plc/Applications;s=RandomSignedInt32":{"Value":{"Type":6,"Body":106694527},"SourceTimestamp":"2024-04-26T12:12:31.1322414Z","ServerTimestamp":"2024-04-26T12:12:31.1322421Z"},"nsu=http://opcfoundation.org/UA/Plc/Applications;s=RandomUnsignedInt32":{"Value":{"Type":7,"Body":439866603},"SourceTimestamp":"2024-04-26T12:12:31.1322511Z","ServerTimestamp":"2024-04-26T12:12:31.1322517Z"},"nsu=http://opcfoundation.org/UA/Plc/Applications;s=DipData":{"Value":{"Type":11,"Body":77.051324277578928},"SourceTimestamp":"2024-04-26T12:12:31.1322622Z","ServerTimestamp":"2024-04-26T12:12:31.1322628Z"},"nsu=http://opcfoundation.org/UA/Plc/Applications;s=FastUIntScalar1":{"Value":{"Type":7,"Body":69},"SourceTimestamp":"2024-04-26T12:12:30.7393113Z","ServerTimestamp":"2024-04-26T12:12:30.7393135Z"}}}]