[{"SequenceNumber":7,"MetaDataVersion":{"MajorVersion":1},"Timestamp":"2024-04-26T12:11:29.2667057Z","MessageType":"ua-deltaframe","DataSetWriterName":"<<UnknownDataSet>>","Payload":{"nsu=http://opcfoundation.org/UA/Plc/Applications;s=StepUp":{"Value":{"Type":7,"Body":75},"SourceTimestamp":"2024-04-26T12:11:29.2351518Z","ServerTimestamp":"2024-04-26T12:11:29.2351548Z"},"nsu=http://opcfoundation.org/UA/Plc/Applications;s=RandomSignedInt32":{"Value":{"Type":6,"Body":-650307534},"SourceTimestamp":"2024-04-26T12:11:29.2351663Z","ServerTimestamp":"2024-04-26T12:11:29.2351704Z"},"nsu=http://opcfoundation.org/UA/Plc/Applications;s=RandomUnsignedInt32":{"Value":{"Type":7,"Body":85817921},"SourceTimestamp":"2024-04-26T12:11:29.2351792Z","ServerTimestamp":"2024-04-26T12:11:29.2351818Z"},"nsu=http://opcfoundation.org/UA/Plc/Applications;s=DipData":{"Value":{"Type":11,"Body":-12.533323356430429},"SourceTimestamp":"2024-04-26T12:11:29.2351772Z","ServerTimestamp":"2024-04-26T12:11:29.2351855Z"},"nsu=http://opcfoundation.org/UA/Plc/Applications;s=FastUIntScalar1":{"Value":{"Type":7,"Body":7},"SourceTimestamp":"2024-04-26T12:11:28.7326742Z","ServerTimestamp":"2024-04-26T12:11:28.7326771Z"}}}]