[{"SequenceNumber":70,"MetaDataVersion":{"MajorVersion":1},"Timestamp":"2024-04-26T12:12:32.2473037Z","MessageType":"ua-deltaframe","DataSetWriterName":"<<UnknownDataSet>>","Payload":{"nsu=http://opcfoundation.org/UA/Plc/Applications;s=StepUp":{"Value":{"Type":7,"Body":705},"SourceTimestamp":"2024-04-26T12:12:32.231318Z","ServerTimestamp":"2024-04-26T12:12:32.2313213Z"},"nsu=http://opcfoundation.org/UA/Plc/Applications;s=AlternatingBoolean":{"Value":{"Type":1,"Body":true},"SourceTimestamp":"2024-04-26T12:12:31.8385108Z","ServerTimestamp":"2024-04-26T12:12:31.8385178Z"},"nsu=http://opcfoundation.org/UA/Plc/Applications;s=RandomSignedInt32":{"Value":{"Type":6,"Body":10893362},"SourceTimestamp":"2024-04-26T12:12:32.2313334Z","ServerTimestamp":"2024-04-26T12:12:32.2313352Z"},"nsu=http://opcfoundation.org/UA/Plc/Applications;s=RandomUnsignedInt32":{"Value":{"Type":7,"Body":494023990},"SourceTimestamp":"2024-04-26T12:12:32.2313442Z","ServerTimestamp":"2024-04-26T12:12:32.2313657Z"},"nsu=http://opcfoundation.org/UA/Plc/Applications;s=DipData":{"Value":{"Type":11,"Body":-48.175367410171532},"SourceTimestamp":"2024-04-26T12:12:32.2313601Z","ServerTimestamp":"2024-04-26T12:12:32.2313609Z"},"nsu=http://opcfoundation.org/UA/Plc/Applications;s=FastUIntScalar1":{"Value":{"Type":7,"Body":70},"SourceTimestamp":"2024-04-26T12:12:31.7284972Z","ServerTimestamp":"2024-04-26T12:12:31.7284993Z"}}}]