[{"SequenceNumber":72,"MetaDataVersion":{"MajorVersion":1},"Timestamp":"2024-04-26T12:12:34.2520474Z","MessageType":"ua-deltaframe","DataSetWriterName":"<<UnknownDataSet>>","Payload":{"nsu=http://opcfoundation.org/UA/Plc/Applications;s=StepUp":{"Value":{"Type":7,"Body":725},"SourceTimestamp":"2024-04-26T12:12:34.2360769Z","ServerTimestamp":"2024-04-26T12:12:34.2360815Z"},"nsu=http://opcfoundation.org/UA/Plc/Applications;s=RandomSignedInt32":{"Value":{"Type":6,"Body":798284477},"SourceTimestamp":"2024-04-26T12:12:34.2361009Z","ServerTimestamp":"2024-04-26T12:12:34.2361016Z"},"nsu=http://opcfoundation.org/UA/Plc/Applications;s=RandomUnsignedInt32":{"Value":{"Type":7,"Body":1064843660},"SourceTimestamp":"2024-04-26T12:12:34.2361012Z","ServerTimestamp":"2024-04-26T12:12:34.2361043Z"},"nsu=http://opcfoundation.org/UA/Plc/Applications;s=DipData":{"Value":{"Type":11,"Body":-12.533323356430429},"SourceTimestamp":"2024-04-26T12:12:34.2361142Z","ServerTimestamp":"2024-04-26T12:12:34.2361147Z"},"nsu=http://opcfoundation.org/UA/Plc/Applications;s=FastUIntScalar1":{"Value":{"Type":7,"Body":72},"SourceTimestamp":"2024-04-26T12:12:33.7337772Z","ServerTimestamp":"2024-04-26T12:12:33.7337796Z"}}}]