[{"SequenceNumber":73,"MetaDataVersion":{"MajorVersion":1},"Timestamp":"2024-04-26T12:12:35.2569493Z","MessageType":"ua-deltaframe","DataSetWriterName":"<<UnknownDataSet>>","Payload":{"nsu=http://opcfoundation.org/UA/Plc/Applications;s=StepUp":{"Value":{"Type":7,"Body":735},"SourceTimestamp":"2024-04-26T12:12:35.2410012Z","ServerTimestamp":"2024-04-26T12:12:35.2410044Z"},"nsu=http://opcfoundation.org/UA/Plc/Applications;s=RandomSignedInt32":{"Value":{"Type":6,"Body":-1122221766},"SourceTimestamp":"2024-04-26T12:12:35.2410131Z","ServerTimestamp":"2024-04-26T12:12:35.2410195Z"},"nsu=http://opcfoundation.org/UA/Plc/Applications;s=RandomUnsignedInt32":{"Value":{"Type":7,"Body":775305311},"SourceTimestamp":"2024-04-26T12:12:35.2410202Z","ServerTimestamp":"2024-04-26T12:12:35.2410223Z"},"nsu=http://opcfoundation.org/UA/Plc/Applications;s=DipData":{"Value":{"Type":11,"Body":90.482705246601952},"SourceTimestamp":"2024-04-26T12:12:35.2410304Z","ServerTimestamp":"2024-04-26T12:12:35.2410376Z"},"nsu=http://opcfoundation.org/UA/Plc/Applications;s=FastUIntScalar1":{"Value":{"Type":7,"Body":73},"SourceTimestamp":"2024-04-26T12:12:34.7387705Z","ServerTimestamp":"2024-04-26T12:12:34.7387736Z"}}}]