[{"SequenceNumber":77,"MetaDataVersion":{"MajorVersion":1},"Timestamp":"2024-04-26T12:12:39.276618Z","MessageType":"ua-deltaframe","DataSetWriterName":"<<UnknownDataSet>>","Payload":{"nsu=http://opcfoundation.org/UA/Plc/Applications;s=StepUp":{"Value":{"Type":7,"Body":775},"SourceTimestamp":"2024-04-26T12:12:39.2287152Z","ServerTimestamp":"2024-04-26T12:12:39.228718Z"},"nsu=http://opcfoundation.org/UA/Plc/Applications;s=RandomSignedInt32":{"Value":{"Type":6,"Body":409194086},"SourceTimestamp":"2024-04-26T12:12:39.2287387Z","ServerTimestamp":"2024-04-26T12:12:39.2287402Z"},"nsu=http://opcfoundation.org/UA/Plc/Applications;s=RandomUnsignedInt32":{"Value":{"Type":7,"Body":1248579504},"SourceTimestamp":"2024-04-26T12:12:39.2287347Z","ServerTimestamp":"2024-04-26T12:12:39.2287353Z"},"nsu=http://opcfoundation.org/UA/Plc/Applications;s=DipData":{"Value":{"Type":11,"Body":-12.533323356430429},"SourceTimestamp":"2024-04-26T12:12:39.2287462Z","ServerTimestamp":"2024-04-26T12:12:39.2287468Z"},"nsu=http://opcfoundation.org/UA/Plc/Applications;s=FastUIntScalar1":{"Value":{"Type":7,"Body":77},"SourceTimestamp":"2024-04-26T12:12:38.7418234Z","ServerTimestamp":"2024-04-26T12:12:38.7418295Z"}}}]