[{"SequenceNumber":79,"MetaDataVersion":{"MajorVersion":1},"Timestamp":"2024-04-26T12:12:41.2243434Z","MessageType":"ua-deltaframe","DataSetWriterName":"<<UnknownDataSet>>","Payload":{"nsu=http://opcfoundation.org/UA/Plc/Applications;s=StepUp":{"Value":{"Type":7,"Body":794},"SourceTimestamp":"2024-04-26T12:12:41.1294757Z","ServerTimestamp":"2024-04-26T12:12:41.1294789Z"},"nsu=http://opcfoundation.org/UA/Plc/Applications;s=RandomSignedInt32":{"Value":{"Type":6,"Body":599135584},"SourceTimestamp":"2024-04-26T12:12:41.1294851Z","ServerTimestamp":"2024-04-26T12:12:41.1295335Z"},"nsu=http://opcfoundation.org/UA/Plc/Applications;s=RandomUnsignedInt32":{"Value":{"Type":7,"Body":1774709598},"SourceTimestamp":"2024-04-26T12:12:41.129504Z","ServerTimestamp":"2024-04-26T12:12:41.1295061Z"},"nsu=http://opcfoundation.org/UA/Plc/Applications;s=DipData":{"Value":{"Type":11,"Body":77.051324277578928},"SourceTimestamp":"2024-04-26T12:12:41.1295199Z","ServerTimestamp":"2024-04-26T12:12:41.1295205Z"},"nsu=http://opcfoundation.org/UA/Plc/Applications;s=FastUIntScalar1":{"Value":{"Type":7,"Body":79},"SourceTimestamp":"2024-04-26T12:12:40.7368952Z","ServerTimestamp":"2024-04-26T12:12:40.7368985Z"}}}]