[{"SequenceNumber":82,"MetaDataVersion":{"MajorVersion":1},"Timestamp":"2024-04-26T12:12:44.2328691Z","MessageType":"ua-deltaframe","DataSetWriterName":"<<UnknownDataSet>>","Payload":{"nsu=http://opcfoundation.org/UA/Plc/Applications;s=StepUp":{"Value":{"Type":7,"Body":824},"SourceTimestamp":"2024-04-26T12:12:44.1382466Z","ServerTimestamp":"2024-04-26T12:12:44.1382503Z"},"nsu=http://opcfoundation.org/UA/Plc/Applications;s=RandomSignedInt32":{"Value":{"Type":6,"Body":-642970075},"SourceTimestamp":"2024-04-26T12:12:44.1382614Z","ServerTimestamp":"2024-04-26T12:12:44.138265Z"},"nsu=http://opcfoundation.org/UA/Plc/Applications;s=RandomUnsignedInt32":{"Value":{"Type":7,"Body":49990146},"SourceTimestamp":"2024-04-26T12:12:44.1382734Z","ServerTimestamp":"2024-04-26T12:12:44.1382761Z"},"nsu=http://opcfoundation.org/UA/Plc/Applications;s=DipData":{"Value":{"Type":11,"Body":-24.8689887164855},"SourceTimestamp":"2024-04-26T12:12:44.1382736Z","ServerTimestamp":"2024-04-26T12:12:44.1382741Z"},"nsu=http://opcfoundation.org/UA/Plc/Applications;s=FastUIntScalar1":{"Value":{"Type":7,"Body":82},"SourceTimestamp":"2024-04-26T12:12:43.7297947Z","ServerTimestamp":"2024-04-26T12:12:43.7297976Z"}}}]