[{"SequenceNumber":85,"MetaDataVersion":{"MajorVersion":1},"Timestamp":"2024-04-26T12:12:47.2472142Z","MessageType":"ua-deltaframe","DataSetWriterName":"<<UnknownDataSet>>","Payload":{"nsu=http://opcfoundation.org/UA/Plc/Applications;s=StepUp":{"Value":{"Type":7,"Body":855},"SourceTimestamp":"2024-04-26T12:12:47.2308745Z","ServerTimestamp":"2024-04-26T12:12:47.230877Z"},"nsu=http://opcfoundation.org/UA/Plc/Applications;s=AlternatingBoolean":{"Value":{"Type":1,"Body":false},"SourceTimestamp":"2024-04-26T12:12:46.8389465Z","ServerTimestamp":"2024-04-26T12:12:46.8389487Z"},"nsu=http://opcfoundation.org/UA/Plc/Applications;s=RandomSignedInt32":{"Value":{"Type":6,"Body":178030279},"SourceTimestamp":"2024-04-26T12:12:47.2308877Z","ServerTimestamp":"2024-04-26T12:12:47.2308916Z"},"nsu=http://opcfoundation.org/UA/Plc/Applications;s=RandomUnsignedInt32":{"Value":{"Type":7,"Body":1001878121},"SourceTimestamp":"2024-04-26T12:12:47.2308992Z","ServerTimestamp":"2024-04-26T12:12:47.2309036Z"},"nsu=http://opcfoundation.org/UA/Plc/Applications;s=DipData":{"Value":{"Type":11,"Body":-48.175367410171532},"SourceTimestamp":"2024-04-26T12:12:47.2308992Z","ServerTimestamp":"2024-04-26T12:12:47.2309022Z"},"nsu=http://opcfoundation.org/UA/Plc/Applications;s=FastUIntScalar1":{"Value":{"Type":7,"Body":85},"SourceTimestamp":"2024-04-26T12:12:46.7291678Z","ServerTimestamp":"2024-04-26T12:12:46.7291712Z"}}}]