[{"SequenceNumber":90,"MetaDataVersion":{"MajorVersion":1},"Timestamp":"2024-04-26T12:12:52.2729946Z","MessageType":"ua-deltaframe","DataSetWriterName":"<<UnknownDataSet>>","Payload":{"nsu=http://opcfoundation.org/UA/Plc/Applications;s=StepUp":{"Value":{"Type":7,"Body":905},"SourceTimestamp":"2024-04-26T12:12:52.2409211Z","ServerTimestamp":"2024-04-26T12:12:52.2409255Z"},"nsu=http://opcfoundation.org/UA/Plc/Applications;s=AlternatingBoolean":{"Value":{"Type":1,"Body":true},"SourceTimestamp":"2024-04-26T12:12:51.832108Z","ServerTimestamp":"2024-04-26T12:12:51.8321107Z"},"nsu=http://opcfoundation.org/UA/Plc/Applications;s=RandomSignedInt32":{"Value":{"Type":6,"Body":-2011089636},"SourceTimestamp":"2024-04-26T12:12:52.2409348Z","ServerTimestamp":"2024-04-26T12:12:52.2409367Z"},"nsu=http://opcfoundation.org/UA/Plc/Applications;s=RandomUnsignedInt32":{"Value":{"Type":7,"Body":859720634},"SourceTimestamp":"2024-04-26T12:12:52.2409434Z","ServerTimestamp":"2024-04-26T12:12:52.2409444Z"},"nsu=http://opcfoundation.org/UA/Plc/Applications;s=DipData":{"Value":{"Type":11,"Body":-48.175367410171532},"SourceTimestamp":"2024-04-26T12:12:52.2409539Z","ServerTimestamp":"2024-04-26T12:12:52.2409545Z"},"nsu=http://opcfoundation.org/UA/Plc/Applications;s=FastUIntScalar1":{"Value":{"Type":7,"Body":90},"SourceTimestamp":"2024-04-26T12:12:51.7376713Z","ServerTimestamp":"2024-04-26T12:12:51.7376721Z"}}}]