[{"SequenceNumber":93,"MetaDataVersion":{"MajorVersion":1},"Timestamp":"2024-04-26T12:12:55.2187497Z","MessageType":"ua-deltaframe","DataSetWriterName":"<<UnknownDataSet>>","Payload":{"nsu=http://opcfoundation.org/UA/Plc/Applications;s=StepUp":{"Value":{"Type":7,"Body":934},"SourceTimestamp":"2024-04-26T12:12:55.1397576Z","ServerTimestamp":"2024-04-26T12:12:55.1397606Z"},"nsu=http://opcfoundation.org/UA/Plc/Applications;s=RandomSignedInt32":{"Value":{"Type":6,"Body":1775969161},"SourceTimestamp":"2024-04-26T12:12:55.1397755Z","ServerTimestamp":"2024-04-26T12:12:55.1397767Z"},"nsu=http://opcfoundation.org/UA/Plc/Applications;s=RandomUnsignedInt32":{"Value":{"Type":7,"Body":202287559},"SourceTimestamp":"2024-04-26T12:12:55.1397702Z","ServerTimestamp":"2024-04-26T12:12:55.1397749Z"},"nsu=http://opcfoundation.org/UA/Plc/Applications;s=DipData":{"Value":{"Type":11,"Body":84.432792550201498},"SourceTimestamp":"2024-04-26T12:12:55.1397825Z","ServerTimestamp":"2024-04-26T12:12:55.1397872Z"},"nsu=http://opcfoundation.org/UA/Plc/Applications;s=FastUIntScalar1":{"Value":{"Type":7,"Body":93},"SourceTimestamp":"2024-04-26T12:12:54.7308609Z","ServerTimestamp":"2024-04-26T12:12:54.7308718Z"}}}]