[{"SequenceNumber":94,"MetaDataVersion":{"MajorVersion":1},"Timestamp":"2024-04-26T12:12:56.224755Z","MessageType":"ua-deltaframe","DataSetWriterName":"<<UnknownDataSet>>","Payload":{"nsu=http://opcfoundation.org/UA/Plc/Applications;s=StepUp":{"Value":{"Type":7,"Body":944},"SourceTimestamp":"2024-04-26T12:12:56.1297919Z","ServerTimestamp":"2024-04-26T12:12:56.1297957Z"},"nsu=http://opcfoundation.org/UA/Plc/Applications;s=RandomSignedInt32":{"Value":{"Type":6,"Body":1792705041},"SourceTimestamp":"2024-04-26T12:12:56.1297991Z","ServerTimestamp":"2024-04-26T12:12:56.1298072Z"},"nsu=http://opcfoundation.org/UA/Plc/Applications;s=RandomUnsignedInt32":{"Value":{"Type":7,"Body":1554503866},"SourceTimestamp":"2024-04-26T12:12:56.12981Z","ServerTimestamp":"2024-04-26T12:12:56.1298145Z"},"nsu=http://opcfoundation.org/UA/Plc/Applications;s=DipData":{"Value":{"Type":11,"Body":77.051324277578928},"SourceTimestamp":"2024-04-26T12:12:56.1298215Z","ServerTimestamp":"2024-04-26T12:12:56.1298252Z"},"nsu=http://opcfoundation.org/UA/Plc/Applications;s=FastUIntScalar1":{"Value":{"Type":7,"Body":94},"SourceTimestamp":"2024-04-26T12:12:55.736542Z","ServerTimestamp":"2024-04-26T12:12:55.7365447Z"}}}]