[{"SequenceNumber":97,"MetaDataVersion":{"MajorVersion":1},"Timestamp":"2024-04-26T12:12:59.2344311Z","MessageType":"ua-deltaframe","DataSetWriterName":"<<UnknownDataSet>>","Payload":{"nsu=http://opcfoundation.org/UA/Plc/Applications;s=StepUp":{"Value":{"Type":7,"Body":974},"SourceTimestamp":"2024-04-26T12:12:59.1402403Z","ServerTimestamp":"2024-04-26T12:12:59.140251Z"},"nsu=http://opcfoundation.org/UA/Plc/Applications;s=RandomSignedInt32":{"Value":{"Type":6,"Body":1906237837},"SourceTimestamp":"2024-04-26T12:12:59.1402609Z","ServerTimestamp":"2024-04-26T12:12:59.1402682Z"},"nsu=http://opcfoundation.org/UA/Plc/Applications;s=RandomUnsignedInt32":{"Value":{"Type":7,"Body":1723844170},"SourceTimestamp":"2024-04-26T12:12:59.1402701Z","ServerTimestamp":"2024-04-26T12:12:59.1402715Z"},"nsu=http://opcfoundation.org/UA/Plc/Applications;s=DipData":{"Value":{"Type":11,"Body":-24.8689887164855},"SourceTimestamp":"2024-04-26T12:12:59.1402799Z","ServerTimestamp":"2024-04-26T12:12:59.1402827Z"},"nsu=http://opcfoundation.org/UA/Plc/Applications;s=FastUIntScalar1":{"Value":{"Type":7,"Body":97},"SourceTimestamp":"2024-04-26T12:12:58.733323Z","ServerTimestamp":"2024-04-26T12:12:58.733326Z"}}}]