{"SequenceNumber":100,"MetaDataVersion":{"MajorVersion":1},"Timestamp":"2024-04-27T17:00:19.8041583Z","MessageType":"ua-event","DataSetWriterName":"<<UnknownDataSet>>","Payload":{"EventId":{"Value":{"Type":15,"Body":"votPPeAqD0q4EeYQjAXUcQ=="}},"EventType":{"Value":{"Type":18,"Body":{"IdType":1,"Id":"NodeChange"}}},"SourceNode":{"Value":{"Type":17,"Body":{"Id":17594}}},"Time":{"Value":{"Type":13,"Body":"2024-04-27T17:00:19.8041564Z"}},"Change":{"Value":{"Type":22,"Body":{"TypeId":{"Id":15071},"Body":{"NodeId":{"Id":17594},"NodeClass":1,"BrowseName":{"Name":"Dictionaries"},"DisplayName":{"Text":"Dictionaries"},"RolePermissions":[],"UserRolePermissions":[],"References":[]}}}}}}