{"SequenceNumber":107,"MetaDataVersion":{"MajorVersion":1},"Timestamp":"2024-04-27T17:00:19.8122813Z","MessageType":"ua-event","DataSetWriterName":"<<UnknownDataSet>>","Payload":{"EventId":{"Value":{"Type":15,"Body":"Vb5ukObLMkmlF31CqjHZFw=="}},"EventType":{"Value":{"Type":18,"Body":{"IdType":1,"Id":"NodeChange"}}},"SourceNode":{"Value":{"Type":17,"Body":{"IdType":1,"Id":"0:/Green","Namespace":15}}},"Time":{"Value":{"Type":13,"Body":"2024-04-27T17:00:19.812279Z"}},"Change":{"Value":{"Type":22,"Body":{"TypeId":{"Id":15071},"Body":{"NodeId":{"IdType":1,"Id":"0:/Green","Namespace":15},"NodeClass":1,"BrowseName":{"Name":"Green","Uri":15},"DisplayName":{"Text":"Green"},"RolePermissions":[],"UserRolePermissions":[],"References":[],"EventNotifier":1}}}}}}