{"SequenceNumber":118,"MetaDataVersion":{"MajorVersion":1},"Timestamp":"2024-04-27T17:00:19.8202663Z","MessageType":"ua-event","DataSetWriterName":"<<UnknownDataSet>>","Payload":{"EventId":{"Value":{"Type":15,"Body":"ofIOQRhJ40SanqVJHQiiZA=="}},"EventType":{"Value":{"Type":18,"Body":{"IdType":1,"Id":"ReferenceChange"}}},"SourceNode":{"Value":{"Type":17,"Body":{"Id":10157,"Namespace":2}}},"Time":{"Value":{"Type":13,"Body":"2024-04-27T17:00:19.8202654Z"}},"Change":{"Value":{"Type":22,"Body":{"TypeId":{"Id":15182},"Body":{"ReferenceTypeId":{"Id":47},"IsForward":true,"NodeId":{"Id":10158,"Namespace":2},"BrowseName":{"Name":"Static","Uri":2},"DisplayName":{"Text":"Static"},"NodeClass":1,"TypeDefinition":{"Id":61}}}}}}}