{"SequenceNumber":125,"MetaDataVersion":{"MajorVersion":1},"Timestamp":"2024-04-27T17:00:19.8261063Z","MessageType":"ua-event","DataSetWriterName":"<<UnknownDataSet>>","Payload":{"EventId":{"Value":{"Type":15,"Body":"SktNzbiPP0inlS6XHvhSXA=="}},"EventType":{"Value":{"Type":18,"Body":{"IdType":1,"Id":"ReferenceChange"}}},"SourceNode":{"Value":{"Type":17,"Body":{"Id":10157,"Namespace":2}}},"Time":{"Value":{"Type":13,"Body":"2024-04-27T17:00:19.8261045Z"}},"Change":{"Value":{"Type":22,"Body":{"TypeId":{"Id":15182},"Body":{"ReferenceTypeId":{"Id":48},"IsForward":true,"NodeId":{"Id":10786,"Namespace":2},"BrowseName":{"Name":"Dynamic","Uri":2},"DisplayName":{"Text":"Dynamic"},"NodeClass":1,"TypeDefinition":{"Id":61}}}}}}}