{"SequenceNumber":126,"MetaDataVersion":{"MajorVersion":1},"Timestamp":"2024-04-27T17:00:19.8274768Z","MessageType":"ua-event","DataSetWriterName":"<<UnknownDataSet>>","Payload":{"EventId":{"Value":{"Type":15,"Body":"UYkelFr0cEWV+x3OHCT+UA=="}},"EventType":{"Value":{"Type":18,"Body":{"IdType":1,"Id":"ReferenceChange"}}},"SourceNode":{"Value":{"Type":17,"Body":{"Id":281,"Namespace":7}}},"Time":{"Value":{"Type":13,"Body":"2024-04-27T17:00:19.8274752Z"}},"Change":{"Value":{"Type":22,"Body":{"TypeId":{"Id":15182},"Body":{"ReferenceTypeId":{"Id":46},"IsForward":true,"NodeId":{"Id":380,"Namespace":7},"BrowseName":{"Name":"LotType","Uri":7},"DisplayName":{"Text":"LotType"},"NodeClass":2,"TypeDefinition":{"Id":68}}}}}}}