{"SequenceNumber":129,"MetaDataVersion":{"MajorVersion":1},"Timestamp":"2024-04-27T17:00:19.8301649Z","MessageType":"ua-event","DataSetWriterName":"<<UnknownDataSet>>","Payload":{"EventId":{"Value":{"Type":15,"Body":"3XNMqvJOmU+LduTPz02hWQ=="}},"EventType":{"Value":{"Type":18,"Body":{"IdType":1,"Id":"NodeChange"}}},"SourceNode":{"Value":{"Type":17,"Body":{"Id":375,"Namespace":7}}},"Time":{"Value":{"Type":13,"Body":"2024-04-27T17:00:19.8301632Z"}},"Change":{"Value":{"Type":22,"Body":{"TypeId":{"Id":15071},"Body":{"NodeId":{"Id":375,"Namespace":7},"NodeClass":1,"BrowseName":{"Name":"DriverOfTheMonth","Uri":7},"DisplayName":{"Text":"DriverOfTheMonth"},"RolePermissions":[],"UserRolePermissions":[],"References":[]}}}}}}