{"SequenceNumber":137,"MetaDataVersion":{"MajorVersion":1},"Timestamp":"2024-04-27T17:00:19.835943Z","MessageType":"ua-event","DataSetWriterName":"<<UnknownDataSet>>","Payload":{"EventId":{"Value":{"Type":15,"Body":"MciduJIe8E6Zpc8guhNaUA=="}},"EventType":{"Value":{"Type":18,"Body":{"IdType":1,"Id":"NodeChange"}}},"SourceNode":{"Value":{"Type":17,"Body":{"IdType":1,"Id":"0:Boiler #1","Namespace":11}}},"Time":{"Value":{"Type":13,"Body":"2024-04-27T17:00:19.8359415Z"}},"Change":{"Value":{"Type":22,"Body":{"TypeId":{"Id":15071},"Body":{"NodeId":{"IdType":1,"Id":"0:Boiler #1","Namespace":11},"NodeClass":1,"BrowseName":{"Name":"Boiler #1","Uri":11},"DisplayName":{"Text":"Boiler #1"},"RolePermissions":[],"UserRolePermissions":[],"References":[]}}}}}}