{"SequenceNumber":140,"MetaDataVersion":{"MajorVersion":1},"Timestamp":"2024-04-27T17:00:19.8375002Z","MessageType":"ua-event","DataSetWriterName":"<<UnknownDataSet>>","Payload":{"EventId":{"Value":{"Type":15,"Body":"D2VmxVQ4M0ylbiExAj6nPg=="}},"EventType":{"Value":{"Type":18,"Body":{"IdType":1,"Id":"ReferenceChange"}}},"SourceNode":{"Value":{"Type":17,"Body":{"Id":15070,"Namespace":18}}},"Time":{"Value":{"Type":13,"Body":"2024-04-27T17:00:19.8374994Z"}},"Change":{"Value":{"Type":22,"Body":{"TypeId":{"Id":15182},"Body":{"ReferenceTypeId":{"Id":47},"IsForward":true,"NodeId":{"Id":15013,"Namespace":18},"BrowseName":{"Name":"PlcStatus","Uri":18},"DisplayName":{"Text":"PlcStatus"},"NodeClass":2,"TypeDefinition":{"Id":63}}}}}}}