{"SequenceNumber":142,"MetaDataVersion":{"MajorVersion":1},"Timestamp":"2024-04-27T17:00:19.8389203Z","MessageType":"ua-event","DataSetWriterName":"<<UnknownDataSet>>","Payload":{"EventId":{"Value":{"Type":15,"Body":"Hp3RdT1xYke2z0skxwU9xQ=="}},"EventType":{"Value":{"Type":18,"Body":{"IdType":1,"Id":"ReferenceChange"}}},"SourceNode":{"Value":{"Type":17,"Body":{"Id":1025,"Namespace":21}}},"Time":{"Value":{"Type":13,"Body":"2024-04-27T17:00:19.8389193Z"}},"Change":{"Value":{"Type":22,"Body":{"TypeId":{"Id":15182},"Body":{"ReferenceTypeId":{"Id":47},"IsForward":true,"NodeId":{"IdType":1,"Id":"UInt32","Namespace":22},"BrowseName":{"Name":"UInt32","Uri":22},"DisplayName":{"Text":"UInt32"},"NodeClass":1,"TypeDefinition":{"Id":1000,"Namespace":21}}}}}}}