{"SequenceNumber":151,"MetaDataVersion":{"MajorVersion":1},"Timestamp":"2024-04-27T17:00:19.8464281Z","MessageType":"ua-event","DataSetWriterName":"<<UnknownDataSet>>","Payload":{"EventId":{"Value":{"Type":15,"Body":"GabF+djr1EeW5Q2z+sFCsg=="}},"EventType":{"Value":{"Type":18,"Body":{"IdType":1,"Id":"ReferenceChange"}}},"SourceNode":{"Value":{"Type":17,"Body":{"IdType":1,"Id":"CTT","Namespace":8}}},"Time":{"Value":{"Type":13,"Body":"2024-04-27T17:00:19.8464266Z"}},"Change":{"Value":{"Type":22,"Body":{"TypeId":{"Id":15182},"Body":{"ReferenceTypeId":{"Id":35},"IsForward":true,"NodeId":{"IdType":1,"Id":"Scalar","Namespace":8},"BrowseName":{"Name":"Scalar","Uri":8},"DisplayName":{"Text":"Scalar","Locale":"en"},"NodeClass":1,"TypeDefinition":{"Id":61}}}}}}}