{"SequenceNumber":156,"MetaDataVersion":{"MajorVersion":1},"Timestamp":"2024-04-27T17:00:19.8508379Z","MessageType":"ua-event","DataSetWriterName":"<<UnknownDataSet>>","Payload":{"EventId":{"Value":{"Type":15,"Body":"JPdk4WaTVUa3SIBDE8fvHw=="}},"EventType":{"Value":{"Type":18,"Body":{"IdType":1,"Id":"NodeChange"}}},"SourceNode":{"Value":{"Type":17,"Body":{"IdType":1,"Id":"References","Namespace":8}}},"Time":{"Value":{"Type":13,"Body":"2024-04-27T17:00:19.8508364Z"}},"Change":{"Value":{"Type":22,"Body":{"TypeId":{"Id":15071},"Body":{"NodeId":{"IdType":1,"Id":"References","Namespace":8},"NodeClass":1,"BrowseName":{"Name":"References","Uri":8},"DisplayName":{"Text":"References","Locale":"en"},"RolePermissions":[],"UserRolePermissions":[],"References":[]}}}}}}