{"SequenceNumber":16,"MetaDataVersion":{"MajorVersion":1},"Timestamp":"2024-04-27T17:00:19.6668947Z","MessageType":"ua-event","DataSetWriterName":"<<UnknownDataSet>>","Payload":{"EventId":{"Value":{"Type":15,"Body":"bJV3kfDBW0iDsMEhueYLIQ=="}},"EventType":{"Value":{"Type":18,"Body":{"IdType":1,"Id":"NodeChange"}}},"SourceNode":{"Value":{"Type":17,"Body":{"Id":281,"Namespace":7}}},"Time":{"Value":{"Type":13,"Body":"2024-04-27T17:00:19.6668924Z"}},"Change":{"Value":{"Type":22,"Body":{"TypeId":{"Id":15071},"Body":{"NodeId":{"Id":281,"Namespace":7},"NodeClass":1,"BrowseName":{"Name":"ParkingLot","Uri":7},"DisplayName":{"Text":"ParkingLot"},"RolePermissions":[],"UserRolePermissions":[],"References":[]}}}}}}