{"SequenceNumber":162,"MetaDataVersion":{"MajorVersion":1},"Timestamp":"2024-04-27T17:00:19.8554679Z","MessageType":"ua-event","DataSetWriterName":"<<UnknownDataSet>>","Payload":{"EventId":{"Value":{"Type":15,"Body":"LCQQj8lYMkWn95pcc5msJA=="}},"EventType":{"Value":{"Type":18,"Body":{"IdType":1,"Id":"NodeChange"}}},"SourceNode":{"Value":{"Type":17,"Body":{"IdType":1,"Id":"Methods","Namespace":8}}},"Time":{"Value":{"Type":13,"Body":"2024-04-27T17:00:19.8554661Z"}},"Change":{"Value":{"Type":22,"Body":{"TypeId":{"Id":15071},"Body":{"NodeId":{"IdType":1,"Id":"Methods","Namespace":8},"NodeClass":1,"BrowseName":{"Name":"Methods","Uri":8},"DisplayName":{"Text":"Methods","Locale":"en"},"RolePermissions":[],"UserRolePermissions":[],"References":[]}}}}}}