{"SequenceNumber":163,"MetaDataVersion":{"MajorVersion":1},"Timestamp":"2024-04-27T17:00:19.8556282Z","MessageType":"ua-event","DataSetWriterName":"<<UnknownDataSet>>","Payload":{"EventId":{"Value":{"Type":15,"Body":"rcSf+I5uQEyjSNRfqltizw=="}},"EventType":{"Value":{"Type":18,"Body":{"IdType":1,"Id":"ReferenceChange"}}},"SourceNode":{"Value":{"Type":17,"Body":{"IdType":1,"Id":"CTT","Namespace":8}}},"Time":{"Value":{"Type":13,"Body":"2024-04-27T17:00:19.8556274Z"}},"Change":{"Value":{"Type":22,"Body":{"TypeId":{"Id":15182},"Body":{"ReferenceTypeId":{"Id":35},"IsForward":true,"NodeId":{"IdType":1,"Id":"Views","Namespace":8},"BrowseName":{"Name":"Views","Uri":8},"DisplayName":{"Text":"Views","Locale":"en"},"NodeClass":1,"TypeDefinition":{"Id":61}}}}}}}