{"SequenceNumber":173,"MetaDataVersion":{"MajorVersion":1},"Timestamp":"2024-04-27T17:00:19.863195Z","MessageType":"ua-event","DataSetWriterName":"<<UnknownDataSet>>","Payload":{"EventId":{"Value":{"Type":15,"Body":"3cn2GTR62UisUT2JwyhQIg=="}},"EventType":{"Value":{"Type":18,"Body":{"IdType":1,"Id":"ReferenceChange"}}},"SourceNode":{"Value":{"Type":17,"Body":{"IdType":1,"Id":"0:Assets","Namespace":14}}},"Time":{"Value":{"Type":13,"Body":"2024-04-27T17:00:19.8631942Z"}},"Change":{"Value":{"Type":22,"Body":{"TypeId":{"Id":15182},"Body":{"ReferenceTypeId":{"Id":35},"IsForward":true,"NodeId":{"IdType":1,"Id":"0:Assets/Sensors","Namespace":14},"BrowseName":{"Name":"Sensors","Uri":14},"DisplayName":{"Text":"Sensors"},"NodeClass":1,"TypeDefinition":{"Id":61}}}}}}}