{"SequenceNumber":176,"MetaDataVersion":{"MajorVersion":1},"Timestamp":"2024-04-27T17:00:19.8659586Z","MessageType":"ua-event","DataSetWriterName":"<<UnknownDataSet>>","Payload":{"EventId":{"Value":{"Type":15,"Body":"zSDACg9nJEa3/86JEVLC4g=="}},"EventType":{"Value":{"Type":18,"Body":{"IdType":1,"Id":"NodeChange"}}},"SourceNode":{"Value":{"Type":17,"Body":{"IdType":1,"Id":"0:Assets/Controllers","Namespace":14}}},"Time":{"Value":{"Type":13,"Body":"2024-04-27T17:00:19.8659569Z"}},"Change":{"Value":{"Type":22,"Body":{"TypeId":{"Id":15071},"Body":{"NodeId":{"IdType":1,"Id":"0:Assets/Controllers","Namespace":14},"NodeClass":1,"BrowseName":{"Name":"Controllers","Uri":14},"DisplayName":{"Text":"Controllers"},"RolePermissions":[],"UserRolePermissions":[],"References":[]}}}}}}