{"SequenceNumber":178,"MetaDataVersion":{"MajorVersion":1},"Timestamp":"2024-04-27T17:00:19.8674422Z","MessageType":"ua-event","DataSetWriterName":"<<UnknownDataSet>>","Payload":{"EventId":{"Value":{"Type":15,"Body":"zOPIOk/W7EelVELVJXC9vA=="}},"EventType":{"Value":{"Type":18,"Body":{"IdType":1,"Id":"NodeChange"}}},"SourceNode":{"Value":{"Type":17,"Body":{"IdType":1,"Id":"0:Factory/East","Namespace":14}}},"Time":{"Value":{"Type":13,"Body":"2024-04-27T17:00:19.8674405Z"}},"Change":{"Value":{"Type":22,"Body":{"TypeId":{"Id":15071},"Body":{"NodeId":{"IdType":1,"Id":"0:Factory/East","Namespace":14},"NodeClass":1,"BrowseName":{"Name":"East","Uri":14},"DisplayName":{"Text":"East"},"RolePermissions":[],"UserRolePermissions":[],"References":[]}}}}}}