{"SequenceNumber":183,"MetaDataVersion":{"MajorVersion":1},"Timestamp":"2024-04-27T17:00:19.8707826Z","MessageType":"ua-event","DataSetWriterName":"<<UnknownDataSet>>","Payload":{"EventId":{"Value":{"Type":15,"Body":"TaRUmIsi0USAj492mavpng=="}},"EventType":{"Value":{"Type":18,"Body":{"IdType":1,"Id":"ReferenceChange"}}},"SourceNode":{"Value":{"Type":17,"Body":{"IdType":1,"Id":"OpcPlc","Namespace":17}}},"Time":{"Value":{"Type":13,"Body":"2024-04-27T17:00:19.8707815Z"}},"Change":{"Value":{"Type":22,"Body":{"TypeId":{"Id":15182},"Body":{"ReferenceTypeId":{"Id":35},"IsForward":true,"NodeId":{"IdType":1,"Id":"Telemetry","Namespace":17},"BrowseName":{"Name":"Telemetry","Uri":17},"DisplayName":{"Text":"Telemetry","Locale":"en"},"NodeClass":1,"TypeDefinition":{"Id":61}}}}}}}