{"SequenceNumber":184,"MetaDataVersion":{"MajorVersion":1},"Timestamp":"2024-04-27T17:00:19.8721368Z","MessageType":"ua-event","DataSetWriterName":"<<UnknownDataSet>>","Payload":{"EventId":{"Value":{"Type":15,"Body":"talu+y+O602Ggr9vllCgOQ=="}},"EventType":{"Value":{"Type":18,"Body":{"IdType":1,"Id":"NodeChange"}}},"SourceNode":{"Value":{"Type":17,"Body":{"IdType":1,"Id":"Telemetry","Namespace":17}}},"Time":{"Value":{"Type":13,"Body":"2024-04-27T17:00:19.8721352Z"}},"Change":{"Value":{"Type":22,"Body":{"TypeId":{"Id":15071},"Body":{"NodeId":{"IdType":1,"Id":"Telemetry","Namespace":17},"NodeClass":1,"BrowseName":{"Name":"Telemetry","Uri":17},"DisplayName":{"Text":"Telemetry","Locale":"en"},"RolePermissions":[],"UserRolePermissions":[],"References":[]}}}}}}