{"SequenceNumber":188,"MetaDataVersion":{"MajorVersion":1},"Timestamp":"2024-04-27T17:00:19.8752993Z","MessageType":"ua-event","DataSetWriterName":"<<UnknownDataSet>>","Payload":{"EventId":{"Value":{"Type":15,"Body":"OAqj4jg5XUGysLenlBEjEg=="}},"EventType":{"Value":{"Type":18,"Body":{"IdType":1,"Id":"NodeChange"}}},"SourceNode":{"Value":{"Type":17,"Body":{"IdType":1,"Id":"SimulatorConfiguration","Namespace":17}}},"Time":{"Value":{"Type":13,"Body":"2024-04-27T17:00:19.8752974Z"}},"Change":{"Value":{"Type":22,"Body":{"TypeId":{"Id":15071},"Body":{"NodeId":{"IdType":1,"Id":"SimulatorConfiguration","Namespace":17},"NodeClass":1,"BrowseName":{"Name":"SimulatorConfiguration","Uri":17},"DisplayName":{"Text":"SimulatorConfiguration","Locale":"en"},"RolePermissions":[],"UserRolePermissions":[],"References":[]}}}}}}