{"SequenceNumber":19,"MetaDataVersion":{"MajorVersion":1},"Timestamp":"2024-04-27T17:00:19.6736873Z","MessageType":"ua-event","DataSetWriterName":"<<UnknownDataSet>>","Payload":{"EventId":{"Value":{"Type":15,"Body":"vsaV8m8oJkmRMJa8S1wuVQ=="}},"EventType":{"Value":{"Type":18,"Body":{"IdType":1,"Id":"ReferenceChange"}}},"SourceNode":{"Value":{"Type":17,"Body":{"Id":85}}},"Time":{"Value":{"Type":13,"Body":"2024-04-27T17:00:19.6736859Z"}},"Change":{"Value":{"Type":22,"Body":{"TypeId":{"Id":15182},"Body":{"ReferenceTypeId":{"Id":35},"IsForward":true,"NodeId":{"Id":442,"Namespace":11},"BrowseName":{"Name":"Plant","Uri":11},"DisplayName":{"Text":"Plant"},"NodeClass":1,"TypeDefinition":{"Id":61}}}}}}}