{"SequenceNumber":193,"MetaDataVersion":{"MajorVersion":1},"Timestamp":"2024-04-27T17:00:19.8783809Z","MessageType":"ua-event","DataSetWriterName":"<<UnknownDataSet>>","Payload":{"EventId":{"Value":{"Type":15,"Body":"Lxufkn3xx02OLrmQ0qDmgg=="}},"EventType":{"Value":{"Type":18,"Body":{"IdType":1,"Id":"ReferenceChange"}}},"SourceNode":{"Value":{"Type":17,"Body":{"Id":90}}},"Time":{"Value":{"Type":13,"Body":"2024-04-27T17:00:19.8783798Z"}},"Change":{"Value":{"Type":22,"Body":{"TypeId":{"Id":15182},"Body":{"ReferenceTypeId":{"Id":35},"IsForward":true,"NodeId":{"Id":24},"BrowseName":{"Name":"BaseDataType"},"DisplayName":{"Text":"BaseDataType"},"NodeClass":64}}}}}}