{"SequenceNumber":2,"MetaDataVersion":{"MajorVersion":1},"Timestamp":"2024-04-27T17:00:19.6303617Z","MessageType":"ua-event","DataSetWriterName":"<<UnknownDataSet>>","Payload":{"EventId":{"Value":{"Type":15,"Body":"sFqYUv/bw06PJu7aJdHFtQ=="}},"EventType":{"Value":{"Type":18,"Body":{"IdType":1,"Id":"NodeChange"}}},"SourceNode":{"Value":{"Type":17,"Body":{"Id":85}}},"Time":{"Value":{"Type":13,"Body":"2024-04-27T17:00:19.6303572Z"}},"Change":{"Value":{"Type":22,"Body":{"TypeId":{"Id":15071},"Body":{"NodeId":{"Id":85},"NodeClass":1,"BrowseName":{"Name":"Objects"},"DisplayName":{"Text":"Objects"},"Description":{"Text":"The browse entry point when looking for objects in the server address space."},"RolePermissions":[],"UserRolePermissions":[],"References":[]}}}}}}