{"SequenceNumber":202,"MetaDataVersion":{"MajorVersion":1},"Timestamp":"2024-04-27T17:00:19.8861514Z","MessageType":"ua-event","DataSetWriterName":"<<UnknownDataSet>>","Payload":{"EventId":{"Value":{"Type":15,"Body":"d094lp1zXUynAllrqlEZXQ=="}},"EventType":{"Value":{"Type":18,"Body":{"IdType":1,"Id":"NodeChange"}}},"SourceNode":{"Value":{"Type":17,"Body":{"Id":2041}}},"Time":{"Value":{"Type":13,"Body":"2024-04-27T17:00:19.8861492Z"}},"Change":{"Value":{"Type":22,"Body":{"TypeId":{"Id":15073},"Body":{"NodeId":{"Id":2041},"NodeClass":8,"BrowseName":{"Name":"BaseEventType"},"DisplayName":{"Text":"BaseEventType"},"RolePermissions":[],"UserRolePermissions":[],"References":[],"IsAbstract":true}}}}}}