{"SequenceNumber":206,"MetaDataVersion":{"MajorVersion":1},"Timestamp":"2024-04-27T17:00:19.8894494Z","MessageType":"ua-event","DataSetWriterName":"<<UnknownDataSet>>","Payload":{"EventId":{"Value":{"Type":15,"Body":"ZX2YI1aLFUqkz0MvOK21HA=="}},"EventType":{"Value":{"Type":18,"Body":{"IdType":1,"Id":"NodeChange"}}},"SourceNode":{"Value":{"Type":17,"Body":{"IdType":1,"Id":"Scalar_Simulation","Namespace":8}}},"Time":{"Value":{"Type":13,"Body":"2024-04-27T17:00:19.8894476Z"}},"Change":{"Value":{"Type":22,"Body":{"TypeId":{"Id":15071},"Body":{"NodeId":{"IdType":1,"Id":"Scalar_Simulation","Namespace":8},"NodeClass":1,"BrowseName":{"Name":"Scalar_Simulation","Uri":8},"DisplayName":{"Text":"Simulation","Locale":"en"},"RolePermissions":[],"UserRolePermissions":[],"References":[]}}}}}}