{"SequenceNumber":21,"MetaDataVersion":{"MajorVersion":1},"Timestamp":"2024-04-27T17:00:19.6790129Z","MessageType":"ua-event","DataSetWriterName":"<<UnknownDataSet>>","Payload":{"EventId":{"Value":{"Type":15,"Body":"tffTyk30+02lNB2aeTaWhg=="}},"EventType":{"Value":{"Type":18,"Body":{"IdType":1,"Id":"ReferenceChange"}}},"SourceNode":{"Value":{"Type":17,"Body":{"Id":85}}},"Time":{"Value":{"Type":13,"Body":"2024-04-27T17:00:19.679011Z"}},"Change":{"Value":{"Type":22,"Body":{"TypeId":{"Id":15182},"Body":{"ReferenceTypeId":{"Id":35},"IsForward":true,"NodeId":{"Id":15070,"Namespace":18},"BrowseName":{"Name":"Plc #1","Uri":18},"DisplayName":{"Text":"Plc #1"},"NodeClass":1,"TypeDefinition":{"Id":15068,"Namespace":18}}}}}}}