{"SequenceNumber":210,"MetaDataVersion":{"MajorVersion":1},"Timestamp":"2024-04-27T17:00:19.9333156Z","MessageType":"ua-event","DataSetWriterName":"<<UnknownDataSet>>","Payload":{"EventId":{"Value":{"Type":15,"Body":"STXHbJLxKUepWFTJWvLFUw=="}},"EventType":{"Value":{"Type":18,"Body":{"IdType":1,"Id":"NodeChange"}}},"SourceNode":{"Value":{"Type":17,"Body":{"Id":2257}}},"Time":{"Value":{"Type":13,"Body":"2024-04-27T17:00:19.933313Z"}},"Change":{"Value":{"Type":22,"Body":{"TypeId":{"Id":15074},"Body":{"NodeId":{"Id":2257},"NodeClass":2,"BrowseName":{"Name":"StartTime"},"DisplayName":{"Text":"StartTime"},"RolePermissions":[],"UserRolePermissions":[],"References":[],"Value":{"Body":null},"DataType":{"Id":294},"ValueRank":-1,"ArrayDimensions":[],"AccessLevel":1,"UserAccessLevel":1,"AccessLevelEx":1}}}}}}