{"SequenceNumber":214,"MetaDataVersion":{"MajorVersion":1},"Timestamp":"2024-04-27T17:00:19.936654Z","MessageType":"ua-event","DataSetWriterName":"<<UnknownDataSet>>","Payload":{"EventId":{"Value":{"Type":15,"Body":"Nn9mlS+U8kSjjNGx4CP32A=="}},"EventType":{"Value":{"Type":18,"Body":{"IdType":1,"Id":"NodeChange"}}},"SourceNode":{"Value":{"Type":17,"Body":{"Id":2259}}},"Time":{"Value":{"Type":13,"Body":"2024-04-27T17:00:19.936652Z"}},"Change":{"Value":{"Type":22,"Body":{"TypeId":{"Id":15074},"Body":{"NodeId":{"Id":2259},"NodeClass":2,"BrowseName":{"Name":"State"},"DisplayName":{"Text":"State"},"RolePermissions":[],"UserRolePermissions":[],"References":[],"Value":{"Body":null},"DataType":{"Id":852},"ValueRank":-1,"ArrayDimensions":[],"AccessLevel":1,"UserAccessLevel":1,"AccessLevelEx":1}}}}}}