{"SequenceNumber":216,"MetaDataVersion":{"MajorVersion":1},"Timestamp":"2024-04-27T17:00:19.9383244Z","MessageType":"ua-event","DataSetWriterName":"<<UnknownDataSet>>","Payload":{"EventId":{"Value":{"Type":15,"Body":"8rMOXf/ll0iF+MZHRrMlSQ=="}},"EventType":{"Value":{"Type":18,"Body":{"IdType":1,"Id":"NodeChange"}}},"SourceNode":{"Value":{"Type":17,"Body":{"Id":2260}}},"Time":{"Value":{"Type":13,"Body":"2024-04-27T17:00:19.9383227Z"}},"Change":{"Value":{"Type":22,"Body":{"TypeId":{"Id":15074},"Body":{"NodeId":{"Id":2260},"NodeClass":2,"BrowseName":{"Name":"BuildInfo"},"DisplayName":{"Text":"BuildInfo"},"RolePermissions":[],"UserRolePermissions":[],"References":[],"Value":{"Body":null},"DataType":{"Id":338},"ValueRank":-1,"ArrayDimensions":[],"AccessLevel":1,"UserAccessLevel":1,"AccessLevelEx":1}}}}}}