{"SequenceNumber":219,"MetaDataVersion":{"MajorVersion":1},"Timestamp":"2024-04-27T17:00:19.9399606Z","MessageType":"ua-event","DataSetWriterName":"<<UnknownDataSet>>","Payload":{"EventId":{"Value":{"Type":15,"Body":"+d9UMfcIYUGF0psQ6ZoMbw=="}},"EventType":{"Value":{"Type":18,"Body":{"IdType":1,"Id":"ReferenceChange"}}},"SourceNode":{"Value":{"Type":17,"Body":{"Id":2256}}},"Time":{"Value":{"Type":13,"Body":"2024-04-27T17:00:19.9399598Z"}},"Change":{"Value":{"Type":22,"Body":{"TypeId":{"Id":15182},"Body":{"ReferenceTypeId":{"Id":47},"IsForward":true,"NodeId":{"Id":2993},"BrowseName":{"Name":"ShutdownReason"},"DisplayName":{"Text":"ShutdownReason"},"NodeClass":2,"TypeDefinition":{"Id":63}}}}}}}