{"SequenceNumber":220,"MetaDataVersion":{"MajorVersion":1},"Timestamp":"2024-04-27T17:00:19.9412626Z","MessageType":"ua-event","DataSetWriterName":"<<UnknownDataSet>>","Payload":{"EventId":{"Value":{"Type":15,"Body":"Dohs/KZxBk6acwuuH7VR/g=="}},"EventType":{"Value":{"Type":18,"Body":{"IdType":1,"Id":"NodeChange"}}},"SourceNode":{"Value":{"Type":17,"Body":{"Id":2993}}},"Time":{"Value":{"Type":13,"Body":"2024-04-27T17:00:19.9412611Z"}},"Change":{"Value":{"Type":22,"Body":{"TypeId":{"Id":15074},"Body":{"NodeId":{"Id":2993},"NodeClass":2,"BrowseName":{"Name":"ShutdownReason"},"DisplayName":{"Text":"ShutdownReason"},"RolePermissions":[],"UserRolePermissions":[],"References":[],"Value":{"Body":null},"DataType":{"Id":21},"ValueRank":-1,"ArrayDimensions":[],"AccessLevel":1,"UserAccessLevel":1,"AccessLevelEx":1}}}}}}