{"SequenceNumber":23,"MetaDataVersion":{"MajorVersion":1},"Timestamp":"2024-04-27T17:00:19.6812972Z","MessageType":"ua-event","DataSetWriterName":"<<UnknownDataSet>>","Payload":{"EventId":{"Value":{"Type":15,"Body":"BTRF5XyVIkGbYqpiIU7G/w=="}},"EventType":{"Value":{"Type":18,"Body":{"IdType":1,"Id":"ReferenceChange"}}},"SourceNode":{"Value":{"Type":17,"Body":{"Id":85}}},"Time":{"Value":{"Type":13,"Body":"2024-04-27T17:00:19.6812962Z"}},"Change":{"Value":{"Type":22,"Body":{"TypeId":{"Id":15182},"Body":{"ReferenceTypeId":{"Id":35},"IsForward":true,"NodeId":{"Id":1025,"Namespace":21},"BrowseName":{"Name":"MemoryBuffers","Uri":21},"DisplayName":{"Text":"MemoryBuffers"},"NodeClass":1,"TypeDefinition":{"Id":61}}}}}}}