{"SequenceNumber":238,"MetaDataVersion":{"MajorVersion":1},"Timestamp":"2024-04-27T17:00:19.9546278Z","MessageType":"ua-event","DataSetWriterName":"<<UnknownDataSet>>","Payload":{"EventId":{"Value":{"Type":15,"Body":"OoK4LcZUyEW5xqxTQYYoNA=="}},"EventType":{"Value":{"Type":18,"Body":{"IdType":1,"Id":"NodeChange"}}},"SourceNode":{"Value":{"Type":17,"Body":{"Id":11703}}},"Time":{"Value":{"Type":13,"Body":"2024-04-27T17:00:19.9546261Z"}},"Change":{"Value":{"Type":22,"Body":{"TypeId":{"Id":15074},"Body":{"NodeId":{"Id":11703},"NodeClass":2,"BrowseName":{"Name":"MaxStringLength"},"DisplayName":{"Text":"MaxStringLength"},"RolePermissions":[],"UserRolePermissions":[],"References":[],"Value":{"Body":null},"DataType":{"Id":7},"ValueRank":-1,"ArrayDimensions":[],"AccessLevel":1,"UserAccessLevel":1,"AccessLevelEx":1}}}}}}