{"SequenceNumber":246,"MetaDataVersion":{"MajorVersion":1},"Timestamp":"2024-04-27T17:00:19.9613489Z","MessageType":"ua-event","DataSetWriterName":"<<UnknownDataSet>>","Payload":{"EventId":{"Value":{"Type":15,"Body":"3PgzEvfYA06TsPV0+ATVXw=="}},"EventType":{"Value":{"Type":18,"Body":{"IdType":1,"Id":"NodeChange"}}},"SourceNode":{"Value":{"Type":17,"Body":{"Id":2997}}},"Time":{"Value":{"Type":13,"Body":"2024-04-27T17:00:19.9613468Z"}},"Change":{"Value":{"Type":22,"Body":{"TypeId":{"Id":15071},"Body":{"NodeId":{"Id":2997},"NodeClass":1,"BrowseName":{"Name":"AggregateFunctions"},"DisplayName":{"Text":"AggregateFunctions"},"RolePermissions":[],"UserRolePermissions":[],"References":[]}}}}}}