{"SequenceNumber":247,"MetaDataVersion":{"MajorVersion":1},"Timestamp":"2024-04-27T17:00:19.9615254Z","MessageType":"ua-event","DataSetWriterName":"<<UnknownDataSet>>","Payload":{"EventId":{"Value":{"Type":15,"Body":"iySOHJ9uCE6r7VhJ7GJjdg=="}},"EventType":{"Value":{"Type":18,"Body":{"IdType":1,"Id":"ReferenceChange"}}},"SourceNode":{"Value":{"Type":17,"Body":{"Id":2268}}},"Time":{"Value":{"Type":13,"Body":"2024-04-27T17:00:19.9615246Z"}},"Change":{"Value":{"Type":22,"Body":{"TypeId":{"Id":15182},"Body":{"ReferenceTypeId":{"Id":47},"IsForward":true,"NodeId":{"Id":15606},"BrowseName":{"Name":"RoleSet"},"DisplayName":{"Text":"RoleSet"},"NodeClass":1,"TypeDefinition":{"Id":15607}}}}}}}