{"SequenceNumber":256,"MetaDataVersion":{"MajorVersion":1},"Timestamp":"2024-04-27T17:00:19.9695005Z","MessageType":"ua-event","DataSetWriterName":"<<UnknownDataSet>>","Payload":{"EventId":{"Value":{"Type":15,"Body":"/XO8Iu8Ty0OZCt4CFsYTLQ=="}},"EventType":{"Value":{"Type":18,"Body":{"IdType":1,"Id":"NodeChange"}}},"SourceNode":{"Value":{"Type":17,"Body":{"Id":24098}}},"Time":{"Value":{"Type":13,"Body":"2024-04-27T17:00:19.9694966Z"}},"Change":{"Value":{"Type":22,"Body":{"TypeId":{"Id":15074},"Body":{"NodeId":{"Id":24098},"NodeClass":2,"BrowseName":{"Name":"MaxSubscriptionsPerSession"},"DisplayName":{"Text":"MaxSubscriptionsPerSession"},"RolePermissions":[],"UserRolePermissions":[],"References":[],"Value":{"Body":null},"DataType":{"Id":7},"ValueRank":-1,"ArrayDimensions":[],"AccessLevel":1,"UserAccessLevel":1,"AccessLevelEx":1}}}}}}