{"SequenceNumber":257,"MetaDataVersion":{"MajorVersion":1},"Timestamp":"2024-04-27T17:00:19.969687Z","MessageType":"ua-event","DataSetWriterName":"<<UnknownDataSet>>","Payload":{"EventId":{"Value":{"Type":15,"Body":"+re8AcWW60SV42kjkV9GJQ=="}},"EventType":{"Value":{"Type":18,"Body":{"IdType":1,"Id":"ReferenceChange"}}},"SourceNode":{"Value":{"Type":17,"Body":{"Id":2268}}},"Time":{"Value":{"Type":13,"Body":"2024-04-27T17:00:19.9696861Z"}},"Change":{"Value":{"Type":22,"Body":{"TypeId":{"Id":15182},"Body":{"ReferenceTypeId":{"Id":46},"IsForward":true,"NodeId":{"Id":24104},"BrowseName":{"Name":"MaxMonitoredItemsPerSubscription"},"DisplayName":{"Text":"MaxMonitoredItemsPerSubscription"},"NodeClass":2,"TypeDefinition":{"Id":68}}}}}}}