{"SequenceNumber":258,"MetaDataVersion":{"MajorVersion":1},"Timestamp":"2024-04-27T17:00:19.971152Z","MessageType":"ua-event","DataSetWriterName":"<<UnknownDataSet>>","Payload":{"EventId":{"Value":{"Type":15,"Body":"DAmeXo0KYE++h76wA2+xjQ=="}},"EventType":{"Value":{"Type":18,"Body":{"IdType":1,"Id":"NodeChange"}}},"SourceNode":{"Value":{"Type":17,"Body":{"Id":24104}}},"Time":{"Value":{"Type":13,"Body":"2024-04-27T17:00:19.9711496Z"}},"Change":{"Value":{"Type":22,"Body":{"TypeId":{"Id":15074},"Body":{"NodeId":{"Id":24104},"NodeClass":2,"BrowseName":{"Name":"MaxMonitoredItemsPerSubscription"},"DisplayName":{"Text":"MaxMonitoredItemsPerSubscription"},"RolePermissions":[],"UserRolePermissions":[],"References":[],"Value":{"Body":null},"DataType":{"Id":7},"ValueRank":-1,"ArrayDimensions":[],"AccessLevel":1,"UserAccessLevel":1,"AccessLevelEx":1}}}}}}