{"SequenceNumber":267,"MetaDataVersion":{"MajorVersion":1},"Timestamp":"2024-04-27T17:00:19.9781915Z","MessageType":"ua-event","DataSetWriterName":"<<UnknownDataSet>>","Payload":{"EventId":{"Value":{"Type":15,"Body":"ai/IY1E8PUCeV5LLC3hy/g=="}},"EventType":{"Value":{"Type":18,"Body":{"IdType":1,"Id":"ReferenceChange"}}},"SourceNode":{"Value":{"Type":17,"Body":{"Id":2268}}},"Time":{"Value":{"Type":13,"Body":"2024-04-27T17:00:19.9781903Z"}},"Change":{"Value":{"Type":22,"Body":{"TypeId":{"Id":15182},"Body":{"ReferenceTypeId":{"Id":47},"IsForward":true,"NodeId":{"Id":11192},"BrowseName":{"Name":"HistoryServerCapabilities"},"DisplayName":{"Text":"HistoryServerCapabilities"},"NodeClass":1,"TypeDefinition":{"Id":2330}}}}}}}