{"SequenceNumber":276,"MetaDataVersion":{"MajorVersion":1},"Timestamp":"2024-04-27T17:00:19.9861544Z","MessageType":"ua-event","DataSetWriterName":"<<UnknownDataSet>>","Payload":{"EventId":{"Value":{"Type":15,"Body":"zHQvmY7BBU2Gj/Ge67AjMw=="}},"EventType":{"Value":{"Type":18,"Body":{"IdType":1,"Id":"NodeChange"}}},"SourceNode":{"Value":{"Type":17,"Body":{"Id":15957}}},"Time":{"Value":{"Type":13,"Body":"2024-04-27T17:00:19.9861526Z"}},"Change":{"Value":{"Type":22,"Body":{"TypeId":{"Id":15071},"Body":{"NodeId":{"Id":15957},"NodeClass":1,"BrowseName":{"Name":"http://opcfoundation.org/UA/"},"DisplayName":{"Text":"http://opcfoundation.org/UA/"},"RolePermissions":[],"UserRolePermissions":[],"References":[]}}}}}}