{"SequenceNumber":278,"MetaDataVersion":{"MajorVersion":1},"Timestamp":"2024-04-27T17:00:19.9877098Z","MessageType":"ua-event","DataSetWriterName":"<<UnknownDataSet>>","Payload":{"EventId":{"Value":{"Type":15,"Body":"lxZdFY900kCQQ7id+iTTPw=="}},"EventType":{"Value":{"Type":18,"Body":{"IdType":1,"Id":"NodeChange"}}},"SourceNode":{"Value":{"Type":17,"Body":{"Id":11493}}},"Time":{"Value":{"Type":13,"Body":"2024-04-27T17:00:19.9877079Z"}},"Change":{"Value":{"Type":22,"Body":{"TypeId":{"Id":15074},"Body":{"NodeId":{"Id":11493},"NodeClass":2,"BrowseName":{"Name":"InputArguments"},"DisplayName":{"Text":"InputArguments"},"RolePermissions":[],"UserRolePermissions":[],"References":[],"Value":{"Body":null},"DataType":{"Id":296},"ValueRank":1,"ArrayDimensions":[1],"AccessLevel":1,"UserAccessLevel":1,"AccessLevelEx":1}}}}}}