{"SequenceNumber":287,"MetaDataVersion":{"MajorVersion":1},"Timestamp":"2024-04-27T17:00:19.9939195Z","MessageType":"ua-event","DataSetWriterName":"<<UnknownDataSet>>","Payload":{"EventId":{"Value":{"Type":15,"Body":"7xrIyVYuD023mlDoRl2DYw=="}},"EventType":{"Value":{"Type":18,"Body":{"IdType":1,"Id":"ReferenceChange"}}},"SourceNode":{"Value":{"Type":17,"Body":{"Id":12637}}},"Time":{"Value":{"Type":13,"Body":"2024-04-27T17:00:19.9939186Z"}},"Change":{"Value":{"Type":22,"Body":{"TypeId":{"Id":15182},"Body":{"ReferenceTypeId":{"Id":46},"IsForward":true,"NodeId":{"Id":25706},"BrowseName":{"Name":"ApplicationUri"},"DisplayName":{"Text":"ApplicationUri"},"NodeClass":2,"TypeDefinition":{"Id":68}}}}}}}