{"SequenceNumber":290,"MetaDataVersion":{"MajorVersion":1},"Timestamp":"2024-04-27T17:00:19.9972143Z","MessageType":"ua-event","DataSetWriterName":"<<UnknownDataSet>>","Payload":{"EventId":{"Value":{"Type":15,"Body":"GbrNTzMobEKQjysdMiK0tw=="}},"EventType":{"Value":{"Type":18,"Body":{"IdType":1,"Id":"NodeChange"}}},"SourceNode":{"Value":{"Type":17,"Body":{"Id":25725}}},"Time":{"Value":{"Type":13,"Body":"2024-04-27T17:00:19.9972126Z"}},"Change":{"Value":{"Type":22,"Body":{"TypeId":{"Id":15074},"Body":{"NodeId":{"Id":25725},"NodeClass":2,"BrowseName":{"Name":"ProductUri"},"DisplayName":{"Text":"ProductUri"},"RolePermissions":[],"UserRolePermissions":[],"References":[],"Value":{"Body":null},"DataType":{"Id":23751},"ValueRank":-1,"ArrayDimensions":[],"AccessLevel":1,"UserAccessLevel":1,"AccessLevelEx":1}}}}}}