{"SequenceNumber":291,"MetaDataVersion":{"MajorVersion":1},"Timestamp":"2024-04-27T17:00:19.997474Z","MessageType":"ua-event","DataSetWriterName":"<<UnknownDataSet>>","Payload":{"EventId":{"Value":{"Type":15,"Body":"u9w63wF+E0Ct1vT3Bzc2pw=="}},"EventType":{"Value":{"Type":18,"Body":{"IdType":1,"Id":"ReferenceChange"}}},"SourceNode":{"Value":{"Type":17,"Body":{"Id":12637}}},"Time":{"Value":{"Type":13,"Body":"2024-04-27T17:00:19.997473Z"}},"Change":{"Value":{"Type":22,"Body":{"TypeId":{"Id":15182},"Body":{"ReferenceTypeId":{"Id":46},"IsForward":true,"NodeId":{"Id":25707},"BrowseName":{"Name":"ApplicationType"},"DisplayName":{"Text":"ApplicationType"},"NodeClass":2,"TypeDefinition":{"Id":68}}}}}}}