{"SequenceNumber":299,"MetaDataVersion":{"MajorVersion":1},"Timestamp":"2024-04-27T17:00:20.0040101Z","MessageType":"ua-event","DataSetWriterName":"<<UnknownDataSet>>","Payload":{"EventId":{"Value":{"Type":15,"Body":"YyHQzVI6TUWYBDcPRIvBUQ=="}},"EventType":{"Value":{"Type":18,"Body":{"IdType":1,"Id":"ReferenceChange"}}},"SourceNode":{"Value":{"Type":17,"Body":{"Id":12637}}},"Time":{"Value":{"Type":13,"Body":"2024-04-27T17:00:20.0040092Z"}},"Change":{"Value":{"Type":22,"Body":{"TypeId":{"Id":15182},"Body":{"ReferenceTypeId":{"Id":46},"IsForward":true,"NodeId":{"Id":12641},"BrowseName":{"Name":"MulticastDnsEnabled"},"DisplayName":{"Text":"MulticastDnsEnabled"},"NodeClass":2,"TypeDefinition":{"Id":68}}}}}}}