{"SequenceNumber":303,"MetaDataVersion":{"MajorVersion":1},"Timestamp":"2024-04-27T17:00:20.0072056Z","MessageType":"ua-event","DataSetWriterName":"<<UnknownDataSet>>","Payload":{"EventId":{"Value":{"Type":15,"Body":"rX3DkyE1p02Ez5jr//az6g=="}},"EventType":{"Value":{"Type":18,"Body":{"IdType":1,"Id":"ReferenceChange"}}},"SourceNode":{"Value":{"Type":17,"Body":{"Id":12637}}},"Time":{"Value":{"Type":13,"Body":"2024-04-27T17:00:20.0072046Z"}},"Change":{"Value":{"Type":22,"Body":{"TypeId":{"Id":15182},"Body":{"ReferenceTypeId":{"Id":47},"IsForward":true,"NodeId":{"Id":13737},"BrowseName":{"Name":"UpdateCertificate"},"DisplayName":{"Text":"UpdateCertificate"},"NodeClass":4,"TypeDefinition":{"Id":12616}}}}}}}