{"SequenceNumber":308,"MetaDataVersion":{"MajorVersion":1},"Timestamp":"2024-04-27T17:00:20.0115351Z","MessageType":"ua-event","DataSetWriterName":"<<UnknownDataSet>>","Payload":{"EventId":{"Value":{"Type":15,"Body":"Mdh0ixJdQUG5/ifwoaon3A=="}},"EventType":{"Value":{"Type":18,"Body":{"IdType":1,"Id":"NodeChange"}}},"SourceNode":{"Value":{"Type":17,"Body":{"Id":25708}}},"Time":{"Value":{"Type":13,"Body":"2024-04-27T17:00:20.0115333Z"}},"Change":{"Value":{"Type":22,"Body":{"TypeId":{"Id":15077},"Body":{"NodeId":{"Id":25708},"NodeClass":4,"BrowseName":{"Name":"CancelChanges"},"DisplayName":{"Text":"CancelChanges"},"RolePermissions":[],"UserRolePermissions":[],"References":[],"Executable":true,"UserExecutable":true}}}}}}