{"SequenceNumber":311,"MetaDataVersion":{"MajorVersion":1},"Timestamp":"2024-04-27T17:00:20.0132179Z","MessageType":"ua-event","DataSetWriterName":"<<UnknownDataSet>>","Payload":{"EventId":{"Value":{"Type":15,"Body":"xibs7ajY60W0q5ZUtytvBA=="}},"EventType":{"Value":{"Type":18,"Body":{"IdType":1,"Id":"ReferenceChange"}}},"SourceNode":{"Value":{"Type":17,"Body":{"Id":12637}}},"Time":{"Value":{"Type":13,"Body":"2024-04-27T17:00:20.0132168Z"}},"Change":{"Value":{"Type":22,"Body":{"TypeId":{"Id":15182},"Body":{"ReferenceTypeId":{"Id":47},"IsForward":true,"NodeId":{"Id":12777},"BrowseName":{"Name":"GetRejectedList"},"DisplayName":{"Text":"GetRejectedList"},"NodeClass":4,"TypeDefinition":{"Id":12775}}}}}}}