{"SequenceNumber":318,"MetaDataVersion":{"MajorVersion":1},"Timestamp":"2024-04-27T17:00:20.0190443Z","MessageType":"ua-event","DataSetWriterName":"<<UnknownDataSet>>","Payload":{"EventId":{"Value":{"Type":15,"Body":"tZpdjTHILEWcZGXR3fTNeg=="}},"EventType":{"Value":{"Type":18,"Body":{"IdType":1,"Id":"NodeChange"}}},"SourceNode":{"Value":{"Type":17,"Body":{"Id":18155}}},"Time":{"Value":{"Type":13,"Body":"2024-04-27T17:00:20.0190421Z"}},"Change":{"Value":{"Type":22,"Body":{"TypeId":{"Id":15071},"Body":{"NodeId":{"Id":18155},"NodeClass":1,"BrowseName":{"Name":"KeyCredentialConfiguration"},"DisplayName":{"Text":"KeyCredentialConfiguration"},"RolePermissions":[],"UserRolePermissions":[],"References":[]}}}}}}