{"SequenceNumber":321,"MetaDataVersion":{"MajorVersion":1},"Timestamp":"2024-04-27T17:00:20.0208554Z","MessageType":"ua-event","DataSetWriterName":"<<UnknownDataSet>>","Payload":{"EventId":{"Value":{"Type":15,"Body":"32licABBUES/VSkxk9WYXQ=="}},"EventType":{"Value":{"Type":18,"Body":{"IdType":1,"Id":"ReferenceChange"}}},"SourceNode":{"Value":{"Type":17,"Body":{"Id":32637}}},"Time":{"Value":{"Type":13,"Body":"2024-04-27T17:00:20.0208544Z"}},"Change":{"Value":{"Type":22,"Body":{"TypeId":{"Id":15182},"Body":{"ReferenceTypeId":{"Id":47},"IsForward":true,"NodeId":{"Id":32638},"BrowseName":{"Name":"AggregateConfiguration"},"DisplayName":{"Text":"AggregateConfiguration"},"NodeClass":1,"TypeDefinition":{"Id":11187}}}}}}}