{"SequenceNumber":325,"MetaDataVersion":{"MajorVersion":1},"Timestamp":"2024-04-27T17:00:20.0239915Z","MessageType":"ua-event","DataSetWriterName":"<<UnknownDataSet>>","Payload":{"EventId":{"Value":{"Type":15,"Body":"SV6QvF5klU6fjTol6rgtCw=="}},"EventType":{"Value":{"Type":18,"Body":{"IdType":1,"Id":"ReferenceChange"}}},"SourceNode":{"Value":{"Type":17,"Body":{"Id":32637}}},"Time":{"Value":{"Type":13,"Body":"2024-04-27T17:00:20.0239906Z"}},"Change":{"Value":{"Type":22,"Body":{"TypeId":{"Id":15182},"Body":{"ReferenceTypeId":{"Id":46},"IsForward":true,"NodeId":{"Id":32644},"BrowseName":{"Name":"Stepped"},"DisplayName":{"Text":"Stepped"},"NodeClass":2,"TypeDefinition":{"Id":68}}}}}}}