{"SequenceNumber":331,"MetaDataVersion":{"MajorVersion":1},"Timestamp":"2024-04-27T17:00:20.0289462Z","MessageType":"ua-event","DataSetWriterName":"<<UnknownDataSet>>","Payload":{"EventId":{"Value":{"Type":15,"Body":"z92nKYbto0Gfp8Gq6wiDow=="}},"EventType":{"Value":{"Type":18,"Body":{"IdType":1,"Id":"ReferenceChange"}}},"SourceNode":{"Value":{"Type":17,"Body":{"Id":32637}}},"Time":{"Value":{"Type":13,"Body":"2024-04-27T17:00:20.0289454Z"}},"Change":{"Value":{"Type":22,"Body":{"TypeId":{"Id":15182},"Body":{"ReferenceTypeId":{"Id":46},"IsForward":true,"NodeId":{"Id":32647},"BrowseName":{"Name":"MinTimeInterval"},"DisplayName":{"Text":"MinTimeInterval"},"NodeClass":2,"TypeDefinition":{"Id":68}}}}}}}