{"SequenceNumber":345,"MetaDataVersion":{"MajorVersion":1},"Timestamp":"2024-04-27T17:00:20.0400702Z","MessageType":"ua-event","DataSetWriterName":"<<UnknownDataSet>>","Payload":{"EventId":{"Value":{"Type":15,"Body":"2jWpBthAEEmWqvMS0s0eeg=="}},"EventType":{"Value":{"Type":18,"Body":{"IdType":1,"Id":"ReferenceChange"}}},"SourceNode":{"Value":{"Type":17,"Body":{"Id":32637}}},"Time":{"Value":{"Type":13,"Body":"2024-04-27T17:00:20.0400694Z"}},"Change":{"Value":{"Type":22,"Body":{"TypeId":{"Id":15182},"Body":{"ReferenceTypeId":{"Id":46},"IsForward":true,"NodeId":{"Id":32753},"BrowseName":{"Name":"MaxCountStoredValues"},"DisplayName":{"Text":"MaxCountStoredValues"},"NodeClass":2,"TypeDefinition":{"Id":68}}}}}}}