{"SequenceNumber":348,"MetaDataVersion":{"MajorVersion":1},"Timestamp":"2024-04-27T17:00:20.0435732Z","MessageType":"ua-event","DataSetWriterName":"<<UnknownDataSet>>","Payload":{"EventId":{"Value":{"Type":15,"Body":"mz1e0w6HTEWPhx3eAFkYTg=="}},"EventType":{"Value":{"Type":18,"Body":{"IdType":1,"Id":"NodeChange"}}},"SourceNode":{"Value":{"Type":17,"Body":{"Id":32755}}},"Time":{"Value":{"Type":13,"Body":"2024-04-27T17:00:20.0435705Z"}},"Change":{"Value":{"Type":22,"Body":{"TypeId":{"Id":15071},"Body":{"NodeId":{"Id":32755},"NodeClass":1,"BrowseName":{"Name":"EventTypes"},"DisplayName":{"Text":"EventTypes"},"RolePermissions":[],"UserRolePermissions":[],"References":[]}}}}}}