{"SequenceNumber":358,"MetaDataVersion":{"MajorVersion":1},"Timestamp":"2024-04-27T17:00:20.0510275Z","MessageType":"ua-event","DataSetWriterName":"<<UnknownDataSet>>","Payload":{"EventId":{"Value":{"Type":15,"Body":"a0dVNZfHY0C86/ghrgTTDA=="}},"EventType":{"Value":{"Type":18,"Body":{"IdType":1,"Id":"NodeChange"}}},"SourceNode":{"Value":{"Type":17,"Body":{"Id":15443}}},"Time":{"Value":{"Type":13,"Body":"2024-04-27T17:00:20.051026Z"}},"Change":{"Value":{"Type":22,"Body":{"TypeId":{"Id":15071},"Body":{"NodeId":{"Id":15443},"NodeClass":1,"BrowseName":{"Name":"SecurityGroups"},"DisplayName":{"Text":"SecurityGroups"},"RolePermissions":[],"UserRolePermissions":[],"References":[]}}}}}}