{"SequenceNumber":361,"MetaDataVersion":{"MajorVersion":1},"Timestamp":"2024-04-27T17:00:20.0526746Z","MessageType":"ua-event","DataSetWriterName":"<<UnknownDataSet>>","Payload":{"EventId":{"Value":{"Type":15,"Body":"obCjpDSD/EalSu4RjYsXVA=="}},"EventType":{"Value":{"Type":18,"Body":{"IdType":1,"Id":"ReferenceChange"}}},"SourceNode":{"Value":{"Type":17,"Body":{"Id":14443}}},"Time":{"Value":{"Type":13,"Body":"2024-04-27T17:00:20.0526738Z"}},"Change":{"Value":{"Type":22,"Body":{"TypeId":{"Id":15182},"Body":{"ReferenceTypeId":{"Id":47},"IsForward":true,"NodeId":{"Id":17364},"BrowseName":{"Name":"SetSecurityKeys"},"DisplayName":{"Text":"SetSecurityKeys"},"NodeClass":4,"TypeDefinition":{"Id":17296}}}}}}}