{"SequenceNumber":366,"MetaDataVersion":{"MajorVersion":1},"Timestamp":"2024-04-27T17:00:20.056735Z","MessageType":"ua-event","DataSetWriterName":"<<UnknownDataSet>>","Payload":{"EventId":{"Value":{"Type":15,"Body":"pz91D8RMKkSzSB4IhvmAdQ=="}},"EventType":{"Value":{"Type":18,"Body":{"IdType":1,"Id":"NodeChange"}}},"SourceNode":{"Value":{"Type":17,"Body":{"Id":17369}}},"Time":{"Value":{"Type":13,"Body":"2024-04-27T17:00:20.0567333Z"}},"Change":{"Value":{"Type":22,"Body":{"TypeId":{"Id":15077},"Body":{"NodeId":{"Id":17369},"NodeClass":4,"BrowseName":{"Name":"RemoveConnection"},"DisplayName":{"Text":"RemoveConnection"},"RolePermissions":[],"UserRolePermissions":[],"References":[],"Executable":true,"UserExecutable":true}}}}}}