{"SequenceNumber":372,"MetaDataVersion":{"MajorVersion":1},"Timestamp":"2024-04-27T17:00:20.06139Z","MessageType":"ua-event","DataSetWriterName":"<<UnknownDataSet>>","Payload":{"EventId":{"Value":{"Type":15,"Body":"qgoOoJs8GE+FYeU0q2W3gA=="}},"EventType":{"Value":{"Type":18,"Body":{"IdType":1,"Id":"NodeChange"}}},"SourceNode":{"Value":{"Type":17,"Body":{"Id":25451}}},"Time":{"Value":{"Type":13,"Body":"2024-04-27T17:00:20.0613884Z"}},"Change":{"Value":{"Type":22,"Body":{"TypeId":{"Id":15071},"Body":{"NodeId":{"Id":25451},"NodeClass":1,"BrowseName":{"Name":"PubSubConfiguration"},"DisplayName":{"Text":"PubSubConfiguration"},"RolePermissions":[],"UserRolePermissions":[],"References":[]}}}}}}