{"SequenceNumber":373,"MetaDataVersion":{"MajorVersion":1},"Timestamp":"2024-04-27T17:00:20.0616497Z","MessageType":"ua-event","DataSetWriterName":"<<UnknownDataSet>>","Payload":{"EventId":{"Value":{"Type":15,"Body":"/4Bc/tOAf0C7pqRiy1evWQ=="}},"EventType":{"Value":{"Type":18,"Body":{"IdType":1,"Id":"ReferenceChange"}}},"SourceNode":{"Value":{"Type":17,"Body":{"Id":14443}}},"Time":{"Value":{"Type":13,"Body":"2024-04-27T17:00:20.0616488Z"}},"Change":{"Value":{"Type":22,"Body":{"TypeId":{"Id":15182},"Body":{"ReferenceTypeId":{"Id":47},"IsForward":true,"NodeId":{"Id":17405},"BrowseName":{"Name":"Status"},"DisplayName":{"Text":"Status"},"NodeClass":1,"TypeDefinition":{"Id":14643}}}}}}}