{"SequenceNumber":38,"MetaDataVersion":{"MajorVersion":1},"Timestamp":"2024-04-27T17:00:19.7111619Z","MessageType":"ua-event","DataSetWriterName":"<<UnknownDataSet>>","Payload":{"EventId":{"Value":{"Type":15,"Body":"2F6E5SNbEkmqdZQwSEaBrg=="}},"EventType":{"Value":{"Type":18,"Body":{"IdType":1,"Id":"NodeChange"}}},"SourceNode":{"Value":{"Type":17,"Body":{"IdType":1,"Id":"OpcPlc","Namespace":17}}},"Time":{"Value":{"Type":13,"Body":"2024-04-27T17:00:19.7111589Z"}},"Change":{"Value":{"Type":22,"Body":{"TypeId":{"Id":15071},"Body":{"NodeId":{"IdType":1,"Id":"OpcPlc","Namespace":17},"NodeClass":1,"BrowseName":{"Name":"OpcPlc","Uri":17},"DisplayName":{"Text":"OpcPlc","Locale":"en"},"RolePermissions":[],"UserRolePermissions":[],"References":[],"EventNotifier":1}}}}}}