{"SequenceNumber":380,"MetaDataVersion":{"MajorVersion":1},"Timestamp":"2024-04-27T17:00:20.0671432Z","MessageType":"ua-event","DataSetWriterName":"<<UnknownDataSet>>","Payload":{"EventId":{"Value":{"Type":15,"Body":"/Cq/Zi2bCkCaLtqccvJ+dQ=="}},"EventType":{"Value":{"Type":18,"Body":{"IdType":1,"Id":"NodeChange"}}},"SourceNode":{"Value":{"Type":17,"Body":{"Id":23685}}},"Time":{"Value":{"Type":13,"Body":"2024-04-27T17:00:20.0671417Z"}},"Change":{"Value":{"Type":22,"Body":{"TypeId":{"Id":15071},"Body":{"NodeId":{"Id":23685},"NodeClass":1,"BrowseName":{"Name":"DataSetClasses"},"DisplayName":{"Text":"DataSetClasses"},"RolePermissions":[],"UserRolePermissions":[],"References":[]}}}}}}