{"SequenceNumber":389,"MetaDataVersion":{"MajorVersion":1},"Timestamp":"2024-04-27T17:00:20.0735118Z","MessageType":"ua-event","DataSetWriterName":"<<UnknownDataSet>>","Payload":{"EventId":{"Value":{"Type":15,"Body":"ctL2H/uCKkS2VMMweCEvpA=="}},"EventType":{"Value":{"Type":18,"Body":{"IdType":1,"Id":"ReferenceChange"}}},"SourceNode":{"Value":{"Type":17,"Body":{"Id":14443}}},"Time":{"Value":{"Type":13,"Body":"2024-04-27T17:00:20.073511Z"}},"Change":{"Value":{"Type":22,"Body":{"TypeId":{"Id":15182},"Body":{"ReferenceTypeId":{"Id":46},"IsForward":true,"NodeId":{"Id":32404},"BrowseName":{"Name":"ConfigurationProperties"},"DisplayName":{"Text":"ConfigurationProperties"},"NodeClass":2,"TypeDefinition":{"Id":68}}}}}}}