{"SequenceNumber":390,"MetaDataVersion":{"MajorVersion":1},"Timestamp":"2024-04-27T17:00:20.0747723Z","MessageType":"ua-event","DataSetWriterName":"<<UnknownDataSet>>","Payload":{"EventId":{"Value":{"Type":15,"Body":"qI44cmBbp06ljm/KLa9jAg=="}},"EventType":{"Value":{"Type":18,"Body":{"IdType":1,"Id":"NodeChange"}}},"SourceNode":{"Value":{"Type":17,"Body":{"Id":32404}}},"Time":{"Value":{"Type":13,"Body":"2024-04-27T17:00:20.0747706Z"}},"Change":{"Value":{"Type":22,"Body":{"TypeId":{"Id":15074},"Body":{"NodeId":{"Id":32404},"NodeClass":2,"BrowseName":{"Name":"ConfigurationProperties"},"DisplayName":{"Text":"ConfigurationProperties"},"RolePermissions":[],"UserRolePermissions":[],"References":[],"Value":{"Body":null},"DataType":{"Id":14533},"ValueRank":1,"ArrayDimensions":[0],"AccessLevel":1,"UserAccessLevel":1,"AccessLevelEx":1}}}}}}