{"SequenceNumber":392,"MetaDataVersion":{"MajorVersion":1},"Timestamp":"2024-04-27T17:00:20.0763586Z","MessageType":"ua-event","DataSetWriterName":"<<UnknownDataSet>>","Payload":{"EventId":{"Value":{"Type":15,"Body":"kgqh7fUDbEWwF+Ww3prM1Q=="}},"EventType":{"Value":{"Type":18,"Body":{"IdType":1,"Id":"NodeChange"}}},"SourceNode":{"Value":{"Type":17,"Body":{"Id":24227}}},"Time":{"Value":{"Type":13,"Body":"2024-04-27T17:00:20.076357Z"}},"Change":{"Value":{"Type":22,"Body":{"TypeId":{"Id":15071},"Body":{"NodeId":{"Id":24227},"NodeClass":1,"BrowseName":{"Name":"Communication"},"DisplayName":{"Text":"Communication"},"RolePermissions":[],"UserRolePermissions":[],"References":[]}}}}}}