{"SequenceNumber":393,"MetaDataVersion":{"MajorVersion":1},"Timestamp":"2024-04-27T17:00:20.0765185Z","MessageType":"ua-event","DataSetWriterName":"<<UnknownDataSet>>","Payload":{"EventId":{"Value":{"Type":15,"Body":"O4H9F30KcEe3W7Bvvc1WqA=="}},"EventType":{"Value":{"Type":18,"Body":{"IdType":1,"Id":"ReferenceChange"}}},"SourceNode":{"Value":{"Type":17,"Body":{"Id":24226}}},"Time":{"Value":{"Type":13,"Body":"2024-04-27T17:00:20.0765177Z"}},"Change":{"Value":{"Type":22,"Body":{"TypeId":{"Id":15182},"Body":{"ReferenceTypeId":{"Id":35},"IsForward":true,"NodeId":{"Id":29878},"BrowseName":{"Name":"ProvisionableDevice"},"DisplayName":{"Text":"ProvisionableDevice"},"NodeClass":1,"TypeDefinition":{"Id":26871}}}}}}}