{"SequenceNumber":403,"MetaDataVersion":{"MajorVersion":1},"Timestamp":"2024-04-27T17:00:20.0842629Z","MessageType":"ua-event","DataSetWriterName":"<<UnknownDataSet>>","Payload":{"EventId":{"Value":{"Type":15,"Body":"abIWN529D0mTZhCgeP/x1w=="}},"EventType":{"Value":{"Type":18,"Body":{"IdType":1,"Id":"ReferenceChange"}}},"SourceNode":{"Value":{"Type":17,"Body":{"Id":23479}}},"Time":{"Value":{"Type":13,"Body":"2024-04-27T17:00:20.084262Z"}},"Change":{"Value":{"Type":22,"Body":{"TypeId":{"Id":15182},"Body":{"ReferenceTypeId":{"Id":47},"IsForward":true,"NodeId":{"Id":23485},"BrowseName":{"Name":"FindAlias"},"DisplayName":{"Text":"FindAlias"},"NodeClass":4,"TypeDefinition":{"Id":23462}}}}}}}