{"SequenceNumber":409,"MetaDataVersion":{"MajorVersion":1},"Timestamp":"2024-04-27T17:00:20.0891648Z","MessageType":"ua-event","DataSetWriterName":"<<UnknownDataSet>>","Payload":{"EventId":{"Value":{"Type":15,"Body":"Ry/vV/+Hz0ew092Kz8pKKw=="}},"EventType":{"Value":{"Type":18,"Body":{"IdType":1,"Id":"ReferenceChange"}}},"SourceNode":{"Value":{"Type":17,"Body":{"Id":10158,"Namespace":2}}},"Time":{"Value":{"Type":13,"Body":"2024-04-27T17:00:20.0891635Z"}},"Change":{"Value":{"Type":22,"Body":{"TypeId":{"Id":15182},"Body":{"ReferenceTypeId":{"Id":47},"IsForward":true,"NodeId":{"Id":10243,"Namespace":2},"BrowseName":{"Name":"Array","Uri":2},"DisplayName":{"Text":"Array"},"NodeClass":1,"TypeDefinition":{"Id":9679,"Namespace":2}}}}}}}