{"SequenceNumber":418,"MetaDataVersion":{"MajorVersion":1},"Timestamp":"2024-04-27T17:00:20.0969327Z","MessageType":"ua-event","DataSetWriterName":"<<UnknownDataSet>>","Payload":{"EventId":{"Value":{"Type":15,"Body":"x58/rjQ9Pkad36cfoQjzzg=="}},"EventType":{"Value":{"Type":18,"Body":{"IdType":1,"Id":"NodeChange"}}},"SourceNode":{"Value":{"Type":17,"Body":{"Id":10620,"Namespace":2}}},"Time":{"Value":{"Type":13,"Body":"2024-04-27T17:00:20.096931Z"}},"Change":{"Value":{"Type":22,"Body":{"TypeId":{"Id":15071},"Body":{"NodeId":{"Id":10620,"Namespace":2},"NodeClass":1,"BrowseName":{"Name":"AnalogArray","Uri":2},"DisplayName":{"Text":"AnalogArray"},"RolePermissions":[],"UserRolePermissions":[],"References":[]}}}}}}