{"SequenceNumber":419,"MetaDataVersion":{"MajorVersion":1},"Timestamp":"2024-04-27T17:00:20.0971Z","MessageType":"ua-event","DataSetWriterName":"<<UnknownDataSet>>","Payload":{"EventId":{"Value":{"Type":15,"Body":"6JAkSHqNSk+pxjtR3l2G2w=="}},"EventType":{"Value":{"Type":18,"Body":{"IdType":1,"Id":"ReferenceChange"}}},"SourceNode":{"Value":{"Type":17,"Body":{"Id":10158,"Namespace":2}}},"Time":{"Value":{"Type":13,"Body":"2024-04-27T17:00:20.0970991Z"}},"Change":{"Value":{"Type":22,"Body":{"TypeId":{"Id":15182},"Body":{"ReferenceTypeId":{"Id":47},"IsForward":true,"NodeId":{"Id":10755,"Namespace":2},"BrowseName":{"Name":"MethodTest","Uri":2},"DisplayName":{"Text":"MethodTest"},"NodeClass":1,"TypeDefinition":{"Id":10092,"Namespace":2}}}}}}}