{"SequenceNumber":433,"MetaDataVersion":{"MajorVersion":1},"Timestamp":"2024-04-27T17:00:20.1094353Z","MessageType":"ua-event","DataSetWriterName":"<<UnknownDataSet>>","Payload":{"EventId":{"Value":{"Type":15,"Body":"WmHVHYRTQ02VoBcKKkdfHA=="}},"EventType":{"Value":{"Type":18,"Body":{"IdType":1,"Id":"ReferenceChange"}}},"SourceNode":{"Value":{"Type":17,"Body":{"Id":10786,"Namespace":2}}},"Time":{"Value":{"Type":13,"Body":"2024-04-27T17:00:20.1094344Z"}},"Change":{"Value":{"Type":22,"Body":{"TypeId":{"Id":15182},"Body":{"ReferenceTypeId":{"Id":47},"IsForward":true,"NodeId":{"Id":11248,"Namespace":2},"BrowseName":{"Name":"AnalogArray","Uri":2},"DisplayName":{"Text":"AnalogArray"},"NodeClass":1,"TypeDefinition":{"Id":9763,"Namespace":2}}}}}}}