{"SequenceNumber":436,"MetaDataVersion":{"MajorVersion":1},"Timestamp":"2024-04-27T17:00:20.112361Z","MessageType":"ua-event","DataSetWriterName":"<<UnknownDataSet>>","Payload":{"EventId":{"Value":{"Type":15,"Body":"439D41NioEKEhUsJAJOPbA=="}},"EventType":{"Value":{"Type":18,"Body":{"IdType":1,"Id":"ReferenceChange"}}},"SourceNode":{"Value":{"Type":17,"Body":{"Id":10786,"Namespace":2}}},"Time":{"Value":{"Type":13,"Body":"2024-04-27T17:00:20.1123594Z"}},"Change":{"Value":{"Type":22,"Body":{"TypeId":{"Id":15182},"Body":{"ReferenceTypeId":{"Id":36},"IsForward":true,"NodeId":{"Id":10871,"Namespace":2},"BrowseName":{"Name":"Array","Uri":2},"DisplayName":{"Text":"Array"},"NodeClass":1,"TypeDefinition":{"Id":9679,"Namespace":2}}}}}}}