{"SequenceNumber":437,"MetaDataVersion":{"MajorVersion":1},"Timestamp":"2024-04-27T17:00:20.1137512Z","MessageType":"ua-event","DataSetWriterName":"<<UnknownDataSet>>","Payload":{"EventId":{"Value":{"Type":15,"Body":"EnFWOGROCUCZqWQ6lQChLg=="}},"EventType":{"Value":{"Type":18,"Body":{"IdType":1,"Id":"ReferenceChange"}}},"SourceNode":{"Value":{"Type":17,"Body":{"Id":11383,"Namespace":2}}},"Time":{"Value":{"Type":13,"Body":"2024-04-27T17:00:20.1137495Z"}},"Change":{"Value":{"Type":22,"Body":{"TypeId":{"Id":15182},"Body":{"ReferenceTypeId":{"Id":47},"IsForward":true,"NodeId":{"Id":11384,"Namespace":2},"BrowseName":{"Name":"SystemStatus","Uri":2},"DisplayName":{"Text":"SystemStatus"},"NodeClass":1,"TypeDefinition":{"Id":10123,"Namespace":2}}}}}}}