{"SequenceNumber":450,"MetaDataVersion":{"MajorVersion":1},"Timestamp":"2024-04-27T17:00:20.1247175Z","MessageType":"ua-event","DataSetWriterName":"<<UnknownDataSet>>","Payload":{"EventId":{"Value":{"Type":15,"Body":"WZEQVCRA1Ee/iyXVleZNuw=="}},"EventType":{"Value":{"Type":18,"Body":{"IdType":1,"Id":"NodeChange"}}},"SourceNode":{"Value":{"Type":17,"Body":{"Id":10624,"Namespace":2}}},"Time":{"Value":{"Type":13,"Body":"2024-04-27T17:00:20.1247156Z"}},"Change":{"Value":{"Type":22,"Body":{"TypeId":{"Id":15071},"Body":{"NodeId":{"Id":10624,"Namespace":2},"NodeClass":1,"BrowseName":{"Name":"CycleComplete","Uri":2},"DisplayName":{"Text":"CycleComplete"},"RolePermissions":[],"UserRolePermissions":[],"References":[]}}}}}}