{"SequenceNumber":46,"MetaDataVersion":{"MajorVersion":1},"Timestamp":"2024-04-27T17:00:19.7275179Z","MessageType":"ua-event","DataSetWriterName":"<<UnknownDataSet>>","Payload":{"EventId":{"Value":{"Type":15,"Body":"WsfAs4PZqkK+1vpdAJDwDw=="}},"EventType":{"Value":{"Type":18,"Body":{"IdType":1,"Id":"NodeChange"}}},"SourceNode":{"Value":{"Type":17,"Body":{"Id":91}}},"Time":{"Value":{"Type":13,"Body":"2024-04-27T17:00:19.7275159Z"}},"Change":{"Value":{"Type":22,"Body":{"TypeId":{"Id":15071},"Body":{"NodeId":{"Id":91},"NodeClass":1,"BrowseName":{"Name":"ReferenceTypes"},"DisplayName":{"Text":"ReferenceTypes"},"Description":{"Text":"The browse entry point when looking for reference types in the server address space."},"RolePermissions":[],"UserRolePermissions":[],"References":[]}}}}}}