{"SequenceNumber":465,"MetaDataVersion":{"MajorVersion":1},"Timestamp":"2024-04-27T17:00:20.1374327Z","MessageType":"ua-event","DataSetWriterName":"<<UnknownDataSet>>","Payload":{"EventId":{"Value":{"Type":15,"Body":"iGPjIlPG9EG1Tp9VoilpVw=="}},"EventType":{"Value":{"Type":18,"Body":{"IdType":1,"Id":"NodeChange"}}},"SourceNode":{"Value":{"Type":17,"Body":{"Id":376,"Namespace":7}}},"Time":{"Value":{"Type":13,"Body":"2024-04-27T17:00:20.1374308Z"}},"Change":{"Value":{"Type":22,"Body":{"TypeId":{"Id":15074},"Body":{"NodeId":{"Id":376,"Namespace":7},"NodeClass":2,"BrowseName":{"Name":"PrimaryVehicle","Uri":6},"DisplayName":{"Text":"PrimaryVehicle"},"RolePermissions":[],"UserRolePermissions":[],"References":[],"Value":{"Body":null},"DataType":{"Id":314,"Namespace":6},"ValueRank":-1,"ArrayDimensions":[],"AccessLevel":3,"UserAccessLevel":3,"AccessLevelEx":3}}}}}}