{"SequenceNumber":466,"MetaDataVersion":{"MajorVersion":1},"Timestamp":"2024-04-27T17:00:20.1376207Z","MessageType":"ua-event","DataSetWriterName":"<<UnknownDataSet>>","Payload":{"EventId":{"Value":{"Type":15,"Body":"fPNUZHbxiUGjZwlVj6PlIg=="}},"EventType":{"Value":{"Type":18,"Body":{"IdType":1,"Id":"ReferenceChange"}}},"SourceNode":{"Value":{"Type":17,"Body":{"Id":375,"Namespace":7}}},"Time":{"Value":{"Type":13,"Body":"2024-04-27T17:00:20.1376198Z"}},"Change":{"Value":{"Type":22,"Body":{"TypeId":{"Id":15182},"Body":{"ReferenceTypeId":{"Id":46},"IsForward":true,"NodeId":{"Id":377,"Namespace":7},"BrowseName":{"Name":"OwnedVehicles","Uri":6},"DisplayName":{"Text":"OwnedVehicles"},"NodeClass":2,"TypeDefinition":{"Id":68}}}}}}}