{"SequenceNumber":471,"MetaDataVersion":{"MajorVersion":1},"Timestamp":"2024-04-27T17:00:20.1421114Z","MessageType":"ua-event","DataSetWriterName":"<<UnknownDataSet>>","Payload":{"EventId":{"Value":{"Type":15,"Body":"QHTimTp2tk6Rerar5H1prA=="}},"EventType":{"Value":{"Type":18,"Body":{"IdType":1,"Id":"NodeChange"}}},"SourceNode":{"Value":{"Type":17,"Body":{"IdType":1,"Id":"Well_48306","Namespace":9}}},"Time":{"Value":{"Type":13,"Body":"2024-04-27T17:00:20.1421098Z"}},"Change":{"Value":{"Type":22,"Body":{"TypeId":{"Id":15071},"Body":{"NodeId":{"IdType":1,"Id":"Well_48306","Namespace":9},"NodeClass":1,"BrowseName":{"Name":"Titan","Uri":9},"DisplayName":{"Text":"Titan"},"RolePermissions":[],"UserRolePermissions":[],"References":[],"EventNotifier":13}}}}}}