{"SequenceNumber":478,"MetaDataVersion":{"MajorVersion":1},"Timestamp":"2024-04-27T17:00:20.1473673Z","MessageType":"ua-event","DataSetWriterName":"<<UnknownDataSet>>","Payload":{"EventId":{"Value":{"Type":15,"Body":"ibWvpGZmY02VVruHTVV0nQ=="}},"EventType":{"Value":{"Type":18,"Body":{"IdType":1,"Id":"ReferenceChange"}}},"SourceNode":{"Value":{"Type":17,"Body":{"IdType":1,"Id":"0:Boiler #1","Namespace":11}}},"Time":{"Value":{"Type":13,"Body":"2024-04-27T17:00:20.1473664Z"}},"Change":{"Value":{"Type":22,"Body":{"TypeId":{"Id":15182},"Body":{"ReferenceTypeId":{"Id":47},"IsForward":true,"NodeId":{"IdType":1,"Id":"0:Boiler #1?SteamOut","Namespace":11},"BrowseName":{"Name":"SteamOut","Uri":11},"DisplayName":{"Text":"SteamOut"},"NodeClass":1,"TypeDefinition":{"Id":58}}}}}}}