{"SequenceNumber":487,"MetaDataVersion":{"MajorVersion":1},"Timestamp":"2024-04-27T17:00:20.1554594Z","MessageType":"ua-event","DataSetWriterName":"<<UnknownDataSet>>","Payload":{"EventId":{"Value":{"Type":15,"Body":"jM+nzoYUwk65VuY2WJFRQw=="}},"EventType":{"Value":{"Type":18,"Body":{"IdType":1,"Id":"NodeChange"}}},"SourceNode":{"Value":{"Type":17,"Body":{"IdType":1,"Id":"0:Boiler #2?Drum","Namespace":11}}},"Time":{"Value":{"Type":13,"Body":"2024-04-27T17:00:20.1554577Z"}},"Change":{"Value":{"Type":22,"Body":{"TypeId":{"Id":15071},"Body":{"NodeId":{"IdType":1,"Id":"0:Boiler #2?Drum","Namespace":11},"NodeClass":1,"BrowseName":{"Name":"Drum","Uri":11},"DisplayName":{"Text":"Drum"},"RolePermissions":[],"UserRolePermissions":[],"References":[]}}}}}}