{"SequenceNumber":491,"MetaDataVersion":{"MajorVersion":1},"Timestamp":"2024-04-27T17:00:20.1586221Z","MessageType":"ua-event","DataSetWriterName":"<<UnknownDataSet>>","Payload":{"EventId":{"Value":{"Type":15,"Body":"rq+Qb8tjpkWa1tGxA8GASw=="}},"EventType":{"Value":{"Type":18,"Body":{"IdType":1,"Id":"NodeChange"}}},"SourceNode":{"Value":{"Type":17,"Body":{"Id":1004,"Namespace":21}}},"Time":{"Value":{"Type":13,"Body":"2024-04-27T17:00:20.1586207Z"}},"Change":{"Value":{"Type":22,"Body":{"TypeId":{"Id":15074},"Body":{"NodeId":{"Id":1004,"Namespace":21},"NodeClass":2,"BrowseName":{"Name":"SizeInBytes","Uri":21},"DisplayName":{"Text":"SizeInBytes"},"RolePermissions":[],"UserRolePermissions":[],"References":[],"Value":{"Body":null},"DataType":{"Id":7},"ValueRank":-1,"ArrayDimensions":[],"AccessLevel":1,"UserAccessLevel":1,"AccessLevelEx":1}}}}}}