{"SequenceNumber":492,"MetaDataVersion":{"MajorVersion":1},"Timestamp":"2024-04-27T17:00:20.1588609Z","MessageType":"ua-event","DataSetWriterName":"<<UnknownDataSet>>","Payload":{"EventId":{"Value":{"Type":15,"Body":"jUb7Rrg6ckqZHH2r4fMAbQ=="}},"EventType":{"Value":{"Type":18,"Body":{"IdType":1,"Id":"ReferenceChange"}}},"SourceNode":{"Value":{"Type":17,"Body":{"IdType":1,"Id":"UInt32","Namespace":22}}},"Time":{"Value":{"Type":13,"Body":"2024-04-27T17:00:20.1588599Z"}},"Change":{"Value":{"Type":22,"Body":{"TypeId":{"Id":15182},"Body":{"ReferenceTypeId":{"Id":47},"IsForward":true,"NodeId":{"IdType":1,"Id":"UInt32[0]","Namespace":22},"BrowseName":{"Name":"00000000","Uri":21},"DisplayName":{"Text":"00000000"},"NodeClass":2,"TypeDefinition":{"Id":1018,"Namespace":21}}}}}}}