{"SequenceNumber":496,"MetaDataVersion":{"MajorVersion":1},"Timestamp":"2024-04-27T17:00:20.1622176Z","MessageType":"ua-event","DataSetWriterName":"<<UnknownDataSet>>","Payload":{"EventId":{"Value":{"Type":15,"Body":"DmQuT3pSwkWGk+dIIikIWQ=="}},"EventType":{"Value":{"Type":18,"Body":{"IdType":1,"Id":"ReferenceChange"}}},"SourceNode":{"Value":{"Type":17,"Body":{"IdType":1,"Id":"UInt32","Namespace":22}}},"Time":{"Value":{"Type":13,"Body":"2024-04-27T17:00:20.1622165Z"}},"Change":{"Value":{"Type":22,"Body":{"TypeId":{"Id":15182},"Body":{"ReferenceTypeId":{"Id":47},"IsForward":true,"NodeId":{"IdType":1,"Id":"UInt32[8]","Namespace":22},"BrowseName":{"Name":"00000008","Uri":21},"DisplayName":{"Text":"00000008"},"NodeClass":2,"TypeDefinition":{"Id":1018,"Namespace":21}}}}}}}