{"SequenceNumber":497,"MetaDataVersion":{"MajorVersion":1},"Timestamp":"2024-04-27T17:00:20.163585Z","MessageType":"ua-event","DataSetWriterName":"<<UnknownDataSet>>","Payload":{"EventId":{"Value":{"Type":15,"Body":"HSB0hE4BSkuALyhhu9Sj7g=="}},"EventType":{"Value":{"Type":18,"Body":{"IdType":1,"Id":"NodeChange"}}},"SourceNode":{"Value":{"Type":17,"Body":{"IdType":1,"Id":"UInt32[8]","Namespace":22}}},"Time":{"Value":{"Type":13,"Body":"2024-04-27T17:00:20.1635836Z"}},"Change":{"Value":{"Type":22,"Body":{"TypeId":{"Id":15074},"Body":{"NodeId":{"IdType":1,"Id":"UInt32[8]","Namespace":22},"NodeClass":2,"BrowseName":{"Name":"00000008","Uri":21},"DisplayName":{"Text":"00000008"},"RolePermissions":[],"UserRolePermissions":[],"References":[],"Value":{"Body":null},"DataType":{"Id":7},"ValueRank":-1,"ArrayDimensions":[],"AccessLevel":3,"UserAccessLevel":3,"MinimumSamplingInterval":1000,"AccessLevelEx":3}}}}}}