{"SequenceNumber":5,"MetaDataVersion":{"MajorVersion":1},"Timestamp":"2024-04-27T17:00:19.6517571Z","MessageType":"ua-event","DataSetWriterName":"<<UnknownDataSet>>","Payload":{"EventId":{"Value":{"Type":15,"Body":"1T/xPPUB+EWIIv9bOArGgQ=="}},"EventType":{"Value":{"Type":18,"Body":{"IdType":1,"Id":"ReferenceChange"}}},"SourceNode":{"Value":{"Type":17,"Body":{"Id":84}}},"Time":{"Value":{"Type":13,"Body":"2024-04-27T17:00:19.651755Z"}},"Change":{"Value":{"Type":22,"Body":{"TypeId":{"Id":15182},"Body":{"ReferenceTypeId":{"Id":35},"IsForward":true,"NodeId":{"Id":87},"BrowseName":{"Name":"Views"},"DisplayName":{"Text":"Views"},"NodeClass":1,"TypeDefinition":{"Id":61}}}}}}}