{"SequenceNumber":55,"MetaDataVersion":{"MajorVersion":1},"Timestamp":"2024-04-27T17:00:19.7451031Z","MessageType":"ua-event","DataSetWriterName":"<<UnknownDataSet>>","Payload":{"EventId":{"Value":{"Type":15,"Body":"l3d4F+9+jU+Sz7b94ub31w=="}},"EventType":{"Value":{"Type":18,"Body":{"IdType":1,"Id":"ReferenceChange"}}},"SourceNode":{"Value":{"Type":17,"Body":{"Id":87}}},"Time":{"Value":{"Type":13,"Body":"2024-04-27T17:00:19.7451015Z"}},"Change":{"Value":{"Type":22,"Body":{"TypeId":{"Id":15182},"Body":{"ReferenceTypeId":{"Id":35},"IsForward":true,"NodeId":{"IdType":1,"Id":"Views_Engineering","Namespace":8},"BrowseName":{"Name":"Engineering","Uri":8},"DisplayName":{"Text":"Engineering"},"NodeClass":128}}}}}}