{"SequenceNumber":60,"MetaDataVersion":{"MajorVersion":1},"Timestamp":"2024-04-27T17:00:19.772009Z","MessageType":"ua-event","DataSetWriterName":"<<UnknownDataSet>>","Payload":{"EventId":{"Value":{"Type":15,"Body":"iB/jW8WJBk+2ZtbQscflNg=="}},"EventType":{"Value":{"Type":18,"Body":{"IdType":1,"Id":"NodeChange"}}},"SourceNode":{"Value":{"Type":17,"Body":{"Id":2254}}},"Time":{"Value":{"Type":13,"Body":"2024-04-27T17:00:19.7720048Z"}},"Change":{"Value":{"Type":22,"Body":{"TypeId":{"Id":15074},"Body":{"NodeId":{"Id":2254},"NodeClass":2,"BrowseName":{"Name":"ServerArray"},"DisplayName":{"Text":"ServerArray"},"RolePermissions":[],"UserRolePermissions":[],"References":[],"Value":{"Body":null},"DataType":{"Id":12},"ValueRank":1,"ArrayDimensions":[0],"AccessLevel":1,"UserAccessLevel":1,"MinimumSamplingInterval":1000,"AccessLevelEx":1}}}}}}