{"SequenceNumber":68,"MetaDataVersion":{"MajorVersion":1},"Timestamp":"2024-04-27T17:00:19.7787816Z","MessageType":"ua-event","DataSetWriterName":"<<UnknownDataSet>>","Payload":{"EventId":{"Value":{"Type":15,"Body":"g+XpUApfGEixhBj8X4K87w=="}},"EventType":{"Value":{"Type":18,"Body":{"IdType":1,"Id":"NodeChange"}}},"SourceNode":{"Value":{"Type":17,"Body":{"Id":2267}}},"Time":{"Value":{"Type":13,"Body":"2024-04-27T17:00:19.7787774Z"}},"Change":{"Value":{"Type":22,"Body":{"TypeId":{"Id":15074},"Body":{"NodeId":{"Id":2267},"NodeClass":2,"BrowseName":{"Name":"ServiceLevel"},"DisplayName":{"Text":"ServiceLevel"},"RolePermissions":[],"UserRolePermissions":[],"References":[],"Value":{"Body":null},"DataType":{"Id":3},"ValueRank":-1,"ArrayDimensions":[],"AccessLevel":1,"UserAccessLevel":1,"MinimumSamplingInterval":1000,"AccessLevelEx":1}}}}}}