{"SequenceNumber":78,"MetaDataVersion":{"MajorVersion":1},"Timestamp":"2024-04-27T17:00:19.7869183Z","MessageType":"ua-event","DataSetWriterName":"<<UnknownDataSet>>","Payload":{"EventId":{"Value":{"Type":15,"Body":"3+6TLufqI0u6Sskp55U/pA=="}},"EventType":{"Value":{"Type":18,"Body":{"IdType":1,"Id":"NodeChange"}}},"SourceNode":{"Value":{"Type":17,"Body":{"Id":2295}}},"Time":{"Value":{"Type":13,"Body":"2024-04-27T17:00:19.7869167Z"}},"Change":{"Value":{"Type":22,"Body":{"TypeId":{"Id":15071},"Body":{"NodeId":{"Id":2295},"NodeClass":1,"BrowseName":{"Name":"VendorServerInfo"},"DisplayName":{"Text":"VendorServerInfo"},"RolePermissions":[],"UserRolePermissions":[],"References":[]}}}}}}