{"SequenceNumber":80,"MetaDataVersion":{"MajorVersion":1},"Timestamp":"2024-04-27T17:00:19.7884074Z","MessageType":"ua-event","DataSetWriterName":"<<UnknownDataSet>>","Payload":{"EventId":{"Value":{"Type":15,"Body":"/A4UgIgcDkquRb9hDNq2vg=="}},"EventType":{"Value":{"Type":18,"Body":{"IdType":1,"Id":"NodeChange"}}},"SourceNode":{"Value":{"Type":17,"Body":{"Id":2296}}},"Time":{"Value":{"Type":13,"Body":"2024-04-27T17:00:19.7884058Z"}},"Change":{"Value":{"Type":22,"Body":{"TypeId":{"Id":15071},"Body":{"NodeId":{"Id":2296},"NodeClass":1,"BrowseName":{"Name":"ServerRedundancy"},"DisplayName":{"Text":"ServerRedundancy"},"RolePermissions":[],"UserRolePermissions":[],"References":[]}}}}}}