{"SequenceNumber":82,"MetaDataVersion":{"MajorVersion":1},"Timestamp":"2024-04-27T17:00:19.7899286Z","MessageType":"ua-event","DataSetWriterName":"<<UnknownDataSet>>","Payload":{"EventId":{"Value":{"Type":15,"Body":"gfDsyW03g0SRuaAZGg3HaA=="}},"EventType":{"Value":{"Type":18,"Body":{"IdType":1,"Id":"NodeChange"}}},"SourceNode":{"Value":{"Type":17,"Body":{"Id":11715}}},"Time":{"Value":{"Type":13,"Body":"2024-04-27T17:00:19.7899267Z"}},"Change":{"Value":{"Type":22,"Body":{"TypeId":{"Id":15071},"Body":{"NodeId":{"Id":11715},"NodeClass":1,"BrowseName":{"Name":"Namespaces"},"DisplayName":{"Text":"Namespaces"},"RolePermissions":[],"UserRolePermissions":[],"References":[]}}}}}}