{"SequenceNumber":84,"MetaDataVersion":{"MajorVersion":1},"Timestamp":"2024-04-27T17:00:19.7914488Z","MessageType":"ua-event","DataSetWriterName":"<<UnknownDataSet>>","Payload":{"EventId":{"Value":{"Type":15,"Body":"9+K+Dkf7O0SbjdsG5kO65g=="}},"EventType":{"Value":{"Type":18,"Body":{"IdType":1,"Id":"NodeChange"}}},"SourceNode":{"Value":{"Type":17,"Body":{"Id":11492}}},"Time":{"Value":{"Type":13,"Body":"2024-04-27T17:00:19.791447Z"}},"Change":{"Value":{"Type":22,"Body":{"TypeId":{"Id":15077},"Body":{"NodeId":{"Id":11492},"NodeClass":4,"BrowseName":{"Name":"GetMonitoredItems"},"DisplayName":{"Text":"GetMonitoredItems"},"RolePermissions":[],"UserRolePermissions":[],"References":[],"Executable":true,"UserExecutable":true}}}}}}