{"SequenceNumber":88,"MetaDataVersion":{"MajorVersion":1},"Timestamp":"2024-04-27T17:00:19.794538Z","MessageType":"ua-event","DataSetWriterName":"<<UnknownDataSet>>","Payload":{"EventId":{"Value":{"Type":15,"Body":"VKgSwt62KkaBszBq9g4Yww=="}},"EventType":{"Value":{"Type":18,"Body":{"IdType":1,"Id":"NodeChange"}}},"SourceNode":{"Value":{"Type":17,"Body":{"Id":12886}}},"Time":{"Value":{"Type":13,"Body":"2024-04-27T17:00:19.794536Z"}},"Change":{"Value":{"Type":22,"Body":{"TypeId":{"Id":15077},"Body":{"NodeId":{"Id":12886},"NodeClass":4,"BrowseName":{"Name":"RequestServerStateChange"},"DisplayName":{"Text":"RequestServerStateChange"},"RolePermissions":[],"UserRolePermissions":[],"References":[],"Executable":true,"UserExecutable":true}}}}}}