{"SequenceNumber":90,"MetaDataVersion":{"MajorVersion":1},"Timestamp":"2024-04-27T17:00:19.7960705Z","MessageType":"ua-event","DataSetWriterName":"<<UnknownDataSet>>","Payload":{"EventId":{"Value":{"Type":15,"Body":"DKZEThUJLUuDLbiOMn2BIg=="}},"EventType":{"Value":{"Type":18,"Body":{"IdType":1,"Id":"NodeChange"}}},"SourceNode":{"Value":{"Type":17,"Body":{"Id":12637}}},"Time":{"Value":{"Type":13,"Body":"2024-04-27T17:00:19.7960682Z"}},"Change":{"Value":{"Type":22,"Body":{"TypeId":{"Id":15071},"Body":{"NodeId":{"Id":12637},"NodeClass":1,"BrowseName":{"Name":"ServerConfiguration"},"DisplayName":{"Text":"ServerConfiguration"},"RolePermissions":[],"UserRolePermissions":[],"References":[]}}}}}}