{"SequenceNumber":92,"MetaDataVersion":{"MajorVersion":1},"Timestamp":"2024-04-27T17:00:19.7977665Z","MessageType":"ua-event","DataSetWriterName":"<<UnknownDataSet>>","Payload":{"EventId":{"Value":{"Type":15,"Body":"XZTcOyddCEqVXh284+Hm7A=="}},"EventType":{"Value":{"Type":18,"Body":{"IdType":1,"Id":"NodeChange"}}},"SourceNode":{"Value":{"Type":17,"Body":{"Id":32530}}},"Time":{"Value":{"Type":13,"Body":"2024-04-27T17:00:19.7977637Z"}},"Change":{"Value":{"Type":22,"Body":{"TypeId":{"Id":15071},"Body":{"NodeId":{"Id":32530},"NodeClass":1,"BrowseName":{"Name":"Quantities"},"DisplayName":{"Text":"Quantities"},"Description":{"Text":"This Object is the entry point to quantities and their units managed in the Server."},"RolePermissions":[],"UserRolePermissions":[],"References":[]}}}}}}