{"SequenceNumber":94,"MetaDataVersion":{"MajorVersion":1},"Timestamp":"2024-04-27T17:00:19.7996075Z","MessageType":"ua-event","DataSetWriterName":"<<UnknownDataSet>>","Payload":{"EventId":{"Value":{"Type":15,"Body":"ey0roiT0x0q3FqtIBQlhdw=="}},"EventType":{"Value":{"Type":18,"Body":{"IdType":1,"Id":"NodeChange"}}},"SourceNode":{"Value":{"Type":17,"Body":{"Id":32637}}},"Time":{"Value":{"Type":13,"Body":"2024-04-27T17:00:19.7996049Z"}},"Change":{"Value":{"Type":22,"Body":{"TypeId":{"Id":15071},"Body":{"NodeId":{"Id":32637},"NodeClass":1,"BrowseName":{"Name":"DefaultHAConfiguration"},"DisplayName":{"Text":"DefaultHAConfiguration"},"RolePermissions":[],"UserRolePermissions":[],"References":[]}}}}}}