{"SequenceNumber":98,"MetaDataVersion":{"MajorVersion":1},"Timestamp":"2024-04-27T17:00:19.8026152Z","MessageType":"ua-event","DataSetWriterName":"<<UnknownDataSet>>","Payload":{"EventId":{"Value":{"Type":15,"Body":"S3xiDmHRNUS2tpbTUDdB+g=="}},"EventType":{"Value":{"Type":18,"Body":{"IdType":1,"Id":"NodeChange"}}},"SourceNode":{"Value":{"Type":17,"Body":{"Id":14443}}},"Time":{"Value":{"Type":13,"Body":"2024-04-27T17:00:19.8026134Z"}},"Change":{"Value":{"Type":22,"Body":{"TypeId":{"Id":15071},"Body":{"NodeId":{"Id":14443},"NodeClass":1,"BrowseName":{"Name":"PublishSubscribe"},"DisplayName":{"Text":"PublishSubscribe"},"RolePermissions":[],"UserRolePermissions":[],"References":[]}}}}}}