{"NodeId":"i=2253","EndpointUrl":"opc.tcp://localhost:61457/UA/SampleServer","ApplicationUri":"urn:desktop-bgfjs91:OPCFoundation:CoreSampleServer","DisplayName":"PendingAlarms","Timestamp":"2024-04-27T09:56:10.698348Z","Value":{"EventId":{"Value":"ikdhE7L4QU6yNg+6p5N5xQ==","SourceTimestamp":"2024-04-27T09:56:08.5855079Z"},"EventType":{"Value":{"Id":9764},"SourceTimestamp":"2024-04-27T09:56:08.5855079Z"},"LocalTime":{"Value":{"Offset":120,"DaylightSavingInOffset":true},"SourceTimestamp":"2024-04-27T09:56:08.5855079Z"},"Message":{"Value":"The alarm severity has increased.","SourceTimestamp":"2024-04-27T09:56:08.5855079Z"},"ReceiveTime":{"Value":"2024-04-27T09:56:07.7562705Z","SourceTimestamp":"2024-04-27T09:56:08.5855079Z"},"Severity":{"Value":300,"SourceTimestamp":"2024-04-27T09:56:08.5855079Z"},"SourceName":{"Value":"EastTank","SourceTimestamp":"2024-04-27T09:56:08.5855079Z"},"SourceNode":{"Value":{"IdType":1,"Id":"1:Colours/EastTank","Namespace":"http://opcfoundation.org/AlarmCondition"},"SourceTimestamp":"2024-04-27T09:56:08.5855079Z"},"Time":{"Value":"2024-04-27T09:56:07.7562572Z","SourceTimestamp":"2024-04-27T09:56:08.5855079Z"}},"SequenceNumber":3,"ExtensionFields":{}}