{"NodeId":"i=2253","EndpointUrl":"opc.tcp://localhost:61457/UA/SampleServer","ApplicationUri":"urn:desktop-bgfjs91:OPCFoundation:CoreSampleServer","DisplayName":"PendingAlarms","Timestamp":"2024-04-27T09:57:41.2457729Z","Value":{"EventId":{"Value":"9saQwLKXpEyOvJ1edaT9Aw==","SourceTimestamp":"2024-04-27T09:57:40.5949433Z"},"EventType":{"Value":{"Id":9764},"SourceTimestamp":"2024-04-27T09:57:40.5949433Z"},"LocalTime":{"Value":{"Offset":120,"DaylightSavingInOffset":true},"SourceTimestamp":"2024-04-27T09:57:40.5949433Z"},"Message":{"Value":"The alarm severity has increased.","SourceTimestamp":"2024-04-27T09:57:40.5949433Z"},"ReceiveTime":{"Value":"2024-04-27T09:57:39.7466032Z","SourceTimestamp":"2024-04-27T09:57:40.5949433Z"},"Severity":{"Value":900,"SourceTimestamp":"2024-04-27T09:57:40.5949433Z"},"SourceName":{"Value":"WestTank","SourceTimestamp":"2024-04-27T09:57:40.5949433Z"},"SourceNode":{"Value":{"IdType":1,"Id":"1:Metals/WestTank","Namespace":"http://opcfoundation.org/AlarmCondition"},"SourceTimestamp":"2024-04-27T09:57:40.5949433Z"},"Time":{"Value":"2024-04-27T09:57:39.7465993Z","SourceTimestamp":"2024-04-27T09:57:40.5949433Z"}},"SequenceNumber":102,"ExtensionFields":{}}