{"NodeId":"i=2253","EndpointUrl":"opc.tcp://localhost:61457/UA/SampleServer","ApplicationUri":"urn:desktop-bgfjs91:OPCFoundation:CoreSampleServer","DisplayName":"PendingAlarms","Timestamp":"2024-04-27T09:57:51.2918824Z","Value":{"EventId":{"Value":"So1QG6Hz2kWkPQA2ivvyXw==","SourceTimestamp":"2024-04-27T09:57:50.6106061Z"},"EventType":{"Value":{"Id":9764},"SourceTimestamp":"2024-04-27T09:57:50.6106061Z"},"LocalTime":{"Value":{"Offset":120,"DaylightSavingInOffset":true},"SourceTimestamp":"2024-04-27T09:57:50.6106061Z"},"Message":{"Value":"The alarm severity has increased.","SourceTimestamp":"2024-04-27T09:57:50.6106061Z"},"ReceiveTime":{"Value":"2024-04-27T09:57:49.7496867Z","SourceTimestamp":"2024-04-27T09:57:50.6106061Z"},"Severity":{"Value":900,"SourceTimestamp":"2024-04-27T09:57:50.6106061Z"},"SourceName":{"Value":"SouthMotor","SourceTimestamp":"2024-04-27T09:57:50.6106061Z"},"SourceNode":{"Value":{"IdType":1,"Id":"1:Metals/SouthMotor","Namespace":"http://opcfoundation.org/AlarmCondition"},"SourceTimestamp":"2024-04-27T09:57:50.6106061Z"},"Time":{"Value":"2024-04-27T09:57:49.7496838Z","SourceTimestamp":"2024-04-27T09:57:50.6106061Z"}},"SequenceNumber":114,"ExtensionFields":{}}