{"NodeId":"i=2253","EndpointUrl":"opc.tcp://localhost:61457/UA/SampleServer","ApplicationUri":"urn:desktop-bgfjs91:OPCFoundation:CoreSampleServer","DisplayName":"PendingAlarms","Timestamp":"2024-04-27T09:56:20.7478841Z","Value":{"EventId":{"Value":"qoNyqcwYGkG5Ydfg+YHJzQ==","SourceTimestamp":"2024-04-27T09:56:18.6038887Z"},"EventType":{"Value":{"Id":10060},"SourceTimestamp":"2024-04-27T09:56:18.6038887Z"},"LocalTime":{"Value":{"Offset":120,"DaylightSavingInOffset":true},"SourceTimestamp":"2024-04-27T09:56:18.6038887Z"},"Message":{"Value":"The alarm severity has increased.","SourceTimestamp":"2024-04-27T09:56:18.6038887Z"},"ReceiveTime":{"Value":"2024-04-27T09:56:17.7481437Z","SourceTimestamp":"2024-04-27T09:56:18.6038887Z"},"Severity":{"Value":500,"SourceTimestamp":"2024-04-27T09:56:18.6038887Z"},"SourceName":{"Value":"EastTank","SourceTimestamp":"2024-04-27T09:56:18.6038887Z"},"SourceNode":{"Value":{"IdType":1,"Id":"1:Colours/EastTank","Namespace":"http://opcfoundation.org/AlarmCondition"},"SourceTimestamp":"2024-04-27T09:56:18.6038887Z"},"Time":{"Value":"2024-04-27T09:56:17.748129Z","SourceTimestamp":"2024-04-27T09:56:18.6038887Z"}},"SequenceNumber":11,"ExtensionFields":{}}