{"NodeId":"i=2253","EndpointUrl":"opc.tcp://localhost:61457/UA/SampleServer","ApplicationUri":"urn:desktop-bgfjs91:OPCFoundation:CoreSampleServer","DisplayName":"PendingAlarms","Timestamp":"2024-04-27T09:56:10.7041526Z","Value":{"EventId":{"Value":"eC1r3tTHMkWMhx3epupfCg==","SourceTimestamp":"2024-04-27T09:56:08.5855079Z"},"EventType":{"Value":{"Id":10751},"SourceTimestamp":"2024-04-27T09:56:08.5855079Z"},"LocalTime":{"Value":{"Offset":120,"DaylightSavingInOffset":true},"SourceTimestamp":"2024-04-27T09:56:08.5855079Z"},"Message":{"Value":"The alarm severity has increased.","SourceTimestamp":"2024-04-27T09:56:08.5855079Z"},"ReceiveTime":{"Value":"2024-04-27T09:56:07.7564424Z","SourceTimestamp":"2024-04-27T09:56:08.5855079Z"},"Severity":{"Value":300,"SourceTimestamp":"2024-04-27T09:56:08.5855079Z"},"SourceName":{"Value":"WestTank","SourceTimestamp":"2024-04-27T09:56:08.5855079Z"},"SourceNode":{"Value":{"IdType":1,"Id":"1:Metals/WestTank","Namespace":"http://opcfoundation.org/AlarmCondition"},"SourceTimestamp":"2024-04-27T09:56:08.5855079Z"},"Time":{"Value":"2024-04-27T09:56:07.7564386Z","SourceTimestamp":"2024-04-27T09:56:08.5855079Z"}},"SequenceNumber":1,"ExtensionFields":{}}