{"NodeId":"i=2253","EndpointUrl":"opc.tcp://localhost:61457/UA/SampleServer","ApplicationUri":"urn:desktop-bgfjs91:OPCFoundation:CoreSampleServer","DisplayName":"PendingAlarms","Timestamp":"2024-04-27T09:56:30.8099024Z","Value":{"EventId":{"Value":"uvonMLrxiEuFTo3XulL4jw==","SourceTimestamp":"2024-04-27T09:56:24.5968567Z"},"EventType":{"Value":{"Id":10060},"SourceTimestamp":"2024-04-27T09:56:24.5968567Z"},"LocalTime":{"Value":{"Offset":120,"DaylightSavingInOffset":true},"SourceTimestamp":"2024-04-27T09:56:24.5968567Z"},"Message":{"Value":"The alarm severity has increased.","SourceTimestamp":"2024-04-27T09:56:24.5968567Z"},"ReceiveTime":{"Value":"2024-04-27T09:56:23.7513317Z","SourceTimestamp":"2024-04-27T09:56:24.5968567Z"},"Severity":{"Value":700,"SourceTimestamp":"2024-04-27T09:56:24.5968567Z"},"SourceName":{"Value":"SouthMotor","SourceTimestamp":"2024-04-27T09:56:24.5968567Z"},"SourceNode":{"Value":{"IdType":1,"Id":"1:Metals/SouthMotor","Namespace":"http://opcfoundation.org/AlarmCondition"},"SourceTimestamp":"2024-04-27T09:56:24.5968567Z"},"Time":{"Value":"2024-04-27T09:56:23.7513288Z","SourceTimestamp":"2024-04-27T09:56:24.5968567Z"}},"SequenceNumber":23,"ExtensionFields":{}}