{"NodeId":"i=2253","EndpointUrl":"opc.tcp://localhost:61457/UA/SampleServer","ApplicationUri":"urn:desktop-bgfjs91:OPCFoundation:CoreSampleServer","DisplayName":"PendingAlarms","Timestamp":"2024-04-27T09:56:30.8099278Z","Value":{"EventId":{"Value":"Ut3qKTp4ikCzfzw1lUskng==","SourceTimestamp":"2024-04-27T09:56:27.6240636Z"},"EventType":{"Value":{"Id":10060},"SourceTimestamp":"2024-04-27T09:56:27.6240636Z"},"LocalTime":{"Value":{"Offset":120,"DaylightSavingInOffset":true},"SourceTimestamp":"2024-04-27T09:56:27.6240636Z"},"Message":{"Value":"The alarm severity has increased.","SourceTimestamp":"2024-04-27T09:56:27.6240636Z"},"ReceiveTime":{"Value":"2024-04-27T09:56:26.7445499Z","SourceTimestamp":"2024-04-27T09:56:27.6240636Z"},"Severity":{"Value":700,"SourceTimestamp":"2024-04-27T09:56:27.6240636Z"},"SourceName":{"Value":"EastTank","SourceTimestamp":"2024-04-27T09:56:27.6240636Z"},"SourceNode":{"Value":{"IdType":1,"Id":"1:Colours/EastTank","Namespace":"http://opcfoundation.org/AlarmCondition"},"SourceTimestamp":"2024-04-27T09:56:27.6240636Z"},"Time":{"Value":"2024-04-27T09:56:26.7445352Z","SourceTimestamp":"2024-04-27T09:56:27.6240636Z"}},"SequenceNumber":24,"ExtensionFields":{}}