{"NodeId":"i=2253","EndpointUrl":"opc.tcp://localhost:61457/UA/SampleServer","ApplicationUri":"urn:desktop-bgfjs91:OPCFoundation:CoreSampleServer","DisplayName":"PendingAlarms","Timestamp":"2024-04-27T09:56:30.810042Z","Value":{"EventId":{"Value":"WtfMFBLnIEqSnTHg8qVldQ==","SourceTimestamp":"2024-04-27T09:56:30.5794814Z"},"EventType":{"Value":{"Id":9764},"SourceTimestamp":"2024-04-27T09:56:30.5794814Z"},"LocalTime":{"Value":{"Offset":120,"DaylightSavingInOffset":true},"SourceTimestamp":"2024-04-27T09:56:30.5794814Z"},"Message":{"Value":"The alarm severity has increased.","SourceTimestamp":"2024-04-27T09:56:30.5794814Z"},"ReceiveTime":{"Value":"2024-04-27T09:56:29.7519069Z","SourceTimestamp":"2024-04-27T09:56:30.5794814Z"},"Severity":{"Value":700,"SourceTimestamp":"2024-04-27T09:56:30.5794814Z"},"SourceName":{"Value":"WestTank","SourceTimestamp":"2024-04-27T09:56:30.5794814Z"},"SourceNode":{"Value":{"IdType":1,"Id":"1:Metals/WestTank","Namespace":"http://opcfoundation.org/AlarmCondition"},"SourceTimestamp":"2024-04-27T09:56:30.5794814Z"},"Time":{"Value":"2024-04-27T09:56:29.7519027Z","SourceTimestamp":"2024-04-27T09:56:30.5794814Z"}},"SequenceNumber":30,"ExtensionFields":{}}