{"NodeId":"i=2253","EndpointUrl":"opc.tcp://localhost:61457/UA/SampleServer","ApplicationUri":"urn:desktop-bgfjs91:OPCFoundation:CoreSampleServer","DisplayName":"PendingAlarms","Timestamp":"2024-04-27T09:56:30.8100721Z","Value":{"EventId":{"Value":"j1UjY9vAdkKiciNSZZNqmw==","SourceTimestamp":"2024-04-27T09:56:22.6195625Z"},"EventType":{"Value":{"Id":10751},"SourceTimestamp":"2024-04-27T09:56:22.6195625Z"},"LocalTime":{"Value":{"Offset":120,"DaylightSavingInOffset":true},"SourceTimestamp":"2024-04-27T09:56:22.6195625Z"},"Message":{"Value":"The alarm severity has increased.","SourceTimestamp":"2024-04-27T09:56:22.6195625Z"},"ReceiveTime":{"Value":"2024-04-27T09:56:21.7568711Z","SourceTimestamp":"2024-04-27T09:56:22.6195625Z"},"Severity":{"Value":500,"SourceTimestamp":"2024-04-27T09:56:22.6195625Z"},"SourceName":{"Value":"NorthMotor","SourceTimestamp":"2024-04-27T09:56:22.6195625Z"},"SourceNode":{"Value":{"IdType":1,"Id":"1:Colours/NorthMotor","Namespace":"http://opcfoundation.org/AlarmCondition"},"SourceTimestamp":"2024-04-27T09:56:22.6195625Z"},"Time":{"Value":"2024-04-27T09:56:21.7568575Z","SourceTimestamp":"2024-04-27T09:56:22.6195625Z"}},"SequenceNumber":31,"ExtensionFields":{}}