{"NodeId":"i=2253","EndpointUrl":"opc.tcp://localhost:61457/UA/SampleServer","ApplicationUri":"urn:desktop-bgfjs91:OPCFoundation:CoreSampleServer","DisplayName":"PendingAlarms","Timestamp":"2024-04-27T09:56:30.8102019Z","Value":{"EventId":{"Value":"9Dy40vMZvkqY/qgC4YpJcQ==","SourceTimestamp":"2024-04-27T09:56:22.6195625Z"},"EventType":{"Value":{"Id":10060},"SourceTimestamp":"2024-04-27T09:56:22.6195625Z"},"LocalTime":{"Value":{"Offset":120,"DaylightSavingInOffset":true},"SourceTimestamp":"2024-04-27T09:56:22.6195625Z"},"Message":{"Value":"The alarm severity has increased.","SourceTimestamp":"2024-04-27T09:56:22.6195625Z"},"ReceiveTime":{"Value":"2024-04-27T09:56:21.7570824Z","SourceTimestamp":"2024-04-27T09:56:22.6195625Z"},"Severity":{"Value":500,"SourceTimestamp":"2024-04-27T09:56:22.6195625Z"},"SourceName":{"Value":"WestTank","SourceTimestamp":"2024-04-27T09:56:22.6195625Z"},"SourceNode":{"Value":{"IdType":1,"Id":"1:Metals/WestTank","Namespace":"http://opcfoundation.org/AlarmCondition"},"SourceTimestamp":"2024-04-27T09:56:22.6195625Z"},"Time":{"Value":"2024-04-27T09:56:21.7570754Z","SourceTimestamp":"2024-04-27T09:56:22.6195625Z"}},"SequenceNumber":32,"ExtensionFields":{}}