{"NodeId":"i=2253","EndpointUrl":"opc.tcp://localhost:61457/UA/SampleServer","ApplicationUri":"urn:desktop-bgfjs91:OPCFoundation:CoreSampleServer","DisplayName":"PendingAlarms","Timestamp":"2024-04-27T09:56:40.8652012Z","Value":{"EventId":{"Value":"hdQQosv67UmQX/nhZ7Wgsg==","SourceTimestamp":"2024-04-27T09:56:36.5974975Z"},"EventType":{"Value":{"Id":10060},"SourceTimestamp":"2024-04-27T09:56:36.5974975Z"},"LocalTime":{"Value":{"Offset":120,"DaylightSavingInOffset":true},"SourceTimestamp":"2024-04-27T09:56:36.5974975Z"},"Message":{"Value":"The alarm severity has increased.","SourceTimestamp":"2024-04-27T09:56:36.5974975Z"},"ReceiveTime":{"Value":"2024-04-27T09:56:35.747767Z","SourceTimestamp":"2024-04-27T09:56:36.5974975Z"},"Severity":{"Value":900,"SourceTimestamp":"2024-04-27T09:56:36.5974975Z"},"SourceName":{"Value":"EastTank","SourceTimestamp":"2024-04-27T09:56:36.5974975Z"},"SourceNode":{"Value":{"IdType":1,"Id":"1:Colours/EastTank","Namespace":"http://opcfoundation.org/AlarmCondition"},"SourceTimestamp":"2024-04-27T09:56:36.5974975Z"},"Time":{"Value":"2024-04-27T09:56:35.7477533Z","SourceTimestamp":"2024-04-27T09:56:36.5974975Z"}},"SequenceNumber":35,"ExtensionFields":{}}