{"NodeId":"i=2253","EndpointUrl":"opc.tcp://localhost:61457/UA/SampleServer","ApplicationUri":"urn:desktop-bgfjs91:OPCFoundation:CoreSampleServer","DisplayName":"PendingAlarms","Timestamp":"2024-04-27T09:56:40.8652406Z","Value":{"EventId":{"Value":"jB9j4ykmw0yW773OQCRMNQ==","SourceTimestamp":"2024-04-27T09:56:36.5974975Z"},"EventType":{"Value":{"Id":9764},"SourceTimestamp":"2024-04-27T09:56:36.5974975Z"},"LocalTime":{"Value":{"Offset":120,"DaylightSavingInOffset":true},"SourceTimestamp":"2024-04-27T09:56:36.5974975Z"},"Message":{"Value":"The alarm severity has increased.","SourceTimestamp":"2024-04-27T09:56:36.5974975Z"},"ReceiveTime":{"Value":"2024-04-27T09:56:35.7480232Z","SourceTimestamp":"2024-04-27T09:56:36.5974975Z"},"Severity":{"Value":900,"SourceTimestamp":"2024-04-27T09:56:36.5974975Z"},"SourceName":{"Value":"NorthMotor","SourceTimestamp":"2024-04-27T09:56:36.5974975Z"},"SourceNode":{"Value":{"IdType":1,"Id":"1:Colours/NorthMotor","Namespace":"http://opcfoundation.org/AlarmCondition"},"SourceTimestamp":"2024-04-27T09:56:36.5974975Z"},"Time":{"Value":"2024-04-27T09:56:35.7480165Z","SourceTimestamp":"2024-04-27T09:56:36.5974975Z"}},"SequenceNumber":36,"ExtensionFields":{}}