{"NodeId":"i=2253","EndpointUrl":"opc.tcp://localhost:61457/UA/SampleServer","ApplicationUri":"urn:desktop-bgfjs91:OPCFoundation:CoreSampleServer","DisplayName":"PendingAlarms","Timestamp":"2024-04-27T09:56:50.933937Z","Value":{"EventId":{"Value":"39YFQOujkkqzHHY15UjG7w==","SourceTimestamp":"2024-04-27T09:56:44.5701334Z"},"EventType":{"Value":{"Id":9764},"SourceTimestamp":"2024-04-27T09:56:44.5701334Z"},"LocalTime":{"Value":{"Offset":120,"DaylightSavingInOffset":true},"SourceTimestamp":"2024-04-27T09:56:44.5701334Z"},"Message":{"Value":"The alarm severity has increased.","SourceTimestamp":"2024-04-27T09:56:44.5701334Z"},"ReceiveTime":{"Value":"2024-04-27T09:56:43.7426143Z","SourceTimestamp":"2024-04-27T09:56:44.5701334Z"},"Severity":{"Value":900,"SourceTimestamp":"2024-04-27T09:56:44.5701334Z"},"SourceName":{"Value":"SouthMotor","SourceTimestamp":"2024-04-27T09:56:44.5701334Z"},"SourceNode":{"Value":{"IdType":1,"Id":"1:Metals/SouthMotor","Namespace":"http://opcfoundation.org/AlarmCondition"},"SourceTimestamp":"2024-04-27T09:56:44.5701334Z"},"Time":{"Value":"2024-04-27T09:56:43.7426099Z","SourceTimestamp":"2024-04-27T09:56:44.5701334Z"}},"SequenceNumber":50,"ExtensionFields":{}}