{"NodeId":"i=2253","EndpointUrl":"opc.tcp://localhost:61457/UA/SampleServer","ApplicationUri":"urn:desktop-bgfjs91:OPCFoundation:CoreSampleServer","DisplayName":"PendingAlarms","Timestamp":"2024-04-27T09:57:01.0038124Z","Value":{"EventId":{"Value":"/fRRktlCsEi+V9oPuyrLzQ==","SourceTimestamp":"2024-04-27T09:56:54.6033288Z"},"EventType":{"Value":{"Id":10060},"SourceTimestamp":"2024-04-27T09:56:54.6033288Z"},"LocalTime":{"Value":{"Offset":120,"DaylightSavingInOffset":true},"SourceTimestamp":"2024-04-27T09:56:54.6033288Z"},"Message":{"Value":"The alarm is active.","SourceTimestamp":"2024-04-27T09:56:54.6033288Z"},"ReceiveTime":{"Value":"2024-04-27T09:56:53.7526412Z","SourceTimestamp":"2024-04-27T09:56:54.6033288Z"},"Severity":{"Value":100,"SourceTimestamp":"2024-04-27T09:56:54.6033288Z"},"SourceName":{"Value":"EastTank","SourceTimestamp":"2024-04-27T09:56:54.6033288Z"},"SourceNode":{"Value":{"IdType":1,"Id":"1:Colours/EastTank","Namespace":"http://opcfoundation.org/AlarmCondition"},"SourceTimestamp":"2024-04-27T09:56:54.6033288Z"},"Time":{"Value":"2024-04-27T09:56:53.7526237Z","SourceTimestamp":"2024-04-27T09:56:54.6033288Z"}},"SequenceNumber":61,"ExtensionFields":{}}