{"NodeId":"i=2253","EndpointUrl":"opc.tcp://localhost:61457/UA/SampleServer","ApplicationUri":"urn:desktop-bgfjs91:OPCFoundation:CoreSampleServer","DisplayName":"PendingAlarms","Timestamp":"2024-04-27T09:57:01.0038981Z","Value":{"EventId":{"Value":"JIarwSCX4Ey8mIO5EyPqcg==","SourceTimestamp":"2024-04-27T09:57:00.6149036Z"},"EventType":{"Value":{"Id":10751},"SourceTimestamp":"2024-04-27T09:57:00.6149036Z"},"LocalTime":{"Value":{"Offset":120,"DaylightSavingInOffset":true},"SourceTimestamp":"2024-04-27T09:57:00.6149036Z"},"Message":{"Value":"The alarm is active.","SourceTimestamp":"2024-04-27T09:57:00.6149036Z"},"ReceiveTime":{"Value":"2024-04-27T09:56:59.7425991Z","SourceTimestamp":"2024-04-27T09:57:00.6149036Z"},"Severity":{"Value":100,"SourceTimestamp":"2024-04-27T09:57:00.6149036Z"},"SourceName":{"Value":"EastTank","SourceTimestamp":"2024-04-27T09:57:00.6149036Z"},"SourceNode":{"Value":{"IdType":1,"Id":"1:Colours/EastTank","Namespace":"http://opcfoundation.org/AlarmCondition"},"SourceTimestamp":"2024-04-27T09:57:00.6149036Z"},"Time":{"Value":"2024-04-27T09:56:59.7425877Z","SourceTimestamp":"2024-04-27T09:57:00.6149036Z"}},"SequenceNumber":59,"ExtensionFields":{}}