{"NodeId":"i=2253","EndpointUrl":"opc.tcp://localhost:61457/UA/SampleServer","ApplicationUri":"urn:desktop-bgfjs91:OPCFoundation:CoreSampleServer","DisplayName":"PendingAlarms","Timestamp":"2024-04-27T09:57:11.0645687Z","Value":{"EventId":{"Value":"1lwtXW90OkW1QlE3y6pE3g==","SourceTimestamp":"2024-04-27T09:57:06.6181214Z"},"EventType":{"Value":{"Id":10060},"SourceTimestamp":"2024-04-27T09:57:06.6181214Z"},"LocalTime":{"Value":{"Offset":120,"DaylightSavingInOffset":true},"SourceTimestamp":"2024-04-27T09:57:06.6181214Z"},"Message":{"Value":"The alarm is active.","SourceTimestamp":"2024-04-27T09:57:06.6181214Z"},"ReceiveTime":{"Value":"2024-04-27T09:57:05.7507613Z","SourceTimestamp":"2024-04-27T09:57:06.6181214Z"},"Severity":{"Value":100,"SourceTimestamp":"2024-04-27T09:57:06.6181214Z"},"SourceName":{"Value":"WestTank","SourceTimestamp":"2024-04-27T09:57:06.6181214Z"},"SourceNode":{"Value":{"IdType":1,"Id":"1:Metals/WestTank","Namespace":"http://opcfoundation.org/AlarmCondition"},"SourceTimestamp":"2024-04-27T09:57:06.6181214Z"},"Time":{"Value":"2024-04-27T09:57:05.750755Z","SourceTimestamp":"2024-04-27T09:57:06.6181214Z"}},"SequenceNumber":65,"ExtensionFields":{}}