{"NodeId":"i=2253","EndpointUrl":"opc.tcp://localhost:61457/UA/SampleServer","ApplicationUri":"urn:desktop-bgfjs91:OPCFoundation:CoreSampleServer","DisplayName":"PendingAlarms","Timestamp":"2024-04-27T09:57:11.0646178Z","Value":{"EventId":{"Value":"OR1NthVT5k6AaHhecbeysA==","SourceTimestamp":"2024-04-27T09:57:06.6181214Z"},"EventType":{"Value":{"Id":10751},"SourceTimestamp":"2024-04-27T09:57:06.6181214Z"},"LocalTime":{"Value":{"Offset":120,"DaylightSavingInOffset":true},"SourceTimestamp":"2024-04-27T09:57:06.6181214Z"},"Message":{"Value":"The alarm is active.","SourceTimestamp":"2024-04-27T09:57:06.6181214Z"},"ReceiveTime":{"Value":"2024-04-27T09:57:05.7505424Z","SourceTimestamp":"2024-04-27T09:57:06.6181214Z"},"Severity":{"Value":100,"SourceTimestamp":"2024-04-27T09:57:06.6181214Z"},"SourceName":{"Value":"NorthMotor","SourceTimestamp":"2024-04-27T09:57:06.6181214Z"},"SourceNode":{"Value":{"IdType":1,"Id":"1:Colours/NorthMotor","Namespace":"http://opcfoundation.org/AlarmCondition"},"SourceTimestamp":"2024-04-27T09:57:06.6181214Z"},"Time":{"Value":"2024-04-27T09:57:05.7505157Z","SourceTimestamp":"2024-04-27T09:57:06.6181214Z"}},"SequenceNumber":63,"ExtensionFields":{}}