{"NodeId":"i=2253","EndpointUrl":"opc.tcp://localhost:61457/UA/SampleServer","ApplicationUri":"urn:desktop-bgfjs91:OPCFoundation:CoreSampleServer","DisplayName":"PendingAlarms","Timestamp":"2024-04-27T09:57:11.064686Z","Value":{"EventId":{"Value":"a60LjJoYXk2jdmFmbG/VnA==","SourceTimestamp":"2024-04-27T09:57:03.578496Z"},"EventType":{"Value":{"Id":9764},"SourceTimestamp":"2024-04-27T09:57:03.578496Z"},"LocalTime":{"Value":{"Offset":120,"DaylightSavingInOffset":true},"SourceTimestamp":"2024-04-27T09:57:03.578496Z"},"Message":{"Value":"The alarm severity has increased.","SourceTimestamp":"2024-04-27T09:57:03.578496Z"},"ReceiveTime":{"Value":"2024-04-27T09:57:02.7426956Z","SourceTimestamp":"2024-04-27T09:57:03.578496Z"},"Severity":{"Value":300,"SourceTimestamp":"2024-04-27T09:57:03.578496Z"},"SourceName":{"Value":"NorthMotor","SourceTimestamp":"2024-04-27T09:57:03.578496Z"},"SourceNode":{"Value":{"IdType":1,"Id":"1:Colours/NorthMotor","Namespace":"http://opcfoundation.org/AlarmCondition"},"SourceTimestamp":"2024-04-27T09:57:03.578496Z"},"Time":{"Value":"2024-04-27T09:57:02.7426904Z","SourceTimestamp":"2024-04-27T09:57:03.578496Z"}},"SequenceNumber":73,"ExtensionFields":{}}