{"NodeId":"i=2253","EndpointUrl":"opc.tcp://localhost:61457/UA/SampleServer","ApplicationUri":"urn:desktop-bgfjs91:OPCFoundation:CoreSampleServer","DisplayName":"PendingAlarms","Timestamp":"2024-04-27T09:57:11.064806Z","Value":{"EventId":{"Value":"KXPYPu2mm0OO4DwDsf/7Hg==","SourceTimestamp":"2024-04-27T09:57:10.5831713Z"},"EventType":{"Value":{"Id":10060},"SourceTimestamp":"2024-04-27T09:57:10.5831713Z"},"LocalTime":{"Value":{"Offset":120,"DaylightSavingInOffset":true},"SourceTimestamp":"2024-04-27T09:57:10.5831713Z"},"Message":{"Value":"The alarm severity has increased.","SourceTimestamp":"2024-04-27T09:57:10.5831713Z"},"ReceiveTime":{"Value":"2024-04-27T09:57:09.7534912Z","SourceTimestamp":"2024-04-27T09:57:10.5831713Z"},"Severity":{"Value":300,"SourceTimestamp":"2024-04-27T09:57:10.5831713Z"},"SourceName":{"Value":"NorthMotor","SourceTimestamp":"2024-04-27T09:57:10.5831713Z"},"SourceNode":{"Value":{"IdType":1,"Id":"1:Colours/NorthMotor","Namespace":"http://opcfoundation.org/AlarmCondition"},"SourceTimestamp":"2024-04-27T09:57:10.5831713Z"},"Time":{"Value":"2024-04-27T09:57:09.7534776Z","SourceTimestamp":"2024-04-27T09:57:10.5831713Z"}},"SequenceNumber":69,"ExtensionFields":{}}