{"NodeId":"i=2253","EndpointUrl":"opc.tcp://localhost:61457/UA/SampleServer","ApplicationUri":"urn:desktop-bgfjs91:OPCFoundation:CoreSampleServer","DisplayName":"PendingAlarms","Timestamp":"2024-04-27T09:57:21.1186579Z","Value":{"EventId":{"Value":"kt2rhFLp802psC0ZKdeUbQ==","SourceTimestamp":"2024-04-27T09:57:17.6263292Z"},"EventType":{"Value":{"Id":10751},"SourceTimestamp":"2024-04-27T09:57:17.6263292Z"},"LocalTime":{"Value":{"Offset":120,"DaylightSavingInOffset":true},"SourceTimestamp":"2024-04-27T09:57:17.6263292Z"},"Message":{"Value":"The alarm severity has increased.","SourceTimestamp":"2024-04-27T09:57:17.6263292Z"},"ReceiveTime":{"Value":"2024-04-27T09:57:16.7423749Z","SourceTimestamp":"2024-04-27T09:57:17.6263292Z"},"Severity":{"Value":300,"SourceTimestamp":"2024-04-27T09:57:17.6263292Z"},"SourceName":{"Value":"NorthMotor","SourceTimestamp":"2024-04-27T09:57:17.6263292Z"},"SourceNode":{"Value":{"IdType":1,"Id":"1:Colours/NorthMotor","Namespace":"http://opcfoundation.org/AlarmCondition"},"SourceTimestamp":"2024-04-27T09:57:17.6263292Z"},"Time":{"Value":"2024-04-27T09:57:16.7423598Z","SourceTimestamp":"2024-04-27T09:57:17.6263292Z"}},"SequenceNumber":74,"ExtensionFields":{}}