{"NodeId":"i=2253","EndpointUrl":"opc.tcp://localhost:61457/UA/SampleServer","ApplicationUri":"urn:desktop-bgfjs91:OPCFoundation:CoreSampleServer","DisplayName":"PendingAlarms","Timestamp":"2024-04-27T09:57:21.118832Z","Value":{"EventId":{"Value":"NkG0IogAL0misDF2ZMsuYA==","SourceTimestamp":"2024-04-27T09:57:12.626043Z"},"EventType":{"Value":{"Id":9764},"SourceTimestamp":"2024-04-27T09:57:12.626043Z"},"LocalTime":{"Value":{"Offset":120,"DaylightSavingInOffset":true},"SourceTimestamp":"2024-04-27T09:57:12.626043Z"},"Message":{"Value":"The alarm severity has increased.","SourceTimestamp":"2024-04-27T09:57:12.626043Z"},"ReceiveTime":{"Value":"2024-04-27T09:57:11.7484688Z","SourceTimestamp":"2024-04-27T09:57:12.626043Z"},"Severity":{"Value":500,"SourceTimestamp":"2024-04-27T09:57:12.626043Z"},"SourceName":{"Value":"NorthMotor","SourceTimestamp":"2024-04-27T09:57:12.626043Z"},"SourceNode":{"Value":{"IdType":1,"Id":"1:Colours/NorthMotor","Namespace":"http://opcfoundation.org/AlarmCondition"},"SourceTimestamp":"2024-04-27T09:57:12.626043Z"},"Time":{"Value":"2024-04-27T09:57:11.7484648Z","SourceTimestamp":"2024-04-27T09:57:12.626043Z"}},"SequenceNumber":78,"ExtensionFields":{}}