{"NodeId":"i=2253","EndpointUrl":"opc.tcp://localhost:61457/UA/SampleServer","ApplicationUri":"urn:desktop-bgfjs91:OPCFoundation:CoreSampleServer","DisplayName":"PendingAlarms","Timestamp":"2024-04-27T09:57:21.1188983Z","Value":{"EventId":{"Value":"t+DLbhEF9kqYEttJrQAmQg==","SourceTimestamp":"2024-04-27T09:57:20.5959795Z"},"EventType":{"Value":{"Id":10751},"SourceTimestamp":"2024-04-27T09:57:20.5959795Z"},"LocalTime":{"Value":{"Offset":120,"DaylightSavingInOffset":true},"SourceTimestamp":"2024-04-27T09:57:20.5959795Z"},"Message":{"Value":"The alarm severity has increased.","SourceTimestamp":"2024-04-27T09:57:20.5959795Z"},"ReceiveTime":{"Value":"2024-04-27T09:57:19.7454613Z","SourceTimestamp":"2024-04-27T09:57:20.5959795Z"},"Severity":{"Value":900,"SourceTimestamp":"2024-04-27T09:57:20.5959795Z"},"SourceName":{"Value":"WestTank","SourceTimestamp":"2024-04-27T09:57:20.5959795Z"},"SourceNode":{"Value":{"IdType":1,"Id":"1:Metals/WestTank","Namespace":"http://opcfoundation.org/AlarmCondition"},"SourceTimestamp":"2024-04-27T09:57:20.5959795Z"},"Time":{"Value":"2024-04-27T09:57:19.7453696Z","SourceTimestamp":"2024-04-27T09:57:20.5959795Z"}},"SequenceNumber":79,"ExtensionFields":{}}