{"NodeId":"i=2253","EndpointUrl":"opc.tcp://localhost:61457/UA/SampleServer","ApplicationUri":"urn:desktop-bgfjs91:OPCFoundation:CoreSampleServer","DisplayName":"PendingAlarms","Timestamp":"2024-04-27T09:57:21.1189526Z","Value":{"EventId":{"Value":"HB6yMxxMRk2QHwOOlMw0Vw==","SourceTimestamp":"2024-04-27T09:57:12.626043Z"},"EventType":{"Value":{"Id":10060},"SourceTimestamp":"2024-04-27T09:57:12.626043Z"},"LocalTime":{"Value":{"Offset":120,"DaylightSavingInOffset":true},"SourceTimestamp":"2024-04-27T09:57:12.626043Z"},"Message":{"Value":"The alarm severity has increased.","SourceTimestamp":"2024-04-27T09:57:12.626043Z"},"ReceiveTime":{"Value":"2024-04-27T09:57:11.7483658Z","SourceTimestamp":"2024-04-27T09:57:12.626043Z"},"Severity":{"Value":500,"SourceTimestamp":"2024-04-27T09:57:12.626043Z"},"SourceName":{"Value":"EastTank","SourceTimestamp":"2024-04-27T09:57:12.626043Z"},"SourceNode":{"Value":{"IdType":1,"Id":"1:Colours/EastTank","Namespace":"http://opcfoundation.org/AlarmCondition"},"SourceTimestamp":"2024-04-27T09:57:12.626043Z"},"Time":{"Value":"2024-04-27T09:57:11.7481823Z","SourceTimestamp":"2024-04-27T09:57:12.626043Z"}},"SequenceNumber":81,"ExtensionFields":{}}