{"NodeId":"i=2253","EndpointUrl":"opc.tcp://localhost:61457/UA/SampleServer","ApplicationUri":"urn:desktop-bgfjs91:OPCFoundation:CoreSampleServer","DisplayName":"PendingAlarms","Timestamp":"2024-04-27T09:57:21.1190016Z","Value":{"EventId":{"Value":"ATHIw0zOSkezZlQfZBCr+Q==","SourceTimestamp":"2024-04-27T09:57:20.5959795Z"},"EventType":{"Value":{"Id":10060},"SourceTimestamp":"2024-04-27T09:57:20.5959795Z"},"LocalTime":{"Value":{"Offset":120,"DaylightSavingInOffset":true},"SourceTimestamp":"2024-04-27T09:57:20.5959795Z"},"Message":{"Value":"The alarm severity has increased.","SourceTimestamp":"2024-04-27T09:57:20.5959795Z"},"ReceiveTime":{"Value":"2024-04-27T09:57:19.7452617Z","SourceTimestamp":"2024-04-27T09:57:20.5959795Z"},"Severity":{"Value":500,"SourceTimestamp":"2024-04-27T09:57:20.5959795Z"},"SourceName":{"Value":"NorthMotor","SourceTimestamp":"2024-04-27T09:57:20.5959795Z"},"SourceNode":{"Value":{"IdType":1,"Id":"1:Colours/NorthMotor","Namespace":"http://opcfoundation.org/AlarmCondition"},"SourceTimestamp":"2024-04-27T09:57:20.5959795Z"},"Time":{"Value":"2024-04-27T09:57:19.7452561Z","SourceTimestamp":"2024-04-27T09:57:20.5959795Z"}},"SequenceNumber":85,"ExtensionFields":{}}