{"NodeId":"i=2253","EndpointUrl":"opc.tcp://localhost:61457/UA/SampleServer","ApplicationUri":"urn:desktop-bgfjs91:OPCFoundation:CoreSampleServer","DisplayName":"PendingAlarms","Timestamp":"2024-04-27T09:57:31.1925251Z","Value":{"EventId":{"Value":"tTPjMtoO7E+lwSaxv057rg==","SourceTimestamp":"2024-04-27T09:57:28.6284249Z"},"EventType":{"Value":{"Id":9764},"SourceTimestamp":"2024-04-27T09:57:28.6284249Z"},"LocalTime":{"Value":{"Offset":120,"DaylightSavingInOffset":true},"SourceTimestamp":"2024-04-27T09:57:28.6284249Z"},"Message":{"Value":"The alarm was deactivated by the system.","SourceTimestamp":"2024-04-27T09:57:28.6284249Z"},"ReceiveTime":{"Value":"2024-04-27T09:57:27.7471182Z","SourceTimestamp":"2024-04-27T09:57:28.6284249Z"},"Severity":{"Value":100,"SourceTimestamp":"2024-04-27T09:57:28.6284249Z"},"SourceName":{"Value":"EastTank","SourceTimestamp":"2024-04-27T09:57:28.6284249Z"},"SourceNode":{"Value":{"IdType":1,"Id":"1:Colours/EastTank","Namespace":"http://opcfoundation.org/AlarmCondition"},"SourceTimestamp":"2024-04-27T09:57:28.6284249Z"},"Time":{"Value":"2024-04-27T09:57:27.7471057Z","SourceTimestamp":"2024-04-27T09:57:28.6284249Z"}},"SequenceNumber":86,"ExtensionFields":{}}