{"NodeId":"i=2253","EndpointUrl":"opc.tcp://localhost:61457/UA/SampleServer","ApplicationUri":"urn:desktop-bgfjs91:OPCFoundation:CoreSampleServer","DisplayName":"PendingAlarms","Timestamp":"2024-04-27T09:57:31.1929737Z","Value":{"EventId":{"Value":"QF2CfI8tG0W1xbioJUEKJw==","SourceTimestamp":"2024-04-27T09:57:30.6096187Z"},"EventType":{"Value":{"Id":10751},"SourceTimestamp":"2024-04-27T09:57:30.6096187Z"},"LocalTime":{"Value":{"Offset":120,"DaylightSavingInOffset":true},"SourceTimestamp":"2024-04-27T09:57:30.6096187Z"},"Message":{"Value":"The alarm severity has increased.","SourceTimestamp":"2024-04-27T09:57:30.6096187Z"},"ReceiveTime":{"Value":"2024-04-27T09:57:29.7576595Z","SourceTimestamp":"2024-04-27T09:57:30.6096187Z"},"Severity":{"Value":900,"SourceTimestamp":"2024-04-27T09:57:30.6096187Z"},"SourceName":{"Value":"SouthMotor","SourceTimestamp":"2024-04-27T09:57:30.6096187Z"},"SourceNode":{"Value":{"IdType":1,"Id":"1:Metals/SouthMotor","Namespace":"http://opcfoundation.org/AlarmCondition"},"SourceTimestamp":"2024-04-27T09:57:30.6096187Z"},"Time":{"Value":"2024-04-27T09:57:29.7576561Z","SourceTimestamp":"2024-04-27T09:57:30.6096187Z"}},"SequenceNumber":90,"ExtensionFields":{}}