{"NodeId":"i=2253","EndpointUrl":"opc.tcp://localhost:61457/UA/SampleServer","ApplicationUri":"urn:desktop-bgfjs91:OPCFoundation:CoreSampleServer","DisplayName":"PendingAlarms","Timestamp":"2024-04-27T09:57:31.1932288Z","Value":{"EventId":{"Value":"OyEfL2D9UEm7wyvNf8amog==","SourceTimestamp":"2024-04-27T09:57:30.6096187Z"},"EventType":{"Value":{"Id":10751},"SourceTimestamp":"2024-04-27T09:57:30.6096187Z"},"LocalTime":{"Value":{"Offset":120,"DaylightSavingInOffset":true},"SourceTimestamp":"2024-04-27T09:57:30.6096187Z"},"Message":{"Value":"The alarm severity has increased.","SourceTimestamp":"2024-04-27T09:57:30.6096187Z"},"ReceiveTime":{"Value":"2024-04-27T09:57:29.7572698Z","SourceTimestamp":"2024-04-27T09:57:30.6096187Z"},"Severity":{"Value":700,"SourceTimestamp":"2024-04-27T09:57:30.6096187Z"},"SourceName":{"Value":"EastTank","SourceTimestamp":"2024-04-27T09:57:30.6096187Z"},"SourceNode":{"Value":{"IdType":1,"Id":"1:Colours/EastTank","Namespace":"http://opcfoundation.org/AlarmCondition"},"SourceTimestamp":"2024-04-27T09:57:30.6096187Z"},"Time":{"Value":"2024-04-27T09:57:29.7567329Z","SourceTimestamp":"2024-04-27T09:57:30.6096187Z"}},"SequenceNumber":94,"ExtensionFields":{}}