{"NodeId":"i=2253","EndpointUrl":"opc.tcp://localhost:61457/UA/SampleServer","ApplicationUri":"urn:desktop-bgfjs91:OPCFoundation:CoreSampleServer","DisplayName":"PendingAlarms","Timestamp":"2024-04-27T09:57:41.2456599Z","Value":{"EventId":{"Value":"Qn67dKayeEOTgDmk7qRJ/A==","SourceTimestamp":"2024-04-27T09:57:39.6072842Z"},"EventType":{"Value":{"Id":10060},"SourceTimestamp":"2024-04-27T09:57:39.6072842Z"},"LocalTime":{"Value":{"Offset":120,"DaylightSavingInOffset":true},"SourceTimestamp":"2024-04-27T09:57:39.6072842Z"},"Message":{"Value":"The alarm severity has increased.","SourceTimestamp":"2024-04-27T09:57:39.6072842Z"},"ReceiveTime":{"Value":"2024-04-27T09:57:38.7550152Z","SourceTimestamp":"2024-04-27T09:57:39.6072842Z"},"Severity":{"Value":700,"SourceTimestamp":"2024-04-27T09:57:39.6072842Z"},"SourceName":{"Value":"WestTank","SourceTimestamp":"2024-04-27T09:57:39.6072842Z"},"SourceNode":{"Value":{"IdType":1,"Id":"1:Metals/WestTank","Namespace":"http://opcfoundation.org/AlarmCondition"},"SourceTimestamp":"2024-04-27T09:57:39.6072842Z"},"Time":{"Value":"2024-04-27T09:57:38.755011Z","SourceTimestamp":"2024-04-27T09:57:39.6072842Z"}},"SequenceNumber":96,"ExtensionFields":{}}