{"EventId":{"Value":"eP0cXfnhUkWgbWpC0khHPQ=="},"EventType":{"Value":{"IdType":1,"Id":"NodeChange"}},"SourceNode":{"Value":{"IdType":1,"Id":"0:/Green","Namespace":"http://opcfoundation.org/AlarmCondition"}},"Time":{"Value":"2024-04-27T19:45:23.3652295Z"},"Change":{"Value":{"NodeId":{"IdType":1,"Id":"0:/Green","Namespace":"http://opcfoundation.org/AlarmCondition"},"NodeClass":"Object_1","BrowseName":{"Name":"Green","Uri":"http://opcfoundation.org/AlarmCondition"},"DisplayName":"Green","RolePermissions":[],"UserRolePermissions":[],"References":[],"EventNotifier":1}}}