{"EventId":{"Value":"Yk87x1B7iU2YXYnaQ7A4Eg=="},"EventType":{"Value":{"IdType":1,"Id":"ReferenceChange"}},"SourceNode":{"Value":{"Id":10157,"Namespace":"http://test.org/UA/Data/"}},"Time":{"Value":"2024-04-27T19:45:23.3764651Z"},"Change":{"Value":{"ReferenceTypeId":{"Id":47},"IsForward":true,"NodeId":{"Id":11383,"Namespace":"http://test.org/UA/Data/"},"BrowseName":{"Name":"Conditions","Uri":"http://test.org/UA/Data/"},"DisplayName":"Conditions","NodeClass":"Object_1","TypeDefinition":{"Id":61}}}}