{"EventId":{"Value":"X7+lIv3sq06A+u2B2ngmOw=="},"EventType":{"Value":{"IdType":1,"Id":"NodeChange"}},"SourceNode":{"Value":{"Id":11383,"Namespace":"http://test.org/UA/Data/"}},"Time":{"Value":"2024-04-27T19:45:23.3778101Z"},"Change":{"Value":{"NodeId":{"Id":11383,"Namespace":"http://test.org/UA/Data/"},"NodeClass":"Object_1","BrowseName":{"Name":"Conditions","Uri":"http://test.org/UA/Data/"},"DisplayName":"Conditions","RolePermissions":[],"UserRolePermissions":[],"References":[],"EventNotifier":1}}}