{"EventId":{"Value":"gd6Q3dEu6Ua8prZgNPsk8Q=="},"EventType":{"Value":{"IdType":1,"Id":"ReferenceChange"}},"SourceNode":{"Value":{"Id":281,"Namespace":"http://opcfoundation.org/UA/Vehicles/Instances"}},"Time":{"Value":"2024-04-27T19:45:23.382655Z"},"Change":{"Value":{"ReferenceTypeId":{"Id":47},"IsForward":true,"NodeId":{"Id":375,"Namespace":"http://opcfoundation.org/UA/Vehicles/Instances"},"BrowseName":{"Name":"DriverOfTheMonth","Uri":"http://opcfoundation.org/UA/Vehicles/Instances"},"DisplayName":"DriverOfTheMonth","NodeClass":"Object_1","TypeDefinition":{"Id":341,"Namespace":"http://opcfoundation.org/UA/Vehicles/Types"}}}}