{"EventId":{"Value":"RrEIXZC1nUGX+4MNnV7ZzA=="},"EventType":{"Value":{"IdType":1,"Id":"ReferenceChange"}},"SourceNode":{"Value":{"Id":303,"Namespace":"http://opcfoundation.org/HistoricalEvents"}},"Time":{"Value":"2024-04-27T19:45:23.3876388Z"},"Change":{"Value":{"ReferenceTypeId":{"Id":48},"IsForward":true,"NodeId":{"IdType":1,"Id":"Area99","Namespace":"http://opcfoundation.org/HistoricalEvents"},"BrowseName":{"Name":"Area99","Uri":"http://opcfoundation.org/HistoricalEvents"},"DisplayName":"Area99","NodeClass":"Object_1","TypeDefinition":{"Id":61}}}}