{"EventId":{"Value":"mNreQ3KlzEajxYu8R0iVew=="},"EventType":{"Value":{"IdType":1,"Id":"NodeChange"}},"SourceNode":{"Value":{"IdType":1,"Id":"0:Boiler #2","Namespace":"http://opcfoundation.org/UA/Views"}},"Time":{"Value":"2024-04-27T19:45:23.392394Z"},"Change":{"Value":{"NodeId":{"IdType":1,"Id":"0:Boiler #2","Namespace":"http://opcfoundation.org/UA/Views"},"NodeClass":"Object_1","BrowseName":{"Name":"Boiler #2","Uri":"http://opcfoundation.org/UA/Views"},"DisplayName":"Boiler #2","RolePermissions":[],"UserRolePermissions":[],"References":[]}}}