{"EventId":{"Value":"bzP0HHkwVUa8BaSjFq23SQ=="},"EventType":{"Value":{"IdType":1,"Id":"NodeChange"}},"SourceNode":{"Value":{"Id":1,"Namespace":"http://opcfoundation.org/UA/Boiler//Instance"}},"Time":{"Value":"2024-04-27T19:45:23.400496Z"},"Change":{"Value":{"NodeId":{"Id":1,"Namespace":"http://opcfoundation.org/UA/Boiler//Instance"},"NodeClass":"Object_1","BrowseName":{"Name":"Boiler #2","Uri":"http://opcfoundation.org/UA/Boiler//Instance"},"DisplayName":"Boiler #2","RolePermissions":[],"UserRolePermissions":[],"References":[],"EventNotifier":1}}}