{"EventId":{"Value":"rB2nkNwcSUSqRPuzgTxEGw=="},"EventType":{"Value":{"IdType":1,"Id":"NodeChange"}},"SourceNode":{"Value":{"IdType":1,"Id":"MyCompany","Namespace":"http://opcfoundation.org/ReferenceApplications"}},"Time":{"Value":"2024-04-27T19:45:23.4193028Z"},"Change":{"Value":{"NodeId":{"IdType":1,"Id":"MyCompany","Namespace":"http://opcfoundation.org/ReferenceApplications"},"NodeClass":"Object_1","BrowseName":{"Name":"MyCompany","Uri":"http://opcfoundation.org/ReferenceApplications"},"DisplayName":"MyCompany","RolePermissions":[],"UserRolePermissions":[],"References":[]}}}