{"EventId":{"Value":"ap/vyEIjD063pABOcdMvaA=="},"EventType":{"Value":{"IdType":1,"Id":"NodeChange"}},"SourceNode":{"Value":{"IdType":1,"Id":"Sample","Namespace":"http://opcfoundation.org/HistoricalAccess"}},"Time":{"Value":"2024-04-27T19:45:23.4210601Z"},"Change":{"Value":{"NodeId":{"IdType":1,"Id":"Sample","Namespace":"http://opcfoundation.org/HistoricalAccess"},"NodeClass":"Object_1","BrowseName":{"Name":"Sample","Uri":"http://opcfoundation.org/HistoricalAccess"},"DisplayName":"Sample","RolePermissions":[],"UserRolePermissions":[],"References":[]}}}