{"EventId":{"Value":"mx71HavqOUWDlQfQJtbliA=="},"EventType":{"Value":{"IdType":1,"Id":"ReferenceChange"}},"SourceNode":{"Value":{"IdType":1,"Id":"OpcPlc","Namespace":"http://opcfoundation.org/UA/Plc/Applications"}},"Time":{"Value":"2024-04-27T19:45:23.4295306Z"},"Change":{"Value":{"ReferenceTypeId":{"Id":35},"IsForward":true,"NodeId":{"IdType":1,"Id":"Telemetry","Namespace":"http://opcfoundation.org/UA/Plc/Applications"},"BrowseName":{"Name":"Telemetry","Uri":"http://opcfoundation.org/UA/Plc/Applications"},"DisplayName":"Telemetry","NodeClass":"Object_1","TypeDefinition":{"Id":61}}}}