{"EventId":{"Value":"c5ZowkTcIk+RPDLqLTCGgg=="},"EventType":{"Value":{"IdType":1,"Id":"ReferenceChange"}},"SourceNode":{"Value":{"IdType":1,"Id":"OpcPlc","Namespace":"http://opcfoundation.org/UA/Plc/Applications"}},"Time":{"Value":"2024-04-27T19:45:23.4327995Z"},"Change":{"Value":{"ReferenceTypeId":{"Id":35},"IsForward":true,"NodeId":{"IdType":1,"Id":"SimulatorConfiguration","Namespace":"http://opcfoundation.org/UA/Plc/Applications"},"BrowseName":{"Name":"SimulatorConfiguration","Uri":"http://opcfoundation.org/UA/Plc/Applications"},"DisplayName":"SimulatorConfiguration","NodeClass":"Object_1","TypeDefinition":{"Id":61}}}}