{"EventId":{"Value":"diohh2P0FEiAB3SnqaHMcA=="},"EventType":{"Value":{"IdType":1,"Id":"NodeChange"}},"SourceNode":{"Value":{"Id":2271}},"Time":{"Value":"2024-04-27T19:45:23.4975943Z"},"Change":{"Value":{"NodeId":{"Id":2271},"NodeClass":"Variable_2","BrowseName":{"Name":"LocaleIdArray"},"DisplayName":"LocaleIdArray","RolePermissions":[],"UserRolePermissions":[],"References":[],"Value":null,"DataType":{"Id":295},"ValueRank":1,"ArrayDimensions":[0],"AccessLevel":1,"UserAccessLevel":1,"AccessLevelEx":1}}}