{"EventId":{"Value":"rO6cTxsZO0SuckpFg019NQ=="},"EventType":{"Value":{"IdType":1,"Id":"NodeChange"}},"SourceNode":{"Value":{"Id":2736}},"Time":{"Value":"2024-04-27T19:45:23.5019518Z"},"Change":{"Value":{"NodeId":{"Id":2736},"NodeClass":"Variable_2","BrowseName":{"Name":"MaxQueryContinuationPoints"},"DisplayName":"MaxQueryContinuationPoints","RolePermissions":[],"UserRolePermissions":[],"References":[],"Value":null,"DataType":{"Id":5},"ValueRank":-1,"ArrayDimensions":[],"AccessLevel":1,"UserAccessLevel":1,"AccessLevelEx":1}}}