{"EventId":{"Value":"f3fAVgKVgEiR5s6S6DqXXw=="},"EventType":{"Value":{"IdType":1,"Id":"NodeChange"}},"SourceNode":{"Value":{"Id":2737}},"Time":{"Value":"2024-04-27T19:45:23.5033571Z"},"Change":{"Value":{"NodeId":{"Id":2737},"NodeClass":"Variable_2","BrowseName":{"Name":"MaxHistoryContinuationPoints"},"DisplayName":"MaxHistoryContinuationPoints","RolePermissions":[],"UserRolePermissions":[],"References":[],"Value":null,"DataType":{"Id":5},"ValueRank":-1,"ArrayDimensions":[],"AccessLevel":1,"UserAccessLevel":1,"AccessLevelEx":1}}}