{"EventId":{"Value":"joaXtC2gK0yPT4xmB90r5w=="},"EventType":{"Value":{"IdType":1,"Id":"NodeChange"}},"SourceNode":{"Value":{"Id":24095}},"Time":{"Value":"2024-04-27T19:45:23.5166607Z"},"Change":{"Value":{"NodeId":{"Id":24095},"NodeClass":"Variable_2","BrowseName":{"Name":"MaxSessions"},"DisplayName":"MaxSessions","RolePermissions":[],"UserRolePermissions":[],"References":[],"Value":null,"DataType":{"Id":7},"ValueRank":-1,"ArrayDimensions":[],"AccessLevel":1,"UserAccessLevel":1,"AccessLevelEx":1}}}