{"EventId":{"Value":"sd8FhmIZYEqJxfOL6w2kbw=="},"EventType":{"Value":{"IdType":1,"Id":"NodeChange"}},"SourceNode":{"Value":{"Id":24098}},"Time":{"Value":"2024-04-27T19:45:23.5210791Z"},"Change":{"Value":{"NodeId":{"Id":24098},"NodeClass":"Variable_2","BrowseName":{"Name":"MaxSubscriptionsPerSession"},"DisplayName":"MaxSubscriptionsPerSession","RolePermissions":[],"UserRolePermissions":[],"References":[],"Value":null,"DataType":{"Id":7},"ValueRank":-1,"ArrayDimensions":[],"AccessLevel":1,"UserAccessLevel":1,"AccessLevelEx":1}}}