{"EventId":{"Value":"ggCsQmNv5E6hBbW6IuS00w=="},"EventType":{"Value":{"IdType":1,"Id":"NodeChange"}},"SourceNode":{"Value":{"Id":1240,"Namespace":"http://opcfoundation.org/UA/Boiler/"}},"Time":{"Value":"2024-04-27T19:45:23.2278743Z"},"Change":{"Value":{"NodeId":{"Id":1240,"Namespace":"http://opcfoundation.org/UA/Boiler/"},"NodeClass":"Object_1","BrowseName":{"Name":"Boilers","Uri":"http://opcfoundation.org/UA/Boiler/"},"DisplayName":"Boilers","RolePermissions":[],"UserRolePermissions":[],"References":[],"EventNotifier":1}}}