{"EventId":{"Value":"F9aNcwd+hUu+iiKc18PsxQ=="},"EventType":{"Value":{"IdType":1,"Id":"NodeChange"}},"SourceNode":{"Value":{"Id":24100}},"Time":{"Value":"2024-04-27T19:45:23.5257954Z"},"Change":{"Value":{"NodeId":{"Id":24100},"NodeClass":"Variable_2","BrowseName":{"Name":"MaxWhereClauseParameters"},"DisplayName":"MaxWhereClauseParameters","RolePermissions":[],"UserRolePermissions":[],"References":[],"Value":null,"DataType":{"Id":7},"ValueRank":-1,"ArrayDimensions":[],"AccessLevel":1,"UserAccessLevel":1,"AccessLevelEx":1}}}