{"EventId":{"Value":"rfTddxDOcEuvuoYeiyyF6w=="},"EventType":{"Value":{"IdType":1,"Id":"NodeChange"}},"SourceNode":{"Value":{"Id":2294}},"Time":{"Value":"2024-04-27T19:45:23.5335786Z"},"Change":{"Value":{"NodeId":{"Id":2294},"NodeClass":"Variable_2","BrowseName":{"Name":"EnabledFlag"},"DisplayName":"EnabledFlag","RolePermissions":[],"UserRolePermissions":[],"References":[],"Value":null,"DataType":{"Id":1},"ValueRank":-1,"ArrayDimensions":[],"AccessLevel":1,"UserAccessLevel":1,"MinimumSamplingInterval":1000,"AccessLevelEx":1}}}