{"EventId":{"Value":"RbtbcbpaqE6XdFHQ6C/OAA=="},"EventType":{"Value":{"IdType":1,"Id":"NodeChange"}},"SourceNode":{"Value":{"Id":11493}},"Time":{"Value":"2024-04-27T19:45:23.5383606Z"},"Change":{"Value":{"NodeId":{"Id":11493},"NodeClass":"Variable_2","BrowseName":{"Name":"InputArguments"},"DisplayName":"InputArguments","RolePermissions":[],"UserRolePermissions":[],"References":[],"Value":null,"DataType":{"Id":296},"ValueRank":1,"ArrayDimensions":[1],"AccessLevel":1,"UserAccessLevel":1,"AccessLevelEx":1}}}