{"EventId":{"Value":"04xX7/jLNkOE67eTPu/oUA=="},"EventType":{"Value":{"IdType":1,"Id":"NodeChange"}},"SourceNode":{"Value":{"Id":25706}},"Time":{"Value":"2024-04-27T19:45:23.5466628Z"},"Change":{"Value":{"NodeId":{"Id":25706},"NodeClass":"Variable_2","BrowseName":{"Name":"ApplicationUri"},"DisplayName":"ApplicationUri","RolePermissions":[],"UserRolePermissions":[],"References":[],"Value":null,"DataType":{"Id":23751},"ValueRank":-1,"ArrayDimensions":[],"AccessLevel":1,"UserAccessLevel":1,"AccessLevelEx":1}}}