{"EventId":{"Value":"DmRWbf+d1UClMq4MHZs76w=="},"EventType":{"Value":{"IdType":1,"Id":"NodeChange"}},"SourceNode":{"Value":{"Id":12640}},"Time":{"Value":"2024-04-27T19:45:23.5546824Z"},"Change":{"Value":{"NodeId":{"Id":12640},"NodeClass":"Variable_2","BrowseName":{"Name":"MaxTrustListSize"},"DisplayName":"MaxTrustListSize","RolePermissions":[],"UserRolePermissions":[],"References":[],"Value":null,"DataType":{"Id":7},"ValueRank":-1,"ArrayDimensions":[],"AccessLevel":1,"UserAccessLevel":1,"AccessLevelEx":1}}}