{"EventId":{"Value":"3xC0eay3ckSA+RRCQ2lTKg=="},"EventType":{"Value":{"IdType":1,"Id":"NodeChange"}},"SourceNode":{"Value":{"Id":32648}},"Time":{"Value":"2024-04-27T19:45:23.5836026Z"},"Change":{"Value":{"NodeId":{"Id":32648},"NodeClass":"Variable_2","BrowseName":{"Name":"ExceptionDeviation"},"DisplayName":"ExceptionDeviation","RolePermissions":[],"UserRolePermissions":[],"References":[],"Value":null,"DataType":{"Id":11},"ValueRank":-1,"ArrayDimensions":[],"AccessLevel":1,"UserAccessLevel":1,"AccessLevelEx":1}}}