{"EventId":{"Value":"SH77pB/uMkG6pgWj9Mi9bA=="},"EventType":{"Value":{"IdType":1,"Id":"NodeChange"}},"SourceNode":{"Value":{"Id":32752}},"Time":{"Value":"2024-04-27T19:45:23.5913806Z"},"Change":{"Value":{"NodeId":{"Id":32752},"NodeClass":"Variable_2","BrowseName":{"Name":"MaxTimeStoredValues"},"DisplayName":"MaxTimeStoredValues","RolePermissions":[],"UserRolePermissions":[],"References":[],"Value":null,"DataType":{"Id":290},"ValueRank":-1,"ArrayDimensions":[],"AccessLevel":1,"UserAccessLevel":1,"AccessLevelEx":1}}}