{"EventId":{"Value":"wEpWf8fxuUeM9YXJ2cpb4g=="},"EventType":{"Value":{"IdType":1,"Id":"NodeChange"}},"SourceNode":{"Value":{"Id":32753}},"Time":{"Value":"2024-04-27T19:45:23.5928643Z"},"Change":{"Value":{"NodeId":{"Id":32753},"NodeClass":"Variable_2","BrowseName":{"Name":"MaxCountStoredValues"},"DisplayName":"MaxCountStoredValues","RolePermissions":[],"UserRolePermissions":[],"References":[],"Value":null,"DataType":{"Id":7},"ValueRank":-1,"ArrayDimensions":[],"AccessLevel":1,"UserAccessLevel":1,"AccessLevelEx":1}}}