{"EventId":{"Value":"nok7o9ZBoUGh8MlPu+doeA=="},"EventType":{"Value":{"IdType":1,"Id":"NodeChange"}},"SourceNode":{"Value":{"Id":32757}},"Time":{"Value":"2024-04-27T19:45:23.5972259Z"},"Change":{"Value":{"NodeId":{"Id":32757},"NodeClass":"Variable_2","BrowseName":{"Name":"StartOfOnlineArchive"},"DisplayName":"StartOfOnlineArchive","RolePermissions":[],"UserRolePermissions":[],"References":[],"Value":null,"DataType":{"Id":294},"ValueRank":-1,"ArrayDimensions":[],"AccessLevel":1,"UserAccessLevel":1,"AccessLevelEx":1}}}