{"EventId":{"Value":"nEar4x93J0uO6NTJaBIjkQ=="},"EventType":{"Value":{"IdType":1,"Id":"NodeChange"}},"SourceNode":{"Value":{"Id":17481}},"Time":{"Value":"2024-04-27T19:45:23.6190261Z"},"Change":{"Value":{"NodeId":{"Id":17481},"NodeClass":"Variable_2","BrowseName":{"Name":"SupportedTransportProfiles"},"DisplayName":"SupportedTransportProfiles","RolePermissions":[],"UserRolePermissions":[],"References":[],"Value":null,"DataType":{"Id":12},"ValueRank":1,"ArrayDimensions":[0],"AccessLevel":1,"UserAccessLevel":1,"AccessLevelEx":1}}}