{"EventId":{"Value":"ak3IrcN5NkWNBwjZXPJUOA=="},"EventType":{"Value":{"IdType":1,"Id":"NodeChange"}},"SourceNode":{"Value":{"Id":32404}},"Time":{"Value":"2024-04-27T19:45:23.624719Z"},"Change":{"Value":{"NodeId":{"Id":32404},"NodeClass":"Variable_2","BrowseName":{"Name":"ConfigurationProperties"},"DisplayName":"ConfigurationProperties","RolePermissions":[],"UserRolePermissions":[],"References":[],"Value":null,"DataType":{"Id":14533},"ValueRank":1,"ArrayDimensions":[0],"AccessLevel":1,"UserAccessLevel":1,"AccessLevelEx":1}}}