{"EventId":{"Value":"xkd15TCZJU+mymkjaO+c1w=="},"EventType":{"Value":{"IdType":1,"Id":"NodeChange"}},"SourceNode":{"Value":{"IdType":1,"Id":"0:Green/East","Namespace":"http://opcfoundation.org/AlarmCondition"}},"Time":{"Value":"2024-04-27T19:45:23.6291318Z"},"Change":{"Value":{"NodeId":{"IdType":1,"Id":"0:Green/East","Namespace":"http://opcfoundation.org/AlarmCondition"},"NodeClass":"Object_1","BrowseName":{"Name":"East","Uri":"http://opcfoundation.org/AlarmCondition"},"DisplayName":"East","RolePermissions":[],"UserRolePermissions":[],"References":[],"EventNotifier":1}}}