{"EventId":{"Value":"KRad+cwOckWzK1QXhog8OQ=="},"EventType":{"Value":{"IdType":1,"Id":"NodeChange"}},"SourceNode":{"Value":{"Id":23477}},"Time":{"Value":"2024-04-27T19:45:23.6320681Z"},"Change":{"Value":{"NodeId":{"Id":23477},"NodeClass":"Variable_2","BrowseName":{"Name":"InputArguments"},"DisplayName":"InputArguments","RolePermissions":[],"UserRolePermissions":[],"References":[],"Value":null,"DataType":{"Id":296},"ValueRank":1,"ArrayDimensions":[2],"AccessLevel":1,"UserAccessLevel":1,"AccessLevelEx":1}}}