{"EventId":{"Value":"j1OlIvl9J0qh4Y9XCjL4Lw=="},"EventType":{"Value":{"IdType":1,"Id":"NodeChange"}},"SourceNode":{"Value":{"Id":23478}},"Time":{"Value":"2024-04-27T19:45:23.6336887Z"},"Change":{"Value":{"NodeId":{"Id":23478},"NodeClass":"Variable_2","BrowseName":{"Name":"OutputArguments"},"DisplayName":"OutputArguments","RolePermissions":[],"UserRolePermissions":[],"References":[],"Value":null,"DataType":{"Id":296},"ValueRank":1,"ArrayDimensions":[1],"AccessLevel":1,"UserAccessLevel":1,"AccessLevelEx":1}}}