{"EventId":{"Value":"1r2MoffElEiSqcjTmt6WXQ=="},"EventType":{"Value":{"IdType":1,"Id":"ReferenceChange"}},"SourceNode":{"Value":{"Id":10158,"Namespace":"http://test.org/UA/Data/"}},"Time":{"Value":"2024-04-27T19:45:23.6401921Z"},"Change":{"Value":{"ReferenceTypeId":{"Id":47},"IsForward":true,"NodeId":{"Id":10327,"Namespace":"http://test.org/UA/Data/"},"BrowseName":{"Name":"UserScalar","Uri":"http://test.org/UA/Data/"},"DisplayName":"UserScalar","NodeClass":"Object_1","TypeDefinition":{"Id":9921,"Namespace":"http://test.org/UA/Data/"}}}}