{"EventId":{"Value":"QxoRMw5RC0OdRUH38V89Vw=="},"EventType":{"Value":{"IdType":1,"Id":"ReferenceChange"}},"SourceNode":{"Value":{"Id":10158,"Namespace":"http://test.org/UA/Data/"}},"Time":{"Value":"2024-04-27T19:45:23.6417668Z"},"Change":{"Value":{"ReferenceTypeId":{"Id":47},"IsForward":true,"NodeId":{"Id":10406,"Namespace":"http://test.org/UA/Data/"},"BrowseName":{"Name":"UserArray","Uri":"http://test.org/UA/Data/"},"DisplayName":"UserArray","NodeClass":"Object_1","TypeDefinition":{"Id":10007,"Namespace":"http://test.org/UA/Data/"}}}}