{"EventId":{"Value":"wh5Dsj+DoES5NkAhWk06/Q=="},"EventType":{"Value":{"IdType":1,"Id":"ReferenceChange"}},"SourceNode":{"Value":{"IdType":1,"Id":"Area99","Namespace":"http://opcfoundation.org/HistoricalEvents"}},"Time":{"Value":"2024-04-27T19:45:23.691441Z"},"Change":{"Value":{"ReferenceTypeId":{"Id":48},"IsForward":true,"NodeId":{"IdType":1,"Id":"Well_86234","Namespace":"http://opcfoundation.org/HistoricalEvents"},"BrowseName":{"Name":"Saturn","Uri":"http://opcfoundation.org/HistoricalEvents"},"DisplayName":"Saturn","NodeClass":"Object_1","TypeDefinition":{"Id":308,"Namespace":"http://opcfoundation.org/HistoricalEvents"}}}}