{"EventId":{"Value":"hj7gODwfHkuT5Q6uGMSAOg=="},"EventType":{"Value":{"IdType":1,"Id":"NodeChange"}},"SourceNode":{"Value":{"IdType":1,"Id":"UInt32[4]","Namespace":"http://samples.org/UA/memorybuffer/Instance"}},"Time":{"Value":"2024-04-27T19:45:23.71064Z"},"Change":{"Value":{"NodeId":{"IdType":1,"Id":"UInt32[4]","Namespace":"http://samples.org/UA/memorybuffer/Instance"},"NodeClass":"Variable_2","BrowseName":{"Name":"00000004","Uri":"http://samples.org/UA/memorybuffer"},"DisplayName":"00000004","RolePermissions":[],"UserRolePermissions":[],"References":[],"Value":null,"DataType":{"Id":7},"ValueRank":-1,"ArrayDimensions":[],"AccessLevel":3,"UserAccessLevel":3,"MinimumSamplingInterval":1000,"AccessLevelEx":3}}}