{"EventId":{"Value":"LVz9Gpfk8UCp8zPTKv4iHw=="},"EventType":{"Value":{"IdType":1,"Id":"ReferenceChange"}},"SourceNode":{"Value":{"IdType":1,"Id":"UInt32","Namespace":"http://samples.org/UA/memorybuffer/Instance"}},"Time":{"Value":"2024-04-27T19:45:23.710811Z"},"Change":{"Value":{"ReferenceTypeId":{"Id":47},"IsForward":true,"NodeId":{"IdType":1,"Id":"UInt32[8]","Namespace":"http://samples.org/UA/memorybuffer/Instance"},"BrowseName":{"Name":"00000008","Uri":"http://samples.org/UA/memorybuffer"},"DisplayName":"00000008","NodeClass":"Variable_2","TypeDefinition":{"Id":1018,"Namespace":"http://samples.org/UA/memorybuffer"}}}}