{"EventId":{"Value":"OnmMH+7E/kq3EwKQUy8aLA=="},"EventType":{"Value":{"IdType":1,"Id":"NodeChange"}},"SourceNode":{"Value":{"IdType":1,"Id":"Views_Operations","Namespace":"http://opcfoundation.org/ReferenceApplications"}},"Time":{"Value":"2024-04-27T19:45:23.3027411Z"},"Change":{"Value":{"NodeId":{"IdType":1,"Id":"Views_Operations","Namespace":"http://opcfoundation.org/ReferenceApplications"},"NodeClass":"View_128","BrowseName":{"Name":"Operations","Uri":"http://opcfoundation.org/ReferenceApplications"},"DisplayName":"Operations","RolePermissions":[],"UserRolePermissions":[],"References":[],"ContainsNoLoops":true}}}