{"EventId":{"Value":"ypGegoDsY0qTsgjvWbDYmg=="},"EventType":{"Value":{"IdType":1,"Id":"NodeChange"}},"SourceNode":{"Value":{"Id":2254}},"Time":{"Value":"2024-04-27T19:45:23.317723Z"},"Change":{"Value":{"NodeId":{"Id":2254},"NodeClass":"Variable_2","BrowseName":{"Name":"ServerArray"},"DisplayName":"ServerArray","RolePermissions":[],"UserRolePermissions":[],"References":[],"Value":null,"DataType":{"Id":12},"ValueRank":1,"ArrayDimensions":[0],"AccessLevel":1,"UserAccessLevel":1,"MinimumSamplingInterval":1000,"AccessLevelEx":1}}}