{"EventId":{"Value":"2LPEPPRvxU+jr5fmKDnH5A=="},"EventType":{"Value":{"IdType":1,"Id":"NodeChange"}},"SourceNode":{"Value":{"Id":2256}},"Time":{"Value":"2024-04-27T19:45:23.3297746Z"},"Change":{"Value":{"NodeId":{"Id":2256},"NodeClass":"Variable_2","BrowseName":{"Name":"ServerStatus"},"DisplayName":"ServerStatus","RolePermissions":[],"UserRolePermissions":[],"References":[],"Value":null,"DataType":{"Id":862},"ValueRank":-1,"ArrayDimensions":[],"AccessLevel":1,"UserAccessLevel":1,"MinimumSamplingInterval":1000,"AccessLevelEx":1}}}