{"ConditionClassId":{"Value":null,"SourceTimestamp":"2024-04-27T19:55:38.2379379Z"},"ConditionClassName":{"Value":null,"SourceTimestamp":"2024-04-27T19:55:38.2379379Z"},"ConditionSubClassId":{"Value":null,"SourceTimestamp":"2024-04-27T19:55:38.2379379Z"},"ConditionSubClassName":{"Value":null,"SourceTimestamp":"2024-04-27T19:55:38.2379379Z"},"EventId":{"Value":"/oH3wbQw1kClDZrk0WUgcg==","SourceTimestamp":"2024-04-27T19:55:38.2379379Z"},"EventType":{"Value":{"Id":9764},"SourceTimestamp":"2024-04-27T19:55:38.2379379Z"},"LocalTime":{"Value":{"Offset":120,"DaylightSavingInOffset":true},"SourceTimestamp":"2024-04-27T19:55:38.2379379Z"},"Message":{"Value":"The alarm severity has increased.","SourceTimestamp":"2024-04-27T19:55:38.2379379Z"},"ReceiveTime":{"Value":"2024-04-27T19:55:37.2790061Z","SourceTimestamp":"2024-04-27T19:55:38.2379379Z"},"Severity":{"Value":500,"SourceTimestamp":"2024-04-27T19:55:38.2379379Z"},"SourceName":{"Value":"EastTank","SourceTimestamp":"2024-04-27T19:55:38.2379379Z"},"SourceNode":{"Value":{"IdType":1,"Id":"1:Colours/EastTank","Namespace":"http://opcfoundation.org/AlarmCondition"},"SourceTimestamp":"2024-04-27T19:55:38.2379379Z"},"Time":{"Value":"2024-04-27T19:55:37.2789733Z","SourceTimestamp":"2024-04-27T19:55:38.2379379Z"}}