{"ConditionClassId":{"Value":null,"SourceTimestamp":"2024-04-27T19:57:01.2873802Z"},"ConditionClassName":{"Value":null,"SourceTimestamp":"2024-04-27T19:57:01.2873802Z"},"ConditionSubClassId":{"Value":null,"SourceTimestamp":"2024-04-27T19:57:01.2873802Z"},"ConditionSubClassName":{"Value":null,"SourceTimestamp":"2024-04-27T19:57:01.2873802Z"},"EventId":{"Value":"wjvV4PagTU6WgDYMD9oK9A==","SourceTimestamp":"2024-04-27T19:57:01.2873802Z"},"EventType":{"Value":{"Id":9764},"SourceTimestamp":"2024-04-27T19:57:01.2873802Z"},"LocalTime":{"Value":{"Offset":120,"DaylightSavingInOffset":true},"SourceTimestamp":"2024-04-27T19:57:01.2873802Z"},"Message":{"Value":"The alarm was deactivated by the system.","SourceTimestamp":"2024-04-27T19:57:01.2873802Z"},"ReceiveTime":{"Value":"2024-04-27T19:57:00.2821244Z","SourceTimestamp":"2024-04-27T19:57:01.2873802Z"},"Severity":{"Value":100,"SourceTimestamp":"2024-04-27T19:57:01.2873802Z"},"SourceName":{"Value":"NorthMotor","SourceTimestamp":"2024-04-27T19:57:01.2873802Z"},"SourceNode":{"Value":{"IdType":1,"Id":"1:Colours/NorthMotor","Namespace":"http://opcfoundation.org/AlarmCondition"},"SourceTimestamp":"2024-04-27T19:57:01.2873802Z"},"Time":{"Value":"2024-04-27T19:57:00.2821114Z","SourceTimestamp":"2024-04-27T19:57:01.2873802Z"}}