{"ConditionClassId":{"Value":null,"SourceTimestamp":"2024-04-27T19:57:12.2390267Z"},"ConditionClassName":{"Value":null,"SourceTimestamp":"2024-04-27T19:57:12.2390267Z"},"ConditionSubClassId":{"Value":null,"SourceTimestamp":"2024-04-27T19:57:12.2390267Z"},"ConditionSubClassName":{"Value":null,"SourceTimestamp":"2024-04-27T19:57:12.2390267Z"},"EventId":{"Value":"GOGdA0uqykOIrKCWhoYFcw==","SourceTimestamp":"2024-04-27T19:57:12.2390267Z"},"EventType":{"Value":{"Id":10060},"SourceTimestamp":"2024-04-27T19:57:12.2390267Z"},"LocalTime":{"Value":{"Offset":120,"DaylightSavingInOffset":true},"SourceTimestamp":"2024-04-27T19:57:12.2390267Z"},"Message":{"Value":"The alarm severity has increased.","SourceTimestamp":"2024-04-27T19:57:12.2390267Z"},"ReceiveTime":{"Value":"2024-04-27T19:57:11.2852036Z","SourceTimestamp":"2024-04-27T19:57:12.2390267Z"},"Severity":{"Value":900,"SourceTimestamp":"2024-04-27T19:57:12.2390267Z"},"SourceName":{"Value":"WestTank","SourceTimestamp":"2024-04-27T19:57:12.2390267Z"},"SourceNode":{"Value":{"IdType":1,"Id":"1:Metals/WestTank","Namespace":"http://opcfoundation.org/AlarmCondition"},"SourceTimestamp":"2024-04-27T19:57:12.2390267Z"},"Time":{"Value":"2024-04-27T19:57:11.2851202Z","SourceTimestamp":"2024-04-27T19:57:12.2390267Z"}}