{"ConditionClassId":{"Value":null,"SourceTimestamp":"2024-04-27T19:57:12.2390267Z"},"ConditionClassName":{"Value":null,"SourceTimestamp":"2024-04-27T19:57:12.2390267Z"},"ConditionSubClassId":{"Value":null,"SourceTimestamp":"2024-04-27T19:57:12.2390267Z"},"ConditionSubClassName":{"Value":null,"SourceTimestamp":"2024-04-27T19:57:12.2390267Z"},"EventId":{"Value":"Iq7GGKmoeEiF+pNisethYw==","SourceTimestamp":"2024-04-27T19:57:12.2390267Z"},"EventType":{"Value":{"Id":9764},"SourceTimestamp":"2024-04-27T19:57:12.2390267Z"},"LocalTime":{"Value":{"Offset":120,"DaylightSavingInOffset":true},"SourceTimestamp":"2024-04-27T19:57:12.2390267Z"},"Message":{"Value":"The alarm was deactivated by the system.","SourceTimestamp":"2024-04-27T19:57:12.2390267Z"},"ReceiveTime":{"Value":"2024-04-27T19:57:11.2851233Z","SourceTimestamp":"2024-04-27T19:57:12.2390267Z"},"Severity":{"Value":100,"SourceTimestamp":"2024-04-27T19:57:12.2390267Z"},"SourceName":{"Value":"WestTank","SourceTimestamp":"2024-04-27T19:57:12.2390267Z"},"SourceNode":{"Value":{"IdType":1,"Id":"1:Metals/WestTank","Namespace":"http://opcfoundation.org/AlarmCondition"},"SourceTimestamp":"2024-04-27T19:57:12.2390267Z"},"Time":{"Value":"2024-04-27T19:57:11.2851188Z","SourceTimestamp":"2024-04-27T19:57:12.2390267Z"}}