{"ConditionClassId":{"Value":null,"SourceTimestamp":"2024-04-27T19:55:40.2791809Z"},"ConditionClassName":{"Value":null,"SourceTimestamp":"2024-04-27T19:55:40.2791809Z"},"ConditionSubClassId":{"Value":null,"SourceTimestamp":"2024-04-27T19:55:40.2791809Z"},"ConditionSubClassName":{"Value":null,"SourceTimestamp":"2024-04-27T19:55:40.2791809Z"},"EventId":{"Value":"uq3w0u3/xUaMAAjqUTXp0g==","SourceTimestamp":"2024-04-27T19:55:40.2791809Z"},"EventType":{"Value":{"Id":10060},"SourceTimestamp":"2024-04-27T19:55:40.2791809Z"},"LocalTime":{"Value":{"Offset":120,"DaylightSavingInOffset":true},"SourceTimestamp":"2024-04-27T19:55:40.2791809Z"},"Message":{"Value":"The alarm severity has increased.","SourceTimestamp":"2024-04-27T19:55:40.2791809Z"},"ReceiveTime":{"Value":"2024-04-27T19:55:39.286244Z","SourceTimestamp":"2024-04-27T19:55:40.2791809Z"},"Severity":{"Value":500,"SourceTimestamp":"2024-04-27T19:55:40.2791809Z"},"SourceName":{"Value":"EastTank","SourceTimestamp":"2024-04-27T19:55:40.2791809Z"},"SourceNode":{"Value":{"IdType":1,"Id":"1:Colours/EastTank","Namespace":"http://opcfoundation.org/AlarmCondition"},"SourceTimestamp":"2024-04-27T19:55:40.2791809Z"},"Time":{"Value":"2024-04-27T19:55:39.2862003Z","SourceTimestamp":"2024-04-27T19:55:40.2791809Z"}}