{"ConditionClassId":{"Value":null,"SourceTimestamp":"2024-04-27T19:55:42.2600063Z"},"ConditionClassName":{"Value":null,"SourceTimestamp":"2024-04-27T19:55:42.2600063Z"},"ConditionSubClassId":{"Value":null,"SourceTimestamp":"2024-04-27T19:55:42.2600063Z"},"ConditionSubClassName":{"Value":null,"SourceTimestamp":"2024-04-27T19:55:42.2600063Z"},"EventId":{"Value":"sBYCAI74NUG+cwX5dHYvfg==","SourceTimestamp":"2024-04-27T19:55:42.2600063Z"},"EventType":{"Value":{"Id":9764},"SourceTimestamp":"2024-04-27T19:55:42.2600063Z"},"LocalTime":{"Value":{"Offset":120,"DaylightSavingInOffset":true},"SourceTimestamp":"2024-04-27T19:55:42.2600063Z"},"Message":{"Value":"The alarm severity has increased.","SourceTimestamp":"2024-04-27T19:55:42.2600063Z"},"ReceiveTime":{"Value":"2024-04-27T19:55:41.2853257Z","SourceTimestamp":"2024-04-27T19:55:42.2600063Z"},"Severity":{"Value":500,"SourceTimestamp":"2024-04-27T19:55:42.2600063Z"},"SourceName":{"Value":"WestTank","SourceTimestamp":"2024-04-27T19:55:42.2600063Z"},"SourceNode":{"Value":{"IdType":1,"Id":"1:Metals/WestTank","Namespace":"http://opcfoundation.org/AlarmCondition"},"SourceTimestamp":"2024-04-27T19:55:42.2600063Z"},"Time":{"Value":"2024-04-27T19:55:41.2853215Z","SourceTimestamp":"2024-04-27T19:55:42.2600063Z"}}