{"ConditionClassId":{"Value":null,"SourceTimestamp":"2024-04-27T19:55:33.2321747Z"},"ConditionClassName":{"Value":null,"SourceTimestamp":"2024-04-27T19:55:33.2321747Z"},"ConditionSubClassId":{"Value":null,"SourceTimestamp":"2024-04-27T19:55:33.2321747Z"},"ConditionSubClassName":{"Value":null,"SourceTimestamp":"2024-04-27T19:55:33.2321747Z"},"EventId":{"Value":"fFRYTdxGNEeF+691bv44AA==","SourceTimestamp":"2024-04-27T19:55:33.2321747Z"},"EventType":{"Value":{"Id":9764},"SourceTimestamp":"2024-04-27T19:55:33.2321747Z"},"LocalTime":{"Value":{"Offset":120,"DaylightSavingInOffset":true},"SourceTimestamp":"2024-04-27T19:55:33.2321747Z"},"Message":{"Value":"The alarm severity has increased.","SourceTimestamp":"2024-04-27T19:55:33.2321747Z"},"ReceiveTime":{"Value":"2024-04-27T19:55:32.2866902Z","SourceTimestamp":"2024-04-27T19:55:33.2321747Z"},"Severity":{"Value":300,"SourceTimestamp":"2024-04-27T19:55:33.2321747Z"},"SourceName":{"Value":"SouthMotor","SourceTimestamp":"2024-04-27T19:55:33.2321747Z"},"SourceNode":{"Value":{"IdType":1,"Id":"1:Metals/SouthMotor","Namespace":"http://opcfoundation.org/AlarmCondition"},"SourceTimestamp":"2024-04-27T19:55:33.2321747Z"},"Time":{"Value":"2024-04-27T19:55:32.2866781Z","SourceTimestamp":"2024-04-27T19:55:33.2321747Z"}}