{"ConditionClassId":{"Value":null,"SourceTimestamp":"2024-04-27T19:55:46.2907017Z"},"ConditionClassName":{"Value":null,"SourceTimestamp":"2024-04-27T19:55:46.2907017Z"},"ConditionSubClassId":{"Value":null,"SourceTimestamp":"2024-04-27T19:55:46.2907017Z"},"ConditionSubClassName":{"Value":null,"SourceTimestamp":"2024-04-27T19:55:46.2907017Z"},"EventId":{"Value":"69SDl20jGkWDUqfSuIO18A==","SourceTimestamp":"2024-04-27T19:55:46.2907017Z"},"EventType":{"Value":{"Id":10751},"SourceTimestamp":"2024-04-27T19:55:46.2907017Z"},"LocalTime":{"Value":{"Offset":120,"DaylightSavingInOffset":true},"SourceTimestamp":"2024-04-27T19:55:46.2907017Z"},"Message":{"Value":"The alarm severity has increased.","SourceTimestamp":"2024-04-27T19:55:46.2907017Z"},"ReceiveTime":{"Value":"2024-04-27T19:55:45.2824863Z","SourceTimestamp":"2024-04-27T19:55:46.2907017Z"},"Severity":{"Value":700,"SourceTimestamp":"2024-04-27T19:55:46.2907017Z"},"SourceName":{"Value":"WestTank","SourceTimestamp":"2024-04-27T19:55:46.2907017Z"},"SourceNode":{"Value":{"IdType":1,"Id":"1:Metals/WestTank","Namespace":"http://opcfoundation.org/AlarmCondition"},"SourceTimestamp":"2024-04-27T19:55:46.2907017Z"},"Time":{"Value":"2024-04-27T19:55:45.2824821Z","SourceTimestamp":"2024-04-27T19:55:46.2907017Z"}}