{"ConditionClassId":{"Value":null,"SourceTimestamp":"2024-04-27T19:55:49.2616844Z"},"ConditionClassName":{"Value":null,"SourceTimestamp":"2024-04-27T19:55:49.2616844Z"},"ConditionSubClassId":{"Value":null,"SourceTimestamp":"2024-04-27T19:55:49.2616844Z"},"ConditionSubClassName":{"Value":null,"SourceTimestamp":"2024-04-27T19:55:49.2616844Z"},"EventId":{"Value":"KQSXZIWNDESV3MoCwTkmvQ==","SourceTimestamp":"2024-04-27T19:55:49.2616844Z"},"EventType":{"Value":{"Id":10751},"SourceTimestamp":"2024-04-27T19:55:49.2616844Z"},"LocalTime":{"Value":{"Offset":120,"DaylightSavingInOffset":true},"SourceTimestamp":"2024-04-27T19:55:49.2616844Z"},"Message":{"Value":"The alarm severity has increased.","SourceTimestamp":"2024-04-27T19:55:49.2616844Z"},"ReceiveTime":{"Value":"2024-04-27T19:55:48.2874325Z","SourceTimestamp":"2024-04-27T19:55:49.2616844Z"},"Severity":{"Value":700,"SourceTimestamp":"2024-04-27T19:55:49.2616844Z"},"SourceName":{"Value":"SouthMotor","SourceTimestamp":"2024-04-27T19:55:49.2616844Z"},"SourceNode":{"Value":{"IdType":1,"Id":"1:Metals/SouthMotor","Namespace":"http://opcfoundation.org/AlarmCondition"},"SourceTimestamp":"2024-04-27T19:55:49.2616844Z"},"Time":{"Value":"2024-04-27T19:55:48.2874279Z","SourceTimestamp":"2024-04-27T19:55:49.2616844Z"}}