{"ConditionClassId":{"Value":null,"SourceTimestamp":"2024-04-27T19:55:52.2325824Z"},"ConditionClassName":{"Value":null,"SourceTimestamp":"2024-04-27T19:55:52.2325824Z"},"ConditionSubClassId":{"Value":null,"SourceTimestamp":"2024-04-27T19:55:52.2325824Z"},"ConditionSubClassName":{"Value":null,"SourceTimestamp":"2024-04-27T19:55:52.2325824Z"},"EventId":{"Value":"jGtP2kZapkmE/JD5ToK/1w==","SourceTimestamp":"2024-04-27T19:55:52.2325824Z"},"EventType":{"Value":{"Id":10060},"SourceTimestamp":"2024-04-27T19:55:52.2325824Z"},"LocalTime":{"Value":{"Offset":120,"DaylightSavingInOffset":true},"SourceTimestamp":"2024-04-27T19:55:52.2325824Z"},"Message":{"Value":"The alarm severity has increased.","SourceTimestamp":"2024-04-27T19:55:52.2325824Z"},"ReceiveTime":{"Value":"2024-04-27T19:55:51.2778867Z","SourceTimestamp":"2024-04-27T19:55:52.2325824Z"},"Severity":{"Value":700,"SourceTimestamp":"2024-04-27T19:55:52.2325824Z"},"SourceName":{"Value":"NorthMotor","SourceTimestamp":"2024-04-27T19:55:52.2325824Z"},"SourceNode":{"Value":{"IdType":1,"Id":"1:Colours/NorthMotor","Namespace":"http://opcfoundation.org/AlarmCondition"},"SourceTimestamp":"2024-04-27T19:55:52.2325824Z"},"Time":{"Value":"2024-04-27T19:55:51.2778761Z","SourceTimestamp":"2024-04-27T19:55:52.2325824Z"}}