{"ConditionClassId":{"Value":null,"SourceTimestamp":"2024-04-27T19:55:44.2447127Z"},"ConditionClassName":{"Value":null,"SourceTimestamp":"2024-04-27T19:55:44.2447127Z"},"ConditionSubClassId":{"Value":null,"SourceTimestamp":"2024-04-27T19:55:44.2447127Z"},"ConditionSubClassName":{"Value":null,"SourceTimestamp":"2024-04-27T19:55:44.2447127Z"},"EventId":{"Value":"PzNXrJqSL06jdnb1PQjPag==","SourceTimestamp":"2024-04-27T19:55:44.2447127Z"},"EventType":{"Value":{"Id":10060},"SourceTimestamp":"2024-04-27T19:55:44.2447127Z"},"LocalTime":{"Value":{"Offset":120,"DaylightSavingInOffset":true},"SourceTimestamp":"2024-04-27T19:55:44.2447127Z"},"Message":{"Value":"The alarm severity has increased.","SourceTimestamp":"2024-04-27T19:55:44.2447127Z"},"ReceiveTime":{"Value":"2024-04-27T19:55:43.2852328Z","SourceTimestamp":"2024-04-27T19:55:44.2447127Z"},"Severity":{"Value":500,"SourceTimestamp":"2024-04-27T19:55:44.2447127Z"},"SourceName":{"Value":"WestTank","SourceTimestamp":"2024-04-27T19:55:44.2447127Z"},"SourceNode":{"Value":{"IdType":1,"Id":"1:Metals/WestTank","Namespace":"http://opcfoundation.org/AlarmCondition"},"SourceTimestamp":"2024-04-27T19:55:44.2447127Z"},"Time":{"Value":"2024-04-27T19:55:43.2852274Z","SourceTimestamp":"2024-04-27T19:55:44.2447127Z"}}