{"ConditionClassId":{"Value":null,"SourceTimestamp":"2024-04-27T19:55:58.2616944Z"},"ConditionClassName":{"Value":null,"SourceTimestamp":"2024-04-27T19:55:58.2616944Z"},"ConditionSubClassId":{"Value":null,"SourceTimestamp":"2024-04-27T19:55:58.2616944Z"},"ConditionSubClassName":{"Value":null,"SourceTimestamp":"2024-04-27T19:55:58.2616944Z"},"EventId":{"Value":"rLA4hhmE6EaybNc+lNRu5w==","SourceTimestamp":"2024-04-27T19:55:58.2616944Z"},"EventType":{"Value":{"Id":10060},"SourceTimestamp":"2024-04-27T19:55:58.2616944Z"},"LocalTime":{"Value":{"Offset":120,"DaylightSavingInOffset":true},"SourceTimestamp":"2024-04-27T19:55:58.2616944Z"},"Message":{"Value":"The alarm severity has increased.","SourceTimestamp":"2024-04-27T19:55:58.2616944Z"},"ReceiveTime":{"Value":"2024-04-27T19:55:57.2873547Z","SourceTimestamp":"2024-04-27T19:55:58.2616944Z"},"Severity":{"Value":900,"SourceTimestamp":"2024-04-27T19:55:58.2616944Z"},"SourceName":{"Value":"EastTank","SourceTimestamp":"2024-04-27T19:55:58.2616944Z"},"SourceNode":{"Value":{"IdType":1,"Id":"1:Colours/EastTank","Namespace":"http://opcfoundation.org/AlarmCondition"},"SourceTimestamp":"2024-04-27T19:55:58.2616944Z"},"Time":{"Value":"2024-04-27T19:55:57.2873348Z","SourceTimestamp":"2024-04-27T19:55:58.2616944Z"}}