{"ConditionClassId":{"Value":null,"SourceTimestamp":"2024-04-27T19:55:31.2637359Z"},"ConditionClassName":{"Value":null,"SourceTimestamp":"2024-04-27T19:55:31.2637359Z"},"ConditionSubClassId":{"Value":null,"SourceTimestamp":"2024-04-27T19:55:31.2637359Z"},"ConditionSubClassName":{"Value":null,"SourceTimestamp":"2024-04-27T19:55:31.2637359Z"},"EventId":{"Value":"vFRN2Vdl80qbxjBUwMsXVw==","SourceTimestamp":"2024-04-27T19:55:31.2637359Z"},"EventType":{"Value":{"Id":10060},"SourceTimestamp":"2024-04-27T19:55:31.2637359Z"},"LocalTime":{"Value":{"Offset":120,"DaylightSavingInOffset":true},"SourceTimestamp":"2024-04-27T19:55:31.2637359Z"},"Message":{"Value":"The alarm severity has increased.","SourceTimestamp":"2024-04-27T19:55:31.2637359Z"},"ReceiveTime":{"Value":"2024-04-27T19:55:30.283301Z","SourceTimestamp":"2024-04-27T19:55:31.2637359Z"},"Severity":{"Value":300,"SourceTimestamp":"2024-04-27T19:55:31.2637359Z"},"SourceName":{"Value":"EastTank","SourceTimestamp":"2024-04-27T19:55:31.2637359Z"},"SourceNode":{"Value":{"IdType":1,"Id":"1:Colours/EastTank","Namespace":"http://opcfoundation.org/AlarmCondition"},"SourceTimestamp":"2024-04-27T19:55:31.2637359Z"},"Time":{"Value":"2024-04-27T19:55:30.2832859Z","SourceTimestamp":"2024-04-27T19:55:31.2637359Z"}}