{"ConditionClassId":{"Value":null,"SourceTimestamp":"2024-04-27T19:55:54.2877618Z"},"ConditionClassName":{"Value":null,"SourceTimestamp":"2024-04-27T19:55:54.2877618Z"},"ConditionSubClassId":{"Value":null,"SourceTimestamp":"2024-04-27T19:55:54.2877618Z"},"ConditionSubClassName":{"Value":null,"SourceTimestamp":"2024-04-27T19:55:54.2877618Z"},"EventId":{"Value":"4Gvkex+MqU24wphsJhRtHw==","SourceTimestamp":"2024-04-27T19:55:54.2877618Z"},"EventType":{"Value":{"Id":10751},"SourceTimestamp":"2024-04-27T19:55:54.2877618Z"},"LocalTime":{"Value":{"Offset":120,"DaylightSavingInOffset":true},"SourceTimestamp":"2024-04-27T19:55:54.2877618Z"},"Message":{"Value":"The alarm severity has increased.","SourceTimestamp":"2024-04-27T19:55:54.2877618Z"},"ReceiveTime":{"Value":"2024-04-27T19:55:54.2730644Z","SourceTimestamp":"2024-04-27T19:55:54.2877618Z"},"Severity":{"Value":700,"SourceTimestamp":"2024-04-27T19:55:54.2877618Z"},"SourceName":{"Value":"NorthMotor","SourceTimestamp":"2024-04-27T19:55:54.2877618Z"},"SourceNode":{"Value":{"IdType":1,"Id":"1:Colours/NorthMotor","Namespace":"http://opcfoundation.org/AlarmCondition"},"SourceTimestamp":"2024-04-27T19:55:54.2877618Z"},"Time":{"Value":"2024-04-27T19:55:54.2730493Z","SourceTimestamp":"2024-04-27T19:55:54.2877618Z"}}