{"ConditionClassId":{"Value":null,"SourceTimestamp":"2024-04-27T19:55:54.2877618Z"},"ConditionClassName":{"Value":null,"SourceTimestamp":"2024-04-27T19:55:54.2877618Z"},"ConditionSubClassId":{"Value":null,"SourceTimestamp":"2024-04-27T19:55:54.2877618Z"},"ConditionSubClassName":{"Value":null,"SourceTimestamp":"2024-04-27T19:55:54.2877618Z"},"EventId":{"Value":"bpfZn7QFIkKIdovaRQPjaA==","SourceTimestamp":"2024-04-27T19:55:54.2877618Z"},"EventType":{"Value":{"Id":9764},"SourceTimestamp":"2024-04-27T19:55:54.2877618Z"},"LocalTime":{"Value":{"Offset":120,"DaylightSavingInOffset":true},"SourceTimestamp":"2024-04-27T19:55:54.2877618Z"},"Message":{"Value":"The alarm severity has increased.","SourceTimestamp":"2024-04-27T19:55:54.2877618Z"},"ReceiveTime":{"Value":"2024-04-27T19:55:54.2732902Z","SourceTimestamp":"2024-04-27T19:55:54.2877618Z"},"Severity":{"Value":700,"SourceTimestamp":"2024-04-27T19:55:54.2877618Z"},"SourceName":{"Value":"SouthMotor","SourceTimestamp":"2024-04-27T19:55:54.2877618Z"},"SourceNode":{"Value":{"IdType":1,"Id":"1:Metals/SouthMotor","Namespace":"http://opcfoundation.org/AlarmCondition"},"SourceTimestamp":"2024-04-27T19:55:54.2877618Z"},"Time":{"Value":"2024-04-27T19:55:54.2732869Z","SourceTimestamp":"2024-04-27T19:55:54.2877618Z"}}