{"ConditionClassId":{"Value":null,"SourceTimestamp":"2024-04-27T19:56:07.2438366Z"},"ConditionClassName":{"Value":null,"SourceTimestamp":"2024-04-27T19:56:07.2438366Z"},"ConditionSubClassId":{"Value":null,"SourceTimestamp":"2024-04-27T19:56:07.2438366Z"},"ConditionSubClassName":{"Value":null,"SourceTimestamp":"2024-04-27T19:56:07.2438366Z"},"EventId":{"Value":"XJr6t6mMXkuoopkU6qyroA==","SourceTimestamp":"2024-04-27T19:56:07.2438366Z"},"EventType":{"Value":{"Id":9764},"SourceTimestamp":"2024-04-27T19:56:07.2438366Z"},"LocalTime":{"Value":{"Offset":120,"DaylightSavingInOffset":true},"SourceTimestamp":"2024-04-27T19:56:07.2438366Z"},"Message":{"Value":"The alarm was deactivated by the system.","SourceTimestamp":"2024-04-27T19:56:07.2438366Z"},"ReceiveTime":{"Value":"2024-04-27T19:56:06.2728218Z","SourceTimestamp":"2024-04-27T19:56:07.2438366Z"},"Severity":{"Value":100,"SourceTimestamp":"2024-04-27T19:56:07.2438366Z"},"SourceName":{"Value":"NorthMotor","SourceTimestamp":"2024-04-27T19:56:07.2438366Z"},"SourceNode":{"Value":{"IdType":1,"Id":"1:Colours/NorthMotor","Namespace":"http://opcfoundation.org/AlarmCondition"},"SourceTimestamp":"2024-04-27T19:56:07.2438366Z"},"Time":{"Value":"2024-04-27T19:56:06.272813Z","SourceTimestamp":"2024-04-27T19:56:07.2438366Z"}}