{"ConditionClassId":{"Value":null,"SourceTimestamp":"2024-04-27T19:56:10.2734591Z"},"ConditionClassName":{"Value":null,"SourceTimestamp":"2024-04-27T19:56:10.2734591Z"},"ConditionSubClassId":{"Value":null,"SourceTimestamp":"2024-04-27T19:56:10.2734591Z"},"ConditionSubClassName":{"Value":null,"SourceTimestamp":"2024-04-27T19:56:10.2734591Z"},"EventId":{"Value":"Wewt0i8sckeFiFp7xz0I+g==","SourceTimestamp":"2024-04-27T19:56:10.2734591Z"},"EventType":{"Value":{"Id":10751},"SourceTimestamp":"2024-04-27T19:56:10.2734591Z"},"LocalTime":{"Value":{"Offset":120,"DaylightSavingInOffset":true},"SourceTimestamp":"2024-04-27T19:56:10.2734591Z"},"Message":{"Value":"The alarm is active.","SourceTimestamp":"2024-04-27T19:56:10.2734591Z"},"ReceiveTime":{"Value":"2024-04-27T19:56:09.2817886Z","SourceTimestamp":"2024-04-27T19:56:10.2734591Z"},"Severity":{"Value":100,"SourceTimestamp":"2024-04-27T19:56:10.2734591Z"},"SourceName":{"Value":"WestTank","SourceTimestamp":"2024-04-27T19:56:10.2734591Z"},"SourceNode":{"Value":{"IdType":1,"Id":"1:Metals/WestTank","Namespace":"http://opcfoundation.org/AlarmCondition"},"SourceTimestamp":"2024-04-27T19:56:10.2734591Z"},"Time":{"Value":"2024-04-27T19:56:09.2817838Z","SourceTimestamp":"2024-04-27T19:56:10.2734591Z"}}