{"ConditionClassId":{"Value":null,"SourceTimestamp":"2024-04-27T19:55:31.2637359Z"},"ConditionClassName":{"Value":null,"SourceTimestamp":"2024-04-27T19:55:31.2637359Z"},"ConditionSubClassId":{"Value":null,"SourceTimestamp":"2024-04-27T19:55:31.2637359Z"},"ConditionSubClassName":{"Value":null,"SourceTimestamp":"2024-04-27T19:55:31.2637359Z"},"EventId":{"Value":"yrK7U6hmekmTErXnBVFK2w==","SourceTimestamp":"2024-04-27T19:55:31.2637359Z"},"EventType":{"Value":{"Id":9764},"SourceTimestamp":"2024-04-27T19:55:31.2637359Z"},"LocalTime":{"Value":{"Offset":120,"DaylightSavingInOffset":true},"SourceTimestamp":"2024-04-27T19:55:31.2637359Z"},"Message":{"Value":"The alarm severity has increased.","SourceTimestamp":"2024-04-27T19:55:31.2637359Z"},"ReceiveTime":{"Value":"2024-04-27T19:55:30.2835187Z","SourceTimestamp":"2024-04-27T19:55:31.2637359Z"},"Severity":{"Value":300,"SourceTimestamp":"2024-04-27T19:55:31.2637359Z"},"SourceName":{"Value":"NorthMotor","SourceTimestamp":"2024-04-27T19:55:31.2637359Z"},"SourceNode":{"Value":{"IdType":1,"Id":"1:Colours/NorthMotor","Namespace":"http://opcfoundation.org/AlarmCondition"},"SourceTimestamp":"2024-04-27T19:55:31.2637359Z"},"Time":{"Value":"2024-04-27T19:55:30.2835134Z","SourceTimestamp":"2024-04-27T19:55:31.2637359Z"}}