{"ConditionClassId":{"Value":null,"SourceTimestamp":"2024-04-27T19:56:06.2570142Z"},"ConditionClassName":{"Value":null,"SourceTimestamp":"2024-04-27T19:56:06.2570142Z"},"ConditionSubClassId":{"Value":null,"SourceTimestamp":"2024-04-27T19:56:06.2570142Z"},"ConditionSubClassName":{"Value":null,"SourceTimestamp":"2024-04-27T19:56:06.2570142Z"},"EventId":{"Value":"mfj/UIN6lUi95Fc9pL4rfQ==","SourceTimestamp":"2024-04-27T19:56:06.2570142Z"},"EventType":{"Value":{"Id":9764},"SourceTimestamp":"2024-04-27T19:56:06.2570142Z"},"LocalTime":{"Value":{"Offset":120,"DaylightSavingInOffset":true},"SourceTimestamp":"2024-04-27T19:56:06.2570142Z"},"Message":{"Value":"The alarm severity has increased.","SourceTimestamp":"2024-04-27T19:56:06.2570142Z"},"ReceiveTime":{"Value":"2024-04-27T19:56:05.2832383Z","SourceTimestamp":"2024-04-27T19:56:06.2570142Z"},"Severity":{"Value":900,"SourceTimestamp":"2024-04-27T19:56:06.2570142Z"},"SourceName":{"Value":"SouthMotor","SourceTimestamp":"2024-04-27T19:56:06.2570142Z"},"SourceNode":{"Value":{"IdType":1,"Id":"1:Metals/SouthMotor","Namespace":"http://opcfoundation.org/AlarmCondition"},"SourceTimestamp":"2024-04-27T19:56:06.2570142Z"},"Time":{"Value":"2024-04-27T19:56:05.283235Z","SourceTimestamp":"2024-04-27T19:56:06.2570142Z"}}