{"ConditionClassId":{"Value":null,"SourceTimestamp":"2024-04-27T19:56:28.2323485Z"},"ConditionClassName":{"Value":null,"SourceTimestamp":"2024-04-27T19:56:28.2323485Z"},"ConditionSubClassId":{"Value":null,"SourceTimestamp":"2024-04-27T19:56:28.2323485Z"},"ConditionSubClassName":{"Value":null,"SourceTimestamp":"2024-04-27T19:56:28.2323485Z"},"EventId":{"Value":"FlAy156f8UOfdVivngpmOQ==","SourceTimestamp":"2024-04-27T19:56:28.2323485Z"},"EventType":{"Value":{"Id":10060},"SourceTimestamp":"2024-04-27T19:56:28.2323485Z"},"LocalTime":{"Value":{"Offset":120,"DaylightSavingInOffset":true},"SourceTimestamp":"2024-04-27T19:56:28.2323485Z"},"Message":{"Value":"The alarm is active.","SourceTimestamp":"2024-04-27T19:56:28.2323485Z"},"ReceiveTime":{"Value":"2024-04-27T19:56:27.2847302Z","SourceTimestamp":"2024-04-27T19:56:28.2323485Z"},"Severity":{"Value":100,"SourceTimestamp":"2024-04-27T19:56:28.2323485Z"},"SourceName":{"Value":"WestTank","SourceTimestamp":"2024-04-27T19:56:28.2323485Z"},"SourceNode":{"Value":{"IdType":1,"Id":"1:Metals/WestTank","Namespace":"http://opcfoundation.org/AlarmCondition"},"SourceTimestamp":"2024-04-27T19:56:28.2323485Z"},"Time":{"Value":"2024-04-27T19:56:27.2847147Z","SourceTimestamp":"2024-04-27T19:56:28.2323485Z"}}