{"ConditionClassId":{"Value":null,"SourceTimestamp":"2024-04-27T19:56:26.2512167Z"},"ConditionClassName":{"Value":null,"SourceTimestamp":"2024-04-27T19:56:26.2512167Z"},"ConditionSubClassId":{"Value":null,"SourceTimestamp":"2024-04-27T19:56:26.2512167Z"},"ConditionSubClassName":{"Value":null,"SourceTimestamp":"2024-04-27T19:56:26.2512167Z"},"EventId":{"Value":"baPUTWyvEkGeUOg0QwDalg==","SourceTimestamp":"2024-04-27T19:56:26.2512167Z"},"EventType":{"Value":{"Id":10751},"SourceTimestamp":"2024-04-27T19:56:26.2512167Z"},"LocalTime":{"Value":{"Offset":120,"DaylightSavingInOffset":true},"SourceTimestamp":"2024-04-27T19:56:26.2512167Z"},"Message":{"Value":"The alarm severity has increased.","SourceTimestamp":"2024-04-27T19:56:26.2512167Z"},"ReceiveTime":{"Value":"2024-04-27T19:56:25.2739128Z","SourceTimestamp":"2024-04-27T19:56:26.2512167Z"},"Severity":{"Value":500,"SourceTimestamp":"2024-04-27T19:56:26.2512167Z"},"SourceName":{"Value":"WestTank","SourceTimestamp":"2024-04-27T19:56:26.2512167Z"},"SourceNode":{"Value":{"IdType":1,"Id":"1:Metals/WestTank","Namespace":"http://opcfoundation.org/AlarmCondition"},"SourceTimestamp":"2024-04-27T19:56:26.2512167Z"},"Time":{"Value":"2024-04-27T19:56:25.2738993Z","SourceTimestamp":"2024-04-27T19:56:26.2512167Z"}}