{"ConditionClassId":{"Value":null,"SourceTimestamp":"2024-04-27T19:56:25.2581393Z"},"ConditionClassName":{"Value":null,"SourceTimestamp":"2024-04-27T19:56:25.2581393Z"},"ConditionSubClassId":{"Value":null,"SourceTimestamp":"2024-04-27T19:56:25.2581393Z"},"ConditionSubClassName":{"Value":null,"SourceTimestamp":"2024-04-27T19:56:25.2581393Z"},"EventId":{"Value":"6iy4a8jx/EKFXAL7RFETug==","SourceTimestamp":"2024-04-27T19:56:25.2581393Z"},"EventType":{"Value":{"Id":10060},"SourceTimestamp":"2024-04-27T19:56:25.2581393Z"},"LocalTime":{"Value":{"Offset":120,"DaylightSavingInOffset":true},"SourceTimestamp":"2024-04-27T19:56:25.2581393Z"},"Message":{"Value":"The alarm severity has increased.","SourceTimestamp":"2024-04-27T19:56:25.2581393Z"},"ReceiveTime":{"Value":"2024-04-27T19:56:24.2780626Z","SourceTimestamp":"2024-04-27T19:56:25.2581393Z"},"Severity":{"Value":300,"SourceTimestamp":"2024-04-27T19:56:25.2581393Z"},"SourceName":{"Value":"EastTank","SourceTimestamp":"2024-04-27T19:56:25.2581393Z"},"SourceNode":{"Value":{"IdType":1,"Id":"1:Colours/EastTank","Namespace":"http://opcfoundation.org/AlarmCondition"},"SourceTimestamp":"2024-04-27T19:56:25.2581393Z"},"Time":{"Value":"2024-04-27T19:56:24.2780489Z","SourceTimestamp":"2024-04-27T19:56:25.2581393Z"}}