{"ConditionClassId":{"Value":null,"SourceTimestamp":"2024-04-27T19:56:42.2702235Z"},"ConditionClassName":{"Value":null,"SourceTimestamp":"2024-04-27T19:56:42.2702235Z"},"ConditionSubClassId":{"Value":null,"SourceTimestamp":"2024-04-27T19:56:42.2702235Z"},"ConditionSubClassName":{"Value":null,"SourceTimestamp":"2024-04-27T19:56:42.2702235Z"},"EventId":{"Value":"q6I68FUBKEeKsKSsLX/bsw==","SourceTimestamp":"2024-04-27T19:56:42.2702235Z"},"EventType":{"Value":{"Id":10751},"SourceTimestamp":"2024-04-27T19:56:42.2702235Z"},"LocalTime":{"Value":{"Offset":120,"DaylightSavingInOffset":true},"SourceTimestamp":"2024-04-27T19:56:42.2702235Z"},"Message":{"Value":"The alarm severity has increased.","SourceTimestamp":"2024-04-27T19:56:42.2702235Z"},"ReceiveTime":{"Value":"2024-04-27T19:56:41.2800864Z","SourceTimestamp":"2024-04-27T19:56:42.2702235Z"},"Severity":{"Value":900,"SourceTimestamp":"2024-04-27T19:56:42.2702235Z"},"SourceName":{"Value":"WestTank","SourceTimestamp":"2024-04-27T19:56:42.2702235Z"},"SourceNode":{"Value":{"IdType":1,"Id":"1:Metals/WestTank","Namespace":"http://opcfoundation.org/AlarmCondition"},"SourceTimestamp":"2024-04-27T19:56:42.2702235Z"},"Time":{"Value":"2024-04-27T19:56:41.2800052Z","SourceTimestamp":"2024-04-27T19:56:42.2702235Z"}}