{"ConditionClassId":{"Value":null,"SourceTimestamp":"2024-04-27T19:56:34.2285996Z"},"ConditionClassName":{"Value":null,"SourceTimestamp":"2024-04-27T19:56:34.2285996Z"},"ConditionSubClassId":{"Value":null,"SourceTimestamp":"2024-04-27T19:56:34.2285996Z"},"ConditionSubClassName":{"Value":null,"SourceTimestamp":"2024-04-27T19:56:34.2285996Z"},"EventId":{"Value":"b3OHY6O84kSDKb957SIupg==","SourceTimestamp":"2024-04-27T19:56:34.2285996Z"},"EventType":{"Value":{"Id":10060},"SourceTimestamp":"2024-04-27T19:56:34.2285996Z"},"LocalTime":{"Value":{"Offset":120,"DaylightSavingInOffset":true},"SourceTimestamp":"2024-04-27T19:56:34.2285996Z"},"Message":{"Value":"The alarm severity has increased.","SourceTimestamp":"2024-04-27T19:56:34.2285996Z"},"ReceiveTime":{"Value":"2024-04-27T19:56:33.2861169Z","SourceTimestamp":"2024-04-27T19:56:34.2285996Z"},"Severity":{"Value":500,"SourceTimestamp":"2024-04-27T19:56:34.2285996Z"},"SourceName":{"Value":"EastTank","SourceTimestamp":"2024-04-27T19:56:34.2285996Z"},"SourceNode":{"Value":{"IdType":1,"Id":"1:Colours/EastTank","Namespace":"http://opcfoundation.org/AlarmCondition"},"SourceTimestamp":"2024-04-27T19:56:34.2285996Z"},"Time":{"Value":"2024-04-27T19:56:33.2858711Z","SourceTimestamp":"2024-04-27T19:56:34.2285996Z"}}