{"ConditionClassId":{"Value":null,"SourceTimestamp":"2024-04-27T19:56:42.2702235Z"},"ConditionClassName":{"Value":null,"SourceTimestamp":"2024-04-27T19:56:42.2702235Z"},"ConditionSubClassId":{"Value":null,"SourceTimestamp":"2024-04-27T19:56:42.2702235Z"},"ConditionSubClassName":{"Value":null,"SourceTimestamp":"2024-04-27T19:56:42.2702235Z"},"EventId":{"Value":"qOPUWW0JH0mCXBgBVaO3vw==","SourceTimestamp":"2024-04-27T19:56:42.2702235Z"},"EventType":{"Value":{"Id":10060},"SourceTimestamp":"2024-04-27T19:56:42.2702235Z"},"LocalTime":{"Value":{"Offset":120,"DaylightSavingInOffset":true},"SourceTimestamp":"2024-04-27T19:56:42.2702235Z"},"Message":{"Value":"The alarm severity has increased.","SourceTimestamp":"2024-04-27T19:56:42.2702235Z"},"ReceiveTime":{"Value":"2024-04-27T19:56:41.2799127Z","SourceTimestamp":"2024-04-27T19:56:42.2702235Z"},"Severity":{"Value":500,"SourceTimestamp":"2024-04-27T19:56:42.2702235Z"},"SourceName":{"Value":"NorthMotor","SourceTimestamp":"2024-04-27T19:56:42.2702235Z"},"SourceNode":{"Value":{"IdType":1,"Id":"1:Colours/NorthMotor","Namespace":"http://opcfoundation.org/AlarmCondition"},"SourceTimestamp":"2024-04-27T19:56:42.2702235Z"},"Time":{"Value":"2024-04-27T19:56:41.279909Z","SourceTimestamp":"2024-04-27T19:56:42.2702235Z"}}