{"ConditionClassId":{"Value":null,"SourceTimestamp":"2024-04-27T19:56:42.2702235Z"},"ConditionClassName":{"Value":null,"SourceTimestamp":"2024-04-27T19:56:42.2702235Z"},"ConditionSubClassId":{"Value":null,"SourceTimestamp":"2024-04-27T19:56:42.2702235Z"},"ConditionSubClassName":{"Value":null,"SourceTimestamp":"2024-04-27T19:56:42.2702235Z"},"EventId":{"Value":"bamiXzA+xk2gdwoNlRUKxg==","SourceTimestamp":"2024-04-27T19:56:42.2702235Z"},"EventType":{"Value":{"Id":10751},"SourceTimestamp":"2024-04-27T19:56:42.2702235Z"},"LocalTime":{"Value":{"Offset":120,"DaylightSavingInOffset":true},"SourceTimestamp":"2024-04-27T19:56:42.2702235Z"},"Message":{"Value":"The alarm severity has increased.","SourceTimestamp":"2024-04-27T19:56:42.2702235Z"},"ReceiveTime":{"Value":"2024-04-27T19:56:41.2797568Z","SourceTimestamp":"2024-04-27T19:56:42.2702235Z"},"Severity":{"Value":500,"SourceTimestamp":"2024-04-27T19:56:42.2702235Z"},"SourceName":{"Value":"EastTank","SourceTimestamp":"2024-04-27T19:56:42.2702235Z"},"SourceNode":{"Value":{"IdType":1,"Id":"1:Colours/EastTank","Namespace":"http://opcfoundation.org/AlarmCondition"},"SourceTimestamp":"2024-04-27T19:56:42.2702235Z"},"Time":{"Value":"2024-04-27T19:56:41.2792664Z","SourceTimestamp":"2024-04-27T19:56:42.2702235Z"}}