{"ConditionClassId":{"Value":null,"SourceTimestamp":"2024-04-27T19:56:52.2404346Z"},"ConditionClassName":{"Value":null,"SourceTimestamp":"2024-04-27T19:56:52.2404346Z"},"ConditionSubClassId":{"Value":null,"SourceTimestamp":"2024-04-27T19:56:52.2404346Z"},"ConditionSubClassName":{"Value":null,"SourceTimestamp":"2024-04-27T19:56:52.2404346Z"},"EventId":{"Value":"IU2iB6n5ykaOcUfZrpYy+A==","SourceTimestamp":"2024-04-27T19:56:52.2404346Z"},"EventType":{"Value":{"Id":9764},"SourceTimestamp":"2024-04-27T19:56:52.2404346Z"},"LocalTime":{"Value":{"Offset":120,"DaylightSavingInOffset":true},"SourceTimestamp":"2024-04-27T19:56:52.2404346Z"},"Message":{"Value":"The alarm severity has increased.","SourceTimestamp":"2024-04-27T19:56:52.2404346Z"},"ReceiveTime":{"Value":"2024-04-27T19:56:51.2854845Z","SourceTimestamp":"2024-04-27T19:56:52.2404346Z"},"Severity":{"Value":700,"SourceTimestamp":"2024-04-27T19:56:52.2404346Z"},"SourceName":{"Value":"WestTank","SourceTimestamp":"2024-04-27T19:56:52.2404346Z"},"SourceNode":{"Value":{"IdType":1,"Id":"1:Metals/WestTank","Namespace":"http://opcfoundation.org/AlarmCondition"},"SourceTimestamp":"2024-04-27T19:56:52.2404346Z"},"Time":{"Value":"2024-04-27T19:56:51.2854814Z","SourceTimestamp":"2024-04-27T19:56:52.2404346Z"}}