{"ConditionClassId":{"Value":null,"SourceTimestamp":"2024-04-27T19:56:52.2404346Z"},"ConditionClassName":{"Value":null,"SourceTimestamp":"2024-04-27T19:56:52.2404346Z"},"ConditionSubClassId":{"Value":null,"SourceTimestamp":"2024-04-27T19:56:52.2404346Z"},"ConditionSubClassName":{"Value":null,"SourceTimestamp":"2024-04-27T19:56:52.2404346Z"},"EventId":{"Value":"yS8QsEbFeEmv65D8iEovHw==","SourceTimestamp":"2024-04-27T19:56:52.2404346Z"},"EventType":{"Value":{"Id":10060},"SourceTimestamp":"2024-04-27T19:56:52.2404346Z"},"LocalTime":{"Value":{"Offset":120,"DaylightSavingInOffset":true},"SourceTimestamp":"2024-04-27T19:56:52.2404346Z"},"Message":{"Value":"The alarm severity has increased.","SourceTimestamp":"2024-04-27T19:56:52.2404346Z"},"ReceiveTime":{"Value":"2024-04-27T19:56:51.2853993Z","SourceTimestamp":"2024-04-27T19:56:52.2404346Z"},"Severity":{"Value":700,"SourceTimestamp":"2024-04-27T19:56:52.2404346Z"},"SourceName":{"Value":"NorthMotor","SourceTimestamp":"2024-04-27T19:56:52.2404346Z"},"SourceNode":{"Value":{"IdType":1,"Id":"1:Colours/NorthMotor","Namespace":"http://opcfoundation.org/AlarmCondition"},"SourceTimestamp":"2024-04-27T19:56:52.2404346Z"},"Time":{"Value":"2024-04-27T19:56:51.2853109Z","SourceTimestamp":"2024-04-27T19:56:52.2404346Z"}}