{"ConditionClassId":{"Value":null,"SourceTimestamp":"2024-04-27T19:56:58.2564245Z"},"ConditionClassName":{"Value":null,"SourceTimestamp":"2024-04-27T19:56:58.2564245Z"},"ConditionSubClassId":{"Value":null,"SourceTimestamp":"2024-04-27T19:56:58.2564245Z"},"ConditionSubClassName":{"Value":null,"SourceTimestamp":"2024-04-27T19:56:58.2564245Z"},"EventId":{"Value":"K6Q3pS7gYkiKOAD+d/1NEw==","SourceTimestamp":"2024-04-27T19:56:58.2564245Z"},"EventType":{"Value":{"Id":10751},"SourceTimestamp":"2024-04-27T19:56:58.2564245Z"},"LocalTime":{"Value":{"Offset":120,"DaylightSavingInOffset":true},"SourceTimestamp":"2024-04-27T19:56:58.2564245Z"},"Message":{"Value":"The alarm is active.","SourceTimestamp":"2024-04-27T19:56:58.2564245Z"},"ReceiveTime":{"Value":"2024-04-27T19:56:57.282742Z","SourceTimestamp":"2024-04-27T19:56:58.2564245Z"},"Severity":{"Value":100,"SourceTimestamp":"2024-04-27T19:56:58.2564245Z"},"SourceName":{"Value":"WestTank","SourceTimestamp":"2024-04-27T19:56:58.2564245Z"},"SourceNode":{"Value":{"IdType":1,"Id":"1:Metals/WestTank","Namespace":"http://opcfoundation.org/AlarmCondition"},"SourceTimestamp":"2024-04-27T19:56:58.2564245Z"},"Time":{"Value":"2024-04-27T19:56:57.2827333Z","SourceTimestamp":"2024-04-27T19:56:58.2564245Z"}}