{"nsu=http://opcfoundation.org/UA/Plc/Applications;s=AlternatingBoolean":{"Value":true,"SourceTimestamp":"2024-04-27T19:59:01.6117859Z","ServerTimestamp":"2024-04-27T19:59:01.6117921Z"},"nsu=http://opcfoundation.org/UA/Plc/Applications;s=NegativeTrendData":{"Value":98.599999999999994,"SourceTimestamp":"2024-04-27T19:59:01.6118128Z","ServerTimestamp":"2024-04-27T19:59:01.6118392Z"},"nsu=http://opcfoundation.org/UA/Plc/Applications;s=PositiveTrendData":{"Value":102,"SourceTimestamp":"2024-04-27T19:59:01.6118403Z","ServerTimestamp":"2024-04-27T19:59:01.6118508Z"}}