{"nsu=http://opcfoundation.org/UA/Plc/Applications;s=StepUp":{"Value":1039,"SourceTimestamp":"2024-04-27T19:59:05.4147258Z","ServerTimestamp":"2024-04-27T19:59:05.4147289Z"},"nsu=http://opcfoundation.org/UA/Plc/Applications;s=RandomSignedInt32":{"Value":-2040193509,"SourceTimestamp":"2024-04-27T19:59:05.4147443Z","ServerTimestamp":"2024-04-27T19:59:05.4147492Z"},"nsu=http://opcfoundation.org/UA/Plc/Applications;s=RandomUnsignedInt32":{"Value":1756892060,"SourceTimestamp":"2024-04-27T19:59:05.4147572Z","ServerTimestamp":"2024-04-27T19:59:05.4147577Z"},"nsu=http://opcfoundation.org/UA/Plc/Applications;s=DipData":{"Value":99.80267284282715,"SourceTimestamp":"2024-04-27T19:59:05.3230474Z","ServerTimestamp":"2024-04-27T19:59:05.3230477Z"},"nsu=http://opcfoundation.org/UA/Plc/Applications;s=FastUIntScalar1":{"Value":103,"SourceTimestamp":"2024-04-27T19:59:04.5205221Z","ServerTimestamp":"2024-04-27T19:59:04.5205242Z"},"nsu=http://opcfoundation.org/UA/Plc/Applications;s=FastUIntScalar2":{"Value":103,"SourceTimestamp":"2024-04-27T19:59:04.5205461Z","ServerTimestamp":"2024-04-27T19:59:04.5205492Z"},"nsu=http://opcfoundation.org/UA/Plc/Applications;s=FastUIntScalar3":{"Value":103,"SourceTimestamp":"2024-04-27T19:59:04.5205511Z","ServerTimestamp":"2024-04-27T19:59:04.5205535Z"},"nsu=http://opcfoundation.org/UA/Plc/Applications;s=FastRandomUIntScalar1":{"Value":4037974814,"SourceTimestamp":"2024-04-27T19:59:04.5205244Z","ServerTimestamp":"2024-04-27T19:59:04.5205553Z"},"nsu=http://opcfoundation.org/UA/Plc/Applications;s=FastRandomUIntScalar2":{"Value":755525387,"SourceTimestamp":"2024-04-27T19:59:04.5205591Z","ServerTimestamp":"2024-04-27T19:59:04.5206005Z"},"nsu=http://opcfoundation.org/UA/Plc/Applications;s=FastRandomUIntScalar3":{"Value":4084937557,"SourceTimestamp":"2024-04-27T19:59:04.5206023Z","ServerTimestamp":"2024-04-27T19:59:04.520603Z"},"nsu=http://opcfoundation.org/UA/Plc/Applications;s=SpikeData":{"Value":99.80267284282715,"SourceTimestamp":"2024-04-27T19:59:05.3230545Z","ServerTimestamp":"2024-04-27T19:59:05.3230553Z"}}