{"nsu=http://opcfoundation.org/UA/Plc/Applications;s=StepUp":{"Value":1049,"SourceTimestamp":"2024-04-27T19:59:06.4209355Z","ServerTimestamp":"2024-04-27T19:59:06.4209398Z"},"nsu=http://opcfoundation.org/UA/Plc/Applications;s=RandomSignedInt32":{"Value":-479783484,"SourceTimestamp":"2024-04-27T19:59:06.4209884Z","ServerTimestamp":"2024-04-27T19:59:06.420991Z"},"nsu=http://opcfoundation.org/UA/Plc/Applications;s=RandomUnsignedInt32":{"Value":268256407,"SourceTimestamp":"2024-04-27T19:59:06.4209726Z","ServerTimestamp":"2024-04-27T19:59:06.4209735Z"},"nsu=http://opcfoundation.org/UA/Plc/Applications;s=DipData":{"Value":24.868988716485479,"SourceTimestamp":"2024-04-27T19:59:06.4209899Z","ServerTimestamp":"2024-04-27T19:59:06.421Z"},"nsu=http://opcfoundation.org/UA/Plc/Applications;s=FastUIntScalar1":{"Value":104,"SourceTimestamp":"2024-04-27T19:59:05.5231012Z","ServerTimestamp":"2024-04-27T19:59:05.5231033Z"},"nsu=http://opcfoundation.org/UA/Plc/Applications;s=FastUIntScalar2":{"Value":104,"SourceTimestamp":"2024-04-27T19:59:05.5231123Z","ServerTimestamp":"2024-04-27T19:59:05.5231208Z"},"nsu=http://opcfoundation.org/UA/Plc/Applications;s=FastUIntScalar3":{"Value":104,"SourceTimestamp":"2024-04-27T19:59:05.5231225Z","ServerTimestamp":"2024-04-27T19:59:05.5231237Z"},"nsu=http://opcfoundation.org/UA/Plc/Applications;s=FastRandomUIntScalar1":{"Value":2871428435,"SourceTimestamp":"2024-04-27T19:59:05.5231098Z","ServerTimestamp":"2024-04-27T19:59:05.5231123Z"},"nsu=http://opcfoundation.org/UA/Plc/Applications;s=FastRandomUIntScalar2":{"Value":3961466731,"SourceTimestamp":"2024-04-27T19:59:05.5231186Z","ServerTimestamp":"2024-04-27T19:59:05.5231195Z"},"nsu=http://opcfoundation.org/UA/Plc/Applications;s=FastRandomUIntScalar3":{"Value":1473064652,"SourceTimestamp":"2024-04-27T19:59:05.5231209Z","ServerTimestamp":"2024-04-27T19:59:05.5231224Z"},"nsu=http://opcfoundation.org/UA/Plc/Applications;s=SpikeData":{"Value":24.868988716485479,"SourceTimestamp":"2024-04-27T19:59:06.4210057Z","ServerTimestamp":"2024-04-27T19:59:06.4210071Z"}}