{"nsu=http://opcfoundation.org/UA/Plc/Applications;s=StepUp":{"Value":1059,"SourceTimestamp":"2024-04-27T19:59:07.4113201Z","ServerTimestamp":"2024-04-27T19:59:07.4113233Z"},"nsu=http://opcfoundation.org/UA/Plc/Applications;s=AlternatingBoolean":{"Value":false,"SourceTimestamp":"2024-04-27T19:59:06.6234063Z","ServerTimestamp":"2024-04-27T19:59:06.6234162Z"},"nsu=http://opcfoundation.org/UA/Plc/Applications;s=RandomSignedInt32":{"Value":625692368,"SourceTimestamp":"2024-04-27T19:59:07.4113501Z","ServerTimestamp":"2024-04-27T19:59:07.4113518Z"},"nsu=http://opcfoundation.org/UA/Plc/Applications;s=RandomUnsignedInt32":{"Value":1666758305,"SourceTimestamp":"2024-04-27T19:59:07.4113469Z","ServerTimestamp":"2024-04-27T19:59:07.4113474Z"},"nsu=http://opcfoundation.org/UA/Plc/Applications;s=DipData":{"Value":-84.432792550201498,"SourceTimestamp":"2024-04-27T19:59:07.4113625Z","ServerTimestamp":"2024-04-27T19:59:07.4113682Z"},"nsu=http://opcfoundation.org/UA/Plc/Applications;s=FastUIntScalar1":{"Value":105,"SourceTimestamp":"2024-04-27T19:59:06.513344Z","ServerTimestamp":"2024-04-27T19:59:06.5133473Z"},"nsu=http://opcfoundation.org/UA/Plc/Applications;s=FastUIntScalar2":{"Value":105,"SourceTimestamp":"2024-04-27T19:59:06.5133605Z","ServerTimestamp":"2024-04-27T19:59:06.5133615Z"},"nsu=http://opcfoundation.org/UA/Plc/Applications;s=FastUIntScalar3":{"Value":105,"SourceTimestamp":"2024-04-27T19:59:06.5133628Z","ServerTimestamp":"2024-04-27T19:59:06.5133636Z"},"nsu=http://opcfoundation.org/UA/Plc/Applications;s=FastRandomUIntScalar1":{"Value":4077471099,"SourceTimestamp":"2024-04-27T19:59:06.5133617Z","ServerTimestamp":"2024-04-27T19:59:06.5133658Z"},"nsu=http://opcfoundation.org/UA/Plc/Applications;s=FastRandomUIntScalar2":{"Value":3991869190,"SourceTimestamp":"2024-04-27T19:59:06.5133792Z","ServerTimestamp":"2024-04-27T19:59:06.5133803Z"},"nsu=http://opcfoundation.org/UA/Plc/Applications;s=FastRandomUIntScalar3":{"Value":2632526607,"SourceTimestamp":"2024-04-27T19:59:06.5133825Z","ServerTimestamp":"2024-04-27T19:59:06.5133833Z"},"nsu=http://opcfoundation.org/UA/Plc/Applications;s=NegativeTrendData":{"Value":98.5,"SourceTimestamp":"2024-04-27T19:59:06.6234454Z","ServerTimestamp":"2024-04-27T19:59:06.6234471Z"},"nsu=http://opcfoundation.org/UA/Plc/Applications;s=PositiveTrendData":{"Value":102.09999999999999,"SourceTimestamp":"2024-04-27T19:59:06.6234418Z","ServerTimestamp":"2024-04-27T19:59:06.6234427Z"},"nsu=http://opcfoundation.org/UA/Plc/Applications;s=SpikeData":{"Value":-84.432792550201498,"SourceTimestamp":"2024-04-27T19:59:07.4113765Z","ServerTimestamp":"2024-04-27T19:59:07.4113774Z"}}