{"nsu=http://opcfoundation.org/UA/Plc/Applications;s=StepUp":{"Value":1079,"SourceTimestamp":"2024-04-27T19:59:09.4195496Z","ServerTimestamp":"2024-04-27T19:59:09.4195533Z"},"nsu=http://opcfoundation.org/UA/Plc/Applications;s=RandomSignedInt32":{"Value":790303578,"SourceTimestamp":"2024-04-27T19:59:09.3270353Z","ServerTimestamp":"2024-04-27T19:59:09.3270458Z"},"nsu=http://opcfoundation.org/UA/Plc/Applications;s=RandomUnsignedInt32":{"Value":1486568967,"SourceTimestamp":"2024-04-27T19:59:09.3270494Z","ServerTimestamp":"2024-04-27T19:59:09.3270569Z"},"nsu=http://opcfoundation.org/UA/Plc/Applications;s=DipData":{"Value":24.868988716485482,"SourceTimestamp":"2024-04-27T19:59:09.3270869Z","ServerTimestamp":"2024-04-27T19:59:09.32709Z"},"nsu=http://opcfoundation.org/UA/Plc/Applications;s=FastUIntScalar1":{"Value":107,"SourceTimestamp":"2024-04-27T19:59:08.5225142Z","ServerTimestamp":"2024-04-27T19:59:08.5225177Z"},"nsu=http://opcfoundation.org/UA/Plc/Applications;s=FastUIntScalar2":{"Value":107,"SourceTimestamp":"2024-04-27T19:59:08.5225302Z","ServerTimestamp":"2024-04-27T19:59:08.5225311Z"},"nsu=http://opcfoundation.org/UA/Plc/Applications;s=FastUIntScalar3":{"Value":107,"SourceTimestamp":"2024-04-27T19:59:08.5225327Z","ServerTimestamp":"2024-04-27T19:59:08.5226766Z"},"nsu=http://opcfoundation.org/UA/Plc/Applications;s=FastRandomUIntScalar1":{"Value":3355041066,"SourceTimestamp":"2024-04-27T19:59:08.5225302Z","ServerTimestamp":"2024-04-27T19:59:08.5225337Z"},"nsu=http://opcfoundation.org/UA/Plc/Applications;s=FastRandomUIntScalar2":{"Value":3548295941,"SourceTimestamp":"2024-04-27T19:59:08.5225843Z","ServerTimestamp":"2024-04-27T19:59:08.5225936Z"},"nsu=http://opcfoundation.org/UA/Plc/Applications;s=FastRandomUIntScalar3":{"Value":2315962746,"SourceTimestamp":"2024-04-27T19:59:08.5225965Z","ServerTimestamp":"2024-04-27T19:59:08.5226028Z"},"nsu=http://opcfoundation.org/UA/Plc/Applications;s=SpikeData":{"Value":24.868988716485482,"SourceTimestamp":"2024-04-27T19:59:09.3270805Z","ServerTimestamp":"2024-04-27T19:59:09.3270815Z"}}