{"nsu=http://opcfoundation.org/UA/Plc/Applications;s=StepUp":{"Value":1109,"SourceTimestamp":"2024-04-27T19:59:12.4195391Z","ServerTimestamp":"2024-04-27T19:59:12.4195435Z"},"nsu=http://opcfoundation.org/UA/Plc/Applications;s=AlternatingBoolean":{"Value":true,"SourceTimestamp":"2024-04-27T19:59:11.6125175Z","ServerTimestamp":"2024-04-27T19:59:11.6125216Z"},"nsu=http://opcfoundation.org/UA/Plc/Applications;s=RandomSignedInt32":{"Value":37021984,"SourceTimestamp":"2024-04-27T19:59:12.4195847Z","ServerTimestamp":"2024-04-27T19:59:12.4195857Z"},"nsu=http://opcfoundation.org/UA/Plc/Applications;s=RandomUnsignedInt32":{"Value":458106151,"SourceTimestamp":"2024-04-27T19:59:12.4195967Z","ServerTimestamp":"2024-04-27T19:59:12.4196002Z"},"nsu=http://opcfoundation.org/UA/Plc/Applications;s=DipData":{"Value":-84.432792550201498,"SourceTimestamp":"2024-04-27T19:59:12.4196017Z","ServerTimestamp":"2024-04-27T19:59:12.4196126Z"},"nsu=http://opcfoundation.org/UA/Plc/Applications;s=FastUIntScalar1":{"Value":110,"SourceTimestamp":"2024-04-27T19:59:11.5200416Z","ServerTimestamp":"2024-04-27T19:59:11.5200429Z"},"nsu=http://opcfoundation.org/UA/Plc/Applications;s=FastUIntScalar2":{"Value":110,"SourceTimestamp":"2024-04-27T19:59:11.5200456Z","ServerTimestamp":"2024-04-27T19:59:11.5200852Z"},"nsu=http://opcfoundation.org/UA/Plc/Applications;s=FastUIntScalar3":{"Value":110,"SourceTimestamp":"2024-04-27T19:59:11.5201025Z","ServerTimestamp":"2024-04-27T19:59:11.5201173Z"},"nsu=http://opcfoundation.org/UA/Plc/Applications;s=FastRandomUIntScalar1":{"Value":2269574485,"SourceTimestamp":"2024-04-27T19:59:11.5200427Z","ServerTimestamp":"2024-04-27T19:59:11.5200464Z"},"nsu=http://opcfoundation.org/UA/Plc/Applications;s=FastRandomUIntScalar2":{"Value":1231894423,"SourceTimestamp":"2024-04-27T19:59:11.5200514Z","ServerTimestamp":"2024-04-27T19:59:11.5200524Z"},"nsu=http://opcfoundation.org/UA/Plc/Applications;s=FastRandomUIntScalar3":{"Value":511333403,"SourceTimestamp":"2024-04-27T19:59:11.5200542Z","ServerTimestamp":"2024-04-27T19:59:11.520055Z"},"nsu=http://opcfoundation.org/UA/Plc/Applications;s=NegativeTrendData":{"Value":98.400000000000006,"SourceTimestamp":"2024-04-27T19:59:11.6125537Z","ServerTimestamp":"2024-04-27T19:59:11.6125547Z"},"nsu=http://opcfoundation.org/UA/Plc/Applications;s=PositiveTrendData":{"Value":102.2,"SourceTimestamp":"2024-04-27T19:59:11.6125542Z","ServerTimestamp":"2024-04-27T19:59:11.612558Z"},"nsu=http://opcfoundation.org/UA/Plc/Applications;s=SpikeData":{"Value":-84.432792550201498,"SourceTimestamp":"2024-04-27T19:59:12.4196183Z","ServerTimestamp":"2024-04-27T19:59:12.4196262Z"}}