{"nsu=http://opcfoundation.org/UA/Plc/Applications;s=StepUp":{"Value":1129,"SourceTimestamp":"2024-04-27T19:59:14.4187238Z","ServerTimestamp":"2024-04-27T19:59:14.4187402Z"},"nsu=http://opcfoundation.org/UA/Plc/Applications;s=RandomSignedInt32":{"Value":1405597072,"SourceTimestamp":"2024-04-27T19:59:14.4187201Z","ServerTimestamp":"2024-04-27T19:59:14.4187444Z"},"nsu=http://opcfoundation.org/UA/Plc/Applications;s=RandomUnsignedInt32":{"Value":2095009842,"SourceTimestamp":"2024-04-27T19:59:14.4186821Z","ServerTimestamp":"2024-04-27T19:59:14.4187106Z"},"nsu=http://opcfoundation.org/UA/Plc/Applications;s=DipData":{"Value":36.812455268467772,"SourceTimestamp":"2024-04-27T19:59:14.4186826Z","ServerTimestamp":"2024-04-27T19:59:14.4186979Z"},"nsu=http://opcfoundation.org/UA/Plc/Applications;s=FastUIntScalar1":{"Value":112,"SourceTimestamp":"2024-04-27T19:59:13.5218716Z","ServerTimestamp":"2024-04-27T19:59:13.5218747Z"},"nsu=http://opcfoundation.org/UA/Plc/Applications;s=FastUIntScalar2":{"Value":112,"SourceTimestamp":"2024-04-27T19:59:13.5218871Z","ServerTimestamp":"2024-04-27T19:59:13.5218883Z"},"nsu=http://opcfoundation.org/UA/Plc/Applications;s=FastUIntScalar3":{"Value":112,"SourceTimestamp":"2024-04-27T19:59:13.521891Z","ServerTimestamp":"2024-04-27T19:59:13.5218919Z"},"nsu=http://opcfoundation.org/UA/Plc/Applications;s=FastRandomUIntScalar1":{"Value":1814380700,"SourceTimestamp":"2024-04-27T19:59:13.5218937Z","ServerTimestamp":"2024-04-27T19:59:13.5218971Z"},"nsu=http://opcfoundation.org/UA/Plc/Applications;s=FastRandomUIntScalar2":{"Value":1245675949,"SourceTimestamp":"2024-04-27T19:59:13.5219238Z","ServerTimestamp":"2024-04-27T19:59:13.5219249Z"},"nsu=http://opcfoundation.org/UA/Plc/Applications;s=FastRandomUIntScalar3":{"Value":2491187103,"SourceTimestamp":"2024-04-27T19:59:13.5219263Z","ServerTimestamp":"2024-04-27T19:59:13.5219268Z"},"nsu=http://opcfoundation.org/UA/Plc/Applications;s=SpikeData":{"Value":36.812455268467772,"SourceTimestamp":"2024-04-27T19:59:14.4186465Z","ServerTimestamp":"2024-04-27T19:59:14.4186512Z"}}