{"nsu=http://opcfoundation.org/UA/Plc/Applications;s=StepUp":{"Value":1159,"SourceTimestamp":"2024-04-27T19:59:17.4195374Z","ServerTimestamp":"2024-04-27T19:59:17.4195421Z"},"nsu=http://opcfoundation.org/UA/Plc/Applications;s=AlternatingBoolean":{"Value":false,"SourceTimestamp":"2024-04-27T19:59:16.6174381Z","ServerTimestamp":"2024-04-27T19:59:16.6174429Z"},"nsu=http://opcfoundation.org/UA/Plc/Applications;s=RandomSignedInt32":{"Value":374487789,"SourceTimestamp":"2024-04-27T19:59:17.4195833Z","ServerTimestamp":"2024-04-27T19:59:17.4195844Z"},"nsu=http://opcfoundation.org/UA/Plc/Applications;s=RandomUnsignedInt32":{"Value":395044695,"SourceTimestamp":"2024-04-27T19:59:17.4196123Z","ServerTimestamp":"2024-04-27T19:59:17.4196251Z"},"nsu=http://opcfoundation.org/UA/Plc/Applications;s=DipData":{"Value":-84.432792550201498,"SourceTimestamp":"2024-04-27T19:59:17.4196156Z","ServerTimestamp":"2024-04-27T19:59:17.4196195Z"},"nsu=http://opcfoundation.org/UA/Plc/Applications;s=FastUIntScalar1":{"Value":115,"SourceTimestamp":"2024-04-27T19:59:16.5171711Z","ServerTimestamp":"2024-04-27T19:59:16.5171828Z"},"nsu=http://opcfoundation.org/UA/Plc/Applications;s=FastUIntScalar2":{"Value":115,"SourceTimestamp":"2024-04-27T19:59:16.5171846Z","ServerTimestamp":"2024-04-27T19:59:16.5171859Z"},"nsu=http://opcfoundation.org/UA/Plc/Applications;s=FastUIntScalar3":{"Value":115,"SourceTimestamp":"2024-04-27T19:59:16.5171866Z","ServerTimestamp":"2024-04-27T19:59:16.5171872Z"},"nsu=http://opcfoundation.org/UA/Plc/Applications;s=FastRandomUIntScalar1":{"Value":3757215841,"SourceTimestamp":"2024-04-27T19:59:16.5171715Z","ServerTimestamp":"2024-04-27T19:59:16.5171737Z"},"nsu=http://opcfoundation.org/UA/Plc/Applications;s=FastRandomUIntScalar2":{"Value":3353698739,"SourceTimestamp":"2024-04-27T19:59:16.5171828Z","ServerTimestamp":"2024-04-27T19:59:16.5171847Z"},"nsu=http://opcfoundation.org/UA/Plc/Applications;s=FastRandomUIntScalar3":{"Value":3471334008,"SourceTimestamp":"2024-04-27T19:59:16.5171859Z","ServerTimestamp":"2024-04-27T19:59:16.5171865Z"},"nsu=http://opcfoundation.org/UA/Plc/Applications;s=NegativeTrendData":{"Value":98.299999999999997,"SourceTimestamp":"2024-04-27T19:59:16.6174434Z","ServerTimestamp":"2024-04-27T19:59:16.6174639Z"},"nsu=http://opcfoundation.org/UA/Plc/Applications;s=PositiveTrendData":{"Value":102.3,"SourceTimestamp":"2024-04-27T19:59:16.6174585Z","ServerTimestamp":"2024-04-27T19:59:16.6174682Z"},"nsu=http://opcfoundation.org/UA/Plc/Applications;s=SpikeData":{"Value":-84.432792550201498,"SourceTimestamp":"2024-04-27T19:59:17.4196564Z","ServerTimestamp":"2024-04-27T19:59:17.4196596Z"}}