{"nsu=http://opcfoundation.org/UA/Plc/Applications;s=StepUp":{"Value":119,"SourceTimestamp":"2024-04-27T19:57:33.4180674Z","ServerTimestamp":"2024-04-27T19:57:33.4180723Z"},"nsu=http://opcfoundation.org/UA/Plc/Applications;s=RandomSignedInt32":{"Value":-870725405,"SourceTimestamp":"2024-04-27T19:57:33.4181202Z","ServerTimestamp":"2024-04-27T19:57:33.4181382Z"},"nsu=http://opcfoundation.org/UA/Plc/Applications;s=RandomUnsignedInt32":{"Value":1907000042,"SourceTimestamp":"2024-04-27T19:57:33.4181152Z","ServerTimestamp":"2024-04-27T19:57:33.4181526Z"},"nsu=http://opcfoundation.org/UA/Plc/Applications;s=DipData":{"Value":-77.051324277578942,"SourceTimestamp":"2024-04-27T19:57:33.4181384Z","ServerTimestamp":"2024-04-27T19:57:33.4181434Z"},"nsu=http://opcfoundation.org/UA/Plc/Applications;s=FastUIntScalar1":{"Value":11,"SourceTimestamp":"2024-04-27T19:57:32.5182267Z","ServerTimestamp":"2024-04-27T19:57:32.5182304Z"},"nsu=http://opcfoundation.org/UA/Plc/Applications;s=FastUIntScalar2":{"Value":11,"SourceTimestamp":"2024-04-27T19:57:32.5182431Z","ServerTimestamp":"2024-04-27T19:57:32.5182445Z"},"nsu=http://opcfoundation.org/UA/Plc/Applications;s=FastUIntScalar3":{"Value":11,"SourceTimestamp":"2024-04-27T19:57:32.5182466Z","ServerTimestamp":"2024-04-27T19:57:32.5182477Z"},"nsu=http://opcfoundation.org/UA/Plc/Applications;s=FastRandomUIntScalar1":{"Value":2420181665,"SourceTimestamp":"2024-04-27T19:57:32.5182797Z","ServerTimestamp":"2024-04-27T19:57:32.5182842Z"},"nsu=http://opcfoundation.org/UA/Plc/Applications;s=FastRandomUIntScalar2":{"Value":2658097010,"SourceTimestamp":"2024-04-27T19:57:32.5182984Z","ServerTimestamp":"2024-04-27T19:57:32.5182996Z"},"nsu=http://opcfoundation.org/UA/Plc/Applications;s=FastRandomUIntScalar3":{"Value":3966655582,"SourceTimestamp":"2024-04-27T19:57:32.5183069Z","ServerTimestamp":"2024-04-27T19:57:32.5183084Z"},"nsu=http://opcfoundation.org/UA/Plc/Applications;s=SpikeData":{"Value":-77.051324277578942,"SourceTimestamp":"2024-04-27T19:57:33.4181495Z","ServerTimestamp":"2024-04-27T19:57:33.4181502Z"}}