{"nsu=http://opcfoundation.org/UA/Plc/Applications;s=StepUp":{"Value":209,"SourceTimestamp":"2024-04-27T19:57:42.4169738Z","ServerTimestamp":"2024-04-27T19:57:42.416977Z"},"nsu=http://opcfoundation.org/UA/Plc/Applications;s=AlternatingBoolean":{"Value":true,"SourceTimestamp":"2024-04-27T19:57:41.6233098Z","ServerTimestamp":"2024-04-27T19:57:41.6233327Z"},"nsu=http://opcfoundation.org/UA/Plc/Applications;s=RandomSignedInt32":{"Value":1200294766,"SourceTimestamp":"2024-04-27T19:57:42.416982Z","ServerTimestamp":"2024-04-27T19:57:42.4170432Z"},"nsu=http://opcfoundation.org/UA/Plc/Applications;s=RandomUnsignedInt32":{"Value":255911156,"SourceTimestamp":"2024-04-27T19:57:42.416997Z","ServerTimestamp":"2024-04-27T19:57:42.4169991Z"},"nsu=http://opcfoundation.org/UA/Plc/Applications;s=DipData":{"Value":-84.432792550201498,"SourceTimestamp":"2024-04-27T19:57:42.4170145Z","ServerTimestamp":"2024-04-27T19:57:42.4170753Z"},"nsu=http://opcfoundation.org/UA/Plc/Applications;s=FastUIntScalar1":{"Value":20,"SourceTimestamp":"2024-04-27T19:57:41.5138929Z","ServerTimestamp":"2024-04-27T19:57:41.5138937Z"},"nsu=http://opcfoundation.org/UA/Plc/Applications;s=FastUIntScalar2":{"Value":20,"SourceTimestamp":"2024-04-27T19:57:41.513896Z","ServerTimestamp":"2024-04-27T19:57:41.5138965Z"},"nsu=http://opcfoundation.org/UA/Plc/Applications;s=FastUIntScalar3":{"Value":20,"SourceTimestamp":"2024-04-27T19:57:41.5138974Z","ServerTimestamp":"2024-04-27T19:57:41.5138979Z"},"nsu=http://opcfoundation.org/UA/Plc/Applications;s=FastRandomUIntScalar1":{"Value":2080506779,"SourceTimestamp":"2024-04-27T19:57:41.5139024Z","ServerTimestamp":"2024-04-27T19:57:41.5139035Z"},"nsu=http://opcfoundation.org/UA/Plc/Applications;s=FastRandomUIntScalar2":{"Value":2890608118,"SourceTimestamp":"2024-04-27T19:57:41.5139072Z","ServerTimestamp":"2024-04-27T19:57:41.5139077Z"},"nsu=http://opcfoundation.org/UA/Plc/Applications;s=FastRandomUIntScalar3":{"Value":1330179128,"SourceTimestamp":"2024-04-27T19:57:41.5139087Z","ServerTimestamp":"2024-04-27T19:57:41.5139092Z"},"nsu=http://opcfoundation.org/UA/Plc/Applications;s=PositiveTrendData":{"Value":100.40000000000001,"SourceTimestamp":"2024-04-27T19:57:41.6233446Z","ServerTimestamp":"2024-04-27T19:57:41.6233453Z"},"nsu=http://opcfoundation.org/UA/Plc/Applications;s=SpikeData":{"Value":-84.432792550201498,"SourceTimestamp":"2024-04-27T19:57:42.4170429Z","ServerTimestamp":"2024-04-27T19:57:42.4170475Z"}}