{"nsu=http://opcfoundation.org/UA/Plc/Applications;s=StepUp":{"Value":229,"SourceTimestamp":"2024-04-27T19:57:44.4145462Z","ServerTimestamp":"2024-04-27T19:57:44.4145513Z"},"nsu=http://opcfoundation.org/UA/Plc/Applications;s=RandomSignedInt32":{"Value":436972673,"SourceTimestamp":"2024-04-27T19:57:44.4145842Z","ServerTimestamp":"2024-04-27T19:57:44.414588Z"},"nsu=http://opcfoundation.org/UA/Plc/Applications;s=RandomUnsignedInt32":{"Value":1572854772,"SourceTimestamp":"2024-04-27T19:57:44.4146207Z","ServerTimestamp":"2024-04-27T19:57:44.4146254Z"},"nsu=http://opcfoundation.org/UA/Plc/Applications;s=DipData":{"Value":36.812455268467772,"SourceTimestamp":"2024-04-27T19:57:44.4146152Z","ServerTimestamp":"2024-04-27T19:57:44.4146188Z"},"nsu=http://opcfoundation.org/UA/Plc/Applications;s=FastUIntScalar1":{"Value":22,"SourceTimestamp":"2024-04-27T19:57:43.5135565Z","ServerTimestamp":"2024-04-27T19:57:43.5135598Z"},"nsu=http://opcfoundation.org/UA/Plc/Applications;s=FastUIntScalar2":{"Value":22,"SourceTimestamp":"2024-04-27T19:57:43.5135729Z","ServerTimestamp":"2024-04-27T19:57:43.5135779Z"},"nsu=http://opcfoundation.org/UA/Plc/Applications;s=FastUIntScalar3":{"Value":22,"SourceTimestamp":"2024-04-27T19:57:43.5135804Z","ServerTimestamp":"2024-04-27T19:57:43.5135827Z"},"nsu=http://opcfoundation.org/UA/Plc/Applications;s=FastRandomUIntScalar1":{"Value":1320388491,"SourceTimestamp":"2024-04-27T19:57:43.5135564Z","ServerTimestamp":"2024-04-27T19:57:43.5135731Z"},"nsu=http://opcfoundation.org/UA/Plc/Applications;s=FastRandomUIntScalar2":{"Value":1225492847,"SourceTimestamp":"2024-04-27T19:57:43.5135783Z","ServerTimestamp":"2024-04-27T19:57:43.5135803Z"},"nsu=http://opcfoundation.org/UA/Plc/Applications;s=FastRandomUIntScalar3":{"Value":1608801021,"SourceTimestamp":"2024-04-27T19:57:43.5135824Z","ServerTimestamp":"2024-04-27T19:57:43.5135851Z"},"nsu=http://opcfoundation.org/UA/Plc/Applications;s=SpikeData":{"Value":36.812455268467772,"SourceTimestamp":"2024-04-27T19:57:44.4146301Z","ServerTimestamp":"2024-04-27T19:57:44.4146359Z"}}