{"nsu=http://opcfoundation.org/UA/Plc/Applications;s=StepUp":{"Value":239,"SourceTimestamp":"2024-04-27T19:57:45.4195923Z","ServerTimestamp":"2024-04-27T19:57:45.4195962Z"},"nsu=http://opcfoundation.org/UA/Plc/Applications;s=RandomSignedInt32":{"Value":-704982731,"SourceTimestamp":"2024-04-27T19:57:45.4196104Z","ServerTimestamp":"2024-04-27T19:57:45.4196123Z"},"nsu=http://opcfoundation.org/UA/Plc/Applications;s=RandomUnsignedInt32":{"Value":1718678644,"SourceTimestamp":"2024-04-27T19:57:45.4196371Z","ServerTimestamp":"2024-04-27T19:57:45.4196386Z"},"nsu=http://opcfoundation.org/UA/Plc/Applications;s=DipData":{"Value":99.80267284282715,"SourceTimestamp":"2024-04-27T19:57:45.326259Z","ServerTimestamp":"2024-04-27T19:57:45.3262601Z"},"nsu=http://opcfoundation.org/UA/Plc/Applications;s=FastUIntScalar1":{"Value":23,"SourceTimestamp":"2024-04-27T19:57:44.5233488Z","ServerTimestamp":"2024-04-27T19:57:44.5233519Z"},"nsu=http://opcfoundation.org/UA/Plc/Applications;s=FastUIntScalar2":{"Value":23,"SourceTimestamp":"2024-04-27T19:57:44.5233679Z","ServerTimestamp":"2024-04-27T19:57:44.5234085Z"},"nsu=http://opcfoundation.org/UA/Plc/Applications;s=FastUIntScalar3":{"Value":23,"SourceTimestamp":"2024-04-27T19:57:44.5234206Z","ServerTimestamp":"2024-04-27T19:57:44.5234216Z"},"nsu=http://opcfoundation.org/UA/Plc/Applications;s=FastRandomUIntScalar1":{"Value":1231669161,"SourceTimestamp":"2024-04-27T19:57:44.5233542Z","ServerTimestamp":"2024-04-27T19:57:44.5233727Z"},"nsu=http://opcfoundation.org/UA/Plc/Applications;s=FastRandomUIntScalar2":{"Value":1319092199,"SourceTimestamp":"2024-04-27T19:57:44.5233777Z","ServerTimestamp":"2024-04-27T19:57:44.5233803Z"},"nsu=http://opcfoundation.org/UA/Plc/Applications;s=FastRandomUIntScalar3":{"Value":3821600162,"SourceTimestamp":"2024-04-27T19:57:44.5233885Z","ServerTimestamp":"2024-04-27T19:57:44.523394Z"},"nsu=http://opcfoundation.org/UA/Plc/Applications;s=SpikeData":{"Value":99.80267284282715,"SourceTimestamp":"2024-04-27T19:57:45.3262666Z","ServerTimestamp":"2024-04-27T19:57:45.3262675Z"}}