{"nsu=http://opcfoundation.org/UA/Plc/Applications;s=StepUp":{"Value":249,"SourceTimestamp":"2024-04-27T19:57:46.425625Z","ServerTimestamp":"2024-04-27T19:57:46.4256292Z"},"nsu=http://opcfoundation.org/UA/Plc/Applications;s=RandomSignedInt32":{"Value":1819427285,"SourceTimestamp":"2024-04-27T19:57:46.4256807Z","ServerTimestamp":"2024-04-27T19:57:46.4256863Z"},"nsu=http://opcfoundation.org/UA/Plc/Applications;s=RandomUnsignedInt32":{"Value":892443485,"SourceTimestamp":"2024-04-27T19:57:46.4256642Z","ServerTimestamp":"2024-04-27T19:57:46.4256653Z"},"nsu=http://opcfoundation.org/UA/Plc/Applications;s=DipData":{"Value":24.868988716485479,"SourceTimestamp":"2024-04-27T19:57:46.425682Z","ServerTimestamp":"2024-04-27T19:57:46.4256829Z"},"nsu=http://opcfoundation.org/UA/Plc/Applications;s=FastUIntScalar1":{"Value":24,"SourceTimestamp":"2024-04-27T19:57:45.5262724Z","ServerTimestamp":"2024-04-27T19:57:45.5262752Z"},"nsu=http://opcfoundation.org/UA/Plc/Applications;s=FastUIntScalar2":{"Value":24,"SourceTimestamp":"2024-04-27T19:57:45.5262874Z","ServerTimestamp":"2024-04-27T19:57:45.5262882Z"},"nsu=http://opcfoundation.org/UA/Plc/Applications;s=FastUIntScalar3":{"Value":24,"SourceTimestamp":"2024-04-27T19:57:45.5262899Z","ServerTimestamp":"2024-04-27T19:57:45.5262908Z"},"nsu=http://opcfoundation.org/UA/Plc/Applications;s=FastRandomUIntScalar1":{"Value":3541361940,"SourceTimestamp":"2024-04-27T19:57:45.5263102Z","ServerTimestamp":"2024-04-27T19:57:45.526313Z"},"nsu=http://opcfoundation.org/UA/Plc/Applications;s=FastRandomUIntScalar2":{"Value":36903746,"SourceTimestamp":"2024-04-27T19:57:45.5263244Z","ServerTimestamp":"2024-04-27T19:57:45.5263252Z"},"nsu=http://opcfoundation.org/UA/Plc/Applications;s=FastRandomUIntScalar3":{"Value":2425827509,"SourceTimestamp":"2024-04-27T19:57:45.5263266Z","ServerTimestamp":"2024-04-27T19:57:45.5263274Z"},"nsu=http://opcfoundation.org/UA/Plc/Applications;s=SpikeData":{"Value":24.868988716485479,"SourceTimestamp":"2024-04-27T19:57:46.4257071Z","ServerTimestamp":"2024-04-27T19:57:46.4257086Z"}}