{"nsu=http://opcfoundation.org/UA/Plc/Applications;s=StepUp":{"Value":269,"SourceTimestamp":"2024-04-27T19:57:48.4151614Z","ServerTimestamp":"2024-04-27T19:57:48.4151643Z"},"nsu=http://opcfoundation.org/UA/Plc/Applications;s=RandomSignedInt32":{"Value":-1357380047,"SourceTimestamp":"2024-04-27T19:57:48.4151785Z","ServerTimestamp":"2024-04-27T19:57:48.415183Z"},"nsu=http://opcfoundation.org/UA/Plc/Applications;s=RandomUnsignedInt32":{"Value":967029932,"SourceTimestamp":"2024-04-27T19:57:48.4151922Z","ServerTimestamp":"2024-04-27T19:57:48.4151933Z"},"nsu=http://opcfoundation.org/UA/Plc/Applications;s=DipData":{"Value":-77.051324277578942,"SourceTimestamp":"2024-04-27T19:57:48.4152161Z","ServerTimestamp":"2024-04-27T19:57:48.4152175Z"},"nsu=http://opcfoundation.org/UA/Plc/Applications;s=FastUIntScalar1":{"Value":26,"SourceTimestamp":"2024-04-27T19:57:47.5183574Z","ServerTimestamp":"2024-04-27T19:57:47.5183596Z"},"nsu=http://opcfoundation.org/UA/Plc/Applications;s=FastUIntScalar2":{"Value":26,"SourceTimestamp":"2024-04-27T19:57:47.5183715Z","ServerTimestamp":"2024-04-27T19:57:47.5183723Z"},"nsu=http://opcfoundation.org/UA/Plc/Applications;s=FastUIntScalar3":{"Value":26,"SourceTimestamp":"2024-04-27T19:57:47.5183736Z","ServerTimestamp":"2024-04-27T19:57:47.5183803Z"},"nsu=http://opcfoundation.org/UA/Plc/Applications;s=FastRandomUIntScalar1":{"Value":2610317522,"SourceTimestamp":"2024-04-27T19:57:47.5183598Z","ServerTimestamp":"2024-04-27T19:57:47.518374Z"},"nsu=http://opcfoundation.org/UA/Plc/Applications;s=FastRandomUIntScalar2":{"Value":1002816489,"SourceTimestamp":"2024-04-27T19:57:47.5183807Z","ServerTimestamp":"2024-04-27T19:57:47.5183816Z"},"nsu=http://opcfoundation.org/UA/Plc/Applications;s=FastRandomUIntScalar3":{"Value":3401025193,"SourceTimestamp":"2024-04-27T19:57:47.5183838Z","ServerTimestamp":"2024-04-27T19:57:47.5183848Z"},"nsu=http://opcfoundation.org/UA/Plc/Applications;s=SpikeData":{"Value":-77.051324277578942,"SourceTimestamp":"2024-04-27T19:57:48.4152121Z","ServerTimestamp":"2024-04-27T19:57:48.4152159Z"}}