{"nsu=http://opcfoundation.org/UA/Plc/Applications;s=StepUp":{"Value":28,"SourceTimestamp":"2024-04-27T19:57:24.3252955Z","ServerTimestamp":"2024-04-27T19:57:24.3252995Z"},"nsu=http://opcfoundation.org/UA/Plc/Applications;s=RandomSignedInt32":{"Value":1178218529,"SourceTimestamp":"2024-04-27T19:57:24.3253179Z","ServerTimestamp":"2024-04-27T19:57:24.3253189Z"},"nsu=http://opcfoundation.org/UA/Plc/Applications;s=RandomUnsignedInt32":{"Value":623959294,"SourceTimestamp":"2024-04-27T19:57:24.3253247Z","ServerTimestamp":"2024-04-27T19:57:24.3253257Z"},"nsu=http://opcfoundation.org/UA/Plc/Applications;s=DipData":{"Value":24.868988716485482,"SourceTimestamp":"2024-04-27T19:57:24.3253588Z","ServerTimestamp":"2024-04-27T19:57:24.3253619Z"},"nsu=http://opcfoundation.org/UA/Plc/Applications;s=FastUIntScalar1":{"Value":2,"SourceTimestamp":"2024-04-27T19:57:23.5171348Z","ServerTimestamp":"2024-04-27T19:57:23.5171437Z"},"nsu=http://opcfoundation.org/UA/Plc/Applications;s=FastUIntScalar2":{"Value":2,"SourceTimestamp":"2024-04-27T19:57:23.51715Z","ServerTimestamp":"2024-04-27T19:57:23.517151Z"},"nsu=http://opcfoundation.org/UA/Plc/Applications;s=FastUIntScalar3":{"Value":2,"SourceTimestamp":"2024-04-27T19:57:23.517152Z","ServerTimestamp":"2024-04-27T19:57:23.517156Z"},"nsu=http://opcfoundation.org/UA/Plc/Applications;s=FastRandomUIntScalar1":{"Value":3859488295,"SourceTimestamp":"2024-04-27T19:57:23.51713Z","ServerTimestamp":"2024-04-27T19:57:23.5171322Z"},"nsu=http://opcfoundation.org/UA/Plc/Applications;s=FastRandomUIntScalar2":{"Value":3997390923,"SourceTimestamp":"2024-04-27T19:57:23.5171432Z","ServerTimestamp":"2024-04-27T19:57:23.5171498Z"},"nsu=http://opcfoundation.org/UA/Plc/Applications;s=FastRandomUIntScalar3":{"Value":1224225595,"SourceTimestamp":"2024-04-27T19:57:23.5171511Z","ServerTimestamp":"2024-04-27T19:57:23.5171521Z"},"nsu=http://opcfoundation.org/UA/Plc/Applications;s=SpikeData":{"Value":24.868988716485482,"SourceTimestamp":"2024-04-27T19:57:24.3253677Z","ServerTimestamp":"2024-04-27T19:57:24.3253928Z"}}