{"nsu=http://opcfoundation.org/UA/Plc/Applications;s=StepUp":{"Value":299,"SourceTimestamp":"2024-04-27T19:57:51.415265Z","ServerTimestamp":"2024-04-27T19:57:51.4152686Z"},"nsu=http://opcfoundation.org/UA/Plc/Applications;s=RandomSignedInt32":{"Value":-1296822634,"SourceTimestamp":"2024-04-27T19:57:51.4153134Z","ServerTimestamp":"2024-04-27T19:57:51.4153154Z"},"nsu=http://opcfoundation.org/UA/Plc/Applications;s=RandomUnsignedInt32":{"Value":2096008060,"SourceTimestamp":"2024-04-27T19:57:51.4153067Z","ServerTimestamp":"2024-04-27T19:57:51.4153081Z"},"nsu=http://opcfoundation.org/UA/Plc/Applications;s=DipData":{"Value":24.868988716485479,"SourceTimestamp":"2024-04-27T19:57:51.4153228Z","ServerTimestamp":"2024-04-27T19:57:51.4153252Z"},"nsu=http://opcfoundation.org/UA/Plc/Applications;s=FastUIntScalar1":{"Value":29,"SourceTimestamp":"2024-04-27T19:57:50.5173345Z","ServerTimestamp":"2024-04-27T19:57:50.5173375Z"},"nsu=http://opcfoundation.org/UA/Plc/Applications;s=FastUIntScalar2":{"Value":29,"SourceTimestamp":"2024-04-27T19:57:50.5173443Z","ServerTimestamp":"2024-04-27T19:57:50.5173494Z"},"nsu=http://opcfoundation.org/UA/Plc/Applications;s=FastUIntScalar3":{"Value":29,"SourceTimestamp":"2024-04-27T19:57:50.5173524Z","ServerTimestamp":"2024-04-27T19:57:50.5173551Z"},"nsu=http://opcfoundation.org/UA/Plc/Applications;s=FastRandomUIntScalar1":{"Value":569344654,"SourceTimestamp":"2024-04-27T19:57:50.5173256Z","ServerTimestamp":"2024-04-27T19:57:50.5173275Z"},"nsu=http://opcfoundation.org/UA/Plc/Applications;s=FastRandomUIntScalar2":{"Value":166391674,"SourceTimestamp":"2024-04-27T19:57:50.5173373Z","ServerTimestamp":"2024-04-27T19:57:50.5174124Z"},"nsu=http://opcfoundation.org/UA/Plc/Applications;s=FastRandomUIntScalar3":{"Value":2455988762,"SourceTimestamp":"2024-04-27T19:57:50.5174167Z","ServerTimestamp":"2024-04-27T19:57:50.5174177Z"},"nsu=http://opcfoundation.org/UA/Plc/Applications;s=SpikeData":{"Value":24.868988716485479,"SourceTimestamp":"2024-04-27T19:57:51.4153331Z","ServerTimestamp":"2024-04-27T19:57:51.4153345Z"}}