{"nsu=http://opcfoundation.org/UA/Plc/Applications;s=StepUp":{"Value":339,"SourceTimestamp":"2024-04-27T19:57:55.4199106Z","ServerTimestamp":"2024-04-27T19:57:55.419926Z"},"nsu=http://opcfoundation.org/UA/Plc/Applications;s=RandomSignedInt32":{"Value":-1522128826,"SourceTimestamp":"2024-04-27T19:57:55.4199449Z","ServerTimestamp":"2024-04-27T19:57:55.4199503Z"},"nsu=http://opcfoundation.org/UA/Plc/Applications;s=RandomUnsignedInt32":{"Value":1306998437,"SourceTimestamp":"2024-04-27T19:57:55.4199106Z","ServerTimestamp":"2024-04-27T19:57:55.4199137Z"},"nsu=http://opcfoundation.org/UA/Plc/Applications;s=DipData":{"Value":99.80267284282715,"SourceTimestamp":"2024-04-27T19:57:55.3129045Z","ServerTimestamp":"2024-04-27T19:57:55.3129229Z"},"nsu=http://opcfoundation.org/UA/Plc/Applications;s=FastUIntScalar1":{"Value":33,"SourceTimestamp":"2024-04-27T19:57:54.5218832Z","ServerTimestamp":"2024-04-27T19:57:54.5218853Z"},"nsu=http://opcfoundation.org/UA/Plc/Applications;s=FastUIntScalar2":{"Value":33,"SourceTimestamp":"2024-04-27T19:57:54.5218943Z","ServerTimestamp":"2024-04-27T19:57:54.5219013Z"},"nsu=http://opcfoundation.org/UA/Plc/Applications;s=FastUIntScalar3":{"Value":33,"SourceTimestamp":"2024-04-27T19:57:54.5219027Z","ServerTimestamp":"2024-04-27T19:57:54.5219042Z"},"nsu=http://opcfoundation.org/UA/Plc/Applications;s=FastRandomUIntScalar1":{"Value":966285164,"SourceTimestamp":"2024-04-27T19:57:54.5218867Z","ServerTimestamp":"2024-04-27T19:57:54.5218949Z"},"nsu=http://opcfoundation.org/UA/Plc/Applications;s=FastRandomUIntScalar2":{"Value":3499074664,"SourceTimestamp":"2024-04-27T19:57:54.5219013Z","ServerTimestamp":"2024-04-27T19:57:54.5219027Z"},"nsu=http://opcfoundation.org/UA/Plc/Applications;s=FastRandomUIntScalar3":{"Value":477900427,"SourceTimestamp":"2024-04-27T19:57:54.5219039Z","ServerTimestamp":"2024-04-27T19:57:54.5219055Z"},"nsu=http://opcfoundation.org/UA/Plc/Applications;s=SpikeData":{"Value":99.80267284282715,"SourceTimestamp":"2024-04-27T19:57:55.3128474Z","ServerTimestamp":"2024-04-27T19:57:55.3128511Z"}}