{"nsu=http://opcfoundation.org/UA/Plc/Applications;s=StepUp":{"Value":369,"SourceTimestamp":"2024-04-27T19:57:58.4173747Z","ServerTimestamp":"2024-04-27T19:57:58.4173775Z"},"nsu=http://opcfoundation.org/UA/Plc/Applications;s=RandomSignedInt32":{"Value":-1398057044,"SourceTimestamp":"2024-04-27T19:57:58.4173901Z","ServerTimestamp":"2024-04-27T19:57:58.4174291Z"},"nsu=http://opcfoundation.org/UA/Plc/Applications;s=RandomUnsignedInt32":{"Value":1999224721,"SourceTimestamp":"2024-04-27T19:57:58.4174106Z","ServerTimestamp":"2024-04-27T19:57:58.417412Z"},"nsu=http://opcfoundation.org/UA/Plc/Applications;s=DipData":{"Value":-77.051324277578942,"SourceTimestamp":"2024-04-27T19:57:58.4174272Z","ServerTimestamp":"2024-04-27T19:57:58.4174432Z"},"nsu=http://opcfoundation.org/UA/Plc/Applications;s=FastUIntScalar1":{"Value":36,"SourceTimestamp":"2024-04-27T19:57:57.5227473Z","ServerTimestamp":"2024-04-27T19:57:57.52275Z"},"nsu=http://opcfoundation.org/UA/Plc/Applications;s=FastUIntScalar2":{"Value":36,"SourceTimestamp":"2024-04-27T19:57:57.5227613Z","ServerTimestamp":"2024-04-27T19:57:57.5227683Z"},"nsu=http://opcfoundation.org/UA/Plc/Applications;s=FastUIntScalar3":{"Value":36,"SourceTimestamp":"2024-04-27T19:57:57.5227696Z","ServerTimestamp":"2024-04-27T19:57:57.5227708Z"},"nsu=http://opcfoundation.org/UA/Plc/Applications;s=FastRandomUIntScalar1":{"Value":2085547487,"SourceTimestamp":"2024-04-27T19:57:57.5227497Z","ServerTimestamp":"2024-04-27T19:57:57.5227617Z"},"nsu=http://opcfoundation.org/UA/Plc/Applications;s=FastRandomUIntScalar2":{"Value":2852495311,"SourceTimestamp":"2024-04-27T19:57:57.5227684Z","ServerTimestamp":"2024-04-27T19:57:57.5227695Z"},"nsu=http://opcfoundation.org/UA/Plc/Applications;s=FastRandomUIntScalar3":{"Value":190221902,"SourceTimestamp":"2024-04-27T19:57:57.5227706Z","ServerTimestamp":"2024-04-27T19:57:57.522772Z"},"nsu=http://opcfoundation.org/UA/Plc/Applications;s=SpikeData":{"Value":-77.051324277578942,"SourceTimestamp":"2024-04-27T19:57:58.4174327Z","ServerTimestamp":"2024-04-27T19:57:58.4174377Z"}}