{"nsu=http://opcfoundation.org/UA/Plc/Applications;s=StepUp":{"Value":419,"SourceTimestamp":"2024-04-27T19:58:03.4153461Z","ServerTimestamp":"2024-04-27T19:58:03.4153494Z"},"nsu=http://opcfoundation.org/UA/Plc/Applications;s=RandomSignedInt32":{"Value":-1117774911,"SourceTimestamp":"2024-04-27T19:58:03.415352Z","ServerTimestamp":"2024-04-27T19:58:03.4153611Z"},"nsu=http://opcfoundation.org/UA/Plc/Applications;s=RandomUnsignedInt32":{"Value":157560191,"SourceTimestamp":"2024-04-27T19:58:03.4153668Z","ServerTimestamp":"2024-04-27T19:58:03.4153683Z"},"nsu=http://opcfoundation.org/UA/Plc/Applications;s=DipData":{"Value":-77.051324277578942,"SourceTimestamp":"2024-04-27T19:58:03.4153873Z","ServerTimestamp":"2024-04-27T19:58:03.4153889Z"},"nsu=http://opcfoundation.org/UA/Plc/Applications;s=FastUIntScalar1":{"Value":41,"SourceTimestamp":"2024-04-27T19:58:02.5261563Z","ServerTimestamp":"2024-04-27T19:58:02.5261583Z"},"nsu=http://opcfoundation.org/UA/Plc/Applications;s=FastUIntScalar2":{"Value":41,"SourceTimestamp":"2024-04-27T19:58:02.5261707Z","ServerTimestamp":"2024-04-27T19:58:02.5261805Z"},"nsu=http://opcfoundation.org/UA/Plc/Applications;s=FastUIntScalar3":{"Value":41,"SourceTimestamp":"2024-04-27T19:58:02.5261821Z","ServerTimestamp":"2024-04-27T19:58:02.5261852Z"},"nsu=http://opcfoundation.org/UA/Plc/Applications;s=FastRandomUIntScalar1":{"Value":1826624913,"SourceTimestamp":"2024-04-27T19:58:02.5261566Z","ServerTimestamp":"2024-04-27T19:58:02.5261709Z"},"nsu=http://opcfoundation.org/UA/Plc/Applications;s=FastRandomUIntScalar2":{"Value":3572818263,"SourceTimestamp":"2024-04-27T19:58:02.526173Z","ServerTimestamp":"2024-04-27T19:58:02.5261735Z"},"nsu=http://opcfoundation.org/UA/Plc/Applications;s=FastRandomUIntScalar3":{"Value":1727387348,"SourceTimestamp":"2024-04-27T19:58:02.5261744Z","ServerTimestamp":"2024-04-27T19:58:02.5261747Z"},"nsu=http://opcfoundation.org/UA/Plc/Applications;s=SpikeData":{"Value":-77.051324277578942,"SourceTimestamp":"2024-04-27T19:58:03.4153863Z","ServerTimestamp":"2024-04-27T19:58:03.4153927Z"}}