{"nsu=http://opcfoundation.org/UA/Plc/Applications;s=StepUp":{"Value":459,"SourceTimestamp":"2024-04-27T19:58:07.4151247Z","ServerTimestamp":"2024-04-27T19:58:07.4151441Z"},"nsu=http://opcfoundation.org/UA/Plc/Applications;s=AlternatingBoolean":{"Value":false,"SourceTimestamp":"2024-04-27T19:58:06.6218147Z","ServerTimestamp":"2024-04-27T19:58:06.6218218Z"},"nsu=http://opcfoundation.org/UA/Plc/Applications;s=RandomSignedInt32":{"Value":-1753010085,"SourceTimestamp":"2024-04-27T19:58:07.4151443Z","ServerTimestamp":"2024-04-27T19:58:07.4151514Z"},"nsu=http://opcfoundation.org/UA/Plc/Applications;s=RandomUnsignedInt32":{"Value":480402616,"SourceTimestamp":"2024-04-27T19:58:07.4151542Z","ServerTimestamp":"2024-04-27T19:58:07.4151569Z"},"nsu=http://opcfoundation.org/UA/Plc/Applications;s=DipData":{"Value":-84.432792550201498,"SourceTimestamp":"2024-04-27T19:58:07.4151671Z","ServerTimestamp":"2024-04-27T19:58:07.4151691Z"},"nsu=http://opcfoundation.org/UA/Plc/Applications;s=FastUIntScalar1":{"Value":45,"SourceTimestamp":"2024-04-27T19:58:06.514015Z","ServerTimestamp":"2024-04-27T19:58:06.5140244Z"},"nsu=http://opcfoundation.org/UA/Plc/Applications;s=FastUIntScalar2":{"Value":45,"SourceTimestamp":"2024-04-27T19:58:06.5140301Z","ServerTimestamp":"2024-04-27T19:58:06.5140312Z"},"nsu=http://opcfoundation.org/UA/Plc/Applications;s=FastUIntScalar3":{"Value":45,"SourceTimestamp":"2024-04-27T19:58:06.514033Z","ServerTimestamp":"2024-04-27T19:58:06.5140599Z"},"nsu=http://opcfoundation.org/UA/Plc/Applications;s=FastRandomUIntScalar1":{"Value":1422356935,"SourceTimestamp":"2024-04-27T19:58:06.5140133Z","ServerTimestamp":"2024-04-27T19:58:06.5140156Z"},"nsu=http://opcfoundation.org/UA/Plc/Applications;s=FastRandomUIntScalar2":{"Value":1783267235,"SourceTimestamp":"2024-04-27T19:58:06.5140241Z","ServerTimestamp":"2024-04-27T19:58:06.51403Z"},"nsu=http://opcfoundation.org/UA/Plc/Applications;s=FastRandomUIntScalar3":{"Value":3425373163,"SourceTimestamp":"2024-04-27T19:58:06.5140312Z","ServerTimestamp":"2024-04-27T19:58:06.5140332Z"},"nsu=http://opcfoundation.org/UA/Plc/Applications;s=NegativeTrendData":{"Value":99.700000000000003,"SourceTimestamp":"2024-04-27T19:58:06.6218322Z","ServerTimestamp":"2024-04-27T19:58:06.6218417Z"},"nsu=http://opcfoundation.org/UA/Plc/Applications;s=PositiveTrendData":{"Value":100.90000000000001,"SourceTimestamp":"2024-04-27T19:58:06.6218328Z","ServerTimestamp":"2024-04-27T19:58:06.6218359Z"},"nsu=http://opcfoundation.org/UA/Plc/Applications;s=SpikeData":{"Value":-84.432792550201498,"SourceTimestamp":"2024-04-27T19:58:07.4151692Z","ServerTimestamp":"2024-04-27T19:58:07.4151727Z"}}