{"nsu=http://opcfoundation.org/UA/Plc/Applications;s=StepUp":{"Value":59,"SourceTimestamp":"2024-04-27T19:57:27.4166118Z","ServerTimestamp":"2024-04-27T19:57:27.4166166Z"},"nsu=http://opcfoundation.org/UA/Plc/Applications;s=AlternatingBoolean":{"Value":false,"SourceTimestamp":"2024-04-27T19:57:26.6262858Z","ServerTimestamp":"2024-04-27T19:57:26.6262984Z"},"nsu=http://opcfoundation.org/UA/Plc/Applications;s=RandomSignedInt32":{"Value":-18678290,"SourceTimestamp":"2024-04-27T19:57:27.4166592Z","ServerTimestamp":"2024-04-27T19:57:27.4166792Z"},"nsu=http://opcfoundation.org/UA/Plc/Applications;s=RandomUnsignedInt32":{"Value":2052332784,"SourceTimestamp":"2024-04-27T19:57:27.4166519Z","ServerTimestamp":"2024-04-27T19:57:27.4166531Z"},"nsu=http://opcfoundation.org/UA/Plc/Applications;s=DipData":{"Value":-84.432792550201498,"SourceTimestamp":"2024-04-27T19:57:27.4166703Z","ServerTimestamp":"2024-04-27T19:57:27.4166886Z"},"nsu=http://opcfoundation.org/UA/Plc/Applications;s=FastUIntScalar1":{"Value":5,"SourceTimestamp":"2024-04-27T19:57:26.518219Z","ServerTimestamp":"2024-04-27T19:57:26.5182209Z"},"nsu=http://opcfoundation.org/UA/Plc/Applications;s=FastUIntScalar2":{"Value":5,"SourceTimestamp":"2024-04-27T19:57:26.5182308Z","ServerTimestamp":"2024-04-27T19:57:26.5182314Z"},"nsu=http://opcfoundation.org/UA/Plc/Applications;s=FastUIntScalar3":{"Value":5,"SourceTimestamp":"2024-04-27T19:57:26.5182329Z","ServerTimestamp":"2024-04-27T19:57:26.5182338Z"},"nsu=http://opcfoundation.org/UA/Plc/Applications;s=FastRandomUIntScalar1":{"Value":3454416654,"SourceTimestamp":"2024-04-27T19:57:26.5182367Z","ServerTimestamp":"2024-04-27T19:57:26.5182389Z"},"nsu=http://opcfoundation.org/UA/Plc/Applications;s=FastRandomUIntScalar2":{"Value":223671206,"SourceTimestamp":"2024-04-27T19:57:26.5182639Z","ServerTimestamp":"2024-04-27T19:57:26.518267Z"},"nsu=http://opcfoundation.org/UA/Plc/Applications;s=FastRandomUIntScalar3":{"Value":519605877,"SourceTimestamp":"2024-04-27T19:57:26.5182706Z","ServerTimestamp":"2024-04-27T19:57:26.5182779Z"},"nsu=http://opcfoundation.org/UA/Plc/Applications;s=PositiveTrendData":{"Value":100.09999999999999,"SourceTimestamp":"2024-04-27T19:57:26.6263161Z","ServerTimestamp":"2024-04-27T19:57:26.6263176Z"},"nsu=http://opcfoundation.org/UA/Plc/Applications;s=SpikeData":{"Value":-84.432792550201498,"SourceTimestamp":"2024-04-27T19:57:27.4167001Z","ServerTimestamp":"2024-04-27T19:57:27.4167017Z"}}