{"nsu=http://opcfoundation.org/UA/Plc/Applications;s=StepUp":{"Value":618,"SourceTimestamp":"2024-04-27T19:58:23.3201771Z","ServerTimestamp":"2024-04-27T19:58:23.3201803Z"},"nsu=http://opcfoundation.org/UA/Plc/Applications;s=RandomSignedInt32":{"Value":1764473615,"SourceTimestamp":"2024-04-27T19:58:23.3201958Z","ServerTimestamp":"2024-04-27T19:58:23.3201986Z"},"nsu=http://opcfoundation.org/UA/Plc/Applications;s=RandomUnsignedInt32":{"Value":141332673,"SourceTimestamp":"2024-04-27T19:58:23.3202084Z","ServerTimestamp":"2024-04-27T19:58:23.32021Z"},"nsu=http://opcfoundation.org/UA/Plc/Applications;s=DipData":{"Value":-84.432792550201526,"SourceTimestamp":"2024-04-27T19:58:23.3202443Z","ServerTimestamp":"2024-04-27T19:58:23.3202469Z"},"nsu=http://opcfoundation.org/UA/Plc/Applications;s=FastUIntScalar1":{"Value":61,"SourceTimestamp":"2024-04-27T19:58:22.5161247Z","ServerTimestamp":"2024-04-27T19:58:22.516127Z"},"nsu=http://opcfoundation.org/UA/Plc/Applications;s=FastUIntScalar2":{"Value":61,"SourceTimestamp":"2024-04-27T19:58:22.5161447Z","ServerTimestamp":"2024-04-27T19:58:22.5161563Z"},"nsu=http://opcfoundation.org/UA/Plc/Applications;s=FastUIntScalar3":{"Value":61,"SourceTimestamp":"2024-04-27T19:58:22.5161587Z","ServerTimestamp":"2024-04-27T19:58:22.5161689Z"},"nsu=http://opcfoundation.org/UA/Plc/Applications;s=FastRandomUIntScalar1":{"Value":2259002536,"SourceTimestamp":"2024-04-27T19:58:22.5161373Z","ServerTimestamp":"2024-04-27T19:58:22.5161447Z"},"nsu=http://opcfoundation.org/UA/Plc/Applications;s=FastRandomUIntScalar2":{"Value":3947094330,"SourceTimestamp":"2024-04-27T19:58:22.5161507Z","ServerTimestamp":"2024-04-27T19:58:22.5161514Z"},"nsu=http://opcfoundation.org/UA/Plc/Applications;s=FastRandomUIntScalar3":{"Value":1091666467,"SourceTimestamp":"2024-04-27T19:58:22.5161561Z","ServerTimestamp":"2024-04-27T19:58:22.5161581Z"},"nsu=http://opcfoundation.org/UA/Plc/Applications;s=SpikeData":{"Value":-84.432792550201526,"SourceTimestamp":"2024-04-27T19:58:23.3202267Z","ServerTimestamp":"2024-04-27T19:58:23.3202274Z"}}