{"nsu=http://opcfoundation.org/UA/Plc/Applications;s=StepUp":{"Value":688,"SourceTimestamp":"2024-04-27T19:58:30.3134591Z","ServerTimestamp":"2024-04-27T19:58:30.3134741Z"},"nsu=http://opcfoundation.org/UA/Plc/Applications;s=RandomSignedInt32":{"Value":-1367332014,"SourceTimestamp":"2024-04-27T19:58:30.3134758Z","ServerTimestamp":"2024-04-27T19:58:30.3134791Z"},"nsu=http://opcfoundation.org/UA/Plc/Applications;s=RandomUnsignedInt32":{"Value":1113630646,"SourceTimestamp":"2024-04-27T19:58:30.3134853Z","ServerTimestamp":"2024-04-27T19:58:30.3134863Z"},"nsu=http://opcfoundation.org/UA/Plc/Applications;s=DipData":{"Value":99.80267284282715,"SourceTimestamp":"2024-04-27T19:58:30.313489Z","ServerTimestamp":"2024-04-27T19:58:30.3134897Z"},"nsu=http://opcfoundation.org/UA/Plc/Applications;s=FastUIntScalar1":{"Value":68,"SourceTimestamp":"2024-04-27T19:58:29.5174871Z","ServerTimestamp":"2024-04-27T19:58:29.5174898Z"},"nsu=http://opcfoundation.org/UA/Plc/Applications;s=FastUIntScalar2":{"Value":68,"SourceTimestamp":"2024-04-27T19:58:29.5175006Z","ServerTimestamp":"2024-04-27T19:58:29.5175077Z"},"nsu=http://opcfoundation.org/UA/Plc/Applications;s=FastUIntScalar3":{"Value":68,"SourceTimestamp":"2024-04-27T19:58:29.5175181Z","ServerTimestamp":"2024-04-27T19:58:29.5175191Z"},"nsu=http://opcfoundation.org/UA/Plc/Applications;s=FastRandomUIntScalar1":{"Value":525287757,"SourceTimestamp":"2024-04-27T19:58:29.5174945Z","ServerTimestamp":"2024-04-27T19:58:29.5175007Z"},"nsu=http://opcfoundation.org/UA/Plc/Applications;s=FastRandomUIntScalar2":{"Value":604737790,"SourceTimestamp":"2024-04-27T19:58:29.517508Z","ServerTimestamp":"2024-04-27T19:58:29.5175179Z"},"nsu=http://opcfoundation.org/UA/Plc/Applications;s=FastRandomUIntScalar3":{"Value":187544104,"SourceTimestamp":"2024-04-27T19:58:29.5175191Z","ServerTimestamp":"2024-04-27T19:58:29.5175223Z"},"nsu=http://opcfoundation.org/UA/Plc/Applications;s=SpikeData":{"Value":99.80267284282715,"SourceTimestamp":"2024-04-27T19:58:30.3134937Z","ServerTimestamp":"2024-04-27T19:58:30.3134944Z"}}