{"nsu=http://opcfoundation.org/UA/Plc/Applications;s=StepUp":{"Value":719,"SourceTimestamp":"2024-04-27T19:58:33.4215969Z","ServerTimestamp":"2024-04-27T19:58:33.4216072Z"},"nsu=http://opcfoundation.org/UA/Plc/Applications;s=RandomSignedInt32":{"Value":-2039651731,"SourceTimestamp":"2024-04-27T19:58:33.4216171Z","ServerTimestamp":"2024-04-27T19:58:33.421619Z"},"nsu=http://opcfoundation.org/UA/Plc/Applications;s=RandomUnsignedInt32":{"Value":1090158642,"SourceTimestamp":"2024-04-27T19:58:33.421635Z","ServerTimestamp":"2024-04-27T19:58:33.4216428Z"},"nsu=http://opcfoundation.org/UA/Plc/Applications;s=DipData":{"Value":-77.051324277578942,"SourceTimestamp":"2024-04-27T19:58:33.4216434Z","ServerTimestamp":"2024-04-27T19:58:33.4216481Z"},"nsu=http://opcfoundation.org/UA/Plc/Applications;s=FastUIntScalar1":{"Value":71,"SourceTimestamp":"2024-04-27T19:58:32.5188036Z","ServerTimestamp":"2024-04-27T19:58:32.518816Z"},"nsu=http://opcfoundation.org/UA/Plc/Applications;s=FastUIntScalar2":{"Value":71,"SourceTimestamp":"2024-04-27T19:58:32.5188184Z","ServerTimestamp":"2024-04-27T19:58:32.5188194Z"},"nsu=http://opcfoundation.org/UA/Plc/Applications;s=FastUIntScalar3":{"Value":71,"SourceTimestamp":"2024-04-27T19:58:32.5188208Z","ServerTimestamp":"2024-04-27T19:58:32.5188216Z"},"nsu=http://opcfoundation.org/UA/Plc/Applications;s=FastRandomUIntScalar1":{"Value":365374396,"SourceTimestamp":"2024-04-27T19:58:32.5188036Z","ServerTimestamp":"2024-04-27T19:58:32.5188058Z"},"nsu=http://opcfoundation.org/UA/Plc/Applications;s=FastRandomUIntScalar2":{"Value":2918526644,"SourceTimestamp":"2024-04-27T19:58:32.5188162Z","ServerTimestamp":"2024-04-27T19:58:32.5188181Z"},"nsu=http://opcfoundation.org/UA/Plc/Applications;s=FastRandomUIntScalar3":{"Value":4070841568,"SourceTimestamp":"2024-04-27T19:58:32.5188191Z","ServerTimestamp":"2024-04-27T19:58:32.5188206Z"},"nsu=http://opcfoundation.org/UA/Plc/Applications;s=SpikeData":{"Value":-77.051324277578942,"SourceTimestamp":"2024-04-27T19:58:33.4216486Z","ServerTimestamp":"2024-04-27T19:58:33.42165Z"}}