{"nsu=http://opcfoundation.org/UA/Plc/Applications;s=StepUp":{"Value":749,"SourceTimestamp":"2024-04-27T19:58:36.4215919Z","ServerTimestamp":"2024-04-27T19:58:36.4216124Z"},"nsu=http://opcfoundation.org/UA/Plc/Applications;s=RandomSignedInt32":{"Value":-545469104,"SourceTimestamp":"2024-04-27T19:58:36.421631Z","ServerTimestamp":"2024-04-27T19:58:36.4216336Z"},"nsu=http://opcfoundation.org/UA/Plc/Applications;s=RandomUnsignedInt32":{"Value":409103833,"SourceTimestamp":"2024-04-27T19:58:36.4216288Z","ServerTimestamp":"2024-04-27T19:58:36.4216297Z"},"nsu=http://opcfoundation.org/UA/Plc/Applications;s=DipData":{"Value":24.868988716485479,"SourceTimestamp":"2024-04-27T19:58:36.421643Z","ServerTimestamp":"2024-04-27T19:58:36.421644Z"},"nsu=http://opcfoundation.org/UA/Plc/Applications;s=FastUIntScalar1":{"Value":74,"SourceTimestamp":"2024-04-27T19:58:35.5255982Z","ServerTimestamp":"2024-04-27T19:58:35.5256005Z"},"nsu=http://opcfoundation.org/UA/Plc/Applications;s=FastUIntScalar2":{"Value":74,"SourceTimestamp":"2024-04-27T19:58:35.5256086Z","ServerTimestamp":"2024-04-27T19:58:35.5256153Z"},"nsu=http://opcfoundation.org/UA/Plc/Applications;s=FastUIntScalar3":{"Value":74,"SourceTimestamp":"2024-04-27T19:58:35.5256163Z","ServerTimestamp":"2024-04-27T19:58:35.5256175Z"},"nsu=http://opcfoundation.org/UA/Plc/Applications;s=FastRandomUIntScalar1":{"Value":1193414490,"SourceTimestamp":"2024-04-27T19:58:35.5256047Z","ServerTimestamp":"2024-04-27T19:58:35.5256091Z"},"nsu=http://opcfoundation.org/UA/Plc/Applications;s=FastRandomUIntScalar2":{"Value":2844620522,"SourceTimestamp":"2024-04-27T19:58:35.5256153Z","ServerTimestamp":"2024-04-27T19:58:35.5256164Z"},"nsu=http://opcfoundation.org/UA/Plc/Applications;s=FastRandomUIntScalar3":{"Value":1565201606,"SourceTimestamp":"2024-04-27T19:58:35.5256176Z","ServerTimestamp":"2024-04-27T19:58:35.5256182Z"},"nsu=http://opcfoundation.org/UA/Plc/Applications;s=SpikeData":{"Value":24.868988716485479,"SourceTimestamp":"2024-04-27T19:58:36.4216549Z","ServerTimestamp":"2024-04-27T19:58:36.4216575Z"}}