{"nsu=http://opcfoundation.org/UA/Plc/Applications;s=StepUp":{"Value":868,"SourceTimestamp":"2024-04-27T19:58:48.3222621Z","ServerTimestamp":"2024-04-27T19:58:48.3222645Z"},"nsu=http://opcfoundation.org/UA/Plc/Applications;s=RandomSignedInt32":{"Value":-833930686,"SourceTimestamp":"2024-04-27T19:58:48.3222622Z","ServerTimestamp":"2024-04-27T19:58:48.3223219Z"},"nsu=http://opcfoundation.org/UA/Plc/Applications;s=RandomUnsignedInt32":{"Value":259770382,"SourceTimestamp":"2024-04-27T19:58:48.3222622Z","ServerTimestamp":"2024-04-27T19:58:48.3223434Z"},"nsu=http://opcfoundation.org/UA/Plc/Applications;s=DipData":{"Value":-84.432792550201526,"SourceTimestamp":"2024-04-27T19:58:48.3222772Z","ServerTimestamp":"2024-04-27T19:58:48.3222875Z"},"nsu=http://opcfoundation.org/UA/Plc/Applications;s=FastUIntScalar1":{"Value":86,"SourceTimestamp":"2024-04-27T19:58:47.5192256Z","ServerTimestamp":"2024-04-27T19:58:47.5192285Z"},"nsu=http://opcfoundation.org/UA/Plc/Applications;s=FastUIntScalar2":{"Value":86,"SourceTimestamp":"2024-04-27T19:58:47.5192382Z","ServerTimestamp":"2024-04-27T19:58:47.5192491Z"},"nsu=http://opcfoundation.org/UA/Plc/Applications;s=FastUIntScalar3":{"Value":86,"SourceTimestamp":"2024-04-27T19:58:47.5192519Z","ServerTimestamp":"2024-04-27T19:58:47.5192524Z"},"nsu=http://opcfoundation.org/UA/Plc/Applications;s=FastRandomUIntScalar1":{"Value":3737866754,"SourceTimestamp":"2024-04-27T19:58:47.5192341Z","ServerTimestamp":"2024-04-27T19:58:47.5192387Z"},"nsu=http://opcfoundation.org/UA/Plc/Applications;s=FastRandomUIntScalar2":{"Value":2554408073,"SourceTimestamp":"2024-04-27T19:58:47.5192454Z","ServerTimestamp":"2024-04-27T19:58:47.5192462Z"},"nsu=http://opcfoundation.org/UA/Plc/Applications;s=FastRandomUIntScalar3":{"Value":3205284344,"SourceTimestamp":"2024-04-27T19:58:47.5192474Z","ServerTimestamp":"2024-04-27T19:58:47.5192479Z"},"nsu=http://opcfoundation.org/UA/Plc/Applications;s=SpikeData":{"Value":-84.432792550201526,"SourceTimestamp":"2024-04-27T19:58:48.3222944Z","ServerTimestamp":"2024-04-27T19:58:48.3223715Z"}}