{"nsu=http://opcfoundation.org/UA/Plc/Applications;s=StepUp":{"Value":899,"SourceTimestamp":"2024-04-27T19:58:51.4147181Z","ServerTimestamp":"2024-04-27T19:58:51.4147219Z"},"nsu=http://opcfoundation.org/UA/Plc/Applications;s=RandomSignedInt32":{"Value":540705878,"SourceTimestamp":"2024-04-27T19:58:51.4147375Z","ServerTimestamp":"2024-04-27T19:58:51.4147471Z"},"nsu=http://opcfoundation.org/UA/Plc/Applications;s=RandomUnsignedInt32":{"Value":2060906216,"SourceTimestamp":"2024-04-27T19:58:51.4147498Z","ServerTimestamp":"2024-04-27T19:58:51.4147512Z"},"nsu=http://opcfoundation.org/UA/Plc/Applications;s=DipData":{"Value":24.868988716485479,"SourceTimestamp":"2024-04-27T19:58:51.4147561Z","ServerTimestamp":"2024-04-27T19:58:51.4147588Z"},"nsu=http://opcfoundation.org/UA/Plc/Applications;s=FastUIntScalar1":{"Value":89,"SourceTimestamp":"2024-04-27T19:58:50.5197273Z","ServerTimestamp":"2024-04-27T19:58:50.5197418Z"},"nsu=http://opcfoundation.org/UA/Plc/Applications;s=FastUIntScalar2":{"Value":89,"SourceTimestamp":"2024-04-27T19:58:50.5197508Z","ServerTimestamp":"2024-04-27T19:58:50.5197514Z"},"nsu=http://opcfoundation.org/UA/Plc/Applications;s=FastUIntScalar3":{"Value":89,"SourceTimestamp":"2024-04-27T19:58:50.5197522Z","ServerTimestamp":"2024-04-27T19:58:50.5197526Z"},"nsu=http://opcfoundation.org/UA/Plc/Applications;s=FastRandomUIntScalar1":{"Value":2800219955,"SourceTimestamp":"2024-04-27T19:58:50.5197291Z","ServerTimestamp":"2024-04-27T19:58:50.5197541Z"},"nsu=http://opcfoundation.org/UA/Plc/Applications;s=FastRandomUIntScalar2":{"Value":4028207449,"SourceTimestamp":"2024-04-27T19:58:50.5197598Z","ServerTimestamp":"2024-04-27T19:58:50.5197603Z"},"nsu=http://opcfoundation.org/UA/Plc/Applications;s=FastRandomUIntScalar3":{"Value":3716526529,"SourceTimestamp":"2024-04-27T19:58:50.5197613Z","ServerTimestamp":"2024-04-27T19:58:50.5197616Z"},"nsu=http://opcfoundation.org/UA/Plc/Applications;s=SpikeData":{"Value":24.868988716485479,"SourceTimestamp":"2024-04-27T19:58:51.4147591Z","ServerTimestamp":"2024-04-27T19:58:51.4147634Z"}}