{"nsu=http://opcfoundation.org/UA/Plc/Applications;s=StepUp":{"Value":959,"SourceTimestamp":"2024-04-27T19:58:57.4131426Z","ServerTimestamp":"2024-04-27T19:58:57.4131459Z"},"nsu=http://opcfoundation.org/UA/Plc/Applications;s=AlternatingBoolean":{"Value":false,"SourceTimestamp":"2024-04-27T19:58:56.6185556Z","ServerTimestamp":"2024-04-27T19:58:56.6185672Z"},"nsu=http://opcfoundation.org/UA/Plc/Applications;s=RandomSignedInt32":{"Value":-1804492161,"SourceTimestamp":"2024-04-27T19:58:57.4131545Z","ServerTimestamp":"2024-04-27T19:58:57.4131575Z"},"nsu=http://opcfoundation.org/UA/Plc/Applications;s=RandomUnsignedInt32":{"Value":2005196948,"SourceTimestamp":"2024-04-27T19:58:57.4131735Z","ServerTimestamp":"2024-04-27T19:58:57.4132132Z"},"nsu=http://opcfoundation.org/UA/Plc/Applications;s=DipData":{"Value":-84.432792550201498,"SourceTimestamp":"2024-04-27T19:58:57.4131806Z","ServerTimestamp":"2024-04-27T19:58:57.4131836Z"},"nsu=http://opcfoundation.org/UA/Plc/Applications;s=FastUIntScalar1":{"Value":95,"SourceTimestamp":"2024-04-27T19:58:56.5252516Z","ServerTimestamp":"2024-04-27T19:58:56.5252538Z"},"nsu=http://opcfoundation.org/UA/Plc/Applications;s=FastUIntScalar2":{"Value":95,"SourceTimestamp":"2024-04-27T19:58:56.5252629Z","ServerTimestamp":"2024-04-27T19:58:56.5252698Z"},"nsu=http://opcfoundation.org/UA/Plc/Applications;s=FastUIntScalar3":{"Value":95,"SourceTimestamp":"2024-04-27T19:58:56.5252713Z","ServerTimestamp":"2024-04-27T19:58:56.5252728Z"},"nsu=http://opcfoundation.org/UA/Plc/Applications;s=FastRandomUIntScalar1":{"Value":1188271952,"SourceTimestamp":"2024-04-27T19:58:56.5252534Z","ServerTimestamp":"2024-04-27T19:58:56.5252632Z"},"nsu=http://opcfoundation.org/UA/Plc/Applications;s=FastRandomUIntScalar2":{"Value":901466523,"SourceTimestamp":"2024-04-27T19:58:56.5252702Z","ServerTimestamp":"2024-04-27T19:58:56.5252712Z"},"nsu=http://opcfoundation.org/UA/Plc/Applications;s=FastRandomUIntScalar3":{"Value":3112736844,"SourceTimestamp":"2024-04-27T19:58:56.5252731Z","ServerTimestamp":"2024-04-27T19:58:56.5252739Z"},"nsu=http://opcfoundation.org/UA/Plc/Applications;s=NegativeTrendData":{"Value":98.700000000000003,"SourceTimestamp":"2024-04-27T19:58:56.6185843Z","ServerTimestamp":"2024-04-27T19:58:56.618585Z"},"nsu=http://opcfoundation.org/UA/Plc/Applications;s=PositiveTrendData":{"Value":101.90000000000001,"SourceTimestamp":"2024-04-27T19:58:56.6185827Z","ServerTimestamp":"2024-04-27T19:58:56.6185834Z"},"nsu=http://opcfoundation.org/UA/Plc/Applications;s=SpikeData":{"Value":-84.432792550201498,"SourceTimestamp":"2024-04-27T19:58:57.4131924Z","ServerTimestamp":"2024-04-27T19:58:57.4131932Z"}}