{"nsu=http://opcfoundation.org/UA/Plc/Applications;s=StepUp":{"Value":969,"SourceTimestamp":"2024-04-27T19:58:58.4244029Z","ServerTimestamp":"2024-04-27T19:58:58.4244059Z"},"nsu=http://opcfoundation.org/UA/Plc/Applications;s=RandomSignedInt32":{"Value":-732863152,"SourceTimestamp":"2024-04-27T19:58:58.4244085Z","ServerTimestamp":"2024-04-27T19:58:58.4244769Z"},"nsu=http://opcfoundation.org/UA/Plc/Applications;s=RandomUnsignedInt32":{"Value":793249132,"SourceTimestamp":"2024-04-27T19:58:58.4244364Z","ServerTimestamp":"2024-04-27T19:58:58.4244397Z"},"nsu=http://opcfoundation.org/UA/Plc/Applications;s=DipData":{"Value":-77.051324277578942,"SourceTimestamp":"2024-04-27T19:58:58.4244311Z","ServerTimestamp":"2024-04-27T19:58:58.4244374Z"},"nsu=http://opcfoundation.org/UA/Plc/Applications;s=FastUIntScalar1":{"Value":96,"SourceTimestamp":"2024-04-27T19:58:57.5219793Z","ServerTimestamp":"2024-04-27T19:58:57.5219902Z"},"nsu=http://opcfoundation.org/UA/Plc/Applications;s=FastUIntScalar2":{"Value":96,"SourceTimestamp":"2024-04-27T19:58:57.5219923Z","ServerTimestamp":"2024-04-27T19:58:57.5219934Z"},"nsu=http://opcfoundation.org/UA/Plc/Applications;s=FastUIntScalar3":{"Value":96,"SourceTimestamp":"2024-04-27T19:58:57.5219942Z","ServerTimestamp":"2024-04-27T19:58:57.5219951Z"},"nsu=http://opcfoundation.org/UA/Plc/Applications;s=FastRandomUIntScalar1":{"Value":219306002,"SourceTimestamp":"2024-04-27T19:58:57.5219794Z","ServerTimestamp":"2024-04-27T19:58:57.5219813Z"},"nsu=http://opcfoundation.org/UA/Plc/Applications;s=FastRandomUIntScalar2":{"Value":3061103153,"SourceTimestamp":"2024-04-27T19:58:57.5219901Z","ServerTimestamp":"2024-04-27T19:58:57.5219922Z"},"nsu=http://opcfoundation.org/UA/Plc/Applications;s=FastRandomUIntScalar3":{"Value":923035250,"SourceTimestamp":"2024-04-27T19:58:57.5219933Z","ServerTimestamp":"2024-04-27T19:58:57.5219943Z"},"nsu=http://opcfoundation.org/UA/Plc/Applications;s=SpikeData":{"Value":-77.051324277578942,"SourceTimestamp":"2024-04-27T19:58:58.4244414Z","ServerTimestamp":"2024-04-27T19:58:58.4244497Z"}}