{"nsu=http://opcfoundation.org/UA/Plc/Applications;s=StepUp":{"Value":979,"SourceTimestamp":"2024-04-27T19:58:59.4215943Z","ServerTimestamp":"2024-04-27T19:58:59.4215977Z"},"nsu=http://opcfoundation.org/UA/Plc/Applications;s=RandomSignedInt32":{"Value":-1243384526,"SourceTimestamp":"2024-04-27T19:58:59.4216161Z","ServerTimestamp":"2024-04-27T19:58:59.4216179Z"},"nsu=http://opcfoundation.org/UA/Plc/Applications;s=RandomUnsignedInt32":{"Value":1015985865,"SourceTimestamp":"2024-04-27T19:58:59.4216203Z","ServerTimestamp":"2024-04-27T19:58:59.4216233Z"},"nsu=http://opcfoundation.org/UA/Plc/Applications;s=DipData":{"Value":36.812455268467772,"SourceTimestamp":"2024-04-27T19:58:59.4216358Z","ServerTimestamp":"2024-04-27T19:58:59.4216377Z"},"nsu=http://opcfoundation.org/UA/Plc/Applications;s=FastUIntScalar1":{"Value":97,"SourceTimestamp":"2024-04-27T19:58:58.5185188Z","ServerTimestamp":"2024-04-27T19:58:58.5185218Z"},"nsu=http://opcfoundation.org/UA/Plc/Applications;s=FastUIntScalar2":{"Value":97,"SourceTimestamp":"2024-04-27T19:58:58.518545Z","ServerTimestamp":"2024-04-27T19:58:58.5185637Z"},"nsu=http://opcfoundation.org/UA/Plc/Applications;s=FastUIntScalar3":{"Value":97,"SourceTimestamp":"2024-04-27T19:58:58.5185699Z","ServerTimestamp":"2024-04-27T19:58:58.5185715Z"},"nsu=http://opcfoundation.org/UA/Plc/Applications;s=FastRandomUIntScalar1":{"Value":3570700877,"SourceTimestamp":"2024-04-27T19:58:58.51852Z","ServerTimestamp":"2024-04-27T19:58:58.5185484Z"},"nsu=http://opcfoundation.org/UA/Plc/Applications;s=FastRandomUIntScalar2":{"Value":2948298959,"SourceTimestamp":"2024-04-27T19:58:58.5185508Z","ServerTimestamp":"2024-04-27T19:58:58.5185518Z"},"nsu=http://opcfoundation.org/UA/Plc/Applications;s=FastRandomUIntScalar3":{"Value":1564581682,"SourceTimestamp":"2024-04-27T19:58:58.5185531Z","ServerTimestamp":"2024-04-27T19:58:58.5185788Z"},"nsu=http://opcfoundation.org/UA/Plc/Applications;s=SpikeData":{"Value":36.812455268467772,"SourceTimestamp":"2024-04-27T19:58:59.421647Z","ServerTimestamp":"2024-04-27T19:58:59.4216483Z"}}