{"nsu=http://opcfoundation.org/UA/Plc/Applications;s=StepUp":{"Value":1018,"SourceTimestamp":"2024-04-27T18:30:34.0628069Z","ServerTimestamp":"2024-04-27T18:30:34.0628084Z"},"nsu=http://opcfoundation.org/UA/Plc/Applications;s=RandomSignedInt32":{"Value":-1698362281,"SourceTimestamp":"2024-04-27T18:30:34.062797Z","ServerTimestamp":"2024-04-27T18:30:34.0628029Z"},"nsu=http://opcfoundation.org/UA/Plc/Applications;s=RandomUnsignedInt32":{"Value":30999083,"SourceTimestamp":"2024-04-27T18:30:34.0627918Z","ServerTimestamp":"2024-04-27T18:30:34.0627924Z"},"nsu=http://opcfoundation.org/UA/Plc/Applications;s=DipData":{"Value":-84.432792550201526,"SourceTimestamp":"2024-04-27T18:30:34.0627971Z","ServerTimestamp":"2024-04-27T18:30:34.0628048Z"},"nsu=http://opcfoundation.org/UA/Plc/Applications;s=FastUIntScalar1":{"Value":101,"SourceTimestamp":"2024-04-27T18:30:33.2675125Z","ServerTimestamp":"2024-04-27T18:30:33.267515Z"},"nsu=http://opcfoundation.org/UA/Plc/Applications;s=FastUIntScalar2":{"Value":101,"SourceTimestamp":"2024-04-27T18:30:33.2675252Z","ServerTimestamp":"2024-04-27T18:30:33.2675374Z"},"nsu=http://opcfoundation.org/UA/Plc/Applications;s=FastUIntScalar3":{"Value":101,"SourceTimestamp":"2024-04-27T18:30:33.2675387Z","ServerTimestamp":"2024-04-27T18:30:33.26754Z"},"nsu=http://opcfoundation.org/UA/Plc/Applications;s=FastRandomUIntScalar1":{"Value":1216148078,"SourceTimestamp":"2024-04-27T18:30:33.2675187Z","ServerTimestamp":"2024-04-27T18:30:33.2675255Z"},"nsu=http://opcfoundation.org/UA/Plc/Applications;s=FastRandomUIntScalar2":{"Value":4119290409,"SourceTimestamp":"2024-04-27T18:30:33.2675368Z","ServerTimestamp":"2024-04-27T18:30:33.2675386Z"},"nsu=http://opcfoundation.org/UA/Plc/Applications;s=FastRandomUIntScalar3":{"Value":3703831242,"SourceTimestamp":"2024-04-27T18:30:33.2675403Z","ServerTimestamp":"2024-04-27T18:30:33.2675416Z"},"nsu=http://opcfoundation.org/UA/Plc/Applications;s=SpikeData":{"Value":-84.432792550201526,"SourceTimestamp":"2024-04-27T18:30:34.0627654Z","ServerTimestamp":"2024-04-27T18:30:34.0627688Z"}}