{"nsu=http://opcfoundation.org/UA/Plc/Applications;s=StepUp":{"Value":1058,"SourceTimestamp":"2024-04-27T18:30:38.0724947Z","ServerTimestamp":"2024-04-27T18:30:38.0725072Z"},"nsu=http://opcfoundation.org/UA/Plc/Applications;s=AlternatingBoolean":{"Value":false,"SourceTimestamp":"2024-04-27T18:30:37.3716198Z","ServerTimestamp":"2024-04-27T18:30:37.3716282Z"},"nsu=http://opcfoundation.org/UA/Plc/Applications;s=RandomSignedInt32":{"Value":543369690,"SourceTimestamp":"2024-04-27T18:30:38.0724895Z","ServerTimestamp":"2024-04-27T18:30:38.0725422Z"},"nsu=http://opcfoundation.org/UA/Plc/Applications;s=RandomUnsignedInt32":{"Value":442762705,"SourceTimestamp":"2024-04-27T18:30:38.0724865Z","ServerTimestamp":"2024-04-27T18:30:38.0724931Z"},"nsu=http://opcfoundation.org/UA/Plc/Applications;s=DipData":{"Value":-77.0513242775789,"SourceTimestamp":"2024-04-27T18:30:38.072479Z","ServerTimestamp":"2024-04-27T18:30:38.0724862Z"},"nsu=http://opcfoundation.org/UA/Plc/Applications;s=FastUIntScalar1":{"Value":105,"SourceTimestamp":"2024-04-27T18:30:37.260836Z","ServerTimestamp":"2024-04-27T18:30:37.2608389Z"},"nsu=http://opcfoundation.org/UA/Plc/Applications;s=FastUIntScalar2":{"Value":105,"SourceTimestamp":"2024-04-27T18:30:37.2608503Z","ServerTimestamp":"2024-04-27T18:30:37.2608572Z"},"nsu=http://opcfoundation.org/UA/Plc/Applications;s=FastUIntScalar3":{"Value":105,"SourceTimestamp":"2024-04-27T18:30:37.2608584Z","ServerTimestamp":"2024-04-27T18:30:37.2608598Z"},"nsu=http://opcfoundation.org/UA/Plc/Applications;s=FastRandomUIntScalar1":{"Value":1658983179,"SourceTimestamp":"2024-04-27T18:30:37.2608437Z","ServerTimestamp":"2024-04-27T18:30:37.2608506Z"},"nsu=http://opcfoundation.org/UA/Plc/Applications;s=FastRandomUIntScalar2":{"Value":3571976258,"SourceTimestamp":"2024-04-27T18:30:37.2608571Z","ServerTimestamp":"2024-04-27T18:30:37.2608586Z"},"nsu=http://opcfoundation.org/UA/Plc/Applications;s=FastRandomUIntScalar3":{"Value":229191860,"SourceTimestamp":"2024-04-27T18:30:37.2608598Z","ServerTimestamp":"2024-04-27T18:30:37.260861Z"},"nsu=http://opcfoundation.org/UA/Plc/Applications;s=NegativeTrendData":{"Value":98,"SourceTimestamp":"2024-04-27T18:30:37.3715953Z","ServerTimestamp":"2024-04-27T18:30:37.3715995Z"},"nsu=http://opcfoundation.org/UA/Plc/Applications;s=PositiveTrendData":{"Value":101.5,"SourceTimestamp":"2024-04-27T18:30:37.3715846Z","ServerTimestamp":"2024-04-27T18:30:37.3715878Z"},"nsu=http://opcfoundation.org/UA/Plc/Applications;s=SpikeData":{"Value":-77.0513242775789,"SourceTimestamp":"2024-04-27T18:30:38.0724663Z","ServerTimestamp":"2024-04-27T18:30:38.0724699Z"}}