{"nsu=http://opcfoundation.org/UA/Plc/Applications;s=StepUp":{"Value":1118,"SourceTimestamp":"2024-04-27T18:30:44.0635919Z","ServerTimestamp":"2024-04-27T18:30:44.0635941Z"},"nsu=http://opcfoundation.org/UA/Plc/Applications;s=RandomSignedInt32":{"Value":636958605,"SourceTimestamp":"2024-04-27T18:30:44.0635846Z","ServerTimestamp":"2024-04-27T18:30:44.0635881Z"},"nsu=http://opcfoundation.org/UA/Plc/Applications;s=RandomUnsignedInt32":{"Value":2039524721,"SourceTimestamp":"2024-04-27T18:30:44.0635841Z","ServerTimestamp":"2024-04-27T18:30:44.0636225Z"},"nsu=http://opcfoundation.org/UA/Plc/Applications;s=DipData":{"Value":-84.432792550201526,"SourceTimestamp":"2024-04-27T18:30:44.0635797Z","ServerTimestamp":"2024-04-27T18:30:44.0635818Z"},"nsu=http://opcfoundation.org/UA/Plc/Applications;s=FastUIntScalar1":{"Value":111,"SourceTimestamp":"2024-04-27T18:30:43.2702342Z","ServerTimestamp":"2024-04-27T18:30:43.2702373Z"},"nsu=http://opcfoundation.org/UA/Plc/Applications;s=FastUIntScalar2":{"Value":111,"SourceTimestamp":"2024-04-27T18:30:43.2702485Z","ServerTimestamp":"2024-04-27T18:30:43.2702553Z"},"nsu=http://opcfoundation.org/UA/Plc/Applications;s=FastUIntScalar3":{"Value":111,"SourceTimestamp":"2024-04-27T18:30:43.2702564Z","ServerTimestamp":"2024-04-27T18:30:43.2702577Z"},"nsu=http://opcfoundation.org/UA/Plc/Applications;s=FastRandomUIntScalar1":{"Value":1974624456,"SourceTimestamp":"2024-04-27T18:30:43.2702446Z","ServerTimestamp":"2024-04-27T18:30:43.2702486Z"},"nsu=http://opcfoundation.org/UA/Plc/Applications;s=FastRandomUIntScalar2":{"Value":477925873,"SourceTimestamp":"2024-04-27T18:30:43.2702553Z","ServerTimestamp":"2024-04-27T18:30:43.2702564Z"},"nsu=http://opcfoundation.org/UA/Plc/Applications;s=FastRandomUIntScalar3":{"Value":3517776646,"SourceTimestamp":"2024-04-27T18:30:43.2702579Z","ServerTimestamp":"2024-04-27T18:30:43.2702584Z"},"nsu=http://opcfoundation.org/UA/Plc/Applications;s=SpikeData":{"Value":-84.432792550201526,"SourceTimestamp":"2024-04-27T18:30:44.0635424Z","ServerTimestamp":"2024-04-27T18:30:44.0635453Z"}}