{"nsu=http://opcfoundation.org/UA/Plc/Applications;s=StepUp":{"Value":1128,"SourceTimestamp":"2024-04-27T18:30:45.0651323Z","ServerTimestamp":"2024-04-27T18:30:45.0651366Z"},"nsu=http://opcfoundation.org/UA/Plc/Applications;s=RandomSignedInt32":{"Value":599150124,"SourceTimestamp":"2024-04-27T18:30:45.065172Z","ServerTimestamp":"2024-04-27T18:30:45.0651745Z"},"nsu=http://opcfoundation.org/UA/Plc/Applications;s=RandomUnsignedInt32":{"Value":2054201425,"SourceTimestamp":"2024-04-27T18:30:45.0651711Z","ServerTimestamp":"2024-04-27T18:30:45.0651728Z"},"nsu=http://opcfoundation.org/UA/Plc/Applications;s=DipData":{"Value":24.868988716485482,"SourceTimestamp":"2024-04-27T18:30:45.0651812Z","ServerTimestamp":"2024-04-27T18:30:45.0651839Z"},"nsu=http://opcfoundation.org/UA/Plc/Applications;s=FastUIntScalar1":{"Value":112,"SourceTimestamp":"2024-04-27T18:30:44.2689817Z","ServerTimestamp":"2024-04-27T18:30:44.2689839Z"},"nsu=http://opcfoundation.org/UA/Plc/Applications;s=FastUIntScalar2":{"Value":112,"SourceTimestamp":"2024-04-27T18:30:44.2689939Z","ServerTimestamp":"2024-04-27T18:30:44.269Z"},"nsu=http://opcfoundation.org/UA/Plc/Applications;s=FastUIntScalar3":{"Value":112,"SourceTimestamp":"2024-04-27T18:30:44.2690011Z","ServerTimestamp":"2024-04-27T18:30:44.269002Z"},"nsu=http://opcfoundation.org/UA/Plc/Applications;s=FastRandomUIntScalar1":{"Value":1969570115,"SourceTimestamp":"2024-04-27T18:30:44.2689846Z","ServerTimestamp":"2024-04-27T18:30:44.2689941Z"},"nsu=http://opcfoundation.org/UA/Plc/Applications;s=FastRandomUIntScalar2":{"Value":2464029268,"SourceTimestamp":"2024-04-27T18:30:44.2689999Z","ServerTimestamp":"2024-04-27T18:30:44.2690011Z"},"nsu=http://opcfoundation.org/UA/Plc/Applications;s=FastRandomUIntScalar3":{"Value":2217806691,"SourceTimestamp":"2024-04-27T18:30:44.2690022Z","ServerTimestamp":"2024-04-27T18:30:44.2690035Z"},"nsu=http://opcfoundation.org/UA/Plc/Applications;s=SpikeData":{"Value":24.868988716485482,"SourceTimestamp":"2024-04-27T18:30:45.0651876Z","ServerTimestamp":"2024-04-27T18:30:45.0651883Z"}}