{"nsu=http://opcfoundation.org/UA/Plc/Applications;s=StepUp":{"Value":1148,"SourceTimestamp":"2024-04-27T18:30:47.0681012Z","ServerTimestamp":"2024-04-27T18:30:47.0681014Z"},"nsu=http://opcfoundation.org/UA/Plc/Applications;s=RandomSignedInt32":{"Value":-1406514599,"SourceTimestamp":"2024-04-27T18:30:47.0680936Z","ServerTimestamp":"2024-04-27T18:30:47.0680942Z"},"nsu=http://opcfoundation.org/UA/Plc/Applications;s=RandomUnsignedInt32":{"Value":922749581,"SourceTimestamp":"2024-04-27T18:30:47.0680886Z","ServerTimestamp":"2024-04-27T18:30:47.0680891Z"},"nsu=http://opcfoundation.org/UA/Plc/Applications;s=DipData":{"Value":36.812455268467801,"SourceTimestamp":"2024-04-27T18:30:47.068085Z","ServerTimestamp":"2024-04-27T18:30:47.0680855Z"},"nsu=http://opcfoundation.org/UA/Plc/Applications;s=FastUIntScalar1":{"Value":114,"SourceTimestamp":"2024-04-27T18:30:46.2605563Z","ServerTimestamp":"2024-04-27T18:30:46.2605587Z"},"nsu=http://opcfoundation.org/UA/Plc/Applications;s=FastUIntScalar2":{"Value":114,"SourceTimestamp":"2024-04-27T18:30:46.2605688Z","ServerTimestamp":"2024-04-27T18:30:46.2605757Z"},"nsu=http://opcfoundation.org/UA/Plc/Applications;s=FastUIntScalar3":{"Value":114,"SourceTimestamp":"2024-04-27T18:30:46.2605768Z","ServerTimestamp":"2024-04-27T18:30:46.2605782Z"},"nsu=http://opcfoundation.org/UA/Plc/Applications;s=FastRandomUIntScalar1":{"Value":2354128559,"SourceTimestamp":"2024-04-27T18:30:46.2605592Z","ServerTimestamp":"2024-04-27T18:30:46.2605695Z"},"nsu=http://opcfoundation.org/UA/Plc/Applications;s=FastRandomUIntScalar2":{"Value":589792498,"SourceTimestamp":"2024-04-27T18:30:46.2605757Z","ServerTimestamp":"2024-04-27T18:30:46.2605769Z"},"nsu=http://opcfoundation.org/UA/Plc/Applications;s=FastRandomUIntScalar3":{"Value":2151664709,"SourceTimestamp":"2024-04-27T18:30:46.2605781Z","ServerTimestamp":"2024-04-27T18:30:46.2605793Z"},"nsu=http://opcfoundation.org/UA/Plc/Applications;s=SpikeData":{"Value":36.812455268467801,"SourceTimestamp":"2024-04-27T18:30:47.0680425Z","ServerTimestamp":"2024-04-27T18:30:47.0680465Z"}}