{"nsu=http://opcfoundation.org/UA/Plc/Applications;s=StepUp":{"Value":1168,"SourceTimestamp":"2024-04-27T18:30:49.0694738Z","ServerTimestamp":"2024-04-27T18:30:49.0695088Z"},"nsu=http://opcfoundation.org/UA/Plc/Applications;s=RandomSignedInt32":{"Value":38422478,"SourceTimestamp":"2024-04-27T18:30:49.0694719Z","ServerTimestamp":"2024-04-27T18:30:49.0694956Z"},"nsu=http://opcfoundation.org/UA/Plc/Applications;s=RandomUnsignedInt32":{"Value":437699798,"SourceTimestamp":"2024-04-27T18:30:49.069469Z","ServerTimestamp":"2024-04-27T18:30:49.06947Z"},"nsu=http://opcfoundation.org/UA/Plc/Applications;s=DipData":{"Value":-84.432792550201526,"SourceTimestamp":"2024-04-27T18:30:49.0694666Z","ServerTimestamp":"2024-04-27T18:30:49.0694675Z"},"nsu=http://opcfoundation.org/UA/Plc/Applications;s=FastUIntScalar1":{"Value":116,"SourceTimestamp":"2024-04-27T18:30:48.2593694Z","ServerTimestamp":"2024-04-27T18:30:48.2593711Z"},"nsu=http://opcfoundation.org/UA/Plc/Applications;s=FastUIntScalar2":{"Value":116,"SourceTimestamp":"2024-04-27T18:30:48.2593812Z","ServerTimestamp":"2024-04-27T18:30:48.2593817Z"},"nsu=http://opcfoundation.org/UA/Plc/Applications;s=FastUIntScalar3":{"Value":116,"SourceTimestamp":"2024-04-27T18:30:48.2593827Z","ServerTimestamp":"2024-04-27T18:30:48.2593833Z"},"nsu=http://opcfoundation.org/UA/Plc/Applications;s=FastRandomUIntScalar1":{"Value":2121309659,"SourceTimestamp":"2024-04-27T18:30:48.2593873Z","ServerTimestamp":"2024-04-27T18:30:48.2593886Z"},"nsu=http://opcfoundation.org/UA/Plc/Applications;s=FastRandomUIntScalar2":{"Value":4288315716,"SourceTimestamp":"2024-04-27T18:30:48.2593897Z","ServerTimestamp":"2024-04-27T18:30:48.2593902Z"},"nsu=http://opcfoundation.org/UA/Plc/Applications;s=FastRandomUIntScalar3":{"Value":4083054993,"SourceTimestamp":"2024-04-27T18:30:48.2593912Z","ServerTimestamp":"2024-04-27T18:30:48.2593918Z"},"nsu=http://opcfoundation.org/UA/Plc/Applications;s=SpikeData":{"Value":-84.432792550201526,"SourceTimestamp":"2024-04-27T18:30:49.0694413Z","ServerTimestamp":"2024-04-27T18:30:49.0694446Z"}}