{"nsu=http://opcfoundation.org/UA/Plc/Applications;s=StepUp":{"Value":198,"SourceTimestamp":"2024-04-27T18:29:12.0611665Z","ServerTimestamp":"2024-04-27T18:29:12.0611684Z"},"nsu=http://opcfoundation.org/UA/Plc/Applications;s=RandomSignedInt32":{"Value":1532616562,"SourceTimestamp":"2024-04-27T18:29:12.0611565Z","ServerTimestamp":"2024-04-27T18:29:12.0611655Z"},"nsu=http://opcfoundation.org/UA/Plc/Applications;s=RandomUnsignedInt32":{"Value":1826790375,"SourceTimestamp":"2024-04-27T18:29:12.0611546Z","ServerTimestamp":"2024-04-27T18:29:12.0611562Z"},"nsu=http://opcfoundation.org/UA/Plc/Applications;s=DipData":{"Value":36.812455268467801,"SourceTimestamp":"2024-04-27T18:29:12.0611582Z","ServerTimestamp":"2024-04-27T18:29:12.0611636Z"},"nsu=http://opcfoundation.org/UA/Plc/Applications;s=FastUIntScalar1":{"Value":19,"SourceTimestamp":"2024-04-27T18:29:11.2710439Z","ServerTimestamp":"2024-04-27T18:29:11.2710468Z"},"nsu=http://opcfoundation.org/UA/Plc/Applications;s=FastUIntScalar2":{"Value":19,"SourceTimestamp":"2024-04-27T18:29:11.2710536Z","ServerTimestamp":"2024-04-27T18:29:11.2710544Z"},"nsu=http://opcfoundation.org/UA/Plc/Applications;s=FastUIntScalar3":{"Value":19,"SourceTimestamp":"2024-04-27T18:29:11.2710558Z","ServerTimestamp":"2024-04-27T18:29:11.2710564Z"},"nsu=http://opcfoundation.org/UA/Plc/Applications;s=FastRandomUIntScalar1":{"Value":3611472838,"SourceTimestamp":"2024-04-27T18:29:11.2710337Z","ServerTimestamp":"2024-04-27T18:29:11.2710355Z"},"nsu=http://opcfoundation.org/UA/Plc/Applications;s=FastRandomUIntScalar2":{"Value":1833834396,"SourceTimestamp":"2024-04-27T18:29:11.271044Z","ServerTimestamp":"2024-04-27T18:29:11.2710447Z"},"nsu=http://opcfoundation.org/UA/Plc/Applications;s=FastRandomUIntScalar3":{"Value":3340021304,"SourceTimestamp":"2024-04-27T18:29:11.2710457Z","ServerTimestamp":"2024-04-27T18:29:11.2710535Z"},"nsu=http://opcfoundation.org/UA/Plc/Applications;s=SpikeData":{"Value":36.812455268467801,"SourceTimestamp":"2024-04-27T18:29:12.0611243Z","ServerTimestamp":"2024-04-27T18:29:12.0611356Z"}}