{"nsu=http://opcfoundation.org/UA/Plc/Applications;s=StepUp":{"Value":208,"SourceTimestamp":"2024-04-27T18:29:13.0598748Z","ServerTimestamp":"2024-04-27T18:29:13.0598762Z"},"nsu=http://opcfoundation.org/UA/Plc/Applications;s=AlternatingBoolean":{"Value":true,"SourceTimestamp":"2024-04-27T18:29:12.3715239Z","ServerTimestamp":"2024-04-27T18:29:12.3715336Z"},"nsu=http://opcfoundation.org/UA/Plc/Applications;s=RandomSignedInt32":{"Value":-319200062,"SourceTimestamp":"2024-04-27T18:29:13.0598567Z","ServerTimestamp":"2024-04-27T18:29:13.0598573Z"},"nsu=http://opcfoundation.org/UA/Plc/Applications;s=RandomUnsignedInt32":{"Value":1230385245,"SourceTimestamp":"2024-04-27T18:29:13.059867Z","ServerTimestamp":"2024-04-27T18:29:13.0598721Z"},"nsu=http://opcfoundation.org/UA/Plc/Applications;s=DipData":{"Value":-77.0513242775789,"SourceTimestamp":"2024-04-27T18:29:13.0598606Z","ServerTimestamp":"2024-04-27T18:29:13.059862Z"},"nsu=http://opcfoundation.org/UA/Plc/Applications;s=FastUIntScalar1":{"Value":20,"SourceTimestamp":"2024-04-27T18:29:12.2631969Z","ServerTimestamp":"2024-04-27T18:29:12.2631988Z"},"nsu=http://opcfoundation.org/UA/Plc/Applications;s=FastUIntScalar2":{"Value":20,"SourceTimestamp":"2024-04-27T18:29:12.2632025Z","ServerTimestamp":"2024-04-27T18:29:12.2632041Z"},"nsu=http://opcfoundation.org/UA/Plc/Applications;s=FastUIntScalar3":{"Value":20,"SourceTimestamp":"2024-04-27T18:29:12.2632053Z","ServerTimestamp":"2024-04-27T18:29:12.2632066Z"},"nsu=http://opcfoundation.org/UA/Plc/Applications;s=FastRandomUIntScalar1":{"Value":3506221903,"SourceTimestamp":"2024-04-27T18:29:12.2631981Z","ServerTimestamp":"2024-04-27T18:29:12.2632322Z"},"nsu=http://opcfoundation.org/UA/Plc/Applications;s=FastRandomUIntScalar2":{"Value":176665120,"SourceTimestamp":"2024-04-27T18:29:12.2632357Z","ServerTimestamp":"2024-04-27T18:29:12.2632363Z"},"nsu=http://opcfoundation.org/UA/Plc/Applications;s=FastRandomUIntScalar3":{"Value":1549450981,"SourceTimestamp":"2024-04-27T18:29:12.2632373Z","ServerTimestamp":"2024-04-27T18:29:12.263238Z"},"nsu=http://opcfoundation.org/UA/Plc/Applications;s=NegativeTrendData":{"Value":99.700000000000003,"SourceTimestamp":"2024-04-27T18:29:12.3715239Z","ServerTimestamp":"2024-04-27T18:29:12.3715253Z"},"nsu=http://opcfoundation.org/UA/Plc/Applications;s=SpikeData":{"Value":-77.0513242775789,"SourceTimestamp":"2024-04-27T18:29:13.0598229Z","ServerTimestamp":"2024-04-27T18:29:13.0598254Z"}}