{"nsu=http://opcfoundation.org/UA/Plc/Applications;s=StepUp":{"Value":228,"SourceTimestamp":"2024-04-27T18:29:15.0718347Z","ServerTimestamp":"2024-04-27T18:29:15.0718352Z"},"nsu=http://opcfoundation.org/UA/Plc/Applications;s=RandomSignedInt32":{"Value":-1927357918,"SourceTimestamp":"2024-04-27T18:29:15.0718287Z","ServerTimestamp":"2024-04-27T18:29:15.0718331Z"},"nsu=http://opcfoundation.org/UA/Plc/Applications;s=RandomUnsignedInt32":{"Value":689840148,"SourceTimestamp":"2024-04-27T18:29:15.071824Z","ServerTimestamp":"2024-04-27T18:29:15.0718268Z"},"nsu=http://opcfoundation.org/UA/Plc/Applications;s=DipData":{"Value":24.868988716485482,"SourceTimestamp":"2024-04-27T18:29:15.0718279Z","ServerTimestamp":"2024-04-27T18:29:15.0718294Z"},"nsu=http://opcfoundation.org/UA/Plc/Applications;s=FastUIntScalar1":{"Value":22,"SourceTimestamp":"2024-04-27T18:29:14.259313Z","ServerTimestamp":"2024-04-27T18:29:14.2593149Z"},"nsu=http://opcfoundation.org/UA/Plc/Applications;s=FastUIntScalar2":{"Value":22,"SourceTimestamp":"2024-04-27T18:29:14.2593235Z","ServerTimestamp":"2024-04-27T18:29:14.2593256Z"},"nsu=http://opcfoundation.org/UA/Plc/Applications;s=FastUIntScalar3":{"Value":22,"SourceTimestamp":"2024-04-27T18:29:14.2593271Z","ServerTimestamp":"2024-04-27T18:29:14.2593277Z"},"nsu=http://opcfoundation.org/UA/Plc/Applications;s=FastRandomUIntScalar1":{"Value":2079637039,"SourceTimestamp":"2024-04-27T18:29:14.2593287Z","ServerTimestamp":"2024-04-27T18:29:14.2593297Z"},"nsu=http://opcfoundation.org/UA/Plc/Applications;s=FastRandomUIntScalar2":{"Value":1447959567,"SourceTimestamp":"2024-04-27T18:29:14.2593318Z","ServerTimestamp":"2024-04-27T18:29:14.2593322Z"},"nsu=http://opcfoundation.org/UA/Plc/Applications;s=FastRandomUIntScalar3":{"Value":4029737720,"SourceTimestamp":"2024-04-27T18:29:14.2593332Z","ServerTimestamp":"2024-04-27T18:29:14.2593338Z"},"nsu=http://opcfoundation.org/UA/Plc/Applications;s=SpikeData":{"Value":24.868988716485482,"SourceTimestamp":"2024-04-27T18:29:15.0718156Z","ServerTimestamp":"2024-04-27T18:29:15.0718211Z"}}