{"nsu=http://opcfoundation.org/UA/Plc/Applications;s=StepUp":{"Value":278,"SourceTimestamp":"2024-04-27T18:29:20.0716797Z","ServerTimestamp":"2024-04-27T18:29:20.0716807Z"},"nsu=http://opcfoundation.org/UA/Plc/Applications;s=RandomSignedInt32":{"Value":-290269744,"SourceTimestamp":"2024-04-27T18:29:20.071669Z","ServerTimestamp":"2024-04-27T18:29:20.0716743Z"},"nsu=http://opcfoundation.org/UA/Plc/Applications;s=RandomUnsignedInt32":{"Value":1048401042,"SourceTimestamp":"2024-04-27T18:29:20.0716647Z","ServerTimestamp":"2024-04-27T18:29:20.071666Z"},"nsu=http://opcfoundation.org/UA/Plc/Applications;s=DipData":{"Value":24.868988716485482,"SourceTimestamp":"2024-04-27T18:29:20.0716676Z","ServerTimestamp":"2024-04-27T18:29:20.0716693Z"},"nsu=http://opcfoundation.org/UA/Plc/Applications;s=FastUIntScalar1":{"Value":27,"SourceTimestamp":"2024-04-27T18:29:19.2673572Z","ServerTimestamp":"2024-04-27T18:29:19.2673841Z"},"nsu=http://opcfoundation.org/UA/Plc/Applications;s=FastUIntScalar2":{"Value":27,"SourceTimestamp":"2024-04-27T18:29:19.2673961Z","ServerTimestamp":"2024-04-27T18:29:19.2673969Z"},"nsu=http://opcfoundation.org/UA/Plc/Applications;s=FastUIntScalar3":{"Value":27,"SourceTimestamp":"2024-04-27T18:29:19.2673984Z","ServerTimestamp":"2024-04-27T18:29:19.2673996Z"},"nsu=http://opcfoundation.org/UA/Plc/Applications;s=FastRandomUIntScalar1":{"Value":1781158181,"SourceTimestamp":"2024-04-27T18:29:19.2673569Z","ServerTimestamp":"2024-04-27T18:29:19.2673607Z"},"nsu=http://opcfoundation.org/UA/Plc/Applications;s=FastRandomUIntScalar2":{"Value":921890806,"SourceTimestamp":"2024-04-27T18:29:19.2673735Z","ServerTimestamp":"2024-04-27T18:29:19.2673746Z"},"nsu=http://opcfoundation.org/UA/Plc/Applications;s=FastRandomUIntScalar3":{"Value":1149361273,"SourceTimestamp":"2024-04-27T18:29:19.2673771Z","ServerTimestamp":"2024-04-27T18:29:19.2673783Z"},"nsu=http://opcfoundation.org/UA/Plc/Applications;s=SpikeData":{"Value":24.868988716485482,"SourceTimestamp":"2024-04-27T18:29:20.0716473Z","ServerTimestamp":"2024-04-27T18:29:20.0716553Z"}}