{"nsu=http://opcfoundation.org/UA/Plc/Applications;s=StepUp":{"Value":318,"SourceTimestamp":"2024-04-27T18:29:24.0639273Z","ServerTimestamp":"2024-04-27T18:29:24.0639309Z"},"nsu=http://opcfoundation.org/UA/Plc/Applications;s=RandomSignedInt32":{"Value":1025956613,"SourceTimestamp":"2024-04-27T18:29:24.063924Z","ServerTimestamp":"2024-04-27T18:29:24.0639284Z"},"nsu=http://opcfoundation.org/UA/Plc/Applications;s=RandomUnsignedInt32":{"Value":89638429,"SourceTimestamp":"2024-04-27T18:29:24.0639226Z","ServerTimestamp":"2024-04-27T18:29:24.0639234Z"},"nsu=http://opcfoundation.org/UA/Plc/Applications;s=DipData":{"Value":-84.432792550201526,"SourceTimestamp":"2024-04-27T18:29:24.0639329Z","ServerTimestamp":"2024-04-27T18:29:24.0639347Z"},"nsu=http://opcfoundation.org/UA/Plc/Applications;s=FastUIntScalar1":{"Value":31,"SourceTimestamp":"2024-04-27T18:29:23.2712576Z","ServerTimestamp":"2024-04-27T18:29:23.2712602Z"},"nsu=http://opcfoundation.org/UA/Plc/Applications;s=FastUIntScalar2":{"Value":31,"SourceTimestamp":"2024-04-27T18:29:23.2712715Z","ServerTimestamp":"2024-04-27T18:29:23.271286Z"},"nsu=http://opcfoundation.org/UA/Plc/Applications;s=FastUIntScalar3":{"Value":31,"SourceTimestamp":"2024-04-27T18:29:23.2712878Z","ServerTimestamp":"2024-04-27T18:29:23.2713074Z"},"nsu=http://opcfoundation.org/UA/Plc/Applications;s=FastRandomUIntScalar1":{"Value":2861396169,"SourceTimestamp":"2024-04-27T18:29:23.2712662Z","ServerTimestamp":"2024-04-27T18:29:23.2712731Z"},"nsu=http://opcfoundation.org/UA/Plc/Applications;s=FastRandomUIntScalar2":{"Value":2626469138,"SourceTimestamp":"2024-04-27T18:29:23.2712855Z","ServerTimestamp":"2024-04-27T18:29:23.2712879Z"},"nsu=http://opcfoundation.org/UA/Plc/Applications;s=FastRandomUIntScalar3":{"Value":2038016975,"SourceTimestamp":"2024-04-27T18:29:23.2712902Z","ServerTimestamp":"2024-04-27T18:29:23.2712914Z"},"nsu=http://opcfoundation.org/UA/Plc/Applications;s=SpikeData":{"Value":-84.432792550201526,"SourceTimestamp":"2024-04-27T18:29:24.0638891Z","ServerTimestamp":"2024-04-27T18:29:24.0638923Z"}}