{"nsu=http://opcfoundation.org/UA/Plc/Applications;s=StepUp":{"Value":348,"SourceTimestamp":"2024-04-27T18:29:27.0633392Z","ServerTimestamp":"2024-04-27T18:29:27.0633409Z"},"nsu=http://opcfoundation.org/UA/Plc/Applications;s=RandomSignedInt32":{"Value":473894055,"SourceTimestamp":"2024-04-27T18:29:27.0638495Z","ServerTimestamp":"2024-04-27T18:29:27.0638517Z"},"nsu=http://opcfoundation.org/UA/Plc/Applications;s=RandomUnsignedInt32":{"Value":798728748,"SourceTimestamp":"2024-04-27T18:29:27.0633355Z","ServerTimestamp":"2024-04-27T18:29:27.0633361Z"},"nsu=http://opcfoundation.org/UA/Plc/Applications;s=DipData":{"Value":36.812455268467801,"SourceTimestamp":"2024-04-27T18:29:27.0633341Z","ServerTimestamp":"2024-04-27T18:29:27.0633347Z"},"nsu=http://opcfoundation.org/UA/Plc/Applications;s=FastUIntScalar1":{"Value":34,"SourceTimestamp":"2024-04-27T18:29:26.2673358Z","ServerTimestamp":"2024-04-27T18:29:26.2673388Z"},"nsu=http://opcfoundation.org/UA/Plc/Applications;s=FastUIntScalar2":{"Value":34,"SourceTimestamp":"2024-04-27T18:29:26.2673485Z","ServerTimestamp":"2024-04-27T18:29:26.2673548Z"},"nsu=http://opcfoundation.org/UA/Plc/Applications;s=FastUIntScalar3":{"Value":34,"SourceTimestamp":"2024-04-27T18:29:26.2673558Z","ServerTimestamp":"2024-04-27T18:29:26.2673571Z"},"nsu=http://opcfoundation.org/UA/Plc/Applications;s=FastRandomUIntScalar1":{"Value":2765474547,"SourceTimestamp":"2024-04-27T18:29:26.2673402Z","ServerTimestamp":"2024-04-27T18:29:26.2673488Z"},"nsu=http://opcfoundation.org/UA/Plc/Applications;s=FastRandomUIntScalar2":{"Value":3191471827,"SourceTimestamp":"2024-04-27T18:29:26.2673548Z","ServerTimestamp":"2024-04-27T18:29:26.2673559Z"},"nsu=http://opcfoundation.org/UA/Plc/Applications;s=FastRandomUIntScalar3":{"Value":3424571328,"SourceTimestamp":"2024-04-27T18:29:26.2673569Z","ServerTimestamp":"2024-04-27T18:29:26.2673581Z"},"nsu=http://opcfoundation.org/UA/Plc/Applications;s=SpikeData":{"Value":36.812455268467801,"SourceTimestamp":"2024-04-27T18:29:27.06305Z","ServerTimestamp":"2024-04-27T18:29:27.0630535Z"}}