{"nsu=http://opcfoundation.org/UA/Plc/Applications;s=StepUp":{"Value":378,"SourceTimestamp":"2024-04-27T18:29:30.0586704Z","ServerTimestamp":"2024-04-27T18:29:30.0586754Z"},"nsu=http://opcfoundation.org/UA/Plc/Applications;s=RandomSignedInt32":{"Value":-440555727,"SourceTimestamp":"2024-04-27T18:29:30.0586632Z","ServerTimestamp":"2024-04-27T18:29:30.0586667Z"},"nsu=http://opcfoundation.org/UA/Plc/Applications;s=RandomUnsignedInt32":{"Value":1532665661,"SourceTimestamp":"2024-04-27T18:29:30.0586628Z","ServerTimestamp":"2024-04-27T18:29:30.0586636Z"},"nsu=http://opcfoundation.org/UA/Plc/Applications;s=DipData":{"Value":24.868988716485482,"SourceTimestamp":"2024-04-27T18:29:30.0586674Z","ServerTimestamp":"2024-04-27T18:29:30.0586694Z"},"nsu=http://opcfoundation.org/UA/Plc/Applications;s=FastUIntScalar1":{"Value":37,"SourceTimestamp":"2024-04-27T18:29:29.2706572Z","ServerTimestamp":"2024-04-27T18:29:29.2706593Z"},"nsu=http://opcfoundation.org/UA/Plc/Applications;s=FastUIntScalar2":{"Value":37,"SourceTimestamp":"2024-04-27T18:29:29.2706677Z","ServerTimestamp":"2024-04-27T18:29:29.2706739Z"},"nsu=http://opcfoundation.org/UA/Plc/Applications;s=FastUIntScalar3":{"Value":37,"SourceTimestamp":"2024-04-27T18:29:29.2706751Z","ServerTimestamp":"2024-04-27T18:29:29.2706762Z"},"nsu=http://opcfoundation.org/UA/Plc/Applications;s=FastRandomUIntScalar1":{"Value":703340789,"SourceTimestamp":"2024-04-27T18:29:29.2706597Z","ServerTimestamp":"2024-04-27T18:29:29.2706682Z"},"nsu=http://opcfoundation.org/UA/Plc/Applications;s=FastRandomUIntScalar2":{"Value":4009286300,"SourceTimestamp":"2024-04-27T18:29:29.270674Z","ServerTimestamp":"2024-04-27T18:29:29.2706749Z"},"nsu=http://opcfoundation.org/UA/Plc/Applications;s=FastRandomUIntScalar3":{"Value":2167964874,"SourceTimestamp":"2024-04-27T18:29:29.270676Z","ServerTimestamp":"2024-04-27T18:29:29.2706775Z"},"nsu=http://opcfoundation.org/UA/Plc/Applications;s=SpikeData":{"Value":24.868988716485482,"SourceTimestamp":"2024-04-27T18:29:30.0586389Z","ServerTimestamp":"2024-04-27T18:29:30.0586416Z"}}