{"nsu=http://opcfoundation.org/UA/Plc/Applications;s=SlowUIntScalar1":{"Value":4,"SourceTimestamp":"2024-04-27T18:29:32.261371Z","ServerTimestamp":"2024-04-27T18:29:32.2613741Z"},"nsu=http://opcfoundation.org/UA/Plc/Applications;s=SlowUIntScalar2":{"Value":4,"SourceTimestamp":"2024-04-27T18:29:32.2613836Z","ServerTimestamp":"2024-04-27T18:29:32.2613889Z"},"nsu=http://opcfoundation.org/UA/Plc/Applications;s=SlowUIntScalar3":{"Value":4,"SourceTimestamp":"2024-04-27T18:29:32.2613907Z","ServerTimestamp":"2024-04-27T18:29:32.2613917Z"},"nsu=http://opcfoundation.org/UA/Plc/Applications;s=BadSlowUIntScalar1":{"Value":4,"StatusCode":{"Symbol":"UncertainLastUsableValue","Code":1083179008},"SourceTimestamp":"2024-04-27T18:29:32.2613936Z","ServerTimestamp":"2024-04-27T18:29:32.2613942Z"},"nsu=http://opcfoundation.org/UA/Plc/Applications;s=SlowRandomUIntScalar1":{"Value":2940192513,"SourceTimestamp":"2024-04-27T18:29:32.2613797Z","ServerTimestamp":"2024-04-27T18:29:32.2613836Z"},"nsu=http://opcfoundation.org/UA/Plc/Applications;s=SlowRandomUIntScalar2":{"Value":1624498135,"SourceTimestamp":"2024-04-27T18:29:32.2613888Z","ServerTimestamp":"2024-04-27T18:29:32.2613908Z"},"nsu=http://opcfoundation.org/UA/Plc/Applications;s=SlowRandomUIntScalar3":{"Value":4275383608,"SourceTimestamp":"2024-04-27T18:29:32.2613916Z","ServerTimestamp":"2024-04-27T18:29:32.2613932Z"},"nsu=http://opcfoundation.org/UA/Plc/Applications;s=BadSlowRandomUIntScalar1":{"Value":1413474207,"StatusCode":{"Symbol":"UncertainLastUsableValue","Code":1083179008},"SourceTimestamp":"2024-04-27T18:29:32.2613946Z","ServerTimestamp":"2024-04-27T18:29:32.2614033Z"}}