{"nsu=http://opcfoundation.org/UA/Plc/Applications;s=StepUp":{"Value":418,"SourceTimestamp":"2024-04-27T18:29:34.061649Z","ServerTimestamp":"2024-04-27T18:29:34.0616785Z"},"nsu=http://opcfoundation.org/UA/Plc/Applications;s=RandomSignedInt32":{"Value":-1295337523,"SourceTimestamp":"2024-04-27T18:29:34.0616517Z","ServerTimestamp":"2024-04-27T18:29:34.0616558Z"},"nsu=http://opcfoundation.org/UA/Plc/Applications;s=RandomUnsignedInt32":{"Value":2063886824,"SourceTimestamp":"2024-04-27T18:29:34.0616591Z","ServerTimestamp":"2024-04-27T18:29:34.0616643Z"},"nsu=http://opcfoundation.org/UA/Plc/Applications;s=DipData":{"Value":-84.432792550201526,"SourceTimestamp":"2024-04-27T18:29:34.0616741Z","ServerTimestamp":"2024-04-27T18:29:34.0616747Z"},"nsu=http://opcfoundation.org/UA/Plc/Applications;s=FastUIntScalar1":{"Value":41,"SourceTimestamp":"2024-04-27T18:29:33.27247Z","ServerTimestamp":"2024-04-27T18:29:33.2724731Z"},"nsu=http://opcfoundation.org/UA/Plc/Applications;s=FastUIntScalar2":{"Value":41,"SourceTimestamp":"2024-04-27T18:29:33.2724852Z","ServerTimestamp":"2024-04-27T18:29:33.2724989Z"},"nsu=http://opcfoundation.org/UA/Plc/Applications;s=FastUIntScalar3":{"Value":41,"SourceTimestamp":"2024-04-27T18:29:33.2725003Z","ServerTimestamp":"2024-04-27T18:29:33.2725036Z"},"nsu=http://opcfoundation.org/UA/Plc/Applications;s=FastRandomUIntScalar1":{"Value":3538441824,"SourceTimestamp":"2024-04-27T18:29:33.2724757Z","ServerTimestamp":"2024-04-27T18:29:33.2724865Z"},"nsu=http://opcfoundation.org/UA/Plc/Applications;s=FastRandomUIntScalar2":{"Value":2768499751,"SourceTimestamp":"2024-04-27T18:29:33.2724989Z","ServerTimestamp":"2024-04-27T18:29:33.2725005Z"},"nsu=http://opcfoundation.org/UA/Plc/Applications;s=FastRandomUIntScalar3":{"Value":228132979,"SourceTimestamp":"2024-04-27T18:29:33.2725035Z","ServerTimestamp":"2024-04-27T18:29:33.2725053Z"},"nsu=http://opcfoundation.org/UA/Plc/Applications;s=SpikeData":{"Value":-84.432792550201526,"SourceTimestamp":"2024-04-27T18:29:34.0616782Z","ServerTimestamp":"2024-04-27T18:29:34.0616872Z"}}