{"nsu=http://opcfoundation.org/UA/Plc/Applications;s=StepUp":{"Value":428,"SourceTimestamp":"2024-04-27T18:29:35.0701832Z","ServerTimestamp":"2024-04-27T18:29:35.0701917Z"},"nsu=http://opcfoundation.org/UA/Plc/Applications;s=RandomSignedInt32":{"Value":-36137778,"SourceTimestamp":"2024-04-27T18:29:35.0701716Z","ServerTimestamp":"2024-04-27T18:29:35.070182Z"},"nsu=http://opcfoundation.org/UA/Plc/Applications;s=RandomUnsignedInt32":{"Value":277380960,"SourceTimestamp":"2024-04-27T18:29:35.0701698Z","ServerTimestamp":"2024-04-27T18:29:35.0701772Z"},"nsu=http://opcfoundation.org/UA/Plc/Applications;s=DipData":{"Value":24.868988716485482,"SourceTimestamp":"2024-04-27T18:29:35.0701591Z","ServerTimestamp":"2024-04-27T18:29:35.0701656Z"},"nsu=http://opcfoundation.org/UA/Plc/Applications;s=FastUIntScalar1":{"Value":42,"SourceTimestamp":"2024-04-27T18:29:34.2634187Z","ServerTimestamp":"2024-04-27T18:29:34.263433Z"},"nsu=http://opcfoundation.org/UA/Plc/Applications;s=FastUIntScalar2":{"Value":42,"SourceTimestamp":"2024-04-27T18:29:34.2634397Z","ServerTimestamp":"2024-04-27T18:29:34.2634408Z"},"nsu=http://opcfoundation.org/UA/Plc/Applications;s=FastUIntScalar3":{"Value":42,"SourceTimestamp":"2024-04-27T18:29:34.2634429Z","ServerTimestamp":"2024-04-27T18:29:34.2634439Z"},"nsu=http://opcfoundation.org/UA/Plc/Applications;s=FastRandomUIntScalar1":{"Value":2052249190,"SourceTimestamp":"2024-04-27T18:29:34.2634187Z","ServerTimestamp":"2024-04-27T18:29:34.2634208Z"},"nsu=http://opcfoundation.org/UA/Plc/Applications;s=FastRandomUIntScalar2":{"Value":2776807347,"SourceTimestamp":"2024-04-27T18:29:34.2634306Z","ServerTimestamp":"2024-04-27T18:29:34.2634311Z"},"nsu=http://opcfoundation.org/UA/Plc/Applications;s=FastRandomUIntScalar3":{"Value":215896291,"SourceTimestamp":"2024-04-27T18:29:34.2634323Z","ServerTimestamp":"2024-04-27T18:29:34.2634396Z"},"nsu=http://opcfoundation.org/UA/Plc/Applications;s=SpikeData":{"Value":24.868988716485482,"SourceTimestamp":"2024-04-27T18:29:35.070115Z","ServerTimestamp":"2024-04-27T18:29:35.0701204Z"}}