{"nsu=http://opcfoundation.org/UA/Plc/Applications;s=StepUp":{"Value":458,"SourceTimestamp":"2024-04-27T18:29:38.0690421Z","ServerTimestamp":"2024-04-27T18:29:38.0690442Z"},"nsu=http://opcfoundation.org/UA/Plc/Applications;s=AlternatingBoolean":{"Value":false,"SourceTimestamp":"2024-04-27T18:29:37.3607186Z","ServerTimestamp":"2024-04-27T18:29:37.3607215Z"},"nsu=http://opcfoundation.org/UA/Plc/Applications;s=RandomSignedInt32":{"Value":1605227801,"SourceTimestamp":"2024-04-27T18:29:38.0690357Z","ServerTimestamp":"2024-04-27T18:29:38.0690403Z"},"nsu=http://opcfoundation.org/UA/Plc/Applications;s=RandomUnsignedInt32":{"Value":1880014587,"SourceTimestamp":"2024-04-27T18:29:38.0690491Z","ServerTimestamp":"2024-04-27T18:29:38.0690592Z"},"nsu=http://opcfoundation.org/UA/Plc/Applications;s=DipData":{"Value":-77.0513242775789,"SourceTimestamp":"2024-04-27T18:29:38.0690275Z","ServerTimestamp":"2024-04-27T18:29:38.0690321Z"},"nsu=http://opcfoundation.org/UA/Plc/Applications;s=FastUIntScalar1":{"Value":45,"SourceTimestamp":"2024-04-27T18:29:37.2696823Z","ServerTimestamp":"2024-04-27T18:29:37.2696846Z"},"nsu=http://opcfoundation.org/UA/Plc/Applications;s=FastUIntScalar2":{"Value":45,"SourceTimestamp":"2024-04-27T18:29:37.2696929Z","ServerTimestamp":"2024-04-27T18:29:37.2696936Z"},"nsu=http://opcfoundation.org/UA/Plc/Applications;s=FastUIntScalar3":{"Value":45,"SourceTimestamp":"2024-04-27T18:29:37.2696946Z","ServerTimestamp":"2024-04-27T18:29:37.2696953Z"},"nsu=http://opcfoundation.org/UA/Plc/Applications;s=FastRandomUIntScalar1":{"Value":262231024,"SourceTimestamp":"2024-04-27T18:29:37.2696826Z","ServerTimestamp":"2024-04-27T18:29:37.2696971Z"},"nsu=http://opcfoundation.org/UA/Plc/Applications;s=FastRandomUIntScalar2":{"Value":2186441503,"SourceTimestamp":"2024-04-27T18:29:37.2697039Z","ServerTimestamp":"2024-04-27T18:29:37.2697048Z"},"nsu=http://opcfoundation.org/UA/Plc/Applications;s=FastRandomUIntScalar3":{"Value":462577360,"SourceTimestamp":"2024-04-27T18:29:37.2697059Z","ServerTimestamp":"2024-04-27T18:29:37.2697066Z"},"nsu=http://opcfoundation.org/UA/Plc/Applications;s=NegativeTrendData":{"Value":99.200000000000003,"SourceTimestamp":"2024-04-27T18:29:37.3606992Z","ServerTimestamp":"2024-04-27T18:29:37.3607107Z"},"nsu=http://opcfoundation.org/UA/Plc/Applications;s=PositiveTrendData":{"Value":100.3,"SourceTimestamp":"2024-04-27T18:29:37.3606918Z","ServerTimestamp":"2024-04-27T18:29:37.3606943Z"},"nsu=http://opcfoundation.org/UA/Plc/Applications;s=SpikeData":{"Value":-77.0513242775789,"SourceTimestamp":"2024-04-27T18:29:38.0689935Z","ServerTimestamp":"2024-04-27T18:29:38.0689973Z"}}