{"nsu=http://opcfoundation.org/UA/Plc/Applications;s=StepUp":{"Value":498,"SourceTimestamp":"2024-04-27T18:29:42.07003Z","ServerTimestamp":"2024-04-27T18:29:42.0700306Z"},"nsu=http://opcfoundation.org/UA/Plc/Applications;s=RandomSignedInt32":{"Value":-1312892940,"SourceTimestamp":"2024-04-27T18:29:42.0700255Z","ServerTimestamp":"2024-04-27T18:29:42.0700284Z"},"nsu=http://opcfoundation.org/UA/Plc/Applications;s=RandomUnsignedInt32":{"Value":1655414878,"SourceTimestamp":"2024-04-27T18:29:42.0700244Z","ServerTimestamp":"2024-04-27T18:29:42.0700252Z"},"nsu=http://opcfoundation.org/UA/Plc/Applications;s=DipData":{"Value":36.812455268467801,"SourceTimestamp":"2024-04-27T18:29:42.0700224Z","ServerTimestamp":"2024-04-27T18:29:42.070023Z"},"nsu=http://opcfoundation.org/UA/Plc/Applications;s=FastUIntScalar1":{"Value":49,"SourceTimestamp":"2024-04-27T18:29:41.2619336Z","ServerTimestamp":"2024-04-27T18:29:41.2619374Z"},"nsu=http://opcfoundation.org/UA/Plc/Applications;s=FastUIntScalar2":{"Value":49,"SourceTimestamp":"2024-04-27T18:29:41.2619499Z","ServerTimestamp":"2024-04-27T18:29:41.2619825Z"},"nsu=http://opcfoundation.org/UA/Plc/Applications;s=FastUIntScalar3":{"Value":49,"SourceTimestamp":"2024-04-27T18:29:41.2619851Z","ServerTimestamp":"2024-04-27T18:29:41.2619861Z"},"nsu=http://opcfoundation.org/UA/Plc/Applications;s=FastRandomUIntScalar1":{"Value":2897113416,"SourceTimestamp":"2024-04-27T18:29:41.2619365Z","ServerTimestamp":"2024-04-27T18:29:41.2619511Z"},"nsu=http://opcfoundation.org/UA/Plc/Applications;s=FastRandomUIntScalar2":{"Value":1426880733,"SourceTimestamp":"2024-04-27T18:29:41.2619638Z","ServerTimestamp":"2024-04-27T18:29:41.261965Z"},"nsu=http://opcfoundation.org/UA/Plc/Applications;s=FastRandomUIntScalar3":{"Value":644495483,"SourceTimestamp":"2024-04-27T18:29:41.2619677Z","ServerTimestamp":"2024-04-27T18:29:41.2619691Z"},"nsu=http://opcfoundation.org/UA/Plc/Applications;s=SpikeData":{"Value":36.812455268467801,"SourceTimestamp":"2024-04-27T18:29:42.0700027Z","ServerTimestamp":"2024-04-27T18:29:42.0700064Z"}}