{"nsu=http://opcfoundation.org/UA/Plc/Applications;s=StepUp":{"Value":528,"SourceTimestamp":"2024-04-27T18:29:45.0679502Z","ServerTimestamp":"2024-04-27T18:29:45.0679516Z"},"nsu=http://opcfoundation.org/UA/Plc/Applications;s=RandomSignedInt32":{"Value":-1715964292,"SourceTimestamp":"2024-04-27T18:29:45.0679357Z","ServerTimestamp":"2024-04-27T18:29:45.0679381Z"},"nsu=http://opcfoundation.org/UA/Plc/Applications;s=RandomUnsignedInt32":{"Value":1607827569,"SourceTimestamp":"2024-04-27T18:29:45.0679446Z","ServerTimestamp":"2024-04-27T18:29:45.0679463Z"},"nsu=http://opcfoundation.org/UA/Plc/Applications;s=DipData":{"Value":24.868988716485482,"SourceTimestamp":"2024-04-27T18:29:45.0679251Z","ServerTimestamp":"2024-04-27T18:29:45.0679265Z"},"nsu=http://opcfoundation.org/UA/Plc/Applications;s=FastUIntScalar1":{"Value":52,"SourceTimestamp":"2024-04-27T18:29:44.2647028Z","ServerTimestamp":"2024-04-27T18:29:44.2647054Z"},"nsu=http://opcfoundation.org/UA/Plc/Applications;s=FastUIntScalar2":{"Value":52,"SourceTimestamp":"2024-04-27T18:29:44.2647152Z","ServerTimestamp":"2024-04-27T18:29:44.2647218Z"},"nsu=http://opcfoundation.org/UA/Plc/Applications;s=FastUIntScalar3":{"Value":52,"SourceTimestamp":"2024-04-27T18:29:44.2647234Z","ServerTimestamp":"2024-04-27T18:29:44.2647245Z"},"nsu=http://opcfoundation.org/UA/Plc/Applications;s=FastRandomUIntScalar1":{"Value":1677309674,"SourceTimestamp":"2024-04-27T18:29:44.2647077Z","ServerTimestamp":"2024-04-27T18:29:44.2647153Z"},"nsu=http://opcfoundation.org/UA/Plc/Applications;s=FastRandomUIntScalar2":{"Value":2165470157,"SourceTimestamp":"2024-04-27T18:29:44.2647216Z","ServerTimestamp":"2024-04-27T18:29:44.2647232Z"},"nsu=http://opcfoundation.org/UA/Plc/Applications;s=FastRandomUIntScalar3":{"Value":1616656096,"SourceTimestamp":"2024-04-27T18:29:44.2647244Z","ServerTimestamp":"2024-04-27T18:29:44.2647261Z"},"nsu=http://opcfoundation.org/UA/Plc/Applications;s=SpikeData":{"Value":24.868988716485482,"SourceTimestamp":"2024-04-27T18:29:45.0678998Z","ServerTimestamp":"2024-04-27T18:29:45.0679339Z"}}