{"nsu=http://opcfoundation.org/UA/Plc/Applications;s=StepUp":{"Value":548,"SourceTimestamp":"2024-04-27T18:29:47.0633339Z","ServerTimestamp":"2024-04-27T18:29:47.0633359Z"},"nsu=http://opcfoundation.org/UA/Plc/Applications;s=RandomSignedInt32":{"Value":-1746711515,"SourceTimestamp":"2024-04-27T18:29:47.0633379Z","ServerTimestamp":"2024-04-27T18:29:47.0633434Z"},"nsu=http://opcfoundation.org/UA/Plc/Applications;s=RandomUnsignedInt32":{"Value":557597923,"SourceTimestamp":"2024-04-27T18:29:47.0633242Z","ServerTimestamp":"2024-04-27T18:29:47.0633259Z"},"nsu=http://opcfoundation.org/UA/Plc/Applications;s=DipData":{"Value":36.812455268467801,"SourceTimestamp":"2024-04-27T18:29:47.0633245Z","ServerTimestamp":"2024-04-27T18:29:47.0633385Z"},"nsu=http://opcfoundation.org/UA/Plc/Applications;s=FastUIntScalar1":{"Value":54,"SourceTimestamp":"2024-04-27T18:29:46.2722245Z","ServerTimestamp":"2024-04-27T18:29:46.2722282Z"},"nsu=http://opcfoundation.org/UA/Plc/Applications;s=FastUIntScalar2":{"Value":54,"SourceTimestamp":"2024-04-27T18:29:46.2722838Z","ServerTimestamp":"2024-04-27T18:29:46.2722844Z"},"nsu=http://opcfoundation.org/UA/Plc/Applications;s=FastUIntScalar3":{"Value":54,"SourceTimestamp":"2024-04-27T18:29:46.2722857Z","ServerTimestamp":"2024-04-27T18:29:46.2722864Z"},"nsu=http://opcfoundation.org/UA/Plc/Applications;s=FastRandomUIntScalar1":{"Value":2898625148,"SourceTimestamp":"2024-04-27T18:29:46.2722309Z","ServerTimestamp":"2024-04-27T18:29:46.2722967Z"},"nsu=http://opcfoundation.org/UA/Plc/Applications;s=FastRandomUIntScalar2":{"Value":1017334610,"SourceTimestamp":"2024-04-27T18:29:46.2723069Z","ServerTimestamp":"2024-04-27T18:29:46.2723345Z"},"nsu=http://opcfoundation.org/UA/Plc/Applications;s=FastRandomUIntScalar3":{"Value":4043758139,"SourceTimestamp":"2024-04-27T18:29:46.272337Z","ServerTimestamp":"2024-04-27T18:29:46.2723377Z"},"nsu=http://opcfoundation.org/UA/Plc/Applications;s=SpikeData":{"Value":36.812455268467801,"SourceTimestamp":"2024-04-27T18:29:47.0632731Z","ServerTimestamp":"2024-04-27T18:29:47.0632776Z"}}