{"nsu=http://opcfoundation.org/UA/Plc/Applications;s=AlternatingBoolean":{"Value":false,"SourceTimestamp":"2024-04-27T18:29:47.3715288Z","ServerTimestamp":"2024-04-27T18:29:47.3715469Z"},"nsu=http://opcfoundation.org/UA/Plc/Applications;s=NegativeTrendData":{"Value":99,"SourceTimestamp":"2024-04-27T18:29:47.3715011Z","ServerTimestamp":"2024-04-27T18:29:47.3715101Z"},"nsu=http://opcfoundation.org/UA/Plc/Applications;s=PositiveTrendData":{"Value":100.5,"SourceTimestamp":"2024-04-27T18:29:47.3714782Z","ServerTimestamp":"2024-04-27T18:29:47.3714825Z"}}