{"nsu=http://opcfoundation.org/UA/Plc/Applications;s=AlternatingBoolean":{"Value":true,"SourceTimestamp":"2024-04-27T18:29:52.3623188Z","ServerTimestamp":"2024-04-27T18:29:52.3623276Z"},"nsu=http://opcfoundation.org/UA/Plc/Applications;s=NegativeTrendData":{"Value":98.900000000000006,"SourceTimestamp":"2024-04-27T18:29:52.3623031Z","ServerTimestamp":"2024-04-27T18:29:52.3623546Z"},"nsu=http://opcfoundation.org/UA/Plc/Applications;s=PositiveTrendData":{"Value":100.59999999999999,"SourceTimestamp":"2024-04-27T18:29:52.3623018Z","ServerTimestamp":"2024-04-27T18:29:52.362321Z"}}