{"nsu=http://opcfoundation.org/UA/Plc/Applications;s=SlowUIntScalar1":{"Value":6,"SourceTimestamp":"2024-04-27T18:29:52.2703769Z","ServerTimestamp":"2024-04-27T18:29:52.2703792Z"},"nsu=http://opcfoundation.org/UA/Plc/Applications;s=SlowUIntScalar2":{"Value":6,"SourceTimestamp":"2024-04-27T18:29:52.2703943Z","ServerTimestamp":"2024-04-27T18:29:52.2704008Z"},"nsu=http://opcfoundation.org/UA/Plc/Applications;s=SlowUIntScalar3":{"Value":6,"SourceTimestamp":"2024-04-27T18:29:52.2704021Z","ServerTimestamp":"2024-04-27T18:29:52.2704036Z"},"nsu=http://opcfoundation.org/UA/Plc/Applications;s=BadSlowUIntScalar1":{"Value":6,"SourceTimestamp":"2024-04-27T18:29:52.270405Z","ServerTimestamp":"2024-04-27T18:29:52.2704059Z"},"nsu=http://opcfoundation.org/UA/Plc/Applications;s=SlowRandomUIntScalar1":{"Value":1142267708,"SourceTimestamp":"2024-04-27T18:29:52.2703876Z","ServerTimestamp":"2024-04-27T18:29:52.2703947Z"},"nsu=http://opcfoundation.org/UA/Plc/Applications;s=SlowRandomUIntScalar2":{"Value":2800692101,"SourceTimestamp":"2024-04-27T18:29:52.270401Z","ServerTimestamp":"2024-04-27T18:29:52.2704022Z"},"nsu=http://opcfoundation.org/UA/Plc/Applications;s=SlowRandomUIntScalar3":{"Value":4273400526,"SourceTimestamp":"2024-04-27T18:29:52.2704036Z","ServerTimestamp":"2024-04-27T18:29:52.2704049Z"},"nsu=http://opcfoundation.org/UA/Plc/Applications;s=BadSlowRandomUIntScalar1":{"Value":93632149,"SourceTimestamp":"2024-04-27T18:29:52.2704064Z","ServerTimestamp":"2024-04-27T18:29:52.2704074Z"}}