{"nsu=http://opcfoundation.org/UA/Plc/Applications;s=StepUp":{"Value":628,"SourceTimestamp":"2024-04-27T18:29:55.0586594Z","ServerTimestamp":"2024-04-27T18:29:55.0586813Z"},"nsu=http://opcfoundation.org/UA/Plc/Applications;s=RandomSignedInt32":{"Value":-1833766655,"SourceTimestamp":"2024-04-27T18:29:55.0586568Z","ServerTimestamp":"2024-04-27T18:29:55.05867Z"},"nsu=http://opcfoundation.org/UA/Plc/Applications;s=RandomUnsignedInt32":{"Value":74449892,"SourceTimestamp":"2024-04-27T18:29:55.0586522Z","ServerTimestamp":"2024-04-27T18:29:55.0586531Z"},"nsu=http://opcfoundation.org/UA/Plc/Applications;s=DipData":{"Value":24.868988716485482,"SourceTimestamp":"2024-04-27T18:29:55.0586597Z","ServerTimestamp":"2024-04-27T18:29:55.0586624Z"},"nsu=http://opcfoundation.org/UA/Plc/Applications;s=FastUIntScalar1":{"Value":62,"SourceTimestamp":"2024-04-27T18:29:54.2896178Z","ServerTimestamp":"2024-04-27T18:29:54.2896198Z"},"nsu=http://opcfoundation.org/UA/Plc/Applications;s=FastUIntScalar2":{"Value":62,"SourceTimestamp":"2024-04-27T18:29:54.2896407Z","ServerTimestamp":"2024-04-27T18:29:54.2896413Z"},"nsu=http://opcfoundation.org/UA/Plc/Applications;s=FastUIntScalar3":{"Value":62,"SourceTimestamp":"2024-04-27T18:29:54.2896428Z","ServerTimestamp":"2024-04-27T18:29:54.2896433Z"},"nsu=http://opcfoundation.org/UA/Plc/Applications;s=FastRandomUIntScalar1":{"Value":1288993911,"SourceTimestamp":"2024-04-27T18:29:54.2896192Z","ServerTimestamp":"2024-04-27T18:29:54.2896915Z"},"nsu=http://opcfoundation.org/UA/Plc/Applications;s=FastRandomUIntScalar2":{"Value":2409007140,"SourceTimestamp":"2024-04-27T18:29:54.289698Z","ServerTimestamp":"2024-04-27T18:29:54.2896989Z"},"nsu=http://opcfoundation.org/UA/Plc/Applications;s=FastRandomUIntScalar3":{"Value":1603668252,"SourceTimestamp":"2024-04-27T18:29:54.2897004Z","ServerTimestamp":"2024-04-27T18:29:54.2897013Z"},"nsu=http://opcfoundation.org/UA/Plc/Applications;s=SpikeData":{"Value":24.868988716485482,"SourceTimestamp":"2024-04-27T18:29:55.0586139Z","ServerTimestamp":"2024-04-27T18:29:55.058619Z"}}