{"nsu=http://opcfoundation.org/UA/Plc/Applications;s=StepUp":{"Value":648,"SourceTimestamp":"2024-04-27T18:29:57.0675115Z","ServerTimestamp":"2024-04-27T18:29:57.0675133Z"},"nsu=http://opcfoundation.org/UA/Plc/Applications;s=RandomSignedInt32":{"Value":79343275,"SourceTimestamp":"2024-04-27T18:29:57.0675054Z","ServerTimestamp":"2024-04-27T18:29:57.0675088Z"},"nsu=http://opcfoundation.org/UA/Plc/Applications;s=RandomUnsignedInt32":{"Value":1078074623,"SourceTimestamp":"2024-04-27T18:29:57.0675043Z","ServerTimestamp":"2024-04-27T18:29:57.0675175Z"},"nsu=http://opcfoundation.org/UA/Plc/Applications;s=DipData":{"Value":36.812455268467801,"SourceTimestamp":"2024-04-27T18:29:57.0674979Z","ServerTimestamp":"2024-04-27T18:29:57.0675059Z"},"nsu=http://opcfoundation.org/UA/Plc/Applications;s=FastUIntScalar1":{"Value":64,"SourceTimestamp":"2024-04-27T18:29:56.26629Z","ServerTimestamp":"2024-04-27T18:29:56.266294Z"},"nsu=http://opcfoundation.org/UA/Plc/Applications;s=FastUIntScalar2":{"Value":64,"SourceTimestamp":"2024-04-27T18:29:56.2663078Z","ServerTimestamp":"2024-04-27T18:29:56.2663212Z"},"nsu=http://opcfoundation.org/UA/Plc/Applications;s=FastUIntScalar3":{"Value":64,"SourceTimestamp":"2024-04-27T18:29:56.2663235Z","ServerTimestamp":"2024-04-27T18:29:56.2663269Z"},"nsu=http://opcfoundation.org/UA/Plc/Applications;s=FastRandomUIntScalar1":{"Value":4210996449,"SourceTimestamp":"2024-04-27T18:29:56.2663025Z","ServerTimestamp":"2024-04-27T18:29:56.2663087Z"},"nsu=http://opcfoundation.org/UA/Plc/Applications;s=FastRandomUIntScalar2":{"Value":604180213,"SourceTimestamp":"2024-04-27T18:29:56.2663211Z","ServerTimestamp":"2024-04-27T18:29:56.2663238Z"},"nsu=http://opcfoundation.org/UA/Plc/Applications;s=FastRandomUIntScalar3":{"Value":110866607,"SourceTimestamp":"2024-04-27T18:29:56.2663262Z","ServerTimestamp":"2024-04-27T18:29:56.2663323Z"},"nsu=http://opcfoundation.org/UA/Plc/Applications;s=SpikeData":{"Value":36.812455268467801,"SourceTimestamp":"2024-04-27T18:29:57.0674582Z","ServerTimestamp":"2024-04-27T18:29:57.0674636Z"}}