{"nsu=http://opcfoundation.org/UA/Plc/Applications;s=StepUp":{"Value":658,"SourceTimestamp":"2024-04-27T18:29:58.0705323Z","ServerTimestamp":"2024-04-27T18:29:58.0705342Z"},"nsu=http://opcfoundation.org/UA/Plc/Applications;s=AlternatingBoolean":{"Value":false,"SourceTimestamp":"2024-04-27T18:29:57.3607467Z","ServerTimestamp":"2024-04-27T18:29:57.3607523Z"},"nsu=http://opcfoundation.org/UA/Plc/Applications;s=RandomSignedInt32":{"Value":747098695,"SourceTimestamp":"2024-04-27T18:29:58.0705426Z","ServerTimestamp":"2024-04-27T18:29:58.070545Z"},"nsu=http://opcfoundation.org/UA/Plc/Applications;s=RandomUnsignedInt32":{"Value":521663664,"SourceTimestamp":"2024-04-27T18:29:58.0705272Z","ServerTimestamp":"2024-04-27T18:29:58.0705303Z"},"nsu=http://opcfoundation.org/UA/Plc/Applications;s=DipData":{"Value":-77.0513242775789,"SourceTimestamp":"2024-04-27T18:29:58.0705227Z","ServerTimestamp":"2024-04-27T18:29:58.0705273Z"},"nsu=http://opcfoundation.org/UA/Plc/Applications;s=FastUIntScalar1":{"Value":65,"SourceTimestamp":"2024-04-27T18:29:57.2693888Z","ServerTimestamp":"2024-04-27T18:29:57.2693924Z"},"nsu=http://opcfoundation.org/UA/Plc/Applications;s=FastUIntScalar2":{"Value":65,"SourceTimestamp":"2024-04-27T18:29:57.2694413Z","ServerTimestamp":"2024-04-27T18:29:57.2694426Z"},"nsu=http://opcfoundation.org/UA/Plc/Applications;s=FastUIntScalar3":{"Value":65,"SourceTimestamp":"2024-04-27T18:29:57.2694454Z","ServerTimestamp":"2024-04-27T18:29:57.2694467Z"},"nsu=http://opcfoundation.org/UA/Plc/Applications;s=FastRandomUIntScalar1":{"Value":2643475219,"SourceTimestamp":"2024-04-27T18:29:57.2693904Z","ServerTimestamp":"2024-04-27T18:29:57.2694539Z"},"nsu=http://opcfoundation.org/UA/Plc/Applications;s=FastRandomUIntScalar2":{"Value":4224229963,"SourceTimestamp":"2024-04-27T18:29:57.2694757Z","ServerTimestamp":"2024-04-27T18:29:57.269498Z"},"nsu=http://opcfoundation.org/UA/Plc/Applications;s=FastRandomUIntScalar3":{"Value":3769321595,"SourceTimestamp":"2024-04-27T18:29:57.2695124Z","ServerTimestamp":"2024-04-27T18:29:57.2695162Z"},"nsu=http://opcfoundation.org/UA/Plc/Applications;s=NegativeTrendData":{"Value":98.799999999999997,"SourceTimestamp":"2024-04-27T18:29:57.3607155Z","ServerTimestamp":"2024-04-27T18:29:57.3607709Z"},"nsu=http://opcfoundation.org/UA/Plc/Applications;s=PositiveTrendData":{"Value":100.7,"SourceTimestamp":"2024-04-27T18:29:57.3607108Z","ServerTimestamp":"2024-04-27T18:29:57.3607142Z"},"nsu=http://opcfoundation.org/UA/Plc/Applications;s=SpikeData":{"Value":-77.0513242775789,"SourceTimestamp":"2024-04-27T18:29:58.0704838Z","ServerTimestamp":"2024-04-27T18:29:58.0704894Z"}}