{"nsu=http://opcfoundation.org/UA/Plc/Applications;s=StepUp":{"Value":847,"SourceTimestamp":"2024-04-27T18:30:16.9590396Z","ServerTimestamp":"2024-04-27T18:30:16.9590448Z"},"nsu=http://opcfoundation.org/UA/Plc/Applications;s=RandomSignedInt32":{"Value":2114126854,"SourceTimestamp":"2024-04-27T18:30:16.9590306Z","ServerTimestamp":"2024-04-27T18:30:16.9590314Z"},"nsu=http://opcfoundation.org/UA/Plc/Applications;s=RandomUnsignedInt32":{"Value":2054467180,"SourceTimestamp":"2024-04-27T18:30:16.9590362Z","ServerTimestamp":"2024-04-27T18:30:16.9590389Z"},"nsu=http://opcfoundation.org/UA/Plc/Applications;s=DipData":{"Value":48.175367410171532,"SourceTimestamp":"2024-04-27T18:30:16.9590172Z","ServerTimestamp":"2024-04-27T18:30:16.9590193Z"},"nsu=http://opcfoundation.org/UA/Plc/Applications;s=FastUIntScalar1":{"Value":84,"SourceTimestamp":"2024-04-27T18:30:16.2581958Z","ServerTimestamp":"2024-04-27T18:30:16.258198Z"},"nsu=http://opcfoundation.org/UA/Plc/Applications;s=FastUIntScalar2":{"Value":84,"SourceTimestamp":"2024-04-27T18:30:16.2582088Z","ServerTimestamp":"2024-04-27T18:30:16.2582166Z"},"nsu=http://opcfoundation.org/UA/Plc/Applications;s=FastUIntScalar3":{"Value":84,"SourceTimestamp":"2024-04-27T18:30:16.2582181Z","ServerTimestamp":"2024-04-27T18:30:16.2582196Z"},"nsu=http://opcfoundation.org/UA/Plc/Applications;s=FastRandomUIntScalar1":{"Value":2894190998,"SourceTimestamp":"2024-04-27T18:30:16.2581964Z","ServerTimestamp":"2024-04-27T18:30:16.2582098Z"},"nsu=http://opcfoundation.org/UA/Plc/Applications;s=FastRandomUIntScalar2":{"Value":1661707219,"SourceTimestamp":"2024-04-27T18:30:16.2582168Z","ServerTimestamp":"2024-04-27T18:30:16.258218Z"},"nsu=http://opcfoundation.org/UA/Plc/Applications;s=FastRandomUIntScalar3":{"Value":903221616,"SourceTimestamp":"2024-04-27T18:30:16.2582196Z","ServerTimestamp":"2024-04-27T18:30:16.2582208Z"},"nsu=http://opcfoundation.org/UA/Plc/Applications;s=SpikeData":{"Value":48.175367410171532,"SourceTimestamp":"2024-04-27T18:30:16.9589654Z","ServerTimestamp":"2024-04-27T18:30:16.9589878Z"}}