{"nsu=http://opcfoundation.org/UA/Plc/Applications;s=StepUp":{"Value":108,"SourceTimestamp":"2024-04-27T18:29:03.0597825Z","ServerTimestamp":"2024-04-27T18:29:03.0597831Z"},"nsu=http://opcfoundation.org/UA/Plc/Applications;s=AlternatingBoolean":{"Value":true,"SourceTimestamp":"2024-04-27T18:29:02.3624652Z","ServerTimestamp":"2024-04-27T18:29:02.3624667Z"},"nsu=http://opcfoundation.org/UA/Plc/Applications;s=RandomSignedInt32":{"Value":-561403116,"SourceTimestamp":"2024-04-27T18:29:03.0597884Z","ServerTimestamp":"2024-04-27T18:29:03.0597957Z"},"nsu=http://opcfoundation.org/UA/Plc/Applications;s=RandomUnsignedInt32":{"Value":1268854797,"SourceTimestamp":"2024-04-27T18:29:03.0597697Z","ServerTimestamp":"2024-04-27T18:29:03.0597731Z"},"nsu=http://opcfoundation.org/UA/Plc/Applications;s=DipData":{"Value":-77.0513242775789,"SourceTimestamp":"2024-04-27T18:29:03.0597734Z","ServerTimestamp":"2024-04-27T18:29:03.0597758Z"},"nsu=http://opcfoundation.org/UA/Plc/Applications;s=FastUIntScalar1":{"Value":10,"SourceTimestamp":"2024-04-27T18:29:02.2697268Z","ServerTimestamp":"2024-04-27T18:29:02.2697291Z"},"nsu=http://opcfoundation.org/UA/Plc/Applications;s=FastUIntScalar2":{"Value":10,"SourceTimestamp":"2024-04-27T18:29:02.2697333Z","ServerTimestamp":"2024-04-27T18:29:02.269734Z"},"nsu=http://opcfoundation.org/UA/Plc/Applications;s=FastUIntScalar3":{"Value":10,"SourceTimestamp":"2024-04-27T18:29:02.2697351Z","ServerTimestamp":"2024-04-27T18:29:02.2697357Z"},"nsu=http://opcfoundation.org/UA/Plc/Applications;s=FastRandomUIntScalar1":{"Value":2511742646,"SourceTimestamp":"2024-04-27T18:29:02.269794Z","ServerTimestamp":"2024-04-27T18:29:02.2697953Z"},"nsu=http://opcfoundation.org/UA/Plc/Applications;s=FastRandomUIntScalar2":{"Value":1048311169,"SourceTimestamp":"2024-04-27T18:29:02.2697981Z","ServerTimestamp":"2024-04-27T18:29:02.2697987Z"},"nsu=http://opcfoundation.org/UA/Plc/Applications;s=FastRandomUIntScalar3":{"Value":2011535788,"SourceTimestamp":"2024-04-27T18:29:02.2697998Z","ServerTimestamp":"2024-04-27T18:29:02.2698004Z"},"nsu=http://opcfoundation.org/UA/Plc/Applications;s=NegativeTrendData":{"Value":99.900000000000006,"SourceTimestamp":"2024-04-27T18:29:02.3624566Z","ServerTimestamp":"2024-04-27T18:29:02.362459Z"},"nsu=http://opcfoundation.org/UA/Plc/Applications;s=SpikeData":{"Value":-77.0513242775789,"SourceTimestamp":"2024-04-27T18:29:03.0597583Z","ServerTimestamp":"2024-04-27T18:29:03.0597605Z"}}