{"MessageId":"e44cc1d0-21a7-4e66-9067-2b7dd620855a","MessageType":"ua-data","PublisherId":"DESKTOP-BGFJS91","DataSetWriterGroup":"<<UnknownWriterGroup>>","Messages":[{"MetaDataVersion":{"MajorVersion":1},"MessageType":"ua-event","DataSetWriterName":"<<UnknownDataSet>>|SimpleEvents","Payload":{"EventId":{"Value":"EHHgLBzoMEWHzy5NPCM1zQ=="},"Message":{"Value":"The system cycle '10' has started."},"nsu=http://opcfoundation.org/SimpleEvents;CycleId":{"Value":"10"},"nsu=http://opcfoundation.org/SimpleEvents;CurrentStep":{"Value":{"Name":"Step 1","Duration":1000}}}}]}