{"MessageId":"3be10146-4a96-4402-b852-c27f33aa647b","MessageType":"ua-data","PublisherId":"DESKTOP-BGFJS91","DataSetWriterGroup":"<<UnknownWriterGroup>>","Messages":[{"MetaDataVersion":{"MajorVersion":1},"MessageType":"ua-event","DataSetWriterName":"<<UnknownDataSet>>|SimpleEvents","Payload":{"EventId":{"Value":"U4VbVmLqIEqVYb/BCKcOew=="},"Message":{"Value":"The system cycle '11' has started."},"nsu=http://opcfoundation.org/SimpleEvents;CycleId":{"Value":"11"},"nsu=http://opcfoundation.org/SimpleEvents;CurrentStep":{"Value":{"Name":"Step 1","Duration":1000}}}}]}