{"MessageId":"9e5d4226-3314-42a7-980b-ed120e4d5e8f","MessageType":"ua-data","PublisherId":"DESKTOP-BGFJS91","DataSetWriterGroup":"<<UnknownWriterGroup>>","Messages":[{"MetaDataVersion":{"MajorVersion":1},"MessageType":"ua-event","DataSetWriterName":"<<UnknownDataSet>>|SimpleEvents","Payload":{"EventId":{"Value":"d0DLFwauiUmRRa5ac0Fk4g=="},"Message":{"Value":"The system cycle '12' has started."},"nsu=http://opcfoundation.org/SimpleEvents;CycleId":{"Value":"12"},"nsu=http://opcfoundation.org/SimpleEvents;CurrentStep":{"Value":{"Name":"Step 1","Duration":1000}}}}]}