{"MessageId":"800f1602-86cc-46a3-831e-8df505d009db","MessageType":"ua-data","PublisherId":"DESKTOP-BGFJS91","DataSetWriterGroup":"<<UnknownWriterGroup>>","Messages":[{"MetaDataVersion":{"MajorVersion":1},"MessageType":"ua-deltaframe","DataSetWriterName":"<<UnknownDataSet>>","Payload":{"nsu=http://opcfoundation.org/UA/Plc/Applications;s=StepUp":{"Value":148,"SourceTimestamp":"2024-04-27T10:43:23.353081Z"},"nsu=http://opcfoundation.org/UA/Plc/Applications;s=RandomSignedInt32":{"Value":-1144960201,"SourceTimestamp":"2024-04-27T10:43:23.3531053Z"},"nsu=http://opcfoundation.org/UA/Plc/Applications;s=RandomUnsignedInt32":{"Value":326133830,"SourceTimestamp":"2024-04-27T10:43:23.3531112Z"},"nsu=http://opcfoundation.org/UA/Plc/Applications;s=DipData":{"Value":36.812455268467801,"SourceTimestamp":"2024-04-27T10:43:23.3531119Z"},"nsu=http://opcfoundation.org/UA/Plc/Applications;s=FastUIntScalar1":{"Value":14,"SourceTimestamp":"2024-04-27T10:43:22.5480452Z"},"nsu=http://opcfoundation.org/UA/Plc/Applications;s=FastUIntScalar2":{"Value":14,"SourceTimestamp":"2024-04-27T10:43:22.5480609Z"},"nsu=http://opcfoundation.org/UA/Plc/Applications;s=FastUIntScalar3":{"Value":14,"SourceTimestamp":"2024-04-27T10:43:22.5480634Z"},"nsu=http://opcfoundation.org/UA/Plc/Applications;s=FastRandomUIntScalar1":{"Value":1569946744,"SourceTimestamp":"2024-04-27T10:43:22.5480285Z"},"nsu=http://opcfoundation.org/UA/Plc/Applications;s=FastRandomUIntScalar2":{"Value":1101880213,"SourceTimestamp":"2024-04-27T10:43:22.5480434Z"},"nsu=http://opcfoundation.org/UA/Plc/Applications;s=FastRandomUIntScalar3":{"Value":1157434104,"SourceTimestamp":"2024-04-27T10:43:22.548046Z"},"nsu=http://opcfoundation.org/UA/Plc/Applications;s=SpikeData":{"Value":36.812455268467801,"SourceTimestamp":"2024-04-27T10:43:23.3531218Z"}}}]}