{"MessageId":"efe46693-e3c5-41f5-824e-96f2d893bb2a","MessageType":"ua-data","PublisherId":"DESKTOP-BGFJS91","DataSetWriterGroup":"<<UnknownWriterGroup>>","Messages":[{"MetaDataVersion":{"MajorVersion":1},"MessageType":"ua-deltaframe","DataSetWriterName":"<<UnknownDataSet>>","Payload":{"nsu=http://opcfoundation.org/UA/Plc/Applications;s=StepUp":{"Value":228,"SourceTimestamp":"2024-04-27T10:43:31.339408Z"},"nsu=http://opcfoundation.org/UA/Plc/Applications;s=RandomSignedInt32":{"Value":-625421333,"SourceTimestamp":"2024-04-27T10:43:31.339421Z"},"nsu=http://opcfoundation.org/UA/Plc/Applications;s=RandomUnsignedInt32":{"Value":944449496,"SourceTimestamp":"2024-04-27T10:43:31.3394344Z"},"nsu=http://opcfoundation.org/UA/Plc/Applications;s=DipData":{"Value":24.868988716485482,"SourceTimestamp":"2024-04-27T10:43:31.3394867Z"},"nsu=http://opcfoundation.org/UA/Plc/Applications;s=FastUIntScalar1":{"Value":22,"SourceTimestamp":"2024-04-27T10:43:30.5498441Z"},"nsu=http://opcfoundation.org/UA/Plc/Applications;s=FastUIntScalar2":{"Value":22,"SourceTimestamp":"2024-04-27T10:43:30.5498561Z"},"nsu=http://opcfoundation.org/UA/Plc/Applications;s=FastUIntScalar3":{"Value":22,"SourceTimestamp":"2024-04-27T10:43:30.5498594Z"},"nsu=http://opcfoundation.org/UA/Plc/Applications;s=FastRandomUIntScalar1":{"Value":3953174013,"SourceTimestamp":"2024-04-27T10:43:30.5498475Z"},"nsu=http://opcfoundation.org/UA/Plc/Applications;s=FastRandomUIntScalar2":{"Value":1534378705,"SourceTimestamp":"2024-04-27T10:43:30.549858Z"},"nsu=http://opcfoundation.org/UA/Plc/Applications;s=FastRandomUIntScalar3":{"Value":2422802333,"SourceTimestamp":"2024-04-27T10:43:30.5498608Z"},"nsu=http://opcfoundation.org/UA/Plc/Applications;s=SpikeData":{"Value":24.868988716485482,"SourceTimestamp":"2024-04-27T10:43:31.3395179Z"}}}]}