{"MessageId":"1dcfef25-33ac-4de3-8093-ad2cb83c1ebb","MessageType":"ua-data","PublisherId":"DESKTOP-BGFJS91","DataSetWriterGroup":"<<UnknownWriterGroup>>","Messages":[{"MetaDataVersion":{"MajorVersion":1},"MessageType":"ua-deltaframe","DataSetWriterName":"<<UnknownDataSet>>","Payload":{"nsu=http://opcfoundation.org/UA/Plc/Applications;s=StepUp":{"Value":458,"SourceTimestamp":"2024-04-27T10:43:54.3434758Z"},"nsu=http://opcfoundation.org/UA/Plc/Applications;s=AlternatingBoolean":{"Value":false,"SourceTimestamp":"2024-04-27T10:43:53.6500398Z"},"nsu=http://opcfoundation.org/UA/Plc/Applications;s=RandomSignedInt32":{"Value":-1953691451,"SourceTimestamp":"2024-04-27T10:43:54.343507Z"},"nsu=http://opcfoundation.org/UA/Plc/Applications;s=RandomUnsignedInt32":{"Value":301695274,"SourceTimestamp":"2024-04-27T10:43:54.343515Z"},"nsu=http://opcfoundation.org/UA/Plc/Applications;s=DipData":{"Value":-77.0513242775789,"SourceTimestamp":"2024-04-27T10:43:54.3435462Z"},"nsu=http://opcfoundation.org/UA/Plc/Applications;s=FastUIntScalar1":{"Value":45,"SourceTimestamp":"2024-04-27T10:43:53.542984Z"},"nsu=http://opcfoundation.org/UA/Plc/Applications;s=FastUIntScalar2":{"Value":45,"SourceTimestamp":"2024-04-27T10:43:53.5429873Z"},"nsu=http://opcfoundation.org/UA/Plc/Applications;s=FastUIntScalar3":{"Value":45,"SourceTimestamp":"2024-04-27T10:43:53.5429894Z"},"nsu=http://opcfoundation.org/UA/Plc/Applications;s=FastRandomUIntScalar1":{"Value":1413483769,"SourceTimestamp":"2024-04-27T10:43:53.5429833Z"},"nsu=http://opcfoundation.org/UA/Plc/Applications;s=FastRandomUIntScalar2":{"Value":1518892644,"SourceTimestamp":"2024-04-27T10:43:53.5429855Z"},"nsu=http://opcfoundation.org/UA/Plc/Applications;s=FastRandomUIntScalar3":{"Value":2876208797,"SourceTimestamp":"2024-04-27T10:43:53.5429884Z"},"nsu=http://opcfoundation.org/UA/Plc/Applications;s=NegativeTrendData":{"Value":99.599999999999994,"SourceTimestamp":"2024-04-27T10:43:53.6500428Z"},"nsu=http://opcfoundation.org/UA/Plc/Applications;s=PositiveTrendData":{"Value":100.2,"SourceTimestamp":"2024-04-27T10:43:53.6500769Z"},"nsu=http://opcfoundation.org/UA/Plc/Applications;s=SpikeData":{"Value":-77.0513242775789,"SourceTimestamp":"2024-04-27T10:43:54.3435525Z"}}}]}