{"MessageId":"bdf6598e-e746-4300-b6cf-6b2886c10eaf","MessageType":"ua-data","PublisherId":"DESKTOP-BGFJS91","DataSetWriterGroup":"<<UnknownWriterGroup>>","Messages":[{"MetaDataVersion":{"MajorVersion":1},"MessageType":"ua-deltaframe","DataSetWriterName":"<<UnknownDataSet>>","Payload":{"nsu=http://opcfoundation.org/UA/Plc/Applications;s=StepUp":{"Value":498,"SourceTimestamp":"2024-04-27T10:43:58.3523921Z"},"nsu=http://opcfoundation.org/UA/Plc/Applications;s=RandomSignedInt32":{"Value":1995304594,"SourceTimestamp":"2024-04-27T10:43:58.3524236Z"},"nsu=http://opcfoundation.org/UA/Plc/Applications;s=RandomUnsignedInt32":{"Value":1876082830,"SourceTimestamp":"2024-04-27T10:43:58.3524454Z"},"nsu=http://opcfoundation.org/UA/Plc/Applications;s=DipData":{"Value":36.812455268467801,"SourceTimestamp":"2024-04-27T10:43:58.3524379Z"},"nsu=http://opcfoundation.org/UA/Plc/Applications;s=FastUIntScalar1":{"Value":49,"SourceTimestamp":"2024-04-27T10:43:57.5474587Z"},"nsu=http://opcfoundation.org/UA/Plc/Applications;s=FastUIntScalar2":{"Value":49,"SourceTimestamp":"2024-04-27T10:43:57.5474716Z"},"nsu=http://opcfoundation.org/UA/Plc/Applications;s=FastUIntScalar3":{"Value":49,"SourceTimestamp":"2024-04-27T10:43:57.5474835Z"},"nsu=http://opcfoundation.org/UA/Plc/Applications;s=FastRandomUIntScalar1":{"Value":1953846307,"SourceTimestamp":"2024-04-27T10:43:57.5474633Z"},"nsu=http://opcfoundation.org/UA/Plc/Applications;s=FastRandomUIntScalar2":{"Value":487307042,"SourceTimestamp":"2024-04-27T10:43:57.5474786Z"},"nsu=http://opcfoundation.org/UA/Plc/Applications;s=FastRandomUIntScalar3":{"Value":316026356,"SourceTimestamp":"2024-04-27T10:43:57.5474807Z"},"nsu=http://opcfoundation.org/UA/Plc/Applications;s=SpikeData":{"Value":36.812455268467801,"SourceTimestamp":"2024-04-27T10:43:58.3524664Z"}}}]}