{"MessageId":"931a9869-20ac-4e09-ac6c-a50394759644","MessageType":"ua-data","PublisherId":"DESKTOP-BGFJS91","DataSetWriterGroup":"<<UnknownWriterGroup>>","Messages":[{"MetaDataVersion":{"MajorVersion":1},"MessageType":"ua-deltaframe","DataSetWriterName":"<<UnknownDataSet>>","Payload":{"nsu=http://opcfoundation.org/UA/Plc/Applications;s=StepUp":{"Value":548,"SourceTimestamp":"2024-04-27T10:44:03.3437867Z"},"nsu=http://opcfoundation.org/UA/Plc/Applications;s=RandomSignedInt32":{"Value":742833593,"SourceTimestamp":"2024-04-27T10:44:03.3438042Z"},"nsu=http://opcfoundation.org/UA/Plc/Applications;s=RandomUnsignedInt32":{"Value":1357961816,"SourceTimestamp":"2024-04-27T10:44:03.3438011Z"},"nsu=http://opcfoundation.org/UA/Plc/Applications;s=DipData":{"Value":36.812455268467801,"SourceTimestamp":"2024-04-27T10:44:03.3438111Z"},"nsu=http://opcfoundation.org/UA/Plc/Applications;s=FastUIntScalar1":{"Value":54,"SourceTimestamp":"2024-04-27T10:44:02.5525826Z"},"nsu=http://opcfoundation.org/UA/Plc/Applications;s=FastUIntScalar2":{"Value":54,"SourceTimestamp":"2024-04-27T10:44:02.5525987Z"},"nsu=http://opcfoundation.org/UA/Plc/Applications;s=FastUIntScalar3":{"Value":54,"SourceTimestamp":"2024-04-27T10:44:02.5526005Z"},"nsu=http://opcfoundation.org/UA/Plc/Applications;s=FastRandomUIntScalar1":{"Value":1849846362,"SourceTimestamp":"2024-04-27T10:44:02.552583Z"},"nsu=http://opcfoundation.org/UA/Plc/Applications;s=FastRandomUIntScalar2":{"Value":2730326970,"SourceTimestamp":"2024-04-27T10:44:02.5526079Z"},"nsu=http://opcfoundation.org/UA/Plc/Applications;s=FastRandomUIntScalar3":{"Value":3186536941,"SourceTimestamp":"2024-04-27T10:44:02.5526104Z"},"nsu=http://opcfoundation.org/UA/Plc/Applications;s=SpikeData":{"Value":36.812455268467801,"SourceTimestamp":"2024-04-27T10:44:03.3438221Z"}}}]}