{"MessageId":"1ece0361-3320-46f7-9f4d-372b32369480","MessageType":"ua-data","PublisherId":"DESKTOP-BGFJS91","DataSetWriterGroup":"<<UnknownWriterGroup>>","Messages":[{"MetaDataVersion":{"MajorVersion":1},"MessageType":"ua-deltaframe","DataSetWriterName":"<<UnknownDataSet>>","Payload":{"nsu=http://opcfoundation.org/UA/Plc/Applications;s=StepUp":{"Value":718,"SourceTimestamp":"2024-04-27T10:44:20.3534722Z"},"nsu=http://opcfoundation.org/UA/Plc/Applications;s=RandomSignedInt32":{"Value":1854612503,"SourceTimestamp":"2024-04-27T10:44:20.3534948Z"},"nsu=http://opcfoundation.org/UA/Plc/Applications;s=RandomUnsignedInt32":{"Value":1667259589,"SourceTimestamp":"2024-04-27T10:44:20.3535084Z"},"nsu=http://opcfoundation.org/UA/Plc/Applications;s=DipData":{"Value":-84.432792550201526,"SourceTimestamp":"2024-04-27T10:44:20.3535169Z"},"nsu=http://opcfoundation.org/UA/Plc/Applications;s=FastUIntScalar1":{"Value":71,"SourceTimestamp":"2024-04-27T10:44:19.547491Z"},"nsu=http://opcfoundation.org/UA/Plc/Applications;s=FastUIntScalar2":{"Value":71,"SourceTimestamp":"2024-04-27T10:44:19.5475081Z"},"nsu=http://opcfoundation.org/UA/Plc/Applications;s=FastUIntScalar3":{"Value":71,"SourceTimestamp":"2024-04-27T10:44:19.5475101Z"},"nsu=http://opcfoundation.org/UA/Plc/Applications;s=FastRandomUIntScalar1":{"Value":2207549562,"SourceTimestamp":"2024-04-27T10:44:19.5474928Z"},"nsu=http://opcfoundation.org/UA/Plc/Applications;s=FastRandomUIntScalar2":{"Value":3161006936,"SourceTimestamp":"2024-04-27T10:44:19.5475221Z"},"nsu=http://opcfoundation.org/UA/Plc/Applications;s=FastRandomUIntScalar3":{"Value":898207479,"SourceTimestamp":"2024-04-27T10:44:19.5475308Z"},"nsu=http://opcfoundation.org/UA/Plc/Applications;s=SpikeData":{"Value":-84.432792550201526,"SourceTimestamp":"2024-04-27T10:44:20.3535238Z"}}}]}