{"MessageId":"c295100b-1d59-49b0-81c6-01306cc228e0","MessageType":"ua-data","PublisherId":"DESKTOP-BGFJS91","DataSetWriterGroup":"<<UnknownWriterGroup>>","Messages":[{"MetaDataVersion":{"MajorVersion":1},"MessageType":"ua-deltaframe","DataSetWriterName":"<<UnknownDataSet>>","Payload":{"nsu=http://opcfoundation.org/UA/Plc/Applications;s=StepUp":{"Value":858,"SourceTimestamp":"2024-04-27T10:44:34.3538583Z"},"nsu=http://opcfoundation.org/UA/Plc/Applications;s=AlternatingBoolean":{"Value":false,"SourceTimestamp":"2024-04-27T10:44:33.6434963Z"},"nsu=http://opcfoundation.org/UA/Plc/Applications;s=RandomSignedInt32":{"Value":564834117,"SourceTimestamp":"2024-04-27T10:44:34.3538863Z"},"nsu=http://opcfoundation.org/UA/Plc/Applications;s=RandomUnsignedInt32":{"Value":1503323031,"SourceTimestamp":"2024-04-27T10:44:34.3538993Z"},"nsu=http://opcfoundation.org/UA/Plc/Applications;s=DipData":{"Value":-77.0513242775789,"SourceTimestamp":"2024-04-27T10:44:34.3539233Z"},"nsu=http://opcfoundation.org/UA/Plc/Applications;s=FastUIntScalar1":{"Value":85,"SourceTimestamp":"2024-04-27T10:44:33.549393Z"},"nsu=http://opcfoundation.org/UA/Plc/Applications;s=FastUIntScalar2":{"Value":85,"SourceTimestamp":"2024-04-27T10:44:33.5494558Z"},"nsu=http://opcfoundation.org/UA/Plc/Applications;s=FastUIntScalar3":{"Value":85,"SourceTimestamp":"2024-04-27T10:44:33.54946Z"},"nsu=http://opcfoundation.org/UA/Plc/Applications;s=FastRandomUIntScalar1":{"Value":2247184492,"SourceTimestamp":"2024-04-27T10:44:33.5493861Z"},"nsu=http://opcfoundation.org/UA/Plc/Applications;s=FastRandomUIntScalar2":{"Value":2714841755,"SourceTimestamp":"2024-04-27T10:44:33.5494246Z"},"nsu=http://opcfoundation.org/UA/Plc/Applications;s=FastRandomUIntScalar3":{"Value":2870586907,"SourceTimestamp":"2024-04-27T10:44:33.5494415Z"},"nsu=http://opcfoundation.org/UA/Plc/Applications;s=NegativeTrendData":{"Value":98.799999999999997,"SourceTimestamp":"2024-04-27T10:44:33.6435114Z"},"nsu=http://opcfoundation.org/UA/Plc/Applications;s=PositiveTrendData":{"Value":101,"SourceTimestamp":"2024-04-27T10:44:33.6435156Z"},"nsu=http://opcfoundation.org/UA/Plc/Applications;s=SpikeData":{"Value":-77.0513242775789,"SourceTimestamp":"2024-04-27T10:44:34.3539271Z"}}}]}