{"MessageId":"8be71215-c9d4-4764-b7ff-af533f00ae2d","MessageType":"ua-data","PublisherId":"DESKTOP-BGFJS91","DataSetWriterGroup":"<<UnknownWriterGroup>>","Messages":[{"MetaDataVersion":{"MajorVersion":1},"MessageType":"ua-deltaframe","DataSetWriterName":"<<UnknownDataSet>>","Payload":{"nsu=http://opcfoundation.org/UA/Plc/Applications;s=StepUp":{"Value":1018,"SourceTimestamp":"2024-04-27T10:44:50.3433263Z"},"nsu=http://opcfoundation.org/UA/Plc/Applications;s=RandomSignedInt32":{"Value":-1046347921,"SourceTimestamp":"2024-04-27T10:44:50.3433264Z"},"nsu=http://opcfoundation.org/UA/Plc/Applications;s=RandomUnsignedInt32":{"Value":574901698,"SourceTimestamp":"2024-04-27T10:44:50.3433405Z"},"nsu=http://opcfoundation.org/UA/Plc/Applications;s=DipData":{"Value":-84.432792550201526,"SourceTimestamp":"2024-04-27T10:44:50.3433571Z"},"nsu=http://opcfoundation.org/UA/Plc/Applications;s=FastUIntScalar1":{"Value":101,"SourceTimestamp":"2024-04-27T10:44:49.5477673Z"},"nsu=http://opcfoundation.org/UA/Plc/Applications;s=FastUIntScalar2":{"Value":101,"SourceTimestamp":"2024-04-27T10:44:49.5477992Z"},"nsu=http://opcfoundation.org/UA/Plc/Applications;s=FastUIntScalar3":{"Value":101,"SourceTimestamp":"2024-04-27T10:44:49.5478072Z"},"nsu=http://opcfoundation.org/UA/Plc/Applications;s=FastRandomUIntScalar1":{"Value":260254280,"SourceTimestamp":"2024-04-27T10:44:49.5477609Z"},"nsu=http://opcfoundation.org/UA/Plc/Applications;s=FastRandomUIntScalar2":{"Value":1575254490,"SourceTimestamp":"2024-04-27T10:44:49.5477895Z"},"nsu=http://opcfoundation.org/UA/Plc/Applications;s=FastRandomUIntScalar3":{"Value":2275432174,"SourceTimestamp":"2024-04-27T10:44:49.5478023Z"},"nsu=http://opcfoundation.org/UA/Plc/Applications;s=SpikeData":{"Value":-84.432792550201526,"SourceTimestamp":"2024-04-27T10:44:50.3433646Z"}}}]}