{"MessageId":"102831a9-c5bc-4f59-9687-ec1b28cb21d6","MessageType":"ua-data","PublisherId":"DESKTOP-BGFJS91","DataSetWriterGroup":"<<UnknownWriterGroup>>","Messages":[{"SequenceNumber":101,"MetaDataVersion":{"MajorVersion":1},"Timestamp":"2024-04-27T11:52:10.6395818Z","MessageType":"ua-condition","DataSetWriterName":"<<UnknownDataSet>>|PendingAlarms","Payload":{"ConditionClassId":{"Value":null,"SourceTimestamp":"2024-04-27T11:52:05.8625861Z"},"ConditionClassName":{"Value":null,"SourceTimestamp":"2024-04-27T11:52:05.8625861Z"},"ConditionSubClassId":{"Value":null,"SourceTimestamp":"2024-04-27T11:52:05.8625861Z"},"ConditionSubClassName":{"Value":null,"SourceTimestamp":"2024-04-27T11:52:05.8625861Z"},"EventId":{"Value":"f5gPVvbSqEiZQ7zXhX2oCA==","SourceTimestamp":"2024-04-27T11:52:05.8625861Z"},"EventType":{"Value":{"Id":10060},"SourceTimestamp":"2024-04-27T11:52:05.8625861Z"},"LocalTime":{"Value":{"Offset":120,"DaylightSavingInOffset":true},"SourceTimestamp":"2024-04-27T11:52:05.8625861Z"},"Message":{"Value":"The alarm is active.","SourceTimestamp":"2024-04-27T11:52:05.8625861Z"},"ReceiveTime":{"Value":"2024-04-27T11:52:05.0505912Z","SourceTimestamp":"2024-04-27T11:52:05.8625861Z"},"Severity":{"Value":100,"SourceTimestamp":"2024-04-27T11:52:05.8625861Z"},"SourceName":{"Value":"SouthMotor","SourceTimestamp":"2024-04-27T11:52:05.8625861Z"},"SourceNode":{"Value":{"IdType":1,"Id":"1:Metals/SouthMotor","Namespace":"http://opcfoundation.org/AlarmCondition"},"SourceTimestamp":"2024-04-27T11:52:05.8625861Z"},"Time":{"Value":"2024-04-27T11:52:05.0505871Z","SourceTimestamp":"2024-04-27T11:52:05.8625861Z"}}}]}