{"MessageId":"17d12b92-fbf5-4022-a4ea-cf0a3ab7a20e","MessageType":"ua-data","PublisherId":"DESKTOP-BGFJS91","DataSetWriterGroup":"<<UnknownWriterGroup>>","Messages":[{"SequenceNumber":108,"MetaDataVersion":{"MajorVersion":1},"Timestamp":"2024-04-27T11:52:20.7190371Z","MessageType":"ua-condition","DataSetWriterName":"<<UnknownDataSet>>|PendingAlarms","Payload":{"ConditionClassId":{"Value":null,"SourceTimestamp":"2024-04-27T11:52:19.8362816Z"},"ConditionClassName":{"Value":null,"SourceTimestamp":"2024-04-27T11:52:19.8362816Z"},"ConditionSubClassId":{"Value":null,"SourceTimestamp":"2024-04-27T11:52:19.8362816Z"},"ConditionSubClassName":{"Value":null,"SourceTimestamp":"2024-04-27T11:52:19.8362816Z"},"EventId":{"Value":"z+rwLtN7z0CB4tJ/bMfHXQ==","SourceTimestamp":"2024-04-27T11:52:19.8362816Z"},"EventType":{"Value":{"Id":10751},"SourceTimestamp":"2024-04-27T11:52:19.8362816Z"},"LocalTime":{"Value":{"Offset":120,"DaylightSavingInOffset":true},"SourceTimestamp":"2024-04-27T11:52:19.8362816Z"},"Message":{"Value":"The alarm severity has increased.","SourceTimestamp":"2024-04-27T11:52:19.8362816Z"},"ReceiveTime":{"Value":"2024-04-27T11:52:19.0549856Z","SourceTimestamp":"2024-04-27T11:52:19.8362816Z"},"Severity":{"Value":900,"SourceTimestamp":"2024-04-27T11:52:19.8362816Z"},"SourceName":{"Value":"NorthMotor","SourceTimestamp":"2024-04-27T11:52:19.8362816Z"},"SourceNode":{"Value":{"IdType":1,"Id":"1:Colours/NorthMotor","Namespace":"http://opcfoundation.org/AlarmCondition"},"SourceTimestamp":"2024-04-27T11:52:19.8362816Z"},"Time":{"Value":"2024-04-27T11:52:19.0549048Z","SourceTimestamp":"2024-04-27T11:52:19.8362816Z"}}}]}