{"MessageId":"166233a0-bb77-48f5-b255-1087acee682a","MessageType":"ua-data","PublisherId":"DESKTOP-BGFJS91","DataSetWriterGroup":"<<UnknownWriterGroup>>","Messages":[{"SequenceNumber":109,"MetaDataVersion":{"MajorVersion":1},"Timestamp":"2024-04-27T11:52:20.719209Z","MessageType":"ua-condition","DataSetWriterName":"<<UnknownDataSet>>|PendingAlarms","Payload":{"ConditionClassId":{"Value":null,"SourceTimestamp":"2024-04-27T11:52:13.8553949Z"},"ConditionClassName":{"Value":null,"SourceTimestamp":"2024-04-27T11:52:13.8553949Z"},"ConditionSubClassId":{"Value":null,"SourceTimestamp":"2024-04-27T11:52:13.8553949Z"},"ConditionSubClassName":{"Value":null,"SourceTimestamp":"2024-04-27T11:52:13.8553949Z"},"EventId":{"Value":"JqCrpxwwN0mR23As3A8Axg==","SourceTimestamp":"2024-04-27T11:52:13.8553949Z"},"EventType":{"Value":{"Id":10751},"SourceTimestamp":"2024-04-27T11:52:13.8553949Z"},"LocalTime":{"Value":{"Offset":120,"DaylightSavingInOffset":true},"SourceTimestamp":"2024-04-27T11:52:13.8553949Z"},"Message":{"Value":"The alarm severity has increased.","SourceTimestamp":"2024-04-27T11:52:13.8553949Z"},"ReceiveTime":{"Value":"2024-04-27T11:52:13.0590755Z","SourceTimestamp":"2024-04-27T11:52:13.8553949Z"},"Severity":{"Value":300,"SourceTimestamp":"2024-04-27T11:52:13.8553949Z"},"SourceName":{"Value":"WestTank","SourceTimestamp":"2024-04-27T11:52:13.8553949Z"},"SourceNode":{"Value":{"IdType":1,"Id":"1:Metals/WestTank","Namespace":"http://opcfoundation.org/AlarmCondition"},"SourceTimestamp":"2024-04-27T11:52:13.8553949Z"},"Time":{"Value":"2024-04-27T11:52:13.0590688Z","SourceTimestamp":"2024-04-27T11:52:13.8553949Z"}}}]}