{"MessageId":"09ef12a1-ecda-4ee2-aa8d-95b945fd2d01","MessageType":"ua-data","PublisherId":"DESKTOP-BGFJS91","DataSetWriterGroup":"<<UnknownWriterGroup>>","Messages":[{"SequenceNumber":112,"MetaDataVersion":{"MajorVersion":1},"Timestamp":"2024-04-27T11:52:20.7197576Z","MessageType":"ua-condition","DataSetWriterName":"<<UnknownDataSet>>|PendingAlarms","Payload":{"ConditionClassId":{"Value":null,"SourceTimestamp":"2024-04-27T11:52:17.8677313Z"},"ConditionClassName":{"Value":null,"SourceTimestamp":"2024-04-27T11:52:17.8677313Z"},"ConditionSubClassId":{"Value":null,"SourceTimestamp":"2024-04-27T11:52:17.8677313Z"},"ConditionSubClassName":{"Value":null,"SourceTimestamp":"2024-04-27T11:52:17.8677313Z"},"EventId":{"Value":"szOV+bp9z0C2lvyKKilz+g==","SourceTimestamp":"2024-04-27T11:52:17.8677313Z"},"EventType":{"Value":{"Id":10060},"SourceTimestamp":"2024-04-27T11:52:17.8677313Z"},"LocalTime":{"Value":{"Offset":120,"DaylightSavingInOffset":true},"SourceTimestamp":"2024-04-27T11:52:17.8677313Z"},"Message":{"Value":"The alarm is active.","SourceTimestamp":"2024-04-27T11:52:17.8677313Z"},"ReceiveTime":{"Value":"2024-04-27T11:52:17.0472087Z","SourceTimestamp":"2024-04-27T11:52:17.8677313Z"},"Severity":{"Value":100,"SourceTimestamp":"2024-04-27T11:52:17.8677313Z"},"SourceName":{"Value":"EastTank","SourceTimestamp":"2024-04-27T11:52:17.8677313Z"},"SourceNode":{"Value":{"IdType":1,"Id":"1:Colours/EastTank","Namespace":"http://opcfoundation.org/AlarmCondition"},"SourceTimestamp":"2024-04-27T11:52:17.8677313Z"},"Time":{"Value":"2024-04-27T11:52:17.0471941Z","SourceTimestamp":"2024-04-27T11:52:17.8677313Z"}}}]}