{"MessageId":"d32e3806-42ae-4c63-b04e-bc699911df79","MessageType":"ua-data","PublisherId":"DESKTOP-BGFJS91","DataSetWriterGroup":"<<UnknownWriterGroup>>","Messages":[{"SequenceNumber":114,"MetaDataVersion":{"MajorVersion":1},"Timestamp":"2024-04-27T11:52:20.7201488Z","MessageType":"ua-condition","DataSetWriterName":"<<UnknownDataSet>>|PendingAlarms","Payload":{"ConditionClassId":{"Value":null,"SourceTimestamp":"2024-04-27T11:52:19.8362816Z"},"ConditionClassName":{"Value":null,"SourceTimestamp":"2024-04-27T11:52:19.8362816Z"},"ConditionSubClassId":{"Value":null,"SourceTimestamp":"2024-04-27T11:52:19.8362816Z"},"ConditionSubClassName":{"Value":null,"SourceTimestamp":"2024-04-27T11:52:19.8362816Z"},"EventId":{"Value":"Qe2eso3rqki65cmf1Gr4dA==","SourceTimestamp":"2024-04-27T11:52:19.8362816Z"},"EventType":{"Value":{"Id":9764},"SourceTimestamp":"2024-04-27T11:52:19.8362816Z"},"LocalTime":{"Value":{"Offset":120,"DaylightSavingInOffset":true},"SourceTimestamp":"2024-04-27T11:52:19.8362816Z"},"Message":{"Value":"The alarm was deactivated by the system.","SourceTimestamp":"2024-04-27T11:52:19.8362816Z"},"ReceiveTime":{"Value":"2024-04-27T11:52:19.0550749Z","SourceTimestamp":"2024-04-27T11:52:19.8362816Z"},"Severity":{"Value":100,"SourceTimestamp":"2024-04-27T11:52:19.8362816Z"},"SourceName":{"Value":"WestTank","SourceTimestamp":"2024-04-27T11:52:19.8362816Z"},"SourceNode":{"Value":{"IdType":1,"Id":"1:Metals/WestTank","Namespace":"http://opcfoundation.org/AlarmCondition"},"SourceTimestamp":"2024-04-27T11:52:19.8362816Z"},"Time":{"Value":"2024-04-27T11:52:19.0550684Z","SourceTimestamp":"2024-04-27T11:52:19.8362816Z"}}}]}