{"MessageId":"6832048e-d0b0-4330-aa66-54f682bf45b1","MessageType":"ua-data","PublisherId":"DESKTOP-BGFJS91","DataSetWriterGroup":"<<UnknownWriterGroup>>","Messages":[{"SequenceNumber":13,"MetaDataVersion":{"MajorVersion":1},"Timestamp":"2024-04-27T11:50:50.0422469Z","MessageType":"ua-condition","DataSetWriterName":"<<UnknownDataSet>>|PendingAlarms","Payload":{"ConditionClassId":{"Value":null,"SourceTimestamp":"2024-04-27T11:50:47.8458184Z"},"ConditionClassName":{"Value":null,"SourceTimestamp":"2024-04-27T11:50:47.8458184Z"},"ConditionSubClassId":{"Value":null,"SourceTimestamp":"2024-04-27T11:50:47.8458184Z"},"ConditionSubClassName":{"Value":null,"SourceTimestamp":"2024-04-27T11:50:47.8458184Z"},"EventId":{"Value":"jTdKUMpdtE2HtEBAYE9pig==","SourceTimestamp":"2024-04-27T11:50:47.8458184Z"},"EventType":{"Value":{"Id":10060},"SourceTimestamp":"2024-04-27T11:50:47.8458184Z"},"LocalTime":{"Value":{"Offset":120,"DaylightSavingInOffset":true},"SourceTimestamp":"2024-04-27T11:50:47.8458184Z"},"Message":{"Value":"The alarm severity has increased.","SourceTimestamp":"2024-04-27T11:50:47.8458184Z"},"ReceiveTime":{"Value":"2024-04-27T11:50:47.0553882Z","SourceTimestamp":"2024-04-27T11:50:47.8458184Z"},"Severity":{"Value":500,"SourceTimestamp":"2024-04-27T11:50:47.8458184Z"},"SourceName":{"Value":"EastTank","SourceTimestamp":"2024-04-27T11:50:47.8458184Z"},"SourceNode":{"Value":{"IdType":1,"Id":"1:Colours/EastTank","Namespace":"http://opcfoundation.org/AlarmCondition"},"SourceTimestamp":"2024-04-27T11:50:47.8458184Z"},"Time":{"Value":"2024-04-27T11:50:47.0553706Z","SourceTimestamp":"2024-04-27T11:50:47.8458184Z"}}}]}