{"MessageId":"d0710946-e151-481f-8ce8-decc49f21787","MessageType":"ua-data","PublisherId":"DESKTOP-BGFJS91","DataSetWriterGroup":"<<UnknownWriterGroup>>","Messages":[{"SequenceNumber":15,"MetaDataVersion":{"MajorVersion":1},"Timestamp":"2024-04-27T11:50:50.0426332Z","MessageType":"ua-condition","DataSetWriterName":"<<UnknownDataSet>>|PendingAlarms","Payload":{"ConditionClassId":{"Value":null,"SourceTimestamp":"2024-04-27T11:50:47.8458184Z"},"ConditionClassName":{"Value":null,"SourceTimestamp":"2024-04-27T11:50:47.8458184Z"},"ConditionSubClassId":{"Value":null,"SourceTimestamp":"2024-04-27T11:50:47.8458184Z"},"ConditionSubClassName":{"Value":null,"SourceTimestamp":"2024-04-27T11:50:47.8458184Z"},"EventId":{"Value":"ZuUmOd8bjU2yM+1J8qZsrQ==","SourceTimestamp":"2024-04-27T11:50:47.8458184Z"},"EventType":{"Value":{"Id":10751},"SourceTimestamp":"2024-04-27T11:50:47.8458184Z"},"LocalTime":{"Value":{"Offset":120,"DaylightSavingInOffset":true},"SourceTimestamp":"2024-04-27T11:50:47.8458184Z"},"Message":{"Value":"The alarm severity has increased.","SourceTimestamp":"2024-04-27T11:50:47.8458184Z"},"ReceiveTime":{"Value":"2024-04-27T11:50:47.0557932Z","SourceTimestamp":"2024-04-27T11:50:47.8458184Z"},"Severity":{"Value":500,"SourceTimestamp":"2024-04-27T11:50:47.8458184Z"},"SourceName":{"Value":"SouthMotor","SourceTimestamp":"2024-04-27T11:50:47.8458184Z"},"SourceNode":{"Value":{"IdType":1,"Id":"1:Metals/SouthMotor","Namespace":"http://opcfoundation.org/AlarmCondition"},"SourceTimestamp":"2024-04-27T11:50:47.8458184Z"},"Time":{"Value":"2024-04-27T11:50:47.0557881Z","SourceTimestamp":"2024-04-27T11:50:47.8458184Z"}}}]}