{"MessageId":"30b2b9c0-8f92-490e-a3fc-07b0033cfd00","MessageType":"ua-data","PublisherId":"DESKTOP-BGFJS91","DataSetWriterGroup":"<<UnknownWriterGroup>>","Messages":[{"SequenceNumber":2,"MetaDataVersion":{"MajorVersion":1},"Timestamp":"2024-04-27T11:50:39.9853547Z","MessageType":"ua-condition","DataSetWriterName":"<<UnknownDataSet>>|PendingAlarms","Payload":{"ConditionClassId":{"Value":null,"SourceTimestamp":"2024-04-27T11:50:37.8763612Z"},"ConditionClassName":{"Value":null,"SourceTimestamp":"2024-04-27T11:50:37.8763612Z"},"ConditionSubClassId":{"Value":null,"SourceTimestamp":"2024-04-27T11:50:37.8763612Z"},"ConditionSubClassName":{"Value":null,"SourceTimestamp":"2024-04-27T11:50:37.8763612Z"},"EventId":{"Value":"rA1Cx8zdrkqqURV+R0Y+Ng==","SourceTimestamp":"2024-04-27T11:50:37.8763612Z"},"EventType":{"Value":{"Id":10751},"SourceTimestamp":"2024-04-27T11:50:37.8763612Z"},"LocalTime":{"Value":{"Offset":120,"DaylightSavingInOffset":true},"SourceTimestamp":"2024-04-27T11:50:37.8763612Z"},"Message":{"Value":"The alarm severity has increased.","SourceTimestamp":"2024-04-27T11:50:37.8763612Z"},"ReceiveTime":{"Value":"2024-04-27T11:50:37.0588654Z","SourceTimestamp":"2024-04-27T11:50:37.8763612Z"},"Severity":{"Value":300,"SourceTimestamp":"2024-04-27T11:50:37.8763612Z"},"SourceName":{"Value":"WestTank","SourceTimestamp":"2024-04-27T11:50:37.8763612Z"},"SourceNode":{"Value":{"IdType":1,"Id":"1:Metals/WestTank","Namespace":"http://opcfoundation.org/AlarmCondition"},"SourceTimestamp":"2024-04-27T11:50:37.8763612Z"},"Time":{"Value":"2024-04-27T11:50:37.058859Z","SourceTimestamp":"2024-04-27T11:50:37.8763612Z"}}}]}