{"MessageId":"ce6b1999-a023-473b-815f-8d8073fee166","MessageType":"ua-data","PublisherId":"DESKTOP-BGFJS91","DataSetWriterGroup":"<<UnknownWriterGroup>>","Messages":[{"SequenceNumber":20,"MetaDataVersion":{"MajorVersion":1},"Timestamp":"2024-04-27T11:50:50.0432843Z","MessageType":"ua-condition","DataSetWriterName":"<<UnknownDataSet>>|PendingAlarms","Payload":{"ConditionClassId":{"Value":null,"SourceTimestamp":"2024-04-27T11:50:40.8414763Z"},"ConditionClassName":{"Value":null,"SourceTimestamp":"2024-04-27T11:50:40.8414763Z"},"ConditionSubClassId":{"Value":null,"SourceTimestamp":"2024-04-27T11:50:40.8414763Z"},"ConditionSubClassName":{"Value":null,"SourceTimestamp":"2024-04-27T11:50:40.8414763Z"},"EventId":{"Value":"DDrQY/u/8U2VN0I0KzJR7A==","SourceTimestamp":"2024-04-27T11:50:40.8414763Z"},"EventType":{"Value":{"Id":10060},"SourceTimestamp":"2024-04-27T11:50:40.8414763Z"},"LocalTime":{"Value":{"Offset":120,"DaylightSavingInOffset":true},"SourceTimestamp":"2024-04-27T11:50:40.8414763Z"},"Message":{"Value":"The alarm severity has increased.","SourceTimestamp":"2024-04-27T11:50:40.8414763Z"},"ReceiveTime":{"Value":"2024-04-27T11:50:40.0560615Z","SourceTimestamp":"2024-04-27T11:50:40.8414763Z"},"Severity":{"Value":300,"SourceTimestamp":"2024-04-27T11:50:40.8414763Z"},"SourceName":{"Value":"WestTank","SourceTimestamp":"2024-04-27T11:50:40.8414763Z"},"SourceNode":{"Value":{"IdType":1,"Id":"1:Metals/WestTank","Namespace":"http://opcfoundation.org/AlarmCondition"},"SourceTimestamp":"2024-04-27T11:50:40.8414763Z"},"Time":{"Value":"2024-04-27T11:50:40.0560551Z","SourceTimestamp":"2024-04-27T11:50:40.8414763Z"}}}]}