{"MessageId":"15fd969f-10a1-44e7-b755-16a0d67308b2","MessageType":"ua-data","PublisherId":"DESKTOP-BGFJS91","DataSetWriterGroup":"<<UnknownWriterGroup>>","Messages":[{"SequenceNumber":24,"MetaDataVersion":{"MajorVersion":1},"Timestamp":"2024-04-27T11:51:00.1031617Z","MessageType":"ua-condition","DataSetWriterName":"<<UnknownDataSet>>|PendingAlarms","Payload":{"ConditionClassId":{"Value":null,"SourceTimestamp":"2024-04-27T11:50:53.839406Z"},"ConditionClassName":{"Value":null,"SourceTimestamp":"2024-04-27T11:50:53.839406Z"},"ConditionSubClassId":{"Value":null,"SourceTimestamp":"2024-04-27T11:50:53.839406Z"},"ConditionSubClassName":{"Value":null,"SourceTimestamp":"2024-04-27T11:50:53.839406Z"},"EventId":{"Value":"Sk1SsyZiTUKRJjhpGmeE0A==","SourceTimestamp":"2024-04-27T11:50:53.839406Z"},"EventType":{"Value":{"Id":10060},"SourceTimestamp":"2024-04-27T11:50:53.839406Z"},"LocalTime":{"Value":{"Offset":120,"DaylightSavingInOffset":true},"SourceTimestamp":"2024-04-27T11:50:53.839406Z"},"Message":{"Value":"The alarm severity has increased.","SourceTimestamp":"2024-04-27T11:50:53.839406Z"},"ReceiveTime":{"Value":"2024-04-27T11:50:53.0548595Z","SourceTimestamp":"2024-04-27T11:50:53.839406Z"},"Severity":{"Value":700,"SourceTimestamp":"2024-04-27T11:50:53.839406Z"},"SourceName":{"Value":"SouthMotor","SourceTimestamp":"2024-04-27T11:50:53.839406Z"},"SourceNode":{"Value":{"IdType":1,"Id":"1:Metals/SouthMotor","Namespace":"http://opcfoundation.org/AlarmCondition"},"SourceTimestamp":"2024-04-27T11:50:53.839406Z"},"Time":{"Value":"2024-04-27T11:50:53.0548563Z","SourceTimestamp":"2024-04-27T11:50:53.839406Z"}}}]}