{"MessageId":"a8878dcf-eabf-4fa7-994e-798a29760166","MessageType":"ua-data","PublisherId":"DESKTOP-BGFJS91","DataSetWriterGroup":"<<UnknownWriterGroup>>","Messages":[{"SequenceNumber":26,"MetaDataVersion":{"MajorVersion":1},"Timestamp":"2024-04-27T11:51:00.10371Z","MessageType":"ua-condition","DataSetWriterName":"<<UnknownDataSet>>|PendingAlarms","Payload":{"ConditionClassId":{"Value":null,"SourceTimestamp":"2024-04-27T11:50:56.871674Z"},"ConditionClassName":{"Value":null,"SourceTimestamp":"2024-04-27T11:50:56.871674Z"},"ConditionSubClassId":{"Value":null,"SourceTimestamp":"2024-04-27T11:50:56.871674Z"},"ConditionSubClassName":{"Value":null,"SourceTimestamp":"2024-04-27T11:50:56.871674Z"},"EventId":{"Value":"FXD/YNc180i/jTsvyKjJsg==","SourceTimestamp":"2024-04-27T11:50:56.871674Z"},"EventType":{"Value":{"Id":9764},"SourceTimestamp":"2024-04-27T11:50:56.871674Z"},"LocalTime":{"Value":{"Offset":120,"DaylightSavingInOffset":true},"SourceTimestamp":"2024-04-27T11:50:56.871674Z"},"Message":{"Value":"The alarm severity has increased.","SourceTimestamp":"2024-04-27T11:50:56.871674Z"},"ReceiveTime":{"Value":"2024-04-27T11:50:56.0512453Z","SourceTimestamp":"2024-04-27T11:50:56.871674Z"},"Severity":{"Value":700,"SourceTimestamp":"2024-04-27T11:50:56.871674Z"},"SourceName":{"Value":"NorthMotor","SourceTimestamp":"2024-04-27T11:50:56.871674Z"},"SourceNode":{"Value":{"IdType":1,"Id":"1:Colours/NorthMotor","Namespace":"http://opcfoundation.org/AlarmCondition"},"SourceTimestamp":"2024-04-27T11:50:56.871674Z"},"Time":{"Value":"2024-04-27T11:50:56.0512376Z","SourceTimestamp":"2024-04-27T11:50:56.871674Z"}}}]}