{"MessageId":"510d3da6-692d-434c-bcac-1bee494acb91","MessageType":"ua-data","PublisherId":"DESKTOP-BGFJS91","DataSetWriterGroup":"<<UnknownWriterGroup>>","Messages":[{"SequenceNumber":28,"MetaDataVersion":{"MajorVersion":1},"Timestamp":"2024-04-27T11:51:00.1040634Z","MessageType":"ua-condition","DataSetWriterName":"<<UnknownDataSet>>|PendingAlarms","Payload":{"ConditionClassId":{"Value":null,"SourceTimestamp":"2024-04-27T11:50:59.8401231Z"},"ConditionClassName":{"Value":null,"SourceTimestamp":"2024-04-27T11:50:59.8401231Z"},"ConditionSubClassId":{"Value":null,"SourceTimestamp":"2024-04-27T11:50:59.8401231Z"},"ConditionSubClassName":{"Value":null,"SourceTimestamp":"2024-04-27T11:50:59.8401231Z"},"EventId":{"Value":"1fhEfs1l7kelh+7bfX8bkQ==","SourceTimestamp":"2024-04-27T11:50:59.8401231Z"},"EventType":{"Value":{"Id":10751},"SourceTimestamp":"2024-04-27T11:50:59.8401231Z"},"LocalTime":{"Value":{"Offset":120,"DaylightSavingInOffset":true},"SourceTimestamp":"2024-04-27T11:50:59.8401231Z"},"Message":{"Value":"The alarm severity has increased.","SourceTimestamp":"2024-04-27T11:50:59.8401231Z"},"ReceiveTime":{"Value":"2024-04-27T11:50:59.0535455Z","SourceTimestamp":"2024-04-27T11:50:59.8401231Z"},"Severity":{"Value":700,"SourceTimestamp":"2024-04-27T11:50:59.8401231Z"},"SourceName":{"Value":"EastTank","SourceTimestamp":"2024-04-27T11:50:59.8401231Z"},"SourceNode":{"Value":{"IdType":1,"Id":"1:Colours/EastTank","Namespace":"http://opcfoundation.org/AlarmCondition"},"SourceTimestamp":"2024-04-27T11:50:59.8401231Z"},"Time":{"Value":"2024-04-27T11:50:59.0535313Z","SourceTimestamp":"2024-04-27T11:50:59.8401231Z"}}}]}