{"MessageId":"39366ffc-29d1-4a36-84f6-f277c2055a43","MessageType":"ua-data","PublisherId":"DESKTOP-BGFJS91","DataSetWriterGroup":"<<UnknownWriterGroup>>","Messages":[{"SequenceNumber":30,"MetaDataVersion":{"MajorVersion":1},"Timestamp":"2024-04-27T11:51:00.1061208Z","MessageType":"ua-condition","DataSetWriterName":"<<UnknownDataSet>>|PendingAlarms","Payload":{"ConditionClassId":{"Value":null,"SourceTimestamp":"2024-04-27T11:50:51.8608307Z"},"ConditionClassName":{"Value":null,"SourceTimestamp":"2024-04-27T11:50:51.8608307Z"},"ConditionSubClassId":{"Value":null,"SourceTimestamp":"2024-04-27T11:50:51.8608307Z"},"ConditionSubClassName":{"Value":null,"SourceTimestamp":"2024-04-27T11:50:51.8608307Z"},"EventId":{"Value":"c9ymfeBz5EuaCnSqQNTklA==","SourceTimestamp":"2024-04-27T11:50:51.8608307Z"},"EventType":{"Value":{"Id":10751},"SourceTimestamp":"2024-04-27T11:50:51.8608307Z"},"LocalTime":{"Value":{"Offset":120,"DaylightSavingInOffset":true},"SourceTimestamp":"2024-04-27T11:50:51.8608307Z"},"Message":{"Value":"The alarm severity has increased.","SourceTimestamp":"2024-04-27T11:50:51.8608307Z"},"ReceiveTime":{"Value":"2024-04-27T11:50:51.0487631Z","SourceTimestamp":"2024-04-27T11:50:51.8608307Z"},"Severity":{"Value":500,"SourceTimestamp":"2024-04-27T11:50:51.8608307Z"},"SourceName":{"Value":"NorthMotor","SourceTimestamp":"2024-04-27T11:50:51.8608307Z"},"SourceNode":{"Value":{"IdType":1,"Id":"1:Colours/NorthMotor","Namespace":"http://opcfoundation.org/AlarmCondition"},"SourceTimestamp":"2024-04-27T11:50:51.8608307Z"},"Time":{"Value":"2024-04-27T11:50:51.0487466Z","SourceTimestamp":"2024-04-27T11:50:51.8608307Z"}}}]}