{"MessageId":"67dec6a3-8c34-4896-99f6-17070d89c2ff","MessageType":"ua-data","PublisherId":"DESKTOP-BGFJS91","DataSetWriterGroup":"<<UnknownWriterGroup>>","Messages":[{"SequenceNumber":33,"MetaDataVersion":{"MajorVersion":1},"Timestamp":"2024-04-27T11:51:00.1064829Z","MessageType":"ua-condition","DataSetWriterName":"<<UnknownDataSet>>|PendingAlarms","Payload":{"ConditionClassId":{"Value":null,"SourceTimestamp":"2024-04-27T11:50:51.8608307Z"},"ConditionClassName":{"Value":null,"SourceTimestamp":"2024-04-27T11:50:51.8608307Z"},"ConditionSubClassId":{"Value":null,"SourceTimestamp":"2024-04-27T11:50:51.8608307Z"},"ConditionSubClassName":{"Value":null,"SourceTimestamp":"2024-04-27T11:50:51.8608307Z"},"EventId":{"Value":"0mot8/cJaUK1TTo5+n4WZQ==","SourceTimestamp":"2024-04-27T11:50:51.8608307Z"},"EventType":{"Value":{"Id":9764},"SourceTimestamp":"2024-04-27T11:50:51.8608307Z"},"LocalTime":{"Value":{"Offset":120,"DaylightSavingInOffset":true},"SourceTimestamp":"2024-04-27T11:50:51.8608307Z"},"Message":{"Value":"The alarm severity has increased.","SourceTimestamp":"2024-04-27T11:50:51.8608307Z"},"ReceiveTime":{"Value":"2024-04-27T11:50:51.0490708Z","SourceTimestamp":"2024-04-27T11:50:51.8608307Z"},"Severity":{"Value":500,"SourceTimestamp":"2024-04-27T11:50:51.8608307Z"},"SourceName":{"Value":"SouthMotor","SourceTimestamp":"2024-04-27T11:50:51.8608307Z"},"SourceNode":{"Value":{"IdType":1,"Id":"1:Metals/SouthMotor","Namespace":"http://opcfoundation.org/AlarmCondition"},"SourceTimestamp":"2024-04-27T11:50:51.8608307Z"},"Time":{"Value":"2024-04-27T11:50:51.049067Z","SourceTimestamp":"2024-04-27T11:50:51.8608307Z"}}}]}