{"MessageId":"b31b4c50-a7c3-4181-aa1d-c3354d8e81a4","MessageType":"ua-data","PublisherId":"DESKTOP-BGFJS91","DataSetWriterGroup":"<<UnknownWriterGroup>>","Messages":[{"SequenceNumber":35,"MetaDataVersion":{"MajorVersion":1},"Timestamp":"2024-04-27T11:51:10.1880538Z","MessageType":"ua-condition","DataSetWriterName":"<<UnknownDataSet>>|PendingAlarms","Payload":{"ConditionClassId":{"Value":null,"SourceTimestamp":"2024-04-27T11:51:05.8667352Z"},"ConditionClassName":{"Value":null,"SourceTimestamp":"2024-04-27T11:51:05.8667352Z"},"ConditionSubClassId":{"Value":null,"SourceTimestamp":"2024-04-27T11:51:05.8667352Z"},"ConditionSubClassName":{"Value":null,"SourceTimestamp":"2024-04-27T11:51:05.8667352Z"},"EventId":{"Value":"/nkq88efz0KH82VIFE6tag==","SourceTimestamp":"2024-04-27T11:51:05.8667352Z"},"EventType":{"Value":{"Id":10060},"SourceTimestamp":"2024-04-27T11:51:05.8667352Z"},"LocalTime":{"Value":{"Offset":120,"DaylightSavingInOffset":true},"SourceTimestamp":"2024-04-27T11:51:05.8667352Z"},"Message":{"Value":"The alarm severity has increased.","SourceTimestamp":"2024-04-27T11:51:05.8667352Z"},"ReceiveTime":{"Value":"2024-04-27T11:51:05.0492493Z","SourceTimestamp":"2024-04-27T11:51:05.8667352Z"},"Severity":{"Value":900,"SourceTimestamp":"2024-04-27T11:51:05.8667352Z"},"SourceName":{"Value":"EastTank","SourceTimestamp":"2024-04-27T11:51:05.8667352Z"},"SourceNode":{"Value":{"IdType":1,"Id":"1:Colours/EastTank","Namespace":"http://opcfoundation.org/AlarmCondition"},"SourceTimestamp":"2024-04-27T11:51:05.8667352Z"},"Time":{"Value":"2024-04-27T11:51:05.0492278Z","SourceTimestamp":"2024-04-27T11:51:05.8667352Z"}}}]}