{"MessageId":"28e8a665-774b-4778-9743-3dbd0eedac5d","MessageType":"ua-data","PublisherId":"DESKTOP-BGFJS91","DataSetWriterGroup":"<<UnknownWriterGroup>>","Messages":[{"SequenceNumber":39,"MetaDataVersion":{"MajorVersion":1},"Timestamp":"2024-04-27T11:51:10.1886415Z","MessageType":"ua-condition","DataSetWriterName":"<<UnknownDataSet>>|PendingAlarms","Payload":{"ConditionClassId":{"Value":null,"SourceTimestamp":"2024-04-27T11:51:09.8560389Z"},"ConditionClassName":{"Value":null,"SourceTimestamp":"2024-04-27T11:51:09.8560389Z"},"ConditionSubClassId":{"Value":null,"SourceTimestamp":"2024-04-27T11:51:09.8560389Z"},"ConditionSubClassName":{"Value":null,"SourceTimestamp":"2024-04-27T11:51:09.8560389Z"},"EventId":{"Value":"4pb3La7dL0S87XrIq1E35g==","SourceTimestamp":"2024-04-27T11:51:09.8560389Z"},"EventType":{"Value":{"Id":10060},"SourceTimestamp":"2024-04-27T11:51:09.8560389Z"},"LocalTime":{"Value":{"Offset":120,"DaylightSavingInOffset":true},"SourceTimestamp":"2024-04-27T11:51:09.8560389Z"},"Message":{"Value":"The alarm severity has increased.","SourceTimestamp":"2024-04-27T11:51:09.8560389Z"},"ReceiveTime":{"Value":"2024-04-27T11:51:09.0574788Z","SourceTimestamp":"2024-04-27T11:51:09.8560389Z"},"Severity":{"Value":900,"SourceTimestamp":"2024-04-27T11:51:09.8560389Z"},"SourceName":{"Value":"NorthMotor","SourceTimestamp":"2024-04-27T11:51:09.8560389Z"},"SourceNode":{"Value":{"IdType":1,"Id":"1:Colours/NorthMotor","Namespace":"http://opcfoundation.org/AlarmCondition"},"SourceTimestamp":"2024-04-27T11:51:09.8560389Z"},"Time":{"Value":"2024-04-27T11:51:09.057475Z","SourceTimestamp":"2024-04-27T11:51:09.8560389Z"}}}]}