{"MessageId":"383bc6d5-8114-4943-baea-345849875785","MessageType":"ua-data","PublisherId":"DESKTOP-BGFJS91","DataSetWriterGroup":"<<UnknownWriterGroup>>","Messages":[{"SequenceNumber":42,"MetaDataVersion":{"MajorVersion":1},"Timestamp":"2024-04-27T11:51:10.1890533Z","MessageType":"ua-condition","DataSetWriterName":"<<UnknownDataSet>>|PendingAlarms","Payload":{"ConditionClassId":{"Value":null,"SourceTimestamp":"2024-04-27T11:51:02.8654963Z"},"ConditionClassName":{"Value":null,"SourceTimestamp":"2024-04-27T11:51:02.8654963Z"},"ConditionSubClassId":{"Value":null,"SourceTimestamp":"2024-04-27T11:51:02.8654963Z"},"ConditionSubClassName":{"Value":null,"SourceTimestamp":"2024-04-27T11:51:02.8654963Z"},"EventId":{"Value":"ZesT5+UWKUGEHSi+YqZEZg==","SourceTimestamp":"2024-04-27T11:51:02.8654963Z"},"EventType":{"Value":{"Id":10060},"SourceTimestamp":"2024-04-27T11:51:02.8654963Z"},"LocalTime":{"Value":{"Offset":120,"DaylightSavingInOffset":true},"SourceTimestamp":"2024-04-27T11:51:02.8654963Z"},"Message":{"Value":"The alarm severity has increased.","SourceTimestamp":"2024-04-27T11:51:02.8654963Z"},"ReceiveTime":{"Value":"2024-04-27T11:51:02.0515041Z","SourceTimestamp":"2024-04-27T11:51:02.8654963Z"},"Severity":{"Value":700,"SourceTimestamp":"2024-04-27T11:51:02.8654963Z"},"SourceName":{"Value":"WestTank","SourceTimestamp":"2024-04-27T11:51:02.8654963Z"},"SourceNode":{"Value":{"IdType":1,"Id":"1:Metals/WestTank","Namespace":"http://opcfoundation.org/AlarmCondition"},"SourceTimestamp":"2024-04-27T11:51:02.8654963Z"},"Time":{"Value":"2024-04-27T11:51:02.0514938Z","SourceTimestamp":"2024-04-27T11:51:02.8654963Z"}}}]}