{"MessageId":"cf20fed9-83ec-444e-a265-c0d12330bb42","MessageType":"ua-data","PublisherId":"DESKTOP-BGFJS91","DataSetWriterGroup":"<<UnknownWriterGroup>>","Messages":[{"SequenceNumber":48,"MetaDataVersion":{"MajorVersion":1},"Timestamp":"2024-04-27T11:51:20.2801231Z","MessageType":"ua-condition","DataSetWriterName":"<<UnknownDataSet>>|PendingAlarms","Payload":{"ConditionClassId":{"Value":null,"SourceTimestamp":"2024-04-27T11:51:19.8757094Z"},"ConditionClassName":{"Value":null,"SourceTimestamp":"2024-04-27T11:51:19.8757094Z"},"ConditionSubClassId":{"Value":null,"SourceTimestamp":"2024-04-27T11:51:19.8757094Z"},"ConditionSubClassName":{"Value":null,"SourceTimestamp":"2024-04-27T11:51:19.8757094Z"},"EventId":{"Value":"YI+Npb2Tu0OWO1TevtfKnA==","SourceTimestamp":"2024-04-27T11:51:19.8757094Z"},"EventType":{"Value":{"Id":9764},"SourceTimestamp":"2024-04-27T11:51:19.8757094Z"},"LocalTime":{"Value":{"Offset":120,"DaylightSavingInOffset":true},"SourceTimestamp":"2024-04-27T11:51:19.8757094Z"},"Message":{"Value":"The alarm was deactivated by the system.","SourceTimestamp":"2024-04-27T11:51:19.8757094Z"},"ReceiveTime":{"Value":"2024-04-27T11:51:19.0472326Z","SourceTimestamp":"2024-04-27T11:51:19.8757094Z"},"Severity":{"Value":100,"SourceTimestamp":"2024-04-27T11:51:19.8757094Z"},"SourceName":{"Value":"WestTank","SourceTimestamp":"2024-04-27T11:51:19.8757094Z"},"SourceNode":{"Value":{"IdType":1,"Id":"1:Metals/WestTank","Namespace":"http://opcfoundation.org/AlarmCondition"},"SourceTimestamp":"2024-04-27T11:51:19.8757094Z"},"Time":{"Value":"2024-04-27T11:51:19.04723Z","SourceTimestamp":"2024-04-27T11:51:19.8757094Z"}}}]}