{"MessageId":"bcb9c89d-6c21-4a8d-a2f8-d2d7263a43a1","MessageType":"ua-data","PublisherId":"DESKTOP-BGFJS91","DataSetWriterGroup":"<<UnknownWriterGroup>>","Messages":[{"SequenceNumber":55,"MetaDataVersion":{"MajorVersion":1},"Timestamp":"2024-04-27T11:51:30.3605879Z","MessageType":"ua-condition","DataSetWriterName":"<<UnknownDataSet>>|PendingAlarms","Payload":{"ConditionClassId":{"Value":null,"SourceTimestamp":"2024-04-27T11:51:25.8907226Z"},"ConditionClassName":{"Value":null,"SourceTimestamp":"2024-04-27T11:51:25.8907226Z"},"ConditionSubClassId":{"Value":null,"SourceTimestamp":"2024-04-27T11:51:25.8907226Z"},"ConditionSubClassName":{"Value":null,"SourceTimestamp":"2024-04-27T11:51:25.8907226Z"},"EventId":{"Value":"PuIeSo0cDkCOHI+siNcmpQ==","SourceTimestamp":"2024-04-27T11:51:25.8907226Z"},"EventType":{"Value":{"Id":10751},"SourceTimestamp":"2024-04-27T11:51:25.8907226Z"},"LocalTime":{"Value":{"Offset":120,"DaylightSavingInOffset":true},"SourceTimestamp":"2024-04-27T11:51:25.8907226Z"},"Message":{"Value":"The alarm severity has increased.","SourceTimestamp":"2024-04-27T11:51:25.8907226Z"},"ReceiveTime":{"Value":"2024-04-27T11:51:25.0616092Z","SourceTimestamp":"2024-04-27T11:51:25.8907226Z"},"Severity":{"Value":300,"SourceTimestamp":"2024-04-27T11:51:25.8907226Z"},"SourceName":{"Value":"WestTank","SourceTimestamp":"2024-04-27T11:51:25.8907226Z"},"SourceNode":{"Value":{"IdType":1,"Id":"1:Metals/WestTank","Namespace":"http://opcfoundation.org/AlarmCondition"},"SourceTimestamp":"2024-04-27T11:51:25.8907226Z"},"Time":{"Value":"2024-04-27T11:51:25.0616031Z","SourceTimestamp":"2024-04-27T11:51:25.8907226Z"}}}]}