{"MessageId":"a51db994-926f-4885-9038-91a646cac5b0","MessageType":"ua-data","PublisherId":"DESKTOP-BGFJS91","DataSetWriterGroup":"<<UnknownWriterGroup>>","Messages":[{"SequenceNumber":58,"MetaDataVersion":{"MajorVersion":1},"Timestamp":"2024-04-27T11:51:30.3609905Z","MessageType":"ua-condition","DataSetWriterName":"<<UnknownDataSet>>|PendingAlarms","Payload":{"ConditionClassId":{"Value":null,"SourceTimestamp":"2024-04-27T11:51:29.8602101Z"},"ConditionClassName":{"Value":null,"SourceTimestamp":"2024-04-27T11:51:29.8602101Z"},"ConditionSubClassId":{"Value":null,"SourceTimestamp":"2024-04-27T11:51:29.8602101Z"},"ConditionSubClassName":{"Value":null,"SourceTimestamp":"2024-04-27T11:51:29.8602101Z"},"EventId":{"Value":"x8UrJIvZe06V3RIgh/foVw==","SourceTimestamp":"2024-04-27T11:51:29.8602101Z"},"EventType":{"Value":{"Id":9764},"SourceTimestamp":"2024-04-27T11:51:29.8602101Z"},"LocalTime":{"Value":{"Offset":120,"DaylightSavingInOffset":true},"SourceTimestamp":"2024-04-27T11:51:29.8602101Z"},"Message":{"Value":"The alarm is active.","SourceTimestamp":"2024-04-27T11:51:29.8602101Z"},"ReceiveTime":{"Value":"2024-04-27T11:51:29.0517045Z","SourceTimestamp":"2024-04-27T11:51:29.8602101Z"},"Severity":{"Value":100,"SourceTimestamp":"2024-04-27T11:51:29.8602101Z"},"SourceName":{"Value":"WestTank","SourceTimestamp":"2024-04-27T11:51:29.8602101Z"},"SourceNode":{"Value":{"IdType":1,"Id":"1:Metals/WestTank","Namespace":"http://opcfoundation.org/AlarmCondition"},"SourceTimestamp":"2024-04-27T11:51:29.8602101Z"},"Time":{"Value":"2024-04-27T11:51:29.0517008Z","SourceTimestamp":"2024-04-27T11:51:29.8602101Z"}}}]}