{"MessageId":"d00c4888-0b29-4273-9c68-3ec9577f1a58","MessageType":"ua-data","PublisherId":"DESKTOP-BGFJS91","DataSetWriterGroup":"<<UnknownWriterGroup>>","Messages":[{"SequenceNumber":65,"MetaDataVersion":{"MajorVersion":1},"Timestamp":"2024-04-27T11:51:40.4172471Z","MessageType":"ua-condition","DataSetWriterName":"<<UnknownDataSet>>|PendingAlarms","Payload":{"ConditionClassId":{"Value":null,"SourceTimestamp":"2024-04-27T11:51:33.8788944Z"},"ConditionClassName":{"Value":null,"SourceTimestamp":"2024-04-27T11:51:33.8788944Z"},"ConditionSubClassId":{"Value":null,"SourceTimestamp":"2024-04-27T11:51:33.8788944Z"},"ConditionSubClassName":{"Value":null,"SourceTimestamp":"2024-04-27T11:51:33.8788944Z"},"EventId":{"Value":"w5LVwMMwkUqQ/VQ119RgfA==","SourceTimestamp":"2024-04-27T11:51:33.8788944Z"},"EventType":{"Value":{"Id":10060},"SourceTimestamp":"2024-04-27T11:51:33.8788944Z"},"LocalTime":{"Value":{"Offset":120,"DaylightSavingInOffset":true},"SourceTimestamp":"2024-04-27T11:51:33.8788944Z"},"Message":{"Value":"The alarm severity has increased.","SourceTimestamp":"2024-04-27T11:51:33.8788944Z"},"ReceiveTime":{"Value":"2024-04-27T11:51:33.0567865Z","SourceTimestamp":"2024-04-27T11:51:33.8788944Z"},"Severity":{"Value":500,"SourceTimestamp":"2024-04-27T11:51:33.8788944Z"},"SourceName":{"Value":"SouthMotor","SourceTimestamp":"2024-04-27T11:51:33.8788944Z"},"SourceNode":{"Value":{"IdType":1,"Id":"1:Metals/SouthMotor","Namespace":"http://opcfoundation.org/AlarmCondition"},"SourceTimestamp":"2024-04-27T11:51:33.8788944Z"},"Time":{"Value":"2024-04-27T11:51:33.0567836Z","SourceTimestamp":"2024-04-27T11:51:33.8788944Z"}}}]}