{"MessageId":"73b08ee6-4f7e-4375-8da1-2d0ec7d55334","MessageType":"ua-data","PublisherId":"DESKTOP-BGFJS91","DataSetWriterGroup":"<<UnknownWriterGroup>>","Messages":[{"SequenceNumber":66,"MetaDataVersion":{"MajorVersion":1},"Timestamp":"2024-04-27T11:51:40.4173873Z","MessageType":"ua-condition","DataSetWriterName":"<<UnknownDataSet>>|PendingAlarms","Payload":{"ConditionClassId":{"Value":null,"SourceTimestamp":"2024-04-27T11:51:32.8892966Z"},"ConditionClassName":{"Value":null,"SourceTimestamp":"2024-04-27T11:51:32.8892966Z"},"ConditionSubClassId":{"Value":null,"SourceTimestamp":"2024-04-27T11:51:32.8892966Z"},"ConditionSubClassName":{"Value":null,"SourceTimestamp":"2024-04-27T11:51:32.8892966Z"},"EventId":{"Value":"wdl9DHy+40uhR2GAimIO2A==","SourceTimestamp":"2024-04-27T11:51:32.8892966Z"},"EventType":{"Value":{"Id":9764},"SourceTimestamp":"2024-04-27T11:51:32.8892966Z"},"LocalTime":{"Value":{"Offset":120,"DaylightSavingInOffset":true},"SourceTimestamp":"2024-04-27T11:51:32.8892966Z"},"Message":{"Value":"The alarm severity has increased.","SourceTimestamp":"2024-04-27T11:51:32.8892966Z"},"ReceiveTime":{"Value":"2024-04-27T11:51:32.0536611Z","SourceTimestamp":"2024-04-27T11:51:32.8892966Z"},"Severity":{"Value":300,"SourceTimestamp":"2024-04-27T11:51:32.8892966Z"},"SourceName":{"Value":"NorthMotor","SourceTimestamp":"2024-04-27T11:51:32.8892966Z"},"SourceNode":{"Value":{"IdType":1,"Id":"1:Colours/NorthMotor","Namespace":"http://opcfoundation.org/AlarmCondition"},"SourceTimestamp":"2024-04-27T11:51:32.8892966Z"},"Time":{"Value":"2024-04-27T11:51:32.0536539Z","SourceTimestamp":"2024-04-27T11:51:32.8892966Z"}}}]}