{"MessageId":"d86ee1c0-3ff6-4f77-b555-39edb1f0ac37","MessageType":"ua-data","PublisherId":"DESKTOP-BGFJS91","DataSetWriterGroup":"<<UnknownWriterGroup>>","Messages":[{"SequenceNumber":72,"MetaDataVersion":{"MajorVersion":1},"Timestamp":"2024-04-27T11:51:40.4182196Z","MessageType":"ua-condition","DataSetWriterName":"<<UnknownDataSet>>|PendingAlarms","Payload":{"ConditionClassId":{"Value":null,"SourceTimestamp":"2024-04-27T11:51:39.872727Z"},"ConditionClassName":{"Value":null,"SourceTimestamp":"2024-04-27T11:51:39.872727Z"},"ConditionSubClassId":{"Value":null,"SourceTimestamp":"2024-04-27T11:51:39.872727Z"},"ConditionSubClassName":{"Value":null,"SourceTimestamp":"2024-04-27T11:51:39.872727Z"},"EventId":{"Value":"IKLP2yD0DkaKy8yQ7GtjeQ==","SourceTimestamp":"2024-04-27T11:51:39.872727Z"},"EventType":{"Value":{"Id":10751},"SourceTimestamp":"2024-04-27T11:51:39.872727Z"},"LocalTime":{"Value":{"Offset":120,"DaylightSavingInOffset":true},"SourceTimestamp":"2024-04-27T11:51:39.872727Z"},"Message":{"Value":"The alarm severity has increased.","SourceTimestamp":"2024-04-27T11:51:39.872727Z"},"ReceiveTime":{"Value":"2024-04-27T11:51:39.0533047Z","SourceTimestamp":"2024-04-27T11:51:39.872727Z"},"Severity":{"Value":300,"SourceTimestamp":"2024-04-27T11:51:39.872727Z"},"SourceName":{"Value":"EastTank","SourceTimestamp":"2024-04-27T11:51:39.872727Z"},"SourceNode":{"Value":{"IdType":1,"Id":"1:Colours/EastTank","Namespace":"http://opcfoundation.org/AlarmCondition"},"SourceTimestamp":"2024-04-27T11:51:39.872727Z"},"Time":{"Value":"2024-04-27T11:51:39.0532759Z","SourceTimestamp":"2024-04-27T11:51:39.872727Z"}}}]}