{"MessageId":"b43ac753-9103-4031-a727-27d5dafa599e","MessageType":"ua-data","PublisherId":"DESKTOP-BGFJS91","DataSetWriterGroup":"<<UnknownWriterGroup>>","Messages":[{"SequenceNumber":73,"MetaDataVersion":{"MajorVersion":1},"Timestamp":"2024-04-27T11:51:40.4183532Z","MessageType":"ua-condition","DataSetWriterName":"<<UnknownDataSet>>|PendingAlarms","Payload":{"ConditionClassId":{"Value":null,"SourceTimestamp":"2024-04-27T11:51:35.8548389Z"},"ConditionClassName":{"Value":null,"SourceTimestamp":"2024-04-27T11:51:35.8548389Z"},"ConditionSubClassId":{"Value":null,"SourceTimestamp":"2024-04-27T11:51:35.8548389Z"},"ConditionSubClassName":{"Value":null,"SourceTimestamp":"2024-04-27T11:51:35.8548389Z"},"EventId":{"Value":"Dy+GLiVtxUap6Fg7MV3coQ==","SourceTimestamp":"2024-04-27T11:51:35.8548389Z"},"EventType":{"Value":{"Id":9764},"SourceTimestamp":"2024-04-27T11:51:35.8548389Z"},"LocalTime":{"Value":{"Offset":120,"DaylightSavingInOffset":true},"SourceTimestamp":"2024-04-27T11:51:35.8548389Z"},"Message":{"Value":"The alarm is active.","SourceTimestamp":"2024-04-27T11:51:35.8548389Z"},"ReceiveTime":{"Value":"2024-04-27T11:51:35.0533808Z","SourceTimestamp":"2024-04-27T11:51:35.8548389Z"},"Severity":{"Value":100,"SourceTimestamp":"2024-04-27T11:51:35.8548389Z"},"SourceName":{"Value":"SouthMotor","SourceTimestamp":"2024-04-27T11:51:35.8548389Z"},"SourceNode":{"Value":{"IdType":1,"Id":"1:Metals/SouthMotor","Namespace":"http://opcfoundation.org/AlarmCondition"},"SourceTimestamp":"2024-04-27T11:51:35.8548389Z"},"Time":{"Value":"2024-04-27T11:51:35.0533776Z","SourceTimestamp":"2024-04-27T11:51:35.8548389Z"}}}]}