{"MessageId":"9d2c1b7a-10fe-4a17-a86f-8c9d4924d4b2","MessageType":"ua-data","PublisherId":"DESKTOP-BGFJS91","DataSetWriterGroup":"<<UnknownWriterGroup>>","Messages":[{"SequenceNumber":88,"MetaDataVersion":{"MajorVersion":1},"Timestamp":"2024-04-27T11:52:00.5716554Z","MessageType":"ua-condition","DataSetWriterName":"<<UnknownDataSet>>|PendingAlarms","Payload":{"ConditionClassId":{"Value":null,"SourceTimestamp":"2024-04-27T11:51:57.8390388Z"},"ConditionClassName":{"Value":null,"SourceTimestamp":"2024-04-27T11:51:57.8390388Z"},"ConditionSubClassId":{"Value":null,"SourceTimestamp":"2024-04-27T11:51:57.8390388Z"},"ConditionSubClassName":{"Value":null,"SourceTimestamp":"2024-04-27T11:51:57.8390388Z"},"EventId":{"Value":"vDRai/27fUiT5rBZvflQeg==","SourceTimestamp":"2024-04-27T11:51:57.8390388Z"},"EventType":{"Value":{"Id":10751},"SourceTimestamp":"2024-04-27T11:51:57.8390388Z"},"LocalTime":{"Value":{"Offset":120,"DaylightSavingInOffset":true},"SourceTimestamp":"2024-04-27T11:51:57.8390388Z"},"Message":{"Value":"The alarm severity has increased.","SourceTimestamp":"2024-04-27T11:51:57.8390388Z"},"ReceiveTime":{"Value":"2024-04-27T11:51:57.0487707Z","SourceTimestamp":"2024-04-27T11:51:57.8390388Z"},"Severity":{"Value":500,"SourceTimestamp":"2024-04-27T11:51:57.8390388Z"},"SourceName":{"Value":"NorthMotor","SourceTimestamp":"2024-04-27T11:51:57.8390388Z"},"SourceNode":{"Value":{"IdType":1,"Id":"1:Colours/NorthMotor","Namespace":"http://opcfoundation.org/AlarmCondition"},"SourceTimestamp":"2024-04-27T11:51:57.8390388Z"},"Time":{"Value":"2024-04-27T11:51:57.0487643Z","SourceTimestamp":"2024-04-27T11:51:57.8390388Z"}}}]}