{"MessageId":"41e8bd11-564b-4127-9846-689610d4bfcb","MessageType":"ua-data","PublisherId":"DESKTOP-BGFJS91","DataSetWriterGroup":"<<UnknownWriterGroup>>","Messages":[{"SequenceNumber":95,"MetaDataVersion":{"MajorVersion":1},"Timestamp":"2024-04-27T11:52:00.572624Z","MessageType":"ua-condition","DataSetWriterName":"<<UnknownDataSet>>|PendingAlarms","Payload":{"ConditionClassId":{"Value":null,"SourceTimestamp":"2024-04-27T11:51:57.8390388Z"},"ConditionClassName":{"Value":null,"SourceTimestamp":"2024-04-27T11:51:57.8390388Z"},"ConditionSubClassId":{"Value":null,"SourceTimestamp":"2024-04-27T11:51:57.8390388Z"},"ConditionSubClassName":{"Value":null,"SourceTimestamp":"2024-04-27T11:51:57.8390388Z"},"EventId":{"Value":"uCb26WPX40KqgX2xGjG77g==","SourceTimestamp":"2024-04-27T11:51:57.8390388Z"},"EventType":{"Value":{"Id":9764},"SourceTimestamp":"2024-04-27T11:51:57.8390388Z"},"LocalTime":{"Value":{"Offset":120,"DaylightSavingInOffset":true},"SourceTimestamp":"2024-04-27T11:51:57.8390388Z"},"Message":{"Value":"The alarm severity has increased.","SourceTimestamp":"2024-04-27T11:51:57.8390388Z"},"ReceiveTime":{"Value":"2024-04-27T11:51:57.0497273Z","SourceTimestamp":"2024-04-27T11:51:57.8390388Z"},"Severity":{"Value":500,"SourceTimestamp":"2024-04-27T11:51:57.8390388Z"},"SourceName":{"Value":"SouthMotor","SourceTimestamp":"2024-04-27T11:51:57.8390388Z"},"SourceNode":{"Value":{"IdType":1,"Id":"1:Metals/SouthMotor","Namespace":"http://opcfoundation.org/AlarmCondition"},"SourceTimestamp":"2024-04-27T11:51:57.8390388Z"},"Time":{"Value":"2024-04-27T11:51:57.0497234Z","SourceTimestamp":"2024-04-27T11:51:57.8390388Z"}}}]}