{"MessageId":"0ffbecc3-4976-4ea4-9dbf-661802ae2dda","MessageType":"ua-data","PublisherId":"DESKTOP-BGFJS91","DataSetWriterGroup":"<<UnknownWriterGroup>>","Messages":[{"SequenceNumber":97,"MetaDataVersion":{"MajorVersion":1},"Timestamp":"2024-04-27T11:52:10.6387445Z","MessageType":"ua-condition","DataSetWriterName":"<<UnknownDataSet>>|PendingAlarms","Payload":{"ConditionClassId":{"Value":null,"SourceTimestamp":"2024-04-27T11:52:08.890314Z"},"ConditionClassName":{"Value":null,"SourceTimestamp":"2024-04-27T11:52:08.890314Z"},"ConditionSubClassId":{"Value":null,"SourceTimestamp":"2024-04-27T11:52:08.890314Z"},"ConditionSubClassName":{"Value":null,"SourceTimestamp":"2024-04-27T11:52:08.890314Z"},"EventId":{"Value":"E8d3Y5zWgE6i57aedS7vEA==","SourceTimestamp":"2024-04-27T11:52:08.890314Z"},"EventType":{"Value":{"Id":10060},"SourceTimestamp":"2024-04-27T11:52:08.890314Z"},"LocalTime":{"Value":{"Offset":120,"DaylightSavingInOffset":true},"SourceTimestamp":"2024-04-27T11:52:08.890314Z"},"Message":{"Value":"The alarm severity has increased.","SourceTimestamp":"2024-04-27T11:52:08.890314Z"},"ReceiveTime":{"Value":"2024-04-27T11:52:08.0567092Z","SourceTimestamp":"2024-04-27T11:52:08.890314Z"},"Severity":{"Value":700,"SourceTimestamp":"2024-04-27T11:52:08.890314Z"},"SourceName":{"Value":"WestTank","SourceTimestamp":"2024-04-27T11:52:08.890314Z"},"SourceNode":{"Value":{"IdType":1,"Id":"1:Metals/WestTank","Namespace":"http://opcfoundation.org/AlarmCondition"},"SourceTimestamp":"2024-04-27T11:52:08.890314Z"},"Time":{"Value":"2024-04-27T11:52:08.0567066Z","SourceTimestamp":"2024-04-27T11:52:08.890314Z"}}}]}