{"MessageId":"bfca0c5a-d5ad-4bcb-9bcf-89edf1002652","MessageType":"ua-data","PublisherId":"DESKTOP-BGFJS91","DataSetWriterGroup":"<<UnknownWriterGroup>>","Messages":[{"SequenceNumber":98,"MetaDataVersion":{"MajorVersion":1},"Timestamp":"2024-04-27T11:52:10.6389668Z","MessageType":"ua-condition","DataSetWriterName":"<<UnknownDataSet>>|PendingAlarms","Payload":{"ConditionClassId":{"Value":null,"SourceTimestamp":"2024-04-27T11:52:08.890314Z"},"ConditionClassName":{"Value":null,"SourceTimestamp":"2024-04-27T11:52:08.890314Z"},"ConditionSubClassId":{"Value":null,"SourceTimestamp":"2024-04-27T11:52:08.890314Z"},"ConditionSubClassName":{"Value":null,"SourceTimestamp":"2024-04-27T11:52:08.890314Z"},"EventId":{"Value":"175F95x+lkWZUAmDvgKrww==","SourceTimestamp":"2024-04-27T11:52:08.890314Z"},"EventType":{"Value":{"Id":10751},"SourceTimestamp":"2024-04-27T11:52:08.890314Z"},"LocalTime":{"Value":{"Offset":120,"DaylightSavingInOffset":true},"SourceTimestamp":"2024-04-27T11:52:08.890314Z"},"Message":{"Value":"The alarm severity has increased.","SourceTimestamp":"2024-04-27T11:52:08.890314Z"},"ReceiveTime":{"Value":"2024-04-27T11:52:08.0566451Z","SourceTimestamp":"2024-04-27T11:52:08.890314Z"},"Severity":{"Value":700,"SourceTimestamp":"2024-04-27T11:52:08.890314Z"},"SourceName":{"Value":"NorthMotor","SourceTimestamp":"2024-04-27T11:52:08.890314Z"},"SourceNode":{"Value":{"IdType":1,"Id":"1:Colours/NorthMotor","Namespace":"http://opcfoundation.org/AlarmCondition"},"SourceTimestamp":"2024-04-27T11:52:08.890314Z"},"Time":{"Value":"2024-04-27T11:52:08.0565536Z","SourceTimestamp":"2024-04-27T11:52:08.890314Z"}}}]}