{"MessageId":"c9f28c76-dd3c-495e-a6e7-f56b11ef275f","MessageType":"ua-data","PublisherId":"DESKTOP-BGFJS91","DataSetWriterGroup":"<<UnknownWriterGroup>>","Messages":[{"SequenceNumber":99,"MetaDataVersion":{"MajorVersion":1},"Timestamp":"2024-04-27T11:52:10.6391863Z","MessageType":"ua-condition","DataSetWriterName":"<<UnknownDataSet>>|PendingAlarms","Payload":{"ConditionClassId":{"Value":null,"SourceTimestamp":"2024-04-27T11:52:05.8625861Z"},"ConditionClassName":{"Value":null,"SourceTimestamp":"2024-04-27T11:52:05.8625861Z"},"ConditionSubClassId":{"Value":null,"SourceTimestamp":"2024-04-27T11:52:05.8625861Z"},"ConditionSubClassName":{"Value":null,"SourceTimestamp":"2024-04-27T11:52:05.8625861Z"},"EventId":{"Value":"0T0mk4AhkkqsUcom+WWyCQ==","SourceTimestamp":"2024-04-27T11:52:05.8625861Z"},"EventType":{"Value":{"Id":10751},"SourceTimestamp":"2024-04-27T11:52:05.8625861Z"},"LocalTime":{"Value":{"Offset":120,"DaylightSavingInOffset":true},"SourceTimestamp":"2024-04-27T11:52:05.8625861Z"},"Message":{"Value":"The alarm is active.","SourceTimestamp":"2024-04-27T11:52:05.8625861Z"},"ReceiveTime":{"Value":"2024-04-27T11:52:05.0505142Z","SourceTimestamp":"2024-04-27T11:52:05.8625861Z"},"Severity":{"Value":100,"SourceTimestamp":"2024-04-27T11:52:05.8625861Z"},"SourceName":{"Value":"WestTank","SourceTimestamp":"2024-04-27T11:52:05.8625861Z"},"SourceNode":{"Value":{"IdType":1,"Id":"1:Metals/WestTank","Namespace":"http://opcfoundation.org/AlarmCondition"},"SourceTimestamp":"2024-04-27T11:52:05.8625861Z"},"Time":{"Value":"2024-04-27T11:52:05.0505094Z","SourceTimestamp":"2024-04-27T11:52:05.8625861Z"}}}]}