{"NodeId":"nsu=http://opcfoundation.org/UA/Plc/Applications;s=SlowRandomUIntScalar2","EndpointUrl":"opc.tcp://localhost:61457/UA/SampleServer","ApplicationUri":"urn:desktop-bgfjs91:OPCFoundation:CoreSampleServer","DisplayName":"nsu=http://opcfoundation.org/UA/Plc/Applications;s=SlowRandomUIntScalar2","Timestamp":"2024-04-27T09:30:13.3888265Z","Value":{"Value":360991294,"SourceTimestamp":"2024-04-27T09:30:11.3304841Z","ServerTimestamp":"2024-04-27T09:30:11.3304857Z"},"SequenceNumber":7,"ExtensionFields":{}}