{"SequenceNumber":100,"MetaDataVersion":{"MajorVersion":1},"Timestamp":"2024-04-27T17:20:40.3750812Z","MessageType":"ua-deltaframe","DataSetWriterName":"<<UnknownDataSet>>","Payload":{"nsu=http://opcfoundation.org/UA/Plc/Applications;s=StepUp":{"Value":{"Type":7,"Body":1138},"SourceTimestamp":"2024-04-27T17:20:40.3114683Z","ServerTimestamp":"2024-04-27T17:20:40.3114728Z"},"nsu=http://opcfoundation.org/UA/Plc/Applications;s=RandomSignedInt32":{"Value":{"Type":6,"Body":874992903},"SourceTimestamp":"2024-04-27T17:20:40.311505Z","ServerTimestamp":"2024-04-27T17:20:40.3115145Z"},"nsu=http://opcfoundation.org/UA/Plc/Applications;s=RandomUnsignedInt32":{"Value":{"Type":7,"Body":1126020779},"SourceTimestamp":"2024-04-27T17:20:40.3115193Z","ServerTimestamp":"2024-04-27T17:20:40.3115209Z"},"nsu=http://opcfoundation.org/UA/Plc/Applications;s=DipData":{"Value":{"Type":11,"Body":99.80267284282715},"SourceTimestamp":"2024-04-27T17:20:40.3115221Z","ServerTimestamp":"2024-04-27T17:20:40.3115256Z"},"nsu=http://opcfoundation.org/UA/Plc/Applications;s=FastUIntScalar1":{"Value":{"Type":7,"Body":113},"SourceTimestamp":"2024-04-27T17:20:39.5102986Z","ServerTimestamp":"2024-04-27T17:20:39.5103013Z"},"nsu=http://opcfoundation.org/UA/Plc/Applications;s=FastUIntScalar2":{"Value":{"Type":7,"Body":113},"SourceTimestamp":"2024-04-27T17:20:39.5103115Z","ServerTimestamp":"2024-04-27T17:20:39.5103184Z"},"nsu=http://opcfoundation.org/UA/Plc/Applications;s=FastUIntScalar3":{"Value":{"Type":7,"Body":113},"SourceTimestamp":"2024-04-27T17:20:39.5103199Z","ServerTimestamp":"2024-04-27T17:20:39.5103215Z"},"nsu=http://opcfoundation.org/UA/Plc/Applications;s=FastRandomUIntScalar1":{"Value":{"Type":7,"Body":3588389656},"SourceTimestamp":"2024-04-27T17:20:39.5103076Z","ServerTimestamp":"2024-04-27T17:20:39.510312Z"},"nsu=http://opcfoundation.org/UA/Plc/Applications;s=FastRandomUIntScalar2":{"Value":{"Type":7,"Body":92264681},"SourceTimestamp":"2024-04-27T17:20:39.5103184Z","ServerTimestamp":"2024-04-27T17:20:39.5103201Z"},"nsu=http://opcfoundation.org/UA/Plc/Applications;s=FastRandomUIntScalar3":{"Value":{"Type":7,"Body":88643049},"SourceTimestamp":"2024-04-27T17:20:39.5103213Z","ServerTimestamp":"2024-04-27T17:20:39.5103224Z"},"nsu=http://opcfoundation.org/UA/Plc/Applications;s=SpikeData":{"Value":{"Type":11,"Body":99.80267284282715},"SourceTimestamp":"2024-04-27T17:20:40.311535Z","ServerTimestamp":"2024-04-27T17:20:40.3115362Z"}}}