{"SequenceNumber":101,"MetaDataVersion":{"MajorVersion":1},"Timestamp":"2024-04-27T17:20:41.3661233Z","MessageType":"ua-deltaframe","DataSetWriterName":"<<UnknownDataSet>>","Payload":{"nsu=http://opcfoundation.org/UA/Plc/Applications;s=StepUp":{"Value":{"Type":7,"Body":1148},"SourceTimestamp":"2024-04-27T17:20:41.303492Z","ServerTimestamp":"2024-04-27T17:20:41.3034972Z"},"nsu=http://opcfoundation.org/UA/Plc/Applications;s=RandomSignedInt32":{"Value":{"Type":6,"Body":770805703},"SourceTimestamp":"2024-04-27T17:20:41.3035454Z","ServerTimestamp":"2024-04-27T17:20:41.3035467Z"},"nsu=http://opcfoundation.org/UA/Plc/Applications;s=RandomUnsignedInt32":{"Value":{"Type":7,"Body":2042735688},"SourceTimestamp":"2024-04-27T17:20:41.3035543Z","ServerTimestamp":"2024-04-27T17:20:41.3035553Z"},"nsu=http://opcfoundation.org/UA/Plc/Applications;s=DipData":{"Value":{"Type":11,"Body":36.812455268467801},"SourceTimestamp":"2024-04-27T17:20:41.3035864Z","ServerTimestamp":"2024-04-27T17:20:41.3035905Z"},"nsu=http://opcfoundation.org/UA/Plc/Applications;s=FastUIntScalar1":{"Value":{"Type":7,"Body":114},"SourceTimestamp":"2024-04-27T17:20:40.5133764Z","ServerTimestamp":"2024-04-27T17:20:40.5133799Z"},"nsu=http://opcfoundation.org/UA/Plc/Applications;s=FastUIntScalar2":{"Value":{"Type":7,"Body":114},"SourceTimestamp":"2024-04-27T17:20:40.5133941Z","ServerTimestamp":"2024-04-27T17:20:40.5133951Z"},"nsu=http://opcfoundation.org/UA/Plc/Applications;s=FastUIntScalar3":{"Value":{"Type":7,"Body":114},"SourceTimestamp":"2024-04-27T17:20:40.5133979Z","ServerTimestamp":"2024-04-27T17:20:40.5133988Z"},"nsu=http://opcfoundation.org/UA/Plc/Applications;s=FastRandomUIntScalar1":{"Value":{"Type":7,"Body":3611047665},"SourceTimestamp":"2024-04-27T17:20:40.5133576Z","ServerTimestamp":"2024-04-27T17:20:40.513361Z"},"nsu=http://opcfoundation.org/UA/Plc/Applications;s=FastRandomUIntScalar2":{"Value":{"Type":7,"Body":2320026888},"SourceTimestamp":"2024-04-27T17:20:40.5133734Z","ServerTimestamp":"2024-04-27T17:20:40.5133746Z"},"nsu=http://opcfoundation.org/UA/Plc/Applications;s=FastRandomUIntScalar3":{"Value":{"Type":7,"Body":4200784407},"SourceTimestamp":"2024-04-27T17:20:40.5133767Z","ServerTimestamp":"2024-04-27T17:20:40.5133773Z"},"nsu=http://opcfoundation.org/UA/Plc/Applications;s=SpikeData":{"Value":{"Type":11,"Body":36.812455268467801},"SourceTimestamp":"2024-04-27T17:20:41.3035831Z","ServerTimestamp":"2024-04-27T17:20:41.3035847Z"}}}