{"SequenceNumber":104,"MetaDataVersion":{"MajorVersion":1},"Timestamp":"2024-04-27T17:20:44.3946845Z","MessageType":"ua-deltaframe","DataSetWriterName":"<<UnknownDataSet>>","Payload":{"nsu=http://opcfoundation.org/UA/Plc/Applications;s=StepUp":{"Value":{"Type":7,"Body":1178},"SourceTimestamp":"2024-04-27T17:20:44.3019955Z","ServerTimestamp":"2024-04-27T17:20:44.3020002Z"},"nsu=http://opcfoundation.org/UA/Plc/Applications;s=RandomSignedInt32":{"Value":{"Type":6,"Body":719913216},"SourceTimestamp":"2024-04-27T17:20:44.3020516Z","ServerTimestamp":"2024-04-27T17:20:44.3020581Z"},"nsu=http://opcfoundation.org/UA/Plc/Applications;s=RandomUnsignedInt32":{"Value":{"Type":7,"Body":1676919383},"SourceTimestamp":"2024-04-27T17:20:44.3020355Z","ServerTimestamp":"2024-04-27T17:20:44.3020521Z"},"nsu=http://opcfoundation.org/UA/Plc/Applications;s=DipData":{"Value":{"Type":11,"Body":24.868988716485482},"SourceTimestamp":"2024-04-27T17:20:44.3020637Z","ServerTimestamp":"2024-04-27T17:20:44.3020654Z"},"nsu=http://opcfoundation.org/UA/Plc/Applications;s=FastUIntScalar1":{"Value":{"Type":7,"Body":117},"SourceTimestamp":"2024-04-27T17:20:43.5143137Z","ServerTimestamp":"2024-04-27T17:20:43.5143162Z"},"nsu=http://opcfoundation.org/UA/Plc/Applications;s=FastUIntScalar2":{"Value":{"Type":7,"Body":117},"SourceTimestamp":"2024-04-27T17:20:43.5143245Z","ServerTimestamp":"2024-04-27T17:20:43.5143251Z"},"nsu=http://opcfoundation.org/UA/Plc/Applications;s=FastUIntScalar3":{"Value":{"Type":7,"Body":117},"SourceTimestamp":"2024-04-27T17:20:43.514326Z","ServerTimestamp":"2024-04-27T17:20:43.5143264Z"},"nsu=http://opcfoundation.org/UA/Plc/Applications;s=FastRandomUIntScalar1":{"Value":{"Type":7,"Body":2611059485},"SourceTimestamp":"2024-04-27T17:20:43.5143253Z","ServerTimestamp":"2024-04-27T17:20:43.5143273Z"},"nsu=http://opcfoundation.org/UA/Plc/Applications;s=FastRandomUIntScalar2":{"Value":{"Type":7,"Body":1879519681},"SourceTimestamp":"2024-04-27T17:20:43.5143331Z","ServerTimestamp":"2024-04-27T17:20:43.514334Z"},"nsu=http://opcfoundation.org/UA/Plc/Applications;s=FastRandomUIntScalar3":{"Value":{"Type":7,"Body":1109535342},"SourceTimestamp":"2024-04-27T17:20:43.5143351Z","ServerTimestamp":"2024-04-27T17:20:43.5143354Z"},"nsu=http://opcfoundation.org/UA/Plc/Applications;s=SpikeData":{"Value":{"Type":11,"Body":24.868988716485482},"SourceTimestamp":"2024-04-27T17:20:44.3020719Z","ServerTimestamp":"2024-04-27T17:20:44.3020732Z"}}}