{"SequenceNumber":105,"MetaDataVersion":{"MajorVersion":1},"Timestamp":"2024-04-27T17:20:45.3858362Z","MessageType":"ua-deltaframe","DataSetWriterName":"<<UnknownDataSet>>","Payload":{"nsu=http://opcfoundation.org/UA/Plc/Applications;s=StepUp":{"Value":{"Type":7,"Body":1188},"SourceTimestamp":"2024-04-27T17:20:45.3069048Z","ServerTimestamp":"2024-04-27T17:20:45.3069077Z"},"nsu=http://opcfoundation.org/UA/Plc/Applications;s=RandomSignedInt32":{"Value":{"Type":6,"Body":1005384764},"SourceTimestamp":"2024-04-27T17:20:45.306926Z","ServerTimestamp":"2024-04-27T17:20:45.3069272Z"},"nsu=http://opcfoundation.org/UA/Plc/Applications;s=RandomUnsignedInt32":{"Value":{"Type":7,"Body":1378925986},"SourceTimestamp":"2024-04-27T17:20:45.3069289Z","ServerTimestamp":"2024-04-27T17:20:45.3069318Z"},"nsu=http://opcfoundation.org/UA/Plc/Applications;s=DipData":{"Value":{"Type":11,"Body":99.80267284282715},"SourceTimestamp":"2024-04-27T17:20:45.3069448Z","ServerTimestamp":"2024-04-27T17:20:45.3069515Z"},"nsu=http://opcfoundation.org/UA/Plc/Applications;s=FastUIntScalar1":{"Value":{"Type":7,"Body":118},"SourceTimestamp":"2024-04-27T17:20:44.5040477Z","ServerTimestamp":"2024-04-27T17:20:44.5040509Z"},"nsu=http://opcfoundation.org/UA/Plc/Applications;s=FastUIntScalar2":{"Value":{"Type":7,"Body":118},"SourceTimestamp":"2024-04-27T17:20:44.5040764Z","ServerTimestamp":"2024-04-27T17:20:44.504077Z"},"nsu=http://opcfoundation.org/UA/Plc/Applications;s=FastUIntScalar3":{"Value":{"Type":7,"Body":118},"SourceTimestamp":"2024-04-27T17:20:44.5040789Z","ServerTimestamp":"2024-04-27T17:20:44.5040795Z"},"nsu=http://opcfoundation.org/UA/Plc/Applications;s=FastRandomUIntScalar1":{"Value":{"Type":7,"Body":28099013},"SourceTimestamp":"2024-04-27T17:20:44.5040398Z","ServerTimestamp":"2024-04-27T17:20:44.5040413Z"},"nsu=http://opcfoundation.org/UA/Plc/Applications;s=FastRandomUIntScalar2":{"Value":{"Type":7,"Body":2529319257},"SourceTimestamp":"2024-04-27T17:20:44.5040469Z","ServerTimestamp":"2024-04-27T17:20:44.5041088Z"},"nsu=http://opcfoundation.org/UA/Plc/Applications;s=FastRandomUIntScalar3":{"Value":{"Type":7,"Body":1044282070},"SourceTimestamp":"2024-04-27T17:20:44.5041178Z","ServerTimestamp":"2024-04-27T17:20:44.5041188Z"},"nsu=http://opcfoundation.org/UA/Plc/Applications;s=SpikeData":{"Value":{"Type":11,"Body":99.80267284282715},"SourceTimestamp":"2024-04-27T17:20:45.3069538Z","ServerTimestamp":"2024-04-27T17:20:45.3070148Z"}}}