{"SequenceNumber":13,"MetaDataVersion":{"MajorVersion":1},"Timestamp":"2024-04-27T17:19:02.4025769Z","MessageType":"ua-deltaframe","DataSetWriterName":"<<UnknownDataSet>>","Payload":{"nsu=http://opcfoundation.org/UA/Plc/Applications;s=StepUp":{"Value":{"Type":7,"Body":159},"SourceTimestamp":"2024-04-27T17:19:02.4021047Z","ServerTimestamp":"2024-04-27T17:19:02.4021082Z"},"nsu=http://opcfoundation.org/UA/Plc/Applications;s=AlternatingBoolean":{"Value":{"Type":1,"Body":false},"SourceTimestamp":"2024-04-27T17:19:01.6120837Z","ServerTimestamp":"2024-04-27T17:19:01.6120858Z"},"nsu=http://opcfoundation.org/UA/Plc/Applications;s=RandomSignedInt32":{"Value":{"Type":6,"Body":-521095435},"SourceTimestamp":"2024-04-27T17:19:02.3103556Z","ServerTimestamp":"2024-04-27T17:19:02.3104064Z"},"nsu=http://opcfoundation.org/UA/Plc/Applications;s=RandomUnsignedInt32":{"Value":{"Type":7,"Body":1534197338},"SourceTimestamp":"2024-04-27T17:19:02.3103601Z","ServerTimestamp":"2024-04-27T17:19:02.3103676Z"},"nsu=http://opcfoundation.org/UA/Plc/Applications;s=DipData":{"Value":{"Type":11,"Body":-77.0513242775789},"SourceTimestamp":"2024-04-27T17:19:02.3103762Z","ServerTimestamp":"2024-04-27T17:19:02.3103809Z"},"nsu=http://opcfoundation.org/UA/Plc/Applications;s=FastUIntScalar1":{"Value":{"Type":7,"Body":15},"SourceTimestamp":"2024-04-27T17:19:01.5044541Z","ServerTimestamp":"2024-04-27T17:19:01.5044571Z"},"nsu=http://opcfoundation.org/UA/Plc/Applications;s=FastUIntScalar2":{"Value":{"Type":7,"Body":15},"SourceTimestamp":"2024-04-27T17:19:01.5044696Z","ServerTimestamp":"2024-04-27T17:19:01.5044756Z"},"nsu=http://opcfoundation.org/UA/Plc/Applications;s=FastUIntScalar3":{"Value":{"Type":7,"Body":15},"SourceTimestamp":"2024-04-27T17:19:01.5044782Z","ServerTimestamp":"2024-04-27T17:19:01.5044801Z"},"nsu=http://opcfoundation.org/UA/Plc/Applications;s=FastRandomUIntScalar1":{"Value":{"Type":7,"Body":1552256973},"SourceTimestamp":"2024-04-27T17:19:01.5044615Z","ServerTimestamp":"2024-04-27T17:19:01.5044707Z"},"nsu=http://opcfoundation.org/UA/Plc/Applications;s=FastRandomUIntScalar2":{"Value":{"Type":7,"Body":2738569526},"SourceTimestamp":"2024-04-27T17:19:01.504476Z","ServerTimestamp":"2024-04-27T17:19:01.5044782Z"},"nsu=http://opcfoundation.org/UA/Plc/Applications;s=FastRandomUIntScalar3":{"Value":{"Type":7,"Body":107742778},"SourceTimestamp":"2024-04-27T17:19:01.5044804Z","ServerTimestamp":"2024-04-27T17:19:01.5044821Z"},"nsu=http://opcfoundation.org/UA/Plc/Applications;s=SpikeData":{"Value":{"Type":11,"Body":-77.0513242775789},"SourceTimestamp":"2024-04-27T17:19:02.3103801Z","ServerTimestamp":"2024-04-27T17:19:02.3103849Z"}}}