{"SequenceNumber":14,"MetaDataVersion":{"MajorVersion":1},"Timestamp":"2024-04-27T17:19:03.394674Z","MessageType":"ua-deltaframe","DataSetWriterName":"<<UnknownDataSet>>","Payload":{"nsu=http://opcfoundation.org/UA/Plc/Applications;s=StepUp":{"Value":{"Type":7,"Body":168},"SourceTimestamp":"2024-04-27T17:19:03.301721Z","ServerTimestamp":"2024-04-27T17:19:03.3017397Z"},"nsu=http://opcfoundation.org/UA/Plc/Applications;s=RandomSignedInt32":{"Value":{"Type":6,"Body":-971757405},"SourceTimestamp":"2024-04-27T17:19:03.3017394Z","ServerTimestamp":"2024-04-27T17:19:03.3017784Z"},"nsu=http://opcfoundation.org/UA/Plc/Applications;s=RandomUnsignedInt32":{"Value":{"Type":7,"Body":1033707674},"SourceTimestamp":"2024-04-27T17:19:03.3017705Z","ServerTimestamp":"2024-04-27T17:19:03.3017881Z"},"nsu=http://opcfoundation.org/UA/Plc/Applications;s=DipData":{"Value":{"Type":11,"Body":-84.432792550201526},"SourceTimestamp":"2024-04-27T17:19:03.301767Z","ServerTimestamp":"2024-04-27T17:19:03.3017718Z"},"nsu=http://opcfoundation.org/UA/Plc/Applications;s=FastUIntScalar1":{"Value":{"Type":7,"Body":16},"SourceTimestamp":"2024-04-27T17:19:02.511262Z","ServerTimestamp":"2024-04-27T17:19:02.5112649Z"},"nsu=http://opcfoundation.org/UA/Plc/Applications;s=FastUIntScalar2":{"Value":{"Type":7,"Body":16},"SourceTimestamp":"2024-04-27T17:19:02.5112768Z","ServerTimestamp":"2024-04-27T17:19:02.5112907Z"},"nsu=http://opcfoundation.org/UA/Plc/Applications;s=FastUIntScalar3":{"Value":{"Type":7,"Body":16},"SourceTimestamp":"2024-04-27T17:19:02.5112931Z","ServerTimestamp":"2024-04-27T17:19:02.5112943Z"},"nsu=http://opcfoundation.org/UA/Plc/Applications;s=FastRandomUIntScalar1":{"Value":{"Type":7,"Body":4113968513},"SourceTimestamp":"2024-04-27T17:19:02.5112714Z","ServerTimestamp":"2024-04-27T17:19:02.5112779Z"},"nsu=http://opcfoundation.org/UA/Plc/Applications;s=FastRandomUIntScalar2":{"Value":{"Type":7,"Body":2915007344},"SourceTimestamp":"2024-04-27T17:19:02.5112904Z","ServerTimestamp":"2024-04-27T17:19:02.511299Z"},"nsu=http://opcfoundation.org/UA/Plc/Applications;s=FastRandomUIntScalar3":{"Value":{"Type":7,"Body":292099765},"SourceTimestamp":"2024-04-27T17:19:02.5113012Z","ServerTimestamp":"2024-04-27T17:19:02.5113024Z"},"nsu=http://opcfoundation.org/UA/Plc/Applications;s=SpikeData":{"Value":{"Type":11,"Body":-84.432792550201526},"SourceTimestamp":"2024-04-27T17:19:03.3017777Z","ServerTimestamp":"2024-04-27T17:19:03.3017971Z"}}}