{"SequenceNumber":18,"MetaDataVersion":{"MajorVersion":1},"Timestamp":"2024-04-27T17:19:07.3614742Z","MessageType":"ua-deltaframe","DataSetWriterName":"<<UnknownDataSet>>","Payload":{"nsu=http://opcfoundation.org/UA/Plc/Applications;s=AlternatingBoolean":{"Value":{"Type":1,"Body":true},"SourceTimestamp":"2024-04-27T17:19:06.6006401Z","ServerTimestamp":"2024-04-27T17:19:06.6006425Z"},"nsu=http://opcfoundation.org/UA/Plc/Applications;s=SlowUIntScalar1":{"Value":{"Type":7,"Body":2},"SourceTimestamp":"2024-04-27T17:19:06.5068562Z","ServerTimestamp":"2024-04-27T17:19:06.5068602Z"},"nsu=http://opcfoundation.org/UA/Plc/Applications;s=SlowUIntScalar2":{"Value":{"Type":7,"Body":2},"SourceTimestamp":"2024-04-27T17:19:06.5068735Z","ServerTimestamp":"2024-04-27T17:19:06.5068747Z"},"nsu=http://opcfoundation.org/UA/Plc/Applications;s=SlowUIntScalar3":{"Value":{"Type":7,"Body":2},"SourceTimestamp":"2024-04-27T17:19:06.5068772Z","ServerTimestamp":"2024-04-27T17:19:06.5068782Z"},"nsu=http://opcfoundation.org/UA/Plc/Applications;s=BadSlowUIntScalar1":{"Value":{"Type":7,"Body":2},"SourceTimestamp":"2024-04-27T17:19:06.5068808Z","ServerTimestamp":"2024-04-27T17:19:06.5068817Z"},"nsu=http://opcfoundation.org/UA/Plc/Applications;s=SlowRandomUIntScalar1":{"Value":{"Type":7,"Body":3279053502},"SourceTimestamp":"2024-04-27T17:19:06.506899Z","ServerTimestamp":"2024-04-27T17:19:06.5069028Z"},"nsu=http://opcfoundation.org/UA/Plc/Applications;s=SlowRandomUIntScalar2":{"Value":{"Type":7,"Body":2043410261},"SourceTimestamp":"2024-04-27T17:19:06.5069156Z","ServerTimestamp":"2024-04-27T17:19:06.5069168Z"},"nsu=http://opcfoundation.org/UA/Plc/Applications;s=SlowRandomUIntScalar3":{"Value":{"Type":7,"Body":28505372},"SourceTimestamp":"2024-04-27T17:19:06.5069194Z","ServerTimestamp":"2024-04-27T17:19:06.5069228Z"},"nsu=http://opcfoundation.org/UA/Plc/Applications;s=BadSlowRandomUIntScalar1":{"Value":{"Type":7,"Body":3980548388},"SourceTimestamp":"2024-04-27T17:19:06.5069256Z","ServerTimestamp":"2024-04-27T17:19:06.5069266Z"}}}