{"SequenceNumber":21,"MetaDataVersion":{"MajorVersion":1},"Timestamp":"2024-04-27T17:19:10.3887654Z","MessageType":"ua-deltaframe","DataSetWriterName":"<<UnknownDataSet>>","Payload":{"nsu=http://opcfoundation.org/UA/Plc/Applications;s=StepUp":{"Value":{"Type":7,"Body":238},"SourceTimestamp":"2024-04-27T17:19:10.3106248Z","ServerTimestamp":"2024-04-27T17:19:10.3106293Z"},"nsu=http://opcfoundation.org/UA/Plc/Applications;s=RandomSignedInt32":{"Value":{"Type":6,"Body":581620594},"SourceTimestamp":"2024-04-27T17:19:10.3106642Z","ServerTimestamp":"2024-04-27T17:19:10.3106657Z"},"nsu=http://opcfoundation.org/UA/Plc/Applications;s=RandomUnsignedInt32":{"Value":{"Type":7,"Body":1559676398},"SourceTimestamp":"2024-04-27T17:19:10.3106881Z","ServerTimestamp":"2024-04-27T17:19:10.3106916Z"},"nsu=http://opcfoundation.org/UA/Plc/Applications;s=DipData":{"Value":{"Type":11,"Body":99.80267284282715},"SourceTimestamp":"2024-04-27T17:19:10.3107007Z","ServerTimestamp":"2024-04-27T17:19:10.3107034Z"},"nsu=http://opcfoundation.org/UA/Plc/Applications;s=FastUIntScalar1":{"Value":{"Type":7,"Body":23},"SourceTimestamp":"2024-04-27T17:19:09.4995572Z","ServerTimestamp":"2024-04-27T17:19:09.4995697Z"},"nsu=http://opcfoundation.org/UA/Plc/Applications;s=FastUIntScalar2":{"Value":{"Type":7,"Body":23},"SourceTimestamp":"2024-04-27T17:19:09.4995762Z","ServerTimestamp":"2024-04-27T17:19:09.4995771Z"},"nsu=http://opcfoundation.org/UA/Plc/Applications;s=FastUIntScalar3":{"Value":{"Type":7,"Body":23},"SourceTimestamp":"2024-04-27T17:19:09.4995785Z","ServerTimestamp":"2024-04-27T17:19:09.4995792Z"},"nsu=http://opcfoundation.org/UA/Plc/Applications;s=FastRandomUIntScalar1":{"Value":{"Type":7,"Body":4219643990},"SourceTimestamp":"2024-04-27T17:19:09.4995568Z","ServerTimestamp":"2024-04-27T17:19:09.499559Z"},"nsu=http://opcfoundation.org/UA/Plc/Applications;s=FastRandomUIntScalar2":{"Value":{"Type":7,"Body":405258184},"SourceTimestamp":"2024-04-27T17:19:09.4995692Z","ServerTimestamp":"2024-04-27T17:19:09.4995821Z"},"nsu=http://opcfoundation.org/UA/Plc/Applications;s=FastRandomUIntScalar3":{"Value":{"Type":7,"Body":1981715625},"SourceTimestamp":"2024-04-27T17:19:09.4995839Z","ServerTimestamp":"2024-04-27T17:19:09.4995846Z"},"nsu=http://opcfoundation.org/UA/Plc/Applications;s=SpikeData":{"Value":{"Type":11,"Body":99.80267284282715},"SourceTimestamp":"2024-04-27T17:19:10.3106989Z","ServerTimestamp":"2024-04-27T17:19:10.3107065Z"}}}