{"SequenceNumber":27,"MetaDataVersion":{"MajorVersion":1},"Timestamp":"2024-04-27T17:19:17.3922049Z","MessageType":"ua-deltaframe","DataSetWriterName":"<<UnknownDataSet>>","Payload":{"nsu=http://opcfoundation.org/UA/Plc/Applications;s=StepUp":{"Value":{"Type":7,"Body":308},"SourceTimestamp":"2024-04-27T17:19:17.3138098Z","ServerTimestamp":"2024-04-27T17:19:17.3138127Z"},"nsu=http://opcfoundation.org/UA/Plc/Applications;s=AlternatingBoolean":{"Value":{"Type":1,"Body":true},"SourceTimestamp":"2024-04-27T17:19:16.6065074Z","ServerTimestamp":"2024-04-27T17:19:16.6065088Z"},"nsu=http://opcfoundation.org/UA/Plc/Applications;s=RandomSignedInt32":{"Value":{"Type":6,"Body":-1713266140},"SourceTimestamp":"2024-04-27T17:19:17.3138255Z","ServerTimestamp":"2024-04-27T17:19:17.3138343Z"},"nsu=http://opcfoundation.org/UA/Plc/Applications;s=RandomUnsignedInt32":{"Value":{"Type":7,"Body":652451414},"SourceTimestamp":"2024-04-27T17:19:17.3138429Z","ServerTimestamp":"2024-04-27T17:19:17.3138475Z"},"nsu=http://opcfoundation.org/UA/Plc/Applications;s=DipData":{"Value":{"Type":11,"Body":-77.0513242775789},"SourceTimestamp":"2024-04-27T17:19:17.3138434Z","ServerTimestamp":"2024-04-27T17:19:17.3138453Z"},"nsu=http://opcfoundation.org/UA/Plc/Applications;s=FastUIntScalar1":{"Value":{"Type":7,"Body":30},"SourceTimestamp":"2024-04-27T17:19:16.5061139Z","ServerTimestamp":"2024-04-27T17:19:16.5061145Z"},"nsu=http://opcfoundation.org/UA/Plc/Applications;s=FastUIntScalar2":{"Value":{"Type":7,"Body":30},"SourceTimestamp":"2024-04-27T17:19:16.5061155Z","ServerTimestamp":"2024-04-27T17:19:16.506116Z"},"nsu=http://opcfoundation.org/UA/Plc/Applications;s=FastUIntScalar3":{"Value":{"Type":7,"Body":30},"SourceTimestamp":"2024-04-27T17:19:16.5061169Z","ServerTimestamp":"2024-04-27T17:19:16.5061193Z"},"nsu=http://opcfoundation.org/UA/Plc/Applications;s=FastRandomUIntScalar1":{"Value":{"Type":7,"Body":1386807553},"SourceTimestamp":"2024-04-27T17:19:16.5061164Z","ServerTimestamp":"2024-04-27T17:19:16.5061173Z"},"nsu=http://opcfoundation.org/UA/Plc/Applications;s=FastRandomUIntScalar2":{"Value":{"Type":7,"Body":2741049638},"SourceTimestamp":"2024-04-27T17:19:16.5061192Z","ServerTimestamp":"2024-04-27T17:19:16.5061202Z"},"nsu=http://opcfoundation.org/UA/Plc/Applications;s=FastRandomUIntScalar3":{"Value":{"Type":7,"Body":1791833310},"SourceTimestamp":"2024-04-27T17:19:16.5061214Z","ServerTimestamp":"2024-04-27T17:19:16.5061218Z"},"nsu=http://opcfoundation.org/UA/Plc/Applications;s=NegativeTrendData":{"Value":{"Type":11,"Body":99.900000000000006},"SourceTimestamp":"2024-04-27T17:19:16.6065132Z","ServerTimestamp":"2024-04-27T17:19:16.6065226Z"},"nsu=http://opcfoundation.org/UA/Plc/Applications;s=PositiveTrendData":{"Value":{"Type":11,"Body":100.09999999999999},"SourceTimestamp":"2024-04-27T17:19:16.6065142Z","ServerTimestamp":"2024-04-27T17:19:16.606515Z"},"nsu=http://opcfoundation.org/UA/Plc/Applications;s=SlowUIntScalar1":{"Value":{"Type":7,"Body":3},"SourceTimestamp":"2024-04-27T17:19:16.5060777Z","ServerTimestamp":"2024-04-27T17:19:16.5060805Z"},"nsu=http://opcfoundation.org/UA/Plc/Applications;s=SlowUIntScalar2":{"Value":{"Type":7,"Body":3},"SourceTimestamp":"2024-04-27T17:19:16.5060897Z","ServerTimestamp":"2024-04-27T17:19:16.5060902Z"},"nsu=http://opcfoundation.org/UA/Plc/Applications;s=SlowUIntScalar3":{"Value":{"Type":7,"Body":3},"SourceTimestamp":"2024-04-27T17:19:16.5060913Z","ServerTimestamp":"2024-04-27T17:19:16.5060919Z"},"nsu=http://opcfoundation.org/UA/Plc/Applications;s=BadSlowUIntScalar1":{"Value":{"Type":7,"Body":3},"SourceTimestamp":"2024-04-27T17:19:16.5060934Z","ServerTimestamp":"2024-04-27T17:19:16.5060938Z"},"nsu=http://opcfoundation.org/UA/Plc/Applications;s=SlowRandomUIntScalar1":{"Value":{"Type":7,"Body":2466310440},"SourceTimestamp":"2024-04-27T17:19:16.5060928Z","ServerTimestamp":"2024-04-27T17:19:16.5060951Z"},"nsu=http://opcfoundation.org/UA/Plc/Applications;s=SlowRandomUIntScalar2":{"Value":{"Type":7,"Body":1988607959},"SourceTimestamp":"2024-04-27T17:19:16.5061002Z","ServerTimestamp":"2024-04-27T17:19:16.5061006Z"},"nsu=http://opcfoundation.org/UA/Plc/Applications;s=SlowRandomUIntScalar3":{"Value":{"Type":7,"Body":1903938138},"SourceTimestamp":"2024-04-27T17:19:16.5061015Z","ServerTimestamp":"2024-04-27T17:19:16.5061019Z"},"nsu=http://opcfoundation.org/UA/Plc/Applications;s=BadSlowRandomUIntScalar1":{"Value":{"Type":7,"Body":2981109115},"SourceTimestamp":"2024-04-27T17:19:16.5061031Z","ServerTimestamp":"2024-04-27T17:19:16.5061039Z"},"nsu=http://opcfoundation.org/UA/Plc/Applications;s=SpikeData":{"Value":{"Type":11,"Body":-77.0513242775789},"SourceTimestamp":"2024-04-27T17:19:17.3138494Z","ServerTimestamp":"2024-04-27T17:19:17.3138545Z"}}}