{"SequenceNumber":31,"MetaDataVersion":{"MajorVersion":1},"Timestamp":"2024-04-27T17:19:22.3999882Z","MessageType":"ua-deltaframe","DataSetWriterName":"<<UnknownDataSet>>","Payload":{"nsu=http://opcfoundation.org/UA/Plc/Applications;s=StepUp":{"Value":{"Type":7,"Body":359},"SourceTimestamp":"2024-04-27T17:19:22.3995451Z","ServerTimestamp":"2024-04-27T17:19:22.3995603Z"},"nsu=http://opcfoundation.org/UA/Plc/Applications;s=AlternatingBoolean":{"Value":{"Type":1,"Body":false},"SourceTimestamp":"2024-04-27T17:19:21.611707Z","ServerTimestamp":"2024-04-27T17:19:21.6117102Z"},"nsu=http://opcfoundation.org/UA/Plc/Applications;s=RandomSignedInt32":{"Value":{"Type":6,"Body":1494170238},"SourceTimestamp":"2024-04-27T17:19:22.3995895Z","ServerTimestamp":"2024-04-27T17:19:22.3995906Z"},"nsu=http://opcfoundation.org/UA/Plc/Applications;s=RandomUnsignedInt32":{"Value":{"Type":7,"Body":813230863},"SourceTimestamp":"2024-04-27T17:19:22.3054297Z","ServerTimestamp":"2024-04-27T17:19:22.3054308Z"},"nsu=http://opcfoundation.org/UA/Plc/Applications;s=DipData":{"Value":{"Type":11,"Body":-77.0513242775789},"SourceTimestamp":"2024-04-27T17:19:22.3054485Z","ServerTimestamp":"2024-04-27T17:19:22.3054499Z"},"nsu=http://opcfoundation.org/UA/Plc/Applications;s=FastUIntScalar1":{"Value":{"Type":7,"Body":35},"SourceTimestamp":"2024-04-27T17:19:21.5030674Z","ServerTimestamp":"2024-04-27T17:19:21.5030703Z"},"nsu=http://opcfoundation.org/UA/Plc/Applications;s=FastUIntScalar2":{"Value":{"Type":7,"Body":35},"SourceTimestamp":"2024-04-27T17:19:21.5030828Z","ServerTimestamp":"2024-04-27T17:19:21.5030969Z"},"nsu=http://opcfoundation.org/UA/Plc/Applications;s=FastUIntScalar3":{"Value":{"Type":7,"Body":35},"SourceTimestamp":"2024-04-27T17:19:21.5031004Z","ServerTimestamp":"2024-04-27T17:19:21.5031051Z"},"nsu=http://opcfoundation.org/UA/Plc/Applications;s=FastRandomUIntScalar1":{"Value":{"Type":7,"Body":1217555054},"SourceTimestamp":"2024-04-27T17:19:21.5030715Z","ServerTimestamp":"2024-04-27T17:19:21.5030837Z"},"nsu=http://opcfoundation.org/UA/Plc/Applications;s=FastRandomUIntScalar2":{"Value":{"Type":7,"Body":1565836725},"SourceTimestamp":"2024-04-27T17:19:21.5030968Z","ServerTimestamp":"2024-04-27T17:19:21.5031006Z"},"nsu=http://opcfoundation.org/UA/Plc/Applications;s=FastRandomUIntScalar3":{"Value":{"Type":7,"Body":2448762257},"SourceTimestamp":"2024-04-27T17:19:21.5031053Z","ServerTimestamp":"2024-04-27T17:19:21.5031069Z"},"nsu=http://opcfoundation.org/UA/Plc/Applications;s=NegativeTrendData":{"Value":{"Type":11,"Body":99.799999999999997},"SourceTimestamp":"2024-04-27T17:19:21.611733Z","ServerTimestamp":"2024-04-27T17:19:21.6117336Z"},"nsu=http://opcfoundation.org/UA/Plc/Applications;s=PositiveTrendData":{"Value":{"Type":11,"Body":100.2},"SourceTimestamp":"2024-04-27T17:19:21.6117351Z","ServerTimestamp":"2024-04-27T17:19:21.6117361Z"},"nsu=http://opcfoundation.org/UA/Plc/Applications;s=SpikeData":{"Value":{"Type":11,"Body":-77.0513242775789},"SourceTimestamp":"2024-04-27T17:19:22.3054595Z","ServerTimestamp":"2024-04-27T17:19:22.3054606Z"}}}