{"SequenceNumber":34,"MetaDataVersion":{"MajorVersion":1},"Timestamp":"2024-04-27T17:19:25.3909915Z","MessageType":"ua-deltaframe","DataSetWriterName":"<<UnknownDataSet>>","Payload":{"nsu=http://opcfoundation.org/UA/Plc/Applications;s=StepUp":{"Value":{"Type":7,"Body":388},"SourceTimestamp":"2024-04-27T17:19:25.3122553Z","ServerTimestamp":"2024-04-27T17:19:25.3122602Z"},"nsu=http://opcfoundation.org/UA/Plc/Applications;s=RandomSignedInt32":{"Value":{"Type":6,"Body":646929496},"SourceTimestamp":"2024-04-27T17:19:25.3123103Z","ServerTimestamp":"2024-04-27T17:19:25.3123131Z"},"nsu=http://opcfoundation.org/UA/Plc/Applications;s=RandomUnsignedInt32":{"Value":{"Type":7,"Body":1572930891},"SourceTimestamp":"2024-04-27T17:19:25.3123031Z","ServerTimestamp":"2024-04-27T17:19:25.312308Z"},"nsu=http://opcfoundation.org/UA/Plc/Applications;s=DipData":{"Value":{"Type":11,"Body":99.80267284282715},"SourceTimestamp":"2024-04-27T17:19:25.3123205Z","ServerTimestamp":"2024-04-27T17:19:25.3123242Z"},"nsu=http://opcfoundation.org/UA/Plc/Applications;s=FastUIntScalar1":{"Value":{"Type":7,"Body":38},"SourceTimestamp":"2024-04-27T17:19:24.5004455Z","ServerTimestamp":"2024-04-27T17:19:24.5004491Z"},"nsu=http://opcfoundation.org/UA/Plc/Applications;s=FastUIntScalar2":{"Value":{"Type":7,"Body":38},"SourceTimestamp":"2024-04-27T17:19:24.5004609Z","ServerTimestamp":"2024-04-27T17:19:24.5004618Z"},"nsu=http://opcfoundation.org/UA/Plc/Applications;s=FastUIntScalar3":{"Value":{"Type":7,"Body":38},"SourceTimestamp":"2024-04-27T17:19:24.5004632Z","ServerTimestamp":"2024-04-27T17:19:24.500464Z"},"nsu=http://opcfoundation.org/UA/Plc/Applications;s=FastRandomUIntScalar1":{"Value":{"Type":7,"Body":2632279574},"SourceTimestamp":"2024-04-27T17:19:24.500464Z","ServerTimestamp":"2024-04-27T17:19:24.5004672Z"},"nsu=http://opcfoundation.org/UA/Plc/Applications;s=FastRandomUIntScalar2":{"Value":{"Type":7,"Body":3087484287},"SourceTimestamp":"2024-04-27T17:19:24.5004816Z","ServerTimestamp":"2024-04-27T17:19:24.5004829Z"},"nsu=http://opcfoundation.org/UA/Plc/Applications;s=FastRandomUIntScalar3":{"Value":{"Type":7,"Body":1723542476},"SourceTimestamp":"2024-04-27T17:19:24.500485Z","ServerTimestamp":"2024-04-27T17:19:24.500486Z"},"nsu=http://opcfoundation.org/UA/Plc/Applications;s=SpikeData":{"Value":{"Type":11,"Body":99.80267284282715},"SourceTimestamp":"2024-04-27T17:19:25.3123511Z","ServerTimestamp":"2024-04-27T17:19:25.3123548Z"}}}