{"SequenceNumber":37,"MetaDataVersion":{"MajorVersion":1},"Timestamp":"2024-04-27T17:19:29.417077Z","MessageType":"ua-deltaframe","DataSetWriterName":"<<UnknownDataSet>>","Payload":{"nsu=http://opcfoundation.org/UA/Plc/Applications;s=StepUp":{"Value":{"Type":7,"Body":429},"SourceTimestamp":"2024-04-27T17:19:29.4008965Z","ServerTimestamp":"2024-04-27T17:19:29.4008995Z"},"nsu=http://opcfoundation.org/UA/Plc/Applications;s=RandomSignedInt32":{"Value":{"Type":6,"Body":-356667268},"SourceTimestamp":"2024-04-27T17:19:29.4009191Z","ServerTimestamp":"2024-04-27T17:19:29.40092Z"},"nsu=http://opcfoundation.org/UA/Plc/Applications;s=RandomUnsignedInt32":{"Value":{"Type":7,"Body":485966743},"SourceTimestamp":"2024-04-27T17:19:29.4009425Z","ServerTimestamp":"2024-04-27T17:19:29.4009439Z"},"nsu=http://opcfoundation.org/UA/Plc/Applications;s=DipData":{"Value":{"Type":11,"Body":36.812455268467772},"SourceTimestamp":"2024-04-27T17:19:29.4009304Z","ServerTimestamp":"2024-04-27T17:19:29.4009312Z"},"nsu=http://opcfoundation.org/UA/Plc/Applications;s=FastUIntScalar1":{"Value":{"Type":7,"Body":42},"SourceTimestamp":"2024-04-27T17:19:28.4994996Z","ServerTimestamp":"2024-04-27T17:19:28.4995041Z"},"nsu=http://opcfoundation.org/UA/Plc/Applications;s=FastUIntScalar2":{"Value":{"Type":7,"Body":42},"SourceTimestamp":"2024-04-27T17:19:28.4995203Z","ServerTimestamp":"2024-04-27T17:19:28.4995339Z"},"nsu=http://opcfoundation.org/UA/Plc/Applications;s=FastUIntScalar3":{"Value":{"Type":7,"Body":42},"SourceTimestamp":"2024-04-27T17:19:28.4995369Z","ServerTimestamp":"2024-04-27T17:19:28.4995405Z"},"nsu=http://opcfoundation.org/UA/Plc/Applications;s=FastRandomUIntScalar1":{"Value":{"Type":7,"Body":3012819865},"SourceTimestamp":"2024-04-27T17:19:28.499503Z","ServerTimestamp":"2024-04-27T17:19:28.499521Z"},"nsu=http://opcfoundation.org/UA/Plc/Applications;s=FastRandomUIntScalar2":{"Value":{"Type":7,"Body":1832151496},"SourceTimestamp":"2024-04-27T17:19:28.4995339Z","ServerTimestamp":"2024-04-27T17:19:28.4995378Z"},"nsu=http://opcfoundation.org/UA/Plc/Applications;s=FastRandomUIntScalar3":{"Value":{"Type":7,"Body":2615626585},"SourceTimestamp":"2024-04-27T17:19:28.4995402Z","ServerTimestamp":"2024-04-27T17:19:28.4995435Z"},"nsu=http://opcfoundation.org/UA/Plc/Applications;s=SpikeData":{"Value":{"Type":11,"Body":36.812455268467772},"SourceTimestamp":"2024-04-27T17:19:29.4009551Z","ServerTimestamp":"2024-04-27T17:19:29.4009561Z"}}}