{"SequenceNumber":4,"MetaDataVersion":{"MajorVersion":1},"Timestamp":"2024-04-27T17:18:51.3782192Z","MessageType":"ua-deltaframe","DataSetWriterName":"<<UnknownDataSet>>","Payload":{"nsu=http://opcfoundation.org/UA/Plc/Applications;s=StepUp":{"Value":{"Type":7,"Body":48},"SourceTimestamp":"2024-04-27T17:18:51.3006613Z","ServerTimestamp":"2024-04-27T17:18:51.3006649Z"},"nsu=http://opcfoundation.org/UA/Plc/Applications;s=RandomSignedInt32":{"Value":{"Type":6,"Body":-1555949537},"SourceTimestamp":"2024-04-27T17:18:51.3006922Z","ServerTimestamp":"2024-04-27T17:18:51.3007721Z"},"nsu=http://opcfoundation.org/UA/Plc/Applications;s=RandomUnsignedInt32":{"Value":{"Type":7,"Body":696974632},"SourceTimestamp":"2024-04-27T17:18:51.3007095Z","ServerTimestamp":"2024-04-27T17:18:51.3007555Z"},"nsu=http://opcfoundation.org/UA/Plc/Applications;s=DipData":{"Value":{"Type":11,"Body":36.812455268467801},"SourceTimestamp":"2024-04-27T17:18:51.3007141Z","ServerTimestamp":"2024-04-27T17:18:51.3007158Z"},"nsu=http://opcfoundation.org/UA/Plc/Applications;s=FastUIntScalar1":{"Value":{"Type":7,"Body":4},"SourceTimestamp":"2024-04-27T17:18:50.5028571Z","ServerTimestamp":"2024-04-27T17:18:50.5028593Z"},"nsu=http://opcfoundation.org/UA/Plc/Applications;s=FastUIntScalar2":{"Value":{"Type":7,"Body":4},"SourceTimestamp":"2024-04-27T17:18:50.5028702Z","ServerTimestamp":"2024-04-27T17:18:50.5028709Z"},"nsu=http://opcfoundation.org/UA/Plc/Applications;s=FastUIntScalar3":{"Value":{"Type":7,"Body":4},"SourceTimestamp":"2024-04-27T17:18:50.5028717Z","ServerTimestamp":"2024-04-27T17:18:50.5028722Z"},"nsu=http://opcfoundation.org/UA/Plc/Applications;s=FastRandomUIntScalar1":{"Value":{"Type":7,"Body":3149785469},"SourceTimestamp":"2024-04-27T17:18:50.5028582Z","ServerTimestamp":"2024-04-27T17:18:50.5028772Z"},"nsu=http://opcfoundation.org/UA/Plc/Applications;s=FastRandomUIntScalar2":{"Value":{"Type":7,"Body":1116050194},"SourceTimestamp":"2024-04-27T17:18:50.502883Z","ServerTimestamp":"2024-04-27T17:18:50.5028884Z"},"nsu=http://opcfoundation.org/UA/Plc/Applications;s=FastRandomUIntScalar3":{"Value":{"Type":7,"Body":827427164},"SourceTimestamp":"2024-04-27T17:18:50.5028893Z","ServerTimestamp":"2024-04-27T17:18:50.5028913Z"},"nsu=http://opcfoundation.org/UA/Plc/Applications;s=SpikeData":{"Value":{"Type":11,"Body":36.812455268467801},"SourceTimestamp":"2024-04-27T17:18:51.3007333Z","ServerTimestamp":"2024-04-27T17:18:51.3007433Z"}}}