{"SequenceNumber":45,"MetaDataVersion":{"MajorVersion":1},"Timestamp":"2024-04-27T17:19:38.3997274Z","MessageType":"ua-deltaframe","DataSetWriterName":"<<UnknownDataSet>>","Payload":{"nsu=http://opcfoundation.org/UA/Plc/Applications;s=StepUp":{"Value":{"Type":7,"Body":518},"SourceTimestamp":"2024-04-27T17:19:38.3049757Z","ServerTimestamp":"2024-04-27T17:19:38.3049796Z"},"nsu=http://opcfoundation.org/UA/Plc/Applications;s=RandomSignedInt32":{"Value":{"Type":6,"Body":-1651255334},"SourceTimestamp":"2024-04-27T17:19:38.3050209Z","ServerTimestamp":"2024-04-27T17:19:38.3050244Z"},"nsu=http://opcfoundation.org/UA/Plc/Applications;s=RandomUnsignedInt32":{"Value":{"Type":7,"Body":1973147418},"SourceTimestamp":"2024-04-27T17:19:38.3050198Z","ServerTimestamp":"2024-04-27T17:19:38.3050209Z"},"nsu=http://opcfoundation.org/UA/Plc/Applications;s=DipData":{"Value":{"Type":11,"Body":-84.432792550201526},"SourceTimestamp":"2024-04-27T17:19:38.3050321Z","ServerTimestamp":"2024-04-27T17:19:38.3050391Z"},"nsu=http://opcfoundation.org/UA/Plc/Applications;s=FastUIntScalar1":{"Value":{"Type":7,"Body":51},"SourceTimestamp":"2024-04-27T17:19:37.5014342Z","ServerTimestamp":"2024-04-27T17:19:37.5014363Z"},"nsu=http://opcfoundation.org/UA/Plc/Applications;s=FastUIntScalar2":{"Value":{"Type":7,"Body":51},"SourceTimestamp":"2024-04-27T17:19:37.5014438Z","ServerTimestamp":"2024-04-27T17:19:37.5014502Z"},"nsu=http://opcfoundation.org/UA/Plc/Applications;s=FastUIntScalar3":{"Value":{"Type":7,"Body":51},"SourceTimestamp":"2024-04-27T17:19:37.5014515Z","ServerTimestamp":"2024-04-27T17:19:37.5014528Z"},"nsu=http://opcfoundation.org/UA/Plc/Applications;s=FastRandomUIntScalar1":{"Value":{"Type":7,"Body":84062620},"SourceTimestamp":"2024-04-27T17:19:37.5014351Z","ServerTimestamp":"2024-04-27T17:19:37.501444Z"},"nsu=http://opcfoundation.org/UA/Plc/Applications;s=FastRandomUIntScalar2":{"Value":{"Type":7,"Body":1499707064},"SourceTimestamp":"2024-04-27T17:19:37.5014505Z","ServerTimestamp":"2024-04-27T17:19:37.5014514Z"},"nsu=http://opcfoundation.org/UA/Plc/Applications;s=FastRandomUIntScalar3":{"Value":{"Type":7,"Body":3285640350},"SourceTimestamp":"2024-04-27T17:19:37.5014527Z","ServerTimestamp":"2024-04-27T17:19:37.5014534Z"},"nsu=http://opcfoundation.org/UA/Plc/Applications;s=SpikeData":{"Value":{"Type":11,"Body":-84.432792550201526},"SourceTimestamp":"2024-04-27T17:19:38.305046Z","ServerTimestamp":"2024-04-27T17:19:38.3050475Z"}}}