{"SequenceNumber":49,"MetaDataVersion":{"MajorVersion":1},"Timestamp":"2024-04-27T17:19:42.3741578Z","MessageType":"ua-deltaframe","DataSetWriterName":"<<UnknownDataSet>>","Payload":{"nsu=http://opcfoundation.org/UA/Plc/Applications;s=StepUp":{"Value":{"Type":7,"Body":558},"SourceTimestamp":"2024-04-27T17:19:42.3115512Z","ServerTimestamp":"2024-04-27T17:19:42.3115543Z"},"nsu=http://opcfoundation.org/UA/Plc/Applications;s=AlternatingBoolean":{"Value":{"Type":1,"Body":false},"SourceTimestamp":"2024-04-27T17:19:41.6083149Z","ServerTimestamp":"2024-04-27T17:19:41.6083209Z"},"nsu=http://opcfoundation.org/UA/Plc/Applications;s=RandomSignedInt32":{"Value":{"Type":6,"Body":-1717144382},"SourceTimestamp":"2024-04-27T17:19:42.3115842Z","ServerTimestamp":"2024-04-27T17:19:42.311588Z"},"nsu=http://opcfoundation.org/UA/Plc/Applications;s=RandomUnsignedInt32":{"Value":{"Type":7,"Body":28089141},"SourceTimestamp":"2024-04-27T17:19:42.3115794Z","ServerTimestamp":"2024-04-27T17:19:42.3115839Z"},"nsu=http://opcfoundation.org/UA/Plc/Applications;s=DipData":{"Value":{"Type":11,"Body":-77.0513242775789},"SourceTimestamp":"2024-04-27T17:19:42.311591Z","ServerTimestamp":"2024-04-27T17:19:42.3115965Z"},"nsu=http://opcfoundation.org/UA/Plc/Applications;s=FastUIntScalar1":{"Value":{"Type":7,"Body":55},"SourceTimestamp":"2024-04-27T17:19:41.5145251Z","ServerTimestamp":"2024-04-27T17:19:41.514527Z"},"nsu=http://opcfoundation.org/UA/Plc/Applications;s=FastUIntScalar2":{"Value":{"Type":7,"Body":55},"SourceTimestamp":"2024-04-27T17:19:41.5145357Z","ServerTimestamp":"2024-04-27T17:19:41.5145364Z"},"nsu=http://opcfoundation.org/UA/Plc/Applications;s=FastUIntScalar3":{"Value":{"Type":7,"Body":55},"SourceTimestamp":"2024-04-27T17:19:41.5145378Z","ServerTimestamp":"2024-04-27T17:19:41.5145444Z"},"nsu=http://opcfoundation.org/UA/Plc/Applications;s=FastRandomUIntScalar1":{"Value":{"Type":7,"Body":2316712742},"SourceTimestamp":"2024-04-27T17:19:41.5145358Z","ServerTimestamp":"2024-04-27T17:19:41.514538Z"},"nsu=http://opcfoundation.org/UA/Plc/Applications;s=FastRandomUIntScalar2":{"Value":{"Type":7,"Body":1623466049},"SourceTimestamp":"2024-04-27T17:19:41.5145445Z","ServerTimestamp":"2024-04-27T17:19:41.5145455Z"},"nsu=http://opcfoundation.org/UA/Plc/Applications;s=FastRandomUIntScalar3":{"Value":{"Type":7,"Body":2048808894},"SourceTimestamp":"2024-04-27T17:19:41.5145466Z","ServerTimestamp":"2024-04-27T17:19:41.5145471Z"},"nsu=http://opcfoundation.org/UA/Plc/Applications;s=NegativeTrendData":{"Value":{"Type":11,"Body":99.400000000000006},"SourceTimestamp":"2024-04-27T17:19:41.6083544Z","ServerTimestamp":"2024-04-27T17:19:41.608356Z"},"nsu=http://opcfoundation.org/UA/Plc/Applications;s=PositiveTrendData":{"Value":{"Type":11,"Body":100.59999999999999},"SourceTimestamp":"2024-04-27T17:19:41.6083437Z","ServerTimestamp":"2024-04-27T17:19:41.6083444Z"},"nsu=http://opcfoundation.org/UA/Plc/Applications;s=SpikeData":{"Value":{"Type":11,"Body":-77.0513242775789},"SourceTimestamp":"2024-04-27T17:19:42.3115923Z","ServerTimestamp":"2024-04-27T17:19:42.3115932Z"}}}