{"SequenceNumber":50,"MetaDataVersion":{"MajorVersion":1},"Timestamp":"2024-04-27T17:19:44.4168032Z","MessageType":"ua-deltaframe","DataSetWriterName":"<<UnknownDataSet>>","Payload":{"nsu=http://opcfoundation.org/UA/Plc/Applications;s=StepUp":{"Value":{"Type":7,"Body":579},"SourceTimestamp":"2024-04-27T17:19:44.4010105Z","ServerTimestamp":"2024-04-27T17:19:44.4010157Z"},"nsu=http://opcfoundation.org/UA/Plc/Applications;s=RandomSignedInt32":{"Value":{"Type":6,"Body":1404907979},"SourceTimestamp":"2024-04-27T17:19:44.4010283Z","ServerTimestamp":"2024-04-27T17:19:44.4010342Z"},"nsu=http://opcfoundation.org/UA/Plc/Applications;s=RandomUnsignedInt32":{"Value":{"Type":7,"Body":1187744555},"SourceTimestamp":"2024-04-27T17:19:44.401046Z","ServerTimestamp":"2024-04-27T17:19:44.4010489Z"},"nsu=http://opcfoundation.org/UA/Plc/Applications;s=DipData":{"Value":{"Type":11,"Body":36.812455268467772},"SourceTimestamp":"2024-04-27T17:19:44.401094Z","ServerTimestamp":"2024-04-27T17:19:44.4010962Z"},"nsu=http://opcfoundation.org/UA/Plc/Applications;s=FastUIntScalar1":{"Value":{"Type":7,"Body":57},"SourceTimestamp":"2024-04-27T17:19:43.5034628Z","ServerTimestamp":"2024-04-27T17:19:43.5034686Z"},"nsu=http://opcfoundation.org/UA/Plc/Applications;s=FastUIntScalar2":{"Value":{"Type":7,"Body":57},"SourceTimestamp":"2024-04-27T17:19:43.5034742Z","ServerTimestamp":"2024-04-27T17:19:43.5034756Z"},"nsu=http://opcfoundation.org/UA/Plc/Applications;s=FastUIntScalar3":{"Value":{"Type":7,"Body":57},"SourceTimestamp":"2024-04-27T17:19:43.5034764Z","ServerTimestamp":"2024-04-27T17:19:43.5034772Z"},"nsu=http://opcfoundation.org/UA/Plc/Applications;s=FastRandomUIntScalar1":{"Value":{"Type":7,"Body":3261104827},"SourceTimestamp":"2024-04-27T17:19:43.5034576Z","ServerTimestamp":"2024-04-27T17:19:43.5034599Z"},"nsu=http://opcfoundation.org/UA/Plc/Applications;s=FastRandomUIntScalar2":{"Value":{"Type":7,"Body":1801850315},"SourceTimestamp":"2024-04-27T17:19:43.5034681Z","ServerTimestamp":"2024-04-27T17:19:43.5034742Z"},"nsu=http://opcfoundation.org/UA/Plc/Applications;s=FastRandomUIntScalar3":{"Value":{"Type":7,"Body":2505708236},"SourceTimestamp":"2024-04-27T17:19:43.5034756Z","ServerTimestamp":"2024-04-27T17:19:43.5034764Z"},"nsu=http://opcfoundation.org/UA/Plc/Applications;s=SpikeData":{"Value":{"Type":11,"Body":36.812455268467772},"SourceTimestamp":"2024-04-27T17:19:44.4010725Z","ServerTimestamp":"2024-04-27T17:19:44.4010742Z"}}}