{"SequenceNumber":51,"MetaDataVersion":{"MajorVersion":1},"Timestamp":"2024-04-27T17:19:45.4037709Z","MessageType":"ua-deltaframe","DataSetWriterName":"<<UnknownDataSet>>","Payload":{"nsu=http://opcfoundation.org/UA/Plc/Applications;s=StepUp":{"Value":{"Type":7,"Body":589},"SourceTimestamp":"2024-04-27T17:19:45.4033742Z","ServerTimestamp":"2024-04-27T17:19:45.4033774Z"},"nsu=http://opcfoundation.org/UA/Plc/Applications;s=RandomSignedInt32":{"Value":{"Type":6,"Body":-166313394},"SourceTimestamp":"2024-04-27T17:19:45.3104156Z","ServerTimestamp":"2024-04-27T17:19:45.3104167Z"},"nsu=http://opcfoundation.org/UA/Plc/Applications;s=RandomUnsignedInt32":{"Value":{"Type":7,"Body":1560607105},"SourceTimestamp":"2024-04-27T17:19:45.3103956Z","ServerTimestamp":"2024-04-27T17:19:45.3103966Z"},"nsu=http://opcfoundation.org/UA/Plc/Applications;s=DipData":{"Value":{"Type":11,"Body":99.80267284282715},"SourceTimestamp":"2024-04-27T17:19:45.3104181Z","ServerTimestamp":"2024-04-27T17:19:45.3104201Z"},"nsu=http://opcfoundation.org/UA/Plc/Applications;s=FastUIntScalar1":{"Value":{"Type":7,"Body":58},"SourceTimestamp":"2024-04-27T17:19:44.5089105Z","ServerTimestamp":"2024-04-27T17:19:44.5089128Z"},"nsu=http://opcfoundation.org/UA/Plc/Applications;s=FastUIntScalar2":{"Value":{"Type":7,"Body":58},"SourceTimestamp":"2024-04-27T17:19:44.5089236Z","ServerTimestamp":"2024-04-27T17:19:44.5089303Z"},"nsu=http://opcfoundation.org/UA/Plc/Applications;s=FastUIntScalar3":{"Value":{"Type":7,"Body":58},"SourceTimestamp":"2024-04-27T17:19:44.5089314Z","ServerTimestamp":"2024-04-27T17:19:44.508933Z"},"nsu=http://opcfoundation.org/UA/Plc/Applications;s=FastRandomUIntScalar1":{"Value":{"Type":7,"Body":177752419},"SourceTimestamp":"2024-04-27T17:19:44.5089161Z","ServerTimestamp":"2024-04-27T17:19:44.5089239Z"},"nsu=http://opcfoundation.org/UA/Plc/Applications;s=FastRandomUIntScalar2":{"Value":{"Type":7,"Body":3084152253},"SourceTimestamp":"2024-04-27T17:19:44.5089304Z","ServerTimestamp":"2024-04-27T17:19:44.5089315Z"},"nsu=http://opcfoundation.org/UA/Plc/Applications;s=FastRandomUIntScalar3":{"Value":{"Type":7,"Body":4213786106},"SourceTimestamp":"2024-04-27T17:19:44.5089328Z","ServerTimestamp":"2024-04-27T17:19:44.5089343Z"},"nsu=http://opcfoundation.org/UA/Plc/Applications;s=SpikeData":{"Value":{"Type":11,"Body":99.80267284282715},"SourceTimestamp":"2024-04-27T17:19:45.3104236Z","ServerTimestamp":"2024-04-27T17:19:45.3104249Z"}}}