{"SequenceNumber":52,"MetaDataVersion":{"MajorVersion":1},"Timestamp":"2024-04-27T17:19:46.3941801Z","MessageType":"ua-deltaframe","DataSetWriterName":"<<UnknownDataSet>>","Payload":{"nsu=http://opcfoundation.org/UA/Plc/Applications;s=StepUp":{"Value":{"Type":7,"Body":598},"SourceTimestamp":"2024-04-27T17:19:46.3144694Z","ServerTimestamp":"2024-04-27T17:19:46.3144737Z"},"nsu=http://opcfoundation.org/UA/Plc/Applications;s=RandomSignedInt32":{"Value":{"Type":6,"Body":-303289187},"SourceTimestamp":"2024-04-27T17:19:46.314532Z","ServerTimestamp":"2024-04-27T17:19:46.3145348Z"},"nsu=http://opcfoundation.org/UA/Plc/Applications;s=RandomUnsignedInt32":{"Value":{"Type":7,"Body":863816524},"SourceTimestamp":"2024-04-27T17:19:46.3145092Z","ServerTimestamp":"2024-04-27T17:19:46.3145102Z"},"nsu=http://opcfoundation.org/UA/Plc/Applications;s=DipData":{"Value":{"Type":11,"Body":36.812455268467801},"SourceTimestamp":"2024-04-27T17:19:46.3145254Z","ServerTimestamp":"2024-04-27T17:19:46.3145268Z"},"nsu=http://opcfoundation.org/UA/Plc/Applications;s=FastUIntScalar1":{"Value":{"Type":7,"Body":59},"SourceTimestamp":"2024-04-27T17:19:45.5124228Z","ServerTimestamp":"2024-04-27T17:19:45.5124279Z"},"nsu=http://opcfoundation.org/UA/Plc/Applications;s=FastUIntScalar2":{"Value":{"Type":7,"Body":59},"SourceTimestamp":"2024-04-27T17:19:45.5124351Z","ServerTimestamp":"2024-04-27T17:19:45.5124369Z"},"nsu=http://opcfoundation.org/UA/Plc/Applications;s=FastUIntScalar3":{"Value":{"Type":7,"Body":59},"SourceTimestamp":"2024-04-27T17:19:45.5124383Z","ServerTimestamp":"2024-04-27T17:19:45.5124394Z"},"nsu=http://opcfoundation.org/UA/Plc/Applications;s=FastRandomUIntScalar1":{"Value":{"Type":7,"Body":4051367078},"SourceTimestamp":"2024-04-27T17:19:45.5124167Z","ServerTimestamp":"2024-04-27T17:19:45.5124187Z"},"nsu=http://opcfoundation.org/UA/Plc/Applications;s=FastRandomUIntScalar2":{"Value":{"Type":7,"Body":4001256870},"SourceTimestamp":"2024-04-27T17:19:45.5124274Z","ServerTimestamp":"2024-04-27T17:19:45.5124353Z"},"nsu=http://opcfoundation.org/UA/Plc/Applications;s=FastRandomUIntScalar3":{"Value":{"Type":7,"Body":18657429},"SourceTimestamp":"2024-04-27T17:19:45.5124368Z","ServerTimestamp":"2024-04-27T17:19:45.5124381Z"},"nsu=http://opcfoundation.org/UA/Plc/Applications;s=SpikeData":{"Value":{"Type":11,"Body":36.812455268467801},"SourceTimestamp":"2024-04-27T17:19:46.3145622Z","ServerTimestamp":"2024-04-27T17:19:46.3145652Z"}}}