{"SequenceNumber":61,"MetaDataVersion":{"MajorVersion":1},"Timestamp":"2024-04-27T17:19:56.4140713Z","MessageType":"ua-deltaframe","DataSetWriterName":"<<UnknownDataSet>>","Payload":{"nsu=http://opcfoundation.org/UA/Plc/Applications;s=StepUp":{"Value":{"Type":7,"Body":699},"SourceTimestamp":"2024-04-27T17:19:56.3998839Z","ServerTimestamp":"2024-04-27T17:19:56.3998866Z"},"nsu=http://opcfoundation.org/UA/Plc/Applications;s=RandomSignedInt32":{"Value":{"Type":6,"Body":1463840940},"SourceTimestamp":"2024-04-27T17:19:56.3998974Z","ServerTimestamp":"2024-04-27T17:19:56.3999035Z"},"nsu=http://opcfoundation.org/UA/Plc/Applications;s=RandomUnsignedInt32":{"Value":{"Type":7,"Body":6575512},"SourceTimestamp":"2024-04-27T17:19:56.3999059Z","ServerTimestamp":"2024-04-27T17:19:56.3999075Z"},"nsu=http://opcfoundation.org/UA/Plc/Applications;s=DipData":{"Value":{"Type":11,"Body":24.868988716485479},"SourceTimestamp":"2024-04-27T17:19:56.39991Z","ServerTimestamp":"2024-04-27T17:19:56.3999135Z"},"nsu=http://opcfoundation.org/UA/Plc/Applications;s=FastUIntScalar1":{"Value":{"Type":7,"Body":69},"SourceTimestamp":"2024-04-27T17:19:55.5032867Z","ServerTimestamp":"2024-04-27T17:19:55.50329Z"},"nsu=http://opcfoundation.org/UA/Plc/Applications;s=FastUIntScalar2":{"Value":{"Type":7,"Body":69},"SourceTimestamp":"2024-04-27T17:19:55.5033036Z","ServerTimestamp":"2024-04-27T17:19:55.5033051Z"},"nsu=http://opcfoundation.org/UA/Plc/Applications;s=FastUIntScalar3":{"Value":{"Type":7,"Body":69},"SourceTimestamp":"2024-04-27T17:19:55.5033076Z","ServerTimestamp":"2024-04-27T17:19:55.5033245Z"},"nsu=http://opcfoundation.org/UA/Plc/Applications;s=FastRandomUIntScalar1":{"Value":{"Type":7,"Body":4051894559},"SourceTimestamp":"2024-04-27T17:19:55.5033056Z","ServerTimestamp":"2024-04-27T17:19:55.5033088Z"},"nsu=http://opcfoundation.org/UA/Plc/Applications;s=FastRandomUIntScalar2":{"Value":{"Type":7,"Body":1753245736},"SourceTimestamp":"2024-04-27T17:19:55.5033198Z","ServerTimestamp":"2024-04-27T17:19:55.5033208Z"},"nsu=http://opcfoundation.org/UA/Plc/Applications;s=FastRandomUIntScalar3":{"Value":{"Type":7,"Body":800501161},"SourceTimestamp":"2024-04-27T17:19:55.5033222Z","ServerTimestamp":"2024-04-27T17:19:55.5033229Z"},"nsu=http://opcfoundation.org/UA/Plc/Applications;s=SpikeData":{"Value":{"Type":11,"Body":24.868988716485479},"SourceTimestamp":"2024-04-27T17:19:56.3999395Z","ServerTimestamp":"2024-04-27T17:19:56.399941Z"}}}