{"SequenceNumber":65,"MetaDataVersion":{"MajorVersion":1},"Timestamp":"2024-04-27T17:20:00.3856599Z","MessageType":"ua-deltaframe","DataSetWriterName":"<<UnknownDataSet>>","Payload":{"nsu=http://opcfoundation.org/UA/Plc/Applications;s=StepUp":{"Value":{"Type":7,"Body":738},"SourceTimestamp":"2024-04-27T17:20:00.3092831Z","ServerTimestamp":"2024-04-27T17:20:00.3092866Z"},"nsu=http://opcfoundation.org/UA/Plc/Applications;s=RandomSignedInt32":{"Value":{"Type":6,"Body":-79530189},"SourceTimestamp":"2024-04-27T17:20:00.3093399Z","ServerTimestamp":"2024-04-27T17:20:00.3093472Z"},"nsu=http://opcfoundation.org/UA/Plc/Applications;s=RandomUnsignedInt32":{"Value":{"Type":7,"Body":1262609234},"SourceTimestamp":"2024-04-27T17:20:00.309326Z","ServerTimestamp":"2024-04-27T17:20:00.309327Z"},"nsu=http://opcfoundation.org/UA/Plc/Applications;s=DipData":{"Value":{"Type":11,"Body":99.80267284282715},"SourceTimestamp":"2024-04-27T17:20:00.3093387Z","ServerTimestamp":"2024-04-27T17:20:00.3093426Z"},"nsu=http://opcfoundation.org/UA/Plc/Applications;s=FastUIntScalar1":{"Value":{"Type":7,"Body":73},"SourceTimestamp":"2024-04-27T17:19:59.5143842Z","ServerTimestamp":"2024-04-27T17:19:59.5143876Z"},"nsu=http://opcfoundation.org/UA/Plc/Applications;s=FastUIntScalar2":{"Value":{"Type":7,"Body":73},"SourceTimestamp":"2024-04-27T17:19:59.5144015Z","ServerTimestamp":"2024-04-27T17:19:59.5144025Z"},"nsu=http://opcfoundation.org/UA/Plc/Applications;s=FastUIntScalar3":{"Value":{"Type":7,"Body":73},"SourceTimestamp":"2024-04-27T17:19:59.5144052Z","ServerTimestamp":"2024-04-27T17:19:59.514406Z"},"nsu=http://opcfoundation.org/UA/Plc/Applications;s=FastRandomUIntScalar1":{"Value":{"Type":7,"Body":1911320440},"SourceTimestamp":"2024-04-27T17:19:59.5144066Z","ServerTimestamp":"2024-04-27T17:19:59.5144099Z"},"nsu=http://opcfoundation.org/UA/Plc/Applications;s=FastRandomUIntScalar2":{"Value":{"Type":7,"Body":951090599},"SourceTimestamp":"2024-04-27T17:19:59.5144241Z","ServerTimestamp":"2024-04-27T17:19:59.5144256Z"},"nsu=http://opcfoundation.org/UA/Plc/Applications;s=FastRandomUIntScalar3":{"Value":{"Type":7,"Body":2188683410},"SourceTimestamp":"2024-04-27T17:19:59.5144279Z","ServerTimestamp":"2024-04-27T17:19:59.5144288Z"},"nsu=http://opcfoundation.org/UA/Plc/Applications;s=SpikeData":{"Value":{"Type":11,"Body":99.80267284282715},"SourceTimestamp":"2024-04-27T17:20:00.3093474Z","ServerTimestamp":"2024-04-27T17:20:00.3093567Z"}}}