{"SequenceNumber":67,"MetaDataVersion":{"MajorVersion":1},"Timestamp":"2024-04-27T17:20:02.3778002Z","MessageType":"ua-deltaframe","DataSetWriterName":"<<UnknownDataSet>>","Payload":{"nsu=http://opcfoundation.org/UA/Plc/Applications;s=StepUp":{"Value":{"Type":7,"Body":758},"SourceTimestamp":"2024-04-27T17:20:02.2998654Z","ServerTimestamp":"2024-04-27T17:20:02.2998678Z"},"nsu=http://opcfoundation.org/UA/Plc/Applications;s=AlternatingBoolean":{"Value":{"Type":1,"Body":false},"SourceTimestamp":"2024-04-27T17:20:01.601095Z","ServerTimestamp":"2024-04-27T17:20:01.6010986Z"},"nsu=http://opcfoundation.org/UA/Plc/Applications;s=RandomSignedInt32":{"Value":{"Type":6,"Body":1721114261},"SourceTimestamp":"2024-04-27T17:20:02.2998745Z","ServerTimestamp":"2024-04-27T17:20:02.29991Z"},"nsu=http://opcfoundation.org/UA/Plc/Applications;s=RandomUnsignedInt32":{"Value":{"Type":7,"Body":519493012},"SourceTimestamp":"2024-04-27T17:20:02.2998805Z","ServerTimestamp":"2024-04-27T17:20:02.2998846Z"},"nsu=http://opcfoundation.org/UA/Plc/Applications;s=DipData":{"Value":{"Type":11,"Body":-77.0513242775789},"SourceTimestamp":"2024-04-27T17:20:02.2998929Z","ServerTimestamp":"2024-04-27T17:20:02.2998953Z"},"nsu=http://opcfoundation.org/UA/Plc/Applications;s=FastUIntScalar1":{"Value":{"Type":7,"Body":75},"SourceTimestamp":"2024-04-27T17:20:01.5079779Z","ServerTimestamp":"2024-04-27T17:20:01.5079803Z"},"nsu=http://opcfoundation.org/UA/Plc/Applications;s=FastUIntScalar2":{"Value":{"Type":7,"Body":75},"SourceTimestamp":"2024-04-27T17:20:01.5079898Z","ServerTimestamp":"2024-04-27T17:20:01.5079969Z"},"nsu=http://opcfoundation.org/UA/Plc/Applications;s=FastUIntScalar3":{"Value":{"Type":7,"Body":75},"SourceTimestamp":"2024-04-27T17:20:01.5079982Z","ServerTimestamp":"2024-04-27T17:20:01.5079999Z"},"nsu=http://opcfoundation.org/UA/Plc/Applications;s=FastRandomUIntScalar1":{"Value":{"Type":7,"Body":2124753695},"SourceTimestamp":"2024-04-27T17:20:01.5079827Z","ServerTimestamp":"2024-04-27T17:20:01.5079901Z"},"nsu=http://opcfoundation.org/UA/Plc/Applications;s=FastRandomUIntScalar2":{"Value":{"Type":7,"Body":2260860521},"SourceTimestamp":"2024-04-27T17:20:01.507997Z","ServerTimestamp":"2024-04-27T17:20:01.5079983Z"},"nsu=http://opcfoundation.org/UA/Plc/Applications;s=FastRandomUIntScalar3":{"Value":{"Type":7,"Body":1941866222},"SourceTimestamp":"2024-04-27T17:20:01.5079997Z","ServerTimestamp":"2024-04-27T17:20:01.508001Z"},"nsu=http://opcfoundation.org/UA/Plc/Applications;s=NegativeTrendData":{"Value":{"Type":11,"Body":99},"SourceTimestamp":"2024-04-27T17:20:01.601129Z","ServerTimestamp":"2024-04-27T17:20:01.6011322Z"},"nsu=http://opcfoundation.org/UA/Plc/Applications;s=PositiveTrendData":{"Value":{"Type":11,"Body":101},"SourceTimestamp":"2024-04-27T17:20:01.6011596Z","ServerTimestamp":"2024-04-27T17:20:01.6011628Z"},"nsu=http://opcfoundation.org/UA/Plc/Applications;s=SpikeData":{"Value":{"Type":11,"Body":-77.0513242775789},"SourceTimestamp":"2024-04-27T17:20:02.2999034Z","ServerTimestamp":"2024-04-27T17:20:02.2999048Z"}}}