{"SequenceNumber":70,"MetaDataVersion":{"MajorVersion":1},"Timestamp":"2024-04-27T17:20:06.3879713Z","MessageType":"ua-deltaframe","DataSetWriterName":"<<UnknownDataSet>>","Payload":{"nsu=http://opcfoundation.org/UA/Plc/Applications;s=StepUp":{"Value":{"Type":7,"Body":798},"SourceTimestamp":"2024-04-27T17:20:06.3102477Z","ServerTimestamp":"2024-04-27T17:20:06.3102511Z"},"nsu=http://opcfoundation.org/UA/Plc/Applications;s=RandomSignedInt32":{"Value":{"Type":6,"Body":1106352682},"SourceTimestamp":"2024-04-27T17:20:06.3103269Z","ServerTimestamp":"2024-04-27T17:20:06.3103294Z"},"nsu=http://opcfoundation.org/UA/Plc/Applications;s=RandomUnsignedInt32":{"Value":{"Type":7,"Body":947584000},"SourceTimestamp":"2024-04-27T17:20:06.3103098Z","ServerTimestamp":"2024-04-27T17:20:06.3103234Z"},"nsu=http://opcfoundation.org/UA/Plc/Applications;s=DipData":{"Value":{"Type":11,"Body":36.812455268467801},"SourceTimestamp":"2024-04-27T17:20:06.3103428Z","ServerTimestamp":"2024-04-27T17:20:06.3103476Z"},"nsu=http://opcfoundation.org/UA/Plc/Applications;s=FastUIntScalar1":{"Value":{"Type":7,"Body":79},"SourceTimestamp":"2024-04-27T17:20:05.5084312Z","ServerTimestamp":"2024-04-27T17:20:05.5084351Z"},"nsu=http://opcfoundation.org/UA/Plc/Applications;s=FastUIntScalar2":{"Value":{"Type":7,"Body":79},"SourceTimestamp":"2024-04-27T17:20:05.5084502Z","ServerTimestamp":"2024-04-27T17:20:05.5084666Z"},"nsu=http://opcfoundation.org/UA/Plc/Applications;s=FastUIntScalar3":{"Value":{"Type":7,"Body":79},"SourceTimestamp":"2024-04-27T17:20:05.5084694Z","ServerTimestamp":"2024-04-27T17:20:05.5084736Z"},"nsu=http://opcfoundation.org/UA/Plc/Applications;s=FastRandomUIntScalar1":{"Value":{"Type":7,"Body":3252469562},"SourceTimestamp":"2024-04-27T17:20:05.5084352Z","ServerTimestamp":"2024-04-27T17:20:05.5084518Z"},"nsu=http://opcfoundation.org/UA/Plc/Applications;s=FastRandomUIntScalar2":{"Value":{"Type":7,"Body":2471594511},"SourceTimestamp":"2024-04-27T17:20:05.5084664Z","ServerTimestamp":"2024-04-27T17:20:05.5084704Z"},"nsu=http://opcfoundation.org/UA/Plc/Applications;s=FastRandomUIntScalar3":{"Value":{"Type":7,"Body":2679932823},"SourceTimestamp":"2024-04-27T17:20:05.5084731Z","ServerTimestamp":"2024-04-27T17:20:05.5084765Z"},"nsu=http://opcfoundation.org/UA/Plc/Applications;s=SpikeData":{"Value":{"Type":11,"Body":36.812455268467801},"SourceTimestamp":"2024-04-27T17:20:06.3103496Z","ServerTimestamp":"2024-04-27T17:20:06.3103565Z"}}}