{"SequenceNumber":71,"MetaDataVersion":{"MajorVersion":1},"Timestamp":"2024-04-27T17:20:07.3809841Z","MessageType":"ua-deltaframe","DataSetWriterName":"<<UnknownDataSet>>","Payload":{"nsu=http://opcfoundation.org/UA/Plc/Applications;s=StepUp":{"Value":{"Type":7,"Body":808},"SourceTimestamp":"2024-04-27T17:20:07.3014972Z","ServerTimestamp":"2024-04-27T17:20:07.3015012Z"},"nsu=http://opcfoundation.org/UA/Plc/Applications;s=AlternatingBoolean":{"Value":{"Type":1,"Body":true},"SourceTimestamp":"2024-04-27T17:20:06.6045454Z","ServerTimestamp":"2024-04-27T17:20:06.6045533Z"},"nsu=http://opcfoundation.org/UA/Plc/Applications;s=RandomSignedInt32":{"Value":{"Type":6,"Body":-2109197623},"SourceTimestamp":"2024-04-27T17:20:07.3014972Z","ServerTimestamp":"2024-04-27T17:20:07.3015128Z"},"nsu=http://opcfoundation.org/UA/Plc/Applications;s=RandomUnsignedInt32":{"Value":{"Type":7,"Body":786242905},"SourceTimestamp":"2024-04-27T17:20:07.3015158Z","ServerTimestamp":"2024-04-27T17:20:07.3015173Z"},"nsu=http://opcfoundation.org/UA/Plc/Applications;s=DipData":{"Value":{"Type":11,"Body":-77.0513242775789},"SourceTimestamp":"2024-04-27T17:20:07.3015226Z","ServerTimestamp":"2024-04-27T17:20:07.3015242Z"},"nsu=http://opcfoundation.org/UA/Plc/Applications;s=FastUIntScalar1":{"Value":{"Type":7,"Body":80},"SourceTimestamp":"2024-04-27T17:20:06.5115573Z","ServerTimestamp":"2024-04-27T17:20:06.5115587Z"},"nsu=http://opcfoundation.org/UA/Plc/Applications;s=FastUIntScalar2":{"Value":{"Type":7,"Body":80},"SourceTimestamp":"2024-04-27T17:20:06.5115612Z","ServerTimestamp":"2024-04-27T17:20:06.5115627Z"},"nsu=http://opcfoundation.org/UA/Plc/Applications;s=FastUIntScalar3":{"Value":{"Type":7,"Body":80},"SourceTimestamp":"2024-04-27T17:20:06.5115648Z","ServerTimestamp":"2024-04-27T17:20:06.5115658Z"},"nsu=http://opcfoundation.org/UA/Plc/Applications;s=FastRandomUIntScalar1":{"Value":{"Type":7,"Body":1171428538},"SourceTimestamp":"2024-04-27T17:20:06.5115743Z","ServerTimestamp":"2024-04-27T17:20:06.511577Z"},"nsu=http://opcfoundation.org/UA/Plc/Applications;s=FastRandomUIntScalar2":{"Value":{"Type":7,"Body":3817136414},"SourceTimestamp":"2024-04-27T17:20:06.5115868Z","ServerTimestamp":"2024-04-27T17:20:06.5115885Z"},"nsu=http://opcfoundation.org/UA/Plc/Applications;s=FastRandomUIntScalar3":{"Value":{"Type":7,"Body":711115222},"SourceTimestamp":"2024-04-27T17:20:06.5115929Z","ServerTimestamp":"2024-04-27T17:20:06.5115936Z"},"nsu=http://opcfoundation.org/UA/Plc/Applications;s=NegativeTrendData":{"Value":{"Type":11,"Body":98.900000000000006},"SourceTimestamp":"2024-04-27T17:20:06.604573Z","ServerTimestamp":"2024-04-27T17:20:06.6045816Z"},"nsu=http://opcfoundation.org/UA/Plc/Applications;s=PositiveTrendData":{"Value":{"Type":11,"Body":101.09999999999999},"SourceTimestamp":"2024-04-27T17:20:06.6045729Z","ServerTimestamp":"2024-04-27T17:20:06.6045866Z"},"nsu=http://opcfoundation.org/UA/Plc/Applications;s=SlowUIntScalar1":{"Value":{"Type":7,"Body":8},"SourceTimestamp":"2024-04-27T17:20:06.5114711Z","ServerTimestamp":"2024-04-27T17:20:06.5114749Z"},"nsu=http://opcfoundation.org/UA/Plc/Applications;s=SlowUIntScalar2":{"Value":{"Type":7,"Body":8},"SourceTimestamp":"2024-04-27T17:20:06.5114886Z","ServerTimestamp":"2024-04-27T17:20:06.5114902Z"},"nsu=http://opcfoundation.org/UA/Plc/Applications;s=SlowUIntScalar3":{"Value":{"Type":7,"Body":8},"SourceTimestamp":"2024-04-27T17:20:06.5114925Z","ServerTimestamp":"2024-04-27T17:20:06.5114938Z"},"nsu=http://opcfoundation.org/UA/Plc/Applications;s=BadSlowUIntScalar1":{"Value":{"Type":7,"Body":8},"StatusCode":1083179008,"SourceTimestamp":"2024-04-27T17:20:06.5115264Z","ServerTimestamp":"2024-04-27T17:20:06.5115286Z"},"nsu=http://opcfoundation.org/UA/Plc/Applications;s=SlowRandomUIntScalar1":{"Value":{"Type":7,"Body":2896319210},"SourceTimestamp":"2024-04-27T17:20:06.5115084Z","ServerTimestamp":"2024-04-27T17:20:06.5115124Z"},"nsu=http://opcfoundation.org/UA/Plc/Applications;s=SlowRandomUIntScalar2":{"Value":{"Type":7,"Body":2542239427},"SourceTimestamp":"2024-04-27T17:20:06.5115254Z","ServerTimestamp":"2024-04-27T17:20:06.5115263Z"},"nsu=http://opcfoundation.org/UA/Plc/Applications;s=SlowRandomUIntScalar3":{"Value":{"Type":7,"Body":3083054235},"SourceTimestamp":"2024-04-27T17:20:06.5115287Z","ServerTimestamp":"2024-04-27T17:20:06.5115315Z"},"nsu=http://opcfoundation.org/UA/Plc/Applications;s=BadSlowRandomUIntScalar1":{"Value":{"Type":7,"Body":844937156},"StatusCode":1083179008,"SourceTimestamp":"2024-04-27T17:20:06.5115343Z","ServerTimestamp":"2024-04-27T17:20:06.5115349Z"},"nsu=http://opcfoundation.org/UA/Plc/Applications;s=SpikeData":{"Value":{"Type":11,"Body":-77.0513242775789},"SourceTimestamp":"2024-04-27T17:20:07.3015299Z","ServerTimestamp":"2024-04-27T17:20:07.3015305Z"}}}