{"SequenceNumber":72,"MetaDataVersion":{"MajorVersion":1},"Timestamp":"2024-04-27T17:20:08.3778282Z","MessageType":"ua-deltaframe","DataSetWriterName":"<<UnknownDataSet>>","Payload":{"nsu=http://opcfoundation.org/UA/Plc/Applications;s=StepUp":{"Value":{"Type":7,"Body":818},"SourceTimestamp":"2024-04-27T17:20:08.3151105Z","ServerTimestamp":"2024-04-27T17:20:08.3151142Z"},"nsu=http://opcfoundation.org/UA/Plc/Applications;s=RandomSignedInt32":{"Value":{"Type":6,"Body":1671469672},"SourceTimestamp":"2024-04-27T17:20:08.3151345Z","ServerTimestamp":"2024-04-27T17:20:08.3151528Z"},"nsu=http://opcfoundation.org/UA/Plc/Applications;s=RandomUnsignedInt32":{"Value":{"Type":7,"Body":774277975},"SourceTimestamp":"2024-04-27T17:20:08.3151469Z","ServerTimestamp":"2024-04-27T17:20:08.315164Z"},"nsu=http://opcfoundation.org/UA/Plc/Applications;s=DipData":{"Value":{"Type":11,"Body":-84.432792550201526},"SourceTimestamp":"2024-04-27T17:20:08.3151752Z","ServerTimestamp":"2024-04-27T17:20:08.3151779Z"},"nsu=http://opcfoundation.org/UA/Plc/Applications;s=FastUIntScalar1":{"Value":{"Type":7,"Body":81},"SourceTimestamp":"2024-04-27T17:20:07.5056753Z","ServerTimestamp":"2024-04-27T17:20:07.5056775Z"},"nsu=http://opcfoundation.org/UA/Plc/Applications;s=FastUIntScalar2":{"Value":{"Type":7,"Body":81},"SourceTimestamp":"2024-04-27T17:20:07.505687Z","ServerTimestamp":"2024-04-27T17:20:07.5056948Z"},"nsu=http://opcfoundation.org/UA/Plc/Applications;s=FastUIntScalar3":{"Value":{"Type":7,"Body":81},"SourceTimestamp":"2024-04-27T17:20:07.505696Z","ServerTimestamp":"2024-04-27T17:20:07.5056978Z"},"nsu=http://opcfoundation.org/UA/Plc/Applications;s=FastRandomUIntScalar1":{"Value":{"Type":7,"Body":2849488824},"SourceTimestamp":"2024-04-27T17:20:07.5056859Z","ServerTimestamp":"2024-04-27T17:20:07.5056876Z"},"nsu=http://opcfoundation.org/UA/Plc/Applications;s=FastRandomUIntScalar2":{"Value":{"Type":7,"Body":2418620087},"SourceTimestamp":"2024-04-27T17:20:07.505695Z","ServerTimestamp":"2024-04-27T17:20:07.505696Z"},"nsu=http://opcfoundation.org/UA/Plc/Applications;s=FastRandomUIntScalar3":{"Value":{"Type":7,"Body":2412836899},"SourceTimestamp":"2024-04-27T17:20:07.5056981Z","ServerTimestamp":"2024-04-27T17:20:07.5057006Z"},"nsu=http://opcfoundation.org/UA/Plc/Applications;s=SpikeData":{"Value":{"Type":11,"Body":-84.432792550201526},"SourceTimestamp":"2024-04-27T17:20:08.3151765Z","ServerTimestamp":"2024-04-27T17:20:08.315185Z"}}}