{"SequenceNumber":73,"MetaDataVersion":{"MajorVersion":1},"Timestamp":"2024-04-27T17:20:09.3706692Z","MessageType":"ua-deltaframe","DataSetWriterName":"<<UnknownDataSet>>","Payload":{"nsu=http://opcfoundation.org/UA/Plc/Applications;s=StepUp":{"Value":{"Type":7,"Body":828},"SourceTimestamp":"2024-04-27T17:20:09.3069902Z","ServerTimestamp":"2024-04-27T17:20:09.3069928Z"},"nsu=http://opcfoundation.org/UA/Plc/Applications;s=RandomSignedInt32":{"Value":{"Type":6,"Body":-1119420114},"SourceTimestamp":"2024-04-27T17:20:09.3070101Z","ServerTimestamp":"2024-04-27T17:20:09.3070176Z"},"nsu=http://opcfoundation.org/UA/Plc/Applications;s=RandomUnsignedInt32":{"Value":{"Type":7,"Body":1810475307},"SourceTimestamp":"2024-04-27T17:20:09.3070234Z","ServerTimestamp":"2024-04-27T17:20:09.3070249Z"},"nsu=http://opcfoundation.org/UA/Plc/Applications;s=DipData":{"Value":{"Type":11,"Body":24.868988716485482},"SourceTimestamp":"2024-04-27T17:20:09.3070279Z","ServerTimestamp":"2024-04-27T17:20:09.3070289Z"},"nsu=http://opcfoundation.org/UA/Plc/Applications;s=FastUIntScalar1":{"Value":{"Type":7,"Body":82},"SourceTimestamp":"2024-04-27T17:20:08.5017962Z","ServerTimestamp":"2024-04-27T17:20:08.5017985Z"},"nsu=http://opcfoundation.org/UA/Plc/Applications;s=FastUIntScalar2":{"Value":{"Type":7,"Body":82},"SourceTimestamp":"2024-04-27T17:20:08.501808Z","ServerTimestamp":"2024-04-27T17:20:08.5018132Z"},"nsu=http://opcfoundation.org/UA/Plc/Applications;s=FastUIntScalar3":{"Value":{"Type":7,"Body":82},"SourceTimestamp":"2024-04-27T17:20:08.5018145Z","ServerTimestamp":"2024-04-27T17:20:08.5018161Z"},"nsu=http://opcfoundation.org/UA/Plc/Applications;s=FastRandomUIntScalar1":{"Value":{"Type":7,"Body":2172833899},"SourceTimestamp":"2024-04-27T17:20:08.5017963Z","ServerTimestamp":"2024-04-27T17:20:08.5018075Z"},"nsu=http://opcfoundation.org/UA/Plc/Applications;s=FastRandomUIntScalar2":{"Value":{"Type":7,"Body":3733850705},"SourceTimestamp":"2024-04-27T17:20:08.5018133Z","ServerTimestamp":"2024-04-27T17:20:08.5018148Z"},"nsu=http://opcfoundation.org/UA/Plc/Applications;s=FastRandomUIntScalar3":{"Value":{"Type":7,"Body":3705581815},"SourceTimestamp":"2024-04-27T17:20:08.501816Z","ServerTimestamp":"2024-04-27T17:20:08.5018171Z"},"nsu=http://opcfoundation.org/UA/Plc/Applications;s=SpikeData":{"Value":{"Type":11,"Body":24.868988716485482},"SourceTimestamp":"2024-04-27T17:20:09.3070485Z","ServerTimestamp":"2024-04-27T17:20:09.3070495Z"}}}