{"SequenceNumber":79,"MetaDataVersion":{"MajorVersion":1},"Timestamp":"2024-04-27T17:20:17.3971741Z","MessageType":"ua-deltaframe","DataSetWriterName":"<<UnknownDataSet>>","Payload":{"nsu=http://opcfoundation.org/UA/Plc/Applications;s=StepUp":{"Value":{"Type":7,"Body":908},"SourceTimestamp":"2024-04-27T17:20:17.3029486Z","ServerTimestamp":"2024-04-27T17:20:17.302989Z"},"nsu=http://opcfoundation.org/UA/Plc/Applications;s=AlternatingBoolean":{"Value":{"Type":1,"Body":true},"SourceTimestamp":"2024-04-27T17:20:16.6063472Z","ServerTimestamp":"2024-04-27T17:20:16.6063732Z"},"nsu=http://opcfoundation.org/UA/Plc/Applications;s=RandomSignedInt32":{"Value":{"Type":6,"Body":946186251},"SourceTimestamp":"2024-04-27T17:20:17.3029623Z","ServerTimestamp":"2024-04-27T17:20:17.3029645Z"},"nsu=http://opcfoundation.org/UA/Plc/Applications;s=RandomUnsignedInt32":{"Value":{"Type":7,"Body":1036545891},"SourceTimestamp":"2024-04-27T17:20:17.3029743Z","ServerTimestamp":"2024-04-27T17:20:17.3029793Z"},"nsu=http://opcfoundation.org/UA/Plc/Applications;s=DipData":{"Value":{"Type":11,"Body":-77.0513242775789},"SourceTimestamp":"2024-04-27T17:20:17.3029955Z","ServerTimestamp":"2024-04-27T17:20:17.3030117Z"},"nsu=http://opcfoundation.org/UA/Plc/Applications;s=FastUIntScalar1":{"Value":{"Type":7,"Body":90},"SourceTimestamp":"2024-04-27T17:20:16.506338Z","ServerTimestamp":"2024-04-27T17:20:16.5063386Z"},"nsu=http://opcfoundation.org/UA/Plc/Applications;s=FastUIntScalar2":{"Value":{"Type":7,"Body":90},"SourceTimestamp":"2024-04-27T17:20:16.5063397Z","ServerTimestamp":"2024-04-27T17:20:16.5063418Z"},"nsu=http://opcfoundation.org/UA/Plc/Applications;s=FastUIntScalar3":{"Value":{"Type":7,"Body":90},"SourceTimestamp":"2024-04-27T17:20:16.5063431Z","ServerTimestamp":"2024-04-27T17:20:16.5063451Z"},"nsu=http://opcfoundation.org/UA/Plc/Applications;s=FastRandomUIntScalar1":{"Value":{"Type":7,"Body":3908176350},"SourceTimestamp":"2024-04-27T17:20:16.5063384Z","ServerTimestamp":"2024-04-27T17:20:16.5063398Z"},"nsu=http://opcfoundation.org/UA/Plc/Applications;s=FastRandomUIntScalar2":{"Value":{"Type":7,"Body":2010507423},"SourceTimestamp":"2024-04-27T17:20:16.5063418Z","ServerTimestamp":"2024-04-27T17:20:16.5063432Z"},"nsu=http://opcfoundation.org/UA/Plc/Applications;s=FastRandomUIntScalar3":{"Value":{"Type":7,"Body":174691479},"SourceTimestamp":"2024-04-27T17:20:16.5063447Z","ServerTimestamp":"2024-04-27T17:20:16.5063464Z"},"nsu=http://opcfoundation.org/UA/Plc/Applications;s=NegativeTrendData":{"Value":{"Type":11,"Body":98.700000000000003},"SourceTimestamp":"2024-04-27T17:20:16.6063971Z","ServerTimestamp":"2024-04-27T17:20:16.6064331Z"},"nsu=http://opcfoundation.org/UA/Plc/Applications;s=PositiveTrendData":{"Value":{"Type":11,"Body":101.3},"SourceTimestamp":"2024-04-27T17:20:16.6064081Z","ServerTimestamp":"2024-04-27T17:20:16.6064144Z"},"nsu=http://opcfoundation.org/UA/Plc/Applications;s=SlowUIntScalar1":{"Value":{"Type":7,"Body":9},"SourceTimestamp":"2024-04-27T17:20:16.5063023Z","ServerTimestamp":"2024-04-27T17:20:16.5063052Z"},"nsu=http://opcfoundation.org/UA/Plc/Applications;s=SlowUIntScalar2":{"Value":{"Type":7,"Body":9},"SourceTimestamp":"2024-04-27T17:20:16.5063137Z","ServerTimestamp":"2024-04-27T17:20:16.5063142Z"},"nsu=http://opcfoundation.org/UA/Plc/Applications;s=SlowUIntScalar3":{"Value":{"Type":7,"Body":9},"SourceTimestamp":"2024-04-27T17:20:16.5063154Z","ServerTimestamp":"2024-04-27T17:20:16.506316Z"},"nsu=http://opcfoundation.org/UA/Plc/Applications;s=BadSlowUIntScalar1":{"Value":{"Body":null},"StatusCode":2157772800,"SourceTimestamp":"2024-04-27T17:20:16.5063241Z","ServerTimestamp":"2024-04-27T17:20:16.5063242Z"},"nsu=http://opcfoundation.org/UA/Plc/Applications;s=SlowRandomUIntScalar1":{"Value":{"Type":7,"Body":3303060872},"SourceTimestamp":"2024-04-27T17:20:16.5063153Z","ServerTimestamp":"2024-04-27T17:20:16.5063172Z"},"nsu=http://opcfoundation.org/UA/Plc/Applications;s=SlowRandomUIntScalar2":{"Value":{"Type":7,"Body":2369923398},"SourceTimestamp":"2024-04-27T17:20:16.5063234Z","ServerTimestamp":"2024-04-27T17:20:16.5063248Z"},"nsu=http://opcfoundation.org/UA/Plc/Applications;s=SlowRandomUIntScalar3":{"Value":{"Type":7,"Body":2232286023},"SourceTimestamp":"2024-04-27T17:20:16.5063259Z","ServerTimestamp":"2024-04-27T17:20:16.5063266Z"},"nsu=http://opcfoundation.org/UA/Plc/Applications;s=BadSlowRandomUIntScalar1":{"Value":{"Body":null},"StatusCode":2157772800,"SourceTimestamp":"2024-04-27T17:20:16.5063296Z","ServerTimestamp":"2024-04-27T17:20:16.5063297Z"},"nsu=http://opcfoundation.org/UA/Plc/Applications;s=SpikeData":{"Value":{"Type":11,"Body":-77.0513242775789},"SourceTimestamp":"2024-04-27T17:20:17.3029927Z","ServerTimestamp":"2024-04-27T17:20:17.3029962Z"}}}