{"SequenceNumber":8,"MetaDataVersion":{"MajorVersion":1},"Timestamp":"2024-04-27T17:18:56.4037068Z","MessageType":"ua-deltaframe","DataSetWriterName":"<<UnknownDataSet>>","Payload":{"nsu=http://opcfoundation.org/UA/Plc/Applications;s=StepUp":{"Value":{"Type":7,"Body":99},"SourceTimestamp":"2024-04-27T17:18:56.4029188Z","ServerTimestamp":"2024-04-27T17:18:56.4029232Z"},"nsu=http://opcfoundation.org/UA/Plc/Applications;s=RandomSignedInt32":{"Value":{"Type":6,"Body":-194993380},"SourceTimestamp":"2024-04-27T17:18:56.4029607Z","ServerTimestamp":"2024-04-27T17:18:56.4029631Z"},"nsu=http://opcfoundation.org/UA/Plc/Applications;s=RandomUnsignedInt32":{"Value":{"Type":7,"Body":660063873},"SourceTimestamp":"2024-04-27T17:18:56.4029668Z","ServerTimestamp":"2024-04-27T17:18:56.4029705Z"},"nsu=http://opcfoundation.org/UA/Plc/Applications;s=DipData":{"Value":{"Type":11,"Body":24.868988716485479},"SourceTimestamp":"2024-04-27T17:18:56.4029797Z","ServerTimestamp":"2024-04-27T17:18:56.4029834Z"},"nsu=http://opcfoundation.org/UA/Plc/Applications;s=FastUIntScalar1":{"Value":{"Type":7,"Body":9},"SourceTimestamp":"2024-04-27T17:18:55.5004643Z","ServerTimestamp":"2024-04-27T17:18:55.5004714Z"},"nsu=http://opcfoundation.org/UA/Plc/Applications;s=FastUIntScalar2":{"Value":{"Type":7,"Body":9},"SourceTimestamp":"2024-04-27T17:18:55.5004778Z","ServerTimestamp":"2024-04-27T17:18:55.5004794Z"},"nsu=http://opcfoundation.org/UA/Plc/Applications;s=FastUIntScalar3":{"Value":{"Type":7,"Body":9},"SourceTimestamp":"2024-04-27T17:18:55.5004806Z","ServerTimestamp":"2024-04-27T17:18:55.5004814Z"},"nsu=http://opcfoundation.org/UA/Plc/Applications;s=FastRandomUIntScalar1":{"Value":{"Type":7,"Body":3380009741},"SourceTimestamp":"2024-04-27T17:18:55.5004585Z","ServerTimestamp":"2024-04-27T17:18:55.500461Z"},"nsu=http://opcfoundation.org/UA/Plc/Applications;s=FastRandomUIntScalar2":{"Value":{"Type":7,"Body":2927953214},"SourceTimestamp":"2024-04-27T17:18:55.5004709Z","ServerTimestamp":"2024-04-27T17:18:55.5004778Z"},"nsu=http://opcfoundation.org/UA/Plc/Applications;s=FastRandomUIntScalar3":{"Value":{"Type":7,"Body":1682110048},"SourceTimestamp":"2024-04-27T17:18:55.5004792Z","ServerTimestamp":"2024-04-27T17:18:55.5004805Z"},"nsu=http://opcfoundation.org/UA/Plc/Applications;s=SpikeData":{"Value":{"Type":11,"Body":36.812455268467801},"SourceTimestamp":"2024-04-27T17:18:56.3085592Z","ServerTimestamp":"2024-04-27T17:18:56.3085614Z"}}}