{"SequenceNumber":80,"MetaDataVersion":{"MajorVersion":1},"Timestamp":"2024-04-27T17:20:18.3826681Z","MessageType":"ua-deltaframe","DataSetWriterName":"<<UnknownDataSet>>","Payload":{"nsu=http://opcfoundation.org/UA/Plc/Applications;s=StepUp":{"Value":{"Type":7,"Body":918},"SourceTimestamp":"2024-04-27T17:20:18.3043558Z","ServerTimestamp":"2024-04-27T17:20:18.3043588Z"},"nsu=http://opcfoundation.org/UA/Plc/Applications;s=RandomSignedInt32":{"Value":{"Type":6,"Body":-1198131963},"SourceTimestamp":"2024-04-27T17:20:18.3043689Z","ServerTimestamp":"2024-04-27T17:20:18.3043709Z"},"nsu=http://opcfoundation.org/UA/Plc/Applications;s=RandomUnsignedInt32":{"Value":{"Type":7,"Body":785384319},"SourceTimestamp":"2024-04-27T17:20:18.3043839Z","ServerTimestamp":"2024-04-27T17:20:18.3043845Z"},"nsu=http://opcfoundation.org/UA/Plc/Applications;s=DipData":{"Value":{"Type":11,"Body":-84.432792550201526},"SourceTimestamp":"2024-04-27T17:20:18.3043986Z","ServerTimestamp":"2024-04-27T17:20:18.3044055Z"},"nsu=http://opcfoundation.org/UA/Plc/Applications;s=FastUIntScalar1":{"Value":{"Type":7,"Body":91},"SourceTimestamp":"2024-04-27T17:20:17.5046899Z","ServerTimestamp":"2024-04-27T17:20:17.5046917Z"},"nsu=http://opcfoundation.org/UA/Plc/Applications;s=FastUIntScalar2":{"Value":{"Type":7,"Body":91},"SourceTimestamp":"2024-04-27T17:20:17.5047039Z","ServerTimestamp":"2024-04-27T17:20:17.5047102Z"},"nsu=http://opcfoundation.org/UA/Plc/Applications;s=FastUIntScalar3":{"Value":{"Type":7,"Body":91},"SourceTimestamp":"2024-04-27T17:20:17.5047118Z","ServerTimestamp":"2024-04-27T17:20:17.5047137Z"},"nsu=http://opcfoundation.org/UA/Plc/Applications;s=FastRandomUIntScalar1":{"Value":{"Type":7,"Body":2795429233},"SourceTimestamp":"2024-04-27T17:20:17.5047002Z","ServerTimestamp":"2024-04-27T17:20:17.5047037Z"},"nsu=http://opcfoundation.org/UA/Plc/Applications;s=FastRandomUIntScalar2":{"Value":{"Type":7,"Body":1551973581},"SourceTimestamp":"2024-04-27T17:20:17.5047103Z","ServerTimestamp":"2024-04-27T17:20:17.5047123Z"},"nsu=http://opcfoundation.org/UA/Plc/Applications;s=FastRandomUIntScalar3":{"Value":{"Type":7,"Body":3791742272},"SourceTimestamp":"2024-04-27T17:20:17.5047134Z","ServerTimestamp":"2024-04-27T17:20:17.5047151Z"},"nsu=http://opcfoundation.org/UA/Plc/Applications;s=SpikeData":{"Value":{"Type":11,"Body":-84.432792550201526},"SourceTimestamp":"2024-04-27T17:20:18.3044157Z","ServerTimestamp":"2024-04-27T17:20:18.3044174Z"}}}