{"SequenceNumber":86,"MetaDataVersion":{"MajorVersion":1},"Timestamp":"2024-04-27T17:20:25.3935607Z","MessageType":"ua-deltaframe","DataSetWriterName":"<<UnknownDataSet>>","Payload":{"nsu=http://opcfoundation.org/UA/Plc/Applications;s=StepUp":{"Value":{"Type":7,"Body":988},"SourceTimestamp":"2024-04-27T17:20:25.3004886Z","ServerTimestamp":"2024-04-27T17:20:25.3004921Z"},"nsu=http://opcfoundation.org/UA/Plc/Applications;s=RandomSignedInt32":{"Value":{"Type":6,"Body":1002961470},"SourceTimestamp":"2024-04-27T17:20:25.3005115Z","ServerTimestamp":"2024-04-27T17:20:25.3005235Z"},"nsu=http://opcfoundation.org/UA/Plc/Applications;s=RandomUnsignedInt32":{"Value":{"Type":7,"Body":536164504},"SourceTimestamp":"2024-04-27T17:20:25.300548Z","ServerTimestamp":"2024-04-27T17:20:25.300554Z"},"nsu=http://opcfoundation.org/UA/Plc/Applications;s=DipData":{"Value":{"Type":11,"Body":99.80267284282715},"SourceTimestamp":"2024-04-27T17:20:25.3005359Z","ServerTimestamp":"2024-04-27T17:20:25.3005497Z"},"nsu=http://opcfoundation.org/UA/Plc/Applications;s=FastUIntScalar1":{"Value":{"Type":7,"Body":98},"SourceTimestamp":"2024-04-27T17:20:24.5020251Z","ServerTimestamp":"2024-04-27T17:20:24.5020269Z"},"nsu=http://opcfoundation.org/UA/Plc/Applications;s=FastUIntScalar2":{"Value":{"Type":7,"Body":98},"SourceTimestamp":"2024-04-27T17:20:24.5020369Z","ServerTimestamp":"2024-04-27T17:20:24.5020435Z"},"nsu=http://opcfoundation.org/UA/Plc/Applications;s=FastUIntScalar3":{"Value":{"Type":7,"Body":98},"SourceTimestamp":"2024-04-27T17:20:24.5020449Z","ServerTimestamp":"2024-04-27T17:20:24.5020733Z"},"nsu=http://opcfoundation.org/UA/Plc/Applications;s=FastRandomUIntScalar1":{"Value":{"Type":7,"Body":459207635},"SourceTimestamp":"2024-04-27T17:20:24.502026Z","ServerTimestamp":"2024-04-27T17:20:24.5020369Z"},"nsu=http://opcfoundation.org/UA/Plc/Applications;s=FastRandomUIntScalar2":{"Value":{"Type":7,"Body":3174425906},"SourceTimestamp":"2024-04-27T17:20:24.5020435Z","ServerTimestamp":"2024-04-27T17:20:24.5020544Z"},"nsu=http://opcfoundation.org/UA/Plc/Applications;s=FastRandomUIntScalar3":{"Value":{"Type":7,"Body":2388092855},"SourceTimestamp":"2024-04-27T17:20:24.5020627Z","ServerTimestamp":"2024-04-27T17:20:24.5020643Z"},"nsu=http://opcfoundation.org/UA/Plc/Applications;s=SpikeData":{"Value":{"Type":11,"Body":99.80267284282715},"SourceTimestamp":"2024-04-27T17:20:25.300583Z","ServerTimestamp":"2024-04-27T17:20:25.3005841Z"}}}