{"SequenceNumber":96,"MetaDataVersion":{"MajorVersion":1},"Timestamp":"2024-04-27T17:20:36.4103889Z","MessageType":"ua-deltaframe","DataSetWriterName":"<<UnknownDataSet>>","Payload":{"nsu=http://opcfoundation.org/UA/Plc/Applications;s=StepUp":{"Value":{"Type":7,"Body":1098},"SourceTimestamp":"2024-04-27T17:20:36.3003422Z","ServerTimestamp":"2024-04-27T17:20:36.3003462Z"},"nsu=http://opcfoundation.org/UA/Plc/Applications;s=RandomSignedInt32":{"Value":{"Type":6,"Body":-1091607705},"SourceTimestamp":"2024-04-27T17:20:36.3003582Z","ServerTimestamp":"2024-04-27T17:20:36.3003637Z"},"nsu=http://opcfoundation.org/UA/Plc/Applications;s=RandomUnsignedInt32":{"Value":{"Type":7,"Body":2073134823},"SourceTimestamp":"2024-04-27T17:20:36.3003674Z","ServerTimestamp":"2024-04-27T17:20:36.3004409Z"},"nsu=http://opcfoundation.org/UA/Plc/Applications;s=DipData":{"Value":{"Type":11,"Body":36.812455268467801},"SourceTimestamp":"2024-04-27T17:20:36.3004155Z","ServerTimestamp":"2024-04-27T17:20:36.3004208Z"},"nsu=http://opcfoundation.org/UA/Plc/Applications;s=FastUIntScalar1":{"Value":{"Type":7,"Body":109},"SourceTimestamp":"2024-04-27T17:20:35.5132796Z","ServerTimestamp":"2024-04-27T17:20:35.5132973Z"},"nsu=http://opcfoundation.org/UA/Plc/Applications;s=FastUIntScalar2":{"Value":{"Type":7,"Body":109},"SourceTimestamp":"2024-04-27T17:20:35.5133079Z","ServerTimestamp":"2024-04-27T17:20:35.5133466Z"},"nsu=http://opcfoundation.org/UA/Plc/Applications;s=FastUIntScalar3":{"Value":{"Type":7,"Body":109},"SourceTimestamp":"2024-04-27T17:20:35.513348Z","ServerTimestamp":"2024-04-27T17:20:35.5133491Z"},"nsu=http://opcfoundation.org/UA/Plc/Applications;s=FastRandomUIntScalar1":{"Value":{"Type":7,"Body":113366667},"SourceTimestamp":"2024-04-27T17:20:35.5132794Z","ServerTimestamp":"2024-04-27T17:20:35.5132832Z"},"nsu=http://opcfoundation.org/UA/Plc/Applications;s=FastRandomUIntScalar2":{"Value":{"Type":7,"Body":2765742175},"SourceTimestamp":"2024-04-27T17:20:35.513297Z","ServerTimestamp":"2024-04-27T17:20:35.5133088Z"},"nsu=http://opcfoundation.org/UA/Plc/Applications;s=FastRandomUIntScalar3":{"Value":{"Type":7,"Body":1142053974},"SourceTimestamp":"2024-04-27T17:20:35.5133464Z","ServerTimestamp":"2024-04-27T17:20:35.513348Z"},"nsu=http://opcfoundation.org/UA/Plc/Applications;s=SpikeData":{"Value":{"Type":11,"Body":36.812455268467801},"SourceTimestamp":"2024-04-27T17:20:36.3004273Z","ServerTimestamp":"2024-04-27T17:20:36.3004293Z"}}}