{"SequenceNumber":99,"MetaDataVersion":{"MajorVersion":1},"Timestamp":"2024-04-27T17:20:39.3881334Z","MessageType":"ua-deltaframe","DataSetWriterName":"<<UnknownDataSet>>","Payload":{"nsu=http://opcfoundation.org/UA/Plc/Applications;s=StepUp":{"Value":{"Type":7,"Body":1128},"SourceTimestamp":"2024-04-27T17:20:39.3095177Z","ServerTimestamp":"2024-04-27T17:20:39.309521Z"},"nsu=http://opcfoundation.org/UA/Plc/Applications;s=RandomSignedInt32":{"Value":{"Type":6,"Body":2053477654},"SourceTimestamp":"2024-04-27T17:20:39.3095435Z","ServerTimestamp":"2024-04-27T17:20:39.3095447Z"},"nsu=http://opcfoundation.org/UA/Plc/Applications;s=RandomUnsignedInt32":{"Value":{"Type":7,"Body":660154852},"SourceTimestamp":"2024-04-27T17:20:39.3095339Z","ServerTimestamp":"2024-04-27T17:20:39.3095391Z"},"nsu=http://opcfoundation.org/UA/Plc/Applications;s=DipData":{"Value":{"Type":11,"Body":24.868988716485482},"SourceTimestamp":"2024-04-27T17:20:39.309548Z","ServerTimestamp":"2024-04-27T17:20:39.3095496Z"},"nsu=http://opcfoundation.org/UA/Plc/Applications;s=FastUIntScalar1":{"Value":{"Type":7,"Body":112},"SourceTimestamp":"2024-04-27T17:20:38.5019803Z","ServerTimestamp":"2024-04-27T17:20:38.5019834Z"},"nsu=http://opcfoundation.org/UA/Plc/Applications;s=FastUIntScalar2":{"Value":{"Type":7,"Body":112},"SourceTimestamp":"2024-04-27T17:20:38.5019972Z","ServerTimestamp":"2024-04-27T17:20:38.5019981Z"},"nsu=http://opcfoundation.org/UA/Plc/Applications;s=FastUIntScalar3":{"Value":{"Type":7,"Body":112},"SourceTimestamp":"2024-04-27T17:20:38.5019997Z","ServerTimestamp":"2024-04-27T17:20:38.5020131Z"},"nsu=http://opcfoundation.org/UA/Plc/Applications;s=FastRandomUIntScalar1":{"Value":{"Type":7,"Body":3648625096},"SourceTimestamp":"2024-04-27T17:20:38.5019973Z","ServerTimestamp":"2024-04-27T17:20:38.5020002Z"},"nsu=http://opcfoundation.org/UA/Plc/Applications;s=FastRandomUIntScalar2":{"Value":{"Type":7,"Body":219074543},"SourceTimestamp":"2024-04-27T17:20:38.502013Z","ServerTimestamp":"2024-04-27T17:20:38.5020151Z"},"nsu=http://opcfoundation.org/UA/Plc/Applications;s=FastRandomUIntScalar3":{"Value":{"Type":7,"Body":1460283287},"SourceTimestamp":"2024-04-27T17:20:38.5020172Z","ServerTimestamp":"2024-04-27T17:20:38.5020181Z"},"nsu=http://opcfoundation.org/UA/Plc/Applications;s=SpikeData":{"Value":{"Type":11,"Body":24.868988716485482},"SourceTimestamp":"2024-04-27T17:20:39.3095544Z","ServerTimestamp":"2024-04-27T17:20:39.3095998Z"}}}