[{"EventId":{"Value":"f4Yana1S2kOr1aLolSRQuw=="},"EventType":{"Value":{"IdType":1,"Id":"NodeChange"}},"SourceNode":{"Value":{"IdType":1,"Id":"0:/Green","Namespace":"http://opcfoundation.org/AlarmCondition"}},"Time":{"Value":"2024-04-27T17:40:50.3039288Z"},"Change":{"Value":{"NodeId":{"IdType":1,"Id":"0:/Green","Namespace":"http://opcfoundation.org/AlarmCondition"},"NodeClass":"Object_1","BrowseName":{"Name":"Green","Uri":"http://opcfoundation.org/AlarmCondition"},"DisplayName":"Green","RolePermissions":[],"UserRolePermissions":[],"References":[],"EventNotifier":1}}}]