[{"EventId":{"Value":"mCnpXkFTDUyr2pMOfC7G5w=="},"EventType":{"Value":{"IdType":1,"Id":"ReferenceChange"}},"SourceNode":{"Value":{"Id":2253}},"Time":{"Value":"2024-04-27T17:40:50.3040728Z"},"Change":{"Value":{"ReferenceTypeId":{"Id":48},"IsForward":true,"NodeId":{"IdType":1,"Id":"0:/Yellow","Namespace":"http://opcfoundation.org/AlarmCondition"},"BrowseName":{"Name":"Yellow","Uri":"http://opcfoundation.org/AlarmCondition"},"DisplayName":"Yellow","NodeClass":"Object_1","TypeDefinition":{"Id":61}}}}]