[{"EventId":{"Value":"IwF2k0gLj0CPs9N+y5HPXA=="},"EventType":{"Value":{"IdType":1,"Id":"NodeChange"}},"SourceNode":{"Value":{"IdType":1,"Id":"0:/Yellow","Namespace":"http://opcfoundation.org/AlarmCondition"}},"Time":{"Value":"2024-04-27T17:40:50.3053467Z"},"Change":{"Value":{"NodeId":{"IdType":1,"Id":"0:/Yellow","Namespace":"http://opcfoundation.org/AlarmCondition"},"NodeClass":"Object_1","BrowseName":{"Name":"Yellow","Uri":"http://opcfoundation.org/AlarmCondition"},"DisplayName":"Yellow","RolePermissions":[],"UserRolePermissions":[],"References":[],"EventNotifier":1}}}]