[{"EventId":{"Value":"BCJwiPZgTUmyk/oXVUTkYQ=="},"EventType":{"Value":{"IdType":1,"Id":"NodeChange"}},"SourceNode":{"Value":{"Id":380,"Namespace":"http://opcfoundation.org/UA/Vehicles/Instances"}},"Time":{"Value":"2024-04-27T17:40:50.3198203Z"},"Change":{"Value":{"NodeId":{"Id":380,"Namespace":"http://opcfoundation.org/UA/Vehicles/Instances"},"NodeClass":"Variable_2","BrowseName":{"Name":"LotType","Uri":"http://opcfoundation.org/UA/Vehicles/Instances"},"DisplayName":"LotType","RolePermissions":[],"UserRolePermissions":[],"References":[],"Value":null,"DataType":{"Id":378,"Namespace":"http://opcfoundation.org/UA/Vehicles/Instances"},"ValueRank":-1,"ArrayDimensions":[],"AccessLevel":3,"UserAccessLevel":3,"AccessLevelEx":3}}}]