[{"EventId":{"Value":"RC40vM0e9kibaqpVDzX8+g=="},"EventType":{"Value":{"IdType":1,"Id":"NodeChange"}},"SourceNode":{"Value":{"Id":375,"Namespace":"http://opcfoundation.org/UA/Vehicles/Instances"}},"Time":{"Value":"2024-04-27T17:40:50.3212908Z"},"Change":{"Value":{"NodeId":{"Id":375,"Namespace":"http://opcfoundation.org/UA/Vehicles/Instances"},"NodeClass":"Object_1","BrowseName":{"Name":"DriverOfTheMonth","Uri":"http://opcfoundation.org/UA/Vehicles/Instances"},"DisplayName":"DriverOfTheMonth","RolePermissions":[],"UserRolePermissions":[],"References":[]}}}]