[{"EventId":{"Value":"mK8IJ5Hshkmfw+BJ6QHV2Q=="},"EventType":{"Value":{"IdType":1,"Id":"ReferenceChange"}},"SourceNode":{"Value":{"Id":15070,"Namespace":"http://opcfoundation.org/UA/Plc"}},"Time":{"Value":"2024-04-27T17:40:50.3287277Z"},"Change":{"Value":{"ReferenceTypeId":{"Id":47},"IsForward":true,"NodeId":{"Id":15013,"Namespace":"http://opcfoundation.org/UA/Plc"},"BrowseName":{"Name":"PlcStatus","Uri":"http://opcfoundation.org/UA/Plc"},"DisplayName":"PlcStatus","NodeClass":"Variable_2","TypeDefinition":{"Id":63}}}}]