[{"EventId":{"Value":"qSZdOPf5nkCVGI9Sd0Se0w=="},"EventType":{"Value":{"IdType":1,"Id":"NodeChange"}},"SourceNode":{"Value":{"Id":15013,"Namespace":"http://opcfoundation.org/UA/Plc"}},"Time":{"Value":"2024-04-27T17:40:50.3300225Z"},"Change":{"Value":{"NodeId":{"Id":15013,"Namespace":"http://opcfoundation.org/UA/Plc"},"NodeClass":"Variable_2","BrowseName":{"Name":"PlcStatus","Uri":"http://opcfoundation.org/UA/Plc"},"DisplayName":"PlcStatus","RolePermissions":[],"UserRolePermissions":[],"References":[],"Value":null,"DataType":{"Id":15032,"Namespace":"http://opcfoundation.org/UA/Plc"},"ValueRank":-1,"ArrayDimensions":[],"AccessLevel":1,"UserAccessLevel":1,"AccessLevelEx":1}}}]