[{"EventId":{"Value":"tFKi9L+otEW+VtTiZNYOAg=="},"EventType":{"Value":{"IdType":1,"Id":"NodeChange"}},"SourceNode":{"Value":{"IdType":1,"Id":"UInt32","Namespace":"http://samples.org/UA/memorybuffer/Instance"}},"Time":{"Value":"2024-04-27T17:40:50.3315456Z"},"Change":{"Value":{"NodeId":{"IdType":1,"Id":"UInt32","Namespace":"http://samples.org/UA/memorybuffer/Instance"},"NodeClass":"Object_1","BrowseName":{"Name":"UInt32","Uri":"http://samples.org/UA/memorybuffer/Instance"},"DisplayName":"UInt32","RolePermissions":[],"UserRolePermissions":[],"References":[]}}}]