[{"EventId":{"Value":"z5Jp0gDJnE2taBIHvtpBxQ=="},"EventType":{"Value":{"IdType":1,"Id":"NodeChange"}},"SourceNode":{"Value":{"IdType":1,"Id":"Double","Namespace":"http://samples.org/UA/memorybuffer/Instance"}},"Time":{"Value":"2024-04-27T17:40:50.3330857Z"},"Change":{"Value":{"NodeId":{"IdType":1,"Id":"Double","Namespace":"http://samples.org/UA/memorybuffer/Instance"},"NodeClass":"Object_1","BrowseName":{"Name":"Double","Uri":"http://samples.org/UA/memorybuffer/Instance"},"DisplayName":"Double","RolePermissions":[],"UserRolePermissions":[],"References":[]}}}]