[{"EventId":{"Value":"yMqjrm2JVkK53Ql3imWlOQ=="},"EventType":{"Value":{"IdType":1,"Id":"NodeChange"}},"SourceNode":{"Value":{"Id":1241,"Namespace":"http://opcfoundation.org/UA/Boiler/"}},"Time":{"Value":"2024-04-27T17:40:50.3346085Z"},"Change":{"Value":{"NodeId":{"Id":1241,"Namespace":"http://opcfoundation.org/UA/Boiler/"},"NodeClass":"Object_1","BrowseName":{"Name":"Boiler #1","Uri":"http://opcfoundation.org/UA/Boiler/"},"DisplayName":"Boiler #1","RolePermissions":[],"UserRolePermissions":[],"References":[]}}}]