[{"EventId":{"Value":"mCbs+pIOSEuqD50xUDKXAQ=="},"EventType":{"Value":{"IdType":1,"Id":"ReferenceChange"}},"SourceNode":{"Value":{"Id":1240,"Namespace":"http://opcfoundation.org/UA/Boiler/"}},"Time":{"Value":"2024-04-27T17:40:50.3362177Z"},"Change":{"Value":{"ReferenceTypeId":{"Id":48},"IsForward":true,"NodeId":{"Id":1241,"Namespace":"http://opcfoundation.org/UA/Boiler/"},"BrowseName":{"Name":"Boiler #1","Uri":"http://opcfoundation.org/UA/Boiler/"},"DisplayName":"Boiler #1","NodeClass":"Object_1","TypeDefinition":{"Id":1132,"Namespace":"http://opcfoundation.org/UA/Boiler/"}}}}]