[{"EventId":{"Value":"DjM54p6TFEOAQkuDzZRc/A=="},"EventType":{"Value":{"IdType":1,"Id":"ReferenceChange"}},"SourceNode":{"Value":{"IdType":1,"Id":"CTT","Namespace":"http://opcfoundation.org/ReferenceApplications"}},"Time":{"Value":"2024-04-27T17:40:50.3391651Z"},"Change":{"Value":{"ReferenceTypeId":{"Id":35},"IsForward":true,"NodeId":{"IdType":1,"Id":"DataAccess","Namespace":"http://opcfoundation.org/ReferenceApplications"},"BrowseName":{"Name":"DataAccess","Uri":"http://opcfoundation.org/ReferenceApplications"},"DisplayName":"DataAccess","NodeClass":"Object_1","TypeDefinition":{"Id":61}}}}]