[{"EventId":{"Value":"c19myO1Oo0mH5KTL4sfFrg=="},"EventType":{"Value":{"IdType":1,"Id":"NodeChange"}},"SourceNode":{"Value":{"Id":281,"Namespace":"http://opcfoundation.org/UA/Vehicles/Instances"}},"Time":{"Value":"2024-04-27T17:40:50.1563036Z"},"Change":{"Value":{"NodeId":{"Id":281,"Namespace":"http://opcfoundation.org/UA/Vehicles/Instances"},"NodeClass":"Object_1","BrowseName":{"Name":"ParkingLot","Uri":"http://opcfoundation.org/UA/Vehicles/Instances"},"DisplayName":"ParkingLot","RolePermissions":[],"UserRolePermissions":[],"References":[]}}}]