[{"EventId":{"Value":"bPc+MLCYFEWUTznHT8Pn+w=="},"EventType":{"Value":{"IdType":1,"Id":"ReferenceChange"}},"SourceNode":{"Value":{"IdType":1,"Id":"CTT","Namespace":"http://opcfoundation.org/ReferenceApplications"}},"Time":{"Value":"2024-04-27T17:40:50.346915Z"},"Change":{"Value":{"ReferenceTypeId":{"Id":35},"IsForward":true,"NodeId":{"IdType":1,"Id":"Views","Namespace":"http://opcfoundation.org/ReferenceApplications"},"BrowseName":{"Name":"Views","Uri":"http://opcfoundation.org/ReferenceApplications"},"DisplayName":"Views","NodeClass":"Object_1","TypeDefinition":{"Id":61}}}}]