[{"EventId":{"Value":"vnJA57iMPkWaFCZhZYKDHg=="},"EventType":{"Value":{"IdType":1,"Id":"ReferenceChange"}},"SourceNode":{"Value":{"IdType":1,"Id":"CTT","Namespace":"http://opcfoundation.org/ReferenceApplications"}},"Time":{"Value":"2024-04-27T17:40:50.3519142Z"},"Change":{"Value":{"ReferenceTypeId":{"Id":35},"IsForward":true,"NodeId":{"IdType":1,"Id":"MyCompany","Namespace":"http://opcfoundation.org/ReferenceApplications"},"BrowseName":{"Name":"MyCompany","Uri":"http://opcfoundation.org/ReferenceApplications"},"DisplayName":"MyCompany","NodeClass":"Object_1","TypeDefinition":{"Id":61}}}}]