[{"EventId":{"Value":"fjp6k3vi4E+QQ75ag/5fkA=="},"EventType":{"Value":{"IdType":1,"Id":"NodeChange"}},"SourceNode":{"Value":{"IdType":1,"Id":"MyCompany","Namespace":"http://opcfoundation.org/ReferenceApplications"}},"Time":{"Value":"2024-04-27T17:40:50.3534393Z"},"Change":{"Value":{"NodeId":{"IdType":1,"Id":"MyCompany","Namespace":"http://opcfoundation.org/ReferenceApplications"},"NodeClass":"Object_1","BrowseName":{"Name":"MyCompany","Uri":"http://opcfoundation.org/ReferenceApplications"},"DisplayName":"MyCompany","RolePermissions":[],"UserRolePermissions":[],"References":[]}}}]