[{"EventId":{"Value":"m3ArsBEBSUSuZkhyi9g7ug=="},"EventType":{"Value":{"IdType":1,"Id":"NodeChange"}},"SourceNode":{"Value":{"IdType":1,"Id":"Sample","Namespace":"http://opcfoundation.org/HistoricalAccess"}},"Time":{"Value":"2024-04-27T17:40:50.3550183Z"},"Change":{"Value":{"NodeId":{"IdType":1,"Id":"Sample","Namespace":"http://opcfoundation.org/HistoricalAccess"},"NodeClass":"Object_1","BrowseName":{"Name":"Sample","Uri":"http://opcfoundation.org/HistoricalAccess"},"DisplayName":"Sample","RolePermissions":[],"UserRolePermissions":[],"References":[]}}}]