[{"EventId":{"Value":"z/kpUXy6Ikurbi16ALcaxg=="},"EventType":{"Value":{"IdType":1,"Id":"NodeChange"}},"SourceNode":{"Value":{"IdType":1,"Id":"Scalar_Static_Mass","Namespace":"http://opcfoundation.org/ReferenceApplications"}},"Time":{"Value":"2024-04-27T17:40:50.3835782Z"},"Change":{"Value":{"NodeId":{"IdType":1,"Id":"Scalar_Static_Mass","Namespace":"http://opcfoundation.org/ReferenceApplications"},"NodeClass":"Object_1","BrowseName":{"Name":"Scalar_Static_Mass","Uri":"http://opcfoundation.org/ReferenceApplications"},"DisplayName":"Mass","RolePermissions":[],"UserRolePermissions":[],"References":[]}}}]