[{"EventId":{"Value":"4UPF9pxBnEiYYkfKXphVZg=="},"EventType":{"Value":{"IdType":1,"Id":"NodeChange"}},"SourceNode":{"Value":{"Id":2258}},"Time":{"Value":"2024-04-27T17:40:50.4231872Z"},"Change":{"Value":{"NodeId":{"Id":2258},"NodeClass":"Variable_2","BrowseName":{"Name":"CurrentTime"},"DisplayName":"CurrentTime","RolePermissions":[],"UserRolePermissions":[],"References":[],"Value":null,"DataType":{"Id":294},"ValueRank":-1,"ArrayDimensions":[],"AccessLevel":1,"UserAccessLevel":1,"MinimumSamplingInterval":1000,"AccessLevelEx":1}}}]