[{"EventId":{"Value":"pmW4rTmv8ka4l8w7OoucOA=="},"EventType":{"Value":{"IdType":1,"Id":"NodeChange"}},"SourceNode":{"Value":{"Id":2260}},"Time":{"Value":"2024-04-27T17:40:50.4260401Z"},"Change":{"Value":{"NodeId":{"Id":2260},"NodeClass":"Variable_2","BrowseName":{"Name":"BuildInfo"},"DisplayName":"BuildInfo","RolePermissions":[],"UserRolePermissions":[],"References":[],"Value":null,"DataType":{"Id":338},"ValueRank":-1,"ArrayDimensions":[],"AccessLevel":1,"UserAccessLevel":1,"AccessLevelEx":1}}}]