[{"EventId":{"Value":"zpWWm+7XkkiRZuD9Leq7gA=="},"EventType":{"Value":{"IdType":1,"Id":"NodeChange"}},"SourceNode":{"Value":{"Id":2993}},"Time":{"Value":"2024-04-27T17:40:50.4289361Z"},"Change":{"Value":{"NodeId":{"Id":2993},"NodeClass":"Variable_2","BrowseName":{"Name":"ShutdownReason"},"DisplayName":"ShutdownReason","RolePermissions":[],"UserRolePermissions":[],"References":[],"Value":null,"DataType":{"Id":21},"ValueRank":-1,"ArrayDimensions":[],"AccessLevel":1,"UserAccessLevel":1,"AccessLevelEx":1}}}]