[{"EventId":{"Value":"rPSnBeoZyEuAvzaHML/VcQ=="},"EventType":{"Value":{"IdType":1,"Id":"NodeChange"}},"SourceNode":{"Value":{"Id":2272}},"Time":{"Value":"2024-04-27T17:40:50.4332041Z"},"Change":{"Value":{"NodeId":{"Id":2272},"NodeClass":"Variable_2","BrowseName":{"Name":"MinSupportedSampleRate"},"DisplayName":"MinSupportedSampleRate","RolePermissions":[],"UserRolePermissions":[],"References":[],"Value":null,"DataType":{"Id":290},"ValueRank":-1,"ArrayDimensions":[],"AccessLevel":1,"UserAccessLevel":1,"AccessLevelEx":1}}}]