[{"EventId":{"Value":"x4s7aNRhokaudCuROhmt1A=="},"EventType":{"Value":{"IdType":1,"Id":"NodeChange"}},"SourceNode":{"Value":{"Id":3704}},"Time":{"Value":"2024-04-27T17:40:50.438831Z"},"Change":{"Value":{"NodeId":{"Id":3704},"NodeClass":"Variable_2","BrowseName":{"Name":"SoftwareCertificates"},"DisplayName":"SoftwareCertificates","RolePermissions":[],"UserRolePermissions":[],"References":[],"Value":null,"DataType":{"Id":344},"ValueRank":1,"ArrayDimensions":[0],"AccessLevel":1,"UserAccessLevel":1,"AccessLevelEx":1}}}]