[{"EventId":{"Value":"TXZYVUji4kKOCnazxMUagA=="},"EventType":{"Value":{"IdType":1,"Id":"NodeChange"}},"SourceNode":{"Value":{"Id":24097}},"Time":{"Value":"2024-04-27T17:40:50.4529857Z"},"Change":{"Value":{"NodeId":{"Id":24097},"NodeClass":"Variable_2","BrowseName":{"Name":"MaxMonitoredItems"},"DisplayName":"MaxMonitoredItems","RolePermissions":[],"UserRolePermissions":[],"References":[],"Value":null,"DataType":{"Id":7},"ValueRank":-1,"ArrayDimensions":[],"AccessLevel":1,"UserAccessLevel":1,"AccessLevelEx":1}}}]