[{"EventId":{"Value":"9VMEJv+d8E6TQKI9Ea+4VQ=="},"EventType":{"Value":{"IdType":1,"Id":"NodeChange"}},"SourceNode":{"Value":{"Id":1240,"Namespace":"http://opcfoundation.org/UA/Boiler/"}},"Time":{"Value":"2024-04-27T17:40:50.1746414Z"},"Change":{"Value":{"NodeId":{"Id":1240,"Namespace":"http://opcfoundation.org/UA/Boiler/"},"NodeClass":"Object_1","BrowseName":{"Name":"Boilers","Uri":"http://opcfoundation.org/UA/Boiler/"},"DisplayName":"Boilers","RolePermissions":[],"UserRolePermissions":[],"References":[],"EventNotifier":1}}}]