[{"EventId":{"Value":"I3AffyeTH0+0AMBHZMz24A=="},"EventType":{"Value":{"IdType":1,"Id":"NodeChange"}},"SourceNode":{"Value":{"Id":3709}},"Time":{"Value":"2024-04-27T17:40:50.4672694Z"},"Change":{"Value":{"NodeId":{"Id":3709},"NodeClass":"Variable_2","BrowseName":{"Name":"RedundancySupport"},"DisplayName":"RedundancySupport","RolePermissions":[],"UserRolePermissions":[],"References":[],"Value":null,"DataType":{"Id":851},"ValueRank":-1,"ArrayDimensions":[],"AccessLevel":1,"UserAccessLevel":1,"AccessLevelEx":1}}}]