[{"EventId":{"Value":"4hds3nC480S8Lxcf2zrLHw=="},"EventType":{"Value":{"IdType":1,"Id":"NodeChange"}},"SourceNode":{"Value":{"IdType":1,"Id":"CTT","Namespace":"http://opcfoundation.org/ReferenceApplications"}},"Time":{"Value":"2024-04-27T17:40:50.1776744Z"},"Change":{"Value":{"NodeId":{"IdType":1,"Id":"CTT","Namespace":"http://opcfoundation.org/ReferenceApplications"},"NodeClass":"Object_1","BrowseName":{"Name":"CTT","Uri":"http://opcfoundation.org/ReferenceApplications"},"DisplayName":"CTT","RolePermissions":[],"UserRolePermissions":[],"References":[],"EventNotifier":1}}}]