[{"EventId":{"Value":"2k2Aotb7OkuwMbzU3J+WfA=="},"EventType":{"Value":{"IdType":1,"Id":"ReferenceChange"}},"SourceNode":{"Value":{"Id":85}},"Time":{"Value":"2024-04-27T17:40:50.1782134Z"},"Change":{"Value":{"ReferenceTypeId":{"Id":35},"IsForward":true,"NodeId":{"IdType":1,"Id":"0:","Namespace":"http://opcfoundation.org/HistoricalAccess"},"BrowseName":{"Name":"Historian","Uri":"http://opcfoundation.org/HistoricalAccess"},"DisplayName":"Historian","NodeClass":"Object_1","TypeDefinition":{"Id":61}}}}]