[{"EventId":{"Value":"sABYQBNNCUGWbX7wwKGdYw=="},"EventType":{"Value":{"IdType":1,"Id":"NodeChange"}},"SourceNode":{"Value":{"Id":12639}},"Time":{"Value":"2024-04-27T17:40:50.4833404Z"},"Change":{"Value":{"NodeId":{"Id":12639},"NodeClass":"Variable_2","BrowseName":{"Name":"SupportedPrivateKeyFormats"},"DisplayName":"SupportedPrivateKeyFormats","RolePermissions":[],"UserRolePermissions":[],"References":[],"Value":null,"DataType":{"Id":12},"ValueRank":1,"ArrayDimensions":[0],"AccessLevel":1,"UserAccessLevel":1,"AccessLevelEx":1}}}]