[{"EventId":{"Value":"Ztl5qRaZE0OBSFWJG2UNFA=="},"EventType":{"Value":{"IdType":1,"Id":"NodeChange"}},"SourceNode":{"Value":{"IdType":1,"Id":"0:","Namespace":"http://opcfoundation.org/HistoricalAccess"}},"Time":{"Value":"2024-04-27T17:40:50.1796673Z"},"Change":{"Value":{"NodeId":{"IdType":1,"Id":"0:","Namespace":"http://opcfoundation.org/HistoricalAccess"},"NodeClass":"Object_1","BrowseName":{"Name":"Historian","Uri":"http://opcfoundation.org/HistoricalAccess"},"DisplayName":"Historian","RolePermissions":[],"UserRolePermissions":[],"References":[]}}}]