[{"EventId":{"Value":"V133x1JtEUW6V2i1cTjTrg=="},"EventType":{"Value":{"IdType":1,"Id":"NodeChange"}},"SourceNode":{"Value":{"Id":32645}},"Time":{"Value":"2024-04-27T17:40:50.5074346Z"},"Change":{"Value":{"NodeId":{"Id":32645},"NodeClass":"Variable_2","BrowseName":{"Name":"Definition"},"DisplayName":"Definition","RolePermissions":[],"UserRolePermissions":[],"References":[],"Value":null,"DataType":{"Id":12},"ValueRank":-1,"ArrayDimensions":[],"AccessLevel":1,"UserAccessLevel":1,"AccessLevelEx":1}}}]