[{"EventId":{"Value":"WLfmaL6B0kaCXztCNKasww=="},"EventType":{"Value":{"IdType":1,"Id":"NodeChange"}},"SourceNode":{"Value":{"Id":32649}},"Time":{"Value":"2024-04-27T17:40:50.5130386Z"},"Change":{"Value":{"NodeId":{"Id":32649},"NodeClass":"Variable_2","BrowseName":{"Name":"ExceptionDeviationFormat"},"DisplayName":"ExceptionDeviationFormat","RolePermissions":[],"UserRolePermissions":[],"References":[],"Value":null,"DataType":{"Id":890},"ValueRank":-1,"ArrayDimensions":[],"AccessLevel":1,"UserAccessLevel":1,"AccessLevelEx":1}}}]