[{"EventId":{"Value":"a/cMxxfTnUK3tEh4+KtxOQ=="},"EventType":{"Value":{"IdType":1,"Id":"ReferenceChange"}},"SourceNode":{"Value":{"Id":85}},"Time":{"Value":"2024-04-27T17:40:50.1893113Z"},"Change":{"Value":{"ReferenceTypeId":{"Id":35},"IsForward":true,"NodeId":{"IdType":1,"Id":"OpcPlc","Namespace":"http://opcfoundation.org/UA/Plc/Applications"},"BrowseName":{"Name":"OpcPlc","Uri":"http://opcfoundation.org/UA/Plc/Applications"},"DisplayName":"OpcPlc","NodeClass":"Object_1","TypeDefinition":{"Id":61}}}}]