[{"EventId":{"Value":"0RO5/3h7bkmuf6Rw4Tcb5w=="},"EventType":{"Value":{"IdType":1,"Id":"NodeChange"}},"SourceNode":{"Value":{"Id":23478}},"Time":{"Value":"2024-04-27T17:40:50.5892795Z"},"Change":{"Value":{"NodeId":{"Id":23478},"NodeClass":"Variable_2","BrowseName":{"Name":"OutputArguments"},"DisplayName":"OutputArguments","RolePermissions":[],"UserRolePermissions":[],"References":[],"Value":null,"DataType":{"Id":296},"ValueRank":1,"ArrayDimensions":[1],"AccessLevel":1,"UserAccessLevel":1,"AccessLevelEx":1}}}]