[{"EventId":{"Value":"rZz77ODbz0qXTH9m7ovLkA=="},"EventType":{"Value":{"IdType":1,"Id":"ReferenceChange"}},"SourceNode":{"Value":{"Id":10158,"Namespace":"http://test.org/UA/Data/"}},"Time":{"Value":"2024-04-27T17:40:50.5983217Z"},"Change":{"Value":{"ReferenceTypeId":{"Id":47},"IsForward":true,"NodeId":{"Id":10485,"Namespace":"http://test.org/UA/Data/"},"BrowseName":{"Name":"AnalogScalar","Uri":"http://test.org/UA/Data/"},"DisplayName":"AnalogScalar","NodeClass":"Object_1","TypeDefinition":{"Id":9534,"Namespace":"http://test.org/UA/Data/"}}}}]