[{"EventId":{"Value":"B22fHJZxE0aQ1BLZ3xsEWg=="},"EventType":{"Value":{"IdType":1,"Id":"ReferenceChange"}},"SourceNode":{"Value":{"Id":10158,"Namespace":"http://test.org/UA/Data/"}},"Time":{"Value":"2024-04-27T17:40:50.5996775Z"},"Change":{"Value":{"ReferenceTypeId":{"Id":47},"IsForward":true,"NodeId":{"Id":10620,"Namespace":"http://test.org/UA/Data/"},"BrowseName":{"Name":"AnalogArray","Uri":"http://test.org/UA/Data/"},"DisplayName":"AnalogArray","NodeClass":"Object_1","TypeDefinition":{"Id":9763,"Namespace":"http://test.org/UA/Data/"}}}}]