[{"EventId":{"Value":"eOyVudcuQkydjvgrWn2AFw=="},"EventType":{"Value":{"IdType":1,"Id":"ReferenceChange"}},"SourceNode":{"Value":{"Id":10158,"Namespace":"http://test.org/UA/Data/"}},"Time":{"Value":"2024-04-27T17:40:50.6025951Z"},"Change":{"Value":{"ReferenceTypeId":{"Id":36},"IsForward":true,"NodeId":{"Id":10159,"Namespace":"http://test.org/UA/Data/"},"BrowseName":{"Name":"Scalar","Uri":"http://test.org/UA/Data/"},"DisplayName":"Scalar","NodeClass":"Object_1","TypeDefinition":{"Id":9450,"Namespace":"http://test.org/UA/Data/"}}}}]