[{"EventId":{"Value":"xMQBjQzrE0qymzqFI/e1hA=="},"EventType":{"Value":{"IdType":1,"Id":"ReferenceChange"}},"SourceNode":{"Value":{"Id":10786,"Namespace":"http://test.org/UA/Data/"}},"Time":{"Value":"2024-04-27T17:40:50.611509Z"},"Change":{"Value":{"ReferenceTypeId":{"Id":47},"IsForward":true,"NodeId":{"Id":11113,"Namespace":"http://test.org/UA/Data/"},"BrowseName":{"Name":"AnalogScalar","Uri":"http://test.org/UA/Data/"},"DisplayName":"AnalogScalar","NodeClass":"Object_1","TypeDefinition":{"Id":9534,"Namespace":"http://test.org/UA/Data/"}}}}]