[{"EventId":{"Value":"YnhkSlpZF0qCxdNQ7NUnlw=="},"EventType":{"Value":{"IdType":1,"Id":"ReferenceChange"}},"SourceNode":{"Value":{"Id":10786,"Namespace":"http://test.org/UA/Data/"}},"Time":{"Value":"2024-04-27T17:40:50.6130376Z"},"Change":{"Value":{"ReferenceTypeId":{"Id":47},"IsForward":true,"NodeId":{"Id":11248,"Namespace":"http://test.org/UA/Data/"},"BrowseName":{"Name":"AnalogArray","Uri":"http://test.org/UA/Data/"},"DisplayName":"AnalogArray","NodeClass":"Object_1","TypeDefinition":{"Id":9763,"Namespace":"http://test.org/UA/Data/"}}}}]