[{"EventId":{"Value":"YgV2vTQPKEqgPer/eq4rZg=="},"EventType":{"Value":{"IdType":1,"Id":"ReferenceChange"}},"SourceNode":{"Value":{"Id":10786,"Namespace":"http://test.org/UA/Data/"}},"Time":{"Value":"2024-04-27T17:40:50.6158805Z"},"Change":{"Value":{"ReferenceTypeId":{"Id":36},"IsForward":true,"NodeId":{"Id":10871,"Namespace":"http://test.org/UA/Data/"},"BrowseName":{"Name":"Array","Uri":"http://test.org/UA/Data/"},"DisplayName":"Array","NodeClass":"Object_1","TypeDefinition":{"Id":9679,"Namespace":"http://test.org/UA/Data/"}}}}]