[{"EventId":{"Value":"pZMxmAtV5kCPTqyVj9dG4Q=="},"EventType":{"Value":{"IdType":1,"Id":"NodeChange"}},"SourceNode":{"Value":{"IdType":1,"Id":"Well_24412","Namespace":"http://opcfoundation.org/HistoricalEvents"}},"Time":{"Value":"2024-04-27T17:40:50.6431794Z"},"Change":{"Value":{"NodeId":{"IdType":1,"Id":"Well_24412","Namespace":"http://opcfoundation.org/HistoricalEvents"},"NodeClass":"Object_1","BrowseName":{"Name":"Jupiter","Uri":"http://opcfoundation.org/HistoricalEvents"},"DisplayName":"Jupiter","RolePermissions":[],"UserRolePermissions":[],"References":[],"EventNotifier":13}}}]