[{"EventId":{"Value":"aCboaMJnfkm5quogjT36jw=="},"EventType":{"Value":{"IdType":1,"Id":"NodeChange"}},"SourceNode":{"Value":{"IdType":1,"Id":"Well_86234","Namespace":"http://opcfoundation.org/HistoricalEvents"}},"Time":{"Value":"2024-04-27T17:40:50.6462497Z"},"Change":{"Value":{"NodeId":{"IdType":1,"Id":"Well_86234","Namespace":"http://opcfoundation.org/HistoricalEvents"},"NodeClass":"Object_1","BrowseName":{"Name":"Saturn","Uri":"http://opcfoundation.org/HistoricalEvents"},"DisplayName":"Saturn","RolePermissions":[],"UserRolePermissions":[],"References":[],"EventNotifier":13}}}]