[{"EventId":{"Value":"7zsU5P6Rfk+YYtrRl/nSvA=="},"EventType":{"Value":{"IdType":1,"Id":"ReferenceChange"}},"SourceNode":{"Value":{"IdType":1,"Id":"Area99","Namespace":"http://opcfoundation.org/HistoricalEvents"}},"Time":{"Value":"2024-04-27T17:40:50.6463964Z"},"Change":{"Value":{"ReferenceTypeId":{"Id":48},"IsForward":true,"NodeId":{"IdType":1,"Id":"Well_91423","Namespace":"http://opcfoundation.org/HistoricalEvents"},"BrowseName":{"Name":"Mars","Uri":"http://opcfoundation.org/HistoricalEvents"},"DisplayName":"Mars","NodeClass":"Object_1","TypeDefinition":{"Id":308,"Namespace":"http://opcfoundation.org/HistoricalEvents"}}}}]