[{"EventId":{"Value":"CsaMtzQVekm1+qSjt/nWPQ=="},"EventType":{"Value":{"IdType":1,"Id":"NodeChange"}},"SourceNode":{"Value":{"IdType":1,"Id":"0:Boiler #1?Drum","Namespace":"http://opcfoundation.org/UA/Views"}},"Time":{"Value":"2024-04-27T17:40:50.6526979Z"},"Change":{"Value":{"NodeId":{"IdType":1,"Id":"0:Boiler #1?Drum","Namespace":"http://opcfoundation.org/UA/Views"},"NodeClass":"Object_1","BrowseName":{"Name":"Drum","Uri":"http://opcfoundation.org/UA/Views"},"DisplayName":"Drum","RolePermissions":[],"UserRolePermissions":[],"References":[]}}}]