[{"EventId":{"Value":"A1kh+Dpd8kqmZe8aVRQoRQ=="},"EventType":{"Value":{"IdType":1,"Id":"NodeChange"}},"SourceNode":{"Value":{"IdType":1,"Id":"0:Boiler #2?SteamOut","Namespace":"http://opcfoundation.org/UA/Views"}},"Time":{"Value":"2024-04-27T17:40:50.6561235Z"},"Change":{"Value":{"NodeId":{"IdType":1,"Id":"0:Boiler #2?SteamOut","Namespace":"http://opcfoundation.org/UA/Views"},"NodeClass":"Object_1","BrowseName":{"Name":"SteamOut","Uri":"http://opcfoundation.org/UA/Views"},"DisplayName":"SteamOut","RolePermissions":[],"UserRolePermissions":[],"References":[]}}}]