[{"EventId":{"Value":"ckRRdXpKe0qXm4iGx4394w=="},"EventType":{"Value":{"IdType":1,"Id":"NodeChange"}},"SourceNode":{"Value":{"Id":439,"Namespace":"http://opcfoundation.org/UA/Views"}},"Time":{"Value":"2024-04-27T17:40:50.2226853Z"},"Change":{"Value":{"NodeId":{"Id":439,"Namespace":"http://opcfoundation.org/UA/Views"},"NodeClass":"View_128","BrowseName":{"Name":"Engineering","Uri":"http://opcfoundation.org/UA/Views"},"DisplayName":"Engineering","RolePermissions":[],"UserRolePermissions":[],"References":[]}}}]