[{"EventId":{"Value":"lPTIhHbvg0SYb5rUDGNruQ=="},"EventType":{"Value":{"IdType":1,"Id":"NodeChange"}},"SourceNode":{"Value":{"Id":441,"Namespace":"http://opcfoundation.org/UA/Views"}},"Time":{"Value":"2024-04-27T17:40:50.228387Z"},"Change":{"Value":{"NodeId":{"Id":441,"Namespace":"http://opcfoundation.org/UA/Views"},"NodeClass":"View_128","BrowseName":{"Name":"Operations","Uri":"http://opcfoundation.org/UA/Views"},"DisplayName":"Operations","RolePermissions":[],"UserRolePermissions":[],"References":[]}}}]