{"MessageId":"bf816db6-46d6-458d-94f5-4f8f0b896888","MessageType":"ua-data","PublisherId":"DESKTOP-BGFJS91","DataSetWriterGroup":"<<UnknownWriterGroup>>","Messages":[{"DataSetWriterId":1,"SequenceNumber":3,"MetaDataVersion":{"MajorVersion":1},"Timestamp":"2024-04-27T11:44:32.8139449Z","MessageType":"ua-deltaframe","DataSetWriterName":"Test","Payload":{"nsu=http://opcfoundation.org/UA/Plc/Applications;s=FastUIntScalar2":{"Value":4,"SourceTimestamp":"2024-04-27T11:44:32.4545911Z","ServerTimestamp":"2024-04-27T11:44:32.4545918Z"},"nsu=http://opcfoundation.org/UA/Plc/Applications;s=FastUIntScalar3":{"Value":4,"SourceTimestamp":"2024-04-27T11:44:32.4545928Z","ServerTimestamp":"2024-04-27T11:44:32.4545935Z"},"nsu=http://opcfoundation.org/UA/Plc/Applications;s=FastRandomUIntScalar1":{"Value":2471801861,"SourceTimestamp":"2024-04-27T11:44:32.4546086Z","ServerTimestamp":"2024-04-27T11:44:32.4546171Z"},"nsu=http://opcfoundation.org/UA/Plc/Applications;s=FastRandomUIntScalar2":{"Value":1837944212,"SourceTimestamp":"2024-04-27T11:44:32.4546265Z","ServerTimestamp":"2024-04-27T11:44:32.4546273Z"},"nsu=http://opcfoundation.org/UA/Plc/Applications;s=FastRandomUIntScalar3":{"Value":3353788650,"SourceTimestamp":"2024-04-27T11:44:32.4546286Z","ServerTimestamp":"2024-04-27T11:44:32.454629Z"}}}]}