{"MessageId":"a3e18220-cff7-4452-8d8b-c1f38b428654","MessageType":"ua-data","PublisherId":"DESKTOP-BGFJS91","DataSetWriterGroup":"<<UnknownWriterGroup>>","Messages":[{"SequenceNumber":33,"MetaDataVersion":{"MajorVersion":1},"Timestamp":"2024-04-27T11:45:04.7261044Z","MessageType":"ua-deltaframe","DataSetWriterName":"MES","Payload":{"nsu=http://opcfoundation.org/UA/Plc/Applications;s=StepUp":{"Value":362,"SourceTimestamp":"2024-04-27T11:45:04.6484985Z","ServerTimestamp":"2024-04-27T11:45:04.6484991Z"},"nsu=http://opcfoundation.org/UA/Plc/Applications;s=RandomSignedInt32":{"Value":1048147871,"SourceTimestamp":"2024-04-27T11:45:04.6485097Z","ServerTimestamp":"2024-04-27T11:45:04.6485107Z"},"nsu=http://opcfoundation.org/UA/Plc/Applications;s=RandomUnsignedInt32":{"Value":481912931,"SourceTimestamp":"2024-04-27T11:45:04.6484959Z","ServerTimestamp":"2024-04-27T11:45:04.6484967Z"},"nsu=http://opcfoundation.org/UA/Plc/Applications;s=DipData":{"Value":-98.228725072868855,"SourceTimestamp":"2024-04-27T11:45:04.6484804Z","ServerTimestamp":"2024-04-27T11:45:04.6484824Z"},"nsu=http://opcfoundation.org/UA/Plc/Applications;s=FastUIntScalar1":{"Value":36,"SourceTimestamp":"2024-04-27T11:45:04.4470401Z","ServerTimestamp":"2024-04-27T11:45:04.4470433Z"}}}]}