{"MessageId":"683710b9-1099-47d2-8c6b-44e34a40746c","MessageType":"ua-data","PublisherId":"DESKTOP-BGFJS91","DataSetWriterGroup":"<<UnknownWriterGroup>>","Messages":[{"DataSetWriterId":1,"SequenceNumber":34,"MetaDataVersion":{"MajorVersion":1},"Timestamp":"2024-04-27T11:45:04.7878731Z","MessageType":"ua-deltaframe","DataSetWriterName":"Test","Payload":{"nsu=http://opcfoundation.org/UA/Plc/Applications;s=FastUIntScalar2":{"Value":36,"SourceTimestamp":"2024-04-27T11:45:04.4470549Z","ServerTimestamp":"2024-04-27T11:45:04.4470562Z"},"nsu=http://opcfoundation.org/UA/Plc/Applications;s=FastUIntScalar3":{"Value":36,"SourceTimestamp":"2024-04-27T11:45:04.4470579Z","ServerTimestamp":"2024-04-27T11:45:04.4470587Z"},"nsu=http://opcfoundation.org/UA/Plc/Applications;s=FastRandomUIntScalar1":{"Value":3307476069,"SourceTimestamp":"2024-04-27T11:45:04.4471401Z","ServerTimestamp":"2024-04-27T11:45:04.4471456Z"},"nsu=http://opcfoundation.org/UA/Plc/Applications;s=FastRandomUIntScalar2":{"Value":2438310705,"SourceTimestamp":"2024-04-27T11:45:04.4471488Z","ServerTimestamp":"2024-04-27T11:45:04.4471522Z"},"nsu=http://opcfoundation.org/UA/Plc/Applications;s=FastRandomUIntScalar3":{"Value":4201528134,"SourceTimestamp":"2024-04-27T11:45:04.4471538Z","ServerTimestamp":"2024-04-27T11:45:04.4471545Z"}}}]}