{"MessageId":"11e2dfb8-fb2c-4fed-bbcc-336f8ff8c1fc","MessageType":"ua-data","PublisherId":"DESKTOP-BGFJS91","DataSetWriterGroup":"<<UnknownWriterGroup>>","Messages":[{"DataSetWriterId":1,"SequenceNumber":35,"MetaDataVersion":{"MajorVersion":1},"Timestamp":"2024-04-27T11:45:05.778751Z","MessageType":"ua-deltaframe","DataSetWriterName":"Test","Payload":{"nsu=http://opcfoundation.org/UA/Plc/Applications;s=FastUIntScalar2":{"Value":37,"SourceTimestamp":"2024-04-27T11:45:05.4518614Z","ServerTimestamp":"2024-04-27T11:45:05.4519092Z"},"nsu=http://opcfoundation.org/UA/Plc/Applications;s=FastUIntScalar3":{"Value":37,"SourceTimestamp":"2024-04-27T11:45:05.4519164Z","ServerTimestamp":"2024-04-27T11:45:05.451925Z"},"nsu=http://opcfoundation.org/UA/Plc/Applications;s=FastRandomUIntScalar1":{"Value":3122608432,"SourceTimestamp":"2024-04-27T11:45:05.451888Z","ServerTimestamp":"2024-04-27T11:45:05.451889Z"},"nsu=http://opcfoundation.org/UA/Plc/Applications;s=FastRandomUIntScalar2":{"Value":3591739699,"SourceTimestamp":"2024-04-27T11:45:05.4518932Z","ServerTimestamp":"2024-04-27T11:45:05.4518948Z"},"nsu=http://opcfoundation.org/UA/Plc/Applications;s=FastRandomUIntScalar3":{"Value":3996827664,"SourceTimestamp":"2024-04-27T11:45:05.4519Z","ServerTimestamp":"2024-04-27T11:45:05.4519005Z"}}}]}