{"MessageId":"c2d2754a-216f-4ca1-88ac-b2ef26bd2500","MessageType":"ua-data","PublisherId":"DESKTOP-BGFJS91","DataSetWriterGroup":"<<UnknownWriterGroup>>","Messages":[{"SequenceNumber":36,"MetaDataVersion":{"MajorVersion":1},"Timestamp":"2024-04-27T11:45:08.7039993Z","MessageType":"ua-deltaframe","DataSetWriterName":"MES","Payload":{"nsu=http://opcfoundation.org/UA/Plc/Applications;s=StepUp":{"Value":402,"SourceTimestamp":"2024-04-27T11:45:08.6423285Z","ServerTimestamp":"2024-04-27T11:45:08.6423299Z"},"nsu=http://opcfoundation.org/UA/Plc/Applications;s=AlternatingBoolean":{"Value":true,"SourceTimestamp":"2024-04-27T11:45:08.5498719Z","ServerTimestamp":"2024-04-27T11:45:08.5498741Z"},"nsu=http://opcfoundation.org/UA/Plc/Applications;s=RandomSignedInt32":{"Value":-1245599727,"SourceTimestamp":"2024-04-27T11:45:08.6423088Z","ServerTimestamp":"2024-04-27T11:45:08.6423207Z"},"nsu=http://opcfoundation.org/UA/Plc/Applications;s=RandomUnsignedInt32":{"Value":1488049788,"SourceTimestamp":"2024-04-27T11:45:08.642302Z","ServerTimestamp":"2024-04-27T11:45:08.6423399Z"},"nsu=http://opcfoundation.org/UA/Plc/Applications;s=DipData":{"Value":-12.533323356430378,"SourceTimestamp":"2024-04-27T11:45:08.6422942Z","ServerTimestamp":"2024-04-27T11:45:08.6422972Z"},"nsu=http://opcfoundation.org/UA/Plc/Applications;s=FastUIntScalar1":{"Value":40,"SourceTimestamp":"2024-04-27T11:45:08.454362Z","ServerTimestamp":"2024-04-27T11:45:08.4543633Z"}}}]}