{"MessageId":"2ce62435-7102-4adb-b297-35d3d074e90f","MessageType":"ua-data","PublisherId":"DESKTOP-BGFJS91","DataSetWriterGroup":"<<UnknownWriterGroup>>","Messages":[{"SequenceNumber":5,"MetaDataVersion":{"MajorVersion":1},"Timestamp":"2024-04-27T11:44:33.741417Z","MessageType":"ua-deltaframe","DataSetWriterName":"MES","Payload":{"nsu=http://opcfoundation.org/UA/Plc/Applications;s=StepUp":{"Value":52,"SourceTimestamp":"2024-04-27T11:44:33.6479374Z","ServerTimestamp":"2024-04-27T11:44:33.6479642Z"},"nsu=http://opcfoundation.org/UA/Plc/Applications;s=AlternatingBoolean":{"Value":false,"SourceTimestamp":"2024-04-27T11:44:33.5403848Z","ServerTimestamp":"2024-04-27T11:44:33.5404229Z"},"nsu=http://opcfoundation.org/UA/Plc/Applications;s=RandomSignedInt32":{"Value":-1753289749,"SourceTimestamp":"2024-04-27T11:44:33.6479423Z","ServerTimestamp":"2024-04-27T11:44:33.6479501Z"},"nsu=http://opcfoundation.org/UA/Plc/Applications;s=RandomUnsignedInt32":{"Value":1591035941,"SourceTimestamp":"2024-04-27T11:44:33.6479199Z","ServerTimestamp":"2024-04-27T11:44:33.6479212Z"},"nsu=http://opcfoundation.org/UA/Plc/Applications;s=DipData":{"Value":-12.533323356430378,"SourceTimestamp":"2024-04-27T11:44:33.647877Z","ServerTimestamp":"2024-04-27T11:44:33.6478814Z"},"nsu=http://opcfoundation.org/UA/Plc/Applications;s=FastUIntScalar1":{"Value":5,"SourceTimestamp":"2024-04-27T11:44:33.4484351Z","ServerTimestamp":"2024-04-27T11:44:33.4484382Z"}}}]}