{"MessageId":"9c6fca3c-1a9c-4625-a9d2-e48a30d233c8","MessageType":"ua-data","PublisherId":"DESKTOP-BGFJS91","DataSetWriterGroup":"<<UnknownWriterGroup>>","Messages":[{"DataSetWriterId":1,"SequenceNumber":39,"MetaDataVersion":{"MajorVersion":1},"Timestamp":"2024-04-27T11:45:09.817741Z","MessageType":"ua-deltaframe","DataSetWriterName":"Test","Payload":{"nsu=http://opcfoundation.org/UA/Plc/Applications;s=FastUIntScalar2":{"Value":41,"SourceTimestamp":"2024-04-27T11:45:09.4463993Z","ServerTimestamp":"2024-04-27T11:45:09.4464Z"},"nsu=http://opcfoundation.org/UA/Plc/Applications;s=FastUIntScalar3":{"Value":41,"SourceTimestamp":"2024-04-27T11:45:09.4464058Z","ServerTimestamp":"2024-04-27T11:45:09.4464064Z"},"nsu=http://opcfoundation.org/UA/Plc/Applications;s=FastRandomUIntScalar1":{"Value":4277810700,"SourceTimestamp":"2024-04-27T11:45:09.446442Z","ServerTimestamp":"2024-04-27T11:45:09.4464436Z"},"nsu=http://opcfoundation.org/UA/Plc/Applications;s=FastRandomUIntScalar2":{"Value":4004623474,"SourceTimestamp":"2024-04-27T11:45:09.4464483Z","ServerTimestamp":"2024-04-27T11:45:09.4464498Z"},"nsu=http://opcfoundation.org/UA/Plc/Applications;s=FastRandomUIntScalar3":{"Value":2425623179,"SourceTimestamp":"2024-04-27T11:45:09.4464512Z","ServerTimestamp":"2024-04-27T11:45:09.4464517Z"}}}]}