{"MessageId":"4a299d50-c76c-4cec-a275-6fd15c3b4af0","MessageType":"ua-data","PublisherId":"DESKTOP-BGFJS91","DataSetWriterGroup":"<<UnknownWriterGroup>>","Messages":[{"DataSetWriterId":1,"SequenceNumber":4,"MetaDataVersion":{"MajorVersion":1},"Timestamp":"2024-04-27T11:44:33.8041821Z","MessageType":"ua-deltaframe","DataSetWriterName":"Test","Payload":{"nsu=http://opcfoundation.org/UA/Plc/Applications;s=FastUIntScalar2":{"Value":5,"SourceTimestamp":"2024-04-27T11:44:33.4484474Z","ServerTimestamp":"2024-04-27T11:44:33.4484485Z"},"nsu=http://opcfoundation.org/UA/Plc/Applications;s=FastUIntScalar3":{"Value":5,"SourceTimestamp":"2024-04-27T11:44:33.4484496Z","ServerTimestamp":"2024-04-27T11:44:33.4484501Z"},"nsu=http://opcfoundation.org/UA/Plc/Applications;s=FastRandomUIntScalar1":{"Value":486331021,"SourceTimestamp":"2024-04-27T11:44:33.4484756Z","ServerTimestamp":"2024-04-27T11:44:33.4484785Z"},"nsu=http://opcfoundation.org/UA/Plc/Applications;s=FastRandomUIntScalar2":{"Value":602855211,"SourceTimestamp":"2024-04-27T11:44:33.448486Z","ServerTimestamp":"2024-04-27T11:44:33.4484868Z"},"nsu=http://opcfoundation.org/UA/Plc/Applications;s=FastRandomUIntScalar3":{"Value":1329795254,"SourceTimestamp":"2024-04-27T11:44:33.448488Z","ServerTimestamp":"2024-04-27T11:44:33.4484884Z"}}}]}