{"MessageId":"0d76e8b0-3e69-45f6-b0b1-73933b1fd7d4","MessageType":"ua-data","PublisherId":"DESKTOP-BGFJS91","DataSetWriterGroup":"<<UnknownWriterGroup>>","Messages":[{"SequenceNumber":42,"MetaDataVersion":{"MajorVersion":1},"Timestamp":"2024-04-27T11:45:15.7413476Z","MessageType":"ua-deltaframe","DataSetWriterName":"MES","Payload":{"nsu=http://opcfoundation.org/UA/Plc/Applications;s=StepUp":{"Value":472,"SourceTimestamp":"2024-04-27T11:45:15.6493293Z","ServerTimestamp":"2024-04-27T11:45:15.649333Z"},"nsu=http://opcfoundation.org/UA/Plc/Applications;s=RandomSignedInt32":{"Value":55995135,"SourceTimestamp":"2024-04-27T11:45:15.6493137Z","ServerTimestamp":"2024-04-27T11:45:15.6493689Z"},"nsu=http://opcfoundation.org/UA/Plc/Applications;s=RandomUnsignedInt32":{"Value":2079521903,"SourceTimestamp":"2024-04-27T11:45:15.6493064Z","ServerTimestamp":"2024-04-27T11:45:15.6493365Z"},"nsu=http://opcfoundation.org/UA/Plc/Applications;s=DipData":{"Value":-48.175367410171539,"SourceTimestamp":"2024-04-27T11:45:15.6492938Z","ServerTimestamp":"2024-04-27T11:45:15.6492977Z"},"nsu=http://opcfoundation.org/UA/Plc/Applications;s=FastUIntScalar1":{"Value":47,"SourceTimestamp":"2024-04-27T11:45:15.4470355Z","ServerTimestamp":"2024-04-27T11:45:15.4470391Z"}}}]}