{"MessageId":"923621d9-2e71-4364-8032-c96e90d498a1","MessageType":"ua-data","PublisherId":"DESKTOP-BGFJS91","DataSetWriterGroup":"<<UnknownWriterGroup>>","Messages":[{"DataSetWriterId":5,"SequenceNumber":41,"MetaDataVersion":{"MajorVersion":1},"Timestamp":"2024-04-27T11:45:15.926576Z","MessageType":"ua-deltaframe","DataSetWriterName":"Packaging","Payload":{"nsu=http://opcfoundation.org/UA/Plc/Applications;s=SpikeData":{"Value":-24.8689887164855,"SourceTimestamp":"2024-04-27T11:45:15.8482565Z","ServerTimestamp":"2024-04-27T11:45:15.8482635Z"}}}]}