{"MessageId":"9e931d0b-f6d9-473c-a7b7-71ec4d8c4d27","MessageType":"ua-data","PublisherId":"DESKTOP-BGFJS91","DataSetWriterGroup":"<<UnknownWriterGroup>>","Messages":[{"DataSetWriterId":5,"SequenceNumber":43,"MetaDataVersion":{"MajorVersion":1},"Timestamp":"2024-04-27T11:45:17.9530008Z","MessageType":"ua-deltaframe","DataSetWriterName":"Packaging","Payload":{"nsu=http://opcfoundation.org/UA/Plc/Applications;s=SpikeData":{"Value":77.051324277578928,"SourceTimestamp":"2024-04-27T11:45:17.8437985Z","ServerTimestamp":"2024-04-27T11:45:17.8438028Z"}}}]}