{"MessageId":"6033983b-800a-410b-92ab-1a7216e21032","MessageType":"ua-data","PublisherId":"DESKTOP-BGFJS91","DataSetWriterGroup":"<<UnknownWriterGroup>>","Messages":[{"DataSetWriterId":1,"SequenceNumber":49,"MetaDataVersion":{"MajorVersion":1},"Timestamp":"2024-04-27T11:45:19.8087586Z","MessageType":"ua-deltaframe","DataSetWriterName":"Test","Payload":{"nsu=http://opcfoundation.org/UA/Plc/Applications;s=FastUIntScalar2":{"Value":51,"SourceTimestamp":"2024-04-27T11:45:19.4526593Z","ServerTimestamp":"2024-04-27T11:45:19.4526603Z"},"nsu=http://opcfoundation.org/UA/Plc/Applications;s=FastUIntScalar3":{"Value":51,"SourceTimestamp":"2024-04-27T11:45:19.4526622Z","ServerTimestamp":"2024-04-27T11:45:19.4526628Z"},"nsu=http://opcfoundation.org/UA/Plc/Applications;s=FastRandomUIntScalar1":{"Value":1746848117,"SourceTimestamp":"2024-04-27T11:45:19.4526878Z","ServerTimestamp":"2024-04-27T11:45:19.452689Z"},"nsu=http://opcfoundation.org/UA/Plc/Applications;s=FastRandomUIntScalar2":{"Value":1578440279,"SourceTimestamp":"2024-04-27T11:45:19.4526905Z","ServerTimestamp":"2024-04-27T11:45:19.452704Z"},"nsu=http://opcfoundation.org/UA/Plc/Applications;s=FastRandomUIntScalar3":{"Value":2056560299,"SourceTimestamp":"2024-04-27T11:45:19.4527057Z","ServerTimestamp":"2024-04-27T11:45:19.4527062Z"}}}]}