{"MessageId":"8257c54a-4f35-4210-96f6-a5e8c5e0b1b8","MessageType":"ua-data","PublisherId":"DESKTOP-BGFJS91","DataSetWriterGroup":"<<UnknownWriterGroup>>","Messages":[{"DataSetWriterId":3,"SequenceNumber":5,"MetaDataVersion":{"MajorVersion":1},"Timestamp":"2024-04-27T11:45:19.8698894Z","MessageType":"ua-deltaframe","DataSetWriterName":"Assembly","Payload":{"nsu=http://opcfoundation.org/UA/Plc/Applications;s=SlowUIntScalar1":{"Value":5,"SourceTimestamp":"2024-04-27T11:45:18.449138Z","ServerTimestamp":"2024-04-27T11:45:18.4491624Z"},"nsu=http://opcfoundation.org/UA/Plc/Applications;s=SlowUIntScalar2":{"Value":5,"SourceTimestamp":"2024-04-27T11:45:18.449178Z","ServerTimestamp":"2024-04-27T11:45:18.4491793Z"},"nsu=http://opcfoundation.org/UA/Plc/Applications;s=SlowUIntScalar3":{"Value":5,"SourceTimestamp":"2024-04-27T11:45:18.4491815Z","ServerTimestamp":"2024-04-27T11:45:18.4491826Z"},"nsu=http://opcfoundation.org/UA/Plc/Applications;s=BadSlowUIntScalar1":{"Value":5,"SourceTimestamp":"2024-04-27T11:45:18.449185Z","ServerTimestamp":"2024-04-27T11:45:18.4491859Z"}}}]}