{"MessageId":"3b338a9e-9f02-4932-beeb-a4a6555418cd","MessageType":"ua-data","PublisherId":"DESKTOP-BGFJS91","DataSetWriterGroup":"<<UnknownWriterGroup>>","Messages":[{"DataSetWriterId":4,"SequenceNumber":5,"MetaDataVersion":{"MajorVersion":1},"Timestamp":"2024-04-27T11:45:19.8699508Z","MessageType":"ua-deltaframe","DataSetWriterName":"Packaging","Payload":{"nsu=http://opcfoundation.org/UA/Plc/Applications;s=SlowRandomUIntScalar1":{"Value":3947586288,"SourceTimestamp":"2024-04-27T11:45:18.4492464Z","ServerTimestamp":"2024-04-27T11:45:18.4492753Z"},"nsu=http://opcfoundation.org/UA/Plc/Applications;s=SlowRandomUIntScalar2":{"Value":1501910409,"SourceTimestamp":"2024-04-27T11:45:18.4492777Z","ServerTimestamp":"2024-04-27T11:45:18.4492829Z"},"nsu=http://opcfoundation.org/UA/Plc/Applications;s=SlowRandomUIntScalar3":{"Value":2057607682,"SourceTimestamp":"2024-04-27T11:45:18.4492854Z","ServerTimestamp":"2024-04-27T11:45:18.4492874Z"},"nsu=http://opcfoundation.org/UA/Plc/Applications;s=BadSlowRandomUIntScalar1":{"Value":3973956392,"SourceTimestamp":"2024-04-27T11:45:18.4493141Z","ServerTimestamp":"2024-04-27T11:45:18.4493156Z"}}}]}