{"MessageId":"e650cc6e-1d5f-4f33-9cf2-b69ee308a199","MessageType":"ua-data","PublisherId":"DESKTOP-BGFJS91","DataSetWriterGroup":"<<UnknownWriterGroup>>","Messages":[{"SequenceNumber":46,"MetaDataVersion":{"MajorVersion":1},"Timestamp":"2024-04-27T11:45:20.7413959Z","MessageType":"ua-deltaframe","DataSetWriterName":"MES","Payload":{"nsu=http://opcfoundation.org/UA/Plc/Applications;s=StepUp":{"Value":522,"SourceTimestamp":"2024-04-27T11:45:20.6492803Z","ServerTimestamp":"2024-04-27T11:45:20.6492822Z"},"nsu=http://opcfoundation.org/UA/Plc/Applications;s=RandomSignedInt32":{"Value":-2037066363,"SourceTimestamp":"2024-04-27T11:45:20.6492615Z","ServerTimestamp":"2024-04-27T11:45:20.649267Z"},"nsu=http://opcfoundation.org/UA/Plc/Applications;s=RandomUnsignedInt32":{"Value":1153512777,"SourceTimestamp":"2024-04-27T11:45:20.6492666Z","ServerTimestamp":"2024-04-27T11:45:20.6492768Z"},"nsu=http://opcfoundation.org/UA/Plc/Applications;s=DipData":{"Value":-48.175367410171539,"SourceTimestamp":"2024-04-27T11:45:20.6492462Z","ServerTimestamp":"2024-04-27T11:45:20.6492494Z"},"nsu=http://opcfoundation.org/UA/Plc/Applications;s=FastUIntScalar1":{"Value":52,"SourceTimestamp":"2024-04-27T11:45:20.4459192Z","ServerTimestamp":"2024-04-27T11:45:20.4459213Z"}}}]}