{"MessageId":"abd8f701-c498-4750-ae92-308f5e26df81","MessageType":"ua-data","PublisherId":"DESKTOP-BGFJS91","DataSetWriterGroup":"<<UnknownWriterGroup>>","Messages":[{"DataSetWriterId":5,"SequenceNumber":5,"MetaDataVersion":{"MajorVersion":1},"Timestamp":"2024-04-27T11:44:34.9215325Z","MessageType":"ua-deltaframe","DataSetWriterName":"Packaging","Payload":{"nsu=http://opcfoundation.org/UA/Plc/Applications;s=SpikeData":{"Value":-99.80267284282715,"SourceTimestamp":"2024-04-27T11:44:34.750301Z","ServerTimestamp":"2024-04-27T11:44:34.7503027Z"}}}]}