{"MessageId":"eb8c7212-1a1b-4a41-9df5-bb3d7263aa89","MessageType":"ua-data","PublisherId":"DESKTOP-BGFJS91","DataSetWriterGroup":"<<UnknownWriterGroup>>","Messages":[{"SequenceNumber":50,"MetaDataVersion":{"MajorVersion":1},"Timestamp":"2024-04-27T11:45:25.6939386Z","MessageType":"ua-deltaframe","DataSetWriterName":"MES","Payload":{"nsu=http://opcfoundation.org/UA/Plc/Applications;s=StepUp":{"Value":572,"SourceTimestamp":"2024-04-27T11:45:25.6469682Z","ServerTimestamp":"2024-04-27T11:45:25.6469716Z"},"nsu=http://opcfoundation.org/UA/Plc/Applications;s=RandomSignedInt32":{"Value":1422682577,"SourceTimestamp":"2024-04-27T11:45:25.6469433Z","ServerTimestamp":"2024-04-27T11:45:25.6469443Z"},"nsu=http://opcfoundation.org/UA/Plc/Applications;s=RandomUnsignedInt32":{"Value":615720745,"SourceTimestamp":"2024-04-27T11:45:25.6469339Z","ServerTimestamp":"2024-04-27T11:45:25.6469356Z"},"nsu=http://opcfoundation.org/UA/Plc/Applications;s=DipData":{"Value":-48.175367410171539,"SourceTimestamp":"2024-04-27T11:45:25.6469092Z","ServerTimestamp":"2024-04-27T11:45:25.6469121Z"},"nsu=http://opcfoundation.org/UA/Plc/Applications;s=FastUIntScalar1":{"Value":57,"SourceTimestamp":"2024-04-27T11:45:25.4438875Z","ServerTimestamp":"2024-04-27T11:45:25.443892Z"}}}]}