{"MessageId":"fb1cb3f6-c7ee-469e-8ff7-509f4b81918f","MessageType":"ua-data","PublisherId":"DESKTOP-BGFJS91","DataSetWriterGroup":"<<UnknownWriterGroup>>","Messages":[{"SequenceNumber":51,"MetaDataVersion":{"MajorVersion":1},"Timestamp":"2024-04-27T11:45:26.7471127Z","MessageType":"ua-deltaframe","DataSetWriterName":"MES","Payload":{"nsu=http://opcfoundation.org/UA/Plc/Applications;s=StepUp":{"Value":582,"SourceTimestamp":"2024-04-27T11:45:26.6525572Z","ServerTimestamp":"2024-04-27T11:45:26.652561Z"},"nsu=http://opcfoundation.org/UA/Plc/Applications;s=RandomSignedInt32":{"Value":255022744,"SourceTimestamp":"2024-04-27T11:45:26.6525556Z","ServerTimestamp":"2024-04-27T11:45:26.6525734Z"},"nsu=http://opcfoundation.org/UA/Plc/Applications;s=RandomUnsignedInt32":{"Value":1852246631,"SourceTimestamp":"2024-04-27T11:45:26.65255Z","ServerTimestamp":"2024-04-27T11:45:26.6525531Z"},"nsu=http://opcfoundation.org/UA/Plc/Applications;s=DipData":{"Value":68.45471059286885,"SourceTimestamp":"2024-04-27T11:45:26.6525365Z","ServerTimestamp":"2024-04-27T11:45:26.6525464Z"},"nsu=http://opcfoundation.org/UA/Plc/Applications;s=FastUIntScalar1":{"Value":58,"SourceTimestamp":"2024-04-27T11:45:26.4506963Z","ServerTimestamp":"2024-04-27T11:45:26.4506998Z"}}}]}