{"MessageId":"1f131298-18e3-4f12-9dc7-b6886f2277c6","MessageType":"ua-data","PublisherId":"DESKTOP-BGFJS91","DataSetWriterGroup":"<<UnknownWriterGroup>>","Messages":[{"SequenceNumber":52,"MetaDataVersion":{"MajorVersion":1},"Timestamp":"2024-04-27T11:45:27.7504725Z","MessageType":"ua-deltaframe","DataSetWriterName":"MES","Payload":{"nsu=http://opcfoundation.org/UA/Plc/Applications;s=StepUp":{"Value":592,"SourceTimestamp":"2024-04-27T11:45:27.6561055Z","ServerTimestamp":"2024-04-27T11:45:27.656106Z"},"nsu=http://opcfoundation.org/UA/Plc/Applications;s=RandomSignedInt32":{"Value":233439257,"SourceTimestamp":"2024-04-27T11:45:27.6560974Z","ServerTimestamp":"2024-04-27T11:45:27.6560981Z"},"nsu=http://opcfoundation.org/UA/Plc/Applications;s=RandomUnsignedInt32":{"Value":1538824944,"SourceTimestamp":"2024-04-27T11:45:27.7499373Z","ServerTimestamp":"2024-04-27T11:45:27.7499404Z"},"nsu=http://opcfoundation.org/UA/Plc/Applications;s=DipData":{"Value":84.432792550201512,"SourceTimestamp":"2024-04-27T11:45:27.7499196Z","ServerTimestamp":"2024-04-27T11:45:27.7499223Z"},"nsu=http://opcfoundation.org/UA/Plc/Applications;s=FastUIntScalar1":{"Value":59,"SourceTimestamp":"2024-04-27T11:45:27.4535466Z","ServerTimestamp":"2024-04-27T11:45:27.4535496Z"}}}]}