{"MessageId":"bbc92228-18a0-461f-b953-0e43227a3927","MessageType":"ua-data","PublisherId":"DESKTOP-BGFJS91","DataSetWriterGroup":"<<UnknownWriterGroup>>","Messages":[{"SequenceNumber":53,"MetaDataVersion":{"MajorVersion":1},"Timestamp":"2024-04-27T11:45:28.750249Z","MessageType":"ua-deltaframe","DataSetWriterName":"MES","Payload":{"nsu=http://opcfoundation.org/UA/Plc/Applications;s=StepUp":{"Value":602,"SourceTimestamp":"2024-04-27T11:45:28.6419145Z","ServerTimestamp":"2024-04-27T11:45:28.6419158Z"},"nsu=http://opcfoundation.org/UA/Plc/Applications;s=AlternatingBoolean":{"Value":true,"SourceTimestamp":"2024-04-27T11:45:28.5494001Z","ServerTimestamp":"2024-04-27T11:45:28.5494011Z"},"nsu=http://opcfoundation.org/UA/Plc/Applications;s=RandomSignedInt32":{"Value":-1518777020,"SourceTimestamp":"2024-04-27T11:45:28.6419139Z","ServerTimestamp":"2024-04-27T11:45:28.6419212Z"},"nsu=http://opcfoundation.org/UA/Plc/Applications;s=RandomUnsignedInt32":{"Value":456312834,"SourceTimestamp":"2024-04-27T11:45:28.6418852Z","ServerTimestamp":"2024-04-27T11:45:28.6419414Z"},"nsu=http://opcfoundation.org/UA/Plc/Applications;s=DipData":{"Value":-24.86898871648545,"SourceTimestamp":"2024-04-27T11:45:28.7495221Z","ServerTimestamp":"2024-04-27T11:45:28.7495269Z"},"nsu=http://opcfoundation.org/UA/Plc/Applications;s=FastUIntScalar1":{"Value":60,"SourceTimestamp":"2024-04-27T11:45:28.4547794Z","ServerTimestamp":"2024-04-27T11:45:28.4547801Z"}}}]}