{"MessageId":"99068288-c299-4b12-81fc-46d741134a77","MessageType":"ua-data","PublisherId":"DESKTOP-BGFJS91","DataSetWriterGroup":"<<UnknownWriterGroup>>","Messages":[{"DataSetWriterId":1,"SequenceNumber":57,"MetaDataVersion":{"MajorVersion":1},"Timestamp":"2024-04-27T11:45:28.8115102Z","MessageType":"ua-deltaframe","DataSetWriterName":"Test","Payload":{"nsu=http://opcfoundation.org/UA/Plc/Applications;s=FastUIntScalar2":{"Value":60,"SourceTimestamp":"2024-04-27T11:45:28.4548757Z","ServerTimestamp":"2024-04-27T11:45:28.4548775Z"},"nsu=http://opcfoundation.org/UA/Plc/Applications;s=FastUIntScalar3":{"Value":60,"SourceTimestamp":"2024-04-27T11:45:28.4548811Z","ServerTimestamp":"2024-04-27T11:45:28.4548834Z"},"nsu=http://opcfoundation.org/UA/Plc/Applications;s=FastRandomUIntScalar1":{"Value":2000109247,"SourceTimestamp":"2024-04-27T11:45:28.4547793Z","ServerTimestamp":"2024-04-27T11:45:28.4548109Z"},"nsu=http://opcfoundation.org/UA/Plc/Applications;s=FastRandomUIntScalar2":{"Value":2027011007,"SourceTimestamp":"2024-04-27T11:45:28.4548205Z","ServerTimestamp":"2024-04-27T11:45:28.4548233Z"},"nsu=http://opcfoundation.org/UA/Plc/Applications;s=FastRandomUIntScalar3":{"Value":3942300194,"SourceTimestamp":"2024-04-27T11:45:28.4548314Z","ServerTimestamp":"2024-04-27T11:45:28.454832Z"}}}]}