{"MessageId":"9440bc92-4154-41b6-8aa8-75f2a26432ee","MessageType":"ua-data","PublisherId":"DESKTOP-BGFJS91","DataSetWriterGroup":"<<UnknownWriterGroup>>","Messages":[{"DataSetWriterId":5,"SequenceNumber":53,"MetaDataVersion":{"MajorVersion":1},"Timestamp":"2024-04-27T11:45:28.9361054Z","MessageType":"ua-deltaframe","DataSetWriterName":"Packaging","Payload":{"nsu=http://opcfoundation.org/UA/Plc/Applications;s=SpikeData":{"Value":-36.812455268467787,"SourceTimestamp":"2024-04-27T11:45:28.8415502Z","ServerTimestamp":"2024-04-27T11:45:28.8415835Z"}}}]}