{"MessageId":"ec45d1af-0356-4b1d-aa6e-f05df24865fb","MessageType":"ua-data","PublisherId":"DESKTOP-BGFJS91","DataSetWriterGroup":"<<UnknownWriterGroup>>","Messages":[{"DataSetWriterId":1,"SequenceNumber":58,"MetaDataVersion":{"MajorVersion":1},"Timestamp":"2024-04-27T11:45:29.8088028Z","MessageType":"ua-deltaframe","DataSetWriterName":"Test","Payload":{"nsu=http://opcfoundation.org/UA/Plc/Applications;s=FastUIntScalar2":{"Value":61,"SourceTimestamp":"2024-04-27T11:45:29.4508573Z","ServerTimestamp":"2024-04-27T11:45:29.4508582Z"},"nsu=http://opcfoundation.org/UA/Plc/Applications;s=FastUIntScalar3":{"Value":61,"SourceTimestamp":"2024-04-27T11:45:29.4508595Z","ServerTimestamp":"2024-04-27T11:45:29.4508602Z"},"nsu=http://opcfoundation.org/UA/Plc/Applications;s=FastRandomUIntScalar1":{"Value":4241294855,"SourceTimestamp":"2024-04-27T11:45:29.4509022Z","ServerTimestamp":"2024-04-27T11:45:29.4509038Z"},"nsu=http://opcfoundation.org/UA/Plc/Applications;s=FastRandomUIntScalar2":{"Value":803599200,"SourceTimestamp":"2024-04-27T11:45:29.4509084Z","ServerTimestamp":"2024-04-27T11:45:29.450909Z"},"nsu=http://opcfoundation.org/UA/Plc/Applications;s=FastRandomUIntScalar3":{"Value":3111244515,"SourceTimestamp":"2024-04-27T11:45:29.4509101Z","ServerTimestamp":"2024-04-27T11:45:29.4509149Z"}}}]}