{"MessageId":"714da8b1-ee4d-402e-a050-8446f3089875","MessageType":"ua-data","PublisherId":"DESKTOP-BGFJS91","DataSetWriterGroup":"<<UnknownWriterGroup>>","Messages":[{"DataSetWriterId":4,"SequenceNumber":6,"MetaDataVersion":{"MajorVersion":1},"Timestamp":"2024-04-27T11:45:29.8700675Z","MessageType":"ua-deltaframe","DataSetWriterName":"Packaging","Payload":{"nsu=http://opcfoundation.org/UA/Plc/Applications;s=SlowRandomUIntScalar1":{"Value":2665602132,"SourceTimestamp":"2024-04-27T11:45:28.4547707Z","ServerTimestamp":"2024-04-27T11:45:28.4547751Z"},"nsu=http://opcfoundation.org/UA/Plc/Applications;s=SlowRandomUIntScalar2":{"Value":2241861347,"SourceTimestamp":"2024-04-27T11:45:28.4547821Z","ServerTimestamp":"2024-04-27T11:45:28.4548217Z"},"nsu=http://opcfoundation.org/UA/Plc/Applications;s=SlowRandomUIntScalar3":{"Value":444308378,"SourceTimestamp":"2024-04-27T11:45:28.4548235Z","ServerTimestamp":"2024-04-27T11:45:28.454831Z"},"nsu=http://opcfoundation.org/UA/Plc/Applications;s=BadSlowRandomUIntScalar1":{"Value":1141365456,"SourceTimestamp":"2024-04-27T11:45:28.4548364Z","ServerTimestamp":"2024-04-27T11:45:28.454837Z"}}}]}