{"MessageId":"d2b27387-3278-4cc6-8ae4-4db5e7be983c","MessageType":"ua-data","PublisherId":"DESKTOP-BGFJS91","DataSetWriterGroup":"<<UnknownWriterGroup>>","Messages":[{"SequenceNumber":56,"MetaDataVersion":{"MajorVersion":1},"Timestamp":"2024-04-27T11:45:31.7353607Z","MessageType":"ua-deltaframe","DataSetWriterName":"MES","Payload":{"nsu=http://opcfoundation.org/UA/Plc/Applications;s=StepUp":{"Value":632,"SourceTimestamp":"2024-04-27T11:45:31.643289Z","ServerTimestamp":"2024-04-27T11:45:31.6433024Z"},"nsu=http://opcfoundation.org/UA/Plc/Applications;s=RandomSignedInt32":{"Value":-2042488581,"SourceTimestamp":"2024-04-27T11:45:31.6432577Z","ServerTimestamp":"2024-04-27T11:45:31.6432818Z"},"nsu=http://opcfoundation.org/UA/Plc/Applications;s=RandomUnsignedInt32":{"Value":1977524373,"SourceTimestamp":"2024-04-27T11:45:31.6432488Z","ServerTimestamp":"2024-04-27T11:45:31.6432509Z"},"nsu=http://opcfoundation.org/UA/Plc/Applications;s=DipData":{"Value":68.45471059286885,"SourceTimestamp":"2024-04-27T11:45:31.643213Z","ServerTimestamp":"2024-04-27T11:45:31.6432185Z"},"nsu=http://opcfoundation.org/UA/Plc/Applications;s=FastUIntScalar1":{"Value":63,"SourceTimestamp":"2024-04-27T11:45:31.4415794Z","ServerTimestamp":"2024-04-27T11:45:31.4415815Z"}}}]}