{"MessageId":"8c404c08-7268-47a5-b37d-87d68e003aee","MessageType":"ua-data","PublisherId":"DESKTOP-BGFJS91","DataSetWriterGroup":"<<UnknownWriterGroup>>","Messages":[{"SequenceNumber":57,"MetaDataVersion":{"MajorVersion":1},"Timestamp":"2024-04-27T11:45:32.7307549Z","MessageType":"ua-deltaframe","DataSetWriterName":"MES","Payload":{"nsu=http://opcfoundation.org/UA/Plc/Applications;s=StepUp":{"Value":642,"SourceTimestamp":"2024-04-27T11:45:32.6542597Z","ServerTimestamp":"2024-04-27T11:45:32.6542606Z"},"nsu=http://opcfoundation.org/UA/Plc/Applications;s=RandomSignedInt32":{"Value":907874295,"SourceTimestamp":"2024-04-27T11:45:32.6542635Z","ServerTimestamp":"2024-04-27T11:45:32.6542672Z"},"nsu=http://opcfoundation.org/UA/Plc/Applications;s=RandomUnsignedInt32":{"Value":1213724377,"SourceTimestamp":"2024-04-27T11:45:32.6542433Z","ServerTimestamp":"2024-04-27T11:45:32.6542447Z"},"nsu=http://opcfoundation.org/UA/Plc/Applications;s=DipData":{"Value":90.482705246601952,"SourceTimestamp":"2024-04-27T11:45:32.6542049Z","ServerTimestamp":"2024-04-27T11:45:32.6542094Z"},"nsu=http://opcfoundation.org/UA/Plc/Applications;s=FastUIntScalar1":{"Value":64,"SourceTimestamp":"2024-04-27T11:45:32.451905Z","ServerTimestamp":"2024-04-27T11:45:32.4519096Z"}}}]}