{"MessageId":"c58104fe-21ea-431d-ab5c-8ac57d090bc5","MessageType":"ua-data","PublisherId":"DESKTOP-BGFJS91","DataSetWriterGroup":"<<UnknownWriterGroup>>","Messages":[{"SequenceNumber":58,"MetaDataVersion":{"MajorVersion":1},"Timestamp":"2024-04-27T11:45:33.7207097Z","MessageType":"ua-deltaframe","DataSetWriterName":"MES","Payload":{"nsu=http://opcfoundation.org/UA/Plc/Applications;s=StepUp":{"Value":652,"SourceTimestamp":"2024-04-27T11:45:33.6440321Z","ServerTimestamp":"2024-04-27T11:45:33.6440327Z"},"nsu=http://opcfoundation.org/UA/Plc/Applications;s=AlternatingBoolean":{"Value":false,"SourceTimestamp":"2024-04-27T11:45:33.55063Z","ServerTimestamp":"2024-04-27T11:45:33.5506309Z"},"nsu=http://opcfoundation.org/UA/Plc/Applications;s=RandomSignedInt32":{"Value":199340382,"SourceTimestamp":"2024-04-27T11:45:33.6440345Z","ServerTimestamp":"2024-04-27T11:45:33.644036Z"},"nsu=http://opcfoundation.org/UA/Plc/Applications;s=RandomUnsignedInt32":{"Value":1964489129,"SourceTimestamp":"2024-04-27T11:45:33.6440141Z","ServerTimestamp":"2024-04-27T11:45:33.6440767Z"},"nsu=http://opcfoundation.org/UA/Plc/Applications;s=DipData":{"Value":-12.533323356430378,"SourceTimestamp":"2024-04-27T11:45:33.6439852Z","ServerTimestamp":"2024-04-27T11:45:33.6440427Z"},"nsu=http://opcfoundation.org/UA/Plc/Applications;s=FastUIntScalar1":{"Value":65,"SourceTimestamp":"2024-04-27T11:45:33.4420364Z","ServerTimestamp":"2024-04-27T11:45:33.4420398Z"}}}]}