{"MessageId":"8897960d-284d-4ef3-876c-22f8431e0977","MessageType":"ua-data","PublisherId":"DESKTOP-BGFJS91","DataSetWriterGroup":"<<UnknownWriterGroup>>","Messages":[{"DataSetWriterId":2,"SequenceNumber":10,"MetaDataVersion":{"MajorVersion":1},"Timestamp":"2024-04-27T11:45:33.7835287Z","MessageType":"ua-deltaframe","DataSetWriterName":"Assembly","Payload":{"nsu=http://opcfoundation.org/UA/Plc/Applications;s=NegativeTrendData":{"Value":99.099999999999994,"SourceTimestamp":"2024-04-27T11:45:33.5506186Z","ServerTimestamp":"2024-04-27T11:45:33.5506507Z"},"nsu=http://opcfoundation.org/UA/Plc/Applications;s=PositiveTrendData":{"Value":100.40000000000001,"SourceTimestamp":"2024-04-27T11:45:33.5506139Z","ServerTimestamp":"2024-04-27T11:45:33.5506222Z"}}}]}