{"MessageId":"08d25e6d-e730-4ae8-b3d9-b3762b2feda2","MessageType":"ua-data","PublisherId":"DESKTOP-BGFJS91","DataSetWriterGroup":"<<UnknownWriterGroup>>","Messages":[{"SequenceNumber":2,"MetaDataVersion":{"MajorVersion":1},"Timestamp":"2024-04-27T11:44:30.7058162Z","MessageType":"ua-deltaframe","DataSetWriterName":"MES","Payload":{"nsu=http://opcfoundation.org/UA/Plc/Applications;s=StepUp":{"Value":22,"SourceTimestamp":"2024-04-27T11:44:30.6423767Z","ServerTimestamp":"2024-04-27T11:44:30.6424133Z"},"nsu=http://opcfoundation.org/UA/Plc/Applications;s=AlternatingBoolean":{"Value":true,"SourceTimestamp":"2024-04-27T11:44:29.6414579Z","ServerTimestamp":"2024-04-27T11:44:29.7081936Z"},"nsu=http://opcfoundation.org/UA/Plc/Applications;s=RandomSignedInt32":{"Value":1441708292,"SourceTimestamp":"2024-04-27T11:44:30.6423771Z","ServerTimestamp":"2024-04-27T11:44:30.6423888Z"},"nsu=http://opcfoundation.org/UA/Plc/Applications;s=RandomUnsignedInt32":{"Value":1589751263,"SourceTimestamp":"2024-04-27T11:44:30.6423755Z","ServerTimestamp":"2024-04-27T11:44:30.6423775Z"},"nsu=http://opcfoundation.org/UA/Plc/Applications;s=DipData":{"Value":-48.175367410171539,"SourceTimestamp":"2024-04-27T11:44:30.6423261Z","ServerTimestamp":"2024-04-27T11:44:30.6423309Z"},"nsu=http://opcfoundation.org/UA/Plc/Applications;s=FastUIntScalar1":{"Value":2,"SourceTimestamp":"2024-04-27T11:44:30.4422517Z","ServerTimestamp":"2024-04-27T11:44:30.4422562Z"}}}]}