{"MessageId":"65a88c8a-f6ab-4b95-b35f-56a0fcc965e6","MessageType":"ua-data","PublisherId":"DESKTOP-BGFJS91","DataSetWriterGroup":"<<UnknownWriterGroup>>","Messages":[{"DataSetWriterId":1,"SequenceNumber":63,"MetaDataVersion":{"MajorVersion":1},"Timestamp":"2024-04-27T11:45:34.7686397Z","MessageType":"ua-deltaframe","DataSetWriterName":"Test","Payload":{"nsu=http://opcfoundation.org/UA/Plc/Applications;s=FastUIntScalar2":{"Value":66,"SourceTimestamp":"2024-04-27T11:45:34.4437553Z","ServerTimestamp":"2024-04-27T11:45:34.443756Z"},"nsu=http://opcfoundation.org/UA/Plc/Applications;s=FastUIntScalar3":{"Value":66,"SourceTimestamp":"2024-04-27T11:45:34.443758Z","ServerTimestamp":"2024-04-27T11:45:34.4437584Z"},"nsu=http://opcfoundation.org/UA/Plc/Applications;s=FastRandomUIntScalar1":{"Value":3280965624,"SourceTimestamp":"2024-04-27T11:45:34.4438299Z","ServerTimestamp":"2024-04-27T11:45:34.4438307Z"},"nsu=http://opcfoundation.org/UA/Plc/Applications;s=FastRandomUIntScalar2":{"Value":2027499223,"SourceTimestamp":"2024-04-27T11:45:34.4438331Z","ServerTimestamp":"2024-04-27T11:45:34.4438337Z"},"nsu=http://opcfoundation.org/UA/Plc/Applications;s=FastRandomUIntScalar3":{"Value":645109858,"SourceTimestamp":"2024-04-27T11:45:34.4438347Z","ServerTimestamp":"2024-04-27T11:45:34.4438353Z"}}}]}