{"MessageId":"d1cadd16-e5c4-437f-ac57-f3d7dda848c2","MessageType":"ua-data","PublisherId":"DESKTOP-BGFJS91","DataSetWriterGroup":"<<UnknownWriterGroup>>","Messages":[{"SequenceNumber":59,"MetaDataVersion":{"MajorVersion":1},"Timestamp":"2024-04-27T11:45:35.6986341Z","MessageType":"ua-deltaframe","DataSetWriterName":"MES","Payload":{"nsu=http://opcfoundation.org/UA/Plc/Applications;s=StepUp":{"Value":672,"SourceTimestamp":"2024-04-27T11:45:35.65189Z","ServerTimestamp":"2024-04-27T11:45:35.6518925Z"},"nsu=http://opcfoundation.org/UA/Plc/Applications;s=RandomSignedInt32":{"Value":567717099,"SourceTimestamp":"2024-04-27T11:45:35.651861Z","ServerTimestamp":"2024-04-27T11:45:35.651862Z"},"nsu=http://opcfoundation.org/UA/Plc/Applications;s=RandomUnsignedInt32":{"Value":366399386,"SourceTimestamp":"2024-04-27T11:45:35.6518678Z","ServerTimestamp":"2024-04-27T11:45:35.6518731Z"},"nsu=http://opcfoundation.org/UA/Plc/Applications;s=DipData":{"Value":-48.175367410171539,"SourceTimestamp":"2024-04-27T11:45:35.651817Z","ServerTimestamp":"2024-04-27T11:45:35.6518213Z"},"nsu=http://opcfoundation.org/UA/Plc/Applications;s=FastUIntScalar1":{"Value":67,"SourceTimestamp":"2024-04-27T11:45:35.451166Z","ServerTimestamp":"2024-04-27T11:45:35.4511685Z"}}}]}