{"MessageId":"c95ad4d1-8a4f-42b5-a118-4b594fd0a056","MessageType":"ua-data","PublisherId":"DESKTOP-BGFJS91","DataSetWriterGroup":"<<UnknownWriterGroup>>","Messages":[{"DataSetWriterId":5,"SequenceNumber":59,"MetaDataVersion":{"MajorVersion":1},"Timestamp":"2024-04-27T11:45:35.947227Z","MessageType":"ua-deltaframe","DataSetWriterName":"Packaging","Payload":{"nsu=http://opcfoundation.org/UA/Plc/Applications;s=SpikeData":{"Value":-24.8689887164855,"SourceTimestamp":"2024-04-27T11:45:35.854006Z","ServerTimestamp":"2024-04-27T11:45:35.8540091Z"}}}]}