{"MessageId":"c5a7fc48-e6ec-45df-926a-b566c1d45136","MessageType":"ua-data","PublisherId":"DESKTOP-BGFJS91","DataSetWriterGroup":"<<UnknownWriterGroup>>","Messages":[{"SequenceNumber":60,"MetaDataVersion":{"MajorVersion":1},"Timestamp":"2024-04-27T11:45:36.7189448Z","MessageType":"ua-deltaframe","DataSetWriterName":"MES","Payload":{"nsu=http://opcfoundation.org/UA/Plc/Applications;s=StepUp":{"Value":682,"SourceTimestamp":"2024-04-27T11:45:36.6411781Z","ServerTimestamp":"2024-04-27T11:45:36.6411815Z"},"nsu=http://opcfoundation.org/UA/Plc/Applications;s=RandomSignedInt32":{"Value":-1086528677,"SourceTimestamp":"2024-04-27T11:45:36.6412086Z","ServerTimestamp":"2024-04-27T11:45:36.6412552Z"},"nsu=http://opcfoundation.org/UA/Plc/Applications;s=RandomUnsignedInt32":{"Value":853727001,"SourceTimestamp":"2024-04-27T11:45:36.6412199Z","ServerTimestamp":"2024-04-27T11:45:36.6412218Z"},"nsu=http://opcfoundation.org/UA/Plc/Applications;s=DipData":{"Value":68.45471059286885,"SourceTimestamp":"2024-04-27T11:45:36.6412233Z","ServerTimestamp":"2024-04-27T11:45:36.6412269Z"},"nsu=http://opcfoundation.org/UA/Plc/Applications;s=FastUIntScalar1":{"Value":68,"SourceTimestamp":"2024-04-27T11:45:36.4533004Z","ServerTimestamp":"2024-04-27T11:45:36.4533038Z"}}}]}