{"MessageId":"8a6b5ff9-96c4-452f-b3f5-d7c9d2d07f01","MessageType":"ua-data","PublisherId":"DESKTOP-BGFJS91","DataSetWriterGroup":"<<UnknownWriterGroup>>","Messages":[{"SequenceNumber":8,"MetaDataVersion":{"MajorVersion":1},"Timestamp":"2024-04-27T11:44:36.7162348Z","MessageType":"ua-deltaframe","DataSetWriterName":"MES","Payload":{"nsu=http://opcfoundation.org/UA/Plc/Applications;s=StepUp":{"Value":82,"SourceTimestamp":"2024-04-27T11:44:36.6546023Z","ServerTimestamp":"2024-04-27T11:44:36.6546065Z"},"nsu=http://opcfoundation.org/UA/Plc/Applications;s=RandomSignedInt32":{"Value":-68681395,"SourceTimestamp":"2024-04-27T11:44:36.6546026Z","ServerTimestamp":"2024-04-27T11:44:36.6546087Z"},"nsu=http://opcfoundation.org/UA/Plc/Applications;s=RandomUnsignedInt32":{"Value":1295970406,"SourceTimestamp":"2024-04-27T11:44:36.6545969Z","ServerTimestamp":"2024-04-27T11:44:36.6546007Z"},"nsu=http://opcfoundation.org/UA/Plc/Applications;s=DipData":{"Value":68.45471059286885,"SourceTimestamp":"2024-04-27T11:44:36.6545922Z","ServerTimestamp":"2024-04-27T11:44:36.6545951Z"},"nsu=http://opcfoundation.org/UA/Plc/Applications;s=FastUIntScalar1":{"Value":8,"SourceTimestamp":"2024-04-27T11:44:36.4523358Z","ServerTimestamp":"2024-04-27T11:44:36.452338Z"}}}]}