{"MessageId":"8370aa23-6ef0-4491-a779-c5118baab71c","MessageType":"ua-data","PublisherId":"DESKTOP-BGFJS91","DataSetWriterGroup":"<<UnknownWriterGroup>>","Messages":[{"DataSetWriterId":1,"SequenceNumber":66,"MetaDataVersion":{"MajorVersion":1},"Timestamp":"2024-04-27T11:45:38.7928368Z","MessageType":"ua-deltaframe","DataSetWriterName":"Test","Payload":{"nsu=http://opcfoundation.org/UA/Plc/Applications;s=FastUIntScalar2":{"Value":70,"SourceTimestamp":"2024-04-27T11:45:38.4486778Z","ServerTimestamp":"2024-04-27T11:45:38.4486792Z"},"nsu=http://opcfoundation.org/UA/Plc/Applications;s=FastUIntScalar3":{"Value":70,"SourceTimestamp":"2024-04-27T11:45:38.4486807Z","ServerTimestamp":"2024-04-27T11:45:38.4486812Z"},"nsu=http://opcfoundation.org/UA/Plc/Applications;s=FastRandomUIntScalar1":{"Value":4282883104,"SourceTimestamp":"2024-04-27T11:45:38.448614Z","ServerTimestamp":"2024-04-27T11:45:38.4486221Z"},"nsu=http://opcfoundation.org/UA/Plc/Applications;s=FastRandomUIntScalar2":{"Value":3320091259,"SourceTimestamp":"2024-04-27T11:45:38.4486265Z","ServerTimestamp":"2024-04-27T11:45:38.448627Z"},"nsu=http://opcfoundation.org/UA/Plc/Applications;s=FastRandomUIntScalar3":{"Value":3681411974,"SourceTimestamp":"2024-04-27T11:45:38.4486282Z","ServerTimestamp":"2024-04-27T11:45:38.4486286Z"}}}]}