{"MessageId":"c5f60665-04dd-4394-85d3-b5372d5e7640","MessageType":"ua-data","PublisherId":"DESKTOP-BGFJS91","DataSetWriterGroup":"<<UnknownWriterGroup>>","Messages":[{"DataSetWriterId":5,"SequenceNumber":64,"MetaDataVersion":{"MajorVersion":1},"Timestamp":"2024-04-27T11:45:40.9005848Z","MessageType":"ua-deltaframe","DataSetWriterName":"Packaging","Payload":{"nsu=http://opcfoundation.org/UA/Plc/Applications;s=SpikeData":{"Value":-24.8689887164855,"SourceTimestamp":"2024-04-27T11:45:40.853822Z","ServerTimestamp":"2024-04-27T11:45:40.8538263Z"}}}]}