{"MessageId":"0eb8a6ad-ae85-4638-b96d-6288c7fb879f","MessageType":"ua-data","PublisherId":"DESKTOP-BGFJS91","DataSetWriterGroup":"<<UnknownWriterGroup>>","Messages":[{"DataSetWriterId":1,"SequenceNumber":69,"MetaDataVersion":{"MajorVersion":1},"Timestamp":"2024-04-27T11:45:41.7738202Z","MessageType":"ua-deltaframe","DataSetWriterName":"Test","Payload":{"nsu=http://opcfoundation.org/UA/Plc/Applications;s=FastUIntScalar2":{"Value":73,"SourceTimestamp":"2024-04-27T11:45:41.4462502Z","ServerTimestamp":"2024-04-27T11:45:41.4462514Z"},"nsu=http://opcfoundation.org/UA/Plc/Applications;s=FastUIntScalar3":{"Value":73,"SourceTimestamp":"2024-04-27T11:45:41.4462542Z","ServerTimestamp":"2024-04-27T11:45:41.4462551Z"},"nsu=http://opcfoundation.org/UA/Plc/Applications;s=FastRandomUIntScalar1":{"Value":1730858777,"SourceTimestamp":"2024-04-27T11:45:41.4462883Z","ServerTimestamp":"2024-04-27T11:45:41.4462919Z"},"nsu=http://opcfoundation.org/UA/Plc/Applications;s=FastRandomUIntScalar2":{"Value":32601664,"SourceTimestamp":"2024-04-27T11:45:41.4463044Z","ServerTimestamp":"2024-04-27T11:45:41.4463164Z"},"nsu=http://opcfoundation.org/UA/Plc/Applications;s=FastRandomUIntScalar3":{"Value":3216463767,"SourceTimestamp":"2024-04-27T11:45:41.4463197Z","ServerTimestamp":"2024-04-27T11:45:41.4463209Z"}}}]}