{"MessageId":"0858fdfa-43b4-4b4d-80b4-8b5d7179f94b","MessageType":"ua-data","PublisherId":"DESKTOP-BGFJS91","DataSetWriterGroup":"<<UnknownWriterGroup>>","Messages":[{"DataSetWriterId":1,"SequenceNumber":71,"MetaDataVersion":{"MajorVersion":1},"Timestamp":"2024-04-27T11:45:43.8198005Z","MessageType":"ua-deltaframe","DataSetWriterName":"Test","Payload":{"nsu=http://opcfoundation.org/UA/Plc/Applications;s=FastUIntScalar2":{"Value":75,"SourceTimestamp":"2024-04-27T11:45:43.4481627Z","ServerTimestamp":"2024-04-27T11:45:43.4481635Z"},"nsu=http://opcfoundation.org/UA/Plc/Applications;s=FastUIntScalar3":{"Value":75,"SourceTimestamp":"2024-04-27T11:45:43.4481653Z","ServerTimestamp":"2024-04-27T11:45:43.4481658Z"},"nsu=http://opcfoundation.org/UA/Plc/Applications;s=FastRandomUIntScalar1":{"Value":1992937264,"SourceTimestamp":"2024-04-27T11:45:43.4481962Z","ServerTimestamp":"2024-04-27T11:45:43.4481986Z"},"nsu=http://opcfoundation.org/UA/Plc/Applications;s=FastRandomUIntScalar2":{"Value":458080790,"SourceTimestamp":"2024-04-27T11:45:43.4482064Z","ServerTimestamp":"2024-04-27T11:45:43.448207Z"},"nsu=http://opcfoundation.org/UA/Plc/Applications;s=FastRandomUIntScalar3":{"Value":3183673154,"SourceTimestamp":"2024-04-27T11:45:43.4482084Z","ServerTimestamp":"2024-04-27T11:45:43.4482089Z"}}}]}