{"MessageId":"7dcb57d0-d78b-4c78-9051-888d7a903dd8","MessageType":"ua-data","PublisherId":"DESKTOP-BGFJS91","DataSetWriterGroup":"<<UnknownWriterGroup>>","Messages":[{"DataSetWriterId":1,"SequenceNumber":72,"MetaDataVersion":{"MajorVersion":1},"Timestamp":"2024-04-27T11:45:44.770735Z","MessageType":"ua-deltaframe","DataSetWriterName":"Test","Payload":{"nsu=http://opcfoundation.org/UA/Plc/Applications;s=FastUIntScalar2":{"Value":76,"SourceTimestamp":"2024-04-27T11:45:44.4534446Z","ServerTimestamp":"2024-04-27T11:45:44.4534454Z"},"nsu=http://opcfoundation.org/UA/Plc/Applications;s=FastUIntScalar3":{"Value":76,"SourceTimestamp":"2024-04-27T11:45:44.4534467Z","ServerTimestamp":"2024-04-27T11:45:44.4534472Z"},"nsu=http://opcfoundation.org/UA/Plc/Applications;s=FastRandomUIntScalar1":{"Value":2550402657,"SourceTimestamp":"2024-04-27T11:45:44.4534685Z","ServerTimestamp":"2024-04-27T11:45:44.4534739Z"},"nsu=http://opcfoundation.org/UA/Plc/Applications;s=FastRandomUIntScalar2":{"Value":3925376362,"SourceTimestamp":"2024-04-27T11:45:44.4534779Z","ServerTimestamp":"2024-04-27T11:45:44.4534787Z"},"nsu=http://opcfoundation.org/UA/Plc/Applications;s=FastRandomUIntScalar3":{"Value":1917800827,"SourceTimestamp":"2024-04-27T11:45:44.4534799Z","ServerTimestamp":"2024-04-27T11:45:44.4534841Z"}}}]}