{"MessageId":"b1d0fa18-a80c-43de-9c02-c659735f0631","MessageType":"ua-data","PublisherId":"DESKTOP-BGFJS91","DataSetWriterGroup":"<<UnknownWriterGroup>>","Messages":[{"SequenceNumber":70,"MetaDataVersion":{"MajorVersion":1},"Timestamp":"2024-04-27T11:45:47.7105719Z","MessageType":"ua-deltaframe","DataSetWriterName":"MES","Payload":{"nsu=http://opcfoundation.org/UA/Plc/Applications;s=StepUp":{"Value":792,"SourceTimestamp":"2024-04-27T11:45:47.6493405Z","ServerTimestamp":"2024-04-27T11:45:47.6493411Z"},"nsu=http://opcfoundation.org/UA/Plc/Applications;s=RandomSignedInt32":{"Value":-621962239,"SourceTimestamp":"2024-04-27T11:45:47.6493329Z","ServerTimestamp":"2024-04-27T11:45:47.6493334Z"},"nsu=http://opcfoundation.org/UA/Plc/Applications;s=RandomUnsignedInt32":{"Value":18995732,"SourceTimestamp":"2024-04-27T11:45:47.649328Z","ServerTimestamp":"2024-04-27T11:45:47.6493286Z"},"nsu=http://opcfoundation.org/UA/Plc/Applications;s=DipData":{"Value":90.482705246601952,"SourceTimestamp":"2024-04-27T11:45:47.6493122Z","ServerTimestamp":"2024-04-27T11:45:47.6493129Z"},"nsu=http://opcfoundation.org/UA/Plc/Applications;s=FastUIntScalar1":{"Value":79,"SourceTimestamp":"2024-04-27T11:45:47.4469363Z","ServerTimestamp":"2024-04-27T11:45:47.4469831Z"}}}]}