{"MessageId":"95b27972-11b5-45e6-895b-9230a03484aa","MessageType":"ua-data","PublisherId":"DESKTOP-BGFJS91","DataSetWriterGroup":"<<UnknownWriterGroup>>","Messages":[{"DataSetWriterId":5,"SequenceNumber":72,"MetaDataVersion":{"MajorVersion":1},"Timestamp":"2024-04-27T11:45:50.942232Z","MessageType":"ua-deltaframe","DataSetWriterName":"Packaging","Payload":{"nsu=http://opcfoundation.org/UA/Plc/Applications;s=SpikeData":{"Value":-24.8689887164855,"SourceTimestamp":"2024-04-27T11:45:50.8492261Z","ServerTimestamp":"2024-04-27T11:45:50.84923Z"}}}]}