{"MessageId":"d003520c-1922-427e-9e2c-c01dd205c053","MessageType":"ua-data","PublisherId":"DESKTOP-BGFJS91","DataSetWriterGroup":"<<UnknownWriterGroup>>","Messages":[{"DataSetWriterId":1,"SequenceNumber":79,"MetaDataVersion":{"MajorVersion":1},"Timestamp":"2024-04-27T11:45:51.8184975Z","MessageType":"ua-deltaframe","DataSetWriterName":"Test","Payload":{"nsu=http://opcfoundation.org/UA/Plc/Applications;s=FastUIntScalar2":{"Value":83,"SourceTimestamp":"2024-04-27T11:45:51.4439048Z","ServerTimestamp":"2024-04-27T11:45:51.443913Z"},"nsu=http://opcfoundation.org/UA/Plc/Applications;s=FastUIntScalar3":{"Value":83,"SourceTimestamp":"2024-04-27T11:45:51.4439145Z","ServerTimestamp":"2024-04-27T11:45:51.4439315Z"},"nsu=http://opcfoundation.org/UA/Plc/Applications;s=FastRandomUIntScalar1":{"Value":1464713713,"SourceTimestamp":"2024-04-27T11:45:51.4439037Z","ServerTimestamp":"2024-04-27T11:45:51.4439061Z"},"nsu=http://opcfoundation.org/UA/Plc/Applications;s=FastRandomUIntScalar2":{"Value":1532336691,"SourceTimestamp":"2024-04-27T11:45:51.443913Z","ServerTimestamp":"2024-04-27T11:45:51.4439247Z"},"nsu=http://opcfoundation.org/UA/Plc/Applications;s=FastRandomUIntScalar3":{"Value":3183011972,"SourceTimestamp":"2024-04-27T11:45:51.4439313Z","ServerTimestamp":"2024-04-27T11:45:51.4439332Z"}}}]}