{"MessageId":"5fd7c3eb-8f55-4ade-852e-a9a5e1e8802f","MessageType":"ua-data","PublisherId":"DESKTOP-BGFJS91","DataSetWriterGroup":"<<UnknownWriterGroup>>","Messages":[{"SequenceNumber":75,"MetaDataVersion":{"MajorVersion":1},"Timestamp":"2024-04-27T11:45:52.6938516Z","MessageType":"ua-deltaframe","DataSetWriterName":"MES","Payload":{"nsu=http://opcfoundation.org/UA/Plc/Applications;s=StepUp":{"Value":842,"SourceTimestamp":"2024-04-27T11:45:52.6454344Z","ServerTimestamp":"2024-04-27T11:45:52.6454959Z"},"nsu=http://opcfoundation.org/UA/Plc/Applications;s=RandomSignedInt32":{"Value":-1436682074,"SourceTimestamp":"2024-04-27T11:45:52.6454214Z","ServerTimestamp":"2024-04-27T11:45:52.6454303Z"},"nsu=http://opcfoundation.org/UA/Plc/Applications;s=RandomUnsignedInt32":{"Value":1174368453,"SourceTimestamp":"2024-04-27T11:45:52.6454133Z","ServerTimestamp":"2024-04-27T11:45:52.6454237Z"},"nsu=http://opcfoundation.org/UA/Plc/Applications;s=DipData":{"Value":90.482705246601952,"SourceTimestamp":"2024-04-27T11:45:52.6454067Z","ServerTimestamp":"2024-04-27T11:45:52.6454097Z"},"nsu=http://opcfoundation.org/UA/Plc/Applications;s=FastUIntScalar1":{"Value":84,"SourceTimestamp":"2024-04-27T11:45:52.4546984Z","ServerTimestamp":"2024-04-27T11:45:52.4547015Z"}}}]}