{"MessageId":"6f0ac547-703e-4cd0-a42b-1f9206e4fd03","MessageType":"ua-data","PublisherId":"DESKTOP-BGFJS91","DataSetWriterGroup":"<<UnknownWriterGroup>>","Messages":[{"DataSetWriterId":1,"SequenceNumber":80,"MetaDataVersion":{"MajorVersion":1},"Timestamp":"2024-04-27T11:45:52.8209695Z","MessageType":"ua-deltaframe","DataSetWriterName":"Test","Payload":{"nsu=http://opcfoundation.org/UA/Plc/Applications;s=FastUIntScalar2":{"Value":84,"SourceTimestamp":"2024-04-27T11:45:52.4547123Z","ServerTimestamp":"2024-04-27T11:45:52.4547132Z"},"nsu=http://opcfoundation.org/UA/Plc/Applications;s=FastUIntScalar3":{"Value":84,"SourceTimestamp":"2024-04-27T11:45:52.454715Z","ServerTimestamp":"2024-04-27T11:45:52.4547156Z"},"nsu=http://opcfoundation.org/UA/Plc/Applications;s=FastRandomUIntScalar1":{"Value":2809975815,"SourceTimestamp":"2024-04-27T11:45:52.4547338Z","ServerTimestamp":"2024-04-27T11:45:52.4547396Z"},"nsu=http://opcfoundation.org/UA/Plc/Applications;s=FastRandomUIntScalar2":{"Value":2931652651,"SourceTimestamp":"2024-04-27T11:45:52.4547438Z","ServerTimestamp":"2024-04-27T11:45:52.4547521Z"},"nsu=http://opcfoundation.org/UA/Plc/Applications;s=FastRandomUIntScalar3":{"Value":3399564565,"SourceTimestamp":"2024-04-27T11:45:52.454754Z","ServerTimestamp":"2024-04-27T11:45:52.4547562Z"}}}]}