{"MessageId":"1cfdac62-9dde-4b17-a699-fe94ceccdcfe","MessageType":"ua-data","PublisherId":"DESKTOP-BGFJS91","DataSetWriterGroup":"<<UnknownWriterGroup>>","Messages":[{"DataSetWriterId":1,"SequenceNumber":9,"MetaDataVersion":{"MajorVersion":1},"Timestamp":"2024-04-27T11:44:38.7694593Z","MessageType":"ua-deltaframe","DataSetWriterName":"Test","Payload":{"nsu=http://opcfoundation.org/UA/Plc/Applications;s=FastUIntScalar2":{"Value":10,"SourceTimestamp":"2024-04-27T11:44:38.4420577Z","ServerTimestamp":"2024-04-27T11:44:38.4420736Z"},"nsu=http://opcfoundation.org/UA/Plc/Applications;s=FastUIntScalar3":{"Value":10,"SourceTimestamp":"2024-04-27T11:44:38.4420763Z","ServerTimestamp":"2024-04-27T11:44:38.4420797Z"},"nsu=http://opcfoundation.org/UA/Plc/Applications;s=FastRandomUIntScalar1":{"Value":1165369391,"SourceTimestamp":"2024-04-27T11:44:38.4420522Z","ServerTimestamp":"2024-04-27T11:44:38.4420577Z"},"nsu=http://opcfoundation.org/UA/Plc/Applications;s=FastRandomUIntScalar2":{"Value":2984406668,"SourceTimestamp":"2024-04-27T11:44:38.4420624Z","ServerTimestamp":"2024-04-27T11:44:38.4420769Z"},"nsu=http://opcfoundation.org/UA/Plc/Applications;s=FastRandomUIntScalar3":{"Value":1644619857,"SourceTimestamp":"2024-04-27T11:44:38.4420792Z","ServerTimestamp":"2024-04-27T11:44:38.4420849Z"}}}]}