{"MessageId":"64379de8-6d20-494f-9881-c669e770c6ca","MessageType":"ua-data","PublisherId":"DESKTOP-BGFJS91","DataSetWriterGroup":"<<UnknownWriterGroup>>","Messages":[{"DataSetWriterId":2,"SequenceNumber":14,"MetaDataVersion":{"MajorVersion":1},"Timestamp":"2024-04-27T11:45:53.8161293Z","MessageType":"ua-deltaframe","DataSetWriterName":"Assembly","Payload":{"nsu=http://opcfoundation.org/UA/Plc/Applications;s=NegativeTrendData":{"Value":98.700000000000003,"SourceTimestamp":"2024-04-27T11:45:53.5553634Z","ServerTimestamp":"2024-04-27T11:45:53.5553643Z"},"nsu=http://opcfoundation.org/UA/Plc/Applications;s=PositiveTrendData":{"Value":100.8,"SourceTimestamp":"2024-04-27T11:45:53.5553553Z","ServerTimestamp":"2024-04-27T11:45:53.5553607Z"}}}]}