{"MessageId":"a6b93e81-fbf7-4567-903a-c94cc02c2f0f","MessageType":"ua-data","PublisherId":"DESKTOP-BGFJS91","DataSetWriterGroup":"<<UnknownWriterGroup>>","Messages":[{"SequenceNumber":78,"MetaDataVersion":{"MajorVersion":1},"Timestamp":"2024-04-27T11:45:55.7492283Z","MessageType":"ua-deltaframe","DataSetWriterName":"MES","Payload":{"nsu=http://opcfoundation.org/UA/Plc/Applications;s=StepUp":{"Value":872,"SourceTimestamp":"2024-04-27T11:45:55.6544832Z","ServerTimestamp":"2024-04-27T11:45:55.6544853Z"},"nsu=http://opcfoundation.org/UA/Plc/Applications;s=RandomSignedInt32":{"Value":-346854188,"SourceTimestamp":"2024-04-27T11:45:55.6544822Z","ServerTimestamp":"2024-04-27T11:45:55.6544828Z"},"nsu=http://opcfoundation.org/UA/Plc/Applications;s=RandomUnsignedInt32":{"Value":1820390013,"SourceTimestamp":"2024-04-27T11:45:55.6544774Z","ServerTimestamp":"2024-04-27T11:45:55.6544796Z"},"nsu=http://opcfoundation.org/UA/Plc/Applications;s=DipData":{"Value":-48.175367410171539,"SourceTimestamp":"2024-04-27T11:45:55.6544579Z","ServerTimestamp":"2024-04-27T11:45:55.6544601Z"},"nsu=http://opcfoundation.org/UA/Plc/Applications;s=FastUIntScalar1":{"Value":87,"SourceTimestamp":"2024-04-27T11:45:55.4512221Z","ServerTimestamp":"2024-04-27T11:45:55.4512253Z"}}}]}