{"MessageId":"d52f9a37-8a59-4912-81ed-6bd974426190","MessageType":"ua-data","PublisherId":"DESKTOP-BGFJS91","DataSetWriterGroup":"<<UnknownWriterGroup>>","Messages":[{"DataSetWriterId":5,"SequenceNumber":8,"MetaDataVersion":{"MajorVersion":1},"Timestamp":"2024-04-27T11:44:38.8931266Z","MessageType":"ua-deltaframe","DataSetWriterName":"Packaging","Payload":{"nsu=http://opcfoundation.org/UA/Plc/Applications;s=SpikeData":{"Value":-36.812455268467787,"SourceTimestamp":"2024-04-27T11:44:38.846239Z","ServerTimestamp":"2024-04-27T11:44:38.8462538Z"}}}]}