{"MessageId":"d9ceb163-ae3e-4817-bfe6-006390d2da4a","MessageType":"ua-data","PublisherId":"DESKTOP-BGFJS91","DataSetWriterGroup":"<<UnknownWriterGroup>>","Messages":[{"DataSetWriterId":5,"SequenceNumber":80,"MetaDataVersion":{"MajorVersion":1},"Timestamp":"2024-04-27T11:45:58.9098706Z","MessageType":"ua-deltaframe","DataSetWriterName":"Packaging","Payload":{"nsu=http://opcfoundation.org/UA/Plc/Applications;s=SpikeData":{"Value":-36.812455268467787,"SourceTimestamp":"2024-04-27T11:45:58.8478254Z","ServerTimestamp":"2024-04-27T11:45:58.8478267Z"}}}]}