{"MessageId":"5ca8a46c-bea2-433a-85a6-f0b09cf5aeb6","MessageType":"ua-data","PublisherId":"DESKTOP-BGFJS91","DataSetWriterGroup":"<<UnknownWriterGroup>>","Messages":[{"SequenceNumber":83,"MetaDataVersion":{"MajorVersion":1},"Timestamp":"2024-04-27T11:46:00.7121003Z","MessageType":"ua-deltaframe","DataSetWriterName":"MES","Payload":{"nsu=http://opcfoundation.org/UA/Plc/Applications;s=StepUp":{"Value":922,"SourceTimestamp":"2024-04-27T11:46:00.648933Z","ServerTimestamp":"2024-04-27T11:46:00.6489392Z"},"nsu=http://opcfoundation.org/UA/Plc/Applications;s=RandomSignedInt32":{"Value":-591678666,"SourceTimestamp":"2024-04-27T11:46:00.648926Z","ServerTimestamp":"2024-04-27T11:46:00.6489345Z"},"nsu=http://opcfoundation.org/UA/Plc/Applications;s=RandomUnsignedInt32":{"Value":1743403685,"SourceTimestamp":"2024-04-27T11:46:00.6489227Z","ServerTimestamp":"2024-04-27T11:46:00.6489294Z"},"nsu=http://opcfoundation.org/UA/Plc/Applications;s=DipData":{"Value":-48.175367410171539,"SourceTimestamp":"2024-04-27T11:46:00.6489012Z","ServerTimestamp":"2024-04-27T11:46:00.6489053Z"},"nsu=http://opcfoundation.org/UA/Plc/Applications;s=FastUIntScalar1":{"Value":92,"SourceTimestamp":"2024-04-27T11:46:00.4474532Z","ServerTimestamp":"2024-04-27T11:46:00.4474559Z"}}}]}