{"MessageId":"d96ea743-5c34-4f86-a06b-7a01b777dd2d","MessageType":"ua-data","PublisherId":"DESKTOP-BGFJS91","DataSetWriterGroup":"<<UnknownWriterGroup>>","Messages":[{"DataSetWriterId":1,"SequenceNumber":88,"MetaDataVersion":{"MajorVersion":1},"Timestamp":"2024-04-27T11:46:00.7753149Z","MessageType":"ua-deltaframe","DataSetWriterName":"Test","Payload":{"nsu=http://opcfoundation.org/UA/Plc/Applications;s=FastUIntScalar2":{"Value":92,"SourceTimestamp":"2024-04-27T11:46:00.4474642Z","ServerTimestamp":"2024-04-27T11:46:00.447465Z"},"nsu=http://opcfoundation.org/UA/Plc/Applications;s=FastUIntScalar3":{"Value":92,"SourceTimestamp":"2024-04-27T11:46:00.4474722Z","ServerTimestamp":"2024-04-27T11:46:00.4474727Z"},"nsu=http://opcfoundation.org/UA/Plc/Applications;s=FastRandomUIntScalar1":{"Value":1652655569,"SourceTimestamp":"2024-04-27T11:46:00.4474922Z","ServerTimestamp":"2024-04-27T11:46:00.4474954Z"},"nsu=http://opcfoundation.org/UA/Plc/Applications;s=FastRandomUIntScalar2":{"Value":256959911,"SourceTimestamp":"2024-04-27T11:46:00.4474967Z","ServerTimestamp":"2024-04-27T11:46:00.4474972Z"},"nsu=http://opcfoundation.org/UA/Plc/Applications;s=FastRandomUIntScalar3":{"Value":3288272798,"SourceTimestamp":"2024-04-27T11:46:00.4474983Z","ServerTimestamp":"2024-04-27T11:46:00.4474989Z"}}}]}