{"MessageId":"66bb084f-804d-47ee-b348-05878efe5360","MessageType":"ua-data","PublisherId":"DESKTOP-BGFJS91","DataSetWriterGroup":"<<UnknownWriterGroup>>","Messages":[{"SequenceNumber":85,"MetaDataVersion":{"MajorVersion":1},"Timestamp":"2024-04-27T11:46:02.7267007Z","MessageType":"ua-deltaframe","DataSetWriterName":"MES","Payload":{"nsu=http://opcfoundation.org/UA/Plc/Applications;s=StepUp":{"Value":942,"SourceTimestamp":"2024-04-27T11:46:02.6474848Z","ServerTimestamp":"2024-04-27T11:46:02.6474869Z"},"nsu=http://opcfoundation.org/UA/Plc/Applications;s=RandomSignedInt32":{"Value":935538834,"SourceTimestamp":"2024-04-27T11:46:02.6474775Z","ServerTimestamp":"2024-04-27T11:46:02.6474948Z"},"nsu=http://opcfoundation.org/UA/Plc/Applications;s=RandomUnsignedInt32":{"Value":2034253523,"SourceTimestamp":"2024-04-27T11:46:02.6474661Z","ServerTimestamp":"2024-04-27T11:46:02.6474713Z"},"nsu=http://opcfoundation.org/UA/Plc/Applications;s=DipData":{"Value":90.482705246601952,"SourceTimestamp":"2024-04-27T11:46:02.6474549Z","ServerTimestamp":"2024-04-27T11:46:02.6474559Z"},"nsu=http://opcfoundation.org/UA/Plc/Applications;s=FastUIntScalar1":{"Value":94,"SourceTimestamp":"2024-04-27T11:46:02.4433938Z","ServerTimestamp":"2024-04-27T11:46:02.4433973Z"}}}]}