{"MessageId":"2471b1d1-c107-4d41-b47f-9faa97ce980b","MessageType":"ua-data","PublisherId":"DESKTOP-BGFJS91","DataSetWriterGroup":"<<UnknownWriterGroup>>","Messages":[{"DataSetWriterId":1,"SequenceNumber":91,"MetaDataVersion":{"MajorVersion":1},"Timestamp":"2024-04-27T11:46:03.7862354Z","MessageType":"ua-deltaframe","DataSetWriterName":"Test","Payload":{"nsu=http://opcfoundation.org/UA/Plc/Applications;s=FastUIntScalar2":{"Value":95,"SourceTimestamp":"2024-04-27T11:46:03.4554227Z","ServerTimestamp":"2024-04-27T11:46:03.4554292Z"},"nsu=http://opcfoundation.org/UA/Plc/Applications;s=FastUIntScalar3":{"Value":95,"SourceTimestamp":"2024-04-27T11:46:03.455431Z","ServerTimestamp":"2024-04-27T11:46:03.4554797Z"},"nsu=http://opcfoundation.org/UA/Plc/Applications;s=FastRandomUIntScalar1":{"Value":1215169441,"SourceTimestamp":"2024-04-27T11:46:03.4554358Z","ServerTimestamp":"2024-04-27T11:46:03.4554391Z"},"nsu=http://opcfoundation.org/UA/Plc/Applications;s=FastRandomUIntScalar2":{"Value":564385674,"SourceTimestamp":"2024-04-27T11:46:03.4554596Z","ServerTimestamp":"2024-04-27T11:46:03.4554604Z"},"nsu=http://opcfoundation.org/UA/Plc/Applications;s=FastRandomUIntScalar3":{"Value":2925032034,"SourceTimestamp":"2024-04-27T11:46:03.4554618Z","ServerTimestamp":"2024-04-27T11:46:03.4554671Z"}}}]}