{"MessageId":"9a54a424-acd6-4ee4-8867-27672b186793","MessageType":"ua-data","PublisherId":"DESKTOP-BGFJS91","DataSetWriterGroup":"<<UnknownWriterGroup>>","Messages":[{"SequenceNumber":87,"MetaDataVersion":{"MajorVersion":1},"Timestamp":"2024-04-27T11:46:04.7093398Z","MessageType":"ua-deltaframe","DataSetWriterName":"MES","Payload":{"nsu=http://opcfoundation.org/UA/Plc/Applications;s=StepUp":{"Value":962,"SourceTimestamp":"2024-04-27T11:46:04.6462822Z","ServerTimestamp":"2024-04-27T11:46:04.6462854Z"},"nsu=http://opcfoundation.org/UA/Plc/Applications;s=RandomSignedInt32":{"Value":1201937091,"SourceTimestamp":"2024-04-27T11:46:04.6462777Z","ServerTimestamp":"2024-04-27T11:46:04.6462796Z"},"nsu=http://opcfoundation.org/UA/Plc/Applications;s=RandomUnsignedInt32":{"Value":2127275851,"SourceTimestamp":"2024-04-27T11:46:04.6462657Z","ServerTimestamp":"2024-04-27T11:46:04.6462675Z"},"nsu=http://opcfoundation.org/UA/Plc/Applications;s=DipData":{"Value":-98.228725072868855,"SourceTimestamp":"2024-04-27T11:46:04.6462484Z","ServerTimestamp":"2024-04-27T11:46:04.6462517Z"},"nsu=http://opcfoundation.org/UA/Plc/Applications;s=FastUIntScalar1":{"Value":96,"SourceTimestamp":"2024-04-27T11:46:04.4478623Z","ServerTimestamp":"2024-04-27T11:46:04.4478674Z"}}}]}