{"MessageId":"1ee79b0f-4b93-43af-a8d6-ab471952f733","MessageType":"ua-data","PublisherId":"DESKTOP-BGFJS91","DataSetWriterGroup":"<<UnknownWriterGroup>>","Messages":[{"DataSetWriterId":1,"SequenceNumber":92,"MetaDataVersion":{"MajorVersion":1},"Timestamp":"2024-04-27T11:46:04.7718993Z","MessageType":"ua-deltaframe","DataSetWriterName":"Test","Payload":{"nsu=http://opcfoundation.org/UA/Plc/Applications;s=FastUIntScalar2":{"Value":96,"SourceTimestamp":"2024-04-27T11:46:04.4479531Z","ServerTimestamp":"2024-04-27T11:46:04.447955Z"},"nsu=http://opcfoundation.org/UA/Plc/Applications;s=FastUIntScalar3":{"Value":96,"SourceTimestamp":"2024-04-27T11:46:04.4479588Z","ServerTimestamp":"2024-04-27T11:46:04.4479594Z"},"nsu=http://opcfoundation.org/UA/Plc/Applications;s=FastRandomUIntScalar1":{"Value":3809557324,"SourceTimestamp":"2024-04-27T11:46:04.4479847Z","ServerTimestamp":"2024-04-27T11:46:04.4479855Z"},"nsu=http://opcfoundation.org/UA/Plc/Applications;s=FastRandomUIntScalar2":{"Value":1950840648,"SourceTimestamp":"2024-04-27T11:46:04.4479868Z","ServerTimestamp":"2024-04-27T11:46:04.4479875Z"},"nsu=http://opcfoundation.org/UA/Plc/Applications;s=FastRandomUIntScalar3":{"Value":2381219591,"SourceTimestamp":"2024-04-27T11:46:04.4479885Z","ServerTimestamp":"2024-04-27T11:46:04.4480177Z"}}}]}