{"MessageId":"3e967e8e-e8e5-48db-ae27-7581638ecc97","MessageType":"ua-data","PublisherId":"DESKTOP-BGFJS91","DataSetWriterGroup":"<<UnknownWriterGroup>>","Messages":[{"DataSetWriterId":1,"SequenceNumber":1,"MetaDataVersion":{"MajorVersion":1},"Timestamp":"2024-04-27T11:44:30.7689657Z","MessageType":"ua-deltaframe","DataSetWriterName":"Test","Payload":{"nsu=http://opcfoundation.org/UA/Plc/Applications;s=FastUIntScalar2":{"Value":2,"SourceTimestamp":"2024-04-27T11:44:30.4422719Z","ServerTimestamp":"2024-04-27T11:44:30.4422736Z"},"nsu=http://opcfoundation.org/UA/Plc/Applications;s=FastUIntScalar3":{"Value":2,"SourceTimestamp":"2024-04-27T11:44:30.4422767Z","ServerTimestamp":"2024-04-27T11:44:30.4422777Z"},"nsu=http://opcfoundation.org/UA/Plc/Applications;s=FastRandomUIntScalar1":{"Value":2816464113,"SourceTimestamp":"2024-04-27T11:44:30.4423297Z","ServerTimestamp":"2024-04-27T11:44:30.4423609Z"},"nsu=http://opcfoundation.org/UA/Plc/Applications;s=FastRandomUIntScalar2":{"Value":3369995689,"SourceTimestamp":"2024-04-27T11:44:30.4423646Z","ServerTimestamp":"2024-04-27T11:44:30.4423677Z"},"nsu=http://opcfoundation.org/UA/Plc/Applications;s=FastRandomUIntScalar3":{"Value":496536680,"SourceTimestamp":"2024-04-27T11:44:30.4423696Z","ServerTimestamp":"2024-04-27T11:44:30.4423736Z"}}}]}