{"MessageId":"50413028-4c88-482d-9d65-5f2ec4071079","MessageType":"ua-data","PublisherId":"DESKTOP-BGFJS91","DataSetWriterGroup":"<<UnknownWriterGroup>>","Messages":[{"DataSetWriterId":4,"SequenceNumber":1,"MetaDataVersion":{"MajorVersion":1},"Timestamp":"2024-04-27T11:44:39.8859067Z","MessageType":"ua-deltaframe","DataSetWriterName":"Packaging","Payload":{"nsu=http://opcfoundation.org/UA/Plc/Applications;s=SlowRandomUIntScalar1":{"Value":4013360507,"SourceTimestamp":"2024-04-27T11:44:38.442035Z","ServerTimestamp":"2024-04-27T11:44:38.442062Z"},"nsu=http://opcfoundation.org/UA/Plc/Applications;s=SlowRandomUIntScalar2":{"Value":2551702086,"SourceTimestamp":"2024-04-27T11:44:38.4420638Z","ServerTimestamp":"2024-04-27T11:44:38.4420825Z"},"nsu=http://opcfoundation.org/UA/Plc/Applications;s=SlowRandomUIntScalar3":{"Value":3348770792,"SourceTimestamp":"2024-04-27T11:44:38.4420849Z","ServerTimestamp":"2024-04-27T11:44:38.442087Z"},"nsu=http://opcfoundation.org/UA/Plc/Applications;s=BadSlowRandomUIntScalar1":{"Value":717083594,"SourceTimestamp":"2024-04-27T11:44:38.442089Z","ServerTimestamp":"2024-04-27T11:44:38.4420899Z"}}}]}