{"MessageId":"2a8997da-6c02-4fe0-aa16-20abe6159f2e","MessageType":"ua-data","PublisherId":"DESKTOP-BGFJS91","DataSetWriterGroup":"<<UnknownWriterGroup>>","Messages":[{"SequenceNumber":88,"MetaDataVersion":{"MajorVersion":1},"Timestamp":"2024-04-27T11:46:06.6996622Z","MessageType":"ua-deltaframe","DataSetWriterName":"MES","Payload":{"nsu=http://opcfoundation.org/UA/Plc/Applications;s=StepUp":{"Value":982,"SourceTimestamp":"2024-04-27T11:46:06.6521995Z","ServerTimestamp":"2024-04-27T11:46:06.6522005Z"},"nsu=http://opcfoundation.org/UA/Plc/Applications;s=RandomSignedInt32":{"Value":-4973229,"SourceTimestamp":"2024-04-27T11:46:06.6522048Z","ServerTimestamp":"2024-04-27T11:46:06.6522075Z"},"nsu=http://opcfoundation.org/UA/Plc/Applications;s=RandomUnsignedInt32":{"Value":314631922,"SourceTimestamp":"2024-04-27T11:46:06.6521773Z","ServerTimestamp":"2024-04-27T11:46:06.6521816Z"},"nsu=http://opcfoundation.org/UA/Plc/Applications;s=DipData":{"Value":68.45471059286885,"SourceTimestamp":"2024-04-27T11:46:06.6521327Z","ServerTimestamp":"2024-04-27T11:46:06.6521376Z"},"nsu=http://opcfoundation.org/UA/Plc/Applications;s=FastUIntScalar1":{"Value":98,"SourceTimestamp":"2024-04-27T11:46:06.4498764Z","ServerTimestamp":"2024-04-27T11:46:06.4498811Z"}}}]}