{"MessageId":"693cb18c-c115-42a6-a515-2ef8fce72a0c","MessageType":"ua-data","PublisherId":"DESKTOP-BGFJS91","DataSetWriterGroup":"<<UnknownWriterGroup>>","Messages":[{"DataSetWriterId":5,"SequenceNumber":9,"MetaDataVersion":{"MajorVersion":1},"Timestamp":"2024-04-27T11:44:39.9492297Z","MessageType":"ua-deltaframe","DataSetWriterName":"Packaging","Payload":{"nsu=http://opcfoundation.org/UA/Plc/Applications;s=SpikeData":{"Value":-99.80267284282715,"SourceTimestamp":"2024-04-27T11:44:39.7441472Z","ServerTimestamp":"2024-04-27T11:44:39.744151Z"}}}]}