{"MessageId":"e9cac5a3-7c70-4f4f-b686-bb10c9f75d4c","MessageType":"ua-data","PublisherId":"DESKTOP-BGFJS91","DataSetWriterGroup":"<<UnknownWriterGroup>>","Messages":[{"DataSetWriterId":4,"SequenceNumber":10,"MetaDataVersion":{"MajorVersion":1},"Timestamp":"2024-04-27T11:46:09.8773728Z","MessageType":"ua-deltaframe","DataSetWriterName":"Packaging","Payload":{"nsu=http://opcfoundation.org/UA/Plc/Applications;s=SlowRandomUIntScalar1":{"Value":1601984909,"SourceTimestamp":"2024-04-27T11:46:08.4483438Z","ServerTimestamp":"2024-04-27T11:46:08.4483479Z"},"nsu=http://opcfoundation.org/UA/Plc/Applications;s=SlowRandomUIntScalar2":{"Value":1851717659,"SourceTimestamp":"2024-04-27T11:46:08.4483598Z","ServerTimestamp":"2024-04-27T11:46:08.4483608Z"},"nsu=http://opcfoundation.org/UA/Plc/Applications;s=SlowRandomUIntScalar3":{"Value":1694711273,"SourceTimestamp":"2024-04-27T11:46:08.4483625Z","ServerTimestamp":"2024-04-27T11:46:08.448373Z"},"nsu=http://opcfoundation.org/UA/Plc/Applications;s=BadSlowRandomUIntScalar1":{"Value":null,"StatusCode":{"Symbol":"BadNoCommunication","Code":2150694912},"SourceTimestamp":"2024-04-27T11:46:08.4484397Z","ServerTimestamp":"2024-04-27T11:46:08.4484399Z"}}}]}