{"MessageId":"53cd08ac-d7aa-40c9-af02-a1d761a48808","MessageType":"ua-data","PublisherId":"DESKTOP-BGFJS91","DataSetWriterGroup":"<<UnknownWriterGroup>>","Messages":[{"DataSetWriterId":1,"SequenceNumber":98,"MetaDataVersion":{"MajorVersion":1},"Timestamp":"2024-04-27T11:46:11.8180389Z","MessageType":"ua-deltaframe","DataSetWriterName":"Test","Payload":{"nsu=http://opcfoundation.org/UA/Plc/Applications;s=FastUIntScalar2":{"Value":103,"SourceTimestamp":"2024-04-27T11:46:11.4430286Z","ServerTimestamp":"2024-04-27T11:46:11.4430295Z"},"nsu=http://opcfoundation.org/UA/Plc/Applications;s=FastUIntScalar3":{"Value":103,"SourceTimestamp":"2024-04-27T11:46:11.4430309Z","ServerTimestamp":"2024-04-27T11:46:11.4430315Z"},"nsu=http://opcfoundation.org/UA/Plc/Applications;s=FastRandomUIntScalar1":{"Value":931830772,"SourceTimestamp":"2024-04-27T11:46:11.4432001Z","ServerTimestamp":"2024-04-27T11:46:11.4432038Z"},"nsu=http://opcfoundation.org/UA/Plc/Applications;s=FastRandomUIntScalar2":{"Value":1448451057,"SourceTimestamp":"2024-04-27T11:46:11.4432053Z","ServerTimestamp":"2024-04-27T11:46:11.4432058Z"},"nsu=http://opcfoundation.org/UA/Plc/Applications;s=FastRandomUIntScalar3":{"Value":2191507820,"SourceTimestamp":"2024-04-27T11:46:11.4432069Z","ServerTimestamp":"2024-04-27T11:46:11.4432073Z"}}}]}