{"MessageId":"c8813b0b-fd12-4aca-beca-d0d7d90020fb","MessageType":"ua-data","PublisherId":"DESKTOP-BGFJS91","DataSetWriterGroup":"<<UnknownWriterGroup>>","Messages":[{"SequenceNumber":93,"MetaDataVersion":{"MajorVersion":1},"Timestamp":"2024-04-27T11:46:12.7438286Z","MessageType":"ua-deltaframe","DataSetWriterName":"MES","Payload":{"nsu=http://opcfoundation.org/UA/Plc/Applications;s=StepUp":{"Value":1042,"SourceTimestamp":"2024-04-27T11:46:12.6496952Z","ServerTimestamp":"2024-04-27T11:46:12.6496968Z"},"nsu=http://opcfoundation.org/UA/Plc/Applications;s=RandomSignedInt32":{"Value":63927653,"SourceTimestamp":"2024-04-27T11:46:12.6496988Z","ServerTimestamp":"2024-04-27T11:46:12.6497006Z"},"nsu=http://opcfoundation.org/UA/Plc/Applications;s=RandomUnsignedInt32":{"Value":537451702,"SourceTimestamp":"2024-04-27T11:46:12.6496903Z","ServerTimestamp":"2024-04-27T11:46:12.6496914Z"},"nsu=http://opcfoundation.org/UA/Plc/Applications;s=DipData":{"Value":90.482705246601952,"SourceTimestamp":"2024-04-27T11:46:12.6496721Z","ServerTimestamp":"2024-04-27T11:46:12.6496794Z"},"nsu=http://opcfoundation.org/UA/Plc/Applications;s=FastUIntScalar1":{"Value":104,"SourceTimestamp":"2024-04-27T11:46:12.4460755Z","ServerTimestamp":"2024-04-27T11:46:12.446078Z"}}}]}