{"MessageId":"be59e4d3-82b6-4543-b70f-8dbfc656f0b6","MessageType":"ua-data","PublisherId":"DESKTOP-BGFJS91","DataSetWriterGroup":"<<UnknownWriterGroup>>","Messages":[{"DataSetWriterId":5,"SequenceNumber":93,"MetaDataVersion":{"MajorVersion":1},"Timestamp":"2024-04-27T11:46:12.930711Z","MessageType":"ua-deltaframe","DataSetWriterName":"Packaging","Payload":{"nsu=http://opcfoundation.org/UA/Plc/Applications;s=SpikeData":{"Value":77.051324277578928,"SourceTimestamp":"2024-04-27T11:46:12.8502904Z","ServerTimestamp":"2024-04-27T11:46:12.8502935Z"}}}]}