{"MessageId":"9eed55aa-9973-454d-9fa6-53bd2a4c16d9","MessageType":"ua-data","PublisherId":"DESKTOP-BGFJS91","DataSetWriterGroup":"<<UnknownWriterGroup>>","Messages":[{"SequenceNumber":94,"MetaDataVersion":{"MajorVersion":1},"Timestamp":"2024-04-27T11:46:13.7408764Z","MessageType":"ua-deltaframe","DataSetWriterName":"MES","Payload":{"nsu=http://opcfoundation.org/UA/Plc/Applications;s=StepUp":{"Value":1052,"SourceTimestamp":"2024-04-27T11:46:13.6485884Z","ServerTimestamp":"2024-04-27T11:46:13.6485945Z"},"nsu=http://opcfoundation.org/UA/Plc/Applications;s=AlternatingBoolean":{"Value":false,"SourceTimestamp":"2024-04-27T11:46:13.555569Z","ServerTimestamp":"2024-04-27T11:46:13.5555705Z"},"nsu=http://opcfoundation.org/UA/Plc/Applications;s=RandomSignedInt32":{"Value":-808957340,"SourceTimestamp":"2024-04-27T11:46:13.6485842Z","ServerTimestamp":"2024-04-27T11:46:13.6485871Z"},"nsu=http://opcfoundation.org/UA/Plc/Applications;s=RandomUnsignedInt32":{"Value":2105839746,"SourceTimestamp":"2024-04-27T11:46:13.6485835Z","ServerTimestamp":"2024-04-27T11:46:13.6485842Z"},"nsu=http://opcfoundation.org/UA/Plc/Applications;s=DipData":{"Value":-12.533323356430378,"SourceTimestamp":"2024-04-27T11:46:13.6485709Z","ServerTimestamp":"2024-04-27T11:46:13.6485731Z"},"nsu=http://opcfoundation.org/UA/Plc/Applications;s=FastUIntScalar1":{"Value":105,"SourceTimestamp":"2024-04-27T11:46:13.4458219Z","ServerTimestamp":"2024-04-27T11:46:13.4458254Z"}}}]}