{"MessageId":"5c0da6bd-ea10-4bf3-92b5-b265697928da","MessageType":"ua-data","PublisherId":"DESKTOP-BGFJS91","DataSetWriterGroup":"<<UnknownWriterGroup>>","Messages":[{"DataSetWriterId":1,"SequenceNumber":100,"MetaDataVersion":{"MajorVersion":1},"Timestamp":"2024-04-27T11:46:13.802937Z","MessageType":"ua-deltaframe","DataSetWriterName":"Test","Payload":{"nsu=http://opcfoundation.org/UA/Plc/Applications;s=FastUIntScalar2":{"Value":105,"SourceTimestamp":"2024-04-27T11:46:13.4458368Z","ServerTimestamp":"2024-04-27T11:46:13.4458377Z"},"nsu=http://opcfoundation.org/UA/Plc/Applications;s=FastUIntScalar3":{"Value":105,"SourceTimestamp":"2024-04-27T11:46:13.4458394Z","ServerTimestamp":"2024-04-27T11:46:13.4458399Z"},"nsu=http://opcfoundation.org/UA/Plc/Applications;s=FastRandomUIntScalar1":{"Value":605170632,"SourceTimestamp":"2024-04-27T11:46:13.4458614Z","ServerTimestamp":"2024-04-27T11:46:13.4458646Z"},"nsu=http://opcfoundation.org/UA/Plc/Applications;s=FastRandomUIntScalar2":{"Value":1749752869,"SourceTimestamp":"2024-04-27T11:46:13.4459085Z","ServerTimestamp":"2024-04-27T11:46:13.4459093Z"},"nsu=http://opcfoundation.org/UA/Plc/Applications;s=FastRandomUIntScalar3":{"Value":2532365138,"SourceTimestamp":"2024-04-27T11:46:13.4459106Z","ServerTimestamp":"2024-04-27T11:46:13.445911Z"}}}]}