{"MessageId":"2954d4cd-5239-47bc-b99b-2fea6e975c53","MessageType":"ua-data","PublisherId":"DESKTOP-BGFJS91","DataSetWriterGroup":"<<UnknownWriterGroup>>","Messages":[{"DataSetWriterId":5,"SequenceNumber":10,"MetaDataVersion":{"MajorVersion":1},"Timestamp":"2024-04-27T11:44:40.9378826Z","MessageType":"ua-deltaframe","DataSetWriterName":"Packaging","Payload":{"nsu=http://opcfoundation.org/UA/Plc/Applications;s=SpikeData":{"Value":-24.8689887164855,"SourceTimestamp":"2024-04-27T11:44:40.8436945Z","ServerTimestamp":"2024-04-27T11:44:40.8436994Z"}}}]}