{"MessageId":"ce2348d1-3712-455d-bfe6-70f99d6e19c0","MessageType":"ua-data","PublisherId":"DESKTOP-BGFJS91","DataSetWriterGroup":"<<UnknownWriterGroup>>","Messages":[{"DataSetWriterId":5,"SequenceNumber":99,"MetaDataVersion":{"MajorVersion":1},"Timestamp":"2024-04-27T11:46:18.9380125Z","MessageType":"ua-deltaframe","DataSetWriterName":"Packaging","Payload":{"nsu=http://opcfoundation.org/UA/Plc/Applications;s=SpikeData":{"Value":-36.812455268467787,"SourceTimestamp":"2024-04-27T11:46:18.8425432Z","ServerTimestamp":"2024-04-27T11:46:18.8425497Z"}}}]}