{"MessageId":"ec8a476f-790e-479e-9384-52883d7bef1f","MessageType":"ua-data","PublisherId":"DESKTOP-BGFJS91","DataSetWriterGroup":"<<UnknownWriterGroup>>","Messages":[{"DataSetWriterId":4,"SequenceNumber":11,"MetaDataVersion":{"MajorVersion":1},"Timestamp":"2024-04-27T11:46:19.8789662Z","MessageType":"ua-deltaframe","DataSetWriterName":"Packaging","Payload":{"nsu=http://opcfoundation.org/UA/Plc/Applications;s=SlowRandomUIntScalar1":{"Value":3771296861,"SourceTimestamp":"2024-04-27T11:46:18.4495221Z","ServerTimestamp":"2024-04-27T11:46:18.4495234Z"},"nsu=http://opcfoundation.org/UA/Plc/Applications;s=SlowRandomUIntScalar2":{"Value":4008163170,"SourceTimestamp":"2024-04-27T11:46:18.4495278Z","ServerTimestamp":"2024-04-27T11:46:18.4495337Z"},"nsu=http://opcfoundation.org/UA/Plc/Applications;s=SlowRandomUIntScalar3":{"Value":1712385967,"SourceTimestamp":"2024-04-27T11:46:18.4495353Z","ServerTimestamp":"2024-04-27T11:46:18.4495362Z"},"nsu=http://opcfoundation.org/UA/Plc/Applications;s=BadSlowRandomUIntScalar1":{"Value":2211401884,"SourceTimestamp":"2024-04-27T11:46:18.4498199Z","ServerTimestamp":"2024-04-27T11:46:18.449822Z"}}}]}