{"MessageId":"75970ea1-f18d-48d7-b19a-65d4986ec91d","MessageType":"ua-data","PublisherId":"DESKTOP-BGFJS91","DataSetWriterGroup":"<<UnknownWriterGroup>>","Messages":[{"DataSetWriterId":3,"SequenceNumber":11,"MetaDataVersion":{"MajorVersion":1},"Timestamp":"2024-04-27T11:46:19.8790005Z","MessageType":"ua-deltaframe","DataSetWriterName":"Assembly","Payload":{"nsu=http://opcfoundation.org/UA/Plc/Applications;s=SlowUIntScalar1":{"Value":11,"SourceTimestamp":"2024-04-27T11:46:18.4493201Z","ServerTimestamp":"2024-04-27T11:46:18.4493224Z"},"nsu=http://opcfoundation.org/UA/Plc/Applications;s=SlowUIntScalar2":{"Value":11,"SourceTimestamp":"2024-04-27T11:46:18.4493332Z","ServerTimestamp":"2024-04-27T11:46:18.4493339Z"},"nsu=http://opcfoundation.org/UA/Plc/Applications;s=SlowUIntScalar3":{"Value":11,"SourceTimestamp":"2024-04-27T11:46:18.449335Z","ServerTimestamp":"2024-04-27T11:46:18.4493355Z"},"nsu=http://opcfoundation.org/UA/Plc/Applications;s=BadSlowUIntScalar1":{"Value":1,"SourceTimestamp":"2024-04-27T11:46:18.4493364Z","ServerTimestamp":"2024-04-27T11:46:18.4493369Z"}}}]}