{"MessageId":"94d68285-589f-46c1-8433-12a2bcb9d02c","MessageType":"ua-data","PublisherId":"DESKTOP-BGFJS91","DataSetWriterGroup":"<<UnknownWriterGroup>>","Messages":[{"DataSetWriterId":1,"SequenceNumber":108,"MetaDataVersion":{"MajorVersion":1},"Timestamp":"2024-04-27T11:46:21.7969899Z","MessageType":"ua-deltaframe","DataSetWriterName":"Test","Payload":{"nsu=http://opcfoundation.org/UA/Plc/Applications;s=FastUIntScalar2":{"Value":113,"SourceTimestamp":"2024-04-27T11:46:21.4470409Z","ServerTimestamp":"2024-04-27T11:46:21.4470417Z"},"nsu=http://opcfoundation.org/UA/Plc/Applications;s=FastUIntScalar3":{"Value":113,"SourceTimestamp":"2024-04-27T11:46:21.4470431Z","ServerTimestamp":"2024-04-27T11:46:21.4470436Z"},"nsu=http://opcfoundation.org/UA/Plc/Applications;s=FastRandomUIntScalar1":{"Value":2318766696,"SourceTimestamp":"2024-04-27T11:46:21.4471376Z","ServerTimestamp":"2024-04-27T11:46:21.4471392Z"},"nsu=http://opcfoundation.org/UA/Plc/Applications;s=FastRandomUIntScalar2":{"Value":621806646,"SourceTimestamp":"2024-04-27T11:46:21.4471455Z","ServerTimestamp":"2024-04-27T11:46:21.4471573Z"},"nsu=http://opcfoundation.org/UA/Plc/Applications;s=FastRandomUIntScalar3":{"Value":2366370014,"SourceTimestamp":"2024-04-27T11:46:21.4471638Z","ServerTimestamp":"2024-04-27T11:46:21.4471653Z"}}}]}