{"MessageId":"44f5477c-f9cc-486e-b9f1-4099ca95db9b","MessageType":"ua-data","PublisherId":"DESKTOP-BGFJS91","DataSetWriterGroup":"<<UnknownWriterGroup>>","Messages":[{"SequenceNumber":102,"MetaDataVersion":{"MajorVersion":1},"Timestamp":"2024-04-27T11:46:22.725831Z","MessageType":"ua-deltaframe","DataSetWriterName":"MES","Payload":{"nsu=http://opcfoundation.org/UA/Plc/Applications;s=StepUp":{"Value":1142,"SourceTimestamp":"2024-04-27T11:46:22.6461182Z","ServerTimestamp":"2024-04-27T11:46:22.6461188Z"},"nsu=http://opcfoundation.org/UA/Plc/Applications;s=RandomSignedInt32":{"Value":-800566055,"SourceTimestamp":"2024-04-27T11:46:22.6460943Z","ServerTimestamp":"2024-04-27T11:46:22.646095Z"},"nsu=http://opcfoundation.org/UA/Plc/Applications;s=RandomUnsignedInt32":{"Value":1248450372,"SourceTimestamp":"2024-04-27T11:46:22.6461017Z","ServerTimestamp":"2024-04-27T11:46:22.6461033Z"},"nsu=http://opcfoundation.org/UA/Plc/Applications;s=DipData":{"Value":90.482705246601952,"SourceTimestamp":"2024-04-27T11:46:22.6460755Z","ServerTimestamp":"2024-04-27T11:46:22.6461091Z"},"nsu=http://opcfoundation.org/UA/Plc/Applications;s=FastUIntScalar1":{"Value":114,"SourceTimestamp":"2024-04-27T11:46:22.4461546Z","ServerTimestamp":"2024-04-27T11:46:22.4461575Z"}}}]}