{"MessageId":"ba078c9a-ffda-49e8-93a6-1839e0dacd1d","MessageType":"ua-data","PublisherId":"DESKTOP-BGFJS91","DataSetWriterGroup":"<<UnknownWriterGroup>>","Messages":[{"DataSetWriterId":1,"SequenceNumber":12,"MetaDataVersion":{"MajorVersion":1},"Timestamp":"2024-04-27T11:44:42.8045575Z","MessageType":"ua-deltaframe","DataSetWriterName":"Test","Payload":{"nsu=http://opcfoundation.org/UA/Plc/Applications;s=FastUIntScalar2":{"Value":14,"SourceTimestamp":"2024-04-27T11:44:42.445365Z","ServerTimestamp":"2024-04-27T11:44:42.4453659Z"},"nsu=http://opcfoundation.org/UA/Plc/Applications;s=FastUIntScalar3":{"Value":14,"SourceTimestamp":"2024-04-27T11:44:42.4453674Z","ServerTimestamp":"2024-04-27T11:44:42.445368Z"},"nsu=http://opcfoundation.org/UA/Plc/Applications;s=FastRandomUIntScalar1":{"Value":2935138912,"SourceTimestamp":"2024-04-27T11:44:42.4453879Z","ServerTimestamp":"2024-04-27T11:44:42.4453903Z"},"nsu=http://opcfoundation.org/UA/Plc/Applications;s=FastRandomUIntScalar2":{"Value":1873590884,"SourceTimestamp":"2024-04-27T11:44:42.4453918Z","ServerTimestamp":"2024-04-27T11:44:42.4453923Z"},"nsu=http://opcfoundation.org/UA/Plc/Applications;s=FastRandomUIntScalar3":{"Value":3944606797,"SourceTimestamp":"2024-04-27T11:44:42.4453934Z","ServerTimestamp":"2024-04-27T11:44:42.4453939Z"}}}]}