{"MessageId":"80be4433-be89-4c4f-88d4-d7ddd3ba8389","MessageType":"ua-data","PublisherId":"DESKTOP-BGFJS91","DataSetWriterGroup":"<<UnknownWriterGroup>>","Messages":[{"DataSetWriterId":2,"SequenceNumber":1,"MetaDataVersion":{"MajorVersion":1},"Timestamp":"2024-04-27T11:44:30.8312097Z","MessageType":"ua-deltaframe","DataSetWriterName":"Assembly","Payload":{"nsu=http://opcfoundation.org/UA/Plc/Applications;s=NegativeTrendData":{"Value":100,"SourceTimestamp":"2024-04-27T11:44:29.7475518Z","ServerTimestamp":"2024-04-27T11:44:29.7983396Z"},"nsu=http://opcfoundation.org/UA/Plc/Applications;s=PositiveTrendData":{"Value":100,"SourceTimestamp":"2024-04-27T11:44:29.7475506Z","ServerTimestamp":"2024-04-27T11:44:29.7983462Z"}}}]}