{"MessageId":"561c32b0-309e-4ae8-acbd-02c04ff7f326","MessageType":"ua-data","PublisherId":"DESKTOP-BGFJS91","DataSetWriterGroup":"<<UnknownWriterGroup>>","Messages":[{"SequenceNumber":14,"MetaDataVersion":{"MajorVersion":1},"Timestamp":"2024-04-27T11:44:43.7253549Z","MessageType":"ua-deltaframe","DataSetWriterName":"MES","Payload":{"nsu=http://opcfoundation.org/UA/Plc/Applications;s=StepUp":{"Value":152,"SourceTimestamp":"2024-04-27T11:44:43.6485679Z","ServerTimestamp":"2024-04-27T11:44:43.6485685Z"},"nsu=http://opcfoundation.org/UA/Plc/Applications;s=AlternatingBoolean":{"Value":false,"SourceTimestamp":"2024-04-27T11:44:43.5558088Z","ServerTimestamp":"2024-04-27T11:44:43.5558095Z"},"nsu=http://opcfoundation.org/UA/Plc/Applications;s=RandomSignedInt32":{"Value":-769372906,"SourceTimestamp":"2024-04-27T11:44:43.6485551Z","ServerTimestamp":"2024-04-27T11:44:43.6485557Z"},"nsu=http://opcfoundation.org/UA/Plc/Applications;s=RandomUnsignedInt32":{"Value":499576611,"SourceTimestamp":"2024-04-27T11:44:43.6485695Z","ServerTimestamp":"2024-04-27T11:44:43.6485726Z"},"nsu=http://opcfoundation.org/UA/Plc/Applications;s=DipData":{"Value":-12.533323356430378,"SourceTimestamp":"2024-04-27T11:44:43.6485095Z","ServerTimestamp":"2024-04-27T11:44:43.6485138Z"},"nsu=http://opcfoundation.org/UA/Plc/Applications;s=FastUIntScalar1":{"Value":15,"SourceTimestamp":"2024-04-27T11:44:43.4478056Z","ServerTimestamp":"2024-04-27T11:44:43.4478088Z"}}}]}