{"MessageId":"5f4518ba-09ac-4c66-9c34-23e8c489819c","MessageType":"ua-data","PublisherId":"DESKTOP-BGFJS91","DataSetWriterGroup":"<<UnknownWriterGroup>>","Messages":[{"DataSetWriterId":1,"SequenceNumber":13,"MetaDataVersion":{"MajorVersion":1},"Timestamp":"2024-04-27T11:44:43.7875229Z","MessageType":"ua-deltaframe","DataSetWriterName":"Test","Payload":{"nsu=http://opcfoundation.org/UA/Plc/Applications;s=FastUIntScalar2":{"Value":15,"SourceTimestamp":"2024-04-27T11:44:43.4478192Z","ServerTimestamp":"2024-04-27T11:44:43.44782Z"},"nsu=http://opcfoundation.org/UA/Plc/Applications;s=FastUIntScalar3":{"Value":15,"SourceTimestamp":"2024-04-27T11:44:43.4478216Z","ServerTimestamp":"2024-04-27T11:44:43.4478221Z"},"nsu=http://opcfoundation.org/UA/Plc/Applications;s=FastRandomUIntScalar1":{"Value":4249007522,"SourceTimestamp":"2024-04-27T11:44:43.4478338Z","ServerTimestamp":"2024-04-27T11:44:43.4478397Z"},"nsu=http://opcfoundation.org/UA/Plc/Applications;s=FastRandomUIntScalar2":{"Value":847679315,"SourceTimestamp":"2024-04-27T11:44:43.4478408Z","ServerTimestamp":"2024-04-27T11:44:43.4478456Z"},"nsu=http://opcfoundation.org/UA/Plc/Applications;s=FastRandomUIntScalar3":{"Value":1325013088,"SourceTimestamp":"2024-04-27T11:44:43.4478484Z","ServerTimestamp":"2024-04-27T11:44:43.4478542Z"}}}]}