{"MessageId":"63b18a12-35cd-4e6a-82e4-975e020e4b7e","MessageType":"ua-data","PublisherId":"DESKTOP-BGFJS91","DataSetWriterGroup":"<<UnknownWriterGroup>>","Messages":[{"SequenceNumber":15,"MetaDataVersion":{"MajorVersion":1},"Timestamp":"2024-04-27T11:44:44.7199111Z","MessageType":"ua-deltaframe","DataSetWriterName":"MES","Payload":{"nsu=http://opcfoundation.org/UA/Plc/Applications;s=StepUp":{"Value":162,"SourceTimestamp":"2024-04-27T11:44:44.6408171Z","ServerTimestamp":"2024-04-27T11:44:44.6408796Z"},"nsu=http://opcfoundation.org/UA/Plc/Applications;s=RandomSignedInt32":{"Value":-1504372098,"SourceTimestamp":"2024-04-27T11:44:44.6408102Z","ServerTimestamp":"2024-04-27T11:44:44.6408155Z"},"nsu=http://opcfoundation.org/UA/Plc/Applications;s=RandomUnsignedInt32":{"Value":1189239595,"SourceTimestamp":"2024-04-27T11:44:44.6408028Z","ServerTimestamp":"2024-04-27T11:44:44.6408458Z"},"nsu=http://opcfoundation.org/UA/Plc/Applications;s=DipData":{"Value":-98.228725072868855,"SourceTimestamp":"2024-04-27T11:44:44.6408067Z","ServerTimestamp":"2024-04-27T11:44:44.6408629Z"},"nsu=http://opcfoundation.org/UA/Plc/Applications;s=FastUIntScalar1":{"Value":16,"SourceTimestamp":"2024-04-27T11:44:44.4524796Z","ServerTimestamp":"2024-04-27T11:44:44.4524844Z"}}}]}