{"MessageId":"b27c6312-fdf4-4d5f-b79c-1ad31a14522a","MessageType":"ua-data","PublisherId":"DESKTOP-BGFJS91","DataSetWriterGroup":"<<UnknownWriterGroup>>","Messages":[{"SequenceNumber":16,"MetaDataVersion":{"MajorVersion":1},"Timestamp":"2024-04-27T11:44:45.7090349Z","MessageType":"ua-deltaframe","DataSetWriterName":"MES","Payload":{"nsu=http://opcfoundation.org/UA/Plc/Applications;s=StepUp":{"Value":172,"SourceTimestamp":"2024-04-27T11:44:45.6456933Z","ServerTimestamp":"2024-04-27T11:44:45.6456947Z"},"nsu=http://opcfoundation.org/UA/Plc/Applications;s=RandomSignedInt32":{"Value":-484706567,"SourceTimestamp":"2024-04-27T11:44:45.6456749Z","ServerTimestamp":"2024-04-27T11:44:45.6456855Z"},"nsu=http://opcfoundation.org/UA/Plc/Applications;s=RandomUnsignedInt32":{"Value":298099655,"SourceTimestamp":"2024-04-27T11:44:45.6456717Z","ServerTimestamp":"2024-04-27T11:44:45.6456757Z"},"nsu=http://opcfoundation.org/UA/Plc/Applications;s=DipData":{"Value":-48.175367410171539,"SourceTimestamp":"2024-04-27T11:44:45.6456621Z","ServerTimestamp":"2024-04-27T11:44:45.6457154Z"},"nsu=http://opcfoundation.org/UA/Plc/Applications;s=FastUIntScalar1":{"Value":17,"SourceTimestamp":"2024-04-27T11:44:45.4485163Z","ServerTimestamp":"2024-04-27T11:44:45.4485189Z"}}}]}