{"MessageId":"2d3b7dad-9773-4f2b-b95d-e08cfdd5513e","MessageType":"ua-data","PublisherId":"DESKTOP-BGFJS91","DataSetWriterGroup":"<<UnknownWriterGroup>>","Messages":[{"DataSetWriterId":1,"SequenceNumber":15,"MetaDataVersion":{"MajorVersion":1},"Timestamp":"2024-04-27T11:44:45.7716682Z","MessageType":"ua-deltaframe","DataSetWriterName":"Test","Payload":{"nsu=http://opcfoundation.org/UA/Plc/Applications;s=FastUIntScalar2":{"Value":17,"SourceTimestamp":"2024-04-27T11:44:45.4485293Z","ServerTimestamp":"2024-04-27T11:44:45.4485306Z"},"nsu=http://opcfoundation.org/UA/Plc/Applications;s=FastUIntScalar3":{"Value":17,"SourceTimestamp":"2024-04-27T11:44:45.4485323Z","ServerTimestamp":"2024-04-27T11:44:45.4485329Z"},"nsu=http://opcfoundation.org/UA/Plc/Applications;s=FastRandomUIntScalar1":{"Value":3978966565,"SourceTimestamp":"2024-04-27T11:44:45.4485518Z","ServerTimestamp":"2024-04-27T11:44:45.4486249Z"},"nsu=http://opcfoundation.org/UA/Plc/Applications;s=FastRandomUIntScalar2":{"Value":2094453571,"SourceTimestamp":"2024-04-27T11:44:45.4486379Z","ServerTimestamp":"2024-04-27T11:44:45.4486395Z"},"nsu=http://opcfoundation.org/UA/Plc/Applications;s=FastRandomUIntScalar3":{"Value":3203161932,"SourceTimestamp":"2024-04-27T11:44:45.4486411Z","ServerTimestamp":"2024-04-27T11:44:45.4486419Z"}}}]}