{"MessageId":"9be8e8d8-f98b-42fd-b28c-eaf426059699","MessageType":"ua-data","PublisherId":"DESKTOP-BGFJS91","DataSetWriterGroup":"<<UnknownWriterGroup>>","Messages":[{"DataSetWriterId":5,"SequenceNumber":15,"MetaDataVersion":{"MajorVersion":1},"Timestamp":"2024-04-27T11:44:46.9500118Z","MessageType":"ua-deltaframe","DataSetWriterName":"Packaging","Payload":{"nsu=http://opcfoundation.org/UA/Plc/Applications;s=SpikeData":{"Value":84.432792550201498,"SourceTimestamp":"2024-04-27T11:44:46.8425938Z","ServerTimestamp":"2024-04-27T11:44:46.8425958Z"}}}]}