{"MessageId":"a833a957-1957-40e5-a0ba-568d14d8fc25","MessageType":"ua-data","PublisherId":"DESKTOP-BGFJS91","DataSetWriterGroup":"<<UnknownWriterGroup>>","Messages":[{"DataSetWriterId":1,"SequenceNumber":17,"MetaDataVersion":{"MajorVersion":1},"Timestamp":"2024-04-27T11:44:47.816291Z","MessageType":"ua-deltaframe","DataSetWriterName":"Test","Payload":{"nsu=http://opcfoundation.org/UA/Plc/Applications;s=FastUIntScalar2":{"Value":19,"SourceTimestamp":"2024-04-27T11:44:47.4469287Z","ServerTimestamp":"2024-04-27T11:44:47.4469303Z"},"nsu=http://opcfoundation.org/UA/Plc/Applications;s=FastUIntScalar3":{"Value":19,"SourceTimestamp":"2024-04-27T11:44:47.446933Z","ServerTimestamp":"2024-04-27T11:44:47.4469339Z"},"nsu=http://opcfoundation.org/UA/Plc/Applications;s=FastRandomUIntScalar1":{"Value":531300449,"SourceTimestamp":"2024-04-27T11:44:47.4470283Z","ServerTimestamp":"2024-04-27T11:44:47.4470318Z"},"nsu=http://opcfoundation.org/UA/Plc/Applications;s=FastRandomUIntScalar2":{"Value":55085322,"SourceTimestamp":"2024-04-27T11:44:47.447044Z","ServerTimestamp":"2024-04-27T11:44:47.4470453Z"},"nsu=http://opcfoundation.org/UA/Plc/Applications;s=FastRandomUIntScalar3":{"Value":1471351887,"SourceTimestamp":"2024-04-27T11:44:47.4470476Z","ServerTimestamp":"2024-04-27T11:44:47.4470486Z"}}}]}