{"MessageId":"924eadcb-aa21-465c-bc63-c07864c694c8","MessageType":"ua-data","PublisherId":"DESKTOP-BGFJS91","DataSetWriterGroup":"<<UnknownWriterGroup>>","Messages":[{"DataSetWriterId":5,"SequenceNumber":17,"MetaDataVersion":{"MajorVersion":1},"Timestamp":"2024-04-27T11:44:48.9256523Z","MessageType":"ua-deltaframe","DataSetWriterName":"Packaging","Payload":{"nsu=http://opcfoundation.org/UA/Plc/Applications;s=SpikeData":{"Value":-36.812455268467787,"SourceTimestamp":"2024-04-27T11:44:48.8483875Z","ServerTimestamp":"2024-04-27T11:44:48.8484014Z"}}}]}