{"MessageId":"60b6ae8b-e2af-4f06-ad47-cc3ef9efb829","MessageType":"ua-data","PublisherId":"DESKTOP-BGFJS91","DataSetWriterGroup":"<<UnknownWriterGroup>>","Messages":[{"DataSetWriterId":1,"SequenceNumber":19,"MetaDataVersion":{"MajorVersion":1},"Timestamp":"2024-04-27T11:44:49.7953698Z","MessageType":"ua-deltaframe","DataSetWriterName":"Test","Payload":{"nsu=http://opcfoundation.org/UA/Plc/Applications;s=FastUIntScalar2":{"Value":21,"SourceTimestamp":"2024-04-27T11:44:49.4545809Z","ServerTimestamp":"2024-04-27T11:44:49.4545818Z"},"nsu=http://opcfoundation.org/UA/Plc/Applications;s=FastUIntScalar3":{"Value":21,"SourceTimestamp":"2024-04-27T11:44:49.4545833Z","ServerTimestamp":"2024-04-27T11:44:49.4545837Z"},"nsu=http://opcfoundation.org/UA/Plc/Applications;s=FastRandomUIntScalar1":{"Value":311552426,"SourceTimestamp":"2024-04-27T11:44:49.4546184Z","ServerTimestamp":"2024-04-27T11:44:49.4546192Z"},"nsu=http://opcfoundation.org/UA/Plc/Applications;s=FastRandomUIntScalar2":{"Value":1986904486,"SourceTimestamp":"2024-04-27T11:44:49.4546211Z","ServerTimestamp":"2024-04-27T11:44:49.4546217Z"},"nsu=http://opcfoundation.org/UA/Plc/Applications;s=FastRandomUIntScalar3":{"Value":2143094398,"SourceTimestamp":"2024-04-27T11:44:49.4546229Z","ServerTimestamp":"2024-04-27T11:44:49.4546278Z"}}}]}