{"MessageId":"b2a6c40f-236e-47cc-86ad-dbb4c5267b01","MessageType":"ua-data","PublisherId":"DESKTOP-BGFJS91","DataSetWriterGroup":"<<UnknownWriterGroup>>","Messages":[{"SequenceNumber":20,"MetaDataVersion":{"MajorVersion":1},"Timestamp":"2024-04-27T11:44:50.7272871Z","MessageType":"ua-deltaframe","DataSetWriterName":"MES","Payload":{"nsu=http://opcfoundation.org/UA/Plc/Applications;s=StepUp":{"Value":222,"SourceTimestamp":"2024-04-27T11:44:50.6478923Z","ServerTimestamp":"2024-04-27T11:44:50.6478971Z"},"nsu=http://opcfoundation.org/UA/Plc/Applications;s=RandomSignedInt32":{"Value":2061424082,"SourceTimestamp":"2024-04-27T11:44:50.6478789Z","ServerTimestamp":"2024-04-27T11:44:50.6478885Z"},"nsu=http://opcfoundation.org/UA/Plc/Applications;s=RandomUnsignedInt32":{"Value":1857297825,"SourceTimestamp":"2024-04-27T11:44:50.6478714Z","ServerTimestamp":"2024-04-27T11:44:50.6478727Z"},"nsu=http://opcfoundation.org/UA/Plc/Applications;s=DipData":{"Value":-48.175367410171539,"SourceTimestamp":"2024-04-27T11:44:50.6478748Z","ServerTimestamp":"2024-04-27T11:44:50.6478921Z"},"nsu=http://opcfoundation.org/UA/Plc/Applications;s=FastUIntScalar1":{"Value":22,"SourceTimestamp":"2024-04-27T11:44:50.4474177Z","ServerTimestamp":"2024-04-27T11:44:50.4474201Z"}}}]}