{"MessageId":"1a55ca0c-82a6-4063-9334-4ef53a129d40","MessageType":"ua-data","PublisherId":"DESKTOP-BGFJS91","DataSetWriterGroup":"<<UnknownWriterGroup>>","Messages":[{"DataSetWriterId":1,"SequenceNumber":20,"MetaDataVersion":{"MajorVersion":1},"Timestamp":"2024-04-27T11:44:50.7882126Z","MessageType":"ua-deltaframe","DataSetWriterName":"Test","Payload":{"nsu=http://opcfoundation.org/UA/Plc/Applications;s=FastUIntScalar2":{"Value":22,"SourceTimestamp":"2024-04-27T11:44:50.4474294Z","ServerTimestamp":"2024-04-27T11:44:50.4474303Z"},"nsu=http://opcfoundation.org/UA/Plc/Applications;s=FastUIntScalar3":{"Value":22,"SourceTimestamp":"2024-04-27T11:44:50.4474314Z","ServerTimestamp":"2024-04-27T11:44:50.447432Z"},"nsu=http://opcfoundation.org/UA/Plc/Applications;s=FastRandomUIntScalar1":{"Value":3422164836,"SourceTimestamp":"2024-04-27T11:44:50.447474Z","ServerTimestamp":"2024-04-27T11:44:50.4474761Z"},"nsu=http://opcfoundation.org/UA/Plc/Applications;s=FastRandomUIntScalar2":{"Value":3979520751,"SourceTimestamp":"2024-04-27T11:44:50.4474836Z","ServerTimestamp":"2024-04-27T11:44:50.4474843Z"},"nsu=http://opcfoundation.org/UA/Plc/Applications;s=FastRandomUIntScalar3":{"Value":334371266,"SourceTimestamp":"2024-04-27T11:44:50.4474855Z","ServerTimestamp":"2024-04-27T11:44:50.4474861Z"}}}]}