{"MessageId":"29ad42e6-aea0-4141-994b-c09edcf2ccf2","MessageType":"ua-data","PublisherId":"DESKTOP-BGFJS91","DataSetWriterGroup":"<<UnknownWriterGroup>>","Messages":[{"DataSetWriterId":5,"SequenceNumber":20,"MetaDataVersion":{"MajorVersion":1},"Timestamp":"2024-04-27T11:44:51.9106643Z","MessageType":"ua-deltaframe","DataSetWriterName":"Packaging","Payload":{"nsu=http://opcfoundation.org/UA/Plc/Applications;s=SpikeData":{"Value":84.432792550201498,"SourceTimestamp":"2024-04-27T11:44:51.8491923Z","ServerTimestamp":"2024-04-27T11:44:51.8491956Z"}}}]}