{"MessageId":"91663f61-db23-4154-9b4b-5dcb63a3ef3a","MessageType":"ua-data","PublisherId":"DESKTOP-BGFJS91","DataSetWriterGroup":"<<UnknownWriterGroup>>","Messages":[{"DataSetWriterId":1,"SequenceNumber":22,"MetaDataVersion":{"MajorVersion":1},"Timestamp":"2024-04-27T11:44:52.7793547Z","MessageType":"ua-deltaframe","DataSetWriterName":"Test","Payload":{"nsu=http://opcfoundation.org/UA/Plc/Applications;s=FastUIntScalar2":{"Value":24,"SourceTimestamp":"2024-04-27T11:44:52.4514273Z","ServerTimestamp":"2024-04-27T11:44:52.4514282Z"},"nsu=http://opcfoundation.org/UA/Plc/Applications;s=FastUIntScalar3":{"Value":24,"SourceTimestamp":"2024-04-27T11:44:52.4514299Z","ServerTimestamp":"2024-04-27T11:44:52.4514305Z"},"nsu=http://opcfoundation.org/UA/Plc/Applications;s=FastRandomUIntScalar1":{"Value":2012991692,"SourceTimestamp":"2024-04-27T11:44:52.4514568Z","ServerTimestamp":"2024-04-27T11:44:52.4514607Z"},"nsu=http://opcfoundation.org/UA/Plc/Applications;s=FastRandomUIntScalar2":{"Value":2908536061,"SourceTimestamp":"2024-04-27T11:44:52.4514621Z","ServerTimestamp":"2024-04-27T11:44:52.4514644Z"},"nsu=http://opcfoundation.org/UA/Plc/Applications;s=FastRandomUIntScalar3":{"Value":3531460929,"SourceTimestamp":"2024-04-27T11:44:52.4514656Z","ServerTimestamp":"2024-04-27T11:44:52.4514661Z"}}}]}