{"MessageId":"3adff146-6331-42b6-9d56-6225bf245fff","MessageType":"ua-data","PublisherId":"DESKTOP-BGFJS91","DataSetWriterGroup":"<<UnknownWriterGroup>>","Messages":[{"SequenceNumber":26,"MetaDataVersion":{"MajorVersion":1},"Timestamp":"2024-04-27T11:44:56.7515618Z","MessageType":"ua-deltaframe","DataSetWriterName":"MES","Payload":{"nsu=http://opcfoundation.org/UA/Plc/Applications;s=StepUp":{"Value":282,"SourceTimestamp":"2024-04-27T11:44:56.6420193Z","ServerTimestamp":"2024-04-27T11:44:56.6420214Z"},"nsu=http://opcfoundation.org/UA/Plc/Applications;s=RandomSignedInt32":{"Value":1756029250,"SourceTimestamp":"2024-04-27T11:44:56.6420083Z","ServerTimestamp":"2024-04-27T11:44:56.6420089Z"},"nsu=http://opcfoundation.org/UA/Plc/Applications;s=RandomUnsignedInt32":{"Value":39801205,"SourceTimestamp":"2024-04-27T11:44:56.6420109Z","ServerTimestamp":"2024-04-27T11:44:56.6420164Z"},"nsu=http://opcfoundation.org/UA/Plc/Applications;s=DipData":{"Value":77.051324277578928,"SourceTimestamp":"2024-04-27T11:44:56.7512078Z","ServerTimestamp":"2024-04-27T11:44:56.7512098Z"},"nsu=http://opcfoundation.org/UA/Plc/Applications;s=FastUIntScalar1":{"Value":28,"SourceTimestamp":"2024-04-27T11:44:56.4423584Z","ServerTimestamp":"2024-04-27T11:44:56.442361Z"}}}]}