{"MessageId":"4bd4ffd3-211e-4cfb-a26f-7382183f0228","MessageType":"ua-data","PublisherId":"DESKTOP-BGFJS91","DataSetWriterGroup":"<<UnknownWriterGroup>>","Messages":[{"DataSetWriterId":5,"SequenceNumber":24,"MetaDataVersion":{"MajorVersion":1},"Timestamp":"2024-04-27T11:44:56.9376519Z","MessageType":"ua-deltaframe","DataSetWriterName":"Packaging","Payload":{"nsu=http://opcfoundation.org/UA/Plc/Applications;s=SpikeData":{"Value":84.432792550201498,"SourceTimestamp":"2024-04-27T11:44:56.8443075Z","ServerTimestamp":"2024-04-27T11:44:56.8443128Z"}}}]}