{"MessageId":"54bfb0fa-8891-4550-a541-226f2c149ecd","MessageType":"ua-data","PublisherId":"DESKTOP-BGFJS91","DataSetWriterGroup":"<<UnknownWriterGroup>>","Messages":[{"DataSetWriterId":5,"SequenceNumber":25,"MetaDataVersion":{"MajorVersion":1},"Timestamp":"2024-04-27T11:44:57.9345719Z","MessageType":"ua-deltaframe","DataSetWriterName":"Packaging","Payload":{"nsu=http://opcfoundation.org/UA/Plc/Applications;s=SpikeData":{"Value":77.051324277578928,"SourceTimestamp":"2024-04-27T11:44:57.8556374Z","ServerTimestamp":"2024-04-27T11:44:57.8556596Z"}}}]}