{"MessageId":"55883cfd-8f29-4b62-a603-cb8592245920","MessageType":"ua-data","PublisherId":"DESKTOP-BGFJS91","DataSetWriterGroup":"<<UnknownWriterGroup>>","Messages":[{"SequenceNumber":28,"MetaDataVersion":{"MajorVersion":1},"Timestamp":"2024-04-27T11:44:58.7334166Z","MessageType":"ua-deltaframe","DataSetWriterName":"MES","Payload":{"nsu=http://opcfoundation.org/UA/Plc/Applications;s=StepUp":{"Value":302,"SourceTimestamp":"2024-04-27T11:44:58.6416782Z","ServerTimestamp":"2024-04-27T11:44:58.6416871Z"},"nsu=http://opcfoundation.org/UA/Plc/Applications;s=AlternatingBoolean":{"Value":true,"SourceTimestamp":"2024-04-27T11:44:58.5489259Z","ServerTimestamp":"2024-04-27T11:44:58.548929Z"},"nsu=http://opcfoundation.org/UA/Plc/Applications;s=RandomSignedInt32":{"Value":1455785278,"SourceTimestamp":"2024-04-27T11:44:58.6416784Z","ServerTimestamp":"2024-04-27T11:44:58.6416838Z"},"nsu=http://opcfoundation.org/UA/Plc/Applications;s=RandomUnsignedInt32":{"Value":414467004,"SourceTimestamp":"2024-04-27T11:44:58.6416715Z","ServerTimestamp":"2024-04-27T11:44:58.6417194Z"},"nsu=http://opcfoundation.org/UA/Plc/Applications;s=DipData":{"Value":-12.533323356430378,"SourceTimestamp":"2024-04-27T11:44:58.6416562Z","ServerTimestamp":"2024-04-27T11:44:58.6416627Z"},"nsu=http://opcfoundation.org/UA/Plc/Applications;s=FastUIntScalar1":{"Value":30,"SourceTimestamp":"2024-04-27T11:44:58.4553362Z","ServerTimestamp":"2024-04-27T11:44:58.455344Z"}}}]}