{"MessageId":"8ecc5bfc-41f7-4000-9e01-779f3f0cc4be","MessageType":"ua-data","PublisherId":"DESKTOP-BGFJS91","DataSetWriterGroup":"<<UnknownWriterGroup>>","Messages":[{"DataSetWriterId":3,"SequenceNumber":3,"MetaDataVersion":{"MajorVersion":1},"Timestamp":"2024-04-27T11:44:59.8447941Z","MessageType":"ua-deltaframe","DataSetWriterName":"Assembly","Payload":{"nsu=http://opcfoundation.org/UA/Plc/Applications;s=SlowUIntScalar1":{"Value":3,"SourceTimestamp":"2024-04-27T11:44:58.4552606Z","ServerTimestamp":"2024-04-27T11:44:58.4552647Z"},"nsu=http://opcfoundation.org/UA/Plc/Applications;s=SlowUIntScalar2":{"Value":3,"SourceTimestamp":"2024-04-27T11:44:58.4552791Z","ServerTimestamp":"2024-04-27T11:44:58.4552804Z"},"nsu=http://opcfoundation.org/UA/Plc/Applications;s=SlowUIntScalar3":{"Value":3,"SourceTimestamp":"2024-04-27T11:44:58.4552826Z","ServerTimestamp":"2024-04-27T11:44:58.4552838Z"},"nsu=http://opcfoundation.org/UA/Plc/Applications;s=BadSlowUIntScalar1":{"Value":3,"SourceTimestamp":"2024-04-27T11:44:58.4552865Z","ServerTimestamp":"2024-04-27T11:44:58.4552872Z"}}}]}