{"MessageId":"333542e0-854c-4cca-9746-3f4395de8d20","MessageType":"ua-data","PublisherId":"DESKTOP-BGFJS91","DataSetWriterGroup":"<<UnknownWriterGroup>>","Messages":[{"DataSetWriterId":1,"SequenceNumber":31,"MetaDataVersion":{"MajorVersion":1},"Timestamp":"2024-04-27T11:45:01.7667332Z","MessageType":"ua-deltaframe","DataSetWriterName":"Test","Payload":{"nsu=http://opcfoundation.org/UA/Plc/Applications;s=FastUIntScalar2":{"Value":33,"SourceTimestamp":"2024-04-27T11:45:01.4411701Z","ServerTimestamp":"2024-04-27T11:45:01.4411717Z"},"nsu=http://opcfoundation.org/UA/Plc/Applications;s=FastUIntScalar3":{"Value":33,"SourceTimestamp":"2024-04-27T11:45:01.4411745Z","ServerTimestamp":"2024-04-27T11:45:01.4411759Z"},"nsu=http://opcfoundation.org/UA/Plc/Applications;s=FastRandomUIntScalar1":{"Value":341718278,"SourceTimestamp":"2024-04-27T11:45:01.4412358Z","ServerTimestamp":"2024-04-27T11:45:01.4412471Z"},"nsu=http://opcfoundation.org/UA/Plc/Applications;s=FastRandomUIntScalar2":{"Value":3150092506,"SourceTimestamp":"2024-04-27T11:45:01.4412489Z","ServerTimestamp":"2024-04-27T11:45:01.4412497Z"},"nsu=http://opcfoundation.org/UA/Plc/Applications;s=FastRandomUIntScalar3":{"Value":3294594074,"SourceTimestamp":"2024-04-27T11:45:01.4412625Z","ServerTimestamp":"2024-04-27T11:45:01.441275Z"}}}]}