[{"nsu=http://opcfoundation.org/UA/Plc/Applications;s=StepUp":{"Value":229,"SourceTimestamp":"2024-04-27T19:23:42.3026684Z","ServerTimestamp":"2024-04-27T19:23:42.3026725Z"},"nsu=http://opcfoundation.org/UA/Plc/Applications;s=RandomSignedInt32":{"Value":-1871889189,"SourceTimestamp":"2024-04-27T19:23:42.302739Z","ServerTimestamp":"2024-04-27T19:23:42.3027423Z"},"nsu=http://opcfoundation.org/UA/Plc/Applications;s=RandomUnsignedInt32":{"Value":272127552,"SourceTimestamp":"2024-04-27T19:23:42.3027025Z","ServerTimestamp":"2024-04-27T19:23:42.3027151Z"},"nsu=http://opcfoundation.org/UA/Plc/Applications;s=DipData":{"Value":36.812455268467772,"SourceTimestamp":"2024-04-27T19:23:42.3027289Z","ServerTimestamp":"2024-04-27T19:23:42.3027301Z"},"nsu=http://opcfoundation.org/UA/Plc/Applications;s=FastUIntScalar1":{"Value":22,"SourceTimestamp":"2024-04-27T19:23:41.3879744Z","ServerTimestamp":"2024-04-27T19:23:41.3879792Z"},"nsu=http://opcfoundation.org/UA/Plc/Applications;s=FastUIntScalar2":{"Value":22,"SourceTimestamp":"2024-04-27T19:23:41.3879824Z","ServerTimestamp":"2024-04-27T19:23:41.387987Z"},"nsu=http://opcfoundation.org/UA/Plc/Applications;s=FastUIntScalar3":{"Value":22,"SourceTimestamp":"2024-04-27T19:23:41.3879882Z","ServerTimestamp":"2024-04-27T19:23:41.3879893Z"},"nsu=http://opcfoundation.org/UA/Plc/Applications;s=FastRandomUIntScalar1":{"Value":3886622784,"SourceTimestamp":"2024-04-27T19:23:41.3879781Z","ServerTimestamp":"2024-04-27T19:23:41.3879823Z"},"nsu=http://opcfoundation.org/UA/Plc/Applications;s=FastRandomUIntScalar2":{"Value":4176685498,"SourceTimestamp":"2024-04-27T19:23:41.3879841Z","ServerTimestamp":"2024-04-27T19:23:41.3879881Z"},"nsu=http://opcfoundation.org/UA/Plc/Applications;s=FastRandomUIntScalar3":{"Value":3578210244,"SourceTimestamp":"2024-04-27T19:23:41.3879894Z","ServerTimestamp":"2024-04-27T19:23:41.3879904Z"},"nsu=http://opcfoundation.org/UA/Plc/Applications;s=SpikeData":{"Value":36.812455268467772,"SourceTimestamp":"2024-04-27T19:23:42.3026711Z","ServerTimestamp":"2024-04-27T19:23:42.3026894Z"}}]