[{"nsu=http://opcfoundation.org/UA/Plc/Applications;s=StepUp":{"Value":289,"SourceTimestamp":"2024-04-27T19:23:48.2980126Z","ServerTimestamp":"2024-04-27T19:23:48.298016Z"},"nsu=http://opcfoundation.org/UA/Plc/Applications;s=RandomSignedInt32":{"Value":528609135,"SourceTimestamp":"2024-04-27T19:23:48.2980452Z","ServerTimestamp":"2024-04-27T19:23:48.2980518Z"},"nsu=http://opcfoundation.org/UA/Plc/Applications;s=RandomUnsignedInt32":{"Value":1341305943,"SourceTimestamp":"2024-04-27T19:23:48.2980476Z","ServerTimestamp":"2024-04-27T19:23:48.2980505Z"},"nsu=http://opcfoundation.org/UA/Plc/Applications;s=DipData":{"Value":99.80267284282715,"SourceTimestamp":"2024-04-27T19:23:48.1886652Z","ServerTimestamp":"2024-04-27T19:23:48.1886748Z"},"nsu=http://opcfoundation.org/UA/Plc/Applications;s=FastUIntScalar1":{"Value":28,"SourceTimestamp":"2024-04-27T19:23:47.3888672Z","ServerTimestamp":"2024-04-27T19:23:47.3888873Z"},"nsu=http://opcfoundation.org/UA/Plc/Applications;s=FastUIntScalar2":{"Value":28,"SourceTimestamp":"2024-04-27T19:23:47.3888906Z","ServerTimestamp":"2024-04-27T19:23:47.3888915Z"},"nsu=http://opcfoundation.org/UA/Plc/Applications;s=FastUIntScalar3":{"Value":28,"SourceTimestamp":"2024-04-27T19:23:47.3888934Z","ServerTimestamp":"2024-04-27T19:23:47.3888946Z"},"nsu=http://opcfoundation.org/UA/Plc/Applications;s=FastRandomUIntScalar1":{"Value":3822482845,"SourceTimestamp":"2024-04-27T19:23:47.3889045Z","ServerTimestamp":"2024-04-27T19:23:47.3889077Z"},"nsu=http://opcfoundation.org/UA/Plc/Applications;s=FastRandomUIntScalar2":{"Value":4260176689,"SourceTimestamp":"2024-04-27T19:23:47.3889175Z","ServerTimestamp":"2024-04-27T19:23:47.3889189Z"},"nsu=http://opcfoundation.org/UA/Plc/Applications;s=FastRandomUIntScalar3":{"Value":2900620397,"SourceTimestamp":"2024-04-27T19:23:47.3889212Z","ServerTimestamp":"2024-04-27T19:23:47.3889222Z"},"nsu=http://opcfoundation.org/UA/Plc/Applications;s=SpikeData":{"Value":99.80267284282715,"SourceTimestamp":"2024-04-27T19:23:48.1886487Z","ServerTimestamp":"2024-04-27T19:23:48.1886508Z"}}]