[{"nsu=http://opcfoundation.org/UA/Plc/Applications;s=StepUp":{"Value":309,"SourceTimestamp":"2024-04-27T19:23:50.2925436Z","ServerTimestamp":"2024-04-27T19:23:50.2925482Z"},"nsu=http://opcfoundation.org/UA/Plc/Applications;s=AlternatingBoolean":{"Value":true,"SourceTimestamp":"2024-04-27T19:23:49.4869841Z","ServerTimestamp":"2024-04-27T19:23:49.4869863Z"},"nsu=http://opcfoundation.org/UA/Plc/Applications;s=RandomSignedInt32":{"Value":-438037025,"SourceTimestamp":"2024-04-27T19:23:50.2925728Z","ServerTimestamp":"2024-04-27T19:23:50.292574Z"},"nsu=http://opcfoundation.org/UA/Plc/Applications;s=RandomUnsignedInt32":{"Value":206457611,"SourceTimestamp":"2024-04-27T19:23:50.2925815Z","ServerTimestamp":"2024-04-27T19:23:50.2925826Z"},"nsu=http://opcfoundation.org/UA/Plc/Applications;s=DipData":{"Value":-84.432792550201498,"SourceTimestamp":"2024-04-27T19:23:50.2925742Z","ServerTimestamp":"2024-04-27T19:23:50.2925787Z"},"nsu=http://opcfoundation.org/UA/Plc/Applications;s=FastUIntScalar1":{"Value":30,"SourceTimestamp":"2024-04-27T19:23:49.392515Z","ServerTimestamp":"2024-04-27T19:23:49.3925231Z"},"nsu=http://opcfoundation.org/UA/Plc/Applications;s=FastUIntScalar2":{"Value":30,"SourceTimestamp":"2024-04-27T19:23:49.3925273Z","ServerTimestamp":"2024-04-27T19:23:49.3925288Z"},"nsu=http://opcfoundation.org/UA/Plc/Applications;s=FastUIntScalar3":{"Value":30,"SourceTimestamp":"2024-04-27T19:23:49.3925299Z","ServerTimestamp":"2024-04-27T19:23:49.3925312Z"},"nsu=http://opcfoundation.org/UA/Plc/Applications;s=FastRandomUIntScalar1":{"Value":416675811,"SourceTimestamp":"2024-04-27T19:23:49.3925142Z","ServerTimestamp":"2024-04-27T19:23:49.3925206Z"},"nsu=http://opcfoundation.org/UA/Plc/Applications;s=FastRandomUIntScalar2":{"Value":1713636187,"SourceTimestamp":"2024-04-27T19:23:49.3925221Z","ServerTimestamp":"2024-04-27T19:23:49.3925447Z"},"nsu=http://opcfoundation.org/UA/Plc/Applications;s=FastRandomUIntScalar3":{"Value":3474044318,"SourceTimestamp":"2024-04-27T19:23:49.3925485Z","ServerTimestamp":"2024-04-27T19:23:49.3925493Z"},"nsu=http://opcfoundation.org/UA/Plc/Applications;s=NegativeTrendData":{"Value":99.700000000000003,"SourceTimestamp":"2024-04-27T19:23:49.4869774Z","ServerTimestamp":"2024-04-27T19:23:49.4869807Z"},"nsu=http://opcfoundation.org/UA/Plc/Applications;s=SlowUIntScalar1":{"Value":3,"SourceTimestamp":"2024-04-27T19:23:49.392473Z","ServerTimestamp":"2024-04-27T19:23:49.3924764Z"},"nsu=http://opcfoundation.org/UA/Plc/Applications;s=SlowUIntScalar2":{"Value":3,"SourceTimestamp":"2024-04-27T19:23:49.3924883Z","ServerTimestamp":"2024-04-27T19:23:49.3924888Z"},"nsu=http://opcfoundation.org/UA/Plc/Applications;s=SlowUIntScalar3":{"Value":3,"SourceTimestamp":"2024-04-27T19:23:49.3924899Z","ServerTimestamp":"2024-04-27T19:23:49.3924904Z"},"nsu=http://opcfoundation.org/UA/Plc/Applications;s=BadSlowUIntScalar1":{"Value":3,"SourceTimestamp":"2024-04-27T19:23:49.3924917Z","ServerTimestamp":"2024-04-27T19:23:49.3924922Z"},"nsu=http://opcfoundation.org/UA/Plc/Applications;s=SlowRandomUIntScalar1":{"Value":3781482676,"SourceTimestamp":"2024-04-27T19:23:49.392513Z","ServerTimestamp":"2024-04-27T19:23:49.3925147Z"},"nsu=http://opcfoundation.org/UA/Plc/Applications;s=SlowRandomUIntScalar2":{"Value":1355767852,"SourceTimestamp":"2024-04-27T19:23:49.3925208Z","ServerTimestamp":"2024-04-27T19:23:49.3925218Z"},"nsu=http://opcfoundation.org/UA/Plc/Applications;s=SlowRandomUIntScalar3":{"Value":4053417690,"SourceTimestamp":"2024-04-27T19:23:49.3925231Z","ServerTimestamp":"2024-04-27T19:23:49.3925274Z"},"nsu=http://opcfoundation.org/UA/Plc/Applications;s=BadSlowRandomUIntScalar1":{"Value":7112951,"SourceTimestamp":"2024-04-27T19:23:49.3925289Z","ServerTimestamp":"2024-04-27T19:23:49.3925299Z"},"nsu=http://opcfoundation.org/UA/Plc/Applications;s=SpikeData":{"Value":-84.432792550201498,"SourceTimestamp":"2024-04-27T19:23:50.2925293Z","ServerTimestamp":"2024-04-27T19:23:50.2925329Z"}}]