[{"nsu=http://opcfoundation.org/UA/Plc/Applications;s=StepUp":{"Value":328,"SourceTimestamp":"2024-04-27T19:23:52.1943723Z","ServerTimestamp":"2024-04-27T19:23:52.1943856Z"},"nsu=http://opcfoundation.org/UA/Plc/Applications;s=RandomSignedInt32":{"Value":-832678750,"SourceTimestamp":"2024-04-27T19:23:52.1944059Z","ServerTimestamp":"2024-04-27T19:23:52.194414Z"},"nsu=http://opcfoundation.org/UA/Plc/Applications;s=RandomUnsignedInt32":{"Value":1745930375,"SourceTimestamp":"2024-04-27T19:23:52.1944016Z","ServerTimestamp":"2024-04-27T19:23:52.1944035Z"},"nsu=http://opcfoundation.org/UA/Plc/Applications;s=DipData":{"Value":24.868988716485482,"SourceTimestamp":"2024-04-27T19:23:52.1943988Z","ServerTimestamp":"2024-04-27T19:23:52.1943992Z"},"nsu=http://opcfoundation.org/UA/Plc/Applications;s=FastUIntScalar1":{"Value":32,"SourceTimestamp":"2024-04-27T19:23:51.3899966Z","ServerTimestamp":"2024-04-27T19:23:51.3899979Z"},"nsu=http://opcfoundation.org/UA/Plc/Applications;s=FastUIntScalar2":{"Value":32,"SourceTimestamp":"2024-04-27T19:23:51.3900028Z","ServerTimestamp":"2024-04-27T19:23:51.3900102Z"},"nsu=http://opcfoundation.org/UA/Plc/Applications;s=FastUIntScalar3":{"Value":32,"SourceTimestamp":"2024-04-27T19:23:51.3900116Z","ServerTimestamp":"2024-04-27T19:23:51.3900122Z"},"nsu=http://opcfoundation.org/UA/Plc/Applications;s=FastRandomUIntScalar1":{"Value":1711336545,"SourceTimestamp":"2024-04-27T19:23:51.3900122Z","ServerTimestamp":"2024-04-27T19:23:51.3900136Z"},"nsu=http://opcfoundation.org/UA/Plc/Applications;s=FastRandomUIntScalar2":{"Value":4209865682,"SourceTimestamp":"2024-04-27T19:23:51.3900178Z","ServerTimestamp":"2024-04-27T19:23:51.3900184Z"},"nsu=http://opcfoundation.org/UA/Plc/Applications;s=FastRandomUIntScalar3":{"Value":396025743,"SourceTimestamp":"2024-04-27T19:23:51.3900196Z","ServerTimestamp":"2024-04-27T19:23:51.3900225Z"},"nsu=http://opcfoundation.org/UA/Plc/Applications;s=SpikeData":{"Value":24.868988716485482,"SourceTimestamp":"2024-04-27T19:23:52.1943696Z","ServerTimestamp":"2024-04-27T19:23:52.1943731Z"}}]