[{"nsu=http://opcfoundation.org/UA/Plc/Applications;s=StepUp":{"Value":379,"SourceTimestamp":"2024-04-27T19:23:57.2874317Z","ServerTimestamp":"2024-04-27T19:23:57.2874349Z"},"nsu=http://opcfoundation.org/UA/Plc/Applications;s=RandomSignedInt32":{"Value":-664511397,"SourceTimestamp":"2024-04-27T19:23:57.2874791Z","ServerTimestamp":"2024-04-27T19:23:57.2874802Z"},"nsu=http://opcfoundation.org/UA/Plc/Applications;s=RandomUnsignedInt32":{"Value":737226150,"SourceTimestamp":"2024-04-27T19:23:57.2874796Z","ServerTimestamp":"2024-04-27T19:23:57.2874826Z"},"nsu=http://opcfoundation.org/UA/Plc/Applications;s=DipData":{"Value":36.812455268467772,"SourceTimestamp":"2024-04-27T19:23:57.2874683Z","ServerTimestamp":"2024-04-27T19:23:57.2874888Z"},"nsu=http://opcfoundation.org/UA/Plc/Applications;s=FastUIntScalar1":{"Value":37,"SourceTimestamp":"2024-04-27T19:23:56.3903806Z","ServerTimestamp":"2024-04-27T19:23:56.3903854Z"},"nsu=http://opcfoundation.org/UA/Plc/Applications;s=FastUIntScalar2":{"Value":37,"SourceTimestamp":"2024-04-27T19:23:56.3903924Z","ServerTimestamp":"2024-04-27T19:23:56.3903965Z"},"nsu=http://opcfoundation.org/UA/Plc/Applications;s=FastUIntScalar3":{"Value":37,"SourceTimestamp":"2024-04-27T19:23:56.3903989Z","ServerTimestamp":"2024-04-27T19:23:56.3904004Z"},"nsu=http://opcfoundation.org/UA/Plc/Applications;s=FastRandomUIntScalar1":{"Value":4232399770,"SourceTimestamp":"2024-04-27T19:23:56.3903849Z","ServerTimestamp":"2024-04-27T19:23:56.3903926Z"},"nsu=http://opcfoundation.org/UA/Plc/Applications;s=FastRandomUIntScalar2":{"Value":2846603001,"SourceTimestamp":"2024-04-27T19:23:56.3903966Z","ServerTimestamp":"2024-04-27T19:23:56.3903991Z"},"nsu=http://opcfoundation.org/UA/Plc/Applications;s=FastRandomUIntScalar3":{"Value":2735052335,"SourceTimestamp":"2024-04-27T19:23:56.3904004Z","ServerTimestamp":"2024-04-27T19:23:56.3904016Z"},"nsu=http://opcfoundation.org/UA/Plc/Applications;s=SpikeData":{"Value":36.812455268467772,"SourceTimestamp":"2024-04-27T19:23:57.287433Z","ServerTimestamp":"2024-04-27T19:23:57.2874661Z"}}]