[{"nsu=http://opcfoundation.org/UA/Plc/Applications;s=StepUp":{"Value":419,"SourceTimestamp":"2024-04-27T19:24:01.2921653Z","ServerTimestamp":"2024-04-27T19:24:01.2921703Z"},"nsu=http://opcfoundation.org/UA/Plc/Applications;s=RandomSignedInt32":{"Value":1429459937,"SourceTimestamp":"2024-04-27T19:24:01.2922032Z","ServerTimestamp":"2024-04-27T19:24:01.2922159Z"},"nsu=http://opcfoundation.org/UA/Plc/Applications;s=RandomUnsignedInt32":{"Value":553093525,"SourceTimestamp":"2024-04-27T19:24:01.2922148Z","ServerTimestamp":"2024-04-27T19:24:01.2922409Z"},"nsu=http://opcfoundation.org/UA/Plc/Applications;s=DipData":{"Value":-77.051324277578942,"SourceTimestamp":"2024-04-27T19:24:01.2922219Z","ServerTimestamp":"2024-04-27T19:24:01.2922233Z"},"nsu=http://opcfoundation.org/UA/Plc/Applications;s=FastUIntScalar1":{"Value":41,"SourceTimestamp":"2024-04-27T19:24:00.3927981Z","ServerTimestamp":"2024-04-27T19:24:00.3928103Z"},"nsu=http://opcfoundation.org/UA/Plc/Applications;s=FastUIntScalar2":{"Value":41,"SourceTimestamp":"2024-04-27T19:24:00.3928208Z","ServerTimestamp":"2024-04-27T19:24:00.3928232Z"},"nsu=http://opcfoundation.org/UA/Plc/Applications;s=FastUIntScalar3":{"Value":41,"SourceTimestamp":"2024-04-27T19:24:00.3928256Z","ServerTimestamp":"2024-04-27T19:24:00.3928281Z"},"nsu=http://opcfoundation.org/UA/Plc/Applications;s=FastRandomUIntScalar1":{"Value":1647992146,"SourceTimestamp":"2024-04-27T19:24:00.3927974Z","ServerTimestamp":"2024-04-27T19:24:00.3928065Z"},"nsu=http://opcfoundation.org/UA/Plc/Applications;s=FastRandomUIntScalar2":{"Value":2951785069,"SourceTimestamp":"2024-04-27T19:24:00.3928091Z","ServerTimestamp":"2024-04-27T19:24:00.3928213Z"},"nsu=http://opcfoundation.org/UA/Plc/Applications;s=FastRandomUIntScalar3":{"Value":2478142610,"SourceTimestamp":"2024-04-27T19:24:00.3928234Z","ServerTimestamp":"2024-04-27T19:24:00.3928259Z"},"nsu=http://opcfoundation.org/UA/Plc/Applications;s=SpikeData":{"Value":-77.051324277578942,"SourceTimestamp":"2024-04-27T19:24:01.2921905Z","ServerTimestamp":"2024-04-27T19:24:01.2921927Z"}}]