[{"nsu=http://opcfoundation.org/UA/Plc/Applications;s=StepUp":{"Value":539,"SourceTimestamp":"2024-04-27T19:24:13.2904296Z","ServerTimestamp":"2024-04-27T19:24:13.2904335Z"},"nsu=http://opcfoundation.org/UA/Plc/Applications;s=RandomSignedInt32":{"Value":-125662569,"SourceTimestamp":"2024-04-27T19:24:13.2904559Z","ServerTimestamp":"2024-04-27T19:24:13.2904615Z"},"nsu=http://opcfoundation.org/UA/Plc/Applications;s=RandomUnsignedInt32":{"Value":1667574892,"SourceTimestamp":"2024-04-27T19:24:13.2904558Z","ServerTimestamp":"2024-04-27T19:24:13.2904598Z"},"nsu=http://opcfoundation.org/UA/Plc/Applications;s=DipData":{"Value":99.80267284282715,"SourceTimestamp":"2024-04-27T19:24:13.1968283Z","ServerTimestamp":"2024-04-27T19:24:13.196838Z"},"nsu=http://opcfoundation.org/UA/Plc/Applications;s=FastUIntScalar1":{"Value":53,"SourceTimestamp":"2024-04-27T19:24:12.3953072Z","ServerTimestamp":"2024-04-27T19:24:12.39533Z"},"nsu=http://opcfoundation.org/UA/Plc/Applications;s=FastUIntScalar2":{"Value":53,"SourceTimestamp":"2024-04-27T19:24:12.3953333Z","ServerTimestamp":"2024-04-27T19:24:12.3953539Z"},"nsu=http://opcfoundation.org/UA/Plc/Applications;s=FastUIntScalar3":{"Value":53,"SourceTimestamp":"2024-04-27T19:24:12.3953565Z","ServerTimestamp":"2024-04-27T19:24:12.3953576Z"},"nsu=http://opcfoundation.org/UA/Plc/Applications;s=FastRandomUIntScalar1":{"Value":745974248,"SourceTimestamp":"2024-04-27T19:24:12.3953122Z","ServerTimestamp":"2024-04-27T19:24:12.3953334Z"},"nsu=http://opcfoundation.org/UA/Plc/Applications;s=FastRandomUIntScalar2":{"Value":1334658594,"SourceTimestamp":"2024-04-27T19:24:12.3953401Z","ServerTimestamp":"2024-04-27T19:24:12.3953412Z"},"nsu=http://opcfoundation.org/UA/Plc/Applications;s=FastRandomUIntScalar3":{"Value":1903112156,"SourceTimestamp":"2024-04-27T19:24:12.3953443Z","ServerTimestamp":"2024-04-27T19:24:12.3953454Z"},"nsu=http://opcfoundation.org/UA/Plc/Applications;s=SpikeData":{"Value":99.80267284282715,"SourceTimestamp":"2024-04-27T19:24:13.1967958Z","ServerTimestamp":"2024-04-27T19:24:13.1968024Z"}}]