[{"nsu=http://opcfoundation.org/UA/Plc/Applications;s=StepUp":{"Value":579,"SourceTimestamp":"2024-04-27T19:24:17.292301Z","ServerTimestamp":"2024-04-27T19:24:17.2923568Z"},"nsu=http://opcfoundation.org/UA/Plc/Applications;s=RandomSignedInt32":{"Value":-1262521835,"SourceTimestamp":"2024-04-27T19:24:17.2923366Z","ServerTimestamp":"2024-04-27T19:24:17.2923417Z"},"nsu=http://opcfoundation.org/UA/Plc/Applications;s=RandomUnsignedInt32":{"Value":522455368,"SourceTimestamp":"2024-04-27T19:24:17.2923435Z","ServerTimestamp":"2024-04-27T19:24:17.2923447Z"},"nsu=http://opcfoundation.org/UA/Plc/Applications;s=DipData":{"Value":36.812455268467772,"SourceTimestamp":"2024-04-27T19:24:17.2923177Z","ServerTimestamp":"2024-04-27T19:24:17.292367Z"},"nsu=http://opcfoundation.org/UA/Plc/Applications;s=FastUIntScalar1":{"Value":57,"SourceTimestamp":"2024-04-27T19:24:16.3982479Z","ServerTimestamp":"2024-04-27T19:24:16.3982571Z"},"nsu=http://opcfoundation.org/UA/Plc/Applications;s=FastUIntScalar2":{"Value":57,"SourceTimestamp":"2024-04-27T19:24:16.3982625Z","ServerTimestamp":"2024-04-27T19:24:16.3982633Z"},"nsu=http://opcfoundation.org/UA/Plc/Applications;s=FastUIntScalar3":{"Value":57,"SourceTimestamp":"2024-04-27T19:24:16.3982647Z","ServerTimestamp":"2024-04-27T19:24:16.3982653Z"},"nsu=http://opcfoundation.org/UA/Plc/Applications;s=FastRandomUIntScalar1":{"Value":970051166,"SourceTimestamp":"2024-04-27T19:24:16.3982549Z","ServerTimestamp":"2024-04-27T19:24:16.398256Z"},"nsu=http://opcfoundation.org/UA/Plc/Applications;s=FastRandomUIntScalar2":{"Value":2284511632,"SourceTimestamp":"2024-04-27T19:24:16.3982573Z","ServerTimestamp":"2024-04-27T19:24:16.3982622Z"},"nsu=http://opcfoundation.org/UA/Plc/Applications;s=FastRandomUIntScalar3":{"Value":2469673029,"SourceTimestamp":"2024-04-27T19:24:16.398268Z","ServerTimestamp":"2024-04-27T19:24:16.3982684Z"},"nsu=http://opcfoundation.org/UA/Plc/Applications;s=SpikeData":{"Value":36.812455268467772,"SourceTimestamp":"2024-04-27T19:24:17.2923012Z","ServerTimestamp":"2024-04-27T19:24:17.2923046Z"}}]