[{"nsu=http://opcfoundation.org/UA/Plc/Applications;s=StepUp":{"Value":619,"SourceTimestamp":"2024-04-27T19:24:21.2942303Z","ServerTimestamp":"2024-04-27T19:24:21.2942331Z"},"nsu=http://opcfoundation.org/UA/Plc/Applications;s=RandomSignedInt32":{"Value":734168337,"SourceTimestamp":"2024-04-27T19:24:21.2942583Z","ServerTimestamp":"2024-04-27T19:24:21.2942597Z"},"nsu=http://opcfoundation.org/UA/Plc/Applications;s=RandomUnsignedInt32":{"Value":1680058155,"SourceTimestamp":"2024-04-27T19:24:21.2942623Z","ServerTimestamp":"2024-04-27T19:24:21.294265Z"},"nsu=http://opcfoundation.org/UA/Plc/Applications;s=DipData":{"Value":-77.051324277578942,"SourceTimestamp":"2024-04-27T19:24:21.2942723Z","ServerTimestamp":"2024-04-27T19:24:21.2942786Z"},"nsu=http://opcfoundation.org/UA/Plc/Applications;s=FastUIntScalar1":{"Value":61,"SourceTimestamp":"2024-04-27T19:24:20.3978551Z","ServerTimestamp":"2024-04-27T19:24:20.3978566Z"},"nsu=http://opcfoundation.org/UA/Plc/Applications;s=FastUIntScalar2":{"Value":61,"SourceTimestamp":"2024-04-27T19:24:20.3978607Z","ServerTimestamp":"2024-04-27T19:24:20.3978614Z"},"nsu=http://opcfoundation.org/UA/Plc/Applications;s=FastUIntScalar3":{"Value":61,"SourceTimestamp":"2024-04-27T19:24:20.3978627Z","ServerTimestamp":"2024-04-27T19:24:20.3978661Z"},"nsu=http://opcfoundation.org/UA/Plc/Applications;s=FastRandomUIntScalar1":{"Value":2490046513,"SourceTimestamp":"2024-04-27T19:24:20.3978615Z","ServerTimestamp":"2024-04-27T19:24:20.3978629Z"},"nsu=http://opcfoundation.org/UA/Plc/Applications;s=FastRandomUIntScalar2":{"Value":3317131788,"SourceTimestamp":"2024-04-27T19:24:20.3978656Z","ServerTimestamp":"2024-04-27T19:24:20.3978679Z"},"nsu=http://opcfoundation.org/UA/Plc/Applications;s=FastRandomUIntScalar3":{"Value":2017033116,"SourceTimestamp":"2024-04-27T19:24:20.3978702Z","ServerTimestamp":"2024-04-27T19:24:20.3978716Z"},"nsu=http://opcfoundation.org/UA/Plc/Applications;s=SpikeData":{"Value":-77.051324277578942,"SourceTimestamp":"2024-04-27T19:24:21.2942416Z","ServerTimestamp":"2024-04-27T19:24:21.2942521Z"}}]