[{"nsu=http://opcfoundation.org/UA/Plc/Applications;s=StepUp":{"Value":69,"SourceTimestamp":"2024-04-27T19:23:26.295808Z","ServerTimestamp":"2024-04-27T19:23:26.2958135Z"},"nsu=http://opcfoundation.org/UA/Plc/Applications;s=RandomSignedInt32":{"Value":418984202,"SourceTimestamp":"2024-04-27T19:23:26.2958419Z","ServerTimestamp":"2024-04-27T19:23:26.2958433Z"},"nsu=http://opcfoundation.org/UA/Plc/Applications;s=RandomUnsignedInt32":{"Value":2051290983,"SourceTimestamp":"2024-04-27T19:23:26.2958501Z","ServerTimestamp":"2024-04-27T19:23:26.2958512Z"},"nsu=http://opcfoundation.org/UA/Plc/Applications;s=DipData":{"Value":-77.051324277578942,"SourceTimestamp":"2024-04-27T19:23:26.2958746Z","ServerTimestamp":"2024-04-27T19:23:26.2958809Z"},"nsu=http://opcfoundation.org/UA/Plc/Applications;s=FastUIntScalar1":{"Value":6,"SourceTimestamp":"2024-04-27T19:23:25.3935837Z","ServerTimestamp":"2024-04-27T19:23:25.3935942Z"},"nsu=http://opcfoundation.org/UA/Plc/Applications;s=FastUIntScalar2":{"Value":6,"SourceTimestamp":"2024-04-27T19:23:25.393604Z","ServerTimestamp":"2024-04-27T19:23:25.3936064Z"},"nsu=http://opcfoundation.org/UA/Plc/Applications;s=FastUIntScalar3":{"Value":6,"SourceTimestamp":"2024-04-27T19:23:25.3936087Z","ServerTimestamp":"2024-04-27T19:23:25.39361Z"},"nsu=http://opcfoundation.org/UA/Plc/Applications;s=FastRandomUIntScalar1":{"Value":3334939392,"SourceTimestamp":"2024-04-27T19:23:25.3935795Z","ServerTimestamp":"2024-04-27T19:23:25.3935808Z"},"nsu=http://opcfoundation.org/UA/Plc/Applications;s=FastRandomUIntScalar2":{"Value":1794486198,"SourceTimestamp":"2024-04-27T19:23:25.3935839Z","ServerTimestamp":"2024-04-27T19:23:25.3935906Z"},"nsu=http://opcfoundation.org/UA/Plc/Applications;s=FastRandomUIntScalar3":{"Value":638141577,"SourceTimestamp":"2024-04-27T19:23:25.393593Z","ServerTimestamp":"2024-04-27T19:23:25.3936043Z"},"nsu=http://opcfoundation.org/UA/Plc/Applications;s=SpikeData":{"Value":-77.051324277578942,"SourceTimestamp":"2024-04-27T19:23:26.2958278Z","ServerTimestamp":"2024-04-27T19:23:26.2958298Z"}}]