[{"nsu=http://opcfoundation.org/UA/Plc/Applications;s=StepUp":{"Value":759,"SourceTimestamp":"2024-04-27T19:24:35.2874781Z","ServerTimestamp":"2024-04-27T19:24:35.2874829Z"},"nsu=http://opcfoundation.org/UA/Plc/Applications;s=AlternatingBoolean":{"Value":false,"SourceTimestamp":"2024-04-27T19:24:34.4924567Z","ServerTimestamp":"2024-04-27T19:24:34.4924689Z"},"nsu=http://opcfoundation.org/UA/Plc/Applications;s=RandomSignedInt32":{"Value":-30514829,"SourceTimestamp":"2024-04-27T19:24:35.2874991Z","ServerTimestamp":"2024-04-27T19:24:35.287502Z"},"nsu=http://opcfoundation.org/UA/Plc/Applications;s=RandomUnsignedInt32":{"Value":816382347,"SourceTimestamp":"2024-04-27T19:24:35.2874992Z","ServerTimestamp":"2024-04-27T19:24:35.2875041Z"},"nsu=http://opcfoundation.org/UA/Plc/Applications;s=DipData":{"Value":-84.432792550201498,"SourceTimestamp":"2024-04-27T19:24:35.2875114Z","ServerTimestamp":"2024-04-27T19:24:35.2875141Z"},"nsu=http://opcfoundation.org/UA/Plc/Applications;s=FastUIntScalar1":{"Value":75,"SourceTimestamp":"2024-04-27T19:24:34.3981427Z","ServerTimestamp":"2024-04-27T19:24:34.3981503Z"},"nsu=http://opcfoundation.org/UA/Plc/Applications;s=FastUIntScalar2":{"Value":75,"SourceTimestamp":"2024-04-27T19:24:34.3981536Z","ServerTimestamp":"2024-04-27T19:24:34.3981634Z"},"nsu=http://opcfoundation.org/UA/Plc/Applications;s=FastUIntScalar3":{"Value":75,"SourceTimestamp":"2024-04-27T19:24:34.3981652Z","ServerTimestamp":"2024-04-27T19:24:34.3981663Z"},"nsu=http://opcfoundation.org/UA/Plc/Applications;s=FastRandomUIntScalar1":{"Value":3978733034,"SourceTimestamp":"2024-04-27T19:24:34.3981514Z","ServerTimestamp":"2024-04-27T19:24:34.3981536Z"},"nsu=http://opcfoundation.org/UA/Plc/Applications;s=FastRandomUIntScalar2":{"Value":2893960975,"SourceTimestamp":"2024-04-27T19:24:34.3981587Z","ServerTimestamp":"2024-04-27T19:24:34.3981644Z"},"nsu=http://opcfoundation.org/UA/Plc/Applications;s=FastRandomUIntScalar3":{"Value":1464551913,"SourceTimestamp":"2024-04-27T19:24:34.3981711Z","ServerTimestamp":"2024-04-27T19:24:34.3981716Z"},"nsu=http://opcfoundation.org/UA/Plc/Applications;s=NegativeTrendData":{"Value":98.799999999999997,"SourceTimestamp":"2024-04-27T19:24:34.4924373Z","ServerTimestamp":"2024-04-27T19:24:34.4924401Z"},"nsu=http://opcfoundation.org/UA/Plc/Applications;s=PositiveTrendData":{"Value":100.8,"SourceTimestamp":"2024-04-27T19:24:34.4924312Z","ServerTimestamp":"2024-04-27T19:24:34.4924322Z"},"nsu=http://opcfoundation.org/UA/Plc/Applications;s=SpikeData":{"Value":-84.432792550201498,"SourceTimestamp":"2024-04-27T19:24:35.2874701Z","ServerTimestamp":"2024-04-27T19:24:35.2874735Z"}}]