[{"nsu=http://opcfoundation.org/UA/Plc/Applications;s=StepUp":{"Value":789,"SourceTimestamp":"2024-04-27T19:24:38.2875179Z","ServerTimestamp":"2024-04-27T19:24:38.2875216Z"},"nsu=http://opcfoundation.org/UA/Plc/Applications;s=RandomSignedInt32":{"Value":-142370907,"SourceTimestamp":"2024-04-27T19:24:38.2875467Z","ServerTimestamp":"2024-04-27T19:24:38.2875681Z"},"nsu=http://opcfoundation.org/UA/Plc/Applications;s=RandomUnsignedInt32":{"Value":786851848,"SourceTimestamp":"2024-04-27T19:24:38.2875472Z","ServerTimestamp":"2024-04-27T19:24:38.2875832Z"},"nsu=http://opcfoundation.org/UA/Plc/Applications;s=DipData":{"Value":99.80267284282715,"SourceTimestamp":"2024-04-27T19:24:38.1939595Z","ServerTimestamp":"2024-04-27T19:24:38.1939723Z"},"nsu=http://opcfoundation.org/UA/Plc/Applications;s=FastUIntScalar1":{"Value":78,"SourceTimestamp":"2024-04-27T19:24:37.3872481Z","ServerTimestamp":"2024-04-27T19:24:37.3872556Z"},"nsu=http://opcfoundation.org/UA/Plc/Applications;s=FastUIntScalar2":{"Value":78,"SourceTimestamp":"2024-04-27T19:24:37.3872602Z","ServerTimestamp":"2024-04-27T19:24:37.3872622Z"},"nsu=http://opcfoundation.org/UA/Plc/Applications;s=FastUIntScalar3":{"Value":78,"SourceTimestamp":"2024-04-27T19:24:37.3872679Z","ServerTimestamp":"2024-04-27T19:24:37.3872686Z"},"nsu=http://opcfoundation.org/UA/Plc/Applications;s=FastRandomUIntScalar1":{"Value":1677049418,"SourceTimestamp":"2024-04-27T19:24:37.3872502Z","ServerTimestamp":"2024-04-27T19:24:37.3872537Z"},"nsu=http://opcfoundation.org/UA/Plc/Applications;s=FastRandomUIntScalar2":{"Value":3233841415,"SourceTimestamp":"2024-04-27T19:24:37.3872559Z","ServerTimestamp":"2024-04-27T19:24:37.3872606Z"},"nsu=http://opcfoundation.org/UA/Plc/Applications;s=FastRandomUIntScalar3":{"Value":2093752130,"SourceTimestamp":"2024-04-27T19:24:37.3872622Z","ServerTimestamp":"2024-04-27T19:24:37.3872631Z"},"nsu=http://opcfoundation.org/UA/Plc/Applications;s=SpikeData":{"Value":99.80267284282715,"SourceTimestamp":"2024-04-27T19:24:38.1939339Z","ServerTimestamp":"2024-04-27T19:24:38.193937Z"}}]