[{"nsu=http://opcfoundation.org/UA/Plc/Applications;s=StepUp":{"Value":799,"SourceTimestamp":"2024-04-27T19:24:39.2929921Z","ServerTimestamp":"2024-04-27T19:24:39.2929951Z"},"nsu=http://opcfoundation.org/UA/Plc/Applications;s=RandomSignedInt32":{"Value":1070162395,"SourceTimestamp":"2024-04-27T19:24:39.293018Z","ServerTimestamp":"2024-04-27T19:24:39.2930186Z"},"nsu=http://opcfoundation.org/UA/Plc/Applications;s=RandomUnsignedInt32":{"Value":1661717143,"SourceTimestamp":"2024-04-27T19:24:39.2930199Z","ServerTimestamp":"2024-04-27T19:24:39.293021Z"},"nsu=http://opcfoundation.org/UA/Plc/Applications;s=DipData":{"Value":24.868988716485479,"SourceTimestamp":"2024-04-27T19:24:39.2930138Z","ServerTimestamp":"2024-04-27T19:24:39.2930177Z"},"nsu=http://opcfoundation.org/UA/Plc/Applications;s=FastUIntScalar1":{"Value":79,"SourceTimestamp":"2024-04-27T19:24:38.3966455Z","ServerTimestamp":"2024-04-27T19:24:38.3967052Z"},"nsu=http://opcfoundation.org/UA/Plc/Applications;s=FastUIntScalar2":{"Value":79,"SourceTimestamp":"2024-04-27T19:24:38.3967122Z","ServerTimestamp":"2024-04-27T19:24:38.3967225Z"},"nsu=http://opcfoundation.org/UA/Plc/Applications;s=FastUIntScalar3":{"Value":79,"SourceTimestamp":"2024-04-27T19:24:38.3967237Z","ServerTimestamp":"2024-04-27T19:24:38.3967257Z"},"nsu=http://opcfoundation.org/UA/Plc/Applications;s=FastRandomUIntScalar1":{"Value":959513938,"SourceTimestamp":"2024-04-27T19:24:38.3966474Z","ServerTimestamp":"2024-04-27T19:24:38.3966836Z"},"nsu=http://opcfoundation.org/UA/Plc/Applications;s=FastRandomUIntScalar2":{"Value":83002599,"SourceTimestamp":"2024-04-27T19:24:38.3966968Z","ServerTimestamp":"2024-04-27T19:24:38.3966989Z"},"nsu=http://opcfoundation.org/UA/Plc/Applications;s=FastRandomUIntScalar3":{"Value":3499398198,"SourceTimestamp":"2024-04-27T19:24:38.3967003Z","ServerTimestamp":"2024-04-27T19:24:38.3967009Z"},"nsu=http://opcfoundation.org/UA/Plc/Applications;s=SpikeData":{"Value":24.868988716485479,"SourceTimestamp":"2024-04-27T19:24:39.2929978Z","ServerTimestamp":"2024-04-27T19:24:39.2930371Z"}}]