[{"nsu=http://opcfoundation.org/UA/Plc/Applications;s=StepUp":{"Value":809,"SourceTimestamp":"2024-04-27T19:24:40.298327Z","ServerTimestamp":"2024-04-27T19:24:40.2983292Z"},"nsu=http://opcfoundation.org/UA/Plc/Applications;s=AlternatingBoolean":{"Value":true,"SourceTimestamp":"2024-04-27T19:24:39.4954041Z","ServerTimestamp":"2024-04-27T19:24:39.495411Z"},"nsu=http://opcfoundation.org/UA/Plc/Applications;s=RandomSignedInt32":{"Value":703358612,"SourceTimestamp":"2024-04-27T19:24:40.2983419Z","ServerTimestamp":"2024-04-27T19:24:40.2983438Z"},"nsu=http://opcfoundation.org/UA/Plc/Applications;s=RandomUnsignedInt32":{"Value":857030724,"SourceTimestamp":"2024-04-27T19:24:40.2983493Z","ServerTimestamp":"2024-04-27T19:24:40.2983503Z"},"nsu=http://opcfoundation.org/UA/Plc/Applications;s=DipData":{"Value":-84.432792550201498,"SourceTimestamp":"2024-04-27T19:24:40.2983379Z","ServerTimestamp":"2024-04-27T19:24:40.2983646Z"},"nsu=http://opcfoundation.org/UA/Plc/Applications;s=FastUIntScalar1":{"Value":80,"SourceTimestamp":"2024-04-27T19:24:39.402109Z","ServerTimestamp":"2024-04-27T19:24:39.4021123Z"},"nsu=http://opcfoundation.org/UA/Plc/Applications;s=FastUIntScalar2":{"Value":80,"SourceTimestamp":"2024-04-27T19:24:39.4021145Z","ServerTimestamp":"2024-04-27T19:24:39.4021162Z"},"nsu=http://opcfoundation.org/UA/Plc/Applications;s=FastUIntScalar3":{"Value":80,"SourceTimestamp":"2024-04-27T19:24:39.4021171Z","ServerTimestamp":"2024-04-27T19:24:39.4021187Z"},"nsu=http://opcfoundation.org/UA/Plc/Applications;s=FastRandomUIntScalar1":{"Value":4163249175,"SourceTimestamp":"2024-04-27T19:24:39.4021058Z","ServerTimestamp":"2024-04-27T19:24:39.4021217Z"},"nsu=http://opcfoundation.org/UA/Plc/Applications;s=FastRandomUIntScalar2":{"Value":449147355,"SourceTimestamp":"2024-04-27T19:24:39.4021284Z","ServerTimestamp":"2024-04-27T19:24:39.4021295Z"},"nsu=http://opcfoundation.org/UA/Plc/Applications;s=FastRandomUIntScalar3":{"Value":4105615294,"SourceTimestamp":"2024-04-27T19:24:39.4021316Z","ServerTimestamp":"2024-04-27T19:24:39.4021327Z"},"nsu=http://opcfoundation.org/UA/Plc/Applications;s=NegativeTrendData":{"Value":98.700000000000003,"SourceTimestamp":"2024-04-27T19:24:39.4954187Z","ServerTimestamp":"2024-04-27T19:24:39.4954208Z"},"nsu=http://opcfoundation.org/UA/Plc/Applications;s=PositiveTrendData":{"Value":100.90000000000001,"SourceTimestamp":"2024-04-27T19:24:39.4954094Z","ServerTimestamp":"2024-04-27T19:24:39.4954498Z"},"nsu=http://opcfoundation.org/UA/Plc/Applications;s=SlowUIntScalar1":{"Value":8,"SourceTimestamp":"2024-04-27T19:24:39.4020654Z","ServerTimestamp":"2024-04-27T19:24:39.4020687Z"},"nsu=http://opcfoundation.org/UA/Plc/Applications;s=SlowUIntScalar2":{"Value":8,"SourceTimestamp":"2024-04-27T19:24:39.4020786Z","ServerTimestamp":"2024-04-27T19:24:39.4020791Z"},"nsu=http://opcfoundation.org/UA/Plc/Applications;s=SlowUIntScalar3":{"Value":8,"SourceTimestamp":"2024-04-27T19:24:39.4020799Z","ServerTimestamp":"2024-04-27T19:24:39.4020806Z"},"nsu=http://opcfoundation.org/UA/Plc/Applications;s=BadSlowUIntScalar1":{"Value":8,"StatusCode":{"Symbol":"UncertainLastUsableValue","Code":1083179008},"SourceTimestamp":"2024-04-27T19:24:39.4020813Z","ServerTimestamp":"2024-04-27T19:24:39.4020823Z"},"nsu=http://opcfoundation.org/UA/Plc/Applications;s=SlowRandomUIntScalar1":{"Value":199506628,"SourceTimestamp":"2024-04-27T19:24:39.4021003Z","ServerTimestamp":"2024-04-27T19:24:39.4021101Z"},"nsu=http://opcfoundation.org/UA/Plc/Applications;s=SlowRandomUIntScalar2":{"Value":3530378655,"SourceTimestamp":"2024-04-27T19:24:39.4021127Z","ServerTimestamp":"2024-04-27T19:24:39.4021146Z"},"nsu=http://opcfoundation.org/UA/Plc/Applications;s=SlowRandomUIntScalar3":{"Value":2764476702,"SourceTimestamp":"2024-04-27T19:24:39.4021159Z","ServerTimestamp":"2024-04-27T19:24:39.4021174Z"},"nsu=http://opcfoundation.org/UA/Plc/Applications;s=BadSlowRandomUIntScalar1":{"Value":3356384765,"StatusCode":{"Symbol":"UncertainLastUsableValue","Code":1083179008},"SourceTimestamp":"2024-04-27T19:24:39.4021188Z","ServerTimestamp":"2024-04-27T19:24:39.4021268Z"},"nsu=http://opcfoundation.org/UA/Plc/Applications;s=SpikeData":{"Value":-84.432792550201498,"SourceTimestamp":"2024-04-27T19:24:40.2983168Z","ServerTimestamp":"2024-04-27T19:24:40.2983194Z"}}]