[{"nsu=http://opcfoundation.org/UA/Plc/Applications;s=StepUp":{"Value":79,"SourceTimestamp":"2024-04-27T19:23:27.2879213Z","ServerTimestamp":"2024-04-27T19:23:27.2879256Z"},"nsu=http://opcfoundation.org/UA/Plc/Applications;s=RandomSignedInt32":{"Value":-504731306,"SourceTimestamp":"2024-04-27T19:23:27.287966Z","ServerTimestamp":"2024-04-27T19:23:27.2879673Z"},"nsu=http://opcfoundation.org/UA/Plc/Applications;s=RandomUnsignedInt32":{"Value":1843740917,"SourceTimestamp":"2024-04-27T19:23:27.2879726Z","ServerTimestamp":"2024-04-27T19:23:27.2879737Z"},"nsu=http://opcfoundation.org/UA/Plc/Applications;s=DipData":{"Value":36.812455268467772,"SourceTimestamp":"2024-04-27T19:23:27.2879999Z","ServerTimestamp":"2024-04-27T19:23:27.2880008Z"},"nsu=http://opcfoundation.org/UA/Plc/Applications;s=FastUIntScalar1":{"Value":7,"SourceTimestamp":"2024-04-27T19:23:26.3882356Z","ServerTimestamp":"2024-04-27T19:23:26.3882701Z"},"nsu=http://opcfoundation.org/UA/Plc/Applications;s=FastUIntScalar2":{"Value":7,"SourceTimestamp":"2024-04-27T19:23:26.3882814Z","ServerTimestamp":"2024-04-27T19:23:26.3882834Z"},"nsu=http://opcfoundation.org/UA/Plc/Applications;s=FastUIntScalar3":{"Value":7,"SourceTimestamp":"2024-04-27T19:23:26.3882848Z","ServerTimestamp":"2024-04-27T19:23:26.3882866Z"},"nsu=http://opcfoundation.org/UA/Plc/Applications;s=FastRandomUIntScalar1":{"Value":3336924960,"SourceTimestamp":"2024-04-27T19:23:26.388237Z","ServerTimestamp":"2024-04-27T19:23:26.3882904Z"},"nsu=http://opcfoundation.org/UA/Plc/Applications;s=FastRandomUIntScalar2":{"Value":4004248613,"SourceTimestamp":"2024-04-27T19:23:26.3882987Z","ServerTimestamp":"2024-04-27T19:23:26.3883005Z"},"nsu=http://opcfoundation.org/UA/Plc/Applications;s=FastRandomUIntScalar3":{"Value":2027231141,"SourceTimestamp":"2024-04-27T19:23:26.3883017Z","ServerTimestamp":"2024-04-27T19:23:26.3883023Z"},"nsu=http://opcfoundation.org/UA/Plc/Applications;s=SpikeData":{"Value":36.812455268467772,"SourceTimestamp":"2024-04-27T19:23:27.2879739Z","ServerTimestamp":"2024-04-27T19:23:27.2879892Z"}}]