[{"nsu=http://opcfoundation.org/UA/Plc/Applications;s=StepUp":{"Value":819,"SourceTimestamp":"2024-04-27T19:24:41.2934732Z","ServerTimestamp":"2024-04-27T19:24:41.2934882Z"},"nsu=http://opcfoundation.org/UA/Plc/Applications;s=RandomSignedInt32":{"Value":1374063814,"SourceTimestamp":"2024-04-27T19:24:41.2935036Z","ServerTimestamp":"2024-04-27T19:24:41.2935096Z"},"nsu=http://opcfoundation.org/UA/Plc/Applications;s=RandomUnsignedInt32":{"Value":920322143,"SourceTimestamp":"2024-04-27T19:24:41.2935051Z","ServerTimestamp":"2024-04-27T19:24:41.2935059Z"},"nsu=http://opcfoundation.org/UA/Plc/Applications;s=DipData":{"Value":-77.051324277578942,"SourceTimestamp":"2024-04-27T19:24:41.2935062Z","ServerTimestamp":"2024-04-27T19:24:41.2935071Z"},"nsu=http://opcfoundation.org/UA/Plc/Applications;s=FastUIntScalar1":{"Value":81,"SourceTimestamp":"2024-04-27T19:24:40.3915024Z","ServerTimestamp":"2024-04-27T19:24:40.3915462Z"},"nsu=http://opcfoundation.org/UA/Plc/Applications;s=FastUIntScalar2":{"Value":81,"SourceTimestamp":"2024-04-27T19:24:40.39155Z","ServerTimestamp":"2024-04-27T19:24:40.3915511Z"},"nsu=http://opcfoundation.org/UA/Plc/Applications;s=FastUIntScalar3":{"Value":81,"SourceTimestamp":"2024-04-27T19:24:40.391553Z","ServerTimestamp":"2024-04-27T19:24:40.3915542Z"},"nsu=http://opcfoundation.org/UA/Plc/Applications;s=FastRandomUIntScalar1":{"Value":2755229501,"SourceTimestamp":"2024-04-27T19:24:40.3915202Z","ServerTimestamp":"2024-04-27T19:24:40.3915221Z"},"nsu=http://opcfoundation.org/UA/Plc/Applications;s=FastRandomUIntScalar2":{"Value":3374704177,"SourceTimestamp":"2024-04-27T19:24:40.3915268Z","ServerTimestamp":"2024-04-27T19:24:40.3915355Z"},"nsu=http://opcfoundation.org/UA/Plc/Applications;s=FastRandomUIntScalar3":{"Value":4253878203,"SourceTimestamp":"2024-04-27T19:24:40.3915419Z","ServerTimestamp":"2024-04-27T19:24:40.3915431Z"},"nsu=http://opcfoundation.org/UA/Plc/Applications;s=SpikeData":{"Value":-77.051324277578942,"SourceTimestamp":"2024-04-27T19:24:41.293473Z","ServerTimestamp":"2024-04-27T19:24:41.2934755Z"}}]