[{"nsu=http://opcfoundation.org/UA/Plc/Applications;s=StepUp":{"Value":849,"SourceTimestamp":"2024-04-27T19:24:44.2897912Z","ServerTimestamp":"2024-04-27T19:24:44.2897953Z"},"nsu=http://opcfoundation.org/UA/Plc/Applications;s=RandomSignedInt32":{"Value":-625515425,"SourceTimestamp":"2024-04-27T19:24:44.289858Z","ServerTimestamp":"2024-04-27T19:24:44.2898597Z"},"nsu=http://opcfoundation.org/UA/Plc/Applications;s=RandomUnsignedInt32":{"Value":1885301530,"SourceTimestamp":"2024-04-27T19:24:44.2898324Z","ServerTimestamp":"2024-04-27T19:24:44.2898335Z"},"nsu=http://opcfoundation.org/UA/Plc/Applications;s=DipData":{"Value":-1000,"SourceTimestamp":"2024-04-27T19:24:44.2898709Z","ServerTimestamp":"2024-04-27T19:24:44.2898816Z"},"nsu=http://opcfoundation.org/UA/Plc/Applications;s=FastUIntScalar1":{"Value":84,"SourceTimestamp":"2024-04-27T19:24:43.3922946Z","ServerTimestamp":"2024-04-27T19:24:43.3922966Z"},"nsu=http://opcfoundation.org/UA/Plc/Applications;s=FastUIntScalar2":{"Value":84,"SourceTimestamp":"2024-04-27T19:24:43.3923028Z","ServerTimestamp":"2024-04-27T19:24:43.3923034Z"},"nsu=http://opcfoundation.org/UA/Plc/Applications;s=FastUIntScalar3":{"Value":84,"SourceTimestamp":"2024-04-27T19:24:43.3923052Z","ServerTimestamp":"2024-04-27T19:24:43.3923462Z"},"nsu=http://opcfoundation.org/UA/Plc/Applications;s=FastRandomUIntScalar1":{"Value":46948533,"SourceTimestamp":"2024-04-27T19:24:43.3923037Z","ServerTimestamp":"2024-04-27T19:24:43.3923052Z"},"nsu=http://opcfoundation.org/UA/Plc/Applications;s=FastRandomUIntScalar2":{"Value":3934287816,"SourceTimestamp":"2024-04-27T19:24:43.3923092Z","ServerTimestamp":"2024-04-27T19:24:43.3923158Z"},"nsu=http://opcfoundation.org/UA/Plc/Applications;s=FastRandomUIntScalar3":{"Value":532360852,"SourceTimestamp":"2024-04-27T19:24:43.3923214Z","ServerTimestamp":"2024-04-27T19:24:43.392322Z"},"nsu=http://opcfoundation.org/UA/Plc/Applications;s=SpikeData":{"Value":24.868988716485479,"SourceTimestamp":"2024-04-27T19:24:44.2898622Z","ServerTimestamp":"2024-04-27T19:24:44.2898662Z"}}]