[{"nsu=http://opcfoundation.org/UA/Plc/Applications;s=StepUp":{"Value":889,"SourceTimestamp":"2024-04-27T19:24:48.2899612Z","ServerTimestamp":"2024-04-27T19:24:48.2899785Z"},"nsu=http://opcfoundation.org/UA/Plc/Applications;s=RandomSignedInt32":{"Value":2074402400,"SourceTimestamp":"2024-04-27T19:24:48.2899895Z","ServerTimestamp":"2024-04-27T19:24:48.2899921Z"},"nsu=http://opcfoundation.org/UA/Plc/Applications;s=RandomUnsignedInt32":{"Value":315833191,"SourceTimestamp":"2024-04-27T19:24:48.2899938Z","ServerTimestamp":"2024-04-27T19:24:48.2900012Z"},"nsu=http://opcfoundation.org/UA/Plc/Applications;s=DipData":{"Value":99.80267284282715,"SourceTimestamp":"2024-04-27T19:24:48.1963116Z","ServerTimestamp":"2024-04-27T19:24:48.1963126Z"},"nsu=http://opcfoundation.org/UA/Plc/Applications;s=FastUIntScalar1":{"Value":88,"SourceTimestamp":"2024-04-27T19:24:47.3903915Z","ServerTimestamp":"2024-04-27T19:24:47.390393Z"},"nsu=http://opcfoundation.org/UA/Plc/Applications;s=FastUIntScalar2":{"Value":88,"SourceTimestamp":"2024-04-27T19:24:47.390398Z","ServerTimestamp":"2024-04-27T19:24:47.3904003Z"},"nsu=http://opcfoundation.org/UA/Plc/Applications;s=FastUIntScalar3":{"Value":88,"SourceTimestamp":"2024-04-27T19:24:47.3904018Z","ServerTimestamp":"2024-04-27T19:24:47.3904027Z"},"nsu=http://opcfoundation.org/UA/Plc/Applications;s=FastRandomUIntScalar1":{"Value":3594854786,"SourceTimestamp":"2024-04-27T19:24:47.3903947Z","ServerTimestamp":"2024-04-27T19:24:47.3903977Z"},"nsu=http://opcfoundation.org/UA/Plc/Applications;s=FastRandomUIntScalar2":{"Value":591274162,"SourceTimestamp":"2024-04-27T19:24:47.3904004Z","ServerTimestamp":"2024-04-27T19:24:47.3904018Z"},"nsu=http://opcfoundation.org/UA/Plc/Applications;s=FastRandomUIntScalar3":{"Value":8616713,"SourceTimestamp":"2024-04-27T19:24:47.3904027Z","ServerTimestamp":"2024-04-27T19:24:47.3904036Z"},"nsu=http://opcfoundation.org/UA/Plc/Applications;s=SpikeData":{"Value":99.80267284282715,"SourceTimestamp":"2024-04-27T19:24:48.196297Z","ServerTimestamp":"2024-04-27T19:24:48.1963059Z"}}]