[{"nsu=http://opcfoundation.org/UA/Plc/Applications;s=StepUp":{"Value":899,"SourceTimestamp":"2024-04-27T19:24:49.2948017Z","ServerTimestamp":"2024-04-27T19:24:49.2948046Z"},"nsu=http://opcfoundation.org/UA/Plc/Applications;s=RandomSignedInt32":{"Value":-1902495728,"SourceTimestamp":"2024-04-27T19:24:49.2948251Z","ServerTimestamp":"2024-04-27T19:24:49.2948264Z"},"nsu=http://opcfoundation.org/UA/Plc/Applications;s=RandomUnsignedInt32":{"Value":2075714999,"SourceTimestamp":"2024-04-27T19:24:49.2948279Z","ServerTimestamp":"2024-04-27T19:24:49.2948285Z"},"nsu=http://opcfoundation.org/UA/Plc/Applications;s=DipData":{"Value":24.868988716485479,"SourceTimestamp":"2024-04-27T19:24:49.2948316Z","ServerTimestamp":"2024-04-27T19:24:49.2948396Z"},"nsu=http://opcfoundation.org/UA/Plc/Applications;s=FastUIntScalar1":{"Value":89,"SourceTimestamp":"2024-04-27T19:24:48.3988173Z","ServerTimestamp":"2024-04-27T19:24:48.398849Z"},"nsu=http://opcfoundation.org/UA/Plc/Applications;s=FastUIntScalar2":{"Value":89,"SourceTimestamp":"2024-04-27T19:24:48.3988546Z","ServerTimestamp":"2024-04-27T19:24:48.3988558Z"},"nsu=http://opcfoundation.org/UA/Plc/Applications;s=FastUIntScalar3":{"Value":89,"SourceTimestamp":"2024-04-27T19:24:48.3988609Z","ServerTimestamp":"2024-04-27T19:24:48.3988672Z"},"nsu=http://opcfoundation.org/UA/Plc/Applications;s=FastRandomUIntScalar1":{"Value":809771858,"SourceTimestamp":"2024-04-27T19:24:48.3988317Z","ServerTimestamp":"2024-04-27T19:24:48.3988341Z"},"nsu=http://opcfoundation.org/UA/Plc/Applications;s=FastRandomUIntScalar2":{"Value":3245857473,"SourceTimestamp":"2024-04-27T19:24:48.3988424Z","ServerTimestamp":"2024-04-27T19:24:48.3988431Z"},"nsu=http://opcfoundation.org/UA/Plc/Applications;s=FastRandomUIntScalar3":{"Value":2070542237,"SourceTimestamp":"2024-04-27T19:24:48.3988443Z","ServerTimestamp":"2024-04-27T19:24:48.398845Z"},"nsu=http://opcfoundation.org/UA/Plc/Applications;s=SpikeData":{"Value":24.868988716485479,"SourceTimestamp":"2024-04-27T19:24:49.2948081Z","ServerTimestamp":"2024-04-27T19:24:49.2948146Z"}}]