[{"nsu=http://opcfoundation.org/UA/Plc/Applications;s=StepUp":{"Value":929,"SourceTimestamp":"2024-04-27T19:24:52.2992816Z","ServerTimestamp":"2024-04-27T19:24:52.299288Z"},"nsu=http://opcfoundation.org/UA/Plc/Applications;s=RandomSignedInt32":{"Value":956148663,"SourceTimestamp":"2024-04-27T19:24:52.2993004Z","ServerTimestamp":"2024-04-27T19:24:52.2993092Z"},"nsu=http://opcfoundation.org/UA/Plc/Applications;s=RandomUnsignedInt32":{"Value":1555206805,"SourceTimestamp":"2024-04-27T19:24:52.2993122Z","ServerTimestamp":"2024-04-27T19:24:52.2993134Z"},"nsu=http://opcfoundation.org/UA/Plc/Applications;s=DipData":{"Value":36.812455268467772,"SourceTimestamp":"2024-04-27T19:24:52.2992911Z","ServerTimestamp":"2024-04-27T19:24:52.2992959Z"},"nsu=http://opcfoundation.org/UA/Plc/Applications;s=FastUIntScalar1":{"Value":92,"SourceTimestamp":"2024-04-27T19:24:51.399522Z","ServerTimestamp":"2024-04-27T19:24:51.399524Z"},"nsu=http://opcfoundation.org/UA/Plc/Applications;s=FastUIntScalar2":{"Value":92,"SourceTimestamp":"2024-04-27T19:24:51.3995252Z","ServerTimestamp":"2024-04-27T19:24:51.399526Z"},"nsu=http://opcfoundation.org/UA/Plc/Applications;s=FastUIntScalar3":{"Value":92,"SourceTimestamp":"2024-04-27T19:24:51.3995267Z","ServerTimestamp":"2024-04-27T19:24:51.3995566Z"},"nsu=http://opcfoundation.org/UA/Plc/Applications;s=FastRandomUIntScalar1":{"Value":784818657,"SourceTimestamp":"2024-04-27T19:24:51.399527Z","ServerTimestamp":"2024-04-27T19:24:51.3995411Z"},"nsu=http://opcfoundation.org/UA/Plc/Applications;s=FastRandomUIntScalar2":{"Value":447294536,"SourceTimestamp":"2024-04-27T19:24:51.3995461Z","ServerTimestamp":"2024-04-27T19:24:51.3995468Z"},"nsu=http://opcfoundation.org/UA/Plc/Applications;s=FastRandomUIntScalar3":{"Value":1448329696,"SourceTimestamp":"2024-04-27T19:24:51.3995478Z","ServerTimestamp":"2024-04-27T19:24:51.3995483Z"},"nsu=http://opcfoundation.org/UA/Plc/Applications;s=SpikeData":{"Value":36.812455268467772,"SourceTimestamp":"2024-04-27T19:24:52.2992744Z","ServerTimestamp":"2024-04-27T19:24:52.2993241Z"}}]