[{"nsu=http://opcfoundation.org/UA/Plc/Applications;s=StepUp":{"Value":949,"SourceTimestamp":"2024-04-27T19:24:54.2953675Z","ServerTimestamp":"2024-04-27T19:24:54.2953719Z"},"nsu=http://opcfoundation.org/UA/Plc/Applications;s=RandomSignedInt32":{"Value":9154391,"SourceTimestamp":"2024-04-27T19:24:54.2954242Z","ServerTimestamp":"2024-04-27T19:24:54.2954345Z"},"nsu=http://opcfoundation.org/UA/Plc/Applications;s=RandomUnsignedInt32":{"Value":1453072080,"SourceTimestamp":"2024-04-27T19:24:54.2954288Z","ServerTimestamp":"2024-04-27T19:24:54.2954443Z"},"nsu=http://opcfoundation.org/UA/Plc/Applications;s=DipData":{"Value":24.868988716485479,"SourceTimestamp":"2024-04-27T19:24:54.2953749Z","ServerTimestamp":"2024-04-27T19:24:54.2954992Z"},"nsu=http://opcfoundation.org/UA/Plc/Applications;s=FastUIntScalar1":{"Value":94,"SourceTimestamp":"2024-04-27T19:24:53.3960643Z","ServerTimestamp":"2024-04-27T19:24:53.3960896Z"},"nsu=http://opcfoundation.org/UA/Plc/Applications;s=FastUIntScalar2":{"Value":94,"SourceTimestamp":"2024-04-27T19:24:53.3960914Z","ServerTimestamp":"2024-04-27T19:24:53.396092Z"},"nsu=http://opcfoundation.org/UA/Plc/Applications;s=FastUIntScalar3":{"Value":94,"SourceTimestamp":"2024-04-27T19:24:53.3960926Z","ServerTimestamp":"2024-04-27T19:24:53.3960929Z"},"nsu=http://opcfoundation.org/UA/Plc/Applications;s=FastRandomUIntScalar1":{"Value":1236933114,"SourceTimestamp":"2024-04-27T19:24:53.3960705Z","ServerTimestamp":"2024-04-27T19:24:53.3960748Z"},"nsu=http://opcfoundation.org/UA/Plc/Applications;s=FastRandomUIntScalar2":{"Value":442853774,"SourceTimestamp":"2024-04-27T19:24:53.3960838Z","ServerTimestamp":"2024-04-27T19:24:53.3960845Z"},"nsu=http://opcfoundation.org/UA/Plc/Applications;s=FastRandomUIntScalar3":{"Value":3328992117,"SourceTimestamp":"2024-04-27T19:24:53.3960869Z","ServerTimestamp":"2024-04-27T19:24:53.3960875Z"},"nsu=http://opcfoundation.org/UA/Plc/Applications;s=SpikeData":{"Value":24.868988716485479,"SourceTimestamp":"2024-04-27T19:24:54.2953351Z","ServerTimestamp":"2024-04-27T19:24:54.2953388Z"}}]