[{"nsu=http://opcfoundation.org/UA/Plc/Applications;s=StepUp":{"Value":959,"SourceTimestamp":"2024-04-27T19:24:55.2988545Z","ServerTimestamp":"2024-04-27T19:24:55.2988579Z"},"nsu=http://opcfoundation.org/UA/Plc/Applications;s=AlternatingBoolean":{"Value":false,"SourceTimestamp":"2024-04-27T19:24:54.4950194Z","ServerTimestamp":"2024-04-27T19:24:54.495026Z"},"nsu=http://opcfoundation.org/UA/Plc/Applications;s=RandomSignedInt32":{"Value":-1060212237,"SourceTimestamp":"2024-04-27T19:24:55.2989121Z","ServerTimestamp":"2024-04-27T19:24:55.2989142Z"},"nsu=http://opcfoundation.org/UA/Plc/Applications;s=RandomUnsignedInt32":{"Value":481268987,"SourceTimestamp":"2024-04-27T19:24:55.2989038Z","ServerTimestamp":"2024-04-27T19:24:55.2989055Z"},"nsu=http://opcfoundation.org/UA/Plc/Applications;s=DipData":{"Value":-84.432792550201498,"SourceTimestamp":"2024-04-27T19:24:55.2988897Z","ServerTimestamp":"2024-04-27T19:24:55.2988986Z"},"nsu=http://opcfoundation.org/UA/Plc/Applications;s=FastUIntScalar1":{"Value":95,"SourceTimestamp":"2024-04-27T19:24:54.3873203Z","ServerTimestamp":"2024-04-27T19:24:54.3873229Z"},"nsu=http://opcfoundation.org/UA/Plc/Applications;s=FastUIntScalar2":{"Value":95,"SourceTimestamp":"2024-04-27T19:24:54.3873337Z","ServerTimestamp":"2024-04-27T19:24:54.387341Z"},"nsu=http://opcfoundation.org/UA/Plc/Applications;s=FastUIntScalar3":{"Value":95,"SourceTimestamp":"2024-04-27T19:24:54.3873424Z","ServerTimestamp":"2024-04-27T19:24:54.3873438Z"},"nsu=http://opcfoundation.org/UA/Plc/Applications;s=FastRandomUIntScalar1":{"Value":3037849,"SourceTimestamp":"2024-04-27T19:24:54.387333Z","ServerTimestamp":"2024-04-27T19:24:54.3873348Z"},"nsu=http://opcfoundation.org/UA/Plc/Applications;s=FastRandomUIntScalar2":{"Value":2113941412,"SourceTimestamp":"2024-04-27T19:24:54.3873411Z","ServerTimestamp":"2024-04-27T19:24:54.3873424Z"},"nsu=http://opcfoundation.org/UA/Plc/Applications;s=FastRandomUIntScalar3":{"Value":1161608469,"SourceTimestamp":"2024-04-27T19:24:54.3873436Z","ServerTimestamp":"2024-04-27T19:24:54.3873449Z"},"nsu=http://opcfoundation.org/UA/Plc/Applications;s=NegativeTrendData":{"Value":98.400000000000006,"SourceTimestamp":"2024-04-27T19:24:54.4950242Z","ServerTimestamp":"2024-04-27T19:24:54.4950329Z"},"nsu=http://opcfoundation.org/UA/Plc/Applications;s=PositiveTrendData":{"Value":101.2,"SourceTimestamp":"2024-04-27T19:24:54.4950242Z","ServerTimestamp":"2024-04-27T19:24:54.4950306Z"},"nsu=http://opcfoundation.org/UA/Plc/Applications;s=SpikeData":{"Value":-84.432792550201498,"SourceTimestamp":"2024-04-27T19:24:55.2988372Z","ServerTimestamp":"2024-04-27T19:24:55.298842Z"}}]