[{"nsu=http://opcfoundation.org/UA/Plc/Applications;s=StepUp":{"Value":989,"SourceTimestamp":"2024-04-27T19:24:58.2862708Z","ServerTimestamp":"2024-04-27T19:24:58.2862903Z"},"nsu=http://opcfoundation.org/UA/Plc/Applications;s=RandomSignedInt32":{"Value":1898908399,"SourceTimestamp":"2024-04-27T19:24:58.2863048Z","ServerTimestamp":"2024-04-27T19:24:58.2863069Z"},"nsu=http://opcfoundation.org/UA/Plc/Applications;s=RandomUnsignedInt32":{"Value":1607833860,"SourceTimestamp":"2024-04-27T19:24:58.2863087Z","ServerTimestamp":"2024-04-27T19:24:58.2863096Z"},"nsu=http://opcfoundation.org/UA/Plc/Applications;s=DipData":{"Value":99.80267284282715,"SourceTimestamp":"2024-04-27T19:24:58.1930796Z","ServerTimestamp":"2024-04-27T19:24:58.1930802Z"},"nsu=http://opcfoundation.org/UA/Plc/Applications;s=FastUIntScalar1":{"Value":98,"SourceTimestamp":"2024-04-27T19:24:57.3922007Z","ServerTimestamp":"2024-04-27T19:24:57.3922131Z"},"nsu=http://opcfoundation.org/UA/Plc/Applications;s=FastUIntScalar2":{"Value":98,"SourceTimestamp":"2024-04-27T19:24:57.3922231Z","ServerTimestamp":"2024-04-27T19:24:57.3922287Z"},"nsu=http://opcfoundation.org/UA/Plc/Applications;s=FastUIntScalar3":{"Value":98,"SourceTimestamp":"2024-04-27T19:24:57.3922334Z","ServerTimestamp":"2024-04-27T19:24:57.3922342Z"},"nsu=http://opcfoundation.org/UA/Plc/Applications;s=FastRandomUIntScalar1":{"Value":1148734489,"SourceTimestamp":"2024-04-27T19:24:57.3922052Z","ServerTimestamp":"2024-04-27T19:24:57.3922717Z"},"nsu=http://opcfoundation.org/UA/Plc/Applications;s=FastRandomUIntScalar2":{"Value":2580040181,"SourceTimestamp":"2024-04-27T19:24:57.3922748Z","ServerTimestamp":"2024-04-27T19:24:57.3922757Z"},"nsu=http://opcfoundation.org/UA/Plc/Applications;s=FastRandomUIntScalar3":{"Value":2919262149,"SourceTimestamp":"2024-04-27T19:24:57.3922767Z","ServerTimestamp":"2024-04-27T19:24:57.3922772Z"},"nsu=http://opcfoundation.org/UA/Plc/Applications;s=SpikeData":{"Value":99.80267284282715,"SourceTimestamp":"2024-04-27T19:24:58.1930394Z","ServerTimestamp":"2024-04-27T19:24:58.1930431Z"}}]