[{"nsu=http://opcfoundation.org/UA/Plc/Applications;s=StepUp":{"Value":999,"SourceTimestamp":"2024-04-27T19:24:59.2939647Z","ServerTimestamp":"2024-04-27T19:24:59.2940006Z"},"nsu=http://opcfoundation.org/UA/Plc/Applications;s=RandomSignedInt32":{"Value":1688171548,"SourceTimestamp":"2024-04-27T19:24:59.2939805Z","ServerTimestamp":"2024-04-27T19:24:59.2939816Z"},"nsu=http://opcfoundation.org/UA/Plc/Applications;s=RandomUnsignedInt32":{"Value":1361199933,"SourceTimestamp":"2024-04-27T19:24:59.2939817Z","ServerTimestamp":"2024-04-27T19:24:59.2939846Z"},"nsu=http://opcfoundation.org/UA/Plc/Applications;s=DipData":{"Value":24.868988716485479,"SourceTimestamp":"2024-04-27T19:24:59.2939762Z","ServerTimestamp":"2024-04-27T19:24:59.2939784Z"},"nsu=http://opcfoundation.org/UA/Plc/Applications;s=FastUIntScalar1":{"Value":99,"SourceTimestamp":"2024-04-27T19:24:58.3951856Z","ServerTimestamp":"2024-04-27T19:24:58.395187Z"},"nsu=http://opcfoundation.org/UA/Plc/Applications;s=FastUIntScalar2":{"Value":99,"SourceTimestamp":"2024-04-27T19:24:58.395192Z","ServerTimestamp":"2024-04-27T19:24:58.395194Z"},"nsu=http://opcfoundation.org/UA/Plc/Applications;s=FastUIntScalar3":{"Value":99,"SourceTimestamp":"2024-04-27T19:24:58.3951954Z","ServerTimestamp":"2024-04-27T19:24:58.3951962Z"},"nsu=http://opcfoundation.org/UA/Plc/Applications;s=FastRandomUIntScalar1":{"Value":2252213725,"SourceTimestamp":"2024-04-27T19:24:58.3951906Z","ServerTimestamp":"2024-04-27T19:24:58.3951919Z"},"nsu=http://opcfoundation.org/UA/Plc/Applications;s=FastRandomUIntScalar2":{"Value":1935559301,"SourceTimestamp":"2024-04-27T19:24:58.395194Z","ServerTimestamp":"2024-04-27T19:24:58.3951952Z"},"nsu=http://opcfoundation.org/UA/Plc/Applications;s=FastRandomUIntScalar3":{"Value":2706210121,"SourceTimestamp":"2024-04-27T19:24:58.3951965Z","ServerTimestamp":"2024-04-27T19:24:58.3951974Z"},"nsu=http://opcfoundation.org/UA/Plc/Applications;s=SpikeData":{"Value":24.868988716485479,"SourceTimestamp":"2024-04-27T19:24:59.2939421Z","ServerTimestamp":"2024-04-27T19:24:59.2939454Z"}}]