[{"nsu=http://opcfoundation.org/UA/Plc/Applications;s=StepUp":{"Value":1029,"SourceTimestamp":"2024-04-27T19:25:02.2935198Z","ServerTimestamp":"2024-04-27T19:25:02.2935315Z"},"nsu=http://opcfoundation.org/UA/Plc/Applications;s=RandomSignedInt32":{"Value":557543259,"SourceTimestamp":"2024-04-27T19:25:02.2935792Z","ServerTimestamp":"2024-04-27T19:25:02.2935957Z"},"nsu=http://opcfoundation.org/UA/Plc/Applications;s=RandomUnsignedInt32":{"Value":895084945,"SourceTimestamp":"2024-04-27T19:25:02.2936067Z","ServerTimestamp":"2024-04-27T19:25:02.2936099Z"},"nsu=http://opcfoundation.org/UA/Plc/Applications;s=DipData":{"Value":36.812455268467772,"SourceTimestamp":"2024-04-27T19:25:02.2935705Z","ServerTimestamp":"2024-04-27T19:25:02.2935875Z"},"nsu=http://opcfoundation.org/UA/Plc/Applications;s=FastUIntScalar1":{"Value":102,"SourceTimestamp":"2024-04-27T19:25:01.3998464Z","ServerTimestamp":"2024-04-27T19:25:01.3998495Z"},"nsu=http://opcfoundation.org/UA/Plc/Applications;s=FastUIntScalar2":{"Value":102,"SourceTimestamp":"2024-04-27T19:25:01.399851Z","ServerTimestamp":"2024-04-27T19:25:01.3998557Z"},"nsu=http://opcfoundation.org/UA/Plc/Applications;s=FastUIntScalar3":{"Value":102,"SourceTimestamp":"2024-04-27T19:25:01.3998568Z","ServerTimestamp":"2024-04-27T19:25:01.3998581Z"},"nsu=http://opcfoundation.org/UA/Plc/Applications;s=FastRandomUIntScalar1":{"Value":576481780,"SourceTimestamp":"2024-04-27T19:25:01.3998493Z","ServerTimestamp":"2024-04-27T19:25:01.399851Z"},"nsu=http://opcfoundation.org/UA/Plc/Applications;s=FastRandomUIntScalar2":{"Value":833452054,"SourceTimestamp":"2024-04-27T19:25:01.3998556Z","ServerTimestamp":"2024-04-27T19:25:01.3998568Z"},"nsu=http://opcfoundation.org/UA/Plc/Applications;s=FastRandomUIntScalar3":{"Value":3520452204,"SourceTimestamp":"2024-04-27T19:25:01.399858Z","ServerTimestamp":"2024-04-27T19:25:01.3998589Z"},"nsu=http://opcfoundation.org/UA/Plc/Applications;s=SpikeData":{"Value":36.812455268467772,"SourceTimestamp":"2024-04-27T19:25:02.2935139Z","ServerTimestamp":"2024-04-27T19:25:02.2935178Z"}}]