[{"nsu=http://opcfoundation.org/UA/Plc/Applications;s=StepUp":{"Value":99,"SourceTimestamp":"2024-04-27T19:23:29.2876621Z","ServerTimestamp":"2024-04-27T19:23:29.2876762Z"},"nsu=http://opcfoundation.org/UA/Plc/Applications;s=RandomSignedInt32":{"Value":-948875329,"SourceTimestamp":"2024-04-27T19:23:29.2876999Z","ServerTimestamp":"2024-04-27T19:23:29.2877011Z"},"nsu=http://opcfoundation.org/UA/Plc/Applications;s=RandomUnsignedInt32":{"Value":1389799438,"SourceTimestamp":"2024-04-27T19:23:29.287691Z","ServerTimestamp":"2024-04-27T19:23:29.2876964Z"},"nsu=http://opcfoundation.org/UA/Plc/Applications;s=DipData":{"Value":24.868988716485479,"SourceTimestamp":"2024-04-27T19:23:29.2876786Z","ServerTimestamp":"2024-04-27T19:23:29.2876885Z"},"nsu=http://opcfoundation.org/UA/Plc/Applications;s=FastUIntScalar1":{"Value":9,"SourceTimestamp":"2024-04-27T19:23:28.3972918Z","ServerTimestamp":"2024-04-27T19:23:28.3972974Z"},"nsu=http://opcfoundation.org/UA/Plc/Applications;s=FastUIntScalar2":{"Value":9,"SourceTimestamp":"2024-04-27T19:23:28.3972997Z","ServerTimestamp":"2024-04-27T19:23:28.3973021Z"},"nsu=http://opcfoundation.org/UA/Plc/Applications;s=FastUIntScalar3":{"Value":9,"SourceTimestamp":"2024-04-27T19:23:28.3973032Z","ServerTimestamp":"2024-04-27T19:23:28.3973045Z"},"nsu=http://opcfoundation.org/UA/Plc/Applications;s=FastRandomUIntScalar1":{"Value":4124367270,"SourceTimestamp":"2024-04-27T19:23:28.3972922Z","ServerTimestamp":"2024-04-27T19:23:28.3972998Z"},"nsu=http://opcfoundation.org/UA/Plc/Applications;s=FastRandomUIntScalar2":{"Value":4244109210,"SourceTimestamp":"2024-04-27T19:23:28.3973021Z","ServerTimestamp":"2024-04-27T19:23:28.3973033Z"},"nsu=http://opcfoundation.org/UA/Plc/Applications;s=FastRandomUIntScalar3":{"Value":1246321107,"SourceTimestamp":"2024-04-27T19:23:28.3973045Z","ServerTimestamp":"2024-04-27T19:23:28.3973059Z"},"nsu=http://opcfoundation.org/UA/Plc/Applications;s=SpikeData":{"Value":24.868988716485479,"SourceTimestamp":"2024-04-27T19:23:29.2876584Z","ServerTimestamp":"2024-04-27T19:23:29.2876617Z"}}]