[{"nsu=http://opcfoundation.org/UA/Plc/Applications;s=StepUp":{"Value":1049,"SourceTimestamp":"2024-04-27T19:25:04.2978782Z","ServerTimestamp":"2024-04-27T19:25:04.2978813Z"},"nsu=http://opcfoundation.org/UA/Plc/Applications;s=RandomSignedInt32":{"Value":-476402174,"SourceTimestamp":"2024-04-27T19:25:04.2978985Z","ServerTimestamp":"2024-04-27T19:25:04.2978992Z"},"nsu=http://opcfoundation.org/UA/Plc/Applications;s=RandomUnsignedInt32":{"Value":53162012,"SourceTimestamp":"2024-04-27T19:25:04.2979006Z","ServerTimestamp":"2024-04-27T19:25:04.2979168Z"},"nsu=http://opcfoundation.org/UA/Plc/Applications;s=DipData":{"Value":24.868988716485479,"SourceTimestamp":"2024-04-27T19:25:04.2979047Z","ServerTimestamp":"2024-04-27T19:25:04.2979115Z"},"nsu=http://opcfoundation.org/UA/Plc/Applications;s=FastUIntScalar1":{"Value":104,"SourceTimestamp":"2024-04-27T19:25:03.3960692Z","ServerTimestamp":"2024-04-27T19:25:03.3960748Z"},"nsu=http://opcfoundation.org/UA/Plc/Applications;s=FastUIntScalar2":{"Value":104,"SourceTimestamp":"2024-04-27T19:25:03.3960766Z","ServerTimestamp":"2024-04-27T19:25:03.3960772Z"},"nsu=http://opcfoundation.org/UA/Plc/Applications;s=FastUIntScalar3":{"Value":104,"SourceTimestamp":"2024-04-27T19:25:03.3960783Z","ServerTimestamp":"2024-04-27T19:25:03.3960788Z"},"nsu=http://opcfoundation.org/UA/Plc/Applications;s=FastRandomUIntScalar1":{"Value":2168619838,"SourceTimestamp":"2024-04-27T19:25:03.3960791Z","ServerTimestamp":"2024-04-27T19:25:03.3960802Z"},"nsu=http://opcfoundation.org/UA/Plc/Applications;s=FastRandomUIntScalar2":{"Value":2915972793,"SourceTimestamp":"2024-04-27T19:25:03.3960849Z","ServerTimestamp":"2024-04-27T19:25:03.3960855Z"},"nsu=http://opcfoundation.org/UA/Plc/Applications;s=FastRandomUIntScalar3":{"Value":1758477151,"SourceTimestamp":"2024-04-27T19:25:03.3960866Z","ServerTimestamp":"2024-04-27T19:25:03.3960965Z"},"nsu=http://opcfoundation.org/UA/Plc/Applications;s=SpikeData":{"Value":24.868988716485479,"SourceTimestamp":"2024-04-27T19:25:04.2978964Z","ServerTimestamp":"2024-04-27T19:25:04.2979075Z"}}]