[{"nsu=http://opcfoundation.org/UA/Plc/Applications;s=StepUp":{"Value":1069,"SourceTimestamp":"2024-04-27T19:25:06.2997265Z","ServerTimestamp":"2024-04-27T19:25:06.299736Z"},"nsu=http://opcfoundation.org/UA/Plc/Applications;s=RandomSignedInt32":{"Value":1331311701,"SourceTimestamp":"2024-04-27T19:25:06.2997569Z","ServerTimestamp":"2024-04-27T19:25:06.2997611Z"},"nsu=http://opcfoundation.org/UA/Plc/Applications;s=RandomUnsignedInt32":{"Value":970521258,"SourceTimestamp":"2024-04-27T19:25:06.2997381Z","ServerTimestamp":"2024-04-27T19:25:06.2997548Z"},"nsu=http://opcfoundation.org/UA/Plc/Applications;s=DipData":{"Value":-77.051324277578942,"SourceTimestamp":"2024-04-27T19:25:06.299731Z","ServerTimestamp":"2024-04-27T19:25:06.2997322Z"},"nsu=http://opcfoundation.org/UA/Plc/Applications;s=FastUIntScalar1":{"Value":106,"SourceTimestamp":"2024-04-27T19:25:05.400999Z","ServerTimestamp":"2024-04-27T19:25:05.4010291Z"},"nsu=http://opcfoundation.org/UA/Plc/Applications;s=FastUIntScalar2":{"Value":106,"SourceTimestamp":"2024-04-27T19:25:05.4010386Z","ServerTimestamp":"2024-04-27T19:25:05.4010425Z"},"nsu=http://opcfoundation.org/UA/Plc/Applications;s=FastUIntScalar3":{"Value":106,"SourceTimestamp":"2024-04-27T19:25:05.4010452Z","ServerTimestamp":"2024-04-27T19:25:05.4010476Z"},"nsu=http://opcfoundation.org/UA/Plc/Applications;s=FastRandomUIntScalar1":{"Value":1131754190,"SourceTimestamp":"2024-04-27T19:25:05.4010212Z","ServerTimestamp":"2024-04-27T19:25:05.4010388Z"},"nsu=http://opcfoundation.org/UA/Plc/Applications;s=FastRandomUIntScalar2":{"Value":2741133517,"SourceTimestamp":"2024-04-27T19:25:05.4010418Z","ServerTimestamp":"2024-04-27T19:25:05.4010455Z"},"nsu=http://opcfoundation.org/UA/Plc/Applications;s=FastRandomUIntScalar3":{"Value":3259461351,"SourceTimestamp":"2024-04-27T19:25:05.4010475Z","ServerTimestamp":"2024-04-27T19:25:05.4010501Z"},"nsu=http://opcfoundation.org/UA/Plc/Applications;s=SpikeData":{"Value":-77.051324277578942,"SourceTimestamp":"2024-04-27T19:25:06.2996818Z","ServerTimestamp":"2024-04-27T19:25:06.2996865Z"}}]