[{"nsu=http://opcfoundation.org/UA/Plc/Applications;s=StepUp":{"Value":1129,"SourceTimestamp":"2024-04-27T19:25:12.2913253Z","ServerTimestamp":"2024-04-27T19:25:12.2913291Z"},"nsu=http://opcfoundation.org/UA/Plc/Applications;s=RandomSignedInt32":{"Value":-1736782706,"SourceTimestamp":"2024-04-27T19:25:12.2913578Z","ServerTimestamp":"2024-04-27T19:25:12.2913656Z"},"nsu=http://opcfoundation.org/UA/Plc/Applications;s=RandomUnsignedInt32":{"Value":2078151682,"SourceTimestamp":"2024-04-27T19:25:12.2913555Z","ServerTimestamp":"2024-04-27T19:25:12.2913983Z"},"nsu=http://opcfoundation.org/UA/Plc/Applications;s=DipData":{"Value":36.812455268467772,"SourceTimestamp":"2024-04-27T19:25:12.2913765Z","ServerTimestamp":"2024-04-27T19:25:12.2913785Z"},"nsu=http://opcfoundation.org/UA/Plc/Applications;s=FastUIntScalar1":{"Value":112,"SourceTimestamp":"2024-04-27T19:25:11.3905365Z","ServerTimestamp":"2024-04-27T19:25:11.3905425Z"},"nsu=http://opcfoundation.org/UA/Plc/Applications;s=FastUIntScalar2":{"Value":112,"SourceTimestamp":"2024-04-27T19:25:11.3905467Z","ServerTimestamp":"2024-04-27T19:25:11.3905487Z"},"nsu=http://opcfoundation.org/UA/Plc/Applications;s=FastUIntScalar3":{"Value":112,"SourceTimestamp":"2024-04-27T19:25:11.3905501Z","ServerTimestamp":"2024-04-27T19:25:11.3905517Z"},"nsu=http://opcfoundation.org/UA/Plc/Applications;s=FastRandomUIntScalar1":{"Value":3121031541,"SourceTimestamp":"2024-04-27T19:25:11.390537Z","ServerTimestamp":"2024-04-27T19:25:11.3905397Z"},"nsu=http://opcfoundation.org/UA/Plc/Applications;s=FastRandomUIntScalar2":{"Value":3760776727,"SourceTimestamp":"2024-04-27T19:25:11.3905422Z","ServerTimestamp":"2024-04-27T19:25:11.3905502Z"},"nsu=http://opcfoundation.org/UA/Plc/Applications;s=FastRandomUIntScalar3":{"Value":237613903,"SourceTimestamp":"2024-04-27T19:25:11.3905516Z","ServerTimestamp":"2024-04-27T19:25:11.3905528Z"},"nsu=http://opcfoundation.org/UA/Plc/Applications;s=SpikeData":{"Value":36.812455268467772,"SourceTimestamp":"2024-04-27T19:25:12.2913508Z","ServerTimestamp":"2024-04-27T19:25:12.2913838Z"}}]