{"NodeId":"nsu=http://opcfoundation.org/UA/Plc/Applications;s=PositiveTrendData","EndpointUrl":"opc.tcp://localhost:61457/UA/SampleServer","ApplicationUri":"urn:desktop-bgfjs91:OPCFoundation:CoreSampleServer","DisplayName":"nsu=http://opcfoundation.org/UA/Plc/Applications;s=PositiveTrendData","Timestamp":"2024-04-27T09:30:27.2353675Z","Value":{"Value":101.09999999999999,"SourceTimestamp":"2024-04-27T09:30:26.4325178Z","ServerTimestamp":"2024-04-27T09:30:26.4325191Z"},"SequenceNumber":12,"ExtensionFields":{}}