{"NodeId":"nsu=http://opcfoundation.org/UA/Plc/Applications;s=PositiveTrendData","EndpointUrl":"opc.tcp://localhost:61457/UA/SampleServer","ApplicationUri":"urn:desktop-bgfjs91:OPCFoundation:CoreSampleServer","DisplayName":"nsu=http://opcfoundation.org/UA/Plc/Applications;s=PositiveTrendData","Timestamp":"2024-04-27T09:30:47.2199584Z","Value":{"Value":101.5,"SourceTimestamp":"2024-04-27T09:30:46.4329837Z","ServerTimestamp":"2024-04-27T09:30:46.4329894Z"},"SequenceNumber":16,"ExtensionFields":{}}