{"NodeId":"nsu=http://opcfoundation.org/UA/Plc/Applications;s=PositiveTrendData","EndpointUrl":"opc.tcp://localhost:61457/UA/SampleServer","ApplicationUri":"urn:desktop-bgfjs91:OPCFoundation:CoreSampleServer","DisplayName":"nsu=http://opcfoundation.org/UA/Plc/Applications;s=PositiveTrendData","Timestamp":"2024-04-27T09:29:37.1906448Z","Value":{"Value":100.09999999999999,"SourceTimestamp":"2024-04-27T09:29:36.4333926Z","ServerTimestamp":"2024-04-27T09:29:36.4333965Z"},"SequenceNumber":2,"ExtensionFields":{}}