{"SequenceNumber":92,"MetaDataVersion":{"MajorVersion":1},"Timestamp":"2024-04-27T16:27:59.6479416Z","MessageType":"ua-deltaframe","DataSetWriterName":"<<UnknownDataSet>>","Payload":{"nsu=http://opcfoundation.org/UA/Plc/Applications;s=StepUp":{"Value":1047,"SourceTimestamp":"2024-04-27T16:27:59.5544236Z","ServerTimestamp":"2024-04-27T16:27:59.5544278Z"},"nsu=http://opcfoundation.org/UA/Plc/Applications;s=RandomSignedInt32":{"Value":-903988312,"SourceTimestamp":"2024-04-27T16:27:59.5544695Z","ServerTimestamp":"2024-04-27T16:27:59.5544774Z"},"nsu=http://opcfoundation.org/UA/Plc/Applications;s=RandomUnsignedInt32":{"Value":711623996,"SourceTimestamp":"2024-04-27T16:27:59.5544869Z","ServerTimestamp":"2024-04-27T16:27:59.5544888Z"},"nsu=http://opcfoundation.org/UA/Plc/Applications;s=DipData":{"Value":48.175367410171532,"SourceTimestamp":"2024-04-27T16:27:59.5544916Z","ServerTimestamp":"2024-04-27T16:27:59.5544967Z"},"nsu=http://opcfoundation.org/UA/Plc/Applications;s=FastUIntScalar1":{"Value":104,"SourceTimestamp":"2024-04-27T16:27:58.8611807Z","ServerTimestamp":"2024-04-27T16:27:58.8611832Z"},"nsu=http://opcfoundation.org/UA/Plc/Applications;s=FastUIntScalar2":{"Value":104,"SourceTimestamp":"2024-04-27T16:27:58.8611925Z","ServerTimestamp":"2024-04-27T16:27:58.8611997Z"},"nsu=http://opcfoundation.org/UA/Plc/Applications;s=FastUIntScalar3":{"Value":104,"SourceTimestamp":"2024-04-27T16:27:58.8612012Z","ServerTimestamp":"2024-04-27T16:27:58.8612023Z"},"nsu=http://opcfoundation.org/UA/Plc/Applications;s=FastRandomUIntScalar1":{"Value":3186281867,"SourceTimestamp":"2024-04-27T16:27:58.8611842Z","ServerTimestamp":"2024-04-27T16:27:58.861193Z"},"nsu=http://opcfoundation.org/UA/Plc/Applications;s=FastRandomUIntScalar2":{"Value":3505075832,"SourceTimestamp":"2024-04-27T16:27:58.8611997Z","ServerTimestamp":"2024-04-27T16:27:58.8612013Z"},"nsu=http://opcfoundation.org/UA/Plc/Applications;s=FastRandomUIntScalar3":{"Value":934330984,"SourceTimestamp":"2024-04-27T16:27:58.8612024Z","ServerTimestamp":"2024-04-27T16:27:58.8612033Z"},"nsu=http://opcfoundation.org/UA/Plc/Applications;s=SpikeData":{"Value":48.175367410171532,"SourceTimestamp":"2024-04-27T16:27:59.5545427Z","ServerTimestamp":"2024-04-27T16:27:59.5545455Z"}}}