{"SequenceNumber":93,"MetaDataVersion":{"MajorVersion":1},"Timestamp":"2024-04-27T16:28:00.7003896Z","MessageType":"ua-deltaframe","DataSetWriterName":"<<UnknownDataSet>>","Payload":{"nsu=http://opcfoundation.org/UA/Plc/Applications;s=StepUp":{"Value":1058,"SourceTimestamp":"2024-04-27T16:28:00.6538354Z","ServerTimestamp":"2024-04-27T16:28:00.6538388Z"},"nsu=http://opcfoundation.org/UA/Plc/Applications;s=AlternatingBoolean":{"Value":false,"SourceTimestamp":"2024-04-27T16:27:59.9576397Z","ServerTimestamp":"2024-04-27T16:27:59.9577182Z"},"nsu=http://opcfoundation.org/UA/Plc/Applications;s=RandomSignedInt32":{"Value":-1707646050,"SourceTimestamp":"2024-04-27T16:28:00.6538387Z","ServerTimestamp":"2024-04-27T16:28:00.6538691Z"},"nsu=http://opcfoundation.org/UA/Plc/Applications;s=RandomUnsignedInt32":{"Value":178651711,"SourceTimestamp":"2024-04-27T16:28:00.6538554Z","ServerTimestamp":"2024-04-27T16:28:00.653857Z"},"nsu=http://opcfoundation.org/UA/Plc/Applications;s=DipData":{"Value":-77.0513242775789,"SourceTimestamp":"2024-04-27T16:28:00.6538724Z","ServerTimestamp":"2024-04-27T16:28:00.65388Z"},"nsu=http://opcfoundation.org/UA/Plc/Applications;s=FastUIntScalar1":{"Value":105,"SourceTimestamp":"2024-04-27T16:27:59.8483528Z","ServerTimestamp":"2024-04-27T16:27:59.8483564Z"},"nsu=http://opcfoundation.org/UA/Plc/Applications;s=FastUIntScalar2":{"Value":105,"SourceTimestamp":"2024-04-27T16:27:59.8483693Z","ServerTimestamp":"2024-04-27T16:27:59.8483703Z"},"nsu=http://opcfoundation.org/UA/Plc/Applications;s=FastUIntScalar3":{"Value":105,"SourceTimestamp":"2024-04-27T16:27:59.848377Z","ServerTimestamp":"2024-04-27T16:27:59.8483894Z"},"nsu=http://opcfoundation.org/UA/Plc/Applications;s=FastRandomUIntScalar1":{"Value":2581812425,"SourceTimestamp":"2024-04-27T16:27:59.8483741Z","ServerTimestamp":"2024-04-27T16:27:59.8483776Z"},"nsu=http://opcfoundation.org/UA/Plc/Applications;s=FastRandomUIntScalar2":{"Value":2910217782,"SourceTimestamp":"2024-04-27T16:27:59.8483894Z","ServerTimestamp":"2024-04-27T16:27:59.848391Z"},"nsu=http://opcfoundation.org/UA/Plc/Applications;s=FastRandomUIntScalar3":{"Value":4164301547,"SourceTimestamp":"2024-04-27T16:27:59.8483936Z","ServerTimestamp":"2024-04-27T16:27:59.8483946Z"},"nsu=http://opcfoundation.org/UA/Plc/Applications;s=NegativeTrendData":{"Value":98.599999999999994,"SourceTimestamp":"2024-04-27T16:27:59.957722Z","ServerTimestamp":"2024-04-27T16:27:59.9577302Z"},"nsu=http://opcfoundation.org/UA/Plc/Applications;s=PositiveTrendData":{"Value":101.2,"SourceTimestamp":"2024-04-27T16:27:59.9577013Z","ServerTimestamp":"2024-04-27T16:27:59.9577078Z"},"nsu=http://opcfoundation.org/UA/Plc/Applications;s=SpikeData":{"Value":-77.0513242775789,"SourceTimestamp":"2024-04-27T16:28:00.6538727Z","ServerTimestamp":"2024-04-27T16:28:00.6538785Z"}}}