{"SequenceNumber":95,"MetaDataVersion":{"MajorVersion":1},"Timestamp":"2024-04-27T16:28:02.6816394Z","MessageType":"ua-deltaframe","DataSetWriterName":"<<UnknownDataSet>>","Payload":{"nsu=http://opcfoundation.org/UA/Plc/Applications;s=StepUp":{"Value":1078,"SourceTimestamp":"2024-04-27T16:28:02.6510571Z","ServerTimestamp":"2024-04-27T16:28:02.6510595Z"},"nsu=http://opcfoundation.org/UA/Plc/Applications;s=RandomSignedInt32":{"Value":508363684,"SourceTimestamp":"2024-04-27T16:28:02.6510521Z","ServerTimestamp":"2024-04-27T16:28:02.6510528Z"},"nsu=http://opcfoundation.org/UA/Plc/Applications;s=RandomUnsignedInt32":{"Value":1158849250,"SourceTimestamp":"2024-04-27T16:28:02.6510588Z","ServerTimestamp":"2024-04-27T16:28:02.651063Z"},"nsu=http://opcfoundation.org/UA/Plc/Applications;s=DipData":{"Value":24.868988716485482,"SourceTimestamp":"2024-04-27T16:28:02.6510538Z","ServerTimestamp":"2024-04-27T16:28:02.6510555Z"},"nsu=http://opcfoundation.org/UA/Plc/Applications;s=FastUIntScalar1":{"Value":107,"SourceTimestamp":"2024-04-27T16:28:01.8599269Z","ServerTimestamp":"2024-04-27T16:28:01.8599346Z"},"nsu=http://opcfoundation.org/UA/Plc/Applications;s=FastUIntScalar2":{"Value":107,"SourceTimestamp":"2024-04-27T16:28:01.8599417Z","ServerTimestamp":"2024-04-27T16:28:01.8599426Z"},"nsu=http://opcfoundation.org/UA/Plc/Applications;s=FastUIntScalar3":{"Value":107,"SourceTimestamp":"2024-04-27T16:28:01.859944Z","ServerTimestamp":"2024-04-27T16:28:01.8599458Z"},"nsu=http://opcfoundation.org/UA/Plc/Applications;s=FastRandomUIntScalar1":{"Value":2483514266,"SourceTimestamp":"2024-04-27T16:28:01.8599219Z","ServerTimestamp":"2024-04-27T16:28:01.859924Z"},"nsu=http://opcfoundation.org/UA/Plc/Applications;s=FastRandomUIntScalar2":{"Value":3236681555,"SourceTimestamp":"2024-04-27T16:28:01.8599338Z","ServerTimestamp":"2024-04-27T16:28:01.8599444Z"},"nsu=http://opcfoundation.org/UA/Plc/Applications;s=FastRandomUIntScalar3":{"Value":336192131,"SourceTimestamp":"2024-04-27T16:28:01.8599461Z","ServerTimestamp":"2024-04-27T16:28:01.8599471Z"},"nsu=http://opcfoundation.org/UA/Plc/Applications;s=SpikeData":{"Value":1000,"SourceTimestamp":"2024-04-27T16:28:02.6510182Z","ServerTimestamp":"2024-04-27T16:28:02.651021Z"}}}