{"SequenceNumber":97,"MetaDataVersion":{"MajorVersion":1},"Timestamp":"2024-04-27T16:28:05.6573115Z","MessageType":"ua-deltaframe","DataSetWriterName":"<<UnknownDataSet>>","Payload":{"nsu=http://opcfoundation.org/UA/Plc/Applications;s=StepUp":{"Value":1107,"SourceTimestamp":"2024-04-27T16:28:05.5483331Z","ServerTimestamp":"2024-04-27T16:28:05.5483368Z"},"nsu=http://opcfoundation.org/UA/Plc/Applications;s=AlternatingBoolean":{"Value":true,"SourceTimestamp":"2024-04-27T16:28:04.9627355Z","ServerTimestamp":"2024-04-27T16:28:04.9627392Z"},"nsu=http://opcfoundation.org/UA/Plc/Applications;s=RandomSignedInt32":{"Value":793644977,"SourceTimestamp":"2024-04-27T16:28:05.5483529Z","ServerTimestamp":"2024-04-27T16:28:05.5483608Z"},"nsu=http://opcfoundation.org/UA/Plc/Applications;s=RandomUnsignedInt32":{"Value":945648428,"SourceTimestamp":"2024-04-27T16:28:05.5483681Z","ServerTimestamp":"2024-04-27T16:28:05.5483694Z"},"nsu=http://opcfoundation.org/UA/Plc/Applications;s=DipData":{"Value":-68.454710592868821,"SourceTimestamp":"2024-04-27T16:28:05.5483689Z","ServerTimestamp":"2024-04-27T16:28:05.5483738Z"},"nsu=http://opcfoundation.org/UA/Plc/Applications;s=FastUIntScalar1":{"Value":110,"SourceTimestamp":"2024-04-27T16:28:04.8542898Z","ServerTimestamp":"2024-04-27T16:28:04.8542924Z"},"nsu=http://opcfoundation.org/UA/Plc/Applications;s=FastUIntScalar2":{"Value":110,"SourceTimestamp":"2024-04-27T16:28:04.8542967Z","ServerTimestamp":"2024-04-27T16:28:04.8542974Z"},"nsu=http://opcfoundation.org/UA/Plc/Applications;s=FastUIntScalar3":{"Value":110,"SourceTimestamp":"2024-04-27T16:28:04.8542989Z","ServerTimestamp":"2024-04-27T16:28:04.8542999Z"},"nsu=http://opcfoundation.org/UA/Plc/Applications;s=FastRandomUIntScalar1":{"Value":1029417833,"SourceTimestamp":"2024-04-27T16:28:04.85429Z","ServerTimestamp":"2024-04-27T16:28:04.8542908Z"},"nsu=http://opcfoundation.org/UA/Plc/Applications;s=FastRandomUIntScalar2":{"Value":2864957990,"SourceTimestamp":"2024-04-27T16:28:04.8542921Z","ServerTimestamp":"2024-04-27T16:28:04.8542963Z"},"nsu=http://opcfoundation.org/UA/Plc/Applications;s=FastRandomUIntScalar3":{"Value":1697646481,"SourceTimestamp":"2024-04-27T16:28:04.8542973Z","ServerTimestamp":"2024-04-27T16:28:04.8542987Z"},"nsu=http://opcfoundation.org/UA/Plc/Applications;s=NegativeTrendData":{"Value":98.5,"SourceTimestamp":"2024-04-27T16:28:04.962764Z","ServerTimestamp":"2024-04-27T16:28:04.9627656Z"},"nsu=http://opcfoundation.org/UA/Plc/Applications;s=PositiveTrendData":{"Value":101.3,"SourceTimestamp":"2024-04-27T16:28:04.9627782Z","ServerTimestamp":"2024-04-27T16:28:04.9627804Z"},"nsu=http://opcfoundation.org/UA/Plc/Applications;s=SpikeData":{"Value":-68.454710592868821,"SourceTimestamp":"2024-04-27T16:28:05.5483904Z","ServerTimestamp":"2024-04-27T16:28:05.5483917Z"}}}