{"SequenceNumber":102,"MetaDataVersion":{"MajorVersion":1},"Timestamp":"2024-04-27T16:28:10.6769107Z","MessageType":"ua-deltaframe","DataSetWriterName":"<<UnknownDataSet>>","Payload":{"nsu=http://opcfoundation.org/UA/Plc/Applications;s=StepUp":{"Value":1158,"SourceTimestamp":"2024-04-27T16:28:10.661401Z","ServerTimestamp":"2024-04-27T16:28:10.6614049Z"},"nsu=http://opcfoundation.org/UA/Plc/Applications;s=AlternatingBoolean":{"Value":false,"SourceTimestamp":"2024-04-27T16:28:09.9483779Z","ServerTimestamp":"2024-04-27T16:28:09.9483971Z"},"nsu=http://opcfoundation.org/UA/Plc/Applications;s=RandomSignedInt32":{"Value":1617107475,"SourceTimestamp":"2024-04-27T16:28:10.6614177Z","ServerTimestamp":"2024-04-27T16:28:10.6614275Z"},"nsu=http://opcfoundation.org/UA/Plc/Applications;s=RandomUnsignedInt32":{"Value":414984522,"SourceTimestamp":"2024-04-27T16:28:10.6614364Z","ServerTimestamp":"2024-04-27T16:28:10.6614384Z"},"nsu=http://opcfoundation.org/UA/Plc/Applications;s=DipData":{"Value":-77.0513242775789,"SourceTimestamp":"2024-04-27T16:28:10.661439Z","ServerTimestamp":"2024-04-27T16:28:10.6614822Z"},"nsu=http://opcfoundation.org/UA/Plc/Applications;s=FastUIntScalar1":{"Value":115,"SourceTimestamp":"2024-04-27T16:28:09.854964Z","ServerTimestamp":"2024-04-27T16:28:09.8549726Z"},"nsu=http://opcfoundation.org/UA/Plc/Applications;s=FastUIntScalar2":{"Value":115,"SourceTimestamp":"2024-04-27T16:28:09.854979Z","ServerTimestamp":"2024-04-27T16:28:09.8549798Z"},"nsu=http://opcfoundation.org/UA/Plc/Applications;s=FastUIntScalar3":{"Value":115,"SourceTimestamp":"2024-04-27T16:28:09.8549809Z","ServerTimestamp":"2024-04-27T16:28:09.8549818Z"},"nsu=http://opcfoundation.org/UA/Plc/Applications;s=FastRandomUIntScalar1":{"Value":1552665590,"SourceTimestamp":"2024-04-27T16:28:09.8549604Z","ServerTimestamp":"2024-04-27T16:28:09.8549629Z"},"nsu=http://opcfoundation.org/UA/Plc/Applications;s=FastRandomUIntScalar2":{"Value":2150339498,"SourceTimestamp":"2024-04-27T16:28:09.8549723Z","ServerTimestamp":"2024-04-27T16:28:09.8549787Z"},"nsu=http://opcfoundation.org/UA/Plc/Applications;s=FastRandomUIntScalar3":{"Value":1478559015,"SourceTimestamp":"2024-04-27T16:28:09.8549799Z","ServerTimestamp":"2024-04-27T16:28:09.8549808Z"},"nsu=http://opcfoundation.org/UA/Plc/Applications;s=NegativeTrendData":{"Value":98.400000000000006,"SourceTimestamp":"2024-04-27T16:28:09.9484083Z","ServerTimestamp":"2024-04-27T16:28:09.9484098Z"},"nsu=http://opcfoundation.org/UA/Plc/Applications;s=PositiveTrendData":{"Value":101.40000000000001,"SourceTimestamp":"2024-04-27T16:28:09.9484223Z","ServerTimestamp":"2024-04-27T16:28:09.9484303Z"},"nsu=http://opcfoundation.org/UA/Plc/Applications;s=SpikeData":{"Value":-77.0513242775789,"SourceTimestamp":"2024-04-27T16:28:10.6614492Z","ServerTimestamp":"2024-04-27T16:28:10.6615127Z"}}}