{"SequenceNumber":103,"MetaDataVersion":{"MajorVersion":1},"Timestamp":"2024-04-27T16:28:12.6608991Z","MessageType":"ua-deltaframe","DataSetWriterName":"<<UnknownDataSet>>","Payload":{"nsu=http://opcfoundation.org/UA/Plc/Applications;s=StepUp":{"Value":1177,"SourceTimestamp":"2024-04-27T16:28:12.5523364Z","ServerTimestamp":"2024-04-27T16:28:12.5523395Z"},"nsu=http://opcfoundation.org/UA/Plc/Applications;s=RandomSignedInt32":{"Value":-1865039478,"SourceTimestamp":"2024-04-27T16:28:12.55235Z","ServerTimestamp":"2024-04-27T16:28:12.5523854Z"},"nsu=http://opcfoundation.org/UA/Plc/Applications;s=RandomUnsignedInt32":{"Value":596713661,"SourceTimestamp":"2024-04-27T16:28:12.552364Z","ServerTimestamp":"2024-04-27T16:28:12.5523708Z"},"nsu=http://opcfoundation.org/UA/Plc/Applications;s=DipData":{"Value":12.53332335643041,"SourceTimestamp":"2024-04-27T16:28:12.552372Z","ServerTimestamp":"2024-04-27T16:28:12.5523741Z"},"nsu=http://opcfoundation.org/UA/Plc/Applications;s=FastUIntScalar1":{"Value":117,"SourceTimestamp":"2024-04-27T16:28:11.8523122Z","ServerTimestamp":"2024-04-27T16:28:11.8523141Z"},"nsu=http://opcfoundation.org/UA/Plc/Applications;s=FastUIntScalar2":{"Value":117,"SourceTimestamp":"2024-04-27T16:28:11.8523187Z","ServerTimestamp":"2024-04-27T16:28:11.8523194Z"},"nsu=http://opcfoundation.org/UA/Plc/Applications;s=FastUIntScalar3":{"Value":117,"SourceTimestamp":"2024-04-27T16:28:11.8523205Z","ServerTimestamp":"2024-04-27T16:28:11.852321Z"},"nsu=http://opcfoundation.org/UA/Plc/Applications;s=FastRandomUIntScalar1":{"Value":2548754333,"SourceTimestamp":"2024-04-27T16:28:11.8523011Z","ServerTimestamp":"2024-04-27T16:28:11.8523025Z"},"nsu=http://opcfoundation.org/UA/Plc/Applications;s=FastRandomUIntScalar2":{"Value":1209134430,"SourceTimestamp":"2024-04-27T16:28:11.8523072Z","ServerTimestamp":"2024-04-27T16:28:11.8523079Z"},"nsu=http://opcfoundation.org/UA/Plc/Applications;s=FastRandomUIntScalar3":{"Value":1224535973,"SourceTimestamp":"2024-04-27T16:28:11.8523092Z","ServerTimestamp":"2024-04-27T16:28:11.8523098Z"},"nsu=http://opcfoundation.org/UA/Plc/Applications;s=SpikeData":{"Value":12.53332335643041,"SourceTimestamp":"2024-04-27T16:28:12.5523901Z","ServerTimestamp":"2024-04-27T16:28:12.5523915Z"}}}