{"SequenceNumber":11,"MetaDataVersion":{"MajorVersion":1},"Timestamp":"2024-04-27T16:26:26.6957313Z","MessageType":"ua-deltaframe","DataSetWriterName":"<<UnknownDataSet>>","Payload":{"nsu=http://opcfoundation.org/UA/Plc/Applications;s=StepUp":{"Value":118,"SourceTimestamp":"2024-04-27T16:26:26.6490209Z","ServerTimestamp":"2024-04-27T16:26:26.6490244Z"},"nsu=http://opcfoundation.org/UA/Plc/Applications;s=RandomSignedInt32":{"Value":-291017450,"SourceTimestamp":"2024-04-27T16:26:26.6490342Z","ServerTimestamp":"2024-04-27T16:26:26.6490637Z"},"nsu=http://opcfoundation.org/UA/Plc/Applications;s=RandomUnsignedInt32":{"Value":450203702,"SourceTimestamp":"2024-04-27T16:26:26.6490332Z","ServerTimestamp":"2024-04-27T16:26:26.6490396Z"},"nsu=http://opcfoundation.org/UA/Plc/Applications;s=DipData":{"Value":-84.432792550201526,"SourceTimestamp":"2024-04-27T16:26:26.6490471Z","ServerTimestamp":"2024-04-27T16:26:26.6490501Z"},"nsu=http://opcfoundation.org/UA/Plc/Applications;s=FastUIntScalar1":{"Value":11,"SourceTimestamp":"2024-04-27T16:26:25.8592504Z","ServerTimestamp":"2024-04-27T16:26:25.8592543Z"},"nsu=http://opcfoundation.org/UA/Plc/Applications;s=FastUIntScalar2":{"Value":11,"SourceTimestamp":"2024-04-27T16:26:25.8592688Z","ServerTimestamp":"2024-04-27T16:26:25.8593335Z"},"nsu=http://opcfoundation.org/UA/Plc/Applications;s=FastUIntScalar3":{"Value":11,"SourceTimestamp":"2024-04-27T16:26:25.8593415Z","ServerTimestamp":"2024-04-27T16:26:25.8593437Z"},"nsu=http://opcfoundation.org/UA/Plc/Applications;s=FastRandomUIntScalar1":{"Value":4076697630,"SourceTimestamp":"2024-04-27T16:26:25.8592601Z","ServerTimestamp":"2024-04-27T16:26:25.8592699Z"},"nsu=http://opcfoundation.org/UA/Plc/Applications;s=FastRandomUIntScalar2":{"Value":3558637735,"SourceTimestamp":"2024-04-27T16:26:25.8593117Z","ServerTimestamp":"2024-04-27T16:26:25.8593146Z"},"nsu=http://opcfoundation.org/UA/Plc/Applications;s=FastRandomUIntScalar3":{"Value":1857593769,"SourceTimestamp":"2024-04-27T16:26:25.8593311Z","ServerTimestamp":"2024-04-27T16:26:25.8593394Z"},"nsu=http://opcfoundation.org/UA/Plc/Applications;s=SpikeData":{"Value":-84.432792550201526,"SourceTimestamp":"2024-04-27T16:26:26.6490553Z","ServerTimestamp":"2024-04-27T16:26:26.6490561Z"}}}