{"SequenceNumber":12,"MetaDataVersion":{"MajorVersion":1},"Timestamp":"2024-04-27T16:26:27.6846816Z","MessageType":"ua-deltaframe","DataSetWriterName":"<<UnknownDataSet>>","Payload":{"nsu=http://opcfoundation.org/UA/Plc/Applications;s=StepUp":{"Value":128,"SourceTimestamp":"2024-04-27T16:26:27.654177Z","ServerTimestamp":"2024-04-27T16:26:27.6541819Z"},"nsu=http://opcfoundation.org/UA/Plc/Applications;s=RandomSignedInt32":{"Value":-2019950509,"SourceTimestamp":"2024-04-27T16:26:27.6542246Z","ServerTimestamp":"2024-04-27T16:26:27.6542312Z"},"nsu=http://opcfoundation.org/UA/Plc/Applications;s=RandomUnsignedInt32":{"Value":1592087878,"SourceTimestamp":"2024-04-27T16:26:27.6542456Z","ServerTimestamp":"2024-04-27T16:26:27.6542482Z"},"nsu=http://opcfoundation.org/UA/Plc/Applications;s=DipData":{"Value":24.868988716485482,"SourceTimestamp":"2024-04-27T16:26:27.6542518Z","ServerTimestamp":"2024-04-27T16:26:27.6542581Z"},"nsu=http://opcfoundation.org/UA/Plc/Applications;s=FastUIntScalar1":{"Value":12,"SourceTimestamp":"2024-04-27T16:26:26.8518085Z","ServerTimestamp":"2024-04-27T16:26:26.8518229Z"},"nsu=http://opcfoundation.org/UA/Plc/Applications;s=FastUIntScalar2":{"Value":12,"SourceTimestamp":"2024-04-27T16:26:26.8518303Z","ServerTimestamp":"2024-04-27T16:26:26.8518316Z"},"nsu=http://opcfoundation.org/UA/Plc/Applications;s=FastUIntScalar3":{"Value":12,"SourceTimestamp":"2024-04-27T16:26:26.8518329Z","ServerTimestamp":"2024-04-27T16:26:26.8518344Z"},"nsu=http://opcfoundation.org/UA/Plc/Applications;s=FastRandomUIntScalar1":{"Value":4010117110,"SourceTimestamp":"2024-04-27T16:26:26.8518065Z","ServerTimestamp":"2024-04-27T16:26:26.8518096Z"},"nsu=http://opcfoundation.org/UA/Plc/Applications;s=FastRandomUIntScalar2":{"Value":896058724,"SourceTimestamp":"2024-04-27T16:26:26.851822Z","ServerTimestamp":"2024-04-27T16:26:26.8518303Z"},"nsu=http://opcfoundation.org/UA/Plc/Applications;s=FastRandomUIntScalar3":{"Value":3810516578,"SourceTimestamp":"2024-04-27T16:26:26.8518317Z","ServerTimestamp":"2024-04-27T16:26:26.851833Z"},"nsu=http://opcfoundation.org/UA/Plc/Applications;s=SpikeData":{"Value":1000,"SourceTimestamp":"2024-04-27T16:26:27.6542661Z","ServerTimestamp":"2024-04-27T16:26:27.6542705Z"}}}