{"SequenceNumber":13,"MetaDataVersion":{"MajorVersion":1},"Timestamp":"2024-04-27T16:26:28.6724871Z","MessageType":"ua-deltaframe","DataSetWriterName":"<<UnknownDataSet>>","Payload":{"nsu=http://opcfoundation.org/UA/Plc/Applications;s=StepUp":{"Value":138,"SourceTimestamp":"2024-04-27T16:26:28.6571878Z","ServerTimestamp":"2024-04-27T16:26:28.6571918Z"},"nsu=http://opcfoundation.org/UA/Plc/Applications;s=RandomSignedInt32":{"Value":-1608601343,"SourceTimestamp":"2024-04-27T16:26:28.6572045Z","ServerTimestamp":"2024-04-27T16:26:28.6572061Z"},"nsu=http://opcfoundation.org/UA/Plc/Applications;s=RandomUnsignedInt32":{"Value":1121448940,"SourceTimestamp":"2024-04-27T16:26:28.6572216Z","ServerTimestamp":"2024-04-27T16:26:28.6572261Z"},"nsu=http://opcfoundation.org/UA/Plc/Applications;s=DipData":{"Value":99.80267284282715,"SourceTimestamp":"2024-04-27T16:26:28.6572215Z","ServerTimestamp":"2024-04-27T16:26:28.6572223Z"},"nsu=http://opcfoundation.org/UA/Plc/Applications;s=FastUIntScalar1":{"Value":13,"SourceTimestamp":"2024-04-27T16:26:27.8545138Z","ServerTimestamp":"2024-04-27T16:26:27.8545164Z"},"nsu=http://opcfoundation.org/UA/Plc/Applications;s=FastUIntScalar2":{"Value":13,"SourceTimestamp":"2024-04-27T16:26:27.8545255Z","ServerTimestamp":"2024-04-27T16:26:27.8545322Z"},"nsu=http://opcfoundation.org/UA/Plc/Applications;s=FastUIntScalar3":{"Value":13,"SourceTimestamp":"2024-04-27T16:26:27.8545335Z","ServerTimestamp":"2024-04-27T16:26:27.8545348Z"},"nsu=http://opcfoundation.org/UA/Plc/Applications;s=FastRandomUIntScalar1":{"Value":3607766499,"SourceTimestamp":"2024-04-27T16:26:27.8545173Z","ServerTimestamp":"2024-04-27T16:26:27.854526Z"},"nsu=http://opcfoundation.org/UA/Plc/Applications;s=FastRandomUIntScalar2":{"Value":1126431341,"SourceTimestamp":"2024-04-27T16:26:27.8545321Z","ServerTimestamp":"2024-04-27T16:26:27.8545336Z"},"nsu=http://opcfoundation.org/UA/Plc/Applications;s=FastRandomUIntScalar3":{"Value":1079801981,"SourceTimestamp":"2024-04-27T16:26:27.8545346Z","ServerTimestamp":"2024-04-27T16:26:27.8545361Z"},"nsu=http://opcfoundation.org/UA/Plc/Applications;s=SpikeData":{"Value":99.80267284282715,"SourceTimestamp":"2024-04-27T16:26:28.6572256Z","ServerTimestamp":"2024-04-27T16:26:28.6572325Z"}}}