{"SequenceNumber":21,"MetaDataVersion":{"MajorVersion":1},"Timestamp":"2024-04-27T16:26:37.671886Z","MessageType":"ua-deltaframe","DataSetWriterName":"<<UnknownDataSet>>","Payload":{"nsu=http://opcfoundation.org/UA/Plc/Applications;s=StepUp":{"Value":228,"SourceTimestamp":"2024-04-27T16:26:37.6562798Z","ServerTimestamp":"2024-04-27T16:26:37.6562828Z"},"nsu=http://opcfoundation.org/UA/Plc/Applications;s=RandomSignedInt32":{"Value":728034402,"SourceTimestamp":"2024-04-27T16:26:37.6562844Z","ServerTimestamp":"2024-04-27T16:26:37.6563293Z"},"nsu=http://opcfoundation.org/UA/Plc/Applications;s=RandomUnsignedInt32":{"Value":6514476,"SourceTimestamp":"2024-04-27T16:26:37.6562879Z","ServerTimestamp":"2024-04-27T16:26:37.6563474Z"},"nsu=http://opcfoundation.org/UA/Plc/Applications;s=DipData":{"Value":24.868988716485482,"SourceTimestamp":"2024-04-27T16:26:37.6563078Z","ServerTimestamp":"2024-04-27T16:26:37.6563092Z"},"nsu=http://opcfoundation.org/UA/Plc/Applications;s=FastUIntScalar1":{"Value":22,"SourceTimestamp":"2024-04-27T16:26:36.8498063Z","ServerTimestamp":"2024-04-27T16:26:36.8498108Z"},"nsu=http://opcfoundation.org/UA/Plc/Applications;s=FastUIntScalar2":{"Value":22,"SourceTimestamp":"2024-04-27T16:26:36.8498236Z","ServerTimestamp":"2024-04-27T16:26:36.8498248Z"},"nsu=http://opcfoundation.org/UA/Plc/Applications;s=FastUIntScalar3":{"Value":22,"SourceTimestamp":"2024-04-27T16:26:36.8498279Z","ServerTimestamp":"2024-04-27T16:26:36.849829Z"},"nsu=http://opcfoundation.org/UA/Plc/Applications;s=FastRandomUIntScalar1":{"Value":3599147510,"SourceTimestamp":"2024-04-27T16:26:36.8497863Z","ServerTimestamp":"2024-04-27T16:26:36.8497892Z"},"nsu=http://opcfoundation.org/UA/Plc/Applications;s=FastRandomUIntScalar2":{"Value":879877326,"SourceTimestamp":"2024-04-27T16:26:36.8498009Z","ServerTimestamp":"2024-04-27T16:26:36.849802Z"},"nsu=http://opcfoundation.org/UA/Plc/Applications;s=FastRandomUIntScalar3":{"Value":1678554826,"SourceTimestamp":"2024-04-27T16:26:36.8498033Z","ServerTimestamp":"2024-04-27T16:26:36.8498041Z"},"nsu=http://opcfoundation.org/UA/Plc/Applications;s=SpikeData":{"Value":24.868988716485482,"SourceTimestamp":"2024-04-27T16:26:37.6563125Z","ServerTimestamp":"2024-04-27T16:26:37.6563148Z"}}}