{"SequenceNumber":23,"MetaDataVersion":{"MajorVersion":1},"Timestamp":"2024-04-27T16:26:40.7026282Z","MessageType":"ua-deltaframe","DataSetWriterName":"<<UnknownDataSet>>","Payload":{"nsu=http://opcfoundation.org/UA/Plc/Applications;s=StepUp":{"Value":258,"SourceTimestamp":"2024-04-27T16:26:40.6567893Z","ServerTimestamp":"2024-04-27T16:26:40.6567987Z"},"nsu=http://opcfoundation.org/UA/Plc/Applications;s=AlternatingBoolean":{"Value":false,"SourceTimestamp":"2024-04-27T16:26:39.9622896Z","ServerTimestamp":"2024-04-27T16:26:39.962333Z"},"nsu=http://opcfoundation.org/UA/Plc/Applications;s=RandomSignedInt32":{"Value":-1265144269,"SourceTimestamp":"2024-04-27T16:26:40.6568154Z","ServerTimestamp":"2024-04-27T16:26:40.6568168Z"},"nsu=http://opcfoundation.org/UA/Plc/Applications;s=RandomUnsignedInt32":{"Value":448483981,"SourceTimestamp":"2024-04-27T16:26:40.6568279Z","ServerTimestamp":"2024-04-27T16:26:40.6568322Z"},"nsu=http://opcfoundation.org/UA/Plc/Applications;s=DipData":{"Value":-77.0513242775789,"SourceTimestamp":"2024-04-27T16:26:40.6568336Z","ServerTimestamp":"2024-04-27T16:26:40.6568386Z"},"nsu=http://opcfoundation.org/UA/Plc/Applications;s=FastUIntScalar1":{"Value":25,"SourceTimestamp":"2024-04-27T16:26:39.8525925Z","ServerTimestamp":"2024-04-27T16:26:39.8525967Z"},"nsu=http://opcfoundation.org/UA/Plc/Applications;s=FastUIntScalar2":{"Value":25,"SourceTimestamp":"2024-04-27T16:26:39.8526079Z","ServerTimestamp":"2024-04-27T16:26:39.8526221Z"},"nsu=http://opcfoundation.org/UA/Plc/Applications;s=FastUIntScalar3":{"Value":25,"SourceTimestamp":"2024-04-27T16:26:39.8526239Z","ServerTimestamp":"2024-04-27T16:26:39.8526267Z"},"nsu=http://opcfoundation.org/UA/Plc/Applications;s=FastRandomUIntScalar1":{"Value":882031785,"SourceTimestamp":"2024-04-27T16:26:39.8526014Z","ServerTimestamp":"2024-04-27T16:26:39.8526089Z"},"nsu=http://opcfoundation.org/UA/Plc/Applications;s=FastRandomUIntScalar2":{"Value":2079549094,"SourceTimestamp":"2024-04-27T16:26:39.8526219Z","ServerTimestamp":"2024-04-27T16:26:39.8526241Z"},"nsu=http://opcfoundation.org/UA/Plc/Applications;s=FastRandomUIntScalar3":{"Value":2778849767,"SourceTimestamp":"2024-04-27T16:26:39.8526263Z","ServerTimestamp":"2024-04-27T16:26:39.8526283Z"},"nsu=http://opcfoundation.org/UA/Plc/Applications;s=SpikeData":{"Value":-77.0513242775789,"SourceTimestamp":"2024-04-27T16:26:40.6568392Z","ServerTimestamp":"2024-04-27T16:26:40.6568402Z"}}}