{"SequenceNumber":24,"MetaDataVersion":{"MajorVersion":1},"Timestamp":"2024-04-27T16:26:41.697074Z","MessageType":"ua-deltaframe","DataSetWriterName":"<<UnknownDataSet>>","Payload":{"nsu=http://opcfoundation.org/UA/Plc/Applications;s=StepUp":{"Value":268,"SourceTimestamp":"2024-04-27T16:26:41.6502818Z","ServerTimestamp":"2024-04-27T16:26:41.6502865Z"},"nsu=http://opcfoundation.org/UA/Plc/Applications;s=RandomSignedInt32":{"Value":1268529127,"SourceTimestamp":"2024-04-27T16:26:41.6503228Z","ServerTimestamp":"2024-04-27T16:26:41.6503257Z"},"nsu=http://opcfoundation.org/UA/Plc/Applications;s=RandomUnsignedInt32":{"Value":157760485,"SourceTimestamp":"2024-04-27T16:26:41.6503191Z","ServerTimestamp":"2024-04-27T16:26:41.6503201Z"},"nsu=http://opcfoundation.org/UA/Plc/Applications;s=DipData":{"Value":-84.432792550201526,"SourceTimestamp":"2024-04-27T16:26:41.6503311Z","ServerTimestamp":"2024-04-27T16:26:41.6503348Z"},"nsu=http://opcfoundation.org/UA/Plc/Applications;s=FastUIntScalar1":{"Value":26,"SourceTimestamp":"2024-04-27T16:26:40.8564435Z","ServerTimestamp":"2024-04-27T16:26:40.8564465Z"},"nsu=http://opcfoundation.org/UA/Plc/Applications;s=FastUIntScalar2":{"Value":26,"SourceTimestamp":"2024-04-27T16:26:40.8564582Z","ServerTimestamp":"2024-04-27T16:26:40.856459Z"},"nsu=http://opcfoundation.org/UA/Plc/Applications;s=FastUIntScalar3":{"Value":26,"SourceTimestamp":"2024-04-27T16:26:40.8564621Z","ServerTimestamp":"2024-04-27T16:26:40.8564822Z"},"nsu=http://opcfoundation.org/UA/Plc/Applications;s=FastRandomUIntScalar1":{"Value":4118731055,"SourceTimestamp":"2024-04-27T16:26:40.8564574Z","ServerTimestamp":"2024-04-27T16:26:40.8564637Z"},"nsu=http://opcfoundation.org/UA/Plc/Applications;s=FastRandomUIntScalar2":{"Value":163378433,"SourceTimestamp":"2024-04-27T16:26:40.8564756Z","ServerTimestamp":"2024-04-27T16:26:40.8564764Z"},"nsu=http://opcfoundation.org/UA/Plc/Applications;s=FastRandomUIntScalar3":{"Value":2952568280,"SourceTimestamp":"2024-04-27T16:26:40.856478Z","ServerTimestamp":"2024-04-27T16:26:40.8564789Z"},"nsu=http://opcfoundation.org/UA/Plc/Applications;s=SpikeData":{"Value":-84.432792550201526,"SourceTimestamp":"2024-04-27T16:26:41.650346Z","ServerTimestamp":"2024-04-27T16:26:41.6503476Z"}}}