{"SequenceNumber":25,"MetaDataVersion":{"MajorVersion":1},"Timestamp":"2024-04-27T16:26:42.6896888Z","MessageType":"ua-deltaframe","DataSetWriterName":"<<UnknownDataSet>>","Payload":{"nsu=http://opcfoundation.org/UA/Plc/Applications;s=StepUp":{"Value":278,"SourceTimestamp":"2024-04-27T16:26:42.658802Z","ServerTimestamp":"2024-04-27T16:26:42.6588054Z"},"nsu=http://opcfoundation.org/UA/Plc/Applications;s=RandomSignedInt32":{"Value":1118306391,"SourceTimestamp":"2024-04-27T16:26:42.6588122Z","ServerTimestamp":"2024-04-27T16:26:42.6588183Z"},"nsu=http://opcfoundation.org/UA/Plc/Applications;s=RandomUnsignedInt32":{"Value":1321828759,"SourceTimestamp":"2024-04-27T16:26:42.6588292Z","ServerTimestamp":"2024-04-27T16:26:42.6588304Z"},"nsu=http://opcfoundation.org/UA/Plc/Applications;s=DipData":{"Value":24.868988716485482,"SourceTimestamp":"2024-04-27T16:26:42.6588407Z","ServerTimestamp":"2024-04-27T16:26:42.6588663Z"},"nsu=http://opcfoundation.org/UA/Plc/Applications;s=FastUIntScalar1":{"Value":27,"SourceTimestamp":"2024-04-27T16:26:41.8528438Z","ServerTimestamp":"2024-04-27T16:26:41.85285Z"},"nsu=http://opcfoundation.org/UA/Plc/Applications;s=FastUIntScalar2":{"Value":27,"SourceTimestamp":"2024-04-27T16:26:41.8528562Z","ServerTimestamp":"2024-04-27T16:26:41.8528569Z"},"nsu=http://opcfoundation.org/UA/Plc/Applications;s=FastUIntScalar3":{"Value":27,"SourceTimestamp":"2024-04-27T16:26:41.8528583Z","ServerTimestamp":"2024-04-27T16:26:41.8528591Z"},"nsu=http://opcfoundation.org/UA/Plc/Applications;s=FastRandomUIntScalar1":{"Value":1832429770,"SourceTimestamp":"2024-04-27T16:26:41.8528383Z","ServerTimestamp":"2024-04-27T16:26:41.8528405Z"},"nsu=http://opcfoundation.org/UA/Plc/Applications;s=FastRandomUIntScalar2":{"Value":3729120403,"SourceTimestamp":"2024-04-27T16:26:41.8528492Z","ServerTimestamp":"2024-04-27T16:26:41.852856Z"},"nsu=http://opcfoundation.org/UA/Plc/Applications;s=FastRandomUIntScalar3":{"Value":3806787651,"SourceTimestamp":"2024-04-27T16:26:41.8528567Z","ServerTimestamp":"2024-04-27T16:26:41.8528583Z"},"nsu=http://opcfoundation.org/UA/Plc/Applications;s=SpikeData":{"Value":24.868988716485482,"SourceTimestamp":"2024-04-27T16:26:42.6588446Z","ServerTimestamp":"2024-04-27T16:26:42.6588785Z"}}}