{"SequenceNumber":28,"MetaDataVersion":{"MajorVersion":1},"Timestamp":"2024-04-27T16:26:46.704399Z","MessageType":"ua-deltaframe","DataSetWriterName":"<<UnknownDataSet>>","Payload":{"nsu=http://opcfoundation.org/UA/Plc/Applications;s=StepUp":{"Value":318,"SourceTimestamp":"2024-04-27T16:26:46.6563225Z","ServerTimestamp":"2024-04-27T16:26:46.6563269Z"},"nsu=http://opcfoundation.org/UA/Plc/Applications;s=RandomSignedInt32":{"Value":-1894269163,"SourceTimestamp":"2024-04-27T16:26:46.6563745Z","ServerTimestamp":"2024-04-27T16:26:46.6563758Z"},"nsu=http://opcfoundation.org/UA/Plc/Applications;s=RandomUnsignedInt32":{"Value":555135186,"SourceTimestamp":"2024-04-27T16:26:46.656402Z","ServerTimestamp":"2024-04-27T16:26:46.6564068Z"},"nsu=http://opcfoundation.org/UA/Plc/Applications;s=DipData":{"Value":-1000,"SourceTimestamp":"2024-04-27T16:26:46.656393Z","ServerTimestamp":"2024-04-27T16:26:46.6563943Z"},"nsu=http://opcfoundation.org/UA/Plc/Applications;s=FastUIntScalar1":{"Value":31,"SourceTimestamp":"2024-04-27T16:26:45.8563032Z","ServerTimestamp":"2024-04-27T16:26:45.8563074Z"},"nsu=http://opcfoundation.org/UA/Plc/Applications;s=FastUIntScalar2":{"Value":31,"SourceTimestamp":"2024-04-27T16:26:45.8563129Z","ServerTimestamp":"2024-04-27T16:26:45.8563142Z"},"nsu=http://opcfoundation.org/UA/Plc/Applications;s=FastUIntScalar3":{"Value":31,"SourceTimestamp":"2024-04-27T16:26:45.856315Z","ServerTimestamp":"2024-04-27T16:26:45.8563161Z"},"nsu=http://opcfoundation.org/UA/Plc/Applications;s=FastRandomUIntScalar1":{"Value":251817541,"SourceTimestamp":"2024-04-27T16:26:45.8562966Z","ServerTimestamp":"2024-04-27T16:26:45.8562988Z"},"nsu=http://opcfoundation.org/UA/Plc/Applications;s=FastRandomUIntScalar2":{"Value":1118282377,"SourceTimestamp":"2024-04-27T16:26:45.8563071Z","ServerTimestamp":"2024-04-27T16:26:45.856313Z"},"nsu=http://opcfoundation.org/UA/Plc/Applications;s=FastRandomUIntScalar3":{"Value":3226211572,"SourceTimestamp":"2024-04-27T16:26:45.8563142Z","ServerTimestamp":"2024-04-27T16:26:45.8563152Z"},"nsu=http://opcfoundation.org/UA/Plc/Applications;s=SpikeData":{"Value":-84.432792550201526,"SourceTimestamp":"2024-04-27T16:26:46.6564329Z","ServerTimestamp":"2024-04-27T16:26:46.656434Z"}}}