{"SequenceNumber":31,"MetaDataVersion":{"MajorVersion":1},"Timestamp":"2024-04-27T16:26:49.6766563Z","MessageType":"ua-deltaframe","DataSetWriterName":"<<UnknownDataSet>>","Payload":{"nsu=http://opcfoundation.org/UA/Plc/Applications;s=StepUp":{"Value":348,"SourceTimestamp":"2024-04-27T16:26:49.6607709Z","ServerTimestamp":"2024-04-27T16:26:49.6607753Z"},"nsu=http://opcfoundation.org/UA/Plc/Applications;s=RandomSignedInt32":{"Value":-479023225,"SourceTimestamp":"2024-04-27T16:26:49.6607953Z","ServerTimestamp":"2024-04-27T16:26:49.6608017Z"},"nsu=http://opcfoundation.org/UA/Plc/Applications;s=RandomUnsignedInt32":{"Value":1013792868,"SourceTimestamp":"2024-04-27T16:26:49.6608056Z","ServerTimestamp":"2024-04-27T16:26:49.6608068Z"},"nsu=http://opcfoundation.org/UA/Plc/Applications;s=DipData":{"Value":36.812455268467801,"SourceTimestamp":"2024-04-27T16:26:49.6608394Z","ServerTimestamp":"2024-04-27T16:26:49.6608432Z"},"nsu=http://opcfoundation.org/UA/Plc/Applications;s=FastUIntScalar1":{"Value":34,"SourceTimestamp":"2024-04-27T16:26:48.8609643Z","ServerTimestamp":"2024-04-27T16:26:48.8609781Z"},"nsu=http://opcfoundation.org/UA/Plc/Applications;s=FastUIntScalar2":{"Value":34,"SourceTimestamp":"2024-04-27T16:26:48.8609847Z","ServerTimestamp":"2024-04-27T16:26:48.8609858Z"},"nsu=http://opcfoundation.org/UA/Plc/Applications;s=FastUIntScalar3":{"Value":34,"SourceTimestamp":"2024-04-27T16:26:48.8609868Z","ServerTimestamp":"2024-04-27T16:26:48.8609873Z"},"nsu=http://opcfoundation.org/UA/Plc/Applications;s=FastRandomUIntScalar1":{"Value":3341640217,"SourceTimestamp":"2024-04-27T16:26:48.8609573Z","ServerTimestamp":"2024-04-27T16:26:48.860959Z"},"nsu=http://opcfoundation.org/UA/Plc/Applications;s=FastRandomUIntScalar2":{"Value":3556562975,"SourceTimestamp":"2024-04-27T16:26:48.8609762Z","ServerTimestamp":"2024-04-27T16:26:48.8609768Z"},"nsu=http://opcfoundation.org/UA/Plc/Applications;s=FastRandomUIntScalar3":{"Value":3565376476,"SourceTimestamp":"2024-04-27T16:26:48.8609778Z","ServerTimestamp":"2024-04-27T16:26:48.8609847Z"},"nsu=http://opcfoundation.org/UA/Plc/Applications;s=SpikeData":{"Value":36.812455268467801,"SourceTimestamp":"2024-04-27T16:26:49.6608269Z","ServerTimestamp":"2024-04-27T16:26:49.6608282Z"}}}