{"SequenceNumber":34,"MetaDataVersion":{"MajorVersion":1},"Timestamp":"2024-04-27T16:26:52.6496438Z","MessageType":"ua-deltaframe","DataSetWriterName":"<<UnknownDataSet>>","Payload":{"nsu=http://opcfoundation.org/UA/Plc/Applications;s=StepUp":{"Value":377,"SourceTimestamp":"2024-04-27T16:26:52.5585067Z","ServerTimestamp":"2024-04-27T16:26:52.5585112Z"},"nsu=http://opcfoundation.org/UA/Plc/Applications;s=RandomSignedInt32":{"Value":-1301446657,"SourceTimestamp":"2024-04-27T16:26:52.558559Z","ServerTimestamp":"2024-04-27T16:26:52.5585614Z"},"nsu=http://opcfoundation.org/UA/Plc/Applications;s=RandomUnsignedInt32":{"Value":1862024153,"SourceTimestamp":"2024-04-27T16:26:52.5585458Z","ServerTimestamp":"2024-04-27T16:26:52.5585471Z"},"nsu=http://opcfoundation.org/UA/Plc/Applications;s=DipData":{"Value":12.53332335643041,"SourceTimestamp":"2024-04-27T16:26:52.5585662Z","ServerTimestamp":"2024-04-27T16:26:52.5585754Z"},"nsu=http://opcfoundation.org/UA/Plc/Applications;s=FastUIntScalar1":{"Value":37,"SourceTimestamp":"2024-04-27T16:26:51.8630665Z","ServerTimestamp":"2024-04-27T16:26:51.8630689Z"},"nsu=http://opcfoundation.org/UA/Plc/Applications;s=FastUIntScalar2":{"Value":37,"SourceTimestamp":"2024-04-27T16:26:51.8630791Z","ServerTimestamp":"2024-04-27T16:26:51.8630817Z"},"nsu=http://opcfoundation.org/UA/Plc/Applications;s=FastUIntScalar3":{"Value":37,"SourceTimestamp":"2024-04-27T16:26:51.8630897Z","ServerTimestamp":"2024-04-27T16:26:51.8630903Z"},"nsu=http://opcfoundation.org/UA/Plc/Applications;s=FastRandomUIntScalar1":{"Value":3235323416,"SourceTimestamp":"2024-04-27T16:26:51.8630784Z","ServerTimestamp":"2024-04-27T16:26:51.8630794Z"},"nsu=http://opcfoundation.org/UA/Plc/Applications;s=FastRandomUIntScalar2":{"Value":998943918,"SourceTimestamp":"2024-04-27T16:26:51.8630817Z","ServerTimestamp":"2024-04-27T16:26:51.8630892Z"},"nsu=http://opcfoundation.org/UA/Plc/Applications;s=FastRandomUIntScalar3":{"Value":637402536,"SourceTimestamp":"2024-04-27T16:26:51.8630903Z","ServerTimestamp":"2024-04-27T16:26:51.8630916Z"},"nsu=http://opcfoundation.org/UA/Plc/Applications;s=SpikeData":{"Value":1000,"SourceTimestamp":"2024-04-27T16:26:52.5585988Z","ServerTimestamp":"2024-04-27T16:26:52.558601Z"}}}