{"SequenceNumber":36,"MetaDataVersion":{"MajorVersion":1},"Timestamp":"2024-04-27T16:26:54.6933776Z","MessageType":"ua-deltaframe","DataSetWriterName":"<<UnknownDataSet>>","Payload":{"nsu=http://opcfoundation.org/UA/Plc/Applications;s=StepUp":{"Value":398,"SourceTimestamp":"2024-04-27T16:26:54.6610785Z","ServerTimestamp":"2024-04-27T16:26:54.6610823Z"},"nsu=http://opcfoundation.org/UA/Plc/Applications;s=RandomSignedInt32":{"Value":565447495,"SourceTimestamp":"2024-04-27T16:26:54.6610871Z","ServerTimestamp":"2024-04-27T16:26:54.6610943Z"},"nsu=http://opcfoundation.org/UA/Plc/Applications;s=RandomUnsignedInt32":{"Value":190300436,"SourceTimestamp":"2024-04-27T16:26:54.6611038Z","ServerTimestamp":"2024-04-27T16:26:54.661105Z"},"nsu=http://opcfoundation.org/UA/Plc/Applications;s=DipData":{"Value":36.812455268467801,"SourceTimestamp":"2024-04-27T16:26:54.6611171Z","ServerTimestamp":"2024-04-27T16:26:54.6611211Z"},"nsu=http://opcfoundation.org/UA/Plc/Applications;s=FastUIntScalar1":{"Value":39,"SourceTimestamp":"2024-04-27T16:26:53.8550665Z","ServerTimestamp":"2024-04-27T16:26:53.8550684Z"},"nsu=http://opcfoundation.org/UA/Plc/Applications;s=FastUIntScalar2":{"Value":39,"SourceTimestamp":"2024-04-27T16:26:53.8550766Z","ServerTimestamp":"2024-04-27T16:26:53.8550775Z"},"nsu=http://opcfoundation.org/UA/Plc/Applications;s=FastUIntScalar3":{"Value":39,"SourceTimestamp":"2024-04-27T16:26:53.8550784Z","ServerTimestamp":"2024-04-27T16:26:53.8550789Z"},"nsu=http://opcfoundation.org/UA/Plc/Applications;s=FastRandomUIntScalar1":{"Value":543775981,"SourceTimestamp":"2024-04-27T16:26:53.8550784Z","ServerTimestamp":"2024-04-27T16:26:53.8550804Z"},"nsu=http://opcfoundation.org/UA/Plc/Applications;s=FastRandomUIntScalar2":{"Value":4129025071,"SourceTimestamp":"2024-04-27T16:26:53.8550872Z","ServerTimestamp":"2024-04-27T16:26:53.855091Z"},"nsu=http://opcfoundation.org/UA/Plc/Applications;s=FastRandomUIntScalar3":{"Value":845799974,"SourceTimestamp":"2024-04-27T16:26:53.8550921Z","ServerTimestamp":"2024-04-27T16:26:53.8550927Z"},"nsu=http://opcfoundation.org/UA/Plc/Applications;s=SpikeData":{"Value":36.812455268467801,"SourceTimestamp":"2024-04-27T16:26:54.6611172Z","ServerTimestamp":"2024-04-27T16:26:54.6611193Z"}}}