{"SequenceNumber":38,"MetaDataVersion":{"MajorVersion":1},"Timestamp":"2024-04-27T16:26:56.6780227Z","MessageType":"ua-deltaframe","DataSetWriterName":"<<UnknownDataSet>>","Payload":{"nsu=http://opcfoundation.org/UA/Plc/Applications;s=StepUp":{"Value":418,"SourceTimestamp":"2024-04-27T16:26:56.6614428Z","ServerTimestamp":"2024-04-27T16:26:56.6614462Z"},"nsu=http://opcfoundation.org/UA/Plc/Applications;s=RandomSignedInt32":{"Value":-830159346,"SourceTimestamp":"2024-04-27T16:26:56.6614749Z","ServerTimestamp":"2024-04-27T16:26:56.661477Z"},"nsu=http://opcfoundation.org/UA/Plc/Applications;s=RandomUnsignedInt32":{"Value":2073472680,"SourceTimestamp":"2024-04-27T16:26:56.6614767Z","ServerTimestamp":"2024-04-27T16:26:56.6614834Z"},"nsu=http://opcfoundation.org/UA/Plc/Applications;s=DipData":{"Value":-84.432792550201526,"SourceTimestamp":"2024-04-27T16:26:56.6614915Z","ServerTimestamp":"2024-04-27T16:26:56.6614923Z"},"nsu=http://opcfoundation.org/UA/Plc/Applications;s=FastUIntScalar1":{"Value":41,"SourceTimestamp":"2024-04-27T16:26:55.8563777Z","ServerTimestamp":"2024-04-27T16:26:55.8563796Z"},"nsu=http://opcfoundation.org/UA/Plc/Applications;s=FastUIntScalar2":{"Value":41,"SourceTimestamp":"2024-04-27T16:26:55.8563882Z","ServerTimestamp":"2024-04-27T16:26:55.8563949Z"},"nsu=http://opcfoundation.org/UA/Plc/Applications;s=FastUIntScalar3":{"Value":41,"SourceTimestamp":"2024-04-27T16:26:55.856396Z","ServerTimestamp":"2024-04-27T16:26:55.8563978Z"},"nsu=http://opcfoundation.org/UA/Plc/Applications;s=FastRandomUIntScalar1":{"Value":307714881,"SourceTimestamp":"2024-04-27T16:26:55.8563835Z","ServerTimestamp":"2024-04-27T16:26:55.8563884Z"},"nsu=http://opcfoundation.org/UA/Plc/Applications;s=FastRandomUIntScalar2":{"Value":228721677,"SourceTimestamp":"2024-04-27T16:26:55.8563948Z","ServerTimestamp":"2024-04-27T16:26:55.8563962Z"},"nsu=http://opcfoundation.org/UA/Plc/Applications;s=FastRandomUIntScalar3":{"Value":1300532666,"SourceTimestamp":"2024-04-27T16:26:55.8563979Z","ServerTimestamp":"2024-04-27T16:26:55.8563989Z"},"nsu=http://opcfoundation.org/UA/Plc/Applications;s=SpikeData":{"Value":-84.432792550201526,"SourceTimestamp":"2024-04-27T16:26:56.6614924Z","ServerTimestamp":"2024-04-27T16:26:56.6614943Z"}}}