{"SequenceNumber":40,"MetaDataVersion":{"MajorVersion":1},"Timestamp":"2024-04-27T16:26:59.6478309Z","MessageType":"ua-deltaframe","DataSetWriterName":"<<UnknownDataSet>>","Payload":{"nsu=http://opcfoundation.org/UA/Plc/Applications;s=StepUp":{"Value":447,"SourceTimestamp":"2024-04-27T16:26:59.5543245Z","ServerTimestamp":"2024-04-27T16:26:59.5543275Z"},"nsu=http://opcfoundation.org/UA/Plc/Applications;s=RandomSignedInt32":{"Value":-1901763809,"SourceTimestamp":"2024-04-27T16:26:59.5543446Z","ServerTimestamp":"2024-04-27T16:26:59.5543467Z"},"nsu=http://opcfoundation.org/UA/Plc/Applications;s=RandomUnsignedInt32":{"Value":1699347108,"SourceTimestamp":"2024-04-27T16:26:59.554349Z","ServerTimestamp":"2024-04-27T16:26:59.5543584Z"},"nsu=http://opcfoundation.org/UA/Plc/Applications;s=DipData":{"Value":48.175367410171532,"SourceTimestamp":"2024-04-27T16:26:59.5543575Z","ServerTimestamp":"2024-04-27T16:26:59.5543887Z"},"nsu=http://opcfoundation.org/UA/Plc/Applications;s=FastUIntScalar1":{"Value":44,"SourceTimestamp":"2024-04-27T16:26:58.8539803Z","ServerTimestamp":"2024-04-27T16:26:58.8539839Z"},"nsu=http://opcfoundation.org/UA/Plc/Applications;s=FastUIntScalar2":{"Value":44,"SourceTimestamp":"2024-04-27T16:26:58.8539981Z","ServerTimestamp":"2024-04-27T16:26:58.8540112Z"},"nsu=http://opcfoundation.org/UA/Plc/Applications;s=FastUIntScalar3":{"Value":44,"SourceTimestamp":"2024-04-27T16:26:58.8540138Z","ServerTimestamp":"2024-04-27T16:26:58.8540162Z"},"nsu=http://opcfoundation.org/UA/Plc/Applications;s=FastRandomUIntScalar1":{"Value":2395866693,"SourceTimestamp":"2024-04-27T16:26:58.8539933Z","ServerTimestamp":"2024-04-27T16:26:58.853999Z"},"nsu=http://opcfoundation.org/UA/Plc/Applications;s=FastRandomUIntScalar2":{"Value":188461765,"SourceTimestamp":"2024-04-27T16:26:58.8540112Z","ServerTimestamp":"2024-04-27T16:26:58.8540135Z"},"nsu=http://opcfoundation.org/UA/Plc/Applications;s=FastRandomUIntScalar3":{"Value":2056447273,"SourceTimestamp":"2024-04-27T16:26:58.8540162Z","ServerTimestamp":"2024-04-27T16:26:58.8540184Z"},"nsu=http://opcfoundation.org/UA/Plc/Applications;s=SpikeData":{"Value":48.175367410171532,"SourceTimestamp":"2024-04-27T16:26:59.5543624Z","ServerTimestamp":"2024-04-27T16:26:59.554372Z"}}}