{"SequenceNumber":42,"MetaDataVersion":{"MajorVersion":1},"Timestamp":"2024-04-27T16:27:01.6991504Z","MessageType":"ua-deltaframe","DataSetWriterName":"<<UnknownDataSet>>","Payload":{"nsu=http://opcfoundation.org/UA/Plc/Applications;s=StepUp":{"Value":468,"SourceTimestamp":"2024-04-27T16:27:01.6514288Z","ServerTimestamp":"2024-04-27T16:27:01.6515484Z"},"nsu=http://opcfoundation.org/UA/Plc/Applications;s=RandomSignedInt32":{"Value":1821460361,"SourceTimestamp":"2024-04-27T16:27:01.6514202Z","ServerTimestamp":"2024-04-27T16:27:01.6514254Z"},"nsu=http://opcfoundation.org/UA/Plc/Applications;s=RandomUnsignedInt32":{"Value":1075907482,"SourceTimestamp":"2024-04-27T16:27:01.6514131Z","ServerTimestamp":"2024-04-27T16:27:01.6514171Z"},"nsu=http://opcfoundation.org/UA/Plc/Applications;s=DipData":{"Value":-84.432792550201526,"SourceTimestamp":"2024-04-27T16:27:01.6514074Z","ServerTimestamp":"2024-04-27T16:27:01.651422Z"},"nsu=http://opcfoundation.org/UA/Plc/Applications;s=FastUIntScalar1":{"Value":46,"SourceTimestamp":"2024-04-27T16:27:00.8602721Z","ServerTimestamp":"2024-04-27T16:27:00.8602742Z"},"nsu=http://opcfoundation.org/UA/Plc/Applications;s=FastUIntScalar2":{"Value":46,"SourceTimestamp":"2024-04-27T16:27:00.8602855Z","ServerTimestamp":"2024-04-27T16:27:00.8602926Z"},"nsu=http://opcfoundation.org/UA/Plc/Applications;s=FastUIntScalar3":{"Value":46,"SourceTimestamp":"2024-04-27T16:27:00.8602942Z","ServerTimestamp":"2024-04-27T16:27:00.8602953Z"},"nsu=http://opcfoundation.org/UA/Plc/Applications;s=FastRandomUIntScalar1":{"Value":333218565,"SourceTimestamp":"2024-04-27T16:27:00.8602731Z","ServerTimestamp":"2024-04-27T16:27:00.8602864Z"},"nsu=http://opcfoundation.org/UA/Plc/Applications;s=FastRandomUIntScalar2":{"Value":443519678,"SourceTimestamp":"2024-04-27T16:27:00.8602926Z","ServerTimestamp":"2024-04-27T16:27:00.8602941Z"},"nsu=http://opcfoundation.org/UA/Plc/Applications;s=FastRandomUIntScalar3":{"Value":1088242205,"SourceTimestamp":"2024-04-27T16:27:00.8602953Z","ServerTimestamp":"2024-04-27T16:27:00.8602966Z"},"nsu=http://opcfoundation.org/UA/Plc/Applications;s=SpikeData":{"Value":-84.432792550201526,"SourceTimestamp":"2024-04-27T16:27:01.6513503Z","ServerTimestamp":"2024-04-27T16:27:01.6513706Z"}}}