{"SequenceNumber":44,"MetaDataVersion":{"MajorVersion":1},"Timestamp":"2024-04-27T16:27:03.6900823Z","MessageType":"ua-deltaframe","DataSetWriterName":"<<UnknownDataSet>>","Payload":{"nsu=http://opcfoundation.org/UA/Plc/Applications;s=StepUp":{"Value":488,"SourceTimestamp":"2024-04-27T16:27:03.6581437Z","ServerTimestamp":"2024-04-27T16:27:03.6581477Z"},"nsu=http://opcfoundation.org/UA/Plc/Applications;s=RandomSignedInt32":{"Value":930275783,"SourceTimestamp":"2024-04-27T16:27:03.6581878Z","ServerTimestamp":"2024-04-27T16:27:03.6581888Z"},"nsu=http://opcfoundation.org/UA/Plc/Applications;s=RandomUnsignedInt32":{"Value":318736369,"SourceTimestamp":"2024-04-27T16:27:03.6581904Z","ServerTimestamp":"2024-04-27T16:27:03.658192Z"},"nsu=http://opcfoundation.org/UA/Plc/Applications;s=DipData":{"Value":99.80267284282715,"SourceTimestamp":"2024-04-27T16:27:03.6581986Z","ServerTimestamp":"2024-04-27T16:27:03.6581992Z"},"nsu=http://opcfoundation.org/UA/Plc/Applications;s=FastUIntScalar1":{"Value":48,"SourceTimestamp":"2024-04-27T16:27:02.8477122Z","ServerTimestamp":"2024-04-27T16:27:02.8477207Z"},"nsu=http://opcfoundation.org/UA/Plc/Applications;s=FastUIntScalar2":{"Value":48,"SourceTimestamp":"2024-04-27T16:27:02.847727Z","ServerTimestamp":"2024-04-27T16:27:02.8477282Z"},"nsu=http://opcfoundation.org/UA/Plc/Applications;s=FastUIntScalar3":{"Value":48,"SourceTimestamp":"2024-04-27T16:27:02.8477297Z","ServerTimestamp":"2024-04-27T16:27:02.8477317Z"},"nsu=http://opcfoundation.org/UA/Plc/Applications;s=FastRandomUIntScalar1":{"Value":2802679150,"SourceTimestamp":"2024-04-27T16:27:02.8477076Z","ServerTimestamp":"2024-04-27T16:27:02.8477102Z"},"nsu=http://opcfoundation.org/UA/Plc/Applications;s=FastRandomUIntScalar2":{"Value":3958962183,"SourceTimestamp":"2024-04-27T16:27:02.8477204Z","ServerTimestamp":"2024-04-27T16:27:02.8477266Z"},"nsu=http://opcfoundation.org/UA/Plc/Applications;s=FastRandomUIntScalar3":{"Value":3637627653,"SourceTimestamp":"2024-04-27T16:27:02.8477282Z","ServerTimestamp":"2024-04-27T16:27:02.8477298Z"},"nsu=http://opcfoundation.org/UA/Plc/Applications;s=SpikeData":{"Value":99.80267284282715,"SourceTimestamp":"2024-04-27T16:27:03.6582128Z","ServerTimestamp":"2024-04-27T16:27:03.6582142Z"}}}