{"SequenceNumber":49,"MetaDataVersion":{"MajorVersion":1},"Timestamp":"2024-04-27T16:27:09.64539Z","MessageType":"ua-deltaframe","DataSetWriterName":"<<UnknownDataSet>>","Payload":{"nsu=http://opcfoundation.org/UA/Plc/Applications;s=StepUp":{"Value":547,"SourceTimestamp":"2024-04-27T16:27:09.5541416Z","ServerTimestamp":"2024-04-27T16:27:09.5541458Z"},"nsu=http://opcfoundation.org/UA/Plc/Applications;s=RandomSignedInt32":{"Value":267849344,"SourceTimestamp":"2024-04-27T16:27:09.5542215Z","ServerTimestamp":"2024-04-27T16:27:09.5542246Z"},"nsu=http://opcfoundation.org/UA/Plc/Applications;s=RandomUnsignedInt32":{"Value":482365584,"SourceTimestamp":"2024-04-27T16:27:09.5541827Z","ServerTimestamp":"2024-04-27T16:27:09.5541838Z"},"nsu=http://opcfoundation.org/UA/Plc/Applications;s=DipData":{"Value":48.175367410171532,"SourceTimestamp":"2024-04-27T16:27:09.5541964Z","ServerTimestamp":"2024-04-27T16:27:09.5541978Z"},"nsu=http://opcfoundation.org/UA/Plc/Applications;s=FastUIntScalar1":{"Value":54,"SourceTimestamp":"2024-04-27T16:27:08.8604678Z","ServerTimestamp":"2024-04-27T16:27:08.8604779Z"},"nsu=http://opcfoundation.org/UA/Plc/Applications;s=FastUIntScalar2":{"Value":54,"SourceTimestamp":"2024-04-27T16:27:08.8604875Z","ServerTimestamp":"2024-04-27T16:27:08.8604884Z"},"nsu=http://opcfoundation.org/UA/Plc/Applications;s=FastUIntScalar3":{"Value":54,"SourceTimestamp":"2024-04-27T16:27:08.8604903Z","ServerTimestamp":"2024-04-27T16:27:08.8604911Z"},"nsu=http://opcfoundation.org/UA/Plc/Applications;s=FastRandomUIntScalar1":{"Value":2045636121,"SourceTimestamp":"2024-04-27T16:27:08.8604644Z","ServerTimestamp":"2024-04-27T16:27:08.8604666Z"},"nsu=http://opcfoundation.org/UA/Plc/Applications;s=FastRandomUIntScalar2":{"Value":1646616573,"SourceTimestamp":"2024-04-27T16:27:08.8604773Z","ServerTimestamp":"2024-04-27T16:27:08.8604872Z"},"nsu=http://opcfoundation.org/UA/Plc/Applications;s=FastRandomUIntScalar3":{"Value":766993850,"SourceTimestamp":"2024-04-27T16:27:08.8604884Z","ServerTimestamp":"2024-04-27T16:27:08.8604901Z"},"nsu=http://opcfoundation.org/UA/Plc/Applications;s=SpikeData":{"Value":48.175367410171532,"SourceTimestamp":"2024-04-27T16:27:09.554213Z","ServerTimestamp":"2024-04-27T16:27:09.5542143Z"}}}