{"SequenceNumber":50,"MetaDataVersion":{"MajorVersion":1},"Timestamp":"2024-04-27T16:27:10.698914Z","MessageType":"ua-deltaframe","DataSetWriterName":"<<UnknownDataSet>>","Payload":{"nsu=http://opcfoundation.org/UA/Plc/Applications;s=StepUp":{"Value":558,"SourceTimestamp":"2024-04-27T16:27:10.651953Z","ServerTimestamp":"2024-04-27T16:27:10.6520151Z"},"nsu=http://opcfoundation.org/UA/Plc/Applications;s=AlternatingBoolean":{"Value":false,"SourceTimestamp":"2024-04-27T16:27:09.9534114Z","ServerTimestamp":"2024-04-27T16:27:09.9534146Z"},"nsu=http://opcfoundation.org/UA/Plc/Applications;s=RandomSignedInt32":{"Value":-575981955,"SourceTimestamp":"2024-04-27T16:27:10.6519565Z","ServerTimestamp":"2024-04-27T16:27:10.6519975Z"},"nsu=http://opcfoundation.org/UA/Plc/Applications;s=RandomUnsignedInt32":{"Value":1544485310,"SourceTimestamp":"2024-04-27T16:27:10.6519531Z","ServerTimestamp":"2024-04-27T16:27:10.6519559Z"},"nsu=http://opcfoundation.org/UA/Plc/Applications;s=DipData":{"Value":-77.0513242775789,"SourceTimestamp":"2024-04-27T16:27:10.651963Z","ServerTimestamp":"2024-04-27T16:27:10.6520305Z"},"nsu=http://opcfoundation.org/UA/Plc/Applications;s=FastUIntScalar1":{"Value":55,"SourceTimestamp":"2024-04-27T16:27:09.8614182Z","ServerTimestamp":"2024-04-27T16:27:09.8614201Z"},"nsu=http://opcfoundation.org/UA/Plc/Applications;s=FastUIntScalar2":{"Value":55,"SourceTimestamp":"2024-04-27T16:27:09.8614277Z","ServerTimestamp":"2024-04-27T16:27:09.8614284Z"},"nsu=http://opcfoundation.org/UA/Plc/Applications;s=FastUIntScalar3":{"Value":55,"SourceTimestamp":"2024-04-27T16:27:09.8614291Z","ServerTimestamp":"2024-04-27T16:27:09.8614297Z"},"nsu=http://opcfoundation.org/UA/Plc/Applications;s=FastRandomUIntScalar1":{"Value":3313962442,"SourceTimestamp":"2024-04-27T16:27:09.8614301Z","ServerTimestamp":"2024-04-27T16:27:09.8614321Z"},"nsu=http://opcfoundation.org/UA/Plc/Applications;s=FastRandomUIntScalar2":{"Value":3202162654,"SourceTimestamp":"2024-04-27T16:27:09.8614394Z","ServerTimestamp":"2024-04-27T16:27:09.8614442Z"},"nsu=http://opcfoundation.org/UA/Plc/Applications;s=FastRandomUIntScalar3":{"Value":4101512922,"SourceTimestamp":"2024-04-27T16:27:09.8614463Z","ServerTimestamp":"2024-04-27T16:27:09.8614487Z"},"nsu=http://opcfoundation.org/UA/Plc/Applications;s=NegativeTrendData":{"Value":99.599999999999994,"SourceTimestamp":"2024-04-27T16:27:09.9534444Z","ServerTimestamp":"2024-04-27T16:27:09.9534487Z"},"nsu=http://opcfoundation.org/UA/Plc/Applications;s=PositiveTrendData":{"Value":100.2,"SourceTimestamp":"2024-04-27T16:27:09.9534428Z","ServerTimestamp":"2024-04-27T16:27:09.9534517Z"},"nsu=http://opcfoundation.org/UA/Plc/Applications;s=SpikeData":{"Value":-77.0513242775789,"SourceTimestamp":"2024-04-27T16:27:10.6519773Z","ServerTimestamp":"2024-04-27T16:27:10.6519832Z"}}}