{"DataSetWriterId":1,"SequenceNumber":6,"MetaDataVersion":{"MajorVersion":1},"Timestamp":"2024-04-27T16:27:15.7772197Z","MessageType":"ua-deltaframe","DataSetWriterName":"<<UnknownDataSet>>","Payload":{"nsu=http://opcfoundation.org/UA/Plc/Applications;s=SlowUIntScalar1":{"Value":6,"SourceTimestamp":"2024-04-27T16:27:14.8592359Z","ServerTimestamp":"2024-04-27T16:27:14.8592389Z"},"nsu=http://opcfoundation.org/UA/Plc/Applications;s=SlowUIntScalar2":{"Value":6,"SourceTimestamp":"2024-04-27T16:27:14.8592487Z","ServerTimestamp":"2024-04-27T16:27:14.8592495Z"},"nsu=http://opcfoundation.org/UA/Plc/Applications;s=SlowUIntScalar3":{"Value":6,"SourceTimestamp":"2024-04-27T16:27:14.8592507Z","ServerTimestamp":"2024-04-27T16:27:14.8592567Z"},"nsu=http://opcfoundation.org/UA/Plc/Applications;s=BadSlowUIntScalar1":{"Value":6,"SourceTimestamp":"2024-04-27T16:27:14.8592585Z","ServerTimestamp":"2024-04-27T16:27:14.8592592Z"},"nsu=http://opcfoundation.org/UA/Plc/Applications;s=SlowRandomUIntScalar1":{"Value":3861490405,"SourceTimestamp":"2024-04-27T16:27:14.8592478Z","ServerTimestamp":"2024-04-27T16:27:14.8592509Z"},"nsu=http://opcfoundation.org/UA/Plc/Applications;s=SlowRandomUIntScalar2":{"Value":1122096394,"SourceTimestamp":"2024-04-27T16:27:14.8592568Z","ServerTimestamp":"2024-04-27T16:27:14.8592583Z"},"nsu=http://opcfoundation.org/UA/Plc/Applications;s=SlowRandomUIntScalar3":{"Value":4242781639,"SourceTimestamp":"2024-04-27T16:27:14.8592592Z","ServerTimestamp":"2024-04-27T16:27:14.8592604Z"},"nsu=http://opcfoundation.org/UA/Plc/Applications;s=BadSlowRandomUIntScalar1":{"Value":1087536189,"SourceTimestamp":"2024-04-27T16:27:14.8592614Z","ServerTimestamp":"2024-04-27T16:27:14.8592619Z"}}}