{"SequenceNumber":56,"MetaDataVersion":{"MajorVersion":1},"Timestamp":"2024-04-27T16:27:17.6858222Z","MessageType":"ua-deltaframe","DataSetWriterName":"<<UnknownDataSet>>","Payload":{"nsu=http://opcfoundation.org/UA/Plc/Applications;s=StepUp":{"Value":628,"SourceTimestamp":"2024-04-27T16:27:17.6549707Z","ServerTimestamp":"2024-04-27T16:27:17.6549748Z"},"nsu=http://opcfoundation.org/UA/Plc/Applications;s=RandomSignedInt32":{"Value":2027368989,"SourceTimestamp":"2024-04-27T16:27:17.6549913Z","ServerTimestamp":"2024-04-27T16:27:17.654995Z"},"nsu=http://opcfoundation.org/UA/Plc/Applications;s=RandomUnsignedInt32":{"Value":2127640122,"SourceTimestamp":"2024-04-27T16:27:17.6550214Z","ServerTimestamp":"2024-04-27T16:27:17.6550235Z"},"nsu=http://opcfoundation.org/UA/Plc/Applications;s=DipData":{"Value":24.868988716485482,"SourceTimestamp":"2024-04-27T16:27:17.6550217Z","ServerTimestamp":"2024-04-27T16:27:17.6550419Z"},"nsu=http://opcfoundation.org/UA/Plc/Applications;s=FastUIntScalar1":{"Value":62,"SourceTimestamp":"2024-04-27T16:27:16.8497239Z","ServerTimestamp":"2024-04-27T16:27:16.8497453Z"},"nsu=http://opcfoundation.org/UA/Plc/Applications;s=FastUIntScalar2":{"Value":62,"SourceTimestamp":"2024-04-27T16:27:16.849759Z","ServerTimestamp":"2024-04-27T16:27:16.8497624Z"},"nsu=http://opcfoundation.org/UA/Plc/Applications;s=FastUIntScalar3":{"Value":62,"SourceTimestamp":"2024-04-27T16:27:16.8497648Z","ServerTimestamp":"2024-04-27T16:27:16.849768Z"},"nsu=http://opcfoundation.org/UA/Plc/Applications;s=FastRandomUIntScalar1":{"Value":3152880417,"SourceTimestamp":"2024-04-27T16:27:16.8497054Z","ServerTimestamp":"2024-04-27T16:27:16.849709Z"},"nsu=http://opcfoundation.org/UA/Plc/Applications;s=FastRandomUIntScalar2":{"Value":3403644958,"SourceTimestamp":"2024-04-27T16:27:16.8497442Z","ServerTimestamp":"2024-04-27T16:27:16.8497594Z"},"nsu=http://opcfoundation.org/UA/Plc/Applications;s=FastRandomUIntScalar3":{"Value":1025198284,"SourceTimestamp":"2024-04-27T16:27:16.849762Z","ServerTimestamp":"2024-04-27T16:27:16.8497651Z"},"nsu=http://opcfoundation.org/UA/Plc/Applications;s=SpikeData":{"Value":24.868988716485482,"SourceTimestamp":"2024-04-27T16:27:17.6550343Z","ServerTimestamp":"2024-04-27T16:27:17.6550364Z"}}}