{"SequenceNumber":57,"MetaDataVersion":{"MajorVersion":1},"Timestamp":"2024-04-27T16:27:18.6767369Z","MessageType":"ua-deltaframe","DataSetWriterName":"<<UnknownDataSet>>","Payload":{"nsu=http://opcfoundation.org/UA/Plc/Applications;s=StepUp":{"Value":638,"SourceTimestamp":"2024-04-27T16:27:18.6615743Z","ServerTimestamp":"2024-04-27T16:27:18.6615787Z"},"nsu=http://opcfoundation.org/UA/Plc/Applications;s=RandomSignedInt32":{"Value":-1449674162,"SourceTimestamp":"2024-04-27T16:27:18.6615742Z","ServerTimestamp":"2024-04-27T16:27:18.6615927Z"},"nsu=http://opcfoundation.org/UA/Plc/Applications;s=RandomUnsignedInt32":{"Value":1264027249,"SourceTimestamp":"2024-04-27T16:27:18.6616031Z","ServerTimestamp":"2024-04-27T16:27:18.6616176Z"},"nsu=http://opcfoundation.org/UA/Plc/Applications;s=DipData":{"Value":99.80267284282715,"SourceTimestamp":"2024-04-27T16:27:18.6616065Z","ServerTimestamp":"2024-04-27T16:27:18.6616959Z"},"nsu=http://opcfoundation.org/UA/Plc/Applications;s=FastUIntScalar1":{"Value":63,"SourceTimestamp":"2024-04-27T16:27:17.8548063Z","ServerTimestamp":"2024-04-27T16:27:17.8548093Z"},"nsu=http://opcfoundation.org/UA/Plc/Applications;s=FastUIntScalar2":{"Value":63,"SourceTimestamp":"2024-04-27T16:27:17.8548235Z","ServerTimestamp":"2024-04-27T16:27:17.8548259Z"},"nsu=http://opcfoundation.org/UA/Plc/Applications;s=FastUIntScalar3":{"Value":63,"SourceTimestamp":"2024-04-27T16:27:17.8548272Z","ServerTimestamp":"2024-04-27T16:27:17.8548282Z"},"nsu=http://opcfoundation.org/UA/Plc/Applications;s=FastRandomUIntScalar1":{"Value":4222897574,"SourceTimestamp":"2024-04-27T16:27:17.8548102Z","ServerTimestamp":"2024-04-27T16:27:17.8548235Z"},"nsu=http://opcfoundation.org/UA/Plc/Applications;s=FastRandomUIntScalar2":{"Value":2922094648,"SourceTimestamp":"2024-04-27T16:27:17.8548261Z","ServerTimestamp":"2024-04-27T16:27:17.854827Z"},"nsu=http://opcfoundation.org/UA/Plc/Applications;s=FastRandomUIntScalar3":{"Value":2891348480,"SourceTimestamp":"2024-04-27T16:27:17.8548283Z","ServerTimestamp":"2024-04-27T16:27:17.8548294Z"},"nsu=http://opcfoundation.org/UA/Plc/Applications;s=SpikeData":{"Value":99.80267284282715,"SourceTimestamp":"2024-04-27T16:27:18.6616233Z","ServerTimestamp":"2024-04-27T16:27:18.6616293Z"}}}