{"SequenceNumber":63,"MetaDataVersion":{"MajorVersion":1},"Timestamp":"2024-04-27T16:27:25.6675981Z","MessageType":"ua-deltaframe","DataSetWriterName":"<<UnknownDataSet>>","Payload":{"nsu=http://opcfoundation.org/UA/Plc/Applications;s=AlternatingBoolean":{"Value":true,"SourceTimestamp":"2024-04-27T16:27:24.9502934Z","ServerTimestamp":"2024-04-27T16:27:24.9502983Z"},"nsu=http://opcfoundation.org/UA/Plc/Applications;s=NegativeTrendData":{"Value":99.299999999999997,"SourceTimestamp":"2024-04-27T16:27:24.9503036Z","ServerTimestamp":"2024-04-27T16:27:24.950307Z"},"nsu=http://opcfoundation.org/UA/Plc/Applications;s=PositiveTrendData":{"Value":100.5,"SourceTimestamp":"2024-04-27T16:27:24.9503036Z","ServerTimestamp":"2024-04-27T16:27:24.9503271Z"}}}