{"DataSetWriterId":1,"SequenceNumber":7,"MetaDataVersion":{"MajorVersion":1},"Timestamp":"2024-04-27T16:27:25.7296572Z","MessageType":"ua-deltaframe","DataSetWriterName":"<<UnknownDataSet>>","Payload":{"nsu=http://opcfoundation.org/UA/Plc/Applications;s=SlowUIntScalar1":{"Value":7,"SourceTimestamp":"2024-04-27T16:27:24.8554208Z","ServerTimestamp":"2024-04-27T16:27:24.8554238Z"},"nsu=http://opcfoundation.org/UA/Plc/Applications;s=SlowUIntScalar2":{"Value":7,"SourceTimestamp":"2024-04-27T16:27:24.855435Z","ServerTimestamp":"2024-04-27T16:27:24.8554355Z"},"nsu=http://opcfoundation.org/UA/Plc/Applications;s=SlowUIntScalar3":{"Value":7,"SourceTimestamp":"2024-04-27T16:27:24.8554368Z","ServerTimestamp":"2024-04-27T16:27:24.8554373Z"},"nsu=http://opcfoundation.org/UA/Plc/Applications;s=BadSlowUIntScalar1":{"Value":7,"SourceTimestamp":"2024-04-27T16:27:24.8554388Z","ServerTimestamp":"2024-04-27T16:27:24.8554394Z"},"nsu=http://opcfoundation.org/UA/Plc/Applications;s=SlowRandomUIntScalar1":{"Value":1719207622,"SourceTimestamp":"2024-04-27T16:27:24.8554331Z","ServerTimestamp":"2024-04-27T16:27:24.8554417Z"},"nsu=http://opcfoundation.org/UA/Plc/Applications;s=SlowRandomUIntScalar2":{"Value":1627896766,"SourceTimestamp":"2024-04-27T16:27:24.8554482Z","ServerTimestamp":"2024-04-27T16:27:24.8554488Z"},"nsu=http://opcfoundation.org/UA/Plc/Applications;s=SlowRandomUIntScalar3":{"Value":2240403709,"SourceTimestamp":"2024-04-27T16:27:24.8554502Z","ServerTimestamp":"2024-04-27T16:27:24.8554508Z"},"nsu=http://opcfoundation.org/UA/Plc/Applications;s=BadSlowRandomUIntScalar1":{"Value":3962569729,"SourceTimestamp":"2024-04-27T16:27:24.8554518Z","ServerTimestamp":"2024-04-27T16:27:24.8554523Z"}}}