{"SequenceNumber":65,"MetaDataVersion":{"MajorVersion":1},"Timestamp":"2024-04-27T16:27:27.647375Z","MessageType":"ua-deltaframe","DataSetWriterName":"<<UnknownDataSet>>","Payload":{"nsu=http://opcfoundation.org/UA/Plc/Applications;s=StepUp":{"Value":727,"SourceTimestamp":"2024-04-27T16:27:27.5553044Z","ServerTimestamp":"2024-04-27T16:27:27.555308Z"},"nsu=http://opcfoundation.org/UA/Plc/Applications;s=RandomSignedInt32":{"Value":1973692264,"SourceTimestamp":"2024-04-27T16:27:27.5553238Z","ServerTimestamp":"2024-04-27T16:27:27.5553248Z"},"nsu=http://opcfoundation.org/UA/Plc/Applications;s=RandomUnsignedInt32":{"Value":106109074,"SourceTimestamp":"2024-04-27T16:27:27.5553302Z","ServerTimestamp":"2024-04-27T16:27:27.5553309Z"},"nsu=http://opcfoundation.org/UA/Plc/Applications;s=DipData":{"Value":12.53332335643041,"SourceTimestamp":"2024-04-27T16:27:27.5553409Z","ServerTimestamp":"2024-04-27T16:27:27.5553417Z"},"nsu=http://opcfoundation.org/UA/Plc/Applications;s=FastUIntScalar1":{"Value":72,"SourceTimestamp":"2024-04-27T16:27:26.8532658Z","ServerTimestamp":"2024-04-27T16:27:26.8532681Z"},"nsu=http://opcfoundation.org/UA/Plc/Applications;s=FastUIntScalar2":{"Value":72,"SourceTimestamp":"2024-04-27T16:27:26.8532946Z","ServerTimestamp":"2024-04-27T16:27:26.8532963Z"},"nsu=http://opcfoundation.org/UA/Plc/Applications;s=FastUIntScalar3":{"Value":72,"SourceTimestamp":"2024-04-27T16:27:26.8533019Z","ServerTimestamp":"2024-04-27T16:27:26.853303Z"},"nsu=http://opcfoundation.org/UA/Plc/Applications;s=FastRandomUIntScalar1":{"Value":3039011535,"SourceTimestamp":"2024-04-27T16:27:26.8532663Z","ServerTimestamp":"2024-04-27T16:27:26.8533083Z"},"nsu=http://opcfoundation.org/UA/Plc/Applications;s=FastRandomUIntScalar2":{"Value":3478023285,"SourceTimestamp":"2024-04-27T16:27:26.8533154Z","ServerTimestamp":"2024-04-27T16:27:26.8533172Z"},"nsu=http://opcfoundation.org/UA/Plc/Applications;s=FastRandomUIntScalar3":{"Value":1126940775,"SourceTimestamp":"2024-04-27T16:27:26.8533184Z","ServerTimestamp":"2024-04-27T16:27:26.8533211Z"},"nsu=http://opcfoundation.org/UA/Plc/Applications;s=SpikeData":{"Value":12.53332335643041,"SourceTimestamp":"2024-04-27T16:27:27.5553475Z","ServerTimestamp":"2024-04-27T16:27:27.5553482Z"}}}