{"SequenceNumber":67,"MetaDataVersion":{"MajorVersion":1},"Timestamp":"2024-04-27T16:27:29.701122Z","MessageType":"ua-deltaframe","DataSetWriterName":"<<UnknownDataSet>>","Payload":{"nsu=http://opcfoundation.org/UA/Plc/Applications;s=StepUp":{"Value":748,"SourceTimestamp":"2024-04-27T16:27:29.6540207Z","ServerTimestamp":"2024-04-27T16:27:29.6540233Z"},"nsu=http://opcfoundation.org/UA/Plc/Applications;s=RandomSignedInt32":{"Value":1153567903,"SourceTimestamp":"2024-04-27T16:27:29.6540543Z","ServerTimestamp":"2024-04-27T16:27:29.6540688Z"},"nsu=http://opcfoundation.org/UA/Plc/Applications;s=RandomUnsignedInt32":{"Value":664969885,"SourceTimestamp":"2024-04-27T16:27:29.654059Z","ServerTimestamp":"2024-04-27T16:27:29.654061Z"},"nsu=http://opcfoundation.org/UA/Plc/Applications;s=DipData":{"Value":36.812455268467801,"SourceTimestamp":"2024-04-27T16:27:29.6540759Z","ServerTimestamp":"2024-04-27T16:27:29.6540891Z"},"nsu=http://opcfoundation.org/UA/Plc/Applications;s=FastUIntScalar1":{"Value":74,"SourceTimestamp":"2024-04-27T16:27:28.8598906Z","ServerTimestamp":"2024-04-27T16:27:28.8598933Z"},"nsu=http://opcfoundation.org/UA/Plc/Applications;s=FastUIntScalar2":{"Value":74,"SourceTimestamp":"2024-04-27T16:27:28.859904Z","ServerTimestamp":"2024-04-27T16:27:28.8599104Z"},"nsu=http://opcfoundation.org/UA/Plc/Applications;s=FastUIntScalar3":{"Value":74,"SourceTimestamp":"2024-04-27T16:27:28.8599117Z","ServerTimestamp":"2024-04-27T16:27:28.8599128Z"},"nsu=http://opcfoundation.org/UA/Plc/Applications;s=FastRandomUIntScalar1":{"Value":4241381760,"SourceTimestamp":"2024-04-27T16:27:28.8598953Z","ServerTimestamp":"2024-04-27T16:27:28.8599042Z"},"nsu=http://opcfoundation.org/UA/Plc/Applications;s=FastRandomUIntScalar2":{"Value":321344440,"SourceTimestamp":"2024-04-27T16:27:28.8599106Z","ServerTimestamp":"2024-04-27T16:27:28.8599116Z"},"nsu=http://opcfoundation.org/UA/Plc/Applications;s=FastRandomUIntScalar3":{"Value":384190873,"SourceTimestamp":"2024-04-27T16:27:28.8599128Z","ServerTimestamp":"2024-04-27T16:27:28.8599139Z"},"nsu=http://opcfoundation.org/UA/Plc/Applications;s=SpikeData":{"Value":36.812455268467801,"SourceTimestamp":"2024-04-27T16:27:29.6540758Z","ServerTimestamp":"2024-04-27T16:27:29.6540998Z"}}}