{"SequenceNumber":70,"MetaDataVersion":{"MajorVersion":1},"Timestamp":"2024-04-27T16:27:32.6850707Z","MessageType":"ua-deltaframe","DataSetWriterName":"<<UnknownDataSet>>","Payload":{"nsu=http://opcfoundation.org/UA/Plc/Applications;s=StepUp":{"Value":778,"SourceTimestamp":"2024-04-27T16:27:32.6540238Z","ServerTimestamp":"2024-04-27T16:27:32.6540661Z"},"nsu=http://opcfoundation.org/UA/Plc/Applications;s=RandomSignedInt32":{"Value":1377510309,"SourceTimestamp":"2024-04-27T16:27:32.6540434Z","ServerTimestamp":"2024-04-27T16:27:32.6540492Z"},"nsu=http://opcfoundation.org/UA/Plc/Applications;s=RandomUnsignedInt32":{"Value":1378159908,"SourceTimestamp":"2024-04-27T16:27:32.6540408Z","ServerTimestamp":"2024-04-27T16:27:32.6540423Z"},"nsu=http://opcfoundation.org/UA/Plc/Applications;s=DipData":{"Value":24.868988716485482,"SourceTimestamp":"2024-04-27T16:27:32.6540543Z","ServerTimestamp":"2024-04-27T16:27:32.6540551Z"},"nsu=http://opcfoundation.org/UA/Plc/Applications;s=FastUIntScalar1":{"Value":77,"SourceTimestamp":"2024-04-27T16:27:31.8603638Z","ServerTimestamp":"2024-04-27T16:27:31.8603664Z"},"nsu=http://opcfoundation.org/UA/Plc/Applications;s=FastUIntScalar2":{"Value":77,"SourceTimestamp":"2024-04-27T16:27:31.8603756Z","ServerTimestamp":"2024-04-27T16:27:31.8603763Z"},"nsu=http://opcfoundation.org/UA/Plc/Applications;s=FastUIntScalar3":{"Value":77,"SourceTimestamp":"2024-04-27T16:27:31.8603775Z","ServerTimestamp":"2024-04-27T16:27:31.860378Z"},"nsu=http://opcfoundation.org/UA/Plc/Applications;s=FastRandomUIntScalar1":{"Value":848173516,"SourceTimestamp":"2024-04-27T16:27:31.860364Z","ServerTimestamp":"2024-04-27T16:27:31.8603794Z"},"nsu=http://opcfoundation.org/UA/Plc/Applications;s=FastRandomUIntScalar2":{"Value":7961808,"SourceTimestamp":"2024-04-27T16:27:31.8603863Z","ServerTimestamp":"2024-04-27T16:27:31.8603873Z"},"nsu=http://opcfoundation.org/UA/Plc/Applications;s=FastRandomUIntScalar3":{"Value":231706141,"SourceTimestamp":"2024-04-27T16:27:31.8603894Z","ServerTimestamp":"2024-04-27T16:27:31.8603902Z"},"nsu=http://opcfoundation.org/UA/Plc/Applications;s=SpikeData":{"Value":24.868988716485482,"SourceTimestamp":"2024-04-27T16:27:32.6540595Z","ServerTimestamp":"2024-04-27T16:27:32.6540602Z"}}}