{"SequenceNumber":71,"MetaDataVersion":{"MajorVersion":1},"Timestamp":"2024-04-27T16:27:33.6813048Z","MessageType":"ua-deltaframe","DataSetWriterName":"<<UnknownDataSet>>","Payload":{"nsu=http://opcfoundation.org/UA/Plc/Applications;s=StepUp":{"Value":788,"SourceTimestamp":"2024-04-27T16:27:33.6511384Z","ServerTimestamp":"2024-04-27T16:27:33.6511519Z"},"nsu=http://opcfoundation.org/UA/Plc/Applications;s=RandomSignedInt32":{"Value":-3290855,"SourceTimestamp":"2024-04-27T16:27:33.6511531Z","ServerTimestamp":"2024-04-27T16:27:33.6511597Z"},"nsu=http://opcfoundation.org/UA/Plc/Applications;s=RandomUnsignedInt32":{"Value":1103819662,"SourceTimestamp":"2024-04-27T16:27:33.6511619Z","ServerTimestamp":"2024-04-27T16:27:33.6511628Z"},"nsu=http://opcfoundation.org/UA/Plc/Applications;s=DipData":{"Value":99.80267284282715,"SourceTimestamp":"2024-04-27T16:27:33.6511768Z","ServerTimestamp":"2024-04-27T16:27:33.6511853Z"},"nsu=http://opcfoundation.org/UA/Plc/Applications;s=FastUIntScalar1":{"Value":78,"SourceTimestamp":"2024-04-27T16:27:32.8567152Z","ServerTimestamp":"2024-04-27T16:27:32.8567172Z"},"nsu=http://opcfoundation.org/UA/Plc/Applications;s=FastUIntScalar2":{"Value":78,"SourceTimestamp":"2024-04-27T16:27:32.8567252Z","ServerTimestamp":"2024-04-27T16:27:32.8567515Z"},"nsu=http://opcfoundation.org/UA/Plc/Applications;s=FastUIntScalar3":{"Value":78,"SourceTimestamp":"2024-04-27T16:27:32.8567545Z","ServerTimestamp":"2024-04-27T16:27:32.8567573Z"},"nsu=http://opcfoundation.org/UA/Plc/Applications;s=FastRandomUIntScalar1":{"Value":1260279407,"SourceTimestamp":"2024-04-27T16:27:32.8567206Z","ServerTimestamp":"2024-04-27T16:27:32.8567257Z"},"nsu=http://opcfoundation.org/UA/Plc/Applications;s=FastRandomUIntScalar2":{"Value":994471205,"SourceTimestamp":"2024-04-27T16:27:32.8567432Z","ServerTimestamp":"2024-04-27T16:27:32.8567438Z"},"nsu=http://opcfoundation.org/UA/Plc/Applications;s=FastRandomUIntScalar3":{"Value":216686008,"SourceTimestamp":"2024-04-27T16:27:32.8567452Z","ServerTimestamp":"2024-04-27T16:27:32.8567458Z"},"nsu=http://opcfoundation.org/UA/Plc/Applications;s=SpikeData":{"Value":99.80267284282715,"SourceTimestamp":"2024-04-27T16:27:33.6511768Z","ServerTimestamp":"2024-04-27T16:27:33.6511779Z"}}}