{"SequenceNumber":72,"MetaDataVersion":{"MajorVersion":1},"Timestamp":"2024-04-27T16:27:35.6542675Z","MessageType":"ua-deltaframe","DataSetWriterName":"<<UnknownDataSet>>","Payload":{"nsu=http://opcfoundation.org/UA/Plc/Applications;s=StepUp":{"Value":807,"SourceTimestamp":"2024-04-27T16:27:35.5612201Z","ServerTimestamp":"2024-04-27T16:27:35.5612234Z"},"nsu=http://opcfoundation.org/UA/Plc/Applications;s=AlternatingBoolean":{"Value":true,"SourceTimestamp":"2024-04-27T16:27:34.9610325Z","ServerTimestamp":"2024-04-27T16:27:34.9610425Z"},"nsu=http://opcfoundation.org/UA/Plc/Applications;s=RandomSignedInt32":{"Value":-1811200920,"SourceTimestamp":"2024-04-27T16:27:35.5612407Z","ServerTimestamp":"2024-04-27T16:27:35.5612482Z"},"nsu=http://opcfoundation.org/UA/Plc/Applications;s=RandomUnsignedInt32":{"Value":1548295320,"SourceTimestamp":"2024-04-27T16:27:35.5612525Z","ServerTimestamp":"2024-04-27T16:27:35.5612534Z"},"nsu=http://opcfoundation.org/UA/Plc/Applications;s=DipData":{"Value":-68.454710592868821,"SourceTimestamp":"2024-04-27T16:27:35.5612579Z","ServerTimestamp":"2024-04-27T16:27:35.5612622Z"},"nsu=http://opcfoundation.org/UA/Plc/Applications;s=FastUIntScalar1":{"Value":80,"SourceTimestamp":"2024-04-27T16:27:34.8541067Z","ServerTimestamp":"2024-04-27T16:27:34.854108Z"},"nsu=http://opcfoundation.org/UA/Plc/Applications;s=FastUIntScalar2":{"Value":80,"SourceTimestamp":"2024-04-27T16:27:34.8541105Z","ServerTimestamp":"2024-04-27T16:27:34.8541115Z"},"nsu=http://opcfoundation.org/UA/Plc/Applications;s=FastUIntScalar3":{"Value":80,"SourceTimestamp":"2024-04-27T16:27:34.8541134Z","ServerTimestamp":"2024-04-27T16:27:34.8541173Z"},"nsu=http://opcfoundation.org/UA/Plc/Applications;s=FastRandomUIntScalar1":{"Value":1210192169,"SourceTimestamp":"2024-04-27T16:27:34.8541123Z","ServerTimestamp":"2024-04-27T16:27:34.8541136Z"},"nsu=http://opcfoundation.org/UA/Plc/Applications;s=FastRandomUIntScalar2":{"Value":227345239,"SourceTimestamp":"2024-04-27T16:27:34.8541171Z","ServerTimestamp":"2024-04-27T16:27:34.8541199Z"},"nsu=http://opcfoundation.org/UA/Plc/Applications;s=FastRandomUIntScalar3":{"Value":1587420853,"SourceTimestamp":"2024-04-27T16:27:34.8541223Z","ServerTimestamp":"2024-04-27T16:27:34.8541233Z"},"nsu=http://opcfoundation.org/UA/Plc/Applications;s=NegativeTrendData":{"Value":99.099999999999994,"SourceTimestamp":"2024-04-27T16:27:34.9610438Z","ServerTimestamp":"2024-04-27T16:27:34.9610464Z"},"nsu=http://opcfoundation.org/UA/Plc/Applications;s=PositiveTrendData":{"Value":100.7,"SourceTimestamp":"2024-04-27T16:27:34.961054Z","ServerTimestamp":"2024-04-27T16:27:34.961055Z"},"nsu=http://opcfoundation.org/UA/Plc/Applications;s=SpikeData":{"Value":-68.454710592868821,"SourceTimestamp":"2024-04-27T16:27:35.5612595Z","ServerTimestamp":"2024-04-27T16:27:35.5612603Z"}}}