{"SequenceNumber":73,"MetaDataVersion":{"MajorVersion":1},"Timestamp":"2024-04-27T16:27:36.7022441Z","MessageType":"ua-deltaframe","DataSetWriterName":"<<UnknownDataSet>>","Payload":{"nsu=http://opcfoundation.org/UA/Plc/Applications;s=StepUp":{"Value":818,"SourceTimestamp":"2024-04-27T16:27:36.6562503Z","ServerTimestamp":"2024-04-27T16:27:36.6562531Z"},"nsu=http://opcfoundation.org/UA/Plc/Applications;s=RandomSignedInt32":{"Value":-1747394077,"SourceTimestamp":"2024-04-27T16:27:36.6562692Z","ServerTimestamp":"2024-04-27T16:27:36.6562715Z"},"nsu=http://opcfoundation.org/UA/Plc/Applications;s=RandomUnsignedInt32":{"Value":926774874,"SourceTimestamp":"2024-04-27T16:27:36.6562741Z","ServerTimestamp":"2024-04-27T16:27:36.6562751Z"},"nsu=http://opcfoundation.org/UA/Plc/Applications;s=DipData":{"Value":-84.432792550201526,"SourceTimestamp":"2024-04-27T16:27:36.6562888Z","ServerTimestamp":"2024-04-27T16:27:36.6562896Z"},"nsu=http://opcfoundation.org/UA/Plc/Applications;s=FastUIntScalar1":{"Value":81,"SourceTimestamp":"2024-04-27T16:27:35.8540228Z","ServerTimestamp":"2024-04-27T16:27:35.8540356Z"},"nsu=http://opcfoundation.org/UA/Plc/Applications;s=FastUIntScalar2":{"Value":81,"SourceTimestamp":"2024-04-27T16:27:35.8540378Z","ServerTimestamp":"2024-04-27T16:27:35.8540391Z"},"nsu=http://opcfoundation.org/UA/Plc/Applications;s=FastUIntScalar3":{"Value":81,"SourceTimestamp":"2024-04-27T16:27:35.8540404Z","ServerTimestamp":"2024-04-27T16:27:35.8540412Z"},"nsu=http://opcfoundation.org/UA/Plc/Applications;s=FastRandomUIntScalar1":{"Value":784301167,"SourceTimestamp":"2024-04-27T16:27:35.8540228Z","ServerTimestamp":"2024-04-27T16:27:35.8540248Z"},"nsu=http://opcfoundation.org/UA/Plc/Applications;s=FastRandomUIntScalar2":{"Value":663329365,"SourceTimestamp":"2024-04-27T16:27:35.8540355Z","ServerTimestamp":"2024-04-27T16:27:35.8540377Z"},"nsu=http://opcfoundation.org/UA/Plc/Applications;s=FastRandomUIntScalar3":{"Value":1973230100,"SourceTimestamp":"2024-04-27T16:27:35.854039Z","ServerTimestamp":"2024-04-27T16:27:35.8540403Z"},"nsu=http://opcfoundation.org/UA/Plc/Applications;s=SpikeData":{"Value":-84.432792550201526,"SourceTimestamp":"2024-04-27T16:27:36.6562907Z","ServerTimestamp":"2024-04-27T16:27:36.6562952Z"}}}