{"SequenceNumber":74,"MetaDataVersion":{"MajorVersion":1},"Timestamp":"2024-04-27T16:27:37.6913728Z","MessageType":"ua-deltaframe","DataSetWriterName":"<<UnknownDataSet>>","Payload":{"nsu=http://opcfoundation.org/UA/Plc/Applications;s=StepUp":{"Value":828,"SourceTimestamp":"2024-04-27T16:27:37.6605752Z","ServerTimestamp":"2024-04-27T16:27:37.6605778Z"},"nsu=http://opcfoundation.org/UA/Plc/Applications;s=RandomSignedInt32":{"Value":-853881048,"SourceTimestamp":"2024-04-27T16:27:37.6605987Z","ServerTimestamp":"2024-04-27T16:27:37.6606023Z"},"nsu=http://opcfoundation.org/UA/Plc/Applications;s=RandomUnsignedInt32":{"Value":51116837,"SourceTimestamp":"2024-04-27T16:27:37.6605987Z","ServerTimestamp":"2024-04-27T16:27:37.6605995Z"},"nsu=http://opcfoundation.org/UA/Plc/Applications;s=DipData":{"Value":24.868988716485482,"SourceTimestamp":"2024-04-27T16:27:37.6606104Z","ServerTimestamp":"2024-04-27T16:27:37.6606418Z"},"nsu=http://opcfoundation.org/UA/Plc/Applications;s=FastUIntScalar1":{"Value":82,"SourceTimestamp":"2024-04-27T16:27:36.8569189Z","ServerTimestamp":"2024-04-27T16:27:36.8569425Z"},"nsu=http://opcfoundation.org/UA/Plc/Applications;s=FastUIntScalar2":{"Value":82,"SourceTimestamp":"2024-04-27T16:27:36.8569521Z","ServerTimestamp":"2024-04-27T16:27:36.8569529Z"},"nsu=http://opcfoundation.org/UA/Plc/Applications;s=FastUIntScalar3":{"Value":82,"SourceTimestamp":"2024-04-27T16:27:36.8569545Z","ServerTimestamp":"2024-04-27T16:27:36.8569552Z"},"nsu=http://opcfoundation.org/UA/Plc/Applications;s=FastRandomUIntScalar1":{"Value":1886287778,"SourceTimestamp":"2024-04-27T16:27:36.8569182Z","ServerTimestamp":"2024-04-27T16:27:36.8569207Z"},"nsu=http://opcfoundation.org/UA/Plc/Applications;s=FastRandomUIntScalar2":{"Value":4006598324,"SourceTimestamp":"2024-04-27T16:27:36.8569322Z","ServerTimestamp":"2024-04-27T16:27:36.8569327Z"},"nsu=http://opcfoundation.org/UA/Plc/Applications;s=FastRandomUIntScalar3":{"Value":3172160820,"SourceTimestamp":"2024-04-27T16:27:36.8569338Z","ServerTimestamp":"2024-04-27T16:27:36.8569349Z"},"nsu=http://opcfoundation.org/UA/Plc/Applications;s=SpikeData":{"Value":24.868988716485482,"SourceTimestamp":"2024-04-27T16:27:37.6606214Z","ServerTimestamp":"2024-04-27T16:27:37.6606677Z"}}}