{"SequenceNumber":75,"MetaDataVersion":{"MajorVersion":1},"Timestamp":"2024-04-27T16:27:38.679658Z","MessageType":"ua-deltaframe","DataSetWriterName":"<<UnknownDataSet>>","Payload":{"nsu=http://opcfoundation.org/UA/Plc/Applications;s=StepUp":{"Value":838,"SourceTimestamp":"2024-04-27T16:27:38.6480156Z","ServerTimestamp":"2024-04-27T16:27:38.6480184Z"},"nsu=http://opcfoundation.org/UA/Plc/Applications;s=RandomSignedInt32":{"Value":-1428443299,"SourceTimestamp":"2024-04-27T16:27:38.6480344Z","ServerTimestamp":"2024-04-27T16:27:38.6480363Z"},"nsu=http://opcfoundation.org/UA/Plc/Applications;s=RandomUnsignedInt32":{"Value":1499939001,"SourceTimestamp":"2024-04-27T16:27:38.648045Z","ServerTimestamp":"2024-04-27T16:27:38.6480739Z"},"nsu=http://opcfoundation.org/UA/Plc/Applications;s=DipData":{"Value":99.80267284282715,"SourceTimestamp":"2024-04-27T16:27:38.6480606Z","ServerTimestamp":"2024-04-27T16:27:38.6480614Z"},"nsu=http://opcfoundation.org/UA/Plc/Applications;s=FastUIntScalar1":{"Value":83,"SourceTimestamp":"2024-04-27T16:27:37.8588539Z","ServerTimestamp":"2024-04-27T16:27:37.858857Z"},"nsu=http://opcfoundation.org/UA/Plc/Applications;s=FastUIntScalar2":{"Value":83,"SourceTimestamp":"2024-04-27T16:27:37.8588687Z","ServerTimestamp":"2024-04-27T16:27:37.8588697Z"},"nsu=http://opcfoundation.org/UA/Plc/Applications;s=FastUIntScalar3":{"Value":83,"SourceTimestamp":"2024-04-27T16:27:37.8588712Z","ServerTimestamp":"2024-04-27T16:27:37.8588719Z"},"nsu=http://opcfoundation.org/UA/Plc/Applications;s=FastRandomUIntScalar1":{"Value":2787891960,"SourceTimestamp":"2024-04-27T16:27:37.8588806Z","ServerTimestamp":"2024-04-27T16:27:37.8588846Z"},"nsu=http://opcfoundation.org/UA/Plc/Applications;s=FastRandomUIntScalar2":{"Value":2155547514,"SourceTimestamp":"2024-04-27T16:27:37.858897Z","ServerTimestamp":"2024-04-27T16:27:37.8588982Z"},"nsu=http://opcfoundation.org/UA/Plc/Applications;s=FastRandomUIntScalar3":{"Value":1012442896,"SourceTimestamp":"2024-04-27T16:27:37.858901Z","ServerTimestamp":"2024-04-27T16:27:37.8589019Z"},"nsu=http://opcfoundation.org/UA/Plc/Applications;s=SpikeData":{"Value":99.80267284282715,"SourceTimestamp":"2024-04-27T16:27:38.648063Z","ServerTimestamp":"2024-04-27T16:27:38.6480656Z"}}}