{"SequenceNumber":78,"MetaDataVersion":{"MajorVersion":1},"Timestamp":"2024-04-27T16:27:42.6472718Z","MessageType":"ua-deltaframe","DataSetWriterName":"<<UnknownDataSet>>","Payload":{"nsu=http://opcfoundation.org/UA/Plc/Applications;s=StepUp":{"Value":877,"SourceTimestamp":"2024-04-27T16:27:42.5538455Z","ServerTimestamp":"2024-04-27T16:27:42.5538509Z"},"nsu=http://opcfoundation.org/UA/Plc/Applications;s=RandomSignedInt32":{"Value":-1654215422,"SourceTimestamp":"2024-04-27T16:27:42.5538906Z","ServerTimestamp":"2024-04-27T16:27:42.5538968Z"},"nsu=http://opcfoundation.org/UA/Plc/Applications;s=RandomUnsignedInt32":{"Value":2064745660,"SourceTimestamp":"2024-04-27T16:27:42.5538897Z","ServerTimestamp":"2024-04-27T16:27:42.5538908Z"},"nsu=http://opcfoundation.org/UA/Plc/Applications;s=DipData":{"Value":12.53332335643041,"SourceTimestamp":"2024-04-27T16:27:42.5539048Z","ServerTimestamp":"2024-04-27T16:27:42.553906Z"},"nsu=http://opcfoundation.org/UA/Plc/Applications;s=FastUIntScalar1":{"Value":87,"SourceTimestamp":"2024-04-27T16:27:41.8575421Z","ServerTimestamp":"2024-04-27T16:27:41.8575459Z"},"nsu=http://opcfoundation.org/UA/Plc/Applications;s=FastUIntScalar2":{"Value":87,"SourceTimestamp":"2024-04-27T16:27:41.8575577Z","ServerTimestamp":"2024-04-27T16:27:41.8575586Z"},"nsu=http://opcfoundation.org/UA/Plc/Applications;s=FastUIntScalar3":{"Value":87,"SourceTimestamp":"2024-04-27T16:27:41.85756Z","ServerTimestamp":"2024-04-27T16:27:41.8575612Z"},"nsu=http://opcfoundation.org/UA/Plc/Applications;s=FastRandomUIntScalar1":{"Value":75292279,"SourceTimestamp":"2024-04-27T16:27:41.8575642Z","ServerTimestamp":"2024-04-27T16:27:41.8575678Z"},"nsu=http://opcfoundation.org/UA/Plc/Applications;s=FastRandomUIntScalar2":{"Value":3285218475,"SourceTimestamp":"2024-04-27T16:27:41.8575802Z","ServerTimestamp":"2024-04-27T16:27:41.8575813Z"},"nsu=http://opcfoundation.org/UA/Plc/Applications;s=FastRandomUIntScalar3":{"Value":2363850636,"SourceTimestamp":"2024-04-27T16:27:41.8575835Z","ServerTimestamp":"2024-04-27T16:27:41.8575846Z"},"nsu=http://opcfoundation.org/UA/Plc/Applications;s=SpikeData":{"Value":12.53332335643041,"SourceTimestamp":"2024-04-27T16:27:42.5539553Z","ServerTimestamp":"2024-04-27T16:27:42.553958Z"}}}