{"SequenceNumber":79,"MetaDataVersion":{"MajorVersion":1},"Timestamp":"2024-04-27T16:27:43.6993679Z","MessageType":"ua-deltaframe","DataSetWriterName":"<<UnknownDataSet>>","Payload":{"nsu=http://opcfoundation.org/UA/Plc/Applications;s=StepUp":{"Value":888,"SourceTimestamp":"2024-04-27T16:27:43.6520755Z","ServerTimestamp":"2024-04-27T16:27:43.65208Z"},"nsu=http://opcfoundation.org/UA/Plc/Applications;s=RandomSignedInt32":{"Value":1365348510,"SourceTimestamp":"2024-04-27T16:27:43.6520891Z","ServerTimestamp":"2024-04-27T16:27:43.6521096Z"},"nsu=http://opcfoundation.org/UA/Plc/Applications;s=RandomUnsignedInt32":{"Value":9174109,"SourceTimestamp":"2024-04-27T16:27:43.652089Z","ServerTimestamp":"2024-04-27T16:27:43.6520959Z"},"nsu=http://opcfoundation.org/UA/Plc/Applications;s=DipData":{"Value":99.80267284282715,"SourceTimestamp":"2024-04-27T16:27:43.6521082Z","ServerTimestamp":"2024-04-27T16:27:43.6521198Z"},"nsu=http://opcfoundation.org/UA/Plc/Applications;s=FastUIntScalar1":{"Value":88,"SourceTimestamp":"2024-04-27T16:27:42.8474887Z","ServerTimestamp":"2024-04-27T16:27:42.8475002Z"},"nsu=http://opcfoundation.org/UA/Plc/Applications;s=FastUIntScalar2":{"Value":88,"SourceTimestamp":"2024-04-27T16:27:42.8475024Z","ServerTimestamp":"2024-04-27T16:27:42.8475033Z"},"nsu=http://opcfoundation.org/UA/Plc/Applications;s=FastUIntScalar3":{"Value":88,"SourceTimestamp":"2024-04-27T16:27:42.8475044Z","ServerTimestamp":"2024-04-27T16:27:42.8475051Z"},"nsu=http://opcfoundation.org/UA/Plc/Applications;s=FastRandomUIntScalar1":{"Value":3575789779,"SourceTimestamp":"2024-04-27T16:27:42.8474862Z","ServerTimestamp":"2024-04-27T16:27:42.8474885Z"},"nsu=http://opcfoundation.org/UA/Plc/Applications;s=FastRandomUIntScalar2":{"Value":3789953669,"SourceTimestamp":"2024-04-27T16:27:42.8474997Z","ServerTimestamp":"2024-04-27T16:27:42.8475022Z"},"nsu=http://opcfoundation.org/UA/Plc/Applications;s=FastRandomUIntScalar3":{"Value":2168612561,"SourceTimestamp":"2024-04-27T16:27:42.8475034Z","ServerTimestamp":"2024-04-27T16:27:42.8475042Z"},"nsu=http://opcfoundation.org/UA/Plc/Applications;s=SpikeData":{"Value":99.80267284282715,"SourceTimestamp":"2024-04-27T16:27:43.652131Z","ServerTimestamp":"2024-04-27T16:27:43.6521372Z"}}}