{"DataSetWriterId":1,"SequenceNumber":9,"MetaDataVersion":{"MajorVersion":1},"Timestamp":"2024-04-27T16:27:45.7379272Z","MessageType":"ua-deltaframe","DataSetWriterName":"<<UnknownDataSet>>","Payload":{"nsu=http://opcfoundation.org/UA/Plc/Applications;s=SlowUIntScalar1":{"Value":9,"SourceTimestamp":"2024-04-27T16:27:44.8546538Z","ServerTimestamp":"2024-04-27T16:27:44.8546561Z"},"nsu=http://opcfoundation.org/UA/Plc/Applications;s=SlowUIntScalar2":{"Value":9,"SourceTimestamp":"2024-04-27T16:27:44.8546646Z","ServerTimestamp":"2024-04-27T16:27:44.8546714Z"},"nsu=http://opcfoundation.org/UA/Plc/Applications;s=SlowUIntScalar3":{"Value":9,"SourceTimestamp":"2024-04-27T16:27:44.8546725Z","ServerTimestamp":"2024-04-27T16:27:44.854674Z"},"nsu=http://opcfoundation.org/UA/Plc/Applications;s=BadSlowUIntScalar1":{"Value":null,"StatusCode":{"Symbol":"BadDataLost","Code":2157772800},"SourceTimestamp":"2024-04-27T16:27:44.8546772Z","ServerTimestamp":"2024-04-27T16:27:44.8546772Z"},"nsu=http://opcfoundation.org/UA/Plc/Applications;s=SlowRandomUIntScalar1":{"Value":2413364829,"SourceTimestamp":"2024-04-27T16:27:44.8546549Z","ServerTimestamp":"2024-04-27T16:27:44.8546649Z"},"nsu=http://opcfoundation.org/UA/Plc/Applications;s=SlowRandomUIntScalar2":{"Value":1063922171,"SourceTimestamp":"2024-04-27T16:27:44.8546713Z","ServerTimestamp":"2024-04-27T16:27:44.8546728Z"},"nsu=http://opcfoundation.org/UA/Plc/Applications;s=SlowRandomUIntScalar3":{"Value":3583533580,"SourceTimestamp":"2024-04-27T16:27:44.854674Z","ServerTimestamp":"2024-04-27T16:27:44.854675Z"},"nsu=http://opcfoundation.org/UA/Plc/Applications;s=BadSlowRandomUIntScalar1":{"Value":null,"StatusCode":{"Symbol":"BadDataLost","Code":2157772800},"SourceTimestamp":"2024-04-27T16:27:44.8546792Z","ServerTimestamp":"2024-04-27T16:27:44.8546792Z"}}}