{"SequenceNumber":82,"MetaDataVersion":{"MajorVersion":1},"Timestamp":"2024-04-27T16:27:47.6506419Z","MessageType":"ua-deltaframe","DataSetWriterName":"<<UnknownDataSet>>","Payload":{"nsu=http://opcfoundation.org/UA/Plc/Applications;s=StepUp":{"Value":927,"SourceTimestamp":"2024-04-27T16:27:47.5572376Z","ServerTimestamp":"2024-04-27T16:27:47.5572618Z"},"nsu=http://opcfoundation.org/UA/Plc/Applications;s=RandomSignedInt32":{"Value":150135388,"SourceTimestamp":"2024-04-27T16:27:47.5572803Z","ServerTimestamp":"2024-04-27T16:27:47.5572919Z"},"nsu=http://opcfoundation.org/UA/Plc/Applications;s=RandomUnsignedInt32":{"Value":1337655180,"SourceTimestamp":"2024-04-27T16:27:47.557295Z","ServerTimestamp":"2024-04-27T16:27:47.5573026Z"},"nsu=http://opcfoundation.org/UA/Plc/Applications;s=DipData":{"Value":12.53332335643041,"SourceTimestamp":"2024-04-27T16:27:47.5573153Z","ServerTimestamp":"2024-04-27T16:27:47.5573228Z"},"nsu=http://opcfoundation.org/UA/Plc/Applications;s=FastUIntScalar1":{"Value":92,"SourceTimestamp":"2024-04-27T16:27:46.8620322Z","ServerTimestamp":"2024-04-27T16:27:46.8620349Z"},"nsu=http://opcfoundation.org/UA/Plc/Applications;s=FastUIntScalar2":{"Value":92,"SourceTimestamp":"2024-04-27T16:27:46.8620432Z","ServerTimestamp":"2024-04-27T16:27:46.8620497Z"},"nsu=http://opcfoundation.org/UA/Plc/Applications;s=FastUIntScalar3":{"Value":92,"SourceTimestamp":"2024-04-27T16:27:46.8620507Z","ServerTimestamp":"2024-04-27T16:27:46.8620522Z"},"nsu=http://opcfoundation.org/UA/Plc/Applications;s=FastRandomUIntScalar1":{"Value":3870767755,"SourceTimestamp":"2024-04-27T16:27:46.8620379Z","ServerTimestamp":"2024-04-27T16:27:46.8620435Z"},"nsu=http://opcfoundation.org/UA/Plc/Applications;s=FastRandomUIntScalar2":{"Value":3596128398,"SourceTimestamp":"2024-04-27T16:27:46.8620499Z","ServerTimestamp":"2024-04-27T16:27:46.8620506Z"},"nsu=http://opcfoundation.org/UA/Plc/Applications;s=FastRandomUIntScalar3":{"Value":1622905292,"SourceTimestamp":"2024-04-27T16:27:46.8620521Z","ServerTimestamp":"2024-04-27T16:27:46.8620589Z"},"nsu=http://opcfoundation.org/UA/Plc/Applications;s=SpikeData":{"Value":12.53332335643041,"SourceTimestamp":"2024-04-27T16:27:47.557337Z","ServerTimestamp":"2024-04-27T16:27:47.5573398Z"}}}