{"SequenceNumber":83,"MetaDataVersion":{"MajorVersion":1},"Timestamp":"2024-04-27T16:27:48.7015048Z","MessageType":"ua-deltaframe","DataSetWriterName":"<<UnknownDataSet>>","Payload":{"nsu=http://opcfoundation.org/UA/Plc/Applications;s=StepUp":{"Value":938,"SourceTimestamp":"2024-04-27T16:27:48.65572Z","ServerTimestamp":"2024-04-27T16:27:48.6557363Z"},"nsu=http://opcfoundation.org/UA/Plc/Applications;s=RandomSignedInt32":{"Value":-2135584129,"SourceTimestamp":"2024-04-27T16:27:48.6557174Z","ServerTimestamp":"2024-04-27T16:27:48.6557817Z"},"nsu=http://opcfoundation.org/UA/Plc/Applications;s=RandomUnsignedInt32":{"Value":522792500,"SourceTimestamp":"2024-04-27T16:27:48.6557787Z","ServerTimestamp":"2024-04-27T16:27:48.6557949Z"},"nsu=http://opcfoundation.org/UA/Plc/Applications;s=DipData":{"Value":99.80267284282715,"SourceTimestamp":"2024-04-27T16:27:48.6557481Z","ServerTimestamp":"2024-04-27T16:27:48.6557504Z"},"nsu=http://opcfoundation.org/UA/Plc/Applications;s=FastUIntScalar1":{"Value":93,"SourceTimestamp":"2024-04-27T16:27:47.8508728Z","ServerTimestamp":"2024-04-27T16:27:47.8508761Z"},"nsu=http://opcfoundation.org/UA/Plc/Applications;s=FastUIntScalar2":{"Value":93,"SourceTimestamp":"2024-04-27T16:27:47.8508886Z","ServerTimestamp":"2024-04-27T16:27:47.8508898Z"},"nsu=http://opcfoundation.org/UA/Plc/Applications;s=FastUIntScalar3":{"Value":93,"SourceTimestamp":"2024-04-27T16:27:47.8508923Z","ServerTimestamp":"2024-04-27T16:27:47.8508934Z"},"nsu=http://opcfoundation.org/UA/Plc/Applications;s=FastRandomUIntScalar1":{"Value":1046873524,"SourceTimestamp":"2024-04-27T16:27:47.850912Z","ServerTimestamp":"2024-04-27T16:27:47.8509164Z"},"nsu=http://opcfoundation.org/UA/Plc/Applications;s=FastRandomUIntScalar2":{"Value":181802375,"SourceTimestamp":"2024-04-27T16:27:47.8509292Z","ServerTimestamp":"2024-04-27T16:27:47.8509304Z"},"nsu=http://opcfoundation.org/UA/Plc/Applications;s=FastRandomUIntScalar3":{"Value":1548231571,"SourceTimestamp":"2024-04-27T16:27:47.8509326Z","ServerTimestamp":"2024-04-27T16:27:47.8509337Z"},"nsu=http://opcfoundation.org/UA/Plc/Applications;s=SpikeData":{"Value":99.80267284282715,"SourceTimestamp":"2024-04-27T16:27:48.6557675Z","ServerTimestamp":"2024-04-27T16:27:48.655769Z"}}}