{"SequenceNumber":84,"MetaDataVersion":{"MajorVersion":1},"Timestamp":"2024-04-27T16:27:49.6906735Z","MessageType":"ua-deltaframe","DataSetWriterName":"<<UnknownDataSet>>","Payload":{"nsu=http://opcfoundation.org/UA/Plc/Applications;s=StepUp":{"Value":948,"SourceTimestamp":"2024-04-27T16:27:49.6591251Z","ServerTimestamp":"2024-04-27T16:27:49.6592369Z"},"nsu=http://opcfoundation.org/UA/Plc/Applications;s=RandomSignedInt32":{"Value":139202031,"SourceTimestamp":"2024-04-27T16:27:49.6591237Z","ServerTimestamp":"2024-04-27T16:27:49.6591279Z"},"nsu=http://opcfoundation.org/UA/Plc/Applications;s=RandomUnsignedInt32":{"Value":754177384,"SourceTimestamp":"2024-04-27T16:27:49.6591438Z","ServerTimestamp":"2024-04-27T16:27:49.6591621Z"},"nsu=http://opcfoundation.org/UA/Plc/Applications;s=DipData":{"Value":36.812455268467801,"SourceTimestamp":"2024-04-27T16:27:49.6591629Z","ServerTimestamp":"2024-04-27T16:27:49.6591703Z"},"nsu=http://opcfoundation.org/UA/Plc/Applications;s=FastUIntScalar1":{"Value":94,"SourceTimestamp":"2024-04-27T16:27:48.8552341Z","ServerTimestamp":"2024-04-27T16:27:48.8552369Z"},"nsu=http://opcfoundation.org/UA/Plc/Applications;s=FastUIntScalar2":{"Value":94,"SourceTimestamp":"2024-04-27T16:27:48.8552453Z","ServerTimestamp":"2024-04-27T16:27:48.8552512Z"},"nsu=http://opcfoundation.org/UA/Plc/Applications;s=FastUIntScalar3":{"Value":94,"SourceTimestamp":"2024-04-27T16:27:48.8552521Z","ServerTimestamp":"2024-04-27T16:27:48.855253Z"},"nsu=http://opcfoundation.org/UA/Plc/Applications;s=FastRandomUIntScalar1":{"Value":1887373213,"SourceTimestamp":"2024-04-27T16:27:48.8552438Z","ServerTimestamp":"2024-04-27T16:27:48.8552457Z"},"nsu=http://opcfoundation.org/UA/Plc/Applications;s=FastRandomUIntScalar2":{"Value":1811230626,"SourceTimestamp":"2024-04-27T16:27:48.8552512Z","ServerTimestamp":"2024-04-27T16:27:48.8552521Z"},"nsu=http://opcfoundation.org/UA/Plc/Applications;s=FastRandomUIntScalar3":{"Value":3772172761,"SourceTimestamp":"2024-04-27T16:27:48.8552529Z","ServerTimestamp":"2024-04-27T16:27:48.8552539Z"},"nsu=http://opcfoundation.org/UA/Plc/Applications;s=SpikeData":{"Value":36.812455268467801,"SourceTimestamp":"2024-04-27T16:27:49.659166Z","ServerTimestamp":"2024-04-27T16:27:49.6592721Z"}}}