{"SequenceNumber":86,"MetaDataVersion":{"MajorVersion":1},"Timestamp":"2024-04-27T16:27:52.6584317Z","MessageType":"ua-deltaframe","DataSetWriterName":"<<UnknownDataSet>>","Payload":{"nsu=http://opcfoundation.org/UA/Plc/Applications;s=StepUp":{"Value":977,"SourceTimestamp":"2024-04-27T16:27:52.5485999Z","ServerTimestamp":"2024-04-27T16:27:52.5486026Z"},"nsu=http://opcfoundation.org/UA/Plc/Applications;s=RandomSignedInt32":{"Value":-2128884040,"SourceTimestamp":"2024-04-27T16:27:52.5486275Z","ServerTimestamp":"2024-04-27T16:27:52.5486291Z"},"nsu=http://opcfoundation.org/UA/Plc/Applications;s=RandomUnsignedInt32":{"Value":9900930,"SourceTimestamp":"2024-04-27T16:27:52.5486237Z","ServerTimestamp":"2024-04-27T16:27:52.5486245Z"},"nsu=http://opcfoundation.org/UA/Plc/Applications;s=DipData":{"Value":12.53332335643041,"SourceTimestamp":"2024-04-27T16:27:52.5486347Z","ServerTimestamp":"2024-04-27T16:27:52.5486355Z"},"nsu=http://opcfoundation.org/UA/Plc/Applications;s=FastUIntScalar1":{"Value":97,"SourceTimestamp":"2024-04-27T16:27:51.8550491Z","ServerTimestamp":"2024-04-27T16:27:51.8550536Z"},"nsu=http://opcfoundation.org/UA/Plc/Applications;s=FastUIntScalar2":{"Value":97,"SourceTimestamp":"2024-04-27T16:27:51.8551117Z","ServerTimestamp":"2024-04-27T16:27:51.8551129Z"},"nsu=http://opcfoundation.org/UA/Plc/Applications;s=FastUIntScalar3":{"Value":97,"SourceTimestamp":"2024-04-27T16:27:51.8551156Z","ServerTimestamp":"2024-04-27T16:27:51.8551168Z"},"nsu=http://opcfoundation.org/UA/Plc/Applications;s=FastRandomUIntScalar1":{"Value":4014142767,"SourceTimestamp":"2024-04-27T16:27:51.855056Z","ServerTimestamp":"2024-04-27T16:27:51.8551316Z"},"nsu=http://opcfoundation.org/UA/Plc/Applications;s=FastRandomUIntScalar2":{"Value":2967053987,"SourceTimestamp":"2024-04-27T16:27:51.8551579Z","ServerTimestamp":"2024-04-27T16:27:51.8551587Z"},"nsu=http://opcfoundation.org/UA/Plc/Applications;s=FastRandomUIntScalar3":{"Value":3457459762,"SourceTimestamp":"2024-04-27T16:27:51.8551602Z","ServerTimestamp":"2024-04-27T16:27:51.8551611Z"},"nsu=http://opcfoundation.org/UA/Plc/Applications;s=SpikeData":{"Value":12.53332335643041,"SourceTimestamp":"2024-04-27T16:27:52.5486397Z","ServerTimestamp":"2024-04-27T16:27:52.5486404Z"}}}