{"SequenceNumber":88,"MetaDataVersion":{"MajorVersion":1},"Timestamp":"2024-04-27T16:27:54.7047524Z","MessageType":"ua-deltaframe","DataSetWriterName":"<<UnknownDataSet>>","Payload":{"nsu=http://opcfoundation.org/UA/Plc/Applications;s=StepUp":{"Value":998,"SourceTimestamp":"2024-04-27T16:27:54.6582015Z","ServerTimestamp":"2024-04-27T16:27:54.6582044Z"},"nsu=http://opcfoundation.org/UA/Plc/Applications;s=RandomSignedInt32":{"Value":-1860942879,"SourceTimestamp":"2024-04-27T16:27:54.6582175Z","ServerTimestamp":"2024-04-27T16:27:54.6582731Z"},"nsu=http://opcfoundation.org/UA/Plc/Applications;s=RandomUnsignedInt32":{"Value":257502221,"SourceTimestamp":"2024-04-27T16:27:54.6582284Z","ServerTimestamp":"2024-04-27T16:27:54.6582361Z"},"nsu=http://opcfoundation.org/UA/Plc/Applications;s=DipData":{"Value":36.812455268467801,"SourceTimestamp":"2024-04-27T16:27:54.6582281Z","ServerTimestamp":"2024-04-27T16:27:54.6582322Z"},"nsu=http://opcfoundation.org/UA/Plc/Applications;s=FastUIntScalar1":{"Value":99,"SourceTimestamp":"2024-04-27T16:27:53.8515438Z","ServerTimestamp":"2024-04-27T16:27:53.8515712Z"},"nsu=http://opcfoundation.org/UA/Plc/Applications;s=FastUIntScalar2":{"Value":99,"SourceTimestamp":"2024-04-27T16:27:53.8515744Z","ServerTimestamp":"2024-04-27T16:27:53.8515749Z"},"nsu=http://opcfoundation.org/UA/Plc/Applications;s=FastUIntScalar3":{"Value":99,"SourceTimestamp":"2024-04-27T16:27:53.8515758Z","ServerTimestamp":"2024-04-27T16:27:53.8515843Z"},"nsu=http://opcfoundation.org/UA/Plc/Applications;s=FastRandomUIntScalar1":{"Value":2922366578,"SourceTimestamp":"2024-04-27T16:27:53.8515387Z","ServerTimestamp":"2024-04-27T16:27:53.8515409Z"},"nsu=http://opcfoundation.org/UA/Plc/Applications;s=FastRandomUIntScalar2":{"Value":1181589431,"SourceTimestamp":"2024-04-27T16:27:53.8515624Z","ServerTimestamp":"2024-04-27T16:27:53.8515631Z"},"nsu=http://opcfoundation.org/UA/Plc/Applications;s=FastRandomUIntScalar3":{"Value":2651982795,"SourceTimestamp":"2024-04-27T16:27:53.8515647Z","ServerTimestamp":"2024-04-27T16:27:53.8515654Z"},"nsu=http://opcfoundation.org/UA/Plc/Applications;s=SpikeData":{"Value":36.812455268467801,"SourceTimestamp":"2024-04-27T16:27:54.6582381Z","ServerTimestamp":"2024-04-27T16:27:54.6582432Z"}}}