{"MessageId":"7f63a7f7-87d2-4b60-91db-7d46950e3e49","MessageType":"ua-data","PublisherId":"DESKTOP-BGFJS91","DataSetWriterGroup":"<<UnknownWriterGroup>>","Messages":[{"DataSetWriterId":4,"SequenceNumber":10,"MetaDataVersion":{"MajorVersion":1},"Timestamp":"2024-04-27T10:49:21.5138293Z","MessageType":"ua-deltaframe","DataSetWriterName":"MES","Payload":{"nsu=http://opcfoundation.org/UA/Plc/Applications;s=RandomUnsignedInt32":{"Value":758586576,"SourceTimestamp":"2024-04-27T10:49:21.4189466Z","ServerTimestamp":"2024-04-27T10:49:21.4189486Z"}}}]}