{"MessageId":"8f06b81f-210d-448d-b312-b2131122cbec","MessageType":"ua-data","PublisherId":"DESKTOP-BGFJS91","DataSetWriterGroup":"<<UnknownWriterGroup>>","Messages":[{"DataSetWriterId":4,"SequenceNumber":100,"MetaDataVersion":{"MajorVersion":1},"Timestamp":"2024-04-27T10:51:03.5290019Z","MessageType":"ua-deltaframe","DataSetWriterName":"MES","Payload":{"nsu=http://opcfoundation.org/UA/Plc/Applications;s=RandomUnsignedInt32":{"Value":1805410285,"SourceTimestamp":"2024-04-27T10:51:03.4188605Z","ServerTimestamp":"2024-04-27T10:51:03.4188618Z"}}}]}