{"MessageId":"dbcb495b-9e82-4338-a8ed-d234048f7093","MessageType":"ua-data","PublisherId":"DESKTOP-BGFJS91","DataSetWriterGroup":"<<UnknownWriterGroup>>","Messages":[{"DataSetWriterId":4,"SequenceNumber":12,"MetaDataVersion":{"MajorVersion":1},"Timestamp":"2024-04-27T10:49:23.4822303Z","MessageType":"ua-deltaframe","DataSetWriterName":"MES","Payload":{"nsu=http://opcfoundation.org/UA/Plc/Applications;s=RandomUnsignedInt32":{"Value":45204539,"SourceTimestamp":"2024-04-27T10:49:23.41936Z","ServerTimestamp":"2024-04-27T10:49:23.4193649Z"}}}]}