{"MessageId":"2044b449-388e-4b3f-aea0-08923a3c83d7","MessageType":"ua-data","PublisherId":"DESKTOP-BGFJS91","DataSetWriterGroup":"<<UnknownWriterGroup>>","Messages":[{"DataSetWriterId":4,"SequenceNumber":14,"MetaDataVersion":{"MajorVersion":1},"Timestamp":"2024-04-27T10:49:26.5141751Z","MessageType":"ua-deltaframe","DataSetWriterName":"MES","Payload":{"nsu=http://opcfoundation.org/UA/Plc/Applications;s=RandomUnsignedInt32":{"Value":350757648,"SourceTimestamp":"2024-04-27T10:49:26.4205921Z","ServerTimestamp":"2024-04-27T10:49:26.4205928Z"}}}]}