{"MessageId":"d92ba29a-d4bc-44a7-a91e-f4c582c4ff71","MessageType":"ua-data","PublisherId":"DESKTOP-BGFJS91","DataSetWriterGroup":"<<UnknownWriterGroup>>","Messages":[{"DataSetWriterId":4,"SequenceNumber":16,"MetaDataVersion":{"MajorVersion":1},"Timestamp":"2024-04-27T10:49:28.4972171Z","MessageType":"ua-deltaframe","DataSetWriterName":"MES","Payload":{"nsu=http://opcfoundation.org/UA/Plc/Applications;s=RandomUnsignedInt32":{"Value":1448735918,"SourceTimestamp":"2024-04-27T10:49:28.4184231Z","ServerTimestamp":"2024-04-27T10:49:28.4184252Z"}}}]}