{"MessageId":"9a1a3b51-be8d-4771-b594-a7df11a2d822","MessageType":"ua-data","PublisherId":"DESKTOP-BGFJS91","DataSetWriterGroup":"<<UnknownWriterGroup>>","Messages":[{"DataSetWriterId":4,"SequenceNumber":17,"MetaDataVersion":{"MajorVersion":1},"Timestamp":"2024-04-27T10:49:29.4882194Z","MessageType":"ua-deltaframe","DataSetWriterName":"MES","Payload":{"nsu=http://opcfoundation.org/UA/Plc/Applications;s=RandomUnsignedInt32":{"Value":1275057210,"SourceTimestamp":"2024-04-27T10:49:29.4258239Z","ServerTimestamp":"2024-04-27T10:49:29.4258305Z"}}}]}