{"MessageId":"8f7749c9-c98d-4a75-a29e-b7b9ddd8a733","MessageType":"ua-data","PublisherId":"DESKTOP-BGFJS91","DataSetWriterGroup":"<<UnknownWriterGroup>>","Messages":[{"DataSetWriterId":4,"SequenceNumber":22,"MetaDataVersion":{"MajorVersion":1},"Timestamp":"2024-04-27T10:49:34.4913788Z","MessageType":"ua-deltaframe","DataSetWriterName":"MES","Payload":{"nsu=http://opcfoundation.org/UA/Plc/Applications;s=RandomUnsignedInt32":{"Value":174982068,"SourceTimestamp":"2024-04-27T10:49:34.4299826Z","ServerTimestamp":"2024-04-27T10:49:34.4299838Z"}}}]}