{"MessageId":"50c1fc7b-425d-4949-b171-e1a9779b4466","MessageType":"ua-data","PublisherId":"DESKTOP-BGFJS91","DataSetWriterGroup":"<<UnknownWriterGroup>>","Messages":[{"DataSetWriterId":4,"SequenceNumber":25,"MetaDataVersion":{"MajorVersion":1},"Timestamp":"2024-04-27T10:49:38.5119121Z","MessageType":"ua-deltaframe","DataSetWriterName":"MES","Payload":{"nsu=http://opcfoundation.org/UA/Plc/Applications;s=RandomUnsignedInt32":{"Value":652730495,"SourceTimestamp":"2024-04-27T10:49:38.4181613Z","ServerTimestamp":"2024-04-27T10:49:38.4181878Z"}}}]}