{"MessageId":"c8bc82cd-23aa-413f-abc9-2dc7fbac7046","MessageType":"ua-data","PublisherId":"DESKTOP-BGFJS91","DataSetWriterGroup":"<<UnknownWriterGroup>>","Messages":[{"DataSetWriterId":4,"SequenceNumber":27,"MetaDataVersion":{"MajorVersion":1},"Timestamp":"2024-04-27T10:49:40.4872843Z","MessageType":"ua-deltaframe","DataSetWriterName":"MES","Payload":{"nsu=http://opcfoundation.org/UA/Plc/Applications;s=RandomUnsignedInt32":{"Value":181755084,"SourceTimestamp":"2024-04-27T10:49:40.4260786Z","ServerTimestamp":"2024-04-27T10:49:40.426107Z"}}}]}