{"MessageId":"1204c90a-c808-4332-95d2-88469e8b75ab","MessageType":"ua-data","PublisherId":"DESKTOP-BGFJS91","DataSetWriterGroup":"<<UnknownWriterGroup>>","Messages":[{"DataSetWriterId":4,"SequenceNumber":31,"MetaDataVersion":{"MajorVersion":1},"Timestamp":"2024-04-27T10:49:44.4897401Z","MessageType":"ua-deltaframe","DataSetWriterName":"MES","Payload":{"nsu=http://opcfoundation.org/UA/Plc/Applications;s=RandomUnsignedInt32":{"Value":559511845,"SourceTimestamp":"2024-04-27T10:49:44.4277539Z","ServerTimestamp":"2024-04-27T10:49:44.4277554Z"}}}]}