{"MessageId":"cf6bbec2-a60c-4bf0-8519-c718dd13d791","MessageType":"ua-data","PublisherId":"DESKTOP-BGFJS91","DataSetWriterGroup":"<<UnknownWriterGroup>>","Messages":[{"DataSetWriterId":4,"SequenceNumber":34,"MetaDataVersion":{"MajorVersion":1},"Timestamp":"2024-04-27T10:49:47.5143193Z","MessageType":"ua-deltaframe","DataSetWriterName":"MES","Payload":{"nsu=http://opcfoundation.org/UA/Plc/Applications;s=RandomUnsignedInt32":{"Value":1409158725,"SourceTimestamp":"2024-04-27T10:49:47.420719Z","ServerTimestamp":"2024-04-27T10:49:47.4207201Z"}}}]}