{"MessageId":"9949a501-23e9-432c-b87b-579a3a7fdd88","MessageType":"ua-data","PublisherId":"DESKTOP-BGFJS91","DataSetWriterGroup":"<<UnknownWriterGroup>>","Messages":[{"DataSetWriterId":4,"SequenceNumber":4,"MetaDataVersion":{"MajorVersion":1},"Timestamp":"2024-04-27T10:49:15.5032686Z","MessageType":"ua-deltaframe","DataSetWriterName":"MES","Payload":{"nsu=http://opcfoundation.org/UA/Plc/Applications;s=RandomUnsignedInt32":{"Value":1494814974,"SourceTimestamp":"2024-04-27T10:49:15.4274167Z","ServerTimestamp":"2024-04-27T10:49:15.4274178Z"}}}]}