{"MessageId":"dbe35846-aac9-4779-a829-25d21100878d","MessageType":"ua-data","PublisherId":"DESKTOP-BGFJS91","DataSetWriterGroup":"<<UnknownWriterGroup>>","Messages":[{"DataSetWriterId":4,"SequenceNumber":41,"MetaDataVersion":{"MajorVersion":1},"Timestamp":"2024-04-27T10:49:55.4861607Z","MessageType":"ua-deltaframe","DataSetWriterName":"MES","Payload":{"nsu=http://opcfoundation.org/UA/Plc/Applications;s=RandomUnsignedInt32":{"Value":113348334,"SourceTimestamp":"2024-04-27T10:49:55.4247665Z","ServerTimestamp":"2024-04-27T10:49:55.4247717Z"}}}]}