{"MessageId":"d6183c8c-0dcb-4d2b-aea1-690a6196344f","MessageType":"ua-data","PublisherId":"DESKTOP-BGFJS91","DataSetWriterGroup":"<<UnknownWriterGroup>>","Messages":[{"DataSetWriterId":4,"SequenceNumber":45,"MetaDataVersion":{"MajorVersion":1},"Timestamp":"2024-04-27T10:50:00.4818445Z","MessageType":"ua-deltaframe","DataSetWriterName":"MES","Payload":{"nsu=http://opcfoundation.org/UA/Plc/Applications;s=RandomUnsignedInt32":{"Value":1392366250,"SourceTimestamp":"2024-04-27T10:50:00.4196495Z","ServerTimestamp":"2024-04-27T10:50:00.419651Z"}}}]}