{"MessageId":"658fce1b-38ce-42b2-ad75-b7f76495bc38","MessageType":"ua-data","PublisherId":"DESKTOP-BGFJS91","DataSetWriterGroup":"<<UnknownWriterGroup>>","Messages":[{"DataSetWriterId":4,"SequenceNumber":46,"MetaDataVersion":{"MajorVersion":1},"Timestamp":"2024-04-27T10:50:01.5315158Z","MessageType":"ua-deltaframe","DataSetWriterName":"MES","Payload":{"nsu=http://opcfoundation.org/UA/Plc/Applications;s=RandomUnsignedInt32":{"Value":201617068,"SourceTimestamp":"2024-04-27T10:50:01.422532Z","ServerTimestamp":"2024-04-27T10:50:01.4225336Z"}}}]}