{"MessageId":"fbb2e60d-a3ec-484f-8643-052a92b5a449","MessageType":"ua-data","PublisherId":"DESKTOP-BGFJS91","DataSetWriterGroup":"<<UnknownWriterGroup>>","Messages":[{"DataSetWriterId":4,"SequenceNumber":5,"MetaDataVersion":{"MajorVersion":1},"Timestamp":"2024-04-27T10:49:16.4895805Z","MessageType":"ua-deltaframe","DataSetWriterName":"MES","Payload":{"nsu=http://opcfoundation.org/UA/Plc/Applications;s=RandomUnsignedInt32":{"Value":1233782498,"SourceTimestamp":"2024-04-27T10:49:16.427003Z","ServerTimestamp":"2024-04-27T10:49:16.4270037Z"}}}]}