{"MessageId":"efe53694-0df8-4d4b-b747-d029bffba0d7","MessageType":"ua-data","PublisherId":"DESKTOP-BGFJS91","DataSetWriterGroup":"<<UnknownWriterGroup>>","Messages":[{"DataSetWriterId":4,"SequenceNumber":50,"MetaDataVersion":{"MajorVersion":1},"Timestamp":"2024-04-27T10:50:05.5281511Z","MessageType":"ua-deltaframe","DataSetWriterName":"MES","Payload":{"nsu=http://opcfoundation.org/UA/Plc/Applications;s=RandomUnsignedInt32":{"Value":1683619759,"SourceTimestamp":"2024-04-27T10:50:05.4187574Z","ServerTimestamp":"2024-04-27T10:50:05.4187599Z"}}}]}