{"MessageId":"6e62f944-33a3-493f-a5ce-512e8cb489e4","MessageType":"ua-data","PublisherId":"DESKTOP-BGFJS91","DataSetWriterGroup":"<<UnknownWriterGroup>>","Messages":[{"DataSetWriterId":4,"SequenceNumber":53,"MetaDataVersion":{"MajorVersion":1},"Timestamp":"2024-04-27T10:50:08.5098103Z","MessageType":"ua-deltaframe","DataSetWriterName":"MES","Payload":{"nsu=http://opcfoundation.org/UA/Plc/Applications;s=RandomUnsignedInt32":{"Value":1801078873,"SourceTimestamp":"2024-04-27T10:50:08.4171044Z","ServerTimestamp":"2024-04-27T10:50:08.4171075Z"}}}]}