{"MessageId":"61a2b7ae-a150-44cf-b7df-b53e87cd6029","MessageType":"ua-data","PublisherId":"DESKTOP-BGFJS91","DataSetWriterGroup":"<<UnknownWriterGroup>>","Messages":[{"DataSetWriterId":4,"SequenceNumber":58,"MetaDataVersion":{"MajorVersion":1},"Timestamp":"2024-04-27T10:50:14.5145563Z","MessageType":"ua-deltaframe","DataSetWriterName":"MES","Payload":{"nsu=http://opcfoundation.org/UA/Plc/Applications;s=RandomUnsignedInt32":{"Value":1580948981,"SourceTimestamp":"2024-04-27T10:50:14.4197737Z","ServerTimestamp":"2024-04-27T10:50:14.4197747Z"}}}]}