{"MessageId":"f951e7f3-fbf2-46be-ab72-e7852b24457e","MessageType":"ua-data","PublisherId":"DESKTOP-BGFJS91","DataSetWriterGroup":"<<UnknownWriterGroup>>","Messages":[{"DataSetWriterId":4,"SequenceNumber":60,"MetaDataVersion":{"MajorVersion":1},"Timestamp":"2024-04-27T10:50:16.4926329Z","MessageType":"ua-deltaframe","DataSetWriterName":"MES","Payload":{"nsu=http://opcfoundation.org/UA/Plc/Applications;s=RandomUnsignedInt32":{"Value":1267954441,"SourceTimestamp":"2024-04-27T10:50:16.4305418Z","ServerTimestamp":"2024-04-27T10:50:16.4305518Z"}}}]}