{"MessageId":"4774cf9c-0ec7-4e8b-82bc-695611616af0","MessageType":"ua-data","PublisherId":"DESKTOP-BGFJS91","DataSetWriterGroup":"<<UnknownWriterGroup>>","Messages":[{"DataSetWriterId":4,"SequenceNumber":62,"MetaDataVersion":{"MajorVersion":1},"Timestamp":"2024-04-27T10:50:19.5232234Z","MessageType":"ua-deltaframe","DataSetWriterName":"MES","Payload":{"nsu=http://opcfoundation.org/UA/Plc/Applications;s=RandomUnsignedInt32":{"Value":1581114141,"SourceTimestamp":"2024-04-27T10:50:19.4299806Z","ServerTimestamp":"2024-04-27T10:50:19.4299857Z"}}}]}