{"MessageId":"49e61dab-c027-4fb4-855b-e0faf82fd021","MessageType":"ua-data","PublisherId":"DESKTOP-BGFJS91","DataSetWriterGroup":"<<UnknownWriterGroup>>","Messages":[{"DataSetWriterId":4,"SequenceNumber":71,"MetaDataVersion":{"MajorVersion":1},"Timestamp":"2024-04-27T10:50:29.5103785Z","MessageType":"ua-deltaframe","DataSetWriterName":"MES","Payload":{"nsu=http://opcfoundation.org/UA/Plc/Applications;s=RandomUnsignedInt32":{"Value":15599754,"SourceTimestamp":"2024-04-27T10:50:29.431467Z","ServerTimestamp":"2024-04-27T10:50:29.4314816Z"}}}]}