{"MessageId":"fb516608-a2c2-4444-80e2-6c9d36059a3e","MessageType":"ua-data","PublisherId":"DESKTOP-BGFJS91","DataSetWriterGroup":"<<UnknownWriterGroup>>","Messages":[{"DataSetWriterId":4,"SequenceNumber":78,"MetaDataVersion":{"MajorVersion":1},"Timestamp":"2024-04-27T10:50:37.4817963Z","MessageType":"ua-deltaframe","DataSetWriterName":"MES","Payload":{"nsu=http://opcfoundation.org/UA/Plc/Applications;s=RandomUnsignedInt32":{"Value":539493763,"SourceTimestamp":"2024-04-27T10:50:37.4212617Z","ServerTimestamp":"2024-04-27T10:50:37.4212623Z"}}}]}