{"MessageId":"9fd5964d-41ee-4826-9f08-1c07cb85ebd0","MessageType":"ua-data","PublisherId":"DESKTOP-BGFJS91","DataSetWriterGroup":"<<UnknownWriterGroup>>","Messages":[{"DataSetWriterId":4,"SequenceNumber":80,"MetaDataVersion":{"MajorVersion":1},"Timestamp":"2024-04-27T10:50:40.5103203Z","MessageType":"ua-deltaframe","DataSetWriterName":"MES","Payload":{"nsu=http://opcfoundation.org/UA/Plc/Applications;s=RandomUnsignedInt32":{"Value":275778002,"SourceTimestamp":"2024-04-27T10:50:40.4174943Z","ServerTimestamp":"2024-04-27T10:50:40.4174981Z"}}}]}