{"MessageId":"3bed409c-08f8-46a1-acb9-b20f26e09663","MessageType":"ua-data","PublisherId":"DESKTOP-BGFJS91","DataSetWriterGroup":"<<UnknownWriterGroup>>","Messages":[{"DataSetWriterId":4,"SequenceNumber":82,"MetaDataVersion":{"MajorVersion":1},"Timestamp":"2024-04-27T10:50:42.4854786Z","MessageType":"ua-deltaframe","DataSetWriterName":"MES","Payload":{"nsu=http://opcfoundation.org/UA/Plc/Applications;s=RandomUnsignedInt32":{"Value":627945548,"SourceTimestamp":"2024-04-27T10:50:42.4220766Z","ServerTimestamp":"2024-04-27T10:50:42.4220774Z"}}}]}