{"MessageId":"5ebbfd7d-ae35-447e-8cd7-45211147e900","MessageType":"ua-data","PublisherId":"DESKTOP-BGFJS91","DataSetWriterGroup":"<<UnknownWriterGroup>>","Messages":[{"DataSetWriterId":4,"SequenceNumber":83,"MetaDataVersion":{"MajorVersion":1},"Timestamp":"2024-04-27T10:50:43.4809446Z","MessageType":"ua-deltaframe","DataSetWriterName":"MES","Payload":{"nsu=http://opcfoundation.org/UA/Plc/Applications;s=RandomUnsignedInt32":{"Value":1306560157,"SourceTimestamp":"2024-04-27T10:50:43.418117Z","ServerTimestamp":"2024-04-27T10:50:43.4181181Z"}}}]}