{"MessageId":"20cbb73c-9854-4fdb-b952-58aea0b0bafa","MessageType":"ua-data","PublisherId":"DESKTOP-BGFJS91","DataSetWriterGroup":"<<UnknownWriterGroup>>","Messages":[{"DataSetWriterId":4,"SequenceNumber":88,"MetaDataVersion":{"MajorVersion":1},"Timestamp":"2024-04-27T10:50:49.4839802Z","MessageType":"ua-deltaframe","DataSetWriterName":"MES","Payload":{"nsu=http://opcfoundation.org/UA/Plc/Applications;s=RandomUnsignedInt32":{"Value":690597686,"SourceTimestamp":"2024-04-27T10:50:49.4220528Z","ServerTimestamp":"2024-04-27T10:50:49.4220574Z"}}}]}