{"MessageId":"dbc58bf0-cd20-43f3-87d6-191421b0ce7d","MessageType":"ua-data","PublisherId":"DESKTOP-BGFJS91","DataSetWriterGroup":"<<UnknownWriterGroup>>","Messages":[{"DataSetWriterId":4,"SequenceNumber":90,"MetaDataVersion":{"MajorVersion":1},"Timestamp":"2024-04-27T10:50:52.5111614Z","MessageType":"ua-deltaframe","DataSetWriterName":"MES","Payload":{"nsu=http://opcfoundation.org/UA/Plc/Applications;s=RandomUnsignedInt32":{"Value":1464374995,"SourceTimestamp":"2024-04-27T10:50:52.4171005Z","ServerTimestamp":"2024-04-27T10:50:52.4171491Z"}}}]}