{"MessageId":"acc29273-0299-47d3-911d-043b19c6fc88","MessageType":"ua-data","PublisherId":"DESKTOP-BGFJS91","DataSetWriterGroup":"<<UnknownWriterGroup>>","Messages":[{"DataSetWriterId":4,"SequenceNumber":92,"MetaDataVersion":{"MajorVersion":1},"Timestamp":"2024-04-27T10:50:54.4852377Z","MessageType":"ua-deltaframe","DataSetWriterName":"MES","Payload":{"nsu=http://opcfoundation.org/UA/Plc/Applications;s=RandomUnsignedInt32":{"Value":1530886904,"SourceTimestamp":"2024-04-27T10:50:54.4220561Z","ServerTimestamp":"2024-04-27T10:50:54.422057Z"}}}]}