{"MessageId":"70316d91-a90c-4722-9ecc-c8c93cfb2334","MessageType":"ua-data","PublisherId":"DESKTOP-BGFJS91","DataSetWriterGroup":"<<UnknownWriterGroup>>","Messages":[{"DataSetWriterId":4,"SequenceNumber":96,"MetaDataVersion":{"MajorVersion":1},"Timestamp":"2024-04-27T10:50:59.4982141Z","MessageType":"ua-deltaframe","DataSetWriterName":"MES","Payload":{"nsu=http://opcfoundation.org/UA/Plc/Applications;s=RandomUnsignedInt32":{"Value":1223796446,"SourceTimestamp":"2024-04-27T10:50:59.4216638Z","ServerTimestamp":"2024-04-27T10:50:59.4216885Z"}}}]}