{"MessageId":"cfa148c4-f649-4bc0-83bb-b1be064234a5","MessageType":"ua-data","PublisherId":"DESKTOP-BGFJS91","DataSetWriterGroup":"<<UnknownWriterGroup>>","Messages":[{"DataSetWriterId":4,"SequenceNumber":98,"MetaDataVersion":{"MajorVersion":1},"Timestamp":"2024-04-27T10:51:01.4893672Z","MessageType":"ua-deltaframe","DataSetWriterName":"MES","Payload":{"nsu=http://opcfoundation.org/UA/Plc/Applications;s=RandomUnsignedInt32":{"Value":1219318689,"SourceTimestamp":"2024-04-27T10:51:01.4264529Z","ServerTimestamp":"2024-04-27T10:51:01.4264604Z"}}}]}