[{"SequenceNumber":57,"MetaDataVersion":{"MajorVersion":1},"Timestamp":"2024-04-27T14:47:22.6409924Z","MessageType":"ua-deltaframe","DataSetWriterName":"<<UnknownDataSet>>","Payload":{"nsu=http://opcfoundation.org/UA/Plc/Applications;s=BadFastUIntScalar1":{"Value":7,"SourceTimestamp":"2024-04-27T14:47:22.5782348Z","ServerTimestamp":"2024-04-27T14:47:22.5782587Z"},"nsu=http://opcfoundation.org/UA/Plc/Applications;s=BadFastRandomUIntScalar1":{"Value":914804022,"SourceTimestamp":"2024-04-27T14:47:22.5782484Z","ServerTimestamp":"2024-04-27T14:47:22.5782817Z"},"nsu=http://opcfoundation.org/UA/Plc/Applications;s=Special_\"!§$%&/()=?`´\\+~*'#_-:.;,<>|@^°€µ{[]}":{"Value":57,"SourceTimestamp":"2024-04-27T14:47:22.5782835Z","ServerTimestamp":"2024-04-27T14:47:22.5782932Z"}}}]