[{"SequenceNumber":91,"MetaDataVersion":{"MajorVersion":1},"Timestamp":"2024-04-27T14:47:56.6377866Z","MessageType":"ua-deltaframe","DataSetWriterName":"<<UnknownDataSet>>","Payload":{"nsu=http://opcfoundation.org/UA/Plc/Applications;s=BadFastUIntScalar1":{"Value":1,"SourceTimestamp":"2024-04-27T14:47:56.5756493Z","ServerTimestamp":"2024-04-27T14:47:56.5756516Z"},"nsu=http://opcfoundation.org/UA/Plc/Applications;s=BadFastRandomUIntScalar1":{"Value":2640803254,"SourceTimestamp":"2024-04-27T14:47:56.5756584Z","ServerTimestamp":"2024-04-27T14:47:56.5756599Z"},"nsu=http://opcfoundation.org/UA/Plc/Applications;s=Special_\"!§$%&/()=?`´\\+~*'#_-:.;,<>|@^°€µ{[]}":{"Value":91,"SourceTimestamp":"2024-04-27T14:47:56.5756726Z","ServerTimestamp":"2024-04-27T14:47:56.5756735Z"}}}]