{"NodeId":"nsu=http://opcfoundation.org/UA/Plc/Applications;s=FastRandomUIntScalar1","EndpointUrl":"opc.tcp://localhost:61457/UA/SampleServer","ApplicationUri":"urn:desktop-bgfjs91:OPCFoundation:CoreSampleServer","DisplayName":"nsu=http://opcfoundation.org/UA/Plc/Applications;s=FastRandomUIntScalar1","Timestamp":"2024-04-27T14:30:25.4659392Z","Value":{"Value":{"Type":7,"Body":3933488862},"SourceTimestamp":"2024-04-27T14:30:24.5856894Z","ServerTimestamp":"2024-04-27T14:30:24.5856941Z"},"SequenceNumber":10,"ExtensionFields":{}}