{"NodeId":"nsu=http://opcfoundation.org/UA/Plc/Applications;s=SlowUIntScalar3","EndpointUrl":"opc.tcp://localhost:61457/UA/SampleServer","ApplicationUri":"urn:desktop-bgfjs91:OPCFoundation:CoreSampleServer","DisplayName":"nsu=http://opcfoundation.org/UA/Plc/Applications;s=SlowUIntScalar3","Timestamp":"2024-04-27T14:30:34.5071512Z","Value":{"Value":{"Type":7,"Body":1},"SourceTimestamp":"2024-04-27T14:30:33.5892706Z","ServerTimestamp":"2024-04-27T14:30:33.5892711Z"},"SequenceNumber":3,"ExtensionFields":{}}