{"NodeId":"nsu=http://opcfoundation.org/UA/Plc/Applications;s=SlowRandomUIntScalar1","EndpointUrl":"opc.tcp://localhost:61457/UA/SampleServer","ApplicationUri":"urn:desktop-bgfjs91:OPCFoundation:CoreSampleServer","DisplayName":"nsu=http://opcfoundation.org/UA/Plc/Applications;s=SlowRandomUIntScalar1","Timestamp":"2024-04-27T14:30:34.5071512Z","Value":{"Value":{"Type":7,"Body":1257344761},"SourceTimestamp":"2024-04-27T14:30:33.5892998Z","ServerTimestamp":"2024-04-27T14:30:33.5893079Z"},"SequenceNumber":5,"ExtensionFields":{}}