{"NodeId":"nsu=http://opcfoundation.org/UA/Plc/Applications;s=SlowRandomUIntScalar3","EndpointUrl":"opc.tcp://localhost:61457/UA/SampleServer","ApplicationUri":"urn:desktop-bgfjs91:OPCFoundation:CoreSampleServer","DisplayName":"nsu=http://opcfoundation.org/UA/Plc/Applications;s=SlowRandomUIntScalar3","Timestamp":"2024-04-27T14:30:34.5071512Z","Value":{"Value":{"Type":7,"Body":177980597},"SourceTimestamp":"2024-04-27T14:30:33.5893134Z","ServerTimestamp":"2024-04-27T14:30:33.5893148Z"},"SequenceNumber":7,"ExtensionFields":{}}