{"NodeId":"nsu=http://opcfoundation.org/UA/Plc/Applications;s=BadSlowRandomUIntScalar1","EndpointUrl":"opc.tcp://localhost:61457/UA/SampleServer","ApplicationUri":"urn:desktop-bgfjs91:OPCFoundation:CoreSampleServer","DisplayName":"nsu=http://opcfoundation.org/UA/Plc/Applications;s=BadSlowRandomUIntScalar1","Timestamp":"2024-04-27T14:30:34.5071512Z","Value":{"Value":{"Type":7,"Body":3611299974},"SourceTimestamp":"2024-04-27T14:30:33.5893198Z","ServerTimestamp":"2024-04-27T14:30:33.58932Z"},"SequenceNumber":8,"ExtensionFields":{}}