{"NodeId":"nsu=http://opcfoundation.org/UA/Plc/Applications;s=FastRandomUIntScalar3","EndpointUrl":"opc.tcp://localhost:61457/UA/SampleServer","ApplicationUri":"urn:desktop-bgfjs91:OPCFoundation:CoreSampleServer","DisplayName":"nsu=http://opcfoundation.org/UA/Plc/Applications;s=FastRandomUIntScalar3","Timestamp":"2024-04-27T14:30:25.4659392Z","Value":{"Value":{"Type":7,"Body":2280691764},"SourceTimestamp":"2024-04-27T14:30:24.5857004Z","ServerTimestamp":"2024-04-27T14:30:24.5857023Z"},"SequenceNumber":12,"ExtensionFields":{}}