{"NodeId":"nsu=http://opcfoundation.org/UA/Plc/Applications;s=RandomUnsignedInt32","EndpointUrl":"opc.tcp://localhost:61457/UA/SampleServer","ApplicationUri":"urn:desktop-bgfjs91:OPCFoundation:CoreSampleServer","DisplayName":"nsu=http://opcfoundation.org/UA/Plc/Applications;s=RandomUnsignedInt32","Timestamp":"2024-04-27T14:30:37.474177Z","Value":{"Value":{"Type":7,"Body":977200977},"SourceTimestamp":"2024-04-27T14:30:37.3975589Z","ServerTimestamp":"2024-04-27T14:30:37.3975704Z"},"SequenceNumber":120,"ExtensionFields":{}}