{"NodeId":"nsu=http://opcfoundation.org/UA/Plc/Applications;s=RandomUnsignedInt32","EndpointUrl":"opc.tcp://localhost:61457/UA/SampleServer","ApplicationUri":"urn:desktop-bgfjs91:OPCFoundation:CoreSampleServer","DisplayName":"nsu=http://opcfoundation.org/UA/Plc/Applications;s=RandomUnsignedInt32","Timestamp":"2024-04-27T14:30:38.4681781Z","Value":{"Value":{"Type":7,"Body":1709081584},"SourceTimestamp":"2024-04-27T14:30:38.3884641Z","ServerTimestamp":"2024-04-27T14:30:38.3884728Z"},"SequenceNumber":131,"ExtensionFields":{}}