{"NodeId":"nsu=http://opcfoundation.org/UA/Plc/Applications;s=FastRandomUIntScalar3","EndpointUrl":"opc.tcp://localhost:61457/UA/SampleServer","ApplicationUri":"urn:desktop-bgfjs91:OPCFoundation:CoreSampleServer","DisplayName":"nsu=http://opcfoundation.org/UA/Plc/Applications;s=FastRandomUIntScalar3","Timestamp":"2024-04-27T14:30:38.4681781Z","Value":{"Value":{"Type":7,"Body":2427971984},"SourceTimestamp":"2024-04-27T14:30:37.5834897Z","ServerTimestamp":"2024-04-27T14:30:37.5834918Z"},"SequenceNumber":138,"ExtensionFields":{}}