{"NodeId":"nsu=http://opcfoundation.org/UA/Plc/Applications;s=SpikeData","EndpointUrl":"opc.tcp://localhost:61457/UA/SampleServer","ApplicationUri":"urn:desktop-bgfjs91:OPCFoundation:CoreSampleServer","DisplayName":"nsu=http://opcfoundation.org/UA/Plc/Applications;s=SpikeData","Timestamp":"2024-04-27T14:30:25.4659392Z","Value":{"Value":{"Type":11,"Body":-84.432792550201526},"SourceTimestamp":"2024-04-27T14:30:25.3879515Z","ServerTimestamp":"2024-04-27T14:30:25.3879879Z"},"SequenceNumber":15,"ExtensionFields":{}}