{"NodeId":"nsu=http://opcfoundation.org/UA/Plc/Applications;s=RandomSignedInt32","EndpointUrl":"opc.tcp://localhost:61457/UA/SampleServer","ApplicationUri":"urn:desktop-bgfjs91:OPCFoundation:CoreSampleServer","DisplayName":"nsu=http://opcfoundation.org/UA/Plc/Applications;s=RandomSignedInt32","Timestamp":"2024-04-27T14:30:39.4584757Z","Value":{"Value":{"Type":6,"Body":-1620809401},"SourceTimestamp":"2024-04-27T14:30:39.3950915Z","ServerTimestamp":"2024-04-27T14:30:39.3950969Z"},"SequenceNumber":142,"ExtensionFields":{}}