{"NodeId":"nsu=http://opcfoundation.org/UA/Plc/Applications;s=RandomUnsignedInt32","EndpointUrl":"opc.tcp://localhost:61457/UA/SampleServer","ApplicationUri":"urn:desktop-bgfjs91:OPCFoundation:CoreSampleServer","DisplayName":"nsu=http://opcfoundation.org/UA/Plc/Applications;s=RandomUnsignedInt32","Timestamp":"2024-04-27T14:30:39.4584757Z","Value":{"Value":{"Type":7,"Body":1477765407},"SourceTimestamp":"2024-04-27T14:30:39.3950677Z","ServerTimestamp":"2024-04-27T14:30:39.3950756Z"},"SequenceNumber":143,"ExtensionFields":{}}