{"NodeId":"nsu=http://opcfoundation.org/UA/Plc/Applications;s=FastRandomUIntScalar3","EndpointUrl":"opc.tcp://localhost:61457/UA/SampleServer","ApplicationUri":"urn:desktop-bgfjs91:OPCFoundation:CoreSampleServer","DisplayName":"nsu=http://opcfoundation.org/UA/Plc/Applications;s=FastRandomUIntScalar3","Timestamp":"2024-04-27T14:30:39.4584757Z","Value":{"Value":{"Type":7,"Body":158794755},"SourceTimestamp":"2024-04-27T14:30:38.5911165Z","ServerTimestamp":"2024-04-27T14:30:38.5911171Z"},"SequenceNumber":150,"ExtensionFields":{}}