{"NodeId":"nsu=http://opcfoundation.org/UA/Plc/Applications;s=FastUIntScalar1","EndpointUrl":"opc.tcp://localhost:61457/UA/SampleServer","ApplicationUri":"urn:desktop-bgfjs91:OPCFoundation:CoreSampleServer","DisplayName":"nsu=http://opcfoundation.org/UA/Plc/Applications;s=FastUIntScalar1","Timestamp":"2024-04-27T14:30:40.4515479Z","Value":{"Value":{"Type":7,"Body":16},"SourceTimestamp":"2024-04-27T14:30:39.5844792Z","ServerTimestamp":"2024-04-27T14:30:39.5844841Z"},"SequenceNumber":157,"ExtensionFields":{}}