{"NodeId":"nsu=http://opcfoundation.org/UA/Plc/Applications;s=RandomSignedInt32","EndpointUrl":"opc.tcp://localhost:61457/UA/SampleServer","ApplicationUri":"urn:desktop-bgfjs91:OPCFoundation:CoreSampleServer","DisplayName":"nsu=http://opcfoundation.org/UA/Plc/Applications;s=RandomSignedInt32","Timestamp":"2024-04-27T14:30:26.4598486Z","Value":{"Value":{"Type":6,"Body":1878578327},"SourceTimestamp":"2024-04-27T14:30:26.3977612Z","ServerTimestamp":"2024-04-27T14:30:26.3977652Z"},"SequenceNumber":17,"ExtensionFields":{}}