{"NodeId":"nsu=http://opcfoundation.org/UA/Plc/Applications;s=RandomSignedInt32","EndpointUrl":"opc.tcp://localhost:61457/UA/SampleServer","ApplicationUri":"urn:desktop-bgfjs91:OPCFoundation:CoreSampleServer","DisplayName":"nsu=http://opcfoundation.org/UA/Plc/Applications;s=RandomSignedInt32","Timestamp":"2024-04-27T14:30:41.4393961Z","Value":{"Value":{"Type":6,"Body":-1631229749},"SourceTimestamp":"2024-04-27T14:30:41.3927944Z","ServerTimestamp":"2024-04-27T14:30:41.3927974Z"},"SequenceNumber":165,"ExtensionFields":{}}