{"NodeId":"nsu=http://opcfoundation.org/UA/Plc/Applications;s=RandomUnsignedInt32","EndpointUrl":"opc.tcp://localhost:61457/UA/SampleServer","ApplicationUri":"urn:desktop-bgfjs91:OPCFoundation:CoreSampleServer","DisplayName":"nsu=http://opcfoundation.org/UA/Plc/Applications;s=RandomUnsignedInt32","Timestamp":"2024-04-27T14:30:41.4393961Z","Value":{"Value":{"Type":7,"Body":1994729568},"SourceTimestamp":"2024-04-27T14:30:41.3927434Z","ServerTimestamp":"2024-04-27T14:30:41.3927473Z"},"SequenceNumber":166,"ExtensionFields":{}}