{"NodeId":"nsu=http://opcfoundation.org/UA/Plc/Applications;s=RandomUnsignedInt32","EndpointUrl":"opc.tcp://localhost:61457/UA/SampleServer","ApplicationUri":"urn:desktop-bgfjs91:OPCFoundation:CoreSampleServer","DisplayName":"nsu=http://opcfoundation.org/UA/Plc/Applications;s=RandomUnsignedInt32","Timestamp":"2024-04-27T14:30:26.4598486Z","Value":{"Value":{"Type":7,"Body":305744930},"SourceTimestamp":"2024-04-27T14:30:26.3977441Z","ServerTimestamp":"2024-04-27T14:30:26.3977468Z"},"SequenceNumber":18,"ExtensionFields":{}}