{"NodeId":"nsu=http://opcfoundation.org/UA/Plc/Applications;s=FastRandomUIntScalar3","EndpointUrl":"opc.tcp://localhost:61457/UA/SampleServer","ApplicationUri":"urn:desktop-bgfjs91:OPCFoundation:CoreSampleServer","DisplayName":"nsu=http://opcfoundation.org/UA/Plc/Applications;s=FastRandomUIntScalar3","Timestamp":"2024-04-27T14:30:41.4393961Z","Value":{"Value":{"Type":7,"Body":2649894029},"SourceTimestamp":"2024-04-27T14:30:40.5932477Z","ServerTimestamp":"2024-04-27T14:30:40.5932491Z"},"SequenceNumber":173,"ExtensionFields":{}}