{"NodeId":"nsu=http://opcfoundation.org/UA/Plc/Applications;s=RandomUnsignedInt32","EndpointUrl":"opc.tcp://localhost:61457/UA/SampleServer","ApplicationUri":"urn:desktop-bgfjs91:OPCFoundation:CoreSampleServer","DisplayName":"nsu=http://opcfoundation.org/UA/Plc/Applications;s=RandomUnsignedInt32","Timestamp":"2024-04-27T14:30:43.4172005Z","Value":{"Value":{"Type":7,"Body":419900475},"SourceTimestamp":"2024-04-27T14:30:43.385878Z","ServerTimestamp":"2024-04-27T14:30:43.3858895Z"},"SequenceNumber":177,"ExtensionFields":{}}