{"NodeId":"nsu=http://opcfoundation.org/UA/Plc/Applications;s=FastUIntScalar2","EndpointUrl":"opc.tcp://localhost:61457/UA/SampleServer","ApplicationUri":"urn:desktop-bgfjs91:OPCFoundation:CoreSampleServer","DisplayName":"nsu=http://opcfoundation.org/UA/Plc/Applications;s=FastUIntScalar2","Timestamp":"2024-04-27T14:30:43.4172005Z","Value":{"Value":{"Type":7,"Body":19},"SourceTimestamp":"2024-04-27T14:30:42.5978084Z","ServerTimestamp":"2024-04-27T14:30:42.597809Z"},"SequenceNumber":180,"ExtensionFields":{}}