{"NodeId":"nsu=http://opcfoundation.org/UA/Plc/Applications;s=RandomSignedInt32","EndpointUrl":"opc.tcp://localhost:61457/UA/SampleServer","ApplicationUri":"urn:desktop-bgfjs91:OPCFoundation:CoreSampleServer","DisplayName":"nsu=http://opcfoundation.org/UA/Plc/Applications;s=RandomSignedInt32","Timestamp":"2024-04-27T14:30:44.4720843Z","Value":{"Value":{"Type":6,"Body":190389499},"SourceTimestamp":"2024-04-27T14:30:44.3925364Z","ServerTimestamp":"2024-04-27T14:30:44.3925401Z"},"SequenceNumber":188,"ExtensionFields":{}}