{"NodeId":"nsu=http://opcfoundation.org/UA/Plc/Applications;s=DipData","EndpointUrl":"opc.tcp://localhost:61457/UA/SampleServer","ApplicationUri":"urn:desktop-bgfjs91:OPCFoundation:CoreSampleServer","DisplayName":"nsu=http://opcfoundation.org/UA/Plc/Applications;s=DipData","Timestamp":"2024-04-27T14:30:44.4720843Z","Value":{"Value":{"Type":11,"Body":-77.0513242775789},"SourceTimestamp":"2024-04-27T14:30:44.3925354Z","ServerTimestamp":"2024-04-27T14:30:44.392537Z"},"SequenceNumber":190,"ExtensionFields":{}}