{"NodeId":"nsu=http://opcfoundation.org/UA/Plc/Applications;s=FastRandomUIntScalar3","EndpointUrl":"opc.tcp://localhost:61457/UA/SampleServer","ApplicationUri":"urn:desktop-bgfjs91:OPCFoundation:CoreSampleServer","DisplayName":"nsu=http://opcfoundation.org/UA/Plc/Applications;s=FastRandomUIntScalar3","Timestamp":"2024-04-27T14:30:44.4720843Z","Value":{"Value":{"Type":7,"Body":4062788065},"SourceTimestamp":"2024-04-27T14:30:43.5873859Z","ServerTimestamp":"2024-04-27T14:30:43.587387Z"},"SequenceNumber":196,"ExtensionFields":{}}