{"NodeId":"nsu=http://opcfoundation.org/UA/Plc/Applications;s=SlowUIntScalar1","EndpointUrl":"opc.tcp://localhost:61457/UA/SampleServer","ApplicationUri":"urn:desktop-bgfjs91:OPCFoundation:CoreSampleServer","DisplayName":"nsu=http://opcfoundation.org/UA/Plc/Applications;s=SlowUIntScalar1","Timestamp":"2024-04-27T14:30:44.5351966Z","Value":{"Value":{"Type":7,"Body":2},"SourceTimestamp":"2024-04-27T14:30:43.5872479Z","ServerTimestamp":"2024-04-27T14:30:43.5872523Z"},"SequenceNumber":9,"ExtensionFields":{}}