{"NodeId":"nsu=http://opcfoundation.org/UA/Plc/Applications;s=SlowUIntScalar2","EndpointUrl":"opc.tcp://localhost:61457/UA/SampleServer","ApplicationUri":"urn:desktop-bgfjs91:OPCFoundation:CoreSampleServer","DisplayName":"nsu=http://opcfoundation.org/UA/Plc/Applications;s=SlowUIntScalar2","Timestamp":"2024-04-27T14:30:44.5351966Z","Value":{"Value":{"Type":7,"Body":2},"SourceTimestamp":"2024-04-27T14:30:43.5872843Z","ServerTimestamp":"2024-04-27T14:30:43.5872854Z"},"SequenceNumber":10,"ExtensionFields":{}}