{"NodeId":"nsu=http://opcfoundation.org/UA/Plc/Applications;s=SlowRandomUIntScalar2","EndpointUrl":"opc.tcp://localhost:61457/UA/SampleServer","ApplicationUri":"urn:desktop-bgfjs91:OPCFoundation:CoreSampleServer","DisplayName":"nsu=http://opcfoundation.org/UA/Plc/Applications;s=SlowRandomUIntScalar2","Timestamp":"2024-04-27T14:30:44.5351966Z","Value":{"Value":{"Type":7,"Body":1609247029},"SourceTimestamp":"2024-04-27T14:30:43.5873283Z","ServerTimestamp":"2024-04-27T14:30:43.5873294Z"},"SequenceNumber":14,"ExtensionFields":{}}