{"NodeId":"nsu=http://opcfoundation.org/UA/Plc/Applications;s=RandomUnsignedInt32","EndpointUrl":"opc.tcp://localhost:61457/UA/SampleServer","ApplicationUri":"urn:desktop-bgfjs91:OPCFoundation:CoreSampleServer","DisplayName":"nsu=http://opcfoundation.org/UA/Plc/Applications;s=RandomUnsignedInt32","Timestamp":"2024-04-27T14:30:45.465096Z","Value":{"Value":{"Type":7,"Body":1556380845},"SourceTimestamp":"2024-04-27T14:30:45.3891694Z","ServerTimestamp":"2024-04-27T14:30:45.3891864Z"},"SequenceNumber":201,"ExtensionFields":{}}