{"NodeId":"nsu=http://opcfoundation.org/UA/Plc/Applications;s=FastUIntScalar3","EndpointUrl":"opc.tcp://localhost:61457/UA/SampleServer","ApplicationUri":"urn:desktop-bgfjs91:OPCFoundation:CoreSampleServer","DisplayName":"nsu=http://opcfoundation.org/UA/Plc/Applications;s=FastUIntScalar3","Timestamp":"2024-04-27T14:30:26.4598486Z","Value":{"Value":{"Type":7,"Body":2},"SourceTimestamp":"2024-04-27T14:30:25.5884605Z","ServerTimestamp":"2024-04-27T14:30:25.5884612Z"},"SequenceNumber":22,"ExtensionFields":{}}