{"NodeId":"nsu=http://opcfoundation.org/UA/Plc/Applications;s=FastUIntScalar3","EndpointUrl":"opc.tcp://localhost:61457/UA/SampleServer","ApplicationUri":"urn:desktop-bgfjs91:OPCFoundation:CoreSampleServer","DisplayName":"nsu=http://opcfoundation.org/UA/Plc/Applications;s=FastUIntScalar3","Timestamp":"2024-04-27T14:30:45.465096Z","Value":{"Value":{"Type":7,"Body":21},"SourceTimestamp":"2024-04-27T14:30:44.5971197Z","ServerTimestamp":"2024-04-27T14:30:44.5971217Z"},"SequenceNumber":205,"ExtensionFields":{}}