{"NodeId":"nsu=http://opcfoundation.org/UA/Plc/Applications;s=FastRandomUIntScalar2","EndpointUrl":"opc.tcp://localhost:61457/UA/SampleServer","ApplicationUri":"urn:desktop-bgfjs91:OPCFoundation:CoreSampleServer","DisplayName":"nsu=http://opcfoundation.org/UA/Plc/Applications;s=FastRandomUIntScalar2","Timestamp":"2024-04-27T14:30:45.465096Z","Value":{"Value":{"Type":7,"Body":2238107464},"SourceTimestamp":"2024-04-27T14:30:44.5971193Z","ServerTimestamp":"2024-04-27T14:30:44.5971202Z"},"SequenceNumber":207,"ExtensionFields":{}}