{"NodeId":"nsu=http://opcfoundation.org/UA/Plc/Applications;s=FastUIntScalar2","EndpointUrl":"opc.tcp://localhost:61457/UA/SampleServer","ApplicationUri":"urn:desktop-bgfjs91:OPCFoundation:CoreSampleServer","DisplayName":"nsu=http://opcfoundation.org/UA/Plc/Applications;s=FastUIntScalar2","Timestamp":"2024-04-27T14:30:46.4571476Z","Value":{"Value":{"Type":7,"Body":22},"SourceTimestamp":"2024-04-27T14:30:45.5883813Z","ServerTimestamp":"2024-04-27T14:30:45.5883823Z"},"SequenceNumber":215,"ExtensionFields":{}}