{"NodeId":"nsu=http://opcfoundation.org/UA/Plc/Applications;s=FastRandomUIntScalar1","EndpointUrl":"opc.tcp://localhost:61457/UA/SampleServer","ApplicationUri":"urn:desktop-bgfjs91:OPCFoundation:CoreSampleServer","DisplayName":"nsu=http://opcfoundation.org/UA/Plc/Applications;s=FastRandomUIntScalar1","Timestamp":"2024-04-27T14:30:46.4571476Z","Value":{"Value":{"Type":7,"Body":2980852477},"SourceTimestamp":"2024-04-27T14:30:45.5884066Z","ServerTimestamp":"2024-04-27T14:30:45.5884099Z"},"SequenceNumber":217,"ExtensionFields":{}}