{"NodeId":"nsu=http://opcfoundation.org/UA/Plc/Applications;s=RandomUnsignedInt32","EndpointUrl":"opc.tcp://localhost:61457/UA/SampleServer","ApplicationUri":"urn:desktop-bgfjs91:OPCFoundation:CoreSampleServer","DisplayName":"nsu=http://opcfoundation.org/UA/Plc/Applications;s=RandomUnsignedInt32","Timestamp":"2024-04-27T14:30:47.450757Z","Value":{"Value":{"Type":7,"Body":2096898329},"SourceTimestamp":"2024-04-27T14:30:47.3879444Z","ServerTimestamp":"2024-04-27T14:30:47.387948Z"},"SequenceNumber":223,"ExtensionFields":{}}