{"NodeId":"nsu=http://opcfoundation.org/UA/Plc/Applications;s=FastRandomUIntScalar3","EndpointUrl":"opc.tcp://localhost:61457/UA/SampleServer","ApplicationUri":"urn:desktop-bgfjs91:OPCFoundation:CoreSampleServer","DisplayName":"nsu=http://opcfoundation.org/UA/Plc/Applications;s=FastRandomUIntScalar3","Timestamp":"2024-04-27T14:30:47.450757Z","Value":{"Value":{"Type":7,"Body":1086383567},"SourceTimestamp":"2024-04-27T14:30:46.5975559Z","ServerTimestamp":"2024-04-27T14:30:46.5975654Z"},"SequenceNumber":230,"ExtensionFields":{}}