{"NodeId":"nsu=http://opcfoundation.org/UA/Plc/Applications;s=RandomUnsignedInt32","EndpointUrl":"opc.tcp://localhost:61457/UA/SampleServer","ApplicationUri":"urn:desktop-bgfjs91:OPCFoundation:CoreSampleServer","DisplayName":"nsu=http://opcfoundation.org/UA/Plc/Applications;s=RandomUnsignedInt32","Timestamp":"2024-04-27T14:30:48.4431922Z","Value":{"Value":{"Type":7,"Body":812155682},"SourceTimestamp":"2024-04-27T14:30:48.3955923Z","ServerTimestamp":"2024-04-27T14:30:48.3956006Z"},"SequenceNumber":234,"ExtensionFields":{}}