{"NodeId":"nsu=http://opcfoundation.org/UA/Plc/Applications;s=FastRandomUIntScalar2","EndpointUrl":"opc.tcp://localhost:61457/UA/SampleServer","ApplicationUri":"urn:desktop-bgfjs91:OPCFoundation:CoreSampleServer","DisplayName":"nsu=http://opcfoundation.org/UA/Plc/Applications;s=FastRandomUIntScalar2","Timestamp":"2024-04-27T14:30:48.4431922Z","Value":{"Value":{"Type":7,"Body":4021405505},"SourceTimestamp":"2024-04-27T14:30:47.5907006Z","ServerTimestamp":"2024-04-27T14:30:47.5907025Z"},"SequenceNumber":240,"ExtensionFields":{}}