{"NodeId":"nsu=http://opcfoundation.org/UA/Plc/Applications;s=RandomUnsignedInt32","EndpointUrl":"opc.tcp://localhost:61457/UA/SampleServer","ApplicationUri":"urn:desktop-bgfjs91:OPCFoundation:CoreSampleServer","DisplayName":"nsu=http://opcfoundation.org/UA/Plc/Applications;s=RandomUnsignedInt32","Timestamp":"2024-04-27T14:30:50.4211503Z","Value":{"Value":{"Type":7,"Body":493821132},"SourceTimestamp":"2024-04-27T14:30:50.3898856Z","ServerTimestamp":"2024-04-27T14:30:50.389889Z"},"SequenceNumber":247,"ExtensionFields":{}}