{"NodeId":"nsu=http://opcfoundation.org/UA/Plc/Applications;s=FastUIntScalar3","EndpointUrl":"opc.tcp://localhost:61457/UA/SampleServer","ApplicationUri":"urn:desktop-bgfjs91:OPCFoundation:CoreSampleServer","DisplayName":"nsu=http://opcfoundation.org/UA/Plc/Applications;s=FastUIntScalar3","Timestamp":"2024-04-27T14:30:51.4680027Z","Value":{"Value":{"Type":7,"Body":27},"SourceTimestamp":"2024-04-27T14:30:50.5909146Z","ServerTimestamp":"2024-04-27T14:30:50.5909153Z"},"SequenceNumber":262,"ExtensionFields":{}}