{"NodeId":"nsu=http://opcfoundation.org/UA/Plc/Applications;s=RandomSignedInt32","EndpointUrl":"opc.tcp://localhost:61457/UA/SampleServer","ApplicationUri":"urn:desktop-bgfjs91:OPCFoundation:CoreSampleServer","DisplayName":"nsu=http://opcfoundation.org/UA/Plc/Applications;s=RandomSignedInt32","Timestamp":"2024-04-27T14:30:27.4523364Z","Value":{"Value":{"Type":6,"Body":-1202638640},"SourceTimestamp":"2024-04-27T14:30:27.389279Z","ServerTimestamp":"2024-04-27T14:30:27.3892847Z"},"SequenceNumber":28,"ExtensionFields":{}}