{"NodeId":"nsu=http://opcfoundation.org/UA/Plc/Applications;s=FastRandomUIntScalar3","EndpointUrl":"opc.tcp://localhost:61457/UA/SampleServer","ApplicationUri":"urn:desktop-bgfjs91:OPCFoundation:CoreSampleServer","DisplayName":"nsu=http://opcfoundation.org/UA/Plc/Applications;s=FastRandomUIntScalar3","Timestamp":"2024-04-27T14:30:51.4680027Z","Value":{"Value":{"Type":7,"Body":2264452354},"SourceTimestamp":"2024-04-27T14:30:50.590967Z","ServerTimestamp":"2024-04-27T14:30:50.5909673Z"},"SequenceNumber":265,"ExtensionFields":{}}