{"NodeId":"nsu=http://opcfoundation.org/UA/Plc/Applications;s=RandomSignedInt32","EndpointUrl":"opc.tcp://localhost:61457/UA/SampleServer","ApplicationUri":"urn:desktop-bgfjs91:OPCFoundation:CoreSampleServer","DisplayName":"nsu=http://opcfoundation.org/UA/Plc/Applications;s=RandomSignedInt32","Timestamp":"2024-04-27T14:30:52.4570043Z","Value":{"Value":{"Type":6,"Body":1608214099},"SourceTimestamp":"2024-04-27T14:30:52.3934546Z","ServerTimestamp":"2024-04-27T14:30:52.3934574Z"},"SequenceNumber":268,"ExtensionFields":{}}