{"NodeId":"nsu=http://opcfoundation.org/UA/Plc/Applications;s=RandomUnsignedInt32","EndpointUrl":"opc.tcp://localhost:61457/UA/SampleServer","ApplicationUri":"urn:desktop-bgfjs91:OPCFoundation:CoreSampleServer","DisplayName":"nsu=http://opcfoundation.org/UA/Plc/Applications;s=RandomUnsignedInt32","Timestamp":"2024-04-27T14:30:52.4570043Z","Value":{"Value":{"Type":7,"Body":918833580},"SourceTimestamp":"2024-04-27T14:30:52.3934149Z","ServerTimestamp":"2024-04-27T14:30:52.3934183Z"},"SequenceNumber":269,"ExtensionFields":{}}