{"NodeId":"nsu=http://opcfoundation.org/UA/Plc/Applications;s=SpikeData","EndpointUrl":"opc.tcp://localhost:61457/UA/SampleServer","ApplicationUri":"urn:desktop-bgfjs91:OPCFoundation:CoreSampleServer","DisplayName":"nsu=http://opcfoundation.org/UA/Plc/Applications;s=SpikeData","Timestamp":"2024-04-27T14:30:52.4570043Z","Value":{"Value":{"Type":11,"Body":99.80267284282715},"SourceTimestamp":"2024-04-27T14:30:52.3933763Z","ServerTimestamp":"2024-04-27T14:30:52.3933803Z"},"SequenceNumber":277,"ExtensionFields":{}}