{"NodeId":"nsu=http://opcfoundation.org/UA/Plc/Applications;s=AlternatingBoolean","EndpointUrl":"opc.tcp://localhost:61457/UA/SampleServer","ApplicationUri":"urn:desktop-bgfjs91:OPCFoundation:CoreSampleServer","DisplayName":"nsu=http://opcfoundation.org/UA/Plc/Applications;s=AlternatingBoolean","Timestamp":"2024-04-27T14:30:54.4225388Z","Value":{"Value":{"Type":1,"Body":true},"SourceTimestamp":"2024-04-27T14:30:53.6953362Z","ServerTimestamp":"2024-04-27T14:30:53.6953374Z"},"SequenceNumber":279,"ExtensionFields":{}}