{"NodeId":"nsu=http://opcfoundation.org/UA/Plc/Applications;s=FastUIntScalar1","EndpointUrl":"opc.tcp://localhost:61457/UA/SampleServer","ApplicationUri":"urn:desktop-bgfjs91:OPCFoundation:CoreSampleServer","DisplayName":"nsu=http://opcfoundation.org/UA/Plc/Applications;s=FastUIntScalar1","Timestamp":"2024-04-27T14:30:27.4523364Z","Value":{"Value":{"Type":7,"Body":3},"SourceTimestamp":"2024-04-27T14:30:26.5848476Z","ServerTimestamp":"2024-04-27T14:30:26.5848507Z"},"SequenceNumber":31,"ExtensionFields":{}}