{"NodeId":"nsu=http://opcfoundation.org/UA/Plc/Applications;s=SlowRandomUIntScalar1","EndpointUrl":"opc.tcp://localhost:61457/UA/SampleServer","ApplicationUri":"urn:desktop-bgfjs91:OPCFoundation:CoreSampleServer","DisplayName":"nsu=http://opcfoundation.org/UA/Plc/Applications;s=SlowRandomUIntScalar1","Timestamp":"2024-04-27T14:30:54.5471896Z","Value":{"Value":{"Type":7,"Body":1807622351},"SourceTimestamp":"2024-04-27T14:30:53.5854874Z","ServerTimestamp":"2024-04-27T14:30:53.5854962Z"},"SequenceNumber":21,"ExtensionFields":{}}