{"NodeId":"nsu=http://opcfoundation.org/UA/Plc/Applications;s=RandomSignedInt32","EndpointUrl":"opc.tcp://localhost:61457/UA/SampleServer","ApplicationUri":"urn:desktop-bgfjs91:OPCFoundation:CoreSampleServer","DisplayName":"nsu=http://opcfoundation.org/UA/Plc/Applications;s=RandomSignedInt32","Timestamp":"2024-04-27T14:30:55.4712446Z","Value":{"Value":{"Type":6,"Body":1261763867},"SourceTimestamp":"2024-04-27T14:30:55.3951355Z","ServerTimestamp":"2024-04-27T14:30:55.3951429Z"},"SequenceNumber":292,"ExtensionFields":{}}