{"NodeId":"nsu=http://opcfoundation.org/UA/Plc/Applications;s=FastRandomUIntScalar1","EndpointUrl":"opc.tcp://localhost:61457/UA/SampleServer","ApplicationUri":"urn:desktop-bgfjs91:OPCFoundation:CoreSampleServer","DisplayName":"nsu=http://opcfoundation.org/UA/Plc/Applications;s=FastRandomUIntScalar1","Timestamp":"2024-04-27T14:30:55.4712446Z","Value":{"Value":{"Type":7,"Body":1527390574},"SourceTimestamp":"2024-04-27T14:30:54.5924485Z","ServerTimestamp":"2024-04-27T14:30:54.5924495Z"},"SequenceNumber":298,"ExtensionFields":{}}