{"NodeId":"nsu=http://opcfoundation.org/UA/Plc/Applications;s=FastRandomUIntScalar2","EndpointUrl":"opc.tcp://localhost:61457/UA/SampleServer","ApplicationUri":"urn:desktop-bgfjs91:OPCFoundation:CoreSampleServer","DisplayName":"nsu=http://opcfoundation.org/UA/Plc/Applications;s=FastRandomUIntScalar2","Timestamp":"2024-04-27T14:30:56.4665202Z","Value":{"Value":{"Type":7,"Body":1049660731},"SourceTimestamp":"2024-04-27T14:30:55.5941834Z","ServerTimestamp":"2024-04-27T14:30:55.5941924Z"},"SequenceNumber":310,"ExtensionFields":{}}