{"NodeId":"nsu=http://opcfoundation.org/UA/Plc/Applications;s=FastRandomUIntScalar3","EndpointUrl":"opc.tcp://localhost:61457/UA/SampleServer","ApplicationUri":"urn:desktop-bgfjs91:OPCFoundation:CoreSampleServer","DisplayName":"nsu=http://opcfoundation.org/UA/Plc/Applications;s=FastRandomUIntScalar3","Timestamp":"2024-04-27T14:30:56.4665202Z","Value":{"Value":{"Type":7,"Body":2527369535},"SourceTimestamp":"2024-04-27T14:30:55.5941944Z","ServerTimestamp":"2024-04-27T14:30:55.5941956Z"},"SequenceNumber":311,"ExtensionFields":{}}