{"NodeId":"nsu=http://opcfoundation.org/UA/Plc/Applications;s=RandomSignedInt32","EndpointUrl":"opc.tcp://localhost:61457/UA/SampleServer","ApplicationUri":"urn:desktop-bgfjs91:OPCFoundation:CoreSampleServer","DisplayName":"nsu=http://opcfoundation.org/UA/Plc/Applications;s=RandomSignedInt32","Timestamp":"2024-04-27T14:30:57.460792Z","Value":{"Value":{"Type":6,"Body":1460066039},"SourceTimestamp":"2024-04-27T14:30:57.3987409Z","ServerTimestamp":"2024-04-27T14:30:57.3987422Z"},"SequenceNumber":314,"ExtensionFields":{}}