{"NodeId":"nsu=http://opcfoundation.org/UA/Plc/Applications;s=FastRandomUIntScalar1","EndpointUrl":"opc.tcp://localhost:61457/UA/SampleServer","ApplicationUri":"urn:desktop-bgfjs91:OPCFoundation:CoreSampleServer","DisplayName":"nsu=http://opcfoundation.org/UA/Plc/Applications;s=FastRandomUIntScalar1","Timestamp":"2024-04-27T14:30:57.460792Z","Value":{"Value":{"Type":7,"Body":2640980653},"SourceTimestamp":"2024-04-27T14:30:56.5908151Z","ServerTimestamp":"2024-04-27T14:30:56.5908164Z"},"SequenceNumber":320,"ExtensionFields":{}}