{"NodeId":"nsu=http://opcfoundation.org/UA/Plc/Applications;s=FastRandomUIntScalar2","EndpointUrl":"opc.tcp://localhost:61457/UA/SampleServer","ApplicationUri":"urn:desktop-bgfjs91:OPCFoundation:CoreSampleServer","DisplayName":"nsu=http://opcfoundation.org/UA/Plc/Applications;s=FastRandomUIntScalar2","Timestamp":"2024-04-27T14:30:57.460792Z","Value":{"Value":{"Type":7,"Body":2602481557},"SourceTimestamp":"2024-04-27T14:30:56.5908187Z","ServerTimestamp":"2024-04-27T14:30:56.5908202Z"},"SequenceNumber":321,"ExtensionFields":{}}