{"NodeId":"nsu=http://opcfoundation.org/UA/Plc/Applications;s=RandomSignedInt32","EndpointUrl":"opc.tcp://localhost:61457/UA/SampleServer","ApplicationUri":"urn:desktop-bgfjs91:OPCFoundation:CoreSampleServer","DisplayName":"nsu=http://opcfoundation.org/UA/Plc/Applications;s=RandomSignedInt32","Timestamp":"2024-04-27T14:30:59.4298336Z","Value":{"Value":{"Type":6,"Body":-1048805780},"SourceTimestamp":"2024-04-27T14:30:59.3987279Z","ServerTimestamp":"2024-04-27T14:30:59.3987287Z"},"SequenceNumber":326,"ExtensionFields":{}}