{"NodeId":"nsu=http://opcfoundation.org/UA/Plc/Applications;s=FastUIntScalar3","EndpointUrl":"opc.tcp://localhost:61457/UA/SampleServer","ApplicationUri":"urn:desktop-bgfjs91:OPCFoundation:CoreSampleServer","DisplayName":"nsu=http://opcfoundation.org/UA/Plc/Applications;s=FastUIntScalar3","Timestamp":"2024-04-27T14:31:00.423228Z","Value":{"Value":{"Type":7,"Body":36},"SourceTimestamp":"2024-04-27T14:30:59.5844703Z","ServerTimestamp":"2024-04-27T14:30:59.5844741Z"},"SequenceNumber":343,"ExtensionFields":{}}