{"NodeId":"nsu=http://opcfoundation.org/UA/Plc/Applications;s=SpikeData","EndpointUrl":"opc.tcp://localhost:61457/UA/SampleServer","ApplicationUri":"urn:desktop-bgfjs91:OPCFoundation:CoreSampleServer","DisplayName":"nsu=http://opcfoundation.org/UA/Plc/Applications;s=SpikeData","Timestamp":"2024-04-27T14:31:00.423228Z","Value":{"Value":{"Type":11,"Body":-84.432792550201526},"SourceTimestamp":"2024-04-27T14:31:00.3918922Z","ServerTimestamp":"2024-04-27T14:31:00.3918951Z"},"SequenceNumber":347,"ExtensionFields":{}}