{"NodeId":"nsu=http://opcfoundation.org/UA/Plc/Applications;s=DipData","EndpointUrl":"opc.tcp://localhost:61457/UA/SampleServer","ApplicationUri":"urn:desktop-bgfjs91:OPCFoundation:CoreSampleServer","DisplayName":"nsu=http://opcfoundation.org/UA/Plc/Applications;s=DipData","Timestamp":"2024-04-27T14:31:01.4163162Z","Value":{"Value":{"Type":11,"Body":24.868988716485482},"SourceTimestamp":"2024-04-27T14:31:01.384907Z","ServerTimestamp":"2024-04-27T14:31:01.3849099Z"},"SequenceNumber":351,"ExtensionFields":{}}