{"NodeId":"nsu=http://opcfoundation.org/UA/Plc/Applications;s=FastRandomUIntScalar2","EndpointUrl":"opc.tcp://localhost:61457/UA/SampleServer","ApplicationUri":"urn:desktop-bgfjs91:OPCFoundation:CoreSampleServer","DisplayName":"nsu=http://opcfoundation.org/UA/Plc/Applications;s=FastRandomUIntScalar2","Timestamp":"2024-04-27T14:31:01.4163162Z","Value":{"Value":{"Type":7,"Body":459481679},"SourceTimestamp":"2024-04-27T14:31:00.5936937Z","ServerTimestamp":"2024-04-27T14:31:00.5936965Z"},"SequenceNumber":356,"ExtensionFields":{}}