{"NodeId":"nsu=http://opcfoundation.org/UA/Plc/Applications;s=FastRandomUIntScalar3","EndpointUrl":"opc.tcp://localhost:61457/UA/SampleServer","ApplicationUri":"urn:desktop-bgfjs91:OPCFoundation:CoreSampleServer","DisplayName":"nsu=http://opcfoundation.org/UA/Plc/Applications;s=FastRandomUIntScalar3","Timestamp":"2024-04-27T14:31:01.4163162Z","Value":{"Value":{"Type":7,"Body":2826035223},"SourceTimestamp":"2024-04-27T14:31:00.5936996Z","ServerTimestamp":"2024-04-27T14:31:00.593701Z"},"SequenceNumber":357,"ExtensionFields":{}}