{"NodeId":"nsu=http://opcfoundation.org/UA/Plc/Applications;s=RandomUnsignedInt32","EndpointUrl":"opc.tcp://localhost:61457/UA/SampleServer","ApplicationUri":"urn:desktop-bgfjs91:OPCFoundation:CoreSampleServer","DisplayName":"nsu=http://opcfoundation.org/UA/Plc/Applications;s=RandomUnsignedInt32","Timestamp":"2024-04-27T14:31:02.4680818Z","Value":{"Value":{"Type":7,"Body":637776465},"SourceTimestamp":"2024-04-27T14:31:02.3893737Z","ServerTimestamp":"2024-04-27T14:31:02.3893887Z"},"SequenceNumber":361,"ExtensionFields":{}}