{"NodeId":"nsu=http://opcfoundation.org/UA/Plc/Applications;s=FastUIntScalar2","EndpointUrl":"opc.tcp://localhost:61457/UA/SampleServer","ApplicationUri":"urn:desktop-bgfjs91:OPCFoundation:CoreSampleServer","DisplayName":"nsu=http://opcfoundation.org/UA/Plc/Applications;s=FastUIntScalar2","Timestamp":"2024-04-27T14:31:02.4680818Z","Value":{"Value":{"Type":7,"Body":38},"SourceTimestamp":"2024-04-27T14:31:01.5846068Z","ServerTimestamp":"2024-04-27T14:31:01.5846187Z"},"SequenceNumber":364,"ExtensionFields":{}}