{"NodeId":"nsu=http://opcfoundation.org/UA/Plc/Applications;s=FastRandomUIntScalar2","EndpointUrl":"opc.tcp://localhost:61457/UA/SampleServer","ApplicationUri":"urn:desktop-bgfjs91:OPCFoundation:CoreSampleServer","DisplayName":"nsu=http://opcfoundation.org/UA/Plc/Applications;s=FastRandomUIntScalar2","Timestamp":"2024-04-27T14:31:02.4680818Z","Value":{"Value":{"Type":7,"Body":3985862583},"SourceTimestamp":"2024-04-27T14:31:01.584619Z","ServerTimestamp":"2024-04-27T14:31:01.5846211Z"},"SequenceNumber":367,"ExtensionFields":{}}