{"NodeId":"nsu=http://opcfoundation.org/UA/Plc/Applications;s=SpikeData","EndpointUrl":"opc.tcp://localhost:61457/UA/SampleServer","ApplicationUri":"urn:desktop-bgfjs91:OPCFoundation:CoreSampleServer","DisplayName":"nsu=http://opcfoundation.org/UA/Plc/Applications;s=SpikeData","Timestamp":"2024-04-27T14:31:02.4680818Z","Value":{"Value":{"Type":11,"Body":99.80267284282715},"SourceTimestamp":"2024-04-27T14:31:02.3893683Z","ServerTimestamp":"2024-04-27T14:31:02.389373Z"},"SequenceNumber":369,"ExtensionFields":{}}