{"NodeId":"nsu=http://opcfoundation.org/UA/Plc/Applications;s=RandomSignedInt32","EndpointUrl":"opc.tcp://localhost:61457/UA/SampleServer","ApplicationUri":"urn:desktop-bgfjs91:OPCFoundation:CoreSampleServer","DisplayName":"nsu=http://opcfoundation.org/UA/Plc/Applications;s=RandomSignedInt32","Timestamp":"2024-04-27T14:31:03.4566001Z","Value":{"Value":{"Type":6,"Body":-1622834632},"SourceTimestamp":"2024-04-27T14:31:03.395533Z","ServerTimestamp":"2024-04-27T14:31:03.3955349Z"},"SequenceNumber":371,"ExtensionFields":{}}