{"NodeId":"nsu=http://opcfoundation.org/UA/Plc/Applications;s=FastRandomUIntScalar2","EndpointUrl":"opc.tcp://localhost:61457/UA/SampleServer","ApplicationUri":"urn:desktop-bgfjs91:OPCFoundation:CoreSampleServer","DisplayName":"nsu=http://opcfoundation.org/UA/Plc/Applications;s=FastRandomUIntScalar2","Timestamp":"2024-04-27T14:31:03.4566001Z","Value":{"Value":{"Type":7,"Body":1166607522},"SourceTimestamp":"2024-04-27T14:31:02.5907607Z","ServerTimestamp":"2024-04-27T14:31:02.5907618Z"},"SequenceNumber":378,"ExtensionFields":{}}