{"NodeId":"nsu=http://opcfoundation.org/UA/Plc/Applications;s=FastRandomUIntScalar3","EndpointUrl":"opc.tcp://localhost:61457/UA/SampleServer","ApplicationUri":"urn:desktop-bgfjs91:OPCFoundation:CoreSampleServer","DisplayName":"nsu=http://opcfoundation.org/UA/Plc/Applications;s=FastRandomUIntScalar3","Timestamp":"2024-04-27T14:31:03.4566001Z","Value":{"Value":{"Type":7,"Body":265794626},"SourceTimestamp":"2024-04-27T14:31:02.590764Z","ServerTimestamp":"2024-04-27T14:31:02.5907645Z"},"SequenceNumber":379,"ExtensionFields":{}}