{"NodeId":"nsu=http://opcfoundation.org/UA/Plc/Applications;s=RandomSignedInt32","EndpointUrl":"opc.tcp://localhost:61457/UA/SampleServer","ApplicationUri":"urn:desktop-bgfjs91:OPCFoundation:CoreSampleServer","DisplayName":"nsu=http://opcfoundation.org/UA/Plc/Applications;s=RandomSignedInt32","Timestamp":"2024-04-27T14:31:04.4444942Z","Value":{"Value":{"Type":6,"Body":-555881503},"SourceTimestamp":"2024-04-27T14:31:04.3973788Z","ServerTimestamp":"2024-04-27T14:31:04.3973807Z"},"SequenceNumber":383,"ExtensionFields":{}}