{"NodeId":"nsu=http://opcfoundation.org/UA/Plc/Applications;s=FastUIntScalar1","EndpointUrl":"opc.tcp://localhost:61457/UA/SampleServer","ApplicationUri":"urn:desktop-bgfjs91:OPCFoundation:CoreSampleServer","DisplayName":"nsu=http://opcfoundation.org/UA/Plc/Applications;s=FastUIntScalar1","Timestamp":"2024-04-27T14:31:04.4444942Z","Value":{"Value":{"Type":7,"Body":40},"SourceTimestamp":"2024-04-27T14:31:03.5965075Z","ServerTimestamp":"2024-04-27T14:31:03.5965344Z"},"SequenceNumber":386,"ExtensionFields":{}}