{"NodeId":"nsu=http://opcfoundation.org/UA/Plc/Applications;s=SlowRandomUIntScalar3","EndpointUrl":"opc.tcp://localhost:61457/UA/SampleServer","ApplicationUri":"urn:desktop-bgfjs91:OPCFoundation:CoreSampleServer","DisplayName":"nsu=http://opcfoundation.org/UA/Plc/Applications;s=SlowRandomUIntScalar3","Timestamp":"2024-04-27T14:31:04.5058993Z","Value":{"Value":{"Type":7,"Body":1642419755},"SourceTimestamp":"2024-04-27T14:31:03.5965552Z","ServerTimestamp":"2024-04-27T14:31:03.5965744Z"},"SequenceNumber":31,"ExtensionFields":{}}