{"NodeId":"nsu=http://opcfoundation.org/UA/Plc/Applications;s=BadSlowRandomUIntScalar1","EndpointUrl":"opc.tcp://localhost:61457/UA/SampleServer","ApplicationUri":"urn:desktop-bgfjs91:OPCFoundation:CoreSampleServer","DisplayName":"nsu=http://opcfoundation.org/UA/Plc/Applications;s=BadSlowRandomUIntScalar1","Timestamp":"2024-04-27T14:31:04.5058993Z","Value":{"Value":{"Type":7,"Body":3958633917},"StatusCode":1083179008,"SourceTimestamp":"2024-04-27T14:31:03.5965775Z","ServerTimestamp":"2024-04-27T14:31:03.5965786Z"},"SequenceNumber":32,"ExtensionFields":{}}