{"NodeId":"nsu=http://opcfoundation.org/UA/Plc/Applications;s=RandomSignedInt32","EndpointUrl":"opc.tcp://localhost:61457/UA/SampleServer","ApplicationUri":"urn:desktop-bgfjs91:OPCFoundation:CoreSampleServer","DisplayName":"nsu=http://opcfoundation.org/UA/Plc/Applications;s=RandomSignedInt32","Timestamp":"2024-04-27T14:31:06.4247348Z","Value":{"Value":{"Type":6,"Body":-1567110414},"SourceTimestamp":"2024-04-27T14:31:06.3946335Z","ServerTimestamp":"2024-04-27T14:31:06.394638Z"},"SequenceNumber":395,"ExtensionFields":{}}