{"NodeId":"nsu=http://opcfoundation.org/UA/Plc/Applications;s=RandomUnsignedInt32","EndpointUrl":"opc.tcp://localhost:61457/UA/SampleServer","ApplicationUri":"urn:desktop-bgfjs91:OPCFoundation:CoreSampleServer","DisplayName":"nsu=http://opcfoundation.org/UA/Plc/Applications;s=RandomUnsignedInt32","Timestamp":"2024-04-27T14:31:07.4750014Z","Value":{"Value":{"Type":7,"Body":542269560},"SourceTimestamp":"2024-04-27T14:31:07.3960704Z","ServerTimestamp":"2024-04-27T14:31:07.3960736Z"},"SequenceNumber":407,"ExtensionFields":{}}