{"NodeId":"nsu=http://opcfoundation.org/UA/Plc/Applications;s=FastUIntScalar3","EndpointUrl":"opc.tcp://localhost:61457/UA/SampleServer","ApplicationUri":"urn:desktop-bgfjs91:OPCFoundation:CoreSampleServer","DisplayName":"nsu=http://opcfoundation.org/UA/Plc/Applications;s=FastUIntScalar3","Timestamp":"2024-04-27T14:31:07.4750014Z","Value":{"Value":{"Type":7,"Body":43},"SourceTimestamp":"2024-04-27T14:31:06.5936918Z","ServerTimestamp":"2024-04-27T14:31:06.5936924Z"},"SequenceNumber":411,"ExtensionFields":{}}