{"NodeId":"nsu=http://opcfoundation.org/UA/Plc/Applications;s=FastRandomUIntScalar1","EndpointUrl":"opc.tcp://localhost:61457/UA/SampleServer","ApplicationUri":"urn:desktop-bgfjs91:OPCFoundation:CoreSampleServer","DisplayName":"nsu=http://opcfoundation.org/UA/Plc/Applications;s=FastRandomUIntScalar1","Timestamp":"2024-04-27T14:31:07.4750014Z","Value":{"Value":{"Type":7,"Body":2686002782},"SourceTimestamp":"2024-04-27T14:31:06.5937101Z","ServerTimestamp":"2024-04-27T14:31:06.5937161Z"},"SequenceNumber":412,"ExtensionFields":{}}