{"NodeId":"nsu=http://opcfoundation.org/UA/Plc/Applications;s=FastRandomUIntScalar3","EndpointUrl":"opc.tcp://localhost:61457/UA/SampleServer","ApplicationUri":"urn:desktop-bgfjs91:OPCFoundation:CoreSampleServer","DisplayName":"nsu=http://opcfoundation.org/UA/Plc/Applications;s=FastRandomUIntScalar3","Timestamp":"2024-04-27T14:31:07.4750014Z","Value":{"Value":{"Type":7,"Body":3628034379},"SourceTimestamp":"2024-04-27T14:31:06.5937237Z","ServerTimestamp":"2024-04-27T14:31:06.5937241Z"},"SequenceNumber":414,"ExtensionFields":{}}