{"NodeId":"nsu=http://opcfoundation.org/UA/Plc/Applications;s=RandomSignedInt32","EndpointUrl":"opc.tcp://localhost:61457/UA/SampleServer","ApplicationUri":"urn:desktop-bgfjs91:OPCFoundation:CoreSampleServer","DisplayName":"nsu=http://opcfoundation.org/UA/Plc/Applications;s=RandomSignedInt32","Timestamp":"2024-04-27T14:31:08.4676296Z","Value":{"Value":{"Type":6,"Body":1826457054},"SourceTimestamp":"2024-04-27T14:31:08.3899462Z","ServerTimestamp":"2024-04-27T14:31:08.3899477Z"},"SequenceNumber":417,"ExtensionFields":{}}