{"NodeId":"nsu=http://opcfoundation.org/UA/Plc/Applications;s=FastUIntScalar1","EndpointUrl":"opc.tcp://localhost:61457/UA/SampleServer","ApplicationUri":"urn:desktop-bgfjs91:OPCFoundation:CoreSampleServer","DisplayName":"nsu=http://opcfoundation.org/UA/Plc/Applications;s=FastUIntScalar1","Timestamp":"2024-04-27T14:31:08.4676296Z","Value":{"Value":{"Type":7,"Body":44},"SourceTimestamp":"2024-04-27T14:31:07.5833188Z","ServerTimestamp":"2024-04-27T14:31:07.5833225Z"},"SequenceNumber":420,"ExtensionFields":{}}