{"NodeId":"nsu=http://opcfoundation.org/UA/Plc/Applications;s=FastRandomUIntScalar2","EndpointUrl":"opc.tcp://localhost:61457/UA/SampleServer","ApplicationUri":"urn:desktop-bgfjs91:OPCFoundation:CoreSampleServer","DisplayName":"nsu=http://opcfoundation.org/UA/Plc/Applications;s=FastRandomUIntScalar2","Timestamp":"2024-04-27T14:31:08.4676296Z","Value":{"Value":{"Type":7,"Body":1416898396},"SourceTimestamp":"2024-04-27T14:31:07.5833344Z","ServerTimestamp":"2024-04-27T14:31:07.5833395Z"},"SequenceNumber":424,"ExtensionFields":{}}