{"NodeId":"nsu=http://opcfoundation.org/UA/Plc/Applications;s=FastRandomUIntScalar2","EndpointUrl":"opc.tcp://localhost:61457/UA/SampleServer","ApplicationUri":"urn:desktop-bgfjs91:OPCFoundation:CoreSampleServer","DisplayName":"nsu=http://opcfoundation.org/UA/Plc/Applications;s=FastRandomUIntScalar2","Timestamp":"2024-04-27T14:30:28.4420336Z","Value":{"Value":{"Type":7,"Body":1392060436},"SourceTimestamp":"2024-04-27T14:30:27.5913579Z","ServerTimestamp":"2024-04-27T14:30:27.5913591Z"},"SequenceNumber":46,"ExtensionFields":{}}