{"NodeId":"nsu=http://opcfoundation.org/UA/Plc/Applications;s=FastUIntScalar1","EndpointUrl":"opc.tcp://localhost:61457/UA/SampleServer","ApplicationUri":"urn:desktop-bgfjs91:OPCFoundation:CoreSampleServer","DisplayName":"nsu=http://opcfoundation.org/UA/Plc/Applications;s=FastUIntScalar1","Timestamp":"2024-04-27T14:31:12.4388154Z","Value":{"Value":{"Type":7,"Body":48},"SourceTimestamp":"2024-04-27T14:31:11.5969099Z","ServerTimestamp":"2024-04-27T14:31:11.5969144Z"},"SequenceNumber":466,"ExtensionFields":{}}