{"NodeId":"nsu=http://opcfoundation.org/UA/Plc/Applications;s=RandomSignedInt32","EndpointUrl":"opc.tcp://localhost:61457/UA/SampleServer","ApplicationUri":"urn:desktop-bgfjs91:OPCFoundation:CoreSampleServer","DisplayName":"nsu=http://opcfoundation.org/UA/Plc/Applications;s=RandomSignedInt32","Timestamp":"2024-04-27T14:30:30.4188441Z","Value":{"Value":{"Type":6,"Body":-1214752894},"SourceTimestamp":"2024-04-27T14:30:30.387539Z","ServerTimestamp":"2024-04-27T14:30:30.3875397Z"},"SequenceNumber":51,"ExtensionFields":{}}