{"NodeId":"nsu=http://opcfoundation.org/UA/Plc/Applications;s=FastUIntScalar1","EndpointUrl":"opc.tcp://localhost:61457/UA/SampleServer","ApplicationUri":"urn:desktop-bgfjs91:OPCFoundation:CoreSampleServer","DisplayName":"nsu=http://opcfoundation.org/UA/Plc/Applications;s=FastUIntScalar1","Timestamp":"2024-04-27T14:30:30.4188441Z","Value":{"Value":{"Type":7,"Body":6},"SourceTimestamp":"2024-04-27T14:30:29.5846965Z","ServerTimestamp":"2024-04-27T14:30:29.5847006Z"},"SequenceNumber":54,"ExtensionFields":{}}