{"NodeId":"nsu=http://opcfoundation.org/UA/Plc/Applications;s=FastUIntScalar2","EndpointUrl":"opc.tcp://localhost:61457/UA/SampleServer","ApplicationUri":"urn:desktop-bgfjs91:OPCFoundation:CoreSampleServer","DisplayName":"nsu=http://opcfoundation.org/UA/Plc/Applications;s=FastUIntScalar2","Timestamp":"2024-04-27T14:30:30.4188441Z","Value":{"Value":{"Type":7,"Body":6},"SourceTimestamp":"2024-04-27T14:30:29.5847142Z","ServerTimestamp":"2024-04-27T14:30:29.5847258Z"},"SequenceNumber":55,"ExtensionFields":{}}