{"NodeId":"nsu=http://opcfoundation.org/UA/Plc/Applications;s=RandomUnsignedInt32","EndpointUrl":"opc.tcp://localhost:61457/UA/SampleServer","ApplicationUri":"urn:desktop-bgfjs91:OPCFoundation:CoreSampleServer","DisplayName":"nsu=http://opcfoundation.org/UA/Plc/Applications;s=RandomUnsignedInt32","Timestamp":"2024-04-27T14:30:31.4691227Z","Value":{"Value":{"Type":7,"Body":293973374},"SourceTimestamp":"2024-04-27T14:30:31.3921561Z","ServerTimestamp":"2024-04-27T14:30:31.392159Z"},"SequenceNumber":63,"ExtensionFields":{}}