{"NodeId":"nsu=http://opcfoundation.org/UA/Plc/Applications;s=FastUIntScalar1","EndpointUrl":"opc.tcp://localhost:61457/UA/SampleServer","ApplicationUri":"urn:desktop-bgfjs91:OPCFoundation:CoreSampleServer","DisplayName":"nsu=http://opcfoundation.org/UA/Plc/Applications;s=FastUIntScalar1","Timestamp":"2024-04-27T14:30:31.4691227Z","Value":{"Value":{"Type":7,"Body":7},"SourceTimestamp":"2024-04-27T14:30:30.5863427Z","ServerTimestamp":"2024-04-27T14:30:30.5863462Z"},"SequenceNumber":65,"ExtensionFields":{}}