{"NodeId":"nsu=http://opcfoundation.org/UA/Plc/Applications;s=FastRandomUIntScalar1","EndpointUrl":"opc.tcp://localhost:61457/UA/SampleServer","ApplicationUri":"urn:desktop-bgfjs91:OPCFoundation:CoreSampleServer","DisplayName":"nsu=http://opcfoundation.org/UA/Plc/Applications;s=FastRandomUIntScalar1","Timestamp":"2024-04-27T14:30:31.4691227Z","Value":{"Value":{"Type":7,"Body":273621775},"SourceTimestamp":"2024-04-27T14:30:30.5863539Z","ServerTimestamp":"2024-04-27T14:30:30.5863581Z"},"SequenceNumber":68,"ExtensionFields":{}}