{"NodeId":"nsu=http://opcfoundation.org/UA/Plc/Applications;s=RandomUnsignedInt32","EndpointUrl":"opc.tcp://localhost:61457/UA/SampleServer","ApplicationUri":"urn:desktop-bgfjs91:OPCFoundation:CoreSampleServer","DisplayName":"nsu=http://opcfoundation.org/UA/Plc/Applications;s=RandomUnsignedInt32","Timestamp":"2024-04-27T14:30:32.4604765Z","Value":{"Value":{"Type":7,"Body":823276628},"SourceTimestamp":"2024-04-27T14:30:32.3987539Z","ServerTimestamp":"2024-04-27T14:30:32.398768Z"},"SequenceNumber":74,"ExtensionFields":{}}