{"NodeId":"nsu=http://opcfoundation.org/UA/Plc/Applications;s=FastUIntScalar1","EndpointUrl":"opc.tcp://localhost:61457/UA/SampleServer","ApplicationUri":"urn:desktop-bgfjs91:OPCFoundation:CoreSampleServer","DisplayName":"nsu=http://opcfoundation.org/UA/Plc/Applications;s=FastUIntScalar1","Timestamp":"2024-04-27T14:30:32.4604765Z","Value":{"Value":{"Type":7,"Body":8},"SourceTimestamp":"2024-04-27T14:30:31.5906536Z","ServerTimestamp":"2024-04-27T14:30:31.5906575Z"},"SequenceNumber":76,"ExtensionFields":{}}