{"NodeId":"nsu=http://opcfoundation.org/UA/Plc/Applications;s=FastUIntScalar2","EndpointUrl":"opc.tcp://localhost:61457/UA/SampleServer","ApplicationUri":"urn:desktop-bgfjs91:OPCFoundation:CoreSampleServer","DisplayName":"nsu=http://opcfoundation.org/UA/Plc/Applications;s=FastUIntScalar2","Timestamp":"2024-04-27T14:30:25.4659392Z","Value":{"Value":{"Type":7,"Body":1},"SourceTimestamp":"2024-04-27T14:30:24.585671Z","ServerTimestamp":"2024-04-27T14:30:24.5856717Z"},"SequenceNumber":8,"ExtensionFields":{}}