{"NodeId":"nsu=http://opcfoundation.org/UA/Plc/Applications;s=FastRandomUIntScalar3","EndpointUrl":"opc.tcp://localhost:61457/UA/SampleServer","ApplicationUri":"urn:desktop-bgfjs91:OPCFoundation:CoreSampleServer","DisplayName":"nsu=http://opcfoundation.org/UA/Plc/Applications;s=FastRandomUIntScalar3","Timestamp":"2024-04-27T14:30:32.4604765Z","Value":{"Value":{"Type":7,"Body":3259657617},"SourceTimestamp":"2024-04-27T14:30:31.5907487Z","ServerTimestamp":"2024-04-27T14:30:31.5907491Z"},"SequenceNumber":81,"ExtensionFields":{}}