{"NodeId":"nsu=http://opcfoundation.org/UA/Plc/Applications;s=DipData","EndpointUrl":"opc.tcp://localhost:61457/UA/SampleServer","ApplicationUri":"urn:desktop-bgfjs91:OPCFoundation:CoreSampleServer","DisplayName":"nsu=http://opcfoundation.org/UA/Plc/Applications;s=DipData","Timestamp":"2024-04-27T14:30:33.4501196Z","Value":{"Value":{"Type":11,"Body":36.812455268467801},"SourceTimestamp":"2024-04-27T14:30:33.3885368Z","ServerTimestamp":"2024-04-27T14:30:33.3885426Z"},"SequenceNumber":86,"ExtensionFields":{}}