{"NodeId":"nsu=http://opcfoundation.org/UA/Plc/Applications;s=FastUIntScalar3","EndpointUrl":"opc.tcp://localhost:61457/UA/SampleServer","ApplicationUri":"urn:desktop-bgfjs91:OPCFoundation:CoreSampleServer","DisplayName":"nsu=http://opcfoundation.org/UA/Plc/Applications;s=FastUIntScalar3","Timestamp":"2024-04-27T14:30:33.4501196Z","Value":{"Value":{"Type":7,"Body":9},"SourceTimestamp":"2024-04-27T14:30:32.5836915Z","ServerTimestamp":"2024-04-27T14:30:32.5836955Z"},"SequenceNumber":89,"ExtensionFields":{}}