{"MessageId":"ea2a4da9-3f8a-4213-b6da-6154c8475aed","MessageType":"ua-data","PublisherId":"DESKTOP-BGFJS91","DataSetWriterGroup":"<<UnknownWriterGroup>>","Messages":[{"DataSetWriterId":16,"SequenceNumber":2,"MetaDataVersion":{"MajorVersion":1},"Timestamp":"2024-04-27T12:43:44.1572489Z","MessageType":"ua-deltaframe","DataSetWriterName":"Assembly","Payload":{"nsu=http://opcfoundation.org/UA/Plc/Applications;s=SlowUIntScalar3":{"Value":{"Type":7,"Body":2},"SourceTimestamp":"2024-04-27T12:43:42.6533433Z","ServerTimestamp":"2024-04-27T12:43:42.6533447Z"}}}]}