{"MessageId":"20a96158-398c-4fe5-a274-280c6c80a19e","MessageType":"ua-data","PublisherId":"DESKTOP-BGFJS91","DataSetWriterGroup":"<<UnknownWriterGroup>>","Messages":[{"SequenceNumber":3,"MetaDataVersion":{"MajorVersion":1},"Timestamp":"2024-04-26T17:37:36.8684687Z","MessageType":"ua-event","DataSetWriterName":"<<UnknownDataSet>>|SimpleEvents","Payload":{"EventId":{"Value":{"Type":15,"Body":"LK3iDSz9R0CJ/IP/hPtnPg=="}},"Message":{"Value":{"Type":21,"Body":{"Text":"The system cycle '3' has started.","Locale":"en-US"}}},"nsu=http://opcfoundation.org/SimpleEvents;CycleId":{"Value":{"Type":12,"Body":"3"}},"nsu=http://opcfoundation.org/SimpleEvents;CurrentStep":{"Value":{"Type":22,"Body":{"TypeId":{"Id":183},"Body":{"Name":"Step 1","Duration":1000}}}}}}]}