{"MessageId":"98ec1b6a-6d0a-4f73-99c4-312511af4d3f","MessageType":"ua-data","PublisherId":"DESKTOP-BGFJS91","DataSetWriterGroup":"<<UnknownWriterGroup>>","Messages":[{"SequenceNumber":8,"MetaDataVersion":{"MajorVersion":1},"Timestamp":"2024-04-26T17:37:56.8535506Z","MessageType":"ua-event","DataSetWriterName":"<<UnknownDataSet>>|SimpleEvents","Payload":{"EventId":{"Value":{"Type":15,"Body":"Nx/GIeAAlEGxPbNeeLvp4g=="}},"Message":{"Value":{"Type":21,"Body":{"Text":"The system cycle '8' has started.","Locale":"en-US"}}},"nsu=http://opcfoundation.org/SimpleEvents;CycleId":{"Value":{"Type":12,"Body":"8"}},"nsu=http://opcfoundation.org/SimpleEvents;CurrentStep":{"Value":{"Type":22,"Body":{"TypeId":{"Id":183},"Body":{"Name":"Step 1","Duration":1000}}}}}}]}