{"MessageId":"221226b3-72e9-47a8-af43-cb5d2c620510","MessageType":"ua-data","PublisherId":"DESKTOP-BGFJS91","DataSetWriterGroup":"<<UnknownWriterGroup>>","Messages":[{"SequenceNumber":9,"MetaDataVersion":{"MajorVersion":1},"Timestamp":"2024-04-26T17:38:06.8345233Z","MessageType":"ua-event","DataSetWriterName":"<<UnknownDataSet>>|SimpleEvents","Payload":{"EventId":{"Value":{"Type":15,"Body":"Gv6q0EE4WkukM6l1nOX1wQ=="}},"Message":{"Value":{"Type":21,"Body":{"Text":"The system cycle '9' has started.","Locale":"en-US"}}},"nsu=http://opcfoundation.org/SimpleEvents;CycleId":{"Value":{"Type":12,"Body":"9"}},"nsu=http://opcfoundation.org/SimpleEvents;CurrentStep":{"Value":{"Type":22,"Body":{"TypeId":{"Id":183},"Body":{"Name":"Step 1","Duration":1000}}}}}}]}