{"i=2258":"2024-04-28T09:23:12.7059161Z","nsu=http://opcfoundation.org/UA/Plc/Applications;s=StepUp":110,"nsu=http://opcfoundation.org/UA/Plc/Applications;s=AlternatingBoolean":true,"nsu=http://opcfoundation.org/UA/Plc/Applications;s=RandomSignedInt32":-1391913207,"nsu=http://opcfoundation.org/UA/Plc/Applications;s=RandomUnsignedInt32":58472847,"nsu=http://opcfoundation.org/UA/Plc/Applications;s=DipData":-90.482705246601952,"nsu=http://opcfoundation.org/UA/Plc/Applications;s=FastUIntScalar1":11,"nsu=http://opcfoundation.org/UA/Plc/Applications;s=FastUIntScalar2":11,"nsu=http://opcfoundation.org/UA/Plc/Applications;s=FastUIntScalar3":11,"nsu=http://opcfoundation.org/UA/Plc/Applications;s=FastRandomUIntScalar1":1767965620,"nsu=http://opcfoundation.org/UA/Plc/Applications;s=FastRandomUIntScalar2":2319030886,"nsu=http://opcfoundation.org/UA/Plc/Applications;s=FastRandomUIntScalar3":4200188623,"nsu=http://opcfoundation.org/UA/Plc/Applications;s=NegativeTrendData":100,"nsu=http://opcfoundation.org/UA/Plc/Applications;s=PositiveTrendData":100,"nsu=http://opcfoundation.org/UA/Plc/Applications;s=SlowUIntScalar1":1,"nsu=http://opcfoundation.org/UA/Plc/Applications;s=SlowUIntScalar2":1,"nsu=http://opcfoundation.org/UA/Plc/Applications;s=SlowUIntScalar3":1,"nsu=http://opcfoundation.org/UA/Plc/Applications;s=BadSlowUIntScalar1":1,"nsu=http://opcfoundation.org/UA/Plc/Applications;s=SlowRandomUIntScalar1":63567081,"nsu=http://opcfoundation.org/UA/Plc/Applications;s=SlowRandomUIntScalar2":3361409127,"nsu=http://opcfoundation.org/UA/Plc/Applications;s=SlowRandomUIntScalar3":2692151780,"nsu=http://opcfoundation.org/UA/Plc/Applications;s=BadSlowRandomUIntScalar1":2340411034,"nsu=http://opcfoundation.org/UA/Plc/Applications;s=SpikeData":-90.482705246601952,"ns=23;i=1259":-1.6899999999999999}