{"i=2258":"2024-04-28T09:24:42.6961305Z","nsu=http://opcfoundation.org/UA/Plc/Applications;s=StepUp":1010,"nsu=http://opcfoundation.org/UA/Plc/Applications;s=AlternatingBoolean":true,"nsu=http://opcfoundation.org/UA/Plc/Applications;s=RandomSignedInt32":-1388621014,"nsu=http://opcfoundation.org/UA/Plc/Applications;s=RandomUnsignedInt32":1786506368,"nsu=http://opcfoundation.org/UA/Plc/Applications;s=DipData":-90.482705246601952,"nsu=http://opcfoundation.org/UA/Plc/Applications;s=FastUIntScalar1":101,"nsu=http://opcfoundation.org/UA/Plc/Applications;s=FastUIntScalar2":101,"nsu=http://opcfoundation.org/UA/Plc/Applications;s=FastUIntScalar3":101,"nsu=http://opcfoundation.org/UA/Plc/Applications;s=FastRandomUIntScalar1":1415755796,"nsu=http://opcfoundation.org/UA/Plc/Applications;s=FastRandomUIntScalar2":931662622,"nsu=http://opcfoundation.org/UA/Plc/Applications;s=FastRandomUIntScalar3":374150446,"nsu=http://opcfoundation.org/UA/Plc/Applications;s=NegativeTrendData":98.900000000000006,"nsu=http://opcfoundation.org/UA/Plc/Applications;s=PositiveTrendData":101.59999999999999,"nsu=http://opcfoundation.org/UA/Plc/Applications;s=SlowUIntScalar1":10,"nsu=http://opcfoundation.org/UA/Plc/Applications;s=SlowUIntScalar2":10,"nsu=http://opcfoundation.org/UA/Plc/Applications;s=SlowUIntScalar3":10,"nsu=http://opcfoundation.org/UA/Plc/Applications;s=BadSlowUIntScalar1":null,"nsu=http://opcfoundation.org/UA/Plc/Applications;s=SlowRandomUIntScalar1":1886750108,"nsu=http://opcfoundation.org/UA/Plc/Applications;s=SlowRandomUIntScalar2":2919939232,"nsu=http://opcfoundation.org/UA/Plc/Applications;s=SlowRandomUIntScalar3":167146058,"nsu=http://opcfoundation.org/UA/Plc/Applications;s=BadSlowRandomUIntScalar1":null,"nsu=http://opcfoundation.org/UA/Plc/Applications;s=SpikeData":-90.482705246601952,"ns=23;i=1259":-1}