{"i=2258":"2024-04-28T09:24:47.7074957Z","nsu=http://opcfoundation.org/UA/Plc/Applications;s=StepUp":1060,"nsu=http://opcfoundation.org/UA/Plc/Applications;s=AlternatingBoolean":false,"nsu=http://opcfoundation.org/UA/Plc/Applications;s=RandomSignedInt32":867144355,"nsu=http://opcfoundation.org/UA/Plc/Applications;s=RandomUnsignedInt32":1525078160,"nsu=http://opcfoundation.org/UA/Plc/Applications;s=DipData":-90.482705246601952,"nsu=http://opcfoundation.org/UA/Plc/Applications;s=FastUIntScalar1":106,"nsu=http://opcfoundation.org/UA/Plc/Applications;s=FastUIntScalar2":106,"nsu=http://opcfoundation.org/UA/Plc/Applications;s=FastUIntScalar3":106,"nsu=http://opcfoundation.org/UA/Plc/Applications;s=FastRandomUIntScalar1":4010206293,"nsu=http://opcfoundation.org/UA/Plc/Applications;s=FastRandomUIntScalar2":1984282394,"nsu=http://opcfoundation.org/UA/Plc/Applications;s=FastRandomUIntScalar3":2182840579,"nsu=http://opcfoundation.org/UA/Plc/Applications;s=NegativeTrendData":98.799999999999997,"nsu=http://opcfoundation.org/UA/Plc/Applications;s=PositiveTrendData":101.7,"nsu=http://opcfoundation.org/UA/Plc/Applications;s=SlowUIntScalar1":10,"nsu=http://opcfoundation.org/UA/Plc/Applications;s=SlowUIntScalar2":10,"nsu=http://opcfoundation.org/UA/Plc/Applications;s=SlowUIntScalar3":10,"nsu=http://opcfoundation.org/UA/Plc/Applications;s=BadSlowUIntScalar1":null,"nsu=http://opcfoundation.org/UA/Plc/Applications;s=SlowRandomUIntScalar1":1886750108,"nsu=http://opcfoundation.org/UA/Plc/Applications;s=SlowRandomUIntScalar2":2919939232,"nsu=http://opcfoundation.org/UA/Plc/Applications;s=SlowRandomUIntScalar3":167146058,"nsu=http://opcfoundation.org/UA/Plc/Applications;s=BadSlowRandomUIntScalar1":null,"nsu=http://opcfoundation.org/UA/Plc/Applications;s=SpikeData":-90.482705246601952,"ns=23;i=1259":-1}