{"i=2258":"2024-04-28T09:24:48.7019971Z","nsu=http://opcfoundation.org/UA/Plc/Applications;s=StepUp":1070,"nsu=http://opcfoundation.org/UA/Plc/Applications;s=AlternatingBoolean":false,"nsu=http://opcfoundation.org/UA/Plc/Applications;s=RandomSignedInt32":-1236245882,"nsu=http://opcfoundation.org/UA/Plc/Applications;s=RandomUnsignedInt32":1072165230,"nsu=http://opcfoundation.org/UA/Plc/Applications;s=DipData":-68.454710592868878,"nsu=http://opcfoundation.org/UA/Plc/Applications;s=FastUIntScalar1":107,"nsu=http://opcfoundation.org/UA/Plc/Applications;s=FastUIntScalar2":107,"nsu=http://opcfoundation.org/UA/Plc/Applications;s=FastUIntScalar3":107,"nsu=http://opcfoundation.org/UA/Plc/Applications;s=FastRandomUIntScalar1":3634864042,"nsu=http://opcfoundation.org/UA/Plc/Applications;s=FastRandomUIntScalar2":2207361845,"nsu=http://opcfoundation.org/UA/Plc/Applications;s=FastRandomUIntScalar3":1377663627,"nsu=http://opcfoundation.org/UA/Plc/Applications;s=NegativeTrendData":98.799999999999997,"nsu=http://opcfoundation.org/UA/Plc/Applications;s=PositiveTrendData":101.7,"nsu=http://opcfoundation.org/UA/Plc/Applications;s=SlowUIntScalar1":10,"nsu=http://opcfoundation.org/UA/Plc/Applications;s=SlowUIntScalar2":10,"nsu=http://opcfoundation.org/UA/Plc/Applications;s=SlowUIntScalar3":10,"nsu=http://opcfoundation.org/UA/Plc/Applications;s=BadSlowUIntScalar1":null,"nsu=http://opcfoundation.org/UA/Plc/Applications;s=SlowRandomUIntScalar1":1886750108,"nsu=http://opcfoundation.org/UA/Plc/Applications;s=SlowRandomUIntScalar2":2919939232,"nsu=http://opcfoundation.org/UA/Plc/Applications;s=SlowRandomUIntScalar3":167146058,"nsu=http://opcfoundation.org/UA/Plc/Applications;s=BadSlowRandomUIntScalar1":null,"nsu=http://opcfoundation.org/UA/Plc/Applications;s=SpikeData":-68.454710592868878,"ns=23;i=1259":-2}