{"i=2258":"2024-04-28T09:24:51.7021216Z","nsu=http://opcfoundation.org/UA/Plc/Applications;s=StepUp":1100,"nsu=http://opcfoundation.org/UA/Plc/Applications;s=AlternatingBoolean":false,"nsu=http://opcfoundation.org/UA/Plc/Applications;s=RandomSignedInt32":-102864162,"nsu=http://opcfoundation.org/UA/Plc/Applications;s=RandomUnsignedInt32":878200117,"nsu=http://opcfoundation.org/UA/Plc/Applications;s=DipData":12.533323356430426,"nsu=http://opcfoundation.org/UA/Plc/Applications;s=FastUIntScalar1":110,"nsu=http://opcfoundation.org/UA/Plc/Applications;s=FastUIntScalar2":110,"nsu=http://opcfoundation.org/UA/Plc/Applications;s=FastUIntScalar3":110,"nsu=http://opcfoundation.org/UA/Plc/Applications;s=FastRandomUIntScalar1":561230085,"nsu=http://opcfoundation.org/UA/Plc/Applications;s=FastRandomUIntScalar2":2402638516,"nsu=http://opcfoundation.org/UA/Plc/Applications;s=FastRandomUIntScalar3":1804386333,"nsu=http://opcfoundation.org/UA/Plc/Applications;s=NegativeTrendData":98.799999999999997,"nsu=http://opcfoundation.org/UA/Plc/Applications;s=PositiveTrendData":101.7,"nsu=http://opcfoundation.org/UA/Plc/Applications;s=SlowUIntScalar1":11,"nsu=http://opcfoundation.org/UA/Plc/Applications;s=SlowUIntScalar2":11,"nsu=http://opcfoundation.org/UA/Plc/Applications;s=SlowUIntScalar3":11,"nsu=http://opcfoundation.org/UA/Plc/Applications;s=BadSlowUIntScalar1":1,"nsu=http://opcfoundation.org/UA/Plc/Applications;s=SlowRandomUIntScalar1":1488164763,"nsu=http://opcfoundation.org/UA/Plc/Applications;s=SlowRandomUIntScalar2":605829013,"nsu=http://opcfoundation.org/UA/Plc/Applications;s=SlowRandomUIntScalar3":4136440370,"nsu=http://opcfoundation.org/UA/Plc/Applications;s=BadSlowRandomUIntScalar1":3642651071,"nsu=http://opcfoundation.org/UA/Plc/Applications;s=SpikeData":12.533323356430426,"ns=23;i=1259":2}