{"i=2258":"2024-04-28T09:24:52.7080726Z","nsu=http://opcfoundation.org/UA/Plc/Applications;s=StepUp":1110,"nsu=http://opcfoundation.org/UA/Plc/Applications;s=AlternatingBoolean":true,"nsu=http://opcfoundation.org/UA/Plc/Applications;s=RandomSignedInt32":1308901283,"nsu=http://opcfoundation.org/UA/Plc/Applications;s=RandomUnsignedInt32":385721154,"nsu=http://opcfoundation.org/UA/Plc/Applications;s=DipData":-90.482705246601952,"nsu=http://opcfoundation.org/UA/Plc/Applications;s=FastUIntScalar1":111,"nsu=http://opcfoundation.org/UA/Plc/Applications;s=FastUIntScalar2":111,"nsu=http://opcfoundation.org/UA/Plc/Applications;s=FastUIntScalar3":111,"nsu=http://opcfoundation.org/UA/Plc/Applications;s=FastRandomUIntScalar1":262802643,"nsu=http://opcfoundation.org/UA/Plc/Applications;s=FastRandomUIntScalar2":2539870995,"nsu=http://opcfoundation.org/UA/Plc/Applications;s=FastRandomUIntScalar3":703377012,"nsu=http://opcfoundation.org/UA/Plc/Applications;s=NegativeTrendData":98.700000000000003,"nsu=http://opcfoundation.org/UA/Plc/Applications;s=PositiveTrendData":101.8,"nsu=http://opcfoundation.org/UA/Plc/Applications;s=SlowUIntScalar1":11,"nsu=http://opcfoundation.org/UA/Plc/Applications;s=SlowUIntScalar2":11,"nsu=http://opcfoundation.org/UA/Plc/Applications;s=SlowUIntScalar3":11,"nsu=http://opcfoundation.org/UA/Plc/Applications;s=BadSlowUIntScalar1":1,"nsu=http://opcfoundation.org/UA/Plc/Applications;s=SlowRandomUIntScalar1":1488164763,"nsu=http://opcfoundation.org/UA/Plc/Applications;s=SlowRandomUIntScalar2":605829013,"nsu=http://opcfoundation.org/UA/Plc/Applications;s=SlowRandomUIntScalar3":4136440370,"nsu=http://opcfoundation.org/UA/Plc/Applications;s=BadSlowRandomUIntScalar1":3642651071,"nsu=http://opcfoundation.org/UA/Plc/Applications;s=SpikeData":-90.482705246601952,"ns=23;i=1259":1.0600000000000001}