{"i=2258":"2024-04-28T09:24:53.6979891Z","nsu=http://opcfoundation.org/UA/Plc/Applications;s=StepUp":1120,"nsu=http://opcfoundation.org/UA/Plc/Applications;s=AlternatingBoolean":true,"nsu=http://opcfoundation.org/UA/Plc/Applications;s=RandomSignedInt32":325518746,"nsu=http://opcfoundation.org/UA/Plc/Applications;s=RandomUnsignedInt32":1967372510,"nsu=http://opcfoundation.org/UA/Plc/Applications;s=DipData":-68.454710592868878,"nsu=http://opcfoundation.org/UA/Plc/Applications;s=FastUIntScalar1":112,"nsu=http://opcfoundation.org/UA/Plc/Applications;s=FastUIntScalar2":112,"nsu=http://opcfoundation.org/UA/Plc/Applications;s=FastUIntScalar3":112,"nsu=http://opcfoundation.org/UA/Plc/Applications;s=FastRandomUIntScalar1":1401397585,"nsu=http://opcfoundation.org/UA/Plc/Applications;s=FastRandomUIntScalar2":616358663,"nsu=http://opcfoundation.org/UA/Plc/Applications;s=FastRandomUIntScalar3":1241182200,"nsu=http://opcfoundation.org/UA/Plc/Applications;s=NegativeTrendData":98.700000000000003,"nsu=http://opcfoundation.org/UA/Plc/Applications;s=PositiveTrendData":101.8,"nsu=http://opcfoundation.org/UA/Plc/Applications;s=SlowUIntScalar1":11,"nsu=http://opcfoundation.org/UA/Plc/Applications;s=SlowUIntScalar2":11,"nsu=http://opcfoundation.org/UA/Plc/Applications;s=SlowUIntScalar3":11,"nsu=http://opcfoundation.org/UA/Plc/Applications;s=BadSlowUIntScalar1":1,"nsu=http://opcfoundation.org/UA/Plc/Applications;s=SlowRandomUIntScalar1":1488164763,"nsu=http://opcfoundation.org/UA/Plc/Applications;s=SlowRandomUIntScalar2":605829013,"nsu=http://opcfoundation.org/UA/Plc/Applications;s=SlowRandomUIntScalar3":4136440370,"nsu=http://opcfoundation.org/UA/Plc/Applications;s=BadSlowRandomUIntScalar1":3642651071,"nsu=http://opcfoundation.org/UA/Plc/Applications;s=SpikeData":-68.454710592868878,"ns=23;i=1259":0.069000000000000006}