{"i=2258":"2024-04-28T09:24:54.7095932Z","nsu=http://opcfoundation.org/UA/Plc/Applications;s=StepUp":1130,"nsu=http://opcfoundation.org/UA/Plc/Applications;s=AlternatingBoolean":true,"nsu=http://opcfoundation.org/UA/Plc/Applications;s=RandomSignedInt32":-1083273567,"nsu=http://opcfoundation.org/UA/Plc/Applications;s=RandomUnsignedInt32":957140184,"nsu=http://opcfoundation.org/UA/Plc/Applications;s=DipData":48.175367410171518,"nsu=http://opcfoundation.org/UA/Plc/Applications;s=FastUIntScalar1":113,"nsu=http://opcfoundation.org/UA/Plc/Applications;s=FastUIntScalar2":113,"nsu=http://opcfoundation.org/UA/Plc/Applications;s=FastUIntScalar3":113,"nsu=http://opcfoundation.org/UA/Plc/Applications;s=FastRandomUIntScalar1":2183490217,"nsu=http://opcfoundation.org/UA/Plc/Applications;s=FastRandomUIntScalar2":3773360769,"nsu=http://opcfoundation.org/UA/Plc/Applications;s=FastRandomUIntScalar3":4099959173,"nsu=http://opcfoundation.org/UA/Plc/Applications;s=NegativeTrendData":98.700000000000003,"nsu=http://opcfoundation.org/UA/Plc/Applications;s=PositiveTrendData":101.8,"nsu=http://opcfoundation.org/UA/Plc/Applications;s=SlowUIntScalar1":11,"nsu=http://opcfoundation.org/UA/Plc/Applications;s=SlowUIntScalar2":11,"nsu=http://opcfoundation.org/UA/Plc/Applications;s=SlowUIntScalar3":11,"nsu=http://opcfoundation.org/UA/Plc/Applications;s=BadSlowUIntScalar1":1,"nsu=http://opcfoundation.org/UA/Plc/Applications;s=SlowRandomUIntScalar1":1488164763,"nsu=http://opcfoundation.org/UA/Plc/Applications;s=SlowRandomUIntScalar2":605829013,"nsu=http://opcfoundation.org/UA/Plc/Applications;s=SlowRandomUIntScalar3":4136440370,"nsu=http://opcfoundation.org/UA/Plc/Applications;s=BadSlowRandomUIntScalar1":3642651071,"nsu=http://opcfoundation.org/UA/Plc/Applications;s=SpikeData":48.175367410171518,"ns=23;i=1259":1.0900000000000001}