{"i=2258":"2024-04-28T09:23:20.7074895Z","nsu=http://opcfoundation.org/UA/Plc/Applications;s=StepUp":190,"nsu=http://opcfoundation.org/UA/Plc/Applications;s=AlternatingBoolean":false,"nsu=http://opcfoundation.org/UA/Plc/Applications;s=RandomSignedInt32":17697189,"nsu=http://opcfoundation.org/UA/Plc/Applications;s=RandomUnsignedInt32":1575545733,"nsu=http://opcfoundation.org/UA/Plc/Applications;s=DipData":98.228725072868869,"nsu=http://opcfoundation.org/UA/Plc/Applications;s=FastUIntScalar1":19,"nsu=http://opcfoundation.org/UA/Plc/Applications;s=FastUIntScalar2":19,"nsu=http://opcfoundation.org/UA/Plc/Applications;s=FastUIntScalar3":19,"nsu=http://opcfoundation.org/UA/Plc/Applications;s=FastRandomUIntScalar1":802080975,"nsu=http://opcfoundation.org/UA/Plc/Applications;s=FastRandomUIntScalar2":1964369925,"nsu=http://opcfoundation.org/UA/Plc/Applications;s=FastRandomUIntScalar3":315998937,"nsu=http://opcfoundation.org/UA/Plc/Applications;s=NegativeTrendData":100,"nsu=http://opcfoundation.org/UA/Plc/Applications;s=PositiveTrendData":100,"nsu=http://opcfoundation.org/UA/Plc/Applications;s=SlowUIntScalar1":1,"nsu=http://opcfoundation.org/UA/Plc/Applications;s=SlowUIntScalar2":1,"nsu=http://opcfoundation.org/UA/Plc/Applications;s=SlowUIntScalar3":1,"nsu=http://opcfoundation.org/UA/Plc/Applications;s=BadSlowUIntScalar1":1,"nsu=http://opcfoundation.org/UA/Plc/Applications;s=SlowRandomUIntScalar1":63567081,"nsu=http://opcfoundation.org/UA/Plc/Applications;s=SlowRandomUIntScalar2":3361409127,"nsu=http://opcfoundation.org/UA/Plc/Applications;s=SlowRandomUIntScalar3":2692151780,"nsu=http://opcfoundation.org/UA/Plc/Applications;s=BadSlowRandomUIntScalar1":2340411034,"nsu=http://opcfoundation.org/UA/Plc/Applications;s=SpikeData":98.228725072868869,"ns=23;i=1259":0.098000000000000004}