{"i=2258":"2024-04-28T09:23:27.7061353Z","nsu=http://opcfoundation.org/UA/Plc/Applications;s=StepUp":260,"nsu=http://opcfoundation.org/UA/Plc/Applications;s=AlternatingBoolean":false,"nsu=http://opcfoundation.org/UA/Plc/Applications;s=RandomSignedInt32":-32210533,"nsu=http://opcfoundation.org/UA/Plc/Applications;s=RandomUnsignedInt32":1861558739,"nsu=http://opcfoundation.org/UA/Plc/Applications;s=DipData":-90.482705246601952,"nsu=http://opcfoundation.org/UA/Plc/Applications;s=FastUIntScalar1":26,"nsu=http://opcfoundation.org/UA/Plc/Applications;s=FastUIntScalar2":26,"nsu=http://opcfoundation.org/UA/Plc/Applications;s=FastUIntScalar3":26,"nsu=http://opcfoundation.org/UA/Plc/Applications;s=FastRandomUIntScalar1":2861526170,"nsu=http://opcfoundation.org/UA/Plc/Applications;s=FastRandomUIntScalar2":783474739,"nsu=http://opcfoundation.org/UA/Plc/Applications;s=FastRandomUIntScalar3":4273615280,"nsu=http://opcfoundation.org/UA/Plc/Applications;s=NegativeTrendData":100,"nsu=http://opcfoundation.org/UA/Plc/Applications;s=PositiveTrendData":100.09999999999999,"nsu=http://opcfoundation.org/UA/Plc/Applications;s=SlowUIntScalar1":2,"nsu=http://opcfoundation.org/UA/Plc/Applications;s=SlowUIntScalar2":2,"nsu=http://opcfoundation.org/UA/Plc/Applications;s=SlowUIntScalar3":2,"nsu=http://opcfoundation.org/UA/Plc/Applications;s=BadSlowUIntScalar1":2,"nsu=http://opcfoundation.org/UA/Plc/Applications;s=SlowRandomUIntScalar1":2755023782,"nsu=http://opcfoundation.org/UA/Plc/Applications;s=SlowRandomUIntScalar2":829292456,"nsu=http://opcfoundation.org/UA/Plc/Applications;s=SlowRandomUIntScalar3":2712971301,"nsu=http://opcfoundation.org/UA/Plc/Applications;s=BadSlowRandomUIntScalar1":207955972,"nsu=http://opcfoundation.org/UA/Plc/Applications;s=SpikeData":-90.482705246601952,"ns=23;i=1259":1.29}