{"i=2258":"2024-04-28T09:23:33.6978211Z","nsu=http://opcfoundation.org/UA/Plc/Applications;s=StepUp":320,"nsu=http://opcfoundation.org/UA/Plc/Applications;s=AlternatingBoolean":true,"nsu=http://opcfoundation.org/UA/Plc/Applications;s=RandomSignedInt32":1928350594,"nsu=http://opcfoundation.org/UA/Plc/Applications;s=RandomUnsignedInt32":493002713,"nsu=http://opcfoundation.org/UA/Plc/Applications;s=DipData":-68.454710592868878,"nsu=http://opcfoundation.org/UA/Plc/Applications;s=FastUIntScalar1":32,"nsu=http://opcfoundation.org/UA/Plc/Applications;s=FastUIntScalar2":32,"nsu=http://opcfoundation.org/UA/Plc/Applications;s=FastUIntScalar3":32,"nsu=http://opcfoundation.org/UA/Plc/Applications;s=FastRandomUIntScalar1":1638113395,"nsu=http://opcfoundation.org/UA/Plc/Applications;s=FastRandomUIntScalar2":577756543,"nsu=http://opcfoundation.org/UA/Plc/Applications;s=FastRandomUIntScalar3":2731463526,"nsu=http://opcfoundation.org/UA/Plc/Applications;s=NegativeTrendData":100,"nsu=http://opcfoundation.org/UA/Plc/Applications;s=PositiveTrendData":100.2,"nsu=http://opcfoundation.org/UA/Plc/Applications;s=SlowUIntScalar1":3,"nsu=http://opcfoundation.org/UA/Plc/Applications;s=SlowUIntScalar2":3,"nsu=http://opcfoundation.org/UA/Plc/Applications;s=SlowUIntScalar3":3,"nsu=http://opcfoundation.org/UA/Plc/Applications;s=BadSlowUIntScalar1":3,"nsu=http://opcfoundation.org/UA/Plc/Applications;s=SlowRandomUIntScalar1":4044126218,"nsu=http://opcfoundation.org/UA/Plc/Applications;s=SlowRandomUIntScalar2":444954849,"nsu=http://opcfoundation.org/UA/Plc/Applications;s=SlowRandomUIntScalar3":1060863133,"nsu=http://opcfoundation.org/UA/Plc/Applications;s=BadSlowRandomUIntScalar1":3957267696,"nsu=http://opcfoundation.org/UA/Plc/Applications;s=SpikeData":-68.454710592868878,"ns=23;i=1259":-0.78400000000000003}