{"i=2258":"2024-04-28T09:23:34.6959564Z","nsu=http://opcfoundation.org/UA/Plc/Applications;s=StepUp":330,"nsu=http://opcfoundation.org/UA/Plc/Applications;s=AlternatingBoolean":true,"nsu=http://opcfoundation.org/UA/Plc/Applications;s=RandomSignedInt32":-302904786,"nsu=http://opcfoundation.org/UA/Plc/Applications;s=RandomUnsignedInt32":305859763,"nsu=http://opcfoundation.org/UA/Plc/Applications;s=DipData":48.175367410171518,"nsu=http://opcfoundation.org/UA/Plc/Applications;s=FastUIntScalar1":33,"nsu=http://opcfoundation.org/UA/Plc/Applications;s=FastUIntScalar2":33,"nsu=http://opcfoundation.org/UA/Plc/Applications;s=FastUIntScalar3":33,"nsu=http://opcfoundation.org/UA/Plc/Applications;s=FastRandomUIntScalar1":1458078363,"nsu=http://opcfoundation.org/UA/Plc/Applications;s=FastRandomUIntScalar2":3212591904,"nsu=http://opcfoundation.org/UA/Plc/Applications;s=FastRandomUIntScalar3":1607993210,"nsu=http://opcfoundation.org/UA/Plc/Applications;s=NegativeTrendData":100,"nsu=http://opcfoundation.org/UA/Plc/Applications;s=PositiveTrendData":100.2,"nsu=http://opcfoundation.org/UA/Plc/Applications;s=SlowUIntScalar1":3,"nsu=http://opcfoundation.org/UA/Plc/Applications;s=SlowUIntScalar2":3,"nsu=http://opcfoundation.org/UA/Plc/Applications;s=SlowUIntScalar3":3,"nsu=http://opcfoundation.org/UA/Plc/Applications;s=BadSlowUIntScalar1":3,"nsu=http://opcfoundation.org/UA/Plc/Applications;s=SlowRandomUIntScalar1":4044126218,"nsu=http://opcfoundation.org/UA/Plc/Applications;s=SlowRandomUIntScalar2":444954849,"nsu=http://opcfoundation.org/UA/Plc/Applications;s=SlowRandomUIntScalar3":1060863133,"nsu=http://opcfoundation.org/UA/Plc/Applications;s=BadSlowRandomUIntScalar1":3957267696,"nsu=http://opcfoundation.org/UA/Plc/Applications;s=SpikeData":48.175367410171518,"ns=23;i=1259":1.78}