{"i=2258":"2024-04-28T09:23:37.7056849Z","nsu=http://opcfoundation.org/UA/Plc/Applications;s=StepUp":360,"nsu=http://opcfoundation.org/UA/Plc/Applications;s=AlternatingBoolean":false,"nsu=http://opcfoundation.org/UA/Plc/Applications;s=RandomSignedInt32":1136953659,"nsu=http://opcfoundation.org/UA/Plc/Applications;s=RandomUnsignedInt32":749746858,"nsu=http://opcfoundation.org/UA/Plc/Applications;s=DipData":-90.482705246601952,"nsu=http://opcfoundation.org/UA/Plc/Applications;s=FastUIntScalar1":36,"nsu=http://opcfoundation.org/UA/Plc/Applications;s=FastUIntScalar2":36,"nsu=http://opcfoundation.org/UA/Plc/Applications;s=FastUIntScalar3":36,"nsu=http://opcfoundation.org/UA/Plc/Applications;s=FastRandomUIntScalar1":861301078,"nsu=http://opcfoundation.org/UA/Plc/Applications;s=FastRandomUIntScalar2":623682939,"nsu=http://opcfoundation.org/UA/Plc/Applications;s=FastRandomUIntScalar3":477777745,"nsu=http://opcfoundation.org/UA/Plc/Applications;s=NegativeTrendData":100,"nsu=http://opcfoundation.org/UA/Plc/Applications;s=PositiveTrendData":100.3,"nsu=http://opcfoundation.org/UA/Plc/Applications;s=SlowUIntScalar1":3,"nsu=http://opcfoundation.org/UA/Plc/Applications;s=SlowUIntScalar2":3,"nsu=http://opcfoundation.org/UA/Plc/Applications;s=SlowUIntScalar3":3,"nsu=http://opcfoundation.org/UA/Plc/Applications;s=BadSlowUIntScalar1":3,"nsu=http://opcfoundation.org/UA/Plc/Applications;s=SlowRandomUIntScalar1":4044126218,"nsu=http://opcfoundation.org/UA/Plc/Applications;s=SlowRandomUIntScalar2":444954849,"nsu=http://opcfoundation.org/UA/Plc/Applications;s=SlowRandomUIntScalar3":1060863133,"nsu=http://opcfoundation.org/UA/Plc/Applications;s=BadSlowRandomUIntScalar1":3957267696,"nsu=http://opcfoundation.org/UA/Plc/Applications;s=SpikeData":-90.482705246601952,"ns=23;i=1259":0.86799999999999999}