{"i=2258":"2024-04-28T09:23:39.6988002Z","nsu=http://opcfoundation.org/UA/Plc/Applications;s=StepUp":380,"nsu=http://opcfoundation.org/UA/Plc/Applications;s=AlternatingBoolean":false,"nsu=http://opcfoundation.org/UA/Plc/Applications;s=RandomSignedInt32":-758476593,"nsu=http://opcfoundation.org/UA/Plc/Applications;s=RandomUnsignedInt32":1290255572,"nsu=http://opcfoundation.org/UA/Plc/Applications;s=DipData":48.175367410171518,"nsu=http://opcfoundation.org/UA/Plc/Applications;s=FastUIntScalar1":38,"nsu=http://opcfoundation.org/UA/Plc/Applications;s=FastUIntScalar2":38,"nsu=http://opcfoundation.org/UA/Plc/Applications;s=FastUIntScalar3":38,"nsu=http://opcfoundation.org/UA/Plc/Applications;s=FastRandomUIntScalar1":2885625368,"nsu=http://opcfoundation.org/UA/Plc/Applications;s=FastRandomUIntScalar2":4203696706,"nsu=http://opcfoundation.org/UA/Plc/Applications;s=FastRandomUIntScalar3":4095199349,"nsu=http://opcfoundation.org/UA/Plc/Applications;s=NegativeTrendData":100,"nsu=http://opcfoundation.org/UA/Plc/Applications;s=PositiveTrendData":100.3,"nsu=http://opcfoundation.org/UA/Plc/Applications;s=SlowUIntScalar1":3,"nsu=http://opcfoundation.org/UA/Plc/Applications;s=SlowUIntScalar2":3,"nsu=http://opcfoundation.org/UA/Plc/Applications;s=SlowUIntScalar3":3,"nsu=http://opcfoundation.org/UA/Plc/Applications;s=BadSlowUIntScalar1":3,"nsu=http://opcfoundation.org/UA/Plc/Applications;s=SlowRandomUIntScalar1":4044126218,"nsu=http://opcfoundation.org/UA/Plc/Applications;s=SlowRandomUIntScalar2":444954849,"nsu=http://opcfoundation.org/UA/Plc/Applications;s=SlowRandomUIntScalar3":1060863133,"nsu=http://opcfoundation.org/UA/Plc/Applications;s=BadSlowRandomUIntScalar1":3957267696,"nsu=http://opcfoundation.org/UA/Plc/Applications;s=SpikeData":48.175367410171518,"ns=23;i=1259":0.94900000000000007}