{"i=2258":"2024-04-28T09:23:40.705253Z","nsu=http://opcfoundation.org/UA/Plc/Applications;s=StepUp":390,"nsu=http://opcfoundation.org/UA/Plc/Applications;s=AlternatingBoolean":false,"nsu=http://opcfoundation.org/UA/Plc/Applications;s=RandomSignedInt32":-2090747562,"nsu=http://opcfoundation.org/UA/Plc/Applications;s=RandomUnsignedInt32":998236529,"nsu=http://opcfoundation.org/UA/Plc/Applications;s=DipData":98.228725072868869,"nsu=http://opcfoundation.org/UA/Plc/Applications;s=FastUIntScalar1":39,"nsu=http://opcfoundation.org/UA/Plc/Applications;s=FastUIntScalar2":39,"nsu=http://opcfoundation.org/UA/Plc/Applications;s=FastUIntScalar3":39,"nsu=http://opcfoundation.org/UA/Plc/Applications;s=FastRandomUIntScalar1":1280375194,"nsu=http://opcfoundation.org/UA/Plc/Applications;s=FastRandomUIntScalar2":950499616,"nsu=http://opcfoundation.org/UA/Plc/Applications;s=FastRandomUIntScalar3":575805087,"nsu=http://opcfoundation.org/UA/Plc/Applications;s=NegativeTrendData":100,"nsu=http://opcfoundation.org/UA/Plc/Applications;s=PositiveTrendData":100.3,"nsu=http://opcfoundation.org/UA/Plc/Applications;s=SlowUIntScalar1":3,"nsu=http://opcfoundation.org/UA/Plc/Applications;s=SlowUIntScalar2":3,"nsu=http://opcfoundation.org/UA/Plc/Applications;s=SlowUIntScalar3":3,"nsu=http://opcfoundation.org/UA/Plc/Applications;s=BadSlowUIntScalar1":3,"nsu=http://opcfoundation.org/UA/Plc/Applications;s=SlowRandomUIntScalar1":4044126218,"nsu=http://opcfoundation.org/UA/Plc/Applications;s=SlowRandomUIntScalar2":444954849,"nsu=http://opcfoundation.org/UA/Plc/Applications;s=SlowRandomUIntScalar3":1060863133,"nsu=http://opcfoundation.org/UA/Plc/Applications;s=BadSlowRandomUIntScalar1":3957267696,"nsu=http://opcfoundation.org/UA/Plc/Applications;s=SpikeData":98.228725072868869,"ns=23;i=1259":-0}