{"i=2258":"2024-04-28T09:23:44.7108229Z","nsu=http://opcfoundation.org/UA/Plc/Applications;s=StepUp":430,"nsu=http://opcfoundation.org/UA/Plc/Applications;s=AlternatingBoolean":true,"nsu=http://opcfoundation.org/UA/Plc/Applications;s=RandomSignedInt32":-1975960460,"nsu=http://opcfoundation.org/UA/Plc/Applications;s=RandomUnsignedInt32":936511007,"nsu=http://opcfoundation.org/UA/Plc/Applications;s=DipData":48.175367410171518,"nsu=http://opcfoundation.org/UA/Plc/Applications;s=FastUIntScalar1":43,"nsu=http://opcfoundation.org/UA/Plc/Applications;s=FastUIntScalar2":43,"nsu=http://opcfoundation.org/UA/Plc/Applications;s=FastUIntScalar3":43,"nsu=http://opcfoundation.org/UA/Plc/Applications;s=FastRandomUIntScalar1":2656497741,"nsu=http://opcfoundation.org/UA/Plc/Applications;s=FastRandomUIntScalar2":1761571156,"nsu=http://opcfoundation.org/UA/Plc/Applications;s=FastRandomUIntScalar3":3753526999,"nsu=http://opcfoundation.org/UA/Plc/Applications;s=NegativeTrendData":100,"nsu=http://opcfoundation.org/UA/Plc/Applications;s=PositiveTrendData":100.40000000000001,"nsu=http://opcfoundation.org/UA/Plc/Applications;s=SlowUIntScalar1":4,"nsu=http://opcfoundation.org/UA/Plc/Applications;s=SlowUIntScalar2":4,"nsu=http://opcfoundation.org/UA/Plc/Applications;s=SlowUIntScalar3":4,"nsu=http://opcfoundation.org/UA/Plc/Applications;s=BadSlowUIntScalar1":4,"nsu=http://opcfoundation.org/UA/Plc/Applications;s=SlowRandomUIntScalar1":351145235,"nsu=http://opcfoundation.org/UA/Plc/Applications;s=SlowRandomUIntScalar2":283697646,"nsu=http://opcfoundation.org/UA/Plc/Applications;s=SlowRandomUIntScalar3":2880484329,"nsu=http://opcfoundation.org/UA/Plc/Applications;s=BadSlowRandomUIntScalar1":2644390073,"nsu=http://opcfoundation.org/UA/Plc/Applications;s=SpikeData":48.175367410171518,"ns=23;i=1259":-0.30399999999999999}