{"i=2258":"2024-04-28T09:23:46.6986947Z","nsu=http://opcfoundation.org/UA/Plc/Applications;s=StepUp":450,"nsu=http://opcfoundation.org/UA/Plc/Applications;s=AlternatingBoolean":true,"nsu=http://opcfoundation.org/UA/Plc/Applications;s=RandomSignedInt32":-601233120,"nsu=http://opcfoundation.org/UA/Plc/Applications;s=RandomUnsignedInt32":1178808721,"nsu=http://opcfoundation.org/UA/Plc/Applications;s=DipData":12.533323356430426,"nsu=http://opcfoundation.org/UA/Plc/Applications;s=FastUIntScalar1":45,"nsu=http://opcfoundation.org/UA/Plc/Applications;s=FastUIntScalar2":45,"nsu=http://opcfoundation.org/UA/Plc/Applications;s=FastUIntScalar3":45,"nsu=http://opcfoundation.org/UA/Plc/Applications;s=FastRandomUIntScalar1":3537788777,"nsu=http://opcfoundation.org/UA/Plc/Applications;s=FastRandomUIntScalar2":3584473676,"nsu=http://opcfoundation.org/UA/Plc/Applications;s=FastRandomUIntScalar3":764079533,"nsu=http://opcfoundation.org/UA/Plc/Applications;s=NegativeTrendData":100,"nsu=http://opcfoundation.org/UA/Plc/Applications;s=PositiveTrendData":100.40000000000001,"nsu=http://opcfoundation.org/UA/Plc/Applications;s=SlowUIntScalar1":4,"nsu=http://opcfoundation.org/UA/Plc/Applications;s=SlowUIntScalar2":4,"nsu=http://opcfoundation.org/UA/Plc/Applications;s=SlowUIntScalar3":4,"nsu=http://opcfoundation.org/UA/Plc/Applications;s=BadSlowUIntScalar1":4,"nsu=http://opcfoundation.org/UA/Plc/Applications;s=SlowRandomUIntScalar1":351145235,"nsu=http://opcfoundation.org/UA/Plc/Applications;s=SlowRandomUIntScalar2":283697646,"nsu=http://opcfoundation.org/UA/Plc/Applications;s=SlowRandomUIntScalar3":2880484329,"nsu=http://opcfoundation.org/UA/Plc/Applications;s=BadSlowRandomUIntScalar1":2644390073,"nsu=http://opcfoundation.org/UA/Plc/Applications;s=SpikeData":12.533323356430426,"ns=23;i=1259":1.51}