{"i=2258":"2024-04-28T09:23:51.7040805Z","nsu=http://opcfoundation.org/UA/Plc/Applications;s=StepUp":500,"nsu=http://opcfoundation.org/UA/Plc/Applications;s=AlternatingBoolean":false,"nsu=http://opcfoundation.org/UA/Plc/Applications;s=RandomSignedInt32":569577436,"nsu=http://opcfoundation.org/UA/Plc/Applications;s=RandomUnsignedInt32":103087292,"nsu=http://opcfoundation.org/UA/Plc/Applications;s=DipData":12.533323356430426,"nsu=http://opcfoundation.org/UA/Plc/Applications;s=FastUIntScalar1":50,"nsu=http://opcfoundation.org/UA/Plc/Applications;s=FastUIntScalar2":50,"nsu=http://opcfoundation.org/UA/Plc/Applications;s=FastUIntScalar3":50,"nsu=http://opcfoundation.org/UA/Plc/Applications;s=FastRandomUIntScalar1":2817035344,"nsu=http://opcfoundation.org/UA/Plc/Applications;s=FastRandomUIntScalar2":2459736002,"nsu=http://opcfoundation.org/UA/Plc/Applications;s=FastRandomUIntScalar3":2938319942,"nsu=http://opcfoundation.org/UA/Plc/Applications;s=NegativeTrendData":100,"nsu=http://opcfoundation.org/UA/Plc/Applications;s=PositiveTrendData":100.5,"nsu=http://opcfoundation.org/UA/Plc/Applications;s=SlowUIntScalar1":5,"nsu=http://opcfoundation.org/UA/Plc/Applications;s=SlowUIntScalar2":5,"nsu=http://opcfoundation.org/UA/Plc/Applications;s=SlowUIntScalar3":5,"nsu=http://opcfoundation.org/UA/Plc/Applications;s=BadSlowUIntScalar1":5,"nsu=http://opcfoundation.org/UA/Plc/Applications;s=SlowRandomUIntScalar1":761009909,"nsu=http://opcfoundation.org/UA/Plc/Applications;s=SlowRandomUIntScalar2":1800886704,"nsu=http://opcfoundation.org/UA/Plc/Applications;s=SlowRandomUIntScalar3":4027821650,"nsu=http://opcfoundation.org/UA/Plc/Applications;s=BadSlowRandomUIntScalar1":1693936485,"nsu=http://opcfoundation.org/UA/Plc/Applications;s=SpikeData":12.533323356430426,"ns=23;i=1259":0.622}