{"i=2258":"2024-04-28T09:23:52.6990371Z","nsu=http://opcfoundation.org/UA/Plc/Applications;s=StepUp":510,"nsu=http://opcfoundation.org/UA/Plc/Applications;s=AlternatingBoolean":true,"nsu=http://opcfoundation.org/UA/Plc/Applications;s=RandomSignedInt32":1020901023,"nsu=http://opcfoundation.org/UA/Plc/Applications;s=RandomUnsignedInt32":329839013,"nsu=http://opcfoundation.org/UA/Plc/Applications;s=DipData":-90.482705246601952,"nsu=http://opcfoundation.org/UA/Plc/Applications;s=FastUIntScalar1":51,"nsu=http://opcfoundation.org/UA/Plc/Applications;s=FastUIntScalar2":51,"nsu=http://opcfoundation.org/UA/Plc/Applications;s=FastUIntScalar3":51,"nsu=http://opcfoundation.org/UA/Plc/Applications;s=FastRandomUIntScalar1":1685505413,"nsu=http://opcfoundation.org/UA/Plc/Applications;s=FastRandomUIntScalar2":3887045634,"nsu=http://opcfoundation.org/UA/Plc/Applications;s=FastRandomUIntScalar3":2667717398,"nsu=http://opcfoundation.org/UA/Plc/Applications;s=NegativeTrendData":99.900000000000006,"nsu=http://opcfoundation.org/UA/Plc/Applications;s=PositiveTrendData":100.59999999999999,"nsu=http://opcfoundation.org/UA/Plc/Applications;s=SlowUIntScalar1":5,"nsu=http://opcfoundation.org/UA/Plc/Applications;s=SlowUIntScalar2":5,"nsu=http://opcfoundation.org/UA/Plc/Applications;s=SlowUIntScalar3":5,"nsu=http://opcfoundation.org/UA/Plc/Applications;s=BadSlowUIntScalar1":5,"nsu=http://opcfoundation.org/UA/Plc/Applications;s=SlowRandomUIntScalar1":761009909,"nsu=http://opcfoundation.org/UA/Plc/Applications;s=SlowRandomUIntScalar2":1800886704,"nsu=http://opcfoundation.org/UA/Plc/Applications;s=SlowRandomUIntScalar3":4027821650,"nsu=http://opcfoundation.org/UA/Plc/Applications;s=BadSlowRandomUIntScalar1":1693936485,"nsu=http://opcfoundation.org/UA/Plc/Applications;s=SpikeData":-90.482705246601952,"ns=23;i=1259":0.70300000000000007}