{"i=2258":"2024-04-28T09:23:53.7099228Z","nsu=http://opcfoundation.org/UA/Plc/Applications;s=StepUp":520,"nsu=http://opcfoundation.org/UA/Plc/Applications;s=AlternatingBoolean":true,"nsu=http://opcfoundation.org/UA/Plc/Applications;s=RandomSignedInt32":-378668279,"nsu=http://opcfoundation.org/UA/Plc/Applications;s=RandomUnsignedInt32":1029784271,"nsu=http://opcfoundation.org/UA/Plc/Applications;s=DipData":-68.454710592868878,"nsu=http://opcfoundation.org/UA/Plc/Applications;s=FastUIntScalar1":52,"nsu=http://opcfoundation.org/UA/Plc/Applications;s=FastUIntScalar2":52,"nsu=http://opcfoundation.org/UA/Plc/Applications;s=FastUIntScalar3":52,"nsu=http://opcfoundation.org/UA/Plc/Applications;s=FastRandomUIntScalar1":3038888626,"nsu=http://opcfoundation.org/UA/Plc/Applications;s=FastRandomUIntScalar2":2509454173,"nsu=http://opcfoundation.org/UA/Plc/Applications;s=FastRandomUIntScalar3":1998518419,"nsu=http://opcfoundation.org/UA/Plc/Applications;s=NegativeTrendData":99.900000000000006,"nsu=http://opcfoundation.org/UA/Plc/Applications;s=PositiveTrendData":100.59999999999999,"nsu=http://opcfoundation.org/UA/Plc/Applications;s=SlowUIntScalar1":5,"nsu=http://opcfoundation.org/UA/Plc/Applications;s=SlowUIntScalar2":5,"nsu=http://opcfoundation.org/UA/Plc/Applications;s=SlowUIntScalar3":5,"nsu=http://opcfoundation.org/UA/Plc/Applications;s=BadSlowUIntScalar1":5,"nsu=http://opcfoundation.org/UA/Plc/Applications;s=SlowRandomUIntScalar1":761009909,"nsu=http://opcfoundation.org/UA/Plc/Applications;s=SlowRandomUIntScalar2":1800886704,"nsu=http://opcfoundation.org/UA/Plc/Applications;s=SlowRandomUIntScalar3":4027821650,"nsu=http://opcfoundation.org/UA/Plc/Applications;s=BadSlowRandomUIntScalar1":1693936485,"nsu=http://opcfoundation.org/UA/Plc/Applications;s=SpikeData":-68.454710592868878,"ns=23;i=1259":-1.8200000000000001}