{"i=2258":"2024-04-28T09:23:54.7048612Z","nsu=http://opcfoundation.org/UA/Plc/Applications;s=StepUp":530,"nsu=http://opcfoundation.org/UA/Plc/Applications;s=AlternatingBoolean":true,"nsu=http://opcfoundation.org/UA/Plc/Applications;s=RandomSignedInt32":208327664,"nsu=http://opcfoundation.org/UA/Plc/Applications;s=RandomUnsignedInt32":2008708617,"nsu=http://opcfoundation.org/UA/Plc/Applications;s=DipData":48.175367410171518,"nsu=http://opcfoundation.org/UA/Plc/Applications;s=FastUIntScalar1":53,"nsu=http://opcfoundation.org/UA/Plc/Applications;s=FastUIntScalar2":53,"nsu=http://opcfoundation.org/UA/Plc/Applications;s=FastUIntScalar3":53,"nsu=http://opcfoundation.org/UA/Plc/Applications;s=FastRandomUIntScalar1":205801647,"nsu=http://opcfoundation.org/UA/Plc/Applications;s=FastRandomUIntScalar2":714183168,"nsu=http://opcfoundation.org/UA/Plc/Applications;s=FastRandomUIntScalar3":3254571149,"nsu=http://opcfoundation.org/UA/Plc/Applications;s=NegativeTrendData":99.900000000000006,"nsu=http://opcfoundation.org/UA/Plc/Applications;s=PositiveTrendData":100.59999999999999,"nsu=http://opcfoundation.org/UA/Plc/Applications;s=SlowUIntScalar1":5,"nsu=http://opcfoundation.org/UA/Plc/Applications;s=SlowUIntScalar2":5,"nsu=http://opcfoundation.org/UA/Plc/Applications;s=SlowUIntScalar3":5,"nsu=http://opcfoundation.org/UA/Plc/Applications;s=BadSlowUIntScalar1":5,"nsu=http://opcfoundation.org/UA/Plc/Applications;s=SlowRandomUIntScalar1":761009909,"nsu=http://opcfoundation.org/UA/Plc/Applications;s=SlowRandomUIntScalar2":1800886704,"nsu=http://opcfoundation.org/UA/Plc/Applications;s=SlowRandomUIntScalar3":4027821650,"nsu=http://opcfoundation.org/UA/Plc/Applications;s=BadSlowRandomUIntScalar1":1693936485,"nsu=http://opcfoundation.org/UA/Plc/Applications;s=SpikeData":48.175367410171518,"ns=23;i=1259":-0.80100000000000005}