{"i=2258":"2024-04-28T09:24:00.6987716Z","nsu=http://opcfoundation.org/UA/Plc/Applications;s=StepUp":590,"nsu=http://opcfoundation.org/UA/Plc/Applications;s=AlternatingBoolean":false,"nsu=http://opcfoundation.org/UA/Plc/Applications;s=RandomSignedInt32":431150361,"nsu=http://opcfoundation.org/UA/Plc/Applications;s=RandomUnsignedInt32":1945688418,"nsu=http://opcfoundation.org/UA/Plc/Applications;s=DipData":-1000,"nsu=http://opcfoundation.org/UA/Plc/Applications;s=FastUIntScalar1":59,"nsu=http://opcfoundation.org/UA/Plc/Applications;s=FastUIntScalar2":59,"nsu=http://opcfoundation.org/UA/Plc/Applications;s=FastUIntScalar3":59,"nsu=http://opcfoundation.org/UA/Plc/Applications;s=FastRandomUIntScalar1":2105295994,"nsu=http://opcfoundation.org/UA/Plc/Applications;s=FastRandomUIntScalar2":879319487,"nsu=http://opcfoundation.org/UA/Plc/Applications;s=FastRandomUIntScalar3":4197005189,"nsu=http://opcfoundation.org/UA/Plc/Applications;s=NegativeTrendData":99.799999999999997,"nsu=http://opcfoundation.org/UA/Plc/Applications;s=PositiveTrendData":100.7,"nsu=http://opcfoundation.org/UA/Plc/Applications;s=SlowUIntScalar1":5,"nsu=http://opcfoundation.org/UA/Plc/Applications;s=SlowUIntScalar2":5,"nsu=http://opcfoundation.org/UA/Plc/Applications;s=SlowUIntScalar3":5,"nsu=http://opcfoundation.org/UA/Plc/Applications;s=BadSlowUIntScalar1":5,"nsu=http://opcfoundation.org/UA/Plc/Applications;s=SlowRandomUIntScalar1":761009909,"nsu=http://opcfoundation.org/UA/Plc/Applications;s=SlowRandomUIntScalar2":1800886704,"nsu=http://opcfoundation.org/UA/Plc/Applications;s=SlowRandomUIntScalar3":4027821650,"nsu=http://opcfoundation.org/UA/Plc/Applications;s=BadSlowRandomUIntScalar1":1693936485,"nsu=http://opcfoundation.org/UA/Plc/Applications;s=SpikeData":98.228725072868869,"ns=23;i=1259":-1.1699999999999999}