{"i=2258":"2024-04-28T09:24:17.6977405Z","nsu=http://opcfoundation.org/UA/Plc/Applications;s=StepUp":760,"nsu=http://opcfoundation.org/UA/Plc/Applications;s=AlternatingBoolean":false,"nsu=http://opcfoundation.org/UA/Plc/Applications;s=RandomSignedInt32":862211380,"nsu=http://opcfoundation.org/UA/Plc/Applications;s=RandomUnsignedInt32":638193009,"nsu=http://opcfoundation.org/UA/Plc/Applications;s=DipData":-90.482705246601952,"nsu=http://opcfoundation.org/UA/Plc/Applications;s=FastUIntScalar1":76,"nsu=http://opcfoundation.org/UA/Plc/Applications;s=FastUIntScalar2":76,"nsu=http://opcfoundation.org/UA/Plc/Applications;s=FastUIntScalar3":76,"nsu=http://opcfoundation.org/UA/Plc/Applications;s=FastRandomUIntScalar1":2201684142,"nsu=http://opcfoundation.org/UA/Plc/Applications;s=FastRandomUIntScalar2":474706724,"nsu=http://opcfoundation.org/UA/Plc/Applications;s=FastRandomUIntScalar3":416347116,"nsu=http://opcfoundation.org/UA/Plc/Applications;s=NegativeTrendData":99.400000000000006,"nsu=http://opcfoundation.org/UA/Plc/Applications;s=PositiveTrendData":101.09999999999999,"nsu=http://opcfoundation.org/UA/Plc/Applications;s=SlowUIntScalar1":7,"nsu=http://opcfoundation.org/UA/Plc/Applications;s=SlowUIntScalar2":7,"nsu=http://opcfoundation.org/UA/Plc/Applications;s=SlowUIntScalar3":7,"nsu=http://opcfoundation.org/UA/Plc/Applications;s=BadSlowUIntScalar1":7,"nsu=http://opcfoundation.org/UA/Plc/Applications;s=SlowRandomUIntScalar1":136541251,"nsu=http://opcfoundation.org/UA/Plc/Applications;s=SlowRandomUIntScalar2":590415465,"nsu=http://opcfoundation.org/UA/Plc/Applications;s=SlowRandomUIntScalar3":1411682664,"nsu=http://opcfoundation.org/UA/Plc/Applications;s=BadSlowRandomUIntScalar1":498721760,"nsu=http://opcfoundation.org/UA/Plc/Applications;s=SpikeData":-90.482705246601952,"ns=23;i=1259":-0.32700000000000001}