{"i=2258":"2024-04-28T09:23:10.7007847Z","nsu=http://opcfoundation.org/UA/Plc/Applications;s=StepUp":90,"nsu=http://opcfoundation.org/UA/Plc/Applications;s=AlternatingBoolean":false,"nsu=http://opcfoundation.org/UA/Plc/Applications;s=RandomSignedInt32":-698582171,"nsu=http://opcfoundation.org/UA/Plc/Applications;s=RandomUnsignedInt32":983082104,"nsu=http://opcfoundation.org/UA/Plc/Applications;s=DipData":98.228725072868869,"nsu=http://opcfoundation.org/UA/Plc/Applications;s=FastUIntScalar1":9,"nsu=http://opcfoundation.org/UA/Plc/Applications;s=FastUIntScalar2":9,"nsu=http://opcfoundation.org/UA/Plc/Applications;s=FastUIntScalar3":9,"nsu=http://opcfoundation.org/UA/Plc/Applications;s=FastRandomUIntScalar1":3966468655,"nsu=http://opcfoundation.org/UA/Plc/Applications;s=FastRandomUIntScalar2":847420600,"nsu=http://opcfoundation.org/UA/Plc/Applications;s=FastRandomUIntScalar3":3856169192,"nsu=http://opcfoundation.org/UA/Plc/Applications;s=NegativeTrendData":100,"nsu=http://opcfoundation.org/UA/Plc/Applications;s=PositiveTrendData":100,"nsu=http://opcfoundation.org/UA/Plc/Applications;s=SlowUIntScalar1":0,"nsu=http://opcfoundation.org/UA/Plc/Applications;s=SlowUIntScalar2":0,"nsu=http://opcfoundation.org/UA/Plc/Applications;s=SlowUIntScalar3":0,"nsu=http://opcfoundation.org/UA/Plc/Applications;s=BadSlowUIntScalar1":0,"nsu=http://opcfoundation.org/UA/Plc/Applications;s=SlowRandomUIntScalar1":0,"nsu=http://opcfoundation.org/UA/Plc/Applications;s=SlowRandomUIntScalar2":0,"nsu=http://opcfoundation.org/UA/Plc/Applications;s=SlowRandomUIntScalar3":0,"nsu=http://opcfoundation.org/UA/Plc/Applications;s=BadSlowRandomUIntScalar1":0,"nsu=http://opcfoundation.org/UA/Plc/Applications;s=SpikeData":98.228725072868869,"ns=23;i=1259":-0.45900000000000002}