{"i=2258":"2024-04-28T09:24:26.7038795Z","nsu=http://opcfoundation.org/UA/Plc/Applications;s=StepUp":850,"nsu=http://opcfoundation.org/UA/Plc/Applications;s=AlternatingBoolean":true,"nsu=http://opcfoundation.org/UA/Plc/Applications;s=RandomSignedInt32":2128887479,"nsu=http://opcfoundation.org/UA/Plc/Applications;s=RandomUnsignedInt32":1192911074,"nsu=http://opcfoundation.org/UA/Plc/Applications;s=DipData":12.533323356430426,"nsu=http://opcfoundation.org/UA/Plc/Applications;s=FastUIntScalar1":85,"nsu=http://opcfoundation.org/UA/Plc/Applications;s=FastUIntScalar2":85,"nsu=http://opcfoundation.org/UA/Plc/Applications;s=FastUIntScalar3":85,"nsu=http://opcfoundation.org/UA/Plc/Applications;s=FastRandomUIntScalar1":3194162399,"nsu=http://opcfoundation.org/UA/Plc/Applications;s=FastRandomUIntScalar2":2115670107,"nsu=http://opcfoundation.org/UA/Plc/Applications;s=FastRandomUIntScalar3":4013750332,"nsu=http://opcfoundation.org/UA/Plc/Applications;s=NegativeTrendData":99.299999999999997,"nsu=http://opcfoundation.org/UA/Plc/Applications;s=PositiveTrendData":101.2,"nsu=http://opcfoundation.org/UA/Plc/Applications;s=SlowUIntScalar1":8,"nsu=http://opcfoundation.org/UA/Plc/Applications;s=SlowUIntScalar2":8,"nsu=http://opcfoundation.org/UA/Plc/Applications;s=SlowUIntScalar3":8,"nsu=http://opcfoundation.org/UA/Plc/Applications;s=BadSlowUIntScalar1":8,"nsu=http://opcfoundation.org/UA/Plc/Applications;s=SlowRandomUIntScalar1":553939193,"nsu=http://opcfoundation.org/UA/Plc/Applications;s=SlowRandomUIntScalar2":4280496881,"nsu=http://opcfoundation.org/UA/Plc/Applications;s=SlowRandomUIntScalar3":3460133779,"nsu=http://opcfoundation.org/UA/Plc/Applications;s=BadSlowRandomUIntScalar1":2777345483,"nsu=http://opcfoundation.org/UA/Plc/Applications;s=SpikeData":12.533323356430426,"ns=23;i=1259":-0.38100000000000001}