{"i=2258":"2024-04-28T09:24:30.708946Z","nsu=http://opcfoundation.org/UA/Plc/Applications;s=StepUp":890,"nsu=http://opcfoundation.org/UA/Plc/Applications;s=AlternatingBoolean":false,"nsu=http://opcfoundation.org/UA/Plc/Applications;s=RandomSignedInt32":716084882,"nsu=http://opcfoundation.org/UA/Plc/Applications;s=RandomUnsignedInt32":1493295043,"nsu=http://opcfoundation.org/UA/Plc/Applications;s=DipData":98.228725072868869,"nsu=http://opcfoundation.org/UA/Plc/Applications;s=FastUIntScalar1":89,"nsu=http://opcfoundation.org/UA/Plc/Applications;s=FastUIntScalar2":89,"nsu=http://opcfoundation.org/UA/Plc/Applications;s=FastUIntScalar3":89,"nsu=http://opcfoundation.org/UA/Plc/Applications;s=FastRandomUIntScalar1":1359378938,"nsu=http://opcfoundation.org/UA/Plc/Applications;s=FastRandomUIntScalar2":617498301,"nsu=http://opcfoundation.org/UA/Plc/Applications;s=FastRandomUIntScalar3":2002443136,"nsu=http://opcfoundation.org/UA/Plc/Applications;s=NegativeTrendData":99.200000000000003,"nsu=http://opcfoundation.org/UA/Plc/Applications;s=PositiveTrendData":101.3,"nsu=http://opcfoundation.org/UA/Plc/Applications;s=SlowUIntScalar1":8,"nsu=http://opcfoundation.org/UA/Plc/Applications;s=SlowUIntScalar2":8,"nsu=http://opcfoundation.org/UA/Plc/Applications;s=SlowUIntScalar3":8,"nsu=http://opcfoundation.org/UA/Plc/Applications;s=BadSlowUIntScalar1":8,"nsu=http://opcfoundation.org/UA/Plc/Applications;s=SlowRandomUIntScalar1":553939193,"nsu=http://opcfoundation.org/UA/Plc/Applications;s=SlowRandomUIntScalar2":4280496881,"nsu=http://opcfoundation.org/UA/Plc/Applications;s=SlowRandomUIntScalar3":3460133779,"nsu=http://opcfoundation.org/UA/Plc/Applications;s=BadSlowRandomUIntScalar1":2777345483,"nsu=http://opcfoundation.org/UA/Plc/Applications;s=SpikeData":98.228725072868869,"ns=23;i=1259":-1.5900000000000001}