{"i=2258":"2024-04-28T09:23:11.7065352Z","nsu=http://opcfoundation.org/UA/Plc/Applications;s=StepUp":100,"nsu=http://opcfoundation.org/UA/Plc/Applications;s=AlternatingBoolean":false,"nsu=http://opcfoundation.org/UA/Plc/Applications;s=RandomSignedInt32":-640721671,"nsu=http://opcfoundation.org/UA/Plc/Applications;s=RandomUnsignedInt32":57463471,"nsu=http://opcfoundation.org/UA/Plc/Applications;s=DipData":12.533323356430426,"nsu=http://opcfoundation.org/UA/Plc/Applications;s=FastUIntScalar1":10,"nsu=http://opcfoundation.org/UA/Plc/Applications;s=FastUIntScalar2":10,"nsu=http://opcfoundation.org/UA/Plc/Applications;s=FastUIntScalar3":10,"nsu=http://opcfoundation.org/UA/Plc/Applications;s=FastRandomUIntScalar1":1787068900,"nsu=http://opcfoundation.org/UA/Plc/Applications;s=FastRandomUIntScalar2":3597677419,"nsu=http://opcfoundation.org/UA/Plc/Applications;s=FastRandomUIntScalar3":4082880271,"nsu=http://opcfoundation.org/UA/Plc/Applications;s=NegativeTrendData":100,"nsu=http://opcfoundation.org/UA/Plc/Applications;s=PositiveTrendData":100,"nsu=http://opcfoundation.org/UA/Plc/Applications;s=SlowUIntScalar1":1,"nsu=http://opcfoundation.org/UA/Plc/Applications;s=SlowUIntScalar2":1,"nsu=http://opcfoundation.org/UA/Plc/Applications;s=SlowUIntScalar3":1,"nsu=http://opcfoundation.org/UA/Plc/Applications;s=BadSlowUIntScalar1":1,"nsu=http://opcfoundation.org/UA/Plc/Applications;s=SlowRandomUIntScalar1":63567081,"nsu=http://opcfoundation.org/UA/Plc/Applications;s=SlowRandomUIntScalar2":3361409127,"nsu=http://opcfoundation.org/UA/Plc/Applications;s=SlowRandomUIntScalar3":2692151780,"nsu=http://opcfoundation.org/UA/Plc/Applications;s=BadSlowRandomUIntScalar1":2340411034,"nsu=http://opcfoundation.org/UA/Plc/Applications;s=SpikeData":12.533323356430426,"ns=23;i=1259":0.50800000000000001}