{"i=2258":"2024-04-28T09:24:34.7075247Z","nsu=http://opcfoundation.org/UA/Plc/Applications;s=StepUp":930,"nsu=http://opcfoundation.org/UA/Plc/Applications;s=AlternatingBoolean":true,"nsu=http://opcfoundation.org/UA/Plc/Applications;s=RandomSignedInt32":-548766548,"nsu=http://opcfoundation.org/UA/Plc/Applications;s=RandomUnsignedInt32":852025641,"nsu=http://opcfoundation.org/UA/Plc/Applications;s=DipData":48.175367410171518,"nsu=http://opcfoundation.org/UA/Plc/Applications;s=FastUIntScalar1":93,"nsu=http://opcfoundation.org/UA/Plc/Applications;s=FastUIntScalar2":93,"nsu=http://opcfoundation.org/UA/Plc/Applications;s=FastUIntScalar3":93,"nsu=http://opcfoundation.org/UA/Plc/Applications;s=FastRandomUIntScalar1":3811828056,"nsu=http://opcfoundation.org/UA/Plc/Applications;s=FastRandomUIntScalar2":3687885494,"nsu=http://opcfoundation.org/UA/Plc/Applications;s=FastRandomUIntScalar3":3011086802,"nsu=http://opcfoundation.org/UA/Plc/Applications;s=NegativeTrendData":99.099999999999994,"nsu=http://opcfoundation.org/UA/Plc/Applications;s=PositiveTrendData":101.40000000000001,"nsu=http://opcfoundation.org/UA/Plc/Applications;s=SlowUIntScalar1":9,"nsu=http://opcfoundation.org/UA/Plc/Applications;s=SlowUIntScalar2":9,"nsu=http://opcfoundation.org/UA/Plc/Applications;s=SlowUIntScalar3":9,"nsu=http://opcfoundation.org/UA/Plc/Applications;s=BadSlowUIntScalar1":null,"nsu=http://opcfoundation.org/UA/Plc/Applications;s=SlowRandomUIntScalar1":3106852481,"nsu=http://opcfoundation.org/UA/Plc/Applications;s=SlowRandomUIntScalar2":3034245696,"nsu=http://opcfoundation.org/UA/Plc/Applications;s=SlowRandomUIntScalar3":4289900626,"nsu=http://opcfoundation.org/UA/Plc/Applications;s=BadSlowRandomUIntScalar1":null,"nsu=http://opcfoundation.org/UA/Plc/Applications;s=SpikeData":48.175367410171518,"ns=23;i=1259":-1.9199999999999999}