{"i=2258":"2024-04-28T09:24:36.7080009Z","nsu=http://opcfoundation.org/UA/Plc/Applications;s=StepUp":950,"nsu=http://opcfoundation.org/UA/Plc/Applications;s=AlternatingBoolean":true,"nsu=http://opcfoundation.org/UA/Plc/Applications;s=RandomSignedInt32":-1029704682,"nsu=http://opcfoundation.org/UA/Plc/Applications;s=RandomUnsignedInt32":1447403633,"nsu=http://opcfoundation.org/UA/Plc/Applications;s=DipData":12.533323356430426,"nsu=http://opcfoundation.org/UA/Plc/Applications;s=FastUIntScalar1":95,"nsu=http://opcfoundation.org/UA/Plc/Applications;s=FastUIntScalar2":95,"nsu=http://opcfoundation.org/UA/Plc/Applications;s=FastUIntScalar3":95,"nsu=http://opcfoundation.org/UA/Plc/Applications;s=FastRandomUIntScalar1":2655766603,"nsu=http://opcfoundation.org/UA/Plc/Applications;s=FastRandomUIntScalar2":3684110845,"nsu=http://opcfoundation.org/UA/Plc/Applications;s=FastRandomUIntScalar3":1529568908,"nsu=http://opcfoundation.org/UA/Plc/Applications;s=NegativeTrendData":99.099999999999994,"nsu=http://opcfoundation.org/UA/Plc/Applications;s=PositiveTrendData":101.40000000000001,"nsu=http://opcfoundation.org/UA/Plc/Applications;s=SlowUIntScalar1":9,"nsu=http://opcfoundation.org/UA/Plc/Applications;s=SlowUIntScalar2":9,"nsu=http://opcfoundation.org/UA/Plc/Applications;s=SlowUIntScalar3":9,"nsu=http://opcfoundation.org/UA/Plc/Applications;s=BadSlowUIntScalar1":null,"nsu=http://opcfoundation.org/UA/Plc/Applications;s=SlowRandomUIntScalar1":3106852481,"nsu=http://opcfoundation.org/UA/Plc/Applications;s=SlowRandomUIntScalar2":3034245696,"nsu=http://opcfoundation.org/UA/Plc/Applications;s=SlowRandomUIntScalar3":4289900626,"nsu=http://opcfoundation.org/UA/Plc/Applications;s=BadSlowRandomUIntScalar1":null,"nsu=http://opcfoundation.org/UA/Plc/Applications;s=SpikeData":12.533323356430426,"ns=23;i=1259":-0.90100000000000002}