{"i=2258":"2024-04-28T09:24:37.7062936Z","nsu=http://opcfoundation.org/UA/Plc/Applications;s=StepUp":960,"nsu=http://opcfoundation.org/UA/Plc/Applications;s=AlternatingBoolean":false,"nsu=http://opcfoundation.org/UA/Plc/Applications;s=RandomSignedInt32":-1851552529,"nsu=http://opcfoundation.org/UA/Plc/Applications;s=RandomUnsignedInt32":1640220994,"nsu=http://opcfoundation.org/UA/Plc/Applications;s=DipData":-90.482705246601952,"nsu=http://opcfoundation.org/UA/Plc/Applications;s=FastUIntScalar1":96,"nsu=http://opcfoundation.org/UA/Plc/Applications;s=FastUIntScalar2":96,"nsu=http://opcfoundation.org/UA/Plc/Applications;s=FastUIntScalar3":96,"nsu=http://opcfoundation.org/UA/Plc/Applications;s=FastRandomUIntScalar1":4131273288,"nsu=http://opcfoundation.org/UA/Plc/Applications;s=FastRandomUIntScalar2":1255135528,"nsu=http://opcfoundation.org/UA/Plc/Applications;s=FastRandomUIntScalar3":765711468,"nsu=http://opcfoundation.org/UA/Plc/Applications;s=NegativeTrendData":99,"nsu=http://opcfoundation.org/UA/Plc/Applications;s=PositiveTrendData":101.5,"nsu=http://opcfoundation.org/UA/Plc/Applications;s=SlowUIntScalar1":9,"nsu=http://opcfoundation.org/UA/Plc/Applications;s=SlowUIntScalar2":9,"nsu=http://opcfoundation.org/UA/Plc/Applications;s=SlowUIntScalar3":9,"nsu=http://opcfoundation.org/UA/Plc/Applications;s=BadSlowUIntScalar1":null,"nsu=http://opcfoundation.org/UA/Plc/Applications;s=SlowRandomUIntScalar1":3106852481,"nsu=http://opcfoundation.org/UA/Plc/Applications;s=SlowRandomUIntScalar2":3034245696,"nsu=http://opcfoundation.org/UA/Plc/Applications;s=SlowRandomUIntScalar3":4289900626,"nsu=http://opcfoundation.org/UA/Plc/Applications;s=BadSlowRandomUIntScalar1":null,"nsu=http://opcfoundation.org/UA/Plc/Applications;s=SpikeData":1000,"ns=23;i=1259":-1.8900000000000001}