{"SequenceNumber":111,"MetaDataVersion":{"MajorVersion":1},"Timestamp":"2024-04-26T14:52:24.6975053Z","MessageType":"ua-keyframe","DataSetWriterName":"<<UnknownDataSet>>","Payload":{"CurrentTime":{"Value":{"Type":13,"Body":"2024-04-26T14:52:24.5862569Z"},"SourceTimestamp":"2024-04-26T14:50:34.5824353Z","ServerTimestamp":"2024-04-26T14:52:24.5862609Z"},"EngineeringUnits":{"Value":{"Type":12,"Body":"mm/sec"}},"AssetId":{"Value":{"Type":8,"Body":"5"}},"Important":{"Value":{"Type":1,"Body":false}},"Variance":{"Value":{"Type":10,"Body":12.3465004}}}}