{"EventId":"9btMR8a2UUC/o3yypxykIQ==","EventType":{"IdType":1,"Id":"NodeChange"},"SourceNode":{"Id":380,"Namespace":"http://opcfoundation.org/UA/Vehicles/Instances"},"Time":"2024-04-28T11:03:20.3574039Z","Change":{"NodeId":{"Id":380,"Namespace":"http://opcfoundation.org/UA/Vehicles/Instances"},"NodeClass":"Variable_2","BrowseName":{"Name":"LotType","Uri":"http://opcfoundation.org/UA/Vehicles/Instances"},"DisplayName":"LotType","RolePermissions":[],"UserRolePermissions":[],"References":[],"Value":null,"DataType":{"Id":378,"Namespace":"http://opcfoundation.org/UA/Vehicles/Instances"},"ValueRank":-1,"ArrayDimensions":[],"AccessLevel":3,"UserAccessLevel":3,"AccessLevelEx":3}}