{"EventId":"N8sFZy/0I0a+2bShb09UWg==","EventType":{"IdType":1,"Id":"ReferenceChange"},"SourceNode":{"Id":281,"Namespace":"http://opcfoundation.org/UA/Vehicles/Instances"},"Time":"2024-04-28T11:03:20.3590445Z","Change":{"ReferenceTypeId":{"Id":47},"IsForward":true,"NodeId":{"Id":283,"Namespace":"http://opcfoundation.org/UA/Vehicles/Instances"},"BrowseName":{"Name":"VehiclesInLot","Uri":"http://opcfoundation.org/UA/Vehicles/Instances"},"DisplayName":"VehiclesInLot","NodeClass":"Variable_2","TypeDefinition":{"Id":63}}}