{"EventId":"V6nneEx2hkGOPKTnYu1McA==","EventType":{"IdType":1,"Id":"ReferenceChange"},"SourceNode":{"Id":303,"Namespace":"http://opcfoundation.org/HistoricalEvents"},"Time":"2024-04-28T11:03:20.3606603Z","Change":{"ReferenceTypeId":{"Id":48},"IsForward":true,"NodeId":{"IdType":1,"Id":"Area51","Namespace":"http://opcfoundation.org/HistoricalEvents"},"BrowseName":{"Name":"Area51","Uri":"http://opcfoundation.org/HistoricalEvents"},"DisplayName":"Area51","NodeClass":"Object_1","TypeDefinition":{"Id":61}}}