{"EventId":"NmO9Fmai40iIOnzlXM2QfQ==","EventType":{"IdType":1,"Id":"ReferenceChange"},"SourceNode":{"Id":442,"Namespace":"http://opcfoundation.org/UA/Views"},"Time":"2024-04-28T11:03:20.3654214Z","Change":{"ReferenceTypeId":{"Id":35},"IsForward":true,"NodeId":{"IdType":1,"Id":"0:Boiler #2","Namespace":"http://opcfoundation.org/UA/Views"},"BrowseName":{"Name":"Boiler #2","Uri":"http://opcfoundation.org/UA/Views"},"DisplayName":"Boiler #2","NodeClass":"Object_1","TypeDefinition":{"Id":390,"Namespace":"http://opcfoundation.org/UA/Views"}}}