{"EventId":"9cFJwNKOJ0WpWa9FDLpKWw==","EventType":{"IdType":1,"Id":"ReferenceChange"},"SourceNode":{"Id":1025,"Namespace":"http://samples.org/UA/memorybuffer"},"Time":"2024-04-28T11:03:20.370435Z","Change":{"ReferenceTypeId":{"Id":47},"IsForward":true,"NodeId":{"IdType":1,"Id":"Double","Namespace":"http://samples.org/UA/memorybuffer/Instance"},"BrowseName":{"Name":"Double","Uri":"http://samples.org/UA/memorybuffer/Instance"},"DisplayName":"Double","NodeClass":"Object_1","TypeDefinition":{"Id":1000,"Namespace":"http://samples.org/UA/memorybuffer"}}}