{"EventId":"smbr47Ec8EeVsqKw37u/NA==","EventType":{"IdType":1,"Id":"ReferenceChange"},"SourceNode":{"IdType":1,"Id":"CTT","Namespace":"http://opcfoundation.org/ReferenceApplications"},"Time":"2024-04-28T11:03:20.3782332Z","Change":{"ReferenceTypeId":{"Id":35},"IsForward":true,"NodeId":{"IdType":1,"Id":"DataAccess","Namespace":"http://opcfoundation.org/ReferenceApplications"},"BrowseName":{"Name":"DataAccess","Uri":"http://opcfoundation.org/ReferenceApplications"},"DisplayName":"DataAccess","NodeClass":"Object_1","TypeDefinition":{"Id":61}}}