{"EventId":"B9bbzYtYHU2V1au4yspbLA==","EventType":{"IdType":1,"Id":"ReferenceChange"},"SourceNode":{"IdType":1,"Id":"CTT","Namespace":"http://opcfoundation.org/ReferenceApplications"},"Time":"2024-04-28T11:03:20.3815021Z","Change":{"ReferenceTypeId":{"Id":35},"IsForward":true,"NodeId":{"IdType":1,"Id":"AccessRights","Namespace":"http://opcfoundation.org/ReferenceApplications"},"BrowseName":{"Name":"AccessRights","Uri":"http://opcfoundation.org/ReferenceApplications"},"DisplayName":"AccessRights","NodeClass":"Object_1","TypeDefinition":{"Id":61}}}