{"EventId":"plw3oVea+kO6vLNWOYld9Q==","EventType":{"IdType":1,"Id":"ReferenceChange"},"SourceNode":{"IdType":1,"Id":"CTT","Namespace":"http://opcfoundation.org/ReferenceApplications"},"Time":"2024-04-28T11:03:20.3831741Z","Change":{"ReferenceTypeId":{"Id":35},"IsForward":true,"NodeId":{"IdType":1,"Id":"NodeIds","Namespace":"http://opcfoundation.org/ReferenceApplications"},"BrowseName":{"Name":"NodeIds","Uri":"http://opcfoundation.org/ReferenceApplications"},"DisplayName":"NodeIds","NodeClass":"Object_1","TypeDefinition":{"Id":61}}}