{"EventId":"0tG3LPJdW0KKcBNZ5s7k7w==","EventType":{"IdType":1,"Id":"NodeChange"},"SourceNode":{"IdType":1,"Id":"NodeIds","Namespace":"http://opcfoundation.org/ReferenceApplications"},"Time":"2024-04-28T11:03:20.3846644Z","Change":{"NodeId":{"IdType":1,"Id":"NodeIds","Namespace":"http://opcfoundation.org/ReferenceApplications"},"NodeClass":"Object_1","BrowseName":{"Name":"NodeIds","Uri":"http://opcfoundation.org/ReferenceApplications"},"DisplayName":"NodeIds","RolePermissions":[],"UserRolePermissions":[],"References":[]}}