{"EventId":"UaRm1h+ofU6Vva6x+l5zbQ==","EventType":{"IdType":1,"Id":"ReferenceChange"},"SourceNode":{"IdType":1,"Id":"CTT","Namespace":"http://opcfoundation.org/ReferenceApplications"},"Time":"2024-04-28T11:03:20.3911522Z","Change":{"ReferenceTypeId":{"Id":35},"IsForward":true,"NodeId":{"IdType":1,"Id":"MyCompany","Namespace":"http://opcfoundation.org/ReferenceApplications"},"BrowseName":{"Name":"MyCompany","Uri":"http://opcfoundation.org/ReferenceApplications"},"DisplayName":"MyCompany","NodeClass":"Object_1","TypeDefinition":{"Id":61}}}