{"EventId":"4hkYPlcIQ0OnuwjE1LFe+A==","EventType":{"IdType":1,"Id":"NodeChange"},"SourceNode":{"IdType":1,"Id":"MyCompany","Namespace":"http://opcfoundation.org/ReferenceApplications"},"Time":"2024-04-28T11:03:20.392645Z","Change":{"NodeId":{"IdType":1,"Id":"MyCompany","Namespace":"http://opcfoundation.org/ReferenceApplications"},"NodeClass":"Object_1","BrowseName":{"Name":"MyCompany","Uri":"http://opcfoundation.org/ReferenceApplications"},"DisplayName":"MyCompany","RolePermissions":[],"UserRolePermissions":[],"References":[]}}