{"EventId":"ETsxXwCJmkSj8FarSHIlEA==","EventType":{"IdType":1,"Id":"NodeChange"},"SourceNode":{"IdType":1,"Id":"Methods","Namespace":"http://opcfoundation.org/UA/Plc/Applications"},"Time":"2024-04-28T11:03:20.4049214Z","Change":{"NodeId":{"IdType":1,"Id":"Methods","Namespace":"http://opcfoundation.org/UA/Plc/Applications"},"NodeClass":"Object_1","BrowseName":{"Name":"Methods","Uri":"http://opcfoundation.org/UA/Plc/Applications"},"DisplayName":"Methods","RolePermissions":[],"UserRolePermissions":[],"References":[]}}