{"EventId":"q9qswibmKUu+sydCv/183A==","EventType":{"IdType":1,"Id":"NodeChange"},"SourceNode":{"IdType":1,"Id":"SimulatorConfiguration","Namespace":"http://opcfoundation.org/UA/Plc/Applications"},"Time":"2024-04-28T11:03:20.4063932Z","Change":{"NodeId":{"IdType":1,"Id":"SimulatorConfiguration","Namespace":"http://opcfoundation.org/UA/Plc/Applications"},"NodeClass":"Object_1","BrowseName":{"Name":"SimulatorConfiguration","Uri":"http://opcfoundation.org/UA/Plc/Applications"},"DisplayName":"SimulatorConfiguration","RolePermissions":[],"UserRolePermissions":[],"References":[]}}