{"EventId":"9AkxZ0iNOEeNf/LqR5ETgw==","EventType":{"IdType":1,"Id":"NodeChange"},"SourceNode":{"IdType":1,"Id":"0:Green/East","Namespace":"http://opcfoundation.org/AlarmCondition"},"Time":"2024-04-28T11:03:20.5938854Z","Change":{"NodeId":{"IdType":1,"Id":"0:Green/East","Namespace":"http://opcfoundation.org/AlarmCondition"},"NodeClass":"Object_1","BrowseName":{"Name":"East","Uri":"http://opcfoundation.org/AlarmCondition"},"DisplayName":"East","RolePermissions":[],"UserRolePermissions":[],"References":[],"EventNotifier":1}}