{"EventId":"h4zIAZk8NUyA/4CIFmCvkw==","EventType":{"IdType":1,"Id":"NodeChange"},"SourceNode":{"IdType":1,"Id":"Well_48306","Namespace":"http://opcfoundation.org/HistoricalEvents"},"Time":"2024-04-28T11:03:20.6514469Z","Change":{"NodeId":{"IdType":1,"Id":"Well_48306","Namespace":"http://opcfoundation.org/HistoricalEvents"},"NodeClass":"Object_1","BrowseName":{"Name":"Titan","Uri":"http://opcfoundation.org/HistoricalEvents"},"DisplayName":"Titan","RolePermissions":[],"UserRolePermissions":[],"References":[],"EventNotifier":13}}