{"EventId":"Ov2a4crERUOOE/VaRrL4ag==","EventType":{"IdType":1,"Id":"ReferenceChange"},"SourceNode":{"IdType":1,"Id":"Area99","Namespace":"http://opcfoundation.org/HistoricalEvents"},"Time":"2024-04-28T11:03:20.6530566Z","Change":{"ReferenceTypeId":{"Id":48},"IsForward":true,"NodeId":{"IdType":1,"Id":"Well_91423","Namespace":"http://opcfoundation.org/HistoricalEvents"},"BrowseName":{"Name":"Mars","Uri":"http://opcfoundation.org/HistoricalEvents"},"DisplayName":"Mars","NodeClass":"Object_1","TypeDefinition":{"Id":308,"Namespace":"http://opcfoundation.org/HistoricalEvents"}}}