{"EventId":"56XWUs2Kn06ud/pyd366VA==","EventType":{"IdType":1,"Id":"ReferenceChange"},"SourceNode":{"IdType":1,"Id":"UInt32","Namespace":"http://samples.org/UA/memorybuffer/Instance"},"Time":"2024-04-28T11:03:20.6637477Z","Change":{"ReferenceTypeId":{"Id":46},"IsForward":true,"NodeId":{"Id":1003,"Namespace":"http://samples.org/UA/memorybuffer"},"BrowseName":{"Name":"StartAddress","Uri":"http://samples.org/UA/memorybuffer"},"DisplayName":"StartAddress","NodeClass":"Variable_2","TypeDefinition":{"Id":68}}}