{"EventId":"sOth3EZ/FUSLIZ7bOotSGA==","EventType":{"IdType":1,"Id":"NodeChange"},"SourceNode":{"Id":1003,"Namespace":"http://samples.org/UA/memorybuffer"},"Time":"2024-04-28T11:03:20.6651793Z","Change":{"NodeId":{"Id":1003,"Namespace":"http://samples.org/UA/memorybuffer"},"NodeClass":"Variable_2","BrowseName":{"Name":"StartAddress","Uri":"http://samples.org/UA/memorybuffer"},"DisplayName":"StartAddress","RolePermissions":[],"UserRolePermissions":[],"References":[],"Value":null,"DataType":{"Id":7},"ValueRank":-1,"ArrayDimensions":[],"AccessLevel":1,"UserAccessLevel":1,"AccessLevelEx":1}}