{"EventId":"ZoxGVCBqDUyi0LzcJddslg==","EventType":{"IdType":1,"Id":"NodeChange"},"SourceNode":{"Id":1004,"Namespace":"http://samples.org/UA/memorybuffer"},"Time":"2024-04-28T11:03:20.6666094Z","Change":{"NodeId":{"Id":1004,"Namespace":"http://samples.org/UA/memorybuffer"},"NodeClass":"Variable_2","BrowseName":{"Name":"SizeInBytes","Uri":"http://samples.org/UA/memorybuffer"},"DisplayName":"SizeInBytes","RolePermissions":[],"UserRolePermissions":[],"References":[],"Value":null,"DataType":{"Id":7},"ValueRank":-1,"ArrayDimensions":[],"AccessLevel":1,"UserAccessLevel":1,"AccessLevelEx":1}}