{"EventId":"8z+BLN3Hx0+mb1rotEU9gw==","EventType":{"IdType":1,"Id":"ReferenceChange"},"SourceNode":{"IdType":1,"Id":"UInt32","Namespace":"http://samples.org/UA/memorybuffer/Instance"},"Time":"2024-04-28T11:03:20.6715751Z","Change":{"ReferenceTypeId":{"Id":47},"IsForward":true,"NodeId":{"IdType":1,"Id":"UInt32[12]","Namespace":"http://samples.org/UA/memorybuffer/Instance"},"BrowseName":{"Name":"0000000C","Uri":"http://samples.org/UA/memorybuffer"},"DisplayName":"0000000C","NodeClass":"Variable_2","TypeDefinition":{"Id":1018,"Namespace":"http://samples.org/UA/memorybuffer"}}}