[{"SequenceNumber":100,"MetaDataVersion":{"MajorVersion":1},"Timestamp":"2024-04-27T15:39:31.2696113Z","MessageType":"ua-event","DataSetWriterName":"<<UnknownDataSet>>","Payload":{"EventId":{"Value":{"Type":15,"Body":"KgMukHjmZEunTy4HDMxUOw=="}},"EventType":{"Value":{"Type":18,"Body":{"IdType":1,"Id":"NodeChange"}}},"SourceNode":{"Value":{"Type":17,"Body":{"Id":17594}}},"Time":{"Value":{"Type":13,"Body":"2024-04-27T15:39:31.2696096Z"}},"Change":{"Value":{"Type":22,"Body":{"TypeId":{"Id":15071},"Body":{"NodeId":{"Id":17594},"NodeClass":1,"BrowseName":{"Name":"Dictionaries"},"DisplayName":{"Text":"Dictionaries"},"RolePermissions":[],"UserRolePermissions":[],"References":[]}}}}}}]