[{"SequenceNumber":104,"MetaDataVersion":{"MajorVersion":1},"Timestamp":"2024-04-27T15:39:31.2725147Z","MessageType":"ua-event","DataSetWriterName":"<<UnknownDataSet>>","Payload":{"EventId":{"Value":{"Type":15,"Body":"F4HcGv0p20O8sXwBo8FL8g=="}},"EventType":{"Value":{"Type":18,"Body":{"IdType":1,"Id":"ReferenceChange"}}},"SourceNode":{"Value":{"Type":17,"Body":{"Id":2253}}},"Time":{"Value":{"Type":13,"Body":"2024-04-27T15:39:31.272513Z"}},"Change":{"Value":{"Type":22,"Body":{"TypeId":{"Id":15182},"Body":{"ReferenceTypeId":{"Id":48},"IsForward":true,"NodeId":{"Id":303,"Namespace":9},"BrowseName":{"Name":"Plaforms","Uri":9},"DisplayName":{"Text":"Plaforms"},"NodeClass":1,"TypeDefinition":{"Id":61}}}}}}}]