[{"SequenceNumber":109,"MetaDataVersion":{"MajorVersion":1},"Timestamp":"2024-04-27T15:39:31.2779834Z","MessageType":"ua-event","DataSetWriterName":"<<UnknownDataSet>>","Payload":{"EventId":{"Value":{"Type":15,"Body":"CCcKJYqOaEOS0uVbgKGhnw=="}},"EventType":{"Value":{"Type":18,"Body":{"IdType":1,"Id":"NodeChange"}}},"SourceNode":{"Value":{"Type":17,"Body":{"IdType":1,"Id":"0:/Yellow","Namespace":15}}},"Time":{"Value":{"Type":13,"Body":"2024-04-27T15:39:31.2779817Z"}},"Change":{"Value":{"Type":22,"Body":{"TypeId":{"Id":15071},"Body":{"NodeId":{"IdType":1,"Id":"0:/Yellow","Namespace":15},"NodeClass":1,"BrowseName":{"Name":"Yellow","Uri":15},"DisplayName":{"Text":"Yellow"},"RolePermissions":[],"UserRolePermissions":[],"References":[],"EventNotifier":1}}}}}}]