[{"SequenceNumber":112,"MetaDataVersion":{"MajorVersion":1},"Timestamp":"2024-04-27T15:39:31.2794563Z","MessageType":"ua-event","DataSetWriterName":"<<UnknownDataSet>>","Payload":{"EventId":{"Value":{"Type":15,"Body":"8yKKPW8QiUuOi5VW3C5N4g=="}},"EventType":{"Value":{"Type":18,"Body":{"IdType":1,"Id":"ReferenceChange"}}},"SourceNode":{"Value":{"Type":17,"Body":{"Id":23470}}},"Time":{"Value":{"Type":13,"Body":"2024-04-27T15:39:31.2794541Z"}},"Change":{"Value":{"Type":22,"Body":{"TypeId":{"Id":15182},"Body":{"ReferenceTypeId":{"Id":46},"IsForward":true,"NodeId":{"Id":32852},"BrowseName":{"Name":"LastChange"},"DisplayName":{"Text":"LastChange"},"NodeClass":2,"TypeDefinition":{"Id":68}}}}}}}]