[{"SequenceNumber":115,"MetaDataVersion":{"MajorVersion":1},"Timestamp":"2024-04-27T15:39:31.2822018Z","MessageType":"ua-event","DataSetWriterName":"<<UnknownDataSet>>","Payload":{"EventId":{"Value":{"Type":15,"Body":"+7cBHuLWtEOMoCeVpHGC6w=="}},"EventType":{"Value":{"Type":18,"Body":{"IdType":1,"Id":"NodeChange"}}},"SourceNode":{"Value":{"Type":17,"Body":{"Id":23479}}},"Time":{"Value":{"Type":13,"Body":"2024-04-27T15:39:31.2821998Z"}},"Change":{"Value":{"Type":22,"Body":{"TypeId":{"Id":15071},"Body":{"NodeId":{"Id":23479},"NodeClass":1,"BrowseName":{"Name":"TagVariables"},"DisplayName":{"Text":"TagVariables"},"RolePermissions":[],"UserRolePermissions":[],"References":[]}}}}}}]