[{"SequenceNumber":122,"MetaDataVersion":{"MajorVersion":1},"Timestamp":"2024-04-27T15:39:31.2868961Z","MessageType":"ua-event","DataSetWriterName":"<<UnknownDataSet>>","Payload":{"EventId":{"Value":{"Type":15,"Body":"v2rrk9KQG0OiwOMRUhJEpg=="}},"EventType":{"Value":{"Type":18,"Body":{"IdType":1,"Id":"ReferenceChange"}}},"SourceNode":{"Value":{"Type":17,"Body":{"Id":10157,"Namespace":2}}},"Time":{"Value":{"Type":13,"Body":"2024-04-27T15:39:31.2868952Z"}},"Change":{"Value":{"Type":22,"Body":{"TypeId":{"Id":15182},"Body":{"ReferenceTypeId":{"Id":47},"IsForward":true,"NodeId":{"Id":11383,"Namespace":2},"BrowseName":{"Name":"Conditions","Uri":2},"DisplayName":{"Text":"Conditions"},"NodeClass":1,"TypeDefinition":{"Id":61}}}}}}}]