[{"SequenceNumber":128,"MetaDataVersion":{"MajorVersion":1},"Timestamp":"2024-04-27T15:39:31.2922768Z","MessageType":"ua-event","DataSetWriterName":"<<UnknownDataSet>>","Payload":{"EventId":{"Value":{"Type":15,"Body":"JU/W6KfXak27vwbUslCBkQ=="}},"EventType":{"Value":{"Type":18,"Body":{"IdType":1,"Id":"ReferenceChange"}}},"SourceNode":{"Value":{"Type":17,"Body":{"Id":281,"Namespace":7}}},"Time":{"Value":{"Type":13,"Body":"2024-04-27T15:39:31.2922758Z"}},"Change":{"Value":{"Type":22,"Body":{"TypeId":{"Id":15182},"Body":{"ReferenceTypeId":{"Id":47},"IsForward":true,"NodeId":{"Id":375,"Namespace":7},"BrowseName":{"Name":"DriverOfTheMonth","Uri":7},"DisplayName":{"Text":"DriverOfTheMonth"},"NodeClass":1,"TypeDefinition":{"Id":341,"Namespace":6}}}}}}}]