[{"SequenceNumber":131,"MetaDataVersion":{"MajorVersion":1},"Timestamp":"2024-04-27T15:39:31.2947763Z","MessageType":"ua-event","DataSetWriterName":"<<UnknownDataSet>>","Payload":{"EventId":{"Value":{"Type":15,"Body":"eXVB41jYBECOq856+dqeYQ=="}},"EventType":{"Value":{"Type":18,"Body":{"IdType":1,"Id":"NodeChange"}}},"SourceNode":{"Value":{"Type":17,"Body":{"Id":283,"Namespace":7}}},"Time":{"Value":{"Type":13,"Body":"2024-04-27T15:39:31.2947747Z"}},"Change":{"Value":{"Type":22,"Body":{"TypeId":{"Id":15074},"Body":{"NodeId":{"Id":283,"Namespace":7},"NodeClass":2,"BrowseName":{"Name":"VehiclesInLot","Uri":7},"DisplayName":{"Text":"VehiclesInLot"},"RolePermissions":[],"UserRolePermissions":[],"References":[],"Value":{"Body":null},"DataType":{"Id":314,"Namespace":6},"ValueRank":1,"ArrayDimensions":[0],"AccessLevel":3,"UserAccessLevel":3,"AccessLevelEx":3}}}}}}]