[{"SequenceNumber":133,"MetaDataVersion":{"MajorVersion":1},"Timestamp":"2024-04-27T15:39:31.2964232Z","MessageType":"ua-event","DataSetWriterName":"<<UnknownDataSet>>","Payload":{"EventId":{"Value":{"Type":15,"Body":"7N863791VkWGFyUwSN5BJw=="}},"EventType":{"Value":{"Type":18,"Body":{"IdType":1,"Id":"NodeChange"}}},"SourceNode":{"Value":{"Type":17,"Body":{"IdType":1,"Id":"Area51","Namespace":9}}},"Time":{"Value":{"Type":13,"Body":"2024-04-27T15:39:31.2964201Z"}},"Change":{"Value":{"Type":22,"Body":{"TypeId":{"Id":15071},"Body":{"NodeId":{"IdType":1,"Id":"Area51","Namespace":9},"NodeClass":1,"BrowseName":{"Name":"Area51","Uri":9},"DisplayName":{"Text":"Area51"},"RolePermissions":[],"UserRolePermissions":[],"References":[],"EventNotifier":13}}}}}}]