[{"SequenceNumber":145,"MetaDataVersion":{"MajorVersion":1},"Timestamp":"2024-04-27T15:39:31.305604Z","MessageType":"ua-event","DataSetWriterName":"<<UnknownDataSet>>","Payload":{"EventId":{"Value":{"Type":15,"Body":"F3+uGkAbw0m1iW7LoWbiYw=="}},"EventType":{"Value":{"Type":18,"Body":{"IdType":1,"Id":"NodeChange"}}},"SourceNode":{"Value":{"Type":17,"Body":{"IdType":1,"Id":"Double","Namespace":22}}},"Time":{"Value":{"Type":13,"Body":"2024-04-27T15:39:31.3056025Z"}},"Change":{"Value":{"Type":22,"Body":{"TypeId":{"Id":15071},"Body":{"NodeId":{"IdType":1,"Id":"Double","Namespace":22},"NodeClass":1,"BrowseName":{"Name":"Double","Uri":22},"DisplayName":{"Text":"Double"},"RolePermissions":[],"UserRolePermissions":[],"References":[]}}}}}}]