[{"SequenceNumber":147,"MetaDataVersion":{"MajorVersion":1},"Timestamp":"2024-04-27T15:39:31.3069794Z","MessageType":"ua-event","DataSetWriterName":"<<UnknownDataSet>>","Payload":{"EventId":{"Value":{"Type":15,"Body":"LX55L6LuzUW1UgqzVkbSeg=="}},"EventType":{"Value":{"Type":18,"Body":{"IdType":1,"Id":"NodeChange"}}},"SourceNode":{"Value":{"Type":17,"Body":{"Id":1241,"Namespace":23}}},"Time":{"Value":{"Type":13,"Body":"2024-04-27T15:39:31.3069781Z"}},"Change":{"Value":{"Type":22,"Body":{"TypeId":{"Id":15071},"Body":{"NodeId":{"Id":1241,"Namespace":23},"NodeClass":1,"BrowseName":{"Name":"Boiler #1","Uri":23},"DisplayName":{"Text":"Boiler #1"},"RolePermissions":[],"UserRolePermissions":[],"References":[]}}}}}}]