[{"SequenceNumber":150,"MetaDataVersion":{"MajorVersion":1},"Timestamp":"2024-04-27T15:39:31.3085152Z","MessageType":"ua-event","DataSetWriterName":"<<UnknownDataSet>>","Payload":{"EventId":{"Value":{"Type":15,"Body":"dcbCjPE4CEW38fzlBl0lkA=="}},"EventType":{"Value":{"Type":18,"Body":{"IdType":1,"Id":"ReferenceChange"}}},"SourceNode":{"Value":{"Type":17,"Body":{"Id":1240,"Namespace":23}}},"Time":{"Value":{"Type":13,"Body":"2024-04-27T15:39:31.3085144Z"}},"Change":{"Value":{"Type":22,"Body":{"TypeId":{"Id":15182},"Body":{"ReferenceTypeId":{"Id":48},"IsForward":true,"NodeId":{"Id":1241,"Namespace":23},"BrowseName":{"Name":"Boiler #1","Uri":23},"DisplayName":{"Text":"Boiler #1"},"NodeClass":1,"TypeDefinition":{"Id":1132,"Namespace":23}}}}}}}]