[{"SequenceNumber":154,"MetaDataVersion":{"MajorVersion":1},"Timestamp":"2024-04-27T15:39:31.3127384Z","MessageType":"ua-event","DataSetWriterName":"<<UnknownDataSet>>","Payload":{"EventId":{"Value":{"Type":15,"Body":"jV4OMUBrf0StVuoebqBwQQ=="}},"EventType":{"Value":{"Type":18,"Body":{"IdType":1,"Id":"NodeChange"}}},"SourceNode":{"Value":{"Type":17,"Body":{"IdType":1,"Id":"DataAccess","Namespace":8}}},"Time":{"Value":{"Type":13,"Body":"2024-04-27T15:39:31.3127369Z"}},"Change":{"Value":{"Type":22,"Body":{"TypeId":{"Id":15071},"Body":{"NodeId":{"IdType":1,"Id":"DataAccess","Namespace":8},"NodeClass":1,"BrowseName":{"Name":"DataAccess","Uri":8},"DisplayName":{"Text":"DataAccess","Locale":"en"},"RolePermissions":[],"UserRolePermissions":[],"References":[]}}}}}}]