[{"SequenceNumber":155,"MetaDataVersion":{"MajorVersion":1},"Timestamp":"2024-04-27T15:39:31.3128998Z","MessageType":"ua-event","DataSetWriterName":"<<UnknownDataSet>>","Payload":{"EventId":{"Value":{"Type":15,"Body":"wXw2xOqjD02uw97DFveyQg=="}},"EventType":{"Value":{"Type":18,"Body":{"IdType":1,"Id":"ReferenceChange"}}},"SourceNode":{"Value":{"Type":17,"Body":{"IdType":1,"Id":"CTT","Namespace":8}}},"Time":{"Value":{"Type":13,"Body":"2024-04-27T15:39:31.3128988Z"}},"Change":{"Value":{"Type":22,"Body":{"TypeId":{"Id":15182},"Body":{"ReferenceTypeId":{"Id":35},"IsForward":true,"NodeId":{"IdType":1,"Id":"References","Namespace":8},"BrowseName":{"Name":"References","Uri":8},"DisplayName":{"Text":"References","Locale":"en"},"NodeClass":1,"TypeDefinition":{"Id":61}}}}}}}]