[{"SequenceNumber":161,"MetaDataVersion":{"MajorVersion":1},"Timestamp":"2024-04-27T15:39:31.3173233Z","MessageType":"ua-event","DataSetWriterName":"<<UnknownDataSet>>","Payload":{"EventId":{"Value":{"Type":15,"Body":"huJ8IcAKkU+dZIWhRz7gYw=="}},"EventType":{"Value":{"Type":18,"Body":{"IdType":1,"Id":"ReferenceChange"}}},"SourceNode":{"Value":{"Type":17,"Body":{"IdType":1,"Id":"CTT","Namespace":8}}},"Time":{"Value":{"Type":13,"Body":"2024-04-27T15:39:31.3173226Z"}},"Change":{"Value":{"Type":22,"Body":{"TypeId":{"Id":15182},"Body":{"ReferenceTypeId":{"Id":35},"IsForward":true,"NodeId":{"IdType":1,"Id":"Methods","Namespace":8},"BrowseName":{"Name":"Methods","Uri":8},"DisplayName":{"Text":"Methods","Locale":"en"},"NodeClass":1,"TypeDefinition":{"Id":61}}}}}}}]