[{"SequenceNumber":172,"MetaDataVersion":{"MajorVersion":1},"Timestamp":"2024-04-27T15:39:31.3260653Z","MessageType":"ua-event","DataSetWriterName":"<<UnknownDataSet>>","Payload":{"EventId":{"Value":{"Type":15,"Body":"kmxDgxWXs0ykcRo60MuJsg=="}},"EventType":{"Value":{"Type":18,"Body":{"IdType":1,"Id":"NodeChange"}}},"SourceNode":{"Value":{"Type":17,"Body":{"IdType":1,"Id":"Sample","Namespace":10}}},"Time":{"Value":{"Type":13,"Body":"2024-04-27T15:39:31.3260639Z"}},"Change":{"Value":{"Type":22,"Body":{"TypeId":{"Id":15071},"Body":{"NodeId":{"IdType":1,"Id":"Sample","Namespace":10},"NodeClass":1,"BrowseName":{"Name":"Sample","Uri":10},"DisplayName":{"Text":"Sample"},"RolePermissions":[],"UserRolePermissions":[],"References":[]}}}}}}]