[{"SequenceNumber":176,"MetaDataVersion":{"MajorVersion":1},"Timestamp":"2024-04-27T15:39:31.3290665Z","MessageType":"ua-event","DataSetWriterName":"<<UnknownDataSet>>","Payload":{"EventId":{"Value":{"Type":15,"Body":"m6Cg5htrM0aqeTE5smqpHg=="}},"EventType":{"Value":{"Type":18,"Body":{"IdType":1,"Id":"NodeChange"}}},"SourceNode":{"Value":{"Type":17,"Body":{"IdType":1,"Id":"0:Assets/Controllers","Namespace":14}}},"Time":{"Value":{"Type":13,"Body":"2024-04-27T15:39:31.3290647Z"}},"Change":{"Value":{"Type":22,"Body":{"TypeId":{"Id":15071},"Body":{"NodeId":{"IdType":1,"Id":"0:Assets/Controllers","Namespace":14},"NodeClass":1,"BrowseName":{"Name":"Controllers","Uri":14},"DisplayName":{"Text":"Controllers"},"RolePermissions":[],"UserRolePermissions":[],"References":[]}}}}}}]