[{"SequenceNumber":182,"MetaDataVersion":{"MajorVersion":1},"Timestamp":"2024-04-27T15:39:31.3333395Z","MessageType":"ua-event","DataSetWriterName":"<<UnknownDataSet>>","Payload":{"EventId":{"Value":{"Type":15,"Body":"9qk1Rx3SyEaqveqbzZ6UjA=="}},"EventType":{"Value":{"Type":18,"Body":{"IdType":1,"Id":"NodeChange"}}},"SourceNode":{"Value":{"Type":17,"Body":{"IdType":1,"Id":"0:TestData/Static","Namespace":14}}},"Time":{"Value":{"Type":13,"Body":"2024-04-27T15:39:31.333338Z"}},"Change":{"Value":{"Type":22,"Body":{"TypeId":{"Id":15071},"Body":{"NodeId":{"IdType":1,"Id":"0:TestData/Static","Namespace":14},"NodeClass":1,"BrowseName":{"Name":"Static","Uri":14},"DisplayName":{"Text":"Static"},"RolePermissions":[],"UserRolePermissions":[],"References":[]}}}}}}]