[{"SequenceNumber":190,"MetaDataVersion":{"MajorVersion":1},"Timestamp":"2024-04-27T15:39:31.3393034Z","MessageType":"ua-event","DataSetWriterName":"<<UnknownDataSet>>","Payload":{"EventId":{"Value":{"Type":15,"Body":"tAxCcBWUsUOY5kmLv02RFQ=="}},"EventType":{"Value":{"Type":18,"Body":{"IdType":1,"Id":"NodeChange"}}},"SourceNode":{"Value":{"Type":17,"Body":{"Id":58}}},"Time":{"Value":{"Type":13,"Body":"2024-04-27T15:39:31.3393017Z"}},"Change":{"Value":{"Type":22,"Body":{"TypeId":{"Id":15073},"Body":{"NodeId":{"Id":58},"NodeClass":8,"BrowseName":{"Name":"BaseObjectType"},"DisplayName":{"Text":"BaseObjectType"},"RolePermissions":[],"UserRolePermissions":[],"References":[]}}}}}}]