[{"SequenceNumber":20,"MetaDataVersion":{"MajorVersion":1},"Timestamp":"2024-04-27T15:39:31.134844Z","MessageType":"ua-event","DataSetWriterName":"<<UnknownDataSet>>","Payload":{"EventId":{"Value":{"Type":15,"Body":"TwsAj3OUS0+l3m+PbS2Qaw=="}},"EventType":{"Value":{"Type":18,"Body":{"IdType":1,"Id":"NodeChange"}}},"SourceNode":{"Value":{"Type":17,"Body":{"Id":442,"Namespace":11}}},"Time":{"Value":{"Type":13,"Body":"2024-04-27T15:39:31.1348425Z"}},"Change":{"Value":{"Type":22,"Body":{"TypeId":{"Id":15071},"Body":{"NodeId":{"Id":442,"Namespace":11},"NodeClass":1,"BrowseName":{"Name":"Plant","Uri":11},"DisplayName":{"Text":"Plant"},"RolePermissions":[],"UserRolePermissions":[],"References":[]}}}}}}]