[{"SequenceNumber":207,"MetaDataVersion":{"MajorVersion":1},"Timestamp":"2024-04-27T15:39:31.3514986Z","MessageType":"ua-event","DataSetWriterName":"<<UnknownDataSet>>","Payload":{"EventId":{"Value":{"Type":15,"Body":"EBK6Mx4RP0iK5Ms7xd+mYA=="}},"EventType":{"Value":{"Type":18,"Body":{"IdType":1,"Id":"ReferenceChange"}}},"SourceNode":{"Value":{"Type":17,"Body":{"IdType":1,"Id":"Views_Operations","Namespace":8}}},"Time":{"Value":{"Type":13,"Body":"2024-04-27T15:39:31.3514977Z"}},"Change":{"Value":{"Type":22,"Body":{"TypeId":{"Id":15182},"Body":{"ReferenceTypeId":{"Id":35},"IsForward":true,"NodeId":{"IdType":1,"Id":"Scalar_Static_Mass","Namespace":8},"BrowseName":{"Name":"Scalar_Static_Mass","Uri":8},"DisplayName":{"Text":"Mass","Locale":"en"},"NodeClass":1,"TypeDefinition":{"Id":61}}}}}}}]