[{"SequenceNumber":208,"MetaDataVersion":{"MajorVersion":1},"Timestamp":"2024-04-27T15:39:31.3529309Z","MessageType":"ua-event","DataSetWriterName":"<<UnknownDataSet>>","Payload":{"EventId":{"Value":{"Type":15,"Body":"H+BQEk8ZWkCwdYp9LzmsLg=="}},"EventType":{"Value":{"Type":18,"Body":{"IdType":1,"Id":"NodeChange"}}},"SourceNode":{"Value":{"Type":17,"Body":{"IdType":1,"Id":"Scalar_Static_Mass","Namespace":8}}},"Time":{"Value":{"Type":13,"Body":"2024-04-27T15:39:31.3529292Z"}},"Change":{"Value":{"Type":22,"Body":{"TypeId":{"Id":15071},"Body":{"NodeId":{"IdType":1,"Id":"Scalar_Static_Mass","Namespace":8},"NodeClass":1,"BrowseName":{"Name":"Scalar_Static_Mass","Uri":8},"DisplayName":{"Text":"Mass","Locale":"en"},"RolePermissions":[],"UserRolePermissions":[],"References":[]}}}}}}]