[{"SequenceNumber":209,"MetaDataVersion":{"MajorVersion":1},"Timestamp":"2024-04-27T15:39:31.4127126Z","MessageType":"ua-event","DataSetWriterName":"<<UnknownDataSet>>","Payload":{"EventId":{"Value":{"Type":15,"Body":"VpQDQ4x1ZUeGGgYX9YLPpQ=="}},"EventType":{"Value":{"Type":18,"Body":{"IdType":1,"Id":"ReferenceChange"}}},"SourceNode":{"Value":{"Type":17,"Body":{"Id":2256}}},"Time":{"Value":{"Type":13,"Body":"2024-04-27T15:39:31.4127076Z"}},"Change":{"Value":{"Type":22,"Body":{"TypeId":{"Id":15182},"Body":{"ReferenceTypeId":{"Id":47},"IsForward":true,"NodeId":{"Id":2257},"BrowseName":{"Name":"StartTime"},"DisplayName":{"Text":"StartTime"},"NodeClass":2,"TypeDefinition":{"Id":63}}}}}}}]