[{"SequenceNumber":212,"MetaDataVersion":{"MajorVersion":1},"Timestamp":"2024-04-27T15:39:31.4157896Z","MessageType":"ua-event","DataSetWriterName":"<<UnknownDataSet>>","Payload":{"EventId":{"Value":{"Type":15,"Body":"Vm2QsnK3m0OzVuIZXn3Crw=="}},"EventType":{"Value":{"Type":18,"Body":{"IdType":1,"Id":"NodeChange"}}},"SourceNode":{"Value":{"Type":17,"Body":{"Id":2258}}},"Time":{"Value":{"Type":13,"Body":"2024-04-27T15:39:31.4157877Z"}},"Change":{"Value":{"Type":22,"Body":{"TypeId":{"Id":15074},"Body":{"NodeId":{"Id":2258},"NodeClass":2,"BrowseName":{"Name":"CurrentTime"},"DisplayName":{"Text":"CurrentTime"},"RolePermissions":[],"UserRolePermissions":[],"References":[],"Value":{"Body":null},"DataType":{"Id":294},"ValueRank":-1,"ArrayDimensions":[],"AccessLevel":1,"UserAccessLevel":1,"MinimumSamplingInterval":1000,"AccessLevelEx":1}}}}}}]