[{"SequenceNumber":227,"MetaDataVersion":{"MajorVersion":1},"Timestamp":"2024-04-27T15:39:31.4261571Z","MessageType":"ua-event","DataSetWriterName":"<<UnknownDataSet>>","Payload":{"EventId":{"Value":{"Type":15,"Body":"z2UeR3LR4E+8P4/qcjV0Ow=="}},"EventType":{"Value":{"Type":18,"Body":{"IdType":1,"Id":"ReferenceChange"}}},"SourceNode":{"Value":{"Type":17,"Body":{"Id":2268}}},"Time":{"Value":{"Type":13,"Body":"2024-04-27T15:39:31.4261563Z"}},"Change":{"Value":{"Type":22,"Body":{"TypeId":{"Id":15182},"Body":{"ReferenceTypeId":{"Id":46},"IsForward":true,"NodeId":{"Id":2735},"BrowseName":{"Name":"MaxBrowseContinuationPoints"},"DisplayName":{"Text":"MaxBrowseContinuationPoints"},"NodeClass":2,"TypeDefinition":{"Id":68}}}}}}}]