[{"SequenceNumber":231,"MetaDataVersion":{"MajorVersion":1},"Timestamp":"2024-04-27T15:39:31.4287822Z","MessageType":"ua-event","DataSetWriterName":"<<UnknownDataSet>>","Payload":{"EventId":{"Value":{"Type":15,"Body":"ij1KLCP/uE2nJZgiXyOubA=="}},"EventType":{"Value":{"Type":18,"Body":{"IdType":1,"Id":"ReferenceChange"}}},"SourceNode":{"Value":{"Type":17,"Body":{"Id":2268}}},"Time":{"Value":{"Type":13,"Body":"2024-04-27T15:39:31.4287814Z"}},"Change":{"Value":{"Type":22,"Body":{"TypeId":{"Id":15182},"Body":{"ReferenceTypeId":{"Id":46},"IsForward":true,"NodeId":{"Id":2737},"BrowseName":{"Name":"MaxHistoryContinuationPoints"},"DisplayName":{"Text":"MaxHistoryContinuationPoints"},"NodeClass":2,"TypeDefinition":{"Id":68}}}}}}}]