[{"SequenceNumber":234,"MetaDataVersion":{"MajorVersion":1},"Timestamp":"2024-04-27T15:39:31.4314254Z","MessageType":"ua-event","DataSetWriterName":"<<UnknownDataSet>>","Payload":{"EventId":{"Value":{"Type":15,"Body":"e+Kc8EvOXUGQeZFzWDM+zw=="}},"EventType":{"Value":{"Type":18,"Body":{"IdType":1,"Id":"NodeChange"}}},"SourceNode":{"Value":{"Type":17,"Body":{"Id":3704}}},"Time":{"Value":{"Type":13,"Body":"2024-04-27T15:39:31.4314237Z"}},"Change":{"Value":{"Type":22,"Body":{"TypeId":{"Id":15074},"Body":{"NodeId":{"Id":3704},"NodeClass":2,"BrowseName":{"Name":"SoftwareCertificates"},"DisplayName":{"Text":"SoftwareCertificates"},"RolePermissions":[],"UserRolePermissions":[],"References":[],"Value":{"Body":null},"DataType":{"Id":344},"ValueRank":1,"ArrayDimensions":[0],"AccessLevel":1,"UserAccessLevel":1,"AccessLevelEx":1}}}}}}]