[{"SequenceNumber":239,"MetaDataVersion":{"MajorVersion":1},"Timestamp":"2024-04-27T15:39:31.4345395Z","MessageType":"ua-event","DataSetWriterName":"<<UnknownDataSet>>","Payload":{"EventId":{"Value":{"Type":15,"Body":"7FjZKF+62kyrOdoQAqLOtg=="}},"EventType":{"Value":{"Type":18,"Body":{"IdType":1,"Id":"ReferenceChange"}}},"SourceNode":{"Value":{"Type":17,"Body":{"Id":2268}}},"Time":{"Value":{"Type":13,"Body":"2024-04-27T15:39:31.4345387Z"}},"Change":{"Value":{"Type":22,"Body":{"TypeId":{"Id":15182},"Body":{"ReferenceTypeId":{"Id":46},"IsForward":true,"NodeId":{"Id":12911},"BrowseName":{"Name":"MaxByteStringLength"},"DisplayName":{"Text":"MaxByteStringLength"},"NodeClass":2,"TypeDefinition":{"Id":68}}}}}}}]