[{"SequenceNumber":242,"MetaDataVersion":{"MajorVersion":1},"Timestamp":"2024-04-27T15:39:31.4370778Z","MessageType":"ua-event","DataSetWriterName":"<<UnknownDataSet>>","Payload":{"EventId":{"Value":{"Type":15,"Body":"PaZ6Vt1NOkS3ZGPASK1Frw=="}},"EventType":{"Value":{"Type":18,"Body":{"IdType":1,"Id":"NodeChange"}}},"SourceNode":{"Value":{"Type":17,"Body":{"Id":11704}}},"Time":{"Value":{"Type":13,"Body":"2024-04-27T15:39:31.4370763Z"}},"Change":{"Value":{"Type":22,"Body":{"TypeId":{"Id":15071},"Body":{"NodeId":{"Id":11704},"NodeClass":1,"BrowseName":{"Name":"OperationLimits"},"DisplayName":{"Text":"OperationLimits"},"RolePermissions":[],"UserRolePermissions":[],"References":[]}}}}}}]