[{"SequenceNumber":243,"MetaDataVersion":{"MajorVersion":1},"Timestamp":"2024-04-27T15:39:31.4372307Z","MessageType":"ua-event","DataSetWriterName":"<<UnknownDataSet>>","Payload":{"EventId":{"Value":{"Type":15,"Body":"HYMoLZiF8EK7HNr+kkDZcQ=="}},"EventType":{"Value":{"Type":18,"Body":{"IdType":1,"Id":"ReferenceChange"}}},"SourceNode":{"Value":{"Type":17,"Body":{"Id":2268}}},"Time":{"Value":{"Type":13,"Body":"2024-04-27T15:39:31.4372299Z"}},"Change":{"Value":{"Type":22,"Body":{"TypeId":{"Id":15182},"Body":{"ReferenceTypeId":{"Id":47},"IsForward":true,"NodeId":{"Id":2996},"BrowseName":{"Name":"ModellingRules"},"DisplayName":{"Text":"ModellingRules"},"NodeClass":1,"TypeDefinition":{"Id":61}}}}}}}]