[{"SequenceNumber":252,"MetaDataVersion":{"MajorVersion":1},"Timestamp":"2024-04-27T15:39:31.4438669Z","MessageType":"ua-event","DataSetWriterName":"<<UnknownDataSet>>","Payload":{"EventId":{"Value":{"Type":15,"Body":"/FxP306uG0uE3IlacXCeew=="}},"EventType":{"Value":{"Type":18,"Body":{"IdType":1,"Id":"NodeChange"}}},"SourceNode":{"Value":{"Type":17,"Body":{"Id":24096}}},"Time":{"Value":{"Type":13,"Body":"2024-04-27T15:39:31.4438653Z"}},"Change":{"Value":{"Type":22,"Body":{"TypeId":{"Id":15074},"Body":{"NodeId":{"Id":24096},"NodeClass":2,"BrowseName":{"Name":"MaxSubscriptions"},"DisplayName":{"Text":"MaxSubscriptions"},"RolePermissions":[],"UserRolePermissions":[],"References":[],"Value":{"Body":null},"DataType":{"Id":7},"ValueRank":-1,"ArrayDimensions":[],"AccessLevel":1,"UserAccessLevel":1,"AccessLevelEx":1}}}}}}]