[{"SequenceNumber":253,"MetaDataVersion":{"MajorVersion":1},"Timestamp":"2024-04-27T15:39:31.4440208Z","MessageType":"ua-event","DataSetWriterName":"<<UnknownDataSet>>","Payload":{"EventId":{"Value":{"Type":15,"Body":"uCzNVhY7BEuPxpVm08pGlw=="}},"EventType":{"Value":{"Type":18,"Body":{"IdType":1,"Id":"ReferenceChange"}}},"SourceNode":{"Value":{"Type":17,"Body":{"Id":2268}}},"Time":{"Value":{"Type":13,"Body":"2024-04-27T15:39:31.4440201Z"}},"Change":{"Value":{"Type":22,"Body":{"TypeId":{"Id":15182},"Body":{"ReferenceTypeId":{"Id":46},"IsForward":true,"NodeId":{"Id":24097},"BrowseName":{"Name":"MaxMonitoredItems"},"DisplayName":{"Text":"MaxMonitoredItems"},"NodeClass":2,"TypeDefinition":{"Id":68}}}}}}}]