[{"SequenceNumber":26,"MetaDataVersion":{"MajorVersion":1},"Timestamp":"2024-04-27T15:39:31.1502286Z","MessageType":"ua-event","DataSetWriterName":"<<UnknownDataSet>>","Payload":{"EventId":{"Value":{"Type":15,"Body":"yVKwkCWgbkSt8+HmVJ9Ulg=="}},"EventType":{"Value":{"Type":18,"Body":{"IdType":1,"Id":"NodeChange"}}},"SourceNode":{"Value":{"Type":17,"Body":{"Id":1240,"Namespace":23}}},"Time":{"Value":{"Type":13,"Body":"2024-04-27T15:39:31.1502258Z"}},"Change":{"Value":{"Type":22,"Body":{"TypeId":{"Id":15071},"Body":{"NodeId":{"Id":1240,"Namespace":23},"NodeClass":1,"BrowseName":{"Name":"Boilers","Uri":23},"DisplayName":{"Text":"Boilers"},"RolePermissions":[],"UserRolePermissions":[],"References":[],"EventNotifier":1}}}}}}]