[{"SequenceNumber":266,"MetaDataVersion":{"MajorVersion":1},"Timestamp":"2024-04-27T15:39:31.4538391Z","MessageType":"ua-event","DataSetWriterName":"<<UnknownDataSet>>","Payload":{"EventId":{"Value":{"Type":15,"Body":"GRQU06Z3YES4uWSY5/ygwA=="}},"EventType":{"Value":{"Type":18,"Body":{"IdType":1,"Id":"NodeChange"}}},"SourceNode":{"Value":{"Type":17,"Body":{"Id":24101}}},"Time":{"Value":{"Type":13,"Body":"2024-04-27T15:39:31.4538375Z"}},"Change":{"Value":{"Type":22,"Body":{"TypeId":{"Id":15074},"Body":{"NodeId":{"Id":24101},"NodeClass":2,"BrowseName":{"Name":"ConformanceUnits"},"DisplayName":{"Text":"ConformanceUnits"},"RolePermissions":[],"UserRolePermissions":[],"References":[],"Value":{"Body":null},"DataType":{"Id":20},"ValueRank":1,"ArrayDimensions":[0],"AccessLevel":1,"UserAccessLevel":1,"AccessLevelEx":1}}}}}}]