[{"SequenceNumber":272,"MetaDataVersion":{"MajorVersion":1},"Timestamp":"2024-04-27T15:39:31.4577802Z","MessageType":"ua-event","DataSetWriterName":"<<UnknownDataSet>>","Payload":{"EventId":{"Value":{"Type":15,"Body":"TnupOGnla0udv2PibJdBdw=="}},"EventType":{"Value":{"Type":18,"Body":{"IdType":1,"Id":"NodeChange"}}},"SourceNode":{"Value":{"Type":17,"Body":{"Id":2294}}},"Time":{"Value":{"Type":13,"Body":"2024-04-27T15:39:31.4577786Z"}},"Change":{"Value":{"Type":22,"Body":{"TypeId":{"Id":15074},"Body":{"NodeId":{"Id":2294},"NodeClass":2,"BrowseName":{"Name":"EnabledFlag"},"DisplayName":{"Text":"EnabledFlag"},"RolePermissions":[],"UserRolePermissions":[],"References":[],"Value":{"Body":null},"DataType":{"Id":1},"ValueRank":-1,"ArrayDimensions":[],"AccessLevel":1,"UserAccessLevel":1,"MinimumSamplingInterval":1000,"AccessLevelEx":1}}}}}}]