[{"SequenceNumber":274,"MetaDataVersion":{"MajorVersion":1},"Timestamp":"2024-04-27T15:39:31.4590608Z","MessageType":"ua-event","DataSetWriterName":"<<UnknownDataSet>>","Payload":{"EventId":{"Value":{"Type":15,"Body":"pDjX50KvcEedMYPzTvryiw=="}},"EventType":{"Value":{"Type":18,"Body":{"IdType":1,"Id":"NodeChange"}}},"SourceNode":{"Value":{"Type":17,"Body":{"Id":3709}}},"Time":{"Value":{"Type":13,"Body":"2024-04-27T15:39:31.4590594Z"}},"Change":{"Value":{"Type":22,"Body":{"TypeId":{"Id":15074},"Body":{"NodeId":{"Id":3709},"NodeClass":2,"BrowseName":{"Name":"RedundancySupport"},"DisplayName":{"Text":"RedundancySupport"},"RolePermissions":[],"UserRolePermissions":[],"References":[],"Value":{"Body":null},"DataType":{"Id":851},"ValueRank":-1,"ArrayDimensions":[],"AccessLevel":1,"UserAccessLevel":1,"AccessLevelEx":1}}}}}}]