[{"SequenceNumber":275,"MetaDataVersion":{"MajorVersion":1},"Timestamp":"2024-04-27T15:39:31.4592147Z","MessageType":"ua-event","DataSetWriterName":"<<UnknownDataSet>>","Payload":{"EventId":{"Value":{"Type":15,"Body":"mA1Dq3Kik0GL0ZfNY6rQJQ=="}},"EventType":{"Value":{"Type":18,"Body":{"IdType":1,"Id":"ReferenceChange"}}},"SourceNode":{"Value":{"Type":17,"Body":{"Id":11715}}},"Time":{"Value":{"Type":13,"Body":"2024-04-27T15:39:31.4592138Z"}},"Change":{"Value":{"Type":22,"Body":{"TypeId":{"Id":15182},"Body":{"ReferenceTypeId":{"Id":47},"IsForward":true,"NodeId":{"Id":15957},"BrowseName":{"Name":"http://opcfoundation.org/UA/"},"DisplayName":{"Text":"http://opcfoundation.org/UA/"},"NodeClass":1,"TypeDefinition":{"Id":11616}}}}}}}]