[{"SequenceNumber":277,"MetaDataVersion":{"MajorVersion":1},"Timestamp":"2024-04-27T15:39:31.4605884Z","MessageType":"ua-event","DataSetWriterName":"<<UnknownDataSet>>","Payload":{"EventId":{"Value":{"Type":15,"Body":"N9BvjUF27UG1xjTSwVU78Q=="}},"EventType":{"Value":{"Type":18,"Body":{"IdType":1,"Id":"ReferenceChange"}}},"SourceNode":{"Value":{"Type":17,"Body":{"Id":11492}}},"Time":{"Value":{"Type":13,"Body":"2024-04-27T15:39:31.4605874Z"}},"Change":{"Value":{"Type":22,"Body":{"TypeId":{"Id":15182},"Body":{"ReferenceTypeId":{"Id":46},"IsForward":true,"NodeId":{"Id":11493},"BrowseName":{"Name":"InputArguments"},"DisplayName":{"Text":"InputArguments"},"NodeClass":2,"TypeDefinition":{"Id":68}}}}}}}]