[{"SequenceNumber":279,"MetaDataVersion":{"MajorVersion":1},"Timestamp":"2024-04-27T15:39:31.461974Z","MessageType":"ua-event","DataSetWriterName":"<<UnknownDataSet>>","Payload":{"EventId":{"Value":{"Type":15,"Body":"omsejAcBdUC3+pyCwza02Q=="}},"EventType":{"Value":{"Type":18,"Body":{"IdType":1,"Id":"ReferenceChange"}}},"SourceNode":{"Value":{"Type":17,"Body":{"Id":11492}}},"Time":{"Value":{"Type":13,"Body":"2024-04-27T15:39:31.4619731Z"}},"Change":{"Value":{"Type":22,"Body":{"TypeId":{"Id":15182},"Body":{"ReferenceTypeId":{"Id":46},"IsForward":true,"NodeId":{"Id":11494},"BrowseName":{"Name":"OutputArguments"},"DisplayName":{"Text":"OutputArguments"},"NodeClass":2,"TypeDefinition":{"Id":68}}}}}}}]