[{"SequenceNumber":280,"MetaDataVersion":{"MajorVersion":1},"Timestamp":"2024-04-27T15:39:31.463258Z","MessageType":"ua-event","DataSetWriterName":"<<UnknownDataSet>>","Payload":{"EventId":{"Value":{"Type":15,"Body":"bZKpCKMWKEOqLSYD4g03lw=="}},"EventType":{"Value":{"Type":18,"Body":{"IdType":1,"Id":"NodeChange"}}},"SourceNode":{"Value":{"Type":17,"Body":{"Id":11494}}},"Time":{"Value":{"Type":13,"Body":"2024-04-27T15:39:31.4632562Z"}},"Change":{"Value":{"Type":22,"Body":{"TypeId":{"Id":15074},"Body":{"NodeId":{"Id":11494},"NodeClass":2,"BrowseName":{"Name":"OutputArguments"},"DisplayName":{"Text":"OutputArguments"},"RolePermissions":[],"UserRolePermissions":[],"References":[],"Value":{"Body":null},"DataType":{"Id":296},"ValueRank":1,"ArrayDimensions":[2],"AccessLevel":1,"UserAccessLevel":1,"AccessLevelEx":1}}}}}}]