[{"SequenceNumber":285,"MetaDataVersion":{"MajorVersion":1},"Timestamp":"2024-04-27T15:39:31.466264Z","MessageType":"ua-event","DataSetWriterName":"<<UnknownDataSet>>","Payload":{"EventId":{"Value":{"Type":15,"Body":"XaV3ioVqdkqP+0D1KEovRA=="}},"EventType":{"Value":{"Type":18,"Body":{"IdType":1,"Id":"ReferenceChange"}}},"SourceNode":{"Value":{"Type":17,"Body":{"Id":12637}}},"Time":{"Value":{"Type":13,"Body":"2024-04-27T15:39:31.466263Z"}},"Change":{"Value":{"Type":22,"Body":{"TypeId":{"Id":15182},"Body":{"ReferenceTypeId":{"Id":47},"IsForward":true,"NodeId":{"Id":14053},"BrowseName":{"Name":"CertificateGroups"},"DisplayName":{"Text":"CertificateGroups"},"NodeClass":1,"TypeDefinition":{"Id":13813}}}}}}}]