[{"SequenceNumber":288,"MetaDataVersion":{"MajorVersion":1},"Timestamp":"2024-04-27T15:39:31.4688644Z","MessageType":"ua-event","DataSetWriterName":"<<UnknownDataSet>>","Payload":{"EventId":{"Value":{"Type":15,"Body":"Kt7gFmYz6UORGhwCJTYUXg=="}},"EventType":{"Value":{"Type":18,"Body":{"IdType":1,"Id":"NodeChange"}}},"SourceNode":{"Value":{"Type":17,"Body":{"Id":25706}}},"Time":{"Value":{"Type":13,"Body":"2024-04-27T15:39:31.4688629Z"}},"Change":{"Value":{"Type":22,"Body":{"TypeId":{"Id":15074},"Body":{"NodeId":{"Id":25706},"NodeClass":2,"BrowseName":{"Name":"ApplicationUri"},"DisplayName":{"Text":"ApplicationUri"},"RolePermissions":[],"UserRolePermissions":[],"References":[],"Value":{"Body":null},"DataType":{"Id":23751},"ValueRank":-1,"ArrayDimensions":[],"AccessLevel":1,"UserAccessLevel":1,"AccessLevelEx":1}}}}}}]