[{"SequenceNumber":297,"MetaDataVersion":{"MajorVersion":1},"Timestamp":"2024-04-27T15:39:31.474506Z","MessageType":"ua-event","DataSetWriterName":"<<UnknownDataSet>>","Payload":{"EventId":{"Value":{"Type":15,"Body":"ych9NdzEFkS4AYrsapcDhw=="}},"EventType":{"Value":{"Type":18,"Body":{"IdType":1,"Id":"ReferenceChange"}}},"SourceNode":{"Value":{"Type":17,"Body":{"Id":12637}}},"Time":{"Value":{"Type":13,"Body":"2024-04-27T15:39:31.4745052Z"}},"Change":{"Value":{"Type":22,"Body":{"TypeId":{"Id":15182},"Body":{"ReferenceTypeId":{"Id":46},"IsForward":true,"NodeId":{"Id":12640},"BrowseName":{"Name":"MaxTrustListSize"},"DisplayName":{"Text":"MaxTrustListSize"},"NodeClass":2,"TypeDefinition":{"Id":68}}}}}}}]