[{"SequenceNumber":298,"MetaDataVersion":{"MajorVersion":1},"Timestamp":"2024-04-27T15:39:31.4756883Z","MessageType":"ua-event","DataSetWriterName":"<<UnknownDataSet>>","Payload":{"EventId":{"Value":{"Type":15,"Body":"bAlhxhTOo0mUGjiJiGVpVA=="}},"EventType":{"Value":{"Type":18,"Body":{"IdType":1,"Id":"NodeChange"}}},"SourceNode":{"Value":{"Type":17,"Body":{"Id":12640}}},"Time":{"Value":{"Type":13,"Body":"2024-04-27T15:39:31.4756867Z"}},"Change":{"Value":{"Type":22,"Body":{"TypeId":{"Id":15074},"Body":{"NodeId":{"Id":12640},"NodeClass":2,"BrowseName":{"Name":"MaxTrustListSize"},"DisplayName":{"Text":"MaxTrustListSize"},"RolePermissions":[],"UserRolePermissions":[],"References":[],"Value":{"Body":null},"DataType":{"Id":7},"ValueRank":-1,"ArrayDimensions":[],"AccessLevel":1,"UserAccessLevel":1,"AccessLevelEx":1}}}}}}]