[{"SequenceNumber":3,"MetaDataVersion":{"MajorVersion":1},"Timestamp":"2024-04-27T15:39:31.0824608Z","MessageType":"ua-event","DataSetWriterName":"<<UnknownDataSet>>","Payload":{"EventId":{"Value":{"Type":15,"Body":"U1cU84/hy0i8pYQJpu+dsA=="}},"EventType":{"Value":{"Type":18,"Body":{"IdType":1,"Id":"ReferenceChange"}}},"SourceNode":{"Value":{"Type":17,"Body":{"Id":84}}},"Time":{"Value":{"Type":13,"Body":"2024-04-27T15:39:31.0824574Z"}},"Change":{"Value":{"Type":22,"Body":{"TypeId":{"Id":15182},"Body":{"ReferenceTypeId":{"Id":35},"IsForward":true,"NodeId":{"Id":86},"BrowseName":{"Name":"Types"},"DisplayName":{"Text":"Types"},"NodeClass":1,"TypeDefinition":{"Id":61}}}}}}}]