[{"SequenceNumber":306,"MetaDataVersion":{"MajorVersion":1},"Timestamp":"2024-04-27T15:39:31.481338Z","MessageType":"ua-event","DataSetWriterName":"<<UnknownDataSet>>","Payload":{"EventId":{"Value":{"Type":15,"Body":"JuCPvEn+O06UAwzMWychgQ=="}},"EventType":{"Value":{"Type":18,"Body":{"IdType":1,"Id":"NodeChange"}}},"SourceNode":{"Value":{"Type":17,"Body":{"Id":12740}}},"Time":{"Value":{"Type":13,"Body":"2024-04-27T15:39:31.4813365Z"}},"Change":{"Value":{"Type":22,"Body":{"TypeId":{"Id":15077},"Body":{"NodeId":{"Id":12740},"NodeClass":4,"BrowseName":{"Name":"ApplyChanges"},"DisplayName":{"Text":"ApplyChanges"},"RolePermissions":[],"UserRolePermissions":[],"References":[],"Executable":true,"UserExecutable":true}}}}}}]