[{"SequenceNumber":307,"MetaDataVersion":{"MajorVersion":1},"Timestamp":"2024-04-27T15:39:31.4814987Z","MessageType":"ua-event","DataSetWriterName":"<<UnknownDataSet>>","Payload":{"EventId":{"Value":{"Type":15,"Body":"MnyVgsHap0qRYRAOZGdMKg=="}},"EventType":{"Value":{"Type":18,"Body":{"IdType":1,"Id":"ReferenceChange"}}},"SourceNode":{"Value":{"Type":17,"Body":{"Id":12637}}},"Time":{"Value":{"Type":13,"Body":"2024-04-27T15:39:31.4814978Z"}},"Change":{"Value":{"Type":22,"Body":{"TypeId":{"Id":15182},"Body":{"ReferenceTypeId":{"Id":47},"IsForward":true,"NodeId":{"Id":25708},"BrowseName":{"Name":"CancelChanges"},"DisplayName":{"Text":"CancelChanges"},"NodeClass":4,"TypeDefinition":{"Id":25698}}}}}}}]