[{"SequenceNumber":312,"MetaDataVersion":{"MajorVersion":1},"Timestamp":"2024-04-27T15:39:31.4856638Z","MessageType":"ua-event","DataSetWriterName":"<<UnknownDataSet>>","Payload":{"EventId":{"Value":{"Type":15,"Body":"DLVeYuzWZkmKunt7RXXdvg=="}},"EventType":{"Value":{"Type":18,"Body":{"IdType":1,"Id":"NodeChange"}}},"SourceNode":{"Value":{"Type":17,"Body":{"Id":12777}}},"Time":{"Value":{"Type":13,"Body":"2024-04-27T15:39:31.4856623Z"}},"Change":{"Value":{"Type":22,"Body":{"TypeId":{"Id":15077},"Body":{"NodeId":{"Id":12777},"NodeClass":4,"BrowseName":{"Name":"GetRejectedList"},"DisplayName":{"Text":"GetRejectedList"},"RolePermissions":[],"UserRolePermissions":[],"References":[],"Executable":true,"UserExecutable":true}}}}}}]