[{"SequenceNumber":313,"MetaDataVersion":{"MajorVersion":1},"Timestamp":"2024-04-27T15:39:31.4858188Z","MessageType":"ua-event","DataSetWriterName":"<<UnknownDataSet>>","Payload":{"EventId":{"Value":{"Type":15,"Body":"ZJGIA4BY+UKHK4uAU/GuBw=="}},"EventType":{"Value":{"Type":18,"Body":{"IdType":1,"Id":"ReferenceChange"}}},"SourceNode":{"Value":{"Type":17,"Body":{"Id":12637}}},"Time":{"Value":{"Type":13,"Body":"2024-04-27T15:39:31.485818Z"}},"Change":{"Value":{"Type":22,"Body":{"TypeId":{"Id":15182},"Body":{"ReferenceTypeId":{"Id":47},"IsForward":true,"NodeId":{"Id":25709},"BrowseName":{"Name":"ResetToServerDefaults"},"DisplayName":{"Text":"ResetToServerDefaults"},"NodeClass":4,"TypeDefinition":{"Id":25699}}}}}}}]