[{"SequenceNumber":315,"MetaDataVersion":{"MajorVersion":1},"Timestamp":"2024-04-27T15:39:31.4872686Z","MessageType":"ua-event","DataSetWriterName":"<<UnknownDataSet>>","Payload":{"EventId":{"Value":{"Type":15,"Body":"2kLQJK+WZEi2jztjy1lwiw=="}},"EventType":{"Value":{"Type":18,"Body":{"IdType":1,"Id":"ReferenceChange"}}},"SourceNode":{"Value":{"Type":17,"Body":{"Id":12637}}},"Time":{"Value":{"Type":13,"Body":"2024-04-27T15:39:31.4872678Z"}},"Change":{"Value":{"Type":22,"Body":{"TypeId":{"Id":15182},"Body":{"ReferenceTypeId":{"Id":47},"IsForward":true,"NodeId":{"Id":17732},"BrowseName":{"Name":"AuthorizationServices"},"DisplayName":{"Text":"AuthorizationServices"},"NodeClass":1,"TypeDefinition":{"Id":61}}}}}}}]