[{"SequenceNumber":319,"MetaDataVersion":{"MajorVersion":1},"Timestamp":"2024-04-27T15:39:31.49005Z","MessageType":"ua-event","DataSetWriterName":"<<UnknownDataSet>>","Payload":{"EventId":{"Value":{"Type":15,"Body":"1mODHEP/CEiz74AlBHpaxw=="}},"EventType":{"Value":{"Type":18,"Body":{"IdType":1,"Id":"ReferenceChange"}}},"SourceNode":{"Value":{"Type":17,"Body":{"Id":12637}}},"Time":{"Value":{"Type":13,"Body":"2024-04-27T15:39:31.4900492Z"}},"Change":{"Value":{"Type":22,"Body":{"TypeId":{"Id":15182},"Body":{"ReferenceTypeId":{"Id":47},"IsForward":true,"NodeId":{"Id":24290},"BrowseName":{"Name":"UserManagement"},"DisplayName":{"Text":"UserManagement"},"NodeClass":1,"TypeDefinition":{"Id":24264}}}}}}}]