[{"SequenceNumber":320,"MetaDataVersion":{"MajorVersion":1},"Timestamp":"2024-04-27T15:39:31.4912749Z","MessageType":"ua-event","DataSetWriterName":"<<UnknownDataSet>>","Payload":{"EventId":{"Value":{"Type":15,"Body":"tjTRIKZPiU2tYL094zCnIQ=="}},"EventType":{"Value":{"Type":18,"Body":{"IdType":1,"Id":"NodeChange"}}},"SourceNode":{"Value":{"Type":17,"Body":{"Id":24290}}},"Time":{"Value":{"Type":13,"Body":"2024-04-27T15:39:31.4912735Z"}},"Change":{"Value":{"Type":22,"Body":{"TypeId":{"Id":15071},"Body":{"NodeId":{"Id":24290},"NodeClass":1,"BrowseName":{"Name":"UserManagement"},"DisplayName":{"Text":"UserManagement"},"RolePermissions":[],"UserRolePermissions":[],"References":[]}}}}}}]