[{"SequenceNumber":329,"MetaDataVersion":{"MajorVersion":1},"Timestamp":"2024-04-27T15:39:31.4972562Z","MessageType":"ua-event","DataSetWriterName":"<<UnknownDataSet>>","Payload":{"EventId":{"Value":{"Type":15,"Body":"PDzl9r4bKkOAb6MCR/WXqg=="}},"EventType":{"Value":{"Type":18,"Body":{"IdType":1,"Id":"ReferenceChange"}}},"SourceNode":{"Value":{"Type":17,"Body":{"Id":32637}}},"Time":{"Value":{"Type":13,"Body":"2024-04-27T15:39:31.4972553Z"}},"Change":{"Value":{"Type":22,"Body":{"TypeId":{"Id":15182},"Body":{"ReferenceTypeId":{"Id":46},"IsForward":true,"NodeId":{"Id":32646},"BrowseName":{"Name":"MaxTimeInterval"},"DisplayName":{"Text":"MaxTimeInterval"},"NodeClass":2,"TypeDefinition":{"Id":68}}}}}}}]