[{"SequenceNumber":339,"MetaDataVersion":{"MajorVersion":1},"Timestamp":"2024-04-27T15:39:31.5040904Z","MessageType":"ua-event","DataSetWriterName":"<<UnknownDataSet>>","Payload":{"EventId":{"Value":{"Type":15,"Body":"lGMVxfm45kegu9tdaXuecA=="}},"EventType":{"Value":{"Type":18,"Body":{"IdType":1,"Id":"ReferenceChange"}}},"SourceNode":{"Value":{"Type":17,"Body":{"Id":32637}}},"Time":{"Value":{"Type":13,"Body":"2024-04-27T15:39:31.5040888Z"}},"Change":{"Value":{"Type":22,"Body":{"TypeId":{"Id":15182},"Body":{"ReferenceTypeId":{"Id":46},"IsForward":true,"NodeId":{"Id":32656},"BrowseName":{"Name":"StartOfOnlineArchive"},"DisplayName":{"Text":"StartOfOnlineArchive"},"NodeClass":2,"TypeDefinition":{"Id":68}}}}}}}]