[{"SequenceNumber":351,"MetaDataVersion":{"MajorVersion":1},"Timestamp":"2024-04-27T15:39:31.5128649Z","MessageType":"ua-event","DataSetWriterName":"<<UnknownDataSet>>","Payload":{"EventId":{"Value":{"Type":15,"Body":"rDnspbL+ykaEuvdXR0elEg=="}},"EventType":{"Value":{"Type":18,"Body":{"IdType":1,"Id":"ReferenceChange"}}},"SourceNode":{"Value":{"Type":17,"Body":{"Id":32754}}},"Time":{"Value":{"Type":13,"Body":"2024-04-27T15:39:31.5128639Z"}},"Change":{"Value":{"Type":22,"Body":{"TypeId":{"Id":15182},"Body":{"ReferenceTypeId":{"Id":46},"IsForward":true,"NodeId":{"Id":32757},"BrowseName":{"Name":"StartOfOnlineArchive"},"DisplayName":{"Text":"StartOfOnlineArchive"},"NodeClass":2,"TypeDefinition":{"Id":68}}}}}}}]