[{"SequenceNumber":352,"MetaDataVersion":{"MajorVersion":1},"Timestamp":"2024-04-27T15:39:31.5141487Z","MessageType":"ua-event","DataSetWriterName":"<<UnknownDataSet>>","Payload":{"EventId":{"Value":{"Type":15,"Body":"7koXfjma8k6eQD7/PQjiuw=="}},"EventType":{"Value":{"Type":18,"Body":{"IdType":1,"Id":"NodeChange"}}},"SourceNode":{"Value":{"Type":17,"Body":{"Id":32757}}},"Time":{"Value":{"Type":13,"Body":"2024-04-27T15:39:31.5141469Z"}},"Change":{"Value":{"Type":22,"Body":{"TypeId":{"Id":15074},"Body":{"NodeId":{"Id":32757},"NodeClass":2,"BrowseName":{"Name":"StartOfOnlineArchive"},"DisplayName":{"Text":"StartOfOnlineArchive"},"RolePermissions":[],"UserRolePermissions":[],"References":[],"Value":{"Body":null},"DataType":{"Id":294},"ValueRank":-1,"ArrayDimensions":[],"AccessLevel":1,"UserAccessLevel":1,"AccessLevelEx":1}}}}}}]