[{"SequenceNumber":353,"MetaDataVersion":{"MajorVersion":1},"Timestamp":"2024-04-27T15:39:31.5143113Z","MessageType":"ua-event","DataSetWriterName":"<<UnknownDataSet>>","Payload":{"EventId":{"Value":{"Type":15,"Body":"2k9t17Wrf02XFHt0A+UA+A=="}},"EventType":{"Value":{"Type":18,"Body":{"IdType":1,"Id":"ReferenceChange"}}},"SourceNode":{"Value":{"Type":17,"Body":{"Id":14443}}},"Time":{"Value":{"Type":13,"Body":"2024-04-27T15:39:31.5143095Z"}},"Change":{"Value":{"Type":22,"Body":{"TypeId":{"Id":15182},"Body":{"ReferenceTypeId":{"Id":47},"IsForward":true,"NodeId":{"Id":15215},"BrowseName":{"Name":"GetSecurityKeys"},"DisplayName":{"Text":"GetSecurityKeys"},"NodeClass":4,"TypeDefinition":{"Id":15907}}}}}}}]