[{"SequenceNumber":370,"MetaDataVersion":{"MajorVersion":1},"Timestamp":"2024-04-27T15:39:31.5272936Z","MessageType":"ua-event","DataSetWriterName":"<<UnknownDataSet>>","Payload":{"EventId":{"Value":{"Type":15,"Body":"5iPoNpD340GD6GwnSjfMrA=="}},"EventType":{"Value":{"Type":18,"Body":{"IdType":1,"Id":"NodeChange"}}},"SourceNode":{"Value":{"Type":17,"Body":{"Id":23658}}},"Time":{"Value":{"Type":13,"Body":"2024-04-27T15:39:31.5272918Z"}},"Change":{"Value":{"Type":22,"Body":{"TypeId":{"Id":15071},"Body":{"NodeId":{"Id":23658},"NodeClass":1,"BrowseName":{"Name":"SubscribedDataSets"},"DisplayName":{"Text":"SubscribedDataSets"},"RolePermissions":[],"UserRolePermissions":[],"References":[]}}}}}}]