[{"SequenceNumber":372,"MetaDataVersion":{"MajorVersion":1},"Timestamp":"2024-04-27T15:39:31.5288381Z","MessageType":"ua-event","DataSetWriterName":"<<UnknownDataSet>>","Payload":{"EventId":{"Value":{"Type":15,"Body":"1HoEFk++rU+pw7xmDjZ1Fg=="}},"EventType":{"Value":{"Type":18,"Body":{"IdType":1,"Id":"NodeChange"}}},"SourceNode":{"Value":{"Type":17,"Body":{"Id":25451}}},"Time":{"Value":{"Type":13,"Body":"2024-04-27T15:39:31.5288363Z"}},"Change":{"Value":{"Type":22,"Body":{"TypeId":{"Id":15071},"Body":{"NodeId":{"Id":25451},"NodeClass":1,"BrowseName":{"Name":"PubSubConfiguration"},"DisplayName":{"Text":"PubSubConfiguration"},"RolePermissions":[],"UserRolePermissions":[],"References":[]}}}}}}]