[{"SequenceNumber":374,"MetaDataVersion":{"MajorVersion":1},"Timestamp":"2024-04-27T15:39:31.5302712Z","MessageType":"ua-event","DataSetWriterName":"<<UnknownDataSet>>","Payload":{"EventId":{"Value":{"Type":15,"Body":"q+eUGlGUj0m1BaeadD2AjQ=="}},"EventType":{"Value":{"Type":18,"Body":{"IdType":1,"Id":"NodeChange"}}},"SourceNode":{"Value":{"Type":17,"Body":{"Id":17405}}},"Time":{"Value":{"Type":13,"Body":"2024-04-27T15:39:31.5302692Z"}},"Change":{"Value":{"Type":22,"Body":{"TypeId":{"Id":15071},"Body":{"NodeId":{"Id":17405},"NodeClass":1,"BrowseName":{"Name":"Status"},"DisplayName":{"Text":"Status"},"RolePermissions":[],"UserRolePermissions":[],"References":[]}}}}}}]