[{"SequenceNumber":377,"MetaDataVersion":{"MajorVersion":1},"Timestamp":"2024-04-27T15:39:31.5320173Z","MessageType":"ua-event","DataSetWriterName":"<<UnknownDataSet>>","Payload":{"EventId":{"Value":{"Type":15,"Body":"ofxPnVTj1k6EJ2NR0svhQg=="}},"EventType":{"Value":{"Type":18,"Body":{"IdType":1,"Id":"ReferenceChange"}}},"SourceNode":{"Value":{"Type":17,"Body":{"Id":14443}}},"Time":{"Value":{"Type":13,"Body":"2024-04-27T15:39:31.5320162Z"}},"Change":{"Value":{"Type":22,"Body":{"TypeId":{"Id":15182},"Body":{"ReferenceTypeId":{"Id":47},"IsForward":true,"NodeId":{"Id":23678},"BrowseName":{"Name":"PubSubCapablities"},"DisplayName":{"Text":"PubSubCapabilities"},"NodeClass":1,"TypeDefinition":{"Id":23832}}}}}}}]