[{"SequenceNumber":381,"MetaDataVersion":{"MajorVersion":1},"Timestamp":"2024-04-27T15:39:31.535123Z","MessageType":"ua-event","DataSetWriterName":"<<UnknownDataSet>>","Payload":{"EventId":{"Value":{"Type":15,"Body":"2V9sxeQCbkOSIOJMPtX4bQ=="}},"EventType":{"Value":{"Type":18,"Body":{"IdType":1,"Id":"ReferenceChange"}}},"SourceNode":{"Value":{"Type":17,"Body":{"Id":14443}}},"Time":{"Value":{"Type":13,"Body":"2024-04-27T15:39:31.5351218Z"}},"Change":{"Value":{"Type":22,"Body":{"TypeId":{"Id":15182},"Body":{"ReferenceTypeId":{"Id":46},"IsForward":true,"NodeId":{"Id":17481},"BrowseName":{"Name":"SupportedTransportProfiles"},"DisplayName":{"Text":"SupportedTransportProfiles"},"NodeClass":2,"TypeDefinition":{"Id":68}}}}}}}]