[{"SequenceNumber":389,"MetaDataVersion":{"MajorVersion":1},"Timestamp":"2024-04-27T15:39:31.541168Z","MessageType":"ua-event","DataSetWriterName":"<<UnknownDataSet>>","Payload":{"EventId":{"Value":{"Type":15,"Body":"HOkX9Q/jAkeKLiq8dJVgfg=="}},"EventType":{"Value":{"Type":18,"Body":{"IdType":1,"Id":"ReferenceChange"}}},"SourceNode":{"Value":{"Type":17,"Body":{"Id":14443}}},"Time":{"Value":{"Type":13,"Body":"2024-04-27T15:39:31.5411669Z"}},"Change":{"Value":{"Type":22,"Body":{"TypeId":{"Id":15182},"Body":{"ReferenceTypeId":{"Id":46},"IsForward":true,"NodeId":{"Id":32404},"BrowseName":{"Name":"ConfigurationProperties"},"DisplayName":{"Text":"ConfigurationProperties"},"NodeClass":2,"TypeDefinition":{"Id":68}}}}}}}]