[{"SequenceNumber":391,"MetaDataVersion":{"MajorVersion":1},"Timestamp":"2024-04-27T15:39:31.5426557Z","MessageType":"ua-event","DataSetWriterName":"<<UnknownDataSet>>","Payload":{"EventId":{"Value":{"Type":15,"Body":"OU3JOA6G0UiSsECXhaCHkw=="}},"EventType":{"Value":{"Type":18,"Body":{"IdType":1,"Id":"ReferenceChange"}}},"SourceNode":{"Value":{"Type":17,"Body":{"Id":24226}}},"Time":{"Value":{"Type":13,"Body":"2024-04-27T15:39:31.5426546Z"}},"Change":{"Value":{"Type":22,"Body":{"TypeId":{"Id":15182},"Body":{"ReferenceTypeId":{"Id":35},"IsForward":true,"NodeId":{"Id":24227},"BrowseName":{"Name":"Communication"},"DisplayName":{"Text":"Communication"},"NodeClass":1,"TypeDefinition":{"Id":61}}}}}}}]