[{"SequenceNumber":394,"MetaDataVersion":{"MajorVersion":1},"Timestamp":"2024-04-27T15:39:31.5454463Z","MessageType":"ua-event","DataSetWriterName":"<<UnknownDataSet>>","Payload":{"EventId":{"Value":{"Type":15,"Body":"/zfP6xajF0StCGoKMDmoBw=="}},"EventType":{"Value":{"Type":18,"Body":{"IdType":1,"Id":"NodeChange"}}},"SourceNode":{"Value":{"Type":17,"Body":{"Id":29878}}},"Time":{"Value":{"Type":13,"Body":"2024-04-27T15:39:31.5454446Z"}},"Change":{"Value":{"Type":22,"Body":{"TypeId":{"Id":15071},"Body":{"NodeId":{"Id":29878},"NodeClass":1,"BrowseName":{"Name":"ProvisionableDevice"},"DisplayName":{"Text":"ProvisionableDevice"},"RolePermissions":[],"UserRolePermissions":[],"References":[]}}}}}}]