[{"SequenceNumber":397,"MetaDataVersion":{"MajorVersion":1},"Timestamp":"2024-04-27T15:39:31.5472101Z","MessageType":"ua-event","DataSetWriterName":"<<UnknownDataSet>>","Payload":{"EventId":{"Value":{"Type":15,"Body":"/yHD97tNN0qANTT+eKI7Ew=="}},"EventType":{"Value":{"Type":18,"Body":{"IdType":1,"Id":"ReferenceChange"}}},"SourceNode":{"Value":{"Type":17,"Body":{"IdType":1,"Id":"0:/Yellow","Namespace":15}}},"Time":{"Value":{"Type":13,"Body":"2024-04-27T15:39:31.5472094Z"}},"Change":{"Value":{"Type":22,"Body":{"TypeId":{"Id":15182},"Body":{"ReferenceTypeId":{"Id":48},"IsForward":true,"NodeId":{"IdType":1,"Id":"0:Yellow/West","Namespace":15},"BrowseName":{"Name":"West","Uri":15},"DisplayName":{"Text":"West"},"NodeClass":1,"TypeDefinition":{"Id":61}}}}}}}]