[{"SequenceNumber":398,"MetaDataVersion":{"MajorVersion":1},"Timestamp":"2024-04-27T15:39:31.5485894Z","MessageType":"ua-event","DataSetWriterName":"<<UnknownDataSet>>","Payload":{"EventId":{"Value":{"Type":15,"Body":"eJUDRH5t7kG8R63zQl6Mcg=="}},"EventType":{"Value":{"Type":18,"Body":{"IdType":1,"Id":"NodeChange"}}},"SourceNode":{"Value":{"Type":17,"Body":{"IdType":1,"Id":"0:Yellow/West","Namespace":15}}},"Time":{"Value":{"Type":13,"Body":"2024-04-27T15:39:31.5485876Z"}},"Change":{"Value":{"Type":22,"Body":{"TypeId":{"Id":15071},"Body":{"NodeId":{"IdType":1,"Id":"0:Yellow/West","Namespace":15},"NodeClass":1,"BrowseName":{"Name":"West","Uri":15},"DisplayName":{"Text":"West"},"RolePermissions":[],"UserRolePermissions":[],"References":[],"EventNotifier":1}}}}}}]