[{"SequenceNumber":4,"MetaDataVersion":{"MajorVersion":1},"Timestamp":"2024-04-27T15:39:31.1099071Z","MessageType":"ua-event","DataSetWriterName":"<<UnknownDataSet>>","Payload":{"EventId":{"Value":{"Type":15,"Body":"UAQXftEv8EenuJFcvcpY6w=="}},"EventType":{"Value":{"Type":18,"Body":{"IdType":1,"Id":"NodeChange"}}},"SourceNode":{"Value":{"Type":17,"Body":{"Id":86}}},"Time":{"Value":{"Type":13,"Body":"2024-04-27T15:39:31.1099017Z"}},"Change":{"Value":{"Type":22,"Body":{"TypeId":{"Id":15071},"Body":{"NodeId":{"Id":86},"NodeClass":1,"BrowseName":{"Name":"Types"},"DisplayName":{"Text":"Types"},"Description":{"Text":"The browse entry point when looking for types in the server address space."},"RolePermissions":[],"UserRolePermissions":[],"References":[]}}}}}}]