[{"SequenceNumber":40,"MetaDataVersion":{"MajorVersion":1},"Timestamp":"2024-04-27T15:39:31.176545Z","MessageType":"ua-event","DataSetWriterName":"<<UnknownDataSet>>","Payload":{"EventId":{"Value":{"Type":15,"Body":"/liWfdpEQ0an5YffXWVbog=="}},"EventType":{"Value":{"Type":18,"Body":{"IdType":1,"Id":"NodeChange"}}},"SourceNode":{"Value":{"Type":17,"Body":{"Id":88}}},"Time":{"Value":{"Type":13,"Body":"2024-04-27T15:39:31.1765408Z"}},"Change":{"Value":{"Type":22,"Body":{"TypeId":{"Id":15071},"Body":{"NodeId":{"Id":88},"NodeClass":1,"BrowseName":{"Name":"ObjectTypes"},"DisplayName":{"Text":"ObjectTypes"},"Description":{"Text":"The browse entry point when looking for object types in the server address space."},"RolePermissions":[],"UserRolePermissions":[],"References":[]}}}}}}]