[{"SequenceNumber":403,"MetaDataVersion":{"MajorVersion":1},"Timestamp":"2024-04-27T15:39:31.5515281Z","MessageType":"ua-event","DataSetWriterName":"<<UnknownDataSet>>","Payload":{"EventId":{"Value":{"Type":15,"Body":"YVLXliaxZUGj4MMFPYmwwg=="}},"EventType":{"Value":{"Type":18,"Body":{"IdType":1,"Id":"ReferenceChange"}}},"SourceNode":{"Value":{"Type":17,"Body":{"Id":23479}}},"Time":{"Value":{"Type":13,"Body":"2024-04-27T15:39:31.5515273Z"}},"Change":{"Value":{"Type":22,"Body":{"TypeId":{"Id":15182},"Body":{"ReferenceTypeId":{"Id":47},"IsForward":true,"NodeId":{"Id":23485},"BrowseName":{"Name":"FindAlias"},"DisplayName":{"Text":"FindAlias"},"NodeClass":4,"TypeDefinition":{"Id":23462}}}}}}}]