[{"SequenceNumber":404,"MetaDataVersion":{"MajorVersion":1},"Timestamp":"2024-04-27T15:39:31.5527841Z","MessageType":"ua-event","DataSetWriterName":"<<UnknownDataSet>>","Payload":{"EventId":{"Value":{"Type":15,"Body":"Owv1AMOXRkOCQGr0TuL9Tw=="}},"EventType":{"Value":{"Type":18,"Body":{"IdType":1,"Id":"NodeChange"}}},"SourceNode":{"Value":{"Type":17,"Body":{"Id":23485}}},"Time":{"Value":{"Type":13,"Body":"2024-04-27T15:39:31.552782Z"}},"Change":{"Value":{"Type":22,"Body":{"TypeId":{"Id":15077},"Body":{"NodeId":{"Id":23485},"NodeClass":4,"BrowseName":{"Name":"FindAlias"},"DisplayName":{"Text":"FindAlias"},"RolePermissions":[],"UserRolePermissions":[],"References":[],"Executable":true,"UserExecutable":true}}}}}}]