[{"SequenceNumber":405,"MetaDataVersion":{"MajorVersion":1},"Timestamp":"2024-04-27T15:39:31.5529858Z","MessageType":"ua-event","DataSetWriterName":"<<UnknownDataSet>>","Payload":{"EventId":{"Value":{"Type":15,"Body":"w2uFmKFvbkigjL+rJFkTVw=="}},"EventType":{"Value":{"Type":18,"Body":{"IdType":1,"Id":"ReferenceChange"}}},"SourceNode":{"Value":{"Type":17,"Body":{"Id":23488}}},"Time":{"Value":{"Type":13,"Body":"2024-04-27T15:39:31.5529848Z"}},"Change":{"Value":{"Type":22,"Body":{"TypeId":{"Id":15182},"Body":{"ReferenceTypeId":{"Id":47},"IsForward":true,"NodeId":{"Id":23494},"BrowseName":{"Name":"FindAlias"},"DisplayName":{"Text":"FindAlias"},"NodeClass":4,"TypeDefinition":{"Id":23462}}}}}}}]