[{"SequenceNumber":414,"MetaDataVersion":{"MajorVersion":1},"Timestamp":"2024-04-27T15:39:31.5600453Z","MessageType":"ua-event","DataSetWriterName":"<<UnknownDataSet>>","Payload":{"EventId":{"Value":{"Type":15,"Body":"bSKVAEdMl06jIpjiEVlpxg=="}},"EventType":{"Value":{"Type":18,"Body":{"IdType":1,"Id":"NodeChange"}}},"SourceNode":{"Value":{"Type":17,"Body":{"Id":10406,"Namespace":2}}},"Time":{"Value":{"Type":13,"Body":"2024-04-27T15:39:31.5600437Z"}},"Change":{"Value":{"Type":22,"Body":{"TypeId":{"Id":15071},"Body":{"NodeId":{"Id":10406,"Namespace":2},"NodeClass":1,"BrowseName":{"Name":"UserArray","Uri":2},"DisplayName":{"Text":"UserArray"},"RolePermissions":[],"UserRolePermissions":[],"References":[]}}}}}}]