[{"SequenceNumber":417,"MetaDataVersion":{"MajorVersion":1},"Timestamp":"2024-04-27T15:39:31.5616202Z","MessageType":"ua-event","DataSetWriterName":"<<UnknownDataSet>>","Payload":{"EventId":{"Value":{"Type":15,"Body":"9NwfsFyluU+cd8OZ0YhEZw=="}},"EventType":{"Value":{"Type":18,"Body":{"IdType":1,"Id":"ReferenceChange"}}},"SourceNode":{"Value":{"Type":17,"Body":{"Id":10158,"Namespace":2}}},"Time":{"Value":{"Type":13,"Body":"2024-04-27T15:39:31.5616194Z"}},"Change":{"Value":{"Type":22,"Body":{"TypeId":{"Id":15182},"Body":{"ReferenceTypeId":{"Id":47},"IsForward":true,"NodeId":{"Id":10620,"Namespace":2},"BrowseName":{"Name":"AnalogArray","Uri":2},"DisplayName":{"Text":"AnalogArray"},"NodeClass":1,"TypeDefinition":{"Id":9763,"Namespace":2}}}}}}}]