[{"SequenceNumber":424,"MetaDataVersion":{"MajorVersion":1},"Timestamp":"2024-04-27T15:39:31.5680924Z","MessageType":"ua-event","DataSetWriterName":"<<UnknownDataSet>>","Payload":{"EventId":{"Value":{"Type":15,"Body":"0P5wkmX/nECOSrEO2U+S5A=="}},"EventType":{"Value":{"Type":18,"Body":{"IdType":1,"Id":"NodeChange"}}},"SourceNode":{"Value":{"Type":17,"Body":{"Id":10787,"Namespace":2}}},"Time":{"Value":{"Type":13,"Body":"2024-04-27T15:39:31.5680907Z"}},"Change":{"Value":{"Type":22,"Body":{"TypeId":{"Id":15071},"Body":{"NodeId":{"Id":10787,"Namespace":2},"NodeClass":1,"BrowseName":{"Name":"Scalar","Uri":2},"DisplayName":{"Text":"Scalar"},"RolePermissions":[],"UserRolePermissions":[],"References":[]}}}}}}]