[{"SequenceNumber":438,"MetaDataVersion":{"MajorVersion":1},"Timestamp":"2024-04-27T15:39:31.5796353Z","MessageType":"ua-event","DataSetWriterName":"<<UnknownDataSet>>","Payload":{"EventId":{"Value":{"Type":15,"Body":"A+jU/vBYrkW4FrSNcSvBcQ=="}},"EventType":{"Value":{"Type":18,"Body":{"IdType":1,"Id":"NodeChange"}}},"SourceNode":{"Value":{"Type":17,"Body":{"Id":11384,"Namespace":2}}},"Time":{"Value":{"Type":13,"Body":"2024-04-27T15:39:31.5796332Z"}},"Change":{"Value":{"Type":22,"Body":{"TypeId":{"Id":15071},"Body":{"NodeId":{"Id":11384,"Namespace":2},"NodeClass":1,"BrowseName":{"Name":"SystemStatus","Uri":2},"DisplayName":{"Text":"SystemStatus"},"RolePermissions":[],"UserRolePermissions":[],"References":[]}}}}}}]