[{"SequenceNumber":44,"MetaDataVersion":{"MajorVersion":1},"Timestamp":"2024-04-27T15:39:31.1864763Z","MessageType":"ua-event","DataSetWriterName":"<<UnknownDataSet>>","Payload":{"EventId":{"Value":{"Type":15,"Body":"2AX9huEpxEiA1u8Or1iybQ=="}},"EventType":{"Value":{"Type":18,"Body":{"IdType":1,"Id":"NodeChange"}}},"SourceNode":{"Value":{"Type":17,"Body":{"Id":90}}},"Time":{"Value":{"Type":13,"Body":"2024-04-27T15:39:31.1864726Z"}},"Change":{"Value":{"Type":22,"Body":{"TypeId":{"Id":15071},"Body":{"NodeId":{"Id":90},"NodeClass":1,"BrowseName":{"Name":"DataTypes"},"DisplayName":{"Text":"DataTypes"},"Description":{"Text":"The browse entry point when looking for data types in the server address space."},"RolePermissions":[],"UserRolePermissions":[],"References":[]}}}}}}]