[{"SequenceNumber":446,"MetaDataVersion":{"MajorVersion":1},"Timestamp":"2024-04-27T15:39:31.5858077Z","MessageType":"ua-event","DataSetWriterName":"<<UnknownDataSet>>","Payload":{"EventId":{"Value":{"Type":15,"Body":"upp3M43DsUq4kBF2EpPFyQ=="}},"EventType":{"Value":{"Type":18,"Body":{"IdType":1,"Id":"NodeChange"}}},"SourceNode":{"Value":{"Type":17,"Body":{"Id":10410,"Namespace":2}}},"Time":{"Value":{"Type":13,"Body":"2024-04-27T15:39:31.585806Z"}},"Change":{"Value":{"Type":22,"Body":{"TypeId":{"Id":15071},"Body":{"NodeId":{"Id":10410,"Namespace":2},"NodeClass":1,"BrowseName":{"Name":"CycleComplete","Uri":2},"DisplayName":{"Text":"CycleComplete"},"RolePermissions":[],"UserRolePermissions":[],"References":[]}}}}}}]