[{"SequenceNumber":447,"MetaDataVersion":{"MajorVersion":1},"Timestamp":"2024-04-27T15:39:31.5859816Z","MessageType":"ua-event","DataSetWriterName":"<<UnknownDataSet>>","Payload":{"EventId":{"Value":{"Type":15,"Body":"X+ZOf03oI0q5GkjMCk5jMA=="}},"EventType":{"Value":{"Type":18,"Body":{"IdType":1,"Id":"ReferenceChange"}}},"SourceNode":{"Value":{"Type":17,"Body":{"Id":11383,"Namespace":2}}},"Time":{"Value":{"Type":13,"Body":"2024-04-27T15:39:31.5859806Z"}},"Change":{"Value":{"Type":22,"Body":{"TypeId":{"Id":15182},"Body":{"ReferenceTypeId":{"Id":36},"IsForward":true,"NodeId":{"Id":10489,"Namespace":2},"BrowseName":{"Name":"CycleComplete","Uri":2},"DisplayName":{"Text":"CycleComplete"},"NodeClass":1,"TypeDefinition":{"Id":2881}}}}}}}]