[{"SequenceNumber":45,"MetaDataVersion":{"MajorVersion":1},"Timestamp":"2024-04-27T15:39:31.18671Z","MessageType":"ua-event","DataSetWriterName":"<<UnknownDataSet>>","Payload":{"EventId":{"Value":{"Type":15,"Body":"W7v2P54eAUOIQB6/G+Rl/w=="}},"EventType":{"Value":{"Type":18,"Body":{"IdType":1,"Id":"ReferenceChange"}}},"SourceNode":{"Value":{"Type":17,"Body":{"Id":86}}},"Time":{"Value":{"Type":13,"Body":"2024-04-27T15:39:31.1867088Z"}},"Change":{"Value":{"Type":22,"Body":{"TypeId":{"Id":15182},"Body":{"ReferenceTypeId":{"Id":35},"IsForward":true,"NodeId":{"Id":91},"BrowseName":{"Name":"ReferenceTypes"},"DisplayName":{"Text":"ReferenceTypes"},"NodeClass":1,"TypeDefinition":{"Id":61}}}}}}}]