[{"SequenceNumber":451,"MetaDataVersion":{"MajorVersion":1},"Timestamp":"2024-04-27T15:39:31.589257Z","MessageType":"ua-event","DataSetWriterName":"<<UnknownDataSet>>","Payload":{"EventId":{"Value":{"Type":15,"Body":"bI/9Pxy0Z0ecvVi6xrLalQ=="}},"EventType":{"Value":{"Type":18,"Body":{"IdType":1,"Id":"ReferenceChange"}}},"SourceNode":{"Value":{"Type":17,"Body":{"Id":11383,"Namespace":2}}},"Time":{"Value":{"Type":13,"Body":"2024-04-27T15:39:31.5892559Z"}},"Change":{"Value":{"Type":22,"Body":{"TypeId":{"Id":15182},"Body":{"ReferenceTypeId":{"Id":36},"IsForward":true,"NodeId":{"Id":10791,"Namespace":2},"BrowseName":{"Name":"CycleComplete","Uri":2},"DisplayName":{"Text":"CycleComplete"},"NodeClass":1,"TypeDefinition":{"Id":2881}}}}}}}]