[{"SequenceNumber":469,"MetaDataVersion":{"MajorVersion":1},"Timestamp":"2024-04-27T15:39:31.6035858Z","MessageType":"ua-event","DataSetWriterName":"<<UnknownDataSet>>","Payload":{"EventId":{"Value":{"Type":15,"Body":"F3B26eCqX0uQtWBeWSMeRg=="}},"EventType":{"Value":{"Type":18,"Body":{"IdType":1,"Id":"NodeChange"}}},"SourceNode":{"Value":{"Type":17,"Body":{"IdType":1,"Id":"Well_24412","Namespace":9}}},"Time":{"Value":{"Type":13,"Body":"2024-04-27T15:39:31.6035841Z"}},"Change":{"Value":{"Type":22,"Body":{"TypeId":{"Id":15071},"Body":{"NodeId":{"IdType":1,"Id":"Well_24412","Namespace":9},"NodeClass":1,"BrowseName":{"Name":"Jupiter","Uri":9},"DisplayName":{"Text":"Jupiter"},"RolePermissions":[],"UserRolePermissions":[],"References":[],"EventNotifier":13}}}}}}]