[{"SequenceNumber":470,"MetaDataVersion":{"MajorVersion":1},"Timestamp":"2024-04-27T15:39:31.6037563Z","MessageType":"ua-event","DataSetWriterName":"<<UnknownDataSet>>","Payload":{"EventId":{"Value":{"Type":15,"Body":"Lu2ThMiKIkSC3MQF/39R2g=="}},"EventType":{"Value":{"Type":18,"Body":{"IdType":1,"Id":"ReferenceChange"}}},"SourceNode":{"Value":{"Type":17,"Body":{"IdType":1,"Id":"Area51","Namespace":9}}},"Time":{"Value":{"Type":13,"Body":"2024-04-27T15:39:31.6037553Z"}},"Change":{"Value":{"Type":22,"Body":{"TypeId":{"Id":15182},"Body":{"ReferenceTypeId":{"Id":48},"IsForward":true,"NodeId":{"IdType":1,"Id":"Well_48306","Namespace":9},"BrowseName":{"Name":"Titan","Uri":9},"DisplayName":{"Text":"Titan"},"NodeClass":1,"TypeDefinition":{"Id":308,"Namespace":9}}}}}}}]