[{"SequenceNumber":484,"MetaDataVersion":{"MajorVersion":1},"Timestamp":"2024-04-27T15:39:31.614579Z","MessageType":"ua-event","DataSetWriterName":"<<UnknownDataSet>>","Payload":{"EventId":{"Value":{"Type":15,"Body":"ZRtFxrrPX060R7YiCqMvUw=="}},"EventType":{"Value":{"Type":18,"Body":{"IdType":1,"Id":"ReferenceChange"}}},"SourceNode":{"Value":{"Type":17,"Body":{"IdType":1,"Id":"0:Boiler #2","Namespace":11}}},"Time":{"Value":{"Type":13,"Body":"2024-04-27T15:39:31.6145782Z"}},"Change":{"Value":{"Type":22,"Body":{"TypeId":{"Id":15182},"Body":{"ReferenceTypeId":{"Id":47},"IsForward":true,"NodeId":{"IdType":1,"Id":"0:Boiler #2?SteamOut","Namespace":11},"BrowseName":{"Name":"SteamOut","Uri":11},"DisplayName":{"Text":"SteamOut"},"NodeClass":1,"TypeDefinition":{"Id":58}}}}}}}]