[{"SequenceNumber":485,"MetaDataVersion":{"MajorVersion":1},"Timestamp":"2024-04-27T15:39:31.6159694Z","MessageType":"ua-event","DataSetWriterName":"<<UnknownDataSet>>","Payload":{"EventId":{"Value":{"Type":15,"Body":"uqi+tugDNUuu1/za+cXF/A=="}},"EventType":{"Value":{"Type":18,"Body":{"IdType":1,"Id":"NodeChange"}}},"SourceNode":{"Value":{"Type":17,"Body":{"IdType":1,"Id":"0:Boiler #2?SteamOut","Namespace":11}}},"Time":{"Value":{"Type":13,"Body":"2024-04-27T15:39:31.6159677Z"}},"Change":{"Value":{"Type":22,"Body":{"TypeId":{"Id":15071},"Body":{"NodeId":{"IdType":1,"Id":"0:Boiler #2?SteamOut","Namespace":11},"NodeClass":1,"BrowseName":{"Name":"SteamOut","Uri":11},"DisplayName":{"Text":"SteamOut"},"RolePermissions":[],"UserRolePermissions":[],"References":[]}}}}}}]