[{"SequenceNumber":492,"MetaDataVersion":{"MajorVersion":1},"Timestamp":"2024-04-27T15:39:31.6211094Z","MessageType":"ua-event","DataSetWriterName":"<<UnknownDataSet>>","Payload":{"EventId":{"Value":{"Type":15,"Body":"/FwxJoIDZ0aMlZHr/khW8g=="}},"EventType":{"Value":{"Type":18,"Body":{"IdType":1,"Id":"ReferenceChange"}}},"SourceNode":{"Value":{"Type":17,"Body":{"IdType":1,"Id":"UInt32","Namespace":22}}},"Time":{"Value":{"Type":13,"Body":"2024-04-27T15:39:31.6211085Z"}},"Change":{"Value":{"Type":22,"Body":{"TypeId":{"Id":15182},"Body":{"ReferenceTypeId":{"Id":47},"IsForward":true,"NodeId":{"IdType":1,"Id":"UInt32[0]","Namespace":22},"BrowseName":{"Name":"00000000","Uri":21},"DisplayName":{"Text":"00000000"},"NodeClass":2,"TypeDefinition":{"Id":1018,"Namespace":21}}}}}}}]