[{"SequenceNumber":50,"MetaDataVersion":{"MajorVersion":1},"Timestamp":"2024-04-27T15:39:31.2018363Z","MessageType":"ua-event","DataSetWriterName":"<<UnknownDataSet>>","Payload":{"EventId":{"Value":{"Type":15,"Body":"Tgm/DsqnukWvV7OM7FTPbg=="}},"EventType":{"Value":{"Type":18,"Body":{"IdType":1,"Id":"NodeChange"}}},"SourceNode":{"Value":{"Type":17,"Body":{"Id":17708}}},"Time":{"Value":{"Type":13,"Body":"2024-04-27T15:39:31.2018323Z"}},"Change":{"Value":{"Type":22,"Body":{"TypeId":{"Id":15071},"Body":{"NodeId":{"Id":17708},"NodeClass":1,"BrowseName":{"Name":"InterfaceTypes"},"DisplayName":{"Text":"InterfaceTypes"},"RolePermissions":[],"UserRolePermissions":[],"References":[]}}}}}}]