[{"SequenceNumber":56,"MetaDataVersion":{"MajorVersion":1},"Timestamp":"2024-04-27T15:39:31.2204565Z","MessageType":"ua-event","DataSetWriterName":"<<UnknownDataSet>>","Payload":{"EventId":{"Value":{"Type":15,"Body":"BbgeQZt1VEGMlwnh9m326A=="}},"EventType":{"Value":{"Type":18,"Body":{"IdType":1,"Id":"NodeChange"}}},"SourceNode":{"Value":{"Type":17,"Body":{"IdType":1,"Id":"Views_Engineering","Namespace":8}}},"Time":{"Value":{"Type":13,"Body":"2024-04-27T15:39:31.2204535Z"}},"Change":{"Value":{"Type":22,"Body":{"TypeId":{"Id":15078},"Body":{"NodeId":{"IdType":1,"Id":"Views_Engineering","Namespace":8},"NodeClass":128,"BrowseName":{"Name":"Engineering","Uri":8},"DisplayName":{"Text":"Engineering"},"RolePermissions":[],"UserRolePermissions":[],"References":[],"ContainsNoLoops":true}}}}}}]