[{"SequenceNumber":57,"MetaDataVersion":{"MajorVersion":1},"Timestamp":"2024-04-27T15:39:31.2206568Z","MessageType":"ua-event","DataSetWriterName":"<<UnknownDataSet>>","Payload":{"EventId":{"Value":{"Type":15,"Body":"SESJ8khDF0q5hJC+kDjn4Q=="}},"EventType":{"Value":{"Type":18,"Body":{"IdType":1,"Id":"ReferenceChange"}}},"SourceNode":{"Value":{"Type":17,"Body":{"Id":87}}},"Time":{"Value":{"Type":13,"Body":"2024-04-27T15:39:31.2206555Z"}},"Change":{"Value":{"Type":22,"Body":{"TypeId":{"Id":15182},"Body":{"ReferenceTypeId":{"Id":35},"IsForward":true,"NodeId":{"IdType":1,"Id":"Views_Operations","Namespace":8},"BrowseName":{"Name":"Operations","Uri":8},"DisplayName":{"Text":"Operations"},"NodeClass":128}}}}}}]