[{"SequenceNumber":74,"MetaDataVersion":{"MajorVersion":1},"Timestamp":"2024-04-27T15:39:31.2495953Z","MessageType":"ua-event","DataSetWriterName":"<<UnknownDataSet>>","Payload":{"EventId":{"Value":{"Type":15,"Body":"UfqdFTTackG81bkP8BTmYw=="}},"EventType":{"Value":{"Type":18,"Body":{"IdType":1,"Id":"NodeChange"}}},"SourceNode":{"Value":{"Type":17,"Body":{"Id":2268}}},"Time":{"Value":{"Type":13,"Body":"2024-04-27T15:39:31.2495905Z"}},"Change":{"Value":{"Type":22,"Body":{"TypeId":{"Id":15071},"Body":{"NodeId":{"Id":2268},"NodeClass":1,"BrowseName":{"Name":"ServerCapabilities"},"DisplayName":{"Text":"ServerCapabilities"},"RolePermissions":[],"UserRolePermissions":[],"References":[]}}}}}}]