[{"SequenceNumber":89,"MetaDataVersion":{"MajorVersion":1},"Timestamp":"2024-04-27T15:39:31.2609735Z","MessageType":"ua-event","DataSetWriterName":"<<UnknownDataSet>>","Payload":{"EventId":{"Value":{"Type":15,"Body":"NALYLaI7W0esqk5ijJpf8Q=="}},"EventType":{"Value":{"Type":18,"Body":{"IdType":1,"Id":"ReferenceChange"}}},"SourceNode":{"Value":{"Type":17,"Body":{"Id":2253}}},"Time":{"Value":{"Type":13,"Body":"2024-04-27T15:39:31.2609727Z"}},"Change":{"Value":{"Type":22,"Body":{"TypeId":{"Id":15182},"Body":{"ReferenceTypeId":{"Id":47},"IsForward":true,"NodeId":{"Id":12637},"BrowseName":{"Name":"ServerConfiguration"},"DisplayName":{"Text":"ServerConfiguration"},"NodeClass":1,"TypeDefinition":{"Id":12581}}}}}}}]