[{"nsu=http://opcfoundation.org/UA/Plc/Applications;s=StepUp":{"Value":105,"SourceTimestamp":"2024-04-26T12:17:33.6213861Z","ServerTimestamp":"2024-04-26T12:17:33.621389Z"},"nsu=http://opcfoundation.org/UA/Plc/Applications;s=AlternatingBoolean":{"Value":true,"SourceTimestamp":"2024-04-26T12:17:33.2275887Z","ServerTimestamp":"2024-04-26T12:17:33.227594Z"},"nsu=http://opcfoundation.org/UA/Plc/Applications;s=RandomSignedInt32":{"Value":-182496738,"SourceTimestamp":"2024-04-26T12:17:33.6214024Z","ServerTimestamp":"2024-04-26T12:17:33.6214043Z"},"nsu=http://opcfoundation.org/UA/Plc/Applications;s=RandomUnsignedInt32":{"Value":1295634197,"SourceTimestamp":"2024-04-26T12:17:33.6214063Z","ServerTimestamp":"2024-04-26T12:17:33.6214083Z"},"nsu=http://opcfoundation.org/UA/Plc/Applications;s=DipData":{"Value":-48.175367410171532,"SourceTimestamp":"2024-04-26T12:17:33.6214168Z","ServerTimestamp":"2024-04-26T12:17:33.6214188Z"},"nsu=http://opcfoundation.org/UA/Plc/Applications;s=FastUIntScalar1":{"Value":10,"SourceTimestamp":"2024-04-26T12:17:33.1173867Z","ServerTimestamp":"2024-04-26T12:17:33.1173871Z"}}]