[{"nsu=http://opcfoundation.org/UA/Plc/Applications;s=StepUp":{"Value":1015,"SourceTimestamp":"2024-04-26T12:19:04.6268995Z","ServerTimestamp":"2024-04-26T12:19:04.626903Z"},"nsu=http://opcfoundation.org/UA/Plc/Applications;s=RandomSignedInt32":{"Value":-1255328738,"SourceTimestamp":"2024-04-26T12:19:04.6269262Z","ServerTimestamp":"2024-04-26T12:19:04.6269278Z"},"nsu=http://opcfoundation.org/UA/Plc/Applications;s=RandomUnsignedInt32":{"Value":1662689475,"SourceTimestamp":"2024-04-26T12:19:04.6269197Z","ServerTimestamp":"2024-04-26T12:19:04.6269204Z"},"nsu=http://opcfoundation.org/UA/Plc/Applications;s=DipData":{"Value":-98.228725072868869,"SourceTimestamp":"2024-04-26T12:19:04.6269294Z","ServerTimestamp":"2024-04-26T12:19:04.6269325Z"},"nsu=http://opcfoundation.org/UA/Plc/Applications;s=FastUIntScalar1":{"Value":101,"SourceTimestamp":"2024-04-26T12:19:04.1216414Z","ServerTimestamp":"2024-04-26T12:19:04.1216439Z"}}]