[{"nsu=http://opcfoundation.org/UA/Plc/Applications;s=StepUp":{"Value":1045,"SourceTimestamp":"2024-04-26T12:19:07.6176267Z","ServerTimestamp":"2024-04-26T12:19:07.6176297Z"},"nsu=http://opcfoundation.org/UA/Plc/Applications;s=RandomSignedInt32":{"Value":-406413403,"SourceTimestamp":"2024-04-26T12:19:07.6176427Z","ServerTimestamp":"2024-04-26T12:19:07.6176451Z"},"nsu=http://opcfoundation.org/UA/Plc/Applications;s=RandomUnsignedInt32":{"Value":533671489,"SourceTimestamp":"2024-04-26T12:19:07.6176614Z","ServerTimestamp":"2024-04-26T12:19:07.6176632Z"},"nsu=http://opcfoundation.org/UA/Plc/Applications;s=DipData":{"Value":-1000,"SourceTimestamp":"2024-04-26T12:19:07.6176633Z","ServerTimestamp":"2024-04-26T12:19:07.6176676Z"},"nsu=http://opcfoundation.org/UA/Plc/Applications;s=FastUIntScalar1":{"Value":104,"SourceTimestamp":"2024-04-26T12:19:07.1238185Z","ServerTimestamp":"2024-04-26T12:19:07.1238209Z"}}]