[{"nsu=http://opcfoundation.org/UA/Plc/Applications;s=StepUp":{"Value":1055,"SourceTimestamp":"2024-04-26T12:19:08.6217631Z","ServerTimestamp":"2024-04-26T12:19:08.6217671Z"},"nsu=http://opcfoundation.org/UA/Plc/Applications;s=AlternatingBoolean":{"Value":false,"SourceTimestamp":"2024-04-26T12:19:08.2144682Z","ServerTimestamp":"2024-04-26T12:19:08.2144712Z"},"nsu=http://opcfoundation.org/UA/Plc/Applications;s=RandomSignedInt32":{"Value":-235475513,"SourceTimestamp":"2024-04-26T12:19:08.6217754Z","ServerTimestamp":"2024-04-26T12:19:08.621778Z"},"nsu=http://opcfoundation.org/UA/Plc/Applications;s=RandomUnsignedInt32":{"Value":1822116314,"SourceTimestamp":"2024-04-26T12:19:08.621792Z","ServerTimestamp":"2024-04-26T12:19:08.6218005Z"},"nsu=http://opcfoundation.org/UA/Plc/Applications;s=DipData":{"Value":-48.175367410171532,"SourceTimestamp":"2024-04-26T12:19:08.6217929Z","ServerTimestamp":"2024-04-26T12:19:08.6217983Z"},"nsu=http://opcfoundation.org/UA/Plc/Applications;s=FastUIntScalar1":{"Value":105,"SourceTimestamp":"2024-04-26T12:19:08.1114694Z","ServerTimestamp":"2024-04-26T12:19:08.1114728Z"}}]