[{"nsu=http://opcfoundation.org/UA/Plc/Applications;s=StepUp":{"Value":1115,"SourceTimestamp":"2024-04-26T12:19:14.6132649Z","ServerTimestamp":"2024-04-26T12:19:14.6132743Z"},"nsu=http://opcfoundation.org/UA/Plc/Applications;s=RandomSignedInt32":{"Value":497560764,"SourceTimestamp":"2024-04-26T12:19:14.6132714Z","ServerTimestamp":"2024-04-26T12:19:14.6132808Z"},"nsu=http://opcfoundation.org/UA/Plc/Applications;s=RandomUnsignedInt32":{"Value":991477102,"SourceTimestamp":"2024-04-26T12:19:14.6132759Z","ServerTimestamp":"2024-04-26T12:19:14.6132853Z"},"nsu=http://opcfoundation.org/UA/Plc/Applications;s=DipData":{"Value":-98.228725072868869,"SourceTimestamp":"2024-04-26T12:19:14.613289Z","ServerTimestamp":"2024-04-26T12:19:14.6132919Z"},"nsu=http://opcfoundation.org/UA/Plc/Applications;s=FastUIntScalar1":{"Value":111,"SourceTimestamp":"2024-04-26T12:19:14.1195863Z","ServerTimestamp":"2024-04-26T12:19:14.1195884Z"}}]