[{"nsu=http://opcfoundation.org/UA/Plc/Applications;s=StepUp":{"Value":1125,"SourceTimestamp":"2024-04-26T12:19:15.6167834Z","ServerTimestamp":"2024-04-26T12:19:15.616787Z"},"nsu=http://opcfoundation.org/UA/Plc/Applications;s=RandomSignedInt32":{"Value":949378778,"SourceTimestamp":"2024-04-26T12:19:15.6167863Z","ServerTimestamp":"2024-04-26T12:19:15.6167969Z"},"nsu=http://opcfoundation.org/UA/Plc/Applications;s=RandomUnsignedInt32":{"Value":88101668,"SourceTimestamp":"2024-04-26T12:19:15.6167931Z","ServerTimestamp":"2024-04-26T12:19:15.6168364Z"},"nsu=http://opcfoundation.org/UA/Plc/Applications;s=DipData":{"Value":-12.533323356430429,"SourceTimestamp":"2024-04-26T12:19:15.6168146Z","ServerTimestamp":"2024-04-26T12:19:15.6168184Z"},"nsu=http://opcfoundation.org/UA/Plc/Applications;s=FastUIntScalar1":{"Value":112,"SourceTimestamp":"2024-04-26T12:19:15.125026Z","ServerTimestamp":"2024-04-26T12:19:15.1250284Z"}}]