[{"nsu=http://opcfoundation.org/UA/Plc/Applications;s=StepUp":{"Value":1155,"SourceTimestamp":"2024-04-26T12:19:18.6223636Z","ServerTimestamp":"2024-04-26T12:19:18.6223672Z"},"nsu=http://opcfoundation.org/UA/Plc/Applications;s=AlternatingBoolean":{"Value":false,"SourceTimestamp":"2024-04-26T12:19:18.2236574Z","ServerTimestamp":"2024-04-26T12:19:18.2236602Z"},"nsu=http://opcfoundation.org/UA/Plc/Applications;s=RandomSignedInt32":{"Value":1114770864,"SourceTimestamp":"2024-04-26T12:19:18.6223741Z","ServerTimestamp":"2024-04-26T12:19:18.6223833Z"},"nsu=http://opcfoundation.org/UA/Plc/Applications;s=RandomUnsignedInt32":{"Value":742493744,"SourceTimestamp":"2024-04-26T12:19:18.6223825Z","ServerTimestamp":"2024-04-26T12:19:18.6223865Z"},"nsu=http://opcfoundation.org/UA/Plc/Applications;s=DipData":{"Value":-48.175367410171532,"SourceTimestamp":"2024-04-26T12:19:18.6223922Z","ServerTimestamp":"2024-04-26T12:19:18.6223931Z"},"nsu=http://opcfoundation.org/UA/Plc/Applications;s=FastUIntScalar1":{"Value":115,"SourceTimestamp":"2024-04-26T12:19:18.1136411Z","ServerTimestamp":"2024-04-26T12:19:18.1136436Z"}}]