[{"nsu=http://opcfoundation.org/UA/Plc/Applications;s=StepUp":{"Value":1175,"SourceTimestamp":"2024-04-26T12:19:20.6243137Z","ServerTimestamp":"2024-04-26T12:19:20.6244343Z"},"nsu=http://opcfoundation.org/UA/Plc/Applications;s=RandomSignedInt32":{"Value":774503533,"SourceTimestamp":"2024-04-26T12:19:20.6242732Z","ServerTimestamp":"2024-04-26T12:19:20.6242838Z"},"nsu=http://opcfoundation.org/UA/Plc/Applications;s=RandomUnsignedInt32":{"Value":380332589,"SourceTimestamp":"2024-04-26T12:19:20.6242867Z","ServerTimestamp":"2024-04-26T12:19:20.624291Z"},"nsu=http://opcfoundation.org/UA/Plc/Applications;s=DipData":{"Value":-12.533323356430429,"SourceTimestamp":"2024-04-26T12:19:20.6242927Z","ServerTimestamp":"2024-04-26T12:19:20.6242967Z"},"nsu=http://opcfoundation.org/UA/Plc/Applications;s=FastUIntScalar1":{"Value":117,"SourceTimestamp":"2024-04-26T12:19:20.1138168Z","ServerTimestamp":"2024-04-26T12:19:20.1138189Z"}}]