[{"nsu=http://opcfoundation.org/UA/Plc/Applications;s=StepUp":{"Value":125,"SourceTimestamp":"2024-04-26T12:17:35.6142471Z","ServerTimestamp":"2024-04-26T12:17:35.6142504Z"},"nsu=http://opcfoundation.org/UA/Plc/Applications;s=RandomSignedInt32":{"Value":1995898407,"SourceTimestamp":"2024-04-26T12:17:35.6142707Z","ServerTimestamp":"2024-04-26T12:17:35.6142732Z"},"nsu=http://opcfoundation.org/UA/Plc/Applications;s=RandomUnsignedInt32":{"Value":173883199,"SourceTimestamp":"2024-04-26T12:17:35.6142709Z","ServerTimestamp":"2024-04-26T12:17:35.6142716Z"},"nsu=http://opcfoundation.org/UA/Plc/Applications;s=DipData":{"Value":-12.533323356430429,"SourceTimestamp":"2024-04-26T12:17:35.6142817Z","ServerTimestamp":"2024-04-26T12:17:35.6142822Z"},"nsu=http://opcfoundation.org/UA/Plc/Applications;s=FastUIntScalar1":{"Value":12,"SourceTimestamp":"2024-04-26T12:17:35.1257996Z","ServerTimestamp":"2024-04-26T12:17:35.1258042Z"}}]