[{"nsu=http://opcfoundation.org/UA/Plc/Applications;s=StepUp":{"Value":265,"SourceTimestamp":"2024-04-26T12:17:49.6254586Z","ServerTimestamp":"2024-04-26T12:17:49.625469Z"},"nsu=http://opcfoundation.org/UA/Plc/Applications;s=RandomSignedInt32":{"Value":1947095787,"SourceTimestamp":"2024-04-26T12:17:49.6254747Z","ServerTimestamp":"2024-04-26T12:17:49.6254764Z"},"nsu=http://opcfoundation.org/UA/Plc/Applications;s=RandomUnsignedInt32":{"Value":1353633265,"SourceTimestamp":"2024-04-26T12:17:49.6254821Z","ServerTimestamp":"2024-04-26T12:17:49.6254835Z"},"nsu=http://opcfoundation.org/UA/Plc/Applications;s=DipData":{"Value":-98.228725072868869,"SourceTimestamp":"2024-04-26T12:17:49.6254848Z","ServerTimestamp":"2024-04-26T12:17:49.6254905Z"},"nsu=http://opcfoundation.org/UA/Plc/Applications;s=FastUIntScalar1":{"Value":26,"SourceTimestamp":"2024-04-26T12:17:49.121617Z","ServerTimestamp":"2024-04-26T12:17:49.121622Z"}}]