[{"nsu=http://opcfoundation.org/UA/Plc/Applications;s=StepUp":{"Value":295,"SourceTimestamp":"2024-04-26T12:17:52.6235278Z","ServerTimestamp":"2024-04-26T12:17:52.6235317Z"},"nsu=http://opcfoundation.org/UA/Plc/Applications;s=RandomSignedInt32":{"Value":-276728980,"SourceTimestamp":"2024-04-26T12:17:52.6235399Z","ServerTimestamp":"2024-04-26T12:17:52.6235426Z"},"nsu=http://opcfoundation.org/UA/Plc/Applications;s=RandomUnsignedInt32":{"Value":1470743417,"SourceTimestamp":"2024-04-26T12:17:52.6235466Z","ServerTimestamp":"2024-04-26T12:17:52.6235556Z"},"nsu=http://opcfoundation.org/UA/Plc/Applications;s=DipData":{"Value":68.454710592868878,"SourceTimestamp":"2024-04-26T12:17:52.6235601Z","ServerTimestamp":"2024-04-26T12:17:52.6235899Z"},"nsu=http://opcfoundation.org/UA/Plc/Applications;s=FastUIntScalar1":{"Value":29,"SourceTimestamp":"2024-04-26T12:17:52.1202809Z","ServerTimestamp":"2024-04-26T12:17:52.1202834Z"}}]