[{"nsu=http://opcfoundation.org/UA/Plc/Applications;s=StepUp":{"Value":325,"SourceTimestamp":"2024-04-26T12:17:55.6346885Z","ServerTimestamp":"2024-04-26T12:17:55.6346921Z"},"nsu=http://opcfoundation.org/UA/Plc/Applications;s=RandomSignedInt32":{"Value":192086766,"SourceTimestamp":"2024-04-26T12:17:55.6347197Z","ServerTimestamp":"2024-04-26T12:17:55.6347203Z"},"nsu=http://opcfoundation.org/UA/Plc/Applications;s=RandomUnsignedInt32":{"Value":1291939325,"SourceTimestamp":"2024-04-26T12:17:55.634724Z","ServerTimestamp":"2024-04-26T12:17:55.6347247Z"},"nsu=http://opcfoundation.org/UA/Plc/Applications;s=DipData":{"Value":-12.533323356430429,"SourceTimestamp":"2024-04-26T12:17:55.6347352Z","ServerTimestamp":"2024-04-26T12:17:55.6347357Z"},"nsu=http://opcfoundation.org/UA/Plc/Applications;s=FastUIntScalar1":{"Value":32,"SourceTimestamp":"2024-04-26T12:17:55.122179Z","ServerTimestamp":"2024-04-26T12:17:55.1221816Z"}}]