[{"nsu=http://opcfoundation.org/UA/Plc/Applications;s=StepUp":{"Value":335,"SourceTimestamp":"2024-04-26T12:17:56.6236311Z","ServerTimestamp":"2024-04-26T12:17:56.6236399Z"},"nsu=http://opcfoundation.org/UA/Plc/Applications;s=RandomSignedInt32":{"Value":-1625149474,"SourceTimestamp":"2024-04-26T12:17:56.6236568Z","ServerTimestamp":"2024-04-26T12:17:56.62366Z"},"nsu=http://opcfoundation.org/UA/Plc/Applications;s=RandomUnsignedInt32":{"Value":1017230703,"SourceTimestamp":"2024-04-26T12:17:56.6236569Z","ServerTimestamp":"2024-04-26T12:17:56.6236576Z"},"nsu=http://opcfoundation.org/UA/Plc/Applications;s=DipData":{"Value":90.482705246601952,"SourceTimestamp":"2024-04-26T12:17:56.6236656Z","ServerTimestamp":"2024-04-26T12:17:56.6236661Z"},"nsu=http://opcfoundation.org/UA/Plc/Applications;s=FastUIntScalar1":{"Value":33,"SourceTimestamp":"2024-04-26T12:17:56.1127745Z","ServerTimestamp":"2024-04-26T12:17:56.112777Z"}}]