[{"nsu=http://opcfoundation.org/UA/Plc/Applications;s=StepUp":{"Value":345,"SourceTimestamp":"2024-04-26T12:17:57.6190039Z","ServerTimestamp":"2024-04-26T12:17:57.6190078Z"},"nsu=http://opcfoundation.org/UA/Plc/Applications;s=RandomSignedInt32":{"Value":-1365994280,"SourceTimestamp":"2024-04-26T12:17:57.619027Z","ServerTimestamp":"2024-04-26T12:17:57.6190307Z"},"nsu=http://opcfoundation.org/UA/Plc/Applications;s=RandomUnsignedInt32":{"Value":1546937187,"SourceTimestamp":"2024-04-26T12:17:57.6190268Z","ServerTimestamp":"2024-04-26T12:17:57.6190277Z"},"nsu=http://opcfoundation.org/UA/Plc/Applications;s=DipData":{"Value":68.454710592868878,"SourceTimestamp":"2024-04-26T12:17:57.6190365Z","ServerTimestamp":"2024-04-26T12:17:57.6190371Z"},"nsu=http://opcfoundation.org/UA/Plc/Applications;s=FastUIntScalar1":{"Value":34,"SourceTimestamp":"2024-04-26T12:17:57.1174791Z","ServerTimestamp":"2024-04-26T12:17:57.117481Z"}}]