[{"nsu=http://opcfoundation.org/UA/Plc/Applications;s=StepUp":{"Value":355,"SourceTimestamp":"2024-04-26T12:17:58.6166081Z","ServerTimestamp":"2024-04-26T12:17:58.6166114Z"},"nsu=http://opcfoundation.org/UA/Plc/Applications;s=AlternatingBoolean":{"Value":false,"SourceTimestamp":"2024-04-26T12:17:58.2251475Z","ServerTimestamp":"2024-04-26T12:17:58.2251509Z"},"nsu=http://opcfoundation.org/UA/Plc/Applications;s=RandomSignedInt32":{"Value":1946932221,"SourceTimestamp":"2024-04-26T12:17:58.616633Z","ServerTimestamp":"2024-04-26T12:17:58.6166349Z"},"nsu=http://opcfoundation.org/UA/Plc/Applications;s=RandomUnsignedInt32":{"Value":877483789,"SourceTimestamp":"2024-04-26T12:17:58.61664Z","ServerTimestamp":"2024-04-26T12:17:58.6166471Z"},"nsu=http://opcfoundation.org/UA/Plc/Applications;s=DipData":{"Value":-48.175367410171532,"SourceTimestamp":"2024-04-26T12:17:58.6166525Z","ServerTimestamp":"2024-04-26T12:17:58.6166567Z"},"nsu=http://opcfoundation.org/UA/Plc/Applications;s=FastUIntScalar1":{"Value":35,"SourceTimestamp":"2024-04-26T12:17:58.1206387Z","ServerTimestamp":"2024-04-26T12:17:58.1206407Z"}}]