[{"nsu=http://opcfoundation.org/UA/Plc/Applications;s=StepUp":{"Value":365,"SourceTimestamp":"2024-04-26T12:17:59.6186836Z","ServerTimestamp":"2024-04-26T12:17:59.6186868Z"},"nsu=http://opcfoundation.org/UA/Plc/Applications;s=RandomSignedInt32":{"Value":1855395960,"SourceTimestamp":"2024-04-26T12:17:59.618699Z","ServerTimestamp":"2024-04-26T12:17:59.6187018Z"},"nsu=http://opcfoundation.org/UA/Plc/Applications;s=RandomUnsignedInt32":{"Value":1302395375,"SourceTimestamp":"2024-04-26T12:17:59.6187042Z","ServerTimestamp":"2024-04-26T12:17:59.618705Z"},"nsu=http://opcfoundation.org/UA/Plc/Applications;s=DipData":{"Value":-98.228725072868869,"SourceTimestamp":"2024-04-26T12:17:59.6187122Z","ServerTimestamp":"2024-04-26T12:17:59.6187138Z"},"nsu=http://opcfoundation.org/UA/Plc/Applications;s=FastUIntScalar1":{"Value":36,"SourceTimestamp":"2024-04-26T12:17:59.1182702Z","ServerTimestamp":"2024-04-26T12:17:59.1182725Z"}}]