[{"nsu=http://opcfoundation.org/UA/Plc/Applications;s=StepUp":{"Value":375,"SourceTimestamp":"2024-04-26T12:18:00.6217936Z","ServerTimestamp":"2024-04-26T12:18:00.6217973Z"},"nsu=http://opcfoundation.org/UA/Plc/Applications;s=RandomSignedInt32":{"Value":1414778329,"SourceTimestamp":"2024-04-26T12:18:00.621819Z","ServerTimestamp":"2024-04-26T12:18:00.6218206Z"},"nsu=http://opcfoundation.org/UA/Plc/Applications;s=RandomUnsignedInt32":{"Value":1766136617,"SourceTimestamp":"2024-04-26T12:18:00.6218216Z","ServerTimestamp":"2024-04-26T12:18:00.6218252Z"},"nsu=http://opcfoundation.org/UA/Plc/Applications;s=DipData":{"Value":-12.533323356430429,"SourceTimestamp":"2024-04-26T12:18:00.6218347Z","ServerTimestamp":"2024-04-26T12:18:00.6218446Z"},"nsu=http://opcfoundation.org/UA/Plc/Applications;s=FastUIntScalar1":{"Value":37,"SourceTimestamp":"2024-04-26T12:18:00.1200019Z","ServerTimestamp":"2024-04-26T12:18:00.1200048Z"}}]