[{"nsu=http://opcfoundation.org/UA/Plc/Applications;s=StepUp":{"Value":405,"SourceTimestamp":"2024-04-26T12:18:03.6250612Z","ServerTimestamp":"2024-04-26T12:18:03.6250644Z"},"nsu=http://opcfoundation.org/UA/Plc/Applications;s=AlternatingBoolean":{"Value":true,"SourceTimestamp":"2024-04-26T12:18:03.2190183Z","ServerTimestamp":"2024-04-26T12:18:03.2190205Z"},"nsu=http://opcfoundation.org/UA/Plc/Applications;s=RandomSignedInt32":{"Value":-974000896,"SourceTimestamp":"2024-04-26T12:18:03.625069Z","ServerTimestamp":"2024-04-26T12:18:03.6250758Z"},"nsu=http://opcfoundation.org/UA/Plc/Applications;s=RandomUnsignedInt32":{"Value":502894055,"SourceTimestamp":"2024-04-26T12:18:03.6250807Z","ServerTimestamp":"2024-04-26T12:18:03.6250831Z"},"nsu=http://opcfoundation.org/UA/Plc/Applications;s=DipData":{"Value":-48.175367410171532,"SourceTimestamp":"2024-04-26T12:18:03.6250915Z","ServerTimestamp":"2024-04-26T12:18:03.6250949Z"},"nsu=http://opcfoundation.org/UA/Plc/Applications;s=FastUIntScalar1":{"Value":40,"SourceTimestamp":"2024-04-26T12:18:03.1254564Z","ServerTimestamp":"2024-04-26T12:18:03.1254572Z"}}]