[{"nsu=http://opcfoundation.org/UA/Plc/Applications;s=StepUp":{"Value":475,"SourceTimestamp":"2024-04-26T12:18:10.6180912Z","ServerTimestamp":"2024-04-26T12:18:10.6182523Z"},"nsu=http://opcfoundation.org/UA/Plc/Applications;s=RandomSignedInt32":{"Value":2041232603,"SourceTimestamp":"2024-04-26T12:18:10.618279Z","ServerTimestamp":"2024-04-26T12:18:10.6182796Z"},"nsu=http://opcfoundation.org/UA/Plc/Applications;s=RandomUnsignedInt32":{"Value":112887776,"SourceTimestamp":"2024-04-26T12:18:10.618283Z","ServerTimestamp":"2024-04-26T12:18:10.6182836Z"},"nsu=http://opcfoundation.org/UA/Plc/Applications;s=DipData":{"Value":-12.533323356430429,"SourceTimestamp":"2024-04-26T12:18:10.6182933Z","ServerTimestamp":"2024-04-26T12:18:10.6182937Z"},"nsu=http://opcfoundation.org/UA/Plc/Applications;s=FastUIntScalar1":{"Value":47,"SourceTimestamp":"2024-04-26T12:18:10.1142691Z","ServerTimestamp":"2024-04-26T12:18:10.1142714Z"}}]