[{"nsu=http://opcfoundation.org/UA/Plc/Applications;s=StepUp":{"Value":565,"SourceTimestamp":"2024-04-26T12:18:19.6133638Z","ServerTimestamp":"2024-04-26T12:18:19.613367Z"},"nsu=http://opcfoundation.org/UA/Plc/Applications;s=RandomSignedInt32":{"Value":2040956517,"SourceTimestamp":"2024-04-26T12:18:19.6133638Z","ServerTimestamp":"2024-04-26T12:18:19.6133931Z"},"nsu=http://opcfoundation.org/UA/Plc/Applications;s=RandomUnsignedInt32":{"Value":952360412,"SourceTimestamp":"2024-04-26T12:18:19.6133839Z","ServerTimestamp":"2024-04-26T12:18:19.6133853Z"},"nsu=http://opcfoundation.org/UA/Plc/Applications;s=DipData":{"Value":-98.228725072868869,"SourceTimestamp":"2024-04-26T12:18:19.6133869Z","ServerTimestamp":"2024-04-26T12:18:19.6133894Z"},"nsu=http://opcfoundation.org/UA/Plc/Applications;s=FastUIntScalar1":{"Value":56,"SourceTimestamp":"2024-04-26T12:18:19.1169985Z","ServerTimestamp":"2024-04-26T12:18:19.1170346Z"}}]