[{"nsu=http://opcfoundation.org/UA/Plc/Applications;s=StepUp":{"Value":625,"SourceTimestamp":"2024-04-26T12:18:25.6182538Z","ServerTimestamp":"2024-04-26T12:18:25.6182651Z"},"nsu=http://opcfoundation.org/UA/Plc/Applications;s=RandomSignedInt32":{"Value":1291916795,"SourceTimestamp":"2024-04-26T12:18:25.6182647Z","ServerTimestamp":"2024-04-26T12:18:25.618272Z"},"nsu=http://opcfoundation.org/UA/Plc/Applications;s=RandomUnsignedInt32":{"Value":1268988860,"SourceTimestamp":"2024-04-26T12:18:25.6182604Z","ServerTimestamp":"2024-04-26T12:18:25.6182855Z"},"nsu=http://opcfoundation.org/UA/Plc/Applications;s=DipData":{"Value":-12.533323356430429,"SourceTimestamp":"2024-04-26T12:18:25.6182997Z","ServerTimestamp":"2024-04-26T12:18:25.6183007Z"},"nsu=http://opcfoundation.org/UA/Plc/Applications;s=FastUIntScalar1":{"Value":62,"SourceTimestamp":"2024-04-26T12:18:25.123905Z","ServerTimestamp":"2024-04-26T12:18:25.1239074Z"}}]