[{"nsu=http://opcfoundation.org/UA/Plc/Applications;s=StepUp":{"Value":635,"SourceTimestamp":"2024-04-26T12:18:26.6240081Z","ServerTimestamp":"2024-04-26T12:18:26.6240116Z"},"nsu=http://opcfoundation.org/UA/Plc/Applications;s=RandomSignedInt32":{"Value":561565946,"SourceTimestamp":"2024-04-26T12:18:26.624023Z","ServerTimestamp":"2024-04-26T12:18:26.6240266Z"},"nsu=http://opcfoundation.org/UA/Plc/Applications;s=RandomUnsignedInt32":{"Value":1612658040,"SourceTimestamp":"2024-04-26T12:18:26.6240339Z","ServerTimestamp":"2024-04-26T12:18:26.6240379Z"},"nsu=http://opcfoundation.org/UA/Plc/Applications;s=DipData":{"Value":-1000,"SourceTimestamp":"2024-04-26T12:18:26.6240356Z","ServerTimestamp":"2024-04-26T12:18:26.6240366Z"},"nsu=http://opcfoundation.org/UA/Plc/Applications;s=FastUIntScalar1":{"Value":63,"SourceTimestamp":"2024-04-26T12:18:26.1135071Z","ServerTimestamp":"2024-04-26T12:18:26.1135094Z"}}]