[{"nsu=http://opcfoundation.org/UA/Plc/Applications;s=StepUp":{"Value":645,"SourceTimestamp":"2024-04-26T12:18:27.6266943Z","ServerTimestamp":"2024-04-26T12:18:27.6266972Z"},"nsu=http://opcfoundation.org/UA/Plc/Applications;s=RandomSignedInt32":{"Value":-187153800,"SourceTimestamp":"2024-04-26T12:18:27.6267104Z","ServerTimestamp":"2024-04-26T12:18:27.6267122Z"},"nsu=http://opcfoundation.org/UA/Plc/Applications;s=RandomUnsignedInt32":{"Value":1940587297,"SourceTimestamp":"2024-04-26T12:18:27.6267189Z","ServerTimestamp":"2024-04-26T12:18:27.6267209Z"},"nsu=http://opcfoundation.org/UA/Plc/Applications;s=DipData":{"Value":68.454710592868878,"SourceTimestamp":"2024-04-26T12:18:27.6267211Z","ServerTimestamp":"2024-04-26T12:18:27.6267329Z"},"nsu=http://opcfoundation.org/UA/Plc/Applications;s=FastUIntScalar1":{"Value":64,"SourceTimestamp":"2024-04-26T12:18:27.117064Z","ServerTimestamp":"2024-04-26T12:18:27.1170664Z"}}]