[{"nsu=http://opcfoundation.org/UA/Plc/Applications;s=StepUp":{"Value":655,"SourceTimestamp":"2024-04-26T12:18:28.6247103Z","ServerTimestamp":"2024-04-26T12:18:28.6247141Z"},"nsu=http://opcfoundation.org/UA/Plc/Applications;s=AlternatingBoolean":{"Value":false,"SourceTimestamp":"2024-04-26T12:18:28.2246465Z","ServerTimestamp":"2024-04-26T12:18:28.2246497Z"},"nsu=http://opcfoundation.org/UA/Plc/Applications;s=RandomSignedInt32":{"Value":324796425,"SourceTimestamp":"2024-04-26T12:18:28.6247331Z","ServerTimestamp":"2024-04-26T12:18:28.6247348Z"},"nsu=http://opcfoundation.org/UA/Plc/Applications;s=RandomUnsignedInt32":{"Value":831222861,"SourceTimestamp":"2024-04-26T12:18:28.6247378Z","ServerTimestamp":"2024-04-26T12:18:28.6247396Z"},"nsu=http://opcfoundation.org/UA/Plc/Applications;s=DipData":{"Value":-48.175367410171532,"SourceTimestamp":"2024-04-26T12:18:28.6247406Z","ServerTimestamp":"2024-04-26T12:18:28.624743Z"},"nsu=http://opcfoundation.org/UA/Plc/Applications;s=FastUIntScalar1":{"Value":65,"SourceTimestamp":"2024-04-26T12:18:28.113927Z","ServerTimestamp":"2024-04-26T12:18:28.1139375Z"}}]