[{"nsu=http://opcfoundation.org/UA/Plc/Applications;s=StepUp":{"Value":685,"SourceTimestamp":"2024-04-26T12:18:31.6312766Z","ServerTimestamp":"2024-04-26T12:18:31.6312913Z"},"nsu=http://opcfoundation.org/UA/Plc/Applications;s=RandomSignedInt32":{"Value":-1346447592,"SourceTimestamp":"2024-04-26T12:18:31.6312985Z","ServerTimestamp":"2024-04-26T12:18:31.6312999Z"},"nsu=http://opcfoundation.org/UA/Plc/Applications;s=RandomUnsignedInt32":{"Value":622214374,"SourceTimestamp":"2024-04-26T12:18:31.6313038Z","ServerTimestamp":"2024-04-26T12:18:31.6313053Z"},"nsu=http://opcfoundation.org/UA/Plc/Applications;s=DipData":{"Value":90.482705246601952,"SourceTimestamp":"2024-04-26T12:18:31.6313131Z","ServerTimestamp":"2024-04-26T12:18:31.6313136Z"},"nsu=http://opcfoundation.org/UA/Plc/Applications;s=FastUIntScalar1":{"Value":68,"SourceTimestamp":"2024-04-26T12:18:31.1185184Z","ServerTimestamp":"2024-04-26T12:18:31.1185202Z"}}]