[{"nsu=http://opcfoundation.org/UA/Plc/Applications;s=StepUp":{"Value":695,"SourceTimestamp":"2024-04-26T12:18:32.6163971Z","ServerTimestamp":"2024-04-26T12:18:32.6164107Z"},"nsu=http://opcfoundation.org/UA/Plc/Applications;s=RandomSignedInt32":{"Value":-717022951,"SourceTimestamp":"2024-04-26T12:18:32.6164039Z","ServerTimestamp":"2024-04-26T12:18:32.6164281Z"},"nsu=http://opcfoundation.org/UA/Plc/Applications;s=RandomUnsignedInt32":{"Value":416123421,"SourceTimestamp":"2024-04-26T12:18:32.6164207Z","ServerTimestamp":"2024-04-26T12:18:32.616422Z"},"nsu=http://opcfoundation.org/UA/Plc/Applications;s=DipData":{"Value":68.454710592868878,"SourceTimestamp":"2024-04-26T12:18:32.6164315Z","ServerTimestamp":"2024-04-26T12:18:32.616432Z"},"nsu=http://opcfoundation.org/UA/Plc/Applications;s=FastUIntScalar1":{"Value":69,"SourceTimestamp":"2024-04-26T12:18:32.1236321Z","ServerTimestamp":"2024-04-26T12:18:32.1236343Z"}}]