[{"nsu=http://opcfoundation.org/UA/Plc/Applications;s=StepUp":{"Value":775,"SourceTimestamp":"2024-04-26T12:18:40.614094Z","ServerTimestamp":"2024-04-26T12:18:40.6140974Z"},"nsu=http://opcfoundation.org/UA/Plc/Applications;s=RandomSignedInt32":{"Value":770559777,"SourceTimestamp":"2024-04-26T12:18:40.6141176Z","ServerTimestamp":"2024-04-26T12:18:40.6141193Z"},"nsu=http://opcfoundation.org/UA/Plc/Applications;s=RandomUnsignedInt32":{"Value":1987058512,"SourceTimestamp":"2024-04-26T12:18:40.6141161Z","ServerTimestamp":"2024-04-26T12:18:40.6141169Z"},"nsu=http://opcfoundation.org/UA/Plc/Applications;s=DipData":{"Value":-12.533323356430429,"SourceTimestamp":"2024-04-26T12:18:40.6141286Z","ServerTimestamp":"2024-04-26T12:18:40.6141291Z"},"nsu=http://opcfoundation.org/UA/Plc/Applications;s=FastUIntScalar1":{"Value":77,"SourceTimestamp":"2024-04-26T12:18:40.1125956Z","ServerTimestamp":"2024-04-26T12:18:40.1125983Z"}}]