[{"nsu=http://opcfoundation.org/UA/Plc/Applications;s=StepUp":{"Value":85,"SourceTimestamp":"2024-04-26T12:17:31.6233967Z","ServerTimestamp":"2024-04-26T12:17:31.6234295Z"},"nsu=http://opcfoundation.org/UA/Plc/Applications;s=RandomSignedInt32":{"Value":-970038653,"SourceTimestamp":"2024-04-26T12:17:31.6234038Z","ServerTimestamp":"2024-04-26T12:17:31.6234093Z"},"nsu=http://opcfoundation.org/UA/Plc/Applications;s=RandomUnsignedInt32":{"Value":267927603,"SourceTimestamp":"2024-04-26T12:17:31.6234194Z","ServerTimestamp":"2024-04-26T12:17:31.6234209Z"},"nsu=http://opcfoundation.org/UA/Plc/Applications;s=DipData":{"Value":90.482705246601952,"SourceTimestamp":"2024-04-26T12:17:31.6234258Z","ServerTimestamp":"2024-04-26T12:17:31.6234268Z"},"nsu=http://opcfoundation.org/UA/Plc/Applications;s=FastUIntScalar1":{"Value":8,"SourceTimestamp":"2024-04-26T12:17:31.1193658Z","ServerTimestamp":"2024-04-26T12:17:31.1193681Z"}}]