[{"nsu=http://opcfoundation.org/UA/Plc/Applications;s=StepUp":{"Value":805,"SourceTimestamp":"2024-04-26T12:18:43.615287Z","ServerTimestamp":"2024-04-26T12:18:43.6152914Z"},"nsu=http://opcfoundation.org/UA/Plc/Applications;s=AlternatingBoolean":{"Value":true,"SourceTimestamp":"2024-04-26T12:18:43.2136178Z","ServerTimestamp":"2024-04-26T12:18:43.213628Z"},"nsu=http://opcfoundation.org/UA/Plc/Applications;s=RandomSignedInt32":{"Value":648781161,"SourceTimestamp":"2024-04-26T12:18:43.61532Z","ServerTimestamp":"2024-04-26T12:18:43.6153206Z"},"nsu=http://opcfoundation.org/UA/Plc/Applications;s=RandomUnsignedInt32":{"Value":1783474664,"SourceTimestamp":"2024-04-26T12:18:43.6153243Z","ServerTimestamp":"2024-04-26T12:18:43.6153252Z"},"nsu=http://opcfoundation.org/UA/Plc/Applications;s=DipData":{"Value":-1000,"SourceTimestamp":"2024-04-26T12:18:43.6153378Z","ServerTimestamp":"2024-04-26T12:18:43.6153386Z"},"nsu=http://opcfoundation.org/UA/Plc/Applications;s=FastUIntScalar1":{"Value":80,"SourceTimestamp":"2024-04-26T12:18:43.1193296Z","ServerTimestamp":"2024-04-26T12:18:43.1193311Z"}}]