[{"nsu=http://opcfoundation.org/UA/Plc/Applications;s=StepUp":{"Value":815,"SourceTimestamp":"2024-04-26T12:18:44.6150661Z","ServerTimestamp":"2024-04-26T12:18:44.6150693Z"},"nsu=http://opcfoundation.org/UA/Plc/Applications;s=RandomSignedInt32":{"Value":1811126021,"SourceTimestamp":"2024-04-26T12:18:44.6150772Z","ServerTimestamp":"2024-04-26T12:18:44.615083Z"},"nsu=http://opcfoundation.org/UA/Plc/Applications;s=RandomUnsignedInt32":{"Value":1987770084,"SourceTimestamp":"2024-04-26T12:18:44.6150923Z","ServerTimestamp":"2024-04-26T12:18:44.6150943Z"},"nsu=http://opcfoundation.org/UA/Plc/Applications;s=DipData":{"Value":-98.228725072868869,"SourceTimestamp":"2024-04-26T12:18:44.6150905Z","ServerTimestamp":"2024-04-26T12:18:44.6150909Z"},"nsu=http://opcfoundation.org/UA/Plc/Applications;s=FastUIntScalar1":{"Value":81,"SourceTimestamp":"2024-04-26T12:18:44.125241Z","ServerTimestamp":"2024-04-26T12:18:44.1252437Z"}}]