[{"nsu=http://opcfoundation.org/UA/Plc/Applications;s=StepUp":{"Value":835,"SourceTimestamp":"2024-04-26T12:18:46.6263274Z","ServerTimestamp":"2024-04-26T12:18:46.6263836Z"},"nsu=http://opcfoundation.org/UA/Plc/Applications;s=RandomSignedInt32":{"Value":744077760,"SourceTimestamp":"2024-04-26T12:18:46.6263364Z","ServerTimestamp":"2024-04-26T12:18:46.6263417Z"},"nsu=http://opcfoundation.org/UA/Plc/Applications;s=RandomUnsignedInt32":{"Value":811221265,"SourceTimestamp":"2024-04-26T12:18:46.6263455Z","ServerTimestamp":"2024-04-26T12:18:46.626349Z"},"nsu=http://opcfoundation.org/UA/Plc/Applications;s=DipData":{"Value":90.482705246601952,"SourceTimestamp":"2024-04-26T12:18:46.6263576Z","ServerTimestamp":"2024-04-26T12:18:46.6263581Z"},"nsu=http://opcfoundation.org/UA/Plc/Applications;s=FastUIntScalar1":{"Value":83,"SourceTimestamp":"2024-04-26T12:18:46.1152217Z","ServerTimestamp":"2024-04-26T12:18:46.1152241Z"}}]