[{"nsu=http://opcfoundation.org/UA/Plc/Applications;s=StepUp":{"Value":905,"SourceTimestamp":"2024-04-26T12:18:53.6169646Z","ServerTimestamp":"2024-04-26T12:18:53.6169677Z"},"nsu=http://opcfoundation.org/UA/Plc/Applications;s=AlternatingBoolean":{"Value":true,"SourceTimestamp":"2024-04-26T12:18:53.2161502Z","ServerTimestamp":"2024-04-26T12:18:53.2161526Z"},"nsu=http://opcfoundation.org/UA/Plc/Applications;s=RandomSignedInt32":{"Value":1777779521,"SourceTimestamp":"2024-04-26T12:18:53.6169799Z","ServerTimestamp":"2024-04-26T12:18:53.6169901Z"},"nsu=http://opcfoundation.org/UA/Plc/Applications;s=RandomUnsignedInt32":{"Value":1642269125,"SourceTimestamp":"2024-04-26T12:18:53.6169873Z","ServerTimestamp":"2024-04-26T12:18:53.6169959Z"},"nsu=http://opcfoundation.org/UA/Plc/Applications;s=DipData":{"Value":-48.175367410171532,"SourceTimestamp":"2024-04-26T12:18:53.6170049Z","ServerTimestamp":"2024-04-26T12:18:53.6170183Z"},"nsu=http://opcfoundation.org/UA/Plc/Applications;s=FastUIntScalar1":{"Value":90,"SourceTimestamp":"2024-04-26T12:18:53.1225866Z","ServerTimestamp":"2024-04-26T12:18:53.1225881Z"}}]