{"NodeId":"nsu=http://opcfoundation.org/UA/Plc/Applications;s=SlowRandomUIntScalar1","EndpointUrl":"opc.tcp://localhost:61457/UA/SampleServer","ApplicationUri":"urn:desktop-bgfjs91:OPCFoundation:CoreSampleServer","DisplayName":"nsu=http://opcfoundation.org/UA/Plc/Applications;s=SlowRandomUIntScalar1","Timestamp":"2024-04-27T09:29:33.3575536Z","Value":{"Value":4002526802,"SourceTimestamp":"2024-04-27T09:29:31.3453556Z","ServerTimestamp":"2024-04-27T09:29:31.3453596Z"},"SequenceNumber":3,"ExtensionFields":{}}