{"NodeId":"nsu=http://opcfoundation.org/UA/Plc/Applications;s=SlowRandomUIntScalar1","EndpointUrl":"opc.tcp://localhost:61457/UA/SampleServer","ApplicationUri":"urn:desktop-bgfjs91:OPCFoundation:CoreSampleServer","DisplayName":"nsu=http://opcfoundation.org/UA/Plc/Applications;s=SlowRandomUIntScalar1","Timestamp":"2024-04-27T09:29:53.3878439Z","Value":{"Value":3817784098,"SourceTimestamp":"2024-04-27T09:29:51.34573Z","ServerTimestamp":"2024-04-27T09:29:51.3457356Z"},"SequenceNumber":5,"ExtensionFields":{}}