{"NodeId":"nsu=http://opcfoundation.org/UA/Plc/Applications;s=SlowRandomUIntScalar1","EndpointUrl":"opc.tcp://localhost:61457/UA/SampleServer","ApplicationUri":"urn:desktop-bgfjs91:OPCFoundation:CoreSampleServer","DisplayName":"nsu=http://opcfoundation.org/UA/Plc/Applications;s=SlowRandomUIntScalar1","Timestamp":"2024-04-27T09:30:23.4044957Z","Value":{"Value":653886040,"SourceTimestamp":"2024-04-27T09:30:21.3428338Z","ServerTimestamp":"2024-04-27T09:30:21.3428387Z"},"SequenceNumber":8,"ExtensionFields":{}}