{"MessageId":"6c8a8854-363f-4ad1-9859-f83a97d02deb","MessageType":"ua-data","PublisherId":"DESKTOP-BGFJS91","DataSetWriterGroup":"<<UnknownWriterGroup>>","Messages":[{"SequenceNumber":91,"MetaDataVersion":{"MajorVersion":1},"Timestamp":"2024-04-27T13:07:38.5559224Z","MessageType":"ua-deltaframe","DataSetWriterName":"<<UnknownDataSet>>","Payload":{"nsu=http://opcfoundation.org/UA/Plc/Applications;s=StepUp":{"Value":{"Type":7,"Body":1047},"SourceTimestamp":"2024-04-27T13:07:38.4473758Z","ServerTimestamp":"2024-04-27T13:07:38.4473797Z"},"nsu=http://opcfoundation.org/UA/Plc/Applications;s=RandomSignedInt32":{"Value":{"Type":6,"Body":-988606951},"SourceTimestamp":"2024-04-27T13:07:38.4473738Z","ServerTimestamp":"2024-04-27T13:07:38.4473777Z"},"nsu=http://opcfoundation.org/UA/Plc/Applications;s=RandomUnsignedInt32":{"Value":{"Type":7,"Body":731797534},"SourceTimestamp":"2024-04-27T13:07:38.4473709Z","ServerTimestamp":"2024-04-27T13:07:38.4473756Z"},"nsu=http://opcfoundation.org/UA/Plc/Applications;s=DipData":{"Value":{"Type":11,"Body":48.175367410171532},"SourceTimestamp":"2024-04-27T13:07:38.4473572Z","ServerTimestamp":"2024-04-27T13:07:38.4473613Z"},"nsu=http://opcfoundation.org/UA/Plc/Applications;s=FastUIntScalar1":{"Value":{"Type":7,"Body":104},"SourceTimestamp":"2024-04-27T13:07:37.750059Z","ServerTimestamp":"2024-04-27T13:07:37.7500626Z"},"nsu=http://opcfoundation.org/UA/Plc/Applications;s=FastUIntScalar2":{"Value":{"Type":7,"Body":104},"SourceTimestamp":"2024-04-27T13:07:37.750075Z","ServerTimestamp":"2024-04-27T13:07:37.7500757Z"},"nsu=http://opcfoundation.org/UA/Plc/Applications;s=FastUIntScalar3":{"Value":{"Type":7,"Body":104},"SourceTimestamp":"2024-04-27T13:07:37.7500772Z","ServerTimestamp":"2024-04-27T13:07:37.7500782Z"},"nsu=http://opcfoundation.org/UA/Plc/Applications;s=FastRandomUIntScalar1":{"Value":{"Type":7,"Body":2570620835},"SourceTimestamp":"2024-04-27T13:07:37.7501486Z","ServerTimestamp":"2024-04-27T13:07:37.7501514Z"},"nsu=http://opcfoundation.org/UA/Plc/Applications;s=FastRandomUIntScalar2":{"Value":{"Type":7,"Body":1068022681},"SourceTimestamp":"2024-04-27T13:07:37.7501605Z","ServerTimestamp":"2024-04-27T13:07:37.7501619Z"},"nsu=http://opcfoundation.org/UA/Plc/Applications;s=FastRandomUIntScalar3":{"Value":{"Type":7,"Body":679786094},"SourceTimestamp":"2024-04-27T13:07:37.7501639Z","ServerTimestamp":"2024-04-27T13:07:37.7501648Z"},"nsu=http://opcfoundation.org/UA/Plc/Applications;s=SpikeData":{"Value":{"Type":11,"Body":48.175367410171532},"SourceTimestamp":"2024-04-27T13:07:38.4473474Z","ServerTimestamp":"2024-04-27T13:07:38.4473506Z"}}}]}