{"MessageId":"ba0b5165-6bf6-4da7-945c-8b0d33635005","MessageType":"ua-data","PublisherId":"DESKTOP-BGFJS91","DataSetWriterGroup":"<<UnknownWriterGroup>>","Messages":[{"SequenceNumber":95,"MetaDataVersion":{"MajorVersion":1},"Timestamp":"2024-04-27T13:07:42.5767553Z","MessageType":"ua-deltaframe","DataSetWriterName":"<<UnknownDataSet>>","Payload":{"nsu=http://opcfoundation.org/UA/Plc/Applications;s=StepUp":{"Value":{"Type":7,"Body":1088},"SourceTimestamp":"2024-04-27T13:07:42.545101Z","ServerTimestamp":"2024-04-27T13:07:42.5451027Z"},"nsu=http://opcfoundation.org/UA/Plc/Applications;s=RandomSignedInt32":{"Value":{"Type":6,"Body":-953469925},"SourceTimestamp":"2024-04-27T13:07:42.5451163Z","ServerTimestamp":"2024-04-27T13:07:42.5451174Z"},"nsu=http://opcfoundation.org/UA/Plc/Applications;s=RandomUnsignedInt32":{"Value":{"Type":7,"Body":786476557},"SourceTimestamp":"2024-04-27T13:07:42.5451174Z","ServerTimestamp":"2024-04-27T13:07:42.5451231Z"},"nsu=http://opcfoundation.org/UA/Plc/Applications;s=DipData":{"Value":{"Type":11,"Body":99.80267284282715},"SourceTimestamp":"2024-04-27T13:07:42.5451223Z","ServerTimestamp":"2024-04-27T13:07:42.5451241Z"},"nsu=http://opcfoundation.org/UA/Plc/Applications;s=FastUIntScalar1":{"Value":{"Type":7,"Body":108},"SourceTimestamp":"2024-04-27T13:07:41.7570383Z","ServerTimestamp":"2024-04-27T13:07:41.7570411Z"},"nsu=http://opcfoundation.org/UA/Plc/Applications;s=FastUIntScalar2":{"Value":{"Type":7,"Body":108},"SourceTimestamp":"2024-04-27T13:07:41.7570504Z","ServerTimestamp":"2024-04-27T13:07:41.7570508Z"},"nsu=http://opcfoundation.org/UA/Plc/Applications;s=FastUIntScalar3":{"Value":{"Type":7,"Body":108},"SourceTimestamp":"2024-04-27T13:07:41.757052Z","ServerTimestamp":"2024-04-27T13:07:41.7570526Z"},"nsu=http://opcfoundation.org/UA/Plc/Applications;s=FastRandomUIntScalar1":{"Value":{"Type":7,"Body":1002969892},"SourceTimestamp":"2024-04-27T13:07:41.7570685Z","ServerTimestamp":"2024-04-27T13:07:41.757072Z"},"nsu=http://opcfoundation.org/UA/Plc/Applications;s=FastRandomUIntScalar2":{"Value":{"Type":7,"Body":492418591},"SourceTimestamp":"2024-04-27T13:07:41.7570731Z","ServerTimestamp":"2024-04-27T13:07:41.7570738Z"},"nsu=http://opcfoundation.org/UA/Plc/Applications;s=FastRandomUIntScalar3":{"Value":{"Type":7,"Body":2614603592},"SourceTimestamp":"2024-04-27T13:07:41.7570749Z","ServerTimestamp":"2024-04-27T13:07:41.7570792Z"},"nsu=http://opcfoundation.org/UA/Plc/Applications;s=SpikeData":{"Value":{"Type":11,"Body":99.80267284282715},"SourceTimestamp":"2024-04-27T13:07:42.5451193Z","ServerTimestamp":"2024-04-27T13:07:42.5451201Z"}}}]}