{"MessageId":"e4e6b586-5abb-42e2-8961-0c5aa413f8cc","MessageType":"ua-data","PublisherId":"DESKTOP-BGFJS91","DataSetWriterGroup":"<<UnknownWriterGroup>>","Messages":[{"SequenceNumber":10,"MetaDataVersion":{"MajorVersion":1},"Timestamp":"2024-04-27T13:06:05.5357476Z","MessageType":"ua-deltaframe","DataSetWriterName":"<<UnknownDataSet>>","Payload":{"nsu=http://opcfoundation.org/UA/Plc/Applications;s=StepUp":{"Value":{"Type":7,"Body":117},"SourceTimestamp":"2024-04-27T13:06:05.4582489Z","ServerTimestamp":"2024-04-27T13:06:05.4582534Z"},"nsu=http://opcfoundation.org/UA/Plc/Applications;s=RandomSignedInt32":{"Value":{"Type":6,"Body":-260471152},"SourceTimestamp":"2024-04-27T13:06:05.4582893Z","ServerTimestamp":"2024-04-27T13:06:05.4582907Z"},"nsu=http://opcfoundation.org/UA/Plc/Applications;s=RandomUnsignedInt32":{"Value":{"Type":7,"Body":1589057235},"SourceTimestamp":"2024-04-27T13:06:05.4582991Z","ServerTimestamp":"2024-04-27T13:06:05.4583003Z"},"nsu=http://opcfoundation.org/UA/Plc/Applications;s=DipData":{"Value":{"Type":11,"Body":-90.482705246601981},"SourceTimestamp":"2024-04-27T13:06:05.4583326Z","ServerTimestamp":"2024-04-27T13:06:05.4583353Z"},"nsu=http://opcfoundation.org/UA/Plc/Applications;s=FastUIntScalar1":{"Value":{"Type":7,"Body":11},"SourceTimestamp":"2024-04-27T13:06:04.7453264Z","ServerTimestamp":"2024-04-27T13:06:04.7453295Z"},"nsu=http://opcfoundation.org/UA/Plc/Applications;s=FastUIntScalar2":{"Value":{"Type":7,"Body":11},"SourceTimestamp":"2024-04-27T13:06:04.7453462Z","ServerTimestamp":"2024-04-27T13:06:04.7453468Z"},"nsu=http://opcfoundation.org/UA/Plc/Applications;s=FastUIntScalar3":{"Value":{"Type":7,"Body":11},"SourceTimestamp":"2024-04-27T13:06:04.7453478Z","ServerTimestamp":"2024-04-27T13:06:04.7453485Z"},"nsu=http://opcfoundation.org/UA/Plc/Applications;s=FastRandomUIntScalar1":{"Value":{"Type":7,"Body":3407327620},"SourceTimestamp":"2024-04-27T13:06:04.7453712Z","ServerTimestamp":"2024-04-27T13:06:04.7454122Z"},"nsu=http://opcfoundation.org/UA/Plc/Applications;s=FastRandomUIntScalar2":{"Value":{"Type":7,"Body":605918063},"SourceTimestamp":"2024-04-27T13:06:04.745419Z","ServerTimestamp":"2024-04-27T13:06:04.7454202Z"},"nsu=http://opcfoundation.org/UA/Plc/Applications;s=FastRandomUIntScalar3":{"Value":{"Type":7,"Body":3142362836},"SourceTimestamp":"2024-04-27T13:06:04.7454214Z","ServerTimestamp":"2024-04-27T13:06:04.7454219Z"},"nsu=http://opcfoundation.org/UA/Plc/Applications;s=SpikeData":{"Value":{"Type":11,"Body":-90.482705246601981},"SourceTimestamp":"2024-04-27T13:06:05.4583512Z","ServerTimestamp":"2024-04-27T13:06:05.4583526Z"}}}]}