{"MessageId":"d259967f-c1e0-4236-b1f6-2c31332d99f3","MessageType":"ua-data","PublisherId":"DESKTOP-BGFJS91","DataSetWriterGroup":"<<UnknownWriterGroup>>","Messages":[{"SequenceNumber":100,"MetaDataVersion":{"MajorVersion":1},"Timestamp":"2024-04-27T13:07:48.563347Z","MessageType":"ua-deltaframe","DataSetWriterName":"<<UnknownDataSet>>","Payload":{"nsu=http://opcfoundation.org/UA/Plc/Applications;s=StepUp":{"Value":{"Type":7,"Body":1148},"SourceTimestamp":"2024-04-27T13:07:48.5476691Z","ServerTimestamp":"2024-04-27T13:07:48.5476728Z"},"nsu=http://opcfoundation.org/UA/Plc/Applications;s=RandomSignedInt32":{"Value":{"Type":6,"Body":-1494818823},"SourceTimestamp":"2024-04-27T13:07:48.5477019Z","ServerTimestamp":"2024-04-27T13:07:48.5477029Z"},"nsu=http://opcfoundation.org/UA/Plc/Applications;s=RandomUnsignedInt32":{"Value":{"Type":7,"Body":870523708},"SourceTimestamp":"2024-04-27T13:07:48.5477083Z","ServerTimestamp":"2024-04-27T13:07:48.5477201Z"},"nsu=http://opcfoundation.org/UA/Plc/Applications;s=DipData":{"Value":{"Type":11,"Body":36.812455268467801},"SourceTimestamp":"2024-04-27T13:07:48.5477291Z","ServerTimestamp":"2024-04-27T13:07:48.5477303Z"},"nsu=http://opcfoundation.org/UA/Plc/Applications;s=FastUIntScalar1":{"Value":{"Type":7,"Body":114},"SourceTimestamp":"2024-04-27T13:07:47.7443996Z","ServerTimestamp":"2024-04-27T13:07:47.7444041Z"},"nsu=http://opcfoundation.org/UA/Plc/Applications;s=FastUIntScalar2":{"Value":{"Type":7,"Body":114},"SourceTimestamp":"2024-04-27T13:07:47.744419Z","ServerTimestamp":"2024-04-27T13:07:47.7444198Z"},"nsu=http://opcfoundation.org/UA/Plc/Applications;s=FastUIntScalar3":{"Value":{"Type":7,"Body":114},"SourceTimestamp":"2024-04-27T13:07:47.7444222Z","ServerTimestamp":"2024-04-27T13:07:47.7444233Z"},"nsu=http://opcfoundation.org/UA/Plc/Applications;s=FastRandomUIntScalar1":{"Value":{"Type":7,"Body":185921313},"SourceTimestamp":"2024-04-27T13:07:47.744463Z","ServerTimestamp":"2024-04-27T13:07:47.7444668Z"},"nsu=http://opcfoundation.org/UA/Plc/Applications;s=FastRandomUIntScalar2":{"Value":{"Type":7,"Body":4270303028},"SourceTimestamp":"2024-04-27T13:07:47.7444692Z","ServerTimestamp":"2024-04-27T13:07:47.7444703Z"},"nsu=http://opcfoundation.org/UA/Plc/Applications;s=FastRandomUIntScalar3":{"Value":{"Type":7,"Body":1320866182},"SourceTimestamp":"2024-04-27T13:07:47.7444727Z","ServerTimestamp":"2024-04-27T13:07:47.7444774Z"},"nsu=http://opcfoundation.org/UA/Plc/Applications;s=SpikeData":{"Value":{"Type":11,"Body":36.812455268467801},"SourceTimestamp":"2024-04-27T13:07:48.5477375Z","ServerTimestamp":"2024-04-27T13:07:48.5477388Z"}}}]}