{"MessageId":"0d980dbe-b7a6-43d2-a86f-5ddd438e46d5","MessageType":"ua-data","PublisherId":"DESKTOP-BGFJS91","DataSetWriterGroup":"<<UnknownWriterGroup>>","Messages":[{"SequenceNumber":101,"MetaDataVersion":{"MajorVersion":1},"Timestamp":"2024-04-27T13:07:49.5530471Z","MessageType":"ua-deltaframe","DataSetWriterName":"<<UnknownDataSet>>","Payload":{"nsu=http://opcfoundation.org/UA/Plc/Applications;s=AlternatingBoolean":{"Value":{"Type":1,"Body":false},"SourceTimestamp":"2024-04-27T13:07:48.8572014Z","ServerTimestamp":"2024-04-27T13:07:48.8572082Z"},"nsu=http://opcfoundation.org/UA/Plc/Applications;s=NegativeTrendData":{"Value":{"Type":11,"Body":97.900000000000006},"SourceTimestamp":"2024-04-27T13:07:48.8571567Z","ServerTimestamp":"2024-04-27T13:07:48.8571791Z"},"nsu=http://opcfoundation.org/UA/Plc/Applications;s=PositiveTrendData":{"Value":{"Type":11,"Body":101.8},"SourceTimestamp":"2024-04-27T13:07:48.8571581Z","ServerTimestamp":"2024-04-27T13:07:48.8572014Z"}}}]}