{"MessageId":"e7b8055a-6da4-4e67-a8a8-01ee12dd90d3","MessageType":"ua-data","PublisherId":"DESKTOP-BGFJS91","DataSetWriterGroup":"<<UnknownWriterGroup>>","Messages":[{"SequenceNumber":102,"MetaDataVersion":{"MajorVersion":1},"Timestamp":"2024-04-27T13:07:50.5438513Z","MessageType":"ua-deltaframe","DataSetWriterName":"<<UnknownDataSet>>","Payload":{"nsu=http://opcfoundation.org/UA/Plc/Applications;s=StepUp":{"Value":{"Type":7,"Body":1167},"SourceTimestamp":"2024-04-27T13:07:50.450106Z","ServerTimestamp":"2024-04-27T13:07:50.4501096Z"},"nsu=http://opcfoundation.org/UA/Plc/Applications;s=RandomSignedInt32":{"Value":{"Type":6,"Body":-531536512},"SourceTimestamp":"2024-04-27T13:07:50.4501397Z","ServerTimestamp":"2024-04-27T13:07:50.4501444Z"},"nsu=http://opcfoundation.org/UA/Plc/Applications;s=RandomUnsignedInt32":{"Value":{"Type":7,"Body":846099347},"SourceTimestamp":"2024-04-27T13:07:50.4501475Z","ServerTimestamp":"2024-04-27T13:07:50.4501488Z"},"nsu=http://opcfoundation.org/UA/Plc/Applications;s=DipData":{"Value":{"Type":11,"Body":-90.482705246601981},"SourceTimestamp":"2024-04-27T13:07:50.4501782Z","ServerTimestamp":"2024-04-27T13:07:50.4501806Z"},"nsu=http://opcfoundation.org/UA/Plc/Applications;s=FastUIntScalar1":{"Value":{"Type":7,"Body":116},"SourceTimestamp":"2024-04-27T13:07:49.7524913Z","ServerTimestamp":"2024-04-27T13:07:49.7524948Z"},"nsu=http://opcfoundation.org/UA/Plc/Applications;s=FastUIntScalar2":{"Value":{"Type":7,"Body":116},"SourceTimestamp":"2024-04-27T13:07:49.7525138Z","ServerTimestamp":"2024-04-27T13:07:49.7525148Z"},"nsu=http://opcfoundation.org/UA/Plc/Applications;s=FastUIntScalar3":{"Value":{"Type":7,"Body":116},"SourceTimestamp":"2024-04-27T13:07:49.752517Z","ServerTimestamp":"2024-04-27T13:07:49.7525183Z"},"nsu=http://opcfoundation.org/UA/Plc/Applications;s=FastRandomUIntScalar1":{"Value":{"Type":7,"Body":3533294211},"SourceTimestamp":"2024-04-27T13:07:49.7525542Z","ServerTimestamp":"2024-04-27T13:07:49.7526093Z"},"nsu=http://opcfoundation.org/UA/Plc/Applications;s=FastRandomUIntScalar2":{"Value":{"Type":7,"Body":1275444843},"SourceTimestamp":"2024-04-27T13:07:49.7526137Z","ServerTimestamp":"2024-04-27T13:07:49.7526161Z"},"nsu=http://opcfoundation.org/UA/Plc/Applications;s=FastRandomUIntScalar3":{"Value":{"Type":7,"Body":3001076420},"SourceTimestamp":"2024-04-27T13:07:49.7526181Z","ServerTimestamp":"2024-04-27T13:07:49.7526187Z"},"nsu=http://opcfoundation.org/UA/Plc/Applications;s=SpikeData":{"Value":{"Type":11,"Body":1000},"SourceTimestamp":"2024-04-27T13:07:50.4501432Z","ServerTimestamp":"2024-04-27T13:07:50.450153Z"}}}]}