{"MessageId":"c06863dc-bc6c-43d0-b077-8df0ebd167a8","MessageType":"ua-data","PublisherId":"DESKTOP-BGFJS91","DataSetWriterGroup":"<<UnknownWriterGroup>>","Messages":[{"SequenceNumber":17,"MetaDataVersion":{"MajorVersion":1},"Timestamp":"2024-04-27T13:06:13.5878278Z","MessageType":"ua-deltaframe","DataSetWriterName":"<<UnknownDataSet>>","Payload":{"nsu=http://opcfoundation.org/UA/Plc/Applications;s=StepUp":{"Value":{"Type":7,"Body":198},"SourceTimestamp":"2024-04-27T13:06:13.556399Z","ServerTimestamp":"2024-04-27T13:06:13.5564058Z"},"nsu=http://opcfoundation.org/UA/Plc/Applications;s=RandomSignedInt32":{"Value":{"Type":6,"Body":192641950},"SourceTimestamp":"2024-04-27T13:06:13.5564203Z","ServerTimestamp":"2024-04-27T13:06:13.5564258Z"},"nsu=http://opcfoundation.org/UA/Plc/Applications;s=RandomUnsignedInt32":{"Value":{"Type":7,"Body":48117425},"SourceTimestamp":"2024-04-27T13:06:13.556421Z","ServerTimestamp":"2024-04-27T13:06:13.5564238Z"},"nsu=http://opcfoundation.org/UA/Plc/Applications;s=DipData":{"Value":{"Type":11,"Body":36.812455268467801},"SourceTimestamp":"2024-04-27T13:06:13.5564342Z","ServerTimestamp":"2024-04-27T13:06:13.5564354Z"},"nsu=http://opcfoundation.org/UA/Plc/Applications;s=FastUIntScalar1":{"Value":{"Type":7,"Body":19},"SourceTimestamp":"2024-04-27T13:06:12.7501905Z","ServerTimestamp":"2024-04-27T13:06:12.7501929Z"},"nsu=http://opcfoundation.org/UA/Plc/Applications;s=FastUIntScalar2":{"Value":{"Type":7,"Body":19},"SourceTimestamp":"2024-04-27T13:06:12.7502012Z","ServerTimestamp":"2024-04-27T13:06:12.7502015Z"},"nsu=http://opcfoundation.org/UA/Plc/Applications;s=FastUIntScalar3":{"Value":{"Type":7,"Body":19},"SourceTimestamp":"2024-04-27T13:06:12.7502023Z","ServerTimestamp":"2024-04-27T13:06:12.7502028Z"},"nsu=http://opcfoundation.org/UA/Plc/Applications;s=FastRandomUIntScalar1":{"Value":{"Type":7,"Body":259463829},"SourceTimestamp":"2024-04-27T13:06:12.7502194Z","ServerTimestamp":"2024-04-27T13:06:12.7502237Z"},"nsu=http://opcfoundation.org/UA/Plc/Applications;s=FastRandomUIntScalar2":{"Value":{"Type":7,"Body":526771608},"SourceTimestamp":"2024-04-27T13:06:12.7502278Z","ServerTimestamp":"2024-04-27T13:06:12.7502291Z"},"nsu=http://opcfoundation.org/UA/Plc/Applications;s=FastRandomUIntScalar3":{"Value":{"Type":7,"Body":1076409694},"SourceTimestamp":"2024-04-27T13:06:12.7502299Z","ServerTimestamp":"2024-04-27T13:06:12.7502303Z"},"nsu=http://opcfoundation.org/UA/Plc/Applications;s=SpikeData":{"Value":{"Type":11,"Body":36.812455268467801},"SourceTimestamp":"2024-04-27T13:06:13.5564203Z","ServerTimestamp":"2024-04-27T13:06:13.5564282Z"}}}]}