{"MessageId":"903dff75-f8a0-4e8f-8128-a9046161677b","MessageType":"ua-data","PublisherId":"DESKTOP-BGFJS91","DataSetWriterGroup":"<<UnknownWriterGroup>>","Messages":[{"SequenceNumber":2,"MetaDataVersion":{"MajorVersion":1},"Timestamp":"2024-04-27T13:05:55.5790022Z","MessageType":"ua-deltaframe","DataSetWriterName":"<<UnknownDataSet>>","Payload":{"nsu=http://opcfoundation.org/UA/Plc/Applications;s=StepUp":{"Value":{"Type":7,"Body":18},"SourceTimestamp":"2024-04-27T13:05:55.5487766Z","ServerTimestamp":"2024-04-27T13:05:55.548779Z"},"nsu=http://opcfoundation.org/UA/Plc/Applications;s=AlternatingBoolean":{"Value":{"Type":1,"Body":true},"SourceTimestamp":"2024-04-27T13:05:54.5470172Z","ServerTimestamp":"2024-04-27T13:05:54.5555578Z"},"nsu=http://opcfoundation.org/UA/Plc/Applications;s=RandomSignedInt32":{"Value":{"Type":6,"Body":111662294},"SourceTimestamp":"2024-04-27T13:05:55.5487438Z","ServerTimestamp":"2024-04-27T13:05:55.5487453Z"},"nsu=http://opcfoundation.org/UA/Plc/Applications;s=RandomUnsignedInt32":{"Value":{"Type":7,"Body":1095370787},"SourceTimestamp":"2024-04-27T13:05:55.5487437Z","ServerTimestamp":"2024-04-27T13:05:55.5487504Z"},"nsu=http://opcfoundation.org/UA/Plc/Applications;s=DipData":{"Value":{"Type":11,"Body":-84.432792550201526},"SourceTimestamp":"2024-04-27T13:05:55.548706Z","ServerTimestamp":"2024-04-27T13:05:55.5487105Z"},"nsu=http://opcfoundation.org/UA/Plc/Applications;s=FastUIntScalar1":{"Value":{"Type":7,"Body":1},"SourceTimestamp":"2024-04-27T13:05:54.7555518Z","ServerTimestamp":"2024-04-27T13:05:54.7555549Z"},"nsu=http://opcfoundation.org/UA/Plc/Applications;s=FastUIntScalar2":{"Value":{"Type":7,"Body":1},"SourceTimestamp":"2024-04-27T13:05:54.7555658Z","ServerTimestamp":"2024-04-27T13:05:54.75559Z"},"nsu=http://opcfoundation.org/UA/Plc/Applications;s=FastUIntScalar3":{"Value":{"Type":7,"Body":1},"SourceTimestamp":"2024-04-27T13:05:54.7555921Z","ServerTimestamp":"2024-04-27T13:05:54.7555976Z"},"nsu=http://opcfoundation.org/UA/Plc/Applications;s=FastRandomUIntScalar1":{"Value":{"Type":7,"Body":884045957},"SourceTimestamp":"2024-04-27T13:05:54.7555811Z","ServerTimestamp":"2024-04-27T13:05:54.7555824Z"},"nsu=http://opcfoundation.org/UA/Plc/Applications;s=FastRandomUIntScalar2":{"Value":{"Type":7,"Body":1992717317},"SourceTimestamp":"2024-04-27T13:05:54.7555852Z","ServerTimestamp":"2024-04-27T13:05:54.7555887Z"},"nsu=http://opcfoundation.org/UA/Plc/Applications;s=FastRandomUIntScalar3":{"Value":{"Type":7,"Body":3556486006},"SourceTimestamp":"2024-04-27T13:05:54.7555899Z","ServerTimestamp":"2024-04-27T13:05:54.7555918Z"},"nsu=http://opcfoundation.org/UA/Plc/Applications;s=NegativeTrendData":{"Value":{"Type":11,"Body":100},"SourceTimestamp":"2024-04-27T13:05:54.5470109Z","ServerTimestamp":"2024-04-27T13:05:54.5555696Z"},"nsu=http://opcfoundation.org/UA/Plc/Applications;s=PositiveTrendData":{"Value":{"Type":11,"Body":100},"SourceTimestamp":"2024-04-27T13:05:54.5470141Z","ServerTimestamp":"2024-04-27T13:05:54.5555703Z"},"nsu=http://opcfoundation.org/UA/Plc/Applications;s=SpikeData":{"Value":{"Type":11,"Body":-84.432792550201526},"SourceTimestamp":"2024-04-27T13:05:55.5487494Z","ServerTimestamp":"2024-04-27T13:05:55.5487591Z"}}}]}