{"MessageId":"c1c2e934-29c0-4755-a0fd-e35e78e21892","MessageType":"ua-data","PublisherId":"DESKTOP-BGFJS91","DataSetWriterGroup":"<<UnknownWriterGroup>>","Messages":[{"SequenceNumber":20,"MetaDataVersion":{"MajorVersion":1},"Timestamp":"2024-04-27T13:06:16.5634615Z","MessageType":"ua-deltaframe","DataSetWriterName":"<<UnknownDataSet>>","Payload":{"nsu=http://opcfoundation.org/UA/Plc/Applications;s=StepUp":{"Value":{"Type":7,"Body":228},"SourceTimestamp":"2024-04-27T13:06:16.5480923Z","ServerTimestamp":"2024-04-27T13:06:16.548108Z"},"nsu=http://opcfoundation.org/UA/Plc/Applications;s=RandomSignedInt32":{"Value":{"Type":6,"Body":-1672626986},"SourceTimestamp":"2024-04-27T13:06:16.5481225Z","ServerTimestamp":"2024-04-27T13:06:16.5481241Z"},"nsu=http://opcfoundation.org/UA/Plc/Applications;s=RandomUnsignedInt32":{"Value":{"Type":7,"Body":1082000315},"SourceTimestamp":"2024-04-27T13:06:16.5481263Z","ServerTimestamp":"2024-04-27T13:06:16.5481279Z"},"nsu=http://opcfoundation.org/UA/Plc/Applications;s=DipData":{"Value":{"Type":11,"Body":24.868988716485482},"SourceTimestamp":"2024-04-27T13:06:16.5481315Z","ServerTimestamp":"2024-04-27T13:06:16.5481622Z"},"nsu=http://opcfoundation.org/UA/Plc/Applications;s=FastUIntScalar1":{"Value":{"Type":7,"Body":22},"SourceTimestamp":"2024-04-27T13:06:15.7448301Z","ServerTimestamp":"2024-04-27T13:06:15.7448335Z"},"nsu=http://opcfoundation.org/UA/Plc/Applications;s=FastUIntScalar2":{"Value":{"Type":7,"Body":22},"SourceTimestamp":"2024-04-27T13:06:15.7448434Z","ServerTimestamp":"2024-04-27T13:06:15.7448441Z"},"nsu=http://opcfoundation.org/UA/Plc/Applications;s=FastUIntScalar3":{"Value":{"Type":7,"Body":22},"SourceTimestamp":"2024-04-27T13:06:15.7448457Z","ServerTimestamp":"2024-04-27T13:06:15.7448463Z"},"nsu=http://opcfoundation.org/UA/Plc/Applications;s=FastRandomUIntScalar1":{"Value":{"Type":7,"Body":4226698650},"SourceTimestamp":"2024-04-27T13:06:15.7448756Z","ServerTimestamp":"2024-04-27T13:06:15.7448762Z"},"nsu=http://opcfoundation.org/UA/Plc/Applications;s=FastRandomUIntScalar2":{"Value":{"Type":7,"Body":1449020642},"SourceTimestamp":"2024-04-27T13:06:15.7448773Z","ServerTimestamp":"2024-04-27T13:06:15.744878Z"},"nsu=http://opcfoundation.org/UA/Plc/Applications;s=FastRandomUIntScalar3":{"Value":{"Type":7,"Body":730007574},"SourceTimestamp":"2024-04-27T13:06:15.7448795Z","ServerTimestamp":"2024-04-27T13:06:15.7448799Z"},"nsu=http://opcfoundation.org/UA/Plc/Applications;s=SpikeData":{"Value":{"Type":11,"Body":24.868988716485482},"SourceTimestamp":"2024-04-27T13:06:16.5481158Z","ServerTimestamp":"2024-04-27T13:06:16.548117Z"}}}]}