{"MessageId":"28ecb7a6-5f7b-416d-973a-b9d118cd774c","MessageType":"ua-data","PublisherId":"DESKTOP-BGFJS91","DataSetWriterGroup":"<<UnknownWriterGroup>>","Messages":[{"SequenceNumber":22,"MetaDataVersion":{"MajorVersion":1},"Timestamp":"2024-04-27T13:06:18.5624649Z","MessageType":"ua-deltaframe","DataSetWriterName":"<<UnknownDataSet>>","Payload":{"nsu=http://opcfoundation.org/UA/Plc/Applications;s=StepUp":{"Value":{"Type":7,"Body":248},"SourceTimestamp":"2024-04-27T13:06:18.547078Z","ServerTimestamp":"2024-04-27T13:06:18.5470814Z"},"nsu=http://opcfoundation.org/UA/Plc/Applications;s=RandomSignedInt32":{"Value":{"Type":6,"Body":1047783595},"SourceTimestamp":"2024-04-27T13:06:18.5471648Z","ServerTimestamp":"2024-04-27T13:06:18.5471658Z"},"nsu=http://opcfoundation.org/UA/Plc/Applications;s=RandomUnsignedInt32":{"Value":{"Type":7,"Body":503971508},"SourceTimestamp":"2024-04-27T13:06:18.54717Z","ServerTimestamp":"2024-04-27T13:06:18.5471866Z"},"nsu=http://opcfoundation.org/UA/Plc/Applications;s=DipData":{"Value":{"Type":11,"Body":36.812455268467801},"SourceTimestamp":"2024-04-27T13:06:18.547193Z","ServerTimestamp":"2024-04-27T13:06:18.5471937Z"},"nsu=http://opcfoundation.org/UA/Plc/Applications;s=FastUIntScalar1":{"Value":{"Type":7,"Body":24},"SourceTimestamp":"2024-04-27T13:06:17.7486823Z","ServerTimestamp":"2024-04-27T13:06:17.7486852Z"},"nsu=http://opcfoundation.org/UA/Plc/Applications;s=FastUIntScalar2":{"Value":{"Type":7,"Body":24},"SourceTimestamp":"2024-04-27T13:06:17.7486946Z","ServerTimestamp":"2024-04-27T13:06:17.7486951Z"},"nsu=http://opcfoundation.org/UA/Plc/Applications;s=FastUIntScalar3":{"Value":{"Type":7,"Body":24},"SourceTimestamp":"2024-04-27T13:06:17.7486964Z","ServerTimestamp":"2024-04-27T13:06:17.7486973Z"},"nsu=http://opcfoundation.org/UA/Plc/Applications;s=FastRandomUIntScalar1":{"Value":{"Type":7,"Body":3525015308},"SourceTimestamp":"2024-04-27T13:06:17.748738Z","ServerTimestamp":"2024-04-27T13:06:17.7487396Z"},"nsu=http://opcfoundation.org/UA/Plc/Applications;s=FastRandomUIntScalar2":{"Value":{"Type":7,"Body":3015552014},"SourceTimestamp":"2024-04-27T13:06:17.7487635Z","ServerTimestamp":"2024-04-27T13:06:17.7487643Z"},"nsu=http://opcfoundation.org/UA/Plc/Applications;s=FastRandomUIntScalar3":{"Value":{"Type":7,"Body":200309074},"SourceTimestamp":"2024-04-27T13:06:17.7487656Z","ServerTimestamp":"2024-04-27T13:06:17.748766Z"},"nsu=http://opcfoundation.org/UA/Plc/Applications;s=SpikeData":{"Value":{"Type":11,"Body":36.812455268467801},"SourceTimestamp":"2024-04-27T13:06:18.5471996Z","ServerTimestamp":"2024-04-27T13:06:18.5472005Z"}}}]}