{"MessageId":"e7f1d95c-c0f4-49e8-94cf-9f8080ade22d","MessageType":"ua-data","PublisherId":"DESKTOP-BGFJS91","DataSetWriterGroup":"<<UnknownWriterGroup>>","Messages":[{"SequenceNumber":23,"MetaDataVersion":{"MajorVersion":1},"Timestamp":"2024-04-27T13:06:19.5582692Z","MessageType":"ua-deltaframe","DataSetWriterName":"<<UnknownDataSet>>","Payload":{"nsu=http://opcfoundation.org/UA/Plc/Applications;s=StepUp":{"Value":{"Type":7,"Body":257},"SourceTimestamp":"2024-04-27T13:06:19.4500139Z","ServerTimestamp":"2024-04-27T13:06:19.4500175Z"},"nsu=http://opcfoundation.org/UA/Plc/Applications;s=AlternatingBoolean":{"Value":{"Type":1,"Body":false},"SourceTimestamp":"2024-04-27T13:06:18.8447083Z","ServerTimestamp":"2024-04-27T13:06:18.844713Z"},"nsu=http://opcfoundation.org/UA/Plc/Applications;s=RandomSignedInt32":{"Value":{"Type":6,"Body":1772864522},"SourceTimestamp":"2024-04-27T13:06:19.4500491Z","ServerTimestamp":"2024-04-27T13:06:19.4500507Z"},"nsu=http://opcfoundation.org/UA/Plc/Applications;s=RandomUnsignedInt32":{"Value":{"Type":7,"Body":326867612},"SourceTimestamp":"2024-04-27T13:06:19.4500402Z","ServerTimestamp":"2024-04-27T13:06:19.4500409Z"},"nsu=http://opcfoundation.org/UA/Plc/Applications;s=DipData":{"Value":{"Type":11,"Body":-68.454710592868821},"SourceTimestamp":"2024-04-27T13:06:19.4500567Z","ServerTimestamp":"2024-04-27T13:06:19.4500628Z"},"nsu=http://opcfoundation.org/UA/Plc/Applications;s=FastUIntScalar1":{"Value":{"Type":7,"Body":25},"SourceTimestamp":"2024-04-27T13:06:18.7509695Z","ServerTimestamp":"2024-04-27T13:06:18.7509728Z"},"nsu=http://opcfoundation.org/UA/Plc/Applications;s=FastUIntScalar2":{"Value":{"Type":7,"Body":25},"SourceTimestamp":"2024-04-27T13:06:18.7509828Z","ServerTimestamp":"2024-04-27T13:06:18.7509833Z"},"nsu=http://opcfoundation.org/UA/Plc/Applications;s=FastUIntScalar3":{"Value":{"Type":7,"Body":25},"SourceTimestamp":"2024-04-27T13:06:18.7509844Z","ServerTimestamp":"2024-04-27T13:06:18.750985Z"},"nsu=http://opcfoundation.org/UA/Plc/Applications;s=FastRandomUIntScalar1":{"Value":{"Type":7,"Body":961905212},"SourceTimestamp":"2024-04-27T13:06:18.7510015Z","ServerTimestamp":"2024-04-27T13:06:18.7510021Z"},"nsu=http://opcfoundation.org/UA/Plc/Applications;s=FastRandomUIntScalar2":{"Value":{"Type":7,"Body":4011239917},"SourceTimestamp":"2024-04-27T13:06:18.751003Z","ServerTimestamp":"2024-04-27T13:06:18.7510039Z"},"nsu=http://opcfoundation.org/UA/Plc/Applications;s=FastRandomUIntScalar3":{"Value":{"Type":7,"Body":1818600691},"SourceTimestamp":"2024-04-27T13:06:18.7510052Z","ServerTimestamp":"2024-04-27T13:06:18.7510055Z"},"nsu=http://opcfoundation.org/UA/Plc/Applications;s=NegativeTrendData":{"Value":{"Type":11,"Body":99.700000000000003},"SourceTimestamp":"2024-04-27T13:06:18.8446899Z","ServerTimestamp":"2024-04-27T13:06:18.8446976Z"},"nsu=http://opcfoundation.org/UA/Plc/Applications;s=SpikeData":{"Value":{"Type":11,"Body":-68.454710592868821},"SourceTimestamp":"2024-04-27T13:06:19.4500481Z","ServerTimestamp":"2024-04-27T13:06:19.450049Z"}}}]}