{"MessageId":"963dc7a8-3990-474a-b5be-61946f687336","MessageType":"ua-data","PublisherId":"DESKTOP-BGFJS91","DataSetWriterGroup":"<<UnknownWriterGroup>>","Messages":[{"SequenceNumber":24,"MetaDataVersion":{"MajorVersion":1},"Timestamp":"2024-04-27T13:06:21.5490734Z","MessageType":"ua-deltaframe","DataSetWriterName":"<<UnknownDataSet>>","Payload":{"nsu=http://opcfoundation.org/UA/Plc/Applications;s=StepUp":{"Value":{"Type":7,"Body":278},"SourceTimestamp":"2024-04-27T13:06:21.5486299Z","ServerTimestamp":"2024-04-27T13:06:21.5486345Z"},"nsu=http://opcfoundation.org/UA/Plc/Applications;s=RandomSignedInt32":{"Value":{"Type":6,"Body":-789644932},"SourceTimestamp":"2024-04-27T13:06:21.4545128Z","ServerTimestamp":"2024-04-27T13:06:21.4545148Z"},"nsu=http://opcfoundation.org/UA/Plc/Applications;s=RandomUnsignedInt32":{"Value":{"Type":7,"Body":1341851657},"SourceTimestamp":"2024-04-27T13:06:21.4545228Z","ServerTimestamp":"2024-04-27T13:06:21.4545249Z"},"nsu=http://opcfoundation.org/UA/Plc/Applications;s=DipData":{"Value":{"Type":11,"Body":-1000},"SourceTimestamp":"2024-04-27T13:06:21.4545209Z","ServerTimestamp":"2024-04-27T13:06:21.4545233Z"},"nsu=http://opcfoundation.org/UA/Plc/Applications;s=FastUIntScalar1":{"Value":{"Type":7,"Body":27},"SourceTimestamp":"2024-04-27T13:06:20.7574878Z","ServerTimestamp":"2024-04-27T13:06:20.7574912Z"},"nsu=http://opcfoundation.org/UA/Plc/Applications;s=FastUIntScalar2":{"Value":{"Type":7,"Body":27},"SourceTimestamp":"2024-04-27T13:06:20.7575027Z","ServerTimestamp":"2024-04-27T13:06:20.7575031Z"},"nsu=http://opcfoundation.org/UA/Plc/Applications;s=FastUIntScalar3":{"Value":{"Type":7,"Body":27},"SourceTimestamp":"2024-04-27T13:06:20.7575039Z","ServerTimestamp":"2024-04-27T13:06:20.7575045Z"},"nsu=http://opcfoundation.org/UA/Plc/Applications;s=FastRandomUIntScalar1":{"Value":{"Type":7,"Body":1050520785},"SourceTimestamp":"2024-04-27T13:06:20.757524Z","ServerTimestamp":"2024-04-27T13:06:20.7575297Z"},"nsu=http://opcfoundation.org/UA/Plc/Applications;s=FastRandomUIntScalar2":{"Value":{"Type":7,"Body":3466382557},"SourceTimestamp":"2024-04-27T13:06:20.7575369Z","ServerTimestamp":"2024-04-27T13:06:20.7575379Z"},"nsu=http://opcfoundation.org/UA/Plc/Applications;s=FastRandomUIntScalar3":{"Value":{"Type":7,"Body":4198732531},"SourceTimestamp":"2024-04-27T13:06:20.7575392Z","ServerTimestamp":"2024-04-27T13:06:20.7575398Z"},"nsu=http://opcfoundation.org/UA/Plc/Applications;s=SpikeData":{"Value":{"Type":11,"Body":12.53332335643041},"SourceTimestamp":"2024-04-27T13:06:21.454521Z","ServerTimestamp":"2024-04-27T13:06:21.4545219Z"}}}]}