{"MessageId":"a3b05490-2e29-44d9-a8ff-cd568f392c92","MessageType":"ua-data","PublisherId":"DESKTOP-BGFJS91","DataSetWriterGroup":"<<UnknownWriterGroup>>","Messages":[{"SequenceNumber":27,"MetaDataVersion":{"MajorVersion":1},"Timestamp":"2024-04-27T13:06:24.5930772Z","MessageType":"ua-deltaframe","DataSetWriterName":"<<UnknownDataSet>>","Payload":{"nsu=http://opcfoundation.org/UA/Plc/Applications;s=StepUp":{"Value":{"Type":7,"Body":308},"SourceTimestamp":"2024-04-27T13:06:24.5467071Z","ServerTimestamp":"2024-04-27T13:06:24.5467106Z"},"nsu=http://opcfoundation.org/UA/Plc/Applications;s=AlternatingBoolean":{"Value":{"Type":1,"Body":true},"SourceTimestamp":"2024-04-27T13:06:23.8478347Z","ServerTimestamp":"2024-04-27T13:06:23.8478393Z"},"nsu=http://opcfoundation.org/UA/Plc/Applications;s=RandomSignedInt32":{"Value":{"Type":6,"Body":1626450177},"SourceTimestamp":"2024-04-27T13:06:24.5467435Z","ServerTimestamp":"2024-04-27T13:06:24.546746Z"},"nsu=http://opcfoundation.org/UA/Plc/Applications;s=RandomUnsignedInt32":{"Value":{"Type":7,"Body":1097814459},"SourceTimestamp":"2024-04-27T13:06:24.5467473Z","ServerTimestamp":"2024-04-27T13:06:24.5467481Z"},"nsu=http://opcfoundation.org/UA/Plc/Applications;s=DipData":{"Value":{"Type":11,"Body":-77.0513242775789},"SourceTimestamp":"2024-04-27T13:06:24.5467516Z","ServerTimestamp":"2024-04-27T13:06:24.5467525Z"},"nsu=http://opcfoundation.org/UA/Plc/Applications;s=FastUIntScalar1":{"Value":{"Type":7,"Body":30},"SourceTimestamp":"2024-04-27T13:06:23.753659Z","ServerTimestamp":"2024-04-27T13:06:23.7536624Z"},"nsu=http://opcfoundation.org/UA/Plc/Applications;s=FastUIntScalar2":{"Value":{"Type":7,"Body":30},"SourceTimestamp":"2024-04-27T13:06:23.7536664Z","ServerTimestamp":"2024-04-27T13:06:23.7536704Z"},"nsu=http://opcfoundation.org/UA/Plc/Applications;s=FastUIntScalar3":{"Value":{"Type":7,"Body":30},"SourceTimestamp":"2024-04-27T13:06:23.7536737Z","ServerTimestamp":"2024-04-27T13:06:23.7536808Z"},"nsu=http://opcfoundation.org/UA/Plc/Applications;s=FastRandomUIntScalar1":{"Value":{"Type":7,"Body":514905732},"SourceTimestamp":"2024-04-27T13:06:23.753665Z","ServerTimestamp":"2024-04-27T13:06:23.7536666Z"},"nsu=http://opcfoundation.org/UA/Plc/Applications;s=FastRandomUIntScalar2":{"Value":{"Type":7,"Body":3000852074},"SourceTimestamp":"2024-04-27T13:06:23.7536707Z","ServerTimestamp":"2024-04-27T13:06:23.7536718Z"},"nsu=http://opcfoundation.org/UA/Plc/Applications;s=FastRandomUIntScalar3":{"Value":{"Type":7,"Body":3259774083},"SourceTimestamp":"2024-04-27T13:06:23.7536732Z","ServerTimestamp":"2024-04-27T13:06:23.7536843Z"},"nsu=http://opcfoundation.org/UA/Plc/Applications;s=NegativeTrendData":{"Value":{"Type":11,"Body":99.599999999999994},"SourceTimestamp":"2024-04-27T13:06:23.8478306Z","ServerTimestamp":"2024-04-27T13:06:23.8478315Z"},"nsu=http://opcfoundation.org/UA/Plc/Applications;s=PositiveTrendData":{"Value":{"Type":11,"Body":100.09999999999999},"SourceTimestamp":"2024-04-27T13:06:23.8478287Z","ServerTimestamp":"2024-04-27T13:06:23.8478299Z"},"nsu=http://opcfoundation.org/UA/Plc/Applications;s=SpikeData":{"Value":{"Type":11,"Body":-77.0513242775789},"SourceTimestamp":"2024-04-27T13:06:24.5467374Z","ServerTimestamp":"2024-04-27T13:06:24.5467387Z"}}}]}