{"MessageId":"52362783-1066-400d-8887-b82650770b6e","MessageType":"ua-data","PublisherId":"DESKTOP-BGFJS91","DataSetWriterGroup":"<<UnknownWriterGroup>>","Messages":[{"SequenceNumber":28,"MetaDataVersion":{"MajorVersion":1},"Timestamp":"2024-04-27T13:06:25.5908838Z","MessageType":"ua-deltaframe","DataSetWriterName":"<<UnknownDataSet>>","Payload":{"nsu=http://opcfoundation.org/UA/Plc/Applications;s=StepUp":{"Value":{"Type":7,"Body":318},"SourceTimestamp":"2024-04-27T13:06:25.5437203Z","ServerTimestamp":"2024-04-27T13:06:25.5437263Z"},"nsu=http://opcfoundation.org/UA/Plc/Applications;s=RandomSignedInt32":{"Value":{"Type":6,"Body":2084313408},"SourceTimestamp":"2024-04-27T13:06:25.5437292Z","ServerTimestamp":"2024-04-27T13:06:25.5437301Z"},"nsu=http://opcfoundation.org/UA/Plc/Applications;s=RandomUnsignedInt32":{"Value":{"Type":7,"Body":835749748},"SourceTimestamp":"2024-04-27T13:06:25.5437115Z","ServerTimestamp":"2024-04-27T13:06:25.5437171Z"},"nsu=http://opcfoundation.org/UA/Plc/Applications;s=DipData":{"Value":{"Type":11,"Body":-84.432792550201526},"SourceTimestamp":"2024-04-27T13:06:25.5436927Z","ServerTimestamp":"2024-04-27T13:06:25.5437061Z"},"nsu=http://opcfoundation.org/UA/Plc/Applications;s=FastUIntScalar1":{"Value":{"Type":7,"Body":31},"SourceTimestamp":"2024-04-27T13:06:24.7475542Z","ServerTimestamp":"2024-04-27T13:06:24.7475565Z"},"nsu=http://opcfoundation.org/UA/Plc/Applications;s=FastUIntScalar2":{"Value":{"Type":7,"Body":31},"SourceTimestamp":"2024-04-27T13:06:24.7475654Z","ServerTimestamp":"2024-04-27T13:06:24.747566Z"},"nsu=http://opcfoundation.org/UA/Plc/Applications;s=FastUIntScalar3":{"Value":{"Type":7,"Body":31},"SourceTimestamp":"2024-04-27T13:06:24.7475672Z","ServerTimestamp":"2024-04-27T13:06:24.7475678Z"},"nsu=http://opcfoundation.org/UA/Plc/Applications;s=FastRandomUIntScalar1":{"Value":{"Type":7,"Body":4013643805},"SourceTimestamp":"2024-04-27T13:06:24.7475833Z","ServerTimestamp":"2024-04-27T13:06:24.7475982Z"},"nsu=http://opcfoundation.org/UA/Plc/Applications;s=FastRandomUIntScalar2":{"Value":{"Type":7,"Body":597628605},"SourceTimestamp":"2024-04-27T13:06:24.7476023Z","ServerTimestamp":"2024-04-27T13:06:24.7476031Z"},"nsu=http://opcfoundation.org/UA/Plc/Applications;s=FastRandomUIntScalar3":{"Value":{"Type":7,"Body":3578609728},"SourceTimestamp":"2024-04-27T13:06:24.7476042Z","ServerTimestamp":"2024-04-27T13:06:24.7476059Z"},"nsu=http://opcfoundation.org/UA/Plc/Applications;s=SpikeData":{"Value":{"Type":11,"Body":-84.432792550201526},"SourceTimestamp":"2024-04-27T13:06:25.5436927Z","ServerTimestamp":"2024-04-27T13:06:25.5436953Z"}}}]}