{"MessageId":"dcfd2884-9e4e-49d4-9e2f-92912b809504","MessageType":"ua-data","PublisherId":"DESKTOP-BGFJS91","DataSetWriterGroup":"<<UnknownWriterGroup>>","Messages":[{"SequenceNumber":41,"MetaDataVersion":{"MajorVersion":1},"Timestamp":"2024-04-27T13:06:40.5747817Z","MessageType":"ua-deltaframe","DataSetWriterName":"<<UnknownDataSet>>","Payload":{"nsu=http://opcfoundation.org/UA/Plc/Applications;s=StepUp":{"Value":{"Type":7,"Body":468},"SourceTimestamp":"2024-04-27T13:06:40.5442111Z","ServerTimestamp":"2024-04-27T13:06:40.5442154Z"},"nsu=http://opcfoundation.org/UA/Plc/Applications;s=RandomSignedInt32":{"Value":{"Type":6,"Body":1927505305},"SourceTimestamp":"2024-04-27T13:06:40.5442487Z","ServerTimestamp":"2024-04-27T13:06:40.5442529Z"},"nsu=http://opcfoundation.org/UA/Plc/Applications;s=RandomUnsignedInt32":{"Value":{"Type":7,"Body":939045235},"SourceTimestamp":"2024-04-27T13:06:40.5442483Z","ServerTimestamp":"2024-04-27T13:06:40.5442495Z"},"nsu=http://opcfoundation.org/UA/Plc/Applications;s=DipData":{"Value":{"Type":11,"Body":-84.432792550201526},"SourceTimestamp":"2024-04-27T13:06:40.5442605Z","ServerTimestamp":"2024-04-27T13:06:40.5442731Z"},"nsu=http://opcfoundation.org/UA/Plc/Applications;s=FastUIntScalar1":{"Value":{"Type":7,"Body":46},"SourceTimestamp":"2024-04-27T13:06:39.7508135Z","ServerTimestamp":"2024-04-27T13:06:39.7508227Z"},"nsu=http://opcfoundation.org/UA/Plc/Applications;s=FastUIntScalar2":{"Value":{"Type":7,"Body":46},"SourceTimestamp":"2024-04-27T13:06:39.7508313Z","ServerTimestamp":"2024-04-27T13:06:39.7508317Z"},"nsu=http://opcfoundation.org/UA/Plc/Applications;s=FastUIntScalar3":{"Value":{"Type":7,"Body":46},"SourceTimestamp":"2024-04-27T13:06:39.7508329Z","ServerTimestamp":"2024-04-27T13:06:39.7508335Z"},"nsu=http://opcfoundation.org/UA/Plc/Applications;s=FastRandomUIntScalar1":{"Value":{"Type":7,"Body":2037865570},"SourceTimestamp":"2024-04-27T13:06:39.7508516Z","ServerTimestamp":"2024-04-27T13:06:39.7508542Z"},"nsu=http://opcfoundation.org/UA/Plc/Applications;s=FastRandomUIntScalar2":{"Value":{"Type":7,"Body":1046989313},"SourceTimestamp":"2024-04-27T13:06:39.7508559Z","ServerTimestamp":"2024-04-27T13:06:39.7508648Z"},"nsu=http://opcfoundation.org/UA/Plc/Applications;s=FastRandomUIntScalar3":{"Value":{"Type":7,"Body":3074349771},"SourceTimestamp":"2024-04-27T13:06:39.7508657Z","ServerTimestamp":"2024-04-27T13:06:39.7508661Z"},"nsu=http://opcfoundation.org/UA/Plc/Applications;s=SpikeData":{"Value":{"Type":11,"Body":-84.432792550201526},"SourceTimestamp":"2024-04-27T13:06:40.5442889Z","ServerTimestamp":"2024-04-27T13:06:40.5442907Z"}}}]}