{"MessageId":"4bc13a98-8894-4dd2-bdd2-4bf47a6205f5","MessageType":"ua-data","PublisherId":"DESKTOP-BGFJS91","DataSetWriterGroup":"<<UnknownWriterGroup>>","Messages":[{"SequenceNumber":43,"MetaDataVersion":{"MajorVersion":1},"Timestamp":"2024-04-27T13:06:43.5393994Z","MessageType":"ua-deltaframe","DataSetWriterName":"<<UnknownDataSet>>","Payload":{"nsu=http://opcfoundation.org/UA/Plc/Applications;s=StepUp":{"Value":{"Type":7,"Body":497},"SourceTimestamp":"2024-04-27T13:06:43.4464802Z","ServerTimestamp":"2024-04-27T13:06:43.4464841Z"},"nsu=http://opcfoundation.org/UA/Plc/Applications;s=RandomSignedInt32":{"Value":{"Type":6,"Body":-435761367},"SourceTimestamp":"2024-04-27T13:06:43.4464981Z","ServerTimestamp":"2024-04-27T13:06:43.446499Z"},"nsu=http://opcfoundation.org/UA/Plc/Applications;s=RandomUnsignedInt32":{"Value":{"Type":7,"Body":1993232636},"SourceTimestamp":"2024-04-27T13:06:43.4464992Z","ServerTimestamp":"2024-04-27T13:06:43.4465014Z"},"nsu=http://opcfoundation.org/UA/Plc/Applications;s=DipData":{"Value":{"Type":11,"Body":48.175367410171532},"SourceTimestamp":"2024-04-27T13:06:43.4465033Z","ServerTimestamp":"2024-04-27T13:06:43.446504Z"},"nsu=http://opcfoundation.org/UA/Plc/Applications;s=FastUIntScalar1":{"Value":{"Type":7,"Body":49},"SourceTimestamp":"2024-04-27T13:06:42.7491736Z","ServerTimestamp":"2024-04-27T13:06:42.749178Z"},"nsu=http://opcfoundation.org/UA/Plc/Applications;s=FastUIntScalar2":{"Value":{"Type":7,"Body":49},"SourceTimestamp":"2024-04-27T13:06:42.7491938Z","ServerTimestamp":"2024-04-27T13:06:42.7491947Z"},"nsu=http://opcfoundation.org/UA/Plc/Applications;s=FastUIntScalar3":{"Value":{"Type":7,"Body":49},"SourceTimestamp":"2024-04-27T13:06:42.749197Z","ServerTimestamp":"2024-04-27T13:06:42.7491981Z"},"nsu=http://opcfoundation.org/UA/Plc/Applications;s=FastRandomUIntScalar1":{"Value":{"Type":7,"Body":3977291182},"SourceTimestamp":"2024-04-27T13:06:42.7492485Z","ServerTimestamp":"2024-04-27T13:06:42.7492494Z"},"nsu=http://opcfoundation.org/UA/Plc/Applications;s=FastRandomUIntScalar2":{"Value":{"Type":7,"Body":1582070957},"SourceTimestamp":"2024-04-27T13:06:42.7492519Z","ServerTimestamp":"2024-04-27T13:06:42.7492527Z"},"nsu=http://opcfoundation.org/UA/Plc/Applications;s=FastRandomUIntScalar3":{"Value":{"Type":7,"Body":2968824061},"SourceTimestamp":"2024-04-27T13:06:42.7492545Z","ServerTimestamp":"2024-04-27T13:06:42.7492554Z"},"nsu=http://opcfoundation.org/UA/Plc/Applications;s=SpikeData":{"Value":{"Type":11,"Body":48.175367410171532},"SourceTimestamp":"2024-04-27T13:06:43.4465062Z","ServerTimestamp":"2024-04-27T13:06:43.4465076Z"}}}]}