{"MessageId":"534cc014-7d63-4439-8d50-387d209153d2","MessageType":"ua-data","PublisherId":"DESKTOP-BGFJS91","DataSetWriterGroup":"<<UnknownWriterGroup>>","Messages":[{"DataSetWriterId":1,"SequenceNumber":5,"MetaDataVersion":{"MajorVersion":1},"Timestamp":"2024-04-27T13:06:44.6505699Z","MessageType":"ua-deltaframe","DataSetWriterName":"<<UnknownDataSet>>","Payload":{"nsu=http://opcfoundation.org/UA/Plc/Applications;s=SlowUIntScalar1":{"Value":{"Type":7,"Body":5},"SourceTimestamp":"2024-04-27T13:06:43.7555877Z","ServerTimestamp":"2024-04-27T13:06:43.7555899Z"},"nsu=http://opcfoundation.org/UA/Plc/Applications;s=SlowUIntScalar2":{"Value":{"Type":7,"Body":5},"SourceTimestamp":"2024-04-27T13:06:43.7555981Z","ServerTimestamp":"2024-04-27T13:06:43.7555986Z"},"nsu=http://opcfoundation.org/UA/Plc/Applications;s=SlowUIntScalar3":{"Value":{"Type":7,"Body":5},"SourceTimestamp":"2024-04-27T13:06:43.7555997Z","ServerTimestamp":"2024-04-27T13:06:43.7556002Z"},"nsu=http://opcfoundation.org/UA/Plc/Applications;s=BadSlowUIntScalar1":{"Value":{"Type":7,"Body":5},"SourceTimestamp":"2024-04-27T13:06:43.7556013Z","ServerTimestamp":"2024-04-27T13:06:43.7556019Z"},"nsu=http://opcfoundation.org/UA/Plc/Applications;s=SlowRandomUIntScalar1":{"Value":{"Type":7,"Body":1887226631},"SourceTimestamp":"2024-04-27T13:06:43.7556311Z","ServerTimestamp":"2024-04-27T13:06:43.7556419Z"},"nsu=http://opcfoundation.org/UA/Plc/Applications;s=SlowRandomUIntScalar2":{"Value":{"Type":7,"Body":3957283013},"SourceTimestamp":"2024-04-27T13:06:43.7556469Z","ServerTimestamp":"2024-04-27T13:06:43.7556549Z"},"nsu=http://opcfoundation.org/UA/Plc/Applications;s=SlowRandomUIntScalar3":{"Value":{"Type":7,"Body":3991161309},"SourceTimestamp":"2024-04-27T13:06:43.7556561Z","ServerTimestamp":"2024-04-27T13:06:43.7556603Z"},"nsu=http://opcfoundation.org/UA/Plc/Applications;s=BadSlowRandomUIntScalar1":{"Value":{"Type":7,"Body":1909257611},"SourceTimestamp":"2024-04-27T13:06:43.7556666Z","ServerTimestamp":"2024-04-27T13:06:43.7556672Z"}}}]}