{"MessageId":"6d91e3ce-4196-4589-a040-98c3a2631af3","MessageType":"ua-data","PublisherId":"DESKTOP-BGFJS91","DataSetWriterGroup":"<<UnknownWriterGroup>>","Messages":[{"SequenceNumber":5,"MetaDataVersion":{"MajorVersion":1},"Timestamp":"2024-04-27T13:05:59.5357996Z","MessageType":"ua-deltaframe","DataSetWriterName":"<<UnknownDataSet>>","Payload":{"nsu=http://opcfoundation.org/UA/Plc/Applications;s=StepUp":{"Value":{"Type":7,"Body":57},"SourceTimestamp":"2024-04-27T13:05:59.4576168Z","ServerTimestamp":"2024-04-27T13:05:59.4576306Z"},"nsu=http://opcfoundation.org/UA/Plc/Applications;s=AlternatingBoolean":{"Value":{"Type":1,"Body":false},"SourceTimestamp":"2024-04-27T13:05:58.8532528Z","ServerTimestamp":"2024-04-27T13:05:58.8532626Z"},"nsu=http://opcfoundation.org/UA/Plc/Applications;s=RandomSignedInt32":{"Value":{"Type":6,"Body":-781117396},"SourceTimestamp":"2024-04-27T13:05:59.4576749Z","ServerTimestamp":"2024-04-27T13:05:59.457687Z"},"nsu=http://opcfoundation.org/UA/Plc/Applications;s=RandomUnsignedInt32":{"Value":{"Type":7,"Body":945705112},"SourceTimestamp":"2024-04-27T13:05:59.4576633Z","ServerTimestamp":"2024-04-27T13:05:59.4576672Z"},"nsu=http://opcfoundation.org/UA/Plc/Applications;s=DipData":{"Value":{"Type":11,"Body":-68.454710592868821},"SourceTimestamp":"2024-04-27T13:05:59.4576752Z","ServerTimestamp":"2024-04-27T13:05:59.4576763Z"},"nsu=http://opcfoundation.org/UA/Plc/Applications;s=FastUIntScalar1":{"Value":{"Type":7,"Body":5},"SourceTimestamp":"2024-04-27T13:05:58.7444013Z","ServerTimestamp":"2024-04-27T13:05:58.7444049Z"},"nsu=http://opcfoundation.org/UA/Plc/Applications;s=FastUIntScalar2":{"Value":{"Type":7,"Body":5},"SourceTimestamp":"2024-04-27T13:05:58.7444176Z","ServerTimestamp":"2024-04-27T13:05:58.7444183Z"},"nsu=http://opcfoundation.org/UA/Plc/Applications;s=FastUIntScalar3":{"Value":{"Type":7,"Body":5},"SourceTimestamp":"2024-04-27T13:05:58.7444198Z","ServerTimestamp":"2024-04-27T13:05:58.7444208Z"},"nsu=http://opcfoundation.org/UA/Plc/Applications;s=FastRandomUIntScalar1":{"Value":{"Type":7,"Body":2236612465},"SourceTimestamp":"2024-04-27T13:05:58.7444724Z","ServerTimestamp":"2024-04-27T13:05:58.7444739Z"},"nsu=http://opcfoundation.org/UA/Plc/Applications;s=FastRandomUIntScalar2":{"Value":{"Type":7,"Body":3187216555},"SourceTimestamp":"2024-04-27T13:05:58.7444769Z","ServerTimestamp":"2024-04-27T13:05:58.7444795Z"},"nsu=http://opcfoundation.org/UA/Plc/Applications;s=FastRandomUIntScalar3":{"Value":{"Type":7,"Body":1090507623},"SourceTimestamp":"2024-04-27T13:05:58.7444813Z","ServerTimestamp":"2024-04-27T13:05:58.7444936Z"},"nsu=http://opcfoundation.org/UA/Plc/Applications;s=SpikeData":{"Value":{"Type":11,"Body":-68.454710592868821},"SourceTimestamp":"2024-04-27T13:05:59.4576585Z","ServerTimestamp":"2024-04-27T13:05:59.4576636Z"}}}]}