{"MessageId":"6e84a7cb-0397-4861-97fb-051364457335","MessageType":"ua-data","PublisherId":"DESKTOP-BGFJS91","DataSetWriterGroup":"<<UnknownWriterGroup>>","Messages":[{"SequenceNumber":47,"MetaDataVersion":{"MajorVersion":1},"Timestamp":"2024-04-27T13:06:47.5559351Z","MessageType":"ua-deltaframe","DataSetWriterName":"<<UnknownDataSet>>","Payload":{"nsu=http://opcfoundation.org/UA/Plc/Applications;s=StepUp":{"Value":{"Type":7,"Body":537},"SourceTimestamp":"2024-04-27T13:06:47.4462932Z","ServerTimestamp":"2024-04-27T13:06:47.4462962Z"},"nsu=http://opcfoundation.org/UA/Plc/Applications;s=RandomSignedInt32":{"Value":{"Type":6,"Body":-1100463116},"SourceTimestamp":"2024-04-27T13:06:47.4463158Z","ServerTimestamp":"2024-04-27T13:06:47.4463172Z"},"nsu=http://opcfoundation.org/UA/Plc/Applications;s=RandomUnsignedInt32":{"Value":{"Type":7,"Body":1218044368},"SourceTimestamp":"2024-04-27T13:06:47.446318Z","ServerTimestamp":"2024-04-27T13:06:47.4463298Z"},"nsu=http://opcfoundation.org/UA/Plc/Applications;s=DipData":{"Value":{"Type":11,"Body":98.228725072868855},"SourceTimestamp":"2024-04-27T13:06:47.4463253Z","ServerTimestamp":"2024-04-27T13:06:47.4463269Z"},"nsu=http://opcfoundation.org/UA/Plc/Applications;s=FastUIntScalar1":{"Value":{"Type":7,"Body":53},"SourceTimestamp":"2024-04-27T13:06:46.7491413Z","ServerTimestamp":"2024-04-27T13:06:46.7491451Z"},"nsu=http://opcfoundation.org/UA/Plc/Applications;s=FastUIntScalar2":{"Value":{"Type":7,"Body":53},"SourceTimestamp":"2024-04-27T13:06:46.749161Z","ServerTimestamp":"2024-04-27T13:06:46.749162Z"},"nsu=http://opcfoundation.org/UA/Plc/Applications;s=FastUIntScalar3":{"Value":{"Type":7,"Body":53},"SourceTimestamp":"2024-04-27T13:06:46.7491642Z","ServerTimestamp":"2024-04-27T13:06:46.7491658Z"},"nsu=http://opcfoundation.org/UA/Plc/Applications;s=FastRandomUIntScalar1":{"Value":{"Type":7,"Body":635401020},"SourceTimestamp":"2024-04-27T13:06:46.7492087Z","ServerTimestamp":"2024-04-27T13:06:46.7492106Z"},"nsu=http://opcfoundation.org/UA/Plc/Applications;s=FastRandomUIntScalar2":{"Value":{"Type":7,"Body":772129482},"SourceTimestamp":"2024-04-27T13:06:46.7492137Z","ServerTimestamp":"2024-04-27T13:06:46.7492149Z"},"nsu=http://opcfoundation.org/UA/Plc/Applications;s=FastRandomUIntScalar3":{"Value":{"Type":7,"Body":4168973207},"SourceTimestamp":"2024-04-27T13:06:46.7492244Z","ServerTimestamp":"2024-04-27T13:06:46.7492279Z"},"nsu=http://opcfoundation.org/UA/Plc/Applications;s=SpikeData":{"Value":{"Type":11,"Body":98.228725072868855},"SourceTimestamp":"2024-04-27T13:06:47.4463047Z","ServerTimestamp":"2024-04-27T13:06:47.446308Z"}}}]}