{"MessageId":"f70abad2-47fb-41af-96fb-b33d2ada5426","MessageType":"ua-data","PublisherId":"DESKTOP-BGFJS91","DataSetWriterGroup":"<<UnknownWriterGroup>>","Messages":[{"SequenceNumber":49,"MetaDataVersion":{"MajorVersion":1},"Timestamp":"2024-04-27T13:06:50.5818553Z","MessageType":"ua-deltaframe","DataSetWriterName":"<<UnknownDataSet>>","Payload":{"nsu=http://opcfoundation.org/UA/Plc/Applications;s=StepUp":{"Value":{"Type":7,"Body":568},"SourceTimestamp":"2024-04-27T13:06:50.5511016Z","ServerTimestamp":"2024-04-27T13:06:50.5511059Z"},"nsu=http://opcfoundation.org/UA/Plc/Applications;s=RandomSignedInt32":{"Value":{"Type":6,"Body":-1812884675},"SourceTimestamp":"2024-04-27T13:06:50.551182Z","ServerTimestamp":"2024-04-27T13:06:50.551197Z"},"nsu=http://opcfoundation.org/UA/Plc/Applications;s=RandomUnsignedInt32":{"Value":{"Type":7,"Body":1871603799},"SourceTimestamp":"2024-04-27T13:06:50.5511628Z","ServerTimestamp":"2024-04-27T13:06:50.5511745Z"},"nsu=http://opcfoundation.org/UA/Plc/Applications;s=DipData":{"Value":{"Type":11,"Body":-84.432792550201526},"SourceTimestamp":"2024-04-27T13:06:50.5511868Z","ServerTimestamp":"2024-04-27T13:06:50.5511914Z"},"nsu=http://opcfoundation.org/UA/Plc/Applications;s=FastUIntScalar1":{"Value":{"Type":7,"Body":56},"SourceTimestamp":"2024-04-27T13:06:49.7473671Z","ServerTimestamp":"2024-04-27T13:06:49.7473705Z"},"nsu=http://opcfoundation.org/UA/Plc/Applications;s=FastUIntScalar2":{"Value":{"Type":7,"Body":56},"SourceTimestamp":"2024-04-27T13:06:49.7473829Z","ServerTimestamp":"2024-04-27T13:06:49.7473836Z"},"nsu=http://opcfoundation.org/UA/Plc/Applications;s=FastUIntScalar3":{"Value":{"Type":7,"Body":56},"SourceTimestamp":"2024-04-27T13:06:49.747385Z","ServerTimestamp":"2024-04-27T13:06:49.7473859Z"},"nsu=http://opcfoundation.org/UA/Plc/Applications;s=FastRandomUIntScalar1":{"Value":{"Type":7,"Body":672067965},"SourceTimestamp":"2024-04-27T13:06:49.7474497Z","ServerTimestamp":"2024-04-27T13:06:49.7474507Z"},"nsu=http://opcfoundation.org/UA/Plc/Applications;s=FastRandomUIntScalar2":{"Value":{"Type":7,"Body":2376340301},"SourceTimestamp":"2024-04-27T13:06:49.7474521Z","ServerTimestamp":"2024-04-27T13:06:49.7474528Z"},"nsu=http://opcfoundation.org/UA/Plc/Applications;s=FastRandomUIntScalar3":{"Value":{"Type":7,"Body":3008496679},"SourceTimestamp":"2024-04-27T13:06:49.747454Z","ServerTimestamp":"2024-04-27T13:06:49.7474547Z"},"nsu=http://opcfoundation.org/UA/Plc/Applications;s=SpikeData":{"Value":{"Type":11,"Body":-84.432792550201526},"SourceTimestamp":"2024-04-27T13:06:50.5511956Z","ServerTimestamp":"2024-04-27T13:06:50.5512276Z"}}}]}