{"MessageId":"1d843f67-65f8-4043-becf-ac5e481c3b8d","MessageType":"ua-data","PublisherId":"DESKTOP-BGFJS91","DataSetWriterGroup":"<<UnknownWriterGroup>>","Messages":[{"SequenceNumber":51,"MetaDataVersion":{"MajorVersion":1},"Timestamp":"2024-04-27T13:06:52.5664985Z","MessageType":"ua-deltaframe","DataSetWriterName":"<<UnknownDataSet>>","Payload":{"nsu=http://opcfoundation.org/UA/Plc/Applications;s=StepUp":{"Value":{"Type":7,"Body":588},"SourceTimestamp":"2024-04-27T13:06:52.5503907Z","ServerTimestamp":"2024-04-27T13:06:52.5503943Z"},"nsu=http://opcfoundation.org/UA/Plc/Applications;s=RandomSignedInt32":{"Value":{"Type":6,"Body":-697217423},"SourceTimestamp":"2024-04-27T13:06:52.5504542Z","ServerTimestamp":"2024-04-27T13:06:52.5504615Z"},"nsu=http://opcfoundation.org/UA/Plc/Applications;s=RandomUnsignedInt32":{"Value":{"Type":7,"Body":1823773781},"SourceTimestamp":"2024-04-27T13:06:52.5504347Z","ServerTimestamp":"2024-04-27T13:06:52.5504357Z"},"nsu=http://opcfoundation.org/UA/Plc/Applications;s=DipData":{"Value":{"Type":11,"Body":99.80267284282715},"SourceTimestamp":"2024-04-27T13:06:52.5504481Z","ServerTimestamp":"2024-04-27T13:06:52.5504513Z"},"nsu=http://opcfoundation.org/UA/Plc/Applications;s=FastUIntScalar1":{"Value":{"Type":7,"Body":58},"SourceTimestamp":"2024-04-27T13:06:51.7442486Z","ServerTimestamp":"2024-04-27T13:06:51.7442513Z"},"nsu=http://opcfoundation.org/UA/Plc/Applications;s=FastUIntScalar2":{"Value":{"Type":7,"Body":58},"SourceTimestamp":"2024-04-27T13:06:51.7442556Z","ServerTimestamp":"2024-04-27T13:06:51.7442562Z"},"nsu=http://opcfoundation.org/UA/Plc/Applications;s=FastUIntScalar3":{"Value":{"Type":7,"Body":58},"SourceTimestamp":"2024-04-27T13:06:51.7442573Z","ServerTimestamp":"2024-04-27T13:06:51.7442585Z"},"nsu=http://opcfoundation.org/UA/Plc/Applications;s=FastRandomUIntScalar1":{"Value":{"Type":7,"Body":1148412092},"SourceTimestamp":"2024-04-27T13:06:51.7442482Z","ServerTimestamp":"2024-04-27T13:06:51.7442489Z"},"nsu=http://opcfoundation.org/UA/Plc/Applications;s=FastRandomUIntScalar2":{"Value":{"Type":7,"Body":1417718453},"SourceTimestamp":"2024-04-27T13:06:51.7442509Z","ServerTimestamp":"2024-04-27T13:06:51.7442553Z"},"nsu=http://opcfoundation.org/UA/Plc/Applications;s=FastRandomUIntScalar3":{"Value":{"Type":7,"Body":1674319189},"SourceTimestamp":"2024-04-27T13:06:51.7442565Z","ServerTimestamp":"2024-04-27T13:06:51.7442573Z"},"nsu=http://opcfoundation.org/UA/Plc/Applications;s=SpikeData":{"Value":{"Type":11,"Body":99.80267284282715},"SourceTimestamp":"2024-04-27T13:06:52.5504566Z","ServerTimestamp":"2024-04-27T13:06:52.5504587Z"}}}]}