{"MessageId":"1d85289b-1b88-4c57-bafd-64dbee6a2393","MessageType":"ua-data","PublisherId":"DESKTOP-BGFJS91","DataSetWriterGroup":"<<UnknownWriterGroup>>","Messages":[{"SequenceNumber":52,"MetaDataVersion":{"MajorVersion":1},"Timestamp":"2024-04-27T13:06:53.5608654Z","MessageType":"ua-deltaframe","DataSetWriterName":"<<UnknownDataSet>>","Payload":{"nsu=http://opcfoundation.org/UA/Plc/Applications;s=StepUp":{"Value":{"Type":7,"Body":598},"SourceTimestamp":"2024-04-27T13:06:53.5445577Z","ServerTimestamp":"2024-04-27T13:06:53.5445627Z"},"nsu=http://opcfoundation.org/UA/Plc/Applications;s=RandomSignedInt32":{"Value":{"Type":6,"Body":352733019},"SourceTimestamp":"2024-04-27T13:06:53.5446012Z","ServerTimestamp":"2024-04-27T13:06:53.5446114Z"},"nsu=http://opcfoundation.org/UA/Plc/Applications;s=RandomUnsignedInt32":{"Value":{"Type":7,"Body":1055507480},"SourceTimestamp":"2024-04-27T13:06:53.5446167Z","ServerTimestamp":"2024-04-27T13:06:53.5446283Z"},"nsu=http://opcfoundation.org/UA/Plc/Applications;s=DipData":{"Value":{"Type":11,"Body":36.812455268467801},"SourceTimestamp":"2024-04-27T13:06:53.5446253Z","ServerTimestamp":"2024-04-27T13:06:53.5446335Z"},"nsu=http://opcfoundation.org/UA/Plc/Applications;s=FastUIntScalar1":{"Value":{"Type":7,"Body":59},"SourceTimestamp":"2024-04-27T13:06:52.7531655Z","ServerTimestamp":"2024-04-27T13:06:52.7531697Z"},"nsu=http://opcfoundation.org/UA/Plc/Applications;s=FastUIntScalar2":{"Value":{"Type":7,"Body":59},"SourceTimestamp":"2024-04-27T13:06:52.7531833Z","ServerTimestamp":"2024-04-27T13:06:52.753184Z"},"nsu=http://opcfoundation.org/UA/Plc/Applications;s=FastUIntScalar3":{"Value":{"Type":7,"Body":59},"SourceTimestamp":"2024-04-27T13:06:52.7531853Z","ServerTimestamp":"2024-04-27T13:06:52.7531863Z"},"nsu=http://opcfoundation.org/UA/Plc/Applications;s=FastRandomUIntScalar1":{"Value":{"Type":7,"Body":302716874},"SourceTimestamp":"2024-04-27T13:06:52.7532421Z","ServerTimestamp":"2024-04-27T13:06:52.7532494Z"},"nsu=http://opcfoundation.org/UA/Plc/Applications;s=FastRandomUIntScalar2":{"Value":{"Type":7,"Body":3124321254},"SourceTimestamp":"2024-04-27T13:06:52.7532528Z","ServerTimestamp":"2024-04-27T13:06:52.753254Z"},"nsu=http://opcfoundation.org/UA/Plc/Applications;s=FastRandomUIntScalar3":{"Value":{"Type":7,"Body":4236628591},"SourceTimestamp":"2024-04-27T13:06:52.753256Z","ServerTimestamp":"2024-04-27T13:06:52.7532568Z"},"nsu=http://opcfoundation.org/UA/Plc/Applications;s=SpikeData":{"Value":{"Type":11,"Body":36.812455268467801},"SourceTimestamp":"2024-04-27T13:06:53.5446395Z","ServerTimestamp":"2024-04-27T13:06:53.5446409Z"}}}]}