{"MessageId":"2a68a7d0-0849-4504-8d58-f8c34f13bf05","MessageType":"ua-data","PublisherId":"DESKTOP-BGFJS91","DataSetWriterGroup":"<<UnknownWriterGroup>>","Messages":[{"SequenceNumber":6,"MetaDataVersion":{"MajorVersion":1},"Timestamp":"2024-04-27T13:06:00.5809901Z","MessageType":"ua-deltaframe","DataSetWriterName":"<<UnknownDataSet>>","Payload":{"nsu=http://opcfoundation.org/UA/Plc/Applications;s=StepUp":{"Value":{"Type":7,"Body":68},"SourceTimestamp":"2024-04-27T13:06:00.5495353Z","ServerTimestamp":"2024-04-27T13:06:00.5495388Z"},"nsu=http://opcfoundation.org/UA/Plc/Applications;s=RandomSignedInt32":{"Value":{"Type":6,"Body":1574529089},"SourceTimestamp":"2024-04-27T13:06:00.5495645Z","ServerTimestamp":"2024-04-27T13:06:00.5495653Z"},"nsu=http://opcfoundation.org/UA/Plc/Applications;s=RandomUnsignedInt32":{"Value":{"Type":7,"Body":315613545},"SourceTimestamp":"2024-04-27T13:06:00.5495628Z","ServerTimestamp":"2024-04-27T13:06:00.5495635Z"},"nsu=http://opcfoundation.org/UA/Plc/Applications;s=DipData":{"Value":{"Type":11,"Body":-84.432792550201526},"SourceTimestamp":"2024-04-27T13:06:00.549575Z","ServerTimestamp":"2024-04-27T13:06:00.5495781Z"},"nsu=http://opcfoundation.org/UA/Plc/Applications;s=FastUIntScalar1":{"Value":{"Type":7,"Body":6},"SourceTimestamp":"2024-04-27T13:05:59.7536458Z","ServerTimestamp":"2024-04-27T13:05:59.7536483Z"},"nsu=http://opcfoundation.org/UA/Plc/Applications;s=FastUIntScalar2":{"Value":{"Type":7,"Body":6},"SourceTimestamp":"2024-04-27T13:05:59.7536579Z","ServerTimestamp":"2024-04-27T13:05:59.7536584Z"},"nsu=http://opcfoundation.org/UA/Plc/Applications;s=FastUIntScalar3":{"Value":{"Type":7,"Body":6},"SourceTimestamp":"2024-04-27T13:05:59.7536596Z","ServerTimestamp":"2024-04-27T13:05:59.7536602Z"},"nsu=http://opcfoundation.org/UA/Plc/Applications;s=FastRandomUIntScalar1":{"Value":{"Type":7,"Body":311997844},"SourceTimestamp":"2024-04-27T13:05:59.7536821Z","ServerTimestamp":"2024-04-27T13:05:59.753683Z"},"nsu=http://opcfoundation.org/UA/Plc/Applications;s=FastRandomUIntScalar2":{"Value":{"Type":7,"Body":3794024258},"SourceTimestamp":"2024-04-27T13:05:59.7536852Z","ServerTimestamp":"2024-04-27T13:05:59.7536878Z"},"nsu=http://opcfoundation.org/UA/Plc/Applications;s=FastRandomUIntScalar3":{"Value":{"Type":7,"Body":1000076556},"SourceTimestamp":"2024-04-27T13:05:59.7536892Z","ServerTimestamp":"2024-04-27T13:05:59.7536896Z"},"nsu=http://opcfoundation.org/UA/Plc/Applications;s=SpikeData":{"Value":{"Type":11,"Body":-84.432792550201526},"SourceTimestamp":"2024-04-27T13:06:00.5495665Z","ServerTimestamp":"2024-04-27T13:06:00.5495749Z"}}}]}