{"MessageId":"dbf62408-333f-4838-85a1-9beb43863eaf","MessageType":"ua-data","PublisherId":"DESKTOP-BGFJS91","DataSetWriterGroup":"<<UnknownWriterGroup>>","Messages":[{"SequenceNumber":55,"MetaDataVersion":{"MajorVersion":1},"Timestamp":"2024-04-27T13:06:57.5847751Z","MessageType":"ua-deltaframe","DataSetWriterName":"<<UnknownDataSet>>","Payload":{"nsu=http://opcfoundation.org/UA/Plc/Applications;s=StepUp":{"Value":{"Type":7,"Body":638},"SourceTimestamp":"2024-04-27T13:06:57.552469Z","ServerTimestamp":"2024-04-27T13:06:57.5524736Z"},"nsu=http://opcfoundation.org/UA/Plc/Applications;s=RandomSignedInt32":{"Value":{"Type":6,"Body":-1568168088},"SourceTimestamp":"2024-04-27T13:06:57.5525081Z","ServerTimestamp":"2024-04-27T13:06:57.5525993Z"},"nsu=http://opcfoundation.org/UA/Plc/Applications;s=RandomUnsignedInt32":{"Value":{"Type":7,"Body":915627769},"SourceTimestamp":"2024-04-27T13:06:57.5525244Z","ServerTimestamp":"2024-04-27T13:06:57.5525303Z"},"nsu=http://opcfoundation.org/UA/Plc/Applications;s=DipData":{"Value":{"Type":11,"Body":99.80267284282715},"SourceTimestamp":"2024-04-27T13:06:57.5525318Z","ServerTimestamp":"2024-04-27T13:06:57.5525612Z"},"nsu=http://opcfoundation.org/UA/Plc/Applications;s=FastUIntScalar1":{"Value":{"Type":7,"Body":63},"SourceTimestamp":"2024-04-27T13:06:56.74554Z","ServerTimestamp":"2024-04-27T13:06:56.7455451Z"},"nsu=http://opcfoundation.org/UA/Plc/Applications;s=FastUIntScalar2":{"Value":{"Type":7,"Body":63},"SourceTimestamp":"2024-04-27T13:06:56.7455724Z","ServerTimestamp":"2024-04-27T13:06:56.745573Z"},"nsu=http://opcfoundation.org/UA/Plc/Applications;s=FastUIntScalar3":{"Value":{"Type":7,"Body":63},"SourceTimestamp":"2024-04-27T13:06:56.7455746Z","ServerTimestamp":"2024-04-27T13:06:56.7455754Z"},"nsu=http://opcfoundation.org/UA/Plc/Applications;s=FastRandomUIntScalar1":{"Value":{"Type":7,"Body":1058868881},"SourceTimestamp":"2024-04-27T13:06:56.7456023Z","ServerTimestamp":"2024-04-27T13:06:56.7456484Z"},"nsu=http://opcfoundation.org/UA/Plc/Applications;s=FastRandomUIntScalar2":{"Value":{"Type":7,"Body":2710286561},"SourceTimestamp":"2024-04-27T13:06:56.7456612Z","ServerTimestamp":"2024-04-27T13:06:56.7456624Z"},"nsu=http://opcfoundation.org/UA/Plc/Applications;s=FastRandomUIntScalar3":{"Value":{"Type":7,"Body":3676994036},"SourceTimestamp":"2024-04-27T13:06:56.7456636Z","ServerTimestamp":"2024-04-27T13:06:56.7456641Z"},"nsu=http://opcfoundation.org/UA/Plc/Applications;s=SpikeData":{"Value":{"Type":11,"Body":99.80267284282715},"SourceTimestamp":"2024-04-27T13:06:57.5525738Z","ServerTimestamp":"2024-04-27T13:06:57.5525764Z"}}}]}