{"MessageId":"1fe21969-79b3-4aa8-9c04-464d7c604398","MessageType":"ua-data","PublisherId":"DESKTOP-BGFJS91","DataSetWriterGroup":"<<UnknownWriterGroup>>","Messages":[{"SequenceNumber":56,"MetaDataVersion":{"MajorVersion":1},"Timestamp":"2024-04-27T13:06:58.5779756Z","MessageType":"ua-deltaframe","DataSetWriterName":"<<UnknownDataSet>>","Payload":{"nsu=http://opcfoundation.org/UA/Plc/Applications;s=StepUp":{"Value":{"Type":7,"Body":648},"SourceTimestamp":"2024-04-27T13:06:58.5468154Z","ServerTimestamp":"2024-04-27T13:06:58.5468233Z"},"nsu=http://opcfoundation.org/UA/Plc/Applications;s=RandomSignedInt32":{"Value":{"Type":6,"Body":1244772774},"SourceTimestamp":"2024-04-27T13:06:58.5468264Z","ServerTimestamp":"2024-04-27T13:06:58.5468292Z"},"nsu=http://opcfoundation.org/UA/Plc/Applications;s=RandomUnsignedInt32":{"Value":{"Type":7,"Body":934950359},"SourceTimestamp":"2024-04-27T13:06:58.5468376Z","ServerTimestamp":"2024-04-27T13:06:58.5468426Z"},"nsu=http://opcfoundation.org/UA/Plc/Applications;s=DipData":{"Value":{"Type":11,"Body":36.812455268467801},"SourceTimestamp":"2024-04-27T13:06:58.5468346Z","ServerTimestamp":"2024-04-27T13:06:58.5468556Z"},"nsu=http://opcfoundation.org/UA/Plc/Applications;s=FastUIntScalar1":{"Value":{"Type":7,"Body":64},"SourceTimestamp":"2024-04-27T13:06:57.7567813Z","ServerTimestamp":"2024-04-27T13:06:57.7567856Z"},"nsu=http://opcfoundation.org/UA/Plc/Applications;s=FastUIntScalar2":{"Value":{"Type":7,"Body":64},"SourceTimestamp":"2024-04-27T13:06:57.7568012Z","ServerTimestamp":"2024-04-27T13:06:57.7568023Z"},"nsu=http://opcfoundation.org/UA/Plc/Applications;s=FastUIntScalar3":{"Value":{"Type":7,"Body":64},"SourceTimestamp":"2024-04-27T13:06:57.7568044Z","ServerTimestamp":"2024-04-27T13:06:57.7568055Z"},"nsu=http://opcfoundation.org/UA/Plc/Applications;s=FastRandomUIntScalar1":{"Value":{"Type":7,"Body":1269724966},"SourceTimestamp":"2024-04-27T13:06:57.756859Z","ServerTimestamp":"2024-04-27T13:06:57.7568606Z"},"nsu=http://opcfoundation.org/UA/Plc/Applications;s=FastRandomUIntScalar2":{"Value":{"Type":7,"Body":1492321296},"SourceTimestamp":"2024-04-27T13:06:57.7568615Z","ServerTimestamp":"2024-04-27T13:06:57.7568659Z"},"nsu=http://opcfoundation.org/UA/Plc/Applications;s=FastRandomUIntScalar3":{"Value":{"Type":7,"Body":822132465},"SourceTimestamp":"2024-04-27T13:06:57.7568672Z","ServerTimestamp":"2024-04-27T13:06:57.7568691Z"},"nsu=http://opcfoundation.org/UA/Plc/Applications;s=SpikeData":{"Value":{"Type":11,"Body":36.812455268467801},"SourceTimestamp":"2024-04-27T13:06:58.546827Z","ServerTimestamp":"2024-04-27T13:06:58.5468327Z"}}}]}