{"MessageId":"a9677d7f-8c00-4273-9855-9005ef986aca","MessageType":"ua-data","PublisherId":"DESKTOP-BGFJS91","DataSetWriterGroup":"<<UnknownWriterGroup>>","Messages":[{"SequenceNumber":57,"MetaDataVersion":{"MajorVersion":1},"Timestamp":"2024-04-27T13:06:59.5656293Z","MessageType":"ua-deltaframe","DataSetWriterName":"<<UnknownDataSet>>","Payload":{"nsu=http://opcfoundation.org/UA/Plc/Applications;s=StepUp":{"Value":{"Type":7,"Body":658},"SourceTimestamp":"2024-04-27T13:06:59.5492996Z","ServerTimestamp":"2024-04-27T13:06:59.5493035Z"},"nsu=http://opcfoundation.org/UA/Plc/Applications;s=AlternatingBoolean":{"Value":{"Type":1,"Body":false},"SourceTimestamp":"2024-04-27T13:06:58.857144Z","ServerTimestamp":"2024-04-27T13:06:58.8571565Z"},"nsu=http://opcfoundation.org/UA/Plc/Applications;s=RandomSignedInt32":{"Value":{"Type":6,"Body":-799503159},"SourceTimestamp":"2024-04-27T13:06:59.5493374Z","ServerTimestamp":"2024-04-27T13:06:59.5493381Z"},"nsu=http://opcfoundation.org/UA/Plc/Applications;s=RandomUnsignedInt32":{"Value":{"Type":7,"Body":487930374},"SourceTimestamp":"2024-04-27T13:06:59.5493387Z","ServerTimestamp":"2024-04-27T13:06:59.5493462Z"},"nsu=http://opcfoundation.org/UA/Plc/Applications;s=DipData":{"Value":{"Type":11,"Body":-77.0513242775789},"SourceTimestamp":"2024-04-27T13:06:59.5493555Z","ServerTimestamp":"2024-04-27T13:06:59.549357Z"},"nsu=http://opcfoundation.org/UA/Plc/Applications;s=FastUIntScalar1":{"Value":{"Type":7,"Body":65},"SourceTimestamp":"2024-04-27T13:06:58.7472927Z","ServerTimestamp":"2024-04-27T13:06:58.7472972Z"},"nsu=http://opcfoundation.org/UA/Plc/Applications;s=FastUIntScalar2":{"Value":{"Type":7,"Body":65},"SourceTimestamp":"2024-04-27T13:06:58.7473243Z","ServerTimestamp":"2024-04-27T13:06:58.7473248Z"},"nsu=http://opcfoundation.org/UA/Plc/Applications;s=FastUIntScalar3":{"Value":{"Type":7,"Body":65},"SourceTimestamp":"2024-04-27T13:06:58.7473261Z","ServerTimestamp":"2024-04-27T13:06:58.7473267Z"},"nsu=http://opcfoundation.org/UA/Plc/Applications;s=FastRandomUIntScalar1":{"Value":{"Type":7,"Body":1400022355},"SourceTimestamp":"2024-04-27T13:06:58.7473537Z","ServerTimestamp":"2024-04-27T13:06:58.7473545Z"},"nsu=http://opcfoundation.org/UA/Plc/Applications;s=FastRandomUIntScalar2":{"Value":{"Type":7,"Body":2479539519},"SourceTimestamp":"2024-04-27T13:06:58.7473559Z","ServerTimestamp":"2024-04-27T13:06:58.7473565Z"},"nsu=http://opcfoundation.org/UA/Plc/Applications;s=FastRandomUIntScalar3":{"Value":{"Type":7,"Body":783690240},"SourceTimestamp":"2024-04-27T13:06:58.7473576Z","ServerTimestamp":"2024-04-27T13:06:58.747358Z"},"nsu=http://opcfoundation.org/UA/Plc/Applications;s=NegativeTrendData":{"Value":{"Type":11,"Body":98.900000000000006},"SourceTimestamp":"2024-04-27T13:06:58.8571409Z","ServerTimestamp":"2024-04-27T13:06:58.8571445Z"},"nsu=http://opcfoundation.org/UA/Plc/Applications;s=PositiveTrendData":{"Value":{"Type":11,"Body":100.8},"SourceTimestamp":"2024-04-27T13:06:58.8571861Z","ServerTimestamp":"2024-04-27T13:06:58.8571871Z"},"nsu=http://opcfoundation.org/UA/Plc/Applications;s=SpikeData":{"Value":{"Type":11,"Body":-77.0513242775789},"SourceTimestamp":"2024-04-27T13:06:59.5493187Z","ServerTimestamp":"2024-04-27T13:06:59.5493237Z"}}}]}