{"MessageId":"63f5789a-4cae-48c8-af88-961b8383072a","MessageType":"ua-data","PublisherId":"DESKTOP-BGFJS91","DataSetWriterGroup":"<<UnknownWriterGroup>>","Messages":[{"SequenceNumber":60,"MetaDataVersion":{"MajorVersion":1},"Timestamp":"2024-04-27T13:07:03.534807Z","MessageType":"ua-deltaframe","DataSetWriterName":"<<UnknownDataSet>>","Payload":{"nsu=http://opcfoundation.org/UA/Plc/Applications;s=StepUp":{"Value":{"Type":7,"Body":697},"SourceTimestamp":"2024-04-27T13:07:03.458066Z","ServerTimestamp":"2024-04-27T13:07:03.4580686Z"},"nsu=http://opcfoundation.org/UA/Plc/Applications;s=RandomSignedInt32":{"Value":{"Type":6,"Body":631830244},"SourceTimestamp":"2024-04-27T13:07:03.4580918Z","ServerTimestamp":"2024-04-27T13:07:03.4580946Z"},"nsu=http://opcfoundation.org/UA/Plc/Applications;s=RandomUnsignedInt32":{"Value":{"Type":7,"Body":189300635},"SourceTimestamp":"2024-04-27T13:07:03.4580882Z","ServerTimestamp":"2024-04-27T13:07:03.4580918Z"},"nsu=http://opcfoundation.org/UA/Plc/Applications;s=DipData":{"Value":{"Type":11,"Body":48.175367410171532},"SourceTimestamp":"2024-04-27T13:07:03.4580974Z","ServerTimestamp":"2024-04-27T13:07:03.4581048Z"},"nsu=http://opcfoundation.org/UA/Plc/Applications;s=FastUIntScalar1":{"Value":{"Type":7,"Body":69},"SourceTimestamp":"2024-04-27T13:07:02.7447426Z","ServerTimestamp":"2024-04-27T13:07:02.7447454Z"},"nsu=http://opcfoundation.org/UA/Plc/Applications;s=FastUIntScalar2":{"Value":{"Type":7,"Body":69},"SourceTimestamp":"2024-04-27T13:07:02.7447591Z","ServerTimestamp":"2024-04-27T13:07:02.7447595Z"},"nsu=http://opcfoundation.org/UA/Plc/Applications;s=FastUIntScalar3":{"Value":{"Type":7,"Body":69},"SourceTimestamp":"2024-04-27T13:07:02.7447604Z","ServerTimestamp":"2024-04-27T13:07:02.744761Z"},"nsu=http://opcfoundation.org/UA/Plc/Applications;s=FastRandomUIntScalar1":{"Value":{"Type":7,"Body":1913125509},"SourceTimestamp":"2024-04-27T13:07:02.7447885Z","ServerTimestamp":"2024-04-27T13:07:02.7447903Z"},"nsu=http://opcfoundation.org/UA/Plc/Applications;s=FastRandomUIntScalar2":{"Value":{"Type":7,"Body":728215415},"SourceTimestamp":"2024-04-27T13:07:02.7447927Z","ServerTimestamp":"2024-04-27T13:07:02.744795Z"},"nsu=http://opcfoundation.org/UA/Plc/Applications;s=FastRandomUIntScalar3":{"Value":{"Type":7,"Body":2160987520},"SourceTimestamp":"2024-04-27T13:07:02.7447967Z","ServerTimestamp":"2024-04-27T13:07:02.7448008Z"},"nsu=http://opcfoundation.org/UA/Plc/Applications;s=SpikeData":{"Value":{"Type":11,"Body":48.175367410171532},"SourceTimestamp":"2024-04-27T13:07:03.458098Z","ServerTimestamp":"2024-04-27T13:07:03.4581027Z"}}}]}