{"MessageId":"4a7f30ce-9bb5-43d5-ae52-49127ef35dac","MessageType":"ua-data","PublisherId":"DESKTOP-BGFJS91","DataSetWriterGroup":"<<UnknownWriterGroup>>","Messages":[{"SequenceNumber":61,"MetaDataVersion":{"MajorVersion":1},"Timestamp":"2024-04-27T13:07:04.5878935Z","MessageType":"ua-deltaframe","DataSetWriterName":"<<UnknownDataSet>>","Payload":{"nsu=http://opcfoundation.org/UA/Plc/Applications;s=StepUp":{"Value":{"Type":7,"Body":708},"SourceTimestamp":"2024-04-27T13:07:04.5562648Z","ServerTimestamp":"2024-04-27T13:07:04.5562686Z"},"nsu=http://opcfoundation.org/UA/Plc/Applications;s=AlternatingBoolean":{"Value":{"Type":1,"Body":true},"SourceTimestamp":"2024-04-27T13:07:03.8573454Z","ServerTimestamp":"2024-04-27T13:07:03.8573496Z"},"nsu=http://opcfoundation.org/UA/Plc/Applications;s=RandomSignedInt32":{"Value":{"Type":6,"Body":-441066365},"SourceTimestamp":"2024-04-27T13:07:04.5563167Z","ServerTimestamp":"2024-04-27T13:07:04.5563179Z"},"nsu=http://opcfoundation.org/UA/Plc/Applications;s=RandomUnsignedInt32":{"Value":{"Type":7,"Body":331393713},"SourceTimestamp":"2024-04-27T13:07:04.5563244Z","ServerTimestamp":"2024-04-27T13:07:04.5563256Z"},"nsu=http://opcfoundation.org/UA/Plc/Applications;s=DipData":{"Value":{"Type":11,"Body":-77.0513242775789},"SourceTimestamp":"2024-04-27T13:07:04.5563402Z","ServerTimestamp":"2024-04-27T13:07:04.5563516Z"},"nsu=http://opcfoundation.org/UA/Plc/Applications;s=FastUIntScalar1":{"Value":{"Type":7,"Body":70},"SourceTimestamp":"2024-04-27T13:07:03.7507216Z","ServerTimestamp":"2024-04-27T13:07:03.7507231Z"},"nsu=http://opcfoundation.org/UA/Plc/Applications;s=FastUIntScalar2":{"Value":{"Type":7,"Body":70},"SourceTimestamp":"2024-04-27T13:07:03.7507242Z","ServerTimestamp":"2024-04-27T13:07:03.7507268Z"},"nsu=http://opcfoundation.org/UA/Plc/Applications;s=FastUIntScalar3":{"Value":{"Type":7,"Body":70},"SourceTimestamp":"2024-04-27T13:07:03.7507276Z","ServerTimestamp":"2024-04-27T13:07:03.7507293Z"},"nsu=http://opcfoundation.org/UA/Plc/Applications;s=FastRandomUIntScalar1":{"Value":{"Type":7,"Body":1796531514},"SourceTimestamp":"2024-04-27T13:07:03.7507313Z","ServerTimestamp":"2024-04-27T13:07:03.750734Z"},"nsu=http://opcfoundation.org/UA/Plc/Applications;s=FastRandomUIntScalar2":{"Value":{"Type":7,"Body":3974128694},"SourceTimestamp":"2024-04-27T13:07:03.7507375Z","ServerTimestamp":"2024-04-27T13:07:03.750739Z"},"nsu=http://opcfoundation.org/UA/Plc/Applications;s=FastRandomUIntScalar3":{"Value":{"Type":7,"Body":652067548},"SourceTimestamp":"2024-04-27T13:07:03.7507398Z","ServerTimestamp":"2024-04-27T13:07:03.7507402Z"},"nsu=http://opcfoundation.org/UA/Plc/Applications;s=NegativeTrendData":{"Value":{"Type":11,"Body":98.799999999999997},"SourceTimestamp":"2024-04-27T13:07:03.8573405Z","ServerTimestamp":"2024-04-27T13:07:03.8573426Z"},"nsu=http://opcfoundation.org/UA/Plc/Applications;s=PositiveTrendData":{"Value":{"Type":11,"Body":100.90000000000001},"SourceTimestamp":"2024-04-27T13:07:03.8573573Z","ServerTimestamp":"2024-04-27T13:07:03.8573609Z"},"nsu=http://opcfoundation.org/UA/Plc/Applications;s=SpikeData":{"Value":{"Type":11,"Body":-77.0513242775789},"SourceTimestamp":"2024-04-27T13:07:04.5563722Z","ServerTimestamp":"2024-04-27T13:07:04.5563748Z"}}}]}