{"MessageId":"df6530e1-4679-424c-bc05-91c616c0e121","MessageType":"ua-data","PublisherId":"DESKTOP-BGFJS91","DataSetWriterGroup":"<<UnknownWriterGroup>>","Messages":[{"DataSetWriterId":1,"SequenceNumber":7,"MetaDataVersion":{"MajorVersion":1},"Timestamp":"2024-04-27T13:07:04.6510316Z","MessageType":"ua-deltaframe","DataSetWriterName":"<<UnknownDataSet>>","Payload":{"nsu=http://opcfoundation.org/UA/Plc/Applications;s=SlowUIntScalar1":{"Value":{"Type":7,"Body":7},"SourceTimestamp":"2024-04-27T13:07:03.7506733Z","ServerTimestamp":"2024-04-27T13:07:03.7506756Z"},"nsu=http://opcfoundation.org/UA/Plc/Applications;s=SlowUIntScalar2":{"Value":{"Type":7,"Body":7},"SourceTimestamp":"2024-04-27T13:07:03.7506845Z","ServerTimestamp":"2024-04-27T13:07:03.7506852Z"},"nsu=http://opcfoundation.org/UA/Plc/Applications;s=SlowUIntScalar3":{"Value":{"Type":7,"Body":7},"SourceTimestamp":"2024-04-27T13:07:03.7506863Z","ServerTimestamp":"2024-04-27T13:07:03.7506867Z"},"nsu=http://opcfoundation.org/UA/Plc/Applications;s=BadSlowUIntScalar1":{"Value":{"Type":7,"Body":7},"SourceTimestamp":"2024-04-27T13:07:03.7506877Z","ServerTimestamp":"2024-04-27T13:07:03.7506883Z"},"nsu=http://opcfoundation.org/UA/Plc/Applications;s=SlowRandomUIntScalar1":{"Value":{"Type":7,"Body":1310571460},"SourceTimestamp":"2024-04-27T13:07:03.7507223Z","ServerTimestamp":"2024-04-27T13:07:03.7507245Z"},"nsu=http://opcfoundation.org/UA/Plc/Applications;s=SlowRandomUIntScalar2":{"Value":{"Type":7,"Body":2831730125},"SourceTimestamp":"2024-04-27T13:07:03.750727Z","ServerTimestamp":"2024-04-27T13:07:03.7507278Z"},"nsu=http://opcfoundation.org/UA/Plc/Applications;s=SlowRandomUIntScalar3":{"Value":{"Type":7,"Body":507447304},"SourceTimestamp":"2024-04-27T13:07:03.7507295Z","ServerTimestamp":"2024-04-27T13:07:03.7507302Z"},"nsu=http://opcfoundation.org/UA/Plc/Applications;s=BadSlowRandomUIntScalar1":{"Value":{"Type":7,"Body":768090070},"SourceTimestamp":"2024-04-27T13:07:03.750732Z","ServerTimestamp":"2024-04-27T13:07:03.7507326Z"}}}]}