{"MessageId":"f3e3793e-a5bf-4281-8a95-609e6855f374","MessageType":"ua-data","PublisherId":"DESKTOP-BGFJS91","DataSetWriterGroup":"<<UnknownWriterGroup>>","Messages":[{"SequenceNumber":62,"MetaDataVersion":{"MajorVersion":1},"Timestamp":"2024-04-27T13:07:05.5860796Z","MessageType":"ua-deltaframe","DataSetWriterName":"<<UnknownDataSet>>","Payload":{"nsu=http://opcfoundation.org/UA/Plc/Applications;s=StepUp":{"Value":{"Type":7,"Body":718},"SourceTimestamp":"2024-04-27T13:07:05.5550345Z","ServerTimestamp":"2024-04-27T13:07:05.5550377Z"},"nsu=http://opcfoundation.org/UA/Plc/Applications;s=RandomSignedInt32":{"Value":{"Type":6,"Body":-1449053214},"SourceTimestamp":"2024-04-27T13:07:05.555072Z","ServerTimestamp":"2024-04-27T13:07:05.5550739Z"},"nsu=http://opcfoundation.org/UA/Plc/Applications;s=RandomUnsignedInt32":{"Value":{"Type":7,"Body":885827997},"SourceTimestamp":"2024-04-27T13:07:05.5550738Z","ServerTimestamp":"2024-04-27T13:07:05.5550855Z"},"nsu=http://opcfoundation.org/UA/Plc/Applications;s=DipData":{"Value":{"Type":11,"Body":-84.432792550201526},"SourceTimestamp":"2024-04-27T13:07:05.5550758Z","ServerTimestamp":"2024-04-27T13:07:05.5550811Z"},"nsu=http://opcfoundation.org/UA/Plc/Applications;s=FastUIntScalar1":{"Value":{"Type":7,"Body":71},"SourceTimestamp":"2024-04-27T13:07:04.7440303Z","ServerTimestamp":"2024-04-27T13:07:04.7440359Z"},"nsu=http://opcfoundation.org/UA/Plc/Applications;s=FastUIntScalar2":{"Value":{"Type":7,"Body":71},"SourceTimestamp":"2024-04-27T13:07:04.7440518Z","ServerTimestamp":"2024-04-27T13:07:04.7440527Z"},"nsu=http://opcfoundation.org/UA/Plc/Applications;s=FastUIntScalar3":{"Value":{"Type":7,"Body":71},"SourceTimestamp":"2024-04-27T13:07:04.7440554Z","ServerTimestamp":"2024-04-27T13:07:04.7440565Z"},"nsu=http://opcfoundation.org/UA/Plc/Applications;s=FastRandomUIntScalar1":{"Value":{"Type":7,"Body":352977358},"SourceTimestamp":"2024-04-27T13:07:04.7441221Z","ServerTimestamp":"2024-04-27T13:07:04.74413Z"},"nsu=http://opcfoundation.org/UA/Plc/Applications;s=FastRandomUIntScalar2":{"Value":{"Type":7,"Body":3670400708},"SourceTimestamp":"2024-04-27T13:07:04.7441324Z","ServerTimestamp":"2024-04-27T13:07:04.7441365Z"},"nsu=http://opcfoundation.org/UA/Plc/Applications;s=FastRandomUIntScalar3":{"Value":{"Type":7,"Body":1450460127},"SourceTimestamp":"2024-04-27T13:07:04.7441382Z","ServerTimestamp":"2024-04-27T13:07:04.7441391Z"},"nsu=http://opcfoundation.org/UA/Plc/Applications;s=SpikeData":{"Value":{"Type":11,"Body":-84.432792550201526},"SourceTimestamp":"2024-04-27T13:07:05.5550712Z","ServerTimestamp":"2024-04-27T13:07:05.555072Z"}}}]}