{"MessageId":"185e367b-d88b-4c78-8ba1-15b06bf46b48","MessageType":"ua-data","PublisherId":"DESKTOP-BGFJS91","DataSetWriterGroup":"<<UnknownWriterGroup>>","Messages":[{"SequenceNumber":64,"MetaDataVersion":{"MajorVersion":1},"Timestamp":"2024-04-27T13:07:07.5709766Z","MessageType":"ua-deltaframe","DataSetWriterName":"<<UnknownDataSet>>","Payload":{"nsu=http://opcfoundation.org/UA/Plc/Applications;s=StepUp":{"Value":{"Type":7,"Body":738},"SourceTimestamp":"2024-04-27T13:07:07.5556361Z","ServerTimestamp":"2024-04-27T13:07:07.5556512Z"},"nsu=http://opcfoundation.org/UA/Plc/Applications;s=RandomSignedInt32":{"Value":{"Type":6,"Body":-319601507},"SourceTimestamp":"2024-04-27T13:07:07.5556677Z","ServerTimestamp":"2024-04-27T13:07:07.5556711Z"},"nsu=http://opcfoundation.org/UA/Plc/Applications;s=RandomUnsignedInt32":{"Value":{"Type":7,"Body":1490622307},"SourceTimestamp":"2024-04-27T13:07:07.5556616Z","ServerTimestamp":"2024-04-27T13:07:07.5556627Z"},"nsu=http://opcfoundation.org/UA/Plc/Applications;s=DipData":{"Value":{"Type":11,"Body":99.80267284282715},"SourceTimestamp":"2024-04-27T13:07:07.5556666Z","ServerTimestamp":"2024-04-27T13:07:07.5557055Z"},"nsu=http://opcfoundation.org/UA/Plc/Applications;s=FastUIntScalar1":{"Value":{"Type":7,"Body":73},"SourceTimestamp":"2024-04-27T13:07:06.7518081Z","ServerTimestamp":"2024-04-27T13:07:06.7518105Z"},"nsu=http://opcfoundation.org/UA/Plc/Applications;s=FastUIntScalar2":{"Value":{"Type":7,"Body":73},"SourceTimestamp":"2024-04-27T13:07:06.751827Z","ServerTimestamp":"2024-04-27T13:07:06.7518275Z"},"nsu=http://opcfoundation.org/UA/Plc/Applications;s=FastUIntScalar3":{"Value":{"Type":7,"Body":73},"SourceTimestamp":"2024-04-27T13:07:06.7518287Z","ServerTimestamp":"2024-04-27T13:07:06.751862Z"},"nsu=http://opcfoundation.org/UA/Plc/Applications;s=FastRandomUIntScalar1":{"Value":{"Type":7,"Body":3205508766},"SourceTimestamp":"2024-04-27T13:07:06.7518512Z","ServerTimestamp":"2024-04-27T13:07:06.751853Z"},"nsu=http://opcfoundation.org/UA/Plc/Applications;s=FastRandomUIntScalar2":{"Value":{"Type":7,"Body":1977350184},"SourceTimestamp":"2024-04-27T13:07:06.7518576Z","ServerTimestamp":"2024-04-27T13:07:06.7518584Z"},"nsu=http://opcfoundation.org/UA/Plc/Applications;s=FastRandomUIntScalar3":{"Value":{"Type":7,"Body":84272881},"SourceTimestamp":"2024-04-27T13:07:06.7518596Z","ServerTimestamp":"2024-04-27T13:07:06.7518601Z"},"nsu=http://opcfoundation.org/UA/Plc/Applications;s=SpikeData":{"Value":{"Type":11,"Body":99.80267284282715},"SourceTimestamp":"2024-04-27T13:07:07.5556624Z","ServerTimestamp":"2024-04-27T13:07:07.5556642Z"}}}]}