{"MessageId":"5d7c6497-7cd8-4cbf-9ea6-4bd2d1bd3c62","MessageType":"ua-data","PublisherId":"DESKTOP-BGFJS91","DataSetWriterGroup":"<<UnknownWriterGroup>>","Messages":[{"SequenceNumber":65,"MetaDataVersion":{"MajorVersion":1},"Timestamp":"2024-04-27T13:07:08.5624339Z","MessageType":"ua-deltaframe","DataSetWriterName":"<<UnknownDataSet>>","Payload":{"nsu=http://opcfoundation.org/UA/Plc/Applications;s=StepUp":{"Value":{"Type":7,"Body":748},"SourceTimestamp":"2024-04-27T13:07:08.5467325Z","ServerTimestamp":"2024-04-27T13:07:08.546735Z"},"nsu=http://opcfoundation.org/UA/Plc/Applications;s=RandomSignedInt32":{"Value":{"Type":6,"Body":-1073492750},"SourceTimestamp":"2024-04-27T13:07:08.5467482Z","ServerTimestamp":"2024-04-27T13:07:08.5467507Z"},"nsu=http://opcfoundation.org/UA/Plc/Applications;s=RandomUnsignedInt32":{"Value":{"Type":7,"Body":1502181164},"SourceTimestamp":"2024-04-27T13:07:08.546758Z","ServerTimestamp":"2024-04-27T13:07:08.5467596Z"},"nsu=http://opcfoundation.org/UA/Plc/Applications;s=DipData":{"Value":{"Type":11,"Body":36.812455268467801},"SourceTimestamp":"2024-04-27T13:07:08.5467534Z","ServerTimestamp":"2024-04-27T13:07:08.5467542Z"},"nsu=http://opcfoundation.org/UA/Plc/Applications;s=FastUIntScalar1":{"Value":{"Type":7,"Body":74},"SourceTimestamp":"2024-04-27T13:07:07.7570477Z","ServerTimestamp":"2024-04-27T13:07:07.7570527Z"},"nsu=http://opcfoundation.org/UA/Plc/Applications;s=FastUIntScalar2":{"Value":{"Type":7,"Body":74},"SourceTimestamp":"2024-04-27T13:07:07.757068Z","ServerTimestamp":"2024-04-27T13:07:07.757069Z"},"nsu=http://opcfoundation.org/UA/Plc/Applications;s=FastUIntScalar3":{"Value":{"Type":7,"Body":74},"SourceTimestamp":"2024-04-27T13:07:07.7570711Z","ServerTimestamp":"2024-04-27T13:07:07.7570722Z"},"nsu=http://opcfoundation.org/UA/Plc/Applications;s=FastRandomUIntScalar1":{"Value":{"Type":7,"Body":2015507651},"SourceTimestamp":"2024-04-27T13:07:07.7570982Z","ServerTimestamp":"2024-04-27T13:07:07.7571106Z"},"nsu=http://opcfoundation.org/UA/Plc/Applications;s=FastRandomUIntScalar2":{"Value":{"Type":7,"Body":1866685310},"SourceTimestamp":"2024-04-27T13:07:07.7571198Z","ServerTimestamp":"2024-04-27T13:07:07.7571226Z"},"nsu=http://opcfoundation.org/UA/Plc/Applications;s=FastRandomUIntScalar3":{"Value":{"Type":7,"Body":2342593680},"SourceTimestamp":"2024-04-27T13:07:07.7571248Z","ServerTimestamp":"2024-04-27T13:07:07.7571255Z"},"nsu=http://opcfoundation.org/UA/Plc/Applications;s=SpikeData":{"Value":{"Type":11,"Body":36.812455268467801},"SourceTimestamp":"2024-04-27T13:07:08.5467615Z","ServerTimestamp":"2024-04-27T13:07:08.5467644Z"}}}]}