{"MessageId":"ed80e071-fbe0-4ba7-b500-5d805d1a3a26","MessageType":"ua-data","PublisherId":"DESKTOP-BGFJS91","DataSetWriterGroup":"<<UnknownWriterGroup>>","Messages":[{"SequenceNumber":67,"MetaDataVersion":{"MajorVersion":1},"Timestamp":"2024-04-27T13:07:10.5496812Z","MessageType":"ua-deltaframe","DataSetWriterName":"<<UnknownDataSet>>","Payload":{"nsu=http://opcfoundation.org/UA/Plc/Applications;s=StepUp":{"Value":{"Type":7,"Body":768},"SourceTimestamp":"2024-04-27T13:07:10.5489948Z","ServerTimestamp":"2024-04-27T13:07:10.5490001Z"},"nsu=http://opcfoundation.org/UA/Plc/Applications;s=RandomSignedInt32":{"Value":{"Type":6,"Body":402438304},"SourceTimestamp":"2024-04-27T13:07:10.4565819Z","ServerTimestamp":"2024-04-27T13:07:10.4565892Z"},"nsu=http://opcfoundation.org/UA/Plc/Applications;s=RandomUnsignedInt32":{"Value":{"Type":7,"Body":1802688267},"SourceTimestamp":"2024-04-27T13:07:10.4566027Z","ServerTimestamp":"2024-04-27T13:07:10.4566056Z"},"nsu=http://opcfoundation.org/UA/Plc/Applications;s=DipData":{"Value":{"Type":11,"Body":-90.482705246601981},"SourceTimestamp":"2024-04-27T13:07:10.4565967Z","ServerTimestamp":"2024-04-27T13:07:10.4565983Z"},"nsu=http://opcfoundation.org/UA/Plc/Applications;s=FastUIntScalar1":{"Value":{"Type":7,"Body":76},"SourceTimestamp":"2024-04-27T13:07:09.7560921Z","ServerTimestamp":"2024-04-27T13:07:09.7560956Z"},"nsu=http://opcfoundation.org/UA/Plc/Applications;s=FastUIntScalar2":{"Value":{"Type":7,"Body":76},"SourceTimestamp":"2024-04-27T13:07:09.7561082Z","ServerTimestamp":"2024-04-27T13:07:09.7561088Z"},"nsu=http://opcfoundation.org/UA/Plc/Applications;s=FastUIntScalar3":{"Value":{"Type":7,"Body":76},"SourceTimestamp":"2024-04-27T13:07:09.7561103Z","ServerTimestamp":"2024-04-27T13:07:09.7561112Z"},"nsu=http://opcfoundation.org/UA/Plc/Applications;s=FastRandomUIntScalar1":{"Value":{"Type":7,"Body":339345330},"SourceTimestamp":"2024-04-27T13:07:09.7561527Z","ServerTimestamp":"2024-04-27T13:07:09.7561543Z"},"nsu=http://opcfoundation.org/UA/Plc/Applications;s=FastRandomUIntScalar2":{"Value":{"Type":7,"Body":3863947714},"SourceTimestamp":"2024-04-27T13:07:09.7561585Z","ServerTimestamp":"2024-04-27T13:07:09.7561821Z"},"nsu=http://opcfoundation.org/UA/Plc/Applications;s=FastRandomUIntScalar3":{"Value":{"Type":7,"Body":887286592},"SourceTimestamp":"2024-04-27T13:07:09.7561852Z","ServerTimestamp":"2024-04-27T13:07:09.7561861Z"},"nsu=http://opcfoundation.org/UA/Plc/Applications;s=SpikeData":{"Value":{"Type":11,"Body":-90.482705246601981},"SourceTimestamp":"2024-04-27T13:07:10.4565715Z","ServerTimestamp":"2024-04-27T13:07:10.4565755Z"}}}]}