{"MessageId":"7eed9d4b-a36e-4e00-be03-9d9d93b0b4e5","MessageType":"ua-data","PublisherId":"DESKTOP-BGFJS91","DataSetWriterGroup":"<<UnknownWriterGroup>>","Messages":[{"SequenceNumber":69,"MetaDataVersion":{"MajorVersion":1},"Timestamp":"2024-04-27T13:07:12.5888425Z","MessageType":"ua-deltaframe","DataSetWriterName":"<<UnknownDataSet>>","Payload":{"nsu=http://opcfoundation.org/UA/Plc/Applications;s=StepUp":{"Value":{"Type":7,"Body":788},"SourceTimestamp":"2024-04-27T13:07:12.5566763Z","ServerTimestamp":"2024-04-27T13:07:12.5566801Z"},"nsu=http://opcfoundation.org/UA/Plc/Applications;s=RandomSignedInt32":{"Value":{"Type":6,"Body":-1198564816},"SourceTimestamp":"2024-04-27T13:07:12.5567158Z","ServerTimestamp":"2024-04-27T13:07:12.5567348Z"},"nsu=http://opcfoundation.org/UA/Plc/Applications;s=RandomUnsignedInt32":{"Value":{"Type":7,"Body":228370730},"SourceTimestamp":"2024-04-27T13:07:12.5567383Z","ServerTimestamp":"2024-04-27T13:07:12.5567483Z"},"nsu=http://opcfoundation.org/UA/Plc/Applications;s=DipData":{"Value":{"Type":11,"Body":99.80267284282715},"SourceTimestamp":"2024-04-27T13:07:12.5567399Z","ServerTimestamp":"2024-04-27T13:07:12.5567632Z"},"nsu=http://opcfoundation.org/UA/Plc/Applications;s=FastUIntScalar1":{"Value":{"Type":7,"Body":78},"SourceTimestamp":"2024-04-27T13:07:11.7538864Z","ServerTimestamp":"2024-04-27T13:07:11.7538958Z"},"nsu=http://opcfoundation.org/UA/Plc/Applications;s=FastUIntScalar2":{"Value":{"Type":7,"Body":78},"SourceTimestamp":"2024-04-27T13:07:11.753904Z","ServerTimestamp":"2024-04-27T13:07:11.7539568Z"},"nsu=http://opcfoundation.org/UA/Plc/Applications;s=FastUIntScalar3":{"Value":{"Type":7,"Body":78},"SourceTimestamp":"2024-04-27T13:07:11.7539641Z","ServerTimestamp":"2024-04-27T13:07:11.7539658Z"},"nsu=http://opcfoundation.org/UA/Plc/Applications;s=FastRandomUIntScalar1":{"Value":{"Type":7,"Body":1270324210},"SourceTimestamp":"2024-04-27T13:07:11.7539115Z","ServerTimestamp":"2024-04-27T13:07:11.7539137Z"},"nsu=http://opcfoundation.org/UA/Plc/Applications;s=FastRandomUIntScalar2":{"Value":{"Type":7,"Body":2486122017},"SourceTimestamp":"2024-04-27T13:07:11.7539153Z","ServerTimestamp":"2024-04-27T13:07:11.753922Z"},"nsu=http://opcfoundation.org/UA/Plc/Applications;s=FastRandomUIntScalar3":{"Value":{"Type":7,"Body":1872086312},"SourceTimestamp":"2024-04-27T13:07:11.753929Z","ServerTimestamp":"2024-04-27T13:07:11.7539297Z"},"nsu=http://opcfoundation.org/UA/Plc/Applications;s=SpikeData":{"Value":{"Type":11,"Body":99.80267284282715},"SourceTimestamp":"2024-04-27T13:07:12.5567538Z","ServerTimestamp":"2024-04-27T13:07:12.556755Z"}}}]}