{"MessageId":"9a7b09dc-2c2d-4d8b-8964-df3223a2b8ff","MessageType":"ua-data","PublisherId":"DESKTOP-BGFJS91","DataSetWriterGroup":"<<UnknownWriterGroup>>","Messages":[{"DataSetWriterId":1,"SequenceNumber":8,"MetaDataVersion":{"MajorVersion":1},"Timestamp":"2024-04-27T13:07:14.6290506Z","MessageType":"ua-deltaframe","DataSetWriterName":"<<UnknownDataSet>>","Payload":{"nsu=http://opcfoundation.org/UA/Plc/Applications;s=SlowUIntScalar1":{"Value":{"Type":7,"Body":8},"SourceTimestamp":"2024-04-27T13:07:13.748854Z","ServerTimestamp":"2024-04-27T13:07:13.7488568Z"},"nsu=http://opcfoundation.org/UA/Plc/Applications;s=SlowUIntScalar2":{"Value":{"Type":7,"Body":8},"SourceTimestamp":"2024-04-27T13:07:13.7488649Z","ServerTimestamp":"2024-04-27T13:07:13.7488654Z"},"nsu=http://opcfoundation.org/UA/Plc/Applications;s=SlowUIntScalar3":{"Value":{"Type":7,"Body":8},"SourceTimestamp":"2024-04-27T13:07:13.7488666Z","ServerTimestamp":"2024-04-27T13:07:13.748867Z"},"nsu=http://opcfoundation.org/UA/Plc/Applications;s=BadSlowUIntScalar1":{"Value":{"Type":7,"Body":8},"StatusCode":1083179008,"SourceTimestamp":"2024-04-27T13:07:13.7488683Z","ServerTimestamp":"2024-04-27T13:07:13.7488689Z"},"nsu=http://opcfoundation.org/UA/Plc/Applications;s=SlowRandomUIntScalar1":{"Value":{"Type":7,"Body":1474298264},"SourceTimestamp":"2024-04-27T13:07:13.7489028Z","ServerTimestamp":"2024-04-27T13:07:13.7489043Z"},"nsu=http://opcfoundation.org/UA/Plc/Applications;s=SlowRandomUIntScalar2":{"Value":{"Type":7,"Body":2616305572},"SourceTimestamp":"2024-04-27T13:07:13.7489092Z","ServerTimestamp":"2024-04-27T13:07:13.7489133Z"},"nsu=http://opcfoundation.org/UA/Plc/Applications;s=SlowRandomUIntScalar3":{"Value":{"Type":7,"Body":1647712396},"SourceTimestamp":"2024-04-27T13:07:13.7489184Z","ServerTimestamp":"2024-04-27T13:07:13.7489201Z"},"nsu=http://opcfoundation.org/UA/Plc/Applications;s=BadSlowRandomUIntScalar1":{"Value":{"Type":7,"Body":3905223350},"StatusCode":1083179008,"SourceTimestamp":"2024-04-27T13:07:13.7489222Z","ServerTimestamp":"2024-04-27T13:07:13.7489232Z"}}}]}