{"MessageId":"46e7cef4-cb85-4954-b58f-b0cac5f7877f","MessageType":"ua-data","PublisherId":"DESKTOP-BGFJS91","DataSetWriterGroup":"<<UnknownWriterGroup>>","Messages":[{"SequenceNumber":79,"MetaDataVersion":{"MajorVersion":1},"Timestamp":"2024-04-27T13:07:24.5787513Z","MessageType":"ua-deltaframe","DataSetWriterName":"<<UnknownDataSet>>","Payload":{"nsu=http://opcfoundation.org/UA/Plc/Applications;s=StepUp":{"Value":{"Type":7,"Body":908},"SourceTimestamp":"2024-04-27T13:07:24.5468111Z","ServerTimestamp":"2024-04-27T13:07:24.5468138Z"},"nsu=http://opcfoundation.org/UA/Plc/Applications;s=AlternatingBoolean":{"Value":{"Type":1,"Body":true},"SourceTimestamp":"2024-04-27T13:07:23.8465756Z","ServerTimestamp":"2024-04-27T13:07:23.8465881Z"},"nsu=http://opcfoundation.org/UA/Plc/Applications;s=RandomSignedInt32":{"Value":{"Type":6,"Body":-1537942748},"SourceTimestamp":"2024-04-27T13:07:24.5468479Z","ServerTimestamp":"2024-04-27T13:07:24.5468496Z"},"nsu=http://opcfoundation.org/UA/Plc/Applications;s=RandomUnsignedInt32":{"Value":{"Type":7,"Body":225646202},"SourceTimestamp":"2024-04-27T13:07:24.5468337Z","ServerTimestamp":"2024-04-27T13:07:24.5468364Z"},"nsu=http://opcfoundation.org/UA/Plc/Applications;s=DipData":{"Value":{"Type":11,"Body":-77.0513242775789},"SourceTimestamp":"2024-04-27T13:07:24.5468438Z","ServerTimestamp":"2024-04-27T13:07:24.5468446Z"},"nsu=http://opcfoundation.org/UA/Plc/Applications;s=FastUIntScalar1":{"Value":{"Type":7,"Body":90},"SourceTimestamp":"2024-04-27T13:07:23.7539329Z","ServerTimestamp":"2024-04-27T13:07:23.7539362Z"},"nsu=http://opcfoundation.org/UA/Plc/Applications;s=FastUIntScalar2":{"Value":{"Type":7,"Body":90},"SourceTimestamp":"2024-04-27T13:07:23.7539381Z","ServerTimestamp":"2024-04-27T13:07:23.7539792Z"},"nsu=http://opcfoundation.org/UA/Plc/Applications;s=FastUIntScalar3":{"Value":{"Type":7,"Body":90},"SourceTimestamp":"2024-04-27T13:07:23.7539849Z","ServerTimestamp":"2024-04-27T13:07:23.7539856Z"},"nsu=http://opcfoundation.org/UA/Plc/Applications;s=FastRandomUIntScalar1":{"Value":{"Type":7,"Body":1115993710},"SourceTimestamp":"2024-04-27T13:07:23.7539333Z","ServerTimestamp":"2024-04-27T13:07:23.7539705Z"},"nsu=http://opcfoundation.org/UA/Plc/Applications;s=FastRandomUIntScalar2":{"Value":{"Type":7,"Body":3262436512},"SourceTimestamp":"2024-04-27T13:07:23.7539744Z","ServerTimestamp":"2024-04-27T13:07:23.7539755Z"},"nsu=http://opcfoundation.org/UA/Plc/Applications;s=FastRandomUIntScalar3":{"Value":{"Type":7,"Body":265888941},"SourceTimestamp":"2024-04-27T13:07:23.753977Z","ServerTimestamp":"2024-04-27T13:07:23.7539775Z"},"nsu=http://opcfoundation.org/UA/Plc/Applications;s=NegativeTrendData":{"Value":{"Type":11,"Body":98.400000000000006},"SourceTimestamp":"2024-04-27T13:07:23.8465124Z","ServerTimestamp":"2024-04-27T13:07:23.8465178Z"},"nsu=http://opcfoundation.org/UA/Plc/Applications;s=PositiveTrendData":{"Value":{"Type":11,"Body":101.3},"SourceTimestamp":"2024-04-27T13:07:23.8465128Z","ServerTimestamp":"2024-04-27T13:07:23.846535Z"},"nsu=http://opcfoundation.org/UA/Plc/Applications;s=SpikeData":{"Value":{"Type":11,"Body":-77.0513242775789},"SourceTimestamp":"2024-04-27T13:07:24.5468494Z","ServerTimestamp":"2024-04-27T13:07:24.5468777Z"}}}]}