{"MessageId":"2a4f9b8a-9816-414b-9771-ee65d85c4bbd","MessageType":"ua-data","PublisherId":"DESKTOP-BGFJS91","DataSetWriterGroup":"<<UnknownWriterGroup>>","Messages":[{"SequenceNumber":80,"MetaDataVersion":{"MajorVersion":1},"Timestamp":"2024-04-27T13:07:25.568345Z","MessageType":"ua-deltaframe","DataSetWriterName":"<<UnknownDataSet>>","Payload":{"nsu=http://opcfoundation.org/UA/Plc/Applications;s=StepUp":{"Value":{"Type":7,"Body":918},"SourceTimestamp":"2024-04-27T13:07:25.5527176Z","ServerTimestamp":"2024-04-27T13:07:25.5527244Z"},"nsu=http://opcfoundation.org/UA/Plc/Applications;s=RandomSignedInt32":{"Value":{"Type":6,"Body":-1237439784},"SourceTimestamp":"2024-04-27T13:07:25.552752Z","ServerTimestamp":"2024-04-27T13:07:25.5527542Z"},"nsu=http://opcfoundation.org/UA/Plc/Applications;s=RandomUnsignedInt32":{"Value":{"Type":7,"Body":758588771},"SourceTimestamp":"2024-04-27T13:07:25.5527523Z","ServerTimestamp":"2024-04-27T13:07:25.5527578Z"},"nsu=http://opcfoundation.org/UA/Plc/Applications;s=DipData":{"Value":{"Type":11,"Body":-84.432792550201526},"SourceTimestamp":"2024-04-27T13:07:25.5527578Z","ServerTimestamp":"2024-04-27T13:07:25.5527617Z"},"nsu=http://opcfoundation.org/UA/Plc/Applications;s=FastUIntScalar1":{"Value":{"Type":7,"Body":91},"SourceTimestamp":"2024-04-27T13:07:24.7479616Z","ServerTimestamp":"2024-04-27T13:07:24.7479713Z"},"nsu=http://opcfoundation.org/UA/Plc/Applications;s=FastUIntScalar2":{"Value":{"Type":7,"Body":91},"SourceTimestamp":"2024-04-27T13:07:24.7479875Z","ServerTimestamp":"2024-04-27T13:07:24.7479881Z"},"nsu=http://opcfoundation.org/UA/Plc/Applications;s=FastUIntScalar3":{"Value":{"Type":7,"Body":91},"SourceTimestamp":"2024-04-27T13:07:24.7479896Z","ServerTimestamp":"2024-04-27T13:07:24.7479964Z"},"nsu=http://opcfoundation.org/UA/Plc/Applications;s=FastRandomUIntScalar1":{"Value":{"Type":7,"Body":4237651925},"SourceTimestamp":"2024-04-27T13:07:24.7480061Z","ServerTimestamp":"2024-04-27T13:07:24.7480069Z"},"nsu=http://opcfoundation.org/UA/Plc/Applications;s=FastRandomUIntScalar2":{"Value":{"Type":7,"Body":1535109384},"SourceTimestamp":"2024-04-27T13:07:24.748008Z","ServerTimestamp":"2024-04-27T13:07:24.7480085Z"},"nsu=http://opcfoundation.org/UA/Plc/Applications;s=FastRandomUIntScalar3":{"Value":{"Type":7,"Body":662220660},"SourceTimestamp":"2024-04-27T13:07:24.7480098Z","ServerTimestamp":"2024-04-27T13:07:24.7480159Z"},"nsu=http://opcfoundation.org/UA/Plc/Applications;s=SpikeData":{"Value":{"Type":11,"Body":-84.432792550201526},"SourceTimestamp":"2024-04-27T13:07:25.5527673Z","ServerTimestamp":"2024-04-27T13:07:25.5527686Z"}}}]}