{"MessageId":"74f702bf-9cfc-4242-a987-a0d3b9f682a4","MessageType":"ua-data","PublisherId":"DESKTOP-BGFJS91","DataSetWriterGroup":"<<UnknownWriterGroup>>","Messages":[{"SequenceNumber":9,"MetaDataVersion":{"MajorVersion":1},"Timestamp":"2024-04-27T13:06:04.54206Z","MessageType":"ua-deltaframe","DataSetWriterName":"<<UnknownDataSet>>","Payload":{"nsu=http://opcfoundation.org/UA/Plc/Applications;s=StepUp":{"Value":{"Type":7,"Body":107},"SourceTimestamp":"2024-04-27T13:06:04.4482161Z","ServerTimestamp":"2024-04-27T13:06:04.4482376Z"},"nsu=http://opcfoundation.org/UA/Plc/Applications;s=AlternatingBoolean":{"Value":{"Type":1,"Body":true},"SourceTimestamp":"2024-04-27T13:06:03.8586298Z","ServerTimestamp":"2024-04-27T13:06:03.8586387Z"},"nsu=http://opcfoundation.org/UA/Plc/Applications;s=RandomSignedInt32":{"Value":{"Type":6,"Body":-738178630},"SourceTimestamp":"2024-04-27T13:06:04.4482489Z","ServerTimestamp":"2024-04-27T13:06:04.4482507Z"},"nsu=http://opcfoundation.org/UA/Plc/Applications;s=RandomUnsignedInt32":{"Value":{"Type":7,"Body":1362523190},"SourceTimestamp":"2024-04-27T13:06:04.4482436Z","ServerTimestamp":"2024-04-27T13:06:04.4482451Z"},"nsu=http://opcfoundation.org/UA/Plc/Applications;s=DipData":{"Value":{"Type":11,"Body":-68.454710592868821},"SourceTimestamp":"2024-04-27T13:06:04.4482485Z","ServerTimestamp":"2024-04-27T13:06:04.4482494Z"},"nsu=http://opcfoundation.org/UA/Plc/Applications;s=FastUIntScalar1":{"Value":{"Type":7,"Body":10},"SourceTimestamp":"2024-04-27T13:06:03.7486791Z","ServerTimestamp":"2024-04-27T13:06:03.7486824Z"},"nsu=http://opcfoundation.org/UA/Plc/Applications;s=FastUIntScalar2":{"Value":{"Type":7,"Body":10},"SourceTimestamp":"2024-04-27T13:06:03.7486859Z","ServerTimestamp":"2024-04-27T13:06:03.7486866Z"},"nsu=http://opcfoundation.org/UA/Plc/Applications;s=FastUIntScalar3":{"Value":{"Type":7,"Body":10},"SourceTimestamp":"2024-04-27T13:06:03.7486877Z","ServerTimestamp":"2024-04-27T13:06:03.7486898Z"},"nsu=http://opcfoundation.org/UA/Plc/Applications;s=FastRandomUIntScalar1":{"Value":{"Type":7,"Body":2712750344},"SourceTimestamp":"2024-04-27T13:06:03.7486821Z","ServerTimestamp":"2024-04-27T13:06:03.7486876Z"},"nsu=http://opcfoundation.org/UA/Plc/Applications;s=FastRandomUIntScalar2":{"Value":{"Type":7,"Body":3558171064},"SourceTimestamp":"2024-04-27T13:06:03.748689Z","ServerTimestamp":"2024-04-27T13:06:03.748692Z"},"nsu=http://opcfoundation.org/UA/Plc/Applications;s=FastRandomUIntScalar3":{"Value":{"Type":7,"Body":485047719},"SourceTimestamp":"2024-04-27T13:06:03.7486965Z","ServerTimestamp":"2024-04-27T13:06:03.7486968Z"},"nsu=http://opcfoundation.org/UA/Plc/Applications;s=SpikeData":{"Value":{"Type":11,"Body":-68.454710592868821},"SourceTimestamp":"2024-04-27T13:06:04.4482406Z","ServerTimestamp":"2024-04-27T13:06:04.4482429Z"}}}]}