{"MessageId":"a7a45a64-a8aa-4b4c-83cc-9b7af93c6216","MessageType":"ua-data","PublisherId":"DESKTOP-BGFJS91","DataSetWriterGroup":"<<UnknownWriterGroup>>","Messages":[{"SequenceNumber":84,"MetaDataVersion":{"MajorVersion":1},"Timestamp":"2024-04-27T13:07:30.5925174Z","MessageType":"ua-deltaframe","DataSetWriterName":"<<UnknownDataSet>>","Payload":{"nsu=http://opcfoundation.org/UA/Plc/Applications;s=StepUp":{"Value":{"Type":7,"Body":968},"SourceTimestamp":"2024-04-27T13:07:30.5451029Z","ServerTimestamp":"2024-04-27T13:07:30.5451075Z"},"nsu=http://opcfoundation.org/UA/Plc/Applications;s=RandomSignedInt32":{"Value":{"Type":6,"Body":1253419599},"SourceTimestamp":"2024-04-27T13:07:30.5451478Z","ServerTimestamp":"2024-04-27T13:07:30.5451494Z"},"nsu=http://opcfoundation.org/UA/Plc/Applications;s=RandomUnsignedInt32":{"Value":{"Type":7,"Body":1850556994},"SourceTimestamp":"2024-04-27T13:07:30.5451565Z","ServerTimestamp":"2024-04-27T13:07:30.5451672Z"},"nsu=http://opcfoundation.org/UA/Plc/Applications;s=DipData":{"Value":{"Type":11,"Body":-84.432792550201526},"SourceTimestamp":"2024-04-27T13:07:30.5451769Z","ServerTimestamp":"2024-04-27T13:07:30.5451783Z"},"nsu=http://opcfoundation.org/UA/Plc/Applications;s=FastUIntScalar1":{"Value":{"Type":7,"Body":96},"SourceTimestamp":"2024-04-27T13:07:29.7511076Z","ServerTimestamp":"2024-04-27T13:07:29.7511117Z"},"nsu=http://opcfoundation.org/UA/Plc/Applications;s=FastUIntScalar2":{"Value":{"Type":7,"Body":96},"SourceTimestamp":"2024-04-27T13:07:29.7511266Z","ServerTimestamp":"2024-04-27T13:07:29.7511276Z"},"nsu=http://opcfoundation.org/UA/Plc/Applications;s=FastUIntScalar3":{"Value":{"Type":7,"Body":96},"SourceTimestamp":"2024-04-27T13:07:29.7511303Z","ServerTimestamp":"2024-04-27T13:07:29.7511529Z"},"nsu=http://opcfoundation.org/UA/Plc/Applications;s=FastRandomUIntScalar1":{"Value":{"Type":7,"Body":1037798687},"SourceTimestamp":"2024-04-27T13:07:29.7511993Z","ServerTimestamp":"2024-04-27T13:07:29.7512007Z"},"nsu=http://opcfoundation.org/UA/Plc/Applications;s=FastRandomUIntScalar2":{"Value":{"Type":7,"Body":2900267068},"SourceTimestamp":"2024-04-27T13:07:29.7512039Z","ServerTimestamp":"2024-04-27T13:07:29.7512051Z"},"nsu=http://opcfoundation.org/UA/Plc/Applications;s=FastRandomUIntScalar3":{"Value":{"Type":7,"Body":3477318284},"SourceTimestamp":"2024-04-27T13:07:29.7512094Z","ServerTimestamp":"2024-04-27T13:07:29.7512722Z"},"nsu=http://opcfoundation.org/UA/Plc/Applications;s=SpikeData":{"Value":{"Type":11,"Body":-84.432792550201526},"SourceTimestamp":"2024-04-27T13:07:30.5452088Z","ServerTimestamp":"2024-04-27T13:07:30.5452118Z"}}}]}