{"MessageId":"41d10213-0142-4358-820b-ca92fe8c9478","MessageType":"ua-data","PublisherId":"DESKTOP-BGFJS91","DataSetWriterGroup":"<<UnknownWriterGroup>>","Messages":[{"SequenceNumber":86,"MetaDataVersion":{"MajorVersion":1},"Timestamp":"2024-04-27T13:07:32.5768559Z","MessageType":"ua-deltaframe","DataSetWriterName":"<<UnknownDataSet>>","Payload":{"nsu=http://opcfoundation.org/UA/Plc/Applications;s=StepUp":{"Value":{"Type":7,"Body":988},"SourceTimestamp":"2024-04-27T13:07:32.5452863Z","ServerTimestamp":"2024-04-27T13:07:32.5452984Z"},"nsu=http://opcfoundation.org/UA/Plc/Applications;s=RandomSignedInt32":{"Value":{"Type":6,"Body":-1262136797},"SourceTimestamp":"2024-04-27T13:07:32.5453418Z","ServerTimestamp":"2024-04-27T13:07:32.5453545Z"},"nsu=http://opcfoundation.org/UA/Plc/Applications;s=RandomUnsignedInt32":{"Value":{"Type":7,"Body":1561004546},"SourceTimestamp":"2024-04-27T13:07:32.5453541Z","ServerTimestamp":"2024-04-27T13:07:32.5453637Z"},"nsu=http://opcfoundation.org/UA/Plc/Applications;s=DipData":{"Value":{"Type":11,"Body":99.80267284282715},"SourceTimestamp":"2024-04-27T13:07:32.5453945Z","ServerTimestamp":"2024-04-27T13:07:32.5454622Z"},"nsu=http://opcfoundation.org/UA/Plc/Applications;s=FastUIntScalar1":{"Value":{"Type":7,"Body":98},"SourceTimestamp":"2024-04-27T13:07:31.7555829Z","ServerTimestamp":"2024-04-27T13:07:31.7555863Z"},"nsu=http://opcfoundation.org/UA/Plc/Applications;s=FastUIntScalar2":{"Value":{"Type":7,"Body":98},"SourceTimestamp":"2024-04-27T13:07:31.7555957Z","ServerTimestamp":"2024-04-27T13:07:31.7556017Z"},"nsu=http://opcfoundation.org/UA/Plc/Applications;s=FastUIntScalar3":{"Value":{"Type":7,"Body":98},"SourceTimestamp":"2024-04-27T13:07:31.7556034Z","ServerTimestamp":"2024-04-27T13:07:31.7556084Z"},"nsu=http://opcfoundation.org/UA/Plc/Applications;s=FastRandomUIntScalar1":{"Value":{"Type":7,"Body":1361085},"SourceTimestamp":"2024-04-27T13:07:31.7556167Z","ServerTimestamp":"2024-04-27T13:07:31.7556208Z"},"nsu=http://opcfoundation.org/UA/Plc/Applications;s=FastRandomUIntScalar2":{"Value":{"Type":7,"Body":2510416282},"SourceTimestamp":"2024-04-27T13:07:31.7556255Z","ServerTimestamp":"2024-04-27T13:07:31.7556278Z"},"nsu=http://opcfoundation.org/UA/Plc/Applications;s=FastRandomUIntScalar3":{"Value":{"Type":7,"Body":1627049732},"SourceTimestamp":"2024-04-27T13:07:31.7556292Z","ServerTimestamp":"2024-04-27T13:07:31.7556296Z"},"nsu=http://opcfoundation.org/UA/Plc/Applications;s=SpikeData":{"Value":{"Type":11,"Body":99.80267284282715},"SourceTimestamp":"2024-04-27T13:07:32.5453219Z","ServerTimestamp":"2024-04-27T13:07:32.5454419Z"}}}]}