{"MessageId":"8395b8ce-9348-455b-b68a-02d0595d068c","MessageType":"ua-data","PublisherId":"DESKTOP-BGFJS91","DataSetWriterGroup":"<<UnknownWriterGroup>>","Messages":[{"SequenceNumber":89,"MetaDataVersion":{"MajorVersion":1},"Timestamp":"2024-04-27T13:07:36.5719754Z","MessageType":"ua-deltaframe","DataSetWriterName":"<<UnknownDataSet>>","Payload":{"nsu=http://opcfoundation.org/UA/Plc/Applications;s=StepUp":{"Value":{"Type":7,"Body":1028},"SourceTimestamp":"2024-04-27T13:07:36.5563419Z","ServerTimestamp":"2024-04-27T13:07:36.5563463Z"},"nsu=http://opcfoundation.org/UA/Plc/Applications;s=RandomSignedInt32":{"Value":{"Type":6,"Body":376073503},"SourceTimestamp":"2024-04-27T13:07:36.5563918Z","ServerTimestamp":"2024-04-27T13:07:36.5563948Z"},"nsu=http://opcfoundation.org/UA/Plc/Applications;s=RandomUnsignedInt32":{"Value":{"Type":7,"Body":1458832565},"SourceTimestamp":"2024-04-27T13:07:36.556372Z","ServerTimestamp":"2024-04-27T13:07:36.556374Z"},"nsu=http://opcfoundation.org/UA/Plc/Applications;s=DipData":{"Value":{"Type":11,"Body":24.868988716485482},"SourceTimestamp":"2024-04-27T13:07:36.5563843Z","ServerTimestamp":"2024-04-27T13:07:36.5563863Z"},"nsu=http://opcfoundation.org/UA/Plc/Applications;s=FastUIntScalar1":{"Value":{"Type":7,"Body":102},"SourceTimestamp":"2024-04-27T13:07:35.7538701Z","ServerTimestamp":"2024-04-27T13:07:35.7538729Z"},"nsu=http://opcfoundation.org/UA/Plc/Applications;s=FastUIntScalar2":{"Value":{"Type":7,"Body":102},"SourceTimestamp":"2024-04-27T13:07:35.7538904Z","ServerTimestamp":"2024-04-27T13:07:35.7539335Z"},"nsu=http://opcfoundation.org/UA/Plc/Applications;s=FastUIntScalar3":{"Value":{"Type":7,"Body":102},"SourceTimestamp":"2024-04-27T13:07:35.7539353Z","ServerTimestamp":"2024-04-27T13:07:35.7539362Z"},"nsu=http://opcfoundation.org/UA/Plc/Applications;s=FastRandomUIntScalar1":{"Value":{"Type":7,"Body":3511438518},"SourceTimestamp":"2024-04-27T13:07:35.753905Z","ServerTimestamp":"2024-04-27T13:07:35.7539089Z"},"nsu=http://opcfoundation.org/UA/Plc/Applications;s=FastRandomUIntScalar2":{"Value":{"Type":7,"Body":1655860951},"SourceTimestamp":"2024-04-27T13:07:35.7539102Z","ServerTimestamp":"2024-04-27T13:07:35.7539111Z"},"nsu=http://opcfoundation.org/UA/Plc/Applications;s=FastRandomUIntScalar3":{"Value":{"Type":7,"Body":3198003907},"SourceTimestamp":"2024-04-27T13:07:35.7539123Z","ServerTimestamp":"2024-04-27T13:07:35.7539132Z"},"nsu=http://opcfoundation.org/UA/Plc/Applications;s=SpikeData":{"Value":{"Type":11,"Body":1000},"SourceTimestamp":"2024-04-27T13:07:36.5563774Z","ServerTimestamp":"2024-04-27T13:07:36.5563783Z"}}}]}