{"SequenceNumber":184,"MetaDataVersion":{"MajorVersion":1},"Timestamp":"2024-04-27T16:50:36.6198595Z","MessageType":"ua-deltaframe","DataSetWriterName":"<<UnknownDataSet>>","Payload":{"ns=23;i=1259":{"Value":{"Type":11,"Body":-1.9199999999999999},"SourceTimestamp":"2024-04-27T16:50:18.4951481Z","ServerTimestamp":"2024-04-27T16:50:36.5257611Z"},"i=2258":{"Value":{"Type":13,"Body":"2024-04-27T16:50:36.6038514Z"},"SourceTimestamp":"2024-04-27T16:50:18.4951261Z","ServerTimestamp":"2024-04-27T16:50:36.6038571Z"}}}