{"SequenceNumber":223,"MetaDataVersion":{"MajorVersion":1},"Timestamp":"2024-04-27T16:50:40.5219513Z","MessageType":"ua-deltaframe","DataSetWriterName":"<<UnknownDataSet>>","Payload":{"ns=23;i=1259":{"Value":{"Type":11,"Body":-1.1899999999999999},"SourceTimestamp":"2024-04-27T16:50:18.4951481Z","ServerTimestamp":"2024-04-27T16:50:40.4288966Z"},"i=2258":{"Value":{"Type":13,"Body":"2024-04-27T16:50:40.5057453Z"},"SourceTimestamp":"2024-04-27T16:50:18.4951261Z","ServerTimestamp":"2024-04-27T16:50:40.5057524Z"}}}