{"SequenceNumber":324,"MetaDataVersion":{"MajorVersion":1},"Timestamp":"2024-04-27T16:50:50.5133679Z","MessageType":"ua-deltaframe","DataSetWriterName":"<<UnknownDataSet>>","Payload":{"ns=23;i=1259":{"Value":{"Type":11,"Body":0.60599999999999998},"SourceTimestamp":"2024-04-27T16:50:18.4951481Z","ServerTimestamp":"2024-04-27T16:50:50.4199066Z"},"i=2258":{"Value":{"Type":13,"Body":"2024-04-27T16:50:50.4978427Z"},"SourceTimestamp":"2024-04-27T16:50:18.4951261Z","ServerTimestamp":"2024-04-27T16:50:50.4978501Z"}}}