{"SequenceNumber":346,"MetaDataVersion":{"MajorVersion":1},"Timestamp":"2024-04-27T16:50:52.5455188Z","MessageType":"ua-deltaframe","DataSetWriterName":"<<UnknownDataSet>>","Payload":{"ns=23;i=1259":{"Value":{"Type":11,"Body":0.73999999999999999},"SourceTimestamp":"2024-04-27T16:50:18.4951481Z","ServerTimestamp":"2024-04-27T16:50:52.5299124Z"},"i=2258":{"Value":{"Type":13,"Body":"2024-04-27T16:50:52.4998637Z"},"SourceTimestamp":"2024-04-27T16:50:18.4951261Z","ServerTimestamp":"2024-04-27T16:50:52.4998721Z"}}}