{"SequenceNumber":405,"MetaDataVersion":{"MajorVersion":1},"Timestamp":"2024-04-27T16:50:58.5341668Z","MessageType":"ua-deltaframe","DataSetWriterName":"<<UnknownDataSet>>","Payload":{"ns=23;i=1259":{"Value":{"Type":11,"Body":0.52900000000000003},"SourceTimestamp":"2024-04-27T16:50:18.4951481Z","ServerTimestamp":"2024-04-27T16:50:58.4244323Z"},"i=2258":{"Value":{"Type":13,"Body":"2024-04-27T16:50:58.5030891Z"},"SourceTimestamp":"2024-04-27T16:50:18.4951261Z","ServerTimestamp":"2024-04-27T16:50:58.5030945Z"}}}