{"SequenceNumber":415,"MetaDataVersion":{"MajorVersion":1},"Timestamp":"2024-04-27T16:50:59.521054Z","MessageType":"ua-deltaframe","DataSetWriterName":"<<UnknownDataSet>>","Payload":{"ns=23;i=1259":{"Value":{"Type":11,"Body":-0.69700000000000006},"SourceTimestamp":"2024-04-27T16:50:18.4951481Z","ServerTimestamp":"2024-04-27T16:50:59.4278241Z"},"i=2258":{"Value":{"Type":13,"Body":"2024-04-27T16:50:59.505076Z"},"SourceTimestamp":"2024-04-27T16:50:18.4951261Z","ServerTimestamp":"2024-04-27T16:50:59.5050816Z"}}}