{"SequenceNumber":435,"MetaDataVersion":{"MajorVersion":1},"Timestamp":"2024-04-27T16:51:01.5143617Z","MessageType":"ua-deltaframe","DataSetWriterName":"<<UnknownDataSet>>","Payload":{"ns=23;i=1259":{"Value":{"Type":11,"Body":-0.65200000000000002},"SourceTimestamp":"2024-04-27T16:50:18.4951481Z","ServerTimestamp":"2024-04-27T16:51:01.4204343Z"},"i=2258":{"Value":{"Type":13,"Body":"2024-04-27T16:51:01.4982186Z"},"SourceTimestamp":"2024-04-27T16:50:18.4951261Z","ServerTimestamp":"2024-04-27T16:51:01.4982287Z"}}}