{"SequenceNumber":72,"MetaDataVersion":{"MajorVersion":1},"Timestamp":"2024-04-27T16:50:25.5227202Z","MessageType":"ua-deltaframe","DataSetWriterName":"<<UnknownDataSet>>","Payload":{"ns=23;i=1259":{"Value":{"Type":11,"Body":0.38800000000000001},"SourceTimestamp":"2024-04-27T16:50:18.4951481Z","ServerTimestamp":"2024-04-27T16:50:25.4308303Z"},"i=2258":{"Value":{"Type":13,"Body":"2024-04-27T16:50:25.5065082Z"},"SourceTimestamp":"2024-04-27T16:50:18.4951261Z","ServerTimestamp":"2024-04-27T16:50:25.5065202Z"}}}