{"NodeId":"i=2253","EndpointUrl":"opc.tcp://localhost:61457/UA/SampleServer","DisplayName":"PendingAlarms","Value":{"EventId":{"Value":"W/4peoVlDk6fjWJ1XEZrQA==","SourceTimestamp":"2024-04-27T09:15:08.0401064Z"},"EventType":{"Value":{"Id":9764},"SourceTimestamp":"2024-04-27T09:15:08.0401064Z"},"LocalTime":{"Value":{"Offset":120,"DaylightSavingInOffset":true},"SourceTimestamp":"2024-04-27T09:15:08.0401064Z"},"Message":{"Value":"The alarm severity has increased.","SourceTimestamp":"2024-04-27T09:15:08.0401064Z"},"ReceiveTime":{"Value":"2024-04-27T09:15:07.8087147Z","SourceTimestamp":"2024-04-27T09:15:08.0401064Z"},"Severity":{"Value":300,"SourceTimestamp":"2024-04-27T09:15:08.0401064Z"},"SourceName":{"Value":"EastTank","SourceTimestamp":"2024-04-27T09:15:08.0401064Z"},"SourceNode":{"Value":{"IdType":1,"Id":"1:Colours/EastTank","Namespace":"http://opcfoundation.org/AlarmCondition"},"SourceTimestamp":"2024-04-27T09:15:08.0401064Z"},"Time":{"Value":"2024-04-27T09:15:07.8086907Z","SourceTimestamp":"2024-04-27T09:15:08.0401064Z"}}}