{"NodeId":"i=2253","EndpointUrl":"opc.tcp://localhost:61457/UA/SampleServer","DisplayName":"PendingAlarms","Value":{"EventId":{"Value":"nQcl62hswE6dpjK1er23mg==","SourceTimestamp":"2024-04-27T09:16:39.018902Z"},"EventType":{"Value":{"Id":10751},"SourceTimestamp":"2024-04-27T09:16:39.018902Z"},"LocalTime":{"Value":{"Offset":120,"DaylightSavingInOffset":true},"SourceTimestamp":"2024-04-27T09:16:39.018902Z"},"Message":{"Value":"The alarm severity has increased.","SourceTimestamp":"2024-04-27T09:16:39.018902Z"},"ReceiveTime":{"Value":"2024-04-27T09:16:38.818778Z","SourceTimestamp":"2024-04-27T09:16:39.018902Z"},"Severity":{"Value":700,"SourceTimestamp":"2024-04-27T09:16:39.018902Z"},"SourceName":{"Value":"NorthMotor","SourceTimestamp":"2024-04-27T09:16:39.018902Z"},"SourceNode":{"Value":{"IdType":1,"Id":"1:Colours/NorthMotor","Namespace":"http://opcfoundation.org/AlarmCondition"},"SourceTimestamp":"2024-04-27T09:16:39.018902Z"},"Time":{"Value":"2024-04-27T09:16:38.8186784Z","SourceTimestamp":"2024-04-27T09:16:39.018902Z"}}}