{"NodeId":"i=2253","EndpointUrl":"opc.tcp://localhost:61457/UA/SampleServer","DisplayName":"PendingAlarms","Value":{"EventId":{"Value":"WLvPmQex60uMr66HoVaijA==","SourceTimestamp":"2024-04-27T09:16:40.0152181Z"},"EventType":{"Value":{"Id":9764},"SourceTimestamp":"2024-04-27T09:16:40.0152181Z"},"LocalTime":{"Value":{"Offset":120,"DaylightSavingInOffset":true},"SourceTimestamp":"2024-04-27T09:16:40.0152181Z"},"Message":{"Value":"The alarm severity has increased.","SourceTimestamp":"2024-04-27T09:16:40.0152181Z"},"ReceiveTime":{"Value":"2024-04-27T09:16:39.8127914Z","SourceTimestamp":"2024-04-27T09:16:40.0152181Z"},"Severity":{"Value":900,"SourceTimestamp":"2024-04-27T09:16:40.0152181Z"},"SourceName":{"Value":"WestTank","SourceTimestamp":"2024-04-27T09:16:40.0152181Z"},"SourceNode":{"Value":{"IdType":1,"Id":"1:Metals/WestTank","Namespace":"http://opcfoundation.org/AlarmCondition"},"SourceTimestamp":"2024-04-27T09:16:40.0152181Z"},"Time":{"Value":"2024-04-27T09:16:39.8127881Z","SourceTimestamp":"2024-04-27T09:16:40.0152181Z"}}}