{"NodeId":"i=2253","EndpointUrl":"opc.tcp://localhost:61457/UA/SampleServer","DisplayName":"PendingAlarms","Value":{"EventId":{"Value":"7uLtXlXVqE2uzvyu1aaURg==","SourceTimestamp":"2024-04-27T09:16:43.9916336Z"},"EventType":{"Value":{"Id":10751},"SourceTimestamp":"2024-04-27T09:16:43.9916336Z"},"LocalTime":{"Value":{"Offset":120,"DaylightSavingInOffset":true},"SourceTimestamp":"2024-04-27T09:16:43.9916336Z"},"Message":{"Value":"The alarm severity has increased.","SourceTimestamp":"2024-04-27T09:16:43.9916336Z"},"ReceiveTime":{"Value":"2024-04-27T09:16:43.8095865Z","SourceTimestamp":"2024-04-27T09:16:43.9916336Z"},"Severity":{"Value":300,"SourceTimestamp":"2024-04-27T09:16:43.9916336Z"},"SourceName":{"Value":"WestTank","SourceTimestamp":"2024-04-27T09:16:43.9916336Z"},"SourceNode":{"Value":{"IdType":1,"Id":"1:Metals/WestTank","Namespace":"http://opcfoundation.org/AlarmCondition"},"SourceTimestamp":"2024-04-27T09:16:43.9916336Z"},"Time":{"Value":"2024-04-27T09:16:43.8095775Z","SourceTimestamp":"2024-04-27T09:16:43.9916336Z"}}}