{"NodeId":"i=2253","EndpointUrl":"opc.tcp://localhost:61457/UA/SampleServer","DisplayName":"PendingAlarms","Value":{"EventId":{"Value":"stqGX0GwTkub95LqROkwBg==","SourceTimestamp":"2024-04-27T09:16:48.0184645Z"},"EventType":{"Value":{"Id":10060},"SourceTimestamp":"2024-04-27T09:16:48.0184645Z"},"LocalTime":{"Value":{"Offset":120,"DaylightSavingInOffset":true},"SourceTimestamp":"2024-04-27T09:16:48.0184645Z"},"Message":{"Value":"The alarm is active.","SourceTimestamp":"2024-04-27T09:16:48.0184645Z"},"ReceiveTime":{"Value":"2024-04-27T09:16:47.8173039Z","SourceTimestamp":"2024-04-27T09:16:48.0184645Z"},"Severity":{"Value":100,"SourceTimestamp":"2024-04-27T09:16:48.0184645Z"},"SourceName":{"Value":"EastTank","SourceTimestamp":"2024-04-27T09:16:48.0184645Z"},"SourceNode":{"Value":{"IdType":1,"Id":"1:Colours/EastTank","Namespace":"http://opcfoundation.org/AlarmCondition"},"SourceTimestamp":"2024-04-27T09:16:48.0184645Z"},"Time":{"Value":"2024-04-27T09:16:47.8172856Z","SourceTimestamp":"2024-04-27T09:16:48.0184645Z"}}}