{"NodeId":"i=2253","EndpointUrl":"opc.tcp://localhost:61457/UA/SampleServer","DisplayName":"PendingAlarms","Value":{"EventId":{"Value":"rdoKmQOksEaFt0B9kD+whg==","SourceTimestamp":"2024-04-27T09:16:48.0184645Z"},"EventType":{"Value":{"Id":10751},"SourceTimestamp":"2024-04-27T09:16:48.0184645Z"},"LocalTime":{"Value":{"Offset":120,"DaylightSavingInOffset":true},"SourceTimestamp":"2024-04-27T09:16:48.0184645Z"},"Message":{"Value":"The alarm is active.","SourceTimestamp":"2024-04-27T09:16:48.0184645Z"},"ReceiveTime":{"Value":"2024-04-27T09:16:47.8176497Z","SourceTimestamp":"2024-04-27T09:16:48.0184645Z"},"Severity":{"Value":100,"SourceTimestamp":"2024-04-27T09:16:48.0184645Z"},"SourceName":{"Value":"SouthMotor","SourceTimestamp":"2024-04-27T09:16:48.0184645Z"},"SourceNode":{"Value":{"IdType":1,"Id":"1:Metals/SouthMotor","Namespace":"http://opcfoundation.org/AlarmCondition"},"SourceTimestamp":"2024-04-27T09:16:48.0184645Z"},"Time":{"Value":"2024-04-27T09:16:47.8176433Z","SourceTimestamp":"2024-04-27T09:16:48.0184645Z"}}}