{"NodeId":"i=2253","EndpointUrl":"opc.tcp://localhost:61457/UA/SampleServer","DisplayName":"PendingAlarms","Value":{"EventId":{"Value":"afZPLbaYIkq6LK23eNlDew==","SourceTimestamp":"2024-04-27T09:15:15.9894818Z"},"EventType":{"Value":{"Id":10060},"SourceTimestamp":"2024-04-27T09:15:15.9894818Z"},"LocalTime":{"Value":{"Offset":120,"DaylightSavingInOffset":true},"SourceTimestamp":"2024-04-27T09:15:15.9894818Z"},"Message":{"Value":"The alarm severity has increased.","SourceTimestamp":"2024-04-27T09:15:15.9894818Z"},"ReceiveTime":{"Value":"2024-04-27T09:15:15.8068288Z","SourceTimestamp":"2024-04-27T09:15:15.9894818Z"},"Severity":{"Value":500,"SourceTimestamp":"2024-04-27T09:15:15.9894818Z"},"SourceName":{"Value":"SouthMotor","SourceTimestamp":"2024-04-27T09:15:15.9894818Z"},"SourceNode":{"Value":{"IdType":1,"Id":"1:Metals/SouthMotor","Namespace":"http://opcfoundation.org/AlarmCondition"},"SourceTimestamp":"2024-04-27T09:15:15.9894818Z"},"Time":{"Value":"2024-04-27T09:15:15.8068256Z","SourceTimestamp":"2024-04-27T09:15:15.9894818Z"}}}