{"NodeId":"i=2253","EndpointUrl":"opc.tcp://localhost:61457/UA/SampleServer","DisplayName":"PendingAlarms","Value":{"EventId":{"Value":"1S5N49XDrk+npWpohHWYcQ==","SourceTimestamp":"2024-04-27T09:15:18.0371725Z"},"EventType":{"Value":{"Id":10060},"SourceTimestamp":"2024-04-27T09:15:18.0371725Z"},"LocalTime":{"Value":{"Offset":120,"DaylightSavingInOffset":true},"SourceTimestamp":"2024-04-27T09:15:18.0371725Z"},"Message":{"Value":"The alarm severity has increased.","SourceTimestamp":"2024-04-27T09:15:18.0371725Z"},"ReceiveTime":{"Value":"2024-04-27T09:15:17.8047176Z","SourceTimestamp":"2024-04-27T09:15:18.0371725Z"},"Severity":{"Value":500,"SourceTimestamp":"2024-04-27T09:15:18.0371725Z"},"SourceName":{"Value":"EastTank","SourceTimestamp":"2024-04-27T09:15:18.0371725Z"},"SourceNode":{"Value":{"IdType":1,"Id":"1:Colours/EastTank","Namespace":"http://opcfoundation.org/AlarmCondition"},"SourceTimestamp":"2024-04-27T09:15:18.0371725Z"},"Time":{"Value":"2024-04-27T09:15:17.8047038Z","SourceTimestamp":"2024-04-27T09:15:18.0371725Z"}}}