{"NodeId":"i=2253","EndpointUrl":"opc.tcp://localhost:61457/UA/SampleServer","DisplayName":"PendingAlarms","Value":{"EventId":{"Value":"w6ZWzqnAP02r26qLargLCA==","SourceTimestamp":"2024-04-27T09:15:20.0146096Z"},"EventType":{"Value":{"Id":10751},"SourceTimestamp":"2024-04-27T09:15:20.0146096Z"},"LocalTime":{"Value":{"Offset":120,"DaylightSavingInOffset":true},"SourceTimestamp":"2024-04-27T09:15:20.0146096Z"},"Message":{"Value":"The alarm severity has increased.","SourceTimestamp":"2024-04-27T09:15:20.0146096Z"},"ReceiveTime":{"Value":"2024-04-27T09:15:19.8155517Z","SourceTimestamp":"2024-04-27T09:15:20.0146096Z"},"Severity":{"Value":500,"SourceTimestamp":"2024-04-27T09:15:20.0146096Z"},"SourceName":{"Value":"EastTank","SourceTimestamp":"2024-04-27T09:15:20.0146096Z"},"SourceNode":{"Value":{"IdType":1,"Id":"1:Colours/EastTank","Namespace":"http://opcfoundation.org/AlarmCondition"},"SourceTimestamp":"2024-04-27T09:15:20.0146096Z"},"Time":{"Value":"2024-04-27T09:15:19.8155389Z","SourceTimestamp":"2024-04-27T09:15:20.0146096Z"}}}