{"NodeId":"i=2253","EndpointUrl":"opc.tcp://localhost:61457/UA/SampleServer","DisplayName":"PendingAlarms","Value":{"EventId":{"Value":"3Gll+LQyy06YAykXn8bghQ==","SourceTimestamp":"2024-04-27T09:15:08.0401064Z"},"EventType":{"Value":{"Id":10751},"SourceTimestamp":"2024-04-27T09:15:08.0401064Z"},"LocalTime":{"Value":{"Offset":120,"DaylightSavingInOffset":true},"SourceTimestamp":"2024-04-27T09:15:08.0401064Z"},"Message":{"Value":"The alarm severity has increased.","SourceTimestamp":"2024-04-27T09:15:08.0401064Z"},"ReceiveTime":{"Value":"2024-04-27T09:15:07.8108746Z","SourceTimestamp":"2024-04-27T09:15:08.0401064Z"},"Severity":{"Value":300,"SourceTimestamp":"2024-04-27T09:15:08.0401064Z"},"SourceName":{"Value":"WestTank","SourceTimestamp":"2024-04-27T09:15:08.0401064Z"},"SourceNode":{"Value":{"IdType":1,"Id":"1:Metals/WestTank","Namespace":"http://opcfoundation.org/AlarmCondition"},"SourceTimestamp":"2024-04-27T09:15:08.0401064Z"},"Time":{"Value":"2024-04-27T09:15:07.8108669Z","SourceTimestamp":"2024-04-27T09:15:08.0401064Z"}}}