{"NodeId":"i=2253","EndpointUrl":"opc.tcp://localhost:61457/UA/SampleServer","DisplayName":"PendingAlarms","Value":{"EventId":{"Value":"1EACjFm1OUuyYgyK+8paaA==","SourceTimestamp":"2024-04-27T09:15:26.9935178Z"},"EventType":{"Value":{"Id":10060},"SourceTimestamp":"2024-04-27T09:15:26.9935178Z"},"LocalTime":{"Value":{"Offset":120,"DaylightSavingInOffset":true},"SourceTimestamp":"2024-04-27T09:15:26.9935178Z"},"Message":{"Value":"The alarm severity has increased.","SourceTimestamp":"2024-04-27T09:15:26.9935178Z"},"ReceiveTime":{"Value":"2024-04-27T09:15:26.8107352Z","SourceTimestamp":"2024-04-27T09:15:26.9935178Z"},"Severity":{"Value":700,"SourceTimestamp":"2024-04-27T09:15:26.9935178Z"},"SourceName":{"Value":"EastTank","SourceTimestamp":"2024-04-27T09:15:26.9935178Z"},"SourceNode":{"Value":{"IdType":1,"Id":"1:Colours/EastTank","Namespace":"http://opcfoundation.org/AlarmCondition"},"SourceTimestamp":"2024-04-27T09:15:26.9935178Z"},"Time":{"Value":"2024-04-27T09:15:26.8107127Z","SourceTimestamp":"2024-04-27T09:15:26.9935178Z"}}}