{"NodeId":"i=2253","EndpointUrl":"opc.tcp://localhost:61457/UA/SampleServer","DisplayName":"PendingAlarms","Value":{"EventId":{"Value":"thxjlbXEvE2bXxLJS60qyQ==","SourceTimestamp":"2024-04-27T09:15:26.9935178Z"},"EventType":{"Value":{"Id":9764},"SourceTimestamp":"2024-04-27T09:15:26.9935178Z"},"LocalTime":{"Value":{"Offset":120,"DaylightSavingInOffset":true},"SourceTimestamp":"2024-04-27T09:15:26.9935178Z"},"Message":{"Value":"The alarm severity has increased.","SourceTimestamp":"2024-04-27T09:15:26.9935178Z"},"ReceiveTime":{"Value":"2024-04-27T09:15:26.811194Z","SourceTimestamp":"2024-04-27T09:15:26.9935178Z"},"Severity":{"Value":700,"SourceTimestamp":"2024-04-27T09:15:26.9935178Z"},"SourceName":{"Value":"NorthMotor","SourceTimestamp":"2024-04-27T09:15:26.9935178Z"},"SourceNode":{"Value":{"IdType":1,"Id":"1:Colours/NorthMotor","Namespace":"http://opcfoundation.org/AlarmCondition"},"SourceTimestamp":"2024-04-27T09:15:26.9935178Z"},"Time":{"Value":"2024-04-27T09:15:26.8111826Z","SourceTimestamp":"2024-04-27T09:15:26.9935178Z"}}}