{"NodeId":"i=2253","EndpointUrl":"opc.tcp://localhost:61457/UA/SampleServer","DisplayName":"PendingAlarms","Value":{"EventId":{"Value":"tfd6RYT2Hk6DLv+ZB1O87w==","SourceTimestamp":"2024-04-27T09:15:30.0094285Z"},"EventType":{"Value":{"Id":10751},"SourceTimestamp":"2024-04-27T09:15:30.0094285Z"},"LocalTime":{"Value":{"Offset":120,"DaylightSavingInOffset":true},"SourceTimestamp":"2024-04-27T09:15:30.0094285Z"},"Message":{"Value":"The alarm severity has increased.","SourceTimestamp":"2024-04-27T09:15:30.0094285Z"},"ReceiveTime":{"Value":"2024-04-27T09:15:29.8090269Z","SourceTimestamp":"2024-04-27T09:15:30.0094285Z"},"Severity":{"Value":700,"SourceTimestamp":"2024-04-27T09:15:30.0094285Z"},"SourceName":{"Value":"EastTank","SourceTimestamp":"2024-04-27T09:15:30.0094285Z"},"SourceNode":{"Value":{"IdType":1,"Id":"1:Colours/EastTank","Namespace":"http://opcfoundation.org/AlarmCondition"},"SourceTimestamp":"2024-04-27T09:15:30.0094285Z"},"Time":{"Value":"2024-04-27T09:15:29.8089995Z","SourceTimestamp":"2024-04-27T09:15:30.0094285Z"}}}