{"NodeId":"i=2253","EndpointUrl":"opc.tcp://localhost:61457/UA/SampleServer","DisplayName":"PendingAlarms","Value":{"EventId":{"Value":"AqgBXl4mJkKNAwho5dIBGQ==","SourceTimestamp":"2024-04-27T09:15:30.0094285Z"},"EventType":{"Value":{"Id":9764},"SourceTimestamp":"2024-04-27T09:15:30.0094285Z"},"LocalTime":{"Value":{"Offset":120,"DaylightSavingInOffset":true},"SourceTimestamp":"2024-04-27T09:15:30.0094285Z"},"Message":{"Value":"The alarm severity has increased.","SourceTimestamp":"2024-04-27T09:15:30.0094285Z"},"ReceiveTime":{"Value":"2024-04-27T09:15:29.8094454Z","SourceTimestamp":"2024-04-27T09:15:30.0094285Z"},"Severity":{"Value":700,"SourceTimestamp":"2024-04-27T09:15:30.0094285Z"},"SourceName":{"Value":"WestTank","SourceTimestamp":"2024-04-27T09:15:30.0094285Z"},"SourceNode":{"Value":{"IdType":1,"Id":"1:Metals/WestTank","Namespace":"http://opcfoundation.org/AlarmCondition"},"SourceTimestamp":"2024-04-27T09:15:30.0094285Z"},"Time":{"Value":"2024-04-27T09:15:29.809442Z","SourceTimestamp":"2024-04-27T09:15:30.0094285Z"}}}