{"NodeId":"i=2253","EndpointUrl":"opc.tcp://localhost:61457/UA/SampleServer","DisplayName":"PendingAlarms","Value":{"EventId":{"Value":"tFzhOPGntECWcjez3JLBow==","SourceTimestamp":"2024-04-27T09:15:40.0363476Z"},"EventType":{"Value":{"Id":9764},"SourceTimestamp":"2024-04-27T09:15:40.0363476Z"},"LocalTime":{"Value":{"Offset":120,"DaylightSavingInOffset":true},"SourceTimestamp":"2024-04-27T09:15:40.0363476Z"},"Message":{"Value":"The alarm was deactivated by the system.","SourceTimestamp":"2024-04-27T09:15:40.0363476Z"},"ReceiveTime":{"Value":"2024-04-27T09:15:39.8054527Z","SourceTimestamp":"2024-04-27T09:15:40.0363476Z"},"Severity":{"Value":100,"SourceTimestamp":"2024-04-27T09:15:40.0363476Z"},"SourceName":{"Value":"EastTank","SourceTimestamp":"2024-04-27T09:15:40.0363476Z"},"SourceNode":{"Value":{"IdType":1,"Id":"1:Colours/EastTank","Namespace":"http://opcfoundation.org/AlarmCondition"},"SourceTimestamp":"2024-04-27T09:15:40.0363476Z"},"Time":{"Value":"2024-04-27T09:15:39.8054294Z","SourceTimestamp":"2024-04-27T09:15:40.0363476Z"}}}