{"NodeId":"i=2253","EndpointUrl":"opc.tcp://localhost:61457/UA/SampleServer","DisplayName":"PendingAlarms","Value":{"EventId":{"Value":"Sy1UNGVRhECmrXhiHOuiyg==","SourceTimestamp":"2024-04-27T09:15:36.0109336Z"},"EventType":{"Value":{"Id":10060},"SourceTimestamp":"2024-04-27T09:15:36.0109336Z"},"LocalTime":{"Value":{"Offset":120,"DaylightSavingInOffset":true},"SourceTimestamp":"2024-04-27T09:15:36.0109336Z"},"Message":{"Value":"The alarm severity has increased.","SourceTimestamp":"2024-04-27T09:15:36.0109336Z"},"ReceiveTime":{"Value":"2024-04-27T09:15:35.8101648Z","SourceTimestamp":"2024-04-27T09:15:36.0109336Z"},"Severity":{"Value":900,"SourceTimestamp":"2024-04-27T09:15:36.0109336Z"},"SourceName":{"Value":"EastTank","SourceTimestamp":"2024-04-27T09:15:36.0109336Z"},"SourceNode":{"Value":{"IdType":1,"Id":"1:Colours/EastTank","Namespace":"http://opcfoundation.org/AlarmCondition"},"SourceTimestamp":"2024-04-27T09:15:36.0109336Z"},"Time":{"Value":"2024-04-27T09:15:35.810135Z","SourceTimestamp":"2024-04-27T09:15:36.0109336Z"}}}