{"NodeId":"i=2253","EndpointUrl":"opc.tcp://localhost:61457/UA/SampleServer","DisplayName":"PendingAlarms","Value":{"EventId":{"Value":"SoUPZlsqm0aEe9jNjeJ8ug==","SourceTimestamp":"2024-04-27T09:15:33.0412453Z"},"EventType":{"Value":{"Id":9764},"SourceTimestamp":"2024-04-27T09:15:33.0412453Z"},"LocalTime":{"Value":{"Offset":120,"DaylightSavingInOffset":true},"SourceTimestamp":"2024-04-27T09:15:33.0412453Z"},"Message":{"Value":"The alarm severity has increased.","SourceTimestamp":"2024-04-27T09:15:33.0412453Z"},"ReceiveTime":{"Value":"2024-04-27T09:15:32.8105423Z","SourceTimestamp":"2024-04-27T09:15:33.0412453Z"},"Severity":{"Value":700,"SourceTimestamp":"2024-04-27T09:15:33.0412453Z"},"SourceName":{"Value":"SouthMotor","SourceTimestamp":"2024-04-27T09:15:33.0412453Z"},"SourceNode":{"Value":{"IdType":1,"Id":"1:Metals/SouthMotor","Namespace":"http://opcfoundation.org/AlarmCondition"},"SourceTimestamp":"2024-04-27T09:15:33.0412453Z"},"Time":{"Value":"2024-04-27T09:15:32.8105377Z","SourceTimestamp":"2024-04-27T09:15:33.0412453Z"}}}