{"NodeId":"i=2253","EndpointUrl":"opc.tcp://localhost:61457/UA/SampleServer","DisplayName":"PendingAlarms","Value":{"EventId":{"Value":"pnP1Qx3CaUKKNI5AiB03UA==","SourceTimestamp":"2024-04-27T09:15:55.9924022Z"},"EventType":{"Value":{"Id":9764},"SourceTimestamp":"2024-04-27T09:15:55.9924022Z"},"LocalTime":{"Value":{"Offset":120,"DaylightSavingInOffset":true},"SourceTimestamp":"2024-04-27T09:15:55.9924022Z"},"Message":{"Value":"The alarm severity has increased.","SourceTimestamp":"2024-04-27T09:15:55.9924022Z"},"ReceiveTime":{"Value":"2024-04-27T09:15:55.8052695Z","SourceTimestamp":"2024-04-27T09:15:55.9924022Z"},"Severity":{"Value":300,"SourceTimestamp":"2024-04-27T09:15:55.9924022Z"},"SourceName":{"Value":"EastTank","SourceTimestamp":"2024-04-27T09:15:55.9924022Z"},"SourceNode":{"Value":{"IdType":1,"Id":"1:Colours/EastTank","Namespace":"http://opcfoundation.org/AlarmCondition"},"SourceTimestamp":"2024-04-27T09:15:55.9924022Z"},"Time":{"Value":"2024-04-27T09:15:55.8052542Z","SourceTimestamp":"2024-04-27T09:15:55.9924022Z"}}}