{"NodeId":"i=2253","EndpointUrl":"opc.tcp://localhost:61457/UA/SampleServer","DisplayName":"PendingAlarms","Value":{"EventId":{"Value":"f6pTWJybRkquCbpEtoWHig==","SourceTimestamp":"2024-04-27T09:15:54.0118381Z"},"EventType":{"Value":{"Id":10751},"SourceTimestamp":"2024-04-27T09:15:54.0118381Z"},"LocalTime":{"Value":{"Offset":120,"DaylightSavingInOffset":true},"SourceTimestamp":"2024-04-27T09:15:54.0118381Z"},"Message":{"Value":"The alarm is active.","SourceTimestamp":"2024-04-27T09:15:54.0118381Z"},"ReceiveTime":{"Value":"2024-04-27T09:15:53.8092991Z","SourceTimestamp":"2024-04-27T09:15:54.0118381Z"},"Severity":{"Value":100,"SourceTimestamp":"2024-04-27T09:15:54.0118381Z"},"SourceName":{"Value":"SouthMotor","SourceTimestamp":"2024-04-27T09:15:54.0118381Z"},"SourceNode":{"Value":{"IdType":1,"Id":"1:Metals/SouthMotor","Namespace":"http://opcfoundation.org/AlarmCondition"},"SourceTimestamp":"2024-04-27T09:15:54.0118381Z"},"Time":{"Value":"2024-04-27T09:15:53.8092956Z","SourceTimestamp":"2024-04-27T09:15:54.0118381Z"}}}