{"NodeId":"i=2253","EndpointUrl":"opc.tcp://localhost:61457/UA/SampleServer","DisplayName":"PendingAlarms","Value":{"EventId":{"Value":"Z21q9x/kTUK/+puzv+wj2A==","SourceTimestamp":"2024-04-27T09:16:00.0199643Z"},"EventType":{"Value":{"Id":10060},"SourceTimestamp":"2024-04-27T09:16:00.0199643Z"},"LocalTime":{"Value":{"Offset":120,"DaylightSavingInOffset":true},"SourceTimestamp":"2024-04-27T09:16:00.0199643Z"},"Message":{"Value":"The alarm is active.","SourceTimestamp":"2024-04-27T09:16:00.0199643Z"},"ReceiveTime":{"Value":"2024-04-27T09:15:59.8045088Z","SourceTimestamp":"2024-04-27T09:16:00.0199643Z"},"Severity":{"Value":100,"SourceTimestamp":"2024-04-27T09:16:00.0199643Z"},"SourceName":{"Value":"NorthMotor","SourceTimestamp":"2024-04-27T09:16:00.0199643Z"},"SourceNode":{"Value":{"IdType":1,"Id":"1:Colours/NorthMotor","Namespace":"http://opcfoundation.org/AlarmCondition"},"SourceTimestamp":"2024-04-27T09:16:00.0199643Z"},"Time":{"Value":"2024-04-27T09:15:59.804502Z","SourceTimestamp":"2024-04-27T09:16:00.0199643Z"}}}