{"NodeId":"i=2253","EndpointUrl":"opc.tcp://localhost:61457/UA/SampleServer","DisplayName":"PendingAlarms","Value":{"EventId":{"Value":"O82drV6FU06f0uSv30VOUg==","SourceTimestamp":"2024-04-27T09:16:02.9908849Z"},"EventType":{"Value":{"Id":10751},"SourceTimestamp":"2024-04-27T09:16:02.9908849Z"},"LocalTime":{"Value":{"Offset":120,"DaylightSavingInOffset":true},"SourceTimestamp":"2024-04-27T09:16:02.9908849Z"},"Message":{"Value":"The alarm severity has increased.","SourceTimestamp":"2024-04-27T09:16:02.9908849Z"},"ReceiveTime":{"Value":"2024-04-27T09:16:02.8056587Z","SourceTimestamp":"2024-04-27T09:16:02.9908849Z"},"Severity":{"Value":300,"SourceTimestamp":"2024-04-27T09:16:02.9908849Z"},"SourceName":{"Value":"SouthMotor","SourceTimestamp":"2024-04-27T09:16:02.9908849Z"},"SourceNode":{"Value":{"IdType":1,"Id":"1:Metals/SouthMotor","Namespace":"http://opcfoundation.org/AlarmCondition"},"SourceTimestamp":"2024-04-27T09:16:02.9908849Z"},"Time":{"Value":"2024-04-27T09:16:02.805655Z","SourceTimestamp":"2024-04-27T09:16:02.9908849Z"}}}