{"NodeId":"i=2253","EndpointUrl":"opc.tcp://localhost:61457/UA/SampleServer","DisplayName":"PendingAlarms","Value":{"EventId":{"Value":"8O9QteNFMkWe6sAaq/w7tw==","SourceTimestamp":"2024-04-27T09:16:10.0462499Z"},"EventType":{"Value":{"Id":10060},"SourceTimestamp":"2024-04-27T09:16:10.0462499Z"},"LocalTime":{"Value":{"Offset":120,"DaylightSavingInOffset":true},"SourceTimestamp":"2024-04-27T09:16:10.0462499Z"},"Message":{"Value":"The alarm severity has increased.","SourceTimestamp":"2024-04-27T09:16:10.0462499Z"},"ReceiveTime":{"Value":"2024-04-27T09:16:09.8139676Z","SourceTimestamp":"2024-04-27T09:16:10.0462499Z"},"Severity":{"Value":300,"SourceTimestamp":"2024-04-27T09:16:10.0462499Z"},"SourceName":{"Value":"NorthMotor","SourceTimestamp":"2024-04-27T09:16:10.0462499Z"},"SourceNode":{"Value":{"IdType":1,"Id":"1:Colours/NorthMotor","Namespace":"http://opcfoundation.org/AlarmCondition"},"SourceTimestamp":"2024-04-27T09:16:10.0462499Z"},"Time":{"Value":"2024-04-27T09:16:09.8139607Z","SourceTimestamp":"2024-04-27T09:16:10.0462499Z"}}}