{"NodeId":"i=2253","EndpointUrl":"opc.tcp://localhost:61457/UA/SampleServer","DisplayName":"PendingAlarms","Value":{"EventId":{"Value":"tsq3ijSYo0uFEcF0i503GQ==","SourceTimestamp":"2024-04-27T09:16:10.0462499Z"},"EventType":{"Value":{"Id":10751},"SourceTimestamp":"2024-04-27T09:16:10.0462499Z"},"LocalTime":{"Value":{"Offset":120,"DaylightSavingInOffset":true},"SourceTimestamp":"2024-04-27T09:16:10.0462499Z"},"Message":{"Value":"The alarm severity has increased.","SourceTimestamp":"2024-04-27T09:16:10.0462499Z"},"ReceiveTime":{"Value":"2024-04-27T09:16:09.8137384Z","SourceTimestamp":"2024-04-27T09:16:10.0462499Z"},"Severity":{"Value":300,"SourceTimestamp":"2024-04-27T09:16:10.0462499Z"},"SourceName":{"Value":"EastTank","SourceTimestamp":"2024-04-27T09:16:10.0462499Z"},"SourceNode":{"Value":{"IdType":1,"Id":"1:Colours/EastTank","Namespace":"http://opcfoundation.org/AlarmCondition"},"SourceTimestamp":"2024-04-27T09:16:10.0462499Z"},"Time":{"Value":"2024-04-27T09:16:09.813725Z","SourceTimestamp":"2024-04-27T09:16:10.0462499Z"}}}