{"NodeId":"i=2253","EndpointUrl":"opc.tcp://localhost:61457/UA/SampleServer","DisplayName":"PendingAlarms","Value":{"EventId":{"Value":"ep1Thkqfzky6Rg0bQUsOwA==","SourceTimestamp":"2024-04-27T09:16:06.0197561Z"},"EventType":{"Value":{"Id":9764},"SourceTimestamp":"2024-04-27T09:16:06.0197561Z"},"LocalTime":{"Value":{"Offset":120,"DaylightSavingInOffset":true},"SourceTimestamp":"2024-04-27T09:16:06.0197561Z"},"Message":{"Value":"The alarm is active.","SourceTimestamp":"2024-04-27T09:16:06.0197561Z"},"ReceiveTime":{"Value":"2024-04-27T09:16:05.8058382Z","SourceTimestamp":"2024-04-27T09:16:06.0197561Z"},"Severity":{"Value":100,"SourceTimestamp":"2024-04-27T09:16:06.0197561Z"},"SourceName":{"Value":"SouthMotor","SourceTimestamp":"2024-04-27T09:16:06.0197561Z"},"SourceNode":{"Value":{"IdType":1,"Id":"1:Metals/SouthMotor","Namespace":"http://opcfoundation.org/AlarmCondition"},"SourceTimestamp":"2024-04-27T09:16:06.0197561Z"},"Time":{"Value":"2024-04-27T09:16:05.8058344Z","SourceTimestamp":"2024-04-27T09:16:06.0197561Z"}}}