{"NodeId":"i=2253","EndpointUrl":"opc.tcp://localhost:61457/UA/SampleServer","DisplayName":"PendingAlarms","Value":{"EventId":{"Value":"KPEkhm+mvEWRz+JLqDi9fQ==","SourceTimestamp":"2024-04-27T09:16:19.9994679Z"},"EventType":{"Value":{"Id":9764},"SourceTimestamp":"2024-04-27T09:16:19.9994679Z"},"LocalTime":{"Value":{"Offset":120,"DaylightSavingInOffset":true},"SourceTimestamp":"2024-04-27T09:16:19.9994679Z"},"Message":{"Value":"The alarm severity has increased.","SourceTimestamp":"2024-04-27T09:16:19.9994679Z"},"ReceiveTime":{"Value":"2024-04-27T09:16:19.8145354Z","SourceTimestamp":"2024-04-27T09:16:19.9994679Z"},"Severity":{"Value":900,"SourceTimestamp":"2024-04-27T09:16:19.9994679Z"},"SourceName":{"Value":"EastTank","SourceTimestamp":"2024-04-27T09:16:19.9994679Z"},"SourceNode":{"Value":{"IdType":1,"Id":"1:Colours/EastTank","Namespace":"http://opcfoundation.org/AlarmCondition"},"SourceTimestamp":"2024-04-27T09:16:19.9994679Z"},"Time":{"Value":"2024-04-27T09:16:19.8145204Z","SourceTimestamp":"2024-04-27T09:16:19.9994679Z"}}}