{"NodeId":"i=2253","EndpointUrl":"opc.tcp://localhost:61457/UA/SampleServer","DisplayName":"PendingAlarms","Value":{"EventId":{"Value":"2pjR/a8oekC7r36G5iX2pA==","SourceTimestamp":"2024-04-27T09:16:17.0318349Z"},"EventType":{"Value":{"Id":10060},"SourceTimestamp":"2024-04-27T09:16:17.0318349Z"},"LocalTime":{"Value":{"Offset":120,"DaylightSavingInOffset":true},"SourceTimestamp":"2024-04-27T09:16:17.0318349Z"},"Message":{"Value":"The alarm severity has increased.","SourceTimestamp":"2024-04-27T09:16:17.0318349Z"},"ReceiveTime":{"Value":"2024-04-27T09:16:16.8155764Z","SourceTimestamp":"2024-04-27T09:16:17.0318349Z"},"Severity":{"Value":300,"SourceTimestamp":"2024-04-27T09:16:17.0318349Z"},"SourceName":{"Value":"WestTank","SourceTimestamp":"2024-04-27T09:16:17.0318349Z"},"SourceNode":{"Value":{"IdType":1,"Id":"1:Metals/WestTank","Namespace":"http://opcfoundation.org/AlarmCondition"},"SourceTimestamp":"2024-04-27T09:16:17.0318349Z"},"Time":{"Value":"2024-04-27T09:16:16.8155708Z","SourceTimestamp":"2024-04-27T09:16:17.0318349Z"}}}