{"NodeId":"i=2253","EndpointUrl":"opc.tcp://localhost:61457/UA/SampleServer","DisplayName":"PendingAlarms","Value":{"EventId":{"Value":"tNFci8IKb0OMCOXDgR5lSA==","SourceTimestamp":"2024-04-27T09:16:19.9994679Z"},"EventType":{"Value":{"Id":10751},"SourceTimestamp":"2024-04-27T09:16:19.9994679Z"},"LocalTime":{"Value":{"Offset":120,"DaylightSavingInOffset":true},"SourceTimestamp":"2024-04-27T09:16:19.9994679Z"},"Message":{"Value":"The alarm severity has increased.","SourceTimestamp":"2024-04-27T09:16:19.9994679Z"},"ReceiveTime":{"Value":"2024-04-27T09:16:19.8148153Z","SourceTimestamp":"2024-04-27T09:16:19.9994679Z"},"Severity":{"Value":500,"SourceTimestamp":"2024-04-27T09:16:19.9994679Z"},"SourceName":{"Value":"EastTank","SourceTimestamp":"2024-04-27T09:16:19.9994679Z"},"SourceNode":{"Value":{"IdType":1,"Id":"1:Colours/EastTank","Namespace":"http://opcfoundation.org/AlarmCondition"},"SourceTimestamp":"2024-04-27T09:16:19.9994679Z"},"Time":{"Value":"2024-04-27T09:16:19.8145238Z","SourceTimestamp":"2024-04-27T09:16:19.9994679Z"}}}