{"NodeId":"i=2253","EndpointUrl":"opc.tcp://localhost:61457/UA/SampleServer","DisplayName":"PendingAlarms","Value":{"EventId":{"Value":"uoMIc+j3SEaZoqk6ujDLdw==","SourceTimestamp":"2024-04-27T09:16:28.015501Z"},"EventType":{"Value":{"Id":9764},"SourceTimestamp":"2024-04-27T09:16:28.015501Z"},"LocalTime":{"Value":{"Offset":120,"DaylightSavingInOffset":true},"SourceTimestamp":"2024-04-27T09:16:28.015501Z"},"Message":{"Value":"The alarm was deactivated by the system.","SourceTimestamp":"2024-04-27T09:16:28.015501Z"},"ReceiveTime":{"Value":"2024-04-27T09:16:27.8141546Z","SourceTimestamp":"2024-04-27T09:16:28.015501Z"},"Severity":{"Value":100,"SourceTimestamp":"2024-04-27T09:16:28.015501Z"},"SourceName":{"Value":"EastTank","SourceTimestamp":"2024-04-27T09:16:28.015501Z"},"SourceNode":{"Value":{"IdType":1,"Id":"1:Colours/EastTank","Namespace":"http://opcfoundation.org/AlarmCondition"},"SourceTimestamp":"2024-04-27T09:16:28.015501Z"},"Time":{"Value":"2024-04-27T09:16:27.8141282Z","SourceTimestamp":"2024-04-27T09:16:28.015501Z"}}}