{"NodeId":"i=2253","EndpointUrl":"opc.tcp://localhost:61457/UA/SampleServer","DisplayName":"PendingAlarms","Value":{"EventId":{"Value":"4TSzeEJDokOq2HdnDBSl0g==","SourceTimestamp":"2024-04-27T09:16:28.015501Z"},"EventType":{"Value":{"Id":10751},"SourceTimestamp":"2024-04-27T09:16:28.015501Z"},"LocalTime":{"Value":{"Offset":120,"DaylightSavingInOffset":true},"SourceTimestamp":"2024-04-27T09:16:28.015501Z"},"Message":{"Value":"The alarm severity has increased.","SourceTimestamp":"2024-04-27T09:16:28.015501Z"},"ReceiveTime":{"Value":"2024-04-27T09:16:27.8143764Z","SourceTimestamp":"2024-04-27T09:16:28.015501Z"},"Severity":{"Value":500,"SourceTimestamp":"2024-04-27T09:16:28.015501Z"},"SourceName":{"Value":"NorthMotor","SourceTimestamp":"2024-04-27T09:16:28.015501Z"},"SourceNode":{"Value":{"IdType":1,"Id":"1:Colours/NorthMotor","Namespace":"http://opcfoundation.org/AlarmCondition"},"SourceTimestamp":"2024-04-27T09:16:28.015501Z"},"Time":{"Value":"2024-04-27T09:16:27.81437Z","SourceTimestamp":"2024-04-27T09:16:28.015501Z"}}}