{"NodeId":"i=2253","EndpointUrl":"opc.tcp://localhost:61457/UA/SampleServer","DisplayName":"PendingAlarms","Value":{"EventId":{"Value":"x3X3ph654ESwrWbnmUxUPQ==","SourceTimestamp":"2024-04-27T09:16:29.9953588Z"},"EventType":{"Value":{"Id":9764},"SourceTimestamp":"2024-04-27T09:16:29.9953588Z"},"LocalTime":{"Value":{"Offset":120,"DaylightSavingInOffset":true},"SourceTimestamp":"2024-04-27T09:16:29.9953588Z"},"Message":{"Value":"The alarm severity has increased.","SourceTimestamp":"2024-04-27T09:16:29.9953588Z"},"ReceiveTime":{"Value":"2024-04-27T09:16:29.8083546Z","SourceTimestamp":"2024-04-27T09:16:29.9953588Z"},"Severity":{"Value":900,"SourceTimestamp":"2024-04-27T09:16:29.9953588Z"},"SourceName":{"Value":"NorthMotor","SourceTimestamp":"2024-04-27T09:16:29.9953588Z"},"SourceNode":{"Value":{"IdType":1,"Id":"1:Colours/NorthMotor","Namespace":"http://opcfoundation.org/AlarmCondition"},"SourceTimestamp":"2024-04-27T09:16:29.9953588Z"},"Time":{"Value":"2024-04-27T09:16:29.8083496Z","SourceTimestamp":"2024-04-27T09:16:29.9953588Z"}}}