{"NodeId":"i=2253","EndpointUrl":"opc.tcp://localhost:61457/UA/SampleServer","DisplayName":"PendingAlarms","Value":{"EventId":{"Value":"dFoL8UYON06PySa7NtvkDQ==","SourceTimestamp":"2024-04-27T09:16:29.9953588Z"},"EventType":{"Value":{"Id":10751},"SourceTimestamp":"2024-04-27T09:16:29.9953588Z"},"LocalTime":{"Value":{"Offset":120,"DaylightSavingInOffset":true},"SourceTimestamp":"2024-04-27T09:16:29.9953588Z"},"Message":{"Value":"The alarm severity has increased.","SourceTimestamp":"2024-04-27T09:16:29.9953588Z"},"ReceiveTime":{"Value":"2024-04-27T09:16:29.8086035Z","SourceTimestamp":"2024-04-27T09:16:29.9953588Z"},"Severity":{"Value":900,"SourceTimestamp":"2024-04-27T09:16:29.9953588Z"},"SourceName":{"Value":"SouthMotor","SourceTimestamp":"2024-04-27T09:16:29.9953588Z"},"SourceNode":{"Value":{"IdType":1,"Id":"1:Metals/SouthMotor","Namespace":"http://opcfoundation.org/AlarmCondition"},"SourceTimestamp":"2024-04-27T09:16:29.9953588Z"},"Time":{"Value":"2024-04-27T09:16:29.8086002Z","SourceTimestamp":"2024-04-27T09:16:29.9953588Z"}}}