{"NodeId":"nsu=http://opcfoundation.org/UA/Plc/Applications;s=SpikeData","EndpointUrl":"opc.tcp://localhost:61457/UA/SampleServer","ApplicationUri":"urn:desktop-bgfjs91:OPCFoundation:CoreSampleServer","DisplayName":"nsu=http://opcfoundation.org/UA/Plc/Applications;s=SpikeData","Timestamp":"2024-04-27T09:29:31.5003158Z","Value":{"Value":6.4324905987065468E-14,"SourceTimestamp":"2024-04-27T09:29:31.439431Z","ServerTimestamp":"2024-04-27T09:29:31.4394321Z"},"SequenceNumber":25,"ExtensionFields":{}}