{"NodeId":"nsu=http://opcfoundation.org/UA/Plc/Applications;s=SpikeData","EndpointUrl":"opc.tcp://localhost:61457/UA/SampleServer","ApplicationUri":"urn:desktop-bgfjs91:OPCFoundation:CoreSampleServer","DisplayName":"nsu=http://opcfoundation.org/UA/Plc/Applications;s=SpikeData","Timestamp":"2024-04-27T09:30:26.4938412Z","Value":{"Value":6.4324905987065468E-14,"SourceTimestamp":"2024-04-27T09:30:26.4325217Z","ServerTimestamp":"2024-04-27T09:30:26.4325231Z"},"SequenceNumber":79,"ExtensionFields":{}}