[{"DataSetWriterId":1,"SequenceNumber":1,"MetaDataVersion":{"MajorVersion":1},"Timestamp":"2024-04-27T15:11:37.9051451Z","MessageType":"ua-deltaframe","DataSetWriterName":"<<UnknownDataSet>>","Payload":{"nsu=http://opcfoundation.org/UA/Plc/Applications;s=SlowUIntScalar1":{"Value":1,"SourceTimestamp":"2024-04-27T15:11:36.9905004Z","ServerTimestamp":"2024-04-27T15:11:36.9905035Z"},"nsu=http://opcfoundation.org/UA/Plc/Applications;s=SlowUIntScalar2":{"Value":1,"SourceTimestamp":"2024-04-27T15:11:36.9905156Z","ServerTimestamp":"2024-04-27T15:11:36.9905238Z"},"nsu=http://opcfoundation.org/UA/Plc/Applications;s=SlowUIntScalar3":{"Value":1,"SourceTimestamp":"2024-04-27T15:11:36.990525Z","ServerTimestamp":"2024-04-27T15:11:36.9905264Z"},"nsu=http://opcfoundation.org/UA/Plc/Applications;s=BadSlowUIntScalar1":{"Value":1,"SourceTimestamp":"2024-04-27T15:11:36.9905279Z","ServerTimestamp":"2024-04-27T15:11:36.9905289Z"},"nsu=http://opcfoundation.org/UA/Plc/Applications;s=SlowRandomUIntScalar1":{"Value":1605459566,"SourceTimestamp":"2024-04-27T15:11:36.9905132Z","ServerTimestamp":"2024-04-27T15:11:36.9905162Z"},"nsu=http://opcfoundation.org/UA/Plc/Applications;s=SlowRandomUIntScalar2":{"Value":505410267,"SourceTimestamp":"2024-04-27T15:11:36.9905238Z","ServerTimestamp":"2024-04-27T15:11:36.990525Z"},"nsu=http://opcfoundation.org/UA/Plc/Applications;s=SlowRandomUIntScalar3":{"Value":3802367702,"SourceTimestamp":"2024-04-27T15:11:36.9905264Z","ServerTimestamp":"2024-04-27T15:11:36.9905276Z"},"nsu=http://opcfoundation.org/UA/Plc/Applications;s=BadSlowRandomUIntScalar1":{"Value":3664975513,"SourceTimestamp":"2024-04-27T15:11:36.9905291Z","ServerTimestamp":"2024-04-27T15:11:36.9905304Z"}}}]