[{"SequenceNumber":91,"MetaDataVersion":{"MajorVersion":1},"Timestamp":"2024-04-27T15:13:13.8393631Z","MessageType":"ua-deltaframe","DataSetWriterName":"<<UnknownDataSet>>","Payload":{"nsu=http://opcfoundation.org/UA/Plc/Applications;s=StepUp":{"Value":1068,"SourceTimestamp":"2024-04-27T15:13:13.7914231Z","ServerTimestamp":"2024-04-27T15:13:13.7914266Z"},"nsu=http://opcfoundation.org/UA/Plc/Applications;s=RandomSignedInt32":{"Value":396226961,"SourceTimestamp":"2024-04-27T15:13:13.7914368Z","ServerTimestamp":"2024-04-27T15:13:13.7914388Z"},"nsu=http://opcfoundation.org/UA/Plc/Applications;s=RandomUnsignedInt32":{"Value":273661731,"SourceTimestamp":"2024-04-27T15:13:13.7914497Z","ServerTimestamp":"2024-04-27T15:13:13.7914511Z"},"nsu=http://opcfoundation.org/UA/Plc/Applications;s=DipData":{"Value":-84.432792550201526,"SourceTimestamp":"2024-04-27T15:13:13.7914721Z","ServerTimestamp":"2024-04-27T15:13:13.7914752Z"},"nsu=http://opcfoundation.org/UA/Plc/Applications;s=FastUIntScalar1":{"Value":106,"SourceTimestamp":"2024-04-27T15:13:12.9863292Z","ServerTimestamp":"2024-04-27T15:13:12.9863359Z"},"nsu=http://opcfoundation.org/UA/Plc/Applications;s=FastUIntScalar2":{"Value":106,"SourceTimestamp":"2024-04-27T15:13:12.9863493Z","ServerTimestamp":"2024-04-27T15:13:12.9863516Z"},"nsu=http://opcfoundation.org/UA/Plc/Applications;s=FastUIntScalar3":{"Value":106,"SourceTimestamp":"2024-04-27T15:13:12.9863539Z","ServerTimestamp":"2024-04-27T15:13:12.9863572Z"},"nsu=http://opcfoundation.org/UA/Plc/Applications;s=FastRandomUIntScalar1":{"Value":1754036316,"SourceTimestamp":"2024-04-27T15:13:12.9863154Z","ServerTimestamp":"2024-04-27T15:13:12.986319Z"},"nsu=http://opcfoundation.org/UA/Plc/Applications;s=FastRandomUIntScalar2":{"Value":2164680420,"SourceTimestamp":"2024-04-27T15:13:12.986335Z","ServerTimestamp":"2024-04-27T15:13:12.986349Z"},"nsu=http://opcfoundation.org/UA/Plc/Applications;s=FastRandomUIntScalar3":{"Value":3209885712,"SourceTimestamp":"2024-04-27T15:13:12.986352Z","ServerTimestamp":"2024-04-27T15:13:12.9863545Z"},"nsu=http://opcfoundation.org/UA/Plc/Applications;s=SpikeData":{"Value":-84.432792550201526,"SourceTimestamp":"2024-04-27T15:13:13.7914715Z","ServerTimestamp":"2024-04-27T15:13:13.7914771Z"}}}]