[{"SequenceNumber":96,"MetaDataVersion":{"MajorVersion":1},"Timestamp":"2024-04-27T15:13:19.8397106Z","MessageType":"ua-deltaframe","DataSetWriterName":"<<UnknownDataSet>>","Payload":{"nsu=http://opcfoundation.org/UA/Plc/Applications;s=StepUp":{"Value":1128,"SourceTimestamp":"2024-04-27T15:13:19.7782254Z","ServerTimestamp":"2024-04-27T15:13:19.7782293Z"},"nsu=http://opcfoundation.org/UA/Plc/Applications;s=RandomSignedInt32":{"Value":-302221512,"SourceTimestamp":"2024-04-27T15:13:19.7782543Z","ServerTimestamp":"2024-04-27T15:13:19.7782558Z"},"nsu=http://opcfoundation.org/UA/Plc/Applications;s=RandomUnsignedInt32":{"Value":558913201,"SourceTimestamp":"2024-04-27T15:13:19.7782556Z","ServerTimestamp":"2024-04-27T15:13:19.7782803Z"},"nsu=http://opcfoundation.org/UA/Plc/Applications;s=DipData":{"Value":24.868988716485482,"SourceTimestamp":"2024-04-27T15:13:19.778274Z","ServerTimestamp":"2024-04-27T15:13:19.7782759Z"},"nsu=http://opcfoundation.org/UA/Plc/Applications;s=FastUIntScalar1":{"Value":112,"SourceTimestamp":"2024-04-27T15:13:18.9784087Z","ServerTimestamp":"2024-04-27T15:13:18.9784107Z"},"nsu=http://opcfoundation.org/UA/Plc/Applications;s=FastUIntScalar2":{"Value":112,"SourceTimestamp":"2024-04-27T15:13:18.9784246Z","ServerTimestamp":"2024-04-27T15:13:18.9784256Z"},"nsu=http://opcfoundation.org/UA/Plc/Applications;s=FastUIntScalar3":{"Value":112,"SourceTimestamp":"2024-04-27T15:13:18.9784268Z","ServerTimestamp":"2024-04-27T15:13:18.9784273Z"},"nsu=http://opcfoundation.org/UA/Plc/Applications;s=FastRandomUIntScalar1":{"Value":1146523022,"SourceTimestamp":"2024-04-27T15:13:18.9783915Z","ServerTimestamp":"2024-04-27T15:13:18.9783943Z"},"nsu=http://opcfoundation.org/UA/Plc/Applications;s=FastRandomUIntScalar2":{"Value":196172763,"SourceTimestamp":"2024-04-27T15:13:18.9784028Z","ServerTimestamp":"2024-04-27T15:13:18.9784034Z"},"nsu=http://opcfoundation.org/UA/Plc/Applications;s=FastRandomUIntScalar3":{"Value":2283946238,"SourceTimestamp":"2024-04-27T15:13:18.9784046Z","ServerTimestamp":"2024-04-27T15:13:18.9784051Z"},"nsu=http://opcfoundation.org/UA/Plc/Applications;s=SpikeData":{"Value":24.868988716485482,"SourceTimestamp":"2024-04-27T15:13:19.7782844Z","ServerTimestamp":"2024-04-27T15:13:19.7782857Z"}}}]