[{"SequenceNumber":97,"MetaDataVersion":{"MajorVersion":1},"Timestamp":"2024-04-27T15:13:20.8345698Z","MessageType":"ua-deltaframe","DataSetWriterName":"<<UnknownDataSet>>","Payload":{"nsu=http://opcfoundation.org/UA/Plc/Applications;s=StepUp":{"Value":1138,"SourceTimestamp":"2024-04-27T15:13:20.7866046Z","ServerTimestamp":"2024-04-27T15:13:20.7866085Z"},"nsu=http://opcfoundation.org/UA/Plc/Applications;s=RandomSignedInt32":{"Value":1777751949,"SourceTimestamp":"2024-04-27T15:13:20.7866096Z","ServerTimestamp":"2024-04-27T15:13:20.7866191Z"},"nsu=http://opcfoundation.org/UA/Plc/Applications;s=RandomUnsignedInt32":{"Value":2032868990,"SourceTimestamp":"2024-04-27T15:13:20.7866154Z","ServerTimestamp":"2024-04-27T15:13:20.7866168Z"},"nsu=http://opcfoundation.org/UA/Plc/Applications;s=DipData":{"Value":99.80267284282715,"SourceTimestamp":"2024-04-27T15:13:20.7866252Z","ServerTimestamp":"2024-04-27T15:13:20.7866488Z"},"nsu=http://opcfoundation.org/UA/Plc/Applications;s=FastUIntScalar1":{"Value":113,"SourceTimestamp":"2024-04-27T15:13:19.9788174Z","ServerTimestamp":"2024-04-27T15:13:19.9788211Z"},"nsu=http://opcfoundation.org/UA/Plc/Applications;s=FastUIntScalar2":{"Value":113,"SourceTimestamp":"2024-04-27T15:13:19.9788334Z","ServerTimestamp":"2024-04-27T15:13:19.9788369Z"},"nsu=http://opcfoundation.org/UA/Plc/Applications;s=FastUIntScalar3":{"Value":113,"SourceTimestamp":"2024-04-27T15:13:19.97884Z","ServerTimestamp":"2024-04-27T15:13:19.9788417Z"},"nsu=http://opcfoundation.org/UA/Plc/Applications;s=FastRandomUIntScalar1":{"Value":3108956970,"SourceTimestamp":"2024-04-27T15:13:19.9788013Z","ServerTimestamp":"2024-04-27T15:13:19.9788052Z"},"nsu=http://opcfoundation.org/UA/Plc/Applications;s=FastRandomUIntScalar2":{"Value":2984969819,"SourceTimestamp":"2024-04-27T15:13:19.9788208Z","ServerTimestamp":"2024-04-27T15:13:19.9788338Z"},"nsu=http://opcfoundation.org/UA/Plc/Applications;s=FastRandomUIntScalar3":{"Value":3046216957,"SourceTimestamp":"2024-04-27T15:13:19.9788366Z","ServerTimestamp":"2024-04-27T15:13:19.9788399Z"},"nsu=http://opcfoundation.org/UA/Plc/Applications;s=SpikeData":{"Value":99.80267284282715,"SourceTimestamp":"2024-04-27T15:13:20.7866361Z","ServerTimestamp":"2024-04-27T15:13:20.7866376Z"}}}]