[{"SequenceNumber":12,"MetaDataVersion":{"MajorVersion":1},"Timestamp":"2024-04-27T15:11:40.8225638Z","MessageType":"ua-deltaframe","DataSetWriterName":"<<UnknownDataSet>>","Payload":{"nsu=http://opcfoundation.org/UA/Plc/Applications;s=StepUp":{"Value":138,"SourceTimestamp":"2024-04-27T15:11:40.7910521Z","ServerTimestamp":"2024-04-27T15:11:40.7910643Z"},"nsu=http://opcfoundation.org/UA/Plc/Applications;s=RandomSignedInt32":{"Value":1307584274,"SourceTimestamp":"2024-04-27T15:11:40.7910966Z","ServerTimestamp":"2024-04-27T15:11:40.791106Z"},"nsu=http://opcfoundation.org/UA/Plc/Applications;s=RandomUnsignedInt32":{"Value":707714290,"SourceTimestamp":"2024-04-27T15:11:40.7911274Z","ServerTimestamp":"2024-04-27T15:11:40.7911362Z"},"nsu=http://opcfoundation.org/UA/Plc/Applications;s=DipData":{"Value":99.80267284282715,"SourceTimestamp":"2024-04-27T15:11:40.7911181Z","ServerTimestamp":"2024-04-27T15:11:40.7911266Z"},"nsu=http://opcfoundation.org/UA/Plc/Applications;s=FastUIntScalar1":{"Value":13,"SourceTimestamp":"2024-04-27T15:11:39.9885524Z","ServerTimestamp":"2024-04-27T15:11:39.9885545Z"},"nsu=http://opcfoundation.org/UA/Plc/Applications;s=FastUIntScalar2":{"Value":13,"SourceTimestamp":"2024-04-27T15:11:39.9885623Z","ServerTimestamp":"2024-04-27T15:11:39.988573Z"},"nsu=http://opcfoundation.org/UA/Plc/Applications;s=FastUIntScalar3":{"Value":13,"SourceTimestamp":"2024-04-27T15:11:39.9885742Z","ServerTimestamp":"2024-04-27T15:11:39.9885749Z"},"nsu=http://opcfoundation.org/UA/Plc/Applications;s=FastRandomUIntScalar1":{"Value":1319269517,"SourceTimestamp":"2024-04-27T15:11:39.9885554Z","ServerTimestamp":"2024-04-27T15:11:39.9885627Z"},"nsu=http://opcfoundation.org/UA/Plc/Applications;s=FastRandomUIntScalar2":{"Value":849646266,"SourceTimestamp":"2024-04-27T15:11:39.9885692Z","ServerTimestamp":"2024-04-27T15:11:39.9885699Z"},"nsu=http://opcfoundation.org/UA/Plc/Applications;s=FastRandomUIntScalar3":{"Value":154331219,"SourceTimestamp":"2024-04-27T15:11:39.9885711Z","ServerTimestamp":"2024-04-27T15:11:39.9885718Z"},"nsu=http://opcfoundation.org/UA/Plc/Applications;s=SpikeData":{"Value":99.80267284282715,"SourceTimestamp":"2024-04-27T15:11:40.791143Z","ServerTimestamp":"2024-04-27T15:11:40.7911461Z"}}}]