[{"SequenceNumber":13,"MetaDataVersion":{"MajorVersion":1},"Timestamp":"2024-04-27T15:11:41.8163973Z","MessageType":"ua-deltaframe","DataSetWriterName":"<<UnknownDataSet>>","Payload":{"nsu=http://opcfoundation.org/UA/Plc/Applications;s=StepUp":{"Value":148,"SourceTimestamp":"2024-04-27T15:11:41.7850589Z","ServerTimestamp":"2024-04-27T15:11:41.7850624Z"},"nsu=http://opcfoundation.org/UA/Plc/Applications;s=RandomSignedInt32":{"Value":-862831554,"SourceTimestamp":"2024-04-27T15:11:41.7850779Z","ServerTimestamp":"2024-04-27T15:11:41.7850839Z"},"nsu=http://opcfoundation.org/UA/Plc/Applications;s=RandomUnsignedInt32":{"Value":686820452,"SourceTimestamp":"2024-04-27T15:11:41.7850924Z","ServerTimestamp":"2024-04-27T15:11:41.785095Z"},"nsu=http://opcfoundation.org/UA/Plc/Applications;s=DipData":{"Value":36.812455268467801,"SourceTimestamp":"2024-04-27T15:11:41.7850973Z","ServerTimestamp":"2024-04-27T15:11:41.7850984Z"},"nsu=http://opcfoundation.org/UA/Plc/Applications;s=FastUIntScalar1":{"Value":14,"SourceTimestamp":"2024-04-27T15:11:40.9785545Z","ServerTimestamp":"2024-04-27T15:11:40.9785581Z"},"nsu=http://opcfoundation.org/UA/Plc/Applications;s=FastUIntScalar2":{"Value":14,"SourceTimestamp":"2024-04-27T15:11:40.9785703Z","ServerTimestamp":"2024-04-27T15:11:40.9785755Z"},"nsu=http://opcfoundation.org/UA/Plc/Applications;s=FastUIntScalar3":{"Value":14,"SourceTimestamp":"2024-04-27T15:11:40.978578Z","ServerTimestamp":"2024-04-27T15:11:40.9785807Z"},"nsu=http://opcfoundation.org/UA/Plc/Applications;s=FastRandomUIntScalar1":{"Value":2979174984,"SourceTimestamp":"2024-04-27T15:11:40.9785553Z","ServerTimestamp":"2024-04-27T15:11:40.9785705Z"},"nsu=http://opcfoundation.org/UA/Plc/Applications;s=FastRandomUIntScalar2":{"Value":2682576838,"SourceTimestamp":"2024-04-27T15:11:40.9785756Z","ServerTimestamp":"2024-04-27T15:11:40.9785786Z"},"nsu=http://opcfoundation.org/UA/Plc/Applications;s=FastRandomUIntScalar3":{"Value":1178994926,"SourceTimestamp":"2024-04-27T15:11:40.9785808Z","ServerTimestamp":"2024-04-27T15:11:40.9785828Z"},"nsu=http://opcfoundation.org/UA/Plc/Applications;s=SpikeData":{"Value":36.812455268467801,"SourceTimestamp":"2024-04-27T15:11:41.7851009Z","ServerTimestamp":"2024-04-27T15:11:41.7851017Z"}}}]