[{"SequenceNumber":15,"MetaDataVersion":{"MajorVersion":1},"Timestamp":"2024-04-27T15:11:44.7936203Z","MessageType":"ua-deltaframe","DataSetWriterName":"<<UnknownDataSet>>","Payload":{"nsu=http://opcfoundation.org/UA/Plc/Applications;s=StepUp":{"Value":177,"SourceTimestamp":"2024-04-27T15:11:44.6851011Z","ServerTimestamp":"2024-04-27T15:11:44.6851048Z"},"nsu=http://opcfoundation.org/UA/Plc/Applications;s=RandomSignedInt32":{"Value":624528150,"SourceTimestamp":"2024-04-27T15:11:44.6851165Z","ServerTimestamp":"2024-04-27T15:11:44.685124Z"},"nsu=http://opcfoundation.org/UA/Plc/Applications;s=RandomUnsignedInt32":{"Value":1694577387,"SourceTimestamp":"2024-04-27T15:11:44.685132Z","ServerTimestamp":"2024-04-27T15:11:44.6851353Z"},"nsu=http://opcfoundation.org/UA/Plc/Applications;s=DipData":{"Value":12.53332335643041,"SourceTimestamp":"2024-04-27T15:11:44.6851331Z","ServerTimestamp":"2024-04-27T15:11:44.6851404Z"},"nsu=http://opcfoundation.org/UA/Plc/Applications;s=FastUIntScalar1":{"Value":17,"SourceTimestamp":"2024-04-27T15:11:43.9836325Z","ServerTimestamp":"2024-04-27T15:11:43.98365Z"},"nsu=http://opcfoundation.org/UA/Plc/Applications;s=FastUIntScalar2":{"Value":17,"SourceTimestamp":"2024-04-27T15:11:43.9836533Z","ServerTimestamp":"2024-04-27T15:11:43.9836541Z"},"nsu=http://opcfoundation.org/UA/Plc/Applications;s=FastUIntScalar3":{"Value":17,"SourceTimestamp":"2024-04-27T15:11:43.9836553Z","ServerTimestamp":"2024-04-27T15:11:43.9836557Z"},"nsu=http://opcfoundation.org/UA/Plc/Applications;s=FastRandomUIntScalar1":{"Value":3247662168,"SourceTimestamp":"2024-04-27T15:11:43.9836314Z","ServerTimestamp":"2024-04-27T15:11:43.9836337Z"},"nsu=http://opcfoundation.org/UA/Plc/Applications;s=FastRandomUIntScalar2":{"Value":28469694,"SourceTimestamp":"2024-04-27T15:11:43.9836474Z","ServerTimestamp":"2024-04-27T15:11:43.9836483Z"},"nsu=http://opcfoundation.org/UA/Plc/Applications;s=FastRandomUIntScalar3":{"Value":698868453,"SourceTimestamp":"2024-04-27T15:11:43.9836495Z","ServerTimestamp":"2024-04-27T15:11:43.9836525Z"},"nsu=http://opcfoundation.org/UA/Plc/Applications;s=SpikeData":{"Value":12.53332335643041,"SourceTimestamp":"2024-04-27T15:11:44.6851382Z","ServerTimestamp":"2024-04-27T15:11:44.6851395Z"}}}]