[{"SequenceNumber":23,"MetaDataVersion":{"MajorVersion":1},"Timestamp":"2024-04-27T15:11:53.8278484Z","MessageType":"ua-deltaframe","DataSetWriterName":"<<UnknownDataSet>>","Payload":{"nsu=http://opcfoundation.org/UA/Plc/Applications;s=StepUp":{"Value":268,"SourceTimestamp":"2024-04-27T15:11:53.7802143Z","ServerTimestamp":"2024-04-27T15:11:53.7802184Z"},"nsu=http://opcfoundation.org/UA/Plc/Applications;s=RandomSignedInt32":{"Value":112081379,"SourceTimestamp":"2024-04-27T15:11:53.7802413Z","ServerTimestamp":"2024-04-27T15:11:53.7802435Z"},"nsu=http://opcfoundation.org/UA/Plc/Applications;s=RandomUnsignedInt32":{"Value":1414558518,"SourceTimestamp":"2024-04-27T15:11:53.7802499Z","ServerTimestamp":"2024-04-27T15:11:53.7802564Z"},"nsu=http://opcfoundation.org/UA/Plc/Applications;s=DipData":{"Value":-84.432792550201526,"SourceTimestamp":"2024-04-27T15:11:53.7802616Z","ServerTimestamp":"2024-04-27T15:11:53.7802671Z"},"nsu=http://opcfoundation.org/UA/Plc/Applications;s=FastUIntScalar1":{"Value":26,"SourceTimestamp":"2024-04-27T15:11:52.9779651Z","ServerTimestamp":"2024-04-27T15:11:52.9779676Z"},"nsu=http://opcfoundation.org/UA/Plc/Applications;s=FastUIntScalar2":{"Value":26,"SourceTimestamp":"2024-04-27T15:11:52.9779761Z","ServerTimestamp":"2024-04-27T15:11:52.9779828Z"},"nsu=http://opcfoundation.org/UA/Plc/Applications;s=FastUIntScalar3":{"Value":26,"SourceTimestamp":"2024-04-27T15:11:52.9779846Z","ServerTimestamp":"2024-04-27T15:11:52.977986Z"},"nsu=http://opcfoundation.org/UA/Plc/Applications;s=FastRandomUIntScalar1":{"Value":232826185,"SourceTimestamp":"2024-04-27T15:11:52.9779694Z","ServerTimestamp":"2024-04-27T15:11:52.9779761Z"},"nsu=http://opcfoundation.org/UA/Plc/Applications;s=FastRandomUIntScalar2":{"Value":3722703151,"SourceTimestamp":"2024-04-27T15:11:52.977983Z","ServerTimestamp":"2024-04-27T15:11:52.9779847Z"},"nsu=http://opcfoundation.org/UA/Plc/Applications;s=FastRandomUIntScalar3":{"Value":474999624,"SourceTimestamp":"2024-04-27T15:11:52.977986Z","ServerTimestamp":"2024-04-27T15:11:52.9779875Z"},"nsu=http://opcfoundation.org/UA/Plc/Applications;s=SpikeData":{"Value":-84.432792550201526,"SourceTimestamp":"2024-04-27T15:11:53.7802623Z","ServerTimestamp":"2024-04-27T15:11:53.7802687Z"}}}]