[{"SequenceNumber":26,"MetaDataVersion":{"MajorVersion":1},"Timestamp":"2024-04-27T15:11:57.790637Z","MessageType":"ua-deltaframe","DataSetWriterName":"<<UnknownDataSet>>","Payload":{"nsu=http://opcfoundation.org/UA/Plc/Applications;s=StepUp":{"Value":308,"SourceTimestamp":"2024-04-27T15:11:57.7857879Z","ServerTimestamp":"2024-04-27T15:11:57.7857918Z"},"nsu=http://opcfoundation.org/UA/Plc/Applications;s=AlternatingBoolean":{"Value":true,"SourceTimestamp":"2024-04-27T15:11:57.0894295Z","ServerTimestamp":"2024-04-27T15:11:57.0894422Z"},"nsu=http://opcfoundation.org/UA/Plc/Applications;s=RandomSignedInt32":{"Value":1826620422,"SourceTimestamp":"2024-04-27T15:11:57.786649Z","ServerTimestamp":"2024-04-27T15:11:57.786651Z"},"nsu=http://opcfoundation.org/UA/Plc/Applications;s=RandomUnsignedInt32":{"Value":1759752406,"SourceTimestamp":"2024-04-27T15:11:57.7866522Z","ServerTimestamp":"2024-04-27T15:11:57.7866575Z"},"nsu=http://opcfoundation.org/UA/Plc/Applications;s=DipData":{"Value":-77.0513242775789,"SourceTimestamp":"2024-04-27T15:11:57.7866671Z","ServerTimestamp":"2024-04-27T15:11:57.7866705Z"},"nsu=http://opcfoundation.org/UA/Plc/Applications;s=FastUIntScalar1":{"Value":30,"SourceTimestamp":"2024-04-27T15:11:56.9810648Z","ServerTimestamp":"2024-04-27T15:11:56.9810654Z"},"nsu=http://opcfoundation.org/UA/Plc/Applications;s=FastUIntScalar2":{"Value":30,"SourceTimestamp":"2024-04-27T15:11:56.9810673Z","ServerTimestamp":"2024-04-27T15:11:56.9810693Z"},"nsu=http://opcfoundation.org/UA/Plc/Applications;s=FastUIntScalar3":{"Value":30,"SourceTimestamp":"2024-04-27T15:11:56.9810702Z","ServerTimestamp":"2024-04-27T15:11:56.9810718Z"},"nsu=http://opcfoundation.org/UA/Plc/Applications;s=FastRandomUIntScalar1":{"Value":1973879787,"SourceTimestamp":"2024-04-27T15:11:56.9810656Z","ServerTimestamp":"2024-04-27T15:11:56.9810673Z"},"nsu=http://opcfoundation.org/UA/Plc/Applications;s=FastRandomUIntScalar2":{"Value":3101111852,"SourceTimestamp":"2024-04-27T15:11:56.9810695Z","ServerTimestamp":"2024-04-27T15:11:56.9810703Z"},"nsu=http://opcfoundation.org/UA/Plc/Applications;s=FastRandomUIntScalar3":{"Value":3995347627,"SourceTimestamp":"2024-04-27T15:11:56.9810717Z","ServerTimestamp":"2024-04-27T15:11:56.9810724Z"},"nsu=http://opcfoundation.org/UA/Plc/Applications;s=SpikeData":{"Value":-77.0513242775789,"SourceTimestamp":"2024-04-27T15:11:57.7866671Z","ServerTimestamp":"2024-04-27T15:11:57.7866745Z"}}}]