[{"SequenceNumber":28,"MetaDataVersion":{"MajorVersion":1},"Timestamp":"2024-04-27T15:11:59.8372787Z","MessageType":"ua-deltaframe","DataSetWriterName":"<<UnknownDataSet>>","Payload":{"nsu=http://opcfoundation.org/UA/Plc/Applications;s=StepUp":{"Value":328,"SourceTimestamp":"2024-04-27T15:11:59.7910035Z","ServerTimestamp":"2024-04-27T15:11:59.7910068Z"},"nsu=http://opcfoundation.org/UA/Plc/Applications;s=RandomSignedInt32":{"Value":-1107528860,"SourceTimestamp":"2024-04-27T15:11:59.7910202Z","ServerTimestamp":"2024-04-27T15:11:59.7910352Z"},"nsu=http://opcfoundation.org/UA/Plc/Applications;s=RandomUnsignedInt32":{"Value":669793150,"SourceTimestamp":"2024-04-27T15:11:59.7910294Z","ServerTimestamp":"2024-04-27T15:11:59.7910306Z"},"nsu=http://opcfoundation.org/UA/Plc/Applications;s=DipData":{"Value":24.868988716485482,"SourceTimestamp":"2024-04-27T15:11:59.7910352Z","ServerTimestamp":"2024-04-27T15:11:59.7910405Z"},"nsu=http://opcfoundation.org/UA/Plc/Applications;s=FastUIntScalar1":{"Value":32,"SourceTimestamp":"2024-04-27T15:11:58.9812573Z","ServerTimestamp":"2024-04-27T15:11:58.9812592Z"},"nsu=http://opcfoundation.org/UA/Plc/Applications;s=FastUIntScalar2":{"Value":32,"SourceTimestamp":"2024-04-27T15:11:58.9812661Z","ServerTimestamp":"2024-04-27T15:11:58.9812666Z"},"nsu=http://opcfoundation.org/UA/Plc/Applications;s=FastUIntScalar3":{"Value":32,"SourceTimestamp":"2024-04-27T15:11:58.9812682Z","ServerTimestamp":"2024-04-27T15:11:58.9812795Z"},"nsu=http://opcfoundation.org/UA/Plc/Applications;s=FastRandomUIntScalar1":{"Value":477984250,"SourceTimestamp":"2024-04-27T15:11:58.9812659Z","ServerTimestamp":"2024-04-27T15:11:58.9812686Z"},"nsu=http://opcfoundation.org/UA/Plc/Applications;s=FastRandomUIntScalar2":{"Value":3583302937,"SourceTimestamp":"2024-04-27T15:11:58.9812753Z","ServerTimestamp":"2024-04-27T15:11:58.9812763Z"},"nsu=http://opcfoundation.org/UA/Plc/Applications;s=FastRandomUIntScalar3":{"Value":80852188,"SourceTimestamp":"2024-04-27T15:11:58.9812773Z","ServerTimestamp":"2024-04-27T15:11:58.9812779Z"},"nsu=http://opcfoundation.org/UA/Plc/Applications;s=SpikeData":{"Value":24.868988716485482,"SourceTimestamp":"2024-04-27T15:11:59.7910434Z","ServerTimestamp":"2024-04-27T15:11:59.7910442Z"}}}]