[{"SequenceNumber":29,"MetaDataVersion":{"MajorVersion":1},"Timestamp":"2024-04-27T15:12:00.8315669Z","MessageType":"ua-deltaframe","DataSetWriterName":"<<UnknownDataSet>>","Payload":{"nsu=http://opcfoundation.org/UA/Plc/Applications;s=StepUp":{"Value":338,"SourceTimestamp":"2024-04-27T15:12:00.7847552Z","ServerTimestamp":"2024-04-27T15:12:00.7847595Z"},"nsu=http://opcfoundation.org/UA/Plc/Applications;s=RandomSignedInt32":{"Value":822667242,"SourceTimestamp":"2024-04-27T15:12:00.784801Z","ServerTimestamp":"2024-04-27T15:12:00.7848056Z"},"nsu=http://opcfoundation.org/UA/Plc/Applications;s=RandomUnsignedInt32":{"Value":2041232561,"SourceTimestamp":"2024-04-27T15:12:00.7847949Z","ServerTimestamp":"2024-04-27T15:12:00.7847962Z"},"nsu=http://opcfoundation.org/UA/Plc/Applications;s=DipData":{"Value":99.80267284282715,"SourceTimestamp":"2024-04-27T15:12:00.7848046Z","ServerTimestamp":"2024-04-27T15:12:00.7848153Z"},"nsu=http://opcfoundation.org/UA/Plc/Applications;s=FastUIntScalar1":{"Value":33,"SourceTimestamp":"2024-04-27T15:11:59.9922231Z","ServerTimestamp":"2024-04-27T15:11:59.992227Z"},"nsu=http://opcfoundation.org/UA/Plc/Applications;s=FastUIntScalar2":{"Value":33,"SourceTimestamp":"2024-04-27T15:11:59.9922411Z","ServerTimestamp":"2024-04-27T15:11:59.9922557Z"},"nsu=http://opcfoundation.org/UA/Plc/Applications;s=FastUIntScalar3":{"Value":33,"SourceTimestamp":"2024-04-27T15:11:59.9922581Z","ServerTimestamp":"2024-04-27T15:11:59.9922605Z"},"nsu=http://opcfoundation.org/UA/Plc/Applications;s=FastRandomUIntScalar1":{"Value":620238538,"SourceTimestamp":"2024-04-27T15:11:59.9922244Z","ServerTimestamp":"2024-04-27T15:11:59.9922424Z"},"nsu=http://opcfoundation.org/UA/Plc/Applications;s=FastRandomUIntScalar2":{"Value":4291289859,"SourceTimestamp":"2024-04-27T15:11:59.9922556Z","ServerTimestamp":"2024-04-27T15:11:59.9922582Z"},"nsu=http://opcfoundation.org/UA/Plc/Applications;s=FastRandomUIntScalar3":{"Value":2850291148,"SourceTimestamp":"2024-04-27T15:11:59.9922607Z","ServerTimestamp":"2024-04-27T15:11:59.9922629Z"},"nsu=http://opcfoundation.org/UA/Plc/Applications;s=SpikeData":{"Value":99.80267284282715,"SourceTimestamp":"2024-04-27T15:12:00.784826Z","ServerTimestamp":"2024-04-27T15:12:00.7848273Z"}}}]