[{"SequenceNumber":31,"MetaDataVersion":{"MajorVersion":1},"Timestamp":"2024-04-27T15:12:02.8098084Z","MessageType":"ua-deltaframe","DataSetWriterName":"<<UnknownDataSet>>","Payload":{"nsu=http://opcfoundation.org/UA/Plc/Applications;s=StepUp":{"Value":358,"SourceTimestamp":"2024-04-27T15:12:02.7783691Z","ServerTimestamp":"2024-04-27T15:12:02.7783721Z"},"nsu=http://opcfoundation.org/UA/Plc/Applications;s=AlternatingBoolean":{"Value":false,"SourceTimestamp":"2024-04-27T15:12:02.0842736Z","ServerTimestamp":"2024-04-27T15:12:02.0843056Z"},"nsu=http://opcfoundation.org/UA/Plc/Applications;s=RandomSignedInt32":{"Value":-1437912838,"SourceTimestamp":"2024-04-27T15:12:02.7783842Z","ServerTimestamp":"2024-04-27T15:12:02.7783855Z"},"nsu=http://opcfoundation.org/UA/Plc/Applications;s=RandomUnsignedInt32":{"Value":782935062,"SourceTimestamp":"2024-04-27T15:12:02.7783907Z","ServerTimestamp":"2024-04-27T15:12:02.7783992Z"},"nsu=http://opcfoundation.org/UA/Plc/Applications;s=DipData":{"Value":-77.0513242775789,"SourceTimestamp":"2024-04-27T15:12:02.7784097Z","ServerTimestamp":"2024-04-27T15:12:02.7784186Z"},"nsu=http://opcfoundation.org/UA/Plc/Applications;s=FastUIntScalar1":{"Value":35,"SourceTimestamp":"2024-04-27T15:12:01.9913882Z","ServerTimestamp":"2024-04-27T15:12:01.9913977Z"},"nsu=http://opcfoundation.org/UA/Plc/Applications;s=FastUIntScalar2":{"Value":35,"SourceTimestamp":"2024-04-27T15:12:01.9914051Z","ServerTimestamp":"2024-04-27T15:12:01.991406Z"},"nsu=http://opcfoundation.org/UA/Plc/Applications;s=FastUIntScalar3":{"Value":35,"SourceTimestamp":"2024-04-27T15:12:01.9914073Z","ServerTimestamp":"2024-04-27T15:12:01.9914084Z"},"nsu=http://opcfoundation.org/UA/Plc/Applications;s=FastRandomUIntScalar1":{"Value":1744236235,"SourceTimestamp":"2024-04-27T15:12:01.9913807Z","ServerTimestamp":"2024-04-27T15:12:01.9913825Z"},"nsu=http://opcfoundation.org/UA/Plc/Applications;s=FastRandomUIntScalar2":{"Value":4081380447,"SourceTimestamp":"2024-04-27T15:12:01.9913973Z","ServerTimestamp":"2024-04-27T15:12:01.9914046Z"},"nsu=http://opcfoundation.org/UA/Plc/Applications;s=FastRandomUIntScalar3":{"Value":4089825006,"SourceTimestamp":"2024-04-27T15:12:01.9914055Z","ServerTimestamp":"2024-04-27T15:12:01.9914073Z"},"nsu=http://opcfoundation.org/UA/Plc/Applications;s=SpikeData":{"Value":-77.0513242775789,"SourceTimestamp":"2024-04-27T15:12:02.7784097Z","ServerTimestamp":"2024-04-27T15:12:02.7784277Z"}}}]