[{"DataSetWriterId":1,"SequenceNumber":4,"MetaDataVersion":{"MajorVersion":1},"Timestamp":"2024-04-27T15:12:07.879688Z","MessageType":"ua-deltaframe","DataSetWriterName":"<<UnknownDataSet>>","Payload":{"nsu=http://opcfoundation.org/UA/Plc/Applications;s=SlowUIntScalar1":{"Value":4,"SourceTimestamp":"2024-04-27T15:12:06.9789556Z","ServerTimestamp":"2024-04-27T15:12:06.978959Z"},"nsu=http://opcfoundation.org/UA/Plc/Applications;s=SlowUIntScalar2":{"Value":4,"SourceTimestamp":"2024-04-27T15:12:06.9789697Z","ServerTimestamp":"2024-04-27T15:12:06.9789766Z"},"nsu=http://opcfoundation.org/UA/Plc/Applications;s=SlowUIntScalar3":{"Value":4,"SourceTimestamp":"2024-04-27T15:12:06.9789778Z","ServerTimestamp":"2024-04-27T15:12:06.9789786Z"},"nsu=http://opcfoundation.org/UA/Plc/Applications;s=BadSlowUIntScalar1":{"Value":4,"StatusCode":{"Symbol":"UncertainLastUsableValue","Code":1083179008},"SourceTimestamp":"2024-04-27T15:12:06.9789803Z","ServerTimestamp":"2024-04-27T15:12:06.978985Z"},"nsu=http://opcfoundation.org/UA/Plc/Applications;s=SlowRandomUIntScalar1":{"Value":2422454946,"SourceTimestamp":"2024-04-27T15:12:06.9789676Z","ServerTimestamp":"2024-04-27T15:12:06.9789701Z"},"nsu=http://opcfoundation.org/UA/Plc/Applications;s=SlowRandomUIntScalar2":{"Value":565735504,"SourceTimestamp":"2024-04-27T15:12:06.9789767Z","ServerTimestamp":"2024-04-27T15:12:06.9789775Z"},"nsu=http://opcfoundation.org/UA/Plc/Applications;s=SlowRandomUIntScalar3":{"Value":3867427097,"SourceTimestamp":"2024-04-27T15:12:06.9789789Z","ServerTimestamp":"2024-04-27T15:12:06.9789797Z"},"nsu=http://opcfoundation.org/UA/Plc/Applications;s=BadSlowRandomUIntScalar1":{"Value":703568013,"StatusCode":{"Symbol":"UncertainLastUsableValue","Code":1083179008},"SourceTimestamp":"2024-04-27T15:12:06.9789854Z","ServerTimestamp":"2024-04-27T15:12:06.9789868Z"}}}]