[{"SequenceNumber":39,"MetaDataVersion":{"MajorVersion":1},"Timestamp":"2024-04-27T15:12:12.8291583Z","MessageType":"ua-deltaframe","DataSetWriterName":"<<UnknownDataSet>>","Payload":{"nsu=http://opcfoundation.org/UA/Plc/Applications;s=StepUp":{"Value":458,"SourceTimestamp":"2024-04-27T15:12:12.7821286Z","ServerTimestamp":"2024-04-27T15:12:12.7821331Z"},"nsu=http://opcfoundation.org/UA/Plc/Applications;s=AlternatingBoolean":{"Value":false,"SourceTimestamp":"2024-04-27T15:12:12.088973Z","ServerTimestamp":"2024-04-27T15:12:12.0889877Z"},"nsu=http://opcfoundation.org/UA/Plc/Applications;s=RandomSignedInt32":{"Value":674026200,"SourceTimestamp":"2024-04-27T15:12:12.7821555Z","ServerTimestamp":"2024-04-27T15:12:12.7821759Z"},"nsu=http://opcfoundation.org/UA/Plc/Applications;s=RandomUnsignedInt32":{"Value":612924003,"SourceTimestamp":"2024-04-27T15:12:12.7821832Z","ServerTimestamp":"2024-04-27T15:12:12.7821905Z"},"nsu=http://opcfoundation.org/UA/Plc/Applications;s=DipData":{"Value":-77.0513242775789,"SourceTimestamp":"2024-04-27T15:12:12.7821846Z","ServerTimestamp":"2024-04-27T15:12:12.7821882Z"},"nsu=http://opcfoundation.org/UA/Plc/Applications;s=FastUIntScalar1":{"Value":45,"SourceTimestamp":"2024-04-27T15:12:11.9810918Z","ServerTimestamp":"2024-04-27T15:12:11.9810933Z"},"nsu=http://opcfoundation.org/UA/Plc/Applications;s=FastUIntScalar2":{"Value":45,"SourceTimestamp":"2024-04-27T15:12:11.9811076Z","ServerTimestamp":"2024-04-27T15:12:11.9811096Z"},"nsu=http://opcfoundation.org/UA/Plc/Applications;s=FastUIntScalar3":{"Value":45,"SourceTimestamp":"2024-04-27T15:12:11.981114Z","ServerTimestamp":"2024-04-27T15:12:11.9811148Z"},"nsu=http://opcfoundation.org/UA/Plc/Applications;s=FastRandomUIntScalar1":{"Value":3700022806,"SourceTimestamp":"2024-04-27T15:12:11.981088Z","ServerTimestamp":"2024-04-27T15:12:11.9810901Z"},"nsu=http://opcfoundation.org/UA/Plc/Applications;s=FastRandomUIntScalar2":{"Value":2889143793,"SourceTimestamp":"2024-04-27T15:12:11.9810961Z","ServerTimestamp":"2024-04-27T15:12:11.9810969Z"},"nsu=http://opcfoundation.org/UA/Plc/Applications;s=FastRandomUIntScalar3":{"Value":120536866,"SourceTimestamp":"2024-04-27T15:12:11.9810984Z","ServerTimestamp":"2024-04-27T15:12:11.9810996Z"},"nsu=http://opcfoundation.org/UA/Plc/Applications;s=SpikeData":{"Value":-77.0513242775789,"SourceTimestamp":"2024-04-27T15:12:12.7821934Z","ServerTimestamp":"2024-04-27T15:12:12.7821947Z"}}}]