[{"SequenceNumber":44,"MetaDataVersion":{"MajorVersion":1},"Timestamp":"2024-04-27T15:12:17.8260995Z","MessageType":"ua-deltaframe","DataSetWriterName":"<<UnknownDataSet>>","Payload":{"nsu=http://opcfoundation.org/UA/Plc/Applications;s=StepUp":{"Value":508,"SourceTimestamp":"2024-04-27T15:12:17.7795074Z","ServerTimestamp":"2024-04-27T15:12:17.7795118Z"},"nsu=http://opcfoundation.org/UA/Plc/Applications;s=AlternatingBoolean":{"Value":true,"SourceTimestamp":"2024-04-27T15:12:17.081785Z","ServerTimestamp":"2024-04-27T15:12:17.0817857Z"},"nsu=http://opcfoundation.org/UA/Plc/Applications;s=RandomSignedInt32":{"Value":1934901701,"SourceTimestamp":"2024-04-27T15:12:17.7795567Z","ServerTimestamp":"2024-04-27T15:12:17.7795599Z"},"nsu=http://opcfoundation.org/UA/Plc/Applications;s=RandomUnsignedInt32":{"Value":206592809,"SourceTimestamp":"2024-04-27T15:12:17.7795411Z","ServerTimestamp":"2024-04-27T15:12:17.7795558Z"},"nsu=http://opcfoundation.org/UA/Plc/Applications;s=DipData":{"Value":-77.0513242775789,"SourceTimestamp":"2024-04-27T15:12:17.7795683Z","ServerTimestamp":"2024-04-27T15:12:17.7795701Z"},"nsu=http://opcfoundation.org/UA/Plc/Applications;s=FastUIntScalar1":{"Value":50,"SourceTimestamp":"2024-04-27T15:12:16.9907111Z","ServerTimestamp":"2024-04-27T15:12:16.9907126Z"},"nsu=http://opcfoundation.org/UA/Plc/Applications;s=FastUIntScalar2":{"Value":50,"SourceTimestamp":"2024-04-27T15:12:16.9907159Z","ServerTimestamp":"2024-04-27T15:12:16.9907176Z"},"nsu=http://opcfoundation.org/UA/Plc/Applications;s=FastUIntScalar3":{"Value":50,"SourceTimestamp":"2024-04-27T15:12:16.9907205Z","ServerTimestamp":"2024-04-27T15:12:16.9907215Z"},"nsu=http://opcfoundation.org/UA/Plc/Applications;s=FastRandomUIntScalar1":{"Value":370801875,"SourceTimestamp":"2024-04-27T15:12:16.9907388Z","ServerTimestamp":"2024-04-27T15:12:16.9907422Z"},"nsu=http://opcfoundation.org/UA/Plc/Applications;s=FastRandomUIntScalar2":{"Value":3225344917,"SourceTimestamp":"2024-04-27T15:12:16.9907724Z","ServerTimestamp":"2024-04-27T15:12:16.9907764Z"},"nsu=http://opcfoundation.org/UA/Plc/Applications;s=FastRandomUIntScalar3":{"Value":1892387647,"SourceTimestamp":"2024-04-27T15:12:16.9908246Z","ServerTimestamp":"2024-04-27T15:12:16.9908433Z"},"nsu=http://opcfoundation.org/UA/Plc/Applications;s=NegativeTrendData":{"Value":99.900000000000006,"SourceTimestamp":"2024-04-27T15:12:17.0817716Z","ServerTimestamp":"2024-04-27T15:12:17.0817794Z"},"nsu=http://opcfoundation.org/UA/Plc/Applications;s=PositiveTrendData":{"Value":100.09999999999999,"SourceTimestamp":"2024-04-27T15:12:17.0817608Z","ServerTimestamp":"2024-04-27T15:12:17.0817726Z"},"nsu=http://opcfoundation.org/UA/Plc/Applications;s=SpikeData":{"Value":-77.0513242775789,"SourceTimestamp":"2024-04-27T15:12:17.779581Z","ServerTimestamp":"2024-04-27T15:12:17.7795825Z"}}}]