[{"SequenceNumber":46,"MetaDataVersion":{"MajorVersion":1},"Timestamp":"2024-04-27T15:12:19.8033353Z","MessageType":"ua-deltaframe","DataSetWriterName":"<<UnknownDataSet>>","Payload":{"nsu=http://opcfoundation.org/UA/Plc/Applications;s=StepUp":{"Value":528,"SourceTimestamp":"2024-04-27T15:12:19.787624Z","ServerTimestamp":"2024-04-27T15:12:19.7876288Z"},"nsu=http://opcfoundation.org/UA/Plc/Applications;s=RandomSignedInt32":{"Value":-1165969063,"SourceTimestamp":"2024-04-27T15:12:19.7876758Z","ServerTimestamp":"2024-04-27T15:12:19.7876787Z"},"nsu=http://opcfoundation.org/UA/Plc/Applications;s=RandomUnsignedInt32":{"Value":938884443,"SourceTimestamp":"2024-04-27T15:12:19.7876671Z","ServerTimestamp":"2024-04-27T15:12:19.7876686Z"},"nsu=http://opcfoundation.org/UA/Plc/Applications;s=DipData":{"Value":24.868988716485482,"SourceTimestamp":"2024-04-27T15:12:19.7876774Z","ServerTimestamp":"2024-04-27T15:12:19.7876914Z"},"nsu=http://opcfoundation.org/UA/Plc/Applications;s=FastUIntScalar1":{"Value":52,"SourceTimestamp":"2024-04-27T15:12:18.9862166Z","ServerTimestamp":"2024-04-27T15:12:18.9862188Z"},"nsu=http://opcfoundation.org/UA/Plc/Applications;s=FastUIntScalar2":{"Value":52,"SourceTimestamp":"2024-04-27T15:12:18.9862267Z","ServerTimestamp":"2024-04-27T15:12:18.9862336Z"},"nsu=http://opcfoundation.org/UA/Plc/Applications;s=FastUIntScalar3":{"Value":52,"SourceTimestamp":"2024-04-27T15:12:18.9862347Z","ServerTimestamp":"2024-04-27T15:12:18.9862364Z"},"nsu=http://opcfoundation.org/UA/Plc/Applications;s=FastRandomUIntScalar1":{"Value":3956961672,"SourceTimestamp":"2024-04-27T15:12:18.9862207Z","ServerTimestamp":"2024-04-27T15:12:18.9862271Z"},"nsu=http://opcfoundation.org/UA/Plc/Applications;s=FastRandomUIntScalar2":{"Value":1648190837,"SourceTimestamp":"2024-04-27T15:12:18.9862337Z","ServerTimestamp":"2024-04-27T15:12:18.9862346Z"},"nsu=http://opcfoundation.org/UA/Plc/Applications;s=FastRandomUIntScalar3":{"Value":2503717747,"SourceTimestamp":"2024-04-27T15:12:18.9862363Z","ServerTimestamp":"2024-04-27T15:12:18.9862372Z"},"nsu=http://opcfoundation.org/UA/Plc/Applications;s=SpikeData":{"Value":24.868988716485482,"SourceTimestamp":"2024-04-27T15:12:19.7876965Z","ServerTimestamp":"2024-04-27T15:12:19.7876978Z"}}}]