[{"SequenceNumber":47,"MetaDataVersion":{"MajorVersion":1},"Timestamp":"2024-04-27T15:12:21.8408411Z","MessageType":"ua-deltaframe","DataSetWriterName":"<<UnknownDataSet>>","Payload":{"nsu=http://opcfoundation.org/UA/Plc/Applications;s=StepUp":{"Value":548,"SourceTimestamp":"2024-04-27T15:12:21.7931927Z","ServerTimestamp":"2024-04-27T15:12:21.7931973Z"},"nsu=http://opcfoundation.org/UA/Plc/Applications;s=RandomSignedInt32":{"Value":-133737334,"SourceTimestamp":"2024-04-27T15:12:21.7932437Z","ServerTimestamp":"2024-04-27T15:12:21.7932459Z"},"nsu=http://opcfoundation.org/UA/Plc/Applications;s=RandomUnsignedInt32":{"Value":736109231,"SourceTimestamp":"2024-04-27T15:12:21.7932356Z","ServerTimestamp":"2024-04-27T15:12:21.7932717Z"},"nsu=http://opcfoundation.org/UA/Plc/Applications;s=DipData":{"Value":36.812455268467801,"SourceTimestamp":"2024-04-27T15:12:21.7932613Z","ServerTimestamp":"2024-04-27T15:12:21.7932627Z"},"nsu=http://opcfoundation.org/UA/Plc/Applications;s=FastUIntScalar1":{"Value":54,"SourceTimestamp":"2024-04-27T15:12:20.9785357Z","ServerTimestamp":"2024-04-27T15:12:20.9785379Z"},"nsu=http://opcfoundation.org/UA/Plc/Applications;s=FastUIntScalar2":{"Value":54,"SourceTimestamp":"2024-04-27T15:12:20.9785456Z","ServerTimestamp":"2024-04-27T15:12:20.9785523Z"},"nsu=http://opcfoundation.org/UA/Plc/Applications;s=FastUIntScalar3":{"Value":54,"SourceTimestamp":"2024-04-27T15:12:20.9785533Z","ServerTimestamp":"2024-04-27T15:12:20.9785548Z"},"nsu=http://opcfoundation.org/UA/Plc/Applications;s=FastRandomUIntScalar1":{"Value":3734641326,"SourceTimestamp":"2024-04-27T15:12:20.9785413Z","ServerTimestamp":"2024-04-27T15:12:20.9785464Z"},"nsu=http://opcfoundation.org/UA/Plc/Applications;s=FastRandomUIntScalar2":{"Value":507645727,"SourceTimestamp":"2024-04-27T15:12:20.9785522Z","ServerTimestamp":"2024-04-27T15:12:20.9785535Z"},"nsu=http://opcfoundation.org/UA/Plc/Applications;s=FastRandomUIntScalar3":{"Value":94655122,"SourceTimestamp":"2024-04-27T15:12:20.9785547Z","ServerTimestamp":"2024-04-27T15:12:20.9785557Z"},"nsu=http://opcfoundation.org/UA/Plc/Applications;s=SpikeData":{"Value":36.812455268467801,"SourceTimestamp":"2024-04-27T15:12:21.7932713Z","ServerTimestamp":"2024-04-27T15:12:21.7932746Z"}}}]