[{"SequenceNumber":49,"MetaDataVersion":{"MajorVersion":1},"Timestamp":"2024-04-27T15:12:23.8281468Z","MessageType":"ua-deltaframe","DataSetWriterName":"<<UnknownDataSet>>","Payload":{"nsu=http://opcfoundation.org/UA/Plc/Applications;s=StepUp":{"Value":568,"SourceTimestamp":"2024-04-27T15:12:23.7806818Z","ServerTimestamp":"2024-04-27T15:12:23.780687Z"},"nsu=http://opcfoundation.org/UA/Plc/Applications;s=RandomSignedInt32":{"Value":-265363771,"SourceTimestamp":"2024-04-27T15:12:23.7807371Z","ServerTimestamp":"2024-04-27T15:12:23.780744Z"},"nsu=http://opcfoundation.org/UA/Plc/Applications;s=RandomUnsignedInt32":{"Value":1974301470,"SourceTimestamp":"2024-04-27T15:12:23.7807266Z","ServerTimestamp":"2024-04-27T15:12:23.7807278Z"},"nsu=http://opcfoundation.org/UA/Plc/Applications;s=DipData":{"Value":-84.432792550201526,"SourceTimestamp":"2024-04-27T15:12:23.7807371Z","ServerTimestamp":"2024-04-27T15:12:23.7807386Z"},"nsu=http://opcfoundation.org/UA/Plc/Applications;s=FastUIntScalar1":{"Value":56,"SourceTimestamp":"2024-04-27T15:12:22.9901457Z","ServerTimestamp":"2024-04-27T15:12:22.9901479Z"},"nsu=http://opcfoundation.org/UA/Plc/Applications;s=FastUIntScalar2":{"Value":56,"SourceTimestamp":"2024-04-27T15:12:22.9901577Z","ServerTimestamp":"2024-04-27T15:12:22.9901644Z"},"nsu=http://opcfoundation.org/UA/Plc/Applications;s=FastUIntScalar3":{"Value":56,"SourceTimestamp":"2024-04-27T15:12:22.9901657Z","ServerTimestamp":"2024-04-27T15:12:22.9901674Z"},"nsu=http://opcfoundation.org/UA/Plc/Applications;s=FastRandomUIntScalar1":{"Value":2509784676,"SourceTimestamp":"2024-04-27T15:12:22.9901495Z","ServerTimestamp":"2024-04-27T15:12:22.9901581Z"},"nsu=http://opcfoundation.org/UA/Plc/Applications;s=FastRandomUIntScalar2":{"Value":2446476851,"SourceTimestamp":"2024-04-27T15:12:22.9901643Z","ServerTimestamp":"2024-04-27T15:12:22.9901658Z"},"nsu=http://opcfoundation.org/UA/Plc/Applications;s=FastRandomUIntScalar3":{"Value":1714619683,"SourceTimestamp":"2024-04-27T15:12:22.9901675Z","ServerTimestamp":"2024-04-27T15:12:22.9901689Z"},"nsu=http://opcfoundation.org/UA/Plc/Applications;s=SpikeData":{"Value":-84.432792550201526,"SourceTimestamp":"2024-04-27T15:12:23.7807905Z","ServerTimestamp":"2024-04-27T15:12:23.7807942Z"}}}]