[{"SequenceNumber":51,"MetaDataVersion":{"MajorVersion":1},"Timestamp":"2024-04-27T15:12:25.8102886Z","MessageType":"ua-deltaframe","DataSetWriterName":"<<UnknownDataSet>>","Payload":{"nsu=http://opcfoundation.org/UA/Plc/Applications;s=StepUp":{"Value":588,"SourceTimestamp":"2024-04-27T15:12:25.7779822Z","ServerTimestamp":"2024-04-27T15:12:25.7779865Z"},"nsu=http://opcfoundation.org/UA/Plc/Applications;s=RandomSignedInt32":{"Value":1560299109,"SourceTimestamp":"2024-04-27T15:12:25.7780305Z","ServerTimestamp":"2024-04-27T15:12:25.7780365Z"},"nsu=http://opcfoundation.org/UA/Plc/Applications;s=RandomUnsignedInt32":{"Value":370011863,"SourceTimestamp":"2024-04-27T15:12:25.7780228Z","ServerTimestamp":"2024-04-27T15:12:25.7780333Z"},"nsu=http://opcfoundation.org/UA/Plc/Applications;s=DipData":{"Value":99.80267284282715,"SourceTimestamp":"2024-04-27T15:12:25.7780462Z","ServerTimestamp":"2024-04-27T15:12:25.7780616Z"},"nsu=http://opcfoundation.org/UA/Plc/Applications;s=FastUIntScalar1":{"Value":58,"SourceTimestamp":"2024-04-27T15:12:24.9883038Z","ServerTimestamp":"2024-04-27T15:12:24.9883062Z"},"nsu=http://opcfoundation.org/UA/Plc/Applications;s=FastUIntScalar2":{"Value":58,"SourceTimestamp":"2024-04-27T15:12:24.9883149Z","ServerTimestamp":"2024-04-27T15:12:24.988317Z"},"nsu=http://opcfoundation.org/UA/Plc/Applications;s=FastUIntScalar3":{"Value":58,"SourceTimestamp":"2024-04-27T15:12:24.9883181Z","ServerTimestamp":"2024-04-27T15:12:24.9883192Z"},"nsu=http://opcfoundation.org/UA/Plc/Applications;s=FastRandomUIntScalar1":{"Value":1378362442,"SourceTimestamp":"2024-04-27T15:12:24.9883073Z","ServerTimestamp":"2024-04-27T15:12:24.9883149Z"},"nsu=http://opcfoundation.org/UA/Plc/Applications;s=FastRandomUIntScalar2":{"Value":3337437405,"SourceTimestamp":"2024-04-27T15:12:24.9883171Z","ServerTimestamp":"2024-04-27T15:12:24.9883182Z"},"nsu=http://opcfoundation.org/UA/Plc/Applications;s=FastRandomUIntScalar3":{"Value":267695838,"SourceTimestamp":"2024-04-27T15:12:24.9883194Z","ServerTimestamp":"2024-04-27T15:12:24.9883202Z"},"nsu=http://opcfoundation.org/UA/Plc/Applications;s=SpikeData":{"Value":99.80267284282715,"SourceTimestamp":"2024-04-27T15:12:25.7780717Z","ServerTimestamp":"2024-04-27T15:12:25.7780948Z"}}}]