[{"SequenceNumber":52,"MetaDataVersion":{"MajorVersion":1},"Timestamp":"2024-04-27T15:12:27.7916282Z","MessageType":"ua-deltaframe","DataSetWriterName":"<<UnknownDataSet>>","Payload":{"nsu=http://opcfoundation.org/UA/Plc/Applications;s=StepUp":{"Value":608,"SourceTimestamp":"2024-04-27T15:12:27.7911845Z","ServerTimestamp":"2024-04-27T15:12:27.7911872Z"},"nsu=http://opcfoundation.org/UA/Plc/Applications;s=AlternatingBoolean":{"Value":true,"SourceTimestamp":"2024-04-27T15:12:27.0824175Z","ServerTimestamp":"2024-04-27T15:12:27.0824259Z"},"nsu=http://opcfoundation.org/UA/Plc/Applications;s=RandomSignedInt32":{"Value":-91754604,"SourceTimestamp":"2024-04-27T15:12:27.6824165Z","ServerTimestamp":"2024-04-27T15:12:27.6824178Z"},"nsu=http://opcfoundation.org/UA/Plc/Applications;s=RandomUnsignedInt32":{"Value":60507348,"SourceTimestamp":"2024-04-27T15:12:27.6824243Z","ServerTimestamp":"2024-04-27T15:12:27.6824255Z"},"nsu=http://opcfoundation.org/UA/Plc/Applications;s=DipData":{"Value":-68.454710592868821,"SourceTimestamp":"2024-04-27T15:12:27.6824422Z","ServerTimestamp":"2024-04-27T15:12:27.6824452Z"},"nsu=http://opcfoundation.org/UA/Plc/Applications;s=FastUIntScalar1":{"Value":60,"SourceTimestamp":"2024-04-27T15:12:26.9839907Z","ServerTimestamp":"2024-04-27T15:12:26.9839913Z"},"nsu=http://opcfoundation.org/UA/Plc/Applications;s=FastUIntScalar2":{"Value":60,"SourceTimestamp":"2024-04-27T15:12:26.9839927Z","ServerTimestamp":"2024-04-27T15:12:26.9839947Z"},"nsu=http://opcfoundation.org/UA/Plc/Applications;s=FastUIntScalar3":{"Value":60,"SourceTimestamp":"2024-04-27T15:12:26.9839959Z","ServerTimestamp":"2024-04-27T15:12:26.9839966Z"},"nsu=http://opcfoundation.org/UA/Plc/Applications;s=FastRandomUIntScalar1":{"Value":4270182367,"SourceTimestamp":"2024-04-27T15:12:26.9839921Z","ServerTimestamp":"2024-04-27T15:12:26.983993Z"},"nsu=http://opcfoundation.org/UA/Plc/Applications;s=FastRandomUIntScalar2":{"Value":1668639841,"SourceTimestamp":"2024-04-27T15:12:26.9839947Z","ServerTimestamp":"2024-04-27T15:12:26.9839957Z"},"nsu=http://opcfoundation.org/UA/Plc/Applications;s=FastRandomUIntScalar3":{"Value":889359034,"SourceTimestamp":"2024-04-27T15:12:26.983997Z","ServerTimestamp":"2024-04-27T15:12:26.9839978Z"},"nsu=http://opcfoundation.org/UA/Plc/Applications;s=NegativeTrendData":{"Value":99.700000000000003,"SourceTimestamp":"2024-04-27T15:12:27.0824449Z","ServerTimestamp":"2024-04-27T15:12:27.0824456Z"},"nsu=http://opcfoundation.org/UA/Plc/Applications;s=PositiveTrendData":{"Value":100.3,"SourceTimestamp":"2024-04-27T15:12:27.0824432Z","ServerTimestamp":"2024-04-27T15:12:27.0824438Z"},"nsu=http://opcfoundation.org/UA/Plc/Applications;s=SpikeData":{"Value":-68.454710592868821,"SourceTimestamp":"2024-04-27T15:12:27.6824989Z","ServerTimestamp":"2024-04-27T15:12:27.6825024Z"}}}]