[{"SequenceNumber":53,"MetaDataVersion":{"MajorVersion":1},"Timestamp":"2024-04-27T15:12:28.8423244Z","MessageType":"ua-deltaframe","DataSetWriterName":"<<UnknownDataSet>>","Payload":{"nsu=http://opcfoundation.org/UA/Plc/Applications;s=StepUp":{"Value":618,"SourceTimestamp":"2024-04-27T15:12:28.7811724Z","ServerTimestamp":"2024-04-27T15:12:28.7811762Z"},"nsu=http://opcfoundation.org/UA/Plc/Applications;s=RandomSignedInt32":{"Value":880035668,"SourceTimestamp":"2024-04-27T15:12:28.7811922Z","ServerTimestamp":"2024-04-27T15:12:28.7811953Z"},"nsu=http://opcfoundation.org/UA/Plc/Applications;s=RandomUnsignedInt32":{"Value":47394650,"SourceTimestamp":"2024-04-27T15:12:28.7812059Z","ServerTimestamp":"2024-04-27T15:12:28.7812072Z"},"nsu=http://opcfoundation.org/UA/Plc/Applications;s=DipData":{"Value":-84.432792550201526,"SourceTimestamp":"2024-04-27T15:12:28.7812046Z","ServerTimestamp":"2024-04-27T15:12:28.7812051Z"},"nsu=http://opcfoundation.org/UA/Plc/Applications;s=FastUIntScalar1":{"Value":61,"SourceTimestamp":"2024-04-27T15:12:27.9901703Z","ServerTimestamp":"2024-04-27T15:12:27.9901849Z"},"nsu=http://opcfoundation.org/UA/Plc/Applications;s=FastUIntScalar2":{"Value":61,"SourceTimestamp":"2024-04-27T15:12:27.990192Z","ServerTimestamp":"2024-04-27T15:12:27.9901932Z"},"nsu=http://opcfoundation.org/UA/Plc/Applications;s=FastUIntScalar3":{"Value":61,"SourceTimestamp":"2024-04-27T15:12:27.9901948Z","ServerTimestamp":"2024-04-27T15:12:27.9901956Z"},"nsu=http://opcfoundation.org/UA/Plc/Applications;s=FastRandomUIntScalar1":{"Value":2629814700,"SourceTimestamp":"2024-04-27T15:12:27.9901659Z","ServerTimestamp":"2024-04-27T15:12:27.990168Z"},"nsu=http://opcfoundation.org/UA/Plc/Applications;s=FastRandomUIntScalar2":{"Value":1089297421,"SourceTimestamp":"2024-04-27T15:12:27.9901825Z","ServerTimestamp":"2024-04-27T15:12:27.9901832Z"},"nsu=http://opcfoundation.org/UA/Plc/Applications;s=FastRandomUIntScalar3":{"Value":644284878,"SourceTimestamp":"2024-04-27T15:12:27.9901845Z","ServerTimestamp":"2024-04-27T15:12:27.990192Z"},"nsu=http://opcfoundation.org/UA/Plc/Applications;s=SpikeData":{"Value":-84.432792550201526,"SourceTimestamp":"2024-04-27T15:12:28.7812082Z","ServerTimestamp":"2024-04-27T15:12:28.7812118Z"}}}]