[{"SequenceNumber":6,"MetaDataVersion":{"MajorVersion":1},"Timestamp":"2024-04-27T15:11:33.8310107Z","MessageType":"ua-deltaframe","DataSetWriterName":"<<UnknownDataSet>>","Payload":{"nsu=http://opcfoundation.org/UA/Plc/Applications;s=StepUp":{"Value":68,"SourceTimestamp":"2024-04-27T15:11:33.7844796Z","ServerTimestamp":"2024-04-27T15:11:33.7844834Z"},"nsu=http://opcfoundation.org/UA/Plc/Applications;s=RandomSignedInt32":{"Value":-108719661,"SourceTimestamp":"2024-04-27T15:11:33.7845436Z","ServerTimestamp":"2024-04-27T15:11:33.7845473Z"},"nsu=http://opcfoundation.org/UA/Plc/Applications;s=RandomUnsignedInt32":{"Value":1780409212,"SourceTimestamp":"2024-04-27T15:11:33.7845346Z","ServerTimestamp":"2024-04-27T15:11:33.7845359Z"},"nsu=http://opcfoundation.org/UA/Plc/Applications;s=DipData":{"Value":-84.432792550201526,"SourceTimestamp":"2024-04-27T15:11:33.7845449Z","ServerTimestamp":"2024-04-27T15:11:33.7845577Z"},"nsu=http://opcfoundation.org/UA/Plc/Applications;s=FastUIntScalar1":{"Value":6,"SourceTimestamp":"2024-04-27T15:11:32.9908039Z","ServerTimestamp":"2024-04-27T15:11:32.9908132Z"},"nsu=http://opcfoundation.org/UA/Plc/Applications;s=FastUIntScalar2":{"Value":6,"SourceTimestamp":"2024-04-27T15:11:32.9908266Z","ServerTimestamp":"2024-04-27T15:11:32.99083Z"},"nsu=http://opcfoundation.org/UA/Plc/Applications;s=FastUIntScalar3":{"Value":6,"SourceTimestamp":"2024-04-27T15:11:32.9908325Z","ServerTimestamp":"2024-04-27T15:11:32.9908356Z"},"nsu=http://opcfoundation.org/UA/Plc/Applications;s=FastRandomUIntScalar1":{"Value":3444712651,"SourceTimestamp":"2024-04-27T15:11:32.9907933Z","ServerTimestamp":"2024-04-27T15:11:32.9907975Z"},"nsu=http://opcfoundation.org/UA/Plc/Applications;s=FastRandomUIntScalar2":{"Value":1078752612,"SourceTimestamp":"2024-04-27T15:11:32.9908123Z","ServerTimestamp":"2024-04-27T15:11:32.9908271Z"},"nsu=http://opcfoundation.org/UA/Plc/Applications;s=FastRandomUIntScalar3":{"Value":4294545496,"SourceTimestamp":"2024-04-27T15:11:32.9908295Z","ServerTimestamp":"2024-04-27T15:11:32.9908331Z"},"nsu=http://opcfoundation.org/UA/Plc/Applications;s=SpikeData":{"Value":-84.432792550201526,"SourceTimestamp":"2024-04-27T15:11:33.7845911Z","ServerTimestamp":"2024-04-27T15:11:33.7845945Z"}}}]