[{"SequenceNumber":54,"MetaDataVersion":{"MajorVersion":1},"Timestamp":"2024-04-27T15:12:29.8356729Z","MessageType":"ua-deltaframe","DataSetWriterName":"<<UnknownDataSet>>","Payload":{"nsu=http://opcfoundation.org/UA/Plc/Applications;s=StepUp":{"Value":628,"SourceTimestamp":"2024-04-27T15:12:29.788804Z","ServerTimestamp":"2024-04-27T15:12:29.7888067Z"},"nsu=http://opcfoundation.org/UA/Plc/Applications;s=RandomSignedInt32":{"Value":-930687248,"SourceTimestamp":"2024-04-27T15:12:29.7888147Z","ServerTimestamp":"2024-04-27T15:12:29.7888185Z"},"nsu=http://opcfoundation.org/UA/Plc/Applications;s=RandomUnsignedInt32":{"Value":704180524,"SourceTimestamp":"2024-04-27T15:12:29.788829Z","ServerTimestamp":"2024-04-27T15:12:29.7888303Z"},"nsu=http://opcfoundation.org/UA/Plc/Applications;s=DipData":{"Value":24.868988716485482,"SourceTimestamp":"2024-04-27T15:12:29.7888385Z","ServerTimestamp":"2024-04-27T15:12:29.7888402Z"},"nsu=http://opcfoundation.org/UA/Plc/Applications;s=FastUIntScalar1":{"Value":62,"SourceTimestamp":"2024-04-27T15:12:28.9803134Z","ServerTimestamp":"2024-04-27T15:12:28.9803156Z"},"nsu=http://opcfoundation.org/UA/Plc/Applications;s=FastUIntScalar2":{"Value":62,"SourceTimestamp":"2024-04-27T15:12:28.9803247Z","ServerTimestamp":"2024-04-27T15:12:28.9803977Z"},"nsu=http://opcfoundation.org/UA/Plc/Applications;s=FastUIntScalar3":{"Value":62,"SourceTimestamp":"2024-04-27T15:12:28.9803998Z","ServerTimestamp":"2024-04-27T15:12:28.9804003Z"},"nsu=http://opcfoundation.org/UA/Plc/Applications;s=FastRandomUIntScalar1":{"Value":3036881235,"SourceTimestamp":"2024-04-27T15:12:28.9803225Z","ServerTimestamp":"2024-04-27T15:12:28.9803381Z"},"nsu=http://opcfoundation.org/UA/Plc/Applications;s=FastRandomUIntScalar2":{"Value":3230055254,"SourceTimestamp":"2024-04-27T15:12:28.9803528Z","ServerTimestamp":"2024-04-27T15:12:28.9803594Z"},"nsu=http://opcfoundation.org/UA/Plc/Applications;s=FastRandomUIntScalar3":{"Value":3759060784,"SourceTimestamp":"2024-04-27T15:12:28.9803608Z","ServerTimestamp":"2024-04-27T15:12:28.9803721Z"},"nsu=http://opcfoundation.org/UA/Plc/Applications;s=SpikeData":{"Value":24.868988716485482,"SourceTimestamp":"2024-04-27T15:12:29.7888394Z","ServerTimestamp":"2024-04-27T15:12:29.7888437Z"}}}]