[{"SequenceNumber":55,"MetaDataVersion":{"MajorVersion":1},"Timestamp":"2024-04-27T15:12:30.8331907Z","MessageType":"ua-deltaframe","DataSetWriterName":"<<UnknownDataSet>>","Payload":{"nsu=http://opcfoundation.org/UA/Plc/Applications;s=StepUp":{"Value":638,"SourceTimestamp":"2024-04-27T15:12:30.7865412Z","ServerTimestamp":"2024-04-27T15:12:30.7865455Z"},"nsu=http://opcfoundation.org/UA/Plc/Applications;s=RandomSignedInt32":{"Value":1342838742,"SourceTimestamp":"2024-04-27T15:12:30.7865899Z","ServerTimestamp":"2024-04-27T15:12:30.786596Z"},"nsu=http://opcfoundation.org/UA/Plc/Applications;s=RandomUnsignedInt32":{"Value":1074368775,"SourceTimestamp":"2024-04-27T15:12:30.7865738Z","ServerTimestamp":"2024-04-27T15:12:30.7865751Z"},"nsu=http://opcfoundation.org/UA/Plc/Applications;s=DipData":{"Value":99.80267284282715,"SourceTimestamp":"2024-04-27T15:12:30.7865892Z","ServerTimestamp":"2024-04-27T15:12:30.7866124Z"},"nsu=http://opcfoundation.org/UA/Plc/Applications;s=FastUIntScalar1":{"Value":63,"SourceTimestamp":"2024-04-27T15:12:29.9919097Z","ServerTimestamp":"2024-04-27T15:12:29.9919134Z"},"nsu=http://opcfoundation.org/UA/Plc/Applications;s=FastUIntScalar2":{"Value":63,"SourceTimestamp":"2024-04-27T15:12:29.9919261Z","ServerTimestamp":"2024-04-27T15:12:29.9919404Z"},"nsu=http://opcfoundation.org/UA/Plc/Applications;s=FastUIntScalar3":{"Value":63,"SourceTimestamp":"2024-04-27T15:12:29.9919437Z","ServerTimestamp":"2024-04-27T15:12:29.991947Z"},"nsu=http://opcfoundation.org/UA/Plc/Applications;s=FastRandomUIntScalar1":{"Value":3669351743,"SourceTimestamp":"2024-04-27T15:12:29.9919154Z","ServerTimestamp":"2024-04-27T15:12:29.9919277Z"},"nsu=http://opcfoundation.org/UA/Plc/Applications;s=FastRandomUIntScalar2":{"Value":1813692492,"SourceTimestamp":"2024-04-27T15:12:29.9919408Z","ServerTimestamp":"2024-04-27T15:12:29.9919441Z"},"nsu=http://opcfoundation.org/UA/Plc/Applications;s=FastRandomUIntScalar3":{"Value":3922503132,"SourceTimestamp":"2024-04-27T15:12:29.9919464Z","ServerTimestamp":"2024-04-27T15:12:29.9919694Z"},"nsu=http://opcfoundation.org/UA/Plc/Applications;s=SpikeData":{"Value":99.80267284282715,"SourceTimestamp":"2024-04-27T15:12:30.7866278Z","ServerTimestamp":"2024-04-27T15:12:30.78663Z"}}}]