[{"SequenceNumber":57,"MetaDataVersion":{"MajorVersion":1},"Timestamp":"2024-04-27T15:12:32.8194722Z","MessageType":"ua-deltaframe","DataSetWriterName":"<<UnknownDataSet>>","Payload":{"nsu=http://opcfoundation.org/UA/Plc/Applications;s=StepUp":{"Value":658,"SourceTimestamp":"2024-04-27T15:12:32.7876729Z","ServerTimestamp":"2024-04-27T15:12:32.7876766Z"},"nsu=http://opcfoundation.org/UA/Plc/Applications;s=AlternatingBoolean":{"Value":false,"SourceTimestamp":"2024-04-27T15:12:32.090357Z","ServerTimestamp":"2024-04-27T15:12:32.0903655Z"},"nsu=http://opcfoundation.org/UA/Plc/Applications;s=RandomSignedInt32":{"Value":-2070785584,"SourceTimestamp":"2024-04-27T15:12:32.787696Z","ServerTimestamp":"2024-04-27T15:12:32.787697Z"},"nsu=http://opcfoundation.org/UA/Plc/Applications;s=RandomUnsignedInt32":{"Value":1159303354,"SourceTimestamp":"2024-04-27T15:12:32.7877019Z","ServerTimestamp":"2024-04-27T15:12:32.7877233Z"},"nsu=http://opcfoundation.org/UA/Plc/Applications;s=DipData":{"Value":-77.0513242775789,"SourceTimestamp":"2024-04-27T15:12:32.7877375Z","ServerTimestamp":"2024-04-27T15:12:32.7877412Z"},"nsu=http://opcfoundation.org/UA/Plc/Applications;s=FastUIntScalar1":{"Value":65,"SourceTimestamp":"2024-04-27T15:12:31.982139Z","ServerTimestamp":"2024-04-27T15:12:31.9821414Z"},"nsu=http://opcfoundation.org/UA/Plc/Applications;s=FastUIntScalar2":{"Value":65,"SourceTimestamp":"2024-04-27T15:12:31.9821521Z","ServerTimestamp":"2024-04-27T15:12:31.9821538Z"},"nsu=http://opcfoundation.org/UA/Plc/Applications;s=FastUIntScalar3":{"Value":65,"SourceTimestamp":"2024-04-27T15:12:31.9821549Z","ServerTimestamp":"2024-04-27T15:12:31.9821553Z"},"nsu=http://opcfoundation.org/UA/Plc/Applications;s=FastRandomUIntScalar1":{"Value":2711524221,"SourceTimestamp":"2024-04-27T15:12:31.9821606Z","ServerTimestamp":"2024-04-27T15:12:31.9821613Z"},"nsu=http://opcfoundation.org/UA/Plc/Applications;s=FastRandomUIntScalar2":{"Value":2958384497,"SourceTimestamp":"2024-04-27T15:12:31.9821622Z","ServerTimestamp":"2024-04-27T15:12:31.9821628Z"},"nsu=http://opcfoundation.org/UA/Plc/Applications;s=FastRandomUIntScalar3":{"Value":1358038801,"SourceTimestamp":"2024-04-27T15:12:31.9821639Z","ServerTimestamp":"2024-04-27T15:12:31.9821643Z"},"nsu=http://opcfoundation.org/UA/Plc/Applications;s=NegativeTrendData":{"Value":99.599999999999994,"SourceTimestamp":"2024-04-27T15:12:32.0903653Z","ServerTimestamp":"2024-04-27T15:12:32.0904317Z"},"nsu=http://opcfoundation.org/UA/Plc/Applications;s=PositiveTrendData":{"Value":100.40000000000001,"SourceTimestamp":"2024-04-27T15:12:32.0903721Z","ServerTimestamp":"2024-04-27T15:12:32.090449Z"},"nsu=http://opcfoundation.org/UA/Plc/Applications;s=SpikeData":{"Value":-77.0513242775789,"SourceTimestamp":"2024-04-27T15:12:32.787735Z","ServerTimestamp":"2024-04-27T15:12:32.7877379Z"}}}]