[{"SequenceNumber":61,"MetaDataVersion":{"MajorVersion":1},"Timestamp":"2024-04-27T15:12:37.8261931Z","MessageType":"ua-deltaframe","DataSetWriterName":"<<UnknownDataSet>>","Payload":{"nsu=http://opcfoundation.org/UA/Plc/Applications;s=StepUp":{"Value":708,"SourceTimestamp":"2024-04-27T15:12:37.7787898Z","ServerTimestamp":"2024-04-27T15:12:37.7787938Z"},"nsu=http://opcfoundation.org/UA/Plc/Applications;s=AlternatingBoolean":{"Value":true,"SourceTimestamp":"2024-04-27T15:12:37.0815631Z","ServerTimestamp":"2024-04-27T15:12:37.0815648Z"},"nsu=http://opcfoundation.org/UA/Plc/Applications;s=RandomSignedInt32":{"Value":2675099,"SourceTimestamp":"2024-04-27T15:12:37.7794855Z","ServerTimestamp":"2024-04-27T15:12:37.7794861Z"},"nsu=http://opcfoundation.org/UA/Plc/Applications;s=RandomUnsignedInt32":{"Value":1324098177,"SourceTimestamp":"2024-04-27T15:12:37.7794896Z","ServerTimestamp":"2024-04-27T15:12:37.7794903Z"},"nsu=http://opcfoundation.org/UA/Plc/Applications;s=DipData":{"Value":-77.0513242775789,"SourceTimestamp":"2024-04-27T15:12:37.7794963Z","ServerTimestamp":"2024-04-27T15:12:37.7794967Z"},"nsu=http://opcfoundation.org/UA/Plc/Applications;s=FastUIntScalar1":{"Value":70,"SourceTimestamp":"2024-04-27T15:12:36.9881222Z","ServerTimestamp":"2024-04-27T15:12:36.9881243Z"},"nsu=http://opcfoundation.org/UA/Plc/Applications;s=FastUIntScalar2":{"Value":70,"SourceTimestamp":"2024-04-27T15:12:36.9881284Z","ServerTimestamp":"2024-04-27T15:12:36.9881296Z"},"nsu=http://opcfoundation.org/UA/Plc/Applications;s=FastUIntScalar3":{"Value":70,"SourceTimestamp":"2024-04-27T15:12:36.9881311Z","ServerTimestamp":"2024-04-27T15:12:36.9881324Z"},"nsu=http://opcfoundation.org/UA/Plc/Applications;s=FastRandomUIntScalar1":{"Value":2492173198,"SourceTimestamp":"2024-04-27T15:12:36.9881455Z","ServerTimestamp":"2024-04-27T15:12:36.9881477Z"},"nsu=http://opcfoundation.org/UA/Plc/Applications;s=FastRandomUIntScalar2":{"Value":1425376734,"SourceTimestamp":"2024-04-27T15:12:36.9881649Z","ServerTimestamp":"2024-04-27T15:12:36.9881686Z"},"nsu=http://opcfoundation.org/UA/Plc/Applications;s=FastRandomUIntScalar3":{"Value":3220945267,"SourceTimestamp":"2024-04-27T15:12:36.988171Z","ServerTimestamp":"2024-04-27T15:12:36.9881763Z"},"nsu=http://opcfoundation.org/UA/Plc/Applications;s=NegativeTrendData":{"Value":99.5,"SourceTimestamp":"2024-04-27T15:12:37.0815865Z","ServerTimestamp":"2024-04-27T15:12:37.0815885Z"},"nsu=http://opcfoundation.org/UA/Plc/Applications;s=PositiveTrendData":{"Value":100.5,"SourceTimestamp":"2024-04-27T15:12:37.0815929Z","ServerTimestamp":"2024-04-27T15:12:37.0815938Z"},"nsu=http://opcfoundation.org/UA/Plc/Applications;s=SpikeData":{"Value":-77.0513242775789,"SourceTimestamp":"2024-04-27T15:12:37.7795066Z","ServerTimestamp":"2024-04-27T15:12:37.7795073Z"}}}]