[{"DataSetWriterId":1,"SequenceNumber":7,"MetaDataVersion":{"MajorVersion":1},"Timestamp":"2024-04-27T15:12:37.8894658Z","MessageType":"ua-deltaframe","DataSetWriterName":"<<UnknownDataSet>>","Payload":{"nsu=http://opcfoundation.org/UA/Plc/Applications;s=SlowUIntScalar1":{"Value":7,"SourceTimestamp":"2024-04-27T15:12:36.9880595Z","ServerTimestamp":"2024-04-27T15:12:36.9880642Z"},"nsu=http://opcfoundation.org/UA/Plc/Applications;s=SlowUIntScalar2":{"Value":7,"SourceTimestamp":"2024-04-27T15:12:36.9880855Z","ServerTimestamp":"2024-04-27T15:12:36.988086Z"},"nsu=http://opcfoundation.org/UA/Plc/Applications;s=SlowUIntScalar3":{"Value":7,"SourceTimestamp":"2024-04-27T15:12:36.988099Z","ServerTimestamp":"2024-04-27T15:12:36.9880996Z"},"nsu=http://opcfoundation.org/UA/Plc/Applications;s=BadSlowUIntScalar1":{"Value":7,"SourceTimestamp":"2024-04-27T15:12:36.9881014Z","ServerTimestamp":"2024-04-27T15:12:36.9881021Z"},"nsu=http://opcfoundation.org/UA/Plc/Applications;s=SlowRandomUIntScalar1":{"Value":2644958130,"SourceTimestamp":"2024-04-27T15:12:36.9880894Z","ServerTimestamp":"2024-04-27T15:12:36.9881138Z"},"nsu=http://opcfoundation.org/UA/Plc/Applications;s=SlowRandomUIntScalar2":{"Value":745864186,"SourceTimestamp":"2024-04-27T15:12:36.988123Z","ServerTimestamp":"2024-04-27T15:12:36.9881284Z"},"nsu=http://opcfoundation.org/UA/Plc/Applications;s=SlowRandomUIntScalar3":{"Value":1964901216,"SourceTimestamp":"2024-04-27T15:12:36.9881297Z","ServerTimestamp":"2024-04-27T15:12:36.9881311Z"},"nsu=http://opcfoundation.org/UA/Plc/Applications;s=BadSlowRandomUIntScalar1":{"Value":40665465,"SourceTimestamp":"2024-04-27T15:12:36.9881328Z","ServerTimestamp":"2024-04-27T15:12:36.9881339Z"}}}]