[{"SequenceNumber":63,"MetaDataVersion":{"MajorVersion":1},"Timestamp":"2024-04-27T15:12:39.8089286Z","MessageType":"ua-deltaframe","DataSetWriterName":"<<UnknownDataSet>>","Payload":{"nsu=http://opcfoundation.org/UA/Plc/Applications;s=StepUp":{"Value":728,"SourceTimestamp":"2024-04-27T15:12:39.7782262Z","ServerTimestamp":"2024-04-27T15:12:39.7782309Z"},"nsu=http://opcfoundation.org/UA/Plc/Applications;s=RandomSignedInt32":{"Value":83584741,"SourceTimestamp":"2024-04-27T15:12:39.7782664Z","ServerTimestamp":"2024-04-27T15:12:39.7782857Z"},"nsu=http://opcfoundation.org/UA/Plc/Applications;s=RandomUnsignedInt32":{"Value":1489631688,"SourceTimestamp":"2024-04-27T15:12:39.7782665Z","ServerTimestamp":"2024-04-27T15:12:39.7782831Z"},"nsu=http://opcfoundation.org/UA/Plc/Applications;s=DipData":{"Value":24.868988716485482,"SourceTimestamp":"2024-04-27T15:12:39.778303Z","ServerTimestamp":"2024-04-27T15:12:39.7783152Z"},"nsu=http://opcfoundation.org/UA/Plc/Applications;s=FastUIntScalar1":{"Value":72,"SourceTimestamp":"2024-04-27T15:12:38.9858842Z","ServerTimestamp":"2024-04-27T15:12:38.9858878Z"},"nsu=http://opcfoundation.org/UA/Plc/Applications;s=FastUIntScalar2":{"Value":72,"SourceTimestamp":"2024-04-27T15:12:38.985902Z","ServerTimestamp":"2024-04-27T15:12:38.9859165Z"},"nsu=http://opcfoundation.org/UA/Plc/Applications;s=FastUIntScalar3":{"Value":72,"SourceTimestamp":"2024-04-27T15:12:38.985919Z","ServerTimestamp":"2024-04-27T15:12:38.9859213Z"},"nsu=http://opcfoundation.org/UA/Plc/Applications;s=FastRandomUIntScalar1":{"Value":2166337074,"SourceTimestamp":"2024-04-27T15:12:38.9858972Z","ServerTimestamp":"2024-04-27T15:12:38.9859034Z"},"nsu=http://opcfoundation.org/UA/Plc/Applications;s=FastRandomUIntScalar2":{"Value":1743982648,"SourceTimestamp":"2024-04-27T15:12:38.9859167Z","ServerTimestamp":"2024-04-27T15:12:38.9859191Z"},"nsu=http://opcfoundation.org/UA/Plc/Applications;s=FastRandomUIntScalar3":{"Value":498655371,"SourceTimestamp":"2024-04-27T15:12:38.9859215Z","ServerTimestamp":"2024-04-27T15:12:38.9859233Z"},"nsu=http://opcfoundation.org/UA/Plc/Applications;s=SpikeData":{"Value":24.868988716485482,"SourceTimestamp":"2024-04-27T15:12:39.7783309Z","ServerTimestamp":"2024-04-27T15:12:39.7783362Z"}}}]