[{"SequenceNumber":68,"MetaDataVersion":{"MajorVersion":1},"Timestamp":"2024-04-27T15:12:45.8090691Z","MessageType":"ua-deltaframe","DataSetWriterName":"<<UnknownDataSet>>","Payload":{"nsu=http://opcfoundation.org/UA/Plc/Applications;s=StepUp":{"Value":788,"SourceTimestamp":"2024-04-27T15:12:45.7778408Z","ServerTimestamp":"2024-04-27T15:12:45.7778442Z"},"nsu=http://opcfoundation.org/UA/Plc/Applications;s=RandomSignedInt32":{"Value":-1569135670,"SourceTimestamp":"2024-04-27T15:12:45.7778542Z","ServerTimestamp":"2024-04-27T15:12:45.7778632Z"},"nsu=http://opcfoundation.org/UA/Plc/Applications;s=RandomUnsignedInt32":{"Value":1552860799,"SourceTimestamp":"2024-04-27T15:12:45.7778733Z","ServerTimestamp":"2024-04-27T15:12:45.777877Z"},"nsu=http://opcfoundation.org/UA/Plc/Applications;s=DipData":{"Value":99.80267284282715,"SourceTimestamp":"2024-04-27T15:12:45.777872Z","ServerTimestamp":"2024-04-27T15:12:45.7778828Z"},"nsu=http://opcfoundation.org/UA/Plc/Applications;s=FastUIntScalar1":{"Value":78,"SourceTimestamp":"2024-04-27T15:12:44.9909278Z","ServerTimestamp":"2024-04-27T15:12:44.990932Z"},"nsu=http://opcfoundation.org/UA/Plc/Applications;s=FastUIntScalar2":{"Value":78,"SourceTimestamp":"2024-04-27T15:12:44.9909461Z","ServerTimestamp":"2024-04-27T15:12:44.9909473Z"},"nsu=http://opcfoundation.org/UA/Plc/Applications;s=FastUIntScalar3":{"Value":78,"SourceTimestamp":"2024-04-27T15:12:44.9909496Z","ServerTimestamp":"2024-04-27T15:12:44.9909504Z"},"nsu=http://opcfoundation.org/UA/Plc/Applications;s=FastRandomUIntScalar1":{"Value":2369545215,"SourceTimestamp":"2024-04-27T15:12:44.9909486Z","ServerTimestamp":"2024-04-27T15:12:44.9909534Z"},"nsu=http://opcfoundation.org/UA/Plc/Applications;s=FastRandomUIntScalar2":{"Value":2929965837,"SourceTimestamp":"2024-04-27T15:12:44.9909669Z","ServerTimestamp":"2024-04-27T15:12:44.9909681Z"},"nsu=http://opcfoundation.org/UA/Plc/Applications;s=FastRandomUIntScalar3":{"Value":2131074328,"SourceTimestamp":"2024-04-27T15:12:44.9909716Z","ServerTimestamp":"2024-04-27T15:12:44.9909729Z"},"nsu=http://opcfoundation.org/UA/Plc/Applications;s=SpikeData":{"Value":99.80267284282715,"SourceTimestamp":"2024-04-27T15:12:45.7778781Z","ServerTimestamp":"2024-04-27T15:12:45.7778817Z"}}}]