[{"SequenceNumber":69,"MetaDataVersion":{"MajorVersion":1},"Timestamp":"2024-04-27T15:12:47.7906082Z","MessageType":"ua-deltaframe","DataSetWriterName":"<<UnknownDataSet>>","Payload":{"nsu=http://opcfoundation.org/UA/Plc/Applications;s=StepUp":{"Value":807,"SourceTimestamp":"2024-04-27T15:12:47.680838Z","ServerTimestamp":"2024-04-27T15:12:47.6808411Z"},"nsu=http://opcfoundation.org/UA/Plc/Applications;s=AlternatingBoolean":{"Value":true,"SourceTimestamp":"2024-04-27T15:12:47.0901446Z","ServerTimestamp":"2024-04-27T15:12:47.0901465Z"},"nsu=http://opcfoundation.org/UA/Plc/Applications;s=RandomSignedInt32":{"Value":1508780374,"SourceTimestamp":"2024-04-27T15:12:47.6808591Z","ServerTimestamp":"2024-04-27T15:12:47.6808655Z"},"nsu=http://opcfoundation.org/UA/Plc/Applications;s=RandomUnsignedInt32":{"Value":470217524,"SourceTimestamp":"2024-04-27T15:12:47.6808531Z","ServerTimestamp":"2024-04-27T15:12:47.6808537Z"},"nsu=http://opcfoundation.org/UA/Plc/Applications;s=DipData":{"Value":-68.454710592868821,"SourceTimestamp":"2024-04-27T15:12:47.6808624Z","ServerTimestamp":"2024-04-27T15:12:47.6808638Z"},"nsu=http://opcfoundation.org/UA/Plc/Applications;s=FastUIntScalar1":{"Value":80,"SourceTimestamp":"2024-04-27T15:12:46.980788Z","ServerTimestamp":"2024-04-27T15:12:46.9807888Z"},"nsu=http://opcfoundation.org/UA/Plc/Applications;s=FastUIntScalar2":{"Value":80,"SourceTimestamp":"2024-04-27T15:12:46.9807906Z","ServerTimestamp":"2024-04-27T15:12:46.9807921Z"},"nsu=http://opcfoundation.org/UA/Plc/Applications;s=FastUIntScalar3":{"Value":80,"SourceTimestamp":"2024-04-27T15:12:46.9807932Z","ServerTimestamp":"2024-04-27T15:12:46.9807971Z"},"nsu=http://opcfoundation.org/UA/Plc/Applications;s=FastRandomUIntScalar1":{"Value":3636656386,"SourceTimestamp":"2024-04-27T15:12:46.9807927Z","ServerTimestamp":"2024-04-27T15:12:46.9807939Z"},"nsu=http://opcfoundation.org/UA/Plc/Applications;s=FastRandomUIntScalar2":{"Value":2004348691,"SourceTimestamp":"2024-04-27T15:12:46.9807961Z","ServerTimestamp":"2024-04-27T15:12:46.9807991Z"},"nsu=http://opcfoundation.org/UA/Plc/Applications;s=FastRandomUIntScalar3":{"Value":1698792092,"SourceTimestamp":"2024-04-27T15:12:46.9808004Z","ServerTimestamp":"2024-04-27T15:12:46.9808013Z"},"nsu=http://opcfoundation.org/UA/Plc/Applications;s=NegativeTrendData":{"Value":99.299999999999997,"SourceTimestamp":"2024-04-27T15:12:47.0901637Z","ServerTimestamp":"2024-04-27T15:12:47.0901659Z"},"nsu=http://opcfoundation.org/UA/Plc/Applications;s=PositiveTrendData":{"Value":100.7,"SourceTimestamp":"2024-04-27T15:12:47.090169Z","ServerTimestamp":"2024-04-27T15:12:47.09017Z"},"nsu=http://opcfoundation.org/UA/Plc/Applications;s=SpikeData":{"Value":-68.454710592868821,"SourceTimestamp":"2024-04-27T15:12:47.6808665Z","ServerTimestamp":"2024-04-27T15:12:47.6808705Z"}}}]