[{"SequenceNumber":71,"MetaDataVersion":{"MajorVersion":1},"Timestamp":"2024-04-27T15:12:49.8308233Z","MessageType":"ua-deltaframe","DataSetWriterName":"<<UnknownDataSet>>","Payload":{"nsu=http://opcfoundation.org/UA/Plc/Applications;s=StepUp":{"Value":828,"SourceTimestamp":"2024-04-27T15:12:49.7838978Z","ServerTimestamp":"2024-04-27T15:12:49.7839013Z"},"nsu=http://opcfoundation.org/UA/Plc/Applications;s=RandomSignedInt32":{"Value":-562979210,"SourceTimestamp":"2024-04-27T15:12:49.7839086Z","ServerTimestamp":"2024-04-27T15:12:49.7839118Z"},"nsu=http://opcfoundation.org/UA/Plc/Applications;s=RandomUnsignedInt32":{"Value":1259306254,"SourceTimestamp":"2024-04-27T15:12:49.7839231Z","ServerTimestamp":"2024-04-27T15:12:49.7839248Z"},"nsu=http://opcfoundation.org/UA/Plc/Applications;s=DipData":{"Value":24.868988716485482,"SourceTimestamp":"2024-04-27T15:12:49.78393Z","ServerTimestamp":"2024-04-27T15:12:49.7839361Z"},"nsu=http://opcfoundation.org/UA/Plc/Applications;s=FastUIntScalar1":{"Value":82,"SourceTimestamp":"2024-04-27T15:12:48.9781424Z","ServerTimestamp":"2024-04-27T15:12:48.9781449Z"},"nsu=http://opcfoundation.org/UA/Plc/Applications;s=FastUIntScalar2":{"Value":82,"SourceTimestamp":"2024-04-27T15:12:48.9781558Z","ServerTimestamp":"2024-04-27T15:12:48.9781564Z"},"nsu=http://opcfoundation.org/UA/Plc/Applications;s=FastUIntScalar3":{"Value":82,"SourceTimestamp":"2024-04-27T15:12:48.978158Z","ServerTimestamp":"2024-04-27T15:12:48.9781641Z"},"nsu=http://opcfoundation.org/UA/Plc/Applications;s=FastRandomUIntScalar1":{"Value":3301723204,"SourceTimestamp":"2024-04-27T15:12:48.9781449Z","ServerTimestamp":"2024-04-27T15:12:48.9781583Z"},"nsu=http://opcfoundation.org/UA/Plc/Applications;s=FastRandomUIntScalar2":{"Value":2869267167,"SourceTimestamp":"2024-04-27T15:12:48.9781644Z","ServerTimestamp":"2024-04-27T15:12:48.9781652Z"},"nsu=http://opcfoundation.org/UA/Plc/Applications;s=FastRandomUIntScalar3":{"Value":3499989670,"SourceTimestamp":"2024-04-27T15:12:48.9781663Z","ServerTimestamp":"2024-04-27T15:12:48.978167Z"},"nsu=http://opcfoundation.org/UA/Plc/Applications;s=SpikeData":{"Value":24.868988716485482,"SourceTimestamp":"2024-04-27T15:12:49.7839341Z","ServerTimestamp":"2024-04-27T15:12:49.783977Z"}}}]