[{"SequenceNumber":78,"MetaDataVersion":{"MajorVersion":1},"Timestamp":"2024-04-27T15:12:57.8269563Z","MessageType":"ua-deltaframe","DataSetWriterName":"<<UnknownDataSet>>","Payload":{"nsu=http://opcfoundation.org/UA/Plc/Applications;s=StepUp":{"Value":908,"SourceTimestamp":"2024-04-27T15:12:57.7809457Z","ServerTimestamp":"2024-04-27T15:12:57.7809492Z"},"nsu=http://opcfoundation.org/UA/Plc/Applications;s=AlternatingBoolean":{"Value":true,"SourceTimestamp":"2024-04-27T15:12:57.0867368Z","ServerTimestamp":"2024-04-27T15:12:57.086744Z"},"nsu=http://opcfoundation.org/UA/Plc/Applications;s=RandomSignedInt32":{"Value":1650781646,"SourceTimestamp":"2024-04-27T15:12:57.7809779Z","ServerTimestamp":"2024-04-27T15:12:57.7809792Z"},"nsu=http://opcfoundation.org/UA/Plc/Applications;s=RandomUnsignedInt32":{"Value":370433999,"SourceTimestamp":"2024-04-27T15:12:57.7809861Z","ServerTimestamp":"2024-04-27T15:12:57.7809874Z"},"nsu=http://opcfoundation.org/UA/Plc/Applications;s=DipData":{"Value":-77.0513242775789,"SourceTimestamp":"2024-04-27T15:12:57.7810017Z","ServerTimestamp":"2024-04-27T15:12:57.7810027Z"},"nsu=http://opcfoundation.org/UA/Plc/Applications;s=FastUIntScalar1":{"Value":90,"SourceTimestamp":"2024-04-27T15:12:56.9799681Z","ServerTimestamp":"2024-04-27T15:12:56.9799731Z"},"nsu=http://opcfoundation.org/UA/Plc/Applications;s=FastUIntScalar2":{"Value":90,"SourceTimestamp":"2024-04-27T15:12:56.9799819Z","ServerTimestamp":"2024-04-27T15:12:56.9799842Z"},"nsu=http://opcfoundation.org/UA/Plc/Applications;s=FastUIntScalar3":{"Value":90,"SourceTimestamp":"2024-04-27T15:12:56.9799869Z","ServerTimestamp":"2024-04-27T15:12:56.9799879Z"},"nsu=http://opcfoundation.org/UA/Plc/Applications;s=FastRandomUIntScalar1":{"Value":1564319798,"SourceTimestamp":"2024-04-27T15:12:56.9799651Z","ServerTimestamp":"2024-04-27T15:12:56.9799666Z"},"nsu=http://opcfoundation.org/UA/Plc/Applications;s=FastRandomUIntScalar2":{"Value":1370910031,"SourceTimestamp":"2024-04-27T15:12:56.9799693Z","ServerTimestamp":"2024-04-27T15:12:56.9799703Z"},"nsu=http://opcfoundation.org/UA/Plc/Applications;s=FastRandomUIntScalar3":{"Value":1462797773,"SourceTimestamp":"2024-04-27T15:12:56.9799729Z","ServerTimestamp":"2024-04-27T15:12:56.9799821Z"},"nsu=http://opcfoundation.org/UA/Plc/Applications;s=NegativeTrendData":{"Value":99.099999999999994,"SourceTimestamp":"2024-04-27T15:12:57.0867703Z","ServerTimestamp":"2024-04-27T15:12:57.086822Z"},"nsu=http://opcfoundation.org/UA/Plc/Applications;s=PositiveTrendData":{"Value":100.90000000000001,"SourceTimestamp":"2024-04-27T15:12:57.0867684Z","ServerTimestamp":"2024-04-27T15:12:57.0868074Z"},"nsu=http://opcfoundation.org/UA/Plc/Applications;s=SpikeData":{"Value":-77.0513242775789,"SourceTimestamp":"2024-04-27T15:12:57.7817794Z","ServerTimestamp":"2024-04-27T15:12:57.7817808Z"}}}]