[{"SequenceNumber":83,"MetaDataVersion":{"MajorVersion":1},"Timestamp":"2024-04-27T15:13:03.8199729Z","MessageType":"ua-deltaframe","DataSetWriterName":"<<UnknownDataSet>>","Payload":{"nsu=http://opcfoundation.org/UA/Plc/Applications;s=StepUp":{"Value":968,"SourceTimestamp":"2024-04-27T15:13:03.7897667Z","ServerTimestamp":"2024-04-27T15:13:03.7897721Z"},"nsu=http://opcfoundation.org/UA/Plc/Applications;s=RandomSignedInt32":{"Value":1489390054,"SourceTimestamp":"2024-04-27T15:13:03.7897762Z","ServerTimestamp":"2024-04-27T15:13:03.7897953Z"},"nsu=http://opcfoundation.org/UA/Plc/Applications;s=RandomUnsignedInt32":{"Value":925696461,"SourceTimestamp":"2024-04-27T15:13:03.7897901Z","ServerTimestamp":"2024-04-27T15:13:03.7897915Z"},"nsu=http://opcfoundation.org/UA/Plc/Applications;s=DipData":{"Value":-84.432792550201526,"SourceTimestamp":"2024-04-27T15:13:03.7898067Z","ServerTimestamp":"2024-04-27T15:13:03.789827Z"},"nsu=http://opcfoundation.org/UA/Plc/Applications;s=FastUIntScalar1":{"Value":96,"SourceTimestamp":"2024-04-27T15:13:02.985402Z","ServerTimestamp":"2024-04-27T15:13:02.9854043Z"},"nsu=http://opcfoundation.org/UA/Plc/Applications;s=FastUIntScalar2":{"Value":96,"SourceTimestamp":"2024-04-27T15:13:02.9854128Z","ServerTimestamp":"2024-04-27T15:13:02.9854198Z"},"nsu=http://opcfoundation.org/UA/Plc/Applications;s=FastUIntScalar3":{"Value":96,"SourceTimestamp":"2024-04-27T15:13:02.9854215Z","ServerTimestamp":"2024-04-27T15:13:02.9854221Z"},"nsu=http://opcfoundation.org/UA/Plc/Applications;s=FastRandomUIntScalar1":{"Value":3353160414,"SourceTimestamp":"2024-04-27T15:13:02.98541Z","ServerTimestamp":"2024-04-27T15:13:02.9854133Z"},"nsu=http://opcfoundation.org/UA/Plc/Applications;s=FastRandomUIntScalar2":{"Value":3466720449,"SourceTimestamp":"2024-04-27T15:13:02.9854199Z","ServerTimestamp":"2024-04-27T15:13:02.9854212Z"},"nsu=http://opcfoundation.org/UA/Plc/Applications;s=FastRandomUIntScalar3":{"Value":3383193340,"SourceTimestamp":"2024-04-27T15:13:02.9854226Z","ServerTimestamp":"2024-04-27T15:13:02.9854244Z"},"nsu=http://opcfoundation.org/UA/Plc/Applications;s=SpikeData":{"Value":1000,"SourceTimestamp":"2024-04-27T15:13:03.7898301Z","ServerTimestamp":"2024-04-27T15:13:03.7898318Z"}}}]