{"nsu=http://opcfoundation.org/UA/Plc/Applications;s=StepUp":{"Value":105,"SourceTimestamp":"2024-04-26T12:19:34.1110832Z","ServerTimestamp":"2024-04-26T12:19:34.1111174Z"},"nsu=http://opcfoundation.org/UA/Plc/Applications;s=AlternatingBoolean":{"Value":true,"SourceTimestamp":"2024-04-26T12:19:33.7039324Z","ServerTimestamp":"2024-04-26T12:19:33.7039341Z"},"nsu=http://opcfoundation.org/UA/Plc/Applications;s=RandomSignedInt32":{"Value":-346536485,"SourceTimestamp":"2024-04-26T12:19:34.1110928Z","ServerTimestamp":"2024-04-26T12:19:34.1110949Z"},"nsu=http://opcfoundation.org/UA/Plc/Applications;s=RandomUnsignedInt32":{"Value":859809141,"SourceTimestamp":"2024-04-26T12:19:34.1111095Z","ServerTimestamp":"2024-04-26T12:19:34.1111112Z"},"nsu=http://opcfoundation.org/UA/Plc/Applications;s=DipData":{"Value":-48.175367410171532,"SourceTimestamp":"2024-04-26T12:19:34.1111219Z","ServerTimestamp":"2024-04-26T12:19:34.1111241Z"},"nsu=http://opcfoundation.org/UA/Plc/Applications;s=FastUIntScalar1":{"Value":10,"SourceTimestamp":"2024-04-26T12:19:33.6174885Z","ServerTimestamp":"2024-04-26T12:19:33.6174892Z"}}