{"nsu=http://opcfoundation.org/UA/Plc/Applications;s=StepUp":{"Value":1076,"SourceTimestamp":"2024-04-26T12:21:11.2108732Z","ServerTimestamp":"2024-04-26T12:21:11.2108778Z"},"nsu=http://opcfoundation.org/UA/Plc/Applications;s=RandomSignedInt32":{"Value":-61374849,"SourceTimestamp":"2024-04-26T12:21:11.2109066Z","ServerTimestamp":"2024-04-26T12:21:11.2109108Z"},"nsu=http://opcfoundation.org/UA/Plc/Applications;s=RandomUnsignedInt32":{"Value":405629065,"SourceTimestamp":"2024-04-26T12:21:11.2109041Z","ServerTimestamp":"2024-04-26T12:21:11.210905Z"},"nsu=http://opcfoundation.org/UA/Plc/Applications;s=DipData":{"Value":-3.2162452993532734E-14,"SourceTimestamp":"2024-04-26T12:21:11.2109221Z","ServerTimestamp":"2024-04-26T12:21:11.2109301Z"},"nsu=http://opcfoundation.org/UA/Plc/Applications;s=FastUIntScalar1":{"Value":107,"SourceTimestamp":"2024-04-26T12:21:10.6143856Z","ServerTimestamp":"2024-04-26T12:21:10.614389Z"}}