{"nsu=http://opcfoundation.org/UA/Plc/Applications;s=StepUp":{"Value":1155,"SourceTimestamp":"2024-04-26T12:21:19.11051Z","ServerTimestamp":"2024-04-26T12:21:19.1105138Z"},"nsu=http://opcfoundation.org/UA/Plc/Applications;s=AlternatingBoolean":{"Value":false,"SourceTimestamp":"2024-04-26T12:21:18.7091517Z","ServerTimestamp":"2024-04-26T12:21:18.7091536Z"},"nsu=http://opcfoundation.org/UA/Plc/Applications;s=RandomSignedInt32":{"Value":749245625,"SourceTimestamp":"2024-04-26T12:21:19.1105404Z","ServerTimestamp":"2024-04-26T12:21:19.1105559Z"},"nsu=http://opcfoundation.org/UA/Plc/Applications;s=RandomUnsignedInt32":{"Value":488344023,"SourceTimestamp":"2024-04-26T12:21:19.1105519Z","ServerTimestamp":"2024-04-26T12:21:19.1105526Z"},"nsu=http://opcfoundation.org/UA/Plc/Applications;s=DipData":{"Value":-48.175367410171532,"SourceTimestamp":"2024-04-26T12:21:19.1105607Z","ServerTimestamp":"2024-04-26T12:21:19.1105647Z"},"nsu=http://opcfoundation.org/UA/Plc/Applications;s=FastUIntScalar1":{"Value":115,"SourceTimestamp":"2024-04-26T12:21:18.6025126Z","ServerTimestamp":"2024-04-26T12:21:18.6025143Z"}}