{"nsu=http://opcfoundation.org/UA/Plc/Applications;s=StepUp":{"Value":175,"SourceTimestamp":"2024-04-26T12:19:41.1074073Z","ServerTimestamp":"2024-04-26T12:19:41.1074443Z"},"nsu=http://opcfoundation.org/UA/Plc/Applications;s=RandomSignedInt32":{"Value":-519267040,"SourceTimestamp":"2024-04-26T12:19:41.1074073Z","ServerTimestamp":"2024-04-26T12:19:41.1074222Z"},"nsu=http://opcfoundation.org/UA/Plc/Applications;s=RandomUnsignedInt32":{"Value":747259462,"SourceTimestamp":"2024-04-26T12:19:41.1074182Z","ServerTimestamp":"2024-04-26T12:19:41.1074612Z"},"nsu=http://opcfoundation.org/UA/Plc/Applications;s=DipData":{"Value":-12.533323356430429,"SourceTimestamp":"2024-04-26T12:19:41.107438Z","ServerTimestamp":"2024-04-26T12:19:41.1074397Z"},"nsu=http://opcfoundation.org/UA/Plc/Applications;s=FastUIntScalar1":{"Value":17,"SourceTimestamp":"2024-04-26T12:19:40.6127642Z","ServerTimestamp":"2024-04-26T12:19:40.6127671Z"}}