{"nsu=http://opcfoundation.org/UA/Plc/Applications;s=StepUp":{"Value":186,"SourceTimestamp":"2024-04-26T12:19:42.2035564Z","ServerTimestamp":"2024-04-26T12:19:42.2035605Z"},"nsu=http://opcfoundation.org/UA/Plc/Applications;s=RandomSignedInt32":{"Value":88225955,"SourceTimestamp":"2024-04-26T12:19:42.2035703Z","ServerTimestamp":"2024-04-26T12:19:42.2035768Z"},"nsu=http://opcfoundation.org/UA/Plc/Applications;s=RandomUnsignedInt32":{"Value":1457523322,"SourceTimestamp":"2024-04-26T12:19:42.2035749Z","ServerTimestamp":"2024-04-26T12:19:42.2035958Z"},"nsu=http://opcfoundation.org/UA/Plc/Applications;s=DipData":{"Value":95.10565162951535,"SourceTimestamp":"2024-04-26T12:19:42.2035879Z","ServerTimestamp":"2024-04-26T12:19:42.2035892Z"},"nsu=http://opcfoundation.org/UA/Plc/Applications;s=FastUIntScalar1":{"Value":18,"SourceTimestamp":"2024-04-26T12:19:41.6163627Z","ServerTimestamp":"2024-04-26T12:19:41.6163649Z"}}