{"nsu=http://opcfoundation.org/UA/Plc/Applications;s=StepUp":{"Value":195,"SourceTimestamp":"2024-04-26T12:19:43.106122Z","ServerTimestamp":"2024-04-26T12:19:43.106134Z"},"nsu=http://opcfoundation.org/UA/Plc/Applications;s=RandomSignedInt32":{"Value":-1264619028,"SourceTimestamp":"2024-04-26T12:19:43.1061381Z","ServerTimestamp":"2024-04-26T12:19:43.1061405Z"},"nsu=http://opcfoundation.org/UA/Plc/Applications;s=RandomUnsignedInt32":{"Value":1128828800,"SourceTimestamp":"2024-04-26T12:19:43.1061425Z","ServerTimestamp":"2024-04-26T12:19:43.1061447Z"},"nsu=http://opcfoundation.org/UA/Plc/Applications;s=DipData":{"Value":68.454710592868878,"SourceTimestamp":"2024-04-26T12:19:43.1061564Z","ServerTimestamp":"2024-04-26T12:19:43.1061584Z"},"nsu=http://opcfoundation.org/UA/Plc/Applications;s=FastUIntScalar1":{"Value":19,"SourceTimestamp":"2024-04-26T12:19:42.6117154Z","ServerTimestamp":"2024-04-26T12:19:42.6117179Z"}}