{"nsu=http://opcfoundation.org/UA/Plc/Applications;s=StepUp":{"Value":206,"SourceTimestamp":"2024-04-26T12:19:44.2043407Z","ServerTimestamp":"2024-04-26T12:19:44.2043637Z"},"nsu=http://opcfoundation.org/UA/Plc/Applications;s=AlternatingBoolean":{"Value":true,"SourceTimestamp":"2024-04-26T12:19:43.7175862Z","ServerTimestamp":"2024-04-26T12:19:43.7175922Z"},"nsu=http://opcfoundation.org/UA/Plc/Applications;s=RandomSignedInt32":{"Value":1524675478,"SourceTimestamp":"2024-04-26T12:19:44.204355Z","ServerTimestamp":"2024-04-26T12:19:44.2043573Z"},"nsu=http://opcfoundation.org/UA/Plc/Applications;s=RandomUnsignedInt32":{"Value":1904529782,"SourceTimestamp":"2024-04-26T12:19:44.204363Z","ServerTimestamp":"2024-04-26T12:19:44.2043673Z"},"nsu=http://opcfoundation.org/UA/Plc/Applications;s=DipData":{"Value":-58.778525229247258,"SourceTimestamp":"2024-04-26T12:19:44.2043773Z","ServerTimestamp":"2024-04-26T12:19:44.204378Z"},"nsu=http://opcfoundation.org/UA/Plc/Applications;s=FastUIntScalar1":{"Value":20,"SourceTimestamp":"2024-04-26T12:19:43.6158861Z","ServerTimestamp":"2024-04-26T12:19:43.6158869Z"}}