{"nsu=http://opcfoundation.org/UA/Plc/Applications;s=StepUp":{"Value":26,"SourceTimestamp":"2024-04-26T12:19:26.2070582Z","ServerTimestamp":"2024-04-26T12:19:26.2070614Z"},"nsu=http://opcfoundation.org/UA/Plc/Applications;s=AlternatingBoolean":{"Value":true,"SourceTimestamp":"2024-04-26T12:19:25.2182804Z","ServerTimestamp":"2024-04-26T12:19:25.226348Z"},"nsu=http://opcfoundation.org/UA/Plc/Applications;s=RandomSignedInt32":{"Value":-559868704,"SourceTimestamp":"2024-04-26T12:19:26.2070713Z","ServerTimestamp":"2024-04-26T12:19:26.2070746Z"},"nsu=http://opcfoundation.org/UA/Plc/Applications;s=RandomUnsignedInt32":{"Value":751624056,"SourceTimestamp":"2024-04-26T12:19:26.207072Z","ServerTimestamp":"2024-04-26T12:19:26.2070724Z"},"nsu=http://opcfoundation.org/UA/Plc/Applications;s=DipData":{"Value":-12.533323356430429,"SourceTimestamp":"2024-04-26T12:19:26.1137935Z","ServerTimestamp":"2024-04-26T12:19:26.1137946Z"},"nsu=http://opcfoundation.org/UA/Plc/Applications;s=FastUIntScalar1":{"Value":2,"SourceTimestamp":"2024-04-26T12:19:25.6066572Z","ServerTimestamp":"2024-04-26T12:19:25.6073871Z"}}