{"nsu=http://opcfoundation.org/UA/Plc/Applications;s=StepUp":{"Value":225,"SourceTimestamp":"2024-04-26T12:19:46.1050006Z","ServerTimestamp":"2024-04-26T12:19:46.1050045Z"},"nsu=http://opcfoundation.org/UA/Plc/Applications;s=RandomSignedInt32":{"Value":-1078060879,"SourceTimestamp":"2024-04-26T12:19:46.105027Z","ServerTimestamp":"2024-04-26T12:19:46.1050285Z"},"nsu=http://opcfoundation.org/UA/Plc/Applications;s=RandomUnsignedInt32":{"Value":976387424,"SourceTimestamp":"2024-04-26T12:19:46.1050234Z","ServerTimestamp":"2024-04-26T12:19:46.1050239Z"},"nsu=http://opcfoundation.org/UA/Plc/Applications;s=DipData":{"Value":-12.533323356430429,"SourceTimestamp":"2024-04-26T12:19:46.1050337Z","ServerTimestamp":"2024-04-26T12:19:46.105041Z"},"nsu=http://opcfoundation.org/UA/Plc/Applications;s=FastUIntScalar1":{"Value":22,"SourceTimestamp":"2024-04-26T12:19:45.6086939Z","ServerTimestamp":"2024-04-26T12:19:45.6086965Z"}}