{"nsu=http://opcfoundation.org/UA/Plc/Applications;s=StepUp":{"Value":235,"SourceTimestamp":"2024-04-26T12:19:47.105263Z","ServerTimestamp":"2024-04-26T12:19:47.1052656Z"},"nsu=http://opcfoundation.org/UA/Plc/Applications;s=RandomSignedInt32":{"Value":-869680880,"SourceTimestamp":"2024-04-26T12:19:47.1052838Z","ServerTimestamp":"2024-04-26T12:19:47.1052854Z"},"nsu=http://opcfoundation.org/UA/Plc/Applications;s=RandomUnsignedInt32":{"Value":774113985,"SourceTimestamp":"2024-04-26T12:19:47.1052815Z","ServerTimestamp":"2024-04-26T12:19:47.1052835Z"},"nsu=http://opcfoundation.org/UA/Plc/Applications;s=DipData":{"Value":90.482705246601952,"SourceTimestamp":"2024-04-26T12:19:47.1052925Z","ServerTimestamp":"2024-04-26T12:19:47.1052932Z"},"nsu=http://opcfoundation.org/UA/Plc/Applications;s=FastUIntScalar1":{"Value":23,"SourceTimestamp":"2024-04-26T12:19:46.6087699Z","ServerTimestamp":"2024-04-26T12:19:46.6087723Z"}}