{"nsu=http://opcfoundation.org/UA/Plc/Applications;s=StepUp":{"Value":255,"SourceTimestamp":"2024-04-26T12:19:49.1153593Z","ServerTimestamp":"2024-04-26T12:19:49.1153632Z"},"nsu=http://opcfoundation.org/UA/Plc/Applications;s=AlternatingBoolean":{"Value":false,"SourceTimestamp":"2024-04-26T12:19:48.7147481Z","ServerTimestamp":"2024-04-26T12:19:48.7147505Z"},"nsu=http://opcfoundation.org/UA/Plc/Applications;s=RandomSignedInt32":{"Value":-1083338850,"SourceTimestamp":"2024-04-26T12:19:49.1153755Z","ServerTimestamp":"2024-04-26T12:19:49.115384Z"},"nsu=http://opcfoundation.org/UA/Plc/Applications;s=RandomUnsignedInt32":{"Value":1130189725,"SourceTimestamp":"2024-04-26T12:19:49.1153815Z","ServerTimestamp":"2024-04-26T12:19:49.1153819Z"},"nsu=http://opcfoundation.org/UA/Plc/Applications;s=DipData":{"Value":-48.175367410171532,"SourceTimestamp":"2024-04-26T12:19:49.115391Z","ServerTimestamp":"2024-04-26T12:19:49.1153918Z"},"nsu=http://opcfoundation.org/UA/Plc/Applications;s=FastUIntScalar1":{"Value":25,"SourceTimestamp":"2024-04-26T12:19:48.6052805Z","ServerTimestamp":"2024-04-26T12:19:48.6052818Z"}}