{"nsu=http://opcfoundation.org/UA/Plc/Applications;s=StepUp":{"Value":275,"SourceTimestamp":"2024-04-26T12:19:51.1165421Z","ServerTimestamp":"2024-04-26T12:19:51.116545Z"},"nsu=http://opcfoundation.org/UA/Plc/Applications;s=RandomSignedInt32":{"Value":-821830098,"SourceTimestamp":"2024-04-26T12:19:51.1165576Z","ServerTimestamp":"2024-04-26T12:19:51.1165597Z"},"nsu=http://opcfoundation.org/UA/Plc/Applications;s=RandomUnsignedInt32":{"Value":234950240,"SourceTimestamp":"2024-04-26T12:19:51.1165723Z","ServerTimestamp":"2024-04-26T12:19:51.1165815Z"},"nsu=http://opcfoundation.org/UA/Plc/Applications;s=DipData":{"Value":-12.533323356430429,"SourceTimestamp":"2024-04-26T12:19:51.1165687Z","ServerTimestamp":"2024-04-26T12:19:51.1165935Z"},"nsu=http://opcfoundation.org/UA/Plc/Applications;s=FastUIntScalar1":{"Value":27,"SourceTimestamp":"2024-04-26T12:19:50.6142958Z","ServerTimestamp":"2024-04-26T12:19:50.6142984Z"}}