{"nsu=http://opcfoundation.org/UA/Plc/Applications;s=StepUp":{"Value":285,"SourceTimestamp":"2024-04-26T12:19:52.106058Z","ServerTimestamp":"2024-04-26T12:19:52.106062Z"},"nsu=http://opcfoundation.org/UA/Plc/Applications;s=RandomSignedInt32":{"Value":-292433934,"SourceTimestamp":"2024-04-26T12:19:52.1060855Z","ServerTimestamp":"2024-04-26T12:19:52.1060908Z"},"nsu=http://opcfoundation.org/UA/Plc/Applications;s=RandomUnsignedInt32":{"Value":573556594,"SourceTimestamp":"2024-04-26T12:19:52.1060823Z","ServerTimestamp":"2024-04-26T12:19:52.1060828Z"},"nsu=http://opcfoundation.org/UA/Plc/Applications;s=DipData":{"Value":90.482705246601952,"SourceTimestamp":"2024-04-26T12:19:52.1060928Z","ServerTimestamp":"2024-04-26T12:19:52.1060949Z"},"nsu=http://opcfoundation.org/UA/Plc/Applications;s=FastUIntScalar1":{"Value":28,"SourceTimestamp":"2024-04-26T12:19:51.6103066Z","ServerTimestamp":"2024-04-26T12:19:51.6103092Z"}}