{"nsu=http://opcfoundation.org/UA/Plc/Applications;s=StepUp":{"Value":35,"SourceTimestamp":"2024-04-26T12:19:27.1132535Z","ServerTimestamp":"2024-04-26T12:19:27.1132565Z"},"nsu=http://opcfoundation.org/UA/Plc/Applications;s=RandomSignedInt32":{"Value":-919015511,"SourceTimestamp":"2024-04-26T12:19:27.1132705Z","ServerTimestamp":"2024-04-26T12:19:27.1132726Z"},"nsu=http://opcfoundation.org/UA/Plc/Applications;s=RandomUnsignedInt32":{"Value":1940662683,"SourceTimestamp":"2024-04-26T12:19:27.1132725Z","ServerTimestamp":"2024-04-26T12:19:27.1133Z"},"nsu=http://opcfoundation.org/UA/Plc/Applications;s=DipData":{"Value":90.482705246601952,"SourceTimestamp":"2024-04-26T12:19:27.1132885Z","ServerTimestamp":"2024-04-26T12:19:27.1132899Z"},"nsu=http://opcfoundation.org/UA/Plc/Applications;s=FastUIntScalar1":{"Value":3,"SourceTimestamp":"2024-04-26T12:19:26.6049706Z","ServerTimestamp":"2024-04-26T12:19:26.6049725Z"}}