{"nsu=http://opcfoundation.org/UA/Plc/Applications;s=StepUp":{"Value":345,"SourceTimestamp":"2024-04-26T12:19:58.1099168Z","ServerTimestamp":"2024-04-26T12:19:58.1099204Z"},"nsu=http://opcfoundation.org/UA/Plc/Applications;s=RandomSignedInt32":{"Value":1953740199,"SourceTimestamp":"2024-04-26T12:19:58.1099304Z","ServerTimestamp":"2024-04-26T12:19:58.109935Z"},"nsu=http://opcfoundation.org/UA/Plc/Applications;s=RandomUnsignedInt32":{"Value":1674322199,"SourceTimestamp":"2024-04-26T12:19:58.1099349Z","ServerTimestamp":"2024-04-26T12:19:58.1099389Z"},"nsu=http://opcfoundation.org/UA/Plc/Applications;s=DipData":{"Value":68.454710592868878,"SourceTimestamp":"2024-04-26T12:19:58.1099511Z","ServerTimestamp":"2024-04-26T12:19:58.1099563Z"},"nsu=http://opcfoundation.org/UA/Plc/Applications;s=FastUIntScalar1":{"Value":34,"SourceTimestamp":"2024-04-26T12:19:57.6152883Z","ServerTimestamp":"2024-04-26T12:19:57.6153239Z"}}