{"nsu=http://opcfoundation.org/UA/Plc/Applications;s=StepUp":{"Value":355,"SourceTimestamp":"2024-04-26T12:19:59.1120709Z","ServerTimestamp":"2024-04-26T12:19:59.1120735Z"},"nsu=http://opcfoundation.org/UA/Plc/Applications;s=AlternatingBoolean":{"Value":false,"SourceTimestamp":"2024-04-26T12:19:58.7119872Z","ServerTimestamp":"2024-04-26T12:19:58.7119924Z"},"nsu=http://opcfoundation.org/UA/Plc/Applications;s=RandomSignedInt32":{"Value":1947051331,"SourceTimestamp":"2024-04-26T12:19:59.1120893Z","ServerTimestamp":"2024-04-26T12:19:59.1120929Z"},"nsu=http://opcfoundation.org/UA/Plc/Applications;s=RandomUnsignedInt32":{"Value":635542238,"SourceTimestamp":"2024-04-26T12:19:59.1120885Z","ServerTimestamp":"2024-04-26T12:19:59.1120997Z"},"nsu=http://opcfoundation.org/UA/Plc/Applications;s=DipData":{"Value":-48.175367410171532,"SourceTimestamp":"2024-04-26T12:19:59.1121059Z","ServerTimestamp":"2024-04-26T12:19:59.1121084Z"},"nsu=http://opcfoundation.org/UA/Plc/Applications;s=FastUIntScalar1":{"Value":35,"SourceTimestamp":"2024-04-26T12:19:58.6175209Z","ServerTimestamp":"2024-04-26T12:19:58.6175234Z"}}