{"nsu=http://opcfoundation.org/UA/Plc/Applications;s=StepUp":{"Value":385,"SourceTimestamp":"2024-04-26T12:20:02.1033566Z","ServerTimestamp":"2024-04-26T12:20:02.1033605Z"},"nsu=http://opcfoundation.org/UA/Plc/Applications;s=RandomSignedInt32":{"Value":-1750114714,"SourceTimestamp":"2024-04-26T12:20:02.1033644Z","ServerTimestamp":"2024-04-26T12:20:02.1033698Z"},"nsu=http://opcfoundation.org/UA/Plc/Applications;s=RandomUnsignedInt32":{"Value":246222088,"SourceTimestamp":"2024-04-26T12:20:02.1033801Z","ServerTimestamp":"2024-04-26T12:20:02.1033882Z"},"nsu=http://opcfoundation.org/UA/Plc/Applications;s=DipData":{"Value":90.482705246601952,"SourceTimestamp":"2024-04-26T12:20:02.1033838Z","ServerTimestamp":"2024-04-26T12:20:02.1033866Z"},"nsu=http://opcfoundation.org/UA/Plc/Applications;s=FastUIntScalar1":{"Value":38,"SourceTimestamp":"2024-04-26T12:20:01.6077252Z","ServerTimestamp":"2024-04-26T12:20:01.6077411Z"}}