{"nsu=http://opcfoundation.org/UA/Plc/Applications;s=StepUp":{"Value":395,"SourceTimestamp":"2024-04-26T12:20:03.1082255Z","ServerTimestamp":"2024-04-26T12:20:03.1082696Z"},"nsu=http://opcfoundation.org/UA/Plc/Applications;s=RandomSignedInt32":{"Value":-1627856355,"SourceTimestamp":"2024-04-26T12:20:03.1082333Z","ServerTimestamp":"2024-04-26T12:20:03.1082453Z"},"nsu=http://opcfoundation.org/UA/Plc/Applications;s=RandomUnsignedInt32":{"Value":1021799485,"SourceTimestamp":"2024-04-26T12:20:03.1082386Z","ServerTimestamp":"2024-04-26T12:20:03.1082904Z"},"nsu=http://opcfoundation.org/UA/Plc/Applications;s=DipData":{"Value":68.454710592868878,"SourceTimestamp":"2024-04-26T12:20:03.108256Z","ServerTimestamp":"2024-04-26T12:20:03.1082568Z"},"nsu=http://opcfoundation.org/UA/Plc/Applications;s=FastUIntScalar1":{"Value":39,"SourceTimestamp":"2024-04-26T12:20:02.6130603Z","ServerTimestamp":"2024-04-26T12:20:02.6130718Z"}}