{"nsu=http://opcfoundation.org/UA/Plc/Applications;s=StepUp":{"Value":416,"SourceTimestamp":"2024-04-26T12:20:05.208674Z","ServerTimestamp":"2024-04-26T12:20:05.2086774Z"},"nsu=http://opcfoundation.org/UA/Plc/Applications;s=RandomSignedInt32":{"Value":-242203340,"SourceTimestamp":"2024-04-26T12:20:05.2086951Z","ServerTimestamp":"2024-04-26T12:20:05.2086973Z"},"nsu=http://opcfoundation.org/UA/Plc/Applications;s=RandomUnsignedInt32":{"Value":304289570,"SourceTimestamp":"2024-04-26T12:20:05.2086931Z","ServerTimestamp":"2024-04-26T12:20:05.2086935Z"},"nsu=http://opcfoundation.org/UA/Plc/Applications;s=DipData":{"Value":-95.10565162951535,"SourceTimestamp":"2024-04-26T12:20:05.2087028Z","ServerTimestamp":"2024-04-26T12:20:05.2087075Z"},"nsu=http://opcfoundation.org/UA/Plc/Applications;s=FastUIntScalar1":{"Value":41,"SourceTimestamp":"2024-04-26T12:20:04.6047634Z","ServerTimestamp":"2024-04-26T12:20:04.6047661Z"}}