{"nsu=http://opcfoundation.org/UA/Plc/Applications;s=StepUp":{"Value":436,"SourceTimestamp":"2024-04-26T12:20:07.2108903Z","ServerTimestamp":"2024-04-26T12:20:07.2108948Z"},"nsu=http://opcfoundation.org/UA/Plc/Applications;s=RandomSignedInt32":{"Value":-1403351716,"SourceTimestamp":"2024-04-26T12:20:07.210906Z","ServerTimestamp":"2024-04-26T12:20:07.2109116Z"},"nsu=http://opcfoundation.org/UA/Plc/Applications;s=RandomUnsignedInt32":{"Value":565170097,"SourceTimestamp":"2024-04-26T12:20:07.2109175Z","ServerTimestamp":"2024-04-26T12:20:07.2109254Z"},"nsu=http://opcfoundation.org/UA/Plc/Applications;s=DipData":{"Value":95.10565162951535,"SourceTimestamp":"2024-04-26T12:20:07.2109179Z","ServerTimestamp":"2024-04-26T12:20:07.2109218Z"},"nsu=http://opcfoundation.org/UA/Plc/Applications;s=FastUIntScalar1":{"Value":43,"SourceTimestamp":"2024-04-26T12:20:06.6112826Z","ServerTimestamp":"2024-04-26T12:20:06.6112892Z"}}