{"nsu=http://opcfoundation.org/UA/Plc/Applications;s=StepUp":{"Value":455,"SourceTimestamp":"2024-04-26T12:20:09.116966Z","ServerTimestamp":"2024-04-26T12:20:09.1169775Z"},"nsu=http://opcfoundation.org/UA/Plc/Applications;s=AlternatingBoolean":{"Value":false,"SourceTimestamp":"2024-04-26T12:20:08.709372Z","ServerTimestamp":"2024-04-26T12:20:08.7093806Z"},"nsu=http://opcfoundation.org/UA/Plc/Applications;s=RandomSignedInt32":{"Value":-1977439089,"SourceTimestamp":"2024-04-26T12:20:09.11698Z","ServerTimestamp":"2024-04-26T12:20:09.1169846Z"},"nsu=http://opcfoundation.org/UA/Plc/Applications;s=RandomUnsignedInt32":{"Value":612289317,"SourceTimestamp":"2024-04-26T12:20:09.1169922Z","ServerTimestamp":"2024-04-26T12:20:09.1169932Z"},"nsu=http://opcfoundation.org/UA/Plc/Applications;s=DipData":{"Value":-48.175367410171532,"SourceTimestamp":"2024-04-26T12:20:09.116994Z","ServerTimestamp":"2024-04-26T12:20:09.1170186Z"},"nsu=http://opcfoundation.org/UA/Plc/Applications;s=FastUIntScalar1":{"Value":45,"SourceTimestamp":"2024-04-26T12:20:08.6074285Z","ServerTimestamp":"2024-04-26T12:20:08.6074338Z"}}