{"nsu=http://opcfoundation.org/UA/Plc/Applications;s=StepUp":{"Value":465,"SourceTimestamp":"2024-04-26T12:20:10.1044951Z","ServerTimestamp":"2024-04-26T12:20:10.1045142Z"},"nsu=http://opcfoundation.org/UA/Plc/Applications;s=RandomSignedInt32":{"Value":532430406,"SourceTimestamp":"2024-04-26T12:20:10.1045154Z","ServerTimestamp":"2024-04-26T12:20:10.1045204Z"},"nsu=http://opcfoundation.org/UA/Plc/Applications;s=RandomUnsignedInt32":{"Value":1591810657,"SourceTimestamp":"2024-04-26T12:20:10.1045174Z","ServerTimestamp":"2024-04-26T12:20:10.1045264Z"},"nsu=http://opcfoundation.org/UA/Plc/Applications;s=DipData":{"Value":-98.228725072868869,"SourceTimestamp":"2024-04-26T12:20:10.1045553Z","ServerTimestamp":"2024-04-26T12:20:10.104556Z"},"nsu=http://opcfoundation.org/UA/Plc/Applications;s=FastUIntScalar1":{"Value":46,"SourceTimestamp":"2024-04-26T12:20:09.6098518Z","ServerTimestamp":"2024-04-26T12:20:09.6098545Z"}}