{"nsu=http://opcfoundation.org/UA/Plc/Applications;s=StepUp":{"Value":565,"SourceTimestamp":"2024-04-26T12:20:20.1131097Z","ServerTimestamp":"2024-04-26T12:20:20.1131137Z"},"nsu=http://opcfoundation.org/UA/Plc/Applications;s=RandomSignedInt32":{"Value":-788759314,"SourceTimestamp":"2024-04-26T12:20:20.1131295Z","ServerTimestamp":"2024-04-26T12:20:20.1131354Z"},"nsu=http://opcfoundation.org/UA/Plc/Applications;s=RandomUnsignedInt32":{"Value":1907985616,"SourceTimestamp":"2024-04-26T12:20:20.1131238Z","ServerTimestamp":"2024-04-26T12:20:20.1131507Z"},"nsu=http://opcfoundation.org/UA/Plc/Applications;s=DipData":{"Value":-98.228725072868869,"SourceTimestamp":"2024-04-26T12:20:20.1131452Z","ServerTimestamp":"2024-04-26T12:20:20.1131461Z"},"nsu=http://opcfoundation.org/UA/Plc/Applications;s=FastUIntScalar1":{"Value":56,"SourceTimestamp":"2024-04-26T12:20:19.6175121Z","ServerTimestamp":"2024-04-26T12:20:19.6175222Z"}}