{"nsu=http://opcfoundation.org/UA/Plc/Applications;s=StepUp":{"Value":716,"SourceTimestamp":"2024-04-26T12:20:35.2114721Z","ServerTimestamp":"2024-04-26T12:20:35.2114754Z"},"nsu=http://opcfoundation.org/UA/Plc/Applications;s=RandomSignedInt32":{"Value":1387911019,"SourceTimestamp":"2024-04-26T12:20:35.2114869Z","ServerTimestamp":"2024-04-26T12:20:35.2114912Z"},"nsu=http://opcfoundation.org/UA/Plc/Applications;s=RandomUnsignedInt32":{"Value":686221233,"SourceTimestamp":"2024-04-26T12:20:35.2114909Z","ServerTimestamp":"2024-04-26T12:20:35.2114938Z"},"nsu=http://opcfoundation.org/UA/Plc/Applications;s=DipData":{"Value":-95.10565162951535,"SourceTimestamp":"2024-04-26T12:20:35.2115163Z","ServerTimestamp":"2024-04-26T12:20:35.2115177Z"},"nsu=http://opcfoundation.org/UA/Plc/Applications;s=FastUIntScalar1":{"Value":71,"SourceTimestamp":"2024-04-26T12:20:34.6035655Z","ServerTimestamp":"2024-04-26T12:20:34.6035677Z"}}