{"nsu=http://opcfoundation.org/UA/Plc/Applications;s=StepUp":{"Value":765,"SourceTimestamp":"2024-04-26T12:20:40.1152653Z","ServerTimestamp":"2024-04-26T12:20:40.1152687Z"},"nsu=http://opcfoundation.org/UA/Plc/Applications;s=RandomSignedInt32":{"Value":642693312,"SourceTimestamp":"2024-04-26T12:20:40.1152868Z","ServerTimestamp":"2024-04-26T12:20:40.1152879Z"},"nsu=http://opcfoundation.org/UA/Plc/Applications;s=RandomUnsignedInt32":{"Value":596039835,"SourceTimestamp":"2024-04-26T12:20:40.1152881Z","ServerTimestamp":"2024-04-26T12:20:40.1152901Z"},"nsu=http://opcfoundation.org/UA/Plc/Applications;s=DipData":{"Value":-98.228725072868869,"SourceTimestamp":"2024-04-26T12:20:40.1153034Z","ServerTimestamp":"2024-04-26T12:20:40.1153068Z"},"nsu=http://opcfoundation.org/UA/Plc/Applications;s=FastUIntScalar1":{"Value":76,"SourceTimestamp":"2024-04-26T12:20:39.6051484Z","ServerTimestamp":"2024-04-26T12:20:39.6051512Z"}}