{"nsu=http://opcfoundation.org/UA/Plc/Applications;s=StepUp":{"Value":786,"SourceTimestamp":"2024-04-26T12:20:42.2132292Z","ServerTimestamp":"2024-04-26T12:20:42.2132328Z"},"nsu=http://opcfoundation.org/UA/Plc/Applications;s=RandomSignedInt32":{"Value":1411095105,"SourceTimestamp":"2024-04-26T12:20:42.2132523Z","ServerTimestamp":"2024-04-26T12:20:42.213253Z"},"nsu=http://opcfoundation.org/UA/Plc/Applications;s=RandomUnsignedInt32":{"Value":917132645,"SourceTimestamp":"2024-04-26T12:20:42.2132563Z","ServerTimestamp":"2024-04-26T12:20:42.213265Z"},"nsu=http://opcfoundation.org/UA/Plc/Applications;s=DipData":{"Value":95.10565162951535,"SourceTimestamp":"2024-04-26T12:20:42.2132695Z","ServerTimestamp":"2024-04-26T12:20:42.2132752Z"},"nsu=http://opcfoundation.org/UA/Plc/Applications;s=FastUIntScalar1":{"Value":78,"SourceTimestamp":"2024-04-26T12:20:41.6107388Z","ServerTimestamp":"2024-04-26T12:20:41.6107409Z"}}