{"nsu=http://opcfoundation.org/UA/Plc/Applications;s=StepUp":{"Value":816,"SourceTimestamp":"2024-04-26T12:20:45.206603Z","ServerTimestamp":"2024-04-26T12:20:45.2066066Z"},"nsu=http://opcfoundation.org/UA/Plc/Applications;s=RandomSignedInt32":{"Value":1700957837,"SourceTimestamp":"2024-04-26T12:20:45.206627Z","ServerTimestamp":"2024-04-26T12:20:45.2066289Z"},"nsu=http://opcfoundation.org/UA/Plc/Applications;s=RandomUnsignedInt32":{"Value":936288265,"SourceTimestamp":"2024-04-26T12:20:45.2066248Z","ServerTimestamp":"2024-04-26T12:20:45.2066254Z"},"nsu=http://opcfoundation.org/UA/Plc/Applications;s=DipData":{"Value":-95.10565162951535,"SourceTimestamp":"2024-04-26T12:20:45.206644Z","ServerTimestamp":"2024-04-26T12:20:45.2066483Z"},"nsu=http://opcfoundation.org/UA/Plc/Applications;s=FastUIntScalar1":{"Value":81,"SourceTimestamp":"2024-04-26T12:20:44.6111403Z","ServerTimestamp":"2024-04-26T12:20:44.6111435Z"}}