{"nsu=http://opcfoundation.org/UA/Plc/Applications;s=StepUp":{"Value":836,"SourceTimestamp":"2024-04-26T12:20:47.2073136Z","ServerTimestamp":"2024-04-26T12:20:47.2073172Z"},"nsu=http://opcfoundation.org/UA/Plc/Applications;s=RandomSignedInt32":{"Value":2018196603,"SourceTimestamp":"2024-04-26T12:20:47.207335Z","ServerTimestamp":"2024-04-26T12:20:47.2073375Z"},"nsu=http://opcfoundation.org/UA/Plc/Applications;s=RandomUnsignedInt32":{"Value":1172598364,"SourceTimestamp":"2024-04-26T12:20:47.2073347Z","ServerTimestamp":"2024-04-26T12:20:47.2073352Z"},"nsu=http://opcfoundation.org/UA/Plc/Applications;s=DipData":{"Value":95.10565162951535,"SourceTimestamp":"2024-04-26T12:20:47.2073526Z","ServerTimestamp":"2024-04-26T12:20:47.2073551Z"},"nsu=http://opcfoundation.org/UA/Plc/Applications;s=FastUIntScalar1":{"Value":83,"SourceTimestamp":"2024-04-26T12:20:46.6171259Z","ServerTimestamp":"2024-04-26T12:20:46.6171281Z"}}