{"nsu=http://opcfoundation.org/UA/Plc/Applications;s=StepUp":{"Value":905,"SourceTimestamp":"2024-04-26T12:20:54.1069975Z","ServerTimestamp":"2024-04-26T12:20:54.1070007Z"},"nsu=http://opcfoundation.org/UA/Plc/Applications;s=AlternatingBoolean":{"Value":true,"SourceTimestamp":"2024-04-26T12:20:53.7149648Z","ServerTimestamp":"2024-04-26T12:20:53.7149673Z"},"nsu=http://opcfoundation.org/UA/Plc/Applications;s=RandomSignedInt32":{"Value":863619645,"SourceTimestamp":"2024-04-26T12:20:54.1070103Z","ServerTimestamp":"2024-04-26T12:20:54.1070187Z"},"nsu=http://opcfoundation.org/UA/Plc/Applications;s=RandomUnsignedInt32":{"Value":1555661798,"SourceTimestamp":"2024-04-26T12:20:54.1070191Z","ServerTimestamp":"2024-04-26T12:20:54.1070231Z"},"nsu=http://opcfoundation.org/UA/Plc/Applications;s=DipData":{"Value":-48.175367410171532,"SourceTimestamp":"2024-04-26T12:20:54.1070243Z","ServerTimestamp":"2024-04-26T12:20:54.1070457Z"},"nsu=http://opcfoundation.org/UA/Plc/Applications;s=FastUIntScalar1":{"Value":90,"SourceTimestamp":"2024-04-26T12:20:53.6124101Z","ServerTimestamp":"2024-04-26T12:20:53.6124194Z"}}