{"nsu=http://opcfoundation.org/UA/Plc/Applications;s=StepUp":{"Value":945,"SourceTimestamp":"2024-04-26T12:20:58.1063489Z","ServerTimestamp":"2024-04-26T12:20:58.1063506Z"},"nsu=http://opcfoundation.org/UA/Plc/Applications;s=RandomSignedInt32":{"Value":1633980527,"SourceTimestamp":"2024-04-26T12:20:58.1063369Z","ServerTimestamp":"2024-04-26T12:20:58.1063447Z"},"nsu=http://opcfoundation.org/UA/Plc/Applications;s=RandomUnsignedInt32":{"Value":1045003471,"SourceTimestamp":"2024-04-26T12:20:58.1063354Z","ServerTimestamp":"2024-04-26T12:20:58.1063361Z"},"nsu=http://opcfoundation.org/UA/Plc/Applications;s=DipData":{"Value":68.454710592868878,"SourceTimestamp":"2024-04-26T12:20:58.1063365Z","ServerTimestamp":"2024-04-26T12:20:58.1063397Z"},"nsu=http://opcfoundation.org/UA/Plc/Applications;s=FastUIntScalar1":{"Value":94,"SourceTimestamp":"2024-04-26T12:20:57.6117355Z","ServerTimestamp":"2024-04-26T12:20:57.6117403Z"}}