{"nsu=http://opcfoundation.org/UA/Plc/Applications;s=StepUp":{"Value":985,"SourceTimestamp":"2024-04-26T12:21:02.1165237Z","ServerTimestamp":"2024-04-26T12:21:02.1165265Z"},"nsu=http://opcfoundation.org/UA/Plc/Applications;s=RandomSignedInt32":{"Value":-1531734492,"SourceTimestamp":"2024-04-26T12:21:02.1165324Z","ServerTimestamp":"2024-04-26T12:21:02.1165354Z"},"nsu=http://opcfoundation.org/UA/Plc/Applications;s=RandomUnsignedInt32":{"Value":769714967,"SourceTimestamp":"2024-04-26T12:21:02.1165368Z","ServerTimestamp":"2024-04-26T12:21:02.1165416Z"},"nsu=http://opcfoundation.org/UA/Plc/Applications;s=DipData":{"Value":90.482705246601952,"SourceTimestamp":"2024-04-26T12:21:02.1165489Z","ServerTimestamp":"2024-04-26T12:21:02.1165517Z"},"nsu=http://opcfoundation.org/UA/Plc/Applications;s=FastUIntScalar1":{"Value":98,"SourceTimestamp":"2024-04-26T12:21:01.6057569Z","ServerTimestamp":"2024-04-26T12:21:01.6057595Z"}}