{"nsu=http://opcfoundation.org/UA/Plc/Applications;s=StepUp":{"Value":1015,"SourceTimestamp":"2024-04-26T12:21:05.104388Z","ServerTimestamp":"2024-04-26T12:21:05.1043928Z"},"nsu=http://opcfoundation.org/UA/Plc/Applications;s=RandomSignedInt32":{"Value":888328167,"SourceTimestamp":"2024-04-26T12:21:05.1044395Z","ServerTimestamp":"2024-04-26T12:21:05.1044431Z"},"nsu=http://opcfoundation.org/UA/Plc/Applications;s=RandomUnsignedInt32":{"Value":1727126939,"SourceTimestamp":"2024-04-26T12:21:05.1044325Z","ServerTimestamp":"2024-04-26T12:21:05.1044338Z"},"nsu=http://opcfoundation.org/UA/Plc/Applications;s=DipData":{"Value":-98.228725072868869,"SourceTimestamp":"2024-04-26T12:21:05.1044435Z","ServerTimestamp":"2024-04-26T12:21:05.1044524Z"},"nsu=http://opcfoundation.org/UA/Plc/Applications;s=FastUIntScalar1":{"Value":101,"SourceTimestamp":"2024-04-26T12:21:04.6159309Z","ServerTimestamp":"2024-04-26T12:21:04.6159336Z"}}