{"EventId":{"Value":"G+3e3ICW90WpEtoanVsIOA=="},"EventType":{"Value":{"IdType":1,"Id":"NodeChange"}},"SourceNode":{"Value":{"Id":32852}},"Time":{"Value":"2024-04-27T18:21:53.7461909Z"},"Change":{"Value":{"NodeId":{"Id":32852},"NodeClass":"Variable_2","BrowseName":{"Name":"LastChange"},"DisplayName":"LastChange","RolePermissions":[],"UserRolePermissions":[],"References":[],"Value":null,"DataType":{"Id":20998},"ValueRank":-1,"ArrayDimensions":[],"AccessLevel":1,"UserAccessLevel":1,"AccessLevelEx":1}}}