{"EventId":{"Value":"0iTQhKCArESMOYrc8FpKNg=="},"EventType":{"Value":{"IdType":1,"Id":"ReferenceChange"}},"SourceNode":{"Value":{"Id":442,"Namespace":"http://opcfoundation.org/UA/Views"}},"Time":{"Value":"2024-04-27T18:21:53.7657749Z"},"Change":{"Value":{"ReferenceTypeId":{"Id":35},"IsForward":true,"NodeId":{"IdType":1,"Id":"0:Boiler #1","Namespace":"http://opcfoundation.org/UA/Views"},"BrowseName":{"Name":"Boiler #1","Uri":"http://opcfoundation.org/UA/Views"},"DisplayName":"Boiler #1","NodeClass":"Object_1","TypeDefinition":{"Id":390,"Namespace":"http://opcfoundation.org/UA/Views"}}}}