{"EventId":{"Value":"ZO0DoTjGXk6TzTdyFx6wcA=="},"EventType":{"Value":{"IdType":1,"Id":"ReferenceChange"}},"SourceNode":{"Value":{"Id":1025,"Namespace":"http://samples.org/UA/memorybuffer"}},"Time":{"Value":"2024-04-27T18:21:53.7708684Z"},"Change":{"Value":{"ReferenceTypeId":{"Id":47},"IsForward":true,"NodeId":{"IdType":1,"Id":"UInt32","Namespace":"http://samples.org/UA/memorybuffer/Instance"},"BrowseName":{"Name":"UInt32","Uri":"http://samples.org/UA/memorybuffer/Instance"},"DisplayName":"UInt32","NodeClass":"Object_1","TypeDefinition":{"Id":1000,"Namespace":"http://samples.org/UA/memorybuffer"}}}}