{"EventId":{"Value":"z/MpNL+IIUqzPbVEcUp44g=="},"EventType":{"Value":{"IdType":1,"Id":"ReferenceChange"}},"SourceNode":{"Value":{"Id":85}},"Time":{"Value":"2024-04-27T18:21:53.5788945Z"},"Change":{"Value":{"ReferenceTypeId":{"Id":35},"IsForward":true,"NodeId":{"Id":281,"Namespace":"http://opcfoundation.org/UA/Vehicles/Instances"},"BrowseName":{"Name":"ParkingLot","Uri":"http://opcfoundation.org/UA/Vehicles/Instances"},"DisplayName":"ParkingLot","NodeClass":"Object_1","TypeDefinition":{"Id":58}}}}