{"EventId":{"Value":"uByQYdF0XEKHNUCH3CD6uQ=="},"EventType":{"Value":{"IdType":1,"Id":"NodeChange"}},"SourceNode":{"Value":{"IdType":1,"Id":"Scalar","Namespace":"http://opcfoundation.org/ReferenceApplications"}},"Time":{"Value":"2024-04-27T18:21:53.7810115Z"},"Change":{"Value":{"NodeId":{"IdType":1,"Id":"Scalar","Namespace":"http://opcfoundation.org/ReferenceApplications"},"NodeClass":"Object_1","BrowseName":{"Name":"Scalar","Uri":"http://opcfoundation.org/ReferenceApplications"},"DisplayName":"Scalar","RolePermissions":[],"UserRolePermissions":[],"References":[]}}}