{"EventId":{"Value":"LNaBATrx4EaG+Qk1RVvvGQ=="},"EventType":{"Value":{"IdType":1,"Id":"NodeChange"}},"SourceNode":{"Value":{"IdType":1,"Id":"Attributes","Namespace":"http://opcfoundation.org/ReferenceApplications"}},"Time":{"Value":"2024-04-27T18:21:53.7961706Z"},"Change":{"Value":{"NodeId":{"IdType":1,"Id":"Attributes","Namespace":"http://opcfoundation.org/ReferenceApplications"},"NodeClass":"Object_1","BrowseName":{"Name":"Attributes","Uri":"http://opcfoundation.org/ReferenceApplications"},"DisplayName":"Attributes","RolePermissions":[],"UserRolePermissions":[],"References":[]}}}