{"EventId":{"Value":"sVzyNb6wyEy90GgWIsT6AQ=="},"EventType":{"Value":{"IdType":1,"Id":"ReferenceChange"}},"SourceNode":{"Value":{"IdType":1,"Id":"Views_Engineering","Namespace":"http://opcfoundation.org/ReferenceApplications"}},"Time":{"Value":"2024-04-27T18:21:53.8253581Z"},"Change":{"Value":{"ReferenceTypeId":{"Id":35},"IsForward":true,"NodeId":{"IdType":1,"Id":"Scalar_Simulation","Namespace":"http://opcfoundation.org/ReferenceApplications"},"BrowseName":{"Name":"Scalar_Simulation","Uri":"http://opcfoundation.org/ReferenceApplications"},"DisplayName":"Simulation","NodeClass":"Object_1","TypeDefinition":{"Id":61}}}}