{"EventId":{"Value":"g+I/vhLR/UqbWR9qh2gMEw=="},"EventType":{"Value":{"IdType":1,"Id":"NodeChange"}},"SourceNode":{"Value":{"Id":15070,"Namespace":"http://opcfoundation.org/UA/Plc"}},"Time":{"Value":"2024-04-27T18:21:53.5868168Z"},"Change":{"Value":{"NodeId":{"Id":15070,"Namespace":"http://opcfoundation.org/UA/Plc"},"NodeClass":"Object_1","BrowseName":{"Name":"Plc #1","Uri":"http://opcfoundation.org/UA/Plc"},"DisplayName":"Plc #1","Description":"A simple plc.","RolePermissions":[],"UserRolePermissions":[],"References":[],"EventNotifier":1}}}