{"EventId":{"Value":"Ckq+tbxF60G9lJrANOvndA=="},"EventType":{"Value":{"IdType":1,"Id":"NodeChange"}},"SourceNode":{"Value":{"Id":2993}},"Time":{"Value":"2024-04-27T18:21:53.8780926Z"},"Change":{"Value":{"NodeId":{"Id":2993},"NodeClass":"Variable_2","BrowseName":{"Name":"ShutdownReason"},"DisplayName":"ShutdownReason","RolePermissions":[],"UserRolePermissions":[],"References":[],"Value":null,"DataType":{"Id":21},"ValueRank":-1,"ArrayDimensions":[],"AccessLevel":1,"UserAccessLevel":1,"AccessLevelEx":1}}}