{"EventId":{"Value":"pQVWjsHx90Csi0XEyHgK5g=="},"EventType":{"Value":{"IdType":1,"Id":"NodeChange"}},"SourceNode":{"Value":{"Id":2269}},"Time":{"Value":"2024-04-27T18:21:53.8798189Z"},"Change":{"Value":{"NodeId":{"Id":2269},"NodeClass":"Variable_2","BrowseName":{"Name":"ServerProfileArray"},"DisplayName":"ServerProfileArray","RolePermissions":[],"UserRolePermissions":[],"References":[],"Value":null,"DataType":{"Id":12},"ValueRank":1,"ArrayDimensions":[0],"AccessLevel":1,"UserAccessLevel":1,"AccessLevelEx":1}}}