{"EventId":{"Value":"hzBfy76tF0OR8l5MFrLRcQ=="},"EventType":{"Value":{"IdType":1,"Id":"NodeChange"}},"SourceNode":{"Value":{"Id":11702}},"Time":{"Value":"2024-04-27T18:21:53.8926198Z"},"Change":{"Value":{"NodeId":{"Id":11702},"NodeClass":"Variable_2","BrowseName":{"Name":"MaxArrayLength"},"DisplayName":"MaxArrayLength","RolePermissions":[],"UserRolePermissions":[],"References":[],"Value":null,"DataType":{"Id":7},"ValueRank":-1,"ArrayDimensions":[],"AccessLevel":1,"UserAccessLevel":1,"AccessLevelEx":1}}}