{"EventId":{"Value":"5y/VZlXFiEyBbJSNDj08pw=="},"EventType":{"Value":{"IdType":1,"Id":"NodeChange"}},"SourceNode":{"Value":{"Id":11703}},"Time":{"Value":"2024-04-27T18:21:53.8943131Z"},"Change":{"Value":{"NodeId":{"Id":11703},"NodeClass":"Variable_2","BrowseName":{"Name":"MaxStringLength"},"DisplayName":"MaxStringLength","RolePermissions":[],"UserRolePermissions":[],"References":[],"Value":null,"DataType":{"Id":7},"ValueRank":-1,"ArrayDimensions":[],"AccessLevel":1,"UserAccessLevel":1,"AccessLevelEx":1}}}