{"EventId":{"Value":"HNkE0yRWJEOVJX/HWAQGsA=="},"EventType":{"Value":{"IdType":1,"Id":"NodeChange"}},"SourceNode":{"Value":{"Id":24098}},"Time":{"Value":"2024-04-27T18:21:53.9088098Z"},"Change":{"Value":{"NodeId":{"Id":24098},"NodeClass":"Variable_2","BrowseName":{"Name":"MaxSubscriptionsPerSession"},"DisplayName":"MaxSubscriptionsPerSession","RolePermissions":[],"UserRolePermissions":[],"References":[],"Value":null,"DataType":{"Id":7},"ValueRank":-1,"ArrayDimensions":[],"AccessLevel":1,"UserAccessLevel":1,"AccessLevelEx":1}}}