{"EventId":{"Value":"tI9Y3X4RkUeI5Fup+tYZOw=="},"EventType":{"Value":{"IdType":1,"Id":"NodeChange"}},"SourceNode":{"Value":{"Id":12640}},"Time":{"Value":"2024-04-27T18:21:53.9418402Z"},"Change":{"Value":{"NodeId":{"Id":12640},"NodeClass":"Variable_2","BrowseName":{"Name":"MaxTrustListSize"},"DisplayName":"MaxTrustListSize","RolePermissions":[],"UserRolePermissions":[],"References":[],"Value":null,"DataType":{"Id":7},"ValueRank":-1,"ArrayDimensions":[],"AccessLevel":1,"UserAccessLevel":1,"AccessLevelEx":1}}}