{"EventId":{"Value":"CkJzSHPYSkqumLbFsnbQ7A=="},"EventType":{"Value":{"IdType":1,"Id":"NodeChange"}},"SourceNode":{"Value":{"IdType":1,"Id":"0:","Namespace":"http://opcfoundation.org/HistoricalAccess"}},"Time":{"Value":"2024-04-27T18:21:53.6045912Z"},"Change":{"Value":{"NodeId":{"IdType":1,"Id":"0:","Namespace":"http://opcfoundation.org/HistoricalAccess"},"NodeClass":"Object_1","BrowseName":{"Name":"Historian","Uri":"http://opcfoundation.org/HistoricalAccess"},"DisplayName":"Historian","RolePermissions":[],"UserRolePermissions":[],"References":[]}}}