{"EventId":{"Value":"HpaSTGTGyUOv48i9NaRMUA=="},"EventType":{"Value":{"IdType":1,"Id":"NodeChange"}},"SourceNode":{"Value":{"Id":12641}},"Time":{"Value":"2024-04-27T18:21:53.9433921Z"},"Change":{"Value":{"NodeId":{"Id":12641},"NodeClass":"Variable_2","BrowseName":{"Name":"MulticastDnsEnabled"},"DisplayName":"MulticastDnsEnabled","RolePermissions":[],"UserRolePermissions":[],"References":[],"Value":null,"DataType":{"Id":1},"ValueRank":-1,"ArrayDimensions":[],"AccessLevel":1,"UserAccessLevel":1,"AccessLevelEx":1}}}