{"EventId":{"Value":"rZV6kyCwcUOxaNv1k/6TfA=="},"EventType":{"Value":{"IdType":1,"Id":"NodeChange"}},"SourceNode":{"Value":{"Id":32646}},"Time":{"Value":"2024-04-27T18:21:53.9680669Z"},"Change":{"Value":{"NodeId":{"Id":32646},"NodeClass":"Variable_2","BrowseName":{"Name":"MaxTimeInterval"},"DisplayName":"MaxTimeInterval","RolePermissions":[],"UserRolePermissions":[],"References":[],"Value":null,"DataType":{"Id":290},"ValueRank":-1,"ArrayDimensions":[],"AccessLevel":1,"UserAccessLevel":1,"AccessLevelEx":1}}}