{"EventId":{"Value":"wGtxxv13K06y4lIfxNP67w=="},"EventType":{"Value":{"IdType":1,"Id":"NodeChange"}},"SourceNode":{"Value":{"Id":32648}},"Time":{"Value":"2024-04-27T18:21:53.9714818Z"},"Change":{"Value":{"NodeId":{"Id":32648},"NodeClass":"Variable_2","BrowseName":{"Name":"ExceptionDeviation"},"DisplayName":"ExceptionDeviation","RolePermissions":[],"UserRolePermissions":[],"References":[],"Value":null,"DataType":{"Id":11},"ValueRank":-1,"ArrayDimensions":[],"AccessLevel":1,"UserAccessLevel":1,"AccessLevelEx":1}}}