{"EventId":{"Value":"F5cUpHZl9UyxWXPKDzRR1g=="},"EventType":{"Value":{"IdType":1,"Id":"ReferenceChange"}},"SourceNode":{"Value":{"Id":85}},"Time":{"Value":"2024-04-27T18:21:53.6133744Z"},"Change":{"Value":{"ReferenceTypeId":{"Id":35},"IsForward":true,"NodeId":{"IdType":1,"Id":"OpcPlc","Namespace":"http://opcfoundation.org/UA/Plc/Applications"},"BrowseName":{"Name":"OpcPlc","Uri":"http://opcfoundation.org/UA/Plc/Applications"},"DisplayName":"OpcPlc","NodeClass":"Object_1","TypeDefinition":{"Id":61}}}}