{"EventId":{"Value":"xT8A5SwrBUGh+IxGIq94BA=="},"EventType":{"Value":{"IdType":1,"Id":"ReferenceChange"}},"SourceNode":{"Value":{"Id":10158,"Namespace":"http://test.org/UA/Data/"}},"Time":{"Value":"2024-04-27T18:21:54.0265806Z"},"Change":{"Value":{"ReferenceTypeId":{"Id":47},"IsForward":true,"NodeId":{"Id":10243,"Namespace":"http://test.org/UA/Data/"},"BrowseName":{"Name":"Array","Uri":"http://test.org/UA/Data/"},"DisplayName":"Array","NodeClass":"Object_1","TypeDefinition":{"Id":9679,"Namespace":"http://test.org/UA/Data/"}}}}