{"EventId":{"Value":"fp1QA2urAkmwMjZYBldm6A=="},"EventType":{"Value":{"IdType":1,"Id":"ReferenceChange"}},"SourceNode":{"Value":{"Id":10786,"Namespace":"http://test.org/UA/Data/"}},"Time":{"Value":"2024-04-27T18:21:54.0409542Z"},"Change":{"Value":{"ReferenceTypeId":{"Id":47},"IsForward":true,"NodeId":{"Id":10955,"Namespace":"http://test.org/UA/Data/"},"BrowseName":{"Name":"UserScalar","Uri":"http://test.org/UA/Data/"},"DisplayName":"UserScalar","NodeClass":"Object_1","TypeDefinition":{"Id":9921,"Namespace":"http://test.org/UA/Data/"}}}}