{"EventId":{"Value":"a3d3HXZFDE2XOg9dRF4WCA=="},"EventType":{"Value":{"IdType":1,"Id":"ReferenceChange"}},"SourceNode":{"Value":{"Id":11383,"Namespace":"http://test.org/UA/Data/"}},"Time":{"Value":"2024-04-27T18:21:54.0684683Z"},"Change":{"Value":{"ReferenceTypeId":{"Id":36},"IsForward":true,"NodeId":{"Id":11384,"Namespace":"http://test.org/UA/Data/"},"BrowseName":{"Name":"SystemStatus","Uri":"http://test.org/UA/Data/"},"DisplayName":"SystemStatus","NodeClass":"Object_1","TypeDefinition":{"Id":10123,"Namespace":"http://test.org/UA/Data/"}}}}