{"EventId":{"Value":"6luecXICHU+BhfL/NtkGEA=="},"EventType":{"Value":{"IdType":1,"Id":"NodeChange"}},"SourceNode":{"Value":{"IdType":1,"Id":"Well_24412","Namespace":"http://opcfoundation.org/HistoricalEvents"}},"Time":{"Value":"2024-04-27T18:21:54.0751483Z"},"Change":{"Value":{"NodeId":{"IdType":1,"Id":"Well_24412","Namespace":"http://opcfoundation.org/HistoricalEvents"},"NodeClass":"Object_1","BrowseName":{"Name":"Jupiter","Uri":"http://opcfoundation.org/HistoricalEvents"},"DisplayName":"Jupiter","RolePermissions":[],"UserRolePermissions":[],"References":[],"EventNotifier":13}}}