{"EventId":{"Value":"bsrzO78lSUOpjC9G9Sb8AQ=="},"EventType":{"Value":{"IdType":1,"Id":"ReferenceChange"}},"SourceNode":{"Value":{"IdType":1,"Id":"0:Boiler #1","Namespace":"http://opcfoundation.org/UA/Views"}},"Time":{"Value":"2024-04-27T18:21:54.0806284Z"},"Change":{"Value":{"ReferenceTypeId":{"Id":47},"IsForward":true,"NodeId":{"IdType":1,"Id":"0:Boiler #1?WaterIn","Namespace":"http://opcfoundation.org/UA/Views"},"BrowseName":{"Name":"WaterIn","Uri":"http://opcfoundation.org/UA/Views"},"DisplayName":"WaterIn","NodeClass":"Object_1","TypeDefinition":{"Id":58}}}}