{"EventId":{"Value":"owRVPVgXX0K4EStySYUvpQ=="},"EventType":{"Value":{"IdType":1,"Id":"NodeChange"}},"SourceNode":{"Value":{"IdType":1,"Id":"0:Boiler #1?WaterIn","Namespace":"http://opcfoundation.org/UA/Views"}},"Time":{"Value":"2024-04-27T18:21:54.0821711Z"},"Change":{"Value":{"NodeId":{"IdType":1,"Id":"0:Boiler #1?WaterIn","Namespace":"http://opcfoundation.org/UA/Views"},"NodeClass":"Object_1","BrowseName":{"Name":"WaterIn","Uri":"http://opcfoundation.org/UA/Views"},"DisplayName":"WaterIn","RolePermissions":[],"UserRolePermissions":[],"References":[]}}}