{"EventId":{"Value":"6b7YRWpjjE+XgAH5Kkzwkw=="},"EventType":{"Value":{"IdType":1,"Id":"ReferenceChange"}},"SourceNode":{"Value":{"IdType":1,"Id":"0:Boiler #1","Namespace":"http://opcfoundation.org/UA/Views"}},"Time":{"Value":"2024-04-27T18:21:54.084035Z"},"Change":{"Value":{"ReferenceTypeId":{"Id":47},"IsForward":true,"NodeId":{"IdType":1,"Id":"0:Boiler #1?Drum","Namespace":"http://opcfoundation.org/UA/Views"},"BrowseName":{"Name":"Drum","Uri":"http://opcfoundation.org/UA/Views"},"DisplayName":"Drum","NodeClass":"Object_1","TypeDefinition":{"Id":58}}}}