{"EventId":{"Value":"jfGqG3ILbk6heWuSfCykrg=="},"EventType":{"Value":{"IdType":1,"Id":"NodeChange"}},"SourceNode":{"Value":{"IdType":1,"Id":"0:Boiler #2?WaterIn","Namespace":"http://opcfoundation.org/UA/Views"}},"Time":{"Value":"2024-04-27T18:21:54.0873006Z"},"Change":{"Value":{"NodeId":{"IdType":1,"Id":"0:Boiler #2?WaterIn","Namespace":"http://opcfoundation.org/UA/Views"},"NodeClass":"Object_1","BrowseName":{"Name":"WaterIn","Uri":"http://opcfoundation.org/UA/Views"},"DisplayName":"WaterIn","RolePermissions":[],"UserRolePermissions":[],"References":[]}}}