{"EventId":{"Value":"giOTXxeNa0efztigraOODQ=="},"EventType":{"Value":{"IdType":1,"Id":"ReferenceChange"}},"SourceNode":{"Value":{"IdType":1,"Id":"UInt32","Namespace":"http://samples.org/UA/memorybuffer/Instance"}},"Time":{"Value":"2024-04-27T18:21:54.0949533Z"},"Change":{"Value":{"ReferenceTypeId":{"Id":47},"IsForward":true,"NodeId":{"IdType":1,"Id":"UInt32[0]","Namespace":"http://samples.org/UA/memorybuffer/Instance"},"BrowseName":{"Name":"00000000","Uri":"http://samples.org/UA/memorybuffer"},"DisplayName":"00000000","NodeClass":"Variable_2","TypeDefinition":{"Id":1018,"Namespace":"http://samples.org/UA/memorybuffer"}}}}