{"EventId":{"Value":"feyD7IlelUuj1vrhL6fOBQ=="},"EventType":{"Value":{"IdType":1,"Id":"ReferenceChange"}},"SourceNode":{"Value":{"IdType":1,"Id":"UInt32","Namespace":"http://samples.org/UA/memorybuffer/Instance"}},"Time":{"Value":"2024-04-27T18:21:54.1008032Z"},"Change":{"Value":{"ReferenceTypeId":{"Id":47},"IsForward":true,"NodeId":{"IdType":1,"Id":"UInt32[12]","Namespace":"http://samples.org/UA/memorybuffer/Instance"},"BrowseName":{"Name":"0000000C","Uri":"http://samples.org/UA/memorybuffer"},"DisplayName":"0000000C","NodeClass":"Variable_2","TypeDefinition":{"Id":1018,"Namespace":"http://samples.org/UA/memorybuffer"}}}}