{"MessageId":"67f8db9c-b636-4fa2-ac29-27823ac51ba4","MessageType":"ua-data","PublisherId":"DESKTOP-BGFJS91","DataSetWriterGroup":"Packaging","Messages":[{"DataSetWriterId":1,"SequenceNumber":1,"MetaDataVersion":{"MajorVersion":1},"Timestamp":"2024-04-26T11:59:21.6283767Z","MessageType":"ua-deltaframe","DataSetWriterName":"<<UnknownDataSet>>","Payload":{"nsu=http://opcfoundation.org/UA/Plc/Applications;s=SpikeData":{"Value":-3.2162452993532734E-14,"SourceTimestamp":"2024-04-26T11:59:21.5345964Z","ServerTimestamp":"2024-04-26T11:59:21.5345976Z"}}}]}