{"MessageId":"d622c9d1-9058-4558-9295-4b4bba71a6b8","MessageType":"ua-data","PublisherId":"DESKTOP-BGFJS91","DataSetWriterGroup":"Packaging","Messages":[{"DataSetWriterId":1,"SequenceNumber":9,"MetaDataVersion":{"MajorVersion":1},"Timestamp":"2024-04-26T11:59:30.6015646Z","MessageType":"ua-deltaframe","DataSetWriterName":"<<UnknownDataSet>>","Payload":{"nsu=http://opcfoundation.org/UA/Plc/Applications;s=SpikeData":{"Value":-95.10565162951535,"SourceTimestamp":"2024-04-26T11:59:30.5379261Z","ServerTimestamp":"2024-04-26T11:59:30.5379296Z"}}}]}