{"MessageId":"e7e198fb-9eca-40ae-a6a6-89811862b9a7","MessageType":"ua-data","PublisherId":"DESKTOP-BGFJS91","DataSetWriterGroup":"Packaging","Messages":[{"DataSetWriterId":1,"SequenceNumber":96,"MetaDataVersion":{"MajorVersion":1},"Timestamp":"2024-04-26T12:01:04.6039646Z","MessageType":"ua-deltaframe","DataSetWriterName":"<<UnknownDataSet>>","Payload":{"nsu=http://opcfoundation.org/UA/Plc/Applications;s=SpikeData":{"Value":-58.778525229247258,"SourceTimestamp":"2024-04-26T12:01:04.5410804Z","ServerTimestamp":"2024-04-26T12:01:04.5410833Z"}}}]}