{"MessageId":"291ce0b4-46ca-469b-a0d1-642afa9af3ab","MessageType":"ua-data","PublisherId":"DESKTOP-BGFJS91","DataSetWriterGroup":"Packaging","Messages":[{"DataSetWriterId":1,"SequenceNumber":10,"MetaDataVersion":{"MajorVersion":1},"Timestamp":"2024-04-26T11:59:31.6045519Z","MessageType":"ua-deltaframe","DataSetWriterName":"<<UnknownDataSet>>","Payload":{"nsu=http://opcfoundation.org/UA/Plc/Applications;s=SpikeData":{"Value":-3.2162452993532734E-14,"SourceTimestamp":"2024-04-26T11:59:31.5424745Z","ServerTimestamp":"2024-04-26T11:59:31.5424754Z"}}}]}