{"MessageId":"1a2fee21-b17a-4c8b-a5f8-3ea3832c1766","MessageType":"ua-data","PublisherId":"DESKTOP-BGFJS91","DataSetWriterGroup":"Packaging","Messages":[{"DataSetWriterId":1,"SequenceNumber":103,"MetaDataVersion":{"MajorVersion":1},"Timestamp":"2024-04-26T12:01:12.5970175Z","MessageType":"ua-deltaframe","DataSetWriterName":"<<UnknownDataSet>>","Payload":{"nsu=http://opcfoundation.org/UA/Plc/Applications;s=SpikeData":{"Value":95.10565162951535,"SourceTimestamp":"2024-04-26T12:01:12.5332846Z","ServerTimestamp":"2024-04-26T12:01:12.5332972Z"}}}]}