{"MessageId":"76816ecb-a42c-42ab-a8d9-068d10e83577","MessageType":"ua-data","PublisherId":"DESKTOP-BGFJS91","DataSetWriterGroup":"Packaging","Messages":[{"DataSetWriterId":1,"SequenceNumber":18,"MetaDataVersion":{"MajorVersion":1},"Timestamp":"2024-04-26T11:59:40.6035059Z","MessageType":"ua-deltaframe","DataSetWriterName":"<<UnknownDataSet>>","Payload":{"nsu=http://opcfoundation.org/UA/Plc/Applications;s=SpikeData":{"Value":-95.10565162951535,"SourceTimestamp":"2024-04-26T11:59:40.5405783Z","ServerTimestamp":"2024-04-26T11:59:40.5405791Z"}}}]}