{"MessageId":"8daa315a-7a2a-4223-a17b-6b96b40e5e5c","MessageType":"ua-data","PublisherId":"DESKTOP-BGFJS91","DataSetWriterGroup":"Packaging","Messages":[{"DataSetWriterId":1,"SequenceNumber":21,"MetaDataVersion":{"MajorVersion":1},"Timestamp":"2024-04-26T11:59:43.6243472Z","MessageType":"ua-deltaframe","DataSetWriterName":"<<UnknownDataSet>>","Payload":{"nsu=http://opcfoundation.org/UA/Plc/Applications;s=SpikeData":{"Value":58.778525229247315,"SourceTimestamp":"2024-04-26T11:59:43.5293471Z","ServerTimestamp":"2024-04-26T11:59:43.5293504Z"}}}]}