{"MessageId":"361d43ff-2183-4400-87a6-7f542dc6c577","MessageType":"ua-data","PublisherId":"DESKTOP-BGFJS91","DataSetWriterGroup":"Packaging","Messages":[{"DataSetWriterId":1,"SequenceNumber":24,"MetaDataVersion":{"MajorVersion":1},"Timestamp":"2024-04-26T11:59:47.6184335Z","MessageType":"ua-deltaframe","DataSetWriterName":"<<UnknownDataSet>>","Payload":{"nsu=http://opcfoundation.org/UA/Plc/Applications;s=SpikeData":{"Value":95.10565162951535,"SourceTimestamp":"2024-04-26T11:59:47.5396721Z","ServerTimestamp":"2024-04-26T11:59:47.5396751Z"}}}]}