{"MessageId":"f05ea005-a9e4-4bd6-a6ed-0d0c7154edac","MessageType":"ua-data","PublisherId":"DESKTOP-BGFJS91","DataSetWriterGroup":"Packaging","Messages":[{"DataSetWriterId":1,"SequenceNumber":26,"MetaDataVersion":{"MajorVersion":1},"Timestamp":"2024-04-26T11:59:49.6238865Z","MessageType":"ua-deltaframe","DataSetWriterName":"<<UnknownDataSet>>","Payload":{"nsu=http://opcfoundation.org/UA/Plc/Applications;s=SpikeData":{"Value":-58.778525229247258,"SourceTimestamp":"2024-04-26T11:59:49.5293785Z","ServerTimestamp":"2024-04-26T11:59:49.5293864Z"}}}]}