{"MessageId":"5adfd352-f089-4a77-bb54-736cefc7ad65","MessageType":"ua-data","PublisherId":"DESKTOP-BGFJS91","DataSetWriterGroup":"Packaging","Messages":[{"DataSetWriterId":1,"SequenceNumber":32,"MetaDataVersion":{"MajorVersion":1},"Timestamp":"2024-04-26T11:59:56.5941505Z","MessageType":"ua-deltaframe","DataSetWriterName":"<<UnknownDataSet>>","Payload":{"nsu=http://opcfoundation.org/UA/Plc/Applications;s=SpikeData":{"Value":-3.2162452993532734E-14,"SourceTimestamp":"2024-04-26T11:59:56.5313946Z","ServerTimestamp":"2024-04-26T11:59:56.5313961Z"}}}]}