{"MessageId":"0ca7cc91-703c-4993-a610-19958bcdbc05","MessageType":"ua-data","PublisherId":"DESKTOP-BGFJS91","DataSetWriterGroup":"Packaging","Messages":[{"DataSetWriterId":1,"SequenceNumber":35,"MetaDataVersion":{"MajorVersion":1},"Timestamp":"2024-04-26T11:59:59.6127239Z","MessageType":"ua-deltaframe","DataSetWriterName":"<<UnknownDataSet>>","Payload":{"nsu=http://opcfoundation.org/UA/Plc/Applications;s=SpikeData":{"Value":-58.778525229247258,"SourceTimestamp":"2024-04-26T11:59:59.5343965Z","ServerTimestamp":"2024-04-26T11:59:59.5343972Z"}}}]}