{"MessageId":"53082e6c-8045-4304-b436-5af840f563c9","MessageType":"ua-data","PublisherId":"DESKTOP-BGFJS91","DataSetWriterGroup":"Packaging","Messages":[{"SequenceNumber":4,"MetaDataVersion":{"MajorVersion":1},"Timestamp":"2024-04-26T12:00:00.3668023Z","MessageType":"ua-deltaframe","DataSetWriterName":"<<UnknownDataSet>>","Payload":{"nsu=http://opcfoundation.org/UA/Plc/Applications;s=SlowRandomUIntScalar1":{"Value":2499990925,"SourceTimestamp":"2024-04-26T11:59:58.9369701Z","ServerTimestamp":"2024-04-26T11:59:58.9369733Z"},"nsu=http://opcfoundation.org/UA/Plc/Applications;s=SlowRandomUIntScalar2":{"Value":3938166749,"SourceTimestamp":"2024-04-26T11:59:58.9369817Z","ServerTimestamp":"2024-04-26T11:59:58.9369824Z"},"nsu=http://opcfoundation.org/UA/Plc/Applications;s=SlowRandomUIntScalar3":{"Value":212042169,"SourceTimestamp":"2024-04-26T11:59:58.9369838Z","ServerTimestamp":"2024-04-26T11:59:58.9369866Z"},"nsu=http://opcfoundation.org/UA/Plc/Applications;s=BadSlowRandomUIntScalar1":{"Value":2262557923,"StatusCode":{"Symbol":"UncertainLastUsableValue","Code":1083179008},"SourceTimestamp":"2024-04-26T11:59:58.9369888Z","ServerTimestamp":"2024-04-26T11:59:58.9369902Z"}}}]}