{"MessageId":"b922d39d-1062-4132-94f8-8b757cb86e0c","MessageType":"ua-data","PublisherId":"DESKTOP-BGFJS91","DataSetWriterGroup":"Packaging","Messages":[{"DataSetWriterId":1,"SequenceNumber":44,"MetaDataVersion":{"MajorVersion":1},"Timestamp":"2024-04-26T12:00:09.5967784Z","MessageType":"ua-deltaframe","DataSetWriterName":"<<UnknownDataSet>>","Payload":{"nsu=http://opcfoundation.org/UA/Plc/Applications;s=SpikeData":{"Value":1000,"SourceTimestamp":"2024-04-26T12:00:09.5339985Z","ServerTimestamp":"2024-04-26T12:00:09.5339997Z"}}}]}