{"MessageId":"1684a688-42a2-490a-86c0-1b1570b17b3e","MessageType":"ua-data","PublisherId":"DESKTOP-BGFJS91","DataSetWriterGroup":"Packaging","Messages":[{"DataSetWriterId":1,"SequenceNumber":45,"MetaDataVersion":{"MajorVersion":1},"Timestamp":"2024-04-26T12:00:10.6016549Z","MessageType":"ua-deltaframe","DataSetWriterName":"<<UnknownDataSet>>","Payload":{"nsu=http://opcfoundation.org/UA/Plc/Applications;s=SpikeData":{"Value":-95.10565162951535,"SourceTimestamp":"2024-04-26T12:00:10.5373449Z","ServerTimestamp":"2024-04-26T12:00:10.5373457Z"}}}]}