{"MessageId":"8577412b-3572-40df-b365-b1e4fb12c9b7","MessageType":"ua-data","PublisherId":"DESKTOP-BGFJS91","DataSetWriterGroup":"Packaging","Messages":[{"DataSetWriterId":1,"SequenceNumber":46,"MetaDataVersion":{"MajorVersion":1},"Timestamp":"2024-04-26T12:00:11.6095642Z","MessageType":"ua-deltaframe","DataSetWriterName":"<<UnknownDataSet>>","Payload":{"nsu=http://opcfoundation.org/UA/Plc/Applications;s=SpikeData":{"Value":-3.2162452993532734E-14,"SourceTimestamp":"2024-04-26T12:00:11.5300363Z","ServerTimestamp":"2024-04-26T12:00:11.5300371Z"}}}]}