{"MessageId":"4a435b1e-573f-4a97-a9cb-f1c6401d8a1e","MessageType":"ua-data","PublisherId":"DESKTOP-BGFJS91","DataSetWriterGroup":"Packaging","Messages":[{"DataSetWriterId":1,"SequenceNumber":52,"MetaDataVersion":{"MajorVersion":1},"Timestamp":"2024-04-26T12:00:17.6194884Z","MessageType":"ua-deltaframe","DataSetWriterName":"<<UnknownDataSet>>","Payload":{"nsu=http://opcfoundation.org/UA/Plc/Applications;s=SpikeData":{"Value":95.10565162951535,"SourceTimestamp":"2024-04-26T12:00:17.5406826Z","ServerTimestamp":"2024-04-26T12:00:17.5406901Z"}}}]}