{"MessageId":"7f8a6a7c-9c2b-4120-b10f-13efc132471c","MessageType":"ua-data","PublisherId":"DESKTOP-BGFJS91","DataSetWriterGroup":"Packaging","Messages":[{"DataSetWriterId":1,"SequenceNumber":62,"MetaDataVersion":{"MajorVersion":1},"Timestamp":"2024-04-26T12:00:28.6068165Z","MessageType":"ua-deltaframe","DataSetWriterName":"<<UnknownDataSet>>","Payload":{"nsu=http://opcfoundation.org/UA/Plc/Applications;s=SpikeData":{"Value":58.778525229247315,"SourceTimestamp":"2024-04-26T12:00:28.5430644Z","ServerTimestamp":"2024-04-26T12:00:28.5430651Z"}}}]}