{"MessageId":"a3b8d191-8f36-4ac4-92fa-b9ee193c47f3","MessageType":"ua-data","PublisherId":"DESKTOP-BGFJS91","DataSetWriterGroup":"Packaging","Messages":[{"DataSetWriterId":1,"SequenceNumber":7,"MetaDataVersion":{"MajorVersion":1},"Timestamp":"2024-04-26T11:59:28.6004654Z","MessageType":"ua-deltaframe","DataSetWriterName":"<<UnknownDataSet>>","Payload":{"nsu=http://opcfoundation.org/UA/Plc/Applications;s=SpikeData":{"Value":58.778525229247315,"SourceTimestamp":"2024-04-26T11:59:28.53741Z","ServerTimestamp":"2024-04-26T11:59:28.5374107Z"}}}]}