{"MessageId":"3c4f222b-556f-451b-908f-01a629143cc1","MessageType":"ua-data","PublisherId":"DESKTOP-BGFJS91","DataSetWriterGroup":"Packaging","Messages":[{"DataSetWriterId":1,"SequenceNumber":67,"MetaDataVersion":{"MajorVersion":1},"Timestamp":"2024-04-26T12:00:33.60564Z","MessageType":"ua-deltaframe","DataSetWriterName":"<<UnknownDataSet>>","Payload":{"nsu=http://opcfoundation.org/UA/Plc/Applications;s=SpikeData":{"Value":58.778525229247315,"SourceTimestamp":"2024-04-26T12:00:33.5424001Z","ServerTimestamp":"2024-04-26T12:00:33.5424033Z"}}}]}