{"MessageId":"848b7ab0-3f6f-4a49-93de-1065a47334e9","MessageType":"ua-data","PublisherId":"DESKTOP-BGFJS91","DataSetWriterGroup":"Packaging","Messages":[{"DataSetWriterId":1,"SequenceNumber":70,"MetaDataVersion":{"MajorVersion":1},"Timestamp":"2024-04-26T12:00:36.6189067Z","MessageType":"ua-deltaframe","DataSetWriterName":"<<UnknownDataSet>>","Payload":{"nsu=http://opcfoundation.org/UA/Plc/Applications;s=SpikeData":{"Value":-3.2162452993532734E-14,"SourceTimestamp":"2024-04-26T12:00:36.5400743Z","ServerTimestamp":"2024-04-26T12:00:36.5400754Z"}}}]}