{"MessageId":"c19a6f6d-1152-4d7b-88fc-ccbec7fbd2e4","MessageType":"ua-data","PublisherId":"DESKTOP-BGFJS91","DataSetWriterGroup":"Packaging","Messages":[{"DataSetWriterId":1,"SequenceNumber":77,"MetaDataVersion":{"MajorVersion":1},"Timestamp":"2024-04-26T12:00:44.5910866Z","MessageType":"ua-deltaframe","DataSetWriterName":"<<UnknownDataSet>>","Payload":{"nsu=http://opcfoundation.org/UA/Plc/Applications;s=SpikeData":{"Value":-58.778525229247258,"SourceTimestamp":"2024-04-26T12:00:44.5433583Z","ServerTimestamp":"2024-04-26T12:00:44.5433626Z"}}}]}