{"MessageId":"6f8e3ce5-e0de-4f6b-bde9-4910e897f6a8","MessageType":"ua-data","PublisherId":"DESKTOP-BGFJS91","DataSetWriterGroup":"Packaging","Messages":[{"DataSetWriterId":1,"SequenceNumber":81,"MetaDataVersion":{"MajorVersion":1},"Timestamp":"2024-04-26T12:00:48.6078345Z","MessageType":"ua-deltaframe","DataSetWriterName":"<<UnknownDataSet>>","Payload":{"nsu=http://opcfoundation.org/UA/Plc/Applications;s=SpikeData":{"Value":58.778525229247315,"SourceTimestamp":"2024-04-26T12:00:48.5439826Z","ServerTimestamp":"2024-04-26T12:00:48.5439841Z"}}}]}