{"MessageId":"6362116d-35ce-49e1-84e8-5cc03d2945fc","MessageType":"ua-data","PublisherId":"DESKTOP-BGFJS91","DataSetWriterGroup":"Packaging","Messages":[{"SequenceNumber":1,"MetaDataVersion":{"MajorVersion":1},"Timestamp":"2024-04-26T11:59:30.349852Z","MessageType":"ua-deltaframe","DataSetWriterName":"<<UnknownDataSet>>","Payload":{"nsu=http://opcfoundation.org/UA/Plc/Applications;s=SlowRandomUIntScalar1":{"Value":187825161,"SourceTimestamp":"2024-04-26T11:59:28.9430622Z","ServerTimestamp":"2024-04-26T11:59:28.9430652Z"},"nsu=http://opcfoundation.org/UA/Plc/Applications;s=SlowRandomUIntScalar2":{"Value":1161947299,"SourceTimestamp":"2024-04-26T11:59:28.9430735Z","ServerTimestamp":"2024-04-26T11:59:28.9430742Z"},"nsu=http://opcfoundation.org/UA/Plc/Applications;s=SlowRandomUIntScalar3":{"Value":1486671615,"SourceTimestamp":"2024-04-26T11:59:28.9430756Z","ServerTimestamp":"2024-04-26T11:59:28.9430765Z"},"nsu=http://opcfoundation.org/UA/Plc/Applications;s=BadSlowRandomUIntScalar1":{"Value":1194386805,"SourceTimestamp":"2024-04-26T11:59:28.9430789Z","ServerTimestamp":"2024-04-26T11:59:28.9430796Z"}}}]}