{"MessageId":"a27adc8c-5a86-43d8-b837-b64ecd6591d1","MessageType":"ua-data","PublisherId":"DESKTOP-BGFJS91","DataSetWriterGroup":"Packaging","Messages":[{"DataSetWriterId":1,"SequenceNumber":88,"MetaDataVersion":{"MajorVersion":1},"Timestamp":"2024-04-26T12:00:55.6226306Z","MessageType":"ua-deltaframe","DataSetWriterName":"<<UnknownDataSet>>","Payload":{"nsu=http://opcfoundation.org/UA/Plc/Applications;s=SpikeData":{"Value":-95.10565162951535,"SourceTimestamp":"2024-04-26T12:00:55.5443898Z","ServerTimestamp":"2024-04-26T12:00:55.5443915Z"}}}]}