[{"SequenceNumber":94,"MetaDataVersion":{"MajorVersion":1},"Timestamp":"2024-04-27T15:53:16.2678227Z","MessageType":"ua-deltaframe","DataSetWriterName":"<<UnknownDataSet>>","Payload":{"nsu=http://opcfoundation.org/UA/Plc/Applications;s=StepUp":{"Value":{"Type":7,"Body":1058},"SourceTimestamp":"2024-04-27T15:53:16.2053657Z","ServerTimestamp":"2024-04-27T15:53:16.2053694Z"},"nsu=http://opcfoundation.org/UA/Plc/Applications;s=AlternatingBoolean":{"Value":{"Type":1,"Body":false},"SourceTimestamp":"2024-04-27T15:53:15.5071912Z","ServerTimestamp":"2024-04-27T15:53:15.5071929Z"},"nsu=http://opcfoundation.org/UA/Plc/Applications;s=RandomSignedInt32":{"Value":{"Type":6,"Body":-1536416738},"SourceTimestamp":"2024-04-27T15:53:16.2054071Z","ServerTimestamp":"2024-04-27T15:53:16.2054091Z"},"nsu=http://opcfoundation.org/UA/Plc/Applications;s=RandomUnsignedInt32":{"Value":{"Type":7,"Body":1517641837},"SourceTimestamp":"2024-04-27T15:53:16.2054063Z","ServerTimestamp":"2024-04-27T15:53:16.2054069Z"},"nsu=http://opcfoundation.org/UA/Plc/Applications;s=DipData":{"Value":{"Type":11,"Body":-77.0513242775789},"SourceTimestamp":"2024-04-27T15:53:16.205407Z","ServerTimestamp":"2024-04-27T15:53:16.2054137Z"},"nsu=http://opcfoundation.org/UA/Plc/Applications;s=FastUIntScalar1":{"Value":{"Type":7,"Body":105},"SourceTimestamp":"2024-04-27T15:53:15.3980835Z","ServerTimestamp":"2024-04-27T15:53:15.3981142Z"},"nsu=http://opcfoundation.org/UA/Plc/Applications;s=FastUIntScalar2":{"Value":{"Type":7,"Body":105},"SourceTimestamp":"2024-04-27T15:53:15.3981216Z","ServerTimestamp":"2024-04-27T15:53:15.3981261Z"},"nsu=http://opcfoundation.org/UA/Plc/Applications;s=FastUIntScalar3":{"Value":{"Type":7,"Body":105},"SourceTimestamp":"2024-04-27T15:53:15.3981275Z","ServerTimestamp":"2024-04-27T15:53:15.3981312Z"},"nsu=http://opcfoundation.org/UA/Plc/Applications;s=FastRandomUIntScalar1":{"Value":{"Type":7,"Body":684233090},"SourceTimestamp":"2024-04-27T15:53:15.398087Z","ServerTimestamp":"2024-04-27T15:53:15.3980897Z"},"nsu=http://opcfoundation.org/UA/Plc/Applications;s=FastRandomUIntScalar2":{"Value":{"Type":7,"Body":3771649083},"SourceTimestamp":"2024-04-27T15:53:15.3980964Z","ServerTimestamp":"2024-04-27T15:53:15.3980999Z"},"nsu=http://opcfoundation.org/UA/Plc/Applications;s=FastRandomUIntScalar3":{"Value":{"Type":7,"Body":499356671},"SourceTimestamp":"2024-04-27T15:53:15.3981067Z","ServerTimestamp":"2024-04-27T15:53:15.3981072Z"},"nsu=http://opcfoundation.org/UA/Plc/Applications;s=NegativeTrendData":{"Value":{"Type":11,"Body":98.599999999999994},"SourceTimestamp":"2024-04-27T15:53:15.507203Z","ServerTimestamp":"2024-04-27T15:53:15.5072342Z"},"nsu=http://opcfoundation.org/UA/Plc/Applications;s=PositiveTrendData":{"Value":{"Type":11,"Body":102.09999999999999},"SourceTimestamp":"2024-04-27T15:53:15.5072005Z","ServerTimestamp":"2024-04-27T15:53:15.5072043Z"},"nsu=http://opcfoundation.org/UA/Plc/Applications;s=SpikeData":{"Value":{"Type":11,"Body":-77.0513242775789},"SourceTimestamp":"2024-04-27T15:53:16.2053894Z","ServerTimestamp":"2024-04-27T15:53:16.2053915Z"}}}]