[{"SequenceNumber":95,"MetaDataVersion":{"MajorVersion":1},"Timestamp":"2024-04-27T15:53:18.2308547Z","MessageType":"ua-deltaframe","DataSetWriterName":"<<UnknownDataSet>>","Payload":{"nsu=http://opcfoundation.org/UA/Plc/Applications;s=StepUp":{"Value":{"Type":7,"Body":1078},"SourceTimestamp":"2024-04-27T15:53:18.1998587Z","ServerTimestamp":"2024-04-27T15:53:18.1998621Z"},"nsu=http://opcfoundation.org/UA/Plc/Applications;s=RandomSignedInt32":{"Value":{"Type":6,"Body":-1941562083},"SourceTimestamp":"2024-04-27T15:53:18.1998874Z","ServerTimestamp":"2024-04-27T15:53:18.1998882Z"},"nsu=http://opcfoundation.org/UA/Plc/Applications;s=RandomUnsignedInt32":{"Value":{"Type":7,"Body":485342750},"SourceTimestamp":"2024-04-27T15:53:18.1998832Z","ServerTimestamp":"2024-04-27T15:53:18.1998849Z"},"nsu=http://opcfoundation.org/UA/Plc/Applications;s=DipData":{"Value":{"Type":11,"Body":24.868988716485482},"SourceTimestamp":"2024-04-27T15:53:18.1998925Z","ServerTimestamp":"2024-04-27T15:53:18.1998938Z"},"nsu=http://opcfoundation.org/UA/Plc/Applications;s=FastUIntScalar1":{"Value":{"Type":7,"Body":107},"SourceTimestamp":"2024-04-27T15:53:17.3942098Z","ServerTimestamp":"2024-04-27T15:53:17.3942109Z"},"nsu=http://opcfoundation.org/UA/Plc/Applications;s=FastUIntScalar2":{"Value":{"Type":7,"Body":107},"SourceTimestamp":"2024-04-27T15:53:17.3942143Z","ServerTimestamp":"2024-04-27T15:53:17.3942149Z"},"nsu=http://opcfoundation.org/UA/Plc/Applications;s=FastUIntScalar3":{"Value":{"Type":7,"Body":107},"SourceTimestamp":"2024-04-27T15:53:17.3942164Z","ServerTimestamp":"2024-04-27T15:53:17.3942171Z"},"nsu=http://opcfoundation.org/UA/Plc/Applications;s=FastRandomUIntScalar1":{"Value":{"Type":7,"Body":1409954239},"SourceTimestamp":"2024-04-27T15:53:17.3941993Z","ServerTimestamp":"2024-04-27T15:53:17.3942009Z"},"nsu=http://opcfoundation.org/UA/Plc/Applications;s=FastRandomUIntScalar2":{"Value":{"Type":7,"Body":3902428318},"SourceTimestamp":"2024-04-27T15:53:17.3942051Z","ServerTimestamp":"2024-04-27T15:53:17.3942056Z"},"nsu=http://opcfoundation.org/UA/Plc/Applications;s=FastRandomUIntScalar3":{"Value":{"Type":7,"Body":2719643034},"SourceTimestamp":"2024-04-27T15:53:17.3942067Z","ServerTimestamp":"2024-04-27T15:53:17.394207Z"},"nsu=http://opcfoundation.org/UA/Plc/Applications;s=SpikeData":{"Value":{"Type":11,"Body":24.868988716485482},"SourceTimestamp":"2024-04-27T15:53:18.1998648Z","ServerTimestamp":"2024-04-27T15:53:18.1998988Z"}}}]