[{"DataSetWriterId":1,"SequenceNumber":11,"MetaDataVersion":{"MajorVersion":1},"Timestamp":"2024-04-27T15:53:21.3105882Z","MessageType":"ua-deltaframe","DataSetWriterName":"<<UnknownDataSet>>","Payload":{"nsu=http://opcfoundation.org/UA/Plc/Applications;s=SlowUIntScalar1":{"Value":{"Type":7,"Body":11},"SourceTimestamp":"2024-04-27T15:53:20.3982609Z","ServerTimestamp":"2024-04-27T15:53:20.3982638Z"},"nsu=http://opcfoundation.org/UA/Plc/Applications;s=SlowUIntScalar2":{"Value":{"Type":7,"Body":11},"SourceTimestamp":"2024-04-27T15:53:20.3982738Z","ServerTimestamp":"2024-04-27T15:53:20.3982744Z"},"nsu=http://opcfoundation.org/UA/Plc/Applications;s=SlowUIntScalar3":{"Value":{"Type":7,"Body":11},"SourceTimestamp":"2024-04-27T15:53:20.3982756Z","ServerTimestamp":"2024-04-27T15:53:20.3982763Z"},"nsu=http://opcfoundation.org/UA/Plc/Applications;s=BadSlowUIntScalar1":{"Value":{"Type":7,"Body":1},"SourceTimestamp":"2024-04-27T15:53:20.398278Z","ServerTimestamp":"2024-04-27T15:53:20.3982789Z"},"nsu=http://opcfoundation.org/UA/Plc/Applications;s=SlowRandomUIntScalar1":{"Value":{"Type":7,"Body":2088805792},"SourceTimestamp":"2024-04-27T15:53:20.3983054Z","ServerTimestamp":"2024-04-27T15:53:20.3983313Z"},"nsu=http://opcfoundation.org/UA/Plc/Applications;s=SlowRandomUIntScalar2":{"Value":{"Type":7,"Body":2261727330},"SourceTimestamp":"2024-04-27T15:53:20.3983341Z","ServerTimestamp":"2024-04-27T15:53:20.3983348Z"},"nsu=http://opcfoundation.org/UA/Plc/Applications;s=SlowRandomUIntScalar3":{"Value":{"Type":7,"Body":3862235202},"SourceTimestamp":"2024-04-27T15:53:20.3983363Z","ServerTimestamp":"2024-04-27T15:53:20.3983366Z"},"nsu=http://opcfoundation.org/UA/Plc/Applications;s=BadSlowRandomUIntScalar1":{"Value":{"Type":7,"Body":1756301593},"SourceTimestamp":"2024-04-27T15:53:20.398338Z","ServerTimestamp":"2024-04-27T15:53:20.3983388Z"}}}]