[{"SequenceNumber":100,"MetaDataVersion":{"MajorVersion":1},"Timestamp":"2024-04-27T15:53:24.2860025Z","MessageType":"ua-deltaframe","DataSetWriterName":"<<UnknownDataSet>>","Payload":{"nsu=http://opcfoundation.org/UA/Plc/Applications;s=StepUp":{"Value":{"Type":7,"Body":1138},"SourceTimestamp":"2024-04-27T15:53:24.1937587Z","ServerTimestamp":"2024-04-27T15:53:24.1937631Z"},"nsu=http://opcfoundation.org/UA/Plc/Applications;s=RandomSignedInt32":{"Value":{"Type":6,"Body":-1346278366},"SourceTimestamp":"2024-04-27T15:53:24.1937795Z","ServerTimestamp":"2024-04-27T15:53:24.1938828Z"},"nsu=http://opcfoundation.org/UA/Plc/Applications;s=RandomUnsignedInt32":{"Value":{"Type":7,"Body":604563258},"SourceTimestamp":"2024-04-27T15:53:24.1938162Z","ServerTimestamp":"2024-04-27T15:53:24.1938193Z"},"nsu=http://opcfoundation.org/UA/Plc/Applications;s=DipData":{"Value":{"Type":11,"Body":99.80267284282715},"SourceTimestamp":"2024-04-27T15:53:24.1938172Z","ServerTimestamp":"2024-04-27T15:53:24.1938304Z"},"nsu=http://opcfoundation.org/UA/Plc/Applications;s=FastUIntScalar1":{"Value":{"Type":7,"Body":113},"SourceTimestamp":"2024-04-27T15:53:23.3914899Z","ServerTimestamp":"2024-04-27T15:53:23.3914976Z"},"nsu=http://opcfoundation.org/UA/Plc/Applications;s=FastUIntScalar2":{"Value":{"Type":7,"Body":113},"SourceTimestamp":"2024-04-27T15:53:23.391502Z","ServerTimestamp":"2024-04-27T15:53:23.3915036Z"},"nsu=http://opcfoundation.org/UA/Plc/Applications;s=FastUIntScalar3":{"Value":{"Type":7,"Body":113},"SourceTimestamp":"2024-04-27T15:53:23.3915048Z","ServerTimestamp":"2024-04-27T15:53:23.3915464Z"},"nsu=http://opcfoundation.org/UA/Plc/Applications;s=FastRandomUIntScalar1":{"Value":{"Type":7,"Body":4110936480},"SourceTimestamp":"2024-04-27T15:53:23.3914897Z","ServerTimestamp":"2024-04-27T15:53:23.3914911Z"},"nsu=http://opcfoundation.org/UA/Plc/Applications;s=FastRandomUIntScalar2":{"Value":{"Type":7,"Body":3493862801},"SourceTimestamp":"2024-04-27T15:53:23.3914973Z","ServerTimestamp":"2024-04-27T15:53:23.3915019Z"},"nsu=http://opcfoundation.org/UA/Plc/Applications;s=FastRandomUIntScalar3":{"Value":{"Type":7,"Body":3278826879},"SourceTimestamp":"2024-04-27T15:53:23.3915032Z","ServerTimestamp":"2024-04-27T15:53:23.3915139Z"},"nsu=http://opcfoundation.org/UA/Plc/Applications;s=SpikeData":{"Value":{"Type":11,"Body":99.80267284282715},"SourceTimestamp":"2024-04-27T15:53:24.1938403Z","ServerTimestamp":"2024-04-27T15:53:24.1938422Z"}}}]