[{"SequenceNumber":103,"MetaDataVersion":{"MajorVersion":1},"Timestamp":"2024-04-27T15:53:28.2360456Z","MessageType":"ua-deltaframe","DataSetWriterName":"<<UnknownDataSet>>","Payload":{"nsu=http://opcfoundation.org/UA/Plc/Applications;s=StepUp":{"Value":{"Type":7,"Body":1178},"SourceTimestamp":"2024-04-27T15:53:28.2046145Z","ServerTimestamp":"2024-04-27T15:53:28.204618Z"},"nsu=http://opcfoundation.org/UA/Plc/Applications;s=RandomSignedInt32":{"Value":{"Type":6,"Body":1511607509},"SourceTimestamp":"2024-04-27T15:53:28.2046495Z","ServerTimestamp":"2024-04-27T15:53:28.2046527Z"},"nsu=http://opcfoundation.org/UA/Plc/Applications;s=RandomUnsignedInt32":{"Value":{"Type":7,"Body":193978858},"SourceTimestamp":"2024-04-27T15:53:28.2046491Z","ServerTimestamp":"2024-04-27T15:53:28.2046497Z"},"nsu=http://opcfoundation.org/UA/Plc/Applications;s=DipData":{"Value":{"Type":11,"Body":24.868988716485482},"SourceTimestamp":"2024-04-27T15:53:28.2046527Z","ServerTimestamp":"2024-04-27T15:53:28.2046555Z"},"nsu=http://opcfoundation.org/UA/Plc/Applications;s=FastUIntScalar1":{"Value":{"Type":7,"Body":117},"SourceTimestamp":"2024-04-27T15:53:27.4001477Z","ServerTimestamp":"2024-04-27T15:53:27.4001508Z"},"nsu=http://opcfoundation.org/UA/Plc/Applications;s=FastUIntScalar2":{"Value":{"Type":7,"Body":117},"SourceTimestamp":"2024-04-27T15:53:27.4001613Z","ServerTimestamp":"2024-04-27T15:53:27.4001629Z"},"nsu=http://opcfoundation.org/UA/Plc/Applications;s=FastUIntScalar3":{"Value":{"Type":7,"Body":117},"SourceTimestamp":"2024-04-27T15:53:27.4001658Z","ServerTimestamp":"2024-04-27T15:53:27.4001669Z"},"nsu=http://opcfoundation.org/UA/Plc/Applications;s=FastRandomUIntScalar1":{"Value":{"Type":7,"Body":3921743798},"SourceTimestamp":"2024-04-27T15:53:27.4001328Z","ServerTimestamp":"2024-04-27T15:53:27.4001385Z"},"nsu=http://opcfoundation.org/UA/Plc/Applications;s=FastRandomUIntScalar2":{"Value":{"Type":7,"Body":145064337},"SourceTimestamp":"2024-04-27T15:53:27.4001412Z","ServerTimestamp":"2024-04-27T15:53:27.4001427Z"},"nsu=http://opcfoundation.org/UA/Plc/Applications;s=FastRandomUIntScalar3":{"Value":{"Type":7,"Body":972450350},"SourceTimestamp":"2024-04-27T15:53:27.4001447Z","ServerTimestamp":"2024-04-27T15:53:27.4001453Z"},"nsu=http://opcfoundation.org/UA/Plc/Applications;s=SpikeData":{"Value":{"Type":11,"Body":24.868988716485482},"SourceTimestamp":"2024-04-27T15:53:28.2046229Z","ServerTimestamp":"2024-04-27T15:53:28.2046285Z"}}}]