[{"SequenceNumber":104,"MetaDataVersion":{"MajorVersion":1},"Timestamp":"2024-04-27T15:53:29.2350313Z","MessageType":"ua-deltaframe","DataSetWriterName":"<<UnknownDataSet>>","Payload":{"nsu=http://opcfoundation.org/UA/Plc/Applications;s=StepUp":{"Value":{"Type":7,"Body":1188},"SourceTimestamp":"2024-04-27T15:53:29.2038107Z","ServerTimestamp":"2024-04-27T15:53:29.203816Z"},"nsu=http://opcfoundation.org/UA/Plc/Applications;s=RandomSignedInt32":{"Value":{"Type":6,"Body":-1308109783},"SourceTimestamp":"2024-04-27T15:53:29.2038657Z","ServerTimestamp":"2024-04-27T15:53:29.203872Z"},"nsu=http://opcfoundation.org/UA/Plc/Applications;s=RandomUnsignedInt32":{"Value":{"Type":7,"Body":1716689299},"SourceTimestamp":"2024-04-27T15:53:29.2038651Z","ServerTimestamp":"2024-04-27T15:53:29.2038667Z"},"nsu=http://opcfoundation.org/UA/Plc/Applications;s=DipData":{"Value":{"Type":11,"Body":99.80267284282715},"SourceTimestamp":"2024-04-27T15:53:29.2038726Z","ServerTimestamp":"2024-04-27T15:53:29.2038763Z"},"nsu=http://opcfoundation.org/UA/Plc/Applications;s=FastUIntScalar1":{"Value":{"Type":7,"Body":118},"SourceTimestamp":"2024-04-27T15:53:28.3913163Z","ServerTimestamp":"2024-04-27T15:53:28.3913213Z"},"nsu=http://opcfoundation.org/UA/Plc/Applications;s=FastUIntScalar2":{"Value":{"Type":7,"Body":118},"SourceTimestamp":"2024-04-27T15:53:28.3913369Z","ServerTimestamp":"2024-04-27T15:53:28.3913375Z"},"nsu=http://opcfoundation.org/UA/Plc/Applications;s=FastUIntScalar3":{"Value":{"Type":7,"Body":118},"SourceTimestamp":"2024-04-27T15:53:28.391339Z","ServerTimestamp":"2024-04-27T15:53:28.3913408Z"},"nsu=http://opcfoundation.org/UA/Plc/Applications;s=FastRandomUIntScalar1":{"Value":{"Type":7,"Body":106568313},"SourceTimestamp":"2024-04-27T15:53:28.3913217Z","ServerTimestamp":"2024-04-27T15:53:28.3913285Z"},"nsu=http://opcfoundation.org/UA/Plc/Applications;s=FastRandomUIntScalar2":{"Value":{"Type":7,"Body":2409687995},"SourceTimestamp":"2024-04-27T15:53:28.3913376Z","ServerTimestamp":"2024-04-27T15:53:28.391339Z"},"nsu=http://opcfoundation.org/UA/Plc/Applications;s=FastRandomUIntScalar3":{"Value":{"Type":7,"Body":4269129970},"SourceTimestamp":"2024-04-27T15:53:28.3913408Z","ServerTimestamp":"2024-04-27T15:53:28.3913416Z"},"nsu=http://opcfoundation.org/UA/Plc/Applications;s=SpikeData":{"Value":{"Type":11,"Body":99.80267284282715},"SourceTimestamp":"2024-04-27T15:53:29.2038313Z","ServerTimestamp":"2024-04-27T15:53:29.2038359Z"}}}]