[{"SequenceNumber":13,"MetaDataVersion":{"MajorVersion":1},"Timestamp":"2024-04-27T15:51:44.2831138Z","MessageType":"ua-deltaframe","DataSetWriterName":"<<UnknownDataSet>>","Payload":{"nsu=http://opcfoundation.org/UA/Plc/Applications;s=StepUp":{"Value":{"Type":7,"Body":138},"SourceTimestamp":"2024-04-27T15:51:44.2053011Z","ServerTimestamp":"2024-04-27T15:51:44.2053056Z"},"nsu=http://opcfoundation.org/UA/Plc/Applications;s=RandomSignedInt32":{"Value":{"Type":6,"Body":1641366954},"SourceTimestamp":"2024-04-27T15:51:44.2054075Z","ServerTimestamp":"2024-04-27T15:51:44.2054203Z"},"nsu=http://opcfoundation.org/UA/Plc/Applications;s=RandomUnsignedInt32":{"Value":{"Type":7,"Body":522119160},"SourceTimestamp":"2024-04-27T15:51:44.2054065Z","ServerTimestamp":"2024-04-27T15:51:44.2054104Z"},"nsu=http://opcfoundation.org/UA/Plc/Applications;s=DipData":{"Value":{"Type":11,"Body":99.80267284282715},"SourceTimestamp":"2024-04-27T15:51:44.2054064Z","ServerTimestamp":"2024-04-27T15:51:44.2054076Z"},"nsu=http://opcfoundation.org/UA/Plc/Applications;s=FastUIntScalar1":{"Value":{"Type":7,"Body":13},"SourceTimestamp":"2024-04-27T15:51:43.4062963Z","ServerTimestamp":"2024-04-27T15:51:43.4062977Z"},"nsu=http://opcfoundation.org/UA/Plc/Applications;s=FastUIntScalar2":{"Value":{"Type":7,"Body":13},"SourceTimestamp":"2024-04-27T15:51:43.4063Z","ServerTimestamp":"2024-04-27T15:51:43.4063008Z"},"nsu=http://opcfoundation.org/UA/Plc/Applications;s=FastUIntScalar3":{"Value":{"Type":7,"Body":13},"SourceTimestamp":"2024-04-27T15:51:43.406302Z","ServerTimestamp":"2024-04-27T15:51:43.4063027Z"},"nsu=http://opcfoundation.org/UA/Plc/Applications;s=FastRandomUIntScalar1":{"Value":{"Type":7,"Body":2242170268},"SourceTimestamp":"2024-04-27T15:51:43.4063054Z","ServerTimestamp":"2024-04-27T15:51:43.4063119Z"},"nsu=http://opcfoundation.org/UA/Plc/Applications;s=FastRandomUIntScalar2":{"Value":{"Type":7,"Body":1382402362},"SourceTimestamp":"2024-04-27T15:51:43.4063177Z","ServerTimestamp":"2024-04-27T15:51:43.4063182Z"},"nsu=http://opcfoundation.org/UA/Plc/Applications;s=FastRandomUIntScalar3":{"Value":{"Type":7,"Body":826476333},"SourceTimestamp":"2024-04-27T15:51:43.4063193Z","ServerTimestamp":"2024-04-27T15:51:43.4063198Z"},"nsu=http://opcfoundation.org/UA/Plc/Applications;s=SpikeData":{"Value":{"Type":11,"Body":99.80267284282715},"SourceTimestamp":"2024-04-27T15:51:44.2053557Z","ServerTimestamp":"2024-04-27T15:51:44.205359Z"}}}]