[{"DataSetWriterId":1,"SequenceNumber":2,"MetaDataVersion":{"MajorVersion":1},"Timestamp":"2024-04-27T15:51:51.3351944Z","MessageType":"ua-deltaframe","DataSetWriterName":"<<UnknownDataSet>>","Payload":{"nsu=http://opcfoundation.org/UA/Plc/Applications;s=SlowUIntScalar1":{"Value":{"Type":7,"Body":2},"SourceTimestamp":"2024-04-27T15:51:50.3982818Z","ServerTimestamp":"2024-04-27T15:51:50.3982862Z"},"nsu=http://opcfoundation.org/UA/Plc/Applications;s=SlowUIntScalar2":{"Value":{"Type":7,"Body":2},"SourceTimestamp":"2024-04-27T15:51:50.3983015Z","ServerTimestamp":"2024-04-27T15:51:50.3983149Z"},"nsu=http://opcfoundation.org/UA/Plc/Applications;s=SlowUIntScalar3":{"Value":{"Type":7,"Body":2},"SourceTimestamp":"2024-04-27T15:51:50.398316Z","ServerTimestamp":"2024-04-27T15:51:50.3983168Z"},"nsu=http://opcfoundation.org/UA/Plc/Applications;s=BadSlowUIntScalar1":{"Value":{"Type":7,"Body":2},"SourceTimestamp":"2024-04-27T15:51:50.3983181Z","ServerTimestamp":"2024-04-27T15:51:50.3983258Z"},"nsu=http://opcfoundation.org/UA/Plc/Applications;s=SlowRandomUIntScalar1":{"Value":{"Type":7,"Body":2690901490},"SourceTimestamp":"2024-04-27T15:51:50.3983569Z","ServerTimestamp":"2024-04-27T15:51:50.3983579Z"},"nsu=http://opcfoundation.org/UA/Plc/Applications;s=SlowRandomUIntScalar2":{"Value":{"Type":7,"Body":35867144},"SourceTimestamp":"2024-04-27T15:51:50.3983599Z","ServerTimestamp":"2024-04-27T15:51:50.3983692Z"},"nsu=http://opcfoundation.org/UA/Plc/Applications;s=SlowRandomUIntScalar3":{"Value":{"Type":7,"Body":4217861926},"SourceTimestamp":"2024-04-27T15:51:50.3983703Z","ServerTimestamp":"2024-04-27T15:51:50.3983733Z"},"nsu=http://opcfoundation.org/UA/Plc/Applications;s=BadSlowRandomUIntScalar1":{"Value":{"Type":7,"Body":3067251303},"SourceTimestamp":"2024-04-27T15:51:50.398375Z","ServerTimestamp":"2024-04-27T15:51:50.3983758Z"}}}]