[{"SequenceNumber":20,"MetaDataVersion":{"MajorVersion":1},"Timestamp":"2024-04-27T15:51:52.261327Z","MessageType":"ua-deltaframe","DataSetWriterName":"<<UnknownDataSet>>","Payload":{"nsu=http://opcfoundation.org/UA/Plc/Applications;s=StepUp":{"Value":{"Type":7,"Body":218},"SourceTimestamp":"2024-04-27T15:51:52.1986403Z","ServerTimestamp":"2024-04-27T15:51:52.1986447Z"},"nsu=http://opcfoundation.org/UA/Plc/Applications;s=RandomSignedInt32":{"Value":{"Type":6,"Body":-382610859},"SourceTimestamp":"2024-04-27T15:51:52.1986948Z","ServerTimestamp":"2024-04-27T15:51:52.1986977Z"},"nsu=http://opcfoundation.org/UA/Plc/Applications;s=RandomUnsignedInt32":{"Value":{"Type":7,"Body":1365819787},"SourceTimestamp":"2024-04-27T15:51:52.1986653Z","ServerTimestamp":"2024-04-27T15:51:52.1986664Z"},"nsu=http://opcfoundation.org/UA/Plc/Applications;s=DipData":{"Value":{"Type":11,"Body":-84.432792550201526},"SourceTimestamp":"2024-04-27T15:51:52.1986696Z","ServerTimestamp":"2024-04-27T15:51:52.1986809Z"},"nsu=http://opcfoundation.org/UA/Plc/Applications;s=FastUIntScalar1":{"Value":{"Type":7,"Body":21},"SourceTimestamp":"2024-04-27T15:51:51.3925921Z","ServerTimestamp":"2024-04-27T15:51:51.3925946Z"},"nsu=http://opcfoundation.org/UA/Plc/Applications;s=FastUIntScalar2":{"Value":{"Type":7,"Body":21},"SourceTimestamp":"2024-04-27T15:51:51.3926051Z","ServerTimestamp":"2024-04-27T15:51:51.3926086Z"},"nsu=http://opcfoundation.org/UA/Plc/Applications;s=FastUIntScalar3":{"Value":{"Type":7,"Body":21},"SourceTimestamp":"2024-04-27T15:51:51.3926102Z","ServerTimestamp":"2024-04-27T15:51:51.3926122Z"},"nsu=http://opcfoundation.org/UA/Plc/Applications;s=FastRandomUIntScalar1":{"Value":{"Type":7,"Body":2943572350},"SourceTimestamp":"2024-04-27T15:51:51.3925998Z","ServerTimestamp":"2024-04-27T15:51:51.3926057Z"},"nsu=http://opcfoundation.org/UA/Plc/Applications;s=FastRandomUIntScalar2":{"Value":{"Type":7,"Body":2879992661},"SourceTimestamp":"2024-04-27T15:51:51.3926089Z","ServerTimestamp":"2024-04-27T15:51:51.3926103Z"},"nsu=http://opcfoundation.org/UA/Plc/Applications;s=FastRandomUIntScalar3":{"Value":{"Type":7,"Body":2516020178},"SourceTimestamp":"2024-04-27T15:51:51.3926124Z","ServerTimestamp":"2024-04-27T15:51:51.3926134Z"},"nsu=http://opcfoundation.org/UA/Plc/Applications;s=SpikeData":{"Value":{"Type":11,"Body":-84.432792550201526},"SourceTimestamp":"2024-04-27T15:51:52.1986101Z","ServerTimestamp":"2024-04-27T15:51:52.198615Z"}}}]