[{"SequenceNumber":21,"MetaDataVersion":{"MajorVersion":1},"Timestamp":"2024-04-27T15:51:53.2531446Z","MessageType":"ua-deltaframe","DataSetWriterName":"<<UnknownDataSet>>","Payload":{"nsu=http://opcfoundation.org/UA/Plc/Applications;s=StepUp":{"Value":{"Type":7,"Body":228},"SourceTimestamp":"2024-04-27T15:51:53.2069582Z","ServerTimestamp":"2024-04-27T15:51:53.206961Z"},"nsu=http://opcfoundation.org/UA/Plc/Applications;s=RandomSignedInt32":{"Value":{"Type":6,"Body":-1284971271},"SourceTimestamp":"2024-04-27T15:51:53.2069968Z","ServerTimestamp":"2024-04-27T15:51:53.2069997Z"},"nsu=http://opcfoundation.org/UA/Plc/Applications;s=RandomUnsignedInt32":{"Value":{"Type":7,"Body":474163187},"SourceTimestamp":"2024-04-27T15:51:53.2070027Z","ServerTimestamp":"2024-04-27T15:51:53.207004Z"},"nsu=http://opcfoundation.org/UA/Plc/Applications;s=DipData":{"Value":{"Type":11,"Body":24.868988716485482},"SourceTimestamp":"2024-04-27T15:51:53.2069947Z","ServerTimestamp":"2024-04-27T15:51:53.2069982Z"},"nsu=http://opcfoundation.org/UA/Plc/Applications;s=FastUIntScalar1":{"Value":{"Type":7,"Body":22},"SourceTimestamp":"2024-04-27T15:51:52.4013133Z","ServerTimestamp":"2024-04-27T15:51:52.4013487Z"},"nsu=http://opcfoundation.org/UA/Plc/Applications;s=FastUIntScalar2":{"Value":{"Type":7,"Body":22},"SourceTimestamp":"2024-04-27T15:51:52.4013533Z","ServerTimestamp":"2024-04-27T15:51:52.4013576Z"},"nsu=http://opcfoundation.org/UA/Plc/Applications;s=FastUIntScalar3":{"Value":{"Type":7,"Body":22},"SourceTimestamp":"2024-04-27T15:51:52.4013665Z","ServerTimestamp":"2024-04-27T15:51:52.4013721Z"},"nsu=http://opcfoundation.org/UA/Plc/Applications;s=FastRandomUIntScalar1":{"Value":{"Type":7,"Body":1403969220},"SourceTimestamp":"2024-04-27T15:51:52.4013203Z","ServerTimestamp":"2024-04-27T15:51:52.4013271Z"},"nsu=http://opcfoundation.org/UA/Plc/Applications;s=FastRandomUIntScalar2":{"Value":{"Type":7,"Body":2483063779},"SourceTimestamp":"2024-04-27T15:51:52.401336Z","ServerTimestamp":"2024-04-27T15:51:52.4013366Z"},"nsu=http://opcfoundation.org/UA/Plc/Applications;s=FastRandomUIntScalar3":{"Value":{"Type":7,"Body":1206693088},"SourceTimestamp":"2024-04-27T15:51:52.4013378Z","ServerTimestamp":"2024-04-27T15:51:52.4013383Z"},"nsu=http://opcfoundation.org/UA/Plc/Applications;s=SpikeData":{"Value":{"Type":11,"Body":24.868988716485482},"SourceTimestamp":"2024-04-27T15:51:53.2069744Z","ServerTimestamp":"2024-04-27T15:51:53.2069759Z"}}}]