[{"SequenceNumber":23,"MetaDataVersion":{"MajorVersion":1},"Timestamp":"2024-04-27T15:51:56.2626169Z","MessageType":"ua-deltaframe","DataSetWriterName":"<<UnknownDataSet>>","Payload":{"nsu=http://opcfoundation.org/UA/Plc/Applications;s=StepUp":{"Value":{"Type":7,"Body":258},"SourceTimestamp":"2024-04-27T15:51:56.2009113Z","ServerTimestamp":"2024-04-27T15:51:56.2009149Z"},"nsu=http://opcfoundation.org/UA/Plc/Applications;s=AlternatingBoolean":{"Value":{"Type":1,"Body":false},"SourceTimestamp":"2024-04-27T15:51:55.5029643Z","ServerTimestamp":"2024-04-27T15:51:55.5029661Z"},"nsu=http://opcfoundation.org/UA/Plc/Applications;s=RandomSignedInt32":{"Value":{"Type":6,"Body":-1294566965},"SourceTimestamp":"2024-04-27T15:51:56.2009923Z","ServerTimestamp":"2024-04-27T15:51:56.2010017Z"},"nsu=http://opcfoundation.org/UA/Plc/Applications;s=RandomUnsignedInt32":{"Value":{"Type":7,"Body":198808053},"SourceTimestamp":"2024-04-27T15:51:56.200988Z","ServerTimestamp":"2024-04-27T15:51:56.2009891Z"},"nsu=http://opcfoundation.org/UA/Plc/Applications;s=DipData":{"Value":{"Type":11,"Body":-77.0513242775789},"SourceTimestamp":"2024-04-27T15:51:56.2009866Z","ServerTimestamp":"2024-04-27T15:51:56.2009877Z"},"nsu=http://opcfoundation.org/UA/Plc/Applications;s=FastUIntScalar1":{"Value":{"Type":7,"Body":25},"SourceTimestamp":"2024-04-27T15:51:55.3951968Z","ServerTimestamp":"2024-04-27T15:51:55.3951999Z"},"nsu=http://opcfoundation.org/UA/Plc/Applications;s=FastUIntScalar2":{"Value":{"Type":7,"Body":25},"SourceTimestamp":"2024-04-27T15:51:55.3952107Z","ServerTimestamp":"2024-04-27T15:51:55.3952262Z"},"nsu=http://opcfoundation.org/UA/Plc/Applications;s=FastUIntScalar3":{"Value":{"Type":7,"Body":25},"SourceTimestamp":"2024-04-27T15:51:55.3952278Z","ServerTimestamp":"2024-04-27T15:51:55.39523Z"},"nsu=http://opcfoundation.org/UA/Plc/Applications;s=FastRandomUIntScalar1":{"Value":{"Type":7,"Body":2141978070},"SourceTimestamp":"2024-04-27T15:51:55.3952025Z","ServerTimestamp":"2024-04-27T15:51:55.3952225Z"},"nsu=http://opcfoundation.org/UA/Plc/Applications;s=FastRandomUIntScalar2":{"Value":{"Type":7,"Body":3833779253},"SourceTimestamp":"2024-04-27T15:51:55.3952265Z","ServerTimestamp":"2024-04-27T15:51:55.3952279Z"},"nsu=http://opcfoundation.org/UA/Plc/Applications;s=FastRandomUIntScalar3":{"Value":{"Type":7,"Body":1061956613},"SourceTimestamp":"2024-04-27T15:51:55.3952301Z","ServerTimestamp":"2024-04-27T15:51:55.3952313Z"},"nsu=http://opcfoundation.org/UA/Plc/Applications;s=PositiveTrendData":{"Value":{"Type":11,"Body":100.5},"SourceTimestamp":"2024-04-27T15:51:55.5029442Z","ServerTimestamp":"2024-04-27T15:51:55.5029472Z"},"nsu=http://opcfoundation.org/UA/Plc/Applications;s=SpikeData":{"Value":{"Type":11,"Body":-77.0513242775789},"SourceTimestamp":"2024-04-27T15:51:56.2009655Z","ServerTimestamp":"2024-04-27T15:51:56.2009707Z"}}}]