[{"SequenceNumber":34,"MetaDataVersion":{"MajorVersion":1},"Timestamp":"2024-04-27T15:52:09.263928Z","MessageType":"ua-deltaframe","DataSetWriterName":"<<UnknownDataSet>>","Payload":{"nsu=http://opcfoundation.org/UA/Plc/Applications;s=StepUp":{"Value":{"Type":7,"Body":388},"SourceTimestamp":"2024-04-27T15:52:09.2012842Z","ServerTimestamp":"2024-04-27T15:52:09.2012866Z"},"nsu=http://opcfoundation.org/UA/Plc/Applications;s=RandomSignedInt32":{"Value":{"Type":6,"Body":-561147955},"SourceTimestamp":"2024-04-27T15:52:09.2013245Z","ServerTimestamp":"2024-04-27T15:52:09.2013289Z"},"nsu=http://opcfoundation.org/UA/Plc/Applications;s=RandomUnsignedInt32":{"Value":{"Type":7,"Body":929141242},"SourceTimestamp":"2024-04-27T15:52:09.2013167Z","ServerTimestamp":"2024-04-27T15:52:09.2013259Z"},"nsu=http://opcfoundation.org/UA/Plc/Applications;s=DipData":{"Value":{"Type":11,"Body":99.80267284282715},"SourceTimestamp":"2024-04-27T15:52:09.2013108Z","ServerTimestamp":"2024-04-27T15:52:09.2013189Z"},"nsu=http://opcfoundation.org/UA/Plc/Applications;s=FastUIntScalar1":{"Value":{"Type":7,"Body":38},"SourceTimestamp":"2024-04-27T15:52:08.3963801Z","ServerTimestamp":"2024-04-27T15:52:08.3963831Z"},"nsu=http://opcfoundation.org/UA/Plc/Applications;s=FastUIntScalar2":{"Value":{"Type":7,"Body":38},"SourceTimestamp":"2024-04-27T15:52:08.3963888Z","ServerTimestamp":"2024-04-27T15:52:08.3963922Z"},"nsu=http://opcfoundation.org/UA/Plc/Applications;s=FastUIntScalar3":{"Value":{"Type":7,"Body":38},"SourceTimestamp":"2024-04-27T15:52:08.3963931Z","ServerTimestamp":"2024-04-27T15:52:08.3963943Z"},"nsu=http://opcfoundation.org/UA/Plc/Applications;s=FastRandomUIntScalar1":{"Value":{"Type":7,"Body":2528443890},"SourceTimestamp":"2024-04-27T15:52:08.3963822Z","ServerTimestamp":"2024-04-27T15:52:08.3963889Z"},"nsu=http://opcfoundation.org/UA/Plc/Applications;s=FastRandomUIntScalar2":{"Value":{"Type":7,"Body":357383580},"SourceTimestamp":"2024-04-27T15:52:08.3963922Z","ServerTimestamp":"2024-04-27T15:52:08.3963932Z"},"nsu=http://opcfoundation.org/UA/Plc/Applications;s=FastRandomUIntScalar3":{"Value":{"Type":7,"Body":1579514178},"SourceTimestamp":"2024-04-27T15:52:08.3963942Z","ServerTimestamp":"2024-04-27T15:52:08.3963951Z"},"nsu=http://opcfoundation.org/UA/Plc/Applications;s=SpikeData":{"Value":{"Type":11,"Body":99.80267284282715},"SourceTimestamp":"2024-04-27T15:52:09.2012863Z","ServerTimestamp":"2024-04-27T15:52:09.2013428Z"}}}]