[{"SequenceNumber":35,"MetaDataVersion":{"MajorVersion":1},"Timestamp":"2024-04-27T15:52:10.2567413Z","MessageType":"ua-deltaframe","DataSetWriterName":"<<UnknownDataSet>>","Payload":{"nsu=http://opcfoundation.org/UA/Plc/Applications;s=StepUp":{"Value":{"Type":7,"Body":398},"SourceTimestamp":"2024-04-27T15:52:10.1930225Z","ServerTimestamp":"2024-04-27T15:52:10.193027Z"},"nsu=http://opcfoundation.org/UA/Plc/Applications;s=RandomSignedInt32":{"Value":{"Type":6,"Body":571992017},"SourceTimestamp":"2024-04-27T15:52:10.1931379Z","ServerTimestamp":"2024-04-27T15:52:10.1931408Z"},"nsu=http://opcfoundation.org/UA/Plc/Applications;s=RandomUnsignedInt32":{"Value":{"Type":7,"Body":1427518335},"SourceTimestamp":"2024-04-27T15:52:10.1930964Z","ServerTimestamp":"2024-04-27T15:52:10.1931Z"},"nsu=http://opcfoundation.org/UA/Plc/Applications;s=DipData":{"Value":{"Type":11,"Body":36.812455268467801},"SourceTimestamp":"2024-04-27T15:52:10.1930977Z","ServerTimestamp":"2024-04-27T15:52:10.193105Z"},"nsu=http://opcfoundation.org/UA/Plc/Applications;s=FastUIntScalar1":{"Value":{"Type":7,"Body":39},"SourceTimestamp":"2024-04-27T15:52:09.4039512Z","ServerTimestamp":"2024-04-27T15:52:09.4039693Z"},"nsu=http://opcfoundation.org/UA/Plc/Applications;s=FastUIntScalar2":{"Value":{"Type":7,"Body":39},"SourceTimestamp":"2024-04-27T15:52:09.4039718Z","ServerTimestamp":"2024-04-27T15:52:09.4039724Z"},"nsu=http://opcfoundation.org/UA/Plc/Applications;s=FastUIntScalar3":{"Value":{"Type":7,"Body":39},"SourceTimestamp":"2024-04-27T15:52:09.4039735Z","ServerTimestamp":"2024-04-27T15:52:09.403974Z"},"nsu=http://opcfoundation.org/UA/Plc/Applications;s=FastRandomUIntScalar1":{"Value":{"Type":7,"Body":3220724390},"SourceTimestamp":"2024-04-27T15:52:09.4039611Z","ServerTimestamp":"2024-04-27T15:52:09.4039631Z"},"nsu=http://opcfoundation.org/UA/Plc/Applications;s=FastRandomUIntScalar2":{"Value":{"Type":7,"Body":2554476054},"SourceTimestamp":"2024-04-27T15:52:09.4039691Z","ServerTimestamp":"2024-04-27T15:52:09.4039778Z"},"nsu=http://opcfoundation.org/UA/Plc/Applications;s=FastRandomUIntScalar3":{"Value":{"Type":7,"Body":787315957},"SourceTimestamp":"2024-04-27T15:52:09.4039798Z","ServerTimestamp":"2024-04-27T15:52:09.4039803Z"},"nsu=http://opcfoundation.org/UA/Plc/Applications;s=SpikeData":{"Value":{"Type":11,"Body":36.812455268467801},"SourceTimestamp":"2024-04-27T15:52:10.1930462Z","ServerTimestamp":"2024-04-27T15:52:10.19305Z"}}}]