[{"SequenceNumber":40,"MetaDataVersion":{"MajorVersion":1},"Timestamp":"2024-04-27T15:52:15.2684433Z","MessageType":"ua-deltaframe","DataSetWriterName":"<<UnknownDataSet>>","Payload":{"nsu=http://opcfoundation.org/UA/Plc/Applications;s=StepUp":{"Value":{"Type":7,"Body":448},"SourceTimestamp":"2024-04-27T15:52:15.2066626Z","ServerTimestamp":"2024-04-27T15:52:15.2066657Z"},"nsu=http://opcfoundation.org/UA/Plc/Applications;s=RandomSignedInt32":{"Value":{"Type":6,"Body":-1226925481},"SourceTimestamp":"2024-04-27T15:52:15.2067181Z","ServerTimestamp":"2024-04-27T15:52:15.2067198Z"},"nsu=http://opcfoundation.org/UA/Plc/Applications;s=RandomUnsignedInt32":{"Value":{"Type":7,"Body":1475302140},"SourceTimestamp":"2024-04-27T15:52:15.2067028Z","ServerTimestamp":"2024-04-27T15:52:15.2067076Z"},"nsu=http://opcfoundation.org/UA/Plc/Applications;s=DipData":{"Value":{"Type":11,"Body":36.812455268467801},"SourceTimestamp":"2024-04-27T15:52:15.2067035Z","ServerTimestamp":"2024-04-27T15:52:15.206714Z"},"nsu=http://opcfoundation.org/UA/Plc/Applications;s=FastUIntScalar1":{"Value":{"Type":7,"Body":44},"SourceTimestamp":"2024-04-27T15:52:14.400901Z","ServerTimestamp":"2024-04-27T15:52:14.4009049Z"},"nsu=http://opcfoundation.org/UA/Plc/Applications;s=FastUIntScalar2":{"Value":{"Type":7,"Body":44},"SourceTimestamp":"2024-04-27T15:52:14.4009175Z","ServerTimestamp":"2024-04-27T15:52:14.4009184Z"},"nsu=http://opcfoundation.org/UA/Plc/Applications;s=FastUIntScalar3":{"Value":{"Type":7,"Body":44},"SourceTimestamp":"2024-04-27T15:52:14.4009209Z","ServerTimestamp":"2024-04-27T15:52:14.400922Z"},"nsu=http://opcfoundation.org/UA/Plc/Applications;s=FastRandomUIntScalar1":{"Value":{"Type":7,"Body":2104060843},"SourceTimestamp":"2024-04-27T15:52:14.4008902Z","ServerTimestamp":"2024-04-27T15:52:14.4008913Z"},"nsu=http://opcfoundation.org/UA/Plc/Applications;s=FastRandomUIntScalar2":{"Value":{"Type":7,"Body":3909365847},"SourceTimestamp":"2024-04-27T15:52:14.4008933Z","ServerTimestamp":"2024-04-27T15:52:14.4008941Z"},"nsu=http://opcfoundation.org/UA/Plc/Applications;s=FastRandomUIntScalar3":{"Value":{"Type":7,"Body":1389745999},"SourceTimestamp":"2024-04-27T15:52:14.4008953Z","ServerTimestamp":"2024-04-27T15:52:14.4008958Z"},"nsu=http://opcfoundation.org/UA/Plc/Applications;s=SpikeData":{"Value":{"Type":11,"Body":36.812455268467801},"SourceTimestamp":"2024-04-27T15:52:15.206686Z","ServerTimestamp":"2024-04-27T15:52:15.2066881Z"}}}]