[{"SequenceNumber":41,"MetaDataVersion":{"MajorVersion":1},"Timestamp":"2024-04-27T15:52:16.2581886Z","MessageType":"ua-deltaframe","DataSetWriterName":"<<UnknownDataSet>>","Payload":{"nsu=http://opcfoundation.org/UA/Plc/Applications;s=StepUp":{"Value":{"Type":7,"Body":458},"SourceTimestamp":"2024-04-27T15:52:16.1953561Z","ServerTimestamp":"2024-04-27T15:52:16.1953588Z"},"nsu=http://opcfoundation.org/UA/Plc/Applications;s=AlternatingBoolean":{"Value":{"Type":1,"Body":false},"SourceTimestamp":"2024-04-27T15:52:15.4985705Z","ServerTimestamp":"2024-04-27T15:52:15.4985721Z"},"nsu=http://opcfoundation.org/UA/Plc/Applications;s=RandomSignedInt32":{"Value":{"Type":6,"Body":-1084857364},"SourceTimestamp":"2024-04-27T15:52:16.1953872Z","ServerTimestamp":"2024-04-27T15:52:16.195389Z"},"nsu=http://opcfoundation.org/UA/Plc/Applications;s=RandomUnsignedInt32":{"Value":{"Type":7,"Body":798411335},"SourceTimestamp":"2024-04-27T15:52:16.1953943Z","ServerTimestamp":"2024-04-27T15:52:16.1953952Z"},"nsu=http://opcfoundation.org/UA/Plc/Applications;s=DipData":{"Value":{"Type":11,"Body":-77.0513242775789},"SourceTimestamp":"2024-04-27T15:52:16.1953869Z","ServerTimestamp":"2024-04-27T15:52:16.1953876Z"},"nsu=http://opcfoundation.org/UA/Plc/Applications;s=FastUIntScalar1":{"Value":{"Type":7,"Body":45},"SourceTimestamp":"2024-04-27T15:52:15.4062778Z","ServerTimestamp":"2024-04-27T15:52:15.4062793Z"},"nsu=http://opcfoundation.org/UA/Plc/Applications;s=FastUIntScalar2":{"Value":{"Type":7,"Body":45},"SourceTimestamp":"2024-04-27T15:52:15.406286Z","ServerTimestamp":"2024-04-27T15:52:15.4062897Z"},"nsu=http://opcfoundation.org/UA/Plc/Applications;s=FastUIntScalar3":{"Value":{"Type":7,"Body":45},"SourceTimestamp":"2024-04-27T15:52:15.4062913Z","ServerTimestamp":"2024-04-27T15:52:15.4062927Z"},"nsu=http://opcfoundation.org/UA/Plc/Applications;s=FastRandomUIntScalar1":{"Value":{"Type":7,"Body":3224345582},"SourceTimestamp":"2024-04-27T15:52:15.4062787Z","ServerTimestamp":"2024-04-27T15:52:15.4062859Z"},"nsu=http://opcfoundation.org/UA/Plc/Applications;s=FastRandomUIntScalar2":{"Value":{"Type":7,"Body":1534582909},"SourceTimestamp":"2024-04-27T15:52:15.4062902Z","ServerTimestamp":"2024-04-27T15:52:15.4062912Z"},"nsu=http://opcfoundation.org/UA/Plc/Applications;s=FastRandomUIntScalar3":{"Value":{"Type":7,"Body":2100935349},"SourceTimestamp":"2024-04-27T15:52:15.4062926Z","ServerTimestamp":"2024-04-27T15:52:15.4062941Z"},"nsu=http://opcfoundation.org/UA/Plc/Applications;s=NegativeTrendData":{"Value":{"Type":11,"Body":99.799999999999997},"SourceTimestamp":"2024-04-27T15:52:15.4985832Z","ServerTimestamp":"2024-04-27T15:52:15.4985839Z"},"nsu=http://opcfoundation.org/UA/Plc/Applications;s=PositiveTrendData":{"Value":{"Type":11,"Body":100.90000000000001},"SourceTimestamp":"2024-04-27T15:52:15.4985844Z","ServerTimestamp":"2024-04-27T15:52:15.4985873Z"},"nsu=http://opcfoundation.org/UA/Plc/Applications;s=SpikeData":{"Value":{"Type":11,"Body":-77.0513242775789},"SourceTimestamp":"2024-04-27T15:52:16.1953716Z","ServerTimestamp":"2024-04-27T15:52:16.1953789Z"}}}]