[{"SequenceNumber":43,"MetaDataVersion":{"MajorVersion":1},"Timestamp":"2024-04-27T15:52:19.2285945Z","MessageType":"ua-deltaframe","DataSetWriterName":"<<UnknownDataSet>>","Payload":{"nsu=http://opcfoundation.org/UA/Plc/Applications;s=StepUp":{"Value":{"Type":7,"Body":488},"SourceTimestamp":"2024-04-27T15:52:19.196403Z","ServerTimestamp":"2024-04-27T15:52:19.1964066Z"},"nsu=http://opcfoundation.org/UA/Plc/Applications;s=RandomSignedInt32":{"Value":{"Type":6,"Body":271059872},"SourceTimestamp":"2024-04-27T15:52:19.1964518Z","ServerTimestamp":"2024-04-27T15:52:19.196496Z"},"nsu=http://opcfoundation.org/UA/Plc/Applications;s=RandomUnsignedInt32":{"Value":{"Type":7,"Body":745521567},"SourceTimestamp":"2024-04-27T15:52:19.1964503Z","ServerTimestamp":"2024-04-27T15:52:19.1964783Z"},"nsu=http://opcfoundation.org/UA/Plc/Applications;s=DipData":{"Value":{"Type":11,"Body":99.80267284282715},"SourceTimestamp":"2024-04-27T15:52:19.1964453Z","ServerTimestamp":"2024-04-27T15:52:19.196446Z"},"nsu=http://opcfoundation.org/UA/Plc/Applications;s=FastUIntScalar1":{"Value":{"Type":7,"Body":48},"SourceTimestamp":"2024-04-27T15:52:18.4051206Z","ServerTimestamp":"2024-04-27T15:52:18.4051245Z"},"nsu=http://opcfoundation.org/UA/Plc/Applications;s=FastUIntScalar2":{"Value":{"Type":7,"Body":48},"SourceTimestamp":"2024-04-27T15:52:18.4051317Z","ServerTimestamp":"2024-04-27T15:52:18.4051337Z"},"nsu=http://opcfoundation.org/UA/Plc/Applications;s=FastUIntScalar3":{"Value":{"Type":7,"Body":48},"SourceTimestamp":"2024-04-27T15:52:18.4051348Z","ServerTimestamp":"2024-04-27T15:52:18.4051362Z"},"nsu=http://opcfoundation.org/UA/Plc/Applications;s=FastRandomUIntScalar1":{"Value":{"Type":7,"Body":2345606637},"SourceTimestamp":"2024-04-27T15:52:18.4051297Z","ServerTimestamp":"2024-04-27T15:52:18.4051316Z"},"nsu=http://opcfoundation.org/UA/Plc/Applications;s=FastRandomUIntScalar2":{"Value":{"Type":7,"Body":2896171729},"SourceTimestamp":"2024-04-27T15:52:18.4051337Z","ServerTimestamp":"2024-04-27T15:52:18.4051348Z"},"nsu=http://opcfoundation.org/UA/Plc/Applications;s=FastRandomUIntScalar3":{"Value":{"Type":7,"Body":3809757691},"SourceTimestamp":"2024-04-27T15:52:18.4051362Z","ServerTimestamp":"2024-04-27T15:52:18.4051372Z"},"nsu=http://opcfoundation.org/UA/Plc/Applications;s=SpikeData":{"Value":{"Type":11,"Body":99.80267284282715},"SourceTimestamp":"2024-04-27T15:52:19.1964157Z","ServerTimestamp":"2024-04-27T15:52:19.19646Z"}}}]