[{"SequenceNumber":47,"MetaDataVersion":{"MajorVersion":1},"Timestamp":"2024-04-27T15:52:23.2558463Z","MessageType":"ua-deltaframe","DataSetWriterName":"<<UnknownDataSet>>","Payload":{"nsu=http://opcfoundation.org/UA/Plc/Applications;s=StepUp":{"Value":{"Type":7,"Body":528},"SourceTimestamp":"2024-04-27T15:52:23.1927553Z","ServerTimestamp":"2024-04-27T15:52:23.192767Z"},"nsu=http://opcfoundation.org/UA/Plc/Applications;s=RandomSignedInt32":{"Value":{"Type":6,"Body":2103458253},"SourceTimestamp":"2024-04-27T15:52:23.1927726Z","ServerTimestamp":"2024-04-27T15:52:23.1927733Z"},"nsu=http://opcfoundation.org/UA/Plc/Applications;s=RandomUnsignedInt32":{"Value":{"Type":7,"Body":923439192},"SourceTimestamp":"2024-04-27T15:52:23.1927689Z","ServerTimestamp":"2024-04-27T15:52:23.1927706Z"},"nsu=http://opcfoundation.org/UA/Plc/Applications;s=DipData":{"Value":{"Type":11,"Body":24.868988716485482},"SourceTimestamp":"2024-04-27T15:52:23.1927774Z","ServerTimestamp":"2024-04-27T15:52:23.1927787Z"},"nsu=http://opcfoundation.org/UA/Plc/Applications;s=FastUIntScalar1":{"Value":{"Type":7,"Body":52},"SourceTimestamp":"2024-04-27T15:52:22.40223Z","ServerTimestamp":"2024-04-27T15:52:22.4022623Z"},"nsu=http://opcfoundation.org/UA/Plc/Applications;s=FastUIntScalar2":{"Value":{"Type":7,"Body":52},"SourceTimestamp":"2024-04-27T15:52:22.4022801Z","ServerTimestamp":"2024-04-27T15:52:22.4022861Z"},"nsu=http://opcfoundation.org/UA/Plc/Applications;s=FastUIntScalar3":{"Value":{"Type":7,"Body":52},"SourceTimestamp":"2024-04-27T15:52:22.4022877Z","ServerTimestamp":"2024-04-27T15:52:22.4022946Z"},"nsu=http://opcfoundation.org/UA/Plc/Applications;s=FastRandomUIntScalar1":{"Value":{"Type":7,"Body":30340650},"SourceTimestamp":"2024-04-27T15:52:22.4022304Z","ServerTimestamp":"2024-04-27T15:52:22.4022461Z"},"nsu=http://opcfoundation.org/UA/Plc/Applications;s=FastRandomUIntScalar2":{"Value":{"Type":7,"Body":1112421956},"SourceTimestamp":"2024-04-27T15:52:22.402256Z","ServerTimestamp":"2024-04-27T15:52:22.4022569Z"},"nsu=http://opcfoundation.org/UA/Plc/Applications;s=FastRandomUIntScalar3":{"Value":{"Type":7,"Body":2297480910},"SourceTimestamp":"2024-04-27T15:52:22.4022585Z","ServerTimestamp":"2024-04-27T15:52:22.4022592Z"},"nsu=http://opcfoundation.org/UA/Plc/Applications;s=SpikeData":{"Value":{"Type":11,"Body":24.868988716485482},"SourceTimestamp":"2024-04-27T15:52:23.1927388Z","ServerTimestamp":"2024-04-27T15:52:23.1927414Z"}}}]