[{"SequenceNumber":53,"MetaDataVersion":{"MajorVersion":1},"Timestamp":"2024-04-27T15:52:30.2811862Z","MessageType":"ua-deltaframe","DataSetWriterName":"<<UnknownDataSet>>","Payload":{"nsu=http://opcfoundation.org/UA/Plc/Applications;s=StepUp":{"Value":{"Type":7,"Body":598},"SourceTimestamp":"2024-04-27T15:52:30.2038147Z","ServerTimestamp":"2024-04-27T15:52:30.2038184Z"},"nsu=http://opcfoundation.org/UA/Plc/Applications;s=RandomSignedInt32":{"Value":{"Type":6,"Body":838947805},"SourceTimestamp":"2024-04-27T15:52:30.2038882Z","ServerTimestamp":"2024-04-27T15:52:30.2038947Z"},"nsu=http://opcfoundation.org/UA/Plc/Applications;s=RandomUnsignedInt32":{"Value":{"Type":7,"Body":2104685920},"SourceTimestamp":"2024-04-27T15:52:30.2038877Z","ServerTimestamp":"2024-04-27T15:52:30.2038977Z"},"nsu=http://opcfoundation.org/UA/Plc/Applications;s=DipData":{"Value":{"Type":11,"Body":-1000},"SourceTimestamp":"2024-04-27T15:52:30.2039054Z","ServerTimestamp":"2024-04-27T15:52:30.2039066Z"},"nsu=http://opcfoundation.org/UA/Plc/Applications;s=FastUIntScalar1":{"Value":{"Type":7,"Body":59},"SourceTimestamp":"2024-04-27T15:52:29.3988422Z","ServerTimestamp":"2024-04-27T15:52:29.3988733Z"},"nsu=http://opcfoundation.org/UA/Plc/Applications;s=FastUIntScalar2":{"Value":{"Type":7,"Body":59},"SourceTimestamp":"2024-04-27T15:52:29.3988833Z","ServerTimestamp":"2024-04-27T15:52:29.3988843Z"},"nsu=http://opcfoundation.org/UA/Plc/Applications;s=FastUIntScalar3":{"Value":{"Type":7,"Body":59},"SourceTimestamp":"2024-04-27T15:52:29.398886Z","ServerTimestamp":"2024-04-27T15:52:29.3988867Z"},"nsu=http://opcfoundation.org/UA/Plc/Applications;s=FastRandomUIntScalar1":{"Value":{"Type":7,"Body":3022766868},"SourceTimestamp":"2024-04-27T15:52:29.3988534Z","ServerTimestamp":"2024-04-27T15:52:29.3988587Z"},"nsu=http://opcfoundation.org/UA/Plc/Applications;s=FastRandomUIntScalar2":{"Value":{"Type":7,"Body":733171074},"SourceTimestamp":"2024-04-27T15:52:29.3988694Z","ServerTimestamp":"2024-04-27T15:52:29.3988702Z"},"nsu=http://opcfoundation.org/UA/Plc/Applications;s=FastRandomUIntScalar3":{"Value":{"Type":7,"Body":519527927},"SourceTimestamp":"2024-04-27T15:52:29.3988722Z","ServerTimestamp":"2024-04-27T15:52:29.3988807Z"},"nsu=http://opcfoundation.org/UA/Plc/Applications;s=SpikeData":{"Value":{"Type":11,"Body":36.812455268467801},"SourceTimestamp":"2024-04-27T15:52:30.203865Z","ServerTimestamp":"2024-04-27T15:52:30.2038735Z"}}}]