[{"SequenceNumber":6,"MetaDataVersion":{"MajorVersion":1},"Timestamp":"2024-04-27T15:51:36.2843789Z","MessageType":"ua-deltaframe","DataSetWriterName":"<<UnknownDataSet>>","Payload":{"nsu=http://opcfoundation.org/UA/Plc/Applications;s=StepUp":{"Value":{"Type":7,"Body":58},"SourceTimestamp":"2024-04-27T15:51:36.2063498Z","ServerTimestamp":"2024-04-27T15:51:36.2063527Z"},"nsu=http://opcfoundation.org/UA/Plc/Applications;s=AlternatingBoolean":{"Value":{"Type":1,"Body":false},"SourceTimestamp":"2024-04-27T15:51:35.5038042Z","ServerTimestamp":"2024-04-27T15:51:35.5038049Z"},"nsu=http://opcfoundation.org/UA/Plc/Applications;s=RandomSignedInt32":{"Value":{"Type":6,"Body":1151950575},"SourceTimestamp":"2024-04-27T15:51:36.2063766Z","ServerTimestamp":"2024-04-27T15:51:36.2063782Z"},"nsu=http://opcfoundation.org/UA/Plc/Applications;s=RandomUnsignedInt32":{"Value":{"Type":7,"Body":1990193587},"SourceTimestamp":"2024-04-27T15:51:36.2063838Z","ServerTimestamp":"2024-04-27T15:51:36.2063855Z"},"nsu=http://opcfoundation.org/UA/Plc/Applications;s=DipData":{"Value":{"Type":11,"Body":-77.0513242775789},"SourceTimestamp":"2024-04-27T15:51:36.2063714Z","ServerTimestamp":"2024-04-27T15:51:36.2063734Z"},"nsu=http://opcfoundation.org/UA/Plc/Applications;s=FastUIntScalar1":{"Value":{"Type":7,"Body":5},"SourceTimestamp":"2024-04-27T15:51:35.3960692Z","ServerTimestamp":"2024-04-27T15:51:35.3960845Z"},"nsu=http://opcfoundation.org/UA/Plc/Applications;s=FastUIntScalar2":{"Value":{"Type":7,"Body":5},"SourceTimestamp":"2024-04-27T15:51:35.3960904Z","ServerTimestamp":"2024-04-27T15:51:35.3960918Z"},"nsu=http://opcfoundation.org/UA/Plc/Applications;s=FastUIntScalar3":{"Value":{"Type":7,"Body":5},"SourceTimestamp":"2024-04-27T15:51:35.3960933Z","ServerTimestamp":"2024-04-27T15:51:35.3960939Z"},"nsu=http://opcfoundation.org/UA/Plc/Applications;s=FastRandomUIntScalar1":{"Value":{"Type":7,"Body":4253000628},"SourceTimestamp":"2024-04-27T15:51:35.3960737Z","ServerTimestamp":"2024-04-27T15:51:35.3960793Z"},"nsu=http://opcfoundation.org/UA/Plc/Applications;s=FastRandomUIntScalar2":{"Value":{"Type":7,"Body":761378156},"SourceTimestamp":"2024-04-27T15:51:35.3960845Z","ServerTimestamp":"2024-04-27T15:51:35.3960899Z"},"nsu=http://opcfoundation.org/UA/Plc/Applications;s=FastRandomUIntScalar3":{"Value":{"Type":7,"Body":955255853},"SourceTimestamp":"2024-04-27T15:51:35.3960918Z","ServerTimestamp":"2024-04-27T15:51:35.3960929Z"},"nsu=http://opcfoundation.org/UA/Plc/Applications;s=PositiveTrendData":{"Value":{"Type":11,"Body":100.09999999999999},"SourceTimestamp":"2024-04-27T15:51:35.5037592Z","ServerTimestamp":"2024-04-27T15:51:35.5037645Z"},"nsu=http://opcfoundation.org/UA/Plc/Applications;s=SpikeData":{"Value":{"Type":11,"Body":-77.0513242775789},"SourceTimestamp":"2024-04-27T15:51:36.2063541Z","ServerTimestamp":"2024-04-27T15:51:36.2063628Z"}}}]