[{"DataSetWriterId":1,"SequenceNumber":6,"MetaDataVersion":{"MajorVersion":1},"Timestamp":"2024-04-27T15:52:31.3308397Z","MessageType":"ua-deltaframe","DataSetWriterName":"<<UnknownDataSet>>","Payload":{"nsu=http://opcfoundation.org/UA/Plc/Applications;s=SlowUIntScalar1":{"Value":{"Type":7,"Body":6},"SourceTimestamp":"2024-04-27T15:52:30.4031455Z","ServerTimestamp":"2024-04-27T15:52:30.4031486Z"},"nsu=http://opcfoundation.org/UA/Plc/Applications;s=SlowUIntScalar2":{"Value":{"Type":7,"Body":6},"SourceTimestamp":"2024-04-27T15:52:30.4031602Z","ServerTimestamp":"2024-04-27T15:52:30.4031609Z"},"nsu=http://opcfoundation.org/UA/Plc/Applications;s=SlowUIntScalar3":{"Value":{"Type":7,"Body":6},"SourceTimestamp":"2024-04-27T15:52:30.4031624Z","ServerTimestamp":"2024-04-27T15:52:30.4031634Z"},"nsu=http://opcfoundation.org/UA/Plc/Applications;s=BadSlowUIntScalar1":{"Value":{"Type":7,"Body":6},"SourceTimestamp":"2024-04-27T15:52:30.4031651Z","ServerTimestamp":"2024-04-27T15:52:30.4031664Z"},"nsu=http://opcfoundation.org/UA/Plc/Applications;s=SlowRandomUIntScalar1":{"Value":{"Type":7,"Body":1983463118},"SourceTimestamp":"2024-04-27T15:52:30.4032152Z","ServerTimestamp":"2024-04-27T15:52:30.4032175Z"},"nsu=http://opcfoundation.org/UA/Plc/Applications;s=SlowRandomUIntScalar2":{"Value":{"Type":7,"Body":3863679433},"SourceTimestamp":"2024-04-27T15:52:30.4032217Z","ServerTimestamp":"2024-04-27T15:52:30.4032232Z"},"nsu=http://opcfoundation.org/UA/Plc/Applications;s=SlowRandomUIntScalar3":{"Value":{"Type":7,"Body":4135385934},"SourceTimestamp":"2024-04-27T15:52:30.4032242Z","ServerTimestamp":"2024-04-27T15:52:30.4032254Z"},"nsu=http://opcfoundation.org/UA/Plc/Applications;s=BadSlowRandomUIntScalar1":{"Value":{"Type":7,"Body":3333252893},"SourceTimestamp":"2024-04-27T15:52:30.403227Z","ServerTimestamp":"2024-04-27T15:52:30.4032281Z"}}}]