[{"SequenceNumber":62,"MetaDataVersion":{"MajorVersion":1},"Timestamp":"2024-04-27T15:52:39.2767633Z","MessageType":"ua-deltaframe","DataSetWriterName":"<<UnknownDataSet>>","Payload":{"nsu=http://opcfoundation.org/UA/Plc/Applications;s=StepUp":{"Value":{"Type":7,"Body":688},"SourceTimestamp":"2024-04-27T15:52:39.1991631Z","ServerTimestamp":"2024-04-27T15:52:39.1991669Z"},"nsu=http://opcfoundation.org/UA/Plc/Applications;s=RandomSignedInt32":{"Value":{"Type":6,"Body":979703541},"SourceTimestamp":"2024-04-27T15:52:39.1992093Z","ServerTimestamp":"2024-04-27T15:52:39.1992117Z"},"nsu=http://opcfoundation.org/UA/Plc/Applications;s=RandomUnsignedInt32":{"Value":{"Type":7,"Body":281848105},"SourceTimestamp":"2024-04-27T15:52:39.1992067Z","ServerTimestamp":"2024-04-27T15:52:39.1992075Z"},"nsu=http://opcfoundation.org/UA/Plc/Applications;s=DipData":{"Value":{"Type":11,"Body":99.80267284282715},"SourceTimestamp":"2024-04-27T15:52:39.1992054Z","ServerTimestamp":"2024-04-27T15:52:39.199206Z"},"nsu=http://opcfoundation.org/UA/Plc/Applications;s=FastUIntScalar1":{"Value":{"Type":7,"Body":68},"SourceTimestamp":"2024-04-27T15:52:38.3922035Z","ServerTimestamp":"2024-04-27T15:52:38.392208Z"},"nsu=http://opcfoundation.org/UA/Plc/Applications;s=FastUIntScalar2":{"Value":{"Type":7,"Body":68},"SourceTimestamp":"2024-04-27T15:52:38.3922143Z","ServerTimestamp":"2024-04-27T15:52:38.3922172Z"},"nsu=http://opcfoundation.org/UA/Plc/Applications;s=FastUIntScalar3":{"Value":{"Type":7,"Body":68},"SourceTimestamp":"2024-04-27T15:52:38.3922226Z","ServerTimestamp":"2024-04-27T15:52:38.3922232Z"},"nsu=http://opcfoundation.org/UA/Plc/Applications;s=FastRandomUIntScalar1":{"Value":{"Type":7,"Body":3044902972},"SourceTimestamp":"2024-04-27T15:52:38.3922035Z","ServerTimestamp":"2024-04-27T15:52:38.392215Z"},"nsu=http://opcfoundation.org/UA/Plc/Applications;s=FastRandomUIntScalar2":{"Value":{"Type":7,"Body":3591982015},"SourceTimestamp":"2024-04-27T15:52:38.3922175Z","ServerTimestamp":"2024-04-27T15:52:38.3922182Z"},"nsu=http://opcfoundation.org/UA/Plc/Applications;s=FastRandomUIntScalar3":{"Value":{"Type":7,"Body":2305263335},"SourceTimestamp":"2024-04-27T15:52:38.3922194Z","ServerTimestamp":"2024-04-27T15:52:38.3922199Z"},"nsu=http://opcfoundation.org/UA/Plc/Applications;s=SpikeData":{"Value":{"Type":11,"Body":99.80267284282715},"SourceTimestamp":"2024-04-27T15:52:39.1992137Z","ServerTimestamp":"2024-04-27T15:52:39.1992224Z"}}}]