[{"SequenceNumber":7,"MetaDataVersion":{"MajorVersion":1},"Timestamp":"2024-04-27T15:51:37.2773658Z","MessageType":"ua-deltaframe","DataSetWriterName":"<<UnknownDataSet>>","Payload":{"nsu=http://opcfoundation.org/UA/Plc/Applications;s=StepUp":{"Value":{"Type":7,"Body":68},"SourceTimestamp":"2024-04-27T15:51:37.1993306Z","ServerTimestamp":"2024-04-27T15:51:37.1993339Z"},"nsu=http://opcfoundation.org/UA/Plc/Applications;s=RandomSignedInt32":{"Value":{"Type":6,"Body":591198575},"SourceTimestamp":"2024-04-27T15:51:37.1993428Z","ServerTimestamp":"2024-04-27T15:51:37.1993474Z"},"nsu=http://opcfoundation.org/UA/Plc/Applications;s=RandomUnsignedInt32":{"Value":{"Type":7,"Body":1287934134},"SourceTimestamp":"2024-04-27T15:51:37.199342Z","ServerTimestamp":"2024-04-27T15:51:37.1993428Z"},"nsu=http://opcfoundation.org/UA/Plc/Applications;s=DipData":{"Value":{"Type":11,"Body":-84.432792550201526},"SourceTimestamp":"2024-04-27T15:51:37.1993519Z","ServerTimestamp":"2024-04-27T15:51:37.1993534Z"},"nsu=http://opcfoundation.org/UA/Plc/Applications;s=FastUIntScalar1":{"Value":{"Type":7,"Body":6},"SourceTimestamp":"2024-04-27T15:51:36.39124Z","ServerTimestamp":"2024-04-27T15:51:36.3912478Z"},"nsu=http://opcfoundation.org/UA/Plc/Applications;s=FastUIntScalar2":{"Value":{"Type":7,"Body":6},"SourceTimestamp":"2024-04-27T15:51:36.3912496Z","ServerTimestamp":"2024-04-27T15:51:36.3912505Z"},"nsu=http://opcfoundation.org/UA/Plc/Applications;s=FastUIntScalar3":{"Value":{"Type":7,"Body":6},"SourceTimestamp":"2024-04-27T15:51:36.391252Z","ServerTimestamp":"2024-04-27T15:51:36.3912571Z"},"nsu=http://opcfoundation.org/UA/Plc/Applications;s=FastRandomUIntScalar1":{"Value":{"Type":7,"Body":808007641},"SourceTimestamp":"2024-04-27T15:51:36.3912428Z","ServerTimestamp":"2024-04-27T15:51:36.3912525Z"},"nsu=http://opcfoundation.org/UA/Plc/Applications;s=FastRandomUIntScalar2":{"Value":{"Type":7,"Body":964884750},"SourceTimestamp":"2024-04-27T15:51:36.3912574Z","ServerTimestamp":"2024-04-27T15:51:36.3912584Z"},"nsu=http://opcfoundation.org/UA/Plc/Applications;s=FastRandomUIntScalar3":{"Value":{"Type":7,"Body":116511038},"SourceTimestamp":"2024-04-27T15:51:36.3912594Z","ServerTimestamp":"2024-04-27T15:51:36.3912599Z"},"nsu=http://opcfoundation.org/UA/Plc/Applications;s=SpikeData":{"Value":{"Type":11,"Body":-84.432792550201526},"SourceTimestamp":"2024-04-27T15:51:37.1993173Z","ServerTimestamp":"2024-04-27T15:51:37.1993205Z"}}}]