[{"SequenceNumber":67,"MetaDataVersion":{"MajorVersion":1},"Timestamp":"2024-04-27T15:52:45.2850615Z","MessageType":"ua-deltaframe","DataSetWriterName":"<<UnknownDataSet>>","Payload":{"nsu=http://opcfoundation.org/UA/Plc/Applications;s=StepUp":{"Value":{"Type":7,"Body":748},"SourceTimestamp":"2024-04-27T15:52:45.194114Z","ServerTimestamp":"2024-04-27T15:52:45.1941178Z"},"nsu=http://opcfoundation.org/UA/Plc/Applications;s=RandomSignedInt32":{"Value":{"Type":6,"Body":771188739},"SourceTimestamp":"2024-04-27T15:52:45.1941519Z","ServerTimestamp":"2024-04-27T15:52:45.1941552Z"},"nsu=http://opcfoundation.org/UA/Plc/Applications;s=RandomUnsignedInt32":{"Value":{"Type":7,"Body":133171057},"SourceTimestamp":"2024-04-27T15:52:45.1941558Z","ServerTimestamp":"2024-04-27T15:52:45.194158Z"},"nsu=http://opcfoundation.org/UA/Plc/Applications;s=DipData":{"Value":{"Type":11,"Body":36.812455268467801},"SourceTimestamp":"2024-04-27T15:52:45.1941469Z","ServerTimestamp":"2024-04-27T15:52:45.194148Z"},"nsu=http://opcfoundation.org/UA/Plc/Applications;s=FastUIntScalar1":{"Value":{"Type":7,"Body":74},"SourceTimestamp":"2024-04-27T15:52:44.4017435Z","ServerTimestamp":"2024-04-27T15:52:44.401748Z"},"nsu=http://opcfoundation.org/UA/Plc/Applications;s=FastUIntScalar2":{"Value":{"Type":7,"Body":74},"SourceTimestamp":"2024-04-27T15:52:44.401758Z","ServerTimestamp":"2024-04-27T15:52:44.4017589Z"},"nsu=http://opcfoundation.org/UA/Plc/Applications;s=FastUIntScalar3":{"Value":{"Type":7,"Body":74},"SourceTimestamp":"2024-04-27T15:52:44.4017608Z","ServerTimestamp":"2024-04-27T15:52:44.4017617Z"},"nsu=http://opcfoundation.org/UA/Plc/Applications;s=FastRandomUIntScalar1":{"Value":{"Type":7,"Body":4171686974},"SourceTimestamp":"2024-04-27T15:52:44.4017354Z","ServerTimestamp":"2024-04-27T15:52:44.4017444Z"},"nsu=http://opcfoundation.org/UA/Plc/Applications;s=FastRandomUIntScalar2":{"Value":{"Type":7,"Body":1170952368},"SourceTimestamp":"2024-04-27T15:52:44.4017473Z","ServerTimestamp":"2024-04-27T15:52:44.4017693Z"},"nsu=http://opcfoundation.org/UA/Plc/Applications;s=FastRandomUIntScalar3":{"Value":{"Type":7,"Body":1746017827},"SourceTimestamp":"2024-04-27T15:52:44.4017722Z","ServerTimestamp":"2024-04-27T15:52:44.4017731Z"},"nsu=http://opcfoundation.org/UA/Plc/Applications;s=SpikeData":{"Value":{"Type":11,"Body":36.812455268467801},"SourceTimestamp":"2024-04-27T15:52:45.1941346Z","ServerTimestamp":"2024-04-27T15:52:45.194142Z"}}}]