[{"SequenceNumber":72,"MetaDataVersion":{"MajorVersion":1},"Timestamp":"2024-04-27T15:52:51.2319107Z","MessageType":"ua-deltaframe","DataSetWriterName":"<<UnknownDataSet>>","Payload":{"nsu=http://opcfoundation.org/UA/Plc/Applications;s=StepUp":{"Value":{"Type":7,"Body":808},"SourceTimestamp":"2024-04-27T15:52:51.2002084Z","ServerTimestamp":"2024-04-27T15:52:51.2002115Z"},"nsu=http://opcfoundation.org/UA/Plc/Applications;s=AlternatingBoolean":{"Value":{"Type":1,"Body":true},"SourceTimestamp":"2024-04-27T15:52:50.499604Z","ServerTimestamp":"2024-04-27T15:52:50.499605Z"},"nsu=http://opcfoundation.org/UA/Plc/Applications;s=RandomSignedInt32":{"Value":{"Type":6,"Body":1078395436},"SourceTimestamp":"2024-04-27T15:52:51.2002359Z","ServerTimestamp":"2024-04-27T15:52:51.2002373Z"},"nsu=http://opcfoundation.org/UA/Plc/Applications;s=RandomUnsignedInt32":{"Value":{"Type":7,"Body":2004117182},"SourceTimestamp":"2024-04-27T15:52:51.200235Z","ServerTimestamp":"2024-04-27T15:52:51.2002359Z"},"nsu=http://opcfoundation.org/UA/Plc/Applications;s=DipData":{"Value":{"Type":11,"Body":-77.0513242775789},"SourceTimestamp":"2024-04-27T15:52:51.2002425Z","ServerTimestamp":"2024-04-27T15:52:51.2002438Z"},"nsu=http://opcfoundation.org/UA/Plc/Applications;s=FastUIntScalar1":{"Value":{"Type":7,"Body":80},"SourceTimestamp":"2024-04-27T15:52:50.3924722Z","ServerTimestamp":"2024-04-27T15:52:50.392473Z"},"nsu=http://opcfoundation.org/UA/Plc/Applications;s=FastUIntScalar2":{"Value":{"Type":7,"Body":80},"SourceTimestamp":"2024-04-27T15:52:50.3924743Z","ServerTimestamp":"2024-04-27T15:52:50.3924751Z"},"nsu=http://opcfoundation.org/UA/Plc/Applications;s=FastUIntScalar3":{"Value":{"Type":7,"Body":80},"SourceTimestamp":"2024-04-27T15:52:50.3924763Z","ServerTimestamp":"2024-04-27T15:52:50.3924773Z"},"nsu=http://opcfoundation.org/UA/Plc/Applications;s=FastRandomUIntScalar1":{"Value":{"Type":7,"Body":330813684},"SourceTimestamp":"2024-04-27T15:52:50.3924775Z","ServerTimestamp":"2024-04-27T15:52:50.3924866Z"},"nsu=http://opcfoundation.org/UA/Plc/Applications;s=FastRandomUIntScalar2":{"Value":{"Type":7,"Body":4156842772},"SourceTimestamp":"2024-04-27T15:52:50.392491Z","ServerTimestamp":"2024-04-27T15:52:50.3924916Z"},"nsu=http://opcfoundation.org/UA/Plc/Applications;s=FastRandomUIntScalar3":{"Value":{"Type":7,"Body":1819576895},"SourceTimestamp":"2024-04-27T15:52:50.392493Z","ServerTimestamp":"2024-04-27T15:52:50.3924936Z"},"nsu=http://opcfoundation.org/UA/Plc/Applications;s=NegativeTrendData":{"Value":{"Type":11,"Body":99.099999999999994},"SourceTimestamp":"2024-04-27T15:52:50.4995777Z","ServerTimestamp":"2024-04-27T15:52:50.4995782Z"},"nsu=http://opcfoundation.org/UA/Plc/Applications;s=PositiveTrendData":{"Value":{"Type":11,"Body":101.59999999999999},"SourceTimestamp":"2024-04-27T15:52:50.499575Z","ServerTimestamp":"2024-04-27T15:52:50.4995755Z"},"nsu=http://opcfoundation.org/UA/Plc/Applications;s=SpikeData":{"Value":{"Type":11,"Body":-77.0513242775789},"SourceTimestamp":"2024-04-27T15:52:51.2002099Z","ServerTimestamp":"2024-04-27T15:52:51.2002226Z"}}}]