[{"SequenceNumber":74,"MetaDataVersion":{"MajorVersion":1},"Timestamp":"2024-04-27T15:52:53.2716892Z","MessageType":"ua-deltaframe","DataSetWriterName":"<<UnknownDataSet>>","Payload":{"nsu=http://opcfoundation.org/UA/Plc/Applications;s=StepUp":{"Value":{"Type":7,"Body":828},"SourceTimestamp":"2024-04-27T15:52:53.1945975Z","ServerTimestamp":"2024-04-27T15:52:53.1946011Z"},"nsu=http://opcfoundation.org/UA/Plc/Applications;s=RandomSignedInt32":{"Value":{"Type":6,"Body":1189780865},"SourceTimestamp":"2024-04-27T15:52:53.1946163Z","ServerTimestamp":"2024-04-27T15:52:53.1946183Z"},"nsu=http://opcfoundation.org/UA/Plc/Applications;s=RandomUnsignedInt32":{"Value":{"Type":7,"Body":312209202},"SourceTimestamp":"2024-04-27T15:52:53.1946282Z","ServerTimestamp":"2024-04-27T15:52:53.1946309Z"},"nsu=http://opcfoundation.org/UA/Plc/Applications;s=DipData":{"Value":{"Type":11,"Body":24.868988716485482},"SourceTimestamp":"2024-04-27T15:52:53.1946413Z","ServerTimestamp":"2024-04-27T15:52:53.1946436Z"},"nsu=http://opcfoundation.org/UA/Plc/Applications;s=FastUIntScalar1":{"Value":{"Type":7,"Body":82},"SourceTimestamp":"2024-04-27T15:52:52.3933482Z","ServerTimestamp":"2024-04-27T15:52:52.3933564Z"},"nsu=http://opcfoundation.org/UA/Plc/Applications;s=FastUIntScalar2":{"Value":{"Type":7,"Body":82},"SourceTimestamp":"2024-04-27T15:52:52.3933599Z","ServerTimestamp":"2024-04-27T15:52:52.3933609Z"},"nsu=http://opcfoundation.org/UA/Plc/Applications;s=FastUIntScalar3":{"Value":{"Type":7,"Body":82},"SourceTimestamp":"2024-04-27T15:52:52.3933636Z","ServerTimestamp":"2024-04-27T15:52:52.3933646Z"},"nsu=http://opcfoundation.org/UA/Plc/Applications;s=FastRandomUIntScalar1":{"Value":{"Type":7,"Body":3024326003},"SourceTimestamp":"2024-04-27T15:52:52.3933787Z","ServerTimestamp":"2024-04-27T15:52:52.3933802Z"},"nsu=http://opcfoundation.org/UA/Plc/Applications;s=FastRandomUIntScalar2":{"Value":{"Type":7,"Body":464846576},"SourceTimestamp":"2024-04-27T15:52:52.3933854Z","ServerTimestamp":"2024-04-27T15:52:52.3933864Z"},"nsu=http://opcfoundation.org/UA/Plc/Applications;s=FastRandomUIntScalar3":{"Value":{"Type":7,"Body":3342509089},"SourceTimestamp":"2024-04-27T15:52:52.3933882Z","ServerTimestamp":"2024-04-27T15:52:52.3933893Z"},"nsu=http://opcfoundation.org/UA/Plc/Applications;s=SpikeData":{"Value":{"Type":11,"Body":24.868988716485482},"SourceTimestamp":"2024-04-27T15:52:53.1946393Z","ServerTimestamp":"2024-04-27T15:52:53.1946404Z"}}}]