[{"SequenceNumber":76,"MetaDataVersion":{"MajorVersion":1},"Timestamp":"2024-04-27T15:52:55.2584418Z","MessageType":"ua-deltaframe","DataSetWriterName":"<<UnknownDataSet>>","Payload":{"nsu=http://opcfoundation.org/UA/Plc/Applications;s=StepUp":{"Value":{"Type":7,"Body":848},"SourceTimestamp":"2024-04-27T15:52:55.1949597Z","ServerTimestamp":"2024-04-27T15:52:55.1949629Z"},"nsu=http://opcfoundation.org/UA/Plc/Applications;s=RandomSignedInt32":{"Value":{"Type":6,"Body":1378185149},"SourceTimestamp":"2024-04-27T15:52:55.1949926Z","ServerTimestamp":"2024-04-27T15:52:55.1949988Z"},"nsu=http://opcfoundation.org/UA/Plc/Applications;s=RandomUnsignedInt32":{"Value":{"Type":7,"Body":1293287761},"SourceTimestamp":"2024-04-27T15:52:55.1949917Z","ServerTimestamp":"2024-04-27T15:52:55.1949965Z"},"nsu=http://opcfoundation.org/UA/Plc/Applications;s=DipData":{"Value":{"Type":11,"Body":36.812455268467801},"SourceTimestamp":"2024-04-27T15:52:55.1950073Z","ServerTimestamp":"2024-04-27T15:52:55.1950086Z"},"nsu=http://opcfoundation.org/UA/Plc/Applications;s=FastUIntScalar1":{"Value":{"Type":7,"Body":84},"SourceTimestamp":"2024-04-27T15:52:54.4048249Z","ServerTimestamp":"2024-04-27T15:52:54.404828Z"},"nsu=http://opcfoundation.org/UA/Plc/Applications;s=FastUIntScalar2":{"Value":{"Type":7,"Body":84},"SourceTimestamp":"2024-04-27T15:52:54.4048407Z","ServerTimestamp":"2024-04-27T15:52:54.4049014Z"},"nsu=http://opcfoundation.org/UA/Plc/Applications;s=FastUIntScalar3":{"Value":{"Type":7,"Body":84},"SourceTimestamp":"2024-04-27T15:52:54.4049277Z","ServerTimestamp":"2024-04-27T15:52:54.4049301Z"},"nsu=http://opcfoundation.org/UA/Plc/Applications;s=FastRandomUIntScalar1":{"Value":{"Type":7,"Body":1104530920},"SourceTimestamp":"2024-04-27T15:52:54.4048358Z","ServerTimestamp":"2024-04-27T15:52:54.4048411Z"},"nsu=http://opcfoundation.org/UA/Plc/Applications;s=FastRandomUIntScalar2":{"Value":{"Type":7,"Body":2094901699},"SourceTimestamp":"2024-04-27T15:52:54.4048498Z","ServerTimestamp":"2024-04-27T15:52:54.4048598Z"},"nsu=http://opcfoundation.org/UA/Plc/Applications;s=FastRandomUIntScalar3":{"Value":{"Type":7,"Body":1999645754},"SourceTimestamp":"2024-04-27T15:52:54.4048621Z","ServerTimestamp":"2024-04-27T15:52:54.4048631Z"},"nsu=http://opcfoundation.org/UA/Plc/Applications;s=SpikeData":{"Value":{"Type":11,"Body":36.812455268467801},"SourceTimestamp":"2024-04-27T15:52:55.194966Z","ServerTimestamp":"2024-04-27T15:52:55.1949922Z"}}}]