[{"SequenceNumber":78,"MetaDataVersion":{"MajorVersion":1},"Timestamp":"2024-04-27T15:52:58.2891711Z","MessageType":"ua-deltaframe","DataSetWriterName":"<<UnknownDataSet>>","Payload":{"nsu=http://opcfoundation.org/UA/Plc/Applications;s=StepUp":{"Value":{"Type":7,"Body":878},"SourceTimestamp":"2024-04-27T15:52:58.1966065Z","ServerTimestamp":"2024-04-27T15:52:58.1966101Z"},"nsu=http://opcfoundation.org/UA/Plc/Applications;s=RandomSignedInt32":{"Value":{"Type":6,"Body":1570244448},"SourceTimestamp":"2024-04-27T15:52:58.1966397Z","ServerTimestamp":"2024-04-27T15:52:58.196642Z"},"nsu=http://opcfoundation.org/UA/Plc/Applications;s=RandomUnsignedInt32":{"Value":{"Type":7,"Body":447567239},"SourceTimestamp":"2024-04-27T15:52:58.1966395Z","ServerTimestamp":"2024-04-27T15:52:58.1966401Z"},"nsu=http://opcfoundation.org/UA/Plc/Applications;s=DipData":{"Value":{"Type":11,"Body":24.868988716485482},"SourceTimestamp":"2024-04-27T15:52:58.1966416Z","ServerTimestamp":"2024-04-27T15:52:58.1966443Z"},"nsu=http://opcfoundation.org/UA/Plc/Applications;s=FastUIntScalar1":{"Value":{"Type":7,"Body":87},"SourceTimestamp":"2024-04-27T15:52:57.4065904Z","ServerTimestamp":"2024-04-27T15:52:57.4066026Z"},"nsu=http://opcfoundation.org/UA/Plc/Applications;s=FastUIntScalar2":{"Value":{"Type":7,"Body":87},"SourceTimestamp":"2024-04-27T15:52:57.4066124Z","ServerTimestamp":"2024-04-27T15:52:57.4066159Z"},"nsu=http://opcfoundation.org/UA/Plc/Applications;s=FastUIntScalar3":{"Value":{"Type":7,"Body":87},"SourceTimestamp":"2024-04-27T15:52:57.4066183Z","ServerTimestamp":"2024-04-27T15:52:57.4066209Z"},"nsu=http://opcfoundation.org/UA/Plc/Applications;s=FastRandomUIntScalar1":{"Value":{"Type":7,"Body":3281958980},"SourceTimestamp":"2024-04-27T15:52:57.4065772Z","ServerTimestamp":"2024-04-27T15:52:57.4065808Z"},"nsu=http://opcfoundation.org/UA/Plc/Applications;s=FastRandomUIntScalar2":{"Value":{"Type":7,"Body":234250795},"SourceTimestamp":"2024-04-27T15:52:57.4065933Z","ServerTimestamp":"2024-04-27T15:52:57.4066123Z"},"nsu=http://opcfoundation.org/UA/Plc/Applications;s=FastRandomUIntScalar3":{"Value":{"Type":7,"Body":1556260454},"SourceTimestamp":"2024-04-27T15:52:57.4066152Z","ServerTimestamp":"2024-04-27T15:52:57.4066188Z"},"nsu=http://opcfoundation.org/UA/Plc/Applications;s=SpikeData":{"Value":{"Type":11,"Body":24.868988716485482},"SourceTimestamp":"2024-04-27T15:52:58.1966188Z","ServerTimestamp":"2024-04-27T15:52:58.1966222Z"}}}]