[{"DataSetWriterId":1,"SequenceNumber":9,"MetaDataVersion":{"MajorVersion":1},"Timestamp":"2024-04-27T15:53:01.3321552Z","MessageType":"ua-deltaframe","DataSetWriterName":"<<UnknownDataSet>>","Payload":{"nsu=http://opcfoundation.org/UA/Plc/Applications;s=SlowUIntScalar1":{"Value":{"Type":7,"Body":9},"SourceTimestamp":"2024-04-27T15:53:00.3950573Z","ServerTimestamp":"2024-04-27T15:53:00.3950616Z"},"nsu=http://opcfoundation.org/UA/Plc/Applications;s=SlowUIntScalar2":{"Value":{"Type":7,"Body":9},"SourceTimestamp":"2024-04-27T15:53:00.3950721Z","ServerTimestamp":"2024-04-27T15:53:00.3950726Z"},"nsu=http://opcfoundation.org/UA/Plc/Applications;s=SlowUIntScalar3":{"Value":{"Type":7,"Body":9},"SourceTimestamp":"2024-04-27T15:53:00.3950745Z","ServerTimestamp":"2024-04-27T15:53:00.3950754Z"},"nsu=http://opcfoundation.org/UA/Plc/Applications;s=BadSlowUIntScalar1":{"Value":{"Body":null},"StatusCode":2157772800,"SourceTimestamp":"2024-04-27T15:53:00.3950787Z","ServerTimestamp":"2024-04-27T15:53:00.3950787Z"},"nsu=http://opcfoundation.org/UA/Plc/Applications;s=SlowRandomUIntScalar1":{"Value":{"Type":7,"Body":3685230301},"SourceTimestamp":"2024-04-27T15:53:00.3950955Z","ServerTimestamp":"2024-04-27T15:53:00.3950959Z"},"nsu=http://opcfoundation.org/UA/Plc/Applications;s=SlowRandomUIntScalar2":{"Value":{"Type":7,"Body":1193319770},"SourceTimestamp":"2024-04-27T15:53:00.3950971Z","ServerTimestamp":"2024-04-27T15:53:00.3951038Z"},"nsu=http://opcfoundation.org/UA/Plc/Applications;s=SlowRandomUIntScalar3":{"Value":{"Type":7,"Body":2660968152},"SourceTimestamp":"2024-04-27T15:53:00.3951047Z","ServerTimestamp":"2024-04-27T15:53:00.3951118Z"},"nsu=http://opcfoundation.org/UA/Plc/Applications;s=BadSlowRandomUIntScalar1":{"Value":{"Body":null},"StatusCode":2157772800,"SourceTimestamp":"2024-04-27T15:53:00.3951146Z","ServerTimestamp":"2024-04-27T15:53:00.3951146Z"}}}]