[{"SequenceNumber":83,"MetaDataVersion":{"MajorVersion":1},"Timestamp":"2024-04-27T15:53:03.2543829Z","MessageType":"ua-deltaframe","DataSetWriterName":"<<UnknownDataSet>>","Payload":{"nsu=http://opcfoundation.org/UA/Plc/Applications;s=StepUp":{"Value":{"Type":7,"Body":928},"SourceTimestamp":"2024-04-27T15:53:03.206872Z","ServerTimestamp":"2024-04-27T15:53:03.2068753Z"},"nsu=http://opcfoundation.org/UA/Plc/Applications;s=RandomSignedInt32":{"Value":{"Type":6,"Body":-760775081},"SourceTimestamp":"2024-04-27T15:53:03.2069172Z","ServerTimestamp":"2024-04-27T15:53:03.2069207Z"},"nsu=http://opcfoundation.org/UA/Plc/Applications;s=RandomUnsignedInt32":{"Value":{"Type":7,"Body":56475696},"SourceTimestamp":"2024-04-27T15:53:03.2069168Z","ServerTimestamp":"2024-04-27T15:53:03.2069245Z"},"nsu=http://opcfoundation.org/UA/Plc/Applications;s=DipData":{"Value":{"Type":11,"Body":24.868988716485482},"SourceTimestamp":"2024-04-27T15:53:03.2069161Z","ServerTimestamp":"2024-04-27T15:53:03.2069228Z"},"nsu=http://opcfoundation.org/UA/Plc/Applications;s=FastUIntScalar1":{"Value":{"Type":7,"Body":92},"SourceTimestamp":"2024-04-27T15:53:02.39984Z","ServerTimestamp":"2024-04-27T15:53:02.3998444Z"},"nsu=http://opcfoundation.org/UA/Plc/Applications;s=FastUIntScalar2":{"Value":{"Type":7,"Body":92},"SourceTimestamp":"2024-04-27T15:53:02.3998572Z","ServerTimestamp":"2024-04-27T15:53:02.3998608Z"},"nsu=http://opcfoundation.org/UA/Plc/Applications;s=FastUIntScalar3":{"Value":{"Type":7,"Body":92},"SourceTimestamp":"2024-04-27T15:53:02.3998628Z","ServerTimestamp":"2024-04-27T15:53:02.3998637Z"},"nsu=http://opcfoundation.org/UA/Plc/Applications;s=FastRandomUIntScalar1":{"Value":{"Type":7,"Body":2076106997},"SourceTimestamp":"2024-04-27T15:53:02.3998473Z","ServerTimestamp":"2024-04-27T15:53:02.3998568Z"},"nsu=http://opcfoundation.org/UA/Plc/Applications;s=FastRandomUIntScalar2":{"Value":{"Type":7,"Body":2459701995},"SourceTimestamp":"2024-04-27T15:53:02.3998611Z","ServerTimestamp":"2024-04-27T15:53:02.3998623Z"},"nsu=http://opcfoundation.org/UA/Plc/Applications;s=FastRandomUIntScalar3":{"Value":{"Type":7,"Body":474576067},"SourceTimestamp":"2024-04-27T15:53:02.3998639Z","ServerTimestamp":"2024-04-27T15:53:02.3998649Z"},"nsu=http://opcfoundation.org/UA/Plc/Applications;s=SpikeData":{"Value":{"Type":11,"Body":24.868988716485482},"SourceTimestamp":"2024-04-27T15:53:03.2069107Z","ServerTimestamp":"2024-04-27T15:53:03.2069117Z"}}}]