[{"SequenceNumber":90,"MetaDataVersion":{"MajorVersion":1},"Timestamp":"2024-04-27T15:53:11.246884Z","MessageType":"ua-deltaframe","DataSetWriterName":"<<UnknownDataSet>>","Payload":{"nsu=http://opcfoundation.org/UA/Plc/Applications;s=StepUp":{"Value":{"Type":7,"Body":1008},"SourceTimestamp":"2024-04-27T15:53:11.2003377Z","ServerTimestamp":"2024-04-27T15:53:11.2003403Z"},"nsu=http://opcfoundation.org/UA/Plc/Applications;s=AlternatingBoolean":{"Value":{"Type":1,"Body":true},"SourceTimestamp":"2024-04-27T15:53:10.4998088Z","ServerTimestamp":"2024-04-27T15:53:10.4998166Z"},"nsu=http://opcfoundation.org/UA/Plc/Applications;s=RandomSignedInt32":{"Value":{"Type":6,"Body":1168108298},"SourceTimestamp":"2024-04-27T15:53:11.2003777Z","ServerTimestamp":"2024-04-27T15:53:11.2003784Z"},"nsu=http://opcfoundation.org/UA/Plc/Applications;s=RandomUnsignedInt32":{"Value":{"Type":7,"Body":1628317094},"SourceTimestamp":"2024-04-27T15:53:11.2003739Z","ServerTimestamp":"2024-04-27T15:53:11.2003746Z"},"nsu=http://opcfoundation.org/UA/Plc/Applications;s=DipData":{"Value":{"Type":11,"Body":-77.0513242775789},"SourceTimestamp":"2024-04-27T15:53:11.2003868Z","ServerTimestamp":"2024-04-27T15:53:11.2003882Z"},"nsu=http://opcfoundation.org/UA/Plc/Applications;s=FastUIntScalar1":{"Value":{"Type":7,"Body":100},"SourceTimestamp":"2024-04-27T15:53:10.4056513Z","ServerTimestamp":"2024-04-27T15:53:10.4056927Z"},"nsu=http://opcfoundation.org/UA/Plc/Applications;s=FastUIntScalar2":{"Value":{"Type":7,"Body":100},"SourceTimestamp":"2024-04-27T15:53:10.4056984Z","ServerTimestamp":"2024-04-27T15:53:10.4057116Z"},"nsu=http://opcfoundation.org/UA/Plc/Applications;s=FastUIntScalar3":{"Value":{"Type":7,"Body":100},"SourceTimestamp":"2024-04-27T15:53:10.4057133Z","ServerTimestamp":"2024-04-27T15:53:10.4057139Z"},"nsu=http://opcfoundation.org/UA/Plc/Applications;s=FastRandomUIntScalar1":{"Value":{"Type":7,"Body":399752413},"SourceTimestamp":"2024-04-27T15:53:10.4056507Z","ServerTimestamp":"2024-04-27T15:53:10.4056728Z"},"nsu=http://opcfoundation.org/UA/Plc/Applications;s=FastRandomUIntScalar2":{"Value":{"Type":7,"Body":1141905375},"SourceTimestamp":"2024-04-27T15:53:10.405678Z","ServerTimestamp":"2024-04-27T15:53:10.4056788Z"},"nsu=http://opcfoundation.org/UA/Plc/Applications;s=FastRandomUIntScalar3":{"Value":{"Type":7,"Body":2618154207},"SourceTimestamp":"2024-04-27T15:53:10.4056802Z","ServerTimestamp":"2024-04-27T15:53:10.4056807Z"},"nsu=http://opcfoundation.org/UA/Plc/Applications;s=NegativeTrendData":{"Value":{"Type":11,"Body":98.700000000000003},"SourceTimestamp":"2024-04-27T15:53:10.4998244Z","ServerTimestamp":"2024-04-27T15:53:10.4998256Z"},"nsu=http://opcfoundation.org/UA/Plc/Applications;s=PositiveTrendData":{"Value":{"Type":11,"Body":102},"SourceTimestamp":"2024-04-27T15:53:10.4998273Z","ServerTimestamp":"2024-04-27T15:53:10.4998303Z"},"nsu=http://opcfoundation.org/UA/Plc/Applications;s=SpikeData":{"Value":{"Type":11,"Body":-77.0513242775789},"SourceTimestamp":"2024-04-27T15:53:11.2003574Z","ServerTimestamp":"2024-04-27T15:53:11.2003592Z"}}}]