{"CurrentTime":"2024-04-28T09:40:04.6458092Z","AlternatingBoolean":true,"RandomSignedInt32":700350515,"RandomUnsignedInt32":1746517017,"DipData":-77.0513242775789,"FastUIntScalar1":60,"FastUIntScalar2":60,"FastUIntScalar3":60,"FastRandomUIntScalar1":2825995132,"FastRandomUIntScalar2":2623830612,"FastRandomUIntScalar3":2031016234,"NegativeTrendData":99.299999999999997,"PositiveTrendData":100.40000000000001,"SlowUIntScalar1":6,"SlowUIntScalar2":6,"SlowUIntScalar3":6,"BadSlowUIntScalar1":6,"SlowRandomUIntScalar1":1528082732,"SlowRandomUIntScalar2":2241694119,"SlowRandomUIntScalar3":1891236032,"BadSlowRandomUIntScalar1":396775890,"SpikeData":-77.0513242775789}