{"MessageId":"2ff6e5e3-ad46-419b-b01e-6b1dda106bac","MessageType":"ua-data","PublisherId":"DESKTOP-BGFJS91","DataSetWriterGroup":"MES","Messages":[{"MetaDataVersion":{"MajorVersion":1},"MessageType":"ua-deltaframe","DataSetWriterName":"<<UnknownDataSet>>","Payload":{"nsu=http://opcfoundation.org/UA/Plc/Applications;s=StepUp":{"Value":{"Type":7,"Body":219},"SourceTimestamp":"2024-04-26T12:01:41.3283296Z"},"nsu=http://opcfoundation.org/UA/Plc/Applications;s=RandomSignedInt32":{"Value":{"Type":6,"Body":-1713295043},"SourceTimestamp":"2024-04-26T12:01:41.3283202Z"},"nsu=http://opcfoundation.org/UA/Plc/Applications;s=RandomUnsignedInt32":{"Value":{"Type":7,"Body":1961409321},"SourceTimestamp":"2024-04-26T12:01:41.3283396Z"},"nsu=http://opcfoundation.org/UA/Plc/Applications;s=DipData":{"Value":{"Type":11,"Body":-77.051324277578942},"SourceTimestamp":"2024-04-26T12:01:41.3283484Z"},"nsu=http://opcfoundation.org/UA/Plc/Applications;s=FastUIntScalar1":{"Value":{"Type":7,"Body":21},"SourceTimestamp":"2024-04-26T12:01:40.439603Z"}}}]}