{"MessageId":"b0e7d7a2-716b-425e-a02a-3e59c4d78501","MessageType":"ua-data","PublisherId":"DESKTOP-BGFJS91","DataSetWriterGroup":"MES","Messages":[{"MetaDataVersion":{"MajorVersion":1},"MessageType":"ua-deltaframe","DataSetWriterName":"<<UnknownDataSet>>","Payload":{"nsu=http://opcfoundation.org/UA/Plc/Applications;s=StepUp":{"Value":{"Type":7,"Body":539},"SourceTimestamp":"2024-04-26T12:02:13.3294758Z"},"nsu=http://opcfoundation.org/UA/Plc/Applications;s=RandomSignedInt32":{"Value":{"Type":6,"Body":-656498875},"SourceTimestamp":"2024-04-26T12:02:13.3294723Z"},"nsu=http://opcfoundation.org/UA/Plc/Applications;s=RandomUnsignedInt32":{"Value":{"Type":7,"Body":1603087930},"SourceTimestamp":"2024-04-26T12:02:13.3294911Z"},"nsu=http://opcfoundation.org/UA/Plc/Applications;s=DipData":{"Value":{"Type":11,"Body":99.80267284282715},"SourceTimestamp":"2024-04-26T12:02:13.2270962Z"},"nsu=http://opcfoundation.org/UA/Plc/Applications;s=FastUIntScalar1":{"Value":{"Type":7,"Body":53},"SourceTimestamp":"2024-04-26T12:02:12.4421132Z"}}}]}