{"MessageId":"bd15eb9a-fc2b-4f24-94e1-63788a176057","MessageType":"ua-data","PublisherId":"DESKTOP-BGFJS91","DataSetWriterGroup":"MES","Messages":[{"MetaDataVersion":{"MajorVersion":1},"MessageType":"ua-deltaframe","DataSetWriterName":"<<UnknownDataSet>>","Payload":{"nsu=http://opcfoundation.org/UA/Plc/Applications;s=StepUp":{"Value":{"Type":7,"Body":69},"SourceTimestamp":"2024-04-26T12:01:26.3355052Z"},"nsu=http://opcfoundation.org/UA/Plc/Applications;s=RandomSignedInt32":{"Value":{"Type":6,"Body":-373338634},"SourceTimestamp":"2024-04-26T12:01:26.3355188Z"},"nsu=http://opcfoundation.org/UA/Plc/Applications;s=RandomUnsignedInt32":{"Value":{"Type":7,"Body":1937786610},"SourceTimestamp":"2024-04-26T12:01:26.3355042Z"},"nsu=http://opcfoundation.org/UA/Plc/Applications;s=DipData":{"Value":{"Type":11,"Body":-77.051324277578942},"SourceTimestamp":"2024-04-26T12:01:26.3355151Z"},"nsu=http://opcfoundation.org/UA/Plc/Applications;s=FastUIntScalar1":{"Value":{"Type":7,"Body":6},"SourceTimestamp":"2024-04-26T12:01:25.4381187Z"}}}]}