{"MessageId":"12509429-e3fa-4178-b09b-41484b46b426","MessageType":"ua-data","PublisherId":"DESKTOP-BGFJS91","DataSetWriterGroup":"MES","Messages":[{"MetaDataVersion":{"MajorVersion":1},"MessageType":"ua-deltaframe","DataSetWriterName":"<<UnknownDataSet>>","Payload":{"nsu=http://opcfoundation.org/UA/Plc/Applications;s=StepUp":{"Value":{"Type":7,"Body":749},"SourceTimestamp":"2024-04-26T12:02:34.3313702Z"},"nsu=http://opcfoundation.org/UA/Plc/Applications;s=RandomSignedInt32":{"Value":{"Type":6,"Body":90296053},"SourceTimestamp":"2024-04-26T12:02:34.3313553Z"},"nsu=http://opcfoundation.org/UA/Plc/Applications;s=RandomUnsignedInt32":{"Value":{"Type":7,"Body":1384766044},"SourceTimestamp":"2024-04-26T12:02:34.3313948Z"},"nsu=http://opcfoundation.org/UA/Plc/Applications;s=DipData":{"Value":{"Type":11,"Body":24.868988716485479},"SourceTimestamp":"2024-04-26T12:02:34.3313866Z"},"nsu=http://opcfoundation.org/UA/Plc/Applications;s=FastUIntScalar1":{"Value":{"Type":7,"Body":74},"SourceTimestamp":"2024-04-26T12:02:33.4356398Z"}}}]}