{"MessageId":"1685af13-fe11-45d7-8d35-66703416a43c","MessageType":"ua-data","PublisherId":"DESKTOP-BGFJS91","DataSetWriterGroup":"MES","Messages":[{"MetaDataVersion":{"MajorVersion":1},"MessageType":"ua-deltaframe","DataSetWriterName":"<<UnknownDataSet>>","Payload":{"nsu=http://opcfoundation.org/UA/Plc/Applications;s=StepUp":{"Value":{"Type":7,"Body":879},"SourceTimestamp":"2024-04-26T12:02:47.3396035Z"},"nsu=http://opcfoundation.org/UA/Plc/Applications;s=RandomSignedInt32":{"Value":{"Type":6,"Body":845436428},"SourceTimestamp":"2024-04-26T12:02:47.3395985Z"},"nsu=http://opcfoundation.org/UA/Plc/Applications;s=RandomUnsignedInt32":{"Value":{"Type":7,"Body":1298426770},"SourceTimestamp":"2024-04-26T12:02:47.3396264Z"},"nsu=http://opcfoundation.org/UA/Plc/Applications;s=DipData":{"Value":{"Type":11,"Body":36.812455268467772},"SourceTimestamp":"2024-04-26T12:02:47.3396502Z"},"nsu=http://opcfoundation.org/UA/Plc/Applications;s=FastUIntScalar1":{"Value":{"Type":7,"Body":87},"SourceTimestamp":"2024-04-26T12:02:46.4285877Z"}}}]}