{"MessageId":"51ffa032-b005-4a10-ac59-e86a7ce13031","MessageType":"ua-data","PublisherId":"DESKTOP-BGFJS91","DataSetWriterGroup":"MES","Messages":[{"MetaDataVersion":{"MajorVersion":1},"MessageType":"ua-deltaframe","DataSetWriterName":"<<UnknownDataSet>>","Payload":{"nsu=http://opcfoundation.org/UA/Plc/Applications;s=StepUp":{"Value":{"Type":7,"Body":929},"SourceTimestamp":"2024-04-26T12:02:52.3285608Z"},"nsu=http://opcfoundation.org/UA/Plc/Applications;s=RandomSignedInt32":{"Value":{"Type":6,"Body":-1025307743},"SourceTimestamp":"2024-04-26T12:02:52.3286317Z"},"nsu=http://opcfoundation.org/UA/Plc/Applications;s=RandomUnsignedInt32":{"Value":{"Type":7,"Body":2029040739},"SourceTimestamp":"2024-04-26T12:02:52.3286451Z"},"nsu=http://opcfoundation.org/UA/Plc/Applications;s=DipData":{"Value":{"Type":11,"Body":36.812455268467772},"SourceTimestamp":"2024-04-26T12:02:52.3286246Z"},"nsu=http://opcfoundation.org/UA/Plc/Applications;s=FastUIntScalar1":{"Value":{"Type":7,"Body":92},"SourceTimestamp":"2024-04-26T12:02:51.4344157Z"}}}]}