{"NodeId":"nsu=http://opcfoundation.org/UA/Plc/Applications;s=BadSlowRandomUIntScalar1","EndpointUrl":"opc.tcp://localhost:61457/UA/SampleServer","ApplicationUri":"urn:desktop-bgfjs91:OPCFoundation:CoreSampleServer","DisplayName":"nsu=http://opcfoundation.org/UA/Plc/Applications;s=BadSlowRandomUIntScalar1","Timestamp":"2024-04-27T14:02:47.2791736Z","Value":{"Value":{"Type":7,"Body":4153881661},"SourceTimestamp":"2024-04-27T14:02:45.5697165Z","ServerTimestamp":"2024-04-27T14:02:45.5697193Z"},"SequenceNumber":1,"ExtensionFields":{}}