{"NodeId":"nsu=http://opcfoundation.org/UA/Plc/Applications;s=BadSlowRandomUIntScalar1","EndpointUrl":"opc.tcp://localhost:61457/UA/SampleServer","ApplicationUri":"urn:desktop-bgfjs91:OPCFoundation:CoreSampleServer","DisplayName":"nsu=http://opcfoundation.org/UA/Plc/Applications;s=BadSlowRandomUIntScalar1","Timestamp":"2024-04-27T14:04:17.2511307Z","Value":{"StatusCode":2150694912,"SourceTimestamp":"2024-04-27T14:04:15.5724292Z","ServerTimestamp":"2024-04-27T14:04:15.5724293Z"},"SequenceNumber":10,"ExtensionFields":{}}