{"NodeId":"nsu=http://opcfoundation.org/UA/Plc/Applications;s=BadSlowRandomUIntScalar1","EndpointUrl":"opc.tcp://localhost:61457/UA/SampleServer","ApplicationUri":"urn:desktop-bgfjs91:OPCFoundation:CoreSampleServer","DisplayName":"nsu=http://opcfoundation.org/UA/Plc/Applications;s=BadSlowRandomUIntScalar1","Timestamp":"2024-04-27T14:04:27.2698209Z","Value":{"Value":{"Type":7,"Body":3575043032},"SourceTimestamp":"2024-04-27T14:04:25.5636356Z","ServerTimestamp":"2024-04-27T14:04:25.5636365Z"},"SequenceNumber":11,"ExtensionFields":{}}