{"NodeId":"nsu=http://opcfoundation.org/UA/Plc/Applications;s=BadSlowRandomUIntScalar1","EndpointUrl":"opc.tcp://localhost:61457/UA/SampleServer","ApplicationUri":"urn:desktop-bgfjs91:OPCFoundation:CoreSampleServer","DisplayName":"nsu=http://opcfoundation.org/UA/Plc/Applications;s=BadSlowRandomUIntScalar1","Timestamp":"2024-04-27T14:03:07.2561952Z","Value":{"Value":{"Type":7,"Body":1435645653},"SourceTimestamp":"2024-04-27T14:03:05.5710556Z","ServerTimestamp":"2024-04-27T14:03:05.5710741Z"},"SequenceNumber":3,"ExtensionFields":{}}