{"NodeId":"nsu=http://opcfoundation.org/UA/Plc/Applications;s=BadSlowRandomUIntScalar1","EndpointUrl":"opc.tcp://localhost:61457/UA/SampleServer","ApplicationUri":"urn:desktop-bgfjs91:OPCFoundation:CoreSampleServer","DisplayName":"nsu=http://opcfoundation.org/UA/Plc/Applications;s=BadSlowRandomUIntScalar1","Timestamp":"2024-04-27T14:03:17.2435074Z","Value":{"Value":{"Type":7,"Body":41152773},"StatusCode":1083179008,"SourceTimestamp":"2024-04-27T14:03:15.5613349Z","ServerTimestamp":"2024-04-27T14:03:15.5613368Z"},"SequenceNumber":4,"ExtensionFields":{}}