{"NodeId":"nsu=http://opcfoundation.org/UA/Plc/Applications;s=BadSlowRandomUIntScalar1","EndpointUrl":"opc.tcp://localhost:61457/UA/SampleServer","ApplicationUri":"urn:desktop-bgfjs91:OPCFoundation:CoreSampleServer","DisplayName":"nsu=http://opcfoundation.org/UA/Plc/Applications;s=BadSlowRandomUIntScalar1","Timestamp":"2024-04-27T14:03:57.2681425Z","Value":{"Value":{"Type":7,"Body":3261819772},"StatusCode":1083179008,"SourceTimestamp":"2024-04-27T14:03:55.5708596Z","ServerTimestamp":"2024-04-27T14:03:55.5708606Z"},"SequenceNumber":8,"ExtensionFields":{}}