{"MessageId":"54daaf3b-54dc-462e-9a0a-af3978832c35","MessageType":"ua-data","PublisherId":"DESKTOP-BGFJS91","DataSetWriterGroup":"<<UnknownWriterGroup>>","Messages":[{"SequenceNumber":1,"MetaDataVersion":{"MajorVersion":1},"Timestamp":"2024-04-27T10:53:11.038918Z","MessageType":"ua-deltaframe","DataSetWriterName":"<<UnknownDataSet>>","Payload":{"nsu=http://opcfoundation.org/UA/Plc/Applications;s=504fb315-75db-ef6e-2650-7c499743800a":{"Value":null,"StatusCode":{"Symbol":"BadNodeIdUnknown","Code":2150891520}}}}]}