[{"SequenceNumber":43,"MetaDataVersion":{"MajorVersion":1},"Timestamp":"2024-04-27T14:45:10.1754005Z","MessageType":"ua-deltaframe","DataSetWriterName":"<<UnknownDataSet>>","Payload":{"DoubleValues":{"Value":97,"SourceTimestamp":"2024-04-27T14:45:09.1838501Z","ServerTimestamp":"2024-04-27T14:45:09.1838459Z"},"Int64Values":{"Value":"24","SourceTimestamp":"2024-04-27T14:45:09.1838582Z","ServerTimestamp":"2024-04-27T14:45:09.1838576Z"}}},{"SequenceNumber":44,"MetaDataVersion":{"MajorVersion":1},"Timestamp":"2024-04-27T14:45:10.1754005Z","MessageType":"ua-deltaframe","DataSetWriterName":"<<UnknownDataSet>>","Payload":{"DoubleValues":{"Value":39,"SourceTimestamp":"2024-04-27T14:45:10.1747147Z","ServerTimestamp":"2024-04-27T14:45:10.1747079Z"}}}]