[{"SequenceNumber":5,"MetaDataVersion":{"MajorVersion":1},"Timestamp":"2024-04-27T14:44:31.2136066Z","MessageType":"ua-deltaframe","DataSetWriterName":"<<UnknownDataSet>>","Payload":{"DoubleValues":{"Value":5,"SourceTimestamp":"2024-04-27T14:44:30.1755875Z","ServerTimestamp":"2024-04-27T14:44:30.1755839Z"},"Int64Values":{"Value":"55","SourceTimestamp":"2024-04-27T14:44:30.1755989Z","ServerTimestamp":"2024-04-27T14:44:30.1755982Z"}}},{"SequenceNumber":6,"MetaDataVersion":{"MajorVersion":1},"Timestamp":"2024-04-27T14:44:31.2136066Z","MessageType":"ua-deltaframe","DataSetWriterName":"<<UnknownDataSet>>","Payload":{"DoubleValues":{"Value":72,"SourceTimestamp":"2024-04-27T14:44:31.1817857Z","ServerTimestamp":"2024-04-27T14:44:31.1817785Z"},"Int64Values":{"Value":"80","SourceTimestamp":"2024-04-27T14:44:31.1818039Z","ServerTimestamp":"2024-04-27T14:44:31.1818023Z"}}}]