[{"SequenceNumber":59,"MetaDataVersion":{"MajorVersion":1},"Timestamp":"2024-04-27T14:45:25.2137605Z","MessageType":"ua-deltaframe","DataSetWriterName":"<<UnknownDataSet>>","Payload":{"DoubleValues":{"Value":77,"SourceTimestamp":"2024-04-27T14:45:24.1786882Z","ServerTimestamp":"2024-04-27T14:45:24.1786829Z"},"Int64Values":{"Value":"-100","SourceTimestamp":"2024-04-27T14:45:24.1787088Z","ServerTimestamp":"2024-04-27T14:45:24.1786992Z"}}},{"SequenceNumber":60,"MetaDataVersion":{"MajorVersion":1},"Timestamp":"2024-04-27T14:45:25.2137605Z","MessageType":"ua-deltaframe","DataSetWriterName":"<<UnknownDataSet>>","Payload":{"DoubleValues":{"Value":-75,"SourceTimestamp":"2024-04-27T14:45:25.1830809Z","ServerTimestamp":"2024-04-27T14:45:25.183073Z"},"Int64Values":{"Value":"-2","SourceTimestamp":"2024-04-27T14:45:25.1831395Z","ServerTimestamp":"2024-04-27T14:45:25.1831256Z"}}}]