[{"SequenceNumber":71,"MetaDataVersion":{"MajorVersion":1},"Timestamp":"2024-04-27T14:45:37.2108346Z","MessageType":"ua-deltaframe","DataSetWriterName":"<<UnknownDataSet>>","Payload":{"DoubleValues":{"Value":71,"SourceTimestamp":"2024-04-27T14:45:36.1834821Z","ServerTimestamp":"2024-04-27T14:45:36.1834782Z"},"Int64Values":{"Value":"-20","SourceTimestamp":"2024-04-27T14:45:36.1834907Z","ServerTimestamp":"2024-04-27T14:45:36.1834899Z"}}},{"SequenceNumber":72,"MetaDataVersion":{"MajorVersion":1},"Timestamp":"2024-04-27T14:45:37.2108346Z","MessageType":"ua-deltaframe","DataSetWriterName":"<<UnknownDataSet>>","Payload":{"Int64Values":{"Value":"64","SourceTimestamp":"2024-04-27T14:45:37.1798227Z","ServerTimestamp":"2024-04-27T14:45:37.1798215Z"}}}]