[{"SequenceNumber":87,"MetaDataVersion":{"MajorVersion":1},"Timestamp":"2024-04-27T14:45:53.2088703Z","MessageType":"ua-deltaframe","DataSetWriterName":"<<UnknownDataSet>>","Payload":{"DoubleValues":{"Value":18,"SourceTimestamp":"2024-04-27T14:45:52.1841575Z","ServerTimestamp":"2024-04-27T14:45:52.1841535Z"},"Int64Values":{"Value":"-63","SourceTimestamp":"2024-04-27T14:45:52.1841641Z","ServerTimestamp":"2024-04-27T14:45:52.1841636Z"}}},{"SequenceNumber":88,"MetaDataVersion":{"MajorVersion":1},"Timestamp":"2024-04-27T14:45:53.2088703Z","MessageType":"ua-deltaframe","DataSetWriterName":"<<UnknownDataSet>>","Payload":{"DoubleValues":{"Value":-100,"SourceTimestamp":"2024-04-27T14:45:53.1778814Z","ServerTimestamp":"2024-04-27T14:45:53.1778737Z"},"Int64Values":{"Value":"78","SourceTimestamp":"2024-04-27T14:45:53.1778963Z","ServerTimestamp":"2024-04-27T14:45:53.1778942Z"}}}]