[{"SequenceNumber":97,"MetaDataVersion":{"MajorVersion":1},"Timestamp":"2024-04-27T14:46:03.2098686Z","MessageType":"ua-deltaframe","DataSetWriterName":"<<UnknownDataSet>>","Payload":{"DoubleValues":{"Value":-15,"SourceTimestamp":"2024-04-27T14:46:02.1849123Z","ServerTimestamp":"2024-04-27T14:46:02.1849078Z"},"Int64Values":{"Value":"67","SourceTimestamp":"2024-04-27T14:46:02.1849223Z","ServerTimestamp":"2024-04-27T14:46:02.1849216Z"}}},{"SequenceNumber":98,"MetaDataVersion":{"MajorVersion":1},"Timestamp":"2024-04-27T14:46:03.2098686Z","MessageType":"ua-deltaframe","DataSetWriterName":"<<UnknownDataSet>>","Payload":{"DoubleValues":{"Value":-7,"SourceTimestamp":"2024-04-27T14:46:03.1785376Z","ServerTimestamp":"2024-04-27T14:46:03.1785331Z"},"Int64Values":{"Value":"16","SourceTimestamp":"2024-04-27T14:46:03.1785491Z","ServerTimestamp":"2024-04-27T14:46:03.178548Z"}}}]