{"MessageId":"1ae4b1e1-3a36-41a0-bceb-f7d2e70f7bd5","MessageType":"ua-data","PublisherId":"DESKTOP-BGFJS91","DataSetWriterGroup":"<<UnknownWriterGroup>>","Messages":[{"MetaDataVersion":{"MajorVersion":1},"MessageType":"ua-deltaframe","DataSetWriterName":"Test","Payload":{"nsu=http://opcfoundation.org/UA/Plc/Applications;s=FastUIntScalar2":{"Value":{"Type":7,"Body":34},"SourceTimestamp":"2024-04-27T12:23:54.6281919Z"},"nsu=http://opcfoundation.org/UA/Plc/Applications;s=FastUIntScalar3":{"Value":{"Type":7,"Body":34},"SourceTimestamp":"2024-04-27T12:23:54.6281997Z"},"nsu=http://opcfoundation.org/UA/Plc/Applications;s=FastRandomUIntScalar1":{"Value":{"Type":7,"Body":640282184},"SourceTimestamp":"2024-04-27T12:23:54.6281606Z"},"nsu=http://opcfoundation.org/UA/Plc/Applications;s=FastRandomUIntScalar2":{"Value":{"Type":7,"Body":1367235919},"SourceTimestamp":"2024-04-27T12:23:54.6281985Z"},"nsu=http://opcfoundation.org/UA/Plc/Applications;s=FastRandomUIntScalar3":{"Value":{"Type":7,"Body":470659659},"SourceTimestamp":"2024-04-27T12:23:54.6282075Z"}}}]}