{"MessageId":"6f4892ad-3fa6-4a89-baf4-bf86b91742fc","MessageType":"ua-data","PublisherId":"DESKTOP-BGFJS91","DataSetWriterGroup":"<<UnknownWriterGroup>>","Messages":[{"MetaDataVersion":{"MajorVersion":1},"MessageType":"ua-deltaframe","DataSetWriterName":"Test","Payload":{"nsu=http://opcfoundation.org/UA/Plc/Applications;s=FastUIntScalar2":{"Value":{"Type":7,"Body":38},"SourceTimestamp":"2024-04-27T12:23:58.6212051Z"},"nsu=http://opcfoundation.org/UA/Plc/Applications;s=FastUIntScalar3":{"Value":{"Type":7,"Body":38},"SourceTimestamp":"2024-04-27T12:23:58.6212076Z"},"nsu=http://opcfoundation.org/UA/Plc/Applications;s=FastRandomUIntScalar1":{"Value":{"Type":7,"Body":44916688},"SourceTimestamp":"2024-04-27T12:23:58.6211717Z"},"nsu=http://opcfoundation.org/UA/Plc/Applications;s=FastRandomUIntScalar2":{"Value":{"Type":7,"Body":1396176606},"SourceTimestamp":"2024-04-27T12:23:58.6212159Z"},"nsu=http://opcfoundation.org/UA/Plc/Applications;s=FastRandomUIntScalar3":{"Value":{"Type":7,"Body":1999463521},"SourceTimestamp":"2024-04-27T12:23:58.6212179Z"}}}]}