{"MessageId":"b9162a31-6016-4203-9a87-7df51fc9fc5b","MessageType":"ua-data","PublisherId":"DESKTOP-BGFJS91","DataSetWriterGroup":"<<UnknownWriterGroup>>","Messages":[{"MetaDataVersion":{"MajorVersion":1},"MessageType":"ua-deltaframe","DataSetWriterName":"Test","Payload":{"nsu=http://opcfoundation.org/UA/Plc/Applications;s=FastUIntScalar2":{"Value":{"Type":7,"Body":43},"SourceTimestamp":"2024-04-27T12:24:03.6148303Z"},"nsu=http://opcfoundation.org/UA/Plc/Applications;s=FastUIntScalar3":{"Value":{"Type":7,"Body":43},"SourceTimestamp":"2024-04-27T12:24:03.6148325Z"},"nsu=http://opcfoundation.org/UA/Plc/Applications;s=FastRandomUIntScalar1":{"Value":{"Type":7,"Body":988997734},"SourceTimestamp":"2024-04-27T12:24:03.6148024Z"},"nsu=http://opcfoundation.org/UA/Plc/Applications;s=FastRandomUIntScalar2":{"Value":{"Type":7,"Body":1637617895},"SourceTimestamp":"2024-04-27T12:24:03.6148468Z"},"nsu=http://opcfoundation.org/UA/Plc/Applications;s=FastRandomUIntScalar3":{"Value":{"Type":7,"Body":2584597400},"SourceTimestamp":"2024-04-27T12:24:03.6148531Z"}}}]}