{"MessageId":"6ac5fc18-0210-4faa-9d5f-0ac4fa57f056","MessageType":"ua-data","PublisherId":"DESKTOP-BGFJS91","DataSetWriterGroup":"<<UnknownWriterGroup>>","Messages":[{"MetaDataVersion":{"MajorVersion":1},"MessageType":"ua-deltaframe","DataSetWriterName":"Test","Payload":{"nsu=http://opcfoundation.org/UA/Plc/Applications;s=FastUIntScalar2":{"Value":{"Type":7,"Body":48},"SourceTimestamp":"2024-04-27T12:24:08.6189037Z"},"nsu=http://opcfoundation.org/UA/Plc/Applications;s=FastUIntScalar3":{"Value":{"Type":7,"Body":48},"SourceTimestamp":"2024-04-27T12:24:08.6189056Z"},"nsu=http://opcfoundation.org/UA/Plc/Applications;s=FastRandomUIntScalar1":{"Value":{"Type":7,"Body":4025798710},"SourceTimestamp":"2024-04-27T12:24:08.6188971Z"},"nsu=http://opcfoundation.org/UA/Plc/Applications;s=FastRandomUIntScalar2":{"Value":{"Type":7,"Body":2716583933},"SourceTimestamp":"2024-04-27T12:24:08.6189122Z"},"nsu=http://opcfoundation.org/UA/Plc/Applications;s=FastRandomUIntScalar3":{"Value":{"Type":7,"Body":1343057327},"SourceTimestamp":"2024-04-27T12:24:08.6189139Z"}}}]}