{"MessageId":"ace5e669-2a1e-43d4-8934-79c164c4af59","MessageType":"ua-data","PublisherId":"DESKTOP-BGFJS91","DataSetWriterGroup":"<<UnknownWriterGroup>>","Messages":[{"MetaDataVersion":{"MajorVersion":1},"MessageType":"ua-deltaframe","DataSetWriterName":"Test","Payload":{"nsu=http://opcfoundation.org/UA/Plc/Applications;s=FastUIntScalar2":{"Value":{"Type":7,"Body":52},"SourceTimestamp":"2024-04-27T12:24:12.6250286Z"},"nsu=http://opcfoundation.org/UA/Plc/Applications;s=FastUIntScalar3":{"Value":{"Type":7,"Body":52},"SourceTimestamp":"2024-04-27T12:24:12.625033Z"},"nsu=http://opcfoundation.org/UA/Plc/Applications;s=FastRandomUIntScalar1":{"Value":{"Type":7,"Body":2530271538},"SourceTimestamp":"2024-04-27T12:24:12.6250268Z"},"nsu=http://opcfoundation.org/UA/Plc/Applications;s=FastRandomUIntScalar2":{"Value":{"Type":7,"Body":1169482915},"SourceTimestamp":"2024-04-27T12:24:12.6250482Z"},"nsu=http://opcfoundation.org/UA/Plc/Applications;s=FastRandomUIntScalar3":{"Value":{"Type":7,"Body":2612101818},"SourceTimestamp":"2024-04-27T12:24:12.6250531Z"}}}]}