{"MessageId":"1a6567cc-0631-409f-9462-77ac4844fe2b","MessageType":"ua-data","PublisherId":"DESKTOP-BGFJS91","DataSetWriterGroup":"<<UnknownWriterGroup>>","Messages":[{"MetaDataVersion":{"MajorVersion":1},"MessageType":"ua-deltaframe","DataSetWriterName":"Test","Payload":{"nsu=http://opcfoundation.org/UA/Plc/Applications;s=FastUIntScalar2":{"Value":{"Type":7,"Body":53},"SourceTimestamp":"2024-04-27T12:24:13.6151775Z"},"nsu=http://opcfoundation.org/UA/Plc/Applications;s=FastUIntScalar3":{"Value":{"Type":7,"Body":53},"SourceTimestamp":"2024-04-27T12:24:13.6151833Z"},"nsu=http://opcfoundation.org/UA/Plc/Applications;s=FastRandomUIntScalar1":{"Value":{"Type":7,"Body":3798076271},"SourceTimestamp":"2024-04-27T12:24:13.6151201Z"},"nsu=http://opcfoundation.org/UA/Plc/Applications;s=FastRandomUIntScalar2":{"Value":{"Type":7,"Body":3671503699},"SourceTimestamp":"2024-04-27T12:24:13.6152038Z"},"nsu=http://opcfoundation.org/UA/Plc/Applications;s=FastRandomUIntScalar3":{"Value":{"Type":7,"Body":2790214706},"SourceTimestamp":"2024-04-27T12:24:13.6152085Z"}}}]}