{"MessageId":"cacfe588-dd15-4dc1-88bc-a00e1ba8f4f1","MessageType":"ua-data","PublisherId":"DESKTOP-BGFJS91","DataSetWriterGroup":"<<UnknownWriterGroup>>","Messages":[{"MetaDataVersion":{"MajorVersion":1},"MessageType":"ua-deltaframe","DataSetWriterName":"Test","Payload":{"nsu=http://opcfoundation.org/UA/Plc/Applications;s=FastUIntScalar2":{"Value":{"Type":7,"Body":54},"SourceTimestamp":"2024-04-27T12:24:14.6243916Z"},"nsu=http://opcfoundation.org/UA/Plc/Applications;s=FastUIntScalar3":{"Value":{"Type":7,"Body":54},"SourceTimestamp":"2024-04-27T12:24:14.6244063Z"},"nsu=http://opcfoundation.org/UA/Plc/Applications;s=FastRandomUIntScalar1":{"Value":{"Type":7,"Body":2864912241},"SourceTimestamp":"2024-04-27T12:24:14.6243902Z"},"nsu=http://opcfoundation.org/UA/Plc/Applications;s=FastRandomUIntScalar2":{"Value":{"Type":7,"Body":372138662},"SourceTimestamp":"2024-04-27T12:24:14.6244048Z"},"nsu=http://opcfoundation.org/UA/Plc/Applications;s=FastRandomUIntScalar3":{"Value":{"Type":7,"Body":1988768501},"SourceTimestamp":"2024-04-27T12:24:14.6244092Z"}}}]}