{"MessageId":"fe1807e4-8aec-4d95-8d34-829009cb708c","MessageType":"ua-data","PublisherId":"DESKTOP-BGFJS91","DataSetWriterGroup":"<<UnknownWriterGroup>>","Messages":[{"MetaDataVersion":{"MajorVersion":1},"MessageType":"ua-deltaframe","DataSetWriterName":"Test","Payload":{"nsu=http://opcfoundation.org/UA/Plc/Applications;s=FastUIntScalar2":{"Value":{"Type":7,"Body":55},"SourceTimestamp":"2024-04-27T12:24:15.6187111Z"},"nsu=http://opcfoundation.org/UA/Plc/Applications;s=FastUIntScalar3":{"Value":{"Type":7,"Body":55},"SourceTimestamp":"2024-04-27T12:24:15.6187256Z"},"nsu=http://opcfoundation.org/UA/Plc/Applications;s=FastRandomUIntScalar1":{"Value":{"Type":7,"Body":1856864849},"SourceTimestamp":"2024-04-27T12:24:15.6187044Z"},"nsu=http://opcfoundation.org/UA/Plc/Applications;s=FastRandomUIntScalar2":{"Value":{"Type":7,"Body":3382433005},"SourceTimestamp":"2024-04-27T12:24:15.6187172Z"},"nsu=http://opcfoundation.org/UA/Plc/Applications;s=FastRandomUIntScalar3":{"Value":{"Type":7,"Body":3289392600},"SourceTimestamp":"2024-04-27T12:24:15.6187266Z"}}}]}