{"MessageId":"e669f150-85db-4d41-9462-5ba13312be1a","MessageType":"ua-data","PublisherId":"DESKTOP-BGFJS91","DataSetWriterGroup":"<<UnknownWriterGroup>>","Messages":[{"MetaDataVersion":{"MajorVersion":1},"MessageType":"ua-deltaframe","DataSetWriterName":"Test","Payload":{"nsu=http://opcfoundation.org/UA/Plc/Applications;s=FastUIntScalar2":{"Value":{"Type":7,"Body":58},"SourceTimestamp":"2024-04-27T12:24:18.6143871Z"},"nsu=http://opcfoundation.org/UA/Plc/Applications;s=FastUIntScalar3":{"Value":{"Type":7,"Body":58},"SourceTimestamp":"2024-04-27T12:24:18.6143984Z"},"nsu=http://opcfoundation.org/UA/Plc/Applications;s=FastRandomUIntScalar1":{"Value":{"Type":7,"Body":4006757826},"SourceTimestamp":"2024-04-27T12:24:18.6143768Z"},"nsu=http://opcfoundation.org/UA/Plc/Applications;s=FastRandomUIntScalar2":{"Value":{"Type":7,"Body":682049530},"SourceTimestamp":"2024-04-27T12:24:18.6143933Z"},"nsu=http://opcfoundation.org/UA/Plc/Applications;s=FastRandomUIntScalar3":{"Value":{"Type":7,"Body":1398278671},"SourceTimestamp":"2024-04-27T12:24:18.6143951Z"}}}]}