{"MessageId":"474641f5-8be4-436c-aafc-600101217a3f","MessageType":"ua-data","PublisherId":"DESKTOP-BGFJS91","DataSetWriterGroup":"<<UnknownWriterGroup>>","Messages":[{"MetaDataVersion":{"MajorVersion":1},"MessageType":"ua-deltaframe","DataSetWriterName":"Test","Payload":{"nsu=http://opcfoundation.org/UA/Plc/Applications;s=FastUIntScalar2":{"Value":{"Type":7,"Body":61},"SourceTimestamp":"2024-04-27T12:24:21.6205986Z"},"nsu=http://opcfoundation.org/UA/Plc/Applications;s=FastUIntScalar3":{"Value":{"Type":7,"Body":61},"SourceTimestamp":"2024-04-27T12:24:21.620616Z"},"nsu=http://opcfoundation.org/UA/Plc/Applications;s=FastRandomUIntScalar1":{"Value":{"Type":7,"Body":4292144031},"SourceTimestamp":"2024-04-27T12:24:21.6205889Z"},"nsu=http://opcfoundation.org/UA/Plc/Applications;s=FastRandomUIntScalar2":{"Value":{"Type":7,"Body":592665384},"SourceTimestamp":"2024-04-27T12:24:21.6206126Z"},"nsu=http://opcfoundation.org/UA/Plc/Applications;s=FastRandomUIntScalar3":{"Value":{"Type":7,"Body":3131419280},"SourceTimestamp":"2024-04-27T12:24:21.6206174Z"}}}]}