{"MessageId":"6078d8e3-85e7-48e6-a192-5a35222b7a1e","MessageType":"ua-data","PublisherId":"DESKTOP-BGFJS91","DataSetWriterGroup":"<<UnknownWriterGroup>>","Messages":[{"MetaDataVersion":{"MajorVersion":1},"MessageType":"ua-deltaframe","DataSetWriterName":"Test","Payload":{"nsu=http://opcfoundation.org/UA/Plc/Applications;s=FastUIntScalar2":{"Value":{"Type":7,"Body":63},"SourceTimestamp":"2024-04-27T12:24:23.626522Z"},"nsu=http://opcfoundation.org/UA/Plc/Applications;s=FastUIntScalar3":{"Value":{"Type":7,"Body":63},"SourceTimestamp":"2024-04-27T12:24:23.6265241Z"},"nsu=http://opcfoundation.org/UA/Plc/Applications;s=FastRandomUIntScalar1":{"Value":{"Type":7,"Body":516441509},"SourceTimestamp":"2024-04-27T12:24:23.6265033Z"},"nsu=http://opcfoundation.org/UA/Plc/Applications;s=FastRandomUIntScalar2":{"Value":{"Type":7,"Body":2509167372},"SourceTimestamp":"2024-04-27T12:24:23.6265198Z"},"nsu=http://opcfoundation.org/UA/Plc/Applications;s=FastRandomUIntScalar3":{"Value":{"Type":7,"Body":4245579620},"SourceTimestamp":"2024-04-27T12:24:23.626523Z"}}}]}