{"MessageId":"beff7133-3489-47d3-b892-2f2299a3fa4e","MessageType":"ua-data","PublisherId":"DESKTOP-BGFJS91","DataSetWriterGroup":"<<UnknownWriterGroup>>","Messages":[{"MetaDataVersion":{"MajorVersion":1},"MessageType":"ua-deltaframe","DataSetWriterName":"Test","Payload":{"nsu=http://opcfoundation.org/UA/Plc/Applications;s=FastUIntScalar2":{"Value":{"Type":7,"Body":68},"SourceTimestamp":"2024-04-27T12:24:28.6247049Z"},"nsu=http://opcfoundation.org/UA/Plc/Applications;s=FastUIntScalar3":{"Value":{"Type":7,"Body":68},"SourceTimestamp":"2024-04-27T12:24:28.624707Z"},"nsu=http://opcfoundation.org/UA/Plc/Applications;s=FastRandomUIntScalar1":{"Value":{"Type":7,"Body":2876008862},"SourceTimestamp":"2024-04-27T12:24:28.6246892Z"},"nsu=http://opcfoundation.org/UA/Plc/Applications;s=FastRandomUIntScalar2":{"Value":{"Type":7,"Body":1260975759},"SourceTimestamp":"2024-04-27T12:24:28.6246993Z"},"nsu=http://opcfoundation.org/UA/Plc/Applications;s=FastRandomUIntScalar3":{"Value":{"Type":7,"Body":3220857027},"SourceTimestamp":"2024-04-27T12:24:28.6247059Z"}}}]}