{"MessageId":"76eb3efc-b137-4899-beb4-069670b3386a","MessageType":"ua-data","PublisherId":"DESKTOP-BGFJS91","DataSetWriterGroup":"<<UnknownWriterGroup>>","Messages":[{"MetaDataVersion":{"MajorVersion":1},"MessageType":"ua-deltaframe","DataSetWriterName":"Packaging","Payload":{"nsu=http://opcfoundation.org/UA/Plc/Applications;s=SlowRandomUIntScalar1":{"Value":{"Type":7,"Body":3502482597},"SourceTimestamp":"2024-04-27T12:24:30.6286035Z"},"nsu=http://opcfoundation.org/UA/Plc/Applications;s=SlowRandomUIntScalar2":{"Value":{"Type":7,"Body":3097474484},"SourceTimestamp":"2024-04-27T12:24:30.628621Z"},"nsu=http://opcfoundation.org/UA/Plc/Applications;s=SlowRandomUIntScalar3":{"Value":{"Type":7,"Body":3904362606},"SourceTimestamp":"2024-04-27T12:24:30.6286373Z"},"nsu=http://opcfoundation.org/UA/Plc/Applications;s=BadSlowRandomUIntScalar1":{"Value":{"Type":7,"Body":3489778057},"SourceTimestamp":"2024-04-27T12:24:30.6286396Z"}}}]}