{"MessageId":"80872255-66f4-473d-b8c7-2431740afc1c","MessageType":"ua-data","PublisherId":"DESKTOP-BGFJS91","DataSetWriterGroup":"<<UnknownWriterGroup>>","Messages":[{"MetaDataVersion":{"MajorVersion":1},"MessageType":"ua-deltaframe","DataSetWriterName":"Test","Payload":{"nsu=http://opcfoundation.org/UA/Plc/Applications;s=FastUIntScalar2":{"Value":{"Type":7,"Body":71},"SourceTimestamp":"2024-04-27T12:24:31.6163691Z"},"nsu=http://opcfoundation.org/UA/Plc/Applications;s=FastUIntScalar3":{"Value":{"Type":7,"Body":71},"SourceTimestamp":"2024-04-27T12:24:31.6163759Z"},"nsu=http://opcfoundation.org/UA/Plc/Applications;s=FastRandomUIntScalar1":{"Value":{"Type":7,"Body":4040104459},"SourceTimestamp":"2024-04-27T12:24:31.6163601Z"},"nsu=http://opcfoundation.org/UA/Plc/Applications;s=FastRandomUIntScalar2":{"Value":{"Type":7,"Body":2963485660},"SourceTimestamp":"2024-04-27T12:24:31.6163743Z"},"nsu=http://opcfoundation.org/UA/Plc/Applications;s=FastRandomUIntScalar3":{"Value":{"Type":7,"Body":1649245990},"SourceTimestamp":"2024-04-27T12:24:31.6163769Z"}}}]}