{"MessageId":"e1ac7a4b-4e2b-46db-8c04-3fe592b2a897","MessageType":"ua-data","PublisherId":"DESKTOP-BGFJS91","DataSetWriterGroup":"<<UnknownWriterGroup>>","Messages":[{"MetaDataVersion":{"MajorVersion":1},"MessageType":"ua-deltaframe","DataSetWriterName":"Packaging","Payload":{"nsu=http://opcfoundation.org/UA/Plc/Applications;s=SlowRandomUIntScalar1":{"Value":{"Type":7,"Body":1085537565},"SourceTimestamp":"2024-04-27T12:24:40.6267152Z"},"nsu=http://opcfoundation.org/UA/Plc/Applications;s=SlowRandomUIntScalar2":{"Value":{"Type":7,"Body":3416738387},"SourceTimestamp":"2024-04-27T12:24:40.6267371Z"},"nsu=http://opcfoundation.org/UA/Plc/Applications;s=SlowRandomUIntScalar3":{"Value":{"Type":7,"Body":262157493},"SourceTimestamp":"2024-04-27T12:24:40.6267409Z"},"nsu=http://opcfoundation.org/UA/Plc/Applications;s=BadSlowRandomUIntScalar1":{"Value":{"Type":7,"Body":2199126830},"StatusCode":1083179008,"SourceTimestamp":"2024-04-27T12:24:40.6267459Z"}}}]}