{"MessageId":"ec60a336-666d-4203-a915-cea3180a1365","MessageType":"ua-data","PublisherId":"DESKTOP-BGFJS91","DataSetWriterGroup":"<<UnknownWriterGroup>>","Messages":[{"MetaDataVersion":{"MajorVersion":1},"MessageType":"ua-deltaframe","DataSetWriterName":"Test","Payload":{"nsu=http://opcfoundation.org/UA/Plc/Applications;s=FastUIntScalar2":{"Value":{"Type":7,"Body":81},"SourceTimestamp":"2024-04-27T12:24:41.6216539Z"},"nsu=http://opcfoundation.org/UA/Plc/Applications;s=FastUIntScalar3":{"Value":{"Type":7,"Body":81},"SourceTimestamp":"2024-04-27T12:24:41.6216557Z"},"nsu=http://opcfoundation.org/UA/Plc/Applications;s=FastRandomUIntScalar1":{"Value":{"Type":7,"Body":2296049813},"SourceTimestamp":"2024-04-27T12:24:41.6216556Z"},"nsu=http://opcfoundation.org/UA/Plc/Applications;s=FastRandomUIntScalar2":{"Value":{"Type":7,"Body":4191325113},"SourceTimestamp":"2024-04-27T12:24:41.6216627Z"},"nsu=http://opcfoundation.org/UA/Plc/Applications;s=FastRandomUIntScalar3":{"Value":{"Type":7,"Body":2204061087},"SourceTimestamp":"2024-04-27T12:24:41.6216643Z"}}}]}