{"MessageId":"57ec1352-fae3-4066-b505-4b2116c860b5","MessageType":"ua-data","PublisherId":"DESKTOP-BGFJS91","DataSetWriterGroup":"<<UnknownWriterGroup>>","Messages":[{"MetaDataVersion":{"MajorVersion":1},"MessageType":"ua-deltaframe","DataSetWriterName":"Test","Payload":{"nsu=http://opcfoundation.org/UA/Plc/Applications;s=FastUIntScalar2":{"Value":{"Type":7,"Body":86},"SourceTimestamp":"2024-04-27T12:24:46.6163392Z"},"nsu=http://opcfoundation.org/UA/Plc/Applications;s=FastUIntScalar3":{"Value":{"Type":7,"Body":86},"SourceTimestamp":"2024-04-27T12:24:46.6163416Z"},"nsu=http://opcfoundation.org/UA/Plc/Applications;s=FastRandomUIntScalar1":{"Value":{"Type":7,"Body":225356950},"SourceTimestamp":"2024-04-27T12:24:46.6163423Z"},"nsu=http://opcfoundation.org/UA/Plc/Applications;s=FastRandomUIntScalar2":{"Value":{"Type":7,"Body":1576773409},"SourceTimestamp":"2024-04-27T12:24:46.6163513Z"},"nsu=http://opcfoundation.org/UA/Plc/Applications;s=FastRandomUIntScalar3":{"Value":{"Type":7,"Body":2339163613},"SourceTimestamp":"2024-04-27T12:24:46.616353Z"}}}]}