{"MessageId":"fb02b855-0a02-4824-b242-54c55508601b","MessageType":"ua-data","PublisherId":"DESKTOP-BGFJS91","DataSetWriterGroup":"<<UnknownWriterGroup>>","Messages":[{"MetaDataVersion":{"MajorVersion":1},"MessageType":"ua-deltaframe","DataSetWriterName":"Test","Payload":{"nsu=http://opcfoundation.org/UA/Plc/Applications;s=FastUIntScalar2":{"Value":{"Type":7,"Body":87},"SourceTimestamp":"2024-04-27T12:24:47.6155525Z"},"nsu=http://opcfoundation.org/UA/Plc/Applications;s=FastUIntScalar3":{"Value":{"Type":7,"Body":87},"SourceTimestamp":"2024-04-27T12:24:47.6155547Z"},"nsu=http://opcfoundation.org/UA/Plc/Applications;s=FastRandomUIntScalar1":{"Value":{"Type":7,"Body":4135359322},"SourceTimestamp":"2024-04-27T12:24:47.615555Z"},"nsu=http://opcfoundation.org/UA/Plc/Applications;s=FastRandomUIntScalar2":{"Value":{"Type":7,"Body":144291337},"SourceTimestamp":"2024-04-27T12:24:47.6155633Z"},"nsu=http://opcfoundation.org/UA/Plc/Applications;s=FastRandomUIntScalar3":{"Value":{"Type":7,"Body":1859530862},"SourceTimestamp":"2024-04-27T12:24:47.6155826Z"}}}]}