{"MessageId":"f554ce72-1d0c-41a7-91c0-2f207e19bcb4","MessageType":"ua-data","PublisherId":"DESKTOP-BGFJS91","DataSetWriterGroup":"<<UnknownWriterGroup>>","Messages":[{"MetaDataVersion":{"MajorVersion":1},"MessageType":"ua-deltaframe","DataSetWriterName":"Test","Payload":{"nsu=http://opcfoundation.org/UA/Plc/Applications;s=FastUIntScalar2":{"Value":{"Type":7,"Body":88},"SourceTimestamp":"2024-04-27T12:24:48.6184665Z"},"nsu=http://opcfoundation.org/UA/Plc/Applications;s=FastUIntScalar3":{"Value":{"Type":7,"Body":88},"SourceTimestamp":"2024-04-27T12:24:48.6184717Z"},"nsu=http://opcfoundation.org/UA/Plc/Applications;s=FastRandomUIntScalar1":{"Value":{"Type":7,"Body":7306886},"SourceTimestamp":"2024-04-27T12:24:48.6184754Z"},"nsu=http://opcfoundation.org/UA/Plc/Applications;s=FastRandomUIntScalar2":{"Value":{"Type":7,"Body":2991719193},"SourceTimestamp":"2024-04-27T12:24:48.61851Z"},"nsu=http://opcfoundation.org/UA/Plc/Applications;s=FastRandomUIntScalar3":{"Value":{"Type":7,"Body":3125739784},"SourceTimestamp":"2024-04-27T12:24:48.6185225Z"}}}]}