{"MessageId":"3704d2a7-992a-4330-a316-3586b7acfcb0","MessageType":"ua-data","PublisherId":"DESKTOP-BGFJS91","DataSetWriterGroup":"<<UnknownWriterGroup>>","Messages":[{"MetaDataVersion":{"MajorVersion":1},"MessageType":"ua-deltaframe","DataSetWriterName":"Test","Payload":{"nsu=http://opcfoundation.org/UA/Plc/Applications;s=FastUIntScalar2":{"Value":{"Type":7,"Body":91},"SourceTimestamp":"2024-04-27T12:24:51.6241864Z"},"nsu=http://opcfoundation.org/UA/Plc/Applications;s=FastUIntScalar3":{"Value":{"Type":7,"Body":91},"SourceTimestamp":"2024-04-27T12:24:51.624189Z"},"nsu=http://opcfoundation.org/UA/Plc/Applications;s=FastRandomUIntScalar1":{"Value":{"Type":7,"Body":3402051409},"SourceTimestamp":"2024-04-27T12:24:51.6241693Z"},"nsu=http://opcfoundation.org/UA/Plc/Applications;s=FastRandomUIntScalar2":{"Value":{"Type":7,"Body":2928524700},"SourceTimestamp":"2024-04-27T12:24:51.6241796Z"},"nsu=http://opcfoundation.org/UA/Plc/Applications;s=FastRandomUIntScalar3":{"Value":{"Type":7,"Body":788617953},"SourceTimestamp":"2024-04-27T12:24:51.6241875Z"}}}]}