{"MessageId":"1deb0b06-e124-4b92-8c79-1cec71f38d1f","MessageType":"ua-data","PublisherId":"DESKTOP-BGFJS91","DataSetWriterGroup":"<<UnknownWriterGroup>>","Messages":[{"MetaDataVersion":{"MajorVersion":1},"MessageType":"ua-deltaframe","DataSetWriterName":"Assembly","Payload":{"nsu=http://opcfoundation.org/UA/Plc/Applications;s=SlowUIntScalar1":{"Value":{"Type":7,"Body":1},"SourceTimestamp":"2024-04-27T12:23:30.6267084Z"},"nsu=http://opcfoundation.org/UA/Plc/Applications;s=SlowUIntScalar2":{"Value":{"Type":7,"Body":1},"SourceTimestamp":"2024-04-27T12:23:30.6267214Z"},"nsu=http://opcfoundation.org/UA/Plc/Applications;s=SlowUIntScalar3":{"Value":{"Type":7,"Body":1},"SourceTimestamp":"2024-04-27T12:23:30.6267323Z"},"nsu=http://opcfoundation.org/UA/Plc/Applications;s=BadSlowUIntScalar1":{"Value":{"Type":7,"Body":1},"SourceTimestamp":"2024-04-27T12:23:30.6267347Z"}}}]}