{"MessageId":"3f483c76-dae5-4585-bad9-4303ae370e64","MessageType":"ua-data","PublisherId":"DESKTOP-BGFJS91","DataSetWriterGroup":"<<UnknownWriterGroup>>","Messages":[{"MetaDataVersion":{"MajorVersion":1},"MessageType":"ua-deltaframe","DataSetWriterName":"Test","Payload":{"nsu=http://opcfoundation.org/UA/Plc/Applications;s=FastUIntScalar2":{"Value":{"Type":7,"Body":1},"SourceTimestamp":"2024-04-27T12:23:21.6144927Z"},"nsu=http://opcfoundation.org/UA/Plc/Applications;s=FastUIntScalar3":{"Value":{"Type":7,"Body":1},"SourceTimestamp":"2024-04-27T12:23:21.6144954Z"},"nsu=http://opcfoundation.org/UA/Plc/Applications;s=FastRandomUIntScalar1":{"Value":{"Type":7,"Body":1076926435},"SourceTimestamp":"2024-04-27T12:23:21.6144932Z"},"nsu=http://opcfoundation.org/UA/Plc/Applications;s=FastRandomUIntScalar2":{"Value":{"Type":7,"Body":1353119710},"SourceTimestamp":"2024-04-27T12:23:21.6145014Z"},"nsu=http://opcfoundation.org/UA/Plc/Applications;s=FastRandomUIntScalar3":{"Value":{"Type":7,"Body":3600625519},"SourceTimestamp":"2024-04-27T12:23:21.6145039Z"}}}]}