{"MessageId":"2c4a2736-07f7-4c24-858a-ef01b792bfa7","MessageType":"ua-data","PublisherId":"DESKTOP-BGFJS91","DataSetWriterGroup":"<<UnknownWriterGroup>>","Messages":[{"MetaDataVersion":{"MajorVersion":1},"MessageType":"ua-deltaframe","DataSetWriterName":"Test","Payload":{"nsu=http://opcfoundation.org/UA/Plc/Applications;s=FastUIntScalar2":{"Value":{"Type":7,"Body":100},"SourceTimestamp":"2024-04-27T12:25:00.6262468Z"},"nsu=http://opcfoundation.org/UA/Plc/Applications;s=FastUIntScalar3":{"Value":{"Type":7,"Body":100},"SourceTimestamp":"2024-04-27T12:25:00.6262492Z"},"nsu=http://opcfoundation.org/UA/Plc/Applications;s=FastRandomUIntScalar1":{"Value":{"Type":7,"Body":2047426036},"SourceTimestamp":"2024-04-27T12:25:00.6262479Z"},"nsu=http://opcfoundation.org/UA/Plc/Applications;s=FastRandomUIntScalar2":{"Value":{"Type":7,"Body":215913203},"SourceTimestamp":"2024-04-27T12:25:00.6262536Z"},"nsu=http://opcfoundation.org/UA/Plc/Applications;s=FastRandomUIntScalar3":{"Value":{"Type":7,"Body":266016082},"SourceTimestamp":"2024-04-27T12:25:00.6262551Z"}}}]}