{"MessageId":"7f200b72-cf9d-4dcc-9c22-f3edd9605ef0","MessageType":"ua-data","PublisherId":"DESKTOP-BGFJS91","DataSetWriterGroup":"<<UnknownWriterGroup>>","Messages":[{"MetaDataVersion":{"MajorVersion":1},"MessageType":"ua-deltaframe","DataSetWriterName":"Test","Payload":{"nsu=http://opcfoundation.org/UA/Plc/Applications;s=FastUIntScalar2":{"Value":{"Type":7,"Body":105},"SourceTimestamp":"2024-04-27T12:25:05.6175617Z"},"nsu=http://opcfoundation.org/UA/Plc/Applications;s=FastUIntScalar3":{"Value":{"Type":7,"Body":105},"SourceTimestamp":"2024-04-27T12:25:05.6176127Z"},"nsu=http://opcfoundation.org/UA/Plc/Applications;s=FastRandomUIntScalar1":{"Value":{"Type":7,"Body":4176746862},"SourceTimestamp":"2024-04-27T12:25:05.6175576Z"},"nsu=http://opcfoundation.org/UA/Plc/Applications;s=FastRandomUIntScalar2":{"Value":{"Type":7,"Body":764934058},"SourceTimestamp":"2024-04-27T12:25:05.6176003Z"},"nsu=http://opcfoundation.org/UA/Plc/Applications;s=FastRandomUIntScalar3":{"Value":{"Type":7,"Body":3672336398},"SourceTimestamp":"2024-04-27T12:25:05.6176024Z"}}}]}