{"MessageId":"6f2cac0a-3c3d-48e0-ab2e-19811d816229","MessageType":"ua-data","PublisherId":"DESKTOP-BGFJS91","DataSetWriterGroup":"<<UnknownWriterGroup>>","Messages":[{"MetaDataVersion":{"MajorVersion":1},"MessageType":"ua-deltaframe","DataSetWriterName":"Test","Payload":{"nsu=http://opcfoundation.org/UA/Plc/Applications;s=FastUIntScalar2":{"Value":{"Type":7,"Body":106},"SourceTimestamp":"2024-04-27T12:25:06.6241336Z"},"nsu=http://opcfoundation.org/UA/Plc/Applications;s=FastUIntScalar3":{"Value":{"Type":7,"Body":106},"SourceTimestamp":"2024-04-27T12:25:06.6241366Z"},"nsu=http://opcfoundation.org/UA/Plc/Applications;s=FastRandomUIntScalar1":{"Value":{"Type":7,"Body":2798752314},"SourceTimestamp":"2024-04-27T12:25:06.6241658Z"},"nsu=http://opcfoundation.org/UA/Plc/Applications;s=FastRandomUIntScalar2":{"Value":{"Type":7,"Body":806367528},"SourceTimestamp":"2024-04-27T12:25:06.6241809Z"},"nsu=http://opcfoundation.org/UA/Plc/Applications;s=FastRandomUIntScalar3":{"Value":{"Type":7,"Body":1526850612},"SourceTimestamp":"2024-04-27T12:25:06.6241849Z"}}}]}