{"MessageId":"9e8f7234-9377-464d-b678-8f2ad185d51d","MessageType":"ua-data","PublisherId":"DESKTOP-BGFJS91","DataSetWriterGroup":"<<UnknownWriterGroup>>","Messages":[{"MetaDataVersion":{"MajorVersion":1},"MessageType":"ua-deltaframe","DataSetWriterName":"Test","Payload":{"nsu=http://opcfoundation.org/UA/Plc/Applications;s=FastUIntScalar2":{"Value":{"Type":7,"Body":116},"SourceTimestamp":"2024-04-27T12:25:16.6191958Z"},"nsu=http://opcfoundation.org/UA/Plc/Applications;s=FastUIntScalar3":{"Value":{"Type":7,"Body":116},"SourceTimestamp":"2024-04-27T12:25:16.6192Z"},"nsu=http://opcfoundation.org/UA/Plc/Applications;s=FastRandomUIntScalar1":{"Value":{"Type":7,"Body":1481395849},"SourceTimestamp":"2024-04-27T12:25:16.6192039Z"},"nsu=http://opcfoundation.org/UA/Plc/Applications;s=FastRandomUIntScalar2":{"Value":{"Type":7,"Body":317545419},"SourceTimestamp":"2024-04-27T12:25:16.6192397Z"},"nsu=http://opcfoundation.org/UA/Plc/Applications;s=FastRandomUIntScalar3":{"Value":{"Type":7,"Body":3162912006},"SourceTimestamp":"2024-04-27T12:25:16.6192434Z"}}}]}