{"MessageId":"09ca697e-5ab4-4eda-8b13-0b7b1599a701","MessageType":"ua-data","PublisherId":"DESKTOP-BGFJS91","DataSetWriterGroup":"<<UnknownWriterGroup>>","Messages":[{"MetaDataVersion":{"MajorVersion":1},"MessageType":"ua-deltaframe","DataSetWriterName":"Test","Payload":{"nsu=http://opcfoundation.org/UA/Plc/Applications;s=FastUIntScalar2":{"Value":{"Type":7,"Body":117},"SourceTimestamp":"2024-04-27T12:25:17.6154681Z"},"nsu=http://opcfoundation.org/UA/Plc/Applications;s=FastUIntScalar3":{"Value":{"Type":7,"Body":117},"SourceTimestamp":"2024-04-27T12:25:17.615472Z"},"nsu=http://opcfoundation.org/UA/Plc/Applications;s=FastRandomUIntScalar1":{"Value":{"Type":7,"Body":1407254175},"SourceTimestamp":"2024-04-27T12:25:17.6154739Z"},"nsu=http://opcfoundation.org/UA/Plc/Applications;s=FastRandomUIntScalar2":{"Value":{"Type":7,"Body":1479712928},"SourceTimestamp":"2024-04-27T12:25:17.6154904Z"},"nsu=http://opcfoundation.org/UA/Plc/Applications;s=FastRandomUIntScalar3":{"Value":{"Type":7,"Body":3949686028},"SourceTimestamp":"2024-04-27T12:25:17.615493Z"}}}]}