{"MessageId":"9c0fa687-c3f5-45c3-b2c6-4493574ca222","MessageType":"ua-data","PublisherId":"DESKTOP-BGFJS91","DataSetWriterGroup":"<<UnknownWriterGroup>>","Messages":[{"MetaDataVersion":{"MajorVersion":1},"MessageType":"ua-deltaframe","DataSetWriterName":"Test","Payload":{"nsu=http://opcfoundation.org/UA/Plc/Applications;s=FastUIntScalar2":{"Value":{"Type":7,"Body":20},"SourceTimestamp":"2024-04-27T12:23:40.6158066Z"},"nsu=http://opcfoundation.org/UA/Plc/Applications;s=FastUIntScalar3":{"Value":{"Type":7,"Body":20},"SourceTimestamp":"2024-04-27T12:23:40.6158093Z"},"nsu=http://opcfoundation.org/UA/Plc/Applications;s=FastRandomUIntScalar1":{"Value":{"Type":7,"Body":1999711958},"SourceTimestamp":"2024-04-27T12:23:40.6158082Z"},"nsu=http://opcfoundation.org/UA/Plc/Applications;s=FastRandomUIntScalar2":{"Value":{"Type":7,"Body":2049345182},"SourceTimestamp":"2024-04-27T12:23:40.6158131Z"},"nsu=http://opcfoundation.org/UA/Plc/Applications;s=FastRandomUIntScalar3":{"Value":{"Type":7,"Body":908383990},"SourceTimestamp":"2024-04-27T12:23:40.6158155Z"}}}]}