{"MessageId":"8be6ae63-ad1d-4d40-918d-9ec971ac511a","MessageType":"ua-data","PublisherId":"DESKTOP-BGFJS91","DataSetWriterGroup":"<<UnknownWriterGroup>>","Messages":[{"MetaDataVersion":{"MajorVersion":1},"MessageType":"ua-deltaframe","DataSetWriterName":"Test","Payload":{"nsu=http://opcfoundation.org/UA/Plc/Applications;s=FastUIntScalar2":{"Value":{"Type":7,"Body":21},"SourceTimestamp":"2024-04-27T12:23:41.6163378Z"},"nsu=http://opcfoundation.org/UA/Plc/Applications;s=FastUIntScalar3":{"Value":{"Type":7,"Body":21},"SourceTimestamp":"2024-04-27T12:23:41.6163399Z"},"nsu=http://opcfoundation.org/UA/Plc/Applications;s=FastRandomUIntScalar1":{"Value":{"Type":7,"Body":2784794494},"SourceTimestamp":"2024-04-27T12:23:41.6163712Z"},"nsu=http://opcfoundation.org/UA/Plc/Applications;s=FastRandomUIntScalar2":{"Value":{"Type":7,"Body":4015333887},"SourceTimestamp":"2024-04-27T12:23:41.6163857Z"},"nsu=http://opcfoundation.org/UA/Plc/Applications;s=FastRandomUIntScalar3":{"Value":{"Type":7,"Body":589643294},"SourceTimestamp":"2024-04-27T12:23:41.61641Z"}}}]}