{"MessageId":"b6437cd7-ced2-4782-9b02-35383df5bf4e","MessageType":"ua-data","PublisherId":"DESKTOP-BGFJS91","DataSetWriterGroup":"<<UnknownWriterGroup>>","Messages":[{"MetaDataVersion":{"MajorVersion":1},"MessageType":"ua-deltaframe","DataSetWriterName":"MES","Payload":{"nsu=http://opcfoundation.org/UA/Plc/Applications;s=StepUp":{"Value":{"Type":7,"Body":228},"SourceTimestamp":"2024-04-27T12:23:43.4236839Z"},"nsu=http://opcfoundation.org/UA/Plc/Applications;s=RandomSignedInt32":{"Value":{"Type":6,"Body":324109198},"SourceTimestamp":"2024-04-27T12:23:43.4237006Z"},"nsu=http://opcfoundation.org/UA/Plc/Applications;s=RandomUnsignedInt32":{"Value":{"Type":7,"Body":1527078008},"SourceTimestamp":"2024-04-27T12:23:43.423714Z"},"nsu=http://opcfoundation.org/UA/Plc/Applications;s=DipData":{"Value":{"Type":11,"Body":24.868988716485482},"SourceTimestamp":"2024-04-27T12:23:43.4237151Z"},"nsu=http://opcfoundation.org/UA/Plc/Applications;s=FastUIntScalar1":{"Value":{"Type":7,"Body":22},"SourceTimestamp":"2024-04-27T12:23:42.6171886Z"}}}]}