{"MessageId":"9c9a3a2b-07a4-41eb-8798-ab44b126e55e","MessageType":"ua-data","PublisherId":"DESKTOP-BGFJS91","DataSetWriterGroup":"<<UnknownWriterGroup>>","Messages":[{"MetaDataVersion":{"MajorVersion":1},"MessageType":"ua-deltaframe","DataSetWriterName":"Test","Payload":{"nsu=http://opcfoundation.org/UA/Plc/Applications;s=FastUIntScalar2":{"Value":{"Type":7,"Body":24},"SourceTimestamp":"2024-04-27T12:23:44.6226492Z"},"nsu=http://opcfoundation.org/UA/Plc/Applications;s=FastUIntScalar3":{"Value":{"Type":7,"Body":24},"SourceTimestamp":"2024-04-27T12:23:44.6226521Z"},"nsu=http://opcfoundation.org/UA/Plc/Applications;s=FastRandomUIntScalar1":{"Value":{"Type":7,"Body":1100762305},"SourceTimestamp":"2024-04-27T12:23:44.6226085Z"},"nsu=http://opcfoundation.org/UA/Plc/Applications;s=FastRandomUIntScalar2":{"Value":{"Type":7,"Body":2259138850},"SourceTimestamp":"2024-04-27T12:23:44.622628Z"},"nsu=http://opcfoundation.org/UA/Plc/Applications;s=FastRandomUIntScalar3":{"Value":{"Type":7,"Body":762813189},"SourceTimestamp":"2024-04-27T12:23:44.6226507Z"}}}]}