{"MessageId":"6356ef1c-3fea-4412-9576-f78d19c94f0c","MessageType":"ua-data","PublisherId":"DESKTOP-BGFJS91","DataSetWriterGroup":"<<UnknownWriterGroup>>","Messages":[{"MetaDataVersion":{"MajorVersion":1},"MessageType":"ua-deltaframe","DataSetWriterName":"Packaging","Payload":{"nsu=http://opcfoundation.org/UA/Plc/Applications;s=SlowRandomUIntScalar1":{"Value":{"Type":7,"Body":215619239},"SourceTimestamp":"2024-04-27T12:23:50.6263727Z"},"nsu=http://opcfoundation.org/UA/Plc/Applications;s=SlowRandomUIntScalar2":{"Value":{"Type":7,"Body":3589530917},"SourceTimestamp":"2024-04-27T12:23:50.6263871Z"},"nsu=http://opcfoundation.org/UA/Plc/Applications;s=SlowRandomUIntScalar3":{"Value":{"Type":7,"Body":2831407894},"SourceTimestamp":"2024-04-27T12:23:50.62639Z"},"nsu=http://opcfoundation.org/UA/Plc/Applications;s=BadSlowRandomUIntScalar1":{"Value":{"Type":7,"Body":3925731873},"SourceTimestamp":"2024-04-27T12:23:50.6263926Z"}}}]}