{"MessageId":"30cec4cc-46bc-4be2-9abc-46a7d2fcd32c","MessageType":"ua-data","PublisherId":"DESKTOP-BGFJS91","DataSetWriterGroup":"<<UnknownWriterGroup>>","Messages":[{"MetaDataVersion":{"MajorVersion":1},"MessageType":"ua-deltaframe","DataSetWriterName":"Assembly","Payload":{"nsu=http://opcfoundation.org/UA/Plc/Applications;s=SlowUIntScalar1":{"Value":{"Type":7,"Body":3},"SourceTimestamp":"2024-04-27T12:23:50.626386Z"},"nsu=http://opcfoundation.org/UA/Plc/Applications;s=SlowUIntScalar2":{"Value":{"Type":7,"Body":3},"SourceTimestamp":"2024-04-27T12:23:50.6263891Z"},"nsu=http://opcfoundation.org/UA/Plc/Applications;s=SlowUIntScalar3":{"Value":{"Type":7,"Body":3},"SourceTimestamp":"2024-04-27T12:23:50.6263911Z"},"nsu=http://opcfoundation.org/UA/Plc/Applications;s=BadSlowUIntScalar1":{"Value":{"Type":7,"Body":3},"SourceTimestamp":"2024-04-27T12:23:50.6263932Z"}}}]}