{"NodeId":"i=2253","EndpointUrl":"opc.tcp://localhost:61457/UA/SampleServer","ApplicationUri":"urn:desktop-bgfjs91:OPCFoundation:CoreSampleServer","DisplayName":"SimpleEvents","Timestamp":"2024-04-27T06:39:07.3118015Z","Value":{"Type":22,"Body":{"TypeId":{"IdType":1,"Id":"EncodeableDictionary_Encoding_DefaultJson"},"Body":{"EventId":{"Type":15,"Body":"RlN0fUNtjkKMXr91wKWMSw=="},"Message":{"Type":21,"Body":{"Text":"The system cycle '10' has started.","Locale":"en-US"}},"nsu=http://opcfoundation.org/SimpleEvents;CycleId":{"Type":12,"Body":"10"},"nsu=http://opcfoundation.org/SimpleEvents;CurrentStep":{"Type":22,"Body":{"TypeId":{"Id":183},"Body":{"Name":"Step 1","Duration":1000}}}}}},"SequenceNumber":10,"ExtensionFields":{}}