{"NodeId":"nsu=http://opcfoundation.org/UA/Plc/Applications;s=RandomSignedInt32","EndpointUrl":"opc.tcp://localhost:61457/UA/SampleServer","ApplicationUri":"urn:desktop-bgfjs91:OPCFoundation:CoreSampleServer","DisplayName":"nsu=http://opcfoundation.org/UA/Plc/Applications;s=RandomSignedInt32","Timestamp":"2024-04-27T14:22:35.0689467Z","Value":{"Value":{"Type":6,"Body":-560351484},"SourceTimestamp":"2024-04-27T14:22:34.9901769Z","ServerTimestamp":"2024-04-27T14:22:34.9901805Z"},"SequenceNumber":46,"ExtensionFields":{}}