{"NodeId":"nsu=http://opcfoundation.org/UA/Plc/Applications;s=FastUIntScalar2","EndpointUrl":"opc.tcp://localhost:61457/UA/SampleServer","ApplicationUri":"urn:desktop-bgfjs91:OPCFoundation:CoreSampleServer","DisplayName":"nsu=http://opcfoundation.org/UA/Plc/Applications;s=FastUIntScalar2","Timestamp":"2024-04-27T14:22:35.1928989Z","Value":{"Value":{"Type":7,"Body":12},"SourceTimestamp":"2024-04-27T14:22:34.7890493Z","ServerTimestamp":"2024-04-27T14:22:34.7890502Z"},"SequenceNumber":41,"ExtensionFields":{}}