{"NodeId":"nsu=http://opcfoundation.org/UA/Plc/Applications;s=FastRandomUIntScalar2","EndpointUrl":"opc.tcp://localhost:61457/UA/SampleServer","ApplicationUri":"urn:desktop-bgfjs91:OPCFoundation:CoreSampleServer","DisplayName":"nsu=http://opcfoundation.org/UA/Plc/Applications;s=FastRandomUIntScalar2","Timestamp":"2024-04-27T14:22:25.1634757Z","Value":{"Value":{"Type":7,"Body":2286985582},"SourceTimestamp":"2024-04-27T14:22:24.791729Z","ServerTimestamp":"2024-04-27T14:22:24.7917304Z"},"SequenceNumber":4,"ExtensionFields":{}}