{"NodeId":"nsu=http://opcfoundation.org/UA/Plc/Applications;s=RandomSignedInt32","EndpointUrl":"opc.tcp://localhost:61457/UA/SampleServer","ApplicationUri":"urn:desktop-bgfjs91:OPCFoundation:CoreSampleServer","DisplayName":"nsu=http://opcfoundation.org/UA/Plc/Applications;s=RandomSignedInt32","Timestamp":"2024-04-27T14:22:36.1276381Z","Value":{"Value":{"Type":6,"Body":1859817700},"SourceTimestamp":"2024-04-27T14:22:36.0804645Z","ServerTimestamp":"2024-04-27T14:22:36.0804957Z"},"SequenceNumber":51,"ExtensionFields":{}}