{"NodeId":"nsu=http://opcfoundation.org/UA/Plc/Applications;s=RandomSignedInt32","EndpointUrl":"opc.tcp://localhost:61457/UA/SampleServer","ApplicationUri":"urn:desktop-bgfjs91:OPCFoundation:CoreSampleServer","DisplayName":"nsu=http://opcfoundation.org/UA/Plc/Applications;s=RandomSignedInt32","Timestamp":"2024-04-27T14:22:37.1211406Z","Value":{"Value":{"Type":6,"Body":-915846368},"SourceTimestamp":"2024-04-27T14:22:37.0899884Z","ServerTimestamp":"2024-04-27T14:22:37.0899971Z"},"SequenceNumber":56,"ExtensionFields":{}}