{"NodeId":"nsu=http://opcfoundation.org/UA/Plc/Applications;s=RandomUnsignedInt32","EndpointUrl":"opc.tcp://localhost:61457/UA/SampleServer","ApplicationUri":"urn:desktop-bgfjs91:OPCFoundation:CoreSampleServer","DisplayName":"nsu=http://opcfoundation.org/UA/Plc/Applications;s=RandomUnsignedInt32","Timestamp":"2024-04-27T14:22:37.1211406Z","Value":{"Value":{"Type":7,"Body":802217644},"SourceTimestamp":"2024-04-27T14:22:37.0899896Z","ServerTimestamp":"2024-04-27T14:22:37.090005Z"},"SequenceNumber":57,"ExtensionFields":{}}