{"NodeId":"nsu=http://opcfoundation.org/UA/Plc/Applications;s=FastUIntScalar3","EndpointUrl":"opc.tcp://localhost:61457/UA/SampleServer","ApplicationUri":"urn:desktop-bgfjs91:OPCFoundation:CoreSampleServer","DisplayName":"nsu=http://opcfoundation.org/UA/Plc/Applications;s=FastUIntScalar3","Timestamp":"2024-04-27T14:22:37.1829785Z","Value":{"Value":{"Type":7,"Body":14},"SourceTimestamp":"2024-04-27T14:22:36.7929689Z","ServerTimestamp":"2024-04-27T14:22:36.792995Z"},"SequenceNumber":52,"ExtensionFields":{}}