{"NodeId":"nsu=http://opcfoundation.org/UA/Plc/Applications;s=RandomUnsignedInt32","EndpointUrl":"opc.tcp://localhost:61457/UA/SampleServer","ApplicationUri":"urn:desktop-bgfjs91:OPCFoundation:CoreSampleServer","DisplayName":"nsu=http://opcfoundation.org/UA/Plc/Applications;s=RandomUnsignedInt32","Timestamp":"2024-04-27T14:22:38.1104535Z","Value":{"Value":{"Type":7,"Body":1906968013},"SourceTimestamp":"2024-04-27T14:22:38.0939516Z","ServerTimestamp":"2024-04-27T14:22:38.0939556Z"},"SequenceNumber":63,"ExtensionFields":{}}