{"NodeId":"nsu=http://opcfoundation.org/UA/Plc/Applications;s=FastUIntScalar1","EndpointUrl":"opc.tcp://localhost:61457/UA/SampleServer","ApplicationUri":"urn:desktop-bgfjs91:OPCFoundation:CoreSampleServer","DisplayName":"nsu=http://opcfoundation.org/UA/Plc/Applications;s=FastUIntScalar1","Timestamp":"2024-04-27T14:22:38.1104535Z","Value":{"Value":{"Type":7,"Body":15},"SourceTimestamp":"2024-04-27T14:22:37.7870625Z","ServerTimestamp":"2024-04-27T14:22:37.787067Z"},"SequenceNumber":65,"ExtensionFields":{}}