{"NodeId":"nsu=http://opcfoundation.org/UA/Plc/Applications;s=FastRandomUIntScalar1","EndpointUrl":"opc.tcp://localhost:61457/UA/SampleServer","ApplicationUri":"urn:desktop-bgfjs91:OPCFoundation:CoreSampleServer","DisplayName":"nsu=http://opcfoundation.org/UA/Plc/Applications;s=FastRandomUIntScalar1","Timestamp":"2024-04-27T14:22:38.174571Z","Value":{"Value":{"Type":7,"Body":201904946},"SourceTimestamp":"2024-04-27T14:22:37.7870537Z","ServerTimestamp":"2024-04-27T14:22:37.7870555Z"},"SequenceNumber":58,"ExtensionFields":{}}