{"NodeId":"nsu=http://opcfoundation.org/UA/Plc/Applications;s=FastRandomUIntScalar2","EndpointUrl":"opc.tcp://localhost:61457/UA/SampleServer","ApplicationUri":"urn:desktop-bgfjs91:OPCFoundation:CoreSampleServer","DisplayName":"nsu=http://opcfoundation.org/UA/Plc/Applications;s=FastRandomUIntScalar2","Timestamp":"2024-04-27T14:22:38.174571Z","Value":{"Value":{"Type":7,"Body":4252763708},"SourceTimestamp":"2024-04-27T14:22:37.7870633Z","ServerTimestamp":"2024-04-27T14:22:37.7870641Z"},"SequenceNumber":59,"ExtensionFields":{}}