{"NodeId":"nsu=http://opcfoundation.org/UA/Plc/Applications;s=RandomUnsignedInt32","EndpointUrl":"opc.tcp://localhost:61457/UA/SampleServer","ApplicationUri":"urn:desktop-bgfjs91:OPCFoundation:CoreSampleServer","DisplayName":"nsu=http://opcfoundation.org/UA/Plc/Applications;s=RandomUnsignedInt32","Timestamp":"2024-04-27T14:22:39.1024023Z","Value":{"Value":{"Type":7,"Body":296847809},"SourceTimestamp":"2024-04-27T14:22:39.0866234Z","ServerTimestamp":"2024-04-27T14:22:39.0866246Z"},"SequenceNumber":68,"ExtensionFields":{}}