{"NodeId":"nsu=http://opcfoundation.org/UA/Plc/Applications;s=DipData","EndpointUrl":"opc.tcp://localhost:61457/UA/SampleServer","ApplicationUri":"urn:desktop-bgfjs91:OPCFoundation:CoreSampleServer","DisplayName":"nsu=http://opcfoundation.org/UA/Plc/Applications;s=DipData","Timestamp":"2024-04-27T14:22:39.1024023Z","Value":{"Value":{"Type":11,"Body":-99.80267284282715},"SourceTimestamp":"2024-04-27T14:22:39.0866423Z","ServerTimestamp":"2024-04-27T14:22:39.0866491Z"},"SequenceNumber":69,"ExtensionFields":{}}