{"NodeId":"nsu=http://opcfoundation.org/UA/Plc/Applications;s=FastUIntScalar1","EndpointUrl":"opc.tcp://localhost:61457/UA/SampleServer","ApplicationUri":"urn:desktop-bgfjs91:OPCFoundation:CoreSampleServer","DisplayName":"nsu=http://opcfoundation.org/UA/Plc/Applications;s=FastUIntScalar1","Timestamp":"2024-04-27T14:22:39.1024023Z","Value":{"Value":{"Type":7,"Body":16},"SourceTimestamp":"2024-04-27T14:22:38.7805786Z","ServerTimestamp":"2024-04-27T14:22:38.7805818Z"},"SequenceNumber":70,"ExtensionFields":{}}