{"NodeId":"nsu=http://opcfoundation.org/UA/Plc/Applications;s=FastRandomUIntScalar2","EndpointUrl":"opc.tcp://localhost:61457/UA/SampleServer","ApplicationUri":"urn:desktop-bgfjs91:OPCFoundation:CoreSampleServer","DisplayName":"nsu=http://opcfoundation.org/UA/Plc/Applications;s=FastRandomUIntScalar2","Timestamp":"2024-04-27T14:22:39.1653469Z","Value":{"Value":{"Type":7,"Body":3126631683},"SourceTimestamp":"2024-04-27T14:22:38.7806294Z","ServerTimestamp":"2024-04-27T14:22:38.780635Z"},"SequenceNumber":64,"ExtensionFields":{}}