{"NodeId":"nsu=http://opcfoundation.org/UA/Plc/Applications;s=FastUIntScalar1","EndpointUrl":"opc.tcp://localhost:61457/UA/SampleServer","ApplicationUri":"urn:desktop-bgfjs91:OPCFoundation:CoreSampleServer","DisplayName":"nsu=http://opcfoundation.org/UA/Plc/Applications;s=FastUIntScalar1","Timestamp":"2024-04-27T14:22:40.0975903Z","Value":{"Value":{"Type":7,"Body":17},"SourceTimestamp":"2024-04-27T14:22:39.7857386Z","ServerTimestamp":"2024-04-27T14:22:39.7857411Z"},"SequenceNumber":75,"ExtensionFields":{}}