{"NodeId":"nsu=http://opcfoundation.org/UA/Plc/Applications;s=FastRandomUIntScalar2","EndpointUrl":"opc.tcp://localhost:61457/UA/SampleServer","ApplicationUri":"urn:desktop-bgfjs91:OPCFoundation:CoreSampleServer","DisplayName":"nsu=http://opcfoundation.org/UA/Plc/Applications;s=FastRandomUIntScalar2","Timestamp":"2024-04-27T14:22:40.1588394Z","Value":{"Value":{"Type":7,"Body":264603492},"SourceTimestamp":"2024-04-27T14:22:39.7857877Z","ServerTimestamp":"2024-04-27T14:22:39.785789Z"},"SequenceNumber":69,"ExtensionFields":{}}