{"NodeId":"nsu=http://opcfoundation.org/UA/Plc/Applications;s=FastRandomUIntScalar3","EndpointUrl":"opc.tcp://localhost:61457/UA/SampleServer","ApplicationUri":"urn:desktop-bgfjs91:OPCFoundation:CoreSampleServer","DisplayName":"nsu=http://opcfoundation.org/UA/Plc/Applications;s=FastRandomUIntScalar3","Timestamp":"2024-04-27T14:22:40.1588394Z","Value":{"Value":{"Type":7,"Body":2778406769},"SourceTimestamp":"2024-04-27T14:22:39.785792Z","ServerTimestamp":"2024-04-27T14:22:39.7857935Z"},"SequenceNumber":70,"ExtensionFields":{}}