{"NodeId":"nsu=http://opcfoundation.org/UA/Plc/Applications;s=FastUIntScalar2","EndpointUrl":"opc.tcp://localhost:61457/UA/SampleServer","ApplicationUri":"urn:desktop-bgfjs91:OPCFoundation:CoreSampleServer","DisplayName":"nsu=http://opcfoundation.org/UA/Plc/Applications;s=FastUIntScalar2","Timestamp":"2024-04-27T14:22:42.2004267Z","Value":{"Value":{"Type":7,"Body":19},"SourceTimestamp":"2024-04-27T14:22:41.7825069Z","ServerTimestamp":"2024-04-27T14:22:41.7825087Z"},"SequenceNumber":71,"ExtensionFields":{}}