{"NodeId":"nsu=http://opcfoundation.org/UA/Plc/Applications;s=RandomUnsignedInt32","EndpointUrl":"opc.tcp://localhost:61457/UA/SampleServer","ApplicationUri":"urn:desktop-bgfjs91:OPCFoundation:CoreSampleServer","DisplayName":"nsu=http://opcfoundation.org/UA/Plc/Applications;s=RandomUnsignedInt32","Timestamp":"2024-04-27T14:22:26.0893834Z","Value":{"Value":{"Type":7,"Body":1256705482},"SourceTimestamp":"2024-04-27T14:22:25.9804291Z","ServerTimestamp":"2024-04-27T14:22:25.9804604Z"},"SequenceNumber":10,"ExtensionFields":{}}