{"NodeId":"nsu=http://opcfoundation.org/UA/Plc/Applications;s=SpikeData","EndpointUrl":"opc.tcp://localhost:61457/UA/SampleServer","ApplicationUri":"urn:desktop-bgfjs91:OPCFoundation:CoreSampleServer","DisplayName":"nsu=http://opcfoundation.org/UA/Plc/Applications;s=SpikeData","Timestamp":"2024-04-27T14:22:42.322944Z","Value":{"Value":{"Type":11,"Body":68.454710592868878},"SourceTimestamp":"2024-04-27T14:22:42.2928405Z","ServerTimestamp":"2024-04-27T14:22:42.2928522Z"},"SequenceNumber":16,"ExtensionFields":{}}