{"NodeId":"nsu=http://opcfoundation.org/UA/Plc/Applications;s=AlternatingBoolean","EndpointUrl":"opc.tcp://localhost:61457/UA/SampleServer","ApplicationUri":"urn:desktop-bgfjs91:OPCFoundation:CoreSampleServer","DisplayName":"nsu=http://opcfoundation.org/UA/Plc/Applications;s=AlternatingBoolean","Timestamp":"2024-04-27T14:22:43.1260906Z","Value":{"Value":{"Type":1,"Body":true},"SourceTimestamp":"2024-04-27T14:22:42.893447Z","ServerTimestamp":"2024-04-27T14:22:42.8934514Z"},"SequenceNumber":82,"ExtensionFields":{}}