{"NodeId":"nsu=http://opcfoundation.org/UA/Plc/Applications;s=RandomUnsignedInt32","EndpointUrl":"opc.tcp://localhost:61457/UA/SampleServer","ApplicationUri":"urn:desktop-bgfjs91:OPCFoundation:CoreSampleServer","DisplayName":"nsu=http://opcfoundation.org/UA/Plc/Applications;s=RandomUnsignedInt32","Timestamp":"2024-04-27T14:22:43.1260906Z","Value":{"Value":{"Type":7,"Body":1020926628},"SourceTimestamp":"2024-04-27T14:22:43.0942578Z","ServerTimestamp":"2024-04-27T14:22:43.0942597Z"},"SequenceNumber":84,"ExtensionFields":{}}