{"NodeId":"nsu=http://opcfoundation.org/UA/Plc/Applications;s=FastUIntScalar1","EndpointUrl":"opc.tcp://localhost:61457/UA/SampleServer","ApplicationUri":"urn:desktop-bgfjs91:OPCFoundation:CoreSampleServer","DisplayName":"nsu=http://opcfoundation.org/UA/Plc/Applications;s=FastUIntScalar1","Timestamp":"2024-04-27T14:22:43.1260906Z","Value":{"Value":{"Type":7,"Body":20},"SourceTimestamp":"2024-04-27T14:22:42.7846176Z","ServerTimestamp":"2024-04-27T14:22:42.7846452Z"},"SequenceNumber":86,"ExtensionFields":{}}