{"NodeId":"nsu=http://opcfoundation.org/UA/Plc/Applications;s=RandomSignedInt32","EndpointUrl":"opc.tcp://localhost:61457/UA/SampleServer","ApplicationUri":"urn:desktop-bgfjs91:OPCFoundation:CoreSampleServer","DisplayName":"nsu=http://opcfoundation.org/UA/Plc/Applications;s=RandomSignedInt32","Timestamp":"2024-04-27T14:22:44.1160919Z","Value":{"Value":{"Type":6,"Body":-1916315716},"SourceTimestamp":"2024-04-27T14:22:44.0806826Z","ServerTimestamp":"2024-04-27T14:22:44.0806832Z"},"SequenceNumber":88,"ExtensionFields":{}}