{"NodeId":"nsu=http://opcfoundation.org/UA/Plc/Applications;s=BadSlowUIntScalar1","EndpointUrl":"opc.tcp://localhost:61457/UA/SampleServer","ApplicationUri":"urn:desktop-bgfjs91:OPCFoundation:CoreSampleServer","DisplayName":"nsu=http://opcfoundation.org/UA/Plc/Applications;s=BadSlowUIntScalar1","Timestamp":"2024-04-27T14:22:44.2349147Z","Value":{"Value":{"Type":7,"Body":2},"SourceTimestamp":"2024-04-27T14:22:42.7846059Z","ServerTimestamp":"2024-04-27T14:22:42.7846064Z"},"SequenceNumber":8,"ExtensionFields":{}}