{"NodeId":"nsu=http://opcfoundation.org/UA/Plc/Applications;s=SlowRandomUIntScalar2","EndpointUrl":"opc.tcp://localhost:61457/UA/SampleServer","ApplicationUri":"urn:desktop-bgfjs91:OPCFoundation:CoreSampleServer","DisplayName":"nsu=http://opcfoundation.org/UA/Plc/Applications;s=SlowRandomUIntScalar2","Timestamp":"2024-04-27T14:22:44.3014459Z","Value":{"Value":{"Type":7,"Body":358052031},"SourceTimestamp":"2024-04-27T14:22:42.7846261Z","ServerTimestamp":"2024-04-27T14:22:42.78463Z"},"SequenceNumber":6,"ExtensionFields":{}}