{"NodeId":"nsu=http://opcfoundation.org/UA/Plc/Applications;s=SpikeData","EndpointUrl":"opc.tcp://localhost:61457/UA/SampleServer","ApplicationUri":"urn:desktop-bgfjs91:OPCFoundation:CoreSampleServer","DisplayName":"nsu=http://opcfoundation.org/UA/Plc/Applications;s=SpikeData","Timestamp":"2024-04-27T14:22:26.3369443Z","Value":{"Value":{"Type":11,"Body":90.482705246601952},"SourceTimestamp":"2024-04-27T14:22:26.290238Z","ServerTimestamp":"2024-04-27T14:22:26.2902398Z"},"SequenceNumber":2,"ExtensionFields":{}}