{"NodeId":"nsu=http://opcfoundation.org/UA/Plc/Applications;s=SlowRandomUIntScalar3","EndpointUrl":"opc.tcp://localhost:61457/UA/SampleServer","ApplicationUri":"urn:desktop-bgfjs91:OPCFoundation:CoreSampleServer","DisplayName":"nsu=http://opcfoundation.org/UA/Plc/Applications;s=SlowRandomUIntScalar3","Timestamp":"2024-04-27T14:22:44.3014459Z","Value":{"Value":{"Type":7,"Body":376172228},"SourceTimestamp":"2024-04-27T14:22:42.7846318Z","ServerTimestamp":"2024-04-27T14:22:42.7846325Z"},"SequenceNumber":7,"ExtensionFields":{}}