{"NodeId":"nsu=http://opcfoundation.org/UA/Plc/Applications;s=RandomSignedInt32","EndpointUrl":"opc.tcp://localhost:61457/UA/SampleServer","ApplicationUri":"urn:desktop-bgfjs91:OPCFoundation:CoreSampleServer","DisplayName":"nsu=http://opcfoundation.org/UA/Plc/Applications;s=RandomSignedInt32","Timestamp":"2024-04-27T14:22:45.1021542Z","Value":{"Value":{"Type":6,"Body":2089679817},"SourceTimestamp":"2024-04-27T14:22:45.086691Z","ServerTimestamp":"2024-04-27T14:22:45.086696Z"},"SequenceNumber":93,"ExtensionFields":{}}