{"NodeId":"nsu=http://opcfoundation.org/UA/Plc/Applications;s=DipData","EndpointUrl":"opc.tcp://localhost:61457/UA/SampleServer","ApplicationUri":"urn:desktop-bgfjs91:OPCFoundation:CoreSampleServer","DisplayName":"nsu=http://opcfoundation.org/UA/Plc/Applications;s=DipData","Timestamp":"2024-04-27T14:22:46.0958913Z","Value":{"Value":{"Type":11,"Body":77.051324277578928},"SourceTimestamp":"2024-04-27T14:22:46.0795582Z","ServerTimestamp":"2024-04-27T14:22:46.079559Z"},"SequenceNumber":100,"ExtensionFields":{}}