{"NodeId":"nsu=http://opcfoundation.org/UA/Plc/Applications;s=FastUIntScalar3","EndpointUrl":"opc.tcp://localhost:61457/UA/SampleServer","ApplicationUri":"urn:desktop-bgfjs91:OPCFoundation:CoreSampleServer","DisplayName":"nsu=http://opcfoundation.org/UA/Plc/Applications;s=FastUIntScalar3","Timestamp":"2024-04-27T14:22:46.1580693Z","Value":{"Value":{"Type":7,"Body":23},"SourceTimestamp":"2024-04-27T14:22:45.7840694Z","ServerTimestamp":"2024-04-27T14:22:45.7840806Z"},"SequenceNumber":92,"ExtensionFields":{}}