{"NodeId":"nsu=http://opcfoundation.org/UA/Plc/Applications;s=FastRandomUIntScalar3","EndpointUrl":"opc.tcp://localhost:61457/UA/SampleServer","ApplicationUri":"urn:desktop-bgfjs91:OPCFoundation:CoreSampleServer","DisplayName":"nsu=http://opcfoundation.org/UA/Plc/Applications;s=FastRandomUIntScalar3","Timestamp":"2024-04-27T14:22:46.1580693Z","Value":{"Value":{"Type":7,"Body":3402616408},"SourceTimestamp":"2024-04-27T14:22:45.7840838Z","ServerTimestamp":"2024-04-27T14:22:45.7840843Z"},"SequenceNumber":95,"ExtensionFields":{}}