{"NodeId":"nsu=http://opcfoundation.org/UA/Plc/Applications;s=FastUIntScalar1","EndpointUrl":"opc.tcp://localhost:61457/UA/SampleServer","ApplicationUri":"urn:desktop-bgfjs91:OPCFoundation:CoreSampleServer","DisplayName":"nsu=http://opcfoundation.org/UA/Plc/Applications;s=FastUIntScalar1","Timestamp":"2024-04-27T14:22:48.0705804Z","Value":{"Value":{"Type":7,"Body":25},"SourceTimestamp":"2024-04-27T14:22:47.7918232Z","ServerTimestamp":"2024-04-27T14:22:47.7918261Z"},"SequenceNumber":107,"ExtensionFields":{}}