{"NodeId":"nsu=http://opcfoundation.org/UA/Plc/Applications;s=FastUIntScalar2","EndpointUrl":"opc.tcp://localhost:61457/UA/SampleServer","ApplicationUri":"urn:desktop-bgfjs91:OPCFoundation:CoreSampleServer","DisplayName":"nsu=http://opcfoundation.org/UA/Plc/Applications;s=FastUIntScalar2","Timestamp":"2024-04-27T14:22:48.1935793Z","Value":{"Value":{"Type":7,"Body":25},"SourceTimestamp":"2024-04-27T14:22:47.7918465Z","ServerTimestamp":"2024-04-27T14:22:47.791847Z"},"SequenceNumber":96,"ExtensionFields":{}}