{"NodeId":"nsu=http://opcfoundation.org/UA/Plc/Applications;s=FastRandomUIntScalar1","EndpointUrl":"opc.tcp://localhost:61457/UA/SampleServer","ApplicationUri":"urn:desktop-bgfjs91:OPCFoundation:CoreSampleServer","DisplayName":"nsu=http://opcfoundation.org/UA/Plc/Applications;s=FastRandomUIntScalar1","Timestamp":"2024-04-27T14:22:48.1935793Z","Value":{"Value":{"Type":7,"Body":1093037632},"SourceTimestamp":"2024-04-27T14:22:47.791859Z","ServerTimestamp":"2024-04-27T14:22:47.7918608Z"},"SequenceNumber":98,"ExtensionFields":{}}