{"NodeId":"nsu=http://opcfoundation.org/UA/Plc/Applications;s=FastRandomUIntScalar2","EndpointUrl":"opc.tcp://localhost:61457/UA/SampleServer","ApplicationUri":"urn:desktop-bgfjs91:OPCFoundation:CoreSampleServer","DisplayName":"nsu=http://opcfoundation.org/UA/Plc/Applications;s=FastRandomUIntScalar2","Timestamp":"2024-04-27T14:22:48.1935793Z","Value":{"Value":{"Type":7,"Body":3571435486},"SourceTimestamp":"2024-04-27T14:22:47.7918674Z","ServerTimestamp":"2024-04-27T14:22:47.791868Z"},"SequenceNumber":99,"ExtensionFields":{}}