{"NodeId":"nsu=http://opcfoundation.org/UA/Plc/Applications;s=SpikeData","EndpointUrl":"opc.tcp://localhost:61457/UA/SampleServer","ApplicationUri":"urn:desktop-bgfjs91:OPCFoundation:CoreSampleServer","DisplayName":"nsu=http://opcfoundation.org/UA/Plc/Applications;s=SpikeData","Timestamp":"2024-04-27T14:22:48.3179961Z","Value":{"Value":{"Type":11,"Body":-48.175367410171532},"SourceTimestamp":"2024-04-27T14:22:48.2861299Z","ServerTimestamp":"2024-04-27T14:22:48.2861329Z"},"SequenceNumber":21,"ExtensionFields":{}}