{"NodeId":"nsu=http://opcfoundation.org/UA/Plc/Applications;s=FastRandomUIntScalar1","EndpointUrl":"opc.tcp://localhost:61457/UA/SampleServer","ApplicationUri":"urn:desktop-bgfjs91:OPCFoundation:CoreSampleServer","DisplayName":"nsu=http://opcfoundation.org/UA/Plc/Applications;s=FastRandomUIntScalar1","Timestamp":"2024-04-27T14:22:49.1859706Z","Value":{"Value":{"Type":7,"Body":4167889485},"SourceTimestamp":"2024-04-27T14:22:48.7833264Z","ServerTimestamp":"2024-04-27T14:22:48.7833441Z"},"SequenceNumber":103,"ExtensionFields":{}}