{"NodeId":"nsu=http://opcfoundation.org/UA/Plc/Applications;s=FastRandomUIntScalar3","EndpointUrl":"opc.tcp://localhost:61457/UA/SampleServer","ApplicationUri":"urn:desktop-bgfjs91:OPCFoundation:CoreSampleServer","DisplayName":"nsu=http://opcfoundation.org/UA/Plc/Applications;s=FastRandomUIntScalar3","Timestamp":"2024-04-27T14:22:49.1859706Z","Value":{"Value":{"Type":7,"Body":3888904667},"SourceTimestamp":"2024-04-27T14:22:48.783363Z","ServerTimestamp":"2024-04-27T14:22:48.7833672Z"},"SequenceNumber":105,"ExtensionFields":{}}