{"NodeId":"nsu=http://opcfoundation.org/UA/Plc/Applications;s=RandomSignedInt32","EndpointUrl":"opc.tcp://localhost:61457/UA/SampleServer","ApplicationUri":"urn:desktop-bgfjs91:OPCFoundation:CoreSampleServer","DisplayName":"nsu=http://opcfoundation.org/UA/Plc/Applications;s=RandomSignedInt32","Timestamp":"2024-04-27T14:22:50.115006Z","Value":{"Value":{"Type":6,"Body":-544470651},"SourceTimestamp":"2024-04-27T14:22:50.0841065Z","ServerTimestamp":"2024-04-27T14:22:50.0841085Z"},"SequenceNumber":114,"ExtensionFields":{}}