{"NodeId":"nsu=http://opcfoundation.org/UA/Plc/Applications;s=DipData","EndpointUrl":"opc.tcp://localhost:61457/UA/SampleServer","ApplicationUri":"urn:desktop-bgfjs91:OPCFoundation:CoreSampleServer","DisplayName":"nsu=http://opcfoundation.org/UA/Plc/Applications;s=DipData","Timestamp":"2024-04-27T14:22:50.115006Z","Value":{"Value":{"Type":11,"Body":-36.812455268467829},"SourceTimestamp":"2024-04-27T14:22:50.0841245Z","ServerTimestamp":"2024-04-27T14:22:50.084129Z"},"SequenceNumber":116,"ExtensionFields":{}}