{"NodeId":"nsu=http://opcfoundation.org/UA/Plc/Applications;s=FastRandomUIntScalar1","EndpointUrl":"opc.tcp://localhost:61457/UA/SampleServer","ApplicationUri":"urn:desktop-bgfjs91:OPCFoundation:CoreSampleServer","DisplayName":"nsu=http://opcfoundation.org/UA/Plc/Applications;s=FastRandomUIntScalar1","Timestamp":"2024-04-27T14:22:50.1768551Z","Value":{"Value":{"Type":7,"Body":3635916324},"SourceTimestamp":"2024-04-27T14:22:49.7915068Z","ServerTimestamp":"2024-04-27T14:22:49.7915169Z"},"SequenceNumber":108,"ExtensionFields":{}}