{"NodeId":"nsu=http://opcfoundation.org/UA/Plc/Applications;s=FastRandomUIntScalar3","EndpointUrl":"opc.tcp://localhost:61457/UA/SampleServer","ApplicationUri":"urn:desktop-bgfjs91:OPCFoundation:CoreSampleServer","DisplayName":"nsu=http://opcfoundation.org/UA/Plc/Applications;s=FastRandomUIntScalar3","Timestamp":"2024-04-27T14:22:50.1768551Z","Value":{"Value":{"Type":7,"Body":1485940401},"SourceTimestamp":"2024-04-27T14:22:49.791534Z","ServerTimestamp":"2024-04-27T14:22:49.7915347Z"},"SequenceNumber":110,"ExtensionFields":{}}