{"NodeId":"nsu=http://opcfoundation.org/UA/Plc/Applications;s=SpikeData","EndpointUrl":"opc.tcp://localhost:61457/UA/SampleServer","ApplicationUri":"urn:desktop-bgfjs91:OPCFoundation:CoreSampleServer","DisplayName":"nsu=http://opcfoundation.org/UA/Plc/Applications;s=SpikeData","Timestamp":"2024-04-27T14:22:50.3000761Z","Value":{"Value":{"Type":11,"Body":-12.533323356430429},"SourceTimestamp":"2024-04-27T14:22:50.284033Z","ServerTimestamp":"2024-04-27T14:22:50.2840406Z"},"SequenceNumber":22,"ExtensionFields":{}}