{"NodeId":"nsu=http://opcfoundation.org/UA/Plc/Applications;s=RandomUnsignedInt32","EndpointUrl":"opc.tcp://localhost:61457/UA/SampleServer","ApplicationUri":"urn:desktop-bgfjs91:OPCFoundation:CoreSampleServer","DisplayName":"nsu=http://opcfoundation.org/UA/Plc/Applications;s=RandomUnsignedInt32","Timestamp":"2024-04-27T14:22:51.0988196Z","Value":{"Value":{"Type":7,"Body":1931303454},"SourceTimestamp":"2024-04-27T14:22:51.0834034Z","ServerTimestamp":"2024-04-27T14:22:51.083411Z"},"SequenceNumber":120,"ExtensionFields":{}}