{"NodeId":"nsu=http://opcfoundation.org/UA/Plc/Applications;s=FastRandomUIntScalar3","EndpointUrl":"opc.tcp://localhost:61457/UA/SampleServer","ApplicationUri":"urn:desktop-bgfjs91:OPCFoundation:CoreSampleServer","DisplayName":"nsu=http://opcfoundation.org/UA/Plc/Applications;s=FastRandomUIntScalar3","Timestamp":"2024-04-27T14:22:51.1602574Z","Value":{"Value":{"Type":7,"Body":2848362979},"SourceTimestamp":"2024-04-27T14:22:50.792354Z","ServerTimestamp":"2024-04-27T14:22:50.7923639Z"},"SequenceNumber":115,"ExtensionFields":{}}