{"NodeId":"nsu=http://opcfoundation.org/UA/Plc/Applications;s=SpikeData","EndpointUrl":"opc.tcp://localhost:61457/UA/SampleServer","ApplicationUri":"urn:desktop-bgfjs91:OPCFoundation:CoreSampleServer","DisplayName":"nsu=http://opcfoundation.org/UA/Plc/Applications;s=SpikeData","Timestamp":"2024-04-27T14:22:52.3312031Z","Value":{"Value":{"Type":11,"Body":68.454710592868878},"SourceTimestamp":"2024-04-27T14:22:52.2837816Z","ServerTimestamp":"2024-04-27T14:22:52.2837825Z"},"SequenceNumber":24,"ExtensionFields":{}}