{"NodeId":"nsu=http://opcfoundation.org/UA/Plc/Applications;s=AlternatingBoolean","EndpointUrl":"opc.tcp://localhost:61457/UA/SampleServer","ApplicationUri":"urn:desktop-bgfjs91:OPCFoundation:CoreSampleServer","DisplayName":"nsu=http://opcfoundation.org/UA/Plc/Applications;s=AlternatingBoolean","Timestamp":"2024-04-27T14:22:53.0750665Z","Value":{"Value":{"Type":1,"Body":true},"SourceTimestamp":"2024-04-27T14:22:52.8884788Z","ServerTimestamp":"2024-04-27T14:22:52.8884857Z"},"SequenceNumber":124,"ExtensionFields":{}}