{"NodeId":"nsu=http://opcfoundation.org/UA/Plc/Applications;s=RandomUnsignedInt32","EndpointUrl":"opc.tcp://localhost:61457/UA/SampleServer","ApplicationUri":"urn:desktop-bgfjs91:OPCFoundation:CoreSampleServer","DisplayName":"nsu=http://opcfoundation.org/UA/Plc/Applications;s=RandomUnsignedInt32","Timestamp":"2024-04-27T14:22:53.0750665Z","Value":{"Value":{"Type":7,"Body":402578601},"SourceTimestamp":"2024-04-27T14:22:52.9833496Z","ServerTimestamp":"2024-04-27T14:22:52.9833511Z"},"SequenceNumber":126,"ExtensionFields":{}}