{"NodeId":"nsu=http://opcfoundation.org/UA/Plc/Applications;s=FastUIntScalar3","EndpointUrl":"opc.tcp://localhost:61457/UA/SampleServer","ApplicationUri":"urn:desktop-bgfjs91:OPCFoundation:CoreSampleServer","DisplayName":"nsu=http://opcfoundation.org/UA/Plc/Applications;s=FastUIntScalar3","Timestamp":"2024-04-27T14:22:53.2004036Z","Value":{"Value":{"Type":7,"Body":30},"SourceTimestamp":"2024-04-27T14:22:52.7793323Z","ServerTimestamp":"2024-04-27T14:22:52.7793379Z"},"SequenceNumber":117,"ExtensionFields":{}}