{"NodeId":"nsu=http://opcfoundation.org/UA/Plc/Applications;s=AlternatingBoolean","EndpointUrl":"opc.tcp://localhost:61457/UA/SampleServer","ApplicationUri":"urn:desktop-bgfjs91:OPCFoundation:CoreSampleServer","DisplayName":"nsu=http://opcfoundation.org/UA/Plc/Applications;s=AlternatingBoolean","Timestamp":"2024-04-27T14:22:28.0699804Z","Value":{"Value":{"Type":1,"Body":false},"SourceTimestamp":"2024-04-27T14:22:27.8833894Z","ServerTimestamp":"2024-04-27T14:22:27.883397Z"},"SequenceNumber":14,"ExtensionFields":{}}