{"NodeId":"nsu=http://opcfoundation.org/UA/Plc/Applications;s=RandomUnsignedInt32","EndpointUrl":"opc.tcp://localhost:61457/UA/SampleServer","ApplicationUri":"urn:desktop-bgfjs91:OPCFoundation:CoreSampleServer","DisplayName":"nsu=http://opcfoundation.org/UA/Plc/Applications;s=RandomUnsignedInt32","Timestamp":"2024-04-27T14:22:54.1283661Z","Value":{"Value":{"Type":7,"Body":2058613673},"SourceTimestamp":"2024-04-27T14:22:54.0813638Z","ServerTimestamp":"2024-04-27T14:22:54.0813645Z"},"SequenceNumber":131,"ExtensionFields":{}}