{"NodeId":"nsu=http://opcfoundation.org/UA/Plc/Applications;s=AlternatingBoolean","EndpointUrl":"opc.tcp://localhost:61457/UA/SampleServer","ApplicationUri":"urn:desktop-bgfjs91:OPCFoundation:CoreSampleServer","DisplayName":"nsu=http://opcfoundation.org/UA/Plc/Applications;s=AlternatingBoolean","Timestamp":"2024-04-27T14:22:25.1011639Z","Value":{"Value":{"Type":1,"Body":true},"SourceTimestamp":"2024-04-27T14:22:24.0850179Z","ServerTimestamp":"2024-04-27T14:22:24.0860754Z"},"SequenceNumber":3,"ExtensionFields":{}}