{"NodeId":"nsu=http://opcfoundation.org/UA/Plc/Applications;s=FastRandomUIntScalar2","EndpointUrl":"opc.tcp://localhost:61457/UA/SampleServer","ApplicationUri":"urn:desktop-bgfjs91:OPCFoundation:CoreSampleServer","DisplayName":"nsu=http://opcfoundation.org/UA/Plc/Applications;s=FastRandomUIntScalar2","Timestamp":"2024-04-27T14:22:54.1887803Z","Value":{"Value":{"Type":7,"Body":1668146853},"SourceTimestamp":"2024-04-27T14:22:53.7891334Z","ServerTimestamp":"2024-04-27T14:22:53.7891366Z"},"SequenceNumber":124,"ExtensionFields":{}}