{"NodeId":"nsu=http://opcfoundation.org/UA/Plc/Applications;s=FastRandomUIntScalar3","EndpointUrl":"opc.tcp://localhost:61457/UA/SampleServer","ApplicationUri":"urn:desktop-bgfjs91:OPCFoundation:CoreSampleServer","DisplayName":"nsu=http://opcfoundation.org/UA/Plc/Applications;s=FastRandomUIntScalar3","Timestamp":"2024-04-27T14:22:54.1887803Z","Value":{"Value":{"Type":7,"Body":1343179749},"SourceTimestamp":"2024-04-27T14:22:53.7891392Z","ServerTimestamp":"2024-04-27T14:22:53.7891424Z"},"SequenceNumber":125,"ExtensionFields":{}}