{"NodeId":"nsu=http://opcfoundation.org/UA/Plc/Applications;s=SlowUIntScalar2","EndpointUrl":"opc.tcp://localhost:61457/UA/SampleServer","ApplicationUri":"urn:desktop-bgfjs91:OPCFoundation:CoreSampleServer","DisplayName":"nsu=http://opcfoundation.org/UA/Plc/Applications;s=SlowUIntScalar2","Timestamp":"2024-04-27T14:22:54.2507714Z","Value":{"Value":{"Type":7,"Body":3},"SourceTimestamp":"2024-04-27T14:22:52.7793133Z","ServerTimestamp":"2024-04-27T14:22:52.7793142Z"},"SequenceNumber":10,"ExtensionFields":{}}