{"NodeId":"nsu=http://opcfoundation.org/UA/Plc/Applications;s=SlowRandomUIntScalar1","EndpointUrl":"opc.tcp://localhost:61457/UA/SampleServer","ApplicationUri":"urn:desktop-bgfjs91:OPCFoundation:CoreSampleServer","DisplayName":"nsu=http://opcfoundation.org/UA/Plc/Applications;s=SlowRandomUIntScalar1","Timestamp":"2024-04-27T14:22:54.3129134Z","Value":{"Value":{"Type":7,"Body":2507971043},"SourceTimestamp":"2024-04-27T14:22:52.7792988Z","ServerTimestamp":"2024-04-27T14:22:52.7793161Z"},"SequenceNumber":9,"ExtensionFields":{}}