{"NodeId":"nsu=http://opcfoundation.org/UA/Plc/Applications;s=RandomSignedInt32","EndpointUrl":"opc.tcp://localhost:61457/UA/SampleServer","ApplicationUri":"urn:desktop-bgfjs91:OPCFoundation:CoreSampleServer","DisplayName":"nsu=http://opcfoundation.org/UA/Plc/Applications;s=RandomSignedInt32","Timestamp":"2024-04-27T14:22:55.1211417Z","Value":{"Value":{"Type":6,"Body":562879731},"SourceTimestamp":"2024-04-27T14:22:55.0907211Z","ServerTimestamp":"2024-04-27T14:22:55.0907294Z"},"SequenceNumber":135,"ExtensionFields":{}}