{"NodeId":"nsu=http://opcfoundation.org/UA/Plc/Applications;s=FastRandomUIntScalar2","EndpointUrl":"opc.tcp://localhost:61457/UA/SampleServer","ApplicationUri":"urn:desktop-bgfjs91:OPCFoundation:CoreSampleServer","DisplayName":"nsu=http://opcfoundation.org/UA/Plc/Applications;s=FastRandomUIntScalar2","Timestamp":"2024-04-27T14:22:55.1837066Z","Value":{"Value":{"Type":7,"Body":3833099801},"SourceTimestamp":"2024-04-27T14:22:54.7832363Z","ServerTimestamp":"2024-04-27T14:22:54.7832381Z"},"SequenceNumber":129,"ExtensionFields":{}}