{"NodeId":"nsu=http://opcfoundation.org/UA/Plc/Applications;s=SpikeData","EndpointUrl":"opc.tcp://localhost:61457/UA/SampleServer","ApplicationUri":"urn:desktop-bgfjs91:OPCFoundation:CoreSampleServer","DisplayName":"nsu=http://opcfoundation.org/UA/Plc/Applications;s=SpikeData","Timestamp":"2024-04-27T14:22:55.310825Z","Value":{"Value":{"Type":11,"Body":-12.533323356430429},"SourceTimestamp":"2024-04-27T14:22:55.2944503Z","ServerTimestamp":"2024-04-27T14:22:55.2944511Z"},"SequenceNumber":26,"ExtensionFields":{}}