{"NodeId":"nsu=http://opcfoundation.org/UA/Plc/Applications;s=RandomSignedInt32","EndpointUrl":"opc.tcp://localhost:61457/UA/SampleServer","ApplicationUri":"urn:desktop-bgfjs91:OPCFoundation:CoreSampleServer","DisplayName":"nsu=http://opcfoundation.org/UA/Plc/Applications;s=RandomSignedInt32","Timestamp":"2024-04-27T14:22:56.1229043Z","Value":{"Value":{"Type":6,"Body":-1400897496},"SourceTimestamp":"2024-04-27T14:22:56.0905377Z","ServerTimestamp":"2024-04-27T14:22:56.0905712Z"},"SequenceNumber":140,"ExtensionFields":{}}