{"NodeId":"nsu=http://opcfoundation.org/UA/Plc/Applications;s=RandomUnsignedInt32","EndpointUrl":"opc.tcp://localhost:61457/UA/SampleServer","ApplicationUri":"urn:desktop-bgfjs91:OPCFoundation:CoreSampleServer","DisplayName":"nsu=http://opcfoundation.org/UA/Plc/Applications;s=RandomUnsignedInt32","Timestamp":"2024-04-27T14:22:56.1229043Z","Value":{"Value":{"Type":7,"Body":1607227562},"SourceTimestamp":"2024-04-27T14:22:56.0905473Z","ServerTimestamp":"2024-04-27T14:22:56.0905492Z"},"SequenceNumber":141,"ExtensionFields":{}}