{"NodeId":"nsu=http://opcfoundation.org/UA/Plc/Applications;s=FastUIntScalar2","EndpointUrl":"opc.tcp://localhost:61457/UA/SampleServer","ApplicationUri":"urn:desktop-bgfjs91:OPCFoundation:CoreSampleServer","DisplayName":"nsu=http://opcfoundation.org/UA/Plc/Applications;s=FastUIntScalar2","Timestamp":"2024-04-27T14:22:56.1833921Z","Value":{"Value":{"Type":7,"Body":33},"SourceTimestamp":"2024-04-27T14:22:55.79297Z","ServerTimestamp":"2024-04-27T14:22:55.7929771Z"},"SequenceNumber":131,"ExtensionFields":{}}