{"NodeId":"nsu=http://opcfoundation.org/UA/Plc/Applications;s=FastUIntScalar3","EndpointUrl":"opc.tcp://localhost:61457/UA/SampleServer","ApplicationUri":"urn:desktop-bgfjs91:OPCFoundation:CoreSampleServer","DisplayName":"nsu=http://opcfoundation.org/UA/Plc/Applications;s=FastUIntScalar3","Timestamp":"2024-04-27T14:22:56.1833921Z","Value":{"Value":{"Type":7,"Body":33},"SourceTimestamp":"2024-04-27T14:22:55.7929789Z","ServerTimestamp":"2024-04-27T14:22:55.79298Z"},"SequenceNumber":132,"ExtensionFields":{}}