{"NodeId":"nsu=http://opcfoundation.org/UA/Plc/Applications;s=FastRandomUIntScalar3","EndpointUrl":"opc.tcp://localhost:61457/UA/SampleServer","ApplicationUri":"urn:desktop-bgfjs91:OPCFoundation:CoreSampleServer","DisplayName":"nsu=http://opcfoundation.org/UA/Plc/Applications;s=FastRandomUIntScalar3","Timestamp":"2024-04-27T14:22:56.1833921Z","Value":{"Value":{"Type":7,"Body":2076351494},"SourceTimestamp":"2024-04-27T14:22:55.7929799Z","ServerTimestamp":"2024-04-27T14:22:55.7929819Z"},"SequenceNumber":135,"ExtensionFields":{}}