{"NodeId":"nsu=http://opcfoundation.org/UA/Plc/Applications;s=RandomSignedInt32","EndpointUrl":"opc.tcp://localhost:61457/UA/SampleServer","ApplicationUri":"urn:desktop-bgfjs91:OPCFoundation:CoreSampleServer","DisplayName":"nsu=http://opcfoundation.org/UA/Plc/Applications;s=RandomSignedInt32","Timestamp":"2024-04-27T14:22:57.1109261Z","Value":{"Value":{"Type":6,"Body":-2020851938},"SourceTimestamp":"2024-04-27T14:22:57.0806901Z","ServerTimestamp":"2024-04-27T14:22:57.0806907Z"},"SequenceNumber":145,"ExtensionFields":{}}