{"NodeId":"nsu=http://opcfoundation.org/UA/Plc/Applications;s=FastRandomUIntScalar2","EndpointUrl":"opc.tcp://localhost:61457/UA/SampleServer","ApplicationUri":"urn:desktop-bgfjs91:OPCFoundation:CoreSampleServer","DisplayName":"nsu=http://opcfoundation.org/UA/Plc/Applications;s=FastRandomUIntScalar2","Timestamp":"2024-04-27T14:22:57.17271Z","Value":{"Value":{"Type":7,"Body":3930411098},"SourceTimestamp":"2024-04-27T14:22:56.7856488Z","ServerTimestamp":"2024-04-27T14:22:56.7856511Z"},"SequenceNumber":139,"ExtensionFields":{}}