{"NodeId":"nsu=http://opcfoundation.org/UA/Plc/Applications;s=FastRandomUIntScalar3","EndpointUrl":"opc.tcp://localhost:61457/UA/SampleServer","ApplicationUri":"urn:desktop-bgfjs91:OPCFoundation:CoreSampleServer","DisplayName":"nsu=http://opcfoundation.org/UA/Plc/Applications;s=FastRandomUIntScalar3","Timestamp":"2024-04-27T14:22:57.17271Z","Value":{"Value":{"Type":7,"Body":1819189732},"SourceTimestamp":"2024-04-27T14:22:56.7856528Z","ServerTimestamp":"2024-04-27T14:22:56.7857002Z"},"SequenceNumber":140,"ExtensionFields":{}}