{"NodeId":"nsu=http://opcfoundation.org/UA/Plc/Applications;s=AlternatingBoolean","EndpointUrl":"opc.tcp://localhost:61457/UA/SampleServer","ApplicationUri":"urn:desktop-bgfjs91:OPCFoundation:CoreSampleServer","DisplayName":"nsu=http://opcfoundation.org/UA/Plc/Applications;s=AlternatingBoolean","Timestamp":"2024-04-27T14:22:58.1054427Z","Value":{"Value":{"Type":1,"Body":false},"SourceTimestamp":"2024-04-27T14:22:57.889316Z","ServerTimestamp":"2024-04-27T14:22:57.8893235Z"},"SequenceNumber":150,"ExtensionFields":{}}