{"NodeId":"nsu=http://opcfoundation.org/UA/Plc/Applications;s=FastUIntScalar1","EndpointUrl":"opc.tcp://localhost:61457/UA/SampleServer","ApplicationUri":"urn:desktop-bgfjs91:OPCFoundation:CoreSampleServer","DisplayName":"nsu=http://opcfoundation.org/UA/Plc/Applications;s=FastUIntScalar1","Timestamp":"2024-04-27T14:22:58.1054427Z","Value":{"Value":{"Type":7,"Body":35},"SourceTimestamp":"2024-04-27T14:22:57.7941707Z","ServerTimestamp":"2024-04-27T14:22:57.7941732Z"},"SequenceNumber":154,"ExtensionFields":{}}