{"NodeId":"nsu=http://opcfoundation.org/UA/Plc/Applications;s=FastUIntScalar3","EndpointUrl":"opc.tcp://localhost:61457/UA/SampleServer","ApplicationUri":"urn:desktop-bgfjs91:OPCFoundation:CoreSampleServer","DisplayName":"nsu=http://opcfoundation.org/UA/Plc/Applications;s=FastUIntScalar3","Timestamp":"2024-04-27T14:22:58.1677936Z","Value":{"Value":{"Type":7,"Body":35},"SourceTimestamp":"2024-04-27T14:22:57.7941906Z","ServerTimestamp":"2024-04-27T14:22:57.7941956Z"},"SequenceNumber":142,"ExtensionFields":{}}