{"NodeId":"nsu=http://opcfoundation.org/UA/Plc/Applications;s=FastRandomUIntScalar3","EndpointUrl":"opc.tcp://localhost:61457/UA/SampleServer","ApplicationUri":"urn:desktop-bgfjs91:OPCFoundation:CoreSampleServer","DisplayName":"nsu=http://opcfoundation.org/UA/Plc/Applications;s=FastRandomUIntScalar3","Timestamp":"2024-04-27T14:22:58.1677936Z","Value":{"Value":{"Type":7,"Body":332510718},"SourceTimestamp":"2024-04-27T14:22:57.794196Z","ServerTimestamp":"2024-04-27T14:22:57.7941966Z"},"SequenceNumber":145,"ExtensionFields":{}}