{"NodeId":"nsu=http://opcfoundation.org/UA/Plc/Applications;s=RandomUnsignedInt32","EndpointUrl":"opc.tcp://localhost:61457/UA/SampleServer","ApplicationUri":"urn:desktop-bgfjs91:OPCFoundation:CoreSampleServer","DisplayName":"nsu=http://opcfoundation.org/UA/Plc/Applications;s=RandomUnsignedInt32","Timestamp":"2024-04-27T14:22:59.0962531Z","Value":{"Value":{"Type":7,"Body":196497241},"SourceTimestamp":"2024-04-27T14:22:58.985809Z","ServerTimestamp":"2024-04-27T14:22:58.985815Z"},"SequenceNumber":157,"ExtensionFields":{}}