{"NodeId":"nsu=http://opcfoundation.org/UA/Plc/Applications;s=FastUIntScalar1","EndpointUrl":"opc.tcp://localhost:61457/UA/SampleServer","ApplicationUri":"urn:desktop-bgfjs91:OPCFoundation:CoreSampleServer","DisplayName":"nsu=http://opcfoundation.org/UA/Plc/Applications;s=FastUIntScalar1","Timestamp":"2024-04-27T14:22:59.0962531Z","Value":{"Value":{"Type":7,"Body":36},"SourceTimestamp":"2024-04-27T14:22:58.7817258Z","ServerTimestamp":"2024-04-27T14:22:58.7817301Z"},"SequenceNumber":159,"ExtensionFields":{}}