{"NodeId":"nsu=http://opcfoundation.org/UA/Plc/Applications;s=FastRandomUIntScalar2","EndpointUrl":"opc.tcp://localhost:61457/UA/SampleServer","ApplicationUri":"urn:desktop-bgfjs91:OPCFoundation:CoreSampleServer","DisplayName":"nsu=http://opcfoundation.org/UA/Plc/Applications;s=FastRandomUIntScalar2","Timestamp":"2024-04-27T14:22:59.1570588Z","Value":{"Value":{"Type":7,"Body":644543570},"SourceTimestamp":"2024-04-27T14:22:58.7817588Z","ServerTimestamp":"2024-04-27T14:22:58.7817638Z"},"SequenceNumber":149,"ExtensionFields":{}}