{"NodeId":"nsu=http://opcfoundation.org/UA/Plc/Applications;s=SpikeData","EndpointUrl":"opc.tcp://localhost:61457/UA/SampleServer","ApplicationUri":"urn:desktop-bgfjs91:OPCFoundation:CoreSampleServer","DisplayName":"nsu=http://opcfoundation.org/UA/Plc/Applications;s=SpikeData","Timestamp":"2024-04-27T14:22:59.3406354Z","Value":{"Value":{"Type":11,"Body":-98.228725072868869},"SourceTimestamp":"2024-04-27T14:22:59.2940134Z","ServerTimestamp":"2024-04-27T14:22:59.2940174Z"},"SequenceNumber":30,"ExtensionFields":{}}