{"NodeId":"nsu=http://opcfoundation.org/UA/Plc/Applications;s=SpikeData","EndpointUrl":"opc.tcp://localhost:61457/UA/SampleServer","ApplicationUri":"urn:desktop-bgfjs91:OPCFoundation:CoreSampleServer","DisplayName":"nsu=http://opcfoundation.org/UA/Plc/Applications;s=SpikeData","Timestamp":"2024-04-27T14:23:00.3328834Z","Value":{"Value":{"Type":11,"Body":-12.533323356430429},"SourceTimestamp":"2024-04-27T14:23:00.285764Z","ServerTimestamp":"2024-04-27T14:23:00.2857689Z"},"SequenceNumber":31,"ExtensionFields":{}}