{"NodeId":"nsu=http://opcfoundation.org/UA/Plc/Applications;s=FastRandomUIntScalar2","EndpointUrl":"opc.tcp://localhost:61457/UA/SampleServer","ApplicationUri":"urn:desktop-bgfjs91:OPCFoundation:CoreSampleServer","DisplayName":"nsu=http://opcfoundation.org/UA/Plc/Applications;s=FastRandomUIntScalar2","Timestamp":"2024-04-27T14:22:28.1926235Z","Value":{"Value":{"Type":7,"Body":110910811},"SourceTimestamp":"2024-04-27T14:22:27.7915775Z","ServerTimestamp":"2024-04-27T14:22:27.7915783Z"},"SequenceNumber":14,"ExtensionFields":{}}