{"NodeId":"nsu=http://opcfoundation.org/UA/Plc/Applications;s=FastRandomUIntScalar2","EndpointUrl":"opc.tcp://localhost:61457/UA/SampleServer","ApplicationUri":"urn:desktop-bgfjs91:OPCFoundation:CoreSampleServer","DisplayName":"nsu=http://opcfoundation.org/UA/Plc/Applications;s=FastRandomUIntScalar2","Timestamp":"2024-04-27T14:23:01.2009694Z","Value":{"Value":{"Type":7,"Body":626998256},"SourceTimestamp":"2024-04-27T14:23:00.7846239Z","ServerTimestamp":"2024-04-27T14:23:00.7846248Z"},"SequenceNumber":154,"ExtensionFields":{}}