{"NodeId":"nsu=http://opcfoundation.org/UA/Plc/Applications;s=FastRandomUIntScalar3","EndpointUrl":"opc.tcp://localhost:61457/UA/SampleServer","ApplicationUri":"urn:desktop-bgfjs91:OPCFoundation:CoreSampleServer","DisplayName":"nsu=http://opcfoundation.org/UA/Plc/Applications;s=FastRandomUIntScalar3","Timestamp":"2024-04-27T14:23:01.2009694Z","Value":{"Value":{"Type":7,"Body":1547624053},"SourceTimestamp":"2024-04-27T14:23:00.7846272Z","ServerTimestamp":"2024-04-27T14:23:00.7846341Z"},"SequenceNumber":155,"ExtensionFields":{}}