{"NodeId":"nsu=http://opcfoundation.org/UA/Plc/Applications;s=SpikeData","EndpointUrl":"opc.tcp://localhost:61457/UA/SampleServer","ApplicationUri":"urn:desktop-bgfjs91:OPCFoundation:CoreSampleServer","DisplayName":"nsu=http://opcfoundation.org/UA/Plc/Applications;s=SpikeData","Timestamp":"2024-04-27T14:23:01.3252054Z","Value":{"Value":{"Type":11,"Body":90.482705246601952},"SourceTimestamp":"2024-04-27T14:23:01.2934243Z","ServerTimestamp":"2024-04-27T14:23:01.2934337Z"},"SequenceNumber":32,"ExtensionFields":{}}