{"NodeId":"nsu=http://opcfoundation.org/UA/Plc/Applications;s=RandomUnsignedInt32","EndpointUrl":"opc.tcp://localhost:61457/UA/SampleServer","ApplicationUri":"urn:desktop-bgfjs91:OPCFoundation:CoreSampleServer","DisplayName":"nsu=http://opcfoundation.org/UA/Plc/Applications;s=RandomUnsignedInt32","Timestamp":"2024-04-27T14:23:02.0736484Z","Value":{"Value":{"Type":7,"Body":903597941},"SourceTimestamp":"2024-04-27T14:23:01.9795842Z","ServerTimestamp":"2024-04-27T14:23:01.979593Z"},"SequenceNumber":167,"ExtensionFields":{}}