{"NodeId":"nsu=http://opcfoundation.org/UA/Plc/Applications;s=FastRandomUIntScalar2","EndpointUrl":"opc.tcp://localhost:61457/UA/SampleServer","ApplicationUri":"urn:desktop-bgfjs91:OPCFoundation:CoreSampleServer","DisplayName":"nsu=http://opcfoundation.org/UA/Plc/Applications;s=FastRandomUIntScalar2","Timestamp":"2024-04-27T14:23:02.1973152Z","Value":{"Value":{"Type":7,"Body":2240080253},"SourceTimestamp":"2024-04-27T14:23:01.7932877Z","ServerTimestamp":"2024-04-27T14:23:01.7932949Z"},"SequenceNumber":159,"ExtensionFields":{}}