{"NodeId":"nsu=http://opcfoundation.org/UA/Plc/Applications;s=FastUIntScalar1","EndpointUrl":"opc.tcp://localhost:61457/UA/SampleServer","ApplicationUri":"urn:desktop-bgfjs91:OPCFoundation:CoreSampleServer","DisplayName":"nsu=http://opcfoundation.org/UA/Plc/Applications;s=FastUIntScalar1","Timestamp":"2024-04-27T14:23:03.1261583Z","Value":{"Value":{"Type":7,"Body":40},"SourceTimestamp":"2024-04-27T14:23:02.7815585Z","ServerTimestamp":"2024-04-27T14:23:02.7815639Z"},"SequenceNumber":175,"ExtensionFields":{}}