{"NodeId":"nsu=http://opcfoundation.org/UA/Plc/Applications;s=FastUIntScalar3","EndpointUrl":"opc.tcp://localhost:61457/UA/SampleServer","ApplicationUri":"urn:desktop-bgfjs91:OPCFoundation:CoreSampleServer","DisplayName":"nsu=http://opcfoundation.org/UA/Plc/Applications;s=FastUIntScalar3","Timestamp":"2024-04-27T14:23:03.188912Z","Value":{"Value":{"Type":7,"Body":40},"SourceTimestamp":"2024-04-27T14:23:02.781569Z","ServerTimestamp":"2024-04-27T14:23:02.7815705Z"},"SequenceNumber":162,"ExtensionFields":{}}