{"NodeId":"nsu=http://opcfoundation.org/UA/Plc/Applications;s=FastRandomUIntScalar1","EndpointUrl":"opc.tcp://localhost:61457/UA/SampleServer","ApplicationUri":"urn:desktop-bgfjs91:OPCFoundation:CoreSampleServer","DisplayName":"nsu=http://opcfoundation.org/UA/Plc/Applications;s=FastRandomUIntScalar1","Timestamp":"2024-04-27T14:23:03.188912Z","Value":{"Value":{"Type":7,"Body":2627651024},"SourceTimestamp":"2024-04-27T14:23:02.7815667Z","ServerTimestamp":"2024-04-27T14:23:02.7815733Z"},"SequenceNumber":163,"ExtensionFields":{}}