{"NodeId":"nsu=http://opcfoundation.org/UA/Plc/Applications;s=FastRandomUIntScalar2","EndpointUrl":"opc.tcp://localhost:61457/UA/SampleServer","ApplicationUri":"urn:desktop-bgfjs91:OPCFoundation:CoreSampleServer","DisplayName":"nsu=http://opcfoundation.org/UA/Plc/Applications;s=FastRandomUIntScalar2","Timestamp":"2024-04-27T14:23:03.188912Z","Value":{"Value":{"Type":7,"Body":911129968},"SourceTimestamp":"2024-04-27T14:23:02.7815777Z","ServerTimestamp":"2024-04-27T14:23:02.7816212Z"},"SequenceNumber":164,"ExtensionFields":{}}