{"NodeId":"nsu=http://opcfoundation.org/UA/Plc/Applications;s=RandomSignedInt32","EndpointUrl":"opc.tcp://localhost:61457/UA/SampleServer","ApplicationUri":"urn:desktop-bgfjs91:OPCFoundation:CoreSampleServer","DisplayName":"nsu=http://opcfoundation.org/UA/Plc/Applications;s=RandomSignedInt32","Timestamp":"2024-04-27T14:23:04.1224561Z","Value":{"Value":{"Type":6,"Body":-1958176097},"SourceTimestamp":"2024-04-27T14:23:04.0905727Z","ServerTimestamp":"2024-04-27T14:23:04.0906619Z"},"SequenceNumber":177,"ExtensionFields":{}}