{"NodeId":"nsu=http://opcfoundation.org/UA/Plc/Applications;s=RandomUnsignedInt32","EndpointUrl":"opc.tcp://localhost:61457/UA/SampleServer","ApplicationUri":"urn:desktop-bgfjs91:OPCFoundation:CoreSampleServer","DisplayName":"nsu=http://opcfoundation.org/UA/Plc/Applications;s=RandomUnsignedInt32","Timestamp":"2024-04-27T14:23:04.1224561Z","Value":{"Value":{"Type":7,"Body":922888427},"SourceTimestamp":"2024-04-27T14:23:04.0905586Z","ServerTimestamp":"2024-04-27T14:23:04.0905632Z"},"SequenceNumber":178,"ExtensionFields":{}}