{"NodeId":"nsu=http://opcfoundation.org/UA/Plc/Applications;s=DipData","EndpointUrl":"opc.tcp://localhost:61457/UA/SampleServer","ApplicationUri":"urn:desktop-bgfjs91:OPCFoundation:CoreSampleServer","DisplayName":"nsu=http://opcfoundation.org/UA/Plc/Applications;s=DipData","Timestamp":"2024-04-27T14:23:04.1224561Z","Value":{"Value":{"Type":11,"Body":-99.80267284282715},"SourceTimestamp":"2024-04-27T14:23:04.0905872Z","ServerTimestamp":"2024-04-27T14:23:04.0906023Z"},"SequenceNumber":179,"ExtensionFields":{}}