{"NodeId":"nsu=http://opcfoundation.org/UA/Plc/Applications;s=FastUIntScalar1","EndpointUrl":"opc.tcp://localhost:61457/UA/SampleServer","ApplicationUri":"urn:desktop-bgfjs91:OPCFoundation:CoreSampleServer","DisplayName":"nsu=http://opcfoundation.org/UA/Plc/Applications;s=FastUIntScalar1","Timestamp":"2024-04-27T14:23:04.1224561Z","Value":{"Value":{"Type":7,"Body":41},"SourceTimestamp":"2024-04-27T14:23:03.7948405Z","ServerTimestamp":"2024-04-27T14:23:03.7948426Z"},"SequenceNumber":180,"ExtensionFields":{}}