{"NodeId":"nsu=http://opcfoundation.org/UA/Plc/Applications;s=FastRandomUIntScalar2","EndpointUrl":"opc.tcp://localhost:61457/UA/SampleServer","ApplicationUri":"urn:desktop-bgfjs91:OPCFoundation:CoreSampleServer","DisplayName":"nsu=http://opcfoundation.org/UA/Plc/Applications;s=FastRandomUIntScalar2","Timestamp":"2024-04-27T14:23:04.1844493Z","Value":{"Value":{"Type":7,"Body":1571475105},"SourceTimestamp":"2024-04-27T14:23:03.7948574Z","ServerTimestamp":"2024-04-27T14:23:03.7948584Z"},"SequenceNumber":169,"ExtensionFields":{}}