{"NodeId":"nsu=http://opcfoundation.org/UA/Plc/Applications;s=FastRandomUIntScalar3","EndpointUrl":"opc.tcp://localhost:61457/UA/SampleServer","ApplicationUri":"urn:desktop-bgfjs91:OPCFoundation:CoreSampleServer","DisplayName":"nsu=http://opcfoundation.org/UA/Plc/Applications;s=FastRandomUIntScalar3","Timestamp":"2024-04-27T14:23:04.1844493Z","Value":{"Value":{"Type":7,"Body":557595457},"SourceTimestamp":"2024-04-27T14:23:03.7948594Z","ServerTimestamp":"2024-04-27T14:23:03.7948603Z"},"SequenceNumber":170,"ExtensionFields":{}}