{"NodeId":"nsu=http://opcfoundation.org/UA/Plc/Applications;s=SlowUIntScalar2","EndpointUrl":"opc.tcp://localhost:61457/UA/SampleServer","ApplicationUri":"urn:desktop-bgfjs91:OPCFoundation:CoreSampleServer","DisplayName":"nsu=http://opcfoundation.org/UA/Plc/Applications;s=SlowUIntScalar2","Timestamp":"2024-04-27T14:23:04.2471522Z","Value":{"Value":{"Type":7,"Body":4},"SourceTimestamp":"2024-04-27T14:23:02.7815642Z","ServerTimestamp":"2024-04-27T14:23:02.7815663Z"},"SequenceNumber":14,"ExtensionFields":{}}