{"NodeId":"nsu=http://opcfoundation.org/UA/Plc/Applications;s=RandomUnsignedInt32","EndpointUrl":"opc.tcp://localhost:61457/UA/SampleServer","ApplicationUri":"urn:desktop-bgfjs91:OPCFoundation:CoreSampleServer","DisplayName":"nsu=http://opcfoundation.org/UA/Plc/Applications;s=RandomUnsignedInt32","Timestamp":"2024-04-27T14:22:29.1240014Z","Value":{"Value":{"Type":7,"Body":1340588699},"SourceTimestamp":"2024-04-27T14:22:29.0937352Z","ServerTimestamp":"2024-04-27T14:22:29.0937997Z"},"SequenceNumber":21,"ExtensionFields":{}}