{"NodeId":"nsu=http://opcfoundation.org/UA/Plc/Applications;s=FastUIntScalar3","EndpointUrl":"opc.tcp://localhost:61457/UA/SampleServer","ApplicationUri":"urn:desktop-bgfjs91:OPCFoundation:CoreSampleServer","DisplayName":"nsu=http://opcfoundation.org/UA/Plc/Applications;s=FastUIntScalar3","Timestamp":"2024-04-27T14:23:05.1741675Z","Value":{"Value":{"Type":7,"Body":42},"SourceTimestamp":"2024-04-27T14:23:04.7880514Z","ServerTimestamp":"2024-04-27T14:23:04.7880532Z"},"SequenceNumber":172,"ExtensionFields":{}}