{"NodeId":"nsu=http://opcfoundation.org/UA/Plc/Applications;s=FastRandomUIntScalar1","EndpointUrl":"opc.tcp://localhost:61457/UA/SampleServer","ApplicationUri":"urn:desktop-bgfjs91:OPCFoundation:CoreSampleServer","DisplayName":"nsu=http://opcfoundation.org/UA/Plc/Applications;s=FastRandomUIntScalar1","Timestamp":"2024-04-27T14:23:05.1741675Z","Value":{"Value":{"Type":7,"Body":1287888993},"SourceTimestamp":"2024-04-27T14:23:04.788011Z","ServerTimestamp":"2024-04-27T14:23:04.7880377Z"},"SequenceNumber":173,"ExtensionFields":{}}