{"NodeId":"nsu=http://opcfoundation.org/UA/Plc/Applications;s=RandomSignedInt32","EndpointUrl":"opc.tcp://localhost:61457/UA/SampleServer","ApplicationUri":"urn:desktop-bgfjs91:OPCFoundation:CoreSampleServer","DisplayName":"nsu=http://opcfoundation.org/UA/Plc/Applications;s=RandomSignedInt32","Timestamp":"2024-04-27T14:23:06.103139Z","Value":{"Value":{"Type":6,"Body":-47377271},"SourceTimestamp":"2024-04-27T14:23:06.0873622Z","ServerTimestamp":"2024-04-27T14:23:06.0873911Z"},"SequenceNumber":187,"ExtensionFields":{}}