{"NodeId":"nsu=http://opcfoundation.org/UA/Plc/Applications;s=FastUIntScalar3","EndpointUrl":"opc.tcp://localhost:61457/UA/SampleServer","ApplicationUri":"urn:desktop-bgfjs91:OPCFoundation:CoreSampleServer","DisplayName":"nsu=http://opcfoundation.org/UA/Plc/Applications;s=FastUIntScalar3","Timestamp":"2024-04-27T14:23:06.1639179Z","Value":{"Value":{"Type":7,"Body":43},"SourceTimestamp":"2024-04-27T14:23:05.7927997Z","ServerTimestamp":"2024-04-27T14:23:05.7928008Z"},"SequenceNumber":177,"ExtensionFields":{}}