{"NodeId":"nsu=http://opcfoundation.org/UA/Plc/Applications;s=FastUIntScalar1","EndpointUrl":"opc.tcp://localhost:61457/UA/SampleServer","ApplicationUri":"urn:desktop-bgfjs91:OPCFoundation:CoreSampleServer","DisplayName":"nsu=http://opcfoundation.org/UA/Plc/Applications;s=FastUIntScalar1","Timestamp":"2024-04-27T14:22:29.1240014Z","Value":{"Value":{"Type":7,"Body":6},"SourceTimestamp":"2024-04-27T14:22:28.7799071Z","ServerTimestamp":"2024-04-27T14:22:28.7799093Z"},"SequenceNumber":23,"ExtensionFields":{}}