{"NodeId":"nsu=http://opcfoundation.org/UA/Plc/Applications;s=SpikeData","EndpointUrl":"opc.tcp://localhost:61457/UA/SampleServer","ApplicationUri":"urn:desktop-bgfjs91:OPCFoundation:CoreSampleServer","DisplayName":"nsu=http://opcfoundation.org/UA/Plc/Applications;s=SpikeData","Timestamp":"2024-04-27T14:23:06.2872408Z","Value":{"Value":{"Type":11,"Body":84.432792550201498},"SourceTimestamp":"2024-04-27T14:23:06.1937101Z","ServerTimestamp":"2024-04-27T14:23:06.193711Z"},"SequenceNumber":36,"ExtensionFields":{}}