{"NodeId":"nsu=http://opcfoundation.org/UA/Plc/Applications;s=FastRandomUIntScalar2","EndpointUrl":"opc.tcp://localhost:61457/UA/SampleServer","ApplicationUri":"urn:desktop-bgfjs91:OPCFoundation:CoreSampleServer","DisplayName":"nsu=http://opcfoundation.org/UA/Plc/Applications;s=FastRandomUIntScalar2","Timestamp":"2024-04-27T14:23:07.1569065Z","Value":{"Value":{"Type":7,"Body":3963885153},"SourceTimestamp":"2024-04-27T14:23:06.7822333Z","ServerTimestamp":"2024-04-27T14:23:06.782235Z"},"SequenceNumber":184,"ExtensionFields":{}}