{"NodeId":"nsu=http://opcfoundation.org/UA/Plc/Applications;s=DipData","EndpointUrl":"opc.tcp://localhost:61457/UA/SampleServer","ApplicationUri":"urn:desktop-bgfjs91:OPCFoundation:CoreSampleServer","DisplayName":"nsu=http://opcfoundation.org/UA/Plc/Applications;s=DipData","Timestamp":"2024-04-27T14:23:09.0758333Z","Value":{"Value":{"Type":11,"Body":-98.228725072868855},"SourceTimestamp":"2024-04-27T14:23:08.98243Z","ServerTimestamp":"2024-04-27T14:23:08.9824345Z"},"SequenceNumber":200,"ExtensionFields":{}}