{"NodeId":"nsu=http://opcfoundation.org/UA/Plc/Applications;s=FastRandomUIntScalar2","EndpointUrl":"opc.tcp://localhost:61457/UA/SampleServer","ApplicationUri":"urn:desktop-bgfjs91:OPCFoundation:CoreSampleServer","DisplayName":"nsu=http://opcfoundation.org/UA/Plc/Applications;s=FastRandomUIntScalar2","Timestamp":"2024-04-27T14:23:09.1997358Z","Value":{"Value":{"Type":7,"Body":1454900181},"SourceTimestamp":"2024-04-27T14:23:08.7804252Z","ServerTimestamp":"2024-04-27T14:23:08.7804267Z"},"SequenceNumber":189,"ExtensionFields":{}}