{"NodeId":"nsu=http://opcfoundation.org/UA/Plc/Applications;s=RandomSignedInt32","EndpointUrl":"opc.tcp://localhost:61457/UA/SampleServer","ApplicationUri":"urn:desktop-bgfjs91:OPCFoundation:CoreSampleServer","DisplayName":"nsu=http://opcfoundation.org/UA/Plc/Applications;s=RandomSignedInt32","Timestamp":"2024-04-27T14:23:10.1249508Z","Value":{"Value":{"Type":6,"Body":-2042515381},"SourceTimestamp":"2024-04-27T14:23:10.0946589Z","ServerTimestamp":"2024-04-27T14:23:10.0946664Z"},"SequenceNumber":203,"ExtensionFields":{}}