{"NodeId":"nsu=http://opcfoundation.org/UA/Plc/Applications;s=FastUIntScalar3","EndpointUrl":"opc.tcp://localhost:61457/UA/SampleServer","ApplicationUri":"urn:desktop-bgfjs91:OPCFoundation:CoreSampleServer","DisplayName":"nsu=http://opcfoundation.org/UA/Plc/Applications;s=FastUIntScalar3","Timestamp":"2024-04-27T14:23:10.1876173Z","Value":{"Value":{"Type":7,"Body":47},"SourceTimestamp":"2024-04-27T14:23:09.7857403Z","ServerTimestamp":"2024-04-27T14:23:09.7857412Z"},"SequenceNumber":192,"ExtensionFields":{}}