{"NodeId":"nsu=http://opcfoundation.org/UA/Plc/Applications;s=FastRandomUIntScalar1","EndpointUrl":"opc.tcp://localhost:61457/UA/SampleServer","ApplicationUri":"urn:desktop-bgfjs91:OPCFoundation:CoreSampleServer","DisplayName":"nsu=http://opcfoundation.org/UA/Plc/Applications;s=FastRandomUIntScalar1","Timestamp":"2024-04-27T14:23:10.1876173Z","Value":{"Value":{"Type":7,"Body":3297014681},"SourceTimestamp":"2024-04-27T14:23:09.7857184Z","ServerTimestamp":"2024-04-27T14:23:09.7857208Z"},"SequenceNumber":193,"ExtensionFields":{}}