{"NodeId":"nsu=http://opcfoundation.org/UA/Plc/Applications;s=RandomSignedInt32","EndpointUrl":"opc.tcp://localhost:61457/UA/SampleServer","ApplicationUri":"urn:desktop-bgfjs91:OPCFoundation:CoreSampleServer","DisplayName":"nsu=http://opcfoundation.org/UA/Plc/Applications;s=RandomSignedInt32","Timestamp":"2024-04-27T14:23:11.1160647Z","Value":{"Value":{"Type":6,"Body":-754553386},"SourceTimestamp":"2024-04-27T14:23:11.085634Z","ServerTimestamp":"2024-04-27T14:23:11.0856645Z"},"SequenceNumber":208,"ExtensionFields":{}}