{"NodeId":"nsu=http://opcfoundation.org/UA/Plc/Applications;s=RandomUnsignedInt32","EndpointUrl":"opc.tcp://localhost:61457/UA/SampleServer","ApplicationUri":"urn:desktop-bgfjs91:OPCFoundation:CoreSampleServer","DisplayName":"nsu=http://opcfoundation.org/UA/Plc/Applications;s=RandomUnsignedInt32","Timestamp":"2024-04-27T14:23:11.1160647Z","Value":{"Value":{"Type":7,"Body":991738468},"SourceTimestamp":"2024-04-27T14:23:11.0856449Z","ServerTimestamp":"2024-04-27T14:23:11.0857074Z"},"SequenceNumber":209,"ExtensionFields":{}}