{"NodeId":"nsu=http://opcfoundation.org/UA/Plc/Applications;s=FastUIntScalar1","EndpointUrl":"opc.tcp://localhost:61457/UA/SampleServer","ApplicationUri":"urn:desktop-bgfjs91:OPCFoundation:CoreSampleServer","DisplayName":"nsu=http://opcfoundation.org/UA/Plc/Applications;s=FastUIntScalar1","Timestamp":"2024-04-27T14:23:11.1160647Z","Value":{"Value":{"Type":7,"Body":48},"SourceTimestamp":"2024-04-27T14:23:10.7936067Z","ServerTimestamp":"2024-04-27T14:23:10.7936104Z"},"SequenceNumber":211,"ExtensionFields":{}}