{"NodeId":"nsu=http://opcfoundation.org/UA/Plc/Applications;s=DipData","EndpointUrl":"opc.tcp://localhost:61457/UA/SampleServer","ApplicationUri":"urn:desktop-bgfjs91:OPCFoundation:CoreSampleServer","DisplayName":"nsu=http://opcfoundation.org/UA/Plc/Applications;s=DipData","Timestamp":"2024-04-27T14:23:12.0979008Z","Value":{"Value":{"Type":11,"Body":84.432792550201512},"SourceTimestamp":"2024-04-27T14:23:12.0820938Z","ServerTimestamp":"2024-04-27T14:23:12.0820992Z"},"SequenceNumber":215,"ExtensionFields":{}}