{"NodeId":"nsu=http://opcfoundation.org/UA/Plc/Applications;s=FastUIntScalar1","EndpointUrl":"opc.tcp://localhost:61457/UA/SampleServer","ApplicationUri":"urn:desktop-bgfjs91:OPCFoundation:CoreSampleServer","DisplayName":"nsu=http://opcfoundation.org/UA/Plc/Applications;s=FastUIntScalar1","Timestamp":"2024-04-27T14:23:12.0979008Z","Value":{"Value":{"Type":7,"Body":49},"SourceTimestamp":"2024-04-27T14:23:11.7894759Z","ServerTimestamp":"2024-04-27T14:23:11.7894779Z"},"SequenceNumber":216,"ExtensionFields":{}}