{"NodeId":"nsu=http://opcfoundation.org/UA/Plc/Applications;s=SpikeData","EndpointUrl":"opc.tcp://localhost:61457/UA/SampleServer","ApplicationUri":"urn:desktop-bgfjs91:OPCFoundation:CoreSampleServer","DisplayName":"nsu=http://opcfoundation.org/UA/Plc/Applications;s=SpikeData","Timestamp":"2024-04-27T14:23:12.3454564Z","Value":{"Value":{"Type":11,"Body":68.454710592868878},"SourceTimestamp":"2024-04-27T14:23:12.2830461Z","ServerTimestamp":"2024-04-27T14:23:12.2830536Z"},"SequenceNumber":41,"ExtensionFields":{}}