{"NodeId":"nsu=http://opcfoundation.org/UA/Plc/Applications;s=RandomUnsignedInt32","EndpointUrl":"opc.tcp://localhost:61457/UA/SampleServer","ApplicationUri":"urn:desktop-bgfjs91:OPCFoundation:CoreSampleServer","DisplayName":"nsu=http://opcfoundation.org/UA/Plc/Applications;s=RandomUnsignedInt32","Timestamp":"2024-04-27T14:22:25.1011639Z","Value":{"Value":{"Type":7,"Body":1761610847},"SourceTimestamp":"2024-04-27T14:22:25.085968Z","ServerTimestamp":"2024-04-27T14:22:25.0859697Z"},"SequenceNumber":5,"ExtensionFields":{}}