{"NodeId":"nsu=http://opcfoundation.org/UA/Plc/Applications;s=RandomUnsignedInt32","EndpointUrl":"opc.tcp://localhost:61457/UA/SampleServer","ApplicationUri":"urn:desktop-bgfjs91:OPCFoundation:CoreSampleServer","DisplayName":"nsu=http://opcfoundation.org/UA/Plc/Applications;s=RandomUnsignedInt32","Timestamp":"2024-04-27T14:22:30.1180019Z","Value":{"Value":{"Type":7,"Body":211783921},"SourceTimestamp":"2024-04-27T14:22:30.0869181Z","ServerTimestamp":"2024-04-27T14:22:30.0869537Z"},"SequenceNumber":26,"ExtensionFields":{}}