{"NodeId":"nsu=http://opcfoundation.org/UA/Plc/Applications;s=FastUIntScalar3","EndpointUrl":"opc.tcp://localhost:61457/UA/SampleServer","ApplicationUri":"urn:desktop-bgfjs91:OPCFoundation:CoreSampleServer","DisplayName":"nsu=http://opcfoundation.org/UA/Plc/Applications;s=FastUIntScalar3","Timestamp":"2024-04-27T14:22:30.1782136Z","Value":{"Value":{"Type":7,"Body":7},"SourceTimestamp":"2024-04-27T14:22:29.7920508Z","ServerTimestamp":"2024-04-27T14:22:29.7920526Z"},"SequenceNumber":22,"ExtensionFields":{}}