{"NodeId":"nsu=http://opcfoundation.org/UA/Plc/Applications;s=FastRandomUIntScalar2","EndpointUrl":"opc.tcp://localhost:61457/UA/SampleServer","ApplicationUri":"urn:desktop-bgfjs91:OPCFoundation:CoreSampleServer","DisplayName":"nsu=http://opcfoundation.org/UA/Plc/Applications;s=FastRandomUIntScalar2","Timestamp":"2024-04-27T14:22:30.1782136Z","Value":{"Value":{"Type":7,"Body":2727613541},"SourceTimestamp":"2024-04-27T14:22:29.7919573Z","ServerTimestamp":"2024-04-27T14:22:29.7919867Z"},"SequenceNumber":24,"ExtensionFields":{}}