{"NodeId":"nsu=http://opcfoundation.org/UA/Plc/Applications;s=FastUIntScalar3","EndpointUrl":"opc.tcp://localhost:61457/UA/SampleServer","ApplicationUri":"urn:desktop-bgfjs91:OPCFoundation:CoreSampleServer","DisplayName":"nsu=http://opcfoundation.org/UA/Plc/Applications;s=FastUIntScalar3","Timestamp":"2024-04-27T14:22:31.1638753Z","Value":{"Value":{"Type":7,"Body":8},"SourceTimestamp":"2024-04-27T14:22:30.7924002Z","ServerTimestamp":"2024-04-27T14:22:30.7924036Z"},"SequenceNumber":27,"ExtensionFields":{}}