{"NodeId":"nsu=http://opcfoundation.org/UA/Plc/Applications;s=FastRandomUIntScalar1","EndpointUrl":"opc.tcp://localhost:61457/UA/SampleServer","ApplicationUri":"urn:desktop-bgfjs91:OPCFoundation:CoreSampleServer","DisplayName":"nsu=http://opcfoundation.org/UA/Plc/Applications;s=FastRandomUIntScalar1","Timestamp":"2024-04-27T14:22:31.1638753Z","Value":{"Value":{"Type":7,"Body":3623211416},"SourceTimestamp":"2024-04-27T14:22:30.792372Z","ServerTimestamp":"2024-04-27T14:22:30.7923841Z"},"SequenceNumber":28,"ExtensionFields":{}}