{"NodeId":"nsu=http://opcfoundation.org/UA/Plc/Applications;s=RandomSignedInt32","EndpointUrl":"opc.tcp://localhost:61457/UA/SampleServer","ApplicationUri":"urn:desktop-bgfjs91:OPCFoundation:CoreSampleServer","DisplayName":"nsu=http://opcfoundation.org/UA/Plc/Applications;s=RandomSignedInt32","Timestamp":"2024-04-27T14:22:32.0930552Z","Value":{"Value":{"Type":6,"Body":-625878417},"SourceTimestamp":"2024-04-27T14:22:31.9853986Z","ServerTimestamp":"2024-04-27T14:22:31.9853999Z"},"SequenceNumber":35,"ExtensionFields":{}}