{"NodeId":"nsu=http://opcfoundation.org/UA/Plc/Applications;s=RandomUnsignedInt32","EndpointUrl":"opc.tcp://localhost:61457/UA/SampleServer","ApplicationUri":"urn:desktop-bgfjs91:OPCFoundation:CoreSampleServer","DisplayName":"nsu=http://opcfoundation.org/UA/Plc/Applications;s=RandomUnsignedInt32","Timestamp":"2024-04-27T14:22:32.0930552Z","Value":{"Value":{"Type":7,"Body":1502557322},"SourceTimestamp":"2024-04-27T14:22:31.9854067Z","ServerTimestamp":"2024-04-27T14:22:31.9854083Z"},"SequenceNumber":36,"ExtensionFields":{}}