{"NodeId":"nsu=http://opcfoundation.org/UA/Plc/Applications;s=DipData","EndpointUrl":"opc.tcp://localhost:61457/UA/SampleServer","ApplicationUri":"urn:desktop-bgfjs91:OPCFoundation:CoreSampleServer","DisplayName":"nsu=http://opcfoundation.org/UA/Plc/Applications;s=DipData","Timestamp":"2024-04-27T14:22:32.0930552Z","Value":{"Value":{"Type":11,"Body":90.482705246601952},"SourceTimestamp":"2024-04-27T14:22:31.9854312Z","ServerTimestamp":"2024-04-27T14:22:31.9854362Z"},"SequenceNumber":37,"ExtensionFields":{}}