{"NodeId":"nsu=http://opcfoundation.org/UA/Plc/Applications;s=FastUIntScalar3","EndpointUrl":"opc.tcp://localhost:61457/UA/SampleServer","ApplicationUri":"urn:desktop-bgfjs91:OPCFoundation:CoreSampleServer","DisplayName":"nsu=http://opcfoundation.org/UA/Plc/Applications;s=FastUIntScalar3","Timestamp":"2024-04-27T14:22:32.1557975Z","Value":{"Value":{"Type":7,"Body":9},"SourceTimestamp":"2024-04-27T14:22:31.7835839Z","ServerTimestamp":"2024-04-27T14:22:31.7835849Z"},"SequenceNumber":32,"ExtensionFields":{}}