{"NodeId":"nsu=http://opcfoundation.org/UA/Plc/Applications;s=RandomSignedInt32","EndpointUrl":"opc.tcp://localhost:61457/UA/SampleServer","ApplicationUri":"urn:desktop-bgfjs91:OPCFoundation:CoreSampleServer","DisplayName":"nsu=http://opcfoundation.org/UA/Plc/Applications;s=RandomSignedInt32","Timestamp":"2024-04-27T14:22:34.074006Z","Value":{"Value":{"Type":6,"Body":1562089024},"SourceTimestamp":"2024-04-27T14:22:33.982003Z","ServerTimestamp":"2024-04-27T14:22:33.9820068Z"},"SequenceNumber":41,"ExtensionFields":{}}