{"NodeId":"nsu=http://opcfoundation.org/UA/Plc/Applications;s=FastUIntScalar1","EndpointUrl":"opc.tcp://localhost:61457/UA/SampleServer","ApplicationUri":"urn:desktop-bgfjs91:OPCFoundation:CoreSampleServer","DisplayName":"nsu=http://opcfoundation.org/UA/Plc/Applications;s=FastUIntScalar1","Timestamp":"2024-04-27T14:22:34.074006Z","Value":{"Value":{"Type":7,"Body":11},"SourceTimestamp":"2024-04-27T14:22:33.7802085Z","ServerTimestamp":"2024-04-27T14:22:33.7802164Z"},"SequenceNumber":44,"ExtensionFields":{}}