{"NodeId":"nsu=http://opcfoundation.org/UA/Plc/Applications;s=FastUIntScalar3","EndpointUrl":"opc.tcp://localhost:61457/UA/SampleServer","ApplicationUri":"urn:desktop-bgfjs91:OPCFoundation:CoreSampleServer","DisplayName":"nsu=http://opcfoundation.org/UA/Plc/Applications;s=FastUIntScalar3","Timestamp":"2024-04-27T14:22:34.1988413Z","Value":{"Value":{"Type":7,"Body":11},"SourceTimestamp":"2024-04-27T14:22:33.7802259Z","ServerTimestamp":"2024-04-27T14:22:33.7802276Z"},"SequenceNumber":37,"ExtensionFields":{}}