{"NodeId":"nsu=http://opcfoundation.org/UA/Plc/Applications;s=SlowUIntScalar1","EndpointUrl":"opc.tcp://localhost:61457/UA/SampleServer","ApplicationUri":"urn:desktop-bgfjs91:OPCFoundation:CoreSampleServer","DisplayName":"nsu=http://opcfoundation.org/UA/Plc/Applications;s=SlowUIntScalar1","Timestamp":"2024-04-27T14:22:34.2598613Z","Value":{"Value":{"Type":7,"Body":1},"SourceTimestamp":"2024-04-27T14:22:32.7882788Z","ServerTimestamp":"2024-04-27T14:22:32.7882814Z"},"SequenceNumber":1,"ExtensionFields":{}}