[{"SequenceNumber":3,"MetaDataVersion":{"MajorVersion":1},"Timestamp":"2024-04-27T06:42:37.8244874Z","MessageType":"ua-event","DataSetWriterName":"<<UnknownDataSet>>|SimpleEvents","Payload":{"EventId":{"Value":{"Type":15,"Body":"91+9XM/6PU+pSEbJlcfsog=="}},"Message":{"Value":{"Type":21,"Body":{"Text":"The system cycle '3' has started.","Locale":"en-US"}}},"nsu=http://opcfoundation.org/SimpleEvents;CycleId":{"Value":{"Type":12,"Body":"3"}},"nsu=http://opcfoundation.org/SimpleEvents;CurrentStep":{"Value":{"Type":22,"Body":{"TypeId":{"Id":183},"Body":{"Name":"Step 1","Duration":1000}}}}}}]