[{"SequenceNumber":8,"MetaDataVersion":{"MajorVersion":1},"Timestamp":"2024-04-27T06:42:57.8781609Z","MessageType":"ua-event","DataSetWriterName":"<<UnknownDataSet>>|SimpleEvents","Payload":{"EventId":{"Value":{"Type":15,"Body":"o7veSnwvc0aBy0lS+k++oA=="}},"Message":{"Value":{"Type":21,"Body":{"Text":"The system cycle '8' has started.","Locale":"en-US"}}},"nsu=http://opcfoundation.org/SimpleEvents;CycleId":{"Value":{"Type":12,"Body":"8"}},"nsu=http://opcfoundation.org/SimpleEvents;CurrentStep":{"Value":{"Type":22,"Body":{"TypeId":{"Id":183},"Body":{"Name":"Step 1","Duration":1000}}}}}}]