{"NodeId":"nsu=http://opcfoundation.org/UA/Plc/Applications;s=BadSlowUIntScalar1","EndpointUrl":"opc.tcp://localhost:61457/UA/SampleServer","ApplicationUri":"urn:desktop-bgfjs91:OPCFoundation:CoreSampleServer","DisplayName":"nsu=http://opcfoundation.org/UA/Plc/Applications;s=BadSlowUIntScalar1","Timestamp":"2024-04-27T14:02:57.1399373Z","Value":{"Value":{"Type":7,"Body":2},"SourceTimestamp":"2024-04-27T14:02:55.5603108Z","ServerTimestamp":"2024-04-27T14:02:55.5603118Z"},"SequenceNumber":2,"ExtensionFields":{}}