{"NodeId":"nsu=http://opcfoundation.org/UA/Plc/Applications;s=BadSlowUIntScalar1","EndpointUrl":"opc.tcp://localhost:61457/UA/SampleServer","ApplicationUri":"urn:desktop-bgfjs91:OPCFoundation:CoreSampleServer","DisplayName":"nsu=http://opcfoundation.org/UA/Plc/Applications;s=BadSlowUIntScalar1","Timestamp":"2024-04-27T14:03:27.1446186Z","Value":{"Value":{"Type":7,"Body":5},"SourceTimestamp":"2024-04-27T14:03:25.5671634Z","ServerTimestamp":"2024-04-27T14:03:25.5671642Z"},"SequenceNumber":5,"ExtensionFields":{}}