{"NodeId":"nsu=http://opcfoundation.org/UA/Plc/Applications;s=BadSlowUIntScalar1","EndpointUrl":"opc.tcp://localhost:61457/UA/SampleServer","ApplicationUri":"urn:desktop-bgfjs91:OPCFoundation:CoreSampleServer","DisplayName":"nsu=http://opcfoundation.org/UA/Plc/Applications;s=BadSlowUIntScalar1","Timestamp":"2024-04-27T14:03:47.1341713Z","Value":{"Value":{"Type":7,"Body":7},"SourceTimestamp":"2024-04-27T14:03:45.572686Z","ServerTimestamp":"2024-04-27T14:03:45.5726871Z"},"SequenceNumber":7,"ExtensionFields":{}}