{"NodeId":"nsu=http://opcfoundation.org/UA/Plc/Applications;s=BadSlowUIntScalar1","EndpointUrl":"opc.tcp://localhost:61457/UA/SampleServer","ApplicationUri":"urn:desktop-bgfjs91:OPCFoundation:CoreSampleServer","DisplayName":"nsu=http://opcfoundation.org/UA/Plc/Applications;s=BadSlowUIntScalar1","Timestamp":"2024-04-27T14:04:07.1677241Z","Value":{"StatusCode":2157772800,"SourceTimestamp":"2024-04-27T14:04:05.5694663Z","ServerTimestamp":"2024-04-27T14:04:05.5694663Z"},"SequenceNumber":9,"ExtensionFields":{}}