[{"i=2258":{"Value":"2024-04-27T18:43:04.6638112Z","SourceTimestamp":"2024-04-27T18:42:54.6588604Z","ServerTimestamp":"2024-04-27T18:43:04.6638101Z"},"nsu=http://opcfoundation.org/UA/Plc/Applications;s=StepUp":{"Value":109,"SourceTimestamp":"2024-04-27T18:43:04.6466903Z","ServerTimestamp":"2024-04-27T18:43:04.6638431Z"},"nsu=http://opcfoundation.org/UA/Plc/Applications;s=AlternatingBoolean":{"Value":true,"SourceTimestamp":"2024-04-27T18:43:04.6467485Z","ServerTimestamp":"2024-04-27T18:43:04.6638545Z"},"nsu=http://opcfoundation.org/UA/Plc/Applications;s=RandomSignedInt32":{"Value":1374038578,"SourceTimestamp":"2024-04-27T18:43:04.6467399Z","ServerTimestamp":"2024-04-27T18:43:04.6638575Z"},"nsu=http://opcfoundation.org/UA/Plc/Applications;s=RandomUnsignedInt32":{"Value":93687915,"SourceTimestamp":"2024-04-27T18:43:04.6467452Z","ServerTimestamp":"2024-04-27T18:43:04.6638495Z"},"nsu=http://opcfoundation.org/UA/Plc/Applications;s=DipData":{"Value":-84.432792550201498,"SourceTimestamp":"2024-04-27T18:43:04.6467265Z","ServerTimestamp":"2024-04-27T18:43:04.6638601Z"},"nsu=http://opcfoundation.org/UA/Plc/Applications;s=FastUIntScalar1":{"Value":10,"SourceTimestamp":"2024-04-27T18:43:03.7509204Z","ServerTimestamp":"2024-04-27T18:43:04.6638503Z"},"nsu=http://opcfoundation.org/UA/Plc/Applications;s=FastUIntScalar2":{"Value":10,"SourceTimestamp":"2024-04-27T18:43:03.7509347Z","ServerTimestamp":"2024-04-27T18:43:04.6638466Z"},"nsu=http://opcfoundation.org/UA/Plc/Applications;s=FastUIntScalar3":{"Value":10,"SourceTimestamp":"2024-04-27T18:43:03.7509357Z","ServerTimestamp":"2024-04-27T18:43:04.663861Z"},"nsu=http://opcfoundation.org/UA/Plc/Applications;s=FastRandomUIntScalar1":{"Value":154431426,"SourceTimestamp":"2024-04-27T18:43:03.7509353Z","ServerTimestamp":"2024-04-27T18:43:04.6638446Z"},"nsu=http://opcfoundation.org/UA/Plc/Applications;s=FastRandomUIntScalar2":{"Value":3001596445,"SourceTimestamp":"2024-04-27T18:43:03.7509369Z","ServerTimestamp":"2024-04-27T18:43:04.6638478Z"},"nsu=http://opcfoundation.org/UA/Plc/Applications;s=FastRandomUIntScalar3":{"Value":3146808250,"SourceTimestamp":"2024-04-27T18:43:03.750938Z","ServerTimestamp":"2024-04-27T18:43:04.6638595Z"},"nsu=http://opcfoundation.org/UA/Plc/Applications;s=NegativeTrendData":{"Value":100,"SourceTimestamp":"2024-04-27T18:43:04.6467502Z","ServerTimestamp":"2024-04-27T18:43:04.6638423Z"},"nsu=http://opcfoundation.org/UA/Plc/Applications;s=PositiveTrendData":{"Value":100.09999999999999,"SourceTimestamp":"2024-04-27T18:43:04.6467693Z","ServerTimestamp":"2024-04-27T18:43:04.6638528Z"},"nsu=http://opcfoundation.org/UA/Plc/Applications;s=SlowUIntScalar1":{"Value":1,"SourceTimestamp":"2024-04-27T18:43:03.7508293Z","ServerTimestamp":"2024-04-27T18:43:04.6638457Z"},"nsu=http://opcfoundation.org/UA/Plc/Applications;s=SlowUIntScalar2":{"Value":1,"SourceTimestamp":"2024-04-27T18:43:03.7508393Z","ServerTimestamp":"2024-04-27T18:43:04.6638474Z"},"nsu=http://opcfoundation.org/UA/Plc/Applications;s=SlowUIntScalar3":{"Value":1,"SourceTimestamp":"2024-04-27T18:43:03.7508417Z","ServerTimestamp":"2024-04-27T18:43:04.6638486Z"},"nsu=http://opcfoundation.org/UA/Plc/Applications;s=BadSlowUIntScalar1":{"Value":1,"SourceTimestamp":"2024-04-27T18:43:03.7508445Z","ServerTimestamp":"2024-04-27T18:43:04.6638521Z"},"nsu=http://opcfoundation.org/UA/Plc/Applications;s=SlowRandomUIntScalar1":{"Value":572555283,"SourceTimestamp":"2024-04-27T18:43:03.7509116Z","ServerTimestamp":"2024-04-27T18:43:04.6638568Z"},"nsu=http://opcfoundation.org/UA/Plc/Applications;s=SlowRandomUIntScalar2":{"Value":530983193,"SourceTimestamp":"2024-04-27T18:43:03.7509144Z","ServerTimestamp":"2024-04-27T18:43:04.6638536Z"},"nsu=http://opcfoundation.org/UA/Plc/Applications;s=SlowRandomUIntScalar3":{"Value":2203364148,"SourceTimestamp":"2024-04-27T18:43:03.7509168Z","ServerTimestamp":"2024-04-27T18:43:04.6638586Z"},"nsu=http://opcfoundation.org/UA/Plc/Applications;s=BadSlowRandomUIntScalar1":{"Value":1212265419,"SourceTimestamp":"2024-04-27T18:43:03.7509197Z","ServerTimestamp":"2024-04-27T18:43:04.6638512Z"},"nsu=http://opcfoundation.org/UA/Plc/Applications;s=SpikeData":{"Value":-84.432792550201498,"SourceTimestamp":"2024-04-27T18:43:04.6467716Z","ServerTimestamp":"2024-04-27T18:43:04.6638439Z"},"ns=23;i=1259":{"Value":0.80000000000000004,"SourceTimestamp":"2024-04-27T18:42:54.6592184Z","ServerTimestamp":"2024-04-27T18:43:04.663825Z"}}]