[{"i=2258":{"Value":"2024-04-27T18:44:35.6640655Z","SourceTimestamp":"2024-04-27T18:42:54.6588604Z","ServerTimestamp":"2024-04-27T18:44:35.6640642Z"},"nsu=http://opcfoundation.org/UA/Plc/Applications;s=StepUp":{"Value":1019,"SourceTimestamp":"2024-04-27T18:44:35.6473598Z","ServerTimestamp":"2024-04-27T18:44:35.6640972Z"},"nsu=http://opcfoundation.org/UA/Plc/Applications;s=AlternatingBoolean":{"Value":true,"SourceTimestamp":"2024-04-27T18:44:35.6474024Z","ServerTimestamp":"2024-04-27T18:44:35.6641099Z"},"nsu=http://opcfoundation.org/UA/Plc/Applications;s=RandomSignedInt32":{"Value":1179125083,"SourceTimestamp":"2024-04-27T18:44:35.647406Z","ServerTimestamp":"2024-04-27T18:44:35.6641119Z"},"nsu=http://opcfoundation.org/UA/Plc/Applications;s=RandomUnsignedInt32":{"Value":499125700,"SourceTimestamp":"2024-04-27T18:44:35.6474078Z","ServerTimestamp":"2024-04-27T18:44:35.6641038Z"},"nsu=http://opcfoundation.org/UA/Plc/Applications;s=DipData":{"Value":-77.051324277578942,"SourceTimestamp":"2024-04-27T18:44:35.6473633Z","ServerTimestamp":"2024-04-27T18:44:35.6641144Z"},"nsu=http://opcfoundation.org/UA/Plc/Applications;s=FastUIntScalar1":{"Value":101,"SourceTimestamp":"2024-04-27T18:44:34.7457609Z","ServerTimestamp":"2024-04-27T18:44:35.6641047Z"},"nsu=http://opcfoundation.org/UA/Plc/Applications;s=FastUIntScalar2":{"Value":101,"SourceTimestamp":"2024-04-27T18:44:34.7457641Z","ServerTimestamp":"2024-04-27T18:44:35.6641008Z"},"nsu=http://opcfoundation.org/UA/Plc/Applications;s=FastUIntScalar3":{"Value":101,"SourceTimestamp":"2024-04-27T18:44:34.7457673Z","ServerTimestamp":"2024-04-27T18:44:35.6641153Z"},"nsu=http://opcfoundation.org/UA/Plc/Applications;s=FastRandomUIntScalar1":{"Value":3418674649,"SourceTimestamp":"2024-04-27T18:44:34.745761Z","ServerTimestamp":"2024-04-27T18:44:35.6640988Z"},"nsu=http://opcfoundation.org/UA/Plc/Applications;s=FastRandomUIntScalar2":{"Value":1166898973,"SourceTimestamp":"2024-04-27T18:44:34.7457661Z","ServerTimestamp":"2024-04-27T18:44:35.664102Z"},"nsu=http://opcfoundation.org/UA/Plc/Applications;s=FastRandomUIntScalar3":{"Value":3010280548,"SourceTimestamp":"2024-04-27T18:44:34.7457685Z","ServerTimestamp":"2024-04-27T18:44:35.6641138Z"},"nsu=http://opcfoundation.org/UA/Plc/Applications;s=NegativeTrendData":{"Value":98.900000000000006,"SourceTimestamp":"2024-04-27T18:44:35.6473925Z","ServerTimestamp":"2024-04-27T18:44:35.6640964Z"},"nsu=http://opcfoundation.org/UA/Plc/Applications;s=PositiveTrendData":{"Value":101.90000000000001,"SourceTimestamp":"2024-04-27T18:44:35.6474069Z","ServerTimestamp":"2024-04-27T18:44:35.6641073Z"},"nsu=http://opcfoundation.org/UA/Plc/Applications;s=SlowUIntScalar1":{"Value":10,"SourceTimestamp":"2024-04-27T18:44:33.7581011Z","ServerTimestamp":"2024-04-27T18:44:35.6640999Z"},"nsu=http://opcfoundation.org/UA/Plc/Applications;s=SlowUIntScalar2":{"Value":10,"SourceTimestamp":"2024-04-27T18:44:33.7581083Z","ServerTimestamp":"2024-04-27T18:44:35.6641016Z"},"nsu=http://opcfoundation.org/UA/Plc/Applications;s=SlowUIntScalar3":{"Value":10,"SourceTimestamp":"2024-04-27T18:44:33.7581096Z","ServerTimestamp":"2024-04-27T18:44:35.6641027Z"},"nsu=http://opcfoundation.org/UA/Plc/Applications;s=BadSlowUIntScalar1":{"Value":null,"StatusCode":{"Symbol":"BadNoCommunication","Code":2150694912},"SourceTimestamp":"2024-04-27T18:44:33.7581109Z","ServerTimestamp":"2024-04-27T18:44:35.6641067Z"},"nsu=http://opcfoundation.org/UA/Plc/Applications;s=SlowRandomUIntScalar1":{"Value":1485619337,"SourceTimestamp":"2024-04-27T18:44:33.7581238Z","ServerTimestamp":"2024-04-27T18:44:35.6641113Z"},"nsu=http://opcfoundation.org/UA/Plc/Applications;s=SlowRandomUIntScalar2":{"Value":2222227568,"SourceTimestamp":"2024-04-27T18:44:33.7581297Z","ServerTimestamp":"2024-04-27T18:44:35.664109Z"},"nsu=http://opcfoundation.org/UA/Plc/Applications;s=SlowRandomUIntScalar3":{"Value":2479916141,"SourceTimestamp":"2024-04-27T18:44:33.7581314Z","ServerTimestamp":"2024-04-27T18:44:35.6641129Z"},"nsu=http://opcfoundation.org/UA/Plc/Applications;s=BadSlowRandomUIntScalar1":{"Value":null,"StatusCode":{"Symbol":"BadNoCommunication","Code":2150694912},"SourceTimestamp":"2024-04-27T18:44:33.7581328Z","ServerTimestamp":"2024-04-27T18:44:35.6641056Z"},"nsu=http://opcfoundation.org/UA/Plc/Applications;s=SpikeData":{"Value":-77.051324277578942,"SourceTimestamp":"2024-04-27T18:44:35.6473996Z","ServerTimestamp":"2024-04-27T18:44:35.664098Z"},"ns=23;i=1259":{"Value":1.74,"SourceTimestamp":"2024-04-27T18:42:54.6592184Z","ServerTimestamp":"2024-04-27T18:44:35.66408Z"}}]