[{"i=2258":{"Value":"2024-04-27T18:43:07.6659582Z","SourceTimestamp":"2024-04-27T18:42:54.6588604Z","ServerTimestamp":"2024-04-27T18:43:07.6659571Z"},"nsu=http://opcfoundation.org/UA/Plc/Applications;s=StepUp":{"Value":139,"SourceTimestamp":"2024-04-27T18:43:07.6493698Z","ServerTimestamp":"2024-04-27T18:43:07.6659904Z"},"nsu=http://opcfoundation.org/UA/Plc/Applications;s=AlternatingBoolean":{"Value":true,"SourceTimestamp":"2024-04-27T18:43:07.6493793Z","ServerTimestamp":"2024-04-27T18:43:07.666022Z"},"nsu=http://opcfoundation.org/UA/Plc/Applications;s=RandomSignedInt32":{"Value":955308747,"SourceTimestamp":"2024-04-27T18:43:07.6493768Z","ServerTimestamp":"2024-04-27T18:43:07.6660241Z"},"nsu=http://opcfoundation.org/UA/Plc/Applications;s=RandomUnsignedInt32":{"Value":646849209,"SourceTimestamp":"2024-04-27T18:43:07.6493791Z","ServerTimestamp":"2024-04-27T18:43:07.6660174Z"},"nsu=http://opcfoundation.org/UA/Plc/Applications;s=DipData":{"Value":99.80267284282715,"SourceTimestamp":"2024-04-27T18:43:07.6493441Z","ServerTimestamp":"2024-04-27T18:43:07.6660264Z"},"nsu=http://opcfoundation.org/UA/Plc/Applications;s=FastUIntScalar1":{"Value":13,"SourceTimestamp":"2024-04-27T18:43:06.7541916Z","ServerTimestamp":"2024-04-27T18:43:07.6660182Z"},"nsu=http://opcfoundation.org/UA/Plc/Applications;s=FastUIntScalar2":{"Value":13,"SourceTimestamp":"2024-04-27T18:43:06.7541969Z","ServerTimestamp":"2024-04-27T18:43:07.6660147Z"},"nsu=http://opcfoundation.org/UA/Plc/Applications;s=FastUIntScalar3":{"Value":13,"SourceTimestamp":"2024-04-27T18:43:06.7541993Z","ServerTimestamp":"2024-04-27T18:43:07.6660276Z"},"nsu=http://opcfoundation.org/UA/Plc/Applications;s=FastRandomUIntScalar1":{"Value":3594128918,"SourceTimestamp":"2024-04-27T18:43:06.7541875Z","ServerTimestamp":"2024-04-27T18:43:07.6660128Z"},"nsu=http://opcfoundation.org/UA/Plc/Applications;s=FastRandomUIntScalar2":{"Value":1330715282,"SourceTimestamp":"2024-04-27T18:43:06.7541939Z","ServerTimestamp":"2024-04-27T18:43:07.6660158Z"},"nsu=http://opcfoundation.org/UA/Plc/Applications;s=FastRandomUIntScalar3":{"Value":3288824222,"SourceTimestamp":"2024-04-27T18:43:06.7542026Z","ServerTimestamp":"2024-04-27T18:43:07.6660259Z"},"nsu=http://opcfoundation.org/UA/Plc/Applications;s=NegativeTrendData":{"Value":100,"SourceTimestamp":"2024-04-27T18:43:07.6493584Z","ServerTimestamp":"2024-04-27T18:43:07.6659896Z"},"nsu=http://opcfoundation.org/UA/Plc/Applications;s=PositiveTrendData":{"Value":100.09999999999999,"SourceTimestamp":"2024-04-27T18:43:07.6493721Z","ServerTimestamp":"2024-04-27T18:43:07.6660206Z"},"nsu=http://opcfoundation.org/UA/Plc/Applications;s=SlowUIntScalar1":{"Value":1,"SourceTimestamp":"2024-04-27T18:43:03.7508293Z","ServerTimestamp":"2024-04-27T18:43:07.6660138Z"},"nsu=http://opcfoundation.org/UA/Plc/Applications;s=SlowUIntScalar2":{"Value":1,"SourceTimestamp":"2024-04-27T18:43:03.7508393Z","ServerTimestamp":"2024-04-27T18:43:07.6660154Z"},"nsu=http://opcfoundation.org/UA/Plc/Applications;s=SlowUIntScalar3":{"Value":1,"SourceTimestamp":"2024-04-27T18:43:03.7508417Z","ServerTimestamp":"2024-04-27T18:43:07.6660165Z"},"nsu=http://opcfoundation.org/UA/Plc/Applications;s=BadSlowUIntScalar1":{"Value":1,"SourceTimestamp":"2024-04-27T18:43:03.7508445Z","ServerTimestamp":"2024-04-27T18:43:07.6660199Z"},"nsu=http://opcfoundation.org/UA/Plc/Applications;s=SlowRandomUIntScalar1":{"Value":572555283,"SourceTimestamp":"2024-04-27T18:43:03.7509116Z","ServerTimestamp":"2024-04-27T18:43:07.6660236Z"},"nsu=http://opcfoundation.org/UA/Plc/Applications;s=SlowRandomUIntScalar2":{"Value":530983193,"SourceTimestamp":"2024-04-27T18:43:03.7509144Z","ServerTimestamp":"2024-04-27T18:43:07.6660213Z"},"nsu=http://opcfoundation.org/UA/Plc/Applications;s=SlowRandomUIntScalar3":{"Value":2203364148,"SourceTimestamp":"2024-04-27T18:43:03.7509168Z","ServerTimestamp":"2024-04-27T18:43:07.6660251Z"},"nsu=http://opcfoundation.org/UA/Plc/Applications;s=BadSlowRandomUIntScalar1":{"Value":1212265419,"SourceTimestamp":"2024-04-27T18:43:03.7509197Z","ServerTimestamp":"2024-04-27T18:43:07.6660191Z"},"nsu=http://opcfoundation.org/UA/Plc/Applications;s=SpikeData":{"Value":99.80267284282715,"SourceTimestamp":"2024-04-27T18:43:07.6493717Z","ServerTimestamp":"2024-04-27T18:43:07.6660119Z"},"ns=23;i=1259":{"Value":-0.79300000000000004,"SourceTimestamp":"2024-04-27T18:42:54.6592184Z","ServerTimestamp":"2024-04-27T18:43:07.6659723Z"}}]