[{"i=2258":{"Value":"2024-04-27T18:43:09.6665343Z","SourceTimestamp":"2024-04-27T18:42:54.6588604Z","ServerTimestamp":"2024-04-27T18:43:09.666533Z"},"nsu=http://opcfoundation.org/UA/Plc/Applications;s=StepUp":{"Value":159,"SourceTimestamp":"2024-04-27T18:43:09.6506372Z","ServerTimestamp":"2024-04-27T18:43:09.6665663Z"},"nsu=http://opcfoundation.org/UA/Plc/Applications;s=AlternatingBoolean":{"Value":false,"SourceTimestamp":"2024-04-27T18:43:09.6506556Z","ServerTimestamp":"2024-04-27T18:43:09.6665788Z"},"nsu=http://opcfoundation.org/UA/Plc/Applications;s=RandomSignedInt32":{"Value":1696960352,"SourceTimestamp":"2024-04-27T18:43:09.650659Z","ServerTimestamp":"2024-04-27T18:43:09.6665809Z"},"nsu=http://opcfoundation.org/UA/Plc/Applications;s=RandomUnsignedInt32":{"Value":450003430,"SourceTimestamp":"2024-04-27T18:43:09.6506617Z","ServerTimestamp":"2024-04-27T18:43:09.666573Z"},"nsu=http://opcfoundation.org/UA/Plc/Applications;s=DipData":{"Value":-84.432792550201498,"SourceTimestamp":"2024-04-27T18:43:09.6505964Z","ServerTimestamp":"2024-04-27T18:43:09.6665835Z"},"nsu=http://opcfoundation.org/UA/Plc/Applications;s=FastUIntScalar1":{"Value":15,"SourceTimestamp":"2024-04-27T18:43:08.7500767Z","ServerTimestamp":"2024-04-27T18:43:09.6665739Z"},"nsu=http://opcfoundation.org/UA/Plc/Applications;s=FastUIntScalar2":{"Value":15,"SourceTimestamp":"2024-04-27T18:43:08.7501098Z","ServerTimestamp":"2024-04-27T18:43:09.6665702Z"},"nsu=http://opcfoundation.org/UA/Plc/Applications;s=FastUIntScalar3":{"Value":15,"SourceTimestamp":"2024-04-27T18:43:08.7501135Z","ServerTimestamp":"2024-04-27T18:43:09.6665845Z"},"nsu=http://opcfoundation.org/UA/Plc/Applications;s=FastRandomUIntScalar1":{"Value":862601018,"SourceTimestamp":"2024-04-27T18:43:08.7500861Z","ServerTimestamp":"2024-04-27T18:43:09.6665682Z"},"nsu=http://opcfoundation.org/UA/Plc/Applications;s=FastRandomUIntScalar2":{"Value":1606859401,"SourceTimestamp":"2024-04-27T18:43:08.750116Z","ServerTimestamp":"2024-04-27T18:43:09.6665713Z"},"nsu=http://opcfoundation.org/UA/Plc/Applications;s=FastRandomUIntScalar3":{"Value":1885337684,"SourceTimestamp":"2024-04-27T18:43:08.7501176Z","ServerTimestamp":"2024-04-27T18:43:09.6665829Z"},"nsu=http://opcfoundation.org/UA/Plc/Applications;s=NegativeTrendData":{"Value":100,"SourceTimestamp":"2024-04-27T18:43:09.6506452Z","ServerTimestamp":"2024-04-27T18:43:09.6665649Z"},"nsu=http://opcfoundation.org/UA/Plc/Applications;s=PositiveTrendData":{"Value":100.2,"SourceTimestamp":"2024-04-27T18:43:09.6506558Z","ServerTimestamp":"2024-04-27T18:43:09.6665764Z"},"nsu=http://opcfoundation.org/UA/Plc/Applications;s=SlowUIntScalar1":{"Value":1,"SourceTimestamp":"2024-04-27T18:43:03.7508293Z","ServerTimestamp":"2024-04-27T18:43:09.6665692Z"},"nsu=http://opcfoundation.org/UA/Plc/Applications;s=SlowUIntScalar2":{"Value":1,"SourceTimestamp":"2024-04-27T18:43:03.7508393Z","ServerTimestamp":"2024-04-27T18:43:09.6665709Z"},"nsu=http://opcfoundation.org/UA/Plc/Applications;s=SlowUIntScalar3":{"Value":1,"SourceTimestamp":"2024-04-27T18:43:03.7508417Z","ServerTimestamp":"2024-04-27T18:43:09.6665721Z"},"nsu=http://opcfoundation.org/UA/Plc/Applications;s=BadSlowUIntScalar1":{"Value":1,"SourceTimestamp":"2024-04-27T18:43:03.7508445Z","ServerTimestamp":"2024-04-27T18:43:09.6665756Z"},"nsu=http://opcfoundation.org/UA/Plc/Applications;s=SlowRandomUIntScalar1":{"Value":572555283,"SourceTimestamp":"2024-04-27T18:43:03.7509116Z","ServerTimestamp":"2024-04-27T18:43:09.6665803Z"},"nsu=http://opcfoundation.org/UA/Plc/Applications;s=SlowRandomUIntScalar2":{"Value":530983193,"SourceTimestamp":"2024-04-27T18:43:03.7509144Z","ServerTimestamp":"2024-04-27T18:43:09.6665779Z"},"nsu=http://opcfoundation.org/UA/Plc/Applications;s=SlowRandomUIntScalar3":{"Value":2203364148,"SourceTimestamp":"2024-04-27T18:43:03.7509168Z","ServerTimestamp":"2024-04-27T18:43:09.666582Z"},"nsu=http://opcfoundation.org/UA/Plc/Applications;s=BadSlowRandomUIntScalar1":{"Value":1212265419,"SourceTimestamp":"2024-04-27T18:43:03.7509197Z","ServerTimestamp":"2024-04-27T18:43:09.6665748Z"},"nsu=http://opcfoundation.org/UA/Plc/Applications;s=SpikeData":{"Value":-84.432792550201498,"SourceTimestamp":"2024-04-27T18:43:09.6507037Z","ServerTimestamp":"2024-04-27T18:43:09.6665674Z"},"ns=23;i=1259":{"Value":2,"SourceTimestamp":"2024-04-27T18:42:54.6592184Z","ServerTimestamp":"2024-04-27T18:43:09.6665479Z"}}]