[{"i=2258":{"Value":"2024-04-27T18:43:10.6717411Z","SourceTimestamp":"2024-04-27T18:42:54.6588604Z","ServerTimestamp":"2024-04-27T18:43:10.6717396Z"},"nsu=http://opcfoundation.org/UA/Plc/Applications;s=StepUp":{"Value":169,"SourceTimestamp":"2024-04-27T18:43:10.6550219Z","ServerTimestamp":"2024-04-27T18:43:10.6717725Z"},"nsu=http://opcfoundation.org/UA/Plc/Applications;s=AlternatingBoolean":{"Value":false,"SourceTimestamp":"2024-04-27T18:43:10.6550492Z","ServerTimestamp":"2024-04-27T18:43:10.6717843Z"},"nsu=http://opcfoundation.org/UA/Plc/Applications;s=RandomSignedInt32":{"Value":728089864,"SourceTimestamp":"2024-04-27T18:43:10.655049Z","ServerTimestamp":"2024-04-27T18:43:10.6717865Z"},"nsu=http://opcfoundation.org/UA/Plc/Applications;s=RandomUnsignedInt32":{"Value":488480822,"SourceTimestamp":"2024-04-27T18:43:10.655053Z","ServerTimestamp":"2024-04-27T18:43:10.6717794Z"},"nsu=http://opcfoundation.org/UA/Plc/Applications;s=DipData":{"Value":-77.051324277578942,"SourceTimestamp":"2024-04-27T18:43:10.6550401Z","ServerTimestamp":"2024-04-27T18:43:10.671789Z"},"nsu=http://opcfoundation.org/UA/Plc/Applications;s=FastUIntScalar1":{"Value":16,"SourceTimestamp":"2024-04-27T18:43:09.7567377Z","ServerTimestamp":"2024-04-27T18:43:10.6717802Z"},"nsu=http://opcfoundation.org/UA/Plc/Applications;s=FastUIntScalar2":{"Value":16,"SourceTimestamp":"2024-04-27T18:43:09.7567408Z","ServerTimestamp":"2024-04-27T18:43:10.6717764Z"},"nsu=http://opcfoundation.org/UA/Plc/Applications;s=FastUIntScalar3":{"Value":16,"SourceTimestamp":"2024-04-27T18:43:09.7567422Z","ServerTimestamp":"2024-04-27T18:43:10.6717898Z"},"nsu=http://opcfoundation.org/UA/Plc/Applications;s=FastRandomUIntScalar1":{"Value":2562859739,"SourceTimestamp":"2024-04-27T18:43:09.7567417Z","ServerTimestamp":"2024-04-27T18:43:10.6717744Z"},"nsu=http://opcfoundation.org/UA/Plc/Applications;s=FastRandomUIntScalar2":{"Value":2840024992,"SourceTimestamp":"2024-04-27T18:43:09.7567441Z","ServerTimestamp":"2024-04-27T18:43:10.6717776Z"},"nsu=http://opcfoundation.org/UA/Plc/Applications;s=FastRandomUIntScalar3":{"Value":1858353765,"SourceTimestamp":"2024-04-27T18:43:09.7567453Z","ServerTimestamp":"2024-04-27T18:43:10.6717884Z"},"nsu=http://opcfoundation.org/UA/Plc/Applications;s=NegativeTrendData":{"Value":100,"SourceTimestamp":"2024-04-27T18:43:10.6550571Z","ServerTimestamp":"2024-04-27T18:43:10.6717715Z"},"nsu=http://opcfoundation.org/UA/Plc/Applications;s=PositiveTrendData":{"Value":100.2,"SourceTimestamp":"2024-04-27T18:43:10.6550585Z","ServerTimestamp":"2024-04-27T18:43:10.6717827Z"},"nsu=http://opcfoundation.org/UA/Plc/Applications;s=SlowUIntScalar1":{"Value":1,"SourceTimestamp":"2024-04-27T18:43:03.7508293Z","ServerTimestamp":"2024-04-27T18:43:10.6717754Z"},"nsu=http://opcfoundation.org/UA/Plc/Applications;s=SlowUIntScalar2":{"Value":1,"SourceTimestamp":"2024-04-27T18:43:03.7508393Z","ServerTimestamp":"2024-04-27T18:43:10.6717772Z"},"nsu=http://opcfoundation.org/UA/Plc/Applications;s=SlowUIntScalar3":{"Value":1,"SourceTimestamp":"2024-04-27T18:43:03.7508417Z","ServerTimestamp":"2024-04-27T18:43:10.6717784Z"},"nsu=http://opcfoundation.org/UA/Plc/Applications;s=BadSlowUIntScalar1":{"Value":1,"SourceTimestamp":"2024-04-27T18:43:03.7508445Z","ServerTimestamp":"2024-04-27T18:43:10.671782Z"},"nsu=http://opcfoundation.org/UA/Plc/Applications;s=SlowRandomUIntScalar1":{"Value":572555283,"SourceTimestamp":"2024-04-27T18:43:03.7509116Z","ServerTimestamp":"2024-04-27T18:43:10.6717859Z"},"nsu=http://opcfoundation.org/UA/Plc/Applications;s=SlowRandomUIntScalar2":{"Value":530983193,"SourceTimestamp":"2024-04-27T18:43:03.7509144Z","ServerTimestamp":"2024-04-27T18:43:10.6717835Z"},"nsu=http://opcfoundation.org/UA/Plc/Applications;s=SlowRandomUIntScalar3":{"Value":2203364148,"SourceTimestamp":"2024-04-27T18:43:03.7509168Z","ServerTimestamp":"2024-04-27T18:43:10.6717874Z"},"nsu=http://opcfoundation.org/UA/Plc/Applications;s=BadSlowRandomUIntScalar1":{"Value":1212265419,"SourceTimestamp":"2024-04-27T18:43:03.7509197Z","ServerTimestamp":"2024-04-27T18:43:10.6717812Z"},"nsu=http://opcfoundation.org/UA/Plc/Applications;s=SpikeData":{"Value":-77.051324277578942,"SourceTimestamp":"2024-04-27T18:43:10.6550683Z","ServerTimestamp":"2024-04-27T18:43:10.6717735Z"},"ns=23;i=1259":{"Value":1.0900000000000001,"SourceTimestamp":"2024-04-27T18:42:54.6592184Z","ServerTimestamp":"2024-04-27T18:43:10.6717547Z"}}]