[{"i=2258":{"Value":"2024-04-27T18:43:16.6724391Z","SourceTimestamp":"2024-04-27T18:42:54.6588604Z","ServerTimestamp":"2024-04-27T18:43:16.6724379Z"},"nsu=http://opcfoundation.org/UA/Plc/Applications;s=StepUp":{"Value":229,"SourceTimestamp":"2024-04-27T18:43:16.6565298Z","ServerTimestamp":"2024-04-27T18:43:16.6724701Z"},"nsu=http://opcfoundation.org/UA/Plc/Applications;s=AlternatingBoolean":{"Value":true,"SourceTimestamp":"2024-04-27T18:43:16.656545Z","ServerTimestamp":"2024-04-27T18:43:16.6724812Z"},"nsu=http://opcfoundation.org/UA/Plc/Applications;s=RandomSignedInt32":{"Value":1410402147,"SourceTimestamp":"2024-04-27T18:43:16.6565467Z","ServerTimestamp":"2024-04-27T18:43:16.6724831Z"},"nsu=http://opcfoundation.org/UA/Plc/Applications;s=RandomUnsignedInt32":{"Value":670531618,"SourceTimestamp":"2024-04-27T18:43:16.6565496Z","ServerTimestamp":"2024-04-27T18:43:16.6724765Z"},"nsu=http://opcfoundation.org/UA/Plc/Applications;s=DipData":{"Value":36.812455268467772,"SourceTimestamp":"2024-04-27T18:43:16.6565084Z","ServerTimestamp":"2024-04-27T18:43:16.6724854Z"},"nsu=http://opcfoundation.org/UA/Plc/Applications;s=FastUIntScalar1":{"Value":22,"SourceTimestamp":"2024-04-27T18:43:15.7469283Z","ServerTimestamp":"2024-04-27T18:43:16.6724773Z"},"nsu=http://opcfoundation.org/UA/Plc/Applications;s=FastUIntScalar2":{"Value":22,"SourceTimestamp":"2024-04-27T18:43:15.7469411Z","ServerTimestamp":"2024-04-27T18:43:16.6724739Z"},"nsu=http://opcfoundation.org/UA/Plc/Applications;s=FastUIntScalar3":{"Value":22,"SourceTimestamp":"2024-04-27T18:43:15.7469428Z","ServerTimestamp":"2024-04-27T18:43:16.6724863Z"},"nsu=http://opcfoundation.org/UA/Plc/Applications;s=FastRandomUIntScalar1":{"Value":2346447943,"SourceTimestamp":"2024-04-27T18:43:15.7469285Z","ServerTimestamp":"2024-04-27T18:43:16.672472Z"},"nsu=http://opcfoundation.org/UA/Plc/Applications;s=FastRandomUIntScalar2":{"Value":3602795518,"SourceTimestamp":"2024-04-27T18:43:15.7469332Z","ServerTimestamp":"2024-04-27T18:43:16.672475Z"},"nsu=http://opcfoundation.org/UA/Plc/Applications;s=FastRandomUIntScalar3":{"Value":2946430609,"SourceTimestamp":"2024-04-27T18:43:15.7469344Z","ServerTimestamp":"2024-04-27T18:43:16.6724849Z"},"nsu=http://opcfoundation.org/UA/Plc/Applications;s=NegativeTrendData":{"Value":100,"SourceTimestamp":"2024-04-27T18:43:16.6565391Z","ServerTimestamp":"2024-04-27T18:43:16.6724693Z"},"nsu=http://opcfoundation.org/UA/Plc/Applications;s=PositiveTrendData":{"Value":100.3,"SourceTimestamp":"2024-04-27T18:43:16.6565426Z","ServerTimestamp":"2024-04-27T18:43:16.6724797Z"},"nsu=http://opcfoundation.org/UA/Plc/Applications;s=SlowUIntScalar1":{"Value":2,"SourceTimestamp":"2024-04-27T18:43:13.7581785Z","ServerTimestamp":"2024-04-27T18:43:16.6724729Z"},"nsu=http://opcfoundation.org/UA/Plc/Applications;s=SlowUIntScalar2":{"Value":2,"SourceTimestamp":"2024-04-27T18:43:13.7581873Z","ServerTimestamp":"2024-04-27T18:43:16.6724746Z"},"nsu=http://opcfoundation.org/UA/Plc/Applications;s=SlowUIntScalar3":{"Value":2,"SourceTimestamp":"2024-04-27T18:43:13.7581892Z","ServerTimestamp":"2024-04-27T18:43:16.6724757Z"},"nsu=http://opcfoundation.org/UA/Plc/Applications;s=BadSlowUIntScalar1":{"Value":2,"SourceTimestamp":"2024-04-27T18:43:13.7581909Z","ServerTimestamp":"2024-04-27T18:43:16.6724789Z"},"nsu=http://opcfoundation.org/UA/Plc/Applications;s=SlowRandomUIntScalar1":{"Value":3884037289,"SourceTimestamp":"2024-04-27T18:43:13.7582238Z","ServerTimestamp":"2024-04-27T18:43:16.6724826Z"},"nsu=http://opcfoundation.org/UA/Plc/Applications;s=SlowRandomUIntScalar2":{"Value":3953433391,"SourceTimestamp":"2024-04-27T18:43:13.7582296Z","ServerTimestamp":"2024-04-27T18:43:16.6724805Z"},"nsu=http://opcfoundation.org/UA/Plc/Applications;s=SlowRandomUIntScalar3":{"Value":2215931082,"SourceTimestamp":"2024-04-27T18:43:13.7582312Z","ServerTimestamp":"2024-04-27T18:43:16.6724841Z"},"nsu=http://opcfoundation.org/UA/Plc/Applications;s=BadSlowRandomUIntScalar1":{"Value":2189990605,"SourceTimestamp":"2024-04-27T18:43:13.7582335Z","ServerTimestamp":"2024-04-27T18:43:16.6724781Z"},"nsu=http://opcfoundation.org/UA/Plc/Applications;s=SpikeData":{"Value":36.812455268467772,"SourceTimestamp":"2024-04-27T18:43:16.656545Z","ServerTimestamp":"2024-04-27T18:43:16.672471Z"},"ns=23;i=1259":{"Value":-1.4199999999999999,"SourceTimestamp":"2024-04-27T18:42:54.6592184Z","ServerTimestamp":"2024-04-27T18:43:16.6724528Z"}}]