[{"i=2258":{"Value":"2024-04-27T18:43:18.6756142Z","SourceTimestamp":"2024-04-27T18:42:54.6588604Z","ServerTimestamp":"2024-04-27T18:43:18.6756125Z"},"nsu=http://opcfoundation.org/UA/Plc/Applications;s=StepUp":{"Value":249,"SourceTimestamp":"2024-04-27T18:43:18.6593838Z","ServerTimestamp":"2024-04-27T18:43:18.675644Z"},"nsu=http://opcfoundation.org/UA/Plc/Applications;s=AlternatingBoolean":{"Value":true,"SourceTimestamp":"2024-04-27T18:43:18.6594038Z","ServerTimestamp":"2024-04-27T18:43:18.6756562Z"},"nsu=http://opcfoundation.org/UA/Plc/Applications;s=RandomSignedInt32":{"Value":-242067019,"SourceTimestamp":"2024-04-27T18:43:18.6594066Z","ServerTimestamp":"2024-04-27T18:43:18.6756581Z"},"nsu=http://opcfoundation.org/UA/Plc/Applications;s=RandomUnsignedInt32":{"Value":679696428,"SourceTimestamp":"2024-04-27T18:43:18.6594095Z","ServerTimestamp":"2024-04-27T18:43:18.6756508Z"},"nsu=http://opcfoundation.org/UA/Plc/Applications;s=DipData":{"Value":24.868988716485479,"SourceTimestamp":"2024-04-27T18:43:18.6593928Z","ServerTimestamp":"2024-04-27T18:43:18.6756614Z"},"nsu=http://opcfoundation.org/UA/Plc/Applications;s=FastUIntScalar1":{"Value":24,"SourceTimestamp":"2024-04-27T18:43:17.755757Z","ServerTimestamp":"2024-04-27T18:43:18.6756517Z"},"nsu=http://opcfoundation.org/UA/Plc/Applications;s=FastUIntScalar2":{"Value":24,"SourceTimestamp":"2024-04-27T18:43:17.755759Z","ServerTimestamp":"2024-04-27T18:43:18.675648Z"},"nsu=http://opcfoundation.org/UA/Plc/Applications;s=FastUIntScalar3":{"Value":24,"SourceTimestamp":"2024-04-27T18:43:17.7557607Z","ServerTimestamp":"2024-04-27T18:43:18.6756622Z"},"nsu=http://opcfoundation.org/UA/Plc/Applications;s=FastRandomUIntScalar1":{"Value":162874209,"SourceTimestamp":"2024-04-27T18:43:17.7557541Z","ServerTimestamp":"2024-04-27T18:43:18.6756458Z"},"nsu=http://opcfoundation.org/UA/Plc/Applications;s=FastRandomUIntScalar2":{"Value":2939868113,"SourceTimestamp":"2024-04-27T18:43:17.7557568Z","ServerTimestamp":"2024-04-27T18:43:18.6756492Z"},"nsu=http://opcfoundation.org/UA/Plc/Applications;s=FastRandomUIntScalar3":{"Value":1119763143,"SourceTimestamp":"2024-04-27T18:43:17.7557581Z","ServerTimestamp":"2024-04-27T18:43:18.6756607Z"},"nsu=http://opcfoundation.org/UA/Plc/Applications;s=NegativeTrendData":{"Value":100,"SourceTimestamp":"2024-04-27T18:43:18.6593818Z","ServerTimestamp":"2024-04-27T18:43:18.6756431Z"},"nsu=http://opcfoundation.org/UA/Plc/Applications;s=PositiveTrendData":{"Value":100.3,"SourceTimestamp":"2024-04-27T18:43:18.6593997Z","ServerTimestamp":"2024-04-27T18:43:18.6756546Z"},"nsu=http://opcfoundation.org/UA/Plc/Applications;s=SlowUIntScalar1":{"Value":2,"SourceTimestamp":"2024-04-27T18:43:13.7581785Z","ServerTimestamp":"2024-04-27T18:43:18.675647Z"},"nsu=http://opcfoundation.org/UA/Plc/Applications;s=SlowUIntScalar2":{"Value":2,"SourceTimestamp":"2024-04-27T18:43:13.7581873Z","ServerTimestamp":"2024-04-27T18:43:18.6756488Z"},"nsu=http://opcfoundation.org/UA/Plc/Applications;s=SlowUIntScalar3":{"Value":2,"SourceTimestamp":"2024-04-27T18:43:13.7581892Z","ServerTimestamp":"2024-04-27T18:43:18.67565Z"},"nsu=http://opcfoundation.org/UA/Plc/Applications;s=BadSlowUIntScalar1":{"Value":2,"SourceTimestamp":"2024-04-27T18:43:13.7581909Z","ServerTimestamp":"2024-04-27T18:43:18.6756538Z"},"nsu=http://opcfoundation.org/UA/Plc/Applications;s=SlowRandomUIntScalar1":{"Value":3884037289,"SourceTimestamp":"2024-04-27T18:43:13.7582238Z","ServerTimestamp":"2024-04-27T18:43:18.6756575Z"},"nsu=http://opcfoundation.org/UA/Plc/Applications;s=SlowRandomUIntScalar2":{"Value":3953433391,"SourceTimestamp":"2024-04-27T18:43:13.7582296Z","ServerTimestamp":"2024-04-27T18:43:18.6756554Z"},"nsu=http://opcfoundation.org/UA/Plc/Applications;s=SlowRandomUIntScalar3":{"Value":2215931082,"SourceTimestamp":"2024-04-27T18:43:13.7582312Z","ServerTimestamp":"2024-04-27T18:43:18.6756598Z"},"nsu=http://opcfoundation.org/UA/Plc/Applications;s=BadSlowRandomUIntScalar1":{"Value":2189990605,"SourceTimestamp":"2024-04-27T18:43:13.7582335Z","ServerTimestamp":"2024-04-27T18:43:18.6756529Z"},"nsu=http://opcfoundation.org/UA/Plc/Applications;s=SpikeData":{"Value":24.868988716485479,"SourceTimestamp":"2024-04-27T18:43:18.6594224Z","ServerTimestamp":"2024-04-27T18:43:18.6756448Z"},"ns=23;i=1259":{"Value":1.4000000000000001,"SourceTimestamp":"2024-04-27T18:42:54.6592184Z","ServerTimestamp":"2024-04-27T18:43:18.6756274Z"}}]