[{"i=2258":{"Value":"2024-04-27T18:43:22.6663417Z","SourceTimestamp":"2024-04-27T18:42:54.6588604Z","ServerTimestamp":"2024-04-27T18:43:22.6663406Z"},"nsu=http://opcfoundation.org/UA/Plc/Applications;s=StepUp":{"Value":289,"SourceTimestamp":"2024-04-27T18:43:22.6502117Z","ServerTimestamp":"2024-04-27T18:43:22.6663915Z"},"nsu=http://opcfoundation.org/UA/Plc/Applications;s=AlternatingBoolean":{"Value":false,"SourceTimestamp":"2024-04-27T18:43:22.6502247Z","ServerTimestamp":"2024-04-27T18:43:22.6664031Z"},"nsu=http://opcfoundation.org/UA/Plc/Applications;s=RandomSignedInt32":{"Value":647853009,"SourceTimestamp":"2024-04-27T18:43:22.6502261Z","ServerTimestamp":"2024-04-27T18:43:22.6664053Z"},"nsu=http://opcfoundation.org/UA/Plc/Applications;s=RandomUnsignedInt32":{"Value":953775367,"SourceTimestamp":"2024-04-27T18:43:22.650228Z","ServerTimestamp":"2024-04-27T18:43:22.6663981Z"},"nsu=http://opcfoundation.org/UA/Plc/Applications;s=DipData":{"Value":99.80267284282715,"SourceTimestamp":"2024-04-27T18:43:22.6501565Z","ServerTimestamp":"2024-04-27T18:43:22.666408Z"},"nsu=http://opcfoundation.org/UA/Plc/Applications;s=FastUIntScalar1":{"Value":28,"SourceTimestamp":"2024-04-27T18:43:21.7528333Z","ServerTimestamp":"2024-04-27T18:43:22.666399Z"},"nsu=http://opcfoundation.org/UA/Plc/Applications;s=FastUIntScalar2":{"Value":28,"SourceTimestamp":"2024-04-27T18:43:21.7528362Z","ServerTimestamp":"2024-04-27T18:43:22.6663953Z"},"nsu=http://opcfoundation.org/UA/Plc/Applications;s=FastUIntScalar3":{"Value":28,"SourceTimestamp":"2024-04-27T18:43:21.7528389Z","ServerTimestamp":"2024-04-27T18:43:22.6664089Z"},"nsu=http://opcfoundation.org/UA/Plc/Applications;s=FastRandomUIntScalar1":{"Value":525976034,"SourceTimestamp":"2024-04-27T18:43:21.7528356Z","ServerTimestamp":"2024-04-27T18:43:22.6663933Z"},"nsu=http://opcfoundation.org/UA/Plc/Applications;s=FastRandomUIntScalar2":{"Value":1698568325,"SourceTimestamp":"2024-04-27T18:43:21.7528381Z","ServerTimestamp":"2024-04-27T18:43:22.6663965Z"},"nsu=http://opcfoundation.org/UA/Plc/Applications;s=FastRandomUIntScalar3":{"Value":2847894515,"SourceTimestamp":"2024-04-27T18:43:21.7528397Z","ServerTimestamp":"2024-04-27T18:43:22.6664073Z"},"nsu=http://opcfoundation.org/UA/Plc/Applications;s=NegativeTrendData":{"Value":100,"SourceTimestamp":"2024-04-27T18:43:22.650189Z","ServerTimestamp":"2024-04-27T18:43:22.6663905Z"},"nsu=http://opcfoundation.org/UA/Plc/Applications;s=PositiveTrendData":{"Value":100.40000000000001,"SourceTimestamp":"2024-04-27T18:43:22.6502086Z","ServerTimestamp":"2024-04-27T18:43:22.6664016Z"},"nsu=http://opcfoundation.org/UA/Plc/Applications;s=SlowUIntScalar1":{"Value":2,"SourceTimestamp":"2024-04-27T18:43:13.7581785Z","ServerTimestamp":"2024-04-27T18:43:22.6663943Z"},"nsu=http://opcfoundation.org/UA/Plc/Applications;s=SlowUIntScalar2":{"Value":2,"SourceTimestamp":"2024-04-27T18:43:13.7581873Z","ServerTimestamp":"2024-04-27T18:43:22.6663961Z"},"nsu=http://opcfoundation.org/UA/Plc/Applications;s=SlowUIntScalar3":{"Value":2,"SourceTimestamp":"2024-04-27T18:43:13.7581892Z","ServerTimestamp":"2024-04-27T18:43:22.6663973Z"},"nsu=http://opcfoundation.org/UA/Plc/Applications;s=BadSlowUIntScalar1":{"Value":2,"SourceTimestamp":"2024-04-27T18:43:13.7581909Z","ServerTimestamp":"2024-04-27T18:43:22.6664008Z"},"nsu=http://opcfoundation.org/UA/Plc/Applications;s=SlowRandomUIntScalar1":{"Value":3884037289,"SourceTimestamp":"2024-04-27T18:43:13.7582238Z","ServerTimestamp":"2024-04-27T18:43:22.6664047Z"},"nsu=http://opcfoundation.org/UA/Plc/Applications;s=SlowRandomUIntScalar2":{"Value":3953433391,"SourceTimestamp":"2024-04-27T18:43:13.7582296Z","ServerTimestamp":"2024-04-27T18:43:22.6664023Z"},"nsu=http://opcfoundation.org/UA/Plc/Applications;s=SlowRandomUIntScalar3":{"Value":2215931082,"SourceTimestamp":"2024-04-27T18:43:13.7582312Z","ServerTimestamp":"2024-04-27T18:43:22.6664063Z"},"nsu=http://opcfoundation.org/UA/Plc/Applications;s=BadSlowRandomUIntScalar1":{"Value":2189990605,"SourceTimestamp":"2024-04-27T18:43:13.7582335Z","ServerTimestamp":"2024-04-27T18:43:22.6663999Z"},"nsu=http://opcfoundation.org/UA/Plc/Applications;s=SpikeData":{"Value":99.80267284282715,"SourceTimestamp":"2024-04-27T18:43:22.650219Z","ServerTimestamp":"2024-04-27T18:43:22.6663923Z"},"ns=23;i=1259":{"Value":-0.70000000000000007,"SourceTimestamp":"2024-04-27T18:42:54.6592184Z","ServerTimestamp":"2024-04-27T18:43:22.6663584Z"}}]