[{"i=2258":{"Value":"2024-04-27T18:42:57.6756343Z","SourceTimestamp":"2024-04-27T18:42:54.6588604Z","ServerTimestamp":"2024-04-27T18:42:57.6756331Z"},"nsu=http://opcfoundation.org/UA/Plc/Applications;s=StepUp":{"Value":39,"SourceTimestamp":"2024-04-27T18:42:57.6590829Z","ServerTimestamp":"2024-04-27T18:42:57.6756665Z"},"nsu=http://opcfoundation.org/UA/Plc/Applications;s=AlternatingBoolean":{"Value":true,"SourceTimestamp":"2024-04-27T18:42:57.6591004Z","ServerTimestamp":"2024-04-27T18:42:57.675678Z"},"nsu=http://opcfoundation.org/UA/Plc/Applications;s=RandomSignedInt32":{"Value":25291830,"SourceTimestamp":"2024-04-27T18:42:57.6591132Z","ServerTimestamp":"2024-04-27T18:42:57.6756801Z"},"nsu=http://opcfoundation.org/UA/Plc/Applications;s=RandomUnsignedInt32":{"Value":650369934,"SourceTimestamp":"2024-04-27T18:42:57.6591043Z","ServerTimestamp":"2024-04-27T18:42:57.6756731Z"},"nsu=http://opcfoundation.org/UA/Plc/Applications;s=DipData":{"Value":99.80267284282715,"SourceTimestamp":"2024-04-27T18:42:57.6590703Z","ServerTimestamp":"2024-04-27T18:42:57.6756825Z"},"nsu=http://opcfoundation.org/UA/Plc/Applications;s=FastUIntScalar1":{"Value":3,"SourceTimestamp":"2024-04-27T18:42:56.7464871Z","ServerTimestamp":"2024-04-27T18:42:57.6756739Z"},"nsu=http://opcfoundation.org/UA/Plc/Applications;s=FastUIntScalar2":{"Value":3,"SourceTimestamp":"2024-04-27T18:42:56.7464965Z","ServerTimestamp":"2024-04-27T18:42:57.6756706Z"},"nsu=http://opcfoundation.org/UA/Plc/Applications;s=FastUIntScalar3":{"Value":3,"SourceTimestamp":"2024-04-27T18:42:56.7465098Z","ServerTimestamp":"2024-04-27T18:42:57.6756835Z"},"nsu=http://opcfoundation.org/UA/Plc/Applications;s=FastRandomUIntScalar1":{"Value":3609650281,"SourceTimestamp":"2024-04-27T18:42:56.746486Z","ServerTimestamp":"2024-04-27T18:42:57.6756689Z"},"nsu=http://opcfoundation.org/UA/Plc/Applications;s=FastRandomUIntScalar2":{"Value":14596267,"SourceTimestamp":"2024-04-27T18:42:56.7464893Z","ServerTimestamp":"2024-04-27T18:42:57.6756716Z"},"nsu=http://opcfoundation.org/UA/Plc/Applications;s=FastRandomUIntScalar3":{"Value":1453603287,"SourceTimestamp":"2024-04-27T18:42:56.7465033Z","ServerTimestamp":"2024-04-27T18:42:57.6756819Z"},"nsu=http://opcfoundation.org/UA/Plc/Applications;s=NegativeTrendData":{"Value":100,"SourceTimestamp":"2024-04-27T18:42:57.6590959Z","ServerTimestamp":"2024-04-27T18:42:57.6756655Z"},"nsu=http://opcfoundation.org/UA/Plc/Applications;s=PositiveTrendData":{"Value":100,"SourceTimestamp":"2024-04-27T18:42:57.6590958Z","ServerTimestamp":"2024-04-27T18:42:57.6756766Z"},"nsu=http://opcfoundation.org/UA/Plc/Applications;s=SlowUIntScalar1":{"Value":0,"SourceTimestamp":"2024-04-27T18:42:53.744887Z","ServerTimestamp":"2024-04-27T18:42:57.6756698Z"},"nsu=http://opcfoundation.org/UA/Plc/Applications;s=SlowUIntScalar2":{"Value":0,"SourceTimestamp":"2024-04-27T18:42:53.7448877Z","ServerTimestamp":"2024-04-27T18:42:57.6756713Z"},"nsu=http://opcfoundation.org/UA/Plc/Applications;s=SlowUIntScalar3":{"Value":0,"SourceTimestamp":"2024-04-27T18:42:53.7448954Z","ServerTimestamp":"2024-04-27T18:42:57.6756724Z"},"nsu=http://opcfoundation.org/UA/Plc/Applications;s=BadSlowUIntScalar1":{"Value":0,"SourceTimestamp":"2024-04-27T18:42:53.7448975Z","ServerTimestamp":"2024-04-27T18:42:57.6756755Z"},"nsu=http://opcfoundation.org/UA/Plc/Applications;s=SlowRandomUIntScalar1":{"Value":0,"SourceTimestamp":"2024-04-27T18:42:53.7449072Z","ServerTimestamp":"2024-04-27T18:42:57.6756794Z"},"nsu=http://opcfoundation.org/UA/Plc/Applications;s=SlowRandomUIntScalar2":{"Value":0,"SourceTimestamp":"2024-04-27T18:42:53.7449077Z","ServerTimestamp":"2024-04-27T18:42:57.6756773Z"},"nsu=http://opcfoundation.org/UA/Plc/Applications;s=SlowRandomUIntScalar3":{"Value":0,"SourceTimestamp":"2024-04-27T18:42:53.7449082Z","ServerTimestamp":"2024-04-27T18:42:57.6756811Z"},"nsu=http://opcfoundation.org/UA/Plc/Applications;s=BadSlowRandomUIntScalar1":{"Value":0,"SourceTimestamp":"2024-04-27T18:42:53.7449099Z","ServerTimestamp":"2024-04-27T18:42:57.6756748Z"},"nsu=http://opcfoundation.org/UA/Plc/Applications;s=SpikeData":{"Value":99.80267284282715,"SourceTimestamp":"2024-04-27T18:42:57.659103Z","ServerTimestamp":"2024-04-27T18:42:57.6756679Z"},"ns=23;i=1259":{"Value":0.38300000000000001,"SourceTimestamp":"2024-04-27T18:42:54.6592184Z","ServerTimestamp":"2024-04-27T18:42:57.675649Z"}}]