[{"i=2258":{"Value":"2024-04-27T18:43:27.664626Z","SourceTimestamp":"2024-04-27T18:42:54.6588604Z","ServerTimestamp":"2024-04-27T18:43:27.6646245Z"},"nsu=http://opcfoundation.org/UA/Plc/Applications;s=StepUp":{"Value":339,"SourceTimestamp":"2024-04-27T18:43:27.6486729Z","ServerTimestamp":"2024-04-27T18:43:27.6646569Z"},"nsu=http://opcfoundation.org/UA/Plc/Applications;s=AlternatingBoolean":{"Value":true,"SourceTimestamp":"2024-04-27T18:43:27.6487156Z","ServerTimestamp":"2024-04-27T18:43:27.6646682Z"},"nsu=http://opcfoundation.org/UA/Plc/Applications;s=RandomSignedInt32":{"Value":1303442558,"SourceTimestamp":"2024-04-27T18:43:27.6487137Z","ServerTimestamp":"2024-04-27T18:43:27.6646702Z"},"nsu=http://opcfoundation.org/UA/Plc/Applications;s=RandomUnsignedInt32":{"Value":1497041137,"SourceTimestamp":"2024-04-27T18:43:27.6487141Z","ServerTimestamp":"2024-04-27T18:43:27.6646633Z"},"nsu=http://opcfoundation.org/UA/Plc/Applications;s=DipData":{"Value":99.80267284282715,"SourceTimestamp":"2024-04-27T18:43:27.6486657Z","ServerTimestamp":"2024-04-27T18:43:27.6646725Z"},"nsu=http://opcfoundation.org/UA/Plc/Applications;s=FastUIntScalar1":{"Value":33,"SourceTimestamp":"2024-04-27T18:43:26.7524544Z","ServerTimestamp":"2024-04-27T18:43:27.6646642Z"},"nsu=http://opcfoundation.org/UA/Plc/Applications;s=FastUIntScalar2":{"Value":33,"SourceTimestamp":"2024-04-27T18:43:26.7524562Z","ServerTimestamp":"2024-04-27T18:43:27.6646606Z"},"nsu=http://opcfoundation.org/UA/Plc/Applications;s=FastUIntScalar3":{"Value":33,"SourceTimestamp":"2024-04-27T18:43:26.7524582Z","ServerTimestamp":"2024-04-27T18:43:27.6646734Z"},"nsu=http://opcfoundation.org/UA/Plc/Applications;s=FastRandomUIntScalar1":{"Value":183901012,"SourceTimestamp":"2024-04-27T18:43:26.7524546Z","ServerTimestamp":"2024-04-27T18:43:27.6646588Z"},"nsu=http://opcfoundation.org/UA/Plc/Applications;s=FastRandomUIntScalar2":{"Value":1654059558,"SourceTimestamp":"2024-04-27T18:43:26.7524574Z","ServerTimestamp":"2024-04-27T18:43:27.6646618Z"},"nsu=http://opcfoundation.org/UA/Plc/Applications;s=FastRandomUIntScalar3":{"Value":2592177133,"SourceTimestamp":"2024-04-27T18:43:26.7524588Z","ServerTimestamp":"2024-04-27T18:43:27.664672Z"},"nsu=http://opcfoundation.org/UA/Plc/Applications;s=NegativeTrendData":{"Value":100,"SourceTimestamp":"2024-04-27T18:43:27.6487011Z","ServerTimestamp":"2024-04-27T18:43:27.664656Z"},"nsu=http://opcfoundation.org/UA/Plc/Applications;s=PositiveTrendData":{"Value":100.5,"SourceTimestamp":"2024-04-27T18:43:27.6487093Z","ServerTimestamp":"2024-04-27T18:43:27.6646667Z"},"nsu=http://opcfoundation.org/UA/Plc/Applications;s=SlowUIntScalar1":{"Value":3,"SourceTimestamp":"2024-04-27T18:43:23.7470439Z","ServerTimestamp":"2024-04-27T18:43:27.6646598Z"},"nsu=http://opcfoundation.org/UA/Plc/Applications;s=SlowUIntScalar2":{"Value":3,"SourceTimestamp":"2024-04-27T18:43:23.747051Z","ServerTimestamp":"2024-04-27T18:43:27.6646614Z"},"nsu=http://opcfoundation.org/UA/Plc/Applications;s=SlowUIntScalar3":{"Value":3,"SourceTimestamp":"2024-04-27T18:43:23.747054Z","ServerTimestamp":"2024-04-27T18:43:27.6646625Z"},"nsu=http://opcfoundation.org/UA/Plc/Applications;s=BadSlowUIntScalar1":{"Value":3,"SourceTimestamp":"2024-04-27T18:43:23.7470554Z","ServerTimestamp":"2024-04-27T18:43:27.664666Z"},"nsu=http://opcfoundation.org/UA/Plc/Applications;s=SlowRandomUIntScalar1":{"Value":2458652929,"SourceTimestamp":"2024-04-27T18:43:23.7470906Z","ServerTimestamp":"2024-04-27T18:43:27.6646697Z"},"nsu=http://opcfoundation.org/UA/Plc/Applications;s=SlowRandomUIntScalar2":{"Value":1916017678,"SourceTimestamp":"2024-04-27T18:43:23.7470935Z","ServerTimestamp":"2024-04-27T18:43:27.6646675Z"},"nsu=http://opcfoundation.org/UA/Plc/Applications;s=SlowRandomUIntScalar3":{"Value":1489207722,"SourceTimestamp":"2024-04-27T18:43:23.747095Z","ServerTimestamp":"2024-04-27T18:43:27.6646712Z"},"nsu=http://opcfoundation.org/UA/Plc/Applications;s=BadSlowRandomUIntScalar1":{"Value":4083500475,"SourceTimestamp":"2024-04-27T18:43:23.7470966Z","ServerTimestamp":"2024-04-27T18:43:27.6646652Z"},"nsu=http://opcfoundation.org/UA/Plc/Applications;s=SpikeData":{"Value":1000,"SourceTimestamp":"2024-04-27T18:43:27.64871Z","ServerTimestamp":"2024-04-27T18:43:27.6646579Z"},"ns=23;i=1259":{"Value":0.42999999999999999,"SourceTimestamp":"2024-04-27T18:42:54.6592184Z","ServerTimestamp":"2024-04-27T18:43:27.6646395Z"}}]