[{"i=2258":{"Value":"2024-04-27T18:43:29.6622086Z","SourceTimestamp":"2024-04-27T18:42:54.6588604Z","ServerTimestamp":"2024-04-27T18:43:29.6622072Z"},"nsu=http://opcfoundation.org/UA/Plc/Applications;s=StepUp":{"Value":359,"SourceTimestamp":"2024-04-27T18:43:29.6452407Z","ServerTimestamp":"2024-04-27T18:43:29.6622394Z"},"nsu=http://opcfoundation.org/UA/Plc/Applications;s=AlternatingBoolean":{"Value":false,"SourceTimestamp":"2024-04-27T18:43:29.645267Z","ServerTimestamp":"2024-04-27T18:43:29.6622526Z"},"nsu=http://opcfoundation.org/UA/Plc/Applications;s=RandomSignedInt32":{"Value":2003697074,"SourceTimestamp":"2024-04-27T18:43:29.6452676Z","ServerTimestamp":"2024-04-27T18:43:29.6622548Z"},"nsu=http://opcfoundation.org/UA/Plc/Applications;s=RandomUnsignedInt32":{"Value":1327519084,"SourceTimestamp":"2024-04-27T18:43:29.6452766Z","ServerTimestamp":"2024-04-27T18:43:29.6622462Z"},"nsu=http://opcfoundation.org/UA/Plc/Applications;s=DipData":{"Value":-84.432792550201498,"SourceTimestamp":"2024-04-27T18:43:29.6452428Z","ServerTimestamp":"2024-04-27T18:43:29.6622573Z"},"nsu=http://opcfoundation.org/UA/Plc/Applications;s=FastUIntScalar1":{"Value":35,"SourceTimestamp":"2024-04-27T18:43:28.7444075Z","ServerTimestamp":"2024-04-27T18:43:29.6622473Z"},"nsu=http://opcfoundation.org/UA/Plc/Applications;s=FastUIntScalar2":{"Value":35,"SourceTimestamp":"2024-04-27T18:43:28.7444106Z","ServerTimestamp":"2024-04-27T18:43:29.6622432Z"},"nsu=http://opcfoundation.org/UA/Plc/Applications;s=FastUIntScalar3":{"Value":35,"SourceTimestamp":"2024-04-27T18:43:28.744413Z","ServerTimestamp":"2024-04-27T18:43:29.6622582Z"},"nsu=http://opcfoundation.org/UA/Plc/Applications;s=FastRandomUIntScalar1":{"Value":2644628881,"SourceTimestamp":"2024-04-27T18:43:28.744414Z","ServerTimestamp":"2024-04-27T18:43:29.6622412Z"},"nsu=http://opcfoundation.org/UA/Plc/Applications;s=FastRandomUIntScalar2":{"Value":4191822640,"SourceTimestamp":"2024-04-27T18:43:28.7444228Z","ServerTimestamp":"2024-04-27T18:43:29.6622444Z"},"nsu=http://opcfoundation.org/UA/Plc/Applications;s=FastRandomUIntScalar3":{"Value":3644798497,"SourceTimestamp":"2024-04-27T18:43:28.7444252Z","ServerTimestamp":"2024-04-27T18:43:29.6622567Z"},"nsu=http://opcfoundation.org/UA/Plc/Applications;s=NegativeTrendData":{"Value":100,"SourceTimestamp":"2024-04-27T18:43:29.6452586Z","ServerTimestamp":"2024-04-27T18:43:29.6622385Z"},"nsu=http://opcfoundation.org/UA/Plc/Applications;s=PositiveTrendData":{"Value":100.59999999999999,"SourceTimestamp":"2024-04-27T18:43:29.6452654Z","ServerTimestamp":"2024-04-27T18:43:29.662251Z"},"nsu=http://opcfoundation.org/UA/Plc/Applications;s=SlowUIntScalar1":{"Value":3,"SourceTimestamp":"2024-04-27T18:43:23.7470439Z","ServerTimestamp":"2024-04-27T18:43:29.6622422Z"},"nsu=http://opcfoundation.org/UA/Plc/Applications;s=SlowUIntScalar2":{"Value":3,"SourceTimestamp":"2024-04-27T18:43:23.747051Z","ServerTimestamp":"2024-04-27T18:43:29.662244Z"},"nsu=http://opcfoundation.org/UA/Plc/Applications;s=SlowUIntScalar3":{"Value":3,"SourceTimestamp":"2024-04-27T18:43:23.747054Z","ServerTimestamp":"2024-04-27T18:43:29.6622452Z"},"nsu=http://opcfoundation.org/UA/Plc/Applications;s=BadSlowUIntScalar1":{"Value":3,"SourceTimestamp":"2024-04-27T18:43:23.7470554Z","ServerTimestamp":"2024-04-27T18:43:29.6622499Z"},"nsu=http://opcfoundation.org/UA/Plc/Applications;s=SlowRandomUIntScalar1":{"Value":2458652929,"SourceTimestamp":"2024-04-27T18:43:23.7470906Z","ServerTimestamp":"2024-04-27T18:43:29.6622542Z"},"nsu=http://opcfoundation.org/UA/Plc/Applications;s=SlowRandomUIntScalar2":{"Value":1916017678,"SourceTimestamp":"2024-04-27T18:43:23.7470935Z","ServerTimestamp":"2024-04-27T18:43:29.6622518Z"},"nsu=http://opcfoundation.org/UA/Plc/Applications;s=SlowRandomUIntScalar3":{"Value":1489207722,"SourceTimestamp":"2024-04-27T18:43:23.747095Z","ServerTimestamp":"2024-04-27T18:43:29.6622558Z"},"nsu=http://opcfoundation.org/UA/Plc/Applications;s=BadSlowRandomUIntScalar1":{"Value":4083500475,"SourceTimestamp":"2024-04-27T18:43:23.7470966Z","ServerTimestamp":"2024-04-27T18:43:29.662249Z"},"nsu=http://opcfoundation.org/UA/Plc/Applications;s=SpikeData":{"Value":-84.432792550201498,"SourceTimestamp":"2024-04-27T18:43:29.6452629Z","ServerTimestamp":"2024-04-27T18:43:29.6622403Z"},"ns=23;i=1259":{"Value":-0.60299999999999998,"SourceTimestamp":"2024-04-27T18:42:54.6592184Z","ServerTimestamp":"2024-04-27T18:43:29.6622223Z"}}]