[{"i=2258":{"Value":"2024-04-27T18:43:30.6718682Z","SourceTimestamp":"2024-04-27T18:42:54.6588604Z","ServerTimestamp":"2024-04-27T18:43:30.671867Z"},"nsu=http://opcfoundation.org/UA/Plc/Applications;s=StepUp":{"Value":369,"SourceTimestamp":"2024-04-27T18:43:30.6557895Z","ServerTimestamp":"2024-04-27T18:43:30.6718999Z"},"nsu=http://opcfoundation.org/UA/Plc/Applications;s=AlternatingBoolean":{"Value":false,"SourceTimestamp":"2024-04-27T18:43:30.6558019Z","ServerTimestamp":"2024-04-27T18:43:30.6719123Z"},"nsu=http://opcfoundation.org/UA/Plc/Applications;s=RandomSignedInt32":{"Value":235851195,"SourceTimestamp":"2024-04-27T18:43:30.6558058Z","ServerTimestamp":"2024-04-27T18:43:30.6719144Z"},"nsu=http://opcfoundation.org/UA/Plc/Applications;s=RandomUnsignedInt32":{"Value":1138680777,"SourceTimestamp":"2024-04-27T18:43:30.6558062Z","ServerTimestamp":"2024-04-27T18:43:30.671907Z"},"nsu=http://opcfoundation.org/UA/Plc/Applications;s=DipData":{"Value":-77.051324277578942,"SourceTimestamp":"2024-04-27T18:43:30.655785Z","ServerTimestamp":"2024-04-27T18:43:30.6719169Z"},"nsu=http://opcfoundation.org/UA/Plc/Applications;s=FastUIntScalar1":{"Value":36,"SourceTimestamp":"2024-04-27T18:43:29.7541494Z","ServerTimestamp":"2024-04-27T18:43:30.6719079Z"},"nsu=http://opcfoundation.org/UA/Plc/Applications;s=FastUIntScalar2":{"Value":36,"SourceTimestamp":"2024-04-27T18:43:29.7541515Z","ServerTimestamp":"2024-04-27T18:43:30.6719041Z"},"nsu=http://opcfoundation.org/UA/Plc/Applications;s=FastUIntScalar3":{"Value":36,"SourceTimestamp":"2024-04-27T18:43:29.7541537Z","ServerTimestamp":"2024-04-27T18:43:30.6719178Z"},"nsu=http://opcfoundation.org/UA/Plc/Applications;s=FastRandomUIntScalar1":{"Value":2961689026,"SourceTimestamp":"2024-04-27T18:43:29.7541509Z","ServerTimestamp":"2024-04-27T18:43:30.6719019Z"},"nsu=http://opcfoundation.org/UA/Plc/Applications;s=FastRandomUIntScalar2":{"Value":1667831842,"SourceTimestamp":"2024-04-27T18:43:29.7541529Z","ServerTimestamp":"2024-04-27T18:43:30.6719053Z"},"nsu=http://opcfoundation.org/UA/Plc/Applications;s=FastRandomUIntScalar3":{"Value":3750704995,"SourceTimestamp":"2024-04-27T18:43:29.7541541Z","ServerTimestamp":"2024-04-27T18:43:30.6719162Z"},"nsu=http://opcfoundation.org/UA/Plc/Applications;s=NegativeTrendData":{"Value":100,"SourceTimestamp":"2024-04-27T18:43:30.6557929Z","ServerTimestamp":"2024-04-27T18:43:30.6718989Z"},"nsu=http://opcfoundation.org/UA/Plc/Applications;s=PositiveTrendData":{"Value":100.59999999999999,"SourceTimestamp":"2024-04-27T18:43:30.6558028Z","ServerTimestamp":"2024-04-27T18:43:30.6719106Z"},"nsu=http://opcfoundation.org/UA/Plc/Applications;s=SlowUIntScalar1":{"Value":3,"SourceTimestamp":"2024-04-27T18:43:23.7470439Z","ServerTimestamp":"2024-04-27T18:43:30.6719031Z"},"nsu=http://opcfoundation.org/UA/Plc/Applications;s=SlowUIntScalar2":{"Value":3,"SourceTimestamp":"2024-04-27T18:43:23.747051Z","ServerTimestamp":"2024-04-27T18:43:30.6719049Z"},"nsu=http://opcfoundation.org/UA/Plc/Applications;s=SlowUIntScalar3":{"Value":3,"SourceTimestamp":"2024-04-27T18:43:23.747054Z","ServerTimestamp":"2024-04-27T18:43:30.6719061Z"},"nsu=http://opcfoundation.org/UA/Plc/Applications;s=BadSlowUIntScalar1":{"Value":3,"SourceTimestamp":"2024-04-27T18:43:23.7470554Z","ServerTimestamp":"2024-04-27T18:43:30.6719099Z"},"nsu=http://opcfoundation.org/UA/Plc/Applications;s=SlowRandomUIntScalar1":{"Value":2458652929,"SourceTimestamp":"2024-04-27T18:43:23.7470906Z","ServerTimestamp":"2024-04-27T18:43:30.6719138Z"},"nsu=http://opcfoundation.org/UA/Plc/Applications;s=SlowRandomUIntScalar2":{"Value":1916017678,"SourceTimestamp":"2024-04-27T18:43:23.7470935Z","ServerTimestamp":"2024-04-27T18:43:30.6719115Z"},"nsu=http://opcfoundation.org/UA/Plc/Applications;s=SlowRandomUIntScalar3":{"Value":1489207722,"SourceTimestamp":"2024-04-27T18:43:23.747095Z","ServerTimestamp":"2024-04-27T18:43:30.6719153Z"},"nsu=http://opcfoundation.org/UA/Plc/Applications;s=BadSlowRandomUIntScalar1":{"Value":4083500475,"SourceTimestamp":"2024-04-27T18:43:23.7470966Z","ServerTimestamp":"2024-04-27T18:43:30.671909Z"},"nsu=http://opcfoundation.org/UA/Plc/Applications;s=SpikeData":{"Value":-77.051324277578942,"SourceTimestamp":"2024-04-27T18:43:30.6558149Z","ServerTimestamp":"2024-04-27T18:43:30.6719009Z"},"ns=23;i=1259":{"Value":1.72,"SourceTimestamp":"2024-04-27T18:42:54.6592184Z","ServerTimestamp":"2024-04-27T18:43:30.6718818Z"}}]