[{"i=2258":{"Value":"2024-04-27T18:43:31.6765602Z","SourceTimestamp":"2024-04-27T18:42:54.6588604Z","ServerTimestamp":"2024-04-27T18:43:31.6765588Z"},"nsu=http://opcfoundation.org/UA/Plc/Applications;s=StepUp":{"Value":379,"SourceTimestamp":"2024-04-27T18:43:31.6452031Z","ServerTimestamp":"2024-04-27T18:43:31.6765915Z"},"nsu=http://opcfoundation.org/UA/Plc/Applications;s=AlternatingBoolean":{"Value":false,"SourceTimestamp":"2024-04-27T18:43:31.6452031Z","ServerTimestamp":"2024-04-27T18:43:31.6766031Z"},"nsu=http://opcfoundation.org/UA/Plc/Applications;s=RandomSignedInt32":{"Value":1616463580,"SourceTimestamp":"2024-04-27T18:43:31.6451976Z","ServerTimestamp":"2024-04-27T18:43:31.6766055Z"},"nsu=http://opcfoundation.org/UA/Plc/Applications;s=RandomUnsignedInt32":{"Value":280947354,"SourceTimestamp":"2024-04-27T18:43:31.6452014Z","ServerTimestamp":"2024-04-27T18:43:31.676598Z"},"nsu=http://opcfoundation.org/UA/Plc/Applications;s=DipData":{"Value":36.812455268467772,"SourceTimestamp":"2024-04-27T18:43:31.6451968Z","ServerTimestamp":"2024-04-27T18:43:31.6766084Z"},"nsu=http://opcfoundation.org/UA/Plc/Applications;s=FastUIntScalar1":{"Value":37,"SourceTimestamp":"2024-04-27T18:43:30.7486397Z","ServerTimestamp":"2024-04-27T18:43:31.6765989Z"},"nsu=http://opcfoundation.org/UA/Plc/Applications;s=FastUIntScalar2":{"Value":37,"SourceTimestamp":"2024-04-27T18:43:30.7486497Z","ServerTimestamp":"2024-04-27T18:43:31.6765953Z"},"nsu=http://opcfoundation.org/UA/Plc/Applications;s=FastUIntScalar3":{"Value":37,"SourceTimestamp":"2024-04-27T18:43:30.7486522Z","ServerTimestamp":"2024-04-27T18:43:31.6766093Z"},"nsu=http://opcfoundation.org/UA/Plc/Applications;s=FastRandomUIntScalar1":{"Value":1610084768,"SourceTimestamp":"2024-04-27T18:43:30.7486196Z","ServerTimestamp":"2024-04-27T18:43:31.6765932Z"},"nsu=http://opcfoundation.org/UA/Plc/Applications;s=FastRandomUIntScalar2":{"Value":2551310368,"SourceTimestamp":"2024-04-27T18:43:30.7486219Z","ServerTimestamp":"2024-04-27T18:43:31.6765963Z"},"nsu=http://opcfoundation.org/UA/Plc/Applications;s=FastRandomUIntScalar3":{"Value":2519275185,"SourceTimestamp":"2024-04-27T18:43:30.7486234Z","ServerTimestamp":"2024-04-27T18:43:31.6766078Z"},"nsu=http://opcfoundation.org/UA/Plc/Applications;s=NegativeTrendData":{"Value":100,"SourceTimestamp":"2024-04-27T18:43:31.6451835Z","ServerTimestamp":"2024-04-27T18:43:31.6765904Z"},"nsu=http://opcfoundation.org/UA/Plc/Applications;s=PositiveTrendData":{"Value":100.59999999999999,"SourceTimestamp":"2024-04-27T18:43:31.6451762Z","ServerTimestamp":"2024-04-27T18:43:31.6766015Z"},"nsu=http://opcfoundation.org/UA/Plc/Applications;s=SlowUIntScalar1":{"Value":3,"SourceTimestamp":"2024-04-27T18:43:23.7470439Z","ServerTimestamp":"2024-04-27T18:43:31.6765944Z"},"nsu=http://opcfoundation.org/UA/Plc/Applications;s=SlowUIntScalar2":{"Value":3,"SourceTimestamp":"2024-04-27T18:43:23.747051Z","ServerTimestamp":"2024-04-27T18:43:31.6765959Z"},"nsu=http://opcfoundation.org/UA/Plc/Applications;s=SlowUIntScalar3":{"Value":3,"SourceTimestamp":"2024-04-27T18:43:23.747054Z","ServerTimestamp":"2024-04-27T18:43:31.6765971Z"},"nsu=http://opcfoundation.org/UA/Plc/Applications;s=BadSlowUIntScalar1":{"Value":3,"SourceTimestamp":"2024-04-27T18:43:23.7470554Z","ServerTimestamp":"2024-04-27T18:43:31.6766008Z"},"nsu=http://opcfoundation.org/UA/Plc/Applications;s=SlowRandomUIntScalar1":{"Value":2458652929,"SourceTimestamp":"2024-04-27T18:43:23.7470906Z","ServerTimestamp":"2024-04-27T18:43:31.6766049Z"},"nsu=http://opcfoundation.org/UA/Plc/Applications;s=SlowRandomUIntScalar2":{"Value":1916017678,"SourceTimestamp":"2024-04-27T18:43:23.7470935Z","ServerTimestamp":"2024-04-27T18:43:31.6766023Z"},"nsu=http://opcfoundation.org/UA/Plc/Applications;s=SlowRandomUIntScalar3":{"Value":1489207722,"SourceTimestamp":"2024-04-27T18:43:23.747095Z","ServerTimestamp":"2024-04-27T18:43:31.6766066Z"},"nsu=http://opcfoundation.org/UA/Plc/Applications;s=BadSlowRandomUIntScalar1":{"Value":4083500475,"SourceTimestamp":"2024-04-27T18:43:23.7470966Z","ServerTimestamp":"2024-04-27T18:43:31.6765999Z"},"nsu=http://opcfoundation.org/UA/Plc/Applications;s=SpikeData":{"Value":36.812455268467772,"SourceTimestamp":"2024-04-27T18:43:31.6451681Z","ServerTimestamp":"2024-04-27T18:43:31.6765923Z"},"ns=23;i=1259":{"Value":0.67700000000000005,"SourceTimestamp":"2024-04-27T18:42:54.6592184Z","ServerTimestamp":"2024-04-27T18:43:31.6765741Z"}}]