[{"i=2258":{"Value":"2024-04-27T18:43:32.672507Z","SourceTimestamp":"2024-04-27T18:42:54.6588604Z","ServerTimestamp":"2024-04-27T18:43:32.6725057Z"},"nsu=http://opcfoundation.org/UA/Plc/Applications;s=StepUp":{"Value":389,"SourceTimestamp":"2024-04-27T18:43:32.6554787Z","ServerTimestamp":"2024-04-27T18:43:32.6725366Z"},"nsu=http://opcfoundation.org/UA/Plc/Applications;s=AlternatingBoolean":{"Value":false,"SourceTimestamp":"2024-04-27T18:43:32.655504Z","ServerTimestamp":"2024-04-27T18:43:32.6725486Z"},"nsu=http://opcfoundation.org/UA/Plc/Applications;s=RandomSignedInt32":{"Value":1040912280,"SourceTimestamp":"2024-04-27T18:43:32.655504Z","ServerTimestamp":"2024-04-27T18:43:32.6725509Z"},"nsu=http://opcfoundation.org/UA/Plc/Applications;s=RandomUnsignedInt32":{"Value":46605792,"SourceTimestamp":"2024-04-27T18:43:32.655511Z","ServerTimestamp":"2024-04-27T18:43:32.6725429Z"},"nsu=http://opcfoundation.org/UA/Plc/Applications;s=DipData":{"Value":99.80267284282715,"SourceTimestamp":"2024-04-27T18:43:32.6555213Z","ServerTimestamp":"2024-04-27T18:43:32.6725533Z"},"nsu=http://opcfoundation.org/UA/Plc/Applications;s=FastUIntScalar1":{"Value":38,"SourceTimestamp":"2024-04-27T18:43:31.7527736Z","ServerTimestamp":"2024-04-27T18:43:32.6725438Z"},"nsu=http://opcfoundation.org/UA/Plc/Applications;s=FastUIntScalar2":{"Value":38,"SourceTimestamp":"2024-04-27T18:43:31.7527811Z","ServerTimestamp":"2024-04-27T18:43:32.6725402Z"},"nsu=http://opcfoundation.org/UA/Plc/Applications;s=FastUIntScalar3":{"Value":38,"SourceTimestamp":"2024-04-27T18:43:31.7527844Z","ServerTimestamp":"2024-04-27T18:43:32.6725542Z"},"nsu=http://opcfoundation.org/UA/Plc/Applications;s=FastRandomUIntScalar1":{"Value":983492330,"SourceTimestamp":"2024-04-27T18:43:31.7527609Z","ServerTimestamp":"2024-04-27T18:43:32.6725381Z"},"nsu=http://opcfoundation.org/UA/Plc/Applications;s=FastRandomUIntScalar2":{"Value":423778982,"SourceTimestamp":"2024-04-27T18:43:31.7527657Z","ServerTimestamp":"2024-04-27T18:43:32.6725414Z"},"nsu=http://opcfoundation.org/UA/Plc/Applications;s=FastRandomUIntScalar3":{"Value":3585528272,"SourceTimestamp":"2024-04-27T18:43:31.7528494Z","ServerTimestamp":"2024-04-27T18:43:32.6725527Z"},"nsu=http://opcfoundation.org/UA/Plc/Applications;s=NegativeTrendData":{"Value":100,"SourceTimestamp":"2024-04-27T18:43:32.6555148Z","ServerTimestamp":"2024-04-27T18:43:32.6725359Z"},"nsu=http://opcfoundation.org/UA/Plc/Applications;s=PositiveTrendData":{"Value":100.59999999999999,"SourceTimestamp":"2024-04-27T18:43:32.6555203Z","ServerTimestamp":"2024-04-27T18:43:32.6725471Z"},"nsu=http://opcfoundation.org/UA/Plc/Applications;s=SlowUIntScalar1":{"Value":3,"SourceTimestamp":"2024-04-27T18:43:23.7470439Z","ServerTimestamp":"2024-04-27T18:43:32.6725393Z"},"nsu=http://opcfoundation.org/UA/Plc/Applications;s=SlowUIntScalar2":{"Value":3,"SourceTimestamp":"2024-04-27T18:43:23.747051Z","ServerTimestamp":"2024-04-27T18:43:32.672541Z"},"nsu=http://opcfoundation.org/UA/Plc/Applications;s=SlowUIntScalar3":{"Value":3,"SourceTimestamp":"2024-04-27T18:43:23.747054Z","ServerTimestamp":"2024-04-27T18:43:32.6725421Z"},"nsu=http://opcfoundation.org/UA/Plc/Applications;s=BadSlowUIntScalar1":{"Value":3,"SourceTimestamp":"2024-04-27T18:43:23.7470554Z","ServerTimestamp":"2024-04-27T18:43:32.6725455Z"},"nsu=http://opcfoundation.org/UA/Plc/Applications;s=SlowRandomUIntScalar1":{"Value":2458652929,"SourceTimestamp":"2024-04-27T18:43:23.7470906Z","ServerTimestamp":"2024-04-27T18:43:32.6725504Z"},"nsu=http://opcfoundation.org/UA/Plc/Applications;s=SlowRandomUIntScalar2":{"Value":1916017678,"SourceTimestamp":"2024-04-27T18:43:23.7470935Z","ServerTimestamp":"2024-04-27T18:43:32.6725479Z"},"nsu=http://opcfoundation.org/UA/Plc/Applications;s=SlowRandomUIntScalar3":{"Value":1489207722,"SourceTimestamp":"2024-04-27T18:43:23.747095Z","ServerTimestamp":"2024-04-27T18:43:32.6725519Z"},"nsu=http://opcfoundation.org/UA/Plc/Applications;s=BadSlowRandomUIntScalar1":{"Value":4083500475,"SourceTimestamp":"2024-04-27T18:43:23.7470966Z","ServerTimestamp":"2024-04-27T18:43:32.6725447Z"},"nsu=http://opcfoundation.org/UA/Plc/Applications;s=SpikeData":{"Value":99.80267284282715,"SourceTimestamp":"2024-04-27T18:43:32.655523Z","ServerTimestamp":"2024-04-27T18:43:32.6725374Z"},"ns=23;i=1259":{"Value":0.80400000000000005,"SourceTimestamp":"2024-04-27T18:42:54.6592184Z","ServerTimestamp":"2024-04-27T18:43:32.6725203Z"}}]