[{"i=2258":{"Value":"2024-04-27T18:43:33.6676004Z","SourceTimestamp":"2024-04-27T18:42:54.6588604Z","ServerTimestamp":"2024-04-27T18:43:33.6675989Z"},"nsu=http://opcfoundation.org/UA/Plc/Applications;s=StepUp":{"Value":399,"SourceTimestamp":"2024-04-27T18:43:33.6509372Z","ServerTimestamp":"2024-04-27T18:43:33.6676449Z"},"nsu=http://opcfoundation.org/UA/Plc/Applications;s=AlternatingBoolean":{"Value":false,"SourceTimestamp":"2024-04-27T18:43:33.6509508Z","ServerTimestamp":"2024-04-27T18:43:33.6676573Z"},"nsu=http://opcfoundation.org/UA/Plc/Applications;s=RandomSignedInt32":{"Value":-349426315,"SourceTimestamp":"2024-04-27T18:43:33.6509583Z","ServerTimestamp":"2024-04-27T18:43:33.6676594Z"},"nsu=http://opcfoundation.org/UA/Plc/Applications;s=RandomUnsignedInt32":{"Value":605573502,"SourceTimestamp":"2024-04-27T18:43:33.6509684Z","ServerTimestamp":"2024-04-27T18:43:33.6676521Z"},"nsu=http://opcfoundation.org/UA/Plc/Applications;s=DipData":{"Value":24.868988716485479,"SourceTimestamp":"2024-04-27T18:43:33.6509541Z","ServerTimestamp":"2024-04-27T18:43:33.667662Z"},"nsu=http://opcfoundation.org/UA/Plc/Applications;s=FastUIntScalar1":{"Value":39,"SourceTimestamp":"2024-04-27T18:43:32.7490932Z","ServerTimestamp":"2024-04-27T18:43:33.6676529Z"},"nsu=http://opcfoundation.org/UA/Plc/Applications;s=FastUIntScalar2":{"Value":39,"SourceTimestamp":"2024-04-27T18:43:32.7490953Z","ServerTimestamp":"2024-04-27T18:43:33.6676491Z"},"nsu=http://opcfoundation.org/UA/Plc/Applications;s=FastUIntScalar3":{"Value":39,"SourceTimestamp":"2024-04-27T18:43:32.7490966Z","ServerTimestamp":"2024-04-27T18:43:33.6676629Z"},"nsu=http://opcfoundation.org/UA/Plc/Applications;s=FastRandomUIntScalar1":{"Value":667999176,"SourceTimestamp":"2024-04-27T18:43:32.749098Z","ServerTimestamp":"2024-04-27T18:43:33.6676468Z"},"nsu=http://opcfoundation.org/UA/Plc/Applications;s=FastRandomUIntScalar2":{"Value":3356698090,"SourceTimestamp":"2024-04-27T18:43:32.7491016Z","ServerTimestamp":"2024-04-27T18:43:33.6676504Z"},"nsu=http://opcfoundation.org/UA/Plc/Applications;s=FastRandomUIntScalar3":{"Value":474222954,"SourceTimestamp":"2024-04-27T18:43:32.7491031Z","ServerTimestamp":"2024-04-27T18:43:33.6676614Z"},"nsu=http://opcfoundation.org/UA/Plc/Applications;s=NegativeTrendData":{"Value":100,"SourceTimestamp":"2024-04-27T18:43:33.6509599Z","ServerTimestamp":"2024-04-27T18:43:33.6676439Z"},"nsu=http://opcfoundation.org/UA/Plc/Applications;s=PositiveTrendData":{"Value":100.59999999999999,"SourceTimestamp":"2024-04-27T18:43:33.6509633Z","ServerTimestamp":"2024-04-27T18:43:33.6676557Z"},"nsu=http://opcfoundation.org/UA/Plc/Applications;s=SlowUIntScalar1":{"Value":3,"SourceTimestamp":"2024-04-27T18:43:23.7470439Z","ServerTimestamp":"2024-04-27T18:43:33.667648Z"},"nsu=http://opcfoundation.org/UA/Plc/Applications;s=SlowUIntScalar2":{"Value":3,"SourceTimestamp":"2024-04-27T18:43:23.747051Z","ServerTimestamp":"2024-04-27T18:43:33.66765Z"},"nsu=http://opcfoundation.org/UA/Plc/Applications;s=SlowUIntScalar3":{"Value":3,"SourceTimestamp":"2024-04-27T18:43:23.747054Z","ServerTimestamp":"2024-04-27T18:43:33.6676512Z"},"nsu=http://opcfoundation.org/UA/Plc/Applications;s=BadSlowUIntScalar1":{"Value":3,"SourceTimestamp":"2024-04-27T18:43:23.7470554Z","ServerTimestamp":"2024-04-27T18:43:33.6676549Z"},"nsu=http://opcfoundation.org/UA/Plc/Applications;s=SlowRandomUIntScalar1":{"Value":2458652929,"SourceTimestamp":"2024-04-27T18:43:23.7470906Z","ServerTimestamp":"2024-04-27T18:43:33.6676588Z"},"nsu=http://opcfoundation.org/UA/Plc/Applications;s=SlowRandomUIntScalar2":{"Value":1916017678,"SourceTimestamp":"2024-04-27T18:43:23.7470935Z","ServerTimestamp":"2024-04-27T18:43:33.6676565Z"},"nsu=http://opcfoundation.org/UA/Plc/Applications;s=SlowRandomUIntScalar3":{"Value":1489207722,"SourceTimestamp":"2024-04-27T18:43:23.747095Z","ServerTimestamp":"2024-04-27T18:43:33.6676604Z"},"nsu=http://opcfoundation.org/UA/Plc/Applications;s=BadSlowRandomUIntScalar1":{"Value":4083500475,"SourceTimestamp":"2024-04-27T18:43:23.7470966Z","ServerTimestamp":"2024-04-27T18:43:33.667654Z"},"nsu=http://opcfoundation.org/UA/Plc/Applications;s=SpikeData":{"Value":24.868988716485479,"SourceTimestamp":"2024-04-27T18:43:33.6509632Z","ServerTimestamp":"2024-04-27T18:43:33.6676459Z"},"ns=23;i=1259":{"Value":0.90100000000000002,"SourceTimestamp":"2024-04-27T18:42:54.6592184Z","ServerTimestamp":"2024-04-27T18:43:33.6676137Z"}}]