[{"i=2258":{"Value":"2024-04-27T18:43:36.6688937Z","SourceTimestamp":"2024-04-27T18:42:54.6588604Z","ServerTimestamp":"2024-04-27T18:43:36.6688924Z"},"nsu=http://opcfoundation.org/UA/Plc/Applications;s=StepUp":{"Value":429,"SourceTimestamp":"2024-04-27T18:43:36.6529778Z","ServerTimestamp":"2024-04-27T18:43:36.6689253Z"},"nsu=http://opcfoundation.org/UA/Plc/Applications;s=AlternatingBoolean":{"Value":true,"SourceTimestamp":"2024-04-27T18:43:36.6530234Z","ServerTimestamp":"2024-04-27T18:43:36.6689378Z"},"nsu=http://opcfoundation.org/UA/Plc/Applications;s=RandomSignedInt32":{"Value":384936274,"SourceTimestamp":"2024-04-27T18:43:36.653017Z","ServerTimestamp":"2024-04-27T18:43:36.6689402Z"},"nsu=http://opcfoundation.org/UA/Plc/Applications;s=RandomUnsignedInt32":{"Value":1933081216,"SourceTimestamp":"2024-04-27T18:43:36.6530115Z","ServerTimestamp":"2024-04-27T18:43:36.6689322Z"},"nsu=http://opcfoundation.org/UA/Plc/Applications;s=DipData":{"Value":36.812455268467772,"SourceTimestamp":"2024-04-27T18:43:36.6529523Z","ServerTimestamp":"2024-04-27T18:43:36.6689427Z"},"nsu=http://opcfoundation.org/UA/Plc/Applications;s=FastUIntScalar1":{"Value":42,"SourceTimestamp":"2024-04-27T18:43:35.7495896Z","ServerTimestamp":"2024-04-27T18:43:36.6689331Z"},"nsu=http://opcfoundation.org/UA/Plc/Applications;s=FastUIntScalar2":{"Value":42,"SourceTimestamp":"2024-04-27T18:43:35.7495952Z","ServerTimestamp":"2024-04-27T18:43:36.6689293Z"},"nsu=http://opcfoundation.org/UA/Plc/Applications;s=FastUIntScalar3":{"Value":42,"SourceTimestamp":"2024-04-27T18:43:35.7496031Z","ServerTimestamp":"2024-04-27T18:43:36.6689436Z"},"nsu=http://opcfoundation.org/UA/Plc/Applications;s=FastRandomUIntScalar1":{"Value":2085635543,"SourceTimestamp":"2024-04-27T18:43:35.7495903Z","ServerTimestamp":"2024-04-27T18:43:36.6689273Z"},"nsu=http://opcfoundation.org/UA/Plc/Applications;s=FastRandomUIntScalar2":{"Value":614874508,"SourceTimestamp":"2024-04-27T18:43:35.7496014Z","ServerTimestamp":"2024-04-27T18:43:36.6689305Z"},"nsu=http://opcfoundation.org/UA/Plc/Applications;s=FastRandomUIntScalar3":{"Value":509984073,"SourceTimestamp":"2024-04-27T18:43:35.7496045Z","ServerTimestamp":"2024-04-27T18:43:36.6689421Z"},"nsu=http://opcfoundation.org/UA/Plc/Applications;s=NegativeTrendData":{"Value":100,"SourceTimestamp":"2024-04-27T18:43:36.6529943Z","ServerTimestamp":"2024-04-27T18:43:36.6689244Z"},"nsu=http://opcfoundation.org/UA/Plc/Applications;s=PositiveTrendData":{"Value":100.7,"SourceTimestamp":"2024-04-27T18:43:36.6530059Z","ServerTimestamp":"2024-04-27T18:43:36.668936Z"},"nsu=http://opcfoundation.org/UA/Plc/Applications;s=SlowUIntScalar1":{"Value":4,"SourceTimestamp":"2024-04-27T18:43:33.7579741Z","ServerTimestamp":"2024-04-27T18:43:36.6689283Z"},"nsu=http://opcfoundation.org/UA/Plc/Applications;s=SlowUIntScalar2":{"Value":4,"SourceTimestamp":"2024-04-27T18:43:33.7579814Z","ServerTimestamp":"2024-04-27T18:43:36.6689301Z"},"nsu=http://opcfoundation.org/UA/Plc/Applications;s=SlowUIntScalar3":{"Value":4,"SourceTimestamp":"2024-04-27T18:43:33.7579825Z","ServerTimestamp":"2024-04-27T18:43:36.6689313Z"},"nsu=http://opcfoundation.org/UA/Plc/Applications;s=BadSlowUIntScalar1":{"Value":4,"StatusCode":{"Symbol":"UncertainLastUsableValue","Code":1083179008},"SourceTimestamp":"2024-04-27T18:43:33.7579841Z","ServerTimestamp":"2024-04-27T18:43:36.6689353Z"},"nsu=http://opcfoundation.org/UA/Plc/Applications;s=SlowRandomUIntScalar1":{"Value":165633667,"SourceTimestamp":"2024-04-27T18:43:33.7580264Z","ServerTimestamp":"2024-04-27T18:43:36.6689396Z"},"nsu=http://opcfoundation.org/UA/Plc/Applications;s=SlowRandomUIntScalar2":{"Value":453779435,"SourceTimestamp":"2024-04-27T18:43:33.7580281Z","ServerTimestamp":"2024-04-27T18:43:36.668937Z"},"nsu=http://opcfoundation.org/UA/Plc/Applications;s=SlowRandomUIntScalar3":{"Value":1825015010,"SourceTimestamp":"2024-04-27T18:43:33.7580319Z","ServerTimestamp":"2024-04-27T18:43:36.6689412Z"},"nsu=http://opcfoundation.org/UA/Plc/Applications;s=BadSlowRandomUIntScalar1":{"Value":1010675333,"StatusCode":{"Symbol":"UncertainLastUsableValue","Code":1083179008},"SourceTimestamp":"2024-04-27T18:43:33.7580345Z","ServerTimestamp":"2024-04-27T18:43:36.668934Z"},"nsu=http://opcfoundation.org/UA/Plc/Applications;s=SpikeData":{"Value":36.812455268467772,"SourceTimestamp":"2024-04-27T18:43:36.6530042Z","ServerTimestamp":"2024-04-27T18:43:36.6689263Z"},"ns=23;i=1259":{"Value":0.0080100000000000015,"SourceTimestamp":"2024-04-27T18:42:54.6592184Z","ServerTimestamp":"2024-04-27T18:43:36.6689071Z"}}]