[{"i=2258":{"Value":"2024-04-27T18:43:39.6630015Z","SourceTimestamp":"2024-04-27T18:42:54.6588604Z","ServerTimestamp":"2024-04-27T18:43:39.6630004Z"},"nsu=http://opcfoundation.org/UA/Plc/Applications;s=StepUp":{"Value":459,"SourceTimestamp":"2024-04-27T18:43:39.6470346Z","ServerTimestamp":"2024-04-27T18:43:39.6630528Z"},"nsu=http://opcfoundation.org/UA/Plc/Applications;s=AlternatingBoolean":{"Value":false,"SourceTimestamp":"2024-04-27T18:43:39.647083Z","ServerTimestamp":"2024-04-27T18:43:39.6630657Z"},"nsu=http://opcfoundation.org/UA/Plc/Applications;s=RandomSignedInt32":{"Value":639569401,"SourceTimestamp":"2024-04-27T18:43:39.6470859Z","ServerTimestamp":"2024-04-27T18:43:39.6630679Z"},"nsu=http://opcfoundation.org/UA/Plc/Applications;s=RandomUnsignedInt32":{"Value":1684518733,"SourceTimestamp":"2024-04-27T18:43:39.6470891Z","ServerTimestamp":"2024-04-27T18:43:39.6630602Z"},"nsu=http://opcfoundation.org/UA/Plc/Applications;s=DipData":{"Value":-84.432792550201498,"SourceTimestamp":"2024-04-27T18:43:39.6470913Z","ServerTimestamp":"2024-04-27T18:43:39.6630706Z"},"nsu=http://opcfoundation.org/UA/Plc/Applications;s=FastUIntScalar1":{"Value":45,"SourceTimestamp":"2024-04-27T18:43:38.7459691Z","ServerTimestamp":"2024-04-27T18:43:39.663061Z"},"nsu=http://opcfoundation.org/UA/Plc/Applications;s=FastUIntScalar2":{"Value":45,"SourceTimestamp":"2024-04-27T18:43:38.7459735Z","ServerTimestamp":"2024-04-27T18:43:39.6630568Z"},"nsu=http://opcfoundation.org/UA/Plc/Applications;s=FastUIntScalar3":{"Value":45,"SourceTimestamp":"2024-04-27T18:43:38.7459758Z","ServerTimestamp":"2024-04-27T18:43:39.6630717Z"},"nsu=http://opcfoundation.org/UA/Plc/Applications;s=FastRandomUIntScalar1":{"Value":2795161372,"SourceTimestamp":"2024-04-27T18:43:38.7459768Z","ServerTimestamp":"2024-04-27T18:43:39.6630548Z"},"nsu=http://opcfoundation.org/UA/Plc/Applications;s=FastRandomUIntScalar2":{"Value":1567035597,"SourceTimestamp":"2024-04-27T18:43:38.7459801Z","ServerTimestamp":"2024-04-27T18:43:39.6630581Z"},"nsu=http://opcfoundation.org/UA/Plc/Applications;s=FastRandomUIntScalar3":{"Value":3456298666,"SourceTimestamp":"2024-04-27T18:43:38.7459821Z","ServerTimestamp":"2024-04-27T18:43:39.66307Z"},"nsu=http://opcfoundation.org/UA/Plc/Applications;s=NegativeTrendData":{"Value":100,"SourceTimestamp":"2024-04-27T18:43:39.6470939Z","ServerTimestamp":"2024-04-27T18:43:39.663052Z"},"nsu=http://opcfoundation.org/UA/Plc/Applications;s=PositiveTrendData":{"Value":100.8,"SourceTimestamp":"2024-04-27T18:43:39.6470957Z","ServerTimestamp":"2024-04-27T18:43:39.6630641Z"},"nsu=http://opcfoundation.org/UA/Plc/Applications;s=SlowUIntScalar1":{"Value":4,"SourceTimestamp":"2024-04-27T18:43:33.7579741Z","ServerTimestamp":"2024-04-27T18:43:39.6630558Z"},"nsu=http://opcfoundation.org/UA/Plc/Applications;s=SlowUIntScalar2":{"Value":4,"SourceTimestamp":"2024-04-27T18:43:33.7579814Z","ServerTimestamp":"2024-04-27T18:43:39.6630577Z"},"nsu=http://opcfoundation.org/UA/Plc/Applications;s=SlowUIntScalar3":{"Value":4,"SourceTimestamp":"2024-04-27T18:43:33.7579825Z","ServerTimestamp":"2024-04-27T18:43:39.6630593Z"},"nsu=http://opcfoundation.org/UA/Plc/Applications;s=BadSlowUIntScalar1":{"Value":4,"StatusCode":{"Symbol":"UncertainLastUsableValue","Code":1083179008},"SourceTimestamp":"2024-04-27T18:43:33.7579841Z","ServerTimestamp":"2024-04-27T18:43:39.6630632Z"},"nsu=http://opcfoundation.org/UA/Plc/Applications;s=SlowRandomUIntScalar1":{"Value":165633667,"SourceTimestamp":"2024-04-27T18:43:33.7580264Z","ServerTimestamp":"2024-04-27T18:43:39.6630673Z"},"nsu=http://opcfoundation.org/UA/Plc/Applications;s=SlowRandomUIntScalar2":{"Value":453779435,"SourceTimestamp":"2024-04-27T18:43:33.7580281Z","ServerTimestamp":"2024-04-27T18:43:39.6630649Z"},"nsu=http://opcfoundation.org/UA/Plc/Applications;s=SlowRandomUIntScalar3":{"Value":1825015010,"SourceTimestamp":"2024-04-27T18:43:33.7580319Z","ServerTimestamp":"2024-04-27T18:43:39.663069Z"},"nsu=http://opcfoundation.org/UA/Plc/Applications;s=BadSlowRandomUIntScalar1":{"Value":1010675333,"StatusCode":{"Symbol":"UncertainLastUsableValue","Code":1083179008},"SourceTimestamp":"2024-04-27T18:43:33.7580345Z","ServerTimestamp":"2024-04-27T18:43:39.6630619Z"},"nsu=http://opcfoundation.org/UA/Plc/Applications;s=SpikeData":{"Value":-84.432792550201498,"SourceTimestamp":"2024-04-27T18:43:39.6471067Z","ServerTimestamp":"2024-04-27T18:43:39.6630538Z"},"ns=23;i=1259":{"Value":1.0900000000000001,"SourceTimestamp":"2024-04-27T18:42:54.6592184Z","ServerTimestamp":"2024-04-27T18:43:39.6630314Z"}}]