[{"i=2258":{"Value":"2024-04-27T18:43:54.6724772Z","SourceTimestamp":"2024-04-27T18:42:54.6588604Z","ServerTimestamp":"2024-04-27T18:43:54.6724758Z"},"nsu=http://opcfoundation.org/UA/Plc/Applications;s=StepUp":{"Value":609,"SourceTimestamp":"2024-04-27T18:43:54.6560207Z","ServerTimestamp":"2024-04-27T18:43:54.6725075Z"},"nsu=http://opcfoundation.org/UA/Plc/Applications;s=AlternatingBoolean":{"Value":true,"SourceTimestamp":"2024-04-27T18:43:54.6560363Z","ServerTimestamp":"2024-04-27T18:43:54.6725188Z"},"nsu=http://opcfoundation.org/UA/Plc/Applications;s=RandomSignedInt32":{"Value":1270358228,"SourceTimestamp":"2024-04-27T18:43:54.6560479Z","ServerTimestamp":"2024-04-27T18:43:54.6725207Z"},"nsu=http://opcfoundation.org/UA/Plc/Applications;s=RandomUnsignedInt32":{"Value":1403061520,"SourceTimestamp":"2024-04-27T18:43:54.6560471Z","ServerTimestamp":"2024-04-27T18:43:54.672514Z"},"nsu=http://opcfoundation.org/UA/Plc/Applications;s=DipData":{"Value":-84.432792550201498,"SourceTimestamp":"2024-04-27T18:43:54.6560175Z","ServerTimestamp":"2024-04-27T18:43:54.672523Z"},"nsu=http://opcfoundation.org/UA/Plc/Applications;s=FastUIntScalar1":{"Value":60,"SourceTimestamp":"2024-04-27T18:43:53.7515273Z","ServerTimestamp":"2024-04-27T18:43:54.6725148Z"},"nsu=http://opcfoundation.org/UA/Plc/Applications;s=FastUIntScalar2":{"Value":60,"SourceTimestamp":"2024-04-27T18:43:53.751535Z","ServerTimestamp":"2024-04-27T18:43:54.672511Z"},"nsu=http://opcfoundation.org/UA/Plc/Applications;s=FastUIntScalar3":{"Value":60,"SourceTimestamp":"2024-04-27T18:43:53.75154Z","ServerTimestamp":"2024-04-27T18:43:54.6725238Z"},"nsu=http://opcfoundation.org/UA/Plc/Applications;s=FastRandomUIntScalar1":{"Value":2443115944,"SourceTimestamp":"2024-04-27T18:43:53.75153Z","ServerTimestamp":"2024-04-27T18:43:54.672509Z"},"nsu=http://opcfoundation.org/UA/Plc/Applications;s=FastRandomUIntScalar2":{"Value":1849823871,"SourceTimestamp":"2024-04-27T18:43:53.7515318Z","ServerTimestamp":"2024-04-27T18:43:54.6725122Z"},"nsu=http://opcfoundation.org/UA/Plc/Applications;s=FastRandomUIntScalar3":{"Value":1653841196,"SourceTimestamp":"2024-04-27T18:43:53.7515331Z","ServerTimestamp":"2024-04-27T18:43:54.6725224Z"},"nsu=http://opcfoundation.org/UA/Plc/Applications;s=NegativeTrendData":{"Value":99.700000000000003,"SourceTimestamp":"2024-04-27T18:43:54.6560299Z","ServerTimestamp":"2024-04-27T18:43:54.6725067Z"},"nsu=http://opcfoundation.org/UA/Plc/Applications;s=PositiveTrendData":{"Value":101.09999999999999,"SourceTimestamp":"2024-04-27T18:43:54.6560341Z","ServerTimestamp":"2024-04-27T18:43:54.6725171Z"},"nsu=http://opcfoundation.org/UA/Plc/Applications;s=SlowUIntScalar1":{"Value":6,"SourceTimestamp":"2024-04-27T18:43:53.7514882Z","ServerTimestamp":"2024-04-27T18:43:54.6725101Z"},"nsu=http://opcfoundation.org/UA/Plc/Applications;s=SlowUIntScalar2":{"Value":6,"SourceTimestamp":"2024-04-27T18:43:53.7514945Z","ServerTimestamp":"2024-04-27T18:43:54.6725118Z"},"nsu=http://opcfoundation.org/UA/Plc/Applications;s=SlowUIntScalar3":{"Value":6,"SourceTimestamp":"2024-04-27T18:43:53.7514958Z","ServerTimestamp":"2024-04-27T18:43:54.6725129Z"},"nsu=http://opcfoundation.org/UA/Plc/Applications;s=BadSlowUIntScalar1":{"Value":6,"SourceTimestamp":"2024-04-27T18:43:53.7514973Z","ServerTimestamp":"2024-04-27T18:43:54.6725164Z"},"nsu=http://opcfoundation.org/UA/Plc/Applications;s=SlowRandomUIntScalar1":{"Value":145106587,"SourceTimestamp":"2024-04-27T18:43:53.7515241Z","ServerTimestamp":"2024-04-27T18:43:54.6725202Z"},"nsu=http://opcfoundation.org/UA/Plc/Applications;s=SlowRandomUIntScalar2":{"Value":3819415574,"SourceTimestamp":"2024-04-27T18:43:53.7515275Z","ServerTimestamp":"2024-04-27T18:43:54.6725181Z"},"nsu=http://opcfoundation.org/UA/Plc/Applications;s=SlowRandomUIntScalar3":{"Value":2006034826,"SourceTimestamp":"2024-04-27T18:43:53.751531Z","ServerTimestamp":"2024-04-27T18:43:54.6725216Z"},"nsu=http://opcfoundation.org/UA/Plc/Applications;s=BadSlowRandomUIntScalar1":{"Value":1269526287,"SourceTimestamp":"2024-04-27T18:43:53.751533Z","ServerTimestamp":"2024-04-27T18:43:54.6725157Z"},"nsu=http://opcfoundation.org/UA/Plc/Applications;s=SpikeData":{"Value":-84.432792550201498,"SourceTimestamp":"2024-04-27T18:43:54.656037Z","ServerTimestamp":"2024-04-27T18:43:54.6725083Z"},"ns=23;i=1259":{"Value":-0,"SourceTimestamp":"2024-04-27T18:42:54.6592184Z","ServerTimestamp":"2024-04-27T18:43:54.6724914Z"}}]