[{"i=2258":{"Value":"2024-04-27T18:44:14.6645061Z","SourceTimestamp":"2024-04-27T18:42:54.6588604Z","ServerTimestamp":"2024-04-27T18:44:14.6645049Z"},"nsu=http://opcfoundation.org/UA/Plc/Applications;s=StepUp":{"Value":809,"SourceTimestamp":"2024-04-27T18:44:14.6472168Z","ServerTimestamp":"2024-04-27T18:44:14.6645362Z"},"nsu=http://opcfoundation.org/UA/Plc/Applications;s=AlternatingBoolean":{"Value":true,"SourceTimestamp":"2024-04-27T18:44:14.647238Z","ServerTimestamp":"2024-04-27T18:44:14.6645588Z"},"nsu=http://opcfoundation.org/UA/Plc/Applications;s=RandomSignedInt32":{"Value":191985940,"SourceTimestamp":"2024-04-27T18:44:14.6472421Z","ServerTimestamp":"2024-04-27T18:44:14.664561Z"},"nsu=http://opcfoundation.org/UA/Plc/Applications;s=RandomUnsignedInt32":{"Value":1895033755,"SourceTimestamp":"2024-04-27T18:44:14.6472462Z","ServerTimestamp":"2024-04-27T18:44:14.6645431Z"},"nsu=http://opcfoundation.org/UA/Plc/Applications;s=DipData":{"Value":-84.432792550201498,"SourceTimestamp":"2024-04-27T18:44:14.6472387Z","ServerTimestamp":"2024-04-27T18:44:14.6645635Z"},"nsu=http://opcfoundation.org/UA/Plc/Applications;s=FastUIntScalar1":{"Value":80,"SourceTimestamp":"2024-04-27T18:44:13.7498738Z","ServerTimestamp":"2024-04-27T18:44:14.6645439Z"},"nsu=http://opcfoundation.org/UA/Plc/Applications;s=FastUIntScalar2":{"Value":80,"SourceTimestamp":"2024-04-27T18:44:13.7498787Z","ServerTimestamp":"2024-04-27T18:44:14.6645402Z"},"nsu=http://opcfoundation.org/UA/Plc/Applications;s=FastUIntScalar3":{"Value":80,"SourceTimestamp":"2024-04-27T18:44:13.7498814Z","ServerTimestamp":"2024-04-27T18:44:14.6645643Z"},"nsu=http://opcfoundation.org/UA/Plc/Applications;s=FastRandomUIntScalar1":{"Value":2716398233,"SourceTimestamp":"2024-04-27T18:44:13.749889Z","ServerTimestamp":"2024-04-27T18:44:14.6645381Z"},"nsu=http://opcfoundation.org/UA/Plc/Applications;s=FastRandomUIntScalar2":{"Value":3794618829,"SourceTimestamp":"2024-04-27T18:44:13.7498938Z","ServerTimestamp":"2024-04-27T18:44:14.6645413Z"},"nsu=http://opcfoundation.org/UA/Plc/Applications;s=FastRandomUIntScalar3":{"Value":3732308844,"SourceTimestamp":"2024-04-27T18:44:13.7498962Z","ServerTimestamp":"2024-04-27T18:44:14.6645629Z"},"nsu=http://opcfoundation.org/UA/Plc/Applications;s=NegativeTrendData":{"Value":99.299999999999997,"SourceTimestamp":"2024-04-27T18:44:14.6472496Z","ServerTimestamp":"2024-04-27T18:44:14.6645354Z"},"nsu=http://opcfoundation.org/UA/Plc/Applications;s=PositiveTrendData":{"Value":101.5,"SourceTimestamp":"2024-04-27T18:44:14.6472508Z","ServerTimestamp":"2024-04-27T18:44:14.6645469Z"},"nsu=http://opcfoundation.org/UA/Plc/Applications;s=SlowUIntScalar1":{"Value":8,"SourceTimestamp":"2024-04-27T18:44:13.7497873Z","ServerTimestamp":"2024-04-27T18:44:14.6645392Z"},"nsu=http://opcfoundation.org/UA/Plc/Applications;s=SlowUIntScalar2":{"Value":8,"SourceTimestamp":"2024-04-27T18:44:13.7497987Z","ServerTimestamp":"2024-04-27T18:44:14.6645409Z"},"nsu=http://opcfoundation.org/UA/Plc/Applications;s=SlowUIntScalar3":{"Value":8,"SourceTimestamp":"2024-04-27T18:44:13.7498014Z","ServerTimestamp":"2024-04-27T18:44:14.6645421Z"},"nsu=http://opcfoundation.org/UA/Plc/Applications;s=BadSlowUIntScalar1":{"Value":8,"StatusCode":{"Symbol":"UncertainLastUsableValue","Code":1083179008},"SourceTimestamp":"2024-04-27T18:44:13.7498045Z","ServerTimestamp":"2024-04-27T18:44:14.6645461Z"},"nsu=http://opcfoundation.org/UA/Plc/Applications;s=SlowRandomUIntScalar1":{"Value":420380339,"SourceTimestamp":"2024-04-27T18:44:13.7498729Z","ServerTimestamp":"2024-04-27T18:44:14.6645603Z"},"nsu=http://opcfoundation.org/UA/Plc/Applications;s=SlowRandomUIntScalar2":{"Value":4213899750,"SourceTimestamp":"2024-04-27T18:44:13.7498768Z","ServerTimestamp":"2024-04-27T18:44:14.6645578Z"},"nsu=http://opcfoundation.org/UA/Plc/Applications;s=SlowRandomUIntScalar3":{"Value":3524642805,"SourceTimestamp":"2024-04-27T18:44:13.74988Z","ServerTimestamp":"2024-04-27T18:44:14.664562Z"},"nsu=http://opcfoundation.org/UA/Plc/Applications;s=BadSlowRandomUIntScalar1":{"Value":2329661446,"StatusCode":{"Symbol":"UncertainLastUsableValue","Code":1083179008},"SourceTimestamp":"2024-04-27T18:44:13.7498833Z","ServerTimestamp":"2024-04-27T18:44:14.6645449Z"},"nsu=http://opcfoundation.org/UA/Plc/Applications;s=SpikeData":{"Value":-84.432792550201498,"SourceTimestamp":"2024-04-27T18:44:14.6472499Z","ServerTimestamp":"2024-04-27T18:44:14.664537Z"},"ns=23;i=1259":{"Value":-0.624,"SourceTimestamp":"2024-04-27T18:42:54.6592184Z","ServerTimestamp":"2024-04-27T18:44:14.6645191Z"}}]