[{"i=2258":{"Value":"2024-04-27T18:44:22.6690017Z","SourceTimestamp":"2024-04-27T18:42:54.6588604Z","ServerTimestamp":"2024-04-27T18:44:22.6690003Z"},"nsu=http://opcfoundation.org/UA/Plc/Applications;s=StepUp":{"Value":889,"SourceTimestamp":"2024-04-27T18:44:22.6528252Z","ServerTimestamp":"2024-04-27T18:44:22.6690336Z"},"nsu=http://opcfoundation.org/UA/Plc/Applications;s=AlternatingBoolean":{"Value":false,"SourceTimestamp":"2024-04-27T18:44:22.6528561Z","ServerTimestamp":"2024-04-27T18:44:22.6690466Z"},"nsu=http://opcfoundation.org/UA/Plc/Applications;s=RandomSignedInt32":{"Value":971195489,"SourceTimestamp":"2024-04-27T18:44:22.6528973Z","ServerTimestamp":"2024-04-27T18:44:22.6690487Z"},"nsu=http://opcfoundation.org/UA/Plc/Applications;s=RandomUnsignedInt32":{"Value":1153450140,"SourceTimestamp":"2024-04-27T18:44:22.6528761Z","ServerTimestamp":"2024-04-27T18:44:22.6690409Z"},"nsu=http://opcfoundation.org/UA/Plc/Applications;s=DipData":{"Value":99.80267284282715,"SourceTimestamp":"2024-04-27T18:44:22.6528142Z","ServerTimestamp":"2024-04-27T18:44:22.6690513Z"},"nsu=http://opcfoundation.org/UA/Plc/Applications;s=FastUIntScalar1":{"Value":88,"SourceTimestamp":"2024-04-27T18:44:21.7566132Z","ServerTimestamp":"2024-04-27T18:44:22.669042Z"},"nsu=http://opcfoundation.org/UA/Plc/Applications;s=FastUIntScalar2":{"Value":88,"SourceTimestamp":"2024-04-27T18:44:21.7566155Z","ServerTimestamp":"2024-04-27T18:44:22.6690379Z"},"nsu=http://opcfoundation.org/UA/Plc/Applications;s=FastUIntScalar3":{"Value":88,"SourceTimestamp":"2024-04-27T18:44:21.7566231Z","ServerTimestamp":"2024-04-27T18:44:22.6690522Z"},"nsu=http://opcfoundation.org/UA/Plc/Applications;s=FastRandomUIntScalar1":{"Value":108774298,"SourceTimestamp":"2024-04-27T18:44:21.7566252Z","ServerTimestamp":"2024-04-27T18:44:22.6690356Z"},"nsu=http://opcfoundation.org/UA/Plc/Applications;s=FastRandomUIntScalar2":{"Value":44555445,"SourceTimestamp":"2024-04-27T18:44:21.7566324Z","ServerTimestamp":"2024-04-27T18:44:22.669039Z"},"nsu=http://opcfoundation.org/UA/Plc/Applications;s=FastRandomUIntScalar3":{"Value":4022816597,"SourceTimestamp":"2024-04-27T18:44:21.7566347Z","ServerTimestamp":"2024-04-27T18:44:22.6690506Z"},"nsu=http://opcfoundation.org/UA/Plc/Applications;s=NegativeTrendData":{"Value":99.200000000000003,"SourceTimestamp":"2024-04-27T18:44:22.6528515Z","ServerTimestamp":"2024-04-27T18:44:22.6690326Z"},"nsu=http://opcfoundation.org/UA/Plc/Applications;s=PositiveTrendData":{"Value":101.59999999999999,"SourceTimestamp":"2024-04-27T18:44:22.6528502Z","ServerTimestamp":"2024-04-27T18:44:22.6690449Z"},"nsu=http://opcfoundation.org/UA/Plc/Applications;s=SlowUIntScalar1":{"Value":8,"SourceTimestamp":"2024-04-27T18:44:13.7497873Z","ServerTimestamp":"2024-04-27T18:44:22.6690369Z"},"nsu=http://opcfoundation.org/UA/Plc/Applications;s=SlowUIntScalar2":{"Value":8,"SourceTimestamp":"2024-04-27T18:44:13.7497987Z","ServerTimestamp":"2024-04-27T18:44:22.6690386Z"},"nsu=http://opcfoundation.org/UA/Plc/Applications;s=SlowUIntScalar3":{"Value":8,"SourceTimestamp":"2024-04-27T18:44:13.7498014Z","ServerTimestamp":"2024-04-27T18:44:22.66904Z"},"nsu=http://opcfoundation.org/UA/Plc/Applications;s=BadSlowUIntScalar1":{"Value":8,"StatusCode":{"Symbol":"UncertainLastUsableValue","Code":1083179008},"SourceTimestamp":"2024-04-27T18:44:13.7498045Z","ServerTimestamp":"2024-04-27T18:44:22.6690442Z"},"nsu=http://opcfoundation.org/UA/Plc/Applications;s=SlowRandomUIntScalar1":{"Value":420380339,"SourceTimestamp":"2024-04-27T18:44:13.7498729Z","ServerTimestamp":"2024-04-27T18:44:22.6690481Z"},"nsu=http://opcfoundation.org/UA/Plc/Applications;s=SlowRandomUIntScalar2":{"Value":4213899750,"SourceTimestamp":"2024-04-27T18:44:13.7498768Z","ServerTimestamp":"2024-04-27T18:44:22.6690458Z"},"nsu=http://opcfoundation.org/UA/Plc/Applications;s=SlowRandomUIntScalar3":{"Value":3524642805,"SourceTimestamp":"2024-04-27T18:44:13.74988Z","ServerTimestamp":"2024-04-27T18:44:22.6690497Z"},"nsu=http://opcfoundation.org/UA/Plc/Applications;s=BadSlowRandomUIntScalar1":{"Value":2329661446,"StatusCode":{"Symbol":"UncertainLastUsableValue","Code":1083179008},"SourceTimestamp":"2024-04-27T18:44:13.7498833Z","ServerTimestamp":"2024-04-27T18:44:22.6690429Z"},"nsu=http://opcfoundation.org/UA/Plc/Applications;s=SpikeData":{"Value":99.80267284282715,"SourceTimestamp":"2024-04-27T18:44:22.6528745Z","ServerTimestamp":"2024-04-27T18:44:22.6690344Z"},"ns=23;i=1259":{"Value":-0.90200000000000002,"SourceTimestamp":"2024-04-27T18:42:54.6592184Z","ServerTimestamp":"2024-04-27T18:44:22.6690151Z"}}]