[{"i=2258":{"Value":"2024-04-27T18:43:03.6731117Z","SourceTimestamp":"2024-04-27T18:42:54.6588604Z","ServerTimestamp":"2024-04-27T18:43:03.6731104Z"},"nsu=http://opcfoundation.org/UA/Plc/Applications;s=StepUp":{"Value":99,"SourceTimestamp":"2024-04-27T18:43:03.6561381Z","ServerTimestamp":"2024-04-27T18:43:03.673144Z"},"nsu=http://opcfoundation.org/UA/Plc/Applications;s=AlternatingBoolean":{"Value":false,"SourceTimestamp":"2024-04-27T18:43:03.6562023Z","ServerTimestamp":"2024-04-27T18:43:03.6731562Z"},"nsu=http://opcfoundation.org/UA/Plc/Applications;s=RandomSignedInt32":{"Value":258192446,"SourceTimestamp":"2024-04-27T18:43:03.6561929Z","ServerTimestamp":"2024-04-27T18:43:03.6731585Z"},"nsu=http://opcfoundation.org/UA/Plc/Applications;s=RandomUnsignedInt32":{"Value":1150843310,"SourceTimestamp":"2024-04-27T18:43:03.6561979Z","ServerTimestamp":"2024-04-27T18:43:03.6731508Z"},"nsu=http://opcfoundation.org/UA/Plc/Applications;s=DipData":{"Value":24.868988716485479,"SourceTimestamp":"2024-04-27T18:43:03.6561663Z","ServerTimestamp":"2024-04-27T18:43:03.6731609Z"},"nsu=http://opcfoundation.org/UA/Plc/Applications;s=FastUIntScalar1":{"Value":9,"SourceTimestamp":"2024-04-27T18:43:02.7550091Z","ServerTimestamp":"2024-04-27T18:43:03.6731517Z"},"nsu=http://opcfoundation.org/UA/Plc/Applications;s=FastUIntScalar2":{"Value":9,"SourceTimestamp":"2024-04-27T18:43:02.7550225Z","ServerTimestamp":"2024-04-27T18:43:03.6731477Z"},"nsu=http://opcfoundation.org/UA/Plc/Applications;s=FastUIntScalar3":{"Value":9,"SourceTimestamp":"2024-04-27T18:43:02.7550257Z","ServerTimestamp":"2024-04-27T18:43:03.6731618Z"},"nsu=http://opcfoundation.org/UA/Plc/Applications;s=FastRandomUIntScalar1":{"Value":2017944467,"SourceTimestamp":"2024-04-27T18:43:02.7550121Z","ServerTimestamp":"2024-04-27T18:43:03.6731458Z"},"nsu=http://opcfoundation.org/UA/Plc/Applications;s=FastRandomUIntScalar2":{"Value":3918680008,"SourceTimestamp":"2024-04-27T18:43:02.7550205Z","ServerTimestamp":"2024-04-27T18:43:03.673149Z"},"nsu=http://opcfoundation.org/UA/Plc/Applications;s=FastRandomUIntScalar3":{"Value":1620502975,"SourceTimestamp":"2024-04-27T18:43:02.7550238Z","ServerTimestamp":"2024-04-27T18:43:03.6731604Z"},"nsu=http://opcfoundation.org/UA/Plc/Applications;s=NegativeTrendData":{"Value":100,"SourceTimestamp":"2024-04-27T18:43:03.6561779Z","ServerTimestamp":"2024-04-27T18:43:03.673143Z"},"nsu=http://opcfoundation.org/UA/Plc/Applications;s=PositiveTrendData":{"Value":100,"SourceTimestamp":"2024-04-27T18:43:03.6561844Z","ServerTimestamp":"2024-04-27T18:43:03.6731545Z"},"nsu=http://opcfoundation.org/UA/Plc/Applications;s=SlowUIntScalar1":{"Value":0,"SourceTimestamp":"2024-04-27T18:42:53.744887Z","ServerTimestamp":"2024-04-27T18:43:03.6731468Z"},"nsu=http://opcfoundation.org/UA/Plc/Applications;s=SlowUIntScalar2":{"Value":0,"SourceTimestamp":"2024-04-27T18:42:53.7448877Z","ServerTimestamp":"2024-04-27T18:43:03.6731486Z"},"nsu=http://opcfoundation.org/UA/Plc/Applications;s=SlowUIntScalar3":{"Value":0,"SourceTimestamp":"2024-04-27T18:42:53.7448954Z","ServerTimestamp":"2024-04-27T18:43:03.6731498Z"},"nsu=http://opcfoundation.org/UA/Plc/Applications;s=BadSlowUIntScalar1":{"Value":0,"SourceTimestamp":"2024-04-27T18:42:53.7448975Z","ServerTimestamp":"2024-04-27T18:43:03.6731538Z"},"nsu=http://opcfoundation.org/UA/Plc/Applications;s=SlowRandomUIntScalar1":{"Value":0,"SourceTimestamp":"2024-04-27T18:42:53.7449072Z","ServerTimestamp":"2024-04-27T18:43:03.6731579Z"},"nsu=http://opcfoundation.org/UA/Plc/Applications;s=SlowRandomUIntScalar2":{"Value":0,"SourceTimestamp":"2024-04-27T18:42:53.7449077Z","ServerTimestamp":"2024-04-27T18:43:03.6731554Z"},"nsu=http://opcfoundation.org/UA/Plc/Applications;s=SlowRandomUIntScalar3":{"Value":0,"SourceTimestamp":"2024-04-27T18:42:53.7449082Z","ServerTimestamp":"2024-04-27T18:43:03.6731595Z"},"nsu=http://opcfoundation.org/UA/Plc/Applications;s=BadSlowRandomUIntScalar1":{"Value":0,"SourceTimestamp":"2024-04-27T18:42:53.7449099Z","ServerTimestamp":"2024-04-27T18:43:03.673153Z"},"nsu=http://opcfoundation.org/UA/Plc/Applications;s=SpikeData":{"Value":24.868988716485479,"SourceTimestamp":"2024-04-27T18:43:03.6561997Z","ServerTimestamp":"2024-04-27T18:43:03.6731449Z"},"ns=23;i=1259":{"Value":0.68800000000000006,"SourceTimestamp":"2024-04-27T18:42:54.6592184Z","ServerTimestamp":"2024-04-27T18:43:03.673126Z"}}]