[{"i=2258":{"Value":"2024-04-27T18:44:28.6671191Z","SourceTimestamp":"2024-04-27T18:42:54.6588604Z","ServerTimestamp":"2024-04-27T18:44:28.6671179Z"},"nsu=http://opcfoundation.org/UA/Plc/Applications;s=StepUp":{"Value":949,"SourceTimestamp":"2024-04-27T18:44:28.6506602Z","ServerTimestamp":"2024-04-27T18:44:28.6671501Z"},"nsu=http://opcfoundation.org/UA/Plc/Applications;s=AlternatingBoolean":{"Value":true,"SourceTimestamp":"2024-04-27T18:44:28.6507055Z","ServerTimestamp":"2024-04-27T18:44:28.6671615Z"},"nsu=http://opcfoundation.org/UA/Plc/Applications;s=RandomSignedInt32":{"Value":1677260312,"SourceTimestamp":"2024-04-27T18:44:28.6507119Z","ServerTimestamp":"2024-04-27T18:44:28.6671636Z"},"nsu=http://opcfoundation.org/UA/Plc/Applications;s=RandomUnsignedInt32":{"Value":605263297,"SourceTimestamp":"2024-04-27T18:44:28.6507169Z","ServerTimestamp":"2024-04-27T18:44:28.6671563Z"},"nsu=http://opcfoundation.org/UA/Plc/Applications;s=DipData":{"Value":24.868988716485479,"SourceTimestamp":"2024-04-27T18:44:28.6507312Z","ServerTimestamp":"2024-04-27T18:44:28.6671659Z"},"nsu=http://opcfoundation.org/UA/Plc/Applications;s=FastUIntScalar1":{"Value":94,"SourceTimestamp":"2024-04-27T18:44:27.7530538Z","ServerTimestamp":"2024-04-27T18:44:28.6671571Z"},"nsu=http://opcfoundation.org/UA/Plc/Applications;s=FastUIntScalar2":{"Value":94,"SourceTimestamp":"2024-04-27T18:44:27.7530555Z","ServerTimestamp":"2024-04-27T18:44:28.6671537Z"},"nsu=http://opcfoundation.org/UA/Plc/Applications;s=FastUIntScalar3":{"Value":94,"SourceTimestamp":"2024-04-27T18:44:27.753058Z","ServerTimestamp":"2024-04-27T18:44:28.6671669Z"},"nsu=http://opcfoundation.org/UA/Plc/Applications;s=FastRandomUIntScalar1":{"Value":4241293473,"SourceTimestamp":"2024-04-27T18:44:27.7530541Z","ServerTimestamp":"2024-04-27T18:44:28.6671516Z"},"nsu=http://opcfoundation.org/UA/Plc/Applications;s=FastRandomUIntScalar2":{"Value":2679179319,"SourceTimestamp":"2024-04-27T18:44:27.7530573Z","ServerTimestamp":"2024-04-27T18:44:28.6671548Z"},"nsu=http://opcfoundation.org/UA/Plc/Applications;s=FastRandomUIntScalar3":{"Value":1494636745,"SourceTimestamp":"2024-04-27T18:44:27.7530585Z","ServerTimestamp":"2024-04-27T18:44:28.6671654Z"},"nsu=http://opcfoundation.org/UA/Plc/Applications;s=NegativeTrendData":{"Value":99.099999999999994,"SourceTimestamp":"2024-04-27T18:44:28.6507284Z","ServerTimestamp":"2024-04-27T18:44:28.6671493Z"},"nsu=http://opcfoundation.org/UA/Plc/Applications;s=PositiveTrendData":{"Value":101.7,"SourceTimestamp":"2024-04-27T18:44:28.650748Z","ServerTimestamp":"2024-04-27T18:44:28.66716Z"},"nsu=http://opcfoundation.org/UA/Plc/Applications;s=SlowUIntScalar1":{"Value":9,"SourceTimestamp":"2024-04-27T18:44:23.7521585Z","ServerTimestamp":"2024-04-27T18:44:28.6671528Z"},"nsu=http://opcfoundation.org/UA/Plc/Applications;s=SlowUIntScalar2":{"Value":9,"SourceTimestamp":"2024-04-27T18:44:23.7521666Z","ServerTimestamp":"2024-04-27T18:44:28.6671544Z"},"nsu=http://opcfoundation.org/UA/Plc/Applications;s=SlowUIntScalar3":{"Value":9,"SourceTimestamp":"2024-04-27T18:44:23.7521679Z","ServerTimestamp":"2024-04-27T18:44:28.6671555Z"},"nsu=http://opcfoundation.org/UA/Plc/Applications;s=BadSlowUIntScalar1":{"Value":null,"StatusCode":{"Symbol":"BadDataLost","Code":2157772800},"SourceTimestamp":"2024-04-27T18:44:23.7521696Z","ServerTimestamp":"2024-04-27T18:44:28.6671593Z"},"nsu=http://opcfoundation.org/UA/Plc/Applications;s=SlowRandomUIntScalar1":{"Value":2168072524,"SourceTimestamp":"2024-04-27T18:44:23.7522198Z","ServerTimestamp":"2024-04-27T18:44:28.6671631Z"},"nsu=http://opcfoundation.org/UA/Plc/Applications;s=SlowRandomUIntScalar2":{"Value":2654585486,"SourceTimestamp":"2024-04-27T18:44:23.7522249Z","ServerTimestamp":"2024-04-27T18:44:28.6671607Z"},"nsu=http://opcfoundation.org/UA/Plc/Applications;s=SlowRandomUIntScalar3":{"Value":3730170256,"SourceTimestamp":"2024-04-27T18:44:23.7522261Z","ServerTimestamp":"2024-04-27T18:44:28.6671645Z"},"nsu=http://opcfoundation.org/UA/Plc/Applications;s=BadSlowRandomUIntScalar1":{"Value":null,"StatusCode":{"Symbol":"BadDataLost","Code":2157772800},"SourceTimestamp":"2024-04-27T18:44:23.7522276Z","ServerTimestamp":"2024-04-27T18:44:28.6671579Z"},"nsu=http://opcfoundation.org/UA/Plc/Applications;s=SpikeData":{"Value":24.868988716485479,"SourceTimestamp":"2024-04-27T18:44:28.6507376Z","ServerTimestamp":"2024-04-27T18:44:28.6671509Z"},"ns=23;i=1259":{"Value":0.20100000000000001,"SourceTimestamp":"2024-04-27T18:42:54.6592184Z","ServerTimestamp":"2024-04-27T18:44:28.6671332Z"}}]