[{"i=2258":{"Value":"2024-04-27T18:44:33.665212Z","SourceTimestamp":"2024-04-27T18:42:54.6588604Z","ServerTimestamp":"2024-04-27T18:44:33.6652108Z"},"nsu=http://opcfoundation.org/UA/Plc/Applications;s=StepUp":{"Value":999,"SourceTimestamp":"2024-04-27T18:44:33.6480604Z","ServerTimestamp":"2024-04-27T18:44:33.6652448Z"},"nsu=http://opcfoundation.org/UA/Plc/Applications;s=AlternatingBoolean":{"Value":false,"SourceTimestamp":"2024-04-27T18:44:33.6480692Z","ServerTimestamp":"2024-04-27T18:44:33.6652574Z"},"nsu=http://opcfoundation.org/UA/Plc/Applications;s=RandomSignedInt32":{"Value":891807291,"SourceTimestamp":"2024-04-27T18:44:33.6480849Z","ServerTimestamp":"2024-04-27T18:44:33.6652594Z"},"nsu=http://opcfoundation.org/UA/Plc/Applications;s=RandomUnsignedInt32":{"Value":202945910,"SourceTimestamp":"2024-04-27T18:44:33.648073Z","ServerTimestamp":"2024-04-27T18:44:33.665252Z"},"nsu=http://opcfoundation.org/UA/Plc/Applications;s=DipData":{"Value":24.868988716485479,"SourceTimestamp":"2024-04-27T18:44:33.6480914Z","ServerTimestamp":"2024-04-27T18:44:33.665262Z"},"nsu=http://opcfoundation.org/UA/Plc/Applications;s=FastUIntScalar1":{"Value":99,"SourceTimestamp":"2024-04-27T18:44:32.7508477Z","ServerTimestamp":"2024-04-27T18:44:33.6652529Z"},"nsu=http://opcfoundation.org/UA/Plc/Applications;s=FastUIntScalar2":{"Value":99,"SourceTimestamp":"2024-04-27T18:44:32.7508515Z","ServerTimestamp":"2024-04-27T18:44:33.665249Z"},"nsu=http://opcfoundation.org/UA/Plc/Applications;s=FastUIntScalar3":{"Value":99,"SourceTimestamp":"2024-04-27T18:44:32.7508554Z","ServerTimestamp":"2024-04-27T18:44:33.665263Z"},"nsu=http://opcfoundation.org/UA/Plc/Applications;s=FastRandomUIntScalar1":{"Value":1611772119,"SourceTimestamp":"2024-04-27T18:44:32.7508484Z","ServerTimestamp":"2024-04-27T18:44:33.6652469Z"},"nsu=http://opcfoundation.org/UA/Plc/Applications;s=FastRandomUIntScalar2":{"Value":3142258475,"SourceTimestamp":"2024-04-27T18:44:32.7508544Z","ServerTimestamp":"2024-04-27T18:44:33.6652503Z"},"nsu=http://opcfoundation.org/UA/Plc/Applications;s=FastRandomUIntScalar3":{"Value":4003699064,"SourceTimestamp":"2024-04-27T18:44:32.750857Z","ServerTimestamp":"2024-04-27T18:44:33.6652614Z"},"nsu=http://opcfoundation.org/UA/Plc/Applications;s=NegativeTrendData":{"Value":99,"SourceTimestamp":"2024-04-27T18:44:33.6480906Z","ServerTimestamp":"2024-04-27T18:44:33.6652439Z"},"nsu=http://opcfoundation.org/UA/Plc/Applications;s=PositiveTrendData":{"Value":101.8,"SourceTimestamp":"2024-04-27T18:44:33.6480911Z","ServerTimestamp":"2024-04-27T18:44:33.6652558Z"},"nsu=http://opcfoundation.org/UA/Plc/Applications;s=SlowUIntScalar1":{"Value":9,"SourceTimestamp":"2024-04-27T18:44:23.7521585Z","ServerTimestamp":"2024-04-27T18:44:33.665248Z"},"nsu=http://opcfoundation.org/UA/Plc/Applications;s=SlowUIntScalar2":{"Value":9,"SourceTimestamp":"2024-04-27T18:44:23.7521666Z","ServerTimestamp":"2024-04-27T18:44:33.6652499Z"},"nsu=http://opcfoundation.org/UA/Plc/Applications;s=SlowUIntScalar3":{"Value":9,"SourceTimestamp":"2024-04-27T18:44:23.7521679Z","ServerTimestamp":"2024-04-27T18:44:33.6652511Z"},"nsu=http://opcfoundation.org/UA/Plc/Applications;s=BadSlowUIntScalar1":{"Value":null,"StatusCode":{"Symbol":"BadDataLost","Code":2157772800},"SourceTimestamp":"2024-04-27T18:44:23.7521696Z","ServerTimestamp":"2024-04-27T18:44:33.665255Z"},"nsu=http://opcfoundation.org/UA/Plc/Applications;s=SlowRandomUIntScalar1":{"Value":2168072524,"SourceTimestamp":"2024-04-27T18:44:23.7522198Z","ServerTimestamp":"2024-04-27T18:44:33.6652588Z"},"nsu=http://opcfoundation.org/UA/Plc/Applications;s=SlowRandomUIntScalar2":{"Value":2654585486,"SourceTimestamp":"2024-04-27T18:44:23.7522249Z","ServerTimestamp":"2024-04-27T18:44:33.6652566Z"},"nsu=http://opcfoundation.org/UA/Plc/Applications;s=SlowRandomUIntScalar3":{"Value":3730170256,"SourceTimestamp":"2024-04-27T18:44:23.7522261Z","ServerTimestamp":"2024-04-27T18:44:33.6652605Z"},"nsu=http://opcfoundation.org/UA/Plc/Applications;s=BadSlowRandomUIntScalar1":{"Value":null,"StatusCode":{"Symbol":"BadDataLost","Code":2157772800},"SourceTimestamp":"2024-04-27T18:44:23.7522276Z","ServerTimestamp":"2024-04-27T18:44:33.6652538Z"},"nsu=http://opcfoundation.org/UA/Plc/Applications;s=SpikeData":{"Value":24.868988716485479,"SourceTimestamp":"2024-04-27T18:44:33.6480917Z","ServerTimestamp":"2024-04-27T18:44:33.6652458Z"},"ns=23;i=1259":{"Value":-1.5900000000000001,"SourceTimestamp":"2024-04-27T18:42:54.6592184Z","ServerTimestamp":"2024-04-27T18:44:33.6652266Z"}}]