[{"DoubleValues":{"Value":-81,"SourceTimestamp":"2024-04-27T17:27:55.6283757Z","ServerTimestamp":"2024-04-27T17:27:55.6283711Z"},"Int64Values":{"Value":"77","SourceTimestamp":"2024-04-27T17:27:55.628384Z","ServerTimestamp":"2024-04-27T17:27:55.6283832Z"}},{"DoubleValues":{"Value":-1,"SourceTimestamp":"2024-04-27T17:27:56.6351671Z","ServerTimestamp":"2024-04-27T17:27:56.6351524Z"},"Int64Values":{"Value":"-100","SourceTimestamp":"2024-04-27T17:27:56.6351796Z","ServerTimestamp":"2024-04-27T17:27:56.6351777Z"}}]