[{"DoubleValues":{"Value":-65,"SourceTimestamp":"2024-04-27T17:26:56.630234Z","ServerTimestamp":"2024-04-27T17:26:56.6302289Z"},"Int64Values":{"Value":"-100","SourceTimestamp":"2024-04-27T17:26:56.6302603Z","ServerTimestamp":"2024-04-27T17:26:56.6302515Z"}},{"DoubleValues":{"Value":77,"SourceTimestamp":"2024-04-27T17:26:57.6393761Z","ServerTimestamp":"2024-04-27T17:26:57.6393705Z"},"Int64Values":{"Value":"-4","SourceTimestamp":"2024-04-27T17:26:57.6393882Z","ServerTimestamp":"2024-04-27T17:26:57.6393871Z"}}]