[{"DoubleValues":{"Value":-1,"SourceTimestamp":"2024-04-27T17:28:40.6435951Z","ServerTimestamp":"2024-04-27T17:28:40.6435798Z"},"Int64Values":{"Value":"-77","SourceTimestamp":"2024-04-27T17:28:40.6436101Z","ServerTimestamp":"2024-04-27T17:28:40.6436085Z"}},{"DoubleValues":{"Value":-12,"SourceTimestamp":"2024-04-27T17:28:41.6343137Z","ServerTimestamp":"2024-04-27T17:28:41.6343083Z"},"Int64Values":{"Value":"93","SourceTimestamp":"2024-04-27T17:28:41.6343261Z","ServerTimestamp":"2024-04-27T17:28:41.6343251Z"}}]