{"MessageId":"f8cce7ae-e816-4ec5-9d8a-930148774118","MessageType":"ua-data","PublisherId":"DESKTOP-BGFJS91","DataSetWriterGroup":"<<UnknownWriterGroup>>","Messages":[{"DataSetWriterId":21,"SequenceNumber":3,"MetaDataVersion":{"MajorVersion":1},"Timestamp":"2024-04-27T12:43:54.3372874Z","MessageType":"ua-deltaframe","DataSetWriterName":"Packaging","Payload":{"nsu=http://opcfoundation.org/UA/Plc/Applications;s=BadSlowRandomUIntScalar1":{"Value":{"Type":7,"Body":2845167485},"SourceTimestamp":"2024-04-27T12:43:52.6442765Z","ServerTimestamp":"2024-04-27T12:43:52.6442778Z"}}}]}