{"MessageId":"8ebd0f9b-1561-4285-8d6f-18909a665bf4","MessageType":"ua-data","PublisherId":"DESKTOP-BGFJS91","DataSetWriterGroup":"<<UnknownWriterGroup>>","Messages":[{"DataSetWriterId":21,"SequenceNumber":6,"MetaDataVersion":{"MajorVersion":1},"Timestamp":"2024-04-27T12:44:24.3214101Z","MessageType":"ua-deltaframe","DataSetWriterName":"Packaging","Payload":{"nsu=http://opcfoundation.org/UA/Plc/Applications;s=BadSlowRandomUIntScalar1":{"Value":{"Type":7,"Body":441009840},"SourceTimestamp":"2024-04-27T12:44:22.6475953Z","ServerTimestamp":"2024-04-27T12:44:22.647596Z"}}}]}