{"SequenceNumber":96,"MetaDataVersion":{"MajorVersion":1},"Timestamp":"2024-04-27T17:14:39.7305667Z","MessageType":"ua-deltaframe","DataSetWriterName":"<<UnknownDataSet>>","Payload":{"nsu=http://opcfoundation.org/UA/Plc/Applications;s=StepUp":{"Value":{"Type":7,"Body":1138},"SourceTimestamp":"2024-04-27T17:14:39.6374272Z","ServerTimestamp":"2024-04-27T17:14:39.6374319Z"},"nsu=http://opcfoundation.org/UA/Plc/Applications;s=RandomSignedInt32":{"Value":{"Type":6,"Body":958669689},"SourceTimestamp":"2024-04-27T17:14:39.6374495Z","ServerTimestamp":"2024-04-27T17:14:39.6374786Z"},"nsu=http://opcfoundation.org/UA/Plc/Applications;s=RandomUnsignedInt32":{"Value":{"Type":7,"Body":1211631179},"SourceTimestamp":"2024-04-27T17:14:39.6374704Z","ServerTimestamp":"2024-04-27T17:14:39.6374717Z"},"nsu=http://opcfoundation.org/UA/Plc/Applications;s=DipData":{"Value":{"Type":11,"Body":99.80267284282715},"SourceTimestamp":"2024-04-27T17:14:39.6374966Z","ServerTimestamp":"2024-04-27T17:14:39.6375013Z"},"nsu=http://opcfoundation.org/UA/Plc/Applications;s=FastUIntScalar1":{"Value":{"Type":7,"Body":113},"SourceTimestamp":"2024-04-27T17:14:38.8437856Z","ServerTimestamp":"2024-04-27T17:14:38.8437912Z"},"nsu=http://opcfoundation.org/UA/Plc/Applications;s=FastUIntScalar2":{"Value":{"Type":7,"Body":113},"SourceTimestamp":"2024-04-27T17:14:38.843805Z","ServerTimestamp":"2024-04-27T17:14:38.843807Z"},"nsu=http://opcfoundation.org/UA/Plc/Applications;s=FastUIntScalar3":{"Value":{"Type":7,"Body":113},"SourceTimestamp":"2024-04-27T17:14:38.8438092Z","ServerTimestamp":"2024-04-27T17:14:38.843812Z"},"nsu=http://opcfoundation.org/UA/Plc/Applications;s=FastRandomUIntScalar1":{"Value":{"Type":7,"Body":4194389064},"SourceTimestamp":"2024-04-27T17:14:38.8437735Z","ServerTimestamp":"2024-04-27T17:14:38.8437771Z"},"nsu=http://opcfoundation.org/UA/Plc/Applications;s=FastRandomUIntScalar2":{"Value":{"Type":7,"Body":938068319},"SourceTimestamp":"2024-04-27T17:14:38.8437903Z","ServerTimestamp":"2024-04-27T17:14:38.8438046Z"},"nsu=http://opcfoundation.org/UA/Plc/Applications;s=FastRandomUIntScalar3":{"Value":{"Type":7,"Body":908201388},"SourceTimestamp":"2024-04-27T17:14:38.843807Z","ServerTimestamp":"2024-04-27T17:14:38.8438097Z"},"nsu=http://opcfoundation.org/UA/Plc/Applications;s=SpikeData":{"Value":{"Type":11,"Body":99.80267284282715},"SourceTimestamp":"2024-04-27T17:14:39.6375171Z","ServerTimestamp":"2024-04-27T17:14:39.637519Z"}}}