{"SequenceNumber":98,"MetaDataVersion":{"MajorVersion":1},"Timestamp":"2024-04-27T17:14:41.7146313Z","MessageType":"ua-deltaframe","DataSetWriterName":"<<UnknownDataSet>>","Payload":{"nsu=http://opcfoundation.org/UA/Plc/Applications;s=StepUp":{"Value":{"Type":7,"Body":1158},"SourceTimestamp":"2024-04-27T17:14:41.6365605Z","ServerTimestamp":"2024-04-27T17:14:41.6365631Z"},"nsu=http://opcfoundation.org/UA/Plc/Applications;s=AlternatingBoolean":{"Value":{"Type":1,"Body":false},"SourceTimestamp":"2024-04-27T17:14:40.9392912Z","ServerTimestamp":"2024-04-27T17:14:40.9393002Z"},"nsu=http://opcfoundation.org/UA/Plc/Applications;s=RandomSignedInt32":{"Value":{"Type":6,"Body":1513917328},"SourceTimestamp":"2024-04-27T17:14:41.6365828Z","ServerTimestamp":"2024-04-27T17:14:41.6365837Z"},"nsu=http://opcfoundation.org/UA/Plc/Applications;s=RandomUnsignedInt32":{"Value":{"Type":7,"Body":220886186},"SourceTimestamp":"2024-04-27T17:14:41.6365913Z","ServerTimestamp":"2024-04-27T17:14:41.6365922Z"},"nsu=http://opcfoundation.org/UA/Plc/Applications;s=DipData":{"Value":{"Type":11,"Body":-77.0513242775789},"SourceTimestamp":"2024-04-27T17:14:41.6365957Z","ServerTimestamp":"2024-04-27T17:14:41.6365963Z"},"nsu=http://opcfoundation.org/UA/Plc/Applications;s=FastUIntScalar1":{"Value":{"Type":7,"Body":115},"SourceTimestamp":"2024-04-27T17:14:40.8452651Z","ServerTimestamp":"2024-04-27T17:14:40.8452672Z"},"nsu=http://opcfoundation.org/UA/Plc/Applications;s=FastUIntScalar2":{"Value":{"Type":7,"Body":115},"SourceTimestamp":"2024-04-27T17:14:40.845276Z","ServerTimestamp":"2024-04-27T17:14:40.8452782Z"},"nsu=http://opcfoundation.org/UA/Plc/Applications;s=FastUIntScalar3":{"Value":{"Type":7,"Body":115},"SourceTimestamp":"2024-04-27T17:14:40.8452797Z","ServerTimestamp":"2024-04-27T17:14:40.8452805Z"},"nsu=http://opcfoundation.org/UA/Plc/Applications;s=FastRandomUIntScalar1":{"Value":{"Type":7,"Body":1874561333},"SourceTimestamp":"2024-04-27T17:14:40.8452665Z","ServerTimestamp":"2024-04-27T17:14:40.8452759Z"},"nsu=http://opcfoundation.org/UA/Plc/Applications;s=FastRandomUIntScalar2":{"Value":{"Type":7,"Body":167408090},"SourceTimestamp":"2024-04-27T17:14:40.8452779Z","ServerTimestamp":"2024-04-27T17:14:40.8452792Z"},"nsu=http://opcfoundation.org/UA/Plc/Applications;s=FastRandomUIntScalar3":{"Value":{"Type":7,"Body":3047235896},"SourceTimestamp":"2024-04-27T17:14:40.8452801Z","ServerTimestamp":"2024-04-27T17:14:40.8452811Z"},"nsu=http://opcfoundation.org/UA/Plc/Applications;s=NegativeTrendData":{"Value":{"Type":11,"Body":98.5},"SourceTimestamp":"2024-04-27T17:14:40.9393402Z","ServerTimestamp":"2024-04-27T17:14:40.9393417Z"},"nsu=http://opcfoundation.org/UA/Plc/Applications;s=PositiveTrendData":{"Value":{"Type":11,"Body":102.2},"SourceTimestamp":"2024-04-27T17:14:40.9393413Z","ServerTimestamp":"2024-04-27T17:14:40.9393458Z"},"nsu=http://opcfoundation.org/UA/Plc/Applications;s=SpikeData":{"Value":{"Type":11,"Body":-77.0513242775789},"SourceTimestamp":"2024-04-27T17:14:41.6366001Z","ServerTimestamp":"2024-04-27T17:14:41.6366009Z"}}}