{"SequenceNumber":13,"MetaDataVersion":{"MajorVersion":1},"Timestamp":"2024-04-27T17:13:00.7378657Z","MessageType":"ua-deltaframe","DataSetWriterName":"<<UnknownDataSet>>","Payload":{"nsu=http://opcfoundation.org/UA/Plc/Applications;s=StepUp":{"Value":{"Type":7,"Body":149},"SourceTimestamp":"2024-04-27T17:13:00.7373237Z","ServerTimestamp":"2024-04-27T17:13:00.7373276Z"},"nsu=http://opcfoundation.org/UA/Plc/Applications;s=RandomSignedInt32":{"Value":{"Type":6,"Body":-1124411930},"SourceTimestamp":"2024-04-27T17:13:00.6449244Z","ServerTimestamp":"2024-04-27T17:13:00.6449305Z"},"nsu=http://opcfoundation.org/UA/Plc/Applications;s=RandomUnsignedInt32":{"Value":{"Type":7,"Body":1255911007},"SourceTimestamp":"2024-04-27T17:13:00.6449327Z","ServerTimestamp":"2024-04-27T17:13:00.6449348Z"},"nsu=http://opcfoundation.org/UA/Plc/Applications;s=DipData":{"Value":{"Type":11,"Body":36.812455268467801},"SourceTimestamp":"2024-04-27T17:13:00.6449445Z","ServerTimestamp":"2024-04-27T17:13:00.6449453Z"},"nsu=http://opcfoundation.org/UA/Plc/Applications;s=FastUIntScalar1":{"Value":{"Type":7,"Body":14},"SourceTimestamp":"2024-04-27T17:12:59.842766Z","ServerTimestamp":"2024-04-27T17:12:59.8427682Z"},"nsu=http://opcfoundation.org/UA/Plc/Applications;s=FastUIntScalar2":{"Value":{"Type":7,"Body":14},"SourceTimestamp":"2024-04-27T17:12:59.8427847Z","ServerTimestamp":"2024-04-27T17:12:59.8427853Z"},"nsu=http://opcfoundation.org/UA/Plc/Applications;s=FastUIntScalar3":{"Value":{"Type":7,"Body":14},"SourceTimestamp":"2024-04-27T17:12:59.8427867Z","ServerTimestamp":"2024-04-27T17:12:59.8427874Z"},"nsu=http://opcfoundation.org/UA/Plc/Applications;s=FastRandomUIntScalar1":{"Value":{"Type":7,"Body":2149967933},"SourceTimestamp":"2024-04-27T17:12:59.842769Z","ServerTimestamp":"2024-04-27T17:12:59.8427896Z"},"nsu=http://opcfoundation.org/UA/Plc/Applications;s=FastRandomUIntScalar2":{"Value":{"Type":7,"Body":3551816457},"SourceTimestamp":"2024-04-27T17:12:59.8427954Z","ServerTimestamp":"2024-04-27T17:12:59.8427961Z"},"nsu=http://opcfoundation.org/UA/Plc/Applications;s=FastRandomUIntScalar3":{"Value":{"Type":7,"Body":4281478731},"SourceTimestamp":"2024-04-27T17:12:59.8427971Z","ServerTimestamp":"2024-04-27T17:12:59.8427977Z"},"nsu=http://opcfoundation.org/UA/Plc/Applications;s=SpikeData":{"Value":{"Type":11,"Body":36.812455268467801},"SourceTimestamp":"2024-04-27T17:13:00.6449467Z","ServerTimestamp":"2024-04-27T17:13:00.6449475Z"}}}