{"SequenceNumber":2,"MetaDataVersion":{"MajorVersion":1},"Timestamp":"2024-04-27T17:12:47.6893544Z","MessageType":"ua-deltaframe","DataSetWriterName":"<<UnknownDataSet>>","Payload":{"nsu=http://opcfoundation.org/UA/Plc/Applications;s=StepUp":{"Value":{"Type":7,"Body":18},"SourceTimestamp":"2024-04-27T17:12:47.6427015Z","ServerTimestamp":"2024-04-27T17:12:47.6427042Z"},"nsu=http://opcfoundation.org/UA/Plc/Applications;s=AlternatingBoolean":{"Value":{"Type":1,"Body":true},"SourceTimestamp":"2024-04-27T17:12:46.6374528Z","ServerTimestamp":"2024-04-27T17:12:46.6923518Z"},"nsu=http://opcfoundation.org/UA/Plc/Applications;s=RandomSignedInt32":{"Value":{"Type":6,"Body":1082361774},"SourceTimestamp":"2024-04-27T17:12:47.6427207Z","ServerTimestamp":"2024-04-27T17:12:47.6427222Z"},"nsu=http://opcfoundation.org/UA/Plc/Applications;s=RandomUnsignedInt32":{"Value":{"Type":7,"Body":547709173},"SourceTimestamp":"2024-04-27T17:12:47.6427237Z","ServerTimestamp":"2024-04-27T17:12:47.6427274Z"},"nsu=http://opcfoundation.org/UA/Plc/Applications;s=DipData":{"Value":{"Type":11,"Body":-84.432792550201526},"SourceTimestamp":"2024-04-27T17:12:47.6427388Z","ServerTimestamp":"2024-04-27T17:12:47.64274Z"},"nsu=http://opcfoundation.org/UA/Plc/Applications;s=FastUIntScalar1":{"Value":{"Type":7,"Body":1},"SourceTimestamp":"2024-04-27T17:12:46.8398335Z","ServerTimestamp":"2024-04-27T17:12:46.8398405Z"},"nsu=http://opcfoundation.org/UA/Plc/Applications;s=FastUIntScalar2":{"Value":{"Type":7,"Body":1},"SourceTimestamp":"2024-04-27T17:12:46.8398464Z","ServerTimestamp":"2024-04-27T17:12:46.8398474Z"},"nsu=http://opcfoundation.org/UA/Plc/Applications;s=FastUIntScalar3":{"Value":{"Type":7,"Body":1},"SourceTimestamp":"2024-04-27T17:12:46.8398486Z","ServerTimestamp":"2024-04-27T17:12:46.8398499Z"},"nsu=http://opcfoundation.org/UA/Plc/Applications;s=FastRandomUIntScalar1":{"Value":{"Type":7,"Body":2899970110},"SourceTimestamp":"2024-04-27T17:12:46.8398286Z","ServerTimestamp":"2024-04-27T17:12:46.8398308Z"},"nsu=http://opcfoundation.org/UA/Plc/Applications;s=FastRandomUIntScalar2":{"Value":{"Type":7,"Body":4220320494},"SourceTimestamp":"2024-04-27T17:12:46.83984Z","ServerTimestamp":"2024-04-27T17:12:46.8398462Z"},"nsu=http://opcfoundation.org/UA/Plc/Applications;s=FastRandomUIntScalar3":{"Value":{"Type":7,"Body":280547767},"SourceTimestamp":"2024-04-27T17:12:46.8398476Z","ServerTimestamp":"2024-04-27T17:12:46.8398489Z"},"nsu=http://opcfoundation.org/UA/Plc/Applications;s=NegativeTrendData":{"Value":{"Type":11,"Body":100},"SourceTimestamp":"2024-04-27T17:12:46.6374572Z","ServerTimestamp":"2024-04-27T17:12:46.69252Z"},"nsu=http://opcfoundation.org/UA/Plc/Applications;s=PositiveTrendData":{"Value":{"Type":11,"Body":100},"SourceTimestamp":"2024-04-27T17:12:46.6374583Z","ServerTimestamp":"2024-04-27T17:12:46.6925218Z"},"nsu=http://opcfoundation.org/UA/Plc/Applications;s=SpikeData":{"Value":{"Type":11,"Body":-84.432792550201526},"SourceTimestamp":"2024-04-27T17:12:47.6427458Z","ServerTimestamp":"2024-04-27T17:12:47.6427467Z"}}}