{"DataSetWriterId":1,"SequenceNumber":2,"MetaDataVersion":{"MajorVersion":1},"Timestamp":"2024-04-27T17:13:06.7774877Z","MessageType":"ua-deltaframe","DataSetWriterName":"<<UnknownDataSet>>","Payload":{"nsu=http://opcfoundation.org/UA/Plc/Applications;s=SlowUIntScalar1":{"Value":{"Type":7,"Body":2},"SourceTimestamp":"2024-04-27T17:13:05.8406485Z","ServerTimestamp":"2024-04-27T17:13:05.8406528Z"},"nsu=http://opcfoundation.org/UA/Plc/Applications;s=SlowUIntScalar2":{"Value":{"Type":7,"Body":2},"SourceTimestamp":"2024-04-27T17:13:05.8406679Z","ServerTimestamp":"2024-04-27T17:13:05.8406693Z"},"nsu=http://opcfoundation.org/UA/Plc/Applications;s=SlowUIntScalar3":{"Value":{"Type":7,"Body":2},"SourceTimestamp":"2024-04-27T17:13:05.8406718Z","ServerTimestamp":"2024-04-27T17:13:05.8406728Z"},"nsu=http://opcfoundation.org/UA/Plc/Applications;s=BadSlowUIntScalar1":{"Value":{"Type":7,"Body":2},"SourceTimestamp":"2024-04-27T17:13:05.8406753Z","ServerTimestamp":"2024-04-27T17:13:05.8406762Z"},"nsu=http://opcfoundation.org/UA/Plc/Applications;s=SlowRandomUIntScalar1":{"Value":{"Type":7,"Body":785686223},"SourceTimestamp":"2024-04-27T17:13:05.840684Z","ServerTimestamp":"2024-04-27T17:13:05.8406853Z"},"nsu=http://opcfoundation.org/UA/Plc/Applications;s=SlowRandomUIntScalar2":{"Value":{"Type":7,"Body":1301594874},"SourceTimestamp":"2024-04-27T17:13:05.8406874Z","ServerTimestamp":"2024-04-27T17:13:05.8406885Z"},"nsu=http://opcfoundation.org/UA/Plc/Applications;s=SlowRandomUIntScalar3":{"Value":{"Type":7,"Body":1045259498},"SourceTimestamp":"2024-04-27T17:13:05.8406908Z","ServerTimestamp":"2024-04-27T17:13:05.840692Z"},"nsu=http://opcfoundation.org/UA/Plc/Applications;s=BadSlowRandomUIntScalar1":{"Value":{"Type":7,"Body":3777794564},"SourceTimestamp":"2024-04-27T17:13:05.8406943Z","ServerTimestamp":"2024-04-27T17:13:05.8406951Z"}}}