{"SequenceNumber":19,"MetaDataVersion":{"MajorVersion":1},"Timestamp":"2024-04-27T17:13:07.7095597Z","MessageType":"ua-deltaframe","DataSetWriterName":"<<UnknownDataSet>>","Payload":{"nsu=http://opcfoundation.org/UA/Plc/Applications;s=StepUp":{"Value":{"Type":7,"Body":218},"SourceTimestamp":"2024-04-27T17:13:07.6462813Z","ServerTimestamp":"2024-04-27T17:13:07.6462841Z"},"nsu=http://opcfoundation.org/UA/Plc/Applications;s=RandomSignedInt32":{"Value":{"Type":6,"Body":-877389859},"SourceTimestamp":"2024-04-27T17:13:07.6462979Z","ServerTimestamp":"2024-04-27T17:13:07.6463045Z"},"nsu=http://opcfoundation.org/UA/Plc/Applications;s=RandomUnsignedInt32":{"Value":{"Type":7,"Body":1312281528},"SourceTimestamp":"2024-04-27T17:13:07.646299Z","ServerTimestamp":"2024-04-27T17:13:07.6463113Z"},"nsu=http://opcfoundation.org/UA/Plc/Applications;s=DipData":{"Value":{"Type":11,"Body":-84.432792550201526},"SourceTimestamp":"2024-04-27T17:13:07.6463196Z","ServerTimestamp":"2024-04-27T17:13:07.6463208Z"},"nsu=http://opcfoundation.org/UA/Plc/Applications;s=FastUIntScalar1":{"Value":{"Type":7,"Body":21},"SourceTimestamp":"2024-04-27T17:13:06.8398443Z","ServerTimestamp":"2024-04-27T17:13:06.8398462Z"},"nsu=http://opcfoundation.org/UA/Plc/Applications;s=FastUIntScalar2":{"Value":{"Type":7,"Body":21},"SourceTimestamp":"2024-04-27T17:13:06.8398552Z","ServerTimestamp":"2024-04-27T17:13:06.8398624Z"},"nsu=http://opcfoundation.org/UA/Plc/Applications;s=FastUIntScalar3":{"Value":{"Type":7,"Body":21},"SourceTimestamp":"2024-04-27T17:13:06.8398637Z","ServerTimestamp":"2024-04-27T17:13:06.8398654Z"},"nsu=http://opcfoundation.org/UA/Plc/Applications;s=FastRandomUIntScalar1":{"Value":{"Type":7,"Body":1231729714},"SourceTimestamp":"2024-04-27T17:13:06.8398536Z","ServerTimestamp":"2024-04-27T17:13:06.8398559Z"},"nsu=http://opcfoundation.org/UA/Plc/Applications;s=FastRandomUIntScalar2":{"Value":{"Type":7,"Body":820839315},"SourceTimestamp":"2024-04-27T17:13:06.839862Z","ServerTimestamp":"2024-04-27T17:13:06.8398638Z"},"nsu=http://opcfoundation.org/UA/Plc/Applications;s=FastRandomUIntScalar3":{"Value":{"Type":7,"Body":2693935577},"SourceTimestamp":"2024-04-27T17:13:06.8398652Z","ServerTimestamp":"2024-04-27T17:13:06.8398669Z"},"nsu=http://opcfoundation.org/UA/Plc/Applications;s=SpikeData":{"Value":{"Type":11,"Body":-84.432792550201526},"SourceTimestamp":"2024-04-27T17:13:07.6463196Z","ServerTimestamp":"2024-04-27T17:13:07.646332Z"}}}