{"SequenceNumber":22,"MetaDataVersion":{"MajorVersion":1},"Timestamp":"2024-04-27T17:13:11.6788418Z","MessageType":"ua-deltaframe","DataSetWriterName":"<<UnknownDataSet>>","Payload":{"nsu=http://opcfoundation.org/UA/Plc/Applications;s=StepUp":{"Value":{"Type":7,"Body":258},"SourceTimestamp":"2024-04-27T17:13:11.6476674Z","ServerTimestamp":"2024-04-27T17:13:11.6476706Z"},"nsu=http://opcfoundation.org/UA/Plc/Applications;s=AlternatingBoolean":{"Value":{"Type":1,"Body":false},"SourceTimestamp":"2024-04-27T17:13:10.9515242Z","ServerTimestamp":"2024-04-27T17:13:10.951528Z"},"nsu=http://opcfoundation.org/UA/Plc/Applications;s=RandomSignedInt32":{"Value":{"Type":6,"Body":-1145854436},"SourceTimestamp":"2024-04-27T17:13:11.6477008Z","ServerTimestamp":"2024-04-27T17:13:11.6477022Z"},"nsu=http://opcfoundation.org/UA/Plc/Applications;s=RandomUnsignedInt32":{"Value":{"Type":7,"Body":31477583},"SourceTimestamp":"2024-04-27T17:13:11.6477031Z","ServerTimestamp":"2024-04-27T17:13:11.6477077Z"},"nsu=http://opcfoundation.org/UA/Plc/Applications;s=DipData":{"Value":{"Type":11,"Body":-77.0513242775789},"SourceTimestamp":"2024-04-27T17:13:11.647717Z","ServerTimestamp":"2024-04-27T17:13:11.6477178Z"},"nsu=http://opcfoundation.org/UA/Plc/Applications;s=FastUIntScalar1":{"Value":{"Type":7,"Body":25},"SourceTimestamp":"2024-04-27T17:13:10.8425673Z","ServerTimestamp":"2024-04-27T17:13:10.84257Z"},"nsu=http://opcfoundation.org/UA/Plc/Applications;s=FastUIntScalar2":{"Value":{"Type":7,"Body":25},"SourceTimestamp":"2024-04-27T17:13:10.8425782Z","ServerTimestamp":"2024-04-27T17:13:10.842585Z"},"nsu=http://opcfoundation.org/UA/Plc/Applications;s=FastUIntScalar3":{"Value":{"Type":7,"Body":25},"SourceTimestamp":"2024-04-27T17:13:10.8425864Z","ServerTimestamp":"2024-04-27T17:13:10.8425871Z"},"nsu=http://opcfoundation.org/UA/Plc/Applications;s=FastRandomUIntScalar1":{"Value":{"Type":7,"Body":728638200},"SourceTimestamp":"2024-04-27T17:13:10.8425727Z","ServerTimestamp":"2024-04-27T17:13:10.8425786Z"},"nsu=http://opcfoundation.org/UA/Plc/Applications;s=FastRandomUIntScalar2":{"Value":{"Type":7,"Body":2483394838},"SourceTimestamp":"2024-04-27T17:13:10.842585Z","ServerTimestamp":"2024-04-27T17:13:10.842586Z"},"nsu=http://opcfoundation.org/UA/Plc/Applications;s=FastRandomUIntScalar3":{"Value":{"Type":7,"Body":3240949346},"SourceTimestamp":"2024-04-27T17:13:10.8425873Z","ServerTimestamp":"2024-04-27T17:13:10.8425883Z"},"nsu=http://opcfoundation.org/UA/Plc/Applications;s=PositiveTrendData":{"Value":{"Type":11,"Body":100.40000000000001},"SourceTimestamp":"2024-04-27T17:13:10.951564Z","ServerTimestamp":"2024-04-27T17:13:10.9515679Z"},"nsu=http://opcfoundation.org/UA/Plc/Applications;s=SpikeData":{"Value":{"Type":11,"Body":1000},"SourceTimestamp":"2024-04-27T17:13:11.6477252Z","ServerTimestamp":"2024-04-27T17:13:11.6477263Z"}}}