{"SequenceNumber":27,"MetaDataVersion":{"MajorVersion":1},"Timestamp":"2024-04-27T17:13:16.6934685Z","MessageType":"ua-deltaframe","DataSetWriterName":"<<UnknownDataSet>>","Payload":{"nsu=http://opcfoundation.org/UA/Plc/Applications;s=StepUp":{"Value":{"Type":7,"Body":308},"SourceTimestamp":"2024-04-27T17:13:16.647424Z","ServerTimestamp":"2024-04-27T17:13:16.6474272Z"},"nsu=http://opcfoundation.org/UA/Plc/Applications;s=AlternatingBoolean":{"Value":{"Type":1,"Body":true},"SourceTimestamp":"2024-04-27T17:13:15.9503996Z","ServerTimestamp":"2024-04-27T17:13:15.9504014Z"},"nsu=http://opcfoundation.org/UA/Plc/Applications;s=RandomSignedInt32":{"Value":{"Type":6,"Body":-652144402},"SourceTimestamp":"2024-04-27T17:13:16.6474526Z","ServerTimestamp":"2024-04-27T17:13:16.6474768Z"},"nsu=http://opcfoundation.org/UA/Plc/Applications;s=RandomUnsignedInt32":{"Value":{"Type":7,"Body":179088352},"SourceTimestamp":"2024-04-27T17:13:16.6474584Z","ServerTimestamp":"2024-04-27T17:13:16.6474643Z"},"nsu=http://opcfoundation.org/UA/Plc/Applications;s=DipData":{"Value":{"Type":11,"Body":-77.0513242775789},"SourceTimestamp":"2024-04-27T17:13:16.6474727Z","ServerTimestamp":"2024-04-27T17:13:16.6474735Z"},"nsu=http://opcfoundation.org/UA/Plc/Applications;s=FastUIntScalar1":{"Value":{"Type":7,"Body":30},"SourceTimestamp":"2024-04-27T17:13:15.8417575Z","ServerTimestamp":"2024-04-27T17:13:15.8417582Z"},"nsu=http://opcfoundation.org/UA/Plc/Applications;s=FastUIntScalar2":{"Value":{"Type":7,"Body":30},"SourceTimestamp":"2024-04-27T17:13:15.8417592Z","ServerTimestamp":"2024-04-27T17:13:15.8417597Z"},"nsu=http://opcfoundation.org/UA/Plc/Applications;s=FastUIntScalar3":{"Value":{"Type":7,"Body":30},"SourceTimestamp":"2024-04-27T17:13:15.8417605Z","ServerTimestamp":"2024-04-27T17:13:15.8417611Z"},"nsu=http://opcfoundation.org/UA/Plc/Applications;s=FastRandomUIntScalar1":{"Value":{"Type":7,"Body":1833396902},"SourceTimestamp":"2024-04-27T17:13:15.8417625Z","ServerTimestamp":"2024-04-27T17:13:15.8417632Z"},"nsu=http://opcfoundation.org/UA/Plc/Applications;s=FastRandomUIntScalar2":{"Value":{"Type":7,"Body":738450961},"SourceTimestamp":"2024-04-27T17:13:15.8417726Z","ServerTimestamp":"2024-04-27T17:13:15.8417735Z"},"nsu=http://opcfoundation.org/UA/Plc/Applications;s=FastRandomUIntScalar3":{"Value":{"Type":7,"Body":1784265210},"SourceTimestamp":"2024-04-27T17:13:15.8417744Z","ServerTimestamp":"2024-04-27T17:13:15.8417757Z"},"nsu=http://opcfoundation.org/UA/Plc/Applications;s=PositiveTrendData":{"Value":{"Type":11,"Body":100.5},"SourceTimestamp":"2024-04-27T17:13:15.950416Z","ServerTimestamp":"2024-04-27T17:13:15.9504178Z"},"nsu=http://opcfoundation.org/UA/Plc/Applications;s=SpikeData":{"Value":{"Type":11,"Body":-77.0513242775789},"SourceTimestamp":"2024-04-27T17:13:16.6474777Z","ServerTimestamp":"2024-04-27T17:13:16.6474809Z"}}}