{"SequenceNumber":32,"MetaDataVersion":{"MajorVersion":1},"Timestamp":"2024-04-27T17:13:22.7043964Z","MessageType":"ua-deltaframe","DataSetWriterName":"<<UnknownDataSet>>","Payload":{"nsu=http://opcfoundation.org/UA/Plc/Applications;s=StepUp":{"Value":{"Type":7,"Body":368},"SourceTimestamp":"2024-04-27T17:13:22.641359Z","ServerTimestamp":"2024-04-27T17:13:22.641363Z"},"nsu=http://opcfoundation.org/UA/Plc/Applications;s=RandomSignedInt32":{"Value":{"Type":6,"Body":1804893823},"SourceTimestamp":"2024-04-27T17:13:22.6413722Z","ServerTimestamp":"2024-04-27T17:13:22.641426Z"},"nsu=http://opcfoundation.org/UA/Plc/Applications;s=RandomUnsignedInt32":{"Value":{"Type":7,"Body":533202522},"SourceTimestamp":"2024-04-27T17:13:22.6413932Z","ServerTimestamp":"2024-04-27T17:13:22.6413965Z"},"nsu=http://opcfoundation.org/UA/Plc/Applications;s=DipData":{"Value":{"Type":11,"Body":-84.432792550201526},"SourceTimestamp":"2024-04-27T17:13:22.641398Z","ServerTimestamp":"2024-04-27T17:13:22.641404Z"},"nsu=http://opcfoundation.org/UA/Plc/Applications;s=FastUIntScalar1":{"Value":{"Type":7,"Body":36},"SourceTimestamp":"2024-04-27T17:13:21.85004Z","ServerTimestamp":"2024-04-27T17:13:21.8500418Z"},"nsu=http://opcfoundation.org/UA/Plc/Applications;s=FastUIntScalar2":{"Value":{"Type":7,"Body":36},"SourceTimestamp":"2024-04-27T17:13:21.8500549Z","ServerTimestamp":"2024-04-27T17:13:21.8500802Z"},"nsu=http://opcfoundation.org/UA/Plc/Applications;s=FastUIntScalar3":{"Value":{"Type":7,"Body":36},"SourceTimestamp":"2024-04-27T17:13:21.850083Z","ServerTimestamp":"2024-04-27T17:13:21.8500857Z"},"nsu=http://opcfoundation.org/UA/Plc/Applications;s=FastRandomUIntScalar1":{"Value":{"Type":7,"Body":2535535878},"SourceTimestamp":"2024-04-27T17:13:21.8500403Z","ServerTimestamp":"2024-04-27T17:13:21.850056Z"},"nsu=http://opcfoundation.org/UA/Plc/Applications;s=FastRandomUIntScalar2":{"Value":{"Type":7,"Body":3699208075},"SourceTimestamp":"2024-04-27T17:13:21.8500739Z","ServerTimestamp":"2024-04-27T17:13:21.8500782Z"},"nsu=http://opcfoundation.org/UA/Plc/Applications;s=FastRandomUIntScalar3":{"Value":{"Type":7,"Body":5378549},"SourceTimestamp":"2024-04-27T17:13:21.8500796Z","ServerTimestamp":"2024-04-27T17:13:21.8500867Z"},"nsu=http://opcfoundation.org/UA/Plc/Applications;s=SpikeData":{"Value":{"Type":11,"Body":-84.432792550201526},"SourceTimestamp":"2024-04-27T17:13:22.641402Z","ServerTimestamp":"2024-04-27T17:13:22.6414099Z"}}}