{"SequenceNumber":33,"MetaDataVersion":{"MajorVersion":1},"Timestamp":"2024-04-27T17:13:23.6958268Z","MessageType":"ua-deltaframe","DataSetWriterName":"<<UnknownDataSet>>","Payload":{"nsu=http://opcfoundation.org/UA/Plc/Applications;s=StepUp":{"Value":{"Type":7,"Body":378},"SourceTimestamp":"2024-04-27T17:13:23.6502832Z","ServerTimestamp":"2024-04-27T17:13:23.6502868Z"},"nsu=http://opcfoundation.org/UA/Plc/Applications;s=RandomSignedInt32":{"Value":{"Type":6,"Body":-699290235},"SourceTimestamp":"2024-04-27T17:13:23.6502992Z","ServerTimestamp":"2024-04-27T17:13:23.6502997Z"},"nsu=http://opcfoundation.org/UA/Plc/Applications;s=RandomUnsignedInt32":{"Value":{"Type":7,"Body":1227515467},"SourceTimestamp":"2024-04-27T17:13:23.6503028Z","ServerTimestamp":"2024-04-27T17:13:23.6503104Z"},"nsu=http://opcfoundation.org/UA/Plc/Applications;s=DipData":{"Value":{"Type":11,"Body":24.868988716485482},"SourceTimestamp":"2024-04-27T17:13:23.6503236Z","ServerTimestamp":"2024-04-27T17:13:23.6503263Z"},"nsu=http://opcfoundation.org/UA/Plc/Applications;s=FastUIntScalar1":{"Value":{"Type":7,"Body":37},"SourceTimestamp":"2024-04-27T17:13:22.8419334Z","ServerTimestamp":"2024-04-27T17:13:22.8419415Z"},"nsu=http://opcfoundation.org/UA/Plc/Applications;s=FastUIntScalar2":{"Value":{"Type":7,"Body":37},"SourceTimestamp":"2024-04-27T17:13:22.8419555Z","ServerTimestamp":"2024-04-27T17:13:22.8419581Z"},"nsu=http://opcfoundation.org/UA/Plc/Applications;s=FastUIntScalar3":{"Value":{"Type":7,"Body":37},"SourceTimestamp":"2024-04-27T17:13:22.8419829Z","ServerTimestamp":"2024-04-27T17:13:22.8419853Z"},"nsu=http://opcfoundation.org/UA/Plc/Applications;s=FastRandomUIntScalar1":{"Value":{"Type":7,"Body":402372829},"SourceTimestamp":"2024-04-27T17:13:22.8419225Z","ServerTimestamp":"2024-04-27T17:13:22.8419263Z"},"nsu=http://opcfoundation.org/UA/Plc/Applications;s=FastRandomUIntScalar2":{"Value":{"Type":7,"Body":3327802971},"SourceTimestamp":"2024-04-27T17:13:22.8419401Z","ServerTimestamp":"2024-04-27T17:13:22.8419556Z"},"nsu=http://opcfoundation.org/UA/Plc/Applications;s=FastRandomUIntScalar3":{"Value":{"Type":7,"Body":2108650685},"SourceTimestamp":"2024-04-27T17:13:22.8419581Z","ServerTimestamp":"2024-04-27T17:13:22.8419831Z"},"nsu=http://opcfoundation.org/UA/Plc/Applications;s=SpikeData":{"Value":{"Type":11,"Body":24.868988716485482},"SourceTimestamp":"2024-04-27T17:13:23.6503233Z","ServerTimestamp":"2024-04-27T17:13:23.6503242Z"}}}