{"SequenceNumber":34,"MetaDataVersion":{"MajorVersion":1},"Timestamp":"2024-04-27T17:13:25.6777308Z","MessageType":"ua-deltaframe","DataSetWriterName":"<<UnknownDataSet>>","Payload":{"nsu=http://opcfoundation.org/UA/Plc/Applications;s=StepUp":{"Value":{"Type":7,"Body":398},"SourceTimestamp":"2024-04-27T17:13:25.6459563Z","ServerTimestamp":"2024-04-27T17:13:25.6459599Z"},"nsu=http://opcfoundation.org/UA/Plc/Applications;s=RandomSignedInt32":{"Value":{"Type":6,"Body":1599909769},"SourceTimestamp":"2024-04-27T17:13:25.6459788Z","ServerTimestamp":"2024-04-27T17:13:25.6459803Z"},"nsu=http://opcfoundation.org/UA/Plc/Applications;s=RandomUnsignedInt32":{"Value":{"Type":7,"Body":137597316},"SourceTimestamp":"2024-04-27T17:13:25.6459813Z","ServerTimestamp":"2024-04-27T17:13:25.6459857Z"},"nsu=http://opcfoundation.org/UA/Plc/Applications;s=DipData":{"Value":{"Type":11,"Body":-1000},"SourceTimestamp":"2024-04-27T17:13:25.6460072Z","ServerTimestamp":"2024-04-27T17:13:25.6460093Z"},"nsu=http://opcfoundation.org/UA/Plc/Applications;s=FastUIntScalar1":{"Value":{"Type":7,"Body":39},"SourceTimestamp":"2024-04-27T17:13:24.8424422Z","ServerTimestamp":"2024-04-27T17:13:24.8424436Z"},"nsu=http://opcfoundation.org/UA/Plc/Applications;s=FastUIntScalar2":{"Value":{"Type":7,"Body":39},"SourceTimestamp":"2024-04-27T17:13:24.8424534Z","ServerTimestamp":"2024-04-27T17:13:24.8424594Z"},"nsu=http://opcfoundation.org/UA/Plc/Applications;s=FastUIntScalar3":{"Value":{"Type":7,"Body":39},"SourceTimestamp":"2024-04-27T17:13:24.8424604Z","ServerTimestamp":"2024-04-27T17:13:24.842462Z"},"nsu=http://opcfoundation.org/UA/Plc/Applications;s=FastRandomUIntScalar1":{"Value":{"Type":7,"Body":2734986404},"SourceTimestamp":"2024-04-27T17:13:24.8424428Z","ServerTimestamp":"2024-04-27T17:13:24.8424539Z"},"nsu=http://opcfoundation.org/UA/Plc/Applications;s=FastRandomUIntScalar2":{"Value":{"Type":7,"Body":618014370},"SourceTimestamp":"2024-04-27T17:13:24.8424595Z","ServerTimestamp":"2024-04-27T17:13:24.8424604Z"},"nsu=http://opcfoundation.org/UA/Plc/Applications;s=FastRandomUIntScalar3":{"Value":{"Type":7,"Body":3600463128},"SourceTimestamp":"2024-04-27T17:13:24.8424618Z","ServerTimestamp":"2024-04-27T17:13:24.8424632Z"},"nsu=http://opcfoundation.org/UA/Plc/Applications;s=SpikeData":{"Value":{"Type":11,"Body":36.812455268467801},"SourceTimestamp":"2024-04-27T17:13:25.6460019Z","ServerTimestamp":"2024-04-27T17:13:25.6460029Z"}}}