{"SequenceNumber":46,"MetaDataVersion":{"MajorVersion":1},"Timestamp":"2024-04-27T17:13:38.6979611Z","MessageType":"ua-deltaframe","DataSetWriterName":"<<UnknownDataSet>>","Payload":{"nsu=http://opcfoundation.org/UA/Plc/Applications;s=StepUp":{"Value":{"Type":7,"Body":528},"SourceTimestamp":"2024-04-27T17:13:38.6502702Z","ServerTimestamp":"2024-04-27T17:13:38.6502734Z"},"nsu=http://opcfoundation.org/UA/Plc/Applications;s=RandomSignedInt32":{"Value":{"Type":6,"Body":-539202875},"SourceTimestamp":"2024-04-27T17:13:38.6502927Z","ServerTimestamp":"2024-04-27T17:13:38.650294Z"},"nsu=http://opcfoundation.org/UA/Plc/Applications;s=RandomUnsignedInt32":{"Value":{"Type":7,"Body":1662881154},"SourceTimestamp":"2024-04-27T17:13:38.6502946Z","ServerTimestamp":"2024-04-27T17:13:38.650304Z"},"nsu=http://opcfoundation.org/UA/Plc/Applications;s=DipData":{"Value":{"Type":11,"Body":24.868988716485482},"SourceTimestamp":"2024-04-27T17:13:38.6503091Z","ServerTimestamp":"2024-04-27T17:13:38.6503099Z"},"nsu=http://opcfoundation.org/UA/Plc/Applications;s=FastUIntScalar1":{"Value":{"Type":7,"Body":52},"SourceTimestamp":"2024-04-27T17:13:37.8426527Z","ServerTimestamp":"2024-04-27T17:13:37.8426547Z"},"nsu=http://opcfoundation.org/UA/Plc/Applications;s=FastUIntScalar2":{"Value":{"Type":7,"Body":52},"SourceTimestamp":"2024-04-27T17:13:37.8426699Z","ServerTimestamp":"2024-04-27T17:13:37.8426763Z"},"nsu=http://opcfoundation.org/UA/Plc/Applications;s=FastUIntScalar3":{"Value":{"Type":7,"Body":52},"SourceTimestamp":"2024-04-27T17:13:37.8426778Z","ServerTimestamp":"2024-04-27T17:13:37.8426787Z"},"nsu=http://opcfoundation.org/UA/Plc/Applications;s=FastRandomUIntScalar1":{"Value":{"Type":7,"Body":1503748224},"SourceTimestamp":"2024-04-27T17:13:37.8426629Z","ServerTimestamp":"2024-04-27T17:13:37.8426704Z"},"nsu=http://opcfoundation.org/UA/Plc/Applications;s=FastRandomUIntScalar2":{"Value":{"Type":7,"Body":3185852758},"SourceTimestamp":"2024-04-27T17:13:37.8426761Z","ServerTimestamp":"2024-04-27T17:13:37.8426777Z"},"nsu=http://opcfoundation.org/UA/Plc/Applications;s=FastRandomUIntScalar3":{"Value":{"Type":7,"Body":2693292793},"SourceTimestamp":"2024-04-27T17:13:37.8426788Z","ServerTimestamp":"2024-04-27T17:13:37.8426798Z"},"nsu=http://opcfoundation.org/UA/Plc/Applications;s=SpikeData":{"Value":{"Type":11,"Body":24.868988716485482},"SourceTimestamp":"2024-04-27T17:13:38.6503134Z","ServerTimestamp":"2024-04-27T17:13:38.6503144Z"}}}