{"SequenceNumber":48,"MetaDataVersion":{"MajorVersion":1},"Timestamp":"2024-04-27T17:13:41.7356661Z","MessageType":"ua-deltaframe","DataSetWriterName":"<<UnknownDataSet>>","Payload":{"nsu=http://opcfoundation.org/UA/Plc/Applications;s=StepUp":{"Value":{"Type":7,"Body":558},"SourceTimestamp":"2024-04-27T17:13:41.6445274Z","ServerTimestamp":"2024-04-27T17:13:41.6445561Z"},"nsu=http://opcfoundation.org/UA/Plc/Applications;s=AlternatingBoolean":{"Value":{"Type":1,"Body":false},"SourceTimestamp":"2024-04-27T17:13:40.9446627Z","ServerTimestamp":"2024-04-27T17:13:40.9446733Z"},"nsu=http://opcfoundation.org/UA/Plc/Applications;s=RandomSignedInt32":{"Value":{"Type":6,"Body":-1286417783},"SourceTimestamp":"2024-04-27T17:13:41.6445278Z","ServerTimestamp":"2024-04-27T17:13:41.6446094Z"},"nsu=http://opcfoundation.org/UA/Plc/Applications;s=RandomUnsignedInt32":{"Value":{"Type":7,"Body":106306462},"SourceTimestamp":"2024-04-27T17:13:41.6445451Z","ServerTimestamp":"2024-04-27T17:13:41.6445468Z"},"nsu=http://opcfoundation.org/UA/Plc/Applications;s=DipData":{"Value":{"Type":11,"Body":-77.0513242775789},"SourceTimestamp":"2024-04-27T17:13:41.6445602Z","ServerTimestamp":"2024-04-27T17:13:41.6445721Z"},"nsu=http://opcfoundation.org/UA/Plc/Applications;s=FastUIntScalar1":{"Value":{"Type":7,"Body":55},"SourceTimestamp":"2024-04-27T17:13:40.8365472Z","ServerTimestamp":"2024-04-27T17:13:40.8365783Z"},"nsu=http://opcfoundation.org/UA/Plc/Applications;s=FastUIntScalar2":{"Value":{"Type":7,"Body":55},"SourceTimestamp":"2024-04-27T17:13:40.8365851Z","ServerTimestamp":"2024-04-27T17:13:40.8365927Z"},"nsu=http://opcfoundation.org/UA/Plc/Applications;s=FastUIntScalar3":{"Value":{"Type":7,"Body":55},"SourceTimestamp":"2024-04-27T17:13:40.8365941Z","ServerTimestamp":"2024-04-27T17:13:40.8365967Z"},"nsu=http://opcfoundation.org/UA/Plc/Applications;s=FastRandomUIntScalar1":{"Value":{"Type":7,"Body":1978710043},"SourceTimestamp":"2024-04-27T17:13:40.8365395Z","ServerTimestamp":"2024-04-27T17:13:40.8365594Z"},"nsu=http://opcfoundation.org/UA/Plc/Applications;s=FastRandomUIntScalar2":{"Value":{"Type":7,"Body":3110153501},"SourceTimestamp":"2024-04-27T17:13:40.8365715Z","ServerTimestamp":"2024-04-27T17:13:40.8365721Z"},"nsu=http://opcfoundation.org/UA/Plc/Applications;s=FastRandomUIntScalar3":{"Value":{"Type":7,"Body":3727460559},"SourceTimestamp":"2024-04-27T17:13:40.8365735Z","ServerTimestamp":"2024-04-27T17:13:40.8365744Z"},"nsu=http://opcfoundation.org/UA/Plc/Applications;s=NegativeTrendData":{"Value":{"Type":11,"Body":99.700000000000003},"SourceTimestamp":"2024-04-27T17:13:40.9446934Z","ServerTimestamp":"2024-04-27T17:13:40.9446942Z"},"nsu=http://opcfoundation.org/UA/Plc/Applications;s=PositiveTrendData":{"Value":{"Type":11,"Body":101},"SourceTimestamp":"2024-04-27T17:13:40.9446934Z","ServerTimestamp":"2024-04-27T17:13:40.9446959Z"},"nsu=http://opcfoundation.org/UA/Plc/Applications;s=SpikeData":{"Value":{"Type":11,"Body":-77.0513242775789},"SourceTimestamp":"2024-04-27T17:13:41.644581Z","ServerTimestamp":"2024-04-27T17:13:41.6445823Z"}}}