{"SequenceNumber":51,"MetaDataVersion":{"MajorVersion":1},"Timestamp":"2024-04-27T17:13:44.6961372Z","MessageType":"ua-deltaframe","DataSetWriterName":"<<UnknownDataSet>>","Payload":{"nsu=http://opcfoundation.org/UA/Plc/Applications;s=StepUp":{"Value":{"Type":7,"Body":588},"SourceTimestamp":"2024-04-27T17:13:44.6503682Z","ServerTimestamp":"2024-04-27T17:13:44.6503728Z"},"nsu=http://opcfoundation.org/UA/Plc/Applications;s=RandomSignedInt32":{"Value":{"Type":6,"Body":-1991741241},"SourceTimestamp":"2024-04-27T17:13:44.6504332Z","ServerTimestamp":"2024-04-27T17:13:44.650436Z"},"nsu=http://opcfoundation.org/UA/Plc/Applications;s=RandomUnsignedInt32":{"Value":{"Type":7,"Body":1653799556},"SourceTimestamp":"2024-04-27T17:13:44.6504238Z","ServerTimestamp":"2024-04-27T17:13:44.650425Z"},"nsu=http://opcfoundation.org/UA/Plc/Applications;s=DipData":{"Value":{"Type":11,"Body":99.80267284282715},"SourceTimestamp":"2024-04-27T17:13:44.6504445Z","ServerTimestamp":"2024-04-27T17:13:44.6504464Z"},"nsu=http://opcfoundation.org/UA/Plc/Applications;s=FastUIntScalar1":{"Value":{"Type":7,"Body":58},"SourceTimestamp":"2024-04-27T17:13:43.8491382Z","ServerTimestamp":"2024-04-27T17:13:43.8491415Z"},"nsu=http://opcfoundation.org/UA/Plc/Applications;s=FastUIntScalar2":{"Value":{"Type":7,"Body":58},"SourceTimestamp":"2024-04-27T17:13:43.8491554Z","ServerTimestamp":"2024-04-27T17:13:43.8491697Z"},"nsu=http://opcfoundation.org/UA/Plc/Applications;s=FastUIntScalar3":{"Value":{"Type":7,"Body":58},"SourceTimestamp":"2024-04-27T17:13:43.8491726Z","ServerTimestamp":"2024-04-27T17:13:43.849175Z"},"nsu=http://opcfoundation.org/UA/Plc/Applications;s=FastRandomUIntScalar1":{"Value":{"Type":7,"Body":3760735235},"SourceTimestamp":"2024-04-27T17:13:43.8491475Z","ServerTimestamp":"2024-04-27T17:13:43.849157Z"},"nsu=http://opcfoundation.org/UA/Plc/Applications;s=FastRandomUIntScalar2":{"Value":{"Type":7,"Body":2668988135},"SourceTimestamp":"2024-04-27T17:13:43.8491694Z","ServerTimestamp":"2024-04-27T17:13:43.8491729Z"},"nsu=http://opcfoundation.org/UA/Plc/Applications;s=FastRandomUIntScalar3":{"Value":{"Type":7,"Body":972596884},"SourceTimestamp":"2024-04-27T17:13:43.8491754Z","ServerTimestamp":"2024-04-27T17:13:43.8491769Z"},"nsu=http://opcfoundation.org/UA/Plc/Applications;s=SpikeData":{"Value":{"Type":11,"Body":99.80267284282715},"SourceTimestamp":"2024-04-27T17:13:44.6504576Z","ServerTimestamp":"2024-04-27T17:13:44.6504593Z"}}}