{"SequenceNumber":52,"MetaDataVersion":{"MajorVersion":1},"Timestamp":"2024-04-27T17:13:46.7384506Z","MessageType":"ua-deltaframe","DataSetWriterName":"<<UnknownDataSet>>","Payload":{"nsu=http://opcfoundation.org/UA/Plc/Applications;s=StepUp":{"Value":{"Type":7,"Body":608},"SourceTimestamp":"2024-04-27T17:13:46.6445129Z","ServerTimestamp":"2024-04-27T17:13:46.6445161Z"},"nsu=http://opcfoundation.org/UA/Plc/Applications;s=AlternatingBoolean":{"Value":{"Type":1,"Body":true},"SourceTimestamp":"2024-04-27T17:13:45.9460932Z","ServerTimestamp":"2024-04-27T17:13:45.9461084Z"},"nsu=http://opcfoundation.org/UA/Plc/Applications;s=RandomSignedInt32":{"Value":{"Type":6,"Body":321140848},"SourceTimestamp":"2024-04-27T17:13:46.6445407Z","ServerTimestamp":"2024-04-27T17:13:46.644542Z"},"nsu=http://opcfoundation.org/UA/Plc/Applications;s=RandomUnsignedInt32":{"Value":{"Type":7,"Body":1121898560},"SourceTimestamp":"2024-04-27T17:13:46.6445446Z","ServerTimestamp":"2024-04-27T17:13:46.6445477Z"},"nsu=http://opcfoundation.org/UA/Plc/Applications;s=DipData":{"Value":{"Type":11,"Body":-77.0513242775789},"SourceTimestamp":"2024-04-27T17:13:46.644561Z","ServerTimestamp":"2024-04-27T17:13:46.6445636Z"},"nsu=http://opcfoundation.org/UA/Plc/Applications;s=FastUIntScalar1":{"Value":{"Type":7,"Body":60},"SourceTimestamp":"2024-04-27T17:13:45.8377277Z","ServerTimestamp":"2024-04-27T17:13:45.8377313Z"},"nsu=http://opcfoundation.org/UA/Plc/Applications;s=FastUIntScalar2":{"Value":{"Type":7,"Body":60},"SourceTimestamp":"2024-04-27T17:13:45.8377351Z","ServerTimestamp":"2024-04-27T17:13:45.8377424Z"},"nsu=http://opcfoundation.org/UA/Plc/Applications;s=FastUIntScalar3":{"Value":{"Type":7,"Body":60},"SourceTimestamp":"2024-04-27T17:13:45.8377437Z","ServerTimestamp":"2024-04-27T17:13:45.8377458Z"},"nsu=http://opcfoundation.org/UA/Plc/Applications;s=FastRandomUIntScalar1":{"Value":{"Type":7,"Body":762153401},"SourceTimestamp":"2024-04-27T17:13:45.8377243Z","ServerTimestamp":"2024-04-27T17:13:45.8377257Z"},"nsu=http://opcfoundation.org/UA/Plc/Applications;s=FastRandomUIntScalar2":{"Value":{"Type":7,"Body":903817488},"SourceTimestamp":"2024-04-27T17:13:45.8377312Z","ServerTimestamp":"2024-04-27T17:13:45.8377542Z"},"nsu=http://opcfoundation.org/UA/Plc/Applications;s=FastRandomUIntScalar3":{"Value":{"Type":7,"Body":2424388241},"SourceTimestamp":"2024-04-27T17:13:45.8377558Z","ServerTimestamp":"2024-04-27T17:13:45.8377642Z"},"nsu=http://opcfoundation.org/UA/Plc/Applications;s=NegativeTrendData":{"Value":{"Type":11,"Body":99.599999999999994},"SourceTimestamp":"2024-04-27T17:13:45.9461152Z","ServerTimestamp":"2024-04-27T17:13:45.9461185Z"},"nsu=http://opcfoundation.org/UA/Plc/Applications;s=PositiveTrendData":{"Value":{"Type":11,"Body":101.09999999999999},"SourceTimestamp":"2024-04-27T17:13:45.9461217Z","ServerTimestamp":"2024-04-27T17:13:45.9461226Z"},"nsu=http://opcfoundation.org/UA/Plc/Applications;s=SpikeData":{"Value":{"Type":11,"Body":-77.0513242775789},"SourceTimestamp":"2024-04-27T17:13:46.6445608Z","ServerTimestamp":"2024-04-27T17:13:46.6445617Z"}}}