{"SequenceNumber":56,"MetaDataVersion":{"MajorVersion":1},"Timestamp":"2024-04-27T17:13:50.7056468Z","MessageType":"ua-deltaframe","DataSetWriterName":"<<UnknownDataSet>>","Payload":{"nsu=http://opcfoundation.org/UA/Plc/Applications;s=StepUp":{"Value":{"Type":7,"Body":648},"SourceTimestamp":"2024-04-27T17:13:50.6423189Z","ServerTimestamp":"2024-04-27T17:13:50.6423236Z"},"nsu=http://opcfoundation.org/UA/Plc/Applications;s=RandomSignedInt32":{"Value":{"Type":6,"Body":-1888902717},"SourceTimestamp":"2024-04-27T17:13:50.6424168Z","ServerTimestamp":"2024-04-27T17:13:50.6424191Z"},"nsu=http://opcfoundation.org/UA/Plc/Applications;s=RandomUnsignedInt32":{"Value":{"Type":7,"Body":413421123},"SourceTimestamp":"2024-04-27T17:13:50.6423684Z","ServerTimestamp":"2024-04-27T17:13:50.6423696Z"},"nsu=http://opcfoundation.org/UA/Plc/Applications;s=DipData":{"Value":{"Type":11,"Body":36.812455268467801},"SourceTimestamp":"2024-04-27T17:13:50.6423804Z","ServerTimestamp":"2024-04-27T17:13:50.6423818Z"},"nsu=http://opcfoundation.org/UA/Plc/Applications;s=FastUIntScalar1":{"Value":{"Type":7,"Body":64},"SourceTimestamp":"2024-04-27T17:13:49.843813Z","ServerTimestamp":"2024-04-27T17:13:49.8438153Z"},"nsu=http://opcfoundation.org/UA/Plc/Applications;s=FastUIntScalar2":{"Value":{"Type":7,"Body":64},"SourceTimestamp":"2024-04-27T17:13:49.8438258Z","ServerTimestamp":"2024-04-27T17:13:49.8438329Z"},"nsu=http://opcfoundation.org/UA/Plc/Applications;s=FastUIntScalar3":{"Value":{"Type":7,"Body":64},"SourceTimestamp":"2024-04-27T17:13:49.8438345Z","ServerTimestamp":"2024-04-27T17:13:49.8438353Z"},"nsu=http://opcfoundation.org/UA/Plc/Applications;s=FastRandomUIntScalar1":{"Value":{"Type":7,"Body":903833783},"SourceTimestamp":"2024-04-27T17:13:49.8438233Z","ServerTimestamp":"2024-04-27T17:13:49.8438261Z"},"nsu=http://opcfoundation.org/UA/Plc/Applications;s=FastRandomUIntScalar2":{"Value":{"Type":7,"Body":2565706802},"SourceTimestamp":"2024-04-27T17:13:49.8438328Z","ServerTimestamp":"2024-04-27T17:13:49.8438342Z"},"nsu=http://opcfoundation.org/UA/Plc/Applications;s=FastRandomUIntScalar3":{"Value":{"Type":7,"Body":2427536373},"SourceTimestamp":"2024-04-27T17:13:49.8438354Z","ServerTimestamp":"2024-04-27T17:13:49.8438367Z"},"nsu=http://opcfoundation.org/UA/Plc/Applications;s=SpikeData":{"Value":{"Type":11,"Body":36.812455268467801},"SourceTimestamp":"2024-04-27T17:13:50.6423888Z","ServerTimestamp":"2024-04-27T17:13:50.6423899Z"}}}