{"SequenceNumber":63,"MetaDataVersion":{"MajorVersion":1},"Timestamp":"2024-04-27T17:13:59.720869Z","MessageType":"ua-deltaframe","DataSetWriterName":"<<UnknownDataSet>>","Payload":{"nsu=http://opcfoundation.org/UA/Plc/Applications;s=StepUp":{"Value":{"Type":7,"Body":738},"SourceTimestamp":"2024-04-27T17:13:59.6425756Z","ServerTimestamp":"2024-04-27T17:13:59.6425787Z"},"nsu=http://opcfoundation.org/UA/Plc/Applications;s=RandomSignedInt32":{"Value":{"Type":6,"Body":-326415811},"SourceTimestamp":"2024-04-27T17:13:59.6425944Z","ServerTimestamp":"2024-04-27T17:13:59.6425958Z"},"nsu=http://opcfoundation.org/UA/Plc/Applications;s=RandomUnsignedInt32":{"Value":{"Type":7,"Body":978929312},"SourceTimestamp":"2024-04-27T17:13:59.6425976Z","ServerTimestamp":"2024-04-27T17:13:59.6426008Z"},"nsu=http://opcfoundation.org/UA/Plc/Applications;s=DipData":{"Value":{"Type":11,"Body":99.80267284282715},"SourceTimestamp":"2024-04-27T17:13:59.6426086Z","ServerTimestamp":"2024-04-27T17:13:59.6426106Z"},"nsu=http://opcfoundation.org/UA/Plc/Applications;s=FastUIntScalar1":{"Value":{"Type":7,"Body":73},"SourceTimestamp":"2024-04-27T17:13:58.8366516Z","ServerTimestamp":"2024-04-27T17:13:58.8366535Z"},"nsu=http://opcfoundation.org/UA/Plc/Applications;s=FastUIntScalar2":{"Value":{"Type":7,"Body":73},"SourceTimestamp":"2024-04-27T17:13:58.8366626Z","ServerTimestamp":"2024-04-27T17:13:58.8366693Z"},"nsu=http://opcfoundation.org/UA/Plc/Applications;s=FastUIntScalar3":{"Value":{"Type":7,"Body":73},"SourceTimestamp":"2024-04-27T17:13:58.8366706Z","ServerTimestamp":"2024-04-27T17:13:58.8366726Z"},"nsu=http://opcfoundation.org/UA/Plc/Applications;s=FastRandomUIntScalar1":{"Value":{"Type":7,"Body":2496976647},"SourceTimestamp":"2024-04-27T17:13:58.8366607Z","ServerTimestamp":"2024-04-27T17:13:58.8366635Z"},"nsu=http://opcfoundation.org/UA/Plc/Applications;s=FastRandomUIntScalar2":{"Value":{"Type":7,"Body":3609290852},"SourceTimestamp":"2024-04-27T17:13:58.8366692Z","ServerTimestamp":"2024-04-27T17:13:58.8366707Z"},"nsu=http://opcfoundation.org/UA/Plc/Applications;s=FastRandomUIntScalar3":{"Value":{"Type":7,"Body":806472859},"SourceTimestamp":"2024-04-27T17:13:58.8366728Z","ServerTimestamp":"2024-04-27T17:13:58.8366739Z"},"nsu=http://opcfoundation.org/UA/Plc/Applications;s=SpikeData":{"Value":{"Type":11,"Body":99.80267284282715},"SourceTimestamp":"2024-04-27T17:13:59.6426133Z","ServerTimestamp":"2024-04-27T17:13:59.6426144Z"}}}