{"SequenceNumber":65,"MetaDataVersion":{"MajorVersion":1},"Timestamp":"2024-04-27T17:14:01.7045133Z","MessageType":"ua-deltaframe","DataSetWriterName":"<<UnknownDataSet>>","Payload":{"nsu=http://opcfoundation.org/UA/Plc/Applications;s=StepUp":{"Value":{"Type":7,"Body":758},"SourceTimestamp":"2024-04-27T17:14:01.6429525Z","ServerTimestamp":"2024-04-27T17:14:01.642956Z"},"nsu=http://opcfoundation.org/UA/Plc/Applications;s=AlternatingBoolean":{"Value":{"Type":1,"Body":false},"SourceTimestamp":"2024-04-27T17:14:00.9472282Z","ServerTimestamp":"2024-04-27T17:14:00.9472323Z"},"nsu=http://opcfoundation.org/UA/Plc/Applications;s=RandomSignedInt32":{"Value":{"Type":6,"Body":7247218},"SourceTimestamp":"2024-04-27T17:14:01.6429756Z","ServerTimestamp":"2024-04-27T17:14:01.6429765Z"},"nsu=http://opcfoundation.org/UA/Plc/Applications;s=RandomUnsignedInt32":{"Value":{"Type":7,"Body":772515067},"SourceTimestamp":"2024-04-27T17:14:01.6429802Z","ServerTimestamp":"2024-04-27T17:14:01.6429836Z"},"nsu=http://opcfoundation.org/UA/Plc/Applications;s=DipData":{"Value":{"Type":11,"Body":-77.0513242775789},"SourceTimestamp":"2024-04-27T17:14:01.6429927Z","ServerTimestamp":"2024-04-27T17:14:01.6429953Z"},"nsu=http://opcfoundation.org/UA/Plc/Applications;s=FastUIntScalar1":{"Value":{"Type":7,"Body":75},"SourceTimestamp":"2024-04-27T17:14:00.8376107Z","ServerTimestamp":"2024-04-27T17:14:00.8376123Z"},"nsu=http://opcfoundation.org/UA/Plc/Applications;s=FastUIntScalar2":{"Value":{"Type":7,"Body":75},"SourceTimestamp":"2024-04-27T17:14:00.8376157Z","ServerTimestamp":"2024-04-27T17:14:00.8376165Z"},"nsu=http://opcfoundation.org/UA/Plc/Applications;s=FastUIntScalar3":{"Value":{"Type":7,"Body":75},"SourceTimestamp":"2024-04-27T17:14:00.8376178Z","ServerTimestamp":"2024-04-27T17:14:00.8376739Z"},"nsu=http://opcfoundation.org/UA/Plc/Applications;s=FastRandomUIntScalar1":{"Value":{"Type":7,"Body":4280423411},"SourceTimestamp":"2024-04-27T17:14:00.8376049Z","ServerTimestamp":"2024-04-27T17:14:00.8376196Z"},"nsu=http://opcfoundation.org/UA/Plc/Applications;s=FastRandomUIntScalar2":{"Value":{"Type":7,"Body":3173587845},"SourceTimestamp":"2024-04-27T17:14:00.8376713Z","ServerTimestamp":"2024-04-27T17:14:00.8377024Z"},"nsu=http://opcfoundation.org/UA/Plc/Applications;s=FastRandomUIntScalar3":{"Value":{"Type":7,"Body":3389482003},"SourceTimestamp":"2024-04-27T17:14:00.8377054Z","ServerTimestamp":"2024-04-27T17:14:00.8377116Z"},"nsu=http://opcfoundation.org/UA/Plc/Applications;s=NegativeTrendData":{"Value":{"Type":11,"Body":99.299999999999997},"SourceTimestamp":"2024-04-27T17:14:00.9472599Z","ServerTimestamp":"2024-04-27T17:14:00.9472676Z"},"nsu=http://opcfoundation.org/UA/Plc/Applications;s=PositiveTrendData":{"Value":{"Type":11,"Body":101.40000000000001},"SourceTimestamp":"2024-04-27T17:14:00.9472689Z","ServerTimestamp":"2024-04-27T17:14:00.947274Z"},"nsu=http://opcfoundation.org/UA/Plc/Applications;s=SpikeData":{"Value":{"Type":11,"Body":-77.0513242775789},"SourceTimestamp":"2024-04-27T17:14:01.6430187Z","ServerTimestamp":"2024-04-27T17:14:01.6430201Z"}}}