{"SequenceNumber":69,"MetaDataVersion":{"MajorVersion":1},"Timestamp":"2024-04-27T17:14:06.7180328Z","MessageType":"ua-deltaframe","DataSetWriterName":"<<UnknownDataSet>>","Payload":{"nsu=http://opcfoundation.org/UA/Plc/Applications;s=StepUp":{"Value":{"Type":7,"Body":808},"SourceTimestamp":"2024-04-27T17:14:06.6414985Z","ServerTimestamp":"2024-04-27T17:14:06.6415017Z"},"nsu=http://opcfoundation.org/UA/Plc/Applications;s=AlternatingBoolean":{"Value":{"Type":1,"Body":true},"SourceTimestamp":"2024-04-27T17:14:05.9469227Z","ServerTimestamp":"2024-04-27T17:14:05.9469246Z"},"nsu=http://opcfoundation.org/UA/Plc/Applications;s=RandomSignedInt32":{"Value":{"Type":6,"Body":809340676},"SourceTimestamp":"2024-04-27T17:14:06.6415127Z","ServerTimestamp":"2024-04-27T17:14:06.6415187Z"},"nsu=http://opcfoundation.org/UA/Plc/Applications;s=RandomUnsignedInt32":{"Value":{"Type":7,"Body":1392845304},"SourceTimestamp":"2024-04-27T17:14:06.6415206Z","ServerTimestamp":"2024-04-27T17:14:06.6415225Z"},"nsu=http://opcfoundation.org/UA/Plc/Applications;s=DipData":{"Value":{"Type":11,"Body":-77.0513242775789},"SourceTimestamp":"2024-04-27T17:14:06.6415307Z","ServerTimestamp":"2024-04-27T17:14:06.6415315Z"},"nsu=http://opcfoundation.org/UA/Plc/Applications;s=FastUIntScalar1":{"Value":{"Type":7,"Body":80},"SourceTimestamp":"2024-04-27T17:14:05.839548Z","ServerTimestamp":"2024-04-27T17:14:05.8395492Z"},"nsu=http://opcfoundation.org/UA/Plc/Applications;s=FastUIntScalar2":{"Value":{"Type":7,"Body":80},"SourceTimestamp":"2024-04-27T17:14:05.8395535Z","ServerTimestamp":"2024-04-27T17:14:05.8395658Z"},"nsu=http://opcfoundation.org/UA/Plc/Applications;s=FastUIntScalar3":{"Value":{"Type":7,"Body":80},"SourceTimestamp":"2024-04-27T17:14:05.8395674Z","ServerTimestamp":"2024-04-27T17:14:05.8395701Z"},"nsu=http://opcfoundation.org/UA/Plc/Applications;s=FastRandomUIntScalar1":{"Value":{"Type":7,"Body":1102915613},"SourceTimestamp":"2024-04-27T17:14:05.8395467Z","ServerTimestamp":"2024-04-27T17:14:05.8395473Z"},"nsu=http://opcfoundation.org/UA/Plc/Applications;s=FastRandomUIntScalar2":{"Value":{"Type":7,"Body":4215261999},"SourceTimestamp":"2024-04-27T17:14:05.8395488Z","ServerTimestamp":"2024-04-27T17:14:05.8395534Z"},"nsu=http://opcfoundation.org/UA/Plc/Applications;s=FastRandomUIntScalar3":{"Value":{"Type":7,"Body":816851920},"SourceTimestamp":"2024-04-27T17:14:05.8395541Z","ServerTimestamp":"2024-04-27T17:14:05.8395547Z"},"nsu=http://opcfoundation.org/UA/Plc/Applications;s=NegativeTrendData":{"Value":{"Type":11,"Body":99.200000000000003},"SourceTimestamp":"2024-04-27T17:14:05.9469729Z","ServerTimestamp":"2024-04-27T17:14:05.9469763Z"},"nsu=http://opcfoundation.org/UA/Plc/Applications;s=PositiveTrendData":{"Value":{"Type":11,"Body":101.5},"SourceTimestamp":"2024-04-27T17:14:05.946969Z","ServerTimestamp":"2024-04-27T17:14:05.9469711Z"},"nsu=http://opcfoundation.org/UA/Plc/Applications;s=SpikeData":{"Value":{"Type":11,"Body":-77.0513242775789},"SourceTimestamp":"2024-04-27T17:14:06.6415351Z","ServerTimestamp":"2024-04-27T17:14:06.641536Z"}}}