{"SequenceNumber":8,"MetaDataVersion":{"MajorVersion":1},"Timestamp":"2024-04-27T17:12:54.6827973Z","MessageType":"ua-deltaframe","DataSetWriterName":"<<UnknownDataSet>>","Payload":{"nsu=http://opcfoundation.org/UA/Plc/Applications;s=StepUp":{"Value":{"Type":7,"Body":88},"SourceTimestamp":"2024-04-27T17:12:54.6514067Z","ServerTimestamp":"2024-04-27T17:12:54.6514096Z"},"nsu=http://opcfoundation.org/UA/Plc/Applications;s=RandomSignedInt32":{"Value":{"Type":6,"Body":-509424304},"SourceTimestamp":"2024-04-27T17:12:54.6514175Z","ServerTimestamp":"2024-04-27T17:12:54.6514208Z"},"nsu=http://opcfoundation.org/UA/Plc/Applications;s=RandomUnsignedInt32":{"Value":{"Type":7,"Body":382828017},"SourceTimestamp":"2024-04-27T17:12:54.6514364Z","ServerTimestamp":"2024-04-27T17:12:54.6514448Z"},"nsu=http://opcfoundation.org/UA/Plc/Applications;s=DipData":{"Value":{"Type":11,"Body":99.80267284282715},"SourceTimestamp":"2024-04-27T17:12:54.6514341Z","ServerTimestamp":"2024-04-27T17:12:54.6514348Z"},"nsu=http://opcfoundation.org/UA/Plc/Applications;s=FastUIntScalar1":{"Value":{"Type":7,"Body":8},"SourceTimestamp":"2024-04-27T17:12:53.8448301Z","ServerTimestamp":"2024-04-27T17:12:53.8448319Z"},"nsu=http://opcfoundation.org/UA/Plc/Applications;s=FastUIntScalar2":{"Value":{"Type":7,"Body":8},"SourceTimestamp":"2024-04-27T17:12:53.8448565Z","ServerTimestamp":"2024-04-27T17:12:53.8448577Z"},"nsu=http://opcfoundation.org/UA/Plc/Applications;s=FastUIntScalar3":{"Value":{"Type":7,"Body":8},"SourceTimestamp":"2024-04-27T17:12:53.8448603Z","ServerTimestamp":"2024-04-27T17:12:53.844861Z"},"nsu=http://opcfoundation.org/UA/Plc/Applications;s=FastRandomUIntScalar1":{"Value":{"Type":7,"Body":1870682399},"SourceTimestamp":"2024-04-27T17:12:53.8448298Z","ServerTimestamp":"2024-04-27T17:12:53.8448644Z"},"nsu=http://opcfoundation.org/UA/Plc/Applications;s=FastRandomUIntScalar2":{"Value":{"Type":7,"Body":2449491280},"SourceTimestamp":"2024-04-27T17:12:53.8448726Z","ServerTimestamp":"2024-04-27T17:12:53.8448742Z"},"nsu=http://opcfoundation.org/UA/Plc/Applications;s=FastRandomUIntScalar3":{"Value":{"Type":7,"Body":946765810},"SourceTimestamp":"2024-04-27T17:12:53.8448753Z","ServerTimestamp":"2024-04-27T17:12:53.844876Z"},"nsu=http://opcfoundation.org/UA/Plc/Applications;s=SpikeData":{"Value":{"Type":11,"Body":99.80267284282715},"SourceTimestamp":"2024-04-27T17:12:54.6514457Z","ServerTimestamp":"2024-04-27T17:12:54.6514533Z"}}}