{"SequenceNumber":73,"MetaDataVersion":{"MajorVersion":1},"Timestamp":"2024-04-27T17:14:11.7306907Z","MessageType":"ua-deltaframe","DataSetWriterName":"<<UnknownDataSet>>","Payload":{"nsu=http://opcfoundation.org/UA/Plc/Applications;s=StepUp":{"Value":{"Type":7,"Body":858},"SourceTimestamp":"2024-04-27T17:14:11.6379076Z","ServerTimestamp":"2024-04-27T17:14:11.6379105Z"},"nsu=http://opcfoundation.org/UA/Plc/Applications;s=AlternatingBoolean":{"Value":{"Type":1,"Body":false},"SourceTimestamp":"2024-04-27T17:14:10.9420201Z","ServerTimestamp":"2024-04-27T17:14:10.9420749Z"},"nsu=http://opcfoundation.org/UA/Plc/Applications;s=RandomSignedInt32":{"Value":{"Type":6,"Body":2032995434},"SourceTimestamp":"2024-04-27T17:14:11.6379126Z","ServerTimestamp":"2024-04-27T17:14:11.6379225Z"},"nsu=http://opcfoundation.org/UA/Plc/Applications;s=RandomUnsignedInt32":{"Value":{"Type":7,"Body":1211469451},"SourceTimestamp":"2024-04-27T17:14:11.637931Z","ServerTimestamp":"2024-04-27T17:14:11.6379317Z"},"nsu=http://opcfoundation.org/UA/Plc/Applications;s=DipData":{"Value":{"Type":11,"Body":-77.0513242775789},"SourceTimestamp":"2024-04-27T17:14:11.6379423Z","ServerTimestamp":"2024-04-27T17:14:11.6379455Z"},"nsu=http://opcfoundation.org/UA/Plc/Applications;s=FastUIntScalar1":{"Value":{"Type":7,"Body":85},"SourceTimestamp":"2024-04-27T17:14:10.8486706Z","ServerTimestamp":"2024-04-27T17:14:10.8486723Z"},"nsu=http://opcfoundation.org/UA/Plc/Applications;s=FastUIntScalar2":{"Value":{"Type":7,"Body":85},"SourceTimestamp":"2024-04-27T17:14:10.848682Z","ServerTimestamp":"2024-04-27T17:14:10.8486883Z"},"nsu=http://opcfoundation.org/UA/Plc/Applications;s=FastUIntScalar3":{"Value":{"Type":7,"Body":85},"SourceTimestamp":"2024-04-27T17:14:10.8486906Z","ServerTimestamp":"2024-04-27T17:14:10.8486922Z"},"nsu=http://opcfoundation.org/UA/Plc/Applications;s=FastRandomUIntScalar1":{"Value":{"Type":7,"Body":2861293199},"SourceTimestamp":"2024-04-27T17:14:10.8486714Z","ServerTimestamp":"2024-04-27T17:14:10.8486824Z"},"nsu=http://opcfoundation.org/UA/Plc/Applications;s=FastRandomUIntScalar2":{"Value":{"Type":7,"Body":710125559},"SourceTimestamp":"2024-04-27T17:14:10.8486879Z","ServerTimestamp":"2024-04-27T17:14:10.8486898Z"},"nsu=http://opcfoundation.org/UA/Plc/Applications;s=FastRandomUIntScalar3":{"Value":{"Type":7,"Body":560735094},"SourceTimestamp":"2024-04-27T17:14:10.8486909Z","ServerTimestamp":"2024-04-27T17:14:10.8486914Z"},"nsu=http://opcfoundation.org/UA/Plc/Applications;s=NegativeTrendData":{"Value":{"Type":11,"Body":99.099999999999994},"SourceTimestamp":"2024-04-27T17:14:10.9420673Z","ServerTimestamp":"2024-04-27T17:14:10.9420695Z"},"nsu=http://opcfoundation.org/UA/Plc/Applications;s=PositiveTrendData":{"Value":{"Type":11,"Body":101.59999999999999},"SourceTimestamp":"2024-04-27T17:14:10.9420764Z","ServerTimestamp":"2024-04-27T17:14:10.9420888Z"},"nsu=http://opcfoundation.org/UA/Plc/Applications;s=SpikeData":{"Value":{"Type":11,"Body":-77.0513242775789},"SourceTimestamp":"2024-04-27T17:14:11.6379461Z","ServerTimestamp":"2024-04-27T17:14:11.6379563Z"}}}