{"SequenceNumber":74,"MetaDataVersion":{"MajorVersion":1},"Timestamp":"2024-04-27T17:14:12.7187489Z","MessageType":"ua-deltaframe","DataSetWriterName":"<<UnknownDataSet>>","Payload":{"nsu=http://opcfoundation.org/UA/Plc/Applications;s=StepUp":{"Value":{"Type":7,"Body":868},"SourceTimestamp":"2024-04-27T17:14:12.6415519Z","ServerTimestamp":"2024-04-27T17:14:12.6415562Z"},"nsu=http://opcfoundation.org/UA/Plc/Applications;s=RandomSignedInt32":{"Value":{"Type":6,"Body":2054063194},"SourceTimestamp":"2024-04-27T17:14:12.6415924Z","ServerTimestamp":"2024-04-27T17:14:12.6415936Z"},"nsu=http://opcfoundation.org/UA/Plc/Applications;s=RandomUnsignedInt32":{"Value":{"Type":7,"Body":988560934},"SourceTimestamp":"2024-04-27T17:14:12.6416131Z","ServerTimestamp":"2024-04-27T17:14:12.6416218Z"},"nsu=http://opcfoundation.org/UA/Plc/Applications;s=DipData":{"Value":{"Type":11,"Body":-84.432792550201526},"SourceTimestamp":"2024-04-27T17:14:12.6416289Z","ServerTimestamp":"2024-04-27T17:14:12.64163Z"},"nsu=http://opcfoundation.org/UA/Plc/Applications;s=FastUIntScalar1":{"Value":{"Type":7,"Body":86},"SourceTimestamp":"2024-04-27T17:14:11.8398475Z","ServerTimestamp":"2024-04-27T17:14:11.8398514Z"},"nsu=http://opcfoundation.org/UA/Plc/Applications;s=FastUIntScalar2":{"Value":{"Type":7,"Body":86},"SourceTimestamp":"2024-04-27T17:14:11.8398658Z","ServerTimestamp":"2024-04-27T17:14:11.8398811Z"},"nsu=http://opcfoundation.org/UA/Plc/Applications;s=FastUIntScalar3":{"Value":{"Type":7,"Body":86},"SourceTimestamp":"2024-04-27T17:14:11.8398852Z","ServerTimestamp":"2024-04-27T17:14:11.8398892Z"},"nsu=http://opcfoundation.org/UA/Plc/Applications;s=FastRandomUIntScalar1":{"Value":{"Type":7,"Body":3525121385},"SourceTimestamp":"2024-04-27T17:14:11.8398477Z","ServerTimestamp":"2024-04-27T17:14:11.8398672Z"},"nsu=http://opcfoundation.org/UA/Plc/Applications;s=FastRandomUIntScalar2":{"Value":{"Type":7,"Body":4154657436},"SourceTimestamp":"2024-04-27T17:14:11.8398805Z","ServerTimestamp":"2024-04-27T17:14:11.8398856Z"},"nsu=http://opcfoundation.org/UA/Plc/Applications;s=FastRandomUIntScalar3":{"Value":{"Type":7,"Body":1793000439},"SourceTimestamp":"2024-04-27T17:14:11.8398885Z","ServerTimestamp":"2024-04-27T17:14:11.8398927Z"},"nsu=http://opcfoundation.org/UA/Plc/Applications;s=SpikeData":{"Value":{"Type":11,"Body":-84.432792550201526},"SourceTimestamp":"2024-04-27T17:14:12.6416335Z","ServerTimestamp":"2024-04-27T17:14:12.6416437Z"}}}