{"SequenceNumber":76,"MetaDataVersion":{"MajorVersion":1},"Timestamp":"2024-04-27T17:14:14.6958235Z","MessageType":"ua-deltaframe","DataSetWriterName":"<<UnknownDataSet>>","Payload":{"nsu=http://opcfoundation.org/UA/Plc/Applications;s=StepUp":{"Value":{"Type":7,"Body":888},"SourceTimestamp":"2024-04-27T17:14:14.6479734Z","ServerTimestamp":"2024-04-27T17:14:14.6479763Z"},"nsu=http://opcfoundation.org/UA/Plc/Applications;s=RandomSignedInt32":{"Value":{"Type":6,"Body":1867080194},"SourceTimestamp":"2024-04-27T17:14:14.6480071Z","ServerTimestamp":"2024-04-27T17:14:14.6480077Z"},"nsu=http://opcfoundation.org/UA/Plc/Applications;s=RandomUnsignedInt32":{"Value":{"Type":7,"Body":268709597},"SourceTimestamp":"2024-04-27T17:14:14.6480169Z","ServerTimestamp":"2024-04-27T17:14:14.6480184Z"},"nsu=http://opcfoundation.org/UA/Plc/Applications;s=DipData":{"Value":{"Type":11,"Body":99.80267284282715},"SourceTimestamp":"2024-04-27T17:14:14.6480507Z","ServerTimestamp":"2024-04-27T17:14:14.6480598Z"},"nsu=http://opcfoundation.org/UA/Plc/Applications;s=FastUIntScalar1":{"Value":{"Type":7,"Body":88},"SourceTimestamp":"2024-04-27T17:14:13.8433458Z","ServerTimestamp":"2024-04-27T17:14:13.8433481Z"},"nsu=http://opcfoundation.org/UA/Plc/Applications;s=FastUIntScalar2":{"Value":{"Type":7,"Body":88},"SourceTimestamp":"2024-04-27T17:14:13.8433579Z","ServerTimestamp":"2024-04-27T17:14:13.8433669Z"},"nsu=http://opcfoundation.org/UA/Plc/Applications;s=FastUIntScalar3":{"Value":{"Type":7,"Body":88},"SourceTimestamp":"2024-04-27T17:14:13.8433691Z","ServerTimestamp":"2024-04-27T17:14:13.8433698Z"},"nsu=http://opcfoundation.org/UA/Plc/Applications;s=FastRandomUIntScalar1":{"Value":{"Type":7,"Body":2186508005},"SourceTimestamp":"2024-04-27T17:14:13.843349Z","ServerTimestamp":"2024-04-27T17:14:13.8433581Z"},"nsu=http://opcfoundation.org/UA/Plc/Applications;s=FastRandomUIntScalar2":{"Value":{"Type":7,"Body":4122432696},"SourceTimestamp":"2024-04-27T17:14:13.8433641Z","ServerTimestamp":"2024-04-27T17:14:13.8433685Z"},"nsu=http://opcfoundation.org/UA/Plc/Applications;s=FastRandomUIntScalar3":{"Value":{"Type":7,"Body":2262179842},"SourceTimestamp":"2024-04-27T17:14:13.8433699Z","ServerTimestamp":"2024-04-27T17:14:13.8433708Z"},"nsu=http://opcfoundation.org/UA/Plc/Applications;s=SpikeData":{"Value":{"Type":11,"Body":99.80267284282715},"SourceTimestamp":"2024-04-27T17:14:14.6480371Z","ServerTimestamp":"2024-04-27T17:14:14.6480378Z"}}}