{"DataSetWriterId":1,"SequenceNumber":9,"MetaDataVersion":{"MajorVersion":1},"Timestamp":"2024-04-27T17:14:16.7736166Z","MessageType":"ua-deltaframe","DataSetWriterName":"<<UnknownDataSet>>","Payload":{"nsu=http://opcfoundation.org/UA/Plc/Applications;s=SlowUIntScalar1":{"Value":{"Type":7,"Body":9},"SourceTimestamp":"2024-04-27T17:14:15.8365462Z","ServerTimestamp":"2024-04-27T17:14:15.8365505Z"},"nsu=http://opcfoundation.org/UA/Plc/Applications;s=SlowUIntScalar2":{"Value":{"Type":7,"Body":9},"SourceTimestamp":"2024-04-27T17:14:15.8365656Z","ServerTimestamp":"2024-04-27T17:14:15.8365819Z"},"nsu=http://opcfoundation.org/UA/Plc/Applications;s=SlowUIntScalar3":{"Value":{"Type":7,"Body":9},"SourceTimestamp":"2024-04-27T17:14:15.836583Z","ServerTimestamp":"2024-04-27T17:14:15.8365839Z"},"nsu=http://opcfoundation.org/UA/Plc/Applications;s=BadSlowUIntScalar1":{"Value":{"Body":null},"StatusCode":2157772800,"SourceTimestamp":"2024-04-27T17:14:15.8365873Z","ServerTimestamp":"2024-04-27T17:14:15.8365873Z"},"nsu=http://opcfoundation.org/UA/Plc/Applications;s=SlowRandomUIntScalar1":{"Value":{"Type":7,"Body":3468002645},"SourceTimestamp":"2024-04-27T17:14:15.8365629Z","ServerTimestamp":"2024-04-27T17:14:15.8365658Z"},"nsu=http://opcfoundation.org/UA/Plc/Applications;s=SlowRandomUIntScalar2":{"Value":{"Type":7,"Body":3769591245},"SourceTimestamp":"2024-04-27T17:14:15.836582Z","ServerTimestamp":"2024-04-27T17:14:15.836583Z"},"nsu=http://opcfoundation.org/UA/Plc/Applications;s=SlowRandomUIntScalar3":{"Value":{"Type":7,"Body":2761445738},"SourceTimestamp":"2024-04-27T17:14:15.8365844Z","ServerTimestamp":"2024-04-27T17:14:15.836585Z"},"nsu=http://opcfoundation.org/UA/Plc/Applications;s=BadSlowRandomUIntScalar1":{"Value":{"Body":null},"StatusCode":2157772800,"SourceTimestamp":"2024-04-27T17:14:15.8365882Z","ServerTimestamp":"2024-04-27T17:14:15.8365882Z"}}}