{"SequenceNumber":82,"MetaDataVersion":{"MajorVersion":1},"Timestamp":"2024-04-27T17:14:23.6821258Z","MessageType":"ua-deltaframe","DataSetWriterName":"<<UnknownDataSet>>","Payload":{"nsu=http://opcfoundation.org/UA/Plc/Applications;s=StepUp":{"Value":{"Type":7,"Body":978},"SourceTimestamp":"2024-04-27T17:14:23.636635Z","ServerTimestamp":"2024-04-27T17:14:23.6366381Z"},"nsu=http://opcfoundation.org/UA/Plc/Applications;s=RandomSignedInt32":{"Value":{"Type":6,"Body":-321649304},"SourceTimestamp":"2024-04-27T17:14:23.6366597Z","ServerTimestamp":"2024-04-27T17:14:23.6366613Z"},"nsu=http://opcfoundation.org/UA/Plc/Applications;s=RandomUnsignedInt32":{"Value":{"Type":7,"Body":566925439},"SourceTimestamp":"2024-04-27T17:14:23.636673Z","ServerTimestamp":"2024-04-27T17:14:23.6366768Z"},"nsu=http://opcfoundation.org/UA/Plc/Applications;s=DipData":{"Value":{"Type":11,"Body":24.868988716485482},"SourceTimestamp":"2024-04-27T17:14:23.6366869Z","ServerTimestamp":"2024-04-27T17:14:23.6366893Z"},"nsu=http://opcfoundation.org/UA/Plc/Applications;s=FastUIntScalar1":{"Value":{"Type":7,"Body":97},"SourceTimestamp":"2024-04-27T17:14:22.8463446Z","ServerTimestamp":"2024-04-27T17:14:22.8463469Z"},"nsu=http://opcfoundation.org/UA/Plc/Applications;s=FastUIntScalar2":{"Value":{"Type":7,"Body":97},"SourceTimestamp":"2024-04-27T17:14:22.8463538Z","ServerTimestamp":"2024-04-27T17:14:22.8463552Z"},"nsu=http://opcfoundation.org/UA/Plc/Applications;s=FastUIntScalar3":{"Value":{"Type":7,"Body":97},"SourceTimestamp":"2024-04-27T17:14:22.8463575Z","ServerTimestamp":"2024-04-27T17:14:22.8463581Z"},"nsu=http://opcfoundation.org/UA/Plc/Applications;s=FastRandomUIntScalar1":{"Value":{"Type":7,"Body":1399590042},"SourceTimestamp":"2024-04-27T17:14:22.8463168Z","ServerTimestamp":"2024-04-27T17:14:22.8463206Z"},"nsu=http://opcfoundation.org/UA/Plc/Applications;s=FastRandomUIntScalar2":{"Value":{"Type":7,"Body":1398854416},"SourceTimestamp":"2024-04-27T17:14:22.8463447Z","ServerTimestamp":"2024-04-27T17:14:22.8463452Z"},"nsu=http://opcfoundation.org/UA/Plc/Applications;s=FastRandomUIntScalar3":{"Value":{"Type":7,"Body":950637948},"SourceTimestamp":"2024-04-27T17:14:22.8463465Z","ServerTimestamp":"2024-04-27T17:14:22.8463536Z"},"nsu=http://opcfoundation.org/UA/Plc/Applications;s=SpikeData":{"Value":{"Type":11,"Body":24.868988716485482},"SourceTimestamp":"2024-04-27T17:14:23.6366868Z","ServerTimestamp":"2024-04-27T17:14:23.6366877Z"}}}