{"DataSetWriterId":1,"SequenceNumber":10,"MetaDataVersion":{"MajorVersion":1},"Timestamp":"2024-04-27T17:14:26.7632268Z","MessageType":"ua-deltaframe","DataSetWriterName":"<<UnknownDataSet>>","Payload":{"nsu=http://opcfoundation.org/UA/Plc/Applications;s=SlowUIntScalar1":{"Value":{"Type":7,"Body":10},"SourceTimestamp":"2024-04-27T17:14:25.847276Z","ServerTimestamp":"2024-04-27T17:14:25.8472824Z"},"nsu=http://opcfoundation.org/UA/Plc/Applications;s=SlowUIntScalar2":{"Value":{"Type":7,"Body":10},"SourceTimestamp":"2024-04-27T17:14:25.8472911Z","ServerTimestamp":"2024-04-27T17:14:25.8472977Z"},"nsu=http://opcfoundation.org/UA/Plc/Applications;s=SlowUIntScalar3":{"Value":{"Type":7,"Body":10},"SourceTimestamp":"2024-04-27T17:14:25.8472986Z","ServerTimestamp":"2024-04-27T17:14:25.8473Z"},"nsu=http://opcfoundation.org/UA/Plc/Applications;s=BadSlowUIntScalar1":{"Value":{"Body":null},"StatusCode":2150694912,"SourceTimestamp":"2024-04-27T17:14:25.8473026Z","ServerTimestamp":"2024-04-27T17:14:25.8473026Z"},"nsu=http://opcfoundation.org/UA/Plc/Applications;s=SlowRandomUIntScalar1":{"Value":{"Type":7,"Body":1157855312},"SourceTimestamp":"2024-04-27T17:14:25.8472884Z","ServerTimestamp":"2024-04-27T17:14:25.8472916Z"},"nsu=http://opcfoundation.org/UA/Plc/Applications;s=SlowRandomUIntScalar2":{"Value":{"Type":7,"Body":2621345540},"SourceTimestamp":"2024-04-27T17:14:25.8472975Z","ServerTimestamp":"2024-04-27T17:14:25.8472987Z"},"nsu=http://opcfoundation.org/UA/Plc/Applications;s=SlowRandomUIntScalar3":{"Value":{"Type":7,"Body":228616014},"SourceTimestamp":"2024-04-27T17:14:25.8473Z","ServerTimestamp":"2024-04-27T17:14:25.8473006Z"},"nsu=http://opcfoundation.org/UA/Plc/Applications;s=BadSlowRandomUIntScalar1":{"Value":{"Body":null},"StatusCode":2150694912,"SourceTimestamp":"2024-04-27T17:14:25.8473036Z","ServerTimestamp":"2024-04-27T17:14:25.8473037Z"}}}