{"SequenceNumber":105,"MetaDataVersion":{"MajorVersion":1},"Timestamp":"2024-04-27T16:19:34.7607395Z","MessageType":"ua-event","DataSetWriterName":"<<UnknownDataSet>>","Payload":{"EventId":{"Value":"ihcqfL5spUOaneooFp5Eww=="},"EventType":{"Value":{"IdType":1,"Id":"ReferenceChange"}},"SourceNode":{"Value":{"Id":2253}},"Time":{"Value":"2024-04-27T16:19:34.760737Z"},"Change":{"Value":{"ReferenceTypeId":{"Id":48},"IsForward":true,"NodeId":{"Id":1240,"Namespace":"http://opcfoundation.org/UA/Boiler/"},"BrowseName":{"Name":"Boilers","Uri":"http://opcfoundation.org/UA/Boiler/"},"DisplayName":"Boilers","NodeClass":"Object_1","TypeDefinition":{"Id":61}}}}}