{"SequenceNumber":11,"MetaDataVersion":{"MajorVersion":1},"Timestamp":"2024-04-27T16:19:34.6085654Z","MessageType":"ua-event","DataSetWriterName":"<<UnknownDataSet>>","Payload":{"EventId":{"Value":"w2LVQmkjZ0ehiSzvvNuzPw=="},"EventType":{"Value":{"IdType":1,"Id":"ReferenceChange"}},"SourceNode":{"Value":{"Id":85}},"Time":{"Value":"2024-04-27T16:19:34.6085644Z"},"Change":{"Value":{"ReferenceTypeId":{"Id":35},"IsForward":true,"NodeId":{"Id":31915},"BrowseName":{"Name":"Locations"},"DisplayName":"Locations","NodeClass":"Object_1","TypeDefinition":{"Id":61}}}}}