{"SequenceNumber":115,"MetaDataVersion":{"MajorVersion":1},"Timestamp":"2024-04-27T16:19:34.7690763Z","MessageType":"ua-event","DataSetWriterName":"<<UnknownDataSet>>","Payload":{"EventId":{"Value":"gEIK1rnun0+syJed5JLqwA=="},"EventType":{"Value":{"IdType":1,"Id":"NodeChange"}},"SourceNode":{"Value":{"Id":23479}},"Time":{"Value":"2024-04-27T16:19:34.7690748Z"},"Change":{"Value":{"NodeId":{"Id":23479},"NodeClass":"Object_1","BrowseName":{"Name":"TagVariables"},"DisplayName":"TagVariables","RolePermissions":[],"UserRolePermissions":[],"References":[]}}}}