{"SequenceNumber":118,"MetaDataVersion":{"MajorVersion":1},"Timestamp":"2024-04-27T16:19:34.7707458Z","MessageType":"ua-event","DataSetWriterName":"<<UnknownDataSet>>","Payload":{"EventId":{"Value":"OJq67heb8UGPB3uhT5GAUw=="},"EventType":{"Value":{"IdType":1,"Id":"ReferenceChange"}},"SourceNode":{"Value":{"Id":10157,"Namespace":"http://test.org/UA/Data/"}},"Time":{"Value":"2024-04-27T16:19:34.7707449Z"},"Change":{"Value":{"ReferenceTypeId":{"Id":47},"IsForward":true,"NodeId":{"Id":10158,"Namespace":"http://test.org/UA/Data/"},"BrowseName":{"Name":"Static","Uri":"http://test.org/UA/Data/"},"DisplayName":"Static","NodeClass":"Object_1","TypeDefinition":{"Id":61}}}}}