{"SequenceNumber":133,"MetaDataVersion":{"MajorVersion":1},"Timestamp":"2024-04-27T16:19:34.7823785Z","MessageType":"ua-event","DataSetWriterName":"<<UnknownDataSet>>","Payload":{"EventId":{"Value":"M3wKkHe0Ek65nUTYRGt8Lw=="},"EventType":{"Value":{"IdType":1,"Id":"NodeChange"}},"SourceNode":{"Value":{"IdType":1,"Id":"Area51","Namespace":"http://opcfoundation.org/HistoricalEvents"}},"Time":{"Value":"2024-04-27T16:19:34.7823771Z"},"Change":{"Value":{"NodeId":{"IdType":1,"Id":"Area51","Namespace":"http://opcfoundation.org/HistoricalEvents"},"NodeClass":"Object_1","BrowseName":{"Name":"Area51","Uri":"http://opcfoundation.org/HistoricalEvents"},"DisplayName":"Area51","RolePermissions":[],"UserRolePermissions":[],"References":[],"EventNotifier":13}}}}