{"SequenceNumber":135,"MetaDataVersion":{"MajorVersion":1},"Timestamp":"2024-04-27T16:19:34.7837948Z","MessageType":"ua-event","DataSetWriterName":"<<UnknownDataSet>>","Payload":{"EventId":{"Value":"jK5kZu4WMkqPCe8kgk+Seg=="},"EventType":{"Value":{"IdType":1,"Id":"NodeChange"}},"SourceNode":{"Value":{"IdType":1,"Id":"Area99","Namespace":"http://opcfoundation.org/HistoricalEvents"}},"Time":{"Value":"2024-04-27T16:19:34.7837933Z"},"Change":{"Value":{"NodeId":{"IdType":1,"Id":"Area99","Namespace":"http://opcfoundation.org/HistoricalEvents"},"NodeClass":"Object_1","BrowseName":{"Name":"Area99","Uri":"http://opcfoundation.org/HistoricalEvents"},"DisplayName":"Area99","RolePermissions":[],"UserRolePermissions":[],"References":[],"EventNotifier":13}}}}