{"SequenceNumber":139,"MetaDataVersion":{"MajorVersion":1},"Timestamp":"2024-04-27T16:19:34.7867726Z","MessageType":"ua-event","DataSetWriterName":"<<UnknownDataSet>>","Payload":{"EventId":{"Value":"mvYi8kCov0ag0kW14sJKqw=="},"EventType":{"Value":{"IdType":1,"Id":"NodeChange"}},"SourceNode":{"Value":{"IdType":1,"Id":"0:Boiler #2","Namespace":"http://opcfoundation.org/UA/Views"}},"Time":{"Value":"2024-04-27T16:19:34.7867706Z"},"Change":{"Value":{"NodeId":{"IdType":1,"Id":"0:Boiler #2","Namespace":"http://opcfoundation.org/UA/Views"},"NodeClass":"Object_1","BrowseName":{"Name":"Boiler #2","Uri":"http://opcfoundation.org/UA/Views"},"DisplayName":"Boiler #2","RolePermissions":[],"UserRolePermissions":[],"References":[]}}}}