{"SequenceNumber":14,"MetaDataVersion":{"MajorVersion":1},"Timestamp":"2024-04-27T16:19:34.6134992Z","MessageType":"ua-event","DataSetWriterName":"<<UnknownDataSet>>","Payload":{"EventId":{"Value":"rkeKjIQqv02i9w3vqfeiSQ=="},"EventType":{"Value":{"IdType":1,"Id":"NodeChange"}},"SourceNode":{"Value":{"Id":10157,"Namespace":"http://test.org/UA/Data/"}},"Time":{"Value":"2024-04-27T16:19:34.6134967Z"},"Change":{"Value":{"NodeId":{"Id":10157,"Namespace":"http://test.org/UA/Data/"},"NodeClass":"Object_1","BrowseName":{"Name":"Data","Uri":"http://test.org/UA/Data/"},"DisplayName":"Data","RolePermissions":[],"UserRolePermissions":[],"References":[],"EventNotifier":1}}}}