{"SequenceNumber":140,"MetaDataVersion":{"MajorVersion":1},"Timestamp":"2024-04-27T16:19:34.7869471Z","MessageType":"ua-event","DataSetWriterName":"<<UnknownDataSet>>","Payload":{"EventId":{"Value":"3c43hhJ6dU2lywXrWZkEZg=="},"EventType":{"Value":{"IdType":1,"Id":"ReferenceChange"}},"SourceNode":{"Value":{"Id":15070,"Namespace":"http://opcfoundation.org/UA/Plc"}},"Time":{"Value":"2024-04-27T16:19:34.7869461Z"},"Change":{"Value":{"ReferenceTypeId":{"Id":47},"IsForward":true,"NodeId":{"Id":15013,"Namespace":"http://opcfoundation.org/UA/Plc"},"BrowseName":{"Name":"PlcStatus","Uri":"http://opcfoundation.org/UA/Plc"},"DisplayName":"PlcStatus","NodeClass":"Variable_2","TypeDefinition":{"Id":63}}}}}