{"SequenceNumber":143,"MetaDataVersion":{"MajorVersion":1},"Timestamp":"2024-04-27T16:19:34.7898775Z","MessageType":"ua-event","DataSetWriterName":"<<UnknownDataSet>>","Payload":{"EventId":{"Value":"g0dUV8aQ6Uex3sm99w0cFQ=="},"EventType":{"Value":{"IdType":1,"Id":"NodeChange"}},"SourceNode":{"Value":{"IdType":1,"Id":"UInt32","Namespace":"http://samples.org/UA/memorybuffer/Instance"}},"Time":{"Value":"2024-04-27T16:19:34.7898756Z"},"Change":{"Value":{"NodeId":{"IdType":1,"Id":"UInt32","Namespace":"http://samples.org/UA/memorybuffer/Instance"},"NodeClass":"Object_1","BrowseName":{"Name":"UInt32","Uri":"http://samples.org/UA/memorybuffer/Instance"},"DisplayName":"UInt32","RolePermissions":[],"UserRolePermissions":[],"References":[]}}}}