{"SequenceNumber":144,"MetaDataVersion":{"MajorVersion":1},"Timestamp":"2024-04-27T16:19:34.7900468Z","MessageType":"ua-event","DataSetWriterName":"<<UnknownDataSet>>","Payload":{"EventId":{"Value":"HPcjznGTE0yvLg8dMqb2xw=="},"EventType":{"Value":{"IdType":1,"Id":"ReferenceChange"}},"SourceNode":{"Value":{"Id":1025,"Namespace":"http://samples.org/UA/memorybuffer"}},"Time":{"Value":"2024-04-27T16:19:34.7900458Z"},"Change":{"Value":{"ReferenceTypeId":{"Id":47},"IsForward":true,"NodeId":{"IdType":1,"Id":"Double","Namespace":"http://samples.org/UA/memorybuffer/Instance"},"BrowseName":{"Name":"Double","Uri":"http://samples.org/UA/memorybuffer/Instance"},"DisplayName":"Double","NodeClass":"Object_1","TypeDefinition":{"Id":1000,"Namespace":"http://samples.org/UA/memorybuffer"}}}}}