{"SequenceNumber":152,"MetaDataVersion":{"MajorVersion":1},"Timestamp":"2024-04-27T16:19:34.7979738Z","MessageType":"ua-event","DataSetWriterName":"<<UnknownDataSet>>","Payload":{"EventId":{"Value":"OYAX5EJwQk25HMs9iws0ug=="},"EventType":{"Value":{"IdType":1,"Id":"NodeChange"}},"SourceNode":{"Value":{"IdType":1,"Id":"Scalar","Namespace":"http://opcfoundation.org/ReferenceApplications"}},"Time":{"Value":"2024-04-27T16:19:34.7979717Z"},"Change":{"Value":{"NodeId":{"IdType":1,"Id":"Scalar","Namespace":"http://opcfoundation.org/ReferenceApplications"},"NodeClass":"Object_1","BrowseName":{"Name":"Scalar","Uri":"http://opcfoundation.org/ReferenceApplications"},"DisplayName":"Scalar","RolePermissions":[],"UserRolePermissions":[],"References":[]}}}}