{"SequenceNumber":157,"MetaDataVersion":{"MajorVersion":1},"Timestamp":"2024-04-27T16:19:34.8012361Z","MessageType":"ua-event","DataSetWriterName":"<<UnknownDataSet>>","Payload":{"EventId":{"Value":"+AlXJt7MqEmgPc4rAexRuw=="},"EventType":{"Value":{"IdType":1,"Id":"ReferenceChange"}},"SourceNode":{"Value":{"IdType":1,"Id":"CTT","Namespace":"http://opcfoundation.org/ReferenceApplications"}},"Time":{"Value":"2024-04-27T16:19:34.8012352Z"},"Change":{"Value":{"ReferenceTypeId":{"Id":35},"IsForward":true,"NodeId":{"IdType":1,"Id":"AccessRights","Namespace":"http://opcfoundation.org/ReferenceApplications"},"BrowseName":{"Name":"AccessRights","Uri":"http://opcfoundation.org/ReferenceApplications"},"DisplayName":"AccessRights","NodeClass":"Object_1","TypeDefinition":{"Id":61}}}}}