{"SequenceNumber":161,"MetaDataVersion":{"MajorVersion":1},"Timestamp":"2024-04-27T16:19:34.8044041Z","MessageType":"ua-event","DataSetWriterName":"<<UnknownDataSet>>","Payload":{"EventId":{"Value":"mcjz0D6IC0WE1NtYM/5LGA=="},"EventType":{"Value":{"IdType":1,"Id":"ReferenceChange"}},"SourceNode":{"Value":{"IdType":1,"Id":"CTT","Namespace":"http://opcfoundation.org/ReferenceApplications"}},"Time":{"Value":"2024-04-27T16:19:34.8044033Z"},"Change":{"Value":{"ReferenceTypeId":{"Id":35},"IsForward":true,"NodeId":{"IdType":1,"Id":"Methods","Namespace":"http://opcfoundation.org/ReferenceApplications"},"BrowseName":{"Name":"Methods","Uri":"http://opcfoundation.org/ReferenceApplications"},"DisplayName":"Methods","NodeClass":"Object_1","TypeDefinition":{"Id":61}}}}}