{"SequenceNumber":162,"MetaDataVersion":{"MajorVersion":1},"Timestamp":"2024-04-27T16:19:34.8057957Z","MessageType":"ua-event","DataSetWriterName":"<<UnknownDataSet>>","Payload":{"EventId":{"Value":"8P7eyM5u6UCWaH/3uLW+sw=="},"EventType":{"Value":{"IdType":1,"Id":"NodeChange"}},"SourceNode":{"Value":{"IdType":1,"Id":"Methods","Namespace":"http://opcfoundation.org/ReferenceApplications"}},"Time":{"Value":"2024-04-27T16:19:34.805794Z"},"Change":{"Value":{"NodeId":{"IdType":1,"Id":"Methods","Namespace":"http://opcfoundation.org/ReferenceApplications"},"NodeClass":"Object_1","BrowseName":{"Name":"Methods","Uri":"http://opcfoundation.org/ReferenceApplications"},"DisplayName":"Methods","RolePermissions":[],"UserRolePermissions":[],"References":[]}}}}