{"SequenceNumber":166,"MetaDataVersion":{"MajorVersion":1},"Timestamp":"2024-04-27T16:19:34.8088654Z","MessageType":"ua-event","DataSetWriterName":"<<UnknownDataSet>>","Payload":{"EventId":{"Value":"H0oFW1qTjkiJPZqxeXyRcA=="},"EventType":{"Value":{"IdType":1,"Id":"NodeChange"}},"SourceNode":{"Value":{"IdType":1,"Id":"Locales","Namespace":"http://opcfoundation.org/ReferenceApplications"}},"Time":{"Value":"2024-04-27T16:19:34.8088622Z"},"Change":{"Value":{"NodeId":{"IdType":1,"Id":"Locales","Namespace":"http://opcfoundation.org/ReferenceApplications"},"NodeClass":"Object_1","BrowseName":{"Name":"Locales","Uri":"http://opcfoundation.org/ReferenceApplications"},"DisplayName":"Locales","RolePermissions":[],"UserRolePermissions":[],"References":[]}}}}