{"SequenceNumber":167,"MetaDataVersion":{"MajorVersion":1},"Timestamp":"2024-04-27T16:19:34.8090246Z","MessageType":"ua-event","DataSetWriterName":"<<UnknownDataSet>>","Payload":{"EventId":{"Value":"b6ZSZ49ltkuVzEvGBGwmEw=="},"EventType":{"Value":{"IdType":1,"Id":"ReferenceChange"}},"SourceNode":{"Value":{"IdType":1,"Id":"CTT","Namespace":"http://opcfoundation.org/ReferenceApplications"}},"Time":{"Value":"2024-04-27T16:19:34.8090238Z"},"Change":{"Value":{"ReferenceTypeId":{"Id":35},"IsForward":true,"NodeId":{"IdType":1,"Id":"Attributes","Namespace":"http://opcfoundation.org/ReferenceApplications"},"BrowseName":{"Name":"Attributes","Uri":"http://opcfoundation.org/ReferenceApplications"},"DisplayName":"Attributes","NodeClass":"Object_1","TypeDefinition":{"Id":61}}}}}