{"SequenceNumber":177,"MetaDataVersion":{"MajorVersion":1},"Timestamp":"2024-04-27T16:19:34.8164967Z","MessageType":"ua-event","DataSetWriterName":"<<UnknownDataSet>>","Payload":{"EventId":{"Value":"mzrViW3KfEmnW17SY+A6xQ=="},"EventType":{"Value":{"IdType":1,"Id":"ReferenceChange"}},"SourceNode":{"Value":{"IdType":1,"Id":"0:Factory","Namespace":"DataAccess"}},"Time":{"Value":"2024-04-27T16:19:34.8164958Z"},"Change":{"Value":{"ReferenceTypeId":{"Id":35},"IsForward":true,"NodeId":{"IdType":1,"Id":"0:Factory/East","Namespace":"DataAccess"},"BrowseName":{"Name":"East","Uri":"DataAccess"},"DisplayName":"East","NodeClass":"Object_1","TypeDefinition":{"Id":61}}}}}