{"SequenceNumber":178,"MetaDataVersion":{"MajorVersion":1},"Timestamp":"2024-04-27T16:19:34.8179651Z","MessageType":"ua-event","DataSetWriterName":"<<UnknownDataSet>>","Payload":{"EventId":{"Value":"qMPxKf8KcEK0gLI57DE52g=="},"EventType":{"Value":{"IdType":1,"Id":"NodeChange"}},"SourceNode":{"Value":{"IdType":1,"Id":"0:Factory/East","Namespace":"DataAccess"}},"Time":{"Value":"2024-04-27T16:19:34.8179613Z"},"Change":{"Value":{"NodeId":{"IdType":1,"Id":"0:Factory/East","Namespace":"DataAccess"},"NodeClass":"Object_1","BrowseName":{"Name":"East","Uri":"DataAccess"},"DisplayName":"East","RolePermissions":[],"UserRolePermissions":[],"References":[]}}}}