{"SequenceNumber":179,"MetaDataVersion":{"MajorVersion":1},"Timestamp":"2024-04-27T16:19:34.8181439Z","MessageType":"ua-event","DataSetWriterName":"<<UnknownDataSet>>","Payload":{"EventId":{"Value":"B8AZgSmsxEWyFotwMDzqjA=="},"EventType":{"Value":{"IdType":1,"Id":"ReferenceChange"}},"SourceNode":{"Value":{"IdType":1,"Id":"0:Factory","Namespace":"DataAccess"}},"Time":{"Value":"2024-04-27T16:19:34.818143Z"},"Change":{"Value":{"ReferenceTypeId":{"Id":35},"IsForward":true,"NodeId":{"IdType":1,"Id":"0:Factory/West","Namespace":"DataAccess"},"BrowseName":{"Name":"West","Uri":"DataAccess"},"DisplayName":"West","NodeClass":"Object_1","TypeDefinition":{"Id":61}}}}}