{"SequenceNumber":184,"MetaDataVersion":{"MajorVersion":1},"Timestamp":"2024-04-27T16:19:34.8227027Z","MessageType":"ua-event","DataSetWriterName":"<<UnknownDataSet>>","Payload":{"EventId":{"Value":"6vZS4Nm3l0iWEhyy0xeyxA=="},"EventType":{"Value":{"IdType":1,"Id":"NodeChange"}},"SourceNode":{"Value":{"IdType":1,"Id":"Telemetry","Namespace":"http://opcfoundation.org/UA/Plc/Applications"}},"Time":{"Value":"2024-04-27T16:19:34.822701Z"},"Change":{"Value":{"NodeId":{"IdType":1,"Id":"Telemetry","Namespace":"http://opcfoundation.org/UA/Plc/Applications"},"NodeClass":"Object_1","BrowseName":{"Name":"Telemetry","Uri":"http://opcfoundation.org/UA/Plc/Applications"},"DisplayName":"Telemetry","RolePermissions":[],"UserRolePermissions":[],"References":[]}}}}