{"SequenceNumber":185,"MetaDataVersion":{"MajorVersion":1},"Timestamp":"2024-04-27T16:19:34.8228718Z","MessageType":"ua-event","DataSetWriterName":"<<UnknownDataSet>>","Payload":{"EventId":{"Value":"D3F2ID3ulUGAXGiNPWCFrw=="},"EventType":{"Value":{"IdType":1,"Id":"ReferenceChange"}},"SourceNode":{"Value":{"IdType":1,"Id":"OpcPlc","Namespace":"http://opcfoundation.org/UA/Plc/Applications"}},"Time":{"Value":"2024-04-27T16:19:34.8228709Z"},"Change":{"Value":{"ReferenceTypeId":{"Id":35},"IsForward":true,"NodeId":{"IdType":1,"Id":"Methods","Namespace":"http://opcfoundation.org/UA/Plc/Applications"},"BrowseName":{"Name":"Methods","Uri":"http://opcfoundation.org/UA/Plc/Applications"},"DisplayName":"Methods","NodeClass":"Object_1","TypeDefinition":{"Id":61}}}}}