{"SequenceNumber":188,"MetaDataVersion":{"MajorVersion":1},"Timestamp":"2024-04-27T16:19:34.8258907Z","MessageType":"ua-event","DataSetWriterName":"<<UnknownDataSet>>","Payload":{"EventId":{"Value":"Jnjz//l4wkCZ83ekLbBJTA=="},"EventType":{"Value":{"IdType":1,"Id":"NodeChange"}},"SourceNode":{"Value":{"IdType":1,"Id":"SimulatorConfiguration","Namespace":"http://opcfoundation.org/UA/Plc/Applications"}},"Time":{"Value":"2024-04-27T16:19:34.825889Z"},"Change":{"Value":{"NodeId":{"IdType":1,"Id":"SimulatorConfiguration","Namespace":"http://opcfoundation.org/UA/Plc/Applications"},"NodeClass":"Object_1","BrowseName":{"Name":"SimulatorConfiguration","Uri":"http://opcfoundation.org/UA/Plc/Applications"},"DisplayName":"SimulatorConfiguration","RolePermissions":[],"UserRolePermissions":[],"References":[]}}}}