{"SequenceNumber":19,"MetaDataVersion":{"MajorVersion":1},"Timestamp":"2024-04-27T16:19:34.6175461Z","MessageType":"ua-event","DataSetWriterName":"<<UnknownDataSet>>","Payload":{"EventId":{"Value":"wx1LZQVY4E+7b/HVM04y+w=="},"EventType":{"Value":{"IdType":1,"Id":"ReferenceChange"}},"SourceNode":{"Value":{"Id":85}},"Time":{"Value":"2024-04-27T16:19:34.6175452Z"},"Change":{"Value":{"ReferenceTypeId":{"Id":35},"IsForward":true,"NodeId":{"Id":442,"Namespace":"http://opcfoundation.org/UA/Views"},"BrowseName":{"Name":"Plant","Uri":"http://opcfoundation.org/UA/Views"},"DisplayName":"Plant","NodeClass":"Object_1","TypeDefinition":{"Id":61}}}}}