{"SequenceNumber":191,"MetaDataVersion":{"MajorVersion":1},"Timestamp":"2024-04-27T16:19:34.8274782Z","MessageType":"ua-event","DataSetWriterName":"<<UnknownDataSet>>","Payload":{"EventId":{"Value":"Ut6RAf+o6Eas6jpa8eJ8xA=="},"EventType":{"Value":{"IdType":1,"Id":"ReferenceChange"}},"SourceNode":{"Value":{"Id":89}},"Time":{"Value":"2024-04-27T16:19:34.8274773Z"},"Change":{"Value":{"ReferenceTypeId":{"Id":35},"IsForward":true,"NodeId":{"Id":62},"BrowseName":{"Name":"BaseVariableType"},"DisplayName":"BaseVariableType","NodeClass":"VariableType_16"}}}}