{"SequenceNumber":199,"MetaDataVersion":{"MajorVersion":1},"Timestamp":"2024-04-27T16:19:34.833205Z","MessageType":"ua-event","DataSetWriterName":"<<UnknownDataSet>>","Payload":{"EventId":{"Value":"GTgh1xo0BESQVvVXgFQHRA=="},"EventType":{"Value":{"IdType":1,"Id":"ReferenceChange"}},"SourceNode":{"Value":{"Id":91}},"Time":{"Value":"2024-04-27T16:19:34.8332042Z"},"Change":{"Value":{"ReferenceTypeId":{"Id":35},"IsForward":true,"NodeId":{"Id":31},"BrowseName":{"Name":"References"},"DisplayName":"References","NodeClass":"ReferenceType_32"}}}}