{"SequenceNumber":202,"MetaDataVersion":{"MajorVersion":1},"Timestamp":"2024-04-27T16:19:34.8359715Z","MessageType":"ua-event","DataSetWriterName":"<<UnknownDataSet>>","Payload":{"EventId":{"Value":"CyRHINxJmU+SpHd3Sh7Mqw=="},"EventType":{"Value":{"IdType":1,"Id":"NodeChange"}},"SourceNode":{"Value":{"Id":2041}},"Time":{"Value":"2024-04-27T16:19:34.8359698Z"},"Change":{"Value":{"NodeId":{"Id":2041},"NodeClass":"ObjectType_8","BrowseName":{"Name":"BaseEventType"},"DisplayName":"BaseEventType","RolePermissions":[],"UserRolePermissions":[],"References":[],"IsAbstract":true}}}}