{"SequenceNumber":208,"MetaDataVersion":{"MajorVersion":1},"Timestamp":"2024-04-27T16:19:34.8406409Z","MessageType":"ua-event","DataSetWriterName":"<<UnknownDataSet>>","Payload":{"EventId":{"Value":"C7OBXSfHKU+R7O6tYKnPhw=="},"EventType":{"Value":{"IdType":1,"Id":"NodeChange"}},"SourceNode":{"Value":{"IdType":1,"Id":"Scalar_Static_Mass","Namespace":"http://opcfoundation.org/ReferenceApplications"}},"Time":{"Value":"2024-04-27T16:19:34.8406393Z"},"Change":{"Value":{"NodeId":{"IdType":1,"Id":"Scalar_Static_Mass","Namespace":"http://opcfoundation.org/ReferenceApplications"},"NodeClass":"Object_1","BrowseName":{"Name":"Scalar_Static_Mass","Uri":"http://opcfoundation.org/ReferenceApplications"},"DisplayName":"Mass","RolePermissions":[],"UserRolePermissions":[],"References":[]}}}}