{"SequenceNumber":210,"MetaDataVersion":{"MajorVersion":1},"Timestamp":"2024-04-27T16:19:34.9009679Z","MessageType":"ua-event","DataSetWriterName":"<<UnknownDataSet>>","Payload":{"EventId":{"Value":"3mUkAcDfVEyKnIJLEMF2UQ=="},"EventType":{"Value":{"IdType":1,"Id":"NodeChange"}},"SourceNode":{"Value":{"Id":2257}},"Time":{"Value":"2024-04-27T16:19:34.9009649Z"},"Change":{"Value":{"NodeId":{"Id":2257},"NodeClass":"Variable_2","BrowseName":{"Name":"StartTime"},"DisplayName":"StartTime","RolePermissions":[],"UserRolePermissions":[],"References":[],"Value":null,"DataType":{"Id":294},"ValueRank":-1,"ArrayDimensions":[],"AccessLevel":1,"UserAccessLevel":1,"AccessLevelEx":1}}}}