{"SequenceNumber":211,"MetaDataVersion":{"MajorVersion":1},"Timestamp":"2024-04-27T16:19:34.9011944Z","MessageType":"ua-event","DataSetWriterName":"<<UnknownDataSet>>","Payload":{"EventId":{"Value":"9GQ8rwGCnUKvomPP/FgAnA=="},"EventType":{"Value":{"IdType":1,"Id":"ReferenceChange"}},"SourceNode":{"Value":{"Id":2256}},"Time":{"Value":"2024-04-27T16:19:34.9011927Z"},"Change":{"Value":{"ReferenceTypeId":{"Id":47},"IsForward":true,"NodeId":{"Id":2258},"BrowseName":{"Name":"CurrentTime"},"DisplayName":"CurrentTime","NodeClass":"Variable_2","TypeDefinition":{"Id":63}}}}}