{"SequenceNumber":214,"MetaDataVersion":{"MajorVersion":1},"Timestamp":"2024-04-27T16:19:34.9039382Z","MessageType":"ua-event","DataSetWriterName":"<<UnknownDataSet>>","Payload":{"EventId":{"Value":"AXzGFunXdEqyFMtZjLqOHw=="},"EventType":{"Value":{"IdType":1,"Id":"NodeChange"}},"SourceNode":{"Value":{"Id":2259}},"Time":{"Value":"2024-04-27T16:19:34.9039359Z"},"Change":{"Value":{"NodeId":{"Id":2259},"NodeClass":"Variable_2","BrowseName":{"Name":"State"},"DisplayName":"State","RolePermissions":[],"UserRolePermissions":[],"References":[],"Value":null,"DataType":{"Id":852},"ValueRank":-1,"ArrayDimensions":[],"AccessLevel":1,"UserAccessLevel":1,"AccessLevelEx":1}}}}