{"SequenceNumber":217,"MetaDataVersion":{"MajorVersion":1},"Timestamp":"2024-04-27T16:19:34.9055521Z","MessageType":"ua-event","DataSetWriterName":"<<UnknownDataSet>>","Payload":{"EventId":{"Value":"xERNkZfJ9Uuvq880aQ7VKg=="},"EventType":{"Value":{"IdType":1,"Id":"ReferenceChange"}},"SourceNode":{"Value":{"Id":2256}},"Time":{"Value":"2024-04-27T16:19:34.9055512Z"},"Change":{"Value":{"ReferenceTypeId":{"Id":47},"IsForward":true,"NodeId":{"Id":2992},"BrowseName":{"Name":"SecondsTillShutdown"},"DisplayName":"SecondsTillShutdown","NodeClass":"Variable_2","TypeDefinition":{"Id":63}}}}}