{"SequenceNumber":219,"MetaDataVersion":{"MajorVersion":1},"Timestamp":"2024-04-27T16:19:34.907074Z","MessageType":"ua-event","DataSetWriterName":"<<UnknownDataSet>>","Payload":{"EventId":{"Value":"ZBu0ce0qoEihNETTM4mn+Q=="},"EventType":{"Value":{"IdType":1,"Id":"ReferenceChange"}},"SourceNode":{"Value":{"Id":2256}},"Time":{"Value":"2024-04-27T16:19:34.9070731Z"},"Change":{"Value":{"ReferenceTypeId":{"Id":47},"IsForward":true,"NodeId":{"Id":2993},"BrowseName":{"Name":"ShutdownReason"},"DisplayName":"ShutdownReason","NodeClass":"Variable_2","TypeDefinition":{"Id":63}}}}}