{"SequenceNumber":22,"MetaDataVersion":{"MajorVersion":1},"Timestamp":"2024-04-27T16:19:34.6272331Z","MessageType":"ua-event","DataSetWriterName":"<<UnknownDataSet>>","Payload":{"EventId":{"Value":"TS9XuskKYUKnO21GpGMWoQ=="},"EventType":{"Value":{"IdType":1,"Id":"NodeChange"}},"SourceNode":{"Value":{"Id":15070,"Namespace":"http://opcfoundation.org/UA/Plc"}},"Time":{"Value":"2024-04-27T16:19:34.6272313Z"},"Change":{"Value":{"NodeId":{"Id":15070,"Namespace":"http://opcfoundation.org/UA/Plc"},"NodeClass":"Object_1","BrowseName":{"Name":"Plc #1","Uri":"http://opcfoundation.org/UA/Plc"},"DisplayName":"Plc #1","Description":"A simple plc.","RolePermissions":[],"UserRolePermissions":[],"References":[],"EventNotifier":1}}}}