{"SequenceNumber":221,"MetaDataVersion":{"MajorVersion":1},"Timestamp":"2024-04-27T16:19:34.9084753Z","MessageType":"ua-event","DataSetWriterName":"<<UnknownDataSet>>","Payload":{"EventId":{"Value":"G8uvlSk6P0Cm11jYnzm2jg=="},"EventType":{"Value":{"IdType":1,"Id":"ReferenceChange"}},"SourceNode":{"Value":{"Id":2268}},"Time":{"Value":"2024-04-27T16:19:34.9084743Z"},"Change":{"Value":{"ReferenceTypeId":{"Id":46},"IsForward":true,"NodeId":{"Id":2269},"BrowseName":{"Name":"ServerProfileArray"},"DisplayName":"ServerProfileArray","NodeClass":"Variable_2","TypeDefinition":{"Id":68}}}}}