{"SequenceNumber":224,"MetaDataVersion":{"MajorVersion":1},"Timestamp":"2024-04-27T16:19:34.9110865Z","MessageType":"ua-event","DataSetWriterName":"<<UnknownDataSet>>","Payload":{"EventId":{"Value":"GY8PbrwMlUCjoSPhVVcsvg=="},"EventType":{"Value":{"IdType":1,"Id":"NodeChange"}},"SourceNode":{"Value":{"Id":2271}},"Time":{"Value":"2024-04-27T16:19:34.9110846Z"},"Change":{"Value":{"NodeId":{"Id":2271},"NodeClass":"Variable_2","BrowseName":{"Name":"LocaleIdArray"},"DisplayName":"LocaleIdArray","RolePermissions":[],"UserRolePermissions":[],"References":[],"Value":null,"DataType":{"Id":295},"ValueRank":1,"ArrayDimensions":[0],"AccessLevel":1,"UserAccessLevel":1,"AccessLevelEx":1}}}}