{"SequenceNumber":227,"MetaDataVersion":{"MajorVersion":1},"Timestamp":"2024-04-27T16:19:34.9126659Z","MessageType":"ua-event","DataSetWriterName":"<<UnknownDataSet>>","Payload":{"EventId":{"Value":"CBuCJOBHdk2FGpHc4KRpsA=="},"EventType":{"Value":{"IdType":1,"Id":"ReferenceChange"}},"SourceNode":{"Value":{"Id":2268}},"Time":{"Value":"2024-04-27T16:19:34.912665Z"},"Change":{"Value":{"ReferenceTypeId":{"Id":46},"IsForward":true,"NodeId":{"Id":2735},"BrowseName":{"Name":"MaxBrowseContinuationPoints"},"DisplayName":"MaxBrowseContinuationPoints","NodeClass":"Variable_2","TypeDefinition":{"Id":68}}}}}