{"SequenceNumber":232,"MetaDataVersion":{"MajorVersion":1},"Timestamp":"2024-04-27T16:19:34.9169878Z","MessageType":"ua-event","DataSetWriterName":"<<UnknownDataSet>>","Payload":{"EventId":{"Value":"agyAplV3PU2IW71Q30dUvQ=="},"EventType":{"Value":{"IdType":1,"Id":"NodeChange"}},"SourceNode":{"Value":{"Id":2737}},"Time":{"Value":"2024-04-27T16:19:34.9169862Z"},"Change":{"Value":{"NodeId":{"Id":2737},"NodeClass":"Variable_2","BrowseName":{"Name":"MaxHistoryContinuationPoints"},"DisplayName":"MaxHistoryContinuationPoints","RolePermissions":[],"UserRolePermissions":[],"References":[],"Value":null,"DataType":{"Id":5},"ValueRank":-1,"ArrayDimensions":[],"AccessLevel":1,"UserAccessLevel":1,"AccessLevelEx":1}}}}