{"SequenceNumber":235,"MetaDataVersion":{"MajorVersion":1},"Timestamp":"2024-04-27T16:19:34.9187514Z","MessageType":"ua-event","DataSetWriterName":"<<UnknownDataSet>>","Payload":{"EventId":{"Value":"MNgdSGP4iEiaRYqOQjP/Lw=="},"EventType":{"Value":{"IdType":1,"Id":"ReferenceChange"}},"SourceNode":{"Value":{"Id":2268}},"Time":{"Value":"2024-04-27T16:19:34.9187503Z"},"Change":{"Value":{"ReferenceTypeId":{"Id":46},"IsForward":true,"NodeId":{"Id":11702},"BrowseName":{"Name":"MaxArrayLength"},"DisplayName":"MaxArrayLength","NodeClass":"Variable_2","TypeDefinition":{"Id":68}}}}}