{"SequenceNumber":244,"MetaDataVersion":{"MajorVersion":1},"Timestamp":"2024-04-27T16:19:34.9260715Z","MessageType":"ua-event","DataSetWriterName":"<<UnknownDataSet>>","Payload":{"EventId":{"Value":"9Wpdh5SgBk2EwdE7XvkSvg=="},"EventType":{"Value":{"IdType":1,"Id":"NodeChange"}},"SourceNode":{"Value":{"Id":2996}},"Time":{"Value":"2024-04-27T16:19:34.9260698Z"},"Change":{"Value":{"NodeId":{"Id":2996},"NodeClass":"Object_1","BrowseName":{"Name":"ModellingRules"},"DisplayName":"ModellingRules","RolePermissions":[],"UserRolePermissions":[],"References":[]}}}}