{"SequenceNumber":246,"MetaDataVersion":{"MajorVersion":1},"Timestamp":"2024-04-27T16:19:34.9274818Z","MessageType":"ua-event","DataSetWriterName":"<<UnknownDataSet>>","Payload":{"EventId":{"Value":"ekyY7cRoe0GdEAPjPmj8Ow=="},"EventType":{"Value":{"IdType":1,"Id":"NodeChange"}},"SourceNode":{"Value":{"Id":2997}},"Time":{"Value":"2024-04-27T16:19:34.9274801Z"},"Change":{"Value":{"NodeId":{"Id":2997},"NodeClass":"Object_1","BrowseName":{"Name":"AggregateFunctions"},"DisplayName":"AggregateFunctions","RolePermissions":[],"UserRolePermissions":[],"References":[]}}}}