{"SequenceNumber":250,"MetaDataVersion":{"MajorVersion":1},"Timestamp":"2024-04-27T16:19:34.9305311Z","MessageType":"ua-event","DataSetWriterName":"<<UnknownDataSet>>","Payload":{"EventId":{"Value":"Nbc5LCtVKUmpefaDVLxYnw=="},"EventType":{"Value":{"IdType":1,"Id":"NodeChange"}},"SourceNode":{"Value":{"Id":24095}},"Time":{"Value":"2024-04-27T16:19:34.9305283Z"},"Change":{"Value":{"NodeId":{"Id":24095},"NodeClass":"Variable_2","BrowseName":{"Name":"MaxSessions"},"DisplayName":"MaxSessions","RolePermissions":[],"UserRolePermissions":[],"References":[],"Value":null,"DataType":{"Id":7},"ValueRank":-1,"ArrayDimensions":[],"AccessLevel":1,"UserAccessLevel":1,"AccessLevelEx":1}}}}