{"SequenceNumber":256,"MetaDataVersion":{"MajorVersion":1},"Timestamp":"2024-04-27T16:19:34.9353137Z","MessageType":"ua-event","DataSetWriterName":"<<UnknownDataSet>>","Payload":{"EventId":{"Value":"HFVim2O4/kKyMq0ZDdTfBw=="},"EventType":{"Value":{"IdType":1,"Id":"NodeChange"}},"SourceNode":{"Value":{"Id":24098}},"Time":{"Value":"2024-04-27T16:19:34.9353119Z"},"Change":{"Value":{"NodeId":{"Id":24098},"NodeClass":"Variable_2","BrowseName":{"Name":"MaxSubscriptionsPerSession"},"DisplayName":"MaxSubscriptionsPerSession","RolePermissions":[],"UserRolePermissions":[],"References":[],"Value":null,"DataType":{"Id":7},"ValueRank":-1,"ArrayDimensions":[],"AccessLevel":1,"UserAccessLevel":1,"AccessLevelEx":1}}}}