{"SequenceNumber":260,"MetaDataVersion":{"MajorVersion":1},"Timestamp":"2024-04-27T16:19:34.9382238Z","MessageType":"ua-event","DataSetWriterName":"<<UnknownDataSet>>","Payload":{"EventId":{"Value":"wDG5JMU0UEO7YoU8hyiR/A=="},"EventType":{"Value":{"IdType":1,"Id":"NodeChange"}},"SourceNode":{"Value":{"Id":24099}},"Time":{"Value":"2024-04-27T16:19:34.9382219Z"},"Change":{"Value":{"NodeId":{"Id":24099},"NodeClass":"Variable_2","BrowseName":{"Name":"MaxSelectClauseParameters"},"DisplayName":"MaxSelectClauseParameters","RolePermissions":[],"UserRolePermissions":[],"References":[],"Value":null,"DataType":{"Id":7},"ValueRank":-1,"ArrayDimensions":[],"AccessLevel":1,"UserAccessLevel":1,"AccessLevelEx":1}}}}