{"SequenceNumber":262,"MetaDataVersion":{"MajorVersion":1},"Timestamp":"2024-04-27T16:19:34.9396383Z","MessageType":"ua-event","DataSetWriterName":"<<UnknownDataSet>>","Payload":{"EventId":{"Value":"kSvRg2g7akqSiDE+A2Pb1w=="},"EventType":{"Value":{"IdType":1,"Id":"NodeChange"}},"SourceNode":{"Value":{"Id":24100}},"Time":{"Value":"2024-04-27T16:19:34.9396359Z"},"Change":{"Value":{"NodeId":{"Id":24100},"NodeClass":"Variable_2","BrowseName":{"Name":"MaxWhereClauseParameters"},"DisplayName":"MaxWhereClauseParameters","RolePermissions":[],"UserRolePermissions":[],"References":[],"Value":null,"DataType":{"Id":7},"ValueRank":-1,"ArrayDimensions":[],"AccessLevel":1,"UserAccessLevel":1,"AccessLevelEx":1}}}}