{"SequenceNumber":265,"MetaDataVersion":{"MajorVersion":1},"Timestamp":"2024-04-27T16:19:34.9411964Z","MessageType":"ua-event","DataSetWriterName":"<<UnknownDataSet>>","Payload":{"EventId":{"Value":"Ji44cJeiEkKL6C3ZODS2DA=="},"EventType":{"Value":{"IdType":1,"Id":"ReferenceChange"}},"SourceNode":{"Value":{"Id":2268}},"Time":{"Value":"2024-04-27T16:19:34.9411956Z"},"Change":{"Value":{"ReferenceTypeId":{"Id":46},"IsForward":true,"NodeId":{"Id":24101},"BrowseName":{"Name":"ConformanceUnits"},"DisplayName":"ConformanceUnits","NodeClass":"Variable_2","TypeDefinition":{"Id":68}}}}}