{"SequenceNumber":267,"MetaDataVersion":{"MajorVersion":1},"Timestamp":"2024-04-27T16:19:34.9427327Z","MessageType":"ua-event","DataSetWriterName":"<<UnknownDataSet>>","Payload":{"EventId":{"Value":"dPZu5q5g1Eq2ey0ktEqerw=="},"EventType":{"Value":{"IdType":1,"Id":"ReferenceChange"}},"SourceNode":{"Value":{"Id":2268}},"Time":{"Value":"2024-04-27T16:19:34.9427319Z"},"Change":{"Value":{"ReferenceTypeId":{"Id":47},"IsForward":true,"NodeId":{"Id":11192},"BrowseName":{"Name":"HistoryServerCapabilities"},"DisplayName":"HistoryServerCapabilities","NodeClass":"Object_1","TypeDefinition":{"Id":2330}}}}}