{"SequenceNumber":269,"MetaDataVersion":{"MajorVersion":1},"Timestamp":"2024-04-27T16:19:34.9443253Z","MessageType":"ua-event","DataSetWriterName":"<<UnknownDataSet>>","Payload":{"EventId":{"Value":"7kJZHDGG/UmL9SsHCmd4Vw=="},"EventType":{"Value":{"IdType":1,"Id":"ReferenceChange"}},"SourceNode":{"Value":{"Id":2274}},"Time":{"Value":"2024-04-27T16:19:34.9443245Z"},"Change":{"Value":{"ReferenceTypeId":{"Id":47},"IsForward":true,"NodeId":{"Id":3706},"BrowseName":{"Name":"SessionsDiagnosticsSummary"},"DisplayName":"SessionsDiagnosticsSummary","NodeClass":"Object_1","TypeDefinition":{"Id":2026}}}}}