{"SequenceNumber":271,"MetaDataVersion":{"MajorVersion":1},"Timestamp":"2024-04-27T16:19:34.9459518Z","MessageType":"ua-event","DataSetWriterName":"<<UnknownDataSet>>","Payload":{"EventId":{"Value":"pjb05bzGP0GlzH7eMBv4xQ=="},"EventType":{"Value":{"IdType":1,"Id":"ReferenceChange"}},"SourceNode":{"Value":{"Id":2274}},"Time":{"Value":"2024-04-27T16:19:34.9459507Z"},"Change":{"Value":{"ReferenceTypeId":{"Id":46},"IsForward":true,"NodeId":{"Id":2294},"BrowseName":{"Name":"EnabledFlag"},"DisplayName":"EnabledFlag","NodeClass":"Variable_2","TypeDefinition":{"Id":68}}}}}