{"SequenceNumber":273,"MetaDataVersion":{"MajorVersion":1},"Timestamp":"2024-04-27T16:19:34.947499Z","MessageType":"ua-event","DataSetWriterName":"<<UnknownDataSet>>","Payload":{"EventId":{"Value":"PgHwl/bpiEKxNP/MIOHlEA=="},"EventType":{"Value":{"IdType":1,"Id":"ReferenceChange"}},"SourceNode":{"Value":{"Id":2296}},"Time":{"Value":"2024-04-27T16:19:34.9474981Z"},"Change":{"Value":{"ReferenceTypeId":{"Id":46},"IsForward":true,"NodeId":{"Id":3709},"BrowseName":{"Name":"RedundancySupport"},"DisplayName":"RedundancySupport","NodeClass":"Variable_2","TypeDefinition":{"Id":68}}}}}