{"SequenceNumber":276,"MetaDataVersion":{"MajorVersion":1},"Timestamp":"2024-04-27T16:19:34.9503112Z","MessageType":"ua-event","DataSetWriterName":"<<UnknownDataSet>>","Payload":{"EventId":{"Value":"7yY/CjKq/0+5f+7nQ9SDew=="},"EventType":{"Value":{"IdType":1,"Id":"NodeChange"}},"SourceNode":{"Value":{"Id":15957}},"Time":{"Value":"2024-04-27T16:19:34.9503095Z"},"Change":{"Value":{"NodeId":{"Id":15957},"NodeClass":"Object_1","BrowseName":{"Name":"http://opcfoundation.org/UA/"},"DisplayName":"http://opcfoundation.org/UA/","RolePermissions":[],"UserRolePermissions":[],"References":[]}}}}