{"SequenceNumber":281,"MetaDataVersion":{"MajorVersion":1},"Timestamp":"2024-04-27T16:19:34.9534309Z","MessageType":"ua-event","DataSetWriterName":"<<UnknownDataSet>>","Payload":{"EventId":{"Value":"cmb0rbp70kK/qwlnq2AvbQ=="},"EventType":{"Value":{"IdType":1,"Id":"ReferenceChange"}},"SourceNode":{"Value":{"Id":12873}},"Time":{"Value":"2024-04-27T16:19:34.9534299Z"},"Change":{"Value":{"ReferenceTypeId":{"Id":46},"IsForward":true,"NodeId":{"Id":12874},"BrowseName":{"Name":"InputArguments"},"DisplayName":"InputArguments","NodeClass":"Variable_2","TypeDefinition":{"Id":68}}}}}