{"SequenceNumber":282,"MetaDataVersion":{"MajorVersion":1},"Timestamp":"2024-04-27T16:19:34.9548479Z","MessageType":"ua-event","DataSetWriterName":"<<UnknownDataSet>>","Payload":{"EventId":{"Value":"SmK0cKjjJUGxit/uo1omSw=="},"EventType":{"Value":{"IdType":1,"Id":"NodeChange"}},"SourceNode":{"Value":{"Id":12874}},"Time":{"Value":"2024-04-27T16:19:34.9548464Z"},"Change":{"Value":{"NodeId":{"Id":12874},"NodeClass":"Variable_2","BrowseName":{"Name":"InputArguments"},"DisplayName":"InputArguments","RolePermissions":[],"UserRolePermissions":[],"References":[],"Value":null,"DataType":{"Id":296},"ValueRank":1,"ArrayDimensions":[1],"AccessLevel":1,"UserAccessLevel":1,"AccessLevelEx":1}}}}