{"SequenceNumber":283,"MetaDataVersion":{"MajorVersion":1},"Timestamp":"2024-04-27T16:19:34.9550077Z","MessageType":"ua-event","DataSetWriterName":"<<UnknownDataSet>>","Payload":{"EventId":{"Value":"7D464hqDpESc3XGqmTk6wA=="},"EventType":{"Value":{"IdType":1,"Id":"ReferenceChange"}},"SourceNode":{"Value":{"Id":12886}},"Time":{"Value":"2024-04-27T16:19:34.9550067Z"},"Change":{"Value":{"ReferenceTypeId":{"Id":46},"IsForward":true,"NodeId":{"Id":12887},"BrowseName":{"Name":"InputArguments"},"DisplayName":"InputArguments","NodeClass":"Variable_2","TypeDefinition":{"Id":68}}}}}