{"SequenceNumber":29,"MetaDataVersion":{"MajorVersion":1},"Timestamp":"2024-04-27T16:19:34.6346241Z","MessageType":"ua-event","DataSetWriterName":"<<UnknownDataSet>>","Payload":{"EventId":{"Value":"i+pcjjSol0+pSZdz0nobNw=="},"EventType":{"Value":{"IdType":1,"Id":"ReferenceChange"}},"SourceNode":{"Value":{"Id":85}},"Time":{"Value":"2024-04-27T16:19:34.6346233Z"},"Change":{"Value":{"ReferenceTypeId":{"Id":35},"IsForward":true,"NodeId":{"IdType":1,"Id":"0:","Namespace":"http://opcfoundation.org/HistoricalAccess"},"BrowseName":{"Name":"Historian","Uri":"http://opcfoundation.org/HistoricalAccess"},"DisplayName":"Historian","NodeClass":"Object_1","TypeDefinition":{"Id":61}}}}}