{"SequenceNumber":290,"MetaDataVersion":{"MajorVersion":1},"Timestamp":"2024-04-27T16:19:34.9605574Z","MessageType":"ua-event","DataSetWriterName":"<<UnknownDataSet>>","Payload":{"EventId":{"Value":"JRE1giyX2UKidQBqw1zdsw=="},"EventType":{"Value":{"IdType":1,"Id":"NodeChange"}},"SourceNode":{"Value":{"Id":25725}},"Time":{"Value":"2024-04-27T16:19:34.9605557Z"},"Change":{"Value":{"NodeId":{"Id":25725},"NodeClass":"Variable_2","BrowseName":{"Name":"ProductUri"},"DisplayName":"ProductUri","RolePermissions":[],"UserRolePermissions":[],"References":[],"Value":null,"DataType":{"Id":23751},"ValueRank":-1,"ArrayDimensions":[],"AccessLevel":1,"UserAccessLevel":1,"AccessLevelEx":1}}}}