{"SequenceNumber":292,"MetaDataVersion":{"MajorVersion":1},"Timestamp":"2024-04-27T16:19:34.961839Z","MessageType":"ua-event","DataSetWriterName":"<<UnknownDataSet>>","Payload":{"EventId":{"Value":"NnPv+4EP9UyKQLiVPLb+8Q=="},"EventType":{"Value":{"IdType":1,"Id":"NodeChange"}},"SourceNode":{"Value":{"Id":25707}},"Time":{"Value":"2024-04-27T16:19:34.9618375Z"},"Change":{"Value":{"NodeId":{"Id":25707},"NodeClass":"Variable_2","BrowseName":{"Name":"ApplicationType"},"DisplayName":"ApplicationType","RolePermissions":[],"UserRolePermissions":[],"References":[],"Value":null,"DataType":{"Id":307},"ValueRank":-1,"ArrayDimensions":[],"AccessLevel":1,"UserAccessLevel":1,"AccessLevelEx":1}}}}