{"SequenceNumber":296,"MetaDataVersion":{"MajorVersion":1},"Timestamp":"2024-04-27T16:19:34.9645147Z","MessageType":"ua-event","DataSetWriterName":"<<UnknownDataSet>>","Payload":{"EventId":{"Value":"z/b8zQ7nnEqXdJEUcbXRmQ=="},"EventType":{"Value":{"IdType":1,"Id":"NodeChange"}},"SourceNode":{"Value":{"Id":12639}},"Time":{"Value":"2024-04-27T16:19:34.9645132Z"},"Change":{"Value":{"NodeId":{"Id":12639},"NodeClass":"Variable_2","BrowseName":{"Name":"SupportedPrivateKeyFormats"},"DisplayName":"SupportedPrivateKeyFormats","RolePermissions":[],"UserRolePermissions":[],"References":[],"Value":null,"DataType":{"Id":12},"ValueRank":1,"ArrayDimensions":[0],"AccessLevel":1,"UserAccessLevel":1,"AccessLevelEx":1}}}}