{"SequenceNumber":3,"MetaDataVersion":{"MajorVersion":1},"Timestamp":"2024-04-27T16:19:34.5637964Z","MessageType":"ua-event","DataSetWriterName":"<<UnknownDataSet>>","Payload":{"EventId":{"Value":"4ctky5WmqU+Hiv64MGrdjw=="},"EventType":{"Value":{"IdType":1,"Id":"ReferenceChange"}},"SourceNode":{"Value":{"Id":84}},"Time":{"Value":"2024-04-27T16:19:34.5637947Z"},"Change":{"Value":{"ReferenceTypeId":{"Id":35},"IsForward":true,"NodeId":{"Id":86},"BrowseName":{"Name":"Types"},"DisplayName":"Types","NodeClass":"Object_1","TypeDefinition":{"Id":61}}}}}