{"SequenceNumber":304,"MetaDataVersion":{"MajorVersion":1},"Timestamp":"2024-04-27T16:19:34.969901Z","MessageType":"ua-event","DataSetWriterName":"<<UnknownDataSet>>","Payload":{"EventId":{"Value":"ARad1XVFs0GlZ6EuQepaUw=="},"EventType":{"Value":{"IdType":1,"Id":"NodeChange"}},"SourceNode":{"Value":{"Id":13737}},"Time":{"Value":"2024-04-27T16:19:34.9698994Z"},"Change":{"Value":{"NodeId":{"Id":13737},"NodeClass":"Method_4","BrowseName":{"Name":"UpdateCertificate"},"DisplayName":"UpdateCertificate","RolePermissions":[],"UserRolePermissions":[],"References":[],"Executable":true,"UserExecutable":true}}}}