{"SequenceNumber":309,"MetaDataVersion":{"MajorVersion":1},"Timestamp":"2024-04-27T16:19:34.9726478Z","MessageType":"ua-event","DataSetWriterName":"<<UnknownDataSet>>","Payload":{"EventId":{"Value":"6s8X+7HsZE2l3pdSXSbg6w=="},"EventType":{"Value":{"IdType":1,"Id":"ReferenceChange"}},"SourceNode":{"Value":{"Id":12637}},"Time":{"Value":"2024-04-27T16:19:34.972647Z"},"Change":{"Value":{"ReferenceTypeId":{"Id":47},"IsForward":true,"NodeId":{"Id":12737},"BrowseName":{"Name":"CreateSigningRequest"},"DisplayName":"CreateSigningRequest","NodeClass":"Method_4","TypeDefinition":{"Id":12731}}}}}