{"SequenceNumber":311,"MetaDataVersion":{"MajorVersion":1},"Timestamp":"2024-04-27T16:19:34.9740588Z","MessageType":"ua-event","DataSetWriterName":"<<UnknownDataSet>>","Payload":{"EventId":{"Value":"kQijonOHpkOeRg8h1ehkoQ=="},"EventType":{"Value":{"IdType":1,"Id":"ReferenceChange"}},"SourceNode":{"Value":{"Id":12637}},"Time":{"Value":"2024-04-27T16:19:34.9740577Z"},"Change":{"Value":{"ReferenceTypeId":{"Id":47},"IsForward":true,"NodeId":{"Id":12777},"BrowseName":{"Name":"GetRejectedList"},"DisplayName":"GetRejectedList","NodeClass":"Method_4","TypeDefinition":{"Id":12775}}}}}