{"SequenceNumber":312,"MetaDataVersion":{"MajorVersion":1},"Timestamp":"2024-04-27T16:19:34.9754455Z","MessageType":"ua-event","DataSetWriterName":"<<UnknownDataSet>>","Payload":{"EventId":{"Value":"A7HBXGBsMUePWI7CIXiTpg=="},"EventType":{"Value":{"IdType":1,"Id":"NodeChange"}},"SourceNode":{"Value":{"Id":12777}},"Time":{"Value":"2024-04-27T16:19:34.9754434Z"},"Change":{"Value":{"NodeId":{"Id":12777},"NodeClass":"Method_4","BrowseName":{"Name":"GetRejectedList"},"DisplayName":"GetRejectedList","RolePermissions":[],"UserRolePermissions":[],"References":[],"Executable":true,"UserExecutable":true}}}}