{"SequenceNumber":313,"MetaDataVersion":{"MajorVersion":1},"Timestamp":"2024-04-27T16:19:34.9756825Z","MessageType":"ua-event","DataSetWriterName":"<<UnknownDataSet>>","Payload":{"EventId":{"Value":"5+ue2e5qy0q8gvIckl+T2A=="},"EventType":{"Value":{"IdType":1,"Id":"ReferenceChange"}},"SourceNode":{"Value":{"Id":12637}},"Time":{"Value":"2024-04-27T16:19:34.975681Z"},"Change":{"Value":{"ReferenceTypeId":{"Id":47},"IsForward":true,"NodeId":{"Id":25709},"BrowseName":{"Name":"ResetToServerDefaults"},"DisplayName":"ResetToServerDefaults","NodeClass":"Method_4","TypeDefinition":{"Id":25699}}}}}