{"SequenceNumber":315,"MetaDataVersion":{"MajorVersion":1},"Timestamp":"2024-04-27T16:19:34.9771424Z","MessageType":"ua-event","DataSetWriterName":"<<UnknownDataSet>>","Payload":{"EventId":{"Value":"KXKqdcmdA0KJd/sp6KopvA=="},"EventType":{"Value":{"IdType":1,"Id":"ReferenceChange"}},"SourceNode":{"Value":{"Id":12637}},"Time":{"Value":"2024-04-27T16:19:34.9771414Z"},"Change":{"Value":{"ReferenceTypeId":{"Id":47},"IsForward":true,"NodeId":{"Id":17732},"BrowseName":{"Name":"AuthorizationServices"},"DisplayName":"AuthorizationServices","NodeClass":"Object_1","TypeDefinition":{"Id":61}}}}}