{"SequenceNumber":32,"MetaDataVersion":{"MajorVersion":1},"Timestamp":"2024-04-27T16:19:34.6392346Z","MessageType":"ua-event","DataSetWriterName":"<<UnknownDataSet>>","Payload":{"EventId":{"Value":"3YBtLrSQgE6g2d2P4lLMFw=="},"EventType":{"Value":{"IdType":1,"Id":"NodeChange"}},"SourceNode":{"Value":{"IdType":1,"Id":"0:Assets","Namespace":"DataAccess"}},"Time":{"Value":"2024-04-27T16:19:34.639233Z"},"Change":{"Value":{"NodeId":{"IdType":1,"Id":"0:Assets","Namespace":"DataAccess"},"NodeClass":"Object_1","BrowseName":{"Name":"Assets","Uri":"DataAccess"},"DisplayName":"Assets","RolePermissions":[],"UserRolePermissions":[],"References":[]}}}}