{"SequenceNumber":320,"MetaDataVersion":{"MajorVersion":1},"Timestamp":"2024-04-27T16:19:34.9813669Z","MessageType":"ua-event","DataSetWriterName":"<<UnknownDataSet>>","Payload":{"EventId":{"Value":"OkSMjhyG7E+TpCVt+pkUvA=="},"EventType":{"Value":{"IdType":1,"Id":"NodeChange"}},"SourceNode":{"Value":{"Id":24290}},"Time":{"Value":"2024-04-27T16:19:34.9813652Z"},"Change":{"Value":{"NodeId":{"Id":24290},"NodeClass":"Object_1","BrowseName":{"Name":"UserManagement"},"DisplayName":"UserManagement","RolePermissions":[],"UserRolePermissions":[],"References":[]}}}}