{"SequenceNumber":323,"MetaDataVersion":{"MajorVersion":1},"Timestamp":"2024-04-27T16:19:34.9828782Z","MessageType":"ua-event","DataSetWriterName":"<<UnknownDataSet>>","Payload":{"EventId":{"Value":"OGeAX5zY40ShtJ9Ksn4b1Q=="},"EventType":{"Value":{"IdType":1,"Id":"ReferenceChange"}},"SourceNode":{"Value":{"Id":32637}},"Time":{"Value":"2024-04-27T16:19:34.9828772Z"},"Change":{"Value":{"ReferenceTypeId":{"Id":47},"IsForward":true,"NodeId":{"Id":32643},"BrowseName":{"Name":"AggregateFunctions"},"DisplayName":"AggregateFunctions","NodeClass":"Object_1","TypeDefinition":{"Id":61}}}}}