{"SequenceNumber":325,"MetaDataVersion":{"MajorVersion":1},"Timestamp":"2024-04-27T16:19:34.9843327Z","MessageType":"ua-event","DataSetWriterName":"<<UnknownDataSet>>","Payload":{"EventId":{"Value":"sYa0TVqGGUayiEygi1fy7w=="},"EventType":{"Value":{"IdType":1,"Id":"ReferenceChange"}},"SourceNode":{"Value":{"Id":32637}},"Time":{"Value":"2024-04-27T16:19:34.9843319Z"},"Change":{"Value":{"ReferenceTypeId":{"Id":46},"IsForward":true,"NodeId":{"Id":32644},"BrowseName":{"Name":"Stepped"},"DisplayName":"Stepped","NodeClass":"Variable_2","TypeDefinition":{"Id":68}}}}}