{"SequenceNumber":326,"MetaDataVersion":{"MajorVersion":1},"Timestamp":"2024-04-27T16:19:34.9855562Z","MessageType":"ua-event","DataSetWriterName":"<<UnknownDataSet>>","Payload":{"EventId":{"Value":"NWs5YW9dkUyjgI5IQd4cQg=="},"EventType":{"Value":{"IdType":1,"Id":"NodeChange"}},"SourceNode":{"Value":{"Id":32644}},"Time":{"Value":"2024-04-27T16:19:34.9855547Z"},"Change":{"Value":{"NodeId":{"Id":32644},"NodeClass":"Variable_2","BrowseName":{"Name":"Stepped"},"DisplayName":"Stepped","RolePermissions":[],"UserRolePermissions":[],"References":[],"Value":null,"DataType":{"Id":1},"ValueRank":-1,"ArrayDimensions":[],"AccessLevel":1,"UserAccessLevel":1,"AccessLevelEx":1}}}}