{"SequenceNumber":327,"MetaDataVersion":{"MajorVersion":1},"Timestamp":"2024-04-27T16:19:34.9857112Z","MessageType":"ua-event","DataSetWriterName":"<<UnknownDataSet>>","Payload":{"EventId":{"Value":"m65pQPJsi0iiTgxdM98sKw=="},"EventType":{"Value":{"IdType":1,"Id":"ReferenceChange"}},"SourceNode":{"Value":{"Id":32637}},"Time":{"Value":"2024-04-27T16:19:34.9857104Z"},"Change":{"Value":{"ReferenceTypeId":{"Id":46},"IsForward":true,"NodeId":{"Id":32645},"BrowseName":{"Name":"Definition"},"DisplayName":"Definition","NodeClass":"Variable_2","TypeDefinition":{"Id":68}}}}}