{"SequenceNumber":329,"MetaDataVersion":{"MajorVersion":1},"Timestamp":"2024-04-27T16:19:34.9870301Z","MessageType":"ua-event","DataSetWriterName":"<<UnknownDataSet>>","Payload":{"EventId":{"Value":"6vSjCCOjg0mHP2cpP8N64Q=="},"EventType":{"Value":{"IdType":1,"Id":"ReferenceChange"}},"SourceNode":{"Value":{"Id":32637}},"Time":{"Value":"2024-04-27T16:19:34.9870292Z"},"Change":{"Value":{"ReferenceTypeId":{"Id":46},"IsForward":true,"NodeId":{"Id":32646},"BrowseName":{"Name":"MaxTimeInterval"},"DisplayName":"MaxTimeInterval","NodeClass":"Variable_2","TypeDefinition":{"Id":68}}}}}