{"SequenceNumber":330,"MetaDataVersion":{"MajorVersion":1},"Timestamp":"2024-04-27T16:19:34.9882344Z","MessageType":"ua-event","DataSetWriterName":"<<UnknownDataSet>>","Payload":{"EventId":{"Value":"0JyfdzDWjEOIkuFu89D1Rg=="},"EventType":{"Value":{"IdType":1,"Id":"NodeChange"}},"SourceNode":{"Value":{"Id":32646}},"Time":{"Value":"2024-04-27T16:19:34.9882329Z"},"Change":{"Value":{"NodeId":{"Id":32646},"NodeClass":"Variable_2","BrowseName":{"Name":"MaxTimeInterval"},"DisplayName":"MaxTimeInterval","RolePermissions":[],"UserRolePermissions":[],"References":[],"Value":null,"DataType":{"Id":290},"ValueRank":-1,"ArrayDimensions":[],"AccessLevel":1,"UserAccessLevel":1,"AccessLevelEx":1}}}}