{"SequenceNumber":334,"MetaDataVersion":{"MajorVersion":1},"Timestamp":"2024-04-27T16:19:34.9908954Z","MessageType":"ua-event","DataSetWriterName":"<<UnknownDataSet>>","Payload":{"EventId":{"Value":"dkQ2gxbYeU++VJyp00+PKA=="},"EventType":{"Value":{"IdType":1,"Id":"NodeChange"}},"SourceNode":{"Value":{"Id":32648}},"Time":{"Value":"2024-04-27T16:19:34.9908935Z"},"Change":{"Value":{"NodeId":{"Id":32648},"NodeClass":"Variable_2","BrowseName":{"Name":"ExceptionDeviation"},"DisplayName":"ExceptionDeviation","RolePermissions":[],"UserRolePermissions":[],"References":[],"Value":null,"DataType":{"Id":11},"ValueRank":-1,"ArrayDimensions":[],"AccessLevel":1,"UserAccessLevel":1,"AccessLevelEx":1}}}}