{"SequenceNumber":339,"MetaDataVersion":{"MajorVersion":1},"Timestamp":"2024-04-27T16:19:34.9937525Z","MessageType":"ua-event","DataSetWriterName":"<<UnknownDataSet>>","Payload":{"EventId":{"Value":"P0qX+jSNBkiJneYuvpXmpQ=="},"EventType":{"Value":{"IdType":1,"Id":"ReferenceChange"}},"SourceNode":{"Value":{"Id":32637}},"Time":{"Value":"2024-04-27T16:19:34.9937511Z"},"Change":{"Value":{"ReferenceTypeId":{"Id":46},"IsForward":true,"NodeId":{"Id":32656},"BrowseName":{"Name":"StartOfOnlineArchive"},"DisplayName":"StartOfOnlineArchive","NodeClass":"Variable_2","TypeDefinition":{"Id":68}}}}}