{"SequenceNumber":34,"MetaDataVersion":{"MajorVersion":1},"Timestamp":"2024-04-27T16:19:34.6415117Z","MessageType":"ua-event","DataSetWriterName":"<<UnknownDataSet>>","Payload":{"EventId":{"Value":"d2H9knOyu06YNo3rVJHYKw=="},"EventType":{"Value":{"IdType":1,"Id":"NodeChange"}},"SourceNode":{"Value":{"IdType":1,"Id":"0:Factory","Namespace":"DataAccess"}},"Time":{"Value":"2024-04-27T16:19:34.6415101Z"},"Change":{"Value":{"NodeId":{"IdType":1,"Id":"0:Factory","Namespace":"DataAccess"},"NodeClass":"Object_1","BrowseName":{"Name":"Factory","Uri":"DataAccess"},"DisplayName":"Factory","RolePermissions":[],"UserRolePermissions":[],"References":[]}}}}