{"SequenceNumber":342,"MetaDataVersion":{"MajorVersion":1},"Timestamp":"2024-04-27T16:19:34.9964334Z","MessageType":"ua-event","DataSetWriterName":"<<UnknownDataSet>>","Payload":{"EventId":{"Value":"iIK1xrtPDE+5HhxnQL5yJQ=="},"EventType":{"Value":{"IdType":1,"Id":"NodeChange"}},"SourceNode":{"Value":{"Id":32682}},"Time":{"Value":"2024-04-27T16:19:34.9964318Z"},"Change":{"Value":{"NodeId":{"Id":32682},"NodeClass":"Variable_2","BrowseName":{"Name":"ServerTimestampSupported"},"DisplayName":"ServerTimestampSupported","RolePermissions":[],"UserRolePermissions":[],"References":[],"Value":null,"DataType":{"Id":1},"ValueRank":-1,"ArrayDimensions":[],"AccessLevel":1,"UserAccessLevel":1,"AccessLevelEx":1}}}}