{"SequenceNumber":348,"MetaDataVersion":{"MajorVersion":1},"Timestamp":"2024-04-27T16:19:35.0006751Z","MessageType":"ua-event","DataSetWriterName":"<<UnknownDataSet>>","Payload":{"EventId":{"Value":"dHMasYKkfEeWEgOhxNA6Mg=="},"EventType":{"Value":{"IdType":1,"Id":"NodeChange"}},"SourceNode":{"Value":{"Id":32755}},"Time":{"Value":"2024-04-27T16:19:35.0006736Z"},"Change":{"Value":{"NodeId":{"Id":32755},"NodeClass":"Object_1","BrowseName":{"Name":"EventTypes"},"DisplayName":"EventTypes","RolePermissions":[],"UserRolePermissions":[],"References":[]}}}}