{"SequenceNumber":351,"MetaDataVersion":{"MajorVersion":1},"Timestamp":"2024-04-27T16:19:35.0023397Z","MessageType":"ua-event","DataSetWriterName":"<<UnknownDataSet>>","Payload":{"EventId":{"Value":"7f2ODEJYHkyXtMo0332BqA=="},"EventType":{"Value":{"IdType":1,"Id":"ReferenceChange"}},"SourceNode":{"Value":{"Id":32754}},"Time":{"Value":"2024-04-27T16:19:35.0023389Z"},"Change":{"Value":{"ReferenceTypeId":{"Id":46},"IsForward":true,"NodeId":{"Id":32757},"BrowseName":{"Name":"StartOfOnlineArchive"},"DisplayName":"StartOfOnlineArchive","NodeClass":"Variable_2","TypeDefinition":{"Id":68}}}}}