{"SequenceNumber":352,"MetaDataVersion":{"MajorVersion":1},"Timestamp":"2024-04-27T16:19:35.0035459Z","MessageType":"ua-event","DataSetWriterName":"<<UnknownDataSet>>","Payload":{"EventId":{"Value":"Fa/+SCyZ20eVt1ClhgW5mw=="},"EventType":{"Value":{"IdType":1,"Id":"NodeChange"}},"SourceNode":{"Value":{"Id":32757}},"Time":{"Value":"2024-04-27T16:19:35.0035445Z"},"Change":{"Value":{"NodeId":{"Id":32757},"NodeClass":"Variable_2","BrowseName":{"Name":"StartOfOnlineArchive"},"DisplayName":"StartOfOnlineArchive","RolePermissions":[],"UserRolePermissions":[],"References":[],"Value":null,"DataType":{"Id":294},"ValueRank":-1,"ArrayDimensions":[],"AccessLevel":1,"UserAccessLevel":1,"AccessLevelEx":1}}}}