{"SequenceNumber":357,"MetaDataVersion":{"MajorVersion":1},"Timestamp":"2024-04-27T16:19:35.0066281Z","MessageType":"ua-event","DataSetWriterName":"<<UnknownDataSet>>","Payload":{"EventId":{"Value":"CMB8PBqL6Embuypjz/hyoA=="},"EventType":{"Value":{"IdType":1,"Id":"ReferenceChange"}},"SourceNode":{"Value":{"Id":14443}},"Time":{"Value":"2024-04-27T16:19:35.0066265Z"},"Change":{"Value":{"ReferenceTypeId":{"Id":47},"IsForward":true,"NodeId":{"Id":15443},"BrowseName":{"Name":"SecurityGroups"},"DisplayName":"SecurityGroups","NodeClass":"Object_1","TypeDefinition":{"Id":15452}}}}}