{"SequenceNumber":361,"MetaDataVersion":{"MajorVersion":1},"Timestamp":"2024-04-27T16:19:35.0093331Z","MessageType":"ua-event","DataSetWriterName":"<<UnknownDataSet>>","Payload":{"EventId":{"Value":"4b2OcZ75GEayRyeT5swt8A=="},"EventType":{"Value":{"IdType":1,"Id":"ReferenceChange"}},"SourceNode":{"Value":{"Id":14443}},"Time":{"Value":"2024-04-27T16:19:35.0093323Z"},"Change":{"Value":{"ReferenceTypeId":{"Id":47},"IsForward":true,"NodeId":{"Id":17364},"BrowseName":{"Name":"SetSecurityKeys"},"DisplayName":"SetSecurityKeys","NodeClass":"Method_4","TypeDefinition":{"Id":17296}}}}}