{"SequenceNumber":362,"MetaDataVersion":{"MajorVersion":1},"Timestamp":"2024-04-27T16:19:35.0105402Z","MessageType":"ua-event","DataSetWriterName":"<<UnknownDataSet>>","Payload":{"EventId":{"Value":"4Qtnn1OJlUC+j6VDPjoxfQ=="},"EventType":{"Value":{"IdType":1,"Id":"NodeChange"}},"SourceNode":{"Value":{"Id":17364}},"Time":{"Value":"2024-04-27T16:19:35.0105381Z"},"Change":{"Value":{"NodeId":{"Id":17364},"NodeClass":"Method_4","BrowseName":{"Name":"SetSecurityKeys"},"DisplayName":"SetSecurityKeys","RolePermissions":[],"UserRolePermissions":[],"References":[],"Executable":true,"UserExecutable":true}}}}