{"SequenceNumber":364,"MetaDataVersion":{"MajorVersion":1},"Timestamp":"2024-04-27T16:19:35.011865Z","MessageType":"ua-event","DataSetWriterName":"<<UnknownDataSet>>","Payload":{"EventId":{"Value":"Uu1Qx/t3FUSFi2C8h0F2CQ=="},"EventType":{"Value":{"IdType":1,"Id":"NodeChange"}},"SourceNode":{"Value":{"Id":17366}},"Time":{"Value":"2024-04-27T16:19:35.0118635Z"},"Change":{"Value":{"NodeId":{"Id":17366},"NodeClass":"Method_4","BrowseName":{"Name":"AddConnection"},"DisplayName":"AddConnection","RolePermissions":[],"UserRolePermissions":[],"References":[],"Executable":true,"UserExecutable":true}}}}