{"SequenceNumber":365,"MetaDataVersion":{"MajorVersion":1},"Timestamp":"2024-04-27T16:19:35.0120266Z","MessageType":"ua-event","DataSetWriterName":"<<UnknownDataSet>>","Payload":{"EventId":{"Value":"D0AnRueJs0SKx2HmF5biYA=="},"EventType":{"Value":{"IdType":1,"Id":"ReferenceChange"}},"SourceNode":{"Value":{"Id":14443}},"Time":{"Value":"2024-04-27T16:19:35.0120257Z"},"Change":{"Value":{"ReferenceTypeId":{"Id":47},"IsForward":true,"NodeId":{"Id":17369},"BrowseName":{"Name":"RemoveConnection"},"DisplayName":"RemoveConnection","NodeClass":"Method_4","TypeDefinition":{"Id":14432}}}}}