{"SequenceNumber":369,"MetaDataVersion":{"MajorVersion":1},"Timestamp":"2024-04-27T16:19:35.014881Z","MessageType":"ua-event","DataSetWriterName":"<<UnknownDataSet>>","Payload":{"EventId":{"Value":"YDgWFoc9DkKuM8aRHq3hZA=="},"EventType":{"Value":{"IdType":1,"Id":"ReferenceChange"}},"SourceNode":{"Value":{"Id":14443}},"Time":{"Value":"2024-04-27T16:19:35.0148799Z"},"Change":{"Value":{"ReferenceTypeId":{"Id":47},"IsForward":true,"NodeId":{"Id":23658},"BrowseName":{"Name":"SubscribedDataSets"},"DisplayName":"SubscribedDataSets","NodeClass":"Object_1","TypeDefinition":{"Id":23795}}}}}