{"SequenceNumber":37,"MetaDataVersion":{"MajorVersion":1},"Timestamp":"2024-04-27T16:19:34.6431556Z","MessageType":"ua-event","DataSetWriterName":"<<UnknownDataSet>>","Payload":{"EventId":{"Value":"R80jVOefY0m+Nuo7gT+1Jw=="},"EventType":{"Value":{"IdType":1,"Id":"ReferenceChange"}},"SourceNode":{"Value":{"Id":85}},"Time":{"Value":"2024-04-27T16:19:34.6431547Z"},"Change":{"Value":{"ReferenceTypeId":{"Id":35},"IsForward":true,"NodeId":{"IdType":1,"Id":"OpcPlc","Namespace":"http://opcfoundation.org/UA/Plc/Applications"},"BrowseName":{"Name":"OpcPlc","Uri":"http://opcfoundation.org/UA/Plc/Applications"},"DisplayName":"OpcPlc","NodeClass":"Object_1","TypeDefinition":{"Id":61}}}}}