{"SequenceNumber":373,"MetaDataVersion":{"MajorVersion":1},"Timestamp":"2024-04-27T16:19:35.0177073Z","MessageType":"ua-event","DataSetWriterName":"<<UnknownDataSet>>","Payload":{"EventId":{"Value":"XXl6PyC2NUO9ZuGMpzrzNg=="},"EventType":{"Value":{"IdType":1,"Id":"ReferenceChange"}},"SourceNode":{"Value":{"Id":14443}},"Time":{"Value":"2024-04-27T16:19:35.0177063Z"},"Change":{"Value":{"ReferenceTypeId":{"Id":47},"IsForward":true,"NodeId":{"Id":17405},"BrowseName":{"Name":"Status"},"DisplayName":"Status","NodeClass":"Object_1","TypeDefinition":{"Id":14643}}}}}