{"SequenceNumber":375,"MetaDataVersion":{"MajorVersion":1},"Timestamp":"2024-04-27T16:19:35.0189908Z","MessageType":"ua-event","DataSetWriterName":"<<UnknownDataSet>>","Payload":{"EventId":{"Value":"PCGvxiZq/0uI5V5/UQQUjg=="},"EventType":{"Value":{"IdType":1,"Id":"ReferenceChange"}},"SourceNode":{"Value":{"Id":14443}},"Time":{"Value":"2024-04-27T16:19:35.0189897Z"},"Change":{"Value":{"ReferenceTypeId":{"Id":47},"IsForward":true,"NodeId":{"Id":17409},"BrowseName":{"Name":"Diagnostics"},"DisplayName":"Diagnostics","NodeClass":"Object_1","TypeDefinition":{"Id":19732}}}}}