{"SequenceNumber":381,"MetaDataVersion":{"MajorVersion":1},"Timestamp":"2024-04-27T16:19:35.0233305Z","MessageType":"ua-event","DataSetWriterName":"<<UnknownDataSet>>","Payload":{"EventId":{"Value":"daLtRWEtN0a0dkRW0VKrBA=="},"EventType":{"Value":{"IdType":1,"Id":"ReferenceChange"}},"SourceNode":{"Value":{"Id":14443}},"Time":{"Value":"2024-04-27T16:19:35.0233296Z"},"Change":{"Value":{"ReferenceTypeId":{"Id":46},"IsForward":true,"NodeId":{"Id":17481},"BrowseName":{"Name":"SupportedTransportProfiles"},"DisplayName":"SupportedTransportProfiles","NodeClass":"Variable_2","TypeDefinition":{"Id":68}}}}}