{"SequenceNumber":388,"MetaDataVersion":{"MajorVersion":1},"Timestamp":"2024-04-27T16:19:35.0288069Z","MessageType":"ua-event","DataSetWriterName":"<<UnknownDataSet>>","Payload":{"EventId":{"Value":"9PocZ3nsYkumli36UWScaQ=="},"EventType":{"Value":{"IdType":1,"Id":"NodeChange"}},"SourceNode":{"Value":{"Id":32403}},"Time":{"Value":"2024-04-27T16:19:35.0288052Z"},"Change":{"Value":{"NodeId":{"Id":32403},"NodeClass":"Variable_2","BrowseName":{"Name":"DefaultSecurityKeyServices"},"DisplayName":"DefaultSecurityKeyServices","RolePermissions":[],"UserRolePermissions":[],"References":[],"Value":null,"DataType":{"Id":312},"ValueRank":1,"ArrayDimensions":[0],"AccessLevel":1,"UserAccessLevel":1,"AccessLevelEx":1}}}}