{"SequenceNumber":40,"MetaDataVersion":{"MajorVersion":1},"Timestamp":"2024-04-27T16:19:34.6569043Z","MessageType":"ua-event","DataSetWriterName":"<<UnknownDataSet>>","Payload":{"EventId":{"Value":"OAEm56V3WECk+zxoX3nDsw=="},"EventType":{"Value":{"IdType":1,"Id":"NodeChange"}},"SourceNode":{"Value":{"Id":88}},"Time":{"Value":"2024-04-27T16:19:34.6569004Z"},"Change":{"Value":{"NodeId":{"Id":88},"NodeClass":"Object_1","BrowseName":{"Name":"ObjectTypes"},"DisplayName":"ObjectTypes","Description":"The browse entry point when looking for object types in the server address space.","RolePermissions":[],"UserRolePermissions":[],"References":[]}}}}