{"SequenceNumber":404,"MetaDataVersion":{"MajorVersion":1},"Timestamp":"2024-04-27T16:19:35.0408037Z","MessageType":"ua-event","DataSetWriterName":"<<UnknownDataSet>>","Payload":{"EventId":{"Value":"6tbyRp2YlUG3DM22f/mLFQ=="},"EventType":{"Value":{"IdType":1,"Id":"NodeChange"}},"SourceNode":{"Value":{"Id":23485}},"Time":{"Value":"2024-04-27T16:19:35.040802Z"},"Change":{"Value":{"NodeId":{"Id":23485},"NodeClass":"Method_4","BrowseName":{"Name":"FindAlias"},"DisplayName":"FindAlias","RolePermissions":[],"UserRolePermissions":[],"References":[],"Executable":true,"UserExecutable":true}}}}