{"SequenceNumber":413,"MetaDataVersion":{"MajorVersion":1},"Timestamp":"2024-04-27T16:19:35.0468898Z","MessageType":"ua-event","DataSetWriterName":"<<UnknownDataSet>>","Payload":{"EventId":{"Value":"dfPmpX/+TECy/twO7CvEfA=="},"EventType":{"Value":{"IdType":1,"Id":"ReferenceChange"}},"SourceNode":{"Value":{"Id":10158,"Namespace":"http://test.org/UA/Data/"}},"Time":{"Value":"2024-04-27T16:19:35.0468889Z"},"Change":{"Value":{"ReferenceTypeId":{"Id":47},"IsForward":true,"NodeId":{"Id":10406,"Namespace":"http://test.org/UA/Data/"},"BrowseName":{"Name":"UserArray","Uri":"http://test.org/UA/Data/"},"DisplayName":"UserArray","NodeClass":"Object_1","TypeDefinition":{"Id":10007,"Namespace":"http://test.org/UA/Data/"}}}}}