{"SequenceNumber":421,"MetaDataVersion":{"MajorVersion":1},"Timestamp":"2024-04-27T16:19:35.0527067Z","MessageType":"ua-event","DataSetWriterName":"<<UnknownDataSet>>","Payload":{"EventId":{"Value":"rwIsUt14AUmJu8WkJQLumA=="},"EventType":{"Value":{"IdType":1,"Id":"ReferenceChange"}},"SourceNode":{"Value":{"Id":10158,"Namespace":"http://test.org/UA/Data/"}},"Time":{"Value":"2024-04-27T16:19:35.0527058Z"},"Change":{"Value":{"ReferenceTypeId":{"Id":36},"IsForward":true,"NodeId":{"Id":10159,"Namespace":"http://test.org/UA/Data/"},"BrowseName":{"Name":"Scalar","Uri":"http://test.org/UA/Data/"},"DisplayName":"Scalar","NodeClass":"Object_1","TypeDefinition":{"Id":9450,"Namespace":"http://test.org/UA/Data/"}}}}}