{"SequenceNumber":428,"MetaDataVersion":{"MajorVersion":1},"Timestamp":"2024-04-27T16:19:35.0597986Z","MessageType":"ua-event","DataSetWriterName":"<<UnknownDataSet>>","Payload":{"EventId":{"Value":"4Hx06CdOP0er3KUWl0WzLQ=="},"EventType":{"Value":{"IdType":1,"Id":"NodeChange"}},"SourceNode":{"Value":{"Id":10955,"Namespace":"http://test.org/UA/Data/"}},"Time":{"Value":"2024-04-27T16:19:35.059795Z"},"Change":{"Value":{"NodeId":{"Id":10955,"Namespace":"http://test.org/UA/Data/"},"NodeClass":"Object_1","BrowseName":{"Name":"UserScalar","Uri":"http://test.org/UA/Data/"},"DisplayName":"UserScalar","RolePermissions":[],"UserRolePermissions":[],"References":[]}}}}