{"SequenceNumber":44,"MetaDataVersion":{"MajorVersion":1},"Timestamp":"2024-04-27T16:19:34.6649793Z","MessageType":"ua-event","DataSetWriterName":"<<UnknownDataSet>>","Payload":{"EventId":{"Value":"IgyhdWFCWkm/QG2qhtSw1g=="},"EventType":{"Value":{"IdType":1,"Id":"NodeChange"}},"SourceNode":{"Value":{"Id":90}},"Time":{"Value":"2024-04-27T16:19:34.664976Z"},"Change":{"Value":{"NodeId":{"Id":90},"NodeClass":"Object_1","BrowseName":{"Name":"DataTypes"},"DisplayName":"DataTypes","Description":"The browse entry point when looking for data types in the server address space.","RolePermissions":[],"UserRolePermissions":[],"References":[]}}}}