{"SequenceNumber":456,"MetaDataVersion":{"MajorVersion":1},"Timestamp":"2024-04-27T16:19:35.0804411Z","MessageType":"ua-event","DataSetWriterName":"<<UnknownDataSet>>","Payload":{"EventId":{"Value":"an86gaXZoECmIXdSS8ojog=="},"EventType":{"Value":{"IdType":1,"Id":"NodeChange"}},"SourceNode":{"Value":{"Id":10959,"Namespace":"http://test.org/UA/Data/"}},"Time":{"Value":"2024-04-27T16:19:35.0804396Z"},"Change":{"Value":{"NodeId":{"Id":10959,"Namespace":"http://test.org/UA/Data/"},"NodeClass":"Object_1","BrowseName":{"Name":"CycleComplete","Uri":"http://test.org/UA/Data/"},"DisplayName":"CycleComplete","RolePermissions":[],"UserRolePermissions":[],"References":[]}}}}