{"SequenceNumber":463,"MetaDataVersion":{"MajorVersion":1},"Timestamp":"2024-04-27T16:19:35.08476Z","MessageType":"ua-event","DataSetWriterName":"<<UnknownDataSet>>","Payload":{"EventId":{"Value":"Cr2JmAykhUqH0NqDyk1JEw=="},"EventType":{"Value":{"IdType":1,"Id":"ReferenceChange"}},"SourceNode":{"Value":{"Id":11383,"Namespace":"http://test.org/UA/Data/"}},"Time":{"Value":"2024-04-27T16:19:35.0847592Z"},"Change":{"Value":{"ReferenceTypeId":{"Id":36},"IsForward":true,"NodeId":{"Id":11384,"Namespace":"http://test.org/UA/Data/"},"BrowseName":{"Name":"SystemStatus","Uri":"http://test.org/UA/Data/"},"DisplayName":"SystemStatus","NodeClass":"Object_1","TypeDefinition":{"Id":10123,"Namespace":"http://test.org/UA/Data/"}}}}}