{"SequenceNumber":465,"MetaDataVersion":{"MajorVersion":1},"Timestamp":"2024-04-27T16:19:35.087404Z","MessageType":"ua-event","DataSetWriterName":"<<UnknownDataSet>>","Payload":{"EventId":{"Value":"wYDBtmbjs0+JDlcvY1aUYA=="},"EventType":{"Value":{"IdType":1,"Id":"NodeChange"}},"SourceNode":{"Value":{"Id":376,"Namespace":"http://opcfoundation.org/UA/Vehicles/Instances"}},"Time":{"Value":"2024-04-27T16:19:35.0874023Z"},"Change":{"Value":{"NodeId":{"Id":376,"Namespace":"http://opcfoundation.org/UA/Vehicles/Instances"},"NodeClass":"Variable_2","BrowseName":{"Name":"PrimaryVehicle","Uri":"http://opcfoundation.org/UA/Vehicles/Types"},"DisplayName":"PrimaryVehicle","RolePermissions":[],"UserRolePermissions":[],"References":[],"Value":null,"DataType":{"Id":314,"Namespace":"http://opcfoundation.org/UA/Vehicles/Types"},"ValueRank":-1,"ArrayDimensions":[],"AccessLevel":3,"UserAccessLevel":3,"AccessLevelEx":3}}}}