{"SequenceNumber":472,"MetaDataVersion":{"MajorVersion":1},"Timestamp":"2024-04-27T16:19:35.0919597Z","MessageType":"ua-event","DataSetWriterName":"<<UnknownDataSet>>","Payload":{"EventId":{"Value":"9xjY/c2sQE6hd1WfI713lw=="},"EventType":{"Value":{"IdType":1,"Id":"ReferenceChange"}},"SourceNode":{"Value":{"IdType":1,"Id":"Area99","Namespace":"http://opcfoundation.org/HistoricalEvents"}},"Time":{"Value":"2024-04-27T16:19:35.0919588Z"},"Change":{"Value":{"ReferenceTypeId":{"Id":48},"IsForward":true,"NodeId":{"IdType":1,"Id":"Well_86234","Namespace":"http://opcfoundation.org/HistoricalEvents"},"BrowseName":{"Name":"Saturn","Uri":"http://opcfoundation.org/HistoricalEvents"},"DisplayName":"Saturn","NodeClass":"Object_1","TypeDefinition":{"Id":308,"Namespace":"http://opcfoundation.org/HistoricalEvents"}}}}}