{"SequenceNumber":474,"MetaDataVersion":{"MajorVersion":1},"Timestamp":"2024-04-27T16:19:35.0934621Z","MessageType":"ua-event","DataSetWriterName":"<<UnknownDataSet>>","Payload":{"EventId":{"Value":"JYclhCOI4UKk3lIlZIUing=="},"EventType":{"Value":{"IdType":1,"Id":"ReferenceChange"}},"SourceNode":{"Value":{"IdType":1,"Id":"Area99","Namespace":"http://opcfoundation.org/HistoricalEvents"}},"Time":{"Value":"2024-04-27T16:19:35.0934612Z"},"Change":{"Value":{"ReferenceTypeId":{"Id":48},"IsForward":true,"NodeId":{"IdType":1,"Id":"Well_91423","Namespace":"http://opcfoundation.org/HistoricalEvents"},"BrowseName":{"Name":"Mars","Uri":"http://opcfoundation.org/HistoricalEvents"},"DisplayName":"Mars","NodeClass":"Object_1","TypeDefinition":{"Id":308,"Namespace":"http://opcfoundation.org/HistoricalEvents"}}}}}