{"SequenceNumber":48,"MetaDataVersion":{"MajorVersion":1},"Timestamp":"2024-04-27T16:19:34.6739072Z","MessageType":"ua-event","DataSetWriterName":"<<UnknownDataSet>>","Payload":{"EventId":{"Value":"N8Tl8Ym0QE+TtlhjOi0maQ=="},"EventType":{"Value":{"IdType":1,"Id":"NodeChange"}},"SourceNode":{"Value":{"Id":3048}},"Time":{"Value":"2024-04-27T16:19:34.6739043Z"},"Change":{"Value":{"NodeId":{"Id":3048},"NodeClass":"Object_1","BrowseName":{"Name":"EventTypes"},"DisplayName":"EventTypes","RolePermissions":[],"UserRolePermissions":[],"References":[]}}}}