{"SequenceNumber":480,"MetaDataVersion":{"MajorVersion":1},"Timestamp":"2024-04-27T16:19:35.0979934Z","MessageType":"ua-event","DataSetWriterName":"<<UnknownDataSet>>","Payload":{"EventId":{"Value":"fLmz4g7fM069u71GmVbN+A=="},"EventType":{"Value":{"IdType":1,"Id":"ReferenceChange"}},"SourceNode":{"Value":{"IdType":1,"Id":"0:Boiler #1","Namespace":"http://opcfoundation.org/UA/Views"}},"Time":{"Value":"2024-04-27T16:19:35.0979925Z"},"Change":{"Value":{"ReferenceTypeId":{"Id":47},"IsForward":true,"NodeId":{"IdType":1,"Id":"0:Boiler #1?Drum","Namespace":"http://opcfoundation.org/UA/Views"},"BrowseName":{"Name":"Drum","Uri":"http://opcfoundation.org/UA/Views"},"DisplayName":"Drum","NodeClass":"Object_1","TypeDefinition":{"Id":58}}}}}