{"SequenceNumber":485,"MetaDataVersion":{"MajorVersion":1},"Timestamp":"2024-04-27T16:19:35.1025551Z","MessageType":"ua-event","DataSetWriterName":"<<UnknownDataSet>>","Payload":{"EventId":{"Value":"07u6RDw7CUmw14XMZmdSww=="},"EventType":{"Value":{"IdType":1,"Id":"NodeChange"}},"SourceNode":{"Value":{"IdType":1,"Id":"0:Boiler #2?SteamOut","Namespace":"http://opcfoundation.org/UA/Views"}},"Time":{"Value":"2024-04-27T16:19:35.1025536Z"},"Change":{"Value":{"NodeId":{"IdType":1,"Id":"0:Boiler #2?SteamOut","Namespace":"http://opcfoundation.org/UA/Views"},"NodeClass":"Object_1","BrowseName":{"Name":"SteamOut","Uri":"http://opcfoundation.org/UA/Views"},"DisplayName":"SteamOut","RolePermissions":[],"UserRolePermissions":[],"References":[]}}}}