{"SequenceNumber":490,"MetaDataVersion":{"MajorVersion":1},"Timestamp":"2024-04-27T16:19:35.1057262Z","MessageType":"ua-event","DataSetWriterName":"<<UnknownDataSet>>","Payload":{"EventId":{"Value":"COfWEIQtGUuQwB7DglioXg=="},"EventType":{"Value":{"IdType":1,"Id":"ReferenceChange"}},"SourceNode":{"Value":{"IdType":1,"Id":"UInt32","Namespace":"http://samples.org/UA/memorybuffer/Instance"}},"Time":{"Value":"2024-04-27T16:19:35.1057253Z"},"Change":{"Value":{"ReferenceTypeId":{"Id":46},"IsForward":true,"NodeId":{"Id":1004,"Namespace":"http://samples.org/UA/memorybuffer"},"BrowseName":{"Name":"SizeInBytes","Uri":"http://samples.org/UA/memorybuffer"},"DisplayName":"SizeInBytes","NodeClass":"Variable_2","TypeDefinition":{"Id":68}}}}}