{"SequenceNumber":492,"MetaDataVersion":{"MajorVersion":1},"Timestamp":"2024-04-27T16:19:35.1072582Z","MessageType":"ua-event","DataSetWriterName":"<<UnknownDataSet>>","Payload":{"EventId":{"Value":"0xVXNnxIikSJAPpq8oO67g=="},"EventType":{"Value":{"IdType":1,"Id":"ReferenceChange"}},"SourceNode":{"Value":{"IdType":1,"Id":"UInt32","Namespace":"http://samples.org/UA/memorybuffer/Instance"}},"Time":{"Value":"2024-04-27T16:19:35.1072574Z"},"Change":{"Value":{"ReferenceTypeId":{"Id":47},"IsForward":true,"NodeId":{"IdType":1,"Id":"UInt32[0]","Namespace":"http://samples.org/UA/memorybuffer/Instance"},"BrowseName":{"Name":"00000000","Uri":"http://samples.org/UA/memorybuffer"},"DisplayName":"00000000","NodeClass":"Variable_2","TypeDefinition":{"Id":1018,"Namespace":"http://samples.org/UA/memorybuffer"}}}}}