{"SequenceNumber":53,"MetaDataVersion":{"MajorVersion":1},"Timestamp":"2024-04-27T16:19:34.6806001Z","MessageType":"ua-event","DataSetWriterName":"<<UnknownDataSet>>","Payload":{"EventId":{"Value":"2MwjZNXejEaVl9zdga68eA=="},"EventType":{"Value":{"IdType":1,"Id":"ReferenceChange"}},"SourceNode":{"Value":{"Id":87}},"Time":{"Value":"2024-04-27T16:19:34.6805989Z"},"Change":{"Value":{"ReferenceTypeId":{"Id":35},"IsForward":true,"NodeId":{"Id":441,"Namespace":"http://opcfoundation.org/UA/Views"},"BrowseName":{"Name":"Operations","Uri":"http://opcfoundation.org/UA/Views"},"DisplayName":"Operations","NodeClass":"View_128"}}}}