{"SequenceNumber":54,"MetaDataVersion":{"MajorVersion":1},"Timestamp":"2024-04-27T16:19:34.6857355Z","MessageType":"ua-event","DataSetWriterName":"<<UnknownDataSet>>","Payload":{"EventId":{"Value":"awpEhGlwGEauiA6WS4fNsg=="},"EventType":{"Value":{"IdType":1,"Id":"NodeChange"}},"SourceNode":{"Value":{"Id":441,"Namespace":"http://opcfoundation.org/UA/Views"}},"Time":{"Value":"2024-04-27T16:19:34.6857309Z"},"Change":{"Value":{"NodeId":{"Id":441,"Namespace":"http://opcfoundation.org/UA/Views"},"NodeClass":"View_128","BrowseName":{"Name":"Operations","Uri":"http://opcfoundation.org/UA/Views"},"DisplayName":"Operations","RolePermissions":[],"UserRolePermissions":[],"References":[]}}}}