{"SequenceNumber":55,"MetaDataVersion":{"MajorVersion":1},"Timestamp":"2024-04-27T16:19:34.687257Z","MessageType":"ua-event","DataSetWriterName":"<<UnknownDataSet>>","Payload":{"EventId":{"Value":"F7gxKjz+hEqJ9hj1BK8DxQ=="},"EventType":{"Value":{"IdType":1,"Id":"ReferenceChange"}},"SourceNode":{"Value":{"Id":87}},"Time":{"Value":"2024-04-27T16:19:34.6872541Z"},"Change":{"Value":{"ReferenceTypeId":{"Id":35},"IsForward":true,"NodeId":{"IdType":1,"Id":"Views_Engineering","Namespace":"http://opcfoundation.org/ReferenceApplications"},"BrowseName":{"Name":"Engineering","Uri":"http://opcfoundation.org/ReferenceApplications"},"DisplayName":"Engineering","NodeClass":"View_128"}}}}