{"SequenceNumber":66,"MetaDataVersion":{"MajorVersion":1},"Timestamp":"2024-04-27T16:19:34.7234986Z","MessageType":"ua-event","DataSetWriterName":"<<UnknownDataSet>>","Payload":{"EventId":{"Value":"oxNbEHUsyka/9Xi3Y7t6rA=="},"EventType":{"Value":{"IdType":1,"Id":"NodeChange"}},"SourceNode":{"Value":{"Id":2256}},"Time":{"Value":"2024-04-27T16:19:34.7234964Z"},"Change":{"Value":{"NodeId":{"Id":2256},"NodeClass":"Variable_2","BrowseName":{"Name":"ServerStatus"},"DisplayName":"ServerStatus","RolePermissions":[],"UserRolePermissions":[],"References":[],"Value":null,"DataType":{"Id":862},"ValueRank":-1,"ArrayDimensions":[],"AccessLevel":1,"UserAccessLevel":1,"MinimumSamplingInterval":1000,"AccessLevelEx":1}}}}