{"SequenceNumber":7,"MetaDataVersion":{"MajorVersion":1},"Timestamp":"2024-04-27T16:19:34.6040187Z","MessageType":"ua-event","DataSetWriterName":"<<UnknownDataSet>>","Payload":{"EventId":{"Value":"tsgilkynAEu8+eNo7OHPWg=="},"EventType":{"Value":{"IdType":1,"Id":"ReferenceChange"}},"SourceNode":{"Value":{"Id":85}},"Time":{"Value":"2024-04-27T16:19:34.6040155Z"},"Change":{"Value":{"ReferenceTypeId":{"Id":35},"IsForward":true,"NodeId":{"Id":2253},"BrowseName":{"Name":"Server"},"DisplayName":"Server","NodeClass":"Object_1","TypeDefinition":{"Id":2004}}}}}