{"SequenceNumber":71,"MetaDataVersion":{"MajorVersion":1},"Timestamp":"2024-04-27T16:19:34.7267227Z","MessageType":"ua-event","DataSetWriterName":"<<UnknownDataSet>>","Payload":{"EventId":{"Value":"4Dk6GGbceEiRbkF147eTYg=="},"EventType":{"Value":{"IdType":1,"Id":"ReferenceChange"}},"SourceNode":{"Value":{"Id":2253}},"Time":{"Value":"2024-04-27T16:19:34.7267217Z"},"Change":{"Value":{"ReferenceTypeId":{"Id":46},"IsForward":true,"NodeId":{"Id":17634},"BrowseName":{"Name":"LocalTime"},"DisplayName":"LocalTime","NodeClass":"Variable_2","TypeDefinition":{"Id":68}}}}}