{"SequenceNumber":74,"MetaDataVersion":{"MajorVersion":1},"Timestamp":"2024-04-27T16:19:34.7297081Z","MessageType":"ua-event","DataSetWriterName":"<<UnknownDataSet>>","Payload":{"EventId":{"Value":"rEeM5g0z60egj4cIHKyDJA=="},"EventType":{"Value":{"IdType":1,"Id":"NodeChange"}},"SourceNode":{"Value":{"Id":2268}},"Time":{"Value":"2024-04-27T16:19:34.7297048Z"},"Change":{"Value":{"NodeId":{"Id":2268},"NodeClass":"Object_1","BrowseName":{"Name":"ServerCapabilities"},"DisplayName":"ServerCapabilities","RolePermissions":[],"UserRolePermissions":[],"References":[]}}}}