{"SequenceNumber":75,"MetaDataVersion":{"MajorVersion":1},"Timestamp":"2024-04-27T16:19:34.7299361Z","MessageType":"ua-event","DataSetWriterName":"<<UnknownDataSet>>","Payload":{"EventId":{"Value":"DmlVm7JBq0aOM2qAgj6Obw=="},"EventType":{"Value":{"IdType":1,"Id":"ReferenceChange"}},"SourceNode":{"Value":{"Id":2253}},"Time":{"Value":"2024-04-27T16:19:34.7299347Z"},"Change":{"Value":{"ReferenceTypeId":{"Id":47},"IsForward":true,"NodeId":{"Id":2274},"BrowseName":{"Name":"ServerDiagnostics"},"DisplayName":"ServerDiagnostics","NodeClass":"Object_1","TypeDefinition":{"Id":2020}}}}}