{"SequenceNumber":82,"MetaDataVersion":{"MajorVersion":1},"Timestamp":"2024-04-27T16:19:34.7364463Z","MessageType":"ua-event","DataSetWriterName":"<<UnknownDataSet>>","Payload":{"EventId":{"Value":"XiMKFhr8+UOj+GV28IMgFg=="},"EventType":{"Value":{"IdType":1,"Id":"NodeChange"}},"SourceNode":{"Value":{"Id":11715}},"Time":{"Value":"2024-04-27T16:19:34.7364439Z"},"Change":{"Value":{"NodeId":{"Id":11715},"NodeClass":"Object_1","BrowseName":{"Name":"Namespaces"},"DisplayName":"Namespaces","RolePermissions":[],"UserRolePermissions":[],"References":[]}}}}