{"SequenceNumber":87,"MetaDataVersion":{"MajorVersion":1},"Timestamp":"2024-04-27T16:19:34.7407091Z","MessageType":"ua-event","DataSetWriterName":"<<UnknownDataSet>>","Payload":{"EventId":{"Value":"jM+k3mTBu0qJ6QP5jwIHrw=="},"EventType":{"Value":{"IdType":1,"Id":"ReferenceChange"}},"SourceNode":{"Value":{"Id":2253}},"Time":{"Value":"2024-04-27T16:19:34.7407068Z"},"Change":{"Value":{"ReferenceTypeId":{"Id":47},"IsForward":true,"NodeId":{"Id":12886},"BrowseName":{"Name":"RequestServerStateChange"},"DisplayName":"RequestServerStateChange","NodeClass":"Method_4","TypeDefinition":{"Id":12883}}}}}