{"SequenceNumber":9,"MetaDataVersion":{"MajorVersion":1},"Timestamp":"2024-04-27T16:19:34.6071192Z","MessageType":"ua-event","DataSetWriterName":"<<UnknownDataSet>>","Payload":{"EventId":{"Value":"PfSHK6/FwkK8MndSEnvFwQ=="},"EventType":{"Value":{"IdType":1,"Id":"ReferenceChange"}},"SourceNode":{"Value":{"Id":85}},"Time":{"Value":"2024-04-27T16:19:34.6071179Z"},"Change":{"Value":{"ReferenceTypeId":{"Id":35},"IsForward":true,"NodeId":{"Id":23470},"BrowseName":{"Name":"Aliases"},"DisplayName":"Aliases","NodeClass":"Object_1","TypeDefinition":{"Id":23456}}}}}