{"SequenceNumber":94,"MetaDataVersion":{"MajorVersion":1},"Timestamp":"2024-04-27T16:19:34.7483729Z","MessageType":"ua-event","DataSetWriterName":"<<UnknownDataSet>>","Payload":{"EventId":{"Value":"x0foSa9vkkecwttaPRk0Vg=="},"EventType":{"Value":{"IdType":1,"Id":"NodeChange"}},"SourceNode":{"Value":{"Id":32637}},"Time":{"Value":"2024-04-27T16:19:34.7483703Z"},"Change":{"Value":{"NodeId":{"Id":32637},"NodeClass":"Object_1","BrowseName":{"Name":"DefaultHAConfiguration"},"DisplayName":"DefaultHAConfiguration","RolePermissions":[],"UserRolePermissions":[],"References":[]}}}}