{"SequenceNumber":97,"MetaDataVersion":{"MajorVersion":1},"Timestamp":"2024-04-27T16:19:34.7501837Z","MessageType":"ua-event","DataSetWriterName":"<<UnknownDataSet>>","Payload":{"EventId":{"Value":"nAA5l/k1QEuTyV4gzfyqzA=="},"EventType":{"Value":{"IdType":1,"Id":"ReferenceChange"}},"SourceNode":{"Value":{"Id":2253}},"Time":{"Value":"2024-04-27T16:19:34.7501825Z"},"Change":{"Value":{"ReferenceTypeId":{"Id":47},"IsForward":true,"NodeId":{"Id":14443},"BrowseName":{"Name":"PublishSubscribe"},"DisplayName":"PublishSubscribe","NodeClass":"Object_1","TypeDefinition":{"Id":14416}}}}}