{"ConditionClassId":null,"ConditionClassName":null,"ConditionSubClassId":null,"ConditionSubClassName":null,"EventId":"YuJIuawiLUu1KaNMElo+sg==","EventType":{"Id":10751},"LocalTime":{"Offset":120,"DaylightSavingInOffset":true},"Message":"The alarm severity has increased.","ReceiveTime":"2024-04-28T11:14:17.6306488Z","Severity":500,"SourceName":"EastTank","SourceNode":{"IdType":1,"Id":"1:Colours/EastTank","Namespace":"http://opcfoundation.org/AlarmCondition"},"Time":"2024-04-28T11:14:17.6306343Z"}