{"ConditionClassId":null,"ConditionClassName":null,"ConditionSubClassId":null,"ConditionSubClassName":null,"EventId":"Qfe4244mtEWUbtVG/YNY/A==","EventType":{"Id":10060},"LocalTime":{"Offset":120,"DaylightSavingInOffset":true},"Message":"The alarm severity has increased.","ReceiveTime":"2024-04-28T11:14:33.6314711Z","Severity":900,"SourceName":"EastTank","SourceNode":{"IdType":1,"Id":"1:Colours/EastTank","Namespace":"http://opcfoundation.org/AlarmCondition"},"Time":"2024-04-28T11:14:33.6314468Z"}