{"ConditionClassId":null,"ConditionClassName":null,"ConditionSubClassId":null,"ConditionSubClassName":null,"EventId":"Hl7VzDCtqkqws1VMXIjOPw==","EventType":{"Id":9764},"LocalTime":{"Offset":120,"DaylightSavingInOffset":true},"Message":"The alarm was deactivated by the system.","ReceiveTime":"2024-04-28T11:14:42.6389188Z","Severity":100,"SourceName":"NorthMotor","SourceNode":{"IdType":1,"Id":"1:Colours/NorthMotor","Namespace":"http://opcfoundation.org/AlarmCondition"},"Time":"2024-04-28T11:14:42.6389115Z"}