{"MessageId":"b70fd329-16a2-4f4e-a50e-0cc1278c76fa","MessageType":"ua-data","PublisherId":"DESKTOP-BGFJS91","DataSetWriterGroup":"<<UnknownWriterGroup>>","Messages":[{"MetaDataVersion":{"MajorVersion":1},"MessageType":"ua-deltaframe","DataSetWriterName":"<<UnknownDataSet>>","Payload":{"i=2258":{"Value":"2024-04-27T10:07:49.6924454Z","SourceTimestamp":"2024-04-27T10:06:01.6837863Z"},"nsu=http://opcfoundation.org/UA/Plc/Applications;s=StepUp":{"Value":1088,"SourceTimestamp":"2024-04-27T10:07:49.6447745Z"},"nsu=http://opcfoundation.org/UA/Plc/Applications;s=AlternatingBoolean":{"Value":false,"SourceTimestamp":"2024-04-27T10:07:49.64479Z"},"nsu=http://opcfoundation.org/UA/Plc/Applications;s=RandomSignedInt32":{"Value":-1104292028,"SourceTimestamp":"2024-04-27T10:07:49.6447945Z"},"nsu=http://opcfoundation.org/UA/Plc/Applications;s=RandomUnsignedInt32":{"Value":1210618587,"SourceTimestamp":"2024-04-27T10:07:49.6448195Z"},"nsu=http://opcfoundation.org/UA/Plc/Applications;s=DipData":{"Value":99.80267284282715,"SourceTimestamp":"2024-04-27T10:07:49.6448161Z"},"nsu=http://opcfoundation.org/UA/Plc/Applications;s=FastUIntScalar1":{"Value":108,"SourceTimestamp":"2024-04-27T10:07:48.8399991Z"},"nsu=http://opcfoundation.org/UA/Plc/Applications;s=FastUIntScalar2":{"Value":108,"SourceTimestamp":"2024-04-27T10:07:48.8400044Z"},"nsu=http://opcfoundation.org/UA/Plc/Applications;s=FastUIntScalar3":{"Value":108,"SourceTimestamp":"2024-04-27T10:07:48.8400084Z"},"nsu=http://opcfoundation.org/UA/Plc/Applications;s=FastRandomUIntScalar1":{"Value":3002969227,"SourceTimestamp":"2024-04-27T10:07:48.8400003Z"},"nsu=http://opcfoundation.org/UA/Plc/Applications;s=FastRandomUIntScalar2":{"Value":3201518218,"SourceTimestamp":"2024-04-27T10:07:48.8400071Z"},"nsu=http://opcfoundation.org/UA/Plc/Applications;s=FastRandomUIntScalar3":{"Value":1827455121,"SourceTimestamp":"2024-04-27T10:07:48.8400088Z"},"nsu=http://opcfoundation.org/UA/Plc/Applications;s=NegativeTrendData":{"Value":98.400000000000006,"SourceTimestamp":"2024-04-27T10:07:49.6448121Z"},"nsu=http://opcfoundation.org/UA/Plc/Applications;s=PositiveTrendData":{"Value":102,"SourceTimestamp":"2024-04-27T10:07:49.6448163Z"},"nsu=http://opcfoundation.org/UA/Plc/Applications;s=SlowUIntScalar1":{"Value":10,"SourceTimestamp":"2024-04-27T10:07:40.840106Z"},"nsu=http://opcfoundation.org/UA/Plc/Applications;s=SlowUIntScalar2":{"Value":10,"SourceTimestamp":"2024-04-27T10:07:40.840118Z"},"nsu=http://opcfoundation.org/UA/Plc/Applications;s=SlowUIntScalar3":{"Value":10,"SourceTimestamp":"2024-04-27T10:07:40.8401204Z"},"nsu=http://opcfoundation.org/UA/Plc/Applications;s=BadSlowUIntScalar1":{"Value":null,"StatusCode":{"Symbol":"BadNoCommunication","Code":2150694912},"SourceTimestamp":"2024-04-27T10:07:40.8401229Z"},"nsu=http://opcfoundation.org/UA/Plc/Applications;s=SlowRandomUIntScalar1":{"Value":1915438056,"SourceTimestamp":"2024-04-27T10:07:40.8401659Z"},"nsu=http://opcfoundation.org/UA/Plc/Applications;s=SlowRandomUIntScalar2":{"Value":180871358,"SourceTimestamp":"2024-04-27T10:07:40.8401764Z"},"nsu=http://opcfoundation.org/UA/Plc/Applications;s=SlowRandomUIntScalar3":{"Value":4120568380,"SourceTimestamp":"2024-04-27T10:07:40.840179Z"},"nsu=http://opcfoundation.org/UA/Plc/Applications;s=BadSlowRandomUIntScalar1":{"Value":null,"StatusCode":{"Symbol":"BadNoCommunication","Code":2150694912},"SourceTimestamp":"2024-04-27T10:07:40.8401821Z"},"nsu=http://opcfoundation.org/UA/Plc/Applications;s=SpikeData":{"Value":99.80267284282715,"SourceTimestamp":"2024-04-27T10:07:49.644824Z"},"ns=23;i=1259":{"Value":-0.52800000000000002,"SourceTimestamp":"2024-04-27T10:06:01.6838217Z"}}}]}