{"MessageId":"7cccf85b-7e9e-46d8-8567-cf8ed3f3c7f3","MessageType":"ua-data","PublisherId":"DESKTOP-BGFJS91","DataSetWriterGroup":"<<UnknownWriterGroup>>","Messages":[{"MetaDataVersion":{"MajorVersion":1},"MessageType":"ua-deltaframe","DataSetWriterName":"<<UnknownDataSet>>","Payload":{"i=2258":{"Value":"2024-04-27T10:07:55.6987966Z","SourceTimestamp":"2024-04-27T10:06:01.6837863Z"},"nsu=http://opcfoundation.org/UA/Plc/Applications;s=StepUp":{"Value":1148,"SourceTimestamp":"2024-04-27T10:07:55.6369086Z"},"nsu=http://opcfoundation.org/UA/Plc/Applications;s=AlternatingBoolean":{"Value":true,"SourceTimestamp":"2024-04-27T10:07:55.6369312Z"},"nsu=http://opcfoundation.org/UA/Plc/Applications;s=RandomSignedInt32":{"Value":-566668737,"SourceTimestamp":"2024-04-27T10:07:55.6369297Z"},"nsu=http://opcfoundation.org/UA/Plc/Applications;s=RandomUnsignedInt32":{"Value":547386630,"SourceTimestamp":"2024-04-27T10:07:55.6369357Z"},"nsu=http://opcfoundation.org/UA/Plc/Applications;s=DipData":{"Value":36.812455268467801,"SourceTimestamp":"2024-04-27T10:07:55.6369709Z"},"nsu=http://opcfoundation.org/UA/Plc/Applications;s=FastUIntScalar1":{"Value":114,"SourceTimestamp":"2024-04-27T10:07:54.8414458Z"},"nsu=http://opcfoundation.org/UA/Plc/Applications;s=FastUIntScalar2":{"Value":114,"SourceTimestamp":"2024-04-27T10:07:54.841455Z"},"nsu=http://opcfoundation.org/UA/Plc/Applications;s=FastUIntScalar3":{"Value":114,"SourceTimestamp":"2024-04-27T10:07:54.8414567Z"},"nsu=http://opcfoundation.org/UA/Plc/Applications;s=FastRandomUIntScalar1":{"Value":1844710877,"SourceTimestamp":"2024-04-27T10:07:54.8414642Z"},"nsu=http://opcfoundation.org/UA/Plc/Applications;s=FastRandomUIntScalar2":{"Value":3849349618,"SourceTimestamp":"2024-04-27T10:07:54.8414745Z"},"nsu=http://opcfoundation.org/UA/Plc/Applications;s=FastRandomUIntScalar3":{"Value":1599999703,"SourceTimestamp":"2024-04-27T10:07:54.8414772Z"},"nsu=http://opcfoundation.org/UA/Plc/Applications;s=NegativeTrendData":{"Value":98.299999999999997,"SourceTimestamp":"2024-04-27T10:07:55.6369496Z"},"nsu=http://opcfoundation.org/UA/Plc/Applications;s=PositiveTrendData":{"Value":102.09999999999999,"SourceTimestamp":"2024-04-27T10:07:55.6369497Z"},"nsu=http://opcfoundation.org/UA/Plc/Applications;s=SlowUIntScalar1":{"Value":11,"SourceTimestamp":"2024-04-27T10:07:50.8472071Z"},"nsu=http://opcfoundation.org/UA/Plc/Applications;s=SlowUIntScalar2":{"Value":11,"SourceTimestamp":"2024-04-27T10:07:50.8472136Z"},"nsu=http://opcfoundation.org/UA/Plc/Applications;s=SlowUIntScalar3":{"Value":11,"SourceTimestamp":"2024-04-27T10:07:50.8472164Z"},"nsu=http://opcfoundation.org/UA/Plc/Applications;s=BadSlowUIntScalar1":{"Value":1,"SourceTimestamp":"2024-04-27T10:07:50.8472182Z"},"nsu=http://opcfoundation.org/UA/Plc/Applications;s=SlowRandomUIntScalar1":{"Value":212383173,"SourceTimestamp":"2024-04-27T10:07:50.8471943Z"},"nsu=http://opcfoundation.org/UA/Plc/Applications;s=SlowRandomUIntScalar2":{"Value":2918089920,"SourceTimestamp":"2024-04-27T10:07:50.8472124Z"},"nsu=http://opcfoundation.org/UA/Plc/Applications;s=SlowRandomUIntScalar3":{"Value":1293327121,"SourceTimestamp":"2024-04-27T10:07:50.8472153Z"},"nsu=http://opcfoundation.org/UA/Plc/Applications;s=BadSlowRandomUIntScalar1":{"Value":2595363992,"SourceTimestamp":"2024-04-27T10:07:50.8472176Z"},"nsu=http://opcfoundation.org/UA/Plc/Applications;s=SpikeData":{"Value":36.812455268467801,"SourceTimestamp":"2024-04-27T10:07:55.6369591Z"},"ns=23;i=1259":{"Value":-0.70000000000000007,"SourceTimestamp":"2024-04-27T10:06:01.6838217Z"}}}]}