{"MessageId":"3c6bf84f-6499-475c-a41f-e42b34aa31e4","MessageType":"ua-data","PublisherId":"DESKTOP-BGFJS91","DataSetWriterGroup":"<<UnknownWriterGroup>>","Messages":[{"MetaDataVersion":{"MajorVersion":1},"MessageType":"ua-deltaframe","DataSetWriterName":"<<UnknownDataSet>>","Payload":{"i=2258":{"Value":"2024-04-27T10:06:04.695278Z","SourceTimestamp":"2024-04-27T10:06:01.6837863Z"},"nsu=http://opcfoundation.org/UA/Plc/Applications;s=StepUp":{"Value":38,"SourceTimestamp":"2024-04-27T10:06:04.6484263Z"},"nsu=http://opcfoundation.org/UA/Plc/Applications;s=AlternatingBoolean":{"Value":true,"SourceTimestamp":"2024-04-27T10:06:04.6484222Z"},"nsu=http://opcfoundation.org/UA/Plc/Applications;s=RandomSignedInt32":{"Value":134641392,"SourceTimestamp":"2024-04-27T10:06:04.6484384Z"},"nsu=http://opcfoundation.org/UA/Plc/Applications;s=RandomUnsignedInt32":{"Value":1807008843,"SourceTimestamp":"2024-04-27T10:06:04.6484396Z"},"nsu=http://opcfoundation.org/UA/Plc/Applications;s=DipData":{"Value":99.80267284282715,"SourceTimestamp":"2024-04-27T10:06:04.6484497Z"},"nsu=http://opcfoundation.org/UA/Plc/Applications;s=FastUIntScalar1":{"Value":3,"SourceTimestamp":"2024-04-27T10:06:03.8389133Z"},"nsu=http://opcfoundation.org/UA/Plc/Applications;s=FastUIntScalar2":{"Value":3,"SourceTimestamp":"2024-04-27T10:06:03.8389304Z"},"nsu=http://opcfoundation.org/UA/Plc/Applications;s=FastUIntScalar3":{"Value":3,"SourceTimestamp":"2024-04-27T10:06:03.8389347Z"},"nsu=http://opcfoundation.org/UA/Plc/Applications;s=FastRandomUIntScalar1":{"Value":896004725,"SourceTimestamp":"2024-04-27T10:06:03.8389132Z"},"nsu=http://opcfoundation.org/UA/Plc/Applications;s=FastRandomUIntScalar2":{"Value":1272990344,"SourceTimestamp":"2024-04-27T10:06:03.8389233Z"},"nsu=http://opcfoundation.org/UA/Plc/Applications;s=FastRandomUIntScalar3":{"Value":1803101287,"SourceTimestamp":"2024-04-27T10:06:03.8389332Z"},"nsu=http://opcfoundation.org/UA/Plc/Applications;s=NegativeTrendData":{"Value":100,"SourceTimestamp":"2024-04-27T10:06:04.6484446Z"},"nsu=http://opcfoundation.org/UA/Plc/Applications;s=PositiveTrendData":{"Value":100,"SourceTimestamp":"2024-04-27T10:06:04.6484449Z"},"nsu=http://opcfoundation.org/UA/Plc/Applications;s=SlowUIntScalar1":{"Value":0,"SourceTimestamp":"2024-04-27T10:06:00.8361354Z"},"nsu=http://opcfoundation.org/UA/Plc/Applications;s=SlowUIntScalar2":{"Value":0,"SourceTimestamp":"2024-04-27T10:06:00.836136Z"},"nsu=http://opcfoundation.org/UA/Plc/Applications;s=SlowUIntScalar3":{"Value":0,"SourceTimestamp":"2024-04-27T10:06:00.8361366Z"},"nsu=http://opcfoundation.org/UA/Plc/Applications;s=BadSlowUIntScalar1":{"Value":0,"SourceTimestamp":"2024-04-27T10:06:00.8361385Z"},"nsu=http://opcfoundation.org/UA/Plc/Applications;s=SlowRandomUIntScalar1":{"Value":0,"SourceTimestamp":"2024-04-27T10:06:00.8361443Z"},"nsu=http://opcfoundation.org/UA/Plc/Applications;s=SlowRandomUIntScalar2":{"Value":0,"SourceTimestamp":"2024-04-27T10:06:00.8361448Z"},"nsu=http://opcfoundation.org/UA/Plc/Applications;s=SlowRandomUIntScalar3":{"Value":0,"SourceTimestamp":"2024-04-27T10:06:00.8361452Z"},"nsu=http://opcfoundation.org/UA/Plc/Applications;s=BadSlowRandomUIntScalar1":{"Value":0,"SourceTimestamp":"2024-04-27T10:06:00.8361475Z"},"nsu=http://opcfoundation.org/UA/Plc/Applications;s=SpikeData":{"Value":99.80267284282715,"SourceTimestamp":"2024-04-27T10:06:04.6484802Z"},"ns=23;i=1259":{"Value":-1.5,"SourceTimestamp":"2024-04-27T10:06:01.6838217Z"}}}]}