{"MessageId":"710cae46-4e3d-400b-83b8-722eea2427bc","MessageType":"ua-data","PublisherId":"DESKTOP-BGFJS91","DataSetWriterGroup":"<<UnknownWriterGroup>>","Messages":[{"MetaDataVersion":{"MajorVersion":1},"MessageType":"ua-deltaframe","DataSetWriterName":"<<UnknownDataSet>>","Payload":{"i=2258":{"Value":"2024-04-27T10:06:31.70052Z","SourceTimestamp":"2024-04-27T10:06:01.6837863Z"},"nsu=http://opcfoundation.org/UA/Plc/Applications;s=StepUp":{"Value":308,"SourceTimestamp":"2024-04-27T10:06:31.637718Z"},"nsu=http://opcfoundation.org/UA/Plc/Applications;s=AlternatingBoolean":{"Value":true,"SourceTimestamp":"2024-04-27T10:06:31.6377179Z"},"nsu=http://opcfoundation.org/UA/Plc/Applications;s=RandomSignedInt32":{"Value":-1790877269,"SourceTimestamp":"2024-04-27T10:06:31.6377318Z"},"nsu=http://opcfoundation.org/UA/Plc/Applications;s=RandomUnsignedInt32":{"Value":368105932,"SourceTimestamp":"2024-04-27T10:06:31.637732Z"},"nsu=http://opcfoundation.org/UA/Plc/Applications;s=DipData":{"Value":-77.0513242775789,"SourceTimestamp":"2024-04-27T10:06:31.6377409Z"},"nsu=http://opcfoundation.org/UA/Plc/Applications;s=FastUIntScalar1":{"Value":30,"SourceTimestamp":"2024-04-27T10:06:30.8497845Z"},"nsu=http://opcfoundation.org/UA/Plc/Applications;s=FastUIntScalar2":{"Value":30,"SourceTimestamp":"2024-04-27T10:06:30.8497876Z"},"nsu=http://opcfoundation.org/UA/Plc/Applications;s=FastUIntScalar3":{"Value":30,"SourceTimestamp":"2024-04-27T10:06:30.8497889Z"},"nsu=http://opcfoundation.org/UA/Plc/Applications;s=FastRandomUIntScalar1":{"Value":4135238188,"SourceTimestamp":"2024-04-27T10:06:30.849801Z"},"nsu=http://opcfoundation.org/UA/Plc/Applications;s=FastRandomUIntScalar2":{"Value":3116915093,"SourceTimestamp":"2024-04-27T10:06:30.8498022Z"},"nsu=http://opcfoundation.org/UA/Plc/Applications;s=FastRandomUIntScalar3":{"Value":1701614185,"SourceTimestamp":"2024-04-27T10:06:30.8498037Z"},"nsu=http://opcfoundation.org/UA/Plc/Applications;s=NegativeTrendData":{"Value":99.900000000000006,"SourceTimestamp":"2024-04-27T10:06:31.6377408Z"},"nsu=http://opcfoundation.org/UA/Plc/Applications;s=PositiveTrendData":{"Value":100.5,"SourceTimestamp":"2024-04-27T10:06:31.6377409Z"},"nsu=http://opcfoundation.org/UA/Plc/Applications;s=SlowUIntScalar1":{"Value":3,"SourceTimestamp":"2024-04-27T10:06:30.8497127Z"},"nsu=http://opcfoundation.org/UA/Plc/Applications;s=SlowUIntScalar2":{"Value":3,"SourceTimestamp":"2024-04-27T10:06:30.8497251Z"},"nsu=http://opcfoundation.org/UA/Plc/Applications;s=SlowUIntScalar3":{"Value":3,"SourceTimestamp":"2024-04-27T10:06:30.8497281Z"},"nsu=http://opcfoundation.org/UA/Plc/Applications;s=BadSlowUIntScalar1":{"Value":3,"SourceTimestamp":"2024-04-27T10:06:30.849731Z"},"nsu=http://opcfoundation.org/UA/Plc/Applications;s=SlowRandomUIntScalar1":{"Value":620034459,"SourceTimestamp":"2024-04-27T10:06:30.8497577Z"},"nsu=http://opcfoundation.org/UA/Plc/Applications;s=SlowRandomUIntScalar2":{"Value":201894472,"SourceTimestamp":"2024-04-27T10:06:30.8497672Z"},"nsu=http://opcfoundation.org/UA/Plc/Applications;s=SlowRandomUIntScalar3":{"Value":1275359037,"SourceTimestamp":"2024-04-27T10:06:30.84977Z"},"nsu=http://opcfoundation.org/UA/Plc/Applications;s=BadSlowRandomUIntScalar1":{"Value":143962952,"SourceTimestamp":"2024-04-27T10:06:30.8497725Z"},"nsu=http://opcfoundation.org/UA/Plc/Applications;s=SpikeData":{"Value":-77.0513242775789,"SourceTimestamp":"2024-04-27T10:06:31.6377461Z"},"ns=23;i=1259":{"Value":-0.29999999999999999,"SourceTimestamp":"2024-04-27T10:06:01.6838217Z"}}}]}