{"MessageId":"247d4744-e975-4bbb-9677-f4381ec6b259","MessageType":"ua-data","PublisherId":"DESKTOP-BGFJS91","DataSetWriterGroup":"<<UnknownWriterGroup>>","Messages":[{"MetaDataVersion":{"MajorVersion":1},"MessageType":"ua-deltaframe","DataSetWriterName":"<<UnknownDataSet>>","Payload":{"i=2258":{"Value":"2024-04-27T10:06:37.6992933Z","SourceTimestamp":"2024-04-27T10:06:01.6837863Z"},"nsu=http://opcfoundation.org/UA/Plc/Applications;s=StepUp":{"Value":368,"SourceTimestamp":"2024-04-27T10:06:37.6369278Z"},"nsu=http://opcfoundation.org/UA/Plc/Applications;s=AlternatingBoolean":{"Value":false,"SourceTimestamp":"2024-04-27T10:06:37.6369382Z"},"nsu=http://opcfoundation.org/UA/Plc/Applications;s=RandomSignedInt32":{"Value":58203310,"SourceTimestamp":"2024-04-27T10:06:37.6369629Z"},"nsu=http://opcfoundation.org/UA/Plc/Applications;s=RandomUnsignedInt32":{"Value":597592646,"SourceTimestamp":"2024-04-27T10:06:37.6369505Z"},"nsu=http://opcfoundation.org/UA/Plc/Applications;s=DipData":{"Value":-84.432792550201526,"SourceTimestamp":"2024-04-27T10:06:37.6369629Z"},"nsu=http://opcfoundation.org/UA/Plc/Applications;s=FastUIntScalar1":{"Value":36,"SourceTimestamp":"2024-04-27T10:06:36.8359361Z"},"nsu=http://opcfoundation.org/UA/Plc/Applications;s=FastUIntScalar2":{"Value":36,"SourceTimestamp":"2024-04-27T10:06:36.8359422Z"},"nsu=http://opcfoundation.org/UA/Plc/Applications;s=FastUIntScalar3":{"Value":36,"SourceTimestamp":"2024-04-27T10:06:36.8359438Z"},"nsu=http://opcfoundation.org/UA/Plc/Applications;s=FastRandomUIntScalar1":{"Value":3873379148,"SourceTimestamp":"2024-04-27T10:06:36.8359345Z"},"nsu=http://opcfoundation.org/UA/Plc/Applications;s=FastRandomUIntScalar2":{"Value":1364381955,"SourceTimestamp":"2024-04-27T10:06:36.8359391Z"},"nsu=http://opcfoundation.org/UA/Plc/Applications;s=FastRandomUIntScalar3":{"Value":3694094387,"SourceTimestamp":"2024-04-27T10:06:36.8359477Z"},"nsu=http://opcfoundation.org/UA/Plc/Applications;s=NegativeTrendData":{"Value":99.799999999999997,"SourceTimestamp":"2024-04-27T10:06:37.6369627Z"},"nsu=http://opcfoundation.org/UA/Plc/Applications;s=PositiveTrendData":{"Value":100.59999999999999,"SourceTimestamp":"2024-04-27T10:06:37.6369685Z"},"nsu=http://opcfoundation.org/UA/Plc/Applications;s=SlowUIntScalar1":{"Value":3,"SourceTimestamp":"2024-04-27T10:06:30.8497127Z"},"nsu=http://opcfoundation.org/UA/Plc/Applications;s=SlowUIntScalar2":{"Value":3,"SourceTimestamp":"2024-04-27T10:06:30.8497251Z"},"nsu=http://opcfoundation.org/UA/Plc/Applications;s=SlowUIntScalar3":{"Value":3,"SourceTimestamp":"2024-04-27T10:06:30.8497281Z"},"nsu=http://opcfoundation.org/UA/Plc/Applications;s=BadSlowUIntScalar1":{"Value":3,"SourceTimestamp":"2024-04-27T10:06:30.849731Z"},"nsu=http://opcfoundation.org/UA/Plc/Applications;s=SlowRandomUIntScalar1":{"Value":620034459,"SourceTimestamp":"2024-04-27T10:06:30.8497577Z"},"nsu=http://opcfoundation.org/UA/Plc/Applications;s=SlowRandomUIntScalar2":{"Value":201894472,"SourceTimestamp":"2024-04-27T10:06:30.8497672Z"},"nsu=http://opcfoundation.org/UA/Plc/Applications;s=SlowRandomUIntScalar3":{"Value":1275359037,"SourceTimestamp":"2024-04-27T10:06:30.84977Z"},"nsu=http://opcfoundation.org/UA/Plc/Applications;s=BadSlowRandomUIntScalar1":{"Value":143962952,"SourceTimestamp":"2024-04-27T10:06:30.8497725Z"},"nsu=http://opcfoundation.org/UA/Plc/Applications;s=SpikeData":{"Value":-84.432792550201526,"SourceTimestamp":"2024-04-27T10:06:37.6369729Z"},"ns=23;i=1259":{"Value":0.66700000000000004,"SourceTimestamp":"2024-04-27T10:06:01.6838217Z"}}}]}