{"MessageId":"6660e027-fadf-4f9a-b23c-55acef742ae4","MessageType":"ua-data","PublisherId":"DESKTOP-BGFJS91","DataSetWriterGroup":"<<UnknownWriterGroup>>","Messages":[{"MetaDataVersion":{"MajorVersion":1},"MessageType":"ua-deltaframe","DataSetWriterName":"<<UnknownDataSet>>","Payload":{"i=2258":{"Value":"2024-04-27T10:07:12.68921Z","SourceTimestamp":"2024-04-27T10:06:01.6837863Z"},"nsu=http://opcfoundation.org/UA/Plc/Applications;s=StepUp":{"Value":718,"SourceTimestamp":"2024-04-27T10:07:12.6423787Z"},"nsu=http://opcfoundation.org/UA/Plc/Applications;s=AlternatingBoolean":{"Value":true,"SourceTimestamp":"2024-04-27T10:07:12.6423787Z"},"nsu=http://opcfoundation.org/UA/Plc/Applications;s=RandomSignedInt32":{"Value":-1855663594,"SourceTimestamp":"2024-04-27T10:07:12.6423848Z"},"nsu=http://opcfoundation.org/UA/Plc/Applications;s=RandomUnsignedInt32":{"Value":699450921,"SourceTimestamp":"2024-04-27T10:07:12.6423882Z"},"nsu=http://opcfoundation.org/UA/Plc/Applications;s=DipData":{"Value":-84.432792550201526,"SourceTimestamp":"2024-04-27T10:07:12.6424007Z"},"nsu=http://opcfoundation.org/UA/Plc/Applications;s=FastUIntScalar1":{"Value":71,"SourceTimestamp":"2024-04-27T10:07:11.8384848Z"},"nsu=http://opcfoundation.org/UA/Plc/Applications;s=FastUIntScalar2":{"Value":71,"SourceTimestamp":"2024-04-27T10:07:11.8384941Z"},"nsu=http://opcfoundation.org/UA/Plc/Applications;s=FastUIntScalar3":{"Value":71,"SourceTimestamp":"2024-04-27T10:07:11.8384962Z"},"nsu=http://opcfoundation.org/UA/Plc/Applications;s=FastRandomUIntScalar1":{"Value":4035351176,"SourceTimestamp":"2024-04-27T10:07:11.838505Z"},"nsu=http://opcfoundation.org/UA/Plc/Applications;s=FastRandomUIntScalar2":{"Value":1719674202,"SourceTimestamp":"2024-04-27T10:07:11.8385139Z"},"nsu=http://opcfoundation.org/UA/Plc/Applications;s=FastRandomUIntScalar3":{"Value":1754421883,"SourceTimestamp":"2024-04-27T10:07:11.8385163Z"},"nsu=http://opcfoundation.org/UA/Plc/Applications;s=NegativeTrendData":{"Value":99.099999999999994,"SourceTimestamp":"2024-04-27T10:07:12.6423983Z"},"nsu=http://opcfoundation.org/UA/Plc/Applications;s=PositiveTrendData":{"Value":101.3,"SourceTimestamp":"2024-04-27T10:07:12.6423992Z"},"nsu=http://opcfoundation.org/UA/Plc/Applications;s=SlowUIntScalar1":{"Value":7,"SourceTimestamp":"2024-04-27T10:07:10.84312Z"},"nsu=http://opcfoundation.org/UA/Plc/Applications;s=SlowUIntScalar2":{"Value":7,"SourceTimestamp":"2024-04-27T10:07:10.8431303Z"},"nsu=http://opcfoundation.org/UA/Plc/Applications;s=SlowUIntScalar3":{"Value":7,"SourceTimestamp":"2024-04-27T10:07:10.8431327Z"},"nsu=http://opcfoundation.org/UA/Plc/Applications;s=BadSlowUIntScalar1":{"Value":7,"SourceTimestamp":"2024-04-27T10:07:10.8431357Z"},"nsu=http://opcfoundation.org/UA/Plc/Applications;s=SlowRandomUIntScalar1":{"Value":652562203,"SourceTimestamp":"2024-04-27T10:07:10.8431575Z"},"nsu=http://opcfoundation.org/UA/Plc/Applications;s=SlowRandomUIntScalar2":{"Value":154355381,"SourceTimestamp":"2024-04-27T10:07:10.8431884Z"},"nsu=http://opcfoundation.org/UA/Plc/Applications;s=SlowRandomUIntScalar3":{"Value":702647981,"SourceTimestamp":"2024-04-27T10:07:10.8431912Z"},"nsu=http://opcfoundation.org/UA/Plc/Applications;s=BadSlowRandomUIntScalar1":{"Value":1576318644,"SourceTimestamp":"2024-04-27T10:07:10.8431939Z"},"nsu=http://opcfoundation.org/UA/Plc/Applications;s=SpikeData":{"Value":-84.432792550201526,"SourceTimestamp":"2024-04-27T10:07:12.6424091Z"},"ns=23;i=1259":{"Value":2,"SourceTimestamp":"2024-04-27T10:06:01.6838217Z"}}}]}