{"MessageId":"d8dc44d3-e62f-42c0-86a1-faa649c4ff03","MessageType":"ua-data","PublisherId":"DESKTOP-BGFJS91","DataSetWriterGroup":"<<UnknownWriterGroup>>","Messages":[{"MetaDataVersion":{"MajorVersion":1},"MessageType":"ua-deltaframe","DataSetWriterName":"<<UnknownDataSet>>","Payload":{"i=2258":{"Value":"2024-04-27T10:07:24.688463Z","SourceTimestamp":"2024-04-27T10:06:01.6837863Z"},"nsu=http://opcfoundation.org/UA/Plc/Applications;s=StepUp":{"Value":838,"SourceTimestamp":"2024-04-27T10:07:24.641399Z"},"nsu=http://opcfoundation.org/UA/Plc/Applications;s=AlternatingBoolean":{"Value":true,"SourceTimestamp":"2024-04-27T10:07:24.6413972Z"},"nsu=http://opcfoundation.org/UA/Plc/Applications;s=RandomSignedInt32":{"Value":589952470,"SourceTimestamp":"2024-04-27T10:07:24.6413921Z"},"nsu=http://opcfoundation.org/UA/Plc/Applications;s=RandomUnsignedInt32":{"Value":1827251223,"SourceTimestamp":"2024-04-27T10:07:24.6413919Z"},"nsu=http://opcfoundation.org/UA/Plc/Applications;s=DipData":{"Value":99.80267284282715,"SourceTimestamp":"2024-04-27T10:07:24.6414188Z"},"nsu=http://opcfoundation.org/UA/Plc/Applications;s=FastUIntScalar1":{"Value":83,"SourceTimestamp":"2024-04-27T10:07:23.8505513Z"},"nsu=http://opcfoundation.org/UA/Plc/Applications;s=FastUIntScalar2":{"Value":83,"SourceTimestamp":"2024-04-27T10:07:23.8505596Z"},"nsu=http://opcfoundation.org/UA/Plc/Applications;s=FastUIntScalar3":{"Value":83,"SourceTimestamp":"2024-04-27T10:07:23.8505662Z"},"nsu=http://opcfoundation.org/UA/Plc/Applications;s=FastRandomUIntScalar1":{"Value":781406803,"SourceTimestamp":"2024-04-27T10:07:23.8505572Z"},"nsu=http://opcfoundation.org/UA/Plc/Applications;s=FastRandomUIntScalar2":{"Value":1509197015,"SourceTimestamp":"2024-04-27T10:07:23.8505646Z"},"nsu=http://opcfoundation.org/UA/Plc/Applications;s=FastRandomUIntScalar3":{"Value":3852986774,"SourceTimestamp":"2024-04-27T10:07:23.850567Z"},"nsu=http://opcfoundation.org/UA/Plc/Applications;s=NegativeTrendData":{"Value":98.900000000000006,"SourceTimestamp":"2024-04-27T10:07:24.6413833Z"},"nsu=http://opcfoundation.org/UA/Plc/Applications;s=PositiveTrendData":{"Value":101.5,"SourceTimestamp":"2024-04-27T10:07:24.6413782Z"},"nsu=http://opcfoundation.org/UA/Plc/Applications;s=SlowUIntScalar1":{"Value":8,"SourceTimestamp":"2024-04-27T10:07:20.8509354Z"},"nsu=http://opcfoundation.org/UA/Plc/Applications;s=SlowUIntScalar2":{"Value":8,"SourceTimestamp":"2024-04-27T10:07:20.8509474Z"},"nsu=http://opcfoundation.org/UA/Plc/Applications;s=SlowUIntScalar3":{"Value":8,"SourceTimestamp":"2024-04-27T10:07:20.8509488Z"},"nsu=http://opcfoundation.org/UA/Plc/Applications;s=BadSlowUIntScalar1":{"Value":8,"StatusCode":{"Symbol":"UncertainLastUsableValue","Code":1083179008},"SourceTimestamp":"2024-04-27T10:07:20.8509508Z"},"nsu=http://opcfoundation.org/UA/Plc/Applications;s=SlowRandomUIntScalar1":{"Value":873634348,"SourceTimestamp":"2024-04-27T10:07:20.8509354Z"},"nsu=http://opcfoundation.org/UA/Plc/Applications;s=SlowRandomUIntScalar2":{"Value":1477918244,"SourceTimestamp":"2024-04-27T10:07:20.8509438Z"},"nsu=http://opcfoundation.org/UA/Plc/Applications;s=SlowRandomUIntScalar3":{"Value":2657756585,"SourceTimestamp":"2024-04-27T10:07:20.8509479Z"},"nsu=http://opcfoundation.org/UA/Plc/Applications;s=BadSlowRandomUIntScalar1":{"Value":195708638,"StatusCode":{"Symbol":"UncertainLastUsableValue","Code":1083179008},"SourceTimestamp":"2024-04-27T10:07:20.8509499Z"},"nsu=http://opcfoundation.org/UA/Plc/Applications;s=SpikeData":{"Value":99.80267284282715,"SourceTimestamp":"2024-04-27T10:07:24.6413631Z"},"ns=23;i=1259":{"Value":0.90000000000000002,"SourceTimestamp":"2024-04-27T10:06:01.6838217Z"}}}]}