{"MessageId":"39b33271-97b6-408c-b3c0-c75d2df2f897","MessageType":"ua-data","PublisherId":"DESKTOP-BGFJS91","DataSetWriterGroup":"<<UnknownWriterGroup>>","Messages":[{"MetaDataVersion":{"MajorVersion":1},"MessageType":"ua-deltaframe","DataSetWriterName":"<<UnknownDataSet>>","Payload":{"i=2258":{"Value":"2024-04-27T10:07:34.6942357Z","SourceTimestamp":"2024-04-27T10:06:01.6837863Z"},"nsu=http://opcfoundation.org/UA/Plc/Applications;s=StepUp":{"Value":938,"SourceTimestamp":"2024-04-27T10:07:34.6474242Z"},"nsu=http://opcfoundation.org/UA/Plc/Applications;s=AlternatingBoolean":{"Value":true,"SourceTimestamp":"2024-04-27T10:07:34.6474284Z"},"nsu=http://opcfoundation.org/UA/Plc/Applications;s=RandomSignedInt32":{"Value":-1895022252,"SourceTimestamp":"2024-04-27T10:07:34.6474427Z"},"nsu=http://opcfoundation.org/UA/Plc/Applications;s=RandomUnsignedInt32":{"Value":600324651,"SourceTimestamp":"2024-04-27T10:07:34.6474455Z"},"nsu=http://opcfoundation.org/UA/Plc/Applications;s=DipData":{"Value":99.80267284282715,"SourceTimestamp":"2024-04-27T10:07:34.647456Z"},"nsu=http://opcfoundation.org/UA/Plc/Applications;s=FastUIntScalar1":{"Value":93,"SourceTimestamp":"2024-04-27T10:07:33.8417557Z"},"nsu=http://opcfoundation.org/UA/Plc/Applications;s=FastUIntScalar2":{"Value":93,"SourceTimestamp":"2024-04-27T10:07:33.841764Z"},"nsu=http://opcfoundation.org/UA/Plc/Applications;s=FastUIntScalar3":{"Value":93,"SourceTimestamp":"2024-04-27T10:07:33.8417774Z"},"nsu=http://opcfoundation.org/UA/Plc/Applications;s=FastRandomUIntScalar1":{"Value":3655169152,"SourceTimestamp":"2024-04-27T10:07:33.8417789Z"},"nsu=http://opcfoundation.org/UA/Plc/Applications;s=FastRandomUIntScalar2":{"Value":372758494,"SourceTimestamp":"2024-04-27T10:07:33.8417831Z"},"nsu=http://opcfoundation.org/UA/Plc/Applications;s=FastRandomUIntScalar3":{"Value":2636663109,"SourceTimestamp":"2024-04-27T10:07:33.8417844Z"},"nsu=http://opcfoundation.org/UA/Plc/Applications;s=NegativeTrendData":{"Value":98.700000000000003,"SourceTimestamp":"2024-04-27T10:07:34.647456Z"},"nsu=http://opcfoundation.org/UA/Plc/Applications;s=PositiveTrendData":{"Value":101.7,"SourceTimestamp":"2024-04-27T10:07:34.647486Z"},"nsu=http://opcfoundation.org/UA/Plc/Applications;s=SlowUIntScalar1":{"Value":9,"SourceTimestamp":"2024-04-27T10:07:30.8400434Z"},"nsu=http://opcfoundation.org/UA/Plc/Applications;s=SlowUIntScalar2":{"Value":9,"SourceTimestamp":"2024-04-27T10:07:30.8400513Z"},"nsu=http://opcfoundation.org/UA/Plc/Applications;s=SlowUIntScalar3":{"Value":9,"SourceTimestamp":"2024-04-27T10:07:30.8400528Z"},"nsu=http://opcfoundation.org/UA/Plc/Applications;s=BadSlowUIntScalar1":{"Value":null,"StatusCode":{"Symbol":"BadDataLost","Code":2157772800},"SourceTimestamp":"2024-04-27T10:07:30.8400544Z"},"nsu=http://opcfoundation.org/UA/Plc/Applications;s=SlowRandomUIntScalar1":{"Value":295328862,"SourceTimestamp":"2024-04-27T10:07:30.8400649Z"},"nsu=http://opcfoundation.org/UA/Plc/Applications;s=SlowRandomUIntScalar2":{"Value":787227321,"SourceTimestamp":"2024-04-27T10:07:30.8400697Z"},"nsu=http://opcfoundation.org/UA/Plc/Applications;s=SlowRandomUIntScalar3":{"Value":2447147335,"SourceTimestamp":"2024-04-27T10:07:30.8400709Z"},"nsu=http://opcfoundation.org/UA/Plc/Applications;s=BadSlowRandomUIntScalar1":{"Value":null,"StatusCode":{"Symbol":"BadDataLost","Code":2157772800},"SourceTimestamp":"2024-04-27T10:07:30.8400724Z"},"nsu=http://opcfoundation.org/UA/Plc/Applications;s=SpikeData":{"Value":99.80267284282715,"SourceTimestamp":"2024-04-27T10:07:34.6474624Z"},"ns=23;i=1259":{"Value":-1.1200000000000001,"SourceTimestamp":"2024-04-27T10:06:01.6838217Z"}}}]}