{"MessageId":"2da21172-9b11-4a60-9b85-d6ecb4660ba0","MessageType":"ua-data","PublisherId":"DESKTOP-BGFJS91","DataSetWriterGroup":"<<UnknownWriterGroup>>","Messages":[{"DataSetWriterId":14,"SequenceNumber":1,"MetaDataVersion":{"MajorVersion":1},"Timestamp":"2024-04-27T10:49:20.831281Z","MessageType":"ua-deltaframe","DataSetWriterName":"Assembly","Payload":{"nsu=http://opcfoundation.org/UA/Plc/Applications;s=SlowUIntScalar1":{"Value":1,"SourceTimestamp":"2024-04-27T10:49:19.2196323Z","ServerTimestamp":"2024-04-27T10:49:19.2196361Z"}}}]}