[{"SequenceNumber":11,"MetaDataVersion":{"MajorVersion":1},"Timestamp":"2024-04-26T12:11:12.8203558Z","MessageType":"ua-deltaframe","DataSetWriterName":"<<UnknownDataSet>>","Payload":{"nsu=http://opcfoundation.org/UA/Plc/Applications;s=SlowRandomUIntScalar1":{"Value":1018596162,"SourceTimestamp":"2024-04-26T12:11:11.2455346Z","ServerTimestamp":"2024-04-26T12:11:11.2455429Z"},"nsu=http://opcfoundation.org/UA/Plc/Applications;s=SlowRandomUIntScalar2":{"Value":3397654575,"SourceTimestamp":"2024-04-26T12:11:11.2455474Z","ServerTimestamp":"2024-04-26T12:11:11.2455486Z"},"nsu=http://opcfoundation.org/UA/Plc/Applications;s=SlowRandomUIntScalar3":{"Value":1559805401,"SourceTimestamp":"2024-04-26T12:11:11.2455498Z","ServerTimestamp":"2024-04-26T12:11:11.2455508Z"},"nsu=http://opcfoundation.org/UA/Plc/Applications;s=BadSlowRandomUIntScalar1":{"Value":2425734944,"SourceTimestamp":"2024-04-26T12:11:11.2455521Z","ServerTimestamp":"2024-04-26T12:11:11.2455528Z"}}}]