[{"SequenceNumber":7,"MetaDataVersion":{"MajorVersion":1},"Timestamp":"2024-04-26T12:10:32.8172014Z","MessageType":"ua-deltaframe","DataSetWriterName":"<<UnknownDataSet>>","Payload":{"nsu=http://opcfoundation.org/UA/Plc/Applications;s=SlowRandomUIntScalar1":{"Value":1429093531,"SourceTimestamp":"2024-04-26T12:10:31.2459219Z","ServerTimestamp":"2024-04-26T12:10:31.245924Z"},"nsu=http://opcfoundation.org/UA/Plc/Applications;s=SlowRandomUIntScalar2":{"Value":3342894751,"SourceTimestamp":"2024-04-26T12:10:31.2459305Z","ServerTimestamp":"2024-04-26T12:10:31.2459359Z"},"nsu=http://opcfoundation.org/UA/Plc/Applications;s=SlowRandomUIntScalar3":{"Value":3438288150,"SourceTimestamp":"2024-04-26T12:10:31.2459371Z","ServerTimestamp":"2024-04-26T12:10:31.245938Z"},"nsu=http://opcfoundation.org/UA/Plc/Applications;s=BadSlowRandomUIntScalar1":{"Value":661934718,"SourceTimestamp":"2024-04-26T12:10:31.2459393Z","ServerTimestamp":"2024-04-26T12:10:31.2459401Z"}}}]