[{"DoubleValues":{"Value":99,"SourceTimestamp":"2024-04-27T18:49:33.5526664Z","ServerTimestamp":"2024-04-27T18:49:33.5526625Z"},"Int64Values":{"Value":"33","SourceTimestamp":"2024-04-27T18:49:33.5526732Z","ServerTimestamp":"2024-04-27T18:49:33.5526726Z"}},{"DoubleValues":{"Value":-1,"SourceTimestamp":"2024-04-27T18:49:34.5570551Z","ServerTimestamp":"2024-04-27T18:49:34.5570381Z"},"Int64Values":{"Value":"-48","SourceTimestamp":"2024-04-27T18:49:34.5570867Z","ServerTimestamp":"2024-04-27T18:49:34.5570846Z"}}]