[{"DoubleValues":{"Value":-20,"SourceTimestamp":"2024-04-27T18:49:35.5654234Z","ServerTimestamp":"2024-04-27T18:49:35.5654174Z"},"Int64Values":{"Value":"97","SourceTimestamp":"2024-04-27T18:49:35.5654373Z","ServerTimestamp":"2024-04-27T18:49:35.5654355Z"}},{"DoubleValues":{"Value":31,"SourceTimestamp":"2024-04-27T18:49:36.5662193Z","ServerTimestamp":"2024-04-27T18:49:36.5662156Z"},"Int64Values":{"Value":"-1","SourceTimestamp":"2024-04-27T18:49:36.5662326Z","ServerTimestamp":"2024-04-27T18:49:36.566226Z"}}]