[{"DoubleValues":{"Value":84,"SourceTimestamp":"2024-04-27T18:49:52.5656345Z","ServerTimestamp":"2024-04-27T18:49:52.565631Z"},"Int64Values":{"Value":"-13","SourceTimestamp":"2024-04-27T18:49:52.5656423Z","ServerTimestamp":"2024-04-27T18:49:52.5656417Z"}},{"DoubleValues":{"Value":-49,"SourceTimestamp":"2024-04-27T18:49:53.5572961Z","ServerTimestamp":"2024-04-27T18:49:53.5572922Z"},"Int64Values":{"Value":"-54","SourceTimestamp":"2024-04-27T18:49:53.5573106Z","ServerTimestamp":"2024-04-27T18:49:53.5573046Z"}}]