[{"DoubleValues":{"Value":65,"SourceTimestamp":"2024-04-27T18:50:50.5648599Z","ServerTimestamp":"2024-04-27T18:50:50.5648538Z"},"Int64Values":{"Value":"85","SourceTimestamp":"2024-04-27T18:50:50.5648743Z","ServerTimestamp":"2024-04-27T18:50:50.5648725Z"}},{"DoubleValues":{"Value":-75,"SourceTimestamp":"2024-04-27T18:50:51.5513598Z","ServerTimestamp":"2024-04-27T18:50:51.551353Z"},"Int64Values":{"Value":"-78","SourceTimestamp":"2024-04-27T18:50:51.551374Z","ServerTimestamp":"2024-04-27T18:50:51.5513723Z"}}]