{"NodeId":"nsu=http://opcfoundation.org/UA/Plc/Applications;s=SlowRandomUIntScalar1","EndpointUrl":"opc.tcp://localhost:61457/UA/SampleServer","ApplicationUri":"urn:desktop-bgfjs91:OPCFoundation:CoreSampleServer","DisplayName":"nsu=http://opcfoundation.org/UA/Plc/Applications;s=SlowRandomUIntScalar1","Timestamp":"2024-04-27T14:03:17.1837517Z","Value":{"Value":{"Type":7,"Body":2207482204},"SourceTimestamp":"2024-04-27T14:03:15.5613162Z","ServerTimestamp":"2024-04-27T14:03:15.5613176Z"},"SequenceNumber":4,"ExtensionFields":{}}