{"NodeId":"nsu=http://opcfoundation.org/UA/Plc/Applications;s=SlowRandomUIntScalar1","EndpointUrl":"opc.tcp://localhost:61457/UA/SampleServer","ApplicationUri":"urn:desktop-bgfjs91:OPCFoundation:CoreSampleServer","DisplayName":"nsu=http://opcfoundation.org/UA/Plc/Applications;s=SlowRandomUIntScalar1","Timestamp":"2024-04-27T14:03:27.2070822Z","Value":{"Value":{"Type":7,"Body":2963909800},"SourceTimestamp":"2024-04-27T14:03:25.567173Z","ServerTimestamp":"2024-04-27T14:03:25.5671802Z"},"SequenceNumber":5,"ExtensionFields":{}}