{"MessageId":"5736819e-a05a-4721-b9d4-ad7ec4df3c67","MessageType":"ua-data","PublisherId":"DESKTOP-BGFJS91","DataSetWriterGroup":"<<UnknownWriterGroup>>","Messages":[{"MetaDataVersion":{"MajorVersion":1},"MessageType":"ua-deltaframe","DataSetWriterName":"<<UnknownDataSet>>","Payload":{"nsu=http://opcfoundation.org/UA/Plc/Applications;s=StepUp":{"Value":1008,"SourceTimestamp":"2024-04-27T10:32:47.9692308Z"},"nsu=http://opcfoundation.org/UA/Plc/Applications;s=AlternatingBoolean":{"Value":true,"SourceTimestamp":"2024-04-27T10:32:47.2692117Z"},"nsu=http://opcfoundation.org/UA/Plc/Applications;s=RandomSignedInt32":{"Value":1053656295,"SourceTimestamp":"2024-04-27T10:32:47.9692359Z"},"nsu=http://opcfoundation.org/UA/Plc/Applications;s=RandomUnsignedInt32":{"Value":998930236,"SourceTimestamp":"2024-04-27T10:32:47.9692428Z"},"nsu=http://opcfoundation.org/UA/Plc/Applications;s=DipData":{"Value":-77.0513242775789,"SourceTimestamp":"2024-04-27T10:32:47.9692588Z"},"nsu=http://opcfoundation.org/UA/Plc/Applications;s=FastUIntScalar1":{"Value":100,"SourceTimestamp":"2024-04-27T10:32:47.1601271Z"},"nsu=http://opcfoundation.org/UA/Plc/Applications;s=FastUIntScalar2":{"Value":100,"SourceTimestamp":"2024-04-27T10:32:47.1601302Z"},"nsu=http://opcfoundation.org/UA/Plc/Applications;s=FastUIntScalar3":{"Value":100,"SourceTimestamp":"2024-04-27T10:32:47.1601325Z"},"nsu=http://opcfoundation.org/UA/Plc/Applications;s=FastRandomUIntScalar1":{"Value":677027944,"SourceTimestamp":"2024-04-27T10:32:47.1601272Z"},"nsu=http://opcfoundation.org/UA/Plc/Applications;s=FastRandomUIntScalar2":{"Value":2071099166,"SourceTimestamp":"2024-04-27T10:32:47.1601315Z"},"nsu=http://opcfoundation.org/UA/Plc/Applications;s=FastRandomUIntScalar3":{"Value":334621450,"SourceTimestamp":"2024-04-27T10:32:47.1601341Z"},"nsu=http://opcfoundation.org/UA/Plc/Applications;s=NegativeTrendData":{"Value":98.099999999999994,"SourceTimestamp":"2024-04-27T10:32:47.2692319Z"},"nsu=http://opcfoundation.org/UA/Plc/Applications;s=PositiveTrendData":{"Value":102,"SourceTimestamp":"2024-04-27T10:32:47.2692319Z"},"nsu=http://opcfoundation.org/UA/Plc/Applications;s=SpikeData":{"Value":-77.0513242775789,"SourceTimestamp":"2024-04-27T10:32:47.9692687Z"}}}]}