{"MessageId":"ecf43f48-2f20-4f3f-82c6-7378b052ccc4","MessageType":"ua-data","PublisherId":"DESKTOP-BGFJS91","DataSetWriterGroup":"<<UnknownWriterGroup>>","Messages":[{"MetaDataVersion":{"MajorVersion":1},"MessageType":"ua-deltaframe","DataSetWriterName":"<<UnknownDataSet>>","Payload":{"nsu=http://opcfoundation.org/UA/Plc/Applications;s=StepUp":{"Value":1188,"SourceTimestamp":"2024-04-27T10:33:05.9621694Z"},"nsu=http://opcfoundation.org/UA/Plc/Applications;s=RandomSignedInt32":{"Value":-985008919,"SourceTimestamp":"2024-04-27T10:33:05.9622447Z"},"nsu=http://opcfoundation.org/UA/Plc/Applications;s=RandomUnsignedInt32":{"Value":1440181617,"SourceTimestamp":"2024-04-27T10:33:05.9622209Z"},"nsu=http://opcfoundation.org/UA/Plc/Applications;s=DipData":{"Value":99.80267284282715,"SourceTimestamp":"2024-04-27T10:33:05.9622359Z"},"nsu=http://opcfoundation.org/UA/Plc/Applications;s=FastUIntScalar1":{"Value":118,"SourceTimestamp":"2024-04-27T10:33:05.1619179Z"},"nsu=http://opcfoundation.org/UA/Plc/Applications;s=FastUIntScalar2":{"Value":118,"SourceTimestamp":"2024-04-27T10:33:05.1619322Z"},"nsu=http://opcfoundation.org/UA/Plc/Applications;s=FastUIntScalar3":{"Value":118,"SourceTimestamp":"2024-04-27T10:33:05.1619489Z"},"nsu=http://opcfoundation.org/UA/Plc/Applications;s=FastRandomUIntScalar1":{"Value":2437316965,"SourceTimestamp":"2024-04-27T10:33:05.1619298Z"},"nsu=http://opcfoundation.org/UA/Plc/Applications;s=FastRandomUIntScalar2":{"Value":3223240363,"SourceTimestamp":"2024-04-27T10:33:05.1619464Z"},"nsu=http://opcfoundation.org/UA/Plc/Applications;s=FastRandomUIntScalar3":{"Value":2889737761,"SourceTimestamp":"2024-04-27T10:33:05.1619517Z"},"nsu=http://opcfoundation.org/UA/Plc/Applications;s=SpikeData":{"Value":99.80267284282715,"SourceTimestamp":"2024-04-27T10:33:05.962246Z"}}}]}