{"MessageId":"5599080e-eaa3-4491-ad80-ed70f0bd499b","MessageType":"ua-data","PublisherId":"DESKTOP-BGFJS91","DataSetWriterGroup":"<<UnknownWriterGroup>>","Messages":[{"MetaDataVersion":{"MajorVersion":1},"MessageType":"ua-deltaframe","DataSetWriterName":"<<UnknownDataSet>>","Payload":{"nsu=http://opcfoundation.org/UA/Plc/Applications;s=StepUp":{"Value":168,"SourceTimestamp":"2024-04-27T10:31:23.9688104Z"},"nsu=http://opcfoundation.org/UA/Plc/Applications;s=RandomSignedInt32":{"Value":1976446139,"SourceTimestamp":"2024-04-27T10:31:23.9688429Z"},"nsu=http://opcfoundation.org/UA/Plc/Applications;s=RandomUnsignedInt32":{"Value":752059351,"SourceTimestamp":"2024-04-27T10:31:23.9688401Z"},"nsu=http://opcfoundation.org/UA/Plc/Applications;s=DipData":{"Value":-84.432792550201526,"SourceTimestamp":"2024-04-27T10:31:23.9688478Z"},"nsu=http://opcfoundation.org/UA/Plc/Applications;s=FastUIntScalar1":{"Value":16,"SourceTimestamp":"2024-04-27T10:31:23.1672192Z"},"nsu=http://opcfoundation.org/UA/Plc/Applications;s=FastUIntScalar2":{"Value":16,"SourceTimestamp":"2024-04-27T10:31:23.1672396Z"},"nsu=http://opcfoundation.org/UA/Plc/Applications;s=FastUIntScalar3":{"Value":16,"SourceTimestamp":"2024-04-27T10:31:23.167242Z"},"nsu=http://opcfoundation.org/UA/Plc/Applications;s=FastRandomUIntScalar1":{"Value":3192540612,"SourceTimestamp":"2024-04-27T10:31:23.1672211Z"},"nsu=http://opcfoundation.org/UA/Plc/Applications;s=FastRandomUIntScalar2":{"Value":548049856,"SourceTimestamp":"2024-04-27T10:31:23.1672333Z"},"nsu=http://opcfoundation.org/UA/Plc/Applications;s=FastRandomUIntScalar3":{"Value":3545888581,"SourceTimestamp":"2024-04-27T10:31:23.1672406Z"},"nsu=http://opcfoundation.org/UA/Plc/Applications;s=SpikeData":{"Value":-84.432792550201526,"SourceTimestamp":"2024-04-27T10:31:23.9688527Z"}}}]}