{"MessageId":"1d62b1a9-78b0-4c34-9dc8-1073fb3990a6","MessageType":"ua-data","PublisherId":"DESKTOP-BGFJS91","DataSetWriterGroup":"<<UnknownWriterGroup>>","Messages":[{"MetaDataVersion":{"MajorVersion":1},"MessageType":"ua-deltaframe","DataSetWriterName":"<<UnknownDataSet>>","Payload":{"nsu=http://opcfoundation.org/UA/Plc/Applications;s=StepUp":{"Value":218,"SourceTimestamp":"2024-04-27T10:31:28.9630661Z"},"nsu=http://opcfoundation.org/UA/Plc/Applications;s=RandomSignedInt32":{"Value":2023421854,"SourceTimestamp":"2024-04-27T10:31:28.9630714Z"},"nsu=http://opcfoundation.org/UA/Plc/Applications;s=RandomUnsignedInt32":{"Value":1200179449,"SourceTimestamp":"2024-04-27T10:31:28.9630812Z"},"nsu=http://opcfoundation.org/UA/Plc/Applications;s=DipData":{"Value":-84.432792550201526,"SourceTimestamp":"2024-04-27T10:31:28.9631076Z"},"nsu=http://opcfoundation.org/UA/Plc/Applications;s=FastUIntScalar1":{"Value":21,"SourceTimestamp":"2024-04-27T10:31:28.1667227Z"},"nsu=http://opcfoundation.org/UA/Plc/Applications;s=FastUIntScalar2":{"Value":21,"SourceTimestamp":"2024-04-27T10:31:28.1667467Z"},"nsu=http://opcfoundation.org/UA/Plc/Applications;s=FastUIntScalar3":{"Value":21,"SourceTimestamp":"2024-04-27T10:31:28.1667488Z"},"nsu=http://opcfoundation.org/UA/Plc/Applications;s=FastRandomUIntScalar1":{"Value":1413357274,"SourceTimestamp":"2024-04-27T10:31:28.1667202Z"},"nsu=http://opcfoundation.org/UA/Plc/Applications;s=FastRandomUIntScalar2":{"Value":46620695,"SourceTimestamp":"2024-04-27T10:31:28.1667325Z"},"nsu=http://opcfoundation.org/UA/Plc/Applications;s=FastRandomUIntScalar3":{"Value":1158967634,"SourceTimestamp":"2024-04-27T10:31:28.1667345Z"},"nsu=http://opcfoundation.org/UA/Plc/Applications;s=SpikeData":{"Value":-84.432792550201526,"SourceTimestamp":"2024-04-27T10:31:28.9631455Z"}}}]}