{"MessageId":"8b093910-967a-4d6e-87bf-a49b221a95f0","MessageType":"ua-data","PublisherId":"DESKTOP-BGFJS91","DataSetWriterGroup":"<<UnknownWriterGroup>>","Messages":[{"MetaDataVersion":{"MajorVersion":1},"MessageType":"ua-deltaframe","DataSetWriterName":"<<UnknownDataSet>>","Payload":{"nsu=http://opcfoundation.org/UA/Plc/Applications;s=StepUp":{"Value":248,"SourceTimestamp":"2024-04-27T10:31:31.9588861Z"},"nsu=http://opcfoundation.org/UA/Plc/Applications;s=RandomSignedInt32":{"Value":-182839783,"SourceTimestamp":"2024-04-27T10:31:31.9588816Z"},"nsu=http://opcfoundation.org/UA/Plc/Applications;s=RandomUnsignedInt32":{"Value":447153095,"SourceTimestamp":"2024-04-27T10:31:31.9588794Z"},"nsu=http://opcfoundation.org/UA/Plc/Applications;s=DipData":{"Value":36.812455268467801,"SourceTimestamp":"2024-04-27T10:31:31.9588705Z"},"nsu=http://opcfoundation.org/UA/Plc/Applications;s=FastUIntScalar1":{"Value":24,"SourceTimestamp":"2024-04-27T10:31:31.1643372Z"},"nsu=http://opcfoundation.org/UA/Plc/Applications;s=FastUIntScalar2":{"Value":24,"SourceTimestamp":"2024-04-27T10:31:31.164352Z"},"nsu=http://opcfoundation.org/UA/Plc/Applications;s=FastUIntScalar3":{"Value":24,"SourceTimestamp":"2024-04-27T10:31:31.164362Z"},"nsu=http://opcfoundation.org/UA/Plc/Applications;s=FastRandomUIntScalar1":{"Value":4136084180,"SourceTimestamp":"2024-04-27T10:31:31.1643397Z"},"nsu=http://opcfoundation.org/UA/Plc/Applications;s=FastRandomUIntScalar2":{"Value":4227521613,"SourceTimestamp":"2024-04-27T10:31:31.1643606Z"},"nsu=http://opcfoundation.org/UA/Plc/Applications;s=FastRandomUIntScalar3":{"Value":1819151658,"SourceTimestamp":"2024-04-27T10:31:31.1643628Z"},"nsu=http://opcfoundation.org/UA/Plc/Applications;s=SpikeData":{"Value":36.812455268467801,"SourceTimestamp":"2024-04-27T10:31:31.9588553Z"}}}]}