{"MessageId":"335f4a17-05d0-4d82-bc09-e7fad8b7d972","MessageType":"ua-data","PublisherId":"DESKTOP-BGFJS91","DataSetWriterGroup":"<<UnknownWriterGroup>>","Messages":[{"MetaDataVersion":{"MajorVersion":1},"MessageType":"ua-deltaframe","DataSetWriterName":"<<UnknownDataSet>>","Payload":{"nsu=http://opcfoundation.org/UA/Plc/Applications;s=StepUp":{"Value":338,"SourceTimestamp":"2024-04-27T10:31:40.9585285Z"},"nsu=http://opcfoundation.org/UA/Plc/Applications;s=RandomSignedInt32":{"Value":145268359,"SourceTimestamp":"2024-04-27T10:31:40.9585455Z"},"nsu=http://opcfoundation.org/UA/Plc/Applications;s=RandomUnsignedInt32":{"Value":1540873335,"SourceTimestamp":"2024-04-27T10:31:40.9585522Z"},"nsu=http://opcfoundation.org/UA/Plc/Applications;s=DipData":{"Value":99.80267284282715,"SourceTimestamp":"2024-04-27T10:31:40.9585576Z"},"nsu=http://opcfoundation.org/UA/Plc/Applications;s=FastUIntScalar1":{"Value":33,"SourceTimestamp":"2024-04-27T10:31:40.1579878Z"},"nsu=http://opcfoundation.org/UA/Plc/Applications;s=FastUIntScalar2":{"Value":33,"SourceTimestamp":"2024-04-27T10:31:40.1580066Z"},"nsu=http://opcfoundation.org/UA/Plc/Applications;s=FastUIntScalar3":{"Value":33,"SourceTimestamp":"2024-04-27T10:31:40.1580151Z"},"nsu=http://opcfoundation.org/UA/Plc/Applications;s=FastRandomUIntScalar1":{"Value":3445182551,"SourceTimestamp":"2024-04-27T10:31:40.1579968Z"},"nsu=http://opcfoundation.org/UA/Plc/Applications;s=FastRandomUIntScalar2":{"Value":2768302230,"SourceTimestamp":"2024-04-27T10:31:40.1580132Z"},"nsu=http://opcfoundation.org/UA/Plc/Applications;s=FastRandomUIntScalar3":{"Value":3675749196,"SourceTimestamp":"2024-04-27T10:31:40.1580162Z"},"nsu=http://opcfoundation.org/UA/Plc/Applications;s=SpikeData":{"Value":99.80267284282715,"SourceTimestamp":"2024-04-27T10:31:40.9585619Z"}}}]}