{"MessageId":"5d559636-789a-4478-8bf0-93e04a1625ef","MessageType":"ua-data","PublisherId":"DESKTOP-BGFJS91","DataSetWriterGroup":"<<UnknownWriterGroup>>","Messages":[{"MetaDataVersion":{"MajorVersion":1},"MessageType":"ua-deltaframe","DataSetWriterName":"<<UnknownDataSet>>","Payload":{"nsu=http://opcfoundation.org/UA/Plc/Applications;s=StepUp":{"Value":348,"SourceTimestamp":"2024-04-27T10:31:41.9568768Z"},"nsu=http://opcfoundation.org/UA/Plc/Applications;s=RandomSignedInt32":{"Value":-1774181831,"SourceTimestamp":"2024-04-27T10:31:41.9568977Z"},"nsu=http://opcfoundation.org/UA/Plc/Applications;s=RandomUnsignedInt32":{"Value":1199212306,"SourceTimestamp":"2024-04-27T10:31:41.9569091Z"},"nsu=http://opcfoundation.org/UA/Plc/Applications;s=DipData":{"Value":36.812455268467801,"SourceTimestamp":"2024-04-27T10:31:41.9569083Z"},"nsu=http://opcfoundation.org/UA/Plc/Applications;s=FastUIntScalar1":{"Value":34,"SourceTimestamp":"2024-04-27T10:31:41.1644441Z"},"nsu=http://opcfoundation.org/UA/Plc/Applications;s=FastUIntScalar2":{"Value":34,"SourceTimestamp":"2024-04-27T10:31:41.1644794Z"},"nsu=http://opcfoundation.org/UA/Plc/Applications;s=FastUIntScalar3":{"Value":34,"SourceTimestamp":"2024-04-27T10:31:41.1644998Z"},"nsu=http://opcfoundation.org/UA/Plc/Applications;s=FastRandomUIntScalar1":{"Value":2946884053,"SourceTimestamp":"2024-04-27T10:31:41.1644505Z"},"nsu=http://opcfoundation.org/UA/Plc/Applications;s=FastRandomUIntScalar2":{"Value":549329237,"SourceTimestamp":"2024-04-27T10:31:41.1645132Z"},"nsu=http://opcfoundation.org/UA/Plc/Applications;s=FastRandomUIntScalar3":{"Value":2568170275,"SourceTimestamp":"2024-04-27T10:31:41.1645154Z"},"nsu=http://opcfoundation.org/UA/Plc/Applications;s=SpikeData":{"Value":36.812455268467801,"SourceTimestamp":"2024-04-27T10:31:41.9569175Z"}}}]}