{"MessageId":"36dfc1dd-0fbd-429f-b804-01aa81bb6c25","MessageType":"ua-data","PublisherId":"DESKTOP-BGFJS91","DataSetWriterGroup":"<<UnknownWriterGroup>>","Messages":[{"MetaDataVersion":{"MajorVersion":1},"MessageType":"ua-deltaframe","DataSetWriterName":"<<UnknownDataSet>>","Payload":{"nsu=http://opcfoundation.org/UA/Plc/Applications;s=StepUp":{"Value":588,"SourceTimestamp":"2024-04-27T10:32:05.9585936Z"},"nsu=http://opcfoundation.org/UA/Plc/Applications;s=RandomSignedInt32":{"Value":1511594356,"SourceTimestamp":"2024-04-27T10:32:05.9586061Z"},"nsu=http://opcfoundation.org/UA/Plc/Applications;s=RandomUnsignedInt32":{"Value":858769308,"SourceTimestamp":"2024-04-27T10:32:05.9586244Z"},"nsu=http://opcfoundation.org/UA/Plc/Applications;s=DipData":{"Value":99.80267284282715,"SourceTimestamp":"2024-04-27T10:32:05.9586327Z"},"nsu=http://opcfoundation.org/UA/Plc/Applications;s=FastUIntScalar1":{"Value":58,"SourceTimestamp":"2024-04-27T10:32:05.1703394Z"},"nsu=http://opcfoundation.org/UA/Plc/Applications;s=FastUIntScalar2":{"Value":58,"SourceTimestamp":"2024-04-27T10:32:05.1703498Z"},"nsu=http://opcfoundation.org/UA/Plc/Applications;s=FastUIntScalar3":{"Value":58,"SourceTimestamp":"2024-04-27T10:32:05.1703584Z"},"nsu=http://opcfoundation.org/UA/Plc/Applications;s=FastRandomUIntScalar1":{"Value":3393848484,"SourceTimestamp":"2024-04-27T10:32:05.1703476Z"},"nsu=http://opcfoundation.org/UA/Plc/Applications;s=FastRandomUIntScalar2":{"Value":3566287169,"SourceTimestamp":"2024-04-27T10:32:05.1703582Z"},"nsu=http://opcfoundation.org/UA/Plc/Applications;s=FastRandomUIntScalar3":{"Value":3350234653,"SourceTimestamp":"2024-04-27T10:32:05.1703608Z"},"nsu=http://opcfoundation.org/UA/Plc/Applications;s=SpikeData":{"Value":99.80267284282715,"SourceTimestamp":"2024-04-27T10:32:05.9586366Z"}}}]}