{"MessageId":"f198d558-b163-4b2b-9843-73e6ad066845","MessageType":"ua-data","PublisherId":"DESKTOP-BGFJS91","DataSetWriterGroup":"<<UnknownWriterGroup>>","Messages":[{"MetaDataVersion":{"MajorVersion":1},"MessageType":"ua-deltaframe","DataSetWriterName":"<<UnknownDataSet>>","Payload":{"nsu=http://opcfoundation.org/UA/Plc/Applications;s=StepUp":{"Value":688,"SourceTimestamp":"2024-04-27T10:32:15.9568127Z"},"nsu=http://opcfoundation.org/UA/Plc/Applications;s=RandomSignedInt32":{"Value":1449240264,"SourceTimestamp":"2024-04-27T10:32:15.9568304Z"},"nsu=http://opcfoundation.org/UA/Plc/Applications;s=RandomUnsignedInt32":{"Value":344008681,"SourceTimestamp":"2024-04-27T10:32:15.9568403Z"},"nsu=http://opcfoundation.org/UA/Plc/Applications;s=DipData":{"Value":99.80267284282715,"SourceTimestamp":"2024-04-27T10:32:15.9568497Z"},"nsu=http://opcfoundation.org/UA/Plc/Applications;s=FastUIntScalar1":{"Value":68,"SourceTimestamp":"2024-04-27T10:32:15.16505Z"},"nsu=http://opcfoundation.org/UA/Plc/Applications;s=FastUIntScalar2":{"Value":68,"SourceTimestamp":"2024-04-27T10:32:15.1650658Z"},"nsu=http://opcfoundation.org/UA/Plc/Applications;s=FastUIntScalar3":{"Value":68,"SourceTimestamp":"2024-04-27T10:32:15.1650694Z"},"nsu=http://opcfoundation.org/UA/Plc/Applications;s=FastRandomUIntScalar1":{"Value":3672665096,"SourceTimestamp":"2024-04-27T10:32:15.1650465Z"},"nsu=http://opcfoundation.org/UA/Plc/Applications;s=FastRandomUIntScalar2":{"Value":2341675347,"SourceTimestamp":"2024-04-27T10:32:15.1650581Z"},"nsu=http://opcfoundation.org/UA/Plc/Applications;s=FastRandomUIntScalar3":{"Value":1947840990,"SourceTimestamp":"2024-04-27T10:32:15.1650675Z"},"nsu=http://opcfoundation.org/UA/Plc/Applications;s=SpikeData":{"Value":99.80267284282715,"SourceTimestamp":"2024-04-27T10:32:15.9568507Z"}}}]}