{"MessageId":"bad9ffed-f6ab-4491-95d7-77afb5cd41bc","MessageType":"ua-data","PublisherId":"DESKTOP-BGFJS91","DataSetWriterGroup":"<<UnknownWriterGroup>>","Messages":[{"MetaDataVersion":{"MajorVersion":1},"MessageType":"ua-deltaframe","DataSetWriterName":"<<UnknownDataSet>>","Payload":{"nsu=http://opcfoundation.org/UA/Plc/Applications;s=StepUp":{"Value":768,"SourceTimestamp":"2024-04-27T10:32:23.9625371Z"},"nsu=http://opcfoundation.org/UA/Plc/Applications;s=RandomSignedInt32":{"Value":775934857,"SourceTimestamp":"2024-04-27T10:32:23.9625592Z"},"nsu=http://opcfoundation.org/UA/Plc/Applications;s=RandomUnsignedInt32":{"Value":2084347461,"SourceTimestamp":"2024-04-27T10:32:23.9625572Z"},"nsu=http://opcfoundation.org/UA/Plc/Applications;s=DipData":{"Value":-84.432792550201526,"SourceTimestamp":"2024-04-27T10:32:23.9625719Z"},"nsu=http://opcfoundation.org/UA/Plc/Applications;s=FastUIntScalar1":{"Value":76,"SourceTimestamp":"2024-04-27T10:32:23.1668117Z"},"nsu=http://opcfoundation.org/UA/Plc/Applications;s=FastUIntScalar2":{"Value":76,"SourceTimestamp":"2024-04-27T10:32:23.1668304Z"},"nsu=http://opcfoundation.org/UA/Plc/Applications;s=FastUIntScalar3":{"Value":76,"SourceTimestamp":"2024-04-27T10:32:23.1668331Z"},"nsu=http://opcfoundation.org/UA/Plc/Applications;s=FastRandomUIntScalar1":{"Value":2643966831,"SourceTimestamp":"2024-04-27T10:32:23.16681Z"},"nsu=http://opcfoundation.org/UA/Plc/Applications;s=FastRandomUIntScalar2":{"Value":88142213,"SourceTimestamp":"2024-04-27T10:32:23.1668272Z"},"nsu=http://opcfoundation.org/UA/Plc/Applications;s=FastRandomUIntScalar3":{"Value":274205935,"SourceTimestamp":"2024-04-27T10:32:23.166832Z"},"nsu=http://opcfoundation.org/UA/Plc/Applications;s=SpikeData":{"Value":-84.432792550201526,"SourceTimestamp":"2024-04-27T10:32:23.9625827Z"}}}]}