{"NodeId":"nsu=http://opcfoundation.org/UA/Plc/Applications;s=AlternatingBoolean","EndpointUrl":"opc.tcp://localhost:61457/UA/SampleServer","ApplicationUri":"urn:desktop-bgfjs91:OPCFoundation:CoreSampleServer","DisplayName":"nsu=http://opcfoundation.org/UA/Plc/Applications;s=AlternatingBoolean","Timestamp":"2024-04-27T09:25:07.7925114Z","Value":{"Value":false,"SourceTimestamp":"2024-04-27T09:25:07.7907992Z","ServerTimestamp":"2024-04-27T09:25:07.7921937Z"},"SequenceNumber":100,"ExtensionFields":{}}