{"NodeId":"nsu=http://opcfoundation.org/UA/Plc/Applications;s=FastRandomUIntScalar1","EndpointUrl":"opc.tcp://localhost:61457/UA/SampleServer","ApplicationUri":"urn:desktop-bgfjs91:OPCFoundation:CoreSampleServer","DisplayName":"nsu=http://opcfoundation.org/UA/Plc/Applications;s=FastRandomUIntScalar1","Timestamp":"2024-04-27T09:25:07.7925114Z","Value":{"Value":954163934,"SourceTimestamp":"2024-04-27T09:25:06.9882049Z","ServerTimestamp":"2024-04-27T09:25:07.7921714Z"},"SequenceNumber":107,"ExtensionFields":{}}