{"NodeId":"nsu=http://opcfoundation.org/UA/Plc/Applications;s=FastRandomUIntScalar1","EndpointUrl":"opc.tcp://localhost:61457/UA/SampleServer","ApplicationUri":"urn:desktop-bgfjs91:OPCFoundation:CoreSampleServer","DisplayName":"nsu=http://opcfoundation.org/UA/Plc/Applications;s=FastRandomUIntScalar1","Timestamp":"2024-04-27T09:25:03.7831663Z","Value":{"Value":2929088493,"SourceTimestamp":"2024-04-27T09:25:02.9807095Z","ServerTimestamp":"2024-04-27T09:25:03.7828987Z"},"SequenceNumber":11,"ExtensionFields":{}}