{"NodeId":"nsu=http://opcfoundation.org/UA/Plc/Applications;s=SlowRandomUIntScalar2","EndpointUrl":"opc.tcp://localhost:61457/UA/SampleServer","ApplicationUri":"urn:desktop-bgfjs91:OPCFoundation:CoreSampleServer","DisplayName":"nsu=http://opcfoundation.org/UA/Plc/Applications;s=SlowRandomUIntScalar2","Timestamp":"2024-04-27T09:25:08.7903436Z","Value":{"Value":0,"SourceTimestamp":"2024-04-27T09:25:00.9787164Z","ServerTimestamp":"2024-04-27T09:25:08.7901004Z"},"SequenceNumber":141,"ExtensionFields":{}}