{"NodeId":"nsu=http://opcfoundation.org/UA/Plc/Applications;s=FastRandomUIntScalar1","EndpointUrl":"opc.tcp://localhost:61457/UA/SampleServer","ApplicationUri":"urn:desktop-bgfjs91:OPCFoundation:CoreSampleServer","DisplayName":"nsu=http://opcfoundation.org/UA/Plc/Applications;s=FastRandomUIntScalar1","Timestamp":"2024-04-27T09:25:10.7821998Z","Value":{"Value":1189952970,"SourceTimestamp":"2024-04-27T09:25:09.9791813Z","ServerTimestamp":"2024-04-27T09:25:10.7819306Z"},"SequenceNumber":179,"ExtensionFields":{}}