{"NodeId":"nsu=http://opcfoundation.org/UA/Plc/Applications;s=RandomUnsignedInt32","EndpointUrl":"opc.tcp://localhost:61457/UA/SampleServer","ApplicationUri":"urn:desktop-bgfjs91:OPCFoundation:CoreSampleServer","DisplayName":"nsu=http://opcfoundation.org/UA/Plc/Applications;s=RandomUnsignedInt32","Timestamp":"2024-04-27T09:25:11.7870535Z","Value":{"Value":1766401702,"SourceTimestamp":"2024-04-27T09:25:11.7858335Z","ServerTimestamp":"2024-04-27T09:25:11.786798Z"},"SequenceNumber":198,"ExtensionFields":{}}