{"NodeId":"nsu=http://opcfoundation.org/UA/Plc/Applications;s=FastRandomUIntScalar1","EndpointUrl":"opc.tcp://localhost:61457/UA/SampleServer","ApplicationUri":"urn:desktop-bgfjs91:OPCFoundation:CoreSampleServer","DisplayName":"nsu=http://opcfoundation.org/UA/Plc/Applications;s=FastRandomUIntScalar1","Timestamp":"2024-04-27T09:25:11.7870535Z","Value":{"Value":279474309,"SourceTimestamp":"2024-04-27T09:25:10.9824288Z","ServerTimestamp":"2024-04-27T09:25:11.786795Z"},"SequenceNumber":203,"ExtensionFields":{}}