{"NodeId":"nsu=http://opcfoundation.org/UA/Plc/Applications;s=FastRandomUIntScalar2","EndpointUrl":"opc.tcp://localhost:61457/UA/SampleServer","ApplicationUri":"urn:desktop-bgfjs91:OPCFoundation:CoreSampleServer","DisplayName":"nsu=http://opcfoundation.org/UA/Plc/Applications;s=FastRandomUIntScalar2","Timestamp":"2024-04-27T09:25:11.7870535Z","Value":{"Value":1104314836,"SourceTimestamp":"2024-04-27T09:25:10.982433Z","ServerTimestamp":"2024-04-27T09:25:11.7868111Z"},"SequenceNumber":204,"ExtensionFields":{}}