{"NodeId":"nsu=http://opcfoundation.org/UA/Plc/Applications;s=RandomSignedInt32","EndpointUrl":"opc.tcp://localhost:61457/UA/SampleServer","ApplicationUri":"urn:desktop-bgfjs91:OPCFoundation:CoreSampleServer","DisplayName":"nsu=http://opcfoundation.org/UA/Plc/Applications;s=RandomSignedInt32","Timestamp":"2024-04-27T09:25:12.7860633Z","Value":{"Value":-562389338,"SourceTimestamp":"2024-04-27T09:25:12.7849586Z","ServerTimestamp":"2024-04-27T09:25:12.7858073Z"},"SequenceNumber":221,"ExtensionFields":{}}