{"NodeId":"nsu=http://opcfoundation.org/UA/Plc/Applications;s=FastRandomUIntScalar3","EndpointUrl":"opc.tcp://localhost:61457/UA/SampleServer","ApplicationUri":"urn:desktop-bgfjs91:OPCFoundation:CoreSampleServer","DisplayName":"nsu=http://opcfoundation.org/UA/Plc/Applications;s=FastRandomUIntScalar3","Timestamp":"2024-04-27T09:25:12.7860633Z","Value":{"Value":3069577973,"SourceTimestamp":"2024-04-27T09:25:11.9852993Z","ServerTimestamp":"2024-04-27T09:25:12.7858061Z"},"SequenceNumber":229,"ExtensionFields":{}}