{"NodeId":"nsu=http://opcfoundation.org/UA/Plc/Applications;s=SlowRandomUIntScalar2","EndpointUrl":"opc.tcp://localhost:61457/UA/SampleServer","ApplicationUri":"urn:desktop-bgfjs91:OPCFoundation:CoreSampleServer","DisplayName":"nsu=http://opcfoundation.org/UA/Plc/Applications;s=SlowRandomUIntScalar2","Timestamp":"2024-04-27T09:25:12.7860633Z","Value":{"Value":2249238698,"SourceTimestamp":"2024-04-27T09:25:10.982412Z","ServerTimestamp":"2024-04-27T09:25:12.7858099Z"},"SequenceNumber":237,"ExtensionFields":{}}