{"NodeId":"nsu=http://opcfoundation.org/UA/Plc/Applications;s=FastRandomUIntScalar1","EndpointUrl":"opc.tcp://localhost:61457/UA/SampleServer","ApplicationUri":"urn:desktop-bgfjs91:OPCFoundation:CoreSampleServer","DisplayName":"nsu=http://opcfoundation.org/UA/Plc/Applications;s=FastRandomUIntScalar1","Timestamp":"2024-04-27T09:25:13.7903604Z","Value":{"Value":2302377942,"SourceTimestamp":"2024-04-27T09:25:12.9857876Z","ServerTimestamp":"2024-04-27T09:25:13.7900843Z"},"SequenceNumber":251,"ExtensionFields":{}}