{"NodeId":"nsu=http://opcfoundation.org/UA/Plc/Applications;s=AlternatingBoolean","EndpointUrl":"opc.tcp://localhost:61457/UA/SampleServer","ApplicationUri":"urn:desktop-bgfjs91:OPCFoundation:CoreSampleServer","DisplayName":"nsu=http://opcfoundation.org/UA/Plc/Applications;s=AlternatingBoolean","Timestamp":"2024-04-27T09:25:14.7941688Z","Value":{"Value":true,"SourceTimestamp":"2024-04-27T09:25:14.7928492Z","ServerTimestamp":"2024-04-27T09:25:14.7938885Z"},"SequenceNumber":268,"ExtensionFields":{}}