{"NodeId":"nsu=http://opcfoundation.org/UA/Plc/Applications;s=RandomSignedInt32","EndpointUrl":"opc.tcp://localhost:61457/UA/SampleServer","ApplicationUri":"urn:desktop-bgfjs91:OPCFoundation:CoreSampleServer","DisplayName":"nsu=http://opcfoundation.org/UA/Plc/Applications;s=RandomSignedInt32","Timestamp":"2024-04-27T09:25:14.7941688Z","Value":{"Value":-249091935,"SourceTimestamp":"2024-04-27T09:25:14.7928555Z","ServerTimestamp":"2024-04-27T09:25:14.7938837Z"},"SequenceNumber":269,"ExtensionFields":{}}