{"NodeId":"nsu=http://opcfoundation.org/UA/Plc/Applications;s=RandomUnsignedInt32","EndpointUrl":"opc.tcp://localhost:61457/UA/SampleServer","ApplicationUri":"urn:desktop-bgfjs91:OPCFoundation:CoreSampleServer","DisplayName":"nsu=http://opcfoundation.org/UA/Plc/Applications;s=RandomUnsignedInt32","Timestamp":"2024-04-27T09:25:14.7941688Z","Value":{"Value":1165874935,"SourceTimestamp":"2024-04-27T09:25:14.7928567Z","ServerTimestamp":"2024-04-27T09:25:14.7938799Z"},"SequenceNumber":270,"ExtensionFields":{}}