{"NodeId":"nsu=http://opcfoundation.org/UA/Plc/Applications;s=FastRandomUIntScalar1","EndpointUrl":"opc.tcp://localhost:61457/UA/SampleServer","ApplicationUri":"urn:desktop-bgfjs91:OPCFoundation:CoreSampleServer","DisplayName":"nsu=http://opcfoundation.org/UA/Plc/Applications;s=FastRandomUIntScalar1","Timestamp":"2024-04-27T09:25:14.7941688Z","Value":{"Value":2582400965,"SourceTimestamp":"2024-04-27T09:25:13.9888601Z","ServerTimestamp":"2024-04-27T09:25:14.7938763Z"},"SequenceNumber":275,"ExtensionFields":{}}