{"NodeId":"nsu=http://opcfoundation.org/UA/Plc/Applications;s=FastRandomUIntScalar2","EndpointUrl":"opc.tcp://localhost:61457/UA/SampleServer","ApplicationUri":"urn:desktop-bgfjs91:OPCFoundation:CoreSampleServer","DisplayName":"nsu=http://opcfoundation.org/UA/Plc/Applications;s=FastRandomUIntScalar2","Timestamp":"2024-04-27T09:25:14.7941688Z","Value":{"Value":156609144,"SourceTimestamp":"2024-04-27T09:25:13.9888678Z","ServerTimestamp":"2024-04-27T09:25:14.7938923Z"},"SequenceNumber":276,"ExtensionFields":{}}