{"NodeId":"nsu=http://opcfoundation.org/UA/Plc/Applications;s=RandomSignedInt32","EndpointUrl":"opc.tcp://localhost:61457/UA/SampleServer","ApplicationUri":"urn:desktop-bgfjs91:OPCFoundation:CoreSampleServer","DisplayName":"nsu=http://opcfoundation.org/UA/Plc/Applications;s=RandomSignedInt32","Timestamp":"2024-04-27T09:25:04.7848616Z","Value":{"Value":124662932,"SourceTimestamp":"2024-04-27T09:25:04.7835222Z","ServerTimestamp":"2024-04-27T09:25:04.7846136Z"},"SequenceNumber":29,"ExtensionFields":{}}