{"NodeId":"nsu=http://opcfoundation.org/UA/Plc/Applications;s=FastRandomUIntScalar2","EndpointUrl":"opc.tcp://localhost:61457/UA/SampleServer","ApplicationUri":"urn:desktop-bgfjs91:OPCFoundation:CoreSampleServer","DisplayName":"nsu=http://opcfoundation.org/UA/Plc/Applications;s=FastRandomUIntScalar2","Timestamp":"2024-04-27T09:25:15.7838174Z","Value":{"Value":1911349969,"SourceTimestamp":"2024-04-27T09:25:14.9786538Z","ServerTimestamp":"2024-04-27T09:25:15.7835225Z"},"SequenceNumber":300,"ExtensionFields":{}}