{"NodeId":"nsu=http://opcfoundation.org/UA/Plc/Applications;s=FastRandomUIntScalar3","EndpointUrl":"opc.tcp://localhost:61457/UA/SampleServer","ApplicationUri":"urn:desktop-bgfjs91:OPCFoundation:CoreSampleServer","DisplayName":"nsu=http://opcfoundation.org/UA/Plc/Applications;s=FastRandomUIntScalar3","Timestamp":"2024-04-27T09:25:15.7838174Z","Value":{"Value":2533326635,"SourceTimestamp":"2024-04-27T09:25:14.9786562Z","ServerTimestamp":"2024-04-27T09:25:15.7835122Z"},"SequenceNumber":301,"ExtensionFields":{}}