{"NodeId":"nsu=http://opcfoundation.org/UA/Plc/Applications;s=RandomSignedInt32","EndpointUrl":"opc.tcp://localhost:61457/UA/SampleServer","ApplicationUri":"urn:desktop-bgfjs91:OPCFoundation:CoreSampleServer","DisplayName":"nsu=http://opcfoundation.org/UA/Plc/Applications;s=RandomSignedInt32","Timestamp":"2024-04-27T09:25:16.7920419Z","Value":{"Value":226219677,"SourceTimestamp":"2024-04-27T09:25:16.7908578Z","ServerTimestamp":"2024-04-27T09:25:16.791799Z"},"SequenceNumber":317,"ExtensionFields":{}}