{"NodeId":"nsu=http://opcfoundation.org/UA/Plc/Applications;s=FastRandomUIntScalar1","EndpointUrl":"opc.tcp://localhost:61457/UA/SampleServer","ApplicationUri":"urn:desktop-bgfjs91:OPCFoundation:CoreSampleServer","DisplayName":"nsu=http://opcfoundation.org/UA/Plc/Applications;s=FastRandomUIntScalar1","Timestamp":"2024-04-27T09:25:16.7920419Z","Value":{"Value":3324905567,"SourceTimestamp":"2024-04-27T09:25:15.9839544Z","ServerTimestamp":"2024-04-27T09:25:16.7917923Z"},"SequenceNumber":323,"ExtensionFields":{}}