{"NodeId":"nsu=http://opcfoundation.org/UA/Plc/Applications;s=BadSlowRandomUIntScalar1","EndpointUrl":"opc.tcp://localhost:61457/UA/SampleServer","ApplicationUri":"urn:desktop-bgfjs91:OPCFoundation:CoreSampleServer","DisplayName":"nsu=http://opcfoundation.org/UA/Plc/Applications;s=BadSlowRandomUIntScalar1","Timestamp":"2024-04-27T09:25:16.7920419Z","Value":{"Value":649226104,"SourceTimestamp":"2024-04-27T09:25:10.9824175Z","ServerTimestamp":"2024-04-27T09:25:16.7917942Z"},"SequenceNumber":335,"ExtensionFields":{}}