{"NodeId":"nsu=http://opcfoundation.org/UA/Plc/Applications;s=FastRandomUIntScalar1","EndpointUrl":"opc.tcp://localhost:61457/UA/SampleServer","ApplicationUri":"urn:desktop-bgfjs91:OPCFoundation:CoreSampleServer","DisplayName":"nsu=http://opcfoundation.org/UA/Plc/Applications;s=FastRandomUIntScalar1","Timestamp":"2024-04-27T09:25:04.7848616Z","Value":{"Value":3917787311,"SourceTimestamp":"2024-04-27T09:25:03.9823672Z","ServerTimestamp":"2024-04-27T09:25:04.7846064Z"},"SequenceNumber":35,"ExtensionFields":{}}