{"NodeId":"nsu=http://opcfoundation.org/UA/Plc/Applications;s=SlowRandomUIntScalar1","EndpointUrl":"opc.tcp://localhost:61457/UA/SampleServer","ApplicationUri":"urn:desktop-bgfjs91:OPCFoundation:CoreSampleServer","DisplayName":"nsu=http://opcfoundation.org/UA/Plc/Applications;s=SlowRandomUIntScalar1","Timestamp":"2024-04-27T09:25:17.7818851Z","Value":{"Value":2363520825,"SourceTimestamp":"2024-04-27T09:25:10.9824044Z","ServerTimestamp":"2024-04-27T09:25:17.7816169Z"},"SequenceNumber":356,"ExtensionFields":{}}