{"NodeId":"nsu=http://opcfoundation.org/UA/Plc/Applications;s=RandomSignedInt32","EndpointUrl":"opc.tcp://localhost:61457/UA/SampleServer","ApplicationUri":"urn:desktop-bgfjs91:OPCFoundation:CoreSampleServer","DisplayName":"nsu=http://opcfoundation.org/UA/Plc/Applications;s=RandomSignedInt32","Timestamp":"2024-04-27T09:25:18.7914631Z","Value":{"Value":-2104163132,"SourceTimestamp":"2024-04-27T09:25:18.790031Z","ServerTimestamp":"2024-04-27T09:25:18.7912067Z"},"SequenceNumber":365,"ExtensionFields":{}}