{"NodeId":"nsu=http://opcfoundation.org/UA/Plc/Applications;s=FastRandomUIntScalar3","EndpointUrl":"opc.tcp://localhost:61457/UA/SampleServer","ApplicationUri":"urn:desktop-bgfjs91:OPCFoundation:CoreSampleServer","DisplayName":"nsu=http://opcfoundation.org/UA/Plc/Applications;s=FastRandomUIntScalar3","Timestamp":"2024-04-27T09:25:18.7914631Z","Value":{"Value":2161797611,"SourceTimestamp":"2024-04-27T09:25:17.9823747Z","ServerTimestamp":"2024-04-27T09:25:18.7912055Z"},"SequenceNumber":373,"ExtensionFields":{}}