{"NodeId":"nsu=http://opcfoundation.org/UA/Plc/Applications;s=RandomSignedInt32","EndpointUrl":"opc.tcp://localhost:61457/UA/SampleServer","ApplicationUri":"urn:desktop-bgfjs91:OPCFoundation:CoreSampleServer","DisplayName":"nsu=http://opcfoundation.org/UA/Plc/Applications;s=RandomSignedInt32","Timestamp":"2024-04-27T09:25:19.7945388Z","Value":{"Value":687168687,"SourceTimestamp":"2024-04-27T09:25:19.7931281Z","ServerTimestamp":"2024-04-27T09:25:19.7942906Z"},"SequenceNumber":389,"ExtensionFields":{}}