{"NodeId":"nsu=http://opcfoundation.org/UA/Plc/Applications;s=FastRandomUIntScalar3","EndpointUrl":"opc.tcp://localhost:61457/UA/SampleServer","ApplicationUri":"urn:desktop-bgfjs91:OPCFoundation:CoreSampleServer","DisplayName":"nsu=http://opcfoundation.org/UA/Plc/Applications;s=FastRandomUIntScalar3","Timestamp":"2024-04-27T09:25:19.7945388Z","Value":{"Value":3664313714,"SourceTimestamp":"2024-04-27T09:25:18.9910923Z","ServerTimestamp":"2024-04-27T09:25:19.7942893Z"},"SequenceNumber":397,"ExtensionFields":{}}