{"NodeId":"nsu=http://opcfoundation.org/UA/Plc/Applications;s=SlowRandomUIntScalar1","EndpointUrl":"opc.tcp://localhost:61457/UA/SampleServer","ApplicationUri":"urn:desktop-bgfjs91:OPCFoundation:CoreSampleServer","DisplayName":"nsu=http://opcfoundation.org/UA/Plc/Applications;s=SlowRandomUIntScalar1","Timestamp":"2024-04-27T09:25:19.7945388Z","Value":{"Value":2363520825,"SourceTimestamp":"2024-04-27T09:25:10.9824044Z","ServerTimestamp":"2024-04-27T09:25:19.7942923Z"},"SequenceNumber":404,"ExtensionFields":{}}