{"NodeId":"nsu=http://opcfoundation.org/UA/Plc/Applications;s=FastRandomUIntScalar2","EndpointUrl":"opc.tcp://localhost:61457/UA/SampleServer","ApplicationUri":"urn:desktop-bgfjs91:OPCFoundation:CoreSampleServer","DisplayName":"nsu=http://opcfoundation.org/UA/Plc/Applications;s=FastRandomUIntScalar2","Timestamp":"2024-04-27T09:25:20.7869281Z","Value":{"Value":3615502117,"SourceTimestamp":"2024-04-27T09:25:19.9932862Z","ServerTimestamp":"2024-04-27T09:25:20.7866548Z"},"SequenceNumber":420,"ExtensionFields":{}}