{"NodeId":"nsu=http://opcfoundation.org/UA/Plc/Applications;s=SlowRandomUIntScalar3","EndpointUrl":"opc.tcp://localhost:61457/UA/SampleServer","ApplicationUri":"urn:desktop-bgfjs91:OPCFoundation:CoreSampleServer","DisplayName":"nsu=http://opcfoundation.org/UA/Plc/Applications;s=SlowRandomUIntScalar3","Timestamp":"2024-04-27T09:25:20.7869281Z","Value":{"Value":1291516813,"SourceTimestamp":"2024-04-27T09:25:10.982415Z","ServerTimestamp":"2024-04-27T09:25:20.7866496Z"},"SequenceNumber":430,"ExtensionFields":{}}