{"NodeId":"nsu=http://opcfoundation.org/UA/Plc/Applications;s=RandomSignedInt32","EndpointUrl":"opc.tcp://localhost:61457/UA/SampleServer","ApplicationUri":"urn:desktop-bgfjs91:OPCFoundation:CoreSampleServer","DisplayName":"nsu=http://opcfoundation.org/UA/Plc/Applications;s=RandomSignedInt32","Timestamp":"2024-04-27T09:25:21.7929745Z","Value":{"Value":-2100932329,"SourceTimestamp":"2024-04-27T09:25:21.7917935Z","ServerTimestamp":"2024-04-27T09:25:21.7927326Z"},"SequenceNumber":437,"ExtensionFields":{}}