{"NodeId":"nsu=http://opcfoundation.org/UA/Plc/Applications;s=FastRandomUIntScalar2","EndpointUrl":"opc.tcp://localhost:61457/UA/SampleServer","ApplicationUri":"urn:desktop-bgfjs91:OPCFoundation:CoreSampleServer","DisplayName":"nsu=http://opcfoundation.org/UA/Plc/Applications;s=FastRandomUIntScalar2","Timestamp":"2024-04-27T09:25:21.7929745Z","Value":{"Value":3900799104,"SourceTimestamp":"2024-04-27T09:25:20.988711Z","ServerTimestamp":"2024-04-27T09:25:21.7927406Z"},"SequenceNumber":444,"ExtensionFields":{}}