{"NodeId":"nsu=http://opcfoundation.org/UA/Plc/Applications;s=SlowRandomUIntScalar3","EndpointUrl":"opc.tcp://localhost:61457/UA/SampleServer","ApplicationUri":"urn:desktop-bgfjs91:OPCFoundation:CoreSampleServer","DisplayName":"nsu=http://opcfoundation.org/UA/Plc/Applications;s=SlowRandomUIntScalar3","Timestamp":"2024-04-27T09:25:21.7929745Z","Value":{"Value":1867561503,"SourceTimestamp":"2024-04-27T09:25:20.9886982Z","ServerTimestamp":"2024-04-27T09:25:21.7927357Z"},"SequenceNumber":454,"ExtensionFields":{}}