{"NodeId":"nsu=http://opcfoundation.org/UA/Plc/Applications;s=BadSlowRandomUIntScalar1","EndpointUrl":"opc.tcp://localhost:61457/UA/SampleServer","ApplicationUri":"urn:desktop-bgfjs91:OPCFoundation:CoreSampleServer","DisplayName":"nsu=http://opcfoundation.org/UA/Plc/Applications;s=BadSlowRandomUIntScalar1","Timestamp":"2024-04-27T09:25:21.7929745Z","Value":{"Value":2201981434,"SourceTimestamp":"2024-04-27T09:25:20.9887005Z","ServerTimestamp":"2024-04-27T09:25:21.7927281Z"},"SequenceNumber":455,"ExtensionFields":{}}