{"NodeId":"nsu=http://opcfoundation.org/UA/Plc/Applications;s=BadSlowRandomUIntScalar1","EndpointUrl":"opc.tcp://localhost:61457/UA/SampleServer","ApplicationUri":"urn:desktop-bgfjs91:OPCFoundation:CoreSampleServer","DisplayName":"nsu=http://opcfoundation.org/UA/Plc/Applications;s=BadSlowRandomUIntScalar1","Timestamp":"2024-04-27T09:25:04.7848616Z","Value":{"Value":0,"SourceTimestamp":"2024-04-27T09:25:00.9787185Z","ServerTimestamp":"2024-04-27T09:25:04.7846083Z"},"SequenceNumber":47,"ExtensionFields":{}}