{"NodeId":"nsu=http://opcfoundation.org/UA/Plc/Applications;s=SlowRandomUIntScalar1","EndpointUrl":"opc.tcp://localhost:61457/UA/SampleServer","ApplicationUri":"urn:desktop-bgfjs91:OPCFoundation:CoreSampleServer","DisplayName":"nsu=http://opcfoundation.org/UA/Plc/Applications;s=SlowRandomUIntScalar1","Timestamp":"2024-04-27T09:25:22.8135486Z","Value":{"Value":3593732555,"SourceTimestamp":"2024-04-27T09:25:20.988692Z","ServerTimestamp":"2024-04-27T09:25:22.7983943Z"},"SequenceNumber":476,"ExtensionFields":{}}