{"NodeId":"nsu=http://opcfoundation.org/UA/Plc/Applications;s=SlowRandomUIntScalar2","EndpointUrl":"opc.tcp://localhost:61457/UA/SampleServer","ApplicationUri":"urn:desktop-bgfjs91:OPCFoundation:CoreSampleServer","DisplayName":"nsu=http://opcfoundation.org/UA/Plc/Applications;s=SlowRandomUIntScalar2","Timestamp":"2024-04-27T09:25:22.8135486Z","Value":{"Value":846003199,"SourceTimestamp":"2024-04-27T09:25:20.9886969Z","ServerTimestamp":"2024-04-27T09:25:22.7983952Z"},"SequenceNumber":477,"ExtensionFields":{}}