{"NodeId":"nsu=http://opcfoundation.org/UA/Plc/Applications;s=SlowRandomUIntScalar3","EndpointUrl":"opc.tcp://localhost:61457/UA/SampleServer","ApplicationUri":"urn:desktop-bgfjs91:OPCFoundation:CoreSampleServer","DisplayName":"nsu=http://opcfoundation.org/UA/Plc/Applications;s=SlowRandomUIntScalar3","Timestamp":"2024-04-27T09:25:22.8135486Z","Value":{"Value":1867561503,"SourceTimestamp":"2024-04-27T09:25:20.9886982Z","ServerTimestamp":"2024-04-27T09:25:22.7983964Z"},"SequenceNumber":478,"ExtensionFields":{}}