{"NodeId":"nsu=http://opcfoundation.org/UA/Plc/Applications;s=RandomSignedInt32","EndpointUrl":"opc.tcp://localhost:61457/UA/SampleServer","ApplicationUri":"urn:desktop-bgfjs91:OPCFoundation:CoreSampleServer","DisplayName":"nsu=http://opcfoundation.org/UA/Plc/Applications;s=RandomSignedInt32","Timestamp":"2024-04-27T09:25:05.7944113Z","Value":{"Value":-2082877293,"SourceTimestamp":"2024-04-27T09:25:05.7932301Z","ServerTimestamp":"2024-04-27T09:25:05.7941668Z"},"SequenceNumber":53,"ExtensionFields":{}}