{"NodeId":"nsu=http://opcfoundation.org/UA/Plc/Applications;s=FastRandomUIntScalar3","EndpointUrl":"opc.tcp://localhost:61457/UA/SampleServer","ApplicationUri":"urn:desktop-bgfjs91:OPCFoundation:CoreSampleServer","DisplayName":"nsu=http://opcfoundation.org/UA/Plc/Applications;s=FastRandomUIntScalar3","Timestamp":"2024-04-27T09:25:05.7944113Z","Value":{"Value":3436250937,"SourceTimestamp":"2024-04-27T09:25:04.9850384Z","ServerTimestamp":"2024-04-27T09:25:05.7941652Z"},"SequenceNumber":61,"ExtensionFields":{}}